IQ,9,0,7,12.0,53.0,22.0,-55.0
IQ,9,0,8,26.0,46.0,35.0,-47.0
IQ,9,0,9,9.0,51.0,12.0,-55.0
IQ,9,0,10,9.0,-54.0,1.0,57.0
IQ,9,0,11,-49.0,-23.0,-57.0,12.0
IQ,9,0,12,-46.0,-34.0,-58.0,20.0
IQ,9,0,13,-32.0,-54.0,-40.0,51.0
IQ,9,0,14,63.0,24.0,68.0,-18.0
IQ,9,0,15,-18.0,-69.0,-14.0,76.0
IQ,9,0,16,47.0,65.0,41.0,-73.0
IQ,9,0,17,-51.0,66.0,-73.0,-50.0
IQ,9,0,18,-8.0,-91.0,35.0,86.0
IQ,9,0,19,97.0,4.0,73.0,-65.0
IQ,9,0,20,-26.0,-99.0,57.0,84.0
IQ,9,0,21,58.0,88.0,-46.0,-95.0
IQ,9,0,22,-16.0,-108.0,99.0,46.0
IQ,9,0,23,0.0,0.0,0.0,0.0
IQ,9,0,24,0.0,0.0,0.0,0.0
IQ,9,0,25,0.0,0.0,0.0,0.0
IQ,9,0,26,-74.0,-101.0,121.0,14.0
IQ,9,0,27,0.0,0.0,0.0,0.0
IQ,9,0,28,22.0,-132.0,53.0,-118.0
IQ,9,0,29,-68.0,-122.0,114.0,-71.0
IQ,9,0,30,-123.0,-75.0,135.0,-32.0
IQ,9,0,31,0.0,0.0,0.0,0.0
IQ,9,0,32,-1.0,156.0,24.0,145.0
IQ,9,0,33,126.0,101.0,-70.0,135.0
IQ,9,0,34,-69.0,149.0,136.0,70.0
IQ,9,0,35,59.0,158.0,77.0,134.0
IQ,9,0,36,0.0,0.0,0.0,0.0
IQ,9,0,37,0.0,0.0,0.0,0.0
IQ,9,0,38,163.0,-44.0,-20.0,152.0
IQ,9,0,39,-139.0,97.0,48.0,-146.0
IQ,9,0,40,165.0,13.0,89.0,123.0
IQ,9,0,41,0.0,0.0,0.0,0.0
IQ,9,0,42,-1.0,-164.0,-77.0,125.0
IQ,9,0,43,116.0,-113.0,65.0,131.0
IQ,9,0,44,-149.0,67.0,-120.0,-84.0
IQ,9,0,45,-81.0,138.0,-86.0,-111.0
IQ,9,0,46,-141.0,63.0,-137.0,-7.0
IQ,9,0,47,-145.0,50.0,-128.0,34.0
IQ,9,0,48,-117.0,-88.0,-26.0,125.0
IQ,9,0,49,-122.0,75.0,-117.0,36.0
IQ,9,0,50,-119.0,69.0,-105.0,53.0
IQ,9,0,51,-129.0,-38.0,1.0,116.0
IQ,9,0,52,-129.0,-17.0,-5.0,110.0
IQ,9,0,53,-39.0,121.0,-109.0,22.0
IQ,9,0,54,-118.0,-44.0,40.0,100.0
IQ,9,0,55,-122.0,23.0,-4.0,104.0
IQ,9,0,56,0.0,0.0,0.0,0.0
IQ,9,0,57,0.0,0.0,0.0,0.0
IQ,9,0,58,0.0,0.0,0.0,0.0
IQ,9,0,59,0.0,0.0,0.0,0.0
IQ,9,0,60,84.0,89.0,-105.0,-11.0
IQ,9,0,61,0.0,0.0,0.0,0.0
IQ,9,0,62,92.0,-101.0,-12.0,-111.0
IQ,9,0,63,0.0,0.0,0.0,0.0
IQ,9,0,64,-97.0,-111.0,110.0,-58.0
IQ,9,0,65,0.0,0.0,0.0,0.0
IQ,9,0,66,34.0,153.0,-40.0,136.0
IQ,9,0,67,-63.0,150.0,71.0,118.0
IQ,9,0,68,48.0,160.0,12.0,144.0
IQ,9,0,69,163.0,-64.0,-139.0,50.0
IQ,9,0,70,-162.0,79.0,145.0,-50.0
IQ,9,0,71,-144.0,115.0,144.0,-57.0
IQ,9,0,72,186.0,6.0,-48.0,153.0
IQ,9,0,73,52.0,182.0,153.0,52.0
IQ,9,0,74,87.0,-171.0,-124.0,106.0
IQ,9,0,75,189.0,-20.0,41.0,160.0
IQ,9,0,76,-105.0,156.0,40.0,-160.0
CS,9,0,1,4.099,5.146,3.393,18,815
IQ,10,0,2,43.0,52.0,77.0,-17.0
IQ,10,0,3,36.0,58.0,65.0,-28.0
IQ,10,0,4,-35.0,53.0,-11.0,-68.0
IQ,10,0,5,-37.0,48.0,-22.0,-64.0
IQ,10,0,6,-54.0,-25.0,-61.0,11.0
IQ,10,0,7,31.0,-48.0,18.0,57.0
IQ,10,0,8,-16.0,-52.0,-26.0,52.0
IQ,10,0,9,-22.0,46.0,-9.0,-57.0
IQ,10,0,10,-40.0,-36.0,-52.0,23.0
IQ,10,0,11,-56.0,-1.0,-56.0,-19.0
IQ,10,0,12,34.0,59.0,48.0,-38.0
IQ,10,0,13,52.0,-35.0,41.0,52.0
IQ,10,0,14,-22.0,66.0,-5.0,-73.0
IQ,10,0,15,38.0,64.0,45.0,-61.0
IQ,10,0,16,75.0,-25.0,77.0,26.0
IQ,10,0,17,0.0,0.0,0.0,0.0
IQ,10,0,18,0.0,0.0,0.0,0.0
IQ,10,0,19,0.0,0.0,0.0,0.0
IQ,10,0,20,73.0,-74.0,99.0,11.0
IQ,10,0,21,-13.0,-108.0,83.0,69.0
IQ,10,0,22,0.0,0.0,0.0,0.0
IQ,10,0,23,0.0,0.0,0.0,0.0
IQ,10,0,24,0.0,0.0,0.0,0.0
IQ,10,0,25,0.0,0.0,0.0,0.0
IQ,10,0,26,0.0,0.0,0.0,0.0
IQ,10,0,27,99.0,88.0,-118.0,-38.0
IQ,10,0,28,-18.0,-138.0,110.0,-69.0
IQ,10,0,29,0.0,0.0,0.0,0.0
IQ,10,0,30,96.0,-115.0,-28.0,-135.0
IQ,10,0,31,148.0,-48.0,-126.0,-72.0
IQ,10,0,32,0.0,0.0,0.0,0.0
IQ,10,0,33,0.0,0.0,0.0,0.0
IQ,10,0,34,-168.0,-29.0,126.0,-86.0
IQ,10,0,35,-113.0,133.0,160.0,15.0
IQ,10,0,36,164.0,-53.0,-126.0,92.0
IQ,10,0,37,111.0,141.0,88.0,127.0
IQ,10,0,38,35.0,-173.0,-155.0,17.0
IQ,10,0,39,0.0,0.0,0.0,0.0
IQ,10,0,40,0.0,0.0,0.0,0.0
IQ,10,0,41,0.0,0.0,0.0,0.0
IQ,10,0,42,0.0,0.0,0.0,0.0
IQ,10,0,43,0.0,0.0,0.0,0.0
IQ,10,0,44,104.0,129.0,122.0,-80.0
IQ,10,0,45,0.0,0.0,0.0,0.0
IQ,10,0,46,-25.0,-158.0,3.0,136.0
IQ,10,0,47,103.0,117.0,44.0,-123.0
IQ,10,0,48,-66.0,138.0,-101.0,-80.0
IQ,10,0,49,41.0,139.0,-49.0,-113.0
IQ,10,0,50,-128.0,65.0,-107.0,53.0
IQ,10,0,51,109.0,88.0,-24.0,-112.0
IQ,10,0,52,0.0,0.0,0.0,0.0
IQ,10,0,53,0.0,0.0,0.0,0.0
IQ,10,0,54,0.0,0.0,0.0,0.0
IQ,10,0,55,0.0,0.0,0.0,0.0
IQ,10,0,56,65.0,-111.0,90.0,-58.0
IQ,10,0,57,-15.0,126.0,-101.0,19.0
IQ,10,0,58,112.0,-54.0,13.0,-103.0
IQ,10,0,59,67.0,113.0,-103.0,-31.0
IQ,10,0,60,115.0,61.0,-88.0,-64.0
IQ,10,0,61,-134.0,26.0,33.0,103.0
IQ,10,0,62,83.0,-113.0,26.0,-110.0
IQ,10,0,63,148.0,3.0,-91.0,-74.0
IQ,10,0,64,102.0,114.0,-120.0,25.0
IQ,10,0,65,61.0,-148.0,-3.0,-127.0
IQ,10,0,66,-138.0,-89.0,125.0,-43.0
IQ,10,0,67,0.0,0.0,0.0,0.0
IQ,10,0,68,125.0,-124.0,-110.0,-92.0
IQ,10,0,69,177.0,45.0,-125.0,81.0
IQ,10,0,70,38.0,182.0,49.0,142.0
IQ,10,0,71,-154.0,115.0,151.0,-31.0
IQ,10,0,72,-198.0,-4.0,85.0,-134.0
IQ,10,0,73,195.0,-49.0,-80.0,139.0
IQ,10,0,74,-72.0,189.0,156.0,-45.0
IQ,10,0,75,-197.0,23.0,-6.0,-165.0
IQ,10,0,76,94.0,178.0,162.0,6.0
CS,10,0,1,4.198,5.245,0.217,18,52
IQ,11,0,2,67.0,22.0,72.0,25.0
IQ,11,0,3,63.0,-30.0,47.0,57.0
IQ,11,0,4,58.0,21.0,68.0,3.0
IQ,11,0,5,8.0,-60.0,-18.0,64.0
IQ,11,0,6,-15.0,-56.0,-31.0,54.0
IQ,11,0,7,3.0,55.0,16.0,-58.0
IQ,11,0,8,51.0,20.0,56.0,-4.0
IQ,11,0,9,41.0,-32.0,31.0,46.0
IQ,11,0,10,-36.0,-42.0,-49.0,31.0
IQ,11,0,11,-40.0,-40.0,-54.0,26.0
IQ,11,0,12,-58.0,-20.0,-63.0,-1.0
IQ,11,0,13,65.0,-4.0,61.0,22.0
IQ,11,0,14,27.0,62.0,41.0,-57.0
IQ,11,0,15,50.0,-56.0,45.0,60.0
IQ,11,0,16,31.0,74.0,35.0,-75.0
IQ,11,0,17,23.0,-80.0,39.0,68.0
IQ,11,0,18,-52.0,-79.0,-18.0,91.0
IQ,11,0,19,-88.0,43.0,-99.0,10.0
IQ,11,0,20,0.0,0.0,0.0,0.0
IQ,11,0,21,0.0,0.0,0.0,0.0
IQ,11,0,22,28.0,-111.0,106.0,16.0
IQ,11,0,23,0.0,0.0,0.0,0.0
IQ,11,0,24,0.0,0.0,0.0,0.0
IQ,11,0,25,0.0,0.0,0.0,0.0
IQ,11,0,26,68.0,109.0,-118.0,-23.0
IQ,11,0,27,80.0,-105.0,47.0,-118.0
IQ,11,0,28,14.0,-138.0,94.0,-92.0
IQ,11,0,29,-28.0,140.0,-61.0,119.0
IQ,11,0,30,0.0,0.0,0.0,0.0
IQ,11,0,31,0.0,0.0,0.0,0.0
IQ,11,0,32,-132.0,90.0,131.0,68.0
IQ,11,0,33,-128.0,105.0,141.0,60.0
IQ,11,0,34,156.0,-61.0,-154.0,22.0
IQ,11,0,35,-118.0,122.0,155.0,1.0
IQ,11,0,36,10.0,-173.0,-138.0,-69.0
IQ,11,0,37,89.0,-148.0,-151.0,36.0
IQ,11,0,38,-138.0,107.0,105.0,-112.0
IQ,11,0,39,8.0,172.0,151.0,-24.0
IQ,11,0,40,171.0,17.0,83.0,125.0
IQ,11,0,41,102.0,136.0,148.0,-10.0
IQ,11,0,42,165.0,45.0,132.0,67.0
IQ,11,0,43,-46.0,162.0,25.0,-143.0
IQ,11,0,44,159.0,48.0,142.0,-5.0
IQ,11,0,45,-142.0,-86.0,-123.0,67.0
IQ,11,0,46,93.0,128.0,67.0,-118.0
IQ,11,0,47,21.0,154.0,-35.0,-127.0
IQ,11,0,48,-132.0,-75.0,-59.0,114.0
IQ,11,0,49,-100.0,106.0,-124.0,-11.0
IQ,11,0,50,45.0,135.0,-67.0,-98.0
IQ,11,0,51,-121.0,64.0,-87.0,75.0
IQ,11,0,52,-72.0,-114.0,65.0,89.0
IQ,11,0,53,124.0,34.0,-7.0,-110.0
IQ,11,0,54,0.0,0.0,0.0,0.0
IQ,11,0,55,99.0,80.0,-66.0,-83.0
IQ,11,0,56,0.0,0.0,0.0,0.0
IQ,11,0,57,127.0,-19.0,-13.0,-102.0
IQ,11,0,58,4.0,126.0,-102.0,31.0
IQ,11,0,59,-17.0,127.0,-87.0,60.0
IQ,11,0,60,-87.0,-98.0,104.0,14.0
IQ,11,0,61,119.0,66.0,-102.0,-45.0
IQ,11,0,62,15.0,-140.0,75.0,-86.0
IQ,11,0,63,-103.0,101.0,22.0,113.0
IQ,11,0,64,150.0,-18.0,-92.0,-77.0
IQ,11,0,65,159.0,-17.0,-112.0,-60.0
IQ,11,0,66,-27.0,-164.0,57.0,-121.0
IQ,11,0,67,-141.0,-97.0,110.0,-87.0
IQ,11,0,68,-171.0,46.0,139.0,12.0
IQ,11,0,69,-105.0,-151.0,23.0,-146.0
IQ,11,0,70,-88.0,-168.0,-27.0,-148.0
IQ,11,0,71,-161.0,105.0,148.0,-43.0
IQ,11,0,72,-197.0,-3.0,83.0,-134.0
IQ,11,0,73,-10.0,200.0,157.0,36.0
IQ,11,0,74,188.0,-68.0,-54.0,154.0
IQ,11,0,75,175.0,-93.0,-46.0,157.0
IQ,11,0,76,185.0,80.0,124.0,106.0
CS,11,0,1,3.806,4.999,2.002,17,454
IQ,12,0,2,-71.0,-10.0,-58.0,-51.0
IQ,12,0,3,-44.0,53.0,0.0,-75.0
IQ,12,0,4,-7.0,62.0,26.0,-66.0
IQ,12,0,5,58.0,16.0,64.0,14.0
IQ,12,0,6,-59.0,-2.0,-58.0,-22.0
IQ,12,0,7,-30.0,48.0,-7.0,-60.0
IQ,12,0,8,-55.0,-2.0,-54.0,-18.0
IQ,12,0,9,0.0,0.0,0.0,0.0
IQ,12,0,10,-33.0,-41.0,-54.0,21.0
IQ,12,0,11,30.0,-50.0,1.0,57.0
IQ,12,0,12,32.0,-52.0,4.0,61.0
IQ,12,0,13,-38.0,-50.0,-60.0,29.0
IQ,12,0,14,55.0,41.0,68.0,-23.0
IQ,12,0,15,65.0,-26.0,64.0,41.0
IQ,12,0,16,49.0,65.0,57.0,-59.0
IQ,12,0,17,-82.0,28.0,-83.0,-26.0
IQ,12,0,18,67.0,-59.0,83.0,45.0
IQ,12,0,19,57.0,81.0,26.0,-92.0
IQ,12,0,20,-43.0,96.0,-83.0,-62.0
IQ,12,0,21,93.0,57.0,20.0,-104.0
IQ,12,0,22,-112.0,-10.0,-49.0,97.0
IQ,12,0,23,0.0,0.0,0.0,0.0
IQ,12,0,24,0.0,0.0,0.0,0.0
IQ,12,0,25,0.0,0.0,0.0,0.0
IQ,12,0,26,-120.0,49.0,-22.0,114.0
IQ,12,0,27,-132.0,16.0,29.0,122.0
IQ,12,0,28,-135.0,25.0,49.0,119.0
IQ,12,0,29,-104.0,100.0,13.0,136.0
IQ,12,0,30,-123.0,88.0,46.0,132.0
IQ,12,0,31,-101.0,-121.0,125.0,-70.0
IQ,12,0,32,14.0,-162.0,8.0,-150.0
IQ,12,0,33,-141.0,88.0,140.0,53.0
IQ,12,0,34,-169.0,-17.0,136.0,-73.0
IQ,12,0,35,48.0,-167.0,-127.0,-92.0
IQ,12,0,36,133.0,-111.0,-153.0,33.0
IQ,12,0,37,-157.0,76.0,120.0,-98.0
IQ,12,0,38,-15.0,-174.0,-153.0,-32.0
IQ,12,0,39,-162.0,65.0,59.0,-143.0
IQ,12,0,40,-170.0,-27.0,-67.0,-137.0
IQ,12,0,41,121.0,-121.0,-41.0,144.0
IQ,12,0,42,42.0,164.0,135.0,-62.0
IQ,12,0,43,39.0,-164.0,-58.0,132.0
IQ,12,0,44,60.0,-159.0,-22.0,143.0
IQ,12,0,45,-145.0,-81.0,-132.0,47.0
IQ,12,0,46,-155.0,-29.0,-133.0,28.0
IQ,12,0,47,-138.0,71.0,-129.0,-27.0
IQ,12,0,48,-31.0,147.0,-72.0,-106.0
IQ,12,0,49,-144.0,-33.0,-88.0,86.0
IQ,12,0,50,-140.0,-24.0,-69.0,97.0
IQ,12,0,51,131.0,44.0,39.0,-109.0
IQ,12,0,52,4.0,136.0,-94.0,-64.0
IQ,12,0,53,131.0,-16.0,54.0,-95.0
IQ,12,0,54,44.0,-122.0,107.0,-15.0
IQ,12,0,55,116.0,50.0,-27.0,-102.0
IQ,12,0,56,122.0,31.0,-19.0,-103.0
IQ,12,0,57,66.0,-110.0,88.0,-57.0
IQ,12,0,58,-19.0,129.0,-101.0,25.0
IQ,12,0,59,118.0,49.0,-61.0,-87.0
IQ,12,0,60,12.0,-131.0,98.0,-41.0
IQ,12,0,61,-124.0,-54.0,84.0,70.0
IQ,12,0,62,131.0,-54.0,-25.0,-110.0
IQ,12,0,63,-145.0,-20.0,85.0,81.0
IQ,12,0,64,-152.0,-4.0,93.0,80.0
IQ,12,0,65,-100.0,-122.0,119.0,-46.0
IQ,12,0,66,56.0,-153.0,8.0,-134.0
IQ,12,0,67,-173.0,24.0,128.0,52.0
IQ,12,0,68,70.0,-164.0,-53.0,-135.0
IQ,12,0,69,152.0,100.0,-99.0,110.0
IQ,12,0,70,-13.0,188.0,80.0,127.0
IQ,12,0,71,26.0,-191.0,-114.0,-104.0
IQ,12,0,72,162.0,111.0,-12.0,158.0
IQ,12,0,73,162.0,-114.0,-139.0,84.0
IQ,12,0,74,-115.0,-165.0,-110.0,-122.0
IQ,12,0,75,-39.0,198.0,160.0,-37.0
IQ,12,0,76,-195.0,48.0,-10.0,-163.0
CS,12,0,1,3.806,5.042,2.968,20,792
IQ,13,0,2,-37.0,92.0,10.0,-160.0
IQ,13,0,3,90.0,-30.0,119.0,94.0
IQ,13,0,4,-37.0,-80.0,-77.0,123.0
IQ,13,0,5,-81.0,-21.0,-135.0,21.0
IQ,13,0,6,-38.0,70.0,-53.0,-118.0
IQ,13,0,7,-5.0,76.0,-15.0,-121.0
IQ,13,0,8,-20.0,73.0,-25.0,-118.0
IQ,13,0,9,-39.0,58.0,-63.0,-95.0
IQ,13,0,10,73.0,11.0,116.0,-13.0
IQ,13,0,11,-53.0,57.0,-71.0,-96.0
IQ,13,0,12,22.0,-80.0,21.0,123.0
IQ,13,0,13,-59.0,67.0,-85.0,-106.0
IQ,13,0,14,36.0,88.0,42.0,-140.0
IQ,13,0,15,-75.0,-70.0,-95.0,125.0
IQ,13,0,16,46.0,-101.0,105.0,134.0
IQ,13,0,17,-83.0,86.0,-172.0,-59.0
IQ,13,0,18,-73.0,-109.0,1.0,189.0
IQ,13,0,19,-135.0,-4.0,-125.0,155.0
IQ,13,0,20,37.0,-139.0,196.0,65.0
IQ,13,0,21,83.0,123.0,-130.0,-172.0
IQ,13,0,22,-150.0,-38.0,25.0,221.0
IQ,13,0,23,0.0,0.0,0.0,0.0
IQ,13,0,24,0.0,0.0,0.0,0.0
IQ,13,0,25,0.0,0.0,0.0,0.0
IQ,13,0,26,-19.0,174.0,-188.0,165.0
IQ,13,0,27,-85.0,163.0,-66.0,252.0
IQ,13,0,28,124.0,140.0,-252.0,85.0
IQ,13,0,29,196.0,-18.0,-248.0,-112.0
IQ,13,0,30,0.0,0.0,0.0,0.0
IQ,13,0,31,42.0,212.0,-21.0,293.0
IQ,13,0,32,0.0,0.0,0.0,0.0
IQ,13,0,33,-212.0,88.0,301.0,-69.0
IQ,13,0,34,118.0,197.0,76.0,305.0
IQ,13,0,35,44.0,-234.0,-304.0,-93.0
IQ,13,0,36,0.0,0.0,0.0,0.0
IQ,13,0,37,58.0,231.0,316.0,56.0
IQ,13,0,38,-174.0,165.0,142.0,-285.0
IQ,13,0,39,0.0,0.0,0.0,0.0
IQ,13,0,40,0.0,0.0,0.0,0.0
IQ,13,0,41,0.0,0.0,0.0,0.0
IQ,13,0,42,0.0,0.0,0.0,0.0
IQ,13,0,43,-47.0,227.0,-25.0,-298.0
IQ,13,0,44,-17.0,224.0,-42.0,-289.0
IQ,13,0,45,-218.0,44.0,-284.0,43.0
IQ,13,0,46,-129.0,-177.0,-20.0,278.0
IQ,13,0,47,-178.0,-117.0,-58.0,264.0
IQ,13,0,48,-201.0,50.0,-200.0,171.0
IQ,13,0,49,81.0,181.0,-170.0,-187.0
IQ,13,0,50,169.0,-93.0,185.0,-163.0
IQ,13,0,51,-8.0,187.0,-236.0,-8.0
IQ,13,0,52,181.0,14.0,-31.0,-226.0
IQ,13,0,53,-1.0,180.0,-222.0,24.0
IQ,13,0,54,174.0,9.0,-61.0,-212.0
IQ,13,0,55,-35.0,168.0,-179.0,119.0
IQ,13,0,56,137.0,98.0,-197.0,-82.0
IQ,13,0,57,55.0,-160.0,120.0,-174.0
IQ,13,0,58,152.0,-73.0,-62.0,-204.0
IQ,13,0,59,173.0,-2.0,-158.0,-145.0
IQ,13,0,60,173.0,-38.0,-144.0,-163.0
IQ,13,0,61,-41.0,175.0,-78.0,208.0
IQ,13,0,62,105.0,156.0,-188.0,126.0
IQ,13,0,63,159.0,-110.0,-164.0,-173.0
IQ,13,0,64,0.0,0.0,0.0,0.0
IQ,13,0,65,0.0,0.0,0.0,0.0
IQ,13,0,66,129.0,-180.0,-197.0,-184.0
IQ,13,0,67,7.0,230.0,109.0,256.0
IQ,13,0,68,237.0,12.0,-228.0,177.0
IQ,13,0,69,-66.0,-239.0,-176.0,-241.0
IQ,13,0,70,-211.0,-135.0,-6.0,-308.0
IQ,13,0,71,210.0,147.0,97.0,300.0
IQ,13,0,72,0.0,-264.0,-321.0,-9.0
IQ,13,0,73,-37.0,263.0,305.0,-115.0
IQ,13,0,74,262.0,-62.0,98.0,316.0
IQ,13,0,75,119.0,-241.0,-152.0,294.0
IQ,13,0,76,-115.0,240.0,66.0,-322.0
CS,13,0,1,4.365,4.950,3.430,17,778
IQ,14,0,2,-62.0,-36.0,-77.0,3.0
IQ,14,0,3,-66.0,21.0,-57.0,-48.0
IQ,14,0,4,0.0,0.0,0.0,0.0
IQ,14,0,5,-58.0,-20.0,-65.0,12.0
IQ,14,0,6,58.0,11.0,59.0,-4.0
IQ,14,0,7,36.0,-45.0,38.0,45.0
IQ,14,0,8,-56.0,3.0,-58.0,-8.0
IQ,14,0,9,47.0,27.0,50.0,-25.0
IQ,14,0,10,54.0,14.0,56.0,-11.0
IQ,14,0,11,-51.0,-24.0,-58.0,13.0
IQ,14,0,12,-7.0,59.0,2.0,-62.0
IQ,14,0,13,64.0,15.0,66.0,-6.0
IQ,14,0,14,29.0,-63.0,26.0,68.0
IQ,14,0,15,-21.0,-72.0,-24.0,74.0
IQ,14,0,16,-40.0,69.0,-54.0,-64.0
IQ,14,0,17,82.0,-30.0,86.0,0.0
IQ,14,0,18,-80.0,54.0,-93.0,-15.0
IQ,14,0,19,-94.0,26.0,-86.0,42.0
IQ,14,0,20,-98.0,32.0,-87.0,58.0
IQ,14,0,21,-60.0,-91.0,54.0,91.0
IQ,14,0,22,108.0,-27.0,54.0,-93.0
IQ,14,0,23,0.0,0.0,0.0,0.0
IQ,14,0,24,0.0,0.0,0.0,0.0
IQ,14,0,25,0.0,0.0,0.0,0.0
IQ,14,0,26,0.0,0.0,0.0,0.0
IQ,14,0,27,-5.0,132.0,-97.0,79.0
IQ,14,0,28,51.0,-129.0,40.0,-123.0
IQ,14,0,29,-127.0,-68.0,134.0,6.0
IQ,14,0,30,147.0,19.0,-138.0,-12.0
IQ,14,0,31,73.0,137.0,-69.0,123.0
IQ,14,0,32,69.0,-146.0,-86.0,-122.0
IQ,14,0,33,104.0,-129.0,-136.0,-67.0
IQ,14,0,34,-142.0,-93.0,43.0,-149.0
IQ,14,0,35,-90.0,-148.0,-64.0,-142.0
IQ,14,0,36,50.0,-168.0,-159.0,-14.0
IQ,14,0,37,-136.0,111.0,107.0,-113.0
IQ,14,0,38,-125.0,122.0,89.0,-126.0
IQ,14,0,39,172.0,-4.0,46.0,146.0
IQ,14,0,40,170.0,26.0,101.0,114.0
IQ,14,0,41,0.0,0.0,0.0,0.0
IQ,14,0,42,-159.0,61.0,-93.0,-116.0
IQ,14,0,43,-71.0,-151.0,-97.0,107.0
IQ,14,0,44,131.0,-102.0,96.0,106.0
IQ,14,0,45,156.0,-41.0,137.0,27.0
IQ,14,0,46,-18.0,159.0,-58.0,-124.0
IQ,14,0,47,78.0,-135.0,110.0,70.0
IQ,14,0,48,-6.0,149.0,-83.0,-95.0
IQ,14,0,49,-148.0,5.0,-81.0,93.0
IQ,14,0,50,99.0,101.0,-40.0,-112.0
IQ,14,0,51,118.0,-67.0,86.0,-75.0
IQ,14,0,52,60.0,121.0,-86.0,-74.0
IQ,14,0,53,51.0,-121.0,105.0,-29.0
IQ,14,0,54,70.0,109.0,-93.0,-50.0
IQ,14,0,55,0.0,0.0,0.0,0.0
IQ,14,0,56,39.0,-120.0,86.0,-54.0
IQ,14,0,57,0.0,0.0,0.0,0.0
IQ,14,0,58,0.0,0.0,0.0,0.0
IQ,14,0,59,0.0,0.0,0.0,0.0
IQ,14,0,60,0.0,0.0,0.0,0.0
IQ,14,0,61,82.0,-107.0,17.0,-110.0
IQ,14,0,62,-37.0,-135.0,88.0,-74.0
IQ,14,0,63,-62.0,-133.0,102.0,-60.0
IQ,14,0,64,153.0,-6.0,-114.0,-48.0
IQ,14,0,65,-159.0,18.0,119.0,38.0
IQ,14,0,66,-117.0,118.0,92.0,96.0
IQ,14,0,67,-101.0,-141.0,66.0,-122.0
IQ,14,0,68,23.0,174.0,18.0,142.0
IQ,14,0,69,-14.0,-182.0,-68.0,-130.0
IQ,14,0,70,182.0,43.0,-81.0,126.0
IQ,14,0,71,65.0,-181.0,-151.0,-40.0
IQ,14,0,72,77.0,-180.0,-160.0,10.0
IQ,14,0,73,148.0,129.0,95.0,130.0
IQ,14,0,74,-181.0,84.0,43.0,-158.0
IQ,14,0,75,184.0,84.0,114.0,116.0
IQ,14,0,76,-145.0,140.0,19.0,-164.0
CS,14,0,1,4.099,5.199,2.294,18,551
IQ,15,0,2,67.0,-27.0,40.0,65.0
IQ,15,0,3,-6.0,66.0,35.0,-67.0
IQ,15,0,4,0.0,0.0,0.0,0.0
IQ,15,0,5,0.0,0.0,0.0,0.0
IQ,15,0,6,-51.0,32.0,-45.0,-46.0
IQ,15,0,7,-38.0,42.0,-33.0,-52.0
IQ,15,0,8,0.0,0.0,0.0,0.0
IQ,15,0,9,-48.0,25.0,-43.0,-40.0
IQ,15,0,10,0.0,0.0,0.0,0.0
IQ,15,0,11,-49.0,27.0,-40.0,-45.0
IQ,15,0,12,29.0,51.0,49.0,-40.0
IQ,15,0,13,0.0,0.0,0.0,0.0
IQ,15,0,14,0.0,0.0,0.0,0.0
IQ,15,0,15,-20.0,-73.0,-28.0,71.0
IQ,15,0,16,58.0,56.0,58.0,-58.0
IQ,15,0,17,-70.0,53.0,-78.0,-37.0
IQ,15,0,18,0.0,0.0,0.0,0.0
IQ,15,0,19,17.0,96.0,-34.0,-93.0
IQ,15,0,20,101.0,-26.0,87.0,-50.0
IQ,15,0,21,0.0,0.0,0.0,0.0
IQ,15,0,22,48.0,101.0,-77.0,-80.0
IQ,15,0,23,0.0,0.0,0.0,0.0
IQ,15,0,24,0.0,0.0,0.0,0.0
IQ,15,0,25,0.0,0.0,0.0,0.0
IQ,15,0,26,-61.0,-115.0,119.0,23.0
IQ,15,0,27,93.0,-93.0,29.0,-122.0
IQ,15,0,28,5.0,-138.0,90.0,-93.0
IQ,15,0,29,0.0,0.0,0.0,0.0
IQ,15,0,30,-133.0,-69.0,136.0,-10.0
IQ,15,0,31,-127.0,90.0,109.0,92.0
IQ,15,0,32,-156.0,-40.0,142.0,-45.0
IQ,15,0,33,-162.0,42.0,151.0,-7.0
IQ,15,0,34,-169.0,26.0,140.0,-62.0
IQ,15,0,35,-12.0,-173.0,-102.0,-115.0
IQ,15,0,36,-151.0,85.0,126.0,-88.0
IQ,15,0,37,-151.0,86.0,101.0,-116.0
IQ,15,0,38,-95.0,-149.0,-120.0,-98.0
IQ,15,0,39,-78.0,153.0,110.0,-107.0
IQ,15,0,40,133.0,-111.0,-33.0,146.0
IQ,15,0,41,-154.0,75.0,-42.0,-144.0
IQ,15,0,42,56.0,160.0,125.0,-79.0
IQ,15,0,43,149.0,79.0,146.0,-4.0
IQ,15,0,44,165.0,15.0,138.0,29.0
IQ,15,0,45,132.0,94.0,110.0,-85.0
IQ,15,0,46,96.0,-126.0,101.0,89.0
IQ,15,0,47,111.0,106.0,49.0,-123.0
IQ,15,0,48,-94.0,-116.0,-16.0,126.0
IQ,15,0,49,139.0,44.0,61.0,-107.0
IQ,15,0,50,131.0,53.0,36.0,-113.0
IQ,15,0,51,-78.0,111.0,-115.0,17.0
IQ,15,0,52,36.0,-128.0,111.0,17.0
IQ,15,0,53,122.0,-46.0,62.0,-90.0
IQ,15,0,54,-7.0,-128.0,103.0,23.0
IQ,15,0,55,-103.0,-77.0,66.0,82.0
IQ,15,0,56,128.0,3.0,-10.0,-104.0
IQ,15,0,57,-104.0,-70.0,67.0,78.0
IQ,15,0,58,128.0,11.0,-45.0,-94.0
IQ,15,0,59,-91.0,-94.0,99.0,34.0
IQ,15,0,60,66.0,111.0,-108.0,-9.0
IQ,15,0,61,27.0,-131.0,75.0,-81.0
IQ,15,0,62,73.0,-118.0,32.0,-109.0
IQ,15,0,63,-146.0,-13.0,97.0,66.0
IQ,15,0,64,-153.0,10.0,103.0,69.0
IQ,15,0,65,-124.0,102.0,57.0,114.0
IQ,15,0,66,-143.0,-84.0,123.0,-46.0
IQ,15,0,67,-79.0,152.0,64.0,121.0
IQ,15,0,68,160.0,75.0,-122.0,76.0
IQ,15,0,69,-168.0,-71.0,102.0,-105.0
IQ,15,0,70,-187.0,-5.0,123.0,-88.0
IQ,15,0,71,0.0,191.0,118.0,100.0
IQ,15,0,72,-28.0,190.0,148.0,57.0
IQ,15,0,73,29.0,198.0,150.0,58.0
IQ,15,0,74,-103.0,-173.0,-143.0,-81.0
IQ,15,0,75,-61.0,-192.0,-163.0,-17.0
IQ,15,0,76,-199.0,12.0,-78.0,-144.0
CS,15,0,1,3.513,5.166,4.047,19,1026
IQ,16,0,2,3.0,-73.0,-44.0,65.0
IQ,16,0,3,32.0,-59.0,-2.0,74.0
IQ,16,0,4,-2.0,-67.0,-25.0,64.0
IQ,16,0,5,0.0,62.0,21.0,-64.0
IQ,16,0,6,-57.0,9.0,-60.0,-24.0
IQ,16,0,7,52.0,-21.0,51.0,31.0
IQ,16,0,8,0.0,0.0,0.0,0.0
IQ,16,0,9,-6.0,-55.0,-19.0,54.0
IQ,16,0,10,0.0,0.0,0.0,0.0
IQ,16,0,11,-49.0,-28.0,-59.0,8.0
IQ,16,0,12,18.0,56.0,38.0,-49.0
IQ,16,0,13,47.0,-40.0,38.0,55.0
IQ,16,0,14,-27.0,-63.0,-41.0,57.0
IQ,16,0,15,74.0,1.0,74.0,13.0
IQ,16,0,16,-16.0,79.0,-17.0,-81.0
IQ,16,0,17,-71.0,53.0,-78.0,-40.0
IQ,16,0,18,93.0,-8.0,88.0,-27.0
IQ,16,0,19,72.0,-66.0,96.0,14.0
IQ,16,0,20,99.0,-27.0,91.0,-50.0
IQ,16,0,21,-31.0,-104.0,70.0,78.0
IQ,16,0,22,-113.0,-16.0,-31.0,105.0
IQ,16,0,23,0.0,0.0,0.0,0.0
IQ,16,0,24,0.0,0.0,0.0,0.0
IQ,16,0,25,0.0,0.0,0.0,0.0
IQ,16,0,26,-124.0,37.0,5.0,122.0
IQ,16,0,27,132.0,16.0,-85.0,-92.0
IQ,16,0,28,-134.0,-34.0,109.0,63.0
IQ,16,0,29,0.0,0.0,0.0,0.0
IQ,16,0,30,14.0,149.0,-61.0,128.0
IQ,16,0,31,38.0,149.0,-60.0,130.0
IQ,16,0,32,10.0,160.0,0.0,149.0
IQ,16,0,33,125.0,-111.0,-141.0,-61.0
IQ,16,0,34,-68.0,-157.0,-16.0,-153.0
IQ,16,0,35,-135.0,105.0,150.0,-36.0
IQ,16,0,36,-170.0,38.0,104.0,-118.0
IQ,16,0,37,-158.0,79.0,103.0,-118.0
IQ,16,0,38,-151.0,90.0,75.0,-135.0
IQ,16,0,39,-81.0,154.0,116.0,-99.0
IQ,16,0,40,118.0,124.0,140.0,49.0
IQ,16,0,41,-143.0,-90.0,-138.0,-54.0
IQ,16,0,42,162.0,49.0,135.0,59.0
IQ,16,0,43,87.0,141.0,127.0,-72.0
IQ,16,0,44,-100.0,-131.0,-103.0,98.0
IQ,16,0,45,-88.0,-136.0,-79.0,114.0
IQ,16,0,46,-55.0,-150.0,-28.0,134.0
IQ,16,0,47,29.0,151.0,-29.0,-128.0
IQ,16,0,48,-150.0,14.0,-118.0,54.0
IQ,16,0,49,67.0,-128.0,114.0,47.0
IQ,16,0,50,111.0,86.0,1.0,-120.0
IQ,16,0,51,105.0,85.0,-13.0,-113.0
IQ,16,0,52,0.0,0.0,0.0,0.0
IQ,16,0,53,-67.0,-115.0,77.0,76.0
IQ,16,0,54,48.0,118.0,-94.0,-47.0
IQ,16,0,55,0.0,0.0,0.0,0.0
IQ,16,0,56,0.0,0.0,0.0,0.0
IQ,16,0,57,0.0,0.0,0.0,0.0
IQ,16,0,58,0.0,0.0,0.0,0.0
IQ,16,0,59,-139.0,-1.0,49.0,92.0
IQ,16,0,60,0.0,0.0,0.0,0.0
IQ,16,0,61,0.0,0.0,0.0,0.0
IQ,16,0,62,0.0,0.0,0.0,0.0
IQ,16,0,63,0.0,0.0,0.0,0.0
IQ,16,0,64,0.0,0.0,0.0,0.0
IQ,16,0,65,0.0,0.0,0.0,0.0
IQ,16,0,66,77.0,143.0,-81.0,104.0
IQ,16,0,67,133.0,-108.0,-113.0,-81.0
IQ,16,0,68,0.0,0.0,0.0,0.0
IQ,16,0,69,-132.0,-128.0,56.0,-137.0
IQ,16,0,70,-85.0,168.0,125.0,89.0
IQ,16,0,71,162.0,-105.0,-150.0,41.0
IQ,16,0,72,-114.0,-159.0,-79.0,-139.0
IQ,16,0,73,-40.0,195.0,162.0,11.0
IQ,16,0,74,-124.0,156.0,130.0,-97.0
IQ,16,0,75,103.0,172.0,153.0,60.0
IQ,16,0,76,189.0,57.0,112.0,118.0
CS,16,0,1,4.099,5.342,1.252,17,284
IQ,17,0,2,-101.0,-138.0,-169.0,103.0
IQ,17,0,3,106.0,-123.0,67.0,175.0
IQ,17,0,4,-150.0,-24.0,-175.0,-6.0
IQ,17,0,5,130.0,-69.0,133.0,101.0
IQ,17,0,6,47.0,130.0,57.0,-149.0
IQ,17,0,7,126.0,41.0,143.0,-51.0
IQ,17,0,8,124.0,26.0,146.0,-19.0
IQ,17,0,9,71.0,-107.0,72.0,128.0
IQ,17,0,10,127.0,0.0,143.0,15.0
IQ,17,0,11,126.0,-39.0,140.0,52.0
IQ,17,0,12,-78.0,-122.0,-104.0,117.0
IQ,17,0,13,44.0,-144.0,44.0,160.0
IQ,17,0,14,155.0,-20.0,178.0,10.0
IQ,17,0,15,178.0,-9.0,195.0,-12.0
IQ,17,0,16,-37.0,192.0,-94.0,-185.0
IQ,17,0,17,-209.0,8.0,-205.0,85.0
IQ,17,0,18,-154.0,-156.0,-41.0,230.0
IQ,17,0,19,-235.0,-28.0,-165.0,188.0
IQ,17,0,20,-249.0,-34.0,-98.0,244.0
IQ,17,0,21,-30.0,256.0,-270.0,-35.0
IQ,17,0,22,-37.0,-266.0,269.0,74.0
IQ,17,0,23,0.0,0.0,0.0,0.0
IQ,17,0,24,0.0,0.0,0.0,0.0
IQ,17,0,25,0.0,0.0,0.0,0.0
IQ,17,0,26,0.0,0.0,0.0,0.0
IQ,17,0,27,309.0,-52.0,-181.0,-266.0
IQ,17,0,28,0.0,0.0,0.0,0.0
IQ,17,0,29,0.0,0.0,0.0,0.0
IQ,17,0,30,0.0,0.0,0.0,0.0
IQ,17,0,31,-27.0,372.0,82.0,353.0
IQ,17,0,32,135.0,355.0,-2.0,373.0
IQ,17,0,33,319.0,-230.0,-395.0,-20.0
IQ,17,0,34,292.0,-278.0,-395.0,42.0
IQ,17,0,35,406.0,-70.0,-251.0,310.0
IQ,17,0,36,-342.0,-235.0,-144.0,-372.0
IQ,17,0,37,-124.0,-398.0,-384.0,-105.0
IQ,17,0,38,0.0,0.0,0.0,0.0
IQ,17,0,39,-235.0,336.0,179.0,-347.0
IQ,17,0,40,-311.0,-261.0,-386.0,-34.0
IQ,17,0,41,0.0,0.0,0.0,0.0
IQ,17,0,42,-401.0,-14.0,-361.0,-107.0
IQ,17,0,43,-352.0,-181.0,-350.0,123.0
IQ,17,0,44,-258.0,-299.0,-209.0,298.0
IQ,17,0,45,64.0,377.0,-42.0,-353.0
IQ,17,0,46,-209.0,311.0,-303.0,-166.0
IQ,17,0,47,343.0,-119.0,314.0,-120.0
IQ,17,0,48,-355.0,28.0,-220.0,236.0
IQ,17,0,49,-292.0,-188.0,54.0,307.0
IQ,17,0,50,312.0,-111.0,183.0,-239.0
IQ,17,0,51,207.0,245.0,-205.0,-209.0
IQ,17,0,52,211.0,231.0,-222.0,-177.0
IQ,17,0,53,0.0,0.0,0.0,0.0
IQ,17,0,54,0.0,0.0,0.0,0.0
IQ,17,0,55,-259.0,147.0,-23.0,265.0
IQ,17,0,56,221.0,-196.0,60.0,-260.0
IQ,17,0,57,-253.0,-154.0,232.0,123.0
IQ,17,0,58,-296.0,-49.0,203.0,169.0
IQ,17,0,59,-77.0,-290.0,236.0,-125.0
IQ,17,0,60,121.0,282.0,-219.0,157.0
IQ,17,0,61,0.0,0.0,0.0,0.0
IQ,17,0,62,0.0,0.0,0.0,0.0
IQ,17,0,63,195.0,-279.0,-120.0,-275.0
IQ,17,0,64,82.0,-344.0,-9.0,-311.0
IQ,17,0,65,0.0,0.0,0.0,0.0
IQ,17,0,66,-62.0,383.0,127.0,313.0
IQ,17,0,67,0.0,0.0,0.0,0.0
IQ,17,0,68,-142.0,-388.0,-94.0,-347.0
IQ,17,0,69,426.0,26.0,-230.0,291.0
IQ,17,0,70,-195.0,391.0,384.0,13.0
IQ,17,0,71,-189.0,406.0,390.0,-49.0
IQ,17,0,72,-82.0,448.0,392.0,-68.0
IQ,17,0,73,-452.0,-100.0,-168.0,-375.0
IQ,17,0,74,393.0,254.0,341.0,229.0
IQ,17,0,75,467.0,19.0,282.0,297.0
IQ,17,0,76,34.0,-464.0,-212.0,351.0
CS,17,0,1,4.099,5.258,3.916,20,1045
IQ,18,0,2,-9.0,69.0,45.0,-64.0
IQ,18,0,3,65.0,-8.0,57.0,44.0
IQ,18,0,4,-57.0,-30.0,-70.0,0.0
IQ,18,0,5,0.0,-60.0,-23.0,60.0
IQ,18,0,6,-31.0,-51.0,-49.0,39.0
IQ,18,0,7,55.0,18.0,59.0,-4.0
IQ,18,0,8,-52.0,-20.0,-57.0,9.0
IQ,18,0,9,-26.0,48.0,-4.0,-57.0
IQ,18,0,10,12.0,-52.0,-12.0,58.0
IQ,18,0,11,-2.0,56.0,22.0,-55.0
IQ,18,0,12,17.0,58.0,41.0,-45.0
IQ,18,0,13,-13.0,61.0,12.0,-64.0
IQ,18,0,14,-69.0,-9.0,-69.0,-15.0
IQ,18,0,15,69.0,29.0,73.0,-20.0
IQ,18,0,16,-69.0,-45.0,-71.0,41.0
IQ,18,0,17,7.0,85.0,-2.0,-88.0
IQ,18,0,18,92.0,15.0,83.0,-41.0
IQ,18,0,19,-93.0,-39.0,-60.0,78.0
IQ,18,0,20,-68.0,79.0,-99.0,-22.0
IQ,18,0,21,101.0,40.0,30.0,-102.0
IQ,18,0,22,-78.0,82.0,-105.0,29.0
IQ,18,0,23,0.0,0.0,0.0,0.0
IQ,18,0,24,0.0,0.0,0.0,0.0
IQ,18,0,25,0.0,0.0,0.0,0.0
IQ,18,0,26,-18.0,127.0,-108.0,59.0
IQ,18,0,27,132.0,4.0,-65.0,-109.0
IQ,18,0,28,103.0,88.0,-128.0,-29.0
IQ,18,0,29,-144.0,-12.0,112.0,68.0
IQ,18,0,30,81.0,123.0,-121.0,71.0
IQ,18,0,31,-93.0,126.0,60.0,129.0
IQ,18,0,32,-124.0,99.0,107.0,98.0
IQ,18,0,33,90.0,-139.0,-110.0,-105.0
IQ,18,0,34,166.0,-31.0,-149.0,37.0
IQ,18,0,35,68.0,-160.0,-141.0,-68.0
IQ,18,0,36,160.0,66.0,-21.0,153.0
IQ,18,0,37,-32.0,-169.0,-129.0,-87.0
IQ,18,0,38,112.0,-132.0,-130.0,87.0
IQ,18,0,39,2.0,-173.0,-149.0,28.0
IQ,18,0,40,-95.0,-142.0,-146.0,-34.0
IQ,18,0,41,86.0,-147.0,-66.0,133.0
IQ,18,0,42,142.0,-92.0,37.0,142.0
IQ,18,0,43,-166.0,28.0,-110.0,-96.0
IQ,18,0,44,-155.0,-56.0,-143.0,-1.0
IQ,18,0,45,-29.0,-161.0,-33.0,136.0
IQ,18,0,46,154.0,-31.0,136.0,9.0
IQ,18,0,47,-151.0,42.0,-133.0,11.0
IQ,18,0,48,-53.0,-141.0,15.0,127.0
IQ,18,0,49,121.0,-78.0,121.0,-12.0
IQ,18,0,50,-69.0,-124.0,36.0,112.0
IQ,18,0,51,28.0,-134.0,110.0,35.0
IQ,18,0,52,125.0,43.0,13.0,-112.0
IQ,18,0,53,16.0,131.0,-95.0,-54.0
IQ,18,0,54,-82.0,100.0,-94.0,48.0
IQ,18,0,55,53.0,115.0,-92.0,-51.0
IQ,18,0,56,-64.0,111.0,-92.0,44.0
IQ,18,0,57,25.0,124.0,-100.0,5.0
IQ,18,0,58,122.0,-37.0,13.0,-104.0
IQ,18,0,59,-122.0,39.0,-5.0,105.0
IQ,18,0,60,-113.0,-71.0,89.0,56.0
IQ,18,0,61,121.0,55.0,-85.0,-67.0
IQ,18,0,62,-128.0,56.0,30.0,107.0
IQ,18,0,63,19.0,-144.0,75.0,-91.0
IQ,18,0,64,151.0,-8.0,-100.0,-70.0
IQ,18,0,65,5.0,158.0,-67.0,110.0
IQ,18,0,66,-68.0,-151.0,83.0,-104.0
IQ,18,0,67,-76.0,-154.0,66.0,-120.0
IQ,18,0,68,87.0,-155.0,-87.0,-116.0
IQ,18,0,69,150.0,-104.0,-144.0,-32.0
IQ,18,0,70,11.0,188.0,68.0,135.0
IQ,18,0,71,-90.0,170.0,149.0,47.0
IQ,18,0,72,-160.0,-116.0,-8.0,-159.0
IQ,18,0,73,-88.0,-179.0,-117.0,-114.0
IQ,18,0,74,-200.0,26.0,34.0,-160.0
IQ,18,0,75,199.0,29.0,51.0,155.0
IQ,18,0,76,-97.0,-176.0,-163.0,-19.0
CS,18,0,1,4.099,5.000,2.897,20,773
IQ,19,0,2,51.0,-49.0,17.0,75.0
IQ,19,0,3,-2.0,-67.0,-42.0,60.0
IQ,19,0,4,0.0,0.0,0.0,0.0
IQ,19,0,5,0.0,0.0,0.0,0.0
IQ,19,0,6,11.0,-58.0,-2.0,63.0
IQ,19,0,7,-55.0,5.0,-60.0,-15.0
IQ,19,0,8,-20.0,47.0,-8.0,-59.0
IQ,19,0,9,-40.0,-36.0,-51.0,24.0
IQ,19,0,10,-52.0,-3.0,-55.0,-13.0
IQ,19,0,11,-49.0,24.0,-47.0,-34.0
IQ,19,0,12,0.0,0.0,0.0,0.0
IQ,19,0,13,0.0,0.0,0.0,0.0
IQ,19,0,14,0.0,0.0,0.0,0.0
IQ,19,0,15,72.0,10.0,76.0,-11.0
IQ,19,0,16,-70.0,-38.0,-70.0,44.0
IQ,19,0,17,0.0,0.0,0.0,0.0
IQ,19,0,18,90.0,0.0,83.0,-39.0
IQ,19,0,19,-65.0,-72.0,-8.0,97.0
IQ,19,0,20,100.0,19.0,62.0,-83.0
IQ,19,0,21,111.0,7.0,60.0,-93.0
IQ,19,0,22,0.0,0.0,0.0,0.0
IQ,19,0,23,0.0,0.0,0.0,0.0
IQ,19,0,24,0.0,0.0,0.0,0.0
IQ,19,0,25,0.0,0.0,0.0,0.0
IQ,19,0,26,0.0,0.0,0.0,0.0
IQ,19,0,27,0.0,0.0,0.0,0.0
IQ,19,0,28,-34.0,130.0,-73.0,106.0
IQ,19,0,29,-139.0,19.0,107.0,81.0
IQ,19,0,30,119.0,-79.0,-90.0,-107.0
IQ,19,0,31,149.0,33.0,-143.0,20.0
IQ,19,0,32,-134.0,-82.0,122.0,-83.0
IQ,19,0,33,-80.0,-141.0,28.0,-149.0
IQ,19,0,34,153.0,56.0,-95.0,122.0
IQ,19,0,35,-9.0,-168.0,-111.0,-108.0
IQ,19,0,36,170.0,-15.0,-81.0,134.0
IQ,19,0,37,142.0,95.0,67.0,139.0
IQ,19,0,38,119.0,-120.0,-108.0,112.0
IQ,19,0,39,-118.0,-119.0,-133.0,-75.0
IQ,19,0,40,151.0,67.0,121.0,93.0
IQ,19,0,41,-48.0,159.0,81.0,-126.0
IQ,19,0,42,0.0,-165.0,-89.0,116.0
IQ,19,0,43,-156.0,47.0,-109.0,-95.0
IQ,19,0,44,15.0,159.0,38.0,-137.0
IQ,19,0,45,149.0,-52.0,133.0,38.0
IQ,19,0,46,138.0,62.0,106.0,-83.0
IQ,19,0,47,72.0,132.0,9.0,-130.0
IQ,19,0,48,145.0,8.0,95.0,-86.0
IQ,19,0,49,-57.0,128.0,-114.0,-44.0
IQ,19,0,50,-97.0,-97.0,31.0,111.0
IQ,19,0,51,125.0,44.0,2.0,-116.0
IQ,19,0,52,83.0,100.0,-63.0,-93.0
IQ,19,0,53,-85.0,-95.0,63.0,86.0
IQ,19,0,54,0.0,0.0,0.0,0.0
IQ,19,0,55,-41.0,-116.0,101.0,21.0
IQ,19,0,56,104.0,60.0,-70.0,-78.0
IQ,19,0,57,0.0,0.0,0.0,0.0
IQ,19,0,58,99.0,-71.0,26.0,-99.0
IQ,19,0,59,90.0,84.0,-100.0,-35.0
IQ,19,0,60,0.0,0.0,0.0,0.0
IQ,19,0,61,0.0,0.0,0.0,0.0
IQ,19,0,62,94.0,96.0,-112.0,6.0
IQ,19,0,63,-139.0,-15.0,106.0,49.0
IQ,19,0,64,103.0,-101.0,-44.0,-116.0
IQ,19,0,65,0.0,0.0,0.0,0.0
IQ,19,0,66,-143.0,66.0,118.0,63.0
IQ,19,0,67,159.0,39.0,-128.0,47.0
IQ,19,0,68,-167.0,-27.0,127.0,-67.0
IQ,19,0,69,-32.0,171.0,100.0,107.0
IQ,19,0,70,-180.0,9.0,109.0,-105.0
IQ,19,0,71,121.0,-138.0,-156.0,16.0
IQ,19,0,72,-79.0,-171.0,-99.0,-125.0
IQ,19,0,73,172.0,-82.0,-80.0,140.0
IQ,19,0,74,179.0,-65.0,-38.0,158.0
IQ,19,0,75,134.0,-137.0,-69.0,148.0
IQ,19,0,76,-145.0,123.0,19.0,-162.0
CS,19,0,1,3.806,5.229,1.499,15,300
IQ,20,0,2,-29.0,62.0,20.0,-77.0
IQ,20,0,3,-55.0,-41.0,-76.0,4.0
IQ,20,0,4,24.0,58.0,52.0,-46.0
IQ,20,0,5,-3.0,61.0,20.0,-62.0
IQ,20,0,6,-56.0,11.0,-55.0,-32.0
IQ,20,0,7,-15.0,52.0,0.0,-59.0
IQ,20,0,8,37.0,38.0,53.0,-26.0
IQ,20,0,9,29.0,-47.0,14.0,56.0
IQ,20,0,10,34.0,37.0,50.0,-22.0
IQ,20,0,11,-33.0,-46.0,-50.0,34.0
IQ,20,0,12,-27.0,-51.0,-48.0,38.0
IQ,20,0,13,-14.0,63.0,8.0,-66.0
IQ,20,0,14,-33.0,62.0,-21.0,-69.0
IQ,20,0,15,16.0,72.0,26.0,-72.0
IQ,20,0,16,75.0,-26.0,76.0,29.0
IQ,20,0,17,-76.0,42.0,-80.0,-35.0
IQ,20,0,18,72.0,56.0,56.0,-74.0
IQ,20,0,19,43.0,87.0,-4.0,-97.0
IQ,20,0,20,-39.0,95.0,-83.0,-56.0
IQ,20,0,21,-90.0,55.0,-98.0,41.0
IQ,20,0,22,-103.0,41.0,-83.0,74.0
IQ,20,0,23,0.0,0.0,0.0,0.0
IQ,20,0,24,0.0,0.0,0.0,0.0
IQ,20,0,25,0.0,0.0,0.0,0.0
IQ,20,0,26,-119.0,-41.0,74.0,97.0
IQ,20,0,27,-14.0,130.0,-101.0,72.0
IQ,20,0,28,-108.0,-83.0,124.0,32.0
IQ,20,0,29,31.0,138.0,-108.0,82.0
IQ,20,0,30,-37.0,142.0,-36.0,135.0
IQ,20,0,31,-147.0,-37.0,143.0,-11.0
IQ,20,0,32,96.0,123.0,-84.0,120.0
IQ,20,0,33,86.0,134.0,-47.0,144.0
IQ,20,0,34,122.0,112.0,-59.0,141.0
IQ,20,0,35,92.0,139.0,43.0,148.0
IQ,20,0,36,124.0,115.0,45.0,150.0
IQ,20,0,37,-40.0,164.0,153.0,12.0
IQ,20,0,38,133.0,108.0,89.0,127.0
IQ,20,0,39,165.0,-39.0,0.0,153.0
IQ,20,0,40,0.0,0.0,0.0,0.0
IQ,20,0,41,-163.0,-35.0,-112.0,-103.0
IQ,20,0,42,-156.0,62.0,-61.0,-134.0
IQ,20,0,43,117.0,115.0,143.0,-34.0
IQ,20,0,44,151.0,-49.0,116.0,80.0
IQ,20,0,45,97.0,-125.0,82.0,112.0
IQ,20,0,46,140.0,-65.0,130.0,35.0
IQ,20,0,47,55.0,138.0,-9.0,-130.0
IQ,20,0,48,89.0,116.0,13.0,-126.0
IQ,20,0,49,0.0,0.0,0.0,0.0
IQ,20,0,50,-105.0,85.0,-118.0,22.0
IQ,20,0,51,30.0,130.0,-88.0,-75.0
IQ,20,0,52,51.0,-119.0,110.0,-5.0
IQ,20,0,53,44.0,118.0,-94.0,-56.0
IQ,20,0,54,83.0,-89.0,86.0,-62.0
IQ,20,0,55,-15.0,-122.0,105.0,14.0
IQ,20,0,56,0.0,0.0,0.0,0.0
IQ,20,0,57,-120.0,-3.0,19.0,100.0
IQ,20,0,58,107.0,60.0,-69.0,-75.0
IQ,20,0,59,29.0,-120.0,82.0,-64.0
IQ,20,0,60,126.0,-15.0,-45.0,-96.0
IQ,20,0,61,59.0,114.0,-110.0,10.0
IQ,20,0,62,-124.0,50.0,33.0,109.0
IQ,20,0,63,139.0,-14.0,-82.0,-84.0
IQ,20,0,64,-42.0,139.0,-31.0,117.0
IQ,20,0,65,-150.0,-16.0,126.0,29.0
IQ,20,0,66,-4.0,-158.0,40.0,-127.0
IQ,20,0,67,-33.0,160.0,25.0,135.0
IQ,20,0,68,-63.0,157.0,79.0,119.0
IQ,20,0,69,-8.0,174.0,63.0,132.0
IQ,20,0,70,-107.0,143.0,142.0,46.0
IQ,20,0,71,115.0,-142.0,-155.0,-4.0
IQ,20,0,72,-181.0,48.0,120.0,-107.0
IQ,20,0,73,-177.0,-71.0,-22.0,-162.0
IQ,20,0,74,101.0,-162.0,-141.0,84.0
IQ,20,0,75,-66.0,180.0,141.0,-87.0
IQ,20,0,76,174.0,-74.0,15.0,162.0
CS,20,0,1,4.099,5.196,3.264,22,958
IQ,21,0,2,-28.0,-96.0,-62.0,48.0
IQ,21,0,3,-65.0,69.0,-22.0,-71.0
IQ,21,0,4,73.0,53.0,66.0,-22.0
IQ,21,0,5,18.0,-83.0,4.0,66.0
IQ,21,0,6,-46.0,-67.0,-43.0,45.0
IQ,21,0,7,77.0,10.0,60.0,-4.0
IQ,21,0,8,72.0,14.0,58.0,0.0
IQ,21,0,9,-64.0,38.0,-46.0,-33.0
IQ,21,0,10,-76.0,-8.0,-57.0,-9.0
IQ,21,0,11,-56.0,53.0,-33.0,-49.0
IQ,21,0,12,-39.0,-73.0,-41.0,46.0
IQ,21,0,13,-78.0,-47.0,-63.0,22.0
IQ,21,0,14,-92.0,-29.0,-70.0,12.0
IQ,21,0,15,-35.0,-97.0,-22.0,74.0
IQ,21,0,16,107.0,33.0,71.0,-37.0
IQ,21,0,17,88.0,-80.0,79.0,36.0
IQ,21,0,18,-34.0,123.0,-66.0,-67.0
IQ,21,0,19,-77.0,-111.0,12.0,98.0
IQ,21,0,20,-71.0,-125.0,30.0,98.0
IQ,21,0,21,105.0,-107.0,101.0,-31.0
IQ,21,0,22,36.0,-150.0,109.0,9.0
IQ,21,0,23,0.0,0.0,0.0,0.0
IQ,21,0,24,0.0,0.0,0.0,0.0
IQ,21,0,25,0.0,0.0,0.0,0.0
IQ,21,0,26,-156.0,82.0,-1.0,121.0
IQ,21,0,27,39.0,-179.0,75.0,-100.0
IQ,21,0,28,-186.0,-33.0,116.0,63.0
IQ,21,0,29,0.0,0.0,0.0,0.0
IQ,21,0,30,203.0,21.0,-139.0,-18.0
IQ,21,0,31,212.0,24.0,-145.0,11.0
IQ,21,0,32,63.0,-215.0,-67.0,-134.0
IQ,21,0,33,202.0,96.0,-96.0,118.0
IQ,21,0,34,208.0,-109.0,-153.0,26.0
IQ,21,0,35,98.0,214.0,75.0,137.0
IQ,21,0,36,-5.0,237.0,148.0,51.0
IQ,21,0,37,161.0,178.0,106.0,112.0
IQ,21,0,38,210.0,-113.0,-54.0,145.0
IQ,21,0,39,207.0,-115.0,-9.0,154.0
IQ,21,0,40,-25.0,234.0,116.0,-98.0
IQ,21,0,41,-228.0,50.0,-79.0,-127.0
IQ,21,0,42,-230.0,-23.0,-125.0,-76.0
IQ,21,0,43,-149.0,172.0,-58.0,-133.0
IQ,21,0,44,109.0,196.0,73.0,-123.0
IQ,21,0,45,-222.0,15.0,-138.0,11.0
IQ,21,0,46,-75.0,203.0,-86.0,-105.0
IQ,21,0,47,211.0,9.0,109.0,-71.0
IQ,21,0,48,-196.0,-59.0,-66.0,110.0
IQ,21,0,49,-196.0,37.0,-87.0,86.0
IQ,21,0,50,190.0,-14.0,59.0,-103.0
IQ,21,0,51,172.0,71.0,-13.0,-116.0
IQ,21,0,52,0.0,0.0,0.0,0.0
IQ,21,0,53,-171.0,54.0,-45.0,98.0
IQ,21,0,54,-177.0,7.0,5.0,106.0
IQ,21,0,55,0.0,0.0,0.0,0.0
IQ,21,0,56,0.0,0.0,0.0,0.0
IQ,21,0,57,0.0,0.0,0.0,0.0
IQ,21,0,58,0.0,0.0,0.0,0.0
IQ,21,0,59,0.0,0.0,0.0,0.0
IQ,21,0,60,0.0,0.0,0.0,0.0
IQ,21,0,61,0.0,0.0,0.0,0.0
IQ,21,0,62,0.0,0.0,0.0,0.0
IQ,21,0,63,0.0,0.0,0.0,0.0
IQ,21,0,64,0.0,0.0,0.0,0.0
IQ,21,0,65,0.0,0.0,0.0,0.0
IQ,21,0,66,-229.0,-9.0,140.0,-4.0
IQ,21,0,67,0.0,0.0,0.0,0.0
IQ,21,0,68,237.0,-7.0,-132.0,54.0
IQ,21,0,69,68.0,236.0,55.0,136.0
IQ,21,0,70,-230.0,107.0,141.0,-56.0
IQ,21,0,71,99.0,-239.0,-155.0,-25.0
IQ,21,0,72,-176.0,198.0,150.0,-58.0
IQ,21,0,73,-76.0,257.0,160.0,-29.0
IQ,21,0,74,203.0,180.0,130.0,99.0
IQ,21,0,75,107.0,246.0,164.0,-2.0
IQ,21,0,76,-118.0,-241.0,-158.0,41.0
CS,21,0,1,4.099,5.427,2.998,16,640
IQ,22,0,2,68.0,5.0,68.0,35.0
IQ,22,0,3,12.0,66.0,41.0,-62.0
IQ,22,0,4,-44.0,46.0,-32.0,-64.0
IQ,22,0,5,23.0,-58.0,12.0,65.0
IQ,22,0,6,28.0,48.0,39.0,-48.0
IQ,22,0,7,8.0,55.0,13.0,-59.0
IQ,22,0,8,42.0,30.0,52.0,-25.0
IQ,22,0,9,0.0,0.0,0.0,0.0
IQ,22,0,10,50.0,-24.0,47.0,29.0
IQ,22,0,11,52.0,16.0,59.0,-10.0
IQ,22,0,12,29.0,-47.0,28.0,55.0
IQ,22,0,13,35.0,-53.0,29.0,59.0
IQ,22,0,14,30.0,-61.0,24.0,66.0
IQ,22,0,15,-22.0,-69.0,-16.0,73.0
IQ,22,0,16,48.0,64.0,32.0,-77.0
IQ,22,0,17,17.0,-83.0,49.0,73.0
IQ,22,0,18,-64.0,67.0,-88.0,-37.0
IQ,22,0,19,-92.0,26.0,-86.0,46.0
IQ,22,0,20,0.0,0.0,0.0,0.0
IQ,22,0,21,87.0,62.0,-18.0,-105.0
IQ,22,0,22,-54.0,-96.0,77.0,78.0
IQ,22,0,23,0.0,0.0,0.0,0.0
IQ,22,0,24,0.0,0.0,0.0,0.0
IQ,22,0,25,0.0,0.0,0.0,0.0
IQ,22,0,26,125.0,-13.0,-47.0,-113.0
IQ,22,0,27,75.0,104.0,-123.0,24.0
IQ,22,0,28,68.0,-119.0,22.0,-129.0
IQ,22,0,29,109.0,-87.0,-54.0,-121.0
IQ,22,0,30,142.0,24.0,-138.0,-11.0
IQ,22,0,31,-151.0,-25.0,139.0,-31.0
IQ,22,0,32,-55.0,-147.0,23.0,-146.0
IQ,22,0,33,0.0,0.0,0.0,0.0
IQ,22,0,34,-97.0,-136.0,-8.0,-153.0
IQ,22,0,35,0.0,170.0,129.0,88.0
IQ,22,0,36,108.0,131.0,81.0,134.0
IQ,22,0,37,168.0,2.0,-9.0,156.0
IQ,22,0,38,118.0,-122.0,-86.0,128.0
IQ,22,0,39,168.0,10.0,62.0,139.0
IQ,22,0,40,163.0,-39.0,59.0,138.0
IQ,22,0,41,74.0,146.0,138.0,-58.0
IQ,22,0,42,-106.0,-125.0,-137.0,53.0
IQ,22,0,43,-69.0,-146.0,-86.0,116.0
IQ,22,0,44,102.0,124.0,96.0,-102.0
IQ,22,0,45,-44.0,-151.0,-20.0,137.0
IQ,22,0,46,140.0,-60.0,133.0,5.0
IQ,22,0,47,-94.0,-118.0,-9.0,130.0
IQ,22,0,48,-129.0,-66.0,-26.0,123.0
IQ,22,0,49,-133.0,43.0,-96.0,76.0
IQ,22,0,50,-137.0,7.0,-52.0,107.0
IQ,22,0,51,-125.0,44.0,-66.0,96.0
IQ,22,0,52,0.0,0.0,0.0,0.0
IQ,22,0,53,0.0,0.0,0.0,0.0
IQ,22,0,54,0.0,0.0,0.0,0.0
IQ,22,0,55,0.0,0.0,0.0,0.0
IQ,22,0,56,0.0,0.0,0.0,0.0
IQ,22,0,57,0.0,0.0,0.0,0.0
IQ,22,0,58,0.0,0.0,0.0,0.0
IQ,22,0,59,0.0,0.0,0.0,0.0
IQ,22,0,60,0.0,0.0,0.0,0.0
IQ,22,0,61,0.0,0.0,0.0,0.0
IQ,22,0,62,0.0,0.0,0.0,0.0
IQ,22,0,63,0.0,0.0,0.0,0.0
IQ,22,0,64,0.0,0.0,0.0,0.0
IQ,22,0,65,0.0,0.0,0.0,0.0
IQ,22,0,66,0.0,0.0,0.0,0.0
IQ,22,0,67,0.0,0.0,0.0,0.0
IQ,22,0,68,145.0,74.0,-83.0,114.0
IQ,22,0,69,-175.0,-18.0,105.0,-104.0
IQ,22,0,70,137.0,-115.0,-151.0,18.0
IQ,22,0,71,175.0,-50.0,-112.0,109.0
IQ,22,0,72,96.0,-162.0,-153.0,47.0
IQ,22,0,73,-121.0,145.0,114.0,-113.0
IQ,22,0,74,102.0,-162.0,-122.0,109.0
IQ,22,0,75,132.0,136.0,157.0,48.0
IQ,22,0,76,-190.0,-1.0,-110.0,-121.0
CS,22,0,1,4.099,5.410,3.031,18,728
IQ,23,0,2,71.0,-1.0,61.0,47.0
IQ,23,0,3,62.0,-26.0,46.0,54.0
IQ,23,0,4,61.0,8.0,66.0,16.0
IQ,23,0,5,44.0,-42.0,36.0,54.0
IQ,23,0,6,0.0,0.0,0.0,0.0
IQ,23,0,7,53.0,-24.0,48.0,33.0
IQ,23,0,8,41.0,-33.0,36.0,46.0
IQ,23,0,9,-21.0,-48.0,-31.0,49.0
IQ,23,0,10,-26.0,49.0,-13.0,-56.0
IQ,23,0,11,-49.0,-26.0,-59.0,10.0
IQ,23,0,12,-59.0,6.0,-57.0,-25.0
IQ,23,0,13,20.0,-59.0,8.0,66.0
IQ,23,0,14,-57.0,-35.0,-65.0,27.0
IQ,23,0,15,-14.0,-72.0,-11.0,75.0
IQ,23,0,16,17.0,77.0,7.0,-83.0
IQ,23,0,17,0.0,0.0,0.0,0.0
IQ,23,0,18,50.0,-77.0,77.0,50.0
IQ,23,0,19,0.0,0.0,0.0,0.0
IQ,23,0,20,0.0,0.0,0.0,0.0
IQ,23,0,21,0.0,0.0,0.0,0.0
IQ,23,0,22,110.0,-8.0,37.0,-103.0
IQ,23,0,23,0.0,0.0,0.0,0.0
IQ,23,0,24,0.0,0.0,0.0,0.0
IQ,23,0,25,0.0,0.0,0.0,0.0
IQ,23,0,26,0.0,0.0,0.0,0.0
IQ,23,0,27,0.0,0.0,0.0,0.0
IQ,23,0,28,0.0,0.0,0.0,0.0
IQ,23,0,29,0.0,0.0,0.0,0.0
IQ,23,0,30,33.0,145.0,-58.0,127.0
IQ,23,0,31,0.0,0.0,0.0,0.0
IQ,23,0,32,0.0,0.0,0.0,0.0
IQ,23,0,33,-55.0,151.0,105.0,109.0
IQ,23,0,34,-162.0,34.0,137.0,-70.0
IQ,23,0,35,-76.0,150.0,152.0,30.0
IQ,23,0,36,-66.0,157.0,158.0,2.0
IQ,23,0,37,160.0,52.0,20.0,154.0
IQ,23,0,38,114.0,124.0,117.0,103.0
IQ,23,0,39,41.0,163.0,152.0,-11.0
IQ,23,0,40,18.0,164.0,136.0,-65.0
IQ,23,0,41,-162.0,41.0,-74.0,-131.0
IQ,23,0,42,93.0,-133.0,-1.0,147.0
IQ,23,0,43,-69.0,-148.0,-104.0,99.0
IQ,23,0,44,31.0,-159.0,-5.0,143.0
IQ,23,0,45,-93.0,-126.0,-62.0,123.0
IQ,23,0,46,-23.0,151.0,-67.0,-118.0
IQ,23,0,47,142.0,47.0,84.0,-102.0
IQ,23,0,48,124.0,73.0,37.0,-122.0
IQ,23,0,49,93.0,105.0,-15.0,-122.0
IQ,23,0,50,-128.0,-51.0,-6.0,116.0
IQ,23,0,51,28.0,-130.0,114.0,11.0
IQ,23,0,52,17.0,-127.0,110.0,17.0
IQ,23,0,53,18.0,124.0,-105.0,-32.0
IQ,23,0,54,-15.0,122.0,-107.0,2.0
IQ,23,0,55,-87.0,83.0,-65.0,81.0
IQ,23,0,56,-103.0,68.0,-40.0,94.0
IQ,23,0,57,-19.0,-121.0,100.0,-24.0
IQ,23,0,58,-120.0,19.0,28.0,101.0
IQ,23,0,59,112.0,-57.0,-6.0,-103.0
IQ,23,0,60,7.0,126.0,-88.0,58.0
IQ,23,0,61,23.0,128.0,-88.0,60.0
IQ,23,0,62,78.0,106.0,-107.0,28.0
IQ,23,0,63,-91.0,106.0,23.0,114.0
IQ,23,0,64,65.0,130.0,-91.0,78.0
IQ,23,0,65,-116.0,-100.0,112.0,-58.0
IQ,23,0,66,59.0,147.0,-56.0,120.0
IQ,23,0,67,78.0,-145.0,-78.0,-113.0
IQ,23,0,68,122.0,117.0,-65.0,128.0
IQ,23,0,69,-171.0,-31.0,111.0,-96.0
IQ,23,0,70,177.0,27.0,-90.0,124.0
IQ,23,0,71,105.0,-152.0,-156.0,8.0
IQ,23,0,72,-164.0,90.0,123.0,-102.0
IQ,23,0,73,-131.0,140.0,126.0,-101.0
IQ,23,0,74,-75.0,-176.0,-164.0,-31.0
IQ,23,0,75,-34.0,188.0,139.0,-89.0
IQ,23,0,76,-156.0,109.0,9.0,-164.0
CS,23,0,1,2.928,4.961,1.945,19,493
IQ,24,0,2,-32.0,-64.0,-72.0,30.0
IQ,24,0,3,2.0,69.0,34.0,-67.0
IQ,24,0,4,-42.0,-51.0,-64.0,23.0
IQ,24,0,5,53.0,27.0,64.0,-9.0
IQ,24,0,6,-56.0,13.0,-55.0,-31.0
IQ,24,0,7,43.0,35.0,52.0,-28.0
IQ,24,0,8,-55.0,13.0,-54.0,-24.0
IQ,24,0,9,-19.0,51.0,-5.0,-58.0
IQ,24,0,10,-31.0,-44.0,-45.0,37.0
IQ,24,0,11,-39.0,43.0,-23.0,-55.0
IQ,24,0,12,58.0,-6.0,54.0,28.0
IQ,24,0,13,-10.0,64.0,9.0,-67.0
IQ,24,0,14,34.0,58.0,45.0,-54.0
IQ,24,0,15,2.0,76.0,16.0,-77.0
IQ,24,0,16,-79.0,-11.0,-82.0,5.0
IQ,24,0,17,48.0,74.0,38.0,-80.0
IQ,24,0,18,68.0,63.0,40.0,-85.0
IQ,24,0,19,0.0,0.0,0.0,0.0
IQ,24,0,20,-103.0,-17.0,-64.0,81.0
IQ,24,0,21,0.0,0.0,0.0,0.0
IQ,24,0,22,0.0,0.0,0.0,0.0
IQ,24,0,23,0.0,0.0,0.0,0.0
IQ,24,0,24,0.0,0.0,0.0,0.0
IQ,24,0,25,0.0,0.0,0.0,0.0
IQ,24,0,26,0.0,0.0,0.0,0.0
IQ,24,0,27,0.0,0.0,0.0,0.0
IQ,24,0,28,-137.0,-11.0,91.0,89.0
IQ,24,0,29,114.0,86.0,-135.0,-7.0
IQ,24,0,30,-128.0,79.0,78.0,116.0
IQ,24,0,31,153.0,-25.0,-133.0,-56.0
IQ,24,0,32,0.0,0.0,0.0,0.0
IQ,24,0,33,78.0,144.0,-43.0,142.0
IQ,24,0,34,25.0,166.0,56.0,144.0
IQ,24,0,35,90.0,146.0,36.0,151.0
IQ,24,0,36,-94.0,-144.0,-68.0,-141.0
IQ,24,0,37,69.0,160.0,114.0,103.0
IQ,24,0,38,0.0,0.0,0.0,0.0
IQ,24,0,39,171.0,6.0,37.0,144.0
IQ,24,0,40,-153.0,77.0,9.0,-151.0
IQ,24,0,41,0.0,0.0,0.0,0.0
IQ,24,0,42,58.0,157.0,126.0,-76.0
IQ,24,0,43,0.0,0.0,0.0,0.0
IQ,24,0,44,143.0,86.0,138.0,-34.0
IQ,24,0,45,-72.0,-145.0,-64.0,124.0
IQ,24,0,46,-105.0,-120.0,-80.0,112.0
IQ,24,0,47,124.0,-88.0,126.0,29.0
IQ,24,0,48,0.0,0.0,0.0,0.0
IQ,24,0,49,-145.0,-3.0,-90.0,84.0
IQ,24,0,50,-47.0,-132.0,56.0,105.0
IQ,24,0,51,118.0,-66.0,94.0,-64.0
IQ,24,0,52,-125.0,-40.0,-21.0,110.0
IQ,24,0,53,75.0,105.0,-66.0,-86.0
IQ,24,0,54,-11.0,128.0,-104.0,-13.0
IQ,24,0,55,117.0,42.0,-26.0,-101.0
IQ,24,0,56,6.0,126.0,-104.0,-3.0
IQ,24,0,57,-93.0,-86.0,84.0,60.0
IQ,24,0,58,-117.0,48.0,-18.0,101.0
IQ,24,0,59,67.0,109.0,-99.0,-28.0
IQ,24,0,60,-92.0,-92.0,98.0,34.0
IQ,24,0,61,107.0,-84.0,9.0,-109.0
IQ,24,0,62,-128.0,-57.0,103.0,47.0
IQ,24,0,63,143.0,17.0,-102.0,-62.0
IQ,24,0,64,87.0,-124.0,-6.0,-124.0
IQ,24,0,65,-129.0,92.0,60.0,114.0
IQ,24,0,66,134.0,98.0,-124.0,51.0
IQ,24,0,67,54.0,161.0,-54.0,128.0
IQ,24,0,68,-33.0,175.0,51.0,131.0
IQ,24,0,69,129.0,-129.0,-134.0,-62.0
IQ,24,0,70,176.0,62.0,-93.0,120.0
IQ,24,0,71,-23.0,191.0,122.0,95.0
IQ,24,0,72,-86.0,177.0,158.0,12.0
IQ,24,0,73,-22.0,-197.0,-147.0,-68.0
IQ,24,0,74,93.0,-179.0,-153.0,62.0
IQ,24,0,75,-116.0,-166.0,-156.0,-58.0
IQ,24,0,76,-175.0,-98.0,-134.0,-94.0
CS,24,0,1,4.199,4.994,0.903,19,229
IQ,25,0,2,-42.0,87.0,11.0,-113.0
IQ,25,0,3,-47.0,-80.0,-82.0,66.0
IQ,25,0,4,-34.0,-82.0,-65.0,77.0
IQ,25,0,5,73.0,-38.0,78.0,55.0
IQ,25,0,6,67.0,45.0,76.0,-47.0
IQ,25,0,7,-57.0,-55.0,-64.0,58.0
IQ,25,0,8,-53.0,-53.0,-64.0,53.0
IQ,25,0,9,-74.0,-4.0,-81.0,0.0
IQ,25,0,10,-22.0,-71.0,-39.0,75.0
IQ,25,0,11,70.0,-29.0,71.0,46.0
IQ,25,0,12,40.0,71.0,59.0,-68.0
IQ,25,0,13,35.0,-80.0,27.0,92.0
IQ,25,0,14,74.0,-61.0,75.0,70.0
IQ,25,0,15,33.0,-97.0,44.0,101.0
IQ,25,0,16,-96.0,-60.0,-84.0,85.0
IQ,25,0,17,23.0,119.0,-26.0,-126.0
IQ,25,0,18,-113.0,62.0,-136.0,-8.0
IQ,25,0,19,44.0,128.0,-57.0,-130.0
IQ,25,0,20,-46.0,-135.0,84.0,120.0
IQ,25,0,21,147.0,12.0,44.0,-147.0
IQ,25,0,22,-146.0,-51.0,16.0,158.0
IQ,25,0,23,0.0,0.0,0.0,0.0
IQ,25,0,24,0.0,0.0,0.0,0.0
IQ,25,0,25,0.0,0.0,0.0,0.0
IQ,25,0,26,-171.0,42.0,60.0,167.0
IQ,25,0,27,-74.0,167.0,-65.0,171.0
IQ,25,0,28,-89.0,-167.0,161.0,-97.0
IQ,25,0,29,-163.0,113.0,111.0,162.0
IQ,25,0,30,-167.0,-121.0,181.0,-81.0
IQ,25,0,31,79.0,-196.0,-100.0,-184.0
IQ,25,0,32,-105.0,194.0,143.0,160.0
IQ,25,0,33,0.0,0.0,0.0,0.0
IQ,25,0,34,-223.0,-67.0,112.0,-191.0
IQ,25,0,35,179.0,157.0,38.0,224.0
IQ,25,0,36,110.0,213.0,172.0,147.0
IQ,25,0,37,165.0,172.0,154.0,165.0
IQ,25,0,38,0.0,0.0,0.0,0.0
IQ,25,0,39,-64.0,230.0,168.0,-143.0
IQ,25,0,40,-236.0,2.0,-153.0,-158.0
IQ,25,0,41,-231.0,-28.0,-189.0,-105.0
IQ,25,0,42,65.0,224.0,142.0,-158.0
IQ,25,0,43,0.0,0.0,0.0,0.0
IQ,25,0,44,47.0,221.0,43.0,-204.0
IQ,25,0,45,144.0,169.0,86.0,-182.0
IQ,25,0,46,206.0,-57.0,191.0,-46.0
IQ,25,0,47,160.0,138.0,20.0,-189.0
IQ,25,0,48,19.0,202.0,-125.0,-136.0
IQ,25,0,49,-5.0,-197.0,159.0,81.0
IQ,25,0,50,188.0,24.0,33.0,-168.0
IQ,25,0,51,49.0,-181.0,163.0,-9.0
IQ,25,0,52,-136.0,120.0,-111.0,116.0
IQ,25,0,53,158.0,-81.0,64.0,-143.0
IQ,25,0,54,168.0,34.0,-57.0,-141.0
IQ,25,0,55,11.0,172.0,-144.0,39.0
IQ,25,0,56,-108.0,132.0,-62.0,133.0
IQ,25,0,57,144.0,-90.0,4.0,-148.0
IQ,25,0,58,124.0,118.0,-143.0,-35.0
IQ,25,0,59,155.0,79.0,-143.0,-52.0
IQ,25,0,60,171.0,41.0,-133.0,-73.0
IQ,25,0,61,-172.0,68.0,85.0,132.0
IQ,25,0,62,-147.0,-121.0,160.0,-30.0
IQ,25,0,63,-155.0,-123.0,162.0,-51.0
IQ,25,0,64,182.0,-96.0,-141.0,-107.0
IQ,25,0,65,-151.0,152.0,128.0,130.0
IQ,25,0,66,-72.0,-210.0,50.0,-184.0
IQ,25,0,67,-186.0,139.0,191.0,53.0
IQ,25,0,68,219.0,-98.0,-204.0,13.0
IQ,25,0,69,195.0,148.0,-29.0,207.0
IQ,25,0,70,-123.0,220.0,215.0,24.0
IQ,25,0,71,74.0,247.0,181.0,128.0
IQ,25,0,72,261.0,-36.0,-41.0,223.0
IQ,25,0,73,219.0,-153.0,-95.0,211.0
IQ,25,0,74,251.0,98.0,158.0,169.0
IQ,25,0,75,269.0,-22.0,118.0,202.0
IQ,25,0,76,261.0,58.0,203.0,115.0
CS,25,0,1,4.099,4.970,2.552,18,613
IQ,26,0,2,69.0,-4.0,64.0,39.0
IQ,26,0,3,5.0,65.0,34.0,-65.0
IQ,26,0,4,-59.0,25.0,-53.0,-46.0
IQ,26,0,5,20.0,-57.0,5.0,64.0
IQ,26,0,6,28.0,-51.0,17.0,60.0
IQ,26,0,7,14.0,-53.0,7.0,59.0
IQ,26,0,8,-49.0,-21.0,-55.0,13.0
IQ,26,0,9,-50.0,-21.0,-55.0,6.0
IQ,26,0,10,-33.0,-42.0,-45.0,38.0
IQ,26,0,11,0.0,-56.0,-10.0,55.0
IQ,26,0,12,-55.0,-19.0,-61.0,10.0
IQ,26,0,13,32.0,-55.0,24.0,62.0
IQ,26,0,14,-52.0,44.0,-49.0,-54.0
IQ,26,0,15,35.0,65.0,35.0,-67.0
IQ,26,0,16,55.0,-61.0,67.0,50.0
IQ,26,0,17,-24.0,-83.0,3.0,84.0
IQ,26,0,18,-13.0,-90.0,37.0,84.0
IQ,26,0,19,-65.0,71.0,-97.0,-14.0
IQ,26,0,20,97.0,28.0,36.0,-95.0
IQ,26,0,21,106.0,8.0,34.0,-100.0
IQ,26,0,22,-102.0,38.0,-66.0,86.0
IQ,26,0,23,0.0,0.0,0.0,0.0
IQ,26,0,24,0.0,0.0,0.0,0.0
IQ,26,0,25,0.0,0.0,0.0,0.0
IQ,26,0,26,34.0,123.0,-119.0,26.0
IQ,26,0,27,-10.0,130.0,-86.0,89.0
IQ,26,0,28,-23.0,132.0,-65.0,111.0
IQ,26,0,29,-136.0,-33.0,130.0,32.0
IQ,26,0,30,-134.0,-58.0,135.0,-26.0
IQ,26,0,31,0.0,0.0,0.0,0.0
IQ,26,0,32,-153.0,41.0,146.0,11.0
IQ,26,0,33,64.0,148.0,7.0,149.0
IQ,26,0,34,111.0,121.0,-6.0,153.0
IQ,26,0,35,96.0,136.0,52.0,145.0
IQ,26,0,36,0.0,0.0,0.0,0.0
IQ,26,0,37,0.0,0.0,0.0,0.0
IQ,26,0,38,-56.0,160.0,136.0,-73.0
IQ,26,0,39,0.0,0.0,0.0,0.0
IQ,26,0,40,0.0,0.0,0.0,0.0
IQ,26,0,41,59.0,-155.0,-45.0,141.0
IQ,26,0,42,112.0,-119.0,38.0,142.0
IQ,26,0,43,-150.0,-69.0,-142.0,21.0
IQ,26,0,44,-125.0,-100.0,-118.0,79.0
IQ,26,0,45,3.0,159.0,-22.0,-135.0
IQ,26,0,46,154.0,-9.0,127.0,-44.0
IQ,26,0,47,-46.0,-141.0,36.0,125.0
IQ,26,0,48,-41.0,137.0,-112.0,-58.0
IQ,26,0,49,93.0,106.0,-29.0,-120.0
IQ,26,0,50,-131.0,-43.0,-22.0,117.0
IQ,26,0,51,69.0,112.0,-80.0,-81.0
IQ,26,0,52,-92.0,-92.0,63.0,90.0
IQ,26,0,53,-11.0,124.0,-108.0,6.0
IQ,26,0,54,-98.0,-79.0,71.0,80.0
IQ,26,0,55,101.0,69.0,-78.0,-68.0
IQ,26,0,56,-75.0,-95.0,96.0,37.0
IQ,26,0,57,-106.0,60.0,-7.0,104.0
IQ,26,0,58,116.0,-34.0,-27.0,-102.0
IQ,26,0,59,-115.0,45.0,30.0,101.0
IQ,26,0,60,76.0,-104.0,26.0,-101.0
IQ,26,0,61,-77.0,105.0,-10.0,107.0
IQ,26,0,62,-133.0,22.0,81.0,83.0
IQ,26,0,63,79.0,116.0,-104.0,54.0
IQ,26,0,64,130.0,-70.0,-82.0,-91.0
IQ,26,0,65,-146.0,35.0,123.0,38.0
IQ,26,0,66,-83.0,134.0,76.0,108.0
IQ,26,0,67,154.0,-58.0,-140.0,-6.0
IQ,26,0,68,125.0,113.0,-54.0,132.0
IQ,26,0,69,52.0,-166.0,-113.0,-95.0
IQ,26,0,70,108.0,-144.0,-151.0,-4.0
IQ,26,0,71,111.0,-145.0,-156.0,17.0
IQ,26,0,72,178.0,56.0,15.0,158.0
IQ,26,0,73,-137.0,-133.0,-110.0,-119.0
IQ,26,0,74,-179.0,65.0,29.0,-160.0
IQ,26,0,75,144.0,-127.0,-43.0,157.0
IQ,26,0,76,-5.0,-189.0,-120.0,111.0
CS,26,0,1,4.314,4.951,3.016,17,684
IQ,27,0,2,-73.0,3.0,-62.0,-49.0
IQ,27,0,3,-17.0,-65.0,-49.0,56.0
IQ,27,0,4,29.0,-58.0,7.0,68.0
IQ,27,0,5,-58.0,-21.0,-66.0,3.0
IQ,27,0,6,-43.0,41.0,-36.0,-51.0
IQ,27,0,7,31.0,-44.0,25.0,54.0
IQ,27,0,8,49.0,19.0,57.0,-7.0
IQ,27,0,9,43.0,-31.0,36.0,44.0
IQ,27,0,10,-54.0,7.0,-51.0,-24.0
IQ,27,0,11,-32.0,47.0,-15.0,-57.0
IQ,27,0,12,-50.0,-37.0,-60.0,18.0
IQ,27,0,13,-11.0,-63.0,-32.0,57.0
IQ,27,0,14,-46.0,52.0,-39.0,-63.0
IQ,27,0,15,0.0,0.0,0.0,0.0
IQ,27,0,16,-41.0,-71.0,-41.0,70.0
IQ,27,0,17,-70.0,-52.0,-63.0,64.0
IQ,27,0,18,-58.0,-74.0,-30.0,88.0
IQ,27,0,19,-80.0,55.0,-98.0,-5.0
IQ,27,0,20,-81.0,-64.0,-18.0,101.0
IQ,27,0,21,0.0,0.0,0.0,0.0
IQ,27,0,22,-81.0,78.0,-101.0,44.0
IQ,27,0,23,0.0,0.0,0.0,0.0
IQ,27,0,24,0.0,0.0,0.0,0.0
IQ,27,0,25,0.0,0.0,0.0,0.0
IQ,27,0,26,79.0,101.0,-118.0,-37.0
IQ,27,0,27,-5.0,131.0,-97.0,81.0
IQ,27,0,28,-123.0,59.0,45.0,121.0
IQ,27,0,29,10.0,142.0,-86.0,105.0
IQ,27,0,30,-143.0,40.0,114.0,80.0
IQ,27,0,31,-117.0,-118.0,109.0,-102.0
IQ,27,0,32,-157.0,37.0,145.0,26.0
IQ,27,0,33,-136.0,96.0,144.0,40.0
IQ,27,0,34,-166.0,34.0,139.0,-67.0
IQ,27,0,35,-171.0,21.0,117.0,-103.0
IQ,27,0,36,-175.0,8.0,86.0,-134.0
IQ,27,0,37,-175.0,6.0,45.0,-150.0
IQ,27,0,38,71.0,158.0,147.0,48.0
IQ,27,0,39,-125.0,-122.0,-130.0,-81.0
IQ,27,0,40,0.0,0.0,0.0,0.0
IQ,27,0,41,-112.0,129.0,36.0,-145.0
IQ,27,0,42,0.0,0.0,0.0,0.0
IQ,27,0,43,79.0,147.0,119.0,-82.0
IQ,27,0,44,-105.0,-129.0,-112.0,91.0
IQ,27,0,45,31.0,159.0,29.0,-136.0
IQ,27,0,46,-72.0,141.0,-87.0,-106.0
IQ,27,0,47,48.0,146.0,-17.0,-130.0
IQ,27,0,48,-112.0,-101.0,-33.0,121.0
IQ,27,0,49,-139.0,42.0,-105.0,63.0
IQ,27,0,50,-2.0,140.0,-89.0,-80.0
IQ,27,0,51,-135.0,-16.0,-35.0,110.0
IQ,27,0,52,-77.0,108.0,-107.0,31.0
IQ,27,0,53,0.0,0.0,0.0,0.0
IQ,27,0,54,-54.0,115.0,-103.0,31.0
IQ,27,0,55,-23.0,126.0,-106.0,16.0
IQ,27,0,56,-119.0,39.0,-27.0,100.0
IQ,27,0,57,63.0,109.0,-97.0,-40.0
IQ,27,0,58,115.0,41.0,-58.0,-86.0
IQ,27,0,59,0.0,0.0,0.0,0.0
IQ,27,0,60,101.0,-86.0,26.0,-103.0
IQ,27,0,61,108.0,-79.0,4.0,-109.0
IQ,27,0,62,0.0,0.0,0.0,0.0
IQ,27,0,63,-97.0,109.0,4.0,117.0
IQ,27,0,64,72.0,133.0,-111.0,48.0
IQ,27,0,65,0.0,0.0,0.0,0.0
IQ,27,0,66,-163.0,-29.0,133.0,1.0
IQ,27,0,67,0.0,0.0,0.0,0.0
IQ,27,0,68,-178.0,10.0,141.0,-10.0
IQ,27,0,69,-147.0,115.0,145.0,31.0
IQ,27,0,70,17.0,-186.0,-110.0,-105.0
IQ,27,0,71,-58.0,182.0,141.0,63.0
IQ,27,0,72,-9.0,-196.0,-137.0,-81.0
IQ,27,0,73,-193.0,51.0,72.0,-144.0
IQ,27,0,74,-82.0,-184.0,-155.0,-54.0
IQ,27,0,75,196.0,-39.0,6.0,163.0
IQ,27,0,76,-163.0,117.0,33.0,-162.0
CS,27,0,1,4.099,5.143,2.039,19,517
IQ,28,0,2,46.0,54.0,75.0,-17.0
IQ,28,0,3,-69.0,6.0,-62.0,-40.0
IQ,28,0,4,40.0,50.0,61.0,-34.0
IQ,28,0,5,56.0,23.0,64.0,-7.0
IQ,28,0,6,57.0,-10.0,59.0,22.0
IQ,28,0,7,50.0,-29.0,43.0,40.0
IQ,28,0,8,45.0,31.0,54.0,-23.0
IQ,28,0,9,-13.0,51.0,3.0,-57.0
IQ,28,0,10,-55.0,8.0,-48.0,-32.0
IQ,28,0,11,12.0,53.0,34.0,-51.0
IQ,28,0,12,21.0,58.0,36.0,-51.0
IQ,28,0,13,57.0,27.0,65.0,-7.0
IQ,28,0,14,-51.0,-47.0,-62.0,36.0
IQ,28,0,15,18.0,78.0,30.0,-72.0
IQ,28,0,16,77.0,17.0,79.0,-20.0
IQ,28,0,17,-87.0,-8.0,-84.0,21.0
IQ,28,0,18,34.0,86.0,1.0,-94.0
IQ,28,0,19,-14.0,98.0,-65.0,-73.0
IQ,28,0,20,8.0,106.0,-58.0,-86.0
IQ,28,0,21,-110.0,-11.0,-54.0,92.0
IQ,28,0,22,-108.0,-35.0,-7.0,109.0
IQ,28,0,23,0.0,0.0,0.0,0.0
IQ,28,0,24,0.0,0.0,0.0,0.0
IQ,28,0,25,0.0,0.0,0.0,0.0
IQ,28,0,26,-121.0,-42.0,79.0,93.0
IQ,28,0,27,0.0,0.0,0.0,0.0
IQ,28,0,28,-138.0,8.0,82.0,102.0
IQ,28,0,29,97.0,107.0,-131.0,31.0
IQ,28,0,30,-143.0,44.0,102.0,93.0
IQ,28,0,31,-72.0,137.0,43.0,136.0
IQ,28,0,32,17.0,-161.0,-23.0,-145.0
IQ,28,0,33,-81.0,-149.0,37.0,-144.0
IQ,28,0,34,86.0,-149.0,-134.0,-73.0
IQ,28,0,35,109.0,135.0,19.0,152.0
IQ,28,0,36,-30.0,-173.0,-123.0,-94.0
IQ,28,0,37,-173.0,-12.0,25.0,-154.0
IQ,28,0,38,-23.0,173.0,153.0,-25.0
IQ,28,0,39,-84.0,149.0,118.0,-100.0
IQ,28,0,40,128.0,114.0,138.0,55.0
IQ,28,0,41,0.0,0.0,0.0,0.0
IQ,28,0,42,112.0,126.0,146.0,-9.0
IQ,28,0,43,-161.0,-40.0,-141.0,-43.0
IQ,28,0,44,-164.0,15.0,-136.0,-43.0
IQ,28,0,45,146.0,-70.0,126.0,55.0
IQ,28,0,46,-154.0,38.0,-138.0,-4.0
IQ,28,0,47,-7.0,154.0,-58.0,-118.0
IQ,28,0,48,50.0,141.0,-25.0,-126.0
IQ,28,0,49,33.0,143.0,-62.0,-106.0
IQ,28,0,50,99.0,-101.0,116.0,-14.0
IQ,28,0,51,-136.0,-21.0,-41.0,106.0
IQ,28,0,52,-70.0,113.0,-111.0,23.0
IQ,28,0,53,131.0,-2.0,18.0,-107.0
IQ,28,0,54,-88.0,-92.0,65.0,82.0
IQ,28,0,55,61.0,111.0,-92.0,-54.0
IQ,28,0,56,-72.0,-102.0,91.0,46.0
IQ,28,0,57,-22.0,123.0,-100.0,26.0
IQ,28,0,58,80.0,-101.0,56.0,-85.0
IQ,28,0,59,123.0,-38.0,-13.0,-102.0
IQ,28,0,60,11.0,-130.0,89.0,-57.0
IQ,28,0,61,-119.0,-61.0,95.0,55.0
IQ,28,0,62,-103.0,96.0,-1.0,115.0
IQ,28,0,63,-145.0,29.0,68.0,93.0
IQ,28,0,64,150.0,0.0,-99.0,-73.0
IQ,28,0,65,-99.0,-124.0,111.0,-62.0
IQ,28,0,66,-77.0,146.0,25.0,130.0
IQ,28,0,67,-52.0,164.0,42.0,131.0
IQ,28,0,68,-111.0,140.0,113.0,85.0
IQ,28,0,69,34.0,-182.0,-80.0,-124.0
IQ,28,0,70,-168.0,89.0,149.0,-26.0
IQ,28,0,71,-193.0,17.0,115.0,-103.0
IQ,28,0,72,198.0,-11.0,-84.0,138.0
IQ,28,0,73,-11.0,200.0,157.0,35.0
IQ,28,0,74,186.0,-72.0,-56.0,153.0
IQ,28,0,75,-202.0,-12.0,-50.0,-157.0
IQ,28,0,76,-151.0,133.0,49.0,-157.0
CS,28,0,1,4.099,5.077,1.614,17,366
IQ,29,0,2,67.0,-25.0,38.0,66.0
IQ,29,0,3,-22.0,64.0,19.0,-72.0
IQ,29,0,4,-14.0,-62.0,-45.0,54.0
IQ,29,0,5,-34.0,-52.0,-54.0,40.0
IQ,29,0,6,-55.0,-23.0,-63.0,7.0
IQ,29,0,7,0.0,0.0,0.0,0.0
IQ,29,0,8,5.0,-54.0,-9.0,56.0
IQ,29,0,9,-5.0,-53.0,-23.0,50.0
IQ,29,0,10,11.0,-54.0,-10.0,54.0
IQ,29,0,11,-56.0,-4.0,-57.0,-17.0
IQ,29,0,12,-53.0,29.0,-41.0,-48.0
IQ,29,0,13,-22.0,-58.0,-41.0,52.0
IQ,29,0,14,-37.0,-61.0,-52.0,52.0
IQ,29,0,15,66.0,-35.0,61.0,46.0
IQ,29,0,16,-8.0,81.0,-11.0,-82.0
IQ,29,0,17,-56.0,68.0,-66.0,-59.0
IQ,29,0,18,90.0,29.0,72.0,-57.0
IQ,29,0,19,-91.0,-39.0,-61.0,78.0
IQ,29,0,20,-48.0,91.0,-99.0,-34.0
IQ,29,0,21,112.0,-4.0,67.0,-84.0
IQ,29,0,22,75.0,85.0,-41.0,-102.0
IQ,29,0,23,0.0,0.0,0.0,0.0
IQ,29,0,24,0.0,0.0,0.0,0.0
IQ,29,0,25,0.0,0.0,0.0,0.0
IQ,29,0,26,-126.0,18.0,24.0,115.0
IQ,29,0,27,65.0,-117.0,71.0,-105.0
IQ,29,0,28,-9.0,136.0,-91.0,92.0
IQ,29,0,29,38.0,138.0,-106.0,81.0
IQ,29,0,30,-70.0,134.0,5.0,138.0
IQ,29,0,31,0.0,0.0,0.0,0.0
IQ,29,0,32,16.0,-162.0,-13.0,-149.0
IQ,29,0,33,51.0,-161.0,-85.0,-126.0
IQ,29,0,34,-90.0,142.0,136.0,67.0
IQ,29,0,35,-18.0,-171.0,-93.0,-127.0
IQ,29,0,36,0.0,0.0,0.0,0.0
IQ,29,0,37,164.0,-56.0,-99.0,119.0
IQ,29,0,38,-163.0,-63.0,-45.0,-149.0
IQ,29,0,39,170.0,21.0,43.0,146.0
IQ,29,0,40,-85.0,-152.0,-153.0,-12.0
IQ,29,0,41,167.0,-37.0,48.0,142.0
IQ,29,0,42,32.0,-164.0,-67.0,132.0
IQ,29,0,43,160.0,52.0,143.0,24.0
IQ,29,0,44,-166.0,-22.0,-142.0,-22.0
IQ,29,0,45,-129.0,95.0,-108.0,-87.0
IQ,29,0,46,-4.0,159.0,-25.0,-135.0
IQ,29,0,47,90.0,-124.0,106.0,76.0
IQ,29,0,48,-136.0,-65.0,-69.0,105.0
IQ,29,0,49,-135.0,-55.0,-52.0,111.0
IQ,29,0,50,0.0,-142.0,93.0,71.0
IQ,29,0,51,113.0,-76.0,98.0,-58.0
IQ,29,0,52,-132.0,15.0,-57.0,95.0
IQ,29,0,53,98.0,-87.0,90.0,-61.0
IQ,29,0,54,-118.0,54.0,-58.0,88.0
IQ,29,0,55,-116.0,-54.0,35.0,97.0
IQ,29,0,56,-78.0,-101.0,82.0,61.0
IQ,29,0,57,-24.0,123.0,-96.0,33.0
IQ,29,0,58,-81.0,97.0,-57.0,87.0
IQ,29,0,59,43.0,123.0,-104.0,10.0
IQ,29,0,60,129.0,19.0,-57.0,-92.0
IQ,29,0,61,34.0,129.0,-105.0,35.0
IQ,29,0,62,-51.0,129.0,-58.0,98.0
IQ,29,0,63,-80.0,123.0,-27.0,115.0
IQ,29,0,64,139.0,-64.0,-59.0,-108.0
IQ,29,0,65,136.0,-82.0,-68.0,-108.0
IQ,29,0,66,-30.0,161.0,-11.0,132.0
IQ,29,0,67,87.0,149.0,-81.0,111.0
IQ,29,0,68,154.0,-90.0,-134.0,-48.0
IQ,29,0,69,-114.0,-144.0,44.0,-140.0
IQ,29,0,70,167.0,85.0,-72.0,134.0
IQ,29,0,71,-182.0,66.0,139.0,-69.0
IQ,29,0,72,-198.0,-5.0,72.0,-142.0
IQ,29,0,73,-187.0,-72.0,-15.0,-162.0
IQ,29,0,74,185.0,-80.0,-78.0,144.0
IQ,29,0,75,-100.0,175.0,125.0,-107.0
IQ,29,0,76,-90.0,178.0,97.0,-133.0
CS,29,0,1,4.099,5.046,3.298,21,924
IQ,30,0,2,9.0,-69.0,-40.0,67.0
IQ,30,0,3,-68.0,-3.0,-64.0,-34.0
IQ,30,0,4,-62.0,-22.0,-70.0,-14.0
IQ,30,0,5,48.0,38.0,60.0,-18.0
IQ,30,0,6,-29.0,-50.0,-46.0,41.0
IQ,30,0,7,-14.0,54.0,2.0,-60.0
IQ,30,0,8,32.0,-44.0,23.0,53.0
IQ,30,0,9,15.0,-53.0,0.0,57.0
IQ,30,0,10,49.0,18.0,56.0,-2.0
IQ,30,0,11,-25.0,-49.0,-44.0,40.0
IQ,30,0,12,-49.0,38.0,-31.0,-53.0
IQ,30,0,13,34.0,-56.0,17.0,63.0
IQ,30,0,14,-62.0,30.0,-57.0,-43.0
IQ,30,0,15,75.0,-3.0,75.0,14.0
IQ,30,0,16,54.0,-61.0,55.0,62.0
IQ,30,0,17,86.0,12.0,86.0,-24.0
IQ,30,0,18,-78.0,50.0,-92.0,-23.0
IQ,30,0,19,61.0,-77.0,89.0,37.0
IQ,30,0,20,91.0,-48.0,101.0,-18.0
IQ,30,0,21,-107.0,-17.0,-50.0,95.0
IQ,30,0,22,97.0,55.0,-6.0,-112.0
IQ,30,0,23,0.0,0.0,0.0,0.0
IQ,30,0,24,0.0,0.0,0.0,0.0
IQ,30,0,25,0.0,0.0,0.0,0.0
IQ,30,0,26,0.0,0.0,0.0,0.0
IQ,30,0,27,0.0,0.0,0.0,0.0
IQ,30,0,28,-136.0,14.0,85.0,99.0
IQ,30,0,29,-73.0,-125.0,125.0,-51.0
IQ,30,0,30,145.0,37.0,-138.0,-21.0
IQ,30,0,31,-109.0,-112.0,115.0,-89.0
IQ,30,0,32,156.0,42.0,-141.0,45.0
IQ,30,0,33,124.0,-109.0,-141.0,-61.0
IQ,30,0,34,0.0,0.0,0.0,0.0
IQ,30,0,35,38.0,167.0,83.0,133.0
IQ,30,0,36,-48.0,166.0,150.0,47.0
IQ,30,0,37,0.0,0.0,0.0,0.0
IQ,30,0,38,-154.0,79.0,63.0,-142.0
IQ,30,0,39,0.0,0.0,0.0,0.0
IQ,30,0,40,0.0,0.0,0.0,0.0
IQ,30,0,41,0.0,0.0,0.0,0.0
IQ,30,0,42,-142.0,93.0,-32.0,-145.0
IQ,30,0,43,-74.0,-152.0,-113.0,93.0
IQ,30,0,44,134.0,-98.0,85.0,115.0
IQ,30,0,45,93.0,-134.0,79.0,116.0
IQ,30,0,46,-132.0,85.0,-122.0,-60.0
IQ,30,0,47,124.0,-95.0,126.0,27.0
IQ,30,0,48,24.0,147.0,-40.0,-121.0
IQ,30,0,49,133.0,57.0,55.0,-108.0
IQ,30,0,50,28.0,138.0,-76.0,-90.0
IQ,30,0,51,137.0,-5.0,66.0,-94.0
IQ,30,0,52,-58.0,122.0,-112.0,-8.0
IQ,30,0,53,121.0,-47.0,68.0,-87.0
IQ,30,0,54,-128.0,23.0,-39.0,96.0
IQ,30,0,55,-13.0,-127.0,101.0,21.0
IQ,30,0,56,0.0,0.0,0.0,0.0
IQ,30,0,57,69.0,104.0,-96.0,-43.0
IQ,30,0,58,0.0,0.0,0.0,0.0
IQ,30,0,59,-102.0,-77.0,85.0,60.0
IQ,30,0,60,-84.0,102.0,-35.0,98.0
IQ,30,0,61,0.0,0.0,0.0,0.0
IQ,30,0,62,-119.0,76.0,19.0,113.0
IQ,30,0,63,-64.0,-133.0,110.0,-39.0
IQ,30,0,64,-142.0,-56.0,118.0,25.0
IQ,30,0,65,23.0,159.0,-74.0,104.0
IQ,30,0,66,66.0,151.0,-82.0,104.0
IQ,30,0,67,90.0,-148.0,-71.0,-119.0
IQ,30,0,68,29.0,177.0,2.0,143.0
IQ,30,0,69,131.0,124.0,-53.0,139.0
IQ,30,0,70,-140.0,-126.0,29.0,-150.0
IQ,30,0,71,84.0,174.0,64.0,143.0
IQ,30,0,72,-27.0,-197.0,-118.0,-110.0
IQ,30,0,73,159.0,-121.0,-135.0,89.0
IQ,30,0,74,64.0,-191.0,-156.0,50.0
IQ,30,0,75,-107.0,-172.0,-157.0,-54.0
IQ,30,0,76,-198.0,25.0,-55.0,-156.0
CS,30,0,1,4.246,5.011,3.029,19,768
IQ,31,0,2,38.0,58.0,73.0,-24.0
IQ,31,0,3,2.0,67.0,39.0,-63.0
IQ,31,0,4,-45.0,49.0,-17.0,-66.0
IQ,31,0,5,-27.0,54.0,-5.0,-65.0
IQ,31,0,6,-57.0,14.0,-50.0,-37.0
IQ,31,0,7,24.0,49.0,38.0,-43.0
IQ,31,0,8,40.0,35.0,50.0,-27.0
IQ,31,0,9,-28.0,-46.0,-39.0,42.0
IQ,31,0,10,-55.0,10.0,-50.0,-26.0
IQ,31,0,11,41.0,-38.0,24.0,55.0
IQ,31,0,12,-42.0,39.0,-27.0,-57.0
IQ,31,0,13,59.0,18.0,66.0,2.0
IQ,31,0,14,-39.0,-59.0,-54.0,47.0
IQ,31,0,15,52.0,55.0,61.0,-48.0
IQ,31,0,16,-82.0,1.0,-82.0,-9.0
IQ,31,0,17,-71.0,-50.0,-65.0,56.0
IQ,31,0,18,-49.0,-78.0,-22.0,90.0
IQ,31,0,19,94.0,25.0,67.0,-72.0
IQ,31,0,20,94.0,-45.0,100.0,-29.0
IQ,31,0,21,93.0,-56.0,97.0,-45.0
IQ,31,0,22,114.0,-11.0,54.0,-97.0
IQ,31,0,23,0.0,0.0,0.0,0.0
IQ,31,0,24,0.0,0.0,0.0,0.0
IQ,31,0,25,0.0,0.0,0.0,0.0
IQ,31,0,26,124.0,39.0,-77.0,-97.0
IQ,31,0,27,-16.0,131.0,-102.0,74.0
IQ,31,0,28,63.0,121.0,-128.0,34.0
IQ,31,0,29,111.0,90.0,-136.0,-1.0
IQ,31,0,30,45.0,143.0,-90.0,107.0
IQ,31,0,31,130.0,84.0,-137.0,47.0
IQ,31,0,32,-148.0,63.0,136.0,56.0
IQ,31,0,33,-80.0,-147.0,26.0,-149.0
IQ,31,0,34,-123.0,120.0,150.0,34.0
IQ,31,0,35,-161.0,62.0,145.0,-59.0
IQ,31,0,36,-133.0,111.0,148.0,-49.0
IQ,31,0,37,-115.0,-130.0,-76.0,-136.0
IQ,31,0,38,129.0,-114.0,-107.0,112.0
IQ,31,0,39,171.0,-5.0,23.0,150.0
IQ,31,0,40,165.0,-47.0,25.0,146.0
IQ,31,0,41,-88.0,-145.0,-148.0,11.0
IQ,31,0,42,139.0,-97.0,23.0,144.0
IQ,31,0,43,-109.0,-124.0,-137.0,47.0
IQ,31,0,44,-73.0,-146.0,-102.0,97.0
IQ,31,0,45,134.0,89.0,116.0,-74.0
IQ,31,0,46,90.0,-128.0,93.0,99.0
IQ,31,0,47,138.0,66.0,94.0,-90.0
IQ,31,0,48,89.0,119.0,13.0,-126.0
IQ,31,0,49,-126.0,-74.0,-43.0,115.0
IQ,31,0,50,-114.0,-82.0,-10.0,118.0
IQ,31,0,51,128.0,-50.0,91.0,-69.0
IQ,31,0,52,132.0,-18.0,63.0,-91.0
IQ,31,0,53,29.0,-126.0,106.0,13.0
IQ,31,0,54,75.0,-106.0,94.0,-43.0
IQ,31,0,55,44.0,118.0,-101.0,-40.0
IQ,31,0,56,-120.0,37.0,-29.0,99.0
IQ,31,0,57,0.0,0.0,0.0,0.0
IQ,31,0,58,0.0,0.0,0.0,0.0
IQ,31,0,59,89.0,-93.0,43.0,-94.0
IQ,31,0,60,-86.0,-99.0,102.0,30.0
IQ,31,0,61,-57.0,-124.0,107.0,-14.0
IQ,31,0,62,137.0,21.0,-88.0,-71.0
IQ,31,0,63,0.0,0.0,0.0,0.0
IQ,31,0,64,-152.0,-17.0,108.0,58.0
IQ,31,0,65,0.0,0.0,0.0,0.0
IQ,31,0,66,46.0,159.0,-66.0,117.0
IQ,31,0,67,0.0,0.0,0.0,0.0
IQ,31,0,68,-170.0,59.0,141.0,24.0
IQ,31,0,69,95.0,-156.0,-118.0,-93.0
IQ,31,0,70,5.0,-188.0,-88.0,-125.0
IQ,31,0,71,-54.0,-186.0,-83.0,-134.0
IQ,31,0,72,127.0,150.0,54.0,151.0
IQ,31,0,73,94.0,-177.0,-159.0,39.0
IQ,31,0,74,-181.0,-89.0,-63.0,-151.0
IQ,31,0,75,-82.0,-185.0,-160.0,-39.0
IQ,31,0,76,139.0,-146.0,-54.0,155.0
CS,31,0,1,4.099,5.194,2.084,20,556
IQ,32,0,2,-69.0,-17.0,-72.0,-28.0
IQ,32,0,3,-35.0,-59.0,-62.0,38.0
IQ,32,0,4,0.0,0.0,0.0,0.0
IQ,32,0,5,-54.0,-28.0,-65.0,9.0
IQ,32,0,6,0.0,0.0,0.0,0.0
IQ,32,0,7,-39.0,40.0,-27.0,-50.0
IQ,32,0,8,-34.0,43.0,-22.0,-52.0
IQ,32,0,9,4.0,-55.0,-10.0,56.0
IQ,32,0,10,8.0,48.0,32.0,-47.0
IQ,32,0,11,0.0,0.0,0.0,0.0
IQ,32,0,12,-12.0,57.0,7.0,-64.0
IQ,32,0,13,38.0,53.0,52.0,-41.0
IQ,32,0,14,60.0,-33.0,50.0,49.0
IQ,32,0,15,74.0,13.0,76.0,-9.0
IQ,32,0,16,0.0,0.0,0.0,0.0
IQ,32,0,17,0.0,0.0,0.0,0.0
IQ,32,0,18,73.0,-56.0,89.0,21.0
IQ,32,0,19,94.0,33.0,65.0,-75.0
IQ,32,0,20,103.0,9.0,73.0,-73.0
IQ,32,0,21,-110.0,-4.0,-58.0,91.0
IQ,32,0,22,0.0,0.0,0.0,0.0
IQ,32,0,23,0.0,0.0,0.0,0.0
IQ,32,0,24,0.0,0.0,0.0,0.0
IQ,32,0,25,0.0,0.0,0.0,0.0
IQ,32,0,26,-34.0,123.0,-100.0,72.0
IQ,32,0,27,-54.0,-122.0,126.0,-21.0
IQ,32,0,28,-16.0,-137.0,108.0,-75.0
IQ,32,0,29,0.0,0.0,0.0,0.0
IQ,32,0,30,114.0,-98.0,-66.0,-122.0
IQ,32,0,31,-141.0,-67.0,135.0,-47.0
IQ,32,0,32,0.0,0.0,0.0,0.0
IQ,32,0,33,143.0,-85.0,-149.0,-28.0
IQ,32,0,34,-71.0,154.0,121.0,93.0
IQ,32,0,35,-171.0,28.0,128.0,-88.0
IQ,32,0,36,-54.0,-166.0,-113.0,-110.0
IQ,32,0,37,88.0,150.0,103.0,119.0
IQ,32,0,38,-174.0,5.0,10.0,-154.0
IQ,32,0,39,-173.0,23.0,-20.0,-153.0
IQ,32,0,40,-97.0,141.0,76.0,-129.0
IQ,32,0,41,33.0,164.0,131.0,-67.0
IQ,32,0,42,-75.0,151.0,28.0,-144.0
IQ,32,0,43,2.0,165.0,54.0,-134.0
IQ,32,0,44,165.0,2.0,135.0,37.0
IQ,32,0,45,-84.0,138.0,-70.0,-118.0
IQ,32,0,46,95.0,124.0,55.0,-123.0
IQ,32,0,47,4.0,-154.0,51.0,118.0
IQ,32,0,48,-4.0,149.0,-79.0,-99.0
IQ,32,0,49,0.0,0.0,0.0,0.0
IQ,32,0,50,81.0,-117.0,117.0,5.0
IQ,32,0,51,-129.0,32.0,-69.0,80.0
IQ,32,0,52,-114.0,64.0,-91.0,76.0
IQ,32,0,53,-122.0,-54.0,11.0,107.0
IQ,32,0,54,-106.0,-73.0,50.0,93.0
IQ,32,0,55,2.0,127.0,-104.0,5.0
IQ,32,0,56,120.0,31.0,-37.0,-96.0
IQ,32,0,57,-127.0,19.0,-2.0,104.0
IQ,32,0,58,-7.0,-124.0,101.0,-21.0
IQ,32,0,59,-106.0,-70.0,89.0,55.0
IQ,32,0,60,126.0,-32.0,-27.0,-104.0
IQ,32,0,61,-120.0,-63.0,95.0,53.0
IQ,32,0,62,-135.0,48.0,46.0,105.0
IQ,32,0,63,44.0,140.0,-97.0,69.0
IQ,32,0,64,68.0,-137.0,19.0,-121.0
IQ,32,0,65,-41.0,-154.0,74.0,-105.0
IQ,32,0,66,-166.0,3.0,128.0,37.0
IQ,32,0,67,94.0,-143.0,-84.0,-111.0
IQ,32,0,68,133.0,-117.0,-125.0,-72.0
IQ,32,0,69,115.0,141.0,-40.0,142.0
IQ,32,0,70,-179.0,-60.0,81.0,-129.0
IQ,32,0,71,190.0,29.0,-81.0,133.0
IQ,32,0,72,-169.0,-102.0,-8.0,-159.0
IQ,32,0,73,-198.0,13.0,36.0,-159.0
IQ,32,0,74,196.0,-35.0,-38.0,159.0
IQ,32,0,75,-46.0,197.0,147.0,-74.0
IQ,32,0,76,-197.0,37.0,-54.0,-156.0
CS,32,0,1,3.806,5.100,2.117,16,452
IQ,33,0,2,-45.0,54.0,1.0,-76.0
IQ,33,0,3,68.0,-11.0,54.0,46.0
IQ,33,0,4,-37.0,-52.0,-59.0,35.0
IQ,33,0,5,30.0,53.0,46.0,-46.0
IQ,33,0,6,-48.0,31.0,-39.0,-51.0
IQ,33,0,7,50.0,-22.0,47.0,35.0
IQ,33,0,8,-25.0,-46.0,-44.0,39.0
IQ,33,0,9,8.0,53.0,21.0,-53.0
IQ,33,0,10,-33.0,45.0,-11.0,-57.0
IQ,33,0,11,-45.0,34.0,-28.0,-52.0
IQ,33,0,12,0.0,0.0,0.0,0.0
IQ,33,0,13,0.0,0.0,0.0,0.0
IQ,33,0,14,-2.0,69.0,17.0,-68.0
IQ,33,0,15,34.0,-68.0,25.0,73.0
IQ,33,0,16,46.0,68.0,46.0,-71.0
IQ,33,0,17,28.0,81.0,14.0,-86.0
IQ,33,0,18,-1.0,94.0,-33.0,-87.0
IQ,33,0,19,-80.0,61.0,-97.0,-21.0
IQ,33,0,20,101.0,-23.0,89.0,-47.0
IQ,33,0,21,17.0,-108.0,95.0,49.0
IQ,33,0,22,-102.0,-53.0,4.0,110.0
IQ,33,0,23,0.0,0.0,0.0,0.0
IQ,33,0,24,0.0,0.0,0.0,0.0
IQ,33,0,25,0.0,0.0,0.0,0.0
IQ,33,0,26,-83.0,-97.0,113.0,42.0
IQ,33,0,27,33.0,-129.0,91.0,-91.0
IQ,33,0,28,33.0,133.0,-115.0,59.0
IQ,33,0,29,-24.0,142.0,-58.0,121.0
IQ,33,0,30,-108.0,105.0,43.0,132.0
IQ,33,0,31,-141.0,-64.0,137.0,-47.0
IQ,33,0,32,-114.0,-115.0,107.0,-104.0
IQ,33,0,33,57.0,155.0,-17.0,149.0
IQ,33,0,34,-139.0,-99.0,70.0,-138.0
IQ,33,0,35,135.0,106.0,-29.0,152.0
IQ,33,0,36,172.0,-7.0,-90.0,126.0
IQ,33,0,37,-91.0,148.0,150.0,-37.0
IQ,33,0,38,171.0,-54.0,-51.0,143.0
IQ,33,0,39,61.0,-161.0,-129.0,81.0
IQ,33,0,40,-58.0,-161.0,-150.0,6.0
IQ,33,0,41,-161.0,-61.0,-127.0,-79.0
IQ,33,0,42,23.0,-166.0,-82.0,121.0
IQ,33,0,43,-11.0,-167.0,-79.0,121.0
IQ,33,0,44,-42.0,159.0,-2.0,-142.0
IQ,33,0,45,-150.0,-67.0,-131.0,48.0
IQ,33,0,46,-34.0,-155.0,-4.0,134.0
IQ,33,0,47,-136.0,-70.0,-82.0,103.0
IQ,33,0,48,-94.0,115.0,-120.0,-40.0
IQ,33,0,49,-7.0,143.0,-88.0,-84.0
IQ,33,0,50,141.0,3.0,69.0,-95.0
IQ,33,0,51,47.0,127.0,-71.0,-89.0
IQ,33,0,52,-130.0,-29.0,-31.0,105.0
IQ,33,0,53,-85.0,96.0,-99.0,41.0
IQ,33,0,54,127.0,13.0,9.0,-104.0
IQ,33,0,55,-129.0,-2.0,-9.0,103.0
IQ,33,0,56,-91.0,88.0,-69.0,76.0
IQ,33,0,57,54.0,115.0,-97.0,-36.0
IQ,33,0,58,-119.0,45.0,-13.0,102.0
IQ,33,0,59,-3.0,126.0,-98.0,35.0
IQ,33,0,60,13.0,131.0,-99.0,41.0
IQ,33,0,61,0.0,0.0,0.0,0.0
IQ,33,0,62,0.0,0.0,0.0,0.0
IQ,33,0,63,0.0,0.0,0.0,0.0
IQ,33,0,64,0.0,0.0,0.0,0.0
IQ,33,0,65,0.0,0.0,0.0,0.0
IQ,33,0,66,0.0,0.0,0.0,0.0
IQ,33,0,67,166.0,-48.0,-131.0,-48.0
IQ,33,0,68,-136.0,114.0,123.0,72.0
IQ,33,0,69,0.0,0.0,0.0,0.0
IQ,33,0,70,-106.0,-155.0,-3.0,-152.0
IQ,33,0,71,0.0,0.0,0.0,0.0
IQ,33,0,72,-131.0,-148.0,-49.0,-151.0
IQ,33,0,73,125.0,-153.0,-145.0,69.0
IQ,33,0,74,0.0,0.0,0.0,0.0
IQ,33,0,75,0.0,0.0,0.0,0.0
IQ,33,0,76,-94.0,174.0,104.0,-125.0
CS,33,0,1,3.806,5.135,2.553,17,579
IQ,34,0,2,43.0,55.0,73.0,-23.0
IQ,34,0,3,50.0,-42.0,25.0,66.0
IQ,34,0,4,42.0,49.0,63.0,-30.0
IQ,34,0,5,-57.0,-21.0,-66.0,0.0
IQ,34,0,6,-54.0,14.0,-53.0,-34.0
IQ,34,0,7,35.0,-43.0,29.0,51.0
IQ,34,0,8,-40.0,38.0,-30.0,-50.0
IQ,34,0,9,52.0,7.0,57.0,8.0
IQ,34,0,10,53.0,-8.0,49.0,28.0
IQ,34,0,11,-49.0,29.0,-38.0,-44.0
IQ,34,0,12,-59.0,-7.0,-60.0,-14.0
IQ,34,0,13,40.0,-52.0,15.0,64.0
IQ,34,0,14,0.0,0.0,0.0,0.0
IQ,34,0,15,71.0,26.0,74.0,-19.0
IQ,34,0,16,24.0,79.0,24.0,-79.0
IQ,34,0,17,-11.0,88.0,-25.0,-85.0
IQ,34,0,18,-25.0,-91.0,-3.0,93.0
IQ,34,0,19,-13.0,-98.0,40.0,89.0
IQ,34,0,20,74.0,71.0,15.0,-102.0
IQ,34,0,21,25.0,104.0,-69.0,-79.0
IQ,34,0,22,13.0,111.0,-97.0,-53.0
IQ,34,0,23,0.0,0.0,0.0,0.0
IQ,34,0,24,0.0,0.0,0.0,0.0
IQ,34,0,25,0.0,0.0,0.0,0.0
IQ,34,0,26,121.0,-40.0,-3.0,-123.0
IQ,34,0,27,109.0,77.0,-117.0,-47.0
IQ,34,0,28,71.0,-119.0,45.0,-121.0
IQ,34,0,29,-134.0,54.0,64.0,119.0
IQ,34,0,30,45.0,-144.0,12.0,-137.0
IQ,34,0,31,94.0,123.0,-110.0,94.0
IQ,34,0,32,-52.0,-154.0,46.0,-140.0
IQ,34,0,33,0.0,0.0,0.0,0.0
IQ,34,0,34,-1.0,-171.0,-74.0,-136.0
IQ,34,0,35,0.0,0.0,0.0,0.0
IQ,34,0,36,14.0,-172.0,-139.0,-72.0
IQ,34,0,37,-169.0,52.0,92.0,-127.0
IQ,34,0,38,104.0,138.0,117.0,101.0
IQ,34,0,39,-63.0,-162.0,-148.0,-35.0
IQ,34,0,40,-101.0,141.0,74.0,-130.0
IQ,34,0,41,-89.0,-144.0,-146.0,26.0
IQ,34,0,42,81.0,146.0,141.0,-40.0
IQ,34,0,43,-25.0,-166.0,-87.0,115.0
IQ,34,0,44,-61.0,-152.0,-80.0,116.0
IQ,34,0,45,116.0,-113.0,90.0,106.0
IQ,34,0,46,-157.0,14.0,-135.0,7.0
IQ,34,0,47,124.0,95.0,65.0,-114.0
IQ,34,0,48,-146.0,-30.0,-90.0,89.0
IQ,34,0,49,-136.0,55.0,-119.0,33.0
IQ,34,0,50,-117.0,78.0,-113.0,33.0
IQ,34,0,51,136.0,-18.0,63.0,-95.0
IQ,34,0,52,125.0,-45.0,77.0,-79.0
IQ,34,0,53,-90.0,94.0,-99.0,47.0
IQ,34,0,54,86.0,-98.0,86.0,-60.0
IQ,34,0,55,-110.0,-65.0,55.0,90.0
IQ,34,0,56,84.0,92.0,-79.0,-67.0
IQ,34,0,57,39.0,-121.0,90.0,-46.0
IQ,34,0,58,-128.0,-1.0,26.0,101.0
IQ,34,0,59,-129.0,-16.0,50.0,93.0
IQ,34,0,60,90.0,-97.0,33.0,-101.0
IQ,34,0,61,135.0,5.0,-66.0,-88.0
IQ,34,0,62,-40.0,134.0,-64.0,90.0
IQ,34,0,63,0.0,0.0,0.0,0.0
IQ,34,0,64,-78.0,129.0,-10.0,121.0
IQ,34,0,65,131.0,87.0,-125.0,28.0
IQ,34,0,66,4.0,167.0,-41.0,128.0
IQ,34,0,67,171.0,2.0,-139.0,4.0
IQ,34,0,68,-18.0,176.0,36.0,137.0
IQ,34,0,69,37.0,-178.0,-82.0,-123.0
IQ,34,0,70,-168.0,85.0,148.0,-18.0
IQ,34,0,71,118.0,-155.0,-154.0,-16.0
IQ,34,0,72,178.0,-82.0,-134.0,87.0
IQ,34,0,73,80.0,-182.0,-161.0,20.0
IQ,34,0,74,-127.0,155.0,135.0,-92.0
IQ,34,0,75,35.0,199.0,162.0,1.0
IQ,34,0,76,161.0,119.0,142.0,84.0
CS,34,0,1,4.099,4.935,3.664,18,880
IQ,35,0,2,-83.0,48.0,-56.0,-99.0
IQ,35,0,3,-38.0,-87.0,-74.0,76.0
IQ,35,0,4,-7.0,-87.0,-34.0,93.0
IQ,35,0,5,-4.0,84.0,17.0,-93.0
IQ,35,0,6,-13.0,-76.0,-26.0,86.0
IQ,35,0,7,-61.0,-45.0,-76.0,40.0
IQ,35,0,8,-66.0,-35.0,-80.0,29.0
IQ,35,0,9,-38.0,-66.0,-52.0,63.0
IQ,35,0,10,24.0,70.0,46.0,-69.0
IQ,35,0,11,76.0,-13.0,81.0,29.0
IQ,35,0,12,18.0,-80.0,-2.0,89.0
IQ,35,0,13,45.0,74.0,62.0,-74.0
IQ,35,0,14,-20.0,91.0,-8.0,-104.0
IQ,35,0,15,-6.0,-105.0,-9.0,110.0
IQ,35,0,16,77.0,-84.0,90.0,81.0
IQ,35,0,17,-16.0,-120.0,10.0,126.0
IQ,35,0,18,-111.0,-63.0,-76.0,113.0
IQ,35,0,19,69.0,-120.0,131.0,50.0
IQ,35,0,20,-128.0,65.0,-134.0,68.0
IQ,35,0,21,-89.0,122.0,-153.0,23.0
IQ,35,0,22,-115.0,107.0,-137.0,81.0
IQ,35,0,23,0.0,0.0,0.0,0.0
IQ,35,0,24,0.0,0.0,0.0,0.0
IQ,35,0,25,0.0,0.0,0.0,0.0
IQ,35,0,26,-26.0,174.0,-137.0,114.0
IQ,35,0,27,-88.0,160.0,-61.0,175.0
IQ,35,0,28,-151.0,-117.0,188.0,15.0
IQ,35,0,29,9.0,-195.0,72.0,-184.0
IQ,35,0,30,4.0,205.0,-54.0,195.0
IQ,35,0,31,-209.0,-53.0,198.0,-58.0
IQ,35,0,32,-214.0,-54.0,196.0,-92.0
IQ,35,0,33,-192.0,-120.0,100.0,-193.0
IQ,35,0,34,178.0,149.0,-41.0,219.0
IQ,35,0,35,-231.0,-49.0,76.0,-212.0
IQ,35,0,36,123.0,202.0,131.0,184.0
IQ,35,0,37,-58.0,232.0,223.0,-35.0
IQ,35,0,38,240.0,5.0,32.0,223.0
IQ,35,0,39,221.0,-80.0,17.0,220.0
IQ,35,0,40,190.0,137.0,206.0,72.0
IQ,35,0,41,221.0,-80.0,101.0,193.0
IQ,35,0,42,138.0,-183.0,41.0,208.0
IQ,35,0,43,166.0,152.0,184.0,-102.0
IQ,35,0,44,0.0,0.0,0.0,0.0
IQ,35,0,45,-125.0,-182.0,-64.0,189.0
IQ,35,0,46,-85.0,197.0,-138.0,-138.0
IQ,35,0,47,-115.0,-175.0,15.0,187.0
IQ,35,0,48,-60.0,-197.0,88.0,157.0
IQ,35,0,49,-2.0,197.0,-149.0,-101.0
IQ,35,0,50,-50.0,185.0,-171.0,-21.0
IQ,35,0,51,-182.0,40.0,-76.0,148.0
IQ,35,0,52,178.0,-33.0,42.0,-155.0
IQ,35,0,53,143.0,107.0,-95.0,-123.0
IQ,35,0,54,0.0,0.0,0.0,0.0
IQ,35,0,55,-73.0,156.0,-119.0,93.0
IQ,35,0,56,-174.0,-23.0,74.0,129.0
IQ,35,0,57,-24.0,170.0,-124.0,82.0
IQ,35,0,58,58.0,161.0,-148.0,27.0
IQ,35,0,59,65.0,-161.0,56.0,-140.0
IQ,35,0,60,-78.0,-160.0,145.0,-52.0
IQ,35,0,61,-182.0,-20.0,128.0,94.0
IQ,35,0,62,-140.0,131.0,54.0,156.0
IQ,35,0,63,126.0,-152.0,-60.0,-158.0
IQ,35,0,64,-175.0,109.0,123.0,125.0
IQ,35,0,65,-63.0,205.0,34.0,181.0
IQ,35,0,66,137.0,-176.0,-139.0,-131.0
IQ,35,0,67,-94.0,-212.0,11.0,-199.0
IQ,35,0,68,-164.0,-176.0,41.0,-203.0
IQ,35,0,69,168.0,179.0,-10.0,211.0
IQ,35,0,70,-250.0,37.0,150.0,-155.0
IQ,35,0,71,216.0,139.0,40.0,218.0
IQ,35,0,72,231.0,-126.0,-153.0,169.0
IQ,35,0,73,119.0,-239.0,-200.0,117.0
IQ,35,0,74,-249.0,105.0,35.0,-232.0
IQ,35,0,75,-179.0,-205.0,-226.0,-65.0
IQ,35,0,76,141.0,228.0,225.0,-63.0
CS,35,0,1,4.099,5.112,4.530,18,1088
IQ,36,0,2,-110.0,-89.0,-159.0,9.0
IQ,36,0,3,-128.0,-27.0,-149.0,-22.0
IQ,36,0,4,-7.0,123.0,38.0,-136.0
IQ,36,0,5,79.0,-88.0,59.0,117.0
IQ,36,0,6,-85.0,-74.0,-109.0,66.0
IQ,36,0,7,-10.0,-106.0,-16.0,122.0
IQ,36,0,8,76.0,-69.0,73.0,91.0
IQ,36,0,9,-66.0,81.0,-57.0,-102.0
IQ,36,0,10,-47.0,-95.0,-72.0,94.0
IQ,36,0,11,-23.0,110.0,-10.0,-122.0
IQ,36,0,12,-104.0,-51.0,-125.0,32.0
IQ,36,0,13,71.0,102.0,89.0,-104.0
IQ,36,0,14,114.0,-74.0,123.0,80.0
IQ,36,0,15,4.0,-147.0,15.0,159.0
IQ,36,0,16,157.0,30.0,158.0,-66.0
IQ,36,0,17,5.0,171.0,-50.0,-175.0
IQ,36,0,18,122.0,-139.0,178.0,68.0
IQ,36,0,19,-147.0,-129.0,-12.0,204.0
IQ,36,0,20,0.0,0.0,0.0,0.0
IQ,36,0,21,0.0,0.0,0.0,0.0
IQ,36,0,22,150.0,164.0,-126.0,-189.0
IQ,36,0,23,0.0,0.0,0.0,0.0
IQ,36,0,24,0.0,0.0,0.0,0.0
IQ,36,0,25,0.0,0.0,0.0,0.0
IQ,36,0,26,0.0,0.0,0.0,0.0
IQ,36,0,27,0.0,0.0,0.0,0.0
IQ,36,0,28,0.0,0.0,0.0,0.0
IQ,36,0,29,-277.0,-23.0,263.0,80.0
IQ,36,0,30,0.0,0.0,0.0,0.0
IQ,36,0,31,-275.0,-128.0,264.0,-140.0
IQ,36,0,32,0.0,0.0,0.0,0.0
IQ,36,0,33,-289.0,-154.0,161.0,-265.0
IQ,36,0,34,-293.0,-155.0,104.0,-298.0
IQ,36,0,35,191.0,-276.0,-319.0,8.0
IQ,36,0,36,319.0,-115.0,-187.0,261.0
IQ,36,0,37,184.0,-280.0,-282.0,149.0
IQ,36,0,38,149.0,-308.0,-252.0,190.0
IQ,36,0,39,-65.0,-333.0,-299.0,86.0
IQ,36,0,40,-94.0,-321.0,-285.0,129.0
IQ,36,0,41,260.0,211.0,304.0,-30.0
IQ,36,0,42,265.0,192.0,300.0,-44.0
IQ,36,0,43,-311.0,93.0,-269.0,-127.0
IQ,36,0,44,-107.0,302.0,-98.0,-273.0
IQ,36,0,45,148.0,276.0,56.0,-279.0
IQ,36,0,46,114.0,-283.0,213.0,180.0
IQ,36,0,47,-297.0,31.0,-219.0,148.0
IQ,36,0,48,-259.0,127.0,-241.0,95.0
IQ,36,0,49,210.0,181.0,-56.0,-241.0
IQ,36,0,50,141.0,-231.0,240.0,-35.0
IQ,36,0,51,177.0,193.0,-141.0,-184.0
IQ,36,0,52,-258.0,-23.0,-4.0,229.0
IQ,36,0,53,0.0,0.0,0.0,0.0
IQ,36,0,54,0.0,0.0,0.0,0.0
IQ,36,0,55,0.0,0.0,0.0,0.0
IQ,36,0,56,0.0,0.0,0.0,0.0
IQ,36,0,57,0.0,0.0,0.0,0.0
IQ,36,0,58,0.0,0.0,0.0,0.0
IQ,36,0,59,0.0,0.0,0.0,0.0
IQ,36,0,60,0.0,0.0,0.0,0.0
IQ,36,0,61,0.0,0.0,0.0,0.0
IQ,36,0,62,0.0,0.0,0.0,0.0
IQ,36,0,63,0.0,0.0,0.0,0.0
IQ,36,0,64,0.0,0.0,0.0,0.0
IQ,36,0,65,0.0,0.0,0.0,0.0
IQ,36,0,66,0.0,0.0,0.0,0.0
IQ,36,0,67,0.0,0.0,0.0,0.0
IQ,36,0,68,329.0,-81.0,-282.0,81.0
IQ,36,0,69,205.0,281.0,45.0,296.0
IQ,36,0,70,115.0,-340.0,-299.0,-77.0
IQ,36,0,71,214.0,300.0,184.0,257.0
IQ,36,0,72,-90.0,362.0,319.0,-30.0
IQ,36,0,73,-247.0,-286.0,-278.0,-174.0
IQ,36,0,74,343.0,172.0,247.0,221.0
IQ,36,0,75,-305.0,230.0,25.0,-333.0
IQ,36,0,76,-304.0,232.0,-64.0,-325.0
CS,36,0,1,nan,5.453,3.062,20,817
IQ,37,0,2,64.0,27.0,73.0,17.0
IQ,37,0,3,22.0,-62.0,-8.0,72.0
IQ,37,0,4,39.0,47.0,56.0,-39.0
IQ,37,0,5,52.0,28.0,60.0,-18.0
IQ,37,0,6,-40.0,40.0,-40.0,-48.0
IQ,37,0,7,-55.0,-10.0,-60.0,6.0
IQ,37,0,8,50.0,-19.0,49.0,26.0
IQ,37,0,9,13.0,52.0,22.0,-53.0
IQ,37,0,10,52.0,6.0,57.0,8.0
IQ,37,0,11,53.0,13.0,59.0,-1.0
IQ,37,0,12,29.0,-51.0,17.0,61.0
IQ,37,0,13,-36.0,52.0,-27.0,-62.0
IQ,37,0,14,34.0,-59.0,25.0,66.0
IQ,37,0,15,50.0,54.0,49.0,-58.0
IQ,37,0,16,65.0,45.0,58.0,-58.0
IQ,37,0,17,57.0,62.0,42.0,-78.0
IQ,37,0,18,49.0,80.0,15.0,-92.0
IQ,37,0,19,81.0,-52.0,96.0,-9.0
IQ,37,0,20,66.0,-78.0,102.0,-2.0
IQ,37,0,21,-86.0,62.0,-99.0,43.0
IQ,37,0,22,-68.0,88.0,-105.0,33.0
IQ,37,0,23,0.0,0.0,0.0,0.0
IQ,37,0,24,0.0,0.0,0.0,0.0
IQ,37,0,25,0.0,0.0,0.0,0.0
IQ,37,0,26,-121.0,-38.0,85.0,87.0
IQ,37,0,27,129.0,-19.0,-67.0,-108.0
IQ,37,0,28,-131.0,-35.0,116.0,54.0
IQ,37,0,29,-109.0,-88.0,131.0,-27.0
IQ,37,0,30,-36.0,-143.0,66.0,-123.0
IQ,37,0,31,144.0,-51.0,-135.0,-49.0
IQ,37,0,32,-138.0,-75.0,120.0,-86.0
IQ,37,0,33,-57.0,-152.0,-22.0,-149.0
IQ,37,0,34,106.0,-126.0,-148.0,-44.0
IQ,37,0,35,136.0,-98.0,-149.0,43.0
IQ,37,0,36,30.0,-168.0,-153.0,-33.0
IQ,37,0,37,62.0,-158.0,-150.0,42.0
IQ,37,0,38,-141.0,100.0,84.0,-132.0
IQ,37,0,39,124.0,113.0,142.0,57.0
IQ,37,0,40,0.0,0.0,0.0,0.0
IQ,37,0,41,106.0,-130.0,-10.0,150.0
IQ,37,0,42,128.0,100.0,144.0,-21.0
IQ,37,0,43,53.0,152.0,87.0,-113.0
IQ,37,0,44,128.0,95.0,119.0,-79.0
IQ,37,0,45,101.0,-120.0,105.0,89.0
IQ,37,0,46,43.0,148.0,-5.0,-133.0
IQ,37,0,47,-39.0,142.0,-94.0,-90.0
IQ,37,0,48,-93.0,110.0,-125.0,-6.0
IQ,37,0,49,-61.0,125.0,-120.0,-26.0
IQ,37,0,50,-68.0,119.0,-117.0,8.0
IQ,37,0,51,-131.0,-1.0,-36.0,109.0
IQ,37,0,52,-42.0,120.0,-109.0,24.0
IQ,37,0,53,104.0,70.0,-51.0,-93.0
IQ,37,0,54,-116.0,-41.0,34.0,98.0
IQ,37,0,55,-100.0,-71.0,77.0,71.0
IQ,37,0,56,-46.0,-112.0,102.0,16.0
IQ,37,0,57,-83.0,-90.0,96.0,35.0
IQ,37,0,58,-81.0,91.0,-43.0,94.0
IQ,37,0,59,37.0,118.0,-100.0,30.0
IQ,37,0,60,124.0,-19.0,-57.0,-89.0
IQ,37,0,61,87.0,-95.0,11.0,-109.0
IQ,37,0,62,-121.0,58.0,50.0,102.0
IQ,37,0,63,-136.0,-34.0,113.0,30.0
IQ,37,0,64,-70.0,-128.0,95.0,-80.0
IQ,37,0,65,10.0,-151.0,13.0,-127.0
IQ,37,0,66,-6.0,-158.0,0.0,-134.0
IQ,37,0,67,-33.0,161.0,51.0,126.0
IQ,37,0,68,-122.0,119.0,128.0,65.0
IQ,37,0,69,58.0,164.0,40.0,141.0
IQ,37,0,70,92.0,154.0,46.0,144.0
IQ,37,0,71,102.0,-152.0,-155.0,10.0
IQ,37,0,72,-43.0,-182.0,-138.0,-77.0
IQ,37,0,73,169.0,83.0,59.0,151.0
IQ,37,0,74,186.0,-39.0,6.0,164.0
IQ,37,0,75,103.0,-162.0,-87.0,141.0
IQ,37,0,76,73.0,177.0,155.0,-50.0
CS,37,0,1,4.099,5.150,2.556,19,648
IQ,38,0,2,50.0,49.0,76.0,-4.0
IQ,38,0,3,-6.0,-68.0,-46.0,54.0
IQ,38,0,4,61.0,-19.0,51.0,45.0
IQ,38,0,5,-44.0,42.0,-26.0,-60.0
IQ,38,0,6,47.0,-37.0,33.0,53.0
IQ,38,0,7,54.0,16.0,56.0,-3.0
IQ,38,0,8,47.0,-28.0,38.0,44.0
IQ,38,0,9,-31.0,43.0,-21.0,-52.0
IQ,38,0,10,-40.0,-36.0,-54.0,19.0
IQ,38,0,11,-51.0,-25.0,-58.0,-1.0
IQ,38,0,12,43.0,37.0,59.0,-15.0
IQ,38,0,13,35.0,-54.0,16.0,66.0
IQ,38,0,14,26.0,62.0,42.0,-56.0
IQ,38,0,15,-42.0,64.0,-33.0,-69.0
IQ,38,0,16,32.0,74.0,37.0,-73.0
IQ,38,0,17,-45.0,-76.0,-39.0,79.0
IQ,38,0,18,3.0,-94.0,21.0,91.0
IQ,38,0,19,-87.0,45.0,-98.0,2.0
IQ,38,0,20,22.0,102.0,-41.0,-95.0
IQ,38,0,21,-93.0,-56.0,-21.0,106.0
IQ,38,0,22,114.0,1.0,50.0,-99.0
IQ,38,0,23,0.0,0.0,0.0,0.0
IQ,38,0,24,0.0,0.0,0.0,0.0
IQ,38,0,25,0.0,0.0,0.0,0.0
IQ,38,0,26,72.0,105.0,-116.0,-35.0
IQ,38,0,27,-82.0,-106.0,125.0,17.0
IQ,38,0,28,97.0,-97.0,13.0,-129.0
IQ,38,0,29,85.0,116.0,-135.0,22.0
IQ,38,0,30,77.0,-130.0,-14.0,-136.0
IQ,38,0,31,-148.0,-47.0,142.0,-9.0
IQ,38,0,32,0.0,0.0,0.0,0.0
IQ,38,0,33,-20.0,-165.0,-25.0,-149.0
IQ,38,0,34,-156.0,-76.0,93.0,-123.0
IQ,38,0,35,-172.0,-4.0,119.0,-101.0
IQ,38,0,36,122.0,125.0,25.0,153.0
IQ,38,0,37,-108.0,141.0,146.0,-46.0
IQ,38,0,38,172.0,12.0,-12.0,153.0
IQ,38,0,39,-167.0,-34.0,-47.0,-148.0
IQ,38,0,40,0.0,0.0,0.0,0.0
IQ,38,0,41,-41.0,165.0,102.0,-111.0
IQ,38,0,42,98.0,137.0,146.0,-21.0
IQ,38,0,43,-69.0,-155.0,-120.0,82.0
IQ,38,0,44,161.0,-29.0,123.0,66.0
IQ,38,0,45,7.0,161.0,21.0,-136.0
IQ,38,0,46,-109.0,-116.0,-81.0,107.0
IQ,38,0,47,-140.0,66.0,-129.0,-22.0
IQ,38,0,48,76.0,130.0,4.0,-126.0
IQ,38,0,49,39.0,-140.0,95.0,76.0
IQ,38,0,50,-17.0,-140.0,70.0,95.0
IQ,38,0,51,-136.0,5.0,-61.0,98.0
IQ,38,0,52,132.0,-20.0,72.0,-84.0
IQ,38,0,53,119.0,-51.0,72.0,-81.0
IQ,38,0,54,-116.0,53.0,-61.0,85.0
IQ,38,0,55,0.0,0.0,0.0,0.0
IQ,38,0,56,7.0,-127.0,103.0,-6.0
IQ,38,0,57,37.0,122.0,-102.0,-15.0
IQ,38,0,58,103.0,-70.0,36.0,-95.0
IQ,38,0,59,-121.0,46.0,-8.0,105.0
IQ,38,0,60,19.0,-130.0,91.0,-55.0
IQ,38,0,61,109.0,-77.0,10.0,-109.0
IQ,38,0,62,-118.0,-78.0,110.0,33.0
IQ,38,0,63,114.0,88.0,-119.0,-7.0
IQ,38,0,64,82.0,-128.0,1.0,-124.0
IQ,38,0,65,151.0,46.0,-128.0,-20.0
IQ,38,0,66,-52.0,157.0,3.0,132.0
IQ,38,0,67,-36.0,-170.0,40.0,-133.0
IQ,38,0,68,35.0,173.0,-18.0,139.0
IQ,38,0,69,72.0,-168.0,-101.0,-109.0
IQ,38,0,70,99.0,-159.0,-132.0,-74.0
IQ,38,0,71,-193.0,-31.0,90.0,-125.0
IQ,38,0,72,12.0,-195.0,-139.0,-83.0
IQ,38,0,73,196.0,24.0,-34.0,159.0
IQ,38,0,74,-151.0,-130.0,-85.0,-141.0
IQ,38,0,75,-63.0,-189.0,-161.0,-25.0
IQ,38,0,76,-89.0,-180.0,-164.0,-8.0
CS,38,0,1,4.099,4.969,3.045,19,772
IQ,39,0,2,-53.0,49.0,-5.0,-76.0
IQ,39,0,3,60.0,-27.0,32.0,65.0
IQ,39,0,4,63.0,3.0,58.0,35.0
IQ,39,0,5,43.0,-42.0,21.0,62.0
IQ,39,0,6,-43.0,37.0,-26.0,-54.0
IQ,39,0,7,55.0,-8.0,53.0,30.0
IQ,39,0,8,46.0,-33.0,31.0,49.0
IQ,39,0,9,36.0,-37.0,20.0,52.0
IQ,39,0,10,55.0,5.0,52.0,21.0
IQ,39,0,11,44.0,-32.0,23.0,55.0
IQ,39,0,12,-29.0,-53.0,-57.0,29.0
IQ,39,0,13,25.0,57.0,48.0,-45.0
IQ,39,0,14,47.0,-53.0,25.0,67.0
IQ,39,0,15,-20.0,-75.0,-37.0,65.0
IQ,39,0,16,-77.0,-28.0,-84.0,11.0
IQ,39,0,17,10.0,88.0,6.0,-88.0
IQ,39,0,18,-2.0,93.0,-14.0,-92.0
IQ,39,0,19,50.0,-87.0,80.0,57.0
IQ,39,0,20,-44.0,-94.0,16.0,101.0
IQ,39,0,21,-105.0,-21.0,-59.0,87.0
IQ,39,0,22,-84.0,75.0,-107.0,29.0
IQ,39,0,23,0.0,0.0,0.0,0.0
IQ,39,0,24,0.0,0.0,0.0,0.0
IQ,39,0,25,0.0,0.0,0.0,0.0
IQ,39,0,26,-96.0,-88.0,97.0,71.0
IQ,39,0,27,92.0,95.0,-116.0,-49.0
IQ,39,0,28,-8.0,-138.0,107.0,-71.0
IQ,39,0,29,135.0,-45.0,-62.0,-119.0
IQ,39,0,30,139.0,54.0,-138.0,-25.0
IQ,39,0,31,124.0,93.0,-134.0,51.0
IQ,39,0,32,129.0,-96.0,-101.0,-109.0
IQ,39,0,33,130.0,-101.0,-133.0,-71.0
IQ,39,0,34,-3.0,170.0,57.0,142.0
IQ,39,0,35,0.0,0.0,0.0,0.0
IQ,39,0,36,163.0,-59.0,-138.0,73.0
IQ,39,0,37,103.0,-141.0,-153.0,34.0
IQ,39,0,38,173.0,15.0,-6.0,152.0
IQ,39,0,39,75.0,157.0,139.0,61.0
IQ,39,0,40,153.0,75.0,107.0,104.0
IQ,39,0,41,88.0,146.0,147.0,3.0
IQ,39,0,42,160.0,49.0,122.0,81.0
IQ,39,0,43,164.0,15.0,124.0,74.0
IQ,39,0,44,-162.0,42.0,-110.0,-92.0
IQ,39,0,45,-117.0,110.0,-85.0,-111.0
IQ,39,0,46,36.0,154.0,27.0,-135.0
IQ,39,0,47,-80.0,-130.0,-48.0,124.0
IQ,39,0,48,-90.0,119.0,-112.0,-60.0
IQ,39,0,49,-59.0,132.0,-100.0,-69.0
IQ,39,0,50,-68.0,121.0,-113.0,-38.0
IQ,39,0,51,-102.0,-91.0,12.0,114.0
IQ,39,0,52,129.0,-34.0,77.0,-80.0
IQ,39,0,53,-96.0,89.0,-103.0,37.0
IQ,39,0,54,55.0,-114.0,103.0,-23.0
IQ,39,0,55,15.0,-127.0,105.0,2.0
IQ,39,0,56,-93.0,-87.0,56.0,86.0
IQ,39,0,57,-92.0,-87.0,73.0,74.0
IQ,39,0,58,-126.0,22.0,-17.0,103.0
IQ,39,0,59,0.0,-130.0,101.0,-23.0
IQ,39,0,60,129.0,14.0,-39.0,-99.0
IQ,39,0,61,-110.0,81.0,-27.0,108.0
IQ,39,0,62,-64.0,126.0,-62.0,92.0
IQ,39,0,63,-145.0,-21.0,84.0,81.0
IQ,39,0,64,121.0,93.0,-122.0,-17.0
IQ,39,0,65,-157.0,28.0,99.0,79.0
IQ,39,0,66,34.0,-162.0,19.0,-133.0
IQ,39,0,67,-85.0,-151.0,83.0,-110.0
IQ,39,0,68,97.0,-148.0,-72.0,-124.0
IQ,39,0,69,171.0,60.0,-127.0,74.0
IQ,39,0,70,-117.0,-147.0,33.0,-148.0
IQ,39,0,71,54.0,185.0,63.0,143.0
IQ,39,0,72,196.0,-1.0,-105.0,121.0
IQ,39,0,73,16.0,198.0,138.0,85.0
IQ,39,0,74,176.0,93.0,57.0,152.0
IQ,39,0,75,178.0,95.0,94.0,135.0
IQ,39,0,76,-194.0,53.0,-7.0,-164.0
CS,39,0,1,4.099,5.012,2.348,21,658
IQ,40,0,2,39.0,-56.0,-8.0,78.0
IQ,40,0,3,51.0,44.0,71.0,-17.0
IQ,40,0,4,-19.0,59.0,6.0,-69.0
IQ,40,0,5,-56.0,19.0,-51.0,-44.0
IQ,40,0,6,55.0,23.0,62.0,-6.0
IQ,40,0,7,-57.0,-3.0,-60.0,-9.0
IQ,40,0,8,35.0,41.0,49.0,-27.0
IQ,40,0,9,49.0,-19.0,44.0,37.0
IQ,40,0,10,0.0,0.0,0.0,0.0
IQ,40,0,11,-45.0,30.0,-34.0,-49.0
IQ,40,0,12,-58.0,14.0,-51.0,-34.0
IQ,40,0,13,-64.0,9.0,-57.0,-35.0
IQ,40,0,14,68.0,3.0,69.0,14.0
IQ,40,0,15,50.0,-57.0,44.0,60.0
IQ,40,0,16,-2.0,82.0,-2.0,-82.0
IQ,40,0,17,0.0,0.0,0.0,0.0
IQ,40,0,18,88.0,23.0,77.0,-53.0
IQ,40,0,19,92.0,42.0,55.0,-82.0
IQ,40,0,20,0.0,0.0,0.0,0.0
IQ,40,0,21,57.0,-93.0,107.0,9.0
IQ,40,0,22,0.0,0.0,0.0,0.0
IQ,40,0,23,0.0,0.0,0.0,0.0
IQ,40,0,24,0.0,0.0,0.0,0.0
IQ,40,0,25,0.0,0.0,0.0,0.0
IQ,40,0,26,0.0,0.0,0.0,0.0
IQ,40,0,27,0.0,0.0,0.0,0.0
IQ,40,0,28,0.0,0.0,0.0,0.0
IQ,40,0,29,-139.0,32.0,84.0,103.0
IQ,40,0,30,0.0,0.0,0.0,0.0
IQ,40,0,31,-145.0,60.0,122.0,73.0
IQ,40,0,32,-69.0,144.0,61.0,134.0
IQ,40,0,33,-89.0,137.0,119.0,93.0
IQ,40,0,34,-167.0,30.0,147.0,-46.0
IQ,40,0,35,-47.0,165.0,135.0,75.0
IQ,40,0,36,58.0,162.0,99.0,118.0
IQ,40,0,37,-117.0,128.0,139.0,-69.0
IQ,40,0,38,-170.0,37.0,30.0,-153.0
IQ,40,0,39,-119.0,126.0,88.0,-126.0
IQ,40,0,40,167.0,-28.0,42.0,145.0
IQ,40,0,41,-170.0,18.0,-73.0,-130.0
IQ,40,0,42,9.0,170.0,109.0,-101.0
IQ,40,0,43,91.0,138.0,128.0,-63.0
IQ,40,0,44,-22.0,-165.0,-59.0,129.0
IQ,40,0,45,-159.0,-40.0,-139.0,22.0
IQ,40,0,46,11.0,158.0,-10.0,-135.0
IQ,40,0,47,114.0,103.0,56.0,-117.0
IQ,40,0,48,114.0,-96.0,124.0,23.0
IQ,40,0,49,-14.0,144.0,-93.0,-78.0
IQ,40,0,50,-11.0,139.0,-102.0,-60.0
IQ,40,0,51,-135.0,6.0,-63.0,95.0
IQ,40,0,52,-101.0,-86.0,40.0,104.0
IQ,40,0,53,103.0,-79.0,81.0,-68.0
IQ,40,0,54,51.0,-117.0,102.0,-30.0
IQ,40,0,55,59.0,-111.0,91.0,-48.0
IQ,40,0,56,-127.0,-8.0,5.0,103.0
IQ,40,0,57,-107.0,61.0,-47.0,92.0
IQ,40,0,58,-17.0,-124.0,102.0,-12.0
IQ,40,0,59,-111.0,-69.0,87.0,54.0
IQ,40,0,60,-128.0,30.0,24.0,103.0
IQ,40,0,61,123.0,-47.0,-29.0,-106.0
IQ,40,0,62,-9.0,-141.0,100.0,-54.0
IQ,40,0,63,-56.0,-136.0,107.0,-52.0
IQ,40,0,64,1.0,-154.0,73.0,-98.0
IQ,40,0,65,139.0,-79.0,-70.0,-107.0
IQ,40,0,66,15.0,165.0,-41.0,126.0
IQ,40,0,67,-11.0,-171.0,19.0,-136.0
IQ,40,0,68,36.0,173.0,-6.0,141.0
IQ,40,0,69,-26.0,181.0,69.0,130.0
IQ,40,0,70,-177.0,65.0,149.0,-25.0
IQ,40,0,71,-186.0,-50.0,77.0,-134.0
IQ,40,0,72,-43.0,-191.0,-120.0,-102.0
IQ,40,0,73,180.0,-88.0,-109.0,119.0
IQ,40,0,74,-175.0,-98.0,-78.0,-146.0
IQ,40,0,75,114.0,-167.0,-113.0,118.0
IQ,40,0,76,-189.0,66.0,-24.0,-160.0
CS,40,0,1,2.635,5.093,2.974,22,873
IQ,41,0,2,-14.0,67.0,24.0,-73.0
IQ,41,0,3,67.0,-3.0,69.0,23.0
IQ,41,0,4,-35.0,-52.0,-53.0,43.0
IQ,41,0,5,-18.0,-57.0,-28.0,57.0
IQ,41,0,6,1.0,57.0,6.0,-63.0
IQ,41,0,7,-10.0,53.0,-14.0,-58.0
IQ,41,0,8,-46.0,25.0,-47.0,-35.0
IQ,41,0,9,-47.0,-24.0,-54.0,17.0
IQ,41,0,10,-51.0,7.0,-53.0,-21.0
IQ,41,0,11,-47.0,31.0,-44.0,-40.0
IQ,41,0,12,-12.0,-56.0,-24.0,57.0
IQ,41,0,13,53.0,33.0,59.0,-29.0
IQ,41,0,14,68.0,-7.0,69.0,13.0
IQ,41,0,15,-19.0,-71.0,-16.0,75.0
IQ,41,0,16,3.0,-81.0,13.0,81.0
IQ,41,0,17,27.0,83.0,-1.0,-90.0
IQ,41,0,18,88.0,23.0,66.0,-68.0
IQ,41,0,19,-57.0,-79.0,4.0,98.0
IQ,41,0,20,23.0,-99.0,93.0,47.0
IQ,41,0,21,103.0,27.0,19.0,-104.0
IQ,41,0,22,-104.0,-35.0,14.0,106.0
IQ,41,0,23,0.0,0.0,0.0,0.0
IQ,41,0,24,0.0,0.0,0.0,0.0
IQ,41,0,25,0.0,0.0,0.0,0.0
IQ,41,0,26,4.0,-127.0,107.0,-58.0
IQ,41,0,27,0.0,0.0,0.0,0.0
IQ,41,0,28,105.0,85.0,-131.0,5.0
IQ,41,0,29,0.0,0.0,0.0,0.0
IQ,41,0,30,0.0,0.0,0.0,0.0
IQ,41,0,31,0.0,0.0,0.0,0.0
IQ,41,0,32,0.0,0.0,0.0,0.0
IQ,41,0,33,0.0,0.0,0.0,0.0
IQ,41,0,34,95.0,135.0,26.0,151.0
IQ,41,0,35,14.0,-168.0,-136.0,-76.0
IQ,41,0,36,-53.0,162.0,155.0,13.0
IQ,41,0,37,0.0,0.0,0.0,0.0
IQ,41,0,38,0.0,0.0,0.0,0.0
IQ,41,0,39,0.0,0.0,0.0,0.0
IQ,41,0,40,-44.0,162.0,88.0,-123.0
IQ,41,0,41,0.0,0.0,0.0,0.0
IQ,41,0,42,-164.0,-8.0,-132.0,-66.0
IQ,41,0,43,-45.0,-156.0,-75.0,126.0
IQ,41,0,44,22.0,-161.0,12.0,142.0
IQ,41,0,45,-139.0,-78.0,-110.0,83.0
IQ,41,0,46,-64.0,140.0,-94.0,-97.0
IQ,41,0,47,-127.0,80.0,-130.0,8.0
IQ,41,0,48,-73.0,125.0,-123.0,-32.0
IQ,41,0,49,71.0,121.0,-58.0,-109.0
IQ,41,0,50,-136.0,-15.0,-42.0,108.0
IQ,41,0,51,97.0,90.0,-50.0,-103.0
IQ,41,0,52,81.0,-100.0,97.0,-48.0
IQ,41,0,53,78.0,99.0,-83.0,-71.0
IQ,41,0,54,94.0,-80.0,61.0,-88.0
IQ,41,0,55,-7.0,-123.0,101.0,-16.0
IQ,41,0,56,79.0,91.0,-96.0,-40.0
IQ,41,0,57,-121.0,23.0,26.0,98.0
IQ,41,0,58,103.0,-66.0,10.0,-101.0
IQ,41,0,59,-63.0,-107.0,104.0,-2.0
IQ,41,0,60,93.0,84.0,-108.0,-4.0
IQ,41,0,61,-24.0,-129.0,85.0,-68.0
IQ,41,0,62,-108.0,78.0,39.0,107.0
IQ,41,0,63,-29.0,137.0,-29.0,114.0
IQ,41,0,64,-146.0,14.0,108.0,56.0
IQ,41,0,65,145.0,45.0,-127.0,16.0
IQ,41,0,66,-77.0,-140.0,60.0,-120.0
IQ,41,0,67,-140.0,86.0,131.0,36.0
IQ,41,0,68,79.0,-150.0,-114.0,-87.0
IQ,41,0,69,42.0,169.0,57.0,137.0
IQ,41,0,70,162.0,77.0,-36.0,145.0
IQ,41,0,71,-183.0,13.0,78.0,-133.0
IQ,41,0,72,-58.0,-179.0,-133.0,-92.0
IQ,41,0,73,156.0,108.0,90.0,132.0
IQ,41,0,74,184.0,49.0,80.0,143.0
IQ,41,0,75,-14.0,-192.0,-152.0,62.0
IQ,41,0,76,-166.0,96.0,-26.0,-161.0
CS,41,0,1,4.251,4.731,2.323,15,465
IQ,42,0,2,-43.0,-58.0,-75.0,19.0
IQ,42,0,3,-69.0,-7.0,-69.0,-27.0
IQ,42,0,4,-28.0,57.0,-6.0,-69.0
IQ,42,0,5,-52.0,34.0,-42.0,-48.0
IQ,42,0,6,-53.0,25.0,-48.0,-41.0
IQ,42,0,7,42.0,35.0,56.0,-25.0
IQ,42,0,8,54.0,-9.0,49.0,28.0
IQ,42,0,9,-36.0,41.0,-24.0,-53.0
IQ,42,0,10,-50.0,-24.0,-57.0,3.0
IQ,42,0,11,-23.0,53.0,-6.0,-61.0
IQ,42,0,12,62.0,-7.0,56.0,27.0
IQ,42,0,13,54.0,-34.0,47.0,48.0
IQ,42,0,14,68.0,-16.0,66.0,27.0
IQ,42,0,15,66.0,-36.0,61.0,46.0
IQ,42,0,16,-30.0,70.0,-18.0,-81.0
IQ,42,0,17,-80.0,36.0,-88.0,-19.0
IQ,42,0,18,-65.0,-69.0,-37.0,85.0
IQ,42,0,19,75.0,-65.0,96.0,15.0
IQ,42,0,20,59.0,86.0,-18.0,-102.0
IQ,42,0,21,-89.0,-62.0,-3.0,106.0
IQ,42,0,22,-104.0,49.0,-90.0,65.0
IQ,42,0,23,0.0,0.0,0.0,0.0
IQ,42,0,24,0.0,0.0,0.0,0.0
IQ,42,0,25,0.0,0.0,0.0,0.0
IQ,42,0,26,-38.0,-122.0,118.0,-10.0
IQ,42,0,27,-123.0,53.0,22.0,122.0
IQ,42,0,28,131.0,-46.0,-54.0,-119.0
IQ,42,0,29,-129.0,68.0,60.0,121.0
IQ,42,0,30,-107.0,110.0,61.0,125.0
IQ,42,0,31,28.0,-155.0,-11.0,-145.0
IQ,42,0,32,-158.0,-33.0,146.0,-35.0
IQ,42,0,33,-47.0,-161.0,-10.0,-151.0
IQ,42,0,34,165.0,-43.0,-148.0,45.0
IQ,42,0,35,-170.0,21.0,116.0,-102.0
IQ,42,0,36,-122.0,-124.0,-51.0,-148.0
IQ,42,0,37,-174.0,9.0,50.0,-147.0
IQ,42,0,38,171.0,34.0,25.0,152.0
IQ,42,0,39,70.0,159.0,150.0,24.0
IQ,42,0,40,148.0,-85.0,-16.0,149.0
IQ,42,0,41,18.0,172.0,132.0,-70.0
IQ,42,0,42,-132.0,-108.0,-148.0,-5.0
IQ,42,0,43,12.0,168.0,82.0,-118.0
IQ,42,0,44,156.0,-57.0,116.0,83.0
IQ,42,0,45,-153.0,-52.0,-134.0,39.0
IQ,42,0,46,87.0,131.0,50.0,-126.0
IQ,42,0,47,-143.0,-61.0,-95.0,91.0
IQ,42,0,48,95.0,-117.0,120.0,38.0
IQ,42,0,49,-135.0,57.0,-113.0,47.0
IQ,42,0,50,-23.0,-139.0,87.0,82.0
IQ,42,0,51,-98.0,94.0,-109.0,38.0
IQ,42,0,52,105.0,81.0,-25.0,-111.0
IQ,42,0,53,119.0,57.0,-22.0,-109.0
IQ,42,0,54,101.0,-79.0,79.0,-73.0
IQ,42,0,55,43.0,122.0,-98.0,-40.0
IQ,42,0,56,107.0,-72.0,53.0,-89.0
IQ,42,0,57,97.0,79.0,-80.0,-68.0
IQ,42,0,58,-99.0,-85.0,89.0,54.0
IQ,42,0,59,-3.0,128.0,-94.0,48.0
IQ,42,0,60,-54.0,-120.0,106.0,-19.0
IQ,42,0,61,10.0,-138.0,86.0,-73.0
IQ,42,0,62,51.0,-133.0,52.0,-102.0
IQ,42,0,63,-34.0,-142.0,94.0,-76.0
IQ,42,0,64,-133.0,75.0,61.0,106.0
IQ,42,0,65,-156.0,20.0,109.0,66.0
IQ,42,0,66,-164.0,-11.0,133.0,7.0
IQ,42,0,67,-114.0,-128.0,90.0,-106.0
IQ,42,0,68,176.0,14.0,-134.0,51.0
IQ,42,0,69,-70.0,-168.0,-8.0,-147.0
IQ,42,0,70,9.0,-188.0,-92.0,-122.0
IQ,42,0,71,20.0,190.0,110.0,111.0
IQ,42,0,72,167.0,102.0,8.0,157.0
IQ,42,0,73,-44.0,-196.0,-148.0,-68.0
IQ,42,0,74,-186.0,76.0,53.0,-155.0
IQ,42,0,75,200.0,10.0,39.0,159.0
IQ,42,0,76,185.0,76.0,121.0,108.0
CS,42,0,1,4.099,4.944,2.019,17,458
IQ,43,0,2,42.0,88.0,88.0,-68.0
IQ,43,0,3,41.0,82.0,72.0,-74.0
IQ,43,0,4,35.0,-81.0,23.0,95.0
IQ,43,0,5,-83.0,17.0,-91.0,-23.0
IQ,43,0,6,77.0,23.0,87.0,-17.0
IQ,43,0,7,-59.0,50.0,-68.0,-54.0
IQ,43,0,8,-72.0,-17.0,-81.0,9.0
IQ,43,0,9,-65.0,-34.0,-77.0,31.0
IQ,43,0,10,-59.0,45.0,-63.0,-56.0
IQ,43,0,11,74.0,28.0,84.0,-19.0
IQ,43,0,12,-29.0,78.0,-24.0,-85.0
IQ,43,0,13,-77.0,-46.0,-86.0,44.0
IQ,43,0,14,-74.0,63.0,-79.0,-66.0
IQ,43,0,15,-44.0,94.0,-69.0,-89.0
IQ,43,0,16,58.0,99.0,29.0,-118.0
IQ,43,0,17,-123.0,9.0,-121.0,43.0
IQ,43,0,18,-111.0,66.0,-135.0,13.0
IQ,43,0,19,134.0,29.0,83.0,-114.0
IQ,43,0,20,-137.0,-49.0,-29.0,148.0
IQ,43,0,21,31.0,149.0,-134.0,-80.0
IQ,43,0,22,134.0,78.0,-58.0,-149.0
IQ,43,0,23,0.0,0.0,0.0,0.0
IQ,43,0,24,0.0,0.0,0.0,0.0
IQ,43,0,25,0.0,0.0,0.0,0.0
IQ,43,0,26,13.0,-176.0,133.0,-118.0
IQ,43,0,27,101.0,153.0,-175.0,50.0
IQ,43,0,28,0.0,-192.0,97.0,-160.0
IQ,43,0,29,0.0,0.0,0.0,0.0
IQ,43,0,30,0.0,0.0,0.0,0.0
IQ,43,0,31,-194.0,86.0,202.0,53.0
IQ,43,0,32,0.0,0.0,0.0,0.0
IQ,43,0,33,-196.0,-119.0,83.0,-204.0
IQ,43,0,34,0.0,0.0,0.0,0.0
IQ,43,0,35,-204.0,-124.0,-22.0,-226.0
IQ,43,0,36,-215.0,106.0,143.0,-177.0
IQ,43,0,37,-239.0,-22.0,-24.0,-225.0
IQ,43,0,38,0.0,0.0,0.0,0.0
IQ,43,0,39,86.0,220.0,217.0,-44.0
IQ,43,0,40,0.0,0.0,0.0,0.0
IQ,43,0,41,63.0,223.0,162.0,-143.0
IQ,43,0,42,207.0,-104.0,143.0,157.0
IQ,43,0,43,40.0,-225.0,12.0,209.0
IQ,43,0,44,228.0,-15.0,202.0,-9.0
IQ,43,0,45,-96.0,-200.0,-21.0,201.0
IQ,43,0,46,186.0,-110.0,194.0,-8.0
IQ,43,0,47,128.0,-168.0,188.0,27.0
IQ,43,0,48,178.0,-103.0,167.0,-77.0
IQ,43,0,49,156.0,124.0,-44.0,-173.0
IQ,43,0,50,-49.0,-188.0,146.0,89.0
IQ,43,0,51,6.0,188.0,-166.0,-18.0
IQ,43,0,52,-165.0,-81.0,66.0,145.0
IQ,43,0,53,-75.0,160.0,-133.0,83.0
IQ,43,0,54,-172.0,-31.0,54.0,144.0
IQ,43,0,55,-140.0,-93.0,127.0,79.0
IQ,43,0,56,-160.0,57.0,22.0,146.0
IQ,43,0,57,9.0,170.0,-123.0,82.0
IQ,43,0,58,74.0,154.0,-144.0,37.0
IQ,43,0,59,-56.0,-166.0,129.0,-75.0
IQ,43,0,60,-22.0,-177.0,101.0,-113.0
IQ,43,0,61,181.0,2.0,-131.0,-86.0
IQ,43,0,62,163.0,91.0,-159.0,24.0
IQ,43,0,63,166.0,-104.0,-122.0,-117.0
IQ,43,0,64,161.0,119.0,-151.0,85.0
IQ,43,0,65,208.0,28.0,-178.0,32.0
IQ,43,0,66,216.0,-40.0,-188.0,11.0
IQ,43,0,67,-229.0,40.0,192.0,-43.0
IQ,43,0,68,237.0,1.0,-167.0,114.0
IQ,43,0,69,-110.0,-217.0,-87.0,-192.0
IQ,43,0,70,245.0,46.0,-83.0,199.0
IQ,43,0,71,245.0,79.0,-8.0,221.0
IQ,43,0,72,-189.0,-184.0,-166.0,-155.0
IQ,43,0,73,224.0,142.0,168.0,156.0
IQ,43,0,74,261.0,-57.0,40.0,229.0
IQ,43,0,75,-193.0,186.0,37.0,-230.0
IQ,43,0,76,-1.0,-267.0,-133.0,193.0
CS,43,0,1,4.327,4.921,2.477,22,727
IQ,44,0,2,-138.0,27.0,-122.0,-103.0
IQ,44,0,3,127.0,-22.0,129.0,72.0
IQ,44,0,4,-85.0,90.0,-72.0,-122.0
IQ,44,0,5,-116.0,-32.0,-133.0,20.0
IQ,44,0,6,-111.0,30.0,-120.0,-44.0
IQ,44,0,7,-96.0,-56.0,-111.0,51.0
IQ,44,0,8,100.0,25.0,118.0,-7.0
IQ,44,0,9,39.0,-100.0,30.0,110.0
IQ,44,0,10,-15.0,-106.0,-34.0,112.0
IQ,44,0,11,44.0,-99.0,34.0,117.0
IQ,44,0,12,-93.0,-70.0,-111.0,65.0
IQ,44,0,13,-17.0,-125.0,-31.0,134.0
IQ,44,0,14,-134.0,0.0,-148.0,-11.0
IQ,44,0,15,0.0,0.0,0.0,0.0
IQ,44,0,16,-55.0,-148.0,-24.0,169.0
IQ,44,0,17,120.0,-125.0,170.0,59.0
IQ,44,0,18,132.0,-130.0,188.0,43.0
IQ,44,0,19,0.0,0.0,0.0,0.0
IQ,44,0,20,94.0,-184.0,211.0,14.0
IQ,44,0,21,-175.0,-124.0,62.0,212.0
IQ,44,0,22,0.0,0.0,0.0,0.0
IQ,44,0,23,0.0,0.0,0.0,0.0
IQ,44,0,24,0.0,0.0,0.0,0.0
IQ,44,0,25,0.0,0.0,0.0,0.0
IQ,44,0,26,0.0,0.0,0.0,0.0
IQ,44,0,27,216.0,-145.0,-52.0,-254.0
IQ,44,0,28,0.0,0.0,0.0,0.0
IQ,44,0,29,156.0,-230.0,-69.0,-264.0
IQ,44,0,30,0.0,0.0,0.0,0.0
IQ,44,0,31,0.0,0.0,0.0,0.0
IQ,44,0,32,-73.0,-306.0,-9.0,-305.0
IQ,44,0,33,0.0,0.0,0.0,0.0
IQ,44,0,34,0.0,0.0,0.0,0.0
IQ,44,0,35,339.0,53.0,-128.0,293.0
IQ,44,0,36,-117.0,318.0,317.0,-45.0
IQ,44,0,37,67.0,-334.0,-310.0,73.0
IQ,44,0,38,0.0,0.0,0.0,0.0
IQ,44,0,39,-24.0,336.0,256.0,-184.0
IQ,44,0,40,157.0,-293.0,-105.0,294.0
IQ,44,0,41,324.0,-43.0,232.0,198.0
IQ,44,0,42,0.0,0.0,0.0,0.0
IQ,44,0,43,279.0,-166.0,213.0,208.0
IQ,44,0,44,-125.0,295.0,-120.0,-268.0
IQ,44,0,45,-105.0,-298.0,-17.0,284.0
IQ,44,0,46,233.0,200.0,97.0,-258.0
IQ,44,0,47,-261.0,-148.0,-92.0,253.0
IQ,44,0,48,12.0,287.0,-211.0,-156.0
IQ,44,0,49,-58.0,276.0,-242.0,-73.0
IQ,44,0,50,-231.0,-148.0,69.0,232.0
IQ,44,0,51,-262.0,34.0,-74.0,221.0
IQ,44,0,52,-233.0,107.0,-100.0,203.0
IQ,44,0,53,0.0,0.0,0.0,0.0
IQ,44,0,54,-194.0,153.0,-100.0,191.0
IQ,44,0,55,0.0,0.0,0.0,0.0
IQ,44,0,56,0.0,0.0,0.0,0.0
IQ,44,0,57,-64.0,233.0,-146.0,149.0
IQ,44,0,58,0.0,0.0,0.0,0.0
IQ,44,0,59,0.0,0.0,0.0,0.0
IQ,44,0,60,-250.0,62.0,139.0,167.0
IQ,44,0,61,190.0,-173.0,-65.0,-214.0
IQ,44,0,62,-193.0,-182.0,222.0,-68.0
IQ,44,0,63,0.0,0.0,0.0,0.0
IQ,44,0,64,63.0,-282.0,-4.0,-250.0
IQ,44,0,65,275.0,120.0,-236.0,109.0
IQ,44,0,66,0.0,0.0,0.0,0.0
IQ,44,0,67,0.0,0.0,0.0,0.0
IQ,44,0,68,262.0,-215.0,-289.0,-21.0
IQ,44,0,69,348.0,23.0,-187.0,232.0
IQ,44,0,70,14.0,355.0,261.0,157.0
IQ,44,0,71,337.0,-138.0,-190.0,250.0
IQ,44,0,72,-32.0,369.0,319.0,-10.0
IQ,44,0,73,82.0,368.0,326.0,33.0
IQ,44,0,74,-216.0,317.0,184.0,-277.0
IQ,44,0,75,340.0,179.0,302.0,135.0
IQ,44,0,76,323.0,202.0,325.0,43.0
CS,44,0,1,4.099,5.361,2.209,21,619
IQ,45,0,2,48.0,86.0,113.0,-109.0
IQ,45,0,3,36.0,-86.0,34.0,146.0
IQ,45,0,4,-57.0,66.0,-87.0,-114.0
IQ,45,0,5,-84.0,-4.0,-133.0,5.0
IQ,45,0,6,11.0,77.0,6.0,-128.0
IQ,45,0,7,-6.0,-77.0,-1.0,119.0
IQ,45,0,8,-74.0,-12.0,-116.0,28.0
IQ,45,0,9,-65.0,32.0,-114.0,-32.0
IQ,45,0,10,36.0,-66.0,62.0,102.0
IQ,45,0,11,-69.0,-35.0,-107.0,57.0
IQ,45,0,12,-33.0,78.0,-50.0,-119.0
IQ,45,0,13,87.0,-20.0,136.0,10.0
IQ,45,0,14,67.0,-68.0,121.0,84.0
IQ,45,0,15,56.0,85.0,46.0,-151.0
IQ,45,0,16,-1.0,114.0,-67.0,-155.0
IQ,45,0,17,0.0,0.0,0.0,0.0
IQ,45,0,18,0.0,0.0,0.0,0.0
IQ,45,0,19,101.0,90.0,-33.0,-200.0
IQ,45,0,20,68.0,124.0,-140.0,-158.0
IQ,45,0,21,49.0,141.0,-186.0,-121.0
IQ,45,0,22,-91.0,123.0,-192.0,122.0
IQ,45,0,23,0.0,0.0,0.0,0.0
IQ,45,0,24,0.0,0.0,0.0,0.0
IQ,45,0,25,0.0,0.0,0.0,0.0
IQ,45,0,26,103.0,145.0,-247.0,44.0
IQ,45,0,27,0.0,0.0,0.0,0.0
IQ,45,0,28,0.0,0.0,0.0,0.0
IQ,45,0,29,187.0,-65.0,-229.0,-150.0
IQ,45,0,30,-88.0,-186.0,102.0,-263.0
IQ,45,0,31,31.0,-214.0,-126.0,-265.0
IQ,45,0,32,-31.0,-218.0,-116.0,-280.0
IQ,45,0,33,0.0,0.0,0.0,0.0
IQ,45,0,34,44.0,-228.0,-298.0,-111.0
IQ,45,0,35,209.0,110.0,52.0,319.0
IQ,45,0,36,0.0,0.0,0.0,0.0
IQ,45,0,37,96.0,224.0,320.0,38.0
IQ,45,0,38,165.0,173.0,301.0,87.0
IQ,45,0,39,-132.0,198.0,89.0,-302.0
IQ,45,0,40,204.0,113.0,308.0,35.0
IQ,45,0,41,234.0,-11.0,279.0,130.0
IQ,45,0,42,0.0,0.0,0.0,0.0
IQ,45,0,43,-200.0,120.0,-262.0,-146.0
IQ,45,0,44,-199.0,107.0,-287.0,-60.0
IQ,45,0,45,218.0,41.0,222.0,-180.0
IQ,45,0,46,-40.0,212.0,-210.0,-186.0
IQ,45,0,47,208.0,13.0,157.0,-219.0
IQ,45,0,48,-85.0,187.0,-259.0,-24.0
IQ,45,0,49,-87.0,178.0,-248.0,25.0
IQ,45,0,50,162.0,101.0,-95.0,-221.0
IQ,45,0,51,47.0,179.0,-222.0,-58.0
IQ,45,0,52,114.0,-139.0,147.0,-171.0
IQ,45,0,53,-162.0,-76.0,152.0,165.0
IQ,45,0,54,-18.0,-173.0,201.0,-77.0
IQ,45,0,55,-147.0,-90.0,189.0,101.0
IQ,45,0,56,94.0,-142.0,59.0,-207.0
IQ,45,0,57,-2.0,-170.0,155.0,-140.0
IQ,45,0,58,-141.0,-103.0,211.0,23.0
IQ,45,0,59,174.0,4.0,-181.0,-115.0
IQ,45,0,60,-167.0,60.0,145.0,157.0
IQ,45,0,61,113.0,145.0,-192.0,104.0
IQ,45,0,62,133.0,134.0,-206.0,109.0
IQ,45,0,63,-196.0,26.0,236.0,51.0
IQ,45,0,64,-185.0,-90.0,218.0,-117.0
IQ,45,0,65,-81.0,197.0,146.0,217.0
IQ,45,0,66,-2.0,-222.0,-86.0,-255.0
IQ,45,0,67,-163.0,-163.0,55.0,-275.0
IQ,45,0,68,236.0,20.0,-195.0,215.0
IQ,45,0,69,238.0,-51.0,-220.0,200.0
IQ,45,0,70,-116.0,224.0,306.0,-33.0
IQ,45,0,71,259.0,7.0,-24.0,316.0
IQ,45,0,72,-253.0,73.0,63.0,-316.0
IQ,45,0,73,-168.0,213.0,189.0,-268.0
IQ,45,0,74,61.0,-262.0,-249.0,219.0
IQ,45,0,75,-267.0,-32.0,-260.0,-209.0
IQ,45,0,76,-196.0,185.0,-84.0,-320.0
CS,45,0,1,4.099,4.877,3.894,20,1039
IQ,46,0,2,-67.0,-27.0,-68.0,-34.0
IQ,46,0,3,41.0,-53.0,-3.0,73.0
IQ,46,0,4,-34.0,55.0,-1.0,-70.0
IQ,46,0,5,-43.0,-42.0,-62.0,20.0
IQ,46,0,6,10.0,-59.0,-13.0,59.0
IQ,46,0,7,-57.0,-4.0,-58.0,-15.0
IQ,46,0,8,-21.0,-49.0,-41.0,41.0
IQ,46,0,9,39.0,35.0,53.0,-19.0
IQ,46,0,10,51.0,19.0,56.0,5.0
IQ,46,0,11,-19.0,52.0,5.0,-60.0
IQ,46,0,12,0.0,0.0,0.0,0.0
IQ,46,0,13,41.0,49.0,61.0,-26.0
IQ,46,0,14,-49.0,50.0,-32.0,-65.0
IQ,46,0,15,-76.0,-14.0,-78.0,-10.0
IQ,46,0,16,-13.0,-80.0,-21.0,79.0
IQ,46,0,17,82.0,31.0,79.0,-38.0
IQ,46,0,18,92.0,-21.0,93.0,-5.0
IQ,46,0,19,20.0,-96.0,57.0,79.0
IQ,46,0,20,-90.0,47.0,-102.0,14.0
IQ,46,0,21,109.0,0.0,70.0,-80.0
IQ,46,0,22,-15.0,111.0,-98.0,-50.0
IQ,46,0,23,0.0,0.0,0.0,0.0
IQ,46,0,24,0.0,0.0,0.0,0.0
IQ,46,0,25,0.0,0.0,0.0,0.0
IQ,46,0,26,-121.0,-38.0,68.0,101.0
IQ,46,0,27,112.0,-70.0,2.0,-123.0
IQ,46,0,28,90.0,108.0,-130.0,-6.0
IQ,46,0,29,-21.0,142.0,-82.0,105.0
IQ,46,0,30,-149.0,-14.0,130.0,53.0
IQ,46,0,31,-153.0,30.0,124.0,70.0
IQ,46,0,32,-161.0,-2.0,147.0,19.0
IQ,46,0,33,-81.0,147.0,96.0,114.0
IQ,46,0,34,81.0,149.0,-12.0,154.0
IQ,46,0,35,-129.0,113.0,158.0,16.0
IQ,46,0,36,167.0,-49.0,-124.0,97.0
IQ,46,0,37,-162.0,66.0,116.0,-107.0
IQ,46,0,38,21.0,-175.0,-155.0,-4.0
IQ,46,0,39,-105.0,137.0,111.0,-106.0
IQ,46,0,40,123.0,-121.0,-67.0,137.0
IQ,46,0,41,-165.0,-47.0,-114.0,-95.0
IQ,46,0,42,-15.0,168.0,99.0,-111.0
IQ,46,0,43,-98.0,-137.0,-134.0,60.0
IQ,46,0,44,-163.0,25.0,-124.0,-73.0
IQ,46,0,45,80.0,-142.0,50.0,132.0
IQ,46,0,46,151.0,39.0,129.0,-41.0
IQ,46,0,47,-156.0,8.0,-128.0,26.0
IQ,46,0,48,-97.0,117.0,-117.0,-52.0
IQ,46,0,49,110.0,97.0,25.0,-119.0
IQ,46,0,50,116.0,-82.0,117.0,-20.0
IQ,46,0,51,0.0,0.0,0.0,0.0
IQ,46,0,52,0.0,0.0,0.0,0.0
IQ,46,0,53,0.0,0.0,0.0,0.0
IQ,46,0,54,0.0,0.0,0.0,0.0
IQ,46,0,55,103.0,-75.0,70.0,-76.0
IQ,46,0,56,0.0,0.0,0.0,0.0
IQ,46,0,57,0.0,0.0,0.0,0.0
IQ,46,0,58,0.0,0.0,0.0,0.0
IQ,46,0,59,0.0,0.0,0.0,0.0
IQ,46,0,60,0.0,0.0,0.0,0.0
IQ,46,0,61,0.0,0.0,0.0,0.0
IQ,46,0,62,0.0,0.0,0.0,0.0
IQ,46,0,63,0.0,0.0,0.0,0.0
IQ,46,0,64,0.0,0.0,0.0,0.0
IQ,46,0,65,0.0,0.0,0.0,0.0
IQ,46,0,66,0.0,0.0,0.0,0.0
IQ,46,0,67,0.0,0.0,0.0,0.0
IQ,46,0,68,168.0,36.0,-140.0,28.0
IQ,46,0,69,-128.0,125.0,134.0,60.0
IQ,46,0,70,-87.0,-165.0,-14.0,-151.0
IQ,46,0,71,-144.0,129.0,155.0,2.0
IQ,46,0,72,20.0,-195.0,-131.0,-91.0
IQ,46,0,73,25.0,197.0,142.0,76.0
IQ,46,0,74,-186.0,-76.0,-51.0,-156.0
IQ,46,0,75,-202.0,-5.0,-23.0,-163.0
IQ,46,0,76,117.0,-163.0,-91.0,134.0
CS,46,0,1,4.099,5.418,4.036,14,754
IQ,47,0,2,13.0,96.0,93.0,-130.0
IQ,47,0,3,40.0,-85.0,21.0,148.0
IQ,47,0,4,73.0,-52.0,92.0,107.0
IQ,47,0,5,-76.0,37.0,-113.0,-69.0
IQ,47,0,6,18.0,75.0,32.0,-122.0
IQ,47,0,7,49.0,56.0,78.0,-92.0
IQ,47,0,8,-73.0,21.0,-114.0,-34.0
IQ,47,0,9,61.0,37.0,99.0,-64.0
IQ,47,0,10,45.0,59.0,77.0,-86.0
IQ,47,0,11,15.0,-73.0,30.0,116.0
IQ,47,0,12,50.0,67.0,83.0,-94.0
IQ,47,0,13,58.0,-69.0,84.0,107.0
IQ,47,0,14,-52.0,82.0,-84.0,-116.0
IQ,47,0,15,-92.0,-53.0,-121.0,99.0
IQ,47,0,16,-113.0,-7.0,-160.0,65.0
IQ,47,0,17,-68.0,103.0,-151.0,-97.0
IQ,47,0,18,131.0,-1.0,155.0,-112.0
IQ,47,0,19,107.0,85.0,13.0,-199.0
IQ,47,0,20,13.0,-143.0,192.0,89.0
IQ,47,0,21,121.0,-90.0,174.0,-134.0
IQ,47,0,22,-14.0,-155.0,223.0,39.0
IQ,47,0,23,0.0,0.0,0.0,0.0
IQ,47,0,24,0.0,0.0,0.0,0.0
IQ,47,0,25,0.0,0.0,0.0,0.0
IQ,47,0,26,0.0,0.0,0.0,0.0
IQ,47,0,27,0.0,0.0,0.0,0.0
IQ,47,0,28,0.0,0.0,0.0,0.0
IQ,47,0,29,0.0,0.0,0.0,0.0
IQ,47,0,30,0.0,0.0,0.0,0.0
IQ,47,0,31,0.0,0.0,0.0,0.0
IQ,47,0,32,-200.0,96.0,301.0,11.0
IQ,47,0,33,0.0,0.0,0.0,0.0
IQ,47,0,34,40.0,232.0,213.0,239.0
IQ,47,0,35,0.0,0.0,0.0,0.0
IQ,47,0,36,0.0,0.0,0.0,0.0
IQ,47,0,37,0.0,0.0,0.0,0.0
IQ,47,0,38,220.0,88.0,222.0,231.0
IQ,47,0,39,0.0,0.0,0.0,0.0
IQ,47,0,40,-135.0,194.0,12.0,-309.0
IQ,47,0,41,0.0,0.0,0.0,0.0
IQ,47,0,42,41.0,-227.0,-59.0,296.0
IQ,47,0,43,205.0,-104.0,250.0,158.0
IQ,47,0,44,212.0,76.0,258.0,-136.0
IQ,47,0,45,-37.0,218.0,-171.0,-231.0
IQ,47,0,46,91.0,194.0,-41.0,-275.0
IQ,47,0,47,207.0,-26.0,211.0,-165.0
IQ,47,0,48,-158.0,125.0,-247.0,78.0
IQ,47,0,49,-198.0,11.0,-114.0,222.0
IQ,47,0,50,-162.0,100.0,-177.0,164.0
IQ,47,0,51,-107.0,-153.0,185.0,142.0
IQ,47,0,52,126.0,-130.0,159.0,-164.0
IQ,47,0,53,-99.0,149.0,-160.0,150.0
IQ,47,0,54,174.0,30.0,-95.0,-195.0
IQ,47,0,55,-167.0,-44.0,132.0,168.0
IQ,47,0,56,156.0,73.0,-178.0,-113.0
IQ,47,0,57,156.0,76.0,-190.0,-91.0
IQ,47,0,58,-101.0,-141.0,209.0,-24.0
IQ,47,0,59,0.0,0.0,0.0,0.0
IQ,47,0,60,0.0,0.0,0.0,0.0
IQ,47,0,61,0.0,0.0,0.0,0.0
IQ,47,0,62,21.0,189.0,-104.0,202.0
IQ,47,0,63,134.0,143.0,-193.0,144.0
IQ,47,0,64,199.0,34.0,-247.0,24.0
IQ,47,0,65,-148.0,-154.0,149.0,-212.0
IQ,47,0,66,-48.0,-216.0,-7.0,-269.0
IQ,47,0,67,0.0,0.0,0.0,0.0
IQ,47,0,68,-238.0,23.0,241.0,-159.0
IQ,47,0,69,-224.0,-104.0,64.0,-292.0
IQ,47,0,70,-123.0,-221.0,-170.0,-256.0
IQ,47,0,71,-90.0,-243.0,-261.0,-179.0
IQ,47,0,72,179.0,-193.0,-249.0,207.0
IQ,47,0,73,206.0,-171.0,-150.0,290.0
IQ,47,0,74,127.0,237.0,330.0,-2.0
IQ,47,0,75,56.0,264.0,296.0,-150.0
IQ,47,0,76,-270.0,10.0,-283.0,-169.0
CS,47,0,1,4.285,5.121,2.018,13,350
IQ,48,0,2,0.0,0.0,0.0,0.0
IQ,48,0,3,-41.0,-85.0,-73.0,77.0
IQ,48,0,4,0.0,0.0,0.0,0.0
IQ,48,0,5,0.0,0.0,0.0,0.0
IQ,48,0,6,46.0,63.0,54.0,-75.0
IQ,48,0,7,0.0,0.0,0.0,0.0
IQ,48,0,8,-74.0,-12.0,-85.0,7.0
IQ,48,0,9,-4.0,-74.0,-7.0,80.0
IQ,48,0,10,-75.0,6.0,-81.0,-19.0
IQ,48,0,11,0.0,77.0,11.0,-84.0
IQ,48,0,12,0.0,0.0,0.0,0.0
IQ,48,0,13,70.0,-50.0,74.0,58.0
IQ,48,0,14,18.0,-93.0,27.0,99.0
IQ,48,0,15,0.0,0.0,0.0,0.0
IQ,48,0,16,0.0,0.0,0.0,0.0
IQ,48,0,17,115.0,37.0,90.0,-92.0
IQ,48,0,18,0.0,0.0,0.0,0.0
IQ,48,0,19,0.0,0.0,0.0,0.0
IQ,48,0,20,0.0,0.0,0.0,0.0
IQ,48,0,21,-145.0,50.0,-91.0,125.0
IQ,48,0,22,112.0,109.0,-104.0,-123.0
IQ,48,0,23,0.0,0.0,0.0,0.0
IQ,48,0,24,0.0,0.0,0.0,0.0
IQ,48,0,25,0.0,0.0,0.0,0.0
IQ,48,0,26,0.0,0.0,0.0,0.0
IQ,48,0,27,0.0,0.0,0.0,0.0
IQ,48,0,28,0.0,0.0,0.0,0.0
IQ,48,0,29,-198.0,-21.0,188.0,50.0
IQ,48,0,30,-143.0,-149.0,139.0,-139.0
IQ,48,0,31,-215.0,29.0,208.0,-7.0
IQ,48,0,32,-179.0,126.0,206.0,62.0
IQ,48,0,33,223.0,49.0,-153.0,158.0
IQ,48,0,34,-146.0,-183.0,-41.0,-219.0
IQ,48,0,35,-221.0,86.0,159.0,-154.0
IQ,48,0,36,-201.0,131.0,148.0,-173.0
IQ,48,0,37,3.0,-238.0,-224.0,24.0
IQ,48,0,38,-127.0,204.0,157.0,-159.0
IQ,48,0,39,-83.0,-225.0,-215.0,58.0
IQ,48,0,40,69.0,-227.0,-96.0,196.0
IQ,48,0,41,228.0,57.0,209.0,55.0
IQ,48,0,42,214.0,90.0,214.0,-8.0
IQ,48,0,43,0.0,0.0,0.0,0.0
IQ,48,0,44,112.0,195.0,81.0,-189.0
IQ,48,0,45,-221.0,7.0,-191.0,63.0
IQ,48,0,46,211.0,40.0,147.0,-129.0
IQ,48,0,47,209.0,-11.0,142.0,-121.0
IQ,48,0,48,153.0,133.0,-4.0,-181.0
IQ,48,0,49,-198.0,-19.0,-53.0,169.0
IQ,48,0,50,192.0,-11.0,57.0,-160.0
IQ,48,0,51,185.0,-13.0,34.0,-163.0
IQ,48,0,52,-60.0,171.0,-151.0,53.0
IQ,48,0,53,-132.0,-117.0,116.0,101.0
IQ,48,0,54,-175.0,20.0,30.0,147.0
IQ,48,0,55,101.0,141.0,-149.0,-31.0
IQ,48,0,56,37.0,-164.0,116.0,-93.0
IQ,48,0,57,-116.0,-127.0,146.0,16.0
IQ,48,0,58,-95.0,-141.0,148.0,-11.0
IQ,48,0,59,-116.0,-129.0,151.0,-16.0
IQ,48,0,60,169.0,-60.0,-88.0,-126.0
IQ,48,0,61,-33.0,-180.0,111.0,-112.0
IQ,48,0,62,159.0,-103.0,-88.0,-136.0
IQ,48,0,63,66.0,185.0,-96.0,138.0
IQ,48,0,64,112.0,172.0,-118.0,130.0
IQ,48,0,65,209.0,51.0,-172.0,61.0
IQ,48,0,66,-203.0,-94.0,158.0,-107.0
IQ,48,0,67,192.0,-127.0,-196.0,-28.0
IQ,48,0,68,-60.0,232.0,159.0,128.0
IQ,48,0,69,-236.0,72.0,183.0,-107.0
IQ,48,0,70,123.0,-222.0,-217.0,8.0
IQ,48,0,71,249.0,-71.0,-113.0,191.0
IQ,48,0,72,-258.0,54.0,48.0,-222.0
IQ,48,0,73,-224.0,-150.0,-170.0,-158.0
IQ,48,0,74,212.0,165.0,207.0,103.0
IQ,48,0,75,-52.0,-264.0,-201.0,118.0
IQ,48,0,76,0.0,0.0,0.0,0.0
CS,48,0,1,3.513,5.159,2.773,16,592
IQ,49,0,2,-54.0,42.0,-18.0,-76.0
IQ,49,0,3,67.0,12.0,68.0,27.0
IQ,49,0,4,14.0,62.0,44.0,-55.0
IQ,49,0,5,-43.0,42.0,-26.0,-61.0
IQ,49,0,6,15.0,56.0,36.0,-52.0
IQ,49,0,7,51.0,21.0,60.0,-5.0
IQ,49,0,8,43.0,-37.0,26.0,51.0
IQ,49,0,9,0.0,0.0,0.0,0.0
IQ,49,0,10,43.0,-35.0,28.0,50.0
IQ,49,0,11,47.0,-30.0,34.0,49.0
IQ,49,0,12,-59.0,0.0,-58.0,-26.0
IQ,49,0,13,61.0,-17.0,54.0,37.0
IQ,49,0,14,0.0,0.0,0.0,0.0
IQ,49,0,15,0.0,0.0,0.0,0.0
IQ,49,0,16,-46.0,-68.0,-55.0,62.0
IQ,49,0,17,46.0,-76.0,51.0,72.0
IQ,49,0,18,-57.0,-74.0,-33.0,84.0
IQ,49,0,19,95.0,21.0,73.0,-67.0
IQ,49,0,20,-80.0,-77.0,-13.0,99.0
IQ,49,0,21,-111.0,-6.0,-68.0,84.0
IQ,49,0,22,0.0,0.0,0.0,0.0
IQ,49,0,23,0.0,0.0,0.0,0.0
IQ,49,0,24,0.0,0.0,0.0,0.0
IQ,49,0,25,0.0,0.0,0.0,0.0
IQ,49,0,26,41.0,-123.0,103.0,-69.0
IQ,49,0,27,0.0,0.0,0.0,0.0
IQ,49,0,28,-114.0,-78.0,122.0,43.0
IQ,49,0,29,83.0,-115.0,1.0,-136.0
IQ,49,0,30,64.0,-136.0,-3.0,-137.0
IQ,49,0,31,-139.0,70.0,111.0,95.0
IQ,49,0,32,152.0,45.0,-145.0,30.0
IQ,49,0,33,126.0,-107.0,-137.0,-64.0
IQ,49,0,34,161.0,54.0,-116.0,102.0
IQ,49,0,35,-95.0,-145.0,-19.0,-156.0
IQ,49,0,36,17.0,174.0,124.0,93.0
IQ,49,0,37,-24.0,-171.0,-138.0,-79.0
IQ,49,0,38,176.0,7.0,-8.0,153.0
IQ,49,0,39,-168.0,44.0,14.0,-152.0
IQ,49,0,40,105.0,-138.0,-80.0,128.0
IQ,49,0,41,57.0,-159.0,-84.0,123.0
IQ,49,0,42,-157.0,-58.0,-137.0,-57.0
IQ,49,0,43,144.0,-84.0,70.0,128.0
IQ,49,0,44,-104.0,-129.0,-119.0,78.0
IQ,49,0,45,153.0,51.0,134.0,-40.0
IQ,49,0,46,-85.0,132.0,-83.0,-108.0
IQ,49,0,47,146.0,-55.0,131.0,5.0
IQ,49,0,48,149.0,18.0,102.0,-74.0
IQ,49,0,49,66.0,-128.0,111.0,47.0
IQ,49,0,50,-42.0,-135.0,61.0,99.0
IQ,49,0,51,125.0,56.0,21.0,-112.0
IQ,49,0,52,133.0,23.0,37.0,-105.0
IQ,49,0,53,41.0,122.0,-84.0,-69.0
IQ,49,0,54,112.0,-63.0,65.0,-80.0
IQ,49,0,55,7.0,125.0,-104.0,-12.0
IQ,49,0,56,113.0,-56.0,47.0,-92.0
IQ,49,0,57,-127.0,-25.0,26.0,101.0
IQ,49,0,58,99.0,-79.0,51.0,-90.0
IQ,49,0,59,82.0,102.0,-102.0,-32.0
IQ,49,0,60,130.0,-30.0,-19.0,-103.0
IQ,49,0,61,10.0,136.0,-103.0,42.0
IQ,49,0,62,-82.0,-115.0,114.0,-2.0
IQ,49,0,63,-124.0,-75.0,116.0,23.0
IQ,49,0,64,-143.0,55.0,61.0,104.0
IQ,49,0,65,-126.0,94.0,58.0,115.0
IQ,49,0,66,127.0,103.0,-126.0,47.0
IQ,49,0,67,26.0,167.0,-25.0,136.0
IQ,49,0,68,-138.0,-110.0,107.0,-95.0
IQ,49,0,69,98.0,-154.0,-111.0,-97.0
IQ,49,0,70,-18.0,186.0,94.0,119.0
IQ,49,0,71,193.0,-14.0,-120.0,101.0
IQ,49,0,72,-125.0,153.0,157.0,-26.0
IQ,49,0,73,-185.0,73.0,109.0,-120.0
IQ,49,0,74,159.0,125.0,78.0,140.0
IQ,49,0,75,-142.0,-143.0,-132.0,-98.0
IQ,49,0,76,-201.0,2.0,-63.0,-150.0
CS,49,0,1,3.806,5.087,3.065,19,777
IQ,50,0,2,70.0,8.0,70.0,32.0
IQ,50,0,3,-46.0,-51.0,-68.0,28.0
IQ,50,0,4,-63.0,-8.0,-69.0,-9.0
IQ,50,0,5,43.0,42.0,54.0,-38.0
IQ,50,0,6,0.0,57.0,6.0,-61.0
IQ,50,0,7,-37.0,-41.0,-45.0,41.0
IQ,50,0,8,24.0,45.0,35.0,-48.0
IQ,50,0,9,23.0,47.0,33.0,-46.0
IQ,50,0,10,-26.0,-45.0,-34.0,45.0
IQ,50,0,11,0.0,0.0,0.0,0.0
IQ,50,0,12,54.0,21.0,60.0,-10.0
IQ,50,0,13,29.0,58.0,37.0,-55.0
IQ,50,0,14,63.0,23.0,66.0,-21.0
IQ,50,0,15,-78.0,13.0,-77.0,0.0
IQ,50,0,16,32.0,72.0,24.0,-79.0
IQ,50,0,17,-39.0,77.0,-60.0,-65.0
IQ,50,0,18,-69.0,61.0,-92.0,-21.0
IQ,50,0,19,-31.0,92.0,-83.0,-54.0
IQ,50,0,20,46.0,-93.0,100.0,25.0
IQ,50,0,21,54.0,92.0,-53.0,-93.0
IQ,50,0,22,-109.0,-22.0,-6.0,111.0
IQ,50,0,23,0.0,0.0,0.0,0.0
IQ,50,0,24,0.0,0.0,0.0,0.0
IQ,50,0,25,0.0,0.0,0.0,0.0
IQ,50,0,26,-26.0,124.0,-96.0,79.0
IQ,50,0,27,94.0,92.0,-126.0,-20.0
IQ,50,0,28,103.0,-83.0,-27.0,-128.0
IQ,50,0,29,-12.0,-141.0,70.0,-115.0
IQ,50,0,30,-142.0,34.0,124.0,59.0
IQ,50,0,31,40.0,-148.0,-43.0,-138.0
IQ,50,0,32,-153.0,-43.0,131.0,-67.0
IQ,50,0,33,98.0,-129.0,-136.0,-66.0
IQ,50,0,34,6.0,-166.0,-102.0,-118.0
IQ,50,0,35,0.0,0.0,0.0,0.0
IQ,50,0,36,-141.0,-97.0,-54.0,-145.0
IQ,50,0,37,-105.0,134.0,129.0,-87.0
IQ,50,0,38,-160.0,-55.0,-85.0,-131.0
IQ,50,0,39,-65.0,156.0,105.0,-111.0
IQ,50,0,40,-166.0,13.0,-84.0,-125.0
IQ,50,0,41,-165.0,-6.0,-123.0,-85.0
IQ,50,0,42,-148.0,-73.0,-147.0,-17.0
IQ,50,0,43,0.0,0.0,0.0,0.0
IQ,50,0,44,101.0,-125.0,77.0,120.0
IQ,50,0,45,149.0,46.0,118.0,-72.0
IQ,50,0,46,-90.0,-124.0,-33.0,130.0
IQ,50,0,47,-147.0,-32.0,-94.0,91.0
IQ,50,0,48,-107.0,95.0,-126.0,5.0
IQ,50,0,49,-16.0,-141.0,93.0,79.0
IQ,50,0,50,134.0,-22.0,72.0,-94.0
IQ,50,0,51,-47.0,-124.0,94.0,64.0
IQ,50,0,52,-44.0,-123.0,96.0,54.0
IQ,50,0,53,-21.0,-123.0,103.0,26.0
IQ,50,0,54,-118.0,42.0,-21.0,104.0
IQ,50,0,55,-17.0,121.0,-99.0,35.0
IQ,50,0,56,-110.0,-54.0,71.0,75.0
IQ,50,0,57,-61.0,104.0,-57.0,85.0
IQ,50,0,58,91.0,80.0,-99.0,-36.0
IQ,50,0,59,-84.0,91.0,-29.0,99.0
IQ,50,0,60,-46.0,116.0,-50.0,94.0
IQ,50,0,61,21.0,128.0,-83.0,71.0
IQ,50,0,62,-133.0,29.0,79.0,81.0
IQ,50,0,63,134.0,-31.0,-96.0,-69.0
IQ,50,0,64,-59.0,134.0,5.0,123.0
IQ,50,0,65,140.0,56.0,-126.0,22.0
IQ,50,0,66,-113.0,112.0,95.0,93.0
IQ,50,0,67,56.0,-154.0,-72.0,-117.0
IQ,50,0,68,27.0,166.0,29.0,138.0
IQ,50,0,69,-171.0,-37.0,98.0,-110.0
IQ,50,0,70,-27.0,177.0,132.0,77.0
IQ,50,0,71,160.0,-86.0,-128.0,90.0
IQ,50,0,72,-9.0,-186.0,-152.0,-43.0
IQ,50,0,73,-55.0,-182.0,-155.0,-44.0
IQ,50,0,74,-186.0,51.0,5.0,-164.0
IQ,50,0,75,-18.0,188.0,134.0,-96.0
IQ,50,0,76,177.0,-73.0,50.0,156.0
CS,50,0,1,4.099,4.892,3.564,18,856
IQ,51,0,2,-10.0,-69.0,-52.0,57.0
IQ,51,0,3,21.0,64.0,49.0,-54.0
IQ,51,0,4,65.0,8.0,65.0,19.0
IQ,51,0,5,54.0,-30.0,48.0,43.0
IQ,51,0,6,-32.0,48.0,-25.0,-57.0
IQ,51,0,7,-19.0,54.0,-16.0,-57.0
IQ,51,0,8,30.0,46.0,38.0,-42.0
IQ,51,0,9,23.0,44.0,37.0,-40.0
IQ,51,0,10,13.0,-55.0,-3.0,57.0
IQ,51,0,11,54.0,25.0,57.0,-13.0
IQ,51,0,12,-41.0,-45.0,-53.0,39.0
IQ,51,0,13,33.0,50.0,53.0,-44.0
IQ,51,0,14,2.0,70.0,10.0,-71.0
IQ,51,0,15,-74.0,-4.0,-80.0,7.0
IQ,51,0,16,55.0,60.0,52.0,-67.0
IQ,51,0,17,0.0,0.0,0.0,0.0
IQ,51,0,18,41.0,83.0,7.0,-93.0
IQ,51,0,19,0.0,0.0,0.0,0.0
IQ,51,0,20,0.0,0.0,0.0,0.0
IQ,51,0,21,69.0,-82.0,104.0,-23.0
IQ,51,0,22,0.0,0.0,0.0,0.0
IQ,51,0,23,0.0,0.0,0.0,0.0
IQ,51,0,24,0.0,0.0,0.0,0.0
IQ,51,0,25,0.0,0.0,0.0,0.0
IQ,51,0,26,-123.0,-38.0,77.0,94.0
IQ,51,0,27,0.0,0.0,0.0,0.0
IQ,51,0,28,0.0,0.0,0.0,0.0
IQ,51,0,29,108.0,-96.0,-35.0,-132.0
IQ,51,0,30,0.0,0.0,0.0,0.0
IQ,51,0,31,0.0,0.0,0.0,0.0
IQ,51,0,32,-102.0,127.0,103.0,107.0
IQ,51,0,33,-24.0,163.0,72.0,133.0
IQ,51,0,34,0.0,0.0,0.0,0.0
IQ,51,0,35,0.0,0.0,0.0,0.0
IQ,51,0,36,-35.0,-171.0,-120.0,-98.0
IQ,51,0,37,-61.0,163.0,156.0,-26.0
IQ,51,0,38,-167.0,54.0,50.0,-146.0
IQ,51,0,39,97.0,-145.0,-101.0,117.0
IQ,51,0,40,173.0,9.0,71.0,129.0
IQ,51,0,41,165.0,-44.0,63.0,134.0
IQ,51,0,42,-57.0,-161.0,-119.0,88.0
IQ,51,0,43,-163.0,-42.0,-144.0,-18.0
IQ,51,0,44,141.0,86.0,135.0,-44.0
IQ,51,0,45,-130.0,94.0,-115.0,-79.0
IQ,51,0,46,-158.0,-17.0,-123.0,54.0
IQ,51,0,47,150.0,35.0,98.0,-88.0
IQ,51,0,48,-150.0,15.0,-108.0,65.0
IQ,51,0,49,90.0,115.0,-24.0,-119.0
IQ,51,0,50,-131.0,58.0,-102.0,60.0
IQ,51,0,51,26.0,-134.0,115.0,31.0
IQ,51,0,52,0.0,0.0,0.0,0.0
IQ,51,0,53,0.0,0.0,0.0,0.0
IQ,51,0,54,0.0,0.0,0.0,0.0
IQ,51,0,55,0.0,0.0,0.0,0.0
IQ,51,0,56,0.0,0.0,0.0,0.0
IQ,51,0,57,0.0,0.0,0.0,0.0
IQ,51,0,58,0.0,0.0,0.0,0.0
IQ,51,0,59,0.0,0.0,0.0,0.0
IQ,51,0,60,0.0,0.0,0.0,0.0
IQ,51,0,61,0.0,0.0,0.0,0.0
IQ,51,0,62,0.0,0.0,0.0,0.0
IQ,51,0,63,0.0,0.0,0.0,0.0
IQ,51,0,64,0.0,0.0,0.0,0.0
IQ,51,0,65,0.0,0.0,0.0,0.0
IQ,51,0,66,0.0,0.0,0.0,0.0
IQ,51,0,67,0.0,0.0,0.0,0.0
IQ,51,0,68,0.0,0.0,0.0,0.0
IQ,51,0,69,-177.0,51.0,142.0,-37.0
IQ,51,0,70,87.0,-166.0,-138.0,-65.0
IQ,51,0,71,101.0,162.0,44.0,149.0
IQ,51,0,72,-161.0,113.0,141.0,-70.0
IQ,51,0,73,63.0,-190.0,-159.0,34.0
IQ,51,0,74,-177.0,-95.0,-78.0,-144.0
IQ,51,0,75,-160.0,121.0,59.0,-155.0
IQ,51,0,76,197.0,24.0,93.0,131.0
CS,51,0,1,3.806,5.261,3.802,11,558
IQ,52,0,2,-13.0,-71.0,-52.0,57.0
IQ,52,0,3,-34.0,56.0,-4.0,-74.0
IQ,52,0,4,30.0,-58.0,2.0,69.0
IQ,52,0,5,-7.0,60.0,14.0,-64.0
IQ,52,0,6,22.0,53.0,28.0,-55.0
IQ,52,0,7,-7.0,54.0,4.0,-60.0
IQ,52,0,8,26.0,-46.0,22.0,52.0
IQ,52,0,9,-12.0,-53.0,-22.0,53.0
IQ,52,0,10,21.0,53.0,34.0,-44.0
IQ,52,0,11,-21.0,-53.0,-33.0,49.0
IQ,52,0,12,-59.0,-3.0,-63.0,-13.0
IQ,52,0,13,24.0,-59.0,10.0,67.0
IQ,52,0,14,19.0,-62.0,4.0,72.0
IQ,52,0,15,36.0,-68.0,32.0,68.0
IQ,52,0,16,22.0,79.0,10.0,-83.0
IQ,52,0,17,-87.0,12.0,-88.0,16.0
IQ,52,0,18,92.0,-2.0,88.0,-35.0
IQ,52,0,19,67.0,70.0,12.0,-96.0
IQ,52,0,20,-81.0,67.0,-105.0,-1.0
IQ,52,0,21,-79.0,-75.0,21.0,104.0
IQ,52,0,22,8.0,-113.0,101.0,39.0
IQ,52,0,23,0.0,0.0,0.0,0.0
IQ,52,0,24,0.0,0.0,0.0,0.0
IQ,52,0,25,0.0,0.0,0.0,0.0
IQ,52,0,26,-34.0,-125.0,123.0,-17.0
IQ,52,0,27,-81.0,-106.0,125.0,7.0
IQ,52,0,28,138.0,25.0,-108.0,-70.0
IQ,52,0,29,140.0,-5.0,-119.0,-65.0
IQ,52,0,30,20.0,148.0,-59.0,129.0
IQ,52,0,31,88.0,127.0,-85.0,114.0
IQ,52,0,32,-62.0,148.0,69.0,131.0
IQ,52,0,33,8.0,166.0,42.0,145.0
IQ,52,0,34,92.0,143.0,1.0,153.0
IQ,52,0,35,-64.0,-159.0,-77.0,-136.0
IQ,52,0,36,173.0,15.0,-58.0,143.0
IQ,52,0,37,0.0,0.0,0.0,0.0
IQ,52,0,38,79.0,-155.0,-134.0,79.0
IQ,52,0,39,-141.0,-99.0,-120.0,-96.0
IQ,52,0,40,148.0,-85.0,-18.0,148.0
IQ,52,0,41,48.0,-164.0,-89.0,122.0
IQ,52,0,42,58.0,-159.0,-53.0,140.0
IQ,52,0,43,159.0,55.0,144.0,14.0
IQ,52,0,44,80.0,-148.0,44.0,134.0
IQ,52,0,45,99.0,127.0,83.0,-113.0
IQ,52,0,46,83.0,135.0,38.0,-129.0
IQ,52,0,47,115.0,102.0,52.0,-120.0
IQ,52,0,48,-65.0,133.0,-113.0,-58.0
IQ,52,0,49,-140.0,41.0,-108.0,58.0
IQ,52,0,50,-140.0,23.0,-85.0,83.0
IQ,52,0,51,47.0,128.0,-83.0,-83.0
IQ,52,0,52,0.0,0.0,0.0,0.0
IQ,52,0,53,0.0,0.0,0.0,0.0
IQ,52,0,54,0.0,0.0,0.0,0.0
IQ,52,0,55,0.0,0.0,0.0,0.0
IQ,52,0,56,0.0,0.0,0.0,0.0
IQ,52,0,57,0.0,0.0,0.0,0.0
IQ,52,0,58,0.0,0.0,0.0,0.0
IQ,52,0,59,0.0,0.0,0.0,0.0
IQ,52,0,60,0.0,0.0,0.0,0.0
IQ,52,0,61,0.0,0.0,0.0,0.0
IQ,52,0,62,0.0,0.0,0.0,0.0
IQ,52,0,63,0.0,0.0,0.0,0.0
IQ,52,0,64,0.0,0.0,0.0,0.0
IQ,52,0,65,0.0,0.0,0.0,0.0
IQ,52,0,66,0.0,0.0,0.0,0.0
IQ,52,0,67,0.0,0.0,0.0,0.0
IQ,52,0,68,0.0,0.0,0.0,0.0
IQ,52,0,69,74.0,-166.0,-116.0,-88.0
IQ,52,0,70,-137.0,128.0,148.0,1.0
IQ,52,0,71,179.0,-68.0,-137.0,73.0
IQ,52,0,72,66.0,185.0,105.0,116.0
IQ,52,0,73,179.0,83.0,37.0,156.0
IQ,52,0,74,-198.0,22.0,5.0,-161.0
IQ,52,0,75,86.0,-182.0,-130.0,99.0
IQ,52,0,76,-195.0,49.0,-56.0,-155.0
CS,52,0,1,4.099,5.317,4.010,16,856
IQ,53,0,2,18.0,68.0,60.0,-48.0
IQ,53,0,3,66.0,9.0,68.0,25.0
IQ,53,0,4,7.0,62.0,32.0,-62.0
IQ,53,0,5,0.0,0.0,0.0,0.0
IQ,53,0,6,0.0,0.0,0.0,0.0
IQ,53,0,7,0.0,0.0,0.0,0.0
IQ,53,0,8,-54.0,-1.0,-56.0,-14.0
IQ,53,0,9,-47.0,-19.0,-56.0,4.0
IQ,53,0,10,-11.0,53.0,4.0,-58.0
IQ,53,0,11,0.0,0.0,0.0,0.0
IQ,53,0,12,37.0,-43.0,24.0,56.0
IQ,53,0,13,0.0,0.0,0.0,0.0
IQ,53,0,14,-28.0,61.0,-19.0,-72.0
IQ,53,0,15,-10.0,-73.0,-15.0,76.0
IQ,53,0,16,0.0,0.0,0.0,0.0
IQ,53,0,17,0.0,0.0,0.0,0.0
IQ,53,0,18,-81.0,-45.0,-60.0,74.0
IQ,53,0,19,-90.0,33.0,-95.0,21.0
IQ,53,0,20,-51.0,89.0,-101.0,-26.0
IQ,53,0,21,45.0,-95.0,106.0,4.0
IQ,53,0,22,54.0,-96.0,108.0,-18.0
IQ,53,0,23,0.0,0.0,0.0,0.0
IQ,53,0,24,0.0,0.0,0.0,0.0
IQ,53,0,25,0.0,0.0,0.0,0.0
IQ,53,0,26,116.0,41.0,-86.0,-88.0
IQ,53,0,27,109.0,68.0,-117.0,-47.0
IQ,53,0,28,0.0,0.0,0.0,0.0
IQ,53,0,29,73.0,120.0,-118.0,64.0
IQ,53,0,30,0.0,0.0,0.0,0.0
IQ,53,0,31,49.0,-142.0,-42.0,-141.0
IQ,53,0,32,0.0,0.0,0.0,0.0
IQ,53,0,33,145.0,71.0,-108.0,105.0
IQ,53,0,34,117.0,-119.0,-150.0,-42.0
IQ,53,0,35,-26.0,166.0,130.0,86.0
IQ,53,0,36,-131.0,110.0,139.0,-69.0
IQ,53,0,37,-165.0,43.0,70.0,-142.0
IQ,53,0,38,-133.0,105.0,95.0,-124.0
IQ,53,0,39,-157.0,60.0,15.0,-152.0
IQ,53,0,40,24.0,165.0,142.0,-50.0
IQ,53,0,41,-147.0,-76.0,-137.0,-60.0
IQ,53,0,42,6.0,-165.0,-83.0,121.0
IQ,53,0,43,-103.0,127.0,-30.0,-143.0
IQ,53,0,44,110.0,117.0,114.0,-87.0
IQ,53,0,45,-149.0,52.0,-136.0,-34.0
IQ,53,0,46,71.0,-135.0,93.0,101.0
IQ,53,0,47,140.0,-50.0,127.0,-24.0
IQ,53,0,48,-113.0,92.0,-126.0,-4.0
IQ,53,0,49,-135.0,-39.0,-47.0,111.0
IQ,53,0,50,-97.0,-95.0,27.0,115.0
IQ,53,0,51,-120.0,55.0,-86.0,77.0
IQ,53,0,52,-127.0,-28.0,-15.0,109.0
IQ,53,0,53,73.0,-104.0,98.0,-48.0
IQ,53,0,54,14.0,123.0,-105.0,-12.0
IQ,53,0,55,116.0,39.0,-42.0,-97.0
IQ,53,0,56,-111.0,-51.0,56.0,84.0
IQ,53,0,57,-84.0,87.0,-43.0,94.0
IQ,53,0,58,-94.0,80.0,-40.0,95.0
IQ,53,0,59,-122.0,19.0,37.0,96.0
IQ,53,0,60,-58.0,113.0,-51.0,95.0
IQ,53,0,61,-76.0,105.0,-21.0,107.0
IQ,53,0,62,24.0,-133.0,62.0,-97.0
IQ,53,0,63,84.0,-114.0,-5.0,-117.0
IQ,53,0,64,-136.0,-50.0,123.0,7.0
IQ,53,0,65,-144.0,49.0,106.0,71.0
IQ,53,0,66,-93.0,128.0,62.0,118.0
IQ,53,0,67,162.0,21.0,-134.0,30.0
IQ,53,0,68,-127.0,113.0,124.0,69.0
IQ,53,0,69,112.0,-133.0,-141.0,-46.0
IQ,53,0,70,130.0,122.0,-11.0,151.0
IQ,53,0,71,171.0,62.0,-43.0,148.0
IQ,53,0,72,182.0,-49.0,-91.0,130.0
IQ,53,0,73,182.0,38.0,5.0,162.0
IQ,53,0,74,-170.0,-88.0,-81.0,-142.0
IQ,53,0,75,-190.0,-24.0,-73.0,-148.0
IQ,53,0,76,-146.0,120.0,13.0,-164.0
CS,53,0,1,2.635,5.128,2.673,18,642
IQ,54,0,2,63.0,28.0,76.0,3.0
IQ,54,0,3,39.0,55.0,61.0,-39.0
IQ,54,0,4,61.0,7.0,67.0,8.0
IQ,54,0,5,-32.0,-50.0,-49.0,44.0
IQ,54,0,6,-27.0,50.0,-19.0,-62.0
IQ,54,0,7,7.0,54.0,11.0,-61.0
IQ,54,0,8,32.0,43.0,39.0,-43.0
IQ,54,0,9,-37.0,-39.0,-45.0,36.0
IQ,54,0,10,50.0,21.0,57.0,-11.0
IQ,54,0,11,-52.0,-19.0,-59.0,10.0
IQ,54,0,12,-57.0,7.0,-59.0,-21.0
IQ,54,0,13,14.0,-61.0,5.0,65.0
IQ,54,0,14,23.0,-64.0,17.0,69.0
IQ,54,0,15,-10.0,73.0,-19.0,-74.0
IQ,54,0,16,-78.0,19.0,-83.0,-1.0
IQ,54,0,17,27.0,83.0,-9.0,-88.0
IQ,54,0,18,91.0,-6.0,84.0,-38.0
IQ,54,0,19,-2.0,95.0,-63.0,-75.0
IQ,54,0,20,-100.0,13.0,-77.0,70.0
IQ,54,0,21,47.0,94.0,-66.0,-83.0
IQ,54,0,22,-28.0,-107.0,97.0,51.0
IQ,54,0,23,0.0,0.0,0.0,0.0
IQ,54,0,24,0.0,0.0,0.0,0.0
IQ,54,0,25,0.0,0.0,0.0,0.0
IQ,54,0,26,-34.0,-123.0,118.0,-30.0
IQ,54,0,27,-91.0,-94.0,123.0,8.0
IQ,54,0,28,-17.0,-132.0,85.0,-98.0
IQ,54,0,29,18.0,-137.0,38.0,-125.0
IQ,54,0,30,32.0,-142.0,10.0,-137.0
IQ,54,0,31,-2.0,-150.0,-6.0,-143.0
IQ,54,0,32,-115.0,106.0,125.0,76.0
IQ,54,0,33,0.0,-162.0,-73.0,-134.0
IQ,54,0,34,-150.0,-78.0,45.0,-147.0
IQ,54,0,35,-105.0,129.0,154.0,-13.0
IQ,54,0,36,55.0,161.0,116.0,106.0
IQ,54,0,37,-98.0,-138.0,-115.0,-103.0
IQ,54,0,38,0.0,0.0,0.0,0.0
IQ,54,0,39,0.0,0.0,0.0,0.0
IQ,54,0,40,43.0,-161.0,-89.0,121.0
IQ,54,0,41,-153.0,-62.0,-145.0,-39.0
IQ,54,0,42,36.0,-160.0,-48.0,140.0
IQ,54,0,43,147.0,-72.0,112.0,95.0
IQ,54,0,44,139.0,80.0,125.0,-66.0
IQ,54,0,45,-31.0,154.0,-51.0,-131.0
IQ,54,0,46,-44.0,-147.0,17.0,133.0
IQ,54,0,47,-140.0,49.0,-127.0,31.0
IQ,54,0,48,-14.0,143.0,-90.0,-87.0
IQ,54,0,49,-109.0,89.0,-118.0,33.0
IQ,54,0,50,135.0,-4.0,48.0,-108.0
IQ,54,0,51,125.0,37.0,-5.0,-115.0
IQ,54,0,52,50.0,-117.0,105.0,-35.0
IQ,54,0,53,126.0,8.0,-5.0,-108.0
IQ,54,0,54,-56.0,110.0,-90.0,54.0
IQ,54,0,55,74.0,-98.0,70.0,-79.0
IQ,54,0,56,-79.0,-93.0,93.0,39.0
IQ,54,0,57,-87.0,-86.0,94.0,40.0
IQ,54,0,58,66.0,-103.0,47.0,-94.0
IQ,54,0,59,111.0,-55.0,-13.0,-105.0
IQ,54,0,60,-120.0,-38.0,93.0,53.0
IQ,54,0,61,-38.0,123.0,-52.0,96.0
IQ,54,0,62,-9.0,133.0,-57.0,95.0
IQ,54,0,63,122.0,70.0,-118.0,8.0
IQ,54,0,64,-69.0,-128.0,91.0,-82.0
IQ,54,0,65,147.0,-34.0,-120.0,-42.0
IQ,54,0,66,73.0,139.0,-61.0,118.0
IQ,54,0,67,-4.0,-163.0,-24.0,-135.0
IQ,54,0,68,-33.0,-166.0,-25.0,-141.0
IQ,54,0,69,38.0,-170.0,-117.0,-92.0
IQ,54,0,70,-63.0,-166.0,-72.0,-132.0
IQ,54,0,71,124.0,134.0,59.0,141.0
IQ,54,0,72,34.0,-185.0,-158.0,9.0
IQ,54,0,73,-187.0,40.0,32.0,-157.0
IQ,54,0,74,-49.0,-183.0,-163.0,-10.0
IQ,54,0,75,51.0,184.0,157.0,-44.0
IQ,54,0,76,-110.0,-156.0,-163.0,17.0
CS,54,0,1,4.099,4.955,2.127,16,454
IQ,55,0,2,42.0,-57.0,-2.0,78.0
IQ,55,0,3,38.0,-54.0,13.0,71.0
IQ,55,0,4,-1.0,62.0,23.0,-65.0
IQ,55,0,5,42.0,-42.0,29.0,58.0
IQ,55,0,6,-48.0,-33.0,-60.0,18.0
IQ,55,0,7,-5.0,-54.0,-15.0,57.0
IQ,55,0,8,49.0,16.0,56.0,-13.0
IQ,55,0,9,-40.0,-32.0,-47.0,27.0
IQ,55,0,10,38.0,38.0,51.0,-29.0
IQ,55,0,11,53.0,-13.0,53.0,29.0
IQ,55,0,12,-48.0,-33.0,-60.0,20.0
IQ,55,0,13,-63.0,-8.0,-65.0,-5.0
IQ,55,0,14,-64.0,24.0,-64.0,-29.0
IQ,55,0,15,-14.0,-73.0,-18.0,75.0
IQ,55,0,16,-65.0,-50.0,-61.0,55.0
IQ,55,0,17,-62.0,56.0,-77.0,-44.0
IQ,55,0,18,66.0,64.0,34.0,-86.0
IQ,55,0,19,96.0,-16.0,86.0,-47.0
IQ,55,0,20,84.0,56.0,17.0,-102.0
IQ,55,0,21,-67.0,-82.0,33.0,102.0
IQ,55,0,22,-95.0,-57.0,22.0,103.0
IQ,55,0,23,0.0,0.0,0.0,0.0
IQ,55,0,24,0.0,0.0,0.0,0.0
IQ,55,0,25,0.0,0.0,0.0,0.0
IQ,55,0,26,-108.0,66.0,-12.0,121.0
IQ,55,0,27,0.0,0.0,0.0,0.0
IQ,55,0,28,-5.0,-135.0,90.0,-93.0
IQ,55,0,29,96.0,-103.0,-31.0,-130.0
IQ,55,0,30,-70.0,-129.0,94.0,-103.0
IQ,55,0,31,0.0,0.0,0.0,0.0
IQ,55,0,32,39.0,152.0,-27.0,146.0
IQ,55,0,33,-73.0,144.0,114.0,99.0
IQ,55,0,34,102.0,130.0,-6.0,154.0
IQ,55,0,35,127.0,109.0,-4.0,155.0
IQ,55,0,36,-125.0,-114.0,-49.0,-147.0
IQ,55,0,37,-59.0,160.0,155.0,-19.0
IQ,55,0,38,64.0,158.0,146.0,44.0
IQ,55,0,39,-69.0,155.0,104.0,-112.0
IQ,55,0,40,-8.0,-168.0,-138.0,67.0
IQ,55,0,41,67.0,-152.0,-65.0,135.0
IQ,55,0,42,-37.0,-160.0,-115.0,92.0
IQ,55,0,43,159.0,35.0,145.0,21.0
IQ,55,0,44,39.0,-158.0,14.0,142.0
IQ,55,0,45,-21.0,157.0,-46.0,-133.0
IQ,55,0,46,-152.0,-30.0,-116.0,73.0
IQ,55,0,47,-117.0,-94.0,-46.0,123.0
IQ,55,0,48,129.0,-64.0,123.0,-27.0
IQ,55,0,49,53.0,131.0,-62.0,-106.0
IQ,55,0,50,135.0,12.0,49.0,-108.0
IQ,55,0,51,-49.0,122.0,-114.0,-1.0
IQ,55,0,52,-52.0,116.0,-110.0,21.0
IQ,55,0,53,92.0,84.0,-56.0,-91.0
IQ,55,0,54,122.0,25.0,-22.0,-106.0
IQ,55,0,55,122.0,7.0,-19.0,-103.0
IQ,55,0,56,119.0,18.0,-38.0,-98.0
IQ,55,0,57,-62.0,104.0,-73.0,73.0
IQ,55,0,58,39.0,111.0,-105.0,9.0
IQ,55,0,59,-22.0,123.0,-79.0,69.0
IQ,55,0,60,-13.0,-127.0,90.0,-56.0
IQ,55,0,61,-37.0,-126.0,95.0,-54.0
IQ,55,0,62,43.0,-127.0,41.0,-106.0
IQ,55,0,63,-83.0,-116.0,107.0,-49.0
IQ,55,0,64,113.0,-92.0,-64.0,-104.0
IQ,55,0,65,47.0,-143.0,-7.0,-126.0
IQ,55,0,66,110.0,112.0,-97.0,89.0
IQ,55,0,67,162.0,-1.0,-138.0,19.0
IQ,55,0,68,-96.0,137.0,121.0,76.0
IQ,55,0,69,-2.0,-175.0,-88.0,-119.0
IQ,55,0,70,-110.0,141.0,151.0,20.0
IQ,55,0,71,105.0,-149.0,-155.0,0.0
IQ,55,0,72,-133.0,-130.0,-73.0,-142.0
IQ,55,0,73,-13.0,-190.0,-159.0,-22.0
IQ,55,0,74,182.0,-51.0,-40.0,158.0
IQ,55,0,75,188.0,-27.0,36.0,157.0
IQ,55,0,76,-187.0,-36.0,-122.0,-108.0
CS,55,0,1,4.099,5.145,3.151,21,883
IQ,56,0,2,-31.0,66.0,16.0,-76.0
IQ,56,0,3,-68.0,6.0,-61.0,-42.0
IQ,56,0,4,62.0,-17.0,54.0,44.0
IQ,56,0,5,-61.0,8.0,-57.0,-29.0
IQ,56,0,6,-27.0,50.0,-6.0,-62.0
IQ,56,0,7,-49.0,-28.0,-59.0,16.0
IQ,56,0,8,54.0,12.0,57.0,0.0
IQ,56,0,9,3.0,53.0,15.0,-56.0
IQ,56,0,10,24.0,-51.0,6.0,57.0
IQ,56,0,11,-12.0,57.0,6.0,-58.0
IQ,56,0,12,2.0,65.0,21.0,-59.0
IQ,56,0,13,13.0,-67.0,-6.0,67.0
IQ,56,0,14,62.0,33.0,69.0,-14.0
IQ,56,0,15,68.0,-32.0,68.0,36.0
IQ,56,0,16,-82.0,-7.0,-82.0,12.0
IQ,56,0,17,65.0,-56.0,78.0,41.0
IQ,56,0,18,61.0,71.0,37.0,-85.0
IQ,56,0,19,-94.0,29.0,-94.0,32.0
IQ,56,0,20,-86.0,57.0,-102.0,19.0
IQ,56,0,21,25.0,-105.0,97.0,37.0
IQ,56,0,22,23.0,110.0,-93.0,-60.0
IQ,56,0,23,0.0,0.0,0.0,0.0
IQ,56,0,24,0.0,0.0,0.0,0.0
IQ,56,0,25,0.0,0.0,0.0,0.0
IQ,56,0,26,125.0,-17.0,-38.0,-117.0
IQ,56,0,27,0.0,0.0,0.0,0.0
IQ,56,0,28,0.0,0.0,0.0,0.0
IQ,56,0,29,3.0,-144.0,72.0,-113.0
IQ,56,0,30,-104.0,107.0,67.0,124.0
IQ,56,0,31,-77.0,-134.0,85.0,-114.0
IQ,56,0,32,-22.0,159.0,23.0,146.0
IQ,56,0,33,1.0,166.0,45.0,145.0
IQ,56,0,34,98.0,139.0,-15.0,152.0
IQ,56,0,35,0.0,0.0,0.0,0.0
IQ,56,0,36,-77.0,157.0,156.0,3.0
IQ,56,0,37,0.0,0.0,0.0,0.0
IQ,56,0,38,0.0,0.0,0.0,0.0
IQ,56,0,39,106.0,139.0,138.0,65.0
IQ,56,0,40,134.0,-111.0,-24.0,149.0
IQ,56,0,41,0.0,0.0,0.0,0.0
IQ,56,0,42,0.0,0.0,0.0,0.0
IQ,56,0,43,-78.0,-146.0,-122.0,82.0
IQ,56,0,44,4.0,166.0,33.0,-140.0
IQ,56,0,45,-147.0,-69.0,-127.0,61.0
IQ,56,0,46,69.0,-142.0,80.0,109.0
IQ,56,0,47,110.0,108.0,45.0,-124.0
IQ,56,0,48,-124.0,-84.0,-53.0,115.0
IQ,56,0,49,-64.0,-132.0,31.0,119.0
IQ,56,0,50,-122.0,73.0,-111.0,40.0
IQ,56,0,51,-50.0,-128.0,80.0,82.0
IQ,56,0,52,-90.0,98.0,-106.0,34.0
IQ,56,0,53,64.0,114.0,-83.0,-71.0
IQ,56,0,54,-130.0,3.0,-13.0,107.0
IQ,56,0,55,78.0,98.0,-82.0,-65.0
IQ,56,0,56,-119.0,-40.0,43.0,94.0
IQ,56,0,57,90.0,86.0,-85.0,-60.0
IQ,56,0,58,-47.0,-121.0,100.0,8.0
IQ,56,0,59,19.0,-128.0,86.0,-59.0
IQ,56,0,60,97.0,-83.0,19.0,-105.0
IQ,56,0,61,-91.0,-101.0,107.0,17.0
IQ,56,0,62,-70.0,-121.0,112.0,-18.0
IQ,56,0,63,-11.0,-146.0,82.0,-83.0
IQ,56,0,64,-144.0,40.0,79.0,91.0
IQ,56,0,65,-17.0,156.0,-37.0,122.0
IQ,56,0,66,-146.0,-75.0,129.0,-31.0
IQ,56,0,67,64.0,156.0,-47.0,127.0
IQ,56,0,68,54.0,168.0,-12.0,140.0
IQ,56,0,69,-42.0,178.0,90.0,113.0
IQ,56,0,70,-167.0,83.0,148.0,-27.0
IQ,56,0,71,150.0,120.0,-8.0,155.0
IQ,56,0,72,-7.0,-196.0,-141.0,-73.0
IQ,56,0,73,198.0,-29.0,-61.0,149.0
IQ,56,0,74,-148.0,-134.0,-101.0,-126.0
IQ,56,0,75,-115.0,-163.0,-154.0,-61.0
IQ,56,0,76,-87.0,-180.0,-164.0,0.0
CS,56,0,1,4.241,4.879,1.605,17,364
IQ,57,0,2,-10.0,98.0,51.0,-100.0
IQ,57,0,3,-44.0,-84.0,-91.0,57.0
IQ,57,0,4,-71.0,-54.0,-98.0,27.0
IQ,57,0,5,77.0,36.0,93.0,-20.0
IQ,57,0,6,-80.0,-15.0,-91.0,-1.0
IQ,57,0,7,-11.0,77.0,-7.0,-85.0
IQ,57,0,8,75.0,-4.0,81.0,19.0
IQ,57,0,9,72.0,-5.0,79.0,17.0
IQ,57,0,10,-5.0,-76.0,-21.0,82.0
IQ,57,0,11,72.0,-41.0,62.0,58.0
IQ,57,0,12,-3.0,-83.0,-17.0,89.0
IQ,57,0,13,65.0,59.0,81.0,-56.0
IQ,57,0,14,30.0,-92.0,16.0,102.0
IQ,57,0,15,90.0,56.0,88.0,-70.0
IQ,57,0,16,68.0,-89.0,88.0,82.0
IQ,57,0,17,0.0,0.0,0.0,0.0
IQ,57,0,18,0.0,0.0,0.0,0.0
IQ,57,0,19,0.0,0.0,0.0,0.0
IQ,57,0,20,0.0,0.0,0.0,0.0
IQ,57,0,21,-103.0,120.0,-146.0,34.0
IQ,57,0,22,-60.0,-144.0,123.0,99.0
IQ,57,0,23,0.0,0.0,0.0,0.0
IQ,57,0,24,0.0,0.0,0.0,0.0
IQ,57,0,25,0.0,0.0,0.0,0.0
IQ,57,0,26,0.0,0.0,0.0,0.0
IQ,57,0,27,0.0,0.0,0.0,0.0
IQ,57,0,28,69.0,-179.0,50.0,-182.0
IQ,57,0,29,176.0,-90.0,-112.0,-160.0
IQ,57,0,30,0.0,0.0,0.0,0.0
IQ,57,0,31,8.0,-214.0,-18.0,-208.0
IQ,57,0,32,0.0,0.0,0.0,0.0
IQ,57,0,33,-196.0,-121.0,116.0,-185.0
IQ,57,0,34,197.0,125.0,-75.0,212.0
IQ,57,0,35,-140.0,-185.0,-72.0,-217.0
IQ,57,0,36,-13.0,240.0,220.0,54.0
IQ,57,0,37,-24.0,238.0,224.0,14.0
IQ,57,0,38,148.0,-190.0,-154.0,162.0
IQ,57,0,39,24.0,235.0,209.0,-75.0
IQ,57,0,40,50.0,230.0,196.0,-99.0
IQ,57,0,41,123.0,-199.0,-4.0,217.0
IQ,57,0,42,-227.0,-47.0,-205.0,-63.0
IQ,57,0,43,217.0,-79.0,178.0,112.0
IQ,57,0,44,0.0,0.0,0.0,0.0
IQ,57,0,45,-201.0,-100.0,-163.0,119.0
IQ,57,0,46,-159.0,145.0,-189.0,-54.0
IQ,57,0,47,-192.0,-87.0,-95.0,164.0
IQ,57,0,48,-177.0,102.0,-174.0,54.0
IQ,57,0,49,81.0,-181.0,178.0,3.0
IQ,57,0,50,-106.0,163.0,-168.0,36.0
IQ,57,0,51,72.0,-172.0,165.0,-27.0
IQ,57,0,52,42.0,176.0,-148.0,-60.0
IQ,57,0,53,129.0,120.0,-107.0,-114.0
IQ,57,0,54,165.0,-57.0,26.0,-151.0
IQ,57,0,55,-160.0,-61.0,83.0,121.0
IQ,57,0,56,68.0,-159.0,112.0,-99.0
IQ,57,0,57,87.0,-143.0,83.0,-124.0
IQ,57,0,58,89.0,-149.0,59.0,-135.0
IQ,57,0,59,-139.0,109.0,4.0,148.0
IQ,57,0,60,-88.0,-153.0,148.0,-38.0
IQ,57,0,61,136.0,117.0,-155.0,5.0
IQ,57,0,62,147.0,-117.0,-62.0,-147.0
IQ,57,0,63,0.0,0.0,0.0,0.0
IQ,57,0,64,-166.0,-117.0,160.0,-71.0
IQ,57,0,65,190.0,-90.0,-155.0,-97.0
IQ,57,0,66,10.0,-220.0,-22.0,-188.0
IQ,57,0,67,0.0,0.0,0.0,0.0
IQ,57,0,68,85.0,219.0,18.0,200.0
IQ,57,0,69,242.0,-13.0,-157.0,139.0
IQ,57,0,70,247.0,-17.0,-152.0,154.0
IQ,57,0,71,-225.0,-124.0,-18.0,-219.0
IQ,57,0,72,-235.0,-113.0,-54.0,-219.0
IQ,57,0,73,-86.0,253.0,210.0,-97.0
IQ,57,0,74,257.0,79.0,130.0,192.0
IQ,57,0,75,-251.0,99.0,-47.0,-228.0
IQ,57,0,76,267.0,10.0,169.0,159.0
CS,57,0,1,2.928,5.173,2.727,18,655
IQ,58,0,2,-35.0,-64.0,-72.0,35.0
IQ,58,0,3,60.0,32.0,73.0,-1.0
IQ,58,0,4,-63.0,-25.0,-70.0,1.0
IQ,58,0,5,49.0,38.0,60.0,-26.0
IQ,58,0,6,-1.0,-61.0,-17.0,61.0
IQ,58,0,7,19.0,53.0,30.0,-52.0
IQ,58,0,8,25.0,-48.0,13.0,56.0
IQ,58,0,9,49.0,-25.0,43.0,37.0
IQ,58,0,10,-48.0,-26.0,-55.0,12.0
IQ,58,0,11,16.0,54.0,26.0,-53.0
IQ,58,0,12,-47.0,38.0,-40.0,-49.0
IQ,58,0,13,-58.0,29.0,-52.0,-43.0
IQ,58,0,14,53.0,-47.0,43.0,54.0
IQ,58,0,15,-50.0,57.0,-48.0,-63.0
IQ,58,0,16,-82.0,-6.0,-82.0,12.0
IQ,58,0,17,-59.0,65.0,-73.0,-52.0
IQ,58,0,18,-66.0,69.0,-87.0,-40.0
IQ,58,0,19,-85.0,49.0,-99.0,8.0
IQ,58,0,20,87.0,58.0,9.0,-103.0
IQ,58,0,21,-43.0,-100.0,67.0,84.0
IQ,58,0,22,-112.0,-22.0,-16.0,109.0
IQ,58,0,23,0.0,0.0,0.0,0.0
IQ,58,0,24,0.0,0.0,0.0,0.0
IQ,58,0,25,0.0,0.0,0.0,0.0
IQ,58,0,26,0.0,0.0,0.0,0.0
IQ,58,0,27,-52.0,125.0,-60.0,114.0
IQ,58,0,28,-80.0,-116.0,126.0,-32.0
IQ,58,0,29,124.0,78.0,-136.0,-9.0
IQ,58,0,30,-135.0,-70.0,138.0,-25.0
IQ,58,0,31,109.0,-112.0,-93.0,-115.0
IQ,58,0,32,117.0,-112.0,-116.0,-92.0
IQ,58,0,33,165.0,-29.0,-149.0,26.0
IQ,58,0,34,-155.0,74.0,152.0,-27.0
IQ,58,0,35,105.0,-138.0,-159.0,-1.0
IQ,58,0,36,-23.0,-175.0,-132.0,-85.0
IQ,58,0,37,174.0,27.0,-6.0,156.0
IQ,58,0,38,0.0,0.0,0.0,0.0
IQ,58,0,39,-67.0,160.0,116.0,-101.0
IQ,58,0,40,169.0,30.0,100.0,114.0
IQ,58,0,41,-141.0,-97.0,-147.0,-34.0
IQ,58,0,42,0.0,0.0,0.0,0.0
IQ,58,0,43,-60.0,155.0,-5.0,-143.0
IQ,58,0,44,135.0,-99.0,101.0,100.0
IQ,58,0,45,-112.0,-117.0,-89.0,105.0
IQ,58,0,46,141.0,-63.0,131.0,16.0
IQ,58,0,47,-119.0,97.0,-123.0,-37.0
IQ,58,0,48,147.0,8.0,94.0,-82.0
IQ,58,0,49,-92.0,-109.0,12.0,121.0
IQ,58,0,50,-17.0,137.0,-98.0,-63.0
IQ,58,0,51,-31.0,132.0,-111.0,-20.0
IQ,58,0,52,-107.0,81.0,-87.0,65.0
IQ,58,0,53,-87.0,-99.0,68.0,81.0
IQ,58,0,54,-51.0,-117.0,93.0,47.0
IQ,58,0,55,-37.0,120.0,-98.0,35.0
IQ,58,0,56,119.0,-45.0,24.0,-99.0
IQ,58,0,57,115.0,49.0,-65.0,-80.0
IQ,58,0,58,-7.0,-125.0,100.0,-29.0
IQ,58,0,59,-59.0,-115.0,104.0,-10.0
IQ,58,0,60,-31.0,125.0,-75.0,74.0
IQ,58,0,61,-135.0,-20.0,76.0,79.0
IQ,58,0,62,-51.0,132.0,-46.0,102.0
IQ,58,0,63,-115.0,-91.0,116.0,-2.0
IQ,58,0,64,147.0,-39.0,-87.0,-88.0
IQ,58,0,65,-94.0,-125.0,101.0,-75.0
IQ,58,0,66,-160.0,-37.0,133.0,-12.0
IQ,58,0,67,141.0,93.0,-104.0,89.0
IQ,58,0,68,150.0,-92.0,-135.0,-43.0
IQ,58,0,69,-83.0,-162.0,-4.0,-146.0
IQ,58,0,70,26.0,183.0,75.0,129.0
IQ,58,0,71,-171.0,84.0,138.0,-67.0
IQ,58,0,72,194.0,-3.0,-76.0,137.0
IQ,58,0,73,167.0,102.0,54.0,149.0
IQ,58,0,74,200.0,9.0,5.0,162.0
IQ,58,0,75,-86.0,-182.0,-162.0,-27.0
IQ,58,0,76,192.0,-44.0,38.0,159.0
CS,58,0,1,4.243,4.835,1.905,17,432
IQ,59,0,2,-8.0,-70.0,-53.0,57.0
IQ,59,0,3,-26.0,-62.0,-56.0,48.0
IQ,59,0,4,-40.0,48.0,-20.0,-67.0
IQ,59,0,5,-60.0,14.0,-57.0,-35.0
IQ,59,0,6,58.0,-1.0,60.0,17.0
IQ,59,0,7,-45.0,34.0,-42.0,-46.0
IQ,59,0,8,-43.0,-34.0,-51.0,28.0
IQ,59,0,9,-29.0,45.0,-16.0,-57.0
IQ,59,0,10,34.0,-41.0,26.0,52.0
IQ,59,0,11,-35.0,-43.0,-49.0,33.0
IQ,59,0,12,49.0,33.0,59.0,-17.0
IQ,59,0,13,-39.0,-51.0,-46.0,47.0
IQ,59,0,14,-22.0,65.0,-15.0,-70.0
IQ,59,0,15,73.0,17.0,74.0,-18.0
IQ,59,0,16,0.0,0.0,0.0,0.0
IQ,59,0,17,40.0,76.0,14.0,-87.0
IQ,59,0,18,67.0,-60.0,89.0,24.0
IQ,59,0,19,85.0,46.0,41.0,-91.0
IQ,59,0,20,-95.0,33.0,-94.0,46.0
IQ,59,0,21,91.0,-57.0,92.0,-54.0
IQ,59,0,22,-104.0,-40.0,-4.0,109.0
IQ,59,0,23,0.0,0.0,0.0,0.0
IQ,59,0,24,0.0,0.0,0.0,0.0
IQ,59,0,25,0.0,0.0,0.0,0.0
IQ,59,0,26,72.0,99.0,-120.0,-22.0
IQ,59,0,27,0.0,0.0,0.0,0.0
IQ,59,0,28,-100.0,92.0,6.0,131.0
IQ,59,0,29,111.0,85.0,-137.0,9.0
IQ,59,0,30,-148.0,7.0,130.0,50.0
IQ,59,0,31,-140.0,58.0,124.0,69.0
IQ,59,0,32,53.0,-149.0,-68.0,-133.0
IQ,59,0,33,107.0,120.0,-45.0,145.0
IQ,59,0,34,112.0,124.0,-19.0,151.0
IQ,59,0,35,-131.0,-107.0,-2.0,-158.0
IQ,59,0,36,-167.0,-39.0,41.0,-151.0
IQ,59,0,37,-98.0,138.0,143.0,-62.0
IQ,59,0,38,27.0,166.0,154.0,13.0
IQ,59,0,39,166.0,-30.0,30.0,149.0
IQ,59,0,40,18.0,-167.0,-124.0,88.0
IQ,59,0,41,-78.0,-145.0,-143.0,42.0
IQ,59,0,42,-66.0,151.0,17.0,-147.0
IQ,59,0,43,0.0,0.0,0.0,0.0
IQ,59,0,44,-35.0,-158.0,-49.0,132.0
IQ,59,0,45,-54.0,147.0,-64.0,-125.0
IQ,59,0,46,106.0,109.0,56.0,-123.0
IQ,59,0,47,-149.0,-5.0,-113.0,64.0
IQ,59,0,48,-59.0,130.0,-111.0,-61.0
IQ,59,0,49,137.0,25.0,56.0,-108.0
IQ,59,0,50,116.0,-69.0,97.0,-62.0
IQ,59,0,51,-80.0,102.0,-110.0,33.0
IQ,59,0,52,68.0,-110.0,102.0,-41.0
IQ,59,0,53,-125.0,-16.0,2.0,108.0
IQ,59,0,54,-73.0,101.0,-90.0,53.0
IQ,59,0,55,112.0,-51.0,24.0,-101.0
IQ,59,0,56,-81.0,91.0,-62.0,82.0
IQ,59,0,57,112.0,47.0,-67.0,-80.0
IQ,59,0,58,-37.0,-118.0,101.0,-10.0
IQ,59,0,59,114.0,-43.0,-16.0,-105.0
IQ,59,0,60,-124.0,-27.0,80.0,71.0
IQ,59,0,61,-78.0,-105.0,107.0,0.0
IQ,59,0,62,-103.0,-89.0,114.0,-1.0
IQ,59,0,63,101.0,-98.0,-29.0,-114.0
IQ,59,0,64,-28.0,142.0,-31.0,118.0
IQ,59,0,65,32.0,148.0,-54.0,117.0
IQ,59,0,66,-60.0,-146.0,57.0,-120.0
IQ,59,0,67,65.0,-151.0,-68.0,-120.0
IQ,59,0,68,127.0,111.0,-68.0,127.0
IQ,59,0,69,66.0,-162.0,-125.0,-79.0
IQ,59,0,70,-160.0,82.0,145.0,-42.0
IQ,59,0,71,-163.0,85.0,131.0,-84.0
IQ,59,0,72,-132.0,134.0,143.0,-68.0
IQ,59,0,73,154.0,111.0,85.0,138.0
IQ,59,0,74,177.0,-71.0,-38.0,160.0
IQ,59,0,75,190.0,-22.0,40.0,160.0
IQ,59,0,76,-74.0,176.0,86.0,-140.0
CS,59,0,1,4.099,5.110,3.201,17,726
IQ,60,0,2,36.0,92.0,121.0,-106.0
IQ,60,0,3,94.0,-3.0,142.0,50.0
IQ,60,0,4,83.0,-32.0,114.0,84.0
IQ,60,0,5,42.0,73.0,88.0,-104.0
IQ,60,0,6,-85.0,6.0,-126.0,-31.0
IQ,60,0,7,-70.0,35.0,-108.0,-59.0
IQ,60,0,8,-76.0,6.0,-119.0,-16.0
IQ,60,0,9,63.0,38.0,106.0,-54.0
IQ,60,0,10,-57.0,-52.0,-96.0,67.0
IQ,60,0,11,-6.0,77.0,4.0,-123.0
IQ,60,0,12,-85.0,2.0,-128.0,-21.0
IQ,60,0,13,30.0,-86.0,28.0,137.0
IQ,60,0,14,-94.0,17.0,-146.0,-22.0
IQ,60,0,15,64.0,-81.0,123.0,99.0
IQ,60,0,16,-51.0,100.0,-125.0,-115.0
IQ,60,0,17,103.0,64.0,115.0,-138.0
IQ,60,0,18,107.0,-70.0,192.0,-7.0
IQ,60,0,19,-94.0,101.0,-202.0,-5.0
IQ,60,0,20,-74.0,-123.0,97.0,187.0
IQ,60,0,21,69.0,133.0,-156.0,-157.0
IQ,60,0,22,-122.0,97.0,-165.0,155.0
IQ,60,0,23,0.0,0.0,0.0,0.0
IQ,60,0,24,0.0,0.0,0.0,0.0
IQ,60,0,25,0.0,0.0,0.0,0.0
IQ,60,0,26,9.0,-177.0,186.0,-168.0
IQ,60,0,27,179.0,-42.0,-133.0,-221.0
IQ,60,0,28,101.0,-160.0,7.0,-268.0
IQ,60,0,29,75.0,-181.0,4.0,-276.0
IQ,60,0,30,-89.0,-186.0,146.0,-245.0
IQ,60,0,31,-205.0,62.0,294.0,28.0
IQ,60,0,32,0.0,0.0,0.0,0.0
IQ,60,0,33,0.0,0.0,0.0,0.0
IQ,60,0,34,-227.0,59.0,267.0,-179.0
IQ,60,0,35,0.0,0.0,0.0,0.0
IQ,60,0,36,166.0,172.0,188.0,260.0
IQ,60,0,37,0.0,0.0,0.0,0.0
IQ,60,0,38,137.0,-197.0,-202.0,249.0
IQ,60,0,39,0.0,0.0,0.0,0.0
IQ,60,0,40,35.0,232.0,242.0,-199.0
IQ,60,0,41,-223.0,-73.0,-295.0,-88.0
IQ,60,0,42,0.0,0.0,0.0,0.0
IQ,60,0,43,-65.0,219.0,-53.0,-295.0
IQ,60,0,44,-36.0,-223.0,-20.0,294.0
IQ,60,0,45,-93.0,-201.0,-42.0,283.0
IQ,60,0,46,157.0,-146.0,269.0,65.0
IQ,60,0,47,121.0,-168.0,264.0,29.0
IQ,60,0,48,-133.0,-154.0,48.0,255.0
IQ,60,0,49,122.0,154.0,-105.0,-225.0
IQ,60,0,50,160.0,105.0,-80.0,-226.0
IQ,60,0,51,-139.0,-127.0,140.0,186.0
IQ,60,0,52,165.0,77.0,-93.0,-204.0
IQ,60,0,53,-69.0,164.0,-192.0,108.0
IQ,60,0,54,-63.0,-164.0,215.0,19.0
IQ,60,0,55,165.0,-54.0,-4.0,-211.0
IQ,60,0,56,-116.0,-125.0,202.0,61.0
IQ,60,0,57,-21.0,-172.0,187.0,-95.0
IQ,60,0,58,-119.0,-128.0,208.0,28.0
IQ,60,0,59,-49.0,-167.0,188.0,-98.0
IQ,60,0,60,32.0,174.0,-164.0,137.0
IQ,60,0,61,-147.0,-113.0,224.0,-14.0
IQ,60,0,62,-139.0,127.0,78.0,219.0
IQ,60,0,63,148.0,-128.0,-122.0,-204.0
IQ,60,0,64,193.0,-73.0,-216.0,-129.0
IQ,60,0,65,28.0,213.0,-33.0,257.0
IQ,60,0,66,180.0,128.0,-183.0,204.0
IQ,60,0,67,230.0,7.0,-260.0,112.0
IQ,60,0,68,-14.0,238.0,173.0,230.0
IQ,60,0,69,226.0,96.0,-108.0,277.0
IQ,60,0,70,-37.0,-249.0,-237.0,-197.0
IQ,60,0,71,-80.0,-248.0,-265.0,-171.0
IQ,60,0,72,-251.0,-72.0,-71.0,-316.0
IQ,60,0,73,9.0,-266.0,-326.0,43.0
IQ,60,0,74,97.0,251.0,329.0,-23.0
IQ,60,0,75,-184.0,-198.0,-329.0,-58.0
IQ,60,0,76,-267.0,13.0,-255.0,-214.0
CS,60,0,1,4.328,4.802,4.589,17,1041
IQ,61,0,2,-95.0,-30.0,-160.0,-27.0
IQ,61,0,3,-52.0,78.0,-37.0,-147.0
IQ,61,0,4,57.0,-68.0,57.0,132.0
IQ,61,0,5,41.0,74.0,85.0,-106.0
IQ,61,0,6,-45.0,-69.0,-90.0,94.0
IQ,61,0,7,-27.0,72.0,-41.0,-116.0
IQ,61,0,8,70.0,29.0,111.0,-43.0
IQ,61,0,9,71.0,-20.0,113.0,38.0
IQ,61,0,10,-76.0,-8.0,-119.0,5.0
IQ,61,0,11,-28.0,-75.0,-53.0,109.0
IQ,61,0,12,3.0,79.0,22.0,-127.0
IQ,61,0,13,0.0,0.0,0.0,0.0
IQ,61,0,14,50.0,-81.0,73.0,129.0
IQ,61,0,15,-102.0,20.0,-157.0,-14.0
IQ,61,0,16,-73.0,84.0,-134.0,-104.0
IQ,61,0,17,-18.0,-116.0,56.0,172.0
IQ,61,0,18,-79.0,98.0,-178.0,-68.0
IQ,61,0,19,109.0,-79.0,195.0,-48.0
IQ,61,0,20,133.0,50.0,56.0,-202.0
IQ,61,0,21,146.0,26.0,53.0,-212.0
IQ,61,0,22,64.0,140.0,-187.0,-128.0
IQ,61,0,23,0.0,0.0,0.0,0.0
IQ,61,0,24,0.0,0.0,0.0,0.0
IQ,61,0,25,0.0,0.0,0.0,0.0
IQ,61,0,26,-52.0,170.0,-155.0,199.0
IQ,61,0,27,35.0,179.0,-217.0,146.0
IQ,61,0,28,-187.0,31.0,202.0,175.0
IQ,61,0,29,118.0,157.0,-229.0,158.0
IQ,61,0,30,169.0,113.0,-258.0,122.0
IQ,61,0,31,-24.0,-213.0,3.0,-296.0
IQ,61,0,32,0.0,0.0,0.0,0.0
IQ,61,0,33,48.0,223.0,120.0,287.0
IQ,61,0,34,127.0,193.0,68.0,309.0
IQ,61,0,35,-152.0,186.0,314.0,-76.0
IQ,61,0,36,79.0,225.0,283.0,154.0
IQ,61,0,37,238.0,29.0,48.0,319.0
IQ,61,0,38,212.0,110.0,227.0,223.0
IQ,61,0,39,-217.0,-97.0,-259.0,-183.0
IQ,61,0,40,228.0,71.0,265.0,165.0
IQ,61,0,41,22.0,234.0,196.0,-235.0
IQ,61,0,42,138.0,-184.0,68.0,294.0
IQ,61,0,43,-220.0,-67.0,-294.0,62.0
IQ,61,0,44,164.0,153.0,192.0,-220.0
IQ,61,0,45,65.0,209.0,-3.0,-285.0
IQ,61,0,46,175.0,-123.0,276.0,22.0
IQ,61,0,47,207.0,15.0,177.0,-200.0
IQ,61,0,48,71.0,-191.0,237.0,100.0
IQ,61,0,49,2.0,-197.0,225.0,105.0
IQ,61,0,50,-18.0,-191.0,206.0,123.0
IQ,61,0,51,-178.0,55.0,-114.0,202.0
IQ,61,0,52,0.0,0.0,0.0,0.0
IQ,61,0,53,-65.0,163.0,-194.0,97.0
IQ,61,0,54,-90.0,148.0,-148.0,161.0
IQ,61,0,55,107.0,-132.0,114.0,-178.0
IQ,61,0,56,-19.0,170.0,-184.0,103.0
IQ,61,0,57,49.0,161.0,-203.0,59.0
IQ,61,0,58,-120.0,-123.0,207.0,27.0
IQ,61,0,59,105.0,-139.0,25.0,-208.0
IQ,61,0,60,-174.0,-28.0,192.0,100.0
IQ,61,0,61,72.0,170.0,-191.0,117.0
IQ,61,0,62,0.0,0.0,0.0,0.0
IQ,61,0,63,-53.0,190.0,-4.0,239.0
IQ,61,0,64,131.0,-159.0,-123.0,-216.0
IQ,61,0,65,213.0,6.0,-258.0,35.0
IQ,61,0,66,0.0,0.0,0.0,0.0
IQ,61,0,67,-96.0,209.0,217.0,176.0
IQ,61,0,68,0.0,0.0,0.0,0.0
IQ,61,0,69,225.0,108.0,-78.0,294.0
IQ,61,0,70,186.0,172.0,54.0,300.0
IQ,61,0,71,235.0,106.0,30.0,311.0
IQ,61,0,72,217.0,148.0,144.0,290.0
IQ,61,0,73,112.0,-242.0,-271.0,182.0
IQ,61,0,74,-248.0,-104.0,-240.0,-226.0
IQ,61,0,75,-270.0,12.0,-208.0,-257.0
IQ,61,0,76,57.0,-262.0,-121.0,307.0
CS,61,0,1,4.099,5.256,2.792,16,596
IQ,62,0,2,-44.0,55.0,3.0,-77.0
IQ,62,0,3,21.0,65.0,58.0,-45.0
IQ,62,0,4,-64.0,7.0,-58.0,-37.0
IQ,62,0,5,14.0,59.0,39.0,-54.0
IQ,62,0,6,18.0,56.0,37.0,-52.0
IQ,62,0,7,29.0,51.0,41.0,-43.0
IQ,62,0,8,34.0,-44.0,20.0,55.0
IQ,62,0,9,-55.0,3.0,-56.0,-17.0
IQ,62,0,10,-37.0,42.0,-20.0,-55.0
IQ,62,0,11,0.0,0.0,0.0,0.0
IQ,62,0,12,0.0,0.0,0.0,0.0
IQ,62,0,13,-6.0,64.0,20.0,-64.0
IQ,62,0,14,68.0,-5.0,67.0,24.0
IQ,62,0,15,-72.0,-20.0,-78.0,15.0
IQ,62,0,16,80.0,15.0,82.0,-10.0
IQ,62,0,17,-51.0,65.0,-59.0,-70.0
IQ,62,0,18,92.0,13.0,83.0,-39.0
IQ,62,0,19,-86.0,-45.0,-55.0,82.0
IQ,62,0,20,7.0,-104.0,72.0,73.0
IQ,62,0,21,0.0,0.0,0.0,0.0
IQ,62,0,22,-105.0,-43.0,-16.0,109.0
IQ,62,0,23,0.0,0.0,0.0,0.0
IQ,62,0,24,0.0,0.0,0.0,0.0
IQ,62,0,25,0.0,0.0,0.0,0.0
IQ,62,0,26,-87.0,-94.0,111.0,47.0
IQ,62,0,27,-122.0,51.0,3.0,127.0
IQ,62,0,28,-95.0,-99.0,130.0,6.0
IQ,62,0,29,0.0,0.0,0.0,0.0
IQ,62,0,30,51.0,140.0,-97.0,100.0
IQ,62,0,31,-75.0,-137.0,94.0,-110.0
IQ,62,0,32,8.0,159.0,-21.0,145.0
IQ,62,0,33,-22.0,166.0,60.0,140.0
IQ,62,0,34,-74.0,153.0,117.0,100.0
IQ,62,0,35,-110.0,134.0,154.0,32.0
IQ,62,0,36,-129.0,115.0,151.0,-38.0
IQ,62,0,37,-94.0,149.0,151.0,-34.0
IQ,62,0,38,97.0,144.0,123.0,93.0
IQ,62,0,39,-73.0,-157.0,-151.0,-34.0
IQ,62,0,40,52.0,-163.0,-120.0,95.0
IQ,62,0,41,-151.0,-82.0,-132.0,-74.0
IQ,62,0,42,-167.0,29.0,-91.0,-114.0
IQ,62,0,43,147.0,-84.0,66.0,130.0
IQ,62,0,44,81.0,-145.0,34.0,138.0
IQ,62,0,45,20.0,160.0,25.0,-137.0
IQ,62,0,46,118.0,104.0,93.0,-98.0
IQ,62,0,47,44.0,-147.0,73.0,106.0
IQ,62,0,48,-144.0,-36.0,-95.0,83.0
IQ,62,0,49,63.0,-129.0,108.0,51.0
IQ,62,0,50,-102.0,-97.0,2.0,118.0
IQ,62,0,51,133.0,-13.0,60.0,-95.0
IQ,62,0,52,36.0,126.0,-82.0,-78.0
IQ,62,0,53,-123.0,35.0,-57.0,91.0
IQ,62,0,54,97.0,-85.0,84.0,-65.0
IQ,62,0,55,62.0,111.0,-87.0,-57.0
IQ,62,0,56,30.0,-122.0,99.0,-25.0
IQ,62,0,57,77.0,99.0,-86.0,-56.0
IQ,62,0,58,66.0,107.0,-97.0,-36.0
IQ,62,0,59,-40.0,-123.0,103.0,3.0
IQ,62,0,60,-121.0,49.0,3.0,107.0
IQ,62,0,61,95.0,-95.0,28.0,-105.0
IQ,62,0,62,-93.0,-104.0,113.0,5.0
IQ,62,0,63,141.0,-39.0,-62.0,-100.0
IQ,62,0,64,-125.0,83.0,47.0,115.0
IQ,62,0,65,-60.0,-148.0,97.0,-82.0
IQ,62,0,66,157.0,55.0,-133.0,7.0
IQ,62,0,67,-165.0,45.0,129.0,44.0
IQ,62,0,68,-157.0,-82.0,118.0,-78.0
IQ,62,0,69,-19.0,-183.0,-35.0,-142.0
IQ,62,0,70,-147.0,-116.0,51.0,-142.0
IQ,62,0,71,-2.0,-191.0,-104.0,-116.0
IQ,62,0,72,195.0,10.0,-73.0,139.0
IQ,62,0,73,-199.0,-5.0,47.0,-154.0
IQ,62,0,74,2.0,-201.0,-162.0,-13.0
IQ,62,0,75,190.0,59.0,76.0,144.0
IQ,62,0,76,-50.0,-194.0,-163.0,26.0
CS,62,0,1,3.806,5.042,1.940,17,440
IQ,63,0,2,-4.0,-73.0,-59.0,51.0
IQ,63,0,3,-51.0,46.0,-7.0,-74.0
IQ,63,0,4,45.0,46.0,65.0,-18.0
IQ,63,0,5,13.0,-60.0,-18.0,63.0
IQ,63,0,6,44.0,39.0,63.0,-18.0
IQ,63,0,7,-54.0,-20.0,-62.0,5.0
IQ,63,0,8,-10.0,54.0,12.0,-57.0
IQ,63,0,9,51.0,-17.0,43.0,37.0
IQ,63,0,10,-53.0,16.0,-43.0,-39.0
IQ,63,0,11,46.0,-32.0,32.0,51.0
IQ,63,0,12,59.0,-15.0,48.0,41.0
IQ,63,0,13,0.0,0.0,0.0,0.0
IQ,63,0,14,54.0,43.0,68.0,-24.0
IQ,63,0,15,-70.0,33.0,-57.0,-52.0
IQ,63,0,16,-80.0,0.0,-82.0,-11.0
IQ,63,0,17,81.0,-35.0,85.0,25.0
IQ,63,0,18,-22.0,-90.0,-3.0,93.0
IQ,63,0,19,-87.0,47.0,-98.0,-1.0
IQ,63,0,20,-103.0,18.0,-87.0,53.0
IQ,63,0,21,-34.0,-103.0,54.0,91.0
IQ,63,0,22,-108.0,39.0,-89.0,65.0
IQ,63,0,23,0.0,0.0,0.0,0.0
IQ,63,0,24,0.0,0.0,0.0,0.0
IQ,63,0,25,0.0,0.0,0.0,0.0
IQ,63,0,26,-130.0,6.0,25.0,120.0
IQ,63,0,27,132.0,-16.0,-40.0,-121.0
IQ,63,0,28,123.0,64.0,-117.0,-60.0
IQ,63,0,29,98.0,103.0,-135.0,11.0
IQ,63,0,30,68.0,131.0,-120.0,74.0
IQ,63,0,31,154.0,-13.0,-132.0,-53.0
IQ,63,0,32,88.0,135.0,-89.0,119.0
IQ,63,0,33,-165.0,33.0,152.0,-2.0
IQ,63,0,34,157.0,-70.0,-157.0,-5.0
IQ,63,0,35,55.0,-162.0,-134.0,-84.0
IQ,63,0,36,33.0,-173.0,-139.0,-73.0
IQ,63,0,37,0.0,0.0,0.0,0.0
IQ,63,0,38,-22.0,-175.0,-152.0,-42.0
IQ,63,0,39,-151.0,-89.0,-95.0,-121.0
IQ,63,0,40,123.0,122.0,139.0,62.0
IQ,63,0,41,-32.0,-168.0,-139.0,58.0
IQ,63,0,42,-171.0,-3.0,-110.0,-101.0
IQ,63,0,43,100.0,138.0,136.0,-52.0
IQ,63,0,44,158.0,50.0,144.0,13.0
IQ,63,0,45,-18.0,162.0,-1.0,-140.0
IQ,63,0,46,6.0,157.0,-1.0,-137.0
IQ,63,0,47,68.0,-138.0,86.0,96.0
IQ,63,0,48,-127.0,-74.0,-68.0,108.0
IQ,63,0,49,56.0,133.0,-27.0,-119.0
IQ,63,0,50,101.0,-96.0,117.0,-5.0
IQ,63,0,51,-80.0,-112.0,44.0,104.0
IQ,63,0,52,-3.0,133.0,-99.0,-48.0
IQ,63,0,53,77.0,104.0,-57.0,-93.0
IQ,63,0,54,92.0,88.0,-55.0,-92.0
IQ,63,0,55,-19.0,-124.0,100.0,27.0
IQ,63,0,56,-5.0,-123.0,101.0,15.0
IQ,63,0,57,-126.0,11.0,-1.0,102.0
IQ,63,0,58,56.0,-114.0,82.0,-62.0
IQ,63,0,59,-24.0,-122.0,104.0,-15.0
IQ,63,0,60,57.0,117.0,-107.0,-8.0
IQ,63,0,61,-3.0,-135.0,96.0,-48.0
IQ,63,0,62,-135.0,-43.0,92.0,67.0
IQ,63,0,63,10.0,-144.0,79.0,-85.0
IQ,63,0,64,-90.0,-122.0,118.0,-29.0
IQ,63,0,65,104.0,-118.0,-26.0,-124.0
IQ,63,0,66,-36.0,161.0,-17.0,134.0
IQ,63,0,67,-165.0,-50.0,134.0,-37.0
IQ,63,0,68,126.0,123.0,-94.0,108.0
IQ,63,0,69,-169.0,69.0,146.0,15.0
IQ,63,0,70,162.0,97.0,-75.0,134.0
IQ,63,0,71,15.0,192.0,98.0,121.0
IQ,63,0,72,50.0,189.0,93.0,127.0
IQ,63,0,73,129.0,147.0,78.0,142.0
IQ,63,0,74,-174.0,99.0,105.0,-125.0
IQ,63,0,75,-95.0,-177.0,-158.0,-49.0
IQ,63,0,76,82.0,182.0,161.0,21.0
CS,63,0,1,4.099,4.902,3.210,18,771
IQ,64,0,2,-40.0,-89.0,-140.0,79.0
IQ,64,0,3,78.0,-50.0,75.0,131.0
IQ,64,0,4,81.0,30.0,142.0,-5.0
IQ,64,0,5,40.0,-73.0,27.0,133.0
IQ,64,0,6,80.0,-5.0,126.0,30.0
IQ,64,0,7,-31.0,-71.0,-71.0,100.0
IQ,64,0,8,68.0,-34.0,95.0,73.0
IQ,64,0,9,-24.0,69.0,-22.0,-117.0
IQ,64,0,10,-47.0,59.0,-53.0,-106.0
IQ,64,0,11,-31.0,-70.0,-66.0,104.0
IQ,64,0,12,-83.0,-1.0,-128.0,-21.0
IQ,64,0,13,14.0,-87.0,-2.0,136.0
IQ,64,0,14,86.0,51.0,133.0,-64.0
IQ,64,0,15,42.0,-97.0,67.0,143.0
IQ,64,0,16,40.0,103.0,36.0,-164.0
IQ,64,0,17,0.0,0.0,0.0,0.0
IQ,64,0,18,119.0,45.0,119.0,-148.0
IQ,64,0,19,10.0,136.0,-125.0,-161.0
IQ,64,0,20,120.0,-78.0,201.0,-63.0
IQ,64,0,21,-21.0,-149.0,180.0,125.0
IQ,64,0,22,-58.0,-144.0,181.0,136.0
IQ,64,0,23,0.0,0.0,0.0,0.0
IQ,64,0,24,0.0,0.0,0.0,0.0
IQ,64,0,25,0.0,0.0,0.0,0.0
IQ,64,0,26,-157.0,83.0,-1.0,249.0
IQ,64,0,27,-177.0,-51.0,209.0,157.0
IQ,64,0,28,-152.0,-113.0,265.0,4.0
IQ,64,0,29,194.0,-35.0,-216.0,-170.0
IQ,64,0,30,-103.0,176.0,87.0,273.0
IQ,64,0,31,164.0,138.0,-211.0,205.0
IQ,64,0,32,-154.0,155.0,253.0,174.0
IQ,64,0,33,36.0,-225.0,-184.0,-254.0
IQ,64,0,34,-80.0,216.0,284.0,139.0
IQ,64,0,35,-2.0,-236.0,-274.0,-172.0
IQ,64,0,36,151.0,-186.0,-296.0,127.0
IQ,64,0,37,-226.0,-87.0,-66.0,-313.0
IQ,64,0,38,236.0,-35.0,17.0,318.0
IQ,64,0,39,154.0,180.0,297.0,98.0
IQ,64,0,40,-231.0,-51.0,-245.0,-190.0
IQ,64,0,41,-234.0,27.0,-222.0,-210.0
IQ,64,0,42,0.0,0.0,0.0,0.0
IQ,64,0,43,-227.0,41.0,-279.0,-101.0
IQ,64,0,44,-30.0,-224.0,-29.0,290.0
IQ,64,0,45,94.0,-201.0,195.0,206.0
IQ,64,0,46,51.0,-209.0,183.0,202.0
IQ,64,0,47,172.0,-115.0,266.0,-14.0
IQ,64,0,48,16.0,201.0,-193.0,-173.0
IQ,64,0,49,161.0,-112.0,224.0,-108.0
IQ,64,0,50,135.0,-134.0,222.0,-81.0
IQ,64,0,51,-182.0,16.0,-47.0,222.0
IQ,64,0,52,-14.0,180.0,-229.0,-14.0
IQ,64,0,53,30.0,-172.0,214.0,-46.0
IQ,64,0,54,125.0,120.0,-170.0,-135.0
IQ,64,0,55,0.0,0.0,0.0,0.0
IQ,64,0,56,94.0,137.0,-207.0,-44.0
IQ,64,0,57,-162.0,53.0,31.0,207.0
IQ,64,0,58,0.0,0.0,0.0,0.0
IQ,64,0,59,125.0,121.0,-211.0,-24.0
IQ,64,0,60,-11.0,-177.0,162.0,-140.0
IQ,64,0,61,147.0,-108.0,-57.0,-213.0
IQ,64,0,62,156.0,104.0,-228.0,15.0
IQ,64,0,63,168.0,-104.0,-136.0,-196.0
IQ,64,0,64,104.0,-178.0,-63.0,-243.0
IQ,64,0,65,111.0,-185.0,-117.0,-236.0
IQ,64,0,66,-116.0,192.0,143.0,229.0
IQ,64,0,67,206.0,-103.0,-276.0,-62.0
IQ,64,0,68,-1.0,-238.0,-132.0,-258.0
IQ,64,0,69,-79.0,233.0,246.0,165.0
IQ,64,0,70,210.0,135.0,-24.0,305.0
IQ,64,0,71,187.0,175.0,94.0,298.0
IQ,64,0,72,-16.0,261.0,323.0,12.0
IQ,64,0,73,-110.0,-245.0,-302.0,-129.0
IQ,64,0,74,-212.0,166.0,116.0,-309.0
IQ,64,0,75,-45.0,-265.0,-314.0,107.0
IQ,64,0,76,-44.0,264.0,193.0,-270.0
CS,64,0,1,4.099,5.197,2.537,20,677
IQ,65,0,2,-99.0,2.0,-99.0,-56.0
IQ,65,0,3,50.0,77.0,84.0,-63.0
IQ,65,0,4,86.0,24.0,100.0,-13.0
IQ,65,0,5,12.0,82.0,18.0,-95.0
IQ,65,0,6,-27.0,-77.0,-29.0,86.0
IQ,65,0,7,-28.0,-72.0,-31.0,81.0
IQ,65,0,8,68.0,-33.0,78.0,33.0
IQ,65,0,9,66.0,-42.0,69.0,46.0
IQ,65,0,10,22.0,-74.0,23.0,80.0
IQ,65,0,11,-12.0,-77.0,-15.0,85.0
IQ,65,0,12,-10.0,-84.0,-13.0,89.0
IQ,65,0,13,52.0,-73.0,58.0,77.0
IQ,65,0,14,-92.0,36.0,-100.0,-28.0
IQ,65,0,15,-97.0,-39.0,-93.0,60.0
IQ,65,0,16,91.0,63.0,70.0,-98.0
IQ,65,0,17,116.0,-28.0,122.0,-39.0
IQ,65,0,18,-130.0,-11.0,-94.0,98.0
IQ,65,0,19,12.0,136.0,-105.0,-98.0
IQ,65,0,20,-145.0,4.0,-77.0,127.0
IQ,65,0,21,-35.0,-145.0,131.0,79.0
IQ,65,0,22,-152.0,37.0,-46.0,153.0
IQ,65,0,23,0.0,0.0,0.0,0.0
IQ,65,0,24,0.0,0.0,0.0,0.0
IQ,65,0,25,0.0,0.0,0.0,0.0
IQ,65,0,26,145.0,100.0,-164.0,-65.0
IQ,65,0,27,126.0,131.0,-181.0,14.0
IQ,65,0,28,-148.0,118.0,81.0,169.0
IQ,65,0,29,-74.0,183.0,21.0,193.0
IQ,65,0,30,-92.0,-187.0,107.0,-170.0
IQ,65,0,31,89.0,-197.0,-130.0,-163.0
IQ,65,0,32,-197.0,-104.0,139.0,-164.0
IQ,65,0,33,157.0,-164.0,-215.0,-40.0
IQ,65,0,34,-74.0,-220.0,-121.0,-188.0
IQ,65,0,35,-238.0,-2.0,103.0,-200.0
IQ,65,0,36,-239.0,1.0,22.0,-226.0
IQ,65,0,37,-240.0,-2.0,-22.0,-227.0
IQ,65,0,38,-175.0,-163.0,-204.0,-92.0
IQ,65,0,39,132.0,-196.0,-82.0,206.0
IQ,65,0,40,107.0,-212.0,-50.0,212.0
IQ,65,0,41,69.0,-222.0,-43.0,213.0
IQ,65,0,42,230.0,4.0,202.0,64.0
IQ,65,0,43,-58.0,-220.0,-58.0,199.0
IQ,65,0,44,112.0,-194.0,133.0,156.0
IQ,65,0,45,217.0,39.0,166.0,-109.0
IQ,65,0,46,-164.0,-141.0,-45.0,191.0
IQ,65,0,47,-202.0,-49.0,-77.0,171.0
IQ,65,0,48,127.0,159.0,-47.0,-176.0
IQ,65,0,49,-23.0,-197.0,160.0,68.0
IQ,65,0,50,151.0,111.0,-58.0,-159.0
IQ,65,0,51,49.0,-179.0,158.0,-54.0
IQ,65,0,52,180.0,-2.0,-1.0,-161.0
IQ,65,0,53,172.0,37.0,-62.0,-142.0
IQ,65,0,54,164.0,-50.0,-6.0,-152.0
IQ,65,0,55,-133.0,-109.0,131.0,70.0
IQ,65,0,56,-167.0,-29.0,97.0,109.0
IQ,65,0,57,171.0,-2.0,-84.0,-123.0
IQ,65,0,58,-35.0,-166.0,129.0,-73.0
IQ,65,0,59,-129.0,-116.0,150.0,-5.0
IQ,65,0,60,164.0,62.0,-149.0,-39.0
IQ,65,0,61,154.0,91.0,-157.0,5.0
IQ,65,0,62,-183.0,43.0,136.0,92.0
IQ,65,0,63,-181.0,-81.0,166.0,-23.0
IQ,65,0,64,-159.0,129.0,123.0,126.0
IQ,65,0,65,155.0,-147.0,-146.0,-112.0
IQ,65,0,66,150.0,-164.0,-151.0,-117.0
IQ,65,0,67,-17.0,228.0,98.0,172.0
IQ,65,0,68,180.0,155.0,-46.0,200.0
IQ,65,0,69,133.0,-205.0,-209.0,-34.0
IQ,65,0,70,242.0,63.0,-43.0,212.0
IQ,65,0,71,158.0,203.0,137.0,175.0
IQ,65,0,72,-235.0,-120.0,-105.0,-201.0
IQ,65,0,73,-230.0,133.0,59.0,-224.0
IQ,65,0,74,-18.0,-267.0,-215.0,92.0
IQ,65,0,75,-102.0,-248.0,-215.0,97.0
IQ,65,0,76,119.0,239.0,211.0,-100.0
CS,65,0,1,4.099,5.118,3.019,21,846
IQ,66,0,2,98.0,-6.0,95.0,57.0
IQ,66,0,3,0.0,0.0,0.0,0.0
IQ,66,0,4,22.0,83.0,48.0,-88.0
IQ,66,0,5,16.0,-84.0,8.0,94.0
IQ,66,0,6,-52.0,64.0,-53.0,-76.0
IQ,66,0,7,-47.0,62.0,-56.0,-66.0
IQ,66,0,8,18.0,-74.0,12.0,83.0
IQ,66,0,9,64.0,38.0,72.0,-40.0
IQ,66,0,10,0.0,0.0,0.0,0.0
IQ,66,0,11,0.0,0.0,0.0,0.0
IQ,66,0,12,-25.0,78.0,-20.0,-86.0
IQ,66,0,13,-38.0,76.0,-41.0,-86.0
IQ,66,0,14,94.0,-9.0,100.0,15.0
IQ,66,0,15,2.0,103.0,-15.0,-111.0
IQ,66,0,16,-97.0,57.0,-113.0,-37.0
IQ,66,0,17,0.0,0.0,0.0,0.0
IQ,66,0,18,55.0,-118.0,113.0,72.0
IQ,66,0,19,-53.0,-124.0,57.0,131.0
IQ,66,0,20,77.0,119.0,-63.0,-136.0
IQ,66,0,21,137.0,-62.0,102.0,-116.0
IQ,66,0,22,148.0,41.0,-19.0,-159.0
IQ,66,0,23,0.0,0.0,0.0,0.0
IQ,66,0,24,0.0,0.0,0.0,0.0
IQ,66,0,25,0.0,0.0,0.0,0.0
IQ,66,0,26,0.0,0.0,0.0,0.0
IQ,66,0,27,0.0,0.0,0.0,0.0
IQ,66,0,28,0.0,0.0,0.0,0.0
IQ,66,0,29,0.0,0.0,0.0,0.0
IQ,66,0,30,-170.0,118.0,158.0,124.0
IQ,66,0,31,0.0,0.0,0.0,0.0
IQ,66,0,32,120.0,183.0,-52.0,209.0
IQ,66,0,33,196.0,113.0,-74.0,207.0
IQ,66,0,34,0.0,0.0,0.0,0.0
IQ,66,0,35,219.0,83.0,-18.0,225.0
IQ,66,0,36,0.0,0.0,0.0,0.0
IQ,66,0,37,-153.0,183.0,166.0,-154.0
IQ,66,0,38,0.0,0.0,0.0,0.0
IQ,66,0,39,205.0,119.0,192.0,110.0
IQ,66,0,40,-63.0,-228.0,-199.0,97.0
IQ,66,0,41,-95.0,212.0,29.0,-215.0
IQ,66,0,42,0.0,0.0,0.0,0.0
IQ,66,0,43,0.0,0.0,0.0,0.0
IQ,66,0,44,0.0,0.0,0.0,0.0
IQ,66,0,45,0.0,0.0,0.0,0.0
IQ,66,0,46,210.0,49.0,130.0,-145.0
IQ,66,0,47,-201.0,-60.0,-94.0,161.0
IQ,66,0,48,-71.0,-192.0,105.0,148.0
IQ,66,0,49,170.0,-97.0,133.0,-111.0
IQ,66,0,50,-72.0,176.0,-167.0,29.0
IQ,66,0,51,-33.0,-183.0,160.0,39.0
IQ,66,0,52,123.0,-133.0,116.0,-109.0
IQ,66,0,53,0.0,0.0,0.0,0.0
IQ,66,0,54,65.0,-157.0,118.0,-84.0
IQ,66,0,55,0.0,0.0,0.0,0.0
IQ,66,0,56,0.0,0.0,0.0,0.0
IQ,66,0,57,0.0,0.0,0.0,0.0
IQ,66,0,58,0.0,0.0,0.0,0.0
IQ,66,0,59,0.0,0.0,0.0,0.0
IQ,66,0,60,0.0,0.0,0.0,0.0
IQ,66,0,61,0.0,0.0,0.0,0.0
IQ,66,0,62,-40.0,184.0,-40.0,156.0
IQ,66,0,63,0.0,0.0,0.0,0.0
IQ,66,0,64,0.0,0.0,0.0,0.0
IQ,66,0,65,0.0,0.0,0.0,0.0
IQ,66,0,66,119.0,189.0,-60.0,183.0
IQ,66,0,67,189.0,-127.0,-199.0,-29.0
IQ,66,0,68,30.0,-237.0,-157.0,-132.0
IQ,66,0,69,108.0,220.0,91.0,187.0
IQ,66,0,70,248.0,41.0,-72.0,200.0
IQ,66,0,71,-196.0,164.0,178.0,-131.0
IQ,66,0,72,-145.0,218.0,199.0,-106.0
IQ,66,0,73,265.0,-4.0,46.0,225.0
IQ,66,0,74,-235.0,-131.0,-191.0,-135.0
IQ,66,0,75,97.0,252.0,219.0,-75.0
IQ,66,0,76,186.0,192.0,230.0,-33.0
CS,66,0,1,4.330,5.325,3.396,16,725
IQ,67,0,2,-42.0,58.0,-5.0,-78.0
IQ,67,0,3,28.0,63.0,61.0,-37.0
IQ,67,0,4,-45.0,-46.0,-68.0,21.0
IQ,67,0,5,61.0,-12.0,57.0,32.0
IQ,67,0,6,54.0,-22.0,51.0,35.0
IQ,67,0,7,-33.0,46.0,-25.0,-55.0
IQ,67,0,8,31.0,45.0,47.0,-36.0
IQ,67,0,9,-21.0,49.0,-9.0,-58.0
IQ,67,0,10,0.0,57.0,14.0,-56.0
IQ,67,0,11,-23.0,-53.0,-36.0,47.0
IQ,67,0,12,0.0,0.0,0.0,0.0
IQ,67,0,13,52.0,37.0,61.0,-25.0
IQ,67,0,14,66.0,-17.0,65.0,28.0
IQ,67,0,15,48.0,-60.0,40.0,64.0
IQ,67,0,16,29.0,-76.0,33.0,75.0
IQ,67,0,17,-75.0,-47.0,-67.0,60.0
IQ,67,0,18,-86.0,-36.0,-71.0,58.0
IQ,67,0,19,35.0,92.0,-18.0,-97.0
IQ,67,0,20,-83.0,64.0,-102.0,4.0
IQ,67,0,21,102.0,37.0,23.0,-105.0
IQ,67,0,22,71.0,-87.0,101.0,-33.0
IQ,67,0,23,0.0,0.0,0.0,0.0
IQ,67,0,24,0.0,0.0,0.0,0.0
IQ,67,0,25,0.0,0.0,0.0,0.0
IQ,67,0,26,0.0,0.0,0.0,0.0
IQ,67,0,27,-91.0,96.0,-36.0,120.0
IQ,67,0,28,139.0,-4.0,-93.0,-92.0
IQ,67,0,29,-146.0,-10.0,115.0,67.0
IQ,67,0,30,30.0,-147.0,16.0,-137.0
IQ,67,0,31,-156.0,8.0,141.0,28.0
IQ,67,0,32,-160.0,25.0,147.0,14.0
IQ,67,0,33,161.0,-35.0,-152.0,13.0
IQ,67,0,34,-157.0,-65.0,84.0,-129.0
IQ,67,0,35,134.0,108.0,-13.0,153.0
IQ,67,0,36,-129.0,116.0,147.0,-46.0
IQ,67,0,37,174.0,7.0,-33.0,153.0
IQ,67,0,38,129.0,-118.0,-101.0,113.0
IQ,67,0,39,-107.0,136.0,92.0,-122.0
IQ,67,0,40,122.0,-122.0,-48.0,144.0
IQ,67,0,41,-141.0,-100.0,-143.0,-39.0
IQ,67,0,42,169.0,-11.0,111.0,98.0
IQ,67,0,43,20.0,-165.0,-48.0,137.0
IQ,67,0,44,161.0,31.0,141.0,3.0
IQ,67,0,45,-145.0,-78.0,-124.0,63.0
IQ,67,0,46,-6.0,-159.0,27.0,132.0
IQ,67,0,47,-105.0,113.0,-120.0,-54.0
IQ,67,0,48,-148.0,27.0,-120.0,43.0
IQ,67,0,49,111.0,91.0,17.0,-119.0
IQ,67,0,50,138.0,15.0,58.0,-102.0
IQ,67,0,51,69.0,-118.0,114.0,-3.0
IQ,67,0,52,-133.0,-16.0,-30.0,108.0
IQ,67,0,53,-2.0,130.0,-104.0,-25.0
IQ,67,0,54,-92.0,90.0,-82.0,65.0
IQ,67,0,55,93.0,85.0,-69.0,-79.0
IQ,67,0,56,-60.0,111.0,-84.0,60.0
IQ,67,0,57,-16.0,125.0,-98.0,27.0
IQ,67,0,58,-120.0,39.0,-4.0,103.0
IQ,67,0,59,22.0,-128.0,87.0,-57.0
IQ,67,0,60,126.0,39.0,-80.0,-69.0
IQ,67,0,61,-104.0,-87.0,105.0,25.0
IQ,67,0,62,-121.0,-73.0,109.0,34.0
IQ,67,0,63,129.0,65.0,-113.0,-31.0
IQ,67,0,64,-21.0,152.0,-56.0,110.0
IQ,67,0,65,99.0,124.0,-112.0,60.0
IQ,67,0,66,-110.0,123.0,61.0,117.0
IQ,67,0,67,156.0,65.0,-127.0,55.0
IQ,67,0,68,-129.0,125.0,115.0,83.0
IQ,67,0,69,-180.0,-33.0,120.0,-81.0
IQ,67,0,70,188.0,7.0,-118.0,96.0
IQ,67,0,71,-190.0,25.0,115.0,-106.0
IQ,67,0,72,184.0,68.0,-24.0,156.0
IQ,67,0,73,-117.0,-162.0,-108.0,-121.0
IQ,67,0,74,13.0,198.0,163.0,18.0
IQ,67,0,75,-180.0,-88.0,-105.0,-125.0
IQ,67,0,76,29.0,197.0,158.0,-40.0
CS,67,0,1,3.806,4.972,2.456,17,557
IQ,68,0,2,66.0,24.0,73.0,21.0
IQ,68,0,3,-49.0,48.0,-20.0,-71.0
IQ,68,0,4,49.0,40.0,69.0,-17.0
IQ,68,0,5,44.0,42.0,58.0,-35.0
IQ,68,0,6,16.0,-57.0,6.0,63.0
IQ,68,0,7,37.0,-40.0,35.0,50.0
IQ,68,0,8,-34.0,-42.0,-45.0,38.0
IQ,68,0,9,42.0,35.0,52.0,-24.0
IQ,68,0,10,-27.0,-47.0,-40.0,44.0
IQ,68,0,11,22.0,52.0,35.0,-48.0
IQ,68,0,12,-11.0,57.0,4.0,-65.0
IQ,68,0,13,48.0,-40.0,43.0,52.0
IQ,68,0,14,59.0,33.0,65.0,-29.0
IQ,68,0,15,70.0,24.0,71.0,-29.0
IQ,68,0,16,-71.0,44.0,-76.0,-38.0
IQ,68,0,17,47.0,71.0,32.0,-82.0
IQ,68,0,18,-91.0,-10.0,-80.0,47.0
IQ,68,0,19,96.0,2.0,77.0,-60.0
IQ,68,0,20,-95.0,41.0,-95.0,37.0
IQ,68,0,21,-10.0,106.0,-98.0,-44.0
IQ,68,0,22,109.0,-3.0,42.0,-103.0
IQ,68,0,23,0.0,0.0,0.0,0.0
IQ,68,0,24,0.0,0.0,0.0,0.0
IQ,68,0,25,0.0,0.0,0.0,0.0
IQ,68,0,26,79.0,99.0,-123.0,-25.0
IQ,68,0,27,-107.0,-73.0,120.0,37.0
IQ,68,0,28,-135.0,30.0,69.0,109.0
IQ,68,0,29,125.0,-66.0,-70.0,-114.0
IQ,68,0,30,-147.0,-6.0,132.0,38.0
IQ,68,0,31,89.0,-124.0,-76.0,-122.0
IQ,68,0,32,102.0,-120.0,-111.0,-100.0
IQ,68,0,33,84.0,138.0,-8.0,151.0
IQ,68,0,34,-75.0,-148.0,-33.0,-151.0
IQ,68,0,35,63.0,-156.0,-148.0,-44.0
IQ,68,0,36,-44.0,-166.0,-120.0,-98.0
IQ,68,0,37,-171.0,31.0,56.0,-146.0
IQ,68,0,38,26.0,-168.0,-154.0,35.0
IQ,68,0,39,-97.0,137.0,90.0,-127.0
IQ,68,0,40,85.0,-146.0,-75.0,132.0
IQ,68,0,41,-139.0,90.0,-28.0,-148.0
IQ,68,0,42,123.0,110.0,144.0,-20.0
IQ,68,0,43,161.0,-14.0,129.0,65.0
IQ,68,0,44,21.0,-161.0,-2.0,144.0
IQ,68,0,45,-59.0,-145.0,-35.0,132.0
IQ,68,0,46,147.0,-32.0,136.0,-11.0
IQ,68,0,47,-79.0,-126.0,-12.0,129.0
IQ,68,0,48,106.0,98.0,16.0,-125.0
IQ,68,0,49,-100.0,-97.0,8.0,121.0
IQ,68,0,50,40.0,129.0,-81.0,-84.0
IQ,68,0,51,76.0,105.0,-57.0,-100.0
IQ,68,0,52,-110.0,65.0,-84.0,72.0
IQ,68,0,53,-124.0,-4.0,-14.0,105.0
IQ,68,0,54,-28.0,-116.0,96.0,27.0
IQ,68,0,55,-120.0,-18.0,27.0,100.0
IQ,68,0,56,48.0,-111.0,85.0,-58.0
IQ,68,0,57,0.0,0.0,0.0,0.0
IQ,68,0,58,-118.0,36.0,15.0,101.0
IQ,68,0,59,3.0,-125.0,90.0,-51.0
IQ,68,0,60,126.0,15.0,-70.0,-81.0
IQ,68,0,61,-38.0,124.0,-59.0,94.0
IQ,68,0,62,80.0,107.0,-110.0,21.0
IQ,68,0,63,0.0,0.0,0.0,0.0
IQ,68,0,64,-44.0,-140.0,81.0,-91.0
IQ,68,0,65,108.0,-107.0,-70.0,-107.0
IQ,68,0,66,-91.0,-129.0,83.0,-103.0
IQ,68,0,67,155.0,-62.0,-131.0,-34.0
IQ,68,0,68,101.0,137.0,-36.0,138.0
IQ,68,0,69,-106.0,138.0,139.0,45.0
IQ,68,0,70,-96.0,151.0,145.0,39.0
IQ,68,0,71,182.0,12.0,-76.0,135.0
IQ,68,0,72,154.0,-106.0,-139.0,77.0
IQ,68,0,73,-185.0,-39.0,-24.0,-159.0
IQ,68,0,74,-149.0,-120.0,-127.0,-103.0
IQ,68,0,75,179.0,64.0,102.0,127.0
IQ,68,0,76,-189.0,-15.0,-98.0,-130.0
CS,68,0,1,4.099,5.052,1.906,21,534
IQ,69,0,2,64.0,34.0,78.0,5.0
IQ,69,0,3,-20.0,63.0,8.0,-74.0
IQ,69,0,4,-61.0,-22.0,-72.0,-1.0
IQ,69,0,5,-59.0,9.0,-60.0,-31.0
IQ,69,0,6,57.0,-11.0,59.0,21.0
IQ,69,0,7,47.0,32.0,53.0,-29.0
IQ,69,0,8,30.0,-46.0,24.0,54.0
IQ,69,0,9,-17.0,50.0,-7.0,-58.0
IQ,69,0,10,45.0,-31.0,42.0,40.0
IQ,69,0,11,-53.0,13.0,-54.0,-26.0
IQ,69,0,12,-49.0,-35.0,-57.0,25.0
IQ,69,0,13,27.0,-58.0,18.0,63.0
IQ,69,0,14,63.0,-26.0,63.0,32.0
IQ,69,0,15,37.0,64.0,36.0,-66.0
IQ,69,0,16,-66.0,45.0,-74.0,-36.0
IQ,69,0,17,-15.0,-87.0,15.0,85.0
IQ,69,0,18,-40.0,-82.0,-1.0,93.0
IQ,69,0,19,-80.0,53.0,-98.0,3.0
IQ,69,0,20,84.0,56.0,8.0,-102.0
IQ,69,0,21,-57.0,-90.0,54.0,90.0
IQ,69,0,22,-109.0,23.0,-51.0,98.0
IQ,69,0,23,0.0,0.0,0.0,0.0
IQ,69,0,24,0.0,0.0,0.0,0.0
IQ,69,0,25,0.0,0.0,0.0,0.0
IQ,69,0,26,0.0,0.0,0.0,0.0
IQ,69,0,27,-131.0,11.0,69.0,106.0
IQ,69,0,28,9.0,-134.0,79.0,-103.0
IQ,69,0,29,-114.0,-85.0,130.0,-28.0
IQ,69,0,30,-35.0,-143.0,68.0,-120.0
IQ,69,0,31,135.0,70.0,-131.0,57.0
IQ,69,0,32,154.0,-26.0,-150.0,1.0
IQ,69,0,33,-27.0,159.0,85.0,123.0
IQ,69,0,34,58.0,155.0,48.0,147.0
IQ,69,0,35,-66.0,156.0,153.0,35.0
IQ,69,0,36,153.0,-70.0,-113.0,109.0
IQ,69,0,37,0.0,0.0,0.0,0.0
IQ,69,0,38,0.0,0.0,0.0,0.0
IQ,69,0,39,132.0,100.0,132.0,79.0
IQ,69,0,40,91.0,-138.0,-59.0,137.0
IQ,69,0,41,0.0,0.0,0.0,0.0
IQ,69,0,42,-154.0,50.0,-93.0,-116.0
IQ,69,0,43,36.0,-157.0,-17.0,143.0
IQ,69,0,44,16.0,-159.0,-1.0,142.0
IQ,69,0,45,15.0,156.0,-4.0,-139.0
IQ,69,0,46,-26.0,151.0,-74.0,-111.0
IQ,69,0,47,148.0,7.0,104.0,-76.0
IQ,69,0,48,112.0,90.0,21.0,-123.0
IQ,69,0,49,28.0,136.0,-72.0,-97.0
IQ,69,0,50,40.0,-130.0,115.0,23.0
IQ,69,0,51,-52.0,-123.0,91.0,67.0
IQ,69,0,52,-58.0,114.0,-106.0,25.0
IQ,69,0,53,-78.0,-98.0,77.0,74.0
IQ,69,0,54,-119.0,-20.0,24.0,102.0
IQ,69,0,55,64.0,104.0,-98.0,-35.0
IQ,69,0,56,-122.0,17.0,11.0,101.0
IQ,69,0,57,88.0,82.0,-94.0,-40.0
IQ,69,0,58,-120.0,-18.0,55.0,83.0
IQ,69,0,59,-121.0,-29.0,69.0,77.0
IQ,69,0,60,-107.0,68.0,12.0,106.0
IQ,69,0,61,-86.0,96.0,-13.0,107.0
IQ,69,0,62,-82.0,107.0,3.0,112.0
IQ,69,0,63,-10.0,138.0,-56.0,102.0
IQ,69,0,64,30.0,141.0,-68.0,102.0
IQ,69,0,65,-29.0,148.0,-7.0,125.0
IQ,69,0,66,142.0,66.0,-124.0,47.0
IQ,69,0,67,162.0,-26.0,-138.0,12.0
IQ,69,0,68,-87.0,-146.0,38.0,-134.0
IQ,69,0,69,-96.0,146.0,133.0,60.0
IQ,69,0,70,92.0,-153.0,-147.0,-35.0
IQ,69,0,71,14.0,183.0,119.0,99.0
IQ,69,0,72,173.0,73.0,8.0,159.0
IQ,69,0,73,146.0,120.0,78.0,142.0
IQ,69,0,74,152.0,-116.0,-74.0,145.0
IQ,69,0,75,190.0,19.0,90.0,136.0
IQ,69,0,76,11.0,189.0,136.0,-92.0
CS,69,0,1,4.099,5.030,1.586,19,402
IQ,70,0,2,-2.0,-71.0,-52.0,58.0
IQ,70,0,3,14.0,-66.0,-19.0,71.0
IQ,70,0,4,-56.0,-33.0,-70.0,1.0
IQ,70,0,5,0.0,0.0,0.0,0.0
IQ,70,0,6,13.0,-59.0,-7.0,65.0
IQ,70,0,7,0.0,0.0,0.0,0.0
IQ,70,0,8,-18.0,-55.0,-34.0,49.0
IQ,70,0,9,51.0,-25.0,44.0,38.0
IQ,70,0,10,-18.0,52.0,-1.0,-57.0
IQ,70,0,11,-57.0,6.0,-57.0,-21.0
IQ,70,0,12,46.0,-37.0,33.0,52.0
IQ,70,0,13,33.0,55.0,46.0,-51.0
IQ,70,0,14,46.0,50.0,60.0,-38.0
IQ,70,0,15,26.0,69.0,31.0,-71.0
IQ,70,0,16,-12.0,-87.0,-25.0,81.0
IQ,70,0,17,-4.0,-89.0,14.0,88.0
IQ,70,0,18,32.0,-86.0,60.0,73.0
IQ,70,0,19,0.0,-99.0,56.0,77.0
IQ,70,0,20,33.0,-99.0,91.0,44.0
IQ,70,0,21,0.0,0.0,0.0,0.0
IQ,70,0,22,-104.0,-42.0,-2.0,112.0
IQ,70,0,23,0.0,0.0,0.0,0.0
IQ,70,0,24,0.0,0.0,0.0,0.0
IQ,70,0,25,0.0,0.0,0.0,0.0
IQ,70,0,26,0.0,0.0,0.0,0.0
IQ,70,0,27,0.0,0.0,0.0,0.0
IQ,70,0,28,0.0,0.0,0.0,0.0
IQ,70,0,29,0.0,0.0,0.0,0.0
IQ,70,0,30,-130.0,-66.0,140.0,-9.0
IQ,70,0,31,0.0,0.0,0.0,0.0
IQ,70,0,32,0.0,0.0,0.0,0.0
IQ,70,0,33,165.0,-20.0,-147.0,27.0
IQ,70,0,34,69.0,-155.0,-131.0,-84.0
IQ,70,0,35,159.0,-69.0,-140.0,62.0
IQ,70,0,36,-171.0,17.0,91.0,-125.0
IQ,70,0,37,46.0,-167.0,-156.0,-6.0
IQ,70,0,38,36.0,-168.0,-152.0,29.0
IQ,70,0,39,-170.0,-35.0,-69.0,-136.0
IQ,70,0,40,-136.0,105.0,34.0,-148.0
IQ,70,0,41,63.0,160.0,142.0,-49.0
IQ,70,0,42,6.0,-172.0,-87.0,120.0
IQ,70,0,43,137.0,-96.0,70.0,128.0
IQ,70,0,44,-25.0,162.0,27.0,-141.0
IQ,70,0,45,-58.0,-150.0,-48.0,131.0
IQ,70,0,46,135.0,-82.0,125.0,46.0
IQ,70,0,47,-40.0,147.0,-81.0,-103.0
IQ,70,0,48,-6.0,149.0,-79.0,-97.0
IQ,70,0,49,-77.0,118.0,-115.0,-35.0
IQ,70,0,50,-118.0,74.0,-108.0,47.0
IQ,70,0,51,120.0,61.0,-2.0,-111.0
IQ,70,0,52,-55.0,-119.0,76.0,76.0
IQ,70,0,53,111.0,62.0,-30.0,-102.0
IQ,70,0,54,50.0,-114.0,97.0,-32.0
IQ,70,0,55,-49.0,-115.0,91.0,40.0
IQ,70,0,56,27.0,-123.0,100.0,-26.0
IQ,70,0,57,-61.0,-105.0,92.0,37.0
IQ,70,0,58,120.0,30.0,-54.0,-88.0
IQ,70,0,59,-77.0,-99.0,99.0,27.0
IQ,70,0,60,91.0,-96.0,26.0,-102.0
IQ,70,0,61,-74.0,-109.0,106.0,1.0
IQ,70,0,62,39.0,133.0,-99.0,53.0
IQ,70,0,63,48.0,139.0,-101.0,59.0
IQ,70,0,64,-69.0,134.0,-17.0,121.0
IQ,70,0,65,-152.0,39.0,102.0,76.0
IQ,70,0,66,163.0,-7.0,-128.0,-32.0
IQ,70,0,67,171.0,19.0,-138.0,11.0
IQ,70,0,68,-165.0,63.0,139.0,23.0
IQ,70,0,69,41.0,175.0,28.0,145.0
IQ,70,0,70,-153.0,107.0,151.0,4.0
IQ,70,0,71,-115.0,154.0,155.0,1.0
IQ,70,0,72,-42.0,190.0,149.0,48.0
IQ,70,0,73,78.0,-186.0,-162.0,12.0
IQ,70,0,74,168.0,110.0,85.0,138.0
IQ,70,0,75,-70.0,187.0,144.0,-82.0
IQ,70,0,76,-50.0,193.0,121.0,-109.0
CS,70,0,1,2.635,5.059,2.159,20,576
IQ,71,0,2,53.0,-47.0,9.0,77.0
IQ,71,0,3,6.0,-69.0,-32.0,65.0
IQ,71,0,4,62.0,-17.0,48.0,51.0
IQ,71,0,5,-20.0,57.0,13.0,-66.0
IQ,71,0,6,-52.0,30.0,-43.0,-48.0
IQ,71,0,7,58.0,-2.0,58.0,19.0
IQ,71,0,8,3.0,-56.0,-15.0,57.0
IQ,71,0,9,17.0,51.0,37.0,-43.0
IQ,71,0,10,23.0,-49.0,9.0,58.0
IQ,71,0,11,-55.0,16.0,-46.0,-37.0
IQ,71,0,12,-50.0,35.0,-37.0,-50.0
IQ,71,0,13,-20.0,61.0,6.0,-67.0
IQ,71,0,14,53.0,43.0,67.0,-24.0
IQ,71,0,15,-61.0,-42.0,-68.0,38.0
IQ,71,0,16,79.0,-10.0,81.0,18.0
IQ,71,0,17,5.0,87.0,0.0,-88.0
IQ,71,0,18,-31.0,88.0,-47.0,-81.0
IQ,71,0,19,92.0,-38.0,96.0,-12.0
IQ,71,0,20,48.0,90.0,-18.0,-102.0
IQ,71,0,21,34.0,-105.0,100.0,37.0
IQ,71,0,22,-112.0,-7.0,-48.0,99.0
IQ,71,0,23,0.0,0.0,0.0,0.0
IQ,71,0,24,0.0,0.0,0.0,0.0
IQ,71,0,25,0.0,0.0,0.0,0.0
IQ,71,0,26,16.0,-127.0,114.0,-44.0
IQ,71,0,27,-130.0,-41.0,84.0,96.0
IQ,71,0,28,-71.0,-118.0,128.0,-17.0
IQ,71,0,29,0.0,0.0,0.0,0.0
IQ,71,0,30,109.0,-99.0,-47.0,-131.0
IQ,71,0,31,37.0,-150.0,6.0,-143.0
IQ,71,0,32,89.0,137.0,-98.0,114.0
IQ,71,0,33,91.0,138.0,-52.0,142.0
IQ,71,0,34,3.0,170.0,68.0,140.0
IQ,71,0,35,-156.0,73.0,150.0,-52.0
IQ,71,0,36,-167.0,-55.0,34.0,-154.0
IQ,71,0,37,-80.0,-155.0,-107.0,-115.0
IQ,71,0,38,29.0,-174.0,-155.0,10.0
IQ,71,0,39,90.0,-150.0,-122.0,96.0
IQ,71,0,40,-151.0,-81.0,-111.0,-102.0
IQ,71,0,41,-10.0,-172.0,-119.0,89.0
IQ,71,0,42,-11.0,166.0,99.0,-110.0
IQ,71,0,43,-114.0,121.0,-42.0,-138.0
IQ,71,0,44,13.0,162.0,50.0,-131.0
IQ,71,0,45,0.0,0.0,0.0,0.0
IQ,71,0,46,-157.0,17.0,-134.0,5.0
IQ,71,0,47,-116.0,-96.0,-63.0,114.0
IQ,71,0,48,-100.0,108.0,-119.0,-46.0
IQ,71,0,49,70.0,-128.0,113.0,40.0
IQ,71,0,50,-5.0,-140.0,81.0,83.0
IQ,71,0,51,45.0,127.0,-72.0,-90.0
IQ,71,0,52,127.0,31.0,22.0,-108.0
IQ,71,0,53,124.0,34.0,7.0,-107.0
IQ,71,0,54,-125.0,20.0,-39.0,99.0
IQ,71,0,55,-26.0,-125.0,98.0,33.0
IQ,71,0,56,-6.0,-125.0,102.0,2.0
IQ,71,0,57,70.0,106.0,-93.0,-45.0
IQ,71,0,58,98.0,80.0,-78.0,-69.0
IQ,71,0,59,69.0,-107.0,66.0,-82.0
IQ,71,0,60,-124.0,-39.0,65.0,84.0
IQ,71,0,61,29.0,-132.0,80.0,-74.0
IQ,71,0,62,-36.0,-137.0,108.0,-36.0
IQ,71,0,63,-125.0,74.0,33.0,113.0
IQ,71,0,64,-152.0,-32.0,114.0,45.0
IQ,71,0,65,8.0,-161.0,55.0,-114.0
IQ,71,0,66,164.0,-21.0,-118.0,-59.0
IQ,71,0,67,150.0,-81.0,-124.0,-62.0
IQ,71,0,68,144.0,100.0,-111.0,90.0
IQ,71,0,69,-121.0,136.0,132.0,66.0
IQ,71,0,70,3.0,-186.0,-85.0,-127.0
IQ,71,0,71,-181.0,69.0,139.0,-68.0
IQ,71,0,72,-188.0,-57.0,39.0,-156.0
IQ,71,0,73,-179.0,85.0,110.0,-118.0
IQ,71,0,74,-154.0,-130.0,-87.0,-138.0
IQ,71,0,75,195.0,46.0,66.0,150.0
IQ,71,0,76,-119.0,-161.0,-163.0,-32.0
CS,71,0,1,4.099,5.111,2.888,17,655
IQ,72,0,2,56.0,43.0,76.0,-6.0
IQ,72,0,3,57.0,33.0,74.0,-7.0
IQ,72,0,4,7.0,62.0,29.0,-63.0
IQ,72,0,5,-33.0,-52.0,-50.0,46.0
IQ,72,0,6,17.0,56.0,27.0,-56.0
IQ,72,0,7,-56.0,-19.0,-62.0,14.0
IQ,72,0,8,46.0,28.0,52.0,-23.0
IQ,72,0,9,48.0,22.0,55.0,-9.0
IQ,72,0,10,-52.0,-5.0,-58.0,-13.0
IQ,72,0,11,30.0,45.0,47.0,-38.0
IQ,72,0,12,19.0,54.0,38.0,-50.0
IQ,72,0,13,46.0,-41.0,40.0,51.0
IQ,72,0,14,-31.0,-61.0,-43.0,56.0
IQ,72,0,15,22.0,-70.0,25.0,72.0
IQ,72,0,16,-14.0,-79.0,-11.0,83.0
IQ,72,0,17,-15.0,85.0,-31.0,-82.0
IQ,72,0,18,3.0,90.0,-35.0,-85.0
IQ,72,0,19,-65.0,-74.0,-10.0,98.0
IQ,72,0,20,-34.0,-98.0,41.0,95.0
IQ,72,0,21,-95.0,50.0,-92.0,56.0
IQ,72,0,22,49.0,-98.0,109.0,-9.0
IQ,72,0,23,0.0,0.0,0.0,0.0
IQ,72,0,24,0.0,0.0,0.0,0.0
IQ,72,0,25,0.0,0.0,0.0,0.0
IQ,72,0,26,11.0,-125.0,104.0,-60.0
IQ,72,0,27,45.0,-122.0,73.0,-103.0
IQ,72,0,28,-106.0,-81.0,131.0,13.0
IQ,72,0,29,128.0,-52.0,-79.0,-108.0
IQ,72,0,30,87.0,-117.0,-56.0,-127.0
IQ,72,0,31,122.0,-93.0,-112.0,-90.0
IQ,72,0,32,133.0,-82.0,-128.0,-75.0
IQ,72,0,33,0.0,0.0,0.0,0.0
IQ,72,0,34,24.0,-163.0,-101.0,-117.0
IQ,72,0,35,0.0,0.0,0.0,0.0
IQ,72,0,36,151.0,73.0,1.0,156.0
IQ,72,0,37,27.0,-167.0,-157.0,-6.0
IQ,72,0,38,0.0,0.0,0.0,0.0
IQ,72,0,39,6.0,-168.0,-148.0,47.0
IQ,72,0,40,164.0,-32.0,53.0,142.0
IQ,72,0,41,158.0,53.0,135.0,62.0
IQ,72,0,42,145.0,73.0,147.0,16.0
IQ,72,0,43,-101.0,-129.0,-118.0,82.0
IQ,72,0,44,154.0,-41.0,132.0,52.0
IQ,72,0,45,68.0,139.0,51.0,-129.0
IQ,72,0,46,-38.0,147.0,-75.0,-112.0
IQ,72,0,47,-26.0,142.0,-80.0,-105.0
IQ,72,0,48,34.0,139.0,-53.0,-115.0
IQ,72,0,49,17.0,137.0,-86.0,-85.0
IQ,72,0,50,106.0,-81.0,107.0,-46.0
IQ,72,0,51,-122.0,-47.0,8.0,113.0
IQ,72,0,52,112.0,-60.0,78.0,-77.0
IQ,72,0,53,-65.0,106.0,-99.0,41.0
IQ,72,0,54,-17.0,120.0,-103.0,12.0
IQ,72,0,55,-39.0,-116.0,100.0,21.0
IQ,72,0,56,-99.0,67.0,-44.0,93.0
IQ,72,0,57,-87.0,-82.0,92.0,44.0
IQ,72,0,58,-17.0,-119.0,100.0,-22.0
IQ,72,0,59,-121.0,-17.0,64.0,80.0
IQ,72,0,60,-31.0,122.0,-76.0,73.0
IQ,72,0,61,-98.0,85.0,-3.0,110.0
IQ,72,0,62,130.0,28.0,-97.0,-57.0
IQ,72,0,63,-129.0,57.0,62.0,98.0
IQ,72,0,64,90.0,113.0,-110.0,55.0
IQ,72,0,65,46.0,144.0,-66.0,110.0
IQ,72,0,66,-109.0,117.0,80.0,108.0
IQ,72,0,67,-87.0,139.0,95.0,101.0
IQ,72,0,68,135.0,101.0,-91.0,113.0
IQ,72,0,69,-156.0,81.0,146.0,-13.0
IQ,72,0,70,-156.0,-88.0,38.0,-147.0
IQ,72,0,71,168.0,76.0,-22.0,154.0
IQ,72,0,72,46.0,180.0,132.0,88.0
IQ,72,0,73,102.0,-160.0,-144.0,73.0
IQ,72,0,74,-94.0,166.0,128.0,-98.0
IQ,72,0,75,188.0,36.0,95.0,135.0
IQ,72,0,76,187.0,-30.0,69.0,148.0
CS,72,0,1,4.099,4.837,2.893,25,965
IQ,73,0,2,66.0,25.0,64.0,41.0
IQ,73,0,3,-70.0,-5.0,-55.0,-46.0
IQ,73,0,4,-59.0,25.0,-32.0,-64.0
IQ,73,0,5,-42.0,-45.0,-64.0,12.0
IQ,73,0,6,18.0,-56.0,-16.0,61.0
IQ,73,0,7,11.0,-54.0,-19.0,58.0
IQ,73,0,8,53.0,-5.0,46.0,32.0
IQ,73,0,9,-10.0,53.0,21.0,-55.0
IQ,73,0,10,6.0,57.0,37.0,-45.0
IQ,73,0,11,-52.0,10.0,-43.0,-40.0
IQ,73,0,12,52.0,31.0,63.0,0.0
IQ,73,0,13,-66.0,-3.0,-57.0,-33.0
IQ,73,0,14,65.0,26.0,73.0,5.0
IQ,73,0,15,-66.0,37.0,-55.0,-55.0
IQ,73,0,16,80.0,13.0,83.0,7.0
IQ,73,0,17,-40.0,78.0,-34.0,-84.0
IQ,73,0,18,7.0,94.0,-4.0,-92.0
IQ,73,0,19,71.0,67.0,43.0,-90.0
IQ,73,0,20,-77.0,-70.0,-38.0,95.0
IQ,73,0,21,-105.0,27.0,-94.0,51.0
IQ,73,0,22,-67.0,-90.0,35.0,103.0
IQ,73,0,23,0.0,0.0,0.0,0.0
IQ,73,0,24,0.0,0.0,0.0,0.0
IQ,73,0,25,0.0,0.0,0.0,0.0
IQ,73,0,26,-13.0,-126.0,121.0,-2.0
IQ,73,0,27,0.0,0.0,0.0,0.0
IQ,73,0,28,-117.0,-70.0,105.0,75.0
IQ,73,0,29,0.0,0.0,0.0,0.0
IQ,73,0,30,0.0,0.0,0.0,0.0
IQ,73,0,31,0.0,0.0,0.0,0.0
IQ,73,0,32,-85.0,-139.0,99.0,-111.0
IQ,73,0,33,0.0,0.0,0.0,0.0
IQ,73,0,34,0.0,0.0,0.0,0.0
IQ,73,0,35,-103.0,-141.0,4.0,-156.0
IQ,73,0,36,0.0,0.0,0.0,0.0
IQ,73,0,37,0.0,0.0,0.0,0.0
IQ,73,0,38,31.0,-169.0,-154.0,-11.0
IQ,73,0,39,71.0,-157.0,-136.0,70.0
IQ,73,0,40,29.0,-169.0,-137.0,63.0
IQ,73,0,41,-84.0,-148.0,-147.0,-8.0
IQ,73,0,42,167.0,-30.0,70.0,129.0
IQ,73,0,43,-65.0,-153.0,-134.0,56.0
IQ,73,0,44,-144.0,81.0,-63.0,-125.0
IQ,73,0,45,1.0,161.0,39.0,-134.0
IQ,73,0,46,-130.0,-89.0,-118.0,67.0
IQ,73,0,47,-152.0,11.0,-131.0,11.0
IQ,73,0,48,25.0,-147.0,56.0,112.0
IQ,73,0,49,103.0,102.0,36.0,-117.0
IQ,73,0,50,-137.0,-35.0,-74.0,90.0
IQ,73,0,51,102.0,-91.0,112.0,-20.0
IQ,73,0,52,106.0,-77.0,104.0,-28.0
IQ,73,0,53,70.0,107.0,-41.0,-97.0
IQ,73,0,54,88.0,-94.0,97.0,-41.0
IQ,73,0,55,-56.0,112.0,-103.0,16.0
IQ,73,0,56,63.0,108.0,-83.0,-62.0
IQ,73,0,57,100.0,75.0,-54.0,-89.0
IQ,73,0,58,-32.0,-120.0,103.0,13.0
IQ,73,0,59,-14.0,126.0,-102.0,28.0
IQ,73,0,60,-58.0,119.0,-82.0,68.0
IQ,73,0,61,-130.0,-45.0,65.0,88.0
IQ,73,0,62,-142.0,-13.0,51.0,102.0
IQ,73,0,63,-93.0,114.0,-34.0,111.0
IQ,73,0,64,134.0,-72.0,-39.0,-118.0
IQ,73,0,65,111.0,-116.0,-19.0,-128.0
IQ,73,0,66,-165.0,-4.0,119.0,61.0
IQ,73,0,67,-136.0,-104.0,129.0,-54.0
IQ,73,0,68,117.0,-131.0,-92.0,-111.0
IQ,73,0,69,-26.0,180.0,41.0,140.0
IQ,73,0,70,33.0,-185.0,-81.0,-128.0
IQ,73,0,71,177.0,76.0,-75.0,137.0
IQ,73,0,72,193.0,22.0,-96.0,127.0
IQ,73,0,73,126.0,-154.0,-161.0,27.0
IQ,73,0,74,175.0,93.0,43.0,157.0
IQ,73,0,75,-62.0,193.0,159.0,-42.0
IQ,73,0,76,-168.0,110.0,53.0,-156.0
CS,73,0,1,4.201,4.860,1.617,19,410
IQ,74,0,2,-32.0,63.0,8.0,-79.0
IQ,74,0,3,49.0,-46.0,30.0,66.0
IQ,74,0,4,30.0,-56.0,12.0,71.0
IQ,74,0,5,20.0,57.0,40.0,-52.0
IQ,74,0,6,40.0,-43.0,31.0,55.0
IQ,74,0,7,-56.0,-11.0,-62.0,1.0
IQ,74,0,8,-56.0,3.0,-58.0,-12.0
IQ,74,0,9,-39.0,-38.0,-46.0,34.0
IQ,74,0,10,-54.0,7.0,-56.0,-20.0
IQ,74,0,11,43.0,35.0,53.0,-29.0
IQ,74,0,12,28.0,50.0,40.0,-48.0
IQ,74,0,13,-37.0,52.0,-29.0,-59.0
IQ,74,0,14,-40.0,56.0,-42.0,-57.0
IQ,74,0,15,28.0,-69.0,29.0,71.0
IQ,74,0,16,27.0,73.0,21.0,-81.0
IQ,74,0,17,85.0,3.0,85.0,-25.0
IQ,74,0,18,-89.0,26.0,-94.0,6.0
IQ,74,0,19,45.0,86.0,-16.0,-98.0
IQ,74,0,20,100.0,17.0,49.0,-90.0
IQ,74,0,21,105.0,12.0,36.0,-100.0
IQ,74,0,22,0.0,0.0,0.0,0.0
IQ,74,0,23,0.0,0.0,0.0,0.0
IQ,74,0,24,0.0,0.0,0.0,0.0
IQ,74,0,25,0.0,0.0,0.0,0.0
IQ,74,0,26,0.0,0.0,0.0,0.0
IQ,74,0,27,-107.0,76.0,9.0,126.0
IQ,74,0,28,-10.0,133.0,-75.0,106.0
IQ,74,0,29,-39.0,135.0,-26.0,132.0
IQ,74,0,30,0.0,0.0,0.0,0.0
IQ,74,0,31,0.0,0.0,0.0,0.0
IQ,74,0,32,-89.0,132.0,92.0,117.0
IQ,74,0,33,0.0,0.0,0.0,0.0
IQ,74,0,34,0.0,0.0,0.0,0.0
IQ,74,0,35,-31.0,-171.0,-108.0,-116.0
IQ,74,0,36,-167.0,-21.0,41.0,-151.0
IQ,74,0,37,0.0,0.0,0.0,0.0
IQ,74,0,38,-83.0,148.0,122.0,-98.0
IQ,74,0,39,-166.0,-32.0,-78.0,-134.0
IQ,74,0,40,-85.0,-144.0,-154.0,10.0
IQ,74,0,41,-136.0,97.0,-28.0,-148.0
IQ,74,0,42,146.0,78.0,148.0,6.0
IQ,74,0,43,155.0,48.0,144.0,6.0
IQ,74,0,44,0.0,0.0,0.0,0.0
IQ,74,0,45,-139.0,-73.0,-113.0,83.0
IQ,74,0,46,-88.0,-127.0,-22.0,134.0
IQ,74,0,47,63.0,-136.0,111.0,68.0
IQ,74,0,48,93.0,-110.0,125.0,18.0
IQ,74,0,49,-139.0,16.0,-85.0,87.0
IQ,74,0,50,-36.0,-130.0,90.0,76.0
IQ,74,0,51,-16.0,134.0,-125.0,-14.0
IQ,74,0,52,120.0,49.0,-18.0,-110.0
IQ,74,0,53,-118.0,-43.0,33.0,104.0
IQ,74,0,54,120.0,-29.0,20.0,-105.0
IQ,74,0,55,-120.0,-23.0,45.0,93.0
IQ,74,0,56,-56.0,108.0,-77.0,67.0
IQ,74,0,57,33.0,-117.0,75.0,-69.0
IQ,74,0,58,9.0,-121.0,88.0,-55.0
IQ,74,0,59,123.0,-1.0,-51.0,-90.0
IQ,74,0,60,129.0,-11.0,-59.0,-90.0
IQ,74,0,61,-53.0,-118.0,102.0,-36.0
IQ,74,0,62,0.0,0.0,0.0,0.0
IQ,74,0,63,69.0,-121.0,2.0,-118.0
IQ,74,0,64,-110.0,-96.0,117.0,-33.0
IQ,74,0,65,40.0,145.0,-63.0,109.0
IQ,74,0,66,0.0,0.0,0.0,0.0
IQ,74,0,67,119.0,-114.0,-113.0,-77.0
IQ,74,0,68,124.0,113.0,-60.0,130.0
IQ,74,0,69,-92.0,-148.0,0.0,-146.0
IQ,74,0,70,-169.0,62.0,139.0,-61.0
IQ,74,0,71,-37.0,179.0,145.0,53.0
IQ,74,0,72,-189.0,6.0,56.0,-149.0
IQ,74,0,73,73.0,173.0,143.0,69.0
IQ,74,0,74,44.0,187.0,162.0,7.0
IQ,74,0,75,153.0,-114.0,-33.0,162.0
IQ,74,0,76,191.0,-9.0,102.0,127.0
CS,74,0,1,4.099,4.960,2.103,16,449
IQ,75,0,2,-39.0,-60.0,-77.0,25.0
IQ,75,0,3,-69.0,4.0,-57.0,-44.0
IQ,75,0,4,0.0,0.0,0.0,0.0
IQ,75,0,5,-61.0,15.0,-52.0,-40.0
IQ,75,0,6,-58.0,15.0,-55.0,-35.0
IQ,75,0,7,18.0,-54.0,1.0,62.0
IQ,75,0,8,55.0,-8.0,51.0,26.0
IQ,75,0,9,22.0,-54.0,5.0,56.0
IQ,75,0,10,45.0,29.0,57.0,-9.0
IQ,75,0,11,-56.0,-11.0,-58.0,-12.0
IQ,75,0,12,15.0,-60.0,-10.0,61.0
IQ,75,0,13,-39.0,54.0,-13.0,-66.0
IQ,75,0,14,1.0,69.0,21.0,-68.0
IQ,75,0,15,31.0,69.0,36.0,-68.0
IQ,75,0,16,-50.0,66.0,-45.0,-69.0
IQ,75,0,17,-2.0,87.0,-2.0,-89.0
IQ,75,0,18,52.0,79.0,18.0,-91.0
IQ,75,0,19,-17.0,-98.0,29.0,94.0
IQ,75,0,20,84.0,65.0,25.0,-101.0
IQ,75,0,21,-8.0,108.0,-91.0,-61.0
IQ,75,0,22,0.0,0.0,0.0,0.0
IQ,75,0,23,0.0,0.0,0.0,0.0
IQ,75,0,24,0.0,0.0,0.0,0.0
IQ,75,0,25,0.0,0.0,0.0,0.0
IQ,75,0,26,128.0,-1.0,-38.0,-115.0
IQ,75,0,27,0.0,0.0,0.0,0.0
IQ,75,0,28,-130.0,54.0,41.0,122.0
IQ,75,0,29,133.0,51.0,-127.0,-48.0
IQ,75,0,30,0.0,-149.0,67.0,-118.0
IQ,75,0,31,105.0,-112.0,-82.0,-120.0
IQ,75,0,32,0.0,0.0,0.0,0.0
IQ,75,0,33,-139.0,90.0,142.0,54.0
IQ,75,0,34,0.0,0.0,0.0,0.0
IQ,75,0,35,171.0,8.0,-107.0,111.0
IQ,75,0,36,-58.0,-163.0,-91.0,-129.0
IQ,75,0,37,-170.0,-43.0,13.0,-156.0
IQ,75,0,38,-171.0,29.0,48.0,-144.0
IQ,75,0,39,123.0,119.0,119.0,93.0
IQ,75,0,40,-162.0,64.0,-2.0,-150.0
IQ,75,0,41,170.0,-2.0,85.0,120.0
IQ,75,0,42,91.0,140.0,143.0,-28.0
IQ,75,0,43,-82.0,-144.0,-127.0,71.0
IQ,75,0,44,11.0,-164.0,-45.0,133.0
IQ,75,0,45,149.0,-61.0,117.0,70.0
IQ,75,0,46,-112.0,106.0,-109.0,-78.0
IQ,75,0,47,116.0,97.0,75.0,-104.0
IQ,75,0,48,-36.0,-144.0,31.0,121.0
IQ,75,0,49,84.0,116.0,-7.0,-120.0
IQ,75,0,50,-135.0,-32.0,-60.0,101.0
IQ,75,0,51,26.0,133.0,-85.0,-75.0
IQ,75,0,52,96.0,-91.0,106.0,-30.0
IQ,75,0,53,-80.0,102.0,-101.0,36.0
IQ,75,0,54,-8.0,-126.0,100.0,33.0
IQ,75,0,55,106.0,65.0,-44.0,-94.0
IQ,75,0,56,95.0,79.0,-66.0,-79.0
IQ,75,0,57,124.0,4.0,-5.0,-103.0
IQ,75,0,58,124.0,18.0,-26.0,-99.0
IQ,75,0,59,94.0,87.0,-88.0,-58.0
IQ,75,0,60,103.0,77.0,-92.0,-54.0
IQ,75,0,61,-131.0,-37.0,73.0,79.0
IQ,75,0,62,120.0,-71.0,-10.0,-111.0
IQ,75,0,63,-145.0,-20.0,93.0,67.0
IQ,75,0,64,35.0,147.0,-100.0,70.0
IQ,75,0,65,93.0,-128.0,-24.0,-125.0
IQ,75,0,66,91.0,137.0,-104.0,81.0
IQ,75,0,67,-55.0,163.0,26.0,136.0
IQ,75,0,68,-133.0,-118.0,101.0,-103.0
IQ,75,0,69,139.0,-117.0,-140.0,-51.0
IQ,75,0,70,102.0,-156.0,-134.0,-69.0
IQ,75,0,71,163.0,-100.0,-151.0,30.0
IQ,75,0,72,190.0,-37.0,-113.0,111.0
IQ,75,0,73,197.0,-11.0,-60.0,150.0
IQ,75,0,74,-193.0,-56.0,-21.0,-163.0
IQ,75,0,75,-132.0,-152.0,-133.0,-94.0
IQ,75,0,76,82.0,182.0,162.0,-10.0
CS,75,0,1,3.806,5.094,2.798,18,672
IQ,76,0,2,-56.0,43.0,-16.0,-77.0
IQ,76,0,3,-39.0,56.0,-11.0,-74.0
IQ,76,0,4,-39.0,-52.0,-60.0,36.0
IQ,76,0,5,-61.0,6.0,-58.0,-30.0
IQ,76,0,6,-15.0,58.0,0.0,-64.0
IQ,76,0,7,-42.0,-38.0,-47.0,39.0
IQ,76,0,8,51.0,17.0,59.0,-6.0
IQ,76,0,9,-25.0,-50.0,-37.0,44.0
IQ,76,0,10,57.0,20.0,59.0,2.0
IQ,76,0,11,48.0,29.0,55.0,-23.0
IQ,76,0,12,-18.0,-59.0,-34.0,52.0
IQ,76,0,13,-50.0,39.0,-46.0,-48.0
IQ,76,0,14,-4.0,-69.0,-13.0,69.0
IQ,76,0,15,-65.0,35.0,-69.0,-31.0
IQ,76,0,16,12.0,79.0,9.0,-81.0
IQ,76,0,17,71.0,44.0,65.0,-59.0
IQ,76,0,18,-90.0,-21.0,-76.0,55.0
IQ,76,0,19,63.0,74.0,-2.0,-99.0
IQ,76,0,20,3.0,102.0,-70.0,-73.0
IQ,76,0,21,-104.0,28.0,-80.0,73.0
IQ,76,0,22,50.0,-99.0,108.0,-22.0
IQ,76,0,23,0.0,0.0,0.0,0.0
IQ,76,0,24,0.0,0.0,0.0,0.0
IQ,76,0,25,0.0,0.0,0.0,0.0
IQ,76,0,26,88.0,88.0,-117.0,-36.0
IQ,76,0,27,29.0,129.0,-117.0,48.0
IQ,76,0,28,0.0,0.0,0.0,0.0
IQ,76,0,29,77.0,-120.0,-7.0,-136.0
IQ,76,0,30,141.0,-43.0,-118.0,-75.0
IQ,76,0,31,57.0,139.0,-49.0,134.0
IQ,76,0,32,-148.0,57.0,148.0,25.0
IQ,76,0,33,0.0,0.0,0.0,0.0
IQ,76,0,34,-156.0,59.0,152.0,-33.0
IQ,76,0,35,-161.0,59.0,131.0,-81.0
IQ,76,0,36,95.0,-140.0,-153.0,35.0
IQ,76,0,37,103.0,135.0,99.0,120.0
IQ,76,0,38,-52.0,161.0,142.0,-69.0
IQ,76,0,39,-163.0,45.0,-13.0,-153.0
IQ,76,0,40,-156.0,-59.0,-120.0,-92.0
IQ,76,0,41,-161.0,38.0,-79.0,-127.0
IQ,76,0,42,-121.0,117.0,-28.0,-147.0
IQ,76,0,43,161.0,2.0,136.0,46.0
IQ,76,0,44,-127.0,96.0,-101.0,-100.0
IQ,76,0,45,-9.0,155.0,-28.0,-134.0
IQ,76,0,46,107.0,-106.0,121.0,57.0
IQ,76,0,47,-119.0,86.0,-129.0,-12.0
IQ,76,0,48,-79.0,119.0,-118.0,-43.0
IQ,76,0,49,-59.0,-126.0,54.0,107.0
IQ,76,0,50,129.0,-45.0,92.0,-70.0
IQ,76,0,51,0.0,0.0,0.0,0.0
IQ,76,0,52,0.0,0.0,0.0,0.0
IQ,76,0,53,0.0,0.0,0.0,0.0
IQ,76,0,54,-93.0,80.0,-68.0,79.0
IQ,76,0,55,0.0,0.0,0.0,0.0
IQ,76,0,56,0.0,0.0,0.0,0.0
IQ,76,0,57,-3.0,-121.0,99.0,-22.0
IQ,76,0,58,0.0,0.0,0.0,0.0
IQ,76,0,59,0.0,0.0,0.0,0.0
IQ,76,0,60,0.0,0.0,0.0,0.0
IQ,76,0,61,0.0,0.0,0.0,0.0
IQ,76,0,62,0.0,0.0,0.0,0.0
IQ,76,0,63,0.0,0.0,0.0,0.0
IQ,76,0,64,0.0,0.0,0.0,0.0
IQ,76,0,65,0.0,0.0,0.0,0.0
IQ,76,0,66,0.0,0.0,0.0,0.0
IQ,76,0,67,160.0,24.0,-131.0,37.0
IQ,76,0,68,0.0,0.0,0.0,0.0
IQ,76,0,69,-136.0,-104.0,46.0,-139.0
IQ,76,0,70,180.0,-1.0,-110.0,106.0
IQ,76,0,71,-180.0,23.0,90.0,-127.0
IQ,76,0,72,74.0,170.0,118.0,103.0
IQ,76,0,73,-156.0,107.0,98.0,-130.0
IQ,76,0,74,-95.0,-168.0,-154.0,-55.0
IQ,76,0,75,165.0,-99.0,-40.0,158.0
IQ,76,0,76,-184.0,-45.0,-129.0,-102.0
CS,76,0,1,4.099,5.462,3.273,15,655
IQ,77,0,2,-29.0,94.0,2.0,-111.0
IQ,77,0,3,-56.0,-74.0,-74.0,74.0
IQ,77,0,4,-80.0,-38.0,-95.0,33.0
IQ,77,0,5,-57.0,59.0,-65.0,-71.0
IQ,77,0,6,-1.0,-81.0,17.0,88.0
IQ,77,0,7,-72.0,-31.0,-75.0,47.0
IQ,77,0,8,0.0,75.0,-9.0,-83.0
IQ,77,0,9,-36.0,-59.0,-40.0,73.0
IQ,77,0,10,62.0,-42.0,77.0,37.0
IQ,77,0,11,27.0,74.0,20.0,-84.0
IQ,77,0,12,43.0,72.0,44.0,-79.0
IQ,77,0,13,-90.0,5.0,-98.0,0.0
IQ,77,0,14,73.0,-60.0,91.0,52.0
IQ,77,0,15,92.0,43.0,90.0,-67.0
IQ,77,0,16,-39.0,-106.0,8.0,119.0
IQ,77,0,17,50.0,105.0,-21.0,-128.0
IQ,77,0,18,-19.0,128.0,-109.0,-84.0
IQ,77,0,19,-124.0,55.0,-123.0,73.0
IQ,77,0,20,-125.0,69.0,-118.0,91.0
IQ,77,0,21,98.0,120.0,-102.0,-113.0
IQ,77,0,22,-39.0,-146.0,150.0,51.0
IQ,77,0,23,0.0,0.0,0.0,0.0
IQ,77,0,24,0.0,0.0,0.0,0.0
IQ,77,0,25,0.0,0.0,0.0,0.0
IQ,77,0,26,-111.0,-139.0,175.0,-30.0
IQ,77,0,27,0.0,0.0,0.0,0.0
IQ,77,0,28,-175.0,78.0,132.0,134.0
IQ,77,0,29,0.0,0.0,0.0,0.0
IQ,77,0,30,0.0,0.0,0.0,0.0
IQ,77,0,31,197.0,77.0,-168.0,123.0
IQ,77,0,32,-9.0,-221.0,-93.0,-193.0
IQ,77,0,33,-66.0,-216.0,-104.0,-193.0
IQ,77,0,34,-63.0,225.0,213.0,70.0
IQ,77,0,35,217.0,-90.0,-144.0,174.0
IQ,77,0,36,235.0,-6.0,-14.0,225.0
IQ,77,0,37,239.0,-31.0,10.0,225.0
IQ,77,0,38,85.0,-221.0,-145.0,171.0
IQ,77,0,39,0.0,0.0,0.0,0.0
IQ,77,0,40,-42.0,229.0,97.0,-197.0
IQ,77,0,41,170.0,161.0,197.0,-85.0
IQ,77,0,42,0.0,0.0,0.0,0.0
IQ,77,0,43,-104.0,-203.0,-87.0,193.0
IQ,77,0,44,217.0,53.0,172.0,-106.0
IQ,77,0,45,42.0,-218.0,126.0,159.0
IQ,77,0,46,13.0,-216.0,128.0,143.0
IQ,77,0,47,-9.0,207.0,-151.0,-112.0
IQ,77,0,48,-54.0,-195.0,138.0,115.0
IQ,77,0,49,162.0,-110.0,129.0,-116.0
IQ,77,0,50,-185.0,-45.0,18.0,167.0
IQ,77,0,51,-2.0,182.0,-164.0,-1.0
IQ,77,0,52,115.0,-137.0,103.0,-119.0
IQ,77,0,53,50.0,165.0,-152.0,-20.0
IQ,77,0,54,166.0,30.0,-79.0,-128.0
IQ,77,0,55,-156.0,-71.0,118.0,88.0
IQ,77,0,56,-140.0,97.0,6.0,149.0
IQ,77,0,57,0.0,0.0,0.0,0.0
IQ,77,0,58,63.0,-158.0,56.0,-137.0
IQ,77,0,59,126.0,-116.0,-31.0,-143.0
IQ,77,0,60,174.0,-29.0,-109.0,-106.0
IQ,77,0,61,85.0,160.0,-128.0,89.0
IQ,77,0,62,170.0,-81.0,-114.0,-115.0
IQ,77,0,63,0.0,0.0,0.0,0.0
IQ,77,0,64,-73.0,192.0,49.0,169.0
IQ,77,0,65,186.0,104.0,-141.0,115.0
IQ,77,0,66,-216.0,59.0,191.0,-9.0
IQ,77,0,67,202.0,-114.0,-198.0,16.0
IQ,77,0,68,126.0,-203.0,-198.0,-51.0
IQ,77,0,69,142.0,-197.0,-209.0,14.0
IQ,77,0,70,210.0,-136.0,-178.0,124.0
IQ,77,0,71,84.0,-244.0,-218.0,37.0
IQ,77,0,72,93.0,-244.0,-196.0,115.0
IQ,77,0,73,-166.0,208.0,123.0,-196.0
IQ,77,0,74,-96.0,252.0,147.0,-182.0
IQ,77,0,75,171.0,-208.0,-22.0,231.0
IQ,77,0,76,-175.0,-202.0,-218.0,82.0
CS,77,0,1,4.099,5.281,4.118,18,989
IQ,78,0,2,31.0,64.0,71.0,-31.0
IQ,78,0,3,-42.0,-53.0,-68.0,25.0
IQ,78,0,4,35.0,-55.0,6.0,68.0
IQ,78,0,5,-21.0,54.0,1.0,-66.0
IQ,78,0,6,-36.0,-47.0,-52.0,31.0
IQ,78,0,7,-53.0,21.0,-49.0,-36.0
IQ,78,0,8,54.0,0.0,55.0,20.0
IQ,78,0,9,-54.0,-13.0,-56.0,-4.0
IQ,78,0,10,45.0,-29.0,33.0,46.0
IQ,78,0,11,-2.0,-57.0,-20.0,57.0
IQ,78,0,12,-48.0,37.0,-30.0,-54.0
IQ,78,0,13,28.0,-57.0,13.0,64.0
IQ,78,0,14,68.0,-7.0,67.0,24.0
IQ,78,0,15,-3.0,76.0,10.0,-76.0
IQ,78,0,16,50.0,64.0,53.0,-62.0
IQ,78,0,17,32.0,82.0,15.0,-87.0
IQ,78,0,18,48.0,-81.0,69.0,65.0
IQ,78,0,19,0.0,0.0,0.0,0.0
IQ,78,0,20,71.0,73.0,16.0,-101.0
IQ,78,0,21,29.0,-104.0,98.0,41.0
IQ,78,0,22,-41.0,-105.0,65.0,85.0
IQ,78,0,23,0.0,0.0,0.0,0.0
IQ,78,0,24,0.0,0.0,0.0,0.0
IQ,78,0,25,0.0,0.0,0.0,0.0
IQ,78,0,26,-86.0,-93.0,109.0,50.0
IQ,78,0,27,42.0,-127.0,87.0,-91.0
IQ,78,0,28,37.0,-133.0,77.0,-105.0
IQ,78,0,29,133.0,-48.0,-66.0,-116.0
IQ,78,0,30,0.0,0.0,0.0,0.0
IQ,78,0,31,-154.0,-19.0,140.0,20.0
IQ,78,0,32,6.0,159.0,-14.0,148.0
IQ,78,0,33,0.0,0.0,0.0,0.0
IQ,78,0,34,0.0,0.0,0.0,0.0
IQ,78,0,35,169.0,-29.0,-132.0,81.0
IQ,78,0,36,81.0,-150.0,-155.0,-9.0
IQ,78,0,37,-144.0,97.0,128.0,-89.0
IQ,78,0,38,-173.0,15.0,27.0,-152.0
IQ,78,0,39,73.0,156.0,145.0,47.0
IQ,78,0,40,-46.0,-166.0,-152.0,18.0
IQ,78,0,41,110.0,130.0,148.0,19.0
IQ,78,0,42,-14.0,169.0,91.0,-118.0
IQ,78,0,43,164.0,-38.0,108.0,100.0
IQ,78,0,44,150.0,-71.0,104.0,95.0
IQ,78,0,45,140.0,-79.0,112.0,82.0
IQ,78,0,46,97.0,125.0,68.0,-115.0
IQ,78,0,47,-10.0,-155.0,41.0,122.0
IQ,78,0,48,130.0,70.0,70.0,-107.0
IQ,78,0,49,74.0,125.0,-23.0,-120.0
IQ,78,0,50,112.0,85.0,5.0,-118.0
IQ,78,0,51,-130.0,-39.0,-37.0,105.0
IQ,78,0,52,0.0,0.0,0.0,0.0
IQ,78,0,53,-48.0,118.0,-108.0,11.0
IQ,78,0,54,108.0,68.0,-35.0,-100.0
IQ,78,0,55,-33.0,120.0,-103.0,19.0
IQ,78,0,56,0.0,0.0,0.0,0.0
IQ,78,0,57,0.0,0.0,0.0,0.0
IQ,78,0,58,59.0,109.0,-98.0,-28.0
IQ,78,0,59,-31.0,124.0,-86.0,61.0
IQ,78,0,60,-122.0,-45.0,70.0,78.0
IQ,78,0,61,-129.0,-49.0,78.0,75.0
IQ,78,0,62,-140.0,24.0,53.0,100.0
IQ,78,0,63,48.0,-136.0,39.0,-110.0
IQ,78,0,64,27.0,147.0,-92.0,81.0
IQ,78,0,65,-60.0,-147.0,98.0,-79.0
IQ,78,0,66,-138.0,-95.0,126.0,-38.0
IQ,78,0,67,0.0,0.0,0.0,0.0
IQ,78,0,68,153.0,-87.0,-126.0,-67.0
IQ,78,0,69,-99.0,150.0,117.0,90.0
IQ,78,0,70,146.0,115.0,-62.0,138.0
IQ,78,0,71,-10.0,-191.0,-103.0,-115.0
IQ,78,0,72,-143.0,-137.0,-30.0,-154.0
IQ,78,0,73,197.0,19.0,-46.0,156.0
IQ,78,0,74,-184.0,84.0,85.0,-141.0
IQ,78,0,75,12.0,201.0,165.0,-2.0
IQ,78,0,76,-189.0,-66.0,-107.0,-123.0
CS,78,0,1,4.215,5.072,3.967,14,741
IQ,79,0,2,-37.0,60.0,14.0,-76.0
