IQ,8,0,6,97.0,16.0,34.0,-107.0
IQ,8,0,7,13.0,101.0,-109.0,-8.0
IQ,8,0,8,-96.0,-26.0,64.0,89.0
IQ,8,0,9,-99.0,18.0,71.0,85.0
IQ,8,0,10,100.0,-6.0,-103.0,-37.0
IQ,8,0,11,91.0,22.0,-99.0,33.0
IQ,8,0,12,-83.0,-49.0,53.0,-89.0
IQ,8,0,13,73.0,-56.0,-90.0,39.0
IQ,8,0,14,-20.0,86.0,93.0,-9.0
IQ,8,0,15,57.0,-63.0,-49.0,75.0
IQ,8,0,16,0.0,0.0,0.0,0.0
IQ,8,0,17,45.0,-60.0,20.0,75.0
IQ,8,0,18,-35.0,56.0,-30.0,-67.0
IQ,8,0,19,56.0,27.0,47.0,-51.0
IQ,8,0,20,-47.0,-38.0,-12.0,62.0
IQ,8,0,21,-26.0,50.0,-61.0,-8.0
IQ,8,0,22,-49.0,15.0,-25.0,49.0
IQ,8,0,23,0.0,0.0,0.0,0.0
IQ,8,0,24,0.0,0.0,0.0,0.0
IQ,8,0,25,0.0,0.0,0.0,0.0
IQ,8,0,26,0.0,0.0,0.0,0.0
IQ,8,0,27,-37.0,-3.0,33.0,-13.0
IQ,8,0,28,-12.0,28.0,31.0,13.0
IQ,8,0,29,-22.0,-18.0,-4.0,-26.0
IQ,8,0,30,-12.0,-16.0,-18.0,-8.0
IQ,8,0,31,0.0,0.0,0.0,0.0
IQ,8,0,32,0.0,0.0,0.0,0.0
IQ,8,0,33,0.0,0.0,0.0,0.0
IQ,8,0,34,0.0,0.0,0.0,0.0
IQ,8,0,35,0.0,0.0,0.0,0.0
IQ,8,0,36,0.0,0.0,0.0,0.0
IQ,8,0,37,0.0,0.0,0.0,0.0
IQ,8,0,38,10.0,35.0,-23.0,33.0
IQ,8,0,39,10.0,-43.0,-23.0,-36.0
IQ,8,0,40,30.0,-39.0,-46.0,-3.0
IQ,8,0,41,-28.0,49.0,46.0,-15.0
IQ,8,0,42,30.0,48.0,50.0,6.0
IQ,8,0,43,-44.0,-40.0,-54.0,6.0
IQ,8,0,44,48.0,26.0,48.0,-21.0
IQ,8,0,45,-31.0,-49.0,-11.0,55.0
IQ,8,0,46,58.0,8.0,25.0,-46.0
IQ,8,0,47,46.0,-37.0,43.0,-34.0
IQ,8,0,48,0.0,62.0,-52.0,16.0
IQ,8,0,49,56.0,16.0,-46.0,-33.0
IQ,8,0,50,57.0,6.0,-53.0,-17.0
IQ,8,0,51,-60.0,11.0,53.0,4.0
IQ,8,0,52,-52.0,32.0,52.0,7.0
IQ,8,0,53,51.0,-30.0,-51.0,21.0
IQ,8,0,54,0.0,0.0,0.0,0.0
IQ,8,0,55,0.0,0.0,0.0,0.0
IQ,8,0,56,0.0,0.0,0.0,0.0
IQ,8,0,57,0.0,0.0,0.0,0.0
IQ,8,0,58,4.0,-49.0,21.0,36.0
IQ,8,0,59,0.0,0.0,0.0,0.0
IQ,8,0,60,8.0,42.0,-35.0,-6.0
IQ,8,0,61,-27.0,15.0,7.0,31.0
IQ,8,0,62,0.0,0.0,0.0,0.0
IQ,8,0,63,0.0,0.0,0.0,0.0
IQ,8,0,64,0.0,0.0,0.0,0.0
IQ,8,0,65,0.0,0.0,0.0,0.0
IQ,8,0,66,0.0,0.0,0.0,0.0
IQ,8,0,67,0.0,0.0,0.0,0.0
IQ,8,0,68,0.0,0.0,0.0,0.0
IQ,8,0,69,0.0,0.0,0.0,0.0
IQ,8,0,70,0.0,0.0,0.0,0.0
IQ,8,0,71,0.0,0.0,0.0,0.0
IQ,8,0,72,0.0,0.0,0.0,0.0
IQ,8,0,73,0.0,0.0,0.0,0.0
IQ,8,0,74,0.0,0.0,0.0,0.0
IQ,8,0,75,0.0,0.0,0.0,0.0
IQ,8,0,76,0.0,0.0,0.0,0.0
CS,8,0,1,7.026,10.050,9.063,14,1693
IQ,9,0,2,-45.0,-75.0,-83.0,59.0
IQ,9,0,3,-92.0,-28.0,-99.0,27.0
IQ,9,0,4,-96.0,-13.0,-89.0,56.0
IQ,9,0,5,94.0,-4.0,77.0,-75.0
IQ,9,0,6,92.0,38.0,-18.0,-108.0
IQ,9,0,7,0.0,0.0,0.0,0.0
IQ,9,0,8,-89.0,-40.0,82.0,73.0
IQ,9,0,9,87.0,-46.0,-45.0,-97.0
IQ,9,0,10,0.0,0.0,0.0,0.0
IQ,9,0,11,-74.0,-58.0,72.0,-72.0
IQ,9,0,12,-95.0,19.0,93.0,-44.0
IQ,9,0,13,0.0,0.0,0.0,0.0
IQ,9,0,14,-80.0,-27.0,-25.0,-92.0
IQ,9,0,15,-76.0,-36.0,-66.0,-61.0
IQ,9,0,16,74.0,-21.0,38.0,76.0
IQ,9,0,17,-27.0,-65.0,-58.0,53.0
IQ,9,0,18,10.0,-69.0,11.0,72.0
IQ,9,0,19,58.0,-26.0,70.0,1.0
IQ,9,0,20,48.0,-38.0,61.0,-5.0
IQ,9,0,21,52.0,18.0,8.0,-57.0
IQ,9,0,22,0.0,0.0,0.0,0.0
IQ,9,0,23,0.0,0.0,0.0,0.0
IQ,9,0,24,0.0,0.0,0.0,0.0
IQ,9,0,25,0.0,0.0,0.0,0.0
IQ,9,0,26,0.0,0.0,0.0,0.0
IQ,9,0,27,38.0,3.0,-34.0,14.0
IQ,9,0,28,0.0,0.0,0.0,0.0
IQ,9,0,29,0.0,0.0,0.0,0.0
IQ,9,0,30,12.0,-19.0,-9.0,-18.0
IQ,9,0,31,6.0,15.0,13.0,-7.0
IQ,9,0,32,0.0,0.0,0.0,0.0
IQ,9,0,33,0.0,0.0,0.0,0.0
IQ,9,0,34,0.0,0.0,0.0,0.0
IQ,9,0,35,0.0,0.0,0.0,0.0
IQ,9,0,36,8.0,25.0,-22.0,4.0
IQ,9,0,37,7.0,31.0,-24.0,22.0
IQ,9,0,38,-35.0,-6.0,37.0,-1.0
IQ,9,0,39,44.0,-3.0,-43.0,14.0
IQ,9,0,40,11.0,-50.0,-44.0,-14.0
IQ,9,0,41,19.0,51.0,46.0,16.0
IQ,9,0,42,-52.0,-17.0,-38.0,-36.0
IQ,9,0,43,13.0,53.0,37.0,-36.0
IQ,9,0,44,11.0,58.0,13.0,-54.0
IQ,9,0,45,55.0,-22.0,56.0,-1.0
IQ,9,0,46,-13.0,-56.0,36.0,41.0
IQ,9,0,47,-32.0,53.0,-52.0,21.0
IQ,9,0,48,54.0,-27.0,10.0,-54.0
IQ,9,0,49,-14.0,55.0,-31.0,44.0
IQ,9,0,50,-58.0,-16.0,53.0,3.0
IQ,9,0,51,9.0,60.0,3.0,52.0
IQ,9,0,52,47.0,25.0,-29.0,44.0
IQ,9,0,53,-38.0,43.0,54.0,-9.0
IQ,9,0,54,51.0,25.0,21.0,46.0
IQ,9,0,55,42.0,-33.0,-4.0,49.0
IQ,9,0,56,12.0,-55.0,-16.0,47.0
IQ,9,0,57,49.0,-23.0,41.0,14.0
IQ,9,0,58,16.0,45.0,-8.0,-37.0
IQ,9,0,59,20.0,32.0,-17.0,-35.0
IQ,9,0,60,38.0,12.0,-13.0,-32.0
IQ,9,0,61,7.0,32.0,-25.0,15.0
IQ,9,0,62,-21.0,-23.0,26.0,-12.0
IQ,9,0,63,-10.0,19.0,14.0,15.0
IQ,9,0,64,18.0,-1.0,-10.0,12.0
IQ,9,0,65,0.0,0.0,0.0,0.0
IQ,9,0,66,0.0,0.0,0.0,0.0
IQ,9,0,67,0.0,0.0,0.0,0.0
IQ,9,0,68,0.0,0.0,0.0,0.0
IQ,9,0,69,0.0,0.0,0.0,0.0
IQ,9,0,70,0.0,0.0,0.0,0.0
IQ,9,0,71,0.0,0.0,0.0,0.0
IQ,9,0,72,0.0,0.0,0.0,0.0
IQ,9,0,73,0.0,0.0,0.0,0.0
IQ,9,0,74,0.0,0.0,0.0,0.0
IQ,9,0,75,0.0,0.0,0.0,0.0
IQ,9,0,76,0.0,0.0,0.0,0.0
CS,9,0,1,7.319,10.896,11.185,13,1940
IQ,10,0,2,59.0,66.0,101.0,-2.0
IQ,10,0,3,-55.0,-73.0,-90.0,53.0
IQ,10,0,4,59.0,-71.0,70.0,76.0
IQ,10,0,5,-94.0,-4.0,-95.0,52.0
IQ,10,0,6,0.0,0.0,0.0,0.0
IQ,10,0,7,97.0,-15.0,41.0,-104.0
IQ,10,0,8,50.0,-85.0,93.0,-62.0
IQ,10,0,9,-28.0,-94.0,106.0,-13.0
IQ,10,0,10,-7.0,96.0,-60.0,89.0
IQ,10,0,11,63.0,-68.0,-60.0,-91.0
IQ,10,0,12,79.0,54.0,-72.0,77.0
IQ,10,0,13,-81.0,-38.0,40.0,-89.0
IQ,10,0,14,14.0,-85.0,-92.0,-22.0
IQ,10,0,15,0.0,0.0,0.0,0.0
IQ,10,0,16,19.0,74.0,84.0,-12.0
IQ,10,0,17,-53.0,51.0,-2.0,-79.0
IQ,10,0,18,38.0,-58.0,14.0,72.0
IQ,10,0,19,-15.0,60.0,-15.0,-67.0
IQ,10,0,20,-36.0,-47.0,-15.0,62.0
IQ,10,0,21,36.0,-44.0,62.0,13.0
IQ,10,0,22,-40.0,-38.0,16.0,51.0
IQ,10,0,23,0.0,0.0,0.0,0.0
IQ,10,0,24,0.0,0.0,0.0,0.0
IQ,10,0,25,0.0,0.0,0.0,0.0
IQ,10,0,26,35.0,16.0,-43.0,-4.0
IQ,10,0,27,24.0,-22.0,-25.0,-24.0
IQ,10,0,28,14.0,29.0,-1.0,32.0
IQ,10,0,29,-10.0,23.0,21.0,8.0
IQ,10,0,30,16.0,10.0,2.0,23.0
IQ,10,0,31,2.0,-18.0,-12.0,10.0
IQ,10,0,32,0.0,0.0,0.0,0.0
IQ,10,0,33,0.0,0.0,0.0,0.0
IQ,10,0,34,0.0,0.0,0.0,0.0
IQ,10,0,35,22.0,-7.0,11.0,-14.0
IQ,10,0,36,-24.0,2.0,-9.0,20.0
IQ,10,0,37,0.0,0.0,0.0,0.0
IQ,10,0,38,-17.0,29.0,4.0,38.0
IQ,10,0,39,-18.0,-38.0,14.0,-36.0
IQ,10,0,40,36.0,32.0,-13.0,44.0
IQ,10,0,41,49.0,-18.0,-34.0,38.0
IQ,10,0,42,11.0,-63.0,-51.0,10.0
IQ,10,0,43,-51.0,-23.0,-46.0,-26.0
IQ,10,0,44,-43.0,39.0,-19.0,-51.0
IQ,10,0,45,44.0,40.0,41.0,-40.0
IQ,10,0,46,-46.0,37.0,-53.0,-12.0
IQ,10,0,47,54.0,21.0,3.0,-57.0
IQ,10,0,48,47.0,-32.0,28.0,-45.0
IQ,10,0,49,-7.0,-58.0,54.0,-16.0
IQ,10,0,50,-50.0,-26.0,49.0,19.0
IQ,10,0,51,-48.0,35.0,35.0,40.0
IQ,10,0,52,54.0,-16.0,-55.0,-6.0
IQ,10,0,53,-37.0,47.0,50.0,11.0
IQ,10,0,54,-59.0,9.0,27.0,-44.0
IQ,10,0,55,48.0,26.0,28.0,39.0
IQ,10,0,56,-50.0,-19.0,-39.0,-29.0
IQ,10,0,57,47.0,2.0,39.0,17.0
IQ,10,0,58,-15.0,-48.0,-8.0,36.0
IQ,10,0,59,-7.0,42.0,-28.0,-27.0
IQ,10,0,60,-8.0,-43.0,29.0,13.0
IQ,10,0,61,16.0,-31.0,23.0,-16.0
IQ,10,0,62,-1.0,-31.0,22.0,-19.0
IQ,10,0,63,-27.0,3.0,18.0,4.0
IQ,10,0,64,0.0,0.0,0.0,0.0
IQ,10,0,65,-4.0,14.0,9.0,8.0
IQ,10,0,66,0.0,0.0,0.0,0.0
IQ,10,0,67,0.0,0.0,0.0,0.0
IQ,10,0,68,0.0,0.0,0.0,0.0
IQ,10,0,69,0.0,0.0,0.0,0.0
IQ,10,0,70,0.0,0.0,0.0,0.0
IQ,10,0,71,0.0,0.0,0.0,0.0
IQ,10,0,72,0.0,0.0,0.0,0.0
IQ,10,0,73,0.0,0.0,0.0,0.0
IQ,10,0,74,0.0,0.0,0.0,0.0
IQ,10,0,75,0.0,0.0,0.0,0.0
IQ,10,0,76,0.0,0.0,0.0,0.0
CS,10,0,1,7.708,10.163,9.390,14,1754
IQ,11,0,2,-83.0,-35.0,-97.0,-21.0
IQ,11,0,3,91.0,13.0,100.0,23.0
IQ,11,0,4,58.0,-73.0,83.0,70.0
IQ,11,0,5,94.0,-1.0,97.0,-49.0
IQ,11,0,6,85.0,52.0,7.0,-110.0
IQ,11,0,7,34.0,-94.0,109.0,-9.0
IQ,11,0,8,87.0,-46.0,36.0,-102.0
IQ,11,0,9,38.0,91.0,-108.0,26.0
IQ,11,0,10,57.0,-81.0,-5.0,-110.0
IQ,11,0,11,-16.0,-95.0,30.0,-97.0
IQ,11,0,12,-93.0,17.0,103.0,-6.0
IQ,11,0,13,71.0,-56.0,-97.0,8.0
IQ,11,0,14,85.0,-23.0,-52.0,78.0
IQ,11,0,15,6.0,-85.0,-89.0,17.0
IQ,11,0,16,-60.0,-51.0,-77.0,-37.0
IQ,11,0,17,-34.0,64.0,18.0,-78.0
IQ,11,0,18,65.0,-12.0,64.0,32.0
IQ,11,0,19,-61.0,21.0,-64.0,-26.0
IQ,11,0,20,53.0,-32.0,61.0,3.0
IQ,11,0,21,-54.0,20.0,-54.0,24.0
IQ,11,0,22,-53.0,9.0,-31.0,46.0
IQ,11,0,23,0.0,0.0,0.0,0.0
IQ,11,0,24,0.0,0.0,0.0,0.0
IQ,11,0,25,0.0,0.0,0.0,0.0
IQ,11,0,26,33.0,24.0,-41.0,5.0
IQ,11,0,27,-28.0,-20.0,31.0,-22.0
IQ,11,0,28,-19.0,26.0,27.0,19.0
IQ,11,0,29,-16.0,21.0,28.0,1.0
IQ,11,0,30,17.0,-6.0,-13.0,22.0
IQ,11,0,31,0.0,0.0,0.0,0.0
IQ,11,0,32,0.0,0.0,0.0,0.0
IQ,11,0,33,0.0,0.0,0.0,0.0
IQ,11,0,34,0.0,0.0,0.0,0.0
IQ,11,0,35,0.0,0.0,0.0,0.0
IQ,11,0,36,21.0,-15.0,12.0,-19.0
IQ,11,0,37,-10.0,28.0,-16.0,28.0
IQ,11,0,38,-27.0,-29.0,32.0,-10.0
IQ,11,0,39,-10.0,-44.0,3.0,-42.0
IQ,11,0,40,10.0,-49.0,-34.0,-32.0
IQ,11,0,41,34.0,-37.0,-48.0,18.0
IQ,11,0,42,-52.0,-22.0,-27.0,-44.0
IQ,11,0,43,-59.0,-5.0,-41.0,-37.0
IQ,11,0,44,-56.0,-6.0,-53.0,-14.0
IQ,11,0,45,41.0,-43.0,40.0,40.0
IQ,11,0,46,29.0,-51.0,47.0,27.0
IQ,11,0,47,-22.0,54.0,-54.0,-1.0
IQ,11,0,48,42.0,-42.0,38.0,-38.0
IQ,11,0,49,49.0,29.0,-47.0,-31.0
IQ,11,0,50,56.0,-22.0,-27.0,-49.0
IQ,11,0,51,-22.0,55.0,14.0,51.0
IQ,11,0,52,-58.0,-9.0,47.0,-22.0
IQ,11,0,53,-62.0,-2.0,40.0,-39.0
IQ,11,0,54,-44.0,-37.0,-18.0,-48.0
IQ,11,0,55,-32.0,-46.0,-44.0,-22.0
IQ,11,0,56,-22.0,-46.0,-45.0,17.0
IQ,11,0,57,-33.0,-34.0,-39.0,23.0
IQ,11,0,58,48.0,-11.0,41.0,2.0
IQ,11,0,59,-7.0,46.0,-30.0,-21.0
IQ,11,0,60,28.0,-25.0,25.0,-22.0
IQ,11,0,61,41.0,-5.0,-17.0,-22.0
IQ,11,0,62,26.0,-22.0,-14.0,-22.0
IQ,11,0,63,-12.0,-23.0,10.0,-17.0
IQ,11,0,64,0.0,0.0,0.0,0.0
IQ,11,0,65,0.0,0.0,0.0,0.0
IQ,11,0,66,0.0,0.0,0.0,0.0
IQ,11,0,67,0.0,0.0,0.0,0.0
IQ,11,0,68,0.0,0.0,0.0,0.0
IQ,11,0,69,0.0,0.0,0.0,0.0
IQ,11,0,70,0.0,0.0,0.0,0.0
IQ,11,0,71,0.0,0.0,0.0,0.0
IQ,11,0,72,0.0,0.0,0.0,0.0
IQ,11,0,73,0.0,0.0,0.0,0.0
IQ,11,0,74,0.0,0.0,0.0,0.0
IQ,11,0,75,0.0,0.0,0.0,0.0
IQ,11,0,76,0.0,0.0,0.0,0.0
CS,11,0,1,7.711,10.034,9.974,12,1597
IQ,12,0,2,-13.0,-87.0,-59.0,79.0
IQ,12,0,3,85.0,35.0,102.0,-28.0
IQ,12,0,4,33.0,-89.0,61.0,89.0
IQ,12,0,5,45.0,-87.0,100.0,41.0
IQ,12,0,6,52.0,-79.0,112.0,-10.0
IQ,12,0,7,44.0,-87.0,102.0,-38.0
IQ,12,0,8,-91.0,26.0,8.0,109.0
IQ,12,0,9,89.0,38.0,-98.0,-45.0
IQ,12,0,10,66.0,73.0,-90.0,53.0
IQ,12,0,11,0.0,0.0,0.0,0.0
IQ,12,0,12,-88.0,-37.0,59.0,-84.0
IQ,12,0,13,-49.0,76.0,98.0,2.0
IQ,12,0,14,61.0,55.0,55.0,74.0
IQ,12,0,15,-80.0,26.0,9.0,-89.0
IQ,12,0,16,-74.0,-29.0,-71.0,-43.0
IQ,12,0,17,71.0,4.0,72.0,33.0
IQ,12,0,18,49.0,42.0,65.0,-31.0
IQ,12,0,19,-24.0,58.0,-42.0,-54.0
IQ,12,0,20,-56.0,17.0,-61.0,21.0
IQ,12,0,21,-53.0,23.0,-49.0,29.0
IQ,12,0,22,18.0,-50.0,56.0,-2.0
IQ,12,0,23,0.0,0.0,0.0,0.0
IQ,12,0,24,0.0,0.0,0.0,0.0
IQ,12,0,25,0.0,0.0,0.0,0.0
IQ,12,0,26,4.0,41.0,-16.0,38.0
IQ,12,0,27,35.0,-3.0,-37.0,3.0
IQ,12,0,28,-27.0,-20.0,9.0,-32.0
IQ,12,0,29,22.0,11.0,-5.0,28.0
IQ,12,0,30,0.0,19.0,21.0,4.0
IQ,12,0,31,0.0,0.0,0.0,0.0
IQ,12,0,32,0.0,0.0,0.0,0.0
IQ,12,0,33,0.0,0.0,0.0,0.0
IQ,12,0,34,0.0,0.0,0.0,0.0
IQ,12,0,35,0.0,0.0,0.0,0.0
IQ,12,0,36,0.0,0.0,0.0,0.0
IQ,12,0,37,0.0,0.0,0.0,0.0
IQ,12,0,38,0.0,0.0,0.0,0.0
IQ,12,0,39,0.0,0.0,0.0,0.0
IQ,12,0,40,0.0,0.0,0.0,0.0
IQ,12,0,41,0.0,0.0,0.0,0.0
IQ,12,0,42,-47.0,27.0,15.0,-50.0
IQ,12,0,43,0.0,0.0,0.0,0.0
IQ,12,0,44,-59.0,-13.0,-54.0,-5.0
IQ,12,0,45,0.0,0.0,0.0,0.0
IQ,12,0,46,0.0,0.0,0.0,0.0
IQ,12,0,47,0.0,0.0,0.0,0.0
IQ,12,0,48,0.0,0.0,0.0,0.0
IQ,12,0,49,0.0,0.0,0.0,0.0
IQ,12,0,50,0.0,0.0,0.0,0.0
IQ,12,0,51,0.0,0.0,0.0,0.0
IQ,12,0,52,37.0,-46.0,-47.0,-21.0
IQ,12,0,53,0.0,0.0,0.0,0.0
IQ,12,0,54,0.0,0.0,0.0,0.0
IQ,12,0,55,-40.0,34.0,22.0,-38.0
IQ,12,0,56,7.0,53.0,36.0,-31.0
IQ,12,0,57,-50.0,-9.0,-42.0,5.0
IQ,12,0,58,23.0,43.0,-9.0,-42.0
IQ,12,0,59,-25.0,31.0,-35.0,4.0
IQ,12,0,60,-3.0,38.0,-40.0,7.0
IQ,12,0,61,16.0,32.0,-29.0,0.0
IQ,12,0,62,0.0,0.0,0.0,0.0
IQ,12,0,63,0.0,0.0,0.0,0.0
IQ,12,0,64,-20.0,12.0,17.0,-7.0
IQ,12,0,65,0.0,0.0,0.0,0.0
IQ,12,0,66,0.0,0.0,0.0,0.0
IQ,12,0,67,0.0,0.0,0.0,0.0
IQ,12,0,68,0.0,0.0,0.0,0.0
IQ,12,0,69,0.0,0.0,0.0,0.0
IQ,12,0,70,0.0,0.0,0.0,0.0
IQ,12,0,71,0.0,0.0,0.0,0.0
IQ,12,0,72,0.0,0.0,0.0,0.0
IQ,12,0,73,0.0,0.0,0.0,0.0
IQ,12,0,74,0.0,0.0,0.0,0.0
IQ,12,0,75,0.0,0.0,0.0,0.0
IQ,12,0,76,0.0,0.0,0.0,0.0
CS,12,0,1,5.855,9.952,8.789,11,1290
IQ,13,0,2,-78.0,39.0,-53.0,-85.0
IQ,13,0,3,0.0,0.0,0.0,0.0
IQ,13,0,4,0.0,0.0,0.0,0.0
IQ,13,0,5,77.0,-54.0,106.0,-13.0
IQ,13,0,6,-98.0,10.0,-62.0,92.0
IQ,13,0,7,0.0,0.0,0.0,0.0
IQ,13,0,8,0.0,0.0,0.0,0.0
IQ,13,0,9,0.0,0.0,0.0,0.0
IQ,13,0,10,-86.0,-51.0,105.0,-22.0
IQ,13,0,11,37.0,90.0,-32.0,100.0
IQ,13,0,12,-26.0,91.0,74.0,70.0
IQ,13,0,13,47.0,-79.0,-99.0,3.0
IQ,13,0,14,9.0,85.0,89.0,24.0
IQ,13,0,15,-33.0,75.0,67.0,-58.0
IQ,13,0,16,-77.0,10.0,-47.0,-68.0
IQ,13,0,17,0.0,0.0,0.0,0.0
IQ,13,0,18,35.0,-59.0,33.0,67.0
IQ,13,0,19,-64.0,-19.0,-60.0,37.0
IQ,13,0,20,-45.0,-41.0,-15.0,63.0
IQ,13,0,21,-57.0,-6.0,-24.0,50.0
IQ,13,0,22,0.0,0.0,0.0,0.0
IQ,13,0,23,0.0,0.0,0.0,0.0
IQ,13,0,24,0.0,0.0,0.0,0.0
IQ,13,0,25,0.0,0.0,0.0,0.0
IQ,13,0,26,0.0,0.0,0.0,0.0
IQ,13,0,27,0.0,0.0,0.0,0.0
IQ,13,0,28,32.0,10.0,-21.0,23.0
IQ,13,0,29,-21.0,18.0,25.0,-5.0
IQ,13,0,30,0.0,0.0,0.0,0.0
IQ,13,0,31,-15.0,-2.0,-4.0,14.0
IQ,13,0,32,0.0,0.0,0.0,0.0
IQ,13,0,33,0.0,0.0,0.0,0.0
IQ,13,0,34,0.0,0.0,0.0,0.0
IQ,13,0,35,0.0,0.0,0.0,0.0
IQ,13,0,36,-2.0,21.0,-22.0,6.0
IQ,13,0,37,29.0,-3.0,-18.0,-23.0
IQ,13,0,38,-37.0,10.0,26.0,21.0
IQ,13,0,39,36.0,-15.0,-42.0,1.0
IQ,13,0,40,35.0,30.0,6.0,45.0
IQ,13,0,41,27.0,44.0,23.0,25.0
IQ,13,0,42,-4.0,54.0,45.0,-23.0
IQ,13,0,43,2.0,57.0,32.0,-46.0
IQ,13,0,44,18.0,57.0,30.0,-47.0
IQ,13,0,45,45.0,-34.0,56.0,12.0
IQ,13,0,46,-28.0,57.0,-52.0,-16.0
IQ,13,0,47,41.0,-47.0,49.0,-23.0
IQ,13,0,48,-18.0,-57.0,57.0,8.0
IQ,13,0,49,-60.0,-1.0,36.0,42.0
IQ,13,0,50,-57.0,-13.0,55.0,13.0
IQ,13,0,51,54.0,19.0,-51.0,24.0
IQ,13,0,52,-45.0,-38.0,22.0,-48.0
IQ,13,0,53,39.0,-44.0,-52.0,7.0
IQ,13,0,54,-56.0,3.0,8.0,-48.0
IQ,13,0,55,-50.0,29.0,6.0,-49.0
IQ,13,0,56,-14.0,-53.0,-38.0,30.0
IQ,13,0,57,34.0,21.0,37.0,-23.0
IQ,13,0,58,-31.0,-34.0,-12.0,41.0
IQ,13,0,59,14.0,-44.0,37.0,9.0
IQ,13,0,60,-22.0,-33.0,29.0,14.0
IQ,13,0,61,-35.0,-12.0,24.0,20.0
IQ,13,0,62,8.0,-26.0,5.0,-24.0
IQ,13,0,63,-1.0,23.0,3.0,21.0
IQ,13,0,64,-6.0,19.0,18.0,8.0
IQ,13,0,65,0.0,0.0,0.0,0.0
IQ,13,0,66,0.0,0.0,0.0,0.0
IQ,13,0,67,0.0,0.0,0.0,0.0
IQ,13,0,68,0.0,0.0,0.0,0.0
IQ,13,0,69,0.0,0.0,0.0,0.0
IQ,13,0,70,0.0,0.0,0.0,0.0
IQ,13,0,71,0.0,0.0,0.0,0.0
IQ,13,0,72,0.0,0.0,0.0,0.0
IQ,13,0,73,0.0,0.0,0.0,0.0
IQ,13,0,74,0.0,0.0,0.0,0.0
IQ,13,0,75,0.0,0.0,0.0,0.0
IQ,13,0,76,0.0,0.0,0.0,0.0
CS,13,0,1,7.319,10.355,8.835,8,943
IQ,14,0,2,-84.0,-25.0,-100.0,-6.0
IQ,14,0,3,-87.0,28.0,-103.0,-18.0
IQ,14,0,4,-56.0,-74.0,-5.0,106.0
IQ,14,0,5,-28.0,-90.0,55.0,92.0
IQ,14,0,6,16.0,-95.0,108.0,-1.0
IQ,14,0,7,-52.0,84.0,-90.0,66.0
IQ,14,0,8,39.0,90.0,-108.0,18.0
IQ,14,0,9,-68.0,-69.0,104.0,-30.0
IQ,14,0,10,58.0,-79.0,-48.0,-99.0
IQ,14,0,11,70.0,-66.0,-95.0,-38.0
IQ,14,0,12,72.0,57.0,-15.0,105.0
IQ,14,0,13,-74.0,-53.0,-22.0,-95.0
IQ,14,0,14,86.0,11.0,19.0,93.0
IQ,14,0,15,11.0,81.0,86.0,-29.0
IQ,14,0,16,76.0,0.0,66.0,46.0
IQ,14,0,17,-48.0,-52.0,-67.0,43.0
IQ,14,0,18,-13.0,68.0,-20.0,-71.0
IQ,14,0,19,-23.0,60.0,-55.0,-41.0
IQ,14,0,20,-61.0,-1.0,-39.0,50.0
IQ,14,0,21,-5.0,58.0,-59.0,-15.0
IQ,14,0,22,-9.0,-53.0,55.0,11.0
IQ,14,0,23,0.0,0.0,0.0,0.0
IQ,14,0,24,0.0,0.0,0.0,0.0
IQ,14,0,25,0.0,0.0,0.0,0.0
IQ,14,0,26,-14.0,-38.0,15.0,-41.0
IQ,14,0,27,3.0,-35.0,-16.0,-32.0
IQ,14,0,28,-16.0,-29.0,-11.0,-30.0
IQ,14,0,29,0.0,0.0,0.0,0.0
IQ,14,0,30,0.0,0.0,0.0,0.0
IQ,14,0,31,2.0,16.0,15.0,-5.0
IQ,14,0,32,0.0,0.0,0.0,0.0
IQ,14,0,33,0.0,0.0,0.0,0.0
IQ,14,0,34,0.0,0.0,0.0,0.0
IQ,14,0,35,-19.0,3.0,3.0,16.0
IQ,14,0,36,0.0,0.0,0.0,0.0
IQ,14,0,37,0.0,0.0,0.0,0.0
IQ,14,0,38,33.0,-16.0,-34.0,-12.0
IQ,14,0,39,30.0,29.0,-9.0,38.0
IQ,14,0,40,-44.0,-12.0,9.0,-50.0
IQ,14,0,41,25.0,-54.0,-48.0,20.0
IQ,14,0,42,43.0,31.0,50.0,17.0
IQ,14,0,43,-17.0,55.0,6.0,-54.0
IQ,14,0,44,47.0,-29.0,50.0,17.0
IQ,14,0,45,-14.0,55.0,-43.0,-37.0
IQ,14,0,46,39.0,45.0,-13.0,-54.0
IQ,14,0,47,-40.0,-45.0,39.0,39.0
IQ,14,0,48,-47.0,36.0,-14.0,52.0
IQ,14,0,49,43.0,38.0,-56.0,1.0
IQ,14,0,50,38.0,43.0,-44.0,30.0
IQ,14,0,51,55.0,-2.0,-55.0,7.0
IQ,14,0,52,-9.0,57.0,37.0,35.0
IQ,14,0,53,43.0,-40.0,-46.0,22.0
IQ,14,0,54,-54.0,22.0,13.0,-49.0
IQ,14,0,55,-53.0,-21.0,-45.0,-25.0
IQ,14,0,56,-48.0,-19.0,-50.0,-2.0
IQ,14,0,57,-15.0,-46.0,-11.0,43.0
IQ,14,0,58,40.0,-25.0,40.0,-12.0
IQ,14,0,59,-25.0,-38.0,21.0,29.0
IQ,14,0,60,-38.0,9.0,1.0,32.0
IQ,14,0,61,-32.0,-6.0,23.0,16.0
IQ,14,0,62,-3.0,26.0,3.0,26.0
IQ,14,0,63,19.0,-14.0,-19.0,-10.0
IQ,14,0,64,-1.0,-20.0,-13.0,-12.0
IQ,14,0,65,0.0,0.0,0.0,0.0
IQ,14,0,66,0.0,0.0,0.0,0.0
IQ,14,0,67,0.0,0.0,0.0,0.0
IQ,14,0,68,0.0,0.0,0.0,0.0
IQ,14,0,69,0.0,0.0,0.0,0.0
IQ,14,0,70,0.0,0.0,0.0,0.0
IQ,14,0,71,0.0,0.0,0.0,0.0
IQ,14,0,72,0.0,0.0,0.0,0.0
IQ,14,0,73,0.0,0.0,0.0,0.0
IQ,14,0,74,0.0,0.0,0.0,0.0
IQ,14,0,75,0.0,0.0,0.0,0.0
IQ,14,0,76,0.0,0.0,0.0,0.0
CS,14,0,1,7.319,10.247,10.328,15,2067
IQ,15,0,2,-6.0,-87.0,-38.0,92.0
IQ,15,0,3,-40.0,82.0,-42.0,-96.0
IQ,15,0,4,95.0,-5.0,102.0,-32.0
IQ,15,0,5,73.0,-62.0,107.0,-16.0
IQ,15,0,6,-66.0,71.0,-101.0,45.0
IQ,15,0,7,89.0,34.0,-45.0,-104.0
IQ,15,0,8,98.0,40.0,-79.0,-76.0
IQ,15,0,9,-90.0,40.0,57.0,94.0
IQ,15,0,10,-23.0,-96.0,53.0,-94.0
IQ,15,0,11,55.0,-67.0,-81.0,-64.0
IQ,15,0,12,-28.0,-90.0,-31.0,-98.0
IQ,15,0,13,-89.0,-15.0,34.0,-93.0
IQ,15,0,14,64.0,-58.0,-68.0,62.0
IQ,15,0,15,-10.0,-82.0,-89.0,13.0
IQ,15,0,16,-75.0,23.0,-39.0,-75.0
IQ,15,0,17,0.0,0.0,0.0,0.0
IQ,15,0,18,-69.0,-2.0,-73.0,-1.0
IQ,15,0,19,-65.0,-12.0,-60.0,35.0
IQ,15,0,20,0.0,0.0,0.0,0.0
IQ,15,0,21,0.0,0.0,0.0,0.0
IQ,15,0,22,23.0,-48.0,53.0,-16.0
IQ,15,0,23,0.0,0.0,0.0,0.0
IQ,15,0,24,0.0,0.0,0.0,0.0
IQ,15,0,25,0.0,0.0,0.0,0.0
IQ,15,0,26,0.0,0.0,0.0,0.0
IQ,15,0,27,27.0,21.0,-30.0,27.0
IQ,15,0,28,-27.0,-15.0,14.0,-29.0
IQ,15,0,29,-20.0,-17.0,-5.0,-25.0
IQ,15,0,30,18.0,9.0,7.0,20.0
IQ,15,0,31,0.0,0.0,0.0,0.0
IQ,15,0,32,0.0,0.0,0.0,0.0
IQ,15,0,33,0.0,0.0,0.0,0.0
IQ,15,0,34,0.0,0.0,0.0,0.0
IQ,15,0,35,0.0,0.0,0.0,0.0
IQ,15,0,36,10.0,21.0,-25.0,-7.0
IQ,15,0,37,-6.0,-29.0,18.0,-20.0
IQ,15,0,38,24.0,-28.0,-16.0,-31.0
IQ,15,0,39,-24.0,37.0,35.0,19.0
IQ,15,0,40,-32.0,-40.0,-13.0,-45.0
IQ,15,0,41,18.0,-49.0,-48.0,15.0
IQ,15,0,42,14.0,-55.0,-40.0,29.0
IQ,15,0,43,26.0,-51.0,-7.0,55.0
IQ,15,0,44,-41.0,43.0,-36.0,-43.0
IQ,15,0,45,-62.0,-6.0,-46.0,30.0
IQ,15,0,46,-24.0,-55.0,25.0,49.0
IQ,15,0,47,55.0,-20.0,24.0,-49.0
IQ,15,0,48,7.0,61.0,-53.0,9.0
IQ,15,0,49,59.0,7.0,-44.0,-31.0
IQ,15,0,50,-27.0,52.0,1.0,53.0
IQ,15,0,51,-11.0,-60.0,9.0,-56.0
IQ,15,0,52,54.0,-18.0,-51.0,10.0
IQ,15,0,53,-42.0,40.0,52.0,-13.0
IQ,15,0,54,57.0,1.0,-2.0,51.0
IQ,15,0,55,-11.0,-57.0,-46.0,16.0
IQ,15,0,56,47.0,18.0,47.0,9.0
IQ,15,0,57,-23.0,40.0,-23.0,-38.0
IQ,15,0,58,-44.0,-12.0,-31.0,23.0
IQ,15,0,59,31.0,22.0,-8.0,-34.0
IQ,15,0,60,0.0,0.0,0.0,0.0
IQ,15,0,61,0.0,0.0,0.0,0.0
IQ,15,0,62,27.0,4.0,-18.0,-3.0
IQ,15,0,63,0.0,0.0,0.0,0.0
IQ,15,0,64,0.0,0.0,0.0,0.0
IQ,15,0,65,0.0,0.0,0.0,0.0
IQ,15,0,66,0.0,0.0,0.0,0.0
IQ,15,0,67,0.0,0.0,0.0,0.0
IQ,15,0,68,0.0,0.0,0.0,0.0
IQ,15,0,69,0.0,0.0,0.0,0.0
IQ,15,0,70,0.0,0.0,0.0,0.0
IQ,15,0,71,0.0,0.0,0.0,0.0
IQ,15,0,72,0.0,0.0,0.0,0.0
IQ,15,0,73,0.0,0.0,0.0,0.0
IQ,15,0,74,0.0,0.0,0.0,0.0
IQ,15,0,75,0.0,0.0,0.0,0.0
IQ,15,0,76,0.0,0.0,0.0,0.0
CS,15,0,1,7.607,10.111,10.980,14,2051
IQ,16,0,2,52.0,69.0,60.0,-80.0
IQ,16,0,3,92.0,-5.0,96.0,-38.0
IQ,16,0,4,-87.0,-37.0,-33.0,98.0
IQ,16,0,5,92.0,31.0,4.0,-110.0
IQ,16,0,6,-61.0,77.0,-82.0,70.0
IQ,16,0,7,-18.0,-97.0,106.0,-33.0
IQ,16,0,8,-36.0,-89.0,94.0,-57.0
IQ,16,0,9,0.0,0.0,0.0,0.0
IQ,16,0,10,-83.0,-47.0,82.0,-67.0
IQ,16,0,11,-48.0,-81.0,-15.0,-103.0
IQ,16,0,12,78.0,-54.0,-88.0,50.0
IQ,16,0,13,-38.0,80.0,93.0,-31.0
IQ,16,0,14,-43.0,74.0,61.0,-74.0
IQ,16,0,15,-70.0,-43.0,-87.0,-19.0
IQ,16,0,16,59.0,49.0,79.0,-27.0
IQ,16,0,17,63.0,32.0,66.0,-36.0
IQ,16,0,18,28.0,-60.0,52.0,53.0
IQ,16,0,19,-31.0,-58.0,23.0,63.0
IQ,16,0,20,-36.0,49.0,-61.0,12.0
IQ,16,0,21,42.0,33.0,-32.0,-50.0
IQ,16,0,22,-27.0,42.0,-35.0,42.0
IQ,16,0,23,0.0,0.0,0.0,0.0
IQ,16,0,24,0.0,0.0,0.0,0.0
IQ,16,0,25,0.0,0.0,0.0,0.0
IQ,16,0,26,-40.0,8.0,41.0,-1.0
IQ,16,0,27,0.0,0.0,0.0,0.0
IQ,16,0,28,0.0,0.0,0.0,0.0
IQ,16,0,29,17.0,-19.0,-20.0,16.0
IQ,16,0,30,2.0,18.0,20.0,-9.0
IQ,16,0,31,0.0,0.0,0.0,0.0
IQ,16,0,32,0.0,0.0,0.0,0.0
IQ,16,0,33,0.0,0.0,0.0,0.0
IQ,16,0,34,0.0,0.0,0.0,0.0
IQ,16,0,35,0.0,0.0,0.0,0.0
IQ,16,0,36,0.0,0.0,0.0,0.0
IQ,16,0,37,6.0,30.0,-17.0,24.0
IQ,16,0,38,36.0,2.0,-36.0,13.0
IQ,16,0,39,41.0,12.0,-21.0,38.0
IQ,16,0,40,0.0,0.0,0.0,0.0
IQ,16,0,41,-50.0,7.0,-14.0,-49.0
IQ,16,0,42,0.0,0.0,0.0,0.0
IQ,16,0,43,0.0,0.0,0.0,0.0
IQ,16,0,44,15.0,-61.0,34.0,39.0
IQ,16,0,45,-28.0,52.0,-54.0,-14.0
IQ,16,0,46,48.0,-34.0,45.0,-34.0
IQ,16,0,47,-53.0,-32.0,42.0,33.0
IQ,16,0,48,-3.0,60.0,-45.0,32.0
IQ,16,0,49,46.0,-40.0,-19.0,-48.0
IQ,16,0,50,-25.0,-54.0,21.0,-51.0
IQ,16,0,51,-46.0,-35.0,14.0,-52.0
IQ,16,0,52,44.0,-35.0,-50.0,16.0
IQ,16,0,53,-48.0,-33.0,-19.0,-49.0
IQ,16,0,54,56.0,-15.0,14.0,48.0
IQ,16,0,55,30.0,48.0,43.0,-18.0
IQ,16,0,56,42.0,-33.0,34.0,33.0
IQ,16,0,57,44.0,29.0,24.0,-41.0
IQ,16,0,58,-44.0,-15.0,-6.0,39.0
IQ,16,0,59,-16.0,-43.0,38.0,14.0
IQ,16,0,60,-38.0,6.0,15.0,30.0
IQ,16,0,61,-3.0,41.0,-3.0,34.0
IQ,16,0,62,17.0,-26.0,-12.0,-20.0
IQ,16,0,63,3.0,-22.0,-20.0,-18.0
IQ,16,0,64,20.0,4.0,-5.0,17.0
IQ,16,0,65,0.0,0.0,0.0,0.0
IQ,16,0,66,0.0,0.0,0.0,0.0
IQ,16,0,67,0.0,0.0,0.0,0.0
IQ,16,0,68,0.0,0.0,0.0,0.0
IQ,16,0,69,0.0,0.0,0.0,0.0
IQ,16,0,70,0.0,0.0,0.0,0.0
IQ,16,0,71,0.0,0.0,0.0,0.0
IQ,16,0,72,0.0,0.0,0.0,0.0
IQ,16,0,73,0.0,0.0,0.0,0.0
IQ,16,0,74,0.0,0.0,0.0,0.0
IQ,16,0,75,0.0,0.0,0.0,0.0
IQ,16,0,76,0.0,0.0,0.0,0.0
CS,16,0,1,7.612,10.211,12.908,13,2239
IQ,17,0,2,18.0,4.0,99.0,-4.0
IQ,17,0,3,74.0,-63.0,5.0,104.0
IQ,17,0,4,0.0,0.0,0.0,0.0
IQ,17,0,5,24.0,-90.0,27.0,103.0
IQ,17,0,6,-86.0,-46.0,-69.0,84.0
IQ,17,0,7,71.0,-70.0,109.0,-14.0
IQ,17,0,8,100.0,18.0,8.0,-108.0
IQ,17,0,9,25.0,100.0,-107.0,-16.0
IQ,17,0,10,-28.0,91.0,-80.0,74.0
IQ,17,0,11,-98.0,12.0,75.0,73.0
IQ,17,0,12,46.0,79.0,-69.0,71.0
IQ,17,0,13,67.0,-75.0,-87.0,-57.0
IQ,17,0,14,-87.0,7.0,78.0,-50.0
IQ,17,0,15,0.0,0.0,0.0,0.0
IQ,17,0,16,0.0,0.0,0.0,0.0
IQ,17,0,17,0.0,0.0,0.0,0.0
IQ,17,0,18,-69.0,-6.0,-57.0,-48.0
IQ,17,0,19,31.0,-54.0,6.0,70.0
IQ,17,0,20,0.0,0.0,0.0,0.0
IQ,17,0,21,-37.0,41.0,-49.0,-36.0
IQ,17,0,22,-57.0,-4.0,-44.0,29.0
IQ,17,0,23,0.0,0.0,0.0,0.0
IQ,17,0,24,0.0,0.0,0.0,0.0
IQ,17,0,25,0.0,0.0,0.0,0.0
IQ,17,0,26,0.0,0.0,0.0,0.0
IQ,17,0,27,15.0,5.0,-37.0,-4.0
IQ,17,0,28,0.0,0.0,0.0,0.0
IQ,17,0,29,0.0,0.0,0.0,0.0
IQ,17,0,30,0.0,0.0,0.0,0.0
IQ,17,0,31,0.0,0.0,0.0,0.0
IQ,17,0,32,0.0,0.0,0.0,0.0
IQ,17,0,33,0.0,0.0,0.0,0.0
IQ,17,0,34,0.0,0.0,0.0,0.0
IQ,17,0,35,13.0,11.0,2.0,-17.0
IQ,17,0,36,-23.0,8.0,-17.0,15.0
IQ,17,0,37,-15.0,-28.0,23.0,13.0
IQ,17,0,38,29.0,-21.0,-3.0,-39.0
IQ,17,0,39,17.0,38.0,-30.0,26.0
IQ,17,0,40,40.0,22.0,-40.0,27.0
IQ,17,0,41,-34.0,44.0,47.0,11.0
IQ,17,0,42,-24.0,-47.0,-35.0,-39.0
IQ,17,0,43,-18.0,57.0,50.0,-24.0
IQ,17,0,44,33.0,-51.0,-17.0,52.0
IQ,17,0,45,59.0,13.0,52.0,7.0
IQ,17,0,46,-50.0,33.0,-49.0,-26.0
IQ,17,0,47,30.0,52.0,-1.0,-56.0
IQ,17,0,48,47.0,-34.0,51.0,-20.0
IQ,17,0,49,-53.0,-15.0,11.0,52.0
IQ,17,0,50,58.0,17.0,-34.0,-41.0
IQ,17,0,51,-45.0,41.0,3.0,56.0
IQ,17,0,52,0.0,0.0,0.0,0.0
IQ,17,0,53,53.0,14.0,-50.0,22.0
IQ,17,0,54,-53.0,-21.0,24.0,-46.0
IQ,17,0,55,0.0,0.0,0.0,0.0
IQ,17,0,56,0.0,0.0,0.0,0.0
IQ,17,0,57,42.0,-28.0,5.0,44.0
IQ,17,0,58,0.0,0.0,0.0,0.0
IQ,17,0,59,-21.0,35.0,-29.0,-24.0
IQ,17,0,60,-31.0,21.0,-31.0,6.0
IQ,17,0,61,0.0,0.0,0.0,0.0
IQ,17,0,62,-24.0,-11.0,22.0,17.0
IQ,17,0,63,0.0,0.0,0.0,0.0
IQ,17,0,64,-13.0,15.0,10.0,14.0
IQ,17,0,65,0.0,0.0,0.0,0.0
IQ,17,0,66,0.0,0.0,0.0,0.0
IQ,17,0,67,0.0,0.0,0.0,0.0
IQ,17,0,68,0.0,0.0,0.0,0.0
IQ,17,0,69,0.0,0.0,0.0,0.0
IQ,17,0,70,0.0,0.0,0.0,0.0
IQ,17,0,71,0.0,0.0,0.0,0.0
IQ,17,0,72,0.0,0.0,0.0,0.0
IQ,17,0,73,0.0,0.0,0.0,0.0
IQ,17,0,74,0.0,0.0,0.0,0.0
IQ,17,0,75,0.0,0.0,0.0,0.0
IQ,17,0,76,0.0,0.0,0.0,0.0
CS,17,0,1,7.026,9.827,11.106,11,1630
IQ,18,0,2,60.0,-63.0,44.0,89.0
IQ,18,0,3,54.0,74.0,55.0,-90.0
IQ,18,0,4,92.0,17.0,90.0,-59.0
IQ,18,0,5,-96.0,-14.0,-57.0,96.0
IQ,18,0,6,8.0,-96.0,109.0,21.0
IQ,18,0,7,14.0,-99.0,105.0,-31.0
IQ,18,0,8,51.0,86.0,-111.0,3.0
IQ,18,0,9,-65.0,71.0,14.0,108.0
IQ,18,0,10,29.0,-94.0,-18.0,-107.0
IQ,18,0,11,-92.0,-25.0,92.0,-53.0
IQ,18,0,12,65.0,68.0,-12.0,102.0
IQ,18,0,13,4.0,88.0,88.0,50.0
IQ,18,0,14,85.0,12.0,11.0,94.0
IQ,18,0,15,29.0,79.0,92.0,-1.0
IQ,18,0,16,47.0,-62.0,-14.0,82.0
IQ,18,0,17,5.0,-75.0,-23.0,75.0
IQ,18,0,18,68.0,20.0,69.0,-25.0
IQ,18,0,19,0.0,0.0,0.0,0.0
IQ,18,0,20,55.0,24.0,21.0,-59.0
IQ,18,0,21,-42.0,33.0,-55.0,22.0
IQ,18,0,22,-48.0,13.0,-24.0,51.0
IQ,18,0,23,0.0,0.0,0.0,0.0
IQ,18,0,24,0.0,0.0,0.0,0.0
IQ,18,0,25,0.0,0.0,0.0,0.0
IQ,18,0,26,29.0,-27.0,-28.0,-29.0
IQ,18,0,27,34.0,-13.0,-37.0,-4.0
IQ,18,0,28,25.0,19.0,-10.0,33.0
IQ,18,0,29,0.0,0.0,0.0,0.0
IQ,18,0,30,15.0,17.0,20.0,14.0
IQ,18,0,31,0.0,0.0,0.0,0.0
IQ,18,0,32,0.0,0.0,0.0,0.0
IQ,18,0,33,0.0,0.0,0.0,0.0
IQ,18,0,34,0.0,0.0,0.0,0.0
IQ,18,0,35,0.0,0.0,0.0,0.0
IQ,18,0,36,13.0,20.0,-23.0,-7.0
IQ,18,0,37,-9.0,25.0,2.0,42.0
IQ,18,0,38,0.0,0.0,0.0,0.0
IQ,18,0,39,0.0,0.0,0.0,0.0
IQ,18,0,40,-12.0,45.0,44.0,13.0
IQ,18,0,41,0.0,0.0,0.0,0.0
IQ,18,0,42,-10.0,51.0,39.0,-35.0
IQ,18,0,43,-45.0,34.0,-21.0,-51.0
IQ,18,0,44,55.0,-23.0,50.0,28.0
IQ,18,0,45,-55.0,4.0,-51.0,18.0
IQ,18,0,46,57.0,17.0,30.0,-47.0
IQ,18,0,47,49.0,-28.0,29.0,-46.0
IQ,18,0,48,28.0,52.0,-55.0,-14.0
IQ,18,0,49,-56.0,20.0,22.0,49.0
IQ,18,0,50,5.0,60.0,-24.0,45.0
IQ,18,0,51,0.0,0.0,0.0,0.0
IQ,18,0,52,0.0,0.0,0.0,0.0
IQ,18,0,53,-64.0,-13.0,24.0,-45.0
IQ,18,0,54,0.0,0.0,0.0,0.0
IQ,18,0,55,0.0,0.0,0.0,0.0
IQ,18,0,56,0.0,0.0,0.0,0.0
IQ,18,0,57,0.0,0.0,0.0,0.0
IQ,18,0,58,0.0,0.0,0.0,0.0
IQ,18,0,59,0.0,0.0,0.0,0.0
IQ,18,0,60,0.0,0.0,0.0,0.0
IQ,18,0,61,0.0,0.0,0.0,0.0
IQ,18,0,62,0.0,0.0,0.0,0.0
IQ,18,0,63,0.0,0.0,0.0,0.0
IQ,18,0,64,0.0,0.0,0.0,0.0
IQ,18,0,65,0.0,0.0,0.0,0.0
IQ,18,0,66,0.0,0.0,0.0,0.0
IQ,18,0,67,0.0,0.0,0.0,0.0
IQ,18,0,68,0.0,0.0,0.0,0.0
IQ,18,0,69,0.0,0.0,0.0,0.0
IQ,18,0,70,0.0,0.0,0.0,0.0
IQ,18,0,71,0.0,0.0,0.0,0.0
IQ,18,0,72,0.0,0.0,0.0,0.0
IQ,18,0,73,0.0,0.0,0.0,0.0
IQ,18,0,74,0.0,0.0,0.0,0.0
IQ,18,0,75,0.0,0.0,0.0,0.0
IQ,18,0,76,0.0,0.0,0.0,0.0
CS,18,0,1,7.026,9.929,12.025,9,1444
IQ,19,0,2,88.0,1.0,100.0,16.0
IQ,19,0,3,88.0,-36.0,101.0,22.0
IQ,19,0,4,95.0,-10.0,89.0,-59.0
IQ,19,0,5,0.0,0.0,0.0,0.0
IQ,19,0,6,99.0,28.0,-23.0,-110.0
IQ,19,0,7,-78.0,-66.0,89.0,62.0
IQ,19,0,8,-88.0,-44.0,104.0,34.0
IQ,19,0,9,-78.0,-68.0,101.0,-37.0
IQ,19,0,10,97.0,13.0,-105.0,20.0
IQ,19,0,11,0.0,0.0,0.0,0.0
IQ,19,0,12,75.0,55.0,0.0,102.0
IQ,19,0,13,-73.0,-58.0,-48.0,-87.0
IQ,19,0,14,0.0,0.0,0.0,0.0
IQ,19,0,15,-21.0,-85.0,-81.0,36.0
IQ,19,0,16,15.0,-78.0,-27.0,82.0
IQ,19,0,17,-69.0,20.0,-71.0,-32.0
IQ,19,0,18,-56.0,39.0,-65.0,-32.0
IQ,19,0,19,42.0,-50.0,68.0,17.0
IQ,19,0,20,37.0,48.0,-19.0,-64.0
IQ,19,0,21,55.0,19.0,-9.0,-60.0
IQ,19,0,22,13.0,53.0,-52.0,-9.0
IQ,19,0,23,0.0,0.0,0.0,0.0
IQ,19,0,24,0.0,0.0,0.0,0.0
IQ,19,0,25,0.0,0.0,0.0,0.0
IQ,19,0,26,-8.0,-39.0,3.0,-42.0
IQ,19,0,27,20.0,28.0,-10.0,38.0
IQ,19,0,28,-30.0,-10.0,6.0,-33.0
IQ,19,0,29,22.0,-16.0,-19.0,17.0
IQ,19,0,30,-2.0,-21.0,-23.0,8.0
IQ,19,0,31,0.0,0.0,0.0,0.0
IQ,19,0,32,0.0,0.0,0.0,0.0
IQ,19,0,33,0.0,0.0,0.0,0.0
IQ,19,0,34,0.0,0.0,0.0,0.0
IQ,19,0,35,0.0,16.0,-18.0,2.0
IQ,19,0,36,24.0,-12.0,-6.0,-23.0
IQ,19,0,37,-27.0,20.0,17.0,24.0
IQ,19,0,38,-25.0,-26.0,22.0,-31.0
IQ,19,0,39,-42.0,-15.0,22.0,-32.0
IQ,19,0,40,-48.0,13.0,22.0,-37.0
IQ,19,0,41,50.0,-9.0,7.0,49.0
IQ,19,0,42,-28.0,-44.0,-51.0,8.0
IQ,19,0,43,-25.0,54.0,-11.0,-53.0
IQ,19,0,44,-31.0,-49.0,-22.0,49.0
IQ,19,0,45,-57.0,-1.0,-42.0,37.0
IQ,19,0,46,-6.0,-60.0,51.0,22.0
IQ,19,0,47,-59.0,12.0,-8.0,56.0
IQ,19,0,48,-40.0,-46.0,50.0,10.0
IQ,19,0,49,25.0,-51.0,4.0,-53.0
IQ,19,0,50,-55.0,-22.0,53.0,-10.0
IQ,19,0,51,-44.0,40.0,49.0,16.0
IQ,19,0,52,11.0,-58.0,-48.0,-26.0
IQ,19,0,53,-57.0,-13.0,-1.0,-53.0
IQ,19,0,54,56.0,-15.0,1.0,49.0
IQ,19,0,55,54.0,9.0,42.0,26.0
IQ,19,0,56,44.0,29.0,43.0,-16.0
IQ,19,0,57,-40.0,-36.0,-20.0,37.0
IQ,19,0,58,21.0,-44.0,38.0,12.0
IQ,19,0,59,37.0,18.0,-12.0,-34.0
IQ,19,0,60,9.0,-40.0,25.0,-21.0
IQ,19,0,61,-21.0,27.0,-4.0,26.0
IQ,19,0,62,12.0,-23.0,-10.0,-22.0
IQ,19,0,63,0.0,0.0,0.0,0.0
IQ,19,0,64,-19.0,-5.0,8.0,-15.0
IQ,19,0,65,0.0,0.0,0.0,0.0
IQ,19,0,66,0.0,0.0,0.0,0.0
IQ,19,0,67,0.0,0.0,0.0,0.0
IQ,19,0,68,0.0,0.0,0.0,0.0
IQ,19,0,69,0.0,0.0,0.0,0.0
IQ,19,0,70,0.0,0.0,0.0,0.0
IQ,19,0,71,0.0,0.0,0.0,0.0
IQ,19,0,72,0.0,0.0,0.0,0.0
IQ,19,0,73,0.0,0.0,0.0,0.0
IQ,19,0,74,0.0,0.0,0.0,0.0
IQ,19,0,75,0.0,0.0,0.0,0.0
IQ,19,0,76,0.0,0.0,0.0,0.0
CS,19,0,1,7.319,10.293,13.087,13,2270
IQ,20,0,2,-79.0,-36.0,-102.0,-19.0
IQ,20,0,3,-14.0,-90.0,-41.0,97.0
IQ,20,0,4,-28.0,-91.0,-6.0,107.0
IQ,20,0,5,97.0,-15.0,93.0,-53.0
IQ,20,0,6,65.0,72.0,-33.0,-103.0
IQ,20,0,7,32.0,-97.0,106.0,-27.0
IQ,20,0,8,-85.0,-63.0,90.0,61.0
IQ,20,0,9,92.0,12.0,-73.0,-81.0
IQ,20,0,10,-15.0,100.0,-32.0,103.0
IQ,20,0,11,-55.0,-75.0,59.0,-86.0
IQ,20,0,12,80.0,-52.0,-100.0,-18.0
IQ,20,0,13,87.0,-44.0,-87.0,37.0
IQ,20,0,14,4.0,85.0,88.0,37.0
IQ,20,0,15,0.0,0.0,0.0,0.0
IQ,20,0,16,-2.0,75.0,71.0,-46.0
IQ,20,0,17,34.0,64.0,72.0,-33.0
IQ,20,0,18,0.0,0.0,0.0,0.0
IQ,20,0,19,-18.0,58.0,-27.0,-64.0
IQ,20,0,20,-66.0,-12.0,-49.0,41.0
IQ,20,0,21,38.0,42.0,-6.0,-62.0
IQ,20,0,22,39.0,-32.0,50.0,-28.0
IQ,20,0,23,0.0,0.0,0.0,0.0
IQ,20,0,24,0.0,0.0,0.0,0.0
IQ,20,0,25,0.0,0.0,0.0,0.0
IQ,20,0,26,26.0,29.0,-36.0,20.0
IQ,20,0,27,10.0,-35.0,-7.0,-38.0
IQ,20,0,28,28.0,-11.0,-34.0,6.0
IQ,20,0,29,24.0,11.0,-11.0,26.0
IQ,20,0,30,0.0,0.0,0.0,0.0
IQ,20,0,31,0.0,0.0,0.0,0.0
IQ,20,0,32,0.0,0.0,0.0,0.0
IQ,20,0,33,0.0,0.0,0.0,0.0
IQ,20,0,34,0.0,0.0,0.0,0.0
IQ,20,0,35,0.0,0.0,0.0,0.0
IQ,20,0,36,1.0,-22.0,22.0,-3.0
IQ,20,0,37,-4.0,30.0,-19.0,23.0
IQ,20,0,38,0.0,0.0,0.0,0.0
IQ,20,0,39,0.0,0.0,0.0,0.0
IQ,20,0,40,-47.0,-4.0,26.0,-38.0
IQ,20,0,41,-41.0,-31.0,-24.0,-45.0
IQ,20,0,42,61.0,-2.0,9.0,51.0
IQ,20,0,43,-26.0,-49.0,-50.0,19.0
IQ,20,0,44,0.0,0.0,0.0,0.0
IQ,20,0,45,-4.0,-61.0,9.0,55.0
IQ,20,0,46,44.0,-40.0,56.0,-1.0
IQ,20,0,47,27.0,48.0,-41.0,-41.0
IQ,20,0,48,-16.0,-59.0,53.0,3.0
IQ,20,0,49,-16.0,-56.0,50.0,-19.0
IQ,20,0,50,53.0,25.0,-54.0,-5.0
IQ,20,0,51,-48.0,32.0,44.0,30.0
IQ,20,0,52,23.0,-55.0,-37.0,-40.0
IQ,20,0,53,24.0,-56.0,-50.0,-10.0
IQ,20,0,54,-38.0,-44.0,-31.0,-39.0
IQ,20,0,55,15.0,-51.0,-34.0,33.0
IQ,20,0,56,37.0,43.0,50.0,-11.0
IQ,20,0,57,-43.0,23.0,-37.0,-28.0
IQ,20,0,58,4.0,49.0,-13.0,-40.0
IQ,20,0,59,28.0,-24.0,38.0,-10.0
IQ,20,0,60,-31.0,28.0,-21.0,25.0
IQ,20,0,61,0.0,0.0,0.0,0.0
IQ,20,0,62,-31.0,3.0,21.0,13.0
IQ,20,0,63,-22.0,6.0,21.0,3.0
IQ,20,0,64,14.0,-14.0,-15.0,-6.0
IQ,20,0,65,0.0,0.0,0.0,0.0
IQ,20,0,66,0.0,0.0,0.0,0.0
IQ,20,0,67,0.0,0.0,0.0,0.0
IQ,20,0,68,0.0,0.0,0.0,0.0
IQ,20,0,69,0.0,0.0,0.0,0.0
IQ,20,0,70,0.0,0.0,0.0,0.0
IQ,20,0,71,0.0,0.0,0.0,0.0
IQ,20,0,72,0.0,0.0,0.0,0.0
IQ,20,0,73,0.0,0.0,0.0,0.0
IQ,20,0,74,0.0,0.0,0.0,0.0
IQ,20,0,75,0.0,0.0,0.0,0.0
IQ,20,0,76,0.0,0.0,0.0,0.0
CS,20,0,1,7.612,10.046,10.673,10,1424
IQ,21,0,2,-61.0,-64.0,-101.0,-2.0
IQ,21,0,3,-88.0,-6.0,-99.0,-31.0
IQ,21,0,4,91.0,22.0,104.0,-24.0
IQ,21,0,5,2.0,98.0,-36.0,-103.0
IQ,21,0,6,-50.0,82.0,-108.0,-23.0
IQ,21,0,7,40.0,88.0,-74.0,-83.0
IQ,21,0,8,-87.0,46.0,-49.0,100.0
IQ,21,0,9,66.0,-73.0,35.0,-103.0
IQ,21,0,10,-82.0,-49.0,110.0,12.0
IQ,21,0,11,68.0,69.0,-91.0,52.0
IQ,21,0,12,41.0,-82.0,-68.0,-77.0
IQ,21,0,13,0.0,0.0,0.0,0.0
IQ,21,0,14,-46.0,74.0,93.0,1.0
IQ,21,0,15,-4.0,82.0,90.0,5.0
IQ,21,0,16,-79.0,-17.0,-46.0,-72.0
IQ,21,0,17,0.0,0.0,0.0,0.0
IQ,21,0,18,0.0,0.0,0.0,0.0
IQ,21,0,19,-40.0,52.0,-38.0,-61.0
IQ,21,0,20,0.0,0.0,0.0,0.0
IQ,21,0,21,-48.0,31.0,-61.0,0.0
IQ,21,0,22,0.0,0.0,0.0,0.0
IQ,21,0,23,0.0,0.0,0.0,0.0
IQ,21,0,24,0.0,0.0,0.0,0.0
IQ,21,0,25,0.0,0.0,0.0,0.0
IQ,21,0,26,0.0,0.0,0.0,0.0
IQ,21,0,27,0.0,0.0,0.0,0.0
IQ,21,0,28,18.0,28.0,-17.0,31.0
IQ,21,0,29,-8.0,25.0,25.0,17.0
IQ,21,0,30,14.0,13.0,1.0,26.0
IQ,21,0,31,-6.0,17.0,15.0,-2.0
IQ,21,0,32,0.0,0.0,0.0,0.0
IQ,21,0,33,0.0,0.0,0.0,0.0
IQ,21,0,34,0.0,0.0,0.0,0.0
IQ,21,0,35,0.0,0.0,0.0,0.0
IQ,21,0,36,24.0,5.0,-6.0,-22.0
IQ,21,0,37,14.0,26.0,-28.0,1.0
IQ,21,0,38,37.0,-5.0,-26.0,-26.0
IQ,21,0,39,34.0,-29.0,-36.0,-20.0
IQ,21,0,40,21.0,-44.0,-43.0,-24.0
IQ,21,0,41,52.0,-6.0,-24.0,42.0
IQ,21,0,42,56.0,-6.0,0.0,53.0
IQ,21,0,43,0.0,0.0,0.0,0.0
IQ,21,0,44,28.0,-49.0,2.0,55.0
IQ,21,0,45,46.0,-36.0,44.0,33.0
IQ,21,0,46,16.0,57.0,-8.0,-56.0
IQ,21,0,47,-50.0,-35.0,2.0,54.0
IQ,21,0,48,48.0,31.0,-22.0,-49.0
IQ,21,0,49,53.0,30.0,-40.0,-35.0
IQ,21,0,50,58.0,-8.0,-30.0,-45.0
IQ,21,0,51,-50.0,-22.0,54.0,-5.0
IQ,21,0,52,-38.0,-48.0,30.0,-45.0
IQ,21,0,53,25.0,50.0,6.0,53.0
IQ,21,0,54,54.0,-26.0,-40.0,33.0
IQ,21,0,55,16.0,53.0,49.0,17.0
IQ,21,0,56,0.0,0.0,0.0,0.0
IQ,21,0,57,0.0,0.0,0.0,0.0
IQ,21,0,58,-49.0,-12.0,-39.0,17.0
IQ,21,0,59,-20.0,40.0,-34.0,-23.0
IQ,21,0,60,-4.0,-36.0,31.0,13.0
IQ,21,0,61,0.0,0.0,0.0,0.0
IQ,21,0,62,-24.0,15.0,7.0,20.0
IQ,21,0,63,0.0,0.0,0.0,0.0
IQ,21,0,64,0.0,0.0,0.0,0.0
IQ,21,0,65,0.0,0.0,0.0,0.0
IQ,21,0,66,0.0,0.0,0.0,0.0
IQ,21,0,67,0.0,0.0,0.0,0.0
IQ,21,0,68,0.0,0.0,0.0,0.0
IQ,21,0,69,0.0,0.0,0.0,0.0
IQ,21,0,70,0.0,0.0,0.0,0.0
IQ,21,0,71,0.0,0.0,0.0,0.0
IQ,21,0,72,0.0,0.0,0.0,0.0
IQ,21,0,73,0.0,0.0,0.0,0.0
IQ,21,0,74,0.0,0.0,0.0,0.0
IQ,21,0,75,0.0,0.0,0.0,0.0
IQ,21,0,76,0.0,0.0,0.0,0.0
CS,21,0,1,7.319,10.303,11.271,13,1955
IQ,22,0,2,47.0,-78.0,-2.0,99.0
IQ,22,0,3,65.0,-63.0,66.0,84.0
IQ,22,0,4,51.0,80.0,35.0,-101.0
IQ,22,0,5,-88.0,41.0,-107.0,26.0
IQ,22,0,6,93.0,33.0,9.0,-110.0
IQ,22,0,7,-98.0,16.0,-29.0,105.0
IQ,22,0,8,31.0,-94.0,89.0,-63.0
IQ,22,0,9,20.0,-101.0,67.0,-91.0
IQ,22,0,10,75.0,-59.0,-55.0,-94.0
IQ,22,0,11,-96.0,12.0,105.0,2.0
IQ,22,0,12,18.0,-95.0,-58.0,-84.0
IQ,22,0,13,3.0,89.0,77.0,59.0
IQ,22,0,14,-85.0,8.0,27.0,-93.0
IQ,22,0,15,-83.0,5.0,-13.0,-89.0
IQ,22,0,16,-33.0,73.0,57.0,-62.0
IQ,22,0,17,-56.0,-47.0,-77.0,7.0
IQ,22,0,18,-32.0,-61.0,-46.0,53.0
IQ,22,0,19,64.0,-3.0,64.0,-17.0
IQ,22,0,20,52.0,-28.0,60.0,-9.0
IQ,22,0,21,-3.0,58.0,-49.0,-32.0
IQ,22,0,22,47.0,20.0,-1.0,-57.0
IQ,22,0,23,0.0,0.0,0.0,0.0
IQ,22,0,24,0.0,0.0,0.0,0.0
IQ,22,0,25,0.0,0.0,0.0,0.0
IQ,22,0,26,35.0,17.0,-40.0,5.0
IQ,22,0,27,33.0,13.0,-36.0,15.0
IQ,22,0,28,17.0,26.0,3.0,34.0
IQ,22,0,29,5.0,27.0,21.0,16.0
IQ,22,0,30,-13.0,-16.0,-16.0,-14.0
IQ,22,0,31,0.0,0.0,0.0,0.0
IQ,22,0,32,0.0,0.0,0.0,0.0
IQ,22,0,33,0.0,0.0,0.0,0.0
IQ,22,0,34,0.0,0.0,0.0,0.0
IQ,22,0,35,-4.0,16.0,-17.0,2.0
IQ,22,0,36,5.0,-20.0,17.0,-14.0
IQ,22,0,37,16.0,29.0,-29.0,7.0
IQ,22,0,38,34.0,14.0,-35.0,2.0
IQ,22,0,39,0.0,0.0,0.0,0.0
IQ,22,0,40,-3.0,-49.0,-34.0,-31.0
IQ,22,0,41,42.0,31.0,26.0,41.0
IQ,22,0,42,51.0,19.0,37.0,38.0
IQ,22,0,43,3.0,-59.0,-35.0,39.0
IQ,22,0,44,52.0,20.0,51.0,-5.0
IQ,22,0,45,-26.0,-53.0,-6.0,54.0
IQ,22,0,46,-44.0,39.0,-55.0,2.0
IQ,22,0,47,-48.0,-34.0,16.0,54.0
IQ,22,0,48,0.0,0.0,0.0,0.0
IQ,22,0,49,-43.0,42.0,-9.0,53.0
IQ,22,0,50,-32.0,-46.0,50.0,-20.0
IQ,22,0,51,-39.0,44.0,30.0,44.0
IQ,22,0,52,57.0,-19.0,-52.0,7.0
IQ,22,0,53,3.0,-57.0,-40.0,-33.0
IQ,22,0,54,4.0,-57.0,-52.0,0.0
IQ,22,0,55,12.0,53.0,48.0,-7.0
IQ,22,0,56,44.0,30.0,47.0,0.0
IQ,22,0,57,48.0,11.0,40.0,-7.0
IQ,22,0,58,-25.0,-42.0,-1.0,39.0
IQ,22,0,59,-28.0,33.0,-38.0,1.0
IQ,22,0,60,13.0,38.0,-32.0,-10.0
IQ,22,0,61,-29.0,-12.0,24.0,17.0
IQ,22,0,62,17.0,-24.0,2.0,-26.0
IQ,22,0,63,-6.0,-24.0,-1.0,-21.0
IQ,22,0,64,19.0,7.0,-14.0,10.0
IQ,22,0,65,0.0,0.0,0.0,0.0
IQ,22,0,66,0.0,0.0,0.0,0.0
IQ,22,0,67,0.0,0.0,0.0,0.0
IQ,22,0,68,0.0,0.0,0.0,0.0
IQ,22,0,69,0.0,0.0,0.0,0.0
IQ,22,0,70,0.0,0.0,0.0,0.0
IQ,22,0,71,0.0,0.0,0.0,0.0
IQ,22,0,72,0.0,0.0,0.0,0.0
IQ,22,0,73,0.0,0.0,0.0,0.0
IQ,22,0,74,0.0,0.0,0.0,0.0
IQ,22,0,75,0.0,0.0,0.0,0.0
IQ,22,0,76,0.0,0.0,0.0,0.0
CS,22,0,1,7.319,10.074,10.695,13,1855
IQ,25,0,2,-28.0,86.0,-46.0,88.0
IQ,25,0,3,26.0,91.0,-62.0,84.0
IQ,25,0,4,58.0,-74.0,-73.0,-80.0
IQ,25,0,5,27.0,93.0,14.0,108.0
IQ,25,0,6,93.0,-24.0,-90.0,62.0
IQ,25,0,7,18.0,96.0,101.0,48.0
IQ,25,0,8,-47.0,-90.0,-103.0,-39.0
IQ,25,0,9,-88.0,-45.0,-84.0,-69.0
IQ,25,0,10,68.0,70.0,107.0,-17.0
IQ,25,0,11,97.0,6.0,105.0,15.0
IQ,25,0,12,23.0,-92.0,55.0,86.0
IQ,25,0,13,-43.0,-75.0,14.0,98.0
IQ,25,0,14,55.0,65.0,-37.0,-89.0
IQ,25,0,15,-24.0,79.0,-87.0,18.0
IQ,25,0,16,-69.0,34.0,-5.0,84.0
IQ,25,0,17,65.0,-32.0,-16.0,-80.0
IQ,25,0,18,43.0,-54.0,-18.0,-70.0
IQ,25,0,19,-64.0,9.0,67.0,11.0
IQ,25,0,20,-62.0,12.0,62.0,-5.0
IQ,25,0,21,-54.0,-16.0,31.0,-53.0
IQ,25,0,22,47.0,-25.0,-51.0,27.0
IQ,25,0,23,0.0,0.0,0.0,0.0
IQ,25,0,24,0.0,0.0,0.0,0.0
IQ,25,0,25,0.0,0.0,0.0,0.0
IQ,25,0,26,19.0,33.0,37.0,-16.0
IQ,25,0,27,-37.0,13.0,-34.0,-17.0
IQ,25,0,28,-33.0,-8.0,-29.0,15.0
IQ,25,0,29,-23.0,-15.0,-9.0,25.0
IQ,25,0,30,0.0,0.0,0.0,0.0
IQ,25,0,31,0.0,0.0,0.0,0.0
IQ,25,0,32,0.0,0.0,0.0,0.0
IQ,25,0,33,0.0,0.0,0.0,0.0
IQ,25,0,34,0.0,0.0,0.0,0.0
IQ,25,0,35,6.0,-15.0,-18.0,-1.0
IQ,25,0,36,7.0,19.0,23.0,4.0
IQ,25,0,37,16.0,-25.0,-14.0,27.0
IQ,25,0,38,22.0,-32.0,-1.0,36.0
IQ,25,0,39,38.0,-22.0,39.0,16.0
IQ,25,0,40,-25.0,41.0,-42.0,-23.0
IQ,25,0,41,-43.0,-30.0,8.0,50.0
IQ,25,0,42,-9.0,-51.0,51.0,3.0
IQ,25,0,43,-60.0,-11.0,37.0,34.0
IQ,25,0,44,-37.0,46.0,12.0,54.0
IQ,25,0,45,-1.0,-59.0,-7.0,-55.0
IQ,25,0,46,-22.0,54.0,40.0,35.0
IQ,25,0,47,18.0,58.0,34.0,41.0
IQ,25,0,48,-49.0,29.0,37.0,-40.0
IQ,25,0,49,5.0,-58.0,-49.0,19.0
IQ,25,0,50,-18.0,55.0,26.0,-46.0
IQ,25,0,51,-52.0,-22.0,-52.0,12.0
IQ,25,0,52,16.0,-55.0,20.0,49.0
IQ,25,0,53,0.0,0.0,0.0,0.0
IQ,25,0,54,23.0,-47.0,52.0,2.0
IQ,25,0,55,12.0,-53.0,48.0,-16.0
IQ,25,0,56,49.0,-22.0,-9.0,-44.0
IQ,25,0,57,-30.0,40.0,8.0,44.0
IQ,25,0,58,29.0,33.0,-25.0,34.0
IQ,25,0,59,-7.0,-42.0,-19.0,-31.0
IQ,25,0,60,34.0,5.0,-5.0,33.0
IQ,25,0,61,-10.0,33.0,25.0,-17.0
IQ,25,0,62,0.0,0.0,0.0,0.0
IQ,25,0,63,16.0,19.0,17.0,-11.0
IQ,25,0,64,-9.0,-19.0,-6.0,16.0
IQ,25,0,65,0.0,0.0,0.0,0.0
IQ,25,0,66,0.0,0.0,0.0,0.0
IQ,25,0,67,0.0,0.0,0.0,0.0
IQ,25,0,68,0.0,0.0,0.0,0.0
IQ,25,0,69,0.0,0.0,0.0,0.0
IQ,25,0,70,0.0,0.0,0.0,0.0
IQ,25,0,71,0.0,0.0,0.0,0.0
IQ,25,0,72,0.0,0.0,0.0,0.0
IQ,25,0,73,0.0,0.0,0.0,0.0
IQ,25,0,74,0.0,0.0,0.0,0.0
IQ,25,0,75,0.0,0.0,0.0,0.0
IQ,25,0,76,0.0,0.0,0.0,0.0
CS,25,0,1,7.319,10.066,9.069,15,1815
IQ,26,0,2,89.0,-15.0,27.0,100.0
IQ,26,0,3,0.0,0.0,0.0,0.0
IQ,26,0,4,-40.0,88.0,-20.0,-104.0
IQ,26,0,5,0.0,0.0,0.0,0.0
IQ,26,0,6,0.0,0.0,0.0,0.0
IQ,26,0,7,-1.0,-102.0,92.0,62.0
IQ,26,0,8,96.0,21.0,-2.0,-112.0
IQ,26,0,9,0.0,0.0,0.0,0.0
IQ,26,0,10,0.0,0.0,0.0,0.0
IQ,26,0,11,-38.0,-89.0,82.0,-64.0
IQ,26,0,12,3.0,-94.0,3.0,-103.0
IQ,26,0,13,0.0,0.0,0.0,0.0
IQ,26,0,14,89.0,14.0,-56.0,78.0
IQ,26,0,15,37.0,-76.0,-90.0,15.0
IQ,26,0,16,-25.0,-76.0,-81.0,-22.0
IQ,26,0,17,0.0,0.0,0.0,0.0
IQ,26,0,18,-17.0,-68.0,-59.0,45.0
IQ,26,0,19,-14.0,61.0,4.0,-70.0
IQ,26,0,20,24.0,-51.0,29.0,56.0
IQ,26,0,21,-33.0,-47.0,-17.0,58.0
IQ,26,0,22,27.0,-44.0,54.0,17.0
IQ,26,0,23,0.0,0.0,0.0,0.0
IQ,26,0,24,0.0,0.0,0.0,0.0
IQ,26,0,25,0.0,0.0,0.0,0.0
IQ,26,0,26,0.0,0.0,0.0,0.0
IQ,26,0,27,0.0,0.0,0.0,0.0
IQ,26,0,28,9.0,29.0,-12.0,27.0
IQ,26,0,29,0.0,0.0,0.0,0.0
IQ,26,0,30,-27.0,22.0,1.0,27.0
IQ,26,0,31,0.0,0.0,0.0,0.0
IQ,26,0,32,0.0,0.0,0.0,0.0
IQ,26,0,33,0.0,0.0,0.0,0.0
IQ,26,0,34,0.0,0.0,0.0,0.0
IQ,26,0,35,18.0,1.0,11.0,-15.0
IQ,26,0,36,21.0,16.0,-11.0,-23.0
IQ,26,0,37,16.0,29.0,-32.0,-4.0
IQ,26,0,38,32.0,-13.0,-12.0,-30.0
IQ,26,0,39,-38.0,21.0,33.0,24.0
IQ,26,0,40,-47.0,2.0,45.0,-9.0
IQ,26,0,41,13.0,-50.0,-44.0,-23.0
IQ,26,0,42,54.0,-4.0,-16.0,51.0
IQ,26,0,43,47.0,31.0,42.0,36.0
IQ,26,0,44,-17.0,56.0,24.0,-50.0
IQ,26,0,45,-55.0,13.0,-52.0,-26.0
IQ,26,0,46,45.0,40.0,30.0,-49.0
IQ,26,0,47,-35.0,-47.0,-4.0,54.0
IQ,26,0,48,40.0,44.0,-23.0,-51.0
IQ,26,0,49,8.0,-58.0,52.0,-8.0
IQ,26,0,50,-47.0,33.0,-7.0,53.0
IQ,26,0,51,57.0,1.0,-47.0,-31.0
IQ,26,0,52,43.0,-40.0,-34.0,-39.0
IQ,26,0,53,57.0,-16.0,-53.0,4.0
IQ,26,0,54,53.0,-14.0,-46.0,21.0
IQ,26,0,55,-44.0,36.0,40.0,-29.0
IQ,26,0,56,14.0,49.0,44.0,-3.0
IQ,26,0,57,-50.0,0.0,-33.0,-32.0
IQ,26,0,58,-48.0,2.0,-39.0,-11.0
IQ,26,0,59,36.0,20.0,22.0,-31.0
IQ,26,0,60,33.0,-23.0,26.0,-17.0
IQ,26,0,61,20.0,-23.0,24.0,-15.0
IQ,26,0,62,-32.0,9.0,13.0,23.0
IQ,26,0,63,0.0,0.0,0.0,0.0
IQ,26,0,64,0.0,0.0,0.0,0.0
IQ,26,0,65,7.0,-15.0,-14.0,-4.0
IQ,26,0,66,0.0,0.0,0.0,0.0
IQ,26,0,67,0.0,0.0,0.0,0.0
IQ,26,0,68,0.0,0.0,0.0,0.0
IQ,26,0,69,0.0,0.0,0.0,0.0
IQ,26,0,70,0.0,0.0,0.0,0.0
IQ,26,0,71,0.0,0.0,0.0,0.0
IQ,26,0,72,0.0,0.0,0.0,0.0
IQ,26,0,73,0.0,0.0,0.0,0.0
IQ,26,0,74,0.0,0.0,0.0,0.0
IQ,26,0,75,0.0,0.0,0.0,0.0
IQ,26,0,76,0.0,0.0,0.0,0.0
CS,26,0,1,4.977,10.333,10.387,12,1663
IQ,27,0,2,28.0,87.0,94.0,-38.0
IQ,27,0,3,-75.0,-59.0,-98.0,28.0
IQ,27,0,4,-68.0,67.0,-66.0,-86.0
IQ,27,0,5,82.0,-55.0,105.0,22.0
IQ,27,0,6,31.0,-93.0,92.0,56.0
IQ,27,0,7,0.0,0.0,0.0,0.0
IQ,27,0,8,-22.0,-100.0,107.0,33.0
IQ,27,0,9,90.0,-33.0,-5.0,-109.0
IQ,27,0,10,-94.0,27.0,55.0,91.0
IQ,27,0,11,-47.0,85.0,26.0,98.0
IQ,27,0,12,98.0,12.0,-97.0,27.0
IQ,27,0,13,69.0,-60.0,-95.0,-23.0
IQ,27,0,14,-78.0,34.0,77.0,-57.0
IQ,27,0,15,70.0,43.0,37.0,80.0
IQ,27,0,16,37.0,70.0,83.0,27.0
IQ,27,0,17,-9.0,72.0,49.0,-59.0
IQ,27,0,18,-63.0,-33.0,-75.0,1.0
IQ,27,0,19,21.0,-59.0,15.0,66.0
IQ,27,0,20,-48.0,36.0,-59.0,-29.0
IQ,27,0,21,-43.0,41.0,-60.0,-13.0
IQ,27,0,22,-24.0,45.0,-56.0,-9.0
IQ,27,0,23,0.0,0.0,0.0,0.0
IQ,27,0,24,0.0,0.0,0.0,0.0
IQ,27,0,25,0.0,0.0,0.0,0.0
IQ,27,0,26,6.0,40.0,-33.0,22.0
IQ,27,0,27,32.0,-15.0,-27.0,-31.0
IQ,27,0,28,-33.0,-3.0,28.0,-9.0
IQ,27,0,29,28.0,-3.0,-25.0,11.0
IQ,27,0,30,20.0,-8.0,-16.0,16.0
IQ,27,0,31,15.0,2.0,-2.0,15.0
IQ,27,0,32,0.0,0.0,0.0,0.0
IQ,27,0,33,0.0,0.0,0.0,0.0
IQ,27,0,34,0.0,0.0,0.0,0.0
IQ,27,0,35,0.0,0.0,0.0,0.0
IQ,27,0,36,0.0,0.0,0.0,0.0
IQ,27,0,37,3.0,-27.0,26.0,-17.0
IQ,27,0,38,35.0,-16.0,-16.0,-32.0
IQ,27,0,39,-17.0,-38.0,17.0,-36.0
IQ,27,0,40,-1.0,47.0,24.0,32.0
IQ,27,0,41,15.0,48.0,37.0,31.0
IQ,27,0,42,4.0,56.0,50.0,7.0
IQ,27,0,43,-49.0,30.0,-3.0,-53.0
IQ,27,0,44,51.0,26.0,54.0,3.0
IQ,27,0,45,48.0,32.0,45.0,-27.0
IQ,27,0,46,57.0,-14.0,53.0,-12.0
IQ,27,0,47,51.0,-28.0,46.0,-29.0
IQ,27,0,48,19.0,55.0,-49.0,-31.0
IQ,27,0,49,-55.0,-19.0,32.0,44.0
IQ,27,0,50,23.0,-53.0,25.0,-46.0
IQ,27,0,51,35.0,46.0,-47.0,27.0
IQ,27,0,52,0.0,-59.0,-1.0,-53.0
IQ,27,0,53,48.0,-26.0,-53.0,1.0
IQ,27,0,54,-47.0,-32.0,-7.0,-51.0
IQ,27,0,55,-52.0,-20.0,-24.0,-42.0
IQ,27,0,56,-50.0,-11.0,-33.0,-33.0
IQ,27,0,57,-33.0,-39.0,-40.0,17.0
IQ,27,0,58,0.0,0.0,0.0,0.0
IQ,27,0,59,-26.0,34.0,-34.0,-9.0
IQ,27,0,60,-16.0,-32.0,21.0,25.0
IQ,27,0,61,-29.0,-14.0,15.0,25.0
IQ,27,0,62,23.0,17.0,-21.0,-6.0
IQ,27,0,63,0.0,0.0,0.0,0.0
IQ,27,0,64,11.0,-13.0,-14.0,-11.0
IQ,27,0,65,0.0,0.0,0.0,0.0
IQ,27,0,66,0.0,0.0,0.0,0.0
IQ,27,0,67,0.0,0.0,0.0,0.0
IQ,27,0,68,0.0,0.0,0.0,0.0
IQ,27,0,69,0.0,0.0,0.0,0.0
IQ,27,0,70,0.0,0.0,0.0,0.0
IQ,27,0,71,0.0,0.0,0.0,0.0
IQ,27,0,72,0.0,0.0,0.0,0.0
IQ,27,0,73,0.0,0.0,0.0,0.0
IQ,27,0,74,0.0,0.0,0.0,0.0
IQ,27,0,75,0.0,0.0,0.0,0.0
IQ,27,0,76,0.0,0.0,0.0,0.0
CS,27,0,1,7.319,10.170,12.353,11,1813
IQ,28,0,2,-45.0,76.0,-25.0,97.0
IQ,28,0,3,75.0,-54.0,-67.0,-81.0
IQ,28,0,4,79.0,-49.0,-96.0,-49.0
IQ,28,0,5,-90.0,-34.0,72.0,-82.0
IQ,28,0,6,96.0,16.0,-52.0,98.0
IQ,28,0,7,-58.0,77.0,105.0,-43.0
IQ,28,0,8,44.0,88.0,104.0,37.0
IQ,28,0,9,34.0,-90.0,-65.0,87.0
IQ,28,0,10,-62.0,75.0,-9.0,-106.0
IQ,28,0,11,-22.0,-93.0,-42.0,97.0
IQ,28,0,12,-88.0,-25.0,-83.0,57.0
IQ,28,0,13,65.0,-66.0,99.0,7.0
IQ,28,0,14,77.0,-41.0,65.0,-68.0
IQ,28,0,15,-78.0,-32.0,31.0,83.0
IQ,28,0,16,42.0,-64.0,46.0,-71.0
IQ,28,0,17,2.0,-74.0,59.0,-53.0
IQ,28,0,18,68.0,-14.0,-59.0,-43.0
IQ,28,0,19,22.0,-60.0,-28.0,-64.0
IQ,28,0,20,-54.0,31.0,61.0,11.0
IQ,28,0,21,-48.0,-36.0,9.0,-59.0
IQ,28,0,22,-28.0,44.0,53.0,-12.0
IQ,28,0,23,0.0,0.0,0.0,0.0
IQ,28,0,24,0.0,0.0,0.0,0.0
IQ,28,0,25,0.0,0.0,0.0,0.0
IQ,28,0,26,-1.0,31.0,21.0,-34.0
IQ,28,0,27,17.0,24.0,23.0,-28.0
IQ,28,0,28,9.0,30.0,-5.0,-33.0
IQ,28,0,29,25.0,12.0,7.0,-27.0
IQ,28,0,30,-7.0,-23.0,21.0,15.0
IQ,28,0,31,0.0,0.0,0.0,0.0
IQ,28,0,32,0.0,0.0,0.0,0.0
IQ,28,0,33,0.0,0.0,0.0,0.0
IQ,28,0,34,0.0,0.0,0.0,0.0
IQ,28,0,35,0.0,0.0,0.0,0.0
IQ,28,0,36,1.0,-26.0,-21.0,-1.0
IQ,28,0,37,7.0,-29.0,-22.0,23.0
IQ,28,0,38,-18.0,33.0,-6.0,-35.0
IQ,28,0,39,-35.0,-25.0,-27.0,32.0
IQ,28,0,40,-44.0,-12.0,-32.0,32.0
IQ,28,0,41,-20.0,49.0,-50.0,6.0
IQ,28,0,42,54.0,-8.0,2.0,-54.0
IQ,28,0,43,-26.0,50.0,-19.0,50.0
IQ,28,0,44,47.0,37.0,-56.0,8.0
IQ,28,0,45,-56.0,24.0,53.0,17.0
IQ,28,0,46,-41.0,39.0,54.0,12.0
IQ,28,0,47,-36.0,-47.0,-23.0,-52.0
IQ,28,0,48,-43.0,-39.0,-28.0,-45.0
IQ,28,0,49,-10.0,58.0,46.0,-29.0
IQ,28,0,50,45.0,36.0,54.0,5.0
IQ,28,0,51,-60.0,-16.0,-56.0,-2.0
IQ,28,0,52,-56.0,-27.0,-41.0,33.0
IQ,28,0,53,-60.0,5.0,-44.0,24.0
IQ,28,0,54,-40.0,41.0,-49.0,18.0
IQ,28,0,55,47.0,-26.0,16.0,-45.0
IQ,28,0,56,53.0,-5.0,-26.0,-43.0
IQ,28,0,57,-10.0,-48.0,22.0,-38.0
IQ,28,0,58,-7.0,-48.0,3.0,-41.0
IQ,28,0,59,0.0,0.0,0.0,0.0
IQ,28,0,60,23.0,-32.0,-31.0,7.0
IQ,28,0,61,0.0,0.0,0.0,0.0
IQ,28,0,62,-31.0,17.0,-6.0,-23.0
IQ,28,0,63,0.0,0.0,0.0,0.0
IQ,28,0,64,0.0,0.0,0.0,0.0
IQ,28,0,65,0.0,0.0,0.0,0.0
IQ,28,0,66,0.0,0.0,0.0,0.0
IQ,28,0,67,0.0,0.0,0.0,0.0
IQ,28,0,68,0.0,0.0,0.0,0.0
IQ,28,0,69,0.0,0.0,0.0,0.0
IQ,28,0,70,0.0,0.0,0.0,0.0
IQ,28,0,71,0.0,0.0,0.0,0.0
IQ,28,0,72,0.0,0.0,0.0,0.0
IQ,28,0,73,0.0,0.0,0.0,0.0
IQ,28,0,74,0.0,0.0,0.0,0.0
IQ,28,0,75,0.0,0.0,0.0,0.0
IQ,28,0,76,0.0,0.0,0.0,0.0
CS,28,0,1,7.319,10.164,7.289,12,1167
IQ,29,0,2,-80.0,36.0,-65.0,-81.0
IQ,29,0,3,83.0,-38.0,94.0,41.0
IQ,29,0,4,-75.0,59.0,-102.0,-27.0
IQ,29,0,5,-94.0,23.0,-88.0,62.0
IQ,29,0,6,43.0,89.0,-83.0,-73.0
IQ,29,0,7,-69.0,-73.0,89.0,66.0
IQ,29,0,8,0.0,0.0,0.0,0.0
IQ,29,0,9,0.0,0.0,0.0,0.0
IQ,29,0,10,11.0,-98.0,7.0,-107.0
IQ,29,0,11,0.0,0.0,0.0,0.0
IQ,29,0,12,-77.0,-47.0,38.0,-94.0
IQ,29,0,13,-84.0,29.0,67.0,-68.0
IQ,29,0,14,82.0,-30.0,-38.0,88.0
IQ,29,0,15,52.0,-66.0,-42.0,79.0
IQ,29,0,16,-67.0,-42.0,-80.0,-18.0
IQ,29,0,17,68.0,20.0,81.0,11.0
IQ,29,0,18,32.0,-62.0,28.0,65.0
IQ,29,0,19,-25.0,-60.0,-1.0,68.0
IQ,29,0,20,58.0,-13.0,55.0,-35.0
IQ,29,0,21,31.0,-46.0,58.0,-11.0
IQ,29,0,22,-5.0,52.0,-54.0,-5.0
IQ,29,0,23,0.0,0.0,0.0,0.0
IQ,29,0,24,0.0,0.0,0.0,0.0
IQ,29,0,25,0.0,0.0,0.0,0.0
IQ,29,0,26,-18.0,36.0,11.0,41.0
IQ,29,0,27,11.0,-33.0,-18.0,-35.0
IQ,29,0,28,26.0,15.0,-15.0,28.0
IQ,29,0,29,-4.0,-25.0,-26.0,-5.0
IQ,29,0,30,5.0,-20.0,-21.0,12.0
IQ,29,0,31,4.0,16.0,15.0,-5.0
IQ,29,0,32,0.0,0.0,0.0,0.0
IQ,29,0,33,0.0,0.0,0.0,0.0
IQ,29,0,34,0.0,0.0,0.0,0.0
IQ,29,0,35,0.0,0.0,0.0,0.0
IQ,29,0,36,-9.0,-23.0,23.0,-6.0
IQ,29,0,37,29.0,8.0,-27.0,-12.0
IQ,29,0,38,9.0,37.0,-7.0,35.0
IQ,29,0,39,26.0,-36.0,-40.0,-15.0
IQ,29,0,40,-42.0,27.0,38.0,-26.0
IQ,29,0,41,-44.0,24.0,28.0,-41.0
IQ,29,0,42,-43.0,-39.0,-52.0,-13.0
IQ,29,0,43,-13.0,-54.0,-40.0,36.0
IQ,29,0,44,49.0,-41.0,42.0,36.0
IQ,29,0,45,-4.0,-59.0,20.0,50.0
IQ,29,0,46,57.0,-16.0,40.0,-38.0
IQ,29,0,47,60.0,3.0,4.0,-57.0
IQ,29,0,48,50.0,-34.0,13.0,-51.0
IQ,29,0,49,-33.0,48.0,-13.0,57.0
IQ,29,0,50,-34.0,-45.0,45.0,-28.0
IQ,29,0,51,13.0,55.0,-2.0,52.0
IQ,29,0,52,60.0,-13.0,-51.0,15.0
IQ,29,0,53,-10.0,-58.0,-43.0,-30.0
IQ,29,0,54,6.0,-60.0,-52.0,3.0
IQ,29,0,55,-51.0,21.0,-11.0,-47.0
IQ,29,0,56,-33.0,-42.0,-42.0,20.0
IQ,29,0,57,34.0,-38.0,37.0,26.0
IQ,29,0,58,-46.0,11.0,-38.0,15.0
IQ,29,0,59,43.0,25.0,-10.0,-31.0
IQ,29,0,60,-36.0,-18.0,22.0,24.0
IQ,29,0,61,0.0,0.0,0.0,0.0
IQ,29,0,62,21.0,17.0,-20.0,13.0
IQ,29,0,63,0.0,0.0,0.0,0.0
IQ,29,0,64,0.0,0.0,0.0,0.0
IQ,29,0,65,0.0,0.0,0.0,0.0
IQ,29,0,66,0.0,0.0,0.0,0.0
IQ,29,0,67,0.0,0.0,0.0,0.0
IQ,29,0,68,0.0,0.0,0.0,0.0
IQ,29,0,69,0.0,0.0,0.0,0.0
IQ,29,0,70,0.0,0.0,0.0,0.0
IQ,29,0,71,0.0,0.0,0.0,0.0
IQ,29,0,72,0.0,0.0,0.0,0.0
IQ,29,0,73,0.0,0.0,0.0,0.0
IQ,29,0,74,0.0,0.0,0.0,0.0
IQ,29,0,75,0.0,0.0,0.0,0.0
IQ,29,0,76,0.0,0.0,0.0,0.0
CS,29,0,1,5.270,10.394,9.737,12,1559
IQ,30,0,2,0.0,0.0,0.0,0.0
IQ,30,0,3,0.0,0.0,0.0,0.0
IQ,30,0,4,-93.0,-3.0,-103.0,28.0
IQ,30,0,5,-31.0,91.0,-95.0,-51.0
IQ,30,0,6,0.0,0.0,0.0,0.0
IQ,30,0,7,0.0,0.0,0.0,0.0
IQ,30,0,8,0.0,0.0,0.0,0.0
IQ,30,0,9,-101.0,12.0,67.0,87.0
IQ,30,0,10,75.0,64.0,-100.0,31.0
IQ,30,0,11,-97.0,-1.0,105.0,6.0
IQ,30,0,12,0.0,0.0,0.0,0.0
IQ,30,0,13,-71.0,56.0,95.0,-28.0
IQ,30,0,14,64.0,-56.0,-78.0,55.0
IQ,30,0,15,0.0,0.0,0.0,0.0
IQ,30,0,16,-10.0,79.0,59.0,-58.0
IQ,30,0,17,0.0,0.0,0.0,0.0
IQ,30,0,18,-9.0,-72.0,-20.0,71.0
IQ,30,0,19,0.0,0.0,0.0,0.0
IQ,30,0,20,-34.0,55.0,-57.0,-34.0
IQ,30,0,21,55.0,-12.0,43.0,-40.0
IQ,30,0,22,0.0,0.0,0.0,0.0
IQ,30,0,23,0.0,0.0,0.0,0.0
IQ,30,0,24,0.0,0.0,0.0,0.0
IQ,30,0,25,0.0,0.0,0.0,0.0
IQ,30,0,26,41.0,1.0,-38.0,-11.0
IQ,30,0,27,-4.0,36.0,4.0,37.0
IQ,30,0,28,-29.0,-13.0,16.0,-28.0
IQ,30,0,29,0.0,0.0,0.0,0.0
IQ,30,0,30,0.0,0.0,0.0,0.0
IQ,30,0,31,3.0,17.0,14.0,6.0
IQ,30,0,32,0.0,0.0,0.0,0.0
IQ,30,0,33,0.0,0.0,0.0,0.0
IQ,30,0,34,0.0,0.0,0.0,0.0
IQ,30,0,35,-3.0,18.0,-19.0,0.0
IQ,30,0,36,24.0,0.0,-4.0,-24.0
IQ,30,0,37,-14.0,28.0,-9.0,28.0
IQ,30,0,38,-27.0,26.0,19.0,28.0
IQ,30,0,39,2.0,42.0,13.0,38.0
IQ,30,0,40,45.0,9.0,-23.0,37.0
IQ,30,0,41,25.0,-47.0,-48.0,18.0
IQ,30,0,42,0.0,0.0,0.0,0.0
IQ,30,0,43,-54.0,-16.0,-47.0,-23.0
IQ,30,0,44,58.0,-21.0,44.0,29.0
IQ,30,0,45,57.0,-16.0,55.0,-4.0
IQ,30,0,46,-4.0,-59.0,36.0,39.0
IQ,30,0,47,-38.0,41.0,-48.0,27.0
IQ,30,0,48,48.0,30.0,-43.0,-38.0
IQ,30,0,49,-57.0,7.0,25.0,47.0
IQ,30,0,50,42.0,41.0,-53.0,12.0
IQ,30,0,51,-12.0,-58.0,12.0,-51.0
IQ,30,0,52,-32.0,-49.0,10.0,-52.0
IQ,30,0,53,4.0,60.0,39.0,34.0
IQ,30,0,54,10.0,-59.0,-52.0,1.0
IQ,30,0,55,-22.0,50.0,33.0,-34.0
IQ,30,0,56,10.0,53.0,36.0,-30.0
IQ,30,0,57,-52.0,6.0,-43.0,-13.0
IQ,30,0,58,9.0,-47.0,24.0,34.0
IQ,30,0,59,-42.0,-11.0,-15.0,34.0
IQ,30,0,60,-21.0,33.0,-29.0,15.0
IQ,30,0,61,-21.0,26.0,-16.0,23.0
IQ,30,0,62,19.0,-20.0,-4.0,-27.0
IQ,30,0,63,-23.0,8.0,19.0,10.0
IQ,30,0,64,0.0,0.0,0.0,0.0
IQ,30,0,65,0.0,0.0,0.0,0.0
IQ,30,0,66,0.0,0.0,0.0,0.0
IQ,30,0,67,0.0,0.0,0.0,0.0
IQ,30,0,68,0.0,0.0,0.0,0.0
IQ,30,0,69,0.0,0.0,0.0,0.0
IQ,30,0,70,0.0,0.0,0.0,0.0
IQ,30,0,71,0.0,0.0,0.0,0.0
IQ,30,0,72,0.0,0.0,0.0,0.0
IQ,30,0,73,0.0,0.0,0.0,0.0
IQ,30,0,74,0.0,0.0,0.0,0.0
IQ,30,0,75,0.0,0.0,0.0,0.0
IQ,30,0,76,0.0,0.0,0.0,0.0
CS,30,0,1,7.621,10.355,10.412,13,1806
IQ,31,0,2,-45.0,-75.0,-80.0,63.0
IQ,31,0,3,-10.0,-92.0,-7.0,102.0
IQ,31,0,4,64.0,-72.0,95.0,48.0
IQ,31,0,5,-31.0,-89.0,60.0,88.0
IQ,31,0,6,-36.0,89.0,-110.0,4.0
IQ,31,0,7,97.0,3.0,-6.0,-109.0
IQ,31,0,8,88.0,-41.0,0.0,-110.0
IQ,31,0,9,-71.0,66.0,19.0,107.0
IQ,31,0,10,94.0,-22.0,-103.0,-39.0
IQ,31,0,11,94.0,-20.0,-110.0,-1.0
IQ,31,0,12,40.0,82.0,19.0,101.0
IQ,31,0,13,-63.0,64.0,94.0,-30.0
IQ,31,0,14,-41.0,77.0,83.0,-41.0
IQ,31,0,15,-9.0,82.0,75.0,-48.0
IQ,31,0,16,-58.0,56.0,-1.0,-84.0
IQ,31,0,17,-66.0,-33.0,-80.0,3.0
IQ,31,0,18,-50.0,51.0,-50.0,-55.0
IQ,31,0,19,-3.0,63.0,-28.0,-65.0
IQ,31,0,20,56.0,11.0,42.0,-46.0
IQ,31,0,21,-39.0,40.0,-57.0,18.0
IQ,31,0,22,-13.0,53.0,-57.0,-4.0
IQ,31,0,23,0.0,0.0,0.0,0.0
IQ,31,0,24,0.0,0.0,0.0,0.0
IQ,31,0,25,0.0,0.0,0.0,0.0
IQ,31,0,26,40.0,-1.0,-37.0,-15.0
IQ,31,0,27,21.0,-31.0,-31.0,-22.0
IQ,31,0,28,-21.0,21.0,28.0,0.0
IQ,31,0,29,0.0,0.0,0.0,0.0
IQ,31,0,30,0.0,0.0,0.0,0.0
IQ,31,0,31,0.0,0.0,0.0,0.0
IQ,31,0,32,0.0,0.0,0.0,0.0
IQ,31,0,33,0.0,0.0,0.0,0.0
IQ,31,0,34,0.0,0.0,0.0,0.0
IQ,31,0,35,3.0,14.0,-15.0,-10.0
IQ,31,0,36,4.0,23.0,-24.0,7.0
IQ,31,0,37,-31.0,-7.0,27.0,11.0
IQ,31,0,38,-37.0,-12.0,37.0,-8.0
IQ,31,0,39,36.0,-23.0,-45.0,-2.0
IQ,31,0,40,10.0,48.0,33.0,31.0
IQ,31,0,41,40.0,26.0,25.0,42.0
IQ,31,0,42,-41.0,-36.0,-50.0,-17.0
IQ,31,0,43,0.0,0.0,0.0,0.0
IQ,31,0,44,61.0,15.0,52.0,-14.0
IQ,31,0,45,3.0,57.0,-18.0,-53.0
IQ,31,0,46,-41.0,40.0,-56.0,9.0
IQ,31,0,47,15.0,57.0,-52.0,-21.0
IQ,31,0,48,-11.0,-61.0,52.0,-8.0
IQ,31,0,49,-54.0,-23.0,51.0,19.0
IQ,31,0,50,-50.0,-28.0,52.0,-11.0
IQ,31,0,51,-19.0,58.0,29.0,46.0
IQ,31,0,52,-11.0,59.0,34.0,40.0
IQ,31,0,53,39.0,41.0,12.0,48.0
IQ,31,0,54,-54.0,13.0,13.0,-51.0
IQ,31,0,55,-46.0,-33.0,-48.0,-10.0
IQ,31,0,56,-19.0,-49.0,-35.0,30.0
IQ,31,0,57,46.0,-10.0,43.0,1.0
IQ,31,0,58,-46.0,-5.0,-29.0,29.0
IQ,31,0,59,-7.0,-45.0,30.0,18.0
IQ,31,0,60,-13.0,-35.0,30.0,6.0
IQ,31,0,61,-29.0,-16.0,28.0,10.0
IQ,31,0,62,13.0,22.0,-16.0,13.0
IQ,31,0,63,0.0,0.0,0.0,0.0
IQ,31,0,64,16.0,-14.0,-19.0,2.0
IQ,31,0,65,0.0,0.0,0.0,0.0
IQ,31,0,66,0.0,0.0,0.0,0.0
IQ,31,0,67,0.0,0.0,0.0,0.0
IQ,31,0,68,0.0,0.0,0.0,0.0
IQ,31,0,69,0.0,0.0,0.0,0.0
IQ,31,0,70,0.0,0.0,0.0,0.0
IQ,31,0,71,0.0,0.0,0.0,0.0
IQ,31,0,72,0.0,0.0,0.0,0.0
IQ,31,0,73,0.0,0.0,0.0,0.0
IQ,31,0,74,0.0,0.0,0.0,0.0
IQ,31,0,75,0.0,0.0,0.0,0.0
IQ,31,0,76,0.0,0.0,0.0,0.0
CS,31,0,1,7.749,10.061,11.363,13,1971
IQ,32,0,2,-88.0,7.0,-89.0,-52.0
IQ,32,0,3,80.0,-41.0,96.0,40.0
IQ,32,0,4,7.0,93.0,-30.0,-103.0
IQ,32,0,5,-60.0,75.0,-110.0,-12.0
IQ,32,0,6,-101.0,7.0,-47.0,99.0
IQ,32,0,7,9.0,98.0,-109.0,-6.0
IQ,32,0,8,-89.0,-41.0,81.0,73.0
IQ,32,0,9,-90.0,38.0,66.0,94.0
IQ,32,0,10,90.0,-22.0,-97.0,-43.0
IQ,32,0,11,-61.0,75.0,75.0,71.0
IQ,32,0,12,0.0,0.0,0.0,0.0
IQ,32,0,13,-37.0,-90.0,-63.0,-81.0
IQ,32,0,14,-78.0,29.0,41.0,-82.0
IQ,32,0,15,-61.0,62.0,34.0,-80.0
IQ,32,0,16,31.0,-70.0,-40.0,75.0
IQ,32,0,17,62.0,44.0,77.0,-11.0
IQ,32,0,18,-9.0,65.0,0.0,-76.0
IQ,32,0,19,-62.0,-18.0,-50.0,45.0
IQ,32,0,20,43.0,-42.0,61.0,3.0
IQ,32,0,21,-29.0,-48.0,32.0,49.0
IQ,32,0,22,29.0,-48.0,49.0,-23.0
IQ,32,0,23,0.0,0.0,0.0,0.0
IQ,32,0,24,0.0,0.0,0.0,0.0
IQ,32,0,25,0.0,0.0,0.0,0.0
IQ,32,0,26,15.0,36.0,-19.0,37.0
IQ,32,0,27,21.0,23.0,-17.0,29.0
IQ,32,0,28,-2.0,-34.0,-18.0,-27.0
IQ,32,0,29,-13.0,-26.0,-18.0,-23.0
IQ,32,0,30,-23.0,12.0,7.0,-13.0
IQ,32,0,31,13.0,7.0,15.0,5.0
IQ,32,0,32,0.0,0.0,0.0,0.0
IQ,32,0,33,0.0,0.0,0.0,0.0
IQ,32,0,34,0.0,0.0,0.0,0.0
IQ,32,0,35,-15.0,11.0,-11.0,15.0
IQ,32,0,36,21.0,-10.0,1.0,-23.0
IQ,32,0,37,13.0,27.0,-26.0,15.0
IQ,32,0,38,33.0,8.0,-36.0,-1.0
IQ,32,0,39,-40.0,-16.0,32.0,-27.0
IQ,32,0,40,-24.0,42.0,49.0,4.0
IQ,32,0,41,-48.0,-15.0,-14.0,-48.0
IQ,32,0,42,-53.0,-16.0,-33.0,-41.0
IQ,32,0,43,59.0,-9.0,41.0,35.0
IQ,32,0,44,-34.0,-50.0,-31.0,42.0
IQ,32,0,45,-46.0,40.0,-54.0,-17.0
IQ,32,0,46,-58.0,-20.0,-21.0,54.0
IQ,32,0,47,-49.0,34.0,-39.0,40.0
IQ,32,0,48,-55.0,20.0,-4.0,54.0
IQ,32,0,49,-4.0,-55.0,41.0,-32.0
IQ,32,0,50,25.0,53.0,-46.0,30.0
IQ,32,0,51,-57.0,-13.0,51.0,-18.0
IQ,32,0,52,-3.0,58.0,23.0,46.0
IQ,32,0,53,-43.0,-42.0,-12.0,-49.0
IQ,32,0,54,10.0,-57.0,-50.0,5.0
IQ,32,0,55,-51.0,18.0,-5.0,-52.0
IQ,32,0,56,31.0,-47.0,1.0,45.0
IQ,32,0,57,-52.0,-3.0,-44.0,-5.0
IQ,32,0,58,39.0,-30.0,37.0,9.0
IQ,32,0,59,26.0,33.0,-13.0,-35.0
IQ,32,0,60,13.0,36.0,-31.0,-8.0
IQ,32,0,61,10.0,31.0,-26.0,10.0
IQ,32,0,62,0.0,0.0,0.0,0.0
IQ,32,0,63,0.0,0.0,0.0,0.0
IQ,32,0,64,21.0,5.0,-9.0,13.0
IQ,32,0,65,0.0,0.0,0.0,0.0
IQ,32,0,66,0.0,0.0,0.0,0.0
IQ,32,0,67,0.0,0.0,0.0,0.0
IQ,32,0,68,0.0,0.0,0.0,0.0
IQ,32,0,69,0.0,0.0,0.0,0.0
IQ,32,0,70,0.0,0.0,0.0,0.0
IQ,32,0,71,0.0,0.0,0.0,0.0
IQ,32,0,72,0.0,0.0,0.0,0.0
IQ,32,0,73,0.0,0.0,0.0,0.0
IQ,32,0,74,0.0,0.0,0.0,0.0
IQ,32,0,75,0.0,0.0,0.0,0.0
IQ,32,0,76,0.0,0.0,0.0,0.0
CS,32,0,1,7.667,10.091,9.913,15,1984
IQ,33,0,2,-83.0,34.0,-54.0,-85.0
IQ,33,0,3,50.0,-76.0,39.0,98.0
IQ,33,0,4,-95.0,27.0,-103.0,-21.0
IQ,33,0,5,89.0,-41.0,109.0,-16.0
IQ,33,0,6,0.0,0.0,0.0,0.0
IQ,33,0,7,-70.0,-71.0,68.0,87.0
IQ,33,0,8,65.0,76.0,-100.0,-45.0
IQ,33,0,9,0.0,0.0,0.0,0.0
IQ,33,0,10,0.0,0.0,0.0,0.0
IQ,33,0,11,32.0,-91.0,-34.0,-101.0
IQ,33,0,12,0.0,0.0,0.0,0.0
IQ,33,0,13,-87.0,20.0,80.0,-54.0
IQ,33,0,14,0.0,0.0,0.0,0.0
IQ,33,0,15,-82.0,6.0,-3.0,-93.0
IQ,33,0,16,0.0,0.0,0.0,0.0
IQ,33,0,17,0.0,0.0,0.0,0.0
IQ,33,0,18,-28.0,60.0,-16.0,-74.0
IQ,33,0,19,-35.0,-58.0,-24.0,67.0
IQ,33,0,20,0.0,0.0,0.0,0.0
IQ,33,0,21,0.0,0.0,0.0,0.0
IQ,33,0,22,-32.0,40.0,-57.0,16.0
IQ,33,0,23,0.0,0.0,0.0,0.0
IQ,33,0,24,0.0,0.0,0.0,0.0
IQ,33,0,25,0.0,0.0,0.0,0.0
IQ,33,0,26,-18.0,-36.0,32.0,-27.0
IQ,33,0,27,0.0,0.0,0.0,0.0
IQ,33,0,28,-26.0,-15.0,11.0,-30.0
IQ,33,0,29,-1.0,38.0,19.0,22.0
IQ,33,0,30,0.0,0.0,0.0,0.0
IQ,33,0,31,0.0,0.0,0.0,0.0
IQ,33,0,32,0.0,0.0,0.0,0.0
IQ,33,0,33,0.0,0.0,0.0,0.0
IQ,33,0,34,0.0,0.0,0.0,0.0
IQ,33,0,35,0.0,18.0,-17.0,-4.0
IQ,33,0,36,-1.0,-22.0,22.0,-9.0
IQ,33,0,37,0.0,0.0,0.0,0.0
IQ,33,0,38,0.0,0.0,0.0,0.0
IQ,33,0,39,-31.0,25.0,37.0,17.0
IQ,33,0,40,0.0,0.0,0.0,0.0
IQ,33,0,41,-26.0,47.0,45.0,-15.0
IQ,33,0,42,-58.0,-11.0,-29.0,-46.0
IQ,33,0,43,-50.0,-27.0,-51.0,-18.0
IQ,33,0,44,10.0,-59.0,-8.0,54.0
IQ,33,0,45,-7.0,58.0,-18.0,-50.0
IQ,33,0,46,52.0,-33.0,54.0,-15.0
IQ,33,0,47,41.0,40.0,-26.0,-49.0
IQ,33,0,48,-62.0,3.0,2.0,54.0
IQ,33,0,49,-7.0,-58.0,49.0,-26.0
IQ,33,0,50,-42.0,41.0,6.0,52.0
IQ,33,0,51,52.0,25.0,-54.0,20.0
IQ,33,0,52,19.0,-56.0,-30.0,-43.0
IQ,33,0,53,-56.0,-21.0,20.0,-46.0
IQ,33,0,54,-15.0,-55.0,-46.0,-21.0
IQ,33,0,55,-33.0,41.0,24.0,-43.0
IQ,33,0,56,46.0,28.0,50.0,6.0
IQ,33,0,57,18.0,-47.0,9.0,42.0
IQ,33,0,58,40.0,28.0,21.0,-35.0
IQ,33,0,59,41.0,11.0,10.0,-35.0
IQ,33,0,60,-2.0,36.0,-32.0,-1.0
IQ,33,0,61,31.0,-5.0,-10.0,-31.0
IQ,33,0,62,0.0,0.0,0.0,0.0
IQ,33,0,63,-17.0,-27.0,13.0,23.0
IQ,33,0,64,0.0,0.0,0.0,0.0
IQ,33,0,65,0.0,0.0,0.0,0.0
IQ,33,0,66,0.0,0.0,0.0,0.0
IQ,33,0,67,0.0,0.0,0.0,0.0
IQ,33,0,68,0.0,0.0,0.0,0.0
IQ,33,0,69,0.0,0.0,0.0,0.0
IQ,33,0,70,0.0,0.0,0.0,0.0
IQ,33,0,71,0.0,0.0,0.0,0.0
IQ,33,0,72,0.0,0.0,0.0,0.0
IQ,33,0,73,0.0,0.0,0.0,0.0
IQ,33,0,74,0.0,0.0,0.0,0.0
IQ,33,0,75,0.0,0.0,0.0,0.0
IQ,33,0,76,0.0,0.0,0.0,0.0
CS,33,0,1,7.751,10.225,11.198,12,1793
IQ,34,0,2,54.0,-74.0,22.0,102.0
IQ,34,0,3,0.0,0.0,0.0,0.0
IQ,34,0,4,17.0,95.0,-32.0,-102.0
IQ,34,0,5,-50.0,-83.0,51.0,98.0
IQ,34,0,6,48.0,-85.0,108.0,-28.0
IQ,34,0,7,-92.0,-41.0,60.0,89.0
IQ,34,0,8,-91.0,-42.0,97.0,50.0
IQ,34,0,9,-39.0,-91.0,91.0,-61.0
IQ,34,0,10,68.0,76.0,-88.0,62.0
IQ,34,0,11,69.0,-66.0,-94.0,-45.0
IQ,34,0,12,-81.0,-49.0,36.0,-95.0
IQ,34,0,13,0.0,0.0,0.0,0.0
IQ,34,0,14,-50.0,78.0,76.0,-56.0
IQ,34,0,15,-82.0,13.0,-26.0,-87.0
IQ,34,0,16,-58.0,53.0,-8.0,-80.0
IQ,34,0,17,0.0,0.0,0.0,0.0
IQ,34,0,18,0.0,0.0,0.0,0.0
IQ,34,0,19,0.0,0.0,0.0,0.0
IQ,34,0,20,0.0,0.0,0.0,0.0
IQ,34,0,21,0.0,0.0,0.0,0.0
IQ,34,0,22,-49.0,-22.0,23.0,50.0
IQ,34,0,23,0.0,0.0,0.0,0.0
IQ,34,0,24,0.0,0.0,0.0,0.0
IQ,34,0,25,0.0,0.0,0.0,0.0
IQ,34,0,26,-39.0,6.0,41.0,8.0
IQ,34,0,27,35.0,-10.0,-37.0,2.0
IQ,34,0,28,-15.0,24.0,30.0,7.0
IQ,34,0,29,-12.0,25.0,31.0,2.0
IQ,34,0,30,18.0,4.0,13.0,23.0
IQ,34,0,31,0.0,0.0,0.0,0.0
IQ,34,0,32,0.0,0.0,0.0,0.0
IQ,34,0,33,0.0,0.0,0.0,0.0
IQ,34,0,34,0.0,0.0,0.0,0.0
IQ,34,0,35,0.0,0.0,0.0,0.0
IQ,34,0,36,0.0,0.0,0.0,0.0
IQ,34,0,37,0.0,0.0,0.0,0.0
IQ,34,0,38,0.0,0.0,0.0,0.0
IQ,34,0,39,42.0,10.0,-25.0,34.0
IQ,34,0,40,-2.0,-50.0,-42.0,-23.0
IQ,34,0,41,51.0,-9.0,-5.0,50.0
IQ,34,0,42,-25.0,-50.0,-51.0,5.0
IQ,34,0,43,55.0,-21.0,36.0,41.0
IQ,34,0,44,44.0,42.0,36.0,-41.0
IQ,34,0,45,57.0,17.0,41.0,-35.0
IQ,34,0,46,-56.0,-15.0,-6.0,56.0
IQ,34,0,47,54.0,16.0,-15.0,-54.0
IQ,34,0,48,8.0,-56.0,48.0,-28.0
IQ,34,0,49,-59.0,6.0,32.0,45.0
IQ,34,0,50,0.0,0.0,0.0,0.0
IQ,34,0,51,-46.0,36.0,47.0,25.0
IQ,34,0,52,55.0,20.0,-30.0,45.0
IQ,34,0,53,-1.0,57.0,48.0,20.0
IQ,34,0,54,-33.0,-48.0,-45.0,-30.0
IQ,34,0,55,-48.0,-24.0,-45.0,-22.0
IQ,34,0,56,0.0,0.0,0.0,0.0
IQ,34,0,57,-12.0,48.0,-19.0,-41.0
IQ,34,0,58,46.0,-5.0,34.0,-21.0
IQ,34,0,59,-27.0,30.0,-37.0,11.0
IQ,34,0,60,37.0,5.0,-15.0,-30.0
IQ,34,0,61,0.0,0.0,0.0,0.0
IQ,34,0,62,27.0,-1.0,-21.0,-3.0
IQ,34,0,63,21.0,10.0,-16.0,11.0
IQ,34,0,64,-19.0,8.0,17.0,-7.0
IQ,34,0,65,0.0,0.0,0.0,0.0
IQ,34,0,66,0.0,0.0,0.0,0.0
IQ,34,0,67,0.0,0.0,0.0,0.0
IQ,34,0,68,0.0,0.0,0.0,0.0
IQ,34,0,69,0.0,0.0,0.0,0.0
IQ,34,0,70,0.0,0.0,0.0,0.0
IQ,34,0,71,0.0,0.0,0.0,0.0
IQ,34,0,72,0.0,0.0,0.0,0.0
IQ,34,0,73,0.0,0.0,0.0,0.0
IQ,34,0,74,0.0,0.0,0.0,0.0
IQ,34,0,75,0.0,0.0,0.0,0.0
IQ,34,0,76,0.0,0.0,0.0,0.0
CS,34,0,1,7.319,10.036,10.635,10,1419
IQ,35,0,2,-88.0,-17.0,-100.0,-14.0
IQ,35,0,3,24.0,-91.0,39.0,96.0
IQ,35,0,4,93.0,7.0,82.0,-64.0
IQ,35,0,5,56.0,80.0,-32.0,-102.0
IQ,35,0,6,-16.0,97.0,-115.0,-6.0
IQ,35,0,7,91.0,-31.0,9.0,-108.0
IQ,35,0,8,98.0,24.0,-92.0,-60.0
IQ,35,0,9,-91.0,-37.0,105.0,5.0
IQ,35,0,10,-35.0,89.0,25.0,104.0
IQ,35,0,11,-66.0,68.0,92.0,46.0
IQ,35,0,12,-88.0,-36.0,45.0,-92.0
IQ,35,0,13,-23.0,87.0,97.0,-1.0
IQ,35,0,14,74.0,-39.0,-40.0,86.0
IQ,35,0,15,9.0,-82.0,-67.0,58.0
IQ,35,0,16,34.0,68.0,78.0,-30.0
IQ,35,0,17,-73.0,-17.0,-78.0,4.0
IQ,35,0,18,-61.0,36.0,-65.0,-35.0
IQ,35,0,19,44.0,-51.0,67.0,15.0
IQ,35,0,20,25.0,54.0,-28.0,-56.0
IQ,35,0,21,2.0,-56.0,56.0,14.0
IQ,35,0,22,0.0,0.0,0.0,0.0
IQ,35,0,23,0.0,0.0,0.0,0.0
IQ,35,0,24,0.0,0.0,0.0,0.0
IQ,35,0,25,0.0,0.0,0.0,0.0
IQ,35,0,26,-40.0,-15.0,41.0,-16.0
IQ,35,0,27,-32.0,-20.0,18.0,-31.0
IQ,35,0,28,19.0,-23.0,-30.0,2.0
IQ,35,0,29,1.0,-24.0,-29.0,-2.0
IQ,35,0,30,13.0,-17.0,-12.0,22.0
IQ,35,0,31,0.0,0.0,0.0,0.0
IQ,35,0,32,0.0,0.0,0.0,0.0
IQ,35,0,33,0.0,0.0,0.0,0.0
IQ,35,0,34,0.0,0.0,0.0,0.0
IQ,35,0,35,0.0,0.0,0.0,0.0
IQ,35,0,36,-25.0,-10.0,19.0,13.0
IQ,35,0,37,-29.0,-11.0,28.0,4.0
IQ,35,0,38,-13.0,-33.0,10.0,-35.0
IQ,35,0,39,-33.0,30.0,41.0,4.0
IQ,35,0,40,17.0,-49.0,-46.0,0.0
IQ,35,0,41,48.0,-22.0,-12.0,49.0
IQ,35,0,42,-41.0,-46.0,-52.0,-2.0
IQ,35,0,43,26.0,51.0,40.0,-35.0
IQ,35,0,44,43.0,42.0,35.0,-42.0
IQ,35,0,45,11.0,53.0,-28.0,-51.0
IQ,35,0,46,-56.0,-2.0,-23.0,51.0
IQ,35,0,47,-3.0,59.0,-56.0,-2.0
IQ,35,0,48,-4.0,-58.0,49.0,-27.0
IQ,35,0,49,17.0,57.0,-45.0,29.0
IQ,35,0,50,46.0,-38.0,-35.0,-39.0
IQ,35,0,51,15.0,-61.0,-32.0,-45.0
IQ,35,0,52,-28.0,50.0,47.0,19.0
IQ,35,0,53,-28.0,52.0,51.0,-5.0
IQ,35,0,54,11.0,-52.0,-50.0,17.0
IQ,35,0,55,11.0,54.0,42.0,-27.0
IQ,35,0,56,-54.0,1.0,-44.0,-15.0
IQ,35,0,57,-40.0,31.0,-39.0,-19.0
IQ,35,0,58,-9.0,44.0,-35.0,-25.0
IQ,35,0,59,-40.0,16.0,-24.0,29.0
IQ,35,0,60,9.0,-36.0,28.0,-21.0
IQ,35,0,61,-18.0,26.0,2.0,24.0
IQ,35,0,62,23.0,17.0,-17.0,10.0
IQ,35,0,63,0.0,0.0,0.0,0.0
IQ,35,0,64,-12.0,13.0,17.0,0.0
IQ,35,0,65,0.0,0.0,0.0,0.0
IQ,35,0,66,0.0,0.0,0.0,0.0
IQ,35,0,67,0.0,0.0,0.0,0.0
IQ,35,0,68,0.0,0.0,0.0,0.0
IQ,35,0,69,0.0,0.0,0.0,0.0
IQ,35,0,70,0.0,0.0,0.0,0.0
IQ,35,0,71,0.0,0.0,0.0,0.0
IQ,35,0,72,0.0,0.0,0.0,0.0
IQ,35,0,73,0.0,0.0,0.0,0.0
IQ,35,0,74,0.0,0.0,0.0,0.0
IQ,35,0,75,0.0,0.0,0.0,0.0
IQ,35,0,76,0.0,0.0,0.0,0.0
CS,35,0,1,7.706,10.319,10.900,14,2036
IQ,36,0,2,-89.0,-12.0,-90.0,-52.0
IQ,36,0,3,-33.0,-86.0,-69.0,80.0
IQ,36,0,4,0.0,0.0,0.0,0.0
IQ,36,0,5,-70.0,-65.0,-42.0,99.0
IQ,36,0,6,-35.0,-89.0,51.0,95.0
IQ,36,0,7,0.0,0.0,0.0,0.0
IQ,36,0,8,0.0,0.0,0.0,0.0
IQ,36,0,9,-93.0,33.0,29.0,105.0
IQ,36,0,10,-97.0,19.0,72.0,77.0
IQ,36,0,11,59.0,76.0,-77.0,71.0
IQ,36,0,12,39.0,-86.0,-62.0,-81.0
IQ,36,0,13,48.0,-81.0,-95.0,-29.0
IQ,36,0,14,0.0,0.0,0.0,0.0
IQ,36,0,15,78.0,20.0,16.0,91.0
IQ,36,0,16,-57.0,-55.0,-76.0,-37.0
IQ,36,0,17,-49.0,-57.0,-80.0,4.0
IQ,36,0,18,6.0,71.0,31.0,-65.0
IQ,36,0,19,55.0,-35.0,55.0,40.0
IQ,36,0,20,46.0,41.0,32.0,-57.0
IQ,36,0,21,55.0,-1.0,46.0,-38.0
IQ,36,0,22,22.0,-48.0,53.0,6.0
IQ,36,0,23,0.0,0.0,0.0,0.0
IQ,36,0,24,0.0,0.0,0.0,0.0
IQ,36,0,25,0.0,0.0,0.0,0.0
IQ,36,0,26,-40.0,-14.0,37.0,9.0
IQ,36,0,27,0.0,0.0,0.0,0.0
IQ,36,0,28,20.0,26.0,-14.0,28.0
IQ,36,0,29,-3.0,-26.0,-17.0,-22.0
IQ,36,0,30,-1.0,-22.0,-22.0,-5.0
IQ,36,0,31,0.0,0.0,0.0,0.0
IQ,36,0,32,0.0,0.0,0.0,0.0
IQ,36,0,33,0.0,0.0,0.0,0.0
IQ,36,0,34,0.0,0.0,0.0,0.0
IQ,36,0,35,-1.0,17.0,-15.0,-10.0
IQ,36,0,36,0.0,0.0,0.0,0.0
IQ,36,0,37,0.0,0.0,0.0,0.0
IQ,36,0,38,0.0,0.0,0.0,0.0
IQ,36,0,39,-44.0,1.0,39.0,-1.0
IQ,36,0,40,2.0,49.0,28.0,39.0
IQ,36,0,41,-26.0,-43.0,-31.0,-41.0
IQ,36,0,42,49.0,-14.0,-9.0,48.0
IQ,36,0,43,56.0,-8.0,21.0,48.0
IQ,36,0,44,-29.0,-51.0,-48.0,29.0
IQ,36,0,45,21.0,-54.0,28.0,48.0
IQ,36,0,46,36.0,45.0,6.0,-54.0
IQ,36,0,47,-52.0,34.0,-50.0,22.0
IQ,36,0,48,-60.0,13.0,-15.0,45.0
IQ,36,0,49,-4.0,60.0,-51.0,18.0
IQ,36,0,50,58.0,-2.0,-39.0,-39.0
IQ,36,0,51,-56.0,20.0,44.0,31.0
IQ,36,0,52,8.0,-58.0,-17.0,-52.0
IQ,36,0,53,-27.0,-55.0,-12.0,-52.0
IQ,36,0,54,-43.0,-37.0,-23.0,-46.0
IQ,36,0,55,-48.0,-24.0,-28.0,-38.0
IQ,36,0,56,32.0,-41.0,-11.0,42.0
IQ,36,0,57,-30.0,-42.0,-39.0,24.0
IQ,36,0,58,6.0,45.0,-6.0,-42.0
IQ,36,0,59,41.0,-3.0,30.0,-21.0
IQ,36,0,60,-12.0,-35.0,30.0,16.0
IQ,36,0,61,-32.0,12.0,-2.0,28.0
IQ,36,0,62,-20.0,-22.0,25.0,-2.0
IQ,36,0,63,-1.0,24.0,-2.0,22.0
IQ,36,0,64,15.0,-12.0,-17.0,-1.0
IQ,36,0,65,0.0,0.0,0.0,0.0
IQ,36,0,66,0.0,0.0,0.0,0.0
IQ,36,0,67,0.0,0.0,0.0,0.0
IQ,36,0,68,0.0,0.0,0.0,0.0
IQ,36,0,69,0.0,0.0,0.0,0.0
IQ,36,0,70,0.0,0.0,0.0,0.0
IQ,36,0,71,0.0,0.0,0.0,0.0
IQ,36,0,72,0.0,0.0,0.0,0.0
IQ,36,0,73,0.0,0.0,0.0,0.0
IQ,36,0,74,0.0,0.0,0.0,0.0
IQ,36,0,75,0.0,0.0,0.0,0.0
IQ,36,0,76,0.0,0.0,0.0,0.0
CS,36,0,1,7.026,10.103,10.161,14,1898
IQ,37,0,2,82.0,33.0,99.0,15.0
IQ,37,0,3,-45.0,80.0,-41.0,-97.0
IQ,37,0,4,14.0,92.0,-22.0,-105.0
IQ,37,0,5,-27.0,-93.0,55.0,93.0
IQ,37,0,6,56.0,-81.0,109.0,-10.0
IQ,37,0,7,85.0,-48.0,54.0,-99.0
IQ,37,0,8,100.0,-5.0,-44.0,-101.0
IQ,37,0,9,42.0,-86.0,17.0,-105.0
IQ,37,0,10,41.0,85.0,-71.0,77.0
IQ,37,0,11,-90.0,31.0,104.0,20.0
IQ,37,0,12,-24.0,-90.0,-34.0,-98.0
IQ,37,0,13,0.0,-88.0,-84.0,-50.0
IQ,37,0,14,0.0,0.0,0.0,0.0
IQ,37,0,15,-62.0,62.0,43.0,-78.0
IQ,37,0,16,55.0,-59.0,-12.0,85.0
IQ,37,0,17,-71.0,13.0,-58.0,-51.0
IQ,37,0,18,69.0,10.0,74.0,1.0
IQ,37,0,19,61.0,-13.0,67.0,-1.0
IQ,37,0,20,56.0,-12.0,58.0,-28.0
IQ,37,0,21,55.0,-3.0,31.0,-51.0
IQ,37,0,22,-2.0,51.0,-56.0,-9.0
IQ,37,0,23,0.0,0.0,0.0,0.0
IQ,37,0,24,0.0,0.0,0.0,0.0
IQ,37,0,25,0.0,0.0,0.0,0.0
IQ,37,0,26,-27.0,-28.0,37.0,-18.0
IQ,37,0,27,0.0,0.0,0.0,0.0
IQ,37,0,28,9.0,29.0,8.0,28.0
IQ,37,0,29,-25.0,-1.0,10.0,-26.0
IQ,37,0,30,0.0,0.0,0.0,0.0
IQ,37,0,31,0.0,0.0,0.0,0.0
IQ,37,0,32,0.0,0.0,0.0,0.0
IQ,37,0,33,0.0,0.0,0.0,0.0
IQ,37,0,34,0.0,0.0,0.0,0.0
IQ,37,0,35,0.0,0.0,0.0,0.0
IQ,37,0,36,0.0,0.0,0.0,0.0
IQ,37,0,37,30.0,-9.0,-18.0,-25.0
IQ,37,0,38,0.0,0.0,0.0,0.0
IQ,37,0,39,0.0,0.0,0.0,0.0
IQ,37,0,40,47.0,-5.0,-29.0,34.0
IQ,37,0,41,0.0,0.0,0.0,0.0
IQ,37,0,42,-50.0,23.0,-6.0,-54.0
IQ,37,0,43,-45.0,-34.0,-55.0,-2.0
IQ,37,0,44,0.0,0.0,0.0,0.0
IQ,37,0,45,-21.0,-55.0,-1.0,54.0
IQ,37,0,46,29.0,-52.0,55.0,5.0
IQ,37,0,47,-6.0,-58.0,51.0,15.0
IQ,37,0,48,-48.0,37.0,-21.0,52.0
IQ,37,0,49,-57.0,-15.0,47.0,28.0
IQ,37,0,50,-27.0,-53.0,43.0,-32.0
IQ,37,0,51,-25.0,-55.0,15.0,-51.0
IQ,37,0,52,-57.0,12.0,52.0,-16.0
IQ,37,0,53,-57.0,-21.0,12.0,-51.0
IQ,37,0,54,36.0,-48.0,-43.0,28.0
IQ,37,0,55,-55.0,14.0,-16.0,-47.0
IQ,37,0,56,45.0,-20.0,19.0,38.0
IQ,37,0,57,41.0,26.0,38.0,-22.0
IQ,37,0,58,29.0,42.0,1.0,-42.0
IQ,37,0,59,41.0,-29.0,32.0,-18.0
IQ,37,0,60,-15.0,32.0,-32.0,14.0
IQ,37,0,61,17.0,28.0,-28.0,-1.0
IQ,37,0,62,0.0,0.0,0.0,0.0
IQ,37,0,63,-8.0,21.0,8.0,16.0
IQ,37,0,64,0.0,0.0,0.0,0.0
IQ,37,0,65,0.0,0.0,0.0,0.0
IQ,37,0,66,0.0,0.0,0.0,0.0
IQ,37,0,67,0.0,0.0,0.0,0.0
IQ,37,0,68,0.0,0.0,0.0,0.0
IQ,37,0,69,0.0,0.0,0.0,0.0
IQ,37,0,70,0.0,0.0,0.0,0.0
IQ,37,0,71,0.0,0.0,0.0,0.0
IQ,37,0,72,0.0,0.0,0.0,0.0
IQ,37,0,73,0.0,0.0,0.0,0.0
IQ,37,0,74,0.0,0.0,0.0,0.0
IQ,37,0,75,0.0,0.0,0.0,0.0
IQ,37,0,76,0.0,0.0,0.0,0.0
CS,37,0,1,7.802,10.210,9.661,11,1418
IQ,38,0,2,16.0,88.0,83.0,-59.0
IQ,38,0,3,0.0,0.0,0.0,0.0
IQ,38,0,4,-67.0,-68.0,-67.0,87.0
IQ,38,0,5,-63.0,74.0,-99.0,-44.0
IQ,38,0,6,0.0,0.0,0.0,0.0
IQ,38,0,7,92.0,35.0,-28.0,-108.0
IQ,38,0,8,88.0,43.0,-62.0,-88.0
IQ,38,0,9,0.0,0.0,0.0,0.0
IQ,38,0,10,-97.0,12.0,83.0,68.0
IQ,38,0,11,-95.0,15.0,99.0,33.0
IQ,38,0,12,-19.0,-92.0,-17.0,-100.0
IQ,38,0,13,80.0,-39.0,-97.0,25.0
IQ,38,0,14,-57.0,67.0,91.0,-23.0
IQ,38,0,15,70.0,-39.0,-38.0,77.0
IQ,38,0,16,-21.0,75.0,63.0,-59.0
IQ,38,0,17,0.0,0.0,0.0,0.0
IQ,38,0,18,-67.0,12.0,-63.0,-36.0
IQ,38,0,19,43.0,45.0,42.0,-52.0
IQ,38,0,20,0.0,0.0,0.0,0.0
IQ,38,0,21,14.0,53.0,-35.0,-48.0
IQ,38,0,22,-10.0,51.0,-55.0,-16.0
IQ,38,0,23,0.0,0.0,0.0,0.0
IQ,38,0,24,0.0,0.0,0.0,0.0
IQ,38,0,25,0.0,0.0,0.0,0.0
IQ,38,0,26,28.0,29.0,-40.0,9.0
IQ,38,0,27,-21.0,30.0,22.0,36.0
IQ,38,0,28,-31.0,0.0,33.0,-10.0
IQ,38,0,29,-24.0,-6.0,10.0,-26.0
IQ,38,0,30,1.0,20.0,19.0,10.0
IQ,38,0,31,0.0,0.0,0.0,0.0
IQ,38,0,32,0.0,0.0,0.0,0.0
IQ,38,0,33,0.0,0.0,0.0,0.0
IQ,38,0,34,0.0,0.0,0.0,0.0
IQ,38,0,35,0.0,0.0,0.0,0.0
IQ,38,0,36,-2.0,23.0,-22.0,10.0
IQ,38,0,37,-21.0,-21.0,29.0,10.0
IQ,38,0,38,27.0,31.0,-31.0,18.0
IQ,38,0,39,-22.0,37.0,27.0,33.0
IQ,38,0,40,-30.0,42.0,46.0,8.0
IQ,38,0,41,43.0,28.0,11.0,48.0
IQ,38,0,42,48.0,25.0,33.0,39.0
IQ,38,0,43,-12.0,53.0,29.0,-46.0
IQ,38,0,44,32.0,49.0,43.0,-35.0
IQ,38,0,45,56.0,14.0,51.0,-21.0
IQ,38,0,46,-27.0,-56.0,10.0,56.0
IQ,38,0,47,-16.0,-59.0,46.0,30.0
IQ,38,0,48,-53.0,31.0,-30.0,44.0
IQ,38,0,49,-60.0,6.0,17.0,51.0
IQ,38,0,50,36.0,-48.0,-2.0,-55.0
IQ,38,0,51,49.0,30.0,-50.0,19.0
IQ,38,0,52,-58.0,9.0,51.0,-4.0
IQ,38,0,53,0.0,0.0,0.0,0.0
IQ,38,0,54,0.0,0.0,0.0,0.0
IQ,38,0,55,0.0,0.0,0.0,0.0
IQ,38,0,56,0.0,0.0,0.0,0.0
IQ,38,0,57,0.0,0.0,0.0,0.0
IQ,38,0,58,0.0,0.0,0.0,0.0
IQ,38,0,59,0.0,0.0,0.0,0.0
IQ,38,0,60,0.0,0.0,0.0,0.0
IQ,38,0,61,0.0,0.0,0.0,0.0
IQ,38,0,62,0.0,0.0,0.0,0.0
IQ,38,0,63,0.0,0.0,0.0,0.0
IQ,38,0,64,0.0,0.0,0.0,0.0
IQ,38,0,65,0.0,0.0,0.0,0.0
IQ,38,0,66,0.0,0.0,0.0,0.0
IQ,38,0,67,0.0,0.0,0.0,0.0
IQ,38,0,68,0.0,0.0,0.0,0.0
IQ,38,0,69,0.0,0.0,0.0,0.0
IQ,38,0,70,0.0,0.0,0.0,0.0
IQ,38,0,71,0.0,0.0,0.0,0.0
IQ,38,0,72,0.0,0.0,0.0,0.0
IQ,38,0,73,0.0,0.0,0.0,0.0
IQ,38,0,74,0.0,0.0,0.0,0.0
IQ,38,0,75,0.0,0.0,0.0,0.0
IQ,38,0,76,0.0,0.0,0.0,0.0
CS,38,0,1,7.026,9.582,9.510,9,1142
IQ,39,0,2,1.0,89.0,-96.0,13.0
IQ,39,0,3,-44.0,79.0,-56.0,84.0
IQ,39,0,4,91.0,-11.0,-72.0,-78.0
IQ,39,0,5,62.0,-71.0,-48.0,-99.0
IQ,39,0,6,6.0,-96.0,-24.0,-109.0
IQ,39,0,7,80.0,-50.0,-112.0,5.0
IQ,39,0,8,-64.0,73.0,111.0,-16.0
IQ,39,0,9,-81.0,-47.0,-45.0,-98.0
IQ,39,0,10,96.0,2.0,36.0,98.0
IQ,39,0,11,0.0,0.0,0.0,0.0
IQ,39,0,12,15.0,-94.0,-35.0,96.0
IQ,39,0,13,-17.0,-88.0,-22.0,95.0
IQ,39,0,14,-77.0,-41.0,-61.0,75.0
IQ,39,0,15,-76.0,-37.0,-28.0,85.0
IQ,39,0,16,47.0,-63.0,81.0,-17.0
IQ,39,0,17,0.0,0.0,0.0,0.0
IQ,39,0,18,27.0,-58.0,48.0,-57.0
IQ,39,0,19,0.0,0.0,0.0,0.0
IQ,39,0,20,57.0,-23.0,-46.0,-48.0
IQ,39,0,21,57.0,-3.0,-62.0,-8.0
IQ,39,0,22,-48.0,-18.0,48.0,-34.0
IQ,39,0,23,0.0,0.0,0.0,0.0
IQ,39,0,24,0.0,0.0,0.0,0.0
IQ,39,0,25,0.0,0.0,0.0,0.0
IQ,39,0,26,38.0,-17.0,-7.0,42.0
IQ,39,0,27,0.0,0.0,0.0,0.0
IQ,39,0,28,27.0,-12.0,24.0,23.0
IQ,39,0,29,0.0,0.0,0.0,0.0
IQ,39,0,30,-7.0,29.0,-19.0,-12.0
IQ,39,0,31,0.0,0.0,0.0,0.0
IQ,39,0,32,0.0,0.0,0.0,0.0
IQ,39,0,33,0.0,0.0,0.0,0.0
IQ,39,0,34,0.0,0.0,0.0,0.0
IQ,39,0,35,0.0,0.0,0.0,0.0
IQ,39,0,36,-23.0,5.0,15.0,-17.0
IQ,39,0,37,-30.0,-7.0,-3.0,-31.0
IQ,39,0,38,9.0,37.0,35.0,-6.0
IQ,39,0,39,-36.0,25.0,-11.0,-42.0
IQ,39,0,40,30.0,-35.0,26.0,37.0
IQ,39,0,41,-49.0,-15.0,-38.0,32.0
IQ,39,0,42,48.0,-26.0,46.0,-23.0
IQ,39,0,43,-52.0,25.0,-25.0,44.0
IQ,39,0,44,54.0,21.0,-41.0,-36.0
IQ,39,0,45,9.0,59.0,-38.0,37.0
IQ,39,0,46,55.0,-16.0,-50.0,-24.0
IQ,39,0,47,52.0,-27.0,-54.0,-8.0
IQ,39,0,48,30.0,49.0,13.0,55.0
IQ,39,0,49,57.0,8.0,-11.0,51.0
IQ,39,0,50,-58.0,0.0,-7.0,-50.0
IQ,39,0,51,-58.0,-9.0,-35.0,-39.0
IQ,39,0,52,0.0,0.0,0.0,0.0
IQ,39,0,53,7.0,-56.0,-1.0,50.0
IQ,39,0,54,35.0,-44.0,47.0,16.0
IQ,39,0,55,-27.0,-48.0,24.0,42.0
IQ,39,0,56,47.0,16.0,-14.0,-44.0
IQ,39,0,57,-41.0,-24.0,37.0,20.0
IQ,39,0,58,24.0,36.0,-35.0,14.0
IQ,39,0,59,-37.0,19.0,30.0,14.0
IQ,39,0,60,14.0,33.0,7.0,31.0
IQ,39,0,61,32.0,2.0,-7.0,24.0
IQ,39,0,62,12.0,-22.0,-15.0,12.0
IQ,39,0,63,0.0,0.0,0.0,0.0
IQ,39,0,64,0.0,0.0,0.0,0.0
IQ,39,0,65,0.0,0.0,0.0,0.0
IQ,39,0,66,0.0,0.0,0.0,0.0
IQ,39,0,67,0.0,0.0,0.0,0.0
IQ,39,0,68,0.0,0.0,0.0,0.0
IQ,39,0,69,0.0,0.0,0.0,0.0
IQ,39,0,70,0.0,0.0,0.0,0.0
IQ,39,0,71,0.0,0.0,0.0,0.0
IQ,39,0,72,0.0,0.0,0.0,0.0
IQ,39,0,73,0.0,0.0,0.0,0.0
IQ,39,0,74,0.0,0.0,0.0,0.0
IQ,39,0,75,0.0,0.0,0.0,0.0
IQ,39,0,76,0.0,0.0,0.0,0.0
CS,39,0,1,7.319,10.211,8.924,15,1786
IQ,40,0,2,41.0,-86.0,-13.0,102.0
IQ,40,0,3,71.0,61.0,89.0,-58.0
IQ,40,0,4,89.0,22.0,92.0,-57.0
IQ,40,0,5,40.0,-88.0,98.0,47.0
IQ,40,0,6,0.0,0.0,0.0,0.0
IQ,40,0,7,0.0,0.0,0.0,0.0
IQ,40,0,8,0.0,0.0,0.0,0.0
IQ,40,0,9,0.0,0.0,0.0,0.0
IQ,40,0,10,0.0,0.0,0.0,0.0
IQ,40,0,11,0.0,0.0,0.0,0.0
IQ,40,0,12,0.0,0.0,0.0,0.0
IQ,40,0,13,0.0,0.0,0.0,0.0
IQ,40,0,14,0.0,0.0,0.0,0.0
IQ,40,0,15,0.0,0.0,0.0,0.0
IQ,40,0,16,0.0,0.0,0.0,0.0
IQ,40,0,17,-29.0,-68.0,-67.0,44.0
IQ,40,0,18,42.0,-54.0,35.0,62.0
IQ,40,0,19,-42.0,-56.0,-27.0,62.0
IQ,40,0,20,55.0,-25.0,66.0,-2.0
IQ,40,0,21,52.0,-26.0,52.0,-29.0
IQ,40,0,22,51.0,-15.0,25.0,-50.0
IQ,40,0,23,0.0,0.0,0.0,0.0
IQ,40,0,24,0.0,0.0,0.0,0.0
IQ,40,0,25,0.0,0.0,0.0,0.0
IQ,40,0,26,-8.0,40.0,-5.0,41.0
IQ,40,0,27,-36.0,-10.0,34.0,-17.0
IQ,40,0,28,-3.0,-32.0,-16.0,-29.0
IQ,40,0,29,-31.0,1.0,11.0,-26.0
IQ,40,0,30,-26.0,-4.0,-1.0,-20.0
IQ,40,0,31,-19.0,-5.0,-14.0,-12.0
IQ,40,0,32,0.0,0.0,0.0,0.0
IQ,40,0,33,0.0,0.0,0.0,0.0
IQ,40,0,34,0.0,0.0,0.0,0.0
IQ,40,0,35,0.0,0.0,0.0,0.0
IQ,40,0,36,0.0,0.0,0.0,0.0
IQ,40,0,37,28.0,2.0,-20.0,-23.0
IQ,40,0,38,-25.0,-24.0,33.0,-14.0
IQ,40,0,39,18.0,49.0,-8.0,37.0
IQ,40,0,40,-51.0,7.0,33.0,-30.0
IQ,40,0,41,-43.0,34.0,34.0,-38.0
IQ,40,0,42,0.0,0.0,0.0,0.0
IQ,40,0,43,53.0,-18.0,25.0,42.0
IQ,40,0,44,-52.0,22.0,-43.0,-33.0
IQ,40,0,45,-23.0,-56.0,-2.0,55.0
IQ,40,0,46,-8.0,60.0,-41.0,-35.0
IQ,40,0,47,26.0,-54.0,57.0,-10.0
IQ,40,0,48,-54.0,19.0,-11.0,53.0
IQ,40,0,49,12.0,-60.0,39.0,-37.0
IQ,40,0,50,54.0,-28.0,-33.0,-43.0
IQ,40,0,51,56.0,11.0,-51.0,9.0
IQ,40,0,52,39.0,43.0,-15.0,52.0
IQ,40,0,53,-61.0,-4.0,26.0,-49.0
IQ,40,0,54,54.0,-14.0,-17.0,46.0
IQ,40,0,55,3.0,-54.0,-46.0,19.0
IQ,40,0,56,48.0,-13.0,27.0,36.0
IQ,40,0,57,-45.0,17.0,-38.0,-21.0
IQ,40,0,58,46.0,-10.0,41.0,-8.0
IQ,40,0,59,31.0,-26.0,35.0,-13.0
IQ,40,0,60,-17.0,36.0,-26.0,18.0
IQ,40,0,61,-31.0,5.0,9.0,25.0
IQ,40,0,62,-14.0,-26.0,22.0,-16.0
IQ,40,0,63,-19.0,12.0,19.0,7.0
IQ,40,0,64,-13.0,-14.0,9.0,-16.0
IQ,40,0,65,13.0,7.0,-10.0,12.0
IQ,40,0,66,0.0,0.0,0.0,0.0
IQ,40,0,67,0.0,0.0,0.0,0.0
IQ,40,0,68,0.0,0.0,0.0,0.0
IQ,40,0,69,0.0,0.0,0.0,0.0
IQ,40,0,70,0.0,0.0,0.0,0.0
IQ,40,0,71,0.0,0.0,0.0,0.0
IQ,40,0,72,0.0,0.0,0.0,0.0
IQ,40,0,73,0.0,0.0,0.0,0.0
IQ,40,0,74,0.0,0.0,0.0,0.0
IQ,40,0,75,0.0,0.0,0.0,0.0
IQ,40,0,76,0.0,0.0,0.0,0.0
CS,40,0,1,0.999,10.531,10.743,12,1720
IQ,41,0,2,62.0,-57.0,42.0,90.0
IQ,41,0,3,-70.0,53.0,-85.0,-54.0
IQ,41,0,4,89.0,28.0,75.0,-74.0
IQ,41,0,5,91.0,29.0,30.0,-101.0
IQ,41,0,6,-18.0,-92.0,95.0,48.0
IQ,41,0,7,92.0,-39.0,24.0,-107.0
IQ,41,0,8,-72.0,69.0,-22.0,105.0
IQ,41,0,9,-54.0,-81.0,99.0,-39.0
IQ,41,0,10,75.0,55.0,-92.0,52.0
IQ,41,0,11,-92.0,0.0,95.0,-37.0
IQ,41,0,12,-89.0,-23.0,60.0,-79.0
IQ,41,0,13,-76.0,-50.0,-18.0,-97.0
IQ,41,0,14,64.0,54.0,64.0,69.0
IQ,41,0,15,10.0,83.0,87.0,-21.0
IQ,41,0,16,27.0,-72.0,-31.0,75.0
IQ,41,0,17,60.0,-44.0,44.0,65.0
IQ,41,0,18,71.0,4.0,74.0,-10.0
IQ,41,0,19,20.0,-63.0,49.0,50.0
IQ,41,0,20,35.0,49.0,-13.0,-64.0
IQ,41,0,21,5.0,55.0,-52.0,-31.0
IQ,41,0,22,51.0,-13.0,18.0,-56.0
IQ,41,0,23,0.0,0.0,0.0,0.0
IQ,41,0,24,0.0,0.0,0.0,0.0
IQ,41,0,25,0.0,0.0,0.0,0.0
IQ,41,0,26,21.0,-36.0,-17.0,-38.0
IQ,41,0,27,0.0,0.0,0.0,0.0
IQ,41,0,28,-23.0,21.0,32.0,1.0
IQ,41,0,29,25.0,-18.0,-20.0,19.0
IQ,41,0,30,25.0,3.0,4.0,24.0
IQ,41,0,31,0.0,0.0,0.0,0.0
IQ,41,0,32,0.0,0.0,0.0,0.0
IQ,41,0,33,0.0,0.0,0.0,0.0
IQ,41,0,34,0.0,0.0,0.0,0.0
IQ,41,0,35,0.0,0.0,0.0,0.0
IQ,41,0,36,-23.0,-14.0,18.0,6.0
IQ,41,0,37,0.0,0.0,0.0,0.0
IQ,41,0,38,12.0,30.0,-9.0,33.0
IQ,41,0,39,40.0,7.0,-31.0,21.0
IQ,41,0,40,-7.0,45.0,41.0,12.0
IQ,41,0,41,-32.0,-40.0,-40.0,-30.0
IQ,41,0,42,-37.0,-41.0,-52.0,-14.0
IQ,41,0,43,31.0,-46.0,9.0,50.0
IQ,41,0,44,-15.0,54.0,-19.0,-51.0
IQ,41,0,45,-45.0,-36.0,-21.0,51.0
IQ,41,0,46,-26.0,56.0,-54.0,-10.0
IQ,41,0,47,55.0,26.0,-23.0,-49.0
IQ,41,0,48,-56.0,-22.0,34.0,43.0
IQ,41,0,49,-62.0,-9.0,44.0,31.0
IQ,41,0,50,6.0,55.0,-20.0,46.0
IQ,41,0,51,33.0,54.0,-21.0,51.0
IQ,41,0,52,-34.0,46.0,49.0,13.0
IQ,41,0,53,-48.0,-37.0,-16.0,-49.0
IQ,41,0,54,55.0,10.0,16.0,47.0
IQ,41,0,55,0.0,0.0,0.0,0.0
IQ,41,0,56,47.0,18.0,46.0,0.0
IQ,41,0,57,48.0,9.0,39.0,-19.0
IQ,41,0,58,24.0,39.0,-4.0,-41.0
IQ,41,0,59,-38.0,-18.0,2.0,36.0
IQ,41,0,60,0.0,0.0,0.0,0.0
IQ,41,0,61,0.0,0.0,0.0,0.0
IQ,41,0,62,-12.0,28.0,5.0,22.0
IQ,41,0,63,0.0,0.0,0.0,0.0
IQ,41,0,64,0.0,0.0,0.0,0.0
IQ,41,0,65,0.0,0.0,0.0,0.0
IQ,41,0,66,0.0,0.0,0.0,0.0
IQ,41,0,67,0.0,0.0,0.0,0.0
IQ,41,0,68,0.0,0.0,0.0,0.0
IQ,41,0,69,0.0,0.0,0.0,0.0
IQ,41,0,70,0.0,0.0,0.0,0.0
IQ,41,0,71,0.0,0.0,0.0,0.0
IQ,41,0,72,0.0,0.0,0.0,0.0
IQ,41,0,73,0.0,0.0,0.0,0.0
IQ,41,0,74,0.0,0.0,0.0,0.0
IQ,41,0,75,0.0,0.0,0.0,0.0
IQ,41,0,76,0.0,0.0,0.0,0.0
CS,41,0,1,7.319,10.189,9.289,15,1859
IQ,43,0,2,16.0,77.0,53.0,-85.0
IQ,43,0,3,41.0,-81.0,48.0,92.0
IQ,43,0,4,84.0,34.0,72.0,-74.0
IQ,43,0,5,-92.0,33.0,-100.0,44.0
IQ,43,0,6,-48.0,85.0,-108.0,2.0
IQ,43,0,7,-83.0,57.0,-57.0,93.0
IQ,43,0,8,0.0,0.0,0.0,0.0
IQ,43,0,9,-61.0,-58.0,109.0,-20.0
IQ,43,0,10,0.0,0.0,0.0,0.0
IQ,43,0,11,-100.0,1.0,100.0,-19.0
IQ,43,0,12,0.0,0.0,0.0,0.0
IQ,43,0,13,0.0,0.0,0.0,0.0
IQ,43,0,14,-82.0,42.0,51.0,-81.0
IQ,43,0,15,0.0,0.0,0.0,0.0
IQ,43,0,16,0.0,0.0,0.0,0.0
IQ,43,0,17,0.0,0.0,0.0,0.0
IQ,43,0,18,-39.0,57.0,-44.0,-64.0
IQ,43,0,19,-61.0,-36.0,-41.0,55.0
IQ,43,0,20,0.0,0.0,0.0,0.0
IQ,43,0,21,0.0,0.0,0.0,0.0
IQ,43,0,22,18.0,50.0,-48.0,-25.0
IQ,43,0,23,0.0,0.0,0.0,0.0
IQ,43,0,24,0.0,0.0,0.0,0.0
IQ,43,0,25,0.0,0.0,0.0,0.0
IQ,43,0,26,0.0,0.0,0.0,0.0
IQ,43,0,27,34.0,-16.0,-39.0,-6.0
IQ,43,0,28,17.0,32.0,3.0,34.0
IQ,43,0,29,-27.0,-14.0,-1.0,-29.0
IQ,43,0,30,6.0,16.0,22.0,8.0
IQ,43,0,31,0.0,0.0,0.0,0.0
IQ,43,0,32,0.0,0.0,0.0,0.0
IQ,43,0,33,0.0,0.0,0.0,0.0
IQ,43,0,34,0.0,0.0,0.0,0.0
IQ,43,0,35,0.0,0.0,0.0,0.0
IQ,43,0,36,-24.0,-4.0,8.0,19.0
IQ,43,0,37,31.0,3.0,-25.0,-16.0
IQ,43,0,38,35.0,-6.0,-34.0,-10.0
IQ,43,0,39,-7.0,-43.0,-19.0,-35.0
IQ,43,0,40,-41.0,21.0,35.0,-24.0
IQ,43,0,41,52.0,-5.0,-5.0,50.0
IQ,43,0,42,51.0,-15.0,5.0,50.0
IQ,43,0,43,-11.0,55.0,17.0,-52.0
IQ,43,0,44,0.0,0.0,0.0,0.0
IQ,43,0,45,-55.0,27.0,-57.0,4.0
IQ,43,0,46,-54.0,26.0,-47.0,20.0
IQ,43,0,47,0.0,0.0,0.0,0.0
IQ,43,0,48,23.0,-56.0,44.0,-37.0
IQ,43,0,49,41.0,43.0,-56.0,-2.0
IQ,43,0,50,3.0,57.0,-21.0,50.0
IQ,43,0,51,-1.0,-56.0,-11.0,-53.0
IQ,43,0,52,-19.0,52.0,42.0,30.0
IQ,43,0,53,59.0,18.0,-6.0,49.0
IQ,43,0,54,0.0,0.0,0.0,0.0
IQ,43,0,55,-53.0,-3.0,-33.0,-37.0
IQ,43,0,56,14.0,49.0,31.0,-36.0
IQ,43,0,57,-32.0,37.0,-31.0,-30.0
IQ,43,0,58,-36.0,28.0,-38.0,1.0
IQ,43,0,59,0.0,0.0,0.0,0.0
IQ,43,0,60,-20.0,30.0,-23.0,21.0
IQ,43,0,61,-17.0,23.0,-1.0,25.0
IQ,43,0,62,25.0,6.0,-19.0,1.0
IQ,43,0,63,-21.0,2.0,19.0,-4.0
IQ,43,0,64,0.0,0.0,0.0,0.0
IQ,43,0,65,0.0,0.0,0.0,0.0
IQ,43,0,66,0.0,0.0,0.0,0.0
IQ,43,0,67,0.0,0.0,0.0,0.0
IQ,43,0,68,0.0,0.0,0.0,0.0
IQ,43,0,69,0.0,0.0,0.0,0.0
IQ,43,0,70,0.0,0.0,0.0,0.0
IQ,43,0,71,0.0,0.0,0.0,0.0
IQ,43,0,72,0.0,0.0,0.0,0.0
IQ,43,0,73,0.0,0.0,0.0,0.0
IQ,43,0,74,0.0,0.0,0.0,0.0
IQ,43,0,75,0.0,0.0,0.0,0.0
IQ,43,0,76,0.0,0.0,0.0,0.0
CS,43,0,1,7.763,9.867,11.202,13,1943
IQ,44,0,2,82.0,-31.0,70.0,71.0
IQ,44,0,3,25.0,89.0,27.0,-102.0
IQ,44,0,4,-91.0,-34.0,-74.0,74.0
IQ,44,0,5,-18.0,-93.0,59.0,89.0
IQ,44,0,6,14.0,96.0,-93.0,-57.0
IQ,44,0,7,71.0,67.0,-77.0,-76.0
IQ,44,0,8,59.0,77.0,-107.0,-19.0
IQ,44,0,9,-33.0,93.0,-47.0,97.0
IQ,44,0,10,95.0,9.0,-104.0,-24.0
IQ,44,0,11,-95.0,14.0,104.0,-3.0
IQ,44,0,12,-39.0,84.0,81.0,60.0
IQ,44,0,13,-36.0,-82.0,-60.0,-82.0
IQ,44,0,14,-87.0,-3.0,8.0,-96.0
IQ,44,0,15,-17.0,81.0,78.0,-45.0
IQ,44,0,16,-26.0,-80.0,-75.0,26.0
IQ,44,0,17,51.0,-59.0,14.0,78.0
IQ,44,0,18,58.0,38.0,65.0,-33.0
IQ,44,0,19,-59.0,-30.0,-52.0,49.0
IQ,44,0,20,-54.0,-34.0,-13.0,65.0
IQ,44,0,21,60.0,6.0,19.0,-59.0
IQ,44,0,22,-27.0,-49.0,42.0,36.0
IQ,44,0,23,0.0,0.0,0.0,0.0
IQ,44,0,24,0.0,0.0,0.0,0.0
IQ,44,0,25,0.0,0.0,0.0,0.0
IQ,44,0,26,-20.0,37.0,14.0,40.0
IQ,44,0,27,0.0,0.0,0.0,0.0
IQ,44,0,28,0.0,0.0,0.0,0.0
IQ,44,0,29,27.0,-8.0,-15.0,22.0
IQ,44,0,30,20.0,10.0,14.0,21.0
IQ,44,0,31,0.0,0.0,0.0,0.0
IQ,44,0,32,0.0,0.0,0.0,0.0
IQ,44,0,33,0.0,0.0,0.0,0.0
IQ,44,0,34,0.0,0.0,0.0,0.0
IQ,44,0,35,0.0,0.0,0.0,0.0
IQ,44,0,36,2.0,-24.0,18.0,-10.0
IQ,44,0,37,7.0,31.0,-23.0,21.0
IQ,44,0,38,6.0,37.0,-17.0,29.0
IQ,44,0,39,36.0,-22.0,-38.0,-1.0
IQ,44,0,40,-17.0,-46.0,-26.0,-36.0
IQ,44,0,41,50.0,-29.0,-31.0,39.0
IQ,44,0,42,42.0,-38.0,-17.0,50.0
IQ,44,0,43,-58.0,14.0,-39.0,-38.0
IQ,44,0,44,51.0,-28.0,41.0,35.0
IQ,44,0,45,-57.0,-12.0,-48.0,27.0
IQ,44,0,46,26.0,-54.0,57.0,15.0
IQ,44,0,47,39.0,35.0,-33.0,-42.0
IQ,44,0,48,-17.0,-58.0,55.0,-2.0
IQ,44,0,49,-14.0,-59.0,46.0,-31.0
IQ,44,0,50,50.0,-30.0,-36.0,-40.0
IQ,44,0,51,40.0,-42.0,-45.0,-27.0
IQ,44,0,52,27.0,48.0,6.0,54.0
IQ,44,0,53,-58.0,-8.0,19.0,-49.0
IQ,44,0,54,33.0,46.0,44.0,25.0
IQ,44,0,55,-49.0,20.0,-13.0,-45.0
IQ,44,0,56,51.0,7.0,43.0,16.0
IQ,44,0,57,-19.0,-46.0,-11.0,45.0
IQ,44,0,58,8.0,-46.0,27.0,32.0
IQ,44,0,59,-28.0,-30.0,15.0,35.0
IQ,44,0,60,-41.0,2.0,9.0,32.0
IQ,44,0,61,-27.0,14.0,2.0,29.0
IQ,44,0,62,-10.0,25.0,6.0,23.0
IQ,44,0,63,19.0,14.0,-10.0,19.0
IQ,44,0,64,0.0,0.0,0.0,0.0
IQ,44,0,65,0.0,0.0,0.0,0.0
IQ,44,0,66,0.0,0.0,0.0,0.0
IQ,44,0,67,0.0,0.0,0.0,0.0
IQ,44,0,68,0.0,0.0,0.0,0.0
IQ,44,0,69,0.0,0.0,0.0,0.0
IQ,44,0,70,0.0,0.0,0.0,0.0
IQ,44,0,71,0.0,0.0,0.0,0.0
IQ,44,0,72,0.0,0.0,0.0,0.0
IQ,44,0,73,0.0,0.0,0.0,0.0
IQ,44,0,74,0.0,0.0,0.0,0.0
IQ,44,0,75,0.0,0.0,0.0,0.0
IQ,44,0,76,0.0,0.0,0.0,0.0
CS,44,0,1,7.319,10.087,10.113,14,1889
IQ,45,0,2,26.0,85.0,84.0,-56.0
IQ,45,0,3,-1.0,90.0,10.0,-100.0
IQ,45,0,4,16.0,92.0,-8.0,-105.0
IQ,45,0,5,-94.0,5.0,-93.0,55.0
IQ,45,0,6,60.0,77.0,-47.0,-98.0
IQ,45,0,7,-15.0,-97.0,106.0,22.0
IQ,45,0,8,-37.0,-92.0,108.0,14.0
IQ,45,0,9,-95.0,13.0,56.0,90.0
IQ,45,0,10,-30.0,-93.0,72.0,-78.0
IQ,45,0,11,-87.0,-41.0,93.0,-48.0
IQ,45,0,12,-71.0,59.0,98.0,31.0
IQ,45,0,13,76.0,-47.0,-95.0,29.0
IQ,45,0,14,87.0,13.0,-16.0,93.0
IQ,45,0,15,-25.0,-80.0,-88.0,-18.0
IQ,45,0,16,79.0,-9.0,29.0,79.0
IQ,45,0,17,70.0,-32.0,37.0,72.0
IQ,45,0,18,-60.0,36.0,-50.0,-57.0
IQ,45,0,19,6.0,-69.0,14.0,69.0
IQ,45,0,20,-59.0,-19.0,-42.0,50.0
IQ,45,0,21,-48.0,-33.0,-8.0,58.0
IQ,45,0,22,-47.0,23.0,-43.0,42.0
IQ,45,0,23,0.0,0.0,0.0,0.0
IQ,45,0,24,0.0,0.0,0.0,0.0
IQ,45,0,25,0.0,0.0,0.0,0.0
IQ,45,0,26,-4.0,-42.0,19.0,-39.0
IQ,45,0,27,-20.0,-31.0,15.0,-32.0
IQ,45,0,28,19.0,-27.0,-32.0,-10.0
IQ,45,0,29,-27.0,12.0,23.0,-18.0
IQ,45,0,30,-14.0,-25.0,-18.0,-12.0
IQ,45,0,31,-14.0,-4.0,-18.0,-10.0
IQ,45,0,32,0.0,0.0,0.0,0.0
IQ,45,0,33,0.0,0.0,0.0,0.0
IQ,45,0,34,0.0,0.0,0.0,0.0
IQ,45,0,35,0.0,0.0,0.0,0.0
IQ,45,0,36,2.0,29.0,-24.0,0.0
IQ,45,0,37,14.0,28.0,-29.0,10.0
IQ,45,0,38,-20.0,-30.0,28.0,-18.0
IQ,45,0,39,0.0,0.0,0.0,0.0
IQ,45,0,40,1.0,49.0,33.0,33.0
IQ,45,0,41,47.0,-23.0,-34.0,37.0
IQ,45,0,42,53.0,6.0,21.0,49.0
IQ,45,0,43,-56.0,-6.0,-40.0,-38.0
IQ,45,0,44,52.0,23.0,54.0,-7.0
IQ,45,0,45,-29.0,51.0,-37.0,-47.0
IQ,45,0,46,30.0,-53.0,54.0,16.0
IQ,45,0,47,-49.0,38.0,-47.0,32.0
IQ,45,0,48,-21.0,61.0,-52.0,22.0
IQ,45,0,49,2.0,-63.0,45.0,-31.0
IQ,45,0,50,31.0,-50.0,1.0,-56.0
IQ,45,0,51,-60.0,5.0,53.0,8.0
IQ,45,0,52,47.0,-34.0,-52.0,-16.0
IQ,45,0,53,-24.0,-54.0,-23.0,-45.0
IQ,45,0,54,-52.0,20.0,23.0,-47.0
IQ,45,0,55,0.0,0.0,0.0,0.0
IQ,45,0,56,-41.0,34.0,-6.0,-45.0
IQ,45,0,57,44.0,23.0,41.0,-14.0
IQ,45,0,58,-38.0,-24.0,-23.0,35.0
IQ,45,0,59,11.0,-42.0,35.0,12.0
IQ,45,0,60,7.0,-38.0,33.0,-1.0
IQ,45,0,61,0.0,0.0,0.0,0.0
IQ,45,0,62,-30.0,0.0,24.0,10.0
IQ,45,0,63,-23.0,1.0,19.0,2.0
IQ,45,0,64,0.0,0.0,0.0,0.0
IQ,45,0,65,0.0,0.0,0.0,0.0
IQ,45,0,66,0.0,0.0,0.0,0.0
IQ,45,0,67,0.0,0.0,0.0,0.0
IQ,45,0,68,0.0,0.0,0.0,0.0
IQ,45,0,69,0.0,0.0,0.0,0.0
IQ,45,0,70,0.0,0.0,0.0,0.0
IQ,45,0,71,0.0,0.0,0.0,0.0
IQ,45,0,72,0.0,0.0,0.0,0.0
IQ,45,0,73,0.0,0.0,0.0,0.0
IQ,45,0,74,0.0,0.0,0.0,0.0
IQ,45,0,75,0.0,0.0,0.0,0.0
IQ,45,0,76,0.0,0.0,0.0,0.0
CS,45,0,1,7.319,10.147,10.685,14,1996
IQ,46,0,2,34.0,-81.0,-3.0,101.0
IQ,46,0,3,-86.0,26.0,-97.0,-35.0
IQ,46,0,4,-90.0,15.0,-103.0,14.0
IQ,46,0,5,-14.0,94.0,-89.0,-67.0
IQ,46,0,6,52.0,86.0,-59.0,-93.0
IQ,46,0,7,8.0,-104.0,108.0,-2.0
IQ,46,0,8,0.0,0.0,0.0,0.0
IQ,46,0,9,-105.0,34.0,38.0,93.0
IQ,46,0,10,-70.0,67.0,51.0,99.0
IQ,46,0,11,52.0,81.0,-53.0,93.0
IQ,46,0,12,93.0,20.0,-73.0,65.0
IQ,46,0,13,-36.0,-87.0,-62.0,-81.0
IQ,46,0,14,86.0,-14.0,-31.0,90.0
IQ,46,0,15,83.0,-13.0,11.0,87.0
IQ,46,0,16,-68.0,41.0,-16.0,-85.0
IQ,46,0,17,27.0,68.0,61.0,-53.0
IQ,46,0,18,-58.0,-43.0,-60.0,46.0
IQ,46,0,19,61.0,19.0,58.0,-40.0
IQ,46,0,20,-63.0,-8.0,-47.0,47.0
IQ,46,0,21,58.0,6.0,18.0,-61.0
IQ,46,0,22,-46.0,-23.0,20.0,54.0
IQ,46,0,23,0.0,0.0,0.0,0.0
IQ,46,0,24,0.0,0.0,0.0,0.0
IQ,46,0,25,0.0,0.0,0.0,0.0
IQ,46,0,26,0.0,0.0,0.0,0.0
IQ,46,0,27,8.0,-40.0,-16.0,-35.0
IQ,46,0,28,29.0,13.0,-16.0,30.0
IQ,46,0,29,-26.0,5.0,17.0,-22.0
IQ,46,0,30,0.0,0.0,0.0,0.0
IQ,46,0,31,0.0,0.0,0.0,0.0
IQ,46,0,32,0.0,0.0,0.0,0.0
IQ,46,0,33,0.0,0.0,0.0,0.0
IQ,46,0,34,0.0,0.0,0.0,0.0
IQ,46,0,35,0.0,0.0,0.0,0.0
IQ,46,0,36,21.0,7.0,-15.0,-17.0
IQ,46,0,37,23.0,18.0,-27.0,-8.0
IQ,46,0,38,-2.0,-37.0,11.0,-33.0
IQ,46,0,39,37.0,0.0,-37.0,13.0
IQ,46,0,40,-26.0,40.0,46.0,5.0
IQ,46,0,41,53.0,9.0,-1.0,53.0
IQ,46,0,42,22.0,49.0,52.0,2.0
IQ,46,0,43,-41.0,-41.0,-53.0,6.0
IQ,46,0,44,38.0,-25.0,43.0,37.0
IQ,46,0,45,-1.0,-61.0,16.0,52.0
IQ,46,0,46,54.0,-25.0,51.0,-22.0
IQ,46,0,47,-10.0,-60.0,51.0,20.0
IQ,46,0,48,-55.0,21.0,-6.0,56.0
IQ,46,0,49,27.0,52.0,-56.0,11.0
IQ,46,0,50,28.0,-51.0,-4.0,-54.0
IQ,46,0,51,51.0,28.0,-45.0,29.0
IQ,46,0,52,32.0,46.0,-8.0,50.0
IQ,46,0,53,-33.0,-49.0,-25.0,-48.0
IQ,46,0,54,33.0,42.0,39.0,36.0
IQ,46,0,55,58.0,1.0,23.0,46.0
IQ,46,0,56,-33.0,45.0,-2.0,-49.0
IQ,46,0,57,-44.0,23.0,-38.0,-18.0
IQ,46,0,58,47.0,2.0,35.0,-21.0
IQ,46,0,59,43.0,-13.0,28.0,-28.0
IQ,46,0,60,0.0,0.0,0.0,0.0
IQ,46,0,61,-35.0,-12.0,24.0,14.0
IQ,46,0,62,28.0,-13.0,-15.0,-18.0
IQ,46,0,63,11.0,-19.0,-25.0,-11.0
IQ,46,0,64,15.0,13.0,0.0,18.0
IQ,46,0,65,0.0,0.0,0.0,0.0
IQ,46,0,66,0.0,0.0,0.0,0.0
IQ,46,0,67,0.0,0.0,0.0,0.0
IQ,46,0,68,0.0,0.0,0.0,0.0
IQ,46,0,69,0.0,0.0,0.0,0.0
IQ,46,0,70,0.0,0.0,0.0,0.0
IQ,46,0,71,0.0,0.0,0.0,0.0
IQ,46,0,72,0.0,0.0,0.0,0.0
IQ,46,0,73,0.0,0.0,0.0,0.0
IQ,46,0,74,0.0,0.0,0.0,0.0
IQ,46,0,75,0.0,0.0,0.0,0.0
IQ,46,0,76,0.0,0.0,0.0,0.0
CS,46,0,1,7.319,10.281,13.471,15,2696
IQ,47,0,2,0.0,0.0,0.0,0.0
IQ,47,0,3,0.0,0.0,0.0,0.0
IQ,47,0,4,0.0,0.0,0.0,0.0
IQ,47,0,5,0.0,0.0,0.0,0.0
IQ,47,0,6,93.0,12.0,108.0,-12.0
IQ,47,0,7,0.0,0.0,0.0,0.0
IQ,47,0,8,0.0,0.0,0.0,0.0
IQ,47,0,9,0.0,0.0,0.0,0.0
IQ,47,0,10,0.0,0.0,0.0,0.0
IQ,47,0,11,0.0,0.0,0.0,0.0
IQ,47,0,12,0.0,0.0,0.0,0.0
IQ,47,0,13,0.0,0.0,0.0,0.0
IQ,47,0,14,0.0,0.0,0.0,0.0
IQ,47,0,15,0.0,0.0,0.0,0.0
IQ,47,0,16,0.0,0.0,0.0,0.0
IQ,47,0,17,0.0,0.0,0.0,0.0
IQ,47,0,18,0.0,0.0,0.0,0.0
IQ,47,0,19,-36.0,55.0,19.0,-64.0
IQ,47,0,20,0.0,0.0,0.0,0.0
IQ,47,0,21,0.0,0.0,0.0,0.0
IQ,47,0,22,0.0,0.0,0.0,0.0
IQ,47,0,23,0.0,0.0,0.0,0.0
IQ,47,0,24,0.0,0.0,0.0,0.0
IQ,47,0,25,0.0,0.0,0.0,0.0
IQ,47,0,26,0.0,0.0,0.0,0.0
IQ,47,0,27,0.0,0.0,0.0,0.0
IQ,47,0,28,0.0,0.0,0.0,0.0
IQ,47,0,29,0.0,0.0,0.0,0.0
IQ,47,0,30,0.0,0.0,0.0,0.0
IQ,47,0,31,0.0,0.0,0.0,0.0
IQ,47,0,32,0.0,0.0,0.0,0.0
IQ,47,0,33,0.0,0.0,0.0,0.0
IQ,47,0,34,0.0,0.0,0.0,0.0
IQ,47,0,35,0.0,0.0,0.0,0.0
IQ,47,0,36,0.0,0.0,0.0,0.0
IQ,47,0,37,0.0,0.0,0.0,0.0
IQ,47,0,38,0.0,0.0,0.0,0.0
IQ,47,0,39,0.0,0.0,0.0,0.0
IQ,47,0,40,0.0,0.0,0.0,0.0
IQ,47,0,41,0.0,0.0,0.0,0.0
IQ,47,0,42,0.0,0.0,0.0,0.0
IQ,47,0,43,0.0,0.0,0.0,0.0
IQ,47,0,44,0.0,0.0,0.0,0.0
IQ,47,0,45,0.0,0.0,0.0,0.0
IQ,47,0,46,0.0,0.0,0.0,0.0
IQ,47,0,47,0.0,0.0,0.0,0.0
IQ,47,0,48,0.0,0.0,0.0,0.0
IQ,47,0,49,0.0,0.0,0.0,0.0
IQ,47,0,50,0.0,0.0,0.0,0.0
IQ,47,0,51,0.0,0.0,0.0,0.0
IQ,47,0,52,0.0,0.0,0.0,0.0
IQ,47,0,53,0.0,0.0,0.0,0.0
IQ,47,0,54,0.0,0.0,0.0,0.0
IQ,47,0,55,0.0,0.0,0.0,0.0
IQ,47,0,56,0.0,0.0,0.0,0.0
IQ,47,0,57,0.0,0.0,0.0,0.0
IQ,47,0,58,0.0,0.0,0.0,0.0
IQ,47,0,59,0.0,0.0,0.0,0.0
IQ,47,0,60,23.0,-37.0,21.0,25.0
IQ,47,0,61,0.0,0.0,0.0,0.0
IQ,47,0,62,-20.0,-17.0,-7.0,21.0
IQ,47,0,63,-24.0,2.0,10.0,19.0
IQ,47,0,64,0.0,0.0,0.0,0.0
IQ,47,0,65,0.0,0.0,0.0,0.0
IQ,47,0,66,0.0,0.0,0.0,0.0
IQ,47,0,67,0.0,0.0,0.0,0.0
IQ,47,0,68,0.0,0.0,0.0,0.0
IQ,47,0,69,0.0,0.0,0.0,0.0
IQ,47,0,70,0.0,0.0,0.0,0.0
IQ,47,0,71,0.0,0.0,0.0,0.0
IQ,47,0,72,0.0,0.0,0.0,0.0
IQ,47,0,73,0.0,0.0,0.0,0.0
IQ,47,0,74,0.0,0.0,0.0,0.0
IQ,47,0,75,0.0,0.0,0.0,0.0
IQ,47,0,76,0.0,0.0,0.0,0.0
CS,47,0,0,nan,nan,nan,0,0
IQ,48,0,2,-25.0,-86.0,-72.0,71.0
IQ,48,0,3,-87.0,31.0,-97.0,-43.0
IQ,48,0,4,43.0,-84.0,73.0,75.0
IQ,48,0,5,-73.0,61.0,-107.0,5.0
IQ,48,0,6,-10.0,-96.0,94.0,55.0
IQ,48,0,7,29.0,-92.0,101.0,-33.0
IQ,48,0,8,94.0,24.0,-67.0,-87.0
IQ,48,0,9,60.0,-79.0,15.0,-106.0
IQ,48,0,10,-35.0,92.0,4.0,107.0
IQ,48,0,11,-91.0,35.0,100.0,29.0
IQ,48,0,12,75.0,-59.0,-102.0,-10.0
IQ,48,0,13,-92.0,-7.0,48.0,-87.0
IQ,48,0,14,-63.0,63.0,81.0,-53.0
IQ,48,0,15,-71.0,43.0,24.0,-87.0
IQ,48,0,16,0.0,75.0,66.0,-54.0
IQ,48,0,17,53.0,-56.0,21.0,76.0
IQ,48,0,18,-6.0,-70.0,-11.0,72.0
IQ,48,0,19,65.0,13.0,59.0,-33.0
IQ,48,0,20,-62.0,1.0,-53.0,35.0
IQ,48,0,21,-51.0,26.0,-55.0,24.0
IQ,48,0,22,-44.0,27.0,-38.0,41.0
IQ,48,0,23,0.0,0.0,0.0,0.0
IQ,48,0,24,0.0,0.0,0.0,0.0
IQ,48,0,25,0.0,0.0,0.0,0.0
IQ,48,0,26,-22.0,-33.0,29.0,-28.0
IQ,48,0,27,-22.0,29.0,24.0,27.0
IQ,48,0,28,22.0,-24.0,-31.0,-4.0
IQ,48,0,29,12.0,23.0,13.0,24.0
IQ,48,0,30,19.0,11.0,10.0,25.0
IQ,48,0,31,0.0,0.0,0.0,0.0
IQ,48,0,32,0.0,0.0,0.0,0.0
IQ,48,0,33,0.0,0.0,0.0,0.0
IQ,48,0,34,0.0,0.0,0.0,0.0
IQ,48,0,35,19.0,-7.0,10.0,-16.0
IQ,48,0,36,21.0,-6.0,-1.0,-23.0
IQ,48,0,37,13.0,32.0,-27.0,13.0
IQ,48,0,38,-23.0,29.0,16.0,35.0
IQ,48,0,39,-36.0,-27.0,25.0,-36.0
IQ,48,0,40,-40.0,-30.0,-1.0,-46.0
IQ,48,0,41,-60.0,-6.0,0.0,-50.0
IQ,48,0,42,7.0,-48.0,-46.0,23.0
IQ,48,0,43,-48.0,34.0,-12.0,-53.0
IQ,48,0,44,0.0,0.0,0.0,0.0
IQ,48,0,45,-59.0,3.0,-55.0,13.0
IQ,48,0,46,-10.0,62.0,-49.0,-28.0
IQ,48,0,47,-36.0,-48.0,36.0,44.0
IQ,48,0,48,19.0,58.0,-57.0,-5.0
IQ,48,0,49,-33.0,55.0,-25.0,50.0
IQ,48,0,50,30.0,53.0,-47.0,29.0
IQ,48,0,51,-52.0,27.0,46.0,30.0
IQ,48,0,52,19.0,55.0,4.0,53.0
IQ,48,0,53,46.0,-42.0,-51.0,1.0
IQ,48,0,54,0.0,0.0,0.0,0.0
IQ,48,0,55,0.0,0.0,0.0,0.0
IQ,48,0,56,0.0,0.0,0.0,0.0
IQ,48,0,57,0.0,0.0,0.0,0.0
IQ,48,0,58,0.0,0.0,0.0,0.0
IQ,48,0,59,0.0,0.0,0.0,0.0
IQ,48,0,60,0.0,0.0,0.0,0.0
IQ,48,0,61,0.0,0.0,0.0,0.0
IQ,48,0,62,0.0,0.0,0.0,0.0
IQ,48,0,63,0.0,0.0,0.0,0.0
IQ,48,0,64,0.0,0.0,0.0,0.0
IQ,48,0,65,0.0,0.0,0.0,0.0
IQ,48,0,66,0.0,0.0,0.0,0.0
IQ,48,0,67,0.0,0.0,0.0,0.0
IQ,48,0,68,0.0,0.0,0.0,0.0
IQ,48,0,69,0.0,0.0,0.0,0.0
IQ,48,0,70,0.0,0.0,0.0,0.0
IQ,48,0,71,0.0,0.0,0.0,0.0
IQ,48,0,72,0.0,0.0,0.0,0.0
IQ,48,0,73,0.0,0.0,0.0,0.0
IQ,48,0,74,0.0,0.0,0.0,0.0
IQ,48,0,75,0.0,0.0,0.0,0.0
IQ,48,0,76,12.0,5.0,11.0,8.0
CS,48,0,1,7.026,10.054,9.535,9,1145
IQ,49,0,2,46.0,-76.0,3.0,-102.0
IQ,49,0,3,-65.0,-66.0,83.0,-65.0
IQ,49,0,4,-54.0,-76.0,45.0,-96.0
IQ,49,0,5,92.0,31.0,-57.0,93.0
IQ,49,0,6,-80.0,-56.0,-15.0,-108.0
IQ,49,0,7,4.0,-94.0,-112.0,-3.0
IQ,49,0,8,34.0,-95.0,-87.0,67.0
IQ,49,0,9,77.0,-62.0,-9.0,108.0
IQ,49,0,10,80.0,-54.0,58.0,90.0
IQ,49,0,11,82.0,-48.0,93.0,41.0
IQ,49,0,12,-73.0,50.0,-103.0,-16.0
IQ,49,0,13,0.0,0.0,0.0,0.0
IQ,49,0,14,57.0,-66.0,86.0,-43.0
IQ,49,0,15,78.0,-13.0,6.0,-90.0
IQ,49,0,16,-77.0,-16.0,55.0,62.0
IQ,49,0,17,-73.0,-18.0,73.0,27.0
IQ,49,0,18,45.0,-60.0,-33.0,-69.0
IQ,49,0,19,65.0,8.0,-68.0,20.0
IQ,49,0,20,44.0,40.0,-15.0,61.0
IQ,49,0,21,46.0,-32.0,-56.0,13.0
IQ,49,0,22,-10.0,-52.0,-47.0,-32.0
IQ,49,0,23,0.0,0.0,0.0,0.0
IQ,49,0,24,0.0,0.0,0.0,0.0
IQ,49,0,25,0.0,0.0,0.0,0.0
IQ,49,0,26,10.0,42.0,26.0,-33.0
IQ,49,0,27,-37.0,7.0,-38.0,-8.0
IQ,49,0,28,-7.0,-29.0,6.0,32.0
IQ,49,0,29,-27.0,-4.0,-13.0,25.0
IQ,49,0,30,12.0,17.0,-21.0,-9.0
IQ,49,0,31,0.0,0.0,0.0,0.0
IQ,49,0,32,0.0,0.0,0.0,0.0
IQ,49,0,33,0.0,0.0,0.0,0.0
IQ,49,0,34,0.0,0.0,0.0,0.0
IQ,49,0,35,-16.0,5.0,10.0,-14.0
IQ,49,0,36,-25.0,-6.0,-13.0,-25.0
IQ,49,0,37,-31.0,-22.0,-26.0,-11.0
IQ,49,0,38,-29.0,27.0,-17.0,-31.0
IQ,49,0,39,-34.0,24.0,-40.0,-17.0
IQ,49,0,40,-51.0,-2.0,-33.0,31.0
IQ,49,0,41,-49.0,-23.0,6.0,49.0
IQ,49,0,42,28.0,-50.0,33.0,-42.0
IQ,49,0,43,22.0,51.0,-51.0,20.0
IQ,49,0,44,-20.0,-55.0,39.0,-42.0
IQ,49,0,45,54.0,29.0,-43.0,34.0
IQ,49,0,46,51.0,31.0,-20.0,51.0
IQ,49,0,47,-60.0,-3.0,22.0,-51.0
IQ,49,0,48,-47.0,-33.0,-34.0,-45.0
IQ,49,0,49,-13.0,-56.0,-56.0,12.0
IQ,49,0,50,40.0,-43.0,5.0,52.0
IQ,49,0,51,-31.0,-52.0,-33.0,42.0
IQ,49,0,52,53.0,28.0,37.0,-39.0
IQ,49,0,53,6.0,57.0,-32.0,-41.0
IQ,49,0,54,-37.0,40.0,-43.0,28.0
IQ,49,0,55,-34.0,43.0,-32.0,40.0
IQ,49,0,56,-51.0,-26.0,44.0,16.0
IQ,49,0,57,15.0,-49.0,-5.0,-43.0
IQ,49,0,58,-6.0,-43.0,-4.0,-40.0
IQ,49,0,59,-43.0,-5.0,21.0,-31.0
IQ,49,0,60,-38.0,10.0,11.0,-29.0
IQ,49,0,61,-20.0,30.0,21.0,-18.0
IQ,49,0,62,-18.0,27.0,5.0,-23.0
IQ,49,0,63,-25.0,-8.0,-20.0,5.0
IQ,49,0,64,0.0,0.0,0.0,0.0
IQ,49,0,65,0.0,0.0,0.0,0.0
IQ,49,0,66,0.0,0.0,0.0,0.0
IQ,49,0,67,0.0,0.0,0.0,0.0
IQ,49,0,68,0.0,0.0,0.0,0.0
IQ,49,0,69,0.0,0.0,0.0,0.0
IQ,49,0,70,0.0,0.0,0.0,0.0
IQ,49,0,71,0.0,0.0,0.0,0.0
IQ,49,0,72,0.0,0.0,0.0,0.0
IQ,49,0,73,0.0,0.0,0.0,0.0
IQ,49,0,74,0.0,0.0,0.0,0.0
IQ,49,0,75,0.0,0.0,0.0,0.0
IQ,49,0,76,0.0,0.0,0.0,0.0
CS,49,0,1,7.319,10.044,10.965,13,1902
IQ,50,0,2,-10.0,-83.0,-36.0,90.0
IQ,50,0,3,-42.0,-81.0,-30.0,96.0
IQ,50,0,4,-12.0,90.0,-62.0,-89.0
IQ,50,0,5,-54.0,74.0,-108.0,1.0
IQ,50,0,6,-68.0,69.0,-94.0,54.0
IQ,50,0,7,-61.0,75.0,-74.0,81.0
IQ,50,0,8,-33.0,98.0,-72.0,81.0
IQ,50,0,9,97.0,-3.0,-88.0,-63.0
IQ,50,0,10,37.0,89.0,-50.0,92.0
IQ,50,0,11,-12.0,97.0,40.0,98.0
IQ,50,0,12,-62.0,59.0,100.0,4.0
IQ,50,0,13,67.0,60.0,25.0,96.0
IQ,50,0,14,-59.0,-68.0,-74.0,-62.0
IQ,50,0,15,-56.0,60.0,31.0,-83.0
IQ,50,0,16,77.0,14.0,74.0,39.0
IQ,50,0,17,10.0,-73.0,-14.0,78.0
IQ,50,0,18,-50.0,45.0,-61.0,-43.0
IQ,50,0,19,35.0,57.0,10.0,-70.0
IQ,50,0,20,46.0,-33.0,63.0,-8.0
IQ,50,0,21,55.0,-15.0,37.0,-47.0
IQ,50,0,22,-51.0,25.0,-18.0,53.0
IQ,50,0,23,0.0,0.0,0.0,0.0
IQ,50,0,24,0.0,0.0,0.0,0.0
IQ,50,0,25,0.0,0.0,0.0,0.0
IQ,50,0,26,21.0,-34.0,-23.0,-36.0
IQ,50,0,27,0.0,0.0,0.0,0.0
IQ,50,0,28,18.0,26.0,9.0,31.0
IQ,50,0,29,-5.0,-26.0,-26.0,-10.0
IQ,50,0,30,-17.0,-16.0,-21.0,-7.0
IQ,50,0,31,0.0,0.0,0.0,0.0
IQ,50,0,32,0.0,0.0,0.0,0.0
IQ,50,0,33,0.0,0.0,0.0,0.0
IQ,50,0,34,0.0,0.0,0.0,0.0
IQ,50,0,35,1.0,-14.0,14.0,1.0
IQ,50,0,36,-5.0,22.0,-15.0,16.0
IQ,50,0,37,2.0,-32.0,15.0,-23.0
IQ,50,0,38,30.0,-21.0,-34.0,-15.0
IQ,50,0,39,0.0,0.0,0.0,0.0
IQ,50,0,40,0.0,0.0,0.0,0.0
IQ,50,0,41,28.0,-42.0,-38.0,32.0
IQ,50,0,42,-12.0,57.0,40.0,-33.0
IQ,50,0,43,-56.0,10.0,-41.0,-35.0
IQ,50,0,44,23.0,56.0,24.0,-50.0
IQ,50,0,45,38.0,45.0,6.0,-55.0
IQ,50,0,46,33.0,-51.0,58.0,-11.0
IQ,50,0,47,-56.0,-25.0,23.0,53.0
IQ,50,0,48,-32.0,-53.0,57.0,5.0
IQ,50,0,49,30.0,55.0,-50.0,20.0
IQ,50,0,50,-60.0,12.0,48.0,21.0
IQ,50,0,51,34.0,-50.0,-44.0,-38.0
IQ,50,0,52,-27.0,51.0,50.0,21.0
IQ,50,0,53,52.0,17.0,-2.0,53.0
IQ,50,0,54,-50.0,32.0,19.0,-49.0
IQ,50,0,55,51.0,14.0,42.0,25.0
IQ,50,0,56,51.0,9.0,47.0,8.0
IQ,50,0,57,51.0,24.0,38.0,-30.0
IQ,50,0,58,-39.0,-27.0,-12.0,39.0
IQ,50,0,59,-15.0,-39.0,30.0,24.0
IQ,50,0,60,-23.0,27.0,-16.0,27.0
IQ,50,0,61,18.0,-28.0,3.0,-28.0
IQ,50,0,62,-10.0,27.0,4.0,27.0
IQ,50,0,63,15.0,18.0,-6.0,20.0
IQ,50,0,64,-18.0,5.0,16.0,-7.0
IQ,50,0,65,0.0,0.0,0.0,0.0
IQ,50,0,66,0.0,0.0,0.0,0.0
IQ,50,0,67,0.0,0.0,0.0,0.0
IQ,50,0,68,0.0,0.0,0.0,0.0
IQ,50,0,69,0.0,0.0,0.0,0.0
IQ,50,0,70,0.0,0.0,0.0,0.0
IQ,50,0,71,0.0,0.0,0.0,0.0
IQ,50,0,72,0.0,0.0,0.0,0.0
IQ,50,0,73,0.0,0.0,0.0,0.0
IQ,50,0,74,0.0,0.0,0.0,0.0
IQ,50,0,75,0.0,0.0,0.0,0.0
IQ,50,0,76,0.0,0.0,0.0,0.0
CS,50,0,1,7.612,10.100,10.249,12,1641
IQ,51,0,2,-65.0,60.0,-40.0,-91.0
IQ,51,0,3,75.0,-53.0,86.0,58.0
IQ,51,0,4,95.0,-6.0,101.0,-43.0
IQ,51,0,5,-92.0,26.0,-92.0,56.0
IQ,51,0,6,35.0,-90.0,111.0,1.0
IQ,51,0,7,90.0,39.0,-53.0,-98.0
IQ,51,0,8,-87.0,-46.0,84.0,67.0
IQ,51,0,9,43.0,90.0,-95.0,49.0
IQ,51,0,10,91.0,41.0,-109.0,16.0
IQ,51,0,11,75.0,58.0,-74.0,74.0
IQ,51,0,12,60.0,-65.0,-101.0,-16.0
IQ,51,0,13,86.0,21.0,-25.0,95.0
IQ,51,0,14,41.0,73.0,75.0,56.0
IQ,51,0,15,-5.0,-84.0,-85.0,30.0
IQ,51,0,16,62.0,-47.0,15.0,84.0
IQ,51,0,17,0.0,0.0,0.0,0.0
IQ,51,0,18,0.0,0.0,0.0,0.0
IQ,51,0,19,0.0,0.0,0.0,0.0
IQ,51,0,20,-27.0,57.0,-59.0,-30.0
IQ,51,0,21,-14.0,-54.0,45.0,38.0
IQ,51,0,22,49.0,-16.0,24.0,-51.0
IQ,51,0,23,0.0,0.0,0.0,0.0
IQ,51,0,24,0.0,0.0,0.0,0.0
IQ,51,0,25,0.0,0.0,0.0,0.0
IQ,51,0,26,33.0,-22.0,-34.0,-27.0
IQ,51,0,27,36.0,-6.0,-39.0,6.0
IQ,51,0,28,-5.0,32.0,27.0,22.0
IQ,51,0,29,21.0,-16.0,-28.0,15.0
IQ,51,0,30,-12.0,17.0,21.0,-9.0
IQ,51,0,31,0.0,0.0,0.0,0.0
IQ,51,0,32,0.0,0.0,0.0,0.0
IQ,51,0,33,0.0,0.0,0.0,0.0
IQ,51,0,34,0.0,0.0,0.0,0.0
IQ,51,0,35,0.0,0.0,0.0,0.0
IQ,51,0,36,-25.0,-6.0,9.0,20.0
IQ,51,0,37,-25.0,14.0,8.0,30.0
IQ,51,0,38,18.0,-34.0,-10.0,-32.0
IQ,51,0,39,18.0,42.0,-7.0,44.0
IQ,51,0,40,42.0,26.0,-3.0,49.0
IQ,51,0,41,-47.0,25.0,29.0,-42.0
IQ,51,0,42,46.0,-31.0,-6.0,52.0
IQ,51,0,43,55.0,-20.0,35.0,40.0
IQ,51,0,44,-57.0,11.0,-53.0,-14.0
IQ,51,0,45,59.0,7.0,48.0,-28.0
IQ,51,0,46,33.0,48.0,-19.0,-53.0
IQ,51,0,47,-52.0,-35.0,23.0,51.0
IQ,51,0,48,-25.0,-56.0,57.0,6.0
IQ,51,0,49,-12.0,-60.0,49.0,-31.0
IQ,51,0,50,57.0,15.0,-54.0,-3.0
IQ,51,0,51,31.0,54.0,-20.0,51.0
IQ,51,0,52,30.0,-49.0,-47.0,-26.0
IQ,51,0,53,-38.0,-47.0,-23.0,-48.0
IQ,51,0,54,0.0,0.0,0.0,0.0
IQ,51,0,55,42.0,-37.0,-9.0,50.0
IQ,51,0,56,28.0,46.0,39.0,-23.0
IQ,51,0,57,9.0,-50.0,7.0,42.0
IQ,51,0,58,-8.0,-48.0,17.0,35.0
IQ,51,0,59,-8.0,40.0,-37.0,-10.0
IQ,51,0,60,13.0,40.0,-36.0,-4.0
IQ,51,0,61,30.0,17.0,-30.0,-6.0
IQ,51,0,62,26.0,9.0,-22.0,2.0
IQ,51,0,63,0.0,0.0,0.0,0.0
IQ,51,0,64,12.0,-15.0,-16.0,-2.0
IQ,51,0,65,0.0,0.0,0.0,0.0
IQ,51,0,66,0.0,0.0,0.0,0.0
IQ,51,0,67,0.0,0.0,0.0,0.0
IQ,51,0,68,0.0,0.0,0.0,0.0
IQ,51,0,69,0.0,0.0,0.0,0.0
IQ,51,0,70,0.0,0.0,0.0,0.0
IQ,51,0,71,0.0,0.0,0.0,0.0
IQ,51,0,72,0.0,0.0,0.0,0.0
IQ,51,0,73,0.0,0.0,0.0,0.0
IQ,51,0,74,0.0,0.0,0.0,0.0
IQ,51,0,75,0.0,0.0,0.0,0.0
IQ,51,0,76,0.0,0.0,0.0,0.0
CS,51,0,1,7.319,10.260,11.726,13,2034
IQ,52,0,2,52.0,69.0,91.0,-43.0
IQ,52,0,3,20.0,87.0,27.0,-100.0
IQ,52,0,4,-48.0,-82.0,-17.0,105.0
IQ,52,0,5,-77.0,56.0,-102.0,26.0
IQ,52,0,6,56.0,73.0,-62.0,-89.0
IQ,52,0,7,7.0,96.0,-109.0,-4.0
IQ,52,0,8,92.0,-26.0,-11.0,-110.0
IQ,52,0,9,94.0,16.0,-95.0,-59.0
IQ,52,0,10,-80.0,54.0,64.0,85.0
IQ,52,0,11,-33.0,-87.0,25.0,-100.0
IQ,52,0,12,-65.0,-66.0,28.0,-96.0
IQ,52,0,13,-58.0,-69.0,-22.0,-95.0
IQ,52,0,14,16.0,-84.0,-95.0,8.0
IQ,52,0,15,-8.0,-86.0,-88.0,19.0
IQ,52,0,16,69.0,31.0,77.0,33.0
IQ,52,0,17,65.0,-35.0,44.0,64.0
IQ,52,0,18,-59.0,-43.0,-67.0,32.0
IQ,52,0,19,58.0,27.0,53.0,-41.0
IQ,52,0,20,51.0,-27.0,63.0,-15.0
IQ,52,0,21,0.0,0.0,0.0,0.0
IQ,52,0,22,-8.0,54.0,-56.0,-4.0
IQ,52,0,23,0.0,0.0,0.0,0.0
IQ,52,0,24,0.0,0.0,0.0,0.0
IQ,52,0,25,0.0,0.0,0.0,0.0
IQ,52,0,26,39.0,7.0,-42.0,2.0
IQ,52,0,27,39.0,9.0,-35.0,15.0
IQ,52,0,28,-10.0,29.0,28.0,19.0
IQ,52,0,29,10.0,24.0,19.0,22.0
IQ,52,0,30,-7.0,20.0,23.0,-1.0
IQ,52,0,31,0.0,0.0,0.0,0.0
IQ,52,0,32,0.0,0.0,0.0,0.0
IQ,52,0,33,0.0,0.0,0.0,0.0
IQ,52,0,34,0.0,0.0,0.0,0.0
IQ,52,0,35,0.0,0.0,0.0,0.0
IQ,52,0,36,-24.0,4.0,3.0,23.0
IQ,52,0,37,21.0,-22.0,-4.0,-27.0
IQ,52,0,38,-11.0,33.0,3.0,35.0
IQ,52,0,39,26.0,30.0,-18.0,37.0
IQ,52,0,40,10.0,45.0,27.0,34.0
IQ,52,0,41,-42.0,-26.0,-20.0,-44.0
IQ,52,0,42,-35.0,42.0,29.0,-46.0
IQ,52,0,43,-22.0,-57.0,-46.0,30.0
IQ,52,0,44,-54.0,30.0,-47.0,-29.0
IQ,52,0,45,-27.0,51.0,-48.0,-32.0
IQ,52,0,46,46.0,44.0,-7.0,-55.0
IQ,52,0,47,-56.0,24.0,-36.0,47.0
IQ,52,0,48,59.0,-7.0,-3.0,-57.0
IQ,52,0,49,-59.0,-11.0,46.0,29.0
IQ,52,0,50,-45.0,-36.0,51.0,-16.0
IQ,52,0,51,47.0,-39.0,-49.0,-26.0
IQ,52,0,52,27.0,51.0,2.0,51.0
IQ,52,0,53,-46.0,36.0,50.0,-20.0
IQ,52,0,54,19.0,-55.0,-49.0,15.0
IQ,52,0,55,0.0,0.0,0.0,0.0
IQ,52,0,56,31.0,43.0,42.0,-21.0
IQ,52,0,57,-14.0,48.0,-15.0,-44.0
IQ,52,0,58,-34.0,34.0,-39.0,-9.0
IQ,52,0,59,39.0,18.0,-1.0,-36.0
IQ,52,0,60,-1.0,36.0,-35.0,6.0
IQ,52,0,61,-14.0,30.0,-12.0,26.0
IQ,52,0,62,21.0,21.0,-20.0,11.0
IQ,52,0,63,21.0,1.0,-22.0,1.0
IQ,52,0,64,0.0,0.0,0.0,0.0
IQ,52,0,65,0.0,0.0,0.0,0.0
IQ,52,0,66,0.0,0.0,0.0,0.0
IQ,52,0,67,0.0,0.0,0.0,0.0
IQ,52,0,68,0.0,0.0,0.0,0.0
IQ,52,0,69,0.0,0.0,0.0,0.0
IQ,52,0,70,0.0,0.0,0.0,0.0
IQ,52,0,71,0.0,0.0,0.0,0.0
IQ,52,0,72,0.0,0.0,0.0,0.0
IQ,52,0,73,0.0,0.0,0.0,0.0
IQ,52,0,74,0.0,0.0,0.0,0.0
IQ,52,0,75,0.0,0.0,0.0,0.0
IQ,52,0,76,0.0,0.0,0.0,0.0
CS,52,0,1,7.319,10.150,9.540,17,2164
IQ,53,0,2,16.0,87.0,46.0,-89.0
IQ,53,0,3,-60.0,-61.0,-66.0,83.0
IQ,53,0,4,0.0,0.0,0.0,0.0
IQ,53,0,5,-87.0,27.0,-80.0,73.0
IQ,53,0,6,0.0,0.0,0.0,0.0
IQ,53,0,7,46.0,-89.0,86.0,-72.0
IQ,53,0,8,0.0,0.0,0.0,0.0
IQ,53,0,9,104.0,24.0,-108.0,-19.0
IQ,53,0,10,0.0,0.0,0.0,0.0
IQ,53,0,11,0.0,0.0,0.0,0.0
IQ,53,0,12,20.0,-93.0,-83.0,-61.0
IQ,53,0,13,0.0,0.0,0.0,0.0
IQ,53,0,14,0.0,0.0,0.0,0.0
IQ,53,0,15,-70.0,35.0,-11.0,-86.0
IQ,53,0,16,80.0,14.0,64.0,56.0
IQ,53,0,17,-72.0,6.0,-75.0,-27.0
IQ,53,0,18,40.0,56.0,35.0,-65.0
IQ,53,0,19,61.0,-22.0,68.0,-13.0
IQ,53,0,20,56.0,-16.0,48.0,-40.0
IQ,53,0,21,-56.0,2.0,-22.0,54.0
IQ,53,0,22,51.0,-14.0,9.0,-55.0
IQ,53,0,23,0.0,0.0,0.0,0.0
IQ,53,0,24,0.0,0.0,0.0,0.0
IQ,53,0,25,0.0,0.0,0.0,0.0
IQ,53,0,26,19.0,38.0,-19.0,35.0
IQ,53,0,27,-34.0,19.0,38.0,1.0
IQ,53,0,28,0.0,0.0,0.0,0.0
IQ,53,0,29,-13.0,-20.0,-23.0,-13.0
IQ,53,0,30,-18.0,-7.0,-16.0,-13.0
IQ,53,0,31,0.0,0.0,0.0,0.0
IQ,53,0,32,0.0,0.0,0.0,0.0
IQ,53,0,33,0.0,0.0,0.0,0.0
IQ,53,0,34,0.0,0.0,0.0,0.0
IQ,53,0,35,0.0,0.0,0.0,0.0
IQ,53,0,36,24.0,12.0,-19.0,-7.0
IQ,53,0,37,-31.0,-8.0,30.0,6.0
IQ,53,0,38,-12.0,32.0,13.0,31.0
IQ,53,0,39,-49.0,-3.0,29.0,-32.0
IQ,53,0,40,46.0,-24.0,-39.0,30.0
IQ,53,0,41,-37.0,37.0,35.0,-36.0
IQ,53,0,42,0.0,0.0,0.0,0.0
IQ,53,0,43,51.0,37.0,52.0,-22.0
IQ,53,0,44,-37.0,45.0,-42.0,-38.0
IQ,53,0,45,-69.0,14.0,-49.0,27.0
IQ,53,0,46,-9.0,-61.0,45.0,32.0
IQ,53,0,47,-51.0,35.0,-27.0,49.0
IQ,53,0,48,-43.0,44.0,-20.0,53.0
IQ,53,0,49,-40.0,-47.0,54.0,-11.0
IQ,53,0,50,-18.0,-66.0,19.0,-49.0
IQ,53,0,51,0.0,0.0,0.0,0.0
IQ,53,0,52,54.0,-8.0,-43.0,32.0
IQ,53,0,53,0.0,0.0,0.0,0.0
IQ,53,0,54,0.0,0.0,0.0,0.0
IQ,53,0,55,0.0,0.0,0.0,0.0
IQ,53,0,56,0.0,0.0,0.0,0.0
IQ,53,0,57,0.0,0.0,0.0,0.0
IQ,53,0,58,0.0,0.0,0.0,0.0
IQ,53,0,59,0.0,0.0,0.0,0.0
IQ,53,0,60,0.0,0.0,0.0,0.0
IQ,53,0,61,0.0,0.0,0.0,0.0
IQ,53,0,62,0.0,0.0,0.0,0.0
IQ,53,0,63,0.0,0.0,0.0,0.0
IQ,53,0,64,0.0,0.0,0.0,0.0
IQ,53,0,65,0.0,0.0,0.0,0.0
IQ,53,0,66,0.0,0.0,0.0,0.0
IQ,53,0,67,0.0,0.0,0.0,0.0
IQ,53,0,68,0.0,0.0,0.0,0.0
IQ,53,0,69,0.0,0.0,0.0,0.0
IQ,53,0,70,0.0,0.0,0.0,0.0
IQ,53,0,71,0.0,0.0,0.0,0.0
IQ,53,0,72,0.0,0.0,0.0,0.0
IQ,53,0,73,0.0,0.0,0.0,0.0
IQ,53,0,74,0.0,0.0,0.0,0.0
IQ,53,0,75,0.0,0.0,0.0,0.0
IQ,53,0,76,0.0,0.0,0.0,0.0
CS,53,0,1,6.734,9.605,11.101,9,1333
IQ,54,0,2,-88.0,-26.0,-73.0,-70.0
IQ,54,0,3,-13.0,-92.0,-68.0,75.0
IQ,54,0,4,-82.0,40.0,-81.0,-66.0
IQ,54,0,5,38.0,86.0,21.0,-105.0
IQ,54,0,6,3.0,96.0,-60.0,-90.0
IQ,54,0,7,-19.0,96.0,-102.0,-42.0
IQ,54,0,8,-42.0,79.0,-100.0,39.0
IQ,54,0,9,-76.0,-64.0,88.0,61.0
IQ,54,0,10,92.0,-34.0,-37.0,-101.0
IQ,54,0,11,71.0,-62.0,-49.0,-96.0
IQ,54,0,12,-75.0,56.0,79.0,63.0
IQ,54,0,13,-18.0,84.0,65.0,74.0
IQ,54,0,14,-39.0,74.0,90.0,21.0
IQ,54,0,15,0.0,0.0,0.0,0.0
IQ,54,0,16,-45.0,66.0,65.0,-55.0
IQ,54,0,17,-49.0,-57.0,-80.0,-7.0
IQ,54,0,18,-45.0,-53.0,-72.0,19.0
IQ,54,0,19,0.0,0.0,0.0,0.0
IQ,54,0,20,0.0,0.0,0.0,0.0
IQ,54,0,21,55.0,18.0,43.0,-41.0
IQ,54,0,22,-12.0,51.0,-45.0,-30.0
IQ,54,0,23,0.0,0.0,0.0,0.0
IQ,54,0,24,0.0,0.0,0.0,0.0
IQ,54,0,25,0.0,0.0,0.0,0.0
IQ,54,0,26,5.0,-43.0,20.0,-34.0
IQ,54,0,27,0.0,0.0,0.0,0.0
IQ,54,0,28,0.0,0.0,0.0,0.0
IQ,54,0,29,0.0,0.0,0.0,0.0
IQ,54,0,30,0.0,0.0,0.0,0.0
IQ,54,0,31,0.0,0.0,0.0,0.0
IQ,54,0,32,0.0,0.0,0.0,0.0
IQ,54,0,33,0.0,0.0,0.0,0.0
IQ,54,0,34,11.0,-10.0,-1.0,-21.0
IQ,54,0,35,0.0,0.0,0.0,0.0
IQ,54,0,36,-6.0,-25.0,21.0,11.0
IQ,54,0,37,-22.0,-24.0,27.0,13.0
IQ,54,0,38,0.0,0.0,0.0,0.0
IQ,54,0,39,-31.0,-32.0,33.0,-24.0
IQ,54,0,40,41.0,-23.0,-48.0,-8.0
IQ,54,0,41,-53.0,-15.0,20.0,-42.0
IQ,54,0,42,-43.0,-37.0,-24.0,-47.0
IQ,54,0,43,0.0,0.0,0.0,0.0
IQ,54,0,44,-8.0,-59.0,-41.0,36.0
IQ,54,0,45,-8.0,-62.0,-23.0,53.0
IQ,54,0,46,23.0,-58.0,35.0,45.0
IQ,54,0,47,-59.0,-14.0,-30.0,46.0
IQ,54,0,48,-55.0,-29.0,5.0,54.0
IQ,54,0,49,-58.0,-17.0,25.0,50.0
IQ,54,0,50,-51.0,27.0,-1.0,54.0
IQ,54,0,51,-14.0,58.0,-16.0,52.0
IQ,54,0,52,53.0,-19.0,-49.0,-23.0
IQ,54,0,53,12.0,-56.0,-30.0,-42.0
IQ,54,0,54,-57.0,-2.0,25.0,-45.0
IQ,54,0,55,0.0,0.0,0.0,0.0
IQ,54,0,56,53.0,-18.0,10.0,46.0
IQ,54,0,57,-21.0,-57.0,-35.0,31.0
IQ,54,0,58,-28.0,-37.0,-28.0,27.0
IQ,54,0,59,-33.0,31.0,-37.0,-10.0
IQ,54,0,60,4.0,-38.0,33.0,7.0
IQ,54,0,61,-2.0,38.0,-32.0,1.0
IQ,54,0,62,-29.0,3.0,16.0,22.0
IQ,54,0,63,-4.0,22.0,-6.0,22.0
IQ,54,0,64,-22.0,0.0,17.0,1.0
IQ,54,0,65,0.0,0.0,0.0,0.0
IQ,54,0,66,0.0,0.0,0.0,0.0
IQ,54,0,67,0.0,0.0,0.0,0.0
IQ,54,0,68,0.0,0.0,0.0,0.0
IQ,54,0,69,0.0,0.0,0.0,0.0
IQ,54,0,70,0.0,0.0,0.0,0.0
IQ,54,0,71,0.0,0.0,0.0,0.0
IQ,54,0,72,0.0,0.0,0.0,0.0
IQ,54,0,73,0.0,0.0,0.0,0.0
IQ,54,0,74,0.0,0.0,0.0,0.0
IQ,54,0,75,0.0,0.0,0.0,0.0
IQ,54,0,76,0.0,0.0,0.0,0.0
CS,54,0,1,7.319,10.235,11.664,16,2490
IQ,56,0,2,56.0,68.0,96.0,-18.0
IQ,56,0,3,1.0,-92.0,-36.0,94.0
IQ,56,0,4,-6.0,-92.0,-5.0,104.0
IQ,56,0,5,0.0,0.0,0.0,0.0
IQ,56,0,6,19.0,95.0,-68.0,-85.0
IQ,56,0,7,20.0,-93.0,109.0,1.0
IQ,56,0,8,0.0,0.0,0.0,0.0
IQ,56,0,9,-40.0,84.0,-51.0,96.0
IQ,56,0,10,-67.0,70.0,9.0,109.0
IQ,56,0,11,86.0,46.0,-95.0,35.0
IQ,56,0,12,93.0,-21.0,-101.0,11.0
IQ,56,0,13,-53.0,75.0,98.0,14.0
IQ,56,0,14,88.0,11.0,-29.0,91.0
IQ,56,0,15,-17.0,-81.0,-91.0,-11.0
IQ,56,0,16,44.0,-63.0,-42.0,74.0
IQ,56,0,17,0.0,0.0,0.0,0.0
IQ,56,0,18,0.0,0.0,0.0,0.0
IQ,56,0,19,-53.0,39.0,-55.0,-42.0
IQ,56,0,20,-50.0,32.0,-64.0,-15.0
IQ,56,0,21,0.0,0.0,0.0,0.0
IQ,56,0,22,-36.0,38.0,-52.0,17.0
IQ,56,0,23,0.0,0.0,0.0,0.0
IQ,56,0,24,0.0,0.0,0.0,0.0
IQ,56,0,25,0.0,0.0,0.0,0.0
IQ,56,0,26,36.0,-13.0,-31.0,-28.0
IQ,56,0,27,0.0,0.0,0.0,0.0
IQ,56,0,28,0.0,0.0,0.0,0.0
IQ,56,0,29,0.0,0.0,0.0,0.0
IQ,56,0,30,-10.0,-24.0,-19.0,-10.0
IQ,56,0,31,-19.0,-5.0,-2.0,-17.0
IQ,56,0,32,0.0,0.0,0.0,0.0
IQ,56,0,33,0.0,0.0,0.0,0.0
IQ,56,0,34,0.0,0.0,0.0,0.0
IQ,56,0,35,0.0,0.0,0.0,0.0
IQ,56,0,36,-24.0,-8.0,3.0,21.0
IQ,56,0,37,-11.0,-29.0,29.0,-6.0
IQ,56,0,38,-28.0,-27.0,31.0,-17.0
IQ,56,0,39,39.0,1.0,-40.0,9.0
IQ,56,0,40,-47.0,-7.0,31.0,-35.0
IQ,56,0,41,28.0,-44.0,-47.0,11.0
IQ,56,0,42,50.0,20.0,30.0,41.0
IQ,56,0,43,10.0,57.0,45.0,-25.0
IQ,56,0,44,-46.0,37.0,-23.0,-52.0
IQ,56,0,45,-12.0,57.0,-20.0,-54.0
IQ,56,0,46,6.0,57.0,-29.0,-48.0
IQ,56,0,47,48.0,-30.0,46.0,-38.0
IQ,56,0,48,-61.0,15.0,-20.0,54.0
IQ,56,0,49,-55.0,-23.0,45.0,32.0
IQ,56,0,50,4.0,-58.0,30.0,-43.0
IQ,56,0,51,35.0,-48.0,-24.0,-50.0
IQ,56,0,52,-55.0,4.0,53.0,-9.0
IQ,56,0,53,48.0,22.0,-23.0,47.0
IQ,56,0,54,-30.0,47.0,46.0,-16.0
IQ,56,0,55,-29.0,-49.0,-45.0,-17.0
IQ,56,0,56,49.0,-26.0,18.0,43.0
IQ,56,0,57,-15.0,-47.0,-20.0,39.0
IQ,56,0,58,-44.0,-13.0,-31.0,26.0
IQ,56,0,59,-41.0,-15.0,-14.0,33.0
IQ,56,0,60,31.0,22.0,-16.0,-28.0
IQ,56,0,61,-11.0,31.0,-22.0,18.0
IQ,56,0,62,27.0,-10.0,-11.0,-19.0
IQ,56,0,63,-17.0,20.0,11.0,13.0
IQ,56,0,64,-12.0,13.0,13.0,11.0
IQ,56,0,65,0.0,0.0,0.0,0.0
IQ,56,0,66,0.0,0.0,0.0,0.0
IQ,56,0,67,0.0,0.0,0.0,0.0
IQ,56,0,68,0.0,0.0,0.0,0.0
IQ,56,0,69,0.0,0.0,0.0,0.0
IQ,56,0,70,0.0,0.0,0.0,0.0
IQ,56,0,71,0.0,0.0,0.0,0.0
IQ,56,0,72,0.0,0.0,0.0,0.0
IQ,56,0,73,0.0,0.0,0.0,0.0
IQ,56,0,74,0.0,0.0,0.0,0.0
IQ,56,0,75,0.0,0.0,0.0,0.0
IQ,56,0,76,0.0,0.0,0.0,0.0
CS,56,0,1,7.680,10.239,9.712,12,1555
IQ,57,0,2,-86.0,5.0,-97.0,-28.0
IQ,57,0,3,79.0,-46.0,100.0,20.0
IQ,57,0,4,31.0,90.0,-26.0,-101.0
IQ,57,0,5,0.0,0.0,0.0,0.0
IQ,57,0,6,-19.0,-96.0,106.0,29.0
IQ,57,0,7,81.0,-58.0,36.0,-105.0
IQ,57,0,8,-67.0,-76.0,113.0,4.0
IQ,57,0,9,30.0,94.0,-67.0,84.0
IQ,57,0,10,79.0,-53.0,-93.0,-53.0
IQ,57,0,11,0.0,0.0,0.0,0.0
IQ,57,0,12,43.0,80.0,38.0,92.0
IQ,57,0,13,88.0,-13.0,-38.0,89.0
IQ,57,0,14,0.0,0.0,0.0,0.0
IQ,57,0,15,6.0,-86.0,-69.0,53.0
IQ,57,0,16,45.0,61.0,76.0,-29.0
IQ,57,0,17,-72.0,-14.0,-80.0,5.0
IQ,57,0,18,-23.0,-63.0,-13.0,73.0
IQ,57,0,19,49.0,40.0,11.0,-70.0
IQ,57,0,20,-12.0,57.0,-58.0,-25.0
IQ,57,0,21,40.0,39.0,-33.0,-48.0
IQ,57,0,22,13.0,53.0,-58.0,0.0
IQ,57,0,23,0.0,0.0,0.0,0.0
IQ,57,0,24,0.0,0.0,0.0,0.0
IQ,57,0,25,0.0,0.0,0.0,0.0
IQ,57,0,26,6.0,-44.0,-8.0,-40.0
IQ,57,0,27,-5.0,34.0,25.0,27.0
IQ,57,0,28,14.0,28.0,15.0,25.0
IQ,57,0,29,-22.0,-10.0,-9.0,-25.0
IQ,57,0,30,-12.0,16.0,11.0,-17.0
IQ,57,0,31,0.0,0.0,0.0,0.0
IQ,57,0,32,0.0,0.0,0.0,0.0
IQ,57,0,33,0.0,0.0,0.0,0.0
IQ,57,0,34,0.0,0.0,0.0,0.0
IQ,57,0,35,0.0,0.0,0.0,0.0
IQ,57,0,36,17.0,-19.0,4.0,-24.0
IQ,57,0,37,-9.0,34.0,-2.0,28.0
IQ,57,0,38,-18.0,-35.0,11.0,-36.0
IQ,57,0,39,-37.0,-25.0,18.0,-38.0
IQ,57,0,40,50.0,6.0,-18.0,43.0
IQ,57,0,41,-53.0,5.0,-9.0,-48.0
IQ,57,0,42,0.0,0.0,0.0,0.0
IQ,57,0,43,47.0,36.0,51.0,-16.0
IQ,57,0,44,-32.0,54.0,-39.0,-41.0
IQ,57,0,45,0.0,0.0,0.0,0.0
IQ,57,0,46,-58.0,15.0,-38.0,46.0
IQ,57,0,47,-59.0,-11.0,18.0,51.0
IQ,57,0,48,-62.0,5.0,24.0,52.0
IQ,57,0,49,50.0,36.0,-53.0,0.0
IQ,57,0,50,-60.0,0.0,54.0,5.0
IQ,57,0,51,62.0,3.0,-49.0,21.0
IQ,57,0,52,62.0,4.0,-30.0,41.0
IQ,57,0,53,-30.0,-52.0,-38.0,-37.0
IQ,57,0,54,31.0,-49.0,-35.0,40.0
IQ,57,0,55,25.0,-53.0,-14.0,47.0
IQ,57,0,56,-40.0,-39.0,-41.0,24.0
IQ,57,0,57,-15.0,49.0,-27.0,-37.0
IQ,57,0,58,-24.0,-42.0,15.0,37.0
IQ,57,0,59,46.0,2.0,3.0,-39.0
IQ,57,0,60,9.0,38.0,-33.0,6.0
IQ,57,0,61,-25.0,22.0,11.0,29.0
IQ,57,0,62,20.0,-23.0,-10.0,-17.0
IQ,57,0,63,-17.0,20.0,22.0,1.0
IQ,57,0,64,20.0,5.0,-5.0,15.0
IQ,57,0,65,0.0,0.0,0.0,0.0
IQ,57,0,66,0.0,0.0,0.0,0.0
IQ,57,0,67,0.0,0.0,0.0,0.0
IQ,57,0,68,0.0,0.0,0.0,0.0
IQ,57,0,69,0.0,0.0,0.0,0.0
IQ,57,0,70,0.0,0.0,0.0,0.0
IQ,57,0,71,0.0,0.0,0.0,0.0
IQ,57,0,72,0.0,0.0,0.0,0.0
IQ,57,0,73,0.0,0.0,0.0,0.0
IQ,57,0,74,0.0,0.0,0.0,0.0
IQ,57,0,75,0.0,0.0,0.0,0.0
IQ,57,0,76,0.0,0.0,0.0,0.0
CS,57,0,1,7.612,10.292,8.919,16,1904
IQ,58,0,2,43.0,77.0,90.0,-36.0
IQ,58,0,3,82.0,-37.0,88.0,51.0
IQ,58,0,4,14.0,-92.0,39.0,94.0
IQ,58,0,5,-53.0,82.0,-99.0,-36.0
IQ,58,0,6,68.0,-67.0,102.0,-28.0
IQ,58,0,7,0.0,0.0,0.0,0.0
IQ,58,0,8,92.0,26.0,-61.0,-92.0
IQ,58,0,9,82.0,-47.0,-25.0,-106.0
IQ,58,0,10,-79.0,61.0,50.0,94.0
IQ,58,0,11,90.0,17.0,-101.0,18.0
IQ,58,0,12,62.0,69.0,-38.0,96.0
IQ,58,0,13,0.0,0.0,0.0,0.0
IQ,58,0,14,80.0,22.0,-6.0,92.0
IQ,58,0,15,-53.0,66.0,61.0,-69.0
IQ,58,0,16,-39.0,69.0,40.0,-72.0
IQ,58,0,17,-38.0,62.0,5.0,-79.0
IQ,58,0,18,22.0,-70.0,3.0,71.0
IQ,58,0,19,10.0,63.0,-2.0,-67.0
IQ,58,0,20,7.0,-62.0,34.0,53.0
IQ,58,0,21,-17.0,54.0,-55.0,-24.0
IQ,58,0,22,39.0,39.0,-23.0,-53.0
IQ,58,0,23,0.0,0.0,0.0,0.0
IQ,58,0,24,0.0,0.0,0.0,0.0
IQ,58,0,25,0.0,0.0,0.0,0.0
IQ,58,0,26,-14.0,41.0,1.0,43.0
IQ,58,0,27,-36.0,-13.0,33.0,-14.0
IQ,58,0,28,-19.0,-25.0,2.0,-30.0
IQ,58,0,29,11.0,-25.0,-29.0,-8.0
IQ,58,0,30,0.0,0.0,0.0,0.0
IQ,58,0,31,0.0,0.0,0.0,0.0
IQ,58,0,32,0.0,0.0,0.0,0.0
IQ,58,0,33,0.0,0.0,0.0,0.0
IQ,58,0,34,0.0,0.0,0.0,0.0
IQ,58,0,35,0.0,0.0,0.0,0.0
IQ,58,0,36,23.0,-9.0,1.0,-23.0
IQ,58,0,37,-7.0,-29.0,25.0,-13.0
IQ,58,0,38,35.0,-16.0,-28.0,-24.0
IQ,58,0,39,-38.0,-10.0,33.0,-24.0
IQ,58,0,40,47.0,-5.0,-32.0,31.0
IQ,58,0,41,6.0,52.0,50.0,14.0
IQ,58,0,42,56.0,-9.0,8.0,51.0
IQ,58,0,43,59.0,5.0,43.0,34.0
IQ,58,0,44,47.0,-35.0,33.0,45.0
IQ,58,0,45,-50.0,33.0,-55.0,-17.0
IQ,58,0,46,58.0,-17.0,48.0,-27.0
IQ,58,0,47,57.0,14.0,3.0,-57.0
IQ,58,0,48,-23.0,-58.0,52.0,12.0
IQ,58,0,49,45.0,37.0,-53.0,-17.0
IQ,58,0,50,-38.0,48.0,5.0,53.0
IQ,58,0,51,3.0,56.0,0.0,54.0
IQ,58,0,52,-22.0,-54.0,3.0,-54.0
IQ,58,0,53,-51.0,23.0,46.0,-29.0
IQ,58,0,54,-3.0,-56.0,-49.0,-13.0
IQ,58,0,55,-55.0,-16.0,-27.0,-39.0
IQ,58,0,56,46.0,27.0,49.0,2.0
IQ,58,0,57,30.0,-39.0,20.0,39.0
IQ,58,0,58,0.0,0.0,0.0,0.0
IQ,58,0,59,22.0,-36.0,37.0,-2.0
IQ,58,0,60,20.0,-34.0,30.0,-20.0
IQ,58,0,61,16.0,33.0,-29.0,1.0
IQ,58,0,62,5.0,-27.0,11.0,-24.0
IQ,58,0,63,-6.0,-22.0,3.0,-17.0
IQ,58,0,64,-14.0,-17.0,0.0,-17.0
IQ,58,0,65,0.0,0.0,0.0,0.0
IQ,58,0,66,0.0,0.0,0.0,0.0
IQ,58,0,67,0.0,0.0,0.0,0.0
IQ,58,0,68,0.0,0.0,0.0,0.0
IQ,58,0,69,0.0,0.0,0.0,0.0
IQ,58,0,70,0.0,0.0,0.0,0.0
IQ,58,0,71,0.0,0.0,0.0,0.0
IQ,58,0,72,0.0,0.0,0.0,0.0
IQ,58,0,73,0.0,0.0,0.0,0.0
IQ,58,0,74,0.0,0.0,0.0,0.0
IQ,58,0,75,0.0,0.0,0.0,0.0
IQ,58,0,76,0.0,0.0,0.0,0.0
CS,58,0,1,7.026,10.142,11.033,14,2061
IQ,59,0,2,-81.0,-35.0,-82.0,-53.0
IQ,59,0,3,-89.0,21.0,-71.0,-75.0
IQ,59,0,4,34.0,88.0,64.0,-86.0
IQ,59,0,5,-91.0,-27.0,-88.0,60.0
IQ,59,0,6,-74.0,-61.0,-18.0,107.0
IQ,59,0,7,54.0,-83.0,109.0,-24.0
IQ,59,0,8,-88.0,48.0,-63.0,89.0
IQ,59,0,9,6.0,99.0,-105.0,25.0
IQ,59,0,10,82.0,53.0,-105.0,-21.0
IQ,59,0,11,-59.0,-78.0,93.0,-52.0
IQ,59,0,12,-59.0,72.0,66.0,76.0
IQ,59,0,13,90.0,11.0,-79.0,62.0
IQ,59,0,14,13.0,-87.0,-82.0,-46.0
IQ,59,0,15,33.0,74.0,73.0,48.0
IQ,59,0,16,18.0,-77.0,-78.0,35.0
IQ,59,0,17,66.0,-28.0,18.0,76.0
IQ,59,0,18,-65.0,26.0,-44.0,-62.0
IQ,59,0,19,36.0,-55.0,30.0,63.0
IQ,59,0,20,9.0,61.0,3.0,-65.0
IQ,59,0,21,8.0,57.0,-19.0,-56.0
IQ,59,0,22,-26.0,49.0,-56.0,-8.0
IQ,59,0,23,0.0,0.0,0.0,0.0
IQ,59,0,24,0.0,0.0,0.0,0.0
IQ,59,0,25,0.0,0.0,0.0,0.0
IQ,59,0,26,6.0,43.0,-32.0,27.0
IQ,59,0,27,27.0,-24.0,-18.0,-30.0
IQ,59,0,28,0.0,0.0,0.0,0.0
IQ,59,0,29,11.0,-27.0,-27.0,-10.0
IQ,59,0,30,-15.0,16.0,24.0,0.0
IQ,59,0,31,0.0,0.0,0.0,0.0
IQ,59,0,32,0.0,0.0,0.0,0.0
IQ,59,0,33,0.0,0.0,0.0,0.0
IQ,59,0,34,0.0,0.0,0.0,0.0
IQ,59,0,35,0.0,0.0,0.0,0.0
IQ,59,0,36,0.0,0.0,0.0,0.0
IQ,59,0,37,24.0,-20.0,9.0,-26.0
IQ,59,0,38,0.0,0.0,0.0,0.0
IQ,59,0,39,0.0,0.0,0.0,0.0
IQ,59,0,40,-40.0,-24.0,30.0,-36.0
IQ,59,0,41,-15.0,-52.0,-32.0,-40.0
IQ,59,0,42,40.0,-40.0,-43.0,31.0
IQ,59,0,43,53.0,-23.0,-1.0,54.0
IQ,59,0,44,12.0,59.0,44.0,-38.0
IQ,59,0,45,47.0,-36.0,36.0,41.0
IQ,59,0,46,5.0,-62.0,30.0,46.0
IQ,59,0,47,37.0,-50.0,60.0,3.0
IQ,59,0,48,41.0,-43.0,45.0,-27.0
IQ,59,0,49,61.0,22.0,-28.0,-48.0
IQ,59,0,50,-46.0,42.0,0.0,54.0
IQ,59,0,51,34.0,-52.0,-9.0,-58.0
IQ,59,0,52,-11.0,-61.0,11.0,-54.0
IQ,59,0,53,-32.0,47.0,50.0,27.0
IQ,59,0,54,-38.0,43.0,51.0,-10.0
IQ,59,0,55,37.0,-46.0,-37.0,26.0
IQ,59,0,56,34.0,45.0,50.0,8.0
IQ,59,0,57,47.0,8.0,44.0,12.0
IQ,59,0,58,4.0,49.0,-3.0,-43.0
IQ,59,0,59,-17.0,38.0,-29.0,-23.0
IQ,59,0,60,36.0,16.0,-4.0,-33.0
IQ,59,0,61,4.0,-35.0,29.0,-6.0
IQ,59,0,62,15.0,-30.0,10.0,-29.0
IQ,59,0,63,5.0,22.0,-10.0,17.0
IQ,59,0,64,-21.0,11.0,12.0,9.0
IQ,59,0,65,0.0,0.0,0.0,0.0
IQ,59,0,66,0.0,0.0,0.0,0.0
IQ,59,0,67,0.0,0.0,0.0,0.0
IQ,59,0,68,0.0,0.0,0.0,0.0
IQ,59,0,69,0.0,0.0,0.0,0.0
IQ,59,0,70,0.0,0.0,0.0,0.0
IQ,59,0,71,0.0,0.0,0.0,0.0
IQ,59,0,72,0.0,0.0,0.0,0.0
IQ,59,0,73,0.0,0.0,0.0,0.0
IQ,59,0,74,0.0,0.0,0.0,0.0
IQ,59,0,75,0.0,0.0,0.0,0.0
IQ,59,0,76,0.0,0.0,0.0,0.0
CS,59,0,1,7.747,10.172,11.126,9,1336
IQ,60,0,2,-54.0,67.0,-7.0,-97.0
IQ,60,0,3,-30.0,84.0,-14.0,-103.0
IQ,60,0,4,0.0,0.0,0.0,0.0
IQ,60,0,5,0.0,0.0,0.0,0.0
IQ,60,0,6,0.0,0.0,0.0,0.0
IQ,60,0,7,0.0,0.0,0.0,0.0
IQ,60,0,8,0.0,0.0,0.0,0.0
IQ,60,0,9,0.0,0.0,0.0,0.0
IQ,60,0,10,0.0,0.0,0.0,0.0
IQ,60,0,11,0.0,0.0,0.0,0.0
IQ,60,0,12,0.0,0.0,0.0,0.0
IQ,60,0,13,0.0,0.0,0.0,0.0
IQ,60,0,14,0.0,0.0,0.0,0.0
IQ,60,0,15,0.0,0.0,0.0,0.0
IQ,60,0,16,0.0,0.0,0.0,0.0
IQ,60,0,17,0.0,0.0,0.0,0.0
IQ,60,0,18,0.0,0.0,0.0,0.0
IQ,60,0,19,0.0,0.0,0.0,0.0
IQ,60,0,20,0.0,0.0,0.0,0.0
IQ,60,0,21,0.0,0.0,0.0,0.0
IQ,60,0,22,0.0,0.0,0.0,0.0
IQ,60,0,23,0.0,0.0,0.0,0.0
IQ,60,0,24,0.0,0.0,0.0,0.0
IQ,60,0,25,0.0,0.0,0.0,0.0
IQ,60,0,26,24.0,-31.0,-18.0,-39.0
IQ,60,0,27,0.0,0.0,0.0,0.0
IQ,60,0,28,0.0,0.0,0.0,0.0
IQ,60,0,29,0.0,0.0,0.0,0.0
IQ,60,0,30,27.0,13.0,-4.0,-22.0
IQ,60,0,31,0.0,0.0,0.0,0.0
IQ,60,0,32,0.0,0.0,0.0,0.0
IQ,60,0,33,0.0,0.0,0.0,0.0
IQ,60,0,34,0.0,0.0,0.0,0.0
IQ,60,0,35,0.0,0.0,0.0,0.0
IQ,60,0,36,-15.0,-17.0,20.0,10.0
IQ,60,0,37,12.0,-28.0,19.0,-23.0
IQ,60,0,38,-25.0,22.0,9.0,32.0
IQ,60,0,39,-42.0,-15.0,40.0,-19.0
IQ,60,0,40,26.0,40.0,-1.0,46.0
IQ,60,0,41,-48.0,-16.0,1.0,-52.0
IQ,60,0,42,-33.0,-47.0,-50.0,-21.0
IQ,60,0,43,53.0,-19.0,24.0,50.0
IQ,60,0,44,14.0,55.0,32.0,-48.0
IQ,60,0,45,37.0,-49.0,40.0,36.0
IQ,60,0,46,53.0,-33.0,56.0,-10.0
IQ,60,0,47,-32.0,-50.0,28.0,45.0
IQ,60,0,48,-2.0,62.0,-57.0,1.0
IQ,60,0,49,44.0,-42.0,19.0,-50.0
IQ,60,0,50,48.0,34.0,-57.0,-1.0
IQ,60,0,51,42.0,-45.0,-31.0,-43.0
IQ,60,0,52,50.0,38.0,-28.0,47.0
IQ,60,0,53,29.0,53.0,11.0,52.0
IQ,60,0,54,-58.0,-5.0,9.0,-49.0
IQ,60,0,55,35.0,42.0,48.0,15.0
IQ,60,0,56,43.0,32.0,45.0,9.0
IQ,60,0,57,-45.0,-21.0,-42.0,9.0
IQ,60,0,58,38.0,-23.0,41.0,4.0
IQ,60,0,59,-43.0,14.0,-31.0,26.0
IQ,60,0,60,2.0,37.0,-32.0,-8.0
IQ,60,0,61,-25.0,25.0,-12.0,26.0
IQ,60,0,62,17.0,-22.0,1.0,-27.0
IQ,60,0,63,23.0,-9.0,-20.0,-3.0
IQ,60,0,64,0.0,0.0,0.0,0.0
IQ,60,0,65,0.0,0.0,0.0,0.0
IQ,60,0,66,0.0,0.0,0.0,0.0
IQ,60,0,67,0.0,0.0,0.0,0.0
IQ,60,0,68,0.0,0.0,0.0,0.0
IQ,60,0,69,0.0,0.0,0.0,0.0
IQ,60,0,70,0.0,0.0,0.0,0.0
IQ,60,0,71,0.0,0.0,0.0,0.0
IQ,60,0,72,0.0,0.0,0.0,0.0
IQ,60,0,73,0.0,0.0,0.0,0.0
IQ,60,0,74,0.0,0.0,0.0,0.0
IQ,60,0,75,0.0,0.0,0.0,0.0
IQ,60,0,76,0.0,0.0,0.0,0.0
CS,60,0,1,7.939,11.270,8.673,7,810
IQ,61,0,2,-62.0,-59.0,-92.0,-34.0
IQ,61,0,3,68.0,-54.0,16.0,101.0
IQ,61,0,4,-55.0,-76.0,-88.0,56.0
IQ,61,0,5,66.0,-67.0,76.0,73.0
IQ,61,0,6,77.0,53.0,60.0,-91.0
IQ,61,0,7,96.0,1.0,67.0,-85.0
IQ,61,0,8,-87.0,36.0,-70.0,86.0
IQ,61,0,9,0.0,0.0,0.0,0.0
IQ,61,0,10,-10.0,-94.0,100.0,-39.0
IQ,61,0,11,19.0,91.0,-73.0,72.0
IQ,61,0,12,60.0,-75.0,-48.0,-91.0
IQ,61,0,13,58.0,-67.0,-85.0,-53.0
IQ,61,0,14,0.0,0.0,0.0,0.0
IQ,61,0,15,-70.0,-45.0,-15.0,-91.0
IQ,61,0,16,-1.0,-79.0,-83.0,-13.0
IQ,61,0,17,-15.0,70.0,66.0,-44.0
IQ,61,0,18,45.0,54.0,73.0,2.0
IQ,61,0,19,0.0,0.0,0.0,0.0
IQ,61,0,20,0.0,0.0,0.0,0.0
IQ,61,0,21,0.0,0.0,0.0,0.0
IQ,61,0,22,-24.0,48.0,-52.0,-23.0
IQ,61,0,23,0.0,0.0,0.0,0.0
IQ,61,0,24,0.0,0.0,0.0,0.0
IQ,61,0,25,0.0,0.0,0.0,0.0
IQ,61,0,26,-26.0,-31.0,43.0,3.0
IQ,61,0,27,0.0,0.0,0.0,0.0
IQ,61,0,28,-31.0,1.0,33.0,1.0
IQ,61,0,29,-9.0,25.0,20.0,20.0
IQ,61,0,30,-19.0,-2.0,11.0,-14.0
IQ,61,0,31,0.0,0.0,0.0,0.0
IQ,61,0,32,0.0,0.0,0.0,0.0
IQ,61,0,33,0.0,0.0,0.0,0.0
IQ,61,0,34,0.0,0.0,0.0,0.0
IQ,61,0,35,-12.0,12.0,-16.0,-5.0
IQ,61,0,36,22.0,-6.0,10.0,-17.0
IQ,61,0,37,23.0,18.0,-26.0,-15.0
IQ,61,0,38,6.0,-37.0,27.0,-26.0
IQ,61,0,39,0.0,0.0,0.0,0.0
IQ,61,0,40,-32.0,38.0,33.0,32.0
IQ,61,0,41,51.0,-1.0,-42.0,29.0
IQ,61,0,42,0.0,0.0,0.0,0.0
IQ,61,0,43,35.0,47.0,47.0,26.0
IQ,61,0,44,19.0,56.0,51.0,-23.0
IQ,61,0,45,-61.0,20.0,-44.0,-38.0
IQ,61,0,46,50.0,28.0,44.0,-34.0
IQ,61,0,47,-25.0,51.0,-51.0,-24.0
IQ,61,0,48,58.0,-11.0,33.0,-43.0
IQ,61,0,49,-43.0,48.0,-42.0,38.0
IQ,61,0,50,55.0,-29.0,6.0,-56.0
IQ,61,0,51,25.0,53.0,-49.0,30.0
IQ,61,0,52,49.0,28.0,-51.0,12.0
IQ,61,0,53,-28.0,50.0,37.0,39.0
IQ,61,0,54,-58.0,-7.0,32.0,-40.0
IQ,61,0,55,-46.0,-30.0,-16.0,-49.0
IQ,61,0,56,42.0,33.0,38.0,26.0
IQ,61,0,57,-48.0,13.0,-22.0,-38.0
IQ,61,0,58,-48.0,-7.0,-42.0,-2.0
IQ,61,0,59,39.0,21.0,25.0,-27.0
IQ,61,0,60,-17.0,32.0,-33.0,-6.0
IQ,61,0,61,25.0,-28.0,22.0,-19.0
IQ,61,0,62,6.0,-29.0,23.0,-14.0
IQ,61,0,63,0.0,0.0,0.0,0.0
IQ,61,0,64,0.0,0.0,0.0,0.0
IQ,61,0,65,0.0,0.0,0.0,0.0
IQ,61,0,66,0.0,0.0,0.0,0.0
IQ,61,0,67,0.0,0.0,0.0,0.0
IQ,61,0,68,0.0,0.0,0.0,0.0
IQ,61,0,69,0.0,0.0,0.0,0.0
IQ,61,0,70,0.0,0.0,0.0,0.0
IQ,61,0,71,0.0,0.0,0.0,0.0
IQ,61,0,72,0.0,0.0,0.0,0.0
IQ,61,0,73,0.0,0.0,0.0,0.0
IQ,61,0,74,0.0,0.0,0.0,0.0
IQ,61,0,75,0.0,0.0,0.0,0.0
IQ,61,0,76,0.0,0.0,0.0,0.0
CS,61,0,1,7.731,10.152,9.631,12,1542
IQ,63,0,2,0.0,0.0,0.0,0.0
IQ,63,0,3,0.0,0.0,0.0,0.0
IQ,63,0,4,0.0,0.0,0.0,0.0
IQ,63,0,5,0.0,0.0,0.0,0.0
IQ,63,0,6,0.0,0.0,0.0,0.0
IQ,63,0,7,0.0,0.0,0.0,0.0
IQ,63,0,8,0.0,0.0,0.0,0.0
IQ,63,0,9,0.0,0.0,0.0,0.0
IQ,63,0,10,0.0,0.0,0.0,0.0
IQ,63,0,11,0.0,0.0,0.0,0.0
IQ,63,0,12,0.0,0.0,0.0,0.0
IQ,63,0,13,0.0,0.0,0.0,0.0
IQ,63,0,14,0.0,0.0,0.0,0.0
IQ,63,0,15,0.0,0.0,0.0,0.0
IQ,63,0,16,0.0,0.0,0.0,0.0
IQ,63,0,17,0.0,0.0,0.0,0.0
IQ,63,0,18,0.0,0.0,0.0,0.0
IQ,63,0,19,0.0,0.0,0.0,0.0
IQ,63,0,20,0.0,0.0,0.0,0.0
IQ,63,0,21,0.0,0.0,0.0,0.0
IQ,63,0,22,0.0,0.0,0.0,0.0
IQ,63,0,23,0.0,0.0,0.0,0.0
IQ,63,0,24,0.0,0.0,0.0,0.0
IQ,63,0,25,0.0,0.0,0.0,0.0
IQ,63,0,26,0.0,0.0,0.0,0.0
IQ,63,0,27,0.0,0.0,0.0,0.0
IQ,63,0,28,0.0,0.0,0.0,0.0
IQ,63,0,29,0.0,0.0,0.0,0.0
IQ,63,0,30,-13.0,-20.0,-23.0,3.0
IQ,63,0,31,0.0,0.0,0.0,0.0
IQ,63,0,32,0.0,0.0,0.0,0.0
IQ,63,0,33,0.0,0.0,0.0,0.0
IQ,63,0,34,0.0,0.0,0.0,0.0
IQ,63,0,35,0.0,0.0,0.0,0.0
IQ,63,0,36,0.0,0.0,0.0,0.0
IQ,63,0,37,0.0,0.0,0.0,0.0
IQ,63,0,38,0.0,0.0,0.0,0.0
IQ,63,0,39,0.0,0.0,0.0,0.0
IQ,63,0,40,0.0,0.0,0.0,0.0
IQ,63,0,41,0.0,0.0,0.0,0.0
IQ,63,0,42,0.0,0.0,0.0,0.0
IQ,63,0,43,0.0,0.0,0.0,0.0
IQ,63,0,44,0.0,0.0,0.0,0.0
IQ,63,0,45,0.0,0.0,0.0,0.0
IQ,63,0,46,0.0,0.0,0.0,0.0
IQ,63,0,47,0.0,0.0,0.0,0.0
IQ,63,0,48,0.0,0.0,0.0,0.0
IQ,63,0,49,0.0,0.0,0.0,0.0
IQ,63,0,50,0.0,0.0,0.0,0.0
IQ,63,0,51,0.0,0.0,0.0,0.0
IQ,63,0,52,0.0,0.0,0.0,0.0
IQ,63,0,53,0.0,0.0,0.0,0.0
IQ,63,0,54,0.0,0.0,0.0,0.0
IQ,63,0,55,0.0,0.0,0.0,0.0
IQ,63,0,56,0.0,0.0,0.0,0.0
IQ,63,0,57,0.0,0.0,0.0,0.0
IQ,63,0,58,0.0,0.0,0.0,0.0
IQ,63,0,59,0.0,0.0,0.0,0.0
IQ,63,0,60,0.0,0.0,0.0,0.0
IQ,63,0,61,35.0,9.0,-30.0,-1.0
IQ,63,0,62,0.0,0.0,0.0,0.0
IQ,63,0,63,0.0,0.0,0.0,0.0
IQ,63,0,64,0.0,0.0,0.0,0.0
IQ,63,0,65,0.0,0.0,0.0,0.0
IQ,63,0,66,0.0,0.0,0.0,0.0
IQ,63,0,67,0.0,0.0,0.0,0.0
IQ,63,0,68,0.0,0.0,0.0,0.0
IQ,63,0,69,0.0,0.0,0.0,0.0
IQ,63,0,70,0.0,0.0,0.0,0.0
IQ,63,0,71,0.0,0.0,0.0,0.0
IQ,63,0,72,0.0,0.0,0.0,0.0
IQ,63,0,73,0.0,0.0,0.0,0.0
IQ,63,0,74,0.0,0.0,0.0,0.0
IQ,63,0,75,0.0,0.0,0.0,0.0
IQ,63,0,76,0.0,0.0,0.0,0.0
CS,63,0,0,nan,nan,11.958,11,1755
IQ,64,0,2,-88.0,-19.0,99.0,-11.0
IQ,64,0,3,-22.0,86.0,53.0,88.0
IQ,64,0,4,8.0,91.0,52.0,92.0
IQ,64,0,5,0.0,0.0,0.0,0.0
IQ,64,0,6,-43.0,-81.0,-83.0,-70.0
IQ,64,0,7,0.0,0.0,0.0,0.0
IQ,64,0,8,0.0,0.0,0.0,0.0
IQ,64,0,9,90.0,12.0,105.0,27.0
IQ,64,0,10,71.0,-67.0,78.0,70.0
IQ,64,0,11,-91.0,23.0,-102.0,25.0
IQ,64,0,12,-81.0,52.0,-97.0,35.0
IQ,64,0,13,0.0,0.0,0.0,0.0
IQ,64,0,14,0.0,0.0,0.0,0.0
IQ,64,0,15,0.0,0.0,0.0,0.0
IQ,64,0,16,-30.0,73.0,-15.0,84.0
IQ,64,0,17,0.0,0.0,0.0,0.0
IQ,64,0,18,65.0,28.0,-53.0,49.0
IQ,64,0,19,0.0,0.0,0.0,0.0
IQ,64,0,20,0.0,0.0,0.0,0.0
IQ,64,0,21,0.0,0.0,0.0,0.0
IQ,64,0,22,-41.0,33.0,29.0,-45.0
IQ,64,0,23,0.0,0.0,0.0,0.0
IQ,64,0,24,0.0,0.0,0.0,0.0
IQ,64,0,25,0.0,0.0,0.0,0.0
IQ,64,0,26,0.0,0.0,0.0,0.0
IQ,64,0,27,0.0,0.0,0.0,0.0
IQ,64,0,28,0.0,0.0,0.0,0.0
IQ,64,0,29,0.0,0.0,0.0,0.0
IQ,64,0,30,0.0,0.0,0.0,0.0
IQ,64,0,31,0.0,0.0,0.0,0.0
IQ,64,0,32,0.0,0.0,0.0,0.0
IQ,64,0,33,0.0,0.0,0.0,0.0
IQ,64,0,34,0.0,0.0,0.0,0.0
IQ,64,0,35,0.0,0.0,0.0,0.0
IQ,64,0,36,23.0,-3.0,11.0,20.0
IQ,64,0,37,-27.0,18.0,-21.0,-23.0
IQ,64,0,38,17.0,32.0,13.0,-32.0
IQ,64,0,39,0.0,0.0,0.0,0.0
IQ,64,0,40,13.0,44.0,-34.0,-31.0
IQ,64,0,41,53.0,9.0,-20.0,-45.0
IQ,64,0,42,22.0,51.0,-51.0,17.0
IQ,64,0,43,-56.0,31.0,34.0,43.0
IQ,64,0,44,-56.0,-22.0,46.0,-24.0
IQ,64,0,45,-54.0,32.0,55.0,-4.0
IQ,64,0,46,40.0,-37.0,-48.0,27.0
IQ,64,0,47,43.0,39.0,39.0,39.0
IQ,64,0,48,48.0,-37.0,-8.0,55.0
IQ,64,0,49,-50.0,34.0,-20.0,-52.0
IQ,64,0,50,-13.0,-59.0,-19.0,50.0
IQ,64,0,51,-41.0,44.0,-48.0,-28.0
IQ,64,0,52,0.0,0.0,0.0,0.0
IQ,64,0,53,-25.0,54.0,-54.0,4.0
IQ,64,0,54,32.0,-47.0,36.0,-39.0
IQ,64,0,55,-35.0,45.0,-3.0,53.0
IQ,64,0,56,-53.0,-3.0,47.0,4.0
IQ,64,0,57,-11.0,-48.0,-4.0,-44.0
IQ,64,0,58,-36.0,-32.0,-6.0,-42.0
IQ,64,0,59,27.0,29.0,27.0,28.0
IQ,64,0,60,-30.0,20.0,9.0,-35.0
IQ,64,0,61,31.0,-12.0,19.0,20.0
IQ,64,0,62,-29.0,0.0,-20.0,0.0
IQ,64,0,63,0.0,0.0,0.0,0.0
IQ,64,0,64,0.0,0.0,0.0,0.0
IQ,64,0,65,0.0,0.0,0.0,0.0
IQ,64,0,66,0.0,0.0,0.0,0.0
IQ,64,0,67,0.0,0.0,0.0,0.0
IQ,64,0,68,0.0,0.0,0.0,0.0
IQ,64,0,69,0.0,0.0,0.0,0.0
IQ,64,0,70,0.0,0.0,0.0,0.0
IQ,64,0,71,0.0,0.0,0.0,0.0
IQ,64,0,72,0.0,0.0,0.0,0.0
IQ,64,0,73,0.0,0.0,0.0,0.0
IQ,64,0,74,0.0,0.0,0.0,0.0
IQ,64,0,75,0.0,0.0,0.0,0.0
IQ,64,0,76,0.0,0.0,0.0,0.0
CS,64,0,1,7.654,10.268,9.795,13,1699
IQ,65,0,2,47.0,-72.0,-12.0,97.0
IQ,65,0,3,-23.0,-88.0,-55.0,89.0
IQ,65,0,4,-94.0,-13.0,-103.0,28.0
IQ,65,0,5,-91.0,-6.0,-86.0,65.0
IQ,65,0,6,31.0,-90.0,101.0,30.0
IQ,65,0,7,-68.0,71.0,-88.0,60.0
IQ,65,0,8,-70.0,-71.0,95.0,53.0
IQ,65,0,9,-95.0,-16.0,71.0,82.0
IQ,65,0,10,2.0,-98.0,43.0,-98.0
IQ,65,0,11,-82.0,48.0,86.0,57.0
IQ,65,0,12,-18.0,93.0,47.0,89.0
IQ,65,0,13,-18.0,91.0,85.0,48.0
IQ,65,0,14,44.0,-76.0,-91.0,24.0
IQ,65,0,15,-21.0,-80.0,-87.0,-14.0
IQ,65,0,16,-79.0,-15.0,-52.0,-64.0
IQ,65,0,17,68.0,-29.0,35.0,72.0
IQ,65,0,18,12.0,67.0,31.0,-67.0
IQ,65,0,19,0.0,0.0,0.0,0.0
IQ,65,0,20,-20.0,-55.0,6.0,64.0
IQ,65,0,21,11.0,-53.0,50.0,31.0
IQ,65,0,22,4.0,54.0,-46.0,-30.0
IQ,65,0,23,0.0,0.0,0.0,0.0
IQ,65,0,24,0.0,0.0,0.0,0.0
IQ,65,0,25,0.0,0.0,0.0,0.0
IQ,65,0,26,-41.0,5.0,35.0,24.0
IQ,65,0,27,11.0,36.0,-15.0,34.0
IQ,65,0,28,27.0,17.0,-20.0,27.0
IQ,65,0,29,27.0,-5.0,-23.0,17.0
IQ,65,0,30,0.0,0.0,0.0,0.0
IQ,65,0,31,0.0,0.0,0.0,0.0
IQ,65,0,32,0.0,0.0,0.0,0.0
IQ,65,0,33,0.0,0.0,0.0,0.0
IQ,65,0,34,0.0,0.0,0.0,0.0
IQ,65,0,35,0.0,0.0,0.0,0.0
IQ,65,0,36,25.0,17.0,-18.0,-17.0
IQ,65,0,37,1.0,31.0,-22.0,18.0
IQ,65,0,38,-19.0,-34.0,25.0,-24.0
IQ,65,0,39,0.0,0.0,0.0,0.0
IQ,65,0,40,30.0,39.0,-5.0,46.0
IQ,65,0,41,-39.0,-36.0,-25.0,-42.0
IQ,65,0,42,19.0,-50.0,-42.0,29.0
IQ,65,0,43,-13.0,55.0,32.0,-40.0
IQ,65,0,44,-38.0,-49.0,-48.0,27.0
IQ,65,0,45,-58.0,19.0,-59.0,-9.0
IQ,65,0,46,40.0,46.0,4.0,-55.0
IQ,65,0,47,-54.0,-29.0,7.0,57.0
IQ,65,0,48,32.0,-49.0,51.0,-31.0
IQ,65,0,49,31.0,-53.0,31.0,-47.0
IQ,65,0,50,56.0,18.0,-52.0,-20.0
IQ,65,0,51,48.0,-42.0,-35.0,-43.0
IQ,65,0,52,-40.0,-41.0,19.0,-51.0
IQ,65,0,53,9.0,-57.0,-47.0,-27.0
IQ,65,0,54,-34.0,-43.0,-36.0,-39.0
IQ,65,0,55,38.0,-40.0,-21.0,46.0
IQ,65,0,56,1.0,-53.0,-32.0,33.0
IQ,65,0,57,-19.0,-47.0,-24.0,37.0
IQ,65,0,58,16.0,45.0,-4.0,-40.0
IQ,65,0,59,-29.0,-27.0,6.0,38.0
IQ,65,0,60,30.0,19.0,-16.0,-27.0
IQ,65,0,61,-33.0,6.0,10.0,25.0
IQ,65,0,62,16.0,25.0,-17.0,16.0
IQ,65,0,63,-14.0,-20.0,8.0,-17.0
IQ,65,0,64,-15.0,-12.0,2.0,-17.0
IQ,65,0,65,0.0,0.0,0.0,0.0
IQ,65,0,66,0.0,0.0,0.0,0.0
IQ,65,0,67,0.0,0.0,0.0,0.0
IQ,65,0,68,0.0,0.0,0.0,0.0
IQ,65,0,69,0.0,0.0,0.0,0.0
IQ,65,0,70,0.0,0.0,0.0,0.0
IQ,65,0,71,0.0,0.0,0.0,0.0
IQ,65,0,72,0.0,0.0,0.0,0.0
IQ,65,0,73,0.0,0.0,0.0,0.0
IQ,65,0,74,0.0,0.0,0.0,0.0
IQ,65,0,75,0.0,0.0,0.0,0.0
IQ,65,0,76,0.0,0.0,0.0,0.0
CS,65,0,1,7.714,10.278,10.438,15,2089
IQ,66,0,2,-22.0,84.0,21.0,-96.0
IQ,66,0,3,-87.0,-15.0,-100.0,15.0
IQ,66,0,4,48.0,77.0,29.0,-104.0
IQ,66,0,5,-75.0,59.0,-105.0,7.0
IQ,66,0,6,-91.0,-36.0,-6.0,110.0
IQ,66,0,7,0.0,0.0,0.0,0.0
IQ,66,0,8,88.0,38.0,-76.0,-82.0
IQ,66,0,9,84.0,-53.0,-29.0,-109.0
IQ,66,0,10,-8.0,-97.0,42.0,-101.0
IQ,66,0,11,92.0,18.0,-103.0,32.0
IQ,66,0,12,91.0,-9.0,-93.0,44.0
IQ,66,0,13,-80.0,48.0,88.0,-42.0
IQ,66,0,14,52.0,70.0,61.0,72.0
IQ,66,0,15,81.0,18.0,41.0,80.0
IQ,66,0,16,-70.0,34.0,-20.0,-83.0
IQ,66,0,17,71.0,0.0,71.0,41.0
IQ,66,0,18,-35.0,59.0,-31.0,-70.0
IQ,66,0,19,-48.0,45.0,-66.0,-31.0
IQ,66,0,20,30.0,-55.0,59.0,27.0
IQ,66,0,21,-54.0,-18.0,-14.0,55.0
IQ,66,0,22,-5.0,55.0,-57.0,-7.0
IQ,66,0,23,0.0,0.0,0.0,0.0
IQ,66,0,24,0.0,0.0,0.0,0.0
IQ,66,0,25,0.0,0.0,0.0,0.0
IQ,66,0,26,0.0,0.0,0.0,0.0
IQ,66,0,27,0.0,0.0,0.0,0.0
IQ,66,0,28,-23.0,-21.0,0.0,-38.0
IQ,66,0,29,-26.0,-13.0,-9.0,-27.0
IQ,66,0,30,-3.0,23.0,20.0,1.0
IQ,66,0,31,0.0,0.0,0.0,0.0
IQ,66,0,32,0.0,0.0,0.0,0.0
IQ,66,0,33,0.0,0.0,0.0,0.0
IQ,66,0,34,0.0,0.0,0.0,0.0
IQ,66,0,35,0.0,0.0,0.0,0.0
IQ,66,0,36,0.0,0.0,0.0,0.0
IQ,66,0,37,18.0,24.0,-30.0,5.0
IQ,66,0,38,-19.0,30.0,10.0,34.0
IQ,66,0,39,40.0,2.0,-38.0,17.0
IQ,66,0,40,19.0,-46.0,-42.0,-21.0
IQ,66,0,41,0.0,0.0,0.0,0.0
IQ,66,0,42,-20.0,53.0,36.0,-36.0
IQ,66,0,43,0.0,0.0,0.0,0.0
IQ,66,0,44,36.0,-48.0,27.0,46.0
IQ,66,0,45,-57.0,-10.0,-50.0,29.0
IQ,66,0,46,43.0,-43.0,55.0,2.0
IQ,66,0,47,41.0,37.0,-27.0,-48.0
IQ,66,0,48,21.0,56.0,-56.0,-13.0
IQ,66,0,49,0.0,0.0,0.0,0.0
IQ,66,0,50,53.0,-25.0,-33.0,-43.0
IQ,66,0,51,15.0,-56.0,-16.0,-53.0
IQ,66,0,52,17.0,-56.0,-35.0,-42.0
IQ,66,0,53,-54.0,18.0,43.0,-28.0
IQ,66,0,54,-56.0,-20.0,-14.0,-50.0
IQ,66,0,55,-21.0,-50.0,-58.0,6.0
IQ,66,0,56,42.0,31.0,46.0,-1.0
IQ,66,0,57,-35.0,30.0,-30.0,-34.0
IQ,66,0,58,-40.0,19.0,-38.0,-3.0
IQ,66,0,59,-20.0,-33.0,17.0,36.0
IQ,66,0,60,-18.0,-35.0,37.0,6.0
IQ,66,0,61,36.0,-6.0,-16.0,-25.0
IQ,66,0,62,15.0,23.0,-18.0,15.0
IQ,66,0,63,-21.0,-7.0,15.0,-16.0
IQ,66,0,64,-18.0,-11.0,9.0,-13.0
IQ,66,0,65,0.0,0.0,0.0,0.0
IQ,66,0,66,0.0,0.0,0.0,0.0
IQ,66,0,67,0.0,0.0,0.0,0.0
IQ,66,0,68,0.0,0.0,0.0,0.0
IQ,66,0,69,0.0,0.0,0.0,0.0
IQ,66,0,70,0.0,0.0,0.0,0.0
IQ,66,0,71,0.0,0.0,0.0,0.0
IQ,66,0,72,0.0,0.0,0.0,0.0
IQ,66,0,73,0.0,0.0,0.0,0.0
IQ,66,0,74,0.0,0.0,0.0,0.0
IQ,66,0,75,0.0,0.0,0.0,0.0
IQ,66,0,76,0.0,0.0,0.0,0.0
CS,66,0,1,7.612,10.178,11.646,13,2020
IQ,67,0,2,30.0,-80.0,-27.0,96.0
IQ,67,0,3,0.0,-90.0,-12.0,105.0
IQ,67,0,4,85.0,-36.0,104.0,7.0
IQ,67,0,5,-94.0,-18.0,-68.0,80.0
IQ,67,0,6,-16.0,97.0,-101.0,-39.0
IQ,67,0,7,91.0,-30.0,43.0,-104.0
IQ,67,0,8,-93.0,27.0,1.0,108.0
IQ,67,0,9,-30.0,94.0,-50.0,95.0
IQ,67,0,10,-83.0,-51.0,105.0,-19.0
IQ,67,0,11,-30.0,90.0,43.0,93.0
IQ,67,0,12,0.0,0.0,0.0,0.0
IQ,67,0,13,70.0,56.0,12.0,100.0
IQ,67,0,14,70.0,-54.0,-70.0,63.0
IQ,67,0,15,-84.0,2.0,-21.0,-87.0
IQ,67,0,16,67.0,-35.0,2.0,85.0
IQ,67,0,17,54.0,41.0,81.0,-11.0
IQ,67,0,18,-62.0,26.0,-65.0,-36.0
IQ,67,0,19,-8.0,-61.0,11.0,66.0
IQ,67,0,20,-7.0,57.0,-45.0,-46.0
IQ,67,0,21,-49.0,-38.0,-2.0,60.0
IQ,67,0,22,51.0,2.0,12.0,-55.0
IQ,67,0,23,0.0,0.0,0.0,0.0
IQ,67,0,24,0.0,0.0,0.0,0.0
IQ,67,0,25,0.0,0.0,0.0,0.0
IQ,67,0,26,0.0,0.0,0.0,0.0
IQ,67,0,27,0.0,0.0,0.0,0.0
IQ,67,0,28,0.0,0.0,0.0,0.0
IQ,67,0,29,-16.0,21.0,29.0,-8.0
IQ,67,0,30,0.0,0.0,0.0,0.0
IQ,67,0,31,0.0,0.0,0.0,0.0
IQ,67,0,32,0.0,0.0,0.0,0.0
IQ,67,0,33,0.0,0.0,0.0,0.0
IQ,67,0,34,0.0,0.0,0.0,0.0
IQ,67,0,35,0.0,0.0,0.0,0.0
IQ,67,0,36,0.0,0.0,0.0,0.0
IQ,67,0,37,28.0,-5.0,-20.0,-21.0
IQ,67,0,38,0.0,0.0,0.0,0.0
IQ,67,0,39,-43.0,5.0,41.0,-10.0
IQ,67,0,40,-14.0,-50.0,-18.0,-41.0
IQ,67,0,41,0.0,0.0,0.0,0.0
IQ,67,0,42,0.0,0.0,0.0,0.0
IQ,67,0,43,54.0,17.0,48.0,26.0
IQ,67,0,44,0.0,0.0,0.0,0.0
IQ,67,0,45,-62.0,17.0,-54.0,1.0
IQ,67,0,46,26.0,-53.0,54.0,12.0
IQ,67,0,47,36.0,-48.0,52.0,-23.0
IQ,67,0,48,43.0,41.0,-41.0,-38.0
IQ,67,0,49,-6.0,59.0,-40.0,35.0
IQ,67,0,50,-53.0,33.0,22.0,49.0
IQ,67,0,51,-35.0,-50.0,28.0,-46.0
IQ,67,0,52,-53.0,-27.0,28.0,-44.0
IQ,67,0,53,0.0,0.0,0.0,0.0
IQ,67,0,54,20.0,57.0,49.0,18.0
IQ,67,0,55,-53.0,19.0,-1.0,-50.0
IQ,67,0,56,-39.0,-30.0,-48.0,2.0
IQ,67,0,57,49.0,-5.0,43.0,3.0
IQ,67,0,58,-32.0,36.0,-39.0,-14.0
IQ,67,0,59,-31.0,24.0,-35.0,15.0
IQ,67,0,60,-17.0,38.0,-32.0,9.0
IQ,67,0,61,-19.0,-27.0,28.0,-2.0
IQ,67,0,62,-14.0,27.0,2.0,23.0
IQ,67,0,63,0.0,0.0,0.0,0.0
IQ,67,0,64,-19.0,-4.0,12.0,-13.0
IQ,67,0,65,9.0,14.0,7.0,14.0
IQ,67,0,66,0.0,0.0,0.0,0.0
IQ,67,0,67,0.0,0.0,0.0,0.0
IQ,67,0,68,0.0,0.0,0.0,0.0
IQ,67,0,69,0.0,0.0,0.0,0.0
IQ,67,0,70,0.0,0.0,0.0,0.0
IQ,67,0,71,0.0,0.0,0.0,0.0
IQ,67,0,72,0.0,0.0,0.0,0.0
IQ,67,0,73,0.0,0.0,0.0,0.0
IQ,67,0,74,0.0,0.0,0.0,0.0
IQ,67,0,75,0.0,0.0,0.0,0.0
IQ,67,0,76,0.0,0.0,0.0,0.0
CS,67,0,1,7.612,10.134,8.488,12,1359
IQ,69,0,2,-75.0,-44.0,-92.0,-33.0
IQ,69,0,3,-53.0,74.0,-12.0,-99.0
IQ,69,0,4,-88.0,22.0,-99.0,-34.0
IQ,69,0,5,-37.0,87.0,-76.0,-79.0
IQ,69,0,6,91.0,32.0,42.0,-99.0
IQ,69,0,7,42.0,86.0,-79.0,-75.0
IQ,69,0,8,-96.0,33.0,-38.0,104.0
IQ,69,0,9,1.0,99.0,-96.0,53.0
IQ,69,0,10,-64.0,-71.0,104.0,-22.0
IQ,69,0,11,68.0,63.0,-92.0,51.0
IQ,69,0,12,-25.0,90.0,44.0,88.0
IQ,69,0,13,61.0,66.0,-15.0,98.0
IQ,69,0,14,-34.0,82.0,93.0,10.0
IQ,69,0,15,-35.0,-78.0,-80.0,-42.0
IQ,69,0,16,70.0,34.0,56.0,62.0
IQ,69,0,17,63.0,-40.0,12.0,79.0
IQ,69,0,18,-26.0,67.0,15.0,-76.0
IQ,69,0,19,-28.0,-58.0,-31.0,62.0
IQ,69,0,20,-34.0,-53.0,-22.0,61.0
IQ,69,0,21,0.0,0.0,0.0,0.0
IQ,69,0,22,0.0,0.0,0.0,0.0
IQ,69,0,23,0.0,0.0,0.0,0.0
IQ,69,0,24,0.0,0.0,0.0,0.0
IQ,69,0,25,0.0,0.0,0.0,0.0
IQ,69,0,26,-31.0,-29.0,41.0,-3.0
IQ,69,0,27,38.0,4.0,-47.0,1.0
IQ,69,0,28,2.0,-35.0,-10.0,-35.0
IQ,69,0,29,-3.0,27.0,25.0,17.0
IQ,69,0,30,-20.0,17.0,20.0,-8.0
IQ,69,0,31,0.0,0.0,0.0,0.0
IQ,69,0,32,0.0,0.0,0.0,0.0
IQ,69,0,33,0.0,0.0,0.0,0.0
IQ,69,0,34,0.0,0.0,0.0,0.0
IQ,69,0,35,-20.0,6.0,-8.0,13.0
IQ,69,0,36,17.0,10.0,-5.0,-24.0
IQ,69,0,37,-14.0,-26.0,29.0,1.0
IQ,69,0,38,-22.0,26.0,4.0,34.0
IQ,69,0,39,27.0,31.0,-28.0,29.0
IQ,69,0,40,-45.0,15.0,45.0,-6.0
IQ,69,0,41,-6.0,53.0,45.0,22.0
IQ,69,0,42,54.0,-9.0,-13.0,49.0
IQ,69,0,43,22.0,-54.0,-32.0,44.0
IQ,69,0,44,0.0,0.0,0.0,0.0
IQ,69,0,45,-46.0,34.0,-45.0,-36.0
IQ,69,0,46,-54.0,-21.0,-32.0,46.0
IQ,69,0,47,30.0,54.0,-26.0,-50.0
IQ,69,0,48,-57.0,-5.0,-5.0,53.0
IQ,69,0,49,-56.0,-21.0,33.0,41.0
IQ,69,0,50,-60.0,6.0,33.0,43.0
IQ,69,0,51,-8.0,-56.0,21.0,-53.0
IQ,69,0,52,24.0,54.0,-20.0,49.0
IQ,69,0,53,-55.0,17.0,50.0,-21.0
IQ,69,0,54,-6.0,57.0,47.0,14.0
IQ,69,0,55,32.0,45.0,43.0,23.0
IQ,69,0,56,34.0,32.0,45.0,10.0
IQ,69,0,57,38.0,-29.0,19.0,41.0
IQ,69,0,58,-18.0,-42.0,-9.0,37.0
IQ,69,0,59,38.0,-17.0,32.0,-15.0
IQ,69,0,60,39.0,-1.0,8.0,-30.0
IQ,69,0,61,30.0,11.0,-18.0,-21.0
IQ,69,0,62,5.0,-29.0,18.0,-20.0
IQ,69,0,63,0.0,0.0,0.0,0.0
IQ,69,0,64,0.0,0.0,0.0,0.0
IQ,69,0,65,0.0,0.0,0.0,0.0
IQ,69,0,66,0.0,0.0,0.0,0.0
IQ,69,0,67,0.0,0.0,0.0,0.0
IQ,69,0,68,0.0,0.0,0.0,0.0
IQ,69,0,69,0.0,0.0,0.0,0.0
IQ,69,0,70,0.0,0.0,0.0,0.0
IQ,69,0,71,0.0,0.0,0.0,0.0
IQ,69,0,72,0.0,0.0,0.0,0.0
IQ,69,0,73,0.0,0.0,0.0,0.0
IQ,69,0,74,0.0,0.0,0.0,0.0
IQ,69,0,75,0.0,0.0,0.0,0.0
IQ,69,0,76,0.0,0.0,0.0,0.0
CS,69,0,1,7.319,10.204,12.142,12,1944
IQ,70,0,2,1.0,85.0,93.0,-36.0
IQ,70,0,3,-60.0,63.0,5.0,-101.0
IQ,70,0,4,-14.0,-92.0,-60.0,85.0
IQ,70,0,5,-65.0,70.0,-76.0,-78.0
IQ,70,0,6,-62.0,-77.0,-24.0,105.0
IQ,70,0,7,0.0,-95.0,80.0,73.0
IQ,70,0,8,-83.0,60.0,-88.0,64.0
IQ,70,0,9,0.0,0.0,0.0,0.0
IQ,70,0,10,96.0,-19.0,-38.0,-102.0
IQ,70,0,11,-37.0,-84.0,90.0,-51.0
IQ,70,0,12,0.0,0.0,0.0,0.0
IQ,70,0,13,92.0,8.0,-92.0,38.0
IQ,70,0,14,-53.0,-68.0,10.0,-98.0
IQ,70,0,15,-38.0,-72.0,-53.0,-73.0
IQ,70,0,16,30.0,71.0,73.0,41.0
IQ,70,0,17,63.0,-38.0,-16.0,77.0
IQ,70,0,18,-34.0,-63.0,-76.0,15.0
IQ,70,0,19,-67.0,-7.0,-66.0,-28.0
IQ,70,0,20,0.0,0.0,0.0,0.0
IQ,70,0,21,15.0,-56.0,27.0,53.0
IQ,70,0,22,3.0,-52.0,36.0,43.0
IQ,70,0,23,0.0,0.0,0.0,0.0
IQ,70,0,24,0.0,0.0,0.0,0.0
IQ,70,0,25,0.0,0.0,0.0,0.0
IQ,70,0,26,0.0,0.0,0.0,0.0
IQ,70,0,27,-36.0,17.0,22.0,33.0
IQ,70,0,28,4.0,32.0,-7.0,30.0
IQ,70,0,29,23.0,-19.0,-30.0,-10.0
IQ,70,0,30,3.0,-23.0,-21.0,-9.0
IQ,70,0,31,0.0,0.0,0.0,0.0
IQ,70,0,32,0.0,0.0,0.0,0.0
IQ,70,0,33,0.0,0.0,0.0,0.0
IQ,70,0,34,0.0,0.0,0.0,0.0
IQ,70,0,35,-3.0,-17.0,10.0,13.0
IQ,70,0,36,24.0,4.0,2.0,-24.0
IQ,70,0,37,7.0,-29.0,26.0,-2.0
IQ,70,0,38,-24.0,-30.0,33.0,-2.0
IQ,70,0,39,-12.0,41.0,-5.0,37.0
IQ,70,0,40,37.0,26.0,-31.0,33.0
IQ,70,0,41,-48.0,-16.0,27.0,-39.0
IQ,70,0,42,-53.0,-8.0,12.0,-51.0
IQ,70,0,43,56.0,-9.0,2.0,50.0
IQ,70,0,44,-54.0,26.0,-17.0,-52.0
IQ,70,0,45,51.0,22.0,54.0,4.0
IQ,70,0,46,-43.0,40.0,-44.0,-34.0
IQ,70,0,47,-1.0,58.0,-36.0,-43.0
IQ,70,0,48,25.0,-53.0,52.0,5.0
IQ,70,0,49,-56.0,-11.0,7.0,56.0
IQ,70,0,50,11.0,59.0,-52.0,14.0
IQ,70,0,51,57.0,-16.0,-34.0,-44.0
IQ,70,0,52,-42.0,39.0,37.0,38.0
IQ,70,0,53,-10.0,-58.0,-10.0,-52.0
IQ,70,0,54,36.0,41.0,2.0,50.0
IQ,70,0,55,48.0,-20.0,-23.0,40.0
IQ,70,0,56,-49.0,-3.0,-22.0,-44.0
IQ,70,0,57,44.0,17.0,40.0,9.0
IQ,70,0,58,-44.0,-16.0,-37.0,10.0
IQ,70,0,59,17.0,33.0,-2.0,-33.0
IQ,70,0,60,-38.0,1.0,-19.0,23.0
IQ,70,0,61,6.0,31.0,-29.0,-7.0
IQ,70,0,62,17.0,20.0,-19.0,-7.0
IQ,70,0,63,1.0,22.0,-11.0,15.0
IQ,70,0,64,0.0,0.0,0.0,0.0
IQ,70,0,65,0.0,0.0,0.0,0.0
IQ,70,0,66,0.0,0.0,0.0,0.0
IQ,70,0,67,0.0,0.0,0.0,0.0
IQ,70,0,68,0.0,0.0,0.0,0.0
IQ,70,0,69,0.0,0.0,0.0,0.0
IQ,70,0,70,0.0,0.0,0.0,0.0
IQ,70,0,71,0.0,0.0,0.0,0.0
IQ,70,0,72,0.0,0.0,0.0,0.0
IQ,70,0,73,0.0,0.0,0.0,0.0
IQ,70,0,74,0.0,0.0,0.0,0.0
IQ,70,0,75,0.0,0.0,0.0,0.0
IQ,70,0,76,0.0,0.0,0.0,0.0
CS,70,0,1,7.737,9.894,11.890,14,2221
IQ,71,0,2,-46.0,74.0,30.0,93.0
IQ,71,0,3,-26.0,-87.0,20.0,-101.0
IQ,71,0,4,-69.0,-63.0,33.0,-99.0
IQ,71,0,5,-71.0,59.0,100.0,-28.0
IQ,71,0,6,99.0,7.0,-16.0,107.0
IQ,71,0,7,93.0,16.0,41.0,100.0
IQ,71,0,8,27.0,94.0,99.0,-41.0
IQ,71,0,9,-45.0,88.0,10.0,-107.0
IQ,71,0,10,73.0,-66.0,73.0,75.0
IQ,71,0,11,20.0,-95.0,48.0,92.0
IQ,71,0,12,0.0,0.0,0.0,0.0
IQ,71,0,13,-78.0,-48.0,18.0,96.0
IQ,71,0,14,-65.0,-57.0,60.0,70.0
IQ,71,0,15,-59.0,59.0,-24.0,87.0
IQ,71,0,16,-58.0,-52.0,84.0,-6.0
IQ,71,0,17,0.0,0.0,0.0,0.0
IQ,71,0,18,-60.0,-36.0,62.0,-45.0
IQ,71,0,19,-46.0,43.0,67.0,21.0
IQ,71,0,20,1.0,61.0,47.0,47.0
IQ,71,0,21,22.0,53.0,45.0,42.0
IQ,71,0,22,-30.0,46.0,48.0,-29.0
IQ,71,0,23,0.0,0.0,0.0,0.0
IQ,71,0,24,0.0,0.0,0.0,0.0
IQ,71,0,25,0.0,0.0,0.0,0.0
IQ,71,0,26,29.0,-26.0,35.0,29.0
IQ,71,0,27,32.0,22.0,25.0,-34.0
IQ,71,0,28,22.0,19.0,-2.0,-34.0
IQ,71,0,29,-25.0,-1.0,-6.0,29.0
IQ,71,0,30,-16.0,12.0,-12.0,24.0
IQ,71,0,31,0.0,0.0,0.0,0.0
IQ,71,0,32,0.0,0.0,0.0,0.0
IQ,71,0,33,0.0,0.0,0.0,0.0
IQ,71,0,34,0.0,0.0,0.0,0.0
IQ,71,0,35,0.0,0.0,0.0,0.0
IQ,71,0,36,22.0,-11.0,-6.0,23.0
IQ,71,0,37,39.0,-5.0,27.0,5.0
IQ,71,0,38,-25.0,-22.0,-25.0,19.0
IQ,71,0,39,34.0,22.0,17.0,-36.0
IQ,71,0,40,9.0,51.0,-39.0,-27.0
IQ,71,0,41,-42.0,29.0,-31.0,39.0
IQ,71,0,42,25.0,45.0,-51.0,-2.0
IQ,71,0,43,-56.0,-8.0,49.0,13.0
IQ,71,0,44,0.0,0.0,0.0,0.0
IQ,71,0,45,34.0,48.0,-2.0,55.0
IQ,71,0,46,50.0,-29.0,-49.0,27.0
IQ,71,0,47,-55.0,20.0,21.0,-51.0
IQ,71,0,48,29.0,53.0,54.0,4.0
IQ,71,0,49,-21.0,-55.0,-49.0,28.0
IQ,71,0,50,52.0,-28.0,40.0,35.0
IQ,71,0,51,42.0,-45.0,43.0,32.0
IQ,71,0,52,-58.0,-14.0,-28.0,46.0
IQ,71,0,53,25.0,51.0,-35.0,-38.0
IQ,71,0,54,15.0,-51.0,45.0,-24.0
IQ,71,0,55,-2.0,53.0,-35.0,31.0
IQ,71,0,56,-48.0,-14.0,43.0,3.0
IQ,71,0,57,-20.0,45.0,26.0,36.0
IQ,71,0,58,13.0,41.0,14.0,34.0
IQ,71,0,59,-37.0,17.0,23.0,-29.0
IQ,71,0,60,0.0,0.0,0.0,0.0
IQ,71,0,61,19.0,-26.0,-3.0,25.0
IQ,71,0,62,11.0,24.0,15.0,-16.0
IQ,71,0,63,9.0,-22.0,12.0,14.0
IQ,71,0,64,0.0,0.0,0.0,0.0
IQ,71,0,65,0.0,0.0,0.0,0.0
IQ,71,0,66,0.0,0.0,0.0,0.0
IQ,71,0,67,0.0,0.0,0.0,0.0
IQ,71,0,68,0.0,0.0,0.0,0.0
IQ,71,0,69,0.0,0.0,0.0,0.0
IQ,71,0,70,0.0,0.0,0.0,0.0
IQ,71,0,71,0.0,0.0,0.0,0.0
IQ,71,0,72,0.0,0.0,0.0,0.0
IQ,71,0,73,0.0,0.0,0.0,0.0
IQ,71,0,74,0.0,0.0,0.0,0.0
IQ,71,0,75,0.0,0.0,0.0,0.0
IQ,71,0,76,0.0,0.0,0.0,0.0
CS,71,0,1,7.731,9.971,11.284,16,2409
IQ,73,0,2,0.0,0.0,0.0,0.0
IQ,73,0,3,-57.0,73.0,-40.0,93.0
IQ,73,0,4,22.0,89.0,-88.0,57.0
IQ,73,0,5,-10.0,-91.0,37.0,-100.0
IQ,73,0,6,-46.0,-82.0,34.0,-104.0
IQ,73,0,7,0.0,0.0,0.0,0.0
IQ,73,0,8,-93.0,-31.0,33.0,-103.0
IQ,73,0,9,0.0,0.0,0.0,0.0
IQ,73,0,10,77.0,54.0,77.0,71.0
IQ,73,0,11,79.0,56.0,101.0,28.0
IQ,73,0,12,54.0,74.0,92.0,-43.0
IQ,73,0,13,29.0,-86.0,36.0,93.0
IQ,73,0,14,-62.0,62.0,-85.0,-35.0
IQ,73,0,15,-81.0,-22.0,-39.0,81.0
IQ,73,0,16,70.0,32.0,-6.0,-86.0
IQ,73,0,17,0.0,0.0,0.0,0.0
IQ,73,0,18,66.0,-21.0,-12.0,-72.0
IQ,73,0,19,0.0,0.0,0.0,0.0
IQ,73,0,20,6.0,-52.0,7.0,-68.0
IQ,73,0,21,-19.0,52.0,24.0,54.0
IQ,73,0,22,26.0,47.0,-19.0,54.0
IQ,73,0,23,0.0,0.0,0.0,0.0
IQ,73,0,24,0.0,0.0,0.0,0.0
IQ,73,0,25,0.0,0.0,0.0,0.0
IQ,73,0,26,12.0,38.0,40.0,1.0
IQ,73,0,27,0.0,0.0,0.0,0.0
IQ,73,0,28,0.0,0.0,0.0,0.0
IQ,73,0,29,11.0,26.0,11.0,-26.0
IQ,73,0,30,-4.0,-23.0,10.0,22.0
IQ,73,0,31,0.0,0.0,0.0,0.0
IQ,73,0,32,0.0,0.0,0.0,0.0
IQ,73,0,33,0.0,0.0,0.0,0.0
IQ,73,0,34,0.0,0.0,0.0,0.0
IQ,73,0,35,0.0,0.0,0.0,0.0
IQ,73,0,36,-19.0,17.0,21.0,3.0
IQ,73,0,37,-30.0,-4.0,9.0,-28.0
IQ,73,0,38,31.0,-12.0,0.0,32.0
IQ,73,0,39,-10.0,-40.0,-34.0,24.0
IQ,73,0,40,-18.0,-43.0,-20.0,41.0
IQ,73,0,41,14.0,50.0,-5.0,-45.0
IQ,73,0,42,0.0,0.0,0.0,0.0
IQ,73,0,43,41.0,39.0,-29.0,-44.0
IQ,73,0,44,-55.0,17.0,5.0,55.0
IQ,73,0,45,46.0,38.0,-55.0,-2.0
IQ,73,0,46,31.0,-50.0,-13.0,-55.0
IQ,73,0,47,-37.0,-49.0,21.0,-49.0
IQ,73,0,48,-40.0,-42.0,4.0,-52.0
IQ,73,0,49,5.0,60.0,50.0,20.0
IQ,73,0,50,47.0,-27.0,-23.0,52.0
IQ,73,0,51,30.0,-49.0,-27.0,46.0
IQ,73,0,52,-51.0,22.0,-34.0,-41.0
IQ,73,0,53,-47.0,34.0,-41.0,-35.0
IQ,73,0,54,-6.0,-56.0,21.0,46.0
IQ,73,0,55,49.0,20.0,6.0,-49.0
IQ,73,0,56,-28.0,-41.0,37.0,30.0
IQ,73,0,57,-44.0,-13.0,30.0,31.0
IQ,73,0,58,22.0,-40.0,0.0,-40.0
IQ,73,0,59,37.0,-19.0,-35.0,-14.0
IQ,73,0,60,19.0,35.0,2.0,31.0
IQ,73,0,61,-36.0,11.0,15.0,-23.0
IQ,73,0,62,3.0,28.0,25.0,4.0
IQ,73,0,63,-6.0,-24.0,-17.0,11.0
IQ,73,0,64,20.0,-3.0,9.0,11.0
IQ,73,0,65,0.0,0.0,0.0,0.0
IQ,73,0,66,0.0,0.0,0.0,0.0
IQ,73,0,67,0.0,0.0,0.0,0.0
IQ,73,0,68,0.0,0.0,0.0,0.0
IQ,73,0,69,0.0,0.0,0.0,0.0
IQ,73,0,70,0.0,0.0,0.0,0.0
IQ,73,0,71,0.0,0.0,0.0,0.0
IQ,73,0,72,0.0,0.0,0.0,0.0
IQ,73,0,73,0.0,0.0,0.0,0.0
IQ,73,0,74,0.0,0.0,0.0,0.0
IQ,73,0,75,0.0,0.0,0.0,0.0
IQ,73,0,76,0.0,0.0,0.0,0.0
CS,73,0,1,7.669,10.410,11.360,14,2122
IQ,74,0,2,65.0,-56.0,-14.0,95.0
IQ,74,0,3,0.0,0.0,0.0,0.0
IQ,74,0,4,31.0,-89.0,13.0,103.0
IQ,74,0,5,87.0,37.0,87.0,-59.0
IQ,74,0,6,0.0,0.0,0.0,0.0
IQ,74,0,7,0.0,0.0,0.0,0.0
IQ,74,0,8,-4.0,-96.0,106.0,13.0
IQ,74,0,9,0.0,0.0,0.0,0.0
IQ,74,0,10,0.0,0.0,0.0,0.0
IQ,74,0,11,0.0,0.0,0.0,0.0
IQ,74,0,12,0.0,0.0,0.0,0.0
IQ,74,0,13,0.0,0.0,0.0,0.0
IQ,74,0,14,0.0,0.0,0.0,0.0
IQ,74,0,15,0.0,0.0,0.0,0.0
IQ,74,0,16,0.0,0.0,0.0,0.0
IQ,74,0,17,-17.0,-65.0,-80.0,16.0
IQ,74,0,18,0.0,0.0,0.0,0.0
IQ,74,0,19,0.0,0.0,0.0,0.0
IQ,74,0,20,-11.0,60.0,-18.0,-63.0
IQ,74,0,21,0.0,0.0,0.0,0.0
IQ,74,0,22,-17.0,49.0,-54.0,-25.0
IQ,74,0,23,0.0,0.0,0.0,0.0
IQ,74,0,24,0.0,0.0,0.0,0.0
IQ,74,0,25,0.0,0.0,0.0,0.0
IQ,74,0,26,0.0,0.0,0.0,0.0
IQ,74,0,27,0.0,0.0,0.0,0.0
IQ,74,0,28,26.0,-20.0,-32.0,-12.0
IQ,74,0,29,0.0,0.0,0.0,0.0
IQ,74,0,30,15.0,-17.0,-22.0,8.0
IQ,74,0,31,0.0,0.0,0.0,0.0
IQ,74,0,32,0.0,0.0,0.0,0.0
IQ,74,0,33,0.0,0.0,0.0,0.0
IQ,74,0,34,0.0,0.0,0.0,0.0
IQ,74,0,35,10.0,-14.0,21.0,-1.0
IQ,74,0,36,0.0,0.0,0.0,0.0
IQ,74,0,37,25.0,16.0,-21.0,-20.0
IQ,74,0,38,-30.0,21.0,6.0,32.0
IQ,74,0,39,10.0,-40.0,-5.0,-40.0
IQ,74,0,40,39.0,-26.0,-44.0,-11.0
IQ,74,0,41,-4.0,49.0,42.0,24.0
IQ,74,0,42,13.0,52.0,48.0,19.0
IQ,74,0,43,-57.0,1.0,-18.0,-50.0
IQ,74,0,44,18.0,-54.0,-20.0,52.0
IQ,74,0,45,33.0,50.0,35.0,-42.0
IQ,74,0,46,-23.0,-53.0,-4.0,51.0
IQ,74,0,47,53.0,17.0,21.0,-51.0
IQ,74,0,48,51.0,31.0,-8.0,-51.0
IQ,74,0,49,4.0,57.0,-55.0,6.0
IQ,74,0,50,40.0,43.0,-54.0,-11.0
IQ,74,0,51,-30.0,54.0,-1.0,53.0
IQ,74,0,52,58.0,7.0,-52.0,-1.0
IQ,74,0,53,24.0,-50.0,-42.0,-33.0
IQ,74,0,54,24.0,-52.0,-48.0,-13.0
IQ,74,0,55,-36.0,-41.0,-36.0,-34.0
IQ,74,0,56,-11.0,51.0,37.0,-29.0
IQ,74,0,57,50.0,13.0,41.0,10.0
IQ,74,0,58,-12.0,-45.0,-12.0,40.0
IQ,74,0,59,-37.0,18.0,-35.0,4.0
IQ,74,0,60,-38.0,-3.0,-16.0,28.0
IQ,74,0,61,-35.0,-1.0,1.0,24.0
IQ,74,0,62,-9.0,27.0,-10.0,18.0
IQ,74,0,63,22.0,6.0,-21.0,-4.0
IQ,74,0,64,0.0,0.0,0.0,0.0
IQ,74,0,65,-13.0,8.0,14.0,0.0
IQ,74,0,66,0.0,0.0,0.0,0.0
IQ,74,0,67,0.0,0.0,0.0,0.0
IQ,74,0,68,0.0,0.0,0.0,0.0
IQ,74,0,69,0.0,0.0,0.0,0.0
IQ,74,0,70,0.0,0.0,0.0,0.0
IQ,74,0,71,0.0,0.0,0.0,0.0
IQ,74,0,72,0.0,0.0,0.0,0.0
IQ,74,0,73,0.0,0.0,0.0,0.0
IQ,74,0,74,0.0,0.0,0.0,0.0
IQ,74,0,75,0.0,0.0,0.0,0.0
IQ,74,0,76,0.0,0.0,0.0,0.0
CS,74,0,1,7.750,11.059,12.566,12,2012
IQ,75,0,2,60.0,62.0,87.0,46.0
IQ,75,0,3,-18.0,89.0,69.0,-76.0
IQ,75,0,4,-29.0,87.0,14.0,-106.0
IQ,75,0,5,-14.0,-96.0,-26.0,101.0
IQ,75,0,6,89.0,-27.0,108.0,15.0
IQ,75,0,7,7.0,97.0,-66.0,-86.0
IQ,75,0,8,7.0,98.0,-99.0,-51.0
IQ,75,0,9,38.0,-91.0,101.0,-35.0
IQ,75,0,10,3.0,-99.0,102.0,-38.0
IQ,75,0,11,9.0,97.0,-85.0,64.0
IQ,75,0,12,93.0,-7.0,-97.0,-38.0
IQ,75,0,13,92.0,4.0,-99.0,17.0
IQ,75,0,14,0.0,0.0,0.0,0.0
IQ,75,0,15,-84.0,-10.0,43.0,-82.0
IQ,75,0,16,-33.0,-72.0,-71.0,-41.0
IQ,75,0,17,0.0,0.0,0.0,0.0
IQ,75,0,18,-16.0,68.0,56.0,-48.0
IQ,75,0,19,39.0,56.0,67.0,-23.0
IQ,75,0,20,63.0,16.0,66.0,-2.0
IQ,75,0,21,52.0,29.0,52.0,-33.0
IQ,75,0,22,0.0,0.0,0.0,0.0
IQ,75,0,23,0.0,0.0,0.0,0.0
IQ,75,0,24,0.0,0.0,0.0,0.0
IQ,75,0,25,0.0,0.0,0.0,0.0
IQ,75,0,26,43.0,7.0,-25.0,-41.0
IQ,75,0,27,0.0,0.0,0.0,0.0
IQ,75,0,28,33.0,-18.0,-26.0,-24.0
IQ,75,0,29,27.0,11.0,-29.0,16.0
IQ,75,0,30,-17.0,-23.0,3.0,-21.0
IQ,75,0,31,0.0,0.0,0.0,0.0
IQ,75,0,32,0.0,0.0,0.0,0.0
IQ,75,0,33,0.0,0.0,0.0,0.0
IQ,75,0,34,0.0,0.0,0.0,0.0
IQ,75,0,35,0.0,0.0,0.0,0.0
IQ,75,0,36,-11.0,-20.0,19.0,21.0
IQ,75,0,37,16.0,-24.0,23.0,-20.0
IQ,75,0,38,-20.0,35.0,-16.0,32.0
IQ,75,0,39,37.0,-14.0,-27.0,-28.0
IQ,75,0,40,47.0,-2.0,-45.0,-3.0
IQ,75,0,41,-45.0,-22.0,28.0,-40.0
IQ,75,0,42,56.0,1.0,-22.0,46.0
IQ,75,0,43,0.0,0.0,0.0,0.0
IQ,75,0,44,-55.0,15.0,-13.0,-54.0
IQ,75,0,45,56.0,-22.0,35.0,42.0
IQ,75,0,46,28.0,53.0,23.0,-49.0
IQ,75,0,47,3.0,61.0,-20.0,-49.0
IQ,75,0,48,-14.0,56.0,-50.0,-21.0
IQ,75,0,49,34.0,-45.0,51.0,-25.0
IQ,75,0,50,53.0,-24.0,2.0,-52.0
IQ,75,0,51,-56.0,-20.0,47.0,23.0
IQ,75,0,52,56.0,-16.0,-41.0,-35.0
IQ,75,0,53,-34.0,-47.0,27.0,-45.0
IQ,75,0,54,45.0,31.0,-18.0,46.0
IQ,75,0,55,-23.0,45.0,47.0,-7.0
IQ,75,0,56,0.0,0.0,0.0,0.0
IQ,75,0,57,-47.0,2.0,-25.0,-36.0
IQ,75,0,58,0.0,0.0,0.0,0.0
IQ,75,0,59,0.0,0.0,0.0,0.0
IQ,75,0,60,-33.0,-22.0,-13.0,29.0
IQ,75,0,61,-1.0,33.0,-22.0,-12.0
IQ,75,0,62,6.0,30.0,-21.0,-4.0
IQ,75,0,63,0.0,0.0,0.0,0.0
IQ,75,0,64,0.0,0.0,0.0,0.0
IQ,75,0,65,0.0,0.0,0.0,0.0
IQ,75,0,66,0.0,0.0,0.0,0.0
IQ,75,0,67,0.0,0.0,0.0,0.0
IQ,75,0,68,0.0,0.0,0.0,0.0
IQ,75,0,69,0.0,0.0,0.0,0.0
IQ,75,0,70,0.0,0.0,0.0,0.0
IQ,75,0,71,0.0,0.0,0.0,0.0
IQ,75,0,72,0.0,0.0,0.0,0.0
IQ,75,0,73,0.0,0.0,0.0,0.0
IQ,75,0,74,0.0,0.0,0.0,0.0
IQ,75,0,75,0.0,0.0,0.0,0.0
IQ,75,0,76,0.0,0.0,0.0,0.0
CS,75,0,1,7.632,10.134,11.446,14,2138
IQ,76,0,2,-87.0,-3.0,-79.0,-58.0
IQ,76,0,3,67.0,-57.0,61.0,81.0
IQ,76,0,4,-78.0,-51.0,-74.0,73.0
IQ,76,0,5,75.0,-58.0,106.0,15.0
IQ,76,0,6,94.0,34.0,41.0,-104.0
IQ,76,0,7,0.0,0.0,0.0,0.0
IQ,76,0,8,0.0,0.0,0.0,0.0
IQ,76,0,9,0.0,0.0,0.0,0.0
IQ,76,0,10,-70.0,75.0,16.0,107.0
IQ,76,0,11,-38.0,87.0,31.0,100.0
IQ,76,0,12,89.0,30.0,-84.0,61.0
IQ,76,0,13,-26.0,-82.0,-45.0,-80.0
IQ,76,0,14,40.0,77.0,63.0,67.0
IQ,76,0,15,83.0,2.0,11.0,88.0
IQ,76,0,16,3.0,-80.0,-73.0,46.0
IQ,76,0,17,0.0,0.0,0.0,0.0
IQ,76,0,18,0.0,0.0,0.0,0.0
IQ,76,0,19,-54.0,32.0,-64.0,-28.0
IQ,76,0,20,7.0,-62.0,36.0,59.0
IQ,76,0,21,52.0,29.0,17.0,-60.0
IQ,76,0,22,0.0,0.0,0.0,0.0
IQ,76,0,23,0.0,0.0,0.0,0.0
IQ,76,0,24,0.0,0.0,0.0,0.0
IQ,76,0,25,0.0,0.0,0.0,0.0
IQ,76,0,26,-28.0,-32.0,41.0,-17.0
IQ,76,0,27,-27.0,-31.0,24.0,-32.0
IQ,76,0,28,0.0,0.0,0.0,0.0
IQ,76,0,29,-27.0,-16.0,8.0,-25.0
IQ,76,0,30,19.0,11.0,16.0,23.0
IQ,76,0,31,0.0,0.0,0.0,0.0
IQ,76,0,32,0.0,0.0,0.0,0.0
IQ,76,0,33,0.0,0.0,0.0,0.0
IQ,76,0,34,0.0,0.0,0.0,0.0
IQ,76,0,35,0.0,0.0,0.0,0.0
IQ,76,0,36,10.0,20.0,-23.0,-3.0
IQ,76,0,37,-21.0,21.0,-1.0,26.0
IQ,76,0,38,1.0,34.0,-15.0,30.0
IQ,76,0,39,31.0,25.0,-22.0,32.0
IQ,76,0,40,1.0,46.0,33.0,30.0
IQ,76,0,41,41.0,30.0,26.0,40.0
IQ,76,0,42,-57.0,-18.0,-34.0,-40.0
IQ,76,0,43,28.0,48.0,49.0,-22.0
IQ,76,0,44,-28.0,48.0,-18.0,-49.0
IQ,76,0,45,60.0,3.0,49.0,-16.0
IQ,76,0,46,-43.0,-44.0,2.0,55.0
IQ,76,0,47,3.0,-60.0,53.0,8.0
IQ,76,0,48,-32.0,-54.0,46.0,21.0
IQ,76,0,49,0.0,0.0,0.0,0.0
IQ,76,0,50,-54.0,6.0,42.0,32.0
IQ,76,0,51,48.0,-35.0,-44.0,-29.0
IQ,76,0,52,-15.0,-56.0,-14.0,-51.0
IQ,76,0,53,-52.0,27.0,45.0,-22.0
IQ,76,0,54,-50.0,-26.0,-17.0,-47.0
IQ,76,0,55,29.0,-45.0,-26.0,42.0
IQ,76,0,56,9.0,52.0,34.0,-28.0
IQ,76,0,57,-50.0,-10.0,-43.0,5.0
IQ,76,0,58,-18.0,-42.0,-2.0,40.0
IQ,76,0,59,-39.0,-12.0,-12.0,35.0
IQ,76,0,60,32.0,20.0,-17.0,-28.0
IQ,76,0,61,34.0,-12.0,-6.0,-26.0
IQ,76,0,62,1.0,-30.0,14.0,-23.0
IQ,76,0,63,20.0,-12.0,-13.0,-14.0
IQ,76,0,64,-16.0,9.0,15.0,2.0
IQ,76,0,65,0.0,0.0,0.0,0.0
IQ,76,0,66,0.0,0.0,0.0,0.0
IQ,76,0,67,0.0,0.0,0.0,0.0
IQ,76,0,68,0.0,0.0,0.0,0.0
IQ,76,0,69,0.0,0.0,0.0,0.0
IQ,76,0,70,0.0,0.0,0.0,0.0
IQ,76,0,71,0.0,0.0,0.0,0.0
IQ,76,0,72,0.0,0.0,0.0,0.0
IQ,76,0,73,0.0,0.0,0.0,0.0
IQ,76,0,74,0.0,0.0,0.0,0.0
IQ,76,0,75,0.0,0.0,0.0,0.0
IQ,76,0,76,0.0,0.0,0.0,0.0
CS,76,0,1,7.612,10.177,10.183,15,2038
IQ,77,0,2,-48.0,-72.0,-97.0,-17.0
IQ,77,0,3,0.0,0.0,0.0,0.0
IQ,77,0,4,0.0,0.0,0.0,0.0
IQ,77,0,5,82.0,42.0,85.0,-60.0
IQ,77,0,6,15.0,-95.0,63.0,88.0
IQ,77,0,7,-90.0,-18.0,-51.0,96.0
IQ,77,0,8,0.0,0.0,0.0,0.0
IQ,77,0,9,-76.0,-66.0,82.0,70.0
IQ,77,0,10,0.0,0.0,0.0,0.0
IQ,77,0,11,-37.0,89.0,-18.0,100.0
IQ,77,0,12,60.0,-64.0,-71.0,-73.0
IQ,77,0,13,0.0,0.0,0.0,0.0
IQ,77,0,14,-74.0,41.0,92.0,-20.0
IQ,77,0,15,-72.0,32.0,66.0,-57.0
IQ,77,0,16,65.0,-40.0,-36.0,72.0
IQ,77,0,17,56.0,49.0,67.0,36.0
IQ,77,0,18,-22.0,-68.0,-68.0,28.0
IQ,77,0,19,60.0,29.0,69.0,1.0
IQ,77,0,20,-56.0,-18.0,-62.0,17.0
IQ,77,0,21,0.0,0.0,0.0,0.0
IQ,77,0,22,0.0,0.0,0.0,0.0
IQ,77,0,23,0.0,0.0,0.0,0.0
IQ,77,0,24,0.0,0.0,0.0,0.0
IQ,77,0,25,0.0,0.0,0.0,0.0
IQ,77,0,26,0.0,0.0,0.0,0.0
IQ,77,0,27,0.0,0.0,0.0,0.0
IQ,77,0,28,-12.0,34.0,-3.0,30.0
IQ,77,0,29,17.0,18.0,-10.0,27.0
IQ,77,0,30,22.0,-2.0,-14.0,17.0
IQ,77,0,31,0.0,0.0,0.0,0.0
IQ,77,0,32,0.0,0.0,0.0,0.0
IQ,77,0,33,0.0,0.0,0.0,0.0
IQ,77,0,34,0.0,0.0,0.0,0.0
IQ,77,0,35,0.0,0.0,0.0,0.0
IQ,77,0,36,18.0,-16.0,19.0,-16.0
IQ,77,0,37,29.0,10.0,-20.0,-28.0
IQ,77,0,38,20.0,-36.0,10.0,-38.0
IQ,77,0,39,-44.0,14.0,35.0,26.0
IQ,77,0,40,-47.0,18.0,44.0,4.0
IQ,77,0,41,45.0,-39.0,-53.0,7.0
IQ,77,0,42,0.0,0.0,0.0,0.0
IQ,77,0,43,0.0,0.0,0.0,0.0
IQ,77,0,44,57.0,-24.0,21.0,56.0
IQ,77,0,45,-32.0,-52.0,-43.0,37.0
IQ,77,0,46,48.0,-40.0,51.0,27.0
IQ,77,0,47,55.0,-19.0,50.0,-24.0
IQ,77,0,48,-61.0,-10.0,-16.0,51.0
IQ,77,0,49,58.0,-20.0,17.0,-52.0
IQ,77,0,50,57.0,-23.0,-8.0,-56.0
IQ,77,0,51,-38.0,-48.0,48.0,-21.0
IQ,77,0,52,-44.0,41.0,34.0,40.0
IQ,77,0,53,-26.0,55.0,38.0,37.0
IQ,77,0,54,59.0,5.0,-31.0,43.0
IQ,77,0,55,-40.0,36.0,37.0,-32.0
IQ,77,0,56,30.0,52.0,49.0,2.0
IQ,77,0,57,-30.0,40.0,1.0,-46.0
IQ,77,0,58,19.0,40.0,22.0,-33.0
IQ,77,0,59,-9.0,45.0,-24.0,-34.0
IQ,77,0,60,10.0,40.0,-20.0,-27.0
IQ,77,0,61,-9.0,32.0,-30.0,1.0
IQ,77,0,62,-33.0,3.0,10.0,24.0
IQ,77,0,63,25.0,9.0,-21.0,-8.0
IQ,77,0,64,0.0,0.0,0.0,0.0
IQ,77,0,65,0.0,0.0,0.0,0.0
IQ,77,0,66,0.0,0.0,0.0,0.0
IQ,77,0,67,0.0,0.0,0.0,0.0
IQ,77,0,68,0.0,0.0,0.0,0.0
IQ,77,0,69,0.0,0.0,0.0,0.0
IQ,77,0,70,0.0,0.0,0.0,0.0
IQ,77,0,71,0.0,0.0,0.0,0.0
IQ,77,0,72,0.0,0.0,0.0,0.0
IQ,77,0,73,0.0,0.0,0.0,0.0
IQ,77,0,74,0.0,0.0,0.0,0.0
IQ,77,0,75,0.0,0.0,0.0,0.0
IQ,77,0,76,0.0,0.0,0.0,0.0
CS,77,0,1,7.709,10.575,13.641,8,1456
IQ,78,0,2,-89.0,4.0,-89.0,-42.0
IQ,78,0,3,82.0,-41.0,92.0,45.0
IQ,78,0,4,20.0,-92.0,64.0,85.0
IQ,78,0,5,6.0,-93.0,78.0,70.0
IQ,78,0,6,-1.0,-95.0,102.0,36.0
IQ,78,0,7,100.0,16.0,-36.0,-105.0
IQ,78,0,8,96.0,-31.0,-18.0,-108.0
IQ,78,0,9,20.0,97.0,-84.0,72.0
IQ,78,0,10,92.0,26.0,-107.0,6.0
IQ,78,0,11,14.0,92.0,5.0,105.0
