$GPGGA,160914.10,3001.74015,S,05112.73776,W,1,07,1.42,77.71,M,,M,,*41
$GPGLL,3001.74015,S,05112.73776,W,160914.10,A,A*6C
$GPGSA,A,3,05,12,13,18,21,25,29,,,,,,3.10,1.42,2.75,1*18
$GPGSV,4,1,14,5,42,091,48,11,05,137,,12,42,051,50,13,36,043,46,1*55
$GPGSV,4,2,14,18,50,306,23,21,21,125,26,23,02,351,,25,80,047,47,1*66
$GPGSV,4,3,14,26,06,223,,28,31,265,,29,56,195,17,31,18,235,25,1*65
$GPGSV,4,4,14,193,,,24,197,,,25,1*64
$GPRMC,160914.10,A,3001.74015,S,05112.73776,W,0.04,58.30,090926,,,A,V*1F
$GPGGA,160915.10,3001.74019,S,05112.73769,W,1,08,1.12,77.42,M,,M,,*48
$GPGLL,3001.74019,S,05112.73769,W,160915.10,A,A*6F
$GPGSA,A,3,05,12,13,18,21,25,29,31,,,,,2.15,1.12,1.83,1*11
$GPGSV,4,1,13,5,42,091,48,11,05,137,,12,42,051,50,13,36,043,46,1*52
$GPGSV,4,2,13,18,50,306,23,21,21,125,26,23,02,351,,25,80,047,47,1*61
$GPGSV,4,3,13,26,06,223,,28,31,265,21,29,56,195,17,31,18,235,25,1*61
$GPGSV,4,4,13,197,,,24,1*5F
$GPRMC,160915.10,A,3001.74019,S,05112.73769,W,0.09,58.30,090926,,,A,V*11
$GPGGA,160916.10,3001.74023,S,05112.73777,W,1,09,1.05,76.99,M,,M,,*4D
$GPGLL,3001.74023,S,05112.73777,W,160916.10,A,A*6A
$GPGSA,A,3,05,12,13,18,21,25,28,29,31,,,,2.07,1.05,1.78,1*1A
$GPGSV,4,1,13,5,42,091,48,11,05,137,,12,42,051,50,13,36,043,46,1*52
$GPGSV,4,2,13,18,50,306,22,21,21,125,26,23,02,351,,25,80,047,47,1*60
$GPGSV,4,3,13,26,06,223,,28,31,265,20,29,56,195,18,31,18,235,25,1*6F
$GPGSV,4,4,13,197,,,24,1*5F
$GPRMC,160916.10,A,3001.74023,S,05112.73777,W,0.10,58.30,090926,,,A,V*1C
$GPGGA,160917.10,3001.74029,S,05112.73782,W,1,09,1.05,76.77,M,,M,,*4C
$GPGLL,3001.74029,S,05112.73782,W,160917.10,A,A*6B
$GPGSA,A,3,05,12,13,18,21,25,28,29,31,,,,2.07,1.05,1.78,1*1A
$GPGSV,3,1,12,5,42,091,48,11,05,137,,12,42,051,50,13,36,043,46,1*54
$GPGSV,3,2,12,18,50,306,21,21,21,125,25,23,02,351,,25,80,047,47,1*66
$GPGSV,3,3,12,26,06,223,,28,31,265,19,29,56,195,17,31,18,235,25,1*6C
$GPRMC,160917.10,A,3001.74029,S,05112.73782,W,0.05,58.30,090926,,,A,V*19
$GPGGA,160918.10,3001.74036,S,05112.73776,W,1,09,1.05,76.69,M,,M,,*49
$GPGLL,3001.74036,S,05112.73776,W,160918.10,A,A*61
$GPGSA,A,3,05,12,13,18,21,25,28,29,31,,,,2.07,1.05,1.78,1*1A
$GPGSV,3,1,12,5,42,091,47,11,05,137,,12,42,051,49,13,36,043,46,1*53
$GPGSV,3,2,12,18,50,306,21,21,21,125,25,23,02,351,,25,80,047,47,1*66
$GPGSV,3,3,12,26,06,223,,28,31,265,20,29,56,195,19,31,18,235,26,1*6B
$GPRMC,160918.10,A,3001.74036,S,05112.73776,W,0.15,58.30,090926,,,A,V*12
$GPGGA,160919.10,3001.74041,S,05112.73775,W,1,09,1.05,76.35,M,,M,,*42
$GPGLL,3001.74041,S,05112.73775,W,160919.10,A,A*63
$GPGSA,A,3,05,12,13,18,21,25,28,29,31,,,,2.07,1.05,1.78,1*1A
$GPGSV,3,1,12,5,42,091,47,11,05,137,,12,42,051,49,13,36,043,46,1*53
$GPGSV,3,2,12,18,50,306,21,21,21,125,25,23,02,351,,25,80,047,47,1*66
$GPGSV,3,3,12,26,06,223,,28,31,265,20,29,56,195,18,31,18,235,26,1*6A
$GPRMC,160919.10,A,3001.74041,S,05112.73775,W,0.05,58.30,090926,,,A,V*11
$GPGGA,160920.10,3001.74044,S,05112.73779,W,1,09,1.05,76.05,M,,M,,*42
$GPGLL,3001.74044,S,05112.73779,W,160920.10,A,A*60
$GPGSA,A,3,05,12,13,18,21,25,28,29,31,,,,2.07,1.05,1.78,1*1A
$GPGSV,3,1,12,5,42,091,48,11,05,137,,12,42,051,49,13,36,043,46,1*5C
$GPGSV,3,2,12,18,50,306,20,21,21,125,24,23,02,351,,25,80,047,47,1*66
$GPGSV,3,3,12,26,06,223,,28,31,265,18,29,56,195,18,31,18,235,27,1*60
$GPRMC,160920.10,A,3001.74044,S,05112.73779,W,0.15,58.30,090926,,,A,V*13
$GPGGA,160921.10,3001.74043,S,05112.73785,W,1,09,1.05,75.77,M,,M,,*41
$GPGLL,3001.74043,S,05112.73785,W,160921.10,A,A*65
$GPGSA,A,3,05,12,13,18,21,25,28,29,31,,,,2.07,1.05,1.78,1*1A
$GPGSV,3,1,12,5,42,091,48,11,05,137,,12,42,051,49,13,36,043,46,1*5C
$GPGSV,3,2,12,18,50,306,20,21,21,125,23,23,02,351,,25,80,047,47,1*61
$GPGSV,3,3,12,26,06,223,,28,31,265,17,29,56,195,19,31,18,235,28,1*61
$GPRMC,160921.10,A,3001.74043,S,05112.73785,W,0.28,58.30,090926,,,A,V*18
$GPGGA,160922.10,3001.74043,S,05112.73793,W,1,09,1.05,75.56,M,,M,,*46
$GPGLL,3001.74043,S,05112.73793,W,160922.10,A,A*61
$GPGSA,A,3,05,12,13,18,21,25,28,29,31,,,,2.07,1.05,1.78,1*1A
$GPGSV,3,1,12,5,42,091,48,11,05,137,,12,42,051,49,13,36,043,46,1*5C
$GPGSV,3,2,12,18,50,306,20,21,21,125,23,23,02,351,,25,80,047,47,1*61
$GPGSV,3,3,12,26,06,223,,28,31,265,15,29,56,195,18,31,18,235,29,1*63
$GPRMC,160922.10,A,3001.74043,S,05112.73793,W,0.10,58.30,090926,,,A,V*17
$GPGGA,160923.10,3001.74045,S,05112.73792,W,1,09,1.05,75.61,M,,M,,*44
$GPGLL,3001.74045,S,05112.73792,W,160923.10,A,A*67
$GPGSA,A,3,05,12,13,18,21,25,28,29,31,,,,2.07,1.05,1.78,1*1A
$GPGSV,3,1,12,5,42,091,48,11,05,137,,12,42,051,49,13,36,043,45,1*5F
$GPGSV,3,2,12,18,50,306,19,21,21,125,23,23,02,351,,25,80,047,47,1*6B
$GPGSV,3,3,12,26,06,223,,28,31,265,15,29,56,195,19,31,18,235,30,1*6A
$GPRMC,160923.10,A,3001.74045,S,05112.73792,W,0.11,58.30,090926,,,A,V*10
$GPGGA,160924.10,3001.74049,S,05112.73785,W,1,09,1.05,75.79,M,,M,,*40
$GPGLL,3001.74049,S,05112.73785,W,160924.10,A,A*6A
$GPGSA,A,3,05,12,13,18,21,25,28,29,31,,,,2.07,1.05,1.78,1*1A
$GPGSV,3,1,12,5,42,091,48,11,05,137,,12,42,051,49,13,36,043,46,1*5C
$GPGSV,3,2,12,18,50,306,18,21,21,125,22,23,02,351,,25,80,047,47,1*6B
$GPGSV,3,3,12,26,06,223,,28,31,265,14,29,56,195,19,31,18,235,31,1*6A
$GPRMC,160924.10,A,3001.74049,S,05112.73785,W,0.16,58.30,090926,,,A,V*1A
$GPGGA,160925.10,3001.74055,S,05112.73782,W,1,09,1.05,76.01,M,,M,,*47
$GPGLL,3001.74055,S,05112.73782,W,160925.10,A,A*61
$GPGSA,A,3,05,12,13,18,21,25,28,29,31,,,,2.07,1.05,1.78,1*1A
$GPGSV,3,1,12,5,42,091,48,11,05,137,,12,42,051,49,13,36,043,46,1*5C
$GPGSV,3,2,12,18,50,306,18,21,21,125,22,23,02,351,,25,80,047,47,1*6B
$GPGSV,3,3,12,26,06,223,,28,31,265,15,29,56,195,19,31,18,235,31,1*6B
$GPRMC,160925.10,A,3001.74055,S,05112.73782,W,0.06,58.30,090926,,,A,V*10
$GPGGA,160926.10,3001.74062,S,05112.73780,W,1,09,1.05,76.19,M,,M,,*4B
$GPGLL,3001.74062,S,05112.73780,W,160926.10,A,A*64
$GPGSA,A,3,05,12,13,18,21,25,28,29,31,,,,2.07,1.05,1.78,1*1A
$GPGSV,3,1,12,5,42,091,48,11,05,137,,12,42,051,49,13,36,043,46,1*5C
$GPGSV,3,2,12,18,50,306,19,21,21,125,22,23,02,351,,25,80,047,47,1*6A
$GPGSV,3,3,12,26,06,223,,28,31,265,16,29,56,195,17,31,18,235,32,1*65
$GPRMC,160926.10,A,3001.74062,S,05112.73780,W,0.14,58.30,090926,,,A,V*16
$GPGGA,160927.10,3001.74064,S,05112.73773,W,1,09,1.05,76.28,M,,M,,*42
$GPGLL,3001.74064,S,05112.73773,W,160927.10,A,A*6F
$GPGSA,A,3,05,12,13,18,21,25,28,29,31,,,,2.07,1.05,1.78,1*1A
$GPGSV,3,1,12,5,42,091,48,11,05,137,,12,42,051,49,13,36,043,46,1*5C
$GPGSV,3,2,12,18,50,306,17,21,21,125,22,23,02,351,,25,80,047,47,1*64
$GPGSV,3,3,12,26,06,223,,28,31,265,17,29,56,195,17,31,18,235,32,1*64
$GPRMC,160927.10,A,3001.74064,S,05112.73773,W,0.03,58.30,090926,,,A,V*1B
$GPGGA,160928.10,3001.74065,S,05112.73762,W,1,09,1.05,76.57,M,,M,,*44
$GPGLL,3001.74065,S,05112.73762,W,160928.10,A,A*61
$GPGSA,A,3,05,12,13,18,21,25,28,29,31,,,,2.07,1.05,1.78,1*1A
$GPGSV,3,1,12,5,42,091,48,11,05,137,,12,42,051,49,13,36,043,46,1*5C
$GPGSV,3,2,12,18,50,306,19,21,21,125,23,23,02,351,,25,80,047,47,1*6B
$GPGSV,3,3,12,26,06,223,,28,31,265,17,29,56,195,17,31,18,235,33,1*65
$GPRMC,160928.10,A,3001.74065,S,05112.73762,W,0.29,58.30,090926,,,A,V*1D
$GPGGA,160929.10,3001.74067,S,05112.73757,W,1,09,1.05,76.71,M,,M,,*45
$GPGLL,3001.74067,S,05112.73757,W,160929.10,A,A*64
$GPGSA,A,3,05,12,13,18,21,25,28,29,31,,,,2.07,1.05,1.78,1*1A
$GPGSV,3,1,12,5,42,091,48,11,05,137,,12,42,051,49,13,36,043,46,1*5C
$GPGSV,3,2,12,18,50,306,19,21,21,125,22,23,02,351,,25,80,047,47,1*6A
$GPGSV,3,3,12,26,06,223,,28,31,265,17,29,56,195,18,31,18,235,33,1*6A
$GPRMC,160929.10,A,3001.74067,S,05112.73757,W,0.07,58.30,090926,,,A,V*14
$GPGGA,160930.10,3001.74067,S,05112.73747,W,1,09,1.05,77.04,M,,M,,*4F
$GPGLL,3001.74067,S,05112.73747,W,160930.10,A,A*6D
$GPGSA,A,3,05,12,13,18,21,25,28,29,31,,,,2.07,1.05,1.78,1*1A
$GPGSV,3,1,12,5,42,091,48,11,05,137,,12,42,051,49,13,36,043,46,1*5C
$GPGSV,3,2,12,18,50,306,19,21,21,125,23,23,02,351,,25,80,047,47,1*6B
$GPGSV,3,3,12,26,06,223,,28,31,265,17,29,56,195,17,31,18,235,33,1*65
$GPRMC,160930.10,A,3001.74067,S,05112.73747,W,0.03,58.30,090926,,,A,V*19
$GPGGA,160931.10,3001.74072,S,05112.73738,W,1,09,1.05,77.46,M,,M,,*44
$GPGLL,3001.74072,S,05112.73738,W,160931.10,A,A*60
$GPGSA,A,3,05,12,13,18,21,25,28,29,31,,,,2.07,1.05,1.78,1*1A
$GPGSV,4,1,13,5,42,091,48,11,05,137,,12,42,051,49,13,36,043,46,1*5A
$GPGSV,4,2,13,18,50,306,19,21,21,125,23,23,02,351,,25,80,047,47,1*6D
$GPGSV,4,3,13,26,06,223,,28,31,265,16,29,56,195,16,31,18,235,33,1*63
$GPGSV,4,4,13,201,,,26,1*51
$GPRMC,160931.10,A,3001.74072,S,05112.73738,W,0.11,58.30,090926,,,A,V*17
$GPGGA,160932.10,3001.74074,S,05112.73725,W,1,09,1.05,77.69,M,,M,,*40
$GPGLL,3001.74074,S,05112.73725,W,160932.10,A,A*69
$GPGSA,A,3,05,12,13,18,21,25,28,29,31,,,,2.07,1.05,1.78,1*1A
$GPGSV,3,1,12,5,42,091,48,11,05,137,,12,42,051,49,13,36,043,46,1*5C
$GPGSV,3,2,12,18,50,306,19,21,21,125,24,23,02,351,,25,80,047,47,1*6C
$GPGSV,3,3,12,26,06,223,,28,31,265,15,29,56,195,16,31,18,235,33,1*66
$GPRMC,160932.10,A,3001.74074,S,05112.73725,W,0.04,58.30,090926,,,A,V*1A
$GPGGA,160933.10,3001.74073,S,05112.73718,W,1,09,1.05,78.15,M,,M,,*4C
$GPGLL,3001.74073,S,05112.73718,W,160933.10,A,A*61
$GPGSA,A,3,05,12,13,18,21,25,28,29,31,,,,2.07,1.05,1.78,1*1A
$GPGSV,3,1,12,5,42,091,48,11,05,137,,12,42,051,49,13,36,043,46,1*5C
$GPGSV,3,2,12,18,50,306,19,21,21,125,25,23,02,351,,25,80,047,47,1*6D
$GPGSV,3,3,12,26,06,223,,28,31,265,16,29,56,195,16,31,18,235,32,1*64
$GPRMC,160933.10,A,3001.74073,S,05112.73718,W,0.02,58.30,090926,,,A,V*14
$GPGGA,160934.10,3001.74081,S,05112.73714,W,1,09,1.05,78.45,M,,M,,*4F
$GPGLL,3001.74081,S,05112.73714,W,160934.10,A,A*67
$GPGSA,A,3,05,12,13,18,21,25,28,29,31,,,,2.07,1.05,1.78,1*1A
$GPGSV,3,1,12,5,42,091,48,11,05,137,,12,42,051,49,13,36,043,46,1*5C
$GPGSV,3,2,12,18,50,306,20,21,21,125,25,23,02,351,,25,80,047,47,1*67
$GPGSV,3,3,12,26,06,223,,28,31,265,16,29,56,195,16,31,18,235,31,1*67
$GPRMC,160934.10,A,3001.74081,S,05112.73714,W,0.04,58.30,090926,,,A,V*14
$GPGGA,160935.10,3001.74089,S,05112.73711,W,1,09,1.05,78.59,M,,M,,*4E
$GPGLL,3001.74089,S,05112.73711,W,160935.10,A,A*6B
$GPGSA,A,3,05,12,13,18,21,25,28,29,31,,,,2.07,1.05,1.78,1*1A
$GPGSV,4,1,13,5,42,091,48,11,05,137,,12,42,051,49,13,36,043,46,1*5A
$GPGSV,4,2,13,18,50,306,20,21,21,125,25,23,02,351,,25,80,047,47,1*61
$GPGSV,4,3,13,26,06,223,,28,31,265,17,29,56,195,16,31,18,235,31,1*60
$GPGSV,4,4,13,201,,,28,1*5F
$GPRMC,160935.10,A,3001.74089,S,05112.73711,W,0.13,58.30,090926,,,A,V*1E
$GPGGA,160936.10,3001.74092,S,05112.73707,W,1,09,1.05,78.52,M,,M,,*4B
$GPGLL,3001.74092,S,05112.73707,W,160936.10,A,A*65
$GPGSA,A,3,05,12,13,18,21,25,28,29,31,,,,2.07,1.05,1.78,1*1A
$GPGSV,3,1,12,5,42,091,48,11,05,137,,12,42,051,48,13,36,043,46,1*5D
$GPGSV,3,2,12,18,50,306,20,21,21,125,25,23,02,351,,25,80,047,47,1*67
$GPGSV,3,3,12,26,06,223,,28,31,265,17,29,56,195,17,31,18,235,30,1*66
$GPRMC,160936.10,A,3001.74092,S,05112.73707,W,0.16,58.30,090926,,,A,V*15
$GPGGA,160937.10,3001.74094,S,05112.73714,W,1,09,1.05,78.75,M,,M,,*4B
$GPGLL,3001.74094,S,05112.73714,W,160937.10,A,A*60
$GPGSA,A,3,05,12,13,18,21,25,28,29,31,,,,2.07,1.05,1.78,1*1A
$GPGSV,4,1,13,5,42,091,48,11,05,137,,12,42,051,49,13,36,043,46,1*5A
$GPGSV,4,2,13,18,50,306,20,21,21,125,26,23,02,351,,25,80,047,47,1*62
$GPGSV,4,3,13,26,06,223,,28,31,265,17,29,56,195,17,31,18,235,29,1*68
$GPGSV,4,4,13,197,,,28,1*53
$GPRMC,160937.10,A,3001.74094,S,05112.73714,W,0.12,58.30,090926,,,A,V*14
$GPGGA,160938.10,3001.74096,S,05112.73710,W,1,09,1.05,79.01,M,,M,,*40
$GPGLL,3001.74096,S,05112.73710,W,160938.10,A,A*69
$GPGSA,A,3,05,12,13,18,21,25,28,29,31,,,,2.07,1.05,1.78,1*1A
$GPGSV,3,1,12,5,42,091,48,11,05,137,,12,42,051,49,13,36,043,47,1*5D
$GPGSV,3,2,12,18,50,306,20,21,21,125,26,23,02,351,,25,80,047,47,1*64
$GPGSV,3,3,12,26,06,223,,28,31,265,17,29,56,195,17,31,18,235,28,1*6F
$GPRMC,160938.10,A,3001.74096,S,05112.73710,W,0.10,58.30,090926,,,A,V*1F
$GPGGA,160939.10,3001.74093,S,05112.73715,W,1,09,1.05,79.33,M,,M,,*40
$GPGLL,3001.74093,S,05112.73715,W,160939.10,A,A*68
$GPGSA,A,3,05,12,13,18,21,25,28,29,31,,,,2.07,1.05,1.78,1*1A
$GPGSV,4,1,13,5,42,091,48,11,05,137,,12,42,051,48,13,36,043,47,1*5A
$GPGSV,4,2,13,18,50,306,19,21,21,125,25,23,02,351,,25,80,047,47,1*6B
$GPGSV,4,3,13,26,06,223,,28,31,265,18,29,56,195,18,31,18,235,27,1*66
$GPGSV,4,4,13,193,,,26,1*59
$GPRMC,160939.10,A,3001.74093,S,05112.73715,W,0.05,58.30,090926,,,A,V*1A
$GPGGA,160940.10,3001.74090,S,05112.73728,W,1,09,1.05,79.45,M,,M,,*42
$GPGLL,3001.74090,S,05112.73728,W,160940.10,A,A*6B
$GPGSA,A,3,05,12,13,18,21,25,28,29,31,,,,2.07,1.05,1.78,1*1A
$GPGSV,4,1,13,5,42,091,47,11,05,137,,12,42,051,48,13,36,043,46,1*54
$GPGSV,4,2,13,18,50,306,19,21,21,125,25,23,02,351,,25,80,047,47,1*6B
$GPGSV,4,3,13,26,06,223,,28,31,265,19,29,56,195,18,31,18,235,25,1*65
$GPGSV,4,4,13,193,,,25,1*5A
$GPRMC,160940.10,A,3001.74090,S,05112.73728,W,0.10,58.30,090926,,,A,V*1D
$GPGGA,160941.10,3001.74106,S,05112.73748,W,1,08,1.11,78.97,M,,M,,*41
$GPGLL,3001.74106,S,05112.73748,W,160941.10,A,A*62
$GPGSA,A,3,05,12,13,18,21,25,28,29,,,,,2.35,1.11,2.07,1*17
$GPGSV,4,1,14,5,42,091,47,11,05,137,,12,42,051,48,13,36,043,46,1*53
$GPGSV,4,2,14,18,50,306,19,21,21,125,25,23,02,351,,25,80,047,47,1*6C
$GPGSV,4,3,14,26,06,223,,28,31,265,19,29,56,195,19,31,18,235,23,1*65
$GPGSV,4,4,14,193,,,24,201,,,25,1*68
$GPRMC,160941.10,A,3001.74106,S,05112.73748,W,0.16,58.30,090926,,,A,V*12
$GPGGA,160942.10,3001.74113,S,05112.73763,W,1,09,1.05,78.91,M,,M,,*4D
$GPGLL,3001.74113,S,05112.73763,W,160942.10,A,A*6C
$GPGSA,A,3,05,12,13,18,21,25,28,29,31,,,,2.07,1.05,1.78,1*1A
$GPGSV,4,1,14,5,42,091,48,11,05,137,,12,42,051,49,13,36,043,47,1*5C
$GPGSV,4,2,14,18,50,306,19,21,21,125,25,23,02,351,,25,80,047,47,1*6C
$GPGSV,4,3,14,26,06,223,,28,31,265,19,29,56,195,19,31,18,235,22,1*64
$GPGSV,4,4,14,193,,,25,201,,,25,1*69
$GPRMC,160942.10,A,3001.74113,S,05112.73763,W,0.06,58.30,090926,,,A,V*1D
$GPGGA,160943.10,3001.74118,S,05112.73769,W,1,09,1.05,79.14,M,,M,,*41
$GPGLL,3001.74118,S,05112.73769,W,160943.10,A,A*6C
$GPGSA,A,3,05,12,13,18,21,25,28,29,31,,,,2.06,1.05,1.78,1*1B
$GPGSV,4,1,13,5,42,092,48,11,05,137,,12,42,051,49,13,36,042,47,1*59
$GPGSV,4,2,13,18,50,305,19,21,21,125,25,23,02,351,,25,79,046,47,1*6F
$GPGSV,4,3,13,26,06,223,,28,31,266,20,29,56,194,19,31,18,236,23,1*69
$GPGSV,4,4,13,201,,,25,1*52
$GPRMC,160943.10,A,3001.74118,S,05112.73769,W,0.14,58.30,090926,,,A,V*1E
$GPGGA,160944.10,3001.74124,S,05112.73765,W,1,09,1.05,79.00,M,,M,,*40
$GPGLL,3001.74124,S,05112.73765,W,160944.10,A,A*68
$GPGSA,A,3,05,12,13,18,21,25,28,29,31,,,,2.06,1.05,1.78,1*1B
$GPGSV,4,1,13,5,42,092,48,11,05,137,,12,42,051,49,13,36,042,47,1*59
$GPGSV,4,2,13,18,50,305,19,21,21,125,25,23,02,351,,25,79,046,47,1*6F
$GPGSV,4,3,13,26,06,223,,28,31,266,20,29,56,194,20,31,18,236,24,1*64
$GPGSV,4,4,13,201,,,24,1*53
$GPRMC,160944.10,A,3001.74124,S,05112.73765,W,0.04,58.30,090926,,,A,V*1B
$GPGGA,160945.10,3001.74126,S,05112.73766,W,1,09,1.05,78.99,M,,M,,*41
$GPGLL,3001.74126,S,05112.73766,W,160945.10,A,A*68
$GPGSA,A,3,05,12,13,18,21,25,28,29,31,,,,2.06,1.05,1.78,1*1B
$GPGSV,3,1,12,5,42,092,48,11,05,137,,12,42,051,49,13,36,042,47,1*5F
$GPGSV,3,2,12,18,50,305,20,21,21,125,25,23,02,351,,25,79,046,47,1*63
$GPGSV,3,3,12,26,06,223,,28,31,266,19,29,56,194,20,31,18,236,25,1*69
$GPRMC,160945.10,A,3001.74126,S,05112.73766,W,0.16,58.30,090926,,,A,V*18
$GPGGA,160946.10,3001.74123,S,05112.73770,W,1,09,1.05,79.02,M,,M,,*43
$GPGLL,3001.74123,S,05112.73770,W,160946.10,A,A*69
$GPGSA,A,3,05,12,13,18,21,25,28,29,31,,,,2.06,1.05,1.78,1*1B
$GPGSV,3,1,12,5,42,092,47,11,05,137,,12,42,051,48,13,36,042,46,1*50
$GPGSV,3,2,12,18,50,305,20,21,21,125,25,23,02,351,,25,79,046,47,1*63
$GPGSV,3,3,12,26,06,223,,28,31,266,20,29,56,194,20,31,18,236,27,1*61
$GPRMC,160946.10,A,3001.74123,S,05112.73770,W,0.02,58.30,090926,,,A,V*1C
$GPGGA,160947.10,3001.74136,S,05112.73788,W,1,09,1.05,78.57,M,,M,,*40
$GPGLL,3001.74136,S,05112.73788,W,160947.10,A,A*6B
$GPGSA,A,3,05,12,13,18,21,25,28,29,31,,,,2.06,1.05,1.78,1*1B
$GPGSV,3,1,12,5,42,092,47,11,05,137,,12,42,051,48,13,36,042,47,1*51
$GPGSV,3,2,12,18,50,305,20,21,21,125,25,23,02,351,,25,79,046,47,1*63
$GPGSV,3,3,12,26,06,223,,28,31,266,21,29,56,194,21,31,18,236,28,1*6E
$GPRMC,160947.10,A,3001.74136,S,05112.73788,W,0.12,58.30,090926,,,A,V*1F
$GPGGA,160948.10,3001.74136,S,05112.73781,W,1,09,1.05,78.78,M,,M,,*4B
$GPGLL,3001.74136,S,05112.73781,W,160948.10,A,A*6D
$GPGSA,A,3,05,12,13,18,21,25,28,29,31,,,,2.06,1.05,1.78,1*1B
$GPGSV,3,1,12,5,42,092,47,11,05,137,,12,42,051,49,13,36,042,47,1*50
$GPGSV,3,2,12,18,50,305,20,21,21,125,25,23,02,351,,25,79,046,47,1*63
$GPGSV,3,3,12,26,06,223,,28,31,266,21,29,56,194,21,31,18,236,29,1*6F
$GPRMC,160948.10,A,3001.74136,S,05112.73781,W,0.05,58.30,090926,,,A,V*1F
$GPGGA,160949.10,3001.74128,S,05112.73765,W,1,09,1.05,79.33,M,,M,,*41
$GPGLL,3001.74128,S,05112.73765,W,160949.10,A,A*69
$GPGSA,A,3,05,12,13,18,21,25,28,29,31,,,,2.06,1.05,1.78,1*1B
$GPGSV,3,1,12,5,42,092,47,11,05,137,,12,42,051,49,13,36,042,47,1*50
$GPGSV,3,2,12,18,50,305,20,21,21,125,25,23,02,351,,25,79,046,47,1*63
$GPGSV,3,3,12,26,06,223,,28,31,266,21,29,56,194,21,31,18,236,30,1*67
$GPRMC,160949.10,A,3001.74128,S,05112.73765,W,0.09,58.30,090926,,,A,V*17
$GPGGA,160950.10,3001.74123,S,05112.73743,W,1,09,1.05,79.89,M,,M,,*47
$GPGLL,3001.74123,S,05112.73743,W,160950.10,A,A*6E
$GPGSA,A,3,05,12,13,18,21,25,28,29,31,,,,2.06,1.05,1.78,1*1B
$GPGSV,3,1,12,5,42,092,47,11,05,137,,12,42,051,48,13,36,042,47,1*51
$GPGSV,3,2,12,18,50,305,20,21,21,125,25,23,02,351,,25,79,046,47,1*63
$GPGSV,3,3,12,26,06,223,,28,31,266,22,29,56,194,21,31,18,236,31,1*65
$GPRMC,160950.10,A,3001.74123,S,05112.73743,W,0.02,58.30,090926,,,A,V*1B
$GPGGA,160951.10,3001.74126,S,05112.73712,W,1,09,1.05,80.43,M,,M,,*47
$GPGLL,3001.74126,S,05112.73712,W,160951.10,A,A*6E
$GPGSA,A,3,05,12,13,18,21,25,28,29,31,,,,2.06,1.05,1.78,1*1B
$GPGSV,3,1,12,5,42,092,47,11,05,137,,12,42,051,48,13,36,042,47,1*51
$GPGSV,3,2,12,18,50,305,20,21,21,125,25,23,02,351,,25,79,046,47,1*63
$GPGSV,3,3,12,26,06,223,,28,31,266,23,29,56,194,21,31,18,236,31,1*64
$GPRMC,160951.10,A,3001.74126,S,05112.73712,W,0.10,58.30,090926,,,A,V*18
$GPGGA,160952.10,3001.74111,S,05112.73675,W,1,09,1.05,81.29,M,,M,,*4D
$GPGLL,3001.74111,S,05112.73675,W,160952.10,A,A*69
$GPGSA,A,3,05,12,13,18,21,25,28,29,31,,,,2.06,1.05,1.78,1*1B
$GPGSV,3,1,12,5,42,092,47,11,05,137,,12,42,051,47,13,36,042,47,1*5E
$GPGSV,3,2,12,18,50,305,19,21,21,125,25,23,02,351,,25,79,046,47,1*69
$GPGSV,3,3,12,26,06,223,,28,31,266,24,29,56,194,21,31,18,236,32,1*60
$GPRMC,160952.10,A,3001.74111,S,05112.73675,W,0.14,58.30,090926,,,A,V*1B
$GPGGA,160953.10,3001.74107,S,05112.73644,W,1,09,1.05,81.80,M,,M,,*4A
$GPGLL,3001.74107,S,05112.73644,W,160953.10,A,A*6D
$GPGSA,A,3,05,12,13,18,21,25,28,29,31,,,,2.06,1.05,1.78,1*1B
$GPGSV,3,1,12,5,42,092,48,11,05,137,,12,42,051,48,13,36,042,47,1*5E
$GPGSV,3,2,12,18,50,305,19,21,21,125,26,23,02,351,,25,79,046,47,1*6A
$GPGSV,3,3,12,26,06,223,,28,31,266,24,29,56,194,21,31,18,236,32,1*60
$GPRMC,160953.10,A,3001.74107,S,05112.73644,W,0.01,58.30,090926,,,A,V*1B
$GPGGA,160954.10,3001.74098,S,05112.73615,W,1,09,1.05,82.31,M,,M,,*47
$GPGLL,3001.74098,S,05112.73615,W,160954.10,A,A*69
$GPGSA,A,3,05,12,13,18,21,25,28,29,31,,,,2.06,1.05,1.78,1*1B
$GPGSV,3,1,12,5,42,092,48,11,05,137,,12,42,051,48,13,36,042,47,1*5E
$GPGSV,3,2,12,18,50,305,18,21,21,125,26,23,02,351,,25,79,046,47,1*6B
$GPGSV,3,3,12,26,06,223,,28,31,266,25,29,56,194,21,31,18,236,32,1*61
$GPRMC,160954.10,A,3001.74098,S,05112.73615,W,0.11,58.30,090926,,,A,V*1E
$GPGGA,160955.10,3001.74081,S,05112.73595,W,1,09,1.05,82.85,M,,M,,*4A
$GPGLL,3001.74081,S,05112.73595,W,160955.10,A,A*6B
$GPGSA,A,3,05,12,13,18,21,25,28,29,31,,,,2.06,1.05,1.78,1*1B
$GPGSV,3,1,12,5,42,092,48,11,05,137,,12,42,051,48,13,36,042,47,1*5E
$GPGSV,3,2,12,18,50,305,17,21,21,125,26,23,02,351,,25,79,046,47,1*64
$GPGSV,3,3,12,26,06,223,,28,31,266,25,29,56,194,20,31,18,236,32,1*60
$GPRMC,160955.10,A,3001.74081,S,05112.73595,W,0.08,58.30,090926,,,A,V*14
$GPGGA,160956.10,3001.74063,S,05112.73576,W,1,09,1.05,83.43,M,,M,,*43
$GPGLL,3001.74063,S,05112.73576,W,160956.10,A,A*69
$GPGSA,A,3,05,12,13,18,21,25,28,29,31,,,,2.06,1.05,1.78,1*1B
$GPGSV,4,1,13,5,42,092,48,11,05,137,,12,42,051,48,13,36,042,47,1*58
$GPGSV,4,2,13,18,50,305,16,21,21,125,26,23,02,351,,25,79,046,47,1*63
$GPGSV,4,3,13,26,06,223,,28,31,266,25,29,56,194,20,31,18,236,32,1*66
$GPGSV,4,4,13,201,,,27,1*50
$GPRMC,160956.10,A,3001.74063,S,05112.73576,W,0.21,58.30,090926,,,A,V*1D
$GPGGA,160957.10,3001.74049,S,05112.73570,W,1,09,1.04,83.88,M,,M,,*4A
$GPGLL,3001.74049,S,05112.73570,W,160957.10,A,A*66
$GPGSA,A,3,05,12,13,18,21,25,28,29,31,,,,2.06,1.04,1.78,1*1A
$GPGSV,4,1,14,5,42,092,48,11,05,137,,12,42,051,48,13,36,042,47,1*5F
$GPGSV,4,2,14,18,50,305,16,21,21,125,26,23,02,351,,25,79,046,47,1*64
$GPGSV,4,3,14,26,06,223,,28,31,266,25,29,56,194,20,31,18,236,32,1*61
$GPGSV,4,4,14,193,,,26,201,,,25,1*6A
$GPRMC,160957.10,A,3001.74049,S,05112.73570,W,0.16,58.30,090926,,,A,V*16
$GPGGA,160958.10,3001.74030,S,05112.73545,W,1,09,1.04,84.71,M,,M,,*4C
$GPGLL,3001.74030,S,05112.73545,W,160958.10,A,A*61
$GPGSA,A,3,05,12,13,18,21,25,28,29,31,,,,2.06,1.04,1.78,1*1A
$GPGSV,4,1,14,5,42,092,48,11,05,137,,12,42,051,48,13,36,042,47,1*5F
$GPGSV,4,2,14,18,50,305,17,21,21,125,27,23,02,351,,25,79,046,47,1*64
$GPGSV,4,3,14,26,06,223,,28,31,266,26,29,56,194,20,31,18,236,32,1*62
$GPGSV,4,4,14,193,,,26,201,,,25,1*6A
$GPRMC,160958.10,A,3001.74030,S,05112.73545,W,0.04,58.30,090926,,,A,V*12
$GPGGA,160959.10,3001.74023,S,05112.73543,W,1,09,1.04,84.74,M,,M,,*4C
$GPGLL,3001.74023,S,05112.73543,W,160959.10,A,A*64
$GPGSA,A,3,05,12,13,18,21,25,28,29,31,,,,2.06,1.04,1.78,1*1A
$GPGSV,4,1,13,5,42,092,47,11,05,137,,12,42,051,48,13,36,042,47,1*57
$GPGSV,4,2,13,18,50,305,16,21,21,125,27,23,02,351,,25,79,046,47,1*62
$GPGSV,4,3,13,26,06,223,,28,31,266,25,29,56,194,21,31,18,236,31,1*64
$GPGSV,4,4,13,193,,,25,1*5A
$GPRMC,160959.10,A,3001.74023,S,05112.73543,W,0.07,58.30,090926,,,A,V*14
$GPGGA,161000.10,3001.74016,S,05112.73550,W,1,09,1.04,85.04,M,,M,,*4A
$GPGLL,3001.74016,S,05112.73550,W,161000.10,A,A*64
$GPGSA,A,3,05,12,13,18,21,25,28,29,31,,,,2.06,1.04,1.78,1*1A
$GPGSV,4,1,14,5,42,092,47,11,05,137,,12,42,051,48,13,36,042,47,1*50
$GPGSV,4,2,14,18,50,305,17,21,21,125,27,23,02,351,,25,79,046,47,1*64
$GPGSV,4,3,14,26,06,223,,28,31,266,25,29,56,194,20,31,18,236,31,1*62
$GPGSV,4,4,14,193,,,25,197,,,27,1*67
$GPRMC,161000.10,A,3001.74016,S,05112.73550,W,0.07,58.30,090926,,,A,V*14
$GPGGA,161001.10,3001.74010,S,05112.73530,W,1,09,1.04,85.45,M,,M,,*4E
$GPGLL,3001.74010,S,05112.73530,W,161001.10,A,A*65
$GPGSA,A,3,05,12,13,18,21,25,28,29,31,,,,2.06,1.04,1.78,1*1A
$GPGSV,4,1,13,5,42,092,48,11,05,137,,12,42,051,48,13,36,042,47,1*58
$GPGSV,4,2,13,18,50,305,18,21,21,125,27,23,02,351,,25,79,046,47,1*6C
$GPGSV,4,3,13,26,06,223,,28,31,266,26,29,56,194,20,31,18,236,30,1*67
$GPGSV,4,4,13,197,,,26,1*5D
$GPRMC,161001.10,A,3001.74010,S,05112.73530,W,0.05,58.30,090926,,,A,V*17
$GPGGA,161002.10,3001.74005,S,05112.73531,W,1,09,1.04,85.38,M,,M,,*42
$GPGLL,3001.74005,S,05112.73531,W,161002.10,A,A*63
$GPGSA,A,3,05,12,13,18,21,25,28,29,31,,,,2.06,1.04,1.78,1*1A
$GPGSV,4,1,13,5,42,092,48,11,05,137,,12,42,051,48,13,36,042,47,1*58
$GPGSV,4,2,13,18,50,305,18,21,21,125,27,23,02,351,,25,79,046,47,1*6C
$GPGSV,4,3,13,26,06,223,,28,31,266,26,29,56,194,20,31,18,236,30,1*67
$GPGSV,4,4,13,193,,,27,1*58
$GPRMC,161002.10,A,3001.74005,S,05112.73531,W,0.12,58.30,090926,,,A,V*17
$GPGGA,161003.10,3001.73995,S,05112.73535,W,1,08,1.11,85.33,M,,M,,*4E
$GPGLL,3001.73995,S,05112.73535,W,161003.10,A,A*61
$GPGSA,A,3,05,12,13,18,21,25,28,29,,,,,2.34,1.11,2.06,1*17
$GPGSV,4,1,13,5,42,092,48,11,05,137,,12,42,051,48,13,36,042,47,1*58
$GPGSV,4,2,13,18,50,305,18,21,21,125,28,23,02,351,,25,79,046,47,1*63
$GPGSV,4,3,13,26,06,223,,28,31,266,26,29,56,194,19,31,18,236,29,1*65
$GPGSV,4,4,13,193,,,25,1*5A
$GPRMC,161003.10,A,3001.73995,S,05112.73535,W,0.03,58.30,090926,,,A,V*15
$GPGGA,161004.10,3001.73989,S,05112.73518,W,1,09,1.04,85.93,M,,M,,*44
$GPGLL,3001.73989,S,05112.73518,W,161004.10,A,A*64
$GPGSA,A,3,05,12,13,18,21,25,28,29,31,,,,2.06,1.04,1.78,1*1A
$GPGSV,4,1,13,5,42,092,48,11,05,137,,12,42,051,48,13,36,042,47,1*58
$GPGSV,4,2,13,18,50,305,18,21,21,125,28,23,02,351,,25,79,046,47,1*63
$GPGSV,4,3,13,26,06,223,,28,31,266,25,29,56,194,19,31,18,236,28,1*67
$GPGSV,4,4,13,193,,,25,1*5A
$GPRMC,161004.10,A,3001.73989,S,05112.73518,W,0.04,58.30,090926,,,A,V*17
$GPGGA,161005.10,3001.73984,S,05112.73524,W,1,08,1.11,85.93,M,,M,,*42
$GPGLL,3001.73984,S,05112.73524,W,161005.10,A,A*67
$GPGSA,A,3,05,12,13,18,21,25,28,29,,,,,2.34,1.11,2.06,1*17
$GPGSV,4,1,13,5,42,092,48,11,05,137,,12,42,051,48,13,36,042,47,1*58
$GPGSV,4,2,13,18,50,305,18,21,21,125,28,23,02,351,,25,79,046,47,1*63
$GPGSV,4,3,13,26,06,223,,28,31,266,25,29,56,194,19,31,18,236,28,1*67
$GPGSV,4,4,13,193,,,25,1*5A
$GPRMC,161005.10,A,3001.73984,S,05112.73524,W,0.09,58.30,090926,,,A,V*19
$GPGGA,161006.10,3001.73983,S,05112.73529,W,1,08,1.11,86.08,M,,M,,*4A
$GPGLL,3001.73983,S,05112.73529,W,161006.10,A,A*6E
$GPGSA,A,3,05,12,13,18,21,25,28,29,,,,,2.34,1.11,2.06,1*17
$GPGSV,4,1,13,5,42,092,48,11,05,137,,12,42,051,48,13,36,042,47,1*58
$GPGSV,4,2,13,18,50,305,17,21,21,125,28,23,02,351,,25,79,046,47,1*6C
$GPGSV,4,3,13,26,06,223,,28,31,266,25,29,56,194,20,31,18,236,28,1*6D
$GPGSV,4,4,13,193,,,25,1*5A
$GPRMC,161006.10,A,3001.73983,S,05112.73529,W,0.11,58.30,090926,,,A,V*19
$GPGGA,161007.10,3001.73978,S,05112.73530,W,1,08,1.11,86.07,M,,M,,*48
$GPGLL,3001.73978,S,05112.73530,W,161007.10,A,A*63
$GPGSA,A,3,05,12,13,18,21,25,28,29,,,,,2.34,1.11,2.06,1*17
$GPGSV,4,1,13,5,42,092,48,11,05,137,,12,42,051,48,13,36,042,47,1*58
$GPGSV,4,2,13,18,50,305,16,21,21,125,28,23,02,351,,25,79,046,47,1*6D
$GPGSV,4,3,13,26,06,223,,28,31,266,25,29,56,194,19,31,18,236,27,1*68
$GPGSV,4,4,13,193,,,25,1*5A
$GPRMC,161007.10,A,3001.73978,S,05112.73530,W,0.06,58.30,090926,,,A,V*12
$GPGGA,161008.10,3001.73974,S,05112.73527,W,1,09,1.04,86.29,M,,M,,*44
$GPGLL,3001.73974,S,05112.73527,W,161008.10,A,A*66
$GPGSA,A,3,05,12,13,18,21,25,28,29,31,,,,2.06,1.04,1.78,1*1A
$GPGSV,4,1,13,5,42,092,48,11,05,137,,12,42,051,48,13,36,042,47,1*58
$GPGSV,4,2,13,18,50,305,15,21,21,125,28,23,02,351,,25,79,046,47,1*6E
$GPGSV,4,3,13,26,06,223,,28,31,266,25,29,56,194,19,31,18,236,27,1*68
$GPGSV,4,4,13,193,,,25,1*5A
$GPRMC,161008.10,A,3001.73974,S,05112.73527,W,0.17,58.30,090926,,,A,V*17
$GPGGA,161009.10,3001.73972,S,05112.73539,W,1,08,1.11,86.22,M,,M,,*42
$GPGLL,3001.73972,S,05112.73539,W,161009.10,A,A*6E
$GPGSA,A,3,05,12,13,18,21,25,28,29,,,,,2.34,1.11,2.06,1*17
$GPGSV,4,1,13,5,42,092,48,11,05,137,,12,42,051,48,13,36,042,47,1*58
$GPGSV,4,2,13,18,50,305,15,21,21,125,29,23,02,351,,25,79,046,47,1*6F
$GPGSV,4,3,13,26,06,223,,28,31,266,24,29,56,194,20,31,18,236,27,1*63
$GPGSV,4,4,13,193,,,25,1*5A
$GPRMC,161009.10,A,3001.73972,S,05112.73539,W,0.03,58.30,090926,,,A,V*1A
$GPGGA,161010.10,3001.73968,S,05112.73544,W,1,09,1.04,86.31,M,,M,,*4C
$GPGLL,3001.73968,S,05112.73544,W,161010.10,A,A*67
$GPGSA,A,3,05,12,13,18,21,25,28,29,31,,,,2.06,1.04,1.78,1*1A
$GPGSV,3,1,12,5,42,092,48,11,05,137,,12,42,051,48,13,36,042,47,1*5E
$GPGSV,3,2,12,18,50,305,15,21,21,125,29,23,02,351,,25,79,046,47,1*69
$GPGSV,3,3,12,26,06,223,,28,31,266,24,29,56,194,19,31,18,236,26,1*6E
$GPRMC,161010.10,A,3001.73968,S,05112.73544,W,0.22,58.30,090926,,,A,V*10
$GPGGA,161011.10,3001.73975,S,05112.73554,W,1,08,1.11,86.14,M,,M,,*42
$GPGLL,3001.73975,S,05112.73554,W,161011.10,A,A*6B
$GPGSA,A,3,05,12,13,18,21,25,28,29,,,,,2.34,1.11,2.06,1*17
$GPGSV,3,1,12,5,42,092,48,11,05,137,,12,42,051,48,13,36,042,47,1*5E
$GPGSV,3,2,12,18,50,305,15,21,21,125,29,23,02,351,,25,79,046,47,1*69
$GPGSV,3,3,12,26,06,223,,28,31,266,24,29,56,194,19,31,18,236,26,1*6E
$GPRMC,161011.10,A,3001.73975,S,05112.73554,W,0.01,58.30,090926,,,A,V*1D
$GPGGA,161012.10,3001.73975,S,05112.73574,W,1,08,1.11,85.81,M,,M,,*4C
$GPGLL,3001.73975,S,05112.73574,W,161012.10,A,A*6A
$GPGSA,A,3,05,12,13,18,21,25,28,29,,,,,2.34,1.11,2.06,1*17
$GPGSV,3,1,12,5,42,092,48,11,05,137,,12,42,051,48,13,36,042,47,1*5E
$GPGSV,3,2,12,18,50,305,16,21,21,125,29,23,02,351,,25,79,046,47,1*6A
$GPGSV,3,3,12,26,06,223,,28,31,266,24,29,56,194,19,31,18,236,26,1*6E
$GPRMC,161012.10,A,3001.73975,S,05112.73574,W,0.30,58.30,090926,,,A,V*1E
$GPGGA,161013.10,3001.73968,S,05112.73584,W,1,09,1.04,85.74,M,,M,,*41
$GPGLL,3001.73968,S,05112.73584,W,161013.10,A,A*68
$GPGSA,A,3,05,12,13,18,21,25,28,29,31,,,,2.06,1.04,1.78,1*1A
$GPGSV,3,1,12,5,42,092,48,11,05,137,,12,42,051,47,13,36,042,47,1*51
$GPGSV,3,2,12,18,50,305,15,21,21,125,29,23,02,351,,25,79,046,47,1*69
$GPGSV,3,3,12,26,06,223,,28,31,266,23,29,56,194,20,31,18,236,26,1*63
$GPRMC,161013.10,A,3001.73968,S,05112.73584,W,0.05,58.30,090926,,,A,V*1A
$GPGGA,161014.10,3001.73965,S,05112.73584,W,1,09,1.04,85.52,M,,M,,*4F
$GPGLL,3001.73965,S,05112.73584,W,161014.10,A,A*62
$GPGSA,A,3,05,12,13,18,21,25,28,29,31,,,,2.06,1.04,1.78,1*1A
$GPGSV,3,1,12,5,42,092,48,11,05,137,20,12,42,051,48,13,36,042,47,1*5C
$GPGSV,3,2,12,18,50,305,14,21,21,125,29,23,02,351,,25,79,046,47,1*68
$GPGSV,3,3,12,26,06,223,,28,31,266,23,29,56,194,19,31,18,236,25,1*6A
$GPRMC,161014.10,A,3001.73965,S,05112.73584,W,0.32,58.30,090926,,,A,V*14
$GPGGA,161015.10,3001.73963,S,05112.73584,W,1,09,1.04,85.63,M,,M,,*4A
$GPGLL,3001.73963,S,05112.73584,W,161015.10,A,A*65
$GPGSA,A,3,05,12,13,18,21,25,28,29,31,,,,2.06,1.04,1.78,1*1A
$GPGSV,3,1,12,5,42,092,48,11,05,137,17,12,42,051,48,13,36,042,47,1*58
$GPGSV,3,2,12,18,50,305,13,21,21,125,29,23,02,351,,25,79,046,47,1*6F
$GPGSV,3,3,12,26,06,223,,28,31,266,22,29,56,194,19,31,18,236,25,1*6B
$GPRMC,161015.10,A,3001.73963,S,05112.73584,W,0.14,58.30,090926,,,A,V*17
$GPGGA,161016.10,3001.73956,S,05112.73585,W,1,09,1.04,85.86,M,,M,,*45
$GPGLL,3001.73956,S,05112.73585,W,161016.10,A,A*61
$GPGSA,A,3,05,12,13,18,21,25,28,29,31,,,,2.06,1.04,1.78,1*1A
$GPGSV,4,1,13,5,42,092,48,11,05,137,,12,42,051,48,13,36,042,47,1*58
$GPGSV,4,2,13,18,50,305,13,21,21,125,29,23,02,351,,25,79,046,47,1*69
$GPGSV,4,3,13,26,06,223,,28,31,266,22,29,56,194,19,31,18,236,25,1*6D
$GPGSV,4,4,13,201,,,27,1*50
$GPRMC,161016.10,A,3001.73956,S,05112.73585,W,0.16,58.30,090926,,,A,V*11
$GPGGA,161017.10,3001.73949,S,05112.73589,W,1,09,1.04,85.84,M,,M,,*44
$GPGLL,3001.73949,S,05112.73589,W,161017.10,A,A*62
$GPGSA,A,3,05,12,13,18,21,25,28,29,31,,,,2.06,1.04,1.78,1*1A
$GPGSV,3,1,12,5,42,092,48,11,05,137,,12,42,051,47,13,36,042,47,1*51
$GPGSV,3,2,12,18,50,305,14,21,21,125,29,23,02,351,,25,79,046,47,1*68
$GPGSV,3,3,12,26,06,223,,28,31,266,21,29,56,194,19,31,18,236,26,1*6B
$GPRMC,161017.10,A,3001.73949,S,05112.73589,W,0.03,58.30,090926,,,A,V*16
$GPGGA,161018.10,3001.73937,S,05112.73583,W,1,08,1.28,85.99,M,,M,,*4B
$GPGLL,3001.73937,S,05112.73583,W,161018.10,A,A*6E
$GPGSA,A,3,05,12,13,18,21,25,28,31,,,,,2.60,1.28,2.26,1*17
$GPGSV,4,1,13,5,42,092,48,11,05,137,,12,42,051,47,13,36,042,47,1*57
$GPGSV,4,2,13,18,50,305,13,21,21,125,29,23,02,351,,25,79,046,47,1*69
$GPGSV,4,3,13,26,06,223,,28,31,266,21,29,56,194,20,31,18,236,26,1*67
$GPGSV,4,4,13,193,,,27,1*58
$GPRMC,161018.10,A,3001.73937,S,05112.73583,W,0.06,58.30,090926,,,A,V*1F
$GPGGA,161019.10,3001.73929,S,05112.73577,W,1,08,1.28,86.02,M,,M,,*4F
$GPGLL,3001.73929,S,05112.73577,W,161019.10,A,A*6B
$GPGSA,A,3,05,12,13,18,21,25,28,31,,,,,2.60,1.28,2.26,1*17
$GPGSV,4,1,13,5,42,092,48,11,05,137,,12,42,051,47,13,36,042,47,1*57
$GPGSV,4,2,13,18,50,305,13,21,21,125,29,23,02,351,,25,79,046,47,1*69
$GPGSV,4,3,13,26,06,223,,28,31,266,19,29,56,194,21,31,18,236,26,1*6D
$GPGSV,4,4,13,193,,,25,1*5A
$GPRMC,161019.10,A,3001.73929,S,05112.73577,W,0.10,58.30,090926,,,A,V*1D
$GPGGA,161020.10,3001.73928,S,05112.73573,W,1,07,1.34,85.78,M,,M,,*4C
$GPGLL,3001.73928,S,05112.73573,W,161020.10,A,A*64
$GPGSA,A,3,05,12,13,21,25,28,31,,,,,,2.66,1.34,2.30,1*12
$GPGSV,4,1,13,5,42,092,48,11,05,137,,12,42,051,47,13,36,042,47,1*57
$GPGSV,4,2,13,18,50,305,11,21,21,125,28,23,02,351,,25,79,046,47,1*6A
$GPGSV,4,3,13,26,06,223,,28,31,266,19,29,56,194,21,31,18,236,27,1*6C
$GPGSV,4,4,13,193,,,25,1*5A
$GPRMC,161020.10,A,3001.73928,S,05112.73573,W,0.06,58.30,090926,,,A,V*15
$GPGGA,161021.10,3001.73917,S,05112.73568,W,1,07,1.34,85.95,M,,M,,*48
$GPGLL,3001.73917,S,05112.73568,W,161021.10,A,A*63
$GPGSA,A,3,05,12,13,21,25,28,31,,,,,,2.66,1.34,2.30,1*12
$GPGSV,4,1,13,5,42,092,48,11,05,137,,12,42,051,48,13,36,042,47,1*58
$GPGSV,4,2,13,18,50,305,12,21,21,125,29,23,02,351,,25,79,046,48,1*67
$GPGSV,4,3,13,26,06,223,,28,31,266,18,29,56,194,22,31,18,236,27,1*6E
$GPGSV,4,4,13,193,,,25,1*5A
$GPRMC,161021.10,A,3001.73917,S,05112.73568,W,0.08,58.30,090926,,,A,V*1C
$GPGGA,161022.10,3001.73910,S,05112.73566,W,1,07,1.34,86.14,M,,M,,*48
$GPGLL,3001.73910,S,05112.73566,W,161022.10,A,A*69
$GPGSA,A,3,05,12,13,21,25,28,31,,,,,,2.66,1.34,2.30,1*12
$GPGSV,4,1,13,5,42,092,48,11,05,137,,12,42,051,48,13,36,042,47,1*58
$GPGSV,4,2,13,18,50,305,10,21,21,125,29,23,02,351,,25,79,046,48,1*65
$GPGSV,4,3,13,26,06,223,,28,31,266,18,29,56,194,22,31,18,236,28,1*61
$GPGSV,4,4,13,193,,,25,1*5A
$GPRMC,161022.10,A,3001.73910,S,05112.73566,W,0.21,58.30,090926,,,A,V*1D
$GPGGA,161023.10,3001.73901,S,05112.73563,W,1,07,1.34,86.40,M,,M,,*4D
$GPGLL,3001.73901,S,05112.73563,W,161023.10,A,A*6D
$GPGSA,A,3,05,12,13,21,25,28,31,,,,,,2.66,1.34,2.30,1*12
$GPGSV,3,1,12,5,42,092,48,11,05,137,,12,42,051,48,13,36,042,47,1*5E
$GPGSV,3,2,12,18,50,305,12,21,21,125,30,23,02,351,,25,79,046,47,1*66
$GPGSV,3,3,12,26,06,223,,28,31,266,17,29,56,194,27,31,18,236,29,1*6C
$GPRMC,161023.10,A,3001.73901,S,05112.73563,W,0.09,58.30,090926,,,A,V*13
$GPGGA,161024.10,3001.73896,S,05112.73559,W,1,07,1.34,86.61,M,,M,,*4F
$GPGLL,3001.73896,S,05112.73559,W,161024.10,A,A*6C
$GPGSA,A,3,05,12,13,21,25,28,31,,,,,,2.66,1.34,2.30,1*12
$GPGSV,4,1,13,5,42,092,48,11,05,137,,12,42,051,48,13,36,042,47,1*58
$GPGSV,4,2,13,18,50,305,11,21,21,125,29,23,02,351,,25,79,046,47,1*6B
$GPGSV,4,3,13,26,06,223,,28,31,266,15,29,56,194,,31,18,236,29,1*6D
$GPGSV,4,4,13,201,,,26,1*51
$GPRMC,161024.10,A,3001.73896,S,05112.73559,W,0.07,58.30,090926,,,A,V*1C
$GPGGA,161025.10,3001.73891,S,05112.73555,W,1,07,1.34,86.84,M,,M,,*4E
$GPGLL,3001.73891,S,05112.73555,W,161025.10,A,A*66
$GPGSA,A,3,05,12,13,21,25,28,31,,,,,,2.66,1.34,2.30,1*12
$GPGSV,4,1,13,5,42,092,48,11,05,137,,12,42,051,48,13,36,042,47,1*58
$GPGSV,4,2,13,18,50,305,11,21,21,125,29,23,02,351,,25,79,046,47,1*6B
$GPGSV,4,3,13,26,06,223,,28,31,266,13,29,56,194,21,31,18,236,30,1*60
$GPGSV,4,4,13,201,,,25,1*52
$GPRMC,161025.10,A,3001.73891,S,05112.73555,W,0.22,58.30,090926,,,A,V*11
$GPGGA,161026.10,3001.73885,S,05112.73539,W,1,07,1.33,87.24,M,,M,,*4E
$GPGLL,3001.73885,S,05112.73539,W,161026.10,A,A*6A
$GPGSA,A,3,05,12,13,21,25,28,31,,,,,,2.66,1.33,2.30,1*15
$GPGSV,4,1,13,5,42,092,48,11,05,137,,12,42,051,48,13,36,042,47,1*58
$GPGSV,4,2,13,18,50,305,07,21,21,125,30,23,02,351,,25,79,046,48,1*6B
$GPGSV,4,3,13,26,06,223,,28,31,266,13,29,56,194,21,31,18,236,31,1*61
$GPGSV,4,4,13,201,,,25,1*52
$GPRMC,161026.10,A,3001.73885,S,05112.73539,W,0.21,58.30,090926,,,A,V*1E
$GPGGA,161027.10,3001.73866,S,05112.73534,W,1,07,1.29,87.69,M,,M,,*4D
$GPGLL,3001.73866,S,05112.73534,W,161027.10,A,A*6B
$GPGSA,A,3,05,12,13,21,25,29,31,,,,,,2.24,1.29,1.83,1*12
$GPGSV,4,1,13,5,42,092,48,11,05,137,,12,42,051,48,13,36,042,47,1*58
$GPGSV,4,2,13,18,50,305,09,21,21,125,30,23,02,351,,25,79,046,48,1*65
$GPGSV,4,3,13,26,06,223,,28,31,266,06,29,56,194,21,31,18,236,31,1*65
$GPGSV,4,4,13,201,,,25,1*52
$GPRMC,161027.10,A,3001.73866,S,05112.73534,W,0.11,58.30,090926,,,A,V*1C
$GPGGA,161028.10,3001.73853,S,05112.73530,W,1,07,1.29,88.06,M,,M,,*46
$GPGLL,3001.73853,S,05112.73530,W,161028.10,A,A*66
$GPGSA,A,3,05,12,13,21,25,29,31,,,,,,2.24,1.29,1.83,1*12
$GPGSV,3,1,12,5,42,092,48,11,05,137,,12,42,051,48,13,36,042,47,1*5E
$GPGSV,3,2,12,18,50,305,04,21,21,125,30,23,02,351,,25,79,046,47,1*61
$GPGSV,3,3,12,26,06,223,,28,31,266,00,29,56,194,22,31,18,236,32,1*65
$GPRMC,161028.10,A,3001.73853,S,05112.73530,W,0.12,58.30,090926,,,A,V*12
$GPGGA,161029.10,3001.73847,S,05112.73525,W,1,07,1.29,88.08,M,,M,,*48
$GPGLL,3001.73847,S,05112.73525,W,161029.10,A,A*66
$GPGSA,A,3,05,12,13,21,25,29,31,,,,,,2.24,1.29,1.83,1*12
$GPGSV,3,1,12,5,42,092,48,11,05,137,,12,42,051,48,13,36,042,47,1*5E
$GPGSV,3,2,12,18,50,305,01,21,21,125,30,23,02,351,,25,79,046,47,1*64
$GPGSV,3,3,12,26,06,223,,28,31,266,00,29,56,194,23,31,18,236,32,1*64
$GPRMC,161029.10,A,3001.73847,S,05112.73525,W,0.12,58.30,090926,,,A,V*12
$GPGGA,161030.10,3001.73850,S,05112.73523,W,1,07,1.29,87.96,M,,M,,*48
$GPGLL,3001.73850,S,05112.73523,W,161030.10,A,A*6E
$GPGSA,A,3,05,12,13,21,25,29,31,,,,,,2.24,1.29,1.83,1*12
$GPGSV,3,1,12,5,42,092,47,11,05,137,,12,42,051,47,13,36,042,47,1*5E
$GPGSV,3,2,12,18,50,305,08,21,21,125,30,23,02,351,,25,79,046,47,1*6D
$GPGSV,3,3,12,26,06,223,,28,31,266,00,29,56,194,23,31,18,236,33,1*65
$GPRMC,161030.10,A,3001.73850,S,05112.73523,W,0.04,58.30,090926,,,A,V*1D
$GPGGA,161031.10,3001.73848,S,05112.73513,W,1,07,1.29,87.94,M,,M,,*41
$GPGLL,3001.73848,S,05112.73513,W,161031.10,A,A*65
$GPGSA,A,3,05,12,13,21,25,29,31,,,,,,2.24,1.29,1.83,1*12
$GPGSV,3,1,12,5,42,092,47,11,05,137,,12,42,051,47,13,36,042,47,1*5E
$GPGSV,3,2,12,18,50,305,05,21,21,125,30,23,02,351,,25,79,046,47,1*60
$GPGSV,3,3,12,26,06,223,,28,31,266,05,29,56,194,23,31,18,236,33,1*60
$GPRMC,161031.10,A,3001.73848,S,05112.73513,W,0.11,58.30,090926,,,A,V*12
$GPGGA,161032.10,3001.73834,S,05112.73503,W,1,07,1.29,88.38,M,,M,,*41
$GPGLL,3001.73834,S,05112.73503,W,161032.10,A,A*6C
$GPGSA,A,3,05,12,13,21,25,29,31,,,,,,2.24,1.29,1.83,1*12
$GPGSV,3,1,12,5,42,092,47,11,05,137,20,12,42,051,47,13,36,042,47,1*5C
$GPGSV,3,2,12,18,50,305,09,21,21,125,30,23,02,351,,25,79,046,47,1*6C
$GPGSV,3,3,12,26,06,223,,28,31,266,01,29,56,194,23,31,18,236,33,1*64
$GPRMC,161032.10,A,3001.73834,S,05112.73503,W,0.16,58.30,090926,,,A,V*1C
$GPGGA,161033.10,3001.73827,S,05112.73494,W,1,07,1.29,88.65,M,,M,,*45
$GPGLL,3001.73827,S,05112.73494,W,161033.10,A,A*60
$GPGSA,A,3,05,12,13,21,25,29,31,,,,,,2.24,1.29,1.83,1*12
$GPGSV,3,1,12,5,42,092,47,11,05,137,12,12,42,051,47,13,36,042,47,1*5D
$GPGSV,3,2,12,18,50,305,12,21,21,125,30,23,02,351,,25,79,046,47,1*66
$GPGSV,3,3,12,26,06,223,,28,31,266,06,29,56,194,24,31,18,236,32,1*65
$GPRMC,161033.10,A,3001.73827,S,05112.73494,W,0.03,58.30,090926,,,A,V*14
$GPGGA,161034.10,3001.73822,S,05112.73490,W,1,07,1.29,88.78,M,,M,,*4F
$GPGLL,3001.73822,S,05112.73490,W,161034.10,A,A*66
$GPGSA,A,3,05,12,13,21,25,29,31,,,,,,2.24,1.29,1.83,1*12
$GPGSV,3,1,12,5,42,092,48,11,05,137,07,12,42,051,47,13,36,042,47,1*56
$GPGSV,3,2,12,18,50,305,00,21,21,125,29,23,02,351,,25,79,046,48,1*62
$GPGSV,3,3,12,26,06,223,,28,31,266,07,29,56,194,24,31,18,236,32,1*64
$GPRMC,161034.10,A,3001.73822,S,05112.73490,W,0.04,58.30,090926,,,A,V*15
$GPGGA,161035.10,3001.73816,S,05112.73498,W,1,07,1.29,88.93,M,,M,,*44
$GPGLL,3001.73816,S,05112.73498,W,161035.10,A,A*68
$GPGSA,A,3,05,12,13,21,25,29,31,,,,,,2.24,1.29,1.83,1*12
$GPGSV,3,1,12,5,42,092,48,11,05,137,09,12,42,051,47,13,36,042,47,1*58
$GPGSV,3,2,12,18,50,305,00,21,21,125,29,23,02,351,,25,79,046,48,1*62
$GPGSV,3,3,12,26,06,223,,28,31,266,13,29,56,194,25,31,18,236,32,1*60
$GPRMC,161035.10,A,3001.73816,S,05112.73498,W,0.03,58.30,090926,,,A,V*1C
$GPGGA,161036.10,3001.73809,S,05112.73494,W,1,07,1.29,89.07,M,,M,,*49
$GPGLL,3001.73809,S,05112.73494,W,161036.10,A,A*69
$GPGSA,A,3,05,12,13,21,25,29,31,,,,,,2.24,1.29,1.83,1*12
$GPGSV,4,1,13,5,42,092,48,11,05,137,,12,42,051,47,13,36,042,47,1*57
$GPGSV,4,2,13,18,50,305,00,21,21,125,29,23,02,351,,25,79,046,47,1*6B
$GPGSV,4,3,13,26,06,223,,28,31,266,15,29,56,194,25,31,18,236,31,1*63
$GPGSV,4,4,13,201,,,26,1*51
$GPRMC,161036.10,A,3001.73809,S,05112.73494,W,0.07,58.30,090926,,,A,V*19
$GPGGA,161037.10,3001.73809,S,05112.73495,W,1,07,1.29,89.23,M,,M,,*4F
$GPGLL,3001.73809,S,05112.73495,W,161037.10,A,A*69
$GPGSA,A,3,05,12,13,21,25,29,31,,,,,,2.24,1.29,1.83,1*12
$GPGSV,4,1,13,5,42,092,47,11,05,137,,12,42,051,47,13,36,042,47,1*58
$GPGSV,4,2,13,18,50,305,04,21,21,125,29,23,02,351,,25,79,046,47,1*6F
$GPGSV,4,3,13,26,06,223,,28,31,266,14,29,56,194,25,31,18,236,30,1*63
$GPGSV,4,4,13,201,,,25,1*52
$GPRMC,161037.10,A,3001.73809,S,05112.73495,W,0.18,58.30,090926,,,A,V*17
$GPGGA,161038.10,3001.73809,S,05112.73511,W,1,07,1.29,89.00,M,,M,,*4C
$GPGLL,3001.73809,S,05112.73511,W,161038.10,A,A*6B
$GPGSA,A,3,05,12,13,21,25,29,31,,,,,,2.24,1.29,1.83,1*12
$GPGSV,4,1,14,5,42,092,47,11,05,137,26,12,42,051,47,13,36,042,47,1*5B
$GPGSV,4,2,14,18,50,305,04,21,21,125,29,23,02,351,,25,79,046,48,1*67
$GPGSV,4,3,14,26,06,223,,28,31,266,16,29,56,194,25,31,18,236,29,1*6E
$GPGSV,4,4,14,193,,,26,201,,,24,1*6B
$GPRMC,161038.10,A,3001.73809,S,05112.73511,W,0.33,58.30,090926,,,A,V*1C
$GPGGA,161039.10,3001.73813,S,05112.73541,W,1,07,1.29,88.54,M,,M,,*43
$GPGLL,3001.73813,S,05112.73541,W,161039.10,A,A*64
$GPGSA,A,3,05,12,13,21,25,29,31,,,,,,2.24,1.29,1.83,1*12
$GPGSV,4,1,13,5,42,092,48,11,05,137,20,12,42,051,47,13,36,042,47,1*55
$GPGSV,4,2,13,18,50,305,04,21,21,125,28,23,02,351,,25,79,046,48,1*61
$GPGSV,4,3,13,26,06,223,,28,31,266,13,29,56,194,25,31,18,236,27,1*62
$GPGSV,4,4,13,201,,,25,1*52
$GPRMC,161039.10,A,3001.73813,S,05112.73541,W,0.38,58.30,090926,,,A,V*18
$GPGGA,161040.10,3001.73826,S,05112.73589,W,1,07,1.29,87.65,M,,M,,*42
$GPGLL,3001.73826,S,05112.73589,W,161040.10,A,A*68
$GPGSA,A,3,05,12,13,21,25,29,31,,,,,,2.24,1.29,1.83,1*12
$GPGSV,3,1,12,5,42,092,48,11,05,137,,12,42,051,47,13,36,042,47,1*51
$GPGSV,3,2,12,18,50,305,08,21,21,125,28,23,02,351,,25,79,046,48,1*6B
$GPGSV,3,3,12,26,06,223,,28,31,266,14,29,56,194,26,31,18,236,26,1*61
$GPRMC,161040.10,A,3001.73826,S,05112.73589,W,0.45,58.30,090926,,,A,V*1E
$GPGGA,161041.10,3001.73832,S,05112.73632,W,1,07,1.29,86.93,M,,M,,*4D
$GPGLL,3001.73832,S,05112.73632,W,161041.10,A,A*6F
$GPGSA,A,3,05,12,13,21,25,29,31,,,,,,2.24,1.29,1.83,1*12
$GPGSV,3,1,12,5,42,092,48,11,05,137,,12,42,051,47,13,36,042,47,1*51
$GPGSV,3,2,12,18,50,305,03,21,21,125,28,23,02,351,,25,79,046,47,1*6F
$GPGSV,3,3,12,26,06,223,,28,31,266,15,29,56,194,26,31,18,236,24,1*62
$GPRMC,161041.10,A,3001.73832,S,05112.73632,W,0.56,58.30,090926,,,A,V*1B
$GPGGA,161042.10,3001.73838,S,05112.73662,W,1,07,1.29,86.11,M,,M,,*4B
$GPGLL,3001.73838,S,05112.73662,W,161042.10,A,A*63
$GPGSA,A,3,05,12,13,21,25,29,31,,,,,,2.24,1.29,1.83,1*12
$GPGSV,3,1,12,5,42,092,48,11,05,137,,12,42,051,47,13,36,042,47,1*51
$GPGSV,3,2,12,18,50,305,05,21,21,125,28,23,02,351,,25,79,046,47,1*69
$GPGSV,3,3,12,26,06,223,,28,31,266,15,29,56,194,26,31,18,236,21,1*67
$GPRMC,161042.10,A,3001.73838,S,05112.73662,W,0.30,58.30,090926,,,A,V*17
$GPGGA,161043.10,3001.73847,S,05112.73698,W,1,08,1.12,85.21,M,,M,,*40
$GPGLL,3001.73847,S,05112.73698,W,161043.10,A,A*6F
$GPGSA,A,3,05,12,13,21,25,28,29,31,,,,,2.12,1.12,1.79,1*10
$GPGSV,3,1,12,5,42,093,48,11,04,136,,12,41,050,47,13,35,042,47,1*51
$GPGSV,3,2,12,18,51,304,05,21,21,126,28,23,03,352,,25,79,045,47,1*6B
$GPGSV,3,3,12,26,07,223,,28,31,266,17,29,57,193,26,31,18,236,19,1*69
$GPRMC,161043.10,A,3001.73847,S,05112.73698,W,0.36,58.30,090926,,,A,V*1D
$GPGGA,161044.10,3001.73853,S,05112.73723,W,1,07,1.19,84.73,M,,M,,*41
$GPGLL,3001.73853,S,05112.73723,W,161044.10,A,A*6C
$GPGSA,A,3,05,12,13,21,25,28,29,,,,,,2.38,1.19,2.06,1*1A
$GPGSV,4,1,13,5,42,093,48,11,04,136,,12,41,050,47,13,35,042,47,1*57
$GPGSV,4,2,13,18,51,304,09,21,21,126,28,23,03,352,,25,79,045,47,1*61
$GPGSV,4,3,13,26,07,223,,28,31,266,16,29,57,193,26,31,18,236,18,1*6F
$GPGSV,4,4,13,201,,,26,1*51
$GPRMC,161044.10,A,3001.73853,S,05112.73723,W,0.75,58.30,090926,,,A,V*19
$GPGGA,161045.10,3001.73856,S,05112.73756,W,1,07,1.19,84.14,M,,M,,*46
$GPGLL,3001.73856,S,05112.73756,W,161045.10,A,A*6A
$GPGSA,A,3,05,12,13,21,25,28,29,,,,,,2.38,1.19,2.06,1*1A
$GPGSV,4,1,13,5,42,093,47,11,04,136,,12,41,050,47,13,35,042,47,1*58
$GPGSV,4,2,13,18,51,304,06,21,21,126,27,23,03,352,,25,79,045,47,1*61
$GPGSV,4,3,13,26,07,223,,28,31,266,15,29,57,193,26,31,18,236,20,1*67
$GPGSV,4,4,13,201,,,25,1*52
$GPRMC,161045.10,A,3001.73856,S,05112.73756,W,0.37,58.30,090926,,,A,V*19
$GPGGA,161046.10,3001.73854,S,05112.73770,W,1,08,1.12,84.02,M,,M,,*40
$GPGLL,3001.73854,S,05112.73770,W,161046.10,A,A*6F
$GPGSA,A,3,05,12,13,21,25,28,29,31,,,,,2.12,1.12,1.79,1*10
$GPGSV,4,1,15,5,42,093,47,11,04,136,,12,41,050,47,13,35,042,47,1*5E
$GPGSV,4,2,15,18,51,304,04,21,21,126,28,23,03,352,,25,79,045,47,1*6A
$GPGSV,4,3,15,26,07,223,,28,31,266,16,29,57,193,27,31,18,236,24,1*67
$GPGSV,4,4,15,193,,,26,197,,,26,201,,,25,1*50
$GPRMC,161046.10,A,3001.73854,S,05112.73770,W,0.39,58.30,090926,,,A,V*12
$GPGGA,161047.10,3001.73856,S,05112.73776,W,1,08,1.12,84.31,M,,M,,*45
$GPGLL,3001.73856,S,05112.73776,W,161047.10,A,A*6A
$GPGSA,A,3,05,12,13,21,25,28,29,31,,,,,2.12,1.12,1.79,1*10
$GPGSV,3,1,12,5,42,093,47,11,04,136,,12,41,050,48,13,35,042,47,1*51
$GPGSV,3,2,12,18,51,304,01,21,21,126,28,23,03,352,,25,79,045,48,1*60
$GPGSV,3,3,12,26,07,223,,28,31,266,17,29,57,193,26,31,18,236,26,1*65
$GPRMC,161047.10,A,3001.73856,S,05112.73776,W,0.50,58.30,090926,,,A,V*18
$GPGGA,161048.10,3001.73861,S,05112.73774,W,1,08,1.12,84.14,M,,M,,*4B
$GPGLL,3001.73861,S,05112.73774,W,161048.10,A,A*63
$GPGSA,A,3,05,12,13,21,25,28,29,31,,,,,2.12,1.12,1.79,1*10
$GPGSV,4,1,13,5,42,093,47,11,04,136,,12,41,050,47,13,35,042,47,1*58
$GPGSV,4,2,13,18,51,304,09,21,21,126,27,23,03,352,,25,79,045,47,1*6E
$GPGSV,4,3,13,26,07,223,,28,31,266,16,29,57,193,27,31,18,236,28,1*6D
$GPGSV,4,4,13,193,,,27,1*58
$GPRMC,161048.10,A,3001.73861,S,05112.73774,W,0.09,58.30,090926,,,A,V*1D
$GPGGA,161049.10,3001.73856,S,05112.73783,W,1,08,1.12,84.12,M,,M,,*40
$GPGLL,3001.73856,S,05112.73783,W,161049.10,A,A*6E
$GPGSA,A,3,05,12,13,21,25,28,29,31,,,,,2.12,1.12,1.79,1*10
$GPGSV,4,1,15,5,42,093,48,11,04,136,,12,41,050,47,13,35,042,47,1*51
$GPGSV,4,2,15,18,51,304,07,21,21,126,27,23,03,352,,25,79,045,48,1*69
$GPGSV,4,3,15,26,07,223,,28,31,266,17,29,57,193,27,31,18,236,30,1*63
$GPGSV,4,4,15,193,,,25,197,,,26,201,,,27,1*51
$GPRMC,161049.10,A,3001.73856,S,05112.73783,W,0.19,58.30,090926,,,A,V*11
$GPGGA,161050.10,3001.73860,S,05112.73779,W,1,08,1.12,84.10,M,,M,,*4A
$GPGLL,3001.73860,S,05112.73779,W,161050.10,A,A*66
$GPGSA,A,3,05,12,13,21,25,28,29,31,,,,,2.12,1.12,1.79,1*10
$GPGSV,4,1,14,5,42,093,48,11,04,136,,12,41,050,47,13,35,042,47,1*50
$GPGSV,4,2,14,18,51,304,08,21,21,126,27,23,03,352,,25,79,045,48,1*67
$GPGSV,4,3,14,26,07,223,,28,31,266,18,29,57,193,27,31,18,236,31,1*6C
$GPGSV,4,4,14,193,,,25,197,,,25,1*65
$GPRMC,161050.10,A,3001.73860,S,05112.73779,W,0.14,58.30,090926,,,A,V*14
$GPGGA,161051.10,3001.73866,S,05112.73785,W,1,08,1.12,83.87,M,,M,,*47
$GPGLL,3001.73866,S,05112.73785,W,161051.10,A,A*62
$GPGSA,A,3,05,12,13,21,25,28,29,31,,,,,2.12,1.12,1.79,1*10
$GPGSV,4,1,13,5,42,093,48,11,04,136,,12,41,050,47,13,35,042,47,1*57
$GPGSV,4,2,13,18,51,304,00,21,21,126,27,23,03,352,,25,79,045,47,1*67
$GPGSV,4,3,13,26,07,223,,28,31,266,19,29,57,193,27,31,18,236,32,1*69
$GPGSV,4,4,13,197,,,25,1*5E
$GPRMC,161051.10,A,3001.73866,S,05112.73785,W,0.13,58.30,090926,,,A,V*17
$GPGGA,161052.10,3001.73867,S,05112.73788,W,1,08,1.12,83.78,M,,M,,*48
$GPGLL,3001.73867,S,05112.73788,W,161052.10,A,A*6D
$GPGSA,A,3,05,12,13,21,25,28,29,31,,,,,2.12,1.12,1.79,1*10
$GPGSV,3,1,12,5,42,093,48,11,04,136,,12,41,050,47,13,35,042,47,1*51
$GPGSV,3,2,12,18,51,304,19,21,21,126,27,23,03,352,,25,79,045,47,1*69
$GPGSV,3,3,12,26,07,223,,28,31,266,20,29,57,193,26,31,18,236,33,1*65
$GPRMC,161052.10,A,3001.73867,S,05112.73788,W,0.12,58.30,090926,,,A,V*19
$GPGGA,161053.10,3001.73874,S,05112.73793,W,1,08,1.12,83.79,M,,M,,*40
$GPGLL,3001.73874,S,05112.73793,W,161053.10,A,A*64
$GPGSA,A,3,05,12,13,21,25,28,29,31,,,,,2.12,1.12,1.79,1*10
$GPGSV,4,1,14,5,42,093,47,11,04,136,,12,41,050,47,13,35,042,46,1*5E
$GPGSV,4,2,14,18,51,304,15,21,21,126,26,23,03,352,,25,79,045,47,1*65
$GPGSV,4,3,14,26,07,223,,28,31,266,19,29,57,193,26,31,18,236,33,1*6E
$GPGSV,4,4,14,197,,,27,201,,,28,1*62
$GPRMC,161053.10,A,3001.73874,S,05112.73793,W,0.05,58.30,090926,,,A,V*16
$GPGGA,161054.10,3001.73874,S,05112.73793,W,1,08,1.12,83.89,M,,M,,*48
$GPGLL,3001.73874,S,05112.73793,W,161054.10,A,A*63
$GPGSA,A,3,05,12,13,21,25,28,29,31,,,,,2.12,1.12,1.79,1*10
$GPGSV,4,1,14,5,42,093,48,11,04,136,,12,41,050,47,13,35,042,47,1*50
$GPGSV,4,2,14,18,51,304,05,21,21,126,26,23,03,352,,25,79,045,47,1*64
$GPGSV,4,3,14,26,07,223,,28,31,266,19,29,57,193,26,31,18,236,33,1*6E
$GPGSV,4,4,14,193,,,27,201,,,25,1*6B
$GPRMC,161054.10,A,3001.73874,S,05112.73793,W,0.19,58.30,090926,,,A,V*1C
$GPGGA,161055.10,3001.73878,S,05112.73800,W,1,08,1.12,83.80,M,,M,,*49
$GPGLL,3001.73878,S,05112.73800,W,161055.10,A,A*6B
$GPGSA,A,3,05,12,13,21,25,28,29,31,,,,,2.12,1.12,1.79,1*10
$GPGSV,4,1,14,5,42,093,48,11,04,136,,12,41,050,47,13,35,042,47,1*50
$GPGSV,4,2,14,18,51,304,00,21,21,126,26,23,03,352,,25,79,045,47,1*61
$GPGSV,4,3,14,26,07,223,,28,31,266,20,29,57,193,26,31,18,236,33,1*64
$GPGSV,4,4,14,197,,,26,201,,,25,1*6E
$GPRMC,161055.10,A,3001.73878,S,05112.73800,W,0.09,58.30,090926,,,A,V*15
$GPGGA,161056.10,3001.73883,S,05112.73801,W,1,08,1.12,83.70,M,,M,,*40
$GPGLL,3001.73883,S,05112.73801,W,161056.10,A,A*6D
$GPGSA,A,3,05,12,13,21,25,28,29,31,,,,,2.12,1.12,1.79,1*10
$GPGSV,4,1,15,5,42,093,48,11,04,136,,12,41,050,47,13,35,042,47,1*51
$GPGSV,4,2,15,18,51,304,28,21,21,126,25,23,03,352,,25,79,045,48,1*66
$GPGSV,4,3,15,26,07,223,,28,31,266,20,29,57,193,27,31,18,236,33,1*64
$GPGSV,4,4,15,193,,,27,197,,,26,201,,,24,1*50
$GPRMC,161056.10,A,3001.73883,S,05112.73801,W,0.03,58.30,090926,,,A,V*19
$GPGGA,161057.10,3001.73877,S,05112.73799,W,1,08,1.12,83.77,M,,M,,*43
$GPGLL,3001.73877,S,05112.73799,W,161057.10,A,A*69
$GPGSA,A,3,05,12,13,21,25,28,29,31,,,,,2.11,1.12,1.79,1*13
$GPGSV,3,1,12,5,42,093,47,11,04,136,,12,41,050,47,13,35,042,46,1*5F
$GPGSV,3,2,12,18,51,304,25,21,21,126,25,23,03,352,,25,79,045,47,1*64
$GPGSV,3,3,12,26,07,223,,28,31,266,20,29,57,193,27,31,18,236,33,1*64
$GPRMC,161057.10,A,3001.73877,S,05112.73799,W,0.06,58.30,090926,,,A,V*18
$GPGGA,161058.10,3001.73879,S,05112.73801,W,1,08,1.12,83.47,M,,M,,*4F
$GPGLL,3001.73879,S,05112.73801,W,161058.10,A,A*66
$GPGSA,A,3,05,12,13,21,25,28,29,31,,,,,2.11,1.12,1.79,1*13
$GPGSV,4,1,15,5,42,093,47,11,04,136,,12,41,050,47,13,35,042,46,1*5F
$GPGSV,4,2,15,18,51,304,24,21,21,126,25,23,03,352,,25,79,045,47,1*65
$GPGSV,4,3,15,26,07,223,,28,31,266,20,29,57,193,27,31,18,236,33,1*64
$GPGSV,4,4,15,193,,,33,197,,,26,201,,,27,1*56
$GPRMC,161058.10,A,3001.73879,S,05112.73801,W,0.13,58.30,090926,,,A,V*13
$GPGGA,161059.10,3001.73885,S,05112.73805,W,1,08,1.12,83.25,M,,M,,*4D
$GPGLL,3001.73885,S,05112.73805,W,161059.10,A,A*60
$GPGSA,A,3,05,12,13,21,25,28,29,31,,,,,2.11,1.12,1.79,1*13
$GPGSV,4,1,15,5,42,093,48,11,04,136,,12,41,050,47,13,35,042,47,1*51
$GPGSV,4,2,15,18,51,304,24,21,21,126,25,23,03,352,,25,79,045,47,1*65
$GPGSV,4,3,15,26,07,223,,28,31,266,20,29,57,193,27,31,18,236,33,1*64
$GPGSV,4,4,15,193,,,26,197,,,29,201,,,26,1*5C
$GPRMC,161059.10,A,3001.73885,S,05112.73805,W,0.21,58.30,090926,,,A,V*14
$GPGGA,161100.10,3001.73887,S,05112.73798,W,1,08,1.12,83.46,M,,M,,*4C
$GPGLL,3001.73887,S,05112.73798,W,161100.10,A,A*64
$GPGSA,A,3,05,12,13,21,25,28,29,31,,,,,2.11,1.12,1.79,1*13
$GPGSV,4,1,15,5,42,093,47,11,04,136,,12,41,050,47,13,35,042,46,1*5F
$GPGSV,4,2,15,18,51,304,,21,21,126,24,23,03,352,,25,79,045,47,1*62
$GPGSV,4,3,15,26,07,223,,28,31,266,20,29,57,193,27,31,18,236,33,1*64
$GPGSV,4,4,15,193,,,25,197,,,27,201,,,26,1*51
$GPRMC,161100.10,A,3001.73887,S,05112.73798,W,0.19,58.30,090926,,,A,V*1B
$GPGGA,161101.10,3001.73893,S,05112.73805,W,1,08,1.12,83.35,M,,M,,*47
$GPGLL,3001.73893,S,05112.73805,W,161101.10,A,A*6B
$GPGSA,A,3,05,12,13,21,25,28,29,31,,,,,2.11,1.12,1.79,1*13
$GPGSV,4,1,13,5,42,093,47,11,04,136,,12,41,050,47,13,35,042,46,1*59
$GPGSV,4,2,13,18,51,304,,21,21,126,25,23,03,352,,25,79,045,47,1*65
$GPGSV,4,3,13,26,07,223,,28,31,266,21,29,57,193,27,31,18,236,33,1*63
$GPGSV,4,4,13,193,,,24,1*5B
$GPRMC,161101.10,A,3001.73893,S,05112.73805,W,0.08,58.30,090926,,,A,V*14
$GPGGA,161102.10,3001.73903,S,05112.73809,W,1,08,1.12,83.32,M,,M,,*47
$GPGLL,3001.73903,S,05112.73809,W,161102.10,A,A*6C
$GPGSA,A,3,05,12,13,21,25,28,29,31,,,,,2.11,1.12,1.79,1*13
$GPGSV,4,1,14,5,42,093,48,11,04,136,,12,41,050,47,13,35,042,47,1*50
$GPGSV,4,2,14,18,51,304,,21,21,126,24,23,03,352,,25,79,045,47,1*63
$GPGSV,4,3,14,26,07,223,,28,31,266,22,29,57,193,26,31,18,236,32,1*67
$GPGSV,4,4,14,197,,,26,201,,,34,1*6E
$GPRMC,161102.10,A,3001.73903,S,05112.73809,W,0.10,58.30,090926,,,A,V*1A
$GPGGA,161103.10,3001.73918,S,05112.73818,W,1,08,1.12,82.90,M,,M,,*45
$GPGLL,3001.73918,S,05112.73818,W,161103.10,A,A*67
$GPGSA,A,3,05,12,13,21,25,28,29,31,,,,,2.11,1.12,1.79,1*13
$GPGSV,4,1,13,5,42,093,48,11,04,136,,12,41,050,47,13,35,042,47,1*57
$GPGSV,4,2,13,18,51,304,,21,21,126,24,23,03,352,,25,79,045,47,1*64
$GPGSV,4,3,13,26,07,223,,28,31,266,22,29,57,193,26,31,18,236,31,1*63
$GPGSV,4,4,13,201,,,25,1*52
$GPRMC,161103.10,A,3001.73918,S,05112.73818,W,0.07,58.30,090926,,,A,V*17
$GPGGA,161104.10,3001.73931,S,05112.73832,W,1,08,1.12,82.63,M,,M,,*4D
$GPGLL,3001.73931,S,05112.73832,W,161104.10,A,A*63
$GPGSA,A,3,05,12,13,21,25,28,29,31,,,,,2.11,1.12,1.79,1*13
$GPGSV,4,1,15,5,42,093,48,11,04,136,,12,41,050,47,13,35,042,47,1*51
$GPGSV,4,2,15,18,51,304,,21,21,126,23,23,03,352,,25,79,045,47,1*65
$GPGSV,4,3,15,26,07,223,,28,31,266,21,29,57,193,26,31,18,236,30,1*67
$GPGSV,4,4,15,193,,,26,197,,,27,201,,,25,1*51
$GPRMC,161104.10,A,3001.73931,S,05112.73832,W,0.04,58.30,090926,,,A,V*10
$GPGGA,161105.10,3001.73951,S,05112.73855,W,1,08,1.12,82.12,M,,M,,*4D
$GPGLL,3001.73951,S,05112.73855,W,161105.10,A,A*65
$GPGSA,A,3,05,12,13,21,25,28,29,31,,,,,2.11,1.12,1.79,1*13
$GPGSV,4,1,13,5,42,093,48,11,04,136,,12,41,050,47,13,35,042,47,1*57
$GPGSV,4,2,13,18,51,304,,21,21,126,23,23,03,352,,25,79,045,47,1*63
$GPGSV,4,3,13,26,07,223,,28,31,266,21,29,57,193,26,31,18,236,29,1*69
$GPGSV,4,4,13,201,,,26,1*51
$GPRMC,161105.10,A,3001.73951,S,05112.73855,W,0.07,58.30,090926,,,A,V*15
$GPGGA,161106.10,3001.73971,S,05112.73884,W,1,08,1.12,81.60,M,,M,,*46
$GPGLL,3001.73971,S,05112.73884,W,161106.10,A,A*68
$GPGSA,A,3,05,12,13,21,25,28,29,31,,,,,2.11,1.12,1.79,1*13
$GPGSV,4,1,13,5,42,093,48,11,04,136,,12,41,050,48,13,35,042,47,1*58
$GPGSV,4,2,13,18,51,304,,21,21,126,23,23,03,352,,25,79,045,47,1*63
$GPGSV,4,3,13,26,07,223,,28,31,266,21,29,57,193,25,31,18,236,29,1*6A
$GPGSV,4,4,13,193,,,27,1*58
$GPRMC,161106.10,A,3001.73971,S,05112.73884,W,0.30,58.30,090926,,,A,V*1C
$GPGGA,161107.10,3001.73998,S,05112.73917,W,1,08,1.12,80.72,M,,M,,*49
$GPGLL,3001.73998,S,05112.73917,W,161107.10,A,A*65
$GPGSA,A,3,05,12,13,21,25,28,29,31,,,,,2.11,1.12,1.79,1*13
$GPGSV,4,1,13,5,42,093,48,11,04,136,,12,41,050,48,13,35,042,47,1*58
$GPGSV,4,2,13,18,51,304,,21,21,126,22,23,03,352,,25,79,045,47,1*62
$GPGSV,4,3,13,26,07,223,,28,31,266,21,29,57,193,25,31,18,236,28,1*6B
$GPGSV,4,4,13,193,,,25,1*5A
$GPRMC,161107.10,A,3001.73998,S,05112.73917,W,0.40,58.30,090926,,,A,V*16
$GPGGA,161108.10,3001.74028,S,05112.73950,W,1,08,1.12,79.75,M,,M,,*41
$GPGLL,3001.74028,S,05112.73950,W,161108.10,A,A*6C
$GPGSA,A,3,05,12,13,21,25,28,29,31,,,,,2.11,1.12,1.79,1*13
$GPGSV,4,1,13,5,42,093,48,11,04,136,,12,41,050,48,13,35,042,47,1*58
$GPGSV,4,2,13,18,51,304,,21,21,126,22,23,03,352,,25,79,045,47,1*62
$GPGSV,4,3,13,26,07,223,,28,31,266,21,29,57,193,25,31,18,236,26,1*65
$GPGSV,4,4,13,193,,,16,1*5A
$GPRMC,161108.10,A,3001.74028,S,05112.73950,W,0.47,58.30,090926,,,A,V*18
$GPGGA,161109.10,3001.74059,S,05112.73982,W,1,08,1.12,78.81,M,,M,,*43
$GPGLL,3001.74059,S,05112.73982,W,161109.10,A,A*64
$GPGSA,A,3,05,12,13,21,25,28,29,31,,,,,2.11,1.12,1.79,1*13
$GPGSV,4,1,13,5,42,093,48,11,04,136,,12,41,050,48,13,35,042,47,1*58
$GPGSV,4,2,13,18,51,304,,21,21,126,22,23,03,352,,25,79,045,47,1*62
$GPGSV,4,3,13,26,07,223,,28,31,266,21,29,57,193,25,31,18,236,25,1*66
$GPGSV,4,4,13,193,,,04,1*59
$GPRMC,161109.10,A,3001.74059,S,05112.73982,W,0.45,58.30,090926,,,A,V*12
$GPGGA,161110.10,3001.74087,S,05112.74015,W,1,08,1.12,78.04,M,,M,,*45
$GPGLL,3001.74087,S,05112.74015,W,161110.10,A,A*6F
$GPGSA,A,3,05,12,13,21,25,28,29,31,,,,,2.11,1.12,1.79,1*13
$GPGSV,3,1,12,5,42,093,48,11,04,136,,12,41,050,47,13,35,042,47,1*51
$GPGSV,3,2,12,18,51,304,,21,21,126,21,23,03,352,,25,79,045,47,1*67
$GPGSV,3,3,12,26,07,223,,28,31,266,21,29,57,193,25,31,18,236,24,1*61
$GPRMC,161110.10,A,3001.74087,S,05112.74015,W,0.50,58.30,090926,,,A,V*1D
$GPGGA,161111.10,3001.74114,S,05112.74054,W,1,08,1.12,76.95,M,,M,,*4C
$GPGLL,3001.74114,S,05112.74054,W,161111.10,A,A*60
$GPGSA,A,3,05,12,13,21,25,28,29,31,,,,,2.11,1.12,1.79,1*13
$GPGSV,4,1,13,5,42,093,48,11,04,136,,12,41,050,47,13,35,042,47,1*57
$GPGSV,4,2,13,18,51,304,,21,21,126,21,23,03,352,,25,79,045,47,1*61
$GPGSV,4,3,13,26,07,223,,28,31,266,22,29,57,193,24,31,18,236,25,1*64
$GPGSV,4,4,13,197,,,28,1*53
$GPRMC,161111.10,A,3001.74114,S,05112.74054,W,0.63,58.30,090926,,,A,V*12
$GPGGA,161112.10,3001.74146,S,05112.74097,W,1,08,1.12,75.83,M,,M,,*43
$GPGLL,3001.74146,S,05112.74097,W,161112.10,A,A*6B
$GPGSA,A,3,05,12,13,21,25,28,29,31,,,,,2.11,1.12,1.79,1*13
$GPGSV,4,1,14,5,42,093,48,11,04,136,,12,41,050,47,13,35,042,47,1*50
$GPGSV,4,2,14,18,51,304,,21,21,126,21,23,03,352,,25,79,045,47,1*66
$GPGSV,4,3,14,26,07,223,,28,31,266,22,29,57,193,24,31,18,236,25,1*63
$GPGSV,4,4,14,197,,,26,201,,,27,1*6C
$GPRMC,161112.10,A,3001.74146,S,05112.74097,W,0.30,58.30,090926,,,A,V*1F
$GPGGA,161113.10,3001.74166,S,05112.74112,W,1,08,1.12,75.44,M,,M,,*47
$GPGLL,3001.74166,S,05112.74112,W,161113.10,A,A*64
$GPGSA,A,3,05,12,13,21,25,28,29,31,,,,,2.11,1.12,1.79,1*13
$GPGSV,4,1,14,5,42,093,48,11,04,136,,12,41,050,46,13,35,042,47,1*51
$GPGSV,4,2,14,18,51,304,,21,21,126,21,23,03,352,,25,79,045,47,1*66
$GPGSV,4,3,14,26,07,223,,28,31,266,22,29,57,193,24,31,18,236,26,1*60
$GPGSV,4,4,14,193,,,27,197,,,25,1*67
$GPRMC,161113.10,A,3001.74166,S,05112.74112,W,0.35,58.30,090926,,,A,V*15
$GPGGA,161114.10,3001.74183,S,05112.74119,W,1,08,1.12,75.20,M,,M,,*42
$GPGLL,3001.74183,S,05112.74119,W,161114.10,A,A*63
$GPGSA,A,3,05,12,13,21,25,28,29,31,,,,,2.11,1.12,1.79,1*13
$GPGSV,4,1,14,5,42,093,48,11,04,136,,12,41,050,47,13,35,042,47,1*50
$GPGSV,4,2,14,18,51,304,17,21,21,126,21,23,03,352,,25,79,045,47,1*60
$GPGSV,4,3,14,26,07,223,,28,31,266,22,29,57,193,24,31,18,236,27,1*61
$GPGSV,4,4,14,193,,,27,197,,,25,1*67
$GPRMC,161114.10,A,3001.74183,S,05112.74119,W,0.05,58.30,090926,,,A,V*11
$GPGGA,161115.10,3001.74196,S,05112.74116,W,1,09,1.04,75.13,M,,M,,*4E
$GPGLL,3001.74196,S,05112.74116,W,161115.10,A,A*69
$GPGSA,A,3,05,12,13,18,21,25,28,29,31,,,,2.05,1.04,1.77,1*16
$GPGSV,3,1,12,5,42,093,48,11,04,136,,12,41,050,47,13,35,042,47,1*51
$GPGSV,3,2,12,18,51,304,19,21,21,126,22,23,03,352,,25,79,045,47,1*6C
$GPGSV,3,3,12,26,07,223,,28,31,266,22,29,57,193,24,31,18,236,29,1*6E
$GPRMC,161115.10,A,3001.74196,S,05112.74116,W,0.30,58.30,090926,,,A,V*1D
$GPGGA,161116.10,3001.74212,S,05112.74114,W,1,09,1.04,75.06,M,,M,,*44
$GPGLL,3001.74212,S,05112.74114,W,161116.10,A,A*67
$GPGSA,A,3,05,12,13,18,21,25,28,29,31,,,,2.05,1.04,1.77,1*16
$GPGSV,3,1,12,5,42,093,48,11,04,136,,12,41,050,47,13,35,042,47,1*51
$GPGSV,3,2,12,18,51,304,19,21,21,126,22,23,03,352,,25,79,045,47,1*6C
$GPGSV,3,3,12,26,07,223,,28,31,266,22,29,57,193,23,31,18,236,30,1*61
$GPRMC,161116.10,A,3001.74212,S,05112.74114,W,0.18,58.30,090926,,,A,V*19
$GPGGA,161117.10,3001.74226,S,05112.74108,W,1,09,1.04,74.86,M,,M,,*46
$GPGLL,3001.74226,S,05112.74108,W,161117.10,A,A*6C
$GPGSA,A,3,05,12,13,18,21,25,28,29,31,,,,2.05,1.04,1.77,1*16
$GPGSV,3,1,12,5,42,093,48,11,04,136,,12,41,050,47,13,35,042,47,1*51
$GPGSV,3,2,12,18,51,304,20,21,21,126,22,23,03,352,,25,79,045,47,1*66
$GPGSV,3,3,12,26,07,223,,28,31,266,22,29,57,193,24,31,18,236,31,1*67
$GPRMC,161117.10,A,3001.74226,S,05112.74108,W,0.09,58.30,090926,,,A,V*12
$GPGGA,161118.10,3001.74238,S,05112.74103,W,1,09,1.04,74.73,M,,M,,*47
$GPGLL,3001.74238,S,05112.74103,W,161118.10,A,A*67
$GPGSA,A,3,05,12,13,18,21,25,28,29,31,,,,2.05,1.04,1.77,1*16
$GPGSV,3,1,12,5,42,093,48,11,04,136,,12,41,050,47,13,35,042,47,1*51
$GPGSV,3,2,12,18,51,304,21,21,21,126,23,23,03,352,,25,79,045,47,1*66
$GPGSV,3,3,12,26,07,223,,28,31,266,22,29,57,193,24,31,18,236,31,1*67
$GPRMC,161118.10,A,3001.74238,S,05112.74103,W,0.12,58.30,090926,,,A,V*13
$GPGGA,161119.10,3001.74253,S,05112.74097,W,1,09,1.04,74.63,M,,M,,*46
$GPGLL,3001.74253,S,05112.74097,W,161119.10,A,A*67
$GPGSA,A,3,05,12,13,18,21,25,28,29,31,,,,2.05,1.04,1.77,1*16
$GPGSV,4,1,13,5,42,093,48,11,04,136,,12,41,050,47,13,35,042,47,1*57
$GPGSV,4,2,13,18,51,304,21,21,21,126,23,23,03,352,,25,79,045,47,1*60
$GPGSV,4,3,13,26,07,223,,28,31,266,22,29,57,193,24,31,18,236,32,1*62
$GPGSV,4,4,13,201,,,27,1*50
$GPRMC,161119.10,A,3001.74253,S,05112.74097,W,0.08,58.30,090926,,,A,V*18
$GPGGA,161120.10,3001.74265,S,05112.74087,W,1,09,1.04,74.57,M,,M,,*4F
$GPGLL,3001.74265,S,05112.74087,W,161120.10,A,A*69
$GPGSA,A,3,05,12,13,18,21,25,28,29,31,,,,2.05,1.04,1.77,1*16
$GPGSV,4,1,14,5,42,093,48,11,04,136,,12,41,050,47,13,35,042,46,1*51
$GPGSV,4,2,14,18,51,304,21,21,21,126,23,23,03,352,,25,79,045,47,1*67
$GPGSV,4,3,14,26,07,223,26,28,31,266,21,29,57,193,23,31,18,236,33,1*64
$GPGSV,4,4,14,193,,,28,201,,,27,1*66
$GPRMC,161120.10,A,3001.74265,S,05112.74087,W,0.17,58.30,090926,,,A,V*18
$GPGGA,161121.10,3001.74271,S,05112.74082,W,1,09,1.04,74.55,M,,M,,*4C
$GPGLL,3001.74271,S,05112.74082,W,161121.10,A,A*68
$GPGSA,A,3,05,12,13,18,21,25,28,29,31,,,,2.05,1.04,1.77,1*16
$GPGSV,4,1,14,5,42,093,48,11,04,136,,12,41,050,47,13,35,042,46,1*51
$GPGSV,4,2,14,18,51,304,20,21,21,126,23,23,03,352,,25,79,045,47,1*66
$GPGSV,4,3,14,26,07,223,24,28,31,266,21,29,57,193,23,31,18,236,33,1*66
$GPGSV,4,4,14,193,,,26,197,,,29,1*6A
$GPRMC,161121.10,A,3001.74271,S,05112.74082,W,0.15,58.30,090926,,,A,V*1B
$GPGGA,161122.10,3001.74274,S,05112.74081,W,1,09,1.04,74.31,M,,M,,*4B
$GPGLL,3001.74274,S,05112.74081,W,161122.10,A,A*6D
$GPGSA,A,3,05,12,13,18,21,25,28,29,31,,,,2.05,1.04,1.77,1*16
$GPGSV,4,1,13,5,42,093,47,11,04,136,,12,41,050,47,13,35,042,46,1*59
$GPGSV,4,2,13,18,51,304,20,21,21,126,23,23,03,352,,25,79,045,47,1*61
$GPGSV,4,3,13,26,07,223,25,28,31,266,19,29,57,193,23,31,18,236,34,1*6C
$GPGSV,4,4,13,197,,,27,1*5C
$GPRMC,161122.10,A,3001.74274,S,05112.74081,W,0.13,58.30,090926,,,A,V*18
$GPGGA,161123.10,3001.74274,S,05112.74077,W,1,08,1.27,74.26,M,,M,,*45
$GPGLL,3001.74274,S,05112.74077,W,161123.10,A,A*65
$GPGSA,A,3,05,12,13,18,21,25,28,31,,,,,2.58,1.27,2.24,1*11
$GPGSV,4,1,13,5,42,093,48,11,04,136,,12,41,050,47,13,35,042,46,1*56
$GPGSV,4,2,13,18,51,304,19,21,21,126,24,23,03,352,,25,79,045,47,1*6C
$GPGSV,4,3,13,26,07,223,25,28,31,266,18,29,57,193,23,31,18,236,34,1*6D
$GPGSV,4,4,13,201,,,30,1*56
$GPRMC,161123.10,A,3001.74274,S,05112.74077,W,0.21,58.30,090926,,,A,V*11
$GPGGA,161124.10,3001.74282,S,05112.74080,W,1,09,1.04,74.10,M,,M,,*46
$GPGLL,3001.74282,S,05112.74080,W,161124.10,A,A*63
$GPGSA,A,3,05,12,13,18,21,25,28,29,31,,,,2.05,1.04,1.76,1*17
$GPGSV,4,1,14,5,42,093,48,11,04,136,,12,41,050,47,13,35,042,46,1*51
$GPGSV,4,2,14,18,51,304,18,21,21,126,24,23,03,352,,25,79,045,47,1*6A
$GPGSV,4,3,14,26,07,223,,28,31,266,18,29,57,193,23,31,18,236,34,1*6D
$GPGSV,4,4,14,193,,,27,201,,,26,1*68
$GPRMC,161124.10,A,3001.74282,S,05112.74080,W,0.02,58.30,090926,,,A,V*16
$GPGGA,161125.10,3001.74285,S,05112.74071,W,1,08,1.27,74.19,M,,M,,*47
$GPGLL,3001.74285,S,05112.74071,W,161125.10,A,A*6B
$GPGSA,A,3,05,12,13,18,21,25,28,31,,,,,2.58,1.27,2.24,1*11
$GPGSV,4,1,13,5,42,093,48,11,04,136,,12,41,050,47,13,35,042,46,1*56
$GPGSV,4,2,13,18,51,304,17,21,21,126,24,23,03,352,,25,79,045,47,1*62
$GPGSV,4,3,13,26,07,223,,28,31,266,18,29,57,193,23,31,18,236,34,1*6A
$GPGSV,4,4,13,201,,,25,1*52
$GPRMC,161125.10,A,3001.74285,S,05112.74071,W,0.17,58.30,090926,,,A,V*1A
$GPGGA,161126.10,3001.74290,S,05112.74063,W,1,08,1.27,74.21,M,,M,,*48
$GPGLL,3001.74290,S,05112.74063,W,161126.10,A,A*6F
$GPGSA,A,3,05,12,13,18,21,25,28,31,,,,,2.58,1.27,2.24,1*11
$GPGSV,4,1,13,5,42,093,48,11,04,136,,12,41,050,48,13,35,042,46,1*59
$GPGSV,4,2,13,18,51,304,16,21,21,126,24,23,03,352,,25,79,045,47,1*63
$GPGSV,4,3,13,26,07,223,,28,31,266,18,29,57,193,23,31,18,236,34,1*6A
$GPGSV,4,4,13,201,,,25,1*52
$GPRMC,161126.10,A,3001.74290,S,05112.74063,W,0.12,58.30,090926,,,A,V*1B
$GPGGA,161127.10,3001.74291,S,05112.74057,W,1,08,1.27,74.02,M,,M,,*4E
$GPGLL,3001.74291,S,05112.74057,W,161127.10,A,A*68
$GPGSA,A,3,05,12,13,18,21,25,28,31,,,,,2.58,1.27,2.24,1*11
$GPGSV,3,1,12,5,42,093,48,11,04,136,,12,41,050,48,13,35,042,46,1*5F
$GPGSV,3,2,12,18,51,304,16,21,21,126,25,23,03,352,,25,79,045,47,1*64
$GPGSV,3,3,12,26,07,223,,28,31,266,19,29,57,193,24,31,18,236,34,1*6A
$GPRMC,161127.10,A,3001.74291,S,05112.74057,W,0.06,58.30,090926,,,A,V*19
$GPGGA,161128.10,3001.74298,S,05112.74050,W,1,08,1.27,74.04,M,,M,,*49
$GPGLL,3001.74298,S,05112.74050,W,161128.10,A,A*69
$GPGSA,A,3,05,12,13,18,21,25,28,31,,,,,2.58,1.27,2.24,1*11
$GPGSV,4,1,15,5,42,093,48,11,04,136,,12,41,050,48,13,35,042,46,1*5F
$GPGSV,4,2,15,18,51,304,16,21,21,126,26,23,03,352,,25,79,045,47,1*67
$GPGSV,4,3,15,26,07,223,,28,31,266,15,29,57,193,24,31,18,236,33,1*61
$GPGSV,4,4,15,193,,,28,197,,,27,201,,,28,1*52
$GPRMC,161128.10,A,3001.74298,S,05112.74050,W,0.09,58.30,090926,,,A,V*17
$GPGGA,161129.10,3001.74295,S,05112.74043,W,1,08,1.27,74.01,M,,M,,*42
$GPGLL,3001.74295,S,05112.74043,W,161129.10,A,A*67
$GPGSA,A,3,05,12,13,18,21,25,28,31,,,,,2.57,1.27,2.24,1*1E
$GPGSV,4,1,13,5,42,093,48,11,04,136,,12,41,050,47,13,35,042,46,1*56
$GPGSV,4,2,13,18,51,304,16,21,21,126,26,23,03,352,,25,79,045,47,1*61
$GPGSV,4,3,13,26,07,223,,28,31,266,16,29,57,193,23,31,18,236,32,1*62
$GPGSV,4,4,13,197,,,25,1*5E
$GPRMC,161129.10,A,3001.74295,S,05112.74043,W,0.01,58.30,090926,,,A,V*11
$GPGGA,161130.10,3001.74282,S,05112.74044,W,1,08,1.27,74.27,M,,M,,*4F
$GPGLL,3001.74282,S,05112.74044,W,161130.10,A,A*6E
$GPGSA,A,3,05,12,13,18,21,25,28,31,,,,,2.57,1.27,2.24,1*1E
$GPGSV,4,1,13,5,42,093,48,11,04,136,,12,41,050,47,13,35,042,46,1*56
$GPGSV,4,2,13,18,51,304,15,21,21,126,26,23,03,352,,25,79,045,46,1*63
$GPGSV,4,3,13,26,07,223,,28,31,266,16,29,57,193,26,31,18,236,31,1*64
$GPGSV,4,4,13,197,,,25,1*5E
$GPRMC,161130.10,A,3001.74282,S,05112.74044,W,0.12,58.30,090926,,,A,V*1A
$GPGGA,161131.10,3001.74277,S,05112.74039,W,1,08,1.27,74.09,M,,M,,*42
$GPGLL,3001.74277,S,05112.74039,W,161131.10,A,A*6F
$GPGSA,A,3,05,12,13,18,21,25,28,31,,,,,2.57,1.27,2.24,1*1E
$GPGSV,4,1,15,5,42,093,48,11,04,136,,12,41,050,47,13,35,042,46,1*50
$GPGSV,4,2,15,18,51,304,15,21,21,126,26,23,03,352,,25,79,045,47,1*64
$GPGSV,4,3,15,26,07,223,,28,31,266,16,29,57,193,26,31,18,236,30,1*63
$GPGSV,4,4,15,193,,,26,197,,,24,201,,,33,1*55
$GPRMC,161131.10,A,3001.74277,S,05112.74039,W,0.39,58.30,090926,,,A,V*12
$GPGGA,161132.10,3001.74269,S,05112.74031,W,1,08,1.27,74.35,M,,M,,*49
$GPGLL,3001.74269,S,05112.74031,W,161132.10,A,A*6B
$GPGSA,A,3,05,12,13,18,21,25,28,31,,,,,2.57,1.27,2.24,1*1E
$GPGSV,4,1,15,5,42,093,48,11,04,136,,12,41,050,48,13,35,042,46,1*5F
$GPGSV,4,2,15,18,51,304,16,21,21,126,26,23,03,352,,25,79,045,47,1*67
$GPGSV,4,3,15,26,07,223,,28,31,266,16,29,57,193,25,31,18,236,29,1*68
$GPGSV,4,4,15,193,,,25,197,,,25,201,,,27,1*52
$GPRMC,161132.10,A,3001.74269,S,05112.74031,W,0.01,58.30,090926,,,A,V*1D
$GPGGA,161133.10,3001.74289,S,05112.74073,W,1,08,1.27,73.10,M,,M,,*40
$GPGLL,3001.74289,S,05112.74073,W,161133.10,A,A*62
$GPGSA,A,3,05,12,13,18,21,25,28,31,,,,,2.57,1.27,2.24,1*1E
$GPGSV,4,1,13,5,42,093,48,11,04,136,,12,41,050,48,13,35,042,46,1*59
$GPGSV,4,2,13,18,51,304,15,21,21,126,27,23,03,352,,25,79,045,47,1*63
$GPGSV,4,3,13,26,07,223,,28,31,266,17,29,57,193,27,31,18,236,27,1*63
$GPGSV,4,4,13,201,,,25,1*52
$GPRMC,161133.10,A,3001.74289,S,05112.74073,W,0.15,58.30,090926,,,A,V*11
$GPGGA,161134.10,3001.74293,S,05112.74113,W,1,08,1.27,72.36,M,,M,,*4E
$GPGLL,3001.74293,S,05112.74113,W,161134.10,A,A*69
$GPGSA,A,3,05,12,13,18,21,25,28,31,,,,,2.57,1.27,2.24,1*1E
$GPGSV,4,1,13,5,42,093,48,11,04,136,,12,41,050,48,13,35,042,46,1*59
$GPGSV,4,2,13,18,51,304,16,21,21,126,27,23,03,352,,25,79,045,47,1*60
$GPGSV,4,3,13,26,07,223,,28,31,266,15,29,57,193,26,31,18,236,25,1*62
$GPGSV,4,4,13,201,,,25,1*52
$GPRMC,161134.10,A,3001.74293,S,05112.74113,W,0.53,58.30,090926,,,A,V*18
$GPGGA,161135.10,3001.74296,S,05112.74156,W,1,08,1.27,71.44,M,,M,,*4D
$GPGLL,3001.74296,S,05112.74156,W,161135.10,A,A*6C
$GPGSA,A,3,05,12,13,18,21,25,28,31,,,,,2.57,1.27,2.24,1*1E
$GPGSV,4,1,14,5,42,093,48,11,04,136,,12,41,050,48,13,35,042,46,1*5E
$GPGSV,4,2,14,18,51,304,16,21,21,126,27,23,03,352,,25,79,045,47,1*67
$GPGSV,4,3,14,26,07,223,,28,31,266,14,29,57,193,26,31,18,236,24,1*65
$GPGSV,4,4,14,193,,,27,197,,,28,1*6A
$GPRMC,161135.10,A,3001.74296,S,05112.74156,W,0.25,58.30,090926,,,A,V*1C
$GPGGA,161136.10,3001.74313,S,05112.74184,W,1,08,1.27,70.35,M,,M,,*4A
$GPGLL,3001.74313,S,05112.74184,W,161136.10,A,A*6C
$GPGSA,A,3,05,12,13,18,21,25,28,31,,,,,2.57,1.27,2.24,1*1E
$GPGSV,4,1,14,5,42,093,48,11,04,136,,12,41,050,47,13,35,042,46,1*51
$GPGSV,4,2,14,18,51,304,16,21,21,126,27,23,03,352,,25,79,045,47,1*67
$GPGSV,4,3,14,26,07,223,,28,31,266,16,29,57,193,28,31,18,236,24,1*69
$GPGSV,4,4,14,197,,,26,201,,,25,1*6E
$GPRMC,161136.10,A,3001.74313,S,05112.74184,W,0.18,58.30,090926,,,A,V*12
$GPGGA,161137.10,3001.74320,S,05112.74214,W,1,08,1.27,69.38,M,,M,,*44
$GPGLL,3001.74320,S,05112.74214,W,161137.10,A,A*67
$GPGSA,A,3,05,12,13,18,21,25,28,31,,,,,2.57,1.27,2.24,1*1E
$GPGSV,4,1,15,5,42,093,48,11,04,136,,12,41,050,48,13,35,042,46,1*5F
$GPGSV,4,2,15,18,51,304,15,21,21,126,27,23,03,352,,25,79,045,48,1*6A
$GPGSV,4,3,15,26,07,223,,28,31,266,15,29,57,193,26,31,18,236,24,1*65
$GPGSV,4,4,15,193,,,27,197,,,25,201,,,25,1*52
$GPRMC,161137.10,A,3001.74320,S,05112.74214,W,0.08,58.30,090926,,,A,V*18
$GPGGA,161138.10,3001.74317,S,05112.74208,W,1,08,1.27,69.23,M,,M,,*48
$GPGLL,3001.74317,S,05112.74208,W,161138.10,A,A*61
$GPGSA,A,3,05,12,13,18,21,25,28,31,,,,,2.57,1.27,2.24,1*1E
$GPGSV,4,1,13,5,42,093,48,11,04,136,,12,41,050,48,13,35,042,46,1*59
$GPGSV,4,2,13,18,51,304,14,21,21,126,27,23,03,352,,25,79,045,48,1*6D
$GPGSV,4,3,13,26,07,223,,28,31,266,15,29,57,193,,31,18,236,24,1*67
$GPGSV,4,4,13,197,,,24,1*5F
$GPRMC,161138.10,A,3001.74317,S,05112.74208,W,0.06,58.30,090926,,,A,V*10
$GPGGA,161139.10,3001.74324,S,05112.74198,W,1,08,1.27,68.99,M,,M,,*43
$GPGLL,3001.74324,S,05112.74198,W,161139.10,A,A*6A
$GPGSA,A,3,05,12,13,18,21,25,28,31,,,,,2.57,1.27,2.24,1*1E
$GPGSV,4,1,13,5,42,093,48,11,04,136,,12,41,050,48,13,35,042,46,1*59
$GPGSV,4,2,13,18,51,304,15,21,21,126,28,23,03,352,,25,79,045,48,1*63
$GPGSV,4,3,13,26,07,223,25,28,31,266,15,29,57,193,27,31,18,236,26,1*67
$GPGSV,4,4,13,201,,,33,1*55
$GPRMC,161139.10,A,3001.74324,S,05112.74198,W,0.10,58.30,090926,,,A,V*1C
$GPGGA,161140.10,3001.74324,S,05112.74197,W,1,07,1.31,68.63,M,,M,,*4F
$GPGLL,3001.74324,S,05112.74197,W,161140.10,A,A*6B
$GPGSA,A,3,05,12,13,21,25,28,31,,,,,,2.64,1.31,2.29,1*1D
$GPGSV,4,1,14,5,42,093,48,11,04,136,,12,41,050,48,13,35,042,46,1*5E
$GPGSV,4,2,14,18,51,304,12,21,21,126,28,23,03,352,,25,79,045,48,1*63
$GPGSV,4,3,14,26,07,223,25,28,31,266,15,29,57,193,24,31,18,236,27,1*62
$GPGSV,4,4,14,193,,,27,201,,,25,1*6B
$GPRMC,161140.10,A,3001.74324,S,05112.74197,W,0.17,58.30,090926,,,A,V*1A
$GPGGA,161141.10,3001.74329,S,05112.74189,W,1,07,1.31,68.53,M,,M,,*4F
$GPGLL,3001.74329,S,05112.74189,W,161141.10,A,A*68
$GPGSA,A,3,05,12,13,21,25,28,31,,,,,,2.64,1.31,2.29,1*1D
$GPGSV,4,1,14,5,42,093,48,11,04,136,,12,41,050,48,13,35,042,46,1*5E
$GPGSV,4,2,14,18,51,304,12,21,21,126,27,23,03,352,,25,79,045,48,1*6C
$GPGSV,4,3,14,26,07,223,25,28,31,266,13,29,57,193,27,31,18,236,28,1*68
$GPGSV,4,4,14,197,,,34,201,,,25,1*6D
$GPRMC,161141.10,A,3001.74329,S,05112.74189,W,0.11,58.30,090926,,,A,V*1F
$GPGGA,161142.10,3001.74332,S,05112.74181,W,1,06,1.44,68.50,M,,M,,*4E
$GPGLL,3001.74332,S,05112.74181,W,161142.10,A,A*69
$GPGSA,A,3,05,12,13,21,25,31,,,,,,,2.71,1.44,2.30,1*19
$GPGSV,4,1,14,5,42,093,48,11,04,136,,12,41,050,48,13,35,042,46,1*5E
$GPGSV,4,2,14,18,51,304,11,21,21,126,27,23,03,352,,25,79,045,48,1*6F
$GPGSV,4,3,14,26,07,223,24,28,31,266,13,29,57,193,26,31,18,236,29,1*69
$GPGSV,4,4,14,197,,,25,201,,,24,1*6C
$GPRMC,161142.10,A,3001.74332,S,05112.74181,W,0.13,58.30,090926,,,A,V*1C
$GPGGA,161143.10,3001.74337,S,05112.74171,W,1,07,1.31,68.44,M,,M,,*43
$GPGLL,3001.74337,S,05112.74171,W,161143.10,A,A*62
$GPGSA,A,3,05,12,13,21,25,28,31,,,,,,2.64,1.31,2.29,1*1D
$GPGSV,4,1,13,5,42,093,48,11,04,136,,12,41,050,48,13,35,042,46,1*59
$GPGSV,4,2,13,18,51,304,07,21,20,126,27,23,03,352,,25,78,043,48,1*69
$GPGSV,4,3,13,26,07,223,,28,31,267,14,29,57,192,26,31,19,236,29,1*6E
$GPGSV,4,4,13,197,,,24,1*5F
$GPRMC,161143.10,A,3001.74337,S,05112.74171,W,0.21,58.30,090926,,,A,V*16
$GPGGA,161144.10,3001.74334,S,05112.74172,W,1,07,1.31,68.62,M,,M,,*40
$GPGLL,3001.74334,S,05112.74172,W,161144.10,A,A*65
$GPGSA,A,3,05,12,13,21,25,28,31,,,,,,2.64,1.31,2.29,1*1D
$GPGSV,4,1,13,5,42,093,47,11,04,136,,12,41,050,48,13,35,042,46,1*56
$GPGSV,4,2,13,18,51,304,14,21,20,126,27,23,03,352,,25,78,043,48,1*6B
$GPGSV,4,3,13,26,07,223,,28,31,267,15,29,57,192,27,31,19,236,30,1*66
$GPGSV,4,4,13,197,,,24,1*5F
$GPRMC,161144.10,A,3001.74334,S,05112.74172,W,0.07,58.30,090926,,,A,V*15
$GPGGA,161145.10,3001.74330,S,05112.74169,W,1,07,1.31,68.71,M,,M,,*4D
$GPGLL,3001.74330,S,05112.74169,W,161145.10,A,A*6A
$GPGSA,A,3,05,12,13,21,25,28,31,,,,,,2.64,1.31,2.29,1*1D
$GPGSV,4,1,14,5,42,093,48,11,04,136,,12,41,050,48,13,35,042,46,1*5E
$GPGSV,4,2,14,18,51,304,10,21,20,126,27,23,03,352,,25,78,043,48,1*68
$GPGSV,4,3,14,26,07,223,,28,31,267,16,29,57,192,,31,19,236,30,1*67
$GPGSV,4,4,14,193,,,26,201,,,27,1*68
$GPRMC,161145.10,A,3001.74330,S,05112.74169,W,0.05,58.30,090926,,,A,V*18
$GPGGA,161146.10,3001.74325,S,05112.74164,W,1,07,1.31,68.85,M,,M,,*4C
$GPGLL,3001.74325,S,05112.74164,W,161146.10,A,A*60
$GPGSA,A,3,05,12,13,21,25,28,31,,,,,,2.64,1.31,2.29,1*1D
$GPGSV,4,1,13,5,42,093,48,11,04,136,,12,41,050,48,13,35,042,46,1*59
$GPGSV,4,2,13,18,51,304,09,21,20,126,27,23,03,352,,25,78,043,48,1*67
$GPGSV,4,3,13,26,07,223,,28,31,267,17,29,57,192,27,31,19,236,30,1*64
$GPGSV,4,4,13,193,,,25,1*5A
$GPRMC,161146.10,A,3001.74325,S,05112.74164,W,0.16,58.30,090926,,,A,V*10
$GPGGA,161147.10,3001.74327,S,05112.74157,W,1,07,1.31,68.72,M,,M,,*47
$GPGLL,3001.74327,S,05112.74157,W,161147.10,A,A*63
$GPGSA,A,3,05,12,13,21,25,28,31,,,,,,2.64,1.31,2.29,1*1D
$GPGSV,4,1,13,5,42,093,48,11,04,136,,12,41,050,48,13,35,042,46,1*59
$GPGSV,4,2,13,18,51,304,15,21,20,126,27,23,03,352,,25,78,043,48,1*6A
$GPGSV,4,3,13,26,07,223,,28,31,267,17,29,57,192,,31,19,236,30,1*61
$GPGSV,4,4,13,193,,,25,1*5A
$GPRMC,161147.10,A,3001.74327,S,05112.74157,W,0.10,58.30,090926,,,A,V*15
$GPGGA,161148.10,3001.74325,S,05112.74153,W,1,08,1.26,68.52,M,,M,,*45
$GPGLL,3001.74325,S,05112.74153,W,161148.10,A,A*6A
$GPGSA,A,3,05,12,13,18,21,25,28,31,,,,,2.57,1.26,2.23,1*18
$GPGSV,4,1,14,5,42,093,48,11,04,136,,12,41,050,48,13,35,042,46,1*5E
$GPGSV,4,2,14,18,51,304,17,21,20,126,27,23,03,352,,25,78,043,48,1*6F
$GPGSV,4,3,14,26,07,223,,28,31,267,18,29,57,192,,31,19,236,30,1*69
$GPGSV,4,4,14,193,,,25,197,,,26,1*66
$GPRMC,161148.10,A,3001.74325,S,05112.74153,W,0.13,58.30,090926,,,A,V*1F
$GPGGA,161149.10,3001.74310,S,05112.74147,W,1,08,1.26,68.69,M,,M,,*4F
$GPGLL,3001.74310,S,05112.74147,W,161149.10,A,A*68
$GPGSA,A,3,05,12,13,18,21,25,28,31,,,,,2.57,1.26,2.23,1*18
$GPGSV,4,1,13,5,42,093,48,11,04,136,,12,41,050,48,13,35,042,46,1*59
$GPGSV,4,2,13,18,51,304,16,21,20,126,27,23,03,352,,25,78,043,48,1*69
$GPGSV,4,3,13,26,07,223,,28,31,267,19,29,57,192,26,31,19,236,29,1*63
$GPGSV,4,4,13,197,,,26,1*5D
$GPRMC,161149.10,A,3001.74310,S,05112.74147,W,0.10,58.30,090926,,,A,V*1E
$GPGGA,161150.10,3001.74309,S,05112.74141,W,1,08,1.26,69.02,M,,M,,*45
$GPGLL,3001.74309,S,05112.74141,W,161150.10,A,A*6E
$GPGSA,A,3,05,12,13,18,21,25,28,31,,,,,2.57,1.26,2.23,1*18
$GPGSV,4,1,13,5,42,093,48,11,04,136,,12,41,050,48,13,35,042,46,1*59
$GPGSV,4,2,13,18,51,304,17,21,20,126,27,23,03,352,,25,78,043,48,1*68
$GPGSV,4,3,13,26,07,223,,28,31,267,20,29,57,192,,31,19,236,29,1*6D
$GPGSV,4,4,13,201,,,42,1*53
$GPRMC,161150.10,A,3001.74309,S,05112.74141,W,0.10,58.30,090926,,,A,V*18
$GPGGA,161151.10,3001.74310,S,05112.74132,W,1,08,1.26,69.05,M,,M,,*4F
$GPGLL,3001.74310,S,05112.74132,W,161151.10,A,A*63
$GPGSA,A,3,05,12,13,18,21,25,28,31,,,,,2.57,1.26,2.23,1*18
$GPGSV,4,1,15,5,42,093,48,11,04,136,,12,41,050,48,13,35,042,46,1*5F
$GPGSV,4,2,15,18,51,304,17,21,20,126,27,23,03,352,,25,78,043,48,1*6E
$GPGSV,4,3,15,26,07,223,,28,31,267,20,29,57,192,28,31,19,236,28,1*60
$GPGSV,4,4,15,193,,,34,197,,,29,201,,,27,1*5E
$GPRMC,161151.10,A,3001.74310,S,05112.74132,W,0.16,58.30,090926,,,A,V*13
$GPGGA,161152.10,3001.74305,S,05112.74125,W,1,08,1.26,69.42,M,,M,,*4D
$GPGLL,3001.74305,S,05112.74125,W,161152.10,A,A*62
$GPGSA,A,3,05,12,13,18,21,25,28,31,,,,,2.57,1.26,2.23,1*18
$GPGSV,4,1,14,5,42,093,48,11,04,136,,12,41,050,48,13,35,042,46,1*5E
$GPGSV,4,2,14,18,51,304,18,21,20,126,26,23,03,352,,25,78,043,48,1*61
$GPGSV,4,3,14,26,07,223,,28,31,267,21,29,57,192,27,31,19,236,27,1*60
$GPGSV,4,4,14,193,,,26,201,,,25,1*6A
$GPRMC,161152.10,A,3001.74305,S,05112.74125,W,0.07,58.30,090926,,,A,V*12
$GPGGA,161153.10,3001.74309,S,05112.74121,W,1,08,1.26,69.55,M,,M,,*42
$GPGLL,3001.74309,S,05112.74121,W,161153.10,A,A*6B
$GPGSA,A,3,05,12,13,18,21,25,28,31,,,,,2.57,1.26,2.23,1*18
$GPGSV,4,1,15,5,42,093,48,11,04,136,,12,41,050,48,13,35,042,46,1*5F
$GPGSV,4,2,15,18,51,304,18,21,20,126,27,23,03,352,,25,78,043,48,1*61
$GPGSV,4,3,15,26,07,223,,28,31,267,21,29,57,192,26,31,19,236,26,1*61
$GPGSV,4,4,15,193,,,24,197,,,27,201,,,25,1*53
$GPRMC,161153.10,A,3001.74309,S,05112.74121,W,0.05,58.30,090926,,,A,V*19
$GPGGA,161154.10,3001.74314,S,05112.74115,W,1,08,1.26,69.45,M,,M,,*4F
$GPGLL,3001.74314,S,05112.74115,W,161154.10,A,A*67
$GPGSA,A,3,05,12,13,18,21,25,28,31,,,,,2.56,1.26,2.23,1*19
$GPGSV,4,1,14,5,42,093,48,11,04,136,,12,41,050,48,13,35,042,47,1*5F
$GPGSV,4,2,14,18,51,304,18,21,20,126,26,23,03,352,,25,78,043,48,1*61
$GPGSV,4,3,14,26,07,223,,28,31,267,20,29,57,192,27,31,19,236,25,1*63
$GPGSV,4,4,14,193,,,25,197,,,42,1*64
$GPRMC,161154.10,A,3001.74314,S,05112.74115,W,0.11,58.30,090926,,,A,V*10
$GPGGA,161155.10,3001.74322,S,05112.74111,W,1,08,1.26,69.51,M,,M,,*4A
$GPGLL,3001.74322,S,05112.74111,W,161155.10,A,A*67
$GPGSA,A,3,05,12,13,18,21,25,28,31,,,,,2.56,1.26,2.23,1*19
$GPGSV,4,1,14,5,42,093,48,11,04,136,,12,41,050,47,13,35,042,46,1*51
$GPGSV,4,2,14,18,51,304,19,21,20,126,26,23,03,352,,25,78,043,48,1*60
$GPGSV,4,3,14,26,07,223,,28,31,267,20,29,57,192,27,31,19,236,23,1*65
$GPGSV,4,4,14,193,,,28,197,,,28,1*65
$GPRMC,161155.10,A,3001.74322,S,05112.74111,W,0.08,58.30,090926,,,A,V*18
$GPGGA,161156.10,3001.74327,S,05112.74115,W,1,08,1.26,69.29,M,,M,,*47
$GPGLL,3001.74327,S,05112.74115,W,161156.10,A,A*65
$GPGSA,A,3,05,12,13,18,21,25,28,31,,,,,2.56,1.26,2.23,1*19
$GPGSV,4,1,15,5,42,093,48,11,04,136,,12,41,050,47,13,35,042,46,1*50
$GPGSV,4,2,15,18,51,304,17,21,20,126,26,23,03,352,,25,78,043,48,1*6F
$GPGSV,4,3,15,26,07,223,,28,31,267,20,29,57,192,26,31,19,236,21,1*67
$GPGSV,4,4,15,193,,,26,197,,,25,201,,,26,1*50
$GPRMC,161156.10,A,3001.74327,S,05112.74115,W,0.15,58.30,090926,,,A,V*16
$GPGGA,161157.10,3001.74326,S,05112.74120,W,1,07,1.34,69.17,M,,M,,*40
$GPGLL,3001.74326,S,05112.74120,W,161157.10,A,A*63
$GPGSA,A,3,05,12,13,18,21,25,28,,,,,,2.73,1.34,2.37,1*1A
$GPGSV,4,1,14,5,42,093,48,11,04,136,,12,41,050,47,13,35,042,46,1*51
$GPGSV,4,2,14,18,51,304,18,21,20,126,26,23,03,352,,25,78,043,48,1*61
$GPGSV,4,3,14,26,07,223,,28,31,267,20,29,57,192,26,31,19,236,13,1*67
$GPGSV,4,4,14,197,,,25,201,,,25,1*6D
$GPRMC,161157.10,A,3001.74326,S,05112.74120,W,0.33,58.30,090926,,,A,V*14
$GPGGA,161158.10,3001.74337,S,05112.74136,W,1,07,1.34,68.49,M,,M,,*42
$GPGLL,3001.74337,S,05112.74136,W,161158.10,A,A*6B
$GPGSA,A,3,05,12,13,18,21,25,28,,,,,,2.73,1.34,2.37,1*1A
$GPGSV,4,1,13,5,42,093,48,11,04,136,,12,41,050,48,13,35,042,46,1*59
$GPGSV,4,2,13,18,51,304,18,21,20,126,26,23,03,352,,25,78,043,48,1*66
$GPGSV,4,3,13,26,07,223,,28,31,267,20,29,57,192,24,31,19,236,13,1*62
$GPGSV,4,4,13,201,,,25,1*52
$GPRMC,161158.10,A,3001.74337,S,05112.74136,W,0.24,58.30,090926,,,A,V*1A
$GPGGA,161159.10,3001.74351,S,05112.74150,W,1,07,1.34,67.78,M,,M,,*4E
$GPGLL,3001.74351,S,05112.74150,W,161159.10,A,A*6A
$GPGSA,A,3,05,12,13,18,21,25,28,,,,,,2.73,1.34,2.37,1*1A
$GPGSV,4,1,14,5,42,093,48,11,04,136,,12,41,050,48,13,35,042,46,1*5E
$GPGSV,4,2,14,18,51,304,18,21,20,126,26,23,03,352,,25,78,043,48,1*61
$GPGSV,4,3,14,26,07,223,25,28,31,267,20,29,57,192,,31,19,236,15,1*62
$GPGSV,4,4,14,193,,,27,201,,,25,1*6B
$GPRMC,161159.10,A,3001.74351,S,05112.74150,W,0.07,58.30,090926,,,A,V*1A
$GPGGA,161200.10,3001.74340,S,05112.74160,W,1,08,1.26,67.58,M,,M,,*4C
$GPGLL,3001.74340,S,05112.74160,W,161200.10,A,A*66
$GPGSA,A,3,05,12,13,18,21,25,28,31,,,,,2.56,1.26,2.23,1*19
$GPGSV,3,1,12,5,42,093,48,11,04,136,,12,41,050,48,13,35,042,46,1*5F
$GPGSV,3,2,12,18,51,304,19,21,20,126,26,23,03,352,,25,78,043,48,1*61
$GPGSV,3,3,12,26,07,223,25,28,31,267,20,29,57,192,,31,19,236,17,1*61
$GPRMC,161200.10,A,3001.74340,S,05112.74160,W,0.36,58.30,090926,,,A,V*14
$GPGGA,161201.10,3001.74333,S,05112.74171,W,1,08,1.26,67.31,M,,M,,*46
$GPGLL,3001.74333,S,05112.74171,W,161201.10,A,A*63
$GPGSA,A,3,05,12,13,18,21,25,28,31,,,,,2.56,1.26,2.23,1*19
$GPGSV,4,1,14,5,42,093,48,11,04,136,,12,41,050,48,13,35,042,46,1*5E
$GPGSV,4,2,14,18,51,304,20,21,20,126,25,23,03,352,,25,78,043,48,1*69
$GPGSV,4,3,14,26,07,223,25,28,31,267,20,29,57,192,27,31,19,236,20,1*61
$GPGSV,4,4,14,193,,,27,201,,,27,1*69
$GPRMC,161201.10,A,3001.74333,S,05112.74171,W,0.08,58.30,090926,,,A,V*1C
$GPGGA,161202.10,3001.74319,S,05112.74176,W,1,08,1.26,67.27,M,,M,,*4D
$GPGLL,3001.74319,S,05112.74176,W,161202.10,A,A*6F
$GPGSA,A,3,05,12,13,18,21,25,28,31,,,,,2.56,1.26,2.23,1*19
$GPGSV,3,1,12,5,42,093,48,11,04,136,,12,41,050,48,13,35,042,46,1*5F
$GPGSV,3,2,12,18,51,304,19,21,20,126,25,23,03,352,,25,78,043,48,1*62
$GPGSV,3,3,12,26,07,223,22,28,31,267,20,29,57,192,28,31,19,236,22,1*6A
$GPRMC,161202.10,A,3001.74319,S,05112.74176,W,0.83,58.30,090926,,,A,V*13
$GPGGA,161203.10,3001.74314,S,05112.74192,W,1,08,1.26,66.89,M,,M,,*4E
$GPGLL,3001.74314,S,05112.74192,W,161203.10,A,A*69
$GPGSA,A,3,05,12,13,18,21,25,28,31,,,,,2.56,1.26,2.23,1*19
$GPGSV,3,1,12,5,42,093,48,11,04,136,,12,41,050,48,13,35,042,46,1*5F
$GPGSV,3,2,12,18,51,304,19,21,20,126,26,23,03,352,,25,78,043,48,1*61
$GPGSV,3,3,12,26,07,223,28,28,31,267,19,29,57,192,25,31,19,236,24,1*61
$GPRMC,161203.10,A,3001.74314,S,05112.74192,W,0.60,58.30,090926,,,A,V*18
$GPGGA,161204.10,3001.74303,S,05112.74200,W,1,08,1.26,66.48,M,,M,,*4A
$GPGLL,3001.74303,S,05112.74200,W,161204.10,A,A*60
$GPGSA,A,3,05,12,13,18,21,25,28,31,,,,,2.56,1.26,2.23,1*19
$GPGSV,4,1,13,5,42,093,47,11,04,136,,12,41,050,48,13,35,042,46,1*56
$GPGSV,4,2,13,18,51,304,20,21,20,126,25,23,03,352,,25,78,043,48,1*6E
$GPGSV,4,3,13,26,07,223,25,28,31,267,18,29,57,192,,31,19,236,25,1*6D
$GPGSV,4,4,13,197,,,26,1*5D
$GPRMC,161204.10,A,3001.74303,S,05112.74200,W,0.44,58.30,090926,,,A,V*17
$GPGGA,161205.10,3001.74284,S,05112.74180,W,1,08,1.26,66.86,M,,M,,*4C
$GPGLL,3001.74284,S,05112.74180,W,161205.10,A,A*64
$GPGSA,A,3,05,12,13,18,21,25,28,31,,,,,2.56,1.26,2.23,1*19
$GPGSV,4,1,14,5,42,093,48,11,04,136,,12,41,050,47,13,35,042,46,1*51
$GPGSV,4,2,14,18,51,304,20,21,20,126,25,23,03,352,,25,78,043,48,1*69
$GPGSV,4,3,14,26,07,223,25,28,31,267,18,29,57,192,26,31,19,236,26,1*6D
$GPGSV,4,4,14,193,,,33,197,,,26,1*61
$GPRMC,161205.10,A,3001.74284,S,05112.74180,W,0.14,58.30,090926,,,A,V*16
$GPGGA,161206.10,3001.74268,S,05112.74162,W,1,08,1.26,67.41,M,,M,,*4B
$GPGLL,3001.74268,S,05112.74162,W,161206.10,A,A*69
$GPGSA,A,3,05,12,13,18,21,25,28,31,,,,,2.56,1.26,2.23,1*19
$GPGSV,4,1,14,5,42,093,48,11,04,136,,12,41,050,47,13,35,042,46,1*51
$GPGSV,4,2,14,18,51,304,20,21,20,126,26,23,03,352,,25,78,043,48,1*6A
$GPGSV,4,3,14,26,07,223,25,28,31,267,18,29,57,192,27,31,19,236,26,1*6C
$GPGSV,4,4,14,193,,,26,197,,,27,1*64
$GPRMC,161206.10,A,3001.74268,S,05112.74162,W,0.25,58.30,090926,,,A,V*19
$GPGGA,161207.10,3001.74253,S,05112.74155,W,1,08,1.26,67.70,M,,M,,*44
$GPGLL,3001.74253,S,05112.74155,W,161207.10,A,A*64
$GPGSA,A,3,05,12,13,18,21,25,28,31,,,,,2.56,1.26,2.23,1*19
$GPGSV,4,1,13,5,42,093,48,11,04,136,,12,41,050,47,13,35,042,46,1*56
$GPGSV,4,2,13,18,51,304,20,21,20,126,26,23,03,352,,25,78,043,48,1*6D
$GPGSV,4,3,13,26,07,223,,28,31,267,17,29,57,192,28,31,19,236,27,1*6D
$GPGSV,4,4,13,193,,,24,1*5B
$GPRMC,161207.10,A,3001.74253,S,05112.74155,W,0.21,58.30,090926,,,A,V*10
$GPGGA,161208.10,3001.74243,S,05112.74152,W,1,08,1.26,67.98,M,,M,,*4B
$GPGLL,3001.74243,S,05112.74152,W,161208.10,A,A*6D
$GPGSA,A,3,05,12,13,18,21,25,28,31,,,,,2.56,1.26,2.23,1*19
$GPGSV,4,1,15,5,42,093,48,11,04,136,,12,41,050,48,13,35,042,46,1*5F
$GPGSV,4,2,15,18,51,304,20,21,20,126,26,23,03,352,,25,78,043,48,1*6B
$GPGSV,4,3,15,26,07,223,,28,31,267,15,29,57,192,27,31,19,236,26,1*67
$GPGSV,4,4,15,193,,,24,197,,,27,201,,,25,1*53
$GPRMC,161208.10,A,3001.74243,S,05112.74152,W,0.21,58.30,090926,,,A,V*19
$GPGGA,161209.10,3001.74226,S,05112.74141,W,1,08,1.26,68.59,M,,M,,*49
$GPGLL,3001.74226,S,05112.74141,W,161209.10,A,A*6D
$GPGSA,A,3,05,12,13,18,21,25,28,31,,,,,2.56,1.26,2.23,1*19
$GPGSV,4,1,13,5,42,093,48,11,04,136,,12,41,050,48,13,35,042,46,1*59
$GPGSV,4,2,13,18,51,304,20,21,20,126,26,23,03,352,,25,78,043,48,1*6D
$GPGSV,4,3,13,26,07,223,,28,31,267,16,29,57,192,27,31,19,236,27,1*63
$GPGSV,4,4,13,201,,,24,1*53
$GPRMC,161209.10,A,3001.74226,S,05112.74141,W,0.42,58.30,090926,,,A,V*1C
$GPGGA,161210.10,3001.74212,S,05112.74142,W,1,08,1.26,68.85,M,,M,,*44
$GPGLL,3001.74212,S,05112.74142,W,161210.10,A,A*61
$GPGSA,A,3,05,12,13,18,21,25,28,31,,,,,2.56,1.26,2.23,1*19
$GPGSV,4,1,14,5,42,093,48,11,04,136,,12,41,050,48,13,35,042,46,1*5E
$GPGSV,4,2,14,18,51,304,19,21,20,126,25,23,03,352,,25,78,043,48,1*63
$GPGSV,4,3,14,26,07,223,,28,31,267,17,29,57,192,27,31,19,236,27,1*65
$GPGSV,4,4,14,197,,,28,201,,,24,1*61
$GPRMC,161210.10,A,3001.74212,S,05112.74142,W,0.16,58.30,090926,,,A,V*11
$GPGGA,161211.10,3001.74201,S,05112.74143,W,1,08,1.26,68.91,M,,M,,*43
$GPGLL,3001.74201,S,05112.74143,W,161211.10,A,A*63
$GPGSA,A,3,05,12,13,18,21,25,28,31,,,,,2.56,1.26,2.23,1*19
$GPGSV,4,1,15,5,42,093,48,11,04,136,,12,41,050,48,13,35,042,46,1*5F
$GPGSV,4,2,15,18,51,304,20,21,20,126,25,23,03,352,,25,78,043,48,1*68
$GPGSV,4,3,15,26,07,223,,28,31,267,17,29,57,192,26,31,19,236,27,1*65
$GPGSV,4,4,15,193,,,28,197,,,26,201,,,24,1*5F
$GPRMC,161211.10,A,3001.74201,S,05112.74143,W,0.31,58.30,090926,,,A,V*16
$GPGGA,161212.10,3001.74189,S,05112.74140,W,1,08,1.26,69.42,M,,M,,*4F
$GPGLL,3001.74189,S,05112.74140,W,161212.10,A,A*60
$GPGSA,A,3,05,12,13,18,21,25,28,31,,,,,2.56,1.26,2.23,1*19
$GPGSV,4,1,15,5,42,093,48,11,04,136,,12,41,050,48,13,35,042,46,1*5F
$GPGSV,4,2,15,18,51,304,19,21,20,126,25,23,03,352,,25,78,043,47,1*6D
$GPGSV,4,3,15,26,07,223,,28,31,267,17,29,57,192,29,31,19,236,26,1*6B
$GPGSV,4,4,15,193,,,25,197,,,25,201,,,26,1*53
$GPRMC,161212.10,A,3001.74189,S,05112.74140,W,0.26,58.30,090926,,,A,V*13
$GPGGA,161213.10,3001.74184,S,05112.74169,W,1,08,1.26,69.16,M,,M,,*49
$GPGLL,3001.74184,S,05112.74169,W,161213.10,A,A*67
$GPGSA,A,3,05,12,13,18,21,25,28,31,,,,,2.56,1.26,2.23,1*19
$GPGSV,4,1,13,5,42,093,48,11,04,136,,12,41,050,48,13,35,042,46,1*59
$GPGSV,4,2,13,18,51,304,20,21,20,126,25,23,03,352,,25,78,043,47,1*61
$GPGSV,4,3,13,26,07,223,,28,31,267,18,29,57,192,28,31,19,236,26,1*63
$GPGSV,4,4,13,197,,,25,1*5E
$GPRMC,161213.10,A,3001.74184,S,05112.74169,W,0.36,58.30,090926,,,A,V*15
$GPGGA,161214.10,3001.74184,S,05112.74218,W,1,08,1.26,68.30,M,,M,,*4E
$GPGLL,3001.74184,S,05112.74218,W,161214.10,A,A*65
$GPGSA,A,3,05,12,13,18,21,25,28,31,,,,,2.56,1.26,2.23,1*19
$GPGSV,3,1,12,5,42,093,48,11,04,136,,12,41,050,47,13,35,042,45,1*53
$GPGSV,3,2,12,18,51,304,20,21,20,126,25,23,03,352,,25,78,043,47,1*67
$GPGSV,3,3,12,26,07,223,,28,31,267,20,29,57,192,27,31,19,236,26,1*61
$GPRMC,161214.10,A,3001.74184,S,05112.74218,W,0.13,58.30,090926,,,A,V*10
$GPGGA,161215.10,3001.74189,S,05112.74276,W,1,08,1.26,67.31,M,,M,,*44
$GPGLL,3001.74189,S,05112.74276,W,161215.10,A,A*61
$GPGSA,A,3,05,12,13,18,21,25,28,31,,,,,2.56,1.26,2.22,1*18
$GPGSV,4,1,13,5,42,093,48,11,04,136,,12,41,050,47,13,35,042,45,1*55
$GPGSV,4,2,13,18,51,304,20,21,20,126,24,23,03,352,,25,78,043,48,1*6F
$GPGSV,4,3,13,26,07,223,,28,31,267,20,29,57,192,27,31,19,236,26,1*67
$GPGSV,4,4,13,201,,,26,1*51
$GPRMC,161215.10,A,3001.74189,S,05112.74276,W,0.42,58.30,090926,,,A,V*10
$GPGGA,161216.10,3001.74198,S,05112.74334,W,1,08,1.26,66.22,M,,M,,*43
$GPGLL,3001.74198,S,05112.74334,W,161216.10,A,A*65
$GPGSA,A,3,05,12,13,18,21,25,28,31,,,,,2.56,1.26,2.22,1*18
$GPGSV,4,1,14,5,42,093,48,11,04,136,,12,41,050,47,13,35,042,45,1*52
$GPGSV,4,2,14,18,51,304,19,21,20,126,24,23,03,352,,25,78,043,47,1*6D
$GPGSV,4,3,14,26,07,223,,28,31,267,21,29,57,192,27,31,19,236,25,1*62
$GPGSV,4,4,14,197,,,28,201,,,25,1*60
$GPRMC,161216.10,A,3001.74198,S,05112.74334,W,0.42,58.30,090926,,,A,V*14
$GPGGA,161217.10,3001.74199,S,05112.74370,W,1,08,1.26,65.66,M,,M,,*40
$GPGLL,3001.74199,S,05112.74370,W,161217.10,A,A*65
$GPGSA,A,3,05,12,13,18,21,25,28,31,,,,,2.56,1.26,2.22,1*18
$GPGSV,4,1,15,5,42,093,48,11,04,136,,12,41,050,48,13,35,042,45,1*5C
$GPGSV,4,2,15,18,51,304,20,21,20,126,25,23,03,352,,25,78,043,47,1*67
$GPGSV,4,3,15,26,07,223,,28,31,267,22,29,57,192,27,31,19,236,25,1*60
$GPGSV,4,4,15,193,,,28,197,,,26,201,,,25,1*5E
$GPRMC,161217.10,A,3001.74199,S,05112.74370,W,0.06,58.30,090926,,,A,V*14
$GPGGA,161218.10,3001.74194,S,05112.74390,W,1,08,1.26,65.57,M,,M,,*4E
$GPGLL,3001.74194,S,05112.74390,W,161218.10,A,A*69
$GPGSA,A,3,05,12,13,18,21,25,28,31,,,,,2.55,1.26,2.22,1*1B
$GPGSV,4,1,15,5,42,093,48,11,04,136,,12,41,050,47,13,35,042,45,1*53
$GPGSV,4,2,15,18,51,304,20,21,20,126,25,23,03,352,,25,78,043,47,1*67
$GPGSV,4,3,15,26,07,223,,28,31,267,23,29,57,192,27,31,19,236,25,1*61
$GPGSV,4,4,15,193,,,27,197,,,34,201,,,24,1*53
$GPRMC,161218.10,A,3001.74194,S,05112.74390,W,0.83,58.30,090926,,,A,V*15
$GPGGA,161219.10,3001.74185,S,05112.74403,W,1,08,1.26,65.56,M,,M,,*43
$GPGLL,3001.74185,S,05112.74403,W,161219.10,A,A*65
$GPGSA,A,3,05,12,13,18,21,25,28,31,,,,,2.55,1.26,2.22,1*1B
$GPGSV,4,1,15,5,42,093,47,11,04,136,,12,41,050,47,13,35,042,45,1*5C
$GPGSV,4,2,15,18,51,304,20,21,20,126,25,23,03,352,,25,78,043,47,1*67
$GPGSV,4,3,15,26,07,223,,28,31,267,23,29,57,192,27,31,19,236,26,1*62
$GPGSV,4,4,15,193,,,25,197,,,26,201,,,25,1*53
$GPRMC,161219.10,A,3001.74185,S,05112.74403,W,0.25,58.30,090926,,,A,V*15
$GPGGA,161220.10,3001.74173,S,05112.74407,W,1,08,1.26,65.68,M,,M,,*49
$GPGLL,3001.74173,S,05112.74407,W,161220.10,A,A*62
$GPGSA,A,3,05,12,13,18,21,25,28,31,,,,,2.55,1.26,2.22,1*1B
$GPGSV,4,1,14,5,42,093,48,11,04,136,,12,41,050,48,13,35,042,46,1*5E
$GPGSV,4,2,14,18,51,304,21,21,20,126,25,23,03,352,,25,78,043,47,1*67
$GPGSV,4,3,14,26,07,223,,28,31,267,23,29,57,192,26,31,19,236,27,1*63
$GPGSV,4,4,14,197,,,25,201,,,25,1*6D
$GPRMC,161220.10,A,3001.74173,S,05112.74407,W,0.35,58.30,090926,,,A,V*13
$GPGGA,161221.10,3001.74157,S,05112.74402,W,1,08,1.26,66.26,M,,M,,*42
$GPGLL,3001.74157,S,05112.74402,W,161221.10,A,A*60
$GPGSA,A,3,05,12,13,18,21,25,28,31,,,,,2.55,1.26,2.22,1*1B
$GPGSV,4,1,15,5,42,093,48,11,04,136,,12,41,050,48,13,35,042,46,1*5F
$GPGSV,4,2,15,18,51,304,21,21,20,126,25,23,03,352,,25,78,043,47,1*66
$GPGSV,4,3,15,26,07,223,,28,31,267,23,29,57,192,25,31,19,236,28,1*6E
$GPGSV,4,4,15,193,,,25,197,,,25,201,,,25,1*50
$GPRMC,161221.10,A,3001.74157,S,05112.74402,W,0.61,58.30,090926,,,A,V*10
$GPGGA,161222.10,3001.74148,S,05112.74412,W,1,08,1.26,66.38,M,,M,,*41
$GPGLL,3001.74148,S,05112.74412,W,161222.10,A,A*6C
$GPGSA,A,3,05,12,13,18,21,25,28,31,,,,,2.55,1.26,2.22,1*1B
$GPGSV,4,1,15,5,42,093,47,11,04,136,,12,41,050,47,13,35,042,45,1*5C
$GPGSV,4,2,15,18,51,304,21,21,20,126,24,23,03,352,,25,78,043,47,1*67
$GPGSV,4,3,15,26,07,223,,28,31,267,24,29,57,192,27,31,19,236,29,1*6A
$GPGSV,4,4,15,193,,,27,197,,,26,201,,,25,1*51
$GPRMC,161222.10,A,3001.74148,S,05112.74412,W,0.57,58.30,090926,,,A,V*19
$GPGGA,161223.10,3001.74128,S,05112.74397,W,1,08,1.26,67.05,M,,M,,*43
$GPGLL,3001.74128,S,05112.74397,W,161223.10,A,A*61
$GPGSA,A,3,05,12,13,18,21,25,28,31,,,,,2.55,1.26,2.22,1*1B
$GPGSV,4,1,15,5,42,093,47,11,04,136,,12,41,050,48,13,35,042,45,1*53
$GPGSV,4,2,15,18,51,304,21,21,20,126,24,23,03,352,,25,78,043,47,1*67
$GPGSV,4,3,15,26,07,223,,28,31,267,24,29,57,192,26,31,19,236,30,1*63
$GPGSV,4,4,15,193,,,25,197,,,26,201,,,28,1*5E
$GPRMC,161223.10,A,3001.74128,S,05112.74397,W,0.51,58.30,090926,,,A,V*12
$GPGGA,161224.10,3001.74114,S,05112.74402,W,1,08,1.26,67.50,M,,M,,*40
$GPGLL,3001.74114,S,05112.74402,W,161224.10,A,A*62
$GPGSA,A,3,05,12,13,18,21,25,28,31,,,,,2.55,1.26,2.22,1*1B
$GPGSV,4,1,14,5,42,093,47,11,04,136,,12,41,050,48,13,35,042,45,1*52
$GPGSV,4,2,14,18,51,304,22,21,20,126,24,23,03,352,,25,78,043,47,1*65
$GPGSV,4,3,14,26,07,223,,28,31,267,25,29,57,192,28,31,19,236,31,1*6C
$GPGSV,4,4,14,197,,,28,201,,,30,1*64
$GPRMC,161224.10,A,3001.74114,S,05112.74402,W,0.12,58.30,090926,,,A,V*16
$GPGGA,161225.10,3001.74100,S,05112.74395,W,1,08,1.26,68.17,M,,M,,*41
$GPGLL,3001.74100,S,05112.74395,W,161225.10,A,A*6F
$GPGSA,A,3,05,12,13,18,21,25,28,31,,,,,2.55,1.26,2.22,1*1B
$GPGSV,4,1,14,5,42,093,48,11,04,136,,12,41,050,47,13,35,042,45,1*52
$GPGSV,4,2,14,18,51,304,22,21,20,126,24,23,03,352,,25,78,043,47,1*65
$GPGSV,4,3,14,26,07,223,,28,31,267,24,29,57,192,26,31,19,236,31,1*63
$GPGSV,4,4,14,193,,,29,201,,,27,1*67
$GPRMC,161225.10,A,3001.74100,S,05112.74395,W,0.15,58.30,090926,,,A,V*1C
$GPGGA,161226.10,3001.74089,S,05112.74369,W,1,08,1.26,68.90,M,,M,,*4E
$GPGLL,3001.74089,S,05112.74369,W,161226.10,A,A*6F
$GPGSA,A,3,05,12,13,18,21,25,28,31,,,,,2.55,1.26,2.22,1*1B
$GPGSV,4,1,14,5,42,093,47,11,04,136,,12,41,050,47,13,35,042,45,1*5D
$GPGSV,4,2,14,18,51,304,23,21,20,126,24,23,03,352,,25,78,043,47,1*64
$GPGSV,4,3,14,26,07,223,,28,31,267,24,29,57,192,27,31,19,236,32,1*61
$GPGSV,4,4,14,193,,,26,197,,,27,1*64
$GPRMC,161226.10,A,3001.74089,S,05112.74369,W,0.11,58.30,090926,,,A,V*18
$GPGGA,161227.10,3001.74071,S,05112.74349,W,1,08,1.26,69.68,M,,M,,*4C
$GPGLL,3001.74071,S,05112.74349,W,161227.10,A,A*6B
$GPGSA,A,3,05,12,13,18,21,25,28,31,,,,,2.55,1.26,2.22,1*1B
$GPGSV,4,1,14,5,42,093,47,11,04,136,,12,41,050,47,13,35,042,45,1*5D
$GPGSV,4,2,14,18,51,304,23,21,20,126,24,23,03,352,,25,78,043,46,1*65
$GPGSV,4,3,14,26,07,223,,28,31,267,25,29,57,192,,31,19,236,33,1*64
$GPGSV,4,4,14,193,,,25,201,,,26,1*6A
$GPRMC,161227.10,A,3001.74071,S,05112.74349,W,0.15,58.30,090926,,,A,V*18
$GPGGA,161228.10,3001.74058,S,05112.74350,W,1,08,1.26,70.07,M,,M,,*41
$GPGLL,3001.74058,S,05112.74350,W,161228.10,A,A*67
$GPGSA,A,3,05,12,13,18,21,25,28,31,,,,,2.55,1.26,2.22,1*1B
$GPGSV,4,1,15,5,42,093,46,11,04,136,,12,41,050,46,13,35,042,44,1*5D
$GPGSV,4,2,15,18,51,304,23,21,20,126,23,23,03,352,,25,78,043,46,1*63
$GPGSV,4,3,15,26,07,223,,28,31,267,25,29,57,192,27,31,19,236,33,1*60
$GPGSV,4,4,15,193,,,26,197,,,27,201,,,25,1*51
$GPRMC,161228.10,A,3001.74058,S,05112.74350,W,0.18,58.30,090926,,,A,V*19
$GPGGA,161229.10,3001.74037,S,05112.74347,W,1,08,1.26,70.81,M,,M,,*41
$GPGLL,3001.74037,S,05112.74347,W,161229.10,A,A*69
$GPGSA,A,3,05,12,13,18,21,25,28,31,,,,,2.55,1.26,2.22,1*1B
$GPGSV,4,1,14,5,42,093,46,11,04,136,,12,41,050,46,13,35,042,43,1*5B
$GPGSV,4,2,14,18,51,304,23,21,20,126,23,23,03,352,,25,78,043,45,1*61
$GPGSV,4,3,14,26,07,223,,28,31,267,25,29,57,192,,31,19,236,33,1*64
$GPGSV,4,4,14,193,,,26,201,,,25,1*6A
$GPRMC,161229.10,A,3001.74037,S,05112.74347,W,0.50,58.30,090926,,,A,V*1B
$GPGGA,161230.10,3001.74022,S,05112.74339,W,1,08,1.26,71.00,M,,M,,*4C
$GPGLL,3001.74022,S,05112.74339,W,161230.10,A,A*6C
$GPGSA,A,3,05,12,13,18,21,25,28,31,,,,,2.55,1.26,2.22,1*1B
$GPGSV,4,1,14,5,42,093,45,11,04,136,,12,41,050,45,13,35,042,43,1*5B
$GPGSV,4,2,14,18,51,304,23,21,20,126,23,23,03,352,,25,78,043,45,1*61
$GPGSV,4,3,14,26,07,223,,28,31,267,25,29,57,192,19,31,19,236,33,1*6C
$GPGSV,4,4,14,193,,,26,201,,,25,1*6A
$GPRMC,161230.10,A,3001.74022,S,05112.74339,W,0.55,58.30,090926,,,A,V*1B
$GPGGA,161231.10,3001.74003,S,05112.74326,W,1,08,1.26,71.82,M,,M,,*4A
$GPGLL,3001.74003,S,05112.74326,W,161231.10,A,A*60
$GPGSA,A,3,05,12,13,18,21,25,28,31,,,,,2.55,1.26,2.22,1*1B
$GPGSV,4,1,14,5,42,093,46,11,04,136,,12,41,050,46,13,35,042,44,1*5C
$GPGSV,4,2,14,18,51,304,23,21,20,126,22,23,03,352,,25,78,043,46,1*63
$GPGSV,4,3,14,26,07,223,,28,31,267,25,29,57,192,27,31,19,236,34,1*66
$GPGSV,4,4,14,193,,,26,197,,,27,1*64
$GPRMC,161231.10,A,3001.74003,S,05112.74326,W,0.16,58.30,090926,,,A,V*10
$GPGGA,161232.10,3001.73991,S,05112.74314,W,1,08,1.26,72.37,M,,M,,*40
$GPGLL,3001.73991,S,05112.74314,W,161232.10,A,A*67
$GPGSA,A,3,05,12,13,18,21,25,28,31,,,,,2.55,1.26,2.22,1*1B
$GPGSV,4,1,15,5,42,093,47,11,04,136,,12,41,050,47,13,35,042,45,1*5C
$GPGSV,4,2,15,18,51,304,23,21,20,126,23,23,03,352,,25,78,043,47,1*62
$GPGSV,4,3,15,26,07,223,,28,31,267,26,29,57,192,27,31,19,236,34,1*64
$GPGSV,4,4,15,193,,,24,197,,,29,201,,,27,1*5F
$GPRMC,161232.10,A,3001.73991,S,05112.74314,W,0.12,58.30,090926,,,A,V*13
$GPGGA,161233.10,3001.73978,S,05112.74298,W,1,08,1.26,72.80,M,,M,,*4F
$GPGLL,3001.73978,S,05112.74298,W,161233.10,A,A*64
$GPGSA,A,3,05,12,13,18,21,25,28,31,,,,,2.55,1.26,2.22,1*1B
$GPGSV,4,1,14,5,42,093,47,11,04,136,,12,41,050,47,13,35,042,45,1*5D
$GPGSV,4,2,14,18,51,304,24,21,20,126,23,23,03,352,,25,78,043,47,1*64
$GPGSV,4,3,14,26,07,223,,28,31,267,26,29,57,192,28,31,19,236,34,1*6A
$GPGSV,4,4,14,193,,,24,197,,,27,1*66
$GPRMC,161233.10,A,3001.73978,S,05112.74298,W,0.13,58.30,090926,,,A,V*11
$GPGGA,161234.10,3001.73975,S,05112.74285,W,1,08,1.26,73.33,M,,M,,*40
$GPGLL,3001.73975,S,05112.74285,W,161234.10,A,A*62
$GPGSA,A,3,05,12,13,18,21,25,28,31,,,,,2.55,1.26,2.22,1*1B
$GPGSV,4,1,14,5,42,093,48,11,04,136,,12,41,050,47,13,35,042,45,1*52
$GPGSV,4,2,14,18,51,304,23,21,20,126,23,23,03,352,,25,78,043,47,1*63
$GPGSV,4,3,14,26,07,223,,28,31,267,26,29,57,192,,31,19,236,33,1*67
$GPGSV,4,4,14,193,,,23,197,,,25,1*63
$GPRMC,161234.10,A,3001.73975,S,05112.74285,W,0.40,58.30,090926,,,A,V*11
$GPGGA,161235.10,3001.73961,S,05112.74289,W,1,08,1.25,73.47,M,,M,,*48
$GPGLL,3001.73961,S,05112.74289,W,161235.10,A,A*6A
$GPGSA,A,3,05,12,13,18,21,25,28,31,,,,,2.55,1.25,2.22,1*18
$GPGSV,4,1,14,5,42,093,47,11,04,136,,12,41,050,46,13,35,042,45,1*5C
$GPGSV,4,2,14,18,51,304,23,21,20,126,23,23,03,352,,25,78,043,46,1*62
$GPGSV,4,3,14,26,07,223,,28,31,267,26,29,57,192,27,31,19,236,33,1*62
$GPGSV,4,4,14,193,,,28,201,,,29,1*68
$GPRMC,161235.10,A,3001.73961,S,05112.74289,W,0.54,58.30,090926,,,A,V*1C
$GPGGA,161236.10,3001.73954,S,05112.74286,W,1,08,1.25,73.60,M,,M,,*47
$GPGLL,3001.73954,S,05112.74286,W,161236.10,A,A*60
$GPGSA,A,3,05,12,13,18,21,25,28,31,,,,,2.55,1.25,2.22,1*18
$GPGSV,4,1,14,5,42,093,45,11,04,136,,12,41,050,45,13,35,042,43,1*5B
$GPGSV,4,2,14,18,51,304,23,21,20,126,23,23,03,352,,25,78,043,44,1*60
$GPGSV,4,3,14,26,07,223,,28,31,267,26,29,57,192,28,31,19,236,32,1*6C
$GPGSV,4,4,14,197,,,26,201,,,26,1*6D
$GPRMC,161236.10,A,3001.73954,S,05112.74286,W,0.24,58.30,090926,,,A,V*11
$GPGGA,161237.10,3001.73943,S,05112.74282,W,1,08,1.25,73.91,M,,M,,*4A
$GPGLL,3001.73943,S,05112.74282,W,161237.10,A,A*63
$GPGSA,A,3,05,12,13,18,21,25,28,31,,,,,2.55,1.25,2.22,1*18
$GPGSV,4,1,15,5,42,093,45,11,04,136,,12,41,050,45,13,35,042,44,1*5D
$GPGSV,4,2,15,18,51,304,23,21,20,126,23,23,03,352,,25,78,043,46,1*63
$GPGSV,4,3,15,26,07,223,,28,31,267,26,29,57,192,26,31,19,236,31,1*60
$GPGSV,4,4,15,193,,,27,197,,,42,201,,,25,1*53
$GPRMC,161237.10,A,3001.73943,S,05112.74282,W,0.13,58.30,090926,,,A,V*16
$GPGGA,161238.10,3001.73950,S,05112.74314,W,1,08,1.25,73.47,M,,M,,*42
$GPGLL,3001.73950,S,05112.74314,W,161238.10,A,A*60
$GPGSA,A,3,05,12,13,18,21,25,28,31,,,,,2.55,1.25,2.22,1*18
$GPGSV,4,1,15,5,42,093,46,11,04,136,,12,41,050,46,13,35,042,44,1*5D
$GPGSV,4,2,15,18,51,304,23,21,20,126,24,23,03,352,,25,78,043,45,1*67
$GPGSV,4,3,15,26,07,223,,28,31,267,26,29,57,192,26,31,19,236,31,1*60
$GPGSV,4,4,15,193,,,27,197,,,29,201,,,25,1*5E
$GPRMC,161238.10,A,3001.73950,S,05112.74314,W,0.35,58.30,090926,,,A,V*11
$GPGGA,161239.10,3001.73962,S,05112.74349,W,1,08,1.25,72.55,M,,M,,*48
$GPGLL,3001.73962,S,05112.74349,W,161239.10,A,A*68
$GPGSA,A,3,05,12,13,18,21,25,28,31,,,,,2.55,1.25,2.22,1*18
$GPGSV,4,1,14,5,42,093,46,11,04,136,,12,41,050,46,13,35,042,44,1*5C
$GPGSV,4,2,14,18,51,304,23,21,20,126,25,23,03,352,,25,78,043,46,1*64
$GPGSV,4,3,14,26,07,223,,28,31,267,26,29,57,192,27,31,19,236,30,1*61
$GPGSV,4,4,14,193,,,28,197,,,25,1*68
$GPRMC,161239.10,A,3001.73962,S,05112.74349,W,0.41,58.30,090926,,,A,V*1A
$GPGGA,161240.10,3001.73973,S,05112.74367,W,1,08,1.25,72.25,M,,M,,*4D
$GPGLL,3001.73973,S,05112.74367,W,161240.10,A,A*6A
$GPGSA,A,3,05,12,13,18,21,25,28,31,,,,,2.55,1.25,2.22,1*18
$GPGSV,4,1,14,5,42,093,46,11,04,136,,12,41,050,46,13,35,042,44,1*5C
$GPGSV,4,2,14,18,51,304,24,21,20,126,25,23,03,352,,25,78,043,45,1*60
$GPGSV,4,3,14,26,07,223,,28,31,267,26,29,57,192,29,31,19,236,30,1*6F
$GPGSV,4,4,14,197,,,24,201,,,26,1*6F
$GPRMC,161240.10,A,3001.73973,S,05112.74367,W,0.32,58.30,090926,,,A,V*1C
$GPGGA,161241.10,3001.73988,S,05112.74383,W,1,08,1.25,71.73,M,,M,,*42
$GPGLL,3001.73988,S,05112.74383,W,161241.10,A,A*65
$GPGSA,A,3,05,12,13,18,21,25,28,31,,,,,2.55,1.25,2.22,1*18
$GPGSV,4,1,15,5,42,093,45,11,04,136,,12,41,050,45,13,35,042,43,1*5A
$GPGSV,4,2,15,18,51,304,23,21,20,126,26,23,03,352,,25,78,043,45,1*65
$GPGSV,4,3,15,26,07,223,,28,31,267,26,29,57,192,27,31,19,236,29,1*68
$GPGSV,4,4,15,193,,,27,197,,,26,201,,,30,1*55
$GPRMC,161241.10,A,3001.73988,S,05112.74383,W,0.26,58.30,090926,,,A,V*16
$GPGGA,161242.10,3001.73989,S,05112.74380,W,1,08,1.25,71.97,M,,M,,*49
$GPGLL,3001.73989,S,05112.74380,W,161242.10,A,A*64
$GPGSA,A,3,05,12,13,18,21,25,28,31,,,,,2.55,1.25,2.22,1*18
$GPGSV,4,1,14,5,42,093,45,11,04,136,,12,41,050,45,13,35,042,43,1*5B
$GPGSV,4,2,14,18,51,304,23,21,20,126,27,23,03,352,,25,78,043,44,1*64
$GPGSV,4,3,14,26,07,223,,28,31,267,26,29,57,192,28,31,19,236,29,1*66
$GPGSV,4,4,14,193,,,27,201,,,26,1*68
$GPRMC,161242.10,A,3001.73989,S,05112.74380,W,0.27,58.30,090926,,,A,V*16
$GPGGA,161243.10,3001.73992,S,05112.74380,W,1,08,1.25,72.10,M,,M,,*4E
$GPGLL,3001.73992,S,05112.74380,W,161243.10,A,A*6F
$GPGSA,A,3,05,12,13,18,21,25,28,31,,,,,2.54,1.25,2.21,1*1A
$GPGSV,4,1,14,5,42,094,45,11,04,136,,12,40,050,44,13,35,041,43,1*5F
$GPGSV,4,2,14,18,51,303,22,21,20,127,27,23,03,352,,25,78,042,45,1*63
$GPGSV,4,3,14,26,07,222,,28,31,268,26,29,57,191,27,31,19,237,29,1*65
$GPGSV,4,4,14,193,,,42,201,,,24,1*69
$GPRMC,161243.10,A,3001.73992,S,05112.74380,W,0.12,58.30,090926,,,A,V*1B
$GPGGA,161244.10,3001.73987,S,05112.74383,W,1,08,1.25,72.18,M,,M,,*46
$GPGLL,3001.73987,S,05112.74383,W,161244.10,A,A*6F
$GPGSA,A,3,05,12,13,18,21,25,28,31,,,,,2.54,1.25,2.21,1*1A
$GPGSV,4,1,13,5,42,094,46,11,04,136,,12,40,050,45,13,35,041,44,1*5D
$GPGSV,4,2,13,18,51,303,22,21,20,127,27,23,03,352,,25,78,042,46,1*67
$GPGSV,4,3,13,26,07,222,,28,31,268,25,29,57,191,27,31,19,237,29,1*61
$GPGSV,4,4,13,201,,,25,1*52
$GPRMC,161244.10,A,3001.73987,S,05112.74383,W,0.23,58.30,090926,,,A,V*19
$GPGGA,161245.10,3001.73983,S,05112.74384,W,1,08,1.25,72.21,M,,M,,*4E
$GPGLL,3001.73983,S,05112.74384,W,161245.10,A,A*6D
$GPGSA,A,3,05,12,13,18,21,25,28,31,,,,,2.54,1.25,2.21,1*1A
$GPGSV,4,1,14,5,42,094,46,11,04,136,,12,40,050,46,13,35,041,45,1*58
$GPGSV,4,2,14,18,51,303,22,21,20,127,27,23,03,352,,25,78,042,46,1*60
$GPGSV,4,3,14,26,07,222,,28,31,268,25,29,57,191,26,31,19,237,29,1*67
$GPGSV,4,4,14,193,,,27,197,,,25,1*67
$GPRMC,161245.10,A,3001.73983,S,05112.74384,W,0.32,58.30,090926,,,A,V*1B
$GPGGA,161246.10,3001.73982,S,05112.74390,W,1,08,1.25,72.31,M,,M,,*48
$GPGLL,3001.73982,S,05112.74390,W,161246.10,A,A*6A
$GPGSA,A,3,05,12,13,18,21,25,28,31,,,,,2.54,1.25,2.21,1*1A
$GPGSV,4,1,15,5,42,094,46,11,04,136,,12,40,050,46,13,35,041,45,1*59
$GPGSV,4,2,15,18,51,303,21,21,20,127,28,23,03,352,,25,78,042,46,1*6D
$GPGSV,4,3,15,26,07,222,,28,31,268,25,29,57,191,27,31,19,237,29,1*67
$GPGSV,4,4,15,193,,,27,197,,,24,201,,,27,1*51
$GPRMC,161246.10,A,3001.73982,S,05112.74390,W,0.23,58.30,090926,,,A,V*1C
$GPGGA,161247.10,3001.73978,S,05112.74382,W,1,08,1.25,72.86,M,,M,,*43
$GPGLL,3001.73978,S,05112.74382,W,161247.10,A,A*6D
$GPGSA,A,3,05,12,13,18,21,25,28,31,,,,,2.54,1.25,2.21,1*1A
$GPGSV,4,1,15,5,42,094,47,11,04,136,,12,40,050,47,13,35,041,45,1*59
$GPGSV,4,2,15,18,51,303,21,21,20,127,28,23,03,352,,25,78,042,46,1*6D
$GPGSV,4,3,15,26,07,222,,28,31,268,25,29,57,191,27,31,19,237,30,1*6F
$GPGSV,4,4,15,193,,,25,197,,,24,201,,,28,1*5C
$GPRMC,161247.10,A,3001.73978,S,05112.74382,W,0.22,58.30,090926,,,A,V*1A
$GPGGA,161248.10,3001.73977,S,05112.74368,W,1,08,1.25,73.28,M,,M,,*42
$GPGLL,3001.73977,S,05112.74368,W,161248.10,A,A*69
$GPGSA,A,3,05,12,13,18,21,25,28,31,,,,,2.54,1.25,2.21,1*1A
$GPGSV,4,1,14,5,42,094,47,11,04,136,,12,40,050,47,13,35,041,45,1*58
$GPGSV,4,2,14,18,51,303,19,21,20,127,28,23,03,352,,25,78,042,47,1*66
$GPGSV,4,3,14,26,07,222,,28,31,268,24,29,57,191,,31,19,237,30,1*6A
$GPGSV,4,4,14,193,,,25,197,,,24,1*64
$GPRMC,161248.10,A,3001.73977,S,05112.74368,W,0.17,58.30,090926,,,A,V*18
$GPGGA,161249.10,3001.73975,S,05112.74361,W,1,08,1.25,73.36,M,,M,,*47
$GPGLL,3001.73975,S,05112.74361,W,161249.10,A,A*63
$GPGSA,A,3,05,12,13,18,21,25,28,31,,,,,2.54,1.25,2.21,1*1A
$GPGSV,4,1,13,5,42,094,47,11,04,136,,12,40,050,47,13,35,041,45,1*5F
$GPGSV,4,2,13,18,51,303,19,21,20,127,28,23,03,352,,25,78,042,47,1*61
$GPGSV,4,3,13,26,07,222,,28,31,268,24,29,57,191,21,31,19,237,30,1*6E
$GPGSV,4,4,13,193,,,25,1*5A
$GPRMC,161249.10,A,3001.73975,S,05112.74361,W,0.11,58.30,090926,,,A,V*14
$GPGGA,161250.10,3001.73971,S,05112.74353,W,1,08,1.25,73.67,M,,M,,*4E
$GPGLL,3001.73971,S,05112.74353,W,161250.10,A,A*6E
$GPGSA,A,3,05,12,13,18,21,25,28,31,,,,,2.54,1.25,2.21,1*1A
$GPGSV,4,1,14,5,42,094,47,11,04,136,,12,40,050,47,13,35,041,46,1*5B
$GPGSV,4,2,14,18,51,303,18,21,20,127,28,23,03,352,,25,78,042,47,1*67
$GPGSV,4,3,14,26,07,222,,28,31,268,23,29,57,191,,31,19,237,31,1*6C
$GPGSV,4,4,14,193,,,25,201,,,25,1*69
$GPRMC,161250.10,A,3001.73971,S,05112.74353,W,0.06,58.30,090926,,,A,V*1F
$GPGGA,161251.10,3001.73963,S,05112.74354,W,1,08,1.25,73.97,M,,M,,*44
$GPGLL,3001.73963,S,05112.74354,W,161251.10,A,A*6B
$GPGSA,A,3,05,12,13,18,21,25,28,31,,,,,2.54,1.25,2.21,1*1A
$GPGSV,4,1,15,5,42,094,47,11,04,136,,12,40,050,47,13,35,041,46,1*5A
$GPGSV,4,2,15,18,51,303,17,21,20,127,28,23,03,352,,25,78,042,47,1*69
$GPGSV,4,3,15,26,07,222,,28,31,268,23,29,57,191,27,31,19,237,32,1*6B
$GPGSV,4,4,15,193,,,25,197,,,34,201,,,33,1*57
$GPRMC,161251.10,A,3001.73963,S,05112.74354,W,0.23,58.30,090926,,,A,V*1D
$GPGGA,161252.10,3001.73956,S,05112.74346,W,1,08,1.25,73.98,M,,M,,*4D
$GPGLL,3001.73956,S,05112.74346,W,161252.10,A,A*6D
$GPGSA,A,3,05,12,13,18,21,25,28,31,,,,,2.54,1.25,2.21,1*1A
$GPGSV,4,1,15,5,42,094,47,11,04,136,,12,40,050,47,13,35,041,46,1*5A
$GPGSV,4,2,15,18,51,303,15,21,20,127,28,23,03,352,,25,78,042,47,1*6B
$GPGSV,4,3,15,26,07,222,,28,31,268,23,29,57,191,28,31,19,237,32,1*64
$GPGSV,4,4,15,193,,,25,197,,,27,201,,,26,1*51
$GPRMC,161252.10,A,3001.73956,S,05112.74346,W,0.14,58.30,090926,,,A,V*1F
$GPGGA,161253.10,3001.73951,S,05112.74337,W,1,08,1.25,74.23,M,,M,,*4A
$GPGLL,3001.73951,S,05112.74337,W,161253.10,A,A*6D
$GPGSA,A,3,05,12,13,18,21,25,28,31,,,,,2.54,1.25,2.21,1*1A
$GPGSV,4,1,15,5,42,094,48,11,04,136,,12,40,050,47,13,35,041,46,1*55
$GPGSV,4,2,15,18,51,303,15,21,20,127,28,23,03,352,,25,78,042,47,1*6B
$GPGSV,4,3,15,26,07,222,,28,31,268,24,29,57,191,27,31,19,237,32,1*6C
$GPGSV,4,4,15,193,,,25,197,,,26,201,,,25,1*53
$GPRMC,161253.10,A,3001.73951,S,05112.74337,W,0.05,58.30,090926,,,A,V*1F
$GPGGA,161254.10,3001.73949,S,05112.74325,W,1,08,1.25,74.47,M,,M,,*45
$GPGLL,3001.73949,S,05112.74325,W,161254.10,A,A*60
$GPGSA,A,3,05,12,13,18,21,25,28,31,,,,,2.54,1.25,2.21,1*1A
$GPGSV,4,1,15,5,42,094,48,11,04,136,,12,40,050,47,13,35,041,46,1*55
$GPGSV,4,2,15,18,51,303,15,21,20,127,28,23,03,352,,25,78,042,47,1*6B
$GPGSV,4,3,15,26,07,222,,28,31,268,23,29,57,191,,31,19,237,32,1*6E
$GPGSV,4,4,15,193,,,25,197,,,25,201,,,25,1*50
$GPRMC,161254.10,A,3001.73949,S,05112.74325,W,0.06,58.30,090926,,,A,V*11
$GPGGA,161255.10,3001.73952,S,05112.74313,W,1,08,1.25,74.79,M,,M,,*46
$GPGLL,3001.73952,S,05112.74313,W,161255.10,A,A*6E
$GPGSA,A,3,05,12,13,18,21,25,28,31,,,,,2.54,1.25,2.21,1*1A
$GPGSV,3,1,12,5,42,094,47,11,04,136,,12,40,050,47,13,35,041,46,1*5A
$GPGSV,3,2,12,18,51,303,14,21,20,127,28,23,03,352,,25,78,042,47,1*6A
$GPGSV,3,3,12,26,07,222,,28,31,268,23,29,57,191,26,31,19,237,32,1*6A
$GPRMC,161255.10,A,3001.73952,S,05112.74313,W,0.11,58.30,090926,,,A,V*19
$GPGGA,161256.10,3001.73949,S,05112.74297,W,1,07,1.29,75.06,M,,M,,*48
$GPGLL,3001.73949,S,05112.74297,W,161256.10,A,A*6A
$GPGSA,A,3,05,12,13,21,25,28,31,,,,,,2.62,1.29,2.28,1*13
$GPGSV,4,1,13,5,42,094,47,11,04,136,,12,40,050,47,13,35,041,46,1*5C
$GPGSV,4,2,13,18,51,303,12,21,20,127,28,23,03,352,,25,78,042,47,1*6A
$GPGSV,4,3,13,26,07,222,,28,31,268,23,29,57,191,27,31,19,237,32,1*6D
$GPGSV,4,4,13,197,,,26,1*5D
$GPRMC,161256.10,A,3001.73949,S,05112.74297,W,0.04,58.30,090926,,,A,V*19
$GPGGA,161257.10,3001.73946,S,05112.74286,W,1,07,1.29,75.32,M,,M,,*41
$GPGLL,3001.73946,S,05112.74286,W,161257.10,A,A*64
$GPGSA,A,3,05,12,13,21,25,28,31,,,,,,2.62,1.29,2.28,1*13
$GPGSV,4,1,15,5,42,094,47,11,04,136,,12,40,050,47,13,35,041,46,1*5A
$GPGSV,4,2,15,18,51,303,12,21,20,127,28,23,03,352,,25,78,042,47,1*6C
$GPGSV,4,3,15,26,07,222,,28,31,268,23,29,57,191,27,31,19,237,32,1*6B
$GPGSV,4,4,15,193,,,30,197,,,25,201,,,27,1*56
$GPRMC,161257.10,A,3001.73946,S,05112.74286,W,0.07,58.30,090926,,,A,V*14
$GPGGA,161258.10,3001.73941,S,05112.74274,W,1,07,1.29,75.54,M,,M,,*44
$GPGLL,3001.73941,S,05112.74274,W,161258.10,A,A*61
$GPGSA,A,3,05,12,13,21,25,28,31,,,,,,2.62,1.29,2.28,1*13
$GPGSV,4,1,15,5,42,094,47,11,04,136,,12,40,050,47,13,35,041,46,1*5A
$GPGSV,4,2,15,18,51,303,12,21,20,127,28,23,03,352,,25,78,042,47,1*6C
$GPGSV,4,3,15,26,07,222,,28,31,268,23,29,57,191,27,31,19,237,32,1*6B
$GPGSV,4,4,15,193,,,27,197,,,24,201,,,26,1*50
$GPRMC,161258.10,A,3001.73941,S,05112.74274,W,0.14,58.30,090926,,,A,V*13
$GPGGA,161259.10,3001.73942,S,05112.74262,W,1,07,1.29,75.77,M,,M,,*40
$GPGLL,3001.73942,S,05112.74262,W,161259.10,A,A*64
$GPGSA,A,3,05,12,13,21,25,28,31,,,,,,2.62,1.29,2.28,1*13
$GPGSV,4,1,15,5,42,094,47,11,04,136,,12,40,050,47,13,35,041,46,1*5A
$GPGSV,4,2,15,18,51,303,14,21,20,127,28,23,03,352,,25,78,042,47,1*6A
$GPGSV,4,3,15,26,07,222,,28,31,268,24,29,57,191,26,31,19,237,31,1*6E
$GPGSV,4,4,15,193,,,26,197,,,24,201,,,25,1*52
$GPRMC,161259.10,A,3001.73942,S,05112.74262,W,0.06,58.30,090926,,,A,V*15
$GPGGA,161300.10,3001.73945,S,05112.74251,W,1,07,1.29,76.05,M,,M,,*4C
$GPGLL,3001.73945,S,05112.74251,W,161300.10,A,A*6E
$GPGSA,A,3,05,12,13,21,25,28,31,,,,,,2.62,1.29,2.28,1*13
$GPGSV,4,1,15,5,42,094,47,11,04,136,,12,40,050,47,13,35,041,46,1*5A
$GPGSV,4,2,15,18,51,303,07,21,20,127,28,23,03,352,,25,78,042,47,1*68
$GPGSV,4,3,15,26,07,222,,28,31,268,23,29,57,191,27,31,19,237,31,1*68
$GPGSV,4,4,15,193,,,26,197,,,26,201,,,24,1*51
$GPRMC,161300.10,A,3001.73945,S,05112.74251,W,0.38,58.30,090926,,,A,V*12
$GPGGA,161301.10,3001.73942,S,05112.74237,W,1,07,1.29,76.44,M,,M,,*4F
$GPGLL,3001.73942,S,05112.74237,W,161301.10,A,A*68
$GPGSA,A,3,05,12,13,21,25,28,31,,,,,,2.62,1.29,2.28,1*13
$GPGSV,4,1,15,5,42,094,47,11,04,136,,12,40,050,47,13,35,041,46,1*5A
$GPGSV,4,2,15,18,51,303,12,21,20,127,28,23,03,352,,25,78,042,47,1*6C
$GPGSV,4,3,15,26,07,222,,28,31,268,23,29,57,191,24,31,19,237,31,1*6B
$GPGSV,4,4,15,193,,,28,197,,,25,201,,,24,1*5C
$GPRMC,161301.10,A,3001.73942,S,05112.74237,W,0.05,58.30,090926,,,A,V*1A
$GPGGA,161302.10,3001.73941,S,05112.74227,W,1,07,1.29,76.70,M,,M,,*49
$GPGLL,3001.73941,S,05112.74227,W,161302.10,A,A*69
$GPGSA,A,3,05,12,13,21,25,28,31,,,,,,2.62,1.29,2.28,1*13
$GPGSV,4,1,15,5,42,094,47,11,04,136,,12,40,050,47,13,35,041,46,1*5A
$GPGSV,4,2,15,18,51,303,08,21,20,127,27,23,03,352,,25,78,042,47,1*68
$GPGSV,4,3,15,26,07,222,,28,31,268,23,29,57,191,26,31,19,237,30,1*68
$GPGSV,4,4,15,193,,,27,197,,,24,201,,,42,1*52
$GPRMC,161302.10,A,3001.73941,S,05112.74227,W,0.10,58.30,090926,,,A,V*1F
$GPGGA,161303.10,3001.73953,S,05112.74256,W,1,07,1.29,76.04,M,,M,,*4E
$GPGLL,3001.73953,S,05112.74256,W,161303.10,A,A*6D
$GPGSA,A,3,05,12,13,21,25,28,31,,,,,,2.62,1.29,2.28,1*13
$GPGSV,4,1,15,5,42,094,47,11,04,136,,12,40,050,47,13,35,041,46,1*5A
$GPGSV,4,2,15,18,51,303,00,21,20,127,27,23,03,352,,25,78,042,47,1*60
$GPGSV,4,3,15,26,07,222,,28,31,268,24,29,57,191,27,31,19,237,30,1*6E
$GPGSV,4,4,15,193,,,42,197,,,24,201,,,27,1*52
$GPRMC,161303.10,A,3001.73953,S,05112.74256,W,0.13,58.30,090926,,,A,V*18
$GPGGA,161304.10,3001.73963,S,05112.74286,W,1,07,1.29,75.45,M,,M,,*41
$GPGLL,3001.73963,S,05112.74286,W,161304.10,A,A*64
$GPGSA,A,3,05,12,13,21,25,28,31,,,,,,2.62,1.29,2.28,1*13
$GPGSV,4,1,14,5,42,094,47,11,04,136,,12,40,050,47,13,35,041,46,1*5B
$GPGSV,4,2,14,18,51,303,00,21,20,127,27,23,03,352,,25,78,042,47,1*61
$GPGSV,4,3,14,26,07,222,,28,31,268,23,29,57,191,26,31,19,237,29,1*61
$GPGSV,4,4,14,193,,,27,201,,,26,1*68
$GPRMC,161304.10,A,3001.73963,S,05112.74286,W,0.09,58.30,090926,,,A,V*1A
$GPGGA,161305.10,3001.73979,S,05112.74305,W,1,07,1.29,74.87,M,,M,,*4E
$GPGLL,3001.73979,S,05112.74305,W,161305.10,A,A*64
$GPGSA,A,3,05,12,13,21,25,28,31,,,,,,2.62,1.29,2.28,1*13
$GPGSV,4,1,14,5,42,094,47,11,04,136,,12,40,050,47,13,35,041,45,1*58
$GPGSV,4,2,14,18,51,303,06,21,20,127,27,23,03,352,,25,78,042,47,1*67
$GPGSV,4,3,14,26,07,222,,28,31,268,23,29,57,191,27,31,19,237,28,1*61
$GPGSV,4,4,14,197,,,26,201,,,26,1*6D
$GPRMC,161305.10,A,3001.73979,S,05112.74305,W,0.20,58.30,090926,,,A,V*11
$GPGGA,161306.10,3001.73988,S,05112.74326,W,1,07,1.29,74.42,M,,M,,*4B
$GPGLL,3001.73988,S,05112.74326,W,161306.10,A,A*68
$GPGSA,A,3,05,12,13,21,25,28,31,,,,,,2.62,1.29,2.28,1*13
$GPGSV,4,1,13,5,42,094,47,11,04,136,,12,40,050,47,13,35,041,45,1*5F
$GPGSV,4,2,13,18,51,303,08,21,20,127,27,23,03,352,,25,78,042,47,1*6E
$GPGSV,4,3,13,26,07,222,,28,31,268,23,29,57,191,29,31,19,237,27,1*67
$GPGSV,4,4,13,193,,,26,1*59
$GPRMC,161306.10,A,3001.73988,S,05112.74326,W,0.26,58.30,090926,,,A,V*1B
$GPGGA,161307.10,3001.73990,S,05112.74321,W,1,06,1.38,74.32,M,,M,,*42
$GPGLL,3001.73990,S,05112.74321,W,161307.10,A,A*67
$GPGSA,A,3,05,12,13,21,25,28,,,,,,,2.75,1.38,2.38,1*16
$GPGSV,4,1,14,5,42,094,47,11,04,136,,12,40,050,47,13,35,041,46,1*5B
$GPGSV,4,2,14,18,51,303,09,21,20,127,27,23,03,352,,25,78,042,47,1*68
$GPGSV,4,3,14,26,07,222,,28,31,268,23,29,57,191,26,31,19,237,26,1*6E
$GPGSV,4,4,14,193,,,25,197,,,33,1*62
$GPRMC,161307.10,A,3001.73990,S,05112.74321,W,0.33,58.30,090926,,,A,V*10
$GPGGA,161308.10,3001.73999,S,05112.74335,W,1,07,1.29,73.96,M,,M,,*49
$GPGLL,3001.73999,S,05112.74335,W,161308.10,A,A*64
$GPGSA,A,3,05,12,13,21,25,28,31,,,,,,2.62,1.29,2.28,1*13
$GPGSV,4,1,15,5,42,094,47,11,04,136,,12,40,050,47,13,35,041,46,1*5A
$GPGSV,4,2,15,18,51,303,10,21,20,127,27,23,03,352,,25,78,042,47,1*61
$GPGSV,4,3,15,26,07,222,,28,31,268,23,29,57,191,26,31,19,237,25,1*6C
$GPGSV,4,4,15,193,,,26,197,,,26,201,,,26,1*53
$GPRMC,161308.10,A,3001.73999,S,05112.74335,W,0.10,58.30,090926,,,A,V*12
$GPGGA,161309.10,3001.74004,S,05112.74358,W,1,07,1.29,73.60,M,,M,,*40
$GPGLL,3001.74004,S,05112.74358,W,161309.10,A,A*64
$GPGSA,A,3,05,12,13,21,25,28,31,,,,,,2.61,1.29,2.28,1*10
$GPGSV,4,1,15,5,42,094,47,11,04,136,,12,40,050,47,13,35,041,45,1*59
$GPGSV,4,2,15,18,51,303,06,21,20,127,27,23,03,352,,25,78,042,47,1*66
$GPGSV,4,3,15,26,07,222,,28,31,268,23,29,57,191,27,31,19,237,25,1*6D
$GPGSV,4,4,15,193,,,26,197,,,25,201,,,25,1*53
$GPRMC,161309.10,A,3001.74004,S,05112.74358,W,0.65,58.30,090926,,,A,V*10
$GPGGA,161310.10,3001.74020,S,05112.74388,W,1,07,1.29,72.75,M,,M,,*46
$GPGLL,3001.74020,S,05112.74388,W,161310.10,A,A*67
$GPGSA,A,3,05,12,13,21,25,28,31,,,,,,2.61,1.29,2.28,1*10
$GPGSV,4,1,14,5,42,094,47,11,04,136,,12,40,050,47,13,35,041,45,1*58
$GPGSV,4,2,14,18,51,303,06,21,20,127,27,23,03,352,,25,78,042,47,1*67
$GPGSV,4,3,14,26,07,222,,28,31,268,23,29,57,191,27,31,19,237,25,1*6C
$GPGSV,4,4,14,193,,,27,201,,,24,1*6A
$GPRMC,161310.10,A,3001.74020,S,05112.74388,W,0.14,58.30,090926,,,A,V*15
$GPGGA,161311.10,3001.74031,S,05112.74411,W,1,07,1.29,72.17,M,,M,,*44
$GPGLL,3001.74031,S,05112.74411,W,161311.10,A,A*61
$GPGSA,A,3,05,12,13,21,25,28,31,,,,,,2.61,1.29,2.28,1*10
$GPGSV,4,1,13,5,42,094,47,11,04,136,,12,40,050,47,13,35,041,46,1*5C
$GPGSV,4,2,13,18,51,303,09,21,20,127,27,23,03,352,,25,78,042,47,1*6F
$GPGSV,4,3,13,26,07,222,,28,31,268,23,29,57,191,,31,19,237,26,1*6D
$GPGSV,4,4,13,201,,,24,1*53
$GPRMC,161311.10,A,3001.74031,S,05112.74411,W,0.20,58.30,090926,,,A,V*14
$GPGGA,161312.10,3001.74037,S,05112.74415,W,1,07,1.29,71.89,M,,M,,*41
$GPGLL,3001.74037,S,05112.74415,W,161312.10,A,A*60
$GPGSA,A,3,05,12,13,21,25,28,31,,,,,,2.61,1.29,2.28,1*10
$GPGSV,3,1,12,5,42,094,47,11,04,136,,12,40,050,47,13,35,041,46,1*5A
$GPGSV,3,2,12,18,51,303,09,21,20,127,28,23,03,352,,25,78,042,48,1*69
$GPGSV,3,3,12,26,07,222,,28,31,268,22,29,57,191,22,31,19,237,26,1*6A
$GPRMC,161312.10,A,3001.74037,S,05112.74415,W,0.06,58.30,090926,,,A,V*11
$GPGGA,161313.10,3001.74042,S,05112.74400,W,1,07,1.29,71.76,M,,M,,*46
$GPGLL,3001.74042,S,05112.74400,W,161313.10,A,A*67
$GPGSA,A,3,05,12,13,21,25,28,31,,,,,,2.61,1.29,2.28,1*10
$GPGSV,3,1,12,5,42,094,47,11,04,136,,12,40,050,47,13,35,041,46,1*5A
$GPGSV,3,2,12,18,51,303,10,21,20,127,27,23,03,352,,25,78,042,48,1*6E
$GPGSV,3,3,12,26,07,222,,28,31,268,22,29,57,191,21,31,19,237,27,1*68
$GPRMC,161313.10,A,3001.74042,S,05112.74400,W,0.04,58.30,090926,,,A,V*14
$GPGGA,161314.10,3001.74039,S,05112.74385,W,1,07,1.29,71.96,M,,M,,*49
$GPGLL,3001.74039,S,05112.74385,W,161314.10,A,A*66
$GPGSA,A,3,05,12,13,21,25,28,31,,,,,,2.61,1.29,2.27,1*1F
$GPGSV,3,1,12,5,42,094,47,11,04,136,,12,40,050,47,13,35,041,46,1*5A
$GPGSV,3,2,12,18,51,303,07,21,20,127,27,23,03,352,,25,78,042,48,1*68
$GPGSV,3,3,12,26,07,222,,28,31,268,21,29,57,191,,31,19,237,27,1*68
$GPRMC,161314.10,A,3001.74039,S,05112.74385,W,0.28,58.30,090926,,,A,V*1B
$GPGGA,161315.10,3001.74034,S,05112.74379,W,1,07,1.29,71.95,M,,M,,*45
$GPGLL,3001.74034,S,05112.74379,W,161315.10,A,A*69
$GPGSA,A,3,05,12,13,21,25,28,31,,,,,,2.61,1.29,2.27,1*1F
$GPGSV,3,1,12,5,42,094,47,11,04,136,,12,40,050,47,13,35,041,46,1*5A
$GPGSV,3,2,12,18,51,303,12,21,20,127,26,23,03,352,,25,78,042,48,1*6D
$GPGSV,3,3,12,26,07,222,,28,31,268,21,29,57,191,,31,19,237,28,1*67
$GPRMC,161315.10,A,3001.74034,S,05112.74379,W,0.24,58.30,090926,,,A,V*18
$GPGGA,161316.10,3001.74027,S,05112.74373,W,1,07,1.29,71.72,M,,M,,*47
$GPGLL,3001.74027,S,05112.74373,W,161316.10,A,A*62
$GPGSA,A,3,05,12,13,21,25,28,31,,,,,,2.61,1.29,2.27,1*1F
$GPGSV,3,1,12,5,42,094,47,11,04,136,,12,40,050,47,13,35,041,46,1*5A
$GPGSV,3,2,12,18,51,303,13,21,20,127,27,23,03,352,,25,78,042,48,1*6D
$GPGSV,3,3,12,26,07,222,,28,31,268,20,29,57,191,26,31,19,237,29,1*63
$GPRMC,161316.10,A,3001.74027,S,05112.74373,W,0.07,58.30,090926,,,A,V*12
$GPGGA,161317.10,3001.74019,S,05112.74362,W,1,07,1.29,71.74,M,,M,,*4D
$GPGLL,3001.74019,S,05112.74362,W,161317.10,A,A*6E
$GPGSA,A,3,05,12,13,21,25,28,31,,,,,,2.61,1.29,2.27,1*1F
$GPGSV,3,1,12,5,42,094,47,11,04,136,,12,40,050,47,13,35,041,46,1*5A
$GPGSV,3,2,12,18,51,303,14,21,20,127,27,23,03,352,,25,78,042,48,1*6A
$GPGSV,3,3,12,26,07,222,,28,31,268,20,29,57,191,23,31,19,237,29,1*66
$GPRMC,161317.10,A,3001.74019,S,05112.74362,W,0.10,58.30,090926,,,A,V*18
$GPGGA,161318.10,3001.74016,S,05112.74350,W,1,07,1.29,71.83,M,,M,,*44
$GPGLL,3001.74016,S,05112.74350,W,161318.10,A,A*6F
$GPGSA,A,3,05,12,13,21,25,28,31,,,,,,2.61,1.29,2.27,1*1F
$GPGSV,3,1,12,5,42,094,47,11,04,136,,12,40,050,47,13,35,041,46,1*5A
$GPGSV,3,2,12,18,51,303,13,21,20,127,26,23,03,352,,25,78,042,48,1*6C
$GPGSV,3,3,12,26,07,222,,28,31,268,19,29,57,191,22,31,19,237,29,1*6D
$GPRMC,161318.10,A,3001.74016,S,05112.74350,W,0.04,58.30,090926,,,A,V*1C
$GPGGA,161319.10,3001.74011,S,05112.74335,W,1,07,1.29,71.89,M,,M,,*4B
$GPGLL,3001.74011,S,05112.74335,W,161319.10,A,A*6A
$GPGSA,A,3,05,12,13,21,25,28,31,,,,,,2.61,1.29,2.27,1*1F
$GPGSV,3,1,12,5,42,094,47,11,04,136,,12,40,050,48,13,35,041,46,1*55
$GPGSV,3,2,12,18,51,303,11,21,20,127,26,23,03,352,,25,78,042,48,1*6E
$GPGSV,3,3,12,26,07,222,,28,31,268,18,29,57,191,21,31,19,237,30,1*67
$GPRMC,161319.10,A,3001.74011,S,05112.74335,W,0.04,58.30,090926,,,A,V*19
$GPGGA,161320.10,3001.74006,S,05112.74322,W,1,07,1.29,71.92,M,,M,,*4B
$GPGLL,3001.74006,S,05112.74322,W,161320.10,A,A*60
$GPGSA,A,3,05,12,13,21,25,28,31,,,,,,2.61,1.29,2.27,1*1F
$GPGSV,3,1,12,5,42,094,47,11,04,136,,12,40,050,47,13,35,041,46,1*5A
$GPGSV,3,2,12,18,51,303,12,21,20,127,26,23,03,352,,25,78,042,48,1*6D
$GPGSV,3,3,12,26,07,222,26,28,31,268,17,29,57,191,26,31,19,237,30,1*6B
$GPRMC,161320.10,A,3001.74006,S,05112.74322,W,0.28,58.30,090926,,,A,V*1D
$GPGGA,161321.10,3001.73994,S,05112.74308,W,1,06,1.41,72.05,M,,M,,*45
$GPGLL,3001.73994,S,05112.74308,W,161321.10,A,A*6C
$GPGSA,A,3,05,12,13,21,25,31,,,,,,,2.68,1.41,2.28,1*1D
$GPGSV,4,1,14,5,42,094,47,11,04,136,,12,40,050,47,13,35,041,46,1*5B
$GPGSV,4,2,14,18,51,303,15,21,20,127,26,23,03,352,,25,78,042,48,1*6B
$GPGSV,4,3,14,26,07,222,25,28,31,268,13,29,57,191,25,31,19,237,30,1*6E
$GPGSV,4,4,14,193,,,26,197,,,27,1*64
$GPRMC,161321.10,A,3001.73994,S,05112.74308,W,0.48,58.30,090926,,,A,V*17
$GPGGA,161322.10,3001.73990,S,05112.74291,W,1,07,1.31,72.38,M,,M,,*4B
$GPGLL,3001.73990,S,05112.74291,W,161322.10,A,A*6A
$GPGSA,A,3,05,12,13,18,21,25,31,,,,,,2.59,1.31,2.24,1*1D
$GPGSV,4,1,13,5,42,094,47,11,04,136,,12,40,050,47,13,35,041,46,1*5C
$GPGSV,4,2,13,18,51,303,16,21,20,127,26,23,03,352,,25,78,042,48,1*6F
$GPGSV,4,3,13,26,07,222,24,28,31,268,11,29,57,191,24,31,19,237,31,1*6A
$GPGSV,4,4,13,197,,,27,1*5C
$GPRMC,161322.10,A,3001.73990,S,05112.74291,W,0.11,58.30,090926,,,A,V*1D
$GPGGA,161323.10,3001.73990,S,05112.74274,W,1,06,1.41,72.69,M,,M,,*43
$GPGLL,3001.73990,S,05112.74274,W,161323.10,A,A*60
$GPGSA,A,3,05,12,13,21,25,31,,,,,,,2.68,1.41,2.28,1*1D
$GPGSV,4,1,14,5,42,094,47,11,04,136,,12,40,050,47,13,35,041,46,1*5B
$GPGSV,4,2,14,18,51,303,16,21,20,127,26,23,03,352,,25,78,042,48,1*68
$GPGSV,4,3,14,26,07,222,25,28,31,268,09,29,57,191,23,31,19,237,31,1*62
$GPGSV,4,4,14,193,,,26,197,,,42,1*67
$GPRMC,161323.10,A,3001.73990,S,05112.74274,W,0.08,58.30,090926,,,A,V*1F
$GPGGA,161324.10,3001.73986,S,05112.74260,W,1,07,1.31,73.02,M,,M,,*4C
$GPGLL,3001.73986,S,05112.74260,W,161324.10,A,A*65
$GPGSA,A,3,05,12,13,18,21,25,31,,,,,,2.59,1.31,2.24,1*1D
$GPGSV,4,1,13,5,42,094,47,11,04,136,,12,40,050,47,13,35,041,46,1*5C
$GPGSV,4,2,13,18,51,303,16,21,20,127,26,23,03,352,,25,78,042,48,1*6F
$GPGSV,4,3,13,26,07,222,,28,31,268,09,29,57,191,,31,19,237,31,1*63
$GPGSV,4,4,13,197,,,26,1*5D
$GPRMC,161324.10,A,3001.73986,S,05112.74260,W,0.33,58.30,090926,,,A,V*12
$GPGGA,161325.10,3001.73991,S,05112.74242,W,1,07,1.31,72.92,M,,M,,*43
$GPGLL,3001.73991,S,05112.74242,W,161325.10,A,A*62
$GPGSA,A,3,05,12,13,18,21,25,31,,,,,,2.59,1.31,2.24,1*1D
$GPGSV,4,1,14,5,42,094,47,11,04,136,,12,40,050,47,13,35,041,46,1*5B
$GPGSV,4,2,14,18,51,303,17,21,20,127,25,23,03,352,,25,78,042,48,1*6A
$GPGSV,4,3,14,26,07,222,,28,31,268,09,29,57,191,27,31,19,237,30,1*60
$GPGSV,4,4,14,193,,,26,197,,,25,1*66
$GPRMC,161325.10,A,3001.73991,S,05112.74242,W,0.39,58.30,090926,,,A,V*1F
$GPGGA,161326.10,3001.73983,S,05112.74226,W,1,07,1.31,73.19,M,,M,,*43
$GPGLL,3001.73983,S,05112.74226,W,161326.10,A,A*60
$GPGSA,A,3,05,12,13,18,21,25,31,,,,,,2.59,1.31,2.24,1*1D
$GPGSV,4,1,13,5,42,094,47,11,04,136,,12,40,050,47,13,35,041,46,1*5C
$GPGSV,4,2,13,18,51,303,19,21,20,127,25,23,03,352,,25,78,042,48,1*63
$GPGSV,4,3,13,26,07,222,,28,31,268,06,29,57,191,27,31,19,237,30,1*68
$GPGSV,4,4,13,197,,,25,1*5E
$GPRMC,161326.10,A,3001.73983,S,05112.74226,W,0.11,58.30,090926,,,A,V*17
$GPGGA,161327.10,3001.73979,S,05112.74219,W,1,07,1.31,73.33,M,,M,,*43
$GPGLL,3001.73979,S,05112.74219,W,161327.10,A,A*68
$GPGSA,A,3,05,12,13,18,21,25,31,,,,,,2.59,1.31,2.24,1*1D
$GPGSV,4,1,14,5,42,094,47,11,04,136,,12,40,050,47,13,35,041,46,1*5B
$GPGSV,4,2,14,18,51,303,20,21,20,127,24,23,03,352,,25,78,042,48,1*6F
$GPGSV,4,3,14,26,07,222,,28,31,268,05,29,57,191,27,31,19,237,29,1*64
$GPGSV,4,4,14,193,,,25,201,,,42,1*68
$GPRMC,161327.10,A,3001.73979,S,05112.74219,W,0.27,58.30,090926,,,A,V*1A
$GPGGA,161328.10,3001.73974,S,05112.74206,W,1,08,1.10,73.60,M,,M,,*45
$GPGLL,3001.73974,S,05112.74206,W,161328.10,A,A*64
$GPGSA,A,3,05,12,13,18,21,25,29,31,,,,,2.11,1.10,1.80,1*14
$GPGSV,4,1,15,5,42,094,47,11,04,136,,12,40,050,47,13,35,041,46,1*5A
$GPGSV,4,2,15,18,51,303,21,21,20,127,23,23,03,352,,25,78,042,48,1*68
$GPGSV,4,3,15,26,07,222,,28,31,268,09,29,57,191,27,31,19,237,28,1*68
$GPGSV,4,4,15,193,,,25,197,,,26,201,,,27,1*51
$GPRMC,161328.10,A,3001.73974,S,05112.74206,W,0.23,58.30,090926,,,A,V*12
$GPGGA,161329.10,3001.73982,S,05112.74199,W,1,08,1.10,73.63,M,,M,,*4B
$GPGLL,3001.73982,S,05112.74199,W,161329.10,A,A*69
$GPGSA,A,3,05,12,13,18,21,25,29,31,,,,,2.11,1.10,1.80,1*14
$GPGSV,4,1,15,5,42,094,47,11,04,136,,12,40,050,47,13,35,041,46,1*5A
$GPGSV,4,2,15,18,51,303,21,21,20,127,22,23,03,352,,25,78,042,48,1*69
$GPGSV,4,3,15,26,07,222,,28,31,268,09,29,57,191,26,31,19,237,26,1*67
$GPGSV,4,4,15,193,,,25,197,,,23,201,,,25,1*56
$GPRMC,161329.10,A,3001.73982,S,05112.74199,W,0.06,58.30,090926,,,A,V*18
$GPGGA,161330.10,3001.73991,S,05112.74203,W,1,08,1.10,73.54,M,,M,,*45
$GPGLL,3001.73991,S,05112.74203,W,161330.10,A,A*63
$GPGSA,A,3,05,12,13,18,21,25,29,31,,,,,2.11,1.10,1.80,1*14
$GPGSV,4,1,14,5,42,094,47,11,04,136,,12,40,050,47,13,35,041,46,1*5B
$GPGSV,4,2,14,18,51,303,21,21,20,127,21,23,03,352,,25,78,042,48,1*6B
$GPGSV,4,3,14,26,07,222,,28,31,268,03,29,57,191,26,31,19,237,25,1*6F
$GPGSV,4,4,14,193,,,25,201,,,25,1*69
$GPRMC,161330.10,A,3001.73991,S,05112.74203,W,0.48,58.30,090926,,,A,V*18
$GPGGA,161331.10,3001.73999,S,05112.74210,W,1,08,1.10,73.08,M,,M,,*47
$GPGLL,3001.73999,S,05112.74210,W,161331.10,A,A*68
$GPGSA,A,3,05,12,13,18,21,25,29,31,,,,,2.11,1.10,1.80,1*14
$GPGSV,3,1,12,5,42,094,47,11,04,136,,12,40,050,47,13,35,041,46,1*5A
$GPGSV,3,2,12,18,51,303,21,21,20,127,21,23,03,352,,25,78,042,48,1*6A
$GPGSV,3,3,12,26,07,222,,28,31,268,05,29,57,191,26,31,19,237,23,1*6E
$GPRMC,161331.10,A,3001.73999,S,05112.74210,W,0.58,58.30,090926,,,A,V*12
$GPGGA,161332.10,3001.74001,S,05112.74217,W,1,08,1.10,72.71,M,,M,,*43
$GPGLL,3001.74001,S,05112.74217,W,161332.10,A,A*63
$GPGSA,A,3,05,12,13,18,21,25,29,31,,,,,2.11,1.10,1.80,1*14
$GPGSV,3,1,12,5,42,094,47,11,04,136,,12,40,050,47,13,35,041,46,1*5A
$GPGSV,3,2,12,18,51,303,21,21,20,127,21,23,03,352,,25,78,042,48,1*6A
$GPGSV,3,3,12,26,07,222,,28,31,268,05,29,57,191,27,31,19,237,20,1*6C
$GPRMC,161332.10,A,3001.74001,S,05112.74217,W,0.16,58.30,090926,,,A,V*13
$GPGGA,161333.10,3001.74003,S,05112.74221,W,1,08,1.10,72.59,M,,M,,*4F
$GPGLL,3001.74003,S,05112.74221,W,161333.10,A,A*65
$GPGSA,A,3,05,12,13,18,21,25,29,31,,,,,2.11,1.10,1.80,1*14
$GPGSV,4,1,13,5,42,094,47,11,04,136,,12,40,050,47,13,35,041,46,1*5C
$GPGSV,4,2,13,18,51,303,21,21,20,127,20,23,03,352,,25,78,042,48,1*6D
$GPGSV,4,3,13,26,07,222,27,28,31,268,05,29,57,191,27,31,19,237,18,1*64
$GPGSV,4,4,13,197,,,27,1*5C
$GPRMC,161333.10,A,3001.74003,S,05112.74221,W,0.21,58.30,090926,,,A,V*11
$GPGGA,161334.10,3001.74014,S,05112.74231,W,1,07,1.30,72.25,M,,M,,*49
$GPGLL,3001.74014,S,05112.74231,W,161334.10,A,A*65
$GPGSA,A,3,05,12,13,18,21,25,31,,,,,,2.59,1.30,2.23,1*1B
$GPGSV,3,1,12,5,42,094,47,11,04,136,,12,40,050,47,13,35,041,46,1*5A
$GPGSV,3,2,12,18,51,303,21,21,20,127,20,23,03,352,,25,78,042,48,1*6B
$GPGSV,3,3,12,26,07,222,25,28,31,268,03,29,57,191,,31,19,237,16,1*6D
$GPRMC,161334.10,A,3001.74014,S,05112.74231,W,0.25,58.30,090926,,,A,V*15
$GPGGA,161335.10,3001.74022,S,05112.74254,W,1,07,1.30,71.78,M,,M,,*45
$GPGLL,3001.74022,S,05112.74254,W,161335.10,A,A*62
$GPGSA,A,3,05,12,13,18,21,25,31,,,,,,2.59,1.30,2.23,1*1B
$GPGSV,3,1,12,5,42,094,47,11,04,136,,12,40,050,47,13,35,041,46,1*5A
$GPGSV,3,2,12,18,51,303,22,21,20,127,21,23,03,352,,25,78,042,48,1*69
$GPGSV,3,3,12,26,07,222,24,28,31,268,05,29,57,191,26,31,19,237,17,1*6F
$GPRMC,161335.10,A,3001.74022,S,05112.74254,W,0.29,58.30,090926,,,A,V*1E
$GPGGA,161336.10,3001.74020,S,05112.74267,W,1,08,1.10,71.53,M,,M,,*40
$GPGLL,3001.74020,S,05112.74267,W,161336.10,A,A*63
$GPGSA,A,3,05,12,13,18,21,25,29,31,,,,,2.11,1.10,1.80,1*14
$GPGSV,3,1,12,5,42,094,47,11,04,136,,12,40,050,47,13,35,041,46,1*5A
$GPGSV,3,2,12,18,51,303,21,21,20,127,21,23,03,352,,25,78,042,48,1*6A
$GPGSV,3,3,12,26,07,222,25,28,31,268,07,29,57,191,27,31,19,237,18,1*62
$GPRMC,161336.10,A,3001.74020,S,05112.74267,W,0.19,58.30,090926,,,A,V*1C
$GPGGA,161337.10,3001.74023,S,05112.74270,W,1,08,1.10,71.46,M,,M,,*40
$GPGLL,3001.74023,S,05112.74270,W,161337.10,A,A*67
$GPGSA,A,3,05,12,13,18,21,25,29,31,,,,,2.11,1.10,1.80,1*14
$GPGSV,4,1,13,5,42,094,47,11,04,136,,12,40,050,47,13,35,041,46,1*5C
$GPGSV,4,2,13,18,51,303,20,21,20,127,20,23,03,352,,25,78,042,48,1*6C
$GPGSV,4,3,13,26,07,222,,28,31,268,08,29,57,191,28,31,19,237,19,1*62
$GPGSV,4,4,13,197,,,25,1*5E
$GPRMC,161337.10,A,3001.74023,S,05112.74270,W,0.05,58.30,090926,,,A,V*15
$GPGGA,161338.10,3001.74026,S,05112.74259,W,1,08,1.10,71.54,M,,M,,*42
$GPGLL,3001.74026,S,05112.74259,W,161338.10,A,A*66
$GPGSA,A,3,05,12,13,18,21,25,29,31,,,,,2.11,1.10,1.80,1*14
$GPGSV,4,1,14,5,42,094,47,11,04,136,,12,40,050,47,13,35,041,46,1*5B
$GPGSV,4,2,14,18,51,303,21,21,20,127,20,23,03,352,,25,78,042,48,1*6A
$GPGSV,4,3,14,26,07,222,,28,31,268,10,29,57,191,28,31,19,237,20,1*66
$GPGSV,4,4,14,197,,,24,201,,,26,1*6F
$GPRMC,161338.10,A,3001.74026,S,05112.74259,W,0.13,58.30,090926,,,A,V*13
$GPGGA,161339.10,3001.74028,S,05112.74257,W,1,08,1.10,71.61,M,,M,,*45
$GPGLL,3001.74028,S,05112.74257,W,161339.10,A,A*67
$GPGSA,A,3,05,12,13,18,21,25,29,31,,,,,2.11,1.10,1.80,1*14
$GPGSV,4,1,14,5,42,094,47,11,04,136,,12,40,050,47,13,35,041,46,1*5B
$GPGSV,4,2,14,18,51,303,21,21,20,127,21,23,03,352,,25,78,042,48,1*6B
$GPGSV,4,3,14,26,07,222,,28,31,268,10,29,57,191,28,31,19,237,22,1*64
$GPGSV,4,4,14,197,,,24,201,,,25,1*6C
$GPRMC,161339.10,A,3001.74028,S,05112.74257,W,0.04,58.30,090926,,,A,V*14
$GPGGA,161340.10,3001.74030,S,05112.74249,W,1,08,1.10,71.80,M,,M,,*42
$GPGLL,3001.74030,S,05112.74249,W,161340.10,A,A*6F
$GPGSA,A,3,05,12,13,18,21,25,29,31,,,,,2.11,1.10,1.80,1*14
$GPGSV,4,1,14,5,42,094,47,11,04,136,,12,40,050,47,13,35,041,46,1*5B
$GPGSV,4,2,14,18,51,303,21,21,20,127,21,23,03,352,,25,78,042,48,1*6B
$GPGSV,4,3,14,26,07,222,,28,31,268,09,29,57,191,29,31,19,237,23,1*6C
$GPGSV,4,4,14,197,,,25,201,,,25,1*6D
$GPRMC,161340.10,A,3001.74030,S,05112.74249,W,0.03,58.30,090926,,,A,V*1B
$GPGGA,161341.10,3001.74023,S,05112.74238,W,1,08,1.10,72.24,M,,M,,*4A
$GPGLL,3001.74023,S,05112.74238,W,161341.10,A,A*6A
$GPGSA,A,3,05,12,13,18,21,25,29,31,,,,,2.11,1.10,1.80,1*14
$GPGSV,4,1,13,5,42,094,48,11,04,136,,12,40,050,47,13,35,041,46,1*53
$GPGSV,4,2,13,18,51,303,21,21,20,127,21,23,03,352,,25,78,042,48,1*6C
$GPGSV,4,3,13,26,07,222,,28,31,268,00,29,57,191,29,31,19,237,24,1*65
$GPGSV,4,4,13,201,,,25,1*52
$GPRMC,161341.10,A,3001.74023,S,05112.74238,W,0.11,58.30,090926,,,A,V*1D
$GPGGA,161342.10,3001.74025,S,05112.74220,W,1,08,1.10,72.54,M,,M,,*41
$GPGLL,3001.74025,S,05112.74220,W,161342.10,A,A*66
$GPGSA,A,3,05,12,13,18,21,25,29,31,,,,,2.11,1.10,1.80,1*14
$GPGSV,3,1,12,5,42,094,48,11,04,136,,12,40,050,47,13,35,041,46,1*55
$GPGSV,3,2,12,18,51,303,21,21,20,127,21,23,03,352,,25,78,042,48,1*6A
$GPGSV,3,3,12,26,07,222,26,28,31,268,00,29,57,191,29,31,19,237,25,1*66
$GPRMC,161342.10,A,3001.74025,S,05112.74220,W,0.19,58.30,090926,,,A,V*19
$GPGGA,161343.10,3001.74014,S,05112.74205,W,1,08,1.10,72.91,M,,M,,*4C
$GPGLL,3001.74014,S,05112.74205,W,161343.10,A,A*62
$GPGSA,A,3,05,12,13,18,21,25,29,31,,,,,2.11,1.10,1.80,1*14
$GPGSV,3,1,12,5,42,095,48,11,03,136,,12,40,049,47,13,34,041,46,1*5A
$GPGSV,3,2,12,18,52,303,21,21,20,127,21,23,04,352,,25,77,041,48,1*62
$GPGSV,3,3,12,26,08,222,25,28,31,268,03,29,57,190,29,31,19,237,25,1*68
$GPRMC,161343.10,A,3001.74014,S,05112.74205,W,0.12,58.30,090926,,,A,V*16
$GPGGA,161344.10,3001.74019,S,05112.74196,W,1,08,1.10,73.10,M,,M,,*47
$GPGLL,3001.74019,S,05112.74196,W,161344.10,A,A*61
$GPGSA,A,3,05,12,13,18,21,25,29,31,,,,,2.11,1.10,1.80,1*14
$GPGSV,4,1,14,5,42,095,48,11,03,136,,12,40,049,47,13,34,041,46,1*5B
$GPGSV,4,2,14,18,52,303,21,21,20,127,21,23,04,352,,25,77,041,48,1*63
$GPGSV,4,3,14,26,08,222,24,28,31,268,00,29,57,190,29,31,19,237,25,1*6B
$GPGSV,4,4,14,193,,,28,197,,,27,1*6A
$GPRMC,161344.10,A,3001.74019,S,05112.74196,W,0.20,58.30,090926,,,A,V*14
$GPGGA,161345.10,3001.74009,S,05112.74189,W,1,08,1.10,73.36,M,,M,,*4D
$GPGLL,3001.74009,S,05112.74189,W,161345.10,A,A*6F
$GPGSA,A,3,05,12,13,18,21,25,29,31,,,,,2.11,1.10,1.80,1*14
$GPGSV,4,1,14,5,42,095,48,11,03,136,,12,40,049,47,13,34,041,46,1*5B
$GPGSV,4,2,14,18,52,303,20,21,20,127,22,23,04,352,,25,77,041,48,1*61
$GPGSV,4,3,14,26,08,222,25,28,31,268,00,29,57,190,29,31,19,237,25,1*6A
$GPGSV,4,4,14,193,,,26,197,,,27,1*64
$GPRMC,161345.10,A,3001.74009,S,05112.74189,W,0.09,58.30,090926,,,A,V*11
$GPGGA,161346.10,3001.74008,S,05112.74193,W,1,08,1.10,73.50,M,,M,,*44
$GPGLL,3001.74008,S,05112.74193,W,161346.10,A,A*66
$GPGSA,A,3,05,12,13,18,21,25,29,31,,,,,2.11,1.10,1.80,1*14
$GPGSV,4,1,13,5,42,095,48,11,03,136,,12,40,049,47,13,34,041,46,1*5C
$GPGSV,4,2,13,18,52,303,19,21,20,127,22,23,04,352,,25,77,041,48,1*6C
$GPGSV,4,3,13,26,08,222,,28,31,268,05,29,57,190,29,31,19,237,24,1*6E
$GPGSV,4,4,13,193,,,26,1*59
$GPRMC,161346.10,A,3001.74008,S,05112.74193,W,0.24,58.30,090926,,,A,V*17
$GPGGA,161347.10,3001.74022,S,05112.74216,W,1,08,1.10,72.96,M,,M,,*48
$GPGLL,3001.74022,S,05112.74216,W,161347.10,A,A*61
$GPGSA,A,3,05,12,13,18,21,25,29,31,,,,,2.11,1.10,1.80,1*14
$GPGSV,4,1,13,5,42,095,47,11,03,136,,12,40,049,47,13,34,041,46,1*53
$GPGSV,4,2,13,18,52,303,19,21,20,127,22,23,04,352,,25,77,041,48,1*6C
$GPGSV,4,3,13,26,08,222,,28,31,268,00,29,57,190,29,31,19,237,24,1*6B
$GPGSV,4,4,13,193,,,26,1*59
$GPRMC,161347.10,A,3001.74022,S,05112.74216,W,0.16,58.30,090926,,,A,V*11
$GPGGA,161348.10,3001.74048,S,05112.74251,W,1,07,1.44,72.05,M,,M,,*4C
$GPGLL,3001.74048,S,05112.74251,W,161348.10,A,A*61
$GPGSA,A,3,05,12,13,18,21,25,29,,,,,,3.09,1.44,2.73,1*10
$GPGSV,4,1,14,5,42,095,47,11,03,136,,12,40,049,47,13,34,041,46,1*54
$GPGSV,4,2,14,18,52,303,16,21,20,127,22,23,04,352,,25,77,041,48,1*64
$GPGSV,4,3,14,26,08,222,25,28,31,268,09,29,57,190,28,31,19,237,23,1*64
$GPGSV,4,4,14,193,,,28,197,,,27,1*6A
$GPRMC,161348.10,A,3001.74048,S,05112.74251,W,0.10,58.30,090926,,,A,V*17
$GPGGA,161349.10,3001.74056,S,05112.74266,W,1,07,1.44,71.76,M,,M,,*41
$GPGLL,3001.74056,S,05112.74266,W,161349.10,A,A*6B
$GPGSA,A,3,05,12,13,18,21,25,29,,,,,,3.09,1.44,2.73,1*10
$GPGSV,4,1,13,5,42,095,47,11,03,136,,12,40,049,47,13,34,041,46,1*53
$GPGSV,4,2,13,18,52,303,16,21,20,127,22,23,04,352,,25,77,041,48,1*63
$GPGSV,4,3,13,26,08,222,25,28,31,268,13,29,57,190,28,31,19,237,23,1*68
$GPGSV,4,4,13,193,,,28,1*57
$GPRMC,161349.10,A,3001.74056,S,05112.74266,W,0.30,58.30,090926,,,A,V*1F
$GPGGA,161350.10,3001.74071,S,05112.74297,W,1,08,1.10,71.06,M,,M,,*4B
$GPGLL,3001.74071,S,05112.74297,W,161350.10,A,A*68
$GPGSA,A,3,05,12,13,18,21,25,29,31,,,,,2.11,1.10,1.80,1*14
$GPGSV,4,1,13,5,42,095,47,11,03,136,,12,40,049,47,13,34,041,46,1*53
$GPGSV,4,2,13,18,52,303,15,21,20,127,22,23,04,352,,25,77,041,48,1*60
$GPGSV,4,3,13,26,08,222,25,28,31,268,05,29,57,190,28,31,19,237,24,1*68
$GPGSV,4,4,13,201,,,26,1*51
$GPRMC,161350.10,A,3001.74071,S,05112.74297,W,0.05,58.30,090926,,,A,V*1A
$GPGGA,161351.10,3001.74091,S,05112.74333,W,1,07,1.44,70.14,M,,M,,*47
$GPGLL,3001.74091,S,05112.74333,W,161351.10,A,A*68
$GPGSA,A,3,05,12,13,18,21,25,29,,,,,,3.09,1.44,2.73,1*10
$GPGSV,4,1,14,5,42,095,47,11,03,136,,12,40,049,47,13,34,041,46,1*54
$GPGSV,4,2,14,18,52,303,14,21,20,127,22,23,04,352,,25,77,041,48,1*66
$GPGSV,4,3,14,26,08,222,,28,31,268,07,29,57,190,28,31,19,237,24,1*6A
$GPGSV,4,4,14,193,,,29,201,,,25,1*65
$GPRMC,161351.10,A,3001.74091,S,05112.74333,W,0.18,58.30,090926,,,A,V*16
$GPGGA,161352.10,3001.74100,S,05112.74358,W,1,08,1.10,69.68,M,,M,,*4D
$GPGLL,3001.74100,S,05112.74358,W,161352.10,A,A*6F
$GPGSA,A,3,05,12,13,18,21,25,29,31,,,,,2.10,1.10,1.80,1*15
$GPGSV,4,1,14,5,42,095,47,11,03,136,,12,40,049,47,13,34,041,46,1*54
$GPGSV,4,2,14,18,52,303,13,21,20,127,22,23,04,352,,25,77,041,48,1*61
$GPGSV,4,3,14,26,08,222,,28,31,268,08,29,57,190,27,31,19,237,25,1*6B
$GPGSV,4,4,14,193,,,25,201,,,24,1*68
$GPRMC,161352.10,A,3001.74100,S,05112.74358,W,0.16,58.30,090926,,,A,V*1F
$GPGGA,161353.10,3001.74119,S,05112.74377,W,1,07,1.25,69.09,M,,M,,*47
$GPGLL,3001.74119,S,05112.74377,W,161353.10,A,A*6B
$GPGSA,A,3,05,12,13,21,25,29,31,,,,,,2.20,1.25,1.81,1*18
$GPGSV,4,1,15,5,42,095,47,11,03,136,,12,40,049,47,13,34,041,46,1*55
$GPGSV,4,2,15,18,52,303,10,21,20,127,22,23,04,352,,25,77,041,48,1*63
$GPGSV,4,3,15,26,08,222,25,28,31,268,,29,57,190,27,31,19,237,26,1*66
$GPGSV,4,4,15,193,,,24,197,,,27,201,,,25,1*53
$GPRMC,161353.10,A,3001.74119,S,05112.74377,W,0.42,58.30,090926,,,A,V*1A
$GPGGA,161354.10,3001.74126,S,05112.74383,W,1,07,1.25,68.95,M,,M,,*43
$GPGLL,3001.74126,S,05112.74383,W,161354.10,A,A*6B
$GPGSA,A,3,05,12,13,21,25,29,31,,,,,,2.20,1.25,1.81,1*18
$GPGSV,4,1,14,5,42,095,47,11,03,136,,12,40,049,47,13,34,041,46,1*54
$GPGSV,4,2,14,18,52,303,09,21,20,127,21,23,04,352,,25,77,041,48,1*69
$GPGSV,4,3,14,26,08,222,25,28,31,268,,29,57,190,27,31,19,237,27,1*66
$GPGSV,4,4,14,193,,,24,197,,,26,1*67
$GPRMC,161354.10,A,3001.74126,S,05112.74383,W,0.37,58.30,090926,,,A,V*18
$GPGGA,161355.10,3001.74141,S,05112.74403,W,1,07,1.25,68.61,M,,M,,*47
$GPGLL,3001.74141,S,05112.74403,W,161355.10,A,A*64
$GPGSA,A,3,05,12,13,21,25,29,31,,,,,,2.20,1.25,1.81,1*18
$GPGSV,4,1,14,5,42,095,47,11,03,136,,12,40,049,47,13,34,041,46,1*54
$GPGSV,4,2,14,18,52,303,00,21,20,127,22,23,04,352,,25,77,041,48,1*63
$GPGSV,4,3,14,26,08,222,24,28,31,268,,29,57,190,26,31,19,237,28,1*69
$GPGSV,4,4,14,193,,,28,201,,,26,1*67
$GPRMC,161355.10,A,3001.74141,S,05112.74403,W,0.34,58.30,090926,,,A,V*14
$GPGGA,161356.10,3001.74159,S,05112.74420,W,1,07,1.25,68.05,M,,M,,*4E
$GPGLL,3001.74159,S,05112.74420,W,161356.10,A,A*6F
$GPGSA,A,3,05,12,13,21,25,29,31,,,,,,2.20,1.25,1.81,1*18
$GPGSV,4,1,15,5,42,095,47,11,03,136,,12,40,049,47,13,34,041,46,1*55
$GPGSV,4,2,15,18,52,303,01,21,20,127,21,23,04,352,,25,77,041,47,1*6F
$GPGSV,4,3,15,26,08,222,24,28,31,268,,29,57,190,26,31,19,237,29,1*69
$GPGSV,4,4,15,193,,,33,197,,,26,201,,,26,1*57
$GPRMC,161356.10,A,3001.74159,S,05112.74420,W,0.42,58.30,090926,,,A,V*1E
$GPGGA,161357.10,3001.74169,S,05112.74422,W,1,07,1.25,67.93,M,,M,,*4E
$GPGLL,3001.74169,S,05112.74422,W,161357.10,A,A*6F
$GPGSA,A,3,05,12,13,21,25,29,31,,,,,,2.20,1.25,1.81,1*18
$GPGSV,4,1,14,5,42,095,47,11,03,136,,12,40,049,47,13,34,041,46,1*54
$GPGSV,4,2,14,18,52,303,04,21,20,127,22,23,04,352,,25,77,041,47,1*68
$GPGSV,4,3,14,26,08,222,25,28,31,268,24,29,57,190,26,31,19,237,30,1*67
$GPGSV,4,4,14,193,,,26,197,,,33,1*61
$GPRMC,161357.10,A,3001.74169,S,05112.74422,W,0.19,58.30,090926,,,A,V*10
$GPGGA,161358.10,3001.74177,S,05112.74430,W,1,07,1.25,67.93,M,,M,,*4D
$GPGLL,3001.74177,S,05112.74430,W,161358.10,A,A*6C
$GPGSA,A,3,05,12,13,21,25,29,31,,,,,,2.20,1.25,1.81,1*18
$GPGSV,4,1,14,5,42,095,47,11,03,136,,12,40,049,47,13,34,041,46,1*54
$GPGSV,4,2,14,18,52,303,13,21,20,127,22,23,04,352,,25,77,041,48,1*61
$GPGSV,4,3,14,26,08,222,24,28,31,268,20,29,57,190,26,31,19,237,30,1*62
$GPGSV,4,4,14,193,,,25,197,,,26,1*66
$GPRMC,161358.10,A,3001.74177,S,05112.74430,W,0.31,58.30,090926,,,A,V*19
$GPGGA,161359.10,3001.74184,S,05112.74439,W,1,07,1.25,67.64,M,,M,,*41
$GPGLL,3001.74184,S,05112.74439,W,161359.10,A,A*68
$GPGSA,A,3,05,12,13,21,25,29,31,,,,,,2.20,1.25,1.81,1*18
$GPGSV,4,1,14,5,42,095,47,11,03,136,,12,40,049,47,13,34,041,46,1*54
$GPGSV,4,2,14,18,52,303,04,21,20,127,22,23,04,352,,25,77,041,48,1*67
$GPGSV,4,3,14,26,08,222,25,28,31,268,20,29,57,190,26,31,19,237,30,1*63
$GPGSV,4,4,14,193,,,25,197,,,26,1*66
$GPRMC,161359.10,A,3001.74184,S,05112.74439,W,0.07,58.30,090926,,,A,V*18
$GPGGA,161400.10,3001.74188,S,05112.74452,W,1,07,1.25,67.34,M,,M,,*4E
$GPGLL,3001.74188,S,05112.74452,W,161400.10,A,A*62
$GPGSA,A,3,05,12,13,21,25,29,31,,,,,,2.19,1.25,1.81,1*12
$GPGSV,4,1,14,5,42,095,47,11,03,136,,12,40,049,47,13,34,041,46,1*54
$GPGSV,4,2,14,18,52,303,08,21,20,127,23,23,04,352,,25,77,041,48,1*6A
$GPGSV,4,3,14,26,08,222,25,28,31,268,19,29,57,190,27,31,19,237,30,1*68
$GPGSV,4,4,14,193,,,30,197,,,25,1*61
$GPRMC,161400.10,A,3001.74188,S,05112.74452,W,0.16,58.30,090926,,,A,V*12
$GPGGA,161401.10,3001.74186,S,05112.74459,W,1,07,1.25,67.22,M,,M,,*4D
$GPGLL,3001.74186,S,05112.74459,W,161401.10,A,A*66
$GPGSA,A,3,05,12,13,21,25,29,31,,,,,,2.19,1.25,1.81,1*12
$GPGSV,4,1,14,5,42,095,47,11,03,136,,12,40,049,47,13,34,041,46,1*54
$GPGSV,4,2,14,18,52,303,08,21,20,127,24,23,04,352,,25,77,041,48,1*6D
$GPGSV,4,3,14,26,08,222,26,28,31,268,29,29,57,190,27,31,19,237,30,1*68
$GPGSV,4,4,14,193,,,26,201,,,27,1*68
$GPRMC,161401.10,A,3001.74186,S,05112.74459,W,0.17,58.30,090926,,,A,V*17
$GPGGA,161402.10,3001.74196,S,05112.74473,W,1,07,1.25,66.91,M,,M,,*4E
$GPGLL,3001.74196,S,05112.74473,W,161402.10,A,A*6C
$GPGSA,A,3,05,12,13,21,25,29,31,,,,,,2.19,1.25,1.81,1*12
$GPGSV,4,1,13,5,42,095,47,11,03,136,,12,40,049,47,13,34,041,46,1*53
$GPGSV,4,2,13,18,52,303,07,21,20,127,24,23,04,352,,25,77,041,48,1*65
$GPGSV,4,3,13,26,08,222,25,28,31,268,26,29,57,190,27,31,19,237,30,1*63
$GPGSV,4,4,13,193,,,29,1*56
$GPRMC,161402.10,A,3001.74196,S,05112.74473,W,0.20,58.30,090926,,,A,V*19
$GPGGA,161403.10,3001.74194,S,05112.74480,W,1,07,1.25,66.98,M,,M,,*48
$GPGLL,3001.74194,S,05112.74480,W,161403.10,A,A*63
$GPGSA,A,3,05,12,13,21,25,29,31,,,,,,2.19,1.25,1.81,1*12
$GPGSV,4,1,13,5,42,095,47,11,03,136,,12,40,049,47,13,34,041,45,1*50
$GPGSV,4,2,13,18,52,303,12,21,20,127,25,23,04,352,,25,77,041,47,1*6F
$GPGSV,4,3,13,26,08,222,,28,31,268,26,29,57,190,27,31,19,237,29,1*6C
$GPGSV,4,4,13,197,,,29,1*52
$GPRMC,161403.10,A,3001.74194,S,05112.74480,W,0.17,58.30,090926,,,A,V*12
$GPGGA,161404.10,3001.74192,S,05112.74477,W,1,07,1.25,67.22,M,,M,,*41
$GPGLL,3001.74192,S,05112.74477,W,161404.10,A,A*6A
$GPGSA,A,3,05,12,13,21,25,29,31,,,,,,2.19,1.25,1.81,1*12
$GPGSV,4,1,14,5,42,095,47,11,03,136,,12,40,049,47,13,34,041,45,1*57
$GPGSV,4,2,14,18,52,303,13,21,20,127,25,23,04,352,,25,77,041,47,1*69
$GPGSV,4,3,14,26,08,222,25,28,31,268,25,29,57,190,27,31,19,237,29,1*6F
$GPGSV,4,4,14,197,,,25,201,,,29,1*61
$GPRMC,161404.10,A,3001.74192,S,05112.74477,W,0.35,58.30,090926,,,A,V*1B
$GPGGA,161405.10,3001.74202,S,05112.74479,W,1,07,1.25,66.99,M,,M,,*45
$GPGLL,3001.74202,S,05112.74479,W,161405.10,A,A*6F
$GPGSA,A,3,05,12,13,21,25,29,31,,,,,,2.19,1.25,1.81,1*12
$GPGSV,4,1,15,5,42,095,47,11,03,136,,12,40,049,47,13,34,041,46,1*55
$GPGSV,4,2,15,18,52,303,14,21,20,127,26,23,04,352,,25,77,041,47,1*6C
$GPGSV,4,3,15,26,08,222,25,28,31,268,,29,57,190,27,31,19,237,28,1*68
$GPGSV,4,4,15,193,,,28,197,,,24,201,,,26,1*5F
$GPRMC,161405.10,A,3001.74202,S,05112.74479,W,0.64,58.30,090926,,,A,V*1A
$GPGGA,161406.10,3001.74189,S,05112.74460,W,1,07,1.25,67.57,M,,M,,*4D
$GPGLL,3001.74189,S,05112.74460,W,161406.10,A,A*64
$GPGSA,A,3,05,12,13,21,25,29,31,,,,,,2.19,1.25,1.81,1*12
$GPGSV,4,1,15,5,42,095,47,11,03,136,,12,40,049,46,13,34,041,46,1*54
$GPGSV,4,2,15,18,52,303,14,21,20,127,26,23,04,352,,25,77,041,47,1*6C
$GPGSV,4,3,15,26,08,222,25,28,31,268,,29,57,190,27,31,19,237,27,1*67
$GPGSV,4,4,15,193,,,26,197,,,24,201,,,25,1*52
$GPRMC,161406.10,A,3001.74189,S,05112.74460,W,0.29,58.30,090926,,,A,V*18
$GPGGA,161407.10,3001.74203,S,05112.74509,W,1,07,1.25,66.62,M,,M,,*44
$GPGLL,3001.74203,S,05112.74509,W,161407.10,A,A*6A
$GPGSA,A,3,05,12,13,21,25,29,31,,,,,,2.19,1.25,1.81,1*12
$GPGSV,4,1,15,5,42,095,47,11,03,136,,12,40,049,47,13,34,041,46,1*55
$GPGSV,4,2,15,18,52,303,15,21,20,127,26,23,04,352,,25,77,041,47,1*6D
$GPGSV,4,3,15,26,08,222,25,28,31,268,,29,57,190,27,31,19,237,26,1*66
$GPGSV,4,4,15,193,,,26,197,,,29,201,,,25,1*5F
$GPRMC,161407.10,A,3001.74203,S,05112.74509,W,0.07,58.30,090926,,,A,V*1A
$GPGGA,161408.10,3001.74204,S,05112.74545,W,1,07,1.25,65.53,M,,M,,*45
$GPGLL,3001.74204,S,05112.74545,W,161408.10,A,A*6A
$GPGSA,A,3,05,12,13,21,25,29,31,,,,,,2.19,1.25,1.81,1*12
$GPGSV,3,1,12,5,42,095,47,11,03,136,,12,40,049,47,13,34,041,46,1*55
$GPGSV,3,2,12,18,52,303,16,21,20,127,27,23,04,352,,25,77,041,48,1*60
$GPGSV,3,3,12,26,08,222,,28,31,268,20,29,57,190,27,31,19,237,25,1*60
$GPRMC,161408.10,A,3001.74204,S,05112.74545,W,0.59,58.30,090926,,,A,V*11
$GPGGA,161409.10,3001.74203,S,05112.74571,W,1,08,1.10,64.76,M,,M,,*4B
$GPGLL,3001.74203,S,05112.74571,W,161409.10,A,A*6B
$GPGSA,A,3,05,12,13,18,21,25,29,31,,,,,2.10,1.10,1.79,1*13
$GPGSV,4,1,14,5,42,095,47,11,03,136,,12,40,049,47,13,34,041,46,1*54
$GPGSV,4,2,14,18,52,303,16,21,20,127,27,23,04,352,,25,77,041,48,1*61
$GPGSV,4,3,14,26,08,222,26,28,31,268,29,29,57,190,26,31,19,237,24,1*6C
$GPGSV,4,4,14,193,,,27,201,,,33,1*6C
$GPRMC,161409.10,A,3001.74203,S,05112.74571,W,0.06,58.30,090926,,,A,V*1A
$GPGGA,161410.10,3001.74203,S,05112.74564,W,1,09,1.02,64.72,M,,M,,*41
$GPGLL,3001.74203,S,05112.74564,W,161410.10,A,A*67
$GPGSA,A,3,05,12,13,18,21,25,28,29,31,,,,2.01,1.02,1.74,1*17
$GPGSV,4,1,14,5,42,095,47,11,03,136,,12,40,049,47,13,34,041,46,1*54
$GPGSV,4,2,14,18,52,303,15,21,20,127,27,23,04,352,,25,77,041,48,1*62
$GPGSV,4,3,14,26,08,222,25,28,31,268,29,29,57,190,26,31,19,237,23,1*68
$GPGSV,4,4,14,193,,,26,201,,,26,1*69
$GPRMC,161410.10,A,3001.74203,S,05112.74564,W,0.07,58.30,090926,,,A,V*17
$GPGGA,161411.10,3001.74192,S,05112.74557,W,1,09,1.02,64.86,M,,M,,*40
$GPGLL,3001.74192,S,05112.74557,W,161411.10,A,A*6D
$GPGSA,A,3,05,12,13,18,21,25,28,29,31,,,,2.01,1.02,1.74,1*17
$GPGSV,4,1,14,5,42,095,47,11,03,136,,12,40,049,47,13,34,041,46,1*54
$GPGSV,4,2,14,18,52,303,15,21,20,127,28,23,04,352,,25,77,041,48,1*6D
$GPGSV,4,3,14,26,08,222,24,28,31,268,26,29,57,190,26,31,19,237,23,1*66
$GPGSV,4,4,14,193,,,26,201,,,25,1*6A
$GPRMC,161411.10,A,3001.74192,S,05112.74557,W,0.13,58.30,090926,,,A,V*18
$GPGGA,161412.10,3001.74184,S,05112.74546,W,1,09,1.02,65.22,M,,M,,*4B
$GPGLL,3001.74184,S,05112.74546,W,161412.10,A,A*69
$GPGSA,A,3,05,12,13,18,21,25,28,29,31,,,,2.01,1.02,1.74,1*17
$GPGSV,4,1,14,5,42,095,47,11,03,136,,12,40,049,47,13,34,041,46,1*54
$GPGSV,4,2,14,18,52,303,16,21,20,127,28,23,04,352,,25,77,041,47,1*61
$GPGSV,4,3,14,26,08,222,24,28,31,268,26,29,57,190,26,31,19,237,24,1*61
$GPGSV,4,4,14,193,,,25,201,,,25,1*69
$GPRMC,161412.10,A,3001.74184,S,05112.74546,W,0.63,58.30,090926,,,A,V*1B
$GPGGA,161413.10,3001.74184,S,05112.74548,W,1,09,1.02,65.22,M,,M,,*44
$GPGLL,3001.74184,S,05112.74548,W,161413.10,A,A*66
$GPGSA,A,3,05,12,13,18,21,25,28,29,31,,,,2.01,1.02,1.74,1*17
$GPGSV,4,1,14,5,42,095,47,11,03,136,,12,40,049,46,13,34,041,45,1*56
$GPGSV,4,2,14,18,52,303,15,21,20,127,28,23,04,352,,25,77,041,47,1*62
$GPGSV,4,3,14,26,08,222,25,28,31,268,25,29,57,190,26,31,19,237,25,1*62
$GPGSV,4,4,14,193,,,24,197,,,27,1*66
$GPRMC,161413.10,A,3001.74184,S,05112.74548,W,0.34,58.30,090926,,,A,V*16
