$GPGGA,162552.11,3001.73970,S,05112.74122,W,1,09,1.08,71.78,M,,M,,*4E
$GPGLL,3001.73970,S,05112.74122,W,162552.11,A,A*6C
$GPGSA,A,3,05,12,13,18,23,25,28,29,31,,,,1.96,1.08,1.63,1*14
$GPGSV,4,1,14,5,42,102,46,11,00,134,,12,35,045,45,13,29,038,44,1*57
$GPGSV,4,2,14,15,00,045,,18,56,296,18,21,18,131,25,23,08,353,20,1*6C
$GPGSV,4,3,14,25,72,032,52,26,12,222,25,28,30,274,19,29,57,181,20,1*63
$GPGSV,4,4,14,31,20,242,20,201,,,24,1*62
$GPRMC,162552.11,A,3001.73970,S,05112.74122,W,0.75,58.30,090926,,,A,V*19
$GPGGA,162553.11,3001.73986,S,05112.74164,W,1,09,1.08,70.82,M,,M,,*40
$GPGLL,3001.73986,S,05112.74164,W,162553.11,A,A*66
$GPGSA,A,3,05,12,13,18,23,25,28,29,31,,,,1.96,1.08,1.63,1*14
$GPGSV,4,1,13,5,42,102,46,11,00,134,,12,35,045,46,13,29,038,44,1*53
$GPGSV,4,2,13,15,00,045,,18,56,296,18,21,18,131,29,23,08,353,20,1*67
$GPGSV,4,3,13,25,72,032,52,26,12,222,25,28,30,274,17,29,57,181,20,1*6A
$GPGSV,4,4,13,31,20,242,20,1*50
$GPRMC,162553.11,A,3001.73986,S,05112.74164,W,0.75,58.30,090926,,,A,V*13
$GPGGA,162554.11,3001.74007,S,05112.74206,W,1,09,1.08,69.95,M,,M,,*49
$GPGLL,3001.74007,S,05112.74206,W,162554.11,A,A*61
$GPGSA,A,3,05,12,13,18,23,25,28,29,31,,,,1.96,1.08,1.63,1*14
$GPGSV,4,1,13,5,42,102,46,11,00,134,,12,35,045,46,13,29,038,44,1*53
$GPGSV,4,2,13,15,00,045,,18,56,296,17,21,18,131,28,23,08,353,20,1*69
$GPGSV,4,3,13,25,72,032,52,26,12,222,25,28,30,274,17,29,57,181,21,1*6B
$GPGSV,4,4,13,31,20,242,20,1*50
$GPRMC,162554.11,A,3001.74007,S,05112.74206,W,0.95,58.30,090926,,,A,V*1A
$GPGGA,162555.11,3001.74016,S,05112.74249,W,1,09,1.08,69.01,M,,M,,*4E
$GPGLL,3001.74016,S,05112.74249,W,162555.11,A,A*6B
$GPGSA,A,3,05,12,13,18,23,25,28,29,31,,,,1.96,1.08,1.63,1*14
$GPGSV,4,1,13,5,42,102,46,11,00,134,,12,35,045,46,13,29,038,43,1*54
$GPGSV,4,2,13,15,00,045,,18,56,296,17,21,18,131,28,23,08,353,20,1*69
$GPGSV,4,3,13,25,72,032,52,26,12,222,26,28,30,274,17,29,57,181,21,1*68
$GPGSV,4,4,13,31,20,242,19,1*5A
$GPRMC,162555.11,A,3001.74016,S,05112.74249,W,0.85,58.30,090926,,,A,V*11
$GPGGA,162556.11,3001.74026,S,05112.74285,W,1,09,1.08,68.19,M,,M,,*46
$GPGLL,3001.74026,S,05112.74285,W,162556.11,A,A*6B
$GPGSA,A,3,05,12,13,18,23,25,28,29,31,,,,1.96,1.08,1.63,1*14
$GPGSV,4,1,13,5,42,102,46,11,00,134,,12,35,045,46,13,29,038,44,1*53
$GPGSV,4,2,13,15,00,045,,18,56,296,16,21,18,131,28,23,08,353,19,1*62
$GPGSV,4,3,13,25,72,032,52,26,12,222,25,28,30,274,17,29,57,181,22,1*68
$GPGSV,4,4,13,31,20,242,19,1*5A
$GPRMC,162556.11,A,3001.74026,S,05112.74285,W,0.84,58.30,090926,,,A,V*10
$GPGGA,162557.11,3001.74031,S,05112.74311,W,1,09,1.08,67.56,M,,M,,*49
$GPGLL,3001.74031,S,05112.74311,W,162557.11,A,A*60
$GPGSA,A,3,05,12,13,18,23,25,28,29,31,,,,1.96,1.08,1.63,1*14
$GPGSV,4,1,13,5,42,102,46,11,00,134,,12,35,045,46,13,29,038,43,1*54
$GPGSV,4,2,13,15,00,045,,18,56,296,16,21,18,131,28,23,08,353,19,1*62
$GPGSV,4,3,13,25,72,032,52,26,12,222,24,28,30,274,16,29,57,181,22,1*68
$GPGSV,4,4,13,31,20,242,19,1*5A
$GPRMC,162557.11,A,3001.74031,S,05112.74311,W,0.83,58.30,090926,,,A,V*1C
$GPGGA,162558.11,3001.74038,S,05112.74327,W,1,09,1.08,67.13,M,,M,,*4B
$GPGLL,3001.74038,S,05112.74327,W,162558.11,A,A*63
$GPGSA,A,3,05,12,13,18,23,25,28,29,31,,,,1.96,1.08,1.63,1*14
$GPGSV,4,1,13,5,42,102,46,11,00,134,,12,35,045,46,13,29,038,44,1*53
$GPGSV,4,2,13,15,00,045,,18,56,296,17,21,18,131,29,23,08,353,19,1*62
$GPGSV,4,3,13,25,72,032,52,26,12,222,24,28,30,274,16,29,57,181,22,1*68
$GPGSV,4,4,13,31,20,242,19,1*5A
$GPRMC,162558.11,A,3001.74038,S,05112.74327,W,0.59,58.30,090926,,,A,V*18
$GPGGA,162559.11,3001.74042,S,05112.74353,W,1,09,1.08,66.56,M,,M,,*44
$GPGLL,3001.74042,S,05112.74353,W,162559.11,A,A*6C
$GPGSA,A,3,05,12,13,18,23,25,28,29,31,,,,1.96,1.08,1.63,1*14
$GPGSV,4,1,15,5,42,102,46,11,00,134,,12,35,045,46,13,29,038,44,1*55
$GPGSV,4,2,15,15,00,045,,18,56,296,16,21,18,131,27,23,08,353,18,1*6A
$GPGSV,4,3,15,25,72,032,52,26,12,222,,28,30,274,15,29,57,181,22,1*6B
$GPGSV,4,4,15,31,20,242,19,193,,,25,201,,,25,1*54
$GPRMC,162559.11,A,3001.74042,S,05112.74353,W,0.55,58.30,090926,,,A,V*1B
$GPGGA,162600.11,3001.74039,S,05112.74362,W,1,09,1.08,66.33,M,,M,,*46
$GPGLL,3001.74039,S,05112.74362,W,162600.11,A,A*6D
$GPGSA,A,3,05,12,13,18,23,25,28,29,31,,,,1.96,1.08,1.63,1*14
$GPGSV,4,1,15,5,42,102,46,11,00,134,,12,35,045,46,13,29,038,44,1*55
$GPGSV,4,2,15,15,00,045,,18,56,296,16,21,18,131,,23,08,353,18,1*6F
$GPGSV,4,3,15,25,72,032,52,26,12,222,,28,30,274,13,29,57,181,23,1*6C
$GPGSV,4,4,15,31,20,242,20,193,,,24,201,,,25,1*5F
$GPRMC,162600.11,A,3001.74039,S,05112.74362,W,0.64,58.30,090926,,,A,V*18
$GPGGA,162601.11,3001.74035,S,05112.74368,W,1,09,1.08,66.06,M,,M,,*47
$GPGLL,3001.74035,S,05112.74368,W,162601.11,A,A*6A
$GPGSA,A,3,05,12,13,18,23,25,28,29,31,,,,1.96,1.08,1.63,1*14
$GPGSV,4,1,13,5,42,102,46,11,00,134,,12,35,045,46,13,29,038,44,1*53
$GPGSV,4,2,13,15,00,045,,18,56,296,16,21,18,131,,23,08,353,19,1*68
$GPGSV,4,3,13,25,72,032,52,26,12,222,26,28,30,274,13,29,57,181,23,1*6E
$GPGSV,4,4,13,31,20,242,20,1*50
$GPRMC,162601.11,A,3001.74035,S,05112.74368,W,0.78,58.30,090926,,,A,V*12
$GPGGA,162602.11,3001.74037,S,05112.74379,W,1,08,1.15,65.82,M,,M,,*44
$GPGLL,3001.74037,S,05112.74379,W,162602.11,A,A*6B
$GPGSA,A,3,05,12,13,18,23,25,29,31,,,,,2.00,1.15,1.63,1*1E
$GPGSV,4,1,13,5,42,102,46,11,00,134,,12,35,045,46,13,29,038,44,1*53
$GPGSV,4,2,13,15,00,045,,18,56,296,15,21,18,131,,23,08,353,18,1*6A
$GPGSV,4,3,13,25,72,032,52,26,12,222,25,28,30,274,09,29,57,181,23,1*66
$GPGSV,4,4,13,31,20,242,21,1*51
$GPRMC,162602.11,A,3001.74037,S,05112.74379,W,0.66,58.30,090926,,,A,V*1C
$GPGGA,162603.11,3001.74035,S,05112.74384,W,1,08,1.15,65.57,M,,M,,*4D
$GPGLL,3001.74035,S,05112.74384,W,162603.11,A,A*6A
$GPGSA,A,3,05,12,13,18,23,25,29,31,,,,,2.00,1.15,1.63,1*1E
$GPGSV,4,1,13,5,42,102,46,11,00,134,,12,35,045,46,13,29,038,44,1*53
$GPGSV,4,2,13,15,00,045,,18,56,296,16,21,18,131,,23,08,353,18,1*69
$GPGSV,4,3,13,25,72,032,52,26,12,222,24,28,30,274,09,29,57,181,23,1*67
$GPGSV,4,4,13,31,20,242,21,1*51
$GPRMC,162603.11,A,3001.74035,S,05112.74384,W,0.56,58.30,090926,,,A,V*1E
$GPGGA,162604.11,3001.74032,S,05112.74385,W,1,08,1.15,65.45,M,,M,,*4F
$GPGLL,3001.74032,S,05112.74385,W,162604.11,A,A*6B
$GPGSA,A,3,05,12,13,18,23,25,29,31,,,,,2.00,1.15,1.63,1*1E
$GPGSV,4,1,13,5,42,102,46,11,00,134,,12,35,045,46,13,29,038,44,1*53
$GPGSV,4,2,13,15,00,045,,18,56,296,17,21,18,131,18,23,08,353,17,1*6E
$GPGSV,4,3,13,25,72,032,52,26,12,222,25,28,30,274,11,29,57,181,23,1*6F
$GPGSV,4,4,13,31,20,242,21,1*51
$GPRMC,162604.11,A,3001.74032,S,05112.74385,W,0.25,58.30,090926,,,A,V*1B
$GPGGA,162605.11,3001.74028,S,05112.74381,W,1,08,1.15,65.41,M,,M,,*45
$GPGLL,3001.74028,S,05112.74381,W,162605.11,A,A*65
$GPGSA,A,3,05,12,13,18,23,25,29,31,,,,,2.00,1.15,1.63,1*1E
$GPGSV,4,1,14,5,42,102,46,11,00,134,,12,35,045,46,13,29,038,44,1*54
$GPGSV,4,2,14,15,00,045,,18,56,296,18,21,18,131,27,23,08,353,15,1*68
$GPGSV,4,3,14,25,72,032,52,26,12,222,27,28,30,274,15,29,57,181,23,1*6E
$GPGSV,4,4,14,31,20,242,20,201,,,29,1*6F
$GPRMC,162605.11,A,3001.74028,S,05112.74381,W,0.21,58.30,090926,,,A,V*11
$GPGGA,162606.11,3001.74027,S,05112.74383,W,1,08,1.15,65.42,M,,M,,*48
$GPGLL,3001.74027,S,05112.74383,W,162606.11,A,A*6B
$GPGSA,A,3,05,12,13,18,23,25,29,31,,,,,2.00,1.15,1.64,1*19
$GPGSV,4,1,13,5,42,102,46,11,00,134,,12,35,045,47,13,29,038,44,1*52
$GPGSV,4,2,13,15,00,045,,18,56,296,17,21,18,131,29,23,08,353,15,1*6E
$GPGSV,4,3,13,25,72,032,52,26,12,222,25,28,30,274,16,29,57,181,23,1*68
$GPGSV,4,4,13,31,20,242,20,1*50
$GPRMC,162606.11,A,3001.74027,S,05112.74383,W,0.58,58.30,090926,,,A,V*11
$GPGGA,162607.11,3001.74026,S,05112.74383,W,1,09,1.08,65.49,M,,M,,*4E
$GPGLL,3001.74026,S,05112.74383,W,162607.11,A,A*6B
$GPGSA,A,3,05,12,13,18,23,25,28,29,31,,,,1.96,1.08,1.64,1*13
$GPGSV,4,1,13,5,42,102,46,11,00,134,,12,35,045,47,13,29,038,44,1*52
$GPGSV,4,2,13,15,00,045,,18,56,296,18,21,18,131,28,23,08,353,16,1*63
$GPGSV,4,3,13,25,72,032,52,26,12,222,25,28,30,274,17,29,57,181,23,1*69
$GPGSV,4,4,13,31,20,242,20,1*50
$GPRMC,162607.11,A,3001.74026,S,05112.74383,W,0.53,58.30,090926,,,A,V*1A
$GPGGA,162608.11,3001.74025,S,05112.74384,W,1,09,1.08,65.47,M,,M,,*4B
$GPGLL,3001.74025,S,05112.74384,W,162608.11,A,A*60
$GPGSA,A,3,05,12,13,18,23,25,28,29,31,,,,1.96,1.08,1.64,1*13
$GPGSV,4,1,14,5,42,102,46,11,00,134,,12,35,045,47,13,29,038,44,1*55
$GPGSV,4,2,14,15,00,045,,18,56,296,18,21,18,131,29,23,08,353,15,1*66
$GPGSV,4,3,14,25,72,032,52,26,12,222,25,28,30,274,19,29,57,181,23,1*60
$GPGSV,4,4,14,31,20,242,20,201,,,30,1*67
$GPRMC,162608.11,A,3001.74025,S,05112.74384,W,0.05,58.30,090926,,,A,V*12
$GPGGA,162609.11,3001.74026,S,05112.74367,W,1,09,1.08,65.72,M,,M,,*42
$GPGLL,3001.74026,S,05112.74367,W,162609.11,A,A*6F
$GPGSA,A,3,05,12,13,18,23,25,28,29,31,,,,1.96,1.08,1.64,1*13
$GPGSV,4,1,14,5,42,102,45,11,00,134,,12,35,045,47,13,29,038,44,1*56
$GPGSV,4,2,14,15,00,045,,18,56,296,20,21,18,131,28,23,08,353,15,1*6C
$GPGSV,4,3,14,25,72,032,51,26,12,222,27,28,30,274,20,29,57,181,23,1*6B
$GPGSV,4,4,14,31,20,242,21,201,,,26,1*61
$GPRMC,162609.11,A,3001.74026,S,05112.74367,W,0.12,58.30,090926,,,A,V*1B
$GPGGA,162610.11,3001.74023,S,05112.74354,W,1,09,1.08,65.99,M,,M,,*4A
$GPGLL,3001.74023,S,05112.74354,W,162610.11,A,A*62
$GPGSA,A,3,05,12,13,18,23,25,28,29,31,,,,1.96,1.08,1.64,1*13
$GPGSV,4,1,14,5,42,102,45,11,00,134,,12,35,045,47,13,29,038,44,1*56
$GPGSV,4,2,14,15,00,045,,18,56,296,20,21,18,131,28,23,08,353,15,1*6C
$GPGSV,4,3,14,25,72,032,52,26,12,222,25,28,30,274,21,29,57,181,24,1*6C
$GPGSV,4,4,14,31,20,242,21,201,,,24,1*63
$GPRMC,162610.11,A,3001.74023,S,05112.74354,W,0.28,58.30,090926,,,A,V*1F
$GPGGA,162611.11,3001.74023,S,05112.74349,W,1,08,1.17,66.18,M,,M,,*42
$GPGLL,3001.74023,S,05112.74349,W,162611.11,A,A*6F
$GPGSA,A,3,05,12,13,18,25,28,29,31,,,,,2.22,1.17,1.89,1*13
$GPGSV,4,1,14,5,42,102,46,11,00,134,,12,35,045,47,13,29,038,44,1*55
$GPGSV,4,2,14,15,00,045,,18,56,296,20,21,18,131,28,23,08,353,12,1*6B
$GPGSV,4,3,14,25,72,032,52,26,12,222,24,28,30,274,22,29,57,181,23,1*69
$GPGSV,4,4,14,31,20,242,21,201,,,24,1*63
$GPRMC,162611.11,A,3001.74023,S,05112.74349,W,0.28,58.30,090926,,,A,V*12
$GPGGA,162612.11,3001.74037,S,05112.74362,W,1,09,1.08,65.86,M,,M,,*46
$GPGLL,3001.74037,S,05112.74362,W,162612.11,A,A*60
$GPGSA,A,3,05,12,13,18,23,25,28,29,31,,,,1.96,1.08,1.64,1*13
$GPGSV,4,1,14,5,42,102,46,11,00,134,,12,35,045,47,13,29,038,44,1*55
$GPGSV,4,2,14,15,00,045,,18,56,296,20,21,18,131,26,23,08,353,14,1*63
$GPGSV,4,3,14,25,72,032,52,26,12,222,25,28,30,274,23,29,57,181,23,1*69
$GPGSV,4,4,14,31,20,242,20,201,,,24,1*62
$GPRMC,162612.11,A,3001.74037,S,05112.74362,W,0.59,58.30,090926,,,A,V*1B
$GPGGA,162613.11,3001.74039,S,05112.74362,W,1,08,1.17,65.96,M,,M,,*47
$GPGLL,3001.74039,S,05112.74362,W,162613.11,A,A*6F
$GPGSA,A,3,05,12,13,18,25,28,29,31,,,,,2.22,1.17,1.89,1*13
$GPGSV,4,1,14,5,42,102,46,11,00,134,,12,35,045,47,13,29,038,44,1*55
$GPGSV,4,2,14,15,00,045,,18,56,296,20,21,18,131,25,23,08,353,13,1*67
$GPGSV,4,3,14,25,72,032,52,26,12,222,25,28,30,274,23,29,57,181,24,1*6E
$GPGSV,4,4,14,31,20,242,20,201,,,25,1*63
$GPRMC,162613.11,A,3001.74039,S,05112.74362,W,0.64,58.30,090926,,,A,V*1A
$GPGGA,162614.11,3001.74050,S,05112.74379,W,1,08,1.17,65.70,M,,M,,*4D
$GPGLL,3001.74050,S,05112.74379,W,162614.11,A,A*6D
$GPGSA,A,3,05,12,13,18,25,28,29,31,,,,,2.22,1.17,1.89,1*13
$GPGSV,4,1,13,5,42,102,45,11,00,134,,12,35,045,47,13,29,038,45,1*50
$GPGSV,4,2,13,15,00,045,,18,56,296,20,21,18,131,27,23,08,353,11,1*60
$GPGSV,4,3,13,25,72,032,52,26,12,222,,28,30,274,24,29,57,181,23,1*6E
$GPGSV,4,4,13,31,20,242,20,1*50
$GPRMC,162614.11,A,3001.74050,S,05112.74379,W,0.71,58.30,090926,,,A,V*1C
$GPGGA,162615.11,3001.74062,S,05112.74384,W,1,08,1.17,65.66,M,,M,,*48
$GPGLL,3001.74062,S,05112.74384,W,162615.11,A,A*6F
$GPGSA,A,3,05,12,13,18,25,28,29,31,,,,,2.22,1.17,1.89,1*13
$GPGSV,4,1,14,5,42,102,45,11,00,134,,12,35,045,47,13,29,038,45,1*57
$GPGSV,4,2,14,15,00,045,,18,56,296,19,21,18,131,28,23,08,353,05,1*67
$GPGSV,4,3,14,25,72,032,51,26,12,222,26,28,30,274,25,29,57,181,23,1*6F
$GPGSV,4,4,14,31,20,242,20,197,,,25,1*6F
$GPRMC,162615.11,A,3001.74062,S,05112.74384,W,0.07,58.30,090926,,,A,V*1F
$GPGGA,162616.11,3001.74060,S,05112.74359,W,1,08,1.17,66.07,M,,M,,*4D
$GPGLL,3001.74060,S,05112.74359,W,162616.11,A,A*6E
$GPGSA,A,3,05,12,13,18,25,28,29,31,,,,,2.22,1.17,1.89,1*13
$GPGSV,4,1,14,5,42,102,46,11,00,134,,12,35,045,47,13,29,038,44,1*55
$GPGSV,4,2,14,15,00,045,,18,56,296,19,21,18,131,24,23,08,353,09,1*67
$GPGSV,4,3,14,25,72,032,52,26,12,222,25,28,30,274,26,29,57,181,24,1*6B
$GPGSV,4,4,14,31,20,242,21,197,,,25,1*6E
$GPRMC,162616.11,A,3001.74060,S,05112.74359,W,0.19,58.30,090926,,,A,V*11
$GPGGA,162617.11,3001.74059,S,05112.74329,W,1,08,1.17,66.48,M,,M,,*4A
$GPGLL,3001.74059,S,05112.74329,W,162617.11,A,A*62
$GPGSA,A,3,05,12,13,18,25,28,29,31,,,,,2.22,1.17,1.89,1*13
$GPGSV,4,1,14,5,42,102,46,11,00,134,,12,35,045,46,13,29,038,44,1*54
$GPGSV,4,2,14,15,00,045,,18,56,296,18,21,18,131,29,23,08,353,13,1*60
$GPGSV,4,3,14,25,72,032,52,26,12,222,25,28,30,274,26,29,57,181,23,1*6C
$GPGSV,4,4,14,31,20,242,21,197,,,24,1*6F
$GPRMC,162617.11,A,3001.74059,S,05112.74329,W,0.24,58.30,090926,,,A,V*13
$GPGGA,162618.11,3001.74058,S,05112.74308,W,1,08,1.17,66.90,M,,M,,*42
$GPGLL,3001.74058,S,05112.74308,W,162618.11,A,A*6F
$GPGSA,A,3,05,12,13,18,25,28,29,31,,,,,2.22,1.17,1.89,1*13
$GPGSV,4,1,14,5,42,102,46,11,00,134,,12,35,045,46,13,29,038,44,1*54
$GPGSV,4,2,14,15,00,045,,18,56,296,17,21,18,131,27,23,08,353,12,1*60
$GPGSV,4,3,14,25,72,032,52,26,12,222,24,28,30,274,27,29,57,181,23,1*6C
$GPGSV,4,4,14,31,20,242,22,197,,,25,1*6D
$GPRMC,162618.11,A,3001.74058,S,05112.74308,W,0.29,58.30,090926,,,A,V*13
$GPGGA,162619.11,3001.74052,S,05112.74290,W,1,08,1.17,67.52,M,,M,,*46
$GPGLL,3001.74052,S,05112.74290,W,162619.11,A,A*64
$GPGSA,A,3,05,12,13,18,25,28,29,31,,,,,2.22,1.17,1.89,1*13
$GPGSV,4,1,14,5,42,103,46,11,00,134,,12,35,045,47,13,29,038,45,1*55
$GPGSV,4,2,14,15,00,045,,18,56,295,15,21,17,132,28,23,09,353,09,1*69
$GPGSV,4,3,14,25,71,032,52,26,12,222,26,28,29,275,27,29,57,180,23,1*65
$GPGSV,4,4,14,31,20,243,22,197,,,24,1*6D
$GPRMC,162619.11,A,3001.74052,S,05112.74290,W,0.21,58.30,090926,,,A,V*10
$GPGGA,162620.11,3001.74044,S,05112.74277,W,1,08,1.17,68.03,M,,M,,*49
$GPGLL,3001.74044,S,05112.74277,W,162620.11,A,A*60
$GPGSA,A,3,05,12,13,18,25,28,29,31,,,,,2.22,1.17,1.89,1*13
$GPGSV,4,1,14,5,42,103,46,11,00,134,,12,35,045,47,13,29,038,45,1*55
$GPGSV,4,2,14,15,00,045,,18,56,295,14,21,17,132,28,23,09,353,09,1*68
$GPGSV,4,3,14,25,71,032,52,26,12,222,20,28,29,275,28,29,57,180,23,1*6C
$GPGSV,4,4,14,31,20,243,23,197,,,24,1*6C
$GPRMC,162620.11,A,3001.74044,S,05112.74277,W,0.12,58.30,090926,,,A,V*14
$GPGGA,162621.11,3001.74040,S,05112.74259,W,1,08,1.17,68.48,M,,M,,*4F
$GPGLL,3001.74040,S,05112.74259,W,162621.11,A,A*69
$GPGSA,A,3,05,12,13,18,25,28,29,31,,,,,2.22,1.17,1.88,1*12
$GPGSV,4,1,14,5,42,103,45,11,00,134,,12,35,045,47,13,29,038,45,1*56
$GPGSV,4,2,14,15,00,045,,18,56,295,13,21,17,132,28,23,09,353,11,1*66
$GPGSV,4,3,14,25,71,032,52,26,12,222,18,28,29,275,28,29,57,180,23,1*67
$GPGSV,4,4,14,31,20,243,23,197,,,24,1*6C
$GPRMC,162621.11,A,3001.74040,S,05112.74259,W,0.07,58.30,090926,,,A,V*19
$GPGGA,162622.11,3001.74027,S,05112.74229,W,1,07,1.33,69.10,M,,M,,*4F
$GPGLL,3001.74027,S,05112.74229,W,162622.11,A,A*6C
$GPGSA,A,3,05,12,13,25,28,29,31,,,,,,2.60,1.33,2.24,1*1E
$GPGSV,4,1,14,5,42,103,45,11,00,134,,12,35,045,47,13,29,038,45,1*56
$GPGSV,4,2,14,15,00,045,,18,56,295,12,21,17,132,28,23,09,353,10,1*66
$GPGSV,4,3,14,25,71,032,52,26,12,222,26,28,29,275,28,29,57,180,23,1*6A
$GPGSV,4,4,14,31,20,243,24,197,,,24,1*6B
$GPRMC,162622.11,A,3001.74027,S,05112.74229,W,0.02,58.30,090926,,,A,V*19
$GPGGA,162623.11,3001.74031,S,05112.74226,W,1,07,1.33,69.49,M,,M,,*4A
$GPGLL,3001.74031,S,05112.74226,W,162623.11,A,A*65
$GPGSA,A,3,05,12,13,25,28,29,31,,,,,,2.60,1.33,2.24,1*1E
$GPGSV,4,1,14,5,42,103,45,11,00,134,,12,35,045,47,13,29,038,44,1*57
$GPGSV,4,2,14,15,00,045,,18,56,295,13,21,17,132,,23,09,353,12,1*6F
$GPGSV,4,3,14,25,71,032,51,26,12,222,24,28,29,275,29,29,57,180,24,1*6D
$GPGSV,4,4,14,31,20,243,24,201,,,26,1*65
$GPRMC,162623.11,A,3001.74031,S,05112.74226,W,0.12,58.30,090926,,,A,V*11
$GPGGA,162624.11,3001.74019,S,05112.74200,W,1,07,1.33,70.25,M,,M,,*41
$GPGLL,3001.74019,S,05112.74200,W,162624.11,A,A*6C
$GPGSA,A,3,05,12,13,25,28,29,31,,,,,,2.60,1.33,2.24,1*1E
$GPGSV,4,1,14,5,42,103,45,11,00,134,,12,35,045,47,13,29,038,44,1*57
$GPGSV,4,2,14,15,00,045,,18,56,295,09,21,17,132,,23,09,353,14,1*62
$GPGSV,4,3,14,25,71,032,52,26,12,222,24,28,29,275,29,29,57,180,24,1*6E
$GPGSV,4,4,14,31,20,243,24,201,,,24,1*67
$GPRMC,162624.11,A,3001.74019,S,05112.74200,W,0.07,58.30,090926,,,A,V*1C
$GPGGA,162625.11,3001.74009,S,05112.74177,W,1,07,1.33,70.75,M,,M,,*47
$GPGLL,3001.74009,S,05112.74177,W,162625.11,A,A*6F
$GPGSA,A,3,05,12,13,25,28,29,31,,,,,,2.60,1.33,2.24,1*1E
$GPGSV,4,1,14,5,42,103,45,11,00,134,,12,35,045,47,13,29,038,45,1*56
$GPGSV,4,2,14,15,00,045,,18,56,295,13,21,17,132,,23,09,353,10,1*6D
$GPGSV,4,3,14,25,71,032,52,26,12,222,24,28,29,275,29,29,57,180,24,1*6E
$GPGSV,4,4,14,31,20,243,25,201,,,24,1*66
$GPRMC,162625.11,A,3001.74009,S,05112.74177,W,0.07,58.30,090926,,,A,V*1F
$GPGGA,162626.11,3001.74008,S,05112.74157,W,1,07,1.33,71.10,M,,M,,*45
$GPGLL,3001.74008,S,05112.74157,W,162626.11,A,A*6F
$GPGSA,A,3,05,12,13,25,28,29,31,,,,,,2.60,1.33,2.24,1*1E
$GPGSV,4,1,14,5,42,103,45,11,00,134,,12,35,045,47,13,29,038,45,1*56
$GPGSV,4,2,14,15,00,045,,18,56,295,11,21,17,132,,23,09,353,07,1*69
$GPGSV,4,3,14,25,71,032,52,26,12,222,26,28,29,275,29,29,57,180,24,1*6C
$GPGSV,4,4,14,31,20,243,23,201,,,25,1*61
$GPRMC,162626.11,A,3001.74008,S,05112.74157,W,0.12,58.30,090926,,,A,V*1B
$GPGGA,162627.11,3001.74008,S,05112.74142,W,1,07,1.33,71.64,M,,M,,*43
$GPGLL,3001.74008,S,05112.74142,W,162627.11,A,A*6A
$GPGSA,A,3,05,12,13,25,28,29,31,,,,,,2.60,1.33,2.24,1*1E
$GPGSV,4,1,14,5,42,103,44,11,00,134,,12,35,045,47,13,29,038,44,1*56
$GPGSV,4,2,14,15,00,045,,18,56,295,09,21,17,132,,23,09,353,04,1*63
$GPGSV,4,3,14,25,71,032,51,26,12,222,25,28,29,275,29,29,57,180,22,1*6A
$GPGSV,4,4,14,31,20,243,23,201,,,26,1*62
$GPRMC,162627.11,A,3001.74008,S,05112.74142,W,0.38,58.30,090926,,,A,V*16
$GPGGA,162628.11,3001.74019,S,05112.74137,W,1,07,1.33,71.77,M,,M,,*4C
$GPGLL,3001.74019,S,05112.74137,W,162628.11,A,A*67
$GPGSA,A,3,05,12,13,25,28,29,31,,,,,,2.60,1.33,2.24,1*1E
$GPGSV,4,1,14,5,42,103,44,11,00,134,,12,35,045,46,13,29,038,44,1*57
$GPGSV,4,2,14,15,00,045,,18,56,295,04,21,17,132,25,23,09,353,08,1*65
$GPGSV,4,3,14,25,71,032,52,26,12,222,24,28,29,275,29,29,57,180,23,1*69
$GPGSV,4,4,14,31,20,243,23,201,,,24,1*60
$GPRMC,162628.11,A,3001.74019,S,05112.74137,W,0.04,58.30,090926,,,A,V*14
$GPGGA,162629.11,3001.74014,S,05112.74123,W,1,07,1.33,72.29,M,,M,,*4D
$GPGLL,3001.74014,S,05112.74123,W,162629.11,A,A*6E
$GPGSA,A,3,05,12,13,25,28,29,31,,,,,,2.60,1.33,2.24,1*1E
$GPGSV,4,1,14,5,42,103,44,11,00,134,,12,35,045,47,13,29,038,44,1*56
$GPGSV,4,2,14,15,00,045,,18,56,295,12,21,17,132,28,23,09,353,09,1*6E
$GPGSV,4,3,14,25,71,032,52,26,12,222,25,28,29,275,29,29,57,180,23,1*68
$GPGSV,4,4,14,31,20,243,24,201,,,25,1*66
$GPRMC,162629.11,A,3001.74014,S,05112.74123,W,0.06,58.30,090926,,,A,V*1F
$GPGGA,162630.11,3001.74021,S,05112.74117,W,1,07,1.33,72.28,M,,M,,*45
$GPGLL,3001.74021,S,05112.74117,W,162630.11,A,A*67
$GPGSA,A,3,05,12,13,25,28,29,31,,,,,,2.60,1.33,2.24,1*1E
$GPGSV,4,1,14,5,42,103,45,11,00,134,,12,35,045,47,13,29,038,45,1*56
$GPGSV,4,2,14,15,00,045,,18,56,295,08,21,17,132,29,23,09,353,06,1*6B
$GPGSV,4,3,14,25,71,032,52,26,12,222,26,28,29,275,29,29,57,180,23,1*6B
$GPGSV,4,4,14,31,20,243,24,201,,,25,1*66
$GPRMC,162630.11,A,3001.74021,S,05112.74117,W,0.15,58.30,090926,,,A,V*14
$GPGGA,162631.11,3001.74024,S,05112.74116,W,1,07,1.33,72.45,M,,M,,*4B
$GPGLL,3001.74024,S,05112.74116,W,162631.11,A,A*62
$GPGSA,A,3,05,12,13,25,28,29,31,,,,,,2.60,1.33,2.24,1*1E
$GPGSV,4,1,14,5,42,103,45,11,00,134,,12,35,045,47,13,29,038,45,1*56
$GPGSV,4,2,14,15,00,045,,18,56,295,10,21,17,132,,23,09,353,07,1*68
$GPGSV,4,3,14,25,71,032,52,26,12,222,25,28,29,275,29,29,57,180,22,1*69
$GPGSV,4,4,14,31,20,243,23,201,,,28,1*6C
$GPRMC,162631.11,A,3001.74024,S,05112.74116,W,0.22,58.30,090926,,,A,V*15
$GPGGA,162632.11,3001.74015,S,05112.74106,W,1,06,1.50,72.75,M,,M,,*4C
$GPGLL,3001.74015,S,05112.74106,W,162632.11,A,A*62
$GPGSA,A,3,05,12,13,25,28,31,,,,,,,2.87,1.50,2.44,1*1F
$GPGSV,4,1,14,5,42,103,44,11,00,134,,12,35,045,47,13,29,038,44,1*56
$GPGSV,4,2,14,15,00,045,,18,56,295,10,21,17,132,,23,09,353,04,1*6B
$GPGSV,4,3,14,25,71,032,51,26,12,222,24,28,29,275,28,29,57,180,23,1*6B
$GPGSV,4,4,14,31,20,243,23,201,,,29,1*6D
$GPRMC,162632.11,A,3001.74015,S,05112.74106,W,0.59,58.30,090926,,,A,V*19
$GPGGA,162633.11,3001.74008,S,05112.74105,W,1,07,1.32,72.80,M,,M,,*4D
$GPGLL,3001.74008,S,05112.74105,W,162633.11,A,A*6C
$GPGSA,A,3,05,12,13,25,28,29,31,,,,,,2.60,1.32,2.24,1*1F
$GPGSV,4,1,14,5,42,103,44,11,00,134,,12,35,045,47,13,29,038,44,1*56
$GPGSV,4,2,14,15,00,045,,18,56,295,10,21,17,132,26,23,09,353,05,1*6E
$GPGSV,4,3,14,25,71,032,51,26,12,222,24,28,29,275,28,29,57,180,22,1*6A
$GPGSV,4,4,14,31,20,243,22,201,,,24,1*61
$GPRMC,162633.11,A,3001.74008,S,05112.74105,W,0.13,58.30,090926,,,A,V*19
$GPGGA,162634.11,3001.74000,S,05112.74095,W,1,06,1.50,73.04,M,,M,,*42
$GPGLL,3001.74000,S,05112.74095,W,162634.11,A,A*6B
$GPGSA,A,3,05,12,13,25,28,31,,,,,,,2.87,1.50,2.44,1*1F
$GPGSV,4,1,14,5,42,103,44,11,00,134,,12,35,045,47,13,29,038,44,1*56
$GPGSV,4,2,14,15,00,045,,18,56,295,00,21,17,132,28,23,09,353,07,1*63
$GPGSV,4,3,14,25,71,032,51,26,12,222,27,28,29,275,28,29,57,180,22,1*69
$GPGSV,4,4,14,31,20,243,22,201,,,24,1*61
$GPRMC,162634.11,A,3001.74000,S,05112.74095,W,0.11,58.30,090926,,,A,V*1C
$GPGGA,162635.11,3001.73990,S,05112.74082,W,1,07,1.32,73.24,M,,M,,*45
$GPGLL,3001.73990,S,05112.74082,W,162635.11,A,A*6B
$GPGSA,A,3,05,12,13,25,28,29,31,,,,,,2.60,1.32,2.24,1*1F
$GPGSV,4,1,14,5,42,103,45,11,00,134,,12,35,045,47,13,29,038,44,1*57
$GPGSV,4,2,14,15,00,045,,18,56,295,04,21,17,132,27,23,09,353,05,1*6A
$GPGSV,4,3,14,25,71,032,52,26,12,222,25,28,29,275,28,29,57,180,22,1*68
$GPGSV,4,4,14,31,20,243,21,201,,,24,1*62
$GPRMC,162635.11,A,3001.73990,S,05112.74082,W,0.17,58.30,090926,,,A,V*1A
$GPGGA,162636.11,3001.73981,S,05112.74078,W,1,07,1.32,73.19,M,,M,,*4D
$GPGLL,3001.73981,S,05112.74078,W,162636.11,A,A*6D
$GPGSA,A,3,05,12,13,25,28,29,31,,,,,,2.60,1.32,2.24,1*1F
$GPGSV,4,1,14,5,42,103,45,11,00,134,,12,35,045,48,13,29,038,44,1*58
$GPGSV,4,2,14,15,00,045,,18,56,295,03,21,17,132,28,23,09,353,07,1*60
$GPGSV,4,3,14,25,71,032,52,26,12,222,29,28,29,275,28,29,57,180,20,1*66
$GPGSV,4,4,14,31,20,243,20,201,,,25,1*62
$GPRMC,162636.11,A,3001.73981,S,05112.74078,W,0.13,58.30,090926,,,A,V*18
$GPGGA,162637.11,3001.73982,S,05112.74074,W,1,07,1.32,73.44,M,,M,,*4B
$GPGLL,3001.73982,S,05112.74074,W,162637.11,A,A*63
$GPGSA,A,3,05,12,13,25,28,29,31,,,,,,2.60,1.32,2.24,1*1F
$GPGSV,4,1,14,5,42,103,45,11,00,134,,12,35,045,47,13,29,038,45,1*56
$GPGSV,4,2,14,15,00,045,,18,56,295,00,21,17,132,25,23,09,353,09,1*60
$GPGSV,4,3,14,25,71,032,52,26,12,222,25,28,29,275,28,29,57,180,21,1*6B
$GPGSV,4,4,14,31,20,243,21,201,,,32,1*65
$GPRMC,162637.11,A,3001.73982,S,05112.74074,W,0.53,58.30,090926,,,A,V*12
$GPGGA,162638.11,3001.73974,S,05112.74072,W,1,06,1.50,73.51,M,,M,,*4A
$GPGLL,3001.73974,S,05112.74072,W,162638.11,A,A*63
$GPGSA,A,3,05,12,13,25,28,31,,,,,,,2.87,1.50,2.44,1*1F
$GPGSV,4,1,13,5,42,103,46,11,00,134,,12,35,045,47,13,29,038,44,1*53
$GPGSV,4,2,13,15,00,045,,18,56,295,08,21,17,132,25,23,09,353,01,1*67
$GPGSV,4,3,13,25,71,032,52,26,12,222,24,28,29,275,28,29,57,180,23,1*6F
$GPGSV,4,4,13,31,20,243,22,1*53
$GPRMC,162638.11,A,3001.73974,S,05112.74072,W,0.13,58.30,090926,,,A,V*16
$GPGGA,162639.11,3001.73975,S,05112.74058,W,1,06,1.50,73.69,M,,M,,*49
$GPGLL,3001.73975,S,05112.74058,W,162639.11,A,A*6B
$GPGSA,A,3,05,12,13,25,28,31,,,,,,,2.87,1.50,2.44,1*1F
$GPGSV,4,1,14,5,42,103,46,11,00,134,,12,35,045,47,13,29,038,44,1*54
$GPGSV,4,2,14,15,00,045,,18,56,295,11,21,17,132,28,23,09,353,12,1*67
$GPGSV,4,3,14,25,71,032,52,26,12,222,25,28,29,275,27,29,57,180,25,1*60
$GPGSV,4,4,14,31,20,243,22,201,,,29,1*6C
$GPRMC,162639.11,A,3001.73975,S,05112.74058,W,0.07,58.30,090926,,,A,V*1B
$GPGGA,162640.11,3001.73968,S,05112.74045,W,1,06,1.50,74.00,M,,M,,*4F
$GPGLL,3001.73968,S,05112.74045,W,162640.11,A,A*65
$GPGSA,A,3,05,12,13,25,28,31,,,,,,,2.87,1.50,2.44,1*1F
$GPGSV,4,1,14,5,42,103,45,11,00,134,,12,35,045,47,13,29,038,44,1*57
$GPGSV,4,2,14,15,00,045,,18,56,295,03,21,17,132,28,23,09,353,10,1*66
$GPGSV,4,3,14,25,71,032,51,26,12,222,29,28,29,275,27,29,57,180,25,1*6F
$GPGSV,4,4,14,31,20,243,23,201,,,27,1*63
$GPRMC,162640.11,A,3001.73968,S,05112.74045,W,0.12,58.30,090926,,,A,V*11
$GPGGA,162641.11,3001.73956,S,05112.74030,W,1,06,1.50,74.53,M,,M,,*47
$GPGLL,3001.73956,S,05112.74030,W,162641.11,A,A*6B
$GPGSA,A,3,05,12,13,25,28,31,,,,,,,2.87,1.50,2.44,1*1F
$GPGSV,4,1,14,5,42,103,45,11,00,134,,12,35,045,47,13,29,038,44,1*57
$GPGSV,4,2,14,15,00,045,,18,56,295,04,21,17,132,29,23,09,353,06,1*67
$GPGSV,4,3,14,25,71,032,51,26,12,222,25,28,29,275,27,29,57,180,24,1*62
$GPGSV,4,4,14,31,20,243,23,201,,,24,1*60
$GPRMC,162641.11,A,3001.73956,S,05112.74030,W,0.43,58.30,090926,,,A,V*1B
$GPGGA,162642.11,3001.73948,S,05112.74003,W,1,07,1.32,75.02,M,,M,,*4B
$GPGLL,3001.73948,S,05112.74003,W,162642.11,A,A*67
$GPGSA,A,3,05,12,13,25,28,29,31,,,,,,2.60,1.32,2.24,1*1F
$GPGSV,4,1,14,5,42,103,45,11,00,134,,12,35,045,47,13,29,038,44,1*57
$GPGSV,4,2,14,15,00,045,,18,56,295,04,21,17,132,28,23,09,353,11,1*60
$GPGSV,4,3,14,25,71,032,52,26,12,222,24,28,29,275,27,29,57,180,24,1*60
$GPGSV,4,4,14,31,20,243,24,201,,,24,1*67
$GPRMC,162642.11,A,3001.73948,S,05112.74003,W,0.08,58.30,090926,,,A,V*18
$GPGGA,162643.11,3001.73947,S,05112.73994,W,1,07,1.32,75.31,M,,M,,*45
$GPGLL,3001.73947,S,05112.73994,W,162643.11,A,A*69
$GPGSA,A,3,05,12,13,25,28,29,31,,,,,,2.60,1.32,2.24,1*1F
$GPGSV,4,1,14,5,42,103,45,11,00,134,,12,35,045,47,13,29,038,44,1*57
$GPGSV,4,2,14,15,00,045,,18,56,295,00,21,17,132,25,23,09,353,10,1*68
$GPGSV,4,3,14,25,71,032,53,26,12,222,25,28,29,275,27,29,57,180,24,1*60
$GPGSV,4,4,14,31,20,243,24,201,,,24,1*67
$GPRMC,162643.11,A,3001.73947,S,05112.73994,W,0.06,58.30,090926,,,A,V*18
$GPGGA,162644.11,3001.73935,S,05112.73976,W,1,07,1.32,75.55,M,,M,,*49
$GPGLL,3001.73935,S,05112.73976,W,162644.11,A,A*67
$GPGSA,A,3,05,12,13,25,28,29,31,,,,,,2.60,1.32,2.24,1*1F
$GPGSV,4,1,14,5,42,103,45,11,00,134,,12,35,045,47,13,29,038,44,1*57
$GPGSV,4,2,14,15,00,045,,18,56,295,00,21,17,132,28,23,09,353,14,1*61
$GPGSV,4,3,14,25,71,032,52,26,12,222,,28,29,275,27,29,57,180,24,1*66
$GPGSV,4,4,14,31,20,243,24,193,,,27,1*6C
$GPRMC,162644.11,A,3001.73935,S,05112.73976,W,0.05,58.30,090926,,,A,V*15
$GPGGA,162645.11,3001.73923,S,05112.73956,W,1,07,1.32,76.18,M,,M,,*47
$GPGLL,3001.73923,S,05112.73956,W,162645.11,A,A*63
$GPGSA,A,3,05,12,13,25,28,29,31,,,,,,2.60,1.32,2.24,1*1F
$GPGSV,4,1,15,5,42,103,45,11,00,134,,12,35,045,48,13,29,038,44,1*59
$GPGSV,4,2,15,15,00,045,,18,56,295,02,21,17,132,28,23,09,353,,1*67
$GPGSV,4,3,15,25,71,032,52,26,12,222,26,28,29,275,26,29,57,180,23,1*65
$GPGSV,4,4,15,31,20,243,25,193,,,24,197,,,26,1*54
$GPRMC,162645.11,A,3001.73923,S,05112.73956,W,0.74,58.30,090926,,,A,V*17
$GPGGA,162646.11,3001.73923,S,05112.73945,W,1,07,1.32,76.08,M,,M,,*47
$GPGLL,3001.73923,S,05112.73945,W,162646.11,A,A*62
$GPGSA,A,3,05,12,13,25,28,29,31,,,,,,2.60,1.32,2.24,1*1F
$GPGSV,4,1,15,5,42,103,45,11,00,134,,12,35,045,48,13,29,038,44,1*59
$GPGSV,4,2,15,15,00,045,,18,56,295,00,21,17,132,28,23,09,353,,1*65
$GPGSV,4,3,15,25,71,032,52,26,12,222,25,28,29,275,26,29,57,180,22,1*67
$GPGSV,4,4,15,31,20,243,24,193,,,27,197,,,33,1*52
$GPRMC,162646.11,A,3001.73923,S,05112.73945,W,0.35,58.30,090926,,,A,V*13
$GPGGA,162647.11,3001.73921,S,05112.73924,W,1,07,1.32,76.36,M,,M,,*4E
$GPGLL,3001.73921,S,05112.73924,W,162647.11,A,A*66
$GPGSA,A,3,05,12,13,25,28,29,31,,,,,,2.60,1.32,2.24,1*1F
$GPGSV,4,1,15,5,42,103,45,11,00,134,,12,35,045,47,13,29,038,44,1*56
$GPGSV,4,2,15,15,00,045,,18,56,295,04,21,17,132,29,23,09,353,,1*60
$GPGSV,4,3,15,25,71,032,51,26,12,222,25,28,29,275,27,29,57,180,22,1*65
$GPGSV,4,4,15,31,20,243,23,193,,,24,197,,,25,1*51
$GPRMC,162647.11,A,3001.73921,S,05112.73924,W,0.18,58.30,090926,,,A,V*18
$GPGGA,162648.11,3001.73913,S,05112.73910,W,1,07,1.32,76.82,M,,M,,*48
$GPGLL,3001.73913,S,05112.73910,W,162648.11,A,A*6F
$GPGSA,A,3,05,12,13,25,28,29,31,,,,,,2.60,1.32,2.24,1*1F
$GPGSV,4,1,15,5,42,103,45,11,00,134,,12,35,045,47,13,29,038,45,1*57
$GPGSV,4,2,15,15,00,045,,18,56,295,00,21,17,132,28,23,09,353,,1*65
$GPGSV,4,3,15,25,71,032,52,26,12,222,25,28,29,275,26,29,57,180,22,1*67
$GPGSV,4,4,15,31,20,243,24,193,,,24,197,,,25,1*56
$GPRMC,162648.11,A,3001.73913,S,05112.73910,W,0.02,58.30,090926,,,A,V*1A
$GPGGA,162649.11,3001.73902,S,05112.73891,W,1,07,1.32,77.39,M,,M,,*40
$GPGLL,3001.73902,S,05112.73891,W,162649.11,A,A*66
$GPGSA,A,3,05,12,13,25,28,29,31,,,,,,2.60,1.32,2.24,1*1F
$GPGSV,4,1,15,5,42,103,45,11,00,134,,12,35,045,47,13,29,038,45,1*57
$GPGSV,4,2,15,15,00,045,,18,56,295,02,21,17,132,27,23,09,353,,1*68
$GPGSV,4,3,15,25,71,032,52,26,12,222,25,28,29,275,26,29,57,180,22,1*67
$GPGSV,4,4,15,31,20,243,23,193,,,29,197,,,25,1*5C
$GPRMC,162649.11,A,3001.73902,S,05112.73891,W,0.04,58.30,090926,,,A,V*15
$GPGGA,162650.11,3001.73907,S,05112.73900,W,1,07,1.32,77.14,M,,M,,*4B
$GPGLL,3001.73907,S,05112.73900,W,162650.11,A,A*62
$GPGSA,A,3,05,12,13,25,28,29,31,,,,,,2.60,1.32,2.24,1*1F
$GPGSV,4,1,15,5,42,103,45,11,00,134,,12,35,045,48,13,29,038,45,1*58
$GPGSV,4,2,15,15,00,045,,18,56,295,00,21,17,132,27,23,09,353,,1*6A
$GPGSV,4,3,15,25,71,032,52,26,12,222,25,28,29,275,26,29,57,180,22,1*67
$GPGSV,4,4,15,31,20,243,21,193,,,29,197,,,28,1*53
$GPRMC,162650.11,A,3001.73907,S,05112.73900,W,0.44,58.30,090926,,,A,V*15
$GPGGA,162651.11,3001.73916,S,05112.73903,W,1,07,1.32,76.94,M,,M,,*40
$GPGLL,3001.73916,S,05112.73903,W,162651.11,A,A*60
$GPGSA,A,3,05,12,13,25,28,29,31,,,,,,2.60,1.32,2.24,1*1F
$GPGSV,4,1,14,5,42,103,45,11,00,134,,12,35,045,48,13,29,038,45,1*59
$GPGSV,4,2,14,15,00,045,,18,56,295,07,21,17,132,25,23,09,353,,1*6E
$GPGSV,4,3,14,25,71,032,52,26,12,222,25,28,29,275,26,29,57,180,22,1*66
$GPGSV,4,4,14,31,20,243,21,193,,,29,1*67
$GPRMC,162651.11,A,3001.73916,S,05112.73903,W,0.54,58.30,090926,,,A,V*16
$GPGGA,162652.11,3001.73931,S,05112.73933,W,1,07,1.32,76.23,M,,M,,*49
$GPGLL,3001.73931,S,05112.73933,W,162652.11,A,A*65
$GPGSA,A,3,05,12,13,25,28,29,31,,,,,,2.60,1.32,2.24,1*1F
$GPGSV,4,1,13,5,42,103,45,11,00,134,,12,35,045,47,13,29,038,45,1*51
$GPGSV,4,2,13,15,00,045,,18,56,295,02,21,17,132,25,23,09,353,,1*6C
$GPGSV,4,3,13,25,71,032,52,26,12,222,25,28,29,275,25,29,57,180,21,1*61
$GPGSV,4,4,13,31,20,243,21,1*50
$GPRMC,162652.11,A,3001.73931,S,05112.73933,W,0.44,58.30,090926,,,A,V*12
$GPGGA,162653.11,3001.73938,S,05112.73959,W,1,07,1.32,75.59,M,,M,,*43
$GPGLL,3001.73938,S,05112.73959,W,162653.11,A,A*61
$GPGSA,A,3,05,12,13,25,28,29,31,,,,,,2.60,1.32,2.24,1*1F
$GPGSV,4,1,13,5,42,103,45,11,00,134,,12,35,045,48,13,29,038,44,1*5F
$GPGSV,4,2,13,15,00,045,,18,56,295,02,21,17,132,25,23,09,353,,1*6C
$GPGSV,4,3,13,25,71,032,52,26,12,222,26,28,29,275,25,29,57,180,20,1*63
$GPGSV,4,4,13,31,20,243,21,1*50
$GPRMC,162653.11,A,3001.73938,S,05112.73959,W,0.28,58.30,090926,,,A,V*1C
$GPGGA,162654.11,3001.73944,S,05112.73972,W,1,07,1.32,75.38,M,,M,,*41
$GPGLL,3001.73944,S,05112.73972,W,162654.11,A,A*64
$GPGSA,A,3,05,12,13,25,28,29,31,,,,,,2.60,1.32,2.24,1*1F
$GPGSV,4,1,14,5,42,103,45,11,00,134,,12,35,045,48,13,29,038,44,1*58
$GPGSV,4,2,14,15,00,045,,18,56,295,,21,17,132,27,23,09,353,,1*6B
$GPGSV,4,3,14,25,71,032,52,26,12,222,25,28,29,275,25,29,57,180,20,1*67
$GPGSV,4,4,14,31,20,243,20,193,,,28,1*67
$GPRMC,162654.11,A,3001.73944,S,05112.73972,W,0.27,58.30,090926,,,A,V*16
$GPGGA,162655.11,3001.73955,S,05112.73989,W,1,07,1.32,75.02,M,,M,,*4D
$GPGLL,3001.73955,S,05112.73989,W,162655.11,A,A*61
$GPGSA,A,3,05,12,13,25,28,29,31,,,,,,2.60,1.32,2.24,1*1F
$GPGSV,4,1,14,5,42,103,44,11,00,134,,12,35,045,47,13,29,038,44,1*56
$GPGSV,4,2,14,15,00,045,,18,56,295,,21,17,132,,23,09,353,20,1*6C
$GPGSV,4,3,14,25,71,032,52,26,12,222,24,28,29,275,26,29,57,180,20,1*65
$GPGSV,4,4,14,31,20,243,19,193,,,28,1*6D
$GPRMC,162655.11,A,3001.73955,S,05112.73989,W,0.05,58.30,090926,,,A,V*13
$GPGGA,162656.11,3001.73956,S,05112.73996,W,1,07,1.32,74.84,M,,M,,*4C
$GPGLL,3001.73956,S,05112.73996,W,162656.11,A,A*6F
$GPGSA,A,3,05,12,13,25,28,29,31,,,,,,2.60,1.32,2.24,1*1F
$GPGSV,4,1,13,5,42,103,45,11,00,134,,12,35,045,48,13,29,038,44,1*5F
$GPGSV,4,2,13,15,00,045,,18,56,295,,21,17,132,28,23,09,353,13,1*61
$GPGSV,4,3,13,25,71,032,52,26,12,222,25,28,29,275,26,29,57,180,21,1*62
$GPGSV,4,4,13,31,20,243,20,1*51
$GPRMC,162656.11,A,3001.73956,S,05112.73996,W,0.20,58.30,090926,,,A,V*1A
$GPGGA,162657.11,3001.73951,S,05112.73985,W,1,07,1.32,75.03,M,,M,,*46
$GPGLL,3001.73951,S,05112.73985,W,162657.11,A,A*6B
$GPGSA,A,3,05,12,13,25,28,29,31,,,,,,2.60,1.32,2.24,1*1F
$GPGSV,4,1,13,5,42,103,45,11,00,134,,12,35,045,48,13,29,038,44,1*5F
$GPGSV,4,2,13,15,00,045,,18,56,295,,21,17,132,26,23,09,353,13,1*6F
$GPGSV,4,3,13,25,71,032,52,26,12,222,28,28,29,275,26,29,57,180,20,1*6E
$GPGSV,4,4,13,31,20,243,20,1*51
$GPRMC,162657.11,A,3001.73951,S,05112.73985,W,0.35,58.30,090926,,,A,V*1A
$GPGGA,162658.11,3001.73959,S,05112.73989,W,1,07,1.32,74.99,M,,M,,*4F
$GPGLL,3001.73959,S,05112.73989,W,162658.11,A,A*60
$GPGSA,A,3,05,12,13,25,28,29,31,,,,,,2.60,1.32,2.24,1*1F
$GPGSV,4,1,13,5,42,103,44,11,00,134,,12,35,045,48,13,29,038,44,1*5E
$GPGSV,4,2,13,15,00,045,,18,56,295,,21,17,132,27,23,09,353,16,1*6B
$GPGSV,4,3,13,25,71,032,52,26,12,222,25,28,29,275,27,29,57,180,21,1*63
$GPGSV,4,4,13,31,20,243,20,1*51
$GPRMC,162658.11,A,3001.73959,S,05112.73989,W,0.12,58.30,090926,,,A,V*14
$GPGGA,162659.11,3001.73974,S,05112.74001,W,1,07,1.32,74.82,M,,M,,*45
$GPGLL,3001.73974,S,05112.74001,W,162659.11,A,A*60
$GPGSA,A,3,05,12,13,25,28,29,31,,,,,,2.60,1.32,2.24,1*1F
$GPGSV,4,1,13,5,42,103,45,11,00,134,,12,35,045,48,13,29,038,44,1*5F
$GPGSV,4,2,13,15,00,045,,18,56,295,,21,17,132,27,23,09,353,,1*6C
$GPGSV,4,3,13,25,71,032,52,26,12,222,24,28,29,275,27,29,57,180,20,1*63
$GPGSV,4,4,13,31,20,243,21,1*50
$GPRMC,162659.11,A,3001.73974,S,05112.74001,W,0.26,58.30,090926,,,A,V*13
$GPGGA,162700.11,3001.73975,S,05112.74003,W,1,07,1.32,74.73,M,,M,,*45
$GPGLL,3001.73975,S,05112.74003,W,162700.11,A,A*6E
$GPGSA,A,3,05,12,13,25,28,29,31,,,,,,2.60,1.32,2.24,1*1F
$GPGSV,4,1,13,5,42,103,45,11,00,134,,12,35,045,48,13,29,038,44,1*5F
$GPGSV,4,2,13,15,00,045,,18,56,295,,21,17,132,27,23,09,353,,1*6C
$GPGSV,4,3,13,25,71,032,52,26,12,222,24,28,29,275,26,29,57,180,21,1*63
$GPGSV,4,4,13,31,20,243,22,1*53
$GPRMC,162700.11,A,3001.73975,S,05112.74003,W,0.31,58.30,090926,,,A,V*1B
$GPGGA,162701.11,3001.73974,S,05112.73997,W,1,07,1.32,74.60,M,,M,,*44
$GPGLL,3001.73974,S,05112.73997,W,162701.11,A,A*6D
$GPGSA,A,3,05,12,13,25,28,29,31,,,,,,2.60,1.32,2.24,1*1F
$GPGSV,4,1,13,5,42,103,45,11,00,134,,12,35,045,48,13,29,038,44,1*5F
$GPGSV,4,2,13,15,00,045,,18,56,295,,21,17,132,28,23,09,353,18,1*6A
$GPGSV,4,3,13,25,71,032,52,26,12,222,28,28,29,275,27,29,57,180,21,1*6E
$GPGSV,4,4,13,31,20,243,23,1*52
$GPRMC,162701.11,A,3001.73974,S,05112.73997,W,0.51,58.30,090926,,,A,V*1E
$GPGGA,162702.11,3001.73978,S,05112.73984,W,1,07,1.32,74.76,M,,M,,*4E
$GPGLL,3001.73978,S,05112.73984,W,162702.11,A,A*60
$GPGSA,A,3,05,12,13,25,28,29,31,,,,,,2.60,1.32,2.24,1*1F
$GPGSV,4,1,14,5,42,103,45,11,00,134,,12,35,045,46,13,29,038,44,1*56
$GPGSV,4,2,14,15,00,045,,18,56,295,,21,17,132,28,23,09,353,11,1*64
$GPGSV,4,3,14,25,71,032,52,26,12,222,26,28,29,275,27,29,57,180,21,1*67
$GPGSV,4,4,14,31,20,243,24,197,,,28,1*67
$GPRMC,162702.11,A,3001.73978,S,05112.73984,W,0.23,58.30,090926,,,A,V*16
$GPGGA,162703.11,3001.73984,S,05112.73989,W,1,06,1.77,74.64,M,,M,,*42
$GPGLL,3001.73984,S,05112.73989,W,162703.11,A,A*6F
$GPGSA,A,3,12,13,25,28,29,31,,,,,,,2.99,1.77,2.41,1*1E
$GPGSV,4,1,13,5,42,103,45,11,00,134,,12,35,045,47,13,29,038,44,1*50
$GPGSV,4,2,13,15,00,045,,18,56,295,,21,17,132,27,23,09,353,12,1*6F
$GPGSV,4,3,13,25,71,032,51,26,12,222,27,28,29,275,27,29,57,180,23,1*60
$GPGSV,4,4,13,31,20,243,24,1*55
$GPRMC,162703.11,A,3001.73984,S,05112.73989,W,0.25,58.30,090926,,,A,V*1F
$GPGGA,162704.11,3001.73987,S,05112.73965,W,1,06,1.49,74.96,M,,M,,*44
$GPGLL,3001.73987,S,05112.73965,W,162704.11,A,A*69
$GPGSA,A,3,05,12,13,25,28,31,,,,,,,2.86,1.49,2.44,1*16
$GPGSV,4,1,14,5,42,103,45,11,00,134,,12,35,045,47,13,29,038,44,1*57
$GPGSV,4,2,14,15,00,045,,18,56,295,,21,17,132,28,23,09,353,00,1*64
$GPGSV,4,3,14,25,71,032,51,26,12,222,25,28,29,275,27,29,57,180,25,1*63
$GPGSV,4,4,14,31,20,243,24,201,,,28,1*6B
$GPRMC,162704.11,A,3001.73987,S,05112.73965,W,0.05,58.30,090926,,,A,V*1B
$GPGGA,162705.11,3001.73979,S,05112.73955,W,1,06,1.49,75.41,M,,M,,*4C
$GPGLL,3001.73979,S,05112.73955,W,162705.11,A,A*6A
$GPGSA,A,3,05,12,13,25,28,31,,,,,,,2.86,1.49,2.44,1*16
$GPGSV,4,1,15,5,42,103,45,11,00,134,,12,35,045,48,13,29,038,44,1*59
$GPGSV,4,2,15,15,00,045,,18,56,295,,21,17,132,28,23,09,353,05,1*60
$GPGSV,4,3,15,25,71,032,51,26,12,222,24,28,29,275,27,29,57,180,25,1*63
$GPGSV,4,4,15,31,20,243,24,193,,,25,197,,,29,1*5B
$GPRMC,162705.11,A,3001.73979,S,05112.73955,W,0.29,58.30,090926,,,A,V*16
$GPGGA,162706.11,3001.73966,S,05112.73945,W,1,07,1.32,75.86,M,,M,,*46
$GPGLL,3001.73966,S,05112.73945,W,162706.11,A,A*66
$GPGSA,A,3,05,12,13,25,28,29,31,,,,,,2.60,1.32,2.24,1*1F
$GPGSV,4,1,15,5,42,103,45,11,00,134,,12,35,045,48,13,29,038,44,1*59
$GPGSV,4,2,15,15,00,045,,18,56,295,,21,17,132,28,23,09,353,00,1*65
$GPGSV,4,3,15,25,71,032,51,26,12,222,25,28,29,275,27,29,57,180,24,1*63
$GPGSV,4,4,15,31,20,243,24,193,,,29,197,,,29,1*57
$GPRMC,162706.11,A,3001.73966,S,05112.73945,W,0.16,58.30,090926,,,A,V*16
$GPGGA,162707.11,3001.73969,S,05112.73948,W,1,07,1.32,75.99,M,,M,,*4B
$GPGLL,3001.73969,S,05112.73948,W,162707.11,A,A*65
$GPGSA,A,3,05,12,13,25,28,29,31,,,,,,2.60,1.32,2.24,1*1F
$GPGSV,4,1,15,5,42,103,45,11,00,134,,12,35,045,48,13,29,038,44,1*59
$GPGSV,4,2,15,15,00,045,,18,56,295,,21,17,132,28,23,09,353,00,1*65
$GPGSV,4,3,15,25,71,032,51,26,12,222,28,28,29,275,27,29,57,180,25,1*6F
$GPGSV,4,4,15,31,20,243,24,193,,,28,197,,,29,1*56
$GPRMC,162707.11,A,3001.73969,S,05112.73948,W,0.16,58.30,090926,,,A,V*15
$GPGGA,162708.11,3001.73956,S,05112.73925,W,1,07,1.32,76.52,M,,M,,*47
$GPGLL,3001.73956,S,05112.73925,W,162708.11,A,A*6D
$GPGSA,A,3,05,12,13,25,28,29,31,,,,,,2.60,1.32,2.24,1*1F
$GPGSV,4,1,15,5,42,103,45,11,00,134,,12,35,045,48,13,29,038,44,1*59
$GPGSV,4,2,15,15,00,045,,18,56,295,,21,17,132,28,23,09,353,10,1*64
$GPGSV,4,3,15,25,71,032,51,26,12,222,25,28,29,275,27,29,57,180,25,1*62
$GPGSV,4,4,15,31,20,243,24,193,,,29,197,,,29,1*57
$GPRMC,162708.11,A,3001.73956,S,05112.73925,W,0.21,58.30,090926,,,A,V*19
$GPGGA,162709.11,3001.73948,S,05112.73906,W,1,07,1.32,76.88,M,,M,,*4F
$GPGLL,3001.73948,S,05112.73906,W,162709.11,A,A*62
$GPGSA,A,3,05,12,13,25,28,29,31,,,,,,2.60,1.32,2.24,1*1F
$GPGSV,4,1,15,5,42,103,45,11,00,134,,12,35,045,48,13,29,038,44,1*59
$GPGSV,4,2,15,15,00,045,,18,56,295,,21,17,132,27,23,09,353,01,1*6B
$GPGSV,4,3,15,25,71,032,51,26,12,222,25,28,29,275,28,29,57,180,25,1*6D
$GPGSV,4,4,15,31,20,243,23,193,,,29,197,,,28,1*51
$GPRMC,162709.11,A,3001.73948,S,05112.73906,W,0.12,58.30,090926,,,A,V*16
$GPGGA,162710.11,3001.73938,S,05112.73880,W,1,07,1.32,77.28,M,,M,,*44
$GPGLL,3001.73938,S,05112.73880,W,162710.11,A,A*62
$GPGSA,A,3,05,12,13,25,28,29,31,,,,,,2.60,1.32,2.24,1*1F
$GPGSV,4,1,15,5,42,103,45,11,00,134,,12,35,045,48,13,29,038,44,1*59
$GPGSV,4,2,15,15,00,045,,18,56,295,,21,17,132,28,23,09,353,00,1*65
$GPGSV,4,3,15,25,71,032,51,26,12,222,25,28,29,275,28,29,57,180,25,1*6D
$GPGSV,4,4,15,31,20,243,23,193,,,29,197,,,29,1*50
$GPRMC,162710.11,A,3001.73938,S,05112.73880,W,0.45,58.30,090926,,,A,V*14
$GPGGA,162711.11,3001.73927,S,05112.73861,W,1,07,1.32,77.81,M,,M,,*47
$GPGLL,3001.73927,S,05112.73861,W,162711.11,A,A*62
$GPGSA,A,3,05,12,13,25,28,29,31,,,,,,2.60,1.32,2.24,1*1F
$GPGSV,4,1,15,5,42,103,45,11,00,134,,12,35,045,48,13,29,038,44,1*59
$GPGSV,4,2,15,15,00,045,,18,56,295,,21,17,132,28,23,09,353,08,1*6D
$GPGSV,4,3,15,25,71,032,52,26,12,222,29,28,29,275,28,29,57,180,25,1*62
$GPGSV,4,4,15,31,20,243,22,193,,,29,197,,,29,1*51
$GPRMC,162711.11,A,3001.73927,S,05112.73861,W,0.02,58.30,090926,,,A,V*17
$GPGGA,162712.11,3001.73923,S,05112.73859,W,1,07,1.32,78.16,M,,M,,*4A
$GPGLL,3001.73923,S,05112.73859,W,162712.11,A,A*6E
$GPGSA,A,3,05,12,13,25,28,29,31,,,,,,2.60,1.32,2.24,1*1F
$GPGSV,4,1,14,5,42,103,45,11,00,134,,12,35,045,48,13,29,038,44,1*58
$GPGSV,4,2,14,15,00,045,,18,56,295,,21,17,132,28,23,09,353,28,1*6E
$GPGSV,4,3,14,25,71,032,51,26,12,222,25,28,29,275,28,29,57,180,25,1*6C
$GPGSV,4,4,14,31,20,243,21,197,,,29,1*63
$GPRMC,162712.11,A,3001.73923,S,05112.73859,W,0.07,58.30,090926,,,A,V*1E
$GPGGA,162713.11,3001.73922,S,05112.73897,W,1,07,1.43,77.51,M,,M,,*42
$GPGLL,3001.73922,S,05112.73897,W,162713.11,A,A*6C
$GPGSA,A,3,05,12,13,23,25,29,31,,,,,,2.57,1.43,2.13,1*12
$GPGSV,4,1,14,5,42,103,45,11,00,134,,12,35,045,48,13,29,038,44,1*58
$GPGSV,4,2,14,15,00,045,,18,56,295,,21,17,132,27,23,09,353,25,1*6C
$GPGSV,4,3,14,25,71,032,50,26,12,222,25,28,29,275,28,29,57,180,26,1*6E
$GPGSV,4,4,14,31,20,243,21,201,,,26,1*60
$GPRMC,162713.11,A,3001.73922,S,05112.73897,W,0.28,58.30,090926,,,A,V*11
$GPGGA,162714.11,3001.73934,S,05112.73926,W,1,07,1.43,76.81,M,,M,,*45
$GPGLL,3001.73934,S,05112.73926,W,162714.11,A,A*67
$GPGSA,A,3,05,12,13,23,25,29,31,,,,,,2.57,1.43,2.13,1*12
$GPGSV,4,1,14,5,42,103,45,11,00,134,,12,35,045,48,13,29,038,44,1*58
$GPGSV,4,2,14,15,00,045,,18,56,295,,21,17,132,29,23,09,353,23,1*64
$GPGSV,4,3,14,25,71,032,50,26,12,222,25,28,29,275,28,29,57,180,26,1*6E
$GPGSV,4,4,14,31,20,243,21,201,,,25,1*63
$GPRMC,162714.11,A,3001.73934,S,05112.73926,W,0.23,58.30,090926,,,A,V*11
$GPGGA,162715.11,3001.73931,S,05112.73950,W,1,07,1.43,76.35,M,,M,,*4F
$GPGLL,3001.73931,S,05112.73950,W,162715.11,A,A*62
$GPGSA,A,3,05,12,13,23,25,29,31,,,,,,2.57,1.43,2.13,1*12
$GPGSV,4,1,14,5,42,103,45,11,00,134,,12,35,045,48,13,29,038,44,1*58
$GPGSV,4,2,14,15,00,045,,18,56,295,,21,17,132,27,23,09,353,22,1*6B
$GPGSV,4,3,14,25,71,032,50,26,12,222,29,28,29,275,28,29,57,180,27,1*63
$GPGSV,4,4,14,31,20,243,19,201,,,24,1*69
$GPRMC,162715.11,A,3001.73931,S,05112.73950,W,0.03,58.30,090926,,,A,V*16
$GPGGA,162716.11,3001.73937,S,05112.73972,W,1,08,1.24,75.75,M,,M,,*43
$GPGLL,3001.73937,S,05112.73972,W,162716.11,A,A*67
$GPGSA,A,3,05,12,13,23,25,28,29,31,,,,,2.39,1.24,2.04,1*17
$GPGSV,4,1,14,5,42,103,44,11,00,134,,12,35,045,48,13,29,038,44,1*59
$GPGSV,4,2,14,15,00,045,,18,56,295,,21,17,132,28,23,09,353,22,1*64
$GPGSV,4,3,14,25,71,032,51,26,12,222,25,28,29,275,28,29,57,180,27,1*6E
$GPGSV,4,4,14,31,20,243,17,201,,,24,1*67
$GPRMC,162716.11,A,3001.73937,S,05112.73972,W,0.22,58.30,090926,,,A,V*10
$GPGGA,162717.11,3001.73929,S,05112.73975,W,1,08,1.24,75.44,M,,M,,*48
$GPGLL,3001.73929,S,05112.73975,W,162717.11,A,A*6E
$GPGSA,A,3,05,12,13,23,25,28,29,31,,,,,2.39,1.24,2.04,1*17
$GPGSV,4,1,14,5,42,103,44,11,00,134,,12,35,045,48,13,29,038,44,1*59
$GPGSV,4,2,14,15,00,045,,18,56,295,,21,17,132,28,23,09,353,22,1*64
$GPGSV,4,3,14,25,71,032,51,26,12,222,26,28,29,275,28,29,57,180,27,1*6D
$GPGSV,4,4,14,31,20,243,17,197,,,29,1*66
$GPRMC,162717.11,A,3001.73929,S,05112.73975,W,0.16,58.30,090926,,,A,V*1E
$GPGGA,162718.11,3001.73921,S,05112.73972,W,1,08,1.24,75.32,M,,M,,*49
$GPGLL,3001.73921,S,05112.73972,W,162718.11,A,A*6E
$GPGSA,A,3,05,12,13,23,25,28,29,31,,,,,2.39,1.24,2.04,1*17
$GPGSV,4,1,15,5,42,103,44,11,00,134,,12,35,045,48,13,29,038,44,1*58
$GPGSV,4,2,15,15,00,045,,18,56,295,,21,17,132,28,23,09,353,22,1*65
$GPGSV,4,3,15,25,71,032,51,26,12,222,25,28,29,275,28,29,57,180,28,1*60
$GPGSV,4,4,15,31,20,243,17,193,,,27,197,,,29,1*59
$GPRMC,162718.11,A,3001.73921,S,05112.73972,W,0.09,58.30,090926,,,A,V*10
$GPGGA,162719.11,3001.73917,S,05112.73971,W,1,08,1.24,75.35,M,,M,,*49
$GPGLL,3001.73917,S,05112.73971,W,162719.11,A,A*69
$GPGSA,A,3,05,12,13,23,25,28,29,31,,,,,2.39,1.24,2.04,1*17
$GPGSV,4,1,15,5,42,104,44,11,00,134,,12,35,044,48,13,28,038,44,1*5F
$GPGSV,4,2,15,15,01,045,,18,57,294,,21,17,132,28,23,09,353,22,1*64
$GPGSV,4,3,15,25,71,031,51,26,13,222,25,28,29,275,28,29,57,179,28,1*64
$GPGSV,4,4,15,31,20,243,18,193,,,26,197,,,28,1*56
$GPRMC,162719.11,A,3001.73917,S,05112.73971,W,0.14,58.30,090926,,,A,V*1B
$GPGGA,162720.11,3001.73922,S,05112.73973,W,1,08,1.24,75.01,M,,M,,*40
$GPGLL,3001.73922,S,05112.73973,W,162720.11,A,A*67
$GPGSA,A,3,05,12,13,23,25,28,29,31,,,,,2.39,1.24,2.04,1*17
$GPGSV,4,1,15,5,42,104,45,11,00,134,,12,35,044,48,13,28,038,44,1*5E
$GPGSV,4,2,15,15,01,045,,18,57,294,,21,17,132,27,23,09,353,22,1*6B
$GPGSV,4,3,15,25,71,031,51,26,13,222,25,28,29,275,28,29,57,179,28,1*64
$GPGSV,4,4,15,31,20,243,18,193,,,27,197,,,29,1*56
$GPRMC,162720.11,A,3001.73922,S,05112.73973,W,0.03,58.30,090926,,,A,V*13
$GPGGA,162721.11,3001.73921,S,05112.73972,W,1,08,1.24,74.89,M,,M,,*42
$GPGLL,3001.73921,S,05112.73972,W,162721.11,A,A*64
$GPGSA,A,3,05,12,13,23,25,28,29,31,,,,,2.39,1.24,2.05,1*16
$GPGSV,4,1,14,5,42,104,46,11,00,134,,12,35,044,48,13,28,038,44,1*5C
$GPGSV,4,2,14,15,01,045,,18,57,294,,21,17,132,27,23,09,353,23,1*6B
$GPGSV,4,3,14,25,71,031,52,26,13,222,,28,29,275,28,29,57,179,28,1*61
$GPGSV,4,4,14,31,20,243,19,201,,,31,1*6D
$GPRMC,162721.11,A,3001.73921,S,05112.73972,W,0.99,58.30,090926,,,A,V*13
$GPGGA,162722.11,3001.73928,S,05112.73978,W,1,08,1.24,74.32,M,,M,,*42
$GPGLL,3001.73928,S,05112.73978,W,162722.11,A,A*64
$GPGSA,A,3,05,12,13,23,25,28,29,31,,,,,2.39,1.24,2.05,1*16
$GPGSV,4,1,14,5,42,104,45,11,00,134,,12,35,044,47,13,28,038,44,1*50
$GPGSV,4,2,14,15,01,045,,18,57,294,,21,17,132,,23,09,353,23,1*6E
$GPGSV,4,3,14,25,71,031,50,26,13,222,25,28,29,275,28,29,57,179,28,1*64
$GPGSV,4,4,14,31,20,243,19,193,,,25,1*60
$GPRMC,162722.11,A,3001.73928,S,05112.73978,W,0.67,58.30,090926,,,A,V*12
$GPGGA,162723.11,3001.73927,S,05112.73965,W,1,08,1.24,74.38,M,,M,,*4A
$GPGLL,3001.73927,S,05112.73965,W,162723.11,A,A*66
$GPGSA,A,3,05,12,13,23,25,28,29,31,,,,,2.39,1.24,2.05,1*16
$GPGSV,4,1,14,5,42,104,45,11,00,134,,12,35,044,47,13,28,038,44,1*50
$GPGSV,4,2,14,15,01,045,,18,57,294,,21,17,132,,23,09,353,23,1*6E
$GPGSV,4,3,14,25,71,031,51,26,13,222,25,28,29,275,28,29,57,179,28,1*65
$GPGSV,4,4,14,31,20,243,20,193,,,28,1*67
$GPRMC,162723.11,A,3001.73927,S,05112.73965,W,0.19,58.30,090926,,,A,V*19
$GPGGA,162724.11,3001.73925,S,05112.73960,W,1,08,1.24,74.41,M,,M,,*44
$GPGLL,3001.73925,S,05112.73960,W,162724.11,A,A*66
$GPGSA,A,3,05,12,13,23,25,28,29,31,,,,,2.39,1.24,2.05,1*16
$GPGSV,4,1,14,5,42,104,45,11,00,134,,12,35,044,48,13,28,038,44,1*5F
$GPGSV,4,2,14,15,01,045,,18,57,294,,21,17,132,,23,09,353,23,1*6E
$GPGSV,4,3,14,25,71,031,52,26,13,222,24,28,29,275,27,29,57,179,28,1*68
$GPGSV,4,4,14,31,20,243,20,193,,,28,1*67
$GPRMC,162724.11,A,3001.73925,S,05112.73960,W,0.11,58.30,090926,,,A,V*11
$GPGGA,162725.11,3001.73927,S,05112.73954,W,1,08,1.24,74.23,M,,M,,*44
$GPGLL,3001.73927,S,05112.73954,W,162725.11,A,A*62
$GPGSA,A,3,05,12,13,23,25,28,29,31,,,,,2.39,1.24,2.05,1*16
$GPGSV,4,1,14,5,42,104,45,11,00,134,,12,35,044,48,13,28,038,44,1*5F
$GPGSV,4,2,14,15,01,045,,18,57,294,,21,17,132,,23,09,353,24,1*69
$GPGSV,4,3,14,25,71,031,52,26,13,222,24,28,29,275,26,29,57,179,28,1*69
$GPGSV,4,4,14,31,20,243,20,193,,,28,1*67
$GPRMC,162725.11,A,3001.73927,S,05112.73954,W,0.04,58.30,090926,,,A,V*11
$GPGGA,162726.11,3001.73922,S,05112.73952,W,1,08,1.24,74.30,M,,M,,*46
$GPGLL,3001.73922,S,05112.73952,W,162726.11,A,A*62
$GPGSA,A,3,05,12,13,23,25,28,29,31,,,,,2.39,1.24,2.05,1*16
$GPGSV,4,1,14,5,42,104,45,11,00,134,,12,35,044,48,13,28,038,44,1*5F
$GPGSV,4,2,14,15,01,045,,18,57,294,,21,17,132,,23,09,353,24,1*69
$GPGSV,4,3,14,25,71,031,52,26,13,222,26,28,29,275,26,29,57,179,29,1*6A
$GPGSV,4,4,14,31,20,243,19,193,,,28,1*6D
$GPRMC,162726.11,A,3001.73922,S,05112.73952,W,0.23,58.30,090926,,,A,V*14
$GPGGA,162727.11,3001.73928,S,05112.73971,W,1,08,1.24,74.06,M,,M,,*49
$GPGLL,3001.73928,S,05112.73971,W,162727.11,A,A*68
$GPGSA,A,3,05,12,13,23,25,28,29,31,,,,,2.39,1.24,2.05,1*16
$GPGSV,4,1,14,5,42,104,45,11,00,134,,12,35,044,48,13,28,038,44,1*5F
$GPGSV,4,2,14,15,01,045,,18,57,294,,21,17,132,27,23,09,353,24,1*6C
$GPGSV,4,3,14,25,71,031,51,26,13,222,25,28,29,275,27,29,57,179,29,1*6B
$GPGSV,4,4,14,31,20,243,19,193,,,29,1*6C
$GPRMC,162727.11,A,3001.73928,S,05112.73971,W,0.13,58.30,090926,,,A,V*1D
$GPGGA,162728.11,3001.73939,S,05112.73998,W,1,08,1.24,73.63,M,,M,,*45
$GPGLL,3001.73939,S,05112.73998,W,162728.11,A,A*60
$GPGSA,A,3,05,12,13,23,25,28,29,31,,,,,2.39,1.24,2.05,1*16
$GPGSV,4,1,15,5,42,104,45,11,00,134,,12,35,044,48,13,28,038,44,1*5E
$GPGSV,4,2,15,15,01,045,,18,57,294,,21,17,132,27,23,09,353,24,1*6D
$GPGSV,4,3,15,25,71,031,51,26,13,222,25,28,29,275,27,29,57,179,29,1*6A
$GPGSV,4,4,15,31,20,243,19,193,,,29,197,,,27,1*57
$GPRMC,162728.11,A,3001.73939,S,05112.73998,W,0.08,58.30,090926,,,A,V*1F
$GPGGA,162729.11,3001.73940,S,05112.74002,W,1,08,1.24,73.42,M,,M,,*44
$GPGLL,3001.73940,S,05112.74002,W,162729.11,A,A*62
$GPGSA,A,3,05,12,13,23,25,28,29,31,,,,,2.39,1.24,2.05,1*16
$GPGSV,4,1,14,5,42,104,45,11,00,134,,12,35,044,48,13,28,038,44,1*5F
$GPGSV,4,2,14,15,01,045,,18,57,294,,21,17,132,28,23,09,353,25,1*62
$GPGSV,4,3,14,25,71,031,51,26,13,222,25,28,29,275,27,29,57,179,29,1*6B
$GPGSV,4,4,14,31,20,243,19,197,,,29,1*68
$GPRMC,162729.11,A,3001.73940,S,05112.74002,W,0.09,58.30,090926,,,A,V*1C
$GPGGA,162730.11,3001.73936,S,05112.74012,W,1,08,1.24,73.14,M,,M,,*4F
$GPGLL,3001.73936,S,05112.74012,W,162730.11,A,A*6A
$GPGSA,A,3,05,12,13,23,25,28,29,31,,,,,2.39,1.24,2.05,1*16
$GPGSV,4,1,13,5,42,104,46,11,00,134,,12,35,044,49,13,28,038,44,1*5A
$GPGSV,4,2,13,15,01,045,,18,57,294,,21,17,132,28,23,09,353,25,1*65
$GPGSV,4,3,13,25,71,031,51,26,13,222,27,28,29,275,27,29,57,179,29,1*6E
$GPGSV,4,4,13,31,20,243,18,1*5A
$GPRMC,162730.11,A,3001.73936,S,05112.74012,W,0.10,58.30,090926,,,A,V*1C
$GPGGA,162731.11,3001.73932,S,05112.74021,W,1,08,1.24,72.94,M,,M,,*43
$GPGLL,3001.73932,S,05112.74021,W,162731.11,A,A*6F
$GPGSA,A,3,05,12,13,23,25,28,29,31,,,,,2.39,1.24,2.05,1*16
$GPGSV,4,1,15,5,42,104,46,11,00,134,,12,35,044,48,13,28,038,44,1*5D
$GPGSV,4,2,15,15,01,045,,18,57,294,,21,17,132,28,23,09,353,25,1*63
$GPGSV,4,3,15,25,71,031,51,26,13,222,25,28,29,275,27,29,57,179,29,1*6A
$GPGSV,4,4,15,31,20,243,17,193,,,33,197,,,25,1*50
$GPRMC,162731.11,A,3001.73932,S,05112.74021,W,0.52,58.30,090926,,,A,V*1F
$GPGGA,162732.11,3001.73942,S,05112.74052,W,1,08,1.24,72.54,M,,M,,*4F
$GPGLL,3001.73942,S,05112.74052,W,162732.11,A,A*6F
$GPGSA,A,3,05,12,13,23,25,28,29,31,,,,,2.39,1.24,2.05,1*16
$GPGSV,4,1,15,5,42,104,45,11,00,134,,12,35,044,48,13,28,038,44,1*5E
$GPGSV,4,2,15,15,01,045,,18,57,294,,21,17,132,27,23,09,353,26,1*6F
$GPGSV,4,3,15,25,71,031,51,26,13,222,25,28,29,275,28,29,57,179,29,1*65
$GPGSV,4,4,15,31,20,243,14,193,,,26,197,,,25,1*57
$GPRMC,162732.11,A,3001.73942,S,05112.74052,W,0.26,58.30,090926,,,A,V*1C
$GPGGA,162733.11,3001.73949,S,05112.74070,W,1,07,1.43,72.33,M,,M,,*4A
$GPGLL,3001.73949,S,05112.74070,W,162733.11,A,A*65
$GPGSA,A,3,05,12,13,23,25,28,29,,,,,,2.82,1.43,2.43,1*17
$GPGSV,4,1,15,5,42,104,45,11,00,134,,12,35,044,48,13,28,038,44,1*5E
$GPGSV,4,2,15,15,01,045,,18,57,294,,21,17,132,28,23,09,353,25,1*63
$GPGSV,4,3,15,25,71,031,52,26,13,222,24,28,29,275,28,29,57,179,29,1*67
$GPGSV,4,4,15,31,20,243,05,193,,,25,197,,,24,1*55
$GPRMC,162733.11,A,3001.73949,S,05112.74070,W,0.28,58.30,090926,,,A,V*18
$GPGGA,162734.11,3001.73952,S,05112.74079,W,1,07,1.43,72.38,M,,M,,*45
$GPGLL,3001.73952,S,05112.74079,W,162734.11,A,A*61
$GPGSA,A,3,05,12,13,23,25,28,29,,,,,,2.82,1.43,2.43,1*17
$GPGSV,4,1,16,5,42,104,45,11,00,134,,12,35,044,49,13,28,038,44,1*5C
$GPGSV,4,2,16,15,01,045,,18,57,294,,21,17,132,28,23,09,353,25,1*60
$GPGSV,4,3,16,25,71,031,51,26,13,222,,28,29,275,28,29,57,179,29,1*61
$GPGSV,4,4,16,31,20,243,00,193,,,24,197,,,24,201,,,33,1*61
$GPRMC,162734.11,A,3001.73952,S,05112.74079,W,0.35,58.30,090926,,,A,V*10
$GPGGA,162735.11,3001.73967,S,05112.74116,W,1,07,1.43,71.72,M,,M,,*47
$GPGLL,3001.73967,S,05112.74116,W,162735.11,A,A*6E
$GPGSA,A,3,05,12,13,23,25,28,29,,,,,,2.82,1.43,2.43,1*17
$GPGSV,4,1,15,5,42,104,45,11,00,134,,12,35,044,49,13,28,038,44,1*5F
$GPGSV,4,2,15,15,01,045,,18,57,294,,21,17,132,28,23,09,353,26,1*60
$GPGSV,4,3,15,25,71,031,51,26,13,222,28,28,29,275,29,29,57,179,29,1*69
$GPGSV,4,4,15,31,20,243,04,197,,,28,201,,,26,1*53
$GPRMC,162735.11,A,3001.73967,S,05112.74116,W,0.03,58.30,090926,,,A,V*1A
$GPGGA,162736.11,3001.73982,S,05112.74145,W,1,06,1.79,71.12,M,,M,,*47
$GPGLL,3001.73982,S,05112.74145,W,162736.11,A,A*60
$GPGSA,A,3,05,12,13,23,25,29,,,,,,,3.05,1.79,2.47,1*1E
$GPGSV,4,1,15,5,42,104,45,11,00,134,,12,35,044,49,13,28,038,44,1*5F
$GPGSV,4,2,15,15,01,045,,18,57,294,,21,17,132,25,23,09,353,27,1*6C
$GPGSV,4,3,15,25,71,031,51,26,13,222,25,28,29,275,29,29,57,179,29,1*64
$GPGSV,4,4,15,31,20,243,12,193,,,42,201,,,24,1*5E
$GPRMC,162736.11,A,3001.73982,S,05112.74145,W,0.20,58.30,090926,,,A,V*15
$GPGGA,162737.11,3001.73991,S,05112.74156,W,1,07,1.43,70.92,M,,M,,*47
$GPGLL,3001.73991,S,05112.74156,W,162737.11,A,A*61
$GPGSA,A,3,05,12,13,23,25,28,29,,,,,,2.82,1.43,2.43,1*17
$GPGSV,4,1,15,5,42,104,45,11,00,134,,12,35,044,48,13,28,038,44,1*5E
$GPGSV,4,2,15,15,01,045,,18,57,294,,21,17,132,24,23,09,353,27,1*6D
$GPGSV,4,3,15,25,71,031,51,26,13,222,25,28,29,275,29,29,57,179,28,1*65
$GPGSV,4,4,15,31,20,243,09,193,,,32,201,,,24,1*53
$GPRMC,162737.11,A,3001.73991,S,05112.74156,W,0.28,58.30,090926,,,A,V*1C
$GPGGA,162738.11,3001.74004,S,05112.74172,W,1,07,1.43,70.26,M,,M,,*43
$GPGLL,3001.74004,S,05112.74172,W,162738.11,A,A*6A
$GPGSA,A,3,05,12,13,23,25,28,29,,,,,,2.82,1.43,2.43,1*17
$GPGSV,4,1,15,5,42,104,44,11,00,134,,12,35,044,49,13,28,038,44,1*5E
$GPGSV,4,2,15,15,01,045,,18,57,294,,21,17,132,28,23,09,353,26,1*60
$GPGSV,4,3,15,25,71,031,51,26,13,222,24,28,29,275,29,29,57,179,28,1*64
$GPGSV,4,4,15,31,20,243,10,193,,,32,197,,,27,1*54
$GPRMC,162738.11,A,3001.74004,S,05112.74172,W,0.14,58.30,090926,,,A,V*18
$GPGGA,162739.11,3001.74016,S,05112.74201,W,1,06,1.79,69.69,M,,M,,*4D
$GPGLL,3001.74016,S,05112.74201,W,162739.11,A,A*6F
$GPGSA,A,3,05,12,13,23,25,29,,,,,,,3.05,1.79,2.47,1*1E
$GPGSV,4,1,15,5,42,104,45,11,00,134,,12,35,044,49,13,28,038,44,1*5F
$GPGSV,4,2,15,15,01,045,,18,57,294,,21,17,132,28,23,09,353,26,1*60
$GPGSV,4,3,15,25,71,031,51,26,13,222,28,28,29,275,29,29,57,179,28,1*68
$GPGSV,4,4,15,31,20,243,14,193,,,32,197,,,29,1*5E
$GPRMC,162739.11,A,3001.74016,S,05112.74201,W,0.18,58.30,090926,,,A,V*11
$GPGGA,162740.11,3001.74032,S,05112.74234,W,1,06,1.79,68.95,M,,M,,*41
$GPGLL,3001.74032,S,05112.74234,W,162740.11,A,A*61
$GPGSA,A,3,05,12,13,23,25,29,,,,,,,3.05,1.79,2.47,1*1E
$GPGSV,4,1,14,5,42,104,45,11,00,134,,12,35,044,49,13,28,038,44,1*5E
$GPGSV,4,2,14,15,01,045,,18,57,294,,21,17,132,26,23,09,353,26,1*6F
$GPGSV,4,3,14,25,71,031,51,26,13,222,28,28,29,275,29,29,57,179,28,1*69
$GPGSV,4,4,14,31,20,243,13,197,,,28,1*63
$GPRMC,162740.11,A,3001.74032,S,05112.74234,W,0.13,58.30,090926,,,A,V*14
$GPGGA,162741.11,3001.74049,S,05112.74265,W,1,06,1.79,68.42,M,,M,,*42
$GPGLL,3001.74049,S,05112.74265,W,162741.11,A,A*68
$GPGSA,A,3,05,12,13,23,25,29,,,,,,,3.05,1.79,2.47,1*1E
$GPGSV,4,1,14,5,42,104,45,11,00,134,,12,35,044,49,13,28,038,44,1*5E
$GPGSV,4,2,14,15,01,045,,18,57,294,,21,17,132,28,23,09,353,27,1*60
$GPGSV,4,3,14,25,71,031,52,26,13,222,25,28,29,275,29,29,57,179,28,1*67
$GPGSV,4,4,14,31,20,243,08,197,,,28,1*69
$GPRMC,162741.11,A,3001.74049,S,05112.74265,W,0.32,58.30,090926,,,A,V*1E
$GPGGA,162742.11,3001.74060,S,05112.74294,W,1,06,1.79,68.05,M,,M,,*47
$GPGLL,3001.74060,S,05112.74294,W,162742.11,A,A*6E
$GPGSA,A,3,05,12,13,23,25,29,,,,,,,3.05,1.79,2.47,1*1E
$GPGSV,4,1,14,5,42,104,45,11,00,134,,12,35,044,49,13,28,038,44,1*5E
$GPGSV,4,2,14,15,01,045,,18,57,294,20,21,17,132,27,23,09,353,27,1*6D
$GPGSV,4,3,14,25,71,031,52,26,13,222,27,28,29,275,29,29,57,179,28,1*65
$GPGSV,4,4,14,31,20,243,12,201,,,32,1*65
$GPRMC,162742.11,A,3001.74060,S,05112.74294,W,0.11,58.30,090926,,,A,V*19
$GPGGA,162743.11,3001.74063,S,05112.74301,W,1,07,1.43,68.14,M,,M,,*40
$GPGLL,3001.74063,S,05112.74301,W,162743.11,A,A*61
$GPGSA,A,3,05,12,13,23,25,28,29,,,,,,2.82,1.43,2.43,1*17
$GPGSV,4,1,14,5,42,104,46,11,00,134,,12,35,044,48,13,28,038,43,1*5B
$GPGSV,4,2,14,15,01,045,,18,57,294,18,21,17,132,26,23,09,353,26,1*66
$GPGSV,4,3,14,25,71,031,51,26,13,222,25,28,29,275,29,29,57,179,27,1*6B
$GPGSV,4,4,14,31,20,243,12,201,,,30,1*67
$GPRMC,162743.11,A,3001.74063,S,05112.74301,W,0.57,58.30,090926,,,A,V*14
$GPGGA,162744.11,3001.74074,S,05112.74330,W,1,07,1.43,67.53,M,,M,,*4F
$GPGLL,3001.74074,S,05112.74330,W,162744.11,A,A*62
$GPGSA,A,3,05,12,13,23,25,28,29,,,,,,2.82,1.43,2.43,1*17
$GPGSV,4,1,14,5,42,104,45,11,00,134,,12,35,044,48,13,28,038,43,1*58
$GPGSV,4,2,14,15,01,045,,18,57,294,17,21,17,132,,23,09,353,27,1*6C
$GPGSV,4,3,14,25,71,031,50,26,13,222,25,28,29,275,29,29,57,179,27,1*6A
$GPGSV,4,4,14,31,20,243,09,201,,,32,1*6F
$GPRMC,162744.11,A,3001.74074,S,05112.74330,W,0.16,58.30,090926,,,A,V*12
$GPGGA,162745.11,3001.74092,S,05112.74332,W,1,07,1.42,67.27,M,,M,,*46
$GPGLL,3001.74092,S,05112.74332,W,162745.11,A,A*69
$GPGSA,A,3,05,12,13,23,25,28,29,,,,,,2.82,1.42,2.43,1*16
$GPGSV,4,1,14,5,42,104,45,11,00,134,,12,35,044,48,13,28,038,44,1*5F
$GPGSV,4,2,14,15,01,045,,18,57,294,16,21,17,132,,23,09,353,26,1*6C
$GPGSV,4,3,14,25,71,031,50,26,13,222,24,28,29,275,29,29,57,179,27,1*6B
$GPGSV,4,4,14,31,20,243,00,201,,,32,1*66
$GPRMC,162745.11,A,3001.74092,S,05112.74332,W,0.51,58.30,090926,,,A,V*1A
$GPGGA,162746.11,3001.74105,S,05112.74369,W,1,06,1.79,66.79,M,,M,,*47
$GPGLL,3001.74105,S,05112.74369,W,162746.11,A,A*6B
$GPGSA,A,3,05,12,13,23,25,29,,,,,,,3.05,1.79,2.47,1*1E
$GPGSV,4,1,14,5,42,104,45,11,00,134,,12,35,044,47,13,28,038,44,1*50
$GPGSV,4,2,14,15,01,045,,18,57,294,,21,17,132,,23,09,353,26,1*6B
$GPGSV,4,3,14,25,71,031,50,26,13,222,27,28,29,275,29,29,57,179,26,1*69
$GPGSV,4,4,14,31,20,243,04,193,,,28,1*61
$GPRMC,162746.11,A,3001.74105,S,05112.74369,W,0.43,58.30,090926,,,A,V*1B
$GPGGA,162747.11,3001.74101,S,05112.74374,W,1,07,1.42,66.56,M,,M,,*4A
$GPGLL,3001.74101,S,05112.74374,W,162747.11,A,A*62
$GPGSA,A,3,05,12,13,23,25,28,29,,,,,,2.82,1.42,2.43,1*16
$GPGSV,4,1,14,5,42,104,45,11,00,134,,12,35,044,47,13,28,038,44,1*50
$GPGSV,4,2,14,15,01,045,,18,57,294,25,21,17,132,,23,09,353,26,1*6C
$GPGSV,4,3,14,25,71,031,50,26,13,222,25,28,29,275,29,29,57,179,27,1*6A
$GPGSV,4,4,14,31,20,243,02,201,,,32,1*64
$GPRMC,162747.11,A,3001.74101,S,05112.74374,W,0.36,58.30,090926,,,A,V*10
$GPGGA,162748.11,3001.74088,S,05112.74374,W,1,07,1.42,66.59,M,,M,,*4A
$GPGLL,3001.74088,S,05112.74374,W,162748.11,A,A*6D
$GPGSA,A,3,05,12,13,23,25,28,29,,,,,,2.82,1.42,2.43,1*16
$GPGSV,4,1,14,5,42,104,45,11,00,134,,12,35,044,48,13,28,038,44,1*5F
$GPGSV,4,2,14,15,01,045,,18,57,294,25,21,17,132,,23,09,353,27,1*6D
$GPGSV,4,3,14,25,71,031,50,26,13,222,25,28,29,275,28,29,57,179,27,1*6B
$GPGSV,4,4,14,31,20,243,07,201,,,31,1*62
$GPRMC,162748.11,A,3001.74088,S,05112.74374,W,0.10,58.30,090926,,,A,V*1B
$GPGGA,162749.11,3001.74086,S,05112.74369,W,1,07,1.42,66.51,M,,M,,*41
$GPGLL,3001.74086,S,05112.74369,W,162749.11,A,A*6E
$GPGSA,A,3,05,12,13,23,25,28,29,,,,,,2.82,1.42,2.43,1*16
$GPGSV,4,1,14,5,42,104,45,11,00,134,,12,35,044,48,13,28,038,44,1*5F
$GPGSV,4,2,14,15,01,045,,18,57,294,25,21,17,132,,23,09,353,26,1*6C
$GPGSV,4,3,14,25,71,031,50,26,13,222,28,28,29,275,27,29,57,179,27,1*69
$GPGSV,4,4,14,31,20,243,03,201,,,31,1*66
$GPRMC,162749.11,A,3001.74086,S,05112.74369,W,0.22,58.30,090926,,,A,V*19
$GPGGA,162750.11,3001.74101,S,05112.74385,W,1,07,1.42,66.13,M,,M,,*43
$GPGLL,3001.74101,S,05112.74385,W,162750.11,A,A*6A
$GPGSA,A,3,05,12,13,23,25,28,29,,,,,,2.82,1.42,2.43,1*16
$GPGSV,4,1,13,5,42,104,44,11,00,134,,12,35,044,48,13,28,038,44,1*59
$GPGSV,4,2,13,15,01,045,,18,57,294,24,21,17,132,,23,09,353,26,1*6A
$GPGSV,4,3,13,25,71,031,50,26,13,222,25,28,29,275,27,29,57,179,26,1*62
$GPGSV,4,4,13,31,20,243,12,1*50
$GPRMC,162750.11,A,3001.74101,S,05112.74385,W,0.08,58.30,090926,,,A,V*15
$GPGGA,162751.11,3001.74117,S,05112.74414,W,1,06,1.79,65.69,M,,M,,*4D
$GPGLL,3001.74117,S,05112.74414,W,162751.11,A,A*63
$GPGSA,A,3,05,12,13,23,25,29,,,,,,,3.05,1.79,2.47,1*1E
$GPGSV,4,1,14,5,42,104,45,11,00,134,,12,35,044,48,13,28,038,44,1*5F
$GPGSV,4,2,14,15,01,045,,18,57,294,25,21,17,132,,23,09,353,26,1*6C
$GPGSV,4,3,14,25,71,031,50,26,13,222,24,28,29,275,27,29,57,179,26,1*64
$GPGSV,4,4,14,31,20,243,11,193,,,34,1*68
$GPRMC,162751.11,A,3001.74117,S,05112.74414,W,0.17,58.30,090926,,,A,V*12
$GPGGA,162752.11,3001.74133,S,05112.74439,W,1,06,1.79,65.19,M,,M,,*40
$GPGLL,3001.74133,S,05112.74439,W,162752.11,A,A*69
$GPGSA,A,3,05,12,13,23,25,29,,,,,,,3.05,1.79,2.47,1*1E
$GPGSV,4,1,14,5,42,104,45,11,00,134,,12,35,044,48,13,28,038,44,1*5F
$GPGSV,4,2,14,15,01,045,,18,57,294,24,21,17,132,,23,09,353,27,1*6C
$GPGSV,4,3,14,25,71,031,51,26,13,222,24,28,29,275,27,29,57,179,26,1*65
$GPGSV,4,4,14,31,20,243,09,193,,,27,1*63
$GPRMC,162752.11,A,3001.74133,S,05112.74439,W,0.10,58.30,090926,,,A,V*1F
$GPGGA,162753.11,3001.74134,S,05112.74441,W,1,07,1.42,65.16,M,,M,,*4F
$GPGLL,3001.74134,S,05112.74441,W,162753.11,A,A*60
$GPGSA,A,3,05,12,13,23,25,28,29,,,,,,2.82,1.42,2.43,1*16
$GPGSV,4,1,14,5,42,104,45,11,00,134,,12,35,044,49,13,28,038,44,1*5E
$GPGSV,4,2,14,15,01,045,,18,57,294,25,21,17,132,28,23,09,353,26,1*66
$GPGSV,4,3,14,25,71,031,51,26,13,222,27,28,29,275,26,29,57,179,26,1*67
$GPGSV,4,4,14,31,20,243,08,193,,,25,1*60
$GPRMC,162753.11,A,3001.74134,S,05112.74441,W,0.19,58.30,090926,,,A,V*1F
$GPGGA,162754.11,3001.74139,S,05112.74452,W,1,07,1.42,64.78,M,,M,,*4E
$GPGLL,3001.74139,S,05112.74452,W,162754.11,A,A*68
$GPGSA,A,3,05,12,13,23,25,28,29,,,,,,2.82,1.42,2.43,1*16
$GPGSV,4,1,14,5,42,104,45,11,00,134,,12,35,044,49,13,28,038,43,1*59
$GPGSV,4,2,14,15,01,045,,18,57,294,25,21,17,132,25,23,09,353,26,1*6B
$GPGSV,4,3,14,25,71,031,51,26,13,222,25,28,29,275,26,29,57,179,26,1*65
$GPGSV,4,4,14,31,20,243,15,193,,,25,1*6C
$GPRMC,162754.11,A,3001.74139,S,05112.74452,W,0.06,58.30,090926,,,A,V*19
$GPGGA,162755.11,3001.74139,S,05112.74461,W,1,07,1.42,64.63,M,,M,,*45
$GPGLL,3001.74139,S,05112.74461,W,162755.11,A,A*69
$GPGSA,A,3,05,12,13,23,25,28,29,,,,,,2.82,1.42,2.43,1*16
$GPGSV,4,1,14,5,42,104,45,11,00,134,,12,35,044,49,13,28,038,43,1*59
$GPGSV,4,2,14,15,01,045,,18,57,294,27,21,17,132,24,23,09,353,26,1*68
$GPGSV,4,3,14,25,71,031,51,26,13,222,25,28,29,275,25,29,57,179,26,1*66
$GPGSV,4,4,14,31,20,243,10,201,,,31,1*64
$GPRMC,162755.11,A,3001.74139,S,05112.74461,W,0.12,58.30,090926,,,A,V*1D
$GPGGA,162756.11,3001.74135,S,05112.74451,W,1,07,1.42,64.64,M,,M,,*4E
$GPGLL,3001.74135,S,05112.74451,W,162756.11,A,A*65
$GPGSA,A,3,05,12,13,23,25,28,29,,,,,,2.82,1.42,2.43,1*16
$GPGSV,4,1,14,5,42,104,45,11,00,134,,12,35,044,49,13,28,038,43,1*59
$GPGSV,4,2,14,15,01,045,,18,57,294,26,21,17,132,29,23,09,353,26,1*64
$GPGSV,4,3,14,25,71,031,51,26,13,222,25,28,29,275,25,29,57,179,26,1*66
$GPGSV,4,4,14,31,20,243,12,193,,,28,1*66
$GPRMC,162756.11,A,3001.74135,S,05112.74451,W,0.20,58.30,090926,,,A,V*10
$GPGGA,162757.11,3001.74130,S,05112.74452,W,1,07,1.42,64.65,M,,M,,*48
$GPGLL,3001.74130,S,05112.74452,W,162757.11,A,A*62
$GPGSA,A,3,05,12,13,23,25,28,29,,,,,,2.82,1.42,2.43,1*16
$GPGSV,4,1,14,5,42,104,45,11,00,134,,12,35,044,49,13,28,038,43,1*59
$GPGSV,4,2,14,15,01,045,,18,57,294,25,21,17,132,27,23,09,353,27,1*68
$GPGSV,4,3,14,25,71,031,52,26,13,222,27,28,29,275,25,29,57,179,26,1*67
$GPGSV,4,4,14,31,20,243,09,197,,,27,1*67
$GPRMC,162757.11,A,3001.74130,S,05112.74452,W,0.40,58.30,090926,,,A,V*11
$GPGGA,162758.11,3001.74121,S,05112.74437,W,1,07,1.42,64.92,M,,M,,*4C
$GPGLL,3001.74121,S,05112.74437,W,162758.11,A,A*6E
$GPGSA,A,3,05,12,13,23,25,28,29,,,,,,2.82,1.42,2.43,1*16
$GPGSV,4,1,14,5,42,104,45,11,00,134,,12,35,044,49,13,28,038,43,1*59
$GPGSV,4,2,14,15,01,045,,18,57,294,21,21,17,132,27,23,09,353,27,1*6C
$GPGSV,4,3,14,25,71,031,51,26,13,222,25,28,29,275,25,29,57,179,26,1*66
$GPGSV,4,4,14,31,20,243,12,193,,,28,1*66
$GPRMC,162758.11,A,3001.74121,S,05112.74437,W,0.91,58.30,090926,,,A,V*11
$GPGGA,162759.11,3001.74120,S,05112.74439,W,1,07,1.42,65.14,M,,M,,*4D
$GPGLL,3001.74120,S,05112.74439,W,162759.11,A,A*60
$GPGSA,A,3,05,12,13,23,25,28,29,,,,,,2.82,1.42,2.43,1*16
$GPGSV,4,1,13,5,42,104,45,11,00,134,,12,35,044,49,13,28,038,43,1*5E
$GPGSV,4,2,13,15,01,045,,18,57,294,27,21,17,132,28,23,09,353,27,1*62
$GPGSV,4,3,13,25,71,031,51,26,13,222,24,28,29,275,25,29,57,179,25,1*63
$GPGSV,4,4,13,31,20,243,09,1*5A
$GPRMC,162759.11,A,3001.74120,S,05112.74439,W,0.50,58.30,090926,,,A,V*12
$GPGGA,162800.11,3001.74114,S,05112.74443,W,1,07,1.42,65.28,M,,M,,*4B
$GPGLL,3001.74114,S,05112.74443,W,162800.11,A,A*69
$GPGSA,A,3,05,12,13,23,25,28,29,,,,,,2.82,1.42,2.43,1*16
$GPGSV,4,1,13,5,42,104,45,11,00,134,,12,35,044,49,13,28,038,44,1*59
$GPGSV,4,2,13,15,01,045,,18,57,294,25,21,17,132,27,23,09,353,26,1*6E
$GPGSV,4,3,13,25,71,031,51,26,13,222,24,28,29,275,25,29,57,179,26,1*60
$GPGSV,4,4,13,31,20,243,12,1*50
$GPRMC,162800.11,A,3001.74114,S,05112.74443,W,0.10,58.30,090926,,,A,V*1F
$GPGGA,162801.11,3001.74122,S,05112.74467,W,1,07,1.42,65.00,M,,M,,*43
$GPGLL,3001.74122,S,05112.74467,W,162801.11,A,A*6B
$GPGSA,A,3,05,12,13,23,25,28,29,,,,,,2.82,1.42,2.43,1*16
$GPGSV,4,1,13,5,42,104,45,11,00,134,,12,35,044,49,13,28,038,44,1*59
$GPGSV,4,2,13,15,01,045,,18,57,294,25,21,17,132,28,23,09,353,27,1*60
$GPGSV,4,3,13,25,71,031,51,26,13,222,30,28,29,275,25,29,57,179,25,1*66
$GPGSV,4,4,13,31,20,243,15,1*57
$GPRMC,162801.11,A,3001.74122,S,05112.74467,W,0.11,58.30,090926,,,A,V*1C
$GPGGA,162802.11,3001.74116,S,05112.74476,W,1,07,1.42,64.94,M,,M,,*4B
$GPGLL,3001.74116,S,05112.74476,W,162802.11,A,A*6F
$GPGSA,A,3,05,12,13,23,25,28,29,,,,,,2.82,1.42,2.43,1*16
$GPGSV,4,1,13,5,42,104,45,11,00,134,,12,35,044,49,13,28,038,44,1*59
$GPGSV,4,2,13,15,01,045,,18,57,294,24,21,17,132,29,23,09,353,26,1*61
$GPGSV,4,3,13,25,71,031,51,26,13,222,26,28,29,275,25,29,57,179,25,1*61
$GPGSV,4,4,13,31,20,243,16,1*54
$GPRMC,162802.11,A,3001.74116,S,05112.74476,W,0.12,58.30,090926,,,A,V*1B
$GPGGA,162803.11,3001.74104,S,05112.74475,W,1,07,1.42,65.23,M,,M,,*47
$GPGLL,3001.74104,S,05112.74475,W,162803.11,A,A*6E
$GPGSA,A,3,05,12,13,23,25,28,29,,,,,,2.82,1.42,2.43,1*16
$GPGSV,4,1,14,5,42,104,45,11,00,134,,12,35,044,49,13,28,038,44,1*5E
$GPGSV,4,2,14,15,01,045,,18,57,294,,21,17,132,,23,09,353,27,1*6A
$GPGSV,4,3,14,25,71,031,51,26,13,222,25,28,29,275,26,29,57,179,25,1*66
$GPGSV,4,4,14,31,20,243,17,193,,,25,1*6E
$GPRMC,162803.11,A,3001.74104,S,05112.74475,W,0.09,58.30,090926,,,A,V*10
$GPGGA,162804.11,3001.74096,S,05112.74472,W,1,07,1.42,65.49,M,,M,,*41
$GPGLL,3001.74096,S,05112.74472,W,162804.11,A,A*64
$GPGSA,A,3,05,12,13,23,25,28,29,,,,,,2.82,1.42,2.43,1*16
$GPGSV,4,1,14,5,42,104,45,11,00,134,,12,35,044,49,13,28,038,44,1*5E
$GPGSV,4,2,14,15,01,045,,18,57,294,26,21,17,132,,23,09,353,27,1*6E
$GPGSV,4,3,14,25,71,031,51,26,13,222,25,28,29,275,25,29,57,179,25,1*65
$GPGSV,4,4,14,31,20,243,19,193,,,25,1*60
$GPRMC,162804.11,A,3001.74096,S,05112.74472,W,0.08,58.30,090926,,,A,V*1B
$GPGGA,162805.11,3001.74099,S,05112.74500,W,1,07,1.42,64.92,M,,M,,*4C
$GPGLL,3001.74099,S,05112.74500,W,162805.11,A,A*6E
$GPGSA,A,3,05,12,13,23,25,28,29,,,,,,2.82,1.42,2.43,1*16
$GPGSV,4,1,14,5,42,104,45,11,00,134,,12,35,044,49,13,28,038,44,1*5E
$GPGSV,4,2,14,15,01,045,,18,57,294,25,21,17,132,,23,09,353,27,1*6D
$GPGSV,4,3,14,25,71,031,51,26,13,222,28,28,29,275,25,29,57,179,25,1*68
$GPGSV,4,4,14,31,20,243,21,193,,,28,1*66
$GPRMC,162805.11,A,3001.74099,S,05112.74500,W,0.60,58.30,090926,,,A,V*1F
$GPGGA,162806.11,3001.74097,S,05112.74506,W,1,07,1.42,64.92,M,,M,,*47
$GPGLL,3001.74097,S,05112.74506,W,162806.11,A,A*65
$GPGSA,A,3,05,12,13,23,25,28,29,,,,,,2.82,1.42,2.43,1*16
$GPGSV,4,1,13,5,42,104,45,11,00,134,,12,35,044,49,13,28,038,44,1*59
$GPGSV,4,2,13,15,01,045,,18,57,294,,21,17,132,,23,09,353,27,1*6D
$GPGSV,4,3,13,25,71,031,51,26,13,222,25,28,29,275,25,29,57,179,24,1*63
$GPGSV,4,4,13,31,20,243,27,1*56
$GPRMC,162806.11,A,3001.74097,S,05112.74506,W,1.15,58.30,090926,,,A,V*17
$GPGGA,162807.11,3001.74103,S,05112.74523,W,1,08,1.24,64.34,M,,M,,*4E
$GPGLL,3001.74103,S,05112.74523,W,162807.11,A,A*6F
$GPGSA,A,3,05,12,13,23,25,28,29,31,,,,,2.40,1.24,2.05,1*18
$GPGSV,4,1,15,5,42,104,44,11,00,134,,12,35,044,48,13,28,038,43,1*58
$GPGSV,4,2,15,15,01,045,,18,57,294,,21,17,132,27,23,09,353,27,1*6E
$GPGSV,4,3,15,25,71,031,49,26,13,222,25,28,29,275,25,29,57,179,24,1*6C
$GPGSV,4,4,15,31,20,243,27,193,,,29,201,,,31,1*51
$GPRMC,162807.11,A,3001.74103,S,05112.74523,W,0.50,58.30,090926,,,A,V*1D
$GPGGA,162808.11,3001.74094,S,05112.74503,W,1,08,1.24,64.29,M,,M,,*40
$GPGLL,3001.74094,S,05112.74503,W,162808.11,A,A*6D
$GPGSA,A,3,05,12,13,23,25,28,29,31,,,,,2.40,1.24,2.05,1*18
$GPGSV,4,1,15,5,42,104,44,11,00,134,,12,35,044,47,13,28,038,43,1*57
$GPGSV,4,2,15,15,01,045,,18,57,294,,21,17,132,28,23,09,353,28,1*6E
$GPGSV,4,3,15,25,71,031,49,26,13,222,25,28,29,275,25,29,57,179,23,1*6B
$GPGSV,4,4,15,31,20,243,26,193,,,27,197,,,30,1*53
$GPRMC,162808.11,A,3001.74094,S,05112.74503,W,1.17,58.30,090926,,,A,V*1D
$GPGGA,162809.11,3001.74079,S,05112.74476,W,1,08,1.24,64.63,M,,M,,*4F
$GPGLL,3001.74079,S,05112.74476,W,162809.11,A,A*6C
$GPGSA,A,3,05,12,13,23,25,28,29,31,,,,,2.40,1.24,2.05,1*18
$GPGSV,4,1,15,5,42,104,43,11,00,134,,12,35,044,47,13,28,038,43,1*50
$GPGSV,4,2,15,15,01,045,,18,57,294,,21,17,132,28,23,09,353,27,1*61
$GPGSV,4,3,15,25,71,031,48,26,13,222,29,28,29,275,25,29,57,179,23,1*66
$GPGSV,4,4,15,31,20,243,25,193,,,27,197,,,25,1*54
$GPRMC,162809.11,A,3001.74079,S,05112.74476,W,0.46,58.30,090926,,,A,V*19
$GPGGA,162810.11,3001.74065,S,05112.74455,W,1,08,1.23,65.09,M,,M,,*41
$GPGLL,3001.74065,S,05112.74455,W,162810.11,A,A*68
$GPGSA,A,3,05,12,13,23,25,28,29,31,,,,,2.40,1.23,2.05,1*1F
$GPGSV,4,1,14,5,42,104,42,11,00,134,,12,35,044,47,13,28,038,43,1*50
$GPGSV,4,2,14,15,01,045,,18,57,294,,21,17,132,,23,09,353,28,1*65
$GPGSV,4,3,14,25,71,031,49,26,13,222,26,28,29,275,26,29,57,179,24,1*6D
$GPGSV,4,4,14,31,20,243,25,197,,,25,1*6B
$GPRMC,162810.11,A,3001.74065,S,05112.74455,W,0.33,58.30,090926,,,A,V*1F
$GPGGA,162811.11,3001.74080,S,05112.74463,W,1,08,1.23,64.79,M,,M,,*48
$GPGLL,3001.74080,S,05112.74463,W,162811.11,A,A*67
$GPGSA,A,3,05,12,13,23,25,28,29,31,,,,,2.40,1.23,2.05,1*1F
$GPGSV,4,1,15,5,42,104,42,11,00,134,,12,35,044,48,13,28,038,42,1*5F
$GPGSV,4,2,15,15,01,045,,18,57,294,,21,17,132,23,23,09,353,28,1*65
$GPGSV,4,3,15,25,71,031,48,26,13,222,25,28,29,275,26,29,57,179,24,1*6E
$GPGSV,4,4,15,31,20,243,25,193,,,25,197,,,24,1*57
$GPRMC,162811.11,A,3001.74080,S,05112.74463,W,0.23,58.30,090926,,,A,V*11
$GPGGA,162812.11,3001.74074,S,05112.74454,W,1,08,1.23,64.95,M,,M,,*46
$GPGLL,3001.74074,S,05112.74454,W,162812.11,A,A*6B
$GPGSA,A,3,05,12,13,23,25,28,29,31,,,,,2.40,1.23,2.05,1*1F
$GPGSV,4,1,15,5,42,104,42,11,00,134,,12,35,044,47,13,28,038,43,1*51
$GPGSV,4,2,15,15,01,045,,18,57,294,,21,17,132,28,23,09,353,28,1*6E
$GPGSV,4,3,15,25,71,031,49,26,13,222,25,28,29,275,26,29,57,179,23,1*68
$GPGSV,4,4,15,31,20,243,24,193,,,27,197,,,25,1*55
$GPRMC,162812.11,A,3001.74074,S,05112.74454,W,0.72,58.30,090926,,,A,V*19
$GPGGA,162813.11,3001.74078,S,05112.74459,W,1,08,1.23,64.57,M,,M,,*48
$GPGLL,3001.74078,S,05112.74459,W,162813.11,A,A*6B
$GPGSA,A,3,05,12,13,23,25,28,29,31,,,,,2.40,1.23,2.05,1*1F
$GPGSV,4,1,15,5,42,104,43,11,00,134,,12,35,044,47,13,28,038,42,1*51
$GPGSV,4,2,15,15,01,045,,18,57,294,,21,17,132,27,23,09,353,28,1*61
$GPGSV,4,3,15,25,71,031,49,26,13,222,25,28,29,275,26,29,57,179,23,1*68
$GPGSV,4,4,15,31,20,243,24,193,,,27,197,,,26,1*56
$GPRMC,162813.11,A,3001.74078,S,05112.74459,W,0.23,58.30,090926,,,A,V*1D
$GPGGA,162814.11,3001.74082,S,05112.74453,W,1,08,1.23,64.47,M,,M,,*41
$GPGLL,3001.74082,S,05112.74453,W,162814.11,A,A*63
$GPGSA,A,3,05,12,13,23,25,28,29,31,,,,,2.40,1.23,2.05,1*1F
$GPGSV,4,1,15,5,42,104,43,11,00,134,,12,35,044,47,13,28,038,43,1*50
$GPGSV,4,2,15,15,01,045,,18,57,294,,21,17,132,26,23,09,353,28,1*60
$GPGSV,4,3,15,25,71,031,48,26,13,222,25,28,29,275,26,29,57,179,23,1*69
$GPGSV,4,4,15,31,20,243,24,193,,,33,197,,,27,1*52
$GPRMC,162814.11,A,3001.74082,S,05112.74453,W,0.08,58.30,090926,,,A,V*1C
$GPGGA,162815.11,3001.74091,S,05112.74450,W,1,08,1.23,64.29,M,,M,,*49
$GPGLL,3001.74091,S,05112.74450,W,162815.11,A,A*63
$GPGSA,A,3,05,12,13,23,25,28,29,31,,,,,2.40,1.23,2.05,1*1F
$GPGSV,4,1,15,5,42,104,42,11,00,134,,12,35,044,46,13,28,038,42,1*51
$GPGSV,4,2,15,15,01,045,,18,57,294,,21,17,132,25,23,09,353,28,1*63
$GPGSV,4,3,15,25,71,031,48,26,13,222,24,28,29,275,26,29,57,179,23,1*68
$GPGSV,4,4,15,31,20,243,24,193,,,25,197,,,24,1*56
$GPRMC,162815.11,A,3001.74091,S,05112.74450,W,0.17,58.30,090926,,,A,V*12
$GPGGA,162816.11,3001.74101,S,05112.74464,W,1,08,1.23,64.15,M,,M,,*4A
$GPGLL,3001.74101,S,05112.74464,W,162816.11,A,A*6F
$GPGSA,A,3,05,12,13,23,25,28,29,31,,,,,2.40,1.23,2.05,1*1F
$GPGSV,4,1,15,5,42,104,43,11,00,134,,12,35,044,48,13,28,038,43,1*5F
$GPGSV,4,2,15,15,01,045,,18,57,294,,21,17,132,25,23,09,353,29,1*62
$GPGSV,4,3,15,25,71,031,51,26,13,222,25,28,29,275,26,29,57,179,23,1*61
$GPGSV,4,4,15,31,20,243,24,193,,,25,197,,,24,1*56
$GPRMC,162816.11,A,3001.74101,S,05112.74464,W,0.17,58.30,090926,,,A,V*1E
$GPGGA,162817.11,3001.74126,S,05112.74485,W,1,07,1.42,63.74,M,,M,,*49
$GPGLL,3001.74126,S,05112.74485,W,162817.11,A,A*64
$GPGSA,A,3,05,12,13,23,25,29,31,,,,,,2.57,1.42,2.14,1*14
$GPGSV,4,1,15,5,42,104,44,11,00,134,,12,35,044,49,13,28,038,44,1*5E
$GPGSV,4,2,15,15,01,045,,18,57,294,,21,17,132,25,23,09,353,29,1*62
$GPGSV,4,3,15,25,71,031,51,26,13,222,,28,29,275,26,29,57,179,25,1*60
$GPGSV,4,4,15,31,20,243,23,193,,,24,197,,,24,1*50
$GPRMC,162817.11,A,3001.74126,S,05112.74485,W,0.17,58.30,090926,,,A,V*15
$GPGGA,162818.11,3001.74133,S,05112.74482,W,1,07,1.29,63.77,M,,M,,*4B
$GPGLL,3001.74133,S,05112.74482,W,162818.11,A,A*68
$GPGSA,A,3,05,12,13,23,25,28,31,,,,,,2.47,1.29,2.10,1*1D
$GPGSV,4,1,15,5,42,104,44,11,00,134,,12,35,044,49,13,28,038,43,1*59
$GPGSV,4,2,15,15,01,045,,18,57,294,,21,17,132,22,23,09,353,29,1*65
$GPGSV,4,3,15,25,71,031,50,26,13,222,26,28,29,275,26,29,57,179,25,1*65
$GPGSV,4,4,15,31,20,243,23,193,,,27,197,,,24,1*53
$GPRMC,162818.11,A,3001.74133,S,05112.74482,W,0.99,58.30,090926,,,A,V*1F
$GPGGA,162819.11,3001.74127,S,05112.74460,W,1,08,1.23,64.35,M,,M,,*47
$GPGLL,3001.74127,S,05112.74460,W,162819.11,A,A*60
$GPGSA,A,3,05,12,13,23,25,28,29,31,,,,,2.40,1.23,2.06,1*1C
$GPGSV,4,1,14,5,42,104,45,12,34,044,49,13,28,037,44,15,01,046,,1*51
$GPGSV,4,2,14,18,57,293,,21,17,132,28,23,10,354,29,25,70,031,51,1*64
$GPGSV,4,3,14,26,13,222,25,28,29,276,26,29,57,178,24,31,20,244,22,1*60
$GPGSV,4,4,14,193,,,29,197,,,24,1*68
$GPRMC,162819.11,A,3001.74127,S,05112.74460,W,0.35,58.30,090926,,,A,V*11
$GPGGA,162820.11,3001.74122,S,05112.74448,W,1,08,1.23,64.62,M,,M,,*40
$GPGLL,3001.74122,S,05112.74448,W,162820.11,A,A*65
$GPGSA,A,3,05,12,13,23,25,28,29,31,,,,,2.40,1.23,2.06,1*1C
$GPGSV,4,1,14,5,42,104,44,12,34,044,49,13,28,037,44,15,01,046,,1*50
$GPGSV,4,2,14,18,57,293,,21,17,132,28,23,10,354,29,25,70,031,51,1*64
$GPGSV,4,3,14,26,13,222,25,28,29,276,26,29,57,178,24,31,20,244,23,1*61
$GPGSV,4,4,14,193,,,25,197,,,25,1*65
$GPRMC,162820.11,A,3001.74122,S,05112.74448,W,0.22,58.30,090926,,,A,V*12
$GPGGA,162821.11,3001.74123,S,05112.74442,W,1,08,1.23,64.59,M,,M,,*42
$GPGLL,3001.74123,S,05112.74442,W,162821.11,A,A*6F
$GPGSA,A,3,05,12,13,23,25,28,29,31,,,,,2.40,1.23,2.06,1*1C
$GPGSV,4,1,14,5,42,104,44,12,34,044,49,13,28,037,44,15,01,046,,1*50
$GPGSV,4,2,14,18,57,293,,21,17,132,27,23,10,354,29,25,70,031,52,1*68
$GPGSV,4,3,14,26,13,222,24,28,29,276,27,29,57,178,24,31,20,244,22,1*60
$GPGSV,4,4,14,193,,,25,197,,,25,1*65
$GPRMC,162821.11,A,3001.74123,S,05112.74442,W,0.11,58.30,090926,,,A,V*18
$GPGGA,162822.11,3001.74125,S,05112.74438,W,1,08,1.23,64.54,M,,M,,*47
$GPGLL,3001.74125,S,05112.74438,W,162822.11,A,A*67
$GPGSA,A,3,05,12,13,23,25,28,29,31,,,,,2.40,1.23,2.06,1*1C
$GPGSV,4,1,14,5,42,104,44,12,34,044,49,13,28,037,44,15,01,046,,1*50
$GPGSV,4,2,14,18,57,293,,21,17,132,28,23,10,354,29,25,70,031,52,1*67
$GPGSV,4,3,14,26,13,222,25,28,29,276,26,29,57,178,24,31,20,244,22,1*60
$GPGSV,4,4,14,193,,,25,201,,,28,1*64
$GPRMC,162822.11,A,3001.74125,S,05112.74438,W,0.35,58.30,090926,,,A,V*16
$GPGGA,162823.11,3001.74118,S,05112.74437,W,1,08,1.23,64.34,M,,M,,*41
$GPGLL,3001.74118,S,05112.74437,W,162823.11,A,A*67
$GPGSA,A,3,05,12,13,23,25,28,29,31,,,,,2.40,1.23,2.06,1*1C
$GPGSV,4,1,14,5,42,104,43,12,34,044,49,13,28,037,43,15,01,046,,1*50
$GPGSV,4,2,14,18,57,293,,21,17,132,29,23,10,354,29,25,70,031,51,1*65
$GPGSV,4,3,14,26,13,222,25,28,29,276,27,29,57,178,25,31,20,244,21,1*63
$GPGSV,4,4,14,193,,,34,197,,,28,1*68
$GPRMC,162823.11,A,3001.74118,S,05112.74437,W,0.25,58.30,090926,,,A,V*17
$GPGGA,162824.11,3001.74120,S,05112.74432,W,1,08,1.23,64.14,M,,M,,*4A
$GPGLL,3001.74120,S,05112.74432,W,162824.11,A,A*6E
$GPGSA,A,3,05,12,13,23,25,28,29,31,,,,,2.40,1.23,2.06,1*1C
$GPGSV,4,1,14,5,42,104,43,12,34,044,49,13,28,037,43,15,01,046,,1*50
$GPGSV,4,2,14,18,57,293,,21,17,132,24,23,10,354,29,25,70,031,51,1*68
$GPGSV,4,3,14,26,13,222,25,28,29,276,27,29,57,178,25,31,20,244,22,1*60
$GPGSV,4,4,14,193,,,26,197,,,27,1*64
$GPRMC,162824.11,A,3001.74120,S,05112.74432,W,0.12,58.30,090926,,,A,V*1A
$GPGGA,162825.11,3001.74121,S,05112.74436,W,1,08,1.23,63.92,M,,M,,*47
$GPGLL,3001.74121,S,05112.74436,W,162825.11,A,A*6A
$GPGSA,A,3,05,12,13,23,25,28,29,31,,,,,2.40,1.23,2.06,1*1C
$GPGSV,4,1,14,5,42,104,43,12,34,044,49,13,28,037,44,15,01,046,,1*57
$GPGSV,4,2,14,18,57,293,,21,17,132,28,23,10,354,29,25,70,031,52,1*67
$GPGSV,4,3,14,26,13,222,24,28,29,276,26,29,57,178,25,31,20,244,22,1*60
$GPGSV,4,4,14,193,,,25,197,,,27,1*67
$GPRMC,162825.11,A,3001.74121,S,05112.74436,W,0.39,58.30,090926,,,A,V*17
$GPGGA,162826.11,3001.74111,S,05112.74429,W,1,08,1.23,64.09,M,,M,,*4C
$GPGLL,3001.74111,S,05112.74429,W,162826.11,A,A*64
$GPGSA,A,3,05,12,13,23,25,28,29,31,,,,,2.40,1.23,2.06,1*1C
$GPGSV,4,1,14,5,42,104,44,12,34,044,49,13,28,037,43,15,01,046,,1*57
$GPGSV,4,2,14,18,57,293,,21,17,132,28,23,10,354,29,25,70,031,52,1*67
$GPGSV,4,3,14,26,13,222,26,28,29,276,27,29,57,178,25,31,20,244,22,1*63
$GPGSV,4,4,14,193,,,25,197,,,27,1*67
$GPRMC,162826.11,A,3001.74111,S,05112.74429,W,0.22,58.30,090926,,,A,V*13
$GPGGA,162827.11,3001.74108,S,05112.74427,W,1,08,1.23,64.03,M,,M,,*41
$GPGLL,3001.74108,S,05112.74427,W,162827.11,A,A*63
$GPGSA,A,3,05,12,13,23,25,28,29,31,,,,,2.40,1.23,2.06,1*1C
$GPGSV,4,1,14,5,42,104,44,12,34,044,49,13,28,037,43,15,01,046,,1*57
$GPGSV,4,2,14,18,57,293,,21,17,132,27,23,10,354,29,25,70,031,51,1*6B
$GPGSV,4,3,14,26,13,222,25,28,29,276,27,29,57,178,26,31,20,244,22,1*63
$GPGSV,4,4,14,193,,,26,197,,,25,1*66
$GPRMC,162827.11,A,3001.74108,S,05112.74427,W,0.23,58.30,090926,,,A,V*15
$GPGGA,162828.11,3001.74106,S,05112.74431,W,1,08,1.23,63.93,M,,M,,*49
$GPGLL,3001.74106,S,05112.74431,W,162828.11,A,A*65
$GPGSA,A,3,05,12,13,23,25,28,29,31,,,,,2.40,1.23,2.06,1*1C
$GPGSV,4,1,14,5,42,104,44,12,34,044,48,13,28,037,43,15,01,046,,1*56
$GPGSV,4,2,14,18,57,293,,21,17,132,28,23,10,354,30,25,70,031,50,1*6D
$GPGSV,4,3,14,26,13,222,27,28,29,276,27,29,57,178,26,31,20,244,22,1*61
$GPGSV,4,4,14,193,,,27,197,,,27,1*65
$GPRMC,162828.11,A,3001.74106,S,05112.74431,W,0.23,58.30,090926,,,A,V*13
$GPGGA,162829.11,3001.74102,S,05112.74432,W,1,08,1.23,63.94,M,,M,,*48
$GPGLL,3001.74102,S,05112.74432,W,162829.11,A,A*63
$GPGSA,A,3,05,12,13,23,25,28,29,31,,,,,2.40,1.23,2.06,1*1C
$GPGSV,3,1,12,5,42,104,44,12,34,044,49,13,28,037,43,15,01,046,,1*56
$GPGSV,3,2,12,18,57,293,,21,17,132,28,23,10,354,30,25,70,031,51,1*6D
$GPGSV,3,3,12,26,13,222,25,28,29,276,26,29,57,178,27,31,20,244,22,1*62
$GPRMC,162829.11,A,3001.74102,S,05112.74432,W,0.04,58.30,090926,,,A,V*10
$GPGGA,162830.11,3001.74100,S,05112.74419,W,1,08,1.23,64.05,M,,M,,*44
$GPGLL,3001.74100,S,05112.74419,W,162830.11,A,A*60
$GPGSA,A,3,05,12,13,23,25,28,29,31,,,,,2.40,1.23,2.06,1*1C
$GPGSV,4,1,13,5,42,104,45,12,34,044,49,13,28,037,43,15,01,046,,1*51
$GPGSV,4,2,13,18,57,293,,21,17,132,28,23,10,354,29,25,70,031,51,1*63
$GPGSV,4,3,13,26,13,222,24,28,29,276,26,29,57,178,26,31,20,244,21,1*67
$GPGSV,4,4,13,193,,,25,1*5A
$GPRMC,162830.11,A,3001.74100,S,05112.74419,W,0.31,58.30,090926,,,A,V*15
$GPGGA,162831.11,3001.74095,S,05112.74415,W,1,08,1.23,64.15,M,,M,,*45
$GPGLL,3001.74095,S,05112.74415,W,162831.11,A,A*60
$GPGSA,A,3,05,12,13,23,25,28,29,31,,,,,2.40,1.23,2.06,1*1C
$GPGSV,4,1,14,5,42,104,45,12,34,044,49,13,28,037,43,15,01,046,,1*56
$GPGSV,4,2,14,18,57,293,,21,17,132,25,23,10,354,29,25,70,031,51,1*69
$GPGSV,4,3,14,26,13,222,25,28,29,276,26,29,57,178,26,31,20,244,22,1*62
$GPGSV,4,4,14,193,,,35,197,,,42,1*65
$GPRMC,162831.11,A,3001.74095,S,05112.74415,W,0.38,58.30,090926,,,A,V*1C
$GPGGA,162832.11,3001.74094,S,05112.74431,W,1,08,1.23,63.89,M,,M,,*43
$GPGLL,3001.74094,S,05112.74431,W,162832.11,A,A*64
$GPGSA,A,3,05,12,13,23,25,28,29,31,,,,,2.40,1.23,2.06,1*1C
$GPGSV,4,1,14,5,42,104,45,12,34,044,49,13,28,037,43,15,01,046,,1*56
$GPGSV,4,2,14,18,57,293,,21,17,132,28,23,10,354,29,25,70,031,51,1*64
$GPGSV,4,3,14,26,13,222,29,28,29,276,26,29,57,178,26,31,20,244,20,1*6C
$GPGSV,4,4,14,193,,,35,197,,,42,1*65
$GPRMC,162832.11,A,3001.74094,S,05112.74431,W,0.13,58.30,090926,,,A,V*11
$GPGGA,162833.11,3001.74090,S,05112.74434,W,1,08,1.23,63.90,M,,M,,*4B
$GPGLL,3001.74090,S,05112.74434,W,162833.11,A,A*64
$GPGSA,A,3,05,12,13,23,25,28,29,31,,,,,2.40,1.23,2.06,1*1C
$GPGSV,4,1,14,5,42,104,45,12,34,044,50,13,28,037,43,15,01,046,,1*5E
$GPGSV,4,2,14,18,57,293,,21,17,132,28,23,10,354,29,25,70,031,52,1*67
$GPGSV,4,3,14,26,13,222,25,28,29,276,26,29,57,178,26,31,20,244,20,1*60
$GPGSV,4,4,14,193,,,35,197,,,42,1*65
$GPRMC,162833.11,A,3001.74090,S,05112.74434,W,0.04,58.30,090926,,,A,V*17
$GPGGA,162834.11,3001.74092,S,05112.74447,W,1,08,1.23,63.65,M,,M,,*40
$GPGLL,3001.74092,S,05112.74447,W,162834.11,A,A*65
$GPGSA,A,3,05,12,13,23,25,28,29,31,,,,,2.40,1.23,2.06,1*1C
$GPGSV,4,1,14,5,42,104,45,12,34,044,50,13,28,037,43,15,01,046,,1*5E
$GPGSV,4,2,14,18,57,293,,21,17,132,29,23,10,354,29,25,70,031,52,1*66
$GPGSV,4,3,14,26,13,222,25,28,29,276,26,29,57,178,25,31,20,244,19,1*69
$GPGSV,4,4,14,193,,,35,197,,,42,1*65
$GPRMC,162834.11,A,3001.74092,S,05112.74447,W,0.15,58.30,090926,,,A,V*16
$GPGGA,162835.11,3001.74101,S,05112.74452,W,1,08,1.23,63.48,M,,M,,*41
$GPGLL,3001.74101,S,05112.74452,W,162835.11,A,A*6B
$GPGSA,A,3,05,12,13,23,25,28,29,31,,,,,2.40,1.23,2.06,1*1C
$GPGSV,4,1,14,5,42,104,45,12,34,044,50,13,28,037,43,15,01,046,,1*5E
$GPGSV,4,2,14,18,57,293,,21,17,132,27,23,10,354,29,25,70,031,52,1*68
$GPGSV,4,3,14,26,13,222,28,28,29,276,25,29,57,178,25,31,20,244,18,1*66
$GPGSV,4,4,14,193,,,25,197,,,26,1*66
$GPRMC,162835.11,A,3001.74101,S,05112.74452,W,0.05,58.30,090926,,,A,V*19
$GPGGA,162836.11,3001.74105,S,05112.74460,W,1,08,1.23,63.40,M,,M,,*4F
$GPGLL,3001.74105,S,05112.74460,W,162836.11,A,A*6D
$GPGSA,A,3,05,12,13,23,25,28,29,31,,,,,2.40,1.23,2.06,1*1C
$GPGSV,4,1,14,5,42,104,45,12,34,044,49,13,28,037,43,15,01,046,,1*56
$GPGSV,4,2,14,18,57,293,,21,17,132,28,23,10,354,29,25,70,031,50,1*65
$GPGSV,4,3,14,26,13,222,26,28,29,276,25,29,57,178,26,31,20,244,17,1*64
$GPGSV,4,4,14,193,,,25,197,,,28,1*68
$GPRMC,162836.11,A,3001.74105,S,05112.74460,W,0.43,58.30,090926,,,A,V*1D
$GPGGA,162837.11,3001.74112,S,05112.74477,W,1,08,1.23,63.01,M,,M,,*4B
$GPGLL,3001.74112,S,05112.74477,W,162837.11,A,A*6C
$GPGSA,A,3,05,12,13,23,25,28,29,31,,,,,2.40,1.23,2.06,1*1C
$GPGSV,4,1,14,5,42,104,45,12,34,044,49,13,28,037,43,15,01,046,,1*56
$GPGSV,4,2,14,18,57,293,,21,17,132,27,23,10,354,29,25,70,031,50,1*6A
$GPGSV,4,3,14,26,13,222,25,28,29,276,25,29,57,178,25,31,20,244,16,1*65
$GPGSV,4,4,14,193,,,24,197,,,25,1*64
$GPRMC,162837.11,A,3001.74112,S,05112.74477,W,0.11,58.30,090926,,,A,V*1B
$GPGGA,162838.11,3001.74116,S,05112.74497,W,1,08,1.23,62.69,M,,M,,*41
$GPGLL,3001.74116,S,05112.74497,W,162838.11,A,A*69
$GPGSA,A,3,05,12,13,23,25,28,29,31,,,,,2.40,1.23,2.06,1*1C
$GPGSV,4,1,14,5,42,104,45,12,34,044,49,13,28,037,44,15,01,046,,1*51
$GPGSV,4,2,14,18,57,293,,21,17,132,27,23,10,354,29,25,70,031,51,1*6B
$GPGSV,4,3,14,26,13,222,25,28,29,276,25,29,57,178,25,31,20,244,16,1*65
$GPGSV,4,4,14,193,,,25,197,,,27,1*67
$GPRMC,162838.11,A,3001.74116,S,05112.74497,W,0.12,58.30,090926,,,A,V*1D
$GPGGA,162839.11,3001.74119,S,05112.74503,W,1,08,1.23,62.61,M,,M,,*4B
$GPGLL,3001.74119,S,05112.74503,W,162839.11,A,A*6B
$GPGSA,A,3,05,12,13,23,25,28,29,31,,,,,2.40,1.23,2.06,1*1C
$GPGSV,4,1,14,5,42,104,45,12,34,044,50,13,28,037,44,15,01,046,,1*59
$GPGSV,4,2,14,18,57,293,,21,17,132,,23,10,354,30,25,70,031,51,1*66
$GPGSV,4,3,14,26,13,222,30,28,29,276,26,29,57,178,25,31,20,244,17,1*63
$GPGSV,4,4,14,193,,,25,201,,,27,1*6B
$GPRMC,162839.11,A,3001.74119,S,05112.74503,W,0.22,58.30,090926,,,A,V*1C
$GPGGA,162840.11,3001.74117,S,05112.74505,W,1,08,1.23,62.73,M,,M,,*4E
$GPGLL,3001.74117,S,05112.74505,W,162840.11,A,A*6D
$GPGSA,A,3,05,12,13,23,25,28,29,31,,,,,2.40,1.23,2.06,1*1C
$GPGSV,4,1,14,5,42,104,45,12,34,044,49,13,28,037,43,15,01,046,,1*56
$GPGSV,4,2,14,18,57,293,,21,17,132,,23,10,354,29,25,70,031,51,1*6E
$GPGSV,4,3,14,26,13,222,25,28,29,276,26,29,57,178,24,31,20,244,16,1*67
$GPGSV,4,4,14,193,,,25,197,,,27,1*67
$GPRMC,162840.11,A,3001.74117,S,05112.74505,W,0.07,58.30,090926,,,A,V*1D
$GPGGA,162841.11,3001.74118,S,05112.74511,W,1,08,1.23,62.75,M,,M,,*43
$GPGLL,3001.74118,S,05112.74511,W,162841.11,A,A*66
$GPGSA,A,3,05,12,13,23,25,28,29,31,,,,,2.40,1.23,2.06,1*1C
$GPGSV,4,1,13,5,42,104,45,12,34,044,49,13,28,037,43,15,01,046,,1*51
$GPGSV,4,2,13,18,57,293,,21,17,132,27,23,10,354,29,25,70,031,51,1*6C
$GPGSV,4,3,13,26,13,222,28,28,29,276,25,29,57,178,24,31,20,244,16,1*6E
$GPGSV,4,4,13,193,,,26,1*59
$GPRMC,162841.11,A,3001.74118,S,05112.74511,W,0.05,58.30,090926,,,A,V*14
$GPGGA,162842.11,3001.74117,S,05112.74528,W,1,08,1.23,62.58,M,,M,,*4A
$GPGLL,3001.74117,S,05112.74528,W,162842.11,A,A*60
$GPGSA,A,3,05,12,13,23,25,28,29,31,,,,,2.40,1.23,2.06,1*1C
$GPGSV,4,1,14,5,42,104,44,12,34,044,49,13,28,037,42,15,01,046,,1*56
$GPGSV,4,2,14,18,57,293,,21,17,132,26,23,10,354,29,25,70,031,51,1*6A
$GPGSV,4,3,14,26,13,222,26,28,29,276,25,29,57,178,24,31,20,244,17,1*66
$GPGSV,4,4,14,193,,,25,201,,,30,1*6D
$GPRMC,162842.11,A,3001.74117,S,05112.74528,W,0.45,58.30,090926,,,A,V*16
$GPGGA,162843.11,3001.74125,S,05112.74552,W,1,07,1.42,62.21,M,,M,,*41
$GPGLL,3001.74125,S,05112.74552,W,162843.11,A,A*6D
$GPGSA,A,3,05,12,13,23,25,29,31,,,,,,2.57,1.42,2.14,1*14
$GPGSV,4,1,14,5,42,104,44,12,34,044,49,13,28,037,43,15,01,046,,1*57
$GPGSV,4,2,14,18,57,293,,21,17,132,26,23,10,354,30,25,70,031,51,1*62
$GPGSV,4,3,14,26,13,222,28,28,29,276,25,29,57,178,24,31,20,244,18,1*67
$GPGSV,4,4,14,193,,,27,201,,,25,1*6B
$GPRMC,162843.11,A,3001.74125,S,05112.74552,W,0.09,58.30,090926,,,A,V*13
$GPGGA,162844.11,3001.74135,S,05112.74558,W,1,08,1.23,62.18,M,,M,,*4F
$GPGLL,3001.74135,S,05112.74558,W,162844.11,A,A*61
$GPGSA,A,3,05,12,13,23,25,28,29,31,,,,,2.40,1.23,2.06,1*1C
$GPGSV,4,1,14,5,42,104,44,12,34,044,49,13,28,037,43,15,01,046,,1*57
$GPGSV,4,2,14,18,57,293,,21,17,132,28,23,10,354,29,25,70,031,51,1*64
$GPGSV,4,3,14,26,13,222,27,28,29,276,25,29,57,178,24,31,20,244,20,1*63
$GPGSV,4,4,14,193,,,27,201,,,24,1*6A
$GPRMC,162844.11,A,3001.74135,S,05112.74558,W,0.28,58.30,090926,,,A,V*1C
$GPGGA,162845.11,3001.74139,S,05112.74556,W,1,08,1.23,62.23,M,,M,,*44
$GPGLL,3001.74139,S,05112.74556,W,162845.11,A,A*62
$GPGSA,A,3,05,12,13,23,25,28,29,31,,,,,2.40,1.23,2.06,1*1C
$GPGSV,4,1,14,5,42,104,44,12,34,044,49,13,28,037,43,15,01,046,,1*57
$GPGSV,4,2,14,18,57,293,,21,17,132,28,23,10,354,30,25,70,031,51,1*6C
$GPGSV,4,3,14,26,13,222,25,28,29,276,25,29,57,178,23,31,20,244,21,1*67
$GPGSV,4,4,14,193,,,27,201,,,24,1*6A
$GPRMC,162845.11,A,3001.74139,S,05112.74556,W,0.04,58.30,090926,,,A,V*11
$GPGGA,162846.11,3001.74139,S,05112.74563,W,1,08,1.23,62.21,M,,M,,*43
$GPGLL,3001.74139,S,05112.74563,W,162846.11,A,A*67
$GPGSA,A,3,05,12,13,23,25,28,29,31,,,,,2.40,1.23,2.06,1*1C
$GPGSV,4,1,14,5,42,104,44,12,34,044,50,13,28,037,43,15,01,046,,1*5F
$GPGSV,4,2,14,18,57,293,,21,17,132,28,23,10,354,30,25,70,031,51,1*6C
$GPGSV,4,3,14,26,13,222,25,28,29,276,22,29,57,178,23,31,20,244,22,1*63
$GPGSV,4,4,14,193,,,28,197,,,33,1*6F
$GPRMC,162846.11,A,3001.74139,S,05112.74563,W,0.00,58.30,090926,,,A,V*10
$GPGGA,162847.11,3001.74144,S,05112.74569,W,1,08,1.23,62.12,M,,M,,*42
$GPGLL,3001.74144,S,05112.74569,W,162847.11,A,A*66
$GPGSA,A,3,05,12,13,23,25,28,29,31,,,,,2.40,1.23,2.06,1*1C
$GPGSV,4,1,14,5,42,104,44,12,34,044,49,13,28,037,43,15,01,046,,1*57
$GPGSV,4,2,14,18,57,293,,21,17,132,,23,10,354,30,25,70,031,51,1*66
$GPGSV,4,3,14,26,13,222,25,28,29,276,23,29,57,178,23,31,20,244,23,1*63
$GPGSV,4,4,14,193,,,27,197,,,26,1*64
$GPRMC,162847.11,A,3001.74144,S,05112.74569,W,0.27,58.30,090926,,,A,V*14
$GPGGA,162848.11,3001.74150,S,05112.74589,W,1,08,1.23,61.92,M,,M,,*4D
$GPGLL,3001.74150,S,05112.74589,W,162848.11,A,A*62
$GPGSA,A,3,05,12,13,23,25,28,29,31,,,,,2.40,1.23,2.06,1*1C
$GPGSV,4,1,14,5,42,104,45,12,34,044,49,13,28,037,43,15,01,046,,1*56
$GPGSV,4,2,14,18,57,293,,21,17,132,,23,10,354,30,25,70,031,52,1*65
$GPGSV,4,3,14,26,13,222,27,28,29,276,22,29,57,178,23,31,20,244,23,1*60
$GPGSV,4,4,14,193,,,26,197,,,25,1*66
$GPRMC,162848.11,A,3001.74150,S,05112.74589,W,0.78,58.30,090926,,,A,V*1A
$GPGGA,162849.11,3001.74159,S,05112.74611,W,1,08,1.23,61.77,M,,M,,*4C
$GPGLL,3001.74159,S,05112.74611,W,162849.11,A,A*68
$GPGSA,A,3,05,12,13,23,25,28,29,31,,,,,2.40,1.23,2.06,1*1C
$GPGSV,4,1,14,5,42,104,45,12,34,044,49,13,28,037,44,15,01,046,,1*51
$GPGSV,4,2,14,18,57,293,,21,17,132,,23,10,354,30,25,70,031,51,1*66
$GPGSV,4,3,14,26,13,222,26,28,29,276,21,29,57,178,24,31,20,244,24,1*62
$GPGSV,4,4,14,193,,,25,197,,,25,1*65
$GPRMC,162849.11,A,3001.74159,S,05112.74611,W,0.41,58.30,090926,,,A,V*1A
$GPGGA,162850.11,3001.74176,S,05112.74626,W,1,08,1.23,61.61,M,,M,,*4A
$GPGLL,3001.74176,S,05112.74626,W,162850.11,A,A*69
$GPGSA,A,3,05,12,13,23,25,28,29,31,,,,,2.40,1.23,2.06,1*1C
$GPGSV,4,1,14,5,42,104,45,12,34,044,50,13,28,037,44,15,01,046,,1*59
$GPGSV,4,2,14,18,57,293,,21,17,132,27,23,10,354,30,25,70,031,51,1*63
$GPGSV,4,3,14,26,13,222,25,28,29,276,20,29,57,178,23,31,20,244,24,1*67
$GPGSV,4,4,14,193,,,25,197,,,33,1*62
$GPRMC,162850.11,A,3001.74176,S,05112.74626,W,0.39,58.30,090926,,,A,V*14
$GPGGA,162851.11,3001.74183,S,05112.74644,W,1,08,1.23,61.21,M,,M,,*41
$GPGLL,3001.74183,S,05112.74644,W,162851.11,A,A*66
$GPGSA,A,3,05,12,13,23,25,28,29,31,,,,,2.40,1.23,2.06,1*1C
$GPGSV,4,1,14,5,42,104,45,12,34,044,50,13,28,037,44,15,01,046,,1*59
$GPGSV,4,2,14,18,57,293,,21,17,132,27,23,10,354,30,25,70,031,51,1*63
$GPGSV,4,3,14,26,13,222,24,28,29,276,20,29,57,178,23,31,20,244,24,1*66
$GPGSV,4,4,14,193,,,27,197,,,25,1*67
$GPRMC,162851.11,A,3001.74183,S,05112.74644,W,0.49,58.30,090926,,,A,V*1C
$GPGGA,162852.11,3001.74191,S,05112.74663,W,1,08,1.23,61.03,M,,M,,*44
$GPGLL,3001.74191,S,05112.74663,W,162852.11,A,A*63
$GPGSA,A,3,05,12,13,23,25,28,29,31,,,,,2.40,1.23,2.06,1*1C
$GPGSV,4,1,14,5,42,104,45,12,34,044,50,13,28,037,44,15,01,046,,1*59
$GPGSV,4,2,14,18,57,293,,21,17,132,28,23,10,354,30,25,70,031,51,1*6C
$GPGSV,4,3,14,26,13,222,29,28,29,276,20,29,57,178,23,31,20,244,23,1*6C
$GPGSV,4,4,14,193,,,26,197,,,24,1*67
$GPRMC,162852.11,A,3001.74191,S,05112.74663,W,0.23,58.30,090926,,,A,V*15
$GPGGA,162853.11,3001.74191,S,05112.74673,W,1,08,1.23,61.08,M,,M,,*4F
$GPGLL,3001.74191,S,05112.74673,W,162853.11,A,A*63
$GPGSA,A,3,05,12,13,23,25,28,29,31,,,,,2.40,1.23,2.06,1*1C
$GPGSV,4,1,14,5,42,104,45,12,34,044,50,13,28,037,44,15,01,046,,1*59
$GPGSV,4,2,14,18,57,293,,21,17,132,27,23,10,354,30,25,70,031,52,1*60
$GPGSV,4,3,14,26,13,222,26,28,29,276,21,29,57,178,22,31,20,244,23,1*63
$GPGSV,4,4,14,193,,,26,197,,,25,1*66
$GPRMC,162853.11,A,3001.74191,S,05112.74673,W,0.01,58.30,090926,,,A,V*15
$GPGGA,162854.11,3001.74193,S,05112.74684,W,1,08,1.23,61.04,M,,M,,*4E
$GPGLL,3001.74193,S,05112.74684,W,162854.11,A,A*6E
$GPGSA,A,3,05,12,13,23,25,28,29,31,,,,,2.40,1.23,2.06,1*1C
$GPGSV,4,1,14,5,42,104,45,12,34,044,50,13,28,037,43,15,01,046,,1*5E
$GPGSV,4,2,14,18,57,293,,21,17,132,28,23,10,354,30,25,70,031,52,1*6F
$GPGSV,4,3,14,26,13,222,,28,29,276,20,29,57,178,22,31,20,244,23,1*66
$GPGSV,4,4,14,193,,,28,197,,,28,1*65
$GPRMC,162854.11,A,3001.74193,S,05112.74684,W,0.39,58.30,090926,,,A,V*13
$GPGGA,162855.11,3001.74197,S,05112.74694,W,1,08,1.23,61.00,M,,M,,*4E
$GPGLL,3001.74197,S,05112.74694,W,162855.11,A,A*6A
$GPGSA,A,3,05,12,13,23,25,28,29,31,,,,,2.40,1.23,2.06,1*1C
$GPGSV,4,1,13,5,42,104,45,12,34,044,51,13,28,037,43,15,01,046,,1*58
$GPGSV,4,2,13,18,57,293,,21,17,132,28,23,10,354,30,25,70,031,51,1*6B
$GPGSV,4,3,13,26,13,222,26,28,29,276,21,29,57,178,22,31,20,244,22,1*65
$GPGSV,4,4,13,193,,,27,1*58
$GPRMC,162855.11,A,3001.74197,S,05112.74694,W,0.65,58.30,090926,,,A,V*1E
$GPGGA,162856.11,3001.74205,S,05112.74695,W,1,08,1.23,61.11,M,,M,,*44
$GPGLL,3001.74205,S,05112.74695,W,162856.11,A,A*60
$GPGSA,A,3,05,12,13,23,25,28,29,31,,,,,2.40,1.23,2.06,1*1C
$GPGSV,3,1,12,5,42,104,45,12,34,044,50,13,28,037,42,15,01,046,,1*5E
$GPGSV,3,2,12,18,57,293,,21,17,132,27,23,10,354,30,25,70,031,52,1*61
$GPGSV,3,3,12,26,13,222,29,28,29,276,20,29,57,178,22,31,20,244,22,1*6D
$GPRMC,162856.11,A,3001.74205,S,05112.74695,W,0.42,58.30,090926,,,A,V*11
$GPGGA,162857.11,3001.74209,S,05112.74700,W,1,08,1.23,61.20,M,,M,,*46
$GPGLL,3001.74209,S,05112.74700,W,162857.11,A,A*60
$GPGSA,A,3,05,12,13,23,25,28,29,31,,,,,2.40,1.23,2.06,1*1C
$GPGSV,4,1,13,5,42,104,45,12,34,044,51,13,28,037,43,15,01,046,,1*58
$GPGSV,4,2,13,18,57,293,,21,17,132,27,23,10,354,31,25,70,031,52,1*66
$GPGSV,4,3,13,26,13,222,25,28,29,276,20,29,57,178,22,31,20,244,22,1*67
$GPGSV,4,4,13,201,,,29,1*5E
$GPRMC,162857.11,A,3001.74209,S,05112.74700,W,0.01,58.30,090926,,,A,V*16
$GPGGA,162858.11,3001.74203,S,05112.74696,W,1,08,1.23,61.52,M,,M,,*48
$GPGLL,3001.74203,S,05112.74696,W,162858.11,A,A*6B
$GPGSA,A,3,05,12,13,23,25,28,29,31,,,,,2.40,1.23,2.06,1*1C
$GPGSV,3,1,12,5,42,104,45,12,34,044,50,13,28,037,43,15,01,046,,1*5F
$GPGSV,3,2,12,18,57,293,,21,17,132,,23,10,354,31,25,70,031,52,1*65
$GPGSV,3,3,12,26,13,222,24,28,29,276,20,29,57,178,22,31,20,244,22,1*60
$GPRMC,162858.11,A,3001.74203,S,05112.74696,W,0.17,58.30,090926,,,A,V*1A
$GPGGA,162859.11,3001.74203,S,05112.74696,W,1,08,1.23,61.69,M,,M,,*41
$GPGLL,3001.74203,S,05112.74696,W,162859.11,A,A*6A
$GPGSA,A,3,05,12,13,23,25,28,29,31,,,,,2.40,1.23,2.06,1*1C
$GPGSV,3,1,12,5,42,104,45,12,34,044,50,13,28,037,44,15,01,046,,1*58
$GPGSV,3,2,12,18,57,293,19,21,17,132,26,23,10,354,30,25,70,031,52,1*68
$GPGSV,3,3,12,26,13,222,25,28,29,276,20,29,57,178,23,31,20,244,22,1*60
$GPRMC,162859.11,A,3001.74203,S,05112.74696,W,0.05,58.30,090926,,,A,V*18
$GPGGA,162900.11,3001.74203,S,05112.74702,W,1,08,1.23,61.85,M,,M,,*42
$GPGLL,3001.74203,S,05112.74702,W,162900.11,A,A*6B
$GPGSA,A,3,05,12,13,23,25,28,29,31,,,,,2.40,1.23,2.06,1*1C
$GPGSV,3,1,12,5,42,104,45,12,34,044,51,13,28,037,44,15,01,046,,1*59
$GPGSV,3,2,12,18,57,293,29,21,17,132,27,23,10,354,31,25,70,031,52,1*6B
$GPGSV,3,3,12,26,13,222,27,28,29,276,20,29,57,178,22,31,20,244,22,1*63
$GPRMC,162900.11,A,3001.74203,S,05112.74702,W,0.08,58.30,090926,,,A,V*14
$GPGGA,162901.11,3001.74198,S,05112.74697,W,1,08,1.23,62.13,M,,M,,*43
$GPGLL,3001.74198,S,05112.74697,W,162901.11,A,A*66
$GPGSA,A,3,05,12,13,23,25,28,29,31,,,,,2.40,1.23,2.06,1*1C
$GPGSV,3,1,12,5,42,104,45,12,34,044,51,13,28,037,44,15,01,046,,1*59
$GPGSV,3,2,12,18,57,293,25,21,17,132,28,23,10,354,31,25,70,031,52,1*68
$GPGSV,3,3,12,26,13,222,25,28,29,276,20,29,57,178,22,31,20,244,23,1*60
$GPRMC,162901.11,A,3001.74198,S,05112.74697,W,0.16,58.30,090926,,,A,V*16
$GPGGA,162902.11,3001.74196,S,05112.74691,W,1,08,1.23,62.30,M,,M,,*49
$GPGLL,3001.74196,S,05112.74691,W,162902.11,A,A*6D
$GPGSA,A,3,05,12,13,23,25,28,29,31,,,,,2.40,1.23,2.06,1*1C
$GPGSV,3,1,12,5,42,104,45,12,34,044,51,13,28,037,43,15,01,046,,1*5E
$GPGSV,3,2,12,18,57,293,25,21,17,132,28,23,10,354,31,25,70,031,53,1*69
$GPGSV,3,3,12,26,13,222,25,28,29,276,20,29,57,178,22,31,20,244,23,1*60
$GPRMC,162902.11,A,3001.74196,S,05112.74691,W,0.12,58.30,090926,,,A,V*19
$GPGGA,162903.11,3001.74201,S,05112.74678,W,1,08,1.23,62.51,M,,M,,*45
$GPGLL,3001.74201,S,05112.74678,W,162903.11,A,A*66
$GPGSA,A,3,05,12,13,23,25,28,29,31,,,,,2.40,1.23,2.06,1*1C
$GPGSV,4,1,13,5,42,104,45,12,34,044,51,13,28,037,43,15,01,046,,1*58
$GPGSV,4,2,13,18,57,293,24,21,17,132,,23,10,354,31,25,70,031,53,1*64
$GPGSV,4,3,13,26,13,222,,28,29,276,21,29,57,178,23,31,20,244,23,1*61
$GPGSV,4,4,13,193,,,27,1*58
$GPRMC,162903.11,A,3001.74201,S,05112.74678,W,0.35,58.30,090926,,,A,V*17
$GPGGA,162904.11,3001.74200,S,05112.74681,W,1,08,1.23,62.70,M,,M,,*46
$GPGLL,3001.74200,S,05112.74681,W,162904.11,A,A*66
$GPGSA,A,3,05,12,13,23,25,28,29,31,,,,,2.40,1.23,2.06,1*1C
$GPGSV,4,1,13,5,42,104,45,12,34,044,51,13,28,037,43,15,01,046,,1*58
$GPGSV,4,2,13,18,57,293,25,21,17,132,,23,10,354,31,25,70,031,52,1*64
$GPGSV,4,3,13,26,13,222,27,28,29,276,22,29,57,178,22,31,20,244,24,1*61
$GPGSV,4,4,13,201,,,31,1*57
$GPRMC,162904.11,A,3001.74200,S,05112.74681,W,0.10,58.30,090926,,,A,V*10
$GPGGA,162905.11,3001.74198,S,05112.74682,W,1,08,1.23,62.99,M,,M,,*41
$GPGLL,3001.74198,S,05112.74682,W,162905.11,A,A*66
$GPGSA,A,3,05,12,13,23,25,28,29,31,,,,,2.40,1.23,2.06,1*1C
$GPGSV,4,1,13,5,42,104,45,12,34,044,50,13,28,037,43,15,01,046,,1*59
$GPGSV,4,2,13,18,57,293,,21,17,132,28,23,10,354,31,25,70,031,52,1*69
$GPGSV,4,3,13,26,13,222,25,28,29,276,23,29,57,178,21,31,20,244,24,1*61
$GPGSV,4,4,13,197,,,27,1*5C
$GPRMC,162905.11,A,3001.74198,S,05112.74682,W,0.11,58.30,090926,,,A,V*11
$GPGGA,162906.11,3001.74192,S,05112.74670,W,1,08,1.23,63.35,M,,M,,*42
$GPGLL,3001.74192,S,05112.74670,W,162906.11,A,A*62
$GPGSA,A,3,05,12,13,23,25,28,29,31,,,,,2.40,1.23,2.06,1*1C
$GPGSV,4,1,14,5,42,104,45,12,34,044,51,13,28,037,44,15,01,046,,1*58
$GPGSV,4,2,14,18,57,293,,21,17,132,26,23,10,354,31,25,70,031,52,1*60
$GPGSV,4,3,14,26,13,222,24,28,29,276,24,29,57,178,22,31,20,244,25,1*62
$GPGSV,4,4,14,193,,,28,197,,,25,1*68
$GPRMC,162906.11,A,3001.74192,S,05112.74670,W,0.54,58.30,090926,,,A,V*14
$GPGGA,162907.11,3001.74196,S,05112.74686,W,1,07,1.41,63.18,M,,M,,*4A
$GPGLL,3001.74196,S,05112.74686,W,162907.11,A,A*6E
$GPGSA,A,3,05,12,13,23,25,29,31,,,,,,2.57,1.41,2.14,1*17
$GPGSV,4,1,14,5,42,104,45,12,34,044,50,13,28,037,43,15,01,046,,1*5E
$GPGSV,4,2,14,18,57,293,,21,17,132,28,23,10,354,31,25,70,031,51,1*6D
$GPGSV,4,3,14,26,13,222,25,28,29,276,25,29,57,178,22,31,20,244,26,1*61
$GPGSV,4,4,14,193,,,28,197,,,27,1*6A
$GPRMC,162907.11,A,3001.74196,S,05112.74686,W,0.47,58.30,090926,,,A,V*1A
$GPGGA,162908.11,3001.74204,S,05112.74702,W,1,07,1.41,63.03,M,,M,,*4A
$GPGLL,3001.74204,S,05112.74702,W,162908.11,A,A*64
$GPGSA,A,3,05,12,13,23,25,29,31,,,,,,2.57,1.41,2.15,1*16
$GPGSV,3,1,12,5,42,104,45,12,34,044,50,13,28,037,43,15,01,046,,1*5F
$GPGSV,3,2,12,18,57,293,,21,17,132,28,23,10,354,31,25,70,031,51,1*6C
$GPGSV,3,3,12,26,13,222,27,28,29,276,25,29,57,178,22,31,20,244,26,1*62
$GPRMC,162908.11,A,3001.74204,S,05112.74702,W,0.34,58.30,090926,,,A,V*14
$GPGGA,162909.11,3001.74215,S,05112.74700,W,1,07,1.30,63.05,M,,M,,*49
$GPGLL,3001.74215,S,05112.74700,W,162909.11,A,A*67
$GPGSA,A,3,05,12,13,25,28,29,31,,,,,,2.59,1.30,2.24,1*17
$GPGSV,4,1,13,5,42,104,45,12,34,044,49,13,28,037,42,15,01,046,,1*50
$GPGSV,4,2,13,18,57,293,,21,17,132,29,23,10,354,31,25,70,031,51,1*6B
$GPGSV,4,3,13,26,13,222,24,28,29,276,25,29,57,178,22,31,20,244,26,1*67
$GPGSV,4,4,13,193,,,27,1*58
$GPRMC,162909.11,A,3001.74215,S,05112.74700,W,0.13,58.30,090926,,,A,V*12
$GPGGA,162910.11,3001.74210,S,05112.74687,W,1,08,1.23,63.08,M,,M,,*4A
$GPGLL,3001.74210,S,05112.74687,W,162910.11,A,A*64
$GPGSA,A,3,05,12,13,23,25,28,29,31,,,,,2.40,1.23,2.06,1*1C
$GPGSV,4,1,14,5,42,104,45,12,34,044,50,13,28,037,43,15,01,046,,1*5E
$GPGSV,4,2,14,18,57,293,,21,17,132,28,23,10,354,31,25,70,031,51,1*6D
$GPGSV,4,3,14,26,13,222,29,28,29,276,26,29,57,178,22,31,20,244,26,1*6E
$GPGSV,4,4,14,193,,,29,197,,,27,1*6B
$GPRMC,162910.11,A,3001.74210,S,05112.74687,W,0.13,58.30,090926,,,A,V*11
$GPGGA,162911.11,3001.74199,S,05112.74678,W,1,08,1.23,63.37,M,,M,,*45
$GPGLL,3001.74199,S,05112.74678,W,162911.11,A,A*67
$GPGSA,A,3,05,12,13,23,25,28,29,31,,,,,2.40,1.23,2.06,1*1C
$GPGSV,4,1,14,5,42,104,45,12,34,044,50,13,28,037,43,15,01,046,,1*5E
$GPGSV,4,2,14,18,57,293,,21,17,132,28,23,10,354,31,25,70,031,51,1*6D
$GPGSV,4,3,14,26,13,222,26,28,29,276,26,29,57,178,22,31,20,244,27,1*60
$GPGSV,4,4,14,193,,,27,197,,,25,1*67
$GPRMC,162911.11,A,3001.74199,S,05112.74678,W,0.25,58.30,090926,,,A,V*17
$GPGGA,162912.11,3001.74197,S,05112.74674,W,1,08,1.23,63.47,M,,M,,*43
$GPGLL,3001.74197,S,05112.74674,W,162912.11,A,A*66
$GPGSA,A,3,05,12,13,23,25,28,29,31,,,,,2.40,1.23,2.06,1*1C
$GPGSV,4,1,14,5,42,104,45,12,34,044,50,13,28,037,43,15,01,046,,1*5E
$GPGSV,4,2,14,18,57,293,,21,17,132,27,23,10,354,31,25,70,031,51,1*62
$GPGSV,4,3,14,26,13,222,25,28,29,276,27,29,57,178,22,31,20,244,26,1*63
$GPGSV,4,4,14,193,,,42,197,,,25,1*64
$GPRMC,162912.11,A,3001.74197,S,05112.74674,W,0.04,58.30,090926,,,A,V*15
$GPGGA,162913.11,3001.74197,S,05112.74680,W,1,07,1.41,63.68,M,,M,,*4F
$GPGLL,3001.74197,S,05112.74680,W,162913.11,A,A*6C
$GPGSA,A,3,05,12,13,23,25,29,31,,,,,,2.57,1.41,2.15,1*16
$GPGSV,4,1,14,5,42,104,45,12,34,044,50,13,28,037,43,15,01,046,,1*5E
$GPGSV,4,2,14,18,57,293,,21,17,132,28,23,10,354,31,25,70,031,51,1*6D
$GPGSV,4,3,14,26,13,222,26,28,29,276,27,29,57,178,22,31,20,244,27,1*61
$GPGSV,4,4,14,193,,,27,197,,,24,1*66
$GPRMC,162913.11,A,3001.74197,S,05112.74680,W,0.03,58.30,090926,,,A,V*18
$GPGGA,162914.11,3001.74195,S,05112.74676,W,1,08,1.23,63.85,M,,M,,*4B
$GPGLL,3001.74195,S,05112.74676,W,162914.11,A,A*60
$GPGSA,A,3,05,12,13,23,25,28,29,31,,,,,2.40,1.23,2.06,1*1C
$GPGSV,4,1,14,5,42,104,45,12,34,044,51,13,28,037,43,15,01,046,,1*5F
$GPGSV,4,2,14,18,57,293,,21,17,132,28,23,10,354,30,25,70,031,52,1*6F
$GPGSV,4,3,14,26,13,222,29,28,29,276,28,29,57,178,23,31,20,244,27,1*60
$GPGSV,4,4,14,193,,,25,197,,,27,1*67
$GPRMC,162914.11,A,3001.74195,S,05112.74676,W,0.27,58.30,090926,,,A,V*12
$GPGGA,162915.11,3001.74188,S,05112.74662,W,1,08,1.23,64.04,M,,M,,*4D
$GPGLL,3001.74188,S,05112.74662,W,162915.11,A,A*68
$GPGSA,A,3,05,12,13,23,25,28,29,31,,,,,2.40,1.23,2.06,1*1C
$GPGSV,4,1,14,5,42,104,44,12,34,044,50,13,28,037,43,15,01,046,,1*5F
$GPGSV,4,2,14,18,57,293,,21,17,132,27,23,10,354,30,25,70,031,51,1*63
$GPGSV,4,3,14,26,13,222,25,28,29,276,28,29,57,178,22,31,20,244,26,1*6C
$GPGSV,4,4,14,193,,,24,197,,,35,1*65
$GPRMC,162915.11,A,3001.74188,S,05112.74662,W,0.24,58.30,090926,,,A,V*19
$GPGGA,162916.11,3001.74182,S,05112.74652,W,1,08,1.23,64.19,M,,M,,*4B
$GPGLL,3001.74182,S,05112.74652,W,162916.11,A,A*62
$GPGSA,A,3,05,12,13,23,25,28,29,31,,,,,2.40,1.23,2.07,1*1D
$GPGSV,4,1,14,5,42,104,44,12,34,044,50,13,28,037,44,15,01,046,,1*58
$GPGSV,4,2,14,18,57,293,,21,17,132,28,23,10,354,30,25,70,031,51,1*6C
$GPGSV,4,3,14,26,13,222,24,28,29,276,28,29,57,178,22,31,20,244,25,1*6E
$GPGSV,4,4,14,193,,,28,197,,,28,1*65
$GPRMC,162916.11,A,3001.74182,S,05112.74652,W,0.18,58.30,090926,,,A,V*1C
$GPGGA,162917.11,3001.74174,S,05112.74647,W,1,08,1.23,64.34,M,,M,,*48
$GPGLL,3001.74174,S,05112.74647,W,162917.11,A,A*6E
$GPGSA,A,3,05,12,13,23,25,28,29,31,,,,,2.40,1.23,2.07,1*1D
$GPGSV,4,1,14,5,42,104,44,12,34,044,50,13,28,037,44,15,01,046,,1*58
$GPGSV,4,2,14,18,57,293,,21,17,132,27,23,10,354,31,25,70,031,51,1*62
$GPGSV,4,3,14,26,13,222,24,28,29,276,28,29,57,178,22,31,20,244,25,1*6E
$GPGSV,4,4,14,193,,,28,197,,,25,1*68
$GPRMC,162917.11,A,3001.74174,S,05112.74647,W,0.19,58.30,090926,,,A,V*11
$GPGGA,162918.11,3001.74173,S,05112.74650,W,1,08,1.23,64.31,M,,M,,*43
$GPGLL,3001.74173,S,05112.74650,W,162918.11,A,A*60
$GPGSA,A,3,05,12,13,23,25,28,29,31,,,,,2.40,1.23,2.07,1*1D
$GPGSV,4,1,14,5,42,104,44,12,34,044,50,13,28,037,44,15,01,046,,1*58
$GPGSV,4,2,14,18,57,293,,21,17,132,28,23,10,354,31,25,70,031,51,1*6D
$GPGSV,4,3,14,26,13,222,,28,29,276,28,29,57,178,21,31,20,244,24,1*6A
$GPGSV,4,4,14,193,,,28,197,,,25,1*68
$GPRMC,162918.11,A,3001.74173,S,05112.74650,W,0.27,58.30,090926,,,A,V*12
$GPGGA,162919.11,3001.74175,S,05112.74661,W,1,08,1.23,64.03,M,,M,,*47
$GPGLL,3001.74175,S,05112.74661,W,162919.11,A,A*65
$GPGSA,A,3,05,12,13,23,25,28,29,31,,,,,2.40,1.23,2.07,1*1D
$GPGSV,4,1,14,5,42,105,44,12,34,044,50,13,28,037,43,15,01,046,,1*5E
$GPGSV,4,2,14,18,57,293,,21,17,133,28,23,10,354,30,25,70,030,51,1*6C
$GPGSV,4,3,14,26,13,222,26,28,29,276,28,29,57,177,21,31,20,244,23,1*66
$GPGSV,4,4,14,193,,,25,197,,,28,1*68
$GPRMC,162919.11,A,3001.74175,S,05112.74661,W,0.35,58.30,090926,,,A,V*14
$GPGGA,162920.11,3001.74172,S,05112.74665,W,1,08,1.23,64.09,M,,M,,*44
$GPGLL,3001.74172,S,05112.74665,W,162920.11,A,A*6C
$GPGSA,A,3,05,12,13,23,25,28,29,31,,,,,2.40,1.23,2.07,1*1D
$GPGSV,4,1,13,5,42,105,44,12,34,044,51,13,28,037,43,15,01,046,,1*58
$GPGSV,4,2,13,18,57,293,,21,17,133,27,23,10,354,31,25,70,030,51,1*65
$GPGSV,4,3,13,26,13,222,25,28,29,276,28,29,57,177,22,31,20,244,22,1*60
$GPGSV,4,4,13,201,,,31,1*57
$GPRMC,162920.11,A,3001.74172,S,05112.74665,W,0.89,58.30,090926,,,A,V*1A
$GPGGA,162921.11,3001.74183,S,05112.74686,W,1,08,1.23,63.73,M,,M,,*4C
$GPGLL,3001.74183,S,05112.74686,W,162921.11,A,A*6E
$GPGSA,A,3,05,12,13,23,25,28,29,31,,,,,2.40,1.23,2.07,1*1D
$GPGSV,4,1,13,5,42,105,44,12,34,044,50,13,28,037,43,15,01,046,,1*59
$GPGSV,4,2,13,18,57,293,,21,17,133,,23,10,354,30,25,70,030,50,1*60
$GPGSV,4,3,13,26,13,222,24,28,29,276,28,29,57,177,22,31,20,244,22,1*61
$GPGSV,4,4,13,197,,,27,1*5C
$GPRMC,162921.11,A,3001.74183,S,05112.74686,W,0.50,58.30,090926,,,A,V*1C
$GPGGA,162922.11,3001.74191,S,05112.74674,W,1,08,1.23,63.85,M,,M,,*48
$GPGLL,3001.74191,S,05112.74674,W,162922.11,A,A*63
$GPGSA,A,3,05,12,13,23,25,28,29,31,,,,,2.40,1.23,2.07,1*1D
$GPGSV,4,1,13,5,42,105,44,12,34,044,50,13,28,037,43,15,01,046,,1*59
$GPGSV,4,2,13,18,57,293,,21,17,133,27,23,10,354,30,25,70,030,51,1*64
$GPGSV,4,3,13,26,13,222,25,28,29,276,28,29,57,177,21,31,20,244,22,1*63
$GPGSV,4,4,13,197,,,28,1*53
$GPRMC,162922.11,A,3001.74191,S,05112.74674,W,0.09,58.30,090926,,,A,V*1D
$GPGGA,162923.11,3001.74189,S,05112.74661,W,1,08,1.23,64.04,M,,M,,*4A
$GPGLL,3001.74189,S,05112.74661,W,162923.11,A,A*6F
$GPGSA,A,3,05,12,13,23,25,28,29,31,,,,,2.40,1.23,2.07,1*1D
$GPGSV,4,1,13,5,42,105,44,12,34,044,50,13,28,037,43,15,01,046,,1*59
$GPGSV,4,2,13,18,57,293,,21,17,133,28,23,10,354,30,25,70,030,52,1*68
$GPGSV,4,3,13,26,13,222,26,28,29,276,28,29,57,177,22,31,20,244,21,1*60
$GPGSV,4,4,13,197,,,27,1*5C
$GPRMC,162923.11,A,3001.74189,S,05112.74661,W,0.22,58.30,090926,,,A,V*18
$GPGGA,162924.11,3001.74190,S,05112.74665,W,1,08,1.23,64.00,M,,M,,*45
$GPGLL,3001.74190,S,05112.74665,W,162924.11,A,A*64
$GPGSA,A,3,05,12,13,23,25,28,29,31,,,,,2.40,1.23,2.07,1*1D
$GPGSV,4,1,13,5,42,105,44,12,34,044,51,13,28,037,43,15,01,046,,1*58
$GPGSV,4,2,13,18,57,293,,21,17,133,27,23,10,354,31,25,70,030,52,1*66
$GPGSV,4,3,13,26,13,222,25,28,29,276,28,29,57,177,21,31,20,244,21,1*60
$GPGSV,4,4,13,197,,,28,1*53
$GPRMC,162924.11,A,3001.74190,S,05112.74665,W,0.10,58.30,090926,,,A,V*12
$GPGGA,162925.11,3001.74192,S,05112.74667,W,1,08,1.23,63.80,M,,M,,*4B
$GPGLL,3001.74192,S,05112.74667,W,162925.11,A,A*65
$GPGSA,A,3,05,12,13,23,25,28,29,31,,,,,2.40,1.23,2.07,1*1D
$GPGSV,4,1,13,5,42,105,44,12,34,044,50,13,28,037,44,15,01,046,,1*5E
$GPGSV,4,2,13,18,57,293,,21,17,133,28,23,10,354,31,25,70,030,52,1*69
$GPGSV,4,3,13,26,13,222,24,28,29,276,28,29,57,177,21,31,20,244,20,1*60
$GPGSV,4,4,13,197,,,29,1*52
$GPRMC,162925.11,A,3001.74192,S,05112.74667,W,0.06,58.30,090926,,,A,V*14
$GPGGA,162926.11,3001.74195,S,05112.74675,W,1,08,1.23,63.55,M,,M,,*44
$GPGLL,3001.74195,S,05112.74675,W,162926.11,A,A*62
$GPGSA,A,3,05,12,13,23,25,28,29,31,,,,,2.40,1.23,2.07,1*1D
$GPGSV,3,1,12,5,42,105,44,12,34,044,51,13,28,037,44,15,01,046,,1*59
$GPGSV,3,2,12,18,57,293,,21,17,133,27,23,10,354,31,25,70,030,52,1*60
$GPGSV,3,3,12,26,13,222,25,28,29,276,27,29,57,177,21,31,20,244,19,1*62
$GPRMC,162926.11,A,3001.74195,S,05112.74675,W,0.06,58.30,090926,,,A,V*13
$GPGGA,162927.11,3001.74190,S,05112.74667,W,1,08,1.23,63.59,M,,M,,*4F
$GPGLL,3001.74190,S,05112.74667,W,162927.11,A,A*65
$GPGSA,A,3,05,12,13,23,25,28,29,31,,,,,2.40,1.23,2.07,1*1D
$GPGSV,4,1,14,5,42,105,44,12,34,044,51,13,28,037,43,15,01,046,,1*5F
$GPGSV,4,2,14,18,57,293,,21,17,133,,23,10,354,31,25,70,030,51,1*67
$GPGSV,4,3,14,26,13,222,26,28,29,276,27,29,57,177,21,31,20,244,18,1*61
$GPGSV,4,4,14,193,,,28,197,,,28,1*65
$GPRMC,162927.11,A,3001.74190,S,05112.74667,W,0.40,58.30,090926,,,A,V*16
$GPGGA,162928.11,3001.74187,S,05112.74674,W,1,08,1.23,63.45,M,,M,,*49
$GPGLL,3001.74187,S,05112.74674,W,162928.11,A,A*6E
$GPGSA,A,3,05,12,13,23,25,28,29,31,,,,,2.40,1.23,2.07,1*1D
$GPGSV,4,1,13,5,42,105,44,12,34,044,50,13,28,037,43,15,01,046,,1*59
$GPGSV,4,2,13,18,57,293,,21,17,133,,23,10,354,31,25,70,030,52,1*63
$GPGSV,4,3,13,26,13,222,26,28,29,276,27,29,57,177,21,31,20,244,19,1*67
$GPGSV,4,4,13,193,,,28,1*57
$GPRMC,162928.11,A,3001.74187,S,05112.74674,W,0.28,58.30,090926,,,A,V*13
$GPGGA,162929.11,3001.74197,S,05112.74691,W,1,08,1.23,62.89,M,,M,,*43
$GPGLL,3001.74197,S,05112.74691,W,162929.11,A,A*65
$GPGSA,A,3,05,12,13,23,25,28,29,31,,,,,2.40,1.23,2.07,1*1D
$GPGSV,4,1,13,5,42,105,44,12,34,044,51,13,28,037,43,15,01,046,,1*58
$GPGSV,4,2,13,18,57,293,,21,17,133,,23,10,354,31,25,70,030,52,1*63
$GPGSV,4,3,13,26,13,222,29,28,29,276,26,29,57,177,21,31,20,244,19,1*69
$GPGSV,4,4,13,193,,,42,1*5B
$GPRMC,162929.11,A,3001.74197,S,05112.74691,W,0.14,58.30,090926,,,A,V*17
$GPGGA,162930.11,3001.74200,S,05112.74691,W,1,08,1.23,62.61,M,,M,,*40
$GPGLL,3001.74200,S,05112.74691,W,162930.11,A,A*60
$GPGSA,A,3,05,12,13,23,25,28,29,31,,,,,2.40,1.23,2.07,1*1D
$GPGSV,4,1,13,5,42,105,44,12,34,044,51,13,28,037,43,15,01,046,,1*58
$GPGSV,4,2,13,18,57,293,,21,17,133,29,23,10,354,31,25,70,030,52,1*68
$GPGSV,4,3,13,26,13,222,25,28,29,276,26,29,57,177,21,31,20,244,19,1*65
$GPGSV,4,4,13,193,,,30,1*5E
$GPRMC,162930.11,A,3001.74200,S,05112.74691,W,0.14,58.30,090926,,,A,V*12
$GPGGA,162931.11,3001.74196,S,05112.74696,W,1,08,1.23,62.35,M,,M,,*4B
$GPGLL,3001.74196,S,05112.74696,W,162931.11,A,A*6A
$GPGSA,A,3,05,12,13,23,25,28,29,31,,,,,2.40,1.23,2.07,1*1D
$GPGSV,4,1,14,5,42,105,45,12,34,044,51,13,28,037,43,15,01,046,,1*5E
$GPGSV,4,2,14,18,57,293,,21,17,133,28,23,10,354,30,25,70,030,52,1*6F
$GPGSV,4,3,14,26,13,222,,28,29,276,26,29,57,177,22,31,20,244,19,1*66
$GPGSV,4,4,14,193,,,30,197,,,29,1*6D
$GPRMC,162931.11,A,3001.74196,S,05112.74696,W,0.15,58.30,090926,,,A,V*19
$GPGGA,162932.11,3001.74197,S,05112.74703,W,1,08,1.23,62.07,M,,M,,*45
$GPGLL,3001.74197,S,05112.74703,W,162932.11,A,A*65
$GPGSA,A,3,05,12,13,23,25,28,29,31,,,,,2.40,1.23,2.07,1*1D
$GPGSV,4,1,14,5,42,105,45,12,34,044,51,13,28,037,43,15,01,046,,1*5E
$GPGSV,4,2,14,18,57,293,,21,17,133,27,23,10,354,31,25,70,030,52,1*61
$GPGSV,4,3,14,26,13,222,26,28,29,276,25,29,57,177,22,31,20,244,19,1*61
$GPGSV,4,4,14,193,,,30,197,,,25,1*61
$GPRMC,162932.11,A,3001.74197,S,05112.74703,W,0.15,58.30,090926,,,A,V*16
$GPGGA,162933.11,3001.74203,S,05112.74709,W,1,08,1.22,61.82,M,,M,,*4F
$GPGLL,3001.74203,S,05112.74709,W,162933.11,A,A*60
$GPGSA,A,3,05,12,13,23,25,28,29,31,,,,,2.40,1.22,2.07,1*1C
$GPGSV,4,1,14,5,42,105,45,12,34,044,51,13,28,037,43,15,01,046,,1*5E
$GPGSV,4,2,14,18,57,293,,21,17,133,27,23,10,354,30,25,70,030,52,1*60
$GPGSV,4,3,14,26,13,222,27,28,29,276,25,29,57,177,23,31,20,244,19,1*61
$GPGSV,4,4,14,193,,,29,197,,,24,1*68
$GPRMC,162933.11,A,3001.74203,S,05112.74709,W,0.38,58.30,090926,,,A,V*1C
$GPGGA,162934.11,3001.74208,S,05112.74715,W,1,08,1.22,61.45,M,,M,,*45
$GPGLL,3001.74208,S,05112.74715,W,162934.11,A,A*61
$GPGSA,A,3,05,12,13,23,25,28,29,31,,,,,2.40,1.22,2.07,1*1C
$GPGSV,4,1,13,5,42,105,45,12,34,044,50,13,28,037,42,15,01,046,,1*59
$GPGSV,4,2,13,18,57,293,,21,17,133,27,23,10,354,31,25,70,030,52,1*66
$GPGSV,4,3,13,26,13,222,27,28,29,276,24,29,57,177,23,31,20,244,17,1*69
$GPGSV,4,4,13,197,,,24,1*5F
$GPRMC,162934.11,A,3001.74208,S,05112.74715,W,0.48,58.30,090926,,,A,V*1A
$GPGGA,162935.11,3001.74211,S,05112.74723,W,1,08,1.22,61.23,M,,M,,*49
$GPGLL,3001.74211,S,05112.74723,W,162935.11,A,A*6D
$GPGSA,A,3,05,12,13,23,25,28,29,31,,,,,2.40,1.22,2.07,1*1C
$GPGSV,4,1,13,5,42,105,44,12,34,044,50,13,28,037,42,15,01,046,,1*58
$GPGSV,4,2,13,18,57,293,,21,17,133,27,23,10,354,30,25,70,030,51,1*64
$GPGSV,4,3,13,26,13,222,25,28,29,276,24,29,57,177,23,31,20,244,15,1*69
$GPGSV,4,4,13,193,,,29,1*56
$GPRMC,162935.11,A,3001.74211,S,05112.74723,W,0.47,58.30,090926,,,A,V*19
$GPGGA,162936.11,3001.74207,S,05112.74736,W,1,08,1.22,60.86,M,,M,,*47
$GPGLL,3001.74207,S,05112.74736,W,162936.11,A,A*6D
$GPGSA,A,3,05,12,13,23,25,28,29,31,,,,,2.40,1.22,2.07,1*1C
$GPGSV,4,1,13,5,42,105,44,12,34,044,50,13,28,037,43,15,01,046,,1*59
$GPGSV,4,2,13,18,57,293,,21,17,133,27,23,10,354,31,25,70,030,51,1*65
$GPGSV,4,3,13,26,13,222,25,28,29,276,23,29,57,177,24,31,20,244,14,1*68
$GPGSV,4,4,13,193,,,26,1*59
$GPRMC,162936.11,A,3001.74207,S,05112.74736,W,0.23,58.30,090926,,,A,V*1B
$GPGGA,162937.11,3001.74215,S,05112.74756,W,1,07,1.41,60.32,M,,M,,*46
$GPGLL,3001.74215,S,05112.74756,W,162937.11,A,A*69
$GPGSA,A,3,05,12,13,23,25,28,29,,,,,,2.82,1.41,2.44,1*12
$GPGSV,4,1,14,5,42,105,44,12,34,044,50,13,28,037,43,15,01,046,,1*5E
$GPGSV,4,2,14,18,57,293,,21,17,133,27,23,10,354,31,25,70,030,50,1*63
$GPGSV,4,3,14,26,13,222,24,28,29,276,23,29,57,177,23,31,20,244,07,1*6B
$GPGSV,4,4,14,193,,,25,197,,,30,1*61
$GPRMC,162937.11,A,3001.74215,S,05112.74756,W,0.48,58.30,090926,,,A,V*12
$GPGGA,162938.11,3001.74221,S,05112.74761,W,1,07,1.41,59.98,M,,M,,*40
$GPGLL,3001.74221,S,05112.74761,W,162938.11,A,A*65
$GPGSA,A,3,05,12,13,23,25,28,29,,,,,,2.82,1.41,2.44,1*12
$GPGSV,4,1,14,5,42,105,44,12,34,044,49,13,28,037,43,15,01,046,,1*56
$GPGSV,4,2,14,18,57,293,,21,17,133,27,23,10,354,31,25,70,030,51,1*62
$GPGSV,4,3,14,26,13,222,28,28,29,276,22,29,57,177,23,31,20,244,00,1*61
$GPGSV,4,4,14,193,,,25,197,,,26,1*66
$GPRMC,162938.11,A,3001.74221,S,05112.74761,W,0.08,58.30,090926,,,A,V*1A
$GPGGA,162939.11,3001.74216,S,05112.74760,W,1,07,1.41,59.93,M,,M,,*4F
$GPGLL,3001.74216,S,05112.74760,W,162939.11,A,A*61
$GPGSA,A,3,05,12,13,23,25,28,29,,,,,,2.82,1.41,2.44,1*12
$GPGSV,4,1,14,5,42,105,44,12,34,044,50,13,28,037,43,15,01,046,,1*5E
$GPGSV,4,2,14,18,57,293,,21,17,133,27,23,10,354,31,25,70,030,51,1*62
$GPGSV,4,3,14,26,13,222,25,28,29,276,23,29,57,177,23,31,20,244,00,1*6D
$GPGSV,4,4,14,193,,,29,197,,,25,1*69
$GPRMC,162939.11,A,3001.74216,S,05112.74760,W,0.33,58.30,090926,,,A,V*16
$GPGGA,162940.11,3001.74213,S,05112.74754,W,1,07,1.41,59.98,M,,M,,*48
$GPGLL,3001.74213,S,05112.74754,W,162940.11,A,A*6D
$GPGSA,A,3,05,12,13,23,25,28,29,,,,,,2.82,1.41,2.44,1*12
$GPGSV,4,1,14,5,42,105,44,12,34,044,50,13,28,037,43,15,01,046,,1*5E
$GPGSV,4,2,14,18,57,293,,21,17,133,24,23,10,354,31,25,70,030,52,1*62
$GPGSV,4,3,14,26,13,222,25,28,29,276,22,29,57,177,24,31,20,244,03,1*68
$GPGSV,4,4,14,193,,,29,197,,,24,1*68
$GPRMC,162940.11,A,3001.74213,S,05112.74754,W,0.33,58.30,090926,,,A,V*1A
$GPGGA,162941.11,3001.74206,S,05112.74760,W,1,07,1.41,59.84,M,,M,,*47
$GPGLL,3001.74206,S,05112.74760,W,162941.11,A,A*6F
$GPGSA,A,3,05,12,13,23,25,28,29,,,,,,2.82,1.41,2.44,1*12
$GPGSV,4,1,14,5,42,105,44,12,34,044,50,13,28,037,43,15,01,046,,1*5E
$GPGSV,4,2,14,18,57,293,,21,17,133,27,23,10,354,31,25,70,030,52,1*61
$GPGSV,4,3,14,26,13,222,25,28,29,276,23,29,57,177,24,31,20,244,09,1*63
$GPGSV,4,4,14,193,,,28,197,,,28,1*65
$GPRMC,162941.11,A,3001.74206,S,05112.74760,W,0.12,58.30,090926,,,A,V*1B
$GPGGA,162942.11,3001.74218,S,05112.74778,W,1,07,1.41,59.49,M,,M,,*43
$GPGLL,3001.74218,S,05112.74778,W,162942.11,A,A*6A
$GPGSA,A,3,05,12,13,23,25,28,29,,,,,,2.82,1.41,2.44,1*12
$GPGSV,4,1,13,5,42,105,44,12,34,044,50,13,28,037,42,15,01,046,,1*58
$GPGSV,4,2,13,18,57,293,,21,17,133,27,23,10,354,31,25,70,030,51,1*65
$GPGSV,4,3,13,26,13,222,,28,29,276,23,29,57,177,25,31,20,244,13,1*69
$GPGSV,4,4,13,197,,,28,1*53
$GPRMC,162942.11,A,3001.74218,S,05112.74778,W,0.18,58.30,090926,,,A,V*14
$GPGGA,162943.11,3001.74218,S,05112.74790,W,1,07,1.41,59.34,M,,M,,*4E
$GPGLL,3001.74218,S,05112.74790,W,162943.11,A,A*6D
$GPGSA,A,3,05,12,13,23,25,28,29,,,,,,2.82,1.41,2.44,1*12
$GPGSV,4,1,13,5,42,105,45,12,34,044,50,13,28,037,43,15,01,046,,1*58
$GPGSV,4,2,13,18,57,293,,21,17,133,27,23,10,354,31,25,70,030,52,1*66
$GPGSV,4,3,13,26,13,222,25,28,29,276,23,29,57,177,24,31,20,244,11,1*6D
$GPGSV,4,4,13,197,,,28,1*53
$GPRMC,162943.11,A,3001.74218,S,05112.74790,W,0.07,58.30,090926,,,A,V*1D
$GPGGA,162944.11,3001.74216,S,05112.74805,W,1,08,1.22,58.99,M,,M,,*48
$GPGLL,3001.74216,S,05112.74805,W,162944.11,A,A*67
$GPGSA,A,3,05,12,13,23,25,28,29,31,,,,,2.40,1.22,2.07,1*1C
$GPGSV,4,1,14,5,42,105,45,12,34,044,51,13,28,037,43,15,01,046,,1*5E
$GPGSV,4,2,14,18,57,293,,21,17,133,28,23,10,354,31,25,70,030,52,1*6E
$GPGSV,4,3,14,26,13,222,25,28,29,276,22,29,57,177,24,31,20,244,16,1*6C
$GPGSV,4,4,14,193,,,33,197,,,28,1*6F
$GPRMC,162944.11,A,3001.74216,S,05112.74805,W,0.09,58.30,090926,,,A,V*19
$GPGGA,162945.11,3001.74217,S,05112.74824,W,1,08,1.22,58.77,M,,M,,*4B
$GPGLL,3001.74217,S,05112.74824,W,162945.11,A,A*64
$GPGSA,A,3,05,12,13,23,25,28,29,31,,,,,2.40,1.22,2.07,1*1C
$GPGSV,4,1,13,5,42,105,45,12,34,044,51,13,28,037,43,15,01,046,,1*59
$GPGSV,4,2,13,18,57,293,18,21,17,133,27,23,10,354,31,25,70,030,52,1*6F
$GPGSV,4,3,13,26,13,222,27,28,29,276,22,29,57,177,25,31,20,244,17,1*69
$GPGSV,4,4,13,193,,,25,1*5A
$GPRMC,162945.11,A,3001.74217,S,05112.74824,W,0.45,58.30,090926,,,A,V*12
$GPGGA,162946.11,3001.74225,S,05112.74851,W,1,08,1.22,58.31,M,,M,,*49
$GPGLL,3001.74225,S,05112.74851,W,162946.11,A,A*64
$GPGSA,A,3,05,12,13,23,25,28,29,31,,,,,2.40,1.22,2.07,1*1C
$GPGSV,4,1,13,5,42,105,44,12,34,044,51,13,28,037,43,15,01,046,,1*58
$GPGSV,4,2,13,18,57,293,20,21,17,133,28,23,10,354,31,25,70,030,52,1*6B
$GPGSV,4,3,13,26,13,222,25,28,29,276,20,29,57,177,25,31,20,244,17,1*69
$GPGSV,4,4,13,193,,,24,1*5B
$GPRMC,162946.11,A,3001.74225,S,05112.74851,W,0.19,58.30,090926,,,A,V*1B
$GPGGA,162947.11,3001.74238,S,05112.74889,W,1,08,1.22,57.68,M,,M,,*42
$GPGLL,3001.74238,S,05112.74889,W,162947.11,A,A*6C
$GPGSA,A,3,05,12,13,23,25,28,29,31,,,,,2.40,1.22,2.07,1*1C
$GPGSV,4,1,13,5,42,105,44,12,34,044,51,13,28,037,43,15,01,046,,1*58
$GPGSV,4,2,13,18,57,293,30,21,17,133,27,23,10,354,31,25,70,030,52,1*65
$GPGSV,4,3,13,26,13,222,25,28,29,276,20,29,57,177,25,31,20,244,16,1*68
$GPGSV,4,4,13,193,,,25,1*5A
$GPRMC,162947.11,A,3001.74238,S,05112.74889,W,0.18,58.30,090926,,,A,V*12
$GPGGA,162948.11,3001.74239,S,05112.74913,W,1,08,1.22,57.36,M,,M,,*45
$GPGLL,3001.74239,S,05112.74913,W,162948.11,A,A*60
$GPGSA,A,3,05,12,13,23,25,28,29,31,,,,,2.40,1.22,2.07,1*1C
$GPGSV,4,1,13,5,42,105,45,12,34,044,51,13,28,037,43,15,01,046,,1*59
$GPGSV,4,2,13,18,57,293,,21,17,133,,23,10,354,31,25,70,030,52,1*63
$GPGSV,4,3,13,26,13,222,25,28,29,276,21,29,57,177,25,31,20,244,17,1*68
$GPGSV,4,4,13,193,,,29,1*56
$GPRMC,162948.11,A,3001.74239,S,05112.74913,W,0.16,58.30,090926,,,A,V*10
$GPGGA,162949.11,3001.74237,S,05112.74923,W,1,08,1.22,57.29,M,,M,,*47
$GPGLL,3001.74237,S,05112.74923,W,162949.11,A,A*6C
$GPGSA,A,3,05,12,13,23,25,28,29,31,,,,,2.40,1.22,2.07,1*1C
$GPGSV,4,1,13,5,42,105,44,12,34,044,50,13,28,037,42,15,01,046,,1*58
$GPGSV,4,2,13,18,57,293,27,21,17,133,,23,10,354,31,25,70,030,51,1*65
$GPGSV,4,3,13,26,13,222,27,28,29,276,20,29,57,177,25,31,20,244,17,1*6B
$GPGSV,4,4,13,201,,,30,1*56
$GPRMC,162949.11,A,3001.74237,S,05112.74923,W,0.14,58.30,090926,,,A,V*1E
$GPGGA,162950.11,3001.74235,S,05112.74932,W,1,08,1.22,57.20,M,,M,,*44
$GPGLL,3001.74235,S,05112.74932,W,162950.11,A,A*66
$GPGSA,A,3,05,12,13,23,25,28,29,31,,,,,2.41,1.22,2.07,1*1D
$GPGSV,4,1,13,5,42,105,44,12,34,044,50,13,28,037,42,15,01,046,,1*58
$GPGSV,4,2,13,18,57,293,25,21,17,133,25,23,10,354,31,25,70,030,51,1*60
$GPGSV,4,3,13,26,13,222,25,28,29,276,19,29,57,177,25,31,20,244,16,1*62
$GPGSV,4,4,13,201,,,29,1*5E
$GPRMC,162950.11,A,3001.74235,S,05112.74932,W,0.03,58.30,090926,,,A,V*12
$GPGGA,162951.11,3001.74235,S,05112.74944,W,1,08,1.22,57.13,M,,M,,*44
$GPGLL,3001.74235,S,05112.74944,W,162951.11,A,A*66
$GPGSA,A,3,05,12,13,23,25,28,29,31,,,,,2.41,1.22,2.07,1*1D
$GPGSV,4,1,13,5,42,105,44,12,34,044,50,13,28,037,42,15,01,046,,1*58
$GPGSV,4,2,13,18,57,293,28,21,17,133,28,23,10,354,32,25,70,030,50,1*62
$GPGSV,4,3,13,26,13,222,24,28,29,276,19,29,57,177,25,31,20,244,16,1*63
$GPGSV,4,4,13,201,,,30,1*56
$GPRMC,162951.11,A,3001.74235,S,05112.74944,W,0.07,58.30,090926,,,A,V*16
$GPGGA,162952.11,3001.74231,S,05112.74958,W,1,08,1.22,56.87,M,,M,,*42
$GPGLL,3001.74231,S,05112.74958,W,162952.11,A,A*6C
$GPGSA,A,3,05,12,13,23,25,28,29,31,,,,,2.41,1.22,2.07,1*1D
$GPGSV,4,1,13,5,42,105,45,12,34,044,50,13,28,037,43,15,01,046,,1*58
$GPGSV,4,2,13,18,57,293,25,21,17,133,27,23,10,354,31,25,70,030,51,1*62
$GPGSV,4,3,13,26,13,222,24,28,29,276,18,29,57,177,25,31,20,244,16,1*62
$GPGSV,4,4,13,201,,,26,1*51
$GPRMC,162952.11,A,3001.74231,S,05112.74958,W,0.12,58.30,090926,,,A,V*18
$GPGGA,162953.11,3001.74238,S,05112.74985,W,1,08,1.22,56.31,M,,M,,*47
$GPGLL,3001.74238,S,05112.74985,W,162953.11,A,A*64
$GPGSA,A,3,05,12,13,23,25,28,29,31,,,,,2.41,1.22,2.07,1*1D
$GPGSV,4,1,13,5,42,105,44,12,34,044,50,13,28,037,43,15,01,046,,1*59
$GPGSV,4,2,13,18,57,293,25,21,17,133,28,23,10,354,31,25,70,030,51,1*6D
$GPGSV,4,3,13,26,13,222,,28,29,276,17,29,57,177,25,31,20,244,16,1*6B
$GPGSV,4,4,13,193,,,29,1*56
$GPRMC,162953.11,A,3001.74238,S,05112.74985,W,0.30,58.30,090926,,,A,V*10
$GPGGA,162954.11,3001.74251,S,05112.75005,W,1,08,1.22,55.81,M,,M,,*47
$GPGLL,3001.74251,S,05112.75005,W,162954.11,A,A*6C
$GPGSA,A,3,05,12,13,23,25,28,29,31,,,,,2.41,1.22,2.07,1*1D
$GPGSV,3,1,12,5,42,105,44,12,34,044,50,13,28,037,43,15,01,046,,1*5F
$GPGSV,3,2,12,18,57,293,24,21,17,133,27,23,10,354,31,25,70,030,52,1*66
$GPGSV,3,3,12,26,13,222,25,28,29,276,16,29,57,177,24,31,20,244,14,1*68
$GPRMC,162954.11,A,3001.74251,S,05112.75005,W,0.06,58.30,090926,,,A,V*1D
$GPGGA,162955.11,3001.74253,S,05112.75021,W,1,08,1.22,55.67,M,,M,,*4A
$GPGLL,3001.74253,S,05112.75021,W,162955.11,A,A*69
$GPGSA,A,3,05,12,13,23,25,28,29,31,,,,,2.41,1.22,2.07,1*1D
$GPGSV,4,1,13,5,42,105,44,12,34,044,50,13,28,037,43,15,01,046,,1*59
$GPGSV,4,2,13,18,57,293,29,21,17,133,28,23,10,354,31,25,70,030,51,1*61
$GPGSV,4,3,13,26,13,222,24,28,29,276,17,29,57,177,25,31,20,244,16,1*6D
$GPGSV,4,4,13,201,,,26,1*51
$GPRMC,162955.11,A,3001.74253,S,05112.75021,W,0.09,58.30,090926,,,A,V*17
$GPGGA,162956.11,3001.74256,S,05112.75045,W,1,08,1.22,55.38,M,,M,,*44
$GPGLL,3001.74256,S,05112.75045,W,162956.11,A,A*6D
$GPGSA,A,3,05,12,13,23,25,28,29,31,,,,,2.41,1.22,2.07,1*1D
$GPGSV,4,1,13,5,42,105,44,12,34,044,50,13,28,037,43,15,01,046,,1*59
$GPGSV,4,2,13,18,57,293,25,21,17,133,28,23,10,354,32,25,70,030,50,1*6F
$GPGSV,4,3,13,26,13,222,25,28,29,276,18,29,57,177,25,31,20,244,18,1*6D
$GPGSV,4,4,13,201,,,30,1*56
$GPRMC,162956.11,A,3001.74256,S,05112.75045,W,0.09,58.30,090926,,,A,V*13
$GPGGA,162957.11,3001.74253,S,05112.75064,W,1,08,1.22,55.21,M,,M,,*4B
$GPGLL,3001.74253,S,05112.75064,W,162957.11,A,A*6A
$GPGSA,A,3,05,12,13,23,25,28,29,31,,,,,2.41,1.22,2.07,1*1D
$GPGSV,4,1,13,5,42,105,45,12,34,044,50,13,28,037,43,15,01,046,,1*58
$GPGSV,4,2,13,18,57,293,30,21,17,133,27,23,10,354,32,25,70,030,51,1*65
$GPGSV,4,3,13,26,13,222,25,28,29,276,19,29,57,177,25,31,20,244,16,1*62
$GPGSV,4,4,13,201,,,29,1*5E
$GPRMC,162957.11,A,3001.74253,S,05112.75064,W,0.22,58.30,090926,,,A,V*1D
$GPGGA,162958.11,3001.74258,S,05112.75087,W,1,08,1.22,54.93,M,,M,,*4A
$GPGLL,3001.74258,S,05112.75087,W,162958.11,A,A*63
$GPGSA,A,3,05,12,13,23,25,28,29,31,,,,,2.41,1.22,2.07,1*1D
$GPGSV,4,1,13,5,42,105,44,12,34,044,49,13,28,037,43,15,01,046,,1*51
$GPGSV,4,2,13,18,57,293,25,21,17,133,27,23,10,354,32,25,70,030,50,1*60
$GPGSV,4,3,13,26,13,222,28,28,29,276,20,29,57,177,26,31,20,244,17,1*67
$GPGSV,4,4,13,197,,,42,1*5F
$GPRMC,162958.11,A,3001.74258,S,05112.75087,W,0.07,58.30,090926,,,A,V*13
$GPGGA,162959.11,3001.74263,S,05112.75107,W,1,08,1.22,54.72,M,,M,,*45
$GPGLL,3001.74263,S,05112.75107,W,162959.11,A,A*63
$GPGSA,A,3,05,12,13,23,25,28,29,31,,,,,2.41,1.22,2.07,1*1D
$GPGSV,4,1,13,5,42,105,44,12,34,044,50,13,28,037,43,15,01,046,,1*59
$GPGSV,4,2,13,18,57,293,24,21,17,133,27,23,10,354,32,25,70,030,51,1*60
$GPGSV,4,3,13,26,13,222,25,28,29,276,19,29,57,177,26,31,20,244,19,1*6E
$GPGSV,4,4,13,197,,,42,1*5F
$GPRMC,162959.11,A,3001.74263,S,05112.75107,W,0.11,58.30,090926,,,A,V*14
$GPGGA,163000.11,3001.74262,S,05112.75116,W,1,08,1.22,54.65,M,,M,,*46
$GPGLL,3001.74262,S,05112.75116,W,163000.11,A,A*66
$GPGSA,A,3,05,12,13,23,25,28,29,31,,,,,2.41,1.22,2.07,1*1D
$GPGSV,4,1,13,5,42,105,44,12,34,044,51,13,28,037,43,15,01,046,,1*58
$GPGSV,4,2,13,18,57,293,25,21,17,133,27,23,10,354,32,25,70,030,52,1*62
$GPGSV,4,3,13,26,13,222,25,28,29,276,20,29,57,177,26,31,20,244,20,1*6E
$GPGSV,4,4,13,197,,,42,1*5F
$GPRMC,163000.11,A,3001.74262,S,05112.75116,W,0.14,58.30,090926,,,A,V*14
$GPGGA,163001.11,3001.74264,S,05112.75124,W,1,08,1.22,54.55,M,,M,,*43
$GPGLL,3001.74264,S,05112.75124,W,163001.11,A,A*60
$GPGSA,A,3,05,12,13,23,25,28,29,31,,,,,2.41,1.22,2.07,1*1D
$GPGSV,4,1,13,5,42,105,44,12,34,044,51,13,28,037,43,15,01,046,,1*58
$GPGSV,4,2,13,18,57,293,28,21,17,133,27,23,10,354,32,25,70,030,52,1*6F
$GPGSV,4,3,13,26,13,222,25,28,29,276,21,29,57,177,26,31,20,244,21,1*6E
$GPGSV,4,4,13,197,,,42,1*5F
$GPRMC,163001.11,A,3001.74264,S,05112.75124,W,0.20,58.30,090926,,,A,V*15
$GPGGA,163002.11,3001.74267,S,05112.75127,W,1,08,1.22,54.53,M,,M,,*46
$GPGLL,3001.74267,S,05112.75127,W,163002.11,A,A*63
$GPGSA,A,3,05,12,13,23,25,28,29,31,,,,,2.41,1.22,2.07,1*1D
$GPGSV,4,1,13,5,42,105,44,12,34,044,51,13,28,037,43,15,01,046,,1*58
$GPGSV,4,2,13,18,57,293,26,21,17,133,27,23,10,354,32,25,70,030,51,1*62
$GPGSV,4,3,13,26,13,222,29,28,29,276,21,29,57,177,26,31,20,244,22,1*61
$GPGSV,4,4,13,201,,,30,1*56
$GPRMC,163002.11,A,3001.74267,S,05112.75127,W,0.10,58.30,090926,,,A,V*15
$GPGGA,163003.11,3001.74266,S,05112.75126,W,1,08,1.22,54.65,M,,M,,*42
$GPGLL,3001.74266,S,05112.75126,W,163003.11,A,A*62
$GPGSA,A,3,05,12,13,23,25,28,29,31,,,,,2.41,1.22,2.07,1*1D
$GPGSV,4,1,13,5,42,105,44,12,34,044,50,13,28,037,43,15,01,046,,1*59
$GPGSV,4,2,13,18,57,293,25,21,17,133,26,23,10,354,32,25,70,030,51,1*60
$GPGSV,4,3,13,26,13,222,22,28,29,276,21,29,57,177,26,31,20,244,23,1*6B
$GPGSV,4,4,13,201,,,29,1*5E
$GPRMC,163003.11,A,3001.74266,S,05112.75126,W,0.35,58.30,090926,,,A,V*13
$GPGGA,163004.11,3001.74262,S,05112.75137,W,1,08,1.22,54.65,M,,M,,*41
$GPGLL,3001.74262,S,05112.75137,W,163004.11,A,A*61
$GPGSA,A,3,05,12,13,23,25,28,29,31,,,,,2.41,1.22,2.07,1*1D
$GPGSV,4,1,13,5,42,105,44,12,34,044,50,13,28,037,42,15,01,046,,1*58
$GPGSV,4,2,13,18,57,293,28,21,17,133,28,23,10,354,32,25,70,030,51,1*63
$GPGSV,4,3,13,26,13,222,12,28,29,276,22,29,57,177,26,31,20,244,24,1*6C
$GPGSV,4,4,13,201,,,30,1*56
$GPRMC,163004.11,A,3001.74262,S,05112.75137,W,0.94,58.30,090926,,,A,V*1B
$GPGGA,163005.11,3001.74274,S,05112.75160,W,1,08,1.22,54.30,M,,M,,*45
$GPGLL,3001.74274,S,05112.75160,W,163005.11,A,A*65
$GPGSA,A,3,05,12,13,23,25,28,29,31,,,,,2.41,1.22,2.07,1*1D
$GPGSV,3,1,12,5,42,105,43,12,34,044,49,13,28,037,42,15,01,046,,1*51
$GPGSV,3,2,12,18,57,293,26,21,17,133,27,23,10,354,32,25,70,030,50,1*65
$GPGSV,3,3,12,26,13,222,00,28,29,276,22,29,57,177,27,31,20,244,25,1*69
$GPRMC,163005.11,A,3001.74274,S,05112.75160,W,0.10,58.30,090926,,,A,V*13
$GPGGA,163006.11,3001.74274,S,05112.75154,W,1,08,1.22,54.24,M,,M,,*44
$GPGLL,3001.74274,S,05112.75154,W,163006.11,A,A*61
$GPGSA,A,3,05,12,13,23,25,28,29,31,,,,,2.41,1.22,2.07,1*1D
$GPGSV,4,1,13,5,42,105,44,12,34,044,50,13,28,037,42,15,01,046,,1*58
$GPGSV,4,2,13,18,57,293,28,21,17,133,28,23,10,354,32,25,70,030,50,1*62
$GPGSV,4,3,13,26,13,222,28,28,29,276,23,29,57,177,26,31,20,244,25,1*65
$GPGSV,4,4,13,201,,,27,1*50
$GPRMC,163006.11,A,3001.74274,S,05112.75154,W,0.11,58.30,090926,,,A,V*16
$GPGGA,163007.11,3001.74265,S,05112.75147,W,1,08,1.22,54.50,M,,M,,*44
$GPGLL,3001.74265,S,05112.75147,W,163007.11,A,A*62
$GPGSA,A,3,05,12,13,23,25,28,29,31,,,,,2.41,1.22,2.07,1*1D
$GPGSV,4,1,13,5,42,105,44,12,34,044,49,13,28,037,42,15,01,046,,1*50
$GPGSV,4,2,13,18,57,293,28,21,17,133,27,23,10,354,32,25,70,030,49,1*65
$GPGSV,4,3,13,26,13,222,25,28,29,276,23,29,57,177,26,31,20,244,25,1*68
$GPGSV,4,4,13,201,,,27,1*50
$GPRMC,163007.11,A,3001.74265,S,05112.75147,W,0.67,58.30,090926,,,A,V*14
$GPGGA,163008.11,3001.74268,S,05112.75147,W,1,08,1.22,54.49,M,,M,,*4E
$GPGLL,3001.74268,S,05112.75147,W,163008.11,A,A*60
$GPGSA,A,3,05,12,13,23,25,28,29,31,,,,,2.41,1.22,2.07,1*1D
$GPGSV,4,1,13,5,42,105,44,12,34,044,49,13,28,037,42,15,01,046,,1*50
$GPGSV,4,2,13,18,57,293,26,21,17,133,27,23,10,354,32,25,70,030,50,1*63
$GPGSV,4,3,13,26,13,222,25,28,29,276,23,29,57,177,25,31,20,244,26,1*68
$GPGSV,4,4,13,201,,,25,1*52
$GPRMC,163008.11,A,3001.74268,S,05112.75147,W,0.18,58.30,090926,,,A,V*1E
$GPGGA,163009.11,3001.74259,S,05112.75143,W,1,08,1.22,54.75,M,,M,,*46
$GPGLL,3001.74259,S,05112.75143,W,163009.11,A,A*67
$GPGSA,A,3,05,12,13,23,25,28,29,31,,,,,2.41,1.22,2.07,1*1D
$GPGSV,4,1,13,5,42,105,44,12,34,044,49,13,28,037,42,15,01,046,,1*50
$GPGSV,4,2,13,18,57,293,25,21,17,133,27,23,10,354,33,25,70,030,49,1*69
$GPGSV,4,3,13,26,13,222,25,28,29,276,23,29,57,177,26,31,20,244,26,1*6B
$GPGSV,4,4,13,201,,,24,1*53
$GPRMC,163009.11,A,3001.74259,S,05112.75143,W,0.79,58.30,090926,,,A,V*1E
$GPGGA,163010.11,3001.74260,S,05112.75149,W,1,08,1.22,54.78,M,,M,,*43
$GPGLL,3001.74260,S,05112.75149,W,163010.11,A,A*6F
$GPGSA,A,3,05,12,13,23,25,28,29,31,,,,,2.41,1.22,2.07,1*1D
$GPGSV,4,1,13,5,42,105,45,12,34,044,49,13,28,037,42,15,01,046,,1*51
$GPGSV,4,2,13,18,57,293,25,21,17,133,27,23,10,354,33,25,70,030,50,1*61
$GPGSV,4,3,13,26,13,222,,28,29,276,23,29,57,177,26,31,20,244,26,1*6C
$GPGSV,4,4,13,201,,,24,1*53
$GPRMC,163010.11,A,3001.74260,S,05112.75149,W,0.29,58.30,090926,,,A,V*13
$GPGGA,163011.11,3001.74260,S,05112.75130,W,1,08,1.22,54.74,M,,M,,*40
$GPGLL,3001.74260,S,05112.75130,W,163011.11,A,A*60
$GPGSA,A,3,05,12,13,23,25,28,29,31,,,,,2.41,1.22,2.07,1*1D
$GPGSV,4,1,13,5,42,105,44,12,34,044,48,13,28,037,42,15,01,046,,1*51
$GPGSV,4,2,13,18,57,293,28,21,17,133,28,23,10,354,33,25,70,030,49,1*6B
$GPGSV,4,3,13,26,13,222,25,28,29,276,24,29,57,177,27,31,20,244,27,1*6C
$GPGSV,4,4,13,201,,,27,1*50
$GPRMC,163011.11,A,3001.74260,S,05112.75130,W,0.77,58.30,090926,,,A,V*17
$GPGGA,163012.11,3001.74241,S,05112.75104,W,1,08,1.22,55.30,M,,M,,*46
$GPGLL,3001.74241,S,05112.75104,W,163012.11,A,A*67
$GPGSA,A,3,05,12,13,23,25,28,29,31,,,,,2.41,1.22,2.07,1*1D
$GPGSV,4,1,13,5,42,105,44,12,34,044,48,13,28,037,42,15,01,046,,1*51
$GPGSV,4,2,13,18,57,293,26,21,17,133,27,23,10,354,33,25,70,030,49,1*6A
$GPGSV,4,3,13,26,13,222,25,28,29,276,23,29,57,177,27,31,20,244,27,1*6B
$GPGSV,4,4,13,201,,,33,1*55
$GPRMC,163012.11,A,3001.74241,S,05112.75104,W,0.36,58.30,090926,,,A,V*15
$GPGGA,163013.11,3001.74225,S,05112.75085,W,1,08,1.22,55.77,M,,M,,*4E
$GPGLL,3001.74225,S,05112.75085,W,163013.11,A,A*6C
$GPGSA,A,3,05,12,13,23,25,28,29,31,,,,,2.41,1.22,2.07,1*1D
$GPGSV,4,1,13,5,42,105,44,12,34,044,48,13,28,037,42,15,01,046,,1*51
$GPGSV,4,2,13,18,57,293,25,21,17,133,27,23,10,354,33,25,70,030,49,1*69
$GPGSV,4,3,13,26,13,222,24,28,29,276,23,29,57,177,26,31,20,244,27,1*6B
$GPGSV,4,4,13,201,,,27,1*50
$GPRMC,163013.11,A,3001.74225,S,05112.75085,W,0.20,58.30,090926,,,A,V*19
$GPGGA,163014.11,3001.74213,S,05112.75065,W,1,08,1.22,56.21,M,,M,,*42
$GPGLL,3001.74213,S,05112.75065,W,163014.11,A,A*60
$GPGSA,A,3,05,12,13,23,25,28,29,31,,,,,2.41,1.22,2.07,1*1D
$GPGSV,4,1,13,5,42,105,44,12,34,044,48,13,28,037,42,15,01,046,,1*51
$GPGSV,4,2,13,18,57,293,26,21,17,133,28,23,10,354,33,25,70,030,49,1*65
$GPGSV,4,3,13,26,13,222,24,28,29,276,24,29,57,177,26,31,20,244,27,1*6C
$GPGSV,4,4,13,201,,,25,1*52
$GPRMC,163014.11,A,3001.74213,S,05112.75065,W,0.26,58.30,090926,,,A,V*13
$GPGGA,163015.11,3001.74203,S,05112.75048,W,1,08,1.22,56.58,M,,M,,*43
$GPGLL,3001.74203,S,05112.75048,W,163015.11,A,A*6F
$GPGSA,A,3,05,12,13,23,25,28,29,31,,,,,2.41,1.22,2.08,1*12
$GPGSV,4,1,13,5,42,105,44,12,34,044,48,13,28,037,42,15,01,046,,1*51
$GPGSV,4,2,13,18,57,293,27,21,17,133,27,23,10,354,33,25,70,030,48,1*6A
$GPGSV,4,3,13,26,13,222,25,28,29,276,24,29,57,177,26,31,20,244,27,1*6D
$GPGSV,4,4,13,201,,,25,1*52
$GPRMC,163015.11,A,3001.74203,S,05112.75048,W,0.03,58.30,090926,,,A,V*1B
$GPGGA,163016.11,3001.74192,S,05112.75035,W,1,08,1.22,56.73,M,,M,,*48
$GPGLL,3001.74192,S,05112.75035,W,163016.11,A,A*6D
$GPGSA,A,3,05,12,13,23,25,28,29,31,,,,,2.41,1.22,2.08,1*12
$GPGSV,4,1,13,5,42,105,44,12,34,044,48,13,28,037,41,15,01,046,,1*52
$GPGSV,4,2,13,18,57,293,25,21,17,133,27,23,10,354,33,25,70,030,49,1*69
$GPGSV,4,3,13,26,13,222,25,28,29,276,24,29,57,177,26,31,20,244,28,1*62
$GPGSV,4,4,13,201,,,29,1*5E
$GPRMC,163016.11,A,3001.74192,S,05112.75035,W,0.67,58.30,090926,,,A,V*1B
$GPGGA,163017.11,3001.74175,S,05112.75011,W,1,08,1.22,57.26,M,,M,,*47
$GPGLL,3001.74175,S,05112.75011,W,163017.11,A,A*63
$GPGSA,A,3,05,12,13,23,25,28,29,31,,,,,2.41,1.22,2.08,1*12
$GPGSV,4,1,13,5,42,105,44,12,34,044,48,13,28,037,41,15,01,046,,1*52
$GPGSV,4,2,13,18,57,293,25,21,17,133,27,23,10,354,33,25,70,030,49,1*69
$GPGSV,4,3,13,26,13,222,25,28,29,276,24,29,57,177,27,31,20,244,28,1*63
$GPGSV,4,4,13,201,,,25,1*52
$GPRMC,163017.11,A,3001.74175,S,05112.75011,W,0.12,58.30,090926,,,A,V*17
$GPGGA,163018.11,3001.74162,S,05112.74997,W,1,08,1.22,57.57,M,,M,,*4E
$GPGLL,3001.74162,S,05112.74997,W,163018.11,A,A*6C
$GPGSA,A,3,05,12,13,23,25,28,29,31,,,,,2.41,1.22,2.08,1*12
$GPGSV,4,1,13,5,42,105,44,12,34,044,48,13,28,037,42,15,01,046,,1*51
$GPGSV,4,2,13,18,57,293,25,21,17,133,28,23,10,354,33,25,70,030,49,1*66
$GPGSV,4,3,13,26,13,222,24,28,29,276,24,29,57,177,27,31,20,244,28,1*62
$GPGSV,4,4,13,201,,,24,1*53
$GPRMC,163018.11,A,3001.74162,S,05112.74997,W,0.31,58.30,090926,,,A,V*19
$GPGGA,163019.11,3001.74153,S,05112.74981,W,1,08,1.22,57.80,M,,M,,*40
$GPGLL,3001.74153,S,05112.74981,W,163019.11,A,A*68
$GPGSA,A,3,05,12,13,23,25,28,29,31,,,,,2.41,1.22,2.08,1*12
$GPGSV,4,1,13,5,42,105,44,12,33,043,49,13,27,037,42,15,01,046,,1*5F
$GPGSV,4,2,13,18,58,292,29,21,16,133,28,23,10,354,33,25,69,030,48,1*6C
$GPGSV,4,3,13,26,14,222,26,28,29,277,24,29,57,177,25,31,20,244,28,1*64
$GPGSV,4,4,13,201,,,24,1*53
$GPRMC,163019.11,A,3001.74153,S,05112.74981,W,0.13,58.30,090926,,,A,V*1D
$GPGGA,163020.11,3001.74149,S,05112.74973,W,1,08,1.22,57.81,M,,M,,*4D
$GPGLL,3001.74149,S,05112.74973,W,163020.11,A,A*64
$GPGSA,A,3,05,12,13,23,25,28,29,31,,,,,2.41,1.22,2.08,1*12
$GPGSV,4,1,13,5,42,105,44,12,33,043,48,13,27,037,42,15,01,046,,1*5E
$GPGSV,4,2,13,18,58,292,,21,16,133,28,23,10,354,33,25,69,030,48,1*67
$GPGSV,4,3,13,26,14,222,25,28,29,277,24,29,57,177,26,31,20,244,28,1*64
$GPGSV,4,4,13,201,,,28,1*5F
$GPRMC,163020.11,A,3001.74149,S,05112.74973,W,0.24,58.30,090926,,,A,V*15
$GPGGA,163021.11,3001.74150,S,05112.74967,W,1,08,1.22,57.80,M,,M,,*40
$GPGLL,3001.74150,S,05112.74967,W,163021.11,A,A*68
$GPGSA,A,3,05,12,13,23,25,28,29,31,,,,,2.41,1.22,2.08,1*12
$GPGSV,3,1,12,5,42,105,44,12,33,043,48,13,27,037,42,15,01,046,,1*58
$GPGSV,3,2,12,18,58,292,,21,16,133,28,23,10,354,33,25,69,030,48,1*61
$GPGSV,3,3,12,26,14,222,24,28,29,277,24,29,57,177,26,31,20,244,27,1*6C
$GPRMC,163021.11,A,3001.74150,S,05112.74967,W,0.59,58.30,090926,,,A,V*13
$GPGGA,163022.11,3001.74153,S,05112.74973,W,1,08,1.22,57.50,M,,M,,*48
$GPGLL,3001.74153,S,05112.74973,W,163022.11,A,A*6D
$GPGSA,A,3,05,12,13,23,25,28,29,31,,,,,2.41,1.22,2.08,1*12
$GPGSV,4,1,13,5,42,105,44,12,33,043,48,13,27,037,42,15,01,046,,1*5E
$GPGSV,4,2,13,18,58,292,30,21,16,133,28,23,10,354,33,25,69,030,48,1*64
$GPGSV,4,3,13,26,14,222,25,28,29,277,25,29,57,177,26,31,20,244,28,1*65
$GPGSV,4,4,13,193,,,28,1*57
$GPRMC,163022.11,A,3001.74153,S,05112.74973,W,0.39,58.30,090926,,,A,V*10
$GPGGA,163023.11,3001.74163,S,05112.74968,W,1,08,1.22,57.31,M,,M,,*47
$GPGLL,3001.74163,S,05112.74968,W,163023.11,A,A*65
$GPGSA,A,3,05,12,13,23,25,28,29,31,,,,,2.41,1.22,2.08,1*12
$GPGSV,4,1,13,5,42,105,43,12,33,043,48,13,27,037,42,15,01,046,,1*59
$GPGSV,4,2,13,18,58,292,27,21,16,133,29,23,10,354,33,25,69,030,48,1*63
$GPGSV,4,3,13,26,14,222,27,28,29,277,25,29,57,177,26,31,20,244,28,1*67
$GPGSV,4,4,13,201,,,29,1*5E
$GPRMC,163023.11,A,3001.74163,S,05112.74968,W,0.27,58.30,090926,,,A,V*17
$GPGGA,163024.11,3001.74160,S,05112.74948,W,1,09,1.07,57.54,M,,M,,*44
$GPGLL,3001.74160,S,05112.74948,W,163024.11,A,A*63
$GPGSA,A,3,05,12,13,18,23,25,28,29,31,,,,1.98,1.07,1.66,1*10
$GPGSV,4,1,13,5,42,105,43,12,33,043,47,13,27,037,42,15,01,046,,1*56
$GPGSV,4,2,13,18,58,292,27,21,16,133,27,23,10,354,33,25,69,030,49,1*6C
$GPGSV,4,3,13,26,14,222,25,28,29,277,25,29,57,177,25,31,20,244,28,1*66
$GPGSV,4,4,13,201,,,27,1*50
$GPRMC,163024.11,A,3001.74160,S,05112.74948,W,0.47,58.30,090926,,,A,V*17
$GPGGA,163025.11,3001.74152,S,05112.74924,W,1,09,1.07,58.04,M,,M,,*44
$GPGLL,3001.74152,S,05112.74924,W,163025.11,A,A*69
$GPGSA,A,3,05,12,13,18,23,25,28,29,31,,,,1.98,1.07,1.66,1*10
$GPGSV,4,1,13,5,42,105,44,12,33,043,48,13,27,037,42,15,01,046,,1*5E
$GPGSV,4,2,13,18,58,292,27,21,16,133,28,23,10,354,33,25,69,030,49,1*63
$GPGSV,4,3,13,26,14,222,25,28,29,277,26,29,57,177,25,31,20,244,28,1*65
$GPGSV,4,4,13,201,,,27,1*50
$GPRMC,163025.11,A,3001.74152,S,05112.74924,W,0.14,58.30,090926,,,A,V*1B
$GPGGA,163026.11,3001.74148,S,05112.74906,W,1,09,1.07,58.21,M,,M,,*4B
$GPGLL,3001.74148,S,05112.74906,W,163026.11,A,A*61
$GPGSA,A,3,05,12,13,18,23,25,28,29,31,,,,1.98,1.07,1.66,1*10
$GPGSV,4,1,13,5,42,105,44,12,33,043,48,13,27,037,42,15,01,046,,1*5E
$GPGSV,4,2,13,18,58,292,26,21,16,133,28,23,10,354,33,25,69,030,49,1*62
$GPGSV,4,3,13,26,14,222,24,28,29,277,26,29,57,177,25,31,20,244,28,1*64
$GPGSV,4,4,13,201,,,25,1*52
$GPRMC,163026.11,A,3001.74148,S,05112.74906,W,0.27,58.30,090926,,,A,V*13
$GPGGA,163027.11,3001.74140,S,05112.74884,W,1,09,1.07,58.66,M,,M,,*4A
$GPGLL,3001.74140,S,05112.74884,W,163027.11,A,A*63
$GPGSA,A,3,05,12,13,18,23,25,28,29,31,,,,1.98,1.07,1.66,1*10
$GPGSV,4,1,13,5,42,105,44,12,33,043,49,13,27,037,42,15,01,046,,1*5F
$GPGSV,4,2,13,18,58,292,25,21,16,133,,23,10,354,33,25,69,030,48,1*6A
$GPGSV,4,3,13,26,14,222,27,28,29,277,26,29,57,177,25,31,20,244,28,1*67
$GPGSV,4,4,13,201,,,24,1*53
$GPRMC,163027.11,A,3001.74140,S,05112.74884,W,0.35,58.30,090926,,,A,V*12
$GPGGA,163028.11,3001.74140,S,05112.74870,W,1,09,1.07,58.80,M,,M,,*46
$GPGLL,3001.74140,S,05112.74870,W,163028.11,A,A*67
$GPGSA,A,3,05,12,13,18,23,25,28,29,31,,,,1.98,1.07,1.66,1*10
$GPGSV,4,1,13,5,42,105,44,12,33,043,48,13,27,037,41,15,01,046,,1*5D
$GPGSV,4,2,13,18,58,292,25,21,16,133,28,23,10,354,33,25,69,030,48,1*60
$GPGSV,4,3,13,26,14,222,25,28,29,277,26,29,57,177,25,31,20,244,28,1*65
$GPGSV,4,4,13,201,,,25,1*52
$GPRMC,163028.11,A,3001.74140,S,05112.74870,W,0.31,58.30,090926,,,A,V*12
$GPGGA,163029.11,3001.74135,S,05112.74870,W,1,09,1.07,58.91,M,,M,,*45
$GPGLL,3001.74135,S,05112.74870,W,163029.11,A,A*64
$GPGSA,A,3,05,12,13,18,23,25,28,29,31,,,,1.98,1.07,1.66,1*10
$GPGSV,4,1,13,5,42,105,44,12,33,043,49,13,27,037,41,15,01,046,,1*5C
$GPGSV,4,2,13,18,58,292,25,21,16,133,27,23,10,354,33,25,69,030,49,1*6E
$GPGSV,4,3,13,26,14,222,25,28,29,277,26,29,57,177,24,31,20,244,28,1*64
$GPGSV,4,4,13,201,,,27,1*50
$GPRMC,163029.11,A,3001.74135,S,05112.74870,W,0.23,58.30,090926,,,A,V*12
$GPGGA,163030.11,3001.74134,S,05112.74860,W,1,09,1.07,59.12,M,,M,,*47
$GPGLL,3001.74134,S,05112.74860,W,163030.11,A,A*6C
$GPGSA,A,3,05,12,13,18,23,25,28,29,31,,,,1.98,1.07,1.66,1*10
$GPGSV,4,1,13,5,42,105,44,12,33,043,49,13,27,037,41,15,01,046,,1*5C
$GPGSV,4,2,13,18,58,292,25,21,16,133,28,23,10,354,33,25,69,030,49,1*61
$GPGSV,4,3,13,26,14,222,25,28,29,277,26,29,57,177,24,31,20,244,28,1*64
$GPGSV,4,4,13,201,,,25,1*52
$GPRMC,163030.11,A,3001.74134,S,05112.74860,W,0.27,58.30,090926,,,A,V*1E
$GPGGA,163031.11,3001.74141,S,05112.74850,W,1,09,1.07,59.10,M,,M,,*45
$GPGLL,3001.74141,S,05112.74850,W,163031.11,A,A*6C
$GPGSA,A,3,05,12,13,18,23,25,28,29,31,,,,1.98,1.07,1.66,1*10
$GPGSV,4,1,13,5,42,105,44,12,33,043,48,13,27,037,41,15,01,046,,1*5D
$GPGSV,4,2,13,18,58,292,25,21,16,133,28,23,10,354,33,25,69,030,49,1*61
$GPGSV,4,3,13,26,14,222,29,28,29,277,26,29,57,177,25,31,20,244,28,1*69
$GPGSV,4,4,13,201,,,25,1*52
$GPRMC,163031.11,A,3001.74141,S,05112.74850,W,0.03,58.30,090926,,,A,V*18
$GPGGA,163032.11,3001.74137,S,05112.74843,W,1,09,1.07,59.32,M,,M,,*45
$GPGLL,3001.74137,S,05112.74843,W,163032.11,A,A*6C
$GPGSA,A,3,05,12,13,18,23,25,28,29,31,,,,1.98,1.07,1.66,1*10
$GPGSV,4,1,14,5,42,105,44,12,33,043,48,13,27,037,41,15,01,046,,1*5A
$GPGSV,4,2,14,18,58,292,25,21,16,133,,23,10,354,33,25,69,030,48,1*6D
$GPGSV,4,3,14,26,14,222,25,28,29,277,26,29,57,177,24,31,20,244,28,1*63
$GPGSV,4,4,14,197,,,35,201,,,25,1*6C
$GPRMC,163032.11,A,3001.74137,S,05112.74843,W,0.49,58.30,090926,,,A,V*16
$GPGGA,163033.11,3001.74140,S,05112.74833,W,1,09,1.07,59.61,M,,M,,*45
$GPGLL,3001.74140,S,05112.74833,W,163033.11,A,A*6A
$GPGSA,A,3,05,12,13,18,23,25,28,29,31,,,,1.98,1.07,1.67,1*11
$GPGSV,4,1,14,5,42,105,44,12,33,043,48,13,27,037,42,15,01,046,,1*59
$GPGSV,4,2,14,18,58,292,25,21,16,133,,23,10,354,33,25,69,030,50,1*64
$GPGSV,4,3,14,26,14,222,25,28,29,277,26,29,57,177,23,31,20,244,28,1*64
$GPGSV,4,4,14,197,,,28,201,,,24,1*61
$GPRMC,163033.11,A,3001.74140,S,05112.74833,W,0.07,58.30,090926,,,A,V*1A
$GPGGA,163034.11,3001.74140,S,05112.74816,W,1,09,1.07,59.98,M,,M,,*43
$GPGLL,3001.74140,S,05112.74816,W,163034.11,A,A*6A
$GPGSA,A,3,05,12,13,18,23,25,28,29,31,,,,1.98,1.07,1.67,1*11
$GPGSV,4,1,14,5,42,105,44,12,33,043,50,13,27,037,42,15,01,046,,1*50
$GPGSV,4,2,14,18,58,292,24,21,16,133,,23,10,354,33,25,69,030,51,1*64
$GPGSV,4,3,14,26,14,222,25,28,29,277,26,29,57,177,23,31,20,244,28,1*64
$GPGSV,4,4,14,197,,,28,201,,,24,1*61
$GPRMC,163034.11,A,3001.74140,S,05112.74816,W,0.23,58.30,090926,,,A,V*1C
$GPGGA,163035.11,3001.74134,S,05112.74802,W,1,09,1.07,60.41,M,,M,,*4A
$GPGLL,3001.74134,S,05112.74802,W,163035.11,A,A*6D
$GPGSA,A,3,05,12,13,18,23,25,28,29,31,,,,1.98,1.07,1.67,1*11
$GPGSV,4,1,14,5,42,105,44,12,33,043,50,13,27,037,43,15,01,046,,1*51
$GPGSV,4,2,14,18,58,292,24,21,16,133,,23,10,354,33,25,69,030,51,1*64
$GPGSV,4,3,14,26,14,222,28,28,29,277,25,29,57,177,22,31,20,244,28,1*6B
$GPGSV,4,4,14,197,,,28,201,,,24,1*61
$GPRMC,163035.11,A,3001.74134,S,05112.74802,W,0.63,58.30,090926,,,A,V*1F
$GPGGA,163036.11,3001.74135,S,05112.74780,W,1,09,1.07,60.72,M,,M,,*4D
$GPGLL,3001.74135,S,05112.74780,W,163036.11,A,A*6A
$GPGSA,A,3,05,12,13,18,23,25,28,29,31,,,,1.98,1.07,1.67,1*11
$GPGSV,4,1,14,5,42,105,44,12,33,043,50,13,27,037,43,15,01,046,,1*51
$GPGSV,4,2,14,18,58,292,24,21,16,133,,23,10,354,33,25,69,030,51,1*64
$GPGSV,4,3,14,26,14,222,25,28,29,277,25,29,57,177,22,31,20,244,28,1*66
$GPGSV,4,4,14,193,,,25,201,,,25,1*69
$GPRMC,163036.11,A,3001.74135,S,05112.74780,W,0.03,58.30,090926,,,A,V*1E
$GPGGA,163037.11,3001.74138,S,05112.74767,W,1,09,1.07,60.92,M,,M,,*46
$GPGLL,3001.74138,S,05112.74767,W,163037.11,A,A*6F
$GPGSA,A,3,05,12,13,18,23,25,28,29,31,,,,1.98,1.07,1.67,1*11
$GPGSV,4,1,13,5,42,105,44,12,33,043,50,13,27,037,43,15,01,046,,1*56
$GPGSV,4,2,13,18,58,292,23,21,16,133,23,23,10,354,33,25,69,030,51,1*65
$GPGSV,4,3,13,26,14,222,26,28,29,277,25,29,57,177,21,31,20,244,29,1*60
$GPGSV,4,4,13,193,,,27,1*58
$GPRMC,163037.11,A,3001.74138,S,05112.74767,W,0.46,58.30,090926,,,A,V*1A
$GPGGA,163038.11,3001.74136,S,05112.74748,W,1,09,1.07,61.12,M,,M,,*43
$GPGLL,3001.74136,S,05112.74748,W,163038.11,A,A*63
$GPGSA,A,3,05,12,13,18,23,25,28,29,31,,,,1.98,1.07,1.67,1*11
$GPGSV,4,1,13,5,42,105,44,12,33,043,50,13,27,037,43,15,01,046,,1*56
$GPGSV,4,2,13,18,58,292,22,21,16,133,27,23,10,354,33,25,69,030,51,1*60
$GPGSV,4,3,13,26,14,222,25,28,29,277,24,29,57,177,21,31,20,244,28,1*63
$GPGSV,4,4,13,193,,,26,1*59
$GPRMC,163038.11,A,3001.74136,S,05112.74748,W,0.15,58.30,090926,,,A,V*10
$GPGGA,163039.11,3001.74143,S,05112.74747,W,1,09,1.07,61.18,M,,M,,*45
$GPGLL,3001.74143,S,05112.74747,W,163039.11,A,A*6F
$GPGSA,A,3,05,12,13,18,23,25,28,29,31,,,,1.98,1.07,1.67,1*11
$GPGSV,4,1,13,5,42,105,44,12,33,043,51,13,27,037,43,15,01,046,,1*57
$GPGSV,4,2,13,18,58,292,22,21,16,133,27,23,10,354,34,25,69,030,52,1*64
$GPGSV,4,3,13,26,14,222,,28,29,277,24,29,57,177,20,31,20,244,27,1*6A
$GPGSV,4,4,13,193,,,26,1*59
$GPRMC,163039.11,A,3001.74143,S,05112.74747,W,0.87,58.30,090926,,,A,V*17
$GPGGA,163040.11,3001.74163,S,05112.74762,W,1,09,1.07,60.83,M,,M,,*4D
$GPGLL,3001.74163,S,05112.74762,W,163040.11,A,A*64
$GPGSA,A,3,05,12,13,18,23,25,28,29,31,,,,1.98,1.07,1.67,1*11
$GPGSV,4,1,13,5,42,105,43,12,33,043,49,13,27,037,42,15,01,046,,1*58
$GPGSV,4,2,13,18,58,292,21,21,16,133,,23,10,354,33,25,69,030,50,1*67
$GPGSV,4,3,13,26,14,222,25,28,29,277,23,29,57,177,19,31,20,244,26,1*61
$GPGSV,4,4,13,193,,,27,1*58
$GPRMC,163040.11,A,3001.74163,S,05112.74762,W,0.32,58.30,090926,,,A,V*12
$GPGGA,163041.11,3001.74171,S,05112.74756,W,1,09,1.07,60.97,M,,M,,*4D
$GPGLL,3001.74171,S,05112.74756,W,163041.11,A,A*61
$GPGSA,A,3,05,12,13,18,23,25,28,29,31,,,,1.98,1.07,1.67,1*11
$GPGSV,4,1,13,5,42,105,44,12,33,043,50,13,27,037,42,15,01,046,,1*57
$GPGSV,4,2,13,18,58,292,22,21,16,133,,23,10,354,33,25,69,030,51,1*65
$GPGSV,4,3,13,26,14,222,24,28,29,277,23,29,57,177,20,31,20,244,26,1*6A
$GPGSV,4,4,13,197,,,25,1*5E
$GPRMC,163041.11,A,3001.74171,S,05112.74756,W,0.04,58.30,090926,,,A,V*12
$GPGGA,163042.11,3001.74168,S,05112.74754,W,1,09,1.07,60.99,M,,M,,*4A
$GPGLL,3001.74168,S,05112.74754,W,163042.11,A,A*68
$GPGSA,A,3,05,12,13,18,23,25,28,29,31,,,,1.98,1.07,1.67,1*11
$GPGSV,4,1,13,5,42,105,44,12,33,043,50,13,27,037,42,15,01,046,,1*57
$GPGSV,4,2,13,18,58,292,22,21,16,133,27,23,10,354,34,25,69,030,52,1*64
$GPGSV,4,3,13,26,14,222,24,28,29,277,23,29,57,177,20,31,20,244,26,1*6A
$GPGSV,4,4,13,197,,,24,1*5F
$GPRMC,163042.11,A,3001.74168,S,05112.74754,W,0.15,58.30,090926,,,A,V*1B
$GPGGA,163043.11,3001.74171,S,05112.74743,W,1,09,1.07,61.05,M,,M,,*41
$GPGLL,3001.74171,S,05112.74743,W,163043.11,A,A*67
$GPGSA,A,3,05,12,13,18,23,25,28,29,31,,,,1.98,1.07,1.67,1*11
$GPGSV,4,1,13,5,42,105,44,12,33,043,51,13,27,037,41,15,01,046,,1*55
$GPGSV,4,2,13,18,58,292,22,21,16,133,25,23,10,354,34,25,69,030,52,1*66
$GPGSV,4,3,13,26,14,222,24,28,29,277,23,29,57,177,20,31,20,244,25,1*69
$GPGSV,4,4,13,197,,,25,1*5E
$GPRMC,163043.11,A,3001.74171,S,05112.74743,W,0.04,58.30,090926,,,A,V*14
$GPGGA,163044.11,3001.74188,S,05112.74748,W,1,09,1.07,60.80,M,,M,,*47
$GPGLL,3001.74188,S,05112.74748,W,163044.11,A,A*6D
$GPGSA,A,3,05,12,13,18,23,25,28,29,31,,,,1.98,1.07,1.67,1*11
$GPGSV,4,1,13,5,42,105,44,12,33,043,51,13,27,037,42,15,01,046,,1*56
$GPGSV,4,2,13,18,58,292,22,21,16,133,27,23,10,354,33,25,69,030,52,1*63
$GPGSV,4,3,13,26,14,222,25,28,29,277,23,29,57,177,21,31,20,244,26,1*6A
$GPGSV,4,4,13,197,,,25,1*5E
$GPRMC,163044.11,A,3001.74188,S,05112.74748,W,0.33,58.30,090926,,,A,V*1A
$GPGGA,163045.11,3001.74208,S,05112.74754,W,1,09,1.07,60.26,M,,M,,*4C
$GPGLL,3001.74208,S,05112.74754,W,163045.11,A,A*6A
$GPGSA,A,3,05,12,13,18,23,25,28,29,31,,,,1.98,1.07,1.67,1*11
$GPGSV,4,1,13,5,42,105,44,12,33,043,51,13,27,037,42,15,01,046,,1*56
$GPGSV,4,2,13,18,58,292,22,21,16,133,25,23,10,354,33,25,69,030,52,1*61
$GPGSV,4,3,13,26,14,222,25,28,29,277,23,29,57,177,21,31,20,244,24,1*68
$GPGSV,4,4,13,197,,,24,1*5F
$GPRMC,163045.11,A,3001.74208,S,05112.74754,W,0.04,58.30,090926,,,A,V*19
$GPGGA,163046.11,3001.74224,S,05112.74760,W,1,09,1.07,59.91,M,,M,,*40
$GPGLL,3001.74224,S,05112.74760,W,163046.11,A,A*60
$GPGSA,A,3,05,12,13,18,23,25,28,29,31,,,,1.98,1.07,1.67,1*11
$GPGSV,4,1,13,5,42,105,44,12,33,043,51,13,27,037,42,15,01,046,,1*56
$GPGSV,4,2,13,18,58,292,21,21,16,133,27,23,10,354,33,25,69,030,52,1*60
$GPGSV,4,3,13,26,14,222,25,28,29,277,24,29,57,177,20,31,20,244,24,1*6E
$GPGSV,4,4,13,197,,,25,1*5E
$GPRMC,163046.11,A,3001.74224,S,05112.74760,W,0.19,58.30,090926,,,A,V*1F
$GPGGA,163047.11,3001.74231,S,05112.74762,W,1,09,1.07,59.77,M,,M,,*4F
$GPGLL,3001.74231,S,05112.74762,W,163047.11,A,A*67
$GPGSA,A,3,05,12,13,18,23,25,28,29,31,,,,1.98,1.07,1.67,1*11
$GPGSV,4,1,13,5,42,105,44,12,33,043,51,13,27,037,42,15,01,046,,1*56
$GPGSV,4,2,13,18,58,292,21,21,16,133,28,23,10,354,33,25,69,030,52,1*6F
$GPGSV,4,3,13,26,14,222,24,28,29,277,24,29,57,177,20,31,20,244,23,1*68
$GPGSV,4,4,13,197,,,26,1*5D
$GPRMC,163047.11,A,3001.74231,S,05112.74762,W,0.16,58.30,090926,,,A,V*17
$GPGGA,163048.11,3001.74240,S,05112.74765,W,1,09,1.07,59.50,M,,M,,*44
$GPGLL,3001.74240,S,05112.74765,W,163048.11,A,A*69
$GPGSA,A,3,05,12,13,18,23,25,28,29,31,,,,1.98,1.07,1.67,1*11
$GPGSV,4,1,13,5,42,105,44,12,33,043,51,13,27,037,42,15,01,046,,1*56
$GPGSV,4,2,13,18,58,292,20,21,16,133,28,23,10,354,33,25,69,030,52,1*6E
$GPGSV,4,3,13,26,14,222,25,28,29,277,24,29,57,177,21,31,20,244,22,1*69
$GPGSV,4,4,13,197,,,25,1*5E
$GPRMC,163048.11,A,3001.74240,S,05112.74765,W,0.25,58.30,090926,,,A,V*19
$GPGGA,163049.11,3001.74240,S,05112.74772,W,1,09,1.07,59.47,M,,M,,*45
$GPGLL,3001.74240,S,05112.74772,W,163049.11,A,A*6E
$GPGSA,A,3,05,12,13,18,23,25,28,29,31,,,,1.98,1.07,1.67,1*11
$GPGSV,4,1,13,5,42,105,44,12,33,043,51,13,27,037,42,15,01,046,,1*56
$GPGSV,4,2,13,18,58,292,21,21,16,133,27,23,10,354,34,25,69,030,51,1*64
$GPGSV,4,3,13,26,14,222,25,28,29,277,24,29,57,177,21,31,20,244,22,1*69
$GPGSV,4,4,13,193,,,26,1*59
$GPRMC,163049.11,A,3001.74240,S,05112.74772,W,0.64,58.30,090926,,,A,V*1B
$GPGGA,163050.11,3001.74253,S,05112.74784,W,1,09,1.07,59.19,M,,M,,*4D
$GPGLL,3001.74253,S,05112.74784,W,163050.11,A,A*6D
$GPGSA,A,3,05,12,13,18,23,25,28,29,31,,,,1.98,1.07,1.67,1*11
$GPGSV,4,1,13,5,42,105,44,12,33,043,51,13,27,037,42,15,01,046,,1*56
$GPGSV,4,2,13,18,58,292,21,21,16,133,,23,10,354,34,25,69,030,51,1*61
$GPGSV,4,3,13,26,14,222,25,28,29,277,25,29,57,177,21,31,20,244,22,1*68
$GPGSV,4,4,13,201,,,27,1*50
$GPRMC,163050.11,A,3001.74253,S,05112.74784,W,0.42,58.30,090926,,,A,V*1C
