$GPGGA,165545.11,3001.73658,S,05112.73865,W,1,09,0.96,52.60,M,,M,,*49
$GPGLL,3001.73658,S,05112.73865,W,165545.11,A,A*65
$GPGSA,A,3,05,12,13,23,25,26,28,29,31,,,,2.24,0.96,2.02,1*11
$GPGSV,4,1,15,5,38,120,43,12,23,037,36,13,17,032,26,15,07,056,,1*5D
$GPGSV,4,2,15,18,65,268,14,20,00,082,,21,10,140,,23,21,356,43,1*6F
$GPGSV,4,3,15,25,57,022,52,26,23,224,19,28,24,289,24,29,57,155,29,1*66
$GPGSV,4,4,15,31,21,256,26,193,,,25,197,,,26,1*53
$GPRMC,165545.11,A,3001.73658,S,05112.73865,W,0.06,58.30,090926,,,A,V*14
$GPGGA,165546.11,3001.73660,S,05112.73866,W,1,09,0.96,52.33,M,,M,,*44
$GPGLL,3001.73660,S,05112.73866,W,165546.11,A,A*6E
$GPGSA,A,3,05,12,13,23,25,26,28,29,31,,,,2.24,0.96,2.02,1*11
$GPGSV,4,1,15,5,38,120,43,12,23,037,36,13,17,032,26,15,07,056,,1*5D
$GPGSV,4,2,15,18,65,268,11,20,00,082,,21,10,140,,23,21,356,42,1*6B
$GPGSV,4,3,15,25,57,022,52,26,23,224,17,28,24,289,24,29,57,155,28,1*69
$GPGSV,4,4,15,31,21,256,25,193,,,42,197,,,25,1*52
$GPRMC,165546.11,A,3001.73660,S,05112.73866,W,0.10,58.30,090926,,,A,V*18
$GPGGA,165547.11,3001.73665,S,05112.73866,W,1,09,0.96,52.32,M,,M,,*41
$GPGLL,3001.73665,S,05112.73866,W,165547.11,A,A*6A
$GPGSA,A,3,05,12,13,23,25,26,28,29,31,,,,2.24,0.96,2.02,1*11
$GPGSV,4,1,15,5,38,120,44,12,23,037,35,13,17,032,26,15,07,056,,1*59
$GPGSV,4,2,15,18,65,268,14,20,00,082,,21,10,140,,23,21,356,42,1*6E
$GPGSV,4,3,15,25,57,022,52,26,23,224,17,28,24,289,24,29,57,155,28,1*69
$GPGSV,4,4,15,31,21,256,25,193,,,29,197,,,26,1*5C
$GPRMC,165547.11,A,3001.73665,S,05112.73866,W,0.15,58.30,090926,,,A,V*19
$GPGGA,165548.11,3001.73663,S,05112.73869,W,1,09,0.96,52.09,M,,M,,*4F
$GPGLL,3001.73663,S,05112.73869,W,165548.11,A,A*6C
$GPGSA,A,3,05,12,13,23,25,26,28,29,31,,,,2.24,0.96,2.02,1*11
$GPGSV,4,1,15,5,38,120,44,12,23,037,35,13,17,032,26,15,07,056,,1*59
$GPGSV,4,2,15,18,65,268,11,20,00,082,,21,10,140,,23,21,356,42,1*6B
$GPGSV,4,3,15,25,57,022,52,26,23,224,15,28,24,289,24,29,57,155,28,1*6B
$GPGSV,4,4,15,31,21,256,26,193,,,29,197,,,25,1*5C
$GPRMC,165548.11,A,3001.73663,S,05112.73869,W,0.03,58.30,090926,,,A,V*18
$GPGGA,165549.11,3001.73669,S,05112.73865,W,1,09,0.96,51.89,M,,M,,*43
$GPGLL,3001.73669,S,05112.73865,W,165549.11,A,A*6B
$GPGSA,A,3,05,12,13,23,25,26,28,29,31,,,,2.24,0.96,2.02,1*11
$GPGSV,4,1,15,5,38,120,44,12,23,037,36,13,17,032,26,15,07,056,,1*5A
$GPGSV,4,2,15,18,65,268,10,20,00,082,,21,10,140,,23,21,356,42,1*6A
$GPGSV,4,3,15,25,57,022,52,26,23,224,16,28,24,289,24,29,57,155,28,1*68
$GPGSV,4,4,15,31,21,256,26,193,,,29,197,,,25,1*5C
$GPRMC,165549.11,A,3001.73669,S,05112.73865,W,0.05,58.30,090926,,,A,V*19
$GPGGA,165550.11,3001.73670,S,05112.73861,W,1,09,0.96,51.72,M,,M,,*43
$GPGLL,3001.73670,S,05112.73861,W,165550.11,A,A*6F
$GPGSA,A,3,05,12,13,23,25,26,28,29,31,,,,2.24,0.96,2.02,1*11
$GPGSV,4,1,15,5,38,120,44,12,23,037,35,13,17,032,26,15,07,056,,1*59
$GPGSV,4,2,15,18,65,268,13,20,00,082,,21,10,140,,23,21,356,43,1*68
$GPGSV,4,3,15,25,57,022,52,26,23,224,14,28,24,289,23,29,57,155,28,1*6D
$GPGSV,4,4,15,31,21,256,25,193,,,41,197,,,26,1*52
$GPRMC,165550.11,A,3001.73670,S,05112.73861,W,0.15,58.30,090926,,,A,V*1C
$GPGGA,165551.11,3001.73679,S,05112.73871,W,1,08,1.06,51.65,M,,M,,*45
$GPGLL,3001.73679,S,05112.73871,W,165551.11,A,A*66
$GPGSA,A,3,05,12,13,23,25,28,29,31,,,,,2.42,1.06,2.17,1*19
$GPGSV,4,1,15,5,38,120,44,12,23,037,35,13,17,032,27,15,07,056,,1*58
$GPGSV,4,2,15,18,65,268,07,20,00,082,,21,10,140,,23,21,356,42,1*6C
$GPGSV,4,3,15,25,57,022,51,26,23,224,42,28,24,289,23,29,57,155,28,1*6D
$GPGSV,4,4,15,31,21,256,25,193,,,27,197,,,28,1*5C
$GPRMC,165551.11,A,3001.73679,S,05112.73871,W,0.18,58.30,090926,,,A,V*18
$GPGGA,165552.11,3001.73682,S,05112.73867,W,1,08,1.06,51.65,M,,M,,*45
$GPGLL,3001.73682,S,05112.73867,W,165552.11,A,A*66
$GPGSA,A,3,05,12,13,23,25,28,29,31,,,,,2.42,1.06,2.17,1*19
$GPGSV,4,1,15,5,38,120,44,12,23,037,36,13,17,032,27,15,07,056,,1*5B
$GPGSV,4,2,15,18,65,268,09,20,00,082,,21,10,140,,23,21,356,42,1*62
$GPGSV,4,3,15,25,57,022,52,26,23,224,42,28,24,289,22,29,57,155,28,1*6F
$GPGSV,4,4,15,31,21,256,25,193,,,25,197,,,29,1*5F
$GPRMC,165552.11,A,3001.73682,S,05112.73867,W,0.15,58.30,090926,,,A,V*15
$GPGGA,165553.11,3001.73686,S,05112.73862,W,1,07,1.14,51.55,M,,M,,*4A
$GPGLL,3001.73686,S,05112.73862,W,165553.11,A,A*66
$GPGSA,A,3,05,12,13,25,28,29,31,,,,,,2.45,1.14,2.17,1*1C
$GPGSV,4,1,15,5,38,120,44,12,23,037,36,13,17,032,27,15,07,056,,1*5B
$GPGSV,4,2,15,18,65,268,05,20,00,082,,21,10,140,,23,21,356,43,1*6F
$GPGSV,4,3,15,25,57,022,52,26,23,224,42,28,24,289,22,29,57,155,27,1*60
$GPGSV,4,4,15,31,21,256,25,193,,,25,197,,,25,1*53
$GPRMC,165553.11,A,3001.73686,S,05112.73862,W,0.03,58.30,090926,,,A,V*12
$GPGGA,165554.11,3001.73682,S,05112.73859,W,1,07,1.14,51.71,M,,M,,*47
$GPGLL,3001.73682,S,05112.73859,W,165554.11,A,A*6D
$GPGSA,A,3,05,12,13,25,28,29,31,,,,,,2.45,1.14,2.17,1*1C
$GPGSV,4,1,15,5,38,120,44,12,23,037,36,13,17,032,27,15,07,056,,1*5B
$GPGSV,4,2,15,18,65,268,08,20,00,082,,21,10,140,,23,21,356,43,1*62
$GPGSV,4,3,15,25,57,022,52,26,23,224,42,28,24,289,22,29,57,155,28,1*6F
$GPGSV,4,4,15,31,21,256,24,193,,,27,197,,,25,1*50
$GPRMC,165554.11,A,3001.73682,S,05112.73859,W,0.03,58.30,090926,,,A,V*19
$GPGGA,165555.11,3001.73679,S,05112.73855,W,1,07,1.14,51.89,M,,M,,*49
$GPGLL,3001.73679,S,05112.73855,W,165555.11,A,A*64
$GPGSA,A,3,05,12,13,25,28,29,31,,,,,,2.45,1.14,2.17,1*1C
$GPGSV,4,1,15,5,38,120,44,12,23,037,36,13,17,032,27,15,07,056,,1*5B
$GPGSV,4,2,15,18,65,268,00,20,00,082,,21,10,140,,23,21,356,43,1*6A
$GPGSV,4,3,15,25,57,022,52,26,23,224,26,28,24,289,21,29,57,155,28,1*6E
$GPGSV,4,4,15,31,21,256,25,193,,,25,197,,,25,1*53
$GPRMC,165555.11,A,3001.73679,S,05112.73855,W,0.17,58.30,090926,,,A,V*15
$GPGGA,165556.11,3001.73673,S,05112.73848,W,1,07,1.13,52.26,M,,M,,*4D
$GPGLL,3001.73673,S,05112.73848,W,165556.11,A,A*61
$GPGSA,A,3,05,12,13,25,28,29,31,,,,,,2.45,1.13,2.17,1*1B
$GPGSV,4,1,15,5,38,120,44,12,23,037,35,13,17,032,27,15,07,056,,1*58
$GPGSV,4,2,15,18,65,268,07,20,00,082,,21,10,140,,23,21,356,42,1*6C
$GPGSV,4,3,15,25,57,022,52,26,23,224,25,28,24,289,21,29,57,155,28,1*6D
$GPGSV,4,4,15,31,21,256,25,193,,,24,197,,,25,1*52
$GPRMC,165556.11,A,3001.73673,S,05112.73848,W,0.09,58.30,090926,,,A,V*1F
$GPGGA,165557.11,3001.73670,S,05112.73846,W,1,07,1.13,52.50,M,,M,,*40
$GPGLL,3001.73670,S,05112.73846,W,165557.11,A,A*6D
$GPGSA,A,3,05,12,13,25,28,29,31,,,,,,2.45,1.13,2.17,1*1B
$GPGSV,4,1,15,5,38,120,44,12,23,037,36,13,17,032,28,15,07,056,,1*54
$GPGSV,4,2,15,18,65,268,05,20,00,082,,21,10,140,,23,21,356,42,1*6E
$GPGSV,4,3,15,25,57,022,52,26,23,224,25,28,24,289,21,29,57,155,28,1*6D
$GPGSV,4,4,15,31,21,256,23,193,,,25,197,,,25,1*55
$GPRMC,165557.11,A,3001.73670,S,05112.73846,W,0.04,58.30,090926,,,A,V*1E
$GPGGA,165558.11,3001.73672,S,05112.73840,W,1,07,1.13,52.63,M,,M,,*4B
$GPGLL,3001.73672,S,05112.73840,W,165558.11,A,A*66
$GPGSA,A,3,05,12,13,25,28,29,31,,,,,,2.45,1.13,2.17,1*1B
$GPGSV,4,1,15,5,38,120,43,12,23,037,36,13,17,032,28,15,07,056,,1*53
$GPGSV,4,2,15,18,65,268,08,20,00,082,,21,10,140,,23,21,356,48,1*69
$GPGSV,4,3,15,25,57,022,52,26,23,224,25,28,24,289,21,29,57,155,27,1*62
$GPGSV,4,4,15,31,21,256,24,193,,,24,197,,,25,1*53
$GPRMC,165558.11,A,3001.73672,S,05112.73840,W,0.04,58.30,090926,,,A,V*15
$GPGGA,165559.11,3001.73674,S,05112.73827,W,1,07,1.13,52.84,M,,M,,*44
$GPGLL,3001.73674,S,05112.73827,W,165559.11,A,A*60
$GPGSA,A,3,05,12,13,25,28,29,31,,,,,,2.45,1.13,2.17,1*1B
$GPGSV,4,1,15,5,38,120,43,12,23,037,36,13,17,032,28,15,07,056,,1*53
$GPGSV,4,2,15,18,65,268,05,20,00,082,,21,10,140,,23,21,356,45,1*69
$GPGSV,4,3,15,25,57,022,52,26,23,224,26,28,24,289,22,29,57,155,27,1*62
$GPGSV,4,4,15,31,21,256,23,193,,,25,197,,,24,1*54
$GPRMC,165559.11,A,3001.73674,S,05112.73827,W,0.15,58.30,090926,,,A,V*13
$GPGGA,165600.11,3001.73672,S,05112.73814,W,1,07,1.13,53.10,M,,M,,*41
$GPGLL,3001.73672,S,05112.73814,W,165600.11,A,A*69
$GPGSA,A,3,05,12,13,25,28,29,31,,,,,,2.45,1.13,2.17,1*1B
$GPGSV,4,1,15,5,38,120,44,12,23,037,37,13,17,032,28,15,07,056,,1*55
$GPGSV,4,2,15,18,65,268,04,20,00,082,,21,10,140,,23,21,356,44,1*69
$GPGSV,4,3,15,25,57,022,52,26,23,224,25,28,24,289,22,29,57,155,27,1*61
$GPGSV,4,4,15,31,21,256,23,193,,,25,197,,,29,1*59
$GPRMC,165600.11,A,3001.73672,S,05112.73814,W,0.09,58.30,090926,,,A,V*17
$GPGGA,165601.11,3001.73670,S,05112.73813,W,1,08,1.06,52.97,M,,M,,*40
$GPGLL,3001.73670,S,05112.73813,W,165601.11,A,A*6D
$GPGSA,A,3,05,12,13,23,25,28,29,31,,,,,2.41,1.06,2.17,1*1A
$GPGSV,4,1,15,5,38,120,44,12,23,037,36,13,17,032,29,15,07,056,,1*55
$GPGSV,4,2,15,18,65,268,01,20,00,082,,21,10,140,,23,21,356,43,1*6B
$GPGSV,4,3,15,25,57,022,52,26,23,224,24,28,24,289,23,29,57,155,27,1*61
$GPGSV,4,4,15,31,21,256,22,193,,,25,197,,,25,1*54
$GPRMC,165601.11,A,3001.73670,S,05112.73813,W,0.13,58.30,090926,,,A,V*18
$GPGGA,165602.11,3001.73678,S,05112.73795,W,1,08,1.06,52.84,M,,M,,*48
$GPGLL,3001.73678,S,05112.73795,W,165602.11,A,A*67
$GPGSA,A,3,05,12,13,23,25,28,29,31,,,,,2.41,1.06,2.17,1*1A
$GPGSV,4,1,15,5,38,120,44,12,23,037,36,13,17,032,29,15,07,056,,1*55
$GPGSV,4,2,15,18,65,268,00,20,00,082,,21,10,140,,23,21,356,43,1*6A
$GPGSV,4,3,15,25,57,022,52,26,23,224,24,28,24,289,23,29,57,155,27,1*61
$GPGSV,4,4,15,31,21,256,22,193,,,27,197,,,24,1*57
$GPRMC,165602.11,A,3001.73678,S,05112.73795,W,0.26,58.30,090926,,,A,V*14
$GPGGA,165603.11,3001.73685,S,05112.73783,W,1,08,1.06,52.73,M,,M,,*44
$GPGLL,3001.73685,S,05112.73783,W,165603.11,A,A*63
$GPGSA,A,3,05,12,13,23,25,28,29,31,,,,,2.41,1.06,2.17,1*1A
$GPGSV,4,1,15,5,38,120,44,12,23,037,36,13,17,032,29,15,07,056,,1*55
$GPGSV,4,2,15,18,65,268,00,20,00,082,,21,10,140,,23,21,356,43,1*6A
$GPGSV,4,3,15,25,57,022,52,26,23,224,27,28,24,289,22,29,57,155,26,1*62
$GPGSV,4,4,15,31,21,256,22,193,,,27,197,,,24,1*57
$GPRMC,165603.11,A,3001.73685,S,05112.73783,W,0.05,58.30,090926,,,A,V*11
$GPGGA,165604.11,3001.73690,S,05112.73772,W,1,08,1.06,52.67,M,,M,,*4C
$GPGLL,3001.73690,S,05112.73772,W,165604.11,A,A*6E
$GPGSA,A,3,05,12,13,23,25,28,29,31,,,,,2.41,1.06,2.17,1*1A
$GPGSV,4,1,15,5,38,120,43,12,23,037,36,13,17,032,28,15,07,056,,1*53
$GPGSV,4,2,15,18,65,268,04,20,00,082,,21,10,140,,23,21,356,43,1*6E
$GPGSV,4,3,15,25,57,022,52,26,23,224,25,28,24,289,22,29,57,155,26,1*60
$GPGSV,4,4,15,31,21,256,22,193,,,25,197,,,25,1*54
$GPRMC,165604.11,A,3001.73690,S,05112.73772,W,0.13,58.30,090926,,,A,V*1B
$GPGGA,165605.11,3001.73702,S,05112.73797,W,1,08,1.06,52.72,M,,M,,*48
$GPGLL,3001.73702,S,05112.73797,W,165605.11,A,A*6E
$GPGSA,A,3,05,12,13,23,25,28,29,31,,,,,2.41,1.06,2.17,1*1A
$GPGSV,4,1,15,5,38,120,43,12,23,037,36,13,17,032,28,15,07,056,,1*53
$GPGSV,4,2,15,18,65,268,05,20,00,082,,21,10,140,,23,21,356,43,1*6F
$GPGSV,4,3,15,25,57,022,52,26,23,224,26,28,24,289,23,29,57,155,26,1*62
$GPGSV,4,4,15,31,21,256,22,193,,,26,197,,,25,1*57
$GPRMC,165605.11,A,3001.73702,S,05112.73797,W,0.19,58.30,090926,,,A,V*11
$GPGGA,165606.11,3001.73701,S,05112.73809,W,1,08,1.06,52.54,M,,M,,*44
$GPGLL,3001.73701,S,05112.73809,W,165606.11,A,A*66
$GPGSA,A,3,05,12,13,23,25,28,29,31,,,,,2.41,1.06,2.17,1*1A
$GPGSV,4,1,13,5,38,120,43,12,23,037,36,13,17,032,28,15,07,056,,1*55
$GPGSV,4,2,13,18,65,268,05,20,00,082,,21,10,140,,23,21,356,43,1*69
$GPGSV,4,3,13,25,57,022,52,26,23,224,,28,24,289,22,29,57,155,26,1*61
$GPGSV,4,4,13,31,21,256,22,1*56
$GPRMC,165606.11,A,3001.73701,S,05112.73809,W,0.16,58.30,090926,,,A,V*16
$GPGGA,165607.11,3001.73703,S,05112.73818,W,1,08,1.06,52.25,M,,M,,*41
$GPGLL,3001.73703,S,05112.73818,W,165607.11,A,A*65
$GPGSA,A,3,05,12,13,23,25,28,29,31,,,,,2.41,1.06,2.17,1*1A
$GPGSV,4,1,14,5,38,120,43,12,23,037,35,13,17,032,28,15,07,056,,1*51
$GPGSV,4,2,14,18,65,268,06,20,00,082,,21,10,140,,23,21,356,43,1*6D
$GPGSV,4,3,14,25,57,022,51,26,23,224,27,28,24,289,23,29,57,155,26,1*61
$GPGSV,4,4,14,31,21,256,22,201,,,30,1*61
$GPRMC,165607.11,A,3001.73703,S,05112.73818,W,0.25,58.30,090926,,,A,V*15
$GPGGA,165608.11,3001.73702,S,05112.73821,W,1,08,1.06,52.22,M,,M,,*42
$GPGLL,3001.73702,S,05112.73821,W,165608.11,A,A*61
$GPGSA,A,3,05,12,13,23,25,28,29,31,,,,,2.41,1.06,2.17,1*1A
$GPGSV,4,1,13,5,38,120,43,12,23,037,35,13,17,032,28,15,07,056,,1*56
$GPGSV,4,2,13,18,65,268,00,20,00,082,,21,10,140,,23,21,356,43,1*6C
$GPGSV,4,3,13,25,57,022,52,26,23,224,19,28,24,289,23,29,57,155,26,1*68
$GPGSV,4,4,13,31,21,256,22,1*56
$GPRMC,165608.11,A,3001.73702,S,05112.73821,W,0.23,58.30,090926,,,A,V*17
$GPGGA,165609.11,3001.73711,S,05112.73831,W,1,08,1.06,52.23,M,,M,,*41
$GPGLL,3001.73711,S,05112.73831,W,165609.11,A,A*63
$GPGSA,A,3,05,12,13,23,25,28,29,31,,,,,2.41,1.06,2.17,1*1A
$GPGSV,4,1,13,5,38,120,43,12,23,037,36,13,17,032,28,15,07,056,,1*55
$GPGSV,4,2,13,18,65,268,02,20,00,082,,21,10,140,,23,21,356,43,1*6E
$GPGSV,4,3,13,25,57,022,52,26,23,224,08,28,24,289,23,29,57,155,25,1*6B
$GPGSV,4,4,13,31,21,256,24,1*50
$GPRMC,165609.11,A,3001.73711,S,05112.73831,W,0.03,58.30,090926,,,A,V*17
$GPGGA,165610.11,3001.73712,S,05112.73828,W,1,08,1.06,52.35,M,,M,,*45
$GPGLL,3001.73712,S,05112.73828,W,165610.11,A,A*60
$GPGSA,A,3,05,12,13,23,25,28,29,31,,,,,2.41,1.06,2.17,1*1A
$GPGSV,4,1,14,5,38,120,43,12,23,037,36,13,17,032,27,15,07,056,,1*5D
$GPGSV,4,2,14,18,65,268,,20,00,082,,21,10,140,,23,21,356,43,1*6B
$GPGSV,4,3,14,25,57,022,52,26,23,224,00,28,24,289,24,29,57,155,25,1*63
$GPGSV,4,4,14,31,21,256,24,201,,,30,1*67
$GPRMC,165610.11,A,3001.73712,S,05112.73828,W,0.19,58.30,090926,,,A,V*1F
$GPGGA,165611.11,3001.73722,S,05112.73828,W,1,08,1.06,51.98,M,,M,,*43
$GPGLL,3001.73722,S,05112.73828,W,165611.11,A,A*62
$GPGSA,A,3,05,12,13,23,25,28,29,31,,,,,2.41,1.06,2.17,1*1A
$GPGSV,4,1,14,5,38,120,43,12,23,037,36,13,17,032,27,15,07,056,,1*5D
$GPGSV,4,2,14,18,65,268,,20,00,082,,21,10,140,,23,21,356,43,1*6B
$GPGSV,4,3,14,25,57,022,52,26,23,224,25,28,24,289,24,29,57,155,24,1*65
$GPGSV,4,4,14,31,21,256,25,201,,,26,1*61
$GPRMC,165611.11,A,3001.73722,S,05112.73828,W,0.22,58.30,090926,,,A,V*15
$GPGGA,165612.11,3001.73730,S,05112.73816,W,1,08,1.06,52.09,M,,M,,*45
$GPGLL,3001.73730,S,05112.73816,W,165612.11,A,A*6F
$GPGSA,A,3,05,12,13,23,25,28,29,31,,,,,2.41,1.06,2.17,1*1A
$GPGSV,4,1,13,5,38,120,43,12,23,037,36,13,17,032,27,15,07,056,,1*5A
$GPGSV,4,2,13,18,65,268,,20,00,082,,21,10,140,,23,21,356,43,1*6C
$GPGSV,4,3,13,25,57,022,52,26,23,224,25,28,24,289,24,29,57,155,24,1*62
$GPGSV,4,4,13,31,21,256,25,1*51
$GPRMC,165612.11,A,3001.73730,S,05112.73816,W,0.07,58.30,090926,,,A,V*1F
$GPGGA,165613.11,3001.73731,S,05112.73805,W,1,08,1.06,52.07,M,,M,,*49
$GPGLL,3001.73731,S,05112.73805,W,165613.11,A,A*6D
$GPGSA,A,3,05,12,13,23,25,28,29,31,,,,,2.41,1.06,2.17,1*1A
$GPGSV,4,1,13,5,38,120,43,12,23,037,36,13,17,032,27,15,07,056,,1*5A
$GPGSV,4,2,13,18,65,268,,20,00,082,,21,10,140,,23,21,356,43,1*6C
$GPGSV,4,3,13,25,57,022,52,26,23,224,25,28,24,289,24,29,57,155,23,1*65
$GPGSV,4,4,13,31,21,256,25,1*51
$GPRMC,165613.11,A,3001.73731,S,05112.73805,W,0.06,58.30,090926,,,A,V*1C
$GPGGA,165614.11,3001.73727,S,05112.73800,W,1,08,1.06,51.92,M,,M,,*43
$GPGLL,3001.73727,S,05112.73800,W,165614.11,A,A*68
$GPGSA,A,3,05,12,13,23,25,28,29,31,,,,,2.41,1.06,2.17,1*1A
$GPGSV,4,1,13,5,38,120,43,12,23,037,36,13,17,032,27,15,07,056,,1*5A
$GPGSV,4,2,13,18,65,268,,20,00,082,,21,10,140,,23,21,356,43,1*6C
$GPGSV,4,3,13,25,57,022,52,26,23,224,24,28,24,289,25,29,57,155,23,1*65
$GPGSV,4,4,13,31,21,256,25,1*51
$GPRMC,165614.11,A,3001.73727,S,05112.73800,W,0.05,58.30,090926,,,A,V*1A
$GPGGA,165615.11,3001.73723,S,05112.73797,W,1,08,1.06,51.88,M,,M,,*4C
$GPGLL,3001.73723,S,05112.73797,W,165615.11,A,A*6C
$GPGSA,A,3,05,12,13,23,25,28,29,31,,,,,2.41,1.06,2.17,1*1A
$GPGSV,4,1,13,5,38,120,43,12,23,037,36,13,17,032,27,15,07,056,,1*5A
$GPGSV,4,2,13,18,65,268,,20,00,082,,21,10,140,,23,21,356,43,1*6C
$GPGSV,4,3,13,25,57,022,52,26,23,224,26,28,24,289,25,29,57,155,21,1*65
$GPGSV,4,4,13,31,21,256,25,1*51
$GPRMC,165615.11,A,3001.73723,S,05112.73797,W,0.11,58.30,090926,,,A,V*1B
$GPGGA,165616.11,3001.73721,S,05112.73799,W,1,08,1.06,51.88,M,,M,,*43
$GPGLL,3001.73721,S,05112.73799,W,165616.11,A,A*63
$GPGSA,A,3,05,12,13,23,25,28,29,31,,,,,2.41,1.06,2.17,1*1A
$GPGSV,4,1,13,5,38,120,43,12,23,037,36,13,17,032,27,15,07,056,,1*5A
$GPGSV,4,2,13,18,65,268,18,20,00,082,,21,10,140,,23,21,356,43,1*65
$GPGSV,4,3,13,25,57,022,52,26,23,224,25,28,24,289,26,29,57,155,21,1*65
$GPGSV,4,4,13,31,21,256,25,1*51
$GPRMC,165616.11,A,3001.73721,S,05112.73799,W,0.12,58.30,090926,,,A,V*17
$GPGGA,165617.11,3001.73724,S,05112.73793,W,1,08,1.06,51.87,M,,M,,*42
$GPGLL,3001.73724,S,05112.73793,W,165617.11,A,A*6D
$GPGSA,A,3,05,12,13,23,25,28,29,31,,,,,2.41,1.06,2.17,1*1A
$GPGSV,4,1,13,5,38,120,43,12,23,037,36,13,17,032,27,15,07,056,,1*5A
$GPGSV,4,2,13,18,65,268,13,20,00,082,,21,10,140,,23,21,356,43,1*6E
$GPGSV,4,3,13,25,57,022,52,26,23,224,25,28,24,289,25,29,57,155,20,1*67
$GPGSV,4,4,13,31,21,256,25,1*51
$GPRMC,165617.11,A,3001.73724,S,05112.73793,W,0.08,58.30,090926,,,A,V*12
$GPGGA,165618.11,3001.73725,S,05112.73795,W,1,08,1.06,51.98,M,,M,,*44
$GPGLL,3001.73725,S,05112.73795,W,165618.11,A,A*65
$GPGSA,A,3,05,12,13,23,25,28,29,31,,,,,2.41,1.06,2.17,1*1A
$GPGSV,4,1,13,5,38,120,43,12,23,037,36,13,17,032,28,15,07,056,,1*55
$GPGSV,4,2,13,18,65,268,11,20,00,082,,21,10,140,,23,21,356,42,1*6D
$GPGSV,4,3,13,25,57,022,52,26,23,224,25,28,24,289,25,29,57,155,20,1*67
$GPGSV,4,4,13,31,21,256,25,1*51
$GPRMC,165618.11,A,3001.73725,S,05112.73795,W,0.04,58.30,090926,,,A,V*16
$GPGGA,165619.11,3001.73726,S,05112.73796,W,1,08,1.06,52.06,M,,M,,*41
$GPGLL,3001.73726,S,05112.73796,W,165619.11,A,A*64
$GPGSA,A,3,05,12,13,23,25,28,29,31,,,,,2.41,1.06,2.17,1*1A
$GPGSV,4,1,13,5,38,120,43,12,23,037,36,13,17,032,28,15,07,056,,1*55
$GPGSV,4,2,13,18,65,268,10,20,00,082,,21,10,140,,23,21,356,43,1*6D
$GPGSV,4,3,13,25,57,022,52,26,23,224,26,28,24,289,25,29,57,155,20,1*64
$GPGSV,4,4,13,31,21,256,25,1*51
$GPRMC,165619.11,A,3001.73726,S,05112.73796,W,0.30,58.30,090926,,,A,V*10
$GPGGA,165620.11,3001.73734,S,05112.73800,W,1,08,1.06,51.80,M,,M,,*45
$GPGLL,3001.73734,S,05112.73800,W,165620.11,A,A*6D
$GPGSA,A,3,05,12,13,23,25,28,29,31,,,,,2.41,1.06,2.17,1*1A
$GPGSV,4,1,13,5,38,120,43,12,23,037,36,13,17,032,28,15,07,056,,1*55
$GPGSV,4,2,13,18,65,268,27,20,00,082,,21,10,140,,23,21,356,43,1*69
$GPGSV,4,3,13,25,57,022,51,26,23,224,25,28,24,289,25,29,57,155,20,1*64
$GPGSV,4,4,13,31,21,256,25,1*51
$GPRMC,165620.11,A,3001.73734,S,05112.73800,W,0.02,58.30,090926,,,A,V*18
$GPGGA,165621.11,3001.73737,S,05112.73796,W,1,08,1.06,51.95,M,,M,,*43
$GPGLL,3001.73737,S,05112.73796,W,165621.11,A,A*6F
$GPGSA,A,3,05,12,13,23,25,28,29,31,,,,,2.41,1.06,2.17,1*1A
$GPGSV,4,1,13,5,38,120,43,12,23,037,36,13,17,032,28,15,07,056,,1*55
$GPGSV,4,2,13,18,65,268,25,20,00,082,,21,10,140,,23,21,356,43,1*6B
$GPGSV,4,3,13,25,57,022,51,26,23,224,25,28,24,289,24,29,57,155,20,1*65
$GPGSV,4,4,13,31,21,256,25,1*51
$GPRMC,165621.11,A,3001.73737,S,05112.73796,W,0.07,58.30,090926,,,A,V*1F
$GPGGA,165622.11,3001.73744,S,05112.73806,W,1,08,1.06,51.81,M,,M,,*47
$GPGLL,3001.73744,S,05112.73806,W,165622.11,A,A*6E
$GPGSA,A,3,05,12,13,23,25,28,29,31,,,,,2.41,1.06,2.17,1*1A
$GPGSV,4,1,13,5,38,120,43,12,23,037,36,13,17,032,28,15,07,056,,1*55
$GPGSV,4,2,13,18,65,268,25,20,00,082,,21,10,140,,23,21,356,43,1*6B
$GPGSV,4,3,13,25,57,022,52,26,23,224,24,28,24,289,24,29,57,155,21,1*66
$GPGSV,4,4,13,31,21,256,25,1*51
$GPRMC,165622.11,A,3001.73744,S,05112.73806,W,0.12,58.30,090926,,,A,V*1A
$GPGGA,165623.11,3001.73751,S,05112.73816,W,1,08,1.06,51.74,M,,M,,*49
$GPGLL,3001.73751,S,05112.73816,W,165623.11,A,A*6A
$GPGSA,A,3,05,12,13,23,25,28,29,31,,,,,2.41,1.06,2.17,1*1A
$GPGSV,4,1,13,5,38,120,44,12,23,037,35,13,17,032,28,15,07,056,,1*51
$GPGSV,4,2,13,18,65,268,25,20,00,082,,21,10,140,,23,21,356,43,1*6B
$GPGSV,4,3,13,25,57,022,52,26,23,224,27,28,24,289,23,29,57,155,19,1*69
$GPGSV,4,4,13,31,21,256,25,1*51
$GPRMC,165623.11,A,3001.73751,S,05112.73816,W,0.18,58.30,090926,,,A,V*14
$GPGGA,165624.11,3001.73750,S,05112.73816,W,1,08,1.06,51.86,M,,M,,*42
$GPGLL,3001.73750,S,05112.73816,W,165624.11,A,A*6C
$GPGSA,A,3,05,12,13,23,25,28,29,31,,,,,2.41,1.06,2.17,1*1A
$GPGSV,4,1,14,5,38,120,44,12,23,037,36,13,17,032,29,15,07,056,25,1*53
$GPGSV,4,2,14,18,65,268,,20,00,082,,21,10,140,,23,21,356,43,1*6B
$GPGSV,4,3,14,25,57,022,52,26,23,224,25,28,24,289,23,29,57,155,19,1*6C
$GPGSV,4,4,14,31,21,256,26,201,,,29,1*6D
$GPRMC,165624.11,A,3001.73750,S,05112.73816,W,0.22,58.30,090926,,,A,V*1B
$GPGGA,165625.11,3001.73745,S,05112.73831,W,1,08,1.06,51.77,M,,M,,*4C
$GPGLL,3001.73745,S,05112.73831,W,165625.11,A,A*6C
$GPGSA,A,3,05,12,13,23,25,28,29,31,,,,,2.41,1.06,2.17,1*1A
$GPGSV,4,1,15,5,38,120,44,12,23,037,36,13,17,032,29,15,07,056,25,1*52
$GPGSV,4,2,15,18,65,268,,20,00,082,,21,10,140,,23,21,356,43,1*6A
$GPGSV,4,3,15,25,57,022,51,26,23,224,24,28,24,289,22,29,57,155,19,1*6E
$GPGSV,4,4,15,31,21,256,25,193,,,26,201,,,26,1*5F
$GPRMC,165625.11,A,3001.73745,S,05112.73831,W,0.50,58.30,090926,,,A,V*1E
$GPGGA,165626.11,3001.73742,S,05112.73834,W,1,08,1.06,51.83,M,,M,,*46
$GPGLL,3001.73742,S,05112.73834,W,165626.11,A,A*6D
$GPGSA,A,3,05,12,13,23,25,28,29,31,,,,,2.41,1.06,2.17,1*1A
$GPGSV,4,1,15,5,38,120,43,12,23,037,36,13,17,032,29,15,07,056,24,1*54
$GPGSV,4,2,15,18,65,268,,20,00,082,,21,10,140,,23,21,356,43,1*6A
$GPGSV,4,3,15,25,57,022,51,26,23,224,24,28,24,289,22,29,57,155,21,1*65
$GPGSV,4,4,15,31,21,256,25,193,,,25,201,,,25,1*5F
$GPRMC,165626.11,A,3001.73742,S,05112.73834,W,0.02,58.30,090926,,,A,V*18
$GPGGA,165627.11,3001.73740,S,05112.73830,W,1,08,1.06,51.85,M,,M,,*47
$GPGLL,3001.73740,S,05112.73830,W,165627.11,A,A*6A
$GPGSA,A,3,05,12,13,23,25,28,29,31,,,,,2.41,1.06,2.17,1*1A
$GPGSV,4,1,16,5,38,120,44,12,23,037,36,13,17,032,29,15,07,056,25,1*51
$GPGSV,4,2,16,18,65,268,,20,00,082,,21,10,140,,23,21,356,43,1*69
$GPGSV,4,3,16,25,57,022,52,26,23,224,,28,24,289,21,29,57,155,20,1*61
$GPGSV,4,4,16,31,21,256,26,193,,,24,197,,,29,201,,,24,1*6B
$GPRMC,165627.11,A,3001.73740,S,05112.73830,W,0.16,58.30,090926,,,A,V*1A
$GPGGA,165628.11,3001.73752,S,05112.73833,W,1,08,1.06,51.70,M,,M,,*42
$GPGLL,3001.73752,S,05112.73833,W,165628.11,A,A*65
$GPGSA,A,3,05,12,13,23,25,28,29,31,,,,,2.41,1.06,2.16,1*1B
$GPGSV,4,1,14,5,38,120,44,12,23,037,36,13,17,032,29,15,07,056,26,1*50
$GPGSV,4,2,14,18,65,268,,20,00,082,,21,10,140,,23,21,356,43,1*6B
$GPGSV,4,3,14,25,57,022,51,26,23,224,,28,24,289,20,29,57,155,20,1*61
$GPGSV,4,4,14,31,21,256,26,201,,,28,1*6C
$GPRMC,165628.11,A,3001.73752,S,05112.73833,W,0.04,58.30,090926,,,A,V*16
$GPGGA,165629.11,3001.73758,S,05112.73841,W,1,08,1.06,51.82,M,,M,,*41
$GPGLL,3001.73758,S,05112.73841,W,165629.11,A,A*6B
$GPGSA,A,3,05,12,13,23,25,28,29,31,,,,,2.41,1.06,2.16,1*1B
$GPGSV,4,1,13,5,38,120,44,12,23,037,36,13,17,032,29,15,07,056,25,1*54
$GPGSV,4,2,13,18,65,268,,20,00,082,,21,10,140,,23,21,356,43,1*6C
$GPGSV,4,3,13,25,57,022,51,26,23,224,24,28,24,289,19,29,57,155,21,1*6B
$GPGSV,4,4,13,31,21,256,27,1*53
$GPRMC,165629.11,A,3001.73758,S,05112.73841,W,0.23,58.30,090926,,,A,V*1D
$GPGGA,165630.11,3001.73761,S,05112.73856,W,1,08,1.06,51.86,M,,M,,*41
$GPGLL,3001.73761,S,05112.73856,W,165630.11,A,A*6F
$GPGSA,A,3,05,12,13,23,25,28,29,31,,,,,2.41,1.06,2.16,1*1B
$GPGSV,4,1,14,5,38,121,44,12,23,037,36,13,16,032,29,15,07,056,25,1*53
$GPGSV,4,2,14,18,65,267,,20,00,083,,21,09,141,,23,22,356,43,1*6F
$GPGSV,4,3,14,25,56,022,51,26,23,225,23,28,24,289,19,29,57,154,21,1*6A
$GPGSV,4,4,14,31,21,257,26,201,,,27,1*62
$GPRMC,165630.11,A,3001.73761,S,05112.73856,W,0.28,58.30,090926,,,A,V*12
$GPGGA,165631.11,3001.73779,S,05112.73900,W,1,09,0.96,51.76,M,,M,,*4D
$GPGLL,3001.73779,S,05112.73900,W,165631.11,A,A*65
$GPGSA,A,3,05,12,13,23,25,26,28,29,31,,,,2.24,0.96,2.02,1*11
$GPGSV,4,1,14,5,38,121,44,12,23,037,36,13,16,032,28,15,07,056,24,1*53
$GPGSV,4,2,14,18,65,267,,20,00,083,,21,09,141,,23,22,356,43,1*6F
$GPGSV,4,3,14,25,56,022,51,26,23,225,23,28,24,289,19,29,57,154,21,1*6A
$GPGSV,4,4,14,31,21,257,27,201,,,25,1*61
$GPRMC,165631.11,A,3001.73779,S,05112.73900,W,0.11,58.30,090926,,,A,V*12
$GPGGA,165632.11,3001.73785,S,05112.73916,W,1,09,0.96,51.77,M,,M,,*4B
$GPGLL,3001.73785,S,05112.73916,W,165632.11,A,A*62
$GPGSA,A,3,05,12,13,23,25,26,28,29,31,,,,2.24,0.96,2.02,1*11
$GPGSV,4,1,13,5,38,121,44,12,23,037,36,13,16,032,28,15,07,056,,1*52
$GPGSV,4,2,13,18,65,267,,20,00,083,,21,09,141,,23,22,356,43,1*68
$GPGSV,4,3,13,25,56,022,52,26,23,225,23,28,24,289,19,29,57,154,21,1*6E
$GPGSV,4,4,13,31,21,257,27,1*52
$GPRMC,165632.11,A,3001.73785,S,05112.73916,W,0.06,58.30,090926,,,A,V*13
$GPGGA,165633.11,3001.73789,S,05112.73921,W,1,09,0.96,51.98,M,,M,,*43
$GPGLL,3001.73789,S,05112.73921,W,165633.11,A,A*6B
$GPGSA,A,3,05,12,13,23,25,26,28,29,31,,,,2.24,0.96,2.02,1*11
$GPGSV,4,1,14,5,38,121,44,12,23,037,36,13,16,032,28,15,07,056,,1*55
$GPGSV,4,2,14,18,65,267,,20,00,083,,21,09,141,,23,22,356,43,1*6F
$GPGSV,4,3,14,25,56,022,51,26,23,225,24,28,24,289,18,29,57,154,22,1*6F
$GPGSV,4,4,14,31,21,257,27,201,,,29,1*6D
$GPRMC,165633.11,A,3001.73789,S,05112.73921,W,0.04,58.30,090926,,,A,V*18
$GPGGA,165634.11,3001.73795,S,05112.73938,W,1,09,0.96,51.88,M,,M,,*40
$GPGLL,3001.73795,S,05112.73938,W,165634.11,A,A*69
$GPGSA,A,3,05,12,13,23,25,26,28,29,31,,,,2.24,0.96,2.02,1*11
$GPGSV,4,1,14,5,38,121,44,12,23,037,36,13,16,032,28,15,07,056,,1*55
$GPGSV,4,2,14,18,65,267,,20,00,083,,21,09,141,,23,22,356,43,1*6F
$GPGSV,4,3,14,25,56,022,52,26,23,225,24,28,24,289,19,29,57,154,23,1*6C
$GPGSV,4,4,14,31,21,257,27,201,,,26,1*62
$GPRMC,165634.11,A,3001.73795,S,05112.73938,W,0.06,58.30,090926,,,A,V*18
$GPGGA,165635.11,3001.73796,S,05112.73932,W,1,09,0.96,52.04,M,,M,,*4F
$GPGLL,3001.73796,S,05112.73932,W,165635.11,A,A*61
$GPGSA,A,3,05,12,13,23,25,26,28,29,31,,,,2.24,0.96,2.02,1*11
$GPGSV,4,1,13,5,38,121,44,12,23,037,36,13,16,032,28,15,07,056,,1*52
$GPGSV,4,2,13,18,65,267,,20,00,083,,21,09,141,,23,22,356,43,1*68
$GPGSV,4,3,13,25,56,022,52,26,23,225,24,28,24,289,19,29,57,154,22,1*6A
$GPGSV,4,4,13,31,21,257,26,1*53
$GPRMC,165635.11,A,3001.73796,S,05112.73932,W,0.28,58.30,090926,,,A,V*1C
$GPGGA,165636.11,3001.73793,S,05112.73935,W,1,09,0.96,52.18,M,,M,,*43
$GPGLL,3001.73793,S,05112.73935,W,165636.11,A,A*60
$GPGSA,A,3,05,12,13,23,25,26,28,29,31,,,,2.24,0.96,2.02,1*11
$GPGSV,4,1,13,5,38,121,44,12,23,037,37,13,16,032,27,15,07,056,,1*5C
$GPGSV,4,2,13,18,65,267,,20,00,083,,21,09,141,,23,22,356,43,1*68
$GPGSV,4,3,13,25,56,022,51,26,23,225,25,28,24,289,20,29,57,154,23,1*63
$GPGSV,4,4,13,31,21,257,26,1*53
$GPRMC,165636.11,A,3001.73793,S,05112.73935,W,0.23,58.30,090926,,,A,V*16
$GPGGA,165637.11,3001.73793,S,05112.73935,W,1,09,0.96,51.98,M,,M,,*49
$GPGLL,3001.73793,S,05112.73935,W,165637.11,A,A*61
$GPGSA,A,3,05,12,13,23,25,26,28,29,31,,,,2.24,0.96,2.02,1*11
$GPGSV,4,1,13,5,38,121,43,12,23,037,37,13,16,032,27,15,07,056,26,1*5F
$GPGSV,4,2,13,18,65,267,,20,00,083,,21,09,141,,23,22,356,43,1*68
$GPGSV,4,3,13,25,56,022,51,26,23,225,25,28,24,289,20,29,57,154,23,1*63
$GPGSV,4,4,13,31,21,257,25,1*50
$GPRMC,165637.11,A,3001.73793,S,05112.73935,W,0.40,58.30,090926,,,A,V*12
$GPGGA,165638.11,3001.73789,S,05112.73941,W,1,09,0.96,52.08,M,,M,,*44
$GPGLL,3001.73789,S,05112.73941,W,165638.11,A,A*66
$GPGSA,A,3,05,12,13,23,25,26,28,29,31,,,,2.24,0.96,2.02,1*11
$GPGSV,4,1,13,5,38,121,43,12,23,037,37,13,16,032,28,15,07,056,25,1*53
$GPGSV,4,2,13,18,65,267,,20,00,083,,21,09,141,,23,22,356,43,1*68
$GPGSV,4,3,13,25,56,022,52,26,23,225,26,28,24,289,20,29,57,154,23,1*63
$GPGSV,4,4,13,31,21,257,25,1*50
$GPRMC,165638.11,A,3001.73789,S,05112.73941,W,0.09,58.30,090926,,,A,V*18
$GPGGA,165639.11,3001.73787,S,05112.73948,W,1,09,0.96,52.35,M,,M,,*4C
$GPGLL,3001.73787,S,05112.73948,W,165639.11,A,A*60
$GPGSA,A,3,05,12,13,23,25,26,28,29,31,,,,2.24,0.96,2.02,1*11
$GPGSV,4,1,13,5,38,121,43,12,23,037,37,13,16,032,28,15,07,056,24,1*52
$GPGSV,4,2,13,18,65,267,,20,00,083,,21,09,141,,23,22,356,43,1*68
$GPGSV,4,3,13,25,56,022,52,26,23,225,26,28,24,289,19,29,57,154,24,1*6E
$GPGSV,4,4,13,31,21,257,24,1*51
$GPRMC,165639.11,A,3001.73787,S,05112.73948,W,0.04,58.30,090926,,,A,V*13
$GPGGA,165640.11,3001.73785,S,05112.73951,W,1,09,0.96,52.62,M,,M,,*4A
$GPGLL,3001.73785,S,05112.73951,W,165640.11,A,A*64
$GPGSA,A,3,05,12,13,23,25,26,28,29,31,,,,2.24,0.96,2.02,1*11
$GPGSV,4,1,13,5,38,121,43,12,23,037,37,13,16,032,28,15,07,056,25,1*53
$GPGSV,4,2,13,18,65,267,,20,00,083,,21,09,141,,23,22,356,43,1*68
$GPGSV,4,3,13,25,56,022,52,26,23,225,26,28,24,289,19,29,57,154,24,1*6E
$GPGSV,4,4,13,31,21,257,25,1*50
$GPRMC,165640.11,A,3001.73785,S,05112.73951,W,0.05,58.30,090926,,,A,V*16
$GPGGA,165641.11,3001.73795,S,05112.73952,W,1,09,0.96,52.70,M,,M,,*4A
$GPGLL,3001.73795,S,05112.73952,W,165641.11,A,A*67
$GPGSA,A,3,05,12,13,23,25,26,28,29,31,,,,2.24,0.96,2.02,1*11
$GPGSV,4,1,13,5,38,121,43,12,23,037,37,13,16,032,28,15,07,056,,1*54
$GPGSV,4,2,13,18,65,267,,20,00,083,,21,09,141,,23,22,356,44,1*6F
$GPGSV,4,3,13,25,56,022,52,26,23,225,26,28,24,289,19,29,57,154,24,1*6E
$GPGSV,4,4,13,31,21,257,25,1*50
$GPRMC,165641.11,A,3001.73795,S,05112.73952,W,0.21,58.30,090926,,,A,V*13
$GPGGA,165642.11,3001.73807,S,05112.73953,W,1,09,0.96,52.73,M,,M,,*4F
$GPGLL,3001.73807,S,05112.73953,W,165642.11,A,A*61
$GPGSA,A,3,05,12,13,23,25,26,28,29,31,,,,2.24,0.96,2.02,1*11
$GPGSV,4,1,13,5,38,121,43,12,23,037,36,13,16,032,29,15,07,056,,1*54
$GPGSV,4,2,13,18,65,267,,20,00,083,,21,09,141,,23,22,356,44,1*6F
$GPGSV,4,3,13,25,56,022,52,26,23,225,26,28,24,289,18,29,57,154,24,1*6F
$GPGSV,4,4,13,31,21,257,25,1*50
$GPRMC,165642.11,A,3001.73807,S,05112.73953,W,0.12,58.30,090926,,,A,V*15
$GPGGA,165643.11,3001.73811,S,05112.73957,W,1,09,0.96,53.02,M,,M,,*4A
$GPGLL,3001.73811,S,05112.73957,W,165643.11,A,A*63
$GPGSA,A,3,05,12,13,23,25,26,28,29,31,,,,2.24,0.96,2.02,1*11
$GPGSV,4,1,13,5,38,121,44,12,23,037,37,13,16,032,29,15,07,056,,1*52
$GPGSV,4,2,13,18,65,267,,20,00,083,,21,09,141,,23,22,356,43,1*68
$GPGSV,4,3,13,25,56,022,52,26,23,225,26,28,24,289,17,29,57,154,24,1*60
$GPGSV,4,4,13,31,21,257,25,1*50
$GPRMC,165643.11,A,3001.73811,S,05112.73957,W,0.02,58.30,090926,,,A,V*16
$GPGGA,165644.11,3001.73806,S,05112.73959,W,1,09,0.96,53.22,M,,M,,*47
$GPGLL,3001.73806,S,05112.73959,W,165644.11,A,A*6C
$GPGSA,A,3,05,12,13,23,25,26,28,29,31,,,,2.24,0.96,2.02,1*11
$GPGSV,4,1,13,5,38,121,44,12,23,037,37,13,16,032,29,15,07,056,,1*52
$GPGSV,4,2,13,18,65,267,,20,00,083,,21,09,141,,23,22,356,44,1*6F
$GPGSV,4,3,13,25,56,022,52,26,23,225,26,28,24,289,18,29,57,154,24,1*6F
$GPGSV,4,4,13,31,21,257,26,1*53
$GPRMC,165644.11,A,3001.73806,S,05112.73959,W,0.03,58.30,090926,,,A,V*18
$GPGGA,165645.11,3001.73809,S,05112.73966,W,1,09,0.96,53.48,M,,M,,*49
$GPGLL,3001.73809,S,05112.73966,W,165645.11,A,A*6E
$GPGSA,A,3,05,12,13,23,25,26,28,29,31,,,,2.24,0.96,2.02,1*11
$GPGSV,4,1,13,5,38,121,44,12,23,037,37,13,16,032,29,15,07,056,,1*52
$GPGSV,4,2,13,18,65,267,,20,00,083,,21,09,141,,23,22,356,44,1*6F
$GPGSV,4,3,13,25,56,022,52,26,23,225,25,28,24,289,19,29,57,154,25,1*6C
$GPGSV,4,4,13,31,21,257,26,1*53
$GPRMC,165645.11,A,3001.73809,S,05112.73966,W,0.02,58.30,090926,,,A,V*1B
$GPGGA,165646.11,3001.73814,S,05112.73968,W,1,09,0.96,53.61,M,,M,,*43
$GPGLL,3001.73814,S,05112.73968,W,165646.11,A,A*6F
$GPGSA,A,3,05,12,13,23,25,26,28,29,31,,,,2.24,0.96,2.02,1*11
$GPGSV,4,1,13,5,38,121,44,12,23,037,37,13,16,032,29,15,07,056,25,1*55
$GPGSV,4,2,13,18,65,267,,20,00,083,,21,09,141,,23,22,356,44,1*6F
$GPGSV,4,3,13,25,56,022,52,26,23,225,26,28,24,289,19,29,57,154,25,1*6F
$GPGSV,4,4,13,31,21,257,26,1*53
$GPRMC,165646.11,A,3001.73814,S,05112.73968,W,0.31,58.30,090926,,,A,V*1A
$GPGGA,165647.11,3001.73819,S,05112.73971,W,1,09,0.96,53.90,M,,M,,*49
$GPGLL,3001.73819,S,05112.73971,W,165647.11,A,A*6B
$GPGSA,A,3,05,12,13,23,25,26,28,29,31,,,,2.24,0.96,2.02,1*11
$GPGSV,4,1,13,5,38,121,44,12,23,037,37,13,16,032,29,15,07,056,25,1*55
$GPGSV,4,2,13,18,65,267,,20,00,083,,21,09,141,,23,22,356,44,1*6F
$GPGSV,4,3,13,25,56,022,52,26,23,225,26,28,24,289,20,29,57,154,26,1*66
$GPGSV,4,4,13,31,21,257,26,1*53
$GPRMC,165647.11,A,3001.73819,S,05112.73971,W,0.03,58.30,090926,,,A,V*1F
$GPGGA,165648.11,3001.73827,S,05112.73978,W,1,09,0.96,53.97,M,,M,,*45
$GPGLL,3001.73827,S,05112.73978,W,165648.11,A,A*60
$GPGSA,A,3,05,12,13,23,25,26,28,29,31,,,,2.24,0.96,2.02,1*11
$GPGSV,4,1,13,5,38,121,43,12,23,037,36,13,16,032,29,15,07,056,24,1*52
$GPGSV,4,2,13,18,65,267,,20,00,083,,21,09,141,,23,22,356,44,1*6F
$GPGSV,4,3,13,25,56,022,52,26,23,225,26,28,24,289,21,29,57,154,26,1*67
$GPGSV,4,4,13,31,21,257,26,1*53
$GPRMC,165648.11,A,3001.73827,S,05112.73978,W,0.09,58.30,090926,,,A,V*1E
$GPGGA,165649.11,3001.73842,S,05112.73983,W,1,09,0.96,53.98,M,,M,,*4C
$GPGLL,3001.73842,S,05112.73983,W,165649.11,A,A*66
$GPGSA,A,3,05,12,13,23,25,26,28,29,31,,,,2.24,0.96,2.02,1*11
$GPGSV,4,1,13,5,38,121,43,12,23,037,36,13,16,032,29,15,07,056,25,1*53
$GPGSV,4,2,13,18,65,267,,20,00,083,,21,09,141,,23,22,356,44,1*6F
$GPGSV,4,3,13,25,56,022,52,26,23,225,26,28,24,289,22,29,57,154,27,1*65
$GPGSV,4,4,13,31,21,257,26,1*53
$GPRMC,165649.11,A,3001.73842,S,05112.73983,W,0.14,58.30,090926,,,A,V*14
$GPGGA,165650.11,3001.73851,S,05112.73998,W,1,09,0.96,54.13,M,,M,,*48
$GPGLL,3001.73851,S,05112.73998,W,165650.11,A,A*66
$GPGSA,A,3,05,12,13,23,25,26,28,29,31,,,,2.24,0.96,2.02,1*11
$GPGSV,4,1,13,5,38,121,43,12,23,037,37,13,16,032,29,15,07,056,26,1*51
$GPGSV,4,2,13,18,65,267,22,20,00,083,,21,09,141,,23,22,356,43,1*68
$GPGSV,4,3,13,25,56,022,52,26,23,225,26,28,24,289,22,29,57,154,27,1*65
$GPGSV,4,4,13,31,21,257,27,1*52
$GPRMC,165650.11,A,3001.73851,S,05112.73998,W,0.10,58.30,090926,,,A,V*10
$GPGGA,165651.11,3001.73854,S,05112.74009,W,1,09,0.96,54.42,M,,M,,*4E
$GPGLL,3001.73854,S,05112.74009,W,165651.11,A,A*64
$GPGSA,A,3,05,12,13,23,25,26,28,29,31,,,,2.24,0.96,2.02,1*11
$GPGSV,4,1,13,5,38,121,43,12,23,037,37,13,16,032,28,15,07,056,25,1*53
$GPGSV,4,2,13,18,65,267,12,20,00,083,,21,09,141,,23,22,356,43,1*6B
$GPGSV,4,3,13,25,56,022,51,26,23,225,26,28,24,289,22,29,57,154,27,1*66
$GPGSV,4,4,13,31,21,257,27,1*52
$GPRMC,165651.11,A,3001.73854,S,05112.74009,W,0.09,58.30,090926,,,A,V*1A
$GPGGA,165652.11,3001.73854,S,05112.74017,W,1,09,0.96,54.60,M,,M,,*42
$GPGLL,3001.73854,S,05112.74017,W,165652.11,A,A*68
$GPGSA,A,3,05,12,13,23,25,26,28,29,31,,,,2.24,0.96,2.02,1*11
$GPGSV,4,1,13,5,38,121,42,12,23,037,37,13,16,032,28,15,07,056,20,1*57
$GPGSV,4,2,13,18,65,267,00,20,00,083,,21,09,141,18,23,22,356,43,1*61
$GPGSV,4,3,13,25,56,022,52,26,23,225,27,28,24,289,23,29,57,154,28,1*6A
$GPGSV,4,4,13,31,21,257,28,1*5D
$GPRMC,165652.11,A,3001.73854,S,05112.74017,W,0.14,58.30,090926,,,A,V*1A
$GPGGA,165653.11,3001.73858,S,05112.74030,W,1,09,0.96,54.83,M,,M,,*47
$GPGLL,3001.73858,S,05112.74030,W,165653.11,A,A*60
$GPGSA,A,3,05,12,13,23,25,26,28,29,31,,,,2.24,0.96,2.02,1*11
$GPGSV,4,1,13,5,38,121,42,12,23,037,37,13,16,032,28,15,07,056,10,1*54
$GPGSV,4,2,13,18,65,267,06,20,00,083,,21,09,141,11,23,22,356,44,1*69
$GPGSV,4,3,13,25,56,022,52,26,23,225,27,28,24,289,23,29,57,154,28,1*6A
$GPGSV,4,4,13,31,21,257,27,1*52
$GPRMC,165653.11,A,3001.73858,S,05112.74030,W,0.07,58.30,090926,,,A,V*10
$GPGGA,165654.11,3001.73868,S,05112.74037,W,1,09,0.96,54.95,M,,M,,*43
$GPGLL,3001.73868,S,05112.74037,W,165654.11,A,A*63
$GPGSA,A,3,05,12,13,23,25,26,28,29,31,,,,2.24,0.96,2.02,1*11
$GPGSV,4,1,14,5,38,121,43,12,23,037,37,13,16,032,28,15,07,056,,1*53
$GPGSV,4,2,14,18,65,267,27,20,00,083,,21,09,141,13,23,22,356,44,1*6F
$GPGSV,4,3,14,25,56,022,52,26,23,225,26,28,24,289,23,29,57,154,28,1*6C
$GPGSV,4,4,14,31,21,257,27,201,,,30,1*65
$GPRMC,165654.11,A,3001.73868,S,05112.74037,W,0.32,58.30,090926,,,A,V*15
$GPGGA,165655.11,3001.73881,S,05112.74041,W,1,09,0.96,54.84,M,,M,,*44
$GPGLL,3001.73881,S,05112.74041,W,165655.11,A,A*64
$GPGSA,A,3,05,12,13,23,25,26,28,29,31,,,,2.24,0.96,2.02,1*11
$GPGSV,4,1,14,5,38,121,43,12,23,037,37,13,16,032,28,15,07,056,,1*53
$GPGSV,4,2,14,18,65,267,24,20,00,083,,21,09,141,14,23,22,356,44,1*6B
$GPGSV,4,3,14,25,56,022,51,26,23,225,26,28,24,289,23,29,57,154,28,1*6F
$GPGSV,4,4,14,31,21,257,28,201,,,30,1*6A
$GPRMC,165655.11,A,3001.73881,S,05112.74041,W,0.29,58.30,090926,,,A,V*18
$GPGGA,165656.11,3001.73887,S,05112.74046,W,1,09,0.96,55.24,M,,M,,*4D
$GPGLL,3001.73887,S,05112.74046,W,165656.11,A,A*66
$GPGSA,A,3,05,12,13,23,25,26,28,29,31,,,,2.24,0.96,2.02,1*11
$GPGSV,4,1,13,5,38,121,43,12,23,037,37,13,16,032,27,15,07,056,,1*5B
$GPGSV,4,2,13,18,65,267,25,20,00,083,,21,09,141,28,23,22,356,44,1*62
$GPGSV,4,3,13,25,56,022,51,26,23,225,26,28,24,289,23,29,57,154,28,1*68
$GPGSV,4,4,13,31,21,257,28,1*5D
$GPRMC,165656.11,A,3001.73887,S,05112.74046,W,0.81,58.30,090926,,,A,V*18
$GPGGA,165657.11,3001.73897,S,05112.74057,W,1,09,0.96,55.16,M,,M,,*4C
$GPGLL,3001.73897,S,05112.74057,W,165657.11,A,A*66
$GPGSA,A,3,05,12,13,23,25,26,28,29,31,,,,2.24,0.96,2.02,1*11
$GPGSV,4,1,13,5,38,121,42,12,23,037,37,13,16,032,27,15,07,056,25,1*5D
$GPGSV,4,2,13,18,65,267,25,20,00,083,,21,09,141,25,23,22,356,43,1*68
$GPGSV,4,3,13,25,56,022,50,26,23,225,25,28,24,289,23,29,57,154,28,1*6A
$GPGSV,4,4,13,31,21,257,28,1*5D
$GPRMC,165657.11,A,3001.73897,S,05112.74057,W,0.13,58.30,090926,,,A,V*13
$GPGGA,165658.11,3001.73891,S,05112.74049,W,1,09,0.96,55.50,M,,M,,*48
$GPGLL,3001.73891,S,05112.74049,W,165658.11,A,A*60
$GPGSA,A,3,05,12,13,23,25,26,28,29,31,,,,2.24,0.96,2.02,1*11
$GPGSV,4,1,14,5,38,121,41,12,23,037,37,13,16,032,27,15,07,056,25,1*59
$GPGSV,4,2,14,18,65,267,,20,00,083,,21,09,141,25,23,22,356,44,1*6F
$GPGSV,4,3,14,25,56,022,50,26,23,225,25,28,24,289,23,29,57,154,28,1*6D
$GPGSV,4,4,14,31,21,257,28,193,,,29,1*6A
$GPRMC,165658.11,A,3001.73891,S,05112.74049,W,0.31,58.30,090926,,,A,V*15
$GPGGA,165659.11,3001.73898,S,05112.74043,W,1,08,1.02,55.53,M,,M,,*44
$GPGLL,3001.73898,S,05112.74043,W,165659.11,A,A*62
$GPGSA,A,3,05,12,13,25,26,28,29,31,,,,,2.27,1.02,2.02,1*1F
$GPGSV,4,1,13,5,38,121,41,12,23,037,37,13,16,032,26,15,07,056,24,1*5E
$GPGSV,4,2,13,18,65,267,,20,00,083,,21,09,141,25,23,22,356,44,1*68
$GPGSV,4,3,13,25,56,022,49,26,23,225,25,28,24,289,23,29,57,154,28,1*62
$GPGSV,4,4,13,31,21,257,28,1*5D
$GPRMC,165659.11,A,3001.73898,S,05112.74043,W,0.38,58.30,090926,,,A,V*1E
$GPGGA,165700.11,3001.73909,S,05112.74031,W,1,08,1.02,55.74,M,,M,,*40
$GPGLL,3001.73909,S,05112.74031,W,165700.11,A,A*63
$GPGSA,A,3,05,12,13,25,26,28,29,31,,,,,2.27,1.02,2.02,1*1F
$GPGSV,4,1,15,5,38,121,42,12,23,037,37,13,16,032,26,15,07,056,24,1*5B
$GPGSV,4,2,15,18,65,267,,20,00,083,,21,09,141,,23,22,356,44,1*69
$GPGSV,4,3,15,25,56,022,50,26,23,225,25,28,24,289,23,29,57,154,28,1*6C
$GPGSV,4,4,15,31,21,257,28,193,,,28,197,,,29,1*5E
$GPRMC,165700.11,A,3001.73909,S,05112.74031,W,0.21,58.30,090926,,,A,V*17
$GPGGA,165701.11,3001.73905,S,05112.74013,W,1,08,0.98,56.09,M,,M,,*46
$GPGLL,3001.73905,S,05112.74013,W,165701.11,A,A*6E
$GPGSA,A,3,05,12,13,23,25,26,28,31,,,,,2.51,0.98,2.31,1*16
$GPGSV,4,1,14,5,38,121,42,12,23,037,37,13,16,032,26,15,07,056,,1*5C
$GPGSV,4,2,14,18,65,267,,20,00,083,,21,09,141,,23,22,356,43,1*6F
$GPGSV,4,3,14,25,56,022,50,26,23,225,25,28,24,289,23,29,57,154,28,1*6D
$GPGSV,4,4,14,31,21,257,28,201,,,26,1*6D
$GPRMC,165701.11,A,3001.73905,S,05112.74013,W,0.15,58.30,090926,,,A,V*1D
$GPGGA,165702.11,3001.73915,S,05112.74025,W,1,08,1.08,56.42,M,,M,,*46
$GPGLL,3001.73915,S,05112.74025,W,165702.11,A,A*69
$GPGSA,A,3,05,12,13,23,25,26,29,31,,,,,2.31,1.08,2.04,1*1F
$GPGSV,4,1,14,5,38,121,42,12,23,037,37,13,16,032,26,15,07,056,26,1*58
$GPGSV,4,2,14,18,65,267,,20,00,083,,21,09,141,,23,22,356,44,1*68
$GPGSV,4,3,14,25,56,022,50,26,23,225,25,28,24,289,23,29,57,154,28,1*6D
$GPGSV,4,4,14,31,21,257,28,193,,,29,1*6A
$GPRMC,165702.11,A,3001.73915,S,05112.74025,W,0.11,58.30,090926,,,A,V*1E
$GPGGA,165703.11,3001.73922,S,05112.74033,W,1,08,1.08,56.61,M,,M,,*45
$GPGLL,3001.73922,S,05112.74033,W,165703.11,A,A*6B
$GPGSA,A,3,05,12,13,23,25,26,29,31,,,,,2.31,1.08,2.04,1*1F
$GPGSV,4,1,14,5,38,121,43,12,23,037,37,13,16,032,26,15,07,056,24,1*5B
$GPGSV,4,2,14,18,65,267,,20,00,083,,21,09,141,,23,22,356,44,1*68
$GPGSV,4,3,14,25,56,022,51,26,23,225,25,28,24,289,23,29,57,154,28,1*6C
$GPGSV,4,4,14,31,21,257,28,193,,,27,1*64
$GPRMC,165703.11,A,3001.73922,S,05112.74033,W,0.08,58.30,090926,,,A,V*14
$GPGGA,165704.11,3001.73934,S,05112.74042,W,1,08,1.08,56.90,M,,M,,*4D
$GPGLL,3001.73934,S,05112.74042,W,165704.11,A,A*6D
$GPGSA,A,3,05,12,13,23,25,26,29,31,,,,,2.31,1.08,2.04,1*1F
$GPGSV,4,1,14,5,38,121,43,12,23,037,37,13,16,032,26,15,07,056,25,1*5A
$GPGSV,4,2,14,18,65,267,,20,00,083,,21,09,141,,23,22,356,44,1*68
$GPGSV,4,3,14,25,56,022,51,26,23,225,24,28,24,289,22,29,57,154,28,1*6C
$GPGSV,4,4,14,31,21,257,28,193,,,24,1*67
$GPRMC,165704.11,A,3001.73934,S,05112.74042,W,0.13,58.30,090926,,,A,V*18
$GPGGA,165705.11,3001.73946,S,05112.74045,W,1,08,1.08,57.16,M,,M,,*41
$GPGLL,3001.73946,S,05112.74045,W,165705.11,A,A*6E
$GPGSA,A,3,05,12,13,23,25,26,29,31,,,,,2.31,1.08,2.04,1*1F
$GPGSV,4,1,14,5,38,121,43,12,23,037,37,13,16,032,26,15,07,056,24,1*5B
$GPGSV,4,2,14,18,65,267,,20,00,083,,21,09,141,,23,22,356,44,1*68
$GPGSV,4,3,14,25,56,022,52,26,23,225,24,28,24,289,22,29,57,154,28,1*6F
$GPGSV,4,4,14,31,21,257,28,193,,,17,1*67
$GPRMC,165705.11,A,3001.73946,S,05112.74045,W,0.04,58.30,090926,,,A,V*1D
$GPGGA,165706.11,3001.73959,S,05112.74050,W,1,09,0.96,57.42,M,,M,,*4E
$GPGLL,3001.73959,S,05112.74050,W,165706.11,A,A*67
$GPGSA,A,3,05,12,13,23,25,26,28,29,31,,,,2.24,0.96,2.02,1*11
$GPGSV,4,1,13,5,38,121,43,12,23,037,36,13,16,032,26,15,07,056,26,1*5F
$GPGSV,4,2,13,18,65,267,,20,00,083,,21,09,141,,23,22,356,44,1*6F
$GPGSV,4,3,13,25,56,022,52,26,23,225,24,28,24,289,21,29,57,154,28,1*6B
$GPGSV,4,4,13,31,21,257,27,1*52
$GPRMC,165706.11,A,3001.73959,S,05112.74050,W,0.20,58.30,090926,,,A,V*12
$GPGGA,165707.11,3001.73967,S,05112.74060,W,1,09,0.96,57.72,M,,M,,*42
$GPGLL,3001.73967,S,05112.74060,W,165707.11,A,A*68
$GPGSA,A,3,05,12,13,23,25,26,28,29,31,,,,2.24,0.96,2.02,1*11
$GPGSV,4,1,13,5,38,121,43,12,23,037,37,13,16,032,27,15,07,056,25,1*5C
$GPGSV,4,2,13,18,65,267,,20,00,083,,21,09,141,,23,22,356,44,1*6F
$GPGSV,4,3,13,25,56,022,52,26,23,225,24,28,24,289,21,29,57,154,28,1*6B
$GPGSV,4,4,13,31,21,257,27,1*52
$GPRMC,165707.11,A,3001.73967,S,05112.74060,W,0.13,58.30,090926,,,A,V*1D
$GPGGA,165708.11,3001.73973,S,05112.74074,W,1,09,0.96,57.91,M,,M,,*40
$GPGLL,3001.73973,S,05112.74074,W,165708.11,A,A*67
$GPGSA,A,3,05,12,13,23,25,26,28,29,31,,,,2.24,0.96,2.02,1*11
$GPGSV,4,1,13,5,38,121,43,12,23,037,37,13,16,032,27,15,07,056,25,1*5C
$GPGSV,4,2,13,18,65,267,,20,00,083,,21,09,141,,23,22,356,45,1*6E
$GPGSV,4,3,13,25,56,022,52,26,23,225,24,28,24,289,19,29,57,154,28,1*60
$GPGSV,4,4,13,31,21,257,27,1*52
$GPRMC,165708.11,A,3001.73973,S,05112.74074,W,0.15,58.30,090926,,,A,V*14
$GPGGA,165709.11,3001.73980,S,05112.74084,W,1,09,0.96,58.10,M,,M,,*44
$GPGLL,3001.73980,S,05112.74084,W,165709.11,A,A*65
$GPGSA,A,3,05,12,13,23,25,26,28,29,31,,,,2.24,0.96,2.02,1*11
$GPGSV,4,1,13,5,38,121,43,12,23,037,37,13,16,032,28,15,07,056,24,1*52
$GPGSV,4,2,13,18,65,267,,20,00,083,,21,09,141,,23,22,356,45,1*6E
$GPGSV,4,3,13,25,56,022,52,26,23,225,23,28,24,289,20,29,57,154,28,1*6D
$GPGSV,4,4,13,31,21,257,27,1*52
$GPRMC,165709.11,A,3001.73980,S,05112.74084,W,0.11,58.30,090926,,,A,V*12
$GPGGA,165710.11,3001.73992,S,05112.74094,W,1,08,1.15,58.31,M,,M,,*46
$GPGLL,3001.73992,S,05112.74094,W,165710.11,A,A*6F
$GPGSA,A,3,05,12,13,23,26,28,29,31,,,,,3.36,1.15,3.15,1*19
$GPGSV,4,1,13,5,38,121,42,12,23,037,37,13,16,032,28,15,07,056,27,1*50
$GPGSV,4,2,13,18,65,267,,20,00,083,,21,09,141,,23,22,356,45,1*6E
$GPGSV,4,3,13,25,56,022,52,26,23,225,23,28,24,289,20,29,57,154,29,1*6C
$GPGSV,4,4,13,31,21,257,26,1*53
$GPRMC,165710.11,A,3001.73992,S,05112.74094,W,0.16,58.30,090926,,,A,V*1F
$GPGGA,165711.11,3001.74005,S,05112.74112,W,1,09,0.96,58.39,M,,M,,*4B
$GPGLL,3001.74005,S,05112.74112,W,165711.11,A,A*61
$GPGSA,A,3,05,12,13,23,25,26,28,29,31,,,,2.24,0.96,2.02,1*11
$GPGSV,4,1,13,5,38,121,42,12,23,037,37,13,16,032,28,15,07,056,25,1*52
$GPGSV,4,2,13,18,65,267,,20,00,083,,21,09,141,,23,22,356,45,1*6E
$GPGSV,4,3,13,25,56,022,52,26,23,225,23,28,24,289,20,29,57,154,28,1*6D
$GPGSV,4,4,13,31,21,257,25,1*50
$GPRMC,165711.11,A,3001.74005,S,05112.74112,W,0.32,58.30,090926,,,A,V*17
$GPGGA,165712.11,3001.74015,S,05112.74127,W,1,09,0.96,58.57,M,,M,,*47
$GPGLL,3001.74015,S,05112.74127,W,165712.11,A,A*65
$GPGSA,A,3,05,12,13,23,25,26,28,29,31,,,,2.24,0.96,2.02,1*11
$GPGSV,4,1,13,5,38,121,42,12,23,037,37,13,16,032,28,15,07,056,25,1*52
$GPGSV,4,2,13,18,65,267,,20,00,083,,21,09,141,,23,22,356,45,1*6E
$GPGSV,4,3,13,25,56,022,52,26,23,225,22,28,24,289,19,29,57,154,28,1*66
$GPGSV,4,4,13,31,21,257,24,1*51
$GPRMC,165712.11,A,3001.74015,S,05112.74127,W,0.11,58.30,090926,,,A,V*12
$GPGGA,165713.11,3001.74026,S,05112.74143,W,1,09,0.96,58.73,M,,M,,*42
$GPGLL,3001.74026,S,05112.74143,W,165713.11,A,A*66
$GPGSA,A,3,05,12,13,23,25,26,28,29,31,,,,2.24,0.96,2.02,1*11
$GPGSV,4,1,13,5,38,121,42,12,23,037,37,13,16,032,28,15,07,056,25,1*52
$GPGSV,4,2,13,18,65,267,,20,00,083,,21,09,141,,23,22,356,45,1*6E
$GPGSV,4,3,13,25,56,022,52,26,23,225,22,28,24,289,20,29,57,154,28,1*6C
$GPGSV,4,4,13,31,21,257,24,1*51
$GPRMC,165713.11,A,3001.74026,S,05112.74143,W,0.09,58.30,090926,,,A,V*18
$GPGGA,165714.11,3001.74038,S,05112.74164,W,1,09,0.96,58.83,M,,M,,*40
$GPGLL,3001.74038,S,05112.74164,W,165714.11,A,A*6B
$GPGSA,A,3,05,12,13,23,25,26,28,29,31,,,,2.24,0.96,2.02,1*11
$GPGSV,4,1,13,5,38,121,42,12,23,037,37,13,16,032,28,15,07,056,,1*55
$GPGSV,4,2,13,18,65,267,,20,00,083,,21,09,141,,23,22,356,45,1*6E
$GPGSV,4,3,13,25,56,022,52,26,23,225,22,28,24,289,21,29,57,154,28,1*6D
$GPGSV,4,4,13,31,21,257,22,1*57
$GPRMC,165714.11,A,3001.74038,S,05112.74164,W,0.08,58.30,090926,,,A,V*14
$GPGGA,165715.11,3001.74047,S,05112.74179,W,1,09,0.96,59.00,M,,M,,*4F
$GPGLL,3001.74047,S,05112.74179,W,165715.11,A,A*6E
$GPGSA,A,3,05,12,13,23,25,26,28,29,31,,,,2.24,0.96,2.02,1*11
$GPGSV,4,1,13,5,38,121,43,12,23,037,37,13,16,032,28,15,07,056,25,1*53
$GPGSV,4,2,13,18,65,267,,20,00,083,,21,09,141,,23,22,356,45,1*6E
$GPGSV,4,3,13,25,56,022,52,26,23,225,22,28,24,289,22,29,57,154,28,1*6E
$GPGSV,4,4,13,31,21,257,22,1*57
$GPRMC,165715.11,A,3001.74047,S,05112.74179,W,0.05,58.30,090926,,,A,V*1C
$GPGGA,165716.11,3001.74061,S,05112.74195,W,1,09,0.96,59.03,M,,M,,*49
$GPGLL,3001.74061,S,05112.74195,W,165716.11,A,A*6B
$GPGSA,A,3,05,12,13,23,25,26,28,29,31,,,,2.24,0.96,2.02,1*11
$GPGSV,4,1,13,5,38,121,43,12,23,037,37,13,16,032,28,15,07,056,25,1*53
$GPGSV,4,2,13,18,65,267,,20,00,083,,21,09,141,,23,22,356,45,1*6E
$GPGSV,4,3,13,25,56,022,52,26,23,225,22,28,24,289,22,29,57,154,28,1*6E
$GPGSV,4,4,13,31,21,257,21,1*54
$GPRMC,165716.11,A,3001.74061,S,05112.74195,W,0.07,58.30,090926,,,A,V*1B
$GPGGA,165717.11,3001.74063,S,05112.74215,W,1,09,0.96,58.92,M,,M,,*48
$GPGLL,3001.74063,S,05112.74215,W,165717.11,A,A*63
$GPGSA,A,3,05,12,13,23,25,26,28,29,31,,,,2.24,0.96,2.02,1*11
$GPGSV,4,1,13,5,38,121,42,12,23,037,36,13,16,032,28,15,07,056,24,1*52
$GPGSV,4,2,13,18,65,267,,20,00,083,,21,09,141,,23,22,356,45,1*6E
$GPGSV,4,3,13,25,56,022,52,26,23,225,21,28,24,289,22,29,57,154,28,1*6D
$GPGSV,4,4,13,31,21,257,21,1*54
$GPRMC,165717.11,A,3001.74063,S,05112.74215,W,0.06,58.30,090926,,,A,V*12
$GPGGA,165718.11,3001.74074,S,05112.74234,W,1,09,0.96,58.98,M,,M,,*48
$GPGLL,3001.74074,S,05112.74234,W,165718.11,A,A*69
$GPGSA,A,3,05,12,13,23,25,26,28,29,31,,,,2.24,0.96,2.02,1*11
$GPGSV,4,1,13,5,38,121,42,12,23,037,36,13,16,032,28,15,07,056,25,1*53
$GPGSV,4,2,13,18,65,267,22,20,00,083,,21,09,141,,23,22,356,45,1*6E
$GPGSV,4,3,13,25,56,022,52,26,23,225,21,28,24,289,23,29,57,154,28,1*6C
$GPGSV,4,4,13,31,21,257,20,1*55
$GPRMC,165718.11,A,3001.74074,S,05112.74234,W,0.10,58.30,090926,,,A,V*1F
$GPGGA,165719.11,3001.74083,S,05112.74248,W,1,09,0.96,59.06,M,,M,,*4C
$GPGLL,3001.74083,S,05112.74248,W,165719.11,A,A*6B
$GPGSA,A,3,05,12,13,23,25,26,28,29,31,,,,2.24,0.96,2.02,1*11
$GPGSV,4,1,13,5,38,121,42,12,23,037,36,13,16,032,27,15,07,056,26,1*5F
$GPGSV,4,2,13,18,65,267,18,20,00,083,,21,09,141,,23,22,356,44,1*66
$GPGSV,4,3,13,25,56,022,52,26,23,225,21,28,24,289,24,29,57,154,28,1*6B
$GPGSV,4,4,13,31,21,257,19,1*5F
$GPRMC,165719.11,A,3001.74083,S,05112.74248,W,0.05,58.30,090926,,,A,V*19
$GPGGA,165720.11,3001.74090,S,05112.74265,W,1,09,0.96,58.99,M,,M,,*4C
$GPGLL,3001.74090,S,05112.74265,W,165720.11,A,A*6C
$GPGSA,A,3,05,12,13,23,25,26,28,29,31,,,,2.24,0.96,2.02,1*11
$GPGSV,4,1,13,5,38,121,42,12,23,037,37,13,16,032,27,15,07,056,24,1*5C
$GPGSV,4,2,13,18,65,267,08,20,00,083,,21,09,141,,23,22,356,45,1*66
$GPGSV,4,3,13,25,56,022,52,26,23,225,21,28,24,289,25,29,57,154,29,1*6B
$GPGSV,4,4,13,31,21,257,17,1*51
$GPRMC,165720.11,A,3001.74090,S,05112.74265,W,0.11,58.30,090926,,,A,V*1B
$GPGGA,165721.11,3001.74101,S,05112.74288,W,1,09,0.96,59.08,M,,M,,*4E
$GPGLL,3001.74101,S,05112.74288,W,165721.11,A,A*67
$GPGSA,A,3,05,12,13,23,25,26,28,29,31,,,,2.24,0.96,2.02,1*11
$GPGSV,4,1,13,5,38,121,42,12,23,037,37,13,16,032,27,15,07,056,25,1*5D
$GPGSV,4,2,13,18,65,267,00,20,00,083,,21,09,141,,23,22,356,45,1*6E
$GPGSV,4,3,13,25,56,022,52,26,23,225,20,28,24,289,25,29,57,154,29,1*6A
$GPGSV,4,4,13,31,21,257,18,1*5E
$GPRMC,165721.11,A,3001.74101,S,05112.74288,W,0.03,58.30,090926,,,A,V*13
$GPGGA,165722.11,3001.74108,S,05112.74298,W,1,09,0.96,59.04,M,,M,,*49
$GPGLL,3001.74108,S,05112.74298,W,165722.11,A,A*6C
$GPGSA,A,3,05,12,13,23,25,26,28,29,31,,,,2.24,0.96,2.02,1*11
$GPGSV,4,1,13,5,38,121,43,12,23,037,37,13,16,032,27,15,07,056,24,1*5D
$GPGSV,4,2,13,18,65,267,08,20,00,083,,21,09,141,,23,22,356,44,1*67
$GPGSV,4,3,13,25,56,022,52,26,23,225,20,28,24,289,25,29,57,154,29,1*6A
$GPGSV,4,4,13,31,21,257,17,1*51
$GPRMC,165722.11,A,3001.74108,S,05112.74298,W,0.02,58.30,090926,,,A,V*19
$GPGGA,165723.11,3001.74105,S,05112.74299,W,1,09,0.96,59.06,M,,M,,*46
$GPGLL,3001.74105,S,05112.74299,W,165723.11,A,A*61
$GPGSA,A,3,05,12,13,23,25,26,28,29,31,,,,2.24,0.96,2.02,1*11
$GPGSV,4,1,13,5,38,121,43,12,23,037,37,13,16,032,27,15,07,056,26,1*5F
$GPGSV,4,2,13,18,65,267,08,20,00,083,,21,09,141,,23,22,356,44,1*67
$GPGSV,4,3,13,25,56,022,52,26,23,225,18,28,24,289,26,29,57,154,29,1*62
$GPGSV,4,4,13,31,21,257,17,1*51
$GPRMC,165723.11,A,3001.74105,S,05112.74299,W,0.17,58.30,090926,,,A,V*10
$GPGGA,165724.11,3001.74111,S,05112.74311,W,1,09,0.96,59.05,M,,M,,*46
$GPGLL,3001.74111,S,05112.74311,W,165724.11,A,A*62
$GPGSA,A,3,05,12,13,23,25,26,28,29,31,,,,2.24,0.96,2.02,1*11
$GPGSV,4,1,13,5,38,121,43,12,23,037,37,13,16,032,27,15,07,056,,1*5B
$GPGSV,4,2,13,18,65,267,09,20,00,083,,21,09,141,,23,22,356,45,1*67
$GPGSV,4,3,13,25,56,022,52,26,23,225,18,28,24,289,26,29,57,154,29,1*62
$GPGSV,4,4,13,31,21,257,17,1*51
$GPRMC,165724.11,A,3001.74111,S,05112.74311,W,0.12,58.30,090926,,,A,V*16
$GPGGA,165725.11,3001.74117,S,05112.74324,W,1,09,0.96,59.00,M,,M,,*42
$GPGLL,3001.74117,S,05112.74324,W,165725.11,A,A*63
$GPGSA,A,3,05,12,13,23,25,26,28,29,31,,,,2.24,0.96,2.02,1*11
$GPGSV,4,1,13,5,38,121,43,12,23,037,37,13,16,032,28,15,07,056,,1*54
$GPGSV,4,2,13,18,65,267,12,20,00,083,,21,09,141,,23,22,356,45,1*6D
$GPGSV,4,3,13,25,56,022,52,26,23,225,17,28,24,289,26,29,57,154,29,1*6D
$GPGSV,4,4,13,31,21,257,15,1*53
$GPRMC,165725.11,A,3001.74117,S,05112.74324,W,0.02,58.30,090926,,,A,V*16
$GPGGA,165726.11,3001.74129,S,05112.74348,W,1,09,0.96,59.02,M,,M,,*44
$GPGLL,3001.74129,S,05112.74348,W,165726.11,A,A*67
$GPGSA,A,3,05,12,13,23,25,26,28,29,31,,,,2.24,0.96,2.02,1*11
$GPGSV,4,1,13,5,38,121,43,12,23,037,36,13,16,032,28,15,07,056,26,1*51
$GPGSV,4,2,13,18,65,267,09,20,00,083,,21,09,141,,23,22,356,45,1*67
$GPGSV,4,3,13,25,56,022,52,26,23,225,17,28,24,289,26,29,57,154,29,1*6D
$GPGSV,4,4,13,31,21,257,13,1*55
$GPRMC,165726.11,A,3001.74129,S,05112.74348,W,0.03,58.30,090926,,,A,V*13
$GPGGA,165727.11,3001.74139,S,05112.74370,W,1,09,0.96,59.01,M,,M,,*4C
$GPGLL,3001.74139,S,05112.74370,W,165727.11,A,A*6C
$GPGSA,A,3,05,12,13,23,25,26,28,29,31,,,,2.24,0.96,2.02,1*11
$GPGSV,4,1,13,5,38,121,43,12,23,037,37,13,16,032,29,15,07,056,25,1*52
$GPGSV,4,2,13,18,65,267,10,20,00,083,,21,09,141,,23,22,356,45,1*6F
$GPGSV,4,3,13,25,56,022,52,26,23,225,15,28,24,289,26,29,57,154,29,1*6F
$GPGSV,4,4,13,31,21,257,14,1*52
$GPRMC,165727.11,A,3001.74139,S,05112.74370,W,0.11,58.30,090926,,,A,V*1B
$GPGGA,165728.11,3001.74156,S,05112.74401,W,1,08,1.01,58.99,M,,M,,*45
$GPGLL,3001.74156,S,05112.74401,W,165728.11,A,A*6B
$GPGSA,A,3,05,12,13,23,25,26,28,29,,,,,2.29,1.01,2.06,1*15
$GPGSV,4,1,13,5,38,121,43,12,23,037,38,13,16,032,29,15,07,056,24,1*5C
$GPGSV,4,2,13,18,65,267,00,20,00,083,,21,09,141,,23,22,356,44,1*6F
$GPGSV,4,3,13,25,56,022,53,26,23,225,14,28,24,289,26,29,57,154,30,1*67
$GPGSV,4,4,13,31,21,257,11,1*57
$GPRMC,165728.11,A,3001.74156,S,05112.74401,W,0.18,58.30,090926,,,A,V*15
$GPGGA,165729.11,3001.74175,S,05112.74438,W,1,07,1.23,58.89,M,,M,,*41
$GPGLL,3001.74175,S,05112.74438,W,165729.11,A,A*61
$GPGSA,A,3,05,12,13,23,25,26,29,,,,,,2.40,1.23,2.06,1*10
$GPGSV,4,1,13,5,38,121,43,12,23,037,38,13,16,032,29,15,07,056,25,1*5D
$GPGSV,4,2,13,18,65,267,08,20,00,083,,21,09,141,,23,22,356,45,1*66
$GPGSV,4,3,13,25,56,022,52,26,23,225,14,28,24,289,26,29,57,154,30,1*66
$GPGSV,4,4,13,31,21,257,10,1*56
$GPRMC,165729.11,A,3001.74175,S,05112.74438,W,0.08,58.30,090926,,,A,V*1E
$GPGGA,165730.11,3001.74184,S,05112.74455,W,1,08,1.01,59.01,M,,M,,*42
$GPGLL,3001.74184,S,05112.74455,W,165730.11,A,A*6C
$GPGSA,A,3,05,12,13,23,25,26,28,29,,,,,2.29,1.01,2.06,1*15
$GPGSV,4,1,13,5,38,121,43,12,22,037,38,13,16,032,29,15,07,056,,1*5B
$GPGSV,4,2,13,18,65,266,00,20,00,083,,21,09,141,,23,22,356,45,1*6F
$GPGSV,4,3,13,25,56,022,52,26,24,225,15,28,23,290,27,29,57,153,30,1*69
$GPGSV,4,4,13,31,21,257,11,1*57
$GPRMC,165730.11,A,3001.74184,S,05112.74455,W,0.08,58.30,090926,,,A,V*13
$GPGGA,165731.11,3001.74190,S,05112.74480,W,1,06,2.41,58.91,M,,M,,*4F
$GPGLL,3001.74190,S,05112.74480,W,165731.11,A,A*60
$GPGSA,A,3,05,12,13,23,25,29,,,,,,,3.91,2.41,3.08,1*11
$GPGSV,4,1,13,5,38,121,43,12,22,037,38,13,16,032,29,15,07,056,,1*5B
$GPGSV,4,2,13,18,65,266,03,20,00,083,,21,09,141,,23,22,356,44,1*6D
$GPGSV,4,3,13,25,56,022,52,26,24,225,11,28,23,290,27,29,57,153,30,1*6D
$GPGSV,4,4,13,31,21,257,09,1*5E
$GPRMC,165731.11,A,3001.74190,S,05112.74480,W,0.05,58.30,090926,,,A,V*12
$GPGGA,165732.11,3001.74209,S,05112.74517,W,1,06,2.41,58.89,M,,M,,*49
$GPGLL,3001.74209,S,05112.74517,W,165732.11,A,A*6F
$GPGSA,A,3,05,12,13,23,25,29,,,,,,,3.91,2.41,3.08,1*11
$GPGSV,4,1,13,5,38,121,43,12,22,037,38,13,16,032,29,15,07,056,,1*5B
$GPGSV,4,2,13,18,65,266,00,20,00,083,,21,09,141,,23,22,356,44,1*6E
$GPGSV,4,3,13,25,56,022,52,26,24,225,09,28,23,290,27,29,57,153,30,1*64
$GPGSV,4,4,13,31,21,257,06,1*51
$GPRMC,165732.11,A,3001.74209,S,05112.74517,W,0.12,58.30,090926,,,A,V*1B
$GPGGA,165733.11,3001.74227,S,05112.74553,W,1,06,2.41,58.87,M,,M,,*4A
$GPGLL,3001.74227,S,05112.74553,W,165733.11,A,A*62
$GPGSA,A,3,05,12,13,23,25,29,,,,,,,3.91,2.41,3.08,1*11
$GPGSV,4,1,13,5,38,121,43,12,22,037,38,13,16,032,29,15,07,056,28,1*51
$GPGSV,4,2,13,18,65,266,00,20,00,083,,21,09,141,,23,22,356,45,1*6F
$GPGSV,4,3,13,25,56,022,52,26,24,225,01,28,23,290,27,29,57,153,30,1*6C
$GPGSV,4,4,13,31,21,257,10,1*56
$GPRMC,165733.11,A,3001.74227,S,05112.74553,W,0.08,58.30,090926,,,A,V*1D
$GPGGA,165734.11,3001.74243,S,05112.74589,W,1,06,2.41,58.77,M,,M,,*47
$GPGLL,3001.74243,S,05112.74589,W,165734.11,A,A*60
$GPGSA,A,3,05,12,13,23,25,29,,,,,,,3.91,2.41,3.08,1*11
$GPGSV,4,1,13,5,38,121,43,12,22,037,38,13,16,032,29,15,07,056,26,1*5F
$GPGSV,4,2,13,18,65,266,07,20,00,083,,21,09,141,20,23,22,356,45,1*6A
$GPGSV,4,3,13,25,56,022,52,26,24,225,04,28,23,290,26,29,57,153,30,1*68
$GPGSV,4,4,13,31,21,257,12,1*54
$GPRMC,165734.11,A,3001.74243,S,05112.74589,W,0.06,58.30,090926,,,A,V*11
$GPGGA,165735.11,3001.74262,S,05112.74632,W,1,06,2.41,58.69,M,,M,,*49
$GPGLL,3001.74262,S,05112.74632,W,165735.11,A,A*61
$GPGSA,A,3,05,12,13,23,25,29,,,,,,,3.91,2.41,3.08,1*11
$GPGSV,4,1,13,5,38,121,43,12,22,037,38,13,16,032,29,15,07,056,25,1*5C
$GPGSV,4,2,13,18,65,266,01,20,00,083,,21,09,141,11,23,22,356,44,1*6F
$GPGSV,4,3,13,25,56,022,53,26,24,225,00,28,23,290,26,29,57,153,30,1*6D
$GPGSV,4,4,13,31,21,257,11,1*57
$GPRMC,165735.11,A,3001.74262,S,05112.74632,W,0.12,58.30,090926,,,A,V*15
$GPGGA,165736.11,3001.74277,S,05112.74670,W,1,06,2.41,58.58,M,,M,,*4A
$GPGLL,3001.74277,S,05112.74670,W,165736.11,A,A*60
$GPGSA,A,3,05,12,13,23,25,29,,,,,,,3.91,2.41,3.08,1*11
$GPGSV,4,1,13,5,38,121,43,12,22,037,38,13,16,032,29,15,07,056,25,1*5C
$GPGSV,4,2,13,18,65,266,08,20,00,083,,21,09,141,00,23,22,356,45,1*67
$GPGSV,4,3,13,25,56,022,53,26,24,225,02,28,23,290,24,29,57,153,30,1*6D
$GPGSV,4,4,13,31,21,257,15,1*53
$GPRMC,165736.11,A,3001.74277,S,05112.74670,W,0.10,58.30,090926,,,A,V*16
$GPGGA,165737.11,3001.74297,S,05112.74715,W,1,06,2.41,58.38,M,,M,,*41
$GPGLL,3001.74297,S,05112.74715,W,165737.11,A,A*6D
$GPGSA,A,3,05,12,13,23,25,29,,,,,,,3.91,2.41,3.08,1*11
$GPGSV,4,1,13,5,38,121,43,12,22,037,38,13,16,032,29,15,07,056,,1*5B
$GPGSV,4,2,13,18,65,266,00,20,00,083,,21,09,141,00,23,22,356,45,1*6F
$GPGSV,4,3,13,25,56,022,53,26,24,225,05,28,23,290,25,29,57,153,30,1*6B
$GPGSV,4,4,13,31,21,257,15,1*53
$GPRMC,165737.11,A,3001.74297,S,05112.74715,W,0.25,58.30,090926,,,A,V*1D
$GPGGA,165738.11,3001.74317,S,05112.74761,W,1,06,2.41,58.25,M,,M,,*48
$GPGLL,3001.74317,S,05112.74761,W,165738.11,A,A*68
$GPGSA,A,3,05,12,13,23,25,29,,,,,,,3.92,2.41,3.09,1*13
$GPGSV,4,1,15,5,38,121,43,12,22,037,38,13,16,032,29,15,07,056,,1*5D
$GPGSV,4,2,15,18,65,266,08,20,00,083,,21,09,141,,23,22,356,45,1*61
$GPGSV,4,3,15,25,56,022,52,26,24,225,10,28,23,290,25,29,57,153,30,1*68
$GPGSV,4,4,15,31,21,257,14,193,,,27,201,,,31,1*5B
$GPRMC,165738.11,A,3001.74317,S,05112.74761,W,0.04,58.30,090926,,,A,V*1B
$GPGGA,165739.11,3001.74333,S,05112.74794,W,1,06,2.41,58.23,M,,M,,*43
$GPGLL,3001.74333,S,05112.74794,W,165739.11,A,A*65
$GPGSA,A,3,05,12,13,23,25,29,,,,,,,3.92,2.41,3.09,1*13
$GPGSV,4,1,14,5,38,121,42,12,22,037,38,13,16,032,28,15,07,056,29,1*57
$GPGSV,4,2,14,18,65,266,01,20,00,083,,21,09,141,,23,22,356,45,1*69
$GPGSV,4,3,14,25,56,022,52,26,24,225,05,28,23,290,25,29,57,153,30,1*6D
$GPGSV,4,4,14,31,21,257,15,201,,,27,1*62
$GPRMC,165739.11,A,3001.74333,S,05112.74794,W,0.14,58.30,090926,,,A,V*17
$GPGGA,165740.11,3001.74346,S,05112.74823,W,1,06,2.41,58.24,M,,M,,*4B
$GPGLL,3001.74346,S,05112.74823,W,165740.11,A,A*6A
$GPGSA,A,3,05,12,13,23,25,29,,,,,,,3.92,2.41,3.09,1*13
$GPGSV,4,1,13,5,38,121,42,12,22,037,38,13,16,032,28,15,07,056,25,1*5C
$GPGSV,4,2,13,18,65,266,03,20,00,083,,21,09,141,,23,22,356,45,1*6C
$GPGSV,4,3,13,25,56,022,53,26,24,225,06,28,23,290,25,29,57,153,31,1*69
$GPGSV,4,4,13,31,21,257,14,1*52
$GPRMC,165740.11,A,3001.74346,S,05112.74823,W,0.47,58.30,090926,,,A,V*1E
$GPGGA,165741.11,3001.74356,S,05112.74853,W,1,06,2.41,57.97,M,,M,,*4B
$GPGLL,3001.74356,S,05112.74853,W,165741.11,A,A*6D
$GPGSA,A,3,05,12,13,23,25,29,,,,,,,3.92,2.41,3.09,1*13
$GPGSV,4,1,13,5,38,121,42,12,22,037,37,13,16,032,28,15,07,056,25,1*53
$GPGSV,4,2,13,18,65,266,07,20,00,083,,21,09,141,,23,22,356,45,1*68
$GPGSV,4,3,13,25,56,022,53,26,24,225,12,28,23,290,25,29,57,153,31,1*6C
$GPGSV,4,4,13,31,21,257,13,1*55
$GPRMC,165741.11,A,3001.74356,S,05112.74853,W,0.27,58.30,090926,,,A,V*1F
$GPGGA,165742.11,3001.74358,S,05112.74877,W,1,06,2.41,57.65,M,,M,,*4D
$GPGLL,3001.74358,S,05112.74877,W,165742.11,A,A*66
$GPGSA,A,3,05,12,13,23,25,29,,,,,,,3.92,2.41,3.09,1*13
$GPGSV,4,1,13,5,38,121,42,12,22,037,37,13,16,032,28,15,07,056,25,1*53
$GPGSV,4,2,13,18,65,266,02,20,00,083,,21,09,141,,23,22,356,45,1*6D
$GPGSV,4,3,13,25,56,022,53,26,24,225,13,28,23,290,23,29,57,153,31,1*6B
$GPGSV,4,4,13,31,21,257,11,1*57
$GPRMC,165742.11,A,3001.74358,S,05112.74877,W,0.11,58.30,090926,,,A,V*11
$GPGGA,165743.11,3001.74361,S,05112.74883,W,1,06,2.42,57.54,M,,M,,*4C
$GPGLL,3001.74361,S,05112.74883,W,165743.11,A,A*66
$GPGSA,A,3,05,12,13,23,25,29,,,,,,,3.92,2.42,3.09,1*10
$GPGSV,4,1,13,5,38,121,41,12,22,037,38,13,16,032,28,15,07,056,,1*58
$GPGSV,4,2,13,18,65,266,06,20,00,083,,21,09,141,,23,22,356,44,1*68
$GPGSV,4,3,13,25,56,022,53,26,24,225,13,28,23,290,29,29,57,153,31,1*61
$GPGSV,4,4,13,31,21,257,00,1*57
$GPRMC,165743.11,A,3001.74361,S,05112.74883,W,0.23,58.30,090926,,,A,V*10
$GPGGA,165744.11,3001.74362,S,05112.74902,W,1,06,2.42,57.37,M,,M,,*45
$GPGLL,3001.74362,S,05112.74902,W,165744.11,A,A*6A
$GPGSA,A,3,05,12,13,23,25,29,,,,,,,3.92,2.42,3.09,1*10
$GPGSV,4,1,13,5,38,121,41,12,22,037,38,13,16,032,27,15,07,056,27,1*52
$GPGSV,4,2,13,18,65,266,05,20,00,083,,21,09,141,,23,22,356,45,1*6A
$GPGSV,4,3,13,25,56,022,53,26,24,225,13,28,23,290,27,29,57,153,31,1*6F
$GPGSV,4,4,13,31,21,257,04,1*53
$GPRMC,165744.11,A,3001.74362,S,05112.74902,W,0.07,58.30,090926,,,A,V*1A
$GPGGA,165745.11,3001.74364,S,05112.74920,W,1,06,2.42,57.31,M,,M,,*44
$GPGLL,3001.74364,S,05112.74920,W,165745.11,A,A*6D
$GPGSA,A,3,05,12,13,23,25,29,,,,,,,3.92,2.42,3.09,1*10
$GPGSV,4,1,13,5,38,121,42,12,22,037,39,13,16,032,27,15,07,056,25,1*52
$GPGSV,4,2,13,18,65,266,08,20,00,083,,21,09,141,,23,22,356,45,1*67
$GPGSV,4,3,13,25,56,022,53,26,24,225,16,28,23,290,26,29,57,153,31,1*6B
$GPGSV,4,4,13,31,21,257,00,1*57
$GPRMC,165745.11,A,3001.74364,S,05112.74920,W,0.14,58.30,090926,,,A,V*1F
$GPGGA,165746.11,3001.74366,S,05112.74935,W,1,08,1.01,57.15,M,,M,,*4D
$GPGLL,3001.74366,S,05112.74935,W,165746.11,A,A*68
$GPGSA,A,3,05,12,13,23,25,26,28,29,,,,,2.29,1.01,2.06,1*15
$GPGSV,4,1,13,5,38,121,42,12,22,037,38,13,16,032,26,15,07,056,24,1*53
$GPGSV,4,2,13,18,65,266,06,20,00,083,,21,09,141,,23,22,356,45,1*69
$GPGSV,4,3,13,25,56,022,52,26,24,225,17,28,23,290,25,29,57,153,31,1*68
$GPGSV,4,4,13,31,21,257,03,1*54
$GPRMC,165746.11,A,3001.74366,S,05112.74935,W,0.15,58.30,090926,,,A,V*1B
$GPGGA,165747.11,3001.74369,S,05112.74928,W,1,08,1.01,56.84,M,,M,,*46
$GPGLL,3001.74369,S,05112.74928,W,165747.11,A,A*6A
$GPGSA,A,3,05,12,13,23,25,26,28,29,,,,,2.29,1.01,2.06,1*15
$GPGSV,4,1,13,5,38,121,42,12,22,037,38,13,16,032,27,15,07,056,25,1*53
$GPGSV,4,2,13,18,65,266,04,20,00,083,,21,09,141,,23,22,356,45,1*6B
$GPGSV,4,3,13,25,56,022,53,26,24,225,18,28,23,290,24,29,57,153,32,1*64
$GPGSV,4,4,13,31,21,257,00,1*57
$GPRMC,165747.11,A,3001.74369,S,05112.74928,W,0.16,58.30,090926,,,A,V*1A
$GPGGA,165748.11,3001.74368,S,05112.74930,W,1,08,1.01,56.80,M,,M,,*45
$GPGLL,3001.74368,S,05112.74930,W,165748.11,A,A*6D
$GPGSA,A,3,05,12,13,23,25,26,28,29,,,,,2.29,1.01,2.06,1*15
$GPGSV,4,1,13,5,38,121,42,12,22,037,38,13,16,032,27,15,07,056,,1*54
$GPGSV,4,2,13,18,65,266,10,20,00,083,,21,09,141,,23,22,356,45,1*6E
$GPGSV,4,3,13,25,56,022,52,26,24,225,18,28,23,290,24,29,57,153,32,1*65
$GPGSV,4,4,13,31,21,257,02,1*55
$GPRMC,165748.11,A,3001.74368,S,05112.74930,W,0.03,58.30,090926,,,A,V*19
$GPGGA,165749.11,3001.74363,S,05112.74928,W,1,08,1.01,56.59,M,,M,,*42
$GPGLL,3001.74363,S,05112.74928,W,165749.11,A,A*6E
$GPGSA,A,3,05,12,13,23,25,26,28,29,,,,,2.29,1.01,2.06,1*15
$GPGSV,4,1,13,5,38,121,43,12,22,037,38,13,16,032,27,15,07,056,,1*55
$GPGSV,4,2,13,18,65,266,12,20,00,083,,21,09,141,,23,22,356,44,1*6D
$GPGSV,4,3,13,25,56,022,52,26,24,225,19,28,23,290,24,29,57,153,32,1*64
$GPGSV,4,4,13,31,21,257,07,1*50
$GPRMC,165749.11,A,3001.74363,S,05112.74928,W,0.12,58.30,090926,,,A,V*1A
$GPGGA,165750.11,3001.74362,S,05112.74924,W,1,08,1.01,56.47,M,,M,,*48
$GPGLL,3001.74362,S,05112.74924,W,165750.11,A,A*6B
$GPGSA,A,3,05,12,13,23,25,26,28,29,,,,,2.29,1.01,2.06,1*15
$GPGSV,4,1,13,5,38,121,43,12,22,037,38,13,16,032,27,15,07,056,,1*55
$GPGSV,4,2,13,18,65,266,09,20,00,083,,21,09,141,,23,22,356,44,1*67
$GPGSV,4,3,13,25,56,022,52,26,24,225,19,28,23,290,24,29,57,153,33,1*65
$GPGSV,4,4,13,31,21,257,07,1*50
$GPRMC,165750.11,A,3001.74362,S,05112.74924,W,0.10,58.30,090926,,,A,V*1D
$GPGGA,165751.11,3001.74364,S,05112.74919,W,1,07,1.07,56.45,M,,M,,*4A
$GPGLL,3001.74364,S,05112.74919,W,165751.11,A,A*62
$GPGSA,A,3,05,12,13,25,26,28,29,,,,,,2.32,1.07,2.06,1*18
$GPGSV,4,1,13,5,38,121,43,12,22,037,38,13,16,032,27,15,07,056,26,1*51
$GPGSV,4,2,13,18,65,266,00,20,00,083,,21,09,141,,23,22,356,45,1*6F
$GPGSV,4,3,13,25,56,022,52,26,24,225,19,28,23,290,23,29,57,153,33,1*62
$GPGSV,4,4,13,31,21,257,05,1*52
$GPRMC,165751.11,A,3001.74364,S,05112.74919,W,0.13,58.30,090926,,,A,V*17
$GPGGA,165752.11,3001.74364,S,05112.74929,W,1,08,1.01,56.27,M,,M,,*47
$GPGLL,3001.74364,S,05112.74929,W,165752.11,A,A*62
$GPGSA,A,3,05,12,13,23,25,26,28,29,,,,,2.29,1.01,2.06,1*15
$GPGSV,4,1,13,5,38,121,43,12,22,037,39,13,16,032,27,15,07,056,25,1*53
$GPGSV,4,2,13,18,65,266,19,20,00,083,,21,09,141,,23,22,356,45,1*67
$GPGSV,4,3,13,25,56,022,52,26,24,225,19,28,23,290,23,29,57,153,33,1*62
$GPGSV,4,4,13,31,21,257,05,1*52
$GPRMC,165752.11,A,3001.74364,S,05112.74929,W,0.23,58.30,090926,,,A,V*14
$GPGGA,165753.11,3001.74360,S,05112.74926,W,1,08,1.01,56.19,M,,M,,*40
$GPGLL,3001.74360,S,05112.74926,W,165753.11,A,A*68
$GPGSA,A,3,05,12,13,23,25,26,28,29,,,,,2.29,1.01,2.06,1*15
$GPGSV,4,1,13,5,38,121,43,12,22,037,38,13,16,032,27,15,07,056,24,1*53
$GPGSV,4,2,13,18,65,266,11,20,00,083,,21,09,141,,23,22,356,45,1*6F
$GPGSV,4,3,13,25,56,022,52,26,24,225,19,28,23,290,22,29,57,153,33,1*63
$GPGSV,4,4,13,31,21,257,06,1*51
$GPRMC,165753.11,A,3001.74360,S,05112.74926,W,0.15,58.30,090926,,,A,V*1B
$GPGGA,165754.11,3001.74365,S,05112.74928,W,1,08,1.01,55.78,M,,M,,*48
$GPGLL,3001.74365,S,05112.74928,W,165754.11,A,A*64
$GPGSA,A,3,05,12,13,23,25,26,28,29,,,,,2.29,1.01,2.06,1*15
$GPGSV,4,1,13,5,38,121,43,12,22,037,39,13,16,032,27,15,07,056,25,1*53
$GPGSV,4,2,13,18,65,266,,20,00,083,,21,09,141,,23,22,356,45,1*6F
$GPGSV,4,3,13,25,56,022,52,26,24,225,20,28,23,290,22,29,57,153,33,1*69
$GPGSV,4,4,13,31,21,257,00,1*57
$GPRMC,165754.11,A,3001.74365,S,05112.74928,W,0.11,58.30,090926,,,A,V*13
$GPGGA,165755.11,3001.74382,S,05112.74946,W,1,08,1.01,55.45,M,,M,,*46
$GPGLL,3001.74382,S,05112.74946,W,165755.11,A,A*64
$GPGSA,A,3,05,12,13,23,25,26,28,29,,,,,2.29,1.01,2.06,1*15
$GPGSV,4,1,13,5,38,121,43,12,22,037,38,13,16,032,27,15,07,056,,1*55
$GPGSV,4,2,13,18,65,266,,20,00,083,,21,09,141,,23,22,356,45,1*6F
$GPGSV,4,3,13,25,56,022,52,26,24,225,20,28,23,290,21,29,57,153,33,1*6A
$GPGSV,4,4,13,31,21,257,06,1*51
$GPRMC,165755.11,A,3001.74382,S,05112.74946,W,0.27,58.30,090926,,,A,V*16
$GPGGA,165756.11,3001.74385,S,05112.74966,W,1,08,1.01,55.06,M,,M,,*47
$GPGLL,3001.74385,S,05112.74966,W,165756.11,A,A*62
$GPGSA,A,3,05,12,13,23,25,26,28,29,,,,,2.29,1.01,2.06,1*15
$GPGSV,4,1,13,5,38,121,43,12,22,037,37,13,16,032,27,15,07,056,,1*5A
$GPGSV,4,2,13,18,65,266,,20,00,083,,21,09,141,,23,22,356,44,1*6E
$GPGSV,4,3,13,25,56,022,52,26,24,225,20,28,23,290,21,29,57,153,33,1*6A
$GPGSV,4,4,13,31,21,257,08,1*5F
$GPRMC,165756.11,A,3001.74385,S,05112.74966,W,0.12,58.30,090926,,,A,V*16
$GPGGA,165757.11,3001.74382,S,05112.74974,W,1,08,1.01,54.98,M,,M,,*44
$GPGLL,3001.74382,S,05112.74974,W,165757.11,A,A*67
$GPGSA,A,3,05,12,13,23,25,26,28,29,,,,,2.29,1.01,2.06,1*15
$GPGSV,4,1,13,5,38,121,42,12,22,037,38,13,16,032,27,15,07,056,27,1*51
$GPGSV,4,2,13,18,65,266,25,20,00,083,,21,09,141,,23,22,356,45,1*68
$GPGSV,4,3,13,25,56,022,52,26,24,225,21,28,23,290,20,29,57,153,33,1*6A
$GPGSV,4,4,13,31,21,257,07,1*50
$GPRMC,165757.11,A,3001.74382,S,05112.74974,W,0.04,58.30,090926,,,A,V*14
$GPGGA,165758.11,3001.74378,S,05112.74983,W,1,08,1.01,54.90,M,,M,,*4E
$GPGLL,3001.74378,S,05112.74983,W,165758.11,A,A*65
$GPGSA,A,3,05,12,13,23,25,26,28,29,,,,,2.29,1.01,2.06,1*15
$GPGSV,4,1,13,5,38,121,43,12,22,037,38,13,16,032,26,15,07,056,23,1*55
$GPGSV,4,2,13,18,65,266,25,20,00,083,,21,09,141,,23,22,356,44,1*69
$GPGSV,4,3,13,25,56,022,52,26,24,225,21,28,23,290,21,29,57,153,33,1*6B
$GPGSV,4,4,13,31,21,257,00,1*57
$GPRMC,165758.11,A,3001.74378,S,05112.74983,W,0.08,58.30,090926,,,A,V*1A
$GPGGA,165759.11,3001.74379,S,05112.74993,W,1,08,1.01,54.70,M,,M,,*41
$GPGLL,3001.74379,S,05112.74993,W,165759.11,A,A*64
$GPGSA,A,3,05,12,13,23,25,26,28,29,,,,,2.29,1.01,2.06,1*15
$GPGSV,4,1,13,5,38,121,43,12,22,037,38,13,16,032,26,15,07,056,13,1*56
$GPGSV,4,2,13,18,65,266,24,20,00,083,,21,09,141,,23,22,356,44,1*68
$GPGSV,4,3,13,25,56,022,52,26,24,225,21,28,23,290,21,29,57,153,33,1*6B
$GPGSV,4,4,13,31,21,257,04,1*53
$GPRMC,165759.11,A,3001.74379,S,05112.74993,W,0.29,58.30,090926,,,A,V*18
$GPGGA,165800.11,3001.74375,S,05112.75007,W,1,08,1.01,54.45,M,,M,,*4D
$GPGLL,3001.74375,S,05112.75007,W,165800.11,A,A*6E
$GPGSA,A,3,05,12,13,23,25,26,28,29,,,,,2.29,1.01,2.06,1*15
$GPGSV,4,1,13,5,38,121,43,12,22,037,38,13,16,032,26,15,07,056,01,1*55
$GPGSV,4,2,13,18,65,266,24,20,00,083,,21,09,141,,23,22,356,44,1*68
$GPGSV,4,3,13,25,56,022,52,26,24,225,20,28,23,290,21,29,57,153,33,1*6A
$GPGSV,4,4,13,31,21,257,,1*57
$GPRMC,165800.11,A,3001.74375,S,05112.75007,W,0.03,58.30,090926,,,A,V*1A
$GPGGA,165801.11,3001.74370,S,05112.75021,W,1,08,1.01,54.33,M,,M,,*4C
$GPGLL,3001.74370,S,05112.75021,W,165801.11,A,A*6E
$GPGSA,A,3,05,12,13,23,25,26,28,29,,,,,2.29,1.01,2.06,1*15
$GPGSV,4,1,13,5,38,121,43,12,22,037,38,13,16,032,26,15,07,056,,1*54
$GPGSV,4,2,13,18,65,266,,20,00,083,,21,09,141,,23,22,356,44,1*6E
$GPGSV,4,3,13,25,56,022,52,26,24,225,19,28,23,290,20,29,57,153,33,1*61
$GPGSV,4,4,13,31,21,257,,1*57
$GPRMC,165801.11,A,3001.74370,S,05112.75021,W,0.38,58.30,090926,,,A,V*12
$GPGGA,165802.11,3001.74371,S,05112.75027,W,1,08,1.01,54.15,M,,M,,*4C
$GPGLL,3001.74371,S,05112.75027,W,165802.11,A,A*6A
$GPGSA,A,3,05,12,13,23,25,26,28,29,,,,,2.29,1.01,2.06,1*15
$GPGSV,4,1,13,5,38,121,43,12,22,037,38,13,16,032,26,15,07,056,,1*54
$GPGSV,4,2,13,18,65,266,,20,00,083,,21,09,141,,23,22,356,45,1*6F
$GPGSV,4,3,13,25,56,022,52,26,24,225,20,28,23,290,20,29,57,153,33,1*6B
$GPGSV,4,4,13,31,21,257,,1*57
$GPRMC,165802.11,A,3001.74371,S,05112.75027,W,0.18,58.30,090926,,,A,V*14
$GPGGA,165803.11,3001.74376,S,05112.75038,W,1,08,1.01,54.04,M,,M,,*44
$GPGLL,3001.74376,S,05112.75038,W,165803.11,A,A*62
$GPGSA,A,3,05,12,13,23,25,26,28,29,,,,,2.29,1.01,2.06,1*15
$GPGSV,4,1,13,5,38,121,43,12,22,037,38,13,16,032,25,15,07,056,,1*57
$GPGSV,4,2,13,18,65,266,,20,00,083,,21,09,141,,23,22,356,45,1*6F
$GPGSV,4,3,13,25,56,022,52,26,24,225,20,28,23,290,20,29,57,153,33,1*6B
$GPGSV,4,4,13,31,21,257,,1*57
$GPRMC,165803.11,A,3001.74376,S,05112.75038,W,0.17,58.30,090926,,,A,V*13
$GPGGA,165804.11,3001.74381,S,05112.75060,W,1,08,1.01,53.89,M,,M,,*44
$GPGLL,3001.74381,S,05112.75060,W,165804.11,A,A*60
$GPGSA,A,3,05,12,13,23,25,26,28,29,,,,,2.29,1.01,2.06,1*15
$GPGSV,4,1,13,5,38,121,43,12,22,037,38,13,16,032,25,15,07,056,,1*57
$GPGSV,4,2,13,18,65,266,,20,00,083,,21,09,141,,23,22,356,45,1*6F
$GPGSV,4,3,13,25,56,022,52,26,24,225,19,28,23,290,20,29,57,153,33,1*61
$GPGSV,4,4,13,31,21,257,,1*57
$GPRMC,165804.11,A,3001.74381,S,05112.75060,W,0.18,58.30,090926,,,A,V*1E
$GPGGA,165805.11,3001.74392,S,05112.75082,W,1,08,1.01,53.88,M,,M,,*4A
$GPGLL,3001.74392,S,05112.75082,W,165805.11,A,A*6F
$GPGSA,A,3,05,12,13,23,25,26,28,29,,,,,2.29,1.01,2.06,1*15
$GPGSV,4,1,13,5,38,121,43,12,22,037,38,13,16,032,25,15,07,056,,1*57
$GPGSV,4,2,13,18,65,266,,20,00,083,,21,09,141,,23,22,356,45,1*6F
$GPGSV,4,3,13,25,56,022,53,26,24,225,19,28,23,290,19,29,57,153,33,1*6A
$GPGSV,4,4,13,31,21,257,,1*57
$GPRMC,165805.11,A,3001.74392,S,05112.75082,W,0.09,58.30,090926,,,A,V*11
$GPGGA,165806.11,3001.74399,S,05112.75094,W,1,08,1.01,53.78,M,,M,,*4A
$GPGLL,3001.74399,S,05112.75094,W,165806.11,A,A*60
$GPGSA,A,3,05,12,13,23,25,26,28,29,,,,,2.29,1.01,2.06,1*15
$GPGSV,4,1,13,5,38,121,43,12,22,037,38,13,16,032,25,15,07,056,26,1*53
$GPGSV,4,2,13,18,65,266,,20,00,083,,21,09,141,,23,22,356,44,1*6E
$GPGSV,4,3,13,25,56,022,52,26,24,225,18,28,23,290,19,29,57,153,33,1*6A
$GPGSV,4,4,13,31,21,257,,1*57
$GPRMC,165806.11,A,3001.74399,S,05112.75094,W,0.14,58.30,090926,,,A,V*12
$GPGGA,165807.11,3001.74407,S,05112.75112,W,1,08,1.01,53.50,M,,M,,*4E
$GPGLL,3001.74407,S,05112.75112,W,165807.11,A,A*6E
$GPGSA,A,3,05,12,13,23,25,26,28,29,,,,,2.29,1.01,2.06,1*15
$GPGSV,4,1,13,5,38,121,43,12,22,037,38,13,16,032,24,15,07,056,25,1*51
$GPGSV,4,2,13,18,65,266,,20,00,083,,21,09,141,,23,22,356,45,1*6F
$GPGSV,4,3,13,25,56,022,52,26,24,225,18,28,23,290,19,29,57,153,33,1*6A
$GPGSV,4,4,13,31,21,257,,1*57
$GPRMC,165807.11,A,3001.74407,S,05112.75112,W,0.07,58.30,090926,,,A,V*1E
$GPGGA,165808.11,3001.74421,S,05112.75130,W,1,08,1.01,53.41,M,,M,,*45
$GPGLL,3001.74421,S,05112.75130,W,165808.11,A,A*65
$GPGSA,A,3,05,12,13,23,25,26,28,29,,,,,2.29,1.01,2.06,1*15
$GPGSV,4,1,13,5,38,121,43,12,22,037,38,13,16,032,24,15,07,056,25,1*51
$GPGSV,4,2,13,18,65,266,,20,00,083,,21,09,141,,23,22,356,45,1*6F
$GPGSV,4,3,13,25,56,022,52,26,24,225,18,28,23,290,19,29,57,153,33,1*6A
$GPGSV,4,4,13,31,21,257,,1*57
$GPRMC,165808.11,A,3001.74421,S,05112.75130,W,0.06,58.30,090926,,,A,V*14
$GPGGA,165809.11,3001.74429,S,05112.75143,W,1,08,1.01,53.37,M,,M,,*49
$GPGLL,3001.74429,S,05112.75143,W,165809.11,A,A*68
$GPGSA,A,3,05,12,13,23,25,26,28,29,,,,,2.29,1.01,2.06,1*15
$GPGSV,4,1,13,5,38,121,43,12,22,037,37,13,16,032,23,15,07,056,24,1*58
$GPGSV,4,2,13,18,65,266,,20,00,083,,21,09,141,,23,22,356,45,1*6F
$GPGSV,4,3,13,25,56,022,52,26,24,225,18,28,23,290,19,29,57,153,33,1*6A
$GPGSV,4,4,13,31,21,257,,1*57
$GPRMC,165809.11,A,3001.74429,S,05112.75143,W,0.09,58.30,090926,,,A,V*16
$GPGGA,165810.11,3001.74430,S,05112.75140,W,1,08,1.01,53.34,M,,M,,*49
$GPGLL,3001.74430,S,05112.75140,W,165810.11,A,A*6B
$GPGSA,A,3,05,12,13,23,25,26,28,29,,,,,2.29,1.01,2.06,1*15
$GPGSV,4,1,13,5,38,121,42,12,22,037,37,13,16,032,23,15,07,056,,1*5F
$GPGSV,4,2,13,18,65,266,,20,00,083,,21,09,141,,23,22,356,44,1*6E
$GPGSV,4,3,13,25,56,022,52,26,24,225,17,28,23,290,18,29,57,153,33,1*64
$GPGSV,4,4,13,31,21,257,,1*57
$GPRMC,165810.11,A,3001.74430,S,05112.75140,W,0.68,58.30,090926,,,A,V*12
$GPGGA,165811.11,3001.74429,S,05112.75148,W,1,08,1.01,53.03,M,,M,,*4C
$GPGLL,3001.74429,S,05112.75148,W,165811.11,A,A*6A
$GPGSA,A,3,05,12,13,23,25,26,28,29,,,,,2.29,1.01,2.06,1*15
$GPGSV,4,1,13,5,38,121,41,12,22,037,38,13,16,032,23,15,07,056,,1*53
$GPGSV,4,2,13,18,65,266,,20,00,083,,21,09,141,,23,22,356,44,1*6E
$GPGSV,4,3,13,25,56,022,52,26,24,225,17,28,23,290,19,29,57,153,33,1*65
$GPGSV,4,4,13,31,21,257,,1*57
$GPRMC,165811.11,A,3001.74429,S,05112.75148,W,0.10,58.30,090926,,,A,V*1C
$GPGGA,165812.11,3001.74428,S,05112.75154,W,1,08,1.01,52.80,M,,M,,*49
$GPGLL,3001.74428,S,05112.75154,W,165812.11,A,A*65
$GPGSA,A,3,05,12,13,23,25,26,28,29,,,,,2.29,1.01,2.06,1*15
$GPGSV,4,1,13,5,38,121,41,12,22,037,38,13,16,032,23,15,07,056,,1*53
$GPGSV,4,2,13,18,65,266,,20,00,083,,21,09,141,,23,22,356,44,1*6E
$GPGSV,4,3,13,25,56,022,52,26,24,225,17,28,23,290,19,29,57,153,33,1*65
$GPGSV,4,4,13,31,21,257,,1*57
$GPRMC,165812.11,A,3001.74428,S,05112.75154,W,0.12,58.30,090926,,,A,V*11
$GPGGA,165813.11,3001.74426,S,05112.75149,W,1,08,1.01,52.64,M,,M,,*40
$GPGLL,3001.74426,S,05112.75149,W,165813.11,A,A*66
$GPGSA,A,3,05,12,13,23,25,26,28,29,,,,,2.29,1.01,2.06,1*15
$GPGSV,4,1,14,5,38,121,42,12,22,037,38,13,16,032,23,15,07,056,,1*57
$GPGSV,4,2,14,18,65,266,,20,00,083,,21,09,141,,23,22,356,44,1*69
$GPGSV,4,3,14,25,56,022,52,26,24,225,15,28,23,290,21,29,57,153,33,1*6B
$GPGSV,4,4,14,31,21,257,,193,,,30,1*68
$GPRMC,165813.11,A,3001.74426,S,05112.75149,W,0.27,58.30,090926,,,A,V*14
$GPGGA,165814.11,3001.74420,S,05112.75153,W,1,08,1.01,52.72,M,,M,,*4D
$GPGLL,3001.74420,S,05112.75153,W,165814.11,A,A*6C
$GPGSA,A,3,05,12,13,23,25,26,28,29,,,,,2.29,1.01,2.06,1*15
$GPGSV,4,1,14,5,38,121,42,12,22,037,38,13,16,032,23,15,07,056,26,1*53
$GPGSV,4,2,14,18,65,266,,20,00,083,,21,09,141,,23,22,356,44,1*69
$GPGSV,4,3,14,25,56,022,52,26,24,225,15,28,23,290,22,29,57,153,33,1*68
$GPGSV,4,4,14,31,21,257,,193,,,30,1*68
$GPRMC,165814.11,A,3001.74420,S,05112.75153,W,0.12,58.30,090926,,,A,V*18
$GPGGA,165815.11,3001.74412,S,05112.75149,W,1,08,1.01,52.67,M,,M,,*42
$GPGLL,3001.74412,S,05112.75149,W,165815.11,A,A*67
$GPGSA,A,3,05,12,13,23,25,26,28,29,,,,,2.29,1.01,2.06,1*15
$GPGSV,4,1,14,5,38,121,42,12,22,037,37,13,16,032,23,15,07,056,25,1*5F
$GPGSV,4,2,14,18,65,266,,20,00,083,,21,09,141,,23,22,356,44,1*69
$GPGSV,4,3,14,25,56,022,52,26,24,225,14,28,23,290,23,29,57,153,33,1*68
$GPGSV,4,4,14,31,21,257,,193,,,30,1*68
$GPRMC,165815.11,A,3001.74412,S,05112.75149,W,0.06,58.30,090926,,,A,V*16
$GPGGA,165816.11,3001.74413,S,05112.75150,W,1,08,1.01,52.54,M,,M,,*48
$GPGLL,3001.74413,S,05112.75150,W,165816.11,A,A*6D
$GPGSA,A,3,05,12,13,23,25,26,28,29,,,,,2.29,1.01,2.06,1*15
$GPGSV,4,1,14,5,38,121,42,12,22,037,37,13,16,032,23,15,07,056,25,1*5F
$GPGSV,4,2,14,18,65,266,,20,00,083,,21,09,141,,23,22,356,44,1*69
$GPGSV,4,3,14,25,56,022,53,26,24,225,13,28,23,290,22,29,57,153,34,1*68
$GPGSV,4,4,14,31,21,257,,193,,,30,1*68
$GPRMC,165816.11,A,3001.74413,S,05112.75150,W,0.12,58.30,090926,,,A,V*19
$GPGGA,165817.11,3001.74415,S,05112.75156,W,1,08,1.01,52.56,M,,M,,*4B
$GPGLL,3001.74415,S,05112.75156,W,165817.11,A,A*6C
$GPGSA,A,3,05,12,13,23,25,26,28,29,,,,,2.29,1.01,2.06,1*15
$GPGSV,4,1,13,5,38,121,42,12,22,037,37,13,16,032,23,15,07,056,25,1*58
$GPGSV,4,2,13,18,65,266,,20,00,083,,21,09,141,,23,22,356,44,1*6E
$GPGSV,4,3,13,25,56,022,52,26,24,225,15,28,23,290,22,29,57,153,34,1*68
$GPGSV,4,4,13,31,21,257,,1*57
$GPRMC,165817.11,A,3001.74415,S,05112.75156,W,0.52,58.30,090926,,,A,V*1C
$GPGGA,165818.11,3001.74412,S,05112.75170,W,1,08,1.01,52.45,M,,M,,*45
$GPGLL,3001.74412,S,05112.75170,W,165818.11,A,A*60
$GPGSA,A,3,05,12,13,23,25,26,28,29,,,,,2.29,1.01,2.06,1*15
$GPGSV,4,1,13,5,38,121,42,12,22,037,38,13,16,032,22,15,07,056,,1*51
$GPGSV,4,2,13,18,65,266,,20,00,083,,21,09,141,,23,22,356,44,1*6E
$GPGSV,4,3,13,25,56,022,52,26,24,225,14,28,23,290,23,29,57,153,33,1*6F
$GPGSV,4,4,13,31,21,257,,1*57
$GPRMC,165818.11,A,3001.74412,S,05112.75170,W,0.10,58.30,090926,,,A,V*16
$GPGGA,165819.11,3001.74415,S,05112.75171,W,1,08,1.01,52.22,M,,M,,*43
$GPGLL,3001.74415,S,05112.75171,W,165819.11,A,A*67
$GPGSA,A,3,05,12,13,23,25,26,28,29,,,,,2.29,1.01,2.06,1*15
$GPGSV,4,1,13,5,38,121,42,12,22,037,38,13,16,032,23,15,07,056,,1*50
$GPGSV,4,2,13,18,65,266,,20,00,083,,21,09,141,,23,22,356,44,1*6E
$GPGSV,4,3,13,25,56,022,53,26,24,225,15,28,23,290,22,29,57,153,33,1*6E
$GPGSV,4,4,13,31,21,257,,1*57
$GPRMC,165819.11,A,3001.74415,S,05112.75171,W,0.01,58.30,090926,,,A,V*11
$GPGGA,165820.11,3001.74420,S,05112.75172,W,1,08,1.01,51.97,M,,M,,*41
$GPGLL,3001.74420,S,05112.75172,W,165820.11,A,A*68
$GPGSA,A,3,05,12,13,23,25,26,28,29,,,,,2.29,1.01,2.06,1*15
$GPGSV,4,1,13,5,38,121,42,12,22,037,38,13,16,032,23,15,07,056,,1*50
$GPGSV,4,2,13,18,65,266,21,20,00,083,,21,09,141,,23,22,356,44,1*6D
$GPGSV,4,3,13,25,56,022,53,26,24,225,15,28,23,290,22,29,57,153,33,1*6E
$GPGSV,4,4,13,31,21,257,,1*57
$GPRMC,165820.11,A,3001.74420,S,05112.75172,W,0.20,58.30,090926,,,A,V*1D
$GPGGA,165821.11,3001.74413,S,05112.75180,W,1,07,1.23,52.03,M,,M,,*4C
$GPGLL,3001.74413,S,05112.75180,W,165821.11,A,A*64
$GPGSA,A,3,05,12,13,23,25,28,29,,,,,,2.68,1.23,2.38,1*19
$GPGSV,4,1,13,5,38,121,42,12,22,037,38,13,16,032,23,15,07,056,26,1*54
$GPGSV,4,2,13,18,65,266,13,20,00,083,,21,09,141,,23,22,356,44,1*6C
$GPGSV,4,3,13,25,56,022,52,26,24,225,12,28,23,290,22,29,57,153,34,1*6F
$GPGSV,4,4,13,31,21,257,,1*57
$GPRMC,165821.11,A,3001.74413,S,05112.75180,W,0.13,58.30,090926,,,A,V*11
$GPGGA,165822.11,3001.74412,S,05112.75173,W,1,07,1.23,52.07,M,,M,,*46
$GPGLL,3001.74412,S,05112.75173,W,165822.11,A,A*6A
$GPGSA,A,3,05,12,13,23,25,28,29,,,,,,2.68,1.23,2.38,1*19
$GPGSV,4,1,13,5,38,121,41,12,22,037,37,13,16,032,23,15,07,056,25,1*5B
$GPGSV,4,2,13,18,65,266,02,20,00,083,,21,09,141,,23,22,356,44,1*6C
$GPGSV,4,3,13,25,56,022,52,26,24,225,12,28,23,290,23,29,57,153,34,1*6E
$GPGSV,4,4,13,31,21,257,,1*57
$GPRMC,165822.11,A,3001.74412,S,05112.75173,W,0.07,58.30,090926,,,A,V*1A
$GPGGA,165823.11,3001.74413,S,05112.75170,W,1,07,1.23,51.87,M,,M,,*4E
$GPGLL,3001.74413,S,05112.75170,W,165823.11,A,A*69
$GPGSA,A,3,05,12,13,23,25,28,29,,,,,,2.68,1.23,2.38,1*19
$GPGSV,4,1,13,5,38,121,42,12,22,037,37,13,16,032,23,15,07,056,24,1*59
$GPGSV,4,2,13,18,65,266,02,20,00,083,,21,09,141,,23,22,356,44,1*6C
$GPGSV,4,3,13,25,56,022,52,26,24,225,14,28,23,290,23,29,57,153,34,1*68
$GPGSV,4,4,13,31,21,257,,1*57
$GPRMC,165823.11,A,3001.74413,S,05112.75170,W,0.05,58.30,090926,,,A,V*1B
$GPGGA,165824.11,3001.74409,S,05112.75180,W,1,07,1.23,51.76,M,,M,,*43
$GPGLL,3001.74409,S,05112.75180,W,165824.11,A,A*6A
$GPGSA,A,3,05,12,13,23,25,28,29,,,,,,2.68,1.23,2.38,1*19
$GPGSV,4,1,14,5,38,121,42,12,22,037,37,13,16,032,23,15,07,056,24,1*5E
$GPGSV,4,2,14,18,65,266,28,20,00,083,,21,09,141,,23,22,356,44,1*63
$GPGSV,4,3,14,25,56,022,52,26,24,225,16,28,23,290,23,29,57,153,34,1*6D
$GPGSV,4,4,14,31,21,257,,201,,,25,1*64
$GPRMC,165824.11,A,3001.74409,S,05112.75180,W,0.14,58.30,090926,,,A,V*18
$GPGGA,165825.11,3001.74405,S,05112.75191,W,1,07,1.23,51.66,M,,M,,*4F
$GPGLL,3001.74405,S,05112.75191,W,165825.11,A,A*67
$GPGSA,A,3,05,12,13,23,25,28,29,,,,,,2.68,1.23,2.38,1*19
$GPGSV,4,1,14,5,38,121,42,12,22,037,37,13,16,032,23,15,07,056,25,1*5F
$GPGSV,4,2,14,18,65,266,25,20,00,083,,21,09,141,,23,22,356,44,1*6E
$GPGSV,4,3,14,25,56,022,52,26,24,225,12,28,23,290,23,29,57,153,34,1*69
$GPGSV,4,4,14,31,21,257,,201,,,24,1*65
$GPRMC,165825.11,A,3001.74405,S,05112.75191,W,0.13,58.30,090926,,,A,V*12
$GPGGA,165826.11,3001.74403,S,05112.75193,W,1,07,1.23,51.29,M,,M,,*43
$GPGLL,3001.74403,S,05112.75193,W,165826.11,A,A*60
$GPGSA,A,3,05,12,13,23,25,28,29,,,,,,2.68,1.23,2.38,1*19
$GPGSV,4,1,15,5,38,121,42,12,22,037,37,13,16,032,23,15,07,056,25,1*5E
$GPGSV,4,2,15,18,65,266,24,20,00,083,,21,09,141,,23,22,356,44,1*6E
$GPGSV,4,3,15,25,56,022,52,26,24,225,14,28,23,290,23,29,57,153,34,1*6E
$GPGSV,4,4,15,31,21,257,,193,,,28,201,,,25,1*54
$GPRMC,165826.11,A,3001.74403,S,05112.75193,W,0.64,58.30,090926,,,A,V*15
$GPGGA,165827.11,3001.74395,S,05112.75194,W,1,07,1.23,51.38,M,,M,,*4D
$GPGLL,3001.74395,S,05112.75194,W,165827.11,A,A*6E
$GPGSA,A,3,05,12,13,23,25,28,29,,,,,,2.68,1.23,2.38,1*19
$GPGSV,4,1,15,5,38,121,42,12,22,037,37,13,16,032,22,15,07,056,24,1*5E
$GPGSV,4,2,15,18,65,266,24,20,00,083,,21,09,141,,23,22,356,44,1*6E
$GPGSV,4,3,15,25,56,022,52,26,24,225,17,28,23,290,23,29,57,153,33,1*6A
$GPGSV,4,4,15,31,21,257,,193,,,28,197,,,28,1*55
$GPRMC,165827.11,A,3001.74395,S,05112.75194,W,0.04,58.30,090926,,,A,V*1D
$GPGGA,165828.11,3001.74395,S,05112.75202,W,1,08,1.01,51.65,M,,M,,*49
$GPGLL,3001.74395,S,05112.75202,W,165828.11,A,A*6D
$GPGSA,A,3,05,12,13,23,25,26,28,29,,,,,2.29,1.01,2.06,1*15
$GPGSV,4,1,14,5,38,121,42,12,22,037,37,13,16,032,21,15,07,056,24,1*5C
$GPGSV,4,2,14,18,65,266,,20,00,083,,21,09,141,,23,22,356,44,1*69
$GPGSV,4,3,14,25,56,022,52,26,24,225,16,28,23,290,23,29,57,153,34,1*6D
$GPGSV,4,4,14,31,21,257,,193,,,28,1*61
$GPRMC,165828.11,A,3001.74395,S,05112.75202,W,0.58,58.30,090926,,,A,V*17
$GPGGA,165829.11,3001.74396,S,05112.75205,W,1,08,1.01,51.66,M,,M,,*4F
$GPGLL,3001.74396,S,05112.75205,W,165829.11,A,A*68
$GPGSA,A,3,05,12,13,23,25,26,28,29,,,,,2.29,1.01,2.06,1*15
$GPGSV,4,1,13,5,38,121,42,12,22,037,37,13,16,032,21,15,07,056,,1*5D
$GPGSV,4,2,13,18,65,266,,20,00,083,,21,09,141,,23,22,356,44,1*6E
$GPGSV,4,3,13,25,56,022,52,26,24,225,17,28,23,290,22,29,57,153,33,1*6D
$GPGSV,4,4,13,31,21,257,,1*57
$GPRMC,165829.11,A,3001.74396,S,05112.75205,W,0.79,58.30,090926,,,A,V*11
$GPGGA,165830.11,3001.74402,S,05112.75195,W,1,08,1.01,51.48,M,,M,,*4B
$GPGLL,3001.74402,S,05112.75195,W,165830.11,A,A*60
$GPGSA,A,3,05,12,13,23,25,26,28,29,,,,,2.29,1.01,2.06,1*15
$GPGSV,4,1,14,5,37,122,42,12,22,036,38,13,16,032,20,15,07,057,,1*58
$GPGSV,4,2,14,18,66,265,,20,00,084,,21,09,141,,23,22,356,44,1*6E
$GPGSV,4,3,14,25,55,021,53,26,24,225,17,28,23,290,21,29,57,153,34,1*6F
$GPGSV,4,4,14,31,21,258,,201,,,30,1*6F
$GPRMC,165830.11,A,3001.74402,S,05112.75195,W,0.30,58.30,090926,,,A,V*14
$GPGGA,165831.11,3001.74402,S,05112.75199,W,1,08,1.01,51.34,M,,M,,*4D
$GPGLL,3001.74402,S,05112.75199,W,165831.11,A,A*6D
$GPGSA,A,3,05,12,13,23,25,26,28,29,,,,,2.29,1.01,2.06,1*15
$GPGSV,4,1,14,5,37,122,42,12,22,036,38,13,16,032,21,15,07,057,,1*59
$GPGSV,4,2,14,18,66,265,,20,00,084,,21,09,141,,23,22,356,44,1*6E
$GPGSV,4,3,14,25,55,021,52,26,24,225,18,28,23,290,20,29,57,153,34,1*60
$GPGSV,4,4,14,31,21,258,,201,,,26,1*68
$GPRMC,165831.11,A,3001.74402,S,05112.75199,W,0.07,58.30,090926,,,A,V*1D
$GPGGA,165832.11,3001.74402,S,05112.75195,W,1,08,1.01,51.33,M,,M,,*45
$GPGLL,3001.74402,S,05112.75195,W,165832.11,A,A*62
$GPGSA,A,3,05,12,13,23,25,26,28,29,,,,,2.29,1.01,2.06,1*15
$GPGSV,4,1,14,5,37,122,42,12,22,036,37,13,16,032,21,15,07,057,26,1*52
$GPGSV,4,2,14,18,66,265,,20,00,084,,21,09,141,,23,22,356,44,1*6E
$GPGSV,4,3,14,25,55,021,52,26,24,225,18,28,23,290,20,29,57,153,34,1*60
$GPGSV,4,4,14,31,21,258,,201,,,25,1*6B
$GPRMC,165832.11,A,3001.74402,S,05112.75195,W,0.06,58.30,090926,,,A,V*13
$GPGGA,165833.11,3001.74408,S,05112.75177,W,1,08,1.00,51.24,M,,M,,*45
$GPGLL,3001.74408,S,05112.75177,W,165833.11,A,A*65
$GPGSA,A,3,05,12,13,23,25,26,28,29,,,,,2.29,1.00,2.06,1*14
$GPGSV,4,1,14,5,37,122,42,12,22,036,37,13,16,032,22,15,07,057,25,1*52
$GPGSV,4,2,14,18,66,265,,20,00,084,,21,09,141,,23,22,356,44,1*6E
$GPGSV,4,3,14,25,55,021,53,26,24,225,19,28,23,290,21,29,57,153,34,1*61
$GPGSV,4,4,14,31,21,258,19,201,,,24,1*62
$GPRMC,165833.11,A,3001.74408,S,05112.75177,W,0.08,58.30,090926,,,A,V*1A
$GPGGA,165834.11,3001.74416,S,05112.75185,W,1,08,1.00,51.45,M,,M,,*47
$GPGLL,3001.74416,S,05112.75185,W,165834.11,A,A*60
$GPGSA,A,3,05,12,13,23,25,26,28,29,,,,,2.29,1.00,2.06,1*14
$GPGSV,4,1,13,5,37,122,42,12,22,036,37,13,16,032,21,15,07,057,,1*51
$GPGSV,4,2,13,18,66,265,,20,00,084,,21,09,141,,23,22,356,44,1*69
$GPGSV,4,3,13,25,55,021,53,26,24,225,20,28,23,290,21,29,57,153,33,1*6B
$GPGSV,4,4,13,31,21,258,17,1*5E
$GPRMC,165834.11,A,3001.74416,S,05112.75185,W,0.07,58.30,090926,,,A,V*10
$GPGGA,165835.11,3001.74422,S,05112.75168,W,1,08,1.00,51.44,M,,M,,*43
$GPGLL,3001.74422,S,05112.75168,W,165835.11,A,A*65
$GPGSA,A,3,05,12,13,23,25,26,28,29,,,,,2.29,1.00,2.06,1*14
$GPGSV,4,1,13,5,37,122,42,12,22,036,37,13,16,032,22,15,07,057,27,1*57
$GPGSV,4,2,13,18,66,265,,20,00,084,,21,09,141,,23,22,356,44,1*69
$GPGSV,4,3,13,25,55,021,53,26,24,225,21,28,23,290,21,29,57,153,33,1*6A
$GPGSV,4,4,13,31,21,258,16,1*5F
$GPRMC,165835.11,A,3001.74422,S,05112.75168,W,0.41,58.30,090926,,,A,V*17
$GPGGA,165836.11,3001.74428,S,05112.75159,W,1,08,1.00,51.23,M,,M,,*49
$GPGLL,3001.74428,S,05112.75159,W,165836.11,A,A*6E
$GPGSA,A,3,05,12,13,23,25,26,28,29,,,,,2.29,1.00,2.06,1*14
$GPGSV,4,1,13,5,37,122,41,12,22,036,38,13,16,032,22,15,07,057,26,1*5A
$GPGSV,4,2,13,18,66,265,,20,00,084,,21,09,141,,23,22,356,44,1*69
$GPGSV,4,3,13,25,55,021,53,26,24,225,21,28,23,290,19,29,57,153,33,1*61
$GPGSV,4,4,13,31,21,258,13,1*5A
$GPRMC,165836.11,A,3001.74428,S,05112.75159,W,0.04,58.30,090926,,,A,V*1D
$GPGGA,165837.11,3001.74428,S,05112.75162,W,1,09,0.95,51.39,M,,M,,*47
$GPGLL,3001.74428,S,05112.75162,W,165837.11,A,A*67
$GPGSA,A,3,05,12,13,23,25,26,28,29,31,,,,2.24,0.95,2.03,1*13
$GPGSV,4,1,13,5,37,122,41,12,22,036,38,13,16,032,22,15,07,057,24,1*58
$GPGSV,4,2,13,18,66,265,,20,00,084,,21,09,141,,23,22,356,44,1*69
$GPGSV,4,3,13,25,55,021,53,26,24,225,22,28,23,290,18,29,57,153,32,1*62
$GPGSV,4,4,13,31,21,258,16,1*5F
$GPRMC,165837.11,A,3001.74428,S,05112.75162,W,0.21,58.30,090926,,,A,V*13
$GPGGA,165838.11,3001.74428,S,05112.75156,W,1,09,0.95,51.34,M,,M,,*42
$GPGLL,3001.74428,S,05112.75156,W,165838.11,A,A*6F
$GPGSA,A,3,05,12,13,23,25,26,28,29,31,,,,2.24,0.95,2.03,1*13
$GPGSV,4,1,13,5,37,122,41,12,22,036,38,13,16,032,21,15,07,057,25,1*5A
$GPGSV,4,2,13,18,66,265,,20,00,084,,21,09,141,,23,22,356,44,1*69
$GPGSV,4,3,13,25,55,021,52,26,24,225,23,28,23,290,18,29,57,153,31,1*61
$GPGSV,4,4,13,31,21,258,15,1*5C
$GPRMC,165838.11,A,3001.74428,S,05112.75156,W,0.12,58.30,090926,,,A,V*1B
$GPGGA,165839.11,3001.74429,S,05112.75147,W,1,09,0.95,51.29,M,,M,,*4E
$GPGLL,3001.74429,S,05112.75147,W,165839.11,A,A*6F
$GPGSA,A,3,05,12,13,23,25,26,28,29,31,,,,2.24,0.95,2.03,1*13
$GPGSV,4,1,13,5,37,122,40,12,22,036,38,13,16,032,21,15,07,057,,1*5C
$GPGSV,4,2,13,18,66,265,,20,00,084,,21,09,141,,23,22,356,44,1*69
$GPGSV,4,3,13,25,55,021,53,26,24,225,22,28,23,290,18,29,57,153,32,1*62
$GPGSV,4,4,13,31,21,258,16,1*5F
$GPRMC,165839.11,A,3001.74429,S,05112.75147,W,0.06,58.30,090926,,,A,V*1E
$GPGGA,165840.11,3001.74433,S,05112.75148,W,1,09,0.95,51.26,M,,M,,*4B
$GPGLL,3001.74433,S,05112.75148,W,165840.11,A,A*65
$GPGSA,A,3,05,12,13,23,25,26,28,29,31,,,,2.24,0.95,2.03,1*13
$GPGSV,4,1,13,5,37,122,40,12,22,036,38,13,16,032,21,15,07,057,,1*5C
$GPGSV,4,2,13,18,66,265,,20,00,084,,21,09,141,,23,22,356,45,1*68
$GPGSV,4,3,13,25,55,021,52,26,24,225,22,28,23,290,17,29,57,153,32,1*6C
$GPGSV,4,4,13,31,21,258,16,1*5F
$GPRMC,165840.11,A,3001.74433,S,05112.75148,W,0.12,58.30,090926,,,A,V*11
$GPGGA,165841.11,3001.74428,S,05112.75148,W,1,09,0.95,51.35,M,,M,,*42
$GPGLL,3001.74428,S,05112.75148,W,165841.11,A,A*6E
$GPGSA,A,3,05,12,13,23,25,26,28,29,31,,,,2.24,0.95,2.03,1*13
$GPGSV,4,1,13,5,37,122,41,12,22,036,37,13,16,032,19,15,07,057,,1*59
$GPGSV,4,2,13,18,66,265,,20,00,084,,21,09,141,,23,22,356,45,1*68
$GPGSV,4,3,13,25,55,021,53,26,24,225,23,28,23,290,17,29,57,153,32,1*6C
$GPGSV,4,4,13,31,21,258,17,1*5E
$GPRMC,165841.11,A,3001.74428,S,05112.75148,W,0.12,58.30,090926,,,A,V*1A
$GPGGA,165842.11,3001.74428,S,05112.75142,W,1,09,0.95,51.08,M,,M,,*45
$GPGLL,3001.74428,S,05112.75142,W,165842.11,A,A*67
$GPGSA,A,3,05,12,13,23,25,26,28,29,31,,,,2.24,0.95,2.03,1*13
$GPGSV,4,1,13,5,37,122,41,12,22,036,38,13,16,032,19,15,07,057,27,1*53
$GPGSV,4,2,13,18,66,265,,20,00,084,,21,09,141,,23,22,356,45,1*68
$GPGSV,4,3,13,25,55,021,53,26,24,225,23,28,23,290,18,29,57,153,32,1*63
$GPGSV,4,4,13,31,21,258,18,1*51
$GPRMC,165842.11,A,3001.74428,S,05112.75142,W,0.19,58.30,090926,,,A,V*18
$GPGGA,165843.11,3001.74423,S,05112.75143,W,1,09,0.95,51.05,M,,M,,*43
$GPGLL,3001.74423,S,05112.75143,W,165843.11,A,A*6C
$GPGSA,A,3,05,12,13,23,25,26,28,29,31,,,,2.24,0.95,2.03,1*13
$GPGSV,4,1,13,5,37,122,41,12,22,036,38,13,16,032,19,15,07,057,25,1*51
$GPGSV,4,2,13,18,66,265,,20,00,084,,21,09,141,,23,22,356,44,1*69
$GPGSV,4,3,13,25,55,021,52,26,24,225,23,28,23,290,17,29,57,153,32,1*6D
$GPGSV,4,4,13,31,21,258,18,1*51
$GPRMC,165843.11,A,3001.74423,S,05112.75143,W,0.15,58.30,090926,,,A,V*1F
$GPGGA,165844.11,3001.74413,S,05112.75130,W,1,09,0.95,51.20,M,,M,,*44
$GPGLL,3001.74413,S,05112.75130,W,165844.11,A,A*6C
$GPGSA,A,3,05,12,13,23,25,26,28,29,31,,,,2.24,0.95,2.03,1*13
$GPGSV,4,1,13,5,37,122,41,12,22,036,38,13,16,032,20,15,07,057,25,1*5B
$GPGSV,4,2,13,18,66,265,,20,00,084,,21,09,141,,23,22,356,44,1*69
$GPGSV,4,3,13,25,55,021,53,26,24,225,24,28,23,290,17,29,57,153,31,1*68
$GPGSV,4,4,13,31,21,258,18,1*51
$GPRMC,165844.11,A,3001.74413,S,05112.75130,W,0.15,58.30,090926,,,A,V*1F
$GPGGA,165845.11,3001.74427,S,05112.75137,W,1,09,0.95,51.00,M,,M,,*47
$GPGLL,3001.74427,S,05112.75137,W,165845.11,A,A*6D
$GPGSA,A,3,05,12,13,23,25,26,28,29,31,,,,2.24,0.95,2.03,1*13
$GPGSV,4,1,13,5,37,122,40,12,22,036,38,13,16,032,20,15,07,057,25,1*5A
$GPGSV,4,2,13,18,66,265,,20,00,084,,21,09,141,,23,22,356,44,1*69
$GPGSV,4,3,13,25,55,021,53,26,24,225,25,28,23,290,17,29,57,153,32,1*6A
$GPGSV,4,4,13,31,21,258,19,1*50
$GPRMC,165845.11,A,3001.74427,S,05112.75137,W,0.06,58.30,090926,,,A,V*1C
$GPGGA,165846.11,3001.74441,S,05112.75160,W,1,09,0.95,51.09,M,,M,,*4F
$GPGLL,3001.74441,S,05112.75160,W,165846.11,A,A*6C
$GPGSA,A,3,05,12,13,23,25,26,28,29,31,,,,2.24,0.95,2.03,1*13
$GPGSV,4,1,13,5,37,122,40,12,22,036,38,13,16,032,20,15,07,057,,1*5D
$GPGSV,4,2,13,18,66,265,18,20,00,084,,21,09,141,,23,22,356,45,1*61
$GPGSV,4,3,13,25,55,021,53,26,24,225,25,28,23,290,17,29,57,153,32,1*6A
$GPGSV,4,4,13,31,21,258,19,1*50
$GPRMC,165846.11,A,3001.74441,S,05112.75160,W,0.07,58.30,090926,,,A,V*1C
$GPGGA,165847.11,3001.74437,S,05112.75158,W,1,09,0.95,51.13,M,,M,,*4F
$GPGLL,3001.74437,S,05112.75158,W,165847.11,A,A*67
$GPGSA,A,3,05,12,13,23,25,26,28,29,31,,,,2.24,0.95,2.03,1*13
$GPGSV,4,1,13,5,37,122,41,12,22,036,38,13,16,032,19,15,07,057,,1*56
$GPGSV,4,2,13,18,66,265,11,20,00,084,,21,09,141,,23,22,356,44,1*69
$GPGSV,4,3,13,25,55,021,52,26,24,225,25,28,23,290,18,29,57,153,32,1*64
$GPGSV,4,4,13,31,21,258,20,1*5A
$GPRMC,165847.11,A,3001.74437,S,05112.75158,W,0.04,58.30,090926,,,A,V*14
$GPGGA,165848.11,3001.74435,S,05112.75160,W,1,09,0.95,51.37,M,,M,,*4F
$GPGLL,3001.74435,S,05112.75160,W,165848.11,A,A*61
$GPGSA,A,3,05,12,13,23,25,26,28,29,31,,,,2.24,0.95,2.03,1*13
$GPGSV,4,1,13,5,37,122,41,12,22,036,37,13,16,032,18,15,07,057,,1*58
$GPGSV,4,2,13,18,66,265,07,20,00,084,,21,09,141,,23,22,356,45,1*6F
$GPGSV,4,3,13,25,55,021,53,26,24,225,26,28,23,290,17,29,57,153,33,1*68
$GPGSV,4,4,13,31,21,258,20,1*5A
$GPRMC,165848.11,A,3001.74435,S,05112.75160,W,0.02,58.30,090926,,,A,V*14
$GPGGA,165849.11,3001.74439,S,05112.75165,W,1,09,0.95,51.46,M,,M,,*41
$GPGLL,3001.74439,S,05112.75165,W,165849.11,A,A*69
$GPGSA,A,3,05,12,13,23,25,26,28,29,31,,,,2.24,0.95,2.03,1*13
$GPGSV,4,1,13,5,37,122,41,12,22,036,37,13,16,032,17,15,07,057,,1*57
$GPGSV,4,2,13,18,66,265,00,20,00,084,,21,09,141,,23,22,356,44,1*69
$GPGSV,4,3,13,25,55,021,53,26,24,225,25,28,23,290,18,29,57,153,33,1*64
$GPGSV,4,4,13,31,21,258,21,1*5B
$GPRMC,165849.11,A,3001.74439,S,05112.75165,W,0.07,58.30,090926,,,A,V*19
$GPGGA,165850.11,3001.74431,S,05112.75162,W,1,09,0.95,51.70,M,,M,,*43
$GPGLL,3001.74431,S,05112.75162,W,165850.11,A,A*6E
$GPGSA,A,3,05,12,13,23,25,26,28,29,31,,,,2.24,0.95,2.03,1*13
$GPGSV,4,1,13,5,37,122,41,12,22,036,38,13,16,032,17,15,07,057,,1*58
$GPGSV,4,2,13,18,66,265,,20,00,084,,21,09,141,,23,22,356,44,1*69
$GPGSV,4,3,13,25,55,021,52,26,24,225,25,28,23,290,18,29,57,153,33,1*65
$GPGSV,4,4,13,31,21,258,22,1*58
$GPRMC,165850.11,A,3001.74431,S,05112.75162,W,0.27,58.30,090926,,,A,V*1C
$GPGGA,165851.11,3001.74444,S,05112.75183,W,1,09,0.95,51.85,M,,M,,*45
$GPGLL,3001.74444,S,05112.75183,W,165851.11,A,A*62
$GPGSA,A,3,05,12,13,23,25,26,28,29,31,,,,2.24,0.95,2.03,1*13
$GPGSV,4,1,13,5,37,122,40,12,22,036,38,13,16,032,15,15,07,057,,1*5B
$GPGSV,4,2,13,18,66,265,,20,00,084,,21,09,141,,23,22,356,44,1*69
$GPGSV,4,3,13,25,55,021,52,26,24,225,24,28,23,290,19,29,57,153,33,1*65
$GPGSV,4,4,13,31,21,258,23,1*59
$GPRMC,165851.11,A,3001.74444,S,05112.75183,W,0.46,58.30,090926,,,A,V*17
$GPGGA,165852.11,3001.74457,S,05112.75205,W,1,09,0.95,51.95,M,,M,,*48
$GPGLL,3001.74457,S,05112.75205,W,165852.11,A,A*6E
$GPGSA,A,3,05,12,13,23,25,26,28,29,31,,,,2.24,0.95,2.03,1*13
$GPGSV,4,1,13,5,37,122,41,12,22,036,38,13,16,032,15,15,07,057,,1*5A
$GPGSV,4,2,13,18,66,265,22,20,00,084,,21,09,141,,23,22,356,44,1*69
$GPGSV,4,3,13,25,55,021,52,26,24,225,25,28,23,290,19,29,57,153,33,1*64
$GPGSV,4,4,13,31,21,258,23,1*59
$GPRMC,165852.11,A,3001.74457,S,05112.75205,W,0.19,58.30,090926,,,A,V*11
$GPGGA,165853.11,3001.74457,S,05112.75209,W,1,10,0.90,52.17,M,,M,,*41
$GPGLL,3001.74457,S,05112.75209,W,165853.11,A,A*63
$GPGSA,A,3,05,12,13,18,23,25,26,28,29,31,,,1.81,0.90,1.57,1*11
$GPGSV,4,1,13,5,37,122,41,12,22,036,38,13,16,032,16,15,07,057,,1*59
$GPGSV,4,2,13,18,66,265,21,20,00,084,,21,09,141,,23,22,356,45,1*6B
$GPGSV,4,3,13,25,55,021,52,26,24,225,25,28,23,290,19,29,57,153,33,1*64
$GPGSV,4,4,13,31,21,258,23,1*59
$GPRMC,165853.11,A,3001.74457,S,05112.75209,W,0.42,58.30,090926,,,A,V*12
$GPGGA,165854.11,3001.74465,S,05112.75213,W,1,10,0.90,52.27,M,,M,,*4F
$GPGLL,3001.74465,S,05112.75213,W,165854.11,A,A*6E
$GPGSA,A,3,05,12,13,18,23,25,26,28,29,31,,,1.81,0.90,1.57,1*11
$GPGSV,4,1,13,5,37,122,41,12,22,036,38,13,16,032,16,15,07,057,26,1*5D
$GPGSV,4,2,13,18,66,265,22,20,00,084,,21,09,141,,23,22,356,45,1*68
$GPGSV,4,3,13,25,55,021,52,26,24,225,24,28,23,290,19,29,57,153,33,1*65
$GPGSV,4,4,13,31,21,258,24,1*5E
$GPRMC,165854.11,A,3001.74465,S,05112.75213,W,0.11,58.30,090926,,,A,V*19
$GPGGA,165855.11,3001.74460,S,05112.75205,W,1,10,0.90,52.58,M,,M,,*44
$GPGLL,3001.74460,S,05112.75205,W,165855.11,A,A*6D
$GPGSA,A,3,05,12,13,18,23,25,26,28,29,31,,,1.81,0.90,1.57,1*11
$GPGSV,4,1,13,5,37,122,41,12,22,036,38,13,16,032,15,15,07,057,25,1*5D
$GPGSV,4,2,13,18,66,265,22,20,00,084,,21,09,141,,23,22,356,45,1*68
$GPGSV,4,3,13,25,55,021,52,26,24,225,24,28,23,290,20,29,57,153,33,1*6F
$GPGSV,4,4,13,31,21,258,24,1*5E
$GPRMC,165855.11,A,3001.74460,S,05112.75205,W,0.16,58.30,090926,,,A,V*1D
$GPGGA,165856.11,3001.74457,S,05112.75197,W,1,10,0.90,52.62,M,,M,,*42
$GPGLL,3001.74457,S,05112.75197,W,165856.11,A,A*62
$GPGSA,A,3,05,12,13,18,23,25,26,28,29,31,,,1.81,0.90,1.57,1*11
$GPGSV,4,1,13,5,37,122,41,12,22,036,38,13,16,032,15,15,07,057,24,1*5C
$GPGSV,4,2,13,18,66,265,23,20,00,084,,21,09,141,,23,22,356,44,1*68
$GPGSV,4,3,13,25,55,021,53,26,24,225,24,28,23,290,20,29,57,153,33,1*6E
$GPGSV,4,4,13,31,21,258,25,1*5F
$GPRMC,165856.11,A,3001.74457,S,05112.75197,W,0.11,58.30,090926,,,A,V*15
$GPGGA,165857.11,3001.74448,S,05112.75195,W,1,10,0.90,52.76,M,,M,,*4A
$GPGLL,3001.74448,S,05112.75195,W,165857.11,A,A*6F
$GPGSA,A,3,05,12,13,18,23,25,26,28,29,31,,,1.81,0.90,1.57,1*11
$GPGSV,4,1,13,5,37,122,41,12,22,036,38,13,16,032,15,15,07,057,25,1*5D
$GPGSV,4,2,13,18,66,265,23,20,00,084,,21,09,141,,23,22,356,44,1*68
$GPGSV,4,3,13,25,55,021,53,26,24,225,24,28,23,290,20,29,57,153,33,1*6E
$GPGSV,4,4,13,31,21,258,25,1*5F
$GPRMC,165857.11,A,3001.74448,S,05112.75195,W,0.14,58.30,090926,,,A,V*1D
$GPGGA,165858.11,3001.74440,S,05112.75186,W,1,10,0.90,52.91,M,,M,,*46
$GPGLL,3001.74440,S,05112.75186,W,165858.11,A,A*6A
$GPGSA,A,3,05,12,13,18,23,25,26,28,29,31,,,1.81,0.90,1.57,1*11
$GPGSV,4,1,13,5,37,122,40,12,22,036,38,13,16,032,15,15,07,057,,1*5B
$GPGSV,4,2,13,18,66,265,23,20,00,084,,21,09,141,,23,22,356,45,1*69
$GPGSV,4,3,13,25,55,021,53,26,24,225,23,28,23,290,19,29,57,153,33,1*63
$GPGSV,4,4,13,31,21,258,25,1*5F
$GPRMC,165858.11,A,3001.74440,S,05112.75186,W,0.14,58.30,090926,,,A,V*18
$GPGGA,165859.11,3001.74439,S,05112.75193,W,1,10,0.90,52.94,M,,M,,*48
$GPGLL,3001.74439,S,05112.75193,W,165859.11,A,A*61
$GPGSA,A,3,05,12,13,18,23,25,26,28,29,31,,,1.81,0.90,1.57,1*11
$GPGSV,4,1,13,5,37,122,40,12,22,036,38,13,16,032,14,15,07,057,,1*5A
$GPGSV,4,2,13,18,66,265,23,20,00,084,,21,09,141,,23,22,356,44,1*68
$GPGSV,4,3,13,25,55,021,52,26,24,225,23,28,23,290,20,29,57,153,33,1*68
$GPGSV,4,4,13,31,21,258,25,1*5F
$GPRMC,165859.11,A,3001.74439,S,05112.75193,W,0.17,58.30,090926,,,A,V*10
$GPGGA,165900.11,3001.74442,S,05112.75187,W,1,09,0.93,53.04,M,,M,,*4F
$GPGLL,3001.74442,S,05112.75187,W,165900.11,A,A*65
$GPGSA,A,3,05,12,18,23,25,26,28,29,31,,,,1.95,0.93,1.71,1*11
$GPGSV,4,1,13,5,37,122,40,12,22,036,37,13,16,032,10,15,07,057,25,1*56
$GPGSV,4,2,13,18,66,265,23,20,00,084,,21,09,141,19,23,22,356,45,1*61
$GPGSV,4,3,13,25,55,021,52,26,24,225,24,28,23,290,20,29,57,153,33,1*6F
$GPGSV,4,4,13,31,21,258,25,1*5F
$GPRMC,165900.11,A,3001.74442,S,05112.75187,W,0.13,58.30,090926,,,A,V*10
$GPGGA,165901.11,3001.74439,S,05112.75179,W,1,09,0.93,53.03,M,,M,,*44
$GPGLL,3001.74439,S,05112.75179,W,165901.11,A,A*69
$GPGSA,A,3,05,12,18,23,25,26,28,29,31,,,,1.95,0.93,1.71,1*11
$GPGSV,4,1,13,5,37,122,40,12,22,036,38,13,16,032,11,15,07,057,25,1*58
$GPGSV,4,2,13,18,66,265,23,20,00,084,,21,09,141,19,23,22,356,44,1*60
$GPGSV,4,3,13,25,55,021,52,26,24,225,22,28,23,290,19,29,57,153,33,1*63
$GPGSV,4,4,13,31,21,258,24,1*5E
$GPRMC,165901.11,A,3001.74439,S,05112.75179,W,0.12,58.30,090926,,,A,V*1D
$GPGGA,165902.11,3001.74452,S,05112.75177,W,1,09,0.93,52.93,M,,M,,*4C
$GPGLL,3001.74452,S,05112.75177,W,165902.11,A,A*69
$GPGSA,A,3,05,12,18,23,25,26,28,29,31,,,,1.95,0.93,1.71,1*11
$GPGSV,4,1,13,5,37,122,40,12,22,036,38,13,16,032,13,15,07,057,25,1*5A
$GPGSV,4,2,13,18,66,265,23,20,00,084,,21,09,141,11,23,22,356,45,1*69
$GPGSV,4,3,13,25,55,021,53,26,24,225,22,28,23,290,19,29,57,153,33,1*62
$GPGSV,4,4,13,31,21,258,24,1*5E
$GPRMC,165902.11,A,3001.74452,S,05112.75177,W,0.15,58.30,090926,,,A,V*1A
$GPGGA,165903.11,3001.74444,S,05112.75175,W,1,09,0.93,53.09,M,,M,,*4A
$GPGLL,3001.74444,S,05112.75175,W,165903.11,A,A*6D
$GPGSA,A,3,05,12,18,23,25,26,28,29,31,,,,1.95,0.93,1.71,1*11
$GPGSV,4,1,13,5,37,122,40,12,22,036,37,13,16,032,11,15,07,057,25,1*57
$GPGSV,4,2,13,18,66,265,23,20,00,084,,21,09,141,00,23,22,356,45,1*69
$GPGSV,4,3,13,25,55,021,53,26,24,225,22,28,23,290,19,29,57,153,33,1*62
$GPGSV,4,4,13,31,21,258,24,1*5E
$GPRMC,165903.11,A,3001.74444,S,05112.75175,W,0.10,58.30,090926,,,A,V*1B
$GPGGA,165904.11,3001.74443,S,05112.75175,W,1,09,0.93,53.09,M,,M,,*4A
$GPGLL,3001.74443,S,05112.75175,W,165904.11,A,A*6D
$GPGSA,A,3,05,12,18,23,25,26,28,29,31,,,,1.95,0.93,1.71,1*11
$GPGSV,4,1,14,5,37,122,40,12,22,036,38,13,16,032,02,15,07,057,,1*5A
$GPGSV,4,2,14,18,66,265,22,20,00,084,,21,09,141,04,23,22,356,45,1*6B
$GPGSV,4,3,14,25,55,021,52,26,24,225,22,28,23,290,20,29,57,153,33,1*6E
$GPGSV,4,4,14,31,21,258,24,201,,,30,1*69
$GPRMC,165904.11,A,3001.74443,S,05112.75175,W,0.08,58.30,090926,,,A,V*12
$GPGGA,165905.11,3001.74438,S,05112.75169,W,1,09,0.93,53.23,M,,M,,*42
$GPGLL,3001.74438,S,05112.75169,W,165905.11,A,A*6D
$GPGSA,A,3,05,12,18,23,25,26,28,29,31,,,,1.95,0.93,1.71,1*11
$GPGSV,4,1,14,5,37,122,40,12,22,036,38,13,16,032,07,15,07,057,,1*5F
$GPGSV,4,2,14,18,66,265,22,20,00,084,,21,09,141,25,23,22,356,44,1*69
$GPGSV,4,3,14,25,55,021,52,26,24,225,22,28,23,290,19,29,57,153,33,1*64
$GPGSV,4,4,14,31,21,258,24,201,,,32,1*6B
$GPRMC,165905.11,A,3001.74438,S,05112.75169,W,0.43,58.30,090926,,,A,V*1D
$GPGGA,165906.11,3001.74445,S,05112.75152,W,1,09,0.93,52.96,M,,M,,*4C
$GPGLL,3001.74445,S,05112.75152,W,165906.11,A,A*6C
$GPGSA,A,3,05,12,18,23,25,26,28,29,31,,,,1.95,0.93,1.71,1*11
$GPGSV,4,1,14,5,37,122,39,12,22,036,37,13,16,032,06,15,07,057,,1*5F
$GPGSV,4,2,14,18,66,265,21,20,00,084,,21,09,141,24,23,22,356,45,1*6A
$GPGSV,4,3,14,25,55,021,52,26,24,225,22,28,23,290,20,29,57,153,32,1*6F
$GPGSV,4,4,14,31,21,258,23,201,,,29,1*66
$GPRMC,165906.11,A,3001.74445,S,05112.75152,W,0.18,58.30,090926,,,A,V*12
$GPGGA,165907.11,3001.74448,S,05112.75150,W,1,09,0.93,53.03,M,,M,,*4F
$GPGLL,3001.74448,S,05112.75150,W,165907.11,A,A*62
$GPGSA,A,3,05,12,18,23,25,26,28,29,31,,,,1.95,0.93,1.71,1*11
$GPGSV,4,1,14,5,37,122,40,12,22,036,37,13,16,032,07,15,07,057,,1*50
$GPGSV,4,2,14,18,66,265,19,20,00,084,,21,09,141,24,23,22,356,44,1*60
$GPGSV,4,3,14,25,55,021,52,26,24,225,22,28,23,290,18,29,57,153,33,1*65
$GPGSV,4,4,14,31,21,258,23,201,,,27,1*68
$GPRMC,165907.11,A,3001.74448,S,05112.75150,W,0.11,58.30,090926,,,A,V*15
$GPGGA,165908.11,3001.74455,S,05112.75152,W,1,09,0.93,53.26,M,,M,,*49
$GPGLL,3001.74455,S,05112.75152,W,165908.11,A,A*63
$GPGSA,A,3,05,12,18,23,25,26,28,29,31,,,,1.95,0.93,1.71,1*11
$GPGSV,4,1,14,5,37,122,39,12,22,036,37,13,16,032,09,15,07,057,,1*50
$GPGSV,4,2,14,18,66,265,20,20,00,084,,21,09,141,24,23,22,356,45,1*6B
$GPGSV,4,3,14,25,55,021,52,26,24,225,22,28,23,290,18,29,57,153,33,1*65
$GPGSV,4,4,14,31,21,258,24,201,,,32,1*6B
$GPRMC,165908.11,A,3001.74455,S,05112.75152,W,0.30,58.30,090926,,,A,V*17
$GPGGA,165909.11,3001.74466,S,05112.75146,W,1,09,0.93,53.22,M,,M,,*49
$GPGLL,3001.74466,S,05112.75146,W,165909.11,A,A*67
$GPGSA,A,3,05,12,18,23,25,26,28,29,31,,,,1.95,0.93,1.71,1*11
$GPGSV,4,1,14,5,37,122,39,12,22,036,37,13,16,032,11,15,07,057,,1*59
$GPGSV,4,2,14,18,66,265,21,20,00,084,,21,09,141,,23,22,356,45,1*6C
$GPGSV,4,3,14,25,55,021,51,26,24,225,22,28,23,290,18,29,57,153,33,1*66
$GPGSV,4,4,14,31,21,258,24,193,,,25,1*65
$GPRMC,165909.11,A,3001.74466,S,05112.75146,W,0.11,58.30,090926,,,A,V*10
$GPGGA,165910.11,3001.74467,S,05112.75140,W,1,09,0.93,53.45,M,,M,,*47
$GPGLL,3001.74467,S,05112.75140,W,165910.11,A,A*68
$GPGSA,A,3,05,12,18,23,25,26,28,29,31,,,,1.95,0.93,1.71,1*11
$GPGSV,4,1,14,5,37,122,38,12,22,036,37,13,16,032,12,15,07,057,27,1*5E
$GPGSV,4,2,14,18,66,265,21,20,00,084,,21,09,141,,23,22,356,44,1*6D
$GPGSV,4,3,14,25,55,021,51,26,24,225,22,28,23,290,17,29,57,153,33,1*69
$GPGSV,4,4,14,31,21,258,24,201,,,31,1*68
$GPRMC,165910.11,A,3001.74467,S,05112.75140,W,0.20,58.30,090926,,,A,V*1D
$GPGGA,165911.11,3001.74467,S,05112.75124,W,1,09,0.93,53.58,M,,M,,*48
$GPGLL,3001.74467,S,05112.75124,W,165911.11,A,A*6B
$GPGSA,A,3,05,12,18,23,25,26,28,29,31,,,,1.95,0.93,1.71,1*11
$GPGSV,4,1,14,5,37,122,38,12,22,036,37,13,16,032,02,15,07,057,25,1*5D
$GPGSV,4,2,14,18,66,265,21,20,00,084,,21,09,141,,23,22,356,44,1*6D
$GPGSV,4,3,14,25,55,021,51,26,24,225,23,28,23,290,16,29,57,153,33,1*69
$GPGSV,4,4,14,31,21,258,25,201,,,31,1*69
$GPRMC,165911.11,A,3001.74467,S,05112.75124,W,0.16,58.30,090926,,,A,V*1B
$GPGGA,165912.11,3001.74467,S,05112.75124,W,1,09,0.93,53.83,M,,M,,*4D
$GPGLL,3001.74467,S,05112.75124,W,165912.11,A,A*68
$GPGSA,A,3,05,12,18,23,25,26,28,29,31,,,,1.95,0.93,1.71,1*11
$GPGSV,4,1,13,5,37,122,38,12,22,036,37,13,16,032,06,15,07,057,25,1*5E
$GPGSV,4,2,13,18,66,265,20,20,00,084,,21,09,141,,23,22,356,45,1*6A
$GPGSV,4,3,13,25,55,021,52,26,24,225,23,28,23,290,17,29,57,153,33,1*6C
$GPGSV,4,4,13,31,21,258,24,1*5E
$GPRMC,165912.11,A,3001.74467,S,05112.75124,W,0.06,58.30,090926,,,A,V*19
$GPGGA,165913.11,3001.74468,S,05112.75121,W,1,09,0.93,54.06,M,,M,,*4C
$GPGLL,3001.74468,S,05112.75121,W,165913.11,A,A*63
$GPGSA,A,3,05,12,18,23,25,26,28,29,31,,,,1.95,0.93,1.71,1*11
$GPGSV,4,1,14,5,37,122,39,12,22,036,37,13,16,032,11,15,07,057,25,1*5E
$GPGSV,4,2,14,18,66,265,20,20,00,084,,21,09,141,,23,22,356,45,1*6D
$GPGSV,4,3,14,25,55,021,52,26,24,225,23,28,23,290,17,29,57,153,33,1*6B
$GPGSV,4,4,14,31,21,258,24,193,,,27,1*67
$GPRMC,165913.11,A,3001.74468,S,05112.75121,W,0.13,58.30,090926,,,A,V*16
$GPGGA,165914.11,3001.74467,S,05112.75108,W,1,09,0.93,54.31,M,,M,,*4B
$GPGLL,3001.74467,S,05112.75108,W,165914.11,A,A*60
$GPGSA,A,3,05,12,18,23,25,26,28,29,31,,,,1.95,0.93,1.71,1*11
$GPGSV,4,1,15,5,37,122,39,12,22,036,37,13,16,032,12,15,07,057,,1*5B
$GPGSV,4,2,15,18,66,265,18,20,00,084,,21,09,141,,23,22,356,45,1*67
$GPGSV,4,3,15,25,55,021,52,26,24,225,23,28,23,290,16,29,57,153,33,1*6B
$GPGSV,4,4,15,31,21,258,24,193,,,25,197,,,28,1*51
$GPRMC,165914.11,A,3001.74467,S,05112.75108,W,0.27,58.30,090926,,,A,V*12
$GPGGA,165915.11,3001.74462,S,05112.75106,W,1,09,0.93,54.37,M,,M,,*47
$GPGLL,3001.74462,S,05112.75106,W,165915.11,A,A*6A
$GPGSA,A,3,05,12,18,23,25,26,28,29,31,,,,1.95,0.93,1.71,1*11
$GPGSV,4,1,15,5,37,122,40,12,22,036,37,13,16,032,09,15,07,057,,1*5F
$GPGSV,4,2,15,18,66,265,18,20,00,084,,21,09,141,,23,22,356,45,1*67
$GPGSV,4,3,15,25,55,021,52,26,24,225,23,28,23,290,17,29,57,153,33,1*6A
$GPGSV,4,4,15,31,21,258,25,193,,,24,197,,,28,1*51
$GPRMC,165915.11,A,3001.74462,S,05112.75106,W,0.21,58.30,090926,,,A,V*1E
$GPGGA,165916.11,3001.74453,S,05112.75099,W,1,09,0.93,54.67,M,,M,,*44
$GPGLL,3001.74453,S,05112.75099,W,165916.11,A,A*6C
$GPGSA,A,3,05,12,18,23,25,26,28,29,31,,,,1.95,0.93,1.71,1*11
$GPGSV,4,1,15,5,37,122,40,12,22,036,37,13,16,032,10,15,07,057,,1*57
$GPGSV,4,2,15,18,66,265,17,20,00,084,,21,09,141,,23,22,356,45,1*68
$GPGSV,4,3,15,25,55,021,53,26,24,225,24,28,23,290,17,29,57,153,34,1*6B
$GPGSV,4,4,15,31,21,258,25,193,,,24,201,,,25,1*50
$GPRMC,165916.11,A,3001.74453,S,05112.75099,W,0.23,58.30,090926,,,A,V*1A
$GPGGA,165917.11,3001.74441,S,05112.75080,W,1,09,0.93,54.80,M,,M,,*47
$GPGLL,3001.74441,S,05112.75080,W,165917.11,A,A*66
$GPGSA,A,3,05,12,18,23,25,26,28,29,31,,,,1.95,0.93,1.71,1*11
$GPGSV,4,1,14,5,37,122,40,12,22,036,36,13,16,032,11,15,07,057,,1*56
$GPGSV,4,2,14,18,66,265,17,20,00,084,,21,09,141,,23,22,356,45,1*69
$GPGSV,4,3,14,25,55,021,53,26,24,225,25,28,23,290,16,29,57,153,33,1*6D
$GPGSV,4,4,14,31,21,258,24,197,,,28,1*6C
$GPRMC,165917.11,A,3001.74441,S,05112.75080,W,0.18,58.30,090926,,,A,V*18
$GPGGA,165918.11,3001.74428,S,05112.75065,W,1,09,0.93,54.83,M,,M,,*4F
$GPGLL,3001.74428,S,05112.75065,W,165918.11,A,A*6D
$GPGSA,A,3,05,12,18,23,25,26,28,29,31,,,,1.95,0.93,1.71,1*11
$GPGSV,4,1,13,5,37,122,39,12,22,036,36,13,16,032,00,15,07,057,,1*5F
$GPGSV,4,2,13,18,66,265,17,20,00,084,,21,09,141,,23,22,356,45,1*6E
$GPGSV,4,3,13,25,55,021,53,26,24,225,24,28,23,290,17,29,57,153,33,1*6A
$GPGSV,4,4,13,31,21,258,23,1*59
$GPRMC,165918.11,A,3001.74428,S,05112.75065,W,0.15,58.30,090926,,,A,V*1E
$GPGGA,165919.11,3001.74416,S,05112.75050,W,1,09,0.93,54.88,M,,M,,*4E
$GPGLL,3001.74416,S,05112.75050,W,165919.11,A,A*67
$GPGSA,A,3,05,12,18,23,25,26,28,29,31,,,,1.95,0.93,1.71,1*11
$GPGSV,4,1,14,5,37,122,39,12,22,036,36,13,16,032,06,15,07,057,,1*5E
$GPGSV,4,2,14,18,66,265,18,20,00,084,,21,09,141,,23,22,356,45,1*66
$GPGSV,4,3,14,25,55,021,52,26,24,225,24,28,23,290,17,29,57,153,34,1*6B
$GPGSV,4,4,14,31,21,258,22,201,,,31,1*6E
$GPRMC,165919.11,A,3001.74416,S,05112.75050,W,0.20,58.30,090926,,,A,V*12
$GPGGA,165920.11,3001.74401,S,05112.75039,W,1,09,0.93,55.08,M,,M,,*44
$GPGLL,3001.74401,S,05112.75039,W,165920.11,A,A*64
$GPGSA,A,3,05,12,18,23,25,26,28,29,31,,,,1.95,0.93,1.71,1*11
$GPGSV,4,1,14,5,37,122,39,12,22,036,36,13,16,032,12,15,07,057,26,1*5F
$GPGSV,4,2,14,18,66,265,18,20,00,084,,21,09,141,,23,22,356,45,1*66
$GPGSV,4,3,14,25,55,021,52,26,24,225,25,28,23,290,17,29,57,153,34,1*6A
$GPGSV,4,4,14,31,21,258,21,201,,,30,1*6C
$GPRMC,165920.11,A,3001.74401,S,05112.75039,W,0.21,58.30,090926,,,A,V*10
$GPGGA,165921.11,3001.74388,S,05112.75006,W,1,09,0.93,55.01,M,,M,,*46
$GPGLL,3001.74388,S,05112.75006,W,165921.11,A,A*6F
$GPGSA,A,3,05,12,18,23,25,26,28,29,31,,,,1.95,0.93,1.71,1*11
$GPGSV,4,1,14,5,37,122,39,12,22,036,36,13,16,032,07,15,07,057,25,1*58
$GPGSV,4,2,14,18,66,265,18,20,00,084,,21,09,141,,23,22,356,45,1*66
$GPGSV,4,3,14,25,55,021,52,26,24,225,25,28,23,290,18,29,57,153,34,1*65
$GPGSV,4,4,14,31,21,258,21,201,,,32,1*6E
$GPRMC,165921.11,A,3001.74388,S,05112.75006,W,0.13,58.30,090926,,,A,V*1A
$GPGGA,165922.11,3001.74375,S,05112.74984,W,1,09,0.93,55.07,M,,M,,*43
$GPGLL,3001.74375,S,05112.74984,W,165922.11,A,A*6C
$GPGSA,A,3,05,12,18,23,25,26,28,29,31,,,,1.95,0.93,1.71,1*11
$GPGSV,4,1,13,5,37,122,39,12,22,036,36,13,16,032,00,15,07,057,24,1*59
$GPGSV,4,2,13,18,66,265,18,20,00,084,,21,09,141,,23,22,356,45,1*61
$GPGSV,4,3,13,25,55,021,52,26,24,225,25,28,23,290,18,29,57,153,34,1*62
$GPGSV,4,4,13,31,21,258,19,1*50
$GPRMC,165922.11,A,3001.74375,S,05112.74984,W,0.26,58.30,090926,,,A,V*1F
$GPGGA,165923.11,3001.74363,S,05112.74968,W,1,09,0.93,55.14,M,,M,,*45
$GPGLL,3001.74363,S,05112.74968,W,165923.11,A,A*68
$GPGSA,A,3,05,12,18,23,25,26,28,29,31,,,,1.95,0.93,1.71,1*11
$GPGSV,4,1,14,5,37,122,39,12,22,036,36,13,16,032,06,15,07,057,24,1*58
$GPGSV,4,2,14,18,66,265,19,20,00,084,,21,09,141,,23,22,356,45,1*67
$GPGSV,4,3,14,25,55,021,52,26,24,225,25,28,23,290,17,29,57,153,34,1*6A
$GPGSV,4,4,14,31,21,258,20,201,,,27,1*6B
$GPRMC,165923.11,A,3001.74363,S,05112.74968,W,0.21,58.30,090926,,,A,V*1C
$GPGGA,165924.11,3001.74356,S,05112.74964,W,1,09,0.93,55.30,M,,M,,*4E
$GPGLL,3001.74356,S,05112.74964,W,165924.11,A,A*65
$GPGSA,A,3,05,12,18,23,25,26,28,29,31,,,,1.95,0.93,1.71,1*11
$GPGSV,4,1,15,5,37,122,40,12,22,036,35,13,16,032,08,15,07,057,,1*5C
$GPGSV,4,2,15,18,66,265,20,20,00,084,,21,09,141,,23,22,356,45,1*6C
$GPGSV,4,3,15,25,55,021,53,26,24,225,25,28,23,290,19,29,57,153,34,1*64
$GPGSV,4,4,15,31,21,258,19,193,,,28,201,,,24,1*52
$GPRMC,165924.11,A,3001.74356,S,05112.74964,W,0.34,58.30,090926,,,A,V*15
$GPGGA,165925.11,3001.74349,S,05112.74960,W,1,09,0.93,55.12,M,,M,,*45
$GPGLL,3001.74349,S,05112.74960,W,165925.11,A,A*6E
$GPGSA,A,3,05,12,18,23,25,26,28,29,31,,,,1.95,0.93,1.71,1*11
$GPGSV,4,1,14,5,37,122,40,12,22,036,35,13,16,032,02,15,07,057,,1*57
$GPGSV,4,2,14,18,66,265,20,20,00,084,,21,09,141,,23,22,356,45,1*6D
$GPGSV,4,3,14,25,55,021,53,26,24,225,25,28,23,290,20,29,57,153,34,1*6F
$GPGSV,4,4,14,31,21,258,20,201,,,25,1*69
$GPRMC,165925.11,A,3001.74349,S,05112.74960,W,0.13,58.30,090926,,,A,V*1B
$GPGGA,165926.11,3001.74338,S,05112.74959,W,1,09,0.93,55.29,M,,M,,*42
$GPGLL,3001.74338,S,05112.74959,W,165926.11,A,A*61
$GPGSA,A,3,05,12,18,23,25,26,28,29,31,,,,1.95,0.93,1.71,1*11
$GPGSV,4,1,14,5,37,122,41,12,22,036,35,13,16,032,00,15,07,057,25,1*53
$GPGSV,4,2,14,18,66,265,21,20,00,084,,21,09,141,,23,22,356,45,1*6C
$GPGSV,4,3,14,25,55,021,52,26,24,225,25,28,23,290,21,29,57,153,34,1*6F
$GPGSV,4,4,14,31,21,258,20,201,,,24,1*68
$GPRMC,165926.11,A,3001.74338,S,05112.74959,W,0.15,58.30,090926,,,A,V*12
$GPGGA,165927.11,3001.74330,S,05112.74962,W,1,09,0.93,55.40,M,,M,,*4C
$GPGLL,3001.74330,S,05112.74962,W,165927.11,A,A*60
$GPGSA,A,3,05,12,18,23,25,26,28,29,31,,,,1.95,0.93,1.71,1*11
$GPGSV,4,1,14,5,37,122,41,12,22,036,35,13,16,032,02,15,07,057,25,1*51
$GPGSV,4,2,14,18,66,265,20,20,00,084,,21,09,141,,23,22,356,45,1*6D
$GPGSV,4,3,14,25,55,021,52,26,24,225,24,28,23,290,20,29,57,153,34,1*6F
$GPGSV,4,4,14,31,21,258,19,201,,,31,1*66
$GPRMC,165927.11,A,3001.74330,S,05112.74962,W,0.16,58.30,090926,,,A,V*10
$GPGGA,165928.11,3001.74322,S,05112.74967,W,1,09,0.93,55.55,M,,M,,*41
$GPGLL,3001.74322,S,05112.74967,W,165928.11,A,A*69
$GPGSA,A,3,05,12,18,23,25,26,28,29,31,,,,1.95,0.93,1.71,1*11
$GPGSV,4,1,14,5,37,122,41,12,22,036,35,13,16,032,04,15,07,057,25,1*57
$GPGSV,4,2,14,18,66,265,20,20,00,084,,21,09,141,,23,22,356,45,1*6D
$GPGSV,4,3,14,25,55,021,52,26,24,225,25,28,23,290,20,29,57,153,34,1*6E
$GPGSV,4,4,14,31,21,258,18,201,,,32,1*64
$GPRMC,165928.11,A,3001.74322,S,05112.74967,W,0.29,58.30,090926,,,A,V*15
$GPGGA,165929.11,3001.74317,S,05112.74967,W,1,09,0.93,55.53,M,,M,,*40
$GPGLL,3001.74317,S,05112.74967,W,165929.11,A,A*6E
$GPGSA,A,3,05,12,18,23,25,26,28,29,31,,,,1.95,0.93,1.71,1*11
$GPGSV,4,1,14,5,37,122,41,12,22,036,35,13,16,032,05,15,07,057,25,1*56
$GPGSV,4,2,14,18,66,265,21,20,00,084,,21,09,141,,23,22,356,45,1*6C
$GPGSV,4,3,14,25,55,021,52,26,24,225,25,28,23,290,20,29,57,153,34,1*6E
$GPGSV,4,4,14,31,21,258,20,201,,,28,1*64
$GPRMC,165929.11,A,3001.74317,S,05112.74967,W,0.16,58.30,090926,,,A,V*1E
$GPGGA,165930.11,3001.74305,S,05112.74965,W,1,09,0.93,55.79,M,,M,,*41
$GPGLL,3001.74305,S,05112.74965,W,165930.11,A,A*67
$GPGSA,A,3,05,12,18,23,25,26,28,29,31,,,,1.95,0.93,1.71,1*11
$GPGSV,4,1,15,5,37,122,41,12,21,036,36,13,15,032,07,15,08,057,,1*5E
$GPGSV,4,2,15,18,66,264,21,20,00,084,,21,08,141,,23,23,356,45,1*6C
$GPGSV,4,3,15,25,55,021,52,26,24,225,25,28,23,291,20,29,57,152,35,1*6E
$GPGSV,4,4,15,31,20,258,20,193,,,29,197,,,28,1*58
$GPRMC,165930.11,A,3001.74305,S,05112.74965,W,0.12,58.30,090926,,,A,V*13
$GPGGA,165931.11,3001.74296,S,05112.74959,W,1,09,0.93,56.09,M,,M,,*40
$GPGLL,3001.74296,S,05112.74959,W,165931.11,A,A*62
$GPGSA,A,3,05,12,18,23,25,26,28,29,31,,,,1.95,0.93,1.71,1*11
$GPGSV,4,1,14,5,37,122,41,12,21,036,36,13,15,032,09,15,08,057,,1*51
$GPGSV,4,2,14,18,66,264,21,20,00,084,,21,08,141,,23,23,356,45,1*6D
$GPGSV,4,3,14,25,55,021,51,26,24,225,25,28,23,291,20,29,57,152,35,1*6C
$GPGSV,4,4,14,31,20,258,20,201,,,30,1*6C
$GPRMC,165931.11,A,3001.74296,S,05112.74959,W,0.12,58.30,090926,,,A,V*16
$GPGGA,165932.11,3001.74288,S,05112.74956,W,1,09,0.93,56.41,M,,M,,*4F
$GPGLL,3001.74288,S,05112.74956,W,165932.11,A,A*61
$GPGSA,A,3,05,12,18,23,25,26,28,29,31,,,,1.95,0.93,1.71,1*11
$GPGSV,4,1,13,5,37,122,41,12,21,036,35,13,15,032,,15,08,057,,1*5C
$GPGSV,4,2,13,18,66,264,21,20,00,084,,21,08,141,,23,23,356,44,1*6B
$GPGSV,4,3,13,25,55,021,52,26,24,225,24,28,23,291,20,29,57,152,35,1*69
$GPGSV,4,4,13,31,20,258,20,1*5B
$GPRMC,165932.11,A,3001.74288,S,05112.74956,W,0.55,58.30,090926,,,A,V*16
$GPGGA,165933.11,3001.74289,S,05112.74974,W,1,09,0.93,56.49,M,,M,,*47
$GPGLL,3001.74289,S,05112.74974,W,165933.11,A,A*61
$GPGSA,A,3,05,12,18,23,25,26,28,29,31,,,,1.95,0.93,1.71,1*11
$GPGSV,4,1,14,5,37,122,41,12,21,036,35,13,15,032,,15,08,057,26,1*5F
$GPGSV,4,2,14,18,66,264,21,20,00,084,,21,08,141,,23,23,356,44,1*6C
$GPGSV,4,3,14,25,55,021,52,26,24,225,24,28,23,291,20,29,57,152,35,1*6E
$GPGSV,4,4,14,31,20,258,17,201,,,32,1*6A
$GPRMC,165933.11,A,3001.74289,S,05112.74974,W,0.38,58.30,090926,,,A,V*1D
$GPGGA,165934.11,3001.74285,S,05112.74966,W,1,09,0.93,56.60,M,,M,,*44
$GPGLL,3001.74285,S,05112.74966,W,165934.11,A,A*69
$GPGSA,A,3,05,12,18,23,25,26,28,29,31,,,,1.95,0.93,1.71,1*11
$GPGSV,4,1,13,5,37,122,41,12,21,036,35,13,15,032,,15,08,057,25,1*5B
$GPGSV,4,2,13,18,66,264,21,20,00,084,,21,08,141,,23,23,356,44,1*6B
$GPGSV,4,3,13,25,55,021,52,26,24,225,24,28,23,291,21,29,57,152,35,1*68
$GPGSV,4,4,13,31,20,258,17,1*5F
$GPRMC,165934.11,A,3001.74285,S,05112.74966,W,0.08,58.30,090926,,,A,V*16
$GPGGA,165935.11,3001.74278,S,05112.74967,W,1,09,0.93,56.72,M,,M,,*45
$GPGLL,3001.74278,S,05112.74967,W,165935.11,A,A*6B
$GPGSA,A,3,05,12,18,23,25,26,28,29,31,,,,1.95,0.93,1.71,1*11
$GPGSV,4,1,13,5,37,122,41,12,21,036,35,13,15,032,,15,08,057,25,1*5B
$GPGSV,4,2,13,18,66,264,22,20,00,084,,21,08,141,,23,23,356,44,1*68
$GPGSV,4,3,13,25,55,021,52,26,24,225,24,28,23,291,21,29,57,152,35,1*68
$GPGSV,4,4,13,31,20,258,18,1*50
$GPRMC,165935.11,A,3001.74278,S,05112.74967,W,0.24,58.30,090926,,,A,V*1A
$GPGGA,165936.11,3001.74273,S,05112.74963,W,1,09,0.93,56.82,M,,M,,*46
$GPGLL,3001.74273,S,05112.74963,W,165936.11,A,A*67
$GPGSA,A,3,05,12,18,23,25,26,28,29,31,,,,1.95,0.93,1.71,1*11
$GPGSV,4,1,13,5,37,122,41,12,21,036,35,13,15,032,,15,08,057,,1*5C
$GPGSV,4,2,13,18,66,264,23,20,00,084,,21,08,141,,23,23,356,45,1*68
$GPGSV,4,3,13,25,55,021,52,26,24,225,24,28,23,291,22,29,57,152,35,1*6B
$GPGSV,4,4,13,31,20,258,18,1*50
$GPRMC,165936.11,A,3001.74273,S,05112.74963,W,0.27,58.30,090926,,,A,V*15
$GPGGA,165937.11,3001.74278,S,05112.74956,W,1,09,0.93,56.65,M,,M,,*43
$GPGLL,3001.74278,S,05112.74956,W,165937.11,A,A*6B
$GPGSA,A,3,05,12,18,23,25,26,28,29,31,,,,1.95,0.93,1.71,1*11
$GPGSV,4,1,13,5,37,122,41,12,21,036,35,13,15,032,,15,08,057,25,1*5B
$GPGSV,4,2,13,18,66,264,23,20,00,084,,21,08,141,,23,23,356,44,1*69
$GPGSV,4,3,13,25,55,021,53,26,24,225,24,28,23,291,22,29,57,152,35,1*6A
$GPGSV,4,4,13,31,20,258,17,1*5F
$GPRMC,165937.11,A,3001.74278,S,05112.74956,W,0.27,58.30,090926,,,A,V*19
$GPGGA,165938.11,3001.74273,S,05112.74951,W,1,09,0.93,56.61,M,,M,,*44
$GPGLL,3001.74273,S,05112.74951,W,165938.11,A,A*68
$GPGSA,A,3,05,12,18,23,25,26,28,29,31,,,,1.95,0.93,1.71,1*11
$GPGSV,4,1,13,5,37,122,41,12,21,036,35,13,15,032,,15,08,057,25,1*5B
$GPGSV,4,2,13,18,66,264,22,20,00,084,,21,08,141,,23,23,356,45,1*69
$GPGSV,4,3,13,25,55,021,53,26,24,225,24,28,23,291,22,29,57,152,35,1*6A
$GPGSV,4,4,13,31,20,258,17,1*5F
$GPRMC,165938.11,A,3001.74273,S,05112.74951,W,0.09,58.30,090926,,,A,V*16
$GPGGA,165939.11,3001.74279,S,05112.74949,W,1,09,0.93,56.72,M,,M,,*44
$GPGLL,3001.74279,S,05112.74949,W,165939.11,A,A*6A
$GPGSA,A,3,05,12,18,23,25,26,28,29,31,,,,1.95,0.93,1.71,1*11
$GPGSV,4,1,13,5,37,122,40,12,21,036,35,13,15,032,,15,08,057,25,1*5A
$GPGSV,4,2,13,18,66,264,22,20,00,084,,21,08,141,,23,23,356,45,1*69
$GPGSV,4,3,13,25,55,021,52,26,24,225,24,28,23,291,22,29,57,152,35,1*6B
$GPGSV,4,4,13,31,20,258,18,1*50
$GPRMC,165939.11,A,3001.74279,S,05112.74949,W,0.28,58.30,090926,,,A,V*17
$GPGGA,165940.11,3001.74278,S,05112.74932,W,1,09,0.93,56.68,M,,M,,*4C
$GPGLL,3001.74278,S,05112.74932,W,165940.11,A,A*69
$GPGSA,A,3,05,12,18,23,25,26,28,29,31,,,,1.95,0.93,1.71,1*11
$GPGSV,4,1,13,5,37,122,40,12,21,036,35,13,15,032,,15,08,057,24,1*5B
$GPGSV,4,2,13,18,66,264,22,20,00,084,,21,08,141,,23,23,356,45,1*69
$GPGSV,4,3,13,25,55,021,52,26,24,225,24,28,23,291,22,29,57,152,35,1*6B
$GPGSV,4,4,13,31,20,258,19,1*51
$GPRMC,165940.11,A,3001.74278,S,05112.74932,W,0.14,58.30,090926,,,A,V*1B
$GPGGA,165941.11,3001.74273,S,05112.74928,W,1,09,0.93,56.80,M,,M,,*4B
$GPGLL,3001.74273,S,05112.74928,W,165941.11,A,A*68
$GPGSA,A,3,05,12,18,23,25,26,28,29,31,,,,1.95,0.93,1.71,1*11
$GPGSV,4,1,13,5,37,122,41,12,21,036,35,13,15,032,,15,08,057,,1*5C
$GPGSV,4,2,13,18,66,264,22,20,00,084,,21,08,141,,23,23,356,45,1*69
$GPGSV,4,3,13,25,55,021,52,26,24,225,24,28,23,291,23,29,57,152,35,1*6A
$GPGSV,4,4,13,31,20,258,20,1*5B
$GPRMC,165941.11,A,3001.74273,S,05112.74928,W,0.37,58.30,090926,,,A,V*1B
$GPGGA,165942.11,3001.74281,S,05112.74923,W,1,09,0.93,56.73,M,,M,,*42
$GPGLL,3001.74281,S,05112.74923,W,165942.11,A,A*6D
$GPGSA,A,3,05,12,18,23,25,26,28,29,31,,,,1.95,0.93,1.71,1*11
$GPGSV,4,1,13,5,37,122,41,12,21,036,35,13,15,032,,15,08,057,,1*5C
$GPGSV,4,2,13,18,66,264,22,20,00,084,,21,08,141,,23,23,356,44,1*68
$GPGSV,4,3,13,25,55,021,52,26,24,225,25,28,23,291,22,29,57,152,35,1*6A
$GPGSV,4,4,13,31,20,258,21,1*5A
$GPRMC,165942.11,A,3001.74281,S,05112.74923,W,0.20,58.30,090926,,,A,V*18
$GPGGA,165943.11,3001.74283,S,05112.74922,W,1,09,0.93,56.77,M,,M,,*44
$GPGLL,3001.74283,S,05112.74922,W,165943.11,A,A*6F
$GPGSA,A,3,05,12,18,23,25,26,28,29,31,,,,1.95,0.93,1.71,1*11
$GPGSV,4,1,13,5,37,122,41,12,21,036,35,13,15,032,,15,08,057,,1*5C
$GPGSV,4,2,13,18,66,264,22,20,00,084,,21,08,141,,23,23,356,44,1*68
$GPGSV,4,3,13,25,55,021,52,26,24,225,25,28,23,291,20,29,57,152,35,1*68
$GPGSV,4,4,13,31,20,258,22,1*59
$GPRMC,165943.11,A,3001.74283,S,05112.74922,W,0.31,58.30,090926,,,A,V*1A
$GPGGA,165944.11,3001.74283,S,05112.74909,W,1,09,0.93,56.70,M,,M,,*4D
$GPGLL,3001.74283,S,05112.74909,W,165944.11,A,A*61
$GPGSA,A,3,05,12,18,23,25,26,28,29,31,,,,1.95,0.93,1.71,1*11
$GPGSV,4,1,13,5,37,122,41,12,21,036,35,13,15,032,,15,08,057,,1*5C
$GPGSV,4,2,13,18,66,264,22,20,00,084,,21,08,141,,23,23,356,44,1*68
$GPGSV,4,3,13,25,55,021,52,26,24,225,24,28,23,291,19,29,57,152,35,1*63
$GPGSV,4,4,13,31,20,258,23,1*58
$GPRMC,165944.11,A,3001.74283,S,05112.74909,W,0.06,58.30,090926,,,A,V*10
$GPGGA,165945.11,3001.74274,S,05112.74912,W,1,09,0.93,56.75,M,,M,,*4B
$GPGLL,3001.74274,S,05112.74912,W,165945.11,A,A*62
$GPGSA,A,3,05,12,18,23,25,26,28,29,31,,,,1.95,0.93,1.71,1*11
$GPGSV,4,1,13,5,37,122,41,12,21,036,35,13,15,032,,15,08,057,26,1*58
$GPGSV,4,2,13,18,66,264,21,20,00,084,,21,08,141,,23,23,356,44,1*6B
$GPGSV,4,3,13,25,55,021,53,26,24,225,24,28,23,291,19,29,57,152,35,1*62
$GPGSV,4,4,13,31,20,258,23,1*58
$GPRMC,165945.11,A,3001.74274,S,05112.74912,W,0.14,58.30,090926,,,A,V*10
$GPGGA,165946.11,3001.74269,S,05112.74909,W,1,09,0.93,56.71,M,,M,,*4A
$GPGLL,3001.74269,S,05112.74909,W,165946.11,A,A*67
$GPGSA,A,3,05,12,18,23,25,26,28,29,31,,,,1.95,0.93,1.71,1*11
$GPGSV,4,1,13,5,37,122,41,12,21,036,34,13,15,032,18,15,08,057,25,1*53
$GPGSV,4,2,13,18,66,264,20,20,00,084,,21,08,141,,23,23,356,45,1*6B
$GPGSV,4,3,13,25,55,021,53,26,24,225,24,28,23,291,18,29,57,152,35,1*63
$GPGSV,4,4,13,31,20,258,22,1*59
$GPRMC,165946.11,A,3001.74269,S,05112.74909,W,0.51,58.30,090926,,,A,V*14
$GPGGA,165947.11,3001.74263,S,05112.74894,W,1,09,0.93,56.69,M,,M,,*4D
$GPGLL,3001.74263,S,05112.74894,W,165947.11,A,A*69
$GPGSA,A,3,05,12,18,23,25,26,28,29,31,,,,1.95,0.93,1.71,1*11
$GPGSV,4,1,13,5,37,122,41,12,21,036,35,13,15,032,13,15,08,057,25,1*59
$GPGSV,4,2,13,18,66,264,21,20,00,084,,21,08,141,,23,23,356,44,1*6B
$GPGSV,4,3,13,25,55,021,53,26,24,225,25,28,23,291,17,29,57,152,35,1*6D
$GPGSV,4,4,13,31,20,258,22,1*59
$GPRMC,165947.11,A,3001.74263,S,05112.74894,W,0.05,58.30,090926,,,A,V*1B
$GPGGA,165948.11,3001.74266,S,05112.74900,W,1,09,0.93,56.72,M,,M,,*41
$GPGLL,3001.74266,S,05112.74900,W,165948.11,A,A*6F
$GPGSA,A,3,05,12,18,23,25,26,28,29,31,,,,1.95,0.93,1.71,1*11
$GPGSV,4,1,13,5,37,122,41,12,21,036,35,13,15,032,11,15,08,057,,1*5C
$GPGSV,4,2,13,18,66,264,20,20,00,084,,21,08,141,,23,23,356,44,1*6A
$GPGSV,4,3,13,25,55,021,53,26,24,225,25,28,23,291,17,29,57,152,35,1*6D
$GPGSV,4,4,13,31,20,258,21,1*5A
$GPRMC,165948.11,A,3001.74266,S,05112.74900,W,0.03,58.30,090926,,,A,V*1B
$GPGGA,165949.11,3001.74269,S,05112.74904,W,1,09,0.93,56.70,M,,M,,*49
$GPGLL,3001.74269,S,05112.74904,W,165949.11,A,A*65
$GPGSA,A,3,05,12,18,23,25,26,28,29,31,,,,1.95,0.93,1.71,1*11
$GPGSV,4,1,13,5,37,122,40,12,21,036,35,13,15,032,09,15,08,057,,1*54
$GPGSV,4,2,13,18,66,264,19,20,00,084,,21,08,141,,23,23,356,44,1*60
$GPGSV,4,3,13,25,55,021,53,26,24,225,25,28,23,291,16,29,57,152,35,1*6C
$GPGSV,4,4,13,31,20,258,20,1*5B
$GPRMC,165949.11,A,3001.74269,S,05112.74904,W,0.12,58.30,090926,,,A,V*11
$GPGGA,165950.11,3001.74267,S,05112.74911,W,1,09,0.93,56.87,M,,M,,*43
$GPGLL,3001.74267,S,05112.74911,W,165950.11,A,A*67
$GPGSA,A,3,05,12,18,23,25,26,28,29,31,,,,1.95,0.93,1.71,1*11
$GPGSV,4,1,13,5,37,122,40,12,21,036,34,13,15,032,,15,08,057,,1*5C
$GPGSV,4,2,13,18,66,264,20,20,00,084,,21,08,141,,23,23,356,44,1*6A
$GPGSV,4,3,13,25,55,021,52,26,24,225,25,28,23,291,16,29,57,152,35,1*6D
$GPGSV,4,4,13,31,20,258,19,1*51
$GPRMC,165950.11,A,3001.74267,S,05112.74911,W,0.31,58.30,090926,,,A,V*12
$GPGGA,165951.11,3001.74262,S,05112.74914,W,1,09,0.93,56.97,M,,M,,*43
$GPGLL,3001.74262,S,05112.74914,W,165951.11,A,A*66
$GPGSA,A,3,05,12,18,23,25,26,28,29,31,,,,1.95,0.93,1.71,1*11
$GPGSV,4,1,13,5,37,122,40,12,21,036,34,13,15,032,,15,08,057,,1*5C
$GPGSV,4,2,13,18,66,264,20,20,00,084,,21,08,141,,23,23,356,44,1*6A
$GPGSV,4,3,13,25,55,021,52,26,24,225,25,28,23,291,17,29,57,152,36,1*6F
$GPGSV,4,4,13,31,20,258,17,1*5F
$GPRMC,165951.11,A,3001.74262,S,05112.74914,W,0.17,58.30,090926,,,A,V*17
$GPGGA,165952.11,3001.74268,S,05112.74926,W,1,09,0.93,56.91,M,,M,,*4D
$GPGLL,3001.74268,S,05112.74926,W,165952.11,A,A*6E
$GPGSA,A,3,05,12,18,23,25,26,28,29,31,,,,1.95,0.93,1.71,1*11
$GPGSV,4,1,13,5,37,122,41,12,21,036,35,13,15,032,,15,08,057,,1*5C
$GPGSV,4,2,13,18,66,264,19,20,00,084,,21,08,141,,23,23,356,44,1*60
$GPGSV,4,3,13,25,55,021,52,26,24,225,25,28,23,291,18,29,57,152,35,1*63
$GPGSV,4,4,13,31,20,258,15,1*5D
$GPRMC,165952.11,A,3001.74268,S,05112.74926,W,0.19,58.30,090926,,,A,V*11
$GPGGA,165953.11,3001.74263,S,05112.74931,W,1,09,0.93,56.81,M,,M,,*40
$GPGLL,3001.74263,S,05112.74931,W,165953.11,A,A*62
$GPGSA,A,3,05,12,18,23,25,26,28,29,31,,,,1.95,0.93,1.71,1*11
$GPGSV,4,1,13,5,37,122,41,12,21,036,35,13,15,032,,15,08,057,,1*5C
$GPGSV,4,2,13,18,66,264,19,20,00,084,,21,08,141,,23,23,356,44,1*60
$GPGSV,4,3,13,25,55,021,53,26,24,225,26,28,23,291,17,29,57,152,35,1*6E
$GPGSV,4,4,13,31,20,258,14,1*5C
$GPRMC,165953.11,A,3001.74263,S,05112.74931,W,0.06,58.30,090926,,,A,V*13
$GPGGA,165954.11,3001.74262,S,05112.74921,W,1,08,0.98,56.53,M,,M,,*42
$GPGLL,3001.74262,S,05112.74921,W,165954.11,A,A*65
$GPGSA,A,3,05,12,18,23,25,26,28,29,,,,,2.04,0.98,1.78,1*1A
$GPGSV,4,1,13,5,37,122,41,12,21,036,35,13,15,032,,15,08,057,27,1*59
$GPGSV,4,2,13,18,66,264,20,20,00,084,,21,08,141,,23,23,356,44,1*6A
$GPGSV,4,3,13,25,55,021,53,26,24,225,26,28,23,291,19,29,57,152,36,1*63
$GPGSV,4,4,13,31,20,258,13,1*5B
$GPRMC,165954.11,A,3001.74262,S,05112.74921,W,0.06,58.30,090926,,,A,V*14
$GPGGA,165955.11,3001.74256,S,05112.74930,W,1,08,0.98,56.45,M,,M,,*43
$GPGLL,3001.74256,S,05112.74930,W,165955.11,A,A*63
$GPGSA,A,3,05,12,18,23,25,26,28,29,,,,,2.04,0.98,1.78,1*1A
$GPGSV,4,1,13,5,37,122,41,12,21,036,34,13,15,032,,15,08,057,25,1*5A
$GPGSV,4,2,13,18,66,264,19,20,00,084,,21,08,141,,23,23,356,44,1*60
$GPGSV,4,3,13,25,55,021,53,26,24,225,26,28,23,291,20,29,57,152,36,1*69
$GPGSV,4,4,13,31,20,258,09,1*50
$GPRMC,165955.11,A,3001.74256,S,05112.74930,W,0.11,58.30,090926,,,A,V*14
$GPGGA,165956.11,3001.74258,S,05112.74938,W,1,08,0.98,56.37,M,,M,,*43
$GPGLL,3001.74258,S,05112.74938,W,165956.11,A,A*66
$GPGSA,A,3,05,12,18,23,25,26,28,29,,,,,2.04,0.98,1.78,1*1A
$GPGSV,4,1,13,5,37,122,42,12,21,036,35,13,15,032,,15,08,057,25,1*58
$GPGSV,4,2,13,18,66,264,19,20,00,084,,21,08,141,,23,23,356,44,1*60
$GPGSV,4,3,13,25,55,021,53,26,24,225,26,28,23,291,21,29,57,152,36,1*68
$GPGSV,4,4,13,31,20,258,09,1*50
$GPRMC,165956.11,A,3001.74258,S,05112.74938,W,0.05,58.30,090926,,,A,V*14
$GPGGA,165957.11,3001.74250,S,05112.74930,W,1,08,0.98,56.33,M,,M,,*46
$GPGLL,3001.74250,S,05112.74930,W,165957.11,A,A*67
$GPGSA,A,3,05,12,18,23,25,26,28,29,,,,,2.04,0.98,1.78,1*1A
$GPGSV,4,1,13,5,37,122,42,12,21,036,34,13,15,032,,15,08,057,,1*5E
$GPGSV,4,2,13,18,66,264,19,20,00,084,,21,08,141,,23,23,356,44,1*60
$GPGSV,4,3,13,25,55,021,53,26,24,225,26,28,23,291,21,29,57,152,36,1*68
$GPGSV,4,4,13,31,20,258,10,1*58
$GPRMC,165957.11,A,3001.74250,S,05112.74930,W,0.06,58.30,090926,,,A,V*16
$GPGGA,165958.11,3001.74251,S,05112.74933,W,1,08,0.98,56.39,M,,M,,*41
$GPGLL,3001.74251,S,05112.74933,W,165958.11,A,A*6A
$GPGSA,A,3,05,12,18,23,25,26,28,29,,,,,2.04,0.98,1.78,1*1A
$GPGSV,4,1,13,5,37,122,42,12,21,036,34,13,15,032,,15,08,057,,1*5E
$GPGSV,4,2,13,18,66,264,18,20,00,084,,21,08,141,,23,23,356,44,1*61
$GPGSV,4,3,13,25,55,021,53,26,24,225,26,28,23,291,22,29,57,152,36,1*6B
$GPGSV,4,4,13,31,20,258,11,1*59
$GPRMC,165958.11,A,3001.74251,S,05112.74933,W,0.26,58.30,090926,,,A,V*19
$GPGGA,165959.11,3001.74252,S,05112.74941,W,1,08,0.98,56.43,M,,M,,*4B
$GPGLL,3001.74252,S,05112.74941,W,165959.11,A,A*6D
$GPGSA,A,3,05,12,18,23,25,26,28,29,,,,,2.04,0.98,1.78,1*1A
$GPGSV,4,1,13,5,37,122,42,12,21,036,34,13,15,032,,15,08,057,26,1*5A
$GPGSV,4,2,13,18,66,264,18,20,00,084,,21,08,141,,23,23,356,44,1*61
$GPGSV,4,3,13,25,55,021,52,26,24,225,25,28,23,291,22,29,57,152,36,1*69
$GPGSV,4,4,13,31,20,258,15,1*5D
$GPRMC,165959.11,A,3001.74252,S,05112.74941,W,0.10,58.30,090926,,,A,V*1B
$GPGGA,170000.11,3001.74244,S,05112.74935,W,1,09,0.93,56.32,M,,M,,*42
$GPGLL,3001.74244,S,05112.74935,W,170000.11,A,A*68
$GPGSA,A,3,05,12,18,23,25,26,28,29,31,,,,1.95,0.93,1.71,1*11
$GPGSV,4,1,13,5,37,122,42,12,21,036,33,13,15,032,,15,08,057,25,1*5E
$GPGSV,4,2,13,18,66,264,18,20,00,084,,21,08,141,,23,23,356,45,1*60
$GPGSV,4,3,13,25,55,021,53,26,24,225,25,28,23,291,23,29,57,152,36,1*69
$GPGSV,4,4,13,31,20,258,17,1*5F
$GPRMC,170000.11,A,3001.74244,S,05112.74935,W,0.20,58.30,090926,,,A,V*1D
$GPGGA,170001.11,3001.74240,S,05112.74918,W,1,09,0.93,56.01,M,,M,,*48
$GPGLL,3001.74240,S,05112.74918,W,170001.11,A,A*62
$GPGSA,A,3,05,12,18,23,25,26,28,29,31,,,,1.95,0.93,1.71,1*11
$GPGSV,4,1,13,5,37,122,41,12,21,036,34,13,15,032,,15,08,057,28,1*57
$GPGSV,4,2,13,18,66,264,18,20,00,084,,21,08,141,,23,23,356,45,1*60
$GPGSV,4,3,13,25,55,021,52,26,24,225,25,28,23,291,23,29,57,152,36,1*68
$GPGSV,4,4,13,31,20,258,17,1*5F
$GPRMC,170001.11,A,3001.74240,S,05112.74918,W,0.21,58.30,090926,,,A,V*16
$GPGGA,170002.11,3001.74230,S,05112.74908,W,1,09,0.93,55.85,M,,M,,*42
$GPGLL,3001.74230,S,05112.74908,W,170002.11,A,A*67
$GPGSA,A,3,05,12,18,23,25,26,28,29,31,,,,1.95,0.93,1.71,1*11
$GPGSV,4,1,13,5,37,122,40,12,21,036,34,13,15,032,,15,08,057,25,1*5B
$GPGSV,4,2,13,18,66,264,17,20,00,084,,21,08,141,,23,23,356,44,1*6E
$GPGSV,4,3,13,25,55,021,52,26,24,225,25,28,23,291,23,29,57,152,36,1*68
$GPGSV,4,4,13,31,20,258,15,1*5D
$GPRMC,170002.11,A,3001.74230,S,05112.74908,W,0.14,58.30,090926,,,A,V*15
$GPGGA,170003.11,3001.74225,S,05112.74894,W,1,09,0.93,55.62,M,,M,,*4A
$GPGLL,3001.74225,S,05112.74894,W,170003.11,A,A*66
$GPGSA,A,3,05,12,18,23,25,26,28,29,31,,,,1.95,0.93,1.71,1*11
$GPGSV,4,1,13,5,37,122,40,12,21,036,33,13,15,032,,15,08,057,24,1*5D
$GPGSV,4,2,13,18,66,264,17,20,00,084,,21,08,141,,23,23,356,44,1*6E
$GPGSV,4,3,13,25,55,021,52,26,24,225,25,28,23,291,24,29,57,152,36,1*6F
$GPGSV,4,4,13,31,20,258,13,1*5B
$GPRMC,170003.11,A,3001.74225,S,05112.74894,W,0.08,58.30,090926,,,A,V*19
$GPGGA,170004.11,3001.74216,S,05112.74888,W,1,08,0.98,55.52,M,,M,,*49
$GPGLL,3001.74216,S,05112.74888,W,170004.11,A,A*6C
$GPGSA,A,3,05,12,18,23,25,26,28,29,,,,,2.04,0.98,1.79,1*1B
$GPGSV,4,1,13,5,37,122,40,12,21,036,33,13,15,032,,15,08,057,25,1*5C
$GPGSV,4,2,13,18,66,264,17,20,00,084,,21,08,141,,23,23,356,44,1*6E
$GPGSV,4,3,13,25,55,021,53,26,24,225,25,28,23,291,24,29,57,152,36,1*6E
$GPGSV,4,4,13,31,20,258,13,1*5B
$GPRMC,170004.11,A,3001.74216,S,05112.74888,W,0.08,58.30,090926,,,A,V*13
$GPGGA,170005.11,3001.74209,S,05112.74874,W,1,08,0.98,55.12,M,,M,,*41
$GPGLL,3001.74209,S,05112.74874,W,170005.11,A,A*60
$GPGSA,A,3,05,12,18,23,25,26,28,29,,,,,2.04,0.98,1.79,1*1B
$GPGSV,4,1,13,5,37,122,40,12,21,036,33,13,15,032,,15,08,057,,1*5B
$GPGSV,4,2,13,18,66,264,18,20,00,084,,21,08,141,,23,23,356,44,1*61
$GPGSV,4,3,13,25,55,021,52,26,24,225,25,28,23,291,24,29,57,152,36,1*6F
$GPGSV,4,4,13,31,20,258,07,1*5E
$GPRMC,170005.11,A,3001.74209,S,05112.74874,W,0.07,58.30,090926,,,A,V*10
$GPGGA,170006.11,3001.74205,S,05112.74867,W,1,08,0.98,55.18,M,,M,,*46
$GPGLL,3001.74205,S,05112.74867,W,170006.11,A,A*6D
$GPGSA,A,3,05,12,18,23,25,26,28,29,,,,,2.04,0.98,1.79,1*1B
$GPGSV,4,1,13,5,37,122,40,12,21,036,33,13,15,032,,15,08,057,,1*5B
$GPGSV,4,2,13,18,66,264,17,20,00,084,,21,08,141,,23,23,356,44,1*6E
$GPGSV,4,3,13,25,55,021,52,26,24,225,23,28,23,291,24,29,57,152,36,1*69
$GPGSV,4,4,13,31,20,258,09,1*50
$GPRMC,170006.11,A,3001.74205,S,05112.74867,W,0.01,58.30,090926,,,A,V*1B
$GPGGA,170007.11,3001.74201,S,05112.74857,W,1,08,0.98,55.11,M,,M,,*49
$GPGLL,3001.74201,S,05112.74857,W,170007.11,A,A*6B
$GPGSA,A,3,05,12,18,23,25,26,28,29,,,,,2.04,0.98,1.79,1*1B
$GPGSV,4,1,13,5,37,122,41,12,21,036,33,13,15,032,,15,08,057,,1*5A
$GPGSV,4,2,13,18,66,264,17,20,00,084,,21,08,141,,23,23,356,44,1*6E
$GPGSV,4,3,13,25,55,021,53,26,24,225,23,28,23,291,25,29,57,152,36,1*69
$GPGSV,4,4,13,31,20,258,03,1*5A
$GPRMC,170007.11,A,3001.74201,S,05112.74857,W,0.10,58.30,090926,,,A,V*1D
$GPGGA,170008.11,3001.74206,S,05112.74846,W,1,08,0.98,55.05,M,,M,,*44
$GPGLL,3001.74206,S,05112.74846,W,170008.11,A,A*63
$GPGSA,A,3,05,12,18,23,25,26,28,29,,,,,2.04,0.98,1.79,1*1B
$GPGSV,4,1,14,5,37,122,41,12,21,036,33,13,15,032,,15,08,057,,1*5D
$GPGSV,4,2,14,18,66,264,18,20,00,084,,21,08,141,,23,23,356,44,1*66
$GPGSV,4,3,14,25,55,021,52,26,24,225,22,28,23,291,25,29,57,152,36,1*6E
$GPGSV,4,4,14,31,20,258,12,201,,,26,1*6A
$GPRMC,170008.11,A,3001.74206,S,05112.74846,W,0.24,58.30,090926,,,A,V*12
$GPGGA,170009.11,3001.74205,S,05112.74838,W,1,08,0.98,55.11,M,,M,,*4A
$GPGLL,3001.74205,S,05112.74838,W,170009.11,A,A*68
$GPGSA,A,3,05,12,18,23,25,26,28,29,,,,,2.04,0.98,1.79,1*1B
$GPGSV,4,1,14,5,37,122,41,12,21,036,33,13,15,032,,15,08,057,,1*5D
$GPGSV,4,2,14,18,66,264,18,20,00,084,,21,08,141,,23,23,356,44,1*66
$GPGSV,4,3,14,25,55,021,52,26,24,225,21,28,23,291,26,29,57,152,36,1*6E
$GPGSV,4,4,14,31,20,258,16,201,,,25,1*6D
$GPRMC,170009.11,A,3001.74205,S,05112.74838,W,0.15,58.30,090926,,,A,V*1B
$GPGGA,170010.11,3001.74209,S,05112.74819,W,1,09,0.93,54.76,M,,M,,*47
$GPGLL,3001.74209,S,05112.74819,W,170010.11,A,A*6F
$GPGSA,A,3,05,12,18,23,25,26,28,29,31,,,,1.95,0.93,1.71,1*11
$GPGSV,4,1,14,5,37,122,41,12,21,036,33,13,15,032,,15,08,057,,1*5D
$GPGSV,4,2,14,18,66,264,18,20,00,084,,21,08,141,,23,23,356,44,1*66
$GPGSV,4,3,14,25,55,021,53,26,24,225,21,28,23,291,27,29,57,152,36,1*6E
$GPGSV,4,4,14,31,20,258,16,201,,,25,1*6D
$GPRMC,170010.11,A,3001.74209,S,05112.74819,W,0.06,58.30,090926,,,A,V*1E
$GPGGA,170011.11,3001.74209,S,05112.74817,W,1,09,0.93,54.78,M,,M,,*46
$GPGLL,3001.74209,S,05112.74817,W,170011.11,A,A*60
$GPGSA,A,3,05,12,18,23,25,26,28,29,31,,,,1.95,0.93,1.71,1*11
$GPGSV,4,1,13,5,37,122,41,12,21,036,33,13,15,032,,15,08,057,,1*5A
$GPGSV,4,2,13,18,66,264,18,20,00,084,,21,08,141,,23,23,356,44,1*61
$GPGSV,4,3,13,25,55,021,53,26,24,225,20,28,23,291,27,29,57,152,36,1*68
$GPGSV,4,4,13,31,20,258,16,1*5E
$GPRMC,170011.11,A,3001.74209,S,05112.74817,W,0.04,58.30,090926,,,A,V*13
$GPGGA,170012.11,3001.74219,S,05112.74816,W,1,09,0.93,54.67,M,,M,,*4B
$GPGLL,3001.74219,S,05112.74816,W,170012.11,A,A*63
$GPGSA,A,3,05,12,18,23,25,26,28,29,31,,,,1.95,0.93,1.71,1*11
$GPGSV,4,1,13,5,37,122,41,12,21,036,33,13,15,032,,15,08,057,,1*5A
$GPGSV,4,2,13,18,66,264,17,20,00,084,,21,08,141,,23,23,356,44,1*6E
$GPGSV,4,3,13,25,55,021,53,26,24,225,19,28,23,291,28,29,57,152,37,1*6C
$GPGSV,4,4,13,31,20,258,14,1*5C
$GPRMC,170012.11,A,3001.74219,S,05112.74816,W,0.12,58.30,090926,,,A,V*17
$GPGGA,170013.11,3001.74224,S,05112.74824,W,1,09,0.93,54.60,M,,M,,*42
$GPGLL,3001.74224,S,05112.74824,W,170013.11,A,A*6D
$GPGSA,A,3,05,12,18,23,25,26,28,29,31,,,,1.95,0.93,1.71,1*11
$GPGSV,4,1,13,5,37,122,41,12,21,036,33,13,15,032,,15,08,057,25,1*5D
$GPGSV,4,2,13,18,66,264,17,20,00,084,,21,08,141,,23,23,356,44,1*6E
$GPGSV,4,3,13,25,55,021,53,26,24,225,19,28,23,291,28,29,57,152,37,1*6C
$GPGSV,4,4,13,31,20,258,15,1*5D
$GPRMC,170013.11,A,3001.74224,S,05112.74824,W,0.09,58.30,090926,,,A,V*13
$GPGGA,170014.11,3001.74222,S,05112.74822,W,1,09,0.93,54.54,M,,M,,*42
$GPGLL,3001.74222,S,05112.74822,W,170014.11,A,A*6A
$GPGSA,A,3,05,12,18,23,25,26,28,29,31,,,,1.95,0.93,1.71,1*11
$GPGSV,4,1,13,5,37,122,41,12,21,036,33,13,15,032,23,15,08,057,25,1*5C
$GPGSV,4,2,13,18,66,264,18,20,00,084,,21,08,141,,23,23,356,44,1*61
$GPGSV,4,3,13,25,55,021,53,26,24,225,19,28,23,291,28,29,57,152,37,1*6C
$GPGSV,4,4,13,31,20,258,17,1*5F
$GPRMC,170014.11,A,3001.74222,S,05112.74822,W,0.09,58.30,090926,,,A,V*14
$GPGGA,170015.11,3001.74216,S,05112.74819,W,1,09,0.93,54.60,M,,M,,*4B
$GPGLL,3001.74216,S,05112.74819,W,170015.11,A,A*64
$GPGSA,A,3,05,12,18,23,25,26,28,29,31,,,,1.95,0.93,1.71,1*11
$GPGSV,4,1,13,5,37,122,41,12,21,036,33,13,15,032,17,15,08,057,25,1*5B
$GPGSV,4,2,13,18,66,264,20,20,00,084,,21,08,141,,23,23,356,44,1*6A
$GPGSV,4,3,13,25,55,021,53,26,24,225,19,28,23,291,28,29,57,152,37,1*6C
$GPGSV,4,4,13,31,20,258,17,1*5F
$GPRMC,170015.11,A,3001.74216,S,05112.74819,W,0.07,58.30,090926,,,A,V*14
$GPGGA,170016.11,3001.74213,S,05112.74813,W,1,09,0.93,54.61,M,,M,,*46
$GPGLL,3001.74213,S,05112.74813,W,170016.11,A,A*68
$GPGSA,A,3,05,12,18,23,25,26,28,29,31,,,,1.95,0.93,1.71,1*11
$GPGSV,4,1,14,5,37,122,40,12,21,036,33,13,15,032,13,15,08,057,25,1*59
$GPGSV,4,2,14,18,66,264,21,20,00,084,,21,08,141,,23,23,356,44,1*6C
$GPGSV,4,3,14,25,55,021,53,26,24,225,20,28,23,291,28,29,57,152,36,1*60
$GPGSV,4,4,14,31,20,258,17,197,,,41,1*62
$GPRMC,170016.11,A,3001.74213,S,05112.74813,W,0.17,58.30,090926,,,A,V*19
$GPGGA,170017.11,3001.74207,S,05112.74815,W,1,09,0.93,54.59,M,,M,,*4F
$GPGLL,3001.74207,S,05112.74815,W,170017.11,A,A*6A
$GPGSA,A,3,05,12,18,23,25,26,28,29,31,,,,1.95,0.93,1.71,1*11
$GPGSV,4,1,15,5,37,122,40,12,21,036,33,13,15,032,13,15,08,057,,1*5F
$GPGSV,4,2,15,18,66,264,20,20,00,084,,21,08,141,,23,23,356,45,1*6D
$GPGSV,4,3,15,25,55,021,53,26,24,225,18,28,23,291,28,29,57,152,36,1*6A
$GPGSV,4,4,15,31,20,258,16,193,,,26,197,,,27,1*5D
$GPRMC,170017.11,A,3001.74207,S,05112.74815,W,0.19,58.30,090926,,,A,V*15
$GPGGA,170018.11,3001.74203,S,05112.74817,W,1,09,0.93,54.45,M,,M,,*4B
$GPGLL,3001.74203,S,05112.74817,W,170018.11,A,A*63
$GPGSA,A,3,05,12,18,23,25,26,28,29,31,,,,1.95,0.93,1.71,1*11
$GPGSV,4,1,15,5,37,122,41,12,21,036,33,13,15,032,27,15,08,057,,1*59
$GPGSV,4,2,15,18,66,264,20,20,00,084,,21,08,141,,23,23,356,45,1*6D
$GPGSV,4,3,15,25,55,021,53,26,24,225,18,28,23,291,28,29,57,152,36,1*6A
$GPGSV,4,4,15,31,20,258,16,193,,,24,197,,,25,1*5D
$GPRMC,170018.11,A,3001.74203,S,05112.74817,W,0.06,58.30,090926,,,A,V*12
$GPGGA,170019.11,3001.74194,S,05112.74812,W,1,09,0.93,54.53,M,,M,,*45
$GPGLL,3001.74194,S,05112.74812,W,170019.11,A,A*6A
$GPGSA,A,3,05,12,18,23,25,26,28,29,31,,,,1.95,0.93,1.71,1*11
$GPGSV,4,1,15,5,37,122,41,12,21,036,33,13,15,032,25,15,08,057,,1*5B
$GPGSV,4,2,15,18,66,264,19,20,00,084,,21,08,141,,23,23,356,44,1*66
$GPGSV,4,3,15,25,55,021,53,26,24,225,18,28,23,291,28,29,57,152,37,1*6B
$GPGSV,4,4,15,31,20,258,15,193,,,24,197,,,24,1*5F
$GPRMC,170019.11,A,3001.74194,S,05112.74812,W,0.03,58.30,090926,,,A,V*1E
$GPGGA,170020.11,3001.74197,S,05112.74825,W,1,09,0.93,54.54,M,,M,,*4F
$GPGLL,3001.74197,S,05112.74825,W,170020.11,A,A*67
$GPGSA,A,3,05,12,18,23,25,26,28,29,31,,,,1.95,0.93,1.71,1*11
$GPGSV,4,1,14,5,37,122,41,12,21,036,33,13,15,032,24,15,08,057,,1*5B
$GPGSV,4,2,14,18,66,264,18,20,00,084,,21,08,141,,23,23,356,44,1*66
$GPGSV,4,3,14,25,55,021,53,26,24,225,19,28,23,291,27,29,57,152,36,1*65
$GPGSV,4,4,14,31,20,258,15,193,,,24,1*67
$GPRMC,170020.11,A,3001.74197,S,05112.74825,W,0.06,58.30,090926,,,A,V*16
$GPGGA,170021.11,3001.74205,S,05112.74828,W,1,09,0.93,54.32,M,,M,,*4B
$GPGLL,3001.74205,S,05112.74828,W,170021.11,A,A*63
$GPGSA,A,3,05,12,18,23,25,26,28,29,31,,,,1.95,0.93,1.71,1*11
$GPGSV,4,1,15,5,37,122,41,12,21,036,32,13,15,032,24,15,08,057,,1*5B
$GPGSV,4,2,15,18,66,264,19,20,00,084,,21,08,141,,23,23,356,44,1*66
$GPGSV,4,3,15,25,55,021,53,26,24,225,20,28,23,291,27,29,57,152,36,1*6E
$GPGSV,4,4,15,31,20,258,14,193,,,30,197,,,25,1*5A
$GPRMC,170021.11,A,3001.74205,S,05112.74828,W,0.08,58.30,090926,,,A,V*1C
$GPGGA,170022.11,3001.74204,S,05112.74836,W,1,09,0.93,54.24,M,,M,,*41
$GPGLL,3001.74204,S,05112.74836,W,170022.11,A,A*6E
$GPGSA,A,3,05,12,18,23,25,26,28,29,31,,,,1.95,0.93,1.71,1*11
$GPGSV,4,1,15,5,37,122,41,12,21,036,32,13,15,032,,15,08,057,26,1*59
$GPGSV,4,2,15,18,66,264,19,20,00,084,,21,08,141,,23,23,356,44,1*66
$GPGSV,4,3,15,25,55,021,53,26,24,225,20,28,23,291,26,29,57,152,36,1*6F
$GPGSV,4,4,15,31,20,258,15,197,,,24,201,,,27,1*54
$GPRMC,170022.11,A,3001.74204,S,05112.74836,W,0.20,58.30,090926,,,A,V*1B
$GPGGA,170023.11,3001.74210,S,05112.74843,W,1,09,0.93,53.99,M,,M,,*46
$GPGLL,3001.74210,S,05112.74843,W,170023.11,A,A*68
$GPGSA,A,3,05,12,18,23,25,26,28,29,31,,,,1.95,0.93,1.71,1*11
$GPGSV,4,1,15,5,37,122,41,12,21,036,32,13,15,032,,15,08,057,25,1*5A
$GPGSV,4,2,15,18,66,264,19,20,00,084,,21,08,141,,23,23,356,44,1*66
$GPGSV,4,3,15,25,55,021,53,26,24,225,20,28,23,291,26,29,57,152,37,1*6E
$GPGSV,4,4,15,31,20,258,15,197,,,24,201,,,25,1*56
$GPRMC,170023.11,A,3001.74210,S,05112.74843,W,0.04,58.30,090926,,,A,V*1B
$GPGGA,170024.11,3001.74202,S,05112.74842,W,1,09,0.93,54.04,M,,M,,*40
$GPGLL,3001.74202,S,05112.74842,W,170024.11,A,A*6D
$GPGSA,A,3,05,12,18,23,25,26,28,29,31,,,,1.95,0.93,1.71,1*11
$GPGSV,4,1,15,5,37,122,41,12,21,036,32,13,15,032,,15,08,057,25,1*5A
$GPGSV,4,2,15,18,66,264,19,20,00,084,,21,08,141,,23,23,356,44,1*66
$GPGSV,4,3,15,25,55,021,53,26,24,225,20,28,23,291,25,29,57,152,37,1*6D
$GPGSV,4,4,15,31,20,258,14,197,,,24,201,,,26,1*54
$GPRMC,170024.11,A,3001.74202,S,05112.74842,W,0.03,58.30,090926,,,A,V*19
$GPGGA,170025.11,3001.74212,S,05112.74850,W,1,09,0.93,53.89,M,,M,,*41
$GPGLL,3001.74212,S,05112.74850,W,170025.11,A,A*6E
$GPGSA,A,3,05,12,18,23,25,26,28,29,31,,,,1.95,0.93,1.71,1*11
$GPGSV,4,1,15,5,37,122,41,12,21,036,31,13,15,032,,15,08,057,25,1*59
$GPGSV,4,2,15,18,66,264,20,20,00,084,,21,08,141,,23,23,356,44,1*6C
$GPGSV,4,3,15,25,55,021,53,26,24,225,20,28,23,291,24,29,57,152,37,1*6C
$GPGSV,4,4,15,31,20,258,15,193,,,25,197,,,26,1*5C
$GPRMC,170025.11,A,3001.74212,S,05112.74850,W,0.09,58.30,090926,,,A,V*10
$GPGGA,170026.11,3001.74213,S,05112.74861,W,1,09,0.93,53.93,M,,M,,*4A
$GPGLL,3001.74213,S,05112.74861,W,170026.11,A,A*6E
$GPGSA,A,3,05,12,18,23,25,26,28,29,31,,,,1.95,0.93,1.71,1*11
$GPGSV,4,1,15,5,37,122,42,12,21,036,32,13,15,032,,15,08,057,,1*5E
$GPGSV,4,2,15,18,66,264,20,20,00,084,,21,08,141,,23,23,356,44,1*6C
$GPGSV,4,3,15,25,55,021,53,26,24,225,20,28,23,291,24,29,57,152,37,1*6C
$GPGSV,4,4,15,31,20,258,16,193,,,25,197,,,26,1*5F
$GPRMC,170026.11,A,3001.74213,S,05112.74861,W,0.15,58.30,090926,,,A,V*1D
$GPGGA,170027.11,3001.74217,S,05112.74861,W,1,09,0.93,53.96,M,,M,,*4A
$GPGLL,3001.74217,S,05112.74861,W,170027.11,A,A*6B
$GPGSA,A,3,05,12,18,23,25,26,28,29,31,,,,1.95,0.93,1.71,1*11
$GPGSV,4,1,14,5,37,122,41,12,21,036,32,13,15,032,,15,08,057,,1*5C
$GPGSV,4,2,14,18,66,264,20,20,00,084,,21,08,141,,23,23,356,44,1*6D
$GPGSV,4,3,14,25,55,021,53,26,24,225,20,28,23,291,24,29,57,152,36,1*6C
$GPGSV,4,4,14,31,20,258,15,193,,,25,1*66
$GPRMC,170027.11,A,3001.74217,S,05112.74861,W,0.24,58.30,090926,,,A,V*1A
$GPGGA,170028.11,3001.74214,S,05112.74856,W,1,09,0.93,53.98,M,,M,,*4C
$GPGLL,3001.74214,S,05112.74856,W,170028.11,A,A*63
$GPGSA,A,3,05,12,18,23,25,26,28,29,31,,,,1.95,0.93,1.71,1*11
$GPGSV,4,1,14,5,37,122,41,12,21,036,32,13,15,032,,15,08,057,,1*5C
$GPGSV,4,2,14,18,66,264,21,20,00,084,,21,08,141,,23,23,356,44,1*6C
$GPGSV,4,3,14,25,55,021,53,26,24,225,20,28,23,291,23,29,57,152,36,1*6B
$GPGSV,4,4,14,31,20,258,16,193,,,25,1*65
$GPRMC,170028.11,A,3001.74214,S,05112.74856,W,0.09,58.30,090926,,,A,V*1D
$GPGGA,170029.11,3001.74214,S,05112.74842,W,1,09,0.93,53.75,M,,M,,*4B
$GPGLL,3001.74214,S,05112.74842,W,170029.11,A,A*67
$GPGSA,A,3,05,12,18,23,25,26,28,29,31,,,,1.95,0.93,1.71,1*11
$GPGSV,4,1,14,5,37,122,41,12,21,036,31,13,15,032,,15,08,057,,1*5F
$GPGSV,4,2,14,18,66,264,21,20,00,084,,21,08,141,,23,23,356,44,1*6C
$GPGSV,4,3,14,25,55,021,53,26,24,225,19,28,23,291,22,29,57,152,36,1*60
$GPGSV,4,4,14,31,20,258,18,197,,,27,1*6D
$GPRMC,170029.11,A,3001.74214,S,05112.74842,W,0.13,58.30,090926,,,A,V*12
$GPGGA,170030.11,3001.74211,S,05112.74850,W,1,09,0.93,53.72,M,,M,,*42
$GPGLL,3001.74211,S,05112.74850,W,170030.11,A,A*69
$GPGSA,A,3,05,12,18,23,25,26,28,29,31,,,,1.95,0.93,1.71,1*11
$GPGSV,4,1,14,5,37,123,41,12,21,036,32,13,15,031,,15,08,057,27,1*5B
$GPGSV,4,2,14,18,66,262,21,20,00,084,,21,08,141,,23,23,356,44,1*6A
$GPGSV,4,3,14,25,54,021,53,26,25,225,19,28,23,291,22,29,57,151,36,1*63
$GPGSV,4,4,14,31,20,259,18,197,,,25,1*6E
$GPRMC,170030.11,A,3001.74211,S,05112.74850,W,0.30,58.30,090926,,,A,V*1D
$GPGGA,170031.11,3001.74211,S,05112.74847,W,1,09,0.93,53.60,M,,M,,*46
$GPGLL,3001.74211,S,05112.74847,W,170031.11,A,A*6E
$GPGSA,A,3,05,12,18,23,25,26,28,29,31,,,,1.95,0.93,1.71,1*11
$GPGSV,4,1,14,5,37,123,41,12,21,036,32,13,15,031,,15,08,057,25,1*59
$GPGSV,4,2,14,18,66,262,20,20,00,084,,21,08,141,,23,23,356,44,1*6B
$GPGSV,4,3,14,25,54,021,53,26,25,225,19,28,23,291,21,29,57,151,36,1*60
$GPGSV,4,4,14,31,20,259,19,197,,,26,1*6C
$GPRMC,170031.11,A,3001.74211,S,05112.74847,W,0.29,58.30,090926,,,A,V*12
$GPGGA,170032.11,3001.74211,S,05112.74844,W,1,09,0.93,53.43,M,,M,,*47
$GPGLL,3001.74211,S,05112.74844,W,170032.11,A,A*6E
$GPGSA,A,3,05,12,18,23,25,26,28,29,31,,,,1.95,0.93,1.71,1*11
$GPGSV,4,1,13,5,37,123,41,12,21,036,31,13,15,031,,15,08,057,24,1*5C
$GPGSV,4,2,13,18,66,262,21,20,00,084,,21,08,141,,23,23,356,44,1*6D
$GPGSV,4,3,13,25,54,021,53,26,25,225,18,28,23,291,20,29,57,151,36,1*67
$GPGSV,4,4,13,31,20,259,20,1*5A
$GPRMC,170032.11,A,3001.74211,S,05112.74844,W,0.38,58.30,090926,,,A,V*12
$GPGGA,170033.11,3001.74209,S,05112.74850,W,1,08,1.00,53.31,M,,M,,*45
$GPGLL,3001.74209,S,05112.74850,W,170033.11,A,A*63
$GPGSA,A,3,05,12,18,23,25,26,29,31,,,,,1.99,1.00,1.72,1*1F
$GPGSV,4,1,14,5,37,123,41,12,21,036,31,13,15,031,,15,08,057,24,1*5B
$GPGSV,4,2,14,18,66,262,21,20,00,084,,21,08,141,,23,23,356,44,1*6A
$GPGSV,4,3,14,25,54,021,53,26,25,225,17,28,23,291,42,29,57,151,36,1*6B
$GPGSV,4,4,14,31,20,259,19,201,,,28,1*6E
$GPRMC,170033.11,A,3001.74209,S,05112.74850,W,0.26,58.30,090926,,,A,V*10
$GPGGA,170034.11,3001.74207,S,05112.74845,W,1,08,1.00,53.08,M,,M,,*42
$GPGLL,3001.74207,S,05112.74845,W,170034.11,A,A*6E
$GPGSA,A,3,05,12,18,23,25,26,29,31,,,,,1.99,1.00,1.72,1*1F
$GPGSV,4,1,14,5,37,123,41,12,21,036,31,13,15,031,,15,08,057,,1*5D
$GPGSV,4,2,14,18,66,262,21,20,00,084,,21,08,141,,23,23,356,44,1*6A
$GPGSV,4,3,14,25,54,021,53,26,25,225,18,28,23,291,42,29,57,151,36,1*64
$GPGSV,4,4,14,31,20,259,18,201,,,25,1*62
$GPRMC,170034.11,A,3001.74207,S,05112.74845,W,0.17,58.30,090926,,,A,V*1F
$GPGGA,170035.11,3001.74205,S,05112.74839,W,1,08,1.00,52.95,M,,M,,*4F
$GPGLL,3001.74205,S,05112.74839,W,170035.11,A,A*66
$GPGSA,A,3,05,12,18,23,25,26,29,31,,,,,1.99,1.00,1.72,1*1F
$GPGSV,4,1,14,5,37,123,41,12,21,036,31,13,15,031,,15,08,057,,1*5D
$GPGSV,4,2,14,18,66,262,21,20,00,084,,21,08,141,,23,23,356,44,1*6A
$GPGSV,4,3,14,25,54,021,53,26,25,225,19,28,23,291,42,29,57,151,37,1*64
$GPGSV,4,4,14,31,20,259,20,201,,,25,1*69
$GPRMC,170035.11,A,3001.74205,S,05112.74839,W,0.04,58.30,090926,,,A,V*15
$GPGGA,170036.11,3001.74208,S,05112.74846,W,1,08,1.00,53.08,M,,M,,*4C
$GPGLL,3001.74208,S,05112.74846,W,170036.11,A,A*60
$GPGSA,A,3,05,12,18,23,25,26,29,31,,,,,1.99,1.00,1.72,1*1F
$GPGSV,4,1,14,5,37,123,41,12,21,036,31,13,15,031,,15,08,057,,1*5D
$GPGSV,4,2,14,18,66,262,22,20,00,084,,21,08,141,,23,23,356,44,1*69
$GPGSV,4,3,14,25,54,021,53,26,25,225,20,28,23,291,42,29,57,151,36,1*6F
$GPGSV,4,4,14,31,20,259,21,201,,,24,1*69
$GPRMC,170036.11,A,3001.74208,S,05112.74846,W,0.18,58.30,090926,,,A,V*1E
$GPGGA,170037.11,3001.74206,S,05112.74845,W,1,08,1.00,52.81,M,,M,,*40
$GPGLL,3001.74206,S,05112.74845,W,170037.11,A,A*6C
$GPGSA,A,3,05,12,18,23,25,26,29,31,,,,,1.99,1.00,1.72,1*1F
$GPGSV,4,1,14,5,37,123,41,12,21,036,31,13,15,031,,15,08,057,25,1*5A
$GPGSV,4,2,14,18,66,262,21,20,00,084,,21,08,141,,23,23,356,44,1*6A
$GPGSV,4,3,14,25,54,021,53,26,25,225,20,28,23,291,,29,57,151,36,1*69
$GPGSV,4,4,14,31,20,259,21,201,,,25,1*68
$GPRMC,170037.11,A,3001.74206,S,05112.74845,W,0.09,58.30,090926,,,A,V*12
$GPGGA,170038.11,3001.74206,S,05112.74846,W,1,08,1.00,52.84,M,,M,,*49
$GPGLL,3001.74206,S,05112.74846,W,170038.11,A,A*60
$GPGSA,A,3,05,12,18,23,25,26,29,31,,,,,1.99,1.00,1.72,1*1F
$GPGSV,4,1,14,5,37,123,41,12,21,036,31,13,15,031,,15,08,057,26,1*59
$GPGSV,4,2,14,18,66,262,21,20,00,084,,21,08,141,,23,23,356,44,1*6A
$GPGSV,4,3,14,25,54,021,52,26,25,225,21,28,23,291,,29,57,151,36,1*69
$GPGSV,4,4,14,31,20,259,22,201,,,25,1*6B
$GPRMC,170038.11,A,3001.74206,S,05112.74846,W,0.24,58.30,090926,,,A,V*11
$GPGGA,170039.11,3001.74207,S,05112.74841,W,1,08,1.00,52.71,M,,M,,*44
$GPGLL,3001.74207,S,05112.74841,W,170039.11,A,A*67
$GPGSA,A,3,05,12,18,23,25,26,29,31,,,,,1.99,1.00,1.72,1*1F
$GPGSV,4,1,14,5,37,123,41,12,21,036,30,13,15,031,,15,08,057,25,1*5B
$GPGSV,4,2,14,18,66,262,22,20,00,084,,21,08,141,,23,23,356,44,1*69
$GPGSV,4,3,14,25,54,021,52,26,25,225,20,28,23,291,,29,57,151,36,1*68
$GPGSV,4,4,14,31,20,259,23,201,,,25,1*6A
$GPRMC,170039.11,A,3001.74207,S,05112.74841,W,0.29,58.30,090926,,,A,V*1B
$GPGGA,170040.11,3001.74207,S,05112.74828,W,1,08,1.00,52.66,M,,M,,*43
$GPGLL,3001.74207,S,05112.74828,W,170040.11,A,A*66
$GPGSA,A,3,05,12,18,23,25,26,29,31,,,,,1.99,1.00,1.72,1*1F
$GPGSV,4,1,14,5,37,123,40,12,21,036,30,13,15,031,,15,08,057,26,1*59
$GPGSV,4,2,14,18,66,262,23,20,00,084,,21,08,141,,23,23,356,44,1*68
$GPGSV,4,3,14,25,54,021,52,26,25,225,20,28,23,291,,29,57,151,36,1*68
$GPGSV,4,4,14,31,20,259,24,201,,,24,1*6C
$GPRMC,170040.11,A,3001.74207,S,05112.74828,W,0.19,58.30,090926,,,A,V*19
$GPGGA,170041.11,3001.74224,S,05112.74837,W,1,08,1.00,52.56,M,,M,,*4E
$GPGLL,3001.74224,S,05112.74837,W,170041.11,A,A*68
$GPGSA,A,3,05,12,18,23,25,26,29,31,,,,,1.99,1.00,1.72,1*1F
$GPGSV,4,1,13,5,37,123,40,12,21,036,30,13,15,031,,15,08,057,25,1*5D
$GPGSV,4,2,13,18,66,262,21,20,00,084,,21,08,141,,23,23,356,44,1*6D
$GPGSV,4,3,13,25,54,021,53,26,25,225,21,28,23,291,,29,57,151,37,1*6E
$GPGSV,4,4,13,31,20,259,25,1*5F
$GPRMC,170041.11,A,3001.74224,S,05112.74837,W,0.47,58.30,090926,,,A,V*1C
$GPGGA,170042.11,3001.74222,S,05112.74830,W,1,08,1.00,52.37,M,,M,,*4B
$GPGLL,3001.74222,S,05112.74830,W,170042.11,A,A*6A
$GPGSA,A,3,05,12,18,23,25,26,29,31,,,,,1.99,1.00,1.72,1*1F
$GPGSV,4,1,13,5,37,123,40,12,21,036,30,13,15,031,,15,08,057,26,1*5E
$GPGSV,4,2,13,18,66,262,22,20,00,084,,21,08,141,,23,23,356,44,1*6E
$GPGSV,4,3,13,25,54,021,52,26,25,225,22,28,23,291,,29,57,151,36,1*6D
$GPGSV,4,4,13,31,20,259,26,1*5C
$GPRMC,170042.11,A,3001.74222,S,05112.74830,W,0.11,58.30,090926,,,A,V*1D
$GPGGA,170043.11,3001.74225,S,05112.74838,W,1,08,1.00,52.55,M,,M,,*41
$GPGLL,3001.74225,S,05112.74838,W,170043.11,A,A*64
$GPGSA,A,3,05,12,18,23,25,26,29,31,,,,,1.99,1.00,1.72,1*1F
$GPGSV,4,1,13,5,37,123,39,12,21,036,29,13,15,031,,15,08,057,25,1*5B
$GPGSV,4,2,13,18,66,262,21,20,00,084,,21,08,141,,23,23,356,44,1*6D
$GPGSV,4,3,13,25,54,021,52,26,25,225,22,28,23,291,,29,57,151,36,1*6D
$GPGSV,4,4,13,31,20,259,27,1*5D
$GPRMC,170043.11,A,3001.74225,S,05112.74838,W,0.19,58.30,090926,,,A,V*1B
$GPGGA,170044.11,3001.74227,S,05112.74821,W,1,08,1.00,52.55,M,,M,,*4C
$GPGLL,3001.74227,S,05112.74821,W,170044.11,A,A*69
$GPGSA,A,3,05,12,18,23,25,26,29,31,,,,,1.99,1.00,1.72,1*1F
$GPGSV,4,1,13,5,37,123,39,12,21,036,29,13,15,031,,15,08,057,,1*5C
$GPGSV,4,2,13,18,66,262,21,20,00,084,,21,08,141,,23,23,356,44,1*6D
$GPGSV,4,3,13,25,54,021,52,26,25,225,22,28,23,291,,29,57,151,37,1*6C
$GPGSV,4,4,13,31,20,259,28,1*52
$GPRMC,170044.11,A,3001.74227,S,05112.74821,W,0.23,58.30,090926,,,A,V*1F
