$GPGGA,171826.11,3001.74216,S,05112.74748,W,1,08,0.97,48.03,M,,M,,*44
$GPGLL,3001.74216,S,05112.74748,W,171826.11,A,A*66
$GPGSA,A,3,05,12,18,23,25,26,28,29,,,,,2.04,0.97,1.79,1*14
$GPGSV,4,1,16,5,32,130,42,10,03,343,,12,14,033,26,13,08,030,24,1*5D
$GPGSV,4,2,16,15,12,064,,16,04,219,,18,68,240,25,20,03,091,,1*66
$GPGSV,4,3,16,21,03,145,,23,31,357,43,25,45,018,51,26,31,228,23,1*65
$GPGSV,4,4,16,28,18,298,16,29,56,137,44,31,19,267,,197,,,09,1*66
$GPRMC,171826.11,A,3001.74216,S,05112.74748,W,0.20,58.30,090926,,,A,V*13
$GPGGA,171827.11,3001.74219,S,05112.74760,W,1,08,0.97,48.13,M,,M,,*41
$GPGLL,3001.74219,S,05112.74760,W,171827.11,A,A*62
$GPGSA,A,3,05,12,18,23,25,26,28,29,,,,,2.04,0.97,1.79,1*14
$GPGSV,4,1,15,5,32,130,42,10,03,343,,12,14,033,26,13,08,030,24,1*5E
$GPGSV,4,2,15,15,12,064,,16,04,219,,18,68,240,25,20,03,091,,1*65
$GPGSV,4,3,15,21,03,145,,23,31,357,43,25,45,018,51,26,31,228,23,1*66
$GPGSV,4,4,15,28,18,298,16,29,56,137,45,31,19,267,,1*52
$GPRMC,171827.11,A,3001.74219,S,05112.74760,W,0.60,58.30,090926,,,A,V*13
$GPGGA,171828.11,3001.74227,S,05112.74778,W,1,08,0.97,48.14,M,,M,,*4D
$GPGLL,3001.74227,S,05112.74778,W,171828.11,A,A*69
$GPGSA,A,3,05,12,18,23,25,26,28,29,,,,,2.04,0.97,1.79,1*14
$GPGSV,4,1,15,5,32,130,42,10,03,343,,12,14,033,26,13,08,030,25,1*5F
$GPGSV,4,2,15,15,12,064,,16,04,219,,18,68,240,24,20,03,091,,1*64
$GPGSV,4,3,15,21,03,145,,23,31,357,43,25,45,018,51,26,31,228,22,1*67
$GPGSV,4,4,15,28,18,298,17,29,56,137,45,31,19,267,,1*53
$GPRMC,171828.11,A,3001.74227,S,05112.74778,W,0.21,58.30,090926,,,A,V*1D
$GPGGA,171829.11,3001.74230,S,05112.74786,W,1,08,0.97,48.31,M,,M,,*4C
$GPGLL,3001.74230,S,05112.74786,W,171829.11,A,A*6F
$GPGSA,A,3,05,12,18,23,25,26,28,29,,,,,2.04,0.97,1.79,1*14
$GPGSV,4,1,15,5,32,130,42,10,03,343,,12,14,033,26,13,08,030,21,1*5B
$GPGSV,4,2,15,15,12,064,,16,04,219,,18,68,240,24,20,03,091,,1*64
$GPGSV,4,3,15,21,03,145,,23,31,357,43,25,45,018,51,26,31,228,21,1*64
$GPGSV,4,4,15,28,18,298,16,29,56,137,45,31,19,267,,1*52
$GPRMC,171829.11,A,3001.74230,S,05112.74786,W,0.23,58.30,090926,,,A,V*19
$GPGGA,171830.11,3001.74228,S,05112.74789,W,1,08,0.97,48.51,M,,M,,*44
$GPGLL,3001.74228,S,05112.74789,W,171830.11,A,A*61
$GPGSA,A,3,05,12,18,23,25,26,28,29,,,,,2.04,0.97,1.79,1*14
$GPGSV,4,1,15,5,32,130,41,10,04,343,,12,13,033,26,13,07,029,,1*5C
$GPGSV,4,2,15,15,12,064,,16,04,219,,18,68,239,24,20,03,091,,1*6A
$GPGSV,4,3,15,21,02,145,,23,32,357,43,25,45,018,51,26,31,229,20,1*66
$GPGSV,4,4,15,28,18,299,17,29,56,136,45,31,19,267,,1*53
$GPRMC,171830.11,A,3001.74228,S,05112.74789,W,0.18,58.30,090926,,,A,V*1F
$GPGGA,171831.11,3001.74229,S,05112.74797,W,1,08,0.97,48.82,M,,M,,*45
$GPGLL,3001.74229,S,05112.74797,W,171831.11,A,A*6E
$GPGSA,A,3,05,12,18,23,25,26,28,29,,,,,2.04,0.97,1.79,1*14
$GPGSV,4,1,15,5,32,130,42,10,04,343,,12,13,033,27,13,07,029,29,1*55
$GPGSV,4,2,15,15,12,064,,16,04,219,,18,68,239,24,20,03,091,,1*6A
$GPGSV,4,3,15,21,02,145,,23,32,357,43,25,45,018,51,26,31,229,18,1*6D
$GPGSV,4,4,15,28,18,299,19,29,56,136,45,31,19,267,,1*5D
$GPRMC,171831.11,A,3001.74229,S,05112.74797,W,0.39,58.30,090926,,,A,V*13
$GPGGA,171832.11,3001.74233,S,05112.74805,W,1,08,0.97,48.81,M,,M,,*4A
$GPGLL,3001.74233,S,05112.74805,W,171832.11,A,A*62
$GPGSA,A,3,05,12,18,23,25,26,28,29,,,,,2.04,0.97,1.79,1*14
$GPGSV,4,1,15,5,32,130,42,10,04,343,,12,13,033,27,13,07,029,26,1*5A
$GPGSV,4,2,15,15,12,064,,16,04,219,,18,68,239,24,20,03,091,,1*6A
$GPGSV,4,3,15,21,02,145,,23,32,357,43,25,45,018,51,26,31,229,17,1*62
$GPGSV,4,4,15,28,18,299,20,29,56,136,45,31,19,267,,1*57
$GPRMC,171832.11,A,3001.74233,S,05112.74805,W,0.07,58.30,090926,,,A,V*12
$GPGGA,171833.11,3001.74245,S,05112.74827,W,1,08,0.97,49.15,M,,M,,*46
$GPGLL,3001.74245,S,05112.74827,W,171833.11,A,A*62
$GPGSA,A,3,05,12,18,23,25,26,28,29,,,,,2.04,0.97,1.79,1*14
$GPGSV,4,1,15,5,32,130,42,10,04,343,,12,13,033,28,13,07,029,30,1*52
$GPGSV,4,2,15,15,12,064,,16,04,219,,18,68,239,24,20,03,091,,1*6A
$GPGSV,4,3,15,21,02,145,,23,32,357,42,25,45,018,51,26,31,229,16,1*62
$GPGSV,4,4,15,28,18,299,20,29,56,136,45,31,19,267,,1*57
$GPRMC,171833.11,A,3001.74245,S,05112.74827,W,0.06,58.30,090926,,,A,V*13
$GPGGA,171834.11,3001.74246,S,05112.74834,W,1,08,0.97,49.28,M,,M,,*4E
$GPGLL,3001.74246,S,05112.74834,W,171834.11,A,A*64
$GPGSA,A,3,05,12,18,23,25,26,28,29,,,,,2.04,0.97,1.79,1*14
$GPGSV,4,1,15,5,32,130,42,10,04,343,,12,13,033,27,13,07,029,30,1*5D
$GPGSV,4,2,15,15,12,064,,16,04,219,,18,68,239,24,20,03,091,,1*6A
$GPGSV,4,3,15,21,02,145,,23,32,357,42,25,45,018,51,26,31,229,14,1*60
$GPGSV,4,4,15,28,18,299,21,29,56,136,45,31,19,267,,1*56
$GPRMC,171834.11,A,3001.74246,S,05112.74834,W,0.09,58.30,090926,,,A,V*1A
$GPGGA,171835.11,3001.74246,S,05112.74842,W,1,07,1.17,49.38,M,,M,,*49
$GPGLL,3001.74246,S,05112.74842,W,171835.11,A,A*64
$GPGSA,A,3,05,12,18,23,25,28,29,,,,,,2.26,1.17,1.93,1*1D
$GPGSV,4,1,15,5,32,130,42,10,04,343,,12,13,033,27,13,07,029,29,1*55
$GPGSV,4,2,15,15,12,064,25,16,04,219,,18,68,239,23,20,03,091,,1*6A
$GPGSV,4,3,15,21,02,145,,23,32,357,42,25,45,018,52,26,31,229,13,1*64
$GPGSV,4,4,15,28,18,299,21,29,56,136,45,31,19,267,18,1*5F
$GPRMC,171835.11,A,3001.74246,S,05112.74842,W,0.13,58.30,090926,,,A,V*11
$GPGGA,171836.11,3001.74251,S,05112.74856,W,1,07,1.17,49.35,M,,M,,*44
$GPGLL,3001.74251,S,05112.74856,W,171836.11,A,A*64
$GPGSA,A,3,05,12,18,23,25,28,29,,,,,,2.26,1.17,1.93,1*1D
$GPGSV,4,1,15,5,32,130,42,10,04,343,,12,13,033,27,13,07,029,27,1*5B
$GPGSV,4,2,15,15,12,064,24,16,04,219,,18,68,239,22,20,03,091,,1*6A
$GPGSV,4,3,15,21,02,145,,23,32,357,42,25,45,018,51,26,31,229,13,1*67
$GPGSV,4,4,15,28,18,299,22,29,56,136,45,31,19,267,10,1*54
$GPRMC,171836.11,A,3001.74251,S,05112.74856,W,0.33,58.30,090926,,,A,V*13
$GPGGA,171837.11,3001.74251,S,05112.74878,W,1,07,1.17,49.28,M,,M,,*45
$GPGLL,3001.74251,S,05112.74878,W,171837.11,A,A*69
$GPGSA,A,3,05,12,18,23,25,28,29,,,,,,2.26,1.17,1.93,1*1D
$GPGSV,4,1,15,5,32,130,43,10,04,343,,12,13,033,26,13,07,029,25,1*59
$GPGSV,4,2,15,15,12,064,24,16,04,219,,18,68,239,23,20,03,091,,1*6B
$GPGSV,4,3,15,21,02,145,,23,32,357,42,25,45,018,51,26,31,229,00,1*65
$GPGSV,4,4,15,28,18,299,23,29,56,136,45,31,19,267,13,1*56
$GPRMC,171837.11,A,3001.74251,S,05112.74878,W,0.23,58.30,090926,,,A,V*1F
$GPGGA,171838.11,3001.74252,S,05112.74886,W,1,07,1.17,49.38,M,,M,,*49
$GPGLL,3001.74252,S,05112.74886,W,171838.11,A,A*64
$GPGSA,A,3,05,12,18,23,25,28,29,,,,,,2.26,1.17,1.93,1*1D
$GPGSV,4,1,15,5,32,130,43,10,04,343,,12,13,033,26,13,07,029,24,1*58
$GPGSV,4,2,15,15,12,064,25,16,04,219,,18,68,239,23,20,03,091,,1*6A
$GPGSV,4,3,15,21,02,145,,23,32,357,42,25,45,018,51,26,31,229,09,1*6C
$GPGSV,4,4,15,28,18,299,24,29,56,136,45,31,19,267,07,1*54
$GPRMC,171838.11,A,3001.74252,S,05112.74886,W,0.16,58.30,090926,,,A,V*14
$GPGGA,171839.11,3001.74249,S,05112.74894,W,1,07,1.17,49.33,M,,M,,*4A
$GPGLL,3001.74249,S,05112.74894,W,171839.11,A,A*6C
$GPGSA,A,3,05,12,18,23,25,28,29,,,,,,2.26,1.17,1.93,1*1D
$GPGSV,4,1,15,5,32,130,43,10,04,343,,12,13,033,26,13,07,029,24,1*58
$GPGSV,4,2,15,15,12,064,,16,04,219,,18,68,239,22,20,03,091,,1*6C
$GPGSV,4,3,15,21,02,145,,23,32,357,42,25,45,018,51,26,31,229,11,1*65
$GPGSV,4,4,15,28,18,299,24,29,56,136,45,31,19,267,11,1*53
$GPRMC,171839.11,A,3001.74249,S,05112.74894,W,0.26,58.30,090926,,,A,V*1F
$GPGGA,171840.11,3001.74247,S,05112.74889,W,1,07,1.17,49.51,M,,M,,*42
$GPGLL,3001.74247,S,05112.74889,W,171840.11,A,A*60
$GPGSA,A,3,05,12,18,23,25,28,29,,,,,,2.26,1.17,1.93,1*1D
$GPGSV,4,1,15,5,32,130,43,10,04,343,,12,13,033,26,13,07,029,30,1*5D
$GPGSV,4,2,15,15,12,064,,16,04,219,,18,68,239,23,20,03,091,,1*6D
$GPGSV,4,3,15,21,02,145,,23,32,357,42,25,45,018,52,26,31,229,13,1*64
$GPGSV,4,4,15,28,18,299,25,29,56,136,45,31,19,267,25,1*55
$GPRMC,171840.11,A,3001.74247,S,05112.74889,W,0.14,58.30,090926,,,A,V*12
$GPGGA,171841.11,3001.74246,S,05112.74893,W,1,07,1.17,49.57,M,,M,,*4F
$GPGLL,3001.74246,S,05112.74893,W,171841.11,A,A*6B
$GPGSA,A,3,05,12,18,23,25,28,29,,,,,,2.26,1.17,1.93,1*1D
$GPGSV,4,1,15,5,32,130,43,10,04,343,,12,13,033,26,13,07,029,29,1*55
$GPGSV,4,2,15,15,12,064,,16,04,219,,18,68,239,22,20,03,091,,1*6C
$GPGSV,4,3,15,21,02,145,,23,32,357,42,25,45,018,52,26,31,229,09,1*6F
$GPGSV,4,4,15,28,18,299,24,29,56,136,45,31,19,267,24,1*55
$GPRMC,171841.11,A,3001.74246,S,05112.74893,W,0.20,58.30,090926,,,A,V*1E
$GPGGA,171842.11,3001.74239,S,05112.74890,W,1,07,1.17,49.51,M,,M,,*41
$GPGLL,3001.74239,S,05112.74890,W,171842.11,A,A*63
$GPGSA,A,3,05,12,18,23,25,28,29,,,,,,2.26,1.17,1.93,1*1D
$GPGSV,4,1,15,5,32,130,42,10,04,343,,12,13,033,26,13,07,029,26,1*5B
$GPGSV,4,2,15,15,12,064,,16,04,219,,18,68,239,22,20,03,091,,1*6C
$GPGSV,4,3,15,21,02,145,,23,32,357,42,25,45,018,52,26,31,229,07,1*61
$GPGSV,4,4,15,28,18,299,25,29,56,136,45,31,19,267,24,1*54
$GPRMC,171842.11,A,3001.74239,S,05112.74890,W,0.31,58.30,090926,,,A,V*16
$GPGGA,171843.11,3001.74241,S,05112.74896,W,1,07,1.17,49.64,M,,M,,*4F
$GPGLL,3001.74241,S,05112.74896,W,171843.11,A,A*6B
$GPGSA,A,3,05,12,18,23,25,28,29,,,,,,2.26,1.17,1.93,1*1D
$GPGSV,4,1,15,5,32,130,42,10,04,343,,12,13,033,26,13,07,029,27,1*5A
$GPGSV,4,2,15,15,12,064,,16,04,219,,18,68,239,21,20,03,091,,1*6F
$GPGSV,4,3,15,21,02,145,,23,32,357,42,25,45,018,52,26,31,229,14,1*63
$GPGSV,4,4,15,28,18,299,24,29,56,136,45,31,19,267,24,1*55
$GPRMC,171843.11,A,3001.74241,S,05112.74896,W,0.13,58.30,090926,,,A,V*1E
$GPGGA,171844.11,3001.74238,S,05112.74893,W,1,07,1.17,50.03,M,,M,,*4A
$GPGLL,3001.74238,S,05112.74893,W,171844.11,A,A*67
$GPGSA,A,3,05,12,18,23,25,28,29,,,,,,2.26,1.17,1.93,1*1D
$GPGSV,4,1,15,5,32,130,42,10,04,343,,12,13,033,26,13,07,029,26,1*5B
$GPGSV,4,2,15,15,12,064,,16,04,219,,18,68,239,21,20,03,091,,1*6F
$GPGSV,4,3,15,21,02,145,,23,32,357,42,25,45,018,51,26,31,229,12,1*66
$GPGSV,4,4,15,28,18,299,24,29,56,136,45,31,19,267,,1*53
$GPRMC,171844.11,A,3001.74238,S,05112.74893,W,0.09,58.30,090926,,,A,V*19
$GPGGA,171845.11,3001.74236,S,05112.74897,W,1,07,1.17,50.02,M,,M,,*40
$GPGLL,3001.74236,S,05112.74897,W,171845.11,A,A*6C
$GPGSA,A,3,05,12,18,23,25,28,29,,,,,,2.26,1.17,1.93,1*1D
$GPGSV,4,1,15,5,32,130,43,10,04,343,,12,13,033,26,13,07,029,30,1*5D
$GPGSV,4,2,15,15,12,064,,16,04,219,,18,68,239,21,20,03,091,,1*6F
$GPGSV,4,3,15,21,02,145,,23,32,357,42,25,45,018,51,26,31,229,12,1*66
$GPGSV,4,4,15,28,18,299,24,29,56,136,45,31,19,267,,1*53
$GPRMC,171845.11,A,3001.74236,S,05112.74897,W,0.03,58.30,090926,,,A,V*18
$GPGGA,171846.11,3001.74238,S,05112.74902,W,1,07,1.17,49.74,M,,M,,*49
$GPGLL,3001.74238,S,05112.74902,W,171846.11,A,A*6C
$GPGSA,A,3,05,12,18,23,25,28,29,,,,,,2.26,1.17,1.93,1*1D
$GPGSV,4,1,15,5,32,130,43,10,04,343,,12,13,033,26,13,07,029,,1*5E
$GPGSV,4,2,15,15,12,064,,16,04,219,,18,68,239,21,20,03,091,,1*6F
$GPGSV,4,3,15,21,02,145,,23,32,357,42,25,45,018,52,26,31,229,11,1*66
$GPGSV,4,4,15,28,18,299,24,29,56,136,45,31,19,267,,1*53
$GPRMC,171846.11,A,3001.74238,S,05112.74902,W,0.02,58.30,090926,,,A,V*19
$GPGGA,171847.11,3001.74240,S,05112.74901,W,1,07,1.17,49.88,M,,M,,*47
$GPGLL,3001.74240,S,05112.74901,W,171847.11,A,A*61
$GPGSA,A,3,05,12,18,23,25,28,29,,,,,,2.26,1.17,1.93,1*1D
$GPGSV,4,1,15,5,32,130,43,10,04,343,,12,13,033,26,13,07,029,28,1*54
$GPGSV,4,2,15,15,12,064,,16,04,219,,18,68,239,20,20,03,091,,1*6E
$GPGSV,4,3,15,21,02,145,,23,32,357,42,25,45,018,52,26,31,229,08,1*6E
$GPGSV,4,4,15,28,18,299,24,29,56,136,45,31,19,267,,1*53
$GPRMC,171847.11,A,3001.74240,S,05112.74901,W,0.09,58.30,090926,,,A,V*1F
$GPGGA,171848.11,3001.74236,S,05112.74900,W,1,07,1.17,49.96,M,,M,,*47
$GPGLL,3001.74236,S,05112.74900,W,171848.11,A,A*6E
$GPGSA,A,3,05,12,18,23,25,28,29,,,,,,2.26,1.17,1.93,1*1D
$GPGSV,4,1,15,5,32,130,43,10,04,343,,12,13,033,27,13,07,029,21,1*5C
$GPGSV,4,2,15,15,12,064,,16,04,219,,18,68,239,21,20,03,091,,1*6F
$GPGSV,4,3,15,21,02,145,,23,32,357,42,25,45,018,52,26,31,229,15,1*62
$GPGSV,4,4,15,28,18,299,24,29,56,136,45,31,19,267,,1*53
$GPRMC,171848.11,A,3001.74236,S,05112.74900,W,0.04,58.30,090926,,,A,V*1D
$GPGGA,171849.11,3001.74248,S,05112.74920,W,1,08,0.97,50.14,M,,M,,*49
$GPGLL,3001.74248,S,05112.74920,W,171849.11,A,A*64
$GPGSA,A,3,05,12,18,23,25,26,28,29,,,,,2.04,0.97,1.79,1*14
$GPGSV,4,1,15,5,32,130,42,10,04,343,,12,13,033,26,13,07,029,10,1*5E
$GPGSV,4,2,15,15,12,064,,16,04,219,,18,68,239,20,20,03,091,,1*6E
$GPGSV,4,3,15,21,02,145,,23,32,357,42,25,45,018,52,26,31,229,17,1*60
$GPGSV,4,4,15,28,18,299,23,29,56,136,45,31,19,267,,1*54
$GPRMC,171849.11,A,3001.74248,S,05112.74920,W,0.10,58.30,090926,,,A,V*12
$GPGGA,171850.11,3001.74254,S,05112.74941,W,1,08,0.97,50.18,M,,M,,*47
$GPGLL,3001.74254,S,05112.74941,W,171850.11,A,A*66
$GPGSA,A,3,05,12,18,23,25,26,28,29,,,,,2.04,0.97,1.79,1*14
$GPGSV,4,1,15,5,32,130,42,10,04,343,,12,13,033,26,13,07,029,09,1*56
$GPGSV,4,2,15,15,12,064,,16,04,219,,18,68,239,21,20,03,091,,1*6F
$GPGSV,4,3,15,21,02,145,,23,32,357,42,25,45,018,52,26,31,229,18,1*6F
$GPGSV,4,4,15,28,18,299,22,29,56,136,45,31,19,267,,1*55
$GPRMC,171850.11,A,3001.74254,S,05112.74941,W,0.06,58.30,090926,,,A,V*17
$GPGGA,171851.11,3001.74263,S,05112.74966,W,1,08,0.97,50.26,M,,M,,*4A
$GPGLL,3001.74263,S,05112.74966,W,171851.11,A,A*66
$GPGSA,A,3,05,12,18,23,25,26,28,29,,,,,2.04,0.97,1.79,1*14
$GPGSV,4,1,15,5,32,130,41,10,04,343,,12,13,033,27,13,07,029,26,1*59
$GPGSV,4,2,15,15,12,064,,16,04,219,,18,68,239,20,20,03,091,,1*6E
$GPGSV,4,3,15,21,02,145,,23,32,357,42,25,45,018,52,26,31,229,18,1*6F
$GPGSV,4,4,15,28,18,299,22,29,56,136,45,31,19,267,,1*55
$GPRMC,171851.11,A,3001.74263,S,05112.74966,W,0.13,58.30,090926,,,A,V*13
$GPGGA,171852.11,3001.74267,S,05112.74973,W,1,08,0.97,50.67,M,,M,,*4C
$GPGLL,3001.74267,S,05112.74973,W,171852.11,A,A*65
$GPGSA,A,3,05,12,18,23,25,26,28,29,,,,,2.04,0.97,1.79,1*14
$GPGSV,4,1,15,5,32,130,42,10,04,343,,12,13,033,27,13,07,029,25,1*59
$GPGSV,4,2,15,15,12,064,,16,04,219,,18,68,239,21,20,03,091,,1*6F
$GPGSV,4,3,15,21,02,145,,23,32,357,42,25,45,018,52,26,31,229,19,1*6E
$GPGSV,4,4,15,28,18,299,22,29,56,136,45,31,19,267,23,1*54
$GPRMC,171852.11,A,3001.74267,S,05112.74973,W,0.10,58.30,090926,,,A,V*13
$GPGGA,171853.11,3001.74267,S,05112.74987,W,1,09,0.91,50.79,M,,M,,*4E
$GPGLL,3001.74267,S,05112.74987,W,171853.11,A,A*6F
$GPGSA,A,3,05,12,18,23,25,26,28,29,31,,,,1.92,0.91,1.69,1*1D
$GPGSV,4,1,15,5,32,130,42,10,04,343,,12,13,033,26,13,07,029,25,1*58
$GPGSV,4,2,15,15,12,064,,16,04,219,,18,68,239,21,20,03,091,,1*6F
$GPGSV,4,3,15,21,02,145,,23,32,357,41,25,45,018,51,26,31,229,19,1*6E
$GPGSV,4,4,15,28,18,299,21,29,56,136,45,31,19,267,23,1*57
$GPRMC,171853.11,A,3001.74267,S,05112.74987,W,0.21,58.30,090926,,,A,V*1B
$GPGGA,171854.11,3001.74273,S,05112.74993,W,1,09,0.91,50.84,M,,M,,*4B
$GPGLL,3001.74273,S,05112.74993,W,171854.11,A,A*68
$GPGSA,A,3,05,12,18,23,25,26,28,29,31,,,,1.92,0.91,1.69,1*1D
$GPGSV,4,1,15,5,32,130,42,10,04,343,,12,13,033,26,13,07,029,,1*5F
$GPGSV,4,2,15,15,12,064,,16,04,219,,18,68,239,21,20,03,091,,1*6F
$GPGSV,4,3,15,21,02,145,,23,32,357,42,25,45,018,51,26,31,229,19,1*6D
$GPGSV,4,4,15,28,18,299,21,29,56,136,45,31,19,267,21,1*55
$GPRMC,171854.11,A,3001.74273,S,05112.74993,W,0.38,58.30,090926,,,A,V*14
$GPGGA,171855.11,3001.74280,S,05112.75008,W,1,09,0.91,51.09,M,,M,,*48
$GPGLL,3001.74280,S,05112.75008,W,171855.11,A,A*6F
$GPGSA,A,3,05,12,18,23,25,26,28,29,31,,,,1.92,0.91,1.69,1*1D
$GPGSV,4,1,15,5,32,130,42,10,04,343,,12,13,033,25,13,07,029,,1*5C
$GPGSV,4,2,15,15,12,064,,16,04,219,,18,68,239,22,20,03,091,,1*6C
$GPGSV,4,3,15,21,02,145,,23,32,357,42,25,45,018,51,26,31,229,19,1*6D
$GPGSV,4,4,15,28,18,299,19,29,56,136,45,31,19,267,20,1*5F
$GPRMC,171855.11,A,3001.74280,S,05112.75008,W,0.34,58.30,090926,,,A,V*1F
$GPGGA,171856.11,3001.74286,S,05112.75014,W,1,09,0.91,51.44,M,,M,,*49
$GPGLL,3001.74286,S,05112.75014,W,171856.11,A,A*67
$GPGSA,A,3,05,12,18,23,25,26,28,29,31,,,,1.92,0.91,1.69,1*1D
$GPGSV,4,1,15,5,32,130,42,10,04,343,,12,13,033,26,13,07,029,28,1*55
$GPGSV,4,2,15,15,12,064,,16,04,219,,18,68,239,22,20,03,091,,1*6C
$GPGSV,4,3,15,21,02,145,,23,32,357,42,25,45,018,52,26,31,229,20,1*64
$GPGSV,4,4,15,28,18,299,19,29,56,136,44,31,19,267,19,1*54
$GPRMC,171856.11,A,3001.74286,S,05112.75014,W,0.16,58.30,090926,,,A,V*17
$GPGGA,171857.11,3001.74286,S,05112.75024,W,1,09,0.91,51.37,M,,M,,*4F
$GPGLL,3001.74286,S,05112.75024,W,171857.11,A,A*65
$GPGSA,A,3,05,12,18,23,25,26,28,29,31,,,,1.92,0.91,1.69,1*1D
$GPGSV,4,1,15,5,32,130,42,10,04,343,,12,13,033,26,13,07,029,29,1*54
$GPGSV,4,2,15,15,12,064,,16,04,219,,18,68,239,22,20,03,091,,1*6C
$GPGSV,4,3,15,21,02,145,,23,32,357,42,25,45,018,51,26,31,229,21,1*66
$GPGSV,4,4,15,28,18,299,17,29,56,136,45,31,19,267,19,1*5B
$GPRMC,171857.11,A,3001.74286,S,05112.75024,W,0.18,58.30,090926,,,A,V*1B
$GPGGA,171858.11,3001.74293,S,05112.75046,W,1,09,0.91,51.49,M,,M,,*49
$GPGLL,3001.74293,S,05112.75046,W,171858.11,A,A*6A
$GPGSA,A,3,05,12,18,23,25,26,28,29,31,,,,1.92,0.91,1.69,1*1D
$GPGSV,4,1,15,5,32,130,42,10,04,343,,12,13,033,26,13,07,029,29,1*54
$GPGSV,4,2,15,15,12,064,,16,04,219,,18,68,239,23,20,03,091,,1*6D
$GPGSV,4,3,15,21,02,145,,23,32,357,41,25,45,018,52,26,31,229,20,1*67
$GPGSV,4,4,15,28,18,299,15,29,56,136,45,31,19,267,18,1*58
$GPRMC,171858.11,A,3001.74293,S,05112.75046,W,0.32,58.30,090926,,,A,V*1C
$GPGGA,171859.11,3001.74296,S,05112.75052,W,1,08,0.97,51.51,M,,M,,*46
$GPGLL,3001.74296,S,05112.75052,W,171859.11,A,A*6B
$GPGSA,A,3,05,12,18,23,25,26,29,31,,,,,1.98,0.97,1.72,1*11
$GPGSV,4,1,15,5,32,130,42,10,04,343,,12,13,033,26,13,07,029,30,1*5C
$GPGSV,4,2,15,15,12,064,,16,04,219,,18,68,239,24,20,03,091,,1*6A
$GPGSV,4,3,15,21,02,145,,23,32,357,41,25,45,018,52,26,31,229,20,1*67
$GPGSV,4,4,15,28,18,299,13,29,56,136,45,31,19,267,17,1*51
$GPRMC,171859.11,A,3001.74296,S,05112.75052,W,0.15,58.30,090926,,,A,V*18
$GPGGA,171900.11,3001.74298,S,05112.75063,W,1,08,0.97,51.69,M,,M,,*4C
$GPGLL,3001.74298,S,05112.75063,W,171900.11,A,A*6A
$GPGSA,A,3,05,12,18,23,25,26,29,31,,,,,1.98,0.97,1.72,1*11
$GPGSV,4,1,15,5,32,130,43,10,04,343,,12,13,033,26,13,07,029,30,1*5D
$GPGSV,4,2,15,15,12,064,,16,04,219,,18,68,239,24,20,03,091,,1*6A
$GPGSV,4,3,15,21,02,145,,23,32,357,41,25,45,018,51,26,31,229,20,1*64
$GPGSV,4,4,15,28,18,299,11,29,56,136,45,31,19,267,18,1*5C
$GPRMC,171900.11,A,3001.74298,S,05112.75063,W,0.63,58.30,090926,,,A,V*18
$GPGGA,171901.11,3001.74300,S,05112.75076,W,1,08,0.97,51.61,M,,M,,*41
$GPGLL,3001.74300,S,05112.75076,W,171901.11,A,A*6F
$GPGSA,A,3,05,12,18,23,25,26,29,31,,,,,1.98,0.97,1.72,1*11
$GPGSV,4,1,15,5,32,130,42,10,04,343,,12,13,033,26,13,07,029,29,1*54
$GPGSV,4,2,15,15,12,064,,16,04,219,,18,68,239,25,20,03,091,,1*6B
$GPGSV,4,3,15,21,02,145,,23,32,357,41,25,45,018,51,26,31,229,20,1*64
$GPGSV,4,4,15,28,18,299,13,29,56,136,45,31,19,267,16,1*50
$GPRMC,171901.11,A,3001.74300,S,05112.75076,W,0.27,58.30,090926,,,A,V*1D
$GPGGA,171902.11,3001.74299,S,05112.75085,W,1,08,0.97,51.59,M,,M,,*44
$GPGLL,3001.74299,S,05112.75085,W,171902.11,A,A*61
$GPGSA,A,3,05,12,18,23,25,26,29,31,,,,,1.98,0.97,1.72,1*11
$GPGSV,4,1,15,5,32,130,43,10,04,343,,12,13,033,26,13,07,029,30,1*5D
$GPGSV,4,2,15,15,12,064,,16,04,219,,18,68,239,25,20,03,091,,1*6B
$GPGSV,4,3,15,21,02,145,,23,32,357,41,25,45,018,51,26,31,229,21,1*65
$GPGSV,4,4,15,28,18,299,15,29,56,136,45,31,19,267,16,1*56
$GPRMC,171902.11,A,3001.74299,S,05112.75085,W,0.18,58.30,090926,,,A,V*1F
$GPGGA,171903.11,3001.74304,S,05112.75102,W,1,08,0.97,51.42,M,,M,,*44
$GPGLL,3001.74304,S,05112.75102,W,171903.11,A,A*6B
$GPGSA,A,3,05,12,18,23,25,26,29,31,,,,,1.98,0.97,1.72,1*11
$GPGSV,4,1,15,5,32,130,42,10,04,343,,12,13,033,26,13,07,029,,1*5F
$GPGSV,4,2,15,15,12,064,,16,04,219,,18,68,239,25,20,03,091,,1*6B
$GPGSV,4,3,15,21,02,145,,23,32,357,41,25,45,018,51,26,31,229,21,1*65
$GPGSV,4,4,15,28,18,299,13,29,56,136,45,31,19,267,17,1*51
$GPRMC,171903.11,A,3001.74304,S,05112.75102,W,0.29,58.30,090926,,,A,V*17
$GPGGA,171904.11,3001.74301,S,05112.75120,W,1,09,0.91,51.07,M,,M,,*40
$GPGLL,3001.74301,S,05112.75120,W,171904.11,A,A*69
$GPGSA,A,3,05,12,18,23,25,26,28,29,31,,,,1.92,0.91,1.69,1*1D
$GPGSV,4,1,15,5,32,130,42,10,04,343,,12,13,033,26,13,07,029,,1*5F
$GPGSV,4,2,15,15,12,064,,16,04,219,,18,68,239,25,20,03,091,,1*6B
$GPGSV,4,3,15,21,02,145,,23,32,357,41,25,45,018,52,26,31,229,22,1*65
$GPGSV,4,4,15,28,18,299,16,29,56,136,45,31,19,267,16,1*55
$GPRMC,171904.11,A,3001.74301,S,05112.75120,W,0.26,58.30,090926,,,A,V*1A
$GPGGA,171905.11,3001.74305,S,05112.75148,W,1,08,0.97,50.87,M,,M,,*45
$GPGLL,3001.74305,S,05112.75148,W,171905.11,A,A*62
$GPGSA,A,3,05,12,18,23,25,26,29,31,,,,,1.98,0.97,1.72,1*11
$GPGSV,4,1,15,5,32,130,42,10,04,343,,12,13,033,26,13,07,029,,1*5F
$GPGSV,4,2,15,15,12,064,,16,04,219,,18,68,239,25,20,03,091,,1*6B
$GPGSV,4,3,15,21,02,145,,23,32,357,41,25,45,018,51,26,31,229,22,1*66
$GPGSV,4,4,15,28,18,299,17,29,56,136,45,31,19,267,17,1*55
$GPRMC,171905.11,A,3001.74305,S,05112.75148,W,0.29,58.30,090926,,,A,V*1E
$GPGGA,171906.11,3001.74306,S,05112.75165,W,1,08,0.96,50.76,M,,M,,*45
$GPGLL,3001.74306,S,05112.75165,W,171906.11,A,A*6D
$GPGSA,A,3,05,12,18,23,25,26,29,31,,,,,1.98,0.96,1.72,1*10
$GPGSV,4,1,15,5,32,130,42,10,04,343,,12,13,033,25,13,07,029,28,1*56
$GPGSV,4,2,15,15,12,064,,16,04,219,,18,68,239,25,20,03,091,,1*6B
$GPGSV,4,3,15,21,02,145,,23,32,357,41,25,45,018,52,26,31,229,22,1*65
$GPGSV,4,4,15,28,18,299,19,29,56,136,45,31,19,267,18,1*54
$GPRMC,171906.11,A,3001.74306,S,05112.75165,W,0.46,58.30,090926,,,A,V*18
$GPGGA,171907.11,3001.74303,S,05112.75158,W,1,09,0.91,50.50,M,,M,,*4D
$GPGLL,3001.74303,S,05112.75158,W,171907.11,A,A*67
$GPGSA,A,3,05,12,18,23,25,26,28,29,31,,,,1.92,0.91,1.69,1*1D
$GPGSV,4,1,15,5,32,130,42,10,04,343,,12,13,033,25,13,07,029,,1*5C
$GPGSV,4,2,15,15,12,064,,16,04,219,,18,68,239,26,20,03,091,,1*68
$GPGSV,4,3,15,21,02,145,,23,32,357,41,25,45,018,52,26,31,229,22,1*65
$GPGSV,4,4,15,28,18,299,20,29,56,136,45,31,19,267,18,1*5E
$GPRMC,171907.11,A,3001.74303,S,05112.75158,W,0.22,58.30,090926,,,A,V*10
$GPGGA,171908.11,3001.74296,S,05112.75141,W,1,09,0.91,50.56,M,,M,,*41
$GPGLL,3001.74296,S,05112.75141,W,171908.11,A,A*6D
$GPGSA,A,3,05,12,18,23,25,26,28,29,31,,,,1.92,0.91,1.69,1*1D
$GPGSV,4,1,15,5,32,130,42,10,04,343,,12,13,033,25,13,07,029,28,1*56
$GPGSV,4,2,15,15,12,064,,16,04,219,,18,68,239,26,20,03,091,,1*68
$GPGSV,4,3,15,21,02,145,,23,32,357,41,25,45,018,51,26,31,229,22,1*66
$GPGSV,4,4,15,28,18,299,21,29,56,136,45,31,19,267,19,1*5E
$GPRMC,171908.11,A,3001.74296,S,05112.75141,W,0.25,58.30,090926,,,A,V*1D
$GPGGA,171909.11,3001.74290,S,05112.75140,W,1,09,0.91,50.47,M,,M,,*47
$GPGLL,3001.74290,S,05112.75140,W,171909.11,A,A*6B
$GPGSA,A,3,05,12,18,23,25,26,28,29,31,,,,1.92,0.91,1.69,1*1D
$GPGSV,4,1,15,5,32,130,42,10,04,343,,12,13,033,24,13,07,029,28,1*57
$GPGSV,4,2,15,15,12,064,,16,04,219,,18,68,239,26,20,03,091,,1*68
$GPGSV,4,3,15,21,02,145,,23,32,357,40,25,45,018,51,26,31,229,22,1*67
$GPGSV,4,4,15,28,18,299,23,29,56,136,45,31,19,267,19,1*5C
$GPRMC,171909.11,A,3001.74290,S,05112.75140,W,0.12,58.30,090926,,,A,V*1F
$GPGGA,171910.11,3001.74285,S,05112.75157,W,1,09,0.91,50.38,M,,M,,*45
$GPGLL,3001.74285,S,05112.75157,W,171910.11,A,A*61
$GPGSA,A,3,05,12,18,23,25,26,28,29,31,,,,1.92,0.91,1.69,1*1D
$GPGSV,4,1,15,5,32,130,42,10,04,343,,12,13,033,25,13,07,029,29,1*57
$GPGSV,4,2,15,15,12,064,,16,04,219,,18,68,239,26,20,03,091,,1*68
$GPGSV,4,3,15,21,02,145,,23,32,357,40,25,45,018,51,26,31,229,22,1*67
$GPGSV,4,4,15,28,18,299,23,29,56,136,45,31,19,267,19,1*5C
$GPRMC,171910.11,A,3001.74285,S,05112.75157,W,0.06,58.30,090926,,,A,V*10
$GPGGA,171911.11,3001.74280,S,05112.75142,W,1,09,0.91,50.26,M,,M,,*4A
$GPGLL,3001.74280,S,05112.75142,W,171911.11,A,A*61
$GPGSA,A,3,05,12,18,23,25,26,28,29,31,,,,1.91,0.91,1.68,1*1F
$GPGSV,4,1,16,5,32,130,42,10,04,343,,12,13,033,25,13,07,029,28,1*55
$GPGSV,4,2,16,15,12,064,,16,04,219,,18,68,239,26,20,03,091,,1*6B
$GPGSV,4,3,16,21,02,145,,23,32,357,40,25,45,018,52,26,31,229,22,1*67
$GPGSV,4,4,16,28,18,299,24,29,56,136,45,31,19,267,18,197,,,26,1*62
$GPRMC,171911.11,A,3001.74280,S,05112.75142,W,0.18,58.30,090926,,,A,V*1F
$GPGGA,171912.11,3001.74282,S,05112.75144,W,1,09,0.91,49.92,M,,M,,*4A
$GPGLL,3001.74282,S,05112.75144,W,171912.11,A,A*66
$GPGSA,A,3,05,12,18,23,25,26,28,29,31,,,,1.91,0.91,1.68,1*1F
$GPGSV,5,1,17,5,32,130,42,10,04,343,,12,13,033,25,13,07,029,30,1*5C
$GPGSV,5,2,17,15,12,064,,16,04,219,,18,68,239,26,20,03,091,,1*6B
$GPGSV,5,3,17,21,02,145,,23,32,357,40,25,45,018,51,26,31,229,23,1*65
$GPGSV,5,4,17,28,18,299,25,29,56,136,45,31,19,267,19,193,,,26,1*66
$GPGSV,5,5,17,197,,,25,1*5A
$GPRMC,171912.11,A,3001.74282,S,05112.75144,W,0.25,58.30,090926,,,A,V*16
$GPGGA,171913.11,3001.74278,S,05112.75146,W,1,09,0.91,49.85,M,,M,,*4A
$GPGLL,3001.74278,S,05112.75146,W,171913.11,A,A*60
$GPGSA,A,3,05,12,18,23,25,26,28,29,31,,,,1.91,0.91,1.68,1*1F
$GPGSV,5,1,17,5,32,130,42,10,04,343,,12,13,033,25,13,07,029,30,1*5C
$GPGSV,5,2,17,15,12,064,,16,04,219,,18,68,239,26,20,03,091,,1*6B
$GPGSV,5,3,17,21,02,145,,23,32,357,40,25,45,018,52,26,31,229,23,1*66
$GPGSV,5,4,17,28,18,299,25,29,56,136,45,31,19,267,19,193,,,25,1*65
$GPGSV,5,5,17,197,,,25,1*5A
$GPRMC,171913.11,A,3001.74278,S,05112.75146,W,0.05,58.30,090926,,,A,V*12
$GPGGA,171914.11,3001.74274,S,05112.75133,W,1,09,0.91,49.66,M,,M,,*4E
$GPGLL,3001.74274,S,05112.75133,W,171914.11,A,A*69
$GPGSA,A,3,05,12,18,23,25,26,28,29,31,,,,1.91,0.91,1.68,1*1F
$GPGSV,4,1,15,5,32,130,42,10,04,343,,12,13,033,25,13,07,029,,1*5C
$GPGSV,4,2,15,15,12,064,,16,04,219,,18,68,239,26,20,03,091,,1*68
$GPGSV,4,3,15,21,02,145,,23,32,357,40,25,45,018,51,26,31,229,24,1*61
$GPGSV,4,4,15,28,18,299,25,29,56,136,45,31,19,267,19,1*5A
$GPRMC,171914.11,A,3001.74274,S,05112.75133,W,0.35,58.30,090926,,,A,V*18
$GPGGA,171915.11,3001.74266,S,05112.75132,W,1,09,0.91,49.07,M,,M,,*4A
$GPGLL,3001.74266,S,05112.75132,W,171915.11,A,A*6A
$GPGSA,A,3,05,12,18,23,25,26,28,29,31,,,,1.91,0.91,1.68,1*1F
$GPGSV,4,1,16,5,32,130,41,10,04,343,,12,13,033,25,13,07,029,24,1*5A
$GPGSV,4,2,16,15,12,064,,16,04,219,,18,68,239,25,20,03,091,,1*68
$GPGSV,4,3,16,21,02,145,,23,32,357,40,25,45,018,51,26,31,229,24,1*62
$GPGSV,4,4,16,28,18,299,25,29,56,136,45,31,19,267,18,193,,,42,1*65
$GPRMC,171915.11,A,3001.74266,S,05112.75132,W,0.50,58.30,090926,,,A,V*18
$GPGGA,171916.11,3001.74256,S,05112.75117,W,1,09,0.91,49.39,M,,M,,*40
$GPGLL,3001.74256,S,05112.75117,W,171916.11,A,A*6D
$GPGSA,A,3,05,12,18,23,25,26,28,29,31,,,,1.91,0.91,1.68,1*1F
$GPGSV,5,1,17,5,32,130,41,10,04,343,,12,13,033,25,13,07,029,29,1*57
$GPGSV,5,2,17,15,12,064,,16,04,219,,18,68,239,25,20,03,091,,1*68
$GPGSV,5,3,17,21,02,145,,23,32,357,40,25,45,018,51,26,31,229,24,1*62
$GPGSV,5,4,17,28,18,299,25,29,56,136,45,31,19,267,18,193,,,28,1*69
$GPGSV,5,5,17,197,,,29,1*56
$GPRMC,171916.11,A,3001.74256,S,05112.75117,W,0.36,58.30,090926,,,A,V*1F
$GPGGA,171917.11,3001.74249,S,05112.75104,W,1,09,0.91,49.02,M,,M,,*45
$GPGLL,3001.74249,S,05112.75104,W,171917.11,A,A*60
$GPGSA,A,3,05,12,18,23,25,26,28,29,31,,,,1.91,0.91,1.68,1*1F
$GPGSV,5,1,17,5,32,130,40,10,04,343,,12,13,033,25,13,07,029,29,1*56
$GPGSV,5,2,17,15,12,064,,16,04,219,,18,68,239,25,20,03,091,,1*68
$GPGSV,5,3,17,21,02,145,,23,32,357,40,25,45,018,51,26,31,229,25,1*63
$GPGSV,5,4,17,28,18,299,25,29,56,136,45,31,19,267,18,193,,,26,1*67
$GPGSV,5,5,17,197,,,24,1*5B
$GPRMC,171917.11,A,3001.74249,S,05112.75104,W,0.05,58.30,090926,,,A,V*12
$GPGGA,171918.11,3001.74239,S,05112.75088,W,1,09,0.91,49.03,M,,M,,*49
$GPGLL,3001.74239,S,05112.75088,W,171918.11,A,A*6D
$GPGSA,A,3,05,12,18,23,25,26,28,29,31,,,,1.91,0.91,1.68,1*1F
$GPGSV,5,1,17,5,32,130,40,10,04,343,,12,13,033,25,13,07,029,30,1*5E
$GPGSV,5,2,17,15,12,064,,16,04,219,,18,68,239,25,20,03,091,,1*68
$GPGSV,5,3,17,21,02,145,,23,32,357,40,25,45,018,51,26,31,229,25,1*63
$GPGSV,5,4,17,28,18,299,25,29,56,136,45,31,19,267,17,193,,,25,1*6B
$GPGSV,5,5,17,197,,,18,1*54
$GPRMC,171918.11,A,3001.74239,S,05112.75088,W,0.51,58.30,090926,,,A,V*1E
$GPGGA,171919.11,3001.74233,S,05112.75075,W,1,09,0.91,49.32,M,,M,,*42
$GPGLL,3001.74233,S,05112.75075,W,171919.11,A,A*64
$GPGSA,A,3,05,12,18,23,25,26,28,29,31,,,,1.91,0.91,1.68,1*1F
$GPGSV,4,1,16,5,32,130,41,10,04,343,,12,13,033,24,13,07,029,,1*5D
$GPGSV,4,2,16,15,12,064,,16,04,219,,18,68,239,25,20,03,091,,1*68
$GPGSV,4,3,16,21,02,145,,23,32,357,40,25,45,018,51,26,31,229,26,1*60
$GPGSV,4,4,16,28,18,299,25,29,56,136,45,31,19,267,16,197,,,29,1*62
$GPRMC,171919.11,A,3001.74233,S,05112.75075,W,0.14,58.30,090926,,,A,V*16
$GPGGA,171920.11,3001.74234,S,05112.75060,W,1,09,0.91,49.80,M,,M,,*42
$GPGLL,3001.74234,S,05112.75060,W,171920.11,A,A*6D
$GPGSA,A,3,05,12,18,23,25,26,28,29,31,,,,1.91,0.91,1.68,1*1F
$GPGSV,5,1,17,5,32,130,41,10,04,343,,12,13,033,24,13,07,029,,1*5D
$GPGSV,5,2,17,15,12,064,,16,04,219,,18,68,239,25,20,03,091,,1*68
$GPGSV,5,3,17,21,02,145,,23,32,357,40,25,45,018,51,26,31,229,26,1*60
$GPGSV,5,4,17,28,18,299,25,29,56,136,45,31,19,267,15,193,,,30,1*6D
$GPGSV,5,5,17,197,,,26,1*59
$GPRMC,171920.11,A,3001.74234,S,05112.75060,W,0.22,58.30,090926,,,A,V*1A
$GPGGA,171921.11,3001.74234,S,05112.75046,W,1,09,0.91,50.11,M,,M,,*47
$GPGLL,3001.74234,S,05112.75046,W,171921.11,A,A*68
$GPGSA,A,3,05,12,18,23,25,26,28,29,31,,,,1.91,0.91,1.68,1*1F
$GPGSV,4,1,16,5,32,130,41,10,04,343,,12,13,033,25,13,07,029,,1*5C
$GPGSV,4,2,16,15,12,064,,16,04,219,,18,68,239,25,20,03,091,,1*68
$GPGSV,4,3,16,21,02,145,,23,32,357,40,25,45,018,50,26,31,229,26,1*61
$GPGSV,4,4,16,28,18,299,25,29,56,136,45,31,19,267,13,193,,,25,1*6F
$GPRMC,171921.11,A,3001.74234,S,05112.75046,W,0.13,58.30,090926,,,A,V*1D
$GPGGA,171922.11,3001.74228,S,05112.75030,W,1,08,0.97,50.36,M,,M,,*4A
$GPGLL,3001.74228,S,05112.75030,W,171922.11,A,A*67
$GPGSA,A,3,05,12,18,23,25,26,28,29,,,,,2.03,0.97,1.79,1*13
$GPGSV,5,1,17,5,32,130,41,10,04,343,,12,13,033,25,13,07,029,29,1*57
$GPGSV,5,2,17,15,12,064,,16,04,219,,18,68,239,25,20,03,091,,1*68
$GPGSV,5,3,17,21,02,145,,23,32,357,40,25,45,018,51,26,31,229,26,1*60
$GPGSV,5,4,17,28,18,299,26,29,56,136,45,31,19,267,12,193,,,21,1*69
$GPGSV,5,5,17,197,,,29,1*56
$GPRMC,171922.11,A,3001.74228,S,05112.75030,W,0.40,58.30,090926,,,A,V*14
$GPGGA,171923.11,3001.74231,S,05112.75030,W,1,09,0.91,49.71,M,,M,,*4F
$GPGLL,3001.74231,S,05112.75030,W,171923.11,A,A*6E
$GPGSA,A,3,05,12,18,23,25,26,28,29,31,,,,1.91,0.91,1.68,1*1F
$GPGSV,4,1,16,5,32,130,41,10,04,343,,12,13,033,24,13,07,029,,1*5D
$GPGSV,4,2,16,15,12,064,,16,04,219,,18,68,239,26,20,03,091,,1*6B
$GPGSV,4,3,16,21,02,145,,23,32,357,40,25,45,018,50,26,31,229,26,1*61
$GPGSV,4,4,16,28,18,299,25,29,56,136,45,31,19,267,13,193,,,16,1*6F
$GPRMC,171923.11,A,3001.74231,S,05112.75030,W,0.35,58.30,090926,,,A,V*1F
$GPGGA,171924.11,3001.74224,S,05112.75021,W,1,08,0.97,49.85,M,,M,,*40
$GPGLL,3001.74224,S,05112.75021,W,171924.11,A,A*6D
$GPGSA,A,3,05,12,18,23,25,26,28,29,,,,,2.03,0.97,1.79,1*13
$GPGSV,4,1,16,5,32,130,41,10,04,343,,12,13,033,24,13,07,029,,1*5D
$GPGSV,4,2,16,15,12,064,,16,04,219,,18,68,239,26,20,03,091,,1*6B
$GPGSV,4,3,16,21,02,145,,23,32,357,40,25,45,018,51,26,31,229,26,1*60
$GPGSV,4,4,16,28,18,299,25,29,56,136,45,31,19,267,13,197,,,25,1*6B
$GPRMC,171924.11,A,3001.74224,S,05112.75021,W,0.07,58.30,090926,,,A,V*1D
$GPGGA,171925.11,3001.74216,S,05112.74991,W,1,07,1.05,50.05,M,,M,,*46
$GPGLL,3001.74216,S,05112.74991,W,171925.11,A,A*6E
$GPGSA,A,3,05,12,18,25,26,28,29,,,,,,2.10,1.05,1.82,1*1E
$GPGSV,4,1,16,5,32,130,41,10,04,343,,12,13,033,24,13,07,029,,1*5D
$GPGSV,4,2,16,15,12,064,,16,04,219,,18,68,239,25,20,03,091,,1*68
$GPGSV,4,3,16,21,02,145,,23,32,357,40,25,45,018,51,26,31,229,26,1*60
$GPGSV,4,4,16,28,18,299,25,29,56,136,45,31,19,267,05,197,,,21,1*68
$GPRMC,171925.11,A,3001.74216,S,05112.74991,W,0.06,58.30,090926,,,A,V*1F
$GPGGA,171926.11,3001.74208,S,05112.74960,W,1,07,1.05,50.35,M,,M,,*47
$GPGLL,3001.74208,S,05112.74960,W,171926.11,A,A*6C
$GPGSA,A,3,05,12,18,25,26,28,29,,,,,,2.10,1.05,1.82,1*1E
$GPGSV,4,1,16,5,32,130,42,10,04,343,,12,13,033,24,13,07,029,28,1*54
$GPGSV,4,2,16,15,12,064,,16,04,219,,18,68,239,25,20,03,091,,1*68
$GPGSV,4,3,16,21,02,145,,23,32,357,40,25,45,018,51,26,31,229,26,1*60
$GPGSV,4,4,16,28,18,299,26,29,56,136,45,31,19,267,04,197,,,14,1*6C
$GPRMC,171926.11,A,3001.74208,S,05112.74960,W,0.13,58.30,090926,,,A,V*19
$GPGGA,171927.11,3001.74204,S,05112.74931,W,1,07,1.05,50.35,M,,M,,*4E
$GPGLL,3001.74204,S,05112.74931,W,171927.11,A,A*65
$GPGSA,A,3,05,12,18,25,26,28,29,,,,,,2.10,1.05,1.82,1*1E
$GPGSV,4,1,15,5,32,130,42,10,04,343,,12,13,033,23,13,07,029,30,1*59
$GPGSV,4,2,15,15,12,064,,16,04,219,,18,68,239,25,20,03,091,,1*6B
$GPGSV,4,3,15,21,02,145,,23,32,357,40,25,45,018,51,26,31,229,26,1*63
$GPGSV,4,4,15,28,18,299,26,29,56,136,45,31,19,267,07,1*56
$GPRMC,171927.11,A,3001.74204,S,05112.74931,W,0.08,58.30,090926,,,A,V*1A
$GPGGA,171928.11,3001.74199,S,05112.74918,W,1,08,0.97,50.15,M,,M,,*4A
$GPGLL,3001.74199,S,05112.74918,W,171928.11,A,A*66
$GPGSA,A,3,05,12,18,23,25,26,28,29,,,,,2.03,0.97,1.78,1*12
$GPGSV,5,1,17,5,32,130,42,10,04,343,,12,13,033,23,13,07,029,29,1*52
$GPGSV,5,2,17,15,12,064,,16,04,219,,18,68,239,24,20,03,091,,1*69
$GPGSV,5,3,17,21,02,145,,23,32,357,40,25,45,018,52,26,31,229,26,1*63
$GPGSV,5,4,17,28,18,299,26,29,56,136,45,31,19,267,07,193,,,28,1*64
$GPGSV,5,5,17,197,,,28,1*57
$GPRMC,171928.11,A,3001.74199,S,05112.74918,W,0.14,58.30,090926,,,A,V*14
$GPGGA,171929.11,3001.74191,S,05112.74892,W,1,07,1.05,50.69,M,,M,,*4E
$GPGLL,3001.74191,S,05112.74892,W,171929.11,A,A*6C
$GPGSA,A,3,05,12,18,25,26,28,29,,,,,,2.10,1.05,1.82,1*1E
$GPGSV,5,1,17,5,32,130,41,10,04,343,,12,13,033,23,13,07,029,29,1*51
$GPGSV,5,2,17,15,12,064,,16,04,219,,18,68,239,24,20,03,091,,1*69
$GPGSV,5,3,17,21,02,145,,23,32,357,40,25,45,018,51,26,31,229,26,1*60
$GPGSV,5,4,17,28,18,299,25,29,56,136,45,31,19,267,05,193,,,26,1*6B
$GPGSV,5,5,17,197,,,35,1*5B
$GPRMC,171929.11,A,3001.74191,S,05112.74892,W,0.28,58.30,090926,,,A,V*11
$GPGGA,171930.11,3001.74181,S,05112.74905,W,1,08,0.97,50.45,M,,M,,*43
$GPGLL,3001.74181,S,05112.74905,W,171930.11,A,A*6A
$GPGSA,A,3,05,12,18,23,25,26,28,29,,,,,2.03,0.97,1.78,1*12
$GPGSV,5,1,17,5,32,130,41,10,04,343,,12,13,033,23,13,07,029,28,1*50
$GPGSV,5,2,17,15,12,065,,16,04,219,,18,68,237,24,20,04,092,,1*62
$GPGSV,5,3,17,21,02,145,,23,32,357,40,25,44,018,51,26,31,229,26,1*61
$GPGSV,5,4,17,28,18,299,25,29,56,135,45,31,19,268,02,193,,,24,1*62
$GPGSV,5,5,17,197,,,35,1*5B
$GPRMC,171930.11,A,3001.74181,S,05112.74905,W,0.21,58.30,090926,,,A,V*1E
$GPGGA,171931.11,3001.74182,S,05112.74915,W,1,08,0.97,50.52,M,,M,,*46
$GPGLL,3001.74182,S,05112.74915,W,171931.11,A,A*69
$GPGSA,A,3,05,12,18,23,25,26,28,29,,,,,2.03,0.97,1.78,1*12
$GPGSV,4,1,16,5,32,130,41,10,04,343,,12,13,033,22,13,07,029,29,1*50
$GPGSV,4,2,16,15,12,065,,16,04,219,,18,68,237,23,20,04,092,,1*65
$GPGSV,4,3,16,21,02,145,,23,32,357,40,25,44,018,51,26,31,229,26,1*61
$GPGSV,4,4,16,28,18,299,25,29,56,135,45,31,19,268,02,197,,,35,1*66
$GPRMC,171931.11,A,3001.74182,S,05112.74915,W,0.21,58.30,090926,,,A,V*1D
$GPGGA,171932.11,3001.74180,S,05112.74895,W,1,08,0.97,51.08,M,,M,,*40
$GPGLL,3001.74180,S,05112.74895,W,171932.11,A,A*61
$GPGSA,A,3,05,12,18,23,25,26,28,29,,,,,2.03,0.97,1.78,1*12
$GPGSV,4,1,16,5,32,130,41,10,04,343,,12,13,033,21,13,07,029,29,1*53
$GPGSV,4,2,16,15,12,065,,16,04,219,,18,68,237,23,20,04,092,,1*65
$GPGSV,4,3,16,21,02,145,,23,32,357,40,25,44,018,51,26,31,229,25,1*62
$GPGSV,4,4,16,28,18,299,25,29,56,135,45,31,19,268,00,197,,,35,1*64
$GPRMC,171932.11,A,3001.74180,S,05112.74895,W,0.20,58.30,090926,,,A,V*14
$GPGGA,171933.11,3001.74177,S,05112.74890,W,1,08,0.97,51.21,M,,M,,*47
$GPGLL,3001.74177,S,05112.74890,W,171933.11,A,A*6D
$GPGSA,A,3,05,12,18,23,25,26,28,29,,,,,2.03,0.97,1.78,1*12
$GPGSV,4,1,15,5,32,130,41,10,04,343,,12,13,033,21,13,07,029,26,1*5F
$GPGSV,4,2,15,15,12,065,,16,04,219,,18,68,237,23,20,04,092,,1*66
$GPGSV,4,3,15,21,02,145,,23,32,357,40,25,44,018,52,26,31,229,25,1*62
$GPGSV,4,4,15,28,18,299,24,29,56,135,45,31,19,268,09,1*56
$GPRMC,171933.11,A,3001.74177,S,05112.74890,W,0.22,58.30,090926,,,A,V*1A
$GPGGA,171934.11,3001.74173,S,05112.74886,W,1,08,0.97,51.30,M,,M,,*43
$GPGLL,3001.74173,S,05112.74886,W,171934.11,A,A*69
$GPGSA,A,3,05,12,18,23,25,26,28,29,,,,,2.03,0.97,1.78,1*12
$GPGSV,4,1,15,5,32,130,41,10,04,343,,12,13,033,21,13,07,029,30,1*58
$GPGSV,4,2,15,15,12,065,,16,04,219,,18,68,237,22,20,04,092,,1*67
$GPGSV,4,3,15,21,02,145,,23,32,357,40,25,44,018,52,26,31,229,24,1*63
$GPGSV,4,4,15,28,18,299,24,29,56,135,45,31,19,268,08,1*57
$GPRMC,171934.11,A,3001.74173,S,05112.74886,W,0.12,58.30,090926,,,A,V*1D
$GPGGA,171935.11,3001.74162,S,05112.74889,W,1,08,0.97,51.06,M,,M,,*48
$GPGLL,3001.74162,S,05112.74889,W,171935.11,A,A*67
$GPGSA,A,3,05,12,18,23,25,26,28,29,,,,,2.03,0.97,1.78,1*12
$GPGSV,4,1,15,5,32,130,41,10,04,343,,12,13,033,21,13,07,029,29,1*50
$GPGSV,4,2,15,15,12,065,,16,04,219,,18,68,237,22,20,04,092,,1*67
$GPGSV,4,3,15,21,02,145,,23,32,357,40,25,44,018,52,26,31,229,23,1*64
$GPGSV,4,4,15,28,18,299,24,29,56,135,45,31,19,268,06,1*59
$GPRMC,171935.11,A,3001.74162,S,05112.74889,W,0.10,58.30,090926,,,A,V*11
$GPGGA,171936.11,3001.74156,S,05112.74879,W,1,08,0.97,50.77,M,,M,,*44
$GPGLL,3001.74156,S,05112.74879,W,171936.11,A,A*6C
$GPGSA,A,3,05,12,18,23,25,26,28,29,,,,,2.03,0.97,1.78,1*12
$GPGSV,4,1,15,5,32,130,41,10,04,343,,12,13,033,20,13,07,029,29,1*51
$GPGSV,4,2,15,15,12,065,,16,04,219,,18,68,237,22,20,04,092,,1*67
$GPGSV,4,3,15,21,02,145,,23,32,357,40,25,44,018,51,26,31,229,23,1*67
$GPGSV,4,4,15,28,18,299,24,29,56,135,45,31,19,268,07,1*58
$GPRMC,171936.11,A,3001.74156,S,05112.74879,W,0.07,58.30,090926,,,A,V*1C
$GPGGA,171937.11,3001.74159,S,05112.74880,W,1,08,0.97,50.65,M,,M,,*4F
$GPGLL,3001.74159,S,05112.74880,W,171937.11,A,A*64
$GPGSA,A,3,05,12,18,23,25,26,28,29,,,,,2.03,0.97,1.78,1*12
$GPGSV,4,1,15,5,32,130,41,10,04,343,,12,13,033,20,13,07,029,29,1*51
$GPGSV,4,2,15,15,12,065,,16,04,219,,18,68,237,22,20,04,092,,1*67
$GPGSV,4,3,15,21,02,145,,23,32,357,40,25,44,018,52,26,31,229,22,1*65
$GPGSV,4,4,15,28,18,299,24,29,56,135,45,31,19,268,00,1*5F
$GPRMC,171937.11,A,3001.74159,S,05112.74880,W,0.62,58.30,090926,,,A,V*17
$GPGGA,171938.11,3001.74169,S,05112.74879,W,1,08,0.97,50.11,M,,M,,*46
$GPGLL,3001.74169,S,05112.74879,W,171938.11,A,A*6E
$GPGSA,A,3,05,12,18,23,25,26,28,29,,,,,2.03,0.97,1.78,1*12
$GPGSV,4,1,15,5,32,130,40,10,04,343,,12,13,033,20,13,07,029,29,1*50
$GPGSV,4,2,15,15,12,065,,16,04,219,,18,68,237,21,20,04,092,,1*64
$GPGSV,4,3,15,21,02,145,,23,32,357,40,25,44,018,51,26,31,229,22,1*66
$GPGSV,4,4,15,28,18,299,24,29,56,135,45,31,19,268,00,1*5F
$GPRMC,171938.11,A,3001.74169,S,05112.74879,W,0.05,58.30,090926,,,A,V*1C
$GPGGA,171939.11,3001.74180,S,05112.74928,W,1,08,0.97,49.82,M,,M,,*47
$GPGLL,3001.74180,S,05112.74928,W,171939.11,A,A*6D
$GPGSA,A,3,05,12,18,23,25,26,28,29,,,,,2.03,0.97,1.78,1*12
$GPGSV,4,1,15,5,32,130,40,10,04,343,,12,13,033,20,13,07,029,28,1*51
$GPGSV,4,2,15,15,12,065,,16,04,219,,18,68,237,20,20,04,092,,1*65
$GPGSV,4,3,15,21,02,145,,23,32,357,40,25,44,018,51,26,31,229,21,1*65
$GPGSV,4,4,15,28,18,299,25,29,56,135,45,31,19,268,08,1*56
$GPRMC,171939.11,A,3001.74180,S,05112.74928,W,0.58,58.30,090926,,,A,V*17
$GPGGA,171940.11,3001.74189,S,05112.74954,W,1,08,0.97,49.25,M,,M,,*46
$GPGLL,3001.74189,S,05112.74954,W,171940.11,A,A*61
$GPGSA,A,3,05,12,18,23,25,26,28,29,,,,,2.03,0.97,1.78,1*12
$GPGSV,4,1,15,5,32,130,40,10,04,343,,12,13,033,20,13,07,029,,1*5B
$GPGSV,4,2,15,15,12,065,,16,04,219,,18,68,237,21,20,04,092,,1*64
$GPGSV,4,3,15,21,02,145,,23,32,357,40,25,44,018,51,26,31,229,19,1*6E
$GPGSV,4,4,15,28,18,299,25,29,56,135,45,31,19,268,00,1*5E
$GPRMC,171940.11,A,3001.74189,S,05112.74954,W,0.21,58.30,090926,,,A,V*15
$GPGGA,171941.11,3001.74201,S,05112.74993,W,1,08,0.97,48.96,M,,M,,*46
$GPGLL,3001.74201,S,05112.74993,W,171941.11,A,A*68
$GPGSA,A,3,05,12,18,23,25,26,28,29,,,,,2.03,0.97,1.78,1*12
$GPGSV,4,1,15,5,32,130,40,10,04,343,,12,13,033,19,13,07,029,,1*51
$GPGSV,4,2,15,15,12,065,,16,04,219,,18,68,237,22,20,04,092,,1*67
$GPGSV,4,3,15,21,02,145,,23,32,357,40,25,44,018,51,26,31,229,19,1*6E
$GPGSV,4,4,15,28,18,299,25,29,56,135,45,31,19,268,12,1*5D
$GPRMC,171941.11,A,3001.74201,S,05112.74993,W,0.70,58.30,090926,,,A,V*18
$GPGGA,171942.11,3001.74210,S,05112.75038,W,1,08,0.97,48.28,M,,M,,*49
$GPGLL,3001.74210,S,05112.75038,W,171942.11,A,A*62
$GPGSA,A,3,05,12,18,23,25,26,28,29,,,,,2.03,0.97,1.78,1*12
$GPGSV,4,1,15,5,32,130,40,10,04,343,,12,13,033,19,13,07,029,19,1*59
$GPGSV,4,2,15,15,12,065,,16,04,219,,18,68,237,22,20,04,092,,1*67
$GPGSV,4,3,15,21,02,145,,23,32,357,40,25,44,018,50,26,31,229,18,1*6E
$GPGSV,4,4,15,28,18,299,25,29,56,135,44,31,19,268,13,1*5D
$GPRMC,171942.11,A,3001.74210,S,05112.75038,W,0.08,58.30,090926,,,A,V*1D
$GPGGA,171943.11,3001.74213,S,05112.75053,W,1,08,0.97,48.44,M,,M,,*4C
$GPGLL,3001.74213,S,05112.75053,W,171943.11,A,A*6D
$GPGSA,A,3,05,12,18,23,25,26,28,29,,,,,2.03,0.97,1.78,1*12
$GPGSV,4,1,15,5,32,130,40,10,04,343,,12,13,033,19,13,07,029,28,1*5B
$GPGSV,4,2,15,15,12,065,,16,04,219,,18,68,237,23,20,04,092,,1*66
$GPGSV,4,3,15,21,02,145,,23,32,357,40,25,44,018,51,26,31,229,16,1*61
$GPGSV,4,4,15,28,18,299,26,29,56,135,44,31,19,268,07,1*5B
$GPRMC,171943.11,A,3001.74213,S,05112.75053,W,0.31,58.30,090926,,,A,V*18
$GPGGA,171944.11,3001.74216,S,05112.75069,W,1,08,0.97,48.26,M,,M,,*43
$GPGLL,3001.74216,S,05112.75069,W,171944.11,A,A*66
$GPGSA,A,3,05,12,18,23,25,26,28,29,,,,,2.03,0.97,1.78,1*12
$GPGSV,4,1,16,5,32,130,40,10,04,343,,12,13,033,20,13,07,029,28,1*52
$GPGSV,4,2,16,15,12,065,,16,04,219,,18,68,237,23,20,04,092,,1*65
$GPGSV,4,3,16,21,02,145,,23,32,357,39,25,44,018,51,26,31,229,17,1*6D
$GPGSV,4,4,16,28,18,299,26,29,56,135,45,31,19,268,00,201,,,28,1*67
$GPRMC,171944.11,A,3001.74216,S,05112.75069,W,0.14,58.30,090926,,,A,V*14
$GPGGA,171945.11,3001.74218,S,05112.75070,W,1,08,0.97,47.94,M,,M,,*42
$GPGLL,3001.74218,S,05112.75070,W,171945.11,A,A*61
$GPGSA,A,3,05,12,18,23,25,26,28,29,,,,,2.03,0.97,1.78,1*12
$GPGSV,4,1,16,5,32,130,40,10,04,343,,12,13,033,20,13,07,029,26,1*5C
$GPGSV,4,2,16,15,12,065,,16,04,219,,18,68,237,23,20,04,092,,1*65
$GPGSV,4,3,16,21,02,145,,23,32,357,39,25,44,018,51,26,31,229,16,1*6C
$GPGSV,4,4,16,28,18,299,27,29,56,135,45,31,19,268,00,201,,,25,1*6B
$GPRMC,171945.11,A,3001.74218,S,05112.75070,W,0.19,58.30,090926,,,A,V*1E
$GPGGA,171946.11,3001.74215,S,05112.75081,W,1,08,0.97,47.61,M,,M,,*48
$GPGLL,3001.74215,S,05112.75081,W,171946.11,A,A*61
$GPGSA,A,3,05,12,18,23,25,26,28,29,,,,,2.03,0.97,1.78,1*12
$GPGSV,4,1,16,5,32,130,40,10,04,343,,12,13,033,20,13,07,029,29,1*53
$GPGSV,4,2,16,15,12,065,,16,04,219,,18,68,237,23,20,04,092,,1*65
$GPGSV,4,3,16,21,02,145,,23,32,357,39,25,44,018,52,26,31,229,14,1*6D
$GPGSV,4,4,16,28,18,299,26,29,56,135,45,31,19,268,08,201,,,25,1*62
$GPRMC,171946.11,A,3001.74215,S,05112.75081,W,0.18,58.30,090926,,,A,V*1F
$GPGGA,171947.11,3001.74215,S,05112.75097,W,1,08,0.97,47.40,M,,M,,*4D
$GPGLL,3001.74215,S,05112.75097,W,171947.11,A,A*67
$GPGSA,A,3,05,12,18,23,25,26,28,29,,,,,2.03,0.97,1.78,1*12
$GPGSV,5,1,17,5,32,130,41,10,04,343,,12,13,033,21,13,07,029,29,1*53
$GPGSV,5,2,17,15,12,065,,16,04,219,,18,68,237,23,20,04,092,,1*65
$GPGSV,5,3,17,21,02,145,,23,32,357,39,25,44,018,51,26,31,229,13,1*69
$GPGSV,5,4,17,28,18,299,27,29,56,135,45,31,19,268,02,193,,,29,1*6D
$GPGSV,5,5,17,201,,,26,1*55
$GPRMC,171947.11,A,3001.74215,S,05112.75097,W,0.06,58.30,090926,,,A,V*16
$GPGGA,171948.11,3001.74216,S,05112.75103,W,1,07,1.17,47.32,M,,M,,*4E
$GPGLL,3001.74216,S,05112.75103,W,171948.11,A,A*67
$GPGSA,A,3,05,12,18,23,25,28,29,,,,,,2.24,1.17,1.91,1*1D
$GPGSV,5,1,17,5,32,130,41,10,04,343,,12,13,033,20,13,07,029,28,1*53
$GPGSV,5,2,17,15,12,065,,16,04,219,,18,68,237,23,20,04,092,,1*65
$GPGSV,5,3,17,21,02,145,,23,32,357,39,25,44,018,51,26,31,229,12,1*68
$GPGSV,5,4,17,28,18,299,27,29,56,135,45,31,19,268,12,193,,,25,1*60
$GPGSV,5,5,17,201,,,26,1*55
$GPRMC,171948.11,A,3001.74216,S,05112.75103,W,0.09,58.30,090926,,,A,V*19
$GPGGA,171949.11,3001.74219,S,05112.75125,W,1,08,0.97,47.77,M,,M,,*43
$GPGLL,3001.74219,S,05112.75125,W,171949.11,A,A*6D
$GPGSA,A,3,05,12,18,23,25,26,28,29,,,,,2.03,0.97,1.78,1*12
$GPGSV,4,1,15,5,32,130,41,10,04,343,,12,13,033,20,13,07,029,29,1*51
$GPGSV,4,2,15,15,12,065,,16,04,219,,18,68,237,23,20,04,092,,1*66
$GPGSV,4,3,15,21,02,145,,23,32,357,40,25,44,018,51,26,31,229,14,1*63
$GPGSV,4,4,15,28,18,299,27,29,56,135,45,31,19,268,09,1*55
$GPRMC,171949.11,A,3001.74219,S,05112.75125,W,0.71,58.30,090926,,,A,V*1C
$GPGGA,171950.11,3001.74227,S,05112.75144,W,1,08,0.97,47.73,M,,M,,*45
$GPGLL,3001.74227,S,05112.75144,W,171950.11,A,A*6F
$GPGSA,A,3,05,12,18,23,25,26,28,29,,,,,2.03,0.97,1.78,1*12
$GPGSV,4,1,15,5,32,130,41,10,04,343,,12,13,033,21,13,07,029,29,1*50
$GPGSV,4,2,15,15,12,065,26,16,04,219,,18,68,237,23,20,04,092,,1*62
$GPGSV,4,3,15,21,02,145,,23,32,357,39,25,44,018,51,26,31,229,15,1*6C
$GPGSV,4,4,15,28,18,299,27,29,56,135,45,31,19,268,11,1*5C
$GPRMC,171950.11,A,3001.74227,S,05112.75144,W,0.17,58.30,090926,,,A,V*1E
$GPGGA,171951.11,3001.74230,S,05112.75151,W,1,08,0.97,47.88,M,,M,,*42
$GPGLL,3001.74230,S,05112.75151,W,171951.11,A,A*6C
$GPGSA,A,3,05,12,18,23,25,26,28,29,,,,,2.03,0.97,1.78,1*12
$GPGSV,4,1,15,5,32,130,41,10,04,343,,12,13,033,21,13,07,029,,1*5B
$GPGSV,4,2,15,15,12,065,25,16,04,219,,18,68,237,24,20,04,092,,1*66
$GPGSV,4,3,15,21,02,145,,23,32,357,40,25,44,018,51,26,31,229,15,1*62
$GPGSV,4,4,15,28,18,299,28,29,56,135,45,31,19,268,13,1*51
$GPRMC,171951.11,A,3001.74230,S,05112.75151,W,0.10,58.30,090926,,,A,V*1A
$GPGGA,171952.11,3001.74229,S,05112.75140,W,1,08,0.97,48.19,M,,M,,*4E
$GPGLL,3001.74229,S,05112.75140,W,171952.11,A,A*67
$GPGSA,A,3,05,12,18,23,25,26,28,29,,,,,2.03,0.97,1.78,1*12
$GPGSV,4,1,15,5,32,130,41,10,04,343,,12,13,033,21,13,07,029,,1*5B
$GPGSV,4,2,15,15,12,065,25,16,04,219,,18,68,237,24,20,04,092,,1*66
$GPGSV,4,3,15,21,02,145,,23,32,357,40,25,44,018,51,26,31,229,16,1*61
$GPGSV,4,4,15,28,18,299,28,29,56,135,45,31,19,268,09,1*5A
$GPRMC,171952.11,A,3001.74229,S,05112.75140,W,0.20,58.30,090926,,,A,V*12
$GPGGA,171953.11,3001.74232,S,05112.75140,W,1,08,0.97,48.49,M,,M,,*40
$GPGLL,3001.74232,S,05112.75140,W,171953.11,A,A*6C
$GPGSA,A,3,05,12,18,23,25,26,28,29,,,,,2.03,0.97,1.78,1*12
$GPGSV,4,1,15,5,32,130,41,10,04,343,,12,13,033,20,13,07,029,,1*5A
$GPGSV,4,2,15,15,12,065,25,16,04,219,,18,68,237,24,20,04,092,,1*66
$GPGSV,4,3,15,21,02,145,,23,32,357,39,25,44,018,51,26,31,229,17,1*6E
$GPGSV,4,4,15,28,18,299,28,29,56,135,45,31,19,268,11,1*53
$GPRMC,171953.11,A,3001.74232,S,05112.75140,W,0.13,58.30,090926,,,A,V*19
$GPGGA,171954.11,3001.74240,S,05112.75145,W,1,08,0.97,48.94,M,,M,,*47
$GPGLL,3001.74240,S,05112.75145,W,171954.11,A,A*6B
$GPGSA,A,3,05,12,18,23,25,26,28,29,,,,,2.03,0.97,1.78,1*12
$GPGSV,4,1,15,5,32,130,41,10,04,343,,12,13,033,19,13,07,029,26,1*54
$GPGSV,4,2,15,15,12,065,,16,04,219,,18,68,237,24,20,04,092,,1*61
$GPGSV,4,3,15,21,02,145,,23,32,357,40,25,44,018,51,26,31,229,17,1*60
$GPGSV,4,4,15,28,18,299,28,29,56,135,45,31,19,268,12,1*50
$GPRMC,171954.11,A,3001.74240,S,05112.75145,W,0.46,58.30,090926,,,A,V*1E
$GPGGA,171955.11,3001.74246,S,05112.75141,W,1,08,0.97,48.81,M,,M,,*40
$GPGLL,3001.74246,S,05112.75141,W,171955.11,A,A*68
$GPGSA,A,3,05,12,18,23,25,26,28,29,,,,,2.03,0.97,1.78,1*12
$GPGSV,4,1,15,5,32,130,41,10,04,343,,12,13,033,18,13,07,029,28,1*5B
$GPGSV,4,2,15,15,12,065,,16,04,219,,18,68,237,24,20,04,092,,1*61
$GPGSV,4,3,15,21,02,145,,23,32,357,40,25,44,018,52,26,31,229,18,1*6C
$GPGSV,4,4,15,28,18,299,28,29,56,135,45,31,19,268,11,1*53
$GPRMC,171955.11,A,3001.74246,S,05112.75141,W,0.33,58.30,090926,,,A,V*1F
$GPGGA,171956.11,3001.74246,S,05112.75129,W,1,08,0.97,48.80,M,,M,,*4C
$GPGLL,3001.74246,S,05112.75129,W,171956.11,A,A*65
$GPGSA,A,3,05,12,18,23,25,26,28,29,,,,,2.03,0.97,1.78,1*12
$GPGSV,4,1,15,5,32,130,41,10,04,343,,12,13,033,19,13,07,029,28,1*5A
$GPGSV,4,2,15,15,12,065,,16,04,219,,18,68,237,24,20,04,092,,1*61
$GPGSV,4,3,15,21,02,145,,23,32,357,40,25,44,018,52,26,31,229,20,1*67
$GPGSV,4,4,15,28,18,299,28,29,56,135,45,31,19,268,18,1*5A
$GPRMC,171956.11,A,3001.74246,S,05112.75129,W,0.15,58.30,090926,,,A,V*16
$GPGGA,171957.11,3001.74237,S,05112.75086,W,1,09,0.91,49.16,M,,M,,*46
$GPGLL,3001.74237,S,05112.75086,W,171957.11,A,A*66
$GPGSA,A,3,05,12,18,23,25,26,28,29,31,,,,1.91,0.91,1.68,1*1F
$GPGSV,4,1,15,5,32,130,41,10,04,343,,12,13,033,19,13,07,029,29,1*5B
$GPGSV,4,2,15,15,12,065,,16,04,219,,18,68,237,24,20,04,092,,1*61
$GPGSV,4,3,15,21,02,145,,23,32,357,40,25,44,018,51,26,31,229,21,1*65
$GPGSV,4,4,15,28,18,299,28,29,56,135,45,31,19,268,20,1*51
$GPRMC,171957.11,A,3001.74237,S,05112.75086,W,0.37,58.30,090926,,,A,V*15
$GPGGA,171958.11,3001.74228,S,05112.75046,W,1,09,0.91,49.43,M,,M,,*4B
$GPGLL,3001.74228,S,05112.75046,W,171958.11,A,A*6B
$GPGSA,A,3,05,12,18,23,25,26,28,29,31,,,,1.91,0.91,1.68,1*1F
$GPGSV,4,1,15,5,32,130,41,10,04,343,,12,13,033,20,13,07,029,29,1*51
$GPGSV,4,2,15,15,12,065,,16,04,219,,18,68,237,25,20,04,092,,1*60
$GPGSV,4,3,15,21,02,145,,23,32,357,40,25,44,018,51,26,31,229,23,1*67
$GPGSV,4,4,15,28,18,299,28,29,56,135,45,31,19,268,20,1*51
$GPRMC,171958.11,A,3001.74228,S,05112.75046,W,0.20,58.30,090926,,,A,V*1E
$GPGGA,171959.11,3001.74224,S,05112.75006,W,1,08,0.97,49.63,M,,M,,*47
$GPGLL,3001.74224,S,05112.75006,W,171959.11,A,A*62
$GPGSA,A,3,05,12,18,23,25,26,28,29,,,,,2.03,0.97,1.78,1*12
$GPGSV,4,1,16,5,32,130,41,10,04,343,,12,13,033,20,13,07,029,29,1*52
$GPGSV,4,2,16,15,12,065,,16,04,219,,18,68,237,25,20,04,092,,1*63
$GPGSV,4,3,16,21,02,145,,23,32,357,40,25,44,018,51,26,31,229,24,1*63
$GPGSV,4,4,16,28,18,299,27,29,56,135,45,31,19,268,27,193,,,41,1*64
$GPRMC,171959.11,A,3001.74224,S,05112.75006,W,0.11,58.30,090926,,,A,V*15
$GPGGA,172000.11,3001.74215,S,05112.74975,W,1,08,0.97,49.84,M,,M,,*46
$GPGLL,3001.74215,S,05112.74975,W,172000.11,A,A*6A
$GPGSA,A,3,05,12,18,23,25,26,28,29,,,,,2.03,0.97,1.78,1*12
$GPGSV,5,1,17,5,32,130,40,10,04,343,,12,13,033,21,13,07,029,30,1*5A
$GPGSV,5,2,17,15,12,065,,16,04,219,,18,68,237,25,20,04,092,,1*63
$GPGSV,5,3,17,21,02,145,,23,32,357,40,25,44,018,51,26,31,229,24,1*63
$GPGSV,5,4,17,28,18,299,27,29,56,135,45,31,19,268,24,193,,,27,1*67
$GPGSV,5,5,17,197,,,27,1*58
$GPRMC,172000.11,A,3001.74215,S,05112.74975,W,0.18,58.30,090926,,,A,V*14
$GPGGA,172001.11,3001.74205,S,05112.74964,W,1,08,0.97,49.97,M,,M,,*44
$GPGLL,3001.74205,S,05112.74964,W,172001.11,A,A*6A
$GPGSA,A,3,05,12,18,23,25,26,28,29,,,,,2.03,0.97,1.78,1*12
$GPGSV,5,1,17,5,32,130,40,10,04,343,,12,13,033,20,13,07,029,29,1*53
$GPGSV,5,2,17,15,12,065,,16,04,219,,18,68,237,25,20,04,092,,1*63
$GPGSV,5,3,17,21,02,145,,23,32,357,40,25,44,018,51,26,31,229,25,1*62
$GPGSV,5,4,17,28,18,299,26,29,56,135,45,31,19,268,22,193,,,25,1*62
$GPGSV,5,5,17,197,,,25,1*5A
$GPRMC,172001.11,A,3001.74205,S,05112.74964,W,0.16,58.30,090926,,,A,V*1A
$GPGGA,172002.11,3001.74203,S,05112.74951,W,1,08,0.97,50.23,M,,M,,*40
$GPGLL,3001.74203,S,05112.74951,W,172002.11,A,A*69
$GPGSA,A,3,05,12,18,23,25,26,28,29,,,,,2.03,0.97,1.78,1*12
$GPGSV,5,1,17,5,32,130,40,10,04,343,,12,13,033,21,13,07,029,,1*59
$GPGSV,5,2,17,15,12,065,,16,04,219,,18,68,237,25,20,04,092,,1*63
$GPGSV,5,3,17,21,02,145,,23,32,357,40,25,44,018,50,26,31,229,26,1*60
$GPGSV,5,4,17,28,18,299,26,29,56,135,45,31,19,268,21,193,,,24,1*60
$GPGSV,5,5,17,197,,,25,1*5A
$GPRMC,172002.11,A,3001.74203,S,05112.74951,W,0.23,58.30,090926,,,A,V*1F
$GPGGA,172003.11,3001.74204,S,05112.74921,W,1,08,0.97,50.29,M,,M,,*4B
$GPGLL,3001.74204,S,05112.74921,W,172003.11,A,A*68
$GPGSA,A,3,05,12,18,23,25,26,28,29,,,,,2.03,0.97,1.78,1*12
$GPGSV,4,1,16,5,32,130,40,10,04,343,,12,13,033,21,13,07,029,,1*59
$GPGSV,4,2,16,15,12,065,,16,04,219,,18,68,237,25,20,04,092,,1*63
$GPGSV,4,3,16,21,02,145,,23,32,357,40,25,44,018,51,26,31,229,27,1*60
$GPGSV,4,4,16,28,18,299,25,29,56,135,45,31,19,268,20,197,,,25,1*67
$GPRMC,172003.11,A,3001.74204,S,05112.74921,W,0.05,58.30,090926,,,A,V*1A
$GPGGA,172004.11,3001.74203,S,05112.74906,W,1,08,0.97,50.87,M,,M,,*4A
$GPGLL,3001.74203,S,05112.74906,W,172004.11,A,A*6D
$GPGSA,A,3,05,12,18,23,25,26,28,29,,,,,2.03,0.97,1.78,1*12
$GPGSV,5,1,17,5,32,130,40,10,04,343,,12,13,033,21,13,07,029,23,1*58
$GPGSV,5,2,17,15,12,065,,16,04,219,,18,68,237,25,20,04,092,,1*63
$GPGSV,5,3,17,21,02,145,,23,32,357,40,25,44,018,51,26,31,229,27,1*60
$GPGSV,5,4,17,28,18,299,25,29,56,135,45,31,19,268,,193,,,33,1*66
$GPGSV,5,5,17,197,,,25,1*5A
$GPRMC,172004.11,A,3001.74203,S,05112.74906,W,0.05,58.30,090926,,,A,V*1F
$GPGGA,172005.11,3001.74199,S,05112.74896,W,1,08,0.97,51.21,M,,M,,*4E
$GPGLL,3001.74199,S,05112.74896,W,172005.11,A,A*64
$GPGSA,A,3,05,12,18,23,25,26,28,29,,,,,2.03,0.97,1.78,1*12
$GPGSV,5,1,17,5,32,130,40,10,04,343,,12,13,033,21,13,07,029,29,1*52
$GPGSV,5,2,17,15,12,065,,16,04,219,,18,68,237,25,20,04,092,,1*63
$GPGSV,5,3,17,21,02,145,,23,32,357,40,25,44,018,51,26,31,229,28,1*6F
$GPGSV,5,4,17,28,18,299,25,29,56,135,45,31,19,268,22,193,,,26,1*62
$GPGSV,5,5,17,197,,,25,1*5A
$GPRMC,172005.11,A,3001.74199,S,05112.74896,W,0.09,58.30,090926,,,A,V*1A
$GPGGA,172006.11,3001.74190,S,05112.74871,W,1,08,0.97,51.41,M,,M,,*4B
$GPGLL,3001.74190,S,05112.74871,W,172006.11,A,A*67
$GPGSA,A,3,05,12,18,23,25,26,28,29,,,,,2.03,0.97,1.78,1*12
$GPGSV,5,1,17,5,32,130,40,10,04,343,,12,13,033,22,13,07,029,29,1*51
$GPGSV,5,2,17,15,12,065,,16,04,219,,18,68,237,25,20,04,092,,1*63
$GPGSV,5,3,17,21,02,145,,23,32,357,40,25,44,018,51,26,31,229,28,1*6F
$GPGSV,5,4,17,28,18,299,24,29,56,135,45,31,19,268,20,193,,,24,1*63
$GPGSV,5,5,17,197,,,24,1*5B
$GPRMC,172006.11,A,3001.74190,S,05112.74871,W,0.06,58.30,090926,,,A,V*16
$GPGGA,172007.11,3001.74183,S,05112.74836,W,1,08,0.97,51.75,M,,M,,*4C
$GPGLL,3001.74183,S,05112.74836,W,172007.11,A,A*67
$GPGSA,A,3,05,12,18,23,25,26,28,29,,,,,2.03,0.97,1.78,1*12
$GPGSV,5,1,17,5,32,130,40,10,04,343,,12,13,033,22,13,07,029,26,1*5E
$GPGSV,5,2,17,15,12,065,,16,04,219,,18,68,237,25,20,04,092,,1*63
$GPGSV,5,3,17,21,02,145,,23,32,357,40,25,44,018,52,26,31,229,29,1*6D
$GPGSV,5,4,17,28,18,299,24,29,56,135,45,31,19,268,18,193,,,24,1*68
$GPGSV,5,5,17,197,,,24,1*5B
$GPRMC,172007.11,A,3001.74183,S,05112.74836,W,0.13,58.30,090926,,,A,V*12
$GPGGA,172008.11,3001.74182,S,05112.74825,W,1,08,0.97,52.27,M,,M,,*44
$GPGLL,3001.74182,S,05112.74825,W,172008.11,A,A*6B
$GPGSA,A,3,05,12,18,23,25,26,28,29,,,,,2.03,0.97,1.78,1*12
$GPGSV,4,1,15,5,32,130,41,10,04,343,,12,13,033,22,13,07,029,27,1*5D
$GPGSV,4,2,15,15,12,065,,16,04,219,,18,68,237,25,20,04,092,,1*60
$GPGSV,4,3,15,21,02,145,,23,32,357,40,25,44,018,51,26,31,229,29,1*6D
$GPGSV,4,4,15,28,18,299,24,29,56,135,45,31,19,268,,1*5F
$GPRMC,172008.11,A,3001.74182,S,05112.74825,W,0.21,58.30,090926,,,A,V*1F
$GPGGA,172009.11,3001.74178,S,05112.74817,W,1,08,0.97,52.43,M,,M,,*43
$GPGLL,3001.74178,S,05112.74817,W,172009.11,A,A*6E
$GPGSA,A,3,05,12,18,23,25,26,28,29,,,,,2.03,0.97,1.78,1*12
$GPGSV,4,1,15,5,32,130,40,10,04,343,,12,13,033,22,13,07,029,27,1*5C
$GPGSV,4,2,15,15,12,065,,16,04,219,,18,68,237,25,20,04,092,,1*60
$GPGSV,4,3,15,21,02,145,,23,32,357,40,25,44,018,51,26,31,229,29,1*6D
$GPGSV,4,4,15,28,18,299,24,29,56,135,45,31,19,268,,1*5F
$GPRMC,172009.11,A,3001.74178,S,05112.74817,W,0.09,58.30,090926,,,A,V*10
$GPGGA,172010.11,3001.74176,S,05112.74803,W,1,08,0.97,52.73,M,,M,,*43
$GPGLL,3001.74176,S,05112.74803,W,172010.11,A,A*6D
$GPGSA,A,3,05,12,18,23,25,26,28,29,,,,,2.03,0.97,1.78,1*12
$GPGSV,4,1,15,5,32,130,40,10,04,343,,12,13,033,23,13,07,029,29,1*53
$GPGSV,4,2,15,15,12,065,,16,04,219,,18,68,237,24,20,04,092,,1*61
$GPGSV,4,3,15,21,02,145,,23,32,357,40,25,44,018,51,26,31,229,29,1*6D
$GPGSV,4,4,15,28,18,299,24,29,56,135,44,31,19,268,,1*5E
$GPRMC,172010.11,A,3001.74176,S,05112.74803,W,0.02,58.30,090926,,,A,V*18
$GPGGA,172011.11,3001.74175,S,05112.74778,W,1,08,0.97,52.72,M,,M,,*43
$GPGLL,3001.74175,S,05112.74778,W,172011.11,A,A*6C
$GPGSA,A,3,05,12,18,23,25,26,28,29,,,,,2.03,0.97,1.78,1*12
$GPGSV,4,1,15,5,32,130,40,10,04,343,,12,13,033,22,13,07,029,28,1*53
$GPGSV,4,2,15,15,12,065,,16,04,219,,18,68,237,24,20,04,092,,1*61
$GPGSV,4,3,15,21,02,145,,23,32,357,40,25,44,018,51,26,31,229,29,1*6D
$GPGSV,4,4,15,28,18,299,22,29,56,135,45,31,19,268,,1*59
$GPRMC,172011.11,A,3001.74175,S,05112.74778,W,0.04,58.30,090926,,,A,V*1F
$GPGGA,172012.11,3001.74177,S,05112.74761,W,1,08,0.97,52.73,M,,M,,*4B
$GPGLL,3001.74177,S,05112.74761,W,172012.11,A,A*65
$GPGSA,A,3,05,12,18,23,25,26,28,29,,,,,2.03,0.97,1.78,1*12
$GPGSV,4,1,15,5,32,130,40,10,04,343,,12,13,033,23,13,07,029,28,1*52
$GPGSV,4,2,15,15,12,065,,16,04,219,,18,68,237,23,20,04,092,,1*66
$GPGSV,4,3,15,21,02,145,,23,32,357,40,25,44,018,52,26,31,229,30,1*66
$GPGSV,4,4,15,28,18,299,22,29,56,135,45,31,19,268,23,1*58
$GPRMC,172012.11,A,3001.74177,S,05112.74761,W,0.09,58.30,090926,,,A,V*1B
$GPGGA,172013.11,3001.74174,S,05112.74746,W,1,09,0.91,52.68,M,,M,,*41
$GPGLL,3001.74174,S,05112.74746,W,172013.11,A,A*62
$GPGSA,A,3,05,12,18,23,25,26,28,29,31,,,,1.91,0.91,1.68,1*1F
$GPGSV,4,1,16,5,32,130,39,10,04,343,,12,13,033,24,13,07,029,,1*52
$GPGSV,4,2,16,15,12,065,,16,04,219,,18,68,237,22,20,04,092,,1*64
$GPGSV,4,3,16,21,02,145,,23,32,357,40,25,44,018,50,26,31,229,29,1*6F
$GPGSV,4,4,16,28,18,299,21,29,56,135,45,31,19,268,22,197,,,29,1*6D
$GPRMC,172013.11,A,3001.74174,S,05112.74746,W,0.18,58.30,090926,,,A,V*1C
$GPGGA,172014.11,3001.74170,S,05112.74729,W,1,09,0.91,52.57,M,,M,,*47
$GPGLL,3001.74170,S,05112.74729,W,172014.11,A,A*68
$GPGSA,A,3,05,12,18,23,25,26,28,29,31,,,,1.91,0.91,1.68,1*1F
$GPGSV,4,1,16,5,32,130,39,10,04,343,,12,13,033,23,13,07,029,,1*55
$GPGSV,4,2,16,15,12,065,,16,04,219,,18,68,237,22,20,04,092,,1*64
$GPGSV,4,3,16,21,02,145,,23,32,357,40,25,44,018,51,26,31,229,29,1*6E
$GPGSV,4,4,16,28,18,299,20,29,56,135,44,31,19,268,22,197,,,26,1*62
$GPRMC,172014.11,A,3001.74170,S,05112.74729,W,0.12,58.30,090926,,,A,V*1C
$GPGGA,172015.11,3001.74167,S,05112.74720,W,1,09,0.91,52.71,M,,M,,*4D
$GPGLL,3001.74167,S,05112.74720,W,172015.11,A,A*66
$GPGSA,A,3,05,12,18,23,25,26,28,29,31,,,,1.91,0.91,1.68,1*1F
$GPGSV,4,1,16,5,32,130,39,10,04,343,,12,13,033,24,13,07,029,,1*52
$GPGSV,4,2,16,15,12,065,,16,04,219,,18,68,237,22,20,04,092,,1*64
$GPGSV,4,3,16,21,02,145,,23,32,357,40,25,44,018,51,26,31,229,29,1*6E
$GPGSV,4,4,16,28,18,299,19,29,56,135,45,31,19,268,22,197,,,25,1*6A
$GPRMC,172015.11,A,3001.74167,S,05112.74720,W,0.03,58.30,090926,,,A,V*12
$GPGGA,172016.11,3001.74166,S,05112.74697,W,1,09,0.91,52.67,M,,M,,*45
$GPGLL,3001.74166,S,05112.74697,W,172016.11,A,A*69
$GPGSA,A,3,05,12,18,23,25,26,28,29,31,,,,1.91,0.91,1.68,1*1F
$GPGSV,4,1,16,5,32,130,39,10,04,343,,12,13,033,23,13,07,029,,1*55
$GPGSV,4,2,16,15,12,065,,16,04,219,,18,68,237,22,20,04,092,,1*64
$GPGSV,4,3,16,21,02,145,,23,32,357,40,25,44,018,51,26,31,229,29,1*6E
$GPGSV,4,4,16,28,18,299,18,29,56,135,45,31,19,268,23,197,,,25,1*6A
$GPRMC,172016.11,A,3001.74166,S,05112.74697,W,0.03,58.30,090926,,,A,V*1D
$GPGGA,172017.11,3001.74167,S,05112.74689,W,1,09,0.91,52.71,M,,M,,*4D
$GPGLL,3001.74167,S,05112.74689,W,172017.11,A,A*66
$GPGSA,A,3,05,12,18,23,25,26,28,29,31,,,,1.91,0.91,1.68,1*1F
$GPGSV,4,1,16,5,32,130,39,10,04,343,,12,13,033,23,13,07,029,,1*55
$GPGSV,4,2,16,15,12,065,,16,04,219,,18,68,237,21,20,04,092,,1*67
$GPGSV,4,3,16,21,02,145,,23,32,357,40,25,44,018,51,26,31,229,29,1*6E
$GPGSV,4,4,16,28,18,299,18,29,56,135,45,31,19,268,23,193,,,27,1*6C
$GPRMC,172017.11,A,3001.74167,S,05112.74689,W,0.12,58.30,090926,,,A,V*12
$GPGGA,172018.11,3001.74167,S,05112.74670,W,1,09,0.91,53.07,M,,M,,*44
$GPGLL,3001.74167,S,05112.74670,W,172018.11,A,A*6F
$GPGSA,A,3,05,12,18,23,25,26,28,29,31,,,,1.91,0.91,1.68,1*1F
$GPGSV,4,1,15,5,32,130,40,10,04,343,,12,13,033,23,13,07,029,,1*58
$GPGSV,4,2,15,15,12,065,,16,04,219,,18,68,237,21,20,04,092,,1*64
$GPGSV,4,3,15,21,02,145,,23,32,357,40,25,44,018,51,26,31,229,28,1*6C
$GPGSV,4,4,15,28,18,299,18,29,56,135,45,31,19,268,23,1*51
$GPRMC,172018.11,A,3001.74167,S,05112.74670,W,0.12,58.30,090926,,,A,V*1B
$GPGGA,172019.11,3001.74164,S,05112.74657,W,1,09,0.91,53.17,M,,M,,*42
$GPGLL,3001.74164,S,05112.74657,W,172019.11,A,A*68
$GPGSA,A,3,05,12,18,23,25,26,28,29,31,,,,1.91,0.91,1.68,1*1F
$GPGSV,4,1,15,5,32,130,40,10,04,343,,12,13,033,24,13,07,029,29,1*54
$GPGSV,4,2,15,15,12,065,,16,04,219,,18,68,237,21,20,04,092,,1*64
$GPGSV,4,3,15,21,02,145,,23,32,357,40,25,44,018,52,26,31,229,28,1*6F
$GPGSV,4,4,15,28,18,299,18,29,56,135,45,31,19,268,23,1*51
$GPRMC,172019.11,A,3001.74164,S,05112.74657,W,0.05,58.30,090926,,,A,V*1A
$GPGGA,172020.11,3001.74161,S,05112.74652,W,1,09,0.91,53.33,M,,M,,*4E
$GPGLL,3001.74161,S,05112.74652,W,172020.11,A,A*62
$GPGSA,A,3,05,12,18,23,25,26,28,29,31,,,,1.91,0.91,1.68,1*1F
$GPGSV,4,1,15,5,32,130,40,10,04,343,,12,13,033,24,13,07,029,28,1*55
$GPGSV,4,2,15,15,12,065,,16,04,219,,18,68,237,19,20,04,092,,1*6F
$GPGSV,4,3,15,21,02,145,,23,32,357,40,25,44,018,52,26,31,229,28,1*6F
$GPGSV,4,4,15,28,18,299,18,29,56,135,45,31,19,268,23,1*51
$GPRMC,172020.11,A,3001.74161,S,05112.74652,W,0.07,58.30,090926,,,A,V*12
$GPGGA,172021.11,3001.74159,S,05112.74651,W,1,09,0.91,53.27,M,,M,,*42
$GPGLL,3001.74159,S,05112.74651,W,172021.11,A,A*6B
$GPGSA,A,3,05,12,18,23,25,26,28,29,31,,,,1.91,0.91,1.68,1*1F
$GPGSV,4,1,15,5,32,130,41,10,04,343,,12,13,033,24,13,07,029,29,1*55
$GPGSV,4,2,15,15,12,065,,16,04,219,,18,68,237,18,20,04,092,,1*6E
$GPGSV,4,3,15,21,02,145,,23,32,357,40,25,44,018,51,26,31,229,28,1*6C
$GPGSV,4,4,15,28,18,299,17,29,56,135,45,31,19,268,23,1*5E
$GPRMC,172021.11,A,3001.74159,S,05112.74651,W,0.25,58.30,090926,,,A,V*1B
$GPGGA,172022.11,3001.74159,S,05112.74650,W,1,09,0.91,53.77,M,,M,,*45
$GPGLL,3001.74159,S,05112.74650,W,172022.11,A,A*69
$GPGSA,A,3,05,12,18,23,25,26,28,29,31,,,,1.91,0.91,1.68,1*1F
$GPGSV,4,1,15,5,32,130,41,10,04,343,,12,13,033,24,13,07,029,28,1*54
$GPGSV,4,2,15,15,12,065,,16,04,219,,18,68,237,17,20,04,092,,1*61
$GPGSV,4,3,15,21,02,145,,23,32,357,40,25,44,018,52,26,31,229,28,1*6F
$GPGSV,4,4,15,28,18,299,17,29,56,135,45,31,19,268,24,1*59
$GPRMC,172022.11,A,3001.74159,S,05112.74650,W,0.28,58.30,090926,,,A,V*14
$GPGGA,172023.11,3001.74153,S,05112.74651,W,1,09,0.91,53.95,M,,M,,*43
$GPGLL,3001.74153,S,05112.74651,W,172023.11,A,A*63
$GPGSA,A,3,05,12,18,23,25,26,28,29,31,,,,1.91,0.91,1.68,1*1F
$GPGSV,4,1,15,5,32,130,41,10,04,343,,12,13,033,24,13,07,029,28,1*54
$GPGSV,4,2,15,15,12,065,,16,04,219,,18,68,237,17,20,04,092,,1*61
$GPGSV,4,3,15,21,02,145,,23,32,357,40,25,44,018,52,26,31,229,28,1*6F
$GPGSV,4,4,15,28,18,299,18,29,56,135,44,31,19,268,24,1*57
$GPRMC,172023.11,A,3001.74153,S,05112.74651,W,0.12,58.30,090926,,,A,V*17
$GPGGA,172024.11,3001.74151,S,05112.74636,W,1,09,0.91,54.28,M,,M,,*46
$GPGLL,3001.74151,S,05112.74636,W,172024.11,A,A*67
$GPGSA,A,3,05,12,18,23,25,26,28,29,31,,,,1.91,0.91,1.68,1*1F
$GPGSV,5,1,17,5,32,130,41,10,04,343,,12,13,033,25,13,07,029,29,1*57
$GPGSV,5,2,17,15,12,065,,16,04,219,,18,68,237,18,20,04,092,,1*6D
$GPGSV,5,3,17,21,02,145,,23,32,357,40,25,44,018,52,26,31,229,27,1*63
$GPGSV,5,4,17,28,18,299,19,29,56,135,44,31,19,268,23,193,,,27,1*6C
$GPGSV,5,5,17,197,,,28,1*57
$GPRMC,172024.11,A,3001.74151,S,05112.74636,W,0.44,58.30,090926,,,A,V*10
$GPGGA,172025.11,3001.74143,S,05112.74624,W,1,09,0.91,54.83,M,,M,,*46
$GPGLL,3001.74143,S,05112.74624,W,172025.11,A,A*66
$GPGSA,A,3,05,12,18,23,25,26,28,29,31,,,,1.91,0.91,1.68,1*1F
$GPGSV,4,1,15,5,32,130,41,10,04,343,,12,13,033,24,13,07,029,29,1*55
$GPGSV,4,2,15,15,12,065,,16,04,219,,18,68,237,18,20,04,092,,1*6E
$GPGSV,4,3,15,21,02,145,,23,32,357,40,25,44,018,51,26,31,229,27,1*63
$GPGSV,4,4,15,28,18,299,21,29,56,135,45,31,19,268,22,1*5A
$GPRMC,172025.11,A,3001.74143,S,05112.74624,W,0.27,58.30,090926,,,A,V*14
$GPGGA,172026.11,3001.74138,S,05112.74617,W,1,09,0.91,54.86,M,,M,,*4C
$GPGLL,3001.74138,S,05112.74617,W,172026.11,A,A*69
$GPGSA,A,3,05,12,18,23,25,26,28,29,31,,,,1.91,0.91,1.68,1*1F
$GPGSV,4,1,15,5,32,130,41,10,04,343,,12,13,033,24,13,07,029,,1*5E
$GPGSV,4,2,15,15,12,065,,16,04,219,,18,68,237,20,20,04,092,,1*65
$GPGSV,4,3,15,21,02,145,,23,32,357,40,25,44,018,51,26,31,229,27,1*63
$GPGSV,4,4,15,28,18,299,22,29,56,135,44,31,19,268,22,1*58
$GPRMC,172026.11,A,3001.74138,S,05112.74617,W,0.20,58.30,090926,,,A,V*1C
$GPGGA,172027.11,3001.74133,S,05112.74597,W,1,09,0.91,55.23,M,,M,,*43
$GPGLL,3001.74133,S,05112.74597,W,172027.11,A,A*68
$GPGSA,A,3,05,12,18,23,25,26,28,29,31,,,,1.91,0.91,1.67,1*10
$GPGSV,4,1,15,5,32,130,41,10,04,343,,12,13,033,24,13,07,029,,1*5E
$GPGSV,4,2,15,15,12,065,,16,04,219,,18,68,237,20,20,04,092,,1*65
$GPGSV,4,3,15,21,02,145,,23,32,357,40,25,44,018,52,26,31,229,27,1*60
$GPGSV,4,4,15,28,18,299,23,29,56,135,45,31,19,268,23,1*59
$GPRMC,172027.11,A,3001.74133,S,05112.74597,W,0.19,58.30,090926,,,A,V*17
$GPGGA,172028.11,3001.74130,S,05112.74588,W,1,09,0.91,55.51,M,,M,,*44
$GPGLL,3001.74130,S,05112.74588,W,172028.11,A,A*6A
$GPGSA,A,3,05,12,18,23,25,26,28,29,31,,,,1.91,0.91,1.67,1*10
$GPGSV,4,1,15,5,32,130,41,10,04,343,,12,13,033,24,13,07,029,,1*5E
$GPGSV,4,2,15,15,12,065,,16,04,219,,18,68,237,21,20,04,092,,1*64
$GPGSV,4,3,15,21,02,145,,23,32,357,40,25,44,018,52,26,31,229,27,1*60
$GPGSV,4,4,15,28,18,299,23,29,56,135,44,31,19,268,23,1*58
$GPRMC,172028.11,A,3001.74130,S,05112.74588,W,0.05,58.30,090926,,,A,V*18
$GPGGA,172029.11,3001.74129,S,05112.74584,W,1,09,0.91,55.91,M,,M,,*4D
$GPGLL,3001.74129,S,05112.74584,W,172029.11,A,A*6F
$GPGSA,A,3,05,12,18,23,25,26,28,29,31,,,,1.91,0.91,1.67,1*10
$GPGSV,4,1,15,5,32,130,41,10,04,343,,12,13,033,24,13,07,029,27,1*5B
$GPGSV,4,2,15,15,12,065,,16,04,219,,18,68,237,21,20,04,092,,1*64
$GPGSV,4,3,15,21,02,145,,23,32,357,40,25,44,018,52,26,31,229,26,1*61
$GPGSV,4,4,15,28,18,299,23,29,56,135,44,31,19,268,23,1*58
$GPRMC,172029.11,A,3001.74129,S,05112.74584,W,0.08,58.30,090926,,,A,V*10
$GPGGA,172030.11,3001.74124,S,05112.74582,W,1,09,0.91,56.18,M,,M,,*4C
$GPGLL,3001.74124,S,05112.74582,W,172030.11,A,A*6C
$GPGSA,A,3,05,12,18,23,25,26,28,29,31,,,,1.90,0.91,1.67,1*11
$GPGSV,4,1,15,5,31,131,41,10,04,343,,12,13,033,24,13,07,029,29,1*57
$GPGSV,4,2,15,15,13,065,,16,05,219,,18,68,236,21,20,04,092,,1*65
$GPGSV,4,3,15,21,02,145,,23,33,357,40,25,44,018,51,26,32,229,26,1*60
$GPGSV,4,4,15,28,18,299,22,29,55,134,45,31,19,268,24,1*5D
$GPRMC,172030.11,A,3001.74124,S,05112.74582,W,0.08,58.30,090926,,,A,V*13
$GPGGA,172031.11,3001.74116,S,05112.74578,W,1,09,0.91,56.28,M,,M,,*4A
$GPGLL,3001.74116,S,05112.74578,W,172031.11,A,A*69
$GPGSA,A,3,05,12,18,23,25,26,28,29,31,,,,1.90,0.91,1.67,1*11
$GPGSV,4,1,15,5,31,131,41,10,04,343,,12,13,033,24,13,07,029,27,1*59
$GPGSV,4,2,15,15,13,065,,16,05,219,25,18,68,236,21,20,04,092,,1*62
$GPGSV,4,3,15,21,02,145,,23,33,357,40,25,44,018,51,26,32,229,26,1*60
$GPGSV,4,4,15,28,18,299,23,29,55,134,45,31,19,268,24,1*5C
$GPRMC,172031.11,A,3001.74116,S,05112.74578,W,0.22,58.30,090926,,,A,V*1E
$GPGGA,172032.11,3001.74113,S,05112.74576,W,1,09,0.91,56.49,M,,M,,*45
$GPGLL,3001.74113,S,05112.74576,W,172032.11,A,A*61
$GPGSA,A,3,05,12,18,23,25,26,28,29,31,,,,1.90,0.91,1.67,1*11
$GPGSV,4,1,16,5,31,131,41,10,04,343,,12,13,033,24,13,07,029,28,1*55
$GPGSV,4,2,16,15,13,065,,16,05,219,24,18,68,236,22,20,04,092,,1*63
$GPGSV,4,3,16,21,02,145,,23,33,357,40,25,44,018,51,26,32,229,26,1*63
$GPGSV,4,4,16,28,18,299,23,29,55,134,44,31,19,268,24,193,,,26,1*61
$GPRMC,172032.11,A,3001.74113,S,05112.74576,W,0.62,58.30,090926,,,A,V*12
$GPGGA,172033.11,3001.74108,S,05112.74576,W,1,09,0.91,56.44,M,,M,,*43
$GPGLL,3001.74108,S,05112.74576,W,172033.11,A,A*6A
$GPGSA,A,3,05,12,18,23,25,26,28,29,31,,,,1.90,0.91,1.67,1*11
$GPGSV,4,1,15,5,31,131,41,10,04,343,,12,13,033,23,13,07,029,26,1*5F
$GPGSV,4,2,15,15,13,065,,16,05,219,25,18,68,236,22,20,04,092,,1*61
$GPGSV,4,3,15,21,02,145,,23,33,357,40,25,44,018,51,26,32,229,25,1*63
$GPGSV,4,4,15,28,18,299,23,29,55,134,44,31,19,268,24,1*5D
$GPRMC,172033.11,A,3001.74108,S,05112.74576,W,0.11,58.30,090926,,,A,V*1D
$GPGGA,172034.11,3001.74108,S,05112.74566,W,1,09,0.91,56.53,M,,M,,*43
$GPGLL,3001.74108,S,05112.74566,W,172034.11,A,A*6C
$GPGSA,A,3,05,12,18,23,25,26,28,29,31,,,,1.90,0.91,1.67,1*11
$GPGSV,4,1,15,5,31,131,41,10,04,343,,12,13,033,23,13,07,029,25,1*5C
$GPGSV,4,2,15,15,13,065,,16,05,219,25,18,68,236,23,20,04,092,,1*60
$GPGSV,4,3,15,21,02,145,,23,33,357,40,25,44,018,51,26,32,229,25,1*63
$GPGSV,4,4,15,28,18,299,23,29,55,134,44,31,19,268,23,1*5A
$GPRMC,172034.11,A,3001.74108,S,05112.74566,W,0.12,58.30,090926,,,A,V*18
$GPGGA,172035.11,3001.74106,S,05112.74550,W,1,09,0.91,56.40,M,,M,,*4B
$GPGLL,3001.74106,S,05112.74550,W,172035.11,A,A*66
$GPGSA,A,3,05,12,18,23,25,26,28,29,31,,,,1.90,0.91,1.67,1*11
$GPGSV,4,1,15,5,31,131,41,10,04,343,,12,13,033,23,13,07,029,29,1*50
$GPGSV,4,2,15,15,13,065,,16,05,219,26,18,68,236,23,20,04,092,,1*63
$GPGSV,4,3,15,21,02,145,,23,33,357,40,25,44,018,51,26,32,229,26,1*60
$GPGSV,4,4,15,28,18,299,23,29,55,134,44,31,19,268,23,1*5A
$GPRMC,172035.11,A,3001.74106,S,05112.74550,W,0.24,58.30,090926,,,A,V*17
$GPGGA,172036.11,3001.74108,S,05112.74549,W,1,09,0.91,56.52,M,,M,,*4D
$GPGLL,3001.74108,S,05112.74549,W,172036.11,A,A*63
$GPGSA,A,3,05,12,18,23,25,26,28,29,31,,,,1.90,0.91,1.67,1*11
$GPGSV,4,1,16,5,31,131,41,10,04,343,,12,13,033,23,13,07,029,26,1*5C
$GPGSV,4,2,16,15,13,065,,16,05,219,25,18,68,236,24,20,04,092,,1*64
$GPGSV,4,3,16,21,02,145,,23,33,357,41,25,44,018,51,26,32,229,26,1*62
$GPGSV,4,4,16,28,18,299,23,29,55,134,45,31,19,268,22,193,,,41,1*67
$GPRMC,172036.11,A,3001.74108,S,05112.74549,W,0.12,58.30,090926,,,A,V*17
$GPGGA,172037.11,3001.74107,S,05112.74533,W,1,09,0.91,56.84,M,,M,,*45
$GPGLL,3001.74107,S,05112.74533,W,172037.11,A,A*60
$GPGSA,A,3,05,12,18,23,25,26,28,29,31,,,,1.90,0.91,1.67,1*11
$GPGSV,4,1,16,5,31,131,41,10,04,343,,12,13,033,23,13,07,029,24,1*5E
$GPGSV,4,2,16,15,13,065,,16,05,219,25,18,68,236,23,20,04,092,,1*63
$GPGSV,4,3,16,21,02,145,,23,33,357,40,25,44,018,51,26,32,229,26,1*63
$GPGSV,4,4,16,28,18,299,24,29,55,134,45,31,19,268,21,193,,,26,1*62
$GPRMC,172037.11,A,3001.74107,S,05112.74533,W,0.36,58.30,090926,,,A,V*12
$GPGGA,172038.11,3001.74101,S,05112.74537,W,1,09,0.91,57.02,M,,M,,*47
$GPGLL,3001.74101,S,05112.74537,W,172038.11,A,A*6D
$GPGSA,A,3,05,12,18,23,25,26,28,29,31,,,,1.90,0.91,1.67,1*11
$GPGSV,4,1,16,5,31,131,41,10,04,343,,12,13,033,23,13,07,029,25,1*5F
$GPGSV,4,2,16,15,13,065,,16,05,219,25,18,68,236,23,20,04,092,,1*63
$GPGSV,4,3,16,21,02,145,,23,33,357,40,25,44,018,51,26,32,229,26,1*63
$GPGSV,4,4,16,28,18,299,24,29,55,134,45,31,19,268,22,193,,,25,1*62
$GPRMC,172038.11,A,3001.74101,S,05112.74537,W,0.27,58.30,090926,,,A,V*1F
$GPGGA,172039.11,3001.74098,S,05112.74534,W,1,09,0.91,56.80,M,,M,,*4F
$GPGLL,3001.74098,S,05112.74534,W,172039.11,A,A*6E
$GPGSA,A,3,05,12,18,23,25,26,28,29,31,,,,1.90,0.91,1.67,1*11
$GPGSV,4,1,16,5,31,131,41,10,04,343,,12,13,033,23,13,07,029,25,1*5F
$GPGSV,4,2,16,15,13,065,,16,05,219,,18,68,236,23,20,04,092,,1*64
$GPGSV,4,3,16,21,02,145,,23,33,357,40,25,44,018,51,26,32,229,26,1*63
$GPGSV,4,4,16,28,18,299,24,29,55,134,45,31,19,268,21,193,,,25,1*61
$GPRMC,172039.11,A,3001.74098,S,05112.74534,W,0.37,58.30,090926,,,A,V*1D
$GPGGA,172040.11,3001.74091,S,05112.74517,W,1,09,0.91,57.26,M,,M,,*44
$GPGLL,3001.74091,S,05112.74517,W,172040.11,A,A*68
$GPGSA,A,3,05,12,18,23,25,26,28,29,31,,,,1.90,0.91,1.67,1*11
$GPGSV,4,1,15,5,31,131,41,10,04,343,,12,13,033,23,13,07,029,27,1*5E
$GPGSV,4,2,15,15,13,065,,16,05,219,,18,68,236,22,20,04,092,,1*66
$GPGSV,4,3,15,21,02,145,,23,33,357,40,25,44,018,51,26,32,229,26,1*60
$GPGSV,4,4,15,28,18,299,24,29,55,134,45,31,19,268,20,1*5F
$GPRMC,172040.11,A,3001.74091,S,05112.74517,W,0.18,58.30,090926,,,A,V*16
$GPGGA,172041.11,3001.74086,S,05112.74508,W,1,09,0.91,57.55,M,,M,,*49
$GPGLL,3001.74086,S,05112.74508,W,172041.11,A,A*61
$GPGSA,A,3,05,12,18,23,25,26,28,29,31,,,,1.90,0.91,1.67,1*11
$GPGSV,4,1,15,5,31,131,41,10,04,343,,12,13,033,22,13,07,029,26,1*5E
$GPGSV,4,2,15,15,13,065,,16,05,219,25,18,68,236,22,20,04,092,,1*61
$GPGSV,4,3,15,21,02,145,,23,33,357,40,25,44,018,51,26,32,229,26,1*60
$GPGSV,4,4,15,28,18,299,24,29,55,134,44,31,19,268,20,1*5E
$GPRMC,172041.11,A,3001.74086,S,05112.74508,W,0.23,58.30,090926,,,A,V*17
$GPGGA,172042.11,3001.74079,S,05112.74487,W,1,09,0.91,57.51,M,,M,,*48
$GPGLL,3001.74079,S,05112.74487,W,172042.11,A,A*64
$GPGSA,A,3,05,12,18,23,25,26,28,29,31,,,,1.90,0.91,1.67,1*11
$GPGSV,4,1,15,5,31,131,40,10,04,343,,12,13,033,23,13,07,029,28,1*50
$GPGSV,4,2,15,15,13,065,,16,05,219,24,18,68,236,22,20,04,092,,1*60
$GPGSV,4,3,15,21,02,145,,23,33,357,40,25,44,018,51,26,32,229,26,1*60
$GPGSV,4,4,15,28,18,299,24,29,55,134,44,31,19,268,21,1*5F
$GPRMC,172042.11,A,3001.74079,S,05112.74487,W,0.06,58.30,090926,,,A,V*15
$GPGGA,172043.11,3001.74070,S,05112.74480,W,1,09,0.91,57.72,M,,M,,*46
$GPGLL,3001.74070,S,05112.74480,W,172043.11,A,A*6B
$GPGSA,A,3,05,12,18,23,25,26,28,29,31,,,,1.90,0.91,1.67,1*11
$GPGSV,4,1,15,5,31,131,40,10,04,343,,12,13,033,22,13,07,029,25,1*5C
$GPGSV,4,2,15,15,13,065,,16,05,219,25,18,68,236,22,20,04,092,,1*61
$GPGSV,4,3,15,21,02,145,,23,33,357,40,25,44,018,51,26,32,229,26,1*60
$GPGSV,4,4,15,28,18,299,24,29,55,134,44,31,19,268,22,1*5C
$GPRMC,172043.11,A,3001.74070,S,05112.74480,W,0.04,58.30,090926,,,A,V*18
$GPGGA,172044.11,3001.74067,S,05112.74475,W,1,09,0.91,57.44,M,,M,,*48
$GPGLL,3001.74067,S,05112.74475,W,172044.11,A,A*60
$GPGSA,A,3,05,12,18,23,25,26,28,29,31,,,,1.90,0.91,1.67,1*11
$GPGSV,4,1,15,5,31,131,40,10,04,343,,12,13,033,22,13,07,029,27,1*5E
$GPGSV,4,2,15,15,13,065,,16,05,219,,18,68,236,22,20,04,092,,1*66
$GPGSV,4,3,15,21,02,145,,23,33,357,40,25,44,018,51,26,32,229,26,1*60
$GPGSV,4,4,15,28,18,299,23,29,55,134,44,31,19,268,22,1*5B
$GPRMC,172044.11,A,3001.74067,S,05112.74475,W,0.35,58.30,090926,,,A,V*11
$GPGGA,172045.11,3001.74059,S,05112.74479,W,1,09,0.91,57.19,M,,M,,*40
$GPGLL,3001.74059,S,05112.74479,W,172045.11,A,A*60
$GPGSA,A,3,05,12,18,23,25,26,28,29,31,,,,1.90,0.91,1.67,1*11
$GPGSV,4,1,15,5,31,131,40,10,04,343,,12,13,033,22,13,07,029,,1*5B
$GPGSV,4,2,15,15,13,065,,16,05,219,,18,68,236,21,20,04,092,,1*65
$GPGSV,4,3,15,21,02,145,,23,33,357,40,25,44,018,50,26,32,229,26,1*61
$GPGSV,4,4,15,28,18,299,23,29,55,134,44,31,19,268,22,1*5B
$GPRMC,172045.11,A,3001.74059,S,05112.74479,W,0.10,58.30,090926,,,A,V*16
$GPGGA,172046.11,3001.74057,S,05112.74471,W,1,09,0.91,57.57,M,,M,,*4F
$GPGLL,3001.74057,S,05112.74471,W,172046.11,A,A*65
$GPGSA,A,3,05,12,18,23,25,26,28,29,31,,,,1.90,0.91,1.67,1*11
$GPGSV,4,1,15,5,31,131,41,10,04,343,,12,13,033,22,13,07,029,,1*5A
$GPGSV,4,2,15,15,13,065,,16,05,219,26,18,68,236,22,20,04,092,,1*62
$GPGSV,4,3,15,21,02,145,,23,33,357,40,25,44,018,51,26,32,229,27,1*61
$GPGSV,4,4,15,28,18,299,23,29,55,134,44,31,19,268,21,1*58
$GPRMC,172046.11,A,3001.74057,S,05112.74471,W,0.20,58.30,090926,,,A,V*10
$GPGGA,172047.11,3001.74052,S,05112.74463,W,1,09,0.91,57.67,M,,M,,*4B
$GPGLL,3001.74052,S,05112.74463,W,172047.11,A,A*62
$GPGSA,A,3,05,12,18,23,25,26,28,29,31,,,,1.90,0.91,1.67,1*11
$GPGSV,4,1,15,5,31,131,41,10,04,343,,12,13,033,23,13,07,029,,1*5B
$GPGSV,4,2,15,15,13,065,,16,05,219,25,18,68,236,22,20,04,092,,1*61
$GPGSV,4,3,15,21,02,145,,23,33,357,40,25,44,018,51,26,32,229,27,1*61
$GPGSV,4,4,15,28,18,299,23,29,55,134,44,31,19,268,22,1*5B
$GPRMC,172047.11,A,3001.74052,S,05112.74463,W,0.09,58.30,090926,,,A,V*1C
$GPGGA,172048.11,3001.74039,S,05112.74459,W,1,09,0.91,57.78,M,,M,,*4E
$GPGLL,3001.74039,S,05112.74459,W,172048.11,A,A*69
$GPGSA,A,3,05,12,18,23,25,26,28,29,31,,,,1.90,0.91,1.67,1*11
$GPGSV,4,1,15,5,31,131,41,10,04,343,,12,13,033,23,13,07,029,27,1*5E
$GPGSV,4,2,15,15,13,065,,16,05,219,25,18,68,236,22,20,04,092,,1*61
$GPGSV,4,3,15,21,02,145,,23,33,357,40,25,44,018,51,26,32,229,27,1*61
$GPGSV,4,4,15,28,18,299,23,29,55,134,45,31,19,268,22,1*5A
$GPRMC,172048.11,A,3001.74039,S,05112.74459,W,0.21,58.30,090926,,,A,V*1D
$GPGGA,172049.11,3001.74031,S,05112.74463,W,1,09,0.91,57.84,M,,M,,*4D
$GPGLL,3001.74031,S,05112.74463,W,172049.11,A,A*69
$GPGSA,A,3,05,12,18,23,25,26,28,29,31,,,,1.90,0.91,1.67,1*11
$GPGSV,4,1,15,5,31,131,41,10,04,343,,12,13,033,24,13,07,029,26,1*58
$GPGSV,4,2,15,15,13,065,,16,05,219,24,18,68,236,23,20,04,092,,1*61
$GPGSV,4,3,15,21,02,145,,23,33,357,40,25,44,018,51,26,32,229,27,1*61
$GPGSV,4,4,15,28,18,299,22,29,55,134,45,31,19,268,22,1*5B
$GPRMC,172049.11,A,3001.74031,S,05112.74463,W,0.26,58.30,090926,,,A,V*1A
$GPGGA,172050.11,3001.74028,S,05112.74461,W,1,09,0.91,58.09,M,,M,,*45
$GPGLL,3001.74028,S,05112.74461,W,172050.11,A,A*6B
$GPGSA,A,3,05,12,18,23,25,26,28,29,31,,,,1.90,0.91,1.67,1*11
$GPGSV,4,1,15,5,31,131,42,10,04,343,,12,13,033,24,13,07,029,,1*5F
$GPGSV,4,2,15,15,13,065,,16,05,219,,18,68,236,22,20,04,092,,1*66
$GPGSV,4,3,15,21,02,145,,23,33,357,40,25,44,018,51,26,32,229,26,1*60
$GPGSV,4,4,15,28,18,299,21,29,55,134,44,31,19,268,22,1*59
$GPRMC,172050.11,A,3001.74028,S,05112.74461,W,0.36,58.30,090926,,,A,V*19
$GPGGA,172051.11,3001.74026,S,05112.74464,W,1,09,0.91,58.37,M,,M,,*42
$GPGLL,3001.74026,S,05112.74464,W,172051.11,A,A*61
$GPGSA,A,3,05,12,18,23,25,26,28,29,31,,,,1.90,0.91,1.67,1*11
$GPGSV,4,1,16,5,31,131,42,10,04,343,,12,13,033,23,13,07,029,,1*5B
$GPGSV,4,2,16,15,13,065,,16,05,219,27,18,68,236,21,20,04,092,,1*63
$GPGSV,4,3,16,21,02,145,,23,33,357,40,25,44,018,51,26,32,229,26,1*63
$GPGSV,4,4,16,28,18,299,21,29,55,134,45,31,19,268,21,201,,,31,1*69
$GPRMC,172051.11,A,3001.74026,S,05112.74464,W,0.49,58.30,090926,,,A,V*1B
$GPGGA,172052.11,3001.74028,S,05112.74465,W,1,09,0.91,58.54,M,,M,,*4B
$GPGLL,3001.74028,S,05112.74465,W,172052.11,A,A*6D
$GPGSA,A,3,05,12,18,23,25,26,28,29,31,,,,1.90,0.91,1.67,1*11
$GPGSV,4,1,16,5,31,131,41,10,04,343,,12,13,033,23,13,07,029,28,1*52
$GPGSV,4,2,16,15,13,065,,16,05,219,25,18,68,236,21,20,04,092,,1*61
$GPGSV,4,3,16,21,02,145,,23,33,357,40,25,44,018,50,26,32,229,26,1*62
$GPGSV,4,4,16,28,18,299,20,29,55,134,44,31,19,268,21,201,,,27,1*6E
$GPRMC,172052.11,A,3001.74028,S,05112.74465,W,0.11,58.30,090926,,,A,V*1A
$GPGGA,172053.11,3001.74025,S,05112.74469,W,1,09,0.91,58.74,M,,M,,*49
$GPGLL,3001.74025,S,05112.74469,W,172053.11,A,A*6D
$GPGSA,A,3,05,12,18,23,25,26,28,29,31,,,,1.90,0.91,1.67,1*11
$GPGSV,4,1,15,5,31,131,42,10,04,343,,12,13,033,24,13,07,029,29,1*54
$GPGSV,4,2,15,15,13,065,,16,05,219,25,18,68,236,20,20,04,092,,1*63
$GPGSV,4,3,15,21,02,145,,23,33,357,40,25,44,018,51,26,32,229,26,1*60
$GPGSV,4,4,15,28,18,299,18,29,55,134,44,31,19,268,21,1*50
$GPRMC,172053.11,A,3001.74025,S,05112.74469,W,0.53,58.30,090926,,,A,V*1C
$GPGGA,172054.11,3001.74024,S,05112.74473,W,1,09,0.91,58.87,M,,M,,*48
$GPGLL,3001.74024,S,05112.74473,W,172054.11,A,A*60
$GPGSA,A,3,05,12,18,23,25,26,28,29,31,,,,1.90,0.91,1.67,1*11
$GPGSV,4,1,15,5,31,131,42,10,04,343,,12,13,033,24,13,07,029,29,1*54
$GPGSV,4,2,15,15,13,065,,16,05,219,,18,68,236,20,20,04,092,,1*64
$GPGSV,4,3,15,21,02,145,,23,33,357,40,25,44,018,51,26,32,229,26,1*60
$GPGSV,4,4,15,28,18,299,18,29,55,134,44,31,19,268,21,1*50
$GPRMC,172054.11,A,3001.74024,S,05112.74473,W,0.07,58.30,090926,,,A,V*10
$GPGGA,172055.11,3001.74021,S,05112.74484,W,1,09,0.91,58.88,M,,M,,*4B
$GPGLL,3001.74021,S,05112.74484,W,172055.11,A,A*6C
$GPGSA,A,3,05,12,18,23,25,26,28,29,31,,,,1.90,0.91,1.67,1*11
$GPGSV,4,1,15,5,31,131,41,10,04,343,,12,13,033,24,13,07,029,27,1*59
$GPGSV,4,2,15,15,13,065,,16,05,219,25,18,68,236,18,20,04,092,,1*68
$GPGSV,4,3,15,21,02,145,,23,33,357,40,25,44,018,51,26,32,229,26,1*60
$GPGSV,4,4,15,28,18,299,18,29,55,134,44,31,19,268,21,1*50
$GPRMC,172055.11,A,3001.74021,S,05112.74484,W,0.40,58.30,090926,,,A,V*1F
$GPGGA,172056.11,3001.74024,S,05112.74486,W,1,09,0.91,59.21,M,,M,,*4D
$GPGLL,3001.74024,S,05112.74486,W,172056.11,A,A*68
$GPGSA,A,3,05,12,18,23,25,26,28,29,31,,,,1.90,0.91,1.67,1*11
$GPGSV,4,1,15,5,31,131,42,10,04,343,,12,13,033,24,13,07,029,28,1*55
$GPGSV,4,2,15,15,13,065,,16,05,219,25,18,68,236,18,20,04,092,,1*68
$GPGSV,4,3,15,21,02,145,,23,33,357,41,25,44,018,51,26,32,229,25,1*62
$GPGSV,4,4,15,28,18,299,18,29,55,134,44,31,19,268,21,1*50
$GPRMC,172056.11,A,3001.74024,S,05112.74486,W,0.20,58.30,090926,,,A,V*1D
$GPGGA,172057.11,3001.74029,S,05112.74486,W,1,09,0.91,59.46,M,,M,,*40
$GPGLL,3001.74029,S,05112.74486,W,172057.11,A,A*64
$GPGSA,A,3,05,12,18,23,25,26,28,29,31,,,,1.90,0.91,1.67,1*11
$GPGSV,4,1,15,5,31,131,42,10,04,343,,12,13,033,23,13,07,029,28,1*52
$GPGSV,4,2,15,15,13,065,,16,05,219,25,18,68,236,16,20,04,092,,1*66
$GPGSV,4,3,15,21,02,145,,23,33,357,40,25,44,018,51,26,32,229,25,1*63
$GPGSV,4,4,15,28,18,299,18,29,55,134,44,31,19,268,21,1*50
$GPRMC,172057.11,A,3001.74029,S,05112.74486,W,0.19,58.30,090926,,,A,V*1B
$GPGGA,172058.11,3001.74034,S,05112.74496,W,1,09,0.91,59.87,M,,M,,*4F
$GPGLL,3001.74034,S,05112.74496,W,172058.11,A,A*66
$GPGSA,A,3,05,12,18,23,25,26,28,29,31,,,,1.90,0.91,1.67,1*11
$GPGSV,4,1,15,5,31,131,41,10,04,343,,12,13,033,24,13,07,029,,1*5C
$GPGSV,4,2,15,15,13,065,,16,05,219,24,18,68,236,14,20,04,092,,1*65
$GPGSV,4,3,15,21,02,145,,23,33,357,41,25,44,018,51,26,32,229,24,1*63
$GPGSV,4,4,15,28,18,299,19,29,55,134,45,31,19,268,22,1*53
$GPRMC,172058.11,A,3001.74034,S,05112.74496,W,0.10,58.30,090926,,,A,V*10
$GPGGA,172059.11,3001.74044,S,05112.74521,W,1,08,0.94,59.94,M,,M,,*42
$GPGLL,3001.74044,S,05112.74521,W,172059.11,A,A*6D
$GPGSA,A,3,05,12,23,25,26,28,29,31,,,,,2.35,0.94,2.16,1*14
$GPGSV,4,1,15,5,31,131,41,10,04,343,,12,13,033,24,13,07,029,28,1*56
$GPGSV,4,2,15,15,13,065,,16,05,219,,18,68,236,12,20,04,092,,1*65
$GPGSV,4,3,15,21,02,145,,23,33,357,41,25,44,018,51,26,32,229,24,1*63
$GPGSV,4,4,15,28,18,299,19,29,55,134,44,31,19,268,23,1*53
$GPRMC,172059.11,A,3001.74044,S,05112.74521,W,0.20,58.30,090926,,,A,V*18
$GPGGA,172100.11,3001.74055,S,05112.74541,W,1,09,0.91,60.34,M,,M,,*4D
$GPGLL,3001.74055,S,05112.74541,W,172100.11,A,A*66
$GPGSA,A,3,05,12,18,23,25,26,28,29,31,,,,1.90,0.91,1.67,1*11
$GPGSV,4,1,15,5,31,131,41,10,04,343,,12,13,033,24,13,07,029,29,1*57
$GPGSV,4,2,15,15,13,065,,16,05,219,,18,68,236,13,20,04,092,,1*64
$GPGSV,4,3,15,21,02,145,,23,33,357,41,25,44,018,51,26,32,229,23,1*64
$GPGSV,4,4,15,28,18,299,19,29,55,134,44,31,19,268,24,1*54
$GPRMC,172100.11,A,3001.74055,S,05112.74541,W,0.11,58.30,090926,,,A,V*11
$GPGGA,172101.11,3001.74062,S,05112.74568,W,1,09,0.91,60.65,M,,M,,*47
$GPGLL,3001.74062,S,05112.74568,W,172101.11,A,A*68
$GPGSA,A,3,05,12,18,23,25,26,28,29,31,,,,1.90,0.91,1.67,1*11
$GPGSV,4,1,15,5,31,131,41,10,04,343,,12,13,033,24,13,07,029,25,1*5B
$GPGSV,4,2,15,15,13,065,,16,05,219,,18,68,236,14,20,04,092,,1*63
$GPGSV,4,3,15,21,02,145,,23,33,357,41,25,44,018,51,26,32,229,23,1*64
$GPGSV,4,4,15,28,18,299,19,29,55,134,44,31,19,268,25,1*55
$GPRMC,172101.11,A,3001.74062,S,05112.74568,W,0.17,58.30,090926,,,A,V*19
$GPGGA,172102.11,3001.74075,S,05112.74594,W,1,09,0.91,60.90,M,,M,,*4B
$GPGLL,3001.74075,S,05112.74594,W,172102.11,A,A*6E
$GPGSA,A,3,05,12,18,23,25,26,28,29,31,,,,1.90,0.91,1.67,1*11
$GPGSV,4,1,15,5,31,131,41,10,04,343,,12,13,033,24,13,07,029,29,1*57
$GPGSV,4,2,15,15,13,065,,16,05,219,25,18,68,236,16,20,04,092,,1*66
$GPGSV,4,3,15,21,02,145,,23,33,357,41,25,44,018,51,26,32,229,23,1*64
$GPGSV,4,4,15,28,18,299,19,29,55,134,44,31,19,268,24,1*54
$GPRMC,172102.11,A,3001.74075,S,05112.74594,W,0.09,58.30,090926,,,A,V*10
$GPGGA,172103.11,3001.74091,S,05112.74632,W,1,09,0.91,61.09,M,,M,,*4E
$GPGLL,3001.74091,S,05112.74632,W,172103.11,A,A*6A
$GPGSA,A,3,05,12,18,23,25,26,28,29,31,,,,1.90,0.91,1.67,1*11
$GPGSV,4,1,15,5,31,131,41,10,04,343,,12,13,033,23,13,07,029,27,1*5E
$GPGSV,4,2,15,15,13,065,25,16,05,219,25,18,68,236,16,20,04,092,,1*61
$GPGSV,4,3,15,21,02,145,,23,33,357,41,25,44,018,51,26,32,229,23,1*64
$GPGSV,4,4,15,28,18,299,21,29,55,134,44,31,19,268,24,1*5F
$GPRMC,172103.11,A,3001.74091,S,05112.74632,W,0.06,58.30,090926,,,A,V*1B
$GPGGA,172104.11,3001.74105,S,05112.74654,W,1,09,0.91,61.59,M,,M,,*40
$GPGLL,3001.74105,S,05112.74654,W,172104.11,A,A*61
$GPGSA,A,3,05,12,18,23,25,26,28,29,31,,,,1.90,0.91,1.67,1*11
$GPGSV,4,1,15,5,31,131,42,10,04,343,,12,13,033,24,13,07,029,29,1*54
$GPGSV,4,2,15,15,13,065,25,16,05,219,24,18,68,236,17,20,04,092,,1*61
$GPGSV,4,3,15,21,02,145,,23,33,357,41,25,44,018,51,26,32,229,22,1*65
$GPGSV,4,4,15,28,18,299,21,29,55,134,44,31,19,268,24,1*5F
$GPRMC,172104.11,A,3001.74105,S,05112.74654,W,0.04,58.30,090926,,,A,V*12
$GPGGA,172105.11,3001.74109,S,05112.74659,W,1,09,0.91,61.90,M,,M,,*45
$GPGLL,3001.74109,S,05112.74659,W,172105.11,A,A*61
$GPGSA,A,3,05,12,18,23,25,26,28,29,31,,,,1.90,0.91,1.67,1*11
$GPGSV,4,1,15,5,31,131,42,10,04,343,,12,13,033,24,13,07,029,27,1*5A
$GPGSV,4,2,15,15,13,065,25,16,05,219,25,18,68,236,17,20,04,092,,1*60
$GPGSV,4,3,15,21,02,145,,23,33,357,41,25,44,018,51,26,32,229,22,1*65
$GPGSV,4,4,15,28,18,299,22,29,55,134,44,31,19,268,25,1*5D
$GPRMC,172105.11,A,3001.74109,S,05112.74659,W,0.13,58.30,090926,,,A,V*14
$GPGGA,172106.11,3001.74107,S,05112.74676,W,1,09,0.91,62.20,M,,M,,*4D
$GPGLL,3001.74107,S,05112.74676,W,172106.11,A,A*61
$GPGSA,A,3,05,12,18,23,25,26,28,29,31,,,,1.90,0.91,1.67,1*11
$GPGSV,4,1,15,5,31,131,42,10,04,343,,12,13,033,23,13,07,029,28,1*52
$GPGSV,4,2,15,15,13,065,25,16,05,219,,18,68,236,18,20,04,092,,1*68
$GPGSV,4,3,15,21,02,145,,23,33,357,41,25,44,018,51,26,32,229,21,1*66
$GPGSV,4,4,15,28,18,299,22,29,55,134,44,31,19,268,24,1*5C
$GPRMC,172106.11,A,3001.74107,S,05112.74676,W,0.35,58.30,090926,,,A,V*10
$GPGGA,172107.11,3001.74116,S,05112.74695,W,1,09,0.91,62.62,M,,M,,*47
$GPGLL,3001.74116,S,05112.74695,W,172107.11,A,A*6D
$GPGSA,A,3,05,12,18,23,25,26,28,29,31,,,,1.90,0.91,1.67,1*11
$GPGSV,4,1,15,5,31,131,42,10,04,343,,12,13,033,23,13,07,029,29,1*53
$GPGSV,4,2,15,15,13,065,,16,05,219,25,18,68,236,19,20,04,092,,1*69
$GPGSV,4,3,15,21,02,145,,23,33,357,41,25,44,018,50,26,32,229,21,1*67
$GPGSV,4,4,15,28,18,299,23,29,55,134,44,31,19,268,24,1*5D
$GPRMC,172107.11,A,3001.74116,S,05112.74695,W,0.07,58.30,090926,,,A,V*1D
$GPGGA,172108.11,3001.74127,S,05112.74714,W,1,09,0.91,62.80,M,,M,,*4E
$GPGLL,3001.74127,S,05112.74714,W,172108.11,A,A*68
$GPGSA,A,3,05,12,18,23,25,26,28,29,31,,,,1.90,0.91,1.67,1*11
$GPGSV,4,1,15,5,31,131,42,10,04,343,,12,13,033,24,13,07,029,27,1*5A
$GPGSV,4,2,15,15,13,065,,16,05,219,25,18,68,236,20,20,04,092,,1*63
$GPGSV,4,3,15,21,02,145,,23,33,357,41,25,44,018,51,26,32,229,20,1*67
$GPGSV,4,4,15,28,18,299,23,29,55,134,44,31,19,268,24,1*5D
$GPRMC,172108.11,A,3001.74127,S,05112.74714,W,0.08,58.30,090926,,,A,V*17
$GPGGA,172109.11,3001.74128,S,05112.74732,W,1,09,0.91,62.97,M,,M,,*42
$GPGLL,3001.74128,S,05112.74732,W,172109.11,A,A*62
$GPGSA,A,3,05,12,18,23,25,26,28,29,31,,,,1.90,0.91,1.67,1*11
$GPGSV,4,1,15,5,31,131,41,10,04,343,,12,13,033,24,13,07,029,28,1*56
$GPGSV,4,2,15,15,13,065,,16,05,219,26,18,68,236,19,20,04,092,,1*6A
$GPGSV,4,3,15,21,02,145,,23,33,357,41,25,44,018,51,26,32,229,20,1*67
$GPGSV,4,4,15,28,18,299,23,29,55,134,44,31,19,268,24,1*5D
$GPRMC,172109.11,A,3001.74128,S,05112.74732,W,0.33,58.30,090926,,,A,V*15
$GPGGA,172110.11,3001.74134,S,05112.74748,W,1,09,0.91,63.08,M,,M,,*4D
$GPGLL,3001.74134,S,05112.74748,W,172110.11,A,A*6A
$GPGSA,A,3,05,12,18,23,25,26,28,29,31,,,,1.90,0.91,1.67,1*11
$GPGSV,4,1,15,5,31,131,41,10,04,343,,12,13,033,24,13,07,029,28,1*56
$GPGSV,4,2,15,15,13,065,,16,05,219,25,18,68,236,19,20,04,092,,1*69
$GPGSV,4,3,15,21,02,145,,23,33,357,41,25,44,018,51,26,32,229,20,1*67
$GPGSV,4,4,15,28,18,299,24,29,55,134,44,31,19,268,24,1*5A
$GPRMC,172110.11,A,3001.74134,S,05112.74748,W,0.12,58.30,090926,,,A,V*1E
$GPGGA,172111.11,3001.74143,S,05112.74760,W,1,09,0.91,63.43,M,,M,,*49
$GPGLL,3001.74143,S,05112.74760,W,172111.11,A,A*61
$GPGSA,A,3,05,12,18,23,25,26,28,29,31,,,,1.90,0.91,1.67,1*11
$GPGSV,4,1,16,5,31,131,41,10,04,343,,12,13,033,24,13,07,029,26,1*5B
$GPGSV,4,2,16,15,13,065,,16,05,219,24,18,68,236,20,20,04,092,,1*61
$GPGSV,4,3,16,21,02,145,,23,33,357,41,25,44,018,51,26,32,229,20,1*64
$GPGSV,4,4,16,28,18,299,24,29,55,134,44,31,19,268,24,197,,,25,1*61
$GPRMC,172111.11,A,3001.74143,S,05112.74760,W,0.17,58.30,090926,,,A,V*10
$GPGGA,172112.11,3001.74144,S,05112.74758,W,1,09,0.91,63.39,M,,M,,*4B
$GPGLL,3001.74144,S,05112.74758,W,172112.11,A,A*6E
$GPGSA,A,3,05,12,18,23,25,26,28,29,31,,,,1.90,0.91,1.67,1*11
$GPGSV,4,1,16,5,31,131,41,10,04,343,,12,13,033,24,13,07,029,29,1*54
$GPGSV,4,2,16,15,13,065,,16,05,219,,18,68,236,21,20,04,092,,1*66
$GPGSV,4,3,16,21,02,145,,23,33,357,41,25,44,018,52,26,32,229,19,1*6D
$GPGSV,4,4,16,28,18,299,24,29,55,134,44,31,19,268,24,197,,,25,1*61
$GPRMC,172112.11,A,3001.74144,S,05112.74758,W,0.22,58.30,090926,,,A,V*19
$GPGGA,172113.11,3001.74147,S,05112.74770,W,1,09,0.91,63.42,M,,M,,*4F
$GPGLL,3001.74147,S,05112.74770,W,172113.11,A,A*66
$GPGSA,A,3,05,12,18,23,25,26,28,29,31,,,,1.90,0.91,1.67,1*11
$GPGSV,4,1,16,5,31,131,41,10,04,343,,12,13,033,24,13,07,029,28,1*55
$GPGSV,4,2,16,15,13,065,,16,05,219,,18,68,236,21,20,04,092,,1*66
$GPGSV,4,3,16,21,02,145,,23,33,357,41,25,44,018,52,26,32,229,19,1*6D
$GPGSV,4,4,16,28,18,299,24,29,55,134,44,31,19,268,24,197,,,25,1*61
$GPRMC,172113.11,A,3001.74147,S,05112.74770,W,0.16,58.30,090926,,,A,V*16
$GPGGA,172114.11,3001.74154,S,05112.74782,W,1,09,0.91,63.74,M,,M,,*42
$GPGLL,3001.74154,S,05112.74782,W,172114.11,A,A*6E
$GPGSA,A,3,05,12,18,23,25,26,28,29,31,,,,1.90,0.91,1.67,1*11
$GPGSV,4,1,16,5,31,131,41,10,04,343,,12,13,033,24,13,07,029,28,1*55
$GPGSV,4,2,16,15,13,065,,16,05,219,,18,68,236,21,20,04,092,,1*66
$GPGSV,4,3,16,21,02,145,,23,33,357,41,25,44,018,51,26,32,229,19,1*6E
$GPGSV,4,4,16,28,18,299,25,29,55,134,44,31,19,268,24,197,,,24,1*61
$GPRMC,172114.11,A,3001.74154,S,05112.74782,W,0.20,58.30,090926,,,A,V*1B
$GPGGA,172115.11,3001.74155,S,05112.74789,W,1,09,0.91,63.99,M,,M,,*4A
$GPGLL,3001.74155,S,05112.74789,W,172115.11,A,A*65
$GPGSA,A,3,05,12,18,23,25,26,28,29,31,,,,1.90,0.91,1.67,1*11
$GPGSV,4,1,15,5,31,131,41,10,04,343,,12,13,033,24,13,07,029,28,1*56
$GPGSV,4,2,15,15,13,065,,16,05,219,25,18,68,236,20,20,04,092,,1*63
$GPGSV,4,3,15,21,02,145,,23,33,357,41,25,44,018,51,26,32,229,20,1*67
$GPGSV,4,4,15,28,18,299,25,29,55,134,44,31,19,268,24,1*5B
$GPRMC,172115.11,A,3001.74155,S,05112.74789,W,0.17,58.30,090926,,,A,V*14
$GPGGA,172116.11,3001.74157,S,05112.74789,W,1,09,0.91,64.36,M,,M,,*49
$GPGLL,3001.74157,S,05112.74789,W,172116.11,A,A*64
$GPGSA,A,3,05,12,18,23,25,26,28,29,31,,,,1.90,0.91,1.67,1*11
$GPGSV,4,1,15,5,31,131,41,10,04,343,,12,13,033,24,13,07,029,28,1*56
$GPGSV,4,2,15,15,13,065,,16,05,219,25,18,68,236,20,20,04,092,,1*63
$GPGSV,4,3,15,21,02,145,,23,33,357,41,25,44,018,51,26,32,229,20,1*67
$GPGSV,4,4,15,28,18,299,25,29,55,134,44,31,19,268,23,1*5C
$GPRMC,172116.11,A,3001.74157,S,05112.74789,W,0.23,58.30,090926,,,A,V*12
$GPGGA,172117.11,3001.74164,S,05112.74813,W,1,09,0.91,64.41,M,,M,,*44
$GPGLL,3001.74164,S,05112.74813,W,172117.11,A,A*69
$GPGSA,A,3,05,12,18,23,25,26,28,29,31,,,,1.90,0.91,1.67,1*11
$GPGSV,4,1,16,5,31,131,41,10,04,343,,12,13,033,24,13,07,029,26,1*5B
$GPGSV,4,2,16,15,13,065,,16,05,219,25,18,68,236,20,20,04,092,,1*60
$GPGSV,4,3,16,21,02,145,,23,33,357,41,25,44,018,51,26,32,229,20,1*64
$GPGSV,4,4,16,28,18,299,25,29,55,134,44,31,19,268,23,193,,,26,1*60
$GPRMC,172117.11,A,3001.74164,S,05112.74813,W,0.20,58.30,090926,,,A,V*1C
$GPGGA,172118.11,3001.74176,S,05112.74815,W,1,09,0.91,63.75,M,,M,,*4E
$GPGLL,3001.74176,S,05112.74815,W,172118.11,A,A*63
$GPGSA,A,3,05,12,18,23,25,26,28,29,31,,,,1.90,0.91,1.67,1*11
$GPGSV,4,1,16,5,31,131,41,10,04,343,,12,13,033,24,13,07,029,28,1*55
$GPGSV,4,2,16,15,13,065,,16,05,219,25,18,68,236,21,20,04,092,,1*61
$GPGSV,4,3,16,21,02,145,,23,33,357,41,25,44,018,51,26,32,229,20,1*64
$GPGSV,4,4,16,28,18,299,25,29,55,134,44,31,19,268,23,193,,,25,1*63
$GPRMC,172118.11,A,3001.74176,S,05112.74815,W,0.15,58.30,090926,,,A,V*10
$GPGGA,172119.11,3001.74180,S,05112.74818,W,1,09,0.91,63.60,M,,M,,*4F
$GPGLL,3001.74180,S,05112.74818,W,172119.11,A,A*66
$GPGSA,A,3,05,12,18,23,25,26,28,29,31,,,,1.90,0.91,1.67,1*11
$GPGSV,4,1,16,5,31,131,41,10,04,343,,12,13,033,24,13,07,029,27,1*5A
$GPGSV,4,2,16,15,13,065,,16,05,219,27,18,68,236,21,20,04,092,,1*63
$GPGSV,4,3,16,21,02,145,,23,33,357,41,25,44,018,51,26,32,229,20,1*64
$GPGSV,4,4,16,28,18,299,25,29,55,134,44,31,19,268,23,193,,,25,1*63
$GPRMC,172119.11,A,3001.74180,S,05112.74818,W,0.12,58.30,090926,,,A,V*12
$GPGGA,172120.11,3001.74178,S,05112.74821,W,1,09,0.91,63.33,M,,M,,*4E
$GPGLL,3001.74178,S,05112.74821,W,172120.11,A,A*61
$GPGSA,A,3,05,12,18,23,25,26,28,29,31,,,,1.90,0.91,1.67,1*11
$GPGSV,4,1,16,5,31,131,41,10,04,343,,12,13,033,24,13,07,029,24,1*59
$GPGSV,4,2,16,15,13,065,,16,05,219,25,18,68,236,22,20,04,092,,1*62
$GPGSV,4,3,16,21,02,145,,23,33,357,41,25,44,018,51,26,32,229,20,1*64
$GPGSV,4,4,16,28,18,299,25,29,55,134,44,31,19,268,22,193,,,25,1*62
$GPRMC,172120.11,A,3001.74178,S,05112.74821,W,0.24,58.30,090926,,,A,V*10
$GPGGA,172121.11,3001.74180,S,05112.74816,W,1,09,0.91,63.28,M,,M,,*46
$GPGLL,3001.74180,S,05112.74816,W,172121.11,A,A*63
$GPGSA,A,3,05,12,18,23,25,26,28,29,31,,,,1.90,0.91,1.67,1*11
$GPGSV,4,1,15,5,31,131,41,10,04,343,,12,13,033,24,13,07,029,26,1*58
$GPGSV,4,2,15,15,13,065,,16,05,219,24,18,68,236,22,20,04,092,,1*60
$GPGSV,4,3,15,21,02,145,,23,33,357,41,25,44,018,51,26,32,229,20,1*67
$GPGSV,4,4,15,28,18,299,25,29,55,134,44,31,19,268,22,1*5D
$GPRMC,172121.11,A,3001.74180,S,05112.74816,W,0.20,58.30,090926,,,A,V*16
$GPGGA,172122.11,3001.74178,S,05112.74804,W,1,09,0.91,63.03,M,,M,,*48
$GPGLL,3001.74178,S,05112.74804,W,172122.11,A,A*64
$GPGSA,A,3,05,12,18,23,25,26,28,29,31,,,,1.90,0.91,1.67,1*11
$GPGSV,4,1,15,5,31,131,41,10,04,343,,12,13,033,23,13,07,029,28,1*51
$GPGSV,4,2,15,15,13,065,,16,05,219,25,18,68,236,22,20,04,092,,1*61
$GPGSV,4,3,15,21,02,145,,23,33,357,41,25,44,018,51,26,32,229,20,1*67
$GPGSV,4,4,15,28,18,299,23,29,55,134,44,31,19,268,22,1*5B
$GPRMC,172122.11,A,3001.74178,S,05112.74804,W,0.21,58.30,090926,,,A,V*10
$GPGGA,172123.11,3001.74171,S,05112.74797,W,1,09,0.91,62.89,M,,M,,*46
$GPGLL,3001.74171,S,05112.74797,W,172123.11,A,A*69
$GPGSA,A,3,05,12,18,23,25,26,28,29,31,,,,1.90,0.91,1.67,1*11
$GPGSV,4,1,16,5,31,131,41,10,04,343,,12,13,033,23,13,07,029,28,1*52
$GPGSV,4,2,16,15,13,065,26,16,05,219,,18,68,236,22,20,04,092,,1*61
$GPGSV,4,3,16,21,02,145,,23,33,357,41,25,44,018,51,26,32,229,20,1*64
$GPGSV,4,4,16,28,18,299,23,29,55,134,44,31,19,268,21,201,,,41,1*6D
$GPRMC,172123.11,A,3001.74171,S,05112.74797,W,0.14,58.30,090926,,,A,V*1B
$GPGGA,172124.11,3001.74168,S,05112.74789,W,1,09,0.91,62.48,M,,M,,*4B
$GPGLL,3001.74168,S,05112.74789,W,172124.11,A,A*69
$GPGSA,A,3,05,12,18,23,25,26,28,29,31,,,,1.90,0.91,1.67,1*11
$GPGSV,4,1,16,5,31,131,41,10,04,343,,12,13,033,22,13,07,029,26,1*5D
$GPGSV,4,2,16,15,13,065,24,16,05,219,,18,68,236,23,20,04,092,,1*62
$GPGSV,4,3,16,21,02,145,,23,33,357,41,25,44,018,51,26,32,229,21,1*65
$GPGSV,4,4,16,28,18,299,23,29,55,134,44,31,19,268,20,201,,,26,1*6D
$GPRMC,172124.11,A,3001.74168,S,05112.74789,W,0.25,58.30,090926,,,A,V*19
$GPGGA,172125.11,3001.74168,S,05112.74781,W,1,09,0.91,62.13,M,,M,,*4C
$GPGLL,3001.74168,S,05112.74781,W,172125.11,A,A*60
$GPGSA,A,3,05,12,18,23,25,26,28,29,31,,,,1.90,0.91,1.67,1*11
$GPGSV,4,1,16,5,31,131,41,10,04,343,,12,13,033,23,13,07,029,28,1*52
$GPGSV,4,2,16,15,13,065,24,16,05,219,,18,68,236,22,20,04,092,,1*63
$GPGSV,4,3,16,21,02,145,,23,33,357,41,25,44,018,51,26,32,229,20,1*64
$GPGSV,4,4,16,28,18,299,22,29,55,134,44,31,19,268,18,201,,,25,1*64
$GPRMC,172125.11,A,3001.74168,S,05112.74781,W,0.13,58.30,090926,,,A,V*15
$GPGGA,172126.11,3001.74167,S,05112.74781,W,1,09,0.91,61.90,M,,M,,*48
$GPGLL,3001.74167,S,05112.74781,W,172126.11,A,A*6C
$GPGSA,A,3,05,12,18,23,25,26,28,29,31,,,,1.90,0.91,1.67,1*11
$GPGSV,4,1,16,5,31,131,41,10,04,343,,12,13,033,23,13,07,029,25,1*5F
$GPGSV,4,2,16,15,13,065,25,16,05,219,,18,68,236,23,20,04,092,,1*63
$GPGSV,4,3,16,21,02,145,,23,33,357,41,25,44,018,51,26,32,229,21,1*65
$GPGSV,4,4,16,28,18,299,21,29,55,134,44,31,19,268,18,201,,,24,1*66
$GPRMC,172126.11,A,3001.74167,S,05112.74781,W,0.27,58.30,090926,,,A,V*1E
$GPGGA,172127.11,3001.74164,S,05112.74778,W,1,09,0.91,61.40,M,,M,,*41
$GPGLL,3001.74164,S,05112.74778,W,172127.11,A,A*68
$GPGSA,A,3,05,12,18,23,25,26,28,29,31,,,,1.90,0.91,1.67,1*11
$GPGSV,4,1,15,5,31,131,41,10,04,343,,12,13,033,22,13,07,029,29,1*51
$GPGSV,4,2,15,15,13,065,,16,05,219,,18,68,236,23,20,04,092,,1*67
$GPGSV,4,3,15,21,02,145,,23,33,357,41,25,44,018,51,26,32,229,21,1*66
$GPGSV,4,4,15,28,18,299,20,29,55,134,44,31,19,268,18,1*51
$GPRMC,172127.11,A,3001.74164,S,05112.74778,W,0.11,58.30,090926,,,A,V*1F
$GPGGA,172128.11,3001.74160,S,05112.74772,W,1,09,0.91,61.43,M,,M,,*43
$GPGLL,3001.74160,S,05112.74772,W,172128.11,A,A*69
$GPGSA,A,3,05,12,18,23,25,26,28,29,31,,,,1.90,0.91,1.67,1*11
$GPGSV,4,1,15,5,31,131,41,10,04,343,,12,13,033,22,13,07,029,27,1*5F
$GPGSV,4,2,15,15,13,065,,16,05,219,26,18,68,236,24,20,04,092,,1*64
$GPGSV,4,3,15,21,02,145,,23,33,357,41,25,44,018,51,26,32,229,21,1*66
$GPGSV,4,4,15,28,18,299,20,29,55,134,44,31,19,268,18,1*51
$GPRMC,172128.11,A,3001.74160,S,05112.74772,W,0.19,58.30,090926,,,A,V*16
$GPGGA,172129.11,3001.74160,S,05112.74781,W,1,09,0.91,61.38,M,,M,,*42
$GPGLL,3001.74160,S,05112.74781,W,172129.11,A,A*64
$GPGSA,A,3,05,12,18,23,25,26,28,29,31,,,,1.90,0.91,1.67,1*11
$GPGSV,4,1,15,5,31,131,41,10,04,343,,12,13,033,21,13,07,029,27,1*5C
$GPGSV,4,2,15,15,13,065,,16,05,219,25,18,68,236,24,20,04,092,,1*67
$GPGSV,4,3,15,21,02,145,,23,33,357,41,25,44,018,51,26,32,229,21,1*66
$GPGSV,4,4,15,28,18,299,19,29,55,134,44,31,19,268,17,1*54
$GPRMC,172129.11,A,3001.74160,S,05112.74781,W,0.62,58.30,090926,,,A,V*17
$GPGGA,172130.11,3001.74165,S,05112.74777,W,1,09,0.91,61.18,M,,M,,*44
$GPGLL,3001.74165,S,05112.74777,W,172130.11,A,A*60
$GPGSA,A,3,05,12,18,23,25,26,28,29,31,,,,1.90,0.91,1.67,1*11
$GPGSV,4,1,15,5,31,131,41,10,05,343,,12,12,033,21,13,06,029,29,1*53
$GPGSV,4,2,15,15,13,065,,16,05,219,25,18,68,235,24,20,04,093,,1*65
$GPGSV,4,3,15,21,01,145,,23,33,357,41,25,43,018,51,26,32,230,22,1*69
$GPGSV,4,4,15,28,17,300,18,29,55,133,44,31,18,268,17,1*5D
$GPRMC,172130.11,A,3001.74165,S,05112.74777,W,0.20,58.30,090926,,,A,V*15
$GPGGA,172131.11,3001.74168,S,05112.74774,W,1,09,0.91,61.22,M,,M,,*42
$GPGLL,3001.74168,S,05112.74774,W,172131.11,A,A*6F
$GPGSA,A,3,05,12,18,23,25,26,28,29,31,,,,1.90,0.91,1.67,1*11
$GPGSV,4,1,15,5,31,131,41,10,05,343,31,12,12,033,21,13,06,029,,1*5A
$GPGSV,4,2,15,15,13,065,,16,05,219,25,18,68,235,23,20,04,093,,1*62
$GPGSV,4,3,15,21,01,145,,23,33,357,41,25,43,018,51,26,32,230,22,1*69
$GPGSV,4,4,15,28,17,300,18,29,55,133,44,31,18,268,17,1*5D
$GPRMC,172131.11,A,3001.74168,S,05112.74774,W,0.31,58.30,090926,,,A,V*1A
$GPGGA,172132.11,3001.74169,S,05112.74783,W,1,09,0.91,61.16,M,,M,,*4F
$GPGLL,3001.74169,S,05112.74783,W,172132.11,A,A*65
$GPGSA,A,3,05,12,18,23,25,26,28,29,31,,,,1.90,0.91,1.67,1*11
$GPGSV,4,1,15,5,31,131,41,10,05,343,33,12,12,033,21,13,06,029,27,1*5D
$GPGSV,4,2,15,15,13,065,,16,05,219,,18,68,235,23,20,04,093,,1*65
$GPGSV,4,3,15,21,01,145,,23,33,357,41,25,43,018,51,26,32,230,22,1*69
$GPGSV,4,4,15,28,17,300,16,29,55,133,44,31,18,268,16,1*52
$GPRMC,172132.11,A,3001.74169,S,05112.74783,W,0.20,58.30,090926,,,A,V*10
$GPGGA,172133.11,3001.74175,S,05112.74778,W,1,09,0.91,61.07,M,,M,,*47
$GPGLL,3001.74175,S,05112.74778,W,172133.11,A,A*6D
$GPGSA,A,3,05,12,18,23,25,26,28,29,31,,,,1.90,0.91,1.67,1*11
$GPGSV,4,1,15,5,31,131,41,10,05,343,35,12,12,033,21,13,06,029,,1*5E
$GPGSV,4,2,15,15,13,065,,16,05,219,,18,68,235,23,20,04,093,,1*65
$GPGSV,4,3,15,21,01,145,,23,33,357,41,25,43,018,51,26,32,230,22,1*69
$GPGSV,4,4,15,28,17,300,15,29,55,133,44,31,18,268,16,1*51
$GPRMC,172133.11,A,3001.74175,S,05112.74778,W,0.25,58.30,090926,,,A,V*1D
$GPGGA,172134.11,3001.74178,S,05112.74786,W,1,09,0.91,61.27,M,,M,,*4E
$GPGLL,3001.74178,S,05112.74786,W,172134.11,A,A*66
$GPGSA,A,3,05,12,18,23,25,26,28,29,31,,,,1.90,0.91,1.67,1*11
$GPGSV,4,1,15,5,31,131,41,10,05,343,35,12,12,033,21,13,06,029,27,1*5B
$GPGSV,4,2,15,15,13,065,,16,05,219,,18,68,235,23,20,04,093,,1*65
$GPGSV,4,3,15,21,01,145,,23,33,357,41,25,43,018,51,26,32,230,22,1*69
$GPGSV,4,4,15,28,17,300,14,29,55,133,44,31,18,268,14,1*52
$GPRMC,172134.11,A,3001.74178,S,05112.74786,W,0.19,58.30,090926,,,A,V*19
$GPGGA,172135.11,3001.74186,S,05112.74796,W,1,09,0.91,61.19,M,,M,,*42
$GPGLL,3001.74186,S,05112.74796,W,172135.11,A,A*67
$GPGSA,A,3,05,12,18,23,25,26,28,29,31,,,,1.90,0.91,1.67,1*11
$GPGSV,4,1,15,5,31,131,41,10,05,343,35,12,12,033,19,13,06,029,29,1*5E
$GPGSV,4,2,15,15,13,065,,16,05,219,,18,68,235,22,20,04,093,,1*64
$GPGSV,4,3,15,21,01,145,,23,33,357,41,25,43,018,51,26,32,230,22,1*69
$GPGSV,4,4,15,28,17,300,15,29,55,133,44,31,18,268,15,1*52
$GPRMC,172135.11,A,3001.74186,S,05112.74796,W,0.88,58.30,090926,,,A,V*10
$GPGGA,172136.11,3001.74192,S,05112.74810,W,1,08,0.97,60.91,M,,M,,*43
$GPGLL,3001.74192,S,05112.74810,W,172136.11,A,A*60
$GPGSA,A,3,05,12,18,23,25,26,28,29,,,,,2.02,0.97,1.77,1*1C
$GPGSV,4,1,15,5,31,131,41,10,05,343,35,12,12,033,19,13,06,029,30,1*56
$GPGSV,4,2,15,15,13,065,,16,05,219,,18,68,235,23,20,04,093,,1*65
$GPGSV,4,3,15,21,01,145,,23,33,357,41,25,43,018,51,26,32,230,23,1*68
$GPGSV,4,4,15,28,17,300,16,29,55,133,44,31,18,268,07,1*52
$GPRMC,172136.11,A,3001.74192,S,05112.74810,W,0.24,58.30,090926,,,A,V*11
$GPGGA,172137.11,3001.74191,S,05112.74810,W,1,08,0.97,60.68,M,,M,,*47
$GPGLL,3001.74191,S,05112.74810,W,172137.11,A,A*62
$GPGSA,A,3,05,12,18,23,25,26,28,29,,,,,2.02,0.97,1.77,1*1C
$GPGSV,4,1,15,5,31,131,41,10,05,343,35,12,12,033,19,13,06,029,28,1*5F
$GPGSV,4,2,15,15,13,065,,16,05,219,,18,68,235,22,20,04,093,,1*64
$GPGSV,4,3,15,21,01,145,,23,33,357,41,25,43,018,51,26,32,230,23,1*68
$GPGSV,4,4,15,28,17,300,18,29,55,133,44,31,18,268,10,1*5A
$GPRMC,172137.11,A,3001.74191,S,05112.74810,W,0.51,58.30,090926,,,A,V*11
$GPGGA,172138.11,3001.74195,S,05112.74810,W,1,08,0.97,60.84,M,,M,,*4E
$GPGLL,3001.74195,S,05112.74810,W,172138.11,A,A*69
$GPGSA,A,3,05,12,18,23,25,26,28,29,,,,,2.02,0.97,1.77,1*1C
$GPGSV,4,1,15,5,31,131,41,10,05,343,35,12,12,033,19,13,06,029,29,1*5E
$GPGSV,4,2,15,15,13,065,,16,05,219,,18,68,235,22,20,04,093,,1*64
$GPGSV,4,3,15,21,01,145,,23,33,357,41,25,43,018,51,26,32,230,22,1*69
$GPGSV,4,4,15,28,17,300,19,29,55,133,44,31,18,268,04,1*5E
$GPRMC,172138.11,A,3001.74195,S,05112.74810,W,0.30,58.30,090926,,,A,V*1D
$GPGGA,172139.11,3001.74198,S,05112.74814,W,1,08,0.97,60.81,M,,M,,*43
$GPGLL,3001.74198,S,05112.74814,W,172139.11,A,A*61
$GPGSA,A,3,05,12,18,23,25,26,28,29,,,,,2.02,0.97,1.77,1*1C
$GPGSV,4,1,15,5,31,131,41,10,05,343,35,12,12,033,19,13,06,029,28,1*5F
$GPGSV,4,2,15,15,13,065,,16,05,219,,18,68,235,23,20,04,093,,1*65
$GPGSV,4,3,15,21,01,145,,23,33,357,41,25,43,018,51,26,32,230,22,1*69
$GPGSV,4,4,15,28,17,300,20,29,55,133,44,31,18,268,08,1*58
$GPRMC,172139.11,A,3001.74198,S,05112.74814,W,0.41,58.30,090926,,,A,V*13
$GPGGA,172140.11,3001.74201,S,05112.74837,W,1,08,0.97,60.61,M,,M,,*41
$GPGLL,3001.74201,S,05112.74837,W,172140.11,A,A*6D
$GPGSA,A,3,05,12,18,23,25,26,28,29,,,,,2.02,0.97,1.77,1*1C
$GPGSV,4,1,15,5,31,131,41,10,05,343,35,12,12,033,21,13,06,029,27,1*5B
$GPGSV,4,2,15,15,13,065,,16,05,219,,18,68,235,23,20,04,093,,1*65
$GPGSV,4,3,15,21,01,145,,23,33,357,41,25,43,018,51,26,32,230,22,1*69
$GPGSV,4,4,15,28,17,300,20,29,55,133,44,31,18,268,00,1*50
$GPRMC,172140.11,A,3001.74201,S,05112.74837,W,0.72,58.30,090926,,,A,V*1F
$GPGGA,172141.11,3001.74209,S,05112.74864,W,1,08,0.97,60.54,M,,M,,*48
$GPGLL,3001.74209,S,05112.74864,W,172141.11,A,A*62
$GPGSA,A,3,05,12,18,23,25,26,28,29,,,,,2.02,0.97,1.77,1*1C
$GPGSV,4,1,15,5,31,131,41,10,05,343,36,12,12,033,21,13,06,029,26,1*59
$GPGSV,4,2,15,15,13,065,,16,05,219,,18,68,235,23,20,04,093,,1*65
$GPGSV,4,3,15,21,01,145,,23,33,357,41,25,43,018,51,26,32,230,23,1*68
$GPGSV,4,4,15,28,17,300,19,29,55,133,44,31,18,268,03,1*59
$GPRMC,172141.11,A,3001.74209,S,05112.74864,W,0.35,58.30,090926,,,A,V*13
$GPGGA,172142.11,3001.74209,S,05112.74876,W,1,08,0.97,60.27,M,,M,,*4C
$GPGLL,3001.74209,S,05112.74876,W,172142.11,A,A*62
$GPGSA,A,3,05,12,18,23,25,26,28,29,,,,,2.02,0.97,1.77,1*1C
$GPGSV,4,1,15,5,31,131,41,10,05,343,36,12,12,033,20,13,06,029,25,1*5B
$GPGSV,4,2,15,15,13,065,,16,05,219,25,18,68,235,22,20,04,093,,1*63
$GPGSV,4,3,15,21,01,145,,23,33,357,41,25,43,018,51,26,32,230,22,1*69
$GPGSV,4,4,15,28,17,300,19,29,55,133,44,31,18,268,00,1*5A
$GPRMC,172142.11,A,3001.74209,S,05112.74876,W,0.46,58.30,090926,,,A,V*17
$GPGGA,172143.11,3001.74209,S,05112.74903,W,1,08,0.97,60.01,M,,M,,*4A
$GPGLL,3001.74209,S,05112.74903,W,172143.11,A,A*60
$GPGSA,A,3,05,12,18,23,25,26,28,29,,,,,2.02,0.97,1.77,1*1C
$GPGSV,4,1,15,5,31,131,41,10,05,343,36,12,12,033,21,13,06,029,29,1*56
$GPGSV,4,2,15,15,13,065,,16,05,219,25,18,68,235,23,20,04,093,,1*62
$GPGSV,4,3,15,21,01,145,,23,33,357,41,25,43,018,51,26,32,230,21,1*6A
$GPGSV,4,4,15,28,17,300,19,29,55,133,44,31,18,268,09,1*53
$GPRMC,172143.11,A,3001.74209,S,05112.74903,W,0.59,58.30,090926,,,A,V*1B
$GPGGA,172144.11,3001.74211,S,05112.74905,W,1,08,0.97,59.89,M,,M,,*48
$GPGLL,3001.74211,S,05112.74905,W,172144.11,A,A*68
$GPGSA,A,3,05,12,18,23,25,26,28,29,,,,,2.02,0.97,1.77,1*1C
$GPGSV,4,1,15,5,31,131,41,10,05,343,37,12,12,033,21,13,06,029,29,1*57
$GPGSV,4,2,15,15,13,065,,16,05,219,24,18,68,235,23,20,04,093,,1*63
$GPGSV,4,3,15,21,01,145,,23,33,357,41,25,43,018,51,26,32,230,21,1*6A
$GPGSV,4,4,15,28,17,300,19,29,55,133,44,31,18,268,11,1*5A
$GPRMC,172144.11,A,3001.74211,S,05112.74905,W,0.37,58.30,090926,,,A,V*1B
$GPGGA,172145.11,3001.74214,S,05112.74911,W,1,08,0.97,59.92,M,,M,,*43
$GPGLL,3001.74214,S,05112.74911,W,172145.11,A,A*69
$GPGSA,A,3,05,12,18,23,25,26,28,29,,,,,2.02,0.97,1.77,1*1C
$GPGSV,4,1,15,5,31,131,41,10,05,343,36,12,12,033,21,13,06,029,29,1*56
$GPGSV,4,2,15,15,13,065,,16,05,219,25,18,68,235,22,20,04,093,,1*63
$GPGSV,4,3,15,21,01,145,,23,33,357,41,25,43,018,52,26,32,230,21,1*69
$GPGSV,4,4,15,28,17,300,18,29,55,133,44,31,18,268,00,1*5B
$GPRMC,172145.11,A,3001.74214,S,05112.74911,W,0.47,58.30,090926,,,A,V*1D
$GPGGA,172146.11,3001.74215,S,05112.74921,W,1,08,0.97,59.64,M,,M,,*4B
$GPGLL,3001.74215,S,05112.74921,W,172146.11,A,A*68
$GPGSA,A,3,05,12,18,23,25,26,28,29,,,,,2.02,0.97,1.77,1*1C
$GPGSV,4,1,15,5,31,131,41,10,05,343,36,12,12,033,21,13,06,029,28,1*57
$GPGSV,4,2,15,15,13,065,,16,05,219,,18,68,235,22,20,04,093,,1*64
$GPGSV,4,3,15,21,01,145,,23,33,357,41,25,43,018,51,26,32,230,21,1*6A
$GPGSV,4,4,15,28,17,300,17,29,55,133,44,31,18,268,06,1*52
$GPRMC,172146.11,A,3001.74215,S,05112.74921,W,0.28,58.30,090926,,,A,V*15
$GPGGA,172147.11,3001.74219,S,05112.74943,W,1,08,0.97,59.33,M,,M,,*40
$GPGLL,3001.74219,S,05112.74943,W,172147.11,A,A*61
$GPGSA,A,3,05,12,18,23,25,26,28,29,,,,,2.02,0.97,1.77,1*1C
$GPGSV,4,1,15,5,31,131,41,10,05,343,36,12,12,033,21,13,06,029,29,1*56
$GPGSV,4,2,15,15,13,065,,16,05,219,,18,68,235,22,20,04,093,,1*64
$GPGSV,4,3,15,21,01,145,,23,33,357,41,25,43,018,51,26,32,230,20,1*6B
$GPGSV,4,4,15,28,17,300,15,29,55,133,44,31,18,268,03,1*55
$GPRMC,172147.11,A,3001.74219,S,05112.74943,W,1.01,58.30,090926,,,A,V*16
$GPGGA,172148.11,3001.74231,S,05112.74970,W,1,07,1.15,59.21,M,,M,,*42
$GPGLL,3001.74231,S,05112.74970,W,172148.11,A,A*64
$GPGSA,A,3,05,12,18,23,25,26,29,,,,,,2.30,1.15,1.99,1*1C
$GPGSV,4,1,15,5,31,131,41,10,05,343,36,12,12,033,21,13,06,029,28,1*57
$GPGSV,4,2,15,15,13,065,,16,05,219,,18,68,235,22,20,04,093,,1*64
$GPGSV,4,3,15,21,01,145,,23,33,357,41,25,43,018,51,26,32,230,19,1*61
$GPGSV,4,4,15,28,17,300,13,29,55,133,44,31,18,268,04,1*54
$GPRMC,172148.11,A,3001.74231,S,05112.74970,W,0.47,58.30,090926,,,A,V*10
$GPGGA,172149.11,3001.74241,S,05112.74980,W,1,08,0.97,59.02,M,,M,,*4E
$GPGLL,3001.74241,S,05112.74980,W,172149.11,A,A*6D
$GPGSA,A,3,05,12,18,23,25,26,28,29,,,,,2.02,0.97,1.77,1*1C
$GPGSV,4,1,15,5,31,131,41,10,05,343,36,12,12,033,21,13,06,029,29,1*56
$GPGSV,4,2,15,15,13,065,,16,05,219,,18,68,235,22,20,04,093,,1*64
$GPGSV,4,3,15,21,01,145,,23,33,357,41,25,43,018,51,26,32,230,19,1*61
$GPGSV,4,4,15,28,17,300,13,29,55,133,44,31,18,268,06,1*56
$GPRMC,172149.11,A,3001.74241,S,05112.74980,W,0.37,58.30,090926,,,A,V*1E
$GPGGA,172150.11,3001.74241,S,05112.75004,W,1,08,0.97,58.57,M,,M,,*43
$GPGLL,3001.74241,S,05112.75004,W,172150.11,A,A*61
$GPGSA,A,3,05,12,18,23,25,26,28,29,,,,,2.02,0.97,1.77,1*1C
$GPGSV,4,1,15,5,31,131,41,10,05,343,36,12,12,033,19,13,06,029,29,1*5D
$GPGSV,4,2,15,15,13,065,,16,05,219,,18,68,235,22,20,04,093,,1*64
$GPGSV,4,3,15,21,01,145,,23,33,357,41,25,43,018,51,26,32,230,18,1*60
$GPGSV,4,4,15,28,17,300,15,29,55,133,44,31,18,268,04,1*52
$GPRMC,172150.11,A,3001.74241,S,05112.75004,W,0.31,58.30,090926,,,A,V*14
$GPGGA,172151.11,3001.74245,S,05112.75014,W,1,08,0.97,58.14,M,,M,,*40
$GPGLL,3001.74245,S,05112.75014,W,172151.11,A,A*65
$GPGSA,A,3,05,12,18,23,25,26,28,29,,,,,2.02,0.97,1.77,1*1C
$GPGSV,4,1,15,5,31,131,41,10,05,343,36,12,12,033,19,13,06,029,28,1*5C
$GPGSV,4,2,15,15,13,065,,16,05,219,,18,68,235,22,20,04,093,,1*64
$GPGSV,4,3,15,21,01,145,,23,33,357,41,25,43,018,52,26,32,230,19,1*62
$GPGSV,4,4,15,28,17,300,15,29,55,133,44,31,18,268,07,1*51
$GPRMC,172151.11,A,3001.74245,S,05112.75014,W,0.15,58.30,090926,,,A,V*16
$GPGGA,172152.11,3001.74245,S,05112.75042,W,1,07,1.15,57.80,M,,M,,*46
$GPGLL,3001.74245,S,05112.75042,W,172152.11,A,A*65
$GPGSA,A,3,05,12,18,23,25,26,29,,,,,,2.30,1.15,1.99,1*1C
$GPGSV,4,1,15,5,31,131,41,10,05,343,36,12,12,033,17,13,06,029,27,1*5D
$GPGSV,4,2,15,15,13,065,,16,05,219,,18,68,235,22,20,04,093,,1*64
$GPGSV,4,3,15,21,01,145,,23,33,357,40,25,43,018,51,26,32,230,17,1*6E
$GPGSV,4,4,15,28,17,300,10,29,55,133,44,31,18,268,01,1*52
$GPRMC,172152.11,A,3001.74245,S,05112.75042,W,0.10,58.30,090926,,,A,V*13
$GPGGA,172153.11,3001.74252,S,05112.75047,W,1,07,1.15,57.95,M,,M,,*40
$GPGLL,3001.74252,S,05112.75047,W,172153.11,A,A*67
$GPGSA,A,3,05,12,18,23,25,26,29,,,,,,2.30,1.15,1.99,1*1C
$GPGSV,4,1,15,5,31,131,41,10,05,343,36,12,12,033,18,13,06,029,29,1*5C
$GPGSV,4,2,15,15,13,065,,16,05,219,,18,68,235,22,20,04,093,,1*64
$GPGSV,4,3,15,21,01,145,,23,33,357,41,25,43,018,51,26,32,230,15,1*6D
$GPGSV,4,4,15,28,17,300,00,29,55,133,44,31,18,268,05,1*57
$GPRMC,172153.11,A,3001.74252,S,05112.75047,W,0.25,58.30,090926,,,A,V*17
$GPGGA,172154.11,3001.74250,S,05112.75064,W,1,07,1.15,57.92,M,,M,,*43
$GPGLL,3001.74250,S,05112.75064,W,172154.11,A,A*63
$GPGSA,A,3,05,12,18,23,25,26,29,,,,,,2.30,1.15,1.99,1*1C
$GPGSV,4,1,15,5,31,131,41,10,05,343,36,12,12,033,18,13,06,029,25,1*50
$GPGSV,4,2,15,15,13,065,,16,05,219,,18,68,235,21,20,04,093,,1*67
$GPGSV,4,3,15,21,01,145,,23,33,357,41,25,43,018,51,26,32,230,15,1*6D
$GPGSV,4,4,15,28,17,300,07,29,55,133,44,31,18,268,07,1*52
$GPRMC,172154.11,A,3001.74250,S,05112.75064,W,0.19,58.30,090926,,,A,V*1C
$GPGGA,172155.11,3001.74254,S,05112.75101,W,1,06,2.43,57.70,M,,M,,*49
$GPGLL,3001.74254,S,05112.75101,W,172155.11,A,A*64
$GPGSA,A,3,05,12,18,23,25,29,,,,,,,4.28,2.43,3.53,1*13
$GPGSV,4,1,15,5,31,131,41,10,05,343,36,12,12,033,18,13,06,029,29,1*5C
$GPGSV,4,2,15,15,13,065,,16,05,219,27,18,68,235,21,20,04,093,,1*62
$GPGSV,4,3,15,21,01,145,,23,33,357,41,25,43,018,51,26,32,230,12,1*6A
$GPGSV,4,4,15,28,17,300,12,29,55,133,44,31,18,268,06,1*57
$GPRMC,172155.11,A,3001.74254,S,05112.75101,W,0.15,58.30,090926,,,A,V*17
$GPGGA,172156.11,3001.74262,S,05112.75140,W,1,06,2.43,57.72,M,,M,,*48
$GPGLL,3001.74262,S,05112.75140,W,172156.11,A,A*67
$GPGSA,A,3,05,12,18,23,25,29,,,,,,,4.28,2.43,3.53,1*13
$GPGSV,4,1,15,5,31,131,41,10,05,343,36,12,12,033,18,13,06,029,28,1*5D
$GPGSV,4,2,15,15,13,065,,16,05,219,25,18,68,235,22,20,04,093,,1*63
$GPGSV,4,3,15,21,01,145,,23,33,357,41,25,43,018,52,26,32,230,13,1*68
$GPGSV,4,4,15,28,17,300,10,29,55,133,44,31,18,268,04,1*57
$GPRMC,172156.11,A,3001.74262,S,05112.75140,W,0.48,58.30,090926,,,A,V*1C
$GPGGA,172157.11,3001.74268,S,05112.75168,W,1,06,2.43,57.83,M,,M,,*47
$GPGLL,3001.74268,S,05112.75168,W,172157.11,A,A*66
$GPGSA,A,3,05,12,18,23,25,29,,,,,,,4.28,2.43,3.53,1*13
$GPGSV,4,1,15,5,31,131,40,10,05,343,36,12,12,033,18,13,06,029,28,1*5C
$GPGSV,4,2,15,15,13,065,,16,05,219,25,18,68,235,23,20,04,093,,1*62
$GPGSV,4,3,15,21,01,145,,23,33,357,41,25,43,018,52,26,32,230,01,1*6B
$GPGSV,4,4,15,28,17,300,05,29,55,133,45,31,18,268,07,1*51
$GPRMC,172157.11,A,3001.74268,S,05112.75168,W,0.33,58.30,090926,,,A,V*11
$GPGGA,172158.11,3001.74271,S,05112.75190,W,1,06,2.43,57.82,M,,M,,*46
$GPGLL,3001.74271,S,05112.75190,W,172158.11,A,A*66
$GPGSA,A,3,05,12,18,23,25,29,,,,,,,4.28,2.43,3.53,1*13
$GPGSV,4,1,15,5,31,131,40,10,05,343,36,12,12,033,17,13,06,029,,1*59
$GPGSV,4,2,15,15,13,065,,16,05,219,25,18,68,235,23,20,04,093,,1*62
$GPGSV,4,3,15,21,01,145,,23,33,357,41,25,43,018,52,26,32,230,06,1*6C
$GPGSV,4,4,15,28,17,300,00,29,55,133,44,31,18,268,04,1*56
$GPRMC,172158.11,A,3001.74271,S,05112.75190,W,0.29,58.30,090926,,,A,V*1A
$GPGGA,172159.11,3001.74278,S,05112.75219,W,1,06,2.43,57.86,M,,M,,*48
$GPGLL,3001.74278,S,05112.75219,W,172159.11,A,A*6C
$GPGSA,A,3,05,12,18,23,25,29,,,,,,,4.28,2.43,3.53,1*13
$GPGSV,4,1,15,5,31,131,40,10,05,343,36,12,12,033,17,13,06,029,,1*59
$GPGSV,4,2,15,15,13,065,,16,05,219,,18,68,235,23,20,04,093,,1*65
$GPGSV,4,3,15,21,01,145,,23,33,357,41,25,43,018,51,26,32,230,05,1*6C
$GPGSV,4,4,15,28,17,300,03,29,55,133,44,31,18,268,10,1*50
$GPRMC,172159.11,A,3001.74278,S,05112.75219,W,0.25,58.30,090926,,,A,V*1C
$GPGGA,172200.11,3001.74288,S,05112.75236,W,1,07,1.53,58.12,M,,M,,*44
$GPGLL,3001.74288,S,05112.75236,W,172200.11,A,A*61
$GPGSA,A,3,05,10,12,18,23,25,29,,,,,,2.41,1.53,1.87,1*12
$GPGSV,4,1,15,5,31,131,39,10,05,343,36,12,12,033,17,13,06,029,28,1*5D
$GPGSV,4,2,15,15,13,066,,16,05,219,,18,68,234,22,20,04,093,,1*66
$GPGSV,4,3,15,21,01,145,,23,33,357,41,25,43,018,51,26,32,230,10,1*68
$GPGSV,4,4,15,28,17,300,10,29,55,133,44,31,18,269,01,1*53
$GPRMC,172200.11,A,3001.74288,S,05112.75236,W,0.14,58.30,090926,,,A,V*13
$GPGGA,172201.11,3001.74289,S,05112.75249,W,1,07,1.53,58.07,M,,M,,*48
$GPGLL,3001.74289,S,05112.75249,W,172201.11,A,A*69
$GPGSA,A,3,05,10,12,18,23,25,29,,,,,,2.41,1.53,1.87,1*12
$GPGSV,4,1,15,5,31,131,40,10,05,343,36,12,12,033,16,13,06,029,29,1*53
$GPGSV,4,2,15,15,13,066,,16,05,219,,18,68,234,22,20,04,093,,1*66
$GPGSV,4,3,15,21,01,145,,23,33,357,41,25,43,018,51,26,32,230,05,1*6C
$GPGSV,4,4,15,28,17,300,00,29,55,133,44,31,18,269,07,1*54
$GPRMC,172201.11,A,3001.74289,S,05112.75249,W,0.06,58.30,090926,,,A,V*18
$GPGGA,172202.11,3001.74292,S,05112.75254,W,1,07,1.53,58.11,M,,M,,*4A
$GPGLL,3001.74292,S,05112.75254,W,172202.11,A,A*6C
$GPGSA,A,3,05,10,12,18,23,25,29,,,,,,2.41,1.53,1.87,1*12
$GPGSV,4,1,15,5,31,131,40,10,05,343,36,12,12,033,17,13,06,029,26,1*5D
$GPGSV,4,2,15,15,13,066,,16,05,219,,18,68,234,22,20,04,093,,1*66
$GPGSV,4,3,15,21,01,145,,23,33,357,41,25,43,018,51,26,32,230,12,1*6A
$GPGSV,4,4,15,28,17,300,05,29,55,133,44,31,18,269,06,1*50
$GPRMC,172202.11,A,3001.74292,S,05112.75254,W,0.07,58.30,090926,,,A,V*1C
$GPGGA,172203.11,3001.74291,S,05112.75260,W,1,07,1.53,58.20,M,,M,,*4D
$GPGLL,3001.74291,S,05112.75260,W,172203.11,A,A*69
$GPGSA,A,3,05,10,12,18,23,25,29,,,,,,2.41,1.53,1.87,1*12
$GPGSV,4,1,15,5,31,131,39,10,05,343,36,12,12,033,18,13,06,029,28,1*52
$GPGSV,4,2,15,15,13,066,,16,05,219,,18,68,234,22,20,04,093,,1*66
$GPGSV,4,3,15,21,01,145,,23,33,357,41,25,43,018,51,26,32,230,08,1*61
$GPGSV,4,4,15,28,17,300,00,29,55,133,44,31,18,269,01,1*52
$GPRMC,172203.11,A,3001.74291,S,05112.75260,W,0.12,58.30,090926,,,A,V*1D
$GPGGA,172204.11,3001.74295,S,05112.75270,W,1,07,1.53,58.36,M,,M,,*48
$GPGLL,3001.74295,S,05112.75270,W,172204.11,A,A*6B
$GPGSA,A,3,05,10,12,18,23,25,29,,,,,,2.41,1.53,1.87,1*12
$GPGSV,4,1,15,5,31,131,40,10,05,343,36,12,12,033,17,13,06,029,29,1*52
$GPGSV,4,2,15,15,13,066,,16,05,219,,18,68,234,22,20,04,093,,1*66
$GPGSV,4,3,15,21,01,145,,23,33,357,41,25,43,018,51,26,32,230,12,1*6A
$GPGSV,4,4,15,28,17,300,05,29,55,133,44,31,18,269,10,1*57
$GPRMC,172204.11,A,3001.74295,S,05112.75270,W,0.32,58.30,090926,,,A,V*1D
$GPGGA,172205.11,3001.74299,S,05112.75282,W,1,07,1.53,58.34,M,,M,,*4A
$GPGLL,3001.74299,S,05112.75282,W,172205.11,A,A*6B
$GPGSA,A,3,05,10,12,18,23,25,29,,,,,,2.41,1.53,1.87,1*12
$GPGSV,4,1,15,5,31,131,40,10,05,343,36,12,12,033,18,13,06,029,30,1*55
$GPGSV,4,2,15,15,13,066,,16,05,219,,18,68,234,21,20,04,093,,1*65
$GPGSV,4,3,15,21,01,145,,23,33,357,41,25,43,018,51,26,32,230,08,1*61
$GPGSV,4,4,15,28,17,300,08,29,55,133,44,31,18,269,13,1*59
$GPRMC,172205.11,A,3001.74299,S,05112.75282,W,0.14,58.30,090926,,,A,V*19
$GPGGA,172206.11,3001.74293,S,05112.75288,W,1,07,1.53,58.28,M,,M,,*44
$GPGLL,3001.74293,S,05112.75288,W,172206.11,A,A*68
$GPGSA,A,3,05,10,12,18,23,25,29,,,,,,2.41,1.53,1.87,1*12
$GPGSV,4,1,15,5,31,131,40,10,05,343,36,12,12,033,18,13,06,029,29,1*5D
$GPGSV,4,2,15,15,13,066,,16,05,219,,18,68,234,21,20,04,093,,1*65
$GPGSV,4,3,15,21,01,145,,23,33,357,41,25,43,018,51,26,32,230,05,1*6C
$GPGSV,4,4,15,28,17,300,12,29,55,133,45,31,18,269,10,1*50
$GPRMC,172206.11,A,3001.74293,S,05112.75288,W,0.19,58.30,090926,,,A,V*17
$GPGGA,172207.11,3001.74294,S,05112.75283,W,1,07,1.53,58.30,M,,M,,*40
$GPGLL,3001.74294,S,05112.75283,W,172207.11,A,A*65
$GPGSA,A,3,05,10,12,18,23,25,29,,,,,,2.41,1.53,1.87,1*12
$GPGSV,4,1,15,5,31,131,40,10,05,343,36,12,12,033,20,13,06,029,29,1*56
$GPGSV,4,2,15,15,13,066,,16,05,219,26,18,68,234,22,20,04,093,,1*62
$GPGSV,4,3,15,21,01,145,,23,33,357,41,25,43,018,51,26,32,230,00,1*69
$GPGSV,4,4,15,28,17,300,05,29,55,133,45,31,18,269,13,1*55
$GPRMC,172207.11,A,3001.74294,S,05112.75283,W,0.04,58.30,090926,,,A,V*16
$GPGGA,172208.11,3001.74299,S,05112.75287,W,1,07,1.53,58.28,M,,M,,*4F
$GPGLL,3001.74299,S,05112.75287,W,172208.11,A,A*63
$GPGSA,A,3,05,10,12,18,23,25,29,,,,,,2.41,1.53,1.87,1*12
$GPGSV,4,1,15,5,31,131,40,10,05,343,36,12,12,033,20,13,06,029,,1*5D
$GPGSV,4,2,15,15,13,066,,16,05,219,24,18,68,234,21,20,04,093,,1*63
$GPGSV,4,3,15,21,01,145,,23,33,357,41,25,43,018,51,26,32,230,04,1*6D
$GPGSV,4,4,15,28,17,300,04,29,55,133,45,31,18,269,,1*56
$GPRMC,172208.11,A,3001.74299,S,05112.75287,W,0.50,58.30,090926,,,A,V*11
$GPGGA,172209.11,3001.74306,S,05112.75303,W,1,07,1.53,58.17,M,,M,,*48
$GPGLL,3001.74306,S,05112.75303,W,172209.11,A,A*68
$GPGSA,A,3,05,10,12,18,23,25,29,,,,,,2.41,1.53,1.87,1*12
$GPGSV,4,1,15,5,31,131,40,10,05,343,36,12,12,033,21,13,06,029,,1*5C
$GPGSV,4,2,15,15,13,066,,16,05,219,25,18,68,234,21,20,04,093,,1*62
$GPGSV,4,3,15,21,01,145,,23,33,357,41,25,43,018,51,26,32,230,01,1*68
$GPGSV,4,4,15,28,17,300,08,29,55,133,44,31,18,269,,1*5B
$GPRMC,172209.11,A,3001.74306,S,05112.75303,W,0.09,58.30,090926,,,A,V*16
$GPGGA,172210.11,3001.74313,S,05112.75305,W,1,07,1.53,58.34,M,,M,,*43
$GPGLL,3001.74313,S,05112.75305,W,172210.11,A,A*62
$GPGSA,A,3,05,10,12,18,23,25,29,,,,,,2.42,1.53,1.87,1*11
$GPGSV,4,1,15,5,31,131,40,10,05,343,36,12,12,033,21,13,06,029,,1*5C
$GPGSV,4,2,15,15,13,066,,16,05,219,25,18,68,234,21,20,04,093,,1*62
$GPGSV,4,3,15,21,01,145,,23,33,357,41,25,43,018,51,26,32,230,00,1*69
$GPGSV,4,4,15,28,17,300,07,29,55,133,45,31,18,269,,1*55
$GPRMC,172210.11,A,3001.74313,S,05112.75305,W,0.13,58.30,090926,,,A,V*17
$GPGGA,172211.11,3001.74323,S,05112.75327,W,1,07,1.53,58.68,M,,M,,*48
$GPGLL,3001.74323,S,05112.75327,W,172211.11,A,A*60
$GPGSA,A,3,05,10,12,18,23,25,29,,,,,,2.42,1.53,1.87,1*11
$GPGSV,4,1,15,5,31,131,41,10,05,343,36,12,12,033,21,13,06,029,,1*5D
$GPGSV,4,2,15,15,13,066,,16,05,219,26,18,68,234,20,20,04,093,,1*60
$GPGSV,4,3,15,21,01,145,,23,33,357,41,25,43,018,51,26,32,230,03,1*6A
$GPGSV,4,4,15,28,17,300,11,29,55,133,45,31,18,269,,1*52
$GPRMC,172211.11,A,3001.74323,S,05112.75327,W,0.10,58.30,090926,,,A,V*16
$GPGGA,172212.11,3001.74329,S,05112.75351,W,1,07,1.53,58.63,M,,M,,*4B
$GPGLL,3001.74329,S,05112.75351,W,172212.11,A,A*68
$GPGSA,A,3,05,10,12,18,23,25,29,,,,,,2.42,1.53,1.87,1*11
$GPGSV,4,1,15,5,31,131,41,10,05,343,36,12,12,033,21,13,06,029,,1*5D
$GPGSV,4,2,15,15,13,066,,16,05,219,25,18,68,234,19,20,04,093,,1*69
$GPGSV,4,3,15,21,01,145,,23,33,357,41,25,43,018,51,26,32,230,00,1*69
$GPGSV,4,4,15,28,17,300,04,29,55,133,44,31,18,269,,1*57
$GPRMC,172212.11,A,3001.74329,S,05112.75351,W,0.24,58.30,090926,,,A,V*19
$GPGGA,172213.11,3001.74340,S,05112.75382,W,1,07,1.53,58.40,M,,M,,*4A
$GPGLL,3001.74340,S,05112.75382,W,172213.11,A,A*68
$GPGSA,A,3,05,10,12,18,23,25,29,,,,,,2.42,1.53,1.87,1*11
$GPGSV,4,1,15,5,31,131,40,10,05,343,36,12,12,033,21,13,06,029,,1*5C
$GPGSV,4,2,15,15,13,066,,16,05,219,25,18,68,234,19,20,04,093,,1*69
$GPGSV,4,3,15,21,01,145,,23,33,357,41,25,43,018,51,26,32,230,03,1*6A
$GPGSV,4,4,15,28,17,300,10,29,55,133,45,31,18,269,,1*53
$GPRMC,172213.11,A,3001.74340,S,05112.75382,W,0.61,58.30,090926,,,A,V*18
$GPGGA,172214.11,3001.74350,S,05112.75394,W,1,07,1.53,58.16,M,,M,,*48
$GPGLL,3001.74350,S,05112.75394,W,172214.11,A,A*69
$GPGSA,A,3,05,10,12,18,23,25,29,,,,,,2.42,1.53,1.87,1*11
$GPGSV,4,1,15,5,31,131,40,10,05,343,36,12,12,033,22,13,06,029,,1*5F
$GPGSV,4,2,15,15,13,066,,16,05,219,25,18,68,234,17,20,04,093,,1*67
$GPGSV,4,3,15,21,01,145,,23,33,357,41,25,43,018,51,26,32,230,07,1*6E
$GPGSV,4,4,15,28,17,300,11,29,55,133,45,31,18,269,,1*52
$GPRMC,172214.11,A,3001.74350,S,05112.75394,W,0.09,58.30,090926,,,A,V*17
$GPGGA,172215.11,3001.74352,S,05112.75396,W,1,07,1.53,58.14,M,,M,,*4B
$GPGLL,3001.74352,S,05112.75396,W,172215.11,A,A*68
$GPGSA,A,3,05,10,12,18,23,25,29,,,,,,2.42,1.53,1.87,1*11
$GPGSV,4,1,15,5,31,131,41,10,05,343,36,12,12,033,22,13,06,029,22,1*5E
$GPGSV,4,2,15,15,13,066,,16,05,219,,18,68,234,18,20,04,093,,1*6F
$GPGSV,4,3,15,21,01,145,,23,33,357,41,25,43,018,51,26,32,230,07,1*6E
$GPGSV,4,4,15,28,17,300,14,29,55,133,45,31,18,269,,1*57
$GPRMC,172215.11,A,3001.74352,S,05112.75396,W,0.06,58.30,090926,,,A,V*19
$GPGGA,172216.11,3001.74348,S,05112.75384,W,1,07,1.53,58.14,M,,M,,*40
$GPGLL,3001.74348,S,05112.75384,W,172216.11,A,A*63
$GPGSA,A,3,05,10,12,18,23,25,29,,,,,,2.42,1.53,1.87,1*11
$GPGSV,4,1,15,5,31,131,41,10,05,343,36,12,12,033,23,13,06,029,29,1*54
$GPGSV,4,2,15,15,13,066,,16,05,219,26,18,68,234,19,20,04,093,,1*6A
$GPGSV,4,3,15,21,01,145,,23,33,357,42,25,43,018,51,26,32,230,10,1*6B
$GPGSV,4,4,15,28,17,300,13,29,55,133,45,31,18,269,,1*50
$GPRMC,172216.11,A,3001.74348,S,05112.75384,W,0.13,58.30,090926,,,A,V*16
$GPGGA,172217.11,3001.74357,S,05112.75397,W,1,07,1.53,58.20,M,,M,,*4A
$GPGLL,3001.74357,S,05112.75397,W,172217.11,A,A*6E
$GPGSA,A,3,05,10,12,18,23,25,29,,,,,,2.42,1.53,1.87,1*11
$GPGSV,4,1,15,5,31,131,41,10,05,343,36,12,12,033,23,13,06,029,,1*5F
$GPGSV,4,2,15,15,13,066,,16,05,219,25,18,68,234,19,20,04,093,,1*69
$GPGSV,4,3,15,21,01,145,,23,33,357,42,25,43,018,51,26,32,230,12,1*69
$GPGSV,4,4,15,28,17,300,15,29,55,133,45,31,18,269,,1*56
$GPRMC,172217.11,A,3001.74357,S,05112.75397,W,0.23,58.30,090926,,,A,V*18
$GPGGA,172218.11,3001.74358,S,05112.75393,W,1,08,1.15,58.09,M,,M,,*48
$GPGLL,3001.74358,S,05112.75393,W,172218.11,A,A*6A
$GPGSA,A,3,05,10,12,18,23,25,28,29,,,,,2.02,1.15,1.66,1*12
$GPGSV,4,1,15,5,31,131,41,10,05,343,36,12,12,033,23,13,06,029,,1*5F
$GPGSV,4,2,15,15,13,066,,16,05,219,27,18,68,234,18,20,04,093,,1*6A
$GPGSV,4,3,15,21,01,145,,23,33,357,41,25,43,018,51,26,32,230,13,1*6B
$GPGSV,4,4,15,28,17,300,17,29,55,133,45,31,18,269,22,1*54
$GPRMC,172218.11,A,3001.74358,S,05112.75393,W,0.57,58.30,090926,,,A,V*1F
$GPGGA,172219.11,3001.74354,S,05112.75402,W,1,07,1.53,57.96,M,,M,,*4E
$GPGLL,3001.74354,S,05112.75402,W,172219.11,A,A*68
$GPGSA,A,3,05,10,12,18,23,25,29,,,,,,2.42,1.53,1.87,1*11
$GPGSV,4,1,15,5,31,131,41,10,05,343,36,12,12,033,24,13,06,029,,1*58
$GPGSV,4,2,15,15,13,066,,16,05,219,25,18,68,234,18,20,04,093,,1*68
$GPGSV,4,3,15,21,01,145,,23,33,357,41,25,43,018,51,26,32,230,15,1*6D
$GPGSV,4,4,15,28,17,300,17,29,55,133,45,31,18,269,15,1*50
$GPRMC,172219.11,A,3001.74354,S,05112.75402,W,0.09,58.30,090926,,,A,V*16
$GPGGA,172220.11,3001.74351,S,05112.75377,W,1,09,0.96,57.81,M,,M,,*44
$GPGLL,3001.74351,S,05112.75377,W,172220.11,A,A*62
$GPGSA,A,3,05,10,12,18,23,25,26,28,29,,,,1.86,0.96,1.59,1*1F
$GPGSV,4,1,15,5,31,131,41,10,05,343,36,12,12,033,23,13,06,029,26,1*5B
$GPGSV,4,2,15,15,13,066,,16,05,219,25,18,68,234,19,20,04,093,,1*69
$GPGSV,4,3,15,21,01,145,,23,33,357,41,25,43,018,51,26,32,230,17,1*6F
$GPGSV,4,4,15,28,17,300,17,29,55,133,45,31,18,269,03,1*57
$GPRMC,172220.11,A,3001.74351,S,05112.75377,W,0.22,58.30,090926,,,A,V*15
$GPGGA,172221.11,3001.74346,S,05112.75369,W,1,09,0.96,58.10,M,,M,,*4B
$GPGLL,3001.74346,S,05112.75369,W,172221.11,A,A*6A
$GPGSA,A,3,05,10,12,18,23,25,26,28,29,,,,1.86,0.96,1.59,1*1F
$GPGSV,4,1,15,5,31,131,41,10,05,343,36,12,12,033,23,13,06,029,28,1*55
$GPGSV,4,2,15,15,13,066,,16,05,219,,18,68,234,19,20,04,093,,1*6E
$GPGSV,4,3,15,21,01,145,,23,33,357,42,25,43,018,50,26,32,230,17,1*6D
$GPGSV,4,4,15,28,17,300,18,29,55,133,45,31,18,269,34,1*5C
$GPRMC,172221.11,A,3001.74346,S,05112.75369,W,0.12,58.30,090926,,,A,V*1E
$GPGGA,172222.11,3001.74342,S,05112.75359,W,1,09,0.96,58.25,M,,M,,*49
$GPGLL,3001.74342,S,05112.75359,W,172222.11,A,A*6E
$GPGSA,A,3,05,10,12,18,23,25,26,28,29,,,,1.86,0.96,1.59,1*1F
$GPGSV,4,1,15,5,31,131,41,10,05,343,36,12,12,033,23,13,06,029,,1*5F
$GPGSV,4,2,15,15,13,066,,16,05,219,25,18,68,234,19,20,04,093,,1*69
$GPGSV,4,3,15,21,01,145,,23,33,357,42,25,43,018,51,26,32,230,18,1*63
$GPGSV,4,4,15,28,17,300,18,29,55,133,45,31,18,269,25,1*5C
$GPRMC,172222.11,A,3001.74342,S,05112.75359,W,0.31,58.30,090926,,,A,V*1B
$GPGGA,172223.11,3001.74345,S,05112.75356,W,1,09,0.96,58.41,M,,M,,*42
$GPGLL,3001.74345,S,05112.75356,W,172223.11,A,A*67
$GPGSA,A,3,05,10,12,18,23,25,26,28,29,,,,1.86,0.96,1.59,1*1F
$GPGSV,4,1,15,5,31,131,41,10,05,343,36,12,12,033,23,13,06,029,30,1*5C
$GPGSV,4,2,15,15,13,066,,16,05,219,25,18,68,234,18,20,04,093,,1*68
$GPGSV,4,3,15,21,01,145,,23,33,357,42,25,43,018,51,26,32,230,18,1*63
$GPGSV,4,4,15,28,17,300,19,29,55,133,45,31,18,269,25,1*5D
$GPRMC,172223.11,A,3001.74345,S,05112.75356,W,0.24,58.30,090926,,,A,V*16
$GPGGA,172224.11,3001.74351,S,05112.75345,W,1,09,0.96,58.35,M,,M,,*41
$GPGLL,3001.74351,S,05112.75345,W,172224.11,A,A*67
$GPGSA,A,3,05,10,12,18,23,25,26,28,29,,,,1.86,0.96,1.59,1*1F
$GPGSV,4,1,15,5,31,131,41,10,05,343,36,12,12,033,23,13,06,029,29,1*54
$GPGSV,4,2,15,15,13,066,,16,05,219,,18,68,234,19,20,04,093,,1*6E
$GPGSV,4,3,15,21,01,145,,23,33,357,42,25,43,018,51,26,32,230,19,1*62
$GPGSV,4,4,15,28,17,300,17,29,55,133,45,31,18,269,25,1*53
$GPRMC,172224.11,A,3001.74351,S,05112.75345,W,0.19,58.30,090926,,,A,V*18
$GPGGA,172225.11,3001.74352,S,05112.75340,W,1,09,0.96,58.42,M,,M,,*46
$GPGLL,3001.74352,S,05112.75340,W,172225.11,A,A*60
$GPGSA,A,3,05,10,12,18,23,25,26,28,29,,,,1.86,0.96,1.59,1*1F
$GPGSV,4,1,15,5,31,131,40,10,05,343,36,12,12,033,22,13,06,029,,1*5F
$GPGSV,4,2,15,15,13,066,,16,05,219,26,18,68,234,17,20,04,093,,1*64
$GPGSV,4,3,15,21,01,145,,23,33,357,42,25,43,018,51,26,32,230,18,1*63
$GPGSV,4,4,15,28,17,300,17,29,55,133,45,31,18,269,,1*54
$GPRMC,172225.11,A,3001.74352,S,05112.75340,W,0.22,58.30,090926,,,A,V*17
$GPGGA,172226.11,3001.74353,S,05112.75326,W,1,09,0.96,58.48,M,,M,,*4E
$GPGLL,3001.74353,S,05112.75326,W,172226.11,A,A*62
$GPGSA,A,3,05,10,12,18,23,25,26,28,29,,,,1.86,0.96,1.59,1*1F
$GPGSV,4,1,15,5,31,131,40,10,05,343,36,12,12,033,22,13,06,029,30,1*5C
$GPGSV,4,2,15,15,13,066,,16,05,219,25,18,68,234,17,20,04,093,,1*67
$GPGSV,4,3,15,21,01,145,,23,33,357,42,25,43,018,51,26,32,230,19,1*62
$GPGSV,4,4,15,28,17,300,18,29,55,133,45,31,18,269,,1*5B
$GPRMC,172226.11,A,3001.74353,S,05112.75326,W,0.58,58.30,090926,,,A,V*18
$GPGGA,172227.11,3001.74357,S,05112.75310,W,1,09,0.96,58.12,M,,M,,*41
$GPGLL,3001.74357,S,05112.75310,W,172227.11,A,A*62
$GPGSA,A,3,05,10,12,18,23,25,26,28,29,,,,1.86,0.96,1.59,1*1F
$GPGSV,4,1,15,5,31,131,40,10,05,343,36,12,12,033,22,13,06,029,28,1*55
$GPGSV,4,2,15,15,13,066,,16,05,219,25,18,68,234,17,20,04,093,,1*67
$GPGSV,4,3,15,21,01,145,,23,33,357,42,25,43,018,51,26,32,230,21,1*69
$GPGSV,4,4,15,28,17,300,19,29,55,133,45,31,18,269,,1*5A
$GPRMC,172227.11,A,3001.74357,S,05112.75310,W,0.14,58.30,090926,,,A,V*10
$GPGGA,172228.11,3001.74357,S,05112.75295,W,1,09,0.96,58.12,M,,M,,*42
$GPGLL,3001.74357,S,05112.75295,W,172228.11,A,A*61
$GPGSA,A,3,05,10,12,18,23,25,26,28,29,,,,1.86,0.96,1.59,1*1F
$GPGSV,4,1,15,5,31,131,41,10,05,343,36,12,12,033,22,13,06,029,30,1*5D
$GPGSV,4,2,15,15,13,066,,16,05,219,26,18,68,234,16,20,04,093,,1*65
$GPGSV,4,3,15,21,01,145,,23,33,357,42,25,43,018,51,26,32,230,21,1*69
$GPGSV,4,4,15,28,17,300,19,29,55,133,45,31,18,269,,1*5A
$GPRMC,172228.11,A,3001.74357,S,05112.75295,W,0.18,58.30,090926,,,A,V*1F
$GPGGA,172229.11,3001.74354,S,05112.75270,W,1,09,0.96,58.05,M,,M,,*4D
$GPGLL,3001.74354,S,05112.75270,W,172229.11,A,A*68
$GPGSA,A,3,05,10,12,18,23,25,26,28,29,,,,1.86,0.96,1.59,1*1F
$GPGSV,4,1,15,5,31,131,41,10,05,343,36,12,12,033,22,13,06,029,,1*5E
$GPGSV,4,2,15,15,13,066,,16,05,219,25,18,68,234,17,20,04,093,,1*67
$GPGSV,4,3,15,21,01,145,,23,33,357,42,25,43,018,51,26,32,230,22,1*6A
$GPGSV,4,4,15,28,17,300,20,29,55,133,45,31,18,269,,1*50
$GPRMC,172229.11,A,3001.74354,S,05112.75270,W,0.12,58.30,090926,,,A,V*1C
$GPGGA,172230.11,3001.74345,S,05112.75234,W,1,09,0.96,57.94,M,,M,,*42
$GPGLL,3001.74345,S,05112.75234,W,172230.11,A,A*60
$GPGSA,A,3,05,10,12,18,23,25,26,28,29,,,,1.86,0.96,1.59,1*1F
$GPGSV,4,1,15,5,31,131,41,10,05,343,36,12,12,033,23,13,06,029,,1*5F
$GPGSV,4,2,15,15,13,066,,16,05,219,25,18,68,234,16,20,04,093,,1*66
$GPGSV,4,3,15,21,01,145,,23,33,357,42,25,43,018,51,26,32,230,22,1*6A
$GPGSV,4,4,15,28,17,300,20,29,55,133,45,31,18,269,,1*50
$GPRMC,172230.11,A,3001.74345,S,05112.75234,W,0.20,58.30,090926,,,A,V*15
$GPGGA,172231.11,3001.74337,S,05112.75204,W,1,09,0.96,57.83,M,,M,,*43
$GPGLL,3001.74337,S,05112.75204,W,172231.11,A,A*67
$GPGSA,A,3,05,10,12,18,23,25,26,28,29,,,,1.86,0.96,1.59,1*1F
$GPGSV,4,1,15,5,31,131,41,10,05,343,36,12,12,033,23,13,06,029,,1*5F
$GPGSV,4,2,15,15,13,066,,16,05,219,25,18,68,234,17,20,04,093,,1*67
$GPGSV,4,3,15,21,01,145,,23,33,357,42,25,43,018,51,26,32,230,21,1*69
$GPGSV,4,4,15,28,17,300,21,29,55,133,45,31,18,269,,1*51
$GPRMC,172231.11,A,3001.74337,S,05112.75204,W,0.08,58.30,090926,,,A,V*18
$GPGGA,172232.11,3001.74344,S,05112.75188,W,1,09,0.96,57.56,M,,M,,*4B
$GPGLL,3001.74344,S,05112.75188,W,172232.11,A,A*67
$GPGSA,A,3,05,10,12,18,23,25,26,28,29,,,,1.86,0.96,1.59,1*1F
$GPGSV,4,1,15,5,31,131,40,10,05,343,36,12,12,033,23,13,06,029,,1*5E
$GPGSV,4,2,15,15,13,066,,16,05,219,,18,68,234,16,20,04,093,,1*61
$GPGSV,4,3,15,21,01,145,,23,33,357,42,25,43,018,51,26,32,230,21,1*69
$GPGSV,4,4,15,28,17,300,21,29,55,133,45,31,18,269,,1*51
$GPRMC,172232.11,A,3001.74344,S,05112.75188,W,0.19,58.30,090926,,,A,V*18
$GPGGA,172233.11,3001.74353,S,05112.75176,W,1,09,0.96,57.37,M,,M,,*4A
$GPGLL,3001.74353,S,05112.75176,W,172233.11,A,A*61
$GPGSA,A,3,05,10,12,18,23,25,26,28,29,,,,1.86,0.96,1.59,1*1F
$GPGSV,4,1,15,5,31,131,40,10,05,343,36,12,12,033,23,13,06,029,,1*5E
$GPGSV,4,2,15,15,13,066,,16,05,219,25,18,68,234,17,20,04,093,,1*67
$GPGSV,4,3,15,21,01,145,,23,33,357,42,25,43,018,51,26,32,230,21,1*69
$GPGSV,4,4,15,28,17,300,22,29,55,133,45,31,18,269,,1*52
$GPRMC,172233.11,A,3001.74353,S,05112.75176,W,0.50,58.30,090926,,,A,V*13
$GPGGA,172234.11,3001.74352,S,05112.75130,W,1,09,0.96,56.76,M,,M,,*4A
$GPGLL,3001.74352,S,05112.75130,W,172234.11,A,A*65
$GPGSA,A,3,05,10,12,18,23,25,26,28,29,,,,1.86,0.96,1.59,1*1F
$GPGSV,4,1,15,5,31,131,40,10,05,343,36,12,12,033,23,13,06,029,,1*5E
$GPGSV,4,2,15,15,13,066,,16,05,219,25,18,68,234,14,20,04,093,,1*64
$GPGSV,4,3,15,21,01,145,,23,33,357,42,25,43,018,51,26,32,230,21,1*69
$GPGSV,4,4,15,28,17,300,22,29,55,133,45,31,18,269,,1*52
$GPRMC,172234.11,A,3001.74352,S,05112.75130,W,0.06,58.30,090926,,,A,V*14
$GPGGA,172235.11,3001.74346,S,05112.75098,W,1,09,0.96,56.71,M,,M,,*4A
$GPGLL,3001.74346,S,05112.75098,W,172235.11,A,A*62
$GPGSA,A,3,05,10,12,18,23,25,26,28,29,,,,1.86,0.96,1.59,1*1F
$GPGSV,4,1,15,5,31,131,40,10,05,343,36,12,12,033,23,13,06,029,,1*5E
$GPGSV,4,2,15,15,13,066,,16,05,219,24,18,68,234,16,20,04,093,,1*67
$GPGSV,4,3,15,21,01,145,,23,33,357,43,25,43,018,51,26,32,230,21,1*68
$GPGSV,4,4,15,28,17,300,22,29,55,133,45,31,18,269,,1*52
$GPRMC,172235.11,A,3001.74346,S,05112.75098,W,0.04,58.30,090926,,,A,V*11
$GPGGA,172236.11,3001.74338,S,05112.75076,W,1,09,0.96,56.75,M,,M,,*44
$GPGLL,3001.74338,S,05112.75076,W,172236.11,A,A*68
$GPGSA,A,3,05,10,12,18,23,25,26,28,29,,,,1.86,0.96,1.59,1*1F
$GPGSV,4,1,15,5,31,131,40,10,05,343,36,12,12,033,23,13,06,029,,1*5E
$GPGSV,4,2,15,15,13,066,,16,05,219,25,18,68,234,17,20,04,093,,1*67
$GPGSV,4,3,15,21,01,145,,23,33,357,42,25,43,018,51,26,32,230,21,1*69
$GPGSV,4,4,15,28,17,300,22,29,55,133,45,31,18,269,,1*52
$GPRMC,172236.11,A,3001.74338,S,05112.75076,W,0.16,58.30,090926,,,A,V*18
$GPGGA,172237.11,3001.74344,S,05112.75071,W,1,09,0.96,56.83,M,,M,,*40
$GPGLL,3001.74344,S,05112.75071,W,172237.11,A,A*65
$GPGSA,A,3,05,10,12,18,23,25,26,28,29,,,,1.86,0.96,1.59,1*1F
$GPGSV,4,1,15,5,31,131,40,10,05,343,36,12,12,033,23,13,06,029,,1*5E
$GPGSV,4,2,15,15,13,066,26,16,05,219,27,18,68,234,17,20,04,093,,1*61
$GPGSV,4,3,15,21,01,145,,23,33,357,42,25,43,018,51,26,32,230,21,1*69
$GPGSV,4,4,15,28,17,300,22,29,55,133,45,31,18,269,,1*52
$GPRMC,172237.11,A,3001.74344,S,05112.75071,W,0.29,58.30,090926,,,A,V*19
$GPGGA,172238.11,3001.74342,S,05112.75061,W,1,09,0.96,56.64,M,,M,,*41
$GPGLL,3001.74342,S,05112.75061,W,172238.11,A,A*6D
$GPGSA,A,3,05,10,12,18,23,25,26,28,29,,,,1.86,0.96,1.59,1*1F
$GPGSV,4,1,15,5,31,131,40,10,05,343,36,12,12,033,23,13,06,029,29,1*55
$GPGSV,4,2,15,15,13,066,25,16,05,219,26,18,68,234,15,20,04,093,,1*61
$GPGSV,4,3,15,21,01,145,,23,33,357,42,25,43,018,51,26,32,230,20,1*68
$GPGSV,4,4,15,28,17,300,21,29,55,133,45,31,18,269,,1*51
$GPRMC,172238.11,A,3001.74342,S,05112.75061,W,0.02,58.30,090926,,,A,V*18
$GPGGA,172239.11,3001.74336,S,05112.75050,W,1,09,0.96,56.68,M,,M,,*4D
$GPGLL,3001.74336,S,05112.75050,W,172239.11,A,A*6D
$GPGSA,A,3,05,10,12,18,23,25,26,28,29,,,,1.86,0.96,1.59,1*1F
$GPGSV,4,1,15,5,31,131,40,10,05,343,36,12,12,033,23,13,06,029,28,1*54
$GPGSV,4,2,15,15,13,066,25,16,05,219,25,18,68,234,16,20,04,093,,1*61
$GPGSV,4,3,15,21,01,145,,23,33,357,42,25,43,018,51,26,32,230,20,1*68
$GPGSV,4,4,15,28,17,300,21,29,55,133,45,31,18,269,,1*51
$GPRMC,172239.11,A,3001.74336,S,05112.75050,W,0.16,58.30,090926,,,A,V*1D
$GPGGA,172240.11,3001.74333,S,05112.75045,W,1,09,0.96,56.71,M,,M,,*4A
$GPGLL,3001.74333,S,05112.75045,W,172240.11,A,A*62
$GPGSA,A,3,05,10,12,18,23,25,26,28,29,,,,1.86,0.96,1.59,1*1F
$GPGSV,4,1,15,5,31,131,39,10,05,343,36,12,12,033,23,13,06,029,29,1*5B
$GPGSV,4,2,15,15,13,066,25,16,05,219,25,18,68,234,16,20,04,093,,1*61
$GPGSV,4,3,15,21,01,145,,23,33,357,43,25,43,018,51,26,32,230,21,1*68
$GPGSV,4,4,15,28,17,300,21,29,55,133,45,31,18,269,,1*51
$GPRMC,172240.11,A,3001.74333,S,05112.75045,W,0.11,58.30,090926,,,A,V*15
$GPGGA,172241.11,3001.74331,S,05112.75034,W,1,09,0.96,56.69,M,,M,,*46
$GPGLL,3001.74331,S,05112.75034,W,172241.11,A,A*67
$GPGSA,A,3,05,10,12,18,23,25,26,28,29,,,,1.86,0.96,1.59,1*1F
$GPGSV,4,1,15,5,31,131,39,10,05,343,37,12,12,033,23,13,06,029,29,1*5A
$GPGSV,4,2,15,15,13,066,,16,05,219,,18,68,234,16,20,04,093,,1*61
$GPGSV,4,3,15,21,01,145,,23,33,357,43,25,43,018,51,26,32,230,21,1*68
$GPGSV,4,4,15,28,17,300,22,29,55,133,45,31,18,269,,1*52
$GPRMC,172241.11,A,3001.74331,S,05112.75034,W,0.09,58.30,090926,,,A,V*19
$GPGGA,172242.11,3001.74326,S,05112.75018,W,1,09,0.96,56.74,M,,M,,*41
$GPGLL,3001.74326,S,05112.75018,W,172242.11,A,A*6C
$GPGSA,A,3,05,10,12,18,23,25,26,28,29,,,,1.86,0.96,1.59,1*1F
$GPGSV,4,1,15,5,31,131,40,10,05,343,37,12,12,033,23,13,06,029,30,1*5C
$GPGSV,4,2,15,15,13,066,,16,05,219,26,18,68,234,17,20,04,093,,1*64
$GPGSV,4,3,15,21,01,145,,23,33,357,43,25,43,018,51,26,32,230,21,1*68
$GPGSV,4,4,15,28,17,300,22,29,55,133,45,31,18,269,20,1*50
$GPRMC,172242.11,A,3001.74326,S,05112.75018,W,0.24,58.30,090926,,,A,V*1D
$GPGGA,172243.11,3001.74322,S,05112.75004,W,1,10,0.90,56.68,M,,M,,*4A
$GPGLL,3001.74322,S,05112.75004,W,172243.11,A,A*64
$GPGSA,A,3,05,10,12,18,23,25,26,28,29,31,,,1.78,0.90,1.54,1*17
$GPGSV,4,1,15,5,31,131,40,10,05,343,36,12,12,033,23,13,06,029,30,1*5D
$GPGSV,4,2,15,15,13,066,,16,05,219,24,18,68,234,17,20,04,093,,1*66
$GPGSV,4,3,15,21,01,145,,23,33,357,43,25,43,018,52,26,32,230,21,1*6B
$GPGSV,4,4,15,28,17,300,22,29,55,133,45,31,18,269,21,1*51
$GPRMC,172243.11,A,3001.74322,S,05112.75004,W,0.07,58.30,090926,,,A,V*14
$GPGGA,172244.11,3001.74322,S,05112.75006,W,1,09,0.96,56.57,M,,M,,*4D
$GPGLL,3001.74322,S,05112.75006,W,172244.11,A,A*61
$GPGSA,A,3,05,10,12,18,23,25,26,28,29,,,,1.86,0.96,1.59,1*1F
$GPGSV,4,1,15,5,31,131,40,10,05,343,36,12,12,033,22,13,06,029,29,1*54
$GPGSV,4,2,15,15,13,066,,16,05,219,26,18,68,234,17,20,04,093,,1*64
$GPGSV,4,3,15,21,01,145,,23,33,357,43,25,43,018,52,26,32,230,21,1*6B
$GPGSV,4,4,15,28,17,300,22,29,55,133,45,31,18,269,28,1*58
$GPRMC,172244.11,A,3001.74322,S,05112.75006,W,0.13,58.30,090926,,,A,V*14
$GPGGA,172245.11,3001.74316,S,05112.74996,W,1,10,0.90,56.76,M,,M,,*47
$GPGLL,3001.74316,S,05112.74996,W,172245.11,A,A*66
$GPGSA,A,3,05,10,12,18,23,25,26,28,29,31,,,1.78,0.90,1.54,1*17
$GPGSV,4,1,15,5,31,131,40,10,05,343,36,12,12,033,23,13,06,029,28,1*54
$GPGSV,4,2,15,15,13,066,,16,05,219,26,18,68,234,19,20,04,093,,1*6A
$GPGSV,4,3,15,21,01,145,,23,33,357,43,25,43,018,51,26,32,230,21,1*68
$GPGSV,4,4,15,28,17,300,21,29,55,133,45,31,18,269,28,1*5B
$GPRMC,172245.11,A,3001.74316,S,05112.74996,W,0.04,58.30,090926,,,A,V*15
$GPGGA,172246.11,3001.74308,S,05112.74985,W,1,10,0.90,56.95,M,,M,,*44
$GPGLL,3001.74308,S,05112.74985,W,172246.11,A,A*68
$GPGSA,A,3,05,10,12,18,23,25,26,28,29,31,,,1.78,0.90,1.54,1*17
$GPGSV,4,1,15,5,31,131,40,10,05,343,37,12,12,033,24,13,06,029,30,1*5B
$GPGSV,4,2,15,15,13,066,,16,05,219,25,18,68,234,19,20,04,093,,1*69
$GPGSV,4,3,15,21,01,145,,23,33,357,43,25,43,018,52,26,32,230,22,1*68
$GPGSV,4,4,15,28,17,300,21,29,55,133,45,31,18,269,25,1*56
$GPRMC,172246.11,A,3001.74308,S,05112.74985,W,0.01,58.30,090926,,,A,V*1E
$GPGGA,172247.11,3001.74308,S,05112.74985,W,1,10,0.90,57.16,M,,M,,*4F
$GPGLL,3001.74308,S,05112.74985,W,172247.11,A,A*69
$GPGSA,A,3,05,10,12,18,23,25,26,28,29,31,,,1.78,0.90,1.54,1*17
$GPGSV,4,1,15,5,31,131,40,10,05,343,36,12,12,033,24,13,06,029,30,1*5A
$GPGSV,4,2,15,15,13,066,,16,05,219,22,18,68,234,20,20,04,093,,1*64
$GPGSV,4,3,15,21,01,145,,23,33,357,43,25,43,018,52,26,32,230,22,1*68
$GPGSV,4,4,15,28,17,300,20,29,55,133,46,31,18,269,25,1*54
$GPRMC,172247.11,A,3001.74308,S,05112.74985,W,0.23,58.30,090926,,,A,V*1F
$GPGGA,172248.11,3001.74300,S,05112.74985,W,1,10,0.90,57.24,M,,M,,*49
$GPGLL,3001.74300,S,05112.74985,W,172248.11,A,A*6E
$GPGSA,A,3,05,10,12,18,23,25,26,28,29,31,,,1.78,0.90,1.54,1*17
$GPGSV,4,1,15,5,31,131,40,10,05,343,36,12,12,033,24,13,06,029,28,1*53
$GPGSV,4,2,15,15,13,066,,16,05,219,28,18,68,234,20,20,04,093,,1*6E
$GPGSV,4,3,15,21,01,145,,23,33,357,43,25,43,018,51,26,32,230,22,1*6B
$GPGSV,4,4,15,28,17,300,19,29,55,133,45,31,18,269,25,1*5D
$GPRMC,172248.11,A,3001.74300,S,05112.74985,W,0.19,58.30,090926,,,A,V*11
$GPGGA,172249.11,3001.74286,S,05112.74971,W,1,10,0.90,57.36,M,,M,,*4F
$GPGLL,3001.74286,S,05112.74971,W,172249.11,A,A*6B
$GPGSA,A,3,05,10,12,18,23,25,26,28,29,31,,,1.78,0.90,1.54,1*17
$GPGSV,4,1,15,5,31,131,40,10,05,343,37,12,12,033,24,13,06,029,27,1*5D
$GPGSV,4,2,15,15,13,066,,16,05,219,25,18,68,234,21,20,04,093,,1*62
$GPGSV,4,3,15,21,01,145,,23,33,357,43,25,43,018,51,26,32,230,22,1*6B
$GPGSV,4,4,15,28,17,300,19,29,55,133,45,31,18,269,25,1*5D
$GPRMC,172249.11,A,3001.74286,S,05112.74971,W,0.20,58.30,090926,,,A,V*1E
$GPGGA,172250.11,3001.74276,S,05112.74962,W,1,10,0.90,57.37,M,,M,,*4B
$GPGLL,3001.74276,S,05112.74962,W,172250.11,A,A*6E
$GPGSA,A,3,05,10,12,18,23,25,26,28,29,31,,,1.78,0.90,1.54,1*17
$GPGSV,4,1,15,5,31,131,40,10,05,343,36,12,12,033,23,13,06,029,26,1*5A
$GPGSV,4,2,15,15,13,066,,16,05,219,25,18,68,234,20,20,04,093,,1*63
$GPGSV,4,3,15,21,01,145,,23,33,357,42,25,43,018,51,26,32,230,22,1*6A
$GPGSV,4,4,15,28,17,300,20,29,55,133,45,31,18,269,25,1*57
$GPRMC,172250.11,A,3001.74276,S,05112.74962,W,0.06,58.30,090926,,,A,V*1F
$GPGGA,172251.11,3001.74271,S,05112.74959,W,1,10,0.90,57.40,M,,M,,*45
$GPGLL,3001.74271,S,05112.74959,W,172251.11,A,A*60
$GPGSA,A,3,05,10,12,18,23,25,26,28,29,31,,,1.78,0.90,1.54,1*17
$GPGSV,4,1,15,5,31,131,41,10,05,343,37,12,12,033,23,13,06,029,29,1*55
$GPGSV,4,2,15,15,13,066,,16,05,219,21,18,68,234,20,20,04,093,,1*67
$GPGSV,4,3,15,21,01,145,,23,33,357,43,25,43,018,52,26,32,230,22,1*68
$GPGSV,4,4,15,28,17,300,18,29,55,133,46,31,18,269,25,1*5F
$GPRMC,172251.11,A,3001.74271,S,05112.74959,W,0.25,58.30,090926,,,A,V*10
$GPGGA,172252.11,3001.74269,S,05112.74967,W,1,10,0.90,57.53,M,,M,,*40
$GPGLL,3001.74269,S,05112.74967,W,172252.11,A,A*67
$GPGSA,A,3,05,10,12,18,23,25,26,28,29,31,,,1.78,0.90,1.54,1*17
$GPGSV,4,1,15,5,31,131,41,10,05,343,37,12,12,033,24,13,06,029,30,1*5A
$GPGSV,4,2,15,15,13,066,,16,05,219,,18,68,234,21,20,04,093,,1*65
$GPGSV,4,3,15,21,01,145,,23,33,357,43,25,43,018,51,26,32,230,23,1*6A
$GPGSV,4,4,15,28,17,300,17,29,55,133,45,31,18,269,25,1*53
$GPRMC,172252.11,A,3001.74269,S,05112.74967,W,0.68,58.30,090926,,,A,V*1E
$GPGGA,172253.11,3001.74270,S,05112.74978,W,1,10,0.90,57.33,M,,M,,*41
$GPGLL,3001.74270,S,05112.74978,W,172253.11,A,A*60
$GPGSA,A,3,05,10,12,18,23,25,26,28,29,31,,,1.78,0.90,1.54,1*17
$GPGSV,4,1,15,5,31,131,41,10,05,343,37,12,12,033,23,13,06,029,27,1*5B
$GPGSV,4,2,15,15,13,066,,16,05,219,25,18,68,234,21,20,04,093,,1*62
$GPGSV,4,3,15,21,01,145,,23,33,357,43,25,43,018,51,26,32,230,24,1*6D
$GPGSV,4,4,15,28,17,300,17,29,55,133,45,31,18,269,25,1*53
$GPRMC,172253.11,A,3001.74270,S,05112.74978,W,0.09,58.30,090926,,,A,V*1E
$GPGGA,172254.11,3001.74261,S,05112.74966,W,1,10,0.90,57.25,M,,M,,*4E
$GPGLL,3001.74261,S,05112.74966,W,172254.11,A,A*68
$GPGSA,A,3,05,10,12,18,23,25,26,28,29,31,,,1.78,0.90,1.54,1*17
$GPGSV,4,1,15,5,31,131,41,10,05,343,37,12,12,033,23,13,06,029,30,1*5D
$GPGSV,4,2,15,15,13,066,,16,05,219,25,18,68,234,22,20,04,093,,1*61
$GPGSV,4,3,15,21,01,145,,23,33,357,43,25,43,018,51,26,32,230,23,1*6A
$GPGSV,4,4,15,28,17,300,18,29,55,133,45,31,18,269,25,1*5C
$GPRMC,172254.11,A,3001.74261,S,05112.74966,W,0.11,58.30,090926,,,A,V*1F
$GPGGA,172255.11,3001.74256,S,05112.74951,W,1,10,0.90,57.09,M,,M,,*41
$GPGLL,3001.74256,S,05112.74951,W,172255.11,A,A*69
$GPGSA,A,3,05,10,12,18,23,25,26,28,29,31,,,1.78,0.90,1.54,1*17
$GPGSV,4,1,15,5,31,131,40,10,05,343,36,12,12,033,23,13,06,029,30,1*5D
$GPGSV,4,2,15,15,13,066,,16,05,219,26,18,68,234,22,20,04,093,,1*62
$GPGSV,4,3,15,21,01,145,,23,33,357,43,25,43,018,51,26,32,230,23,1*6A
$GPGSV,4,4,15,28,17,300,17,29,55,133,45,31,18,269,26,1*50
$GPRMC,172255.11,A,3001.74256,S,05112.74951,W,0.20,58.30,090926,,,A,V*1C
$GPGGA,172256.11,3001.74247,S,05112.74950,W,1,10,0.90,57.27,M,,M,,*4F
$GPGLL,3001.74247,S,05112.74950,W,172256.11,A,A*6B
$GPGSA,A,3,05,10,12,18,23,25,26,28,29,31,,,1.78,0.90,1.54,1*17
$GPGSV,4,1,15,5,31,131,40,10,05,343,37,12,12,033,24,13,06,029,29,1*53
$GPGSV,4,2,15,15,13,066,,16,05,219,24,18,68,234,22,20,04,093,,1*60
$GPGSV,4,3,15,21,01,145,,23,33,357,43,25,43,018,51,26,32,230,23,1*6A
$GPGSV,4,4,15,28,17,300,16,29,55,133,45,31,18,269,26,1*51
$GPRMC,172256.11,A,3001.74247,S,05112.74950,W,0.05,58.30,090926,,,A,V*19
$GPGGA,172257.11,3001.74236,S,05112.74945,W,1,10,0.90,57.31,M,,M,,*4B
$GPGLL,3001.74236,S,05112.74945,W,172257.11,A,A*68
$GPGSA,A,3,05,10,12,18,23,25,26,28,29,31,,,1.78,0.90,1.54,1*17
$GPGSV,4,1,15,5,31,131,40,10,05,343,37,12,12,033,24,13,06,029,,1*58
$GPGSV,4,2,15,15,13,066,,16,05,219,27,18,68,234,23,20,04,093,,1*62
$GPGSV,4,3,15,21,01,145,,23,33,357,43,25,43,018,51,26,32,230,23,1*6A
$GPGSV,4,4,15,28,17,300,17,29,55,133,46,31,18,269,25,1*50
$GPRMC,172257.11,A,3001.74236,S,05112.74945,W,0.06,58.30,090926,,,A,V*19
$GPGGA,172258.11,3001.74230,S,05112.74937,W,1,10,0.90,57.36,M,,M,,*40
$GPGLL,3001.74230,S,05112.74937,W,172258.11,A,A*64
$GPGSA,A,3,05,10,12,18,23,25,26,28,29,31,,,1.78,0.90,1.54,1*17
$GPGSV,4,1,15,5,31,131,41,10,05,343,36,12,12,033,24,13,06,029,30,1*5B
$GPGSV,4,2,15,15,13,066,,16,05,219,25,18,68,234,23,20,04,093,,1*60
$GPGSV,4,3,15,21,01,145,,23,33,357,43,25,43,018,51,26,32,230,23,1*6A
$GPGSV,4,4,15,28,17,300,16,29,55,133,46,31,18,269,25,1*51
$GPRMC,172258.11,A,3001.74230,S,05112.74937,W,0.44,58.30,090926,,,A,V*13
$GPGGA,172259.11,3001.74231,S,05112.74922,W,1,10,0.90,57.59,M,,M,,*4D
$GPGLL,3001.74231,S,05112.74922,W,172259.11,A,A*60
$GPGSA,A,3,05,10,12,18,23,25,26,28,29,31,,,1.78,0.90,1.54,1*17
$GPGSV,4,1,15,5,31,131,40,10,05,343,36,12,12,033,25,13,06,029,30,1*5B
$GPGSV,4,2,15,15,13,066,,16,05,219,,18,68,234,23,20,04,093,,1*67
$GPGSV,4,3,15,21,01,145,,23,33,357,43,25,43,018,51,26,32,230,23,1*6A
$GPGSV,4,4,15,28,17,300,15,29,55,133,46,31,18,269,24,1*53
$GPRMC,172259.11,A,3001.74231,S,05112.74922,W,0.50,58.30,090926,,,A,V*12
$GPGGA,172300.11,3001.74233,S,05112.74911,W,1,10,0.90,57.24,M,,M,,*48
$GPGLL,3001.74233,S,05112.74911,W,172300.11,A,A*6F
$GPGSA,A,3,05,10,12,18,23,25,26,28,29,31,,,1.78,0.90,1.54,1*17
$GPGSV,4,1,15,5,31,132,41,10,05,343,36,12,12,032,25,13,06,029,30,1*58
$GPGSV,4,2,15,15,13,066,,16,05,219,25,18,68,232,23,20,04,093,,1*66
$GPGSV,4,3,15,21,01,145,,23,34,357,43,25,43,018,51,26,33,230,24,1*6B
$GPGSV,4,4,15,28,17,300,13,29,55,132,46,31,18,269,24,1*54
$GPRMC,172300.11,A,3001.74233,S,05112.74911,W,0.17,58.30,090926,,,A,V*1E
$GPGGA,172301.11,3001.74233,S,05112.74906,W,1,10,0.90,57.54,M,,M,,*48
$GPGLL,3001.74233,S,05112.74906,W,172301.11,A,A*68
$GPGSA,A,3,05,10,12,18,23,25,26,28,29,31,,,1.78,0.90,1.54,1*17
$GPGSV,4,1,15,5,31,132,41,10,05,343,36,12,12,032,25,13,06,029,29,1*50
$GPGSV,4,2,15,15,13,066,,16,05,219,25,18,68,232,23,20,04,093,,1*66
$GPGSV,4,3,15,21,01,145,,23,34,357,43,25,43,018,50,26,33,230,24,1*6A
$GPGSV,4,4,15,28,17,300,16,29,55,132,45,31,18,269,23,1*55
$GPRMC,172301.11,A,3001.74233,S,05112.74906,W,0.31,58.30,090926,,,A,V*1D
$GPGGA,172302.11,3001.74229,S,05112.74899,W,1,09,0.94,57.61,M,,M,,*4D
$GPGLL,3001.74229,S,05112.74899,W,172302.11,A,A*67
$GPGSA,A,3,05,10,12,18,23,25,26,29,31,,,,1.81,0.94,1.54,1*1F
$GPGSV,4,1,15,5,31,132,41,10,05,343,36,12,12,032,25,13,06,029,28,1*51
$GPGSV,4,2,15,15,13,066,,16,05,219,27,18,68,232,23,20,04,093,,1*64
$GPGSV,4,3,15,21,01,145,,23,34,357,43,25,43,018,51,26,33,230,23,1*6C
$GPGSV,4,4,15,28,17,300,09,29,55,132,45,31,18,269,23,1*5B
$GPRMC,172302.11,A,3001.74229,S,05112.74899,W,0.22,58.30,090926,,,A,V*10
$GPGGA,172303.11,3001.74233,S,05112.74895,W,1,09,0.94,57.50,M,,M,,*49
$GPGLL,3001.74233,S,05112.74895,W,172303.11,A,A*61
$GPGSA,A,3,05,10,12,18,23,25,26,29,31,,,,1.81,0.94,1.54,1*1F
$GPGSV,4,1,15,5,31,132,41,10,05,343,36,12,12,032,25,13,06,029,29,1*50
$GPGSV,4,2,15,15,13,066,,16,05,219,24,18,68,232,23,20,04,093,,1*67
$GPGSV,4,3,15,21,01,145,,23,34,357,43,25,43,018,50,26,33,230,24,1*6A
$GPGSV,4,4,15,28,17,300,00,29,55,132,45,31,18,269,23,1*52
$GPRMC,172303.11,A,3001.74233,S,05112.74895,W,0.17,58.30,090926,,,A,V*10
$GPGGA,172304.11,3001.74233,S,05112.74883,W,1,09,0.94,57.81,M,,M,,*45
$GPGLL,3001.74233,S,05112.74883,W,172304.11,A,A*61
$GPGSA,A,3,05,10,12,18,23,25,26,29,31,,,,1.81,0.94,1.54,1*1F
$GPGSV,4,1,15,5,31,132,41,10,05,343,36,12,12,032,25,13,06,029,25,1*5C
$GPGSV,4,2,15,15,13,066,,16,05,219,24,18,68,232,23,20,04,093,,1*67
$GPGSV,4,3,15,21,01,145,,23,34,357,44,25,43,018,50,26,33,230,23,1*6A
$GPGSV,4,4,15,28,17,300,08,29,55,132,45,31,18,269,24,1*5D
$GPRMC,172304.11,A,3001.74233,S,05112.74883,W,0.50,58.30,090926,,,A,V*13
$GPGGA,172305.11,3001.74240,S,05112.74865,W,1,09,0.94,57.10,M,,M,,*40
$GPGLL,3001.74240,S,05112.74865,W,172305.11,A,A*6C
$GPGSA,A,3,05,10,12,18,23,25,26,29,31,,,,1.81,0.94,1.54,1*1F
$GPGSV,4,1,15,5,31,132,40,10,05,343,36,12,12,032,26,13,06,029,25,1*5E
$GPGSV,4,2,15,15,13,066,,16,05,219,25,18,68,232,22,20,04,093,,1*67
$GPGSV,4,3,15,21,01,145,,23,34,357,44,25,43,018,50,26,33,230,22,1*6B
$GPGSV,4,4,15,28,17,300,07,29,55,132,45,31,18,269,23,1*55
$GPRMC,172305.11,A,3001.74240,S,05112.74865,W,0.55,58.30,090926,,,A,V*1B
$GPGGA,172306.11,3001.74238,S,05112.74850,W,1,09,0.94,57.37,M,,M,,*4F
$GPGLL,3001.74238,S,05112.74850,W,172306.11,A,A*66
$GPGSA,A,3,05,10,12,18,23,25,26,29,31,,,,1.81,0.94,1.54,1*1F
$GPGSV,4,1,15,5,31,132,40,10,05,343,36,12,12,032,26,13,06,029,25,1*5E
$GPGSV,4,2,15,15,13,066,,16,05,219,,18,68,232,22,20,04,093,,1*60
$GPGSV,4,3,15,21,01,145,,23,34,357,44,25,43,018,51,26,33,230,22,1*6A
$GPGSV,4,4,15,28,17,300,10,29,55,132,45,31,18,269,22,1*52
$GPRMC,172306.11,A,3001.74238,S,05112.74850,W,0.26,58.30,090926,,,A,V*15
$GPGGA,172307.11,3001.74235,S,05112.74856,W,1,09,0.94,57.19,M,,M,,*49
$GPGLL,3001.74235,S,05112.74856,W,172307.11,A,A*6C
$GPGSA,A,3,05,10,12,18,23,25,26,29,31,,,,1.81,0.94,1.54,1*1F
$GPGSV,4,1,15,5,31,132,40,10,05,343,36,12,12,032,26,13,06,029,28,1*53
$GPGSV,4,2,15,15,13,066,,16,05,219,26,18,68,232,22,20,04,093,,1*64
$GPGSV,4,3,15,21,01,145,,23,34,357,44,25,43,018,51,26,33,230,22,1*6A
$GPGSV,4,4,15,28,17,300,11,29,55,132,45,31,18,269,22,1*53
$GPRMC,172307.11,A,3001.74235,S,05112.74856,W,0.16,58.30,090926,,,A,V*1C
$GPGGA,172308.11,3001.74238,S,05112.74861,W,1,09,0.94,57.02,M,,M,,*45
$GPGLL,3001.74238,S,05112.74861,W,172308.11,A,A*6A
$GPGSA,A,3,05,10,12,18,23,25,26,29,31,,,,1.81,0.94,1.54,1*1F
$GPGSV,4,1,15,5,31,132,40,10,05,343,36,12,12,032,26,13,06,029,26,1*5D
$GPGSV,4,2,15,15,13,066,,16,05,219,25,18,68,232,21,20,04,093,,1*64
$GPGSV,4,3,15,21,01,145,,23,34,357,43,25,43,018,51,26,33,230,21,1*6E
$GPGSV,4,4,15,28,17,300,11,29,55,132,46,31,18,269,21,1*53
$GPRMC,172308.11,A,3001.74238,S,05112.74861,W,0.40,58.30,090926,,,A,V*19
$GPGGA,172309.11,3001.74240,S,05112.74881,W,1,09,0.94,57.04,M,,M,,*43
$GPGLL,3001.74240,S,05112.74881,W,172309.11,A,A*6A
$GPGSA,A,3,05,10,12,18,23,25,26,29,31,,,,1.81,0.94,1.54,1*1F
$GPGSV,4,1,15,5,31,132,41,10,05,343,36,12,12,032,26,13,06,029,24,1*5E
$GPGSV,4,2,15,15,13,066,,16,05,219,26,18,68,232,21,20,04,093,,1*67
$GPGSV,4,3,15,21,01,145,,23,34,357,43,25,43,018,51,26,33,230,21,1*6E
$GPGSV,4,4,15,28,17,300,12,29,55,132,45,31,18,269,21,1*53
$GPRMC,172309.11,A,3001.74240,S,05112.74881,W,0.42,58.30,090926,,,A,V*1B
$GPGGA,172310.11,3001.74242,S,05112.74896,W,1,09,0.94,57.04,M,,M,,*4F
$GPGLL,3001.74242,S,05112.74896,W,172310.11,A,A*66
$GPGSA,A,3,05,10,12,18,23,25,26,29,31,,,,1.81,0.94,1.54,1*1F
$GPGSV,4,1,15,5,31,132,40,10,05,343,36,12,12,032,26,13,06,029,24,1*5F
$GPGSV,4,2,15,15,13,066,,16,05,219,24,18,68,232,20,20,04,093,,1*64
$GPGSV,4,3,15,21,01,145,,23,34,357,43,25,43,018,52,26,33,230,20,1*6C
$GPGSV,4,4,15,28,17,300,08,29,55,132,46,31,18,269,21,1*5B
$GPRMC,172310.11,A,3001.74242,S,05112.74896,W,0.38,58.30,090926,,,A,V*1A
$GPGGA,172311.11,3001.74244,S,05112.74899,W,1,09,0.94,56.74,M,,M,,*41
$GPGLL,3001.74244,S,05112.74899,W,172311.11,A,A*6E
$GPGSA,A,3,05,10,12,18,23,25,26,29,31,,,,1.81,0.94,1.54,1*1F
$GPGSV,4,1,15,5,31,132,40,10,05,343,36,12,12,032,26,13,06,029,24,1*5F
$GPGSV,4,2,15,15,13,066,,16,05,219,26,18,68,232,20,20,04,093,,1*66
$GPGSV,4,3,15,21,01,145,,23,34,357,44,25,43,018,51,26,33,230,20,1*68
$GPGSV,4,4,15,28,17,300,07,29,55,132,46,31,18,269,20,1*55
$GPRMC,172311.11,A,3001.74244,S,05112.74899,W,0.28,58.30,090926,,,A,V*13
$GPGGA,172312.11,3001.74247,S,05112.74912,W,1,09,0.94,56.92,M,,M,,*4B
$GPGLL,3001.74247,S,05112.74912,W,172312.11,A,A*6C
$GPGSA,A,3,05,10,12,18,23,25,26,29,31,,,,1.81,0.94,1.54,1*1F
$GPGSV,4,1,15,5,31,132,40,10,05,343,36,12,12,032,26,13,06,029,,1*59
$GPGSV,4,2,15,15,13,066,,16,05,219,25,18,68,232,20,20,04,093,,1*65
$GPGSV,4,3,15,21,01,145,,23,34,357,44,25,43,018,51,26,33,230,19,1*62
$GPGSV,4,4,15,28,17,300,03,29,55,132,46,31,18,269,19,1*5B
$GPRMC,172312.11,A,3001.74247,S,05112.74912,W,0.19,58.30,090926,,,A,V*13
$GPGGA,172313.11,3001.74250,S,05112.74920,W,1,09,0.94,57.00,M,,M,,*47
$GPGLL,3001.74250,S,05112.74920,W,172313.11,A,A*6A
$GPGSA,A,3,05,10,12,18,23,25,26,29,31,,,,1.81,0.94,1.54,1*1F
$GPGSV,4,1,15,5,31,132,40,10,05,343,36,12,12,032,26,13,06,029,,1*59
$GPGSV,4,2,15,15,13,066,,16,05,219,25,18,68,232,19,20,04,093,,1*6F
$GPGSV,4,3,15,21,01,145,,23,34,357,44,25,43,018,51,26,33,230,18,1*63
$GPGSV,4,4,15,28,17,300,13,29,55,132,46,31,18,269,18,1*5B
$GPRMC,172313.11,A,3001.74250,S,05112.74920,W,0.38,58.30,090926,,,A,V*16
$GPGGA,172314.11,3001.74253,S,05112.74915,W,1,09,0.94,56.86,M,,M,,*4A
$GPGLL,3001.74253,S,05112.74915,W,172314.11,A,A*68
$GPGSA,A,3,05,10,12,18,23,25,26,29,31,,,,1.81,0.94,1.54,1*1F
$GPGSV,4,1,15,5,31,132,39,10,05,343,36,12,12,032,26,13,06,029,19,1*5F
$GPGSV,4,2,15,15,13,066,,16,05,219,25,18,68,232,19,20,04,093,,1*6F
$GPGSV,4,3,15,21,01,145,,23,34,357,44,25,43,018,51,26,33,230,16,1*6D
$GPGSV,4,4,15,28,17,300,15,29,55,132,46,31,18,269,17,1*52
$GPRMC,172314.11,A,3001.74253,S,05112.74915,W,0.27,58.30,090926,,,A,V*1A
$GPGGA,172315.11,3001.74254,S,05112.74922,W,1,10,0.89,56.69,M,,M,,*4D
$GPGLL,3001.74254,S,05112.74922,W,172315.11,A,A*6A
$GPGSA,A,3,05,10,12,18,23,25,26,28,29,31,,,1.78,0.89,1.54,1*1F
$GPGSV,4,1,15,5,31,132,39,10,05,343,36,12,12,032,26,13,06,029,21,1*54
$GPGSV,4,2,15,15,13,066,,16,05,219,27,18,68,232,19,20,04,093,,1*6D
$GPGSV,4,3,15,21,01,145,,23,34,357,44,25,43,018,51,26,33,230,17,1*6C
$GPGSV,4,4,15,28,17,300,17,29,55,132,45,31,18,269,15,1*51
$GPRMC,172315.11,A,3001.74254,S,05112.74922,W,0.15,58.30,090926,,,A,V*19
$GPGGA,172316.11,3001.74257,S,05112.74929,W,1,10,0.89,56.28,M,,M,,*43
$GPGLL,3001.74257,S,05112.74929,W,172316.11,A,A*61
$GPGSA,A,3,05,10,12,18,23,25,26,28,29,31,,,1.78,0.89,1.54,1*1F
$GPGSV,4,1,15,5,31,132,39,10,05,343,36,12,12,032,26,13,06,029,27,1*52
$GPGSV,4,2,15,15,13,066,,16,05,219,25,18,68,232,18,20,04,093,,1*6E
$GPGSV,4,3,15,21,01,145,,23,34,357,44,25,43,018,51,26,33,230,17,1*6C
$GPGSV,4,4,15,28,17,300,16,29,55,132,45,31,18,269,14,1*51
$GPRMC,172316.11,A,3001.74257,S,05112.74929,W,0.17,58.30,090926,,,A,V*10
$GPGGA,172317.11,3001.74262,S,05112.74929,W,1,09,0.96,55.97,M,,M,,*45
$GPGLL,3001.74262,S,05112.74929,W,172317.11,A,A*66
$GPGSA,A,3,05,10,12,18,23,25,26,28,29,,,,1.86,0.96,1.59,1*1F
$GPGSV,4,1,15,5,31,132,40,10,05,343,35,12,12,032,26,13,06,029,26,1*5E
$GPGSV,4,2,15,15,13,066,,16,05,219,,18,68,232,16,20,04,093,,1*67
$GPGSV,4,3,15,21,01,145,,23,34,357,44,25,43,018,51,26,33,230,16,1*6D
$GPGSV,4,4,15,28,17,300,16,29,55,132,46,31,18,269,06,1*51
$GPRMC,172317.11,A,3001.74262,S,05112.74929,W,0.48,58.30,090926,,,A,V*1D
$GPGGA,172318.11,3001.74273,S,05112.74931,W,1,09,0.96,55.55,M,,M,,*4D
$GPGLL,3001.74273,S,05112.74931,W,172318.11,A,A*60
$GPGSA,A,3,05,10,12,18,23,25,26,28,29,,,,1.86,0.96,1.59,1*1F
$GPGSV,4,1,15,5,31,132,40,10,05,343,35,12,12,032,26,13,06,029,25,1*5D
$GPGSV,4,2,15,15,13,066,,16,05,219,26,18,68,232,15,20,04,093,,1*60
$GPGSV,4,3,15,21,01,145,,23,34,357,44,25,43,018,51,26,33,230,15,1*6E
$GPGSV,4,4,15,28,17,300,17,29,55,132,46,31,18,269,00,1*56
$GPRMC,172318.11,A,3001.74273,S,05112.74931,W,0.11,58.30,090926,,,A,V*17
$GPGGA,172319.11,3001.74277,S,05112.74927,W,1,09,0.96,55.17,M,,M,,*49
$GPGLL,3001.74277,S,05112.74927,W,172319.11,A,A*62
$GPGSA,A,3,05,10,12,18,23,25,26,28,29,,,,1.86,0.96,1.59,1*1F
$GPGSV,4,1,15,5,31,132,40,10,05,343,36,12,12,032,26,13,06,029,24,1*5F
$GPGSV,4,2,15,15,13,066,,16,05,219,,18,68,232,17,20,04,093,,1*66
$GPGSV,4,3,15,21,01,145,,23,34,357,44,25,43,018,51,26,33,230,15,1*6E
$GPGSV,4,4,15,28,17,300,17,29,55,132,46,31,18,269,05,1*53
$GPRMC,172319.11,A,3001.74277,S,05112.74927,W,0.10,58.30,090926,,,A,V*14
$GPGGA,172320.11,3001.74277,S,05112.74925,W,1,09,0.96,55.08,M,,M,,*4F
$GPGLL,3001.74277,S,05112.74925,W,172320.11,A,A*6A
$GPGSA,A,3,05,10,12,18,23,25,26,28,29,,,,1.86,0.96,1.59,1*1F
$GPGSV,4,1,15,5,31,132,40,10,05,343,35,12,12,032,26,13,06,029,26,1*5E
$GPGSV,4,2,15,15,13,066,,16,05,219,26,18,68,232,15,20,04,093,,1*60
$GPGSV,4,3,15,21,01,145,,23,34,357,44,25,43,018,51,26,33,230,15,1*6E
$GPGSV,4,4,15,28,17,300,19,29,55,132,46,31,18,269,10,1*59
$GPRMC,172320.11,A,3001.74277,S,05112.74925,W,0.17,58.30,090926,,,A,V*1B
$GPGGA,172321.11,3001.74282,S,05112.74922,W,1,08,1.00,54.82,M,,M,,*4F
$GPGLL,3001.74282,S,05112.74922,W,172321.11,A,A*66
$GPGSA,A,3,05,10,12,23,25,26,28,29,,,,,2.16,1.00,1.92,1*15
$GPGSV,4,1,15,5,31,132,41,10,05,343,36,12,12,032,26,13,06,029,30,1*5B
$GPGSV,4,2,15,15,13,066,,16,05,219,25,18,68,232,12,20,04,093,,1*64
$GPGSV,4,3,15,21,01,145,,23,34,357,44,25,43,018,51,26,33,230,15,1*6E
$GPGSV,4,4,15,28,17,300,20,29,55,132,46,31,18,269,10,1*53
$GPRMC,172321.11,A,3001.74282,S,05112.74922,W,0.25,58.30,090926,,,A,V*16
$GPGGA,172322.11,3001.74286,S,05112.74915,W,1,08,1.00,54.49,M,,M,,*4B
$GPGLL,3001.74286,S,05112.74915,W,172322.11,A,A*65
$GPGSA,A,3,05,10,12,23,25,26,28,29,,,,,2.16,1.00,1.92,1*15
$GPGSV,4,1,15,5,31,132,41,10,05,343,35,12,12,032,26,13,06,029,29,1*50
$GPGSV,4,2,15,15,13,066,,16,05,219,26,18,68,232,10,20,04,093,,1*65
$GPGSV,4,3,15,21,01,145,,23,34,357,44,25,43,018,51,26,33,230,15,1*6E
$GPGSV,4,4,15,28,17,300,20,29,55,132,46,31,18,269,09,1*5B
$GPRMC,172322.11,A,3001.74286,S,05112.74915,W,0.28,58.30,090926,,,A,V*18
$GPGGA,172323.11,3001.74289,S,05112.74901,W,1,08,1.00,54.17,M,,M,,*4B
$GPGLL,3001.74289,S,05112.74901,W,172323.11,A,A*6E
$GPGSA,A,3,05,10,12,23,25,26,28,29,,,,,2.16,1.00,1.92,1*15
$GPGSV,4,1,15,5,31,132,40,10,05,343,35,12,12,032,26,13,06,029,27,1*5F
$GPGSV,4,2,15,15,13,066,,16,05,219,25,18,68,232,08,20,04,093,,1*6F
$GPGSV,4,3,15,21,01,145,,23,34,357,44,25,43,018,51,26,33,230,15,1*6E
$GPGSV,4,4,15,28,17,300,20,29,55,132,46,31,18,269,01,1*53
$GPRMC,172323.11,A,3001.74289,S,05112.74901,W,0.11,58.30,090926,,,A,V*19
$GPGGA,172324.11,3001.74292,S,05112.74892,W,1,08,1.00,53.96,M,,M,,*43
$GPGLL,3001.74292,S,05112.74892,W,172324.11,A,A*68
$GPGSA,A,3,05,10,12,23,25,26,28,29,,,,,2.16,1.00,1.91,1*16
$GPGSV,4,1,15,5,31,132,41,10,05,343,36,12,12,032,26,13,06,029,25,1*5F
$GPGSV,4,2,15,15,13,066,,16,05,219,26,18,68,232,05,20,04,093,,1*61
$GPGSV,4,3,15,21,01,145,,23,34,357,44,25,43,018,51,26,33,230,17,1*6C
$GPGSV,4,4,15,28,17,300,19,29,55,132,46,31,18,269,03,1*5B
$GPRMC,172324.11,A,3001.74292,S,05112.74892,W,0.18,58.30,090926,,,A,V*16
$GPGGA,172325.11,3001.74296,S,05112.74892,W,1,08,1.00,53.87,M,,M,,*46
$GPGLL,3001.74296,S,05112.74892,W,172325.11,A,A*6D
$GPGSA,A,3,05,10,12,23,25,26,28,29,,,,,2.16,1.00,1.91,1*16
$GPGSV,4,1,15,5,31,132,41,10,05,343,36,12,12,032,25,13,06,029,27,1*5E
$GPGSV,4,2,15,15,13,066,,16,05,219,25,18,68,232,12,20,04,093,,1*64
$GPGSV,4,3,15,21,01,145,,23,34,357,44,25,43,018,51,26,33,230,18,1*63
$GPGSV,4,4,15,28,17,300,19,29,55,132,46,31,18,269,04,1*5C
$GPRMC,172325.11,A,3001.74296,S,05112.74892,W,0.31,58.30,090926,,,A,V*18
$GPGGA,172326.11,3001.74294,S,05112.74878,W,1,08,1.00,53.70,M,,M,,*4B
$GPGLL,3001.74294,S,05112.74878,W,172326.11,A,A*68
$GPGSA,A,3,05,10,12,23,25,26,28,29,,,,,2.16,1.00,1.91,1*16
$GPGSV,4,1,15,5,31,132,41,10,05,343,36,12,12,032,25,13,06,029,24,1*5D
$GPGSV,4,2,15,15,13,066,,16,05,219,25,18,68,232,10,20,04,093,,1*66
$GPGSV,4,3,15,21,01,145,,23,34,357,44,25,43,018,51,26,33,230,19,1*62
$GPGSV,4,4,15,28,17,300,19,29,55,132,46,31,18,269,00,1*58
$GPRMC,172326.11,A,3001.74294,S,05112.74878,W,0.02,58.30,090926,,,A,V*1D
