$GPGGA,172731.11,3001.74225,S,05112.74594,W,1,09,0.91,47.51,M,,M,,*42
$GPGLL,3001.74225,S,05112.74594,W,172731.11,A,A*6F
$GPGSA,A,3,05,10,12,23,25,26,28,29,31,,,,2.06,0.91,1.85,1*19
$GPGSV,4,1,15,5,29,133,37,10,07,343,33,12,10,032,16,13,04,029,,1*55
$GPGSV,4,2,15,15,14,068,,16,07,219,26,18,68,227,03,20,05,095,26,1*6B
$GPGSV,4,3,15,21,00,146,,23,36,357,48,25,41,017,50,26,34,231,22,1*6C
$GPGSV,4,4,15,28,16,302,20,29,55,129,48,31,18,271,23,1*5D
$GPRMC,172731.11,A,3001.74225,S,05112.74594,W,0.36,58.30,090926,,,A,V*1D
$GPGGA,172732.11,3001.74226,S,05112.74603,W,1,09,0.91,47.57,M,,M,,*49
$GPGLL,3001.74226,S,05112.74603,W,172732.11,A,A*62
$GPGSA,A,3,05,10,12,23,25,26,28,29,31,,,,2.06,0.91,1.85,1*19
$GPGSV,4,1,15,5,29,133,37,10,07,343,34,12,10,032,17,13,04,029,,1*53
$GPGSV,4,2,15,15,14,068,,16,07,219,25,18,68,227,04,20,05,095,25,1*6C
$GPGSV,4,3,15,21,00,146,,23,36,357,48,25,41,017,51,26,34,231,22,1*6D
$GPGSV,4,4,15,28,16,302,19,29,55,129,48,31,18,271,22,1*56
$GPRMC,172732.11,A,3001.74226,S,05112.74603,W,0.40,58.30,090926,,,A,V*11
$GPGGA,172733.11,3001.74226,S,05112.74616,W,1,09,0.91,47.74,M,,M,,*4D
$GPGLL,3001.74226,S,05112.74616,W,172733.11,A,A*67
$GPGSA,A,3,05,10,12,23,25,26,28,29,31,,,,2.06,0.91,1.85,1*19
$GPGSV,4,1,15,5,29,133,38,10,07,343,34,12,10,032,17,13,04,029,,1*5C
$GPGSV,4,2,15,15,14,068,,16,07,219,25,18,68,227,00,20,05,095,25,1*68
$GPGSV,4,3,15,21,00,146,,23,36,357,48,25,41,017,50,26,34,231,23,1*6D
$GPGSV,4,4,15,28,16,302,19,29,55,129,48,31,18,271,22,1*56
$GPRMC,172733.11,A,3001.74226,S,05112.74616,W,0.32,58.30,090926,,,A,V*11
$GPGGA,172734.11,3001.74229,S,05112.74630,W,1,09,0.91,47.96,M,,M,,*4D
$GPGLL,3001.74229,S,05112.74630,W,172734.11,A,A*6B
$GPGSA,A,3,05,10,12,23,25,26,28,29,31,,,,2.06,0.91,1.85,1*19
$GPGSV,4,1,15,5,29,133,38,10,07,343,34,12,10,032,19,13,04,029,,1*52
$GPGSV,4,2,15,15,14,068,,16,07,219,25,18,68,227,00,20,05,095,,1*6F
$GPGSV,4,3,15,21,00,146,,23,36,357,48,25,41,017,51,26,34,231,22,1*6D
$GPGSV,4,4,15,28,16,302,17,29,55,129,48,31,18,271,21,1*5B
$GPRMC,172734.11,A,3001.74229,S,05112.74630,W,0.86,58.30,090926,,,A,V*12
$GPGGA,172735.11,3001.74236,S,05112.74652,W,1,09,0.91,48.08,M,,M,,*4E
$GPGLL,3001.74236,S,05112.74652,W,172735.11,A,A*60
$GPGSA,A,3,05,10,12,23,25,26,28,29,31,,,,2.06,0.91,1.85,1*19
$GPGSV,4,1,15,5,29,133,38,10,07,343,34,12,10,032,19,13,04,029,,1*52
$GPGSV,4,2,15,15,14,068,,16,07,219,27,18,68,227,00,20,05,095,27,1*68
$GPGSV,4,3,15,21,00,146,,23,36,357,48,25,41,017,50,26,34,231,22,1*6C
$GPGSV,4,4,15,28,16,302,17,29,55,129,48,31,18,271,20,1*5A
$GPRMC,172735.11,A,3001.74236,S,05112.74652,W,0.50,58.30,090926,,,A,V*12
$GPGGA,172736.11,3001.74240,S,05112.74673,W,1,09,0.91,48.44,M,,M,,*47
$GPGLL,3001.74240,S,05112.74673,W,172736.11,A,A*61
$GPGSA,A,3,05,10,12,23,25,26,28,29,31,,,,2.06,0.91,1.85,1*19
$GPGSV,4,1,15,5,29,133,38,10,07,343,34,12,10,032,17,13,04,029,,1*5C
$GPGSV,4,2,15,15,14,068,,16,07,219,26,18,68,227,01,20,05,095,25,1*6A
$GPGSV,4,3,15,21,00,146,,23,36,357,48,25,41,017,50,26,34,231,22,1*6C
$GPGSV,4,4,15,28,16,302,18,29,55,129,48,31,18,271,20,1*55
$GPRMC,172736.11,A,3001.74240,S,05112.74673,W,0.37,58.30,090926,,,A,V*12
$GPGGA,172737.11,3001.74240,S,05112.74680,W,1,09,0.91,48.78,M,,M,,*45
$GPGLL,3001.74240,S,05112.74680,W,172737.11,A,A*6C
$GPGSA,A,3,05,10,12,23,25,26,28,29,31,,,,2.06,0.91,1.85,1*19
$GPGSV,4,1,15,5,29,133,38,10,07,343,34,12,10,032,16,13,04,029,,1*5D
$GPGSV,4,2,15,15,14,068,,16,07,219,25,18,68,227,02,20,05,095,25,1*6A
$GPGSV,4,3,15,21,00,146,,23,36,357,48,25,41,017,50,26,34,231,22,1*6C
$GPGSV,4,4,15,28,16,302,19,29,55,129,48,31,18,271,20,1*54
$GPRMC,172737.11,A,3001.74240,S,05112.74680,W,0.42,58.30,090926,,,A,V*1D
$GPGGA,172738.11,3001.74242,S,05112.74702,W,1,09,0.91,48.92,M,,M,,*47
$GPGLL,3001.74242,S,05112.74702,W,172738.11,A,A*6A
$GPGSA,A,3,05,10,12,23,25,26,28,29,31,,,,2.06,0.91,1.85,1*19
$GPGSV,4,1,15,5,29,133,38,10,07,343,34,12,10,032,16,13,04,029,,1*5D
$GPGSV,4,2,15,15,14,068,,16,07,219,30,18,68,227,10,20,05,095,25,1*6D
$GPGSV,4,3,15,21,00,146,,23,36,357,48,25,41,017,51,26,34,231,22,1*6D
$GPGSV,4,4,15,28,16,302,18,29,55,129,48,31,18,271,19,1*5F
$GPRMC,172738.11,A,3001.74242,S,05112.74702,W,0.65,58.30,090926,,,A,V*1E
$GPGGA,172739.11,3001.74243,S,05112.74715,W,1,09,0.91,49.09,M,,M,,*42
$GPGLL,3001.74243,S,05112.74715,W,172739.11,A,A*6C
$GPGSA,A,3,05,10,12,23,25,26,28,29,31,,,,2.06,0.91,1.85,1*19
$GPGSV,4,1,15,5,29,133,38,10,07,343,34,12,10,032,16,13,04,029,,1*5D
$GPGSV,4,2,15,15,14,068,,16,07,219,27,18,68,227,04,20,05,095,27,1*6C
$GPGSV,4,3,15,21,00,146,,23,36,357,48,25,41,017,50,26,34,231,22,1*6C
$GPGSV,4,4,15,28,16,302,18,29,55,129,48,31,18,271,19,1*5F
$GPRMC,172739.11,A,3001.74243,S,05112.74715,W,0.41,58.30,090926,,,A,V*1E
$GPGGA,172740.11,3001.74243,S,05112.74720,W,1,09,0.91,49.44,M,,M,,*43
$GPGLL,3001.74243,S,05112.74720,W,172740.11,A,A*64
$GPGSA,A,3,05,10,12,23,25,26,28,29,31,,,,2.06,0.91,1.85,1*19
$GPGSV,4,1,15,5,29,133,38,10,07,343,34,12,10,032,14,13,04,029,,1*5F
$GPGSV,4,2,15,15,14,068,,16,07,219,26,18,68,227,11,20,05,095,25,1*6B
$GPGSV,4,3,15,21,00,146,,23,36,357,48,25,41,017,50,26,34,231,22,1*6C
$GPGSV,4,4,15,28,16,302,19,29,55,129,48,31,18,271,19,1*5E
$GPRMC,172740.11,A,3001.74243,S,05112.74720,W,0.31,58.30,090926,,,A,V*11
$GPGGA,172741.11,3001.74244,S,05112.74731,W,1,09,0.91,49.66,M,,M,,*45
$GPGLL,3001.74244,S,05112.74731,W,172741.11,A,A*62
$GPGSA,A,3,05,10,12,23,25,26,28,29,31,,,,2.06,0.91,1.85,1*19
$GPGSV,4,1,15,5,29,133,38,10,07,343,33,12,10,032,15,13,04,029,,1*59
$GPGSV,4,2,15,15,14,068,,16,07,219,25,18,68,227,11,20,05,095,25,1*68
$GPGSV,4,3,15,21,00,146,,23,36,357,48,25,41,017,50,26,34,231,21,1*6F
$GPGSV,4,4,15,28,16,302,19,29,55,129,47,31,18,271,19,1*51
$GPRMC,172741.11,A,3001.74244,S,05112.74731,W,0.16,58.30,090926,,,A,V*12
$GPGGA,172742.11,3001.74243,S,05112.74738,W,1,09,0.91,50.01,M,,M,,*41
$GPGLL,3001.74243,S,05112.74738,W,172742.11,A,A*6F
$GPGSA,A,3,05,10,12,23,25,26,28,29,31,,,,2.06,0.91,1.85,1*19
$GPGSV,4,1,15,5,29,133,38,10,07,343,34,12,10,032,16,13,04,029,,1*5D
$GPGSV,4,2,15,15,14,068,,16,07,219,25,18,68,227,16,20,05,095,,1*68
$GPGSV,4,3,15,21,00,146,,23,36,357,48,25,41,017,50,26,34,231,20,1*6E
$GPGSV,4,4,15,28,16,302,18,29,55,129,48,31,18,271,18,1*5E
$GPRMC,172742.11,A,3001.74243,S,05112.74738,W,0.28,58.30,090926,,,A,V*12
$GPGGA,172743.11,3001.74251,S,05112.74769,W,1,10,0.89,50.32,M,,M,,*46
$GPGLL,3001.74251,S,05112.74769,W,172743.11,A,A*69
$GPGSA,A,3,05,10,12,18,23,25,26,28,29,31,,,1.76,0.89,1.52,1*17
$GPGSV,4,1,15,5,29,133,38,10,07,343,33,12,10,032,15,13,04,029,,1*59
$GPGSV,4,2,15,15,14,068,,16,07,219,26,18,68,227,17,20,05,095,26,1*6E
$GPGSV,4,3,15,21,00,146,,23,36,357,48,25,41,017,50,26,34,231,21,1*6F
$GPGSV,4,4,15,28,16,302,17,29,55,129,48,31,18,271,16,1*5F
$GPRMC,172743.11,A,3001.74251,S,05112.74769,W,0.46,58.30,090926,,,A,V*1C
$GPGGA,172744.11,3001.74255,S,05112.74781,W,1,10,0.89,50.56,M,,M,,*41
$GPGLL,3001.74255,S,05112.74781,W,172744.11,A,A*6C
$GPGSA,A,3,05,10,12,18,23,25,26,28,29,31,,,1.76,0.89,1.52,1*17
$GPGSV,4,1,15,5,29,133,38,10,07,343,34,12,10,032,15,13,04,029,,1*5E
$GPGSV,4,2,15,15,14,068,,16,07,219,,18,68,227,17,20,05,095,25,1*69
$GPGSV,4,3,15,21,00,146,,23,36,357,48,25,41,017,50,26,34,231,20,1*6E
$GPGSV,4,4,15,28,16,302,17,29,55,129,48,31,18,271,15,1*5C
$GPRMC,172744.11,A,3001.74255,S,05112.74781,W,0.37,58.30,090926,,,A,V*1F
$GPGGA,172745.11,3001.74252,S,05112.74787,W,1,09,0.96,50.69,M,,M,,*4B
$GPGLL,3001.74252,S,05112.74787,W,172745.11,A,A*6C
$GPGSA,A,3,05,10,12,18,23,25,26,28,29,,,,1.86,0.96,1.59,1*1F
$GPGSV,4,1,15,5,29,133,38,10,07,343,34,12,10,032,15,13,04,029,,1*5E
$GPGSV,4,2,15,15,14,068,,16,07,219,26,18,68,227,17,20,05,095,25,1*6D
$GPGSV,4,3,15,21,00,146,,23,36,357,48,25,41,017,50,26,34,231,19,1*64
$GPGSV,4,4,15,28,16,302,17,29,55,129,48,31,18,271,08,1*50
$GPRMC,172745.11,A,3001.74252,S,05112.74787,W,0.24,58.30,090926,,,A,V*1D
$GPGGA,172746.11,3001.74256,S,05112.74805,W,1,08,1.05,51.01,M,,M,,*4C
$GPGLL,3001.74256,S,05112.74805,W,172746.11,A,A*6E
$GPGSA,A,3,05,10,18,23,25,26,28,29,,,,,2.05,1.05,1.76,1*12
$GPGSV,4,1,15,5,29,133,38,10,07,343,34,12,10,032,08,13,04,029,,1*52
$GPGSV,4,2,15,15,14,068,,16,07,219,25,18,68,227,19,20,05,095,25,1*60
$GPGSV,4,3,15,21,00,146,,23,36,357,48,25,41,017,51,26,34,231,19,1*65
$GPGSV,4,4,15,28,16,302,19,29,55,129,48,31,18,271,00,1*56
$GPRMC,172746.11,A,3001.74256,S,05112.74805,W,0.24,58.30,090926,,,A,V*1F
$GPGGA,172747.11,3001.74260,S,05112.74819,W,1,08,1.05,51.36,M,,M,,*41
$GPGLL,3001.74260,S,05112.74819,W,172747.11,A,A*67
$GPGSA,A,3,05,10,18,23,25,26,28,29,,,,,2.05,1.05,1.76,1*12
$GPGSV,4,1,15,5,29,133,38,10,07,343,34,12,10,032,09,13,04,029,,1*53
$GPGSV,4,2,15,15,14,068,,16,07,219,24,18,68,227,20,20,05,095,25,1*6B
$GPGSV,4,3,15,21,00,146,,23,36,357,48,25,41,017,51,26,34,231,19,1*65
$GPGSV,4,4,15,28,16,302,20,29,55,129,48,31,18,271,13,1*5E
$GPRMC,172747.11,A,3001.74260,S,05112.74819,W,0.30,58.30,090926,,,A,V*13
$GPGGA,172748.11,3001.74265,S,05112.74839,W,1,08,1.05,51.66,M,,M,,*4C
$GPGLL,3001.74265,S,05112.74839,W,172748.11,A,A*6F
$GPGSA,A,3,05,10,18,23,25,26,28,29,,,,,2.05,1.05,1.76,1*12
$GPGSV,4,1,15,5,29,133,38,10,07,343,34,12,10,032,12,13,04,029,,1*59
$GPGSV,4,2,15,15,14,068,,16,07,219,27,18,68,227,21,20,05,095,25,1*69
$GPGSV,4,3,15,21,00,146,,23,36,357,48,25,41,017,50,26,34,231,18,1*65
$GPGSV,4,4,15,28,16,302,20,29,55,129,48,31,18,271,13,1*5E
$GPRMC,172748.11,A,3001.74265,S,05112.74839,W,0.45,58.30,090926,,,A,V*19
$GPGGA,172749.11,3001.74267,S,05112.74848,W,1,08,1.05,51.96,M,,M,,*46
$GPGLL,3001.74267,S,05112.74848,W,172749.11,A,A*6A
$GPGSA,A,3,05,10,18,23,25,26,28,29,,,,,2.05,1.05,1.76,1*12
$GPGSV,4,1,15,5,29,133,38,10,07,343,34,12,10,032,15,13,04,029,,1*5E
$GPGSV,4,2,15,15,14,068,,16,07,219,26,18,68,227,21,20,05,095,24,1*69
$GPGSV,4,3,15,21,00,146,,23,36,357,48,25,41,017,50,26,34,231,15,1*68
$GPGSV,4,4,15,28,16,302,20,29,55,129,48,31,18,271,11,1*5C
$GPRMC,172749.11,A,3001.74267,S,05112.74848,W,0.20,58.30,090926,,,A,V*1F
$GPGGA,172750.11,3001.74273,S,05112.74867,W,1,08,1.05,52.29,M,,M,,*41
$GPGLL,3001.74273,S,05112.74867,W,172750.11,A,A*6A
$GPGSA,A,3,05,10,18,23,25,26,28,29,,,,,2.05,1.05,1.76,1*12
$GPGSV,4,1,15,5,29,133,38,10,07,343,34,12,10,032,16,13,04,029,,1*5D
$GPGSV,4,2,15,15,14,068,,16,07,219,23,18,68,227,22,20,05,095,25,1*6E
$GPGSV,4,3,15,21,00,146,,23,36,357,48,25,41,017,50,26,34,231,16,1*6B
$GPGSV,4,4,15,28,16,302,20,29,55,129,48,31,18,271,08,1*54
$GPRMC,172750.11,A,3001.74273,S,05112.74867,W,0.28,58.30,090926,,,A,V*17
$GPGGA,172751.11,3001.74274,S,05112.74878,W,1,09,0.96,52.64,M,,M,,*4A
$GPGLL,3001.74274,S,05112.74878,W,172751.11,A,A*62
$GPGSA,A,3,05,10,12,18,23,25,26,28,29,,,,1.85,0.96,1.59,1*1C
$GPGSV,4,1,15,5,29,133,38,10,07,343,34,12,10,032,15,13,04,029,,1*5E
$GPGSV,4,2,15,15,14,068,,16,07,219,29,18,68,227,22,20,05,095,26,1*67
$GPGSV,4,3,15,21,00,146,,23,36,357,47,25,41,017,50,26,34,231,15,1*67
$GPGSV,4,4,15,28,16,302,20,29,55,129,48,31,18,271,11,1*5C
$GPRMC,172751.11,A,3001.74274,S,05112.74878,W,0.25,58.30,090926,,,A,V*12
$GPGGA,172752.11,3001.74274,S,05112.74889,W,1,09,0.96,52.91,M,,M,,*4D
$GPGLL,3001.74274,S,05112.74889,W,172752.11,A,A*6F
$GPGSA,A,3,05,10,12,18,23,25,26,28,29,,,,1.85,0.96,1.59,1*1C
$GPGSV,4,1,15,5,29,133,38,10,07,343,34,12,10,032,16,13,04,029,,1*5D
$GPGSV,4,2,15,15,14,068,,16,07,219,,18,68,227,22,20,05,095,25,1*6F
$GPGSV,4,3,15,21,00,146,,23,36,357,48,25,41,017,50,26,34,231,15,1*68
$GPGSV,4,4,15,28,16,302,20,29,55,129,48,31,18,271,08,1*54
$GPRMC,172752.11,A,3001.74274,S,05112.74889,W,0.34,58.30,090926,,,A,V*1F
$GPGGA,172753.11,3001.74271,S,05112.74893,W,1,09,0.96,53.12,M,,M,,*48
$GPGLL,3001.74271,S,05112.74893,W,172753.11,A,A*60
$GPGSA,A,3,05,10,12,18,23,25,26,28,29,,,,1.85,0.96,1.59,1*1C
$GPGSV,4,1,15,5,29,133,38,10,07,343,34,12,10,032,15,13,04,029,,1*5E
$GPGSV,4,2,15,15,14,068,,16,07,219,25,18,68,227,23,20,05,095,26,1*6A
$GPGSV,4,3,15,21,00,146,,23,36,357,48,25,41,017,50,26,34,231,14,1*69
$GPGSV,4,4,15,28,16,302,21,29,55,129,47,31,18,271,11,1*52
$GPRMC,172753.11,A,3001.74271,S,05112.74893,W,0.25,58.30,090926,,,A,V*10
$GPGGA,172754.11,3001.74263,S,05112.74893,W,1,08,1.15,53.25,M,,M,,*43
$GPGLL,3001.74263,S,05112.74893,W,172754.11,A,A*64
$GPGSA,A,3,05,10,12,18,23,25,28,29,,,,,2.00,1.15,1.63,1*15
$GPGSV,4,1,15,5,29,133,38,10,07,343,34,12,10,032,13,13,04,029,,1*58
$GPGSV,4,2,15,15,14,068,,16,07,219,25,18,68,227,22,20,05,095,25,1*68
$GPGSV,4,3,15,21,00,146,,23,36,357,48,25,41,017,50,26,34,231,13,1*6E
$GPGSV,4,4,15,28,16,302,21,29,55,129,47,31,18,271,12,1*51
$GPRMC,172754.11,A,3001.74263,S,05112.74893,W,0.11,58.30,090926,,,A,V*13
$GPGGA,172755.11,3001.74258,S,05112.74902,W,1,08,1.05,53.44,M,,M,,*45
$GPGLL,3001.74258,S,05112.74902,W,172755.11,A,A*64
$GPGSA,A,3,05,10,18,23,25,26,28,29,,,,,2.05,1.05,1.76,1*12
$GPGSV,4,1,15,5,29,133,38,10,07,343,34,12,10,032,12,13,04,029,,1*59
$GPGSV,4,2,15,15,14,068,,16,07,219,24,18,68,227,22,20,05,095,26,1*6A
$GPGSV,4,3,15,21,00,146,,23,36,357,48,25,41,017,50,26,34,231,13,1*6E
$GPGSV,4,4,15,28,16,302,20,29,55,129,48,31,18,271,08,1*54
$GPRMC,172755.11,A,3001.74258,S,05112.74902,W,0.22,58.30,090926,,,A,V*13
$GPGGA,172756.11,3001.74252,S,05112.74907,W,1,07,1.30,53.69,M,,M,,*4F
$GPGLL,3001.74252,S,05112.74907,W,172756.11,A,A*68
$GPGSA,A,3,05,10,18,23,25,28,29,,,,,,2.19,1.30,1.77,1*1C
$GPGSV,4,1,15,5,29,133,38,10,07,343,34,12,10,032,12,13,04,029,,1*59
$GPGSV,4,2,15,15,14,068,,16,07,219,24,18,68,227,22,20,05,095,25,1*69
$GPGSV,4,3,15,21,00,146,,23,36,357,47,25,41,017,50,26,34,231,09,1*6A
$GPGSV,4,4,15,28,16,302,20,29,55,129,48,31,18,271,05,1*59
$GPRMC,172756.11,A,3001.74252,S,05112.74907,W,0.14,58.30,090926,,,A,V*1A
$GPGGA,172757.11,3001.74250,S,05112.74908,W,1,07,1.30,53.67,M,,M,,*4D
$GPGLL,3001.74250,S,05112.74908,W,172757.11,A,A*64
$GPGSA,A,3,05,10,18,23,25,28,29,,,,,,2.19,1.30,1.77,1*1C
$GPGSV,4,1,15,5,29,133,38,10,07,343,35,12,10,032,10,13,04,029,,1*5A
$GPGSV,4,2,15,15,14,068,,16,07,219,26,18,68,227,22,20,05,095,27,1*69
$GPGSV,4,3,15,21,00,146,,23,36,357,48,25,41,017,50,26,34,231,01,1*6D
$GPGSV,4,4,15,28,16,302,20,29,55,129,47,31,18,271,00,1*53
$GPRMC,172757.11,A,3001.74250,S,05112.74908,W,0.20,58.30,090926,,,A,V*11
$GPGGA,172758.11,3001.74258,S,05112.74907,W,1,07,1.30,53.24,M,,M,,*42
$GPGLL,3001.74258,S,05112.74907,W,172758.11,A,A*6C
$GPGSA,A,3,05,10,18,23,25,28,29,,,,,,2.19,1.30,1.77,1*1C
$GPGSV,4,1,15,5,29,133,38,10,07,343,35,12,10,032,15,13,04,029,,1*5F
$GPGSV,4,2,15,15,14,068,,16,07,219,25,18,68,227,22,20,05,095,25,1*68
$GPGSV,4,3,15,21,00,146,,23,36,357,48,25,41,017,50,26,34,231,23,1*6D
$GPGSV,4,4,15,28,16,302,20,29,55,129,48,31,18,271,00,1*5C
$GPRMC,172758.11,A,3001.74258,S,05112.74907,W,0.07,58.30,090926,,,A,V*1C
$GPGGA,172759.11,3001.74257,S,05112.74923,W,1,08,1.15,53.37,M,,M,,*40
$GPGLL,3001.74257,S,05112.74923,W,172759.11,A,A*64
$GPGSA,A,3,05,10,12,18,23,25,28,29,,,,,2.00,1.15,1.63,1*15
$GPGSV,4,1,15,5,29,133,37,10,07,343,35,12,10,032,17,13,04,029,,1*52
$GPGSV,4,2,15,15,14,068,,16,07,219,28,18,68,227,21,20,05,095,25,1*66
$GPGSV,4,3,15,21,00,146,,23,36,357,48,25,41,017,50,26,34,231,19,1*64
$GPGSV,4,4,15,28,16,302,19,29,55,129,48,31,18,271,00,1*56
$GPRMC,172759.11,A,3001.74257,S,05112.74923,W,0.13,58.30,090926,,,A,V*11
$GPGGA,172800.11,3001.74261,S,05112.74929,W,1,08,1.15,53.23,M,,M,,*49
$GPGLL,3001.74261,S,05112.74929,W,172800.11,A,A*68
$GPGSA,A,3,05,10,12,18,23,25,28,29,,,,,1.99,1.15,1.63,1*16
$GPGSV,4,1,15,5,29,133,37,10,07,343,35,12,10,032,15,13,04,029,,1*50
$GPGSV,4,2,15,15,14,068,,16,07,219,25,18,68,226,21,20,05,095,25,1*6A
$GPGSV,4,3,15,21,00,146,,23,36,357,48,25,40,017,50,26,34,231,18,1*64
$GPGSV,4,4,15,28,16,302,20,29,55,128,48,31,18,271,00,1*5D
$GPRMC,172800.11,A,3001.74261,S,05112.74929,W,0.28,58.30,090926,,,A,V*15
$GPGGA,172801.11,3001.74267,S,05112.74915,W,1,07,1.30,52.53,M,,M,,*4F
$GPGLL,3001.74267,S,05112.74915,W,172801.11,A,A*60
$GPGSA,A,3,05,10,18,23,25,28,29,,,,,,2.19,1.30,1.77,1*1C
$GPGSV,4,1,15,5,29,133,37,10,07,343,35,12,10,032,12,13,04,029,,1*57
$GPGSV,4,2,15,15,14,068,,16,07,219,24,18,68,226,23,20,05,095,,1*6E
$GPGSV,4,3,15,21,00,146,,23,36,357,47,25,40,017,50,26,34,231,27,1*67
$GPGSV,4,4,15,28,16,302,20,29,55,128,48,31,18,271,00,1*5D
$GPRMC,172801.11,A,3001.74267,S,05112.74915,W,0.09,58.30,090926,,,A,V*1E
$GPGGA,172802.11,3001.74272,S,05112.74907,W,1,07,1.30,52.10,M,,M,,*4C
$GPGLL,3001.74272,S,05112.74907,W,172802.11,A,A*64
$GPGSA,A,3,05,10,18,23,25,28,29,,,,,,2.19,1.30,1.77,1*1C
$GPGSV,4,1,15,5,29,133,37,10,07,343,34,12,10,032,09,13,04,029,,1*5C
$GPGSV,4,2,15,15,14,068,,16,07,219,25,18,68,226,22,20,05,095,28,1*64
$GPGSV,4,3,15,21,00,146,,23,36,357,47,25,40,017,50,26,34,231,25,1*65
$GPGSV,4,4,15,28,16,302,20,29,55,128,48,31,18,271,10,1*5C
$GPRMC,172802.11,A,3001.74272,S,05112.74907,W,0.14,58.30,090926,,,A,V*16
$GPGGA,172803.11,3001.74277,S,05112.74901,W,1,07,1.30,51.87,M,,M,,*43
$GPGLL,3001.74277,S,05112.74901,W,172803.11,A,A*66
$GPGSA,A,3,05,10,18,23,25,28,29,,,,,,2.19,1.30,1.77,1*1C
$GPGSV,4,1,15,5,29,133,37,10,07,343,35,12,10,032,06,13,04,029,,1*52
$GPGSV,4,2,15,15,14,068,,16,07,219,,18,68,226,22,20,05,095,25,1*6E
$GPGSV,4,3,15,21,00,146,,23,36,357,47,25,40,017,50,26,34,231,24,1*64
$GPGSV,4,4,15,28,16,302,21,29,55,128,48,31,18,271,14,1*59
$GPRMC,172803.11,A,3001.74277,S,05112.74901,W,0.03,58.30,090926,,,A,V*12
$GPGGA,172804.11,3001.74276,S,05112.74894,W,1,07,1.30,51.62,M,,M,,*43
$GPGLL,3001.74276,S,05112.74894,W,172804.11,A,A*6D
$GPGSA,A,3,05,10,18,23,25,28,29,,,,,,2.19,1.30,1.77,1*1C
$GPGSV,4,1,15,5,29,133,37,10,07,343,35,12,10,032,09,13,04,029,,1*5D
$GPGSV,4,2,15,15,14,068,,16,07,219,26,18,68,226,22,20,05,095,25,1*6A
$GPGSV,4,3,15,21,00,146,,23,36,357,47,25,40,017,50,26,34,231,24,1*64
$GPGSV,4,4,15,28,16,302,22,29,55,128,48,31,18,271,09,1*56
$GPRMC,172804.11,A,3001.74276,S,05112.74894,W,0.02,58.30,090926,,,A,V*18
$GPGGA,172805.11,3001.74274,S,05112.74903,W,1,07,1.30,51.72,M,,M,,*4E
$GPGLL,3001.74274,S,05112.74903,W,172805.11,A,A*61
$GPGSA,A,3,05,10,18,23,25,28,29,,,,,,2.19,1.30,1.77,1*1C
$GPGSV,4,1,15,5,29,133,37,10,07,343,35,12,10,032,13,13,04,029,,1*56
$GPGSV,4,2,15,15,14,068,,16,07,219,25,18,68,226,22,20,05,095,26,1*6A
$GPGSV,4,3,15,21,00,146,,23,36,357,47,25,40,017,50,26,34,231,,1*62
$GPGSV,4,4,15,28,16,302,22,29,55,128,48,31,18,271,13,1*5D
$GPRMC,172805.11,A,3001.74274,S,05112.74903,W,0.28,58.30,090926,,,A,V*1C
$GPGGA,172806.11,3001.74277,S,05112.74904,W,1,07,1.30,51.56,M,,M,,*4F
$GPGLL,3001.74277,S,05112.74904,W,172806.11,A,A*66
$GPGSA,A,3,05,10,18,23,25,28,29,,,,,,2.19,1.30,1.77,1*1C
$GPGSV,4,1,15,5,29,133,37,10,07,343,35,12,10,032,03,13,04,029,,1*57
$GPGSV,4,2,15,15,14,068,,16,07,219,25,18,68,226,22,20,05,095,25,1*69
$GPGSV,4,3,15,21,00,146,,23,36,357,47,25,40,017,50,26,34,231,,1*62
$GPGSV,4,4,15,28,16,302,23,29,55,128,48,31,18,271,10,1*5F
$GPRMC,172806.11,A,3001.74277,S,05112.74904,W,0.03,58.30,090926,,,A,V*12
$GPGGA,172807.11,3001.74280,S,05112.74886,W,1,07,1.30,51.05,M,,M,,*4B
$GPGLL,3001.74280,S,05112.74886,W,172807.11,A,A*64
$GPGSA,A,3,05,10,18,23,25,28,29,,,,,,2.19,1.30,1.77,1*1C
$GPGSV,4,1,15,5,29,133,37,10,07,343,35,12,10,032,07,13,04,029,,1*53
$GPGSV,4,2,15,15,14,068,,16,07,219,26,18,68,226,21,20,05,095,26,1*6A
$GPGSV,4,3,15,21,00,146,,23,36,357,47,25,40,017,50,26,34,231,,1*62
$GPGSV,4,4,15,28,16,302,23,29,55,128,48,31,18,271,09,1*57
$GPRMC,172807.11,A,3001.74280,S,05112.74886,W,0.12,58.30,090926,,,A,V*10
$GPGGA,172808.11,3001.74278,S,05112.74859,W,1,07,1.30,50.69,M,,M,,*4A
$GPGLL,3001.74278,S,05112.74859,W,172808.11,A,A*6E
$GPGSA,A,3,05,10,18,23,25,28,29,,,,,,2.19,1.30,1.77,1*1C
$GPGSV,4,1,16,5,29,133,37,10,07,343,34,12,10,032,00,13,04,029,,1*56
$GPGSV,4,2,16,15,14,068,,16,07,219,25,18,68,226,21,20,05,095,,1*6E
$GPGSV,4,3,16,21,00,146,,23,36,357,47,25,40,017,50,26,34,231,,1*61
$GPGSV,4,4,16,28,16,302,24,29,55,128,48,31,18,271,09,201,,,25,1*67
$GPRMC,172808.11,A,3001.74278,S,05112.74859,W,0.35,58.30,090926,,,A,V*1F
$GPGGA,172809.11,3001.74276,S,05112.74859,W,1,07,1.30,50.82,M,,M,,*40
$GPGLL,3001.74276,S,05112.74859,W,172809.11,A,A*61
$GPGSA,A,3,05,10,18,23,25,28,29,,,,,,2.19,1.30,1.77,1*1C
$GPGSV,4,1,16,5,29,133,37,10,07,343,34,12,10,032,08,13,04,029,,1*5E
$GPGSV,4,2,16,15,14,068,,16,07,219,25,18,68,226,22,20,05,095,,1*6D
$GPGSV,4,3,16,21,00,146,,23,36,357,47,25,40,017,50,26,34,231,18,1*68
$GPGSV,4,4,16,28,16,302,24,29,55,128,47,31,18,271,10,201,,,25,1*60
$GPRMC,172809.11,A,3001.74276,S,05112.74859,W,0.34,58.30,090926,,,A,V*11
$GPGGA,172810.11,3001.74281,S,05112.74863,W,1,07,1.30,50.89,M,,M,,*42
$GPGLL,3001.74281,S,05112.74863,W,172810.11,A,A*68
$GPGSA,A,3,05,10,18,23,25,28,29,,,,,,2.19,1.30,1.77,1*1C
$GPGSV,4,1,16,5,29,133,37,10,07,343,34,12,10,032,06,13,04,029,,1*50
$GPGSV,4,2,16,15,14,068,,16,07,219,24,18,68,226,22,20,05,095,,1*6C
$GPGSV,4,3,16,21,00,146,,23,36,357,47,25,40,017,50,26,34,231,14,1*64
$GPGSV,4,4,16,28,16,302,23,29,55,128,47,31,18,271,13,201,,,25,1*64
$GPRMC,172810.11,A,3001.74281,S,05112.74863,W,0.29,58.30,090926,,,A,V*14
$GPGGA,172811.11,3001.74283,S,05112.74863,W,1,07,1.30,50.88,M,,M,,*40
$GPGLL,3001.74283,S,05112.74863,W,172811.11,A,A*6B
$GPGSA,A,3,05,10,18,23,25,28,29,,,,,,2.19,1.30,1.77,1*1C
$GPGSV,4,1,16,5,29,133,36,10,07,343,34,12,10,032,14,13,04,029,,1*52
$GPGSV,4,2,16,15,14,068,,16,07,219,24,18,68,226,21,20,05,095,,1*6F
$GPGSV,4,3,16,21,00,146,,23,36,357,47,25,40,017,50,26,34,231,07,1*66
$GPGSV,4,4,16,28,16,302,23,29,55,128,47,31,18,271,06,201,,,25,1*60
$GPRMC,172811.11,A,3001.74283,S,05112.74863,W,0.04,58.30,090926,,,A,V*18
$GPGGA,172812.11,3001.74275,S,05112.74848,W,1,07,1.30,51.03,M,,M,,*41
$GPGLL,3001.74275,S,05112.74848,W,172812.11,A,A*68
$GPGSA,A,3,05,10,18,23,25,28,29,,,,,,2.19,1.30,1.77,1*1C
$GPGSV,4,1,15,5,29,133,36,10,07,343,35,12,10,032,12,13,04,029,,1*56
$GPGSV,4,2,15,15,14,068,,16,07,219,26,18,68,226,21,20,05,095,,1*6E
$GPGSV,4,3,15,21,00,146,,23,36,357,47,25,40,017,50,26,34,231,12,1*61
$GPGSV,4,4,15,28,16,302,23,29,55,128,48,31,18,271,07,1*59
$GPRMC,172812.11,A,3001.74275,S,05112.74848,W,0.28,58.30,090926,,,A,V*15
$GPGGA,172813.11,3001.74273,S,05112.74850,W,1,07,1.30,51.22,M,,M,,*4C
$GPGLL,3001.74273,S,05112.74850,W,172813.11,A,A*66
$GPGSA,A,3,05,10,18,23,25,28,29,,,,,,2.19,1.30,1.77,1*1C
$GPGSV,4,1,15,5,29,133,36,10,07,343,35,12,10,032,09,13,04,029,,1*5C
$GPGSV,4,2,15,15,14,068,,16,07,219,25,18,68,226,20,20,05,095,26,1*68
$GPGSV,4,3,15,21,00,146,,23,36,357,48,25,40,017,50,26,34,231,27,1*68
$GPGSV,4,4,15,28,16,302,22,29,55,128,47,31,18,271,05,1*55
$GPRMC,172813.11,A,3001.74273,S,05112.74850,W,0.09,58.30,090926,,,A,V*18
$GPGGA,172814.11,3001.74276,S,05112.74839,W,1,07,1.30,50.95,M,,M,,*4C
$GPGLL,3001.74276,S,05112.74839,W,172814.11,A,A*6B
$GPGSA,A,3,05,10,18,23,25,28,29,,,,,,2.19,1.30,1.77,1*1C
$GPGSV,4,1,15,5,29,133,37,10,07,343,35,12,10,032,04,13,04,029,,1*50
$GPGSV,4,2,15,15,14,068,,16,07,219,25,18,68,226,20,20,05,095,25,1*6B
$GPGSV,4,3,15,21,00,146,,23,36,357,48,25,40,017,50,26,34,231,,1*6D
$GPGSV,4,4,15,28,16,302,22,29,55,128,47,31,18,271,00,1*50
$GPRMC,172814.11,A,3001.74276,S,05112.74839,W,0.43,58.30,090926,,,A,V*1B
$GPGGA,172815.11,3001.74281,S,05112.74824,W,1,07,1.30,50.56,M,,M,,*46
$GPGLL,3001.74281,S,05112.74824,W,172815.11,A,A*6E
$GPGSA,A,3,05,10,18,23,25,28,29,,,,,,2.19,1.30,1.77,1*1C
$GPGSV,4,1,15,5,29,133,37,10,07,343,35,12,10,032,11,13,04,029,,1*54
$GPGSV,4,2,15,15,14,068,,16,07,219,24,18,68,226,20,20,05,095,25,1*6A
$GPGSV,4,3,15,21,00,146,,23,36,357,47,25,40,017,50,26,34,231,,1*62
$GPGSV,4,4,15,28,16,302,23,29,55,128,48,31,18,271,04,1*5A
$GPRMC,172815.11,A,3001.74281,S,05112.74824,W,0.08,58.30,090926,,,A,V*11
$GPGGA,172816.11,3001.74281,S,05112.74822,W,1,07,1.30,50.53,M,,M,,*46
$GPGLL,3001.74281,S,05112.74822,W,172816.11,A,A*6B
$GPGSA,A,3,05,10,18,23,25,28,29,,,,,,2.19,1.30,1.77,1*1C
$GPGSV,4,1,15,5,29,133,37,10,07,343,35,12,10,032,13,13,04,029,,1*56
$GPGSV,4,2,15,15,14,068,,16,07,219,27,18,68,226,19,20,05,095,25,1*63
$GPGSV,4,3,15,21,00,146,,23,36,357,47,25,40,017,50,26,34,231,,1*62
$GPGSV,4,4,15,28,16,302,23,29,55,128,47,31,18,271,,1*51
$GPRMC,172816.11,A,3001.74281,S,05112.74822,W,0.03,58.30,090926,,,A,V*1F
$GPGGA,172817.11,3001.74278,S,05112.74809,W,1,07,1.30,50.38,M,,M,,*45
$GPGLL,3001.74278,S,05112.74809,W,172817.11,A,A*65
$GPGSA,A,3,05,10,18,23,25,28,29,,,,,,2.19,1.30,1.77,1*1C
$GPGSV,4,1,16,5,29,133,36,10,07,343,35,12,10,032,10,13,04,029,,1*57
$GPGSV,4,2,16,15,14,068,,16,07,219,25,18,68,226,20,20,05,095,26,1*6B
$GPGSV,4,3,16,21,00,146,,23,36,357,47,25,40,017,50,26,34,231,,1*61
$GPGSV,4,4,16,28,16,302,23,29,55,128,47,31,18,271,,201,,,26,1*65
$GPRMC,172817.11,A,3001.74278,S,05112.74809,W,0.14,58.30,090926,,,A,V*17
$GPGGA,172818.11,3001.74273,S,05112.74793,W,1,07,1.30,50.23,M,,M,,*47
$GPGLL,3001.74273,S,05112.74793,W,172818.11,A,A*6D
$GPGSA,A,3,05,10,18,23,25,28,29,,,,,,2.19,1.30,1.77,1*1C
$GPGSV,4,1,16,5,29,133,36,10,07,343,35,12,10,032,03,13,04,029,,1*55
$GPGSV,4,2,16,15,14,068,,16,07,219,24,18,68,226,19,20,05,095,25,1*63
$GPGSV,4,3,16,21,00,146,,23,36,357,47,25,40,017,50,26,34,231,,1*61
$GPGSV,4,4,16,28,16,302,23,29,55,128,47,31,18,271,,201,,,25,1*66
$GPRMC,172818.11,A,3001.74273,S,05112.74793,W,0.08,58.30,090926,,,A,V*12
$GPGGA,172819.11,3001.74272,S,05112.74781,W,1,07,1.30,50.08,M,,M,,*4D
$GPGLL,3001.74272,S,05112.74781,W,172819.11,A,A*6E
$GPGSA,A,3,05,10,18,23,25,28,29,,,,,,2.19,1.30,1.77,1*1C
$GPGSV,4,1,16,5,29,133,36,10,07,343,35,12,10,032,01,13,04,029,,1*57
$GPGSV,4,2,16,15,14,068,,16,07,219,25,18,68,226,20,20,05,095,25,1*68
$GPGSV,4,3,16,21,00,146,,23,36,357,47,25,40,017,50,26,34,231,,1*61
$GPGSV,4,4,16,28,16,302,23,29,55,128,48,31,18,271,,201,,,25,1*69
$GPRMC,172819.11,A,3001.74272,S,05112.74781,W,0.14,58.30,090926,,,A,V*1C
$GPGGA,172820.11,3001.74269,S,05112.74783,W,1,07,1.30,50.15,M,,M,,*43
$GPGLL,3001.74269,S,05112.74783,W,172820.11,A,A*6C
$GPGSA,A,3,05,10,18,23,25,28,29,,,,,,2.19,1.30,1.77,1*1C
$GPGSV,4,1,16,5,29,133,36,10,07,343,35,12,10,032,02,13,04,029,,1*54
$GPGSV,4,2,16,15,14,068,,16,07,219,26,18,68,226,20,20,05,095,25,1*6B
$GPGSV,4,3,16,21,00,146,,23,36,357,47,25,40,017,50,26,34,231,,1*61
$GPGSV,4,4,16,28,16,302,23,29,55,128,47,31,18,271,,201,,,25,1*66
$GPRMC,172820.11,A,3001.74269,S,05112.74783,W,0.04,58.30,090926,,,A,V*1F
$GPGGA,172821.11,3001.74270,S,05112.74759,W,1,07,1.30,49.70,M,,M,,*46
$GPGLL,3001.74270,S,05112.74759,W,172821.11,A,A*62
$GPGSA,A,3,05,10,18,23,25,28,29,,,,,,2.19,1.30,1.77,1*1C
$GPGSV,4,1,16,5,29,133,36,10,07,343,35,12,10,032,00,13,04,029,,1*56
$GPGSV,4,2,16,15,14,068,,16,07,219,25,18,68,226,19,20,05,095,27,1*60
$GPGSV,4,3,16,21,00,146,,23,36,357,47,25,40,017,50,26,34,231,,1*61
$GPGSV,4,4,16,28,16,302,24,29,55,128,47,31,18,271,,193,,,26,1*6A
$GPRMC,172821.11,A,3001.74270,S,05112.74759,W,0.08,58.30,090926,,,A,V*1D
$GPGGA,172822.11,3001.74272,S,05112.74748,W,1,07,1.30,49.36,M,,M,,*45
$GPGLL,3001.74272,S,05112.74748,W,172822.11,A,A*63
$GPGSA,A,3,05,10,18,23,25,28,29,,,,,,2.19,1.30,1.77,1*1C
$GPGSV,4,1,15,5,29,133,36,10,07,343,35,12,10,032,04,13,04,029,,1*51
$GPGSV,4,2,15,15,14,068,,16,07,219,25,18,68,226,19,20,05,095,25,1*61
$GPGSV,4,3,15,21,00,146,,23,36,357,47,25,40,017,50,26,34,231,,1*62
$GPGSV,4,4,15,28,16,302,24,29,55,128,48,31,18,271,,1*59
$GPRMC,172822.11,A,3001.74272,S,05112.74748,W,0.33,58.30,090926,,,A,V*14
$GPGGA,172823.11,3001.74270,S,05112.74754,W,1,07,1.30,49.35,M,,M,,*48
$GPGLL,3001.74270,S,05112.74754,W,172823.11,A,A*6D
$GPGSA,A,3,05,10,18,23,25,28,29,,,,,,2.19,1.30,1.77,1*1C
$GPGSV,4,1,15,5,29,133,36,10,07,343,35,12,10,032,06,13,04,029,,1*53
$GPGSV,4,2,15,15,14,068,,16,07,219,25,18,68,226,19,20,05,095,24,1*60
$GPGSV,4,3,15,21,00,146,,23,36,357,47,25,40,017,50,26,34,231,,1*62
$GPGSV,4,4,15,28,16,302,25,29,55,128,48,31,18,271,,1*58
$GPRMC,172823.11,A,3001.74270,S,05112.74754,W,0.20,58.30,090926,,,A,V*18
$GPGGA,172824.11,3001.74270,S,05112.74734,W,1,07,1.30,49.04,M,,M,,*4B
$GPGLL,3001.74270,S,05112.74734,W,172824.11,A,A*6C
$GPGSA,A,3,05,10,18,23,25,28,29,,,,,,2.19,1.30,1.77,1*1C
$GPGSV,4,1,15,5,29,133,36,10,07,343,35,12,10,032,07,13,04,029,,1*52
$GPGSV,4,2,15,15,14,068,,16,07,219,,18,68,226,19,20,05,095,24,1*67
$GPGSV,4,3,15,21,00,146,,23,36,357,47,25,40,017,50,26,34,231,,1*62
$GPGSV,4,4,15,28,16,302,25,29,55,128,47,31,18,271,,1*57
$GPRMC,172824.11,A,3001.74270,S,05112.74734,W,0.06,58.30,090926,,,A,V*1D
$GPGGA,172825.11,3001.74268,S,05112.74703,W,1,07,1.30,48.75,M,,M,,*40
$GPGLL,3001.74268,S,05112.74703,W,172825.11,A,A*60
$GPGSA,A,3,05,10,18,23,25,28,29,,,,,,2.19,1.30,1.77,1*1C
$GPGSV,4,1,15,5,29,133,36,10,07,343,35,12,10,032,05,13,04,029,,1*50
$GPGSV,4,2,15,15,14,068,,16,07,219,28,18,68,226,20,20,05,095,26,1*65
$GPGSV,4,3,15,21,00,146,,23,36,357,47,25,40,017,50,26,34,231,,1*62
$GPGSV,4,4,15,28,16,302,25,29,55,128,48,31,18,271,,1*58
$GPRMC,172825.11,A,3001.74268,S,05112.74703,W,0.06,58.30,090926,,,A,V*11
$GPGGA,172826.11,3001.74265,S,05112.74708,W,1,07,1.30,48.61,M,,M,,*40
$GPGLL,3001.74265,S,05112.74708,W,172826.11,A,A*65
$GPGSA,A,3,05,10,18,23,25,28,29,,,,,,2.19,1.30,1.77,1*1C
$GPGSV,4,1,15,5,29,133,36,10,07,343,35,12,10,032,02,13,04,029,,1*57
$GPGSV,4,2,15,15,14,068,,16,07,219,25,18,68,226,20,20,05,095,25,1*6B
$GPGSV,4,3,15,21,00,146,,23,36,357,47,25,40,017,50,26,34,231,18,1*6B
$GPGSV,4,4,15,28,16,302,25,29,55,128,47,31,18,271,,1*57
$GPRMC,172826.11,A,3001.74265,S,05112.74708,W,0.23,58.30,090926,,,A,V*13
$GPGGA,172827.11,3001.74266,S,05112.74678,W,1,07,1.30,48.15,M,,M,,*47
$GPGLL,3001.74266,S,05112.74678,W,172827.11,A,A*61
$GPGSA,A,3,05,10,18,23,25,28,29,,,,,,2.19,1.30,1.77,1*1C
$GPGSV,4,1,15,5,29,133,36,10,07,343,35,12,10,032,12,13,04,029,,1*56
$GPGSV,4,2,15,15,14,068,,16,07,219,24,18,68,226,19,20,05,095,24,1*61
$GPGSV,4,3,15,21,00,146,,23,36,357,47,25,40,017,49,26,34,231,16,1*6D
$GPGSV,4,4,15,28,16,302,25,29,55,128,48,31,18,271,,1*58
$GPRMC,172827.11,A,3001.74266,S,05112.74678,W,0.24,58.30,090926,,,A,V*10
$GPGGA,172828.11,3001.74263,S,05112.74664,W,1,07,1.30,48.08,M,,M,,*4C
$GPGLL,3001.74263,S,05112.74664,W,172828.11,A,A*66
$GPGSA,A,3,05,10,18,23,25,28,29,,,,,,2.19,1.30,1.77,1*1C
$GPGSV,4,1,15,5,29,133,36,10,07,343,35,12,10,032,08,13,04,029,,1*5D
$GPGSV,4,2,15,15,14,068,,16,07,219,24,18,68,226,19,20,05,095,24,1*61
$GPGSV,4,3,15,21,00,146,,23,36,357,47,25,40,017,50,26,34,231,14,1*67
$GPGSV,4,4,15,28,16,302,26,29,55,128,48,31,18,271,,1*5B
$GPRMC,172828.11,A,3001.74263,S,05112.74664,W,0.23,58.30,090926,,,A,V*10
$GPGGA,172829.11,3001.74266,S,05112.74658,W,1,07,1.30,47.70,M,,M,,*47
$GPGLL,3001.74266,S,05112.74658,W,172829.11,A,A*6D
$GPGSA,A,3,05,10,18,23,25,28,29,,,,,,2.19,1.30,1.77,1*1C
$GPGSV,4,1,16,5,29,133,36,10,07,343,34,12,10,032,10,13,04,029,,1*56
$GPGSV,4,2,16,15,14,068,,16,07,219,,18,68,226,19,20,05,095,27,1*67
$GPGSV,4,3,16,21,00,146,,23,36,357,47,25,40,017,50,26,34,231,13,1*63
$GPGSV,4,4,16,28,16,302,25,29,55,128,48,31,18,271,,193,,,26,1*64
$GPRMC,172829.11,A,3001.74266,S,05112.74658,W,0.05,58.30,090926,,,A,V*1F
$GPGGA,172830.11,3001.74265,S,05112.74652,W,1,07,1.30,47.50,M,,M,,*44
$GPGLL,3001.74265,S,05112.74652,W,172830.11,A,A*6C
$GPGSA,A,3,05,10,18,23,25,28,29,,,,,,2.19,1.30,1.77,1*1C
$GPGSV,4,1,16,5,29,133,36,10,07,343,35,12,10,032,12,13,04,029,,1*55
$GPGSV,4,2,16,15,14,068,,16,07,219,26,18,68,226,19,20,05,095,25,1*61
$GPGSV,4,3,16,21,00,146,,23,36,357,47,25,40,017,50,26,34,231,26,1*65
$GPGSV,4,4,16,28,16,302,26,29,55,128,48,31,18,271,,193,,,25,1*64
$GPRMC,172830.11,A,3001.74265,S,05112.74652,W,0.10,58.30,090926,,,A,V*1A
$GPGGA,172831.11,3001.74259,S,05112.74630,W,1,07,1.30,47.40,M,,M,,*4F
$GPGLL,3001.74259,S,05112.74630,W,172831.11,A,A*66
$GPGSA,A,3,05,10,18,23,25,28,29,,,,,,2.19,1.30,1.77,1*1C
$GPGSV,4,1,16,5,29,133,35,10,07,343,35,12,10,032,08,13,04,029,,1*5D
$GPGSV,4,2,16,15,14,068,,16,07,219,25,18,68,226,19,20,05,095,25,1*62
$GPGSV,4,3,16,21,00,146,,23,36,357,47,25,40,017,50,26,34,231,25,1*66
$GPGSV,4,4,16,28,16,302,26,29,55,128,48,31,18,271,,193,,,25,1*64
$GPRMC,172831.11,A,3001.74259,S,05112.74630,W,0.38,58.30,090926,,,A,V*1A
$GPGGA,172832.11,3001.74261,S,05112.74628,W,1,07,1.30,47.40,M,,M,,*4E
$GPGLL,3001.74261,S,05112.74628,W,172832.11,A,A*67
$GPGSA,A,3,05,10,18,23,25,28,29,,,,,,2.19,1.30,1.77,1*1C
$GPGSV,4,1,16,5,29,133,35,10,07,343,35,12,10,032,,13,04,029,,1*55
$GPGSV,4,2,16,15,14,068,,16,07,219,24,18,68,226,20,20,05,095,25,1*69
$GPGSV,4,3,16,21,00,146,,23,36,357,48,25,40,017,50,26,34,231,26,1*6A
$GPGSV,4,4,16,28,16,302,25,29,55,128,48,31,18,271,,193,,,24,1*66
$GPRMC,172832.11,A,3001.74261,S,05112.74628,W,0.14,58.30,090926,,,A,V*15
$GPGGA,172833.11,3001.74261,S,05112.74628,W,1,07,1.30,47.67,M,,M,,*4A
$GPGLL,3001.74261,S,05112.74628,W,172833.11,A,A*66
$GPGSA,A,3,05,10,18,23,25,28,29,,,,,,2.19,1.30,1.77,1*1C
$GPGSV,4,1,16,5,29,133,36,10,07,343,35,12,10,032,,13,04,029,,1*56
$GPGSV,4,2,16,15,14,068,26,16,07,219,24,18,68,226,20,20,05,095,,1*6A
$GPGSV,4,3,16,21,00,146,,23,36,357,48,25,40,017,50,26,34,231,26,1*6A
$GPGSV,4,4,16,28,16,302,24,29,55,128,48,31,18,271,,193,,,29,1*6A
$GPRMC,172833.11,A,3001.74261,S,05112.74628,W,0.45,58.30,090926,,,A,V*10
$GPGGA,172834.11,3001.74264,S,05112.74631,W,1,07,1.30,47.69,M,,M,,*4E
$GPGLL,3001.74264,S,05112.74631,W,172834.11,A,A*6C
$GPGSA,A,3,05,10,18,23,25,28,29,,,,,,2.19,1.30,1.77,1*1C
$GPGSV,4,1,16,5,29,133,36,10,07,343,35,12,10,032,,13,04,029,,1*56
$GPGSV,4,2,16,15,14,068,24,16,07,219,26,18,68,226,20,20,05,095,26,1*6E
$GPGSV,4,3,16,21,00,146,,23,36,357,47,25,40,017,50,26,34,231,,1*61
$GPGSV,4,4,16,28,16,302,23,29,55,128,48,31,18,271,,193,,,26,1*62
$GPRMC,172834.11,A,3001.74264,S,05112.74631,W,0.34,58.30,090926,,,A,V*1C
$GPGGA,172835.11,3001.74269,S,05112.74645,W,1,07,1.30,47.83,M,,M,,*45
$GPGLL,3001.74269,S,05112.74645,W,172835.11,A,A*63
$GPGSA,A,3,05,10,18,23,25,28,29,,,,,,2.19,1.30,1.77,1*1C
$GPGSV,4,1,16,5,29,133,36,10,07,343,35,12,10,032,,13,04,029,,1*56
$GPGSV,4,2,16,15,14,068,24,16,07,219,24,18,68,226,21,20,05,095,25,1*6E
$GPGSV,4,3,16,21,00,146,,23,36,357,47,25,40,017,50,26,34,231,,1*61
$GPGSV,4,4,16,28,16,302,23,29,55,128,48,31,18,271,,193,,,25,1*61
$GPRMC,172835.11,A,3001.74269,S,05112.74645,W,0.16,58.30,090926,,,A,V*13
$GPGGA,172836.11,3001.74274,S,05112.74636,W,1,07,1.30,48.00,M,,M,,*4A
$GPGLL,3001.74274,S,05112.74636,W,172836.11,A,A*68
$GPGSA,A,3,05,10,18,23,25,28,29,,,,,,2.19,1.30,1.77,1*1C
$GPGSV,4,1,16,5,29,133,37,10,07,343,35,12,10,032,,13,04,029,,1*57
$GPGSV,4,2,16,15,14,068,24,16,07,219,24,18,68,226,21,20,05,095,24,1*6F
$GPGSV,4,3,16,21,00,146,,23,36,357,47,25,40,017,50,26,34,231,,1*61
$GPGSV,4,4,16,28,16,302,22,29,55,128,48,31,18,271,,193,,,25,1*60
$GPRMC,172836.11,A,3001.74274,S,05112.74636,W,0.06,58.30,090926,,,A,V*19
$GPGGA,172837.11,3001.74283,S,05112.74652,W,1,06,1.76,48.27,M,,M,,*47
$GPGLL,3001.74283,S,05112.74652,W,172837.11,A,A*63
$GPGSA,A,3,05,10,18,23,25,29,,,,,,,2.63,1.76,1.96,1*16
$GPGSV,4,1,15,5,29,133,37,10,07,343,35,12,10,032,,13,04,029,,1*54
$GPGSV,4,2,15,15,14,068,,16,07,219,25,18,68,226,20,20,05,095,24,1*6A
$GPGSV,4,3,15,21,00,146,,23,36,357,47,25,40,017,50,26,34,231,20,1*60
$GPGSV,4,4,15,28,16,302,20,29,55,128,48,31,18,271,,1*5D
$GPRMC,172837.11,A,3001.74283,S,05112.74652,W,0.09,58.30,090926,,,A,V*1D
$GPGGA,172838.11,3001.74281,S,05112.74656,W,1,07,1.30,48.58,M,,M,,*45
$GPGLL,3001.74281,S,05112.74656,W,172838.11,A,A*6A
$GPGSA,A,3,05,10,18,23,25,28,29,,,,,,2.19,1.30,1.77,1*1C
$GPGSV,4,1,15,5,29,133,37,10,07,343,35,12,10,032,,13,04,029,,1*54
$GPGSV,4,2,15,15,14,068,,16,07,219,26,18,68,226,20,20,05,095,27,1*6A
$GPGSV,4,3,15,21,00,146,,23,36,357,47,25,40,017,50,26,34,231,17,1*64
$GPGSV,4,4,15,28,16,302,17,29,55,128,48,31,18,271,,1*59
$GPRMC,172838.11,A,3001.74281,S,05112.74656,W,0.44,58.30,090926,,,A,V*1D
$GPGGA,172839.11,3001.74284,S,05112.74663,W,1,07,1.30,48.54,M,,M,,*4B
$GPGLL,3001.74284,S,05112.74663,W,172839.11,A,A*68
$GPGSA,A,3,05,10,18,23,25,28,29,,,,,,2.19,1.30,1.77,1*1C
$GPGSV,4,1,15,5,29,133,37,10,07,343,35,12,10,032,,13,04,029,,1*54
$GPGSV,4,2,15,15,14,068,,16,07,219,25,18,68,226,18,20,05,095,25,1*60
$GPGSV,4,3,15,21,00,146,,23,36,357,47,25,40,017,50,26,34,231,14,1*67
$GPGSV,4,4,15,28,16,302,16,29,55,128,48,31,18,271,,1*58
$GPRMC,172839.11,A,3001.74284,S,05112.74663,W,0.14,58.30,090926,,,A,V*1A
$GPGGA,172840.11,3001.74286,S,05112.74673,W,1,07,1.30,48.68,M,,M,,*49
$GPGLL,3001.74286,S,05112.74673,W,172840.11,A,A*65
$GPGSA,A,3,05,10,18,23,25,28,29,,,,,,2.19,1.30,1.77,1*1C
$GPGSV,4,1,16,5,29,133,36,10,07,343,35,12,10,032,,13,04,029,,1*56
$GPGSV,4,2,16,15,14,068,,16,07,219,25,18,68,226,18,20,05,095,25,1*63
$GPGSV,4,3,16,21,00,146,,23,36,357,47,25,40,017,50,26,34,231,09,1*68
$GPGSV,4,4,16,28,16,302,17,29,55,128,47,31,18,271,20,201,,,28,1*6E
$GPRMC,172840.11,A,3001.74286,S,05112.74673,W,0.05,58.30,090926,,,A,V*17
$GPGGA,172841.11,3001.74287,S,05112.74689,W,1,07,1.30,48.69,M,,M,,*4D
$GPGLL,3001.74287,S,05112.74689,W,172841.11,A,A*60
$GPGSA,A,3,05,10,18,23,25,28,29,,,,,,2.19,1.30,1.77,1*1C
$GPGSV,4,1,15,5,29,133,37,10,07,343,35,12,10,032,,13,04,029,,1*54
$GPGSV,4,2,15,15,14,068,,16,07,219,26,18,68,226,17,20,05,095,25,1*6C
$GPGSV,4,3,15,21,00,146,,23,36,357,47,25,40,017,50,26,34,231,29,1*69
$GPGSV,4,4,15,28,16,302,15,29,55,128,47,31,18,271,18,1*5D
$GPRMC,172841.11,A,3001.74287,S,05112.74689,W,0.08,58.30,090926,,,A,V*1F
$GPGGA,172842.11,3001.74286,S,05112.74697,W,1,07,1.30,48.80,M,,M,,*47
$GPGLL,3001.74286,S,05112.74697,W,172842.11,A,A*6D
$GPGSA,A,3,05,10,18,23,25,28,29,,,,,,2.19,1.30,1.77,1*1C
$GPGSV,4,1,15,5,29,133,37,10,07,343,35,12,10,032,20,13,04,029,,1*56
$GPGSV,4,2,15,15,14,068,,16,07,219,25,18,68,226,17,20,05,095,,1*68
$GPGSV,4,3,15,21,00,146,,23,36,357,47,25,40,017,50,26,34,231,26,1*66
$GPGSV,4,4,15,28,16,302,14,29,55,128,48,31,18,271,16,1*5D
$GPRMC,172842.11,A,3001.74286,S,05112.74697,W,0.19,58.30,090926,,,A,V*12
$GPGGA,172843.11,3001.74287,S,05112.74718,W,1,07,1.30,49.06,M,,M,,*4E
$GPGLL,3001.74287,S,05112.74718,W,172843.11,A,A*6B
$GPGSA,A,3,05,10,18,23,25,28,29,,,,,,2.19,1.30,1.77,1*1C
$GPGSV,4,1,15,5,29,133,37,10,07,343,35,12,10,032,16,13,04,029,,1*53
$GPGSV,4,2,15,15,14,068,,16,07,219,24,18,68,226,17,20,05,095,26,1*6D
$GPGSV,4,3,15,21,00,146,,23,36,357,47,25,40,017,50,26,34,231,24,1*64
$GPGSV,4,4,15,28,16,302,16,29,55,128,48,31,18,271,14,1*5D
$GPRMC,172843.11,A,3001.74287,S,05112.74718,W,0.34,58.30,090926,,,A,V*1B
$GPGGA,172844.11,3001.74294,S,05112.74740,W,1,07,1.30,49.06,M,,M,,*46
$GPGLL,3001.74294,S,05112.74740,W,172844.11,A,A*63
$GPGSA,A,3,05,10,18,23,25,28,29,,,,,,2.19,1.30,1.77,1*1C
$GPGSV,4,1,15,5,29,133,37,10,07,343,35,12,10,032,14,13,04,029,,1*51
$GPGSV,4,2,15,15,14,068,,16,07,219,24,18,68,226,17,20,05,095,26,1*6D
$GPGSV,4,3,15,21,00,146,,23,36,357,47,25,40,017,50,26,34,231,26,1*66
$GPGSV,4,4,15,28,16,302,17,29,55,128,48,31,18,271,,1*59
$GPRMC,172844.11,A,3001.74294,S,05112.74740,W,0.29,58.30,090926,,,A,V*1F
$GPGGA,172845.11,3001.74295,S,05112.74760,W,1,07,1.30,49.15,M,,M,,*46
$GPGLL,3001.74295,S,05112.74760,W,172845.11,A,A*61
$GPGSA,A,3,05,10,18,23,25,28,29,,,,,,2.19,1.30,1.77,1*1C
$GPGSV,4,1,15,5,29,133,37,10,07,343,35,12,10,032,13,13,04,029,,1*56
$GPGSV,4,2,15,15,14,068,,16,07,219,26,18,68,226,16,20,05,095,25,1*6D
$GPGSV,4,3,15,21,00,146,,23,36,357,47,25,40,017,50,26,34,231,25,1*65
$GPGSV,4,4,15,28,16,302,17,29,55,128,48,31,18,271,,1*59
$GPRMC,172845.11,A,3001.74295,S,05112.74760,W,0.19,58.30,090926,,,A,V*1E
$GPGGA,172846.11,3001.74298,S,05112.74769,W,1,07,1.30,49.28,M,,M,,*4F
$GPGLL,3001.74298,S,05112.74769,W,172846.11,A,A*66
$GPGSA,A,3,05,10,18,23,25,28,29,,,,,,2.19,1.30,1.77,1*1C
$GPGSV,4,1,16,5,29,133,37,10,07,343,34,12,10,032,08,13,04,029,,1*5E
$GPGSV,4,2,16,15,14,068,,16,07,219,24,18,68,226,16,20,05,095,,1*6B
$GPGSV,4,3,16,21,00,146,,23,36,357,47,25,40,017,50,26,34,231,,1*61
$GPGSV,4,4,16,28,16,302,18,29,55,128,48,31,18,271,,201,,,26,1*62
$GPRMC,172846.11,A,3001.74298,S,05112.74769,W,0.42,58.30,090926,,,A,V*17
$GPGGA,172847.11,3001.74305,S,05112.74786,W,1,06,1.70,49.33,M,,M,,*45
$GPGLL,3001.74305,S,05112.74786,W,172847.11,A,A*63
$GPGSA,A,3,05,10,23,25,28,29,,,,,,,3.00,1.70,2.47,1*18
$GPGSV,4,1,16,5,29,133,37,10,07,343,34,12,10,032,27,13,04,029,,1*53
$GPGSV,4,2,16,15,14,068,,16,07,219,27,18,68,226,10,20,05,095,27,1*6B
$GPGSV,4,3,16,21,00,146,,23,36,357,47,25,40,017,50,26,34,231,,1*61
$GPGSV,4,4,16,28,16,302,18,29,55,128,48,31,18,271,,201,,,26,1*62
$GPRMC,172847.11,A,3001.74305,S,05112.74786,W,0.05,58.30,090926,,,A,V*11
$GPGGA,172848.11,3001.74310,S,05112.74781,W,1,06,1.70,49.28,M,,M,,*43
$GPGLL,3001.74310,S,05112.74781,W,172848.11,A,A*6F
$GPGSA,A,3,05,10,23,25,28,29,,,,,,,3.00,1.70,2.47,1*18
$GPGSV,4,1,15,5,29,133,37,10,07,343,34,12,10,032,20,13,04,029,,1*57
$GPGSV,4,2,15,15,14,068,,16,07,219,25,18,68,226,10,20,05,095,,1*6F
$GPGSV,4,3,15,21,00,146,,23,36,357,47,25,40,017,50,26,34,231,,1*62
$GPGSV,4,4,15,28,16,302,19,29,55,128,48,31,18,271,,1*57
$GPRMC,172848.11,A,3001.74310,S,05112.74781,W,0.23,58.30,090926,,,A,V*19
$GPGGA,172849.11,3001.74313,S,05112.74778,W,1,06,1.70,49.19,M,,M,,*45
$GPGLL,3001.74313,S,05112.74778,W,172849.11,A,A*6B
$GPGSA,A,3,05,10,23,25,28,29,,,,,,,3.00,1.70,2.47,1*18
$GPGSV,4,1,15,5,29,133,37,10,07,343,34,12,10,032,09,13,04,029,,1*5C
$GPGSV,4,2,15,15,14,068,,16,07,219,25,18,68,226,04,20,05,095,27,1*6F
$GPGSV,4,3,15,21,00,146,,23,36,357,47,25,40,017,50,26,34,231,,1*62
$GPGSV,4,4,15,28,16,302,20,29,55,128,48,31,18,271,,1*5D
$GPRMC,172849.11,A,3001.74313,S,05112.74778,W,0.07,58.30,090926,,,A,V*1B
$GPGGA,172850.11,3001.74317,S,05112.74793,W,1,06,1.70,49.33,M,,M,,*44
$GPGLL,3001.74317,S,05112.74793,W,172850.11,A,A*62
$GPGSA,A,3,05,10,23,25,28,29,,,,,,,3.00,1.70,2.47,1*18
$GPGSV,4,1,15,5,29,133,37,10,07,343,34,12,10,032,00,13,04,029,,1*55
$GPGSV,4,2,15,15,14,068,,16,07,219,24,18,68,226,07,20,05,095,25,1*6F
$GPGSV,4,3,15,21,00,146,,23,36,357,47,25,40,017,50,26,34,231,,1*62
$GPGSV,4,4,15,28,16,302,21,29,55,128,48,31,18,271,,1*5C
$GPRMC,172850.11,A,3001.74317,S,05112.74793,W,0.12,58.30,090926,,,A,V*16
$GPGGA,172851.11,3001.74319,S,05112.74809,W,1,06,1.70,49.30,M,,M,,*44
$GPGLL,3001.74319,S,05112.74809,W,172851.11,A,A*61
$GPGSA,A,3,05,10,23,25,28,29,,,,,,,3.00,1.70,2.47,1*18
$GPGSV,4,1,15,5,29,133,37,10,07,343,35,12,10,032,29,13,04,029,,1*5F
$GPGSV,4,2,15,15,14,068,,16,07,219,28,18,68,226,09,20,05,095,26,1*6E
$GPGSV,4,3,15,21,00,146,,23,36,357,47,25,40,017,50,26,34,231,,1*62
$GPGSV,4,4,15,28,16,302,21,29,55,128,48,31,18,271,,1*5C
$GPRMC,172851.11,A,3001.74319,S,05112.74809,W,0.29,58.30,090926,,,A,V*1D
$GPGGA,172852.11,3001.74321,S,05112.74820,W,1,06,1.70,49.25,M,,M,,*43
$GPGLL,3001.74321,S,05112.74820,W,172852.11,A,A*62
$GPGSA,A,3,05,10,23,25,28,29,,,,,,,3.00,1.70,2.47,1*18
$GPGSV,4,1,15,5,29,133,37,10,07,343,34,12,10,032,26,13,04,029,,1*51
$GPGSV,4,2,15,15,14,068,,16,07,219,26,18,68,226,03,20,05,095,,1*6E
$GPGSV,4,3,15,21,00,146,,23,36,357,47,25,40,017,50,26,34,231,21,1*61
$GPGSV,4,4,15,28,16,302,22,29,55,128,48,31,18,271,,1*5F
$GPRMC,172852.11,A,3001.74321,S,05112.74820,W,0.33,58.30,090926,,,A,V*15
$GPGGA,172853.11,3001.74316,S,05112.74821,W,1,06,1.70,49.59,M,,M,,*4C
$GPGLL,3001.74316,S,05112.74821,W,172853.11,A,A*66
$GPGSA,A,3,05,10,23,25,28,29,,,,,,,3.00,1.70,2.47,1*18
$GPGSV,4,1,16,5,29,133,37,10,07,343,34,12,10,032,25,13,04,029,,1*51
$GPGSV,4,2,16,15,14,068,,16,07,219,25,18,68,226,04,20,05,095,25,1*6E
$GPGSV,4,3,16,21,00,146,,23,36,357,47,25,40,017,50,26,34,231,19,1*69
$GPGSV,4,4,16,28,16,302,23,29,55,128,48,31,18,271,,201,,,28,1*64
$GPRMC,172853.11,A,3001.74316,S,05112.74821,W,0.07,58.30,090926,,,A,V*16
$GPGGA,172854.11,3001.74323,S,05112.74828,W,1,06,1.70,49.41,M,,M,,*4D
$GPGLL,3001.74323,S,05112.74828,W,172854.11,A,A*6E
$GPGSA,A,3,05,10,23,25,28,29,,,,,,,3.00,1.70,2.47,1*18
$GPGSV,4,1,16,5,29,133,37,10,07,343,34,12,10,032,28,13,04,029,,1*5C
$GPGSV,4,2,16,15,14,068,,16,07,219,24,18,68,226,05,20,05,095,25,1*6E
$GPGSV,4,3,16,21,00,146,,23,36,357,47,25,40,017,49,26,34,231,26,1*6D
$GPGSV,4,4,16,28,16,302,24,29,55,128,48,31,18,271,,201,,,25,1*6E
$GPRMC,172854.11,A,3001.74323,S,05112.74828,W,0.27,58.30,090926,,,A,V*1C
$GPGGA,172855.11,3001.74316,S,05112.74829,W,1,06,1.70,49.49,M,,M,,*43
$GPGLL,3001.74316,S,05112.74829,W,172855.11,A,A*68
$GPGSA,A,3,05,10,23,25,28,29,,,,,,,3.00,1.70,2.47,1*18
$GPGSV,4,1,16,5,29,133,37,10,07,343,34,12,10,032,25,13,04,029,,1*51
$GPGSV,4,2,16,15,14,068,,16,07,219,,18,68,226,04,20,05,095,24,1*68
$GPGSV,4,3,16,21,00,146,,23,36,357,47,25,40,017,49,26,34,231,25,1*6E
$GPGSV,4,4,16,28,16,302,25,29,55,128,48,31,18,271,,201,,,26,1*6C
$GPRMC,172855.11,A,3001.74316,S,05112.74829,W,0.06,58.30,090926,,,A,V*19
$GPGGA,172856.11,3001.74319,S,05112.74850,W,1,06,1.70,49.57,M,,M,,*4E
$GPGLL,3001.74319,S,05112.74850,W,172856.11,A,A*6A
$GPGSA,A,3,05,10,23,25,28,29,,,,,,,3.00,1.70,2.47,1*18
$GPGSV,4,1,16,5,29,133,37,10,07,343,35,12,10,032,25,13,04,029,,1*50
$GPGSV,4,2,16,15,14,068,,16,07,219,26,18,68,226,01,20,05,095,25,1*68
$GPGSV,4,3,16,21,00,146,,23,36,357,46,25,40,017,49,26,34,231,25,1*6F
$GPGSV,4,4,16,28,16,302,25,29,55,128,48,31,18,271,,201,,,25,1*6F
$GPRMC,172856.11,A,3001.74319,S,05112.74850,W,0.29,58.30,090926,,,A,V*16
$GPGGA,172857.11,3001.74320,S,05112.74869,W,1,06,1.70,49.66,M,,M,,*4D
$GPGLL,3001.74320,S,05112.74869,W,172857.11,A,A*6B
$GPGSA,A,3,05,10,23,25,28,29,,,,,,,3.00,1.70,2.47,1*18
$GPGSV,4,1,15,5,29,133,37,10,07,343,34,12,10,032,25,13,04,029,,1*52
$GPGSV,4,2,15,15,14,068,,16,07,219,24,18,68,226,00,20,05,095,27,1*6A
$GPGSV,4,3,15,21,00,146,,23,36,357,47,25,40,017,49,26,34,231,24,1*6C
$GPGSV,4,4,15,28,16,302,26,29,55,128,48,31,18,271,,1*5B
$GPRMC,172857.11,A,3001.74320,S,05112.74869,W,0.31,58.30,090926,,,A,V*1E
$GPGGA,172858.11,3001.74324,S,05112.74885,W,1,06,1.70,49.48,M,,M,,*48
$GPGLL,3001.74324,S,05112.74885,W,172858.11,A,A*62
$GPGSA,A,3,05,10,23,25,28,29,,,,,,,3.00,1.70,2.47,1*18
$GPGSV,4,1,15,5,29,133,37,10,07,343,34,12,10,032,26,13,04,029,,1*51
$GPGSV,4,2,15,15,14,068,,16,07,219,24,18,68,226,00,20,05,095,25,1*68
$GPGSV,4,3,15,21,00,146,,23,36,357,47,25,40,017,49,26,34,231,27,1*6F
$GPGSV,4,4,15,28,16,302,26,29,55,128,48,31,18,271,,1*5B
$GPRMC,172858.11,A,3001.74324,S,05112.74885,W,0.08,58.30,090926,,,A,V*1D
$GPGGA,172859.11,3001.74319,S,05112.74887,W,1,06,1.70,49.59,M,,M,,*45
$GPGLL,3001.74319,S,05112.74887,W,172859.11,A,A*6F
$GPGSA,A,3,05,10,23,25,28,29,,,,,,,3.00,1.70,2.47,1*18
$GPGSV,4,1,16,5,29,133,37,10,07,343,35,12,10,032,26,13,04,029,,1*53
$GPGSV,4,2,16,15,14,068,,16,07,219,25,18,68,226,12,20,05,095,25,1*69
$GPGSV,4,3,16,21,00,146,,23,36,357,47,25,40,017,49,26,34,231,26,1*6D
$GPGSV,4,4,16,28,16,302,26,29,55,128,47,31,18,271,,193,,,42,1*6A
$GPRMC,172859.11,A,3001.74319,S,05112.74887,W,0.12,58.30,090926,,,A,V*1B
$GPGGA,172900.11,3001.74328,S,05112.74908,W,1,06,1.70,49.37,M,,M,,*44
$GPGLL,3001.74328,S,05112.74908,W,172900.11,A,A*66
$GPGSA,A,3,05,10,23,25,28,29,,,,,,,3.00,1.70,2.47,1*18
$GPGSV,4,1,16,5,29,134,37,10,08,343,34,12,09,032,25,13,03,029,,1*56
$GPGSV,4,2,16,15,14,068,,16,08,219,27,18,68,224,14,20,05,096,25,1*63
$GPGSV,4,3,16,21,00,146,,23,37,357,47,25,40,017,49,26,35,232,25,1*6D
$GPGSV,4,4,16,28,15,303,26,29,55,127,48,31,17,272,,193,,,27,1*67
$GPRMC,172900.11,A,3001.74328,S,05112.74908,W,0.38,58.30,090926,,,A,V*1A
$GPGGA,172901.11,3001.74334,S,05112.74926,W,1,06,1.70,49.05,M,,M,,*45
$GPGLL,3001.74334,S,05112.74926,W,172901.11,A,A*66
$GPGSA,A,3,05,10,23,25,28,29,,,,,,,3.00,1.70,2.47,1*18
$GPGSV,4,1,16,5,29,134,37,10,08,343,34,12,09,032,24,13,03,029,,1*57
$GPGSV,4,2,16,15,14,068,,16,08,219,28,18,68,224,09,20,05,096,26,1*63
$GPGSV,4,3,16,21,00,146,,23,37,357,47,25,40,017,50,26,35,232,25,1*65
$GPGSV,4,4,16,28,15,303,26,29,55,127,48,31,17,272,,193,,,25,1*65
$GPRMC,172901.11,A,3001.74334,S,05112.74926,W,0.06,58.30,090926,,,A,V*17
$GPGGA,172902.11,3001.74332,S,05112.74930,W,1,06,1.70,49.01,M,,M,,*43
$GPGLL,3001.74332,S,05112.74930,W,172902.11,A,A*64
$GPGSA,A,3,05,10,23,25,28,29,,,,,,,3.00,1.70,2.47,1*18
$GPGSV,4,1,16,5,29,134,37,10,08,343,34,12,09,032,26,13,03,029,,1*55
$GPGSV,4,2,16,15,14,068,,16,08,219,26,18,68,224,00,20,05,096,25,1*67
$GPGSV,4,3,16,21,00,146,,23,37,357,47,25,40,017,49,26,35,232,,1*6A
$GPGSV,4,4,16,28,15,303,26,29,55,127,48,31,17,272,,193,,,24,1*64
$GPRMC,172902.11,A,3001.74332,S,05112.74930,W,0.03,58.30,090926,,,A,V*10
$GPGGA,172903.11,3001.74332,S,05112.74935,W,1,06,1.70,49.02,M,,M,,*44
$GPGLL,3001.74332,S,05112.74935,W,172903.11,A,A*60
$GPGSA,A,3,05,10,23,25,28,29,,,,,,,3.00,1.70,2.47,1*18
$GPGSV,4,1,15,5,29,134,37,10,08,343,34,12,09,032,25,13,03,029,,1*55
$GPGSV,4,2,15,15,14,068,,16,08,219,25,18,68,224,13,20,05,096,24,1*64
$GPGSV,4,3,15,21,00,146,,23,37,357,47,25,40,017,49,26,35,232,,1*69
$GPGSV,4,4,15,28,15,303,26,29,55,127,48,31,17,272,,1*5A
$GPRMC,172903.11,A,3001.74332,S,05112.74935,W,0.17,58.30,090926,,,A,V*11
$GPGGA,172904.11,3001.74324,S,05112.74932,W,1,06,1.70,49.13,M,,M,,*43
$GPGLL,3001.74324,S,05112.74932,W,172904.11,A,A*67
$GPGSA,A,3,05,10,23,25,28,29,,,,,,,3.00,1.70,2.47,1*18
$GPGSV,4,1,15,5,29,134,37,10,08,343,34,12,09,032,24,13,03,029,,1*54
$GPGSV,4,2,15,15,14,068,,16,08,219,25,18,68,224,13,20,05,096,25,1*65
$GPGSV,4,3,15,21,00,146,,23,37,357,47,25,40,017,50,26,35,232,,1*61
$GPGSV,4,4,15,28,15,303,26,29,55,127,48,31,17,272,,1*5A
$GPRMC,172904.11,A,3001.74324,S,05112.74932,W,0.08,58.30,090926,,,A,V*18
$GPGGA,172905.11,3001.74319,S,05112.74928,W,1,06,1.70,49.02,M,,M,,*47
$GPGLL,3001.74319,S,05112.74928,W,172905.11,A,A*63
$GPGSA,A,3,05,10,23,25,28,29,,,,,,,3.00,1.70,2.47,1*18
$GPGSV,4,1,15,5,29,134,37,10,08,343,34,12,09,032,25,13,03,029,,1*55
$GPGSV,4,2,15,15,14,068,,16,08,219,,18,68,224,15,20,05,096,26,1*67
$GPGSV,4,3,15,21,00,146,,23,37,357,47,25,40,017,50,26,35,232,,1*61
$GPGSV,4,4,15,28,15,303,26,29,55,127,48,31,17,272,23,1*5B
$GPRMC,172905.11,A,3001.74319,S,05112.74928,W,0.15,58.30,090926,,,A,V*10
$GPGGA,172906.11,3001.74313,S,05112.74930,W,1,07,1.30,49.09,M,,M,,*49
$GPGLL,3001.74313,S,05112.74930,W,172906.11,A,A*63
$GPGSA,A,3,05,10,18,23,25,28,29,,,,,,2.19,1.30,1.77,1*1C
$GPGSV,4,1,16,5,29,134,37,10,08,343,34,12,09,032,27,13,03,029,,1*54
$GPGSV,4,2,16,15,14,068,,16,08,219,25,18,68,224,16,20,05,096,25,1*63
$GPGSV,4,3,16,21,00,146,,23,37,357,47,25,40,017,49,26,35,232,,1*6A
$GPGSV,4,4,16,28,15,303,25,29,55,127,48,31,17,272,22,201,,,27,1*6C
$GPRMC,172906.11,A,3001.74313,S,05112.74930,W,0.40,58.30,090926,,,A,V*10
$GPGGA,172907.11,3001.74306,S,05112.74929,W,1,07,1.30,49.33,M,,M,,*4D
$GPGLL,3001.74306,S,05112.74929,W,172907.11,A,A*6E
$GPGSA,A,3,05,10,18,23,25,28,29,,,,,,2.19,1.30,1.77,1*1C
$GPGSV,4,1,16,5,29,134,38,10,08,343,34,12,09,032,25,13,03,029,,1*59
$GPGSV,4,2,16,15,14,068,,16,08,219,25,18,68,224,18,20,05,096,25,1*6D
$GPGSV,4,3,16,21,00,146,,23,37,357,47,25,40,017,49,26,35,232,,1*6A
$GPGSV,4,4,16,28,15,303,25,29,55,127,48,31,17,272,21,201,,,22,1*6A
$GPRMC,172907.11,A,3001.74306,S,05112.74929,W,0.09,58.30,090926,,,A,V*10
$GPGGA,172908.11,3001.74297,S,05112.74920,W,1,08,1.07,49.64,M,,M,,*4B
$GPGLL,3001.74297,S,05112.74920,W,172908.11,A,A*61
$GPGSA,A,3,05,10,18,23,25,28,29,31,,,,,2.02,1.07,1.72,1*15
$GPGSV,4,1,16,5,29,134,38,10,08,343,34,12,09,032,24,13,03,029,,1*58
$GPGSV,4,2,16,15,14,068,,16,08,219,,18,68,224,19,20,05,096,27,1*69
$GPGSV,4,3,16,21,00,146,,23,37,357,47,25,40,017,50,26,35,232,,1*62
$GPGSV,4,4,16,28,15,303,25,29,55,127,48,31,17,272,21,201,,,12,1*69
$GPRMC,172908.11,A,3001.74297,S,05112.74920,W,0.32,58.30,090926,,,A,V*17
$GPGGA,172909.11,3001.74295,S,05112.74919,W,1,08,1.07,49.50,M,,M,,*45
$GPGLL,3001.74295,S,05112.74919,W,172909.11,A,A*68
$GPGSA,A,3,05,10,18,23,25,28,29,31,,,,,2.02,1.07,1.72,1*15
$GPGSV,4,1,16,5,29,134,37,10,08,343,34,12,09,032,24,13,03,029,,1*57
$GPGSV,4,2,16,15,14,068,,16,08,219,26,18,68,224,20,20,05,096,26,1*66
$GPGSV,4,3,16,21,00,146,,23,37,357,47,25,40,017,50,26,35,232,,1*62
$GPGSV,4,4,16,28,15,303,24,29,55,127,48,31,17,272,22,201,,,01,1*69
$GPRMC,172909.11,A,3001.74295,S,05112.74919,W,0.04,58.30,090926,,,A,V*1B
$GPGGA,172910.11,3001.74289,S,05112.74922,W,1,08,1.07,49.79,M,,M,,*43
$GPGLL,3001.74289,S,05112.74922,W,172910.11,A,A*65
$GPGSA,A,3,05,10,18,23,25,28,29,31,,,,,2.02,1.07,1.72,1*15
$GPGSV,4,1,15,5,29,134,37,10,08,343,34,12,09,032,,13,03,029,,1*52
$GPGSV,4,2,15,15,14,068,,16,08,219,25,18,68,224,21,20,05,096,25,1*64
$GPGSV,4,3,15,21,00,146,,23,37,357,47,25,40,017,50,26,35,232,,1*61
$GPGSV,4,4,15,28,15,303,24,29,55,127,48,31,17,272,22,1*58
$GPRMC,172910.11,A,3001.74289,S,05112.74922,W,0.55,58.30,090926,,,A,V*12
$GPGGA,172911.11,3001.74283,S,05112.74920,W,1,08,1.07,49.82,M,,M,,*4E
$GPGLL,3001.74283,S,05112.74920,W,172911.11,A,A*6C
$GPGSA,A,3,05,10,18,23,25,28,29,31,,,,,2.02,1.07,1.72,1*15
$GPGSV,4,1,15,5,29,134,37,10,08,343,34,12,09,032,,13,03,029,,1*52
$GPGSV,4,2,15,15,14,068,,16,08,219,25,18,68,224,21,20,05,096,25,1*64
$GPGSV,4,3,15,21,00,146,,23,37,357,47,25,40,017,50,26,35,232,,1*61
$GPGSV,4,4,15,28,15,303,23,29,55,127,48,31,17,272,22,1*5F
$GPRMC,172911.11,A,3001.74283,S,05112.74920,W,0.37,58.30,090926,,,A,V*1F
$GPGGA,172912.11,3001.74279,S,05112.74918,W,1,08,1.07,49.89,M,,M,,*48
$GPGLL,3001.74279,S,05112.74918,W,172912.11,A,A*61
$GPGSA,A,3,05,10,18,23,25,28,29,31,,,,,2.02,1.07,1.72,1*15
$GPGSV,4,1,15,5,29,134,37,10,08,343,35,12,09,032,,13,03,029,,1*53
$GPGSV,4,2,15,15,14,068,,16,08,219,25,18,68,224,21,20,05,096,,1*63
$GPGSV,4,3,15,21,00,146,,23,37,357,47,25,40,017,50,26,35,232,,1*61
$GPGSV,4,4,15,28,15,303,21,29,55,127,48,31,17,272,22,1*5D
$GPRMC,172912.11,A,3001.74279,S,05112.74918,W,0.19,58.30,090926,,,A,V*1E
$GPGGA,172913.11,3001.74280,S,05112.74928,W,1,07,1.30,50.14,M,,M,,*4B
$GPGLL,3001.74280,S,05112.74928,W,172913.11,A,A*65
$GPGSA,A,3,05,10,18,23,25,28,29,,,,,,2.19,1.30,1.77,1*1C
$GPGSV,4,1,15,5,29,134,38,10,08,343,35,12,09,032,,13,03,029,,1*5C
$GPGSV,4,2,15,15,14,068,,16,08,219,26,18,68,224,21,20,05,096,26,1*64
$GPGSV,4,3,15,21,00,146,,23,37,357,47,25,40,017,50,26,35,232,,1*61
$GPGSV,4,4,15,28,15,303,20,29,55,127,48,31,17,272,31,1*5E
$GPRMC,172913.11,A,3001.74280,S,05112.74928,W,0.13,58.30,090926,,,A,V*10
$GPGGA,172914.11,3001.74265,S,05112.74904,W,1,08,1.07,50.24,M,,M,,*41
$GPGLL,3001.74265,S,05112.74904,W,172914.11,A,A*67
$GPGSA,A,3,05,10,18,23,25,28,29,31,,,,,2.02,1.07,1.72,1*15
$GPGSV,4,1,15,5,29,134,38,10,08,343,35,12,09,032,21,13,03,029,,1*5F
$GPGSV,4,2,15,15,14,068,,16,08,219,24,18,68,224,22,20,05,096,25,1*66
$GPGSV,4,3,15,21,00,146,,23,37,357,47,25,40,017,50,26,35,232,,1*61
$GPGSV,4,4,15,28,15,303,19,29,55,127,48,31,17,272,31,1*54
$GPRMC,172914.11,A,3001.74265,S,05112.74904,W,0.30,58.30,090926,,,A,V*13
$GPGGA,172915.11,3001.74261,S,05112.74893,W,1,08,1.07,50.36,M,,M,,*48
$GPGLL,3001.74261,S,05112.74893,W,172915.11,A,A*6D
$GPGSA,A,3,05,10,18,23,25,28,29,31,,,,,2.02,1.07,1.72,1*15
$GPGSV,4,1,15,5,29,134,37,10,08,343,35,12,09,032,18,13,03,029,,1*5A
$GPGSV,4,2,15,15,14,068,,16,08,219,26,18,68,224,22,20,05,096,25,1*64
$GPGSV,4,3,15,21,00,146,,23,37,357,47,25,40,017,50,26,35,232,,1*61
$GPGSV,4,4,15,28,15,303,19,29,55,127,48,31,17,272,28,1*5C
$GPRMC,172915.11,A,3001.74261,S,05112.74893,W,0.13,58.30,090926,,,A,V*18
$GPGGA,172916.11,3001.74256,S,05112.74889,W,1,08,1.07,50.61,M,,M,,*46
$GPGLL,3001.74256,S,05112.74889,W,172916.11,A,A*61
$GPGSA,A,3,05,10,18,23,25,28,29,31,,,,,2.02,1.07,1.72,1*15
$GPGSV,4,1,15,5,29,134,38,10,08,343,35,12,09,032,17,13,03,029,,1*5A
$GPGSV,4,2,15,15,14,068,,16,08,219,25,18,68,224,22,20,05,096,25,1*67
$GPGSV,4,3,15,21,00,146,,23,37,357,47,25,40,017,50,26,35,232,,1*61
$GPGSV,4,4,15,28,15,303,18,29,55,127,48,31,17,272,26,1*53
$GPRMC,172916.11,A,3001.74256,S,05112.74889,W,0.04,58.30,090926,,,A,V*12
$GPGGA,172917.11,3001.74253,S,05112.74895,W,1,08,1.07,50.79,M,,M,,*46
$GPGLL,3001.74253,S,05112.74895,W,172917.11,A,A*68
$GPGSA,A,3,05,10,18,23,25,28,29,31,,,,,2.02,1.07,1.72,1*15
$GPGSV,4,1,15,5,29,134,38,10,08,343,35,12,09,032,08,13,03,029,,1*54
$GPGSV,4,2,15,15,14,068,,16,08,219,26,18,68,224,22,20,05,096,26,1*67
$GPGSV,4,3,15,21,00,146,,23,37,357,47,25,40,017,50,26,35,232,,1*61
$GPGSV,4,4,15,28,15,303,18,29,55,127,48,31,17,272,25,1*50
$GPRMC,172917.11,A,3001.74253,S,05112.74895,W,0.16,58.30,090926,,,A,V*18
$GPGGA,172918.11,3001.74249,S,05112.74899,W,1,08,1.07,51.00,M,,M,,*41
$GPGLL,3001.74249,S,05112.74899,W,172918.11,A,A*60
$GPGSA,A,3,05,10,18,23,25,28,29,31,,,,,2.02,1.07,1.72,1*15
$GPGSV,4,1,15,5,29,134,37,10,08,343,35,12,09,032,26,13,03,029,,1*57
$GPGSV,4,2,15,15,14,068,,16,08,219,19,18,68,224,22,20,05,096,25,1*68
$GPGSV,4,3,15,21,00,146,,23,37,357,47,25,40,017,50,26,35,232,,1*61
$GPGSV,4,4,15,28,15,303,17,29,55,127,48,31,17,272,25,1*5F
$GPRMC,172918.11,A,3001.74249,S,05112.74899,W,0.06,58.30,090926,,,A,V*11
$GPGGA,172919.11,3001.74247,S,05112.74894,W,1,08,1.07,51.22,M,,M,,*43
$GPGLL,3001.74247,S,05112.74894,W,172919.11,A,A*62
$GPGSA,A,3,05,10,18,23,25,28,29,31,,,,,2.02,1.07,1.72,1*15
$GPGSV,4,1,15,5,29,134,37,10,08,343,35,12,09,032,25,13,03,029,,1*54
$GPGSV,4,2,15,15,14,068,,16,08,219,18,18,68,224,22,20,05,096,25,1*69
$GPGSV,4,3,15,21,00,146,,23,37,357,47,25,40,017,50,26,35,232,,1*61
$GPGSV,4,4,15,28,15,303,18,29,55,127,48,31,17,272,25,1*50
$GPRMC,172919.11,A,3001.74247,S,05112.74894,W,0.07,58.30,090926,,,A,V*12
$GPGGA,172920.11,3001.74245,S,05112.74892,W,1,08,1.07,51.27,M,,M,,*48
$GPGLL,3001.74245,S,05112.74892,W,172920.11,A,A*6C
$GPGSA,A,3,05,10,18,23,25,28,29,31,,,,,2.02,1.07,1.72,1*15
$GPGSV,4,1,15,5,29,134,38,10,08,343,35,12,09,032,25,13,03,029,,1*5B
$GPGSV,4,2,15,15,14,068,,16,08,219,13,18,68,224,23,20,05,096,25,1*63
$GPGSV,4,3,15,21,00,146,,23,37,357,47,25,40,017,50,26,35,232,,1*61
$GPGSV,4,4,15,28,15,303,17,29,55,127,48,31,17,272,24,1*5E
$GPRMC,172920.11,A,3001.74245,S,05112.74892,W,0.09,58.30,090926,,,A,V*12
$GPGGA,172921.11,3001.74244,S,05112.74893,W,1,08,1.07,51.50,M,,M,,*49
$GPGLL,3001.74244,S,05112.74893,W,172921.11,A,A*6D
$GPGSA,A,3,05,10,18,23,25,28,29,31,,,,,2.02,1.07,1.72,1*15
$GPGSV,4,1,15,5,29,134,38,10,08,343,36,12,09,032,25,13,03,029,,1*58
$GPGSV,4,2,15,15,14,068,,16,08,219,26,18,68,224,22,20,05,096,25,1*64
$GPGSV,4,3,15,21,00,146,,23,37,357,47,25,40,017,50,26,35,232,22,1*61
$GPGSV,4,4,15,28,15,303,18,29,55,127,48,31,17,272,24,1*51
$GPRMC,172921.11,A,3001.74244,S,05112.74893,W,0.04,58.30,090926,,,A,V*1E
$GPGGA,172922.11,3001.74236,S,05112.74888,W,1,08,1.07,51.67,M,,M,,*41
$GPGLL,3001.74236,S,05112.74888,W,172922.11,A,A*61
$GPGSA,A,3,05,10,18,23,25,28,29,31,,,,,2.02,1.07,1.72,1*15
$GPGSV,4,1,15,5,29,134,38,10,08,343,36,12,09,032,,13,03,029,,1*5F
$GPGSV,4,2,15,15,14,068,,16,08,219,24,18,68,224,22,20,05,096,25,1*66
$GPGSV,4,3,15,21,00,146,,23,37,357,47,25,40,017,50,26,35,232,21,1*62
$GPGSV,4,4,15,28,15,303,19,29,55,127,48,31,17,272,24,1*50
$GPRMC,172922.11,A,3001.74236,S,05112.74888,W,0.17,58.30,090926,,,A,V*10
$GPGGA,172923.11,3001.74230,S,05112.74883,W,1,08,1.07,51.92,M,,M,,*47
$GPGLL,3001.74230,S,05112.74883,W,172923.11,A,A*6D
$GPGSA,A,3,05,10,18,23,25,28,29,31,,,,,2.02,1.07,1.72,1*15
$GPGSV,4,1,15,5,29,134,38,10,08,343,35,12,09,032,22,13,03,029,,1*5C
$GPGSV,4,2,15,15,14,068,,16,08,219,25,18,68,224,21,20,05,096,25,1*64
$GPGSV,4,3,15,21,00,146,,23,37,357,47,25,40,017,50,26,35,232,20,1*63
$GPGSV,4,4,15,28,15,303,19,29,55,127,48,31,17,272,24,1*50
$GPRMC,172923.11,A,3001.74230,S,05112.74883,W,0.15,58.30,090926,,,A,V*1E
$GPGGA,172924.11,3001.74222,S,05112.74875,W,1,08,1.07,52.07,M,,M,,*45
$GPGLL,3001.74222,S,05112.74875,W,172924.11,A,A*60
$GPGSA,A,3,05,10,18,23,25,28,29,31,,,,,2.02,1.07,1.72,1*15
$GPGSV,4,1,15,5,29,134,38,10,08,343,35,12,09,032,21,13,03,029,,1*5F
$GPGSV,4,2,15,15,14,068,,16,08,219,25,18,68,224,22,20,05,096,24,1*66
$GPGSV,4,3,15,21,00,146,,23,37,357,47,25,40,017,50,26,35,232,21,1*62
$GPGSV,4,4,15,28,15,303,21,29,55,127,48,31,17,272,24,1*5B
$GPRMC,172924.11,A,3001.74222,S,05112.74875,W,0.23,58.30,090926,,,A,V*16
$GPGGA,172925.11,3001.74221,S,05112.74879,W,1,08,1.07,52.32,M,,M,,*4D
$GPGLL,3001.74221,S,05112.74879,W,172925.11,A,A*6E
$GPGSA,A,3,05,10,18,23,25,28,29,31,,,,,2.02,1.07,1.72,1*15
$GPGSV,4,1,15,5,29,134,38,10,08,343,35,12,09,032,17,13,03,029,,1*5A
$GPGSV,4,2,15,15,14,068,,16,08,219,27,18,68,224,21,20,05,096,26,1*65
$GPGSV,4,3,15,21,00,146,,23,37,357,47,25,40,017,49,26,35,232,27,1*6C
$GPGSV,4,4,15,28,15,303,20,29,55,127,48,31,17,272,23,1*5D
$GPRMC,172925.11,A,3001.74221,S,05112.74879,W,0.13,58.30,090926,,,A,V*1B
$GPGGA,172926.11,3001.74217,S,05112.74886,W,1,08,1.07,52.63,M,,M,,*4F
$GPGLL,3001.74217,S,05112.74886,W,172926.11,A,A*68
$GPGSA,A,3,05,10,18,23,25,28,29,31,,,,,2.02,1.07,1.72,1*15
$GPGSV,4,1,15,5,29,134,38,10,08,343,36,12,09,032,15,13,03,029,,1*5B
$GPGSV,4,2,15,15,14,068,,16,08,219,25,18,68,224,22,20,05,096,25,1*67
$GPGSV,4,3,15,21,00,146,,23,37,357,47,25,40,017,50,26,35,232,25,1*66
$GPGSV,4,4,15,28,15,303,21,29,55,127,48,31,17,272,24,1*5B
$GPRMC,172926.11,A,3001.74217,S,05112.74886,W,0.04,58.30,090926,,,A,V*1B
$GPGGA,172927.11,3001.74215,S,05112.74896,W,1,08,1.07,52.82,M,,M,,*42
$GPGLL,3001.74215,S,05112.74896,W,172927.11,A,A*6A
$GPGSA,A,3,05,10,18,23,25,28,29,31,,,,,2.02,1.07,1.72,1*15
$GPGSV,4,1,15,5,29,134,38,10,08,343,36,12,09,032,28,13,03,029,,1*55
$GPGSV,4,2,15,15,14,068,,16,08,219,25,18,68,224,22,20,05,096,25,1*67
$GPGSV,4,3,15,21,00,146,,23,37,357,47,25,40,017,50,26,35,232,26,1*65
$GPGSV,4,4,15,28,15,303,21,29,55,127,47,31,17,272,24,1*54
$GPRMC,172927.11,A,3001.74215,S,05112.74896,W,0.09,58.30,090926,,,A,V*14
$GPGGA,172928.11,3001.74214,S,05112.74901,W,1,08,1.07,53.02,M,,M,,*4A
$GPGLL,3001.74214,S,05112.74901,W,172928.11,A,A*6B
$GPGSA,A,3,05,10,18,23,25,28,29,31,,,,,2.02,1.07,1.72,1*15
$GPGSV,4,1,15,5,29,134,39,10,08,343,35,12,09,032,25,13,03,029,,1*5A
$GPGSV,4,2,15,15,14,068,,16,08,219,25,18,68,224,21,20,05,096,26,1*67
$GPGSV,4,3,15,21,00,146,,23,37,357,47,25,40,017,49,26,35,232,26,1*6D
$GPGSV,4,4,15,28,15,303,21,29,55,127,48,31,17,272,24,1*5B
$GPRMC,172928.11,A,3001.74214,S,05112.74901,W,0.17,58.30,090926,,,A,V*1A
$GPGGA,172929.11,3001.74211,S,05112.74903,W,1,08,1.07,53.54,M,,M,,*4F
$GPGLL,3001.74211,S,05112.74903,W,172929.11,A,A*6D
$GPGSA,A,3,05,10,18,23,25,28,29,31,,,,,2.02,1.07,1.72,1*15
$GPGSV,4,1,15,5,29,134,39,10,08,343,35,12,09,032,24,13,03,029,,1*5B
$GPGSV,4,2,15,15,14,068,,16,08,219,,18,68,224,20,20,05,096,25,1*62
$GPGSV,4,3,15,21,00,146,,23,37,357,46,25,40,017,49,26,35,232,23,1*69
$GPGSV,4,4,15,28,15,303,22,29,55,127,48,31,17,272,24,1*58
$GPRMC,172929.11,A,3001.74211,S,05112.74903,W,0.85,58.30,090926,,,A,V*17
$GPGGA,172930.11,3001.74214,S,05112.74913,W,1,08,1.07,53.43,M,,M,,*45
$GPGLL,3001.74214,S,05112.74913,W,172930.11,A,A*61
$GPGSA,A,3,05,10,18,23,25,28,29,31,,,,,2.02,1.07,1.72,1*15
$GPGSV,4,1,15,5,29,134,39,10,08,343,35,12,09,032,25,13,03,029,,1*5A
$GPGSV,4,2,15,15,14,068,,16,08,219,26,18,68,224,20,20,05,096,24,1*67
$GPGSV,4,3,15,21,00,146,,23,37,357,46,25,40,017,49,26,35,232,29,1*63
$GPGSV,4,4,15,28,15,303,22,29,55,127,47,31,17,272,24,1*57
$GPRMC,172930.11,A,3001.74214,S,05112.74913,W,0.11,58.30,090926,,,A,V*16
$GPGGA,172931.11,3001.74209,S,05112.74894,W,1,09,0.97,53.52,M,,M,,*4F
$GPGLL,3001.74209,S,05112.74894,W,172931.11,A,A*62
$GPGSA,A,3,05,10,18,23,25,26,28,29,31,,,,1.97,0.97,1.72,1*16
$GPGSV,4,1,15,5,29,134,39,10,08,343,36,12,09,032,,13,03,029,,1*5E
$GPGSV,4,2,15,15,14,068,,16,08,219,26,18,68,224,19,20,05,096,25,1*6C
$GPGSV,4,3,15,21,00,146,,23,37,357,46,25,40,017,49,26,35,232,27,1*6D
$GPGSV,4,4,15,28,15,303,23,29,55,127,47,31,17,272,24,1*56
$GPRMC,172931.11,A,3001.74209,S,05112.74894,W,0.75,58.30,090926,,,A,V*17
$GPGGA,172932.11,3001.74208,S,05112.74887,W,1,09,0.97,53.58,M,,M,,*45
$GPGLL,3001.74208,S,05112.74887,W,172932.11,A,A*62
$GPGSA,A,3,05,10,18,23,25,26,28,29,31,,,,1.97,0.97,1.72,1*16
$GPGSV,4,1,15,5,29,134,39,10,08,343,36,12,09,032,25,13,03,029,,1*59
$GPGSV,4,2,15,15,14,068,,16,08,219,25,18,68,224,19,20,05,096,26,1*6C
$GPGSV,4,3,15,21,00,146,,23,37,357,46,25,40,017,49,26,35,232,26,1*6C
$GPGSV,4,4,15,28,15,303,23,29,55,127,47,31,17,272,23,1*51
$GPRMC,172932.11,A,3001.74208,S,05112.74887,W,0.13,58.30,090926,,,A,V*17
$GPGGA,172933.11,3001.74204,S,05112.74872,W,1,09,0.97,53.94,M,,M,,*42
$GPGLL,3001.74204,S,05112.74872,W,172933.11,A,A*65
$GPGSA,A,3,05,10,18,23,25,26,28,29,31,,,,1.97,0.97,1.72,1*16
$GPGSV,4,1,15,5,29,134,39,10,08,343,35,12,09,032,25,13,03,029,,1*5A
$GPGSV,4,2,15,15,14,068,,16,08,219,25,18,68,224,17,20,05,096,25,1*61
$GPGSV,4,3,15,21,00,146,,23,37,357,46,25,40,017,49,26,35,232,25,1*6F
$GPGSV,4,4,15,28,15,303,23,29,55,127,47,31,17,272,23,1*51
$GPRMC,172933.11,A,3001.74204,S,05112.74872,W,0.31,58.30,090926,,,A,V*10
$GPGGA,172934.11,3001.74200,S,05112.74850,W,1,09,0.97,54.23,M,,M,,*4A
$GPGLL,3001.74200,S,05112.74850,W,172934.11,A,A*66
$GPGSA,A,3,05,10,18,23,25,26,28,29,31,,,,1.97,0.97,1.72,1*16
$GPGSV,4,1,15,5,29,134,38,10,08,343,35,12,09,032,25,13,03,029,,1*5B
$GPGSV,4,2,15,15,14,068,,16,08,219,25,18,68,224,17,20,05,096,25,1*61
$GPGSV,4,3,15,21,00,146,,23,37,357,47,25,40,017,49,26,35,232,25,1*6E
$GPGSV,4,4,15,28,15,303,24,29,55,127,48,31,17,272,23,1*59
$GPRMC,172934.11,A,3001.74200,S,05112.74850,W,0.09,58.30,090926,,,A,V*18
$GPGGA,172935.11,3001.74195,S,05112.74830,W,1,09,0.97,54.56,M,,M,,*40
$GPGLL,3001.74195,S,05112.74830,W,172935.11,A,A*6E
$GPGSA,A,3,05,10,18,23,25,26,28,29,31,,,,1.97,0.97,1.72,1*16
$GPGSV,4,1,15,5,29,134,38,10,08,343,36,12,09,032,25,13,03,029,,1*58
$GPGSV,4,2,15,15,14,068,,16,08,219,,18,68,224,17,20,05,096,25,1*66
$GPGSV,4,3,15,21,00,146,,23,37,357,47,25,40,017,49,26,35,232,24,1*6F
$GPGSV,4,4,15,28,15,303,24,29,55,127,48,31,17,272,23,1*59
$GPRMC,172935.11,A,3001.74195,S,05112.74830,W,0.03,58.30,090926,,,A,V*1A
$GPGGA,172936.11,3001.74187,S,05112.74808,W,1,09,0.97,54.82,M,,M,,*42
$GPGLL,3001.74187,S,05112.74808,W,172936.11,A,A*65
$GPGSA,A,3,05,10,18,23,25,26,28,29,31,,,,1.97,0.97,1.72,1*16
$GPGSV,4,1,15,5,29,134,39,10,08,343,36,12,09,032,26,13,03,029,,1*5A
$GPGSV,4,2,15,15,14,068,,16,08,219,25,18,68,224,16,20,05,096,,1*67
$GPGSV,4,3,15,21,00,146,,23,37,357,47,25,40,017,49,26,35,232,24,1*6F
$GPGSV,4,4,15,28,15,303,24,29,55,127,48,31,17,272,23,1*59
$GPRMC,172936.11,A,3001.74187,S,05112.74808,W,0.04,58.30,090926,,,A,V*16
$GPGGA,172937.11,3001.74177,S,05112.74780,W,1,09,0.97,54.87,M,,M,,*46
$GPGLL,3001.74177,S,05112.74780,W,172937.11,A,A*64
$GPGSA,A,3,05,10,18,23,25,26,28,29,31,,,,1.97,0.97,1.72,1*16
$GPGSV,4,1,15,5,29,134,39,10,08,343,36,12,09,032,24,13,03,029,,1*58
$GPGSV,4,2,15,15,14,068,,16,08,219,25,18,68,224,17,20,05,096,26,1*62
$GPGSV,4,3,15,21,00,146,,23,37,357,47,25,40,017,49,26,35,232,24,1*6F
$GPGSV,4,4,15,28,15,303,24,29,55,127,47,31,17,272,23,1*56
$GPRMC,172937.11,A,3001.74177,S,05112.74780,W,0.58,58.30,090926,,,A,V*1E
$GPGGA,172938.11,3001.74174,S,05112.74764,W,1,09,0.97,55.31,M,,M,,*4C
$GPGLL,3001.74174,S,05112.74764,W,172938.11,A,A*62
$GPGSA,A,3,05,10,18,23,25,26,28,29,31,,,,1.97,0.97,1.72,1*16
$GPGSV,4,1,15,5,29,134,39,10,08,343,36,12,09,032,25,13,03,029,,1*59
$GPGSV,4,2,15,15,14,068,,16,08,219,25,18,68,224,18,20,05,096,25,1*6E
$GPGSV,4,3,15,21,00,146,,23,37,357,47,25,40,017,49,26,35,232,24,1*6F
$GPGSV,4,4,15,28,15,303,24,29,55,127,48,31,17,272,23,1*59
$GPRMC,172938.11,A,3001.74174,S,05112.74764,W,0.08,58.30,090926,,,A,V*1D
$GPGGA,172939.11,3001.74173,S,05112.74751,W,1,09,0.97,55.24,M,,M,,*48
$GPGLL,3001.74173,S,05112.74751,W,172939.11,A,A*62
$GPGSA,A,3,05,10,18,23,25,26,28,29,31,,,,1.97,0.97,1.72,1*16
$GPGSV,4,1,15,5,29,134,38,10,08,343,36,12,09,032,24,13,03,029,,1*59
$GPGSV,4,2,15,15,14,068,,16,08,219,25,18,68,224,19,20,05,096,24,1*6E
$GPGSV,4,3,15,21,00,146,,23,37,357,47,25,40,017,50,26,35,232,23,1*60
$GPGSV,4,4,15,28,15,303,24,29,55,127,48,31,17,272,22,1*58
$GPRMC,172939.11,A,3001.74173,S,05112.74751,W,0.06,58.30,090926,,,A,V*13
$GPGGA,172940.11,3001.74171,S,05112.74754,W,1,09,0.97,55.34,M,,M,,*40
$GPGLL,3001.74171,S,05112.74754,W,172940.11,A,A*6B
$GPGSA,A,3,05,10,18,23,25,26,28,29,31,,,,1.97,0.97,1.72,1*16
$GPGSV,4,1,15,5,29,134,38,10,08,343,36,12,09,032,26,13,03,029,,1*5B
$GPGSV,4,2,15,15,14,068,,16,08,219,25,18,68,224,20,20,05,096,27,1*67
$GPGSV,4,3,15,21,00,146,,23,37,357,47,25,40,017,49,26,35,232,24,1*6F
$GPGSV,4,4,15,28,15,303,24,29,55,127,48,31,17,272,21,1*5B
$GPRMC,172940.11,A,3001.74171,S,05112.74754,W,0.42,58.30,090926,,,A,V*1A
$GPGGA,172941.11,3001.74172,S,05112.74749,W,1,09,0.97,55.33,M,,M,,*49
$GPGLL,3001.74172,S,05112.74749,W,172941.11,A,A*65
$GPGSA,A,3,05,10,18,23,25,26,28,29,31,,,,1.97,0.97,1.72,1*16
$GPGSV,4,1,15,5,29,134,38,10,08,343,36,12,09,032,24,13,03,029,,1*59
$GPGSV,4,2,15,15,14,068,,16,08,219,25,18,68,224,21,20,05,096,25,1*64
$GPGSV,4,3,15,21,00,146,,23,37,357,47,25,40,017,49,26,35,232,23,1*68
$GPGSV,4,4,15,28,15,303,24,29,55,127,48,31,17,272,21,1*5B
$GPRMC,172941.11,A,3001.74172,S,05112.74749,W,0.18,58.30,090926,,,A,V*1B
$GPGGA,172942.11,3001.74173,S,05112.74747,W,1,09,0.97,55.25,M,,M,,*42
$GPGLL,3001.74173,S,05112.74747,W,172942.11,A,A*69
$GPGSA,A,3,05,10,18,23,25,26,28,29,31,,,,1.97,0.97,1.72,1*16
$GPGSV,4,1,15,5,29,134,37,10,08,343,36,12,09,032,24,13,03,029,,1*56
$GPGSV,4,2,15,15,14,068,,16,08,219,25,18,68,224,21,20,05,096,24,1*65
$GPGSV,4,3,15,21,00,146,,23,37,357,47,25,40,017,49,26,35,232,23,1*68
$GPGSV,4,4,15,28,15,303,25,29,55,127,48,31,17,272,21,1*5A
$GPRMC,172942.11,A,3001.74173,S,05112.74747,W,0.24,58.30,090926,,,A,V*18
$GPGGA,172943.11,3001.74176,S,05112.74742,W,1,09,0.97,55.42,M,,M,,*42
$GPGLL,3001.74176,S,05112.74742,W,172943.11,A,A*68
$GPGSA,A,3,05,10,18,23,25,26,28,29,31,,,,1.97,0.97,1.72,1*16
$GPGSV,4,1,15,5,29,134,37,10,08,343,36,12,09,032,25,13,03,029,,1*57
$GPGSV,4,2,15,15,14,068,,16,08,219,25,18,68,224,21,20,05,096,24,1*65
$GPGSV,4,3,15,21,00,146,,23,37,357,47,25,40,017,50,26,35,232,22,1*61
$GPGSV,4,4,15,28,15,303,25,29,55,127,48,31,17,272,21,1*5A
$GPRMC,172943.11,A,3001.74176,S,05112.74742,W,0.15,58.30,090926,,,A,V*1B
$GPGGA,172944.11,3001.74173,S,05112.74728,W,1,09,0.97,55.39,M,,M,,*40
$GPGLL,3001.74173,S,05112.74728,W,172944.11,A,A*66
$GPGSA,A,3,05,10,18,23,25,26,28,29,31,,,,1.97,0.97,1.72,1*16
$GPGSV,4,1,15,5,29,134,38,10,08,343,36,12,09,032,27,13,03,029,,1*5A
$GPGSV,4,2,15,15,14,068,,16,08,219,26,18,68,224,22,20,05,096,24,1*65
$GPGSV,4,3,15,21,00,146,,23,37,357,47,25,40,017,49,26,35,232,22,1*69
$GPGSV,4,4,15,28,15,303,24,29,55,127,48,31,17,272,20,1*5A
$GPRMC,172944.11,A,3001.74173,S,05112.74728,W,0.09,58.30,090926,,,A,V*18
$GPGGA,172945.11,3001.74168,S,05112.74711,W,1,09,0.97,55.39,M,,M,,*41
$GPGLL,3001.74168,S,05112.74711,W,172945.11,A,A*67
$GPGSA,A,3,05,10,18,23,25,26,28,29,31,,,,1.97,0.97,1.72,1*16
$GPGSV,4,1,15,5,29,134,38,10,08,343,36,12,09,032,25,13,03,029,,1*58
$GPGSV,4,2,15,15,14,068,,16,08,219,25,18,68,224,22,20,05,096,27,1*65
$GPGSV,4,3,15,21,00,146,,23,37,357,47,25,40,017,49,26,35,232,22,1*69
$GPGSV,4,4,15,28,15,303,24,29,55,127,48,31,17,272,20,1*5A
$GPRMC,172945.11,A,3001.74168,S,05112.74711,W,0.18,58.30,090926,,,A,V*19
$GPGGA,172946.11,3001.74167,S,05112.74698,W,1,09,0.97,55.43,M,,M,,*40
$GPGLL,3001.74167,S,05112.74698,W,172946.11,A,A*6B
$GPGSA,A,3,05,10,18,23,25,26,28,29,31,,,,1.97,0.97,1.72,1*16
$GPGSV,4,1,15,5,29,134,38,10,08,343,36,12,09,032,25,13,03,029,,1*58
$GPGSV,4,2,15,15,14,068,,16,08,219,25,18,68,224,22,20,05,096,26,1*64
$GPGSV,4,3,15,21,00,146,,23,37,357,47,25,40,017,49,26,35,232,21,1*6A
$GPGSV,4,4,15,28,15,303,23,29,55,127,47,31,17,272,19,1*58
$GPRMC,172946.11,A,3001.74167,S,05112.74698,W,0.15,58.30,090926,,,A,V*18
$GPGGA,172947.11,3001.74166,S,05112.74697,W,1,09,0.97,55.62,M,,M,,*4C
$GPGLL,3001.74166,S,05112.74697,W,172947.11,A,A*64
$GPGSA,A,3,05,10,18,23,25,26,28,29,31,,,,1.97,0.97,1.72,1*16
$GPGSV,4,1,15,5,29,134,38,10,08,343,36,12,09,032,24,13,03,029,,1*59
$GPGSV,4,2,15,15,14,068,,16,08,219,25,18,68,224,23,20,05,096,24,1*67
$GPGSV,4,3,15,21,00,146,,23,37,357,47,25,40,017,49,26,35,232,20,1*6B
$GPGSV,4,4,15,28,15,303,22,29,55,127,47,31,17,272,19,1*59
$GPRMC,172947.11,A,3001.74166,S,05112.74697,W,0.02,58.30,090926,,,A,V*11
$GPGGA,172948.11,3001.74161,S,05112.74688,W,1,09,0.97,55.81,M,,M,,*47
$GPGLL,3001.74161,S,05112.74688,W,172948.11,A,A*62
$GPGSA,A,3,05,10,18,23,25,26,28,29,31,,,,1.97,0.97,1.72,1*16
$GPGSV,4,1,15,5,29,134,38,10,08,343,36,12,09,032,,13,03,029,,1*5F
$GPGSV,4,2,15,15,14,068,,16,08,219,26,18,68,224,22,20,05,096,25,1*64
$GPGSV,4,3,15,21,00,146,,23,37,357,47,25,40,017,49,26,35,232,18,1*60
$GPGSV,4,4,15,28,15,303,23,29,55,127,48,31,17,272,20,1*5D
$GPRMC,172948.11,A,3001.74161,S,05112.74688,W,0.10,58.30,090926,,,A,V*14
$GPGGA,172949.11,3001.74161,S,05112.74678,W,1,09,0.97,55.44,M,,M,,*40
$GPGLL,3001.74161,S,05112.74678,W,172949.11,A,A*6C
$GPGSA,A,3,05,10,18,23,25,26,28,29,31,,,,1.97,0.97,1.72,1*16
$GPGSV,4,1,15,5,29,134,38,10,08,343,36,12,09,032,,13,03,029,,1*5F
$GPGSV,4,2,15,15,14,068,,16,08,219,25,18,68,224,22,20,05,096,,1*60
$GPGSV,4,3,15,21,00,146,,23,37,357,47,25,40,017,49,26,35,232,17,1*6F
$GPGSV,4,4,15,28,15,303,22,29,55,127,47,31,17,272,20,1*53
$GPRMC,172949.11,A,3001.74161,S,05112.74678,W,0.16,58.30,090926,,,A,V*1C
$GPGGA,172950.11,3001.74162,S,05112.74680,W,1,09,0.97,55.70,M,,M,,*4B
$GPGLL,3001.74162,S,05112.74680,W,172950.11,A,A*60
$GPGSA,A,3,05,10,18,23,25,26,28,29,31,,,,1.97,0.97,1.72,1*16
$GPGSV,4,1,15,5,29,134,38,10,08,343,36,12,09,032,,13,03,029,,1*5F
$GPGSV,4,2,15,15,14,068,,16,08,219,25,18,68,224,23,20,05,096,27,1*64
$GPGSV,4,3,15,21,00,146,,23,37,357,47,25,40,017,49,26,35,232,16,1*6E
$GPGSV,4,4,15,28,15,303,22,29,55,127,47,31,17,272,20,1*53
$GPRMC,172950.11,A,3001.74162,S,05112.74680,W,0.69,58.30,090926,,,A,V*18
$GPGGA,172951.11,3001.74170,S,05112.74697,W,1,09,0.97,55.66,M,,M,,*48
$GPGLL,3001.74170,S,05112.74697,W,172951.11,A,A*64
$GPGSA,A,3,05,10,18,23,25,26,28,29,31,,,,1.97,0.97,1.72,1*16
$GPGSV,4,1,15,5,29,134,38,10,08,343,36,12,09,032,,13,03,029,,1*5F
$GPGSV,4,2,15,15,14,068,,16,08,219,25,18,68,224,24,20,05,096,25,1*61
$GPGSV,4,3,15,21,00,146,,23,37,357,47,25,40,017,49,26,35,232,17,1*6F
$GPGSV,4,4,15,28,15,303,22,29,55,127,47,31,17,272,20,1*53
$GPRMC,172951.11,A,3001.74170,S,05112.74697,W,0.13,58.30,090926,,,A,V*11
$GPGGA,172952.11,3001.74176,S,05112.74698,W,1,09,0.97,55.44,M,,M,,*42
$GPGLL,3001.74176,S,05112.74698,W,172952.11,A,A*6E
$GPGSA,A,3,05,10,18,23,25,26,28,29,31,,,,1.97,0.97,1.72,1*16
$GPGSV,4,1,16,5,29,134,38,10,08,343,36,12,09,032,,13,03,029,,1*5C
$GPGSV,4,2,16,15,14,068,,16,08,219,,18,68,224,24,20,05,096,25,1*65
$GPGSV,4,3,16,21,00,146,,23,37,357,47,25,40,017,49,26,35,232,16,1*6D
$GPGSV,4,4,16,28,15,303,21,29,55,127,47,31,17,272,19,201,,,30,1*69
$GPRMC,172952.11,A,3001.74176,S,05112.74698,W,0.52,58.30,090926,,,A,V*1E
$GPGGA,172953.11,3001.74183,S,05112.74684,W,1,09,0.97,54.86,M,,M,,*4B
$GPGLL,3001.74183,S,05112.74684,W,172953.11,A,A*68
$GPGSA,A,3,05,10,18,23,25,26,28,29,31,,,,1.97,0.97,1.72,1*16
$GPGSV,4,1,16,5,29,134,38,10,08,343,36,12,09,032,,13,03,029,,1*5C
$GPGSV,4,2,16,15,14,068,,16,08,219,,18,68,224,24,20,05,096,25,1*65
$GPGSV,4,3,16,21,00,146,,23,37,357,46,25,40,017,48,26,35,232,17,1*6C
$GPGSV,4,4,16,28,15,303,20,29,55,127,47,31,17,272,20,201,,,25,1*66
$GPRMC,172953.11,A,3001.74183,S,05112.74684,W,0.19,58.30,090926,,,A,V*17
$GPGGA,172954.11,3001.74174,S,05112.74653,W,1,09,0.97,54.61,M,,M,,*47
$GPGLL,3001.74174,S,05112.74653,W,172954.11,A,A*6D
$GPGSA,A,3,05,10,18,23,25,26,28,29,31,,,,1.97,0.97,1.72,1*16
$GPGSV,4,1,16,5,29,134,38,10,08,343,36,12,09,032,,13,03,029,,1*5C
$GPGSV,4,2,16,15,14,068,,16,08,219,25,18,68,224,24,20,05,096,25,1*62
$GPGSV,4,3,16,21,00,146,,23,37,357,47,25,40,017,49,26,35,232,17,1*6C
$GPGSV,4,4,16,28,15,303,20,29,55,127,47,31,17,272,19,201,,,25,1*6C
$GPRMC,172954.11,A,3001.74174,S,05112.74653,W,0.34,58.30,090926,,,A,V*1D
$GPGGA,172955.11,3001.74172,S,05112.74636,W,1,09,0.97,54.35,M,,M,,*42
$GPGLL,3001.74172,S,05112.74636,W,172955.11,A,A*69
$GPGSA,A,3,05,10,18,23,25,26,28,29,31,,,,1.97,0.97,1.72,1*16
$GPGSV,4,1,16,5,29,134,38,10,08,343,36,12,09,032,,13,03,029,,1*5C
$GPGSV,4,2,16,15,14,068,,16,08,219,25,18,68,224,24,20,05,096,27,1*60
$GPGSV,4,3,16,21,00,146,,23,37,357,47,25,40,017,49,26,35,232,18,1*63
$GPGSV,4,4,16,28,15,303,19,29,55,127,47,31,17,272,19,201,,,25,1*66
$GPRMC,172955.11,A,3001.74172,S,05112.74636,W,0.17,58.30,090926,,,A,V*18
$GPGGA,172956.11,3001.74169,S,05112.74627,W,1,09,0.97,54.27,M,,M,,*48
$GPGLL,3001.74169,S,05112.74627,W,172956.11,A,A*60
$GPGSA,A,3,05,10,18,23,25,26,28,29,31,,,,1.97,0.97,1.72,1*16
$GPGSV,4,1,15,5,29,134,38,10,08,343,36,12,09,032,,13,03,029,,1*5F
$GPGSV,4,2,15,15,14,068,,16,08,219,26,18,68,224,24,20,05,096,25,1*62
$GPGSV,4,3,15,21,00,146,,23,37,357,47,25,40,017,49,26,35,232,18,1*60
$GPGSV,4,4,15,28,15,303,17,29,55,127,47,31,17,272,19,1*5F
$GPRMC,172956.11,A,3001.74169,S,05112.74627,W,0.17,58.30,090926,,,A,V*11
$GPGGA,172957.11,3001.74165,S,05112.74617,W,1,09,0.97,54.09,M,,M,,*4A
$GPGLL,3001.74165,S,05112.74617,W,172957.11,A,A*6E
$GPGSA,A,3,05,10,18,23,25,26,28,29,31,,,,1.97,0.97,1.72,1*16
$GPGSV,4,1,15,5,29,134,38,10,08,343,36,12,09,032,,13,03,029,,1*5F
$GPGSV,4,2,15,15,14,068,,16,08,219,25,18,68,224,24,20,05,096,,1*66
$GPGSV,4,3,15,21,00,146,,23,37,357,47,25,40,017,49,26,35,232,19,1*61
$GPGSV,4,4,15,28,15,303,17,29,55,127,48,31,17,272,18,1*51
$GPRMC,172957.11,A,3001.74165,S,05112.74617,W,0.07,58.30,090926,,,A,V*1E
$GPGGA,172958.11,3001.74165,S,05112.74621,W,1,09,0.97,53.97,M,,M,,*40
$GPGLL,3001.74165,S,05112.74621,W,172958.11,A,A*64
$GPGSA,A,3,05,10,18,23,25,26,28,29,31,,,,1.97,0.97,1.72,1*16
$GPGSV,4,1,15,5,29,134,38,10,08,343,36,12,09,032,,13,03,029,,1*5F
$GPGSV,4,2,15,15,14,068,,16,08,219,25,18,68,224,25,20,05,096,26,1*63
$GPGSV,4,3,15,21,00,146,,23,37,357,47,25,40,017,50,26,35,232,19,1*69
$GPGSV,4,4,15,28,15,303,17,29,55,127,48,31,17,272,17,1*5E
$GPRMC,172958.11,A,3001.74165,S,05112.74621,W,0.11,58.30,090926,,,A,V*13
$GPGGA,172959.11,3001.74163,S,05112.74617,W,1,09,0.97,53.75,M,,M,,*4E
$GPGLL,3001.74163,S,05112.74617,W,172959.11,A,A*66
$GPGSA,A,3,05,10,18,23,25,26,28,29,31,,,,1.97,0.97,1.72,1*16
$GPGSV,4,1,15,5,29,134,38,10,08,343,36,12,09,032,,13,03,029,,1*5F
$GPGSV,4,2,15,15,14,068,,16,08,219,24,18,68,224,25,20,05,096,25,1*61
$GPGSV,4,3,15,21,00,146,,23,37,357,47,25,40,017,49,26,35,232,21,1*6A
$GPGSV,4,4,15,28,15,303,16,29,55,127,48,31,17,272,17,1*5F
$GPRMC,172959.11,A,3001.74163,S,05112.74617,W,0.16,58.30,090926,,,A,V*16
$GPGGA,173000.11,3001.74160,S,05112.74620,W,1,09,0.97,53.60,M,,M,,*49
$GPGLL,3001.74160,S,05112.74620,W,173000.11,A,A*65
$GPGSA,A,3,05,10,18,23,25,26,28,29,31,,,,1.97,0.97,1.72,1*16
$GPGSV,4,1,15,5,28,134,38,10,08,343,36,12,09,032,18,13,03,029,,1*57
$GPGSV,4,2,15,15,15,069,,16,08,219,,18,68,223,24,20,05,096,25,1*61
$GPGSV,4,3,15,23,37,357,47,25,39,017,49,26,35,232,21,28,15,303,14,1*6F
$GPGSV,4,4,15,29,54,127,48,31,17,272,16,201,,,27,1*50
$GPRMC,173000.11,A,3001.74160,S,05112.74620,W,0.19,58.30,090926,,,A,V*1A
$GPGGA,173001.11,3001.74161,S,05112.74637,W,1,08,1.00,53.65,M,,M,,*44
$GPGLL,3001.74161,S,05112.74637,W,173001.11,A,A*63
$GPGSA,A,3,05,10,18,23,25,26,29,31,,,,,2.01,1.00,1.74,1*19
$GPGSV,4,1,15,5,28,134,39,10,08,343,36,12,09,032,13,13,03,029,,1*5D
$GPGSV,4,2,15,15,15,069,,16,08,219,,18,68,223,24,20,05,096,25,1*61
$GPGSV,4,3,15,23,37,357,47,25,39,017,49,26,35,232,23,28,15,303,13,1*6A
$GPGSV,4,4,15,29,54,127,48,31,17,272,15,201,,,26,1*52
$GPRMC,173001.11,A,3001.74161,S,05112.74637,W,0.16,58.30,090926,,,A,V*13
$GPGGA,173002.11,3001.74162,S,05112.74650,W,1,08,1.00,53.50,M,,M,,*43
$GPGLL,3001.74162,S,05112.74650,W,173002.11,A,A*62
$GPGSA,A,3,05,10,18,23,25,26,29,31,,,,,2.01,1.00,1.74,1*19
$GPGSV,4,1,14,5,28,134,38,10,08,343,36,12,09,032,13,13,03,029,,1*5D
$GPGSV,4,2,14,15,15,069,,16,08,219,,18,68,223,24,20,05,096,26,1*63
$GPGSV,4,3,14,23,37,357,47,25,39,017,49,26,35,232,23,28,15,303,11,1*69
$GPGSV,4,4,14,29,54,127,48,31,17,272,16,1*67
$GPRMC,173002.11,A,3001.74162,S,05112.74650,W,0.36,58.30,090926,,,A,V*10
$GPGGA,173003.11,3001.74164,S,05112.74667,W,1,08,1.00,53.25,M,,M,,*42
$GPGLL,3001.74164,S,05112.74667,W,173003.11,A,A*61
$GPGSA,A,3,05,10,18,23,25,26,29,31,,,,,2.01,1.00,1.74,1*19
$GPGSV,4,1,14,5,28,134,38,10,08,343,36,12,09,032,13,13,03,029,,1*5D
$GPGSV,4,2,14,15,15,069,,16,08,219,26,18,68,223,23,20,05,096,24,1*62
$GPGSV,4,3,14,23,37,357,47,25,39,017,49,26,35,232,23,28,15,303,10,1*68
$GPGSV,4,4,14,29,54,127,48,31,17,272,16,1*67
$GPRMC,173003.11,A,3001.74164,S,05112.74667,W,0.23,58.30,090926,,,A,V*17
$GPGGA,173004.11,3001.74168,S,05112.74695,W,1,08,1.00,52.91,M,,M,,*4A
$GPGLL,3001.74168,S,05112.74695,W,173004.11,A,A*67
$GPGSA,A,3,05,10,18,23,25,26,29,31,,,,,2.01,1.00,1.74,1*19
$GPGSV,4,1,14,5,28,134,38,10,08,343,36,12,09,032,29,13,03,029,,1*54
$GPGSV,4,2,14,15,15,069,,16,08,219,27,18,68,223,23,20,05,096,25,1*62
$GPGSV,4,3,14,23,37,357,47,25,39,017,49,26,35,232,23,28,15,303,12,1*6A
$GPGSV,4,4,14,29,54,127,48,31,17,272,16,1*67
$GPRMC,173004.11,A,3001.74168,S,05112.74695,W,0.22,58.30,090926,,,A,V*10
$GPGGA,173005.11,3001.74174,S,05112.74707,W,1,08,1.00,52.87,M,,M,,*4B
$GPGLL,3001.74174,S,05112.74707,W,173005.11,A,A*61
$GPGSA,A,3,05,10,18,23,25,26,29,31,,,,,2.01,1.00,1.74,1*19
$GPGSV,4,1,14,5,28,134,38,10,08,343,36,12,09,032,25,13,03,029,,1*58
$GPGSV,4,2,14,15,15,069,,16,08,219,25,18,68,223,23,20,05,096,,1*67
$GPGSV,4,3,14,23,37,357,46,25,39,017,49,26,35,232,24,28,15,303,07,1*68
$GPGSV,4,4,14,29,54,127,48,31,17,272,16,1*67
$GPRMC,173005.11,A,3001.74174,S,05112.74707,W,0.39,58.30,090926,,,A,V*1C
$GPGGA,173006.11,3001.74177,S,05112.74717,W,1,08,1.00,52.87,M,,M,,*4A
$GPGLL,3001.74177,S,05112.74717,W,173006.11,A,A*60
$GPGSA,A,3,05,10,18,23,25,26,29,31,,,,,2.01,1.00,1.74,1*19
$GPGSV,4,1,14,5,28,134,38,10,08,343,36,12,09,032,25,13,03,029,,1*58
$GPGSV,4,2,14,15,15,069,,16,08,219,25,18,68,223,23,20,05,096,25,1*60
$GPGSV,4,3,14,23,37,357,47,25,39,017,49,26,35,232,23,28,15,303,10,1*68
$GPGSV,4,4,14,29,54,127,47,31,17,272,16,1*68
$GPRMC,173006.11,A,3001.74177,S,05112.74717,W,0.22,58.30,090926,,,A,V*17
$GPGGA,173007.11,3001.74178,S,05112.74724,W,1,08,1.00,53.26,M,,M,,*4E
$GPGLL,3001.74178,S,05112.74724,W,173007.11,A,A*6E
$GPGSA,A,3,05,10,18,23,25,26,29,31,,,,,2.01,1.00,1.74,1*19
$GPGSV,4,1,14,5,28,134,38,10,08,343,36,12,09,032,24,13,03,029,,1*59
$GPGSV,4,2,14,15,15,069,,16,08,219,25,18,68,223,23,20,05,096,25,1*60
$GPGSV,4,3,14,23,37,357,47,25,39,017,49,26,35,232,24,28,15,303,09,1*67
$GPGSV,4,4,14,29,54,127,48,31,17,272,15,1*64
$GPRMC,173007.11,A,3001.74178,S,05112.74724,W,0.42,58.30,090926,,,A,V*1F
$GPGGA,173008.11,3001.74186,S,05112.74733,W,1,08,1.00,53.29,M,,M,,*49
$GPGLL,3001.74186,S,05112.74733,W,173008.11,A,A*66
$GPGSA,A,3,05,10,18,23,25,26,29,31,,,,,2.01,1.00,1.74,1*19
$GPGSV,4,1,14,5,28,134,38,10,08,343,36,12,09,032,,13,03,029,,1*5F
$GPGSV,4,2,14,15,15,069,,16,08,219,,18,68,223,24,20,05,096,25,1*60
$GPGSV,4,3,14,23,37,357,46,25,39,017,49,26,35,232,24,28,15,303,08,1*67
$GPGSV,4,4,14,29,54,127,48,31,17,272,15,1*64
$GPRMC,173008.11,A,3001.74186,S,05112.74733,W,0.72,58.30,090926,,,A,V*14
$GPGGA,173009.11,3001.74195,S,05112.74744,W,1,08,1.00,53.32,M,,M,,*40
$GPGLL,3001.74195,S,05112.74744,W,173009.11,A,A*65
$GPGSA,A,3,05,10,18,23,25,26,29,31,,,,,2.01,1.00,1.74,1*19
$GPGSV,4,1,14,5,28,134,38,10,08,343,35,12,09,032,,13,03,029,,1*5C
$GPGSV,4,2,14,15,15,069,,16,08,219,27,18,68,223,23,20,05,096,24,1*63
$GPGSV,4,3,14,23,37,357,46,25,39,017,49,26,35,232,25,28,15,303,10,1*6F
$GPGSV,4,4,14,29,54,127,48,31,17,272,15,1*64
$GPRMC,173009.11,A,3001.74195,S,05112.74744,W,0.27,58.30,090926,,,A,V*17
$GPGGA,173010.11,3001.74198,S,05112.74753,W,1,09,0.97,53.54,M,,M,,*4D
$GPGLL,3001.74198,S,05112.74753,W,173010.11,A,A*66
$GPGSA,A,3,05,10,18,23,25,26,28,29,31,,,,1.97,0.97,1.72,1*16
$GPGSV,4,1,14,5,28,134,38,10,08,343,35,12,09,032,20,13,03,029,,1*5E
$GPGSV,4,2,14,15,15,069,,16,08,219,25,18,68,223,23,20,05,096,26,1*63
$GPGSV,4,3,14,23,37,357,46,25,39,017,49,26,35,232,25,28,15,303,16,1*69
$GPGSV,4,4,14,29,54,127,47,31,17,272,15,1*6B
$GPRMC,173010.11,A,3001.74198,S,05112.74753,W,0.33,58.30,090926,,,A,V*11
$GPGGA,173011.11,3001.74199,S,05112.74757,W,1,09,0.97,53.61,M,,M,,*4F
$GPGLL,3001.74199,S,05112.74757,W,173011.11,A,A*62
$GPGSA,A,3,05,10,18,23,25,26,28,29,31,,,,1.97,0.97,1.72,1*16
$GPGSV,4,1,14,5,28,134,38,10,08,343,35,12,09,032,18,13,03,029,,1*55
$GPGSV,4,2,14,15,15,069,,16,08,219,25,18,68,223,22,20,05,096,25,1*61
$GPGSV,4,3,14,23,37,357,47,25,39,017,49,26,35,232,25,28,15,303,17,1*69
$GPGSV,4,4,14,29,54,127,48,31,17,272,15,1*64
$GPRMC,173011.11,A,3001.74199,S,05112.74757,W,0.15,58.30,090926,,,A,V*11
$GPGGA,173012.11,3001.74203,S,05112.74755,W,1,09,0.97,53.62,M,,M,,*4D
$GPGLL,3001.74203,S,05112.74755,W,173012.11,A,A*63
$GPGSA,A,3,05,10,18,23,25,26,28,29,31,,,,1.97,0.97,1.72,1*16
$GPGSV,4,1,14,5,28,134,38,10,08,343,36,12,09,032,,13,03,029,,1*5F
$GPGSV,4,2,14,15,15,069,,16,08,219,24,18,68,223,22,20,05,096,25,1*60
$GPGSV,4,3,14,23,37,357,47,25,39,017,49,26,35,232,25,28,15,303,15,1*6B
$GPGSV,4,4,14,29,54,127,48,31,17,272,17,1*66
$GPRMC,173012.11,A,3001.74203,S,05112.74755,W,0.02,58.30,090926,,,A,V*16
$GPGGA,173013.11,3001.74206,S,05112.74753,W,1,09,0.97,53.53,M,,M,,*4D
$GPGLL,3001.74206,S,05112.74753,W,173013.11,A,A*61
$GPGSA,A,3,05,10,18,23,25,26,28,29,31,,,,1.97,0.97,1.72,1*16
$GPGSV,4,1,14,5,28,134,38,10,08,343,35,12,09,032,,13,03,029,,1*5C
$GPGSV,4,2,14,15,15,069,,16,08,219,,18,68,223,21,20,05,096,24,1*64
$GPGSV,4,3,14,23,37,357,47,25,39,017,49,26,35,232,24,28,15,303,16,1*69
$GPGSV,4,4,14,29,54,127,48,31,17,272,17,1*66
$GPRMC,173013.11,A,3001.74206,S,05112.74753,W,0.13,58.30,090926,,,A,V*14
$GPGGA,173014.11,3001.74213,S,05112.74767,W,1,09,0.97,53.59,M,,M,,*43
$GPGLL,3001.74213,S,05112.74767,W,173014.11,A,A*65
$GPGSA,A,3,05,10,18,23,25,26,28,29,31,,,,1.97,0.97,1.72,1*16
$GPGSV,4,1,14,5,28,134,38,10,08,343,36,12,09,032,23,13,03,029,,1*5E
$GPGSV,4,2,14,15,15,069,,16,08,219,26,18,68,223,21,20,05,096,26,1*62
$GPGSV,4,3,14,23,37,357,47,25,39,017,49,26,35,232,24,28,15,303,17,1*68
$GPGSV,4,4,14,29,54,127,48,31,17,272,16,1*67
$GPRMC,173014.11,A,3001.74213,S,05112.74767,W,0.08,58.30,090926,,,A,V*1A
$GPGGA,173015.11,3001.74218,S,05112.74775,W,1,10,0.88,53.81,M,,M,,*49
$GPGLL,3001.74218,S,05112.74775,W,173015.11,A,A*6C
$GPGSA,A,3,05,10,12,18,23,25,26,28,29,31,,,1.75,0.88,1.51,1*16
$GPGSV,4,1,14,5,28,134,38,10,08,343,36,12,09,032,22,13,03,029,,1*5F
$GPGSV,4,2,14,15,15,069,,16,08,219,25,18,68,223,22,20,05,096,25,1*61
$GPGSV,4,3,14,23,37,357,47,25,39,017,49,26,35,232,24,28,15,303,18,1*67
$GPGSV,4,4,14,29,54,127,48,31,17,272,16,1*67
$GPRMC,173015.11,A,3001.74218,S,05112.74775,W,0.15,58.30,090926,,,A,V*1F
$GPGGA,173016.11,3001.74218,S,05112.74774,W,1,10,0.88,53.93,M,,M,,*48
$GPGLL,3001.74218,S,05112.74774,W,173016.11,A,A*6E
$GPGSA,A,3,05,10,12,18,23,25,26,28,29,31,,,1.75,0.88,1.51,1*16
$GPGSV,4,1,14,5,28,134,38,10,08,343,36,12,09,032,22,13,03,029,,1*5F
$GPGSV,4,2,14,15,15,069,,16,08,219,25,18,68,223,21,20,05,096,25,1*62
$GPGSV,4,3,14,23,37,357,47,25,39,017,50,26,35,232,23,28,15,303,18,1*68
$GPGSV,4,4,14,29,54,127,48,31,17,272,15,1*64
$GPRMC,173016.11,A,3001.74218,S,05112.74774,W,0.05,58.30,090926,,,A,V*1C
$GPGGA,173017.11,3001.74228,S,05112.74780,W,1,10,0.88,53.94,M,,M,,*46
$GPGLL,3001.74228,S,05112.74780,W,173017.11,A,A*67
$GPGSA,A,3,05,10,12,18,23,25,26,28,29,31,,,1.75,0.88,1.51,1*16
$GPGSV,4,1,14,5,28,134,38,10,08,343,35,12,09,032,21,13,03,029,,1*5F
$GPGSV,4,2,14,15,15,069,,16,08,219,25,18,68,223,21,20,05,096,24,1*63
$GPGSV,4,3,14,23,37,357,47,25,39,017,49,26,35,232,22,28,15,303,18,1*61
$GPGSV,4,4,14,29,54,127,48,31,17,272,15,1*64
$GPRMC,173017.11,A,3001.74228,S,05112.74780,W,0.41,58.30,090926,,,A,V*15
$GPGGA,173018.11,3001.74232,S,05112.74793,W,1,10,0.88,54.29,M,,M,,*41
$GPGLL,3001.74232,S,05112.74793,W,173018.11,A,A*61
$GPGSA,A,3,05,10,12,18,23,25,26,28,29,31,,,1.75,0.88,1.51,1*16
$GPGSV,4,1,14,5,28,134,38,10,08,343,36,12,09,032,21,13,03,029,,1*5C
$GPGSV,4,2,14,15,15,069,,16,08,219,26,18,68,223,21,20,05,096,26,1*62
$GPGSV,4,3,14,23,37,357,47,25,39,017,49,26,35,232,22,28,15,303,18,1*61
$GPGSV,4,4,14,29,54,127,48,31,17,272,17,1*66
$GPRMC,173018.11,A,3001.74232,S,05112.74793,W,0.53,58.30,090926,,,A,V*10
$GPGGA,173019.11,3001.74239,S,05112.74799,W,1,10,0.88,54.14,M,,M,,*4F
$GPGLL,3001.74239,S,05112.74799,W,173019.11,A,A*61
$GPGSA,A,3,05,10,12,18,23,25,26,28,29,31,,,1.75,0.88,1.51,1*16
$GPGSV,4,1,14,5,28,134,38,10,08,343,36,12,09,032,22,13,03,029,,1*5F
$GPGSV,4,2,14,15,15,069,,16,08,219,25,18,68,223,21,20,05,096,26,1*61
$GPGSV,4,3,14,23,37,357,47,25,39,017,49,26,35,232,22,28,15,303,19,1*60
$GPGSV,4,4,14,29,54,127,48,31,17,272,17,1*66
$GPRMC,173019.11,A,3001.74239,S,05112.74799,W,0.13,58.30,090926,,,A,V*14
$GPGGA,173020.11,3001.74247,S,05112.74814,W,1,10,0.88,53.93,M,,M,,*4E
$GPGLL,3001.74247,S,05112.74814,W,173020.11,A,A*68
$GPGSA,A,3,05,10,12,18,23,25,26,28,29,31,,,1.75,0.88,1.51,1*16
$GPGSV,4,1,14,5,28,134,38,10,08,343,35,12,09,032,22,13,03,029,,1*5C
$GPGSV,4,2,14,15,15,069,,16,08,219,24,18,68,223,21,20,05,096,23,1*65
$GPGSV,4,3,14,23,37,357,46,25,39,017,49,26,35,232,21,28,15,303,20,1*68
$GPGSV,4,4,14,29,54,127,48,31,17,272,16,1*67
$GPRMC,173020.11,A,3001.74247,S,05112.74814,W,0.08,58.30,090926,,,A,V*17
$GPGGA,173021.11,3001.74251,S,05112.74819,W,1,10,0.88,54.14,M,,M,,*4D
$GPGLL,3001.74251,S,05112.74819,W,173021.11,A,A*63
$GPGSA,A,3,05,10,12,18,23,25,26,28,29,31,,,1.75,0.88,1.51,1*16
$GPGSV,4,1,14,5,28,134,38,10,08,343,35,12,09,032,22,13,03,029,,1*5C
$GPGSV,4,2,14,15,15,069,,16,08,219,25,18,68,223,21,20,05,096,,1*65
$GPGSV,4,3,14,23,37,357,46,25,39,017,49,26,35,232,20,28,15,303,20,1*69
$GPGSV,4,4,14,29,54,127,48,31,17,272,16,1*67
$GPRMC,173021.11,A,3001.74251,S,05112.74819,W,0.25,58.30,090926,,,A,V*13
$GPGGA,173022.11,3001.74258,S,05112.74832,W,1,09,0.96,54.34,M,,M,,*4B
$GPGLL,3001.74258,S,05112.74832,W,173022.11,A,A*60
$GPGSA,A,3,05,10,12,18,23,25,26,28,29,,,,1.85,0.96,1.58,1*1D
$GPGSV,4,1,14,5,28,134,38,10,08,343,35,12,09,032,22,13,03,029,,1*5C
$GPGSV,4,2,14,15,15,069,,16,08,219,27,18,68,223,21,20,05,096,28,1*6D
$GPGSV,4,3,14,23,37,357,47,25,39,017,49,26,35,232,20,28,15,303,19,1*62
$GPGSV,4,4,14,29,54,127,48,31,17,272,13,1*62
$GPRMC,173022.11,A,3001.74258,S,05112.74832,W,0.32,58.30,090926,,,A,V*16
$GPGGA,173023.11,3001.74266,S,05112.74858,W,1,10,0.88,54.60,M,,M,,*4D
$GPGLL,3001.74266,S,05112.74858,W,173023.11,A,A*60
$GPGSA,A,3,05,10,12,18,23,25,26,28,29,31,,,1.75,0.88,1.51,1*16
$GPGSV,4,1,14,5,28,134,38,10,08,343,35,12,09,032,22,13,03,029,,1*5C
$GPGSV,4,2,14,15,15,069,,16,08,219,25,18,68,223,20,20,05,096,,1*64
$GPGSV,4,3,14,23,37,357,47,25,39,017,49,26,35,232,18,28,15,303,19,1*69
$GPGSV,4,4,14,29,54,127,48,31,17,272,14,1*65
$GPRMC,173023.11,A,3001.74266,S,05112.74858,W,0.66,58.30,090926,,,A,V*17
$GPGGA,173024.11,3001.74279,S,05112.74863,W,1,10,0.88,54.30,M,,M,,*49
$GPGLL,3001.74279,S,05112.74863,W,173024.11,A,A*61
$GPGSA,A,3,05,10,12,18,23,25,26,28,29,31,,,1.75,0.88,1.51,1*16
$GPGSV,4,1,14,5,28,134,38,10,08,343,35,12,09,032,21,13,03,029,,1*5F
$GPGSV,4,2,14,15,15,069,,16,08,219,24,18,68,223,19,20,05,096,26,1*6B
$GPGSV,4,3,14,23,37,357,47,25,39,017,49,26,35,232,17,28,15,303,18,1*67
$GPGSV,4,4,14,29,54,127,48,31,17,272,16,1*67
$GPRMC,173024.11,A,3001.74279,S,05112.74863,W,0.34,58.30,090926,,,A,V*11
$GPGGA,173025.11,3001.74292,S,05112.74885,W,1,10,0.88,54.45,M,,M,,*47
$GPGLL,3001.74292,S,05112.74885,W,173025.11,A,A*6D
$GPGSA,A,3,05,10,12,18,23,25,26,28,29,31,,,1.75,0.88,1.51,1*16
$GPGSV,4,1,14,5,28,134,38,10,08,343,35,12,09,032,21,13,03,029,,1*5F
$GPGSV,4,2,14,15,15,069,,16,08,219,24,18,68,223,20,20,05,096,25,1*62
$GPGSV,4,3,14,23,37,357,47,25,39,017,49,26,35,232,16,28,15,303,18,1*66
$GPGSV,4,4,14,29,54,127,48,31,17,272,15,1*64
$GPRMC,173025.11,A,3001.74292,S,05112.74885,W,0.28,58.30,090926,,,A,V*10
$GPGGA,173026.11,3001.74301,S,05112.74914,W,1,10,0.88,54.68,M,,M,,*49
$GPGLL,3001.74301,S,05112.74914,W,173026.11,A,A*6C
$GPGSA,A,3,05,10,12,18,23,25,26,28,29,31,,,1.75,0.88,1.51,1*16
$GPGSV,4,1,14,5,28,134,38,10,08,343,35,12,09,032,22,13,03,029,,1*5C
$GPGSV,4,2,14,15,15,069,,16,08,219,,18,68,223,21,20,05,096,25,1*65
$GPGSV,4,3,14,23,37,357,47,25,39,017,49,26,35,232,16,28,15,303,18,1*66
$GPGSV,4,4,14,29,54,127,48,31,17,272,13,1*62
$GPRMC,173026.11,A,3001.74301,S,05112.74914,W,0.64,58.30,090926,,,A,V*19
$GPGGA,173027.11,3001.74303,S,05112.74929,W,1,09,0.96,54.67,M,,M,,*4C
$GPGLL,3001.74303,S,05112.74929,W,173027.11,A,A*61
$GPGSA,A,3,05,10,12,18,23,25,26,28,29,,,,1.85,0.96,1.58,1*1D
$GPGSV,4,1,14,5,28,134,38,10,08,343,35,12,09,032,22,13,03,029,,1*5C
$GPGSV,4,2,14,15,15,069,,16,08,219,,18,68,223,22,20,05,096,25,1*66
$GPGSV,4,3,14,23,37,357,46,25,39,017,49,26,35,232,15,28,15,303,17,1*6B
$GPGSV,4,4,14,29,54,127,48,31,17,272,12,1*63
$GPRMC,173027.11,A,3001.74303,S,05112.74929,W,0.07,58.30,090926,,,A,V*11
$GPGGA,173028.11,3001.74305,S,05112.74927,W,1,10,0.88,54.79,M,,M,,*43
$GPGLL,3001.74305,S,05112.74927,W,173028.11,A,A*66
$GPGSA,A,3,05,10,12,18,23,25,26,28,29,31,,,1.75,0.88,1.51,1*16
$GPGSV,4,1,14,5,28,134,38,10,08,343,35,12,09,032,21,13,03,029,,1*5F
$GPGSV,4,2,14,15,15,069,,16,08,219,26,18,68,223,22,20,05,096,27,1*60
$GPGSV,4,3,14,23,37,357,47,25,39,017,49,26,35,232,15,28,15,303,16,1*6B
$GPGSV,4,4,14,29,54,127,48,31,17,272,13,1*62
$GPRMC,173028.11,A,3001.74305,S,05112.74927,W,0.03,58.30,090926,,,A,V*12
$GPGGA,173029.11,3001.74300,S,05112.74926,W,1,09,0.96,55.06,M,,M,,*48
$GPGLL,3001.74300,S,05112.74926,W,173029.11,A,A*63
$GPGSA,A,3,05,10,12,18,23,25,28,29,31,,,,1.79,0.96,1.51,1*11
$GPGSV,4,1,14,5,28,134,38,10,08,343,35,12,09,032,21,13,03,029,,1*5F
$GPGSV,4,2,14,15,15,069,,16,08,219,25,18,68,223,22,20,05,096,25,1*61
$GPGSV,4,3,14,23,37,357,46,25,39,017,49,26,35,232,12,28,15,303,16,1*6D
$GPGSV,4,4,14,29,54,127,48,31,17,272,15,1*64
$GPRMC,173029.11,A,3001.74300,S,05112.74926,W,0.11,58.30,090926,,,A,V*14
$GPGGA,173030.11,3001.74300,S,05112.74934,W,1,08,1.14,55.18,M,,M,,*46
$GPGLL,3001.74300,S,05112.74934,W,173030.11,A,A*68
$GPGSA,A,3,05,10,12,18,23,25,28,29,,,,,1.98,1.14,1.62,1*17
$GPGSV,4,1,14,5,28,134,38,10,08,343,35,12,09,032,21,13,03,029,,1*5F
$GPGSV,4,2,14,15,15,069,,16,08,219,24,18,68,223,22,20,05,096,25,1*60
$GPGSV,4,3,14,23,37,357,46,25,39,017,49,26,35,232,12,28,15,303,16,1*6D
$GPGSV,4,4,14,29,54,127,48,31,17,272,08,1*68
$GPRMC,173030.11,A,3001.74300,S,05112.74934,W,0.05,58.30,090926,,,A,V*1A
$GPGGA,173031.11,3001.74304,S,05112.74947,W,1,08,1.14,55.43,M,,M,,*49
$GPGLL,3001.74304,S,05112.74947,W,173031.11,A,A*69
$GPGSA,A,3,05,10,12,18,23,25,28,29,,,,,1.98,1.14,1.61,1*14
$GPGSV,4,1,14,5,28,134,38,10,08,343,36,12,09,032,21,13,03,029,,1*5C
$GPGSV,4,2,14,15,15,069,,16,08,219,24,18,68,223,22,20,05,096,,1*67
$GPGSV,4,3,14,23,37,357,47,25,39,017,49,26,35,232,09,28,15,303,16,1*66
$GPGSV,4,4,14,29,54,127,48,31,17,272,23,1*61
$GPRMC,173031.11,A,3001.74304,S,05112.74947,W,0.25,58.30,090926,,,A,V*19
$GPGGA,173032.11,3001.74314,S,05112.74978,W,1,08,1.14,55.37,M,,M,,*44
$GPGLL,3001.74314,S,05112.74978,W,173032.11,A,A*67
$GPGSA,A,3,05,10,12,18,23,25,28,29,,,,,1.98,1.14,1.61,1*14
$GPGSV,4,1,14,5,28,134,39,10,08,343,35,12,09,032,21,13,03,029,,1*5E
$GPGSV,4,2,14,15,15,069,,16,08,219,27,18,68,223,22,20,05,096,,1*64
$GPGSV,4,3,14,23,37,357,46,25,39,017,49,26,35,232,10,28,15,303,17,1*6E
$GPGSV,4,4,14,29,54,127,48,31,17,272,15,1*64
$GPRMC,173032.11,A,3001.74314,S,05112.74978,W,0.14,58.30,090926,,,A,V*15
$GPGGA,173033.11,3001.74318,S,05112.74995,W,1,08,1.14,55.48,M,,M,,*42
$GPGLL,3001.74318,S,05112.74995,W,173033.11,A,A*69
$GPGSA,A,3,05,10,12,18,23,25,28,29,,,,,1.98,1.14,1.61,1*14
$GPGSV,4,1,14,5,28,134,39,10,08,343,35,12,09,032,21,13,03,029,,1*5E
$GPGSV,4,2,14,15,15,069,,16,08,219,25,18,68,223,21,20,05,096,26,1*61
$GPGSV,4,3,14,23,37,357,46,25,39,017,49,26,35,232,03,28,15,303,17,1*6C
$GPGSV,4,4,14,29,54,127,48,31,17,272,04,1*64
$GPRMC,173033.11,A,3001.74318,S,05112.74995,W,0.11,58.30,090926,,,A,V*1E
$GPGGA,173034.11,3001.74323,S,05112.75015,W,1,08,1.14,55.72,M,,M,,*44
$GPGLL,3001.74323,S,05112.75015,W,173034.11,A,A*66
$GPGSA,A,3,05,10,12,18,23,25,28,29,,,,,1.98,1.14,1.61,1*14
$GPGSV,4,1,14,5,28,134,38,10,08,343,35,12,09,032,21,13,03,029,,1*5F
$GPGSV,4,2,14,15,15,069,,16,08,219,24,18,68,223,21,20,05,096,25,1*63
$GPGSV,4,3,14,23,37,357,46,25,39,017,49,26,35,232,07,28,15,303,17,1*68
$GPGSV,4,4,14,29,54,127,48,31,17,272,00,1*60
$GPRMC,173034.11,A,3001.74323,S,05112.75015,W,0.17,58.30,090926,,,A,V*17
$GPGGA,173035.11,3001.74325,S,05112.75032,W,1,08,1.14,55.85,M,,M,,*4E
$GPGLL,3001.74325,S,05112.75032,W,173035.11,A,A*64
$GPGSA,A,3,05,10,12,18,23,25,28,29,,,,,1.98,1.14,1.61,1*14
$GPGSV,4,1,14,5,28,134,38,10,08,343,35,12,09,032,20,13,03,029,,1*5E
$GPGSV,4,2,14,15,15,069,,16,08,219,25,18,68,223,22,20,05,096,25,1*61
$GPGSV,4,3,14,23,37,357,46,25,39,017,49,26,35,232,05,28,15,303,17,1*6A
$GPGSV,4,4,14,29,54,127,48,31,17,272,26,1*64
$GPRMC,173035.11,A,3001.74325,S,05112.75032,W,0.36,58.30,090926,,,A,V*16
$GPGGA,173036.11,3001.74332,S,05112.75066,W,1,08,1.14,55.68,M,,M,,*49
$GPGLL,3001.74332,S,05112.75066,W,173036.11,A,A*60
$GPGSA,A,3,05,10,12,18,23,25,28,29,,,,,1.98,1.14,1.61,1*14
$GPGSV,4,1,15,5,28,134,38,10,08,343,36,12,09,032,20,13,03,029,,1*5C
$GPGSV,4,2,15,15,15,069,,16,08,219,,18,68,223,22,20,05,096,25,1*67
$GPGSV,4,3,15,23,37,357,46,25,39,017,49,26,35,232,06,28,15,303,17,1*68
$GPGSV,4,4,15,29,54,127,48,31,17,272,25,193,,,27,1*58
$GPRMC,173036.11,A,3001.74332,S,05112.75066,W,0.44,58.30,090926,,,A,V*17
$GPGGA,173037.11,3001.74338,S,05112.75088,W,1,08,1.14,55.53,M,,M,,*4A
$GPGLL,3001.74338,S,05112.75088,W,173037.11,A,A*6B
$GPGSA,A,3,05,10,12,18,23,25,28,29,,,,,1.98,1.14,1.61,1*14
$GPGSV,4,1,15,5,28,134,38,10,08,343,36,12,09,032,20,13,03,029,,1*5C
$GPGSV,4,2,15,15,15,069,,16,08,219,,18,68,223,21,20,05,096,,1*63
$GPGSV,4,3,15,23,37,357,46,25,39,017,49,26,35,232,08,28,15,303,17,1*66
$GPGSV,4,4,15,29,54,127,48,31,17,272,25,193,,,25,1*5A
$GPRMC,173037.11,A,3001.74338,S,05112.75088,W,0.07,58.30,090926,,,A,V*1B
$GPGGA,173038.11,3001.74340,S,05112.75107,W,1,08,1.14,55.64,M,,M,,*48
$GPGLL,3001.74340,S,05112.75107,W,173038.11,A,A*6D
$GPGSA,A,3,05,10,12,18,23,25,28,29,,,,,1.98,1.14,1.61,1*14
$GPGSV,4,1,15,5,28,134,38,10,08,343,36,12,09,032,19,13,03,029,,1*56
$GPGSV,4,2,15,15,15,069,,16,08,219,26,18,68,223,20,20,05,096,,1*66
$GPGSV,4,3,15,23,37,357,46,25,39,017,49,26,35,232,06,28,15,303,19,1*66
$GPGSV,4,4,15,29,54,127,48,31,17,272,25,193,,,25,1*5A
$GPRMC,173038.11,A,3001.74340,S,05112.75107,W,0.29,58.30,090926,,,A,V*11
$GPGGA,173039.11,3001.74348,S,05112.75130,W,1,08,1.14,55.62,M,,M,,*43
$GPGLL,3001.74348,S,05112.75130,W,173039.11,A,A*60
$GPGSA,A,3,05,10,12,18,23,25,28,29,,,,,1.98,1.14,1.61,1*14
$GPGSV,4,1,15,5,28,134,38,10,08,343,35,12,09,032,19,13,03,029,,1*55
$GPGSV,4,2,15,15,15,069,,16,08,219,25,18,68,223,20,20,05,096,26,1*61
$GPGSV,4,3,15,23,37,357,46,25,39,017,49,26,35,232,05,28,15,303,20,1*6F
$GPGSV,4,4,15,29,54,127,48,31,17,272,,193,,,24,1*5C
$GPRMC,173039.11,A,3001.74348,S,05112.75130,W,0.12,58.30,090926,,,A,V*14
$GPGGA,173040.11,3001.74351,S,05112.75156,W,1,08,1.14,55.76,M,,M,,*40
$GPGLL,3001.74351,S,05112.75156,W,173040.11,A,A*66
$GPGSA,A,3,05,10,12,18,23,25,28,29,,,,,1.98,1.14,1.61,1*14
$GPGSV,4,1,14,5,28,134,39,10,08,343,35,12,09,032,18,13,03,029,,1*54
$GPGSV,4,2,14,15,15,069,,16,08,219,24,18,68,223,21,20,05,096,25,1*63
$GPGSV,4,3,14,23,37,357,46,25,39,017,49,26,35,232,00,28,15,303,20,1*6B
$GPGSV,4,4,14,29,54,127,48,31,17,272,,1*60
$GPRMC,173040.11,A,3001.74351,S,05112.75156,W,0.35,58.30,090926,,,A,V*17
$GPGGA,173041.11,3001.74356,S,05112.75181,W,1,08,1.14,55.81,M,,M,,*44
$GPGLL,3001.74356,S,05112.75181,W,173041.11,A,A*6A
$GPGSA,A,3,05,10,12,18,23,25,28,29,,,,,1.98,1.14,1.61,1*14
$GPGSV,4,1,14,5,28,134,39,10,08,343,36,12,09,032,19,13,03,029,,1*56
$GPGSV,4,2,14,15,15,069,,16,08,219,25,18,68,223,21,20,05,096,24,1*63
$GPGSV,4,3,14,23,37,357,45,25,39,017,49,26,35,232,08,28,15,303,20,1*60
$GPGSV,4,4,14,29,54,127,48,31,17,272,,1*60
$GPRMC,173041.11,A,3001.74356,S,05112.75181,W,0.45,58.30,090926,,,A,V*1C
$GPGGA,173042.11,3001.74364,S,05112.75200,W,1,08,1.14,55.74,M,,M,,*46
$GPGLL,3001.74364,S,05112.75200,W,173042.11,A,A*62
$GPGSA,A,3,05,10,12,18,23,25,28,29,,,,,1.98,1.14,1.61,1*14
$GPGSV,4,1,14,5,28,134,39,10,08,343,35,12,09,032,20,13,03,029,,1*5F
$GPGSV,4,2,14,15,15,069,,16,08,219,25,18,68,223,20,20,05,096,25,1*63
$GPGSV,4,3,14,23,37,357,46,25,39,017,49,26,35,232,04,28,15,303,21,1*6E
$GPGSV,4,4,14,29,54,127,48,31,17,272,,1*60
$GPRMC,173042.11,A,3001.74364,S,05112.75200,W,0.37,58.30,090926,,,A,V*11
$GPGGA,173043.11,3001.74368,S,05112.75225,W,1,08,1.14,56.01,M,,M,,*4D
$GPGLL,3001.74368,S,05112.75225,W,173043.11,A,A*68
$GPGSA,A,3,05,10,12,18,23,25,28,29,,,,,1.98,1.14,1.61,1*14
$GPGSV,4,1,14,5,28,134,39,10,08,343,36,12,09,032,19,13,03,029,,1*56
$GPGSV,4,2,14,15,15,069,,16,08,219,25,18,68,223,20,20,05,096,,1*64
$GPGSV,4,3,14,23,37,357,46,25,39,017,49,26,35,232,11,28,15,303,22,1*69
$GPGSV,4,4,14,29,54,127,48,31,17,272,,1*60
$GPRMC,173043.11,A,3001.74368,S,05112.75225,W,0.25,58.30,090926,,,A,V*18
$GPGGA,173044.11,3001.74367,S,05112.75229,W,1,08,1.14,56.05,M,,M,,*4D
$GPGLL,3001.74367,S,05112.75229,W,173044.11,A,A*6C
$GPGSA,A,3,05,10,12,18,23,25,28,29,,,,,1.98,1.14,1.61,1*14
$GPGSV,4,1,14,5,28,134,38,10,08,343,35,12,09,032,19,13,03,029,,1*54
$GPGSV,4,2,14,15,15,069,,16,08,219,24,18,68,223,19,20,05,096,,1*6F
$GPGSV,4,3,14,23,37,357,46,25,39,017,49,26,35,232,08,28,15,303,22,1*61
$GPGSV,4,4,14,29,54,127,48,31,17,272,,1*60
$GPRMC,173044.11,A,3001.74367,S,05112.75229,W,0.16,58.30,090926,,,A,V*1C
$GPGGA,173045.11,3001.74370,S,05112.75245,W,1,08,1.14,56.09,M,,M,,*4C
$GPGLL,3001.74370,S,05112.75245,W,173045.11,A,A*61
$GPGSA,A,3,05,10,12,18,23,25,28,29,,,,,1.98,1.14,1.61,1*14
$GPGSV,4,1,14,5,28,134,38,10,08,343,35,12,09,032,19,13,03,029,,1*54
$GPGSV,4,2,14,15,15,069,,16,08,219,25,18,68,223,19,20,05,096,,1*6E
$GPGSV,4,3,14,23,37,357,46,25,39,017,49,26,35,232,11,28,15,303,22,1*69
$GPGSV,4,4,14,29,54,127,48,31,17,272,,1*60
$GPRMC,173045.11,A,3001.74370,S,05112.75245,W,0.26,58.30,090926,,,A,V*12
$GPGGA,173046.11,3001.74367,S,05112.75247,W,1,08,1.14,56.08,M,,M,,*4A
$GPGLL,3001.74367,S,05112.75247,W,173046.11,A,A*66
$GPGSA,A,3,05,10,12,18,23,25,28,29,,,,,1.98,1.14,1.61,1*14
$GPGSV,4,1,15,5,28,134,38,10,08,343,35,12,09,032,19,13,03,029,,1*55
$GPGSV,4,2,15,15,15,069,,16,08,219,29,18,68,223,19,20,05,096,26,1*67
$GPGSV,4,3,15,23,37,357,45,25,39,017,49,26,35,232,15,28,15,303,22,1*6F
$GPGSV,4,4,15,29,54,127,48,31,17,272,,201,,,27,1*57
$GPRMC,173046.11,A,3001.74367,S,05112.75247,W,0.05,58.30,090926,,,A,V*14
$GPGGA,173047.11,3001.74368,S,05112.75269,W,1,08,1.14,56.31,M,,M,,*42
$GPGLL,3001.74368,S,05112.75269,W,173047.11,A,A*64
$GPGSA,A,3,05,10,12,18,23,25,28,29,,,,,1.98,1.14,1.61,1*14
$GPGSV,4,1,15,5,28,134,38,10,08,343,35,12,09,032,18,13,03,029,,1*54
$GPGSV,4,2,15,15,15,069,,16,08,219,25,18,68,223,18,20,05,096,24,1*68
$GPGSV,4,3,15,23,37,357,45,25,39,017,49,26,35,232,15,28,15,303,22,1*6F
$GPGSV,4,4,15,29,54,127,48,31,17,272,,201,,,25,1*55
$GPRMC,173047.11,A,3001.74368,S,05112.75269,W,0.19,58.30,090926,,,A,V*1B
$GPGGA,173048.11,3001.74367,S,05112.75277,W,1,08,1.14,56.38,M,,M,,*44
$GPGLL,3001.74367,S,05112.75277,W,173048.11,A,A*6B
$GPGSA,A,3,05,10,12,18,23,25,28,29,,,,,1.98,1.14,1.61,1*14
$GPGSV,4,1,15,5,28,134,38,10,08,343,35,12,09,032,17,13,03,029,,1*5B
$GPGSV,4,2,15,15,15,069,,16,08,219,24,18,68,223,19,20,05,096,,1*6E
$GPGSV,4,3,15,23,37,357,46,25,39,017,49,26,35,232,07,28,15,303,22,1*6F
$GPGSV,4,4,15,29,54,127,48,31,17,272,,201,,,25,1*55
$GPRMC,173048.11,A,3001.74367,S,05112.75277,W,0.30,58.30,090926,,,A,V*1F
$GPGGA,173049.11,3001.74365,S,05112.75264,W,1,08,1.14,56.15,M,,M,,*4A
$GPGLL,3001.74365,S,05112.75264,W,173049.11,A,A*6A
$GPGSA,A,3,05,10,12,18,23,25,28,29,,,,,1.98,1.14,1.61,1*14
$GPGSV,4,1,14,5,28,134,38,10,08,343,35,12,09,032,16,13,03,029,,1*5B
$GPGSV,4,2,14,15,15,069,,16,08,219,24,18,68,223,18,20,05,096,,1*6E
$GPGSV,4,3,14,23,37,357,45,25,39,017,49,26,35,232,12,28,15,303,23,1*68
$GPGSV,4,4,14,29,54,127,49,31,17,272,,1*61
$GPRMC,173049.11,A,3001.74365,S,05112.75264,W,0.18,58.30,090926,,,A,V*14
$GPGGA,173050.11,3001.74368,S,05112.75281,W,1,08,1.14,55.88,M,,M,,*43
$GPGLL,3001.74368,S,05112.75281,W,173050.11,A,A*64
$GPGSA,A,3,05,10,12,18,23,25,28,29,,,,,1.98,1.14,1.61,1*14
$GPGSV,4,1,14,5,28,134,38,10,08,343,35,12,09,032,17,13,03,029,,1*5A
$GPGSV,4,2,14,15,15,069,,16,08,219,27,18,68,223,18,20,05,096,26,1*69
$GPGSV,4,3,14,23,37,357,45,25,39,017,49,26,35,232,11,28,15,303,23,1*6B
$GPGSV,4,4,14,29,54,127,48,31,17,272,,1*60
$GPRMC,173050.11,A,3001.74368,S,05112.75281,W,0.11,58.30,090926,,,A,V*13
$GPGGA,173051.11,3001.74365,S,05112.75290,W,1,08,1.14,56.06,M,,M,,*4A
$GPGLL,3001.74365,S,05112.75290,W,173051.11,A,A*68
$GPGSA,A,3,05,10,12,18,23,25,28,29,,,,,1.98,1.14,1.61,1*14
$GPGSV,4,1,15,5,28,134,39,10,08,343,35,12,09,032,15,13,03,029,,1*58
$GPGSV,4,2,15,15,15,069,,16,08,219,26,18,68,223,19,20,05,096,25,1*6B
$GPGSV,4,3,15,23,37,357,45,25,39,017,49,26,35,232,12,28,15,303,23,1*69
$GPGSV,4,4,15,29,54,127,49,31,17,272,,201,,,27,1*56
$GPRMC,173051.11,A,3001.74365,S,05112.75290,W,0.21,58.30,090926,,,A,V*1C
$GPGGA,173052.11,3001.74364,S,05112.75289,W,1,07,1.30,55.83,M,,M,,*47
$GPGLL,3001.74364,S,05112.75289,W,173052.11,A,A*62
$GPGSA,A,3,05,10,18,23,25,28,29,,,,,,2.19,1.30,1.77,1*1C
$GPGSV,4,1,15,5,28,134,39,10,08,343,35,12,09,032,12,13,03,029,,1*5F
$GPGSV,4,2,15,15,15,069,,16,08,219,25,18,68,223,20,20,05,096,25,1*62
$GPGSV,4,3,15,23,37,357,46,25,39,017,49,26,35,232,11,28,15,303,23,1*69
$GPGSV,4,4,15,29,54,127,48,31,17,272,,193,,,26,1*5E
$GPRMC,173052.11,A,3001.74364,S,05112.75289,W,0.09,58.30,090926,,,A,V*1C
$GPGGA,173053.11,3001.74358,S,05112.75284,W,1,08,1.14,55.80,M,,M,,*4E
$GPGLL,3001.74358,S,05112.75284,W,173053.11,A,A*61
$GPGSA,A,3,05,10,12,18,23,25,28,29,,,,,1.98,1.14,1.61,1*14
$GPGSV,4,1,15,5,28,134,39,10,08,343,35,12,09,032,13,13,03,029,,1*5E
$GPGSV,4,2,15,15,15,069,,16,08,219,25,18,68,223,20,20,05,096,24,1*63
$GPGSV,4,3,15,23,37,357,46,25,39,017,49,26,35,232,16,28,15,303,24,1*69
$GPGSV,4,4,15,29,54,127,48,31,17,272,,193,,,25,1*5D
$GPRMC,173053.11,A,3001.74358,S,05112.75284,W,0.08,58.30,090926,,,A,V*1E
$GPGGA,173054.11,3001.74354,S,05112.75289,W,1,09,0.96,55.59,M,,M,,*46
$GPGLL,3001.74354,S,05112.75289,W,173054.11,A,A*67
$GPGSA,A,3,05,10,12,18,23,25,26,28,29,,,,1.84,0.96,1.57,1*13
$GPGSV,4,1,15,5,28,134,39,10,08,343,35,12,09,032,14,13,03,029,,1*59
$GPGSV,4,2,15,15,15,069,,16,08,219,24,18,68,223,21,20,05,096,27,1*60
$GPGSV,4,3,15,23,37,357,45,25,39,017,49,26,35,232,16,28,15,303,24,1*6A
$GPGSV,4,4,15,29,54,127,49,31,17,272,,193,,,26,1*5F
$GPRMC,173054.11,A,3001.74354,S,05112.75289,W,0.16,58.30,090926,,,A,V*17
$GPGGA,173055.11,3001.74353,S,05112.75265,W,1,08,1.05,55.21,M,,M,,*47
$GPGLL,3001.74353,S,05112.75265,W,173055.11,A,A*63
$GPGSA,A,3,05,10,18,23,25,26,28,29,,,,,2.05,1.05,1.76,1*12
$GPGSV,4,1,15,5,28,134,39,10,08,343,35,12,09,032,13,13,03,029,,1*5E
$GPGSV,4,2,15,15,15,069,,16,08,219,25,18,68,223,21,20,05,096,25,1*63
$GPGSV,4,3,15,23,37,357,45,25,39,017,49,26,35,232,15,28,15,303,25,1*68
$GPGSV,4,4,15,29,54,127,48,31,17,272,,193,,,25,1*5D
$GPRMC,173055.11,A,3001.74353,S,05112.75265,W,0.03,58.30,090926,,,A,V*17
$GPGGA,173056.11,3001.74354,S,05112.75256,W,1,08,1.05,55.16,M,,M,,*47
$GPGLL,3001.74354,S,05112.75256,W,173056.11,A,A*67
$GPGSA,A,3,05,10,18,23,25,26,28,29,,,,,2.05,1.05,1.76,1*12
$GPGSV,4,1,14,5,28,134,39,10,08,343,35,12,09,032,13,13,03,029,,1*5F
$GPGSV,4,2,14,15,15,069,,16,08,219,25,18,68,223,20,20,05,096,25,1*63
$GPGSV,4,3,14,23,37,357,45,25,39,017,49,26,35,232,14,28,15,303,24,1*69
$GPGSV,4,4,14,29,54,127,49,31,17,272,,1*61
$GPRMC,173056.11,A,3001.74354,S,05112.75256,W,0.42,58.30,090926,,,A,V*16
$GPGGA,173057.11,3001.74353,S,05112.75250,W,1,07,1.30,54.98,M,,M,,*49
$GPGLL,3001.74353,S,05112.75250,W,173057.11,A,A*67
$GPGSA,A,3,05,10,18,23,25,28,29,,,,,,2.19,1.30,1.77,1*1C
$GPGSV,4,1,14,5,28,134,38,10,08,343,35,12,09,032,11,13,03,029,,1*5C
$GPGSV,4,2,14,15,15,069,,16,08,219,24,18,68,223,21,20,05,096,25,1*63
$GPGSV,4,3,14,23,37,357,45,25,39,017,49,26,35,232,12,28,15,303,24,1*6F
$GPGSV,4,4,14,29,54,127,49,31,17,272,,1*61
$GPRMC,173057.11,A,3001.74353,S,05112.75250,W,0.17,58.30,090926,,,A,V*16
$GPGGA,173058.11,3001.74348,S,05112.75249,W,1,07,1.30,55.05,M,,M,,*41
$GPGLL,3001.74348,S,05112.75249,W,173058.11,A,A*6A
$GPGSA,A,3,05,10,18,23,25,28,29,,,,,,2.19,1.30,1.77,1*1C
$GPGSV,4,1,14,5,28,134,38,10,08,343,35,12,09,032,10,13,03,029,,1*5D
$GPGSV,4,2,14,15,15,069,,16,08,219,24,18,68,223,22,20,05,096,25,1*60
$GPGSV,4,3,14,23,37,357,45,25,39,017,49,26,35,232,13,28,15,303,23,1*69
$GPGSV,4,4,14,29,54,127,48,31,17,272,,1*60
$GPRMC,173058.11,A,3001.74348,S,05112.75249,W,0.33,58.30,090926,,,A,V*1D
$GPGGA,173059.11,3001.74342,S,05112.75245,W,1,07,1.30,54.99,M,,M,,*42
$GPGLL,3001.74342,S,05112.75245,W,173059.11,A,A*6D
$GPGSA,A,3,05,10,18,23,25,28,29,,,,,,2.19,1.30,1.77,1*1C
$GPGSV,4,1,14,5,28,134,38,10,08,343,35,12,09,032,13,13,03,029,,1*5E
$GPGSV,4,2,14,15,15,069,,16,08,219,25,18,68,223,22,20,05,096,24,1*60
$GPGSV,4,3,14,23,37,357,45,25,39,017,48,26,35,232,10,28,15,303,23,1*6B
$GPGSV,4,4,14,29,54,127,48,31,17,272,,1*60
$GPRMC,173059.11,A,3001.74342,S,05112.75245,W,0.13,58.30,090926,,,A,V*18
$GPGGA,173100.11,3001.74335,S,05112.75237,W,1,07,1.30,54.99,M,,M,,*4A
$GPGLL,3001.74335,S,05112.75237,W,173100.11,A,A*65
$GPGSA,A,3,05,10,18,23,25,28,29,,,,,,2.19,1.30,1.77,1*1C
$GPGSV,4,1,15,5,28,134,38,10,09,343,35,12,08,031,09,13,02,029,,1*56
$GPGSV,4,2,15,15,15,069,,16,08,219,24,18,68,222,22,20,05,096,24,1*61
$GPGSV,4,3,15,23,38,357,45,25,39,017,48,26,35,232,12,28,15,304,23,1*60
$GPGSV,4,4,15,29,54,126,48,31,17,273,,201,,,27,1*57
$GPRMC,173100.11,A,3001.74335,S,05112.75237,W,0.09,58.30,090926,,,A,V*1B
$GPGGA,173101.11,3001.74334,S,05112.75233,W,1,07,1.30,54.82,M,,M,,*44
$GPGLL,3001.74334,S,05112.75233,W,173101.11,A,A*61
$GPGSA,A,3,05,10,18,23,25,28,29,,,,,,2.19,1.30,1.77,1*1C
$GPGSV,4,1,15,5,28,134,38,10,09,343,35,12,08,031,00,13,02,029,,1*5F
$GPGSV,4,2,15,15,15,069,,16,08,219,24,18,68,222,22,20,05,096,24,1*61
$GPGSV,4,3,15,23,38,357,45,25,39,017,49,26,35,232,09,28,15,304,24,1*6C
$GPGSV,4,4,15,29,54,126,48,31,17,273,,201,,,25,1*55
$GPRMC,173101.11,A,3001.74334,S,05112.75233,W,0.20,58.30,090926,,,A,V*14
$GPGGA,173102.11,3001.74333,S,05112.75212,W,1,07,1.30,54.67,M,,M,,*48
$GPGLL,3001.74333,S,05112.75212,W,173102.11,A,A*66
$GPGSA,A,3,05,10,18,23,25,28,29,,,,,,2.19,1.30,1.77,1*1C
$GPGSV,4,1,14,5,28,134,38,10,09,343,35,12,08,031,01,13,02,029,,1*5F
$GPGSV,4,2,14,15,15,069,,16,08,219,25,18,68,222,23,20,05,096,,1*66
$GPGSV,4,3,14,23,38,357,45,25,39,017,48,26,35,232,00,28,15,304,23,1*62
$GPGSV,4,4,14,29,54,126,48,31,17,273,,1*60
$GPRMC,173102.11,A,3001.74333,S,05112.75212,W,0.15,58.30,090926,,,A,V*15
$GPGGA,173103.11,3001.74331,S,05112.75182,W,1,07,1.30,54.36,M,,M,,*45
$GPGLL,3001.74331,S,05112.75182,W,173103.11,A,A*6F
$GPGSA,A,3,05,10,18,23,25,28,29,,,,,,2.19,1.30,1.77,1*1C
$GPGSV,4,1,14,5,28,134,37,10,09,343,35,12,08,031,04,13,02,029,,1*55
$GPGSV,4,2,14,15,15,069,,16,08,219,27,18,68,222,23,20,05,096,,1*64
$GPGSV,4,3,14,23,38,357,45,25,39,017,48,26,35,232,03,28,15,304,23,1*61
$GPGSV,4,4,14,29,54,126,48,31,17,273,,1*60
$GPRMC,173103.11,A,3001.74331,S,05112.75182,W,0.03,58.30,090926,,,A,V*1B
$GPGGA,173104.11,3001.74330,S,05112.75169,W,1,07,1.30,54.20,M,,M,,*41
$GPGLL,3001.74330,S,05112.75169,W,173104.11,A,A*6C
$GPGSA,A,3,05,10,18,23,25,28,29,,,,,,2.19,1.30,1.77,1*1C
$GPGSV,4,1,14,5,28,134,37,10,09,343,35,12,08,031,08,13,02,029,,1*59
$GPGSV,4,2,14,15,15,069,,16,08,219,25,18,68,222,23,20,05,096,26,1*62
$GPGSV,4,3,14,23,38,357,45,25,39,017,48,26,35,232,05,28,15,304,23,1*67
$GPGSV,4,4,14,29,54,126,48,31,17,273,,1*60
$GPRMC,173104.11,A,3001.74330,S,05112.75169,W,0.26,58.30,090926,,,A,V*1F
$GPGGA,173105.11,3001.74330,S,05112.75160,W,1,07,1.30,53.96,M,,M,,*43
$GPGLL,3001.74330,S,05112.75160,W,173105.11,A,A*64
$GPGSA,A,3,05,10,18,23,25,28,29,,,,,,2.19,1.30,1.77,1*1C
$GPGSV,4,1,14,5,28,134,37,10,09,343,35,12,08,031,00,13,02,029,,1*51
$GPGSV,4,2,14,15,15,069,,16,08,219,25,18,68,222,23,20,05,096,25,1*61
$GPGSV,4,3,14,23,38,357,45,25,39,017,48,26,35,232,03,28,15,304,23,1*61
$GPGSV,4,4,14,29,54,126,48,31,17,273,20,1*62
$GPRMC,173105.11,A,3001.74330,S,05112.75160,W,0.02,58.30,090926,,,A,V*11
$GPGGA,173106.11,3001.74326,S,05112.75164,W,1,07,1.30,54.07,M,,M,,*4C
$GPGLL,3001.74326,S,05112.75164,W,173106.11,A,A*64
$GPGSA,A,3,05,10,18,23,25,28,29,,,,,,2.19,1.30,1.77,1*1C
$GPGSV,4,1,14,5,28,134,37,10,09,343,35,12,08,031,00,13,02,029,,1*51
$GPGSV,4,2,14,15,15,069,,16,08,219,25,18,68,222,23,20,05,096,25,1*61
$GPGSV,4,3,14,23,38,357,45,25,39,017,48,26,35,232,07,28,15,304,22,1*64
$GPGSV,4,4,14,29,54,126,48,31,17,273,12,1*63
$GPRMC,173106.11,A,3001.74326,S,05112.75164,W,0.18,58.30,090926,,,A,V*1A
$GPGGA,173107.11,3001.74331,S,05112.75155,W,1,07,1.30,53.59,M,,M,,*45
$GPGLL,3001.74331,S,05112.75155,W,173107.11,A,A*61
$GPGSA,A,3,05,10,18,23,25,28,29,,,,,,2.19,1.30,1.77,1*1C
$GPGSV,4,1,14,5,28,134,37,10,09,343,35,12,08,031,12,13,02,029,,1*52
$GPGSV,4,2,14,15,15,069,,16,08,219,,18,68,222,23,20,05,096,20,1*63
$GPGSV,4,3,14,23,38,357,45,25,39,017,48,26,35,232,08,28,15,304,22,1*6B
$GPGSV,4,4,14,29,54,126,48,31,17,273,13,1*62
$GPRMC,173107.11,A,3001.74331,S,05112.75155,W,0.03,58.30,090926,,,A,V*15
$GPGGA,173108.11,3001.74334,S,05112.75142,W,1,07,1.30,53.14,M,,M,,*40
$GPGLL,3001.74334,S,05112.75142,W,173108.11,A,A*6D
$GPGSA,A,3,05,10,18,23,25,28,29,,,,,,2.19,1.30,1.77,1*1C
$GPGSV,4,1,14,5,28,134,38,10,09,343,35,12,08,031,15,13,02,029,,1*5A
$GPGSV,4,2,14,15,15,069,,16,08,219,,18,68,222,23,20,05,096,26,1*65
$GPGSV,4,3,14,23,38,357,45,25,39,017,48,26,35,232,13,28,15,304,21,1*62
$GPGSV,4,4,14,29,54,126,48,31,17,273,15,1*64
$GPRMC,173108.11,A,3001.74334,S,05112.75142,W,0.07,58.30,090926,,,A,V*1D
$GPGGA,173109.11,3001.74335,S,05112.75132,W,1,07,1.30,52.87,M,,M,,*4C
$GPGLL,3001.74335,S,05112.75132,W,173109.11,A,A*6A
$GPGSA,A,3,05,10,18,23,25,28,29,,,,,,2.19,1.30,1.77,1*1C
$GPGSV,4,1,14,5,28,134,38,10,09,343,35,12,08,031,15,13,02,029,,1*5A
$GPGSV,4,2,14,15,15,069,,16,08,219,,18,68,222,23,20,05,096,25,1*66
$GPGSV,4,3,14,23,38,357,45,25,39,017,48,26,35,232,12,28,15,304,21,1*63
$GPGSV,4,4,14,29,54,126,48,31,17,273,29,1*6B
$GPRMC,173109.11,A,3001.74335,S,05112.75132,W,0.03,58.30,090926,,,A,V*1E
$GPGGA,173110.11,3001.74334,S,05112.75123,W,1,07,1.30,52.64,M,,M,,*48
$GPGLL,3001.74334,S,05112.75123,W,173110.11,A,A*63
$GPGSA,A,3,05,10,18,23,25,28,29,,,,,,2.19,1.30,1.77,1*1C
$GPGSV,4,1,14,5,28,134,38,10,09,343,35,12,08,031,15,13,02,029,,1*5A
$GPGSV,4,2,14,15,15,069,,16,08,219,25,18,68,222,23,20,05,096,25,1*61
$GPGSV,4,3,14,23,38,357,45,25,39,017,48,26,35,232,09,28,15,304,21,1*69
$GPGSV,4,4,14,29,54,126,48,31,17,273,26,1*64
$GPRMC,173110.11,A,3001.74334,S,05112.75123,W,0.01,58.30,090926,,,A,V*15
$GPGGA,173111.11,3001.74331,S,05112.75121,W,1,07,1.30,52.70,M,,M,,*4B
$GPGLL,3001.74331,S,05112.75121,W,173111.11,A,A*65
$GPGSA,A,3,05,10,18,23,25,28,29,,,,,,2.19,1.30,1.77,1*1C
$GPGSV,4,1,14,5,28,134,38,10,09,343,35,12,08,031,13,13,02,029,,1*5C
$GPGSV,4,2,14,15,15,069,,16,08,219,24,18,68,222,23,20,05,096,25,1*60
$GPGSV,4,3,14,23,38,357,45,25,39,017,49,26,35,232,08,28,15,304,21,1*69
$GPGSV,4,4,14,29,54,126,49,31,17,273,25,1*66
$GPRMC,173111.11,A,3001.74331,S,05112.75121,W,0.18,58.30,090926,,,A,V*1B
$GPGGA,173112.11,3001.74333,S,05112.75120,W,1,07,1.30,52.51,M,,M,,*48
$GPGLL,3001.74333,S,05112.75120,W,173112.11,A,A*65
$GPGSA,A,3,05,10,18,23,25,28,29,,,,,,2.19,1.30,1.77,1*1C
$GPGSV,4,1,14,5,28,134,37,10,09,343,35,12,08,031,14,13,02,029,,1*54
$GPGSV,4,2,14,15,15,069,,16,08,219,24,18,68,222,23,20,05,096,,1*67
$GPGSV,4,3,14,23,38,357,45,25,39,017,49,26,35,232,00,28,15,304,21,1*61
$GPGSV,4,4,14,29,54,126,49,31,17,273,24,1*67
$GPRMC,173112.11,A,3001.74333,S,05112.75120,W,0.28,58.30,090926,,,A,V*18
$GPGGA,173113.11,3001.74333,S,05112.75134,W,1,07,1.30,52.52,M,,M,,*4F
$GPGLL,3001.74333,S,05112.75134,W,173113.11,A,A*61
$GPGSA,A,3,05,10,18,23,25,28,29,,,,,,2.19,1.30,1.77,1*1C
$GPGSV,4,1,14,5,28,134,38,10,09,343,35,12,08,031,14,13,02,029,,1*5B
$GPGSV,4,2,14,15,15,069,,16,08,219,25,18,68,222,23,20,05,096,,1*66
$GPGSV,4,3,14,23,38,357,45,25,39,017,49,26,35,232,06,28,15,304,21,1*67
$GPGSV,4,4,14,29,54,126,48,31,17,273,,1*60
$GPRMC,173113.11,A,3001.74333,S,05112.75134,W,0.25,58.30,090926,,,A,V*11
$GPGGA,173114.11,3001.74328,S,05112.75130,W,1,07,1.30,52.77,M,,M,,*41
$GPGLL,3001.74328,S,05112.75130,W,173114.11,A,A*68
$GPGSA,A,3,05,10,18,23,25,28,29,,,,,,2.19,1.30,1.77,1*1C
$GPGSV,4,1,14,5,28,134,38,10,09,343,35,12,08,031,15,13,02,029,,1*5A
$GPGSV,4,2,14,15,15,069,,16,08,219,27,18,68,222,23,20,05,096,26,1*60
$GPGSV,4,3,14,23,38,357,45,25,39,017,48,26,35,232,08,28,15,304,21,1*68
$GPGSV,4,4,14,29,54,126,48,31,17,273,,1*60
$GPRMC,173114.11,A,3001.74328,S,05112.75130,W,0.10,58.30,090926,,,A,V*1E
$GPGGA,173115.11,3001.74330,S,05112.75120,W,1,08,1.14,52.44,M,,M,,*41
$GPGLL,3001.74330,S,05112.75120,W,173115.11,A,A*61
$GPGSA,A,3,05,10,12,18,23,25,28,29,,,,,1.97,1.14,1.61,1*1B
$GPGSV,4,1,14,5,28,134,38,10,09,343,35,12,08,031,16,13,02,029,,1*59
$GPGSV,4,2,14,15,15,069,,16,08,219,25,18,68,222,23,20,05,096,25,1*61
$GPGSV,4,3,14,23,38,357,45,25,39,017,48,26,35,232,03,28,15,304,21,1*63
$GPGSV,4,4,14,29,54,126,48,31,17,273,,1*60
$GPRMC,173115.11,A,3001.74330,S,05112.75120,W,0.06,58.30,090926,,,A,V*10
$GPGGA,173116.11,3001.74326,S,05112.75123,W,1,08,1.14,52.72,M,,M,,*43
$GPGLL,3001.74326,S,05112.75123,W,173116.11,A,A*66
$GPGSA,A,3,05,10,12,18,23,25,28,29,,,,,1.97,1.14,1.61,1*1B
$GPGSV,4,1,15,5,28,134,38,10,09,343,35,12,08,031,17,13,02,029,,1*59
$GPGSV,4,2,15,15,15,069,,16,08,219,25,18,68,222,23,20,05,096,25,1*60
$GPGSV,4,3,15,23,38,357,45,25,39,017,48,26,35,232,03,28,15,304,21,1*62
$GPGSV,4,4,15,29,54,126,49,31,17,273,,201,,,27,1*56
$GPRMC,173116.11,A,3001.74326,S,05112.75123,W,0.04,58.30,090926,,,A,V*15
$GPGGA,173117.11,3001.74321,S,05112.75128,W,1,08,1.14,52.80,M,,M,,*43
$GPGLL,3001.74321,S,05112.75128,W,173117.11,A,A*6B
$GPGSA,A,3,05,10,12,18,23,25,28,29,,,,,1.97,1.14,1.61,1*1B
$GPGSV,4,1,15,5,28,134,38,10,09,343,35,12,08,031,15,13,02,029,,1*5B
$GPGSV,4,2,15,15,15,069,,16,08,219,25,18,68,222,22,20,05,096,25,1*61
$GPGSV,4,3,15,23,38,357,45,25,39,017,48,26,35,232,05,28,15,304,21,1*64
$GPGSV,4,4,15,29,54,126,48,31,17,273,,201,,,25,1*55
$GPRMC,173117.11,A,3001.74321,S,05112.75128,W,0.18,58.30,090926,,,A,V*15
$GPGGA,173118.11,3001.74317,S,05112.75124,W,1,08,1.14,52.89,M,,M,,*4C
$GPGLL,3001.74317,S,05112.75124,W,173118.11,A,A*6D
$GPGSA,A,3,05,10,12,18,23,25,28,29,,,,,1.97,1.14,1.61,1*1B
$GPGSV,4,1,15,5,28,134,38,10,09,343,35,12,08,031,14,13,02,029,,1*5A
$GPGSV,4,2,15,15,15,069,,16,08,219,,18,68,222,22,20,05,096,,1*61
$GPGSV,4,3,15,23,38,357,45,25,39,017,48,26,35,232,04,28,15,304,21,1*65
$GPGSV,4,4,15,29,54,126,48,31,17,273,,201,,,25,1*55
$GPRMC,173118.11,A,3001.74317,S,05112.75124,W,0.09,58.30,090926,,,A,V*13
$GPGGA,173119.11,3001.74311,S,05112.75104,W,1,08,1.14,52.92,M,,M,,*43
$GPGLL,3001.74311,S,05112.75104,W,173119.11,A,A*68
$GPGSA,A,3,05,10,12,18,23,25,28,29,,,,,1.97,1.14,1.61,1*1B
$GPGSV,4,1,14,5,28,134,38,10,09,343,35,12,08,031,15,13,02,029,,1*5A
$GPGSV,4,2,14,15,15,069,,16,08,219,,18,68,222,23,20,05,096,26,1*65
$GPGSV,4,3,14,23,38,357,45,25,39,017,48,26,35,232,09,28,15,304,21,1*69
$GPGSV,4,4,14,29,54,126,49,31,17,273,,1*61
$GPRMC,173119.11,A,3001.74311,S,05112.75104,W,0.03,58.30,090926,,,A,V*1C
$GPGGA,173120.11,3001.74307,S,05112.75105,W,1,08,1.14,53.04,M,,M,,*41
$GPGLL,3001.74307,S,05112.75105,W,173120.11,A,A*64
$GPGSA,A,3,05,10,12,18,23,25,28,29,,,,,1.97,1.14,1.61,1*1B
$GPGSV,4,1,14,5,28,134,38,10,09,343,35,12,08,031,15,13,02,029,,1*5A
$GPGSV,4,2,14,15,15,069,,16,08,219,,18,68,222,22,20,05,096,25,1*67
$GPGSV,4,3,14,23,38,357,45,25,39,017,48,26,35,232,12,28,15,304,22,1*60
$GPGSV,4,4,14,29,54,126,48,31,17,273,,1*60
$GPRMC,173120.11,A,3001.74307,S,05112.75105,W,0.76,58.30,090926,,,A,V*12
$GPGGA,173121.11,3001.74313,S,05112.75123,W,1,08,1.14,52.81,M,,M,,*4D
$GPGLL,3001.74313,S,05112.75123,W,173121.11,A,A*64
$GPGSA,A,3,05,10,12,18,23,25,28,29,,,,,1.97,1.14,1.61,1*1B
$GPGSV,4,1,14,5,28,134,38,10,09,343,35,12,08,031,15,13,02,029,,1*5A
$GPGSV,4,2,14,15,15,069,,16,08,219,,18,68,222,22,20,05,096,24,1*66
$GPGSV,4,3,14,23,38,357,44,25,39,017,48,26,35,232,03,28,15,304,21,1*62
$GPGSV,4,4,14,29,54,126,49,31,17,273,,1*61
$GPRMC,173121.11,A,3001.74313,S,05112.75123,W,0.08,58.30,090926,,,A,V*1B
$GPGGA,173122.11,3001.74306,S,05112.75118,W,1,08,1.14,52.92,M,,M,,*40
$GPGLL,3001.74306,S,05112.75118,W,173122.11,A,A*6B
$GPGSA,A,3,05,10,12,18,23,25,28,29,,,,,1.97,1.14,1.61,1*1B
$GPGSV,4,1,14,5,28,134,38,10,09,343,35,12,08,031,15,13,02,029,,1*5A
$GPGSV,4,2,14,15,15,069,,16,08,219,,18,68,222,22,20,05,096,25,1*67
$GPGSV,4,3,14,23,38,357,45,25,39,017,48,26,35,232,03,28,15,304,20,1*62
$GPGSV,4,4,14,29,54,126,48,31,17,273,,1*60
$GPRMC,173122.11,A,3001.74306,S,05112.75118,W,0.06,58.30,090926,,,A,V*1A
$GPGGA,173123.11,3001.74304,S,05112.75128,W,1,08,1.14,53.26,M,,M,,*4E
$GPGLL,3001.74304,S,05112.75128,W,173123.11,A,A*6B
$GPGSA,A,3,05,10,12,18,23,25,28,29,,,,,1.97,1.14,1.61,1*1B
$GPGSV,4,1,15,5,28,134,38,10,09,343,35,12,08,031,14,13,02,029,,1*5A
$GPGSV,4,2,15,15,15,069,,16,08,219,,18,68,222,22,20,05,096,,1*61
$GPGSV,4,3,15,23,38,357,44,25,39,017,48,26,35,232,08,28,15,304,20,1*69
$GPGSV,4,4,15,29,54,126,48,31,17,273,,201,,,26,1*56
$GPRMC,173123.11,A,3001.74304,S,05112.75128,W,0.08,58.30,090926,,,A,V*14
$GPGGA,173124.11,3001.74305,S,05112.75144,W,1,08,1.14,53.13,M,,M,,*44
$GPGLL,3001.74305,S,05112.75144,W,173124.11,A,A*67
$GPGSA,A,3,05,10,12,18,23,25,28,29,,,,,1.97,1.14,1.61,1*1B
$GPGSV,4,1,15,5,28,134,38,10,09,343,35,12,08,031,14,13,02,029,,1*5A
$GPGSV,4,2,15,15,15,069,,16,08,219,,18,68,222,22,20,05,096,,1*61
$GPGSV,4,3,15,23,38,357,44,25,39,017,48,26,35,232,08,28,15,304,19,1*63
$GPGSV,4,4,15,29,54,126,48,31,17,273,,201,,,25,1*55
$GPRMC,173124.11,A,3001.74305,S,05112.75144,W,0.02,58.30,090926,,,A,V*12
$GPGGA,173125.11,3001.74309,S,05112.75165,W,1,08,1.14,53.08,M,,M,,*40
$GPGLL,3001.74309,S,05112.75165,W,173125.11,A,A*69
$GPGSA,A,3,05,10,12,18,23,25,28,29,,,,,1.97,1.14,1.61,1*1B
$GPGSV,4,1,16,5,28,134,38,10,09,343,35,12,08,031,15,13,02,029,,1*58
$GPGSV,4,2,16,15,15,069,,16,08,219,25,18,68,222,22,20,05,096,,1*65
$GPGSV,4,3,16,23,38,357,45,25,39,017,48,26,35,232,08,28,15,304,18,1*60
$GPGSV,4,4,16,29,54,126,48,31,17,273,,193,,,29,201,,,25,1*66
$GPRMC,173125.11,A,3001.74309,S,05112.75165,W,0.10,58.30,090926,,,A,V*1F
$GPGGA,173126.11,3001.74315,S,05112.75200,W,1,08,1.14,53.34,M,,M,,*41
$GPGLL,3001.74315,S,05112.75200,W,173126.11,A,A*67
$GPGSA,A,3,05,10,12,18,23,25,28,29,,,,,1.97,1.14,1.61,1*1B
$GPGSV,4,1,16,5,28,134,38,10,09,343,35,12,08,031,15,13,02,029,,1*58
$GPGSV,4,2,16,15,15,069,,16,08,219,24,18,68,222,22,20,05,096,,1*64
$GPGSV,4,3,16,23,38,357,45,25,39,017,49,26,35,232,06,28,15,304,18,1*6F
$GPGSV,4,4,16,29,54,126,48,31,17,273,,193,,,25,201,,,25,1*6A
$GPRMC,173126.11,A,3001.74315,S,05112.75200,W,0.10,58.30,090926,,,A,V*11
$GPGGA,173127.11,3001.74314,S,05112.75216,W,1,08,1.14,53.47,M,,M,,*42
$GPGLL,3001.74314,S,05112.75216,W,173127.11,A,A*60
$GPGSA,A,3,05,10,12,18,23,25,28,29,,,,,1.97,1.14,1.61,1*1B
$GPGSV,4,1,15,5,28,134,38,10,09,343,35,12,08,031,15,13,02,029,,1*5B
$GPGSV,4,2,15,15,15,069,,16,08,219,25,18,68,222,22,20,05,096,26,1*62
$GPGSV,4,3,15,23,38,357,45,25,39,017,49,26,35,232,09,28,15,304,17,1*6C
$GPGSV,4,4,15,29,54,126,49,31,17,273,,193,,,25,1*5C
$GPRMC,173127.11,A,3001.74314,S,05112.75216,W,0.18,58.30,090926,,,A,V*1E
$GPGGA,173128.11,3001.74309,S,05112.75217,W,1,08,1.14,53.62,M,,M,,*47
$GPGLL,3001.74309,S,05112.75217,W,173128.11,A,A*62
$GPGSA,A,3,05,10,12,18,23,25,28,29,,,,,1.97,1.14,1.61,1*1B
$GPGSV,4,1,15,5,28,134,38,10,09,343,36,12,08,031,13,13,02,029,,1*5E
$GPGSV,4,2,15,15,15,069,,16,08,219,25,18,68,222,23,20,05,096,25,1*60
$GPGSV,4,3,15,23,38,357,45,25,39,017,48,26,35,232,07,28,15,304,16,1*62
$GPGSV,4,4,15,29,54,126,49,31,17,273,,193,,,25,1*5C
$GPRMC,173128.11,A,3001.74309,S,05112.75217,W,0.06,58.30,090926,,,A,V*13
$GPGGA,173129.11,3001.74307,S,05112.75211,W,1,08,1.14,53.59,M,,M,,*46
$GPGLL,3001.74307,S,05112.75211,W,173129.11,A,A*6B
$GPGSA,A,3,05,10,12,18,23,25,28,29,,,,,1.97,1.14,1.61,1*1B
$GPGSV,4,1,16,5,28,134,37,10,09,343,36,12,08,031,14,13,02,029,,1*55
$GPGSV,4,2,16,15,15,069,,16,08,219,25,18,68,222,23,20,05,096,27,1*61
$GPGSV,4,3,16,23,38,357,45,25,39,017,48,26,35,232,,28,15,304,15,1*65
$GPGSV,4,4,16,29,54,126,49,31,17,273,,197,,,25,201,,,25,1*6F
$GPRMC,173129.11,A,3001.74307,S,05112.75211,W,0.27,58.30,090926,,,A,V*19
$GPGGA,173130.11,3001.74308,S,05112.75191,W,1,08,1.14,53.25,M,,M,,*41
$GPGLL,3001.74308,S,05112.75191,W,173130.11,A,A*67
$GPGSA,A,3,05,10,12,18,23,25,28,29,,,,,1.97,1.14,1.61,1*1B
$GPGSV,4,1,16,5,28,134,38,10,09,343,36,12,08,031,15,13,02,029,,1*5B
$GPGSV,4,2,16,15,15,069,,16,08,219,25,18,68,222,24,20,05,096,25,1*64
$GPGSV,4,3,16,23,38,357,45,25,39,017,48,26,35,232,,28,15,304,16,1*66
$GPGSV,4,4,16,29,54,126,49,31,17,273,,197,,,25,201,,,24,1*6E
$GPRMC,173130.11,A,3001.74308,S,05112.75191,W,0.42,58.30,090926,,,A,V*16
$GPGGA,173131.11,3001.74298,S,05112.75169,W,1,08,1.14,53.40,M,,M,,*4C
$GPGLL,3001.74298,S,05112.75169,W,173131.11,A,A*69
$GPGSA,A,3,05,10,12,18,23,25,28,29,,,,,1.97,1.14,1.61,1*1B
$GPGSV,4,1,16,5,28,134,37,10,09,343,36,12,08,031,15,13,02,029,,1*54
$GPGSV,4,2,16,15,15,069,,16,08,219,24,18,68,222,24,20,05,096,25,1*65
$GPGSV,4,3,16,23,38,357,45,25,39,017,48,26,35,232,,28,15,304,16,1*66
$GPGSV,4,4,16,29,54,126,49,31,17,273,,197,,,24,201,,,24,1*6F
$GPRMC,173131.11,A,3001.74298,S,05112.75169,W,0.28,58.30,090926,,,A,V*14
$GPGGA,173132.11,3001.74296,S,05112.75168,W,1,08,1.14,53.47,M,,M,,*47
$GPGLL,3001.74296,S,05112.75168,W,173132.11,A,A*65
$GPGSA,A,3,05,10,12,18,23,25,28,29,,,,,1.97,1.14,1.61,1*1B
$GPGSV,4,1,16,5,28,134,37,10,09,343,36,12,08,031,15,13,02,029,,1*54
$GPGSV,4,2,16,15,15,069,,16,08,219,24,18,68,222,24,20,05,096,25,1*65
$GPGSV,4,3,16,23,38,357,45,25,39,017,48,26,35,232,,28,15,304,17,1*67
$GPGSV,4,4,16,29,54,126,49,31,17,273,,197,,,26,201,,,24,1*6D
$GPRMC,173132.11,A,3001.74296,S,05112.75168,W,0.04,58.30,090926,,,A,V*16
$GPGGA,173133.11,3001.74294,S,05112.75147,W,1,07,1.30,53.54,M,,M,,*42
$GPGLL,3001.74294,S,05112.75147,W,173133.11,A,A*6B
$GPGSA,A,3,05,10,18,23,25,28,29,,,,,,2.19,1.30,1.77,1*1C
$GPGSV,4,1,14,5,28,134,37,10,09,343,36,12,08,031,12,13,02,029,,1*51
$GPGSV,4,2,14,15,15,069,,16,08,219,,18,68,222,24,20,05,096,,1*66
$GPGSV,4,3,14,23,38,357,45,25,39,017,48,26,35,232,20,28,15,304,17,1*67
$GPGSV,4,4,14,29,54,126,49,31,17,273,,1*61
$GPRMC,173133.11,A,3001.74294,S,05112.75147,W,0.06,58.30,090926,,,A,V*1A
$GPGGA,173134.11,3001.74292,S,05112.75151,W,1,07,1.30,53.52,M,,M,,*42
$GPGLL,3001.74292,S,05112.75151,W,173134.11,A,A*6D
$GPGSA,A,3,05,10,18,23,25,28,29,,,,,,2.19,1.30,1.77,1*1C
$GPGSV,4,1,14,5,28,134,37,10,09,343,36,12,08,031,12,13,02,029,,1*51
$GPGSV,4,2,14,15,15,069,,16,08,219,25,18,68,222,25,20,05,096,,1*60
$GPGSV,4,3,14,23,38,357,45,25,39,017,48,26,35,232,18,28,15,304,19,1*62
$GPGSV,4,4,14,29,54,126,48,31,17,273,,1*60
$GPRMC,173134.11,A,3001.74292,S,05112.75151,W,0.36,58.30,090926,,,A,V*1F
$GPGGA,173135.11,3001.74296,S,05112.75132,W,1,07,1.30,53.11,M,,M,,*45
$GPGLL,3001.74296,S,05112.75132,W,173135.11,A,A*6D
$GPGSA,A,3,05,10,18,23,25,28,29,,,,,,2.19,1.30,1.77,1*1C
$GPGSV,4,1,14,5,28,134,37,10,09,343,36,12,08,031,14,13,02,029,,1*57
$GPGSV,4,2,14,15,15,069,,16,08,219,25,18,68,222,25,20,05,096,27,1*65
$GPGSV,4,3,14,23,38,357,45,25,39,017,48,26,35,232,16,28,15,304,19,1*6C
$GPGSV,4,4,14,29,54,126,49,31,17,273,,1*61
$GPRMC,173135.11,A,3001.74296,S,05112.75132,W,0.19,58.30,090926,,,A,V*12
$GPGGA,173136.11,3001.74299,S,05112.75122,W,1,07,1.30,52.85,M,,M,,*44
$GPGLL,3001.74299,S,05112.75122,W,173136.11,A,A*60
$GPGSA,A,3,05,10,18,23,25,28,29,,,,,,2.19,1.30,1.77,1*1C
$GPGSV,4,1,14,5,28,134,37,10,09,343,36,12,08,031,09,13,02,029,,1*5B
$GPGSV,4,2,14,15,15,069,,16,08,219,26,18,68,222,25,20,05,096,24,1*65
$GPGSV,4,3,14,23,38,357,45,25,39,017,48,26,35,232,28,28,15,304,19,1*61
$GPGSV,4,4,14,29,54,126,49,31,17,273,,1*61
$GPRMC,173136.11,A,3001.74299,S,05112.75122,W,0.07,58.30,090926,,,A,V*10
$GPGGA,173137.11,3001.74299,S,05112.75112,W,1,07,1.30,52.65,M,,M,,*48
$GPGLL,3001.74299,S,05112.75112,W,173137.11,A,A*62
$GPGSA,A,3,05,10,18,23,25,28,29,,,,,,2.19,1.30,1.77,1*1C
$GPGSV,4,1,15,5,28,134,37,10,09,343,36,12,08,031,14,13,02,029,,1*56
$GPGSV,4,2,15,15,15,069,,16,08,219,25,18,68,222,25,20,05,096,25,1*66
$GPGSV,4,3,15,23,38,357,44,25,39,017,48,26,35,232,22,28,15,304,19,1*6B
$GPGSV,4,4,15,29,54,126,49,31,17,273,,201,,,26,1*57
$GPRMC,173137.11,A,3001.74299,S,05112.75112,W,0.18,58.30,090926,,,A,V*1C
$GPGGA,173138.11,3001.74300,S,05112.75112,W,1,07,1.30,52.49,M,,M,,*48
$GPGLL,3001.74300,S,05112.75112,W,173138.11,A,A*6C
$GPGSA,A,3,05,10,18,23,25,28,29,,,,,,2.19,1.30,1.77,1*1C
$GPGSV,4,1,15,5,28,134,37,10,09,343,36,12,08,031,13,13,02,029,,1*51
$GPGSV,4,2,15,15,15,069,,16,08,219,27,18,68,222,25,20,05,096,,1*63
$GPGSV,4,3,15,23,38,357,44,25,39,017,48,26,35,232,19,28,15,304,19,1*63
$GPGSV,4,4,15,29,54,126,48,31,17,273,,201,,,25,1*55
$GPRMC,173138.11,A,3001.74300,S,05112.75112,W,0.29,58.30,090926,,,A,V*10
$GPGGA,173139.11,3001.74306,S,05112.75094,W,1,07,1.30,51.86,M,,M,,*40
$GPGLL,3001.74306,S,05112.75094,W,173139.11,A,A*64
$GPGSA,A,3,05,10,18,23,25,28,29,,,,,,2.19,1.30,1.77,1*1C
$GPGSV,4,1,15,5,28,134,37,10,09,343,36,12,08,031,06,13,02,029,,1*55
$GPGSV,4,2,15,15,15,069,,16,08,219,25,18,68,222,25,20,05,096,26,1*65
$GPGSV,4,3,15,23,38,357,44,25,39,017,48,26,35,232,,28,15,304,20,1*61
$GPGSV,4,4,15,29,54,126,49,31,17,273,,201,,,25,1*54
$GPRMC,173139.11,A,3001.74306,S,05112.75094,W,0.08,58.30,090926,,,A,V*1B
$GPGGA,173140.11,3001.74313,S,05112.75083,W,1,07,1.30,51.36,M,,M,,*47
$GPGLL,3001.74313,S,05112.75083,W,173140.11,A,A*68
$GPGSA,A,3,05,10,18,23,25,28,29,,,,,,2.19,1.30,1.77,1*1C
$GPGSV,4,1,15,5,28,134,37,10,09,343,36,12,08,031,10,13,02,029,,1*52
$GPGSV,4,2,15,15,15,069,,16,08,219,25,18,68,222,25,20,05,096,25,1*66
$GPGSV,4,3,15,23,38,357,45,25,39,017,48,26,35,232,28,28,15,304,19,1*60
$GPGSV,4,4,15,29,54,126,49,31,17,273,,201,,,25,1*54
$GPRMC,173140.11,A,3001.74313,S,05112.75083,W,0.15,58.30,090926,,,A,V*1B
$GPGGA,173141.11,3001.74307,S,05112.75056,W,1,07,1.30,51.19,M,,M,,*46
$GPGLL,3001.74307,S,05112.75056,W,173141.11,A,A*64
$GPGSA,A,3,05,10,18,23,25,28,29,,,,,,2.19,1.30,1.77,1*1C
$GPGSV,4,1,15,5,28,134,37,10,09,343,36,12,08,031,09,13,02,029,,1*5A
$GPGSV,4,2,15,15,15,069,,16,08,219,25,18,68,222,25,20,05,096,26,1*65
$GPGSV,4,3,15,23,38,357,45,25,39,017,48,26,35,232,26,28,15,304,18,1*6F
$GPGSV,4,4,15,29,54,126,49,31,17,273,,197,,,26,1*5B
$GPRMC,173141.11,A,3001.74307,S,05112.75056,W,0.24,58.30,090926,,,A,V*15
$GPGGA,173142.11,3001.74309,S,05112.75042,W,1,07,1.30,50.78,M,,M,,*48
$GPGLL,3001.74309,S,05112.75042,W,173142.11,A,A*6C
$GPGSA,A,3,05,10,18,23,25,28,29,,,,,,2.19,1.30,1.77,1*1C
$GPGSV,4,1,15,5,28,134,37,10,09,343,36,12,08,031,10,13,02,029,,1*52
$GPGSV,4,2,15,15,15,069,,16,08,219,,18,68,222,25,20,05,096,25,1*61
$GPGSV,4,3,15,23,38,357,45,25,39,017,48,26,35,232,25,28,15,304,19,1*6D
$GPGSV,4,4,15,29,54,126,49,31,17,273,,197,,,25,1*58
$GPRMC,173142.11,A,3001.74309,S,05112.75042,W,0.17,58.30,090926,,,A,V*1D
$GPGGA,173143.11,3001.74316,S,05112.75044,W,1,07,1.30,50.70,M,,M,,*49
$GPGLL,3001.74316,S,05112.75044,W,173143.11,A,A*65
$GPGSA,A,3,05,10,18,23,25,28,29,,,,,,2.19,1.30,1.77,1*1C
$GPGSV,4,1,15,5,28,134,37,10,09,343,36,12,08,031,10,13,02,029,,1*52
$GPGSV,4,2,15,15,15,069,,16,08,219,25,18,68,222,25,20,05,096,,1*61
$GPGSV,4,3,15,23,38,357,45,25,39,017,48,26,35,232,27,28,15,304,19,1*6F
$GPGSV,4,4,15,29,54,126,49,31,17,273,,197,,,25,1*58
$GPRMC,173143.11,A,3001.74316,S,05112.75044,W,0.27,58.30,090926,,,A,V*17
$GPGGA,173144.11,3001.74327,S,05112.75061,W,1,07,1.30,50.55,M,,M,,*4C
$GPGLL,3001.74327,S,05112.75061,W,173144.11,A,A*67
$GPGSA,A,3,05,10,18,23,25,28,29,,,,,,2.19,1.30,1.77,1*1C
$GPGSV,4,1,15,5,28,134,37,10,09,343,36,12,08,031,13,13,02,029,,1*51
$GPGSV,4,2,15,15,15,069,,16,08,219,24,18,68,222,25,20,05,096,,1*60
$GPGSV,4,3,15,23,38,357,45,25,39,017,48,26,35,232,30,28,15,304,18,1*68
$GPGSV,4,4,15,29,54,126,49,31,17,273,,197,,,25,1*58
$GPRMC,173144.11,A,3001.74327,S,05112.75061,W,0.24,58.30,090926,,,A,V*16
$GPGGA,173145.11,3001.74330,S,05112.75057,W,1,07,1.30,50.34,M,,M,,*49
$GPGLL,3001.74330,S,05112.75057,W,173145.11,A,A*65
$GPGSA,A,3,05,10,18,23,25,28,29,,,,,,2.19,1.30,1.77,1*1C
$GPGSV,4,1,14,5,28,134,37,10,09,343,36,12,08,031,11,13,02,029,,1*52
$GPGSV,4,2,14,15,15,069,,16,08,219,25,18,68,222,25,20,05,096,,1*60
$GPGSV,4,3,14,23,38,357,45,25,39,017,48,26,35,232,27,28,15,304,18,1*6F
$GPGSV,4,4,14,29,54,126,49,31,17,273,,1*61
$GPRMC,173145.11,A,3001.74330,S,05112.75057,W,0.34,58.30,090926,,,A,V*15
$GPGGA,173146.11,3001.74329,S,05112.75054,W,1,07,1.30,50.34,M,,M,,*41
$GPGLL,3001.74329,S,05112.75054,W,173146.11,A,A*6D
$GPGSA,A,3,05,10,18,23,25,28,29,,,,,,2.19,1.30,1.77,1*1C
$GPGSV,4,1,15,5,28,134,37,10,09,343,36,12,08,031,09,13,02,029,,1*5A
$GPGSV,4,2,15,15,15,069,,16,08,219,25,18,68,222,25,20,05,096,,1*61
$GPGSV,4,3,15,23,38,357,45,25,39,017,48,26,35,232,25,28,15,304,20,1*67
$GPGSV,4,4,15,29,54,126,49,31,17,273,19,197,,,30,1*54
$GPRMC,173146.11,A,3001.74329,S,05112.75054,W,0.11,58.30,090926,,,A,V*1A
$GPGGA,173147.11,3001.74337,S,05112.75067,W,1,07,1.30,50.47,M,,M,,*4B
$GPGLL,3001.74337,S,05112.75067,W,173147.11,A,A*63
$GPGSA,A,3,05,10,18,23,25,28,29,,,,,,2.19,1.30,1.77,1*1C
$GPGSV,4,1,15,5,28,134,37,10,09,343,36,12,08,031,10,13,02,029,,1*52
$GPGSV,4,2,15,15,15,069,,16,08,219,,18,68,222,25,20,05,096,,1*66
$GPGSV,4,3,15,23,38,357,45,25,39,017,48,26,35,232,25,28,15,304,19,1*6D
$GPGSV,4,4,15,29,54,126,49,31,17,273,11,197,,,26,1*5B
$GPRMC,173147.11,A,3001.74337,S,05112.75067,W,0.47,58.30,090926,,,A,V*17
$GPGGA,173148.11,3001.74333,S,05112.75057,W,1,07,1.30,50.52,M,,M,,*47
$GPGLL,3001.74333,S,05112.75057,W,173148.11,A,A*6B
$GPGSA,A,3,05,10,18,23,25,28,29,,,,,,2.19,1.30,1.77,1*1C
$GPGSV,4,1,15,5,28,134,37,10,09,343,36,12,08,031,01,13,02,029,,1*52
$GPGSV,4,2,15,15,15,069,,16,08,219,26,18,68,222,25,20,05,096,,1*62
$GPGSV,4,3,15,23,38,357,45,25,39,017,48,26,35,232,25,28,15,304,19,1*6D
$GPGSV,4,4,15,29,54,126,49,31,17,273,01,197,,,25,1*59
$GPRMC,173148.11,A,3001.74333,S,05112.75057,W,0.15,58.30,090926,,,A,V*18
$GPGGA,173149.11,3001.74327,S,05112.75041,W,1,07,1.30,50.57,M,,M,,*41
$GPGLL,3001.74327,S,05112.75041,W,173149.11,A,A*68
$GPGSA,A,3,05,10,18,23,25,28,29,,,,,,2.19,1.30,1.77,1*1C
$GPGSV,4,1,15,5,28,134,37,10,09,343,37,12,08,031,10,13,02,029,,1*53
$GPGSV,4,2,15,15,15,069,,16,08,219,25,18,68,222,26,20,05,096,,1*62
$GPGSV,4,3,15,23,38,357,45,25,39,017,48,26,35,232,20,28,15,304,19,1*68
$GPGSV,4,4,15,29,54,126,49,31,17,273,00,197,,,25,1*58
$GPRMC,173149.11,A,3001.74327,S,05112.75041,W,0.23,58.30,090926,,,A,V*1E
$GPGGA,173150.11,3001.74323,S,05112.75028,W,1,07,1.30,50.61,M,,M,,*47
$GPGLL,3001.74323,S,05112.75028,W,173150.11,A,A*6B
$GPGSA,A,3,05,10,18,23,25,28,29,,,,,,2.19,1.30,1.77,1*1C
$GPGSV,4,1,15,5,28,134,38,10,09,343,37,12,08,031,06,13,02,029,,1*5B
$GPGSV,4,2,15,15,15,069,,16,08,219,24,18,68,222,26,20,05,096,,1*63
$GPGSV,4,3,15,23,38,357,45,25,39,017,48,26,35,232,20,28,15,304,18,1*69
$GPGSV,4,4,15,29,54,126,49,31,17,273,30,197,,,25,1*5B
$GPRMC,173150.11,A,3001.74323,S,05112.75028,W,0.18,58.30,090926,,,A,V*15
$GPGGA,173151.11,3001.74315,S,05112.75007,W,1,07,1.30,50.92,M,,M,,*42
$GPGLL,3001.74315,S,05112.75007,W,173151.11,A,A*62
$GPGSA,A,3,05,10,18,23,25,28,29,,,,,,2.19,1.30,1.77,1*1C
$GPGSV,4,1,15,5,28,134,38,10,09,343,37,12,08,031,29,13,02,029,,1*56
$GPGSV,4,2,15,15,15,069,,16,08,219,25,18,68,222,26,20,05,096,,1*62
$GPGSV,4,3,15,23,38,357,45,25,39,017,48,26,35,232,16,28,15,304,19,1*6D
$GPGSV,4,4,15,29,54,126,49,31,17,273,25,197,,,26,1*5C
$GPRMC,173151.11,A,3001.74315,S,05112.75007,W,0.05,58.30,090926,,,A,V*10
$GPGGA,173152.11,3001.74305,S,05112.74986,W,1,07,1.30,51.05,M,,M,,*4E
$GPGLL,3001.74305,S,05112.74986,W,173152.11,A,A*61
$GPGSA,A,3,05,10,18,23,25,28,29,,,,,,2.19,1.30,1.77,1*1C
$GPGSV,4,1,15,5,28,134,38,10,09,343,37,12,08,031,26,13,02,029,,1*59
$GPGSV,4,2,15,15,15,069,,16,08,219,,18,68,222,26,20,05,096,,1*65
$GPGSV,4,3,15,23,38,357,45,25,39,017,48,26,35,232,16,28,15,304,20,1*67
$GPGSV,4,4,15,29,54,126,49,31,17,273,24,197,,,24,1*5F
$GPRMC,173152.11,A,3001.74305,S,05112.74986,W,0.08,58.30,090926,,,A,V*1E
$GPGGA,173153.11,3001.74296,S,05112.74965,W,1,07,1.30,51.17,M,,M,,*4A
$GPGLL,3001.74296,S,05112.74965,W,173153.11,A,A*66
$GPGSA,A,3,05,10,18,23,25,28,29,,,,,,2.19,1.30,1.77,1*1C
$GPGSV,4,1,15,5,28,134,38,10,09,343,37,12,08,031,25,13,02,029,,1*5A
$GPGSV,4,2,15,15,15,069,,16,08,219,,18,68,222,26,20,05,096,,1*65
$GPGSV,4,3,15,23,38,357,45,25,39,017,48,26,35,232,16,28,15,304,19,1*6D
$GPGSV,4,4,15,29,54,126,49,31,17,273,24,197,,,25,1*5E
$GPRMC,173153.11,A,3001.74296,S,05112.74965,W,0.01,58.30,090926,,,A,V*10
$GPGGA,173154.11,3001.74280,S,05112.74923,W,1,07,1.30,51.50,M,,M,,*4B
$GPGLL,3001.74280,S,05112.74923,W,173154.11,A,A*64
$GPGSA,A,3,05,10,18,23,25,28,29,,,,,,2.19,1.30,1.77,1*1C
$GPGSV,4,1,15,5,28,134,38,10,09,343,37,12,08,031,25,13,02,029,,1*5A
$GPGSV,4,2,15,15,15,069,,16,08,219,25,18,68,222,27,20,05,096,,1*63
$GPGSV,4,3,15,23,38,357,45,25,39,017,47,26,35,232,27,28,15,304,19,1*60
$GPGSV,4,4,15,29,54,126,49,31,17,273,,197,,,24,1*59
$GPRMC,173154.11,A,3001.74280,S,05112.74923,W,0.68,58.30,090926,,,A,V*1D
$GPGGA,173155.11,3001.74267,S,05112.74899,W,1,07,1.30,51.90,M,,M,,*4F
$GPGLL,3001.74267,S,05112.74899,W,173155.11,A,A*6C
$GPGSA,A,3,05,10,18,23,25,28,29,,,,,,2.19,1.30,1.77,1*1C
$GPGSV,4,1,14,5,28,134,38,10,09,343,37,12,08,031,,13,02,029,,1*5C
$GPGSV,4,2,14,15,15,069,,16,08,219,24,18,68,222,27,20,05,096,,1*63
$GPGSV,4,3,14,23,38,357,45,25,39,017,47,26,35,232,25,28,15,304,20,1*69
$GPGSV,4,4,14,29,54,126,48,31,17,273,,1*60
$GPRMC,173155.11,A,3001.74267,S,05112.74899,W,0.04,58.30,090926,,,A,V*1F
$GPGGA,173156.11,3001.74257,S,05112.74879,W,1,07,1.30,52.14,M,,M,,*4E
$GPGLL,3001.74257,S,05112.74879,W,173156.11,A,A*62
$GPGSA,A,3,05,10,18,23,25,28,29,,,,,,2.19,1.30,1.77,1*1C
$GPGSV,4,1,14,5,28,134,38,10,09,343,36,12,08,031,,13,02,029,,1*5D
$GPGSV,4,2,14,15,15,069,,16,08,219,24,18,68,222,27,20,05,096,26,1*67
$GPGSV,4,3,14,23,38,357,45,25,39,017,47,26,35,232,25,28,15,304,21,1*68
$GPGSV,4,4,14,29,54,126,48,31,17,273,,1*60
$GPRMC,173156.11,A,3001.74257,S,05112.74879,W,0.18,58.30,090926,,,A,V*1C
$GPGGA,173157.11,3001.74248,S,05112.74864,W,1,07,1.30,52.31,M,,M,,*4A
$GPGLL,3001.74248,S,05112.74864,W,173157.11,A,A*61
$GPGSA,A,3,05,10,18,23,25,28,29,,,,,,2.19,1.30,1.77,1*1C
$GPGSV,4,1,15,5,28,134,38,10,09,343,37,12,08,031,,13,02,029,,1*5D
$GPGSV,4,2,15,15,15,069,,16,08,219,25,18,68,222,27,20,05,096,25,1*64
$GPGSV,4,3,15,23,38,357,45,25,39,017,48,26,35,232,25,28,15,304,21,1*66
$GPGSV,4,4,15,29,54,126,48,31,17,273,,197,,,26,1*5A
$GPRMC,173157.11,A,3001.74248,S,05112.74864,W,0.47,58.30,090926,,,A,V*15
$GPGGA,173158.11,3001.74244,S,05112.74856,W,1,07,1.30,52.29,M,,M,,*41
$GPGLL,3001.74244,S,05112.74856,W,173158.11,A,A*63
$GPGSA,A,3,05,10,18,23,25,28,29,,,,,,2.19,1.30,1.77,1*1C
$GPGSV,4,1,15,5,28,134,38,10,09,343,37,12,08,031,18,13,02,029,,1*54
$GPGSV,4,2,15,15,15,069,,16,08,219,,18,68,222,28,20,05,096,25,1*6C
$GPGSV,4,3,15,23,38,357,45,25,39,017,47,26,35,232,28,28,15,304,20,1*65
$GPGSV,4,4,15,29,54,126,48,31,17,273,23,197,,,25,1*58
$GPRMC,173158.11,A,3001.74244,S,05112.74856,W,0.21,58.30,090926,,,A,V*17
$GPGGA,173159.11,3001.74234,S,05112.74832,W,1,07,1.30,52.56,M,,M,,*4D
$GPGLL,3001.74234,S,05112.74832,W,173159.11,A,A*67
$GPGSA,A,3,05,10,18,23,25,28,29,,,,,,2.19,1.30,1.77,1*1C
$GPGSV,4,1,15,5,28,134,38,10,09,343,36,12,08,031,18,13,02,029,,1*55
$GPGSV,4,2,15,15,15,069,,16,08,219,,18,68,222,28,20,05,096,25,1*6C
$GPGSV,4,3,15,23,38,357,45,25,39,017,47,26,35,232,23,28,15,304,20,1*6E
$GPGSV,4,4,15,29,54,126,49,31,17,273,23,197,,,25,1*59
$GPRMC,173159.11,A,3001.74234,S,05112.74832,W,0.04,58.30,090926,,,A,V*14
$GPGGA,173200.11,3001.74227,S,05112.74817,W,1,08,1.07,52.87,M,,M,,*40
$GPGLL,3001.74227,S,05112.74817,W,173200.11,A,A*6D
$GPGSA,A,3,05,10,18,23,25,28,29,31,,,,,2.03,1.07,1.72,1*14
$GPGSV,4,1,15,5,28,134,38,10,09,343,36,12,08,031,13,13,02,029,,1*5E
$GPGSV,4,2,15,15,15,070,,16,09,219,,18,67,220,28,20,05,097,,1*6E
$GPGSV,4,3,15,23,38,357,45,25,38,017,47,26,36,233,17,28,15,304,20,1*6A
$GPGSV,4,4,15,29,54,125,49,31,17,273,23,197,,,25,1*5A
$GPRMC,173200.11,A,3001.74227,S,05112.74817,W,0.06,58.30,090926,,,A,V*1C
$GPGGA,173201.11,3001.74213,S,05112.74785,W,1,08,1.07,53.09,M,,M,,*45
$GPGLL,3001.74213,S,05112.74785,W,173201.11,A,A*6F
$GPGSA,A,3,05,10,18,23,25,28,29,31,,,,,2.03,1.07,1.72,1*14
$GPGSV,4,1,14,5,28,134,38,10,09,343,36,12,08,031,10,13,02,029,,1*5C
$GPGSV,4,2,14,15,15,070,,16,09,219,,18,67,220,28,20,05,097,,1*6F
$GPGSV,4,3,14,23,38,357,45,25,38,017,47,26,36,233,27,28,15,304,20,1*68
$GPGSV,4,4,14,29,54,125,49,31,17,273,23,1*63
$GPRMC,173201.11,A,3001.74213,S,05112.74785,W,0.28,58.30,090926,,,A,V*12
$GPGGA,173202.11,3001.74197,S,05112.74748,W,1,08,1.07,53.45,M,,M,,*40
$GPGLL,3001.74197,S,05112.74748,W,173202.11,A,A*62
$GPGSA,A,3,05,10,18,23,25,28,29,31,,,,,2.03,1.07,1.72,1*14
$GPGSV,4,1,15,5,28,134,38,10,09,343,36,12,08,031,26,13,02,029,,1*58
$GPGSV,4,2,15,15,15,070,,16,09,219,,18,67,220,27,20,05,097,26,1*65
$GPGSV,4,3,15,23,38,357,45,25,38,017,47,26,36,233,25,28,15,304,19,1*61
$GPGSV,4,4,15,29,54,125,49,31,17,273,24,201,,,26,1*52
$GPRMC,173202.11,A,3001.74197,S,05112.74748,W,0.07,58.30,090926,,,A,V*12
$GPGGA,173203.11,3001.74186,S,05112.74726,W,1,08,1.07,53.72,M,,M,,*4D
$GPGLL,3001.74186,S,05112.74726,W,173203.11,A,A*6B
$GPGSA,A,3,05,10,18,23,25,28,29,31,,,,,2.03,1.07,1.72,1*14
$GPGSV,4,1,15,5,28,134,38,10,09,343,36,12,08,031,25,13,02,029,,1*5B
$GPGSV,4,2,15,15,15,070,,16,09,219,,18,67,220,28,20,05,097,25,1*69
$GPGSV,4,3,15,23,38,357,44,25,38,017,47,26,36,233,25,28,15,304,19,1*60
$GPGSV,4,4,15,29,54,125,49,31,17,273,24,201,,,25,1*51
$GPRMC,173203.11,A,3001.74186,S,05112.74726,W,0.05,58.30,090926,,,A,V*19
$GPGGA,173204.11,3001.74183,S,05112.74717,W,1,08,1.07,53.83,M,,M,,*43
$GPGLL,3001.74183,S,05112.74717,W,173204.11,A,A*6B
$GPGSA,A,3,05,10,18,23,25,28,29,31,,,,,2.03,1.07,1.72,1*14
$GPGSV,4,1,14,5,28,134,38,10,09,343,36,12,08,031,25,13,02,029,,1*5A
$GPGSV,4,2,14,15,15,070,,16,09,219,26,18,67,220,27,20,05,097,25,1*63
$GPGSV,4,3,14,23,38,357,44,25,38,017,47,26,36,233,25,28,15,304,18,1*60
$GPGSV,4,4,14,29,54,125,49,31,17,273,24,1*64
$GPRMC,173204.11,A,3001.74183,S,05112.74717,W,0.07,58.30,090926,,,A,V*1B
$GPGGA,173205.11,3001.74171,S,05112.74697,W,1,08,1.07,54.14,M,,M,,*4F
$GPGLL,3001.74171,S,05112.74697,W,173205.11,A,A*6E
$GPGSA,A,3,05,10,18,23,25,28,29,31,,,,,2.03,1.07,1.72,1*14
$GPGSV,4,1,14,5,28,134,38,10,09,343,36,12,08,031,26,13,02,029,,1*59
$GPGSV,4,2,14,15,15,070,,16,09,219,25,18,67,220,27,20,05,097,26,1*63
$GPGSV,4,3,14,23,38,357,45,25,38,017,47,26,36,233,26,28,15,304,18,1*62
$GPGSV,4,4,14,29,54,125,49,31,17,273,24,1*64
$GPRMC,173205.11,A,3001.74171,S,05112.74697,W,0.15,58.30,090926,,,A,V*1D
$GPGGA,173206.11,3001.74167,S,05112.74685,W,1,08,1.07,54.27,M,,M,,*48
$GPGLL,3001.74167,S,05112.74685,W,173206.11,A,A*69
$GPGSA,A,3,05,10,18,23,25,28,29,31,,,,,2.03,1.07,1.72,1*14
$GPGSV,4,1,15,5,28,134,38,10,09,343,36,12,08,031,25,13,02,029,,1*5B
$GPGSV,4,2,15,15,15,070,,16,09,219,25,18,67,220,27,20,05,097,,1*66
$GPGSV,4,3,15,23,38,357,45,25,38,017,47,26,36,233,25,28,15,304,17,1*6F
$GPGSV,4,4,15,29,54,125,49,31,17,273,25,201,,,26,1*53
$GPRMC,173206.11,A,3001.74167,S,05112.74685,W,0.01,58.30,090926,,,A,V*1F
$GPGGA,173207.11,3001.74158,S,05112.74670,W,1,08,1.07,54.56,M,,M,,*49
$GPGLL,3001.74158,S,05112.74670,W,173207.11,A,A*6E
$GPGSA,A,3,05,10,18,23,25,28,29,31,,,,,2.03,1.07,1.72,1*14
$GPGSV,4,1,15,5,28,134,38,10,09,343,36,12,08,031,25,13,02,029,,1*5B
$GPGSV,4,2,15,15,15,070,,16,09,219,25,18,67,220,26,20,05,097,,1*67
$GPGSV,4,3,15,23,38,357,45,25,38,017,47,26,36,233,25,28,15,304,16,1*6E
$GPGSV,4,4,15,29,54,125,49,31,17,273,24,201,,,25,1*51
$GPRMC,173207.11,A,3001.74158,S,05112.74670,W,0.02,58.30,090926,,,A,V*1B
$GPGGA,173208.11,3001.74151,S,05112.74665,W,1,08,1.07,54.62,M,,M,,*4C
$GPGLL,3001.74151,S,05112.74665,W,173208.11,A,A*6C
$GPGSA,A,3,05,10,18,23,25,28,29,31,,,,,2.03,1.07,1.72,1*14
$GPGSV,4,1,15,5,28,134,38,10,09,343,36,12,08,031,24,13,02,029,,1*5A
$GPGSV,4,2,15,15,15,070,,16,09,219,,18,67,220,26,20,05,097,,1*60
$GPGSV,4,3,15,23,38,357,45,25,38,017,48,26,36,233,25,28,15,304,15,1*62
$GPGSV,4,4,15,29,54,125,49,31,17,273,24,201,,,25,1*51
$GPRMC,173208.11,A,3001.74151,S,05112.74665,W,0.61,58.30,090926,,,A,V*1C
$GPGGA,173209.11,3001.74138,S,05112.74643,W,1,08,1.07,55.02,M,,M,,*41
$GPGLL,3001.74138,S,05112.74643,W,173209.11,A,A*66
$GPGSA,A,3,05,10,18,23,25,28,29,31,,,,,2.03,1.07,1.72,1*14
$GPGSV,4,1,15,5,28,134,38,10,09,343,36,12,08,031,27,13,02,029,,1*59
$GPGSV,4,2,15,15,15,070,,16,09,219,,18,67,220,25,20,05,097,25,1*64
$GPGSV,4,3,15,23,38,357,45,25,38,017,47,26,36,233,28,28,15,304,16,1*63
$GPGSV,4,4,15,29,54,125,49,31,17,273,25,201,,,25,1*50
$GPRMC,173209.11,A,3001.74138,S,05112.74643,W,0.03,58.30,090926,,,A,V*12
$GPGGA,173210.11,3001.74131,S,05112.74629,W,1,08,1.07,55.08,M,,M,,*46
$GPGLL,3001.74131,S,05112.74629,W,173210.11,A,A*6B
$GPGSA,A,3,05,10,18,23,25,28,29,31,,,,,2.03,1.07,1.72,1*14
$GPGSV,4,1,14,5,28,134,37,10,09,343,36,12,08,031,26,13,02,029,,1*56
$GPGSV,4,2,14,15,15,070,,16,09,219,26,18,67,220,25,20,05,097,25,1*61
$GPGSV,4,3,14,23,38,357,44,25,38,017,47,26,36,233,27,28,15,304,17,1*6D
$GPGSV,4,4,14,29,54,125,49,31,17,273,24,1*64
$GPRMC,173210.11,A,3001.74131,S,05112.74629,W,0.34,58.30,090926,,,A,V*1B
$GPGGA,173211.11,3001.74119,S,05112.74618,W,1,08,1.07,55.45,M,,M,,*46
$GPGLL,3001.74119,S,05112.74618,W,173211.11,A,A*62
$GPGSA,A,3,05,10,18,23,25,28,29,31,,,,,2.03,1.07,1.72,1*14
$GPGSV,4,1,14,5,28,134,37,10,09,343,36,12,08,031,26,13,02,029,,1*56
$GPGSV,4,2,14,15,15,070,,16,09,219,25,18,67,220,25,20,05,097,,1*65
$GPGSV,4,3,14,23,38,357,45,25,38,017,47,26,36,233,25,28,15,304,16,1*6F
$GPGSV,4,4,14,29,54,125,49,31,17,273,24,1*64
$GPRMC,173211.11,A,3001.74119,S,05112.74618,W,0.07,58.30,090926,,,A,V*12
$GPGGA,173212.11,3001.74118,S,05112.74627,W,1,08,1.07,55.53,M,,M,,*4F
$GPGLL,3001.74118,S,05112.74627,W,173212.11,A,A*6C
$GPGSA,A,3,05,10,18,23,25,28,29,31,,,,,2.03,1.07,1.72,1*14
$GPGSV,4,1,14,5,28,134,37,10,09,343,36,12,08,031,25,13,02,029,,1*55
$GPGSV,4,2,14,15,15,070,,16,09,219,24,18,67,220,25,20,05,097,26,1*60
$GPGSV,4,3,14,23,38,357,45,25,38,017,47,26,36,233,25,28,15,304,17,1*6E
$GPGSV,4,4,14,29,54,125,49,31,17,273,24,1*64
$GPRMC,173212.11,A,3001.74118,S,05112.74627,W,0.43,58.30,090926,,,A,V*1C
$GPGGA,173213.11,3001.74115,S,05112.74615,W,1,08,1.07,55.63,M,,M,,*41
$GPGLL,3001.74115,S,05112.74615,W,173213.11,A,A*61
$GPGSA,A,3,05,10,18,23,25,28,29,31,,,,,2.03,1.07,1.72,1*14
$GPGSV,4,1,14,5,28,134,37,10,09,343,36,12,08,031,,13,02,029,,1*52
$GPGSV,4,2,14,15,15,070,,16,09,219,24,18,67,220,25,20,05,097,25,1*63
$GPGSV,4,3,14,23,38,357,45,25,38,017,48,26,36,233,25,28,15,304,15,1*63
$GPGSV,4,4,14,29,54,125,49,31,17,273,24,1*64
$GPRMC,173213.11,A,3001.74115,S,05112.74615,W,0.13,58.30,090926,,,A,V*14
$GPGGA,173214.11,3001.74114,S,05112.74616,W,1,08,1.07,55.76,M,,M,,*40
$GPGLL,3001.74114,S,05112.74616,W,173214.11,A,A*64
$GPGSA,A,3,05,10,18,23,25,28,29,31,,,,,2.03,1.07,1.72,1*14
$GPGSV,4,1,15,5,28,134,37,10,09,343,36,12,08,031,,13,02,029,,1*53
$GPGSV,4,2,15,15,15,070,,16,09,219,,18,67,220,25,20,05,097,25,1*64
$GPGSV,4,3,15,23,38,357,45,25,38,017,48,26,36,233,24,28,15,304,15,1*63
$GPGSV,4,4,15,29,54,125,49,31,17,273,24,201,,,26,1*52
$GPRMC,173214.11,A,3001.74114,S,05112.74616,W,0.19,58.30,090926,,,A,V*1B
$GPGGA,173215.11,3001.74125,S,05112.74646,W,1,07,1.11,55.83,M,,M,,*44
$GPGLL,3001.74125,S,05112.74646,W,173215.11,A,A*62
$GPGSA,A,3,05,10,18,23,25,29,31,,,,,,2.07,1.11,1.75,1*1A
$GPGSV,4,1,15,5,28,134,36,10,09,343,36,12,08,031,,13,02,029,,1*52
$GPGSV,4,2,15,15,15,070,,16,09,219,25,18,67,220,25,20,05,097,25,1*63
$GPGSV,4,3,15,23,38,357,44,25,38,017,47,26,36,233,,28,15,304,07,1*68
$GPGSV,4,4,15,29,54,125,49,31,17,273,24,201,,,24,1*50
$GPRMC,173215.11,A,3001.74125,S,05112.74646,W,0.28,58.30,090926,,,A,V*1F
$GPGGA,173216.11,3001.74134,S,05112.74644,W,1,07,1.11,55.21,M,,M,,*4D
$GPGLL,3001.74134,S,05112.74644,W,173216.11,A,A*63
$GPGSA,A,3,05,10,18,23,25,29,31,,,,,,2.07,1.11,1.75,1*1A
$GPGSV,4,1,15,5,28,134,36,10,09,343,36,12,08,031,,13,02,029,,1*52
$GPGSV,4,2,15,15,15,070,,16,09,219,24,18,67,220,24,20,05,097,26,1*60
$GPGSV,4,3,15,23,38,357,45,25,38,017,47,26,36,233,23,28,15,304,08,1*67
$GPGSV,4,4,15,29,54,125,48,31,17,273,23,201,,,25,1*57
$GPRMC,173216.11,A,3001.74134,S,05112.74644,W,0.12,58.30,090926,,,A,V*17
$GPGGA,173217.11,3001.74135,S,05112.74648,W,1,07,1.11,55.21,M,,M,,*41
$GPGLL,3001.74135,S,05112.74648,W,173217.11,A,A*6F
$GPGSA,A,3,05,10,18,23,25,29,31,,,,,,2.07,1.11,1.75,1*1A
$GPGSV,4,1,15,5,28,134,36,10,09,343,36,12,08,031,,13,02,029,,1*52
$GPGSV,4,2,15,15,15,070,,16,09,219,25,18,67,220,24,20,05,097,25,1*62
$GPGSV,4,3,15,23,38,357,44,25,38,017,47,26,36,233,22,28,15,304,14,1*6A
$GPGSV,4,4,15,29,54,125,49,31,17,273,22,201,,,24,1*56
$GPRMC,173217.11,A,3001.74135,S,05112.74648,W,0.18,58.30,090926,,,A,V*11
$GPGGA,173218.11,3001.74126,S,05112.74648,W,1,07,1.11,55.30,M,,M,,*4C
$GPGLL,3001.74126,S,05112.74648,W,173218.11,A,A*62
$GPGSA,A,3,05,10,18,23,25,29,31,,,,,,2.07,1.11,1.75,1*1A
$GPGSV,4,1,16,5,28,134,36,10,09,343,35,12,08,031,,13,02,029,,1*52
$GPGSV,4,2,16,15,15,070,,16,09,219,24,18,67,220,23,20,05,097,,1*60
$GPGSV,4,3,16,23,38,357,44,25,38,017,47,26,36,233,27,28,15,304,15,1*6D
$GPGSV,4,4,16,29,54,125,49,31,17,273,23,197,,,28,201,,,26,1*63
$GPRMC,173218.11,A,3001.74126,S,05112.74648,W,0.50,58.30,090926,,,A,V*10
$GPGGA,173219.11,3001.74126,S,05112.74632,W,1,08,1.07,54.87,M,,M,,*45
$GPGLL,3001.74126,S,05112.74632,W,173219.11,A,A*6E
$GPGSA,A,3,05,10,18,23,25,28,29,31,,,,,2.03,1.07,1.72,1*14
$GPGSV,4,1,16,5,28,134,36,10,09,343,35,12,08,031,,13,02,029,,1*52
$GPGSV,4,2,16,15,15,070,,16,09,219,,18,67,220,23,20,05,097,,1*66
$GPGSV,4,3,16,23,38,357,44,25,38,017,47,26,36,233,28,28,15,304,16,1*61
$GPGSV,4,4,16,29,54,125,49,31,17,273,23,197,,,25,201,,,25,1*6D
$GPRMC,173219.11,A,3001.74126,S,05112.74632,W,0.10,58.30,090926,,,A,V*18
$GPGGA,173220.11,3001.74124,S,05112.74627,W,1,08,1.07,54.72,M,,M,,*43
$GPGLL,3001.74124,S,05112.74627,W,173220.11,A,A*62
$GPGSA,A,3,05,10,18,23,25,28,29,31,,,,,2.03,1.07,1.72,1*14
$GPGSV,4,1,16,5,28,134,36,10,09,343,35,12,08,031,,13,02,029,,1*52
$GPGSV,4,2,16,15,15,070,,16,09,219,,18,67,220,23,20,05,097,26,1*62
$GPGSV,4,3,16,23,38,357,44,25,38,017,48,26,36,233,26,28,15,304,16,1*60
$GPGSV,4,4,16,29,54,125,49,31,17,273,22,197,,,25,201,,,25,1*6C
$GPRMC,173220.11,A,3001.74124,S,05112.74627,W,0.67,58.30,090926,,,A,V*14
$GPGGA,173221.11,3001.74119,S,05112.74634,W,1,08,1.07,55.01,M,,M,,*4B
$GPGLL,3001.74119,S,05112.74634,W,173221.11,A,A*6F
$GPGSA,A,3,05,10,18,23,25,28,29,31,,,,,2.03,1.07,1.72,1*14
$GPGSV,4,1,15,5,28,134,36,10,09,343,36,12,08,031,,13,02,029,,1*52
$GPGSV,4,2,15,15,15,070,,16,09,219,,18,67,220,23,20,05,097,25,1*62
$GPGSV,4,3,15,23,38,357,45,25,38,017,48,26,36,233,25,28,15,304,17,1*60
$GPGSV,4,4,15,29,54,125,49,31,17,273,22,201,,,24,1*56
$GPRMC,173221.11,A,3001.74119,S,05112.74634,W,0.15,58.30,090926,,,A,V*1C
$GPGGA,173222.11,3001.74110,S,05112.74629,W,1,08,1.07,55.32,M,,M,,*4D
$GPGLL,3001.74110,S,05112.74629,W,173222.11,A,A*69
$GPGSA,A,3,05,10,18,23,25,28,29,31,,,,,2.03,1.07,1.72,1*14
$GPGSV,4,1,15,5,28,134,36,10,09,343,35,12,08,031,,13,02,029,,1*51
$GPGSV,4,2,15,15,15,070,,16,09,219,25,18,67,220,23,20,05,097,24,1*64
$GPGSV,4,3,15,23,38,357,44,25,38,017,48,26,36,233,25,28,15,304,18,1*6E
$GPGSV,4,4,15,29,54,125,50,31,17,273,23,197,,,26,1*51
$GPRMC,173222.11,A,3001.74110,S,05112.74629,W,0.21,58.30,090926,,,A,V*1D
$GPGGA,173223.11,3001.74111,S,05112.74637,W,1,08,1.07,55.23,M,,M,,*42
$GPGLL,3001.74111,S,05112.74637,W,173223.11,A,A*66
$GPGSA,A,3,05,10,18,23,25,28,29,31,,,,,2.03,1.07,1.72,1*14
$GPGSV,4,1,15,5,28,134,36,10,09,343,35,12,08,031,,13,02,029,,1*51
$GPGSV,4,2,15,15,15,070,,16,09,219,25,18,67,220,22,20,05,097,24,1*65
$GPGSV,4,3,15,23,38,357,44,25,38,017,47,26,36,233,31,28,15,304,18,1*64
$GPGSV,4,4,15,29,54,125,49,31,17,273,23,197,,,25,1*5A
$GPRMC,173223.11,A,3001.74111,S,05112.74637,W,0.03,58.30,090926,,,A,V*12
$GPGGA,173224.11,3001.74115,S,05112.74642,W,1,08,1.07,55.18,M,,M,,*4B
$GPGLL,3001.74115,S,05112.74642,W,173224.11,A,A*67
$GPGSA,A,3,05,10,18,23,25,28,29,31,,,,,2.03,1.07,1.72,1*14
$GPGSV,4,1,15,5,28,134,35,10,09,343,36,12,08,031,,13,02,029,,1*51
$GPGSV,4,2,15,15,15,070,,16,09,219,25,18,67,220,21,20,05,097,28,1*6A
$GPGSV,4,3,15,23,38,357,44,25,38,017,47,26,36,233,29,28,15,304,19,1*6C
$GPGSV,4,4,15,29,54,125,49,31,17,273,22,197,,,24,1*5A
$GPRMC,173224.11,A,3001.74115,S,05112.74642,W,0.22,58.30,090926,,,A,V*10
$GPGGA,173225.11,3001.74123,S,05112.74655,W,1,08,1.07,54.94,M,,M,,*4C
$GPGLL,3001.74123,S,05112.74655,W,173225.11,A,A*65
$GPGSA,A,3,05,10,18,23,25,28,29,31,,,,,2.03,1.07,1.72,1*14
$GPGSV,4,1,15,5,28,134,35,10,09,343,36,12,08,031,,13,02,029,,1*51
$GPGSV,4,2,15,15,15,070,,16,09,219,25,18,67,220,21,20,05,097,25,1*67
$GPGSV,4,3,15,23,38,357,44,25,38,017,48,26,36,233,27,28,15,304,19,1*6D
$GPGSV,4,4,15,29,54,125,49,31,17,273,22,197,,,24,1*5A
$GPRMC,173225.11,A,3001.74123,S,05112.74655,W,0.17,58.30,090926,,,A,V*14
$GPGGA,173226.11,3001.74127,S,05112.74646,W,1,08,1.07,54.64,M,,M,,*46
$GPGLL,3001.74127,S,05112.74646,W,173226.11,A,A*60
$GPGSA,A,3,05,10,18,23,25,28,29,31,,,,,2.03,1.07,1.72,1*14
$GPGSV,4,1,15,5,28,134,35,10,09,343,35,12,08,031,,13,02,029,,1*52
$GPGSV,4,2,15,15,15,070,,16,09,219,,18,67,220,22,20,05,097,24,1*62
$GPGSV,4,3,15,23,38,357,44,25,38,017,47,26,36,233,20,28,15,304,19,1*65
$GPGSV,4,4,15,29,54,125,49,31,17,273,23,193,,,25,1*5E
$GPRMC,173226.11,A,3001.74127,S,05112.74646,W,0.08,58.30,090926,,,A,V*1F
$GPGGA,173227.11,3001.74129,S,05112.74640,W,1,08,1.07,54.50,M,,M,,*48
$GPGLL,3001.74129,S,05112.74640,W,173227.11,A,A*69
$GPGSA,A,3,05,10,18,23,25,28,29,31,,,,,2.03,1.07,1.72,1*14
$GPGSV,4,1,15,5,28,134,35,10,09,343,35,12,08,031,,13,02,029,,1*52
$GPGSV,4,2,15,15,15,070,,16,09,219,25,18,67,220,21,20,05,097,25,1*67
$GPGSV,4,3,15,23,38,357,45,25,38,017,48,26,36,233,29,28,15,304,20,1*68
$GPGSV,4,4,15,29,54,125,50,31,17,273,22,193,,,25,1*57
$GPRMC,173227.11,A,3001.74129,S,05112.74640,W,0.05,58.30,090926,,,A,V*1B
$GPGGA,173228.11,3001.74132,S,05112.74650,W,1,08,1.07,54.48,M,,M,,*45
$GPGLL,3001.74132,S,05112.74650,W,173228.11,A,A*6D
$GPGSA,A,3,05,10,18,23,25,28,29,31,,,,,2.03,1.07,1.72,1*14
$GPGSV,4,1,15,5,28,134,35,10,09,343,35,12,08,031,,13,02,029,,1*52
$GPGSV,4,2,15,15,15,070,,16,09,219,24,18,67,220,21,20,05,097,,1*61
$GPGSV,4,3,15,23,38,357,45,25,38,017,47,26,36,233,25,28,15,304,21,1*6A
$GPGSV,4,4,15,29,54,125,50,31,17,273,22,193,,,29,1*5B
$GPRMC,173228.11,A,3001.74132,S,05112.74650,W,0.12,58.30,090926,,,A,V*19
$GPGGA,173229.11,3001.74133,S,05112.74646,W,1,08,1.07,54.26,M,,M,,*4A
$GPGLL,3001.74133,S,05112.74646,W,173229.11,A,A*6A
$GPGSA,A,3,05,10,18,23,25,28,29,31,,,,,2.03,1.07,1.72,1*14
$GPGSV,4,1,16,5,28,134,35,10,09,343,36,12,08,031,,13,02,029,,1*52
$GPGSV,4,2,16,15,15,070,,16,09,219,25,18,67,220,20,20,05,097,,1*62
$GPGSV,4,3,16,23,38,357,44,25,38,017,48,26,36,233,17,28,15,304,21,1*66
$GPGSV,4,4,16,29,54,125,49,31,17,273,22,193,,,25,197,,,26,1*67
$GPRMC,173229.11,A,3001.74133,S,05112.74646,W,0.08,58.30,090926,,,A,V*15
$GPGGA,173230.11,3001.74131,S,05112.74652,W,1,08,1.07,54.47,M,,M,,*42
$GPGLL,3001.74131,S,05112.74652,W,173230.11,A,A*65
$GPGSA,A,3,05,10,18,23,25,28,29,31,,,,,2.03,1.07,1.72,1*14
$GPGSV,4,1,16,5,28,134,35,10,09,343,36,12,08,031,,13,02,029,,1*52
$GPGSV,4,2,16,15,15,070,,16,09,219,25,18,67,220,21,20,05,097,,1*63
$GPGSV,4,3,16,23,38,357,45,25,38,017,48,26,36,233,12,28,15,304,22,1*61
$GPGSV,4,4,16,29,54,125,50,31,17,273,23,193,,,24,197,,,25,1*6C
$GPRMC,173230.11,A,3001.74131,S,05112.74652,W,0.15,58.30,090926,,,A,V*16
