$GNRMC,162552.00,A,3001.74225,S,05112.74962,W,0.019,,090926,,,F,V*1A
$GNVTG,,T,,M,0.019,N,0.036,K,D*35
$GNGGA,162552.00,3001.74225,S,05112.74962,W,5,12,0.77,48.3,M,4.8,M,2.0,0920*64
$GNGSA,M,3,29,31,05,12,13,18,21,25,28,,,,1.49,0.77,1.28,1*00
$GNGSA,M,3,10,11,12,16,25,36,02,,,,,,1.49,0.77,1.28,3*0D
$GNGSA,M,3,35,39,26,29,31,,,,,,,,1.49,0.77,1.28,4*0E
$GPGSV,2,1,08,05,43,102,46,12,36,045,49,13,30,038,45,18,57,295,21,1*6B
$GPGSV,2,2,08,23,09,353,29,25,72,032,51,28,30,274,23,31,21,242,29,1*6A
$GPGSV,3,1,09,05,43,102,44,12,36,045,42,13,30,038,34,18,57,295,17,6*66
$GPGSV,3,2,09,21,18,131,29,23,09,353,27,25,72,032,45,28,30,274,18,6*62
$GPGSV,3,3,09,29,58,180,24,6*53
$GPGSV,2,1,07,13,30,038,41,18,57,295,21,21,18,131,22,23,09,353,35,8*62
$GPGSV,2,2,07,25,72,032,52,26,12,222,19,28,30,274,19,8*53
$GPGSV,1,1,02,11,00,134,,15,01,045,,0*65
$GAGSV,2,1,08,02,21,223,21,10,50,143,33,11,80,150,31,12,26,141,28,1*7A
$GAGSV,2,2,08,14,26,101,31,16,51,060,47,25,73,195,26,36,46,318,16,1*78
$GAGSV,1,1,03,10,50,143,36,14,26,101,32,16,51,060,48,5*4C
$GAGSV,2,1,06,10,50,143,28,11,80,150,29,12,26,141,30,14,26,101,19,7*70
$GAGSV,2,2,06,16,51,060,46,25,73,195,33,7*7C
$GBGSV,2,1,05,29,34,132,41,31,27,273,18,35,63,213,16,36,05,024,23,3*70
$GBGSV,2,2,05,39,47,358,49,3*4B
$GBGSV,2,1,07,12,16,084,18,20,13,103,10,26,53,253,16,29,34,132,39,5*73
$GBGSV,2,2,07,31,27,273,16,36,05,024,14,39,47,358,47,5*44
$GBGSV,3,1,09,11,13,122,10,12,16,084,17,19,15,057,19,26,53,253,25,8*7F
$GBGSV,3,2,09,29,34,132,39,31,27,273,15,35,63,213,22,36,05,024,24,8*77
$GBGSV,3,3,09,39,47,358,47,8*42
$GBGSV,1,1,02,22,00,010,,24,14,221,,0*76
$GNGLL,3001.74225,S,05112.74962,W,162552.00,A,D*77
$GNRMC,162553.00,A,3001.74225,S,05112.74962,W,0.014,,090926,,,F,V*16
$GNVTG,,T,,M,0.014,N,0.027,K,D*38
$GNGGA,162553.00,3001.74225,S,05112.74962,W,5,12,0.77,48.3,M,4.8,M,2.0,0920*65
$GNGSA,M,3,29,31,05,12,13,18,21,25,28,,,,1.49,0.77,1.28,1*00
$GNGSA,M,3,10,11,12,16,25,36,02,,,,,,1.49,0.77,1.28,3*0D
$GNGSA,M,3,35,39,26,29,31,,,,,,,,1.49,0.77,1.28,4*0E
$GPGSV,2,1,08,05,43,102,46,12,36,045,49,13,30,038,45,18,57,295,20,1*6A
$GPGSV,2,2,08,23,09,353,29,25,72,032,51,28,30,274,22,31,21,242,29,1*6B
$GPGSV,3,1,09,05,43,102,44,12,36,045,42,13,30,038,34,18,57,295,17,6*66
$GPGSV,3,2,09,21,18,131,28,23,09,353,27,25,72,032,45,28,30,274,18,6*63
$GPGSV,3,3,09,29,58,180,23,6*54
$GPGSV,2,1,07,13,30,038,41,18,57,295,21,21,18,131,23,23,09,353,35,8*63
$GPGSV,2,2,07,25,72,032,52,26,12,222,19,28,30,274,19,8*53
$GPGSV,1,1,02,11,00,134,,15,01,045,,0*65
$GAGSV,2,1,08,02,21,223,21,10,50,143,33,11,80,150,31,12,26,141,27,1*75
$GAGSV,2,2,08,14,26,101,30,16,51,060,47,25,73,195,26,36,46,318,16,1*79
$GAGSV,1,1,03,10,50,143,36,14,26,101,32,16,51,060,48,5*4C
$GAGSV,2,1,06,10,50,143,28,11,80,150,29,12,26,141,29,14,26,101,19,7*78
$GAGSV,2,2,06,16,51,060,46,25,73,195,33,7*7C
$GBGSV,2,1,05,29,34,132,40,31,27,273,19,35,63,213,15,36,05,024,23,3*73
$GBGSV,2,2,05,39,47,358,49,3*4B
$GBGSV,2,1,07,12,16,084,18,20,13,103,09,26,53,253,16,29,34,132,39,5*7B
$GBGSV,2,2,07,31,27,273,16,36,05,024,12,39,47,358,47,5*42
$GBGSV,3,1,09,11,13,122,09,12,16,084,16,19,15,057,19,26,53,253,25,8*76
$GBGSV,3,2,09,29,34,132,38,31,27,273,15,35,63,213,22,36,05,024,24,8*76
$GBGSV,3,3,09,39,47,358,47,8*42
$GBGSV,1,1,02,22,00,010,,24,14,221,,0*76
$GNGLL,3001.74225,S,05112.74962,W,162553.00,A,D*76
$GNRMC,162554.00,A,3001.74225,S,05112.74961,W,0.023,,090926,,,F,V*16
$GNVTG,,T,,M,0.023,N,0.042,K,D*3F
$GNGGA,162554.00,3001.74225,S,05112.74961,W,5,12,0.77,48.3,M,4.8,M,2.0,0920*61
$GNGSA,M,3,29,31,05,12,13,18,21,25,28,,,,1.49,0.77,1.28,1*00
$GNGSA,M,3,10,11,12,16,25,36,02,,,,,,1.49,0.77,1.28,3*0D
$GNGSA,M,3,35,39,26,29,,,,,,,,,1.49,0.77,1.28,4*0C
$GPGSV,2,1,08,05,43,102,46,12,36,045,49,13,30,038,45,18,57,295,19,1*60
$GPGSV,2,2,08,23,09,353,29,25,72,032,51,28,30,274,22,31,21,242,29,1*6B
$GPGSV,3,1,09,05,43,102,44,12,36,045,42,13,30,038,34,18,57,295,17,6*66
$GPGSV,3,2,09,21,18,131,28,23,09,353,27,25,72,032,45,28,30,274,17,6*6C
$GPGSV,3,3,09,29,58,180,23,6*54
$GPGSV,2,1,07,13,30,038,41,18,57,295,21,21,18,131,22,23,09,353,35,8*62
$GPGSV,2,2,07,25,72,032,52,26,12,222,19,28,30,274,18,8*52
$GPGSV,1,1,02,11,00,134,,15,01,045,,0*65
$GAGSV,2,1,08,02,21,223,21,10,50,143,33,11,80,150,31,12,26,141,27,1*75
$GAGSV,2,2,08,14,26,101,30,16,51,060,47,25,73,195,26,36,46,318,16,1*79
$GAGSV,1,1,03,10,50,143,36,14,26,101,32,16,51,060,48,5*4C
$GAGSV,2,1,06,10,50,143,28,11,80,150,29,12,26,141,30,14,26,101,19,7*70
$GAGSV,2,2,06,16,51,060,46,25,73,195,33,7*7C
$GBGSV,2,1,05,29,34,132,40,31,27,273,19,35,63,213,15,36,05,024,23,3*73
$GBGSV,2,2,05,39,47,358,49,3*4B
$GBGSV,2,1,07,12,16,084,18,20,13,103,10,26,53,253,17,29,34,132,39,5*72
$GBGSV,2,2,07,31,27,273,16,36,05,024,10,39,47,358,47,5*40
$GBGSV,3,1,09,11,13,122,10,12,16,084,15,19,15,057,19,26,53,253,25,8*7D
$GBGSV,3,2,09,29,34,132,39,31,27,273,15,35,63,213,22,36,05,024,24,8*77
$GBGSV,3,3,09,39,47,358,47,8*42
$GBGSV,1,1,02,22,00,010,,24,14,221,,0*76
$GNGLL,3001.74225,S,05112.74961,W,162554.00,A,D*72
$GNRMC,162555.00,A,3001.74225,S,05112.74960,W,0.019,,090926,,,F,V*1F
$GNVTG,,T,,M,0.019,N,0.035,K,D*36
$GNGGA,162555.00,3001.74225,S,05112.74960,W,5,12,0.77,48.3,M,4.8,M,2.0,0920*61
$GNGSA,M,3,29,31,05,12,13,18,21,25,28,,,,1.49,0.77,1.28,1*00
$GNGSA,M,3,10,11,12,16,25,36,02,,,,,,1.49,0.77,1.28,3*0D
$GNGSA,M,3,35,39,26,29,,,,,,,,,1.49,0.77,1.28,4*0C
$GPGSV,2,1,08,05,43,102,46,12,36,045,49,13,30,038,45,18,57,295,19,1*60
$GPGSV,2,2,08,23,09,353,29,25,72,032,51,28,30,274,21,31,21,242,29,1*68
$GPGSV,3,1,09,05,43,102,44,12,36,045,42,13,30,038,35,18,57,295,16,6*66
$GPGSV,3,2,09,21,18,131,28,23,09,353,27,25,72,032,45,28,30,274,17,6*6C
$GPGSV,3,3,09,29,58,180,23,6*54
$GPGSV,2,1,07,13,30,038,41,18,57,295,21,21,18,131,23,23,09,353,35,8*63
$GPGSV,2,2,07,25,72,032,52,26,12,222,20,28,30,274,18,8*58
$GPGSV,1,1,02,11,00,134,,15,01,045,,0*65
$GAGSV,2,1,08,02,21,223,21,10,50,143,33,11,80,150,31,12,26,141,27,1*75
$GAGSV,2,2,08,14,26,101,30,16,51,060,47,25,74,194,26,36,46,318,16,1*7F
$GAGSV,1,1,03,10,50,143,36,14,26,101,32,16,51,060,48,5*4C
$GAGSV,2,1,06,10,50,143,28,11,80,150,29,12,26,141,30,14,26,101,19,7*70
$GAGSV,2,2,06,16,51,060,46,25,74,194,33,7*7A
$GBGSV,2,1,05,29,34,132,40,31,27,273,19,35,63,213,14,36,05,024,22,3*73
$GBGSV,2,2,05,39,47,358,49,3*4B
$GBGSV,2,1,07,12,16,084,18,20,13,103,12,26,53,253,18,29,34,132,39,5*7F
$GBGSV,2,2,07,31,27,273,15,36,05,024,08,39,47,358,47,5*4A
$GBGSV,3,1,09,11,13,122,09,12,16,084,14,19,15,057,19,26,53,253,25,8*74
$GBGSV,3,2,09,29,34,132,38,31,27,273,14,35,63,213,22,36,05,024,24,8*77
$GBGSV,3,3,09,39,47,358,47,8*42
$GBGSV,1,1,02,22,00,010,,24,14,221,,0*76
$GNGLL,3001.74225,S,05112.74960,W,162555.00,A,D*72
$GNRMC,162556.00,A,3001.74225,S,05112.74959,W,0.018,,090926,,,F,V*17
$GNVTG,,T,,M,0.018,N,0.033,K,D*31
$GNGGA,162556.00,3001.74225,S,05112.74959,W,5,12,0.77,48.3,M,4.8,M,2.0,0920*68
$GNGSA,M,3,29,31,05,12,13,18,21,25,28,,,,1.49,0.77,1.28,1*00
$GNGSA,M,3,10,11,12,16,25,36,02,,,,,,1.49,0.77,1.28,3*0D
$GNGSA,M,3,35,39,26,29,,,,,,,,,1.49,0.77,1.28,4*0C
$GPGSV,2,1,08,05,43,102,46,12,36,045,49,13,30,038,45,18,57,295,18,1*61
$GPGSV,2,2,08,23,09,353,29,25,72,032,51,28,30,274,21,31,21,242,28,1*69
$GPGSV,3,1,09,05,43,102,44,12,36,045,42,13,30,038,35,18,57,295,16,6*66
$GPGSV,3,2,09,21,18,131,28,23,09,353,27,25,72,032,45,28,30,274,17,6*6C
$GPGSV,3,3,09,29,58,180,24,6*53
$GPGSV,2,1,07,13,30,038,41,18,57,295,21,21,18,131,23,23,09,353,35,8*63
$GPGSV,2,2,07,25,72,032,52,26,12,222,20,28,30,274,19,8*59
$GPGSV,1,1,02,11,00,134,,15,01,045,,0*65
$GAGSV,2,1,08,02,21,223,21,10,50,143,33,11,80,150,31,12,26,141,28,1*7A
$GAGSV,2,2,08,14,26,101,30,16,51,060,47,25,74,194,26,36,46,318,15,1*7C
$GAGSV,1,1,03,10,50,143,36,14,26,101,32,16,51,060,48,5*4C
$GAGSV,2,1,06,10,50,143,28,11,80,150,29,12,26,141,29,14,26,101,19,7*78
$GAGSV,2,2,06,16,51,060,46,25,74,194,33,7*7A
$GBGSV,2,1,05,29,34,132,40,31,27,273,19,35,63,213,14,36,05,024,23,3*72
$GBGSV,2,2,05,39,47,358,49,3*4B
$GBGSV,2,1,07,12,16,084,19,20,13,103,11,26,53,253,17,29,34,132,38,5*73
$GBGSV,2,2,07,31,27,273,15,36,05,024,08,39,47,358,47,5*4A
$GBGSV,3,1,09,11,13,122,11,12,16,084,13,19,15,057,19,26,53,253,25,8*7A
$GBGSV,3,2,09,29,34,132,38,31,27,273,14,35,63,213,23,36,05,024,24,8*76
$GBGSV,3,3,09,39,47,358,47,8*42
$GBGSV,1,1,02,22,00,010,,24,14,221,,0*76
$GNGLL,3001.74225,S,05112.74959,W,162556.00,A,D*7B
$GNRMC,162557.00,A,3001.74224,S,05112.74958,W,0.019,,090926,,,F,V*17
$GNVTG,,T,,M,0.019,N,0.036,K,D*35
$GNGGA,162557.00,3001.74224,S,05112.74958,W,5,12,0.84,48.3,M,4.8,M,2.0,0920*65
$GNGSA,M,3,29,31,05,12,13,18,21,25,28,,,,1.55,0.84,1.30,1*08
$GNGSA,M,3,10,11,12,16,25,02,,,,,,,1.55,0.84,1.30,3*00
$GNGSA,M,3,35,39,26,29,,,,,,,,,1.55,0.84,1.30,4*04
$GPGSV,2,1,08,05,43,102,46,12,36,045,49,13,30,038,45,18,57,295,19,1*60
$GPGSV,2,2,08,23,09,353,29,25,72,032,51,28,30,274,21,31,21,242,28,1*69
$GPGSV,3,1,09,05,43,102,44,12,36,045,42,13,30,038,35,18,57,295,15,6*65
$GPGSV,3,2,09,21,18,131,28,23,09,353,27,25,72,032,45,28,30,274,17,6*6C
$GPGSV,3,3,09,29,58,180,23,6*54
$GPGSV,2,1,07,13,30,038,41,18,57,295,21,21,18,131,22,23,09,353,36,8*61
$GPGSV,2,2,07,25,72,032,52,26,12,222,20,28,30,274,19,8*59
$GPGSV,1,1,02,11,00,134,,15,01,045,,0*65
$GAGSV,2,1,08,02,21,223,21,10,50,143,33,11,80,150,31,12,26,141,27,1*75
$GAGSV,2,2,08,14,26,101,30,16,51,060,47,25,74,194,26,36,46,318,13,1*7A
$GAGSV,1,1,03,10,50,143,36,14,26,101,32,16,51,060,48,5*4C
$GAGSV,2,1,06,10,50,143,28,11,80,150,29,12,26,141,30,14,26,101,20,7*7A
$GAGSV,2,2,06,16,51,060,46,25,74,194,33,7*7A
$GBGSV,2,1,05,29,34,132,40,31,27,273,20,35,63,213,15,36,05,024,23,3*79
$GBGSV,2,2,05,39,47,358,49,3*4B
$GBGSV,2,1,07,12,16,084,19,20,13,103,12,26,53,253,17,29,34,132,39,5*71
$GBGSV,2,2,07,31,27,273,15,36,05,024,08,39,47,358,47,5*4A
$GBGSV,3,1,09,11,13,122,10,12,16,084,10,19,15,057,20,26,53,253,25,8*72
$GBGSV,3,2,09,29,34,132,39,31,27,273,14,35,63,213,22,36,05,024,24,8*76
$GBGSV,3,3,09,39,47,358,47,8*42
$GBGSV,1,1,02,22,00,010,,24,14,221,,0*76
$GNGLL,3001.74224,S,05112.74958,W,162557.00,A,D*7A
$GNRMC,162558.00,A,3001.74224,S,05112.74958,W,0.004,,090926,,,F,V*14
$GNVTG,,T,,M,0.004,N,0.008,K,D*34
$GNGGA,162558.00,3001.74224,S,05112.74958,W,5,12,0.84,48.4,M,4.8,M,2.0,0920*6D
$GNGSA,M,3,29,31,05,12,13,18,21,25,28,,,,1.55,0.84,1.30,1*08
$GNGSA,M,3,10,11,12,16,25,02,,,,,,,1.55,0.84,1.30,3*00
$GNGSA,M,3,35,39,26,29,,,,,,,,,1.55,0.84,1.30,4*04
$GPGSV,2,1,08,05,43,102,46,12,36,045,49,13,30,038,45,18,57,295,18,1*61
$GPGSV,2,2,08,23,09,353,29,25,72,032,51,28,30,274,22,31,21,242,28,1*6A
$GPGSV,3,1,09,05,43,102,44,12,36,045,42,13,30,038,34,18,57,295,15,6*64
$GPGSV,3,2,09,21,18,131,28,23,09,353,27,25,72,032,45,28,30,274,17,6*6C
$GPGSV,3,3,09,29,58,180,23,6*54
$GPGSV,2,1,07,13,30,038,41,18,57,295,21,21,18,131,23,23,09,353,35,8*63
$GPGSV,2,2,07,25,72,032,52,26,12,222,19,28,30,274,18,8*52
$GPGSV,1,1,02,11,00,134,,15,01,045,,0*65
$GAGSV,2,1,08,02,21,223,21,10,49,143,33,11,80,150,31,12,26,141,27,1*7D
$GAGSV,2,2,08,14,26,101,30,16,51,060,47,25,74,194,26,36,46,318,14,1*7D
$GAGSV,1,1,03,10,49,143,36,14,26,101,32,16,51,060,48,5*44
$GAGSV,2,1,06,10,49,143,29,11,80,150,29,12,26,141,30,14,26,101,20,7*73
$GAGSV,2,2,06,16,51,060,46,25,74,194,33,7*7A
$GBGSV,2,1,05,29,34,132,40,31,27,273,20,35,63,213,14,36,05,024,24,3*7F
$GBGSV,2,2,05,39,47,358,49,3*4B
$GBGSV,2,1,07,12,16,084,19,20,13,103,13,26,53,253,17,29,34,132,39,5*70
$GBGSV,2,2,07,31,27,273,15,36,05,024,08,39,47,358,47,5*4A
$GBGSV,3,1,09,11,13,122,10,12,16,084,10,19,15,057,20,26,53,253,24,8*73
$GBGSV,3,2,09,29,34,132,39,31,27,273,15,35,63,213,22,36,05,024,24,8*77
$GBGSV,3,3,09,39,47,358,47,8*42
$GBGSV,1,1,02,22,00,010,,24,14,221,,0*76
$GNGLL,3001.74224,S,05112.74958,W,162558.00,A,D*75
$GNRMC,162559.00,A,3001.74224,S,05112.74957,W,0.012,,090926,,,F,V*1D
$GNVTG,,T,,M,0.012,N,0.022,K,D*3B
$GNGGA,162559.00,3001.74224,S,05112.74957,W,5,12,0.84,48.4,M,4.8,M,2.0,0920*63
$GNGSA,M,3,29,31,05,12,13,18,21,25,28,,,,1.55,0.84,1.30,1*08
$GNGSA,M,3,10,11,12,16,25,02,,,,,,,1.55,0.84,1.30,3*00
$GNGSA,M,3,35,39,26,29,,,,,,,,,1.55,0.84,1.30,4*04
$GPGSV,2,1,08,05,43,102,46,12,36,045,49,13,30,038,45,18,57,295,18,1*61
$GPGSV,2,2,08,23,09,353,29,25,72,032,51,28,30,274,22,31,21,242,28,1*6A
$GPGSV,3,1,09,05,43,102,44,12,36,045,42,13,30,038,34,18,57,295,15,6*64
$GPGSV,3,2,09,21,18,131,28,23,09,353,27,25,72,032,45,28,30,274,17,6*6C
$GPGSV,3,3,09,29,58,180,23,6*54
$GPGSV,2,1,07,13,30,038,41,18,57,295,21,21,18,131,23,23,09,353,35,8*63
$GPGSV,2,2,07,25,72,032,52,26,12,222,19,28,30,274,18,8*52
$GPGSV,1,1,02,11,00,134,,15,01,045,,0*65
$GAGSV,2,1,08,02,21,223,21,10,49,143,33,11,80,152,31,12,26,141,27,1*7F
$GAGSV,2,2,08,14,26,101,29,16,51,060,47,25,74,194,26,36,46,318,14,1*75
$GAGSV,1,1,03,10,49,143,36,14,26,101,31,16,51,060,48,5*47
$GAGSV,2,1,06,10,49,143,29,11,80,152,29,12,26,141,30,14,26,101,21,7*70
$GAGSV,2,2,06,16,51,060,46,25,74,194,33,7*7A
$GBGSV,2,1,05,29,34,132,40,31,27,273,20,35,63,213,16,36,05,024,24,3*7D
$GBGSV,2,2,05,39,47,358,49,3*4B
$GBGSV,2,1,08,12,16,084,18,20,13,103,12,26,53,253,17,29,34,132,38,5*7E
$GBGSV,2,2,08,31,27,273,15,35,63,213,14,36,05,024,07,39,47,358,47,5*7C
$GBGSV,3,1,09,11,13,122,09,12,16,084,11,19,15,057,21,26,53,253,24,8*7B
$GBGSV,3,2,09,29,34,132,38,31,27,273,15,35,63,213,22,36,05,024,24,8*76
$GBGSV,3,3,09,39,47,358,47,8*42
$GBGSV,1,1,02,22,00,010,,24,14,221,,0*76
$GNGLL,3001.74224,S,05112.74957,W,162559.00,A,D*7B
$GNRMC,162600.00,A,3001.74224,S,05112.74956,W,0.022,,090926,,,F,V*10
$GNVTG,,T,,M,0.022,N,0.042,K,D*3E
$GNGGA,162600.00,3001.74224,S,05112.74956,W,5,12,0.84,48.4,M,4.8,M,2.0,0920*6D
$GNGSA,M,3,29,31,05,12,13,18,21,25,28,,,,1.55,0.84,1.30,1*08
$GNGSA,M,3,10,11,12,16,25,02,,,,,,,1.55,0.84,1.30,3*00
$GNGSA,M,3,35,39,26,29,31,,,,,,,,1.55,0.84,1.30,4*06
$GPGSV,2,1,08,05,43,102,46,12,36,045,49,13,30,038,45,18,57,295,18,1*61
$GPGSV,2,2,08,23,09,353,29,25,72,032,51,28,30,274,21,31,21,242,28,1*69
$GPGSV,3,1,09,05,43,102,44,12,36,045,42,13,30,038,34,18,57,295,15,6*64
$GPGSV,3,2,09,21,18,131,28,23,09,353,27,25,72,032,45,28,30,274,18,6*63
$GPGSV,3,3,09,29,58,180,24,6*53
$GPGSV,2,1,07,13,30,038,41,18,57,295,21,21,18,131,23,23,09,353,36,8*60
$GPGSV,2,2,07,25,72,032,52,26,12,222,19,28,30,274,17,8*5D
$GPGSV,1,1,02,11,00,134,,15,01,045,,0*65
$GAGSV,2,1,08,02,21,223,21,10,49,143,33,11,80,152,31,12,25,141,27,1*7C
$GAGSV,2,2,08,14,26,101,29,16,51,060,47,25,74,194,26,36,46,318,13,1*72
$GAGSV,1,1,03,10,49,143,36,14,26,101,32,16,51,060,48,5*44
$GAGSV,2,1,06,10,49,143,29,11,80,152,29,12,25,141,30,14,26,101,22,7*70
$GAGSV,2,2,06,16,51,060,46,25,74,194,33,7*7A
$GBGSV,2,1,05,29,34,132,40,31,27,273,21,35,63,213,16,36,05,024,24,3*7C
$GBGSV,2,2,05,39,47,358,49,3*4B
$GBGSV,2,1,08,12,16,084,18,20,13,103,13,26,53,253,17,29,34,132,39,5*7E
$GBGSV,2,2,08,31,27,273,15,35,63,213,14,36,05,024,07,39,47,358,47,5*7C
$GBGSV,3,1,09,11,13,122,10,12,16,084,10,19,15,057,21,26,53,253,25,8*73
$GBGSV,3,2,09,29,34,132,38,31,27,273,16,35,63,213,21,36,05,024,24,8*76
$GBGSV,3,3,09,39,47,358,47,8*42
$GBGSV,1,1,02,22,00,010,,24,14,221,,0*76
$GNGLL,3001.74224,S,05112.74956,W,162600.00,A,D*75
$GNRMC,162601.00,A,3001.74224,S,05112.74956,W,0.041,,090926,,,F,V*14
$GNVTG,,T,,M,0.041,N,0.076,K,D*3C
$GNGGA,162601.00,3001.74224,S,05112.74956,W,5,12,0.84,48.4,M,4.8,M,2.0,0920*6C
$GNGSA,M,3,29,31,05,12,13,18,21,25,28,,,,1.55,0.84,1.30,1*08
$GNGSA,M,3,10,11,12,16,25,02,,,,,,,1.55,0.84,1.30,3*00
$GNGSA,M,3,35,39,26,29,,,,,,,,,1.55,0.84,1.30,4*04
$GPGSV,2,1,08,05,43,102,46,12,36,045,49,13,30,038,45,18,57,295,18,1*61
$GPGSV,2,2,08,23,09,353,29,25,72,032,51,28,30,274,21,31,21,242,28,1*69
$GPGSV,3,1,09,05,43,102,44,12,36,045,42,13,30,038,34,18,57,295,16,6*67
$GPGSV,3,2,09,21,18,131,28,23,09,353,27,25,72,032,45,28,30,274,18,6*63
$GPGSV,3,3,09,29,58,180,24,6*53
$GPGSV,2,1,07,13,30,038,41,18,57,295,21,21,18,131,22,23,09,353,36,8*61
$GPGSV,2,2,07,25,72,032,52,26,12,222,19,28,30,274,16,8*5C
$GPGSV,1,1,02,11,00,134,,15,01,045,,0*65
$GAGSV,2,1,07,02,21,223,21,10,49,143,33,11,80,152,31,12,25,141,27,1*73
$GAGSV,2,2,07,14,26,101,29,16,51,060,47,25,74,194,26,1*42
$GAGSV,1,1,03,10,49,143,36,14,26,101,31,16,51,060,48,5*47
$GAGSV,2,1,06,10,49,143,29,11,80,152,29,12,25,141,30,14,26,101,22,7*70
$GAGSV,2,2,06,16,51,060,46,25,74,194,33,7*7A
$GAGSV,1,1,01,36,46,318,,0*48
$GBGSV,2,1,06,26,53,253,22,29,34,132,40,31,27,273,21,35,63,213,15,3*7A
$GBGSV,2,2,06,36,05,024,24,39,47,358,49,3*78
$GBGSV,2,1,08,12,16,084,18,20,13,103,13,26,53,253,18,29,34,132,39,5*71
$GBGSV,2,2,08,31,27,273,16,35,63,213,14,36,05,024,08,39,47,358,47,5*70
$GBGSV,2,1,07,19,15,057,21,26,53,253,25,29,34,132,38,31,27,273,14,8*74
$GBGSV,2,2,07,35,63,213,21,36,05,024,24,39,47,358,47,8*4C
$GBGSV,1,1,03,11,13,122,,22,00,010,,24,14,221,,0*44
$GNGLL,3001.74224,S,05112.74956,W,162601.00,A,D*74
$GNRMC,162602.00,A,3001.74224,S,05112.74955,W,0.015,,090926,,,F,V*15
$GNVTG,,T,,M,0.015,N,0.028,K,D*36
$GNGGA,162602.00,3001.74224,S,05112.74955,W,5,12,0.77,48.4,M,4.8,M,2.0,0920*60
$GNGSA,M,3,29,31,05,12,13,18,21,25,28,,,,1.49,0.77,1.28,1*00
$GNGSA,M,3,10,11,12,16,25,36,02,,,,,,1.49,0.77,1.28,3*0D
$GNGSA,M,3,35,39,26,29,,,,,,,,,1.49,0.77,1.28,4*0C
$GPGSV,2,1,08,05,43,102,46,12,36,045,49,13,30,038,45,18,57,295,18,1*61
$GPGSV,2,2,08,23,09,353,29,25,72,032,51,28,30,274,21,31,21,242,28,1*69
$GPGSV,3,1,09,05,43,102,44,12,36,045,42,13,30,038,34,18,57,295,17,6*66
$GPGSV,3,2,09,21,18,131,28,23,09,353,27,25,72,032,45,28,30,274,18,6*63
$GPGSV,3,3,09,29,58,180,24,6*53
$GPGSV,2,1,07,13,30,038,41,18,57,295,22,21,18,131,22,23,09,353,36,8*62
$GPGSV,2,2,07,25,72,032,52,26,12,222,19,28,30,274,17,8*5D
$GPGSV,1,1,02,11,00,134,,15,01,045,,0*65
$GAGSV,2,1,07,02,21,223,21,10,49,143,33,11,80,152,31,12,25,141,27,1*73
$GAGSV,2,2,07,14,26,101,28,16,51,060,47,25,74,194,26,1*43
$GAGSV,1,1,03,10,49,143,36,14,26,101,31,16,51,060,48,5*47
$GAGSV,2,1,07,10,49,143,29,11,80,152,29,12,25,141,30,14,26,101,23,7*70
$GAGSV,2,2,07,16,51,060,46,25,74,194,32,36,46,318,26,7*43
$GBGSV,2,1,06,26,53,253,23,29,34,132,40,31,27,273,21,35,63,213,15,3*7B
$GBGSV,2,2,06,36,05,024,24,39,47,358,49,3*78
$GBGSV,2,1,07,12,16,084,19,20,13,103,11,26,53,253,18,29,34,132,39,5*7D
$GBGSV,2,2,07,31,27,273,15,35,63,213,14,39,47,358,47,5*42
$GBGSV,2,1,07,19,15,057,20,26,53,253,24,29,34,132,38,31,27,273,13,8*73
$GBGSV,2,2,07,35,63,213,21,36,05,024,24,39,47,358,47,8*4C
$GBGSV,1,1,03,11,13,122,,22,00,010,,24,14,221,,0*44
$GNGLL,3001.74224,S,05112.74955,W,162602.00,A,D*74
$GNRMC,162603.00,A,3001.74224,S,05112.74955,W,0.032,,090926,,,F,V*11
$GNVTG,,T,,M,0.032,N,0.060,K,D*3F
$GNGGA,162603.00,3001.74224,S,05112.74955,W,5,12,0.77,48.4,M,4.8,M,2.0,0920*61
$GNGSA,M,3,29,31,05,12,13,18,21,25,28,,,,1.49,0.77,1.28,1*00
$GNGSA,M,3,10,11,12,16,25,36,02,,,,,,1.49,0.77,1.28,3*0D
$GNGSA,M,3,35,39,26,29,,,,,,,,,1.49,0.77,1.28,4*0C
$GPGSV,2,1,08,05,43,102,46,12,36,045,49,13,30,038,45,18,57,295,18,1*61
$GPGSV,2,2,08,23,09,353,29,25,72,032,51,28,30,274,21,31,21,242,27,1*66
$GPGSV,3,1,09,05,43,102,44,12,36,045,42,13,30,038,34,18,57,295,17,6*66
$GPGSV,3,2,09,21,18,131,28,23,09,353,27,25,72,032,45,28,30,274,19,6*62
$GPGSV,3,3,09,29,58,180,23,6*54
$GPGSV,2,1,07,13,30,038,41,18,57,295,21,21,18,131,22,23,09,353,36,8*61
$GPGSV,2,2,07,25,72,032,52,26,12,222,19,28,30,274,17,8*5D
$GPGSV,1,1,02,11,00,134,,15,01,045,,0*65
$GAGSV,2,1,07,02,21,223,21,10,49,143,33,11,80,152,32,12,25,141,27,1*70
$GAGSV,2,2,07,14,26,101,28,16,51,060,47,25,74,194,26,1*43
$GAGSV,1,1,03,10,49,143,36,14,26,101,31,16,51,060,48,5*47
$GAGSV,2,1,07,10,49,143,29,11,80,152,29,12,25,141,30,14,26,101,23,7*70
$GAGSV,2,2,07,16,51,060,46,25,74,194,32,36,46,318,24,7*41
$GBGSV,2,1,06,26,53,253,23,29,34,132,40,31,27,273,21,35,63,213,15,3*7B
$GBGSV,2,2,06,36,05,024,24,39,47,358,49,3*78
$GBGSV,2,1,07,12,16,084,19,20,13,103,09,26,53,253,18,29,34,132,39,5*74
$GBGSV,2,2,07,31,27,273,14,35,63,213,16,39,47,358,47,5*41
$GBGSV,2,1,07,19,15,057,21,26,53,253,24,29,34,132,38,31,27,273,13,8*72
$GBGSV,2,2,07,35,63,213,21,36,05,024,25,39,47,358,47,8*4D
$GBGSV,1,1,03,11,13,122,,22,00,010,,24,14,221,,0*44
$GNGLL,3001.74224,S,05112.74955,W,162603.00,A,D*75
$GNRMC,162604.00,A,3001.74224,S,05112.74955,W,0.025,,090926,,,F,V*10
$GNVTG,,T,,M,0.025,N,0.047,K,D*3C
$GNGGA,162604.00,3001.74224,S,05112.74955,W,5,12,0.84,48.4,M,4.8,M,2.0,0920*6A
$GNGSA,M,3,29,31,05,12,13,18,21,25,28,,,,1.54,0.84,1.30,1*09
$GNGSA,M,3,10,11,12,16,25,36,02,,,,,,1.54,0.84,1.30,3*04
$GNGSA,M,3,35,39,26,29,,,,,,,,,1.54,0.84,1.30,4*05
$GPGSV,2,1,08,05,43,102,46,12,36,045,49,13,30,038,45,18,57,295,19,1*60
$GPGSV,2,2,08,23,09,353,29,25,72,032,51,29,58,180,23,31,21,242,27,1*63
$GPGSV,1,1,01,31,21,242,15,5*50
$GPGSV,3,1,09,05,43,102,44,12,36,045,42,13,30,038,34,18,57,295,17,6*66
$GPGSV,3,2,09,21,18,131,28,23,09,353,28,25,72,032,45,28,30,274,20,6*67
$GPGSV,3,3,09,29,58,180,23,6*54
$GPGSV,2,1,07,13,30,038,41,18,57,295,21,21,18,131,22,23,09,353,36,8*61
$GPGSV,2,2,07,25,72,032,52,26,12,222,19,28,30,274,18,8*52
$GPGSV,1,1,02,11,00,134,,15,01,045,,0*65
$GAGSV,2,1,07,02,21,223,21,10,49,143,33,11,80,152,32,12,25,141,27,1*70
$GAGSV,2,2,07,14,26,101,28,16,50,059,47,25,74,194,26,1*48
$GAGSV,1,1,03,10,49,143,36,14,26,101,31,16,50,059,48,5*4C
$GAGSV,2,1,07,10,49,143,29,11,80,152,29,12,25,141,30,14,26,101,24,7*77
$GAGSV,2,2,07,16,50,059,46,25,74,194,32,36,46,318,21,7*4F
$GBGSV,2,1,06,26,53,253,23,29,34,132,40,31,27,273,21,35,63,213,15,3*7B
$GBGSV,2,2,06,36,05,024,24,39,47,358,49,3*78
$GBGSV,2,1,07,12,16,084,19,20,13,103,09,26,53,253,18,29,34,132,38,5*75
$GBGSV,2,2,07,31,27,273,13,35,63,213,16,39,47,358,47,5*46
$GBGSV,2,1,07,19,15,057,20,26,53,253,25,29,34,132,38,31,27,273,12,8*73
$GBGSV,2,2,07,35,63,213,21,36,05,024,24,39,47,358,47,8*4C
$GBGSV,1,1,03,11,13,122,,22,00,010,,24,14,221,,0*44
$GNGLL,3001.74224,S,05112.74955,W,162604.00,A,D*72
$GNRMC,162605.00,A,3001.74224,S,05112.74954,W,0.029,,090926,,,F,V*1C
$GNVTG,,T,,M,0.029,N,0.054,K,D*32
$GNGGA,162605.00,3001.74224,S,05112.74954,W,5,12,0.84,48.4,M,4.8,M,2.0,0920*6A
$GNGSA,M,3,29,31,05,12,13,18,21,25,28,,,,1.54,0.84,1.30,1*09
$GNGSA,M,3,10,11,12,16,25,36,02,,,,,,1.54,0.84,1.30,3*04
$GNGSA,M,3,35,39,26,29,,,,,,,,,1.54,0.84,1.30,4*05
$GPGSV,2,1,08,05,43,102,46,12,36,045,49,13,30,038,45,18,57,295,19,1*60
$GPGSV,2,2,08,23,09,353,29,25,72,032,51,29,58,180,22,31,21,242,26,1*63
$GPGSV,3,1,10,05,43,102,44,12,36,045,42,13,30,038,34,18,57,295,18,6*61
$GPGSV,3,2,10,21,18,131,27,23,09,353,27,25,72,032,45,28,30,274,20,6*6F
$GPGSV,3,3,10,29,58,180,23,31,21,242,17,6*6F
$GPGSV,2,1,07,13,30,038,41,18,57,295,21,21,18,131,22,23,09,353,36,8*61
$GPGSV,2,2,07,25,72,032,52,26,12,222,18,28,30,274,18,8*53
$GPGSV,1,1,02,11,00,134,,15,01,045,,0*65
$GAGSV,2,1,07,02,21,223,21,10,49,143,33,11,80,152,31,12,25,141,27,1*73
$GAGSV,2,2,07,14,26,101,27,16,50,059,47,25,74,194,26,1*47
$GAGSV,1,1,03,10,49,143,36,14,26,101,31,16,50,059,48,5*4C
$GAGSV,2,1,07,10,49,143,29,11,80,152,29,12,25,141,30,14,26,101,24,7*77
$GAGSV,2,2,07,16,50,059,46,25,74,194,32,36,46,318,21,7*4F
$GBGSV,2,1,06,26,53,253,23,29,34,132,40,31,27,273,21,35,63,213,15,3*7B
$GBGSV,2,2,06,36,05,024,23,39,47,358,49,3*7F
$GBGSV,2,1,07,12,16,084,19,20,13,103,09,26,53,253,18,29,34,132,38,5*75
$GBGSV,2,2,07,31,27,273,12,35,63,213,16,39,47,358,47,5*47
$GBGSV,2,1,07,19,15,057,20,26,53,253,25,29,34,132,38,31,27,273,12,8*73
$GBGSV,2,2,07,35,63,213,21,36,05,024,23,39,47,358,47,8*4B
$GBGSV,1,1,03,11,13,122,,22,00,010,,24,14,221,,0*44
$GNGLL,3001.74224,S,05112.74954,W,162605.00,A,D*72
$GNRMC,162606.00,A,3001.74224,S,05112.74954,W,0.002,,090926,,,F,V*16
$GNVTG,,T,,M,0.002,N,0.004,K,D*3E
$GNGGA,162606.00,3001.74224,S,05112.74954,W,5,12,0.84,48.4,M,4.8,M,2.0,0920*69
$GNGSA,M,3,29,31,05,12,13,18,21,25,28,,,,1.54,0.84,1.30,1*09
$GNGSA,M,3,10,11,12,16,25,36,02,,,,,,1.54,0.84,1.30,3*04
$GNGSA,M,3,35,39,26,29,,,,,,,,,1.54,0.84,1.30,4*05
$GPGSV,2,1,07,05,43,102,46,12,36,045,49,13,30,038,45,18,57,295,20,1*65
$GPGSV,2,2,07,23,09,353,29,25,72,032,51,31,21,242,26,1*53
$GPGSV,3,1,10,05,43,102,44,12,36,045,42,13,30,038,34,18,57,295,19,6*60
$GPGSV,3,2,10,21,18,131,27,23,09,353,27,25,72,032,45,28,30,274,20,6*6F
$GPGSV,3,3,10,29,58,180,24,31,21,242,17,6*68
$GPGSV,2,1,07,13,30,038,41,18,57,295,21,21,18,131,22,23,09,353,36,8*61
$GPGSV,2,2,07,25,72,032,52,26,12,222,18,28,30,274,18,8*53
$GPGSV,1,1,02,11,00,134,,15,01,045,,0*65
$GAGSV,2,1,07,02,21,223,21,10,49,143,33,11,80,152,31,12,25,141,27,1*73
$GAGSV,2,2,07,14,26,101,27,16,50,059,47,25,74,194,26,1*47
$GAGSV,1,1,03,10,49,143,37,14,26,101,31,16,50,059,48,5*4D
$GAGSV,2,1,07,10,49,143,29,11,80,152,29,12,25,141,30,14,26,101,25,7*76
$GAGSV,2,2,07,16,50,059,46,25,74,194,32,36,46,318,22,7*4C
$GBGSV,2,1,06,26,53,253,24,29,34,132,40,31,27,273,20,35,63,213,14,3*7C
$GBGSV,2,2,06,36,05,024,25,39,47,358,49,3*79
$GBGSV,2,1,07,12,16,084,19,20,13,103,08,26,53,253,17,29,34,132,38,5*7B
$GBGSV,2,2,07,31,27,273,15,35,63,213,16,39,47,358,47,5*40
$GBGSV,2,1,08,11,13,122,15,19,15,057,20,26,53,253,25,29,34,132,38,8*79
$GBGSV,2,2,08,31,27,273,11,35,63,213,21,36,05,024,23,39,47,358,47,8*75
$GBGSV,1,1,02,22,00,010,,24,14,221,,0*76
$GNGLL,3001.74224,S,05112.74954,W,162606.00,A,D*71
$GNRMC,162607.00,A,3001.74224,S,05112.74954,W,0.011,,090926,,,F,V*15
$GNVTG,,T,,M,0.011,N,0.020,K,D*3A
$GNGGA,162607.00,3001.74224,S,05112.74954,W,5,12,0.84,48.4,M,4.8,M,2.0,0920*68
$GNGSA,M,3,29,31,05,12,13,18,21,25,28,,,,1.54,0.84,1.30,1*09
$GNGSA,M,3,10,11,12,16,25,36,02,,,,,,1.54,0.84,1.30,3*04
$GNGSA,M,3,35,39,26,29,,,,,,,,,1.54,0.84,1.30,4*05
$GPGSV,2,1,06,05,43,102,46,12,36,045,49,13,30,038,45,23,09,353,29,1*65
$GPGSV,2,2,06,25,72,032,51,31,21,242,26,1*64
$GPGSV,3,1,10,05,43,102,44,12,36,045,42,13,30,038,34,18,57,295,18,6*61
$GPGSV,3,2,10,21,18,131,27,23,09,353,27,25,72,032,45,28,30,274,20,6*6F
$GPGSV,3,3,10,29,58,180,24,31,21,242,17,6*68
$GPGSV,2,1,07,13,30,038,41,18,57,295,22,21,18,131,22,23,09,353,35,8*61
$GPGSV,2,2,07,25,72,032,52,26,12,222,17,28,30,274,19,8*5D
$GPGSV,1,1,02,11,00,134,,15,01,045,,0*65
$GAGSV,2,1,07,02,21,223,21,10,49,143,33,11,80,152,31,12,25,141,27,1*73
$GAGSV,2,2,07,14,26,101,26,16,50,059,47,25,74,194,26,1*46
$GAGSV,1,1,03,10,49,143,36,14,26,101,31,16,50,059,48,5*4C
$GAGSV,2,1,07,10,49,143,30,11,80,152,29,12,25,141,30,14,26,101,26,7*7D
$GAGSV,2,2,07,16,50,059,46,25,74,194,32,36,46,318,21,7*4F
$GBGSV,2,1,06,26,53,253,23,29,34,132,40,31,27,273,20,35,63,213,13,3*7C
$GBGSV,2,2,06,36,05,024,25,39,47,358,49,3*79
$GBGSV,2,1,07,12,16,084,19,20,13,103,08,26,53,253,17,29,34,132,38,5*7B
$GBGSV,2,2,07,31,27,273,15,35,63,213,16,39,47,358,47,5*40
$GBGSV,2,1,08,11,13,122,15,19,15,057,20,26,53,253,24,29,34,132,38,8*78
$GBGSV,2,2,08,31,27,273,12,35,63,213,21,36,05,024,23,39,47,358,47,8*76
$GBGSV,1,1,02,22,00,010,,24,14,221,,0*76
$GNGLL,3001.74224,S,05112.74954,W,162607.00,A,D*70
$GNRMC,162608.00,A,3001.74224,S,05112.74953,W,0.018,,090926,,,F,V*14
$GNVTG,,T,,M,0.018,N,0.034,K,D*36
$GNGGA,162608.00,3001.74224,S,05112.74953,W,5,12,0.84,48.4,M,4.8,M,2.0,0920*60
$GNGSA,M,3,29,31,05,12,13,18,21,25,28,,,,1.54,0.84,1.30,1*09
$GNGSA,M,3,10,11,12,16,25,36,02,,,,,,1.54,0.84,1.30,3*04
$GNGSA,M,3,35,39,26,29,,,,,,,,,1.54,0.84,1.30,4*05
$GPGSV,2,1,06,05,43,102,46,12,36,045,49,13,30,038,45,23,09,353,29,1*65
$GPGSV,2,2,06,25,72,032,51,31,21,242,25,1*67
$GPGSV,3,1,10,05,43,102,44,12,36,045,42,13,30,038,34,18,57,295,18,6*61
$GPGSV,3,2,10,21,18,131,27,23,09,353,27,25,72,032,45,28,30,274,19,6*65
$GPGSV,3,3,10,29,58,180,23,31,21,242,16,6*6E
$GPGSV,2,1,07,13,30,038,41,18,57,295,21,21,18,131,22,23,09,353,35,8*62
$GPGSV,2,2,07,25,72,032,52,26,12,222,17,28,30,274,19,8*5D
$GPGSV,1,1,02,11,00,134,,15,01,045,,0*65
$GAGSV,2,1,07,02,21,223,21,10,49,143,33,11,80,152,31,12,25,141,28,1*7C
$GAGSV,2,2,07,14,26,101,26,16,50,059,47,25,74,194,26,1*46
$GAGSV,1,1,03,10,49,143,36,14,26,101,31,16,50,059,48,5*4C
$GAGSV,2,1,07,10,49,143,30,11,80,152,29,12,25,141,30,14,26,101,26,7*7D
$GAGSV,2,2,07,16,50,059,46,25,74,194,33,36,46,318,21,7*4E
$GBGSV,2,1,06,26,53,253,23,29,34,132,40,31,27,273,20,35,63,213,13,3*7C
$GBGSV,2,2,06,36,05,024,25,39,47,358,49,3*79
$GBGSV,2,1,07,12,16,084,19,20,13,103,08,26,53,253,17,29,34,132,38,5*7B
$GBGSV,2,2,07,31,27,273,15,35,63,213,16,39,47,358,47,5*40
$GBGSV,2,1,08,11,13,122,14,19,15,057,20,26,53,253,24,29,34,132,38,8*79
$GBGSV,2,2,08,31,27,273,12,35,63,213,21,36,05,024,23,39,47,358,47,8*76
$GBGSV,1,1,02,22,00,010,,24,14,221,,0*76
$GNGLL,3001.74224,S,05112.74953,W,162608.00,A,D*78
$GNRMC,162609.00,A,3001.74224,S,05112.74953,W,0.008,,090926,,,F,V*14
$GNVTG,,T,,M,0.008,N,0.015,K,D*34
$GNGGA,162609.00,3001.74224,S,05112.74953,W,5,12,0.84,48.4,M,4.8,M,2.0,0920*61
$GNGSA,M,3,29,31,05,12,13,18,21,25,28,,,,1.54,0.84,1.30,1*09
$GNGSA,M,3,10,11,12,16,25,36,02,,,,,,1.54,0.84,1.30,3*04
$GNGSA,M,3,35,39,26,29,,,,,,,,,1.54,0.84,1.30,4*05
$GPGSV,2,1,06,05,43,102,46,12,36,045,49,13,30,038,45,23,09,353,29,1*65
$GPGSV,2,2,06,25,72,032,51,31,21,242,25,1*67
$GPGSV,3,1,10,05,43,102,44,12,36,045,42,13,30,038,34,18,57,295,17,6*6E
$GPGSV,3,2,10,21,18,131,27,23,09,353,27,25,72,032,45,28,30,274,19,6*65
$GPGSV,3,3,10,29,58,180,23,31,21,242,16,6*6E
$GPGSV,2,1,07,13,30,038,41,18,57,295,21,21,18,131,23,23,09,353,35,8*63
$GPGSV,2,2,07,25,72,032,52,26,12,222,17,28,30,274,19,8*5D
$GPGSV,1,1,02,11,00,134,,15,01,045,,0*65
$GAGSV,2,1,07,02,21,223,21,10,49,143,33,11,80,152,31,12,25,141,28,1*7C
$GAGSV,2,2,07,14,26,101,26,16,50,059,47,25,74,194,26,1*46
$GAGSV,1,1,03,10,49,143,36,14,26,101,31,16,50,059,48,5*4C
$GAGSV,2,1,07,10,49,143,30,11,80,152,29,12,25,141,30,14,26,101,27,7*7C
$GAGSV,2,2,07,16,50,059,46,25,74,194,32,36,46,318,21,7*4F
$GBGSV,2,1,06,26,53,253,23,29,34,132,40,31,27,273,19,35,63,213,13,3*76
$GBGSV,2,2,06,36,05,024,24,39,47,358,49,3*78
$GBGSV,2,1,07,12,16,084,20,20,13,103,08,26,53,253,17,29,34,132,38,5*71
$GBGSV,2,2,07,31,27,273,14,35,63,213,16,39,47,358,47,5*41
$GBGSV,2,1,08,11,13,122,14,19,15,057,19,26,53,253,24,29,34,132,38,8*73
$GBGSV,2,2,08,31,27,273,12,35,63,213,21,36,05,024,22,39,47,358,47,8*77
$GBGSV,1,1,02,22,00,010,,24,14,221,,0*76
$GNGLL,3001.74224,S,05112.74953,W,162609.00,A,D*79
$GNRMC,162610.00,A,3001.74224,S,05112.74952,W,0.018,,090926,,,F,V*1C
$GNVTG,,T,,M,0.018,N,0.034,K,D*36
$GNGGA,162610.00,3001.74224,S,05112.74952,W,5,12,0.83,48.4,M,4.8,M,2.0,0920*6F
$GNGSA,M,3,29,31,05,12,13,18,21,25,28,,,,1.47,0.83,1.22,1*0F
$GNGSA,M,3,10,11,12,16,25,36,02,,,,,,1.47,0.83,1.22,3*02
$GNGSA,M,3,35,39,11,26,29,,,,,,,,1.47,0.83,1.22,4*03
$GPGSV,2,1,07,05,43,102,46,12,36,045,49,13,30,038,44,18,57,295,21,1*65
$GPGSV,2,2,07,23,09,353,29,25,72,032,51,31,21,242,24,1*51
$GPGSV,3,1,10,05,43,102,44,12,36,045,42,13,30,038,34,18,57,295,17,6*6E
$GPGSV,3,2,10,21,18,131,27,23,09,353,27,25,72,032,45,28,30,274,18,6*64
$GPGSV,3,3,10,29,58,180,23,31,21,242,15,6*6D
$GPGSV,2,1,07,13,30,038,41,18,57,295,21,21,18,131,23,23,09,353,36,8*60
$GPGSV,2,2,07,25,72,032,52,26,12,222,17,28,30,274,19,8*5D
$GPGSV,1,1,02,11,00,134,,15,01,045,,0*65
$GAGSV,2,1,07,02,21,223,21,10,49,143,33,11,80,152,31,12,25,141,28,1*7C
$GAGSV,2,2,07,14,26,101,25,16,50,059,47,25,74,194,26,1*45
$GAGSV,1,1,03,10,49,143,36,14,26,101,31,16,50,059,48,5*4C
$GAGSV,2,1,07,10,49,143,30,11,80,152,29,12,25,141,30,14,26,101,27,7*7C
$GAGSV,2,2,07,16,50,059,46,25,74,194,32,36,46,318,20,7*4E
$GBGSV,2,1,06,26,53,253,23,29,34,132,40,31,27,273,20,35,63,213,13,3*7C
$GBGSV,2,2,06,36,05,024,24,39,47,358,49,3*78
$GBGSV,2,1,07,12,16,084,20,20,13,103,07,26,53,253,17,29,34,132,38,5*7E
$GBGSV,2,2,07,31,27,273,14,35,63,213,16,39,47,358,47,5*41
$GBGSV,2,1,08,11,13,122,15,19,15,057,19,26,53,253,24,29,34,132,38,8*72
$GBGSV,2,2,08,31,27,273,12,35,63,213,20,36,05,024,22,39,47,358,47,8*76
$GBGSV,1,1,02,22,00,010,,24,14,221,,0*76
$GNGLL,3001.74224,S,05112.74952,W,162610.00,A,D*70
$GNRMC,162611.00,A,3001.74224,S,05112.74952,W,0.015,,090926,,,F,V*10
$GNVTG,,T,,M,0.015,N,0.028,K,D*36
$GNGGA,162611.00,3001.74224,S,05112.74952,W,5,12,0.84,48.4,M,4.8,M,2.0,0920*69
$GNGSA,M,3,29,31,05,12,13,18,21,25,28,,,,1.54,0.84,1.30,1*09
$GNGSA,M,3,10,11,12,16,25,36,02,,,,,,1.54,0.84,1.30,3*04
$GNGSA,M,3,35,39,26,29,,,,,,,,,1.54,0.84,1.30,4*05
$GPGSV,2,1,07,05,43,102,46,12,36,045,49,13,30,038,44,18,57,295,21,1*65
$GPGSV,2,2,07,23,09,353,29,25,72,032,51,31,21,242,24,1*51
$GPGSV,3,1,10,05,43,102,44,12,36,045,42,13,30,038,34,18,57,295,17,6*6E
$GPGSV,3,2,10,21,18,131,27,23,09,353,27,25,72,032,45,28,30,274,18,6*64
$GPGSV,3,3,10,29,58,180,24,31,21,242,16,6*69
$GPGSV,2,1,07,13,30,038,41,18,57,295,21,21,18,131,23,23,09,353,36,8*60
$GPGSV,2,2,07,25,72,032,52,26,12,222,17,28,30,274,20,8*57
$GPGSV,1,1,02,11,00,134,,15,01,045,,0*65
$GAGSV,2,1,07,02,21,223,21,10,49,143,33,11,80,152,31,12,25,141,28,1*7C
$GAGSV,2,2,07,14,26,101,25,16,50,059,47,25,74,194,26,1*45
$GAGSV,1,1,03,10,49,143,36,14,26,101,30,16,50,059,48,5*4D
$GAGSV,2,1,07,10,49,143,30,11,80,152,29,12,25,141,30,14,26,101,28,7*73
$GAGSV,2,2,07,16,50,059,46,25,74,194,33,36,46,318,20,7*4F
$GBGSV,2,1,06,26,53,253,22,29,34,132,40,31,27,273,20,35,63,213,14,3*7A
$GBGSV,2,2,06,36,05,024,25,39,47,358,49,3*79
$GBGSV,2,1,07,12,16,084,20,20,13,103,08,26,53,253,17,29,34,132,38,5*71
$GBGSV,2,2,07,31,27,273,13,35,63,213,17,39,47,358,47,5*47
$GBGSV,2,1,08,11,13,122,13,19,15,057,20,26,53,253,23,29,34,132,38,8*79
$GBGSV,2,2,08,31,27,273,11,35,63,213,21,36,05,024,23,39,47,358,47,8*75
$GBGSV,1,1,02,22,00,010,,24,14,221,,0*76
$GNGLL,3001.74224,S,05112.74952,W,162611.00,A,D*71
$GNRMC,162612.00,A,3001.74224,S,05112.74951,W,0.010,,090926,,,F,V*15
$GNVTG,,T,,M,0.010,N,0.018,K,D*30
$GNGGA,162612.00,3001.74224,S,05112.74951,W,5,12,0.84,48.5,M,4.8,M,2.0,0920*68
$GNGSA,M,3,29,31,05,12,13,18,21,25,28,,,,1.54,0.84,1.30,1*09
$GNGSA,M,3,10,11,12,16,25,36,02,,,,,,1.54,0.84,1.30,3*04
$GNGSA,M,3,35,39,26,29,,,,,,,,,1.54,0.84,1.30,4*05
$GPGSV,2,1,07,05,43,102,46,12,36,045,49,13,30,038,44,18,57,295,20,1*64
$GPGSV,2,2,07,23,09,353,29,25,72,032,51,31,21,242,23,1*56
$GPGSV,3,1,10,05,43,102,44,12,36,045,42,13,30,038,34,18,57,295,17,6*6E
$GPGSV,3,2,10,21,18,131,26,23,09,353,27,25,72,032,45,28,30,274,17,6*6A
$GPGSV,3,3,10,29,58,180,24,31,21,242,16,6*69
$GPGSV,2,1,07,13,30,038,41,18,57,295,21,21,18,131,22,23,09,353,36,8*61
$GPGSV,2,2,07,25,72,032,52,26,12,222,17,28,30,274,19,8*5D
$GPGSV,1,1,02,11,00,134,,15,01,045,,0*65
$GAGSV,2,1,08,02,21,223,21,10,49,143,33,11,80,152,31,12,25,141,27,1*7C
$GAGSV,2,2,08,14,26,101,24,16,50,059,47,25,74,194,26,36,46,318,17,1*70
$GAGSV,1,1,03,10,49,143,36,14,26,101,30,16,50,059,48,5*4D
$GAGSV,2,1,07,10,49,143,30,11,80,152,29,12,25,141,30,14,26,101,28,7*73
$GAGSV,2,2,07,16,50,059,46,25,74,194,33,36,46,318,19,7*45
$GBGSV,2,1,06,26,53,253,23,29,34,132,40,31,27,273,20,35,63,213,13,3*7C
$GBGSV,2,2,06,36,05,024,25,39,47,358,49,3*79
$GBGSV,2,1,06,12,16,084,20,26,53,253,17,29,34,132,38,31,27,273,12,5*78
$GBGSV,2,2,06,35,63,213,17,39,47,358,47,5*75
$GBGSV,2,1,08,11,13,122,14,19,15,057,20,26,53,253,23,29,34,132,38,8*7E
$GBGSV,2,2,08,31,27,273,13,35,63,213,21,36,05,024,22,39,47,358,47,8*76
$GBGSV,1,1,03,20,13,103,,22,00,010,,24,14,221,,0*45
$GNGLL,3001.74224,S,05112.74951,W,162612.00,A,D*71
$GNRMC,162613.00,A,3001.74224,S,05112.74950,W,0.031,,090926,,,F,V*16
$GNVTG,,T,,M,0.031,N,0.057,K,D*38
$GNGGA,162613.00,3001.74224,S,05112.74950,W,5,12,0.86,48.5,M,4.8,M,2.0,0920*6A
$GNGSA,M,3,29,31,05,12,13,18,21,25,28,,,,1.63,0.86,1.39,1*06
$GNGSA,M,3,10,11,12,16,25,36,02,,,,,,1.63,0.86,1.39,3*0B
$GNGSA,M,3,35,39,26,29,,,,,,,,,1.63,0.86,1.39,4*0A
$GPGSV,2,1,07,05,43,102,46,12,36,045,49,13,30,038,44,18,57,295,20,1*64
$GPGSV,2,2,07,23,09,353,29,25,72,032,51,31,21,242,22,1*57
$GPGSV,3,1,10,05,43,102,44,12,36,045,42,13,30,038,34,18,57,295,18,6*61
$GPGSV,3,2,10,21,18,131,26,23,09,353,27,25,72,032,45,28,30,274,15,6*68
$GPGSV,3,3,10,29,58,180,24,31,21,242,16,6*69
$GPGSV,2,1,07,13,30,038,41,18,57,295,21,21,18,131,23,23,09,353,35,8*63
$GPGSV,2,2,07,25,72,032,52,26,12,222,16,28,30,274,19,8*5C
$GPGSV,1,1,02,11,00,134,,15,01,045,,0*65
$GAGSV,2,1,08,02,21,223,21,10,49,143,33,11,80,152,31,12,25,141,28,1*73
$GAGSV,2,2,08,14,26,101,24,16,50,059,47,25,74,194,26,36,46,318,17,1*70
$GAGSV,1,1,03,10,49,143,36,14,26,101,31,16,50,059,48,5*4C
$GAGSV,2,1,07,10,49,143,30,11,80,152,28,12,25,141,30,14,26,101,29,7*73
$GAGSV,2,2,07,16,50,059,46,25,74,194,33,36,46,318,19,7*45
$GBGSV,2,1,06,26,53,253,23,29,34,132,40,31,27,273,20,35,63,213,08,3*76
$GBGSV,2,2,06,36,05,024,25,39,47,358,49,3*79
$GBGSV,2,1,05,12,16,084,20,26,53,253,17,29,34,132,38,35,63,213,18,5*73
$GBGSV,2,2,05,39,47,358,47,5*43
$GBGSV,2,1,08,11,13,122,14,19,15,057,19,26,53,253,23,29,34,132,38,8*74
$GBGSV,2,2,08,31,27,273,13,35,63,213,21,36,05,024,22,39,47,358,47,8*76
$GBGSV,1,1,03,20,13,103,,22,00,010,,24,14,221,,0*45
$GNGLL,3001.74224,S,05112.74950,W,162613.00,A,D*71
$GNRMC,162614.00,A,3001.74223,S,05112.74949,W,0.024,,090926,,,F,V*1A
$GNVTG,,T,,M,0.024,N,0.044,K,D*3E
$GNGGA,162614.00,3001.74223,S,05112.74949,W,5,12,0.86,48.5,M,4.8,M,2.0,0920*62
$GNGSA,M,3,29,31,05,12,13,18,21,25,,,,,1.63,0.86,1.39,1*0C
$GNGSA,M,3,10,11,12,16,25,36,02,,,,,,1.63,0.86,1.39,3*0B
$GNGSA,M,3,35,39,26,29,,,,,,,,,1.63,0.86,1.39,4*0A
$GPGSV,2,1,07,05,43,102,46,12,36,045,49,13,30,038,44,18,57,295,20,1*64
$GPGSV,2,2,07,23,09,353,29,25,72,032,51,31,21,242,22,1*57
$GPGSV,3,1,10,05,43,102,44,12,36,045,42,13,30,038,34,18,57,295,17,6*6E
$GPGSV,3,2,10,21,18,131,26,23,09,353,27,25,72,032,45,28,30,274,14,6*69
$GPGSV,3,3,10,29,58,180,24,31,21,242,15,6*6A
$GPGSV,2,1,07,13,30,038,41,18,57,295,21,21,18,131,23,23,09,353,35,8*63
$GPGSV,2,2,07,25,72,032,52,26,12,222,15,28,30,274,20,8*55
$GPGSV,1,1,02,11,00,134,,15,01,045,,0*65
$GAGSV,2,1,08,02,21,223,21,10,49,143,33,11,80,152,31,12,25,141,28,1*73
$GAGSV,2,2,08,14,26,101,23,16,50,059,47,25,74,194,26,36,46,318,16,1*76
$GAGSV,1,1,03,10,49,143,36,14,26,101,30,16,50,059,48,5*4D
$GAGSV,2,1,07,10,49,143,30,11,80,152,29,12,25,141,30,14,26,101,29,7*72
$GAGSV,2,2,07,16,50,059,46,25,74,194,32,36,46,318,19,7*44
$GBGSV,2,1,06,26,53,253,23,29,34,132,40,31,27,273,20,35,63,213,14,3*7B
$GBGSV,2,2,06,36,05,024,25,39,47,358,49,3*79
$GBGSV,2,1,06,11,13,122,16,12,16,084,20,26,53,253,18,29,34,132,38,5*71
$GBGSV,2,2,06,35,63,213,18,39,47,358,47,5*7A
$GBGSV,2,1,08,11,13,122,14,19,15,057,19,26,53,253,23,29,34,132,38,8*74
$GBGSV,2,2,08,31,27,273,12,35,63,213,21,36,05,024,22,39,47,358,47,8*77
$GBGSV,1,1,03,20,13,103,,22,00,010,,24,14,221,,0*45
$GNGLL,3001.74223,S,05112.74949,W,162614.00,A,D*79
$GNRMC,162615.00,A,3001.74223,S,05112.74947,W,0.007,,090926,,,F,V*14
$GNVTG,,T,,M,0.007,N,0.012,K,D*3C
$GNGGA,162615.00,3001.74223,S,05112.74947,W,5,12,0.86,48.5,M,4.8,M,2.0,0920*6D
$GNGSA,M,3,29,31,05,12,13,18,21,25,,,,,1.63,0.86,1.39,1*0C
$GNGSA,M,3,10,11,12,16,25,36,02,,,,,,1.63,0.86,1.39,3*0B
$GNGSA,M,3,35,39,26,29,,,,,,,,,1.63,0.86,1.39,4*0A
$GPGSV,2,1,07,05,43,102,46,12,36,045,49,13,30,038,44,18,57,295,20,1*64
$GPGSV,2,2,07,23,09,353,29,25,72,032,51,31,21,242,22,1*57
$GPGSV,3,1,10,05,43,102,44,12,36,045,42,13,30,038,34,18,57,295,18,6*61
$GPGSV,3,2,10,21,18,131,25,23,09,353,27,25,72,032,45,28,30,274,13,6*6D
$GPGSV,3,3,10,29,58,180,24,31,21,242,14,6*6B
$GPGSV,2,1,07,13,30,038,41,18,57,295,21,21,18,131,23,23,09,353,35,8*63
$GPGSV,2,2,07,25,72,032,52,26,12,222,16,28,30,274,20,8*56
$GPGSV,1,1,02,11,00,134,,15,01,045,,0*65
$GAGSV,2,1,08,02,21,223,21,10,49,143,33,11,80,152,31,12,25,141,27,1*7C
$GAGSV,2,2,08,14,26,101,23,16,50,059,47,25,74,194,26,36,46,318,16,1*76
$GAGSV,1,1,03,10,49,143,36,14,26,101,30,16,50,059,48,5*4D
$GAGSV,2,1,07,10,49,143,30,11,80,152,29,12,25,141,30,14,26,101,30,7*7A
$GAGSV,2,2,07,16,50,059,46,25,74,194,33,36,46,318,18,7*44
$GBGSV,2,1,06,26,53,253,23,29,34,132,40,31,27,273,19,35,63,213,13,3*76
$GBGSV,2,2,06,36,05,024,25,39,47,358,49,3*79
$GBGSV,2,1,06,11,13,122,16,12,16,084,20,26,53,253,18,29,34,132,38,5*71
$GBGSV,2,2,06,35,63,213,18,39,47,358,47,5*7A
$GBGSV,2,1,08,11,13,122,14,19,15,057,20,26,53,253,22,29,34,132,38,8*7F
$GBGSV,2,2,08,31,27,273,13,35,63,213,21,36,05,024,22,39,47,358,47,8*76
$GBGSV,1,1,03,20,13,103,,22,00,010,,24,14,221,,0*45
$GNGLL,3001.74223,S,05112.74947,W,162615.00,A,D*76
$GNRMC,162616.00,A,3001.74223,S,05112.74946,W,0.030,,090926,,,F,V*12
$GNVTG,,T,,M,0.030,N,0.056,K,D*38
$GNGGA,162616.00,3001.74223,S,05112.74946,W,5,12,0.86,48.5,M,4.8,M,2.0,0920*6F
$GNGSA,M,3,29,31,05,12,13,18,21,25,,,,,1.63,0.86,1.39,1*0C
$GNGSA,M,3,10,11,12,16,25,36,02,,,,,,1.63,0.86,1.39,3*0B
$GNGSA,M,3,35,39,26,29,,,,,,,,,1.63,0.86,1.39,4*0A
$GPGSV,2,1,06,05,43,102,46,12,36,045,49,13,30,038,44,23,09,353,29,1*64
$GPGSV,2,2,06,25,72,032,51,31,21,242,22,1*60
$GPGSV,3,1,10,05,43,102,44,12,36,045,42,13,30,038,34,18,57,295,18,6*61
$GPGSV,3,2,10,21,18,131,25,23,09,353,27,25,72,032,45,28,30,274,13,6*6D
$GPGSV,3,3,10,29,58,180,25,31,21,242,14,6*6A
$GPGSV,2,1,07,13,30,038,41,18,57,295,21,21,18,131,23,23,09,353,36,8*60
$GPGSV,2,2,07,25,72,032,52,26,12,222,16,28,30,274,19,8*5C
$GPGSV,1,1,02,11,00,134,,15,01,045,,0*65
$GAGSV,2,1,08,02,21,223,21,10,49,143,33,11,80,152,31,12,25,141,27,1*7C
$GAGSV,2,2,08,14,26,101,22,16,50,059,47,25,74,194,26,36,46,318,16,1*77
$GAGSV,1,1,03,10,49,143,36,14,26,101,30,16,50,059,48,5*4D
$GAGSV,2,1,07,10,49,143,30,11,80,152,29,12,25,141,30,14,26,101,30,7*7A
$GAGSV,2,2,07,16,50,059,46,25,74,194,33,36,46,318,18,7*44
$GBGSV,2,1,06,26,53,253,23,29,34,132,40,31,27,273,19,35,63,213,07,3*73
$GBGSV,2,2,06,36,05,024,24,39,47,358,49,3*78
$GBGSV,2,1,06,11,13,122,16,12,16,084,20,26,53,253,18,29,34,132,38,5*71
$GBGSV,2,2,06,35,63,213,18,39,47,358,47,5*7A
$GBGSV,2,1,08,11,13,122,14,19,15,057,20,26,53,253,22,29,34,132,38,8*7F
$GBGSV,2,2,08,31,27,273,13,35,63,213,21,36,05,024,22,39,47,358,47,8*76
$GBGSV,1,1,03,20,13,103,,22,00,010,,24,14,221,,0*45
$GNGLL,3001.74223,S,05112.74946,W,162616.00,A,D*74
$GNRMC,162617.00,A,3001.74222,S,05112.74945,W,0.023,,090926,,,F,V*13
$GNVTG,,T,,M,0.023,N,0.043,K,D*3E
$GNGGA,162617.00,3001.74222,S,05112.74945,W,5,12,0.86,48.6,M,4.8,M,2.0,0920*6F
$GNGSA,M,3,29,31,05,12,13,18,21,25,,,,,1.63,0.86,1.39,1*0C
$GNGSA,M,3,10,11,12,16,25,36,02,,,,,,1.63,0.86,1.39,3*0B
$GNGSA,M,3,35,39,26,29,,,,,,,,,1.63,0.86,1.39,4*0A
$GPGSV,2,1,06,05,43,102,46,12,36,045,49,13,30,038,44,23,09,353,29,1*64
$GPGSV,2,2,06,25,72,032,51,31,21,242,22,1*60
$GPGSV,3,1,10,05,43,102,44,12,36,045,42,13,30,038,34,18,57,295,17,6*6E
$GPGSV,3,2,10,21,18,131,25,23,09,353,27,25,72,032,45,28,30,274,13,6*6D
$GPGSV,3,3,10,29,58,180,24,31,21,242,11,6*6E
$GPGSV,2,1,07,13,30,038,41,18,57,295,21,21,18,131,23,23,09,353,35,8*63
$GPGSV,2,2,07,25,72,032,52,26,12,222,16,28,30,274,20,8*56
$GPGSV,1,1,02,11,00,134,,15,01,045,,0*65
$GAGSV,2,1,08,02,21,223,21,10,49,143,34,11,80,152,31,12,25,141,27,1*7B
$GAGSV,2,2,08,14,26,101,21,16,50,059,48,25,74,194,26,36,46,317,16,1*74
$GAGSV,1,1,03,10,49,143,36,14,26,101,30,16,50,059,48,5*4D
$GAGSV,2,1,07,10,49,143,31,11,80,152,29,12,25,141,30,14,26,101,30,7*7B
$GAGSV,2,2,07,16,50,059,46,25,74,194,32,36,46,317,18,7*4A
$GBGSV,2,1,06,26,53,253,23,29,34,132,40,31,27,273,19,35,63,213,11,3*74
$GBGSV,2,2,06,36,05,024,25,39,47,358,49,3*79
$GBGSV,2,1,07,11,13,122,16,12,16,084,19,26,53,253,18,29,34,132,38,5*7A
$GBGSV,2,2,07,35,63,213,17,36,05,024,15,39,47,358,47,5*46
$GBGSV,2,1,08,11,13,122,14,19,15,057,20,26,53,253,22,29,34,132,38,8*7F
$GBGSV,2,2,08,31,27,273,12,35,63,213,21,36,05,024,22,39,47,358,47,8*77
$GBGSV,1,1,03,20,13,103,,22,00,010,,24,14,221,,0*45
$GNGLL,3001.74222,S,05112.74945,W,162617.00,A,D*77
$GNRMC,162618.00,A,3001.74222,S,05112.74945,W,0.010,,090926,,,F,V*1C
$GNVTG,,T,,M,0.010,N,0.019,K,D*31
$GNGGA,162618.00,3001.74222,S,05112.74945,W,5,12,0.86,48.6,M,4.8,M,2.0,0920*60
$GNGSA,M,3,29,31,05,12,13,18,21,25,,,,,1.63,0.86,1.39,1*0C
$GNGSA,M,3,10,11,12,16,25,36,02,,,,,,1.63,0.86,1.39,3*0B
$GNGSA,M,3,35,39,26,29,,,,,,,,,1.63,0.86,1.39,4*0A
$GPGSV,2,1,06,05,43,102,46,12,36,045,49,13,30,038,44,23,09,353,29,1*64
$GPGSV,2,2,06,25,72,032,51,31,21,242,22,1*60
$GPGSV,3,1,10,05,43,102,44,12,36,045,42,13,30,038,34,18,57,295,18,6*61
$GPGSV,3,2,10,21,18,131,25,23,09,353,27,25,72,032,45,28,30,274,10,6*6E
$GPGSV,3,3,10,29,58,180,25,31,21,242,08,6*67
$GPGSV,2,1,07,13,30,038,41,18,57,295,21,21,18,131,22,23,09,353,36,8*61
$GPGSV,2,2,07,25,72,032,52,26,12,222,15,28,30,274,19,8*5F
$GPGSV,1,1,02,11,00,134,,15,01,045,,0*65
$GAGSV,2,1,08,02,21,223,20,10,49,143,33,11,80,152,31,12,25,141,27,1*7D
$GAGSV,2,2,08,14,26,101,21,16,50,059,47,25,74,194,26,36,46,317,16,1*7B
$GAGSV,1,1,03,10,49,143,36,14,26,101,30,16,50,059,48,5*4D
$GAGSV,2,1,07,10,49,143,30,11,80,152,29,12,25,141,30,14,26,101,31,7*7B
$GAGSV,2,2,07,16,50,059,46,25,74,194,33,36,46,317,17,7*44
$GBGSV,2,1,06,26,53,253,22,29,34,132,40,31,27,273,19,35,63,213,08,3*7D
$GBGSV,2,2,06,36,05,024,25,39,47,358,49,3*79
$GBGSV,2,1,07,11,13,122,14,12,16,084,19,26,53,253,19,29,34,132,38,5*79
$GBGSV,2,2,07,35,63,213,18,36,05,024,16,39,47,358,47,5*4A
$GBGSV,2,1,08,11,13,122,13,19,15,057,19,26,53,253,22,29,34,132,38,8*72
$GBGSV,2,2,08,31,27,273,12,35,63,213,21,36,05,024,22,39,47,358,47,8*77
$GBGSV,1,1,03,20,13,103,,22,00,010,,24,14,221,,0*45
$GNGLL,3001.74222,S,05112.74945,W,162618.00,A,D*78
$GNRMC,162619.00,A,3001.74223,S,05112.74945,W,0.021,,090926,,,F,V*1E
$GNVTG,,T,,M,0.021,N,0.039,K,D*31
$GNGGA,162619.00,3001.74223,S,05112.74945,W,5,12,0.84,48.6,M,4.8,M,2.0,0920*62
$GNGSA,M,3,29,31,05,12,13,18,21,25,,,,,1.51,0.84,1.26,1*01
$GNGSA,M,3,10,11,12,16,25,36,02,,,,,,1.51,0.84,1.26,3*06
$GNGSA,M,3,35,39,11,26,29,,,,,,,,1.51,0.84,1.26,4*07
$GPGSV,2,1,06,05,43,102,46,12,36,045,49,13,30,038,44,23,09,353,29,1*64
$GPGSV,2,2,06,25,72,032,51,31,21,242,21,1*63
$GPGSV,3,1,09,05,43,102,44,12,36,045,42,13,30,038,34,18,57,295,18,6*69
$GPGSV,3,2,09,21,18,131,24,23,09,353,27,25,72,032,45,28,30,274,08,6*6E
$GPGSV,3,3,09,29,58,180,25,6*52
$GPGSV,2,1,07,13,30,038,41,18,57,295,20,21,18,131,22,23,09,353,36,8*60
$GPGSV,2,2,07,25,72,032,52,26,12,222,15,28,30,274,19,8*5F
$GPGSV,1,1,02,11,00,134,,15,01,045,,0*65
$GAGSV,2,1,08,02,21,223,20,10,49,143,34,11,80,152,32,12,25,141,27,1*79
$GAGSV,2,2,08,14,26,101,21,16,50,059,48,25,74,194,26,36,46,317,17,1*75
$GAGSV,1,1,03,10,49,143,36,14,26,101,30,16,50,059,48,5*4D
$GAGSV,2,1,07,10,49,143,31,11,80,152,29,12,25,141,30,14,26,101,31,7*7A
$GAGSV,2,2,07,16,50,059,46,25,74,194,33,36,46,317,16,7*45
$GBGSV,2,1,06,26,53,253,22,29,34,132,40,31,27,273,18,35,63,213,11,3*74
$GBGSV,2,2,06,36,05,024,25,39,47,358,49,3*79
$GBGSV,2,1,07,11,13,122,15,12,16,084,20,26,53,253,19,29,34,132,38,5*72
$GBGSV,2,2,07,35,63,213,19,36,05,024,16,39,47,358,47,5*4B
$GBGSV,2,1,08,11,13,122,14,19,15,057,19,26,53,253,22,29,34,132,38,8*75
$GBGSV,2,2,08,31,27,273,09,35,63,213,21,36,05,024,22,39,47,358,47,8*7D
$GBGSV,1,1,03,20,13,103,,22,00,010,,24,14,221,,0*45
$GNGLL,3001.74223,S,05112.74945,W,162619.00,A,D*78
$GNRMC,162620.00,A,3001.74223,S,05112.74944,W,0.010,,090926,,,F,V*17
$GNVTG,,T,,M,0.010,N,0.019,K,D*31
$GNGGA,162620.00,3001.74223,S,05112.74944,W,5,12,0.84,48.6,M,4.8,M,2.0,0920*69
$GNGSA,M,3,29,31,05,12,13,18,21,25,,,,,1.51,0.84,1.26,1*01
$GNGSA,M,3,10,11,12,16,25,36,02,,,,,,1.51,0.84,1.26,3*06
$GNGSA,M,3,35,39,11,26,29,,,,,,,,1.51,0.84,1.26,4*07
$GPGSV,2,1,06,05,43,102,46,12,36,045,49,13,30,038,44,23,09,353,29,1*64
$GPGSV,2,2,06,25,72,032,51,31,21,242,21,1*63
$GPGSV,3,1,09,05,43,102,44,12,36,045,42,13,30,038,34,18,57,295,17,6*66
$GPGSV,3,2,09,21,18,131,24,23,09,353,27,25,72,032,45,28,30,274,08,6*6E
$GPGSV,3,3,09,29,58,180,25,6*52
$GPGSV,2,1,07,13,30,038,41,18,57,295,21,21,18,131,22,23,09,353,36,8*61
$GPGSV,2,2,07,25,72,032,52,26,12,222,14,28,30,274,19,8*5E
$GPGSV,1,1,02,11,00,134,,15,01,045,,0*65
$GAGSV,2,1,08,02,21,223,20,10,49,143,34,11,80,152,31,12,25,141,27,1*7A
$GAGSV,2,2,08,14,26,101,21,16,50,059,48,25,74,194,26,36,46,317,17,1*75
$GAGSV,1,1,03,10,49,143,36,14,26,101,30,16,50,059,48,5*4D
$GAGSV,2,1,07,10,49,143,31,11,80,152,29,12,25,141,30,14,26,101,31,7*7A
$GAGSV,2,2,07,16,50,059,46,25,74,194,32,36,46,317,16,7*44
$GBGSV,2,1,06,26,53,253,22,29,34,132,40,31,27,273,18,35,63,213,07,3*73
$GBGSV,2,2,06,36,05,024,25,39,47,358,49,3*79
$GBGSV,2,1,07,11,13,122,16,12,16,084,20,26,53,253,19,29,34,132,38,5*71
$GBGSV,2,2,07,35,63,213,19,36,05,024,15,39,47,358,47,5*48
$GBGSV,2,1,08,11,13,122,14,19,15,057,18,26,53,253,22,29,34,132,38,8*74
$GBGSV,2,2,08,31,27,273,09,35,63,213,21,36,05,024,22,39,47,358,47,8*7D
$GBGSV,1,1,03,20,13,103,,22,00,010,,24,14,221,,0*45
$GNGLL,3001.74223,S,05112.74944,W,162620.00,A,D*73
$GNRMC,162621.00,A,3001.74223,S,05112.74943,W,0.020,,090926,,,F,V*12
$GNVTG,,T,,M,0.020,N,0.037,K,D*3E
$GNGGA,162621.00,3001.74223,S,05112.74943,W,5,12,0.84,48.6,M,4.8,M,2.0,0920*6F
$GNGSA,M,3,29,31,05,12,13,18,21,25,,,,,1.51,0.84,1.26,1*01
$GNGSA,M,3,10,11,12,16,25,36,02,,,,,,1.51,0.84,1.26,3*06
$GNGSA,M,3,35,39,11,26,29,,,,,,,,1.51,0.84,1.26,4*07
$GPGSV,2,1,06,05,43,102,46,12,36,045,49,13,30,038,44,23,09,353,29,1*64
$GPGSV,2,2,06,25,72,032,51,31,21,242,21,1*63
$GPGSV,3,1,09,05,43,102,44,12,36,045,42,13,30,038,34,18,57,295,17,6*66
$GPGSV,3,2,09,21,18,131,23,23,09,353,27,25,72,032,45,28,30,274,08,6*69
$GPGSV,3,3,09,29,58,180,25,6*52
$GPGSV,2,1,07,13,30,038,41,18,57,295,21,21,18,131,22,23,09,353,35,8*62
$GPGSV,2,2,07,25,72,032,52,26,12,222,15,28,30,274,19,8*5F
$GPGSV,1,1,02,11,00,134,,15,01,045,,0*65
$GAGSV,2,1,08,02,21,223,20,10,49,143,34,11,80,152,32,12,25,141,27,1*79
$GAGSV,2,2,08,14,26,101,22,16,50,059,47,25,74,194,26,36,46,317,18,1*76
$GAGSV,1,1,03,10,49,143,36,14,26,101,30,16,50,059,48,5*4D
$GAGSV,2,1,07,10,49,143,31,11,80,152,29,12,25,141,30,14,26,101,32,7*79
$GAGSV,2,2,07,16,50,059,46,25,74,194,32,36,46,317,18,7*4A
$GBGSV,2,1,06,26,53,253,21,29,34,132,41,31,27,273,18,35,63,213,08,3*7E
$GBGSV,2,2,06,36,05,024,25,39,47,358,49,3*79
$GBGSV,2,1,07,11,13,122,16,12,16,084,20,26,53,253,19,29,34,132,38,5*71
$GBGSV,2,2,07,35,63,213,20,36,05,024,15,39,47,358,47,5*42
$GBGSV,2,1,07,11,13,122,14,19,15,057,19,26,53,253,22,29,34,132,38,8*7A
$GBGSV,2,2,07,35,63,213,21,36,05,024,22,39,47,358,47,8*4A
$GBGSV,1,1,03,20,13,103,,22,00,010,,24,14,221,,0*45
$GNGLL,3001.74223,S,05112.74943,W,162621.00,A,D*75
$GNRMC,162622.00,A,3001.74223,S,05112.74943,W,0.011,,090926,,,F,V*13
$GNVTG,,T,,M,0.011,N,0.021,K,D*3B
$GNGGA,162622.00,3001.74223,S,05112.74943,W,5,12,0.86,48.6,M,4.8,M,2.0,0920*6E
$GNGSA,M,3,29,31,05,12,13,18,21,25,,,,,1.63,0.86,1.39,1*0C
$GNGSA,M,3,10,11,12,16,25,36,02,,,,,,1.63,0.86,1.39,3*0B
$GNGSA,M,3,35,39,26,29,,,,,,,,,1.63,0.86,1.39,4*0A
$GPGSV,2,1,06,05,43,102,46,12,36,045,49,13,30,038,44,23,09,353,29,1*64
$GPGSV,2,2,06,25,72,032,51,31,21,242,22,1*60
$GPGSV,2,1,08,05,43,102,44,12,36,045,42,13,30,038,34,18,57,295,17,6*66
$GPGSV,2,2,08,21,18,131,23,23,09,353,27,25,72,032,45,29,58,180,25,6*61
$GPGSV,2,1,07,13,30,038,41,18,57,295,21,21,18,131,22,23,09,353,35,8*62
$GPGSV,2,2,07,25,72,032,52,26,12,222,14,28,30,274,19,8*5E
$GPGSV,1,1,02,11,00,134,,15,01,045,,0*65
$GAGSV,2,1,08,02,21,223,21,10,49,143,34,11,80,152,32,12,25,141,27,1*78
$GAGSV,2,2,08,14,26,101,23,16,50,059,48,25,74,194,27,36,46,317,19,1*78
$GAGSV,1,1,03,10,49,143,36,14,26,101,30,16,50,059,48,5*4D
$GAGSV,2,1,07,10,49,143,31,11,80,152,29,12,25,141,30,14,26,101,32,7*79
$GAGSV,2,2,07,16,50,059,46,25,74,194,33,36,46,317,18,7*4B
$GBGSV,2,1,06,26,53,253,21,29,34,132,40,31,27,273,17,35,63,213,07,3*7F
$GBGSV,2,2,06,36,05,024,25,39,47,358,49,3*79
$GBGSV,2,1,07,11,13,122,14,12,16,084,20,26,53,253,20,29,34,132,38,5*79
$GBGSV,2,2,07,35,63,213,19,36,05,024,16,39,47,358,47,5*4B
$GBGSV,2,1,07,11,13,122,13,19,15,057,19,26,53,253,22,29,34,132,38,8*7D
$GBGSV,2,2,07,35,63,213,21,36,05,024,21,39,47,358,47,8*49
$GBGSV,1,1,03,20,13,103,,22,00,010,,24,14,221,,0*45
$GNGLL,3001.74223,S,05112.74943,W,162622.00,A,D*76
$GNRMC,162623.00,A,3001.74223,S,05112.74943,W,0.030,,090926,,,F,V*11
$GNVTG,,T,,M,0.030,N,0.055,K,D*3B
$GNGGA,162623.00,3001.74223,S,05112.74943,W,5,12,0.86,48.6,M,4.8,M,2.0,0920*6F
$GNGSA,M,3,29,31,05,12,13,18,21,25,,,,,1.63,0.86,1.39,1*0C
$GNGSA,M,3,10,11,12,16,25,36,02,,,,,,1.63,0.86,1.39,3*0B
$GNGSA,M,3,35,39,26,29,,,,,,,,,1.63,0.86,1.39,4*0A
$GPGSV,2,1,06,05,43,102,46,12,36,045,49,13,30,038,44,23,09,353,29,1*64
$GPGSV,2,2,06,25,72,032,51,31,21,242,22,1*60
$GPGSV,2,1,08,05,43,102,44,12,36,045,42,13,30,038,33,18,57,295,17,6*61
$GPGSV,2,2,08,21,18,131,22,23,09,353,28,25,72,032,45,29,58,180,26,6*6C
$GPGSV,2,1,07,13,30,038,41,18,57,295,21,21,18,131,22,23,09,353,36,8*61
$GPGSV,2,2,07,25,72,032,52,26,12,222,14,28,30,274,18,8*5F
$GPGSV,1,1,02,11,00,134,,15,01,045,,0*65
$GAGSV,2,1,08,02,21,223,20,10,49,143,34,11,80,152,31,12,25,141,27,1*7A
$GAGSV,2,2,08,14,26,101,23,16,50,059,48,25,74,194,26,36,46,317,19,1*79
$GAGSV,1,1,03,10,49,143,36,14,26,101,30,16,50,059,48,5*4D
$GAGSV,2,1,07,10,49,143,30,11,80,152,29,12,25,141,30,14,26,101,32,7*78
$GAGSV,2,2,07,16,50,059,46,25,74,194,32,36,46,317,17,7*45
$GBGSV,2,1,06,26,53,253,21,29,34,132,40,31,27,273,17,35,63,213,12,3*7B
$GBGSV,2,2,06,36,05,024,25,39,47,358,49,3*79
$GBGSV,2,1,07,11,13,122,14,12,16,084,20,26,53,253,20,29,34,132,38,5*79
$GBGSV,2,2,07,35,63,213,19,36,05,024,16,39,47,358,47,5*4B
$GBGSV,2,1,07,11,13,122,13,19,15,057,19,26,53,253,22,29,34,132,38,8*7D
$GBGSV,2,2,07,35,63,213,20,36,05,024,21,39,47,358,47,8*48
$GBGSV,1,1,03,20,13,103,,22,00,010,,24,14,221,,0*45
$GNGLL,3001.74223,S,05112.74943,W,162623.00,A,D*77
$GNRMC,162624.00,A,3001.74223,S,05112.74944,W,0.021,,090926,,,F,V*11
$GNVTG,,T,,M,0.021,N,0.039,K,D*31
$GNGGA,162624.00,3001.74223,S,05112.74944,W,5,12,0.86,48.6,M,4.8,M,2.0,0920*6F
$GNGSA,M,3,29,31,05,12,13,18,21,25,,,,,1.63,0.86,1.39,1*0C
$GNGSA,M,3,10,11,12,16,25,36,02,,,,,,1.63,0.86,1.39,3*0B
$GNGSA,M,3,35,39,26,29,,,,,,,,,1.63,0.86,1.39,4*0A
$GPGSV,2,1,06,05,43,102,46,12,36,045,49,13,30,038,44,23,09,353,29,1*64
$GPGSV,2,2,06,25,72,032,51,31,21,242,23,1*61
$GPGSV,2,1,08,05,43,102,44,12,36,045,42,13,30,038,34,18,57,295,17,6*66
$GPGSV,2,2,08,21,18,131,22,23,09,353,28,25,72,032,45,29,58,180,26,6*6C
$GPGSV,2,1,07,13,30,038,40,18,57,295,22,21,18,131,22,23,09,353,36,8*63
$GPGSV,2,2,07,25,72,032,52,26,12,222,13,28,30,274,18,8*58
$GPGSV,1,1,02,11,00,134,,15,01,045,,0*65
$GAGSV,2,1,08,02,21,223,20,10,49,143,34,11,80,152,32,12,25,141,27,1*79
$GAGSV,2,2,08,14,26,101,23,16,50,059,48,25,74,194,26,36,46,317,19,1*79
$GAGSV,1,1,03,10,49,143,36,14,26,101,30,16,50,059,48,5*4D
$GAGSV,2,1,07,10,49,143,31,11,80,152,29,12,25,141,30,14,26,101,32,7*79
$GAGSV,2,2,07,16,50,059,46,25,74,194,32,36,46,317,16,7*44
$GBGSV,2,1,06,26,53,253,21,29,34,132,41,31,27,273,15,35,63,213,12,3*78
$GBGSV,2,2,06,36,05,024,25,39,47,358,49,3*79
$GBGSV,2,1,07,11,13,122,14,12,16,084,20,26,53,253,20,29,34,132,38,5*79
$GBGSV,2,2,07,35,63,213,19,36,05,024,16,39,47,358,47,5*4B
$GBGSV,2,1,07,11,13,122,12,19,15,057,19,26,53,253,22,29,34,132,38,8*7C
$GBGSV,2,2,07,35,63,213,20,36,05,024,21,39,47,358,47,8*48
$GBGSV,1,1,03,20,13,103,,22,00,010,,24,14,221,,0*45
$GNGLL,3001.74223,S,05112.74944,W,162624.00,A,D*77
$GNRMC,162625.00,A,3001.74224,S,05112.74944,W,0.012,,090926,,,F,V*17
$GNVTG,,T,,M,0.012,N,0.022,K,D*3B
$GNGGA,162625.00,3001.74224,S,05112.74944,W,5,12,0.84,48.6,M,4.8,M,2.0,0920*6B
$GNGSA,M,3,29,31,05,12,13,18,21,25,,,,,1.51,0.84,1.25,1*02
$GNGSA,M,3,10,11,12,16,25,36,02,,,,,,1.51,0.84,1.25,3*05
$GNGSA,M,3,35,39,11,26,29,,,,,,,,1.51,0.84,1.25,4*04
$GPGSV,2,1,06,05,43,102,46,12,36,045,49,13,30,038,44,23,09,353,29,1*64
$GPGSV,2,2,06,25,72,032,51,31,21,242,23,1*61
$GPGSV,2,1,08,05,43,102,44,12,36,045,42,13,30,038,34,18,57,295,17,6*66
$GPGSV,2,2,08,21,18,131,22,23,09,353,28,25,72,032,45,29,58,180,26,6*6C
$GPGSV,2,1,07,13,30,038,41,18,57,295,21,21,18,131,22,23,09,353,36,8*61
$GPGSV,2,2,07,25,72,032,52,26,12,222,13,28,30,274,18,8*58
$GPGSV,1,1,02,11,00,134,,15,01,045,,0*65
$GAGSV,2,1,08,02,21,223,20,10,49,143,34,11,80,152,31,12,25,141,27,1*7A
$GAGSV,2,2,08,14,26,101,23,16,50,059,48,25,74,194,26,36,46,317,20,1*73
$GAGSV,1,1,03,10,49,143,36,14,26,101,29,16,50,059,48,5*45
$GAGSV,2,1,07,10,49,143,31,11,80,152,29,12,25,141,30,14,26,101,32,7*79
$GAGSV,2,2,07,16,50,059,46,25,74,194,32,36,46,317,17,7*45
$GBGSV,2,1,06,26,53,253,21,29,34,132,40,31,27,273,14,35,63,213,08,3*73
$GBGSV,2,2,06,36,05,024,25,39,47,358,49,3*79
$GBGSV,2,1,07,11,13,122,15,12,16,084,20,26,53,253,20,29,34,132,38,5*78
$GBGSV,2,2,07,35,63,213,19,36,05,024,16,39,47,358,47,5*4B
$GBGSV,2,1,07,11,13,122,11,19,15,057,19,26,53,253,21,29,34,132,37,8*73
$GBGSV,2,2,07,35,63,213,20,36,05,024,21,39,47,358,47,8*48
$GBGSV,1,1,03,20,13,103,,22,00,010,,24,14,221,,0*45
$GNGLL,3001.74224,S,05112.74944,W,162625.00,A,D*71
$GNRMC,162626.00,A,3001.74224,S,05112.74944,W,0.032,,090926,,,F,V*16
$GNVTG,,T,,M,0.032,N,0.059,K,D*35
$GNGGA,162626.00,3001.74224,S,05112.74944,W,5,12,0.86,48.6,M,4.8,M,2.0,0920*6A
$GNGSA,M,3,29,31,05,12,13,18,21,25,,,,,1.63,0.86,1.39,1*0C
$GNGSA,M,3,10,11,12,16,25,36,02,,,,,,1.63,0.86,1.39,3*0B
$GNGSA,M,3,35,39,26,29,,,,,,,,,1.63,0.86,1.39,4*0A
$GPGSV,2,1,06,05,43,102,46,12,36,045,49,13,30,038,44,23,09,353,29,1*64
$GPGSV,2,2,06,25,72,032,51,31,21,242,23,1*61
$GPGSV,2,1,08,05,43,102,44,12,36,045,42,13,30,038,33,18,57,295,16,6*60
$GPGSV,2,2,08,21,18,131,21,23,09,353,28,25,72,032,45,29,58,180,26,6*6F
$GPGSV,2,1,07,13,30,038,41,18,57,295,21,21,18,131,22,23,09,353,36,8*61
$GPGSV,2,2,07,25,72,032,52,26,12,222,12,28,30,274,17,8*56
$GPGSV,1,1,02,11,00,134,,15,01,045,,0*65
$GAGSV,2,1,08,02,21,223,20,10,49,143,34,11,80,152,32,12,25,141,27,1*79
$GAGSV,2,2,08,14,26,101,23,16,50,059,48,25,74,194,26,36,46,317,20,1*73
$GAGSV,1,1,03,10,49,143,36,14,26,101,29,16,50,059,48,5*45
$GAGSV,2,1,07,10,49,143,30,11,80,152,29,12,25,141,30,14,26,101,32,7*78
$GAGSV,2,2,07,16,50,059,46,25,74,194,32,36,46,317,17,7*45
$GBGSV,2,1,06,26,53,253,21,29,34,132,40,31,27,273,13,35,63,213,07,3*7B
$GBGSV,2,2,06,36,05,024,25,39,47,358,49,3*79
$GBGSV,2,1,08,11,13,122,13,12,16,084,20,26,53,253,20,29,34,132,38,5*71
$GBGSV,2,2,08,31,27,273,15,35,63,213,20,36,05,024,15,39,47,358,47,5*78
$GBGSV,2,1,07,11,13,122,11,19,15,057,19,26,53,253,21,29,34,132,38,8*7C
$GBGSV,2,2,07,35,63,213,20,36,05,024,21,39,47,358,47,8*48
$GBGSV,1,1,03,20,13,103,,22,00,010,,24,14,221,,0*45
$GNGLL,3001.74224,S,05112.74944,W,162626.00,A,D*72
$GNRMC,162627.00,A,3001.74224,S,05112.74944,W,0.012,,090926,,,F,V*15
$GNVTG,,T,,M,0.012,N,0.022,K,D*3B
$GNGGA,162627.00,3001.74224,S,05112.74944,W,5,12,0.84,48.6,M,4.8,M,2.0,0920*69
$GNGSA,M,3,29,31,05,12,13,18,21,25,,,,,1.51,0.84,1.25,1*02
$GNGSA,M,3,10,11,12,16,25,36,02,,,,,,1.51,0.84,1.25,3*05
$GNGSA,M,3,35,39,11,26,29,,,,,,,,1.51,0.84,1.25,4*04
$GPGSV,2,1,06,05,43,102,46,12,36,045,49,13,30,038,44,23,09,353,29,1*64
$GPGSV,2,2,06,25,72,032,51,31,21,242,23,1*61
$GPGSV,2,1,08,05,43,102,44,12,36,045,42,13,30,038,33,18,57,295,16,6*60
$GPGSV,2,2,08,21,18,131,21,23,09,353,28,25,72,032,45,29,58,180,26,6*6F
$GPGSV,2,1,07,13,30,038,41,18,57,295,21,21,18,131,22,23,09,353,35,8*62
$GPGSV,2,2,07,25,72,032,52,26,12,222,12,28,30,274,17,8*56
$GPGSV,1,1,02,11,00,134,,15,01,045,,0*65
$GAGSV,2,1,08,02,21,223,21,10,49,143,34,11,80,152,32,12,25,141,27,1*78
$GAGSV,2,2,08,14,26,101,23,16,50,059,48,25,74,194,26,36,46,317,20,1*73
$GAGSV,1,1,04,10,49,143,36,12,25,141,31,14,26,101,30,16,50,059,48,5*78
$GAGSV,2,1,07,10,49,143,30,11,80,152,29,12,25,141,30,14,26,101,32,7*78
$GAGSV,2,2,07,16,50,059,46,25,74,194,32,36,46,317,16,7*44
$GBGSV,2,1,06,26,53,253,22,29,34,132,40,31,27,273,13,35,63,213,07,3*78
$GBGSV,2,2,06,36,05,024,25,39,47,358,49,3*79
$GBGSV,2,1,08,11,13,122,15,12,16,084,20,26,53,253,21,29,34,132,38,5*76
$GBGSV,2,2,08,31,27,273,14,35,63,213,20,36,05,024,16,39,47,358,47,5*7A
$GBGSV,2,1,07,11,13,122,11,19,15,057,19,26,53,253,21,29,34,132,37,8*73
$GBGSV,2,2,07,35,63,213,20,36,05,024,20,39,47,358,47,8*49
$GBGSV,1,1,03,20,13,103,,22,00,010,,24,14,221,,0*45
$GNGLL,3001.74224,S,05112.74944,W,162627.00,A,D*73
$GNRMC,162628.00,A,3001.74224,S,05112.74944,W,0.007,,090926,,,F,V*1E
$GNVTG,,T,,M,0.007,N,0.012,K,D*3C
$GNGGA,162628.00,3001.74224,S,05112.74944,W,5,12,0.86,48.6,M,4.8,M,2.0,0920*64
$GNGSA,M,3,29,31,05,12,13,18,21,25,,,,,1.63,0.86,1.39,1*0C
$GNGSA,M,3,10,11,12,16,25,36,02,,,,,,1.63,0.86,1.39,3*0B
$GNGSA,M,3,35,39,26,29,,,,,,,,,1.63,0.86,1.39,4*0A
$GPGSV,2,1,06,05,43,102,46,12,36,045,49,13,30,038,44,23,09,353,29,1*64
$GPGSV,2,2,06,25,72,032,51,31,21,242,24,1*66
$GPGSV,1,1,01,31,21,242,15,5*50
$GPGSV,2,1,08,05,43,102,44,12,36,045,42,13,30,038,33,18,57,295,16,6*60
$GPGSV,2,2,08,21,18,131,20,23,09,353,28,25,72,032,45,29,58,180,26,6*6E
$GPGSV,2,1,07,13,30,038,40,18,57,295,21,21,18,131,22,23,09,353,36,8*60
$GPGSV,2,2,07,25,72,032,52,26,12,222,11,28,30,274,17,8*55
$GPGSV,1,1,02,11,00,134,,15,01,045,,0*65
$GAGSV,2,1,08,02,21,223,21,10,49,143,34,11,80,152,32,12,25,141,27,1*78
$GAGSV,2,2,08,14,26,101,23,16,50,059,48,25,74,194,26,36,46,317,20,1*73
$GAGSV,1,1,04,10,49,143,36,12,25,141,32,14,26,101,29,16,50,059,48,5*73
$GAGSV,2,1,07,10,49,143,30,11,80,152,29,12,25,141,30,14,26,101,33,7*79
$GAGSV,2,2,07,16,50,059,46,25,74,194,32,36,46,317,17,7*45
$GBGSV,2,1,06,26,53,253,21,29,34,132,40,31,27,273,10,35,63,213,09,3*76
$GBGSV,2,2,06,36,05,024,24,39,47,358,49,3*78
$GBGSV,2,1,08,11,13,122,14,12,16,084,20,26,53,253,21,29,34,132,38,5*77
$GBGSV,2,2,08,31,27,273,12,35,63,213,21,36,05,024,16,39,47,358,47,5*7D
$GBGSV,2,1,07,11,13,122,11,19,15,057,19,26,53,253,21,29,34,132,37,8*73
$GBGSV,2,2,07,35,63,213,21,36,05,024,21,39,47,358,47,8*49
$GBGSV,1,1,03,20,13,103,,22,00,010,,24,14,221,,0*45
$GNGLL,3001.74224,S,05112.74944,W,162628.00,A,D*7C
$GNRMC,162629.00,A,3001.74224,S,05112.74944,W,0.005,,090926,,,F,V*1D
$GNVTG,,T,,M,0.005,N,0.008,K,D*35
$GNGGA,162629.00,3001.74224,S,05112.74944,W,5,12,0.86,48.6,M,4.8,M,2.0,0920*65
$GNGSA,M,3,29,31,05,12,13,18,21,25,,,,,1.63,0.86,1.39,1*0C
$GNGSA,M,3,10,11,12,16,25,36,02,,,,,,1.63,0.86,1.39,3*0B
$GNGSA,M,3,35,39,26,29,,,,,,,,,1.63,0.86,1.39,4*0A
$GPGSV,2,1,07,05,43,102,46,12,36,045,49,13,30,038,44,21,18,131,30,1*69
$GPGSV,2,2,07,23,09,353,29,25,72,032,51,31,21,242,24,1*51
$GPGSV,3,1,09,05,43,102,44,12,36,045,42,13,30,038,33,18,57,295,15,6*63
$GPGSV,3,2,09,21,18,131,20,23,09,353,28,25,72,032,45,29,58,180,26,6*6E
$GPGSV,3,3,09,31,21,242,17,6*59
$GPGSV,2,1,07,13,30,038,40,18,57,295,21,21,18,131,22,23,09,353,36,8*60
$GPGSV,2,2,07,25,72,032,52,26,12,222,09,28,30,274,17,8*5C
$GPGSV,1,1,02,11,00,134,,15,01,045,,0*65
$GAGSV,2,1,08,02,21,223,21,10,49,143,33,11,80,152,31,12,25,141,27,1*7C
$GAGSV,2,2,08,14,26,101,23,16,50,059,48,25,74,194,27,36,46,317,20,1*72
$GAGSV,1,1,04,10,49,143,36,12,25,141,32,14,26,101,29,16,50,059,48,5*73
$GAGSV,2,1,07,10,49,143,30,11,80,152,29,12,25,141,30,14,26,101,33,7*79
$GAGSV,2,2,07,16,50,059,46,25,74,194,32,36,46,317,16,7*44
$GBGSV,2,1,06,26,53,253,21,29,34,132,40,31,27,273,09,35,63,213,11,3*77
$GBGSV,2,2,06,36,05,024,25,39,47,358,49,3*79
$GBGSV,2,1,08,11,13,122,13,12,16,084,20,26,53,253,20,29,34,132,38,5*71
$GBGSV,2,2,08,31,27,273,13,35,63,213,21,36,05,024,16,39,47,358,47,5*7C
$GBGSV,2,1,07,11,13,122,11,19,15,057,20,26,53,253,21,29,34,132,38,8*76
$GBGSV,2,2,07,35,63,213,21,36,05,024,21,39,47,358,47,8*49
$GBGSV,1,1,03,20,13,103,,22,00,010,,24,14,221,,0*45
$GNGLL,3001.74224,S,05112.74944,W,162629.00,A,D*7D
$GNRMC,162630.00,A,3001.74224,S,05112.74944,W,0.019,,090926,,,F,V*18
$GNVTG,,T,,M,0.019,N,0.035,K,D*36
$GNGGA,162630.00,3001.74224,S,05112.74944,W,5,12,0.86,48.6,M,4.8,M,2.0,0920*6D
$GNGSA,M,3,29,31,05,12,13,21,25,,,,,,1.70,0.86,1.47,1*0E
$GNGSA,M,3,10,11,12,16,25,36,02,,,,,,1.70,0.86,1.47,3*00
$GNGSA,M,3,35,39,26,29,,,,,,,,,1.70,0.86,1.47,4*01
$GPGSV,2,1,07,05,43,102,46,12,36,045,49,13,30,038,44,21,18,131,31,1*68
$GPGSV,2,2,07,23,09,353,29,25,72,032,51,31,21,242,23,1*56
$GPGSV,3,1,09,05,43,102,44,12,36,045,42,13,30,038,33,18,57,295,14,6*62
$GPGSV,3,2,09,21,18,131,19,23,09,353,28,25,72,032,44,29,58,180,26,6*65
$GPGSV,3,3,09,31,21,242,16,6*58
$GPGSV,2,1,07,13,30,038,40,18,57,295,21,21,18,131,22,23,09,353,35,8*63
$GPGSV,2,2,07,25,72,032,52,26,12,222,08,28,30,274,16,8*5C
$GPGSV,1,1,02,11,00,134,,15,01,045,,0*65
$GAGSV,2,1,08,02,21,223,21,10,49,143,34,11,80,152,31,12,25,141,27,1*7B
$GAGSV,2,2,08,14,26,101,23,16,50,059,48,25,74,194,26,36,46,317,20,1*73
$GAGSV,1,1,04,10,49,143,36,12,25,141,32,14,26,101,29,16,50,059,48,5*73
$GAGSV,2,1,07,10,49,143,31,11,80,152,29,12,25,141,30,14,26,101,33,7*78
$GAGSV,2,2,07,16,50,059,46,25,74,194,32,36,46,317,15,7*47
$GBGSV,2,1,06,26,53,253,20,29,34,132,40,31,27,273,09,35,63,213,08,3*7E
$GBGSV,2,2,06,36,05,024,24,39,47,358,49,3*78
$GBGSV,3,1,09,11,13,122,09,11,13,122,09,12,16,084,20,26,53,253,20,5*77
$GBGSV,3,2,09,29,34,132,38,31,27,273,13,35,63,213,21,36,05,024,16,5*7F
$GBGSV,3,3,09,39,47,358,47,5*4F
$GBGSV,2,1,07,11,13,122,12,19,15,057,20,26,53,253,20,29,34,132,37,8*7B
$GBGSV,2,2,07,35,63,213,22,36,05,024,21,39,47,358,47,8*4A
$GBGSV,1,1,03,20,13,103,,22,00,010,,24,14,221,,0*45
$GNGLL,3001.74224,S,05112.74944,W,162630.00,A,D*75
$GNRMC,162631.00,A,3001.74224,S,05112.74944,W,0.013,,090926,,,F,V*13
$GNVTG,,T,,M,0.013,N,0.023,K,D*3B
$GNGGA,162631.00,3001.74224,S,05112.74944,W,5,12,0.86,48.5,M,4.8,M,2.0,0920*6F
$GNGSA,M,3,29,31,05,12,13,21,25,,,,,,1.70,0.86,1.47,1*0E
$GNGSA,M,3,10,11,12,16,25,36,02,,,,,,1.70,0.86,1.47,3*00
$GNGSA,M,3,35,39,26,29,,,,,,,,,1.70,0.86,1.47,4*01
$GPGSV,2,1,07,05,43,102,46,12,36,045,49,13,30,038,44,21,18,131,30,1*69
$GPGSV,2,2,07,23,09,353,29,25,72,032,51,31,21,242,22,1*57
$GPGSV,3,1,09,05,43,102,44,12,36,045,42,13,30,038,33,18,57,295,13,6*65
$GPGSV,3,2,09,21,18,131,18,23,09,353,28,25,72,032,44,29,58,180,26,6*64
$GPGSV,3,3,09,31,21,242,16,6*58
$GPGSV,2,1,06,13,30,038,40,18,57,295,21,21,18,131,22,23,09,353,35,8*62
$GPGSV,2,2,06,25,72,032,52,28,30,274,16,8*60
$GPGSV,1,1,03,11,00,134,,15,01,045,,26,12,222,,0*51
$GAGSV,2,1,08,02,21,223,21,10,49,143,34,11,80,152,32,12,25,141,27,1*78
$GAGSV,2,2,08,14,26,101,23,16,50,059,48,25,74,194,26,36,46,317,20,1*73
$GAGSV,1,1,04,10,49,143,36,12,25,141,32,14,26,101,29,16,50,059,48,5*73
$GAGSV,2,1,07,10,49,143,31,11,80,152,28,12,25,141,30,14,26,101,33,7*79
$GAGSV,2,2,07,16,50,059,46,25,74,194,32,36,46,317,15,7*47
$GBGSV,2,1,06,26,53,253,19,29,34,132,40,31,27,273,12,35,63,213,11,3*76
$GBGSV,2,2,06,36,05,024,25,39,47,358,49,3*79
$GBGSV,2,1,07,12,16,084,21,26,53,253,20,29,34,132,38,31,27,273,14,5*7A
$GBGSV,2,2,07,35,63,213,20,36,05,024,16,39,47,358,47,5*41
$GBGSV,2,1,07,11,13,122,09,19,15,057,19,26,53,253,20,29,34,132,38,8*74
$GBGSV,2,2,07,35,63,213,21,36,05,024,21,39,47,358,47,8*49
$GBGSV,1,1,03,20,13,103,,22,00,010,,24,14,221,,0*45
$GNGLL,3001.74224,S,05112.74944,W,162631.00,A,D*74
$GNRMC,162632.00,A,3001.74225,S,05112.74945,W,0.006,,090926,,,F,V*14
$GNVTG,,T,,M,0.006,N,0.012,K,D*3D
$GNGGA,162632.00,3001.74225,S,05112.74945,W,5,12,0.86,48.5,M,4.8,M,2.0,0920*6C
$GNGSA,M,3,29,31,05,12,13,21,25,,,,,,1.70,0.86,1.47,1*0E
$GNGSA,M,3,10,11,12,16,25,36,02,,,,,,1.70,0.86,1.47,3*00
$GNGSA,M,3,35,39,26,29,,,,,,,,,1.70,0.86,1.47,4*01
$GPGSV,2,1,07,05,43,102,46,12,36,045,49,13,30,038,44,21,18,131,30,1*69
$GPGSV,2,2,07,23,09,353,29,25,72,032,51,31,21,242,22,1*57
$GPGSV,3,1,09,05,43,102,44,12,36,045,42,13,30,038,33,18,57,295,12,6*64
$GPGSV,3,2,09,21,18,131,18,23,09,353,28,25,72,032,45,29,58,180,26,6*65
$GPGSV,3,3,09,31,21,242,16,6*58
$GPGSV,2,1,06,13,30,038,40,18,57,295,21,21,18,131,23,23,09,353,36,8*60
$GPGSV,2,2,06,25,72,032,52,28,30,274,16,8*60
$GPGSV,1,1,03,11,00,134,,15,01,045,,26,12,222,,0*51
$GAGSV,2,1,08,02,21,223,20,10,49,143,34,11,80,152,32,12,25,141,27,1*79
$GAGSV,2,2,08,14,26,101,23,16,50,059,48,25,74,194,26,36,46,317,19,1*79
$GAGSV,1,1,04,10,49,143,36,12,25,141,32,14,26,101,30,16,50,059,48,5*7B
$GAGSV,2,1,07,10,49,143,31,11,80,152,28,12,25,141,30,14,26,101,33,7*79
$GAGSV,2,2,07,16,50,059,46,25,74,194,32,36,46,317,13,7*41
$GBGSV,2,1,06,26,53,253,19,29,34,132,40,31,27,273,13,35,63,213,09,3*7E
$GBGSV,2,2,06,36,05,024,25,39,47,358,49,3*79
$GBGSV,2,1,07,12,16,084,21,26,53,253,21,29,34,132,38,31,27,273,12,5*7D
$GBGSV,2,2,07,35,63,213,20,36,05,024,16,39,47,358,47,5*41
$GBGSV,2,1,07,11,13,122,08,19,15,057,19,26,53,253,20,29,34,132,38,8*75
$GBGSV,2,2,07,35,63,213,21,36,05,024,21,39,47,358,47,8*49
$GBGSV,1,1,03,20,13,104,,22,00,010,,24,14,221,,0*42
$GNGLL,3001.74225,S,05112.74945,W,162632.00,A,D*77
$GNRMC,162633.00,A,3001.74225,S,05112.74945,W,0.021,,090926,,,F,V*10
$GNVTG,,T,,M,0.021,N,0.040,K,D*3F
$GNGGA,162633.00,3001.74225,S,05112.74945,W,5,12,0.86,48.5,M,4.8,M,2.0,0920*6D
$GNGSA,M,3,29,31,05,12,13,21,25,,,,,,1.70,0.86,1.47,1*0E
$GNGSA,M,3,10,11,12,16,25,36,02,,,,,,1.70,0.86,1.47,3*00
$GNGSA,M,3,35,39,26,29,,,,,,,,,1.70,0.86,1.47,4*01
$GPGSV,2,1,07,05,43,102,46,12,36,045,49,13,30,038,44,21,18,131,30,1*69
$GPGSV,2,2,07,23,09,353,29,25,72,032,51,31,21,242,22,1*57
$GPGSV,3,1,09,05,43,102,44,12,36,045,42,13,30,038,33,18,57,295,12,6*64
$GPGSV,3,2,09,21,18,131,17,23,09,353,28,25,72,032,45,29,58,180,26,6*6A
$GPGSV,3,3,09,31,21,242,17,6*59
$GPGSV,2,1,06,13,30,038,40,18,57,295,21,21,18,131,23,23,09,353,36,8*60
$GPGSV,2,2,06,25,72,032,52,28,30,274,16,8*60
$GPGSV,1,1,03,11,00,134,,15,01,045,,26,12,222,,0*51
$GAGSV,2,1,08,02,21,223,20,10,49,143,34,11,80,152,31,12,25,141,27,1*7A
$GAGSV,2,2,08,14,26,101,23,16,50,059,48,25,74,194,26,36,46,317,19,1*79
$GAGSV,1,1,04,10,49,143,36,12,25,141,32,14,26,101,28,16,50,059,48,5*72
$GAGSV,2,1,07,10,49,143,31,11,80,152,28,12,25,141,30,14,26,101,33,7*79
$GAGSV,2,2,07,16,50,059,46,25,74,194,32,36,46,317,11,7*43
$GBGSV,2,1,06,26,53,253,19,29,34,132,40,31,27,273,11,35,63,213,07,3*72
$GBGSV,2,2,06,36,05,024,25,39,47,358,49,3*79
$GBGSV,2,1,07,12,16,084,21,26,53,253,21,29,34,132,38,31,27,273,12,5*7D
$GBGSV,2,2,07,35,63,213,20,36,05,024,16,39,47,358,47,5*41
$GBGSV,2,1,08,11,13,122,08,19,15,057,19,26,53,253,19,29,34,132,37,8*7F
$GBGSV,2,2,08,31,27,273,14,35,63,213,21,36,05,024,21,39,47,358,47,8*72
$GBGSV,1,1,03,20,13,104,,22,00,010,,24,14,221,,0*42
$GNGLL,3001.74225,S,05112.74945,W,162633.00,A,D*76
$GNRMC,162634.00,A,3001.74225,S,05112.74946,W,0.014,,090926,,,F,V*12
$GNVTG,,T,,M,0.014,N,0.026,K,D*39
$GNGGA,162634.00,3001.74225,S,05112.74946,W,5,12,0.86,48.5,M,4.8,M,2.0,0920*69
$GNGSA,M,3,29,31,05,12,13,21,25,,,,,,1.70,0.86,1.47,1*0E
$GNGSA,M,3,10,11,12,16,25,36,02,,,,,,1.70,0.86,1.47,3*00
$GNGSA,M,3,35,39,26,29,,,,,,,,,1.70,0.86,1.47,4*01
$GPGSV,2,1,07,05,43,102,46,12,36,045,49,13,30,038,44,21,18,131,30,1*69
$GPGSV,2,2,07,23,09,353,29,25,72,032,51,31,21,242,21,1*54
$GPGSV,1,1,01,28,30,274,14,5*5C
$GPGSV,3,1,09,05,43,102,44,12,36,045,42,13,30,038,33,18,57,295,11,6*67
$GPGSV,3,2,09,21,18,131,17,23,09,353,28,25,72,032,45,29,58,180,26,6*6A
$GPGSV,3,3,09,31,21,242,17,6*59
$GPGSV,2,1,06,13,30,038,40,18,57,295,21,21,18,131,23,23,09,353,36,8*60
$GPGSV,2,2,06,25,72,032,52,28,30,274,15,8*63
$GPGSV,1,1,03,11,00,134,,15,01,045,,26,12,222,,0*51
$GAGSV,2,1,08,02,21,223,21,10,49,143,34,11,80,152,32,12,25,141,27,1*78
$GAGSV,2,2,08,14,26,101,23,16,50,059,48,25,74,194,26,36,46,317,19,1*79
$GAGSV,1,1,04,10,49,143,36,12,25,141,32,14,26,101,29,16,50,059,48,5*73
$GAGSV,2,1,07,10,49,143,31,11,80,152,28,12,25,141,30,14,26,101,33,7*79
$GAGSV,2,2,07,16,50,059,46,25,74,194,32,36,46,317,11,7*43
$GBGSV,2,1,06,26,53,253,20,29,34,132,40,31,27,273,14,35,63,213,08,3*72
$GBGSV,2,2,06,36,05,024,25,39,47,358,49,3*79
$GBGSV,2,1,07,12,16,084,21,26,53,253,21,29,34,132,38,31,27,273,12,5*7D
$GBGSV,2,2,07,35,63,213,20,36,05,024,16,39,47,358,47,5*41
$GBGSV,2,1,07,19,15,057,19,26,53,253,19,29,34,132,37,31,27,273,13,8*78
$GBGSV,2,2,07,35,63,213,21,36,05,024,21,39,47,358,47,8*49
$GBGSV,1,1,04,11,13,122,,20,13,104,,22,00,011,,24,14,221,,0*77
$GNGLL,3001.74225,S,05112.74946,W,162634.00,A,D*72
$GNRMC,162635.00,A,3001.74225,S,05112.74946,W,0.016,,090926,,,F,V*11
$GNVTG,,T,,M,0.016,N,0.030,K,D*3C
$GNGGA,162635.00,3001.74225,S,05112.74946,W,5,12,0.84,48.5,M,4.8,M,2.0,0920*6A
$GNGSA,M,3,29,31,05,12,13,21,25,,,,,,1.54,0.84,1.30,1*0A
$GNGSA,M,3,10,11,12,16,25,36,02,,,,,,1.54,0.84,1.30,3*04
$GNGSA,M,3,35,39,26,29,,,,,,,,,1.54,0.84,1.30,4*05
$GPGSV,2,1,07,05,43,102,46,12,36,045,49,13,30,038,44,21,18,131,30,1*69
$GPGSV,2,2,07,23,09,353,29,25,72,032,51,31,21,242,21,1*54
$GPGSV,3,1,10,05,43,102,45,12,36,045,42,13,30,038,33,18,57,295,12,6*6D
$GPGSV,3,2,10,21,18,131,17,23,09,353,28,25,72,032,45,28,30,274,15,6*65
$GPGSV,3,3,10,29,58,180,26,31,21,242,16,6*6B
$GPGSV,2,1,06,13,30,038,40,18,57,295,21,21,18,131,23,23,09,353,36,8*60
$GPGSV,2,2,06,25,72,032,52,28,30,274,15,8*63
$GPGSV,1,1,03,11,00,134,,15,01,045,,26,12,222,,0*51
$GAGSV,2,1,08,02,21,223,20,10,49,143,34,11,80,152,31,12,25,141,27,1*7A
$GAGSV,2,2,08,14,26,101,23,16,50,059,48,25,74,194,26,36,46,317,19,1*79
$GAGSV,1,1,04,10,49,143,36,12,25,141,32,14,26,101,28,16,50,059,48,5*72
$GAGSV,2,1,07,10,49,143,31,11,80,152,28,12,25,141,30,14,26,101,33,7*79
$GAGSV,2,2,07,16,50,059,46,25,74,194,32,36,46,317,08,7*4B
$GBGSV,2,1,06,26,53,253,20,29,34,132,40,31,27,273,10,35,63,213,09,3*77
$GBGSV,2,2,06,36,05,024,25,39,47,358,49,3*79
$GBGSV,2,1,07,12,16,084,21,26,53,253,20,29,34,132,38,31,27,273,13,5*7D
$GBGSV,2,2,07,35,63,213,20,36,05,024,17,39,47,358,47,5*40
$GBGSV,2,1,07,19,15,057,19,26,53,253,19,29,34,132,37,31,27,273,15,8*7E
$GBGSV,2,2,07,35,63,213,21,36,05,024,21,39,47,358,47,8*49
$GBGSV,1,1,04,11,13,122,,20,13,104,,22,00,011,,24,14,221,,0*77
$GNGLL,3001.74225,S,05112.74946,W,162635.00,A,D*73
$GNRMC,162636.00,A,3001.74226,S,05112.74947,W,0.024,,090926,,,F,V*11
$GNVTG,,T,,M,0.024,N,0.044,K,D*3E
$GNGGA,162636.00,3001.74226,S,05112.74947,W,5,12,0.86,48.5,M,4.8,M,2.0,0920*69
$GNGSA,M,3,29,31,05,12,13,21,25,,,,,,1.70,0.86,1.47,1*0E
$GNGSA,M,3,10,11,12,16,25,36,02,,,,,,1.70,0.86,1.47,3*00
$GNGSA,M,3,35,39,26,29,,,,,,,,,1.70,0.86,1.47,4*01
$GPGSV,2,1,07,05,43,102,46,12,36,045,49,13,30,038,44,21,18,131,31,1*68
$GPGSV,2,2,07,23,09,353,29,25,72,032,51,31,21,242,20,1*55
$GPGSV,3,1,10,05,43,102,45,12,36,045,42,13,30,038,34,18,57,295,11,6*69
$GPGSV,3,2,10,21,18,131,17,23,09,353,28,25,72,032,45,28,30,274,17,6*67
$GPGSV,3,3,10,29,58,180,26,31,21,242,16,6*6B
$GPGSV,2,1,05,13,30,038,40,18,57,295,21,21,18,131,23,23,09,353,36,8*63
$GPGSV,2,2,05,25,72,032,53,8*5D
$GPGSV,1,1,03,11,00,134,,15,01,045,,26,12,222,,0*51
$GAGSV,2,1,08,02,21,223,20,10,49,143,34,11,80,152,32,12,25,141,27,1*79
$GAGSV,2,2,08,14,26,101,23,16,50,059,48,25,74,194,26,36,46,317,18,1*78
$GAGSV,1,1,04,10,49,143,35,12,25,141,32,14,26,101,28,16,50,059,48,5*71
$GAGSV,2,1,07,10,49,143,30,11,80,152,28,12,25,141,30,14,26,101,33,7*78
$GAGSV,2,2,07,16,50,059,46,25,74,194,32,36,46,317,09,7*4A
$GBGSV,2,1,06,26,53,253,20,29,34,132,40,31,27,273,15,35,63,213,09,3*72
$GBGSV,2,2,06,36,05,024,24,39,47,358,49,3*78
$GBGSV,2,1,07,12,16,084,22,26,53,253,20,29,34,132,38,31,27,273,12,5*7F
$GBGSV,2,2,07,35,63,213,20,36,05,024,16,39,47,358,47,5*41
$GBGSV,2,1,07,19,15,057,19,26,53,253,18,29,34,132,37,31,27,273,13,8*79
$GBGSV,2,2,07,35,63,213,21,36,05,024,21,39,47,358,47,8*49
$GBGSV,1,1,04,11,13,122,,20,13,104,,22,00,011,,24,14,221,,0*77
$GNGLL,3001.74226,S,05112.74947,W,162636.00,A,D*72
$GNRMC,162637.00,A,3001.74226,S,05112.74948,W,0.015,,090926,,,F,V*1D
$GNVTG,,T,,M,0.015,N,0.029,K,D*37
$GNGGA,162637.00,3001.74226,S,05112.74948,W,5,12,0.86,48.5,M,4.8,M,2.0,0920*67
$GNGSA,M,3,29,31,05,12,13,21,25,,,,,,1.70,0.86,1.47,1*0E
$GNGSA,M,3,10,11,12,16,25,36,02,,,,,,1.70,0.86,1.47,3*00
$GNGSA,M,3,35,39,26,29,,,,,,,,,1.70,0.86,1.47,4*01
$GPGSV,2,1,07,05,43,102,46,12,36,045,49,13,30,038,44,21,18,131,31,1*68
$GPGSV,2,2,07,23,09,353,29,25,72,032,51,31,21,242,20,1*55
$GPGSV,3,1,10,05,43,102,45,12,36,045,42,13,30,038,34,18,57,295,12,6*6A
$GPGSV,3,2,10,21,18,131,16,23,09,353,28,25,72,032,45,28,30,274,17,6*66
$GPGSV,3,3,10,29,58,180,26,31,21,242,16,6*6B
$GPGSV,2,1,06,13,30,038,40,18,57,295,22,21,18,131,22,23,09,353,36,8*62
$GPGSV,2,2,06,25,72,032,53,28,30,274,21,8*65
$GPGSV,1,1,03,11,00,134,,15,01,045,,26,12,222,,0*51
$GAGSV,2,1,08,02,21,223,20,10,49,143,34,11,80,152,31,12,25,141,27,1*7A
$GAGSV,2,2,08,14,26,101,24,16,50,059,48,25,74,194,27,36,46,317,18,1*7E
$GAGSV,1,1,04,10,49,143,36,12,25,141,32,14,26,101,29,16,50,059,48,5*73
$GAGSV,2,1,07,10,49,143,30,11,80,152,28,12,25,141,30,14,26,101,33,7*78
$GAGSV,2,2,07,16,50,059,46,25,74,194,32,36,46,317,08,7*4B
$GBGSV,2,1,06,26,53,253,20,29,34,132,40,31,27,273,15,35,63,213,10,3*7A
$GBGSV,2,2,06,36,05,024,24,39,47,358,49,3*78
$GBGSV,2,1,07,12,16,084,21,26,53,253,21,29,34,132,38,31,27,273,11,5*7E
$GBGSV,2,2,07,35,63,213,20,36,05,024,16,39,47,358,47,5*41
$GBGSV,2,1,07,19,15,057,20,26,53,253,18,29,34,132,37,31,27,273,12,8*72
$GBGSV,2,2,07,35,63,213,21,36,05,024,21,39,47,358,47,8*49
$GBGSV,1,1,04,11,13,122,,20,13,104,,22,00,011,,24,14,221,,0*77
$GNGLL,3001.74226,S,05112.74948,W,162637.00,A,D*7C
$GNRMC,162638.00,A,3001.74226,S,05112.74948,W,0.013,,090926,,,F,V*14
$GNVTG,,T,,M,0.013,N,0.024,K,D*3C
$GNGGA,162638.00,3001.74226,S,05112.74948,W,5,12,0.86,48.4,M,4.8,M,2.0,0920*69
$GNGSA,M,3,29,31,05,12,13,21,25,28,,,,,1.70,0.86,1.47,1*04
$GNGSA,M,3,10,11,12,16,25,36,02,,,,,,1.70,0.86,1.47,3*00
$GNGSA,M,3,35,39,26,29,,,,,,,,,1.70,0.86,1.47,4*01
$GPGSV,2,1,06,05,43,102,46,12,36,045,49,13,30,038,44,21,18,131,32,1*6A
$GPGSV,2,2,06,23,09,353,29,25,72,032,51,1*63
$GPGSV,3,1,10,05,43,102,45,12,36,045,42,13,30,038,34,18,57,295,13,6*6B
$GPGSV,3,2,10,21,18,131,15,23,09,353,28,25,72,032,45,28,30,274,17,6*65
$GPGSV,3,3,10,29,58,180,26,31,21,242,17,6*6A
$GPGSV,2,1,06,13,30,038,40,18,57,295,22,21,18,131,22,23,09,353,36,8*62
$GPGSV,2,2,06,25,72,032,53,28,30,274,21,8*65
$GPGSV,1,1,03,11,00,134,,15,01,045,,26,12,222,,0*51
$GAGSV,2,1,08,02,21,223,20,10,49,143,34,11,80,152,31,12,25,141,27,1*7A
$GAGSV,2,2,08,14,26,101,24,16,50,059,48,25,74,194,27,36,46,317,19,1*7F
$GAGSV,1,1,04,10,49,143,36,12,25,141,32,14,26,101,29,16,50,059,48,5*73
$GAGSV,2,1,07,10,49,143,30,11,80,152,27,12,25,141,30,14,26,101,33,7*77
$GAGSV,2,2,07,16,50,059,46,25,74,194,32,36,46,317,08,7*4B
$GBGSV,2,1,06,26,53,255,20,29,34,132,41,31,27,273,11,35,63,213,07,3*7F
$GBGSV,2,2,06,36,05,024,25,39,47,358,49,3*79
$GBGSV,2,1,07,12,16,084,21,26,53,255,21,29,34,132,38,31,27,273,11,5*78
$GBGSV,2,2,07,35,63,213,21,36,05,024,17,39,47,358,47,5*41
$GBGSV,2,1,07,19,15,057,20,26,53,255,19,29,34,132,37,31,27,273,09,8*7F
$GBGSV,2,2,07,35,63,213,21,36,05,024,21,39,47,358,47,8*49
$GBGSV,1,1,04,11,13,122,,20,13,104,,22,00,011,,24,14,221,,0*77
$GNGLL,3001.74226,S,05112.74948,W,162638.00,A,D*73
$GNRMC,162639.00,A,3001.74226,S,05112.74948,W,0.008,,090926,,,F,V*1F
$GNVTG,,T,,M,0.008,N,0.014,K,D*35
$GNGGA,162639.00,3001.74226,S,05112.74948,W,5,12,0.86,48.4,M,4.8,M,2.0,0920*68
$GNGSA,M,3,29,31,05,12,13,21,25,28,,,,,1.70,0.86,1.47,1*04
$GNGSA,M,3,10,11,12,16,25,36,02,,,,,,1.70,0.86,1.47,3*00
$GNGSA,M,3,35,39,26,29,,,,,,,,,1.70,0.86,1.47,4*01
$GPGSV,2,1,06,05,43,102,46,12,36,045,49,13,30,038,44,21,18,131,32,1*6A
$GPGSV,2,2,06,23,09,353,29,25,72,032,51,1*63
$GPGSV,3,1,10,05,43,102,45,12,36,045,42,13,30,038,33,18,57,295,14,6*6B
$GPGSV,3,2,10,21,18,131,15,23,09,353,28,25,72,032,45,28,30,274,17,6*65
$GPGSV,3,3,10,29,58,180,26,31,21,242,17,6*6A
$GPGSV,2,1,06,13,30,038,40,18,57,295,22,21,18,131,23,23,09,353,36,8*63
$GPGSV,2,2,06,25,72,032,53,28,30,274,21,8*65
$GPGSV,1,1,03,11,00,134,,15,01,045,,26,12,222,,0*51
$GAGSV,2,1,08,02,21,223,21,10,49,143,34,11,80,152,32,12,25,141,27,1*78
$GAGSV,2,2,08,14,26,101,24,16,50,059,48,25,74,194,26,36,46,317,18,1*7F
$GAGSV,1,1,04,10,49,143,36,12,25,141,32,14,26,101,29,16,50,059,49,5*72
$GAGSV,2,1,07,10,49,143,30,11,80,152,27,12,25,141,30,14,26,101,33,7*77
$GAGSV,2,2,07,16,50,059,46,25,74,194,32,36,46,317,07,7*44
$GBGSV,2,1,06,26,53,255,20,29,34,132,40,31,27,273,07,35,63,213,09,3*77
$GBGSV,2,2,06,36,05,024,25,39,47,358,49,3*79
$GBGSV,2,1,07,12,16,084,22,26,53,255,21,29,34,132,38,31,27,273,10,5*7A
$GBGSV,2,2,07,35,63,213,21,36,05,024,16,39,47,358,47,5*40
$GBGSV,2,1,07,19,15,057,20,26,53,255,18,29,34,132,37,31,27,273,08,8*7F
$GBGSV,2,2,07,35,63,213,21,36,05,024,21,39,47,358,47,8*49
$GBGSV,1,1,04,11,13,122,,20,13,104,,22,00,011,,24,14,221,,0*77
$GNGLL,3001.74226,S,05112.74948,W,162639.00,A,D*72
$GNRMC,162640.00,A,3001.74227,S,05112.74949,W,0.017,,090926,,,F,V*1F
$GNVTG,,T,,M,0.017,N,0.032,K,D*3F
$GNGGA,162640.00,3001.74227,S,05112.74949,W,5,12,0.86,48.4,M,4.8,M,2.0,0920*66
$GNGSA,M,3,29,31,05,12,13,21,25,28,,,,,1.70,0.86,1.47,1*04
$GNGSA,M,3,10,11,12,16,25,36,02,,,,,,1.70,0.86,1.47,3*00
$GNGSA,M,3,35,39,26,29,,,,,,,,,1.70,0.86,1.47,4*01
$GPGSV,2,1,06,05,43,102,46,12,36,045,49,13,30,038,44,21,18,131,32,1*6A
$GPGSV,2,2,06,23,09,353,29,25,72,032,51,1*63
$GPGSV,3,1,10,05,43,102,44,12,36,045,42,13,30,038,33,18,57,295,13,6*6D
$GPGSV,3,2,10,21,18,131,13,23,09,353,28,25,72,032,45,28,30,274,18,6*6C
$GPGSV,3,3,10,29,58,180,26,31,21,242,16,6*6B
$GPGSV,2,1,06,13,30,038,40,18,57,295,21,21,18,131,23,23,09,353,36,8*60
$GPGSV,2,2,06,25,72,032,52,28,30,274,21,8*64
$GPGSV,1,1,03,11,00,134,,15,01,045,,26,12,222,,0*51
$GAGSV,2,1,08,02,21,223,20,10,49,143,34,11,80,152,31,12,25,141,27,1*7A
$GAGSV,2,2,08,14,26,101,24,16,50,059,48,25,74,194,26,36,46,317,19,1*7E
$GAGSV,1,1,04,10,49,143,35,12,25,141,32,14,26,101,29,16,50,059,48,5*70
$GAGSV,2,1,07,10,49,143,30,11,80,152,27,12,25,141,30,14,26,101,33,7*77
$GAGSV,2,2,07,16,50,059,46,25,74,194,32,36,46,317,12,7*40
$GBGSV,2,1,05,26,53,255,19,29,34,132,40,35,63,213,10,36,05,024,25,3*71
$GBGSV,2,2,05,39,47,358,49,3*4B
$GBGSV,2,1,06,12,16,084,21,26,53,255,21,29,34,132,38,35,63,213,20,5*79
$GBGSV,2,2,06,36,05,024,17,39,47,358,47,5*70
$GBGSV,2,1,07,19,15,057,20,26,53,255,18,29,34,132,37,31,27,273,12,8*74
$GBGSV,2,2,07,35,63,213,22,36,05,024,21,39,47,358,47,8*4A
$GBGSV,1,1,04,11,13,122,,20,13,104,,22,00,011,,24,14,221,,0*77
$GNGLL,3001.74227,S,05112.74949,W,162640.00,A,D*7C
$GNRMC,162641.00,A,3001.74227,S,05112.74949,W,0.021,,090926,,,F,V*1B
$GNVTG,,T,,M,0.021,N,0.039,K,D*31
$GNGGA,162641.00,3001.74227,S,05112.74949,W,5,12,0.86,48.4,M,4.8,M,2.0,0920*67
$GNGSA,M,3,29,31,05,12,13,21,25,28,,,,,1.70,0.86,1.47,1*04
$GNGSA,M,3,10,11,12,16,25,36,02,,,,,,1.70,0.86,1.47,3*00
$GNGSA,M,3,35,39,26,29,,,,,,,,,1.70,0.86,1.47,4*01
$GPGSV,2,1,07,05,43,102,46,12,36,045,49,13,30,038,44,21,18,131,32,1*6B
$GPGSV,2,2,07,23,09,353,29,25,72,032,51,31,21,242,22,1*57
$GPGSV,3,1,10,05,43,102,44,12,36,045,42,13,30,038,33,18,57,295,12,6*6C
$GPGSV,3,2,10,21,18,131,13,23,09,353,28,25,72,032,45,28,30,274,18,6*6C
$GPGSV,3,3,10,29,58,180,26,31,21,242,16,6*6B
$GPGSV,2,1,06,13,30,038,40,18,57,295,22,21,18,131,22,23,09,353,36,8*62
$GPGSV,2,2,06,25,72,032,52,28,30,274,21,8*64
$GPGSV,1,1,03,11,00,134,,15,01,045,,26,12,222,,0*51
$GAGSV,2,1,08,02,21,223,19,10,49,143,34,11,80,152,32,12,25,141,26,1*72
$GAGSV,2,2,08,14,26,101,24,16,50,059,48,25,74,194,26,36,46,317,18,1*7F
$GAGSV,1,1,04,10,49,143,35,12,25,141,32,14,26,101,29,16,50,059,48,5*70
$GAGSV,2,1,07,10,49,143,30,11,80,152,27,12,25,141,30,14,26,101,33,7*77
$GAGSV,2,2,07,16,50,059,46,25,74,194,32,36,46,317,10,7*42
$GBGSV,2,1,05,26,53,255,19,29,33,131,40,35,63,213,08,36,05,024,25,3*7C
$GBGSV,2,2,05,39,47,358,49,3*4B
$GBGSV,2,1,06,12,16,084,22,26,53,255,21,29,33,131,38,35,63,213,21,5*7F
$GBGSV,2,2,06,36,05,024,16,39,47,358,47,5*71
$GBGSV,2,1,07,19,15,057,20,26,53,255,18,29,33,131,37,31,27,273,11,8*73
$GBGSV,2,2,07,35,63,213,21,36,05,024,21,39,47,358,47,8*49
$GBGSV,1,1,04,11,13,122,,20,13,104,,22,00,011,,24,14,221,,0*77
$GNGLL,3001.74227,S,05112.74949,W,162641.00,A,D*7D
$GNRMC,162642.00,A,3001.74227,S,05112.74950,W,0.022,,090926,,,F,V*13
$GNVTG,,T,,M,0.022,N,0.041,K,D*3D
$GNGGA,162642.00,3001.74227,S,05112.74950,W,5,12,0.86,48.4,M,4.8,M,2.0,0920*6C
$GNGSA,M,3,29,31,05,12,13,21,25,28,,,,,1.70,0.86,1.47,1*04
$GNGSA,M,3,10,11,12,16,25,36,02,,,,,,1.70,0.86,1.47,3*00
$GNGSA,M,3,35,39,26,29,,,,,,,,,1.70,0.86,1.47,4*01
$GPGSV,2,1,07,05,43,102,46,12,36,045,49,13,30,038,44,21,18,131,32,1*6B
$GPGSV,2,2,07,23,09,353,29,25,72,032,51,31,21,242,21,1*54
$GPGSV,3,1,10,05,43,102,44,12,36,045,42,13,30,038,33,18,57,295,12,6*6C
$GPGSV,3,2,10,21,18,131,13,23,09,353,28,25,72,032,45,28,30,274,19,6*6D
$GPGSV,3,3,10,29,58,180,26,31,21,242,15,6*68
$GPGSV,2,1,06,13,30,038,40,18,57,295,22,21,18,131,22,23,09,353,36,8*62
$GPGSV,2,2,06,25,72,032,52,28,30,274,20,8*65
$GPGSV,1,1,03,11,00,134,,15,01,045,,26,12,222,,0*51
$GAGSV,2,1,08,02,21,223,19,10,49,143,34,11,80,152,31,12,25,141,27,1*70
$GAGSV,2,2,08,14,26,101,24,16,50,059,48,25,74,194,26,36,46,317,19,1*7E
$GAGSV,1,1,04,10,49,143,36,12,25,141,32,14,26,101,28,16,50,059,48,5*72
$GAGSV,2,1,07,10,49,143,30,11,80,152,27,12,25,141,30,14,26,101,33,7*77
$GAGSV,2,2,07,16,50,059,46,25,74,194,32,36,46,317,10,7*42
$GBGSV,2,1,05,26,53,255,19,29,33,131,40,35,63,213,08,36,05,024,25,3*7C
$GBGSV,2,2,05,39,47,358,49,3*4B
$GBGSV,2,1,06,12,16,084,22,26,53,255,20,29,33,131,38,35,63,213,20,5*7F
$GBGSV,2,2,06,36,05,024,16,39,47,358,47,5*71
$GBGSV,2,1,07,19,15,057,20,26,53,255,17,29,33,131,37,31,27,273,11,8*7C
$GBGSV,2,2,07,35,63,213,22,36,05,024,20,39,47,358,47,8*4B
$GBGSV,1,1,04,11,13,122,,20,13,104,,22,00,011,,24,14,221,,0*77
$GNGLL,3001.74227,S,05112.74950,W,162642.00,A,D*76
$GNRMC,162643.00,A,3001.74227,S,05112.74950,W,0.006,,090926,,,F,V*14
$GNVTG,,T,,M,0.006,N,0.010,K,D*3F
$GNGGA,162643.00,3001.74227,S,05112.74950,W,5,12,0.86,48.3,M,4.8,M,2.0,0920*6A
$GNGSA,M,3,29,31,05,12,13,21,25,28,,,,,1.70,0.86,1.47,1*04
$GNGSA,M,3,10,11,12,16,25,36,02,,,,,,1.70,0.86,1.47,3*00
$GNGSA,M,3,35,39,26,29,,,,,,,,,1.70,0.86,1.47,4*01
$GPGSV,2,1,07,05,43,102,46,12,36,045,49,13,30,038,44,21,18,131,32,1*6B
$GPGSV,2,2,07,23,09,353,29,25,72,032,51,31,21,242,20,1*55
$GPGSV,3,1,10,05,43,102,44,12,36,045,42,13,30,038,33,18,57,295,12,6*6C
$GPGSV,3,2,10,21,18,131,14,23,09,353,28,25,72,032,44,28,30,274,19,6*6B
$GPGSV,3,3,10,29,58,180,26,31,21,242,15,6*68
$GPGSV,2,1,06,13,30,038,40,18,57,295,22,21,18,131,23,23,09,353,36,8*63
$GPGSV,2,2,06,25,72,032,52,28,30,274,20,8*65
$GPGSV,1,1,03,11,00,134,,15,01,045,,26,12,222,,0*51
$GAGSV,2,1,08,02,21,223,20,10,49,143,34,11,80,152,32,12,25,141,27,1*79
$GAGSV,2,2,08,14,26,101,24,16,50,059,48,25,74,194,26,36,46,317,18,1*7F
$GAGSV,1,1,04,10,49,143,36,12,25,141,32,14,26,101,29,16,50,059,49,5*72
$GAGSV,2,1,07,10,49,143,30,11,80,152,26,12,25,141,30,14,26,101,33,7*76
$GAGSV,2,2,07,16,50,059,46,25,74,194,32,36,46,317,10,7*42
$GBGSV,2,1,05,26,53,255,19,29,33,131,40,35,63,213,12,36,05,024,25,3*77
$GBGSV,2,2,05,39,47,358,49,3*4B
$GBGSV,2,1,06,12,16,084,22,26,53,255,20,29,33,131,38,35,63,213,20,5*7F
$GBGSV,2,2,06,36,05,024,16,39,47,358,47,5*71
$GBGSV,2,1,07,19,15,057,21,26,53,255,16,29,33,131,37,31,27,272,10,8*7C
$GBGSV,2,2,07,35,63,213,22,36,05,024,20,39,47,358,47,8*4B
$GBGSV,1,1,04,11,13,122,,20,13,104,,22,00,011,,24,14,221,,0*77
$GNGLL,3001.74227,S,05112.74950,W,162643.00,A,D*77
$GNRMC,162644.00,A,3001.74227,S,05112.74951,W,0.013,,090926,,,F,V*16
$GNVTG,,T,,M,0.013,N,0.024,K,D*3C
$GNGGA,162644.00,3001.74227,S,05112.74951,W,5,12,0.79,48.3,M,4.8,M,2.0,0920*6C
$GNGSA,M,3,29,31,05,12,13,21,25,28,,,,,1.66,0.79,1.46,1*02
$GNGSA,M,3,10,11,12,16,25,36,02,,,,,,1.66,0.79,1.46,3*06
$GNGSA,M,3,35,39,26,29,,,,,,,,,1.66,0.79,1.46,4*07
$GPGSV,2,1,07,05,43,102,46,12,36,045,49,13,30,038,43,21,18,131,32,1*6C
$GPGSV,2,2,07,23,09,353,29,25,72,032,51,31,21,242,20,1*55
$GPGSV,3,1,10,05,43,102,44,12,36,045,42,13,30,038,33,18,57,295,12,6*6C
$GPGSV,3,2,10,21,18,131,13,23,09,353,28,25,72,032,45,28,30,274,20,6*67
$GPGSV,3,3,10,29,58,180,26,31,21,242,15,6*68
$GPGSV,2,1,06,13,30,038,40,18,57,295,22,21,18,131,23,23,09,353,36,8*63
$GPGSV,2,2,06,25,72,032,52,28,30,274,21,8*64
$GPGSV,1,1,03,11,00,134,,15,01,045,,26,12,222,,0*51
$GAGSV,2,1,08,02,21,223,20,10,49,143,34,11,80,152,32,12,25,141,27,1*79
$GAGSV,2,2,08,14,26,101,25,16,50,059,48,25,74,194,26,36,46,317,18,1*7E
$GAGSV,1,1,04,10,49,143,35,12,25,141,32,14,26,101,29,16,50,059,49,5*71
$GAGSV,2,1,07,10,49,143,30,11,80,152,26,12,25,141,29,14,26,101,33,7*7E
$GAGSV,2,2,07,16,50,059,46,25,74,194,32,36,46,317,15,7*47
$GBGSV,2,1,05,26,53,255,19,29,33,131,40,35,63,213,10,36,05,024,25,3*75
$GBGSV,2,2,05,39,47,358,49,3*4B
$GBGSV,2,1,06,12,16,084,22,26,53,255,21,29,33,131,38,35,63,213,20,5*7E
$GBGSV,2,2,06,36,05,024,16,39,47,358,47,5*71
$GBGSV,2,1,07,19,15,057,20,26,53,255,16,29,33,131,37,31,27,272,08,8*74
$GBGSV,2,2,07,35,63,213,22,36,05,024,20,39,47,358,47,8*4B
$GBGSV,1,1,04,11,13,122,,20,13,104,,22,00,011,,24,14,221,,0*77
$GNGLL,3001.74227,S,05112.74951,W,162644.00,A,D*71
$GNRMC,162645.00,A,3001.74227,S,05112.74951,W,0.037,,090926,,,F,V*11
$GNVTG,,T,,M,0.037,N,0.068,K,D*32
$GNGGA,162645.00,3001.74227,S,05112.74951,W,5,12,0.86,48.3,M,4.8,M,2.0,0920*6D
$GNGSA,M,3,29,31,05,12,13,21,25,28,,,,,1.70,0.86,1.47,1*04
$GNGSA,M,3,10,11,12,16,25,36,02,,,,,,1.70,0.86,1.47,3*00
$GNGSA,M,3,35,39,26,29,,,,,,,,,1.70,0.86,1.47,4*01
$GPGSV,2,1,07,05,43,102,46,12,36,045,50,13,30,038,43,21,18,131,32,1*64
$GPGSV,2,2,07,23,09,353,29,25,72,032,51,31,21,242,20,1*55
$GPGSV,3,1,10,05,43,102,44,12,36,045,42,13,30,038,33,18,57,295,12,6*6C
$GPGSV,3,2,10,21,18,131,13,23,09,353,28,25,72,032,44,28,30,274,21,6*67
$GPGSV,3,3,10,29,58,180,26,31,21,242,14,6*69
$GPGSV,2,1,06,13,30,038,40,18,57,295,22,21,18,131,23,23,09,353,36,8*63
$GPGSV,2,2,06,25,72,032,53,28,30,274,21,8*65
$GPGSV,1,1,03,11,00,134,,15,01,045,,26,12,222,,0*51
$GAGSV,2,1,08,02,21,223,20,10,49,143,34,11,80,152,32,12,25,141,27,1*79
$GAGSV,2,2,08,14,26,101,25,16,50,059,48,25,74,194,26,36,46,317,18,1*7E
$GAGSV,1,1,04,10,49,143,35,12,25,141,32,14,26,101,29,16,50,059,49,5*71
$GAGSV,2,1,07,10,49,143,30,11,80,152,26,12,25,141,30,14,26,101,33,7*76
$GAGSV,2,2,07,16,50,059,46,25,74,194,32,36,46,317,12,7*40
$GBGSV,2,1,05,26,53,255,19,29,33,131,40,35,63,213,11,36,05,024,24,3*75
$GBGSV,2,2,05,39,47,358,49,3*4B
$GBGSV,2,1,06,12,16,084,22,26,53,255,20,29,33,131,38,35,63,213,20,5*7F
$GBGSV,2,2,06,36,05,024,16,39,47,358,47,5*71
$GBGSV,2,1,07,19,15,057,20,26,53,255,15,29,33,131,37,31,27,272,10,8*7E
$GBGSV,2,2,07,35,63,213,22,36,05,024,20,39,47,358,47,8*4B
$GBGSV,1,1,04,11,13,122,,20,13,104,,22,00,011,,24,14,221,,0*77
$GNGLL,3001.74227,S,05112.74951,W,162645.00,A,D*70
$GNRMC,162646.00,A,3001.74227,S,05112.74952,W,0.019,,090926,,,F,V*1D
$GNVTG,,T,,M,0.019,N,0.035,K,D*36
$GNGGA,162646.00,3001.74227,S,05112.74952,W,5,12,0.86,48.3,M,4.8,M,2.0,0920*6D
$GNGSA,M,3,29,05,12,13,21,25,28,,,,,,1.70,0.86,1.47,1*06
$GNGSA,M,3,10,11,12,16,25,36,02,,,,,,1.70,0.86,1.47,3*00
$GNGSA,M,3,35,39,26,29,,,,,,,,,1.70,0.86,1.47,4*01
$GPGSV,2,1,06,05,43,102,46,12,36,045,50,13,30,038,44,21,18,131,32,1*62
$GPGSV,2,2,06,23,09,353,28,25,72,032,51,1*62
$GPGSV,3,1,10,05,43,102,44,12,36,045,42,13,30,038,33,18,57,295,14,6*6A
$GPGSV,3,2,10,21,18,131,14,23,09,353,28,25,72,032,45,28,30,274,22,6*62
$GPGSV,3,3,10,29,58,180,26,31,21,242,12,6*6F
$GPGSV,2,1,06,13,30,038,40,18,57,295,22,21,18,131,23,23,09,353,36,8*63
$GPGSV,2,2,06,25,72,032,53,28,30,274,21,8*65
$GPGSV,1,1,03,11,00,134,,15,01,045,,26,12,222,,0*51
$GAGSV,2,1,08,02,21,223,21,10,49,143,34,11,80,152,32,12,25,141,27,1*78
$GAGSV,2,2,08,14,26,101,25,16,50,059,48,25,74,194,27,36,46,317,17,1*70
$GAGSV,1,1,04,10,49,143,35,12,25,141,32,14,26,101,29,16,50,059,49,5*71
$GAGSV,2,1,07,10,49,143,30,11,80,152,26,12,25,141,30,14,26,101,33,7*76
$GAGSV,2,2,07,16,50,059,46,25,74,194,32,36,46,317,11,7*43
$GBGSV,2,1,05,26,53,255,19,29,33,131,40,35,63,213,09,36,05,024,24,3*7C
$GBGSV,2,2,05,39,47,358,49,3*4B
$GBGSV,2,1,08,11,13,122,14,12,16,084,22,24,14,221,14,26,53,255,19,5*78
$GBGSV,2,2,08,29,33,131,38,35,63,213,20,36,05,024,16,39,47,358,47,5*7D
$GBGSV,2,1,07,19,15,057,20,26,53,255,15,29,33,131,37,31,27,272,11,8*7F
$GBGSV,2,2,07,35,63,213,22,36,05,024,20,39,47,358,47,8*4B
$GBGSV,1,1,02,20,13,104,,22,00,011,,0*70
$GNGLL,3001.74227,S,05112.74952,W,162646.00,A,D*70
$GNRMC,162647.00,A,3001.74228,S,05112.74952,W,0.005,,090926,,,F,V*1E
$GNVTG,,T,,M,0.005,N,0.009,K,D*34
$GNGGA,162647.00,3001.74228,S,05112.74952,W,5,12,0.86,48.3,M,4.8,M,2.0,0920*63
$GNGSA,M,3,29,05,12,13,21,25,28,,,,,,1.70,0.86,1.47,1*06
$GNGSA,M,3,10,11,12,16,25,36,02,,,,,,1.70,0.86,1.47,3*00
$GNGSA,M,3,35,39,26,29,,,,,,,,,1.70,0.86,1.47,4*01
$GPGSV,2,1,06,05,43,102,46,12,36,045,50,13,30,038,43,21,18,131,32,1*65
$GPGSV,2,2,06,23,09,353,28,25,72,032,51,1*62
$GPGSV,3,1,10,05,43,102,44,12,36,045,42,13,30,038,33,18,57,295,14,6*6A
$GPGSV,3,2,10,21,18,131,16,23,09,353,28,25,72,032,45,28,30,274,22,6*60
$GPGSV,3,3,10,29,58,180,26,31,21,242,09,6*65
$GPGSV,2,1,06,13,30,038,40,18,57,295,22,21,18,131,23,23,09,353,36,8*63
$GPGSV,2,2,06,25,72,032,53,28,30,274,21,8*65
$GPGSV,1,1,03,11,00,134,,15,01,045,,26,12,222,,0*51
$GAGSV,2,1,08,02,21,223,21,10,49,143,34,11,80,152,31,12,25,141,27,1*7B
$GAGSV,2,2,08,14,26,101,26,16,50,059,48,25,74,194,26,36,46,317,17,1*72
$GAGSV,1,1,04,10,49,143,35,12,25,141,32,14,26,101,29,16,50,059,49,5*71
$GAGSV,2,1,07,10,49,143,29,11,80,152,26,12,25,141,30,14,26,101,33,7*7E
$GAGSV,2,2,07,16,50,059,46,25,74,194,32,36,46,317,14,7*46
$GBGSV,2,1,05,26,53,255,19,29,33,131,40,35,63,212,09,36,05,024,24,3*7D
$GBGSV,2,2,05,39,47,358,49,3*4B
$GBGSV,2,1,08,11,13,122,14,12,16,084,22,24,14,221,13,26,53,255,19,5*7F
$GBGSV,2,2,08,29,33,131,38,35,63,212,20,36,05,024,16,39,47,358,47,5*7C
$GBGSV,2,1,07,19,15,057,20,26,53,255,15,29,33,131,37,31,27,272,12,8*7C
$GBGSV,2,2,07,35,63,212,22,36,05,024,20,39,47,358,47,8*4A
$GBGSV,1,1,02,20,13,104,,22,00,011,,0*70
$GNGLL,3001.74228,S,05112.74952,W,162647.00,A,D*7E
$GNRMC,162648.00,A,3001.74228,S,05112.74953,W,0.038,,090926,,,F,V*1E
$GNVTG,,T,,M,0.038,N,0.071,K,D*35
$GNGGA,162648.00,3001.74228,S,05112.74953,W,5,12,0.86,48.2,M,4.8,M,2.0,0920*6C
$GNGSA,M,3,29,05,12,13,18,21,25,28,,,,,1.70,0.86,1.47,1*0F
$GNGSA,M,3,10,11,12,16,25,36,02,,,,,,1.70,0.86,1.47,3*00
$GNGSA,M,3,35,39,26,29,,,,,,,,,1.70,0.86,1.47,4*01
$GPGSV,2,1,06,05,43,102,46,12,36,045,49,13,30,038,43,21,18,131,32,1*6D
$GPGSV,2,2,06,23,09,353,28,25,72,032,51,1*62
$GPGSV,3,1,10,05,43,102,44,12,36,045,42,13,30,038,33,18,57,295,16,6*68
$GPGSV,3,2,10,21,18,131,17,23,09,353,28,25,72,032,44,28,30,274,22,6*60
$GPGSV,3,3,10,29,58,180,26,31,21,242,09,6*65
$GPGSV,2,1,06,13,30,038,40,18,57,295,22,21,18,131,23,23,09,353,36,8*63
$GPGSV,2,2,06,25,72,032,53,28,30,274,21,8*65
$GPGSV,1,1,03,11,00,134,,15,01,045,,26,12,222,,0*51
$GAGSV,2,1,08,02,21,223,20,10,49,143,34,11,80,152,31,12,25,141,27,1*7A
$GAGSV,2,2,08,14,26,101,26,16,50,059,48,25,74,194,26,36,46,317,17,1*72
$GAGSV,1,1,04,10,49,143,35,12,25,141,32,14,26,101,29,16,50,059,48,5*70
$GAGSV,2,1,07,10,49,143,29,11,80,152,25,12,25,141,29,14,26,101,32,7*74
$GAGSV,2,2,07,16,50,059,46,25,74,194,32,36,46,317,08,7*4B
$GBGSV,2,1,05,26,53,255,19,29,33,131,40,35,63,212,15,36,04,024,23,3*76
$GBGSV,2,2,05,39,47,358,49,3*4B
$GBGSV,2,1,08,11,13,122,14,12,16,084,22,24,14,221,12,26,53,255,20,5*74
$GBGSV,2,2,08,29,33,131,38,35,63,212,20,36,04,024,16,39,47,358,47,5*7D
$GBGSV,2,1,07,19,15,057,20,26,53,255,16,29,33,131,37,31,27,272,12,8*7F
$GBGSV,2,2,07,35,63,212,23,36,04,024,20,39,47,358,47,8*4A
$GBGSV,1,1,02,20,13,104,,22,00,011,,0*70
$GNGLL,3001.74228,S,05112.74953,W,162648.00,A,D*70
$GNRMC,162649.00,A,3001.74228,S,05112.74954,W,0.023,,090926,,,F,V*12
$GNVTG,,T,,M,0.023,N,0.043,K,D*3E
$GNGGA,162649.00,3001.74228,S,05112.74954,W,5,12,0.94,48.2,M,4.8,M,2.0,0920*69
$GNGSA,M,3,29,05,12,13,18,21,25,28,,,,,1.74,0.94,1.47,1*08
$GNGSA,M,3,10,11,12,16,25,36,02,,,,,,1.74,0.94,1.47,3*07
$GNGSA,M,3,35,39,26,29,,,,,,,,,1.74,0.94,1.47,4*06
$GPGSV,2,1,06,05,43,102,46,12,36,045,50,13,30,038,43,21,18,131,32,1*65
$GPGSV,2,2,06,23,09,353,28,25,72,032,51,1*62
$GPGSV,3,1,09,05,43,102,44,12,36,045,42,13,30,038,33,18,57,295,16,6*60
$GPGSV,3,2,09,21,18,131,17,23,09,353,27,25,72,032,45,28,30,274,22,6*66
$GPGSV,3,3,09,29,58,180,26,6*51
$GPGSV,2,1,06,13,30,038,40,18,57,295,22,21,18,131,23,23,09,353,36,8*63
$GPGSV,2,2,06,25,72,032,53,28,30,274,21,8*65
$GPGSV,1,1,04,11,00,134,,15,01,045,,26,12,222,,31,21,242,,0*63
$GAGSV,2,1,08,02,21,223,21,10,49,143,34,11,80,152,31,12,25,141,27,1*7B
$GAGSV,2,2,08,14,26,101,26,16,50,059,48,25,74,194,26,36,46,317,16,1*73
$GAGSV,1,1,03,10,49,143,35,12,25,141,32,16,50,059,49,5*4C
$GAGSV,2,1,07,10,49,143,29,11,80,152,25,12,25,141,29,14,26,101,32,7*74
$GAGSV,2,2,07,16,50,059,46,25,74,194,32,36,46,317,09,7*4A
$GBGSV,2,1,05,26,53,255,19,29,33,131,40,35,63,212,10,36,04,024,24,3*74
$GBGSV,2,2,05,39,47,358,49,3*4B
$GBGSV,2,1,08,11,13,122,15,12,16,084,22,24,14,221,12,26,53,255,20,5*75
$GBGSV,2,2,08,29,33,131,38,35,63,212,19,36,04,024,16,39,47,358,47,5*77
$GBGSV,2,1,07,19,15,057,20,26,53,255,14,29,33,131,37,31,27,272,11,8*7E
$GBGSV,2,2,07,35,63,212,23,36,04,024,20,39,47,358,47,8*4A
$GBGSV,1,1,02,20,13,104,,22,00,011,,0*70
$GNGLL,3001.74228,S,05112.74954,W,162649.00,A,D*76
$GNRMC,162650.00,A,3001.74228,S,05112.74954,W,0.004,,090926,,,F,V*1F
$GNVTG,,T,,M,0.004,N,0.007,K,D*3B
$GNGGA,162650.00,3001.74228,S,05112.74954,W,5,12,0.91,48.2,M,4.8,M,2.0,0920*64
$GNGSA,M,3,29,05,12,13,18,21,25,28,,,,,1.60,0.91,1.32,1*0A
$GNGSA,M,3,10,11,12,16,25,36,02,,,,,,1.60,0.91,1.32,3*05
$GNGSA,M,3,35,39,11,26,29,,,,,,,,1.60,0.91,1.32,4*04
$GPGSV,2,1,06,05,43,102,46,12,36,045,50,13,30,038,44,21,18,131,33,1*63
$GPGSV,2,2,06,23,09,353,28,25,72,032,51,1*62
$GPGSV,3,1,09,05,43,102,44,12,36,045,42,13,30,038,34,18,57,295,15,6*64
$GPGSV,3,2,09,21,18,131,18,23,09,353,28,25,72,032,45,28,30,274,22,6*66
$GPGSV,3,3,09,29,58,180,26,6*51
$GPGSV,2,1,06,13,30,038,39,18,57,295,22,21,18,131,23,23,09,353,36,8*6D
$GPGSV,2,2,06,25,72,032,52,28,30,274,20,8*65
$GPGSV,1,1,04,11,00,134,,15,01,045,,26,12,222,,31,21,242,,0*63
$GAGSV,2,1,08,02,21,223,20,10,49,143,34,11,80,152,31,12,25,141,27,1*7A
$GAGSV,2,2,08,14,26,101,26,16,50,059,48,25,74,194,26,36,46,317,16,1*73
$GAGSV,1,1,03,10,49,143,35,12,25,141,32,16,50,059,49,5*4C
$GAGSV,2,1,07,10,49,143,29,11,80,152,25,12,25,141,29,14,26,101,32,7*74
$GAGSV,2,2,07,16,50,059,46,25,74,194,32,36,46,317,10,7*42
$GBGSV,2,1,05,26,53,255,19,29,33,131,40,35,63,212,12,36,04,024,24,3*76
$GBGSV,2,2,05,39,47,358,49,3*4B
$GBGSV,2,1,08,11,13,122,16,12,16,084,22,24,14,221,12,26,53,255,20,5*76
$GBGSV,2,2,08,29,33,131,38,35,63,212,20,36,04,024,16,39,47,358,47,5*7D
$GBGSV,2,1,07,19,15,057,20,26,53,255,13,29,33,131,37,31,27,272,12,8*7A
$GBGSV,2,2,07,35,63,212,23,36,04,024,19,39,47,358,47,8*40
$GBGSV,1,1,02,20,13,104,,22,00,011,,0*70
$GNGLL,3001.74228,S,05112.74954,W,162650.00,A,D*7E
$GNRMC,162651.00,A,3001.74228,S,05112.74955,W,0.025,,090926,,,F,V*1C
$GNVTG,,T,,M,0.025,N,0.046,K,D*3D
$GNGGA,162651.00,3001.74228,S,05112.74955,W,5,12,0.91,48.2,M,4.8,M,2.0,0920*64
$GNGSA,M,3,29,05,12,13,18,21,25,28,,,,,1.60,0.91,1.32,1*0A
$GNGSA,M,3,10,11,12,16,25,36,02,,,,,,1.60,0.91,1.32,3*05
$GNGSA,M,3,35,39,11,26,29,,,,,,,,1.60,0.91,1.32,4*04
$GPGSV,2,1,06,05,43,102,46,12,36,045,50,13,30,038,44,21,18,131,33,1*63
$GPGSV,2,2,06,23,09,353,28,25,72,032,51,1*62
$GPGSV,3,1,09,05,43,102,44,12,36,045,42,13,30,038,34,18,57,295,15,6*64
$GPGSV,3,2,09,21,18,131,19,23,09,353,28,25,72,032,45,28,30,274,23,6*66
$GPGSV,3,3,09,29,58,180,26,6*51
$GPGSV,2,1,06,13,30,038,39,18,57,295,23,21,18,131,23,23,09,353,36,8*6C
$GPGSV,2,2,06,25,72,032,52,28,30,274,20,8*65
$GPGSV,1,1,04,11,00,134,,15,01,045,,26,12,222,,31,21,242,,0*63
$GAGSV,2,1,08,02,21,223,20,10,49,143,34,11,80,152,31,12,25,141,27,1*7A
$GAGSV,2,2,08,14,26,101,26,16,50,059,48,25,74,194,26,36,46,317,17,1*72
$GAGSV,1,1,03,10,49,143,35,12,25,141,32,16,50,059,49,5*4C
$GAGSV,2,1,07,10,49,143,29,11,80,152,25,12,25,141,30,14,26,101,32,7*7C
$GAGSV,2,2,07,16,50,059,46,25,74,194,32,36,46,317,13,7*41
$GBGSV,2,1,05,26,53,255,19,29,33,131,40,35,63,212,12,36,04,024,24,3*76
$GBGSV,2,2,05,39,46,358,49,3*4A
$GBGSV,2,1,08,11,13,122,16,12,16,084,22,24,14,221,12,26,53,255,20,5*76
$GBGSV,2,2,08,29,33,131,38,35,63,212,20,36,04,024,16,39,46,358,47,5*7C
$GBGSV,2,1,07,19,15,057,21,26,53,255,13,29,33,131,37,31,27,272,13,8*7A
$GBGSV,2,2,07,35,63,212,23,36,04,024,19,39,46,358,47,8*41
$GBGSV,1,1,02,20,13,104,,22,00,011,,0*70
$GNGLL,3001.74228,S,05112.74955,W,162651.00,A,D*7E
$GNRMC,162652.00,A,3001.74228,S,05112.74956,W,0.019,,090926,,,F,V*13
$GNVTG,,T,,M,0.019,N,0.035,K,D*36
$GNGGA,162652.00,3001.74228,S,05112.74956,W,5,12,0.91,48.2,M,4.8,M,2.0,0920*64
$GNGSA,M,3,29,05,12,13,18,21,25,28,,,,,1.60,0.91,1.32,1*0A
$GNGSA,M,3,10,11,12,16,25,36,02,,,,,,1.60,0.91,1.32,3*05
$GNGSA,M,3,35,39,11,26,29,,,,,,,,1.60,0.91,1.32,4*04
$GPGSV,2,1,06,05,43,102,46,12,36,045,50,13,30,038,44,21,18,131,32,1*62
$GPGSV,2,2,06,23,09,353,28,25,72,032,51,1*62
$GPGSV,3,1,09,05,43,102,44,12,36,045,42,13,30,038,34,18,57,295,15,6*64
$GPGSV,3,2,09,21,18,131,20,23,09,353,28,25,72,032,45,28,30,274,23,6*6C
$GPGSV,3,3,09,29,58,180,26,6*51
$GPGSV,2,1,06,13,30,038,39,18,57,295,22,21,18,131,23,23,09,353,36,8*6D
$GPGSV,2,2,06,25,72,032,53,28,30,274,20,8*64
$GPGSV,1,1,04,11,00,134,,15,01,045,,26,12,222,,31,21,242,,0*63
$GAGSV,2,1,08,02,21,223,20,10,49,143,34,11,80,152,32,12,25,141,27,1*79
$GAGSV,2,2,08,14,26,101,27,16,50,059,48,25,74,194,26,36,46,317,17,1*73
$GAGSV,1,1,03,10,49,143,35,12,25,141,31,16,50,059,49,5*4F
$GAGSV,2,1,07,10,49,143,29,11,80,152,25,12,25,141,29,14,26,101,32,7*74
$GAGSV,2,2,07,16,50,059,46,25,74,194,32,36,46,317,10,7*42
$GBGSV,2,1,05,26,53,255,19,29,33,131,40,35,63,212,08,36,04,024,24,3*7D
$GBGSV,2,2,05,39,46,358,49,3*4A
$GBGSV,2,1,08,11,13,122,16,12,16,084,22,24,14,221,13,26,53,255,20,5*77
$GBGSV,2,2,08,29,33,131,38,35,63,212,20,36,04,024,16,39,46,358,47,5*7C
$GBGSV,2,1,07,19,15,057,21,26,53,255,14,29,33,131,37,31,27,272,14,8*7A
$GBGSV,2,2,07,35,63,212,23,36,04,024,19,39,46,358,47,8*41
$GBGSV,1,1,02,20,13,104,,22,00,011,,0*70
$GNGLL,3001.74228,S,05112.74956,W,162652.00,A,D*7E
$GNRMC,162653.00,A,3001.74229,S,05112.74957,W,0.028,,090926,,,F,V*10
$GNVTG,,T,,M,0.028,N,0.051,K,D*36
$GNGGA,162653.00,3001.74229,S,05112.74957,W,5,12,0.84,48.1,M,4.8,M,2.0,0920*62
$GNGSA,M,3,29,05,12,13,18,21,25,28,,,,,1.56,0.84,1.32,1*0B
$GNGSA,M,3,10,11,12,16,25,36,02,,,,,,1.56,0.84,1.32,3*04
$GNGSA,M,3,35,39,11,26,29,,,,,,,,1.56,0.84,1.32,4*05
$GPGSV,2,1,06,05,43,102,46,12,36,045,50,13,30,038,44,21,18,131,32,1*62
$GPGSV,2,2,06,23,09,353,28,25,72,032,51,1*62
$GPGSV,3,1,09,05,43,102,44,12,36,045,42,13,30,038,34,18,57,295,15,6*64
$GPGSV,3,2,09,21,18,131,20,23,09,353,28,25,72,032,45,28,30,274,22,6*6D
$GPGSV,3,3,09,29,58,180,26,6*51
$GPGSV,2,1,06,13,30,038,39,18,57,295,22,21,18,131,23,23,09,353,36,8*6D
$GPGSV,2,2,06,25,72,032,53,28,30,274,21,8*65
$GPGSV,1,1,04,11,00,134,,15,01,045,,26,12,222,,31,21,242,,0*63
$GAGSV,2,1,08,02,21,223,20,10,49,143,34,11,80,152,32,12,25,141,27,1*79
$GAGSV,2,2,08,14,26,101,27,16,50,059,48,25,74,194,27,36,46,317,17,1*72
$GAGSV,1,1,03,10,49,143,35,12,25,141,32,16,50,059,49,5*4C
$GAGSV,2,1,07,10,49,143,29,11,80,152,25,12,25,141,30,14,26,101,32,7*7C
$GAGSV,2,2,07,16,50,059,46,25,74,194,32,36,46,317,13,7*41
$GBGSV,2,1,05,26,53,255,20,29,33,131,40,35,63,212,13,36,04,024,24,3*7D
$GBGSV,2,2,05,39,46,358,49,3*4A
$GBGSV,2,1,08,11,13,122,16,12,16,084,22,24,14,221,11,26,53,255,20,5*75
$GBGSV,2,2,08,29,33,131,38,35,63,212,21,36,04,024,16,39,46,358,47,5*7D
$GBGSV,2,1,07,19,15,057,22,26,53,255,15,29,33,131,37,31,27,272,14,8*78
$GBGSV,2,2,07,35,63,212,23,36,04,024,20,39,46,358,47,8*4B
$GBGSV,1,1,02,20,13,104,,22,00,011,,0*70
$GNGLL,3001.74229,S,05112.74957,W,162653.00,A,D*7F
$GNRMC,162654.00,A,3001.74229,S,05112.74958,W,0.031,,090926,,,F,V*10
$GNVTG,,T,,M,0.031,N,0.057,K,D*38
$GNGGA,162654.00,3001.74229,S,05112.74958,W,5,12,1.47,48.1,M,4.8,M,2.0,0920*64
$GNGSA,M,3,29,05,12,13,21,25,28,,,,,,2.52,1.47,2.04,1*0D
$GNGSA,M,3,10,11,12,16,25,36,02,,,,,,2.52,1.47,2.04,3*0B
$GNGSA,M,3,35,39,11,26,29,,,,,,,,2.52,1.47,2.04,4*0A
$GPGSV,2,1,06,05,43,102,46,12,36,045,50,13,30,038,44,21,18,131,32,1*62
$GPGSV,2,2,06,23,09,353,28,25,72,032,51,1*62
$GPGSV,3,1,09,05,43,102,44,12,36,045,42,13,30,038,34,18,57,295,14,6*65
$GPGSV,3,2,09,21,18,131,21,23,09,353,28,25,72,032,45,28,30,274,21,6*6F
$GPGSV,3,3,09,29,58,180,26,6*51
$GPGSV,2,1,06,13,30,038,39,18,57,295,22,21,18,131,24,23,09,353,36,8*6A
$GPGSV,2,2,06,25,72,032,53,28,30,274,20,8*64
$GPGSV,1,1,04,11,00,134,,15,01,045,,26,12,222,,31,21,242,,0*63
$GAGSV,2,1,08,02,21,223,20,10,49,143,34,11,80,152,31,12,25,141,27,1*7A
$GAGSV,2,2,08,14,26,101,28,16,50,059,48,25,74,194,26,36,46,317,15,1*7E
$GAGSV,1,1,03,10,49,143,35,12,25,141,32,16,50,059,49,5*4C
$GAGSV,2,1,07,10,49,143,29,11,80,152,24,12,25,141,29,14,26,101,32,7*75
$GAGSV,2,2,07,16,50,059,46,25,74,194,32,36,46,317,12,7*40
$GBGSV,2,1,05,26,53,255,20,29,33,131,40,35,63,212,08,36,04,024,23,3*70
$GBGSV,2,2,05,39,46,358,49,3*4A
$GBGSV,2,1,08,11,13,122,16,12,16,084,23,24,14,221,12,26,53,255,20,5*77
$GBGSV,2,2,08,29,33,131,38,35,63,212,21,36,04,024,17,39,46,358,47,5*7C
$GBGSV,2,1,07,19,15,057,21,26,53,255,14,29,33,131,37,31,27,272,13,8*7D
$GBGSV,2,2,07,35,63,212,23,36,04,024,19,39,46,358,47,8*41
$GBGSV,1,1,02,20,13,104,,22,00,011,,0*70
$GNGLL,3001.74229,S,05112.74958,W,162654.00,A,D*77
$GNRMC,162655.00,A,3001.74229,S,05112.74959,W,0.017,,090926,,,F,V*14
$GNVTG,,T,,M,0.017,N,0.032,K,D*3F
$GNGGA,162655.00,3001.74229,S,05112.74959,W,5,12,1.11,48.1,M,4.8,M,2.0,0920*67
$GNGSA,M,3,29,05,12,13,21,25,28,,,,,,2.05,1.11,1.72,1*0E
$GNGSA,M,3,10,11,12,16,25,36,02,,,,,,2.05,1.11,1.72,3*08
$GNGSA,M,3,35,39,11,26,29,,,,,,,,2.05,1.11,1.72,4*09
$GPGSV,2,1,06,05,43,102,46,12,36,045,50,13,30,038,44,21,18,131,32,1*62
$GPGSV,2,2,06,23,09,353,28,25,72,032,51,1*62
$GPGSV,3,1,09,05,43,102,44,12,36,045,42,13,30,038,34,18,57,295,14,6*65
$GPGSV,3,2,09,21,18,131,21,23,09,353,28,25,72,032,45,28,30,274,22,6*6C
$GPGSV,3,3,09,29,58,180,26,6*51
$GPGSV,2,1,06,13,30,038,39,18,57,295,22,21,18,131,24,23,09,353,36,8*6A
$GPGSV,2,2,06,25,72,032,53,28,30,274,20,8*64
$GPGSV,1,1,04,11,00,134,,15,01,045,,26,12,222,,31,21,242,,0*63
$GAGSV,2,1,08,02,21,223,20,10,49,143,34,11,80,152,32,12,25,141,27,1*79
$GAGSV,2,2,08,14,26,101,28,16,50,059,48,25,74,194,26,36,46,317,14,1*7F
$GAGSV,1,1,03,10,49,143,35,12,25,141,32,16,50,059,49,5*4C
$GAGSV,2,1,07,10,49,143,29,11,80,152,25,12,25,141,30,14,26,101,32,7*7C
$GAGSV,2,2,07,16,50,059,46,25,74,194,32,36,46,317,15,7*47
$GBGSV,2,1,05,26,53,255,20,29,33,131,40,35,63,212,10,36,04,024,23,3*79
$GBGSV,2,2,05,39,46,358,49,3*4A
$GBGSV,3,1,09,11,13,122,15,12,16,084,23,24,14,221,11,26,53,255,20,5*77
$GBGSV,3,2,09,29,33,131,38,31,27,272,14,35,63,212,20,36,04,024,16,5*7C
$GBGSV,3,3,09,39,46,358,47,5*4E
$GBGSV,2,1,07,19,15,057,21,26,53,255,14,29,33,131,37,31,27,272,11,8*7F
$GBGSV,2,2,07,35,63,212,23,36,04,024,18,39,46,358,47,8*40
$GBGSV,1,1,02,20,13,104,,22,00,011,,0*70
$GNGLL,3001.74229,S,05112.74959,W,162655.00,A,D*77
$GNRMC,162656.00,A,3001.74229,S,05112.74959,W,0.039,,090926,,,F,V*1B
$GNVTG,,T,,M,0.039,N,0.072,K,D*37
$GNGGA,162656.00,3001.74229,S,05112.74959,W,5,12,1.49,48.0,M,4.8,M,2.0,0920*68
$GNGSA,M,3,29,05,12,13,21,25,28,,,,,,2.80,1.49,2.37,1*0C
$GNGSA,M,3,10,11,12,16,25,36,02,,,,,,2.80,1.49,2.37,3*0A
$GNGSA,M,3,35,39,26,29,,,,,,,,,2.80,1.49,2.37,4*0B
$GPGSV,2,1,06,05,43,102,46,12,36,045,50,13,30,038,44,21,18,131,32,1*62
$GPGSV,2,2,06,23,09,353,28,25,72,032,51,1*62
$GPGSV,3,1,09,05,43,102,44,12,36,045,42,13,30,038,34,18,57,295,14,6*65
$GPGSV,3,2,09,21,18,131,21,23,09,353,28,25,72,032,45,28,30,274,22,6*6C
$GPGSV,3,3,09,29,58,180,26,6*51
$GPGSV,2,1,06,13,30,038,39,18,57,295,22,21,18,131,23,23,09,353,36,8*6D
$GPGSV,2,2,06,25,72,032,53,28,30,274,21,8*65
$GPGSV,1,1,04,11,00,134,,15,01,045,,26,12,222,,31,21,242,,0*63
$GAGSV,2,1,08,02,21,223,21,10,49,143,34,11,80,152,31,12,25,141,27,1*7B
$GAGSV,2,2,08,14,26,101,28,16,50,059,48,25,74,194,27,36,46,317,15,1*7F
$GAGSV,1,1,03,10,49,143,35,12,25,141,32,16,50,059,49,5*4C
$GAGSV,2,1,07,10,49,143,29,11,80,152,24,12,25,141,30,14,26,101,31,7*7E
$GAGSV,2,2,07,16,50,059,46,25,74,194,32,36,46,317,11,7*43
$GBGSV,2,1,05,26,53,255,20,29,33,131,40,35,63,212,11,36,04,024,23,3*78
$GBGSV,2,2,05,39,46,358,49,3*4A
$GBGSV,3,1,09,11,13,122,14,12,16,084,22,24,14,221,11,26,53,255,21,5*76
$GBGSV,3,2,09,29,33,131,38,31,27,272,13,35,63,212,20,36,04,024,16,5*7B
$GBGSV,3,3,09,39,46,358,47,5*4E
$GBGSV,2,1,07,19,15,057,21,26,53,255,14,29,33,131,37,31,27,272,09,8*76
$GBGSV,2,2,07,35,63,212,23,36,04,024,18,39,46,358,47,8*40
$GBGSV,1,1,02,20,13,104,,22,00,011,,0*70
$GNGLL,3001.74229,S,05112.74959,W,162656.00,A,D*74
$GNRMC,162657.00,A,3001.74229,S,05112.74960,W,0.034,,090926,,,F,V*1D
$GNVTG,,T,,M,0.034,N,0.063,K,D*3A
$GNGGA,162657.00,3001.74229,S,05112.74960,W,5,12,1.54,48.0,M,4.8,M,2.0,0920*6F
$GNGSA,M,3,05,12,13,21,25,,,,,,,,2.83,1.54,2.37,1*02
$GNGSA,M,3,10,11,12,16,25,36,02,,,,,,2.83,1.54,2.37,3*05
$GNGSA,M,3,35,39,11,26,29,,,,,,,,2.83,1.54,2.37,4*04
$GPGSV,2,1,06,05,43,102,46,12,36,045,50,13,30,038,44,21,18,131,32,1*62
$GPGSV,2,2,06,23,09,353,28,25,72,032,51,1*62
$GPGSV,3,1,09,05,43,102,44,12,36,045,42,13,30,038,34,18,57,295,14,6*65
$GPGSV,3,2,09,21,18,131,22,23,09,353,28,25,72,032,45,28,30,274,22,6*6F
$GPGSV,3,3,09,29,58,180,26,6*51
$GPGSV,2,1,06,13,30,038,39,18,57,295,22,21,18,131,23,23,09,353,36,8*6D
$GPGSV,2,2,06,25,72,032,53,28,30,274,21,8*65
$GPGSV,1,1,04,11,00,134,,15,01,045,,26,12,222,,31,21,242,,0*63
$GAGSV,2,1,08,02,21,223,20,10,49,143,34,11,80,152,31,12,25,141,27,1*7A
$GAGSV,2,2,08,14,26,101,28,16,50,059,48,25,74,194,27,36,46,317,16,1*7C
$GAGSV,1,1,03,10,49,143,35,12,25,141,32,16,50,059,49,5*4C
$GAGSV,2,1,07,10,49,143,29,11,80,152,24,12,25,141,29,14,26,101,31,7*76
$GAGSV,2,2,07,16,50,059,46,25,74,194,32,36,46,317,10,7*42
$GBGSV,2,1,06,11,13,122,21,26,53,255,19,29,33,131,40,35,63,212,12,3*74
$GBGSV,2,2,06,36,04,024,22,39,46,358,49,3*7E
$GBGSV,2,1,08,11,13,122,14,12,16,084,22,26,53,255,21,29,33,131,38,5*77
$GBGSV,2,2,08,31,27,272,14,35,63,212,20,36,04,024,17,39,46,358,47,5*7B
$GBGSV,2,1,07,19,15,057,21,26,53,255,13,29,33,131,37,31,27,272,12,8*7B
$GBGSV,2,2,07,35,63,212,23,36,04,024,18,39,46,358,47,8*40
$GBGSV,1,1,03,20,13,104,,22,00,011,,24,14,221,,0*43
$GNGLL,3001.74229,S,05112.74960,W,162657.00,A,D*7F
$GNRMC,162658.00,A,3001.74229,S,05112.74961,W,0.003,,090926,,,F,V*17
$GNVTG,,T,,M,0.003,N,0.005,K,D*3E
$GNGGA,162658.00,3001.74229,S,05112.74961,W,5,12,1.54,48.0,M,4.8,M,2.0,0920*61
$GNGSA,M,3,05,12,13,21,25,,,,,,,,2.83,1.54,2.37,1*02
$GNGSA,M,3,10,11,12,16,25,36,02,,,,,,2.83,1.54,2.37,3*05
$GNGSA,M,3,35,39,26,29,,,,,,,,,2.83,1.54,2.37,4*04
$GPGSV,2,1,06,05,43,102,46,12,36,045,50,13,30,038,44,21,18,131,32,1*62
$GPGSV,2,2,06,23,09,353,28,25,72,032,51,1*62
$GPGSV,3,1,09,05,43,102,44,12,36,045,42,13,30,038,34,18,57,295,12,6*63
$GPGSV,3,2,09,21,18,131,22,23,09,353,28,25,72,032,45,28,30,274,21,6*6C
$GPGSV,3,3,09,29,58,180,25,6*52
$GPGSV,2,1,06,13,30,038,39,18,57,295,22,21,18,131,23,23,09,353,36,8*6D
$GPGSV,2,2,06,25,72,032,52,28,30,274,20,8*65
$GPGSV,1,1,04,11,00,134,,15,01,045,,26,12,222,,31,21,242,,0*63
$GAGSV,2,1,08,02,21,223,20,10,49,143,34,11,80,152,31,12,25,141,27,1*7A
$GAGSV,2,2,08,14,26,101,28,16,50,059,48,25,74,194,26,36,46,317,17,1*7C
$GAGSV,1,1,03,10,49,143,35,12,25,141,32,16,50,059,49,5*4C
$GAGSV,2,1,07,10,49,143,29,11,80,152,24,12,25,141,29,14,26,101,31,7*76
$GAGSV,2,2,07,16,50,059,46,25,74,194,32,36,46,317,10,7*42
$GBGSV,2,1,06,11,13,122,19,26,53,255,18,29,33,131,40,35,63,212,14,3*78
$GBGSV,2,2,06,36,04,024,23,39,46,358,49,3*7F
$GBGSV,2,1,08,11,13,122,14,12,16,084,23,26,53,255,21,29,33,131,38,5*76
$GBGSV,2,2,08,31,27,272,15,35,63,212,20,36,04,024,17,39,46,358,47,5*7A
$GBGSV,2,1,07,19,15,057,21,26,53,255,14,29,33,131,37,31,27,272,12,8*7C
$GBGSV,2,2,07,35,63,212,24,36,04,024,18,39,46,358,47,8*47
$GBGSV,1,1,03,20,13,104,,22,00,011,,24,14,221,,0*43
$GNGLL,3001.74229,S,05112.74961,W,162658.00,A,D*71
$GNRMC,162659.00,A,3001.74229,S,05112.74961,W,0.018,,090926,,,F,V*1C
$GNVTG,,T,,M,0.018,N,0.033,K,D*31
$GNGGA,162659.00,3001.74229,S,05112.74961,W,5,12,1.49,48.0,M,4.8,M,2.0,0920*6C
$GNGSA,M,3,29,05,12,13,21,25,28,,,,,,2.80,1.49,2.37,1*0C
$GNGSA,M,3,10,11,12,16,25,36,02,,,,,,2.80,1.49,2.37,3*0A
$GNGSA,M,3,35,39,26,29,,,,,,,,,2.80,1.49,2.37,4*0B
$GPGSV,2,1,06,05,43,102,46,12,36,045,50,13,30,038,44,21,18,131,33,1*63
$GPGSV,2,2,06,23,09,353,28,25,72,032,51,1*62
$GPGSV,3,1,09,05,43,102,44,12,36,045,42,13,30,038,34,18,57,295,11,6*60
$GPGSV,3,2,09,21,18,131,22,23,09,353,27,25,72,032,45,28,30,274,21,6*63
$GPGSV,3,3,09,29,58,180,25,6*52
$GPGSV,2,1,06,13,30,038,39,18,57,295,22,21,18,131,24,23,09,353,36,8*6A
$GPGSV,2,2,06,25,72,032,53,28,30,274,20,8*64
$GPGSV,1,1,04,11,00,134,,15,01,045,,26,12,222,,31,21,242,,0*63
$GAGSV,2,1,08,02,21,223,20,10,49,143,34,11,80,152,31,12,25,141,27,1*7A
$GAGSV,2,2,08,14,26,101,29,16,50,059,48,25,74,194,26,36,46,317,16,1*7C
$GAGSV,1,1,03,10,49,143,35,12,25,141,32,16,50,059,49,5*4C
$GAGSV,2,1,07,10,49,143,29,11,80,152,24,12,25,141,30,14,26,101,31,7*7E
$GAGSV,2,2,07,16,50,059,46,25,74,194,32,36,46,317,09,7*4A
$GBGSV,2,1,06,11,13,122,15,26,53,255,19,29,33,131,40,35,63,212,16,3*77
$GBGSV,2,2,06,36,04,024,23,39,46,358,49,3*7F
$GBGSV,2,1,08,11,13,122,13,12,16,084,23,26,53,255,21,29,33,131,38,5*71
$GBGSV,2,2,08,31,27,272,15,35,63,212,19,36,04,024,17,39,46,358,47,5*70
$GBGSV,2,1,07,19,15,057,21,26,53,255,13,29,33,131,37,31,27,272,13,8*7A
$GBGSV,2,2,07,35,63,212,24,36,04,024,18,39,46,358,47,8*47
$GBGSV,1,1,03,20,13,104,,22,00,011,,24,14,221,,0*43
$GNGLL,3001.74229,S,05112.74961,W,162659.00,A,D*70
$GNRMC,162700.00,A,3001.74230,S,05112.74962,W,0.038,,090926,,,F,V*18
$GNVTG,,T,,M,0.038,N,0.071,K,D*35
$GNGGA,162700.00,3001.74230,S,05112.74962,W,5,12,1.49,48.0,M,4.8,M,2.0,0920*6A
$GNGSA,M,3,29,05,12,13,21,25,28,,,,,,2.80,1.49,2.37,1*0C
$GNGSA,M,3,10,11,12,16,25,36,02,,,,,,2.80,1.49,2.37,3*0A
$GNGSA,M,3,35,39,26,29,,,,,,,,,2.80,1.49,2.37,4*0B
$GPGSV,2,1,06,05,43,102,46,12,36,045,50,13,30,038,44,21,18,131,32,1*62
$GPGSV,2,2,06,23,09,353,28,25,72,032,51,1*62
$GPGSV,3,1,09,05,43,102,44,12,36,045,42,13,30,038,34,18,57,295,09,6*69
$GPGSV,3,2,09,21,18,131,22,23,09,353,27,25,72,032,45,28,30,274,21,6*63
$GPGSV,3,3,09,29,58,180,25,6*52
$GPGSV,2,1,06,13,30,038,39,18,57,295,22,21,18,131,24,23,09,353,36,8*6A
$GPGSV,2,2,06,25,72,032,53,28,30,274,21,8*65
$GPGSV,1,1,04,11,00,134,,15,01,045,,26,12,222,,31,21,242,,0*63
$GAGSV,2,1,08,02,21,223,19,10,49,143,34,11,80,152,31,12,25,141,26,1*71
$GAGSV,2,2,08,14,26,101,29,16,50,059,48,25,74,194,26,36,46,317,16,1*7C
$GAGSV,1,1,03,10,49,143,35,12,25,141,32,16,50,059,49,5*4C
$GAGSV,2,1,07,10,49,143,29,11,80,152,24,12,25,141,30,14,26,101,31,7*7E
$GAGSV,2,2,07,16,50,059,46,25,74,194,32,36,46,317,13,7*41
$GBGSV,2,1,06,11,13,122,15,26,53,255,19,29,33,131,40,35,63,212,14,3*75
$GBGSV,2,2,06,36,04,024,23,39,46,358,49,3*7F
$GBGSV,2,1,08,11,13,122,12,12,16,084,22,26,53,255,21,29,33,131,38,5*71
$GBGSV,2,2,08,31,27,272,15,35,63,212,19,36,04,024,17,39,46,358,47,5*70
$GBGSV,2,1,06,19,15,057,21,26,53,255,13,29,33,131,37,35,63,212,24,8*7D
$GBGSV,2,2,06,36,04,024,17,39,46,358,47,8*7D
$GBGSV,1,1,03,20,13,104,,22,00,011,,24,14,221,,0*43
$GNGLL,3001.74230,S,05112.74962,W,162700.00,A,D*76
$GNRMC,162701.00,A,3001.74230,S,05112.74962,W,0.008,,090926,,,F,V*1A
$GNVTG,,T,,M,0.008,N,0.015,K,D*34
$GNGGA,162701.00,3001.74230,S,05112.74962,W,5,12,1.47,47.9,M,4.8,M,2.0,0920*63
$GNGSA,M,3,29,05,12,13,21,25,28,,,,,,2.52,1.47,2.04,1*0D
$GNGSA,M,3,10,11,12,16,25,36,02,,,,,,2.52,1.47,2.04,3*0B
$GNGSA,M,3,35,39,11,26,29,,,,,,,,2.52,1.47,2.04,4*0A
$GPGSV,2,1,06,05,43,102,46,12,36,045,50,13,30,038,44,21,18,131,32,1*62
$GPGSV,2,2,06,23,09,353,28,25,72,032,51,1*62
$GPGSV,2,1,08,05,43,102,44,12,36,045,42,13,30,038,34,21,18,131,23,6*6D
$GPGSV,2,2,08,23,09,353,27,25,72,032,45,28,30,274,21,29,58,180,25,6*62
$GPGSV,2,1,06,13,30,038,39,18,57,295,22,21,18,131,24,23,09,353,36,8*6A
$GPGSV,2,2,06,25,72,032,52,28,30,274,22,8*67
$GPGSV,1,1,04,11,00,134,,15,01,045,,26,12,222,,31,21,242,,0*63
$GAGSV,2,1,08,02,21,223,20,10,49,143,34,11,80,152,31,12,25,141,26,1*7B
$GAGSV,2,2,08,14,26,101,29,16,50,059,48,25,74,194,26,36,46,317,16,1*7C
$GAGSV,1,1,03,10,49,143,35,12,25,141,32,16,50,059,49,5*4C
$GAGSV,2,1,07,10,49,143,29,11,80,152,24,12,25,141,29,14,26,101,30,7*77
$GAGSV,2,2,07,16,50,059,46,25,74,194,32,36,46,317,09,7*4A
$GBGSV,2,1,06,11,13,122,15,26,53,255,19,29,33,131,40,35,63,212,14,3*75
$GBGSV,2,2,06,36,04,024,23,39,46,358,49,3*7F
$GBGSV,2,1,08,11,13,122,13,12,16,084,22,26,53,255,20,29,33,131,39,5*70
$GBGSV,2,2,08,31,27,272,14,35,63,212,19,36,04,024,17,39,46,358,46,5*70
$GBGSV,2,1,06,19,15,057,22,26,53,255,12,29,33,131,37,35,63,212,25,8*7E
$GBGSV,2,2,06,36,04,024,18,39,46,358,47,8*72
$GBGSV,1,1,03,20,13,104,,22,00,011,,24,14,221,,0*43
$GNGLL,3001.74230,S,05112.74962,W,162701.00,A,D*77
$GNRMC,162702.00,A,3001.74229,S,05112.74963,W,0.006,,090926,,,F,V*1E
$GNVTG,,T,,M,0.006,N,0.010,K,D*3F
$GNGGA,162702.00,3001.74229,S,05112.74963,W,5,12,1.47,47.9,M,4.8,M,2.0,0920*69
$GNGSA,M,3,29,05,12,13,21,25,28,,,,,,2.52,1.47,2.04,1*0D
$GNGSA,M,3,10,11,12,16,25,36,02,,,,,,2.52,1.47,2.04,3*0B
$GNGSA,M,3,35,39,11,26,29,,,,,,,,2.52,1.47,2.04,4*0A
$GPGSV,2,1,06,05,43,102,46,12,36,045,50,13,30,038,44,21,18,131,32,1*62
$GPGSV,2,2,06,23,09,353,28,25,72,032,51,1*62
$GPGSV,2,1,08,05,43,102,44,12,36,045,42,13,30,038,34,21,18,131,24,6*6A
$GPGSV,2,2,08,23,09,353,27,25,72,032,45,28,30,274,21,29,58,180,25,6*62
$GPGSV,2,1,06,13,30,038,39,18,57,295,22,21,18,131,24,23,09,353,36,8*6A
$GPGSV,2,2,06,25,72,032,53,28,30,274,22,8*66
$GPGSV,1,1,04,11,00,134,,15,01,045,,26,12,222,,31,21,242,,0*63
$GAGSV,2,1,08,02,21,223,20,10,49,143,34,11,80,152,31,12,25,141,26,1*7B
$GAGSV,2,2,08,14,26,101,30,16,50,059,48,25,74,194,26,36,46,317,16,1*74
$GAGSV,1,1,03,10,49,143,35,12,25,141,32,16,50,059,49,5*4C
$GAGSV,2,1,07,10,49,143,29,11,80,152,24,12,25,141,29,14,26,101,30,7*77
$GAGSV,2,2,07,16,50,059,46,25,74,194,32,36,46,317,12,7*40
$GBGSV,2,1,06,11,13,122,15,26,53,255,19,29,33,131,40,35,63,212,11,3*70
$GBGSV,2,2,06,36,04,024,23,39,46,358,49,3*7F
$GBGSV,2,1,08,11,13,122,14,12,16,084,22,26,53,255,21,29,33,131,38,5*77
$GBGSV,2,2,08,31,27,272,14,35,63,212,20,36,04,024,17,39,46,358,47,5*7B
$GBGSV,2,1,06,19,15,057,22,26,53,255,12,29,33,131,37,35,63,212,24,8*7F
$GBGSV,2,2,06,36,04,024,18,39,46,358,47,8*72
$GBGSV,1,1,03,20,13,104,,22,00,011,,24,14,221,,0*43
$GNGLL,3001.74229,S,05112.74963,W,162702.00,A,D*7D
$GNRMC,162703.00,A,3001.74229,S,05112.74963,W,0.024,,090926,,,F,V*1F
$GNVTG,,T,,M,0.024,N,0.044,K,D*3E
$GNGGA,162703.00,3001.74229,S,05112.74963,W,5,12,1.47,47.9,M,4.8,M,2.0,0920*68
$GNGSA,M,3,29,05,12,13,21,25,28,,,,,,2.52,1.47,2.04,1*0D
$GNGSA,M,3,10,11,12,16,25,36,02,,,,,,2.52,1.47,2.04,3*0B
$GNGSA,M,3,35,39,11,26,29,,,,,,,,2.52,1.47,2.04,4*0A
$GPGSV,2,1,06,05,43,102,46,12,36,045,50,13,30,038,44,21,18,131,32,1*62
$GPGSV,2,2,06,23,09,353,28,25,72,032,51,1*62
$GPGSV,2,1,08,05,43,102,45,12,36,045,42,13,30,038,34,21,18,131,24,6*6B
$GPGSV,2,2,08,23,09,353,28,25,72,032,45,28,30,274,21,29,58,180,25,6*6D
$GPGSV,2,1,06,13,30,038,39,18,57,295,22,21,18,131,25,23,09,353,36,8*6B
$GPGSV,2,2,06,25,72,032,53,28,30,274,21,8*65
$GPGSV,1,1,04,11,00,134,,15,01,045,,26,12,222,,31,21,242,,0*63
$GAGSV,2,1,08,02,21,223,21,10,49,143,34,11,80,152,31,12,25,141,26,1*7A
$GAGSV,2,2,08,14,26,101,30,16,50,059,48,25,74,194,26,36,46,317,16,1*74
$GAGSV,1,1,03,10,49,143,35,12,25,141,32,16,50,059,49,5*4C
$GAGSV,2,1,07,10,49,143,29,11,80,152,24,12,25,141,30,14,26,101,30,7*7F
$GAGSV,2,2,07,16,50,059,46,25,74,194,32,36,46,317,13,7*41
$GBGSV,2,1,06,11,13,122,15,26,53,255,18,29,33,131,40,35,63,212,14,3*74
$GBGSV,2,2,06,36,04,024,24,39,46,358,49,3*78
$GBGSV,2,1,08,11,13,122,15,12,16,084,22,26,53,255,21,29,33,131,38,5*76
$GBGSV,2,2,08,31,27,272,14,35,63,212,20,36,04,024,17,39,46,358,47,5*7B
$GBGSV,2,1,06,19,15,057,23,26,53,255,13,29,33,131,37,35,63,212,25,8*7E
$GBGSV,2,2,06,36,04,024,18,39,46,358,47,8*72
$GBGSV,1,1,03,20,13,104,,22,00,011,,24,14,221,,0*43
$GNGLL,3001.74229,S,05112.74963,W,162703.00,A,D*7C
$GNRMC,162704.00,A,3001.74229,S,05112.74964,W,0.018,,090926,,,F,V*10
$GNVTG,,T,,M,0.018,N,0.034,K,D*36
$GNGGA,162704.00,3001.74229,S,05112.74964,W,5,12,1.53,47.9,M,4.8,M,2.0,0920*6D
$GNGSA,M,3,05,12,13,21,25,,,,,,,,2.55,1.53,2.04,1*0E
$GNGSA,M,3,10,11,12,16,25,36,02,,,,,,2.55,1.53,2.04,3*09
$GNGSA,M,3,35,39,11,26,29,,,,,,,,2.55,1.53,2.04,4*08
$GPGSV,2,1,06,05,42,103,46,12,36,045,50,13,30,038,44,21,18,131,32,1*62
$GPGSV,2,2,06,23,09,353,29,25,72,032,51,1*63
$GPGSV,2,1,08,05,42,103,44,12,36,045,42,13,30,038,34,21,18,131,25,6*6B
$GPGSV,2,2,08,23,09,353,27,25,72,032,45,28,30,274,21,29,58,180,25,6*62
$GPGSV,2,1,06,13,30,038,39,18,57,295,22,21,18,131,24,23,09,353,36,8*6A
$GPGSV,2,2,06,25,72,032,53,28,30,274,22,8*66
$GPGSV,1,1,04,11,00,134,,15,01,045,,26,12,222,,31,21,242,,0*63
$GAGSV,2,1,08,02,21,223,22,10,49,143,35,11,80,152,31,12,25,141,27,1*79
$GAGSV,2,2,08,14,26,101,30,16,50,059,48,25,74,194,26,36,46,317,16,1*74
$GAGSV,1,1,03,10,49,143,35,12,25,141,32,16,50,059,49,5*4C
$GAGSV,2,1,07,10,49,143,28,11,80,152,24,12,25,141,30,14,26,101,29,7*76
$GAGSV,2,2,07,16,50,059,46,25,74,194,32,36,46,317,07,7*44
$GBGSV,2,1,06,11,13,122,15,26,53,255,19,29,33,131,40,35,63,212,10,3*71
$GBGSV,2,2,06,36,04,024,25,39,46,358,49,3*79
$GBGSV,2,1,08,11,13,122,15,12,16,084,22,26,53,255,21,29,33,131,38,5*76
$GBGSV,2,2,08,31,27,272,14,35,63,212,19,36,04,024,17,39,46,358,47,5*71
$GBGSV,2,1,06,19,15,057,22,26,53,255,12,29,33,131,37,35,63,212,25,8*7E
$GBGSV,2,2,06,36,04,024,18,39,46,358,47,8*72
$GBGSV,1,1,03,20,13,104,,22,00,011,,24,14,221,,0*43
$GNGLL,3001.74229,S,05112.74964,W,162704.00,A,D*7C
$GNRMC,162705.00,A,3001.74230,S,05112.74965,W,0.047,,090926,,,F,V*12
$GNVTG,,T,,M,0.047,N,0.086,K,D*35
$GNGGA,162705.00,3001.74230,S,05112.74965,W,5,12,1.47,47.8,M,4.8,M,2.0,0920*61
$GNGSA,M,3,29,05,12,13,21,25,28,,,,,,2.52,1.47,2.04,1*0D
$GNGSA,M,3,10,11,12,16,25,36,02,,,,,,2.52,1.47,2.04,3*0B
$GNGSA,M,3,35,39,11,26,29,,,,,,,,2.52,1.47,2.04,4*0A
$GPGSV,2,1,06,05,42,103,46,12,36,045,50,13,30,038,44,21,18,131,32,1*62
$GPGSV,2,2,06,23,09,353,28,25,72,032,51,1*62
$GPGSV,1,1,01,18,57,295,19,5*5C
$GPGSV,2,1,08,05,42,103,44,12,36,045,42,13,30,038,34,21,18,131,25,6*6B
$GPGSV,2,2,08,23,09,353,27,25,72,032,45,28,30,274,20,29,58,180,24,6*62
$GPGSV,2,1,06,13,30,038,39,18,57,295,21,21,18,131,24,23,09,353,36,8*69
$GPGSV,2,2,06,25,72,032,53,28,30,274,22,8*66
$GPGSV,1,1,04,11,00,134,,15,01,045,,26,12,222,,31,21,242,,0*63
$GAGSV,2,1,08,02,21,223,22,10,49,143,35,11,80,152,31,12,25,141,26,1*78
$GAGSV,2,2,08,14,26,101,30,16,50,059,48,25,74,194,26,36,46,317,16,1*74
$GAGSV,1,1,03,10,49,143,34,12,25,141,32,16,50,059,49,5*4D
$GAGSV,2,1,07,10,49,143,28,11,80,152,24,12,25,141,29,14,26,101,29,7*7E
$GAGSV,2,2,07,16,50,059,46,25,74,194,33,36,46,317,10,7*43
$GBGSV,2,1,06,11,13,122,15,26,53,255,19,29,33,131,40,35,63,212,12,3*73
$GBGSV,2,2,06,36,04,024,24,39,46,358,49,3*78
$GBGSV,3,1,09,11,13,122,13,12,16,084,22,19,15,057,22,26,53,255,21,5*7D
$GBGSV,3,2,09,29,33,131,39,31,27,272,14,35,63,212,19,36,04,024,18,5*79
$GBGSV,3,3,09,39,46,358,47,5*4E
$GBGSV,2,1,07,19,15,057,23,26,53,255,09,29,33,131,37,31,27,272,14,8*74
$GBGSV,2,2,07,35,63,212,25,36,04,024,18,39,46,358,47,8*46
$GBGSV,1,1,03,20,13,104,,22,00,011,,24,14,221,,0*43
$GNGLL,3001.74230,S,05112.74965,W,162705.00,A,D*74
$GNRMC,162706.00,A,3001.74229,S,05112.74965,W,0.022,,090926,,,F,V*1A
$GNVTG,,T,,M,0.022,N,0.040,K,D*3C
$GNGGA,162706.00,3001.74229,S,05112.74965,W,5,12,1.47,47.8,M,4.8,M,2.0,0920*6A
$GNGSA,M,3,29,05,12,13,21,25,28,,,,,,2.52,1.47,2.04,1*0D
$GNGSA,M,3,10,11,12,16,25,36,02,,,,,,2.52,1.47,2.04,3*0B
$GNGSA,M,3,35,39,11,26,29,,,,,,,,2.52,1.47,2.04,4*0A
$GPGSV,2,1,06,05,42,103,46,12,36,045,50,13,30,038,44,21,18,131,32,1*62
$GPGSV,2,2,06,23,09,353,28,25,72,032,51,1*62
$GPGSV,1,1,01,18,57,295,17,5*52
$GPGSV,2,1,08,05,42,103,45,12,36,045,42,13,30,038,34,21,18,131,25,6*6A
$GPGSV,2,2,08,23,09,353,28,25,72,032,45,28,30,274,19,29,58,180,24,6*67
$GPGSV,2,1,06,13,30,038,39,18,57,295,22,21,18,131,24,23,09,353,36,8*6A
$GPGSV,2,2,06,25,72,032,53,28,30,274,22,8*66
$GPGSV,1,1,04,11,00,134,,15,01,045,,26,12,222,,31,21,242,,0*63
$GAGSV,2,1,08,02,21,223,22,10,49,143,35,11,80,152,31,12,25,141,27,1*79
$GAGSV,2,2,08,14,26,101,31,16,50,059,48,25,74,194,26,36,46,317,15,1*76
$GAGSV,1,1,03,10,49,143,35,12,25,141,32,16,50,059,49,5*4C
$GAGSV,2,1,07,10,49,143,28,11,80,152,24,12,25,141,30,14,26,101,29,7*76
$GAGSV,2,2,07,16,50,059,46,25,74,194,32,36,46,317,10,7*42
$GBGSV,2,1,06,11,13,122,15,26,53,255,18,29,33,131,40,35,63,212,09,3*78
$GBGSV,2,2,06,36,04,024,24,39,46,358,49,3*78
$GBGSV,3,1,09,11,13,122,14,12,16,084,22,19,15,057,23,26,53,255,21,5*7B
$GBGSV,3,2,09,29,33,131,38,31,27,272,15,35,63,212,19,36,04,024,18,5*79
$GBGSV,3,3,09,39,46,358,47,5*4E
$GBGSV,2,1,07,19,15,057,22,26,53,255,07,29,33,131,37,31,27,272,14,8*7B
$GBGSV,2,2,07,35,63,212,25,36,04,024,18,39,46,358,47,8*46
$GBGSV,1,1,03,20,13,104,,22,00,011,,24,14,221,,0*43
$GNGLL,3001.74229,S,05112.74965,W,162706.00,A,D*7F
$GNRMC,162707.00,A,3001.74229,S,05112.74965,W,0.009,,090926,,,F,V*12
$GNVTG,,T,,M,0.009,N,0.017,K,D*37
$GNGGA,162707.00,3001.74229,S,05112.74965,W,5,12,1.49,47.8,M,4.8,M,2.0,0920*65
$GNGSA,M,3,29,05,12,13,21,25,28,,,,,,2.80,1.49,2.37,1*0C
$GNGSA,M,3,10,11,12,16,25,36,02,,,,,,2.80,1.49,2.37,3*0A
$GNGSA,M,3,35,39,26,29,,,,,,,,,2.80,1.49,2.37,4*0B
$GPGSV,2,1,06,05,42,103,46,12,36,045,50,13,30,038,44,21,18,131,32,1*62
$GPGSV,2,2,06,23,09,353,28,25,72,032,51,1*62
$GPGSV,3,1,09,05,42,103,45,12,36,045,42,13,30,038,34,18,57,295,15,6*65
$GPGSV,3,2,09,21,18,131,26,23,09,353,28,25,72,032,45,28,30,274,20,6*69
$GPGSV,3,3,09,29,58,180,24,6*53
$GPGSV,2,1,06,13,30,038,39,18,57,295,22,21,18,131,24,23,09,353,36,8*6A
$GPGSV,2,2,06,25,72,032,53,28,30,274,22,8*66
$GPGSV,1,1,04,11,00,134,,15,01,045,,26,12,222,,31,21,242,,0*63
$GAGSV,2,1,08,02,21,223,22,10,49,143,35,11,80,152,31,12,25,141,27,1*79
$GAGSV,2,2,08,14,26,101,31,16,50,059,48,25,74,194,26,36,46,317,16,1*75
$GAGSV,1,1,03,10,49,143,34,12,25,141,32,16,50,059,49,5*4D
$GAGSV,2,1,07,10,49,143,29,11,80,152,24,12,25,141,30,14,26,101,29,7*77
$GAGSV,2,2,07,16,50,059,46,25,74,194,32,36,46,317,08,7*4B
$GBGSV,2,1,06,11,13,122,14,26,53,255,18,29,33,131,40,35,63,212,10,3*71
$GBGSV,2,2,06,36,04,024,24,39,46,358,49,3*78
$GBGSV,3,1,09,11,13,122,14,12,16,084,22,19,15,057,23,26,53,255,22,5*78
$GBGSV,3,2,09,29,33,131,39,31,27,272,15,35,63,212,18,36,04,024,18,5*79
$GBGSV,3,3,09,39,46,358,47,5*4E
$GBGSV,2,1,06,19,15,057,22,29,33,131,37,31,27,272,12,35,63,212,25,8*7E
$GBGSV,2,2,06,36,04,024,19,39,46,358,47,8*73
$GBGSV,1,1,03,20,13,104,,22,00,011,,24,14,221,,0*43
$GNGLL,3001.74229,S,05112.74965,W,162707.00,A,D*7E
$GNRMC,162708.00,A,3001.74230,S,05112.74965,W,0.011,,090926,,,F,V*1C
$GNVTG,,T,,M,0.011,N,0.021,K,D*3B
$GNGGA,162708.00,3001.74230,S,05112.74965,W,5,12,1.10,47.8,M,4.8,M,2.0,0920*6E
$GNGSA,M,3,29,05,12,13,21,25,28,,,,,,2.37,1.10,2.10,1*09
$GNGSA,M,3,10,11,12,16,25,36,02,,,,,,2.37,1.10,2.10,3*0F
$GNGSA,M,3,35,39,26,29,,,,,,,,,2.37,1.10,2.10,4*0E
$GPGSV,2,1,06,05,42,103,46,12,36,045,50,13,30,038,44,21,18,131,32,1*62
$GPGSV,2,2,06,23,09,353,28,25,72,032,51,1*62
$GPGSV,3,1,09,05,42,103,45,12,36,045,42,13,30,038,34,18,57,295,15,6*65
$GPGSV,3,2,09,21,18,131,26,23,09,353,28,25,72,032,45,28,30,274,20,6*69
$GPGSV,3,3,09,29,58,180,24,6*53
$GPGSV,2,1,06,13,30,038,39,18,57,295,21,21,18,131,24,23,09,353,36,8*69
$GPGSV,2,2,06,25,72,032,53,28,30,274,21,8*65
$GPGSV,1,1,04,11,00,134,,15,01,045,,26,12,222,,31,21,242,,0*63
$GAGSV,2,1,08,02,21,223,22,10,49,143,35,11,80,152,31,12,25,141,27,1*79
$GAGSV,2,2,08,14,26,101,31,16,50,059,48,25,74,194,27,36,46,317,15,1*77
$GAGSV,1,1,03,10,49,143,34,12,25,141,32,16,50,059,49,5*4D
$GAGSV,2,1,07,10,49,143,29,11,80,152,25,12,25,141,29,14,26,101,28,7*7F
$GAGSV,2,2,07,16,50,059,46,25,74,194,32,36,46,317,08,7*4B
$GBGSV,2,1,06,11,13,122,14,26,53,255,18,29,33,131,40,35,63,212,11,3*70
$GBGSV,2,2,06,36,04,024,25,39,46,358,49,3*79
$GBGSV,3,1,09,11,13,122,14,12,16,084,22,19,15,057,25,26,53,255,21,5*7D
$GBGSV,3,2,09,29,33,131,38,31,27,272,15,35,63,212,19,36,04,024,18,5*79
$GBGSV,3,3,09,39,46,358,47,5*4E
$GBGSV,2,1,07,19,15,057,22,26,53,255,20,29,33,131,37,31,27,272,12,8*78
$GBGSV,2,2,07,35,63,212,25,36,04,024,19,39,46,358,47,8*47
$GBGSV,1,1,03,20,13,104,,22,00,011,,24,14,221,,0*43
$GNGLL,3001.74230,S,05112.74965,W,162708.00,A,D*79
$GNRMC,162709.00,A,3001.74229,S,05112.74965,W,0.025,,090926,,,F,V*12
$GNVTG,,T,,M,0.025,N,0.045,K,D*3E
$GNGGA,162709.00,3001.74229,S,05112.74965,W,5,12,1.53,47.8,M,4.8,M,2.0,0920*60
$GNGSA,M,3,05,12,13,21,25,,,,,,,,2.55,1.53,2.04,1*0E
$GNGSA,M,3,10,11,12,16,25,36,02,,,,,,2.55,1.53,2.04,3*09
$GNGSA,M,3,35,39,11,26,29,,,,,,,,2.55,1.53,2.04,4*08
$GPGSV,2,1,06,05,42,103,46,12,36,045,50,13,30,038,44,21,18,131,32,1*62
$GPGSV,2,2,06,23,09,353,28,25,72,032,51,1*62
$GPGSV,3,1,09,05,42,103,45,12,36,045,42,13,30,038,34,18,57,295,15,6*65
$GPGSV,3,2,09,21,18,131,26,23,09,353,28,25,72,032,45,28,30,274,19,6*63
$GPGSV,3,3,09,29,58,180,23,6*54
$GPGSV,2,1,06,13,30,038,39,18,57,295,21,21,18,131,25,23,09,353,36,8*68
$GPGSV,2,2,06,25,72,032,53,28,30,274,21,8*65
$GPGSV,1,1,04,11,00,134,,15,01,045,,26,12,222,,31,21,242,,0*63
$GAGSV,2,1,08,02,21,223,22,10,49,143,35,11,80,152,31,12,25,141,27,1*79
$GAGSV,2,2,08,14,26,101,31,16,50,059,48,25,74,194,26,36,46,317,16,1*75
$GAGSV,1,1,03,10,49,143,34,12,25,141,32,16,50,059,49,5*4D
$GAGSV,2,1,07,10,49,143,29,11,80,152,25,12,25,141,29,14,26,101,28,7*7F
$GAGSV,2,2,07,16,50,059,46,25,74,194,33,36,46,317,14,7*47
$GBGSV,2,1,06,11,13,122,15,26,53,255,17,29,33,131,40,35,63,212,13,3*7C
$GBGSV,2,2,06,36,04,024,25,39,46,358,49,3*79
$GBGSV,3,1,09,11,13,122,15,12,16,084,22,19,15,057,25,26,53,255,21,5*7C
$GBGSV,3,2,09,29,33,131,39,31,27,272,16,35,63,212,19,36,04,024,18,5*7B
$GBGSV,3,3,09,39,46,358,47,5*4E
$GBGSV,2,1,07,19,15,057,22,26,53,255,19,29,33,131,37,31,27,272,13,8*73
$GBGSV,2,2,07,35,63,212,25,36,04,024,19,39,46,358,47,8*47
$GBGSV,1,1,03,20,13,104,,22,00,011,,24,14,221,,0*43
$GNGLL,3001.74229,S,05112.74965,W,162709.00,A,D*70
$GNRMC,162710.00,A,3001.74229,S,05112.74965,W,0.014,,090926,,,F,V*18
$GNVTG,,T,,M,0.014,N,0.026,K,D*39
$GNGGA,162710.00,3001.74229,S,05112.74965,W,5,12,1.73,47.8,M,4.8,M,2.0,0920*6A
$GNGSA,M,3,29,05,12,13,21,25,,,,,,,2.72,1.73,2.10,1*07
$GNGSA,M,3,10,11,12,16,25,36,02,,,,,,2.72,1.73,2.10,3*0B
$GNGSA,M,3,35,39,11,26,29,31,,,,,,,2.72,1.73,2.10,4*08
$GPGSV,2,1,06,05,42,103,46,12,36,045,50,13,30,038,44,21,18,131,32,1*62
$GPGSV,2,2,06,23,09,353,28,25,72,032,51,1*62
$GPGSV,3,1,09,05,42,103,45,12,36,045,42,13,30,038,34,18,57,295,16,6*66
$GPGSV,3,2,09,21,18,131,27,23,09,353,27,25,72,032,45,28,30,274,18,6*6C
$GPGSV,3,3,09,29,58,180,23,6*54
$GPGSV,2,1,06,13,30,038,39,18,57,295,21,21,18,131,24,23,09,353,36,8*69
$GPGSV,2,2,06,25,72,032,53,28,30,274,18,8*6F
$GPGSV,1,1,03,15,01,045,,26,12,222,,31,21,242,,0*52
$GAGSV,2,1,08,02,21,223,23,10,49,143,34,11,80,152,31,12,25,141,27,1*79
$GAGSV,2,2,08,14,26,101,31,16,50,059,48,25,74,194,26,36,46,317,16,1*75
$GAGSV,1,1,03,10,49,143,34,12,25,141,32,16,50,059,49,5*4D
$GAGSV,2,1,07,10,49,143,29,11,80,152,25,12,25,141,30,14,26,101,27,7*78
$GAGSV,2,2,07,16,50,059,46,25,74,194,32,36,46,317,09,7*4A
$GBGSV,2,1,07,11,13,122,15,11,13,122,15,26,53,255,17,29,33,131,40,3*7A
$GBGSV,2,2,07,35,63,212,07,36,04,024,25,39,46,358,49,3*4D
$GBGSV,3,1,10,11,13,122,15,12,16,084,22,19,15,057,25,26,53,255,21,5*74
$GBGSV,3,2,10,29,33,131,39,31,27,272,16,31,27,272,16,35,63,212,18,5*7B
$GBGSV,3,3,10,36,04,024,18,39,46,358,46,5*79
$GBGSV,2,1,07,19,15,057,22,26,53,255,19,29,33,131,37,31,27,272,15,8*75
$GBGSV,2,2,07,35,63,212,26,36,04,024,18,39,46,358,47,8*45
$GBGSV,1,1,03,20,13,104,,22,00,011,,24,14,221,,0*43
$GNGLL,3001.74229,S,05112.74965,W,162710.00,A,D*78
$GNRMC,162711.00,A,3001.74229,S,05112.74965,W,0.019,,090926,,,F,V*14
$GNVTG,,T,,M,0.019,N,0.036,K,D*35
$GNGGA,162711.00,3001.74229,S,05112.74965,W,5,12,1.46,47.8,M,4.8,M,2.0,0920*6D
$GNGSA,M,3,29,05,12,13,18,21,25,28,,,,,2.42,1.46,1.93,1*09
$GNGSA,M,3,10,11,12,16,25,36,02,,,,,,2.42,1.46,1.93,3*06
$GNGSA,M,3,35,39,11,26,29,31,,,,,,,2.42,1.46,1.93,4*05
$GPGSV,2,1,06,05,42,103,46,12,35,044,50,13,30,038,44,21,18,131,32,1*60
$GPGSV,2,2,06,23,09,353,28,25,72,032,51,1*62
$GPGSV,3,1,09,05,42,103,45,12,35,044,42,13,30,038,34,18,57,295,15,6*67
$GPGSV,3,2,09,21,18,131,27,23,09,353,27,25,72,032,45,28,30,274,18,6*6C
$GPGSV,3,3,09,29,58,180,22,6*55
$GPGSV,2,1,06,13,30,038,39,18,57,295,21,21,18,131,23,23,09,353,36,8*6E
$GPGSV,2,2,06,25,72,032,53,28,30,274,18,8*6F
$GPGSV,1,1,03,15,01,045,,26,12,222,,31,21,242,,0*52
$GAGSV,2,1,08,02,21,223,23,10,49,143,34,11,80,152,31,12,25,141,27,1*79
$GAGSV,2,2,08,14,26,101,31,16,50,059,48,25,74,194,26,36,46,317,16,1*75
$GAGSV,1,1,03,10,49,143,34,12,25,141,32,16,50,059,49,5*4D
$GAGSV,2,1,07,10,49,143,28,11,80,152,25,12,25,141,30,14,26,101,27,7*79
$GAGSV,2,2,07,16,50,059,46,25,74,194,33,36,46,317,09,7*4B
$GBGSV,2,1,06,11,13,122,14,26,53,255,16,29,33,131,40,35,63,212,14,3*7B
$GBGSV,2,2,06,36,04,024,25,39,46,358,49,3*79
$GBGSV,3,1,09,11,13,122,15,12,16,084,22,19,15,057,25,26,53,255,21,5*7C
$GBGSV,3,2,09,29,33,131,39,31,27,272,16,35,63,212,18,36,04,024,18,5*7A
$GBGSV,3,3,09,39,46,358,46,5*4F
$GBGSV,2,1,07,19,15,057,22,26,53,255,19,29,33,131,36,31,27,272,15,8*74
$GBGSV,2,2,07,35,63,212,26,36,04,024,18,39,46,358,46,8*44
$GBGSV,1,1,03,20,13,104,,22,00,011,,24,14,221,,0*43
$GNGLL,3001.74229,S,05112.74965,W,162711.00,A,D*79
$GNRMC,162712.00,A,3001.74230,S,05112.74966,W,0.017,,090926,,,F,V*12
$GNVTG,,T,,M,0.017,N,0.031,K,D*3C
$GNGGA,162712.00,3001.74230,S,05112.74966,W,5,12,1.46,47.8,M,4.8,M,2.0,0920*65
$GNGSA,M,3,29,05,12,13,18,21,25,28,,,,,2.42,1.46,1.93,1*09
$GNGSA,M,3,10,11,12,16,25,36,02,,,,,,2.42,1.46,1.93,3*06
$GNGSA,M,3,35,39,11,26,29,,,,,,,,2.42,1.46,1.93,4*07
$GPGSV,2,1,06,05,42,103,46,12,35,044,50,13,29,038,44,21,18,131,32,1*68
$GPGSV,2,2,06,23,09,353,28,25,72,032,51,1*62
$GPGSV,3,1,09,05,42,103,45,12,35,044,42,13,29,038,34,18,57,295,15,6*6F
$GPGSV,3,2,09,21,18,131,27,23,09,353,27,25,72,032,45,28,30,274,18,6*6C
$GPGSV,3,3,09,29,58,180,22,6*55
$GPGSV,2,1,06,13,29,038,38,18,57,295,22,21,18,131,24,23,09,353,36,8*63
$GPGSV,2,2,06,25,72,032,52,28,30,274,18,8*6E
$GPGSV,1,1,03,15,01,045,,26,12,222,,31,21,242,,0*52
$GAGSV,2,1,08,02,21,223,22,10,49,143,34,11,80,152,31,12,25,141,27,1*78
$GAGSV,2,2,08,14,26,101,31,16,50,059,48,25,74,194,26,36,46,317,16,1*75
$GAGSV,1,1,03,10,49,143,34,12,25,141,32,16,50,059,49,5*4D
$GAGSV,2,1,07,10,49,143,28,11,80,152,25,12,25,141,29,14,26,101,27,7*71
$GAGSV,2,2,07,16,50,059,46,25,74,194,32,36,46,317,11,7*43
$GBGSV,2,1,06,11,13,122,12,26,53,255,17,29,33,131,40,35,63,212,09,3*70
$GBGSV,2,2,06,36,04,024,25,39,46,358,49,3*79
$GBGSV,3,1,09,11,13,122,15,12,16,084,22,19,15,057,25,26,53,255,22,5*7F
$GBGSV,3,2,09,29,33,131,39,31,27,272,16,35,63,212,18,36,04,024,18,5*7A
$GBGSV,3,3,09,39,46,358,46,5*4F
$GBGSV,2,1,07,19,15,057,22,26,53,255,19,29,33,131,36,31,27,272,16,8*77
$GBGSV,2,2,07,35,63,212,26,36,04,024,17,39,46,358,46,8*4B
$GBGSV,1,1,03,20,13,104,,22,00,011,,24,14,221,,0*43
$GNGLL,3001.74230,S,05112.74966,W,162712.00,A,D*71
$GNRMC,162713.00,A,3001.74230,S,05112.74966,W,0.002,,090926,,,F,V*17
$GNVTG,,T,,M,0.002,N,0.004,K,D*3E
$GNGGA,162713.00,3001.74230,S,05112.74966,W,5,12,1.46,47.8,M,4.8,M,2.0,0920*64
$GNGSA,M,3,29,05,12,13,18,21,25,28,,,,,2.42,1.46,1.93,1*09
$GNGSA,M,3,10,11,12,16,25,36,02,,,,,,2.42,1.46,1.93,3*06
$GNGSA,M,3,35,39,11,26,29,31,,,,,,,2.42,1.46,1.93,4*05
$GPGSV,2,1,06,05,42,103,46,12,35,044,50,13,29,038,44,21,18,131,32,1*68
$GPGSV,2,2,06,23,09,353,28,25,72,032,51,1*62
$GPGSV,3,1,09,05,42,103,45,12,35,044,42,13,29,038,34,18,57,295,15,6*6F
$GPGSV,3,2,09,21,18,131,27,23,09,353,27,25,72,032,45,28,30,274,17,6*63
$GPGSV,3,3,09,29,58,180,22,6*55
$GPGSV,2,1,06,13,29,038,38,18,57,295,21,21,18,131,24,23,09,353,36,8*60
$GPGSV,2,2,06,25,72,032,53,28,30,274,18,8*6F
$GPGSV,1,1,03,15,01,045,,26,12,222,,31,21,242,,0*52
$GAGSV,2,1,08,02,21,223,22,10,49,143,35,11,80,152,31,12,25,141,27,1*79
$GAGSV,2,2,08,14,26,101,31,16,50,059,48,25,74,194,26,36,46,317,16,1*75
$GAGSV,1,1,03,10,49,143,35,12,25,141,32,16,50,059,49,5*4C
$GAGSV,2,1,07,10,49,143,28,11,80,152,25,12,25,141,29,14,26,101,26,7*70
$GAGSV,2,2,07,16,50,059,46,25,74,194,32,36,46,317,11,7*43
$GBGSV,2,1,06,11,13,122,13,26,53,255,16,29,33,131,40,35,63,212,12,3*7A
$GBGSV,2,2,06,36,04,024,25,39,46,358,49,3*79
$GBGSV,3,1,10,11,13,122,15,12,16,084,22,19,15,057,25,20,13,104,20,5*70
$GBGSV,3,2,10,26,53,255,21,29,33,131,39,31,27,272,17,35,63,212,18,5*7E
$GBGSV,3,3,10,36,04,024,18,39,46,358,46,5*79
$GBGSV,2,1,07,19,15,057,21,26,53,255,19,29,33,131,36,31,27,272,15,8*77
$GBGSV,2,2,07,35,63,212,26,36,04,024,17,39,46,358,47,8*4A
$GBGSV,1,1,02,22,00,011,,24,14,221,,0*77
$GNGLL,3001.74230,S,05112.74966,W,162713.00,A,D*70
$GNRMC,162714.00,A,3001.74230,S,05112.74967,W,0.036,,090926,,,F,V*16
$GNVTG,,T,,M,0.036,N,0.066,K,D*3D
$GNGGA,162714.00,3001.74230,S,05112.74967,W,5,12,1.46,47.8,M,4.8,M,2.0,0920*62
$GNGSA,M,3,29,05,12,13,18,21,25,28,,,,,2.42,1.46,1.93,1*09
$GNGSA,M,3,10,11,12,16,25,36,02,,,,,,2.42,1.46,1.93,3*06
$GNGSA,M,3,35,39,11,26,29,31,,,,,,,2.42,1.46,1.93,4*05
$GPGSV,2,1,06,05,42,103,46,12,35,044,50,13,29,038,44,21,18,131,32,1*68
$GPGSV,2,2,06,23,09,353,28,25,72,032,51,1*62
$GPGSV,3,1,09,05,42,103,45,12,35,044,42,13,29,038,34,18,57,295,16,6*6C
$GPGSV,3,2,09,21,18,131,27,23,09,353,27,25,72,032,45,28,30,274,17,6*63
$GPGSV,3,3,09,29,58,180,22,6*55
$GPGSV,2,1,06,13,29,038,38,18,57,295,21,21,18,131,24,23,09,353,36,8*60
$GPGSV,2,2,06,25,72,032,53,28,30,274,22,8*66
$GPGSV,1,1,03,15,01,045,,26,12,222,,31,21,242,,0*52
$GAGSV,2,1,08,02,21,223,22,10,49,143,34,11,80,152,31,12,25,141,26,1*79
$GAGSV,2,2,08,14,26,101,32,16,50,059,48,25,74,194,26,36,46,317,15,1*75
$GAGSV,1,1,03,10,49,143,35,12,25,141,32,16,50,059,49,5*4C
$GAGSV,2,1,07,10,49,143,28,11,80,152,26,12,25,141,30,14,26,101,26,7*7B
$GAGSV,2,2,07,16,50,059,46,25,74,194,33,36,46,317,05,7*47
$GBGSV,2,1,06,11,13,122,14,26,53,255,16,29,33,131,40,35,63,212,09,3*77
$GBGSV,2,2,06,36,04,024,25,39,46,358,49,3*79
$GBGSV,3,1,10,11,13,122,15,12,16,084,22,19,15,057,25,20,13,104,18,5*7B
$GBGSV,3,2,10,26,53,255,21,29,33,131,39,31,27,272,18,35,63,212,18,5*71
$GBGSV,3,3,10,36,04,024,18,39,46,358,47,5*78
$GBGSV,2,1,07,19,15,057,22,26,53,255,18,29,33,131,36,31,27,272,16,8*76
$GBGSV,2,2,07,35,63,212,26,36,04,024,16,39,46,358,46,8*4A
$GBGSV,1,1,02,22,00,011,,24,14,221,,0*77
$GNGLL,3001.74230,S,05112.74967,W,162714.00,A,D*76
$GNRMC,162715.00,A,3001.74229,S,05112.74966,W,0.007,,090926,,,F,V*1C
$GNVTG,,T,,M,0.007,N,0.013,K,D*3D
$GNGGA,162715.00,3001.74229,S,05112.74966,W,5,12,1.46,47.8,M,4.8,M,2.0,0920*6A
$GNGSA,M,3,29,05,12,13,18,21,25,28,,,,,2.42,1.46,1.93,1*09
$GNGSA,M,3,10,11,12,16,25,36,02,,,,,,2.42,1.46,1.93,3*06
$GNGSA,M,3,35,39,11,26,29,,,,,,,,2.42,1.46,1.93,4*07
$GPGSV,2,1,06,05,42,103,46,12,35,044,50,13,29,038,44,21,18,131,32,1*68
$GPGSV,2,2,06,23,09,353,28,25,72,032,51,1*62
$GPGSV,3,1,09,05,42,103,45,12,35,044,42,13,29,038,34,18,57,295,17,6*6D
$GPGSV,3,2,09,21,18,131,28,23,09,353,27,25,72,032,45,28,30,274,16,6*6D
$GPGSV,3,3,09,29,58,180,21,6*56
$GPGSV,2,1,06,13,29,038,38,18,57,295,20,21,18,131,24,23,09,353,36,8*61
$GPGSV,2,2,06,25,72,032,53,28,30,274,22,8*66
$GPGSV,1,1,03,15,01,045,,26,12,222,,31,21,242,,0*52
$GAGSV,2,1,08,02,21,223,22,10,49,143,35,11,80,152,31,12,25,141,26,1*78
$GAGSV,2,2,08,14,26,101,32,16,50,059,48,25,74,194,26,36,46,317,15,1*75
$GAGSV,1,1,03,10,49,143,34,12,25,141,32,16,50,059,49,5*4D
$GAGSV,2,1,07,10,49,143,28,11,80,152,26,12,25,141,29,14,26,101,25,7*70
$GAGSV,2,2,07,16,50,059,46,25,74,194,33,36,46,317,11,7*42
$GBGSV,2,1,06,11,13,122,14,26,53,255,16,29,33,131,40,35,63,212,10,3*7F
$GBGSV,2,2,06,36,04,024,26,39,46,358,49,3*7A
$GBGSV,3,1,10,11,13,122,15,12,16,084,22,19,15,057,25,20,13,104,17,5*74
$GBGSV,3,2,10,26,53,255,21,29,33,131,39,31,27,272,18,35,63,212,18,5*71
$GBGSV,3,3,10,36,04,024,18,39,46,358,46,5*79
$GBGSV,2,1,07,19,15,057,22,26,53,255,18,29,33,131,36,31,27,272,15,8*75
$GBGSV,2,2,07,35,63,212,26,36,04,024,16,39,46,358,46,8*4A
$GBGSV,1,1,02,22,00,011,,24,14,221,,0*77
$GNGLL,3001.74229,S,05112.74966,W,162715.00,A,D*7E
$GNRMC,162716.00,A,3001.74229,S,05112.74965,W,0.018,,090926,,,F,V*12
$GNVTG,,T,,M,0.018,N,0.034,K,D*36
$GNGGA,162716.00,3001.74229,S,05112.74965,W,5,12,1.48,47.8,M,4.8,M,2.0,0920*64
$GNGSA,M,3,29,05,12,13,21,25,,,,,,,2.52,1.48,2.04,1*08
$GNGSA,M,3,10,11,12,16,25,36,02,,,,,,2.52,1.48,2.04,3*04
$GNGSA,M,3,35,39,11,26,29,31,,,,,,,2.52,1.48,2.04,4*07
$GPGSV,2,1,06,05,42,103,46,12,35,044,50,13,29,038,44,21,18,131,32,1*68
$GPGSV,2,2,06,23,09,353,28,25,72,032,51,1*62
$GPGSV,3,1,09,05,42,103,45,12,35,044,42,13,29,038,34,18,57,295,17,6*6D
$GPGSV,3,2,09,21,18,131,27,23,09,353,27,25,72,032,45,28,30,274,16,6*62
$GPGSV,3,3,09,29,58,180,21,6*56
$GPGSV,2,1,06,13,29,038,38,18,57,295,20,21,18,131,24,23,09,353,36,8*61
$GPGSV,2,2,06,25,72,032,53,28,30,274,22,8*66
$GPGSV,1,1,03,15,01,045,,26,12,222,,31,21,242,,0*52
$GAGSV,2,1,08,02,21,223,22,10,49,143,35,11,80,152,30,12,25,141,27,1*78
$GAGSV,2,2,08,14,26,101,32,16,50,059,48,25,74,194,26,36,46,317,16,1*76
$GAGSV,1,1,03,10,49,143,34,12,25,141,32,16,50,059,49,5*4D
$GAGSV,2,1,07,10,49,143,28,11,80,152,26,12,25,141,29,14,26,101,25,7*70
$GAGSV,2,2,07,16,50,059,46,25,74,194,33,36,46,317,07,7*45
$GBGSV,2,1,06,11,13,122,15,26,53,255,16,29,33,131,40,35,63,212,11,3*7F
$GBGSV,2,2,06,36,04,024,26,39,46,358,49,3*7A
$GBGSV,3,1,10,11,13,122,15,12,16,084,22,19,15,057,25,20,13,104,17,5*74
$GBGSV,3,2,10,26,53,255,21,29,33,131,39,31,27,272,18,35,63,212,18,5*71
$GBGSV,3,3,10,36,04,024,18,39,46,358,47,5*78
$GBGSV,2,1,07,19,15,057,22,26,53,255,18,29,33,131,36,31,27,272,17,8*77
$GBGSV,2,2,07,35,63,212,26,36,04,024,16,39,46,358,46,8*4A
$GBGSV,1,1,02,22,00,011,,24,14,221,,0*77
$GNGLL,3001.74229,S,05112.74965,W,162716.00,A,D*7E
$GNRMC,162717.00,A,3001.74229,S,05112.74966,W,0.005,,090926,,,F,V*1C
$GNVTG,,T,,M,0.005,N,0.010,K,D*3C
$GNGGA,162717.00,3001.74229,S,05112.74966,W,5,12,1.48,47.8,M,4.8,M,2.0,0920*66
$GNGSA,M,3,29,05,12,13,21,25,,,,,,,2.52,1.48,2.04,1*08
$GNGSA,M,3,10,11,12,16,25,36,02,,,,,,2.52,1.48,2.04,3*04
$GNGSA,M,3,35,39,11,26,29,,,,,,,,2.52,1.48,2.04,4*05
$GPGSV,2,1,06,05,42,103,46,12,35,044,50,13,29,038,44,21,18,131,32,1*68
$GPGSV,2,2,06,23,09,353,28,25,72,032,51,1*62
$GPGSV,3,1,09,05,42,103,45,12,35,044,42,13,29,038,34,18,57,294,17,6*6C
$GPGSV,3,2,09,21,18,131,27,23,09,353,27,25,72,032,45,28,30,274,15,6*61
$GPGSV,3,3,09,29,58,180,20,6*57
$GPGSV,2,1,06,13,29,038,38,18,57,294,20,21,18,131,24,23,09,353,37,8*61
$GPGSV,2,2,06,25,72,032,53,28,30,274,22,8*66
$GPGSV,1,1,03,15,01,045,,26,12,222,,31,21,242,,0*52
$GAGSV,2,1,08,02,21,223,23,10,49,143,35,11,80,152,30,12,25,141,27,1*79
$GAGSV,2,2,08,14,26,101,32,16,50,059,48,25,74,194,26,36,46,317,16,1*76
$GAGSV,1,1,03,10,49,143,34,12,25,141,31,16,50,059,49,5*4E
$GAGSV,2,1,07,10,49,143,28,11,80,152,26,12,25,141,29,14,26,101,25,7*70
$GAGSV,2,2,07,16,50,059,46,25,74,194,33,36,46,317,08,7*4A
$GBGSV,2,1,06,11,13,122,16,26,53,255,15,29,33,131,40,35,63,212,10,3*7E
$GBGSV,2,2,06,36,04,024,26,39,46,358,49,3*7A
$GBGSV,3,1,10,11,13,122,15,12,16,084,22,19,15,057,25,20,13,104,17,5*74
$GBGSV,3,2,10,26,53,255,21,29,33,131,39,31,27,272,18,35,63,212,18,5*71
$GBGSV,3,3,10,36,04,024,18,39,46,358,46,5*79
$GBGSV,2,1,07,19,15,057,22,26,53,255,17,29,33,131,36,31,27,272,16,8*79
$GBGSV,2,2,07,35,63,212,26,36,04,024,17,39,46,358,46,8*4B
$GBGSV,1,1,02,22,00,011,,24,14,221,,0*77
$GNGLL,3001.74229,S,05112.74966,W,162717.00,A,D*7C
$GNRMC,162718.00,A,3001.74230,S,05112.74966,W,0.012,,090926,,,F,V*1D
$GNVTG,,T,,M,0.012,N,0.022,K,D*3B
$GNGGA,162718.00,3001.74230,S,05112.74966,W,5,12,1.48,47.8,M,4.8,M,2.0,0920*61
$GNGSA,M,3,29,05,12,13,21,25,,,,,,,2.52,1.48,2.04,1*08
$GNGSA,M,3,10,11,12,16,25,36,02,,,,,,2.52,1.48,2.04,3*04
$GNGSA,M,3,35,39,11,26,29,,,,,,,,2.52,1.48,2.04,4*05
$GPGSV,2,1,06,05,42,103,46,12,35,044,50,13,29,038,44,21,18,131,32,1*68
$GPGSV,2,2,06,23,09,353,28,25,72,032,51,1*62
$GPGSV,3,1,09,05,42,103,45,12,35,044,42,13,29,038,34,18,57,294,17,6*6C
$GPGSV,3,2,09,21,18,131,28,23,09,353,27,25,72,032,45,28,30,274,15,6*6E
$GPGSV,3,3,09,29,58,180,20,6*57
$GPGSV,2,1,06,13,29,038,38,18,57,294,20,21,18,131,24,23,09,353,36,8*60
$GPGSV,2,2,06,25,72,032,53,28,30,274,22,8*66
$GPGSV,1,1,03,15,01,045,,26,12,222,,31,21,242,,0*52
$GAGSV,2,1,08,02,21,223,23,10,49,143,35,11,80,152,31,12,25,141,27,1*78
$GAGSV,2,2,08,14,26,101,32,16,50,059,48,25,74,194,26,36,46,317,17,1*77
$GAGSV,1,1,03,10,49,143,34,12,25,141,32,16,50,059,49,5*4D
$GAGSV,2,1,07,10,49,143,28,11,80,152,26,12,25,141,29,14,26,101,24,7*71
$GAGSV,2,2,07,16,50,059,46,25,74,194,33,36,46,317,10,7*43
$GBGSV,2,1,06,11,13,122,16,26,53,255,15,29,33,131,40,35,63,212,09,3*76
$GBGSV,2,2,06,36,04,024,26,39,46,358,49,3*7A
$GBGSV,3,1,10,11,13,122,15,12,16,084,22,19,15,057,25,20,13,104,17,5*74
$GBGSV,3,2,10,26,53,255,22,29,33,131,39,31,27,272,18,35,63,212,18,5*72
$GBGSV,3,3,10,36,04,024,18,39,46,358,47,5*78
$GBGSV,2,1,07,19,15,057,22,26,53,255,17,29,33,131,36,31,27,272,16,8*79
$GBGSV,2,2,07,35,63,212,27,36,04,024,17,39,46,358,46,8*4A
$GBGSV,1,1,02,22,00,011,,24,14,221,,0*77
$GNGLL,3001.74230,S,05112.74966,W,162718.00,A,D*7B
$GNRMC,162719.00,A,3001.74229,S,05112.74965,W,0.008,,090926,,,F,V*1C
$GNVTG,,T,,M,0.008,N,0.014,K,D*35
$GNGGA,162719.00,3001.74229,S,05112.74965,W,5,12,1.11,47.8,M,4.8,M,2.0,0920*67
$GNGSA,M,3,29,05,12,13,21,25,,,,,,,2.05,1.11,1.72,1*04
$GNGSA,M,3,10,11,12,16,25,36,02,,,,,,2.05,1.11,1.72,3*08
$GNGSA,M,3,35,39,11,26,29,31,,,,,,,2.05,1.11,1.72,4*0B
$GPGSV,2,1,06,05,42,103,46,12,35,044,50,13,29,038,44,21,18,131,32,1*68
$GPGSV,2,2,06,23,09,353,28,25,72,032,51,1*62
$GPGSV,3,1,09,05,42,103,45,12,35,044,42,13,29,038,34,18,57,294,16,6*6D
$GPGSV,3,2,09,21,18,131,28,23,09,353,27,25,72,032,45,28,30,274,15,6*6E
$GPGSV,3,3,09,29,58,180,20,6*57
$GPGSV,2,1,06,13,29,038,38,18,57,294,20,21,18,131,24,23,09,353,36,8*60
$GPGSV,2,2,06,25,72,032,53,28,30,274,22,8*66
$GPGSV,1,1,03,15,01,045,,26,12,222,,31,21,242,,0*52
$GAGSV,2,1,08,02,21,223,22,10,49,143,35,11,80,152,30,12,25,141,27,1*78
$GAGSV,2,2,08,14,26,101,32,16,50,059,48,25,74,194,26,36,46,317,18,1*78
$GAGSV,1,1,03,10,49,143,34,12,25,141,32,16,50,059,49,5*4D
$GAGSV,2,1,07,10,49,143,28,11,80,152,26,12,25,141,29,14,26,101,24,7*71
$GAGSV,2,2,07,16,50,059,46,25,74,194,33,36,46,317,07,7*45
$GBGSV,2,1,06,11,13,122,17,26,53,255,15,29,33,131,40,35,63,212,10,3*7F
$GBGSV,2,2,06,36,04,024,25,39,46,358,49,3*79
$GBGSV,3,1,10,11,13,122,15,12,16,084,22,19,15,057,25,20,13,104,17,5*74
$GBGSV,3,2,10,26,53,255,22,29,33,131,39,31,27,272,18,35,63,212,18,5*72
$GBGSV,3,3,10,36,04,024,17,39,46,358,46,5*76
$GBGSV,2,1,07,19,15,057,22,26,53,255,16,29,33,131,37,31,27,272,16,8*79
$GBGSV,2,2,07,35,63,212,27,36,04,024,16,39,46,358,46,8*4B
$GBGSV,1,1,02,22,00,011,,24,14,221,,0*77
$GNGLL,3001.74229,S,05112.74965,W,162719.00,A,D*71
$GNRMC,162720.00,A,3001.74230,S,05112.74966,W,0.012,,090926,,,F,V*16
$GNVTG,,T,,M,0.012,N,0.023,K,D*3A
$GNGGA,162720.00,3001.74230,S,05112.74966,W,5,12,1.11,47.8,M,4.8,M,2.0,0920*66
$GNGSA,M,3,29,05,12,13,21,25,,,,,,,2.05,1.11,1.72,1*04
$GNGSA,M,3,10,11,12,16,25,36,02,,,,,,2.05,1.11,1.72,3*08
$GNGSA,M,3,35,39,11,26,29,31,,,,,,,2.05,1.11,1.72,4*0B
$GPGSV,2,1,06,05,42,103,46,12,35,044,50,13,29,038,44,21,18,132,32,1*6B
$GPGSV,2,2,06,23,09,353,27,25,72,032,51,1*6D
$GPGSV,3,1,09,05,42,103,45,12,35,044,42,13,29,038,34,18,57,294,15,6*6E
$GPGSV,3,2,09,21,18,132,28,23,09,353,27,25,72,032,45,28,30,274,15,6*6D
$GPGSV,3,3,09,29,58,180,20,6*57
$GPGSV,2,1,05,13,29,038,38,18,57,294,20,21,18,132,24,23,09,353,37,8*61
$GPGSV,2,2,05,25,72,032,53,8*5D
$GPGSV,1,1,03,15,01,045,,26,12,222,,31,21,242,,0*52
$GAGSV,2,1,08,02,21,223,22,10,49,143,35,11,80,152,30,12,25,141,27,1*78
$GAGSV,2,2,08,14,26,101,32,16,50,059,48,25,74,194,25,36,46,317,18,1*7B
$GAGSV,1,1,03,10,49,143,34,12,25,141,32,16,50,059,49,5*4D
$GAGSV,2,1,07,10,49,143,28,11,80,152,26,12,25,141,30,14,26,101,23,7*7E
$GAGSV,2,2,07,16,50,059,46,25,74,194,33,36,46,317,10,7*43
$GBGSV,2,1,06,11,13,122,17,26,53,255,15,29,33,131,40,35,63,212,08,3*76
$GBGSV,2,2,06,36,04,024,26,39,46,358,49,3*7A
$GBGSV,3,1,10,11,13,122,16,12,16,084,23,19,15,057,25,20,13,104,17,5*76
$GBGSV,3,2,10,26,53,255,22,29,33,131,39,31,27,272,18,35,63,212,17,5*7D
$GBGSV,3,3,10,36,04,024,18,39,46,358,46,5*79
$GBGSV,2,1,07,19,15,057,23,26,53,255,17,29,33,131,36,31,27,272,17,8*79
$GBGSV,2,2,07,35,63,212,27,36,04,024,17,39,46,358,46,8*4A
$GBGSV,1,1,02,22,00,011,,24,14,221,,0*77
$GNGLL,3001.74230,S,05112.74966,W,162720.00,A,D*70
$GNRMC,162721.00,A,3001.74229,S,05112.74965,W,0.014,,090926,,,F,V*1A
$GNVTG,,T,,M,0.014,N,0.026,K,D*39
$GNGGA,162721.00,3001.74229,S,05112.74965,W,5,12,1.11,47.8,M,4.8,M,2.0,0920*6C
$GNGSA,M,3,29,05,12,13,21,25,,,,,,,2.05,1.11,1.72,1*04
$GNGSA,M,3,10,11,12,16,25,36,02,,,,,,2.05,1.11,1.72,3*08
$GNGSA,M,3,35,39,11,26,29,31,,,,,,,2.05,1.11,1.72,4*0B
$GPGSV,2,1,06,05,42,103,47,12,35,044,50,13,29,038,44,21,18,132,32,1*6A
$GPGSV,2,2,06,23,09,353,27,25,72,032,51,1*6D
$GPGSV,3,1,09,05,42,103,45,12,35,044,42,13,29,038,34,18,57,294,16,6*6D
$GPGSV,3,2,09,21,18,132,28,23,09,353,27,25,72,032,45,28,30,274,14,6*6C
$GPGSV,3,3,09,29,58,180,20,6*57
$GPGSV,2,1,06,13,29,038,38,18,57,294,19,21,18,132,24,23,09,353,37,8*68
$GPGSV,2,2,06,25,72,032,53,28,30,274,20,8*64
$GPGSV,1,1,03,15,01,045,,26,12,222,,31,21,242,,0*52
$GAGSV,2,1,08,02,21,223,22,10,49,143,35,11,80,152,30,12,25,141,27,1*78
$GAGSV,2,2,08,14,26,101,33,16,50,059,48,25,74,194,26,36,46,317,19,1*78
$GAGSV,1,1,03,10,49,143,34,12,25,141,32,16,50,059,49,5*4D
$GAGSV,2,1,07,10,49,143,28,11,80,152,27,12,25,141,30,14,26,101,22,7*7E
$GAGSV,2,2,07,16,50,059,46,25,74,194,33,36,46,317,10,7*43
$GBGSV,2,1,06,11,13,122,17,26,53,255,13,29,33,131,40,35,63,212,10,3*79
$GBGSV,2,2,06,36,04,024,26,39,46,358,49,3*7A
$GBGSV,3,1,10,11,13,122,16,12,16,084,23,19,15,057,25,20,13,104,18,5*79
$GBGSV,3,2,10,26,53,255,22,29,33,131,39,31,27,272,19,35,63,212,18,5*73
$GBGSV,3,3,10,36,04,024,19,39,46,358,46,5*78
$GBGSV,2,1,08,19,15,057,23,24,14,221,23,26,53,255,17,29,33,131,36,8*73
$GBGSV,2,2,08,31,27,272,17,35,63,212,27,36,04,024,16,39,46,358,46,8*72
$GBGSV,1,1,01,22,00,011,,0*46
$GNGLL,3001.74229,S,05112.74965,W,162721.00,A,D*7A
$GNRMC,162722.00,A,3001.74229,S,05112.74965,W,0.029,,090926,,,F,V*17
$GNVTG,,T,,M,0.029,N,0.054,K,D*32
$GNGGA,162722.00,3001.74229,S,05112.74965,W,5,12,1.11,47.8,M,4.8,M,2.0,0920*6F
$GNGSA,M,3,29,05,12,13,21,25,,,,,,,2.05,1.11,1.72,1*04
$GNGSA,M,3,10,11,12,16,25,36,02,,,,,,2.05,1.11,1.72,3*08
$GNGSA,M,3,35,39,11,26,29,31,,,,,,,2.05,1.11,1.72,4*0B
$GPGSV,2,1,06,05,42,103,46,12,35,044,50,13,29,038,44,21,18,132,32,1*6B
$GPGSV,2,2,06,23,10,353,27,25,72,032,51,1*65
$GPGSV,3,1,09,05,42,103,45,12,35,044,42,13,29,038,34,18,57,294,15,6*6E
$GPGSV,3,2,09,21,18,132,28,23,10,353,27,25,72,032,45,28,30,274,14,6*64
$GPGSV,3,3,09,29,58,180,20,6*57
$GPGSV,2,1,06,13,29,038,38,18,57,294,19,21,18,132,25,23,10,353,37,8*61
$GPGSV,2,2,06,25,72,032,53,28,30,274,19,8*6E
$GPGSV,1,1,03,15,01,045,,26,12,222,,31,21,242,,0*52
$GAGSV,2,1,08,02,21,223,22,10,49,143,35,11,80,152,30,12,25,141,27,1*78
$GAGSV,2,2,08,14,26,101,32,16,50,059,48,25,74,194,26,36,46,317,20,1*73
$GAGSV,1,1,03,10,49,143,34,12,25,141,32,16,50,059,49,5*4D
$GAGSV,2,1,07,10,49,143,28,11,80,152,27,12,25,141,30,14,26,101,22,7*7E
$GAGSV,2,2,07,16,50,059,46,25,74,194,33,36,46,317,09,7*4B
$GBGSV,2,1,06,11,13,122,17,26,53,255,11,29,33,131,40,35,63,212,08,3*72
$GBGSV,2,2,06,36,04,024,26,39,46,358,49,3*7A
$GBGSV,3,1,10,11,13,122,15,12,16,084,23,19,15,057,25,20,13,104,18,5*7A
$GBGSV,3,2,10,26,53,255,22,29,33,131,39,31,27,272,19,35,63,212,17,5*7C
$GBGSV,3,3,10,36,04,024,19,39,46,358,46,5*78
$GBGSV,2,1,08,19,15,057,23,24,14,221,23,26,53,255,17,29,33,131,36,8*73
$GBGSV,2,2,08,31,27,272,18,35,63,212,27,36,04,024,16,39,46,358,47,8*7C
$GBGSV,1,1,01,22,00,011,,0*46
$GNGLL,3001.74229,S,05112.74965,W,162722.00,A,D*79
$GNRMC,162723.00,A,3001.74229,S,05112.74965,W,0.028,,090926,,,F,V*17
$GNVTG,,T,,M,0.028,N,0.052,K,D*35
$GNGGA,162723.00,3001.74229,S,05112.74965,W,5,12,1.48,47.8,M,4.8,M,2.0,0920*62
$GNGSA,M,3,29,05,12,13,21,25,,,,,,,2.52,1.48,2.04,1*08
$GNGSA,M,3,10,11,12,16,25,36,02,,,,,,2.52,1.48,2.04,3*04
$GNGSA,M,3,35,39,11,26,29,31,,,,,,,2.52,1.48,2.04,4*07
$GPGSV,2,1,06,05,42,103,46,12,35,044,50,13,29,038,44,21,18,132,32,1*6B
$GPGSV,2,2,06,23,10,353,27,25,72,032,51,1*65
$GPGSV,3,1,09,05,42,103,45,12,35,044,42,13,29,038,34,18,57,294,15,6*6E
$GPGSV,3,2,09,21,18,132,28,23,10,353,27,25,72,032,45,28,30,274,13,6*63
$GPGSV,3,3,09,29,58,180,19,6*5D
$GPGSV,2,1,07,13,29,038,38,18,57,294,18,21,18,132,24,23,10,353,37,8*60
$GPGSV,2,2,07,25,72,032,53,26,12,222,16,28,30,274,18,8*5C
$GPGSV,1,1,02,15,01,045,,31,21,242,,0*66
$GAGSV,2,1,08,02,21,223,22,10,49,143,35,11,80,152,30,12,25,141,26,1*79
$GAGSV,2,2,08,14,26,101,32,16,50,059,48,25,74,194,26,36,46,317,19,1*79
$GAGSV,1,1,03,10,49,143,34,12,25,141,32,16,50,059,49,5*4D
$GAGSV,2,1,07,10,49,143,28,11,80,152,27,12,25,141,29,14,26,101,22,7*76
$GAGSV,2,2,07,16,50,059,46,25,74,194,32,36,46,317,10,7*42
$GBGSV,2,1,06,11,13,122,17,26,53,255,11,29,33,131,40,35,63,212,09,3*73
$GBGSV,2,2,06,36,04,024,26,39,46,358,49,3*7A
$GBGSV,3,1,10,11,13,122,16,12,16,084,23,19,15,057,25,20,13,104,18,5*79
$GBGSV,3,2,10,26,53,255,22,29,33,131,39,31,27,272,18,35,63,212,18,5*72
$GBGSV,3,3,10,36,04,024,19,39,46,358,46,5*78
$GBGSV,2,1,08,19,15,057,22,24,14,221,21,26,53,255,16,29,33,131,36,8*71
$GBGSV,2,2,08,31,27,272,18,35,63,212,27,36,04,024,15,39,46,358,47,8*7F
$GBGSV,1,1,01,22,00,011,,0*46
$GNGLL,3001.74229,S,05112.74965,W,162723.00,A,D*78
$GNRMC,162724.00,A,3001.74229,S,05112.74965,W,0.028,,090926,,,F,V*10
$GNVTG,,T,,M,0.028,N,0.051,K,D*36
$GNGGA,162724.00,3001.74229,S,05112.74965,W,5,12,1.11,47.8,M,4.8,M,2.0,0920*69
$GNGSA,M,3,29,05,12,13,21,25,,,,,,,2.05,1.11,1.72,1*04
$GNGSA,M,3,10,11,12,16,25,36,02,,,,,,2.05,1.11,1.72,3*08
$GNGSA,M,3,35,39,11,26,29,31,,,,,,,2.05,1.11,1.72,4*0B
$GPGSV,2,1,06,05,42,103,46,12,35,044,50,13,29,038,43,21,18,132,32,1*6C
$GPGSV,2,2,06,23,10,353,27,25,71,031,51,1*65
$GPGSV,3,1,09,05,42,103,45,12,35,044,42,13,29,038,34,18,57,294,17,6*6C
$GPGSV,3,2,09,21,18,132,28,23,10,353,26,25,71,031,45,28,30,274,12,6*63
$GPGSV,3,3,09,29,58,180,18,6*5C
$GPGSV,2,1,07,13,29,038,38,18,57,294,18,21,18,132,24,23,10,353,36,8*61
$GPGSV,2,2,07,25,71,031,53,26,12,222,15,28,30,274,17,8*50
$GPGSV,1,1,02,15,01,045,,31,21,242,,0*66
$GAGSV,2,1,08,02,21,223,21,10,49,143,35,11,80,152,30,12,25,141,26,1*7A
$GAGSV,2,2,08,14,26,101,32,16,50,059,48,25,74,194,26,36,46,317,19,1*79
$GAGSV,1,1,03,10,49,143,34,12,25,141,31,16,50,059,49,5*4E
$GAGSV,2,1,07,10,49,143,28,11,80,152,27,12,25,141,30,14,26,101,23,7*7F
$GAGSV,2,2,07,16,50,059,46,25,74,194,32,36,46,317,11,7*43
$GBGSV,2,1,06,11,13,122,16,26,53,255,11,29,33,131,40,35,63,212,10,3*7A
$GBGSV,2,2,06,36,04,024,25,39,46,358,49,3*79
$GBGSV,3,1,10,11,13,122,17,12,16,084,23,19,15,057,25,20,13,104,18,5*78
$GBGSV,3,2,10,26,53,255,21,29,33,131,39,31,27,272,17,35,63,212,17,5*71
$GBGSV,3,3,10,36,04,024,18,39,46,358,46,5*79
$GBGSV,2,1,08,19,15,057,22,24,14,221,21,26,53,255,16,29,33,131,36,8*71
$GBGSV,2,2,08,31,27,272,19,35,63,212,27,36,04,024,15,39,46,358,46,8*7F
$GBGSV,1,1,01,22,00,011,,0*46
$GNGLL,3001.74229,S,05112.74965,W,162724.00,A,D*7F
$GNRMC,162725.00,A,3001.74229,S,05112.74964,W,0.011,,090926,,,F,V*1A
$GNVTG,,T,,M,0.011,N,0.020,K,D*3A
$GNGGA,162725.00,3001.74229,S,05112.74964,W,5,12,1.11,47.8,M,4.8,M,2.0,0920*69
$GNGSA,M,3,29,05,12,13,21,25,,,,,,,2.05,1.11,1.72,1*04
$GNGSA,M,3,10,11,12,16,25,36,02,,,,,,2.05,1.11,1.72,3*08
$GNGSA,M,3,35,39,11,26,29,31,,,,,,,2.05,1.11,1.72,4*0B
$GPGSV,2,1,06,05,42,103,46,12,35,044,50,13,29,038,43,21,18,132,32,1*6C
$GPGSV,2,2,06,23,10,353,27,25,71,031,51,1*65
$GPGSV,3,1,09,05,42,103,45,12,35,044,42,13,29,038,34,18,57,294,17,6*6C
$GPGSV,3,2,09,21,18,132,28,23,10,353,26,25,71,031,45,28,30,274,11,6*60
$GPGSV,3,3,09,29,58,180,19,6*5D
$GPGSV,2,1,07,13,29,038,38,18,57,294,18,21,18,132,24,23,10,353,37,8*60
$GPGSV,2,2,07,25,71,031,53,26,13,222,16,28,30,274,18,8*5D
$GPGSV,1,1,02,15,01,045,,31,21,242,,0*66
$GAGSV,2,1,08,02,21,223,21,10,49,143,35,11,80,152,31,12,25,141,26,1*7B
$GAGSV,2,2,08,14,26,101,33,16,50,059,48,25,74,194,26,36,46,317,19,1*78
$GAGSV,1,1,03,10,49,143,34,12,25,141,32,16,50,059,49,5*4D
$GAGSV,2,1,07,10,49,143,28,11,80,152,27,12,25,141,30,14,26,101,24,7*78
$GAGSV,2,2,07,16,50,059,46,25,74,194,33,36,46,317,08,7*4A
$GBGSV,2,1,06,11,13,122,17,26,53,255,14,29,33,131,39,35,63,212,09,3*78
$GBGSV,2,2,06,36,04,024,26,39,46,358,49,3*7A
$GBGSV,3,1,10,11,13,122,17,12,16,084,23,19,15,057,25,20,13,104,17,5*77
$GBGSV,3,2,10,26,53,255,22,29,33,131,39,31,27,272,18,35,63,212,16,5*7C
$GBGSV,3,3,10,36,04,024,18,39,46,358,46,5*79
$GBGSV,2,1,08,19,15,057,22,24,14,221,21,26,53,255,15,29,33,131,36,8*72
$GBGSV,2,2,08,31,27,272,19,35,63,212,27,36,04,024,15,39,46,358,47,8*7E
$GBGSV,1,1,01,22,00,011,,0*46
$GNGLL,3001.74229,S,05112.74964,W,162725.00,A,D*7F
$GNRMC,162726.00,A,3001.74229,S,05112.74963,W,0.018,,090926,,,F,V*17
$GNVTG,,T,,M,0.018,N,0.033,K,D*31
$GNGGA,162726.00,3001.74229,S,05112.74963,W,5,12,0.96,47.9,M,4.8,M,2.0,0920*62
$GNGSA,M,3,29,05,12,13,21,25,,,,,,,1.91,0.96,1.65,1*02
$GNGSA,M,3,10,11,12,16,25,36,02,,,,,,1.91,0.96,1.65,3*0E
$GNGSA,M,3,35,39,11,26,29,31,,,,,,,1.91,0.96,1.65,4*0D
$GPGSV,2,1,06,05,42,103,46,12,35,044,50,13,29,038,43,21,18,132,32,1*6C
$GPGSV,2,2,06,23,10,353,27,25,71,031,51,1*65
$GPGSV,3,1,10,05,42,103,45,12,35,044,42,13,29,038,34,18,57,294,17,6*64
$GPGSV,3,2,10,21,18,132,28,23,10,353,26,25,71,031,45,28,30,274,11,6*68
$GPGSV,3,3,10,29,58,180,19,31,21,242,14,6*65
$GPGSV,2,1,07,13,29,038,38,18,57,294,18,21,18,132,24,23,10,353,37,8*60
$GPGSV,2,2,07,25,71,031,53,26,13,222,18,28,30,274,18,8*53
$GPGSV,1,1,01,15,01,045,,0*50
$GAGSV,2,1,08,02,21,223,22,10,49,143,35,11,80,152,30,12,25,141,27,1*78
$GAGSV,2,2,08,14,26,101,33,16,50,059,48,25,74,194,26,36,46,317,19,1*78
$GAGSV,1,1,03,10,49,143,34,12,25,141,32,16,50,059,49,5*4D
$GAGSV,2,1,07,10,49,143,28,11,80,152,27,12,25,141,29,14,26,101,24,7*70
$GAGSV,2,2,07,16,50,059,46,25,74,194,32,36,46,317,10,7*42
$GBGSV,2,1,06,11,13,122,17,26,53,255,15,29,33,131,39,35,63,212,09,3*79
$GBGSV,2,2,06,36,04,024,26,39,46,358,49,3*7A
$GBGSV,3,1,10,11,13,122,17,12,16,084,23,19,15,057,25,20,13,104,16,5*76
$GBGSV,3,2,10,26,53,255,22,29,33,131,39,31,27,272,19,35,63,212,16,5*7D
$GBGSV,3,3,10,36,04,024,18,39,46,358,46,5*79
$GBGSV,2,1,08,19,15,057,23,24,14,221,20,26,53,255,15,29,33,131,36,8*72
$GBGSV,2,2,08,31,27,272,18,35,63,212,27,36,04,024,15,39,46,358,47,8*7F
$GBGSV,1,1,01,22,00,011,,0*46
$GNGLL,3001.74229,S,05112.74963,W,162726.00,A,D*7B
$GNRMC,162727.00,A,3001.74229,S,05112.74963,W,0.005,,090926,,,F,V*1A
$GNVTG,,T,,M,0.005,N,0.010,K,D*3C
$GNGGA,162727.00,3001.74229,S,05112.74963,W,5,12,1.11,47.9,M,4.8,M,2.0,0920*6D
$GNGSA,M,3,29,05,12,13,21,25,,,,,,,2.05,1.11,1.72,1*04
$GNGSA,M,3,10,11,12,16,25,36,02,,,,,,2.05,1.11,1.72,3*08
$GNGSA,M,3,35,39,11,26,29,31,,,,,,,2.05,1.11,1.72,4*0B
$GPGSV,2,1,06,05,42,103,46,12,35,044,50,13,29,038,43,21,18,132,32,1*6C
$GPGSV,2,2,06,23,10,353,27,25,71,031,51,1*65
$GPGSV,3,1,10,05,42,103,45,12,35,044,42,13,29,038,34,18,57,294,18,6*6B
$GPGSV,3,2,10,21,18,132,28,23,10,353,26,25,71,031,45,28,30,275,12,6*6A
$GPGSV,3,3,10,29,58,180,19,31,21,242,13,6*62
$GPGSV,2,1,07,13,29,038,38,18,57,294,17,21,18,132,25,23,10,353,37,8*6E
$GPGSV,2,2,07,25,71,031,53,26,13,222,19,28,30,275,18,8*53
$GPGSV,1,1,01,15,01,045,,0*50
$GAGSV,2,1,08,02,21,223,22,10,49,143,35,11,80,152,31,12,25,141,26,1*78
$GAGSV,2,2,08,14,26,101,32,16,50,059,48,25,74,194,26,36,46,317,19,1*79
$GAGSV,1,1,03,10,49,143,34,12,25,141,32,16,50,059,49,5*4D
$GAGSV,2,1,07,10,49,143,28,11,80,152,27,12,25,141,29,14,26,101,25,7*71
$GAGSV,2,2,07,16,50,059,46,25,74,194,32,36,46,317,12,7*40
$GBGSV,2,1,06,11,13,122,17,26,53,255,11,29,33,131,40,35,63,212,10,3*7B
$GBGSV,2,2,06,36,04,024,26,39,46,358,49,3*7A
$GBGSV,3,1,10,11,13,122,17,12,16,084,23,19,15,057,25,20,13,104,17,5*77
$GBGSV,3,2,10,26,53,255,22,29,33,131,39,31,27,272,18,35,63,212,16,5*7C
$GBGSV,3,3,10,36,04,024,19,39,46,358,46,5*78
$GBGSV,2,1,08,19,15,057,22,24,14,221,19,26,53,255,14,29,33,131,36,8*78
$GBGSV,2,2,08,31,27,272,19,35,63,212,27,36,04,024,15,39,46,358,47,8*7E
$GBGSV,1,1,01,22,00,011,,0*46
$GNGLL,3001.74229,S,05112.74963,W,162727.00,A,D*7A
$GNRMC,162728.00,A,3001.74228,S,05112.74962,W,0.017,,090926,,,F,V*16
$GNVTG,,T,,M,0.017,N,0.031,K,D*3C
$GNGGA,162728.00,3001.74228,S,05112.74962,W,5,12,1.11,47.9,M,4.8,M,2.0,0920*62
$GNGSA,M,3,29,05,12,13,21,25,,,,,,,2.05,1.11,1.72,1*04
$GNGSA,M,3,10,11,12,16,25,36,02,,,,,,2.05,1.11,1.72,3*08
$GNGSA,M,3,35,39,11,26,29,31,,,,,,,2.05,1.11,1.72,4*0B
$GPGSV,2,1,06,05,42,103,46,12,35,044,50,13,29,038,43,21,18,132,32,1*6C
$GPGSV,2,2,06,23,10,353,26,25,71,031,51,1*64
$GPGSV,3,1,10,05,42,103,45,12,35,044,42,13,29,038,34,18,57,294,18,6*6B
$GPGSV,3,2,10,21,18,132,28,23,10,353,26,25,71,031,45,28,30,275,10,6*68
$GPGSV,3,3,10,29,58,179,19,31,21,242,13,6*64
$GPGSV,2,1,07,13,29,038,38,18,57,294,18,21,18,132,25,23,10,353,37,8*61
$GPGSV,2,2,07,25,71,031,53,26,13,222,18,28,30,275,19,8*53
$GPGSV,1,1,01,15,01,045,,0*50
$GAGSV,2,1,08,02,21,223,22,10,49,143,35,11,80,152,31,12,25,141,26,1*78
$GAGSV,2,2,08,14,26,101,33,16,50,059,48,25,74,194,26,36,46,317,20,1*72
$GAGSV,1,1,03,10,49,143,34,12,25,141,32,16,50,059,49,5*4D
$GAGSV,2,1,07,10,49,143,28,11,80,152,28,12,25,141,29,14,26,101,25,7*7E
$GAGSV,2,2,07,16,50,059,46,25,74,194,32,36,46,317,08,7*4B
$GBGSV,2,1,06,11,13,122,17,26,53,255,11,29,33,131,40,35,63,212,11,3*7A
$GBGSV,2,2,06,36,04,024,26,39,46,358,49,3*7A
$GBGSV,3,1,10,11,13,122,17,12,16,084,23,19,15,057,25,20,13,104,18,5*78
$GBGSV,3,2,10,26,53,255,22,29,33,131,39,31,27,272,18,35,63,212,15,5*7F
$GBGSV,3,3,10,36,04,024,18,39,46,358,46,5*79
$GBGSV,2,1,08,19,15,057,22,24,14,221,18,26,53,255,13,29,33,131,37,8*7F
$GBGSV,2,2,08,31,27,272,20,35,63,212,27,36,04,024,16,39,46,358,47,8*77
$GBGSV,1,1,01,22,00,011,,0*46
$GNGLL,3001.74228,S,05112.74962,W,162728.00,A,D*75
$GNRMC,162729.00,A,3001.74228,S,05112.74962,W,0.010,,090926,,,F,V*10
$GNVTG,,T,,M,0.010,N,0.018,K,D*30
$GNGGA,162729.00,3001.74228,S,05112.74962,W,5,12,1.48,47.9,M,4.8,M,2.0,0920*6F
$GNGSA,M,3,29,05,12,13,21,25,,,,,,,2.51,1.48,2.04,1*0B
$GNGSA,M,3,10,11,12,16,25,36,02,,,,,,2.51,1.48,2.04,3*07
$GNGSA,M,3,35,39,11,26,29,31,,,,,,,2.51,1.48,2.04,4*04
$GPGSV,2,1,06,05,42,103,46,12,35,044,50,13,29,038,43,21,18,132,31,1*6F
$GPGSV,2,2,06,23,10,353,26,25,71,031,51,1*64
$GPGSV,3,1,10,05,42,103,45,12,35,044,42,13,29,038,34,18,57,294,18,6*6B
$GPGSV,3,2,10,21,18,132,28,23,10,353,26,25,71,031,45,28,30,275,11,6*69
$GPGSV,3,3,10,29,58,179,18,31,21,242,11,6*67
$GPGSV,2,1,07,13,29,038,38,18,57,294,17,21,18,132,25,23,10,353,37,8*6E
$GPGSV,2,2,07,25,71,031,53,26,13,222,17,28,30,275,19,8*5C
$GPGSV,1,1,01,15,01,045,,0*50
$GAGSV,2,1,08,02,21,223,22,10,49,143,35,11,80,152,30,12,25,141,26,1*79
$GAGSV,2,2,08,14,26,101,33,16,50,059,48,25,74,194,26,36,46,317,20,1*72
$GAGSV,1,1,03,10,49,143,34,12,25,141,31,16,50,059,49,5*4E
$GAGSV,2,1,07,10,49,143,28,11,80,152,28,12,25,141,29,14,26,101,26,7*7D
$GAGSV,2,2,07,16,50,059,46,25,74,194,32,36,46,317,11,7*43
$GBGSV,2,1,06,11,13,122,17,26,53,255,09,29,33,131,39,35,63,212,08,3*75
$GBGSV,2,2,06,36,04,024,26,39,46,358,49,3*7A
$GBGSV,3,1,10,11,13,122,17,12,16,084,23,19,15,057,25,20,13,104,18,5*78
$GBGSV,3,2,10,26,53,255,22,29,33,131,39,31,27,272,19,35,63,212,17,5*7C
$GBGSV,3,3,10,36,04,024,18,39,46,358,46,5*79
$GBGSV,2,1,08,19,15,057,22,24,14,221,17,26,53,255,12,29,33,131,37,8*71
$GBGSV,2,2,08,31,27,272,20,35,63,212,27,36,04,024,15,39,46,358,47,8*74
$GBGSV,1,1,01,22,00,011,,0*46
$GNGLL,3001.74228,S,05112.74962,W,162729.00,A,D*74
$GNRMC,162730.00,A,3001.74228,S,05112.74961,W,0.019,,090926,,,F,V*12
$GNVTG,,T,,M,0.019,N,0.034,K,D*37
$GNGGA,162730.00,3001.74228,S,05112.74961,W,5,12,1.48,47.9,M,4.8,M,2.0,0920*64
$GNGSA,M,3,29,05,12,13,21,25,,,,,,,2.51,1.48,2.03,1*0C
$GNGSA,M,3,10,11,12,16,25,36,02,,,,,,2.51,1.48,2.03,3*00
$GNGSA,M,3,35,39,11,26,29,31,,,,,,,2.51,1.48,2.03,4*03
$GPGSV,2,1,06,05,42,103,46,12,35,044,50,13,29,038,43,21,18,132,31,1*6F
$GPGSV,2,2,06,23,10,353,26,25,71,031,51,1*64
$GPGSV,3,1,10,05,42,103,45,12,35,044,42,13,29,038,34,18,57,294,18,6*6B
$GPGSV,3,2,10,21,18,132,28,23,10,353,26,25,71,031,45,28,30,275,11,6*69
$GPGSV,3,3,10,29,58,179,18,31,21,243,12,6*65
$GPGSV,2,1,07,13,29,038,38,18,57,294,16,21,18,132,24,23,10,353,37,8*6E
$GPGSV,2,2,07,25,71,031,53,26,13,222,17,28,30,275,18,8*5D
$GPGSV,1,1,01,15,01,045,,0*50
$GAGSV,2,1,08,02,21,223,22,10,49,143,35,11,80,152,30,12,25,141,26,1*79
$GAGSV,2,2,08,14,26,101,33,16,50,059,48,25,74,194,25,36,46,317,19,1*7B
$GAGSV,1,1,03,10,49,143,34,12,25,141,31,16,50,059,49,5*4E
$GAGSV,2,1,07,10,49,143,29,11,80,152,28,12,25,141,30,14,26,101,26,7*74
$GAGSV,2,2,07,16,50,059,46,25,74,194,32,36,46,317,13,7*41
$GBGSV,2,1,06,11,13,122,17,26,53,255,15,29,33,131,40,35,63,212,10,3*7F
$GBGSV,2,2,06,36,04,024,26,39,46,358,49,3*7A
$GBGSV,3,1,10,11,13,122,15,12,16,084,24,19,15,057,26,20,13,104,17,5*71
$GBGSV,3,2,10,26,53,255,23,29,33,131,39,31,27,272,19,35,63,212,17,5*7D
$GBGSV,3,3,10,36,04,024,18,39,46,358,46,5*79
$GBGSV,2,1,08,19,15,057,22,24,14,221,16,26,53,255,13,29,33,131,37,8*71
$GBGSV,2,2,08,31,27,272,21,35,63,212,27,36,04,024,16,39,46,358,47,8*76
$GBGSV,1,1,01,22,00,011,,0*46
$GNGLL,3001.74228,S,05112.74961,W,162730.00,A,D*7F
$GNRMC,162731.00,A,3001.74228,S,05112.74960,W,0.015,,090926,,,F,V*1E
$GNVTG,,T,,M,0.015,N,0.028,K,D*36
$GNGGA,162731.00,3001.74228,S,05112.74960,W,5,12,1.48,48.0,M,4.8,M,2.0,0920*62
$GNGSA,M,3,29,05,12,13,21,25,,,,,,,2.51,1.48,2.03,1*0C
$GNGSA,M,3,10,11,12,16,25,36,02,,,,,,2.51,1.48,2.03,3*00
$GNGSA,M,3,35,39,11,26,29,31,,,,,,,2.51,1.48,2.03,4*03
$GPGSV,2,1,06,05,42,103,46,12,35,044,50,13,29,038,43,21,18,132,31,1*6F
$GPGSV,2,2,06,23,10,353,26,25,71,031,51,1*64
$GPGSV,3,1,09,05,42,103,45,12,35,044,42,13,29,038,35,18,57,294,18,6*62
$GPGSV,3,2,09,21,18,132,28,23,10,353,26,25,71,031,45,29,58,179,19,6*69
$GPGSV,3,3,09,31,21,243,12,6*5D
$GPGSV,2,1,07,13,29,038,38,18,57,294,15,21,18,132,24,23,10,353,37,8*6D
$GPGSV,2,2,07,25,71,031,53,26,13,222,16,28,30,275,22,8*55
$GPGSV,1,1,01,15,01,045,,0*50
$GAGSV,2,1,08,02,21,223,22,10,49,143,35,11,80,152,30,12,25,141,26,1*79
$GAGSV,2,2,08,14,26,101,33,16,50,059,48,25,74,194,26,36,46,317,19,1*78
$GAGSV,1,1,03,10,49,143,34,12,25,141,31,16,50,059,49,5*4E
$GAGSV,2,1,07,10,49,143,29,11,80,152,28,12,25,141,29,14,26,101,27,7*7D
$GAGSV,2,2,07,16,50,059,46,25,74,194,32,36,46,317,14,7*46
$GBGSV,2,1,06,11,13,122,17,26,53,255,07,29,33,131,39,35,63,212,11,3*73
$GBGSV,2,2,06,36,04,024,26,39,46,358,49,3*7A
$GBGSV,3,1,10,11,13,122,16,12,16,084,24,19,15,057,26,20,13,104,17,5*72
$GBGSV,3,2,10,26,53,255,23,29,33,131,39,31,27,272,19,35,63,212,16,5*7C
$GBGSV,3,3,10,36,04,024,18,39,46,358,46,5*79
$GBGSV,2,1,08,19,15,057,22,24,14,221,17,26,53,255,13,29,33,131,37,8*70
$GBGSV,2,2,08,31,27,272,20,35,63,212,27,36,04,024,15,39,46,358,47,8*74
$GBGSV,1,1,01,22,00,011,,0*46
$GNGLL,3001.74228,S,05112.74960,W,162731.00,A,D*7F
$GNRMC,162732.00,A,3001.74228,S,05112.74960,W,0.032,,090926,,,F,V*18
$GNVTG,,T,,M,0.032,N,0.059,K,D*35
$GNGGA,162732.00,3001.74228,S,05112.74960,W,5,12,1.11,48.0,M,4.8,M,2.0,0920*6D
$GNGSA,M,3,29,05,12,13,21,25,,,,,,,2.05,1.11,1.72,1*04
$GNGSA,M,3,10,11,12,16,25,36,02,,,,,,2.05,1.11,1.72,3*08
$GNGSA,M,3,35,39,11,26,29,31,,,,,,,2.05,1.11,1.72,4*0B
$GPGSV,2,1,06,05,42,103,46,12,35,044,50,13,29,038,43,21,18,132,31,1*6F
$GPGSV,2,2,06,23,10,353,25,25,71,031,51,1*67
$GPGSV,3,1,09,05,42,103,45,12,35,044,42,13,29,038,35,18,57,294,17,6*6D
$GPGSV,3,2,09,21,18,132,28,23,10,353,26,25,71,031,45,29,58,179,19,6*69
$GPGSV,3,3,09,31,21,243,12,6*5D
$GPGSV,2,1,07,13,29,038,38,18,57,294,14,21,18,132,25,23,10,353,37,8*6D
$GPGSV,2,2,07,25,71,031,53,26,13,222,16,28,30,275,21,8*56
$GPGSV,1,1,01,15,01,045,,0*50
$GAGSV,2,1,08,02,21,223,22,10,49,143,35,11,80,152,30,12,25,141,26,1*79
$GAGSV,2,2,08,14,26,101,33,16,50,059,48,25,74,194,25,36,46,317,19,1*7B
$GAGSV,1,1,03,10,49,143,34,12,25,141,31,16,50,059,49,5*4E
$GAGSV,2,1,07,10,49,143,29,11,80,152,28,12,25,141,29,14,26,101,27,7*7D
$GAGSV,2,2,07,16,50,059,46,25,74,194,32,36,46,317,12,7*40
$GBGSV,2,1,06,11,13,122,17,26,53,255,09,29,33,131,39,35,63,212,12,3*7E
$GBGSV,2,2,06,36,04,024,26,39,46,358,49,3*7A
$GBGSV,3,1,10,11,13,122,16,12,16,084,24,19,15,057,26,20,13,104,17,5*72
$GBGSV,3,2,10,26,53,255,23,29,33,131,39,31,27,272,18,35,63,212,16,5*7D
$GBGSV,3,3,10,36,04,024,18,39,46,358,46,5*79
$GBGSV,2,1,08,19,15,057,22,24,14,221,17,26,53,255,12,29,33,131,37,8*71
$GBGSV,2,2,08,31,27,272,21,35,63,212,27,36,04,024,15,39,46,358,47,8*75
$GBGSV,1,1,01,22,00,011,,0*46
$GNGLL,3001.74228,S,05112.74960,W,162732.00,A,D*7C
$GNRMC,162733.00,A,3001.74228,S,05112.74959,W,0.013,,090926,,,F,V*10
$GNVTG,,T,,M,0.013,N,0.025,K,D*3D
$GNGGA,162733.00,3001.74228,S,05112.74959,W,5,12,1.11,48.0,M,4.8,M,2.0,0920*66
$GNGSA,M,3,29,05,12,13,21,25,,,,,,,2.01,1.11,1.68,1*0B
$GNGSA,M,3,10,11,12,16,25,36,02,,,,,,2.01,1.11,1.68,3*07
$GNGSA,M,3,35,39,11,26,29,31,,,,,,,2.01,1.11,1.68,4*04
$GPGSV,2,1,06,05,42,103,46,12,35,044,50,13,29,038,43,21,18,132,31,1*6F
$GPGSV,2,2,06,23,10,353,25,25,71,031,51,1*67
$GPGSV,3,1,09,05,42,103,45,12,35,044,42,13,29,038,35,18,57,294,18,6*62
$GPGSV,3,2,09,21,18,132,28,23,10,353,26,25,71,031,45,29,58,179,19,6*69
$GPGSV,3,3,09,31,21,243,12,6*5D
$GPGSV,2,1,07,13,29,038,38,18,57,294,15,21,18,132,25,23,10,353,37,8*6C
$GPGSV,2,2,07,25,71,031,53,26,13,222,17,28,30,275,20,8*56
$GPGSV,1,1,01,15,01,045,,0*50
$GAGSV,2,1,08,02,21,223,22,10,49,143,35,11,80,152,30,12,25,141,26,1*79
$GAGSV,2,2,08,14,26,101,33,16,50,059,48,25,74,194,25,36,46,317,19,1*7B
$GAGSV,1,1,03,10,49,143,34,12,25,141,31,16,50,059,49,5*4E
$GAGSV,2,1,07,10,49,143,29,11,80,152,28,12,25,141,30,14,26,101,27,7*75
$GAGSV,2,2,07,16,50,059,46,25,74,194,32,36,46,317,11,7*43
$GBGSV,2,1,06,11,13,122,16,26,53,255,13,29,33,131,39,35,63,212,13,3*75
$GBGSV,2,2,06,36,04,024,25,39,46,358,49,3*79
$GBGSV,3,1,10,11,13,122,17,12,16,084,24,19,15,057,26,20,13,104,17,5*73
$GBGSV,3,2,10,26,53,255,22,29,33,131,39,31,27,272,18,35,63,212,16,5*7C
$GBGSV,3,3,10,36,04,024,17,39,46,358,46,5*76
$GBGSV,2,1,08,19,15,057,22,24,14,221,17,26,53,255,10,29,33,131,37,8*73
$GBGSV,2,2,08,31,27,272,21,35,63,212,27,36,04,024,14,39,46,358,47,8*74
$GBGSV,1,1,01,22,00,011,,0*46
$GNGLL,3001.74228,S,05112.74959,W,162733.00,A,D*77
$GNRMC,162734.00,A,3001.74228,S,05112.74959,W,0.015,,090926,,,F,V*11
$GNVTG,,T,,M,0.015,N,0.027,K,D*39
$GNGGA,162734.00,3001.74228,S,05112.74959,W,5,12,1.09,48.0,M,4.8,M,2.0,0920*68
$GNGSA,M,3,29,05,12,13,21,25,,,,,,,2.08,1.09,1.77,1*05
$GNGSA,M,3,10,11,12,16,25,36,02,,,,,,2.08,1.09,1.77,3*09
$GNGSA,M,3,35,39,11,26,29,31,,,,,,,2.08,1.09,1.77,4*0A
$GPGSV,2,1,06,05,42,103,46,12,35,044,50,13,29,038,43,21,18,132,31,1*6F
$GPGSV,2,2,06,23,10,353,25,25,71,031,51,1*67
$GPGSV,3,1,09,05,42,103,45,12,35,044,42,13,29,038,35,18,57,294,18,6*62
$GPGSV,3,2,09,21,18,132,28,23,10,353,26,25,71,031,45,29,58,179,20,6*63
$GPGSV,3,3,09,31,21,243,14,6*5B
$GPGSV,2,1,07,13,29,038,38,18,57,294,13,21,18,132,25,23,10,353,37,8*6A
$GPGSV,2,2,07,25,71,031,53,26,13,222,16,28,30,275,20,8*57
$GPGSV,1,1,01,15,01,045,,0*50
$GAGSV,2,1,08,02,21,223,22,10,49,143,35,11,80,152,30,12,25,141,26,1*79
$GAGSV,2,2,08,14,26,101,33,16,50,059,48,25,74,194,26,36,46,317,19,1*78
$GAGSV,1,1,03,10,49,143,34,12,25,141,31,16,50,059,49,5*4E
$GAGSV,2,1,07,10,49,143,29,11,80,152,27,12,25,141,29,14,26,101,27,7*72
$GAGSV,2,2,07,16,50,059,46,25,74,194,32,36,46,317,12,7*40
$GBGSV,2,1,06,11,13,122,16,26,53,255,15,29,33,131,39,35,63,212,17,3*77
$GBGSV,2,2,06,36,04,024,25,39,46,358,49,3*79
$GBGSV,3,1,10,11,13,122,17,12,16,084,24,19,15,057,26,20,13,104,17,5*73
$GBGSV,3,2,10,26,53,255,22,29,33,131,39,31,27,272,18,35,63,212,16,5*7C
$GBGSV,3,3,10,36,04,024,18,39,46,358,46,5*79
$GBGSV,2,1,08,19,15,057,23,24,14,221,18,26,53,255,11,29,33,131,37,8*7C
$GBGSV,2,2,08,31,27,272,21,35,63,212,27,36,04,024,14,39,46,358,47,8*74
$GBGSV,1,1,01,22,00,011,,0*46
$GNGLL,3001.74228,S,05112.74959,W,162734.00,A,D*70
$GNRMC,162735.00,A,3001.74228,S,05112.74960,W,0.029,,090926,,,F,V*15
$GNVTG,,T,,M,0.029,N,0.053,K,D*35
$GNGGA,162735.00,3001.74228,S,05112.74960,W,5,12,1.47,48.0,M,4.8,M,2.0,0920*69
$GNGSA,M,3,29,05,12,13,21,25,,,,,,,2.49,1.47,2.02,1*0B
$GNGSA,M,3,10,11,12,16,25,36,02,,,,,,2.49,1.47,2.02,3*07
$GNGSA,M,3,35,39,11,26,29,,,,,,,,2.49,1.47,2.02,4*06
$GPGSV,2,1,06,05,42,103,46,12,35,044,50,13,29,038,43,21,18,132,31,1*6F
$GPGSV,2,2,06,23,10,353,25,25,71,031,51,1*67
$GPGSV,3,1,09,05,42,103,45,12,35,044,42,13,29,038,35,18,57,294,17,6*6D
$GPGSV,3,2,09,21,18,132,28,23,10,353,26,25,71,031,45,29,58,179,20,6*63
$GPGSV,3,3,09,31,21,243,14,6*5B
$GPGSV,2,1,07,13,29,038,38,18,57,294,12,21,18,132,25,23,10,353,37,8*6B
$GPGSV,2,2,07,25,71,031,53,26,13,222,16,28,30,275,20,8*57
$GPGSV,1,1,01,15,01,045,,0*50
$GAGSV,2,1,08,02,21,223,22,10,49,143,35,11,80,152,30,12,25,141,26,1*79
$GAGSV,2,2,08,14,26,101,33,16,50,059,48,25,74,194,25,36,46,317,18,1*7A
$GAGSV,1,1,03,10,49,143,34,12,25,141,31,16,50,059,49,5*4E
$GAGSV,2,1,07,10,49,143,29,11,80,152,27,12,25,141,29,14,26,101,28,7*7D
$GAGSV,2,2,07,16,50,059,46,25,74,194,32,36,46,317,13,7*41
$GBGSV,2,1,06,11,13,122,16,26,53,255,11,29,33,131,39,35,63,212,12,3*76
$GBGSV,2,2,06,36,04,024,25,39,46,358,49,3*79
$GBGSV,3,1,10,11,13,122,16,12,16,084,24,19,15,057,26,20,13,104,16,5*73
$GBGSV,3,2,10,26,53,255,23,29,33,131,39,31,27,272,19,35,63,212,16,5*7C
$GBGSV,3,3,10,36,04,024,18,39,46,358,46,5*79
$GBGSV,2,1,08,19,15,057,22,24,14,221,19,26,53,255,10,29,33,131,37,8*7D
$GBGSV,2,2,08,31,27,272,21,35,63,212,27,36,04,024,15,39,46,358,47,8*75
$GBGSV,1,1,01,22,00,011,,0*46
$GNGLL,3001.74228,S,05112.74960,W,162735.00,A,D*7B
$GNRMC,162736.00,A,3001.74228,S,05112.74959,W,0.030,,090926,,,F,V*14
$GNVTG,,T,,M,0.030,N,0.056,K,D*38
$GNGGA,162736.00,3001.74228,S,05112.74959,W,5,12,1.47,48.0,M,4.8,M,2.0,0920*60
$GNGSA,M,3,29,31,05,12,13,18,21,25,,,,,2.42,1.47,1.93,1*00
$GNGSA,M,3,10,11,12,16,25,36,02,,,,,,2.42,1.47,1.93,3*07
$GNGSA,M,3,35,39,11,26,29,31,,,,,,,2.42,1.47,1.93,4*04
$GPGSV,2,1,06,05,42,103,46,12,35,044,50,13,29,038,43,21,18,132,30,1*6E
$GPGSV,2,2,06,23,10,353,24,25,71,031,51,1*66
$GPGSV,3,1,09,05,42,103,45,12,35,044,42,13,29,038,35,18,57,294,17,6*6D
$GPGSV,3,2,09,21,18,132,28,23,10,353,25,25,71,031,45,29,58,179,20,6*60
$GPGSV,3,3,09,31,21,243,15,6*5A
$GPGSV,2,1,07,13,29,038,38,18,57,294,10,21,18,132,24,23,10,353,37,8*68
$GPGSV,2,2,07,25,71,031,53,26,13,222,16,28,30,275,20,8*57
$GPGSV,1,1,01,15,01,045,,0*50
$GAGSV,2,1,08,02,21,223,22,10,49,143,35,11,80,152,30,12,25,141,26,1*79
$GAGSV,2,2,08,14,26,101,33,16,50,059,48,25,74,194,25,36,46,317,18,1*7A
$GAGSV,1,1,03,10,49,143,34,12,25,141,31,16,50,059,49,5*4E
$GAGSV,2,1,07,10,49,143,30,11,80,152,27,12,25,141,29,14,26,101,28,7*75
$GAGSV,2,2,07,16,50,059,46,25,74,194,32,36,46,317,14,7*46
$GBGSV,2,1,05,11,13,122,16,29,33,131,39,35,63,212,12,36,04,024,25,3*75
$GBGSV,2,2,05,39,46,358,49,3*4A
$GBGSV,3,1,10,11,13,122,16,12,16,084,24,19,15,057,26,20,13,104,15,5*70
$GBGSV,3,2,10,26,53,255,22,29,33,131,39,31,27,272,19,35,63,212,16,5*7D
$GBGSV,3,3,10,36,04,024,17,39,46,358,46,5*76
$GBGSV,2,1,08,19,15,057,23,24,14,221,20,26,53,255,11,29,33,131,37,8*77
$GBGSV,2,2,08,31,27,272,20,35,63,212,27,36,04,024,15,39,46,358,47,8*74
$GBGSV,1,1,01,22,00,011,,0*46
$GNGLL,3001.74228,S,05112.74959,W,162736.00,A,D*72
$GNRMC,162737.00,A,3001.74228,S,05112.74960,W,0.017,,090926,,,F,V*1A
$GNVTG,,T,,M,0.017,N,0.031,K,D*3C
$GNGGA,162737.00,3001.74228,S,05112.74960,W,5,12,1.48,48.0,M,4.8,M,2.0,0920*64
$GNGSA,M,3,29,05,12,13,21,25,,,,,,,2.51,1.48,2.03,1*0C
$GNGSA,M,3,10,11,12,16,25,36,02,,,,,,2.51,1.48,2.03,3*00
$GNGSA,M,3,35,39,11,26,29,31,,,,,,,2.51,1.48,2.03,4*03
$GPGSV,2,1,06,05,42,103,46,12,35,044,50,13,29,038,43,21,18,132,30,1*6E
$GPGSV,2,2,06,23,10,353,24,25,71,031,51,1*66
$GPGSV,3,1,09,05,42,103,45,12,35,044,42,13,29,038,35,18,57,294,18,6*62
$GPGSV,3,2,09,21,18,132,28,23,10,353,25,25,71,031,45,29,58,179,21,6*61
$GPGSV,3,3,09,31,21,243,14,6*5B
$GPGSV,2,1,07,13,29,038,38,18,57,294,13,21,18,132,25,23,10,353,37,8*6A
$GPGSV,2,2,07,25,71,031,53,26,13,222,14,28,30,275,20,8*55
$GPGSV,1,1,01,15,01,045,,0*50
$GAGSV,2,1,08,02,21,223,22,10,49,143,35,11,80,152,30,12,25,141,26,1*79
$GAGSV,2,2,08,14,26,101,33,16,50,059,48,25,74,194,25,36,46,317,19,1*7B
$GAGSV,1,1,03,10,49,143,34,12,25,141,31,16,50,059,49,5*4E
$GAGSV,2,1,07,10,49,143,30,11,80,152,27,12,25,141,29,14,26,101,29,7*74
$GAGSV,2,2,07,16,50,059,46,25,74,194,32,36,46,317,13,7*41
$GBGSV,2,1,05,11,13,122,16,29,33,131,39,35,63,212,16,36,04,024,25,3*71
$GBGSV,2,2,05,39,46,358,49,3*4A
$GBGSV,3,1,10,11,13,122,15,12,16,084,24,19,15,057,26,20,13,104,15,5*73
$GBGSV,3,2,10,26,53,255,22,29,33,131,39,31,27,272,18,35,63,212,15,5*7F
$GBGSV,3,3,10,36,04,024,17,39,46,358,46,5*76
$GBGSV,2,1,07,19,15,057,23,24,14,221,20,29,33,131,37,31,27,272,21,8*7B
$GBGSV,2,2,07,35,63,212,26,36,04,024,15,39,46,358,46,8*49
$GBGSV,1,1,01,22,00,011,,0*46
$GNGLL,3001.74228,S,05112.74960,W,162737.00,A,D*79
$GNRMC,162738.00,A,3001.74228,S,05112.74960,W,0.046,,090926,,,F,V*11
$GNVTG,,T,,M,0.046,N,0.086,K,D*34
$GNGGA,162738.00,3001.74228,S,05112.74960,W,5,12,1.11,48.0,M,4.8,M,2.0,0920*67
$GNGSA,M,3,29,05,12,13,21,25,,,,,,,2.05,1.11,1.72,1*04
$GNGSA,M,3,10,11,12,16,25,36,02,,,,,,2.05,1.11,1.72,3*08
$GNGSA,M,3,35,39,11,26,29,31,,,,,,,2.05,1.11,1.72,4*0B
$GPGSV,2,1,07,05,42,103,47,12,35,044,50,13,29,038,44,21,18,132,30,1*69
$GPGSV,2,2,07,23,10,353,23,25,71,031,52,29,58,179,29,1*51
$GPGSV,3,1,09,05,42,103,45,12,35,044,42,13,29,038,35,18,57,294,19,6*63
$GPGSV,3,2,09,21,18,132,28,23,10,353,24,25,71,031,45,29,58,179,21,6*60
$GPGSV,3,3,09,31,21,243,15,6*5A
$GPGSV,2,1,07,13,29,038,38,18,57,294,12,21,18,132,25,23,10,353,37,8*6B
$GPGSV,2,2,07,25,71,031,53,26,13,222,15,28,30,275,21,8*55
$GPGSV,1,1,01,15,01,045,,0*50
$GAGSV,2,1,08,02,21,223,21,10,49,143,35,11,80,152,30,12,25,141,26,1*7A
$GAGSV,2,2,08,14,26,101,33,16,50,059,48,25,74,194,25,36,46,317,18,1*7A
$GAGSV,1,1,03,10,49,143,34,12,25,141,31,16,50,059,49,5*4E
$GAGSV,2,1,07,10,49,143,30,11,80,152,28,12,25,141,29,14,26,101,29,7*7B
$GAGSV,2,2,07,16,50,059,46,25,74,194,32,36,46,317,12,7*40
$GBGSV,2,1,05,11,13,122,16,29,33,131,39,35,63,212,16,36,04,024,25,3*71
$GBGSV,2,2,05,39,46,358,49,3*4A
$GBGSV,3,1,10,11,13,122,15,12,16,084,24,19,15,057,26,20,13,104,15,5*73
$GBGSV,3,2,10,26,53,255,23,29,33,131,39,31,27,272,17,35,63,212,15,5*71
$GBGSV,3,3,10,36,04,024,19,39,46,358,46,5*78
$GBGSV,2,1,07,19,15,057,23,24,14,221,21,29,33,131,37,31,27,272,21,8*7A
$GBGSV,2,2,07,35,63,212,26,36,04,024,14,39,46,358,47,8*49
$GBGSV,1,1,01,22,00,011,,0*46
$GNGLL,3001.74228,S,05112.74960,W,162738.00,A,D*76
$GNRMC,162739.00,A,3001.74228,S,05112.74959,W,0.014,,090926,,,F,V*1D
$GNVTG,,T,,M,0.014,N,0.026,K,D*39
$GNGGA,162739.00,3001.74228,S,05112.74959,W,5,12,1.47,48.0,M,4.8,M,2.0,0920*6F
$GNGSA,M,3,29,05,12,13,21,25,,,,,,,2.49,1.47,2.02,1*0B
$GNGSA,M,3,10,11,12,16,25,36,02,,,,,,2.49,1.47,2.02,3*07
$GNGSA,M,3,35,39,11,26,29,31,,,,,,,2.49,1.47,2.02,4*04
$GPGSV,2,1,06,05,42,103,47,12,35,044,50,13,29,038,43,21,18,132,30,1*6F
$GPGSV,2,2,06,23,10,353,22,25,71,031,52,1*63
$GPGSV,1,1,01,28,30,275,16,5*5F
$GPGSV,3,1,09,05,42,103,45,12,35,044,42,13,29,038,35,18,57,294,19,6*63
$GPGSV,3,2,09,21,18,132,28,23,10,353,24,25,71,031,45,29,58,179,22,6*63
$GPGSV,3,3,09,31,21,243,17,6*58
$GPGSV,2,1,07,13,29,038,38,18,57,294,12,21,18,132,25,23,10,353,37,8*6B
$GPGSV,2,2,07,25,71,031,53,26,13,222,16,28,30,275,22,8*55
$GPGSV,1,1,01,15,01,045,,0*50
$GAGSV,2,1,08,02,21,223,21,10,49,143,35,11,80,152,30,12,25,141,26,1*7A
$GAGSV,2,2,08,14,26,101,33,16,50,059,48,25,74,194,25,36,46,317,18,1*7A
$GAGSV,1,1,03,10,49,143,34,12,25,141,31,16,50,059,49,5*4E
$GAGSV,2,1,07,10,49,143,30,11,80,152,27,12,25,141,29,14,26,101,30,7*7C
$GAGSV,2,2,07,16,50,059,46,25,74,194,32,36,46,317,14,7*46
$GBGSV,2,1,05,11,13,122,16,29,33,131,39,35,63,212,11,36,04,024,25,3*76
$GBGSV,2,2,05,39,46,358,49,3*4A
$GBGSV,3,1,10,11,13,122,16,12,16,084,25,19,15,057,26,20,13,104,14,5*70
$GBGSV,3,2,10,26,53,255,23,29,33,131,39,31,27,272,17,35,63,212,15,5*71
$GBGSV,3,3,10,36,04,024,19,39,46,358,46,5*78
$GBGSV,2,1,08,19,15,057,24,24,14,221,22,26,53,255,18,29,33,131,37,8*7B
$GBGSV,2,2,08,31,27,272,21,35,63,212,27,36,04,024,15,39,46,358,47,8*75
$GBGSV,1,1,01,22,00,011,,0*46
$GNGLL,3001.74228,S,05112.74959,W,162739.00,A,D*7D
$GNRMC,162740.00,A,3001.74228,S,05112.74959,W,0.016,,090926,,,F,V*11
$GNVTG,,T,,M,0.016,N,0.029,K,D*34
$GNGGA,162740.00,3001.74228,S,05112.74959,W,5,12,1.45,48.0,M,4.8,M,2.0,0920*63
$GNGSA,M,3,29,31,05,12,13,18,21,25,,,,,2.40,1.45,1.91,1*02
$GNGSA,M,3,10,11,12,16,25,36,02,,,,,,2.40,1.45,1.91,3*05
$GNGSA,M,3,35,39,11,26,29,31,,,,,,,2.40,1.45,1.91,4*06
$GPGSV,2,1,06,05,42,103,47,12,35,044,50,13,29,038,43,21,18,132,30,1*6F
$GPGSV,2,2,06,23,10,353,22,25,71,031,52,1*63
$GPGSV,3,1,10,05,42,103,45,12,35,044,42,13,29,038,35,18,57,294,19,6*6B
$GPGSV,3,2,10,21,18,132,28,23,10,353,24,25,71,031,45,28,30,275,16,6*6C
$GPGSV,3,3,10,29,58,179,21,31,21,243,17,6*6A
$GPGSV,2,1,07,13,29,038,38,18,57,294,11,21,18,132,25,23,10,353,37,8*68
$GPGSV,2,2,07,25,71,031,53,26,13,222,16,28,30,275,21,8*56
$GPGSV,1,1,01,15,01,045,,0*50
$GAGSV,2,1,08,02,21,223,21,10,49,143,35,11,80,152,30,12,25,141,26,1*7A
$GAGSV,2,2,08,14,26,101,33,16,50,059,48,25,74,194,25,36,46,317,18,1*7A
$GAGSV,1,1,03,10,49,143,34,12,25,141,31,16,50,059,49,5*4E
$GAGSV,2,1,07,10,49,143,30,11,80,152,27,12,25,141,29,14,26,101,30,7*7C
$GAGSV,2,2,07,16,50,059,46,25,74,194,32,36,46,317,12,7*40
$GBGSV,2,1,05,11,13,122,15,29,33,131,39,35,63,212,14,36,04,024,25,3*70
$GBGSV,2,2,05,39,46,358,49,3*4A
$GBGSV,3,1,10,11,13,122,15,12,16,084,25,19,15,057,26,20,13,104,14,5*73
$GBGSV,3,2,10,26,53,255,22,29,33,131,39,31,27,272,18,35,63,212,15,5*7F
$GBGSV,3,3,10,36,04,024,18,39,46,358,46,5*79
$GBGSV,2,1,08,19,15,057,24,24,14,221,23,26,53,255,17,29,33,131,37,8*75
$GBGSV,2,2,08,31,27,272,21,35,63,212,27,36,04,024,15,39,46,358,47,8*75
$GBGSV,1,1,01,22,00,011,,0*46
$GNGLL,3001.74228,S,05112.74959,W,162740.00,A,D*73
$GNRMC,162741.00,A,3001.74228,S,05112.74958,W,0.008,,090926,,,F,V*1E
$GNVTG,,T,,M,0.008,N,0.014,K,D*35
$GNGGA,162741.00,3001.74228,S,05112.74958,W,5,12,1.45,48.0,M,4.8,M,2.0,0920*63
$GNGSA,M,3,29,31,05,12,13,18,21,25,,,,,2.40,1.45,1.91,1*02
$GNGSA,M,3,10,11,12,16,25,36,02,,,,,,2.40,1.45,1.91,3*05
$GNGSA,M,3,35,39,11,26,29,31,,,,,,,2.40,1.45,1.91,4*06
$GPGSV,2,1,06,05,42,103,47,12,35,044,50,13,29,038,43,21,18,132,29,1*67
$GPGSV,2,2,06,23,10,353,22,25,71,031,52,1*63
$GPGSV,3,1,10,05,42,103,45,12,35,044,42,13,29,038,35,18,57,294,18,6*6A
$GPGSV,3,2,10,21,18,132,28,23,10,353,24,25,71,031,45,28,30,275,16,6*6C
$GPGSV,3,3,10,29,58,179,22,31,21,243,17,6*69
$GPGSV,2,1,07,13,29,038,38,18,57,294,11,21,18,132,25,23,10,353,37,8*68
$GPGSV,2,2,07,25,71,031,53,26,13,222,15,28,30,275,21,8*55
$GPGSV,1,1,01,15,01,045,,0*50
$GAGSV,2,1,08,02,21,223,21,10,49,143,35,11,80,152,30,12,25,141,26,1*7A
$GAGSV,2,2,08,14,26,101,33,16,50,059,48,25,74,194,25,36,46,317,18,1*7A
$GAGSV,1,1,03,10,49,143,34,12,25,141,31,16,50,059,49,5*4E
$GAGSV,2,1,07,10,49,143,30,11,80,152,27,12,25,141,29,14,26,101,30,7*7C
$GAGSV,2,2,07,16,50,059,46,25,74,194,32,36,46,317,14,7*46
$GBGSV,2,1,05,11,13,122,16,29,33,131,39,35,63,212,16,36,04,024,26,3*72
$GBGSV,2,2,05,39,46,358,49,3*4A
$GBGSV,3,1,10,11,13,122,16,12,16,084,25,19,15,057,26,20,13,104,14,5*70
$GBGSV,3,2,10,26,53,255,22,29,33,131,39,31,27,272,17,35,63,212,15,5*70
$GBGSV,3,3,10,36,04,024,18,39,46,358,46,5*79
$GBGSV,2,1,08,19,15,057,24,24,14,221,24,26,53,255,17,29,33,131,37,8*72
$GBGSV,2,2,08,31,27,272,21,35,63,212,26,36,04,024,15,39,46,358,47,8*74
$GBGSV,1,1,01,22,00,011,,0*46
$GNGLL,3001.74228,S,05112.74958,W,162741.00,A,D*73
$GNRMC,162742.00,A,3001.74228,S,05112.74958,W,0.022,,090926,,,F,V*15
$GNVTG,,T,,M,0.022,N,0.040,K,D*3C
$GNGGA,162742.00,3001.74228,S,05112.74958,W,5,12,1.45,48.0,M,4.8,M,2.0,0920*60
$GNGSA,M,3,29,31,05,12,13,18,21,25,,,,,2.40,1.45,1.91,1*02
$GNGSA,M,3,10,11,12,16,25,36,02,,,,,,2.40,1.45,1.91,3*05
$GNGSA,M,3,35,39,11,26,29,31,,,,,,,2.40,1.45,1.91,4*06
$GPGSV,2,1,06,05,42,103,47,12,35,044,50,13,29,038,43,21,18,132,29,1*67
$GPGSV,2,2,06,23,10,353,21,25,71,031,52,1*60
$GPGSV,3,1,10,05,42,103,45,12,35,044,42,13,29,038,35,18,57,294,18,6*6A
$GPGSV,3,2,10,21,18,132,28,23,10,353,23,25,71,031,45,28,30,275,17,6*6A
$GPGSV,3,3,10,29,58,179,22,31,21,243,18,6*66
$GPGSV,2,1,07,13,29,038,38,18,57,294,11,21,18,132,25,23,10,353,37,8*68
$GPGSV,2,2,07,25,71,031,53,26,13,222,16,28,30,275,21,8*56
$GPGSV,1,1,01,15,01,045,,0*50
$GAGSV,2,1,08,02,21,223,21,10,49,143,35,11,80,152,30,12,25,141,26,1*7A
$GAGSV,2,2,08,14,26,101,33,16,50,059,48,25,74,194,24,36,46,317,18,1*7B
$GAGSV,1,1,03,10,49,143,34,12,25,141,31,16,50,059,49,5*4E
$GAGSV,2,1,07,10,49,143,30,11,80,152,27,12,25,141,29,14,26,101,31,7*7D
$GAGSV,2,2,07,16,50,059,46,25,74,194,32,36,46,317,14,7*46
$GBGSV,2,1,05,11,13,122,16,29,33,131,39,35,63,212,17,36,04,024,26,3*73
$GBGSV,2,2,05,39,46,358,49,3*4A
$GBGSV,3,1,10,11,13,122,15,12,16,084,25,19,15,057,26,20,13,104,15,5*72
$GBGSV,3,2,10,26,53,255,23,29,33,131,39,31,27,272,16,35,63,212,16,5*73
$GBGSV,3,3,10,36,04,024,19,39,46,358,46,5*78
$GBGSV,2,1,08,19,15,057,24,24,14,221,25,26,53,255,16,29,33,131,37,8*72
$GBGSV,2,2,08,31,27,272,21,35,63,212,26,36,04,024,13,39,46,358,47,8*72
$GBGSV,1,1,01,22,00,011,,0*46
$GNGLL,3001.74228,S,05112.74958,W,162742.00,A,D*70
$GNRMC,162743.00,A,3001.74228,S,05112.74958,W,0.014,,090926,,,F,V*11
$GNVTG,,T,,M,0.014,N,0.026,K,D*39
$GNGGA,162743.00,3001.74228,S,05112.74958,W,5,12,0.94,48.1,M,4.8,M,2.0,0920*6D
$GNGSA,M,3,29,31,05,12,13,18,21,25,28,,,,1.77,0.94,1.49,1*07
$GNGSA,M,3,10,11,12,16,25,36,02,,,,,,1.77,0.94,1.49,3*0A
$GNGSA,M,3,35,39,11,26,29,31,,,,,,,1.77,0.94,1.49,4*09
$GPGSV,2,1,07,05,42,103,47,12,35,044,50,13,29,038,43,21,18,132,28,1*67
$GPGSV,2,2,07,23,10,353,21,25,71,031,52,28,30,275,23,1*59
$GPGSV,3,1,10,05,42,103,45,12,35,044,42,13,29,038,35,18,57,294,18,6*6A
$GPGSV,3,2,10,21,18,132,28,23,10,353,23,25,71,031,45,28,30,275,18,6*65
$GPGSV,3,3,10,29,58,179,22,31,21,243,19,6*67
$GPGSV,2,1,07,13,29,038,38,18,57,294,26,21,18,132,25,23,10,353,37,8*6C
$GPGSV,2,2,07,25,71,031,53,26,13,222,15,28,30,275,22,8*56
$GPGSV,1,1,01,15,01,045,,0*50
$GAGSV,2,1,08,02,21,223,21,10,49,143,35,11,79,153,30,12,25,141,26,1*7D
$GAGSV,2,2,08,14,26,101,33,16,50,059,48,25,74,194,25,36,46,317,18,1*7A
$GAGSV,1,1,03,10,49,143,34,12,25,141,31,16,50,059,49,5*4E
$GAGSV,2,1,07,10,49,143,30,11,79,153,27,12,25,141,30,14,26,101,31,7*72
$GAGSV,2,2,07,16,50,059,46,25,74,194,32,36,46,317,14,7*46
$GBGSV,2,1,05,11,13,122,17,29,33,131,39,35,63,212,17,36,04,024,26,3*72
$GBGSV,2,2,05,39,46,358,49,3*4A
$GBGSV,3,1,10,11,13,122,15,12,16,084,25,19,15,057,26,20,13,104,15,5*72
$GBGSV,3,2,10,26,53,255,23,29,33,131,39,31,27,272,17,35,63,212,16,5*72
$GBGSV,3,3,10,36,04,024,18,39,46,358,46,5*79
$GBGSV,2,1,08,19,15,057,23,24,14,221,25,26,53,255,15,29,33,131,37,8*76
$GBGSV,2,2,08,31,27,272,22,35,63,212,26,36,04,024,13,39,46,358,47,8*71
$GBGSV,1,1,01,22,00,011,,0*46
$GNGLL,3001.74228,S,05112.74958,W,162743.00,A,D*71
$GNRMC,162744.00,A,3001.74228,S,05112.74958,W,0.024,,090926,,,F,V*15
$GNVTG,,T,,M,0.024,N,0.044,K,D*3E
$GNGGA,162744.00,3001.74228,S,05112.74958,W,5,12,0.94,48.0,M,4.8,M,2.0,0920*6B
$GNGSA,M,3,29,31,05,12,13,18,21,25,28,,,,1.77,0.94,1.49,1*07
$GNGSA,M,3,10,11,12,16,25,36,02,,,,,,1.77,0.94,1.49,3*0A
$GNGSA,M,3,35,39,11,26,29,31,,,,,,,1.77,0.94,1.49,4*09
$GPGSV,2,1,06,05,42,103,47,12,35,044,50,13,29,038,43,23,10,353,21,1*60
$GPGSV,2,2,06,25,71,031,52,28,30,275,22,1*6F
$GPGSV,3,1,10,05,42,103,45,12,35,044,42,13,29,038,35,18,57,294,18,6*6A
$GPGSV,3,2,10,21,18,132,28,23,10,353,22,25,71,031,45,28,30,275,18,6*64
$GPGSV,3,3,10,29,58,179,22,31,21,243,18,6*66
$GPGSV,2,1,07,13,29,038,38,18,57,294,25,21,18,132,25,23,10,353,37,8*6F
$GPGSV,2,2,07,25,71,031,53,26,13,222,15,28,30,275,22,8*56
$GPGSV,1,1,01,15,01,045,,0*50
$GAGSV,2,1,08,02,21,223,21,10,49,143,35,11,79,153,30,12,25,141,26,1*7D
$GAGSV,2,2,08,14,26,101,33,16,50,059,48,25,74,194,25,36,46,317,17,1*75
$GAGSV,1,1,03,10,49,143,34,12,25,141,31,16,50,059,49,5*4E
$GAGSV,2,1,07,10,49,143,30,11,79,153,27,12,25,141,29,14,26,101,31,7*7A
$GAGSV,2,2,07,16,50,059,46,25,74,194,32,36,46,317,17,7*45
$GBGSV,2,1,05,11,13,122,17,29,33,131,39,35,63,212,17,36,04,024,25,3*71
$GBGSV,2,2,05,39,46,358,49,3*4A
$GBGSV,3,1,10,11,13,122,15,12,16,084,25,19,15,057,26,20,13,104,15,5*72
$GBGSV,3,2,10,26,53,255,23,29,33,131,39,31,27,272,18,35,63,212,17,5*7C
$GBGSV,3,3,10,36,04,024,18,39,46,358,46,5*79
$GBGSV,2,1,08,19,15,057,23,24,14,221,25,26,53,255,16,29,33,131,37,8*75
$GBGSV,2,2,08,31,27,272,21,35,63,212,26,36,04,024,12,39,46,358,47,8*73
$GBGSV,1,1,01,22,00,011,,0*46
$GNGLL,3001.74228,S,05112.74958,W,162744.00,A,D*76
$GNRMC,162745.00,A,3001.74228,S,05112.74958,W,0.027,,090926,,,F,V*17
$GNVTG,,T,,M,0.027,N,0.050,K,D*38
$GNGGA,162745.00,3001.74228,S,05112.74958,W,5,12,1.08,48.0,M,4.8,M,2.0,0920*6E
$GNGSA,M,3,29,31,05,12,13,18,21,25,28,,,,1.95,1.08,1.63,1*07
$GNGSA,M,3,10,11,12,16,25,36,02,,,,,,1.95,1.08,1.63,3*0A
$GNGSA,M,3,35,39,11,26,29,31,,,,,,,1.95,1.08,1.63,4*09
$GPGSV,2,1,06,05,42,103,47,12,35,044,50,13,29,038,43,23,10,353,20,1*61
$GPGSV,2,2,06,25,71,031,52,28,30,275,22,1*6F
$GPGSV,3,1,10,05,42,103,45,12,35,044,42,13,29,038,35,18,57,294,19,6*6B
$GPGSV,3,2,10,21,18,132,28,23,10,353,22,25,71,031,45,28,30,275,18,6*64
$GPGSV,3,3,10,29,58,179,22,31,21,243,19,6*67
$GPGSV,2,1,07,13,29,038,38,18,57,294,24,21,18,132,25,23,10,353,37,8*6E
$GPGSV,2,2,07,25,71,031,53,26,13,222,16,28,30,275,22,8*55
$GPGSV,1,1,01,15,01,045,,0*50
$GAGSV,2,1,08,02,21,223,21,10,49,143,35,11,79,153,30,12,25,141,27,1*7C
$GAGSV,2,2,08,14,26,101,33,16,50,059,48,25,74,194,25,36,46,317,17,1*75
$GAGSV,1,1,03,10,49,143,34,12,25,141,31,16,50,059,49,5*4E
$GAGSV,2,1,06,10,49,143,30,11,79,153,27,12,25,141,29,14,26,101,31,7*7B
$GAGSV,2,2,06,16,50,059,46,25,74,194,32,7*70
$GBGSV,2,1,05,11,13,122,17,29,33,131,39,35,63,212,17,36,04,024,25,3*71
$GBGSV,2,2,05,39,46,358,49,3*4A
$GBGSV,3,1,10,11,13,122,15,12,16,084,25,19,15,057,26,20,13,104,14,5*73
$GBGSV,3,2,10,26,53,255,23,29,33,131,39,31,27,272,18,35,63,212,16,5*7D
$GBGSV,3,3,10,36,04,024,18,39,46,358,46,5*79
$GBGSV,2,1,08,19,15,057,23,24,14,221,25,26,53,255,17,29,33,131,37,8*74
$GBGSV,2,2,08,31,27,272,21,35,63,212,26,36,04,024,13,39,46,358,47,8*72
$GBGSV,1,1,01,22,00,011,,0*46
$GNGLL,3001.74228,S,05112.74958,W,162745.00,A,D*77
$GNRMC,162746.00,A,3001.74228,S,05112.74958,W,0.029,,090926,,,F,V*1A
$GNVTG,,T,,M,0.029,N,0.053,K,D*35
$GNGGA,162746.00,3001.74228,S,05112.74958,W,5,12,1.08,48.1,M,4.8,M,2.0,0920*6C
$GNGSA,M,3,29,31,05,12,13,18,21,25,28,,,,1.95,1.08,1.63,1*07
$GNGSA,M,3,10,11,12,16,25,36,02,,,,,,1.95,1.08,1.63,3*0A
$GNGSA,M,3,35,39,11,26,29,31,,,,,,,1.95,1.08,1.63,4*09
$GPGSV,2,1,06,05,42,103,47,12,35,044,50,13,29,038,43,23,10,353,20,1*61
$GPGSV,2,2,06,25,71,031,52,28,30,275,22,1*6F
$GPGSV,3,1,10,05,42,103,45,12,35,044,42,13,29,038,35,18,57,294,19,6*6B
$GPGSV,3,2,10,21,18,132,28,23,10,353,21,25,71,031,45,28,30,275,19,6*66
$GPGSV,3,3,10,29,58,179,23,31,21,243,18,6*67
$GPGSV,2,1,07,13,29,038,38,18,57,294,24,21,18,132,25,23,10,353,37,8*6E
$GPGSV,2,2,07,25,71,031,53,26,13,222,17,28,30,275,22,8*54
$GPGSV,1,1,01,15,01,045,,0*50
$GAGSV,2,1,08,02,21,223,22,10,49,143,35,11,79,153,30,12,25,141,26,1*7E
$GAGSV,2,2,08,14,26,100,33,16,50,059,48,25,74,194,25,36,46,317,17,1*74
$GAGSV,1,1,03,10,49,143,34,12,25,141,31,16,50,059,49,5*4E
$GAGSV,2,1,06,10,49,143,30,11,79,153,27,12,25,141,29,14,26,100,31,7*7A
$GAGSV,2,2,06,16,50,059,46,25,74,194,32,7*70
$GBGSV,2,1,05,11,13,122,17,29,33,131,39,35,63,212,17,36,04,024,25,3*71
$GBGSV,2,2,05,39,46,358,49,3*4A
$GBGSV,3,1,10,11,13,122,15,12,16,084,25,19,15,057,26,20,13,104,14,5*73
$GBGSV,3,2,10,26,53,255,24,29,33,131,40,31,27,272,18,35,63,212,17,5*75
$GBGSV,3,3,10,36,04,024,17,39,46,358,46,5*76
$GBGSV,2,1,08,19,15,057,23,24,14,221,26,26,53,255,18,29,33,131,37,8*78
$GBGSV,2,2,08,31,27,272,20,35,63,212,26,36,04,024,13,39,46,358,47,8*73
$GBGSV,1,1,01,22,00,011,,0*46
$GNGLL,3001.74228,S,05112.74958,W,162746.00,A,D*74
$GNRMC,162747.00,A,3001.74227,S,05112.74957,W,0.009,,090926,,,F,V*19
$GNVTG,,T,,M,0.009,N,0.017,K,D*37
$GNGGA,162747.00,3001.74227,S,05112.74957,W,5,12,0.94,48.1,M,4.8,M,2.0,0920*69
$GNGSA,M,3,29,31,05,12,13,18,21,25,28,,,,1.76,0.94,1.49,1*06
$GNGSA,M,3,10,11,12,16,25,36,02,,,,,,1.76,0.94,1.49,3*0B
$GNGSA,M,3,35,39,11,26,29,31,,,,,,,1.76,0.94,1.49,4*08
$GPGSV,2,1,06,05,42,103,47,12,35,044,50,13,29,038,43,23,10,353,20,1*61
$GPGSV,2,2,06,25,71,031,52,28,30,275,22,1*6F
$GPGSV,3,1,10,05,42,103,45,12,35,044,42,13,29,038,35,18,57,294,20,6*61
$GPGSV,3,2,10,21,18,132,28,23,10,353,21,25,71,031,45,28,30,275,19,6*66
$GPGSV,3,3,10,29,58,179,24,31,21,243,18,6*60
$GPGSV,2,1,07,13,29,038,38,18,57,294,24,21,18,132,25,23,10,353,37,8*6E
$GPGSV,2,2,07,25,71,031,53,26,13,222,16,28,30,275,22,8*55
$GPGSV,1,1,01,15,01,045,,0*50
$GAGSV,2,1,08,02,21,223,21,10,49,143,35,11,79,153,30,12,25,141,26,1*7D
$GAGSV,2,2,08,14,26,100,32,16,50,059,48,25,74,194,24,36,46,317,17,1*74
$GAGSV,1,1,03,10,49,143,34,12,25,141,31,16,50,059,49,5*4E
$GAGSV,2,1,06,10,49,143,31,11,79,153,27,12,25,141,29,14,26,100,31,7*7B
$GAGSV,2,2,06,16,50,059,46,25,74,194,32,7*70
$GBGSV,2,1,05,11,13,122,17,29,33,131,39,35,63,212,18,36,04,024,25,3*7E
$GBGSV,2,2,05,39,46,358,49,3*4A
$GBGSV,3,1,10,11,13,122,16,12,16,084,25,19,15,057,26,20,13,104,15,5*71
$GBGSV,3,2,10,26,53,255,24,29,33,131,40,31,27,272,18,35,63,212,17,5*75
$GBGSV,3,3,10,36,04,024,17,39,46,358,46,5*76
$GBGSV,2,1,08,19,15,057,23,24,14,221,26,26,53,255,18,29,33,131,37,8*78
$GBGSV,2,2,08,31,27,272,20,35,63,212,26,36,04,024,14,39,46,358,47,8*74
$GBGSV,1,1,01,22,00,011,,0*46
$GNGLL,3001.74227,S,05112.74957,W,162747.00,A,D*75
$GNRMC,162748.00,A,3001.74227,S,05112.74956,W,0.018,,090926,,,F,V*17
$GNVTG,,T,,M,0.018,N,0.034,K,D*36
$GNGGA,162748.00,3001.74227,S,05112.74956,W,5,12,0.94,48.1,M,4.8,M,2.0,0920*67
$GNGSA,M,3,29,31,05,12,13,18,21,25,28,,,,1.76,0.94,1.49,1*06
$GNGSA,M,3,10,11,12,16,25,36,02,,,,,,1.76,0.94,1.49,3*0B
$GNGSA,M,3,35,39,11,26,29,31,,,,,,,1.76,0.94,1.49,4*08
$GPGSV,2,1,06,05,42,103,47,12,35,044,50,13,29,038,43,23,10,353,20,1*61
$GPGSV,2,2,06,25,71,031,52,28,30,275,22,1*6F
$GPGSV,3,1,10,05,42,103,45,12,35,044,42,13,29,038,35,18,57,294,20,6*61
$GPGSV,3,2,10,21,18,132,27,23,10,353,20,25,71,031,45,28,30,275,19,6*68
$GPGSV,3,3,10,29,58,179,24,31,21,243,18,6*60
$GPGSV,2,1,07,13,29,038,38,18,57,294,24,21,18,132,25,23,10,353,37,8*6E
$GPGSV,2,2,07,25,71,031,53,26,13,222,16,28,30,275,23,8*54
$GPGSV,1,1,01,15,01,045,,0*50
$GAGSV,2,1,08,02,21,223,21,10,49,143,36,11,79,153,30,12,25,141,26,1*7E
$GAGSV,2,2,08,14,26,100,32,16,50,058,48,25,74,194,25,36,46,317,17,1*74
$GAGSV,1,1,03,10,49,143,34,12,25,141,31,16,50,058,49,5*4F
$GAGSV,2,1,06,10,49,143,31,11,79,153,27,12,25,141,29,14,26,100,32,7*78
$GAGSV,2,2,06,16,50,058,46,25,74,194,32,7*71
$GBGSV,2,1,05,11,13,122,17,29,33,131,39,35,63,212,18,36,04,024,25,3*7E
$GBGSV,2,2,05,39,46,358,49,3*4A
$GBGSV,3,1,10,11,13,122,16,12,16,084,25,19,15,057,26,20,13,104,16,5*72
$GBGSV,3,2,10,26,53,255,24,29,33,131,39,31,27,272,18,35,63,212,16,5*7A
$GBGSV,3,3,10,36,04,024,17,39,46,358,46,5*76
$GBGSV,2,1,08,19,15,057,23,24,14,221,25,26,53,255,18,29,33,131,37,8*7B
$GBGSV,2,2,08,31,27,272,20,35,63,212,25,36,04,024,14,39,46,358,47,8*77
$GBGSV,1,1,01,22,00,011,,0*46
$GNGLL,3001.74227,S,05112.74956,W,162748.00,A,D*7B
$GNRMC,162749.00,A,3001.74227,S,05112.74957,W,0.007,,090926,,,F,V*19
$GNVTG,,T,,M,0.007,N,0.013,K,D*3D
$GNGGA,162749.00,3001.74227,S,05112.74957,W,5,12,1.08,48.1,M,4.8,M,2.0,0920*63
$GNGSA,M,3,29,31,05,12,13,18,21,25,28,,,,1.95,1.08,1.63,1*07
$GNGSA,M,3,10,11,12,16,25,36,02,,,,,,1.95,1.08,1.63,3*0A
$GNGSA,M,3,35,39,11,26,29,31,,,,,,,1.95,1.08,1.63,4*09
$GPGSV,2,1,06,05,42,103,47,12,35,044,50,13,29,038,43,23,10,353,20,1*61
$GPGSV,2,2,06,25,71,031,52,28,30,275,21,1*6C
$GPGSV,3,1,10,05,42,103,45,12,35,044,42,13,29,038,35,18,57,294,20,6*61
$GPGSV,3,2,10,21,18,132,28,23,10,353,20,25,71,031,45,28,30,275,19,6*67
$GPGSV,3,3,10,29,58,179,24,31,21,243,18,6*60
$GPGSV,2,1,07,13,29,038,38,18,57,294,24,21,18,132,25,23,10,353,37,8*6E
$GPGSV,2,2,07,25,71,031,53,26,13,222,16,28,30,275,23,8*54
$GPGSV,1,1,01,15,01,045,,0*50
$GAGSV,2,1,08,02,21,223,21,10,49,143,35,11,79,153,30,12,25,141,26,1*7D
$GAGSV,2,2,08,14,26,100,32,16,50,058,48,25,74,194,24,36,46,317,17,1*75
$GAGSV,1,1,03,10,49,143,34,12,25,141,31,16,50,058,49,5*4F
$GAGSV,2,1,06,10,49,143,31,11,79,153,27,12,25,141,29,14,26,100,32,7*78
$GAGSV,2,2,06,16,50,058,46,25,74,194,32,7*71
$GBGSV,2,1,05,11,13,122,17,29,33,131,39,35,63,212,18,36,04,024,24,3*7F
$GBGSV,2,2,05,39,46,358,49,3*4A
$GBGSV,3,1,10,11,13,122,16,12,16,084,25,19,15,057,26,20,13,104,16,5*72
$GBGSV,3,2,10,26,53,255,23,29,33,131,40,31,27,272,18,35,63,212,16,5*73
$GBGSV,3,3,10,36,04,024,17,39,46,358,46,5*76
$GBGSV,2,1,08,19,15,057,23,24,14,221,26,26,53,255,18,29,33,131,37,8*78
$GBGSV,2,2,08,31,27,272,20,35,63,212,25,36,04,024,14,39,46,358,47,8*77
$GBGSV,1,1,01,22,00,011,,0*46
$GNGLL,3001.74227,S,05112.74957,W,162749.00,A,D*7B
$GNRMC,162750.00,A,3001.74227,S,05112.74956,W,0.020,,090926,,,F,V*15
$GNVTG,,T,,M,0.020,N,0.036,K,D*3F
$GNGGA,162750.00,3001.74227,S,05112.74956,W,5,12,1.08,48.1,M,4.8,M,2.0,0920*6A
$GNGSA,M,3,29,31,05,12,13,18,21,25,28,,,,1.95,1.08,1.63,1*07
$GNGSA,M,3,10,11,12,16,25,36,02,,,,,,1.95,1.08,1.63,3*0A
$GNGSA,M,3,35,39,11,26,29,31,,,,,,,1.95,1.08,1.63,4*09
$GPGSV,2,1,06,05,42,103,47,12,35,044,50,13,29,038,43,23,10,353,20,1*61
$GPGSV,2,2,06,25,71,031,52,28,30,275,21,1*6C
$GPGSV,3,1,10,05,42,103,45,12,35,044,42,13,29,038,35,18,57,294,21,6*60
$GPGSV,3,2,10,21,18,132,28,23,10,353,20,25,71,031,45,28,30,275,19,6*67
$GPGSV,3,3,10,29,58,179,25,31,21,243,17,6*6E
$GPGSV,2,1,07,13,29,038,38,18,57,294,23,21,18,132,26,23,10,353,37,8*6A
$GPGSV,2,2,07,25,71,031,53,26,13,222,15,28,30,275,23,8*57
$GPGSV,1,1,01,15,01,045,,0*50
$GAGSV,2,1,08,02,21,223,21,10,49,143,36,11,79,153,30,12,25,141,26,1*7E
$GAGSV,2,2,08,14,26,100,32,16,50,058,48,25,74,194,24,36,46,317,16,1*74
$GAGSV,1,1,03,10,49,143,34,12,25,141,31,16,50,058,49,5*4F
$GAGSV,2,1,06,10,49,143,31,11,79,153,26,12,25,141,29,14,26,100,32,7*79
$GAGSV,2,2,06,16,50,058,46,25,74,194,32,7*71
$GBGSV,2,1,05,11,13,122,17,29,33,131,39,35,63,212,17,36,04,024,24,3*70
$GBGSV,2,2,05,39,46,358,49,3*4A
$GBGSV,3,1,10,11,13,122,15,12,16,084,26,19,15,057,26,20,13,104,14,5*70
$GBGSV,3,2,10,26,53,255,23,29,33,131,40,31,27,272,18,35,63,212,16,5*73
$GBGSV,3,3,10,36,04,024,18,39,46,358,46,5*79
$GBGSV,2,1,08,19,15,057,23,24,14,221,25,26,53,255,19,29,33,131,37,8*7A
$GBGSV,2,2,08,31,27,272,20,35,63,212,25,36,04,024,14,39,46,358,47,8*77
$GBGSV,1,1,01,22,00,011,,0*46
$GNGLL,3001.74227,S,05112.74956,W,162750.00,A,D*72
$GNRMC,162751.00,A,3001.74228,S,05112.74957,W,0.015,,090926,,,F,V*1C
$GNVTG,,T,,M,0.015,N,0.029,K,D*37
$GNGGA,162751.00,3001.74228,S,05112.74957,W,5,12,1.08,48.1,M,4.8,M,2.0,0920*65
$GNGSA,M,3,29,31,05,12,13,18,21,25,28,,,,1.95,1.08,1.63,1*07
$GNGSA,M,3,10,11,12,16,25,36,02,,,,,,1.95,1.08,1.63,3*0A
$GNGSA,M,3,35,39,11,26,29,31,,,,,,,1.95,1.08,1.63,4*09
$GPGSV,2,1,06,05,42,103,47,12,35,044,50,13,29,038,43,23,10,353,20,1*61
$GPGSV,2,2,06,25,71,031,52,28,30,275,20,1*6D
$GPGSV,3,1,10,05,42,103,45,12,35,044,42,13,29,038,35,18,57,294,20,6*61
$GPGSV,3,2,10,21,18,132,27,23,10,353,20,25,71,031,45,28,30,275,19,6*68
$GPGSV,3,3,10,29,58,179,24,31,21,243,18,6*60
$GPGSV,2,1,07,13,29,038,38,18,57,294,23,21,18,132,26,23,10,353,37,8*6A
$GPGSV,2,2,07,25,71,031,53,26,13,222,15,28,30,275,23,8*57
$GPGSV,1,1,01,15,01,045,,0*50
$GAGSV,2,1,08,02,21,223,20,10,49,143,36,11,79,153,30,12,25,141,26,1*7F
$GAGSV,2,2,08,14,26,100,32,16,50,058,48,25,74,194,24,36,46,317,16,1*74
$GAGSV,1,1,03,10,49,143,34,12,25,141,31,16,50,058,49,5*4F
$GAGSV,2,1,06,10,49,143,31,11,79,153,26,12,25,141,29,14,26,100,32,7*79
$GAGSV,2,2,06,16,50,058,46,25,74,194,32,7*71
$GBGSV,2,1,05,11,13,122,18,29,33,131,39,35,63,212,17,36,04,024,24,3*7F
$GBGSV,2,2,05,39,46,358,49,3*4A
$GBGSV,3,1,10,11,13,122,16,12,16,084,26,19,15,057,26,20,13,104,14,5*73
$GBGSV,3,2,10,26,53,255,23,29,33,131,40,31,27,272,19,35,63,212,17,5*73
$GBGSV,3,3,10,36,04,024,18,39,46,358,46,5*79
$GBGSV,2,1,08,19,15,057,24,24,14,221,25,26,53,255,19,29,33,131,37,8*7D
$GBGSV,2,2,08,31,27,272,20,35,63,212,25,36,04,024,14,39,46,358,47,8*77
$GBGSV,1,1,01,22,00,011,,0*46
$GNGLL,3001.74228,S,05112.74957,W,162751.00,A,D*7D
$GNRMC,162752.00,A,3001.74227,S,05112.74957,W,0.031,,090926,,,F,V*16
$GNVTG,,T,,M,0.031,N,0.057,K,D*38
$GNGGA,162752.00,3001.74227,S,05112.74957,W,5,12,0.94,48.1,M,4.8,M,2.0,0920*6D
$GNGSA,M,3,29,31,05,12,13,18,21,25,28,,,,1.76,0.94,1.49,1*06
$GNGSA,M,3,10,11,12,16,25,36,02,,,,,,1.76,0.94,1.49,3*0B
$GNGSA,M,3,35,39,11,26,29,31,,,,,,,1.76,0.94,1.49,4*08
$GPGSV,2,1,06,05,42,103,47,12,35,044,50,13,29,038,43,23,10,353,20,1*61
$GPGSV,2,2,06,25,71,031,52,28,30,275,21,1*6C
$GPGSV,3,1,10,05,42,103,45,12,35,044,42,13,29,038,35,18,57,294,20,6*61
$GPGSV,3,2,10,21,18,132,27,23,10,353,20,25,71,031,45,28,30,275,21,6*63
$GPGSV,3,3,10,29,58,179,24,31,21,243,17,6*6F
$GPGSV,2,1,07,13,29,038,38,18,57,294,24,21,18,132,26,23,10,353,37,8*6D
$GPGSV,2,2,07,25,71,031,53,26,13,222,14,28,30,275,23,8*56
$GPGSV,1,1,01,15,01,045,,0*50
$GAGSV,2,1,08,02,21,223,20,10,49,143,36,11,79,153,30,12,25,141,26,1*7F
$GAGSV,2,2,08,14,26,100,32,16,50,058,48,25,75,194,24,36,46,317,16,1*75
$GAGSV,1,1,03,10,49,143,34,12,25,141,31,16,50,058,49,5*4F
$GAGSV,2,1,06,10,49,143,31,11,79,153,26,12,25,141,29,14,26,100,32,7*79
$GAGSV,2,2,06,16,50,058,46,25,75,194,32,7*70
$GBGSV,2,1,05,11,13,122,18,29,33,131,39,35,63,212,17,36,04,024,24,3*7F
$GBGSV,2,2,05,39,46,358,49,3*4A
$GBGSV,3,1,11,11,13,122,16,12,16,084,26,19,15,057,26,20,13,104,14,5*72
$GBGSV,3,2,11,24,14,221,16,26,53,255,24,29,33,131,40,31,27,272,19,5*74
$GBGSV,3,3,11,35,63,212,16,36,04,024,18,39,46,358,46,5*4D
$GBGSV,2,1,08,19,15,057,24,24,14,221,26,26,53,255,19,29,33,131,37,8*7E
$GBGSV,2,2,08,31,27,272,20,35,63,212,25,36,04,024,15,39,46,358,47,8*76
$GBGSV,1,1,01,22,00,011,,0*46
$GNGLL,3001.74227,S,05112.74957,W,162752.00,A,D*71
$GNRMC,162753.00,A,3001.74227,S,05112.74957,W,0.018,,090926,,,F,V*1C
$GNVTG,,T,,M,0.018,N,0.033,K,D*31
$GNGGA,162753.00,3001.74227,S,05112.74957,W,5,12,0.94,48.1,M,4.8,M,2.0,0920*6C
$GNGSA,M,3,29,31,05,12,13,18,21,25,28,,,,1.76,0.94,1.49,1*06
$GNGSA,M,3,10,11,12,16,25,36,02,,,,,,1.76,0.94,1.49,3*0B
$GNGSA,M,3,35,39,11,26,29,31,,,,,,,1.76,0.94,1.49,4*08
$GPGSV,2,1,07,05,42,103,47,12,35,044,50,13,29,038,43,23,10,353,19,1*6A
$GPGSV,2,2,07,25,71,031,52,28,30,275,20,31,21,243,23,1*59
$GPGSV,3,1,10,05,42,103,45,12,35,044,42,13,29,038,35,18,57,294,20,6*61
$GPGSV,3,2,10,21,18,132,27,23,10,353,20,25,71,031,45,28,30,275,20,6*62
$GPGSV,3,3,10,29,58,179,24,31,21,243,17,6*6F
$GPGSV,2,1,07,13,29,038,38,18,57,294,24,21,18,132,25,23,10,353,37,8*6E
$GPGSV,2,2,07,25,71,031,53,26,13,222,15,28,30,275,23,8*57
$GPGSV,1,1,01,15,01,045,,0*50
$GAGSV,2,1,08,02,21,223,21,10,49,143,36,11,79,153,30,12,25,141,26,1*7E
$GAGSV,2,2,08,14,26,100,32,16,50,058,48,25,75,194,24,36,46,317,16,1*75
$GAGSV,1,1,03,10,49,143,34,12,25,141,31,16,50,058,49,5*4F
$GAGSV,2,1,06,10,49,143,31,11,79,153,26,12,25,141,29,14,26,100,32,7*79
$GAGSV,2,2,06,16,50,058,46,25,75,194,32,7*70
$GBGSV,2,1,06,11,13,122,18,24,14,221,25,29,33,131,39,35,63,212,17,3*78
$GBGSV,2,2,06,36,04,024,25,39,46,358,49,3*79
$GBGSV,3,1,11,11,13,122,16,12,16,084,25,19,15,057,26,20,13,104,15,5*70
$GBGSV,3,2,11,24,14,221,15,26,53,255,24,29,33,131,40,31,27,272,18,5*76
$GBGSV,3,3,11,35,63,212,15,36,04,024,17,39,46,358,46,5*41
$GBGSV,2,1,08,19,15,057,24,24,14,221,25,26,53,255,20,29,33,131,37,8*77
$GBGSV,2,2,08,31,27,272,19,35,63,212,25,36,04,024,13,39,46,358,47,8*7A
$GBGSV,1,1,01,22,00,011,,0*46
$GNGLL,3001.74227,S,05112.74957,W,162753.00,A,D*70
$GNRMC,162754.00,A,3001.74228,S,05112.74957,W,0.017,,090926,,,F,V*1B
$GNVTG,,T,,M,0.017,N,0.031,K,D*3C
$GNGGA,162754.00,3001.74228,S,05112.74957,W,5,12,0.94,48.1,M,4.8,M,2.0,0920*64
$GNGSA,M,3,29,31,05,12,13,18,21,25,28,,,,1.76,0.94,1.49,1*06
$GNGSA,M,3,10,11,12,16,25,36,02,,,,,,1.76,0.94,1.49,3*0B
$GNGSA,M,3,35,39,11,26,29,,,,,,,,1.76,0.94,1.49,4*0A
$GPGSV,2,1,07,05,42,103,47,12,35,044,50,13,29,038,43,23,10,353,19,1*6A
$GPGSV,2,2,07,25,71,031,52,28,30,275,20,31,21,243,23,1*59
$GPGSV,3,1,10,05,42,103,45,12,35,044,42,13,29,038,35,18,57,294,20,6*61
$GPGSV,3,2,10,21,18,132,27,23,10,353,20,25,71,031,45,28,30,275,21,6*63
$GPGSV,3,3,10,29,58,179,24,31,21,243,15,6*6D
$GPGSV,2,1,07,13,29,038,38,18,57,294,24,21,18,132,26,23,10,353,37,8*6D
$GPGSV,2,2,07,25,71,031,53,26,13,222,15,28,30,275,23,8*57
$GPGSV,1,1,01,15,01,045,,0*50
$GAGSV,2,1,08,02,21,223,21,10,49,143,35,11,79,153,30,12,25,141,26,1*7D
$GAGSV,2,2,08,14,26,100,32,16,50,058,48,25,75,194,24,36,46,317,16,1*75
$GAGSV,1,1,03,10,49,143,34,12,25,141,31,16,50,058,49,5*4F
$GAGSV,2,1,06,10,49,143,31,11,79,153,27,12,25,141,29,14,26,100,32,7*78
$GAGSV,2,2,06,16,50,058,46,25,75,194,32,7*70
$GBGSV,2,1,06,11,13,122,18,24,14,221,26,29,33,131,39,35,63,212,16,3*7A
$GBGSV,2,2,06,36,04,024,24,39,46,358,49,3*78
$GBGSV,3,1,11,11,13,122,16,12,16,084,25,19,15,057,27,20,13,104,14,5*70
$GBGSV,3,2,11,24,14,221,16,26,53,255,24,29,33,131,40,31,27,272,18,5*75
$GBGSV,3,3,11,35,63,212,16,36,04,024,18,39,46,358,46,5*4D
$GBGSV,2,1,08,19,15,057,24,24,14,221,25,26,53,255,20,29,33,131,37,8*77
$GBGSV,2,2,08,31,27,272,19,35,63,212,25,36,04,024,14,39,46,358,47,8*7D
$GBGSV,1,1,01,22,00,011,,0*46
$GNGLL,3001.74228,S,05112.74957,W,162754.00,A,D*78
$GNRMC,162755.00,A,3001.74227,S,05112.74957,W,0.008,,090926,,,F,V*1B
$GNVTG,,T,,M,0.008,N,0.014,K,D*35
$GNGGA,162755.00,3001.74227,S,05112.74957,W,5,12,0.94,48.1,M,4.8,M,2.0,0920*6A
$GNGSA,M,3,29,31,05,12,13,18,21,25,28,,,,1.76,0.94,1.49,1*06
$GNGSA,M,3,10,11,12,16,25,36,02,,,,,,1.76,0.94,1.49,3*0B
$GNGSA,M,3,35,39,11,26,29,,,,,,,,1.76,0.94,1.49,4*0A
$GPGSV,2,1,07,05,42,103,47,12,35,044,50,13,29,038,43,23,10,353,19,1*6A
$GPGSV,2,2,07,25,71,031,52,28,30,275,19,31,21,243,22,1*52
$GPGSV,3,1,10,05,42,103,45,12,35,044,42,13,29,038,35,18,57,294,20,6*61
$GPGSV,3,2,10,21,18,132,28,23,10,353,20,25,71,031,45,28,30,275,21,6*6C
$GPGSV,3,3,10,29,58,179,24,31,21,243,15,6*6D
$GPGSV,2,1,07,13,29,038,38,18,57,294,24,21,18,132,26,23,10,353,37,8*6D
$GPGSV,2,2,07,25,71,031,53,26,13,222,16,28,30,275,23,8*54
$GPGSV,1,1,01,15,01,045,,0*50
$GAGSV,2,1,08,02,21,223,21,10,49,143,36,11,79,153,30,12,25,141,26,1*7E
$GAGSV,2,2,08,14,26,100,32,16,50,058,49,25,75,194,25,36,46,317,16,1*75
$GAGSV,1,1,03,10,49,143,34,12,25,141,31,16,50,058,49,5*4F
$GAGSV,2,1,06,10,49,143,31,11,79,153,26,12,25,141,29,14,26,100,32,7*79
$GAGSV,2,2,06,16,50,058,46,25,75,194,32,7*70
$GBGSV,2,1,06,11,13,122,18,24,14,221,26,29,33,131,39,35,63,212,15,3*79
$GBGSV,2,2,06,36,04,024,24,39,46,358,49,3*78
$GBGSV,3,1,11,11,13,122,16,12,16,084,25,19,15,057,27,20,13,104,14,5*70
$GBGSV,3,2,11,24,14,221,14,26,53,255,24,29,33,131,40,31,27,272,17,5*78
$GBGSV,3,3,11,35,63,212,16,36,04,024,17,39,46,358,46,5*42
$GBGSV,2,1,08,19,15,057,24,24,14,221,25,26,53,255,20,29,33,131,37,8*77
$GBGSV,2,2,08,31,27,272,19,35,63,212,25,36,04,024,14,39,46,358,47,8*7D
$GBGSV,1,1,01,22,00,011,,0*46
$GNGLL,3001.74227,S,05112.74957,W,162755.00,A,D*76
$GNRMC,162756.00,A,3001.74227,S,05112.74956,W,0.015,,090926,,,F,V*15
$GNVTG,,T,,M,0.015,N,0.028,K,D*36
$GNGGA,162756.00,3001.74227,S,05112.74956,W,5,12,0.78,48.1,M,4.8,M,2.0,0920*6A
$GNGSA,M,3,29,31,05,12,13,18,21,25,28,,,,1.39,0.78,1.15,1*06
$GNGSA,M,3,10,11,12,16,25,36,02,,,,,,1.39,0.78,1.15,3*0B
$GNGSA,M,3,35,39,11,26,29,,,,,,,,1.39,0.78,1.15,4*0A
$GPGSV,2,1,07,05,42,103,47,12,35,044,50,13,29,038,43,23,10,353,20,1*60
$GPGSV,2,2,07,25,71,031,52,28,30,275,19,31,21,243,22,1*52
$GPGSV,3,1,10,05,42,103,45,12,35,044,42,13,29,038,35,18,57,294,21,6*60
$GPGSV,3,2,10,21,18,132,28,23,10,353,19,25,71,031,45,28,30,275,22,6*65
$GPGSV,3,3,10,29,58,179,24,31,21,243,14,6*6C
$GPGSV,2,1,07,13,29,038,38,18,57,294,23,21,18,132,25,23,10,353,37,8*69
$GPGSV,2,2,07,25,71,031,53,26,13,222,16,28,30,275,24,8*53
$GPGSV,1,1,01,15,01,045,,0*50
$GAGSV,2,1,08,02,21,223,21,10,49,143,36,11,79,153,30,12,25,141,26,1*7E
$GAGSV,2,2,08,14,26,100,32,16,50,058,49,25,75,194,25,36,46,317,16,1*75
$GAGSV,1,1,03,10,49,143,34,12,25,141,31,16,50,058,49,5*4F
$GAGSV,2,1,06,10,49,143,31,11,79,153,26,12,25,141,29,14,26,100,32,7*79
$GAGSV,2,2,06,16,50,058,46,25,75,194,32,7*70
$GBGSV,2,1,06,11,13,122,19,24,14,221,26,29,33,131,39,35,63,212,12,3*7F
$GBGSV,2,2,06,36,04,024,25,39,46,358,48,3*78
$GBGSV,3,1,11,11,13,122,16,12,16,084,26,19,15,057,27,20,13,104,14,5*73
$GBGSV,3,2,11,24,14,221,15,26,53,255,24,29,33,131,40,31,27,272,17,5*79
$GBGSV,3,3,11,35,63,212,16,36,04,024,16,39,46,358,46,5*43
$GBGSV,2,1,08,19,15,057,24,24,14,221,25,26,53,255,20,29,33,131,37,8*77
$GBGSV,2,2,08,31,27,272,20,35,63,212,25,36,04,024,13,39,46,358,47,8*70
$GBGSV,1,1,01,22,00,011,,0*46
$GNGLL,3001.74227,S,05112.74956,W,162756.00,A,D*74
$GNRMC,162757.00,A,3001.74227,S,05112.74956,W,0.018,,090926,,,F,V*19
$GNVTG,,T,,M,0.018,N,0.033,K,D*31
$GNGGA,162757.00,3001.74227,S,05112.74956,W,5,12,0.78,48.1,M,4.8,M,2.0,0920*6B
$GNGSA,M,3,29,31,05,12,13,18,21,25,28,,,,1.39,0.78,1.15,1*06
$GNGSA,M,3,10,11,12,16,25,36,02,,,,,,1.39,0.78,1.15,3*0B
$GNGSA,M,3,35,39,11,26,29,31,,,,,,,1.39,0.78,1.15,4*08
$GPGSV,2,1,07,05,42,103,47,12,35,044,50,13,29,038,43,23,10,353,20,1*60
$GPGSV,2,2,07,25,71,031,52,28,30,275,19,31,21,243,22,1*52
$GPGSV,3,1,10,05,42,103,45,12,35,044,42,13,29,038,35,18,57,294,21,6*60
$GPGSV,3,2,10,21,18,132,28,23,10,353,20,25,71,031,45,28,30,275,22,6*6F
$GPGSV,3,3,10,29,58,179,25,31,21,243,14,6*6D
$GPGSV,2,1,07,13,29,038,38,18,57,294,23,21,18,132,25,23,10,353,37,8*69
$GPGSV,2,2,07,25,71,031,53,26,13,222,17,28,30,275,24,8*52
$GPGSV,1,1,01,15,01,045,,0*50
$GAGSV,2,1,08,02,21,223,21,10,49,143,36,11,79,153,30,12,25,141,26,1*7E
$GAGSV,2,2,08,14,26,100,32,16,50,058,49,25,75,194,25,36,46,317,15,1*76
$GAGSV,1,1,03,10,49,143,34,12,25,141,31,16,50,058,49,5*4F
$GAGSV,2,1,06,10,49,143,31,11,79,153,26,12,25,141,29,14,26,100,32,7*79
$GAGSV,2,2,06,16,50,058,46,25,75,194,32,7*70
$GBGSV,2,1,06,11,13,122,19,24,14,221,27,29,33,131,39,35,63,212,12,3*7E
$GBGSV,2,2,06,36,04,024,24,39,46,358,48,3*79
$GBGSV,3,1,11,11,13,122,16,12,16,084,26,19,15,057,27,20,13,104,15,5*72
$GBGSV,3,2,11,24,14,221,16,26,53,255,24,29,33,131,40,31,27,272,17,5*7A
$GBGSV,3,3,11,35,63,212,17,36,04,024,17,39,46,358,46,5*43
$GBGSV,3,1,09,19,15,057,24,22,00,011,26,24,14,221,24,26,53,255,20,8*7E
$GBGSV,3,2,09,29,33,131,37,31,27,272,19,35,63,212,25,36,04,024,13,8*73
$GBGSV,3,3,09,39,46,358,47,8*43
$GNGLL,3001.74227,S,05112.74956,W,162757.00,A,D*75
$GNRMC,162758.00,A,3001.74227,S,05112.74955,W,0.020,,090926,,,F,V*1E
$GNVTG,,T,,M,0.020,N,0.038,K,D*31
$GNGGA,162758.00,3001.74227,S,05112.74955,W,5,12,0.78,48.1,M,4.8,M,2.0,0920*67
$GNGSA,M,3,29,31,05,12,13,18,21,25,28,,,,1.39,0.78,1.15,1*06
$GNGSA,M,3,10,11,12,16,25,02,,,,,,,1.39,0.78,1.15,3*0E
$GNGSA,M,3,35,39,11,26,29,,,,,,,,1.39,0.78,1.15,4*0A
$GPGSV,2,1,06,05,42,103,47,12,35,044,50,13,29,038,43,23,10,353,21,1*60
$GPGSV,2,2,06,25,71,031,52,31,21,243,22,1*62
$GPGSV,3,1,10,05,42,103,45,12,35,044,42,13,29,038,35,18,57,294,21,6*60
$GPGSV,3,2,10,21,18,132,27,23,10,353,20,25,71,031,45,28,30,275,23,6*61
$GPGSV,3,3,10,29,58,179,25,31,21,243,14,6*6D
$GPGSV,2,1,07,13,29,038,38,18,57,294,23,21,18,132,25,23,10,353,37,8*69
$GPGSV,2,2,07,25,71,031,53,26,13,222,17,28,30,275,24,8*52
$GPGSV,1,1,01,15,01,045,,0*50
$GAGSV,2,1,08,02,21,223,21,10,49,143,36,11,79,153,30,12,25,141,26,1*7E
$GAGSV,2,2,08,14,26,100,32,16,50,058,48,25,75,194,24,36,46,317,13,1*70
$GAGSV,1,1,03,10,49,143,34,12,25,141,31,16,50,058,49,5*4F
$GAGSV,2,1,06,10,49,143,31,11,79,153,26,12,25,141,29,14,26,100,32,7*79
$GAGSV,2,2,06,16,50,058,46,25,75,194,31,7*73
$GBGSV,2,1,06,11,13,122,18,24,14,221,27,29,33,131,39,35,63,212,11,3*7C
$GBGSV,2,2,06,36,04,024,24,39,46,358,48,3*79
$GBGSV,3,1,11,11,13,122,15,12,16,084,26,19,15,057,27,20,13,104,15,5*71
$GBGSV,3,2,11,24,14,221,15,26,53,255,25,29,33,131,40,31,27,272,17,5*78
$GBGSV,3,3,11,35,63,212,17,36,04,024,17,39,46,358,46,5*43
$GBGSV,3,1,09,19,15,057,25,22,00,011,25,24,14,221,23,26,53,255,21,8*7A
$GBGSV,3,2,09,29,33,131,37,31,27,272,20,35,63,212,25,36,04,024,13,8*79
$GBGSV,3,3,09,39,46,358,47,8*43
$GNGLL,3001.74227,S,05112.74955,W,162758.00,A,D*79
$GNRMC,162759.00,A,3001.74227,S,05112.74955,W,0.026,,090926,,,F,V*19
$GNVTG,,T,,M,0.026,N,0.047,K,D*3F
$GNGGA,162759.00,3001.74227,S,05112.74955,W,5,12,1.08,48.1,M,4.8,M,2.0,0920*60
$GNGSA,M,3,29,31,05,12,13,18,21,25,28,,,,1.95,1.08,1.62,1*06
$GNGSA,M,3,10,11,12,16,25,02,,,,,,,1.95,1.08,1.62,3*0E
$GNGSA,M,3,35,39,11,26,29,31,,,,,,,1.95,1.08,1.62,4*08
$GPGSV,2,1,06,05,42,103,47,12,35,044,50,13,29,038,43,23,10,353,20,1*61
$GPGSV,2,2,06,25,71,031,52,31,21,243,22,1*62
$GPGSV,3,1,10,05,42,103,45,12,35,044,42,13,29,038,35,18,57,294,21,6*60
$GPGSV,3,2,10,21,18,132,27,23,10,353,20,25,71,031,45,28,30,275,24,6*66
$GPGSV,3,3,10,29,58,179,24,31,21,243,13,6*6B
$GPGSV,2,1,07,13,29,038,37,18,57,294,23,21,18,132,26,23,10,353,37,8*65
$GPGSV,2,2,07,25,71,031,53,26,13,222,16,28,30,275,24,8*53
$GPGSV,1,1,01,15,01,045,,0*50
$GAGSV,2,1,08,02,21,223,20,10,49,143,35,11,79,153,30,12,25,141,26,1*7C
$GAGSV,2,2,08,14,26,100,31,16,50,058,48,25,75,194,24,36,46,317,12,1*72
$GAGSV,1,1,03,10,49,143,34,12,25,141,31,16,50,058,49,5*4F
$GAGSV,2,1,06,10,49,143,31,11,79,153,26,12,25,141,29,14,26,100,32,7*79
$GAGSV,2,2,06,16,50,058,46,25,75,194,31,7*73
$GBGSV,2,1,06,11,13,122,19,24,14,221,27,29,33,131,39,35,63,212,11,3*7D
$GBGSV,2,2,06,36,04,024,24,39,46,358,49,3*78
$GBGSV,3,1,11,11,13,122,15,12,16,084,26,19,15,057,27,20,13,104,15,5*71
$GBGSV,3,2,11,24,14,221,15,26,53,255,24,29,33,131,40,31,27,272,16,5*78
$GBGSV,3,3,11,35,63,212,16,36,04,024,17,39,46,358,46,5*42
$GBGSV,3,1,09,19,15,057,24,22,00,011,25,24,14,221,23,26,53,255,21,8*7B
$GBGSV,3,2,09,29,33,131,37,31,27,272,20,35,63,212,25,36,04,024,15,8*7F
$GBGSV,3,3,09,39,46,358,47,8*43
$GNGLL,3001.74227,S,05112.74955,W,162759.00,A,D*78
$GNRMC,162800.00,A,3001.74226,S,05112.74955,W,0.035,,090926,,,F,V*19
$GNVTG,,T,,M,0.035,N,0.065,K,D*3D
$GNGGA,162800.00,3001.74226,S,05112.74955,W,5,12,1.08,48.1,M,4.8,M,2.0,0920*62
$GNGSA,M,3,29,31,05,12,13,18,21,25,28,,,,1.95,1.08,1.62,1*06
$GNGSA,M,3,10,11,12,16,25,02,,,,,,,1.95,1.08,1.62,3*0E
$GNGSA,M,3,35,39,11,26,29,31,,,,,,,1.95,1.08,1.62,4*08
$GPGSV,2,1,06,05,42,103,47,12,35,044,50,13,29,038,43,23,10,353,20,1*61
$GPGSV,2,2,06,25,71,031,52,31,21,243,23,1*63
$GPGSV,3,1,09,05,42,103,45,12,35,044,42,13,29,038,35,18,57,294,21,6*68
$GPGSV,3,2,09,21,18,132,28,23,10,353,20,25,71,031,45,28,30,275,24,6*61
$GPGSV,3,3,09,29,58,179,24,6*55
$GPGSV,2,1,07,13,29,038,38,18,57,294,22,21,18,132,26,23,10,353,37,8*6B
$GPGSV,2,2,07,25,71,031,53,26,13,222,17,28,30,275,24,8*52
$GPGSV,1,1,01,15,01,045,,0*50
$GAGSV,2,1,08,02,21,223,19,10,49,143,36,11,79,153,30,12,25,141,26,1*75
$GAGSV,2,2,08,14,26,100,31,16,50,058,48,25,75,194,24,36,46,317,11,1*71
$GAGSV,1,1,03,10,49,143,34,12,25,141,31,16,50,058,49,5*4F
$GAGSV,2,1,06,10,49,143,31,11,79,153,26,12,25,141,29,14,26,100,32,7*79
$GAGSV,2,2,06,16,50,058,46,25,75,194,31,7*73
$GBGSV,2,1,06,11,13,122,19,24,14,221,27,29,33,131,38,35,63,212,11,3*7C
$GBGSV,2,2,06,36,04,024,24,39,46,358,49,3*78
$GBGSV,3,1,11,11,13,122,15,12,16,084,26,19,15,057,27,20,13,104,14,5*70
$GBGSV,3,2,11,24,14,221,16,26,53,255,24,29,33,131,40,31,27,272,16,5*7B
$GBGSV,3,3,11,35,63,212,16,36,04,024,18,39,46,358,46,5*4D
$GBGSV,3,1,09,19,15,057,24,22,00,011,25,24,14,221,22,26,53,255,21,8*7A
$GBGSV,3,2,09,29,33,131,37,31,27,272,20,35,63,212,25,36,04,024,15,8*7F
$GBGSV,3,3,09,39,46,358,47,8*43
$GNGLL,3001.74226,S,05112.74955,W,162800.00,A,D*7A
$GNRMC,162801.00,A,3001.74227,S,05112.74954,W,0.029,,090926,,,F,V*15
$GNVTG,,T,,M,0.029,N,0.053,K,D*35
$GNGGA,162801.00,3001.74227,S,05112.74954,W,5,12,1.08,48.1,M,4.8,M,2.0,0920*63
$GNGSA,M,3,29,31,05,12,13,18,21,25,28,,,,1.95,1.08,1.62,1*06
$GNGSA,M,3,10,11,12,16,25,02,,,,,,,1.95,1.08,1.62,3*0E
$GNGSA,M,3,35,39,11,26,29,31,,,,,,,1.95,1.08,1.62,4*08
$GPGSV,2,1,06,05,42,103,47,12,35,044,50,13,29,038,43,23,10,353,20,1*61
$GPGSV,2,2,06,25,71,031,52,31,21,243,22,1*62
$GPGSV,3,1,09,05,42,103,45,12,35,044,42,13,29,038,35,18,57,294,21,6*68
$GPGSV,3,2,09,21,18,132,28,23,10,353,20,25,71,031,45,28,30,275,25,6*60
$GPGSV,3,3,09,29,58,179,24,6*55
$GPGSV,2,1,07,13,29,038,38,18,57,294,22,21,18,132,26,23,10,353,38,8*64
$GPGSV,2,2,07,25,71,031,53,26,13,222,17,28,30,275,24,8*52
$GPGSV,1,1,01,15,01,045,,0*50
$GAGSV,2,1,08,02,21,223,19,10,49,143,36,11,79,153,30,12,25,141,26,1*75
$GAGSV,2,2,08,14,26,100,31,16,50,058,48,25,75,194,24,36,47,317,13,1*72
$GAGSV,1,1,03,10,49,143,34,12,25,141,31,16,50,058,49,5*4F
$GAGSV,2,1,06,10,49,143,31,11,79,153,26,12,25,141,29,14,26,100,32,7*79
$GAGSV,2,2,06,16,50,058,46,25,75,194,31,7*73
$GBGSV,2,1,07,11,13,122,19,19,15,057,22,24,14,221,26,29,33,131,38,3*70
$GBGSV,2,2,07,35,63,212,11,36,04,024,24,39,46,358,49,3*4B
$GBGSV,3,1,11,11,13,122,15,12,16,084,26,19,15,057,27,20,13,104,13,5*77
$GBGSV,3,2,11,24,14,221,15,26,53,255,24,29,33,131,40,31,27,272,16,5*78
$GBGSV,3,3,11,35,63,212,15,36,04,024,18,39,46,358,46,5*4E
$GBGSV,3,1,09,19,15,057,23,22,00,011,25,24,14,221,22,26,53,255,22,8*7E
$GBGSV,3,2,09,29,33,131,37,31,27,272,19,35,63,212,25,36,04,024,15,8*75
$GBGSV,3,3,09,39,46,358,47,8*43
$GNGLL,3001.74227,S,05112.74954,W,162801.00,A,D*7B
$GNRMC,162802.00,A,3001.74227,S,05112.74955,W,0.021,,090926,,,F,V*1F
$GNVTG,,T,,M,0.021,N,0.040,K,D*3F
$GNGGA,162802.00,3001.74227,S,05112.74955,W,5,12,1.08,48.1,M,4.8,M,2.0,0920*61
$GNGSA,M,3,29,31,05,12,13,18,21,25,28,,,,1.95,1.08,1.62,1*06
$GNGSA,M,3,10,11,12,16,25,36,02,,,,,,1.95,1.08,1.62,3*0B
$GNGSA,M,3,35,39,11,26,29,,,,,,,,1.95,1.08,1.62,4*0A
$GPGSV,2,1,06,05,42,103,47,12,35,044,51,13,29,038,43,23,10,353,20,1*60
$GPGSV,2,2,06,25,71,031,52,31,21,243,22,1*62
$GPGSV,3,1,09,05,42,103,45,12,35,044,42,13,29,038,36,18,57,294,22,6*68
$GPGSV,3,2,09,21,18,132,28,23,10,353,20,25,71,031,45,28,30,275,25,6*60
$GPGSV,3,3,09,29,58,179,24,6*55
$GPGSV,2,1,07,13,29,038,38,18,57,294,22,21,18,132,26,23,10,353,37,8*6B
$GPGSV,2,2,07,25,71,031,53,26,13,222,17,28,30,275,25,8*53
$GPGSV,1,1,01,15,01,045,,0*50
$GAGSV,2,1,08,02,21,223,19,10,49,143,36,11,79,153,30,12,25,141,26,1*75
$GAGSV,2,2,08,14,26,100,31,16,50,058,48,25,75,194,24,36,47,317,15,1*74
$GAGSV,1,1,03,10,49,143,34,12,25,141,31,16,50,058,49,5*4F
$GAGSV,2,1,06,10,49,143,31,11,79,153,26,12,25,141,29,14,26,100,33,7*78
$GAGSV,2,2,06,16,50,058,46,25,75,194,31,7*73
$GBGSV,2,1,07,11,13,122,19,19,15,057,21,24,14,221,26,29,33,131,38,3*73
$GBGSV,2,2,07,35,63,212,10,36,04,024,24,39,46,358,49,3*4A
$GBGSV,3,1,11,11,13,122,14,12,16,084,25,19,15,057,27,20,13,104,12,5*74
$GBGSV,3,2,11,24,14,221,15,26,53,255,24,29,33,131,40,31,27,272,16,5*78
$GBGSV,3,3,11,35,63,212,16,36,04,024,18,39,46,358,46,5*4D
$GBGSV,3,1,09,19,15,057,23,22,00,011,25,24,14,221,20,26,53,255,22,8*7C
$GBGSV,3,2,09,29,33,131,37,31,27,272,19,35,63,212,25,36,04,024,14,8*74
$GBGSV,3,3,09,39,46,358,47,8*43
$GNGLL,3001.74227,S,05112.74955,W,162802.00,A,D*79
$GNRMC,162803.00,A,3001.74227,S,05112.74954,W,0.016,,090926,,,F,V*1B
$GNVTG,,T,,M,0.016,N,0.030,K,D*3C
$GNGGA,162803.00,3001.74227,S,05112.74954,W,5,12,1.08,48.1,M,4.8,M,2.0,0920*61
$GNGSA,M,3,29,31,05,12,13,18,21,25,28,,,,1.95,1.08,1.62,1*06
$GNGSA,M,3,10,11,12,16,25,02,,,,,,,1.95,1.08,1.62,3*0E
$GNGSA,M,3,35,39,11,26,29,31,,,,,,,1.95,1.08,1.62,4*08
$GPGSV,2,1,06,05,42,103,47,12,35,044,50,13,29,038,43,23,10,353,20,1*61
$GPGSV,2,2,06,25,71,031,52,31,21,243,23,1*63
$GPGSV,3,1,09,05,42,103,45,12,35,044,42,13,29,038,36,18,57,294,22,6*68
$GPGSV,3,2,09,21,18,132,28,23,10,353,21,25,71,031,45,28,30,275,25,6*61
$GPGSV,3,3,09,29,58,179,23,6*52
$GPGSV,2,1,07,13,29,038,37,18,57,294,22,21,18,132,26,23,10,353,38,8*6B
$GPGSV,2,2,07,25,71,031,53,26,13,222,17,28,30,275,24,8*52
$GPGSV,1,1,01,15,01,045,,0*50
$GAGSV,2,1,08,02,21,223,19,10,49,143,36,11,79,153,30,12,25,141,26,1*75
$GAGSV,2,2,08,14,26,100,31,16,50,058,48,25,75,194,24,36,47,317,14,1*75
$GAGSV,1,1,03,10,49,143,34,12,25,141,30,16,50,058,49,5*4E
$GAGSV,2,1,06,10,49,143,31,11,79,153,26,12,25,141,29,14,26,100,32,7*79
$GAGSV,2,2,06,16,50,058,46,25,75,194,31,7*73
$GBGSV,2,1,07,11,13,122,19,19,15,057,21,24,14,221,26,29,33,131,38,3*73
$GBGSV,2,2,07,35,63,212,14,36,04,024,25,39,46,358,49,3*4F
$GBGSV,3,1,11,11,13,122,14,12,16,084,25,19,15,057,27,20,13,104,12,5*74
$GBGSV,3,2,11,24,14,221,14,26,53,255,23,29,33,131,40,31,27,272,15,5*7D
$GBGSV,3,3,11,35,63,212,15,36,04,024,18,39,46,358,46,5*4E
$GBGSV,3,1,09,19,15,057,23,22,00,011,25,24,14,221,19,26,53,255,22,8*76
$GBGSV,3,2,09,29,33,131,37,31,27,272,19,35,63,212,25,36,04,024,15,8*75
$GBGSV,3,3,09,39,46,358,47,8*43
$GNGLL,3001.74227,S,05112.74954,W,162803.00,A,D*79
$GNRMC,162804.00,A,3001.74226,S,05112.74954,W,0.024,,090926,,,F,V*1C
$GNVTG,,T,,M,0.024,N,0.045,K,D*3F
$GNGGA,162804.00,3001.74226,S,05112.74954,W,5,12,1.08,48.1,M,4.8,M,2.0,0920*67
$GNGSA,M,3,29,31,05,12,13,18,21,25,28,,,,1.95,1.08,1.62,1*06
$GNGSA,M,3,10,11,12,16,25,02,,,,,,,1.95,1.08,1.62,3*0E
$GNGSA,M,3,35,39,11,26,29,31,,,,,,,1.95,1.08,1.62,4*08
$GPGSV,2,1,06,05,42,103,47,12,35,044,50,13,29,038,43,23,10,353,21,1*60
$GPGSV,2,2,06,25,71,031,52,31,21,243,22,1*62
$GPGSV,3,1,09,05,42,103,45,12,35,044,42,13,29,038,36,18,57,294,21,6*6B
$GPGSV,3,2,09,21,18,132,27,23,10,353,20,25,71,031,45,28,30,275,25,6*6F
$GPGSV,3,3,09,29,58,179,23,6*52
$GPGSV,2,1,07,13,29,038,37,18,57,294,23,21,18,132,26,23,10,353,38,8*6A
$GPGSV,2,2,07,25,71,031,53,26,13,222,15,28,30,275,24,8*50
$GPGSV,1,1,01,15,01,045,,0*50
$GAGSV,2,1,08,02,21,223,19,10,49,143,36,11,79,153,30,12,25,141,26,1*75
$GAGSV,2,2,08,14,26,100,31,16,50,058,49,25,75,194,24,36,47,317,14,1*74
$GAGSV,1,1,03,10,49,143,34,12,25,141,31,16,50,058,49,5*4F
$GAGSV,2,1,06,10,49,143,31,11,79,153,25,12,25,141,29,14,26,100,32,7*7A
$GAGSV,2,2,06,16,50,058,46,25,75,194,32,7*70
$GBGSV,2,1,07,11,13,122,19,19,15,057,21,24,14,221,26,29,33,131,38,3*73
$GBGSV,2,2,07,35,63,212,11,36,04,024,24,39,46,358,48,3*4A
$GBGSV,3,1,10,11,13,122,13,12,16,084,25,19,15,057,27,20,13,104,14,5*74
$GBGSV,3,2,10,24,14,221,14,26,53,255,24,29,33,131,40,35,63,212,15,5*79
$GBGSV,3,3,10,36,04,024,18,39,46,358,46,5*79
$GBGSV,3,1,09,19,15,057,23,22,00,011,25,24,14,221,17,26,53,255,22,8*78
$GBGSV,3,2,09,29,33,131,37,31,27,272,20,35,63,212,24,36,04,024,15,8*7E
$GBGSV,3,3,09,39,46,358,47,8*43
$GNGLL,3001.74226,S,05112.74954,W,162804.00,A,D*7F
$GNRMC,162805.00,A,3001.74227,S,05112.74953,W,0.044,,090926,,,F,V*1D
$GNVTG,,T,,M,0.044,N,0.082,K,D*32
$GNGGA,162805.00,3001.74227,S,05112.74953,W,5,12,1.08,48.2,M,4.8,M,2.0,0920*63
$GNGSA,M,3,29,31,05,12,13,18,21,25,28,,,,1.95,1.08,1.62,1*06
$GNGSA,M,3,10,11,12,16,25,02,,,,,,,1.95,1.08,1.62,3*0E
$GNGSA,M,3,35,39,11,26,29,31,,,,,,,1.95,1.08,1.62,4*08
$GPGSV,2,1,06,05,42,103,47,12,35,044,51,13,29,038,43,23,10,353,20,1*60
$GPGSV,2,2,06,25,71,031,52,31,21,243,22,1*62
$GPGSV,1,1,01,31,21,243,17,5*53
$GPGSV,3,1,09,05,42,103,45,12,35,044,42,13,29,038,36,18,57,294,22,6*68
$GPGSV,3,2,09,21,18,132,27,23,10,353,21,25,71,031,45,28,30,275,25,6*6E
$GPGSV,3,3,09,29,58,179,23,6*52
$GPGSV,2,1,07,13,29,038,37,18,57,294,22,21,18,132,26,23,10,353,38,8*6B
$GPGSV,2,2,07,25,71,031,53,26,13,222,15,28,30,275,25,8*51
$GPGSV,1,1,01,15,01,045,,0*50
$GAGSV,2,1,08,02,21,223,19,10,49,143,36,11,79,153,30,12,25,141,26,1*75
$GAGSV,2,2,08,14,26,100,31,16,50,058,49,25,75,194,24,36,47,317,12,1*72
$GAGSV,1,1,03,10,49,143,34,12,25,141,30,16,50,058,49,5*4E
$GAGSV,2,1,06,10,49,143,30,11,79,153,25,12,25,141,29,14,26,100,32,7*7B
$GAGSV,2,2,06,16,50,058,46,25,75,194,31,7*73
$GBGSV,2,1,07,11,13,122,18,19,15,057,20,24,14,221,25,29,33,131,39,3*71
$GBGSV,2,2,07,35,63,212,15,36,04,024,25,39,46,358,49,3*4E
$GBGSV,3,1,10,11,13,122,14,12,16,084,25,19,15,057,27,20,13,104,15,5*72
$GBGSV,3,2,10,24,14,221,15,26,53,255,24,29,33,131,40,35,63,212,15,5*78
$GBGSV,3,3,10,36,04,024,18,39,46,358,46,5*79
$GBGSV,3,1,09,19,15,057,23,22,00,011,25,24,14,221,17,26,53,255,22,8*78
$GBGSV,3,2,09,29,33,131,37,31,27,272,20,35,63,212,25,36,04,024,15,8*7F
$GBGSV,3,3,09,39,46,358,47,8*43
$GNGLL,3001.74227,S,05112.74953,W,162805.00,A,D*78
$GNRMC,162806.00,A,3001.74226,S,05112.74953,W,0.038,,090926,,,F,V*14
$GNVTG,,T,,M,0.038,N,0.071,K,D*35
$GNGGA,162806.00,3001.74226,S,05112.74953,W,5,12,1.09,48.2,M,4.8,M,2.0,0920*60
$GNGSA,M,3,29,31,05,12,13,18,21,25,28,,,,2.07,1.09,1.77,1*0B
$GNGSA,M,3,10,11,12,16,25,02,,,,,,,2.07,1.09,1.77,3*03
$GNGSA,M,3,35,39,11,19,26,29,,,,,,,2.07,1.09,1.77,4*0F
$GPGSV,2,1,06,05,42,103,47,12,35,044,51,13,29,038,43,23,10,353,20,1*60
$GPGSV,2,2,06,25,71,031,51,31,21,243,22,1*61
$GPGSV,1,1,01,31,21,243,16,5*52
$GPGSV,3,1,09,05,42,103,45,12,35,044,42,13,29,038,36,18,57,294,21,6*6B
$GPGSV,3,2,09,21,18,132,27,23,10,353,21,25,71,031,45,28,30,275,24,6*6F
$GPGSV,3,3,09,29,58,179,23,6*52
$GPGSV,2,1,07,13,29,038,38,18,57,294,22,21,18,132,26,23,10,353,38,8*64
$GPGSV,2,2,07,25,71,031,53,26,13,222,15,28,30,275,25,8*51
$GPGSV,1,1,01,15,01,045,,0*50
$GAGSV,2,1,08,02,21,223,19,10,49,143,36,11,79,153,30,12,25,141,26,1*75
$GAGSV,2,2,08,14,26,100,30,16,50,058,49,25,75,194,24,36,47,317,12,1*73
$GAGSV,1,1,03,10,49,143,33,12,25,141,30,16,50,058,49,5*49
$GAGSV,2,1,06,10,49,143,30,11,79,153,25,12,25,141,29,14,26,100,32,7*7B
$GAGSV,2,2,06,16,50,058,46,25,75,194,31,7*73
$GBGSV,2,1,07,11,13,122,19,19,15,057,19,24,14,221,25,29,33,131,38,3*7B
$GBGSV,2,2,07,35,63,212,17,36,04,024,25,39,46,358,48,3*4D
$GBGSV,3,1,10,11,13,122,14,12,16,084,25,19,15,057,27,20,13,104,15,5*72
$GBGSV,3,2,10,24,14,221,15,26,53,255,25,29,33,131,40,35,63,212,14,5*78
$GBGSV,3,3,10,36,04,024,18,39,46,358,46,5*79
$GBGSV,3,1,09,19,15,057,23,22,00,011,25,24,14,221,16,26,53,255,22,8*79
$GBGSV,3,2,09,29,33,131,37,31,27,272,19,35,63,212,25,36,04,024,16,8*76
$GBGSV,3,3,09,39,46,358,47,8*43
$GNGLL,3001.74226,S,05112.74953,W,162806.00,A,D*7A
$GNRMC,162807.00,A,3001.74226,S,05112.74952,W,0.012,,090926,,,F,V*1C
$GNVTG,,T,,M,0.012,N,0.023,K,D*3A
$GNGGA,162807.00,3001.74226,S,05112.74952,W,5,12,0.99,48.2,M,4.8,M,2.0,0920*68
$GNGSA,M,3,29,31,05,12,13,18,21,25,28,,,,1.98,0.99,1.72,1*03
$GNGSA,M,3,10,11,12,16,25,02,,,,,,,1.98,0.99,1.72,3*0B
$GNGSA,M,3,35,39,11,19,26,29,31,,,,,,1.98,0.99,1.72,4*05
$GPGSV,2,1,06,05,42,103,47,12,35,044,50,13,29,038,43,23,10,353,20,1*61
$GPGSV,2,2,06,25,71,031,51,31,21,243,22,1*61
$GPGSV,3,1,10,05,42,103,45,12,35,044,42,13,29,038,36,18,57,294,22,6*60
$GPGSV,3,2,10,21,18,132,27,23,10,353,21,25,71,031,45,28,30,275,25,6*66
$GPGSV,3,3,10,29,58,179,23,31,21,243,17,6*68
$GPGSV,2,1,07,13,29,038,38,18,57,294,22,21,18,132,26,23,10,353,38,8*64
$GPGSV,2,2,07,25,71,031,53,26,13,222,16,28,30,275,25,8*52
$GPGSV,1,1,01,15,01,045,,0*50
$GAGSV,2,1,08,02,21,223,19,10,49,143,36,11,79,153,30,12,25,141,26,1*75
$GAGSV,2,2,08,14,26,100,30,16,50,058,49,25,75,194,23,36,47,317,12,1*74
$GAGSV,1,1,03,10,49,143,33,12,25,141,30,16,50,058,49,5*49
$GAGSV,2,1,06,10,49,143,30,11,79,153,26,12,25,141,29,14,26,100,32,7*78
$GAGSV,2,2,06,16,50,058,46,25,75,194,32,7*70
$GBGSV,2,1,07,11,13,122,19,19,15,058,19,24,14,221,24,29,33,131,38,3*75
$GBGSV,2,2,07,35,63,212,15,36,04,024,25,39,46,358,48,3*4F
$GBGSV,3,1,11,11,13,122,14,12,16,084,25,19,15,058,27,20,13,104,15,5*7C
$GBGSV,3,2,11,24,14,221,15,26,53,255,25,29,33,131,40,31,27,272,18,5*77
$GBGSV,3,3,11,35,63,212,16,36,04,024,18,39,46,358,46,5*4D
$GBGSV,3,1,09,19,15,058,23,22,00,011,25,24,14,221,16,26,53,255,23,8*77
$GBGSV,3,2,09,29,33,131,37,31,27,272,20,35,63,212,25,36,04,024,16,8*7C
$GBGSV,3,3,09,39,46,358,47,8*43
$GNGLL,3001.74226,S,05112.74952,W,162807.00,A,D*7A
$GNRMC,162808.00,A,3001.74226,S,05112.74951,W,0.018,,090926,,,F,V*1A
$GNVTG,,T,,M,0.018,N,0.033,K,D*31
$GNGGA,162808.00,3001.74226,S,05112.74951,W,5,12,0.98,48.2,M,4.8,M,2.0,0920*65
$GNGSA,M,3,29,31,05,12,13,18,21,25,28,,,,1.85,0.98,1.57,1*09
$GNGSA,M,3,10,11,12,16,25,02,,,,,,,1.85,0.98,1.57,3*01
$GNGSA,M,3,35,39,11,19,26,29,,,,,,,1.85,0.98,1.57,4*0D
$GPGSV,2,1,06,05,42,103,47,12,35,044,50,13,29,038,44,23,10,353,21,1*67
$GPGSV,2,2,06,25,71,031,51,31,21,243,21,1*62
$GPGSV,3,1,10,05,42,103,45,12,35,044,42,13,29,038,36,18,57,294,23,6*61
$GPGSV,3,2,10,21,18,132,27,23,10,353,20,25,71,031,45,28,30,275,25,6*67
$GPGSV,3,3,10,29,58,179,23,31,21,243,17,6*68
$GPGSV,2,1,07,13,29,038,38,18,57,294,21,21,18,132,25,23,10,353,38,8*64
$GPGSV,2,2,07,25,71,031,53,26,13,222,17,28,30,275,25,8*53
$GPGSV,1,1,01,15,01,045,,0*50
$GAGSV,2,1,08,02,21,223,19,10,49,143,36,11,79,153,30,12,25,141,26,1*75
$GAGSV,2,2,08,14,26,100,30,16,50,058,49,25,75,194,23,36,47,317,13,1*75
$GAGSV,1,1,03,10,49,143,33,12,25,141,30,16,50,058,49,5*49
$GAGSV,2,1,06,10,49,143,30,11,79,153,26,12,25,141,29,14,26,100,32,7*78
$GAGSV,2,2,06,16,50,058,46,25,75,194,32,7*70
$GBGSV,2,1,06,11,13,122,19,19,15,058,18,24,14,221,24,29,33,131,39,3*74
$GBGSV,2,2,06,36,04,024,25,39,46,358,48,3*78
$GBGSV,3,1,11,11,13,122,14,12,16,084,25,19,15,058,27,20,13,104,14,5*7D
$GBGSV,3,2,11,24,14,221,15,26,53,255,24,29,33,131,40,31,27,272,18,5*76
$GBGSV,3,3,11,35,63,212,16,36,04,024,17,39,46,358,46,5*42
$GBGSV,3,1,09,19,15,058,24,22,00,011,25,24,14,221,15,26,53,255,23,8*73
$GBGSV,3,2,09,29,33,131,37,31,27,272,19,35,63,212,25,36,04,024,16,8*76
$GBGSV,3,3,09,39,46,358,47,8*43
$GNGLL,3001.74226,S,05112.74951,W,162808.00,A,D*76
$GNRMC,162809.00,A,3001.74226,S,05112.74950,W,0.013,,090926,,,F,V*11
$GNVTG,,T,,M,0.013,N,0.024,K,D*3C
$GNGGA,162809.00,3001.74226,S,05112.74950,W,5,12,1.08,48.2,M,4.8,M,2.0,0920*6D
$GNGSA,M,3,29,31,05,12,13,18,21,25,28,,,,1.95,1.08,1.62,1*06
$GNGSA,M,3,10,11,12,16,25,02,,,,,,,1.95,1.08,1.62,3*0E
$GNGSA,M,3,35,39,11,19,26,29,,,,,,,1.95,1.08,1.62,4*02
$GPGSV,2,1,06,05,42,103,47,12,35,044,50,13,29,038,43,23,10,353,20,1*61
$GPGSV,2,2,06,25,71,031,51,31,21,243,20,1*63
$GPGSV,3,1,10,05,42,103,45,12,35,044,42,13,29,038,36,18,57,294,22,6*60
$GPGSV,3,2,10,21,18,132,27,23,10,353,21,25,71,031,45,28,30,275,25,6*66
$GPGSV,3,3,10,29,58,179,23,31,21,243,18,6*67
$GPGSV,2,1,07,13,29,038,38,18,57,294,21,21,18,132,25,23,10,353,38,8*64
$GPGSV,2,2,07,25,71,031,53,26,13,222,17,28,30,275,25,8*53
$GPGSV,1,1,01,15,01,045,,0*50
$GAGSV,2,1,08,02,21,223,19,10,49,143,36,11,79,153,30,12,25,141,26,1*75
$GAGSV,2,2,08,14,26,100,30,16,50,058,49,25,75,194,24,36,47,317,13,1*72
$GAGSV,1,1,03,10,49,143,34,12,25,141,30,16,50,058,49,5*4E
$GAGSV,2,1,06,10,49,143,30,11,79,153,26,12,25,141,29,14,26,100,32,7*78
$GAGSV,2,2,06,16,50,058,46,25,75,194,31,7*73
$GBGSV,2,1,06,11,13,122,18,19,15,058,18,24,14,221,23,29,33,131,38,3*73
$GBGSV,2,2,06,36,04,024,25,39,46,358,48,3*78
$GBGSV,3,1,11,11,13,122,13,12,16,084,25,19,15,058,27,20,13,104,15,5*7B
$GBGSV,3,2,11,24,14,221,16,26,53,255,25,29,33,131,40,31,27,272,18,5*74
$GBGSV,3,3,11,35,63,212,16,36,04,024,17,39,46,358,46,5*42
$GBGSV,3,1,09,19,15,058,24,22,00,011,25,24,14,221,14,26,53,255,23,8*72
$GBGSV,3,2,09,29,33,131,37,31,27,272,20,35,63,212,25,36,04,024,15,8*7F
$GBGSV,3,3,09,39,46,358,47,8*43
$GNGLL,3001.74226,S,05112.74950,W,162809.00,A,D*76
$GNRMC,162810.00,A,3001.74226,S,05112.74949,W,0.012,,090926,,,F,V*10
$GNVTG,,T,,M,0.012,N,0.022,K,D*3B
$GNGGA,162810.00,3001.74226,S,05112.74949,W,5,12,1.08,48.3,M,4.8,M,2.0,0920*6C
$GNGSA,M,3,29,31,05,12,13,18,21,25,28,,,,1.95,1.08,1.62,1*06
$GNGSA,M,3,10,11,12,16,25,02,,,,,,,1.95,1.08,1.62,3*0E
$GNGSA,M,3,35,39,11,19,26,29,,,,,,,1.95,1.08,1.62,4*02
$GPGSV,2,1,06,05,42,103,47,12,35,044,50,13,29,038,43,23,10,353,20,1*61
$GPGSV,2,2,06,25,71,031,51,31,21,243,20,1*63
$GPGSV,3,1,10,05,42,103,45,12,35,044,42,13,29,038,36,18,57,294,23,6*61
$GPGSV,3,2,10,21,18,132,27,23,10,353,21,25,71,031,45,28,30,275,25,6*66
$GPGSV,3,3,10,29,58,179,22,31,21,243,17,6*69
$GPGSV,2,1,08,13,29,038,38,18,57,294,21,21,18,132,26,23,10,353,38,8*68
$GPGSV,2,2,08,25,71,031,53,26,13,222,18,26,13,222,18,28,30,275,26,8*6D
$GPGSV,1,1,01,15,01,045,,0*50
$GAGSV,2,1,08,02,21,223,19,10,49,143,36,11,79,153,30,12,25,141,26,1*75
$GAGSV,2,2,08,14,26,100,30,16,50,058,49,25,75,194,23,36,47,317,13,1*75
$GAGSV,1,1,03,10,49,143,33,12,25,141,30,16,50,058,49,5*49
$GAGSV,2,1,07,10,49,143,30,11,79,153,26,12,25,141,29,14,26,100,32,7*79
$GAGSV,2,2,07,14,26,100,32,16,50,058,46,25,75,194,31,7*43
$GBGSV,2,1,06,11,13,122,18,19,15,058,18,24,14,221,22,29,33,131,38,3*72
$GBGSV,2,2,06,36,04,024,25,39,46,358,48,3*78
$GBGSV,3,1,11,11,13,122,14,12,16,084,25,19,15,058,26,20,13,104,15,5*7D
$GBGSV,3,2,11,24,14,221,16,26,53,255,25,29,33,131,40,31,27,272,18,5*74
$GBGSV,3,3,11,35,63,212,15,36,04,024,18,39,46,358,46,5*4E
$GBGSV,3,1,09,19,15,058,24,22,00,011,25,24,14,221,14,26,53,255,24,8*75
$GBGSV,3,2,09,29,33,131,37,31,27,272,20,35,63,212,25,36,04,024,15,8*7F
$GBGSV,3,3,09,39,46,358,47,8*43
$GNGLL,3001.74226,S,05112.74949,W,162810.00,A,D*76
$GNRMC,162811.00,A,3001.74226,S,05112.74948,W,0.041,,090926,,,F,V*16
$GNVTG,,T,,M,0.041,N,0.076,K,D*3C
$GNGGA,162811.00,3001.74226,S,05112.74948,W,5,12,1.08,48.3,M,4.8,M,2.0,0920*6C
$GNGSA,M,3,29,31,05,12,13,18,21,25,28,,,,1.95,1.08,1.62,1*06
$GNGSA,M,3,10,11,12,16,25,02,,,,,,,1.95,1.08,1.62,3*0E
$GNGSA,M,3,35,39,11,19,26,29,31,,,,,,1.95,1.08,1.62,4*00
$GPGSV,2,1,07,05,42,103,47,12,35,044,50,13,29,038,44,23,10,353,20,1*67
$GPGSV,2,2,07,23,10,353,20,25,71,031,51,31,21,243,19,1*5F
$GPGSV,3,1,10,05,42,103,45,12,35,044,42,13,29,038,36,18,57,294,23,6*61
$GPGSV,3,2,10,21,18,132,27,23,10,353,21,25,71,031,45,28,30,275,25,6*66
$GPGSV,3,3,10,29,58,179,23,31,21,243,17,6*68
$GPGSV,2,1,07,13,29,038,38,18,57,294,20,21,18,132,26,23,10,353,38,8*66
$GPGSV,2,2,07,25,71,031,53,26,13,222,18,28,30,275,26,8*5F
$GPGSV,1,1,01,15,01,045,,0*50
$GAGSV,2,1,08,02,21,223,19,10,49,143,36,11,79,153,30,12,25,141,26,1*75
$GAGSV,2,2,08,14,26,100,29,16,50,058,49,25,75,194,23,36,47,317,12,1*7C
$GAGSV,1,1,03,10,49,143,34,12,25,141,30,16,50,058,49,5*4E
$GAGSV,2,1,06,10,49,143,30,11,79,153,26,12,25,141,29,14,26,100,32,7*78
$GAGSV,2,2,06,16,50,058,46,25,75,194,31,7*73
$GBGSV,2,1,06,11,12,121,17,19,15,058,17,24,14,221,21,29,33,131,38,3*73
$GBGSV,2,2,06,36,04,024,25,39,46,358,48,3*78
$GBGSV,3,1,11,11,12,121,14,12,16,084,25,19,15,058,26,20,13,104,15,5*7F
$GBGSV,3,2,11,24,14,221,16,26,53,255,25,29,33,131,40,31,27,272,18,5*74
$GBGSV,3,3,11,35,63,212,15,36,04,024,18,39,46,358,46,5*4E
$GBGSV,3,1,09,19,15,058,24,22,00,011,25,24,14,221,14,26,53,255,24,8*75
$GBGSV,3,2,09,29,33,131,37,31,27,272,20,35,63,212,25,36,04,024,16,8*7C
$GBGSV,3,3,09,39,46,358,47,8*43
$GNGLL,3001.74226,S,05112.74948,W,162811.00,A,D*76
$GNRMC,162812.00,A,3001.74226,S,05112.74948,W,0.040,,090926,,,F,V*14
$GNVTG,,T,,M,0.040,N,0.074,K,D*3F
$GNGGA,162812.00,3001.74226,S,05112.74948,W,5,12,1.08,48.3,M,4.8,M,2.0,0920*6F
$GNGSA,M,3,29,31,05,12,13,18,21,25,28,,,,1.95,1.08,1.62,1*06
$GNGSA,M,3,10,11,12,16,25,02,,,,,,,1.95,1.08,1.62,3*0E
$GNGSA,M,3,35,39,11,19,26,29,31,,,,,,1.95,1.08,1.62,4*00
$GPGSV,2,1,06,05,42,103,47,12,35,044,50,13,29,038,44,23,10,353,20,1*66
$GPGSV,2,2,06,25,71,031,51,31,21,243,18,1*68
$GPGSV,3,1,10,05,42,103,45,12,35,044,42,13,29,038,36,18,57,294,23,6*61
$GPGSV,3,2,10,21,18,132,27,23,10,353,21,25,71,031,45,28,30,275,25,6*66
$GPGSV,3,3,10,29,58,179,23,31,21,243,17,6*68
$GPGSV,2,1,07,13,29,038,38,18,57,294,20,21,18,132,26,23,10,353,38,8*66
$GPGSV,2,2,07,25,71,031,53,26,13,222,18,28,30,275,26,8*5F
$GPGSV,1,1,01,15,01,045,,0*50
$GAGSV,2,1,08,02,21,223,19,10,49,143,36,11,79,153,30,12,25,141,26,1*75
$GAGSV,2,2,08,14,26,100,29,16,50,058,49,25,75,194,23,36,47,317,10,1*7E
$GAGSV,1,1,03,10,49,143,33,12,25,141,30,16,50,058,49,5*49
$GAGSV,2,1,06,10,49,143,30,11,79,153,26,12,25,141,29,14,26,100,32,7*78
$GAGSV,2,2,06,16,50,058,46,25,75,194,32,7*70
$GBGSV,2,1,06,11,12,121,18,19,15,058,18,24,14,221,20,29,33,131,38,3*72
$GBGSV,2,2,06,36,04,024,24,39,46,358,48,3*79
$GBGSV,3,1,11,11,12,121,15,12,17,085,25,19,15,058,26,20,13,104,15,5*7E
$GBGSV,3,2,11,24,14,221,16,26,53,255,24,29,33,131,40,31,27,272,18,5*75
$GBGSV,3,3,11,35,63,212,15,36,04,024,18,39,46,358,46,5*4E
$GBGSV,3,1,09,19,15,058,25,22,00,011,25,24,14,221,15,26,53,255,24,8*75
$GBGSV,3,2,09,29,33,131,37,31,27,272,21,35,63,212,25,36,04,024,16,8*7D
$GBGSV,3,3,09,39,46,358,47,8*43
$GNGLL,3001.74226,S,05112.74948,W,162812.00,A,D*75
$GNRMC,162813.00,A,3001.74225,S,05112.74947,W,0.021,,090926,,,F,V*1E
$GNVTG,,T,,M,0.021,N,0.039,K,D*31
$GNGGA,162813.00,3001.74225,S,05112.74947,W,5,12,1.08,48.3,M,4.8,M,2.0,0920*62
$GNGSA,M,3,29,31,05,12,13,18,21,23,25,28,,,1.95,1.08,1.62,1*07
$GNGSA,M,3,10,11,12,16,25,02,,,,,,,1.95,1.08,1.62,3*0E
$GNGSA,M,3,35,39,11,19,26,29,31,,,,,,1.95,1.08,1.62,4*00
$GPGSV,2,1,06,05,42,103,47,12,35,044,50,13,29,038,44,23,10,353,20,1*66
$GPGSV,2,2,06,25,71,031,51,31,21,243,17,1*67
$GPGSV,3,1,10,05,42,103,45,12,35,044,42,13,29,038,36,18,57,294,22,6*60
$GPGSV,3,2,10,21,18,132,27,23,10,353,22,25,71,031,45,28,30,275,26,6*66
$GPGSV,3,3,10,29,58,179,23,31,21,243,17,6*68
$GPGSV,2,1,07,13,29,038,37,18,57,294,20,21,18,132,26,23,10,353,38,8*69
$GPGSV,2,2,07,25,71,031,53,26,13,222,17,28,30,275,26,8*50
$GPGSV,1,1,01,15,01,045,,0*50
$GAGSV,2,1,07,02,21,223,19,10,49,143,36,11,79,153,30,12,25,141,26,1*7A
$GAGSV,2,2,07,14,26,100,29,16,50,058,49,25,75,194,23,1*43
$GAGSV,1,1,03,10,49,143,33,12,25,141,30,16,50,058,49,5*49
$GAGSV,2,1,06,10,49,143,29,11,79,153,26,12,25,141,29,14,26,100,32,7*70
$GAGSV,2,2,06,16,50,058,46,25,75,194,32,7*70
$GAGSV,1,1,01,36,47,317,,0*46
$GBGSV,2,1,06,11,12,121,19,19,15,058,17,24,14,221,19,29,33,131,38,3*76
$GBGSV,2,2,06,36,04,024,24,39,46,358,48,3*79
$GBGSV,3,1,11,11,12,121,14,12,17,085,25,19,15,058,27,20,13,104,16,5*7D
$GBGSV,3,2,11,24,14,221,16,26,53,255,24,29,33,131,40,31,27,272,18,5*75
$GBGSV,3,3,11,35,63,212,15,36,04,024,18,39,46,358,46,5*4E
$GBGSV,3,1,09,19,15,058,25,22,00,011,25,24,14,221,17,26,53,255,24,8*77
$GBGSV,3,2,09,29,33,131,37,31,27,272,21,35,63,212,25,36,04,024,15,8*7E
$GBGSV,3,3,09,39,46,358,47,8*43
$GNGLL,3001.74225,S,05112.74947,W,162813.00,A,D*78
$GNRMC,162814.00,A,3001.74225,S,05112.74946,W,0.015,,090926,,,F,V*1F
$GNVTG,,T,,M,0.015,N,0.028,K,D*36
$GNGGA,162814.00,3001.74225,S,05112.74946,W,5,12,1.08,48.3,M,4.8,M,2.0,0920*64
$GNGSA,M,3,29,31,05,12,13,18,21,23,25,28,,,1.95,1.08,1.62,1*07
$GNGSA,M,3,10,11,12,16,25,02,,,,,,,1.95,1.08,1.62,3*0E
$GNGSA,M,3,35,39,11,19,26,29,31,,,,,,1.95,1.08,1.62,4*00
$GPGSV,2,1,06,05,42,103,47,12,35,044,50,13,29,038,44,23,10,353,20,1*66
$GPGSV,2,2,06,25,71,031,51,31,21,243,17,1*67
$GPGSV,3,1,10,05,42,103,45,12,35,044,42,13,29,038,36,18,57,294,22,6*60
$GPGSV,3,2,10,21,18,132,27,23,10,353,22,25,71,031,45,28,30,275,25,6*65
$GPGSV,3,3,10,29,58,179,23,31,21,243,16,6*69
$GPGSV,2,1,07,13,29,038,37,18,57,294,20,21,18,132,26,23,10,353,38,8*69
$GPGSV,2,2,07,25,71,031,53,26,13,222,17,28,30,275,26,8*50
$GPGSV,1,1,01,15,01,045,,0*50
$GAGSV,2,1,07,02,21,223,18,10,49,143,36,11,79,153,30,12,25,141,26,1*7B
$GAGSV,2,2,07,14,26,100,29,16,50,058,49,25,75,194,23,1*43
$GAGSV,1,1,03,10,49,143,33,12,25,141,30,16,50,058,49,5*49
$GAGSV,2,1,06,10,49,143,29,11,79,153,25,12,25,141,29,14,26,100,32,7*73
$GAGSV,2,2,06,16,50,058,46,25,75,194,32,7*70
$GAGSV,1,1,01,36,47,317,,0*46
$GBGSV,2,1,06,11,12,121,18,19,15,058,18,24,14,221,18,29,33,131,38,3*79
$GBGSV,2,2,06,36,04,024,24,39,46,358,48,3*79
$GBGSV,3,1,11,11,12,121,15,12,17,085,24,19,15,058,27,20,13,104,17,5*7C
$GBGSV,3,2,11,24,14,221,16,26,53,255,25,29,33,131,40,31,27,272,17,5*7B
$GBGSV,3,3,11,35,63,212,15,36,04,024,17,39,46,358,46,5*41
$GBGSV,3,1,09,19,15,058,25,22,00,011,25,24,14,221,17,26,53,255,25,8*76
$GBGSV,3,2,09,29,33,131,37,31,27,272,21,35,63,212,25,36,04,024,16,8*7D
$GBGSV,3,3,09,39,46,358,47,8*43
$GNGLL,3001.74225,S,05112.74946,W,162814.00,A,D*7E
$GNRMC,162815.00,A,3001.74225,S,05112.74945,W,0.013,,090926,,,F,V*1B
$GNVTG,,T,,M,0.013,N,0.025,K,D*3D
$GNGGA,162815.00,3001.74225,S,05112.74945,W,5,12,1.08,48.3,M,4.8,M,2.0,0920*66
$GNGSA,M,3,29,31,05,12,13,18,21,23,25,28,,,1.95,1.08,1.62,1*07
$GNGSA,M,3,10,11,12,16,25,02,,,,,,,1.95,1.08,1.62,3*0E
$GNGSA,M,3,35,39,11,19,26,29,31,,,,,,1.95,1.08,1.62,4*00
$GPGSV,2,1,06,05,42,103,47,12,35,044,50,13,29,038,44,23,10,353,20,1*66
$GPGSV,2,2,06,25,71,031,51,31,21,243,16,1*66
$GPGSV,3,1,10,05,42,103,45,12,35,044,42,13,29,038,36,18,57,294,22,6*60
$GPGSV,3,2,10,21,18,132,27,23,10,353,22,25,71,031,45,28,30,275,25,6*65
$GPGSV,3,3,10,29,58,179,23,31,21,243,15,6*6A
$GPGSV,2,1,07,13,29,038,37,18,57,294,20,21,18,132,26,23,10,353,38,8*69
$GPGSV,2,2,07,25,71,031,53,26,13,222,16,28,30,275,26,8*51
$GPGSV,1,1,01,15,01,045,,0*50
$GAGSV,2,1,07,02,21,223,19,10,49,143,36,11,79,153,30,12,25,141,26,1*7A
$GAGSV,2,2,07,14,26,100,28,16,50,058,48,25,75,194,23,1*43
$GAGSV,1,1,03,10,49,143,33,12,25,141,30,16,50,058,49,5*49
$GAGSV,2,1,06,10,49,143,29,11,79,153,26,12,25,141,29,14,26,100,32,7*70
$GAGSV,2,2,06,16,50,058,46,25,75,194,32,7*70
$GAGSV,1,1,01,36,47,317,,0*46
$GBGSV,2,1,06,11,12,121,18,19,15,058,19,24,14,221,16,29,33,131,38,3*76
$GBGSV,2,2,06,36,04,024,24,39,46,358,48,3*79
$GBGSV,3,1,11,11,12,121,14,12,17,085,24,19,15,058,27,20,13,104,17,5*7D
$GBGSV,3,2,11,24,14,221,16,26,53,255,25,29,33,131,40,31,27,272,17,5*7B
$GBGSV,3,3,11,35,63,212,15,36,04,024,17,39,46,358,46,5*41
$GBGSV,3,1,09,19,15,058,25,22,00,011,25,24,14,221,18,26,53,255,25,8*79
$GBGSV,3,2,09,29,33,131,37,31,27,272,20,35,63,212,25,36,04,024,16,8*7C
$GBGSV,3,3,09,39,46,358,47,8*43
$GNGLL,3001.74225,S,05112.74945,W,162815.00,A,D*7C
$GNRMC,162816.00,A,3001.74225,S,05112.74945,W,0.010,,090926,,,F,V*1B
$GNVTG,,T,,M,0.010,N,0.018,K,D*30
$GNGGA,162816.00,3001.74225,S,05112.74945,W,5,12,1.08,48.4,M,4.8,M,2.0,0920*62
$GNGSA,M,3,29,31,05,12,13,18,21,23,25,28,,,1.95,1.08,1.62,1*07
$GNGSA,M,3,10,11,12,16,25,02,,,,,,,1.95,1.08,1.62,3*0E
$GNGSA,M,3,35,39,11,19,26,29,31,,,,,,1.95,1.08,1.62,4*00
$GPGSV,2,1,06,05,42,103,47,12,35,044,50,13,29,038,44,23,10,353,20,1*66
$GPGSV,2,2,06,25,71,031,51,31,21,243,15,1*65
$GPGSV,3,1,10,05,42,103,45,12,35,044,42,13,29,038,36,18,57,294,22,6*60
$GPGSV,3,2,10,21,18,132,27,23,10,353,21,25,71,031,45,28,30,275,25,6*66
$GPGSV,3,3,10,29,58,179,23,31,21,243,16,6*69
$GPGSV,2,1,07,13,29,038,37,18,57,294,20,21,18,132,25,23,10,353,38,8*6A
$GPGSV,2,2,07,25,71,031,53,26,13,222,16,28,30,275,26,8*51
$GPGSV,1,1,01,15,01,045,,0*50
$GAGSV,2,1,07,02,21,223,20,10,49,143,36,11,79,153,30,12,25,141,26,1*70
$GAGSV,2,2,07,14,26,100,28,16,50,058,48,25,75,194,23,1*43
$GAGSV,1,1,03,10,49,143,33,12,25,141,30,16,50,058,49,5*49
$GAGSV,2,1,06,10,49,143,29,11,79,153,26,12,25,141,29,14,26,100,32,7*70
$GAGSV,2,2,06,16,50,058,46,25,75,194,32,7*70
$GAGSV,1,1,01,36,47,317,,0*46
$GBGSV,2,1,06,11,12,121,19,19,15,058,19,24,14,221,15,29,33,131,38,3*74
$GBGSV,2,2,06,36,04,024,23,39,46,358,48,3*7E
$GBGSV,3,1,11,11,12,121,15,12,17,085,24,19,15,058,27,20,13,104,17,5*7C
$GBGSV,3,2,11,24,14,221,16,26,53,255,24,29,33,131,40,31,27,272,19,5*74
$GBGSV,3,3,11,35,63,212,14,36,04,024,17,39,46,358,46,5*40
$GBGSV,3,1,09,19,15,058,25,22,00,011,25,24,14,221,19,26,53,255,24,8*79
$GBGSV,3,2,09,29,33,131,37,31,27,272,20,35,63,212,24,36,04,024,15,8*7E
$GBGSV,3,3,09,39,46,358,47,8*43
$GNGLL,3001.74225,S,05112.74945,W,162816.00,A,D*7F
$GNRMC,162817.00,A,3001.74225,S,05112.74945,W,0.044,,090926,,,F,V*1B
$GNVTG,,T,,M,0.044,N,0.082,K,D*32
$GNGGA,162817.00,3001.74225,S,05112.74945,W,5,12,1.08,48.4,M,4.8,M,2.0,0920*63
$GNGSA,M,3,29,31,05,12,13,18,21,23,25,28,,,1.95,1.08,1.62,1*07
$GNGSA,M,3,10,11,12,16,25,02,,,,,,,1.95,1.08,1.62,3*0E
$GNGSA,M,3,35,39,11,19,26,29,31,,,,,,1.95,1.08,1.62,4*00
$GPGSV,2,1,06,05,42,103,47,12,35,044,50,13,29,038,44,23,10,353,20,1*66
$GPGSV,2,2,06,25,71,031,51,31,21,243,16,1*66
$GPGSV,3,1,10,05,42,103,45,12,35,044,42,13,29,038,36,18,57,294,22,6*60
$GPGSV,3,2,10,21,18,132,27,23,10,353,22,25,71,031,45,28,30,275,24,6*64
$GPGSV,3,3,10,29,58,179,23,31,21,243,16,6*69
$GPGSV,2,1,07,13,29,038,37,18,57,294,19,21,18,132,26,23,10,353,38,8*63
$GPGSV,2,2,07,25,71,031,53,26,13,222,17,28,30,275,26,8*50
$GPGSV,1,1,01,15,01,045,,0*50
$GAGSV,2,1,07,02,21,223,19,10,49,143,36,11,79,153,30,12,25,141,26,1*7A
$GAGSV,2,2,07,14,26,100,28,16,50,058,48,25,75,194,23,1*43
$GAGSV,1,1,03,10,49,143,33,12,25,141,30,16,50,058,49,5*49
$GAGSV,2,1,06,10,49,143,29,11,79,153,26,12,25,141,29,14,26,100,32,7*70
$GAGSV,2,2,06,16,50,058,46,25,75,194,32,7*70
$GAGSV,1,1,01,36,47,317,,0*46
$GBGSV,2,1,06,11,12,121,18,19,15,058,20,24,14,221,13,29,33,131,38,3*79
$GBGSV,2,2,06,36,04,024,24,39,46,358,48,3*79
$GBGSV,3,1,11,11,12,121,15,12,17,085,24,19,15,058,27,20,13,104,17,5*7C
$GBGSV,3,2,11,24,14,221,15,26,53,255,25,29,33,131,40,31,27,272,19,5*76
$GBGSV,3,3,11,35,63,212,14,36,04,024,18,39,46,358,46,5*4F
$GBGSV,3,1,09,19,15,058,24,22,00,011,25,24,14,221,20,26,53,255,25,8*73
$GBGSV,3,2,09,29,33,131,37,31,27,272,21,35,63,212,25,36,04,024,14,8*7F
$GBGSV,3,3,09,39,46,358,47,8*43
$GNGLL,3001.74225,S,05112.74945,W,162817.00,A,D*7E
$GNRMC,162818.00,A,3001.74225,S,05112.74944,W,0.006,,090926,,,F,V*13
$GNVTG,,T,,M,0.006,N,0.011,K,D*3E
$GNGGA,162818.00,3001.74225,S,05112.74944,W,5,12,1.08,48.4,M,4.8,M,2.0,0920*6D
$GNGSA,M,3,29,31,05,12,13,18,21,23,25,28,,,1.95,1.08,1.62,1*07
$GNGSA,M,3,10,11,12,16,25,02,,,,,,,1.95,1.08,1.62,3*0E
$GNGSA,M,3,35,39,11,19,26,29,31,,,,,,1.95,1.08,1.62,4*00
$GPGSV,2,1,06,05,42,103,47,12,35,044,50,13,29,038,44,23,10,353,20,1*66
$GPGSV,2,2,06,25,71,031,51,31,21,243,16,1*66
$GPGSV,3,1,10,05,42,103,45,12,35,044,42,13,29,038,36,18,57,294,22,6*60
$GPGSV,3,2,10,21,18,132,27,23,10,353,22,25,71,031,45,28,30,275,24,6*64
$GPGSV,3,3,10,29,58,179,23,31,21,243,14,6*6B
$GPGSV,2,1,07,13,29,038,37,18,57,294,18,21,18,132,26,23,10,353,38,8*62
$GPGSV,2,2,07,25,71,031,53,26,13,222,18,28,30,275,26,8*5F
$GPGSV,1,1,01,15,01,045,,0*50
$GAGSV,2,1,07,02,21,223,19,10,49,143,36,11,79,153,30,12,25,141,26,1*7A
$GAGSV,2,2,07,14,26,100,27,16,50,058,48,25,75,194,24,1*4B
$GAGSV,1,1,03,10,49,143,33,12,25,141,30,16,50,058,49,5*49
$GAGSV,2,1,06,10,49,143,29,11,79,153,26,12,25,141,29,14,26,100,32,7*70
$GAGSV,2,2,06,16,50,058,46,25,75,194,32,7*70
$GAGSV,1,1,01,36,47,317,,0*46
$GBGSV,2,1,05,11,12,121,18,19,15,058,19,29,33,131,38,36,04,024,24,3*71
$GBGSV,2,2,05,39,46,358,48,3*4B
$GBGSV,3,1,11,11,12,121,15,12,17,085,23,19,15,058,27,20,13,104,16,5*7A
$GBGSV,3,2,11,24,14,221,15,26,53,255,24,29,33,131,40,31,27,272,19,5*77
$GBGSV,3,3,11,35,63,212,13,36,04,024,17,39,46,358,46,5*47
$GBGSV,3,1,09,19,15,058,25,22,01,011,25,24,14,221,21,26,53,255,25,8*72
$GBGSV,3,2,09,29,33,131,37,31,27,272,21,35,63,212,25,36,04,024,14,8*7F
$GBGSV,3,3,09,39,46,358,47,8*43
$GNGLL,3001.74225,S,05112.74944,W,162818.00,A,D*70
$GNRMC,162819.00,A,3001.74225,S,05112.74944,W,0.030,,090926,,,F,V*17
$GNVTG,,T,,M,0.030,N,0.055,K,D*3B
$GNGGA,162819.00,3001.74225,S,05112.74944,W,5,12,1.08,48.4,M,4.8,M,1.0,0920*6F
$GNGSA,M,3,29,31,05,12,13,18,21,23,25,28,,,1.95,1.08,1.62,1*07
$GNGSA,M,3,10,11,12,16,25,02,,,,,,,1.95,1.08,1.62,3*0E
$GNGSA,M,3,35,39,11,19,26,29,31,,,,,,1.95,1.08,1.62,4*00
$GPGSV,2,1,06,05,42,103,47,12,35,044,50,13,29,038,44,23,10,353,19,1*6C
$GPGSV,2,2,06,25,71,031,51,31,21,243,16,1*66
$GPGSV,3,1,10,05,42,103,45,12,35,044,43,13,29,038,36,18,57,294,21,6*62
$GPGSV,3,2,10,21,18,132,27,23,10,353,22,25,71,031,45,28,30,275,24,6*64
$GPGSV,3,3,10,29,58,179,23,31,21,243,14,6*6B
$GPGSV,2,1,07,13,29,038,37,18,57,294,18,21,18,132,25,23,10,353,38,8*61
$GPGSV,2,2,07,25,71,031,53,26,13,222,18,28,30,275,26,8*5F
$GPGSV,1,1,01,15,01,045,,0*50
$GAGSV,2,1,07,02,21,223,19,10,49,143,36,11,79,153,30,12,25,141,26,1*7A
$GAGSV,2,2,07,14,26,100,27,16,50,058,48,25,75,194,23,1*4C
$GAGSV,1,1,03,10,49,143,33,12,25,141,30,16,50,058,49,5*49
$GAGSV,2,1,06,10,49,143,29,11,79,153,26,12,25,141,29,14,26,100,32,7*70
$GAGSV,2,2,06,16,50,058,46,25,75,194,32,7*70
$GAGSV,1,1,01,36,47,317,,0*46
$GBGSV,2,1,05,11,12,121,18,19,15,058,20,29,33,131,38,36,04,024,25,3*7A
$GBGSV,2,2,05,39,46,358,48,3*4B
$GBGSV,3,1,11,11,12,121,15,12,17,085,23,19,15,058,27,20,13,104,16,5*7A
$GBGSV,3,2,11,24,14,221,16,26,53,255,24,29,33,131,40,31,27,272,19,5*74
$GBGSV,3,3,11,35,63,212,11,36,04,024,17,39,46,358,46,5*45
$GBGSV,3,1,09,19,15,058,24,22,01,011,25,24,14,221,21,26,53,255,25,8*73
$GBGSV,3,2,09,29,33,131,37,31,27,272,20,35,63,212,25,36,04,024,14,8*7E
$GBGSV,3,3,09,39,46,358,47,8*43
$GNGLL,3001.74225,S,05112.74944,W,162819.00,A,D*71
$GNRMC,162820.00,A,3001.74225,S,05112.74944,W,0.027,,090926,,,F,V*1B
$GNVTG,,T,,M,0.027,N,0.049,K,D*30
$GNGGA,162820.00,3001.74225,S,05112.74944,W,5,12,1.08,48.4,M,4.8,M,2.0,0920*66
$GNGSA,M,3,29,31,05,12,13,18,21,23,25,28,,,1.95,1.08,1.62,1*07
$GNGSA,M,3,10,11,12,16,25,02,,,,,,,1.95,1.08,1.62,3*0E
$GNGSA,M,3,35,39,11,19,26,29,31,,,,,,1.95,1.08,1.62,4*00
$GPGSV,2,1,06,05,42,103,47,12,35,044,50,13,29,038,44,23,10,353,18,1*6D
$GPGSV,2,2,06,25,71,031,51,31,21,243,15,1*65
$GPGSV,3,1,10,05,42,103,45,12,35,044,43,13,29,038,36,18,57,294,20,6*63
$GPGSV,3,2,10,21,18,132,27,23,10,353,22,25,71,031,45,28,30,275,24,6*64
$GPGSV,3,3,10,29,58,179,23,31,21,243,13,6*6C
$GPGSV,2,1,07,13,29,038,37,18,57,294,19,21,18,132,25,23,10,353,38,8*60
$GPGSV,2,2,07,25,71,031,53,26,13,222,18,28,30,275,26,8*5F
$GPGSV,1,1,01,15,01,045,,0*50
$GAGSV,2,1,07,02,21,223,19,10,49,143,36,11,79,153,30,12,25,141,26,1*7A
$GAGSV,2,2,07,14,26,100,27,16,50,058,48,25,75,194,24,1*4B
$GAGSV,1,1,03,10,49,143,33,12,25,141,30,16,50,058,49,5*49
$GAGSV,2,1,06,10,49,143,28,11,79,153,26,12,25,141,29,14,26,100,31,7*72
$GAGSV,2,2,06,16,50,058,46,25,75,194,32,7*70
$GAGSV,1,1,01,36,47,317,,0*46
$GBGSV,2,1,05,11,12,121,18,19,15,058,19,29,33,131,38,36,04,024,24,3*71
$GBGSV,2,2,05,39,46,358,48,3*4B
$GBGSV,3,1,11,11,12,121,15,12,17,085,23,19,15,058,27,20,13,104,18,5*74
$GBGSV,3,2,11,24,15,222,17,26,53,255,24,29,33,131,40,31,27,272,20,5*7D
$GBGSV,3,3,11,35,63,212,11,36,04,024,17,39,46,358,46,5*45
$GBGSV,3,1,09,19,15,058,24,22,01,011,24,24,15,222,22,26,53,255,25,8*73
$GBGSV,3,2,09,29,33,131,37,31,27,272,21,35,63,212,25,36,04,024,14,8*7F
$GBGSV,3,3,09,39,46,358,47,8*43
$GNGLL,3001.74225,S,05112.74944,W,162820.00,A,D*7B
$GNRMC,162821.00,A,3001.74225,S,05112.74944,W,0.031,,090926,,,F,V*1D
$GNVTG,,T,,M,0.031,N,0.057,K,D*38
$GNGGA,162821.00,3001.74225,S,05112.74944,W,5,12,1.08,48.4,M,4.8,M,2.0,0920*67
$GNGSA,M,3,29,05,12,13,18,21,23,25,28,,,,1.95,1.08,1.62,1*05
$GNGSA,M,3,10,11,12,16,25,02,,,,,,,1.95,1.08,1.62,3*0E
$GNGSA,M,3,35,39,11,19,26,29,31,,,,,,1.95,1.08,1.62,4*00
$GPGSV,2,1,06,05,42,103,47,12,35,044,50,13,29,038,44,23,10,353,18,1*6D
$GPGSV,2,2,06,25,71,031,51,31,21,243,14,1*64
$GPGSV,3,1,10,05,42,103,45,12,35,044,43,13,29,038,36,18,57,294,21,6*62
$GPGSV,3,2,10,21,18,132,26,23,10,353,22,25,71,031,45,28,30,275,23,6*62
$GPGSV,3,3,10,29,58,179,22,31,21,243,13,6*6D
$GPGSV,2,1,07,13,29,038,37,18,57,294,19,21,18,132,25,23,10,353,38,8*60
$GPGSV,2,2,07,25,71,031,53,26,13,222,18,28,30,275,26,8*5F
$GPGSV,1,1,01,15,01,045,,0*50
$GAGSV,2,1,07,02,21,223,18,10,49,143,36,11,79,153,30,12,25,141,26,1*7B
$GAGSV,2,2,07,14,26,100,27,16,50,058,48,25,75,194,24,1*4B
$GAGSV,1,1,03,10,49,143,33,12,25,141,30,16,50,058,49,5*49
$GAGSV,2,1,06,10,49,143,28,11,79,153,26,12,25,141,29,14,26,100,31,7*72
$GAGSV,2,2,06,16,50,058,46,25,75,194,31,7*73
$GAGSV,1,1,01,36,47,317,,0*46
$GBGSV,2,1,05,11,12,121,19,19,15,058,20,29,33,131,38,36,04,024,24,3*7A
$GBGSV,2,2,05,39,46,358,48,3*4B
$GBGSV,3,1,11,11,12,121,15,12,17,085,22,19,15,058,27,20,13,104,19,5*74
$GBGSV,3,2,11,24,15,222,16,26,53,255,24,29,33,131,40,31,27,272,20,5*7C
$GBGSV,3,3,11,35,63,212,12,36,04,024,16,39,46,358,46,5*47
$GBGSV,3,1,09,19,15,058,24,22,01,011,24,24,15,222,22,26,53,255,24,8*72
$GBGSV,3,2,09,29,33,131,38,31,27,272,21,35,63,212,25,36,04,024,14,8*70
$GBGSV,3,3,09,39,46,358,47,8*43
$GNGLL,3001.74225,S,05112.74944,W,162821.00,A,D*7A
$GNRMC,162822.00,A,3001.74225,S,05112.74943,W,0.015,,090926,,,F,V*1F
$GNVTG,,T,,M,0.015,N,0.028,K,D*36
$GNGGA,162822.00,3001.74225,S,05112.74943,W,5,12,1.08,48.4,M,4.8,M,2.0,0920*63
$GNGSA,M,3,29,05,12,13,18,21,23,25,28,,,,1.95,1.08,1.62,1*05
$GNGSA,M,3,10,11,12,16,25,02,,,,,,,1.95,1.08,1.62,3*0E
$GNGSA,M,3,35,39,11,19,26,29,31,,,,,,1.95,1.08,1.62,4*00
$GPGSV,2,1,06,05,42,103,47,12,35,044,50,13,29,038,44,23,10,353,17,1*62
$GPGSV,2,2,06,25,71,031,51,31,21,243,13,1*63
$GPGSV,3,1,10,05,42,103,45,12,35,044,43,13,29,038,36,18,57,294,21,6*62
$GPGSV,3,2,10,21,18,132,26,23,10,353,22,25,71,031,45,28,30,275,23,6*62
$GPGSV,3,3,10,29,58,179,22,31,21,243,09,6*66
$GPGSV,2,1,07,13,29,038,37,18,57,294,19,21,18,132,26,23,10,353,38,8*63
$GPGSV,2,2,07,25,71,031,53,26,13,222,17,28,30,275,26,8*50
$GPGSV,1,1,01,15,01,045,,0*50
$GAGSV,2,1,07,02,21,223,18,10,49,143,36,11,79,153,30,12,25,141,26,1*7B
$GAGSV,2,2,07,14,26,100,26,16,50,058,48,25,75,194,23,1*4D
$GAGSV,1,1,03,10,49,143,33,12,25,141,30,16,50,058,49,5*49
$GAGSV,2,1,06,10,49,143,28,11,79,153,26,12,25,141,29,14,26,100,31,7*72
$GAGSV,2,2,06,16,50,058,46,25,75,194,31,7*73
$GAGSV,1,1,01,36,47,317,,0*46
$GBGSV,2,1,05,11,12,121,19,19,15,058,19,29,33,131,38,36,04,024,24,3*70
$GBGSV,2,2,05,39,46,358,48,3*4B
$GBGSV,3,1,11,11,12,121,15,12,17,085,22,19,15,058,27,20,13,104,19,5*74
$GBGSV,3,2,11,24,15,222,15,26,53,256,24,29,33,131,40,31,27,272,20,5*7C
$GBGSV,3,3,11,35,63,212,11,36,04,024,16,39,46,358,46,5*44
$GBGSV,3,1,09,19,15,058,24,22,01,011,23,24,15,222,23,26,53,256,25,8*76
$GBGSV,3,2,09,29,33,131,38,31,27,272,21,35,63,212,25,36,04,024,14,8*70
$GBGSV,3,3,09,39,46,358,47,8*43
$GNGLL,3001.74225,S,05112.74943,W,162822.00,A,D*7E
$GNRMC,162823.00,A,3001.74225,S,05112.74943,W,0.011,,090926,,,F,V*1A
$GNVTG,,T,,M,0.011,N,0.020,K,D*3A
$GNGGA,162823.00,3001.74225,S,05112.74943,W,5,12,1.08,48.4,M,4.8,M,2.0,0920*62
$GNGSA,M,3,29,05,12,13,18,21,23,25,28,,,,1.95,1.08,1.62,1*05
$GNGSA,M,3,10,11,12,16,25,02,,,,,,,1.95,1.08,1.62,3*0E
$GNGSA,M,3,35,39,11,19,26,29,31,,,,,,1.95,1.08,1.62,4*00
$GPGSV,2,1,06,05,42,103,47,12,35,044,50,13,29,038,44,23,10,353,16,1*63
$GPGSV,2,2,06,25,71,031,51,31,21,243,11,1*61
$GPGSV,3,1,10,05,42,103,45,12,35,044,43,13,29,038,36,18,57,294,21,6*62
$GPGSV,3,2,10,21,18,132,26,23,10,353,22,25,71,031,45,28,30,275,23,6*62
$GPGSV,3,3,10,29,58,179,22,31,21,243,08,6*67
$GPGSV,2,1,07,13,29,038,37,18,57,294,19,21,18,132,26,23,10,353,38,8*63
$GPGSV,2,2,07,25,71,031,53,26,13,222,16,28,30,275,26,8*51
$GPGSV,1,1,01,15,01,045,,0*50
$GAGSV,2,1,07,02,21,223,18,10,49,143,36,11,79,153,30,12,25,141,26,1*7B
$GAGSV,2,2,07,14,26,100,26,16,50,058,48,25,75,194,23,1*4D
$GAGSV,1,1,03,10,49,143,33,12,25,141,30,16,50,058,49,5*49
$GAGSV,2,1,06,10,49,143,28,11,79,153,26,12,25,141,29,14,26,100,31,7*72
$GAGSV,2,2,06,16,50,058,46,25,75,194,31,7*73
$GAGSV,1,1,01,36,47,317,,0*46
$GBGSV,2,1,05,11,12,121,19,19,15,058,19,29,33,131,38,36,04,024,25,3*71
$GBGSV,2,2,05,39,46,358,48,3*4B
$GBGSV,3,1,11,11,12,121,14,12,17,085,22,19,15,058,27,20,13,104,19,5*75
$GBGSV,3,2,11,24,15,222,16,26,53,256,24,29,33,131,40,31,27,272,20,5*7F
$GBGSV,3,3,11,35,63,212,11,36,04,024,16,39,46,358,46,5*44
$GBGSV,3,1,09,19,15,058,24,22,01,011,23,24,15,222,23,26,53,256,25,8*76
$GBGSV,3,2,09,29,33,131,38,31,27,272,21,35,63,212,25,36,04,024,16,8*72
$GBGSV,3,3,09,39,46,358,47,8*43
$GNGLL,3001.74225,S,05112.74943,W,162823.00,A,D*7F
$GNRMC,162824.00,A,3001.74225,S,05112.74943,W,0.021,,090926,,,F,V*1E
$GNVTG,,T,,M,0.021,N,0.039,K,D*31
$GNGGA,162824.00,3001.74225,S,05112.74943,W,5,12,1.08,48.4,M,4.8,M,2.0,0920*65
$GNGSA,M,3,29,05,12,13,18,21,23,25,28,,,,1.95,1.08,1.62,1*05
$GNGSA,M,3,10,11,12,16,25,02,,,,,,,1.95,1.08,1.62,3*0E
$GNGSA,M,3,35,39,11,19,26,29,31,,,,,,1.95,1.08,1.62,4*00
$GPGSV,2,1,06,05,42,103,47,12,35,044,50,13,29,038,44,23,10,353,16,1*63
$GPGSV,2,2,06,25,71,031,51,31,21,243,09,1*68
$GPGSV,3,1,09,05,42,103,45,12,35,044,43,13,29,038,36,18,57,294,21,6*6A
$GPGSV,3,2,09,21,18,132,26,23,10,353,22,25,71,031,45,28,30,275,23,6*6A
$GPGSV,3,3,09,29,58,179,22,6*53
$GPGSV,2,1,07,13,29,038,37,18,57,294,19,21,18,132,25,23,10,353,38,8*60
$GPGSV,2,2,07,25,71,031,53,26,13,222,16,28,30,275,26,8*51
$GPGSV,1,1,01,15,01,045,,0*50
$GAGSV,2,1,07,02,21,223,18,10,49,143,36,11,79,153,30,12,25,141,26,1*7B
$GAGSV,2,2,07,14,26,100,26,16,50,058,48,25,75,194,23,1*4D
$GAGSV,1,1,03,10,49,143,33,12,25,141,30,16,50,058,49,5*49
$GAGSV,2,1,06,10,49,143,28,11,79,153,26,12,25,141,29,14,26,100,31,7*72
$GAGSV,2,2,06,16,50,058,46,25,75,194,31,7*73
$GAGSV,1,1,01,36,47,317,,0*46
$GBGSV,2,1,05,11,12,121,19,19,15,058,18,29,33,131,37,36,04,024,25,3*7F
$GBGSV,2,2,05,39,46,358,48,3*4B
$GBGSV,3,1,11,11,12,121,13,12,17,085,22,19,15,058,27,20,13,104,19,5*72
$GBGSV,3,2,11,24,15,222,17,26,53,256,24,29,33,131,40,31,27,272,19,5*74
$GBGSV,3,3,11,35,63,212,11,36,04,024,17,39,46,358,46,5*45
$GBGSV,3,1,09,19,15,058,24,22,01,011,22,24,15,222,23,26,53,256,25,8*77
$GBGSV,3,2,09,29,33,131,38,31,27,272,21,35,63,212,25,36,04,024,15,8*71
$GBGSV,3,3,09,39,46,358,47,8*43
$GNGLL,3001.74225,S,05112.74943,W,162824.00,A,D*78
$GNRMC,162825.00,A,3001.74225,S,05112.74942,W,0.009,,090926,,,F,V*14
$GNVTG,,T,,M,0.009,N,0.017,K,D*37
$GNGGA,162825.00,3001.74225,S,05112.74942,W,5,12,1.08,48.4,M,4.8,M,2.0,0920*65
$GNGSA,M,3,29,31,05,12,13,18,21,23,25,28,,,1.95,1.08,1.62,1*07
$GNGSA,M,3,10,11,12,16,25,02,,,,,,,1.95,1.08,1.62,3*0E
$GNGSA,M,3,35,39,11,19,26,29,,,,,,,1.95,1.08,1.62,4*02
$GPGSV,2,1,06,05,42,103,47,12,35,044,50,13,29,038,44,23,10,353,17,1*62
$GPGSV,2,2,06,25,71,031,51,31,21,243,16,1*66
$GPGSV,3,1,09,05,42,103,45,12,35,044,42,13,29,038,36,18,57,294,21,6*6B
$GPGSV,3,2,09,21,18,132,26,23,10,353,23,25,71,031,45,28,30,275,22,6*6A
$GPGSV,3,3,09,29,58,179,22,6*53
$GPGSV,2,1,07,13,29,038,37,18,57,294,19,21,18,132,25,23,10,353,38,8*60
$GPGSV,2,2,07,25,71,031,53,26,13,222,16,28,30,275,25,8*52
$GPGSV,1,1,01,15,01,045,,0*50
$GAGSV,2,1,07,02,21,223,18,10,49,143,36,11,79,153,30,12,25,141,26,1*7B
$GAGSV,2,2,07,14,26,100,25,16,50,058,48,25,75,194,23,1*4E
$GAGSV,1,1,03,10,49,143,33,12,25,141,30,16,50,058,49,5*49
$GAGSV,2,1,06,10,49,143,28,11,79,153,26,12,25,141,29,14,26,100,30,7*73
$GAGSV,2,2,06,16,50,058,46,25,75,194,31,7*73
$GAGSV,1,1,01,36,47,317,,0*46
$GBGSV,2,1,05,11,12,121,19,19,15,058,17,29,33,131,37,36,04,024,25,3*70
$GBGSV,2,2,05,39,46,358,48,3*4B
$GBGSV,3,1,11,11,12,121,10,12,17,085,23,19,15,058,27,20,13,104,19,5*70
$GBGSV,3,2,11,24,15,222,16,26,53,256,24,29,33,131,40,31,27,272,19,5*75
$GBGSV,3,3,11,35,63,212,10,36,04,024,17,39,46,358,46,5*44
$GBGSV,3,1,09,19,15,058,24,22,01,011,22,24,15,222,23,26,53,256,25,8*77
$GBGSV,3,2,09,29,33,131,38,31,27,272,21,35,63,212,25,36,04,024,15,8*71
$GBGSV,3,3,09,39,46,358,47,8*43
$GNGLL,3001.74225,S,05112.74942,W,162825.00,A,D*78
$GNRMC,162826.00,A,3001.74225,S,05112.74940,W,0.029,,090926,,,F,V*17
$GNVTG,,T,,M,0.029,N,0.053,K,D*35
$GNGGA,162826.00,3001.74225,S,05112.74940,W,5,12,1.08,48.4,M,4.8,M,2.0,0920*64
$GNGSA,M,3,29,05,12,13,18,21,23,25,28,,,,1.95,1.08,1.62,1*05
$GNGSA,M,3,10,11,12,16,25,02,,,,,,,1.95,1.08,1.62,3*0E
$GNGSA,M,3,35,39,11,19,26,29,,,,,,,1.95,1.08,1.62,4*02
$GPGSV,2,1,06,05,42,103,47,12,35,044,50,13,29,038,44,23,10,353,17,1*62
$GPGSV,2,2,06,25,71,031,51,31,21,243,11,1*61
$GPGSV,3,1,09,05,42,103,45,12,35,044,43,13,29,038,36,18,57,294,21,6*6A
$GPGSV,3,2,09,21,18,132,26,23,10,353,23,25,71,031,45,28,30,275,22,6*6A
$GPGSV,3,3,09,29,58,179,22,6*53
$GPGSV,2,1,07,13,29,038,37,18,57,294,19,21,18,132,25,23,10,353,38,8*60
$GPGSV,2,2,07,25,71,031,53,26,13,222,16,28,30,275,25,8*52
$GPGSV,1,1,01,15,01,045,,0*50
$GAGSV,2,1,07,02,21,223,18,10,49,143,36,11,79,153,30,12,25,141,26,1*7B
$GAGSV,2,2,07,14,26,100,25,16,50,058,48,25,75,194,23,1*4E
$GAGSV,1,1,03,10,49,143,33,12,25,141,30,16,50,058,49,5*49
$GAGSV,2,1,06,10,49,143,28,11,79,153,26,12,25,141,29,14,26,100,31,7*72
$GAGSV,2,2,06,16,50,058,46,25,75,194,31,7*73
$GAGSV,1,1,01,36,47,317,,0*46
$GBGSV,2,1,05,11,12,121,18,19,15,058,17,29,33,131,37,36,04,024,24,3*70
$GBGSV,2,2,05,39,46,358,48,3*4B
$GBGSV,3,1,11,11,12,121,09,12,17,085,22,19,15,058,27,20,13,104,19,5*79
$GBGSV,3,2,11,24,15,222,16,26,53,256,24,29,33,131,40,31,27,272,19,5*75
$GBGSV,3,3,11,35,63,212,09,36,04,024,16,39,46,358,46,5*4D
$GBGSV,3,1,10,19,15,058,23,20,13,104,22,22,01,011,21,24,15,222,23,8*7A
$GBGSV,3,2,10,26,53,256,25,29,33,131,38,31,27,272,21,35,63,212,24,8*7F
$GBGSV,3,3,10,36,04,024,14,39,46,358,47,8*79
$GNGLL,3001.74225,S,05112.74940,W,162826.00,A,D*79
$GNRMC,162827.00,A,3001.74225,S,05112.74941,W,0.048,,090926,,,F,V*10
$GNVTG,,T,,M,0.048,N,0.088,K,D*34
$GNGGA,162827.00,3001.74225,S,05112.74941,W,5,12,1.08,48.4,M,4.8,M,2.0,0920*64
$GNGSA,M,3,29,05,12,13,18,21,23,25,28,,,,1.95,1.08,1.62,1*05
$GNGSA,M,3,10,11,12,16,25,02,,,,,,,1.95,1.08,1.62,3*0E
$GNGSA,M,3,35,39,11,19,26,29,31,,,,,,1.95,1.08,1.62,4*00
$GPGSV,2,1,06,05,42,103,47,12,35,044,50,13,29,038,44,23,10,353,17,1*62
$GPGSV,2,2,06,25,71,031,51,31,21,243,12,1*62
$GPGSV,3,1,09,05,42,103,45,12,35,044,43,13,29,038,36,18,57,294,21,6*6A
$GPGSV,3,2,09,21,18,132,26,23,10,353,23,25,71,031,45,28,30,275,22,6*6A
$GPGSV,3,3,09,29,58,179,22,6*53
$GPGSV,2,1,07,13,29,038,37,18,57,294,18,21,18,132,25,23,10,353,38,8*61
$GPGSV,2,2,07,25,71,031,53,26,13,222,15,28,30,275,25,8*51
$GPGSV,1,1,01,15,01,045,,0*50
$GAGSV,2,1,07,02,21,223,19,10,49,143,36,11,79,153,30,12,25,141,26,1*7A
$GAGSV,2,2,07,14,26,100,24,16,50,058,48,25,75,194,23,1*4F
$GAGSV,1,1,03,10,49,143,33,12,25,141,30,16,50,058,49,5*49
$GAGSV,2,1,06,10,49,143,28,11,79,153,26,12,25,141,29,14,26,100,30,7*73
$GAGSV,2,2,06,16,50,058,46,25,75,194,31,7*73
$GAGSV,1,1,01,36,47,317,,0*46
$GBGSV,2,1,05,11,12,121,18,19,15,058,17,29,33,131,37,36,04,024,25,3*71
$GBGSV,2,2,05,39,46,358,48,3*4B
$GBGSV,3,1,09,12,17,085,21,19,15,058,26,20,13,104,19,24,15,222,17,5*7C
$GBGSV,3,2,09,26,53,256,24,29,33,131,40,31,28,271,19,36,04,024,17,5*76
$GBGSV,3,3,09,39,46,358,46,5*4F
$GBGSV,3,1,10,19,15,058,23,20,13,104,23,22,01,011,20,24,15,222,23,8*7A
$GBGSV,3,2,10,26,53,256,24,29,33,131,38,31,28,271,21,35,63,212,25,8*73
$GBGSV,3,3,10,36,04,024,14,39,46,358,47,8*79
$GNGLL,3001.74225,S,05112.74941,W,162827.00,A,D*79
$GNRMC,162828.00,A,3001.74225,S,05112.74941,W,0.024,,090926,,,F,V*15
$GNVTG,,T,,M,0.024,N,0.044,K,D*3E
$GNGGA,162828.00,3001.74225,S,05112.74941,W,5,12,1.09,48.5,M,4.8,M,2.0,0920*6B
$GNGSA,M,3,29,05,12,13,18,21,23,25,28,,,,2.07,1.09,1.76,1*09
$GNGSA,M,3,10,11,12,16,25,02,,,,,,,2.07,1.09,1.76,3*02
$GNGSA,M,3,35,39,11,19,26,29,31,,,,,,2.07,1.09,1.76,4*0C
$GPGSV,2,1,06,05,42,103,47,12,35,044,50,13,29,038,44,23,10,353,16,1*63
$GPGSV,2,2,06,25,71,031,51,31,21,243,12,1*62
$GPGSV,3,1,09,05,42,103,45,12,35,044,43,13,29,038,36,18,57,294,21,6*6A
$GPGSV,3,2,09,21,18,132,26,23,10,353,23,25,71,031,45,28,30,275,21,6*69
$GPGSV,3,3,09,29,58,179,22,6*53
$GPGSV,2,1,07,13,29,038,37,18,57,294,18,21,18,132,25,23,10,353,38,8*61
$GPGSV,2,2,07,25,71,031,53,26,13,222,15,28,30,275,25,8*51
$GPGSV,1,1,01,15,01,045,,0*50
$GAGSV,2,1,07,02,21,223,19,10,49,143,36,11,79,153,30,12,25,141,26,1*7A
$GAGSV,2,2,07,14,26,100,24,16,50,058,48,25,75,194,23,1*4F
$GAGSV,1,1,03,10,49,143,33,12,25,141,30,16,50,058,49,5*49
$GAGSV,2,1,06,10,49,143,28,11,79,153,26,12,25,141,29,14,26,100,30,7*73
$GAGSV,2,2,06,16,50,058,46,25,75,194,31,7*73
$GAGSV,1,1,01,36,47,317,,0*46
$GBGSV,2,1,05,11,12,121,18,19,15,058,17,29,33,131,37,36,04,024,24,3*70
$GBGSV,2,2,05,39,46,358,48,3*4B
$GBGSV,3,1,09,12,17,085,21,19,15,058,27,20,13,104,19,24,15,222,16,5*7C
$GBGSV,3,2,09,26,53,256,23,29,33,131,40,31,28,271,19,36,04,024,16,5*70
$GBGSV,3,3,09,39,46,358,46,5*4F
$GBGSV,3,1,10,19,15,058,23,20,13,104,23,22,01,011,19,24,15,222,23,8*70
$GBGSV,3,2,10,26,53,256,24,29,33,131,38,31,28,271,22,35,63,212,25,8*70
$GBGSV,3,3,10,36,04,024,14,39,46,358,47,8*79
$GNGLL,3001.74225,S,05112.74941,W,162828.00,A,D*76
$GNRMC,162829.00,A,3001.74224,S,05112.74939,W,0.007,,090926,,,F,V*1B
$GNVTG,,T,,M,0.007,N,0.014,K,D*3A
$GNGGA,162829.00,3001.74224,S,05112.74939,W,5,12,1.09,48.5,M,4.8,M,2.0,0920*64
$GNGSA,M,3,29,05,12,13,18,21,23,25,28,,,,2.07,1.09,1.76,1*09
$GNGSA,M,3,10,11,12,16,25,02,,,,,,,2.07,1.09,1.76,3*02
$GNGSA,M,3,35,39,11,19,26,29,31,,,,,,2.07,1.09,1.76,4*0C
$GPGSV,2,1,06,05,42,103,47,12,35,044,50,13,29,038,44,23,10,353,15,1*60
$GPGSV,2,2,06,25,71,031,51,31,21,243,10,1*60
$GPGSV,3,1,09,05,42,103,45,12,35,044,43,13,29,038,36,18,57,294,21,6*6A
$GPGSV,3,2,09,21,18,132,25,23,10,353,23,25,71,031,45,28,30,275,21,6*6A
$GPGSV,3,3,09,29,58,179,21,6*50
$GPGSV,2,1,07,13,29,038,37,18,57,294,18,21,18,132,25,23,10,353,38,8*61
$GPGSV,2,2,07,25,71,031,53,26,13,222,15,28,30,275,25,8*51
$GPGSV,1,1,01,15,01,045,,0*50
$GAGSV,2,1,07,02,21,223,19,10,49,143,36,11,79,153,30,12,25,141,26,1*7A
$GAGSV,2,2,07,14,26,100,23,16,50,058,48,25,75,194,23,1*48
$GAGSV,1,1,03,10,49,143,33,12,25,141,30,16,50,058,49,5*49
$GAGSV,2,1,06,10,49,143,28,11,79,153,26,12,25,141,29,14,26,100,30,7*73
$GAGSV,2,2,06,16,50,058,46,25,75,194,31,7*73
$GAGSV,1,1,01,36,47,317,,0*46
$GBGSV,2,1,05,11,12,121,18,19,15,058,18,29,33,131,37,36,04,024,24,3*7F
$GBGSV,2,2,05,39,46,358,48,3*4B
$GBGSV,3,1,09,12,17,085,21,19,15,058,27,20,13,104,19,24,15,222,16,5*7C
$GBGSV,3,2,09,26,53,256,23,29,33,131,40,31,28,271,19,36,04,024,16,5*70
$GBGSV,3,3,09,39,46,358,46,5*4F
$GBGSV,3,1,10,19,15,058,23,20,13,104,23,22,01,011,20,24,15,222,22,8*7B
$GBGSV,3,2,10,26,53,256,24,29,33,131,38,31,28,271,22,35,63,212,25,8*70
$GBGSV,3,3,10,36,04,024,13,39,46,358,47,8*7E
$GNGLL,3001.74224,S,05112.74939,W,162829.00,A,D*79
$GNRMC,162830.00,A,3001.74224,S,05112.74938,W,0.013,,090926,,,F,V*17
$GNVTG,,T,,M,0.013,N,0.023,K,D*3B
$GNGGA,162830.00,3001.74224,S,05112.74938,W,5,12,1.09,48.5,M,4.8,M,2.0,0920*6D
$GNGSA,M,3,29,05,12,13,18,21,23,25,28,,,,2.07,1.09,1.76,1*09
$GNGSA,M,3,10,11,12,16,25,02,,,,,,,2.07,1.09,1.76,3*02
$GNGSA,M,3,35,39,11,19,26,29,31,,,,,,2.07,1.09,1.76,4*0C
$GPGSV,2,1,06,05,42,103,47,12,35,044,50,13,29,038,44,23,10,353,15,1*60
$GPGSV,2,2,06,25,71,031,51,31,21,243,10,1*60
$GPGSV,3,1,09,05,42,103,45,12,35,044,43,13,29,038,36,18,57,294,20,6*6B
$GPGSV,3,2,09,21,18,132,25,23,10,353,23,25,71,031,45,28,30,275,20,6*6B
$GPGSV,3,3,09,29,58,179,21,6*50
$GPGSV,2,1,07,13,29,038,37,18,57,294,18,21,18,132,25,23,10,353,38,8*61
$GPGSV,2,2,07,25,71,031,53,26,13,222,16,28,30,275,24,8*53
$GPGSV,1,1,01,15,01,045,,0*50
$GAGSV,2,1,07,02,21,223,19,10,49,143,36,11,79,153,30,12,25,141,26,1*7A
$GAGSV,2,2,07,14,26,100,22,16,50,058,48,25,75,194,23,1*49
$GAGSV,1,1,03,10,49,143,33,12,25,141,30,16,50,058,49,5*49
$GAGSV,2,1,06,10,49,143,28,11,79,153,25,12,25,141,29,14,26,100,30,7*70
$GAGSV,2,2,06,16,50,058,46,25,75,194,31,7*73
$GAGSV,1,1,01,36,47,317,,0*46
$GBGSV,2,1,05,11,12,121,18,19,15,058,17,29,33,131,37,36,04,024,24,3*70
$GBGSV,2,2,05,39,46,358,48,3*4B
$GBGSV,3,1,10,11,12,121,13,12,17,085,21,19,15,058,26,20,13,104,18,5*70
$GBGSV,3,2,10,24,15,222,17,26,53,256,23,29,33,131,40,31,28,271,19,5*7E
$GBGSV,3,3,10,36,04,024,15,39,46,358,46,5*74
$GBGSV,3,1,10,19,15,058,24,20,13,104,23,22,01,011,20,24,15,222,23,8*7D
$GBGSV,3,2,10,26,53,256,24,29,33,131,38,31,28,271,22,35,63,212,24,8*71
$GBGSV,3,3,10,36,04,024,13,39,46,358,47,8*7E
$GNGLL,3001.74224,S,05112.74938,W,162830.00,A,D*70
$GNRMC,162831.00,A,3001.74224,S,05112.74938,W,0.005,,090926,,,F,V*11
$GNVTG,,T,,M,0.005,N,0.010,K,D*3C
$GNGGA,162831.00,3001.74224,S,05112.74938,W,5,12,1.09,48.5,M,4.8,M,2.0,0920*6C
$GNGSA,M,3,29,05,12,13,18,21,23,25,28,,,,2.07,1.09,1.76,1*09
$GNGSA,M,3,10,11,12,16,25,02,,,,,,,2.07,1.09,1.76,3*02
$GNGSA,M,3,35,39,11,19,26,29,31,,,,,,2.07,1.09,1.76,4*0C
$GPGSV,2,1,06,05,42,103,47,12,35,044,50,13,29,038,44,23,10,353,16,1*63
$GPGSV,2,2,06,25,71,031,51,31,21,243,07,1*66
$GPGSV,3,1,09,05,42,103,45,12,35,044,43,13,29,038,36,18,57,294,20,6*6B
$GPGSV,3,2,09,21,18,132,25,23,10,353,24,25,71,031,45,28,30,275,19,6*66
$GPGSV,3,3,09,29,58,179,21,6*50
$GPGSV,2,1,07,13,29,038,37,18,57,294,18,21,18,132,25,23,10,353,38,8*61
$GPGSV,2,2,07,25,71,031,53,26,13,222,15,28,30,275,24,8*50
$GPGSV,1,1,01,15,01,045,,0*50
$GAGSV,2,1,07,02,21,223,19,10,49,143,36,11,79,153,30,12,25,141,26,1*7A
$GAGSV,2,2,07,14,26,100,21,16,50,058,48,25,75,194,23,1*4A
$GAGSV,1,1,03,10,49,143,33,12,25,141,30,16,50,058,49,5*49
$GAGSV,2,1,06,10,49,143,28,11,79,153,26,12,25,141,29,14,26,100,30,7*73
$GAGSV,2,2,06,16,50,058,46,25,75,194,31,7*73
$GAGSV,1,1,01,36,47,317,,0*46
$GBGSV,2,1,05,11,12,121,19,19,15,058,18,29,33,131,37,36,04,024,24,3*7E
$GBGSV,2,2,05,39,46,358,48,3*4B
$GBGSV,3,1,10,11,12,121,12,12,17,085,20,19,15,058,26,20,13,104,19,5*71
$GBGSV,3,2,10,24,15,222,18,26,53,256,24,29,33,131,40,31,28,271,20,5*7C
$GBGSV,3,3,10,36,04,024,16,39,46,358,46,5*77
$GBGSV,3,1,10,19,15,058,25,20,13,104,22,22,01,011,20,24,15,222,22,8*7C
$GBGSV,3,2,10,26,53,256,25,29,33,131,38,31,28,271,23,35,63,210,24,8*73
$GBGSV,3,3,10,36,04,024,13,39,46,358,47,8*7E
$GNGLL,3001.74224,S,05112.74938,W,162831.00,A,D*71
$GNRMC,162832.00,A,3001.74224,S,05112.74938,W,0.010,,090926,,,F,V*16
$GNVTG,,T,,M,0.010,N,0.019,K,D*31
$GNGGA,162832.00,3001.74224,S,05112.74938,W,5,12,1.09,48.5,M,4.8,M,2.0,0920*6F
$GNGSA,M,3,29,05,12,13,18,21,23,25,28,,,,2.07,1.09,1.76,1*09
$GNGSA,M,3,10,11,12,16,25,02,,,,,,,2.07,1.09,1.76,3*02
$GNGSA,M,3,35,39,11,19,26,29,31,,,,,,2.07,1.09,1.76,4*0C
$GPGSV,2,1,06,05,42,103,47,12,35,044,50,13,29,038,44,23,10,353,15,1*60
$GPGSV,2,2,06,25,71,031,51,31,21,243,12,1*62
$GPGSV,3,1,09,05,42,103,45,12,35,044,43,13,29,038,36,18,57,294,19,6*61
$GPGSV,3,2,09,21,18,132,24,23,10,353,25,25,71,031,45,28,30,275,19,6*66
$GPGSV,3,3,09,29,58,179,20,6*51
$GPGSV,2,1,07,13,29,038,37,18,57,294,18,21,18,132,25,23,10,353,38,8*61
$GPGSV,2,2,07,25,71,031,53,26,13,222,15,28,30,275,24,8*50
$GPGSV,1,1,01,15,01,045,,0*50
$GAGSV,2,1,07,02,21,223,19,10,49,143,36,11,79,153,30,12,25,141,26,1*7A
$GAGSV,2,2,07,14,26,100,21,16,50,058,48,25,75,194,23,1*4A
$GAGSV,1,1,03,10,49,143,33,12,25,141,30,16,50,058,49,5*49
$GAGSV,2,1,06,10,49,143,28,11,79,153,26,12,25,141,29,14,26,100,29,7*7B
$GAGSV,2,2,06,16,50,058,46,25,75,194,31,7*73
$GAGSV,1,1,01,36,47,317,,0*46
$GBGSV,2,1,05,11,12,121,17,19,15,058,18,29,33,131,37,36,03,024,24,3*77
$GBGSV,2,2,05,39,46,358,48,3*4B
$GBGSV,3,1,10,11,12,121,13,12,17,085,20,19,15,058,26,20,13,104,19,5*70
$GBGSV,3,2,10,24,15,222,18,26,53,256,23,29,33,131,40,31,28,271,20,5*7B
$GBGSV,3,3,10,36,03,024,15,39,46,358,46,5*73
$GBGSV,3,1,10,19,15,058,25,20,13,104,23,22,01,011,20,24,15,222,22,8*7D
$GBGSV,3,2,10,26,53,256,25,29,33,131,38,31,28,271,22,35,63,210,24,8*72
$GBGSV,3,3,10,36,03,024,13,39,46,358,47,8*79
$GNGLL,3001.74224,S,05112.74938,W,162832.00,A,D*72
$GNRMC,162833.00,A,3001.74224,S,05112.74938,W,0.006,,090926,,,F,V*10
$GNVTG,,T,,M,0.006,N,0.011,K,D*3E
$GNGGA,162833.00,3001.74224,S,05112.74938,W,5,12,1.09,48.5,M,4.8,M,2.0,0920*6E
$GNGSA,M,3,29,05,12,13,18,21,23,25,28,,,,2.07,1.09,1.76,1*09
$GNGSA,M,3,10,11,12,16,25,02,,,,,,,2.07,1.09,1.76,3*02
$GNGSA,M,3,35,39,11,19,26,29,31,,,,,,2.07,1.09,1.76,4*0C
$GPGSV,2,1,06,05,42,103,47,12,35,044,50,13,29,038,44,23,10,353,16,1*63
$GPGSV,2,2,06,25,71,031,51,31,21,243,12,1*62
$GPGSV,3,1,09,05,42,103,45,12,35,044,43,13,29,038,36,18,57,294,19,6*61
$GPGSV,3,2,09,21,18,132,23,23,10,353,24,25,71,031,45,28,30,275,19,6*60
$GPGSV,3,3,09,29,58,179,20,6*51
$GPGSV,2,1,07,13,29,038,37,18,57,294,18,21,18,132,25,23,10,353,38,8*61
$GPGSV,2,2,07,25,71,031,53,26,13,222,15,28,30,275,24,8*50
$GPGSV,1,1,01,15,01,045,,0*50
$GAGSV,2,1,07,02,21,223,19,10,49,143,36,11,79,153,30,12,25,141,26,1*7A
$GAGSV,2,2,07,14,26,100,21,16,50,058,48,25,75,194,23,1*4A
$GAGSV,1,1,03,10,49,143,33,12,25,141,30,16,50,058,49,5*49
$GAGSV,2,1,07,02,21,223,26,10,49,143,28,11,79,153,25,12,25,141,29,7*74
$GAGSV,2,2,07,14,26,100,29,16,50,058,46,25,75,194,31,7*49
$GAGSV,1,1,01,36,47,317,,0*46
$GBGSV,2,1,05,11,12,121,18,19,15,058,18,29,33,131,37,36,03,024,24,3*78
$GBGSV,2,2,05,39,46,358,48,3*4B
$GBGSV,3,1,10,11,12,121,13,12,17,085,20,19,15,058,27,20,13,104,19,5*71
$GBGSV,3,2,10,24,15,222,17,26,53,256,23,29,33,131,40,31,28,271,20,5*74
$GBGSV,3,3,10,36,03,024,15,39,46,358,46,5*73
$GBGSV,3,1,10,19,15,058,25,20,13,104,22,22,01,011,19,24,15,222,21,8*75
$GBGSV,3,2,10,26,53,256,25,29,33,131,38,31,28,271,22,35,63,210,24,8*72
$GBGSV,3,3,10,36,03,024,13,39,46,358,47,8*79
$GNGLL,3001.74224,S,05112.74938,W,162833.00,A,D*73
$GNRMC,162834.00,A,3001.74224,S,05112.74938,W,0.017,,090926,,,F,V*17
$GNVTG,,T,,M,0.017,N,0.031,K,D*3C
$GNGGA,162834.00,3001.74224,S,05112.74938,W,5,12,1.09,48.5,M,4.8,M,2.0,0920*69
$GNGSA,M,3,29,05,12,13,18,21,23,25,28,,,,2.07,1.09,1.76,1*09
$GNGSA,M,3,10,11,12,16,25,02,,,,,,,2.07,1.09,1.76,3*02
$GNGSA,M,3,35,39,11,19,26,29,31,,,,,,2.07,1.09,1.76,4*0C
$GPGSV,2,1,06,05,42,103,47,12,35,044,50,13,29,038,44,23,10,353,17,1*62
$GPGSV,2,2,06,25,71,031,51,31,21,243,12,1*62
$GPGSV,3,1,09,05,42,103,45,12,35,044,43,13,29,038,36,18,57,294,19,6*61
$GPGSV,3,2,09,21,18,132,24,23,10,353,25,25,71,031,45,28,30,275,19,6*66
$GPGSV,3,3,09,29,58,179,20,6*51
$GPGSV,2,1,07,13,29,038,37,18,57,294,19,21,18,132,25,23,10,353,38,8*60
$GPGSV,2,2,07,25,71,031,53,26,13,222,15,28,30,275,24,8*50
$GPGSV,1,1,01,15,01,045,,0*50
$GAGSV,2,1,07,02,21,223,19,10,49,143,36,11,79,153,30,12,25,141,26,1*7A
$GAGSV,2,2,07,14,26,100,21,16,50,058,48,25,75,194,23,1*4A
$GAGSV,1,1,03,10,49,143,33,12,25,141,30,16,50,058,49,5*49
$GAGSV,2,1,07,02,21,223,24,10,49,143,28,11,79,153,26,12,25,141,29,7*75
$GAGSV,2,2,07,14,26,100,29,16,50,058,46,25,75,194,31,7*49
$GAGSV,1,1,01,36,47,317,,0*46
$GBGSV,2,1,06,11,12,121,17,19,15,058,18,24,15,222,22,29,33,131,37,3*72
$GBGSV,2,2,06,36,03,024,23,39,46,358,48,3*79
$GBGSV,3,1,10,11,12,121,12,12,17,085,20,19,15,058,27,20,13,104,19,5*70
$GBGSV,3,2,10,24,15,222,16,26,53,256,23,29,33,131,40,31,28,271,20,5*75
$GBGSV,3,3,10,36,03,024,15,39,46,358,46,5*73
$GBGSV,3,1,10,19,15,058,24,20,13,104,22,22,01,011,20,24,15,222,21,8*7E
$GBGSV,3,2,10,26,53,256,24,29,33,131,38,31,28,271,23,35,63,210,23,8*75
$GBGSV,3,3,10,36,03,024,13,39,46,358,47,8*79
$GNGLL,3001.74224,S,05112.74938,W,162834.00,A,D*74
$GNRMC,162835.00,A,3001.74224,S,05112.74938,W,0.037,,090926,,,F,V*14
$GNVTG,,T,,M,0.037,N,0.069,K,D*33
$GNGGA,162835.00,3001.74224,S,05112.74938,W,5,12,0.95,48.5,M,4.8,M,2.0,0920*6C
$GNGSA,M,3,29,05,12,13,18,21,23,25,28,,,,1.89,0.95,1.64,1*0B
$GNGSA,M,3,10,11,12,16,25,36,02,,,,,,1.89,0.95,1.64,3*05
$GNGSA,M,3,35,39,11,19,26,29,31,,,,,,1.89,0.95,1.64,4*0E
$GPGSV,2,1,06,05,42,103,47,12,35,044,50,13,29,038,44,23,10,353,17,1*62
$GPGSV,2,2,06,25,71,031,51,31,21,243,06,1*67
$GPGSV,3,1,09,05,42,103,45,12,35,044,43,13,29,038,36,18,57,294,19,6*61
$GPGSV,3,2,09,21,18,132,23,23,10,353,24,25,71,031,45,28,30,275,20,6*6A
$GPGSV,3,3,09,29,58,179,20,6*51
$GPGSV,2,1,07,13,29,038,37,18,57,294,19,21,18,132,25,23,10,353,38,8*60
$GPGSV,2,2,07,25,71,031,53,26,13,222,14,28,30,275,23,8*56
$GPGSV,1,1,01,15,01,045,,0*50
$GAGSV,2,1,07,02,21,223,20,10,49,143,36,11,79,153,30,12,25,141,26,1*70
$GAGSV,2,2,07,14,26,100,21,16,50,058,48,25,75,194,23,1*4A
$GAGSV,1,1,03,10,49,143,33,12,25,141,29,16,50,058,49,5*41
$GAGSV,2,1,08,02,21,223,22,10,49,143,28,11,79,153,25,12,25,141,29,7*7F
$GAGSV,2,2,08,14,26,100,28,16,50,058,46,25,75,194,31,36,47,317,25,7*73
$GBGSV,2,1,06,11,12,121,18,19,15,058,18,24,15,222,22,29,33,131,37,3*7D
$GBGSV,2,2,06,36,03,024,23,39,46,358,48,3*79
$GBGSV,3,1,10,11,12,121,11,12,17,085,20,19,15,058,27,20,13,104,19,5*73
$GBGSV,3,2,10,24,15,222,17,26,53,256,23,29,33,131,40,31,28,271,20,5*74
$GBGSV,3,3,10,36,03,024,15,39,46,358,46,5*73
$GBGSV,3,1,10,19,15,058,24,20,13,104,21,22,01,011,19,24,15,222,20,8*76
$GBGSV,3,2,10,26,53,256,24,29,33,131,38,31,28,271,23,35,63,210,23,8*75
$GBGSV,3,3,10,36,03,024,11,39,46,358,47,8*7B
$GNGLL,3001.74224,S,05112.74938,W,162835.00,A,D*75
$GNRMC,162836.00,A,3001.74224,S,05112.74938,W,0.015,,090926,,,F,V*17
$GNVTG,,T,,M,0.015,N,0.027,K,D*39
$GNGGA,162836.00,3001.74224,S,05112.74938,W,5,12,0.95,48.5,M,4.8,M,2.0,0920*6F
$GNGSA,M,3,29,05,12,13,18,21,23,25,28,,,,1.89,0.95,1.64,1*0B
$GNGSA,M,3,10,11,12,16,25,36,02,,,,,,1.89,0.95,1.64,3*05
$GNGSA,M,3,35,39,11,19,26,29,31,,,,,,1.89,0.95,1.64,4*0E
$GPGSV,2,1,06,05,42,103,47,12,35,044,50,13,29,038,44,23,10,353,18,1*6D
$GPGSV,2,2,06,25,71,031,51,31,21,243,06,1*67
$GPGSV,3,1,09,05,42,103,45,12,35,044,42,13,29,038,36,18,57,294,18,6*61
$GPGSV,3,2,09,21,18,132,23,23,10,353,24,25,71,031,45,28,30,275,20,6*6A
$GPGSV,3,3,09,29,58,179,21,6*50
$GPGSV,2,1,07,13,29,038,37,18,57,294,18,21,18,132,25,23,10,353,38,8*61
$GPGSV,2,2,07,25,71,031,53,26,13,222,13,28,30,275,23,8*51
$GPGSV,1,1,01,15,01,045,,0*50
$GAGSV,2,1,07,02,21,223,20,10,49,143,36,11,79,153,30,12,25,141,26,1*70
$GAGSV,2,2,07,14,26,100,21,16,50,058,48,25,75,194,23,1*4A
$GAGSV,1,1,03,10,49,143,33,12,25,141,30,16,50,058,49,5*49
$GAGSV,2,1,08,02,21,223,22,10,49,143,28,11,79,153,25,12,25,141,29,7*7F
$GAGSV,2,2,08,14,26,100,28,16,50,058,46,25,75,194,31,36,47,317,24,7*72
$GBGSV,2,1,06,11,12,121,18,19,15,058,19,24,15,222,22,29,33,131,37,3*7C
$GBGSV,2,2,06,36,03,024,24,39,46,358,48,3*7E
$GBGSV,3,1,10,11,12,121,11,12,17,085,20,19,15,058,27,20,13,104,20,5*79
$GBGSV,3,2,10,24,15,222,16,26,53,256,23,29,33,131,40,31,28,271,20,5*75
$GBGSV,3,3,10,36,03,024,14,39,46,358,46,5*72
$GBGSV,3,1,10,19,15,058,24,20,13,104,21,22,01,011,19,24,15,222,20,8*76
$GBGSV,3,2,10,26,53,256,23,29,33,131,38,31,28,271,23,35,63,210,23,8*72
$GBGSV,3,3,10,36,03,024,11,39,46,358,47,8*7B
$GNGLL,3001.74224,S,05112.74938,W,162836.00,A,D*76
$GNRMC,162837.00,A,3001.74224,S,05112.74938,W,0.004,,090926,,,F,V*16
$GNVTG,,T,,M,0.004,N,0.008,K,D*34
$GNGGA,162837.00,3001.74224,S,05112.74938,W,5,12,1.09,48.5,M,4.8,M,2.0,0920*6A
$GNGSA,M,3,29,05,12,13,18,21,23,25,28,,,,2.07,1.09,1.76,1*09
$GNGSA,M,3,10,11,12,16,25,36,02,,,,,,2.07,1.09,1.76,3*07
$GNGSA,M,3,35,39,11,19,26,29,31,,,,,,2.07,1.09,1.76,4*0C
$GPGSV,2,1,06,05,42,103,47,12,35,044,50,13,29,038,44,23,10,353,17,1*62
$GPGSV,2,2,06,25,71,031,51,31,21,243,08,1*69
$GPGSV,3,1,09,05,42,103,45,12,35,044,42,13,29,038,36,18,57,294,17,6*6E
$GPGSV,3,2,09,21,18,132,23,23,10,353,24,25,71,031,45,28,30,275,20,6*6A
$GPGSV,3,3,09,29,58,179,20,6*51
$GPGSV,2,1,07,13,29,038,37,18,57,294,17,21,18,132,25,23,10,353,38,8*6E
$GPGSV,2,2,07,25,71,031,53,26,13,222,14,28,30,275,23,8*56
$GPGSV,1,1,01,15,01,045,,0*50
$GAGSV,2,1,07,02,21,223,19,10,49,143,36,11,79,153,30,12,25,141,26,1*7A
$GAGSV,2,2,07,14,26,100,21,16,50,058,48,25,75,194,23,1*4A
$GAGSV,1,1,03,10,49,143,33,12,25,141,30,16,50,058,49,5*49
$GAGSV,2,1,08,02,21,223,22,10,49,143,28,11,79,153,25,12,25,141,29,7*7F
$GAGSV,2,2,08,14,26,100,28,16,50,058,46,25,75,194,31,36,47,317,23,7*75
$GBGSV,2,1,06,11,12,121,18,19,15,058,19,24,15,222,22,29,33,131,37,3*7C
$GBGSV,2,2,06,36,03,024,24,39,46,358,48,3*7E
$GBGSV,3,1,10,11,12,121,13,12,17,085,20,19,15,058,27,20,13,104,20,5*7B
$GBGSV,3,2,10,24,15,222,15,26,53,256,23,29,33,131,41,31,28,271,20,5*77
$GBGSV,3,3,10,36,03,024,15,39,46,358,46,5*73
$GBGSV,3,1,10,19,15,058,23,20,13,104,21,22,01,011,18,24,15,222,19,8*7A
$GBGSV,3,2,10,26,53,256,23,29,33,131,38,31,28,271,23,35,63,210,23,8*72
$GBGSV,3,3,10,36,03,024,12,39,46,358,47,8*78
$GNGLL,3001.74224,S,05112.74938,W,162837.00,A,D*77
$GNRMC,162838.00,A,3001.74224,S,05112.74937,W,0.003,,090926,,,F,V*11
$GNVTG,,T,,M,0.003,N,0.005,K,D*3E
$GNGGA,162838.00,3001.74224,S,05112.74937,W,5,12,1.09,48.5,M,4.8,M,2.0,0920*6A
$GNGSA,M,3,29,05,12,13,18,21,23,25,28,,,,2.07,1.09,1.76,1*09
$GNGSA,M,3,10,11,12,16,25,36,02,,,,,,2.07,1.09,1.76,3*07
$GNGSA,M,3,35,39,11,19,26,29,31,,,,,,2.07,1.09,1.76,4*0C
$GPGSV,2,1,06,05,42,103,47,12,35,044,50,13,29,038,44,23,10,353,17,1*62
$GPGSV,2,2,06,25,71,031,51,31,21,243,10,1*60
$GPGSV,3,1,09,05,42,103,45,12,35,044,42,13,29,038,36,18,57,294,16,6*6F
$GPGSV,3,2,09,21,18,132,22,23,10,353,25,25,71,031,45,28,30,275,20,6*6A
$GPGSV,3,3,09,29,58,179,20,6*51
$GPGSV,2,1,07,13,29,038,37,18,57,294,18,21,18,132,26,23,10,353,38,8*62
$GPGSV,2,2,07,25,71,031,53,26,13,222,15,28,30,275,22,8*56
$GPGSV,1,1,01,15,01,045,,0*50
$GAGSV,2,1,07,02,21,223,19,10,49,143,36,11,79,153,30,12,25,141,26,1*7A
$GAGSV,2,2,07,14,26,100,21,16,50,058,48,25,75,194,23,1*4A
$GAGSV,1,1,03,10,49,143,33,12,25,141,30,16,50,058,49,5*49
$GAGSV,2,1,08,02,21,223,23,10,49,143,28,11,79,153,25,12,25,141,29,7*7E
$GAGSV,2,2,08,14,26,100,28,16,50,058,46,25,75,194,31,36,47,317,22,7*74
$GBGSV,2,1,06,11,12,121,17,19,15,058,18,24,15,222,22,29,33,131,37,3*72
$GBGSV,2,2,06,36,03,024,24,39,46,358,48,3*7E
$GBGSV,3,1,10,11,12,121,12,12,17,085,20,19,15,058,27,20,13,104,19,5*70
$GBGSV,3,2,10,24,15,222,16,26,53,256,23,29,33,131,40,31,28,271,20,5*75
$GBGSV,3,3,10,36,03,024,16,39,46,358,46,5*70
$GBGSV,3,1,10,19,15,058,23,20,13,104,20,22,01,011,18,24,15,222,19,8*7B
$GBGSV,3,2,10,26,53,256,23,29,33,131,38,31,28,271,23,35,63,210,23,8*72
$GBGSV,3,3,10,36,03,024,13,39,46,358,47,8*79
$GNGLL,3001.74224,S,05112.74937,W,162838.00,A,D*77
$GNRMC,162839.00,A,3001.74224,S,05112.74937,W,0.002,,090926,,,F,V*11
$GNVTG,,T,,M,0.002,N,0.004,K,D*3E
$GNGGA,162839.00,3001.74224,S,05112.74937,W,5,12,1.09,48.5,M,4.8,M,2.0,0920*6B
$GNGSA,M,3,29,05,12,13,18,21,23,25,28,,,,2.07,1.09,1.76,1*09
$GNGSA,M,3,10,11,12,16,25,36,02,,,,,,2.07,1.09,1.76,3*07
$GNGSA,M,3,35,39,11,19,26,29,31,,,,,,2.07,1.09,1.76,4*0C
$GPGSV,2,1,05,05,42,103,47,12,35,044,50,13,29,038,44,23,10,353,15,1*63
$GPGSV,2,2,05,25,71,031,51,1*56
$GPGSV,3,1,09,05,42,103,45,12,35,044,42,13,29,038,36,18,57,294,15,6*6C
$GPGSV,3,2,09,21,18,132,22,23,10,353,25,25,71,031,45,28,30,275,20,6*6A
$GPGSV,3,3,09,29,58,179,19,6*5B
$GPGSV,2,1,07,13,29,038,37,18,57,294,18,21,18,132,25,23,10,353,38,8*61
$GPGSV,2,2,07,25,71,031,53,26,13,222,15,28,30,275,22,8*56
$GPGSV,1,1,02,15,01,045,,31,21,243,,0*67
$GAGSV,2,1,07,02,21,223,19,10,49,143,36,11,79,153,29,12,25,141,26,1*72
$GAGSV,2,2,07,14,26,100,21,16,50,058,48,25,75,194,23,1*4A
$GAGSV,1,1,03,10,49,143,33,12,25,141,30,16,50,058,49,5*49
$GAGSV,2,1,08,02,21,223,22,10,49,143,28,11,79,153,25,12,25,141,29,7*7F
$GAGSV,2,2,08,14,26,100,27,16,50,058,46,25,75,194,30,36,47,317,22,7*7A
$GBGSV,2,1,06,11,12,121,16,19,15,058,17,24,15,222,22,29,33,131,37,3*7C
$GBGSV,2,2,06,36,03,024,24,39,46,358,48,3*7E
$GBGSV,3,1,10,11,12,121,12,12,17,085,20,19,15,058,27,20,13,104,19,5*70
$GBGSV,3,2,10,24,15,222,16,26,53,256,23,29,33,131,41,31,28,271,20,5*74
$GBGSV,3,3,10,36,03,024,16,39,46,358,46,5*70
$GBGSV,3,1,10,19,15,058,23,20,13,104,20,22,01,011,18,24,15,222,19,8*7B
$GBGSV,3,2,10,26,53,256,23,29,33,131,38,31,28,271,23,35,63,210,22,8*73
$GBGSV,3,3,10,36,03,024,14,39,46,358,47,8*7E
$GNGLL,3001.74224,S,05112.74937,W,162839.00,A,D*76
$GNRMC,162840.00,A,3001.74224,S,05112.74936,W,0.007,,090926,,,F,V*1B
$GNVTG,,T,,M,0.007,N,0.014,K,D*3A
$GNGGA,162840.00,3001.74224,S,05112.74936,W,5,12,1.09,48.5,M,4.8,M,2.0,0920*64
$GNGSA,M,3,29,05,12,13,18,21,23,25,28,,,,2.07,1.09,1.76,1*09
$GNGSA,M,3,10,11,12,16,25,36,02,,,,,,2.07,1.09,1.76,3*07
$GNGSA,M,3,35,39,11,19,26,29,31,,,,,,2.07,1.09,1.76,4*0C
$GPGSV,2,1,05,05,42,103,47,12,35,044,50,13,29,038,44,23,10,353,16,1*60
$GPGSV,2,2,05,25,71,031,51,1*56
$GPGSV,1,1,01,31,21,243,15,5*51
$GPGSV,3,1,09,05,42,103,45,12,35,044,42,13,29,038,36,18,57,294,16,6*6F
$GPGSV,3,2,09,21,18,132,22,23,10,353,25,25,71,031,45,28,30,275,21,6*6B
$GPGSV,3,3,09,29,58,179,19,6*5B
$GPGSV,2,1,07,13,29,038,37,18,57,294,19,21,18,132,25,23,10,353,38,8*60
$GPGSV,2,2,07,25,71,031,53,26,13,222,15,28,30,275,22,8*56
$GPGSV,1,1,01,15,01,045,,0*50
$GAGSV,2,1,08,02,21,223,19,10,49,143,36,11,79,153,30,12,25,141,26,1*75
$GAGSV,2,2,08,14,26,100,21,16,50,058,48,25,75,194,23,36,47,317,15,1*72
$GAGSV,1,1,03,10,49,143,33,12,25,141,30,16,50,058,49,5*49
$GAGSV,2,1,08,02,21,223,22,10,49,143,28,11,79,153,25,12,25,141,29,7*7F
$GAGSV,2,2,08,14,26,100,27,16,50,058,46,25,75,194,30,36,47,317,22,7*7A
$GBGSV,2,1,06,11,12,121,16,19,15,058,17,24,15,222,22,29,33,131,37,3*7C
$GBGSV,2,2,06,36,03,024,25,39,46,358,48,3*7F
$GBGSV,3,1,10,11,12,121,13,12,17,085,19,19,15,058,27,20,13,104,20,5*71
$GBGSV,3,2,10,24,15,222,16,26,53,256,23,29,33,131,41,31,28,271,20,5*74
$GBGSV,3,3,10,36,03,024,15,39,46,358,46,5*73
$GBGSV,3,1,10,19,15,058,23,20,13,104,20,22,01,011,19,24,15,222,18,8*7B
$GBGSV,3,2,10,26,53,256,23,29,33,131,38,31,28,271,23,35,63,210,22,8*73
$GBGSV,3,3,10,36,03,024,13,39,46,358,47,8*79
$GNGLL,3001.74224,S,05112.74936,W,162840.00,A,D*79
$GNRMC,162841.00,A,3001.74224,S,05112.74938,W,0.023,,090926,,,F,V*12
$GNVTG,,T,,M,0.023,N,0.043,K,D*3E
$GNGGA,162841.00,3001.74224,S,05112.74938,W,5,12,1.09,48.5,M,4.8,M,2.0,0920*6B
$GNGSA,M,3,29,05,12,13,18,21,23,25,28,,,,2.07,1.09,1.76,1*09
$GNGSA,M,3,10,11,12,16,25,36,02,,,,,,2.07,1.09,1.76,3*07
$GNGSA,M,3,35,39,11,19,26,29,31,,,,,,2.07,1.09,1.76,4*0C
$GPGSV,2,1,05,05,42,103,47,12,35,044,50,13,29,038,44,23,10,353,16,1*60
$GPGSV,2,2,05,25,71,031,51,1*56
$GPGSV,3,1,10,05,42,103,45,12,35,044,42,13,29,038,36,18,57,294,15,6*64
$GPGSV,3,2,10,21,18,132,21,23,10,353,25,25,71,031,45,28,30,275,21,6*60
$GPGSV,3,3,10,29,58,179,18,31,21,243,14,6*63
$GPGSV,2,1,07,13,29,038,37,18,57,294,19,21,18,132,25,23,10,353,38,8*60
$GPGSV,2,2,07,25,71,031,53,26,13,222,15,28,30,275,22,8*56
$GPGSV,1,1,01,15,01,045,,0*50
$GAGSV,2,1,08,02,21,223,19,10,49,143,36,11,79,153,30,12,25,141,26,1*75
$GAGSV,2,2,08,14,26,100,21,16,50,058,48,25,75,194,23,36,47,317,14,1*73
$GAGSV,1,1,03,10,49,143,33,12,25,141,30,16,50,058,49,5*49
$GAGSV,2,1,08,02,21,223,22,10,49,143,28,11,79,153,25,12,25,141,29,7*7F
$GAGSV,2,2,08,14,26,100,26,16,50,058,46,25,75,194,30,36,47,317,22,7*7B
$GBGSV,2,1,06,11,12,121,15,19,15,058,17,24,15,222,22,29,33,131,36,3*7E
$GBGSV,2,2,06,36,03,024,24,39,46,358,48,3*7E
$GBGSV,3,1,10,11,12,121,12,12,17,085,19,19,15,058,27,20,13,104,20,5*70
$GBGSV,3,2,10,24,15,222,17,26,53,256,23,29,33,131,41,31,28,271,20,5*75
$GBGSV,3,3,10,36,03,024,14,39,46,358,46,5*72
$GBGSV,3,1,10,19,15,058,23,20,13,104,18,22,01,011,19,24,15,222,18,8*70
$GBGSV,3,2,10,26,53,256,22,29,33,131,38,31,28,271,23,35,63,210,22,8*72
$GBGSV,3,3,10,36,03,024,14,39,46,358,47,8*7E
$GNGLL,3001.74224,S,05112.74938,W,162841.00,A,D*76
$GNRMC,162842.00,A,3001.74225,S,05112.74939,W,0.039,,090926,,,F,V*1A
$GNVTG,,T,,M,0.039,N,0.072,K,D*37
$GNGGA,162842.00,3001.74225,S,05112.74939,W,5,12,1.09,48.5,M,4.8,M,2.0,0920*68
$GNGSA,M,3,29,05,12,13,21,23,25,28,,,,,2.07,1.09,1.76,1*00
$GNGSA,M,3,10,11,12,16,25,36,02,,,,,,2.07,1.09,1.76,3*07
$GNGSA,M,3,35,39,19,26,29,,,,,,,,2.07,1.09,1.76,4*0E
$GPGSV,2,1,05,05,42,103,47,12,35,044,50,13,29,038,44,23,10,353,15,1*63
$GPGSV,2,2,05,25,71,031,51,1*56
$GPGSV,3,1,10,05,42,103,45,12,35,044,42,13,29,038,36,18,57,294,14,6*65
$GPGSV,3,2,10,21,18,132,22,23,10,353,26,25,71,031,45,28,30,275,21,6*60
$GPGSV,3,3,10,29,58,179,19,31,21,243,12,6*64
$GPGSV,2,1,07,13,29,038,37,18,57,294,19,21,18,132,25,23,10,353,38,8*60
$GPGSV,2,2,07,25,71,031,53,26,13,222,14,28,30,275,21,8*54
$GPGSV,1,1,01,15,01,045,,0*50
$GAGSV,2,1,08,02,21,223,19,10,49,143,36,11,79,153,30,12,25,141,26,1*75
$GAGSV,2,2,08,14,26,100,21,16,50,058,48,25,75,194,23,36,47,317,13,1*74
$GAGSV,1,1,03,10,49,143,33,12,25,141,30,16,50,058,49,5*49
$GAGSV,2,1,08,02,21,223,22,10,49,143,28,11,79,153,25,12,25,141,29,7*7F
$GAGSV,2,2,08,14,26,100,25,16,50,058,46,25,75,194,31,36,47,317,22,7*79
$GBGSV,2,1,06,11,12,121,13,19,15,058,17,24,15,222,21,29,33,131,37,3*7A
$GBGSV,2,2,06,36,03,024,24,39,46,358,48,3*7E
$GBGSV,3,1,10,11,12,121,11,12,17,085,19,19,15,058,27,20,13,104,20,5*73
$GBGSV,3,2,10,24,15,222,17,26,53,256,22,29,33,131,41,31,28,271,20,5*74
$GBGSV,3,3,10,36,03,024,14,39,46,358,46,5*72
$GBGSV,3,1,10,19,15,058,23,20,13,104,18,22,01,011,19,24,15,222,18,8*70
$GBGSV,3,2,10,26,53,256,22,29,33,131,38,31,28,271,22,35,63,210,22,8*73
$GBGSV,3,3,10,36,03,024,14,39,46,358,47,8*7E
$GNGLL,3001.74225,S,05112.74939,W,162842.00,A,D*75
$GNRMC,162843.00,A,3001.74224,S,05112.74938,W,0.029,,090926,,,F,V*1A
$GNVTG,,T,,M,0.029,N,0.054,K,D*32
$GNGGA,162843.00,3001.74224,S,05112.74938,W,5,12,1.09,48.5,M,4.8,M,2.0,0920*69
$GNGSA,M,3,29,05,12,13,21,23,25,28,,,,,2.07,1.09,1.76,1*00
$GNGSA,M,3,10,11,12,16,25,36,02,,,,,,2.07,1.09,1.76,3*07
$GNGSA,M,3,35,39,19,26,29,31,,,,,,,2.07,1.09,1.76,4*0C
$GPGSV,2,1,05,05,42,103,47,12,35,044,50,13,29,038,44,23,10,353,14,1*62
$GPGSV,2,2,05,25,71,031,52,1*55
$GPGSV,3,1,09,05,42,103,45,12,35,044,43,13,29,038,36,21,18,132,22,6*67
$GPGSV,3,2,09,23,10,353,25,25,71,031,45,28,30,275,21,29,58,179,17,6*6E
$GPGSV,3,3,09,31,21,243,13,6*5C
$GPGSV,2,1,07,13,29,038,37,18,57,294,19,21,18,132,25,23,10,353,38,8*60
$GPGSV,2,2,07,25,71,031,53,26,13,222,13,28,30,275,21,8*53
$GPGSV,1,1,01,15,01,045,,0*50
$GAGSV,2,1,08,02,21,223,18,10,49,143,36,11,79,153,30,12,25,141,26,1*74
$GAGSV,2,2,08,14,26,100,22,16,50,058,48,25,75,194,23,36,47,317,13,1*77
$GAGSV,1,1,03,10,49,143,33,12,25,141,29,16,50,058,49,5*41
$GAGSV,2,1,08,02,21,223,22,10,49,143,28,11,79,153,25,12,25,141,29,7*7F
$GAGSV,2,2,08,14,26,100,25,16,50,058,46,25,75,194,31,36,47,317,22,7*79
$GBGSV,2,1,06,11,12,121,14,19,15,058,17,24,15,222,21,29,33,131,36,3*7C
$GBGSV,2,2,06,36,03,024,24,39,46,358,48,3*7E
$GBGSV,3,1,10,11,12,121,10,12,17,085,19,19,15,058,27,20,13,104,19,5*78
$GBGSV,3,2,10,24,15,222,17,26,53,256,22,29,33,131,41,31,28,271,20,5*74
$GBGSV,3,3,10,36,03,024,14,39,46,358,46,5*72
$GBGSV,3,1,10,19,15,058,24,20,13,104,17,22,01,011,20,24,15,222,18,8*72
$GBGSV,3,2,10,26,53,256,22,29,33,131,38,31,28,271,22,35,63,210,22,8*73
$GBGSV,3,3,10,36,03,024,14,39,46,358,47,8*7E
$GNGLL,3001.74224,S,05112.74938,W,162843.00,A,D*74
$GNRMC,162844.00,A,3001.74224,S,05112.74937,W,0.017,,090926,,,F,V*1F
$GNVTG,,T,,M,0.017,N,0.031,K,D*3C
$GNGGA,162844.00,3001.74224,S,05112.74937,W,5,12,1.09,48.5,M,4.8,M,2.0,0920*61
$GNGSA,M,3,29,05,12,13,21,23,25,28,,,,,2.07,1.09,1.76,1*00
$GNGSA,M,3,10,11,12,16,25,36,02,,,,,,2.07,1.09,1.76,3*07
$GNGSA,M,3,35,39,11,19,26,29,31,,,,,,2.07,1.09,1.76,4*0C
$GPGSV,2,1,05,05,42,103,47,12,35,044,50,13,29,038,44,23,10,353,15,1*63
$GPGSV,2,2,05,25,71,031,51,1*56
$GPGSV,3,1,09,05,42,103,45,12,35,044,43,13,29,038,36,21,18,132,22,6*67
$GPGSV,3,2,09,23,10,353,26,25,71,031,45,28,30,275,21,29,58,179,17,6*6D
$GPGSV,3,3,09,31,21,243,13,6*5C
$GPGSV,2,1,07,13,29,038,37,18,57,294,19,21,18,132,25,23,10,353,38,8*60
$GPGSV,2,2,07,25,71,031,53,26,13,222,12,28,30,275,20,8*53
$GPGSV,1,1,01,15,01,045,,0*50
$GAGSV,2,1,08,02,21,223,19,10,49,143,36,11,79,153,29,12,25,141,26,1*7D
$GAGSV,2,2,08,14,26,100,22,16,50,058,48,25,75,194,23,36,47,317,14,1*70
$GAGSV,1,1,03,10,49,143,33,12,25,141,30,16,50,058,49,5*49
$GAGSV,2,1,08,02,21,223,22,10,49,143,28,11,79,153,25,12,25,141,29,7*7F
$GAGSV,2,2,08,14,26,100,24,16,50,058,46,25,75,194,30,36,47,317,22,7*79
$GBGSV,2,1,06,11,12,121,15,19,15,058,17,24,15,222,21,29,33,131,36,3*7D
$GBGSV,2,2,06,36,03,024,25,39,46,358,48,3*7F
$GBGSV,3,1,10,11,12,121,11,12,17,085,19,19,15,058,26,20,13,104,19,5*78
$GBGSV,3,2,10,24,15,222,16,26,53,256,23,29,33,131,41,31,28,271,20,5*74
$GBGSV,3,3,10,36,03,024,16,39,46,358,46,5*70
$GBGSV,3,1,10,19,15,058,23,20,13,104,16,22,01,011,19,24,15,222,18,8*7E
$GBGSV,3,2,10,26,53,256,22,29,33,131,38,31,28,271,22,35,63,210,21,8*70
$GBGSV,3,3,10,36,03,024,14,39,46,358,47,8*7E
$GNGLL,3001.74224,S,05112.74937,W,162844.00,A,D*7C
$GNRMC,162845.00,A,3001.74223,S,05112.74936,W,0.019,,090926,,,F,V*16
$GNVTG,,T,,M,0.019,N,0.036,K,D*35
$GNGGA,162845.00,3001.74223,S,05112.74936,W,5,12,1.09,48.6,M,4.8,M,2.0,0920*65
$GNGSA,M,3,29,31,05,12,13,21,23,25,28,,,,2.07,1.09,1.76,1*02
$GNGSA,M,3,10,11,12,16,25,36,02,,,,,,2.07,1.09,1.76,3*07
$GNGSA,M,3,35,39,11,19,26,29,31,,,,,,2.07,1.09,1.76,4*0C
$GPGSV,2,1,05,05,42,103,47,12,35,044,50,13,29,038,44,23,10,353,15,1*63
$GPGSV,2,2,05,25,71,031,51,1*56
$GPGSV,3,1,09,05,42,103,45,12,35,044,42,13,29,038,36,21,18,132,21,6*65
$GPGSV,3,2,09,23,10,353,26,25,71,031,45,28,30,275,21,29,58,179,17,6*6D
$GPGSV,3,3,09,31,21,243,15,6*5A
$GPGSV,2,1,07,13,29,038,37,18,57,294,20,21,18,132,25,23,10,353,38,8*6A
$GPGSV,2,2,07,25,71,031,53,26,13,222,11,28,30,275,20,8*50
$GPGSV,1,1,01,15,01,045,,0*50
$GAGSV,2,1,08,02,21,223,19,10,49,143,36,11,79,153,29,12,25,141,26,1*7D
$GAGSV,2,2,08,14,26,100,22,16,50,058,48,25,75,194,23,36,47,317,12,1*76
$GAGSV,1,1,03,10,49,143,33,12,25,141,29,16,50,058,49,5*41
$GAGSV,2,1,08,02,21,223,22,10,49,143,28,11,79,153,24,12,25,141,29,7*7E
$GAGSV,2,2,08,14,26,100,23,16,50,058,46,25,75,194,31,36,47,317,22,7*7F
$GBGSV,2,1,06,11,12,121,15,19,15,058,16,24,15,222,20,29,33,131,36,3*7D
$GBGSV,2,2,06,36,03,024,24,39,46,358,48,3*7E
$GBGSV,3,1,09,12,17,085,18,19,15,058,27,20,13,104,19,24,15,222,17,5*77
$GBGSV,3,2,09,26,53,256,22,29,33,131,41,31,28,271,20,36,03,024,16,5*7D
$GBGSV,3,3,09,39,46,358,46,5*4F
$GBGSV,3,1,10,19,15,058,23,20,13,104,15,22,01,011,19,24,15,222,18,8*7D
$GBGSV,3,2,10,26,53,256,22,29,33,131,38,31,28,271,22,35,63,210,21,8*70
$GBGSV,3,3,10,36,03,024,14,39,46,358,47,8*7E
$GNGLL,3001.74223,S,05112.74936,W,162845.00,A,D*7B
$GNRMC,162846.00,A,3001.74223,S,05112.74936,W,0.018,,090926,,,F,V*14
$GNVTG,,T,,M,0.018,N,0.033,K,D*31
$GNGGA,162846.00,3001.74223,S,05112.74936,W,5,12,1.09,48.6,M,4.8,M,2.0,0920*66
$GNGSA,M,3,29,31,05,12,13,21,23,25,28,,,,2.07,1.09,1.76,1*02
$GNGSA,M,3,10,11,12,16,25,36,02,,,,,,2.07,1.09,1.76,3*07
$GNGSA,M,3,35,39,11,19,26,29,31,,,,,,2.07,1.09,1.76,4*0C
$GPGSV,2,1,05,05,42,103,47,12,35,044,50,13,29,038,44,23,10,353,15,1*63
$GPGSV,2,2,05,25,71,031,52,1*55
$GPGSV,3,1,09,05,42,103,45,12,35,044,43,13,29,038,36,21,18,132,21,6*64
$GPGSV,3,2,09,23,10,353,26,25,71,031,45,28,30,275,21,29,58,179,16,6*6C
$GPGSV,3,3,09,31,21,243,16,6*59
$GPGSV,2,1,07,13,29,038,37,18,57,294,20,21,18,132,25,23,10,353,38,8*6A
$GPGSV,2,2,07,25,71,031,53,26,13,222,10,28,30,275,20,8*51
$GPGSV,1,1,01,15,01,045,,0*50
$GAGSV,2,1,08,02,21,223,20,10,49,143,36,11,79,153,29,12,25,141,26,1*77
$GAGSV,2,2,08,14,26,100,22,16,50,058,48,25,75,194,23,36,47,317,12,1*76
$GAGSV,1,1,03,10,49,143,33,12,25,141,30,16,50,058,49,5*49
$GAGSV,2,1,08,02,21,223,22,10,49,143,28,11,79,153,24,12,25,141,29,7*7E
$GAGSV,2,2,08,14,26,100,22,16,50,058,46,25,75,194,31,36,47,317,22,7*7E
$GBGSV,2,1,06,11,12,121,15,19,15,058,16,24,15,222,20,29,33,131,36,3*7D
$GBGSV,2,2,06,36,03,024,25,39,46,358,48,3*7F
$GBGSV,3,1,09,12,17,085,17,19,15,058,27,20,13,104,19,24,15,222,17,5*78
$GBGSV,3,2,09,26,53,256,22,29,33,131,41,31,28,271,19,36,03,024,16,5*77
$GBGSV,3,3,09,39,46,358,46,5*4F
$GBGSV,3,1,10,19,15,058,24,20,13,104,15,22,01,011,19,24,15,222,18,8*7A
$GBGSV,3,2,10,26,53,256,22,29,33,131,38,31,28,271,22,35,63,210,21,8*70
$GBGSV,3,3,10,36,03,024,14,39,46,358,47,8*7E
$GNGLL,3001.74223,S,05112.74936,W,162846.00,A,D*78
$GNRMC,162847.00,A,3001.74223,S,05112.74936,W,0.031,,090926,,,F,V*1E
$GNVTG,,T,,M,0.031,N,0.058,K,D*37
$GNGGA,162847.00,3001.74223,S,05112.74936,W,5,12,1.09,48.6,M,4.8,M,2.0,0920*67
$GNGSA,M,3,29,31,05,12,13,21,23,25,28,,,,2.06,1.09,1.76,1*03
$GNGSA,M,3,10,11,12,16,25,36,02,,,,,,2.06,1.09,1.76,3*06
$GNGSA,M,3,35,39,11,19,26,29,31,,,,,,2.06,1.09,1.76,4*0D
$GPGSV,2,1,05,05,42,103,47,12,35,044,50,13,29,038,44,23,10,353,15,1*63
$GPGSV,2,2,05,25,71,031,51,1*56
$GPGSV,3,1,09,05,42,103,45,12,35,044,42,13,29,038,36,21,18,132,20,6*64
$GPGSV,3,2,09,23,10,353,26,25,71,031,45,28,30,275,21,29,58,179,17,6*6D
$GPGSV,3,3,09,31,21,243,16,6*59
$GPGSV,2,1,07,13,29,038,37,18,57,294,20,21,18,132,25,23,10,353,38,8*6A
$GPGSV,2,2,07,25,71,031,53,26,13,222,09,28,30,275,20,8*59
$GPGSV,1,1,01,15,01,045,,0*50
$GAGSV,2,1,08,02,21,223,19,10,49,143,36,11,79,153,29,12,25,141,26,1*7D
$GAGSV,2,2,08,14,26,100,23,16,50,058,48,25,75,194,23,36,47,317,14,1*71
$GAGSV,1,1,03,10,49,143,33,12,25,141,29,16,50,058,49,5*41
$GAGSV,2,1,08,02,21,223,22,10,49,143,28,11,79,153,24,12,25,141,29,7*7E
$GAGSV,2,2,08,14,26,100,22,16,50,058,46,25,75,194,30,36,47,317,22,7*7F
$GBGSV,2,1,06,11,12,121,15,19,15,058,15,24,15,222,21,29,33,131,36,3*7F
$GBGSV,2,2,06,36,03,024,24,39,46,358,48,3*7E
$GBGSV,3,1,09,12,17,085,18,19,15,058,26,20,13,104,19,24,15,222,16,5*77
$GBGSV,3,2,09,26,53,256,22,29,33,131,41,31,28,271,20,36,03,024,16,5*7D
$GBGSV,3,3,09,39,46,358,46,5*4F
$GBGSV,3,1,11,11,12,121,15,19,15,058,24,20,13,104,13,22,01,011,19,8*71
$GBGSV,3,2,11,24,15,222,18,26,53,256,22,29,33,131,38,31,28,271,22,8*7B
$GBGSV,3,3,11,35,63,210,22,36,03,024,14,39,46,358,47,8*4F
$GNGLL,3001.74223,S,05112.74936,W,162847.00,A,D*79
$GNRMC,162848.00,A,3001.74223,S,05112.74936,W,0.014,,090926,,,F,V*16
$GNVTG,,T,,M,0.014,N,0.026,K,D*39
$GNGGA,162848.00,3001.74223,S,05112.74936,W,5,12,1.09,48.6,M,4.8,M,2.0,0920*68
$GNGSA,M,3,29,31,05,12,13,21,23,25,28,,,,2.06,1.09,1.76,1*03
$GNGSA,M,3,10,11,12,16,25,36,02,,,,,,2.06,1.09,1.76,3*06
$GNGSA,M,3,35,39,19,26,29,31,,,,,,,2.06,1.09,1.76,4*0D
$GPGSV,2,1,05,05,42,104,47,12,35,044,50,13,29,038,44,23,10,353,14,1*65
$GPGSV,2,2,05,25,71,031,52,1*55
$GPGSV,3,1,09,05,42,104,45,12,35,044,43,13,29,038,36,21,18,132,20,6*62
$GPGSV,3,2,09,23,10,353,26,25,71,031,45,28,30,275,21,29,58,179,18,6*62
$GPGSV,3,3,09,31,21,243,15,6*5A
$GPGSV,2,1,07,13,29,038,37,18,57,294,20,21,18,132,25,23,10,353,38,8*6A
$GPGSV,2,2,07,25,71,031,53,26,13,222,12,28,30,275,20,8*53
$GPGSV,1,1,01,15,01,045,,0*50
$GAGSV,2,1,08,02,21,223,19,10,49,143,36,11,79,153,29,12,25,141,26,1*7D
$GAGSV,2,2,08,14,26,100,22,16,50,058,48,25,75,194,24,36,47,317,15,1*76
$GAGSV,1,1,03,10,49,143,33,12,25,141,30,16,50,058,49,5*49
$GAGSV,2,1,08,02,21,223,21,10,49,143,28,11,79,153,24,12,25,141,29,7*7D
$GAGSV,2,2,08,14,26,100,21,16,50,058,46,25,75,194,31,36,47,317,22,7*7D
$GBGSV,2,1,06,11,12,121,14,19,15,058,14,24,15,222,21,29,33,131,36,3*7F
$GBGSV,2,2,06,36,03,024,25,39,46,358,48,3*7F
$GBGSV,3,1,09,12,17,085,17,19,15,058,27,20,13,104,19,24,15,222,16,5*79
$GBGSV,3,2,09,26,53,256,22,29,33,131,41,31,28,271,19,36,03,024,17,5*76
$GBGSV,3,3,09,39,46,358,46,5*4F
$GBGSV,3,1,11,11,12,121,14,19,15,058,24,20,13,104,13,22,01,011,19,8*70
$GBGSV,3,2,11,24,15,222,19,26,53,256,22,29,33,131,38,31,28,271,22,8*7A
$GBGSV,3,3,11,35,63,210,21,36,03,024,13,39,46,358,47,8*4B
$GNGLL,3001.74223,S,05112.74936,W,162848.00,A,D*76
$GNRMC,162849.00,A,3001.74223,S,05112.74936,W,0.017,,090926,,,F,V*14
$GNVTG,,T,,M,0.017,N,0.031,K,D*3C
$GNGGA,162849.00,3001.74223,S,05112.74936,W,5,12,1.09,48.6,M,4.8,M,2.0,0920*69
$GNGSA,M,3,29,31,05,12,13,21,23,25,28,,,,2.06,1.09,1.76,1*03
$GNGSA,M,3,10,11,12,16,25,36,02,,,,,,2.06,1.09,1.76,3*06
$GNGSA,M,3,35,39,19,26,29,31,,,,,,,2.06,1.09,1.76,4*0D
$GPGSV,2,1,05,05,42,104,47,12,35,044,50,13,29,038,44,23,10,353,15,1*64
$GPGSV,2,2,05,25,71,031,52,1*55
$GPGSV,3,1,09,05,42,104,45,12,35,044,42,13,29,038,36,21,18,132,20,6*63
$GPGSV,3,2,09,23,10,353,26,25,71,031,45,28,30,275,20,29,58,179,17,6*6C
$GPGSV,3,3,09,31,21,243,16,6*59
$GPGSV,2,1,07,13,29,038,37,18,57,294,19,21,18,132,25,23,10,353,38,8*60
$GPGSV,2,2,07,25,71,031,53,26,13,222,13,28,30,275,20,8*52
$GPGSV,1,1,01,15,01,045,,0*50
$GAGSV,2,1,08,02,21,223,20,10,49,143,36,11,79,153,29,12,25,141,26,1*77
$GAGSV,2,2,08,14,26,100,23,16,50,058,48,25,75,194,24,36,47,317,14,1*76
$GAGSV,1,1,03,10,49,143,33,12,25,141,30,16,50,058,49,5*49
$GAGSV,2,1,08,02,21,223,21,10,49,143,28,11,79,153,24,12,25,141,29,7*7D
$GAGSV,2,2,08,14,26,100,20,16,50,058,46,25,75,194,31,36,47,317,21,7*7F
$GBGSV,2,1,06,11,12,121,14,19,15,058,12,24,15,222,21,29,33,131,36,3*79
$GBGSV,2,2,06,36,03,024,25,39,46,358,48,3*7F
$GBGSV,3,1,10,12,17,085,18,19,15,058,27,20,13,104,18,24,15,222,16,5*7F
$GBGSV,3,2,10,26,53,256,21,29,33,131,41,31,28,271,19,35,63,210,18,5*72
$GBGSV,3,3,10,36,03,024,17,39,46,358,46,5*71
$GBGSV,3,1,11,11,12,121,14,19,15,058,24,20,13,104,13,22,01,011,19,8*70
$GBGSV,3,2,11,24,15,222,19,26,53,256,22,29,33,131,38,31,28,271,22,8*7A
$GBGSV,3,3,11,35,63,210,20,36,03,024,12,39,46,358,47,8*4B
$GNGLL,3001.74223,S,05112.74936,W,162849.00,A,D*77
$GNRMC,162850.00,A,3001.74224,S,05112.74937,W,0.024,,090926,,,F,V*1A
$GNVTG,,T,,M,0.024,N,0.044,K,D*3E
$GNGGA,162850.00,3001.74224,S,05112.74937,W,5,12,1.09,48.6,M,4.8,M,2.0,0920*67
$GNGSA,M,3,29,31,05,12,13,21,23,25,28,,,,2.06,1.09,1.76,1*03
$GNGSA,M,3,10,11,12,16,25,36,02,,,,,,2.06,1.09,1.76,3*06
$GNGSA,M,3,35,39,19,26,29,31,,,,,,,2.06,1.09,1.76,4*0D
$GPGSV,2,1,05,05,42,104,47,12,35,044,50,13,29,038,44,23,10,353,15,1*64
$GPGSV,2,2,05,25,71,031,52,1*55
$GPGSV,3,1,09,05,42,104,45,12,35,044,43,13,29,038,36,21,18,132,20,6*62
$GPGSV,3,2,09,23,10,353,26,25,71,031,45,28,30,275,20,29,58,179,16,6*6D
$GPGSV,3,3,09,31,21,243,17,6*58
$GPGSV,2,1,07,13,29,038,37,18,57,294,20,21,18,132,25,23,10,353,38,8*6A
$GPGSV,2,2,07,25,71,031,53,26,13,222,14,28,30,275,19,8*5F
$GPGSV,1,1,01,15,01,045,,0*50
$GAGSV,2,1,08,02,21,223,20,10,49,143,36,11,79,153,29,12,25,141,26,1*77
$GAGSV,2,2,08,14,26,100,23,16,50,058,48,25,75,194,23,36,47,317,14,1*71
$GAGSV,1,1,03,10,49,143,33,12,25,141,30,16,50,058,49,5*49
$GAGSV,2,1,08,02,21,223,21,10,49,143,28,11,79,153,24,12,25,141,28,7*7C
$GAGSV,2,2,08,14,26,100,19,16,50,058,46,25,75,194,31,36,47,317,21,7*75
$GBGSV,2,1,07,11,12,121,13,19,15,058,10,24,15,222,21,29,33,131,36,3*7D
$GBGSV,2,2,07,35,63,210,22,36,03,024,25,39,46,358,48,3*4E
$GBGSV,3,1,10,12,17,085,18,19,15,058,27,20,13,104,17,24,15,222,15,5*73
$GBGSV,3,2,10,26,53,256,22,29,33,131,41,31,28,271,18,35,63,210,18,5*70
$GBGSV,3,3,10,36,03,024,17,39,46,358,46,5*71
$GBGSV,3,1,11,11,12,121,13,19,15,058,24,20,13,104,13,22,01,011,19,8*77
$GBGSV,3,2,11,24,15,222,20,26,53,256,22,29,33,131,38,31,28,271,21,8*73
$GBGSV,3,3,11,35,63,210,20,36,03,024,12,39,46,358,47,8*4B
$GNGLL,3001.74224,S,05112.74937,W,162850.00,A,D*79
$GNRMC,162851.00,A,3001.74223,S,05112.74937,W,0.019,,090926,,,F,V*12
$GNVTG,,T,,M,0.019,N,0.036,K,D*35
$GNGGA,162851.00,3001.74223,S,05112.74937,W,5,12,1.09,48.6,M,4.8,M,2.0,0920*61
$GNGSA,M,3,29,31,05,12,13,21,23,25,28,,,,2.06,1.09,1.76,1*03
$GNGSA,M,3,10,11,12,16,25,36,02,,,,,,2.06,1.09,1.76,3*06
$GNGSA,M,3,35,39,19,26,29,31,,,,,,,2.06,1.09,1.76,4*0D
$GPGSV,2,1,06,05,42,104,47,12,35,044,50,13,29,038,43,23,10,353,15,1*60
$GPGSV,2,2,06,23,10,353,15,25,71,031,51,1*64
$GPGSV,3,1,09,05,42,104,45,12,35,044,42,13,29,038,36,21,18,132,19,6*69
$GPGSV,3,2,09,23,10,353,26,25,71,031,45,28,30,275,21,29,58,179,16,6*6C
$GPGSV,3,3,09,31,21,243,16,6*59
$GPGSV,2,1,07,13,29,038,37,18,57,294,20,21,18,132,25,23,10,353,38,8*6A
$GPGSV,2,2,07,25,71,031,53,26,13,222,13,28,30,275,19,8*58
$GPGSV,1,1,01,15,01,045,,0*50
$GAGSV,2,1,08,02,21,223,20,10,49,143,36,11,79,153,29,12,25,141,26,1*77
$GAGSV,2,2,08,14,26,100,24,16,50,058,48,25,75,194,23,36,47,317,15,1*77
$GAGSV,1,1,03,10,49,143,33,12,25,141,29,16,50,058,49,5*41
$GAGSV,2,1,08,02,21,223,21,10,49,143,29,11,79,153,24,12,25,141,28,7*7D
$GAGSV,2,2,08,14,26,100,18,16,50,058,46,25,75,194,31,36,47,317,21,7*74
$GBGSV,2,1,07,11,12,121,12,19,15,058,14,24,15,222,21,29,33,131,36,3*78
$GBGSV,2,2,07,35,63,210,21,36,03,024,25,39,46,358,48,3*4D
$GBGSV,3,1,10,12,17,085,18,19,15,058,27,20,13,104,16,24,15,222,16,5*71
$GBGSV,3,2,10,26,53,256,21,29,33,131,41,31,28,271,18,35,63,210,17,5*7C
$GBGSV,3,3,10,36,03,024,17,39,46,358,46,5*71
$GBGSV,3,1,11,11,12,121,13,19,15,058,24,20,13,104,14,22,01,011,18,8*71
$GBGSV,3,2,11,24,15,222,19,26,53,256,21,29,33,131,38,31,28,271,21,8*7A
$GBGSV,3,3,11,35,63,210,20,36,03,024,13,39,46,358,47,8*4A
$GNGLL,3001.74223,S,05112.74937,W,162851.00,A,D*7F
$GNRMC,162852.00,A,3001.74223,S,05112.74937,W,0.021,,090926,,,F,V*1A
$GNVTG,,T,,M,0.021,N,0.039,K,D*31
$GNGGA,162852.00,3001.74223,S,05112.74937,W,5,12,1.09,48.6,M,4.8,M,2.0,0920*62
$GNGSA,M,3,29,31,05,12,13,21,23,25,28,,,,2.06,1.09,1.75,1*00
$GNGSA,M,3,10,11,12,16,25,36,02,,,,,,2.06,1.09,1.75,3*05
$GNGSA,M,3,35,39,19,26,29,31,,,,,,,2.06,1.09,1.75,4*0E
$GPGSV,2,1,05,05,42,104,47,12,35,044,50,13,29,038,43,23,10,353,15,1*63
$GPGSV,2,2,05,25,71,031,51,1*56
$GPGSV,3,1,09,05,42,104,45,12,35,044,42,13,29,038,36,21,18,132,19,6*69
$GPGSV,3,2,09,23,10,353,26,25,71,031,45,28,30,275,21,29,58,179,15,6*6F
$GPGSV,3,3,09,31,21,243,15,6*5A
$GPGSV,2,1,07,13,29,038,37,18,57,294,20,21,18,132,25,23,10,353,38,8*6A
$GPGSV,2,2,07,25,71,031,53,26,13,222,13,28,30,275,19,8*58
$GPGSV,1,1,01,15,01,045,,0*50
$GAGSV,2,1,08,02,21,223,20,10,49,143,36,11,79,153,29,12,25,141,26,1*77
$GAGSV,2,2,08,14,26,100,24,16,50,058,48,25,75,194,24,36,47,317,15,1*70
$GAGSV,1,1,03,10,49,143,33,12,25,141,29,16,50,058,49,5*41
$GAGSV,2,1,08,02,21,223,22,10,49,143,28,11,79,153,24,12,25,141,28,7*7F
$GAGSV,2,2,08,14,26,100,17,16,50,058,46,25,75,194,31,36,47,317,21,7*7B
$GBGSV,2,1,07,11,12,121,10,19,15,058,12,24,15,222,20,29,33,131,36,3*7D
$GBGSV,2,2,07,35,63,210,19,36,03,024,25,39,46,358,48,3*46
$GBGSV,3,1,10,12,17,085,19,19,15,058,26,20,13,104,16,24,15,222,17,5*70
$GBGSV,3,2,10,26,53,256,20,29,33,131,41,31,28,271,17,35,63,210,17,5*72
$GBGSV,3,3,10,36,03,024,17,39,46,358,46,5*71
$GBGSV,3,1,11,11,12,121,13,19,15,058,23,20,13,104,14,22,01,011,18,8*76
$GBGSV,3,2,11,24,15,222,20,26,53,256,21,29,33,131,38,31,28,271,22,8*73
$GBGSV,3,3,11,35,63,210,20,36,03,024,14,39,46,358,47,8*4D
$GNGLL,3001.74223,S,05112.74937,W,162852.00,A,D*7C
$GNRMC,162853.00,A,3001.74223,S,05112.74937,W,0.009,,090926,,,F,V*11
$GNVTG,,T,,M,0.009,N,0.016,K,D*36
$GNGGA,162853.00,3001.74223,S,05112.74937,W,5,12,1.09,48.6,M,4.8,M,2.0,0920*63
$GNGSA,M,3,29,31,05,12,13,21,23,25,28,,,,2.12,1.09,1.82,1*0D
$GNGSA,M,3,10,11,12,16,25,36,02,,,,,,2.12,1.09,1.82,3*08
$GNGSA,M,3,35,39,19,26,29,31,,,,,,,2.12,1.09,1.82,4*03
$GPGSV,2,1,05,05,42,104,47,12,35,044,50,13,29,038,44,23,10,353,16,1*67
$GPGSV,2,2,05,25,71,031,51,1*56
$GPGSV,3,1,09,05,42,104,45,12,35,044,42,13,29,038,36,21,18,132,19,6*69
$GPGSV,3,2,09,23,10,353,26,25,71,031,45,28,30,275,21,29,58,179,15,6*6F
$GPGSV,3,3,09,31,21,243,15,6*5A
$GPGSV,2,1,07,13,29,038,37,18,57,294,21,21,18,132,25,23,10,353,38,8*6B
$GPGSV,2,2,07,25,71,031,53,26,13,222,12,28,30,275,19,8*59
$GPGSV,1,1,01,15,01,045,,0*50
$GAGSV,2,1,08,02,21,223,20,10,49,143,36,11,79,153,29,12,25,141,26,1*77
$GAGSV,2,2,08,14,26,100,24,16,50,058,48,25,75,194,23,36,47,317,15,1*77
$GAGSV,1,1,03,10,49,143,33,12,25,141,29,16,50,058,49,5*41
$GAGSV,2,1,08,02,21,223,21,10,49,143,29,11,79,153,25,12,25,141,29,7*7D
$GAGSV,2,2,08,14,26,100,16,16,50,058,46,25,75,194,31,36,47,317,20,7*7B
$GBGSV,2,1,07,11,12,121,10,19,15,058,12,24,15,222,20,29,33,131,36,3*7D
$GBGSV,2,2,07,35,63,210,19,36,03,024,25,39,46,358,48,3*46
$GBGSV,3,1,10,12,17,085,19,19,15,058,26,20,13,104,16,24,15,222,16,5*71
$GBGSV,3,2,10,26,53,256,20,29,33,131,41,31,28,271,17,35,63,210,18,5*7D
$GBGSV,3,3,10,36,03,024,17,39,46,358,46,5*71
$GBGSV,3,1,11,11,12,121,12,19,15,058,22,20,13,104,13,22,01,011,18,8*71
$GBGSV,3,2,11,24,15,222,20,26,53,256,20,29,33,131,38,31,28,271,22,8*72
$GBGSV,3,3,11,35,63,210,20,36,03,024,15,39,46,358,47,8*4C
$GNGLL,3001.74223,S,05112.74937,W,162853.00,A,D*7D
$GNRMC,162854.00,A,3001.74223,S,05112.74937,W,0.022,,090926,,,F,V*1F
$GNVTG,,T,,M,0.022,N,0.040,K,D*3C
$GNGGA,162854.00,3001.74223,S,05112.74937,W,5,12,1.09,48.6,M,4.8,M,2.0,0920*64
$GNGSA,M,3,29,31,05,12,13,21,23,25,28,,,,2.12,1.09,1.82,1*0D
$GNGSA,M,3,10,11,12,16,25,36,02,,,,,,2.12,1.09,1.82,3*08
$GNGSA,M,3,35,39,19,26,29,31,,,,,,,2.12,1.09,1.82,4*03
$GPGSV,2,1,05,05,42,104,47,12,35,044,50,13,29,038,44,23,10,353,16,1*67
$GPGSV,2,2,05,25,71,031,51,1*56
$GPGSV,3,1,09,05,42,104,45,12,35,044,42,13,29,038,36,21,18,132,19,6*69
$GPGSV,3,2,09,23,10,353,26,25,71,031,45,28,30,275,22,29,58,179,16,6*6F
$GPGSV,3,3,09,31,21,243,16,6*59
$GPGSV,2,1,07,13,29,038,37,18,57,294,21,21,18,132,25,23,10,353,38,8*6B
$GPGSV,2,2,07,25,71,031,53,26,13,222,13,28,30,275,19,8*58
$GPGSV,1,1,01,15,01,045,,0*50
$GAGSV,2,1,08,02,21,223,20,10,49,143,36,11,79,153,30,12,25,141,26,1*7F
$GAGSV,2,2,08,14,26,100,25,16,50,058,48,25,75,194,24,36,47,317,14,1*70
$GAGSV,1,1,03,10,49,143,33,12,25,141,29,16,50,058,49,5*41
$GAGSV,2,1,08,02,21,223,21,10,49,143,29,11,79,153,24,12,25,141,29,7*7C
$GAGSV,2,2,08,14,26,100,15,16,50,058,46,25,75,194,31,36,47,317,19,7*72
$GBGSV,2,1,07,11,12,121,12,19,15,058,11,24,15,222,20,29,33,131,36,3*7C
$GBGSV,2,2,07,35,63,210,20,36,03,024,25,39,46,358,48,3*4C
$GBGSV,3,1,10,12,17,085,19,19,15,058,26,20,13,104,16,24,15,222,16,5*71
$GBGSV,3,2,10,26,53,256,20,29,33,131,41,31,28,271,17,35,63,210,18,5*7D
$GBGSV,3,3,10,36,03,024,16,39,46,358,46,5*70
$GBGSV,3,1,11,11,12,121,12,19,15,058,23,20,13,104,11,22,01,011,18,8*72
$GBGSV,3,2,11,24,15,222,21,26,53,256,20,29,33,131,38,31,28,271,22,8*73
$GBGSV,3,3,11,35,63,210,20,36,03,024,14,39,46,358,47,8*4D
$GNGLL,3001.74223,S,05112.74937,W,162854.00,A,D*7A
$GNRMC,162855.00,A,3001.74223,S,05112.74937,W,0.011,,090926,,,F,V*1E
$GNVTG,,T,,M,0.011,N,0.020,K,D*3A
$GNGGA,162855.00,3001.74223,S,05112.74937,W,5,12,1.09,48.6,M,4.8,M,2.0,0920*65
$GNGSA,M,3,29,31,05,12,13,21,23,25,28,,,,2.12,1.09,1.82,1*0D
$GNGSA,M,3,10,11,12,16,25,36,02,,,,,,2.12,1.09,1.82,3*08
$GNGSA,M,3,35,39,19,26,29,31,,,,,,,2.12,1.09,1.82,4*03
$GPGSV,2,1,05,05,42,104,47,12,34,044,51,13,29,038,43,23,10,353,17,1*61
$GPGSV,2,2,05,25,71,031,51,1*56
$GPGSV,3,1,09,05,42,104,45,12,34,044,42,13,29,038,36,21,18,132,17,6*66
$GPGSV,3,2,09,23,10,353,25,25,71,031,45,28,30,275,21,29,58,179,17,6*6E
$GPGSV,3,3,09,31,21,243,15,6*5A
$GPGSV,2,1,07,13,29,038,37,18,57,294,21,21,18,132,25,23,10,353,38,8*6B
$GPGSV,2,2,07,25,71,031,53,26,13,222,13,28,30,275,19,8*58
$GPGSV,1,1,01,15,01,045,,0*50
$GAGSV,2,1,08,02,21,223,20,10,49,143,36,11,79,153,29,12,25,141,26,1*77
$GAGSV,2,2,08,14,26,100,25,16,50,058,48,25,75,194,24,36,47,317,13,1*77
$GAGSV,1,1,03,10,49,143,33,12,25,141,29,16,50,058,49,5*41
$GAGSV,2,1,08,02,21,223,21,10,49,143,29,11,79,153,25,12,25,141,29,7*7D
$GAGSV,2,2,08,14,26,100,16,16,50,058,46,25,75,194,31,36,47,317,19,7*71
$GBGSV,2,1,07,11,12,121,13,19,15,058,13,24,15,222,20,29,33,131,36,3*7F
$GBGSV,2,2,07,35,63,210,19,36,03,024,24,39,46,358,48,3*47
$GBGSV,3,1,10,12,17,085,19,19,15,058,26,20,13,104,17,24,15,222,17,5*71
$GBGSV,3,2,10,26,53,256,20,29,33,131,41,31,28,271,17,35,63,210,18,5*7D
$GBGSV,3,3,10,36,03,024,16,39,46,358,46,5*70
$GBGSV,3,1,11,11,12,121,13,19,15,058,22,20,13,104,13,22,01,011,19,8*71
$GBGSV,3,2,11,24,15,222,22,26,53,256,20,29,33,131,38,31,28,271,22,8*70
$GBGSV,3,3,11,35,63,210,20,36,03,024,14,39,46,358,47,8*4D
$GNGLL,3001.74223,S,05112.74937,W,162855.00,A,D*7B
$GNRMC,162856.00,A,3001.74223,S,05112.74937,W,0.018,,090926,,,F,V*14
$GNVTG,,T,,M,0.018,N,0.033,K,D*31
$GNGGA,162856.00,3001.74223,S,05112.74937,W,5,12,1.09,48.6,M,4.8,M,2.0,0920*66
$GNGSA,M,3,29,31,05,12,13,21,23,25,28,,,,2.12,1.09,1.82,1*0D
$GNGSA,M,3,10,11,12,16,25,36,02,,,,,,2.12,1.09,1.82,3*08
$GNGSA,M,3,35,39,19,26,29,31,,,,,,,2.12,1.09,1.82,4*03
$GPGSV,2,1,05,05,42,104,47,12,34,044,51,13,28,037,43,23,10,353,17,1*6F
$GPGSV,2,2,05,25,71,031,51,1*56
$GPGSV,3,1,09,05,42,104,45,12,34,044,42,13,28,037,36,21,18,132,18,6*67
$GPGSV,3,2,09,23,10,353,25,25,71,031,45,28,30,275,22,29,58,179,17,6*6D
$GPGSV,3,3,09,31,21,243,15,6*5A
$GPGSV,2,1,07,13,28,037,37,18,57,294,21,21,18,132,25,23,10,353,38,8*65
$GPGSV,2,2,07,25,71,031,53,26,13,222,14,28,30,275,19,8*5F
$GPGSV,1,1,01,15,01,045,,0*50
$GAGSV,2,1,08,02,21,223,21,10,49,143,36,11,79,153,29,12,25,141,26,1*76
$GAGSV,2,2,08,14,26,100,25,16,50,058,48,25,75,194,24,36,47,317,11,1*75
$GAGSV,1,1,03,10,49,143,33,12,25,141,29,16,50,058,49,5*41
$GAGSV,2,1,08,02,21,223,21,10,49,143,29,11,79,153,24,12,25,141,29,7*7C
$GAGSV,2,2,08,14,26,100,17,16,50,058,46,25,75,194,30,36,47,317,19,7*71
$GBGSV,2,1,07,11,12,121,13,19,15,058,08,24,15,222,20,29,33,131,36,3*75
$GBGSV,2,2,07,35,63,210,19,36,03,024,24,39,46,358,48,3*47
$GBGSV,3,1,10,12,17,085,18,19,15,058,26,20,13,104,16,24,15,222,16,5*70
$GBGSV,3,2,10,26,53,256,21,29,33,131,41,31,28,271,17,35,63,210,18,5*7C
$GBGSV,3,3,10,36,03,024,16,39,46,358,46,5*70
$GBGSV,3,1,11,11,12,121,14,19,15,058,22,20,13,104,13,22,01,011,19,8*76
$GBGSV,3,2,11,24,15,222,22,26,53,256,20,29,33,131,39,31,28,271,22,8*71
$GBGSV,3,3,11,35,63,210,20,36,03,024,14,39,46,358,47,8*4D
$GNGLL,3001.74223,S,05112.74937,W,162856.00,A,D*78
$GNRMC,162857.00,A,3001.74222,S,05112.74937,W,0.061,,090926,,,F,V*1A
$GNVTG,,T,,M,0.061,N,0.113,K,D*3C
$GNGGA,162857.00,3001.74222,S,05112.74937,W,5,12,1.09,48.6,M,4.8,M,2.0,0920*66
$GNGSA,M,3,29,31,05,12,13,21,23,25,28,,,,2.12,1.09,1.82,1*0D
$GNGSA,M,3,10,11,12,16,25,36,02,,,,,,2.12,1.09,1.82,3*08
$GNGSA,M,3,35,39,11,19,26,29,31,,,,,,2.12,1.09,1.82,4*03
$GPGSV,2,1,06,05,42,104,47,12,34,044,51,13,28,037,43,21,18,132,29,1*6E
$GPGSV,2,2,06,23,10,353,17,25,71,031,51,1*66
$GPGSV,3,1,09,05,42,104,45,12,34,044,42,13,28,037,36,21,18,132,18,6*67
$GPGSV,3,2,09,23,10,353,25,25,71,031,45,28,30,275,22,29,58,179,17,6*6D
$GPGSV,3,3,09,31,21,243,16,6*59
$GPGSV,2,1,07,13,28,037,37,18,57,294,21,21,18,132,25,23,10,353,38,8*65
$GPGSV,2,2,07,25,71,031,53,26,13,222,14,28,30,275,19,8*5F
$GPGSV,1,1,01,15,01,045,,0*50
$GAGSV,2,1,08,02,21,223,20,10,49,143,36,11,79,153,29,12,25,141,26,1*77
$GAGSV,2,2,08,14,26,100,26,16,50,058,48,25,75,194,23,36,47,317,13,1*73
$GAGSV,1,1,03,10,49,143,33,12,25,141,30,16,50,058,49,5*49
$GAGSV,2,1,08,02,21,223,21,10,49,143,29,11,79,153,25,12,25,141,29,7*7D
$GAGSV,2,2,08,14,26,100,18,16,50,058,46,25,75,194,31,36,47,317,18,7*7E
$GBGSV,2,1,07,11,12,121,13,19,15,058,11,24,15,222,20,29,33,131,36,3*7D
$GBGSV,2,2,07,35,63,210,20,36,03,024,24,39,46,358,48,3*4D
$GBGSV,3,1,10,12,17,085,18,19,15,058,26,20,13,104,16,24,15,222,17,5*71
$GBGSV,3,2,10,26,53,256,20,29,33,131,41,31,28,271,16,35,63,210,17,5*73
$GBGSV,3,3,10,36,03,024,15,39,46,358,46,5*73
$GBGSV,3,1,11,11,12,121,15,19,15,058,22,20,13,104,11,22,01,011,19,8*75
$GBGSV,3,2,11,24,15,222,22,26,53,256,20,29,33,131,38,31,28,271,21,8*73
$GBGSV,3,3,11,35,63,210,21,36,03,024,13,39,46,358,47,8*4B
$GNGLL,3001.74222,S,05112.74937,W,162857.00,A,D*78
$GNRMC,162858.00,A,3001.74223,S,05112.74937,W,0.010,,090926,,,F,V*12
$GNVTG,,T,,M,0.010,N,0.018,K,D*30
$GNGGA,162858.00,3001.74223,S,05112.74937,W,5,12,1.09,48.6,M,4.8,M,2.0,0920*68
$GNGSA,M,3,29,31,05,12,13,21,23,25,28,,,,2.12,1.09,1.82,1*0D
$GNGSA,M,3,10,11,12,16,25,36,02,,,,,,2.12,1.09,1.82,3*08
$GNGSA,M,3,35,39,19,26,29,31,,,,,,,2.12,1.09,1.82,4*03
$GPGSV,2,1,05,05,42,104,47,12,34,044,51,13,28,037,43,23,10,353,17,1*6F
$GPGSV,2,2,05,25,71,031,51,1*56
$GPGSV,3,1,09,05,42,104,45,12,34,044,42,13,28,037,36,21,18,132,18,6*67
$GPGSV,3,2,09,23,10,353,26,25,71,031,45,28,30,275,22,29,58,179,17,6*6E
$GPGSV,3,3,09,31,21,243,16,6*59
$GPGSV,2,1,07,13,28,037,37,18,57,294,21,21,18,132,25,23,10,353,39,8*64
$GPGSV,2,2,07,25,71,031,53,26,13,222,13,28,30,275,19,8*58
$GPGSV,1,1,01,15,01,046,,0*53
$GAGSV,2,1,08,02,21,223,20,10,49,143,36,11,79,153,29,12,25,141,26,1*77
$GAGSV,2,2,08,14,26,100,26,16,50,058,48,25,75,194,24,36,47,317,13,1*74
$GAGSV,1,1,03,10,49,143,33,12,25,141,29,16,50,058,49,5*41
$GAGSV,2,1,08,02,21,223,21,10,49,143,29,11,79,153,25,12,25,141,29,7*7D
$GAGSV,2,2,08,14,26,100,18,16,50,058,46,25,75,194,31,36,47,317,17,7*71
$GBGSV,2,1,07,11,12,121,12,19,15,058,11,24,15,222,20,29,33,131,36,3*7C
$GBGSV,2,2,07,35,63,210,20,36,03,024,23,39,46,358,48,3*4A
$GBGSV,3,1,10,12,17,085,18,19,15,058,26,20,13,104,16,24,15,222,16,5*70
$GBGSV,3,2,10,26,53,256,21,29,33,131,41,31,28,271,17,35,63,210,17,5*73
$GBGSV,3,3,10,36,03,024,14,39,46,358,46,5*72
$GBGSV,3,1,11,11,12,121,14,19,15,058,22,20,13,104,11,22,01,011,19,8*74
$GBGSV,3,2,11,24,15,222,22,26,53,256,20,29,33,131,39,31,28,271,22,8*71
$GBGSV,3,3,11,35,63,210,21,36,03,024,12,39,46,358,47,8*4A
$GNGLL,3001.74223,S,05112.74937,W,162858.00,A,D*76
$GNRMC,162859.00,A,3001.74223,S,05112.74937,W,0.036,,090926,,,F,V*17
$GNVTG,,T,,M,0.036,N,0.067,K,D*3C
$GNGGA,162859.00,3001.74223,S,05112.74937,W,5,12,1.09,48.6,M,4.8,M,2.0,0920*69
$GNGSA,M,3,29,31,05,12,13,21,23,25,28,,,,2.12,1.09,1.82,1*0D
$GNGSA,M,3,10,11,12,16,25,36,02,,,,,,2.12,1.09,1.82,3*08
$GNGSA,M,3,35,39,19,26,29,31,,,,,,,2.12,1.09,1.82,4*03
$GPGSV,2,1,05,05,42,104,47,12,34,044,50,13,28,037,43,23,10,353,18,1*61
$GPGSV,2,2,05,25,71,031,51,1*56
$GPGSV,3,1,09,05,42,104,45,12,34,044,42,13,28,037,36,21,18,132,17,6*68
$GPGSV,3,2,09,23,10,353,26,25,71,031,45,28,30,275,22,29,58,179,17,6*6E
$GPGSV,3,3,09,31,21,243,15,6*5A
$GPGSV,2,1,07,13,28,037,37,18,57,294,21,21,18,132,25,23,10,353,38,8*65
$GPGSV,2,2,07,25,71,031,53,26,13,222,13,28,30,275,19,8*58
$GPGSV,1,1,01,15,01,046,,0*53
$GAGSV,2,1,08,02,21,223,20,10,49,143,36,11,79,153,29,12,25,141,26,1*77
$GAGSV,2,2,08,14,26,100,26,16,50,058,48,25,75,194,24,36,47,317,13,1*74
$GAGSV,1,1,03,10,49,143,33,12,25,141,29,16,50,058,49,5*41
$GAGSV,2,1,08,02,21,223,21,10,49,143,29,11,79,153,25,12,25,141,28,7*7C
$GAGSV,2,2,08,14,26,100,18,16,50,058,46,25,75,194,30,36,47,317,16,7*71
$GBGSV,2,1,07,11,12,121,12,19,15,058,13,24,15,222,20,29,33,131,36,3*7E
$GBGSV,2,2,07,35,63,210,20,36,03,024,22,39,46,358,48,3*4B
$GBGSV,3,1,10,12,17,085,18,19,15,058,26,20,13,104,16,24,15,222,16,5*70
$GBGSV,3,2,10,26,53,256,20,29,33,131,41,31,28,271,17,35,63,210,18,5*7D
$GBGSV,3,3,10,36,03,024,15,39,46,358,46,5*73
$GBGSV,3,1,11,11,12,121,13,19,15,058,22,20,13,104,12,22,01,011,18,8*71
$GBGSV,3,2,11,24,15,222,22,26,53,256,20,29,33,131,39,31,28,271,22,8*71
$GBGSV,3,3,11,35,63,210,21,36,03,024,08,39,46,358,47,8*41
$GNGLL,3001.74223,S,05112.74937,W,162859.00,A,D*77
$GNRMC,162900.00,A,3001.74223,S,05112.74937,W,0.032,,090926,,,F,V*1E
$GNVTG,,T,,M,0.032,N,0.060,K,D*3F
$GNGGA,162900.00,3001.74223,S,05112.74937,W,5,12,1.09,48.6,M,4.8,M,2.0,0920*64
$GNGSA,M,3,29,05,12,13,21,23,25,28,,,,,2.12,1.09,1.82,1*0F
$GNGSA,M,3,10,11,12,16,25,36,02,,,,,,2.12,1.09,1.82,3*08
$GNGSA,M,3,35,39,19,26,29,31,,,,,,,2.12,1.09,1.82,4*03
$GPGSV,2,1,05,05,42,104,47,12,34,044,51,13,28,037,43,23,10,353,17,1*6F
$GPGSV,2,2,05,25,71,031,51,1*56
$GPGSV,3,1,09,05,42,104,45,12,34,044,42,13,28,037,36,21,18,132,17,6*68
$GPGSV,3,2,09,23,10,353,25,25,71,031,45,28,30,275,22,29,58,179,17,6*6D
$GPGSV,3,3,09,31,21,243,14,6*5B
$GPGSV,2,1,07,13,28,037,37,18,57,294,21,21,18,132,25,23,10,353,38,8*65
$GPGSV,2,2,07,25,71,031,53,26,13,222,14,28,30,275,19,8*5F
$GPGSV,1,1,01,15,01,046,,0*53
$GAGSV,2,1,08,02,21,223,20,10,49,143,36,11,79,153,29,12,25,141,26,1*77
$GAGSV,2,2,08,14,26,100,27,16,50,058,48,25,75,194,23,36,47,317,13,1*72
$GAGSV,1,1,03,10,49,143,33,12,25,141,29,16,50,058,49,5*41
$GAGSV,2,1,08,02,21,223,21,10,49,143,29,11,79,153,25,12,25,141,28,7*7C
$GAGSV,2,2,08,14,26,100,18,16,50,058,46,25,75,194,30,36,47,317,15,7*72
$GBGSV,2,1,07,11,12,121,13,19,15,058,11,24,15,222,19,29,33,131,36,3*77
$GBGSV,2,2,07,35,63,210,20,36,03,024,22,39,46,358,48,3*4B
$GBGSV,3,1,10,12,17,085,18,19,15,058,26,20,13,104,17,24,15,222,16,5*71
$GBGSV,3,2,10,26,53,256,20,29,33,131,41,31,28,271,16,35,63,210,18,5*7C
$GBGSV,3,3,10,36,03,024,15,39,46,358,46,5*73
$GBGSV,3,1,11,11,12,121,11,19,15,058,22,20,13,104,13,22,01,011,18,8*72
$GBGSV,3,2,11,24,15,222,22,26,53,256,20,29,33,131,39,31,28,271,21,8*72
$GBGSV,3,3,11,35,63,210,21,36,03,024,08,39,46,358,47,8*41
$GNGLL,3001.74223,S,05112.74937,W,162900.00,A,D*7A
$GNRMC,162901.00,A,3001.74222,S,05112.74937,W,0.015,,090926,,,F,V*1B
$GNVTG,,T,,M,0.015,N,0.027,K,D*39
$GNGGA,162901.00,3001.74222,S,05112.74937,W,5,12,1.09,48.6,M,4.8,M,2.0,0920*64
$GNGSA,M,3,29,31,05,12,13,21,23,25,28,,,,2.12,1.09,1.82,1*0D
$GNGSA,M,3,10,11,12,16,25,02,,,,,,,2.12,1.09,1.82,3*0D
$GNGSA,M,3,35,39,19,26,29,31,,,,,,,2.12,1.09,1.82,4*03
$GPGSV,2,1,05,05,42,104,47,12,34,044,51,13,28,037,43,23,10,353,17,1*6F
$GPGSV,2,2,05,25,71,031,51,1*56
$GPGSV,1,1,01,18,58,293,17,5*5B
$GPGSV,3,1,09,05,42,104,45,12,34,044,42,13,28,037,36,21,18,132,17,6*68
$GPGSV,3,2,09,23,10,353,25,25,71,031,45,28,30,275,21,29,58,179,17,6*6E
$GPGSV,3,3,09,31,21,243,16,6*59
$GPGSV,2,1,07,13,28,037,37,18,58,293,21,21,18,132,25,23,10,353,38,8*6D
$GPGSV,2,2,07,25,71,031,53,26,13,222,14,28,30,275,20,8*55
$GPGSV,1,1,01,15,01,046,,0*53
$GAGSV,2,1,08,02,21,223,21,10,49,143,36,11,79,153,29,12,25,141,26,1*76
$GAGSV,2,2,08,14,26,100,27,16,50,058,48,25,75,194,23,36,47,317,13,1*72
$GAGSV,1,1,02,10,49,143,34,16,50,058,49,5*7C
$GAGSV,2,1,08,02,21,223,21,10,49,143,29,11,79,153,25,12,25,141,28,7*7C
$GAGSV,2,2,08,14,26,100,19,16,50,058,46,25,75,194,30,36,47,317,13,7*75
$GBGSV,2,1,07,11,12,121,14,19,15,058,14,24,15,222,19,29,33,131,36,3*75
$GBGSV,2,2,07,35,63,210,20,36,03,024,22,39,46,358,48,3*4B
$GBGSV,3,1,10,12,17,085,19,19,15,058,26,20,13,104,15,24,15,222,16,5*72
$GBGSV,3,2,10,26,53,256,20,29,33,131,41,31,28,271,16,35,63,210,19,5*7D
$GBGSV,3,3,10,36,03,024,16,39,46,358,46,5*70
$GBGSV,3,1,11,11,12,121,10,19,15,058,22,20,13,104,12,22,01,011,17,8*7D
$GBGSV,3,2,11,24,15,222,22,26,53,256,19,29,33,131,39,31,28,271,21,8*78
$GBGSV,3,3,11,35,63,210,20,36,03,024,08,39,46,358,47,8*40
$GNGLL,3001.74222,S,05112.74937,W,162901.00,A,D*7A
$GNRMC,162902.00,A,3001.74223,S,05112.74937,W,0.005,,090926,,,F,V*18
$GNVTG,,T,,M,0.005,N,0.009,K,D*34
$GNGGA,162902.00,3001.74223,S,05112.74937,W,5,12,1.09,48.6,M,4.8,M,2.0,0920*66
$GNGSA,M,3,29,31,05,12,13,21,23,25,28,,,,2.12,1.09,1.82,1*0D
$GNGSA,M,3,10,11,12,16,25,02,,,,,,,2.12,1.09,1.82,3*0D
$GNGSA,M,3,35,39,19,26,29,,,,,,,,2.12,1.09,1.82,4*01
$GPGSV,2,1,05,05,42,104,47,12,34,044,51,13,28,037,43,23,10,353,18,1*60
$GPGSV,2,2,05,25,71,031,51,1*56
$GPGSV,3,1,10,05,42,104,45,12,34,044,42,13,28,037,36,18,58,293,16,6*67
$GPGSV,3,2,10,21,18,132,18,23,10,353,25,25,71,031,45,28,30,275,22,6*69
$GPGSV,3,3,10,29,58,179,17,31,21,243,17,6*6F
$GPGSV,2,1,07,13,28,037,37,18,58,293,21,21,18,132,25,23,10,353,38,8*6D
$GPGSV,2,2,07,25,71,031,53,26,13,222,14,28,30,275,20,8*55
$GPGSV,1,1,01,15,01,046,,0*53
$GAGSV,2,1,08,02,21,223,20,10,49,143,36,11,79,153,29,12,25,141,26,1*77
$GAGSV,2,2,08,14,26,100,27,16,50,058,48,25,75,194,23,36,47,317,13,1*72
$GAGSV,1,1,02,10,49,143,33,16,50,058,49,5*7B
$GAGSV,2,1,08,02,21,223,21,10,49,143,29,11,79,153,25,12,25,141,28,7*7C
$GAGSV,2,2,08,14,26,100,20,16,50,058,46,25,75,194,30,36,47,317,12,7*7E
$GBGSV,2,1,07,11,12,121,13,19,15,058,14,24,15,222,19,29,33,131,35,3*71
$GBGSV,2,2,07,35,63,210,21,36,03,024,22,39,46,358,48,3*4A
$GBGSV,3,1,10,12,17,085,19,19,15,058,26,20,13,104,15,24,15,222,16,5*72
$GBGSV,3,2,10,26,53,256,19,29,33,131,41,31,28,271,15,35,63,210,19,5*74
$GBGSV,3,3,10,36,03,024,15,39,46,358,46,5*73
$GBGSV,3,1,09,19,15,058,22,20,13,104,14,22,01,011,16,24,15,222,22,8*73
$GBGSV,3,2,09,26,53,256,19,29,33,131,39,31,28,271,21,35,63,210,20,8*73
$GBGSV,3,3,09,39,46,358,47,8*43
$GNGLL,3001.74223,S,05112.74937,W,162902.00,A,D*78
$GNRMC,162903.00,A,3001.74223,S,05112.74938,W,0.015,,090926,,,F,V*17
$GNVTG,,T,,M,0.015,N,0.027,K,D*39
$GNGGA,162903.00,3001.74223,S,05112.74938,W,5,12,1.09,48.6,M,4.8,M,2.0,0920*68
$GNGSA,M,3,29,31,05,12,13,21,23,25,28,,,,2.12,1.09,1.82,1*0D
$GNGSA,M,3,10,11,12,16,25,02,,,,,,,2.12,1.09,1.82,3*0D
$GNGSA,M,3,35,39,19,26,29,31,,,,,,,2.12,1.09,1.82,4*03
$GPGSV,2,1,05,05,42,104,47,12,34,044,51,13,28,037,43,23,10,353,19,1*61
$GPGSV,2,2,05,25,71,031,51,1*56
$GPGSV,3,1,10,05,42,104,45,12,34,044,42,13,28,037,36,18,58,293,14,6*65
$GPGSV,3,2,10,21,18,132,18,23,10,353,25,25,71,031,45,28,30,275,22,6*69
$GPGSV,3,3,10,29,58,179,17,31,21,243,16,6*6E
$GPGSV,2,1,06,13,28,037,37,18,58,293,21,21,18,132,25,23,10,353,38,8*6C
$GPGSV,2,2,06,25,71,031,53,26,13,222,14,8*6F
$GPGSV,1,1,01,15,01,046,,0*53
$GAGSV,2,1,08,02,21,223,20,10,49,143,36,11,79,153,29,12,25,141,26,1*77
$GAGSV,2,2,08,14,26,100,28,16,50,058,48,25,75,194,23,36,47,317,12,1*7C
$GAGSV,1,1,02,10,49,143,33,16,50,058,49,5*7B
$GAGSV,2,1,07,02,21,223,20,10,49,143,29,11,79,153,25,12,25,141,28,7*72
$GAGSV,2,2,07,14,26,100,21,16,50,058,46,25,75,194,30,7*40
$GBGSV,2,1,07,11,12,121,11,19,15,058,17,24,15,222,18,29,33,131,36,3*72
$GBGSV,2,2,07,35,63,210,20,36,03,024,22,39,46,358,48,3*4B
$GBGSV,3,1,10,12,17,085,19,19,15,058,26,20,13,104,14,24,15,222,17,5*72
$GBGSV,3,2,10,26,53,256,18,29,33,131,41,31,28,271,14,35,63,210,19,5*74
$GBGSV,3,3,10,36,03,024,15,39,46,358,46,5*73
$GBGSV,3,1,09,19,15,058,22,20,13,104,11,22,01,011,16,24,15,222,22,8*76
$GBGSV,3,2,09,26,53,256,19,29,33,131,39,31,28,271,22,35,63,210,20,8*70
$GBGSV,3,3,09,39,46,358,47,8*43
$GNGLL,3001.74223,S,05112.74938,W,162903.00,A,D*76
$GNRMC,162904.00,A,3001.74222,S,05112.74937,W,0.028,,090926,,,F,V*10
$GNVTG,,T,,M,0.028,N,0.051,K,D*36
$GNGGA,162904.00,3001.74222,S,05112.74937,W,5,12,1.09,48.6,M,4.8,M,2.0,0920*61
$GNGSA,M,3,29,31,05,12,13,21,23,25,28,,,,2.12,1.09,1.82,1*0D
$GNGSA,M,3,10,11,12,16,25,02,,,,,,,2.12,1.09,1.82,3*0D
$GNGSA,M,3,35,39,19,26,29,31,,,,,,,2.12,1.09,1.82,4*03
$GPGSV,2,1,05,05,42,104,47,12,34,044,51,13,28,037,43,23,10,353,20,1*6B
$GPGSV,2,2,05,25,71,031,51,1*56
$GPGSV,3,1,10,05,42,104,45,12,34,044,42,13,28,037,36,18,58,293,15,6*64
$GPGSV,3,2,10,21,17,133,18,23,10,353,25,25,71,031,45,28,30,275,22,6*67
$GPGSV,3,3,10,29,58,179,17,31,21,243,16,6*6E
$GPGSV,2,1,06,13,28,037,37,18,58,293,21,21,17,133,25,23,10,353,38,8*62
$GPGSV,2,2,06,25,71,031,53,26,13,222,14,8*6F
$GPGSV,1,1,01,15,01,046,,0*53
$GAGSV,2,1,08,02,21,223,20,10,49,143,36,11,79,153,29,12,25,141,26,1*77
$GAGSV,2,2,08,14,26,100,28,16,50,058,48,25,75,194,23,36,47,317,12,1*7C
$GAGSV,1,1,02,10,49,143,33,16,50,058,49,5*7B
$GAGSV,2,1,07,02,21,223,20,10,49,143,29,11,79,153,25,12,25,141,28,7*72
$GAGSV,2,2,07,14,26,100,22,16,50,058,46,25,75,194,30,7*43
$GBGSV,2,1,07,11,12,121,09,19,15,058,09,24,15,222,17,29,33,131,36,3*7B
$GBGSV,2,2,07,35,63,210,21,36,03,024,22,39,46,358,48,3*4A
$GBGSV,3,1,10,12,17,085,18,19,15,058,26,20,13,104,12,24,15,222,16,5*74
$GBGSV,3,2,10,26,53,256,18,29,33,131,41,31,28,271,15,35,63,210,19,5*75
$GBGSV,3,3,10,36,03,024,15,39,46,358,46,5*73
$GBGSV,3,1,09,19,15,058,23,20,13,104,11,22,01,011,16,24,15,222,22,8*77
$GBGSV,3,2,09,26,53,256,19,29,33,131,39,31,28,271,22,35,63,210,20,8*70
$GBGSV,3,3,09,39,46,358,47,8*43
$GNGLL,3001.74222,S,05112.74937,W,162904.00,A,D*7F
$GNRMC,162905.00,A,3001.74222,S,05112.74937,W,0.059,,090926,,,F,V*17
$GNVTG,,T,,M,0.059,N,0.110,K,D*34
$GNGGA,162905.00,3001.74222,S,05112.74937,W,5,12,1.09,48.6,M,4.8,M,2.0,0920*60
$GNGSA,M,3,29,31,05,12,13,18,21,23,25,28,,,2.12,1.09,1.82,1*04
$GNGSA,M,3,10,11,12,16,25,02,,,,,,,2.12,1.09,1.82,3*0D
$GNGSA,M,3,35,39,19,26,29,31,,,,,,,2.12,1.09,1.82,4*03
$GPGSV,2,1,05,05,42,104,47,12,34,044,51,13,28,037,43,23,10,353,21,1*6A
$GPGSV,2,2,05,25,71,031,51,1*56
$GPGSV,3,1,10,05,42,104,45,12,34,044,42,13,28,037,36,18,58,293,15,6*64
$GPGSV,3,2,10,21,17,133,18,23,10,353,26,25,71,031,45,28,30,275,22,6*64
$GPGSV,3,3,10,29,58,179,17,31,21,243,16,6*6E
$GPGSV,2,1,07,13,28,037,37,18,58,293,21,21,17,133,25,23,10,353,38,8*63
$GPGSV,2,2,07,25,71,031,53,26,13,222,13,28,30,275,23,8*51
$GPGSV,1,1,01,15,01,046,,0*53
$GAGSV,2,1,08,02,21,223,20,10,49,143,36,11,79,153,29,12,25,141,26,1*77
$GAGSV,2,2,08,14,26,100,29,16,50,058,48,25,75,194,23,36,47,317,13,1*7C
$GAGSV,1,1,02,10,49,143,33,16,50,058,49,5*7B
$GAGSV,2,1,07,02,21,223,19,10,49,143,30,11,79,153,25,12,25,141,28,7*70
$GAGSV,2,2,07,14,26,100,22,16,50,058,46,25,75,194,30,7*43
$GBGSV,2,1,07,11,12,121,08,19,15,058,12,24,15,222,17,29,33,131,36,3*70
$GBGSV,2,2,07,35,63,210,21,36,03,024,23,39,46,358,48,3*4B
$GBGSV,3,1,10,12,17,085,18,19,15,058,26,20,13,104,11,24,15,222,16,5*77
$GBGSV,3,2,10,26,53,256,18,29,33,131,41,31,28,271,14,35,63,210,19,5*74
$GBGSV,3,3,10,36,03,024,15,39,46,358,46,5*73
$GBGSV,2,1,08,19,15,058,23,22,01,011,17,24,15,222,22,26,53,256,19,8*78
$GBGSV,2,2,08,29,33,131,39,31,28,271,21,35,63,210,20,39,46,358,47,8*7D
$GNGLL,3001.74222,S,05112.74937,W,162905.00,A,D*7E
$GNRMC,162906.00,A,3001.74222,S,05112.74937,W,0.034,,090926,,,F,V*1F
$GNVTG,,T,,M,0.034,N,0.063,K,D*3A
$GNGGA,162906.00,3001.74222,S,05112.74937,W,5,12,1.09,48.6,M,4.8,M,2.0,0920*63
$GNGSA,M,3,29,31,05,12,13,18,21,23,25,28,,,2.12,1.09,1.82,1*04
$GNGSA,M,3,10,11,12,16,25,02,,,,,,,2.12,1.09,1.82,3*0D
$GNGSA,M,3,35,39,19,26,29,31,,,,,,,2.12,1.09,1.82,4*03
$GPGSV,2,1,05,05,42,104,47,12,34,044,51,13,28,037,43,23,10,354,21,1*6D
$GPGSV,2,2,05,25,71,031,51,1*56
$GPGSV,3,1,10,05,42,104,45,12,34,044,42,13,28,037,36,18,58,293,16,6*67
$GPGSV,3,2,10,21,17,133,19,23,10,354,26,25,71,031,45,28,30,275,22,6*62
$GPGSV,3,3,10,29,58,179,18,31,21,243,15,6*62
$GPGSV,2,1,06,13,28,037,37,18,58,293,21,21,17,133,25,23,10,354,38,8*65
$GPGSV,2,2,06,25,71,031,53,26,13,222,13,8*68
$GPGSV,1,1,01,15,01,046,,0*53
$GAGSV,2,1,08,02,21,223,20,10,49,143,36,11,79,153,29,12,25,141,26,1*77
$GAGSV,2,2,08,14,26,100,29,16,50,058,48,25,75,194,24,36,47,317,14,1*7C
$GAGSV,1,1,02,10,49,143,34,16,50,058,49,5*7C
$GAGSV,2,1,07,02,21,223,20,10,49,143,30,11,79,153,25,12,25,141,28,7*7A
$GAGSV,2,2,07,14,26,100,23,16,50,058,46,25,75,194,30,7*42
$GBGSV,2,1,07,11,12,121,10,19,15,058,15,24,15,222,16,29,33,131,35,3*7C
$GBGSV,2,2,07,35,63,210,21,36,03,024,23,39,46,358,48,3*4B
$GBGSV,3,1,10,12,17,085,18,19,15,058,26,20,13,104,11,24,15,222,14,5*75
$GBGSV,3,2,10,26,53,256,17,29,33,131,41,31,28,271,13,35,63,210,19,5*7C
$GBGSV,3,3,10,36,03,024,14,39,46,358,46,5*72
$GBGSV,2,1,08,19,15,058,23,22,01,011,17,24,15,222,21,26,53,256,19,8*7B
$GBGSV,2,2,08,29,33,131,39,31,28,271,21,35,63,210,20,39,46,358,47,8*7D
$GNGLL,3001.74222,S,05112.74937,W,162906.00,A,D*7D
$GNRMC,162907.00,A,3001.74222,S,05112.74938,W,0.021,,090926,,,F,V*15
$GNVTG,,T,,M,0.021,N,0.039,K,D*31
$GNGGA,162907.00,3001.74222,S,05112.74938,W,5,12,1.09,48.6,M,4.8,M,2.0,0920*6D
$GNGSA,M,3,29,31,05,12,13,18,21,23,25,28,,,2.12,1.09,1.82,1*04
$GNGSA,M,3,10,11,12,16,25,02,,,,,,,2.12,1.09,1.82,3*0D
$GNGSA,M,3,35,39,19,26,29,31,,,,,,,2.12,1.09,1.82,4*03
$GPGSV,2,1,06,05,42,104,47,12,34,044,51,13,28,037,43,23,10,354,21,1*6E
$GPGSV,2,2,06,25,71,031,51,29,58,179,25,1*6B
$GPGSV,3,1,10,05,42,104,45,12,34,044,42,13,28,037,35,18,58,293,16,6*64
$GPGSV,3,2,10,21,17,133,19,23,10,354,26,25,71,031,45,28,30,275,22,6*62
$GPGSV,3,3,10,29,58,179,18,31,21,243,15,6*62
$GPGSV,2,1,07,13,28,037,37,18,58,293,21,21,17,133,25,23,10,354,38,8*64
$GPGSV,2,2,07,25,71,031,53,26,13,222,14,28,30,275,23,8*56
$GPGSV,1,1,01,15,01,046,,0*53
$GAGSV,2,1,08,02,21,223,20,10,49,143,36,11,79,153,29,12,25,141,26,1*77
$GAGSV,2,2,08,14,26,100,29,16,50,058,48,25,75,194,24,36,47,317,13,1*7B
$GAGSV,1,1,02,10,49,143,33,16,50,058,49,5*7B
$GAGSV,2,1,07,02,21,223,20,10,49,143,30,11,79,153,25,12,25,141,28,7*7A
$GAGSV,2,2,07,14,26,100,23,16,50,058,46,25,75,194,30,7*42
$GBGSV,2,1,07,11,12,121,09,19,15,058,16,24,15,222,17,29,33,131,36,3*75
$GBGSV,2,2,07,35,63,210,20,36,03,024,23,39,46,358,48,3*4A
$GBGSV,3,1,10,12,17,085,18,19,15,058,26,20,13,104,13,24,15,222,15,5*76
$GBGSV,3,2,10,26,53,256,17,29,33,131,41,31,28,271,11,35,63,210,19,5*7E
$GBGSV,3,3,10,36,03,024,13,39,46,358,46,5*75
$GBGSV,2,1,08,19,15,058,23,22,01,011,16,24,15,222,21,26,53,256,19,8*7A
$GBGSV,2,2,08,29,33,131,39,31,28,271,21,35,63,210,20,39,46,358,47,8*7D
$GNGLL,3001.74222,S,05112.74938,W,162907.00,A,D*73
$GNRMC,162908.00,A,3001.74222,S,05112.74937,W,0.026,,090926,,,F,V*12
$GNVTG,,T,,M,0.026,N,0.049,K,D*31
$GNGGA,162908.00,3001.74222,S,05112.74937,W,5,12,1.09,48.6,M,4.8,M,2.0,0920*6D
$GNGSA,M,3,29,31,05,12,13,18,21,23,25,28,,,2.12,1.09,1.82,1*04
$GNGSA,M,3,10,11,12,16,25,02,,,,,,,2.12,1.09,1.82,3*0D
$GNGSA,M,3,35,39,19,26,29,31,,,,,,,2.12,1.09,1.82,4*03
$GPGSV,2,1,06,05,42,104,47,12,34,044,51,13,28,037,43,23,10,354,22,1*6D
$GPGSV,2,2,06,25,70,030,51,29,58,179,25,1*6B
$GPGSV,3,1,10,05,42,104,45,12,34,044,42,13,28,037,35,18,58,293,15,6*67
$GPGSV,3,2,10,21,17,133,19,23,10,354,26,25,70,030,45,28,30,275,22,6*62
$GPGSV,3,3,10,29,58,179,18,31,21,243,16,6*61
$GPGSV,2,1,06,13,28,037,37,18,58,293,21,21,17,133,25,23,10,354,38,8*65
$GPGSV,2,2,06,25,70,030,53,26,13,222,15,8*6E
$GPGSV,1,1,01,15,01,046,,0*53
$GAGSV,2,1,08,02,21,223,21,10,49,143,36,11,79,153,29,12,25,141,26,1*76
$GAGSV,2,2,08,14,26,100,29,16,50,058,48,25,75,194,23,36,47,317,13,1*7C
$GAGSV,1,1,02,10,49,143,33,16,50,058,49,5*7B
$GAGSV,2,1,07,02,21,223,20,10,49,143,30,11,79,153,25,12,25,141,28,7*7A
$GAGSV,2,2,07,14,26,100,24,16,50,058,46,25,75,194,30,7*45
$GBGSV,2,1,07,11,12,121,10,19,15,058,16,24,15,222,16,29,33,131,35,3*7F
$GBGSV,2,2,07,35,63,210,20,36,03,024,23,39,46,358,48,3*4A
$GBGSV,3,1,10,12,17,085,18,19,15,058,26,20,13,104,14,24,15,222,15,5*71
$GBGSV,3,2,10,26,53,256,17,29,33,131,41,31,28,271,10,35,63,210,19,5*7F
$GBGSV,3,3,10,36,03,024,11,39,46,358,46,5*77
$GBGSV,2,1,08,19,15,058,22,22,01,011,16,24,15,222,21,26,53,256,19,8*7B
$GBGSV,2,2,08,29,33,131,39,31,28,271,21,35,63,210,20,39,46,358,47,8*7D
$GNGLL,3001.74222,S,05112.74937,W,162908.00,A,D*73
$GNRMC,162909.00,A,3001.74222,S,05112.74937,W,0.011,,090926,,,F,V*17
$GNVTG,,T,,M,0.011,N,0.020,K,D*3A
$GNGGA,162909.00,3001.74222,S,05112.74937,W,5,12,1.09,48.6,M,4.8,M,2.0,0920*6C
$GNGSA,M,3,29,31,05,12,13,18,21,23,25,28,,,2.12,1.09,1.82,1*04
$GNGSA,M,3,10,11,12,16,25,02,,,,,,,2.12,1.09,1.82,3*0D
$GNGSA,M,3,35,39,19,26,29,,,,,,,,2.12,1.09,1.82,4*01
$GPGSV,2,1,06,05,42,104,47,12,34,044,51,13,28,037,43,23,10,354,22,1*6D
$GPGSV,2,2,06,25,70,030,51,29,58,179,24,1*6A
$GPGSV,3,1,10,05,42,104,45,12,34,044,42,13,28,037,36,18,58,293,15,6*64
$GPGSV,3,2,10,21,17,133,19,23,10,354,26,25,70,030,45,28,30,275,22,6*62
$GPGSV,3,3,10,29,58,179,18,31,21,243,16,6*61
$GPGSV,2,1,06,13,28,037,37,18,58,293,22,21,17,133,25,23,10,354,38,8*66
$GPGSV,2,2,06,25,70,030,53,26,14,222,16,8*6A
$GPGSV,1,1,01,15,01,046,,0*53
$GAGSV,2,1,08,02,21,223,20,10,49,143,36,11,79,153,29,12,25,141,26,1*77
$GAGSV,2,2,08,14,26,100,29,16,50,058,48,25,75,194,23,36,47,317,12,1*7D
$GAGSV,1,1,02,10,49,143,33,16,50,058,49,5*7B
$GAGSV,2,1,07,02,21,223,20,10,49,143,30,11,79,153,25,12,25,141,28,7*7A
$GAGSV,2,2,07,14,26,100,25,16,50,058,46,25,75,194,30,7*44
$GBGSV,2,1,07,11,12,121,09,19,15,058,16,24,15,222,14,29,33,131,35,3*75
$GBGSV,2,2,07,35,63,210,20,36,03,024,23,39,46,358,48,3*4A
$GBGSV,3,1,10,12,17,085,18,19,15,058,26,20,13,104,14,24,15,222,15,5*71
$GBGSV,3,2,10,26,53,256,17,29,33,131,41,31,28,271,11,35,63,210,19,5*7E
$GBGSV,3,3,10,36,03,024,11,39,46,358,46,5*77
$GBGSV,2,1,08,19,15,058,23,22,01,011,15,24,15,222,21,26,53,256,19,8*79
$GBGSV,2,2,08,29,33,131,39,31,28,271,20,35,63,210,20,39,46,358,47,8*7C
$GNGLL,3001.74222,S,05112.74937,W,162909.00,A,D*72
$GNRMC,162910.00,A,3001.74222,S,05112.74937,W,0.018,,090926,,,F,V*16
$GNVTG,,T,,M,0.018,N,0.034,K,D*36
$GNGGA,162910.00,3001.74222,S,05112.74937,W,5,12,1.09,48.6,M,4.8,M,2.0,0920*64
$GNGSA,M,3,29,31,05,12,13,18,21,23,25,28,,,2.12,1.09,1.82,1*04
$GNGSA,M,3,10,11,12,16,25,02,,,,,,,2.12,1.09,1.82,3*0D
$GNGSA,M,3,35,39,19,26,29,31,,,,,,,2.12,1.09,1.82,4*03
$GPGSV,2,1,06,05,42,104,47,12,34,044,51,13,28,037,43,23,10,354,22,1*6D
$GPGSV,2,2,06,25,70,030,51,29,58,179,24,1*6A
$GPGSV,3,1,10,05,42,104,45,12,34,044,42,13,28,037,35,18,58,293,17,6*65
$GPGSV,3,2,10,21,17,133,19,23,10,354,26,25,70,030,45,28,30,275,21,6*61
$GPGSV,3,3,10,29,58,179,18,31,21,243,15,6*62
$GPGSV,2,1,07,13,28,037,37,18,58,293,22,21,17,133,25,23,10,354,38,8*67
$GPGSV,2,2,07,25,70,030,53,26,14,222,16,28,30,275,23,8*53
$GPGSV,1,1,01,15,01,046,,0*53
$GAGSV,2,1,08,02,21,223,20,10,49,143,36,11,79,153,29,12,25,141,26,1*77
$GAGSV,2,2,08,14,26,100,30,16,50,058,48,25,75,194,23,36,47,317,13,1*74
$GAGSV,1,1,02,10,49,143,33,16,50,058,49,5*7B
$GAGSV,2,1,07,02,21,223,19,10,49,143,30,11,79,153,25,12,25,141,28,7*70
$GAGSV,2,2,07,14,26,100,25,16,50,058,46,25,75,194,30,7*44
$GBGSV,2,1,07,11,12,121,09,19,15,058,15,24,15,222,12,29,33,131,35,3*70
$GBGSV,2,2,07,35,63,210,20,36,03,024,23,39,46,358,48,3*4A
$GBGSV,3,1,10,12,17,085,18,19,15,058,26,20,13,104,12,24,15,222,15,5*77
$GBGSV,3,2,10,26,53,256,16,29,33,131,41,31,28,271,09,35,63,210,19,5*76
$GBGSV,3,3,10,36,03,024,10,39,46,358,46,5*76
$GBGSV,2,1,08,19,15,058,23,22,01,011,14,24,15,222,20,26,53,256,19,8*79
$GBGSV,2,2,08,29,33,131,39,31,28,271,20,35,63,210,20,39,46,358,47,8*7C
$GNGLL,3001.74222,S,05112.74937,W,162910.00,A,D*7A
$GNRMC,162911.00,A,3001.74222,S,05112.74937,W,0.018,,090926,,,F,V*17
$GNVTG,,T,,M,0.018,N,0.034,K,D*36
$GNGGA,162911.00,3001.74222,S,05112.74937,W,5,12,1.09,48.6,M,4.8,M,2.0,0920*65
$GNGSA,M,3,29,31,05,12,13,18,21,23,25,28,,,2.12,1.09,1.82,1*04
$GNGSA,M,3,10,11,12,16,25,02,,,,,,,2.12,1.09,1.82,3*0D
$GNGSA,M,3,35,39,19,26,29,31,,,,,,,2.12,1.09,1.82,4*03
$GPGSV,2,1,06,05,42,104,47,12,34,044,51,13,28,037,43,23,10,354,21,1*6E
$GPGSV,2,2,06,25,70,030,51,29,58,179,24,1*6A
$GPGSV,3,1,10,05,42,104,45,12,34,044,42,13,28,037,36,18,58,293,18,6*69
$GPGSV,3,2,10,21,17,133,20,23,10,354,26,25,70,030,45,28,29,276,21,6*60
$GPGSV,3,3,10,29,58,179,18,31,21,243,16,6*61
$GPGSV,2,1,07,13,28,037,37,18,58,293,22,21,17,133,25,23,10,354,38,8*67
$GPGSV,2,2,07,25,70,030,53,26,14,222,15,28,29,276,23,8*5B
$GPGSV,1,1,01,15,01,046,,0*53
$GAGSV,2,1,08,02,21,223,20,10,49,143,36,11,79,153,29,12,25,141,26,1*77
$GAGSV,2,2,08,14,26,100,30,16,50,058,48,25,75,194,23,36,47,317,12,1*75
$GAGSV,1,1,02,10,49,143,33,16,50,058,49,5*7B
$GAGSV,2,1,07,02,21,223,19,10,49,143,30,11,79,153,25,12,25,141,27,7*7F
$GAGSV,2,2,07,14,26,100,26,16,50,058,46,25,75,194,30,7*47
$GBGSV,2,1,07,19,15,058,14,24,15,222,12,24,15,222,12,29,33,131,35,3*7A
$GBGSV,2,2,07,35,63,210,20,36,03,024,23,39,46,358,48,3*4A
$GBGSV,3,1,10,12,17,085,19,19,15,058,26,20,13,104,11,24,15,222,16,5*76
$GBGSV,3,2,10,26,53,256,16,29,33,131,41,31,28,271,11,35,63,210,18,5*7E
$GBGSV,3,3,10,36,03,024,08,39,46,358,46,5*7F
$GBGSV,2,1,08,19,15,058,23,22,01,011,13,24,15,222,19,26,53,256,19,8*74
$GBGSV,2,2,08,29,33,131,39,31,28,271,20,35,63,210,21,39,46,358,47,8*7D
$GBGSV,1,1,01,11,12,121,,0*47
$GNGLL,3001.74222,S,05112.74937,W,162911.00,A,D*7B
$GNRMC,162912.00,A,3001.74222,S,05112.74936,W,0.042,,090926,,,F,V*1A
$GNVTG,,T,,M,0.042,N,0.077,K,D*3E
$GNGGA,162912.00,3001.74222,S,05112.74936,W,5,12,1.09,48.6,M,4.8,M,2.0,0920*67
$GNGSA,M,3,29,31,05,12,13,18,21,23,25,28,,,2.12,1.09,1.81,1*07
$GNGSA,M,3,10,11,12,16,25,02,,,,,,,2.12,1.09,1.81,3*0E
$GNGSA,M,3,35,39,19,26,29,31,,,,,,,2.12,1.09,1.81,4*00
$GPGSV,2,1,06,05,42,104,47,12,34,044,51,13,28,037,43,23,10,354,21,1*6E
$GPGSV,2,2,06,25,70,030,51,29,58,177,24,1*64
$GPGSV,3,1,10,05,42,104,45,12,34,044,42,13,28,037,35,18,58,293,18,6*6A
$GPGSV,3,2,10,21,17,133,20,23,10,354,27,25,70,030,45,28,29,276,21,6*61
$GPGSV,3,3,10,29,58,177,18,31,21,243,16,6*6F
$GPGSV,2,1,07,13,28,037,37,18,58,293,22,21,17,133,24,23,10,354,38,8*66
$GPGSV,2,2,07,25,70,030,53,26,14,222,16,28,29,276,23,8*58
$GPGSV,1,1,01,15,01,046,,0*53
$GAGSV,2,1,08,02,21,223,20,10,49,143,36,11,79,153,29,12,25,141,26,1*77
$GAGSV,2,2,08,14,26,100,30,16,50,058,48,25,75,194,23,36,47,317,11,1*76
$GAGSV,1,1,02,10,49,143,33,16,50,058,49,5*7B
$GAGSV,2,1,07,02,21,223,19,10,49,143,30,11,79,153,25,12,25,141,28,7*70
$GAGSV,2,2,07,14,26,100,26,16,50,058,46,25,75,194,30,7*47
$GBGSV,2,1,07,19,15,058,12,24,15,222,09,24,15,222,09,29,33,131,35,3*7C
$GBGSV,2,2,07,35,63,210,19,36,03,024,23,39,46,358,48,3*40
$GBGSV,3,1,10,12,17,085,19,19,15,058,26,20,13,104,12,24,15,222,15,5*76
$GBGSV,3,2,10,26,53,256,16,29,33,131,41,31,28,271,13,35,63,210,18,5*7C
$GBGSV,3,3,10,36,03,024,09,39,46,358,46,5*7E
$GBGSV,2,1,08,19,15,058,22,22,01,011,14,24,15,222,18,26,53,256,19,8*73
$GBGSV,2,2,08,29,33,131,39,31,28,271,20,35,63,210,21,39,46,358,47,8*7D
$GBGSV,1,1,01,11,12,121,,0*47
$GNGLL,3001.74222,S,05112.74936,W,162912.00,A,D*79
$GNRMC,162913.00,A,3001.74222,S,05112.74937,W,0.044,,090926,,,F,V*1C
$GNVTG,,T,,M,0.044,N,0.081,K,D*31
$GNGGA,162913.00,3001.74222,S,05112.74937,W,5,12,1.09,48.6,M,4.8,M,2.0,0920*67
$GNGSA,M,3,29,31,05,12,13,18,21,23,25,28,,,2.12,1.09,1.81,1*07
$GNGSA,M,3,10,11,12,16,25,02,,,,,,,2.12,1.09,1.81,3*0E
$GNGSA,M,3,35,39,19,26,29,31,,,,,,,2.12,1.09,1.81,4*00
$GPGSV,2,1,06,05,42,104,47,12,34,044,51,13,28,037,43,23,10,354,22,1*6D
$GPGSV,2,2,06,25,70,030,51,29,58,177,23,1*63
$GPGSV,3,1,10,05,42,104,45,12,34,044,42,13,28,037,35,18,58,293,18,6*6A
$GPGSV,3,2,10,21,17,133,20,23,10,354,27,25,70,030,45,28,29,276,20,6*60
$GPGSV,3,3,10,29,58,177,17,31,21,243,16,6*60
$GPGSV,2,1,07,13,28,037,37,18,58,293,22,21,17,133,24,23,10,354,38,8*66
$GPGSV,2,2,07,25,70,030,53,26,14,222,17,28,29,276,23,8*59
$GPGSV,1,1,01,15,01,046,,0*53
$GAGSV,2,1,08,02,21,223,20,10,49,143,36,11,79,153,29,12,25,141,26,1*77
$GAGSV,2,2,08,14,26,100,31,16,50,058,48,25,75,194,23,36,47,317,12,1*74
$GAGSV,1,1,02,10,49,143,33,16,50,058,49,5*7B
$GAGSV,2,1,07,02,21,223,19,10,49,143,31,11,79,153,25,12,25,141,28,7*71
$GAGSV,2,2,07,14,26,100,27,16,50,058,46,25,75,194,30,7*46
$GBGSV,2,1,05,19,15,058,10,29,33,131,35,35,63,210,20,36,03,024,22,3*7E
$GBGSV,2,2,05,39,46,358,48,3*4B
$GBGSV,3,1,10,12,17,085,19,19,15,058,26,20,13,104,12,24,15,222,15,5*76
$GBGSV,3,2,10,26,53,256,14,29,33,131,41,31,28,271,14,35,63,210,19,5*78
$GBGSV,3,3,10,36,03,024,10,39,46,358,46,5*76
$GBGSV,2,1,08,19,15,058,22,22,01,011,16,24,15,222,17,26,53,256,19,8*7E
$GBGSV,2,2,08,29,33,131,39,31,28,271,21,35,63,210,21,39,46,358,47,8*7C
$GBGSV,1,1,01,11,12,121,,0*47
$GNGLL,3001.74222,S,05112.74937,W,162913.00,A,D*79
$GNRMC,162914.00,A,3001.74222,S,05112.74938,W,0.015,,090926,,,F,V*10
$GNVTG,,T,,M,0.015,N,0.028,K,D*36
$GNGGA,162914.00,3001.74222,S,05112.74938,W,5,12,1.09,48.6,M,4.8,M,2.0,0920*6F
$GNGSA,M,3,29,31,05,12,13,18,21,23,25,28,,,2.12,1.09,1.81,1*07
$GNGSA,M,3,10,11,12,16,25,02,,,,,,,2.12,1.09,1.81,3*0E
$GNGSA,M,3,35,39,19,26,29,31,,,,,,,2.12,1.09,1.81,4*00
$GPGSV,2,1,06,05,42,104,47,12,34,044,51,13,28,037,43,23,10,354,22,1*6D
$GPGSV,2,2,06,25,70,030,51,29,58,177,23,1*63
$GPGSV,3,1,10,05,42,104,45,12,34,044,42,13,28,037,35,18,58,293,18,6*6A
$GPGSV,3,2,10,21,17,133,19,23,10,354,27,25,70,030,45,28,29,276,20,6*6A
$GPGSV,3,3,10,29,58,177,18,31,21,244,15,6*6B
$GPGSV,2,1,07,13,28,037,37,18,58,293,23,21,17,133,24,23,10,354,38,8*67
$GPGSV,2,2,07,25,70,030,53,26,14,222,17,28,29,276,23,8*59
$GPGSV,1,1,01,15,01,046,,0*53
$GAGSV,2,1,08,02,21,223,20,10,49,143,36,11,79,153,29,12,25,141,26,1*77
$GAGSV,2,2,08,14,26,100,31,16,50,058,48,25,75,194,23,36,47,317,13,1*75
$GAGSV,1,1,02,10,49,143,33,16,50,058,49,5*7B
$GAGSV,2,1,07,02,21,223,20,10,49,143,31,11,79,153,25,12,25,141,28,7*7B
$GAGSV,2,2,07,14,26,100,27,16,50,058,46,25,75,194,30,7*46
$GBGSV,2,1,05,19,15,058,09,29,33,131,35,35,63,210,19,36,03,024,22,3*7C
$GBGSV,2,2,05,39,46,358,48,3*4B
$GBGSV,3,1,10,12,17,085,18,19,15,058,26,20,13,104,11,24,15,222,15,5*74
$GBGSV,3,2,10,26,53,256,14,29,33,131,41,31,28,271,13,35,63,210,19,5*7F
$GBGSV,3,3,10,36,03,024,09,39,46,358,46,5*7E
$GBGSV,2,1,08,19,15,058,21,22,01,011,16,24,15,222,16,26,53,256,19,8*7C
$GBGSV,2,2,08,29,33,131,39,31,28,271,20,35,63,210,21,39,46,358,47,8*7D
$GBGSV,1,1,01,11,12,121,,0*47
$GNGLL,3001.74222,S,05112.74938,W,162914.00,A,D*71
$GNRMC,162915.00,A,3001.74222,S,05112.74937,W,0.028,,090926,,,F,V*10
$GNVTG,,T,,M,0.028,N,0.052,K,D*35
$GNGGA,162915.00,3001.74222,S,05112.74937,W,5,12,1.09,48.7,M,4.8,M,2.0,0920*60
$GNGSA,M,3,29,05,12,13,18,21,23,25,28,,,,2.06,1.09,1.75,1*0B
$GNGSA,M,3,10,11,12,16,25,02,,,,,,,2.06,1.09,1.75,3*00
$GNGSA,M,3,35,39,19,26,29,31,,,,,,,2.06,1.09,1.75,4*0E
$GPGSV,2,1,05,05,42,104,47,12,34,044,51,13,28,037,43,23,10,354,22,1*6E
$GPGSV,2,2,05,25,70,030,51,1*56
$GPGSV,3,1,10,05,42,104,45,12,34,044,42,13,28,037,35,18,58,293,18,6*6A
$GPGSV,3,2,10,21,17,133,19,23,10,354,27,25,70,030,45,28,29,276,20,6*6A
$GPGSV,3,3,10,29,58,177,19,31,21,244,14,6*6B
$GPGSV,2,1,07,13,28,037,37,18,58,293,23,21,17,133,23,23,10,354,38,8*60
$GPGSV,2,2,07,25,70,030,53,26,14,222,16,28,29,276,24,8*5F
$GPGSV,1,1,01,15,01,046,,0*53
$GAGSV,2,1,08,02,21,223,20,10,49,143,36,11,79,153,29,12,25,141,26,1*77
$GAGSV,2,2,08,14,26,100,31,16,50,058,48,25,75,194,23,36,47,317,11,1*77
$GAGSV,1,1,02,10,49,143,33,16,50,058,49,5*7B
$GAGSV,2,1,07,02,21,223,19,10,49,143,31,11,79,153,25,12,25,141,28,7*71
$GAGSV,2,2,07,14,26,100,28,16,50,058,46,25,75,194,30,7*49
$GBGSV,2,1,05,19,15,058,08,29,33,131,35,35,63,210,19,36,03,024,22,3*7D
$GBGSV,2,2,05,39,46,358,48,3*4B
$GBGSV,2,1,08,12,17,085,18,19,15,058,26,20,13,104,11,24,15,222,15,5*7C
$GBGSV,2,2,08,26,53,256,14,29,33,131,41,35,63,210,19,39,46,358,46,5*7D
$GBGSV,2,1,08,19,15,058,21,22,01,011,15,24,15,222,15,26,53,256,18,8*7D
$GBGSV,2,2,08,29,33,131,39,31,28,271,21,35,63,210,21,39,46,358,47,8*7C
$GBGSV,1,1,01,11,12,121,,0*47
$GNGLL,3001.74222,S,05112.74937,W,162915.00,A,D*7F
$GNRMC,162916.00,A,3001.74222,S,05112.74937,W,0.026,,090926,,,F,V*1D
$GNVTG,,T,,M,0.026,N,0.048,K,D*30
$GNGGA,162916.00,3001.74222,S,05112.74937,W,5,12,1.09,48.7,M,4.8,M,2.0,0920*63
$GNGSA,M,3,29,05,12,13,18,21,23,25,28,,,,2.06,1.09,1.75,1*0B
$GNGSA,M,3,10,11,12,16,25,02,,,,,,,2.06,1.09,1.75,3*00
$GNGSA,M,3,35,39,19,26,29,31,,,,,,,2.06,1.09,1.75,4*0E
$GPGSV,2,1,06,05,42,104,47,12,34,044,51,13,28,037,43,23,10,354,22,1*6D
$GPGSV,2,2,06,25,70,030,51,29,58,177,23,1*63
$GPGSV,3,1,10,05,42,104,45,12,34,044,42,13,28,037,35,18,58,293,18,6*6A
$GPGSV,3,2,10,21,17,133,20,23,10,354,27,25,70,030,45,28,29,276,20,6*60
$GPGSV,3,3,10,29,58,177,19,31,21,244,12,6*6D
$GPGSV,2,1,07,13,28,037,37,18,58,293,23,21,17,133,23,23,10,354,38,8*60
$GPGSV,2,2,07,25,70,030,53,26,14,222,15,28,29,276,24,8*5C
$GPGSV,1,1,01,15,01,046,,0*53
$GAGSV,2,1,08,02,21,223,20,10,49,143,36,11,79,153,29,12,25,141,26,1*77
$GAGSV,2,2,08,14,26,100,31,16,50,058,48,25,75,194,23,36,47,317,09,1*7E
$GAGSV,1,1,02,10,49,143,33,16,50,058,49,5*7B
$GAGSV,2,1,07,02,21,223,19,10,49,143,31,11,79,153,26,12,25,141,28,7*72
$GAGSV,2,2,07,14,26,100,28,16,50,058,46,25,75,194,30,7*49
$GBGSV,2,1,05,19,15,058,15,29,33,131,35,35,63,210,19,36,03,024,22,3*71
$GBGSV,2,2,05,39,46,358,48,3*4B
$GBGSV,2,1,08,12,17,085,18,19,15,058,26,20,13,104,12,24,15,222,14,5*7E
$GBGSV,2,2,08,26,53,256,14,29,33,131,41,35,63,210,19,39,46,358,46,5*7D
$GBGSV,2,1,08,19,15,058,21,22,01,011,11,24,15,222,13,26,53,256,18,8*7F
$GBGSV,2,2,08,29,33,131,39,31,28,271,20,35,63,210,21,39,46,358,47,8*7D
$GBGSV,1,1,01,11,12,121,,0*47
$GNGLL,3001.74222,S,05112.74937,W,162916.00,A,D*7C
$GNRMC,162917.00,A,3001.74222,S,05112.74936,W,0.019,,090926,,,F,V*11
$GNVTG,,T,,M,0.019,N,0.035,K,D*36
$GNGGA,162917.00,3001.74222,S,05112.74936,W,5,12,1.09,48.7,M,4.8,M,2.0,0920*63
$GNGSA,M,3,29,05,12,13,18,21,23,25,28,,,,2.11,1.09,1.81,1*06
$GNGSA,M,3,10,11,12,16,25,02,,,,,,,2.11,1.09,1.81,3*0D
$GNGSA,M,3,35,39,19,26,29,,,,,,,,2.11,1.09,1.81,4*01
$GPGSV,2,1,07,05,42,104,47,12,34,044,51,13,28,037,43,21,17,133,30,1*69
$GPGSV,2,2,07,23,10,354,22,25,70,030,51,29,58,177,24,1*57
$GPGSV,3,1,10,05,42,104,45,12,34,044,42,13,28,037,35,18,58,293,18,6*6A
$GPGSV,3,2,10,21,17,133,20,23,10,354,27,25,70,030,45,28,29,276,20,6*60
$GPGSV,3,3,10,29,58,177,20,31,21,244,12,6*67
$GPGSV,2,1,07,13,28,037,37,18,58,293,23,21,17,133,23,23,10,354,38,8*60
$GPGSV,2,2,07,25,70,030,53,26,14,222,15,28,29,276,24,8*5C
$GPGSV,1,1,01,15,01,046,,0*53
$GAGSV,2,1,08,02,21,223,21,10,49,143,36,11,79,153,29,12,25,141,26,1*76
$GAGSV,2,2,08,14,26,100,31,16,50,058,48,25,75,194,23,36,47,317,09,1*7E
$GAGSV,1,1,02,10,49,143,33,16,50,058,49,5*7B
$GAGSV,2,1,07,02,21,223,19,10,49,143,31,11,79,153,26,12,25,141,27,7*7D
$GAGSV,2,2,07,14,26,100,28,16,50,058,46,25,75,194,30,7*49
$GBGSV,2,1,05,19,15,058,10,29,33,131,35,35,63,210,19,36,03,024,22,3*74
$GBGSV,2,2,05,39,46,358,48,3*4B
$GBGSV,3,1,10,12,17,085,17,19,15,058,26,20,13,104,10,22,01,011,20,5*7D
$GBGSV,3,2,10,24,15,222,15,26,53,256,12,29,33,131,41,31,28,271,15,5*73
$GBGSV,3,3,10,35,63,210,19,39,46,358,46,5*7F
$GBGSV,2,1,08,19,15,058,21,22,01,011,09,24,15,222,13,26,53,256,18,8*76
$GBGSV,2,2,08,29,33,131,39,31,28,271,21,35,63,210,22,39,46,358,47,8*7F
$GBGSV,1,1,01,11,12,121,,0*47
$GNGLL,3001.74222,S,05112.74936,W,162917.00,A,D*7C
$GNRMC,162918.00,A,3001.74222,S,05112.74936,W,0.006,,090926,,,F,V*10
$GNVTG,,T,,M,0.006,N,0.010,K,D*3F
$GNGGA,162918.00,3001.74222,S,05112.74936,W,5,12,1.09,48.7,M,4.8,M,2.0,0920*6C
$GNGSA,M,3,29,05,12,13,18,21,23,25,28,,,,2.11,1.09,1.81,1*06
$GNGSA,M,3,10,11,12,16,25,02,,,,,,,2.11,1.09,1.81,3*0D
$GNGSA,M,3,35,39,19,26,29,,,,,,,,2.11,1.09,1.81,4*01
$GPGSV,2,1,07,05,42,104,47,12,34,044,51,13,28,037,43,21,17,133,29,1*61
$GPGSV,2,2,07,23,10,354,22,25,70,030,51,29,58,177,24,1*57
$GPGSV,3,1,10,05,42,104,45,12,34,044,42,13,28,037,35,18,58,293,18,6*6A
$GPGSV,3,2,10,21,17,133,20,23,10,354,27,25,70,030,45,28,29,276,20,6*60
$GPGSV,3,3,10,29,58,177,19,31,21,244,11,6*6E
$GPGSV,2,1,07,13,28,037,37,18,58,293,24,21,17,133,23,23,10,354,38,8*67
$GPGSV,2,2,07,25,70,030,53,26,14,222,15,28,29,276,24,8*5C
$GPGSV,1,1,01,15,01,046,,0*53
$GAGSV,2,1,07,02,22,223,20,10,49,143,36,11,79,153,29,12,25,141,26,1*7B
$GAGSV,2,2,07,14,26,100,31,16,50,058,48,25,75,194,23,1*4B
$GAGSV,1,1,02,10,49,143,33,16,50,058,49,5*7B
$GAGSV,2,1,07,02,22,223,19,10,49,143,31,11,79,153,25,12,25,141,27,7*7D
$GAGSV,2,2,07,14,26,100,28,16,50,058,46,25,75,194,30,7*49
$GAGSV,1,1,01,36,47,317,,0*46
$GBGSV,2,1,05,19,15,058,13,29,33,131,36,35,63,210,19,36,03,024,21,3*77
$GBGSV,2,2,05,39,46,358,48,3*4B
$GBGSV,3,1,10,12,17,085,18,19,15,058,26,20,13,104,10,22,01,011,19,5*78
$GBGSV,3,2,10,24,15,222,15,26,53,256,12,29,33,131,41,31,28,271,16,5*70
$GBGSV,3,3,10,35,63,210,20,39,46,358,46,5*75
$GBGSV,2,1,08,19,15,058,20,22,01,011,08,24,15,222,11,26,53,256,18,8*74
$GBGSV,2,2,08,29,33,131,39,31,28,271,21,35,63,210,22,39,46,358,47,8*7F
$GBGSV,1,1,01,11,12,121,,0*47
$GNGLL,3001.74222,S,05112.74936,W,162918.00,A,D*73
$GNRMC,162919.00,A,3001.74222,S,05112.74937,W,0.011,,090926,,,F,V*16
$GNVTG,,T,,M,0.011,N,0.020,K,D*3A
$GNGGA,162919.00,3001.74222,S,05112.74937,W,5,12,1.09,48.7,M,4.8,M,2.0,0920*6C
$GNGSA,M,3,29,05,12,13,18,21,23,25,28,,,,2.11,1.09,1.81,1*06
$GNGSA,M,3,10,11,12,16,25,02,,,,,,,2.11,1.09,1.81,3*0D
$GNGSA,M,3,35,39,19,26,29,31,,,,,,,2.11,1.09,1.81,4*03
$GPGSV,2,1,07,05,42,104,47,12,34,044,51,13,28,037,43,21,17,133,28,1*60
$GPGSV,2,2,07,23,10,354,22,25,70,030,51,29,58,177,24,1*57
$GPGSV,3,1,10,05,42,104,45,12,34,044,42,13,28,037,35,18,58,293,18,6*6A
$GPGSV,3,2,10,21,17,133,20,23,10,354,27,25,70,030,45,28,29,276,20,6*60
$GPGSV,3,3,10,29,58,177,19,31,21,244,10,6*6F
$GPGSV,2,1,07,13,28,037,37,18,58,293,24,21,17,133,23,23,10,354,38,8*67
$GPGSV,2,2,07,25,70,030,53,26,14,222,15,28,29,276,25,8*5D
$GPGSV,1,1,01,15,01,046,,0*53
$GAGSV,2,1,07,02,22,223,20,10,49,143,36,11,79,153,29,12,25,141,26,1*7B
$GAGSV,2,2,07,14,26,100,32,16,50,058,48,25,75,194,23,1*48
$GAGSV,1,1,02,10,49,143,33,16,50,058,49,5*7B
$GAGSV,2,1,07,02,22,223,19,10,49,143,31,11,79,153,25,12,25,141,27,7*7D
$GAGSV,2,2,07,14,26,100,29,16,50,058,46,25,75,194,30,7*48
$GAGSV,1,1,01,36,47,317,,0*46
$GBGSV,2,1,06,19,15,058,11,26,53,256,22,29,33,131,35,35,63,210,19,3*75
$GBGSV,2,2,06,36,03,024,22,39,46,358,48,3*78
$GBGSV,3,1,10,12,17,085,19,19,15,058,26,20,13,104,10,22,01,011,19,5*79
$GBGSV,3,2,10,24,15,222,14,26,53,256,13,29,33,131,41,31,28,271,15,5*73
$GBGSV,3,3,10,35,63,210,19,39,46,358,46,5*7F
$GBGSV,2,1,07,19,15,058,21,22,01,011,09,26,53,256,18,29,33,131,39,8*79
$GBGSV,2,2,07,31,28,271,21,35,63,210,22,39,46,358,47,8*42
$GBGSV,1,1,01,11,12,121,,0*47
$GNGLL,3001.74222,S,05112.74937,W,162919.00,A,D*73
$GNRMC,162920.00,A,3001.74222,S,05112.74936,W,0.000,,090926,,,F,V*1D
$GNVTG,,T,,M,0.000,N,0.000,K,D*38
$GNGGA,162920.00,3001.74222,S,05112.74936,W,5,12,1.09,48.7,M,4.8,M,2.0,0920*67
$GNGSA,M,3,29,05,12,13,18,21,23,25,28,,,,2.11,1.09,1.81,1*06
$GNGSA,M,3,10,11,12,16,25,02,,,,,,,2.11,1.09,1.81,3*0D
$GNGSA,M,3,35,39,19,26,29,31,,,,,,,2.11,1.09,1.81,4*03
$GPGSV,2,1,06,05,42,104,47,12,34,044,51,13,28,037,43,23,10,354,22,1*6D
$GPGSV,2,2,06,25,70,030,51,29,58,177,24,1*64
$GPGSV,3,1,11,05,42,104,45,12,34,044,42,13,28,037,35,18,58,293,18,6*6B
$GPGSV,3,2,11,21,17,133,21,23,10,354,27,25,70,030,45,26,14,222,14,6*66
$GPGSV,3,3,11,28,29,276,21,29,58,177,19,31,21,244,12,6*5D
$GPGSV,2,1,07,13,28,037,37,18,58,293,25,21,17,133,23,23,10,354,38,8*66
$GPGSV,2,2,07,25,70,030,53,26,14,222,16,28,29,276,25,8*5E
$GPGSV,1,1,01,15,01,046,,0*53
$GAGSV,2,1,08,02,22,223,20,10,49,143,36,11,79,153,29,12,25,141,26,1*74
$GAGSV,2,2,08,14,26,100,32,16,50,058,48,25,75,194,23,36,47,317,16,1*73
$GAGSV,1,1,02,10,49,143,33,16,50,058,49,5*7B
$GAGSV,2,1,07,02,22,223,20,10,49,143,31,11,79,153,26,12,25,141,27,7*74
$GAGSV,2,2,07,14,26,100,29,16,50,058,46,25,75,194,31,7*49
$GBGSV,2,1,06,19,15,058,09,26,53,256,21,29,33,131,36,35,63,210,19,3*7C
$GBGSV,2,2,06,36,03,024,22,39,46,358,48,3*78
$GBGSV,3,1,10,12,17,085,19,19,15,058,26,20,13,104,12,22,01,011,18,5*7A
$GBGSV,3,2,10,24,15,222,11,26,53,256,14,29,33,131,41,31,28,271,15,5*71
$GBGSV,3,3,10,35,63,210,19,39,46,358,46,5*7F
$GBGSV,2,1,07,19,15,058,21,22,01,011,07,26,53,256,18,29,33,131,39,8*77
$GBGSV,2,2,07,31,28,271,20,35,63,210,22,39,46,358,47,8*43
$GBGSV,1,1,01,11,12,121,,0*47
$GNGLL,3001.74222,S,05112.74936,W,162920.00,A,D*78
$GNRMC,162921.00,A,3001.74221,S,05112.74936,W,0.021,,090926,,,F,V*1C
$GNVTG,,T,,M,0.021,N,0.038,K,D*30
$GNGGA,162921.00,3001.74221,S,05112.74936,W,5,12,1.14,48.7,M,4.8,M,2.0,0920*69
$GNGSA,M,3,29,05,12,13,23,25,,,,,,,2.36,1.14,2.07,1*02
$GNGSA,M,3,10,11,12,16,25,02,,,,,,,2.36,1.14,2.07,3*09
$GNGSA,M,3,35,39,19,26,29,31,,,,,,,2.36,1.14,2.07,4*07
$GPGSV,2,1,06,05,42,104,47,12,34,044,51,13,28,037,43,23,10,354,22,1*6D
$GPGSV,2,2,06,25,70,030,51,29,58,177,24,1*64
$GPGSV,3,1,11,05,42,104,45,12,34,044,42,13,28,037,35,18,58,293,19,6*6A
$GPGSV,3,2,11,21,17,133,21,23,10,354,27,25,70,030,45,26,14,222,14,6*66
$GPGSV,3,3,11,28,29,276,21,29,58,177,19,31,21,244,11,6*5E
$GPGSV,2,1,07,13,28,037,37,18,58,293,25,21,17,133,22,23,10,354,39,8*66
$GPGSV,2,2,07,25,70,030,53,26,14,222,15,28,29,276,25,8*5D
$GPGSV,1,1,01,15,01,046,,0*53
$GAGSV,2,1,08,02,22,223,20,10,49,143,37,11,79,153,29,12,25,141,26,1*75
$GAGSV,2,2,08,14,26,100,32,16,50,058,48,25,75,194,23,36,47,317,17,1*72
$GAGSV,1,1,03,10,49,143,33,14,26,100,33,16,50,058,49,5*4A
$GAGSV,2,1,07,02,22,223,20,10,49,143,31,11,79,153,26,12,25,141,28,7*7B
$GAGSV,2,2,07,14,26,100,29,16,50,058,46,25,75,194,31,7*49
$GBGSV,2,1,06,19,15,058,11,26,53,256,19,29,33,131,35,35,63,210,19,3*7D
$GBGSV,2,2,06,36,03,024,21,39,46,358,48,3*7B
$GBGSV,3,1,09,12,17,085,19,19,15,058,26,20,13,104,11,22,01,011,18,5*71
$GBGSV,3,2,09,26,53,256,15,29,33,131,41,31,28,271,16,35,63,210,18,5*72
$GBGSV,3,3,09,39,46,358,46,5*4F
$GBGSV,2,1,06,19,15,058,21,26,53,256,18,29,33,131,39,31,28,271,20,8*7E
$GBGSV,2,2,06,35,63,210,22,39,46,358,47,8*7C
$GBGSV,1,1,02,11,12,121,,24,15,222,,0*74
$GNGLL,3001.74221,S,05112.74936,W,162921.00,A,D*7A
$GNRMC,162922.00,A,3001.74221,S,05112.74936,W,0.020,,090926,,,F,V*1E
$GNVTG,,T,,M,0.020,N,0.038,K,D*31
$GNGGA,162922.00,3001.74221,S,05112.74936,W,5,12,1.09,48.7,M,4.8,M,2.0,0920*66
$GNGSA,M,3,29,05,12,13,18,21,23,25,28,,,,2.11,1.09,1.81,1*06
$GNGSA,M,3,10,11,12,16,25,02,,,,,,,2.11,1.09,1.81,3*0D
$GNGSA,M,3,35,39,19,26,29,31,,,,,,,2.11,1.09,1.81,4*03
$GPGSV,2,1,06,05,42,104,47,12,34,044,51,13,28,037,43,23,10,354,22,1*6D
$GPGSV,2,2,06,25,70,030,51,29,58,177,24,1*64
$GPGSV,3,1,11,05,42,104,45,12,34,044,42,13,28,037,35,18,58,293,20,6*60
$GPGSV,3,2,11,21,17,133,20,23,10,354,27,25,70,030,45,26,14,222,14,6*67
$GPGSV,3,3,11,28,29,276,21,29,58,177,20,31,21,244,12,6*57
$GPGSV,2,1,07,13,28,037,37,18,58,293,25,21,17,133,22,23,10,354,39,8*66
$GPGSV,2,2,07,25,70,030,53,26,14,222,13,28,29,276,25,8*5B
$GPGSV,1,1,01,15,01,046,,0*53
$GAGSV,2,1,08,02,22,223,20,10,49,143,36,11,79,153,29,12,25,141,26,1*74
$GAGSV,2,2,08,14,26,100,32,16,50,058,48,25,75,194,23,36,47,317,18,1*7D
$GAGSV,1,1,03,10,49,143,33,14,26,100,34,16,50,058,49,5*4D
$GAGSV,2,1,07,02,22,223,19,10,49,143,31,11,79,153,25,12,25,141,27,7*7D
$GAGSV,2,2,07,14,26,100,30,16,50,058,46,25,75,194,30,7*40
$GBGSV,2,1,06,19,15,058,12,26,53,256,19,29,33,131,35,35,63,210,19,3*7E
$GBGSV,2,2,06,36,03,024,21,39,46,358,48,3*7B
$GBGSV,3,1,09,12,17,085,19,19,15,058,26,20,13,104,09,22,01,011,18,5*78
$GBGSV,3,2,09,26,53,256,13,29,33,131,41,31,28,271,16,35,63,210,19,5*75
$GBGSV,3,3,09,39,46,358,46,5*4F
$GBGSV,2,1,06,19,15,058,21,26,53,256,18,29,33,131,39,31,28,271,21,8*7F
$GBGSV,2,2,06,35,63,210,22,39,46,358,47,8*7C
$GBGSV,1,1,02,11,12,121,,24,15,222,,0*74
$GNGLL,3001.74221,S,05112.74936,W,162922.00,A,D*79
$GNRMC,162923.00,A,3001.74221,S,05112.74936,W,0.019,,090926,,,F,V*15
$GNVTG,,T,,M,0.019,N,0.034,K,D*37
$GNGGA,162923.00,3001.74221,S,05112.74936,W,5,12,0.95,48.7,M,4.8,M,2.0,0920*63
$GNGSA,M,3,29,05,12,13,18,21,23,25,28,,,,1.89,0.95,1.63,1*0C
$GNGSA,M,3,10,11,12,16,25,36,02,,,,,,1.89,0.95,1.63,3*02
$GNGSA,M,3,35,39,19,26,29,,,,,,,,1.89,0.95,1.63,4*0B
$GPGSV,2,1,06,05,42,104,47,12,34,044,51,13,28,037,43,23,10,354,23,1*6C
$GPGSV,2,2,06,25,70,030,51,29,58,177,25,1*65
$GPGSV,3,1,11,05,42,104,45,12,34,044,42,13,28,037,36,18,58,293,19,6*69
$GPGSV,3,2,11,21,17,133,21,23,10,354,27,25,70,030,45,26,14,222,14,6*66
$GPGSV,3,3,11,28,29,276,20,29,58,177,19,31,21,244,12,6*5C
$GPGSV,2,1,07,13,28,037,37,18,58,293,25,21,17,133,23,23,10,354,39,8*67
$GPGSV,2,2,07,25,70,030,53,26,14,222,13,28,29,276,25,8*5B
$GPGSV,1,1,01,15,01,046,,0*53
$GAGSV,2,1,08,02,22,223,21,10,49,143,36,11,79,153,29,12,25,141,26,1*75
$GAGSV,2,2,08,14,26,100,32,16,50,058,48,25,75,194,23,36,47,317,18,1*7D
$GAGSV,1,1,03,10,49,143,33,14,26,100,34,16,50,058,49,5*4D
$GAGSV,2,1,07,02,22,223,19,10,49,143,32,11,79,153,25,12,25,141,27,7*7E
$GAGSV,2,2,07,14,26,100,30,16,50,058,46,25,75,194,30,7*40
$GBGSV,2,1,07,19,15,058,14,24,15,222,22,26,53,256,19,29,33,131,35,3*71
$GBGSV,2,2,07,35,63,210,19,36,03,024,21,39,46,358,48,3*42
$GBGSV,3,1,09,12,17,085,19,19,15,058,26,20,13,104,10,22,01,011,18,5*70
$GBGSV,3,2,09,26,53,256,13,29,33,131,41,31,28,271,16,35,63,210,18,5*74
$GBGSV,3,3,09,39,46,358,46,5*4F
$GBGSV,2,1,06,19,15,058,21,26,53,256,18,29,33,131,39,31,28,271,20,8*7E
$GBGSV,2,2,06,35,63,210,23,39,46,358,47,8*7D
$GBGSV,1,1,01,11,12,121,,0*47
$GNGLL,3001.74221,S,05112.74936,W,162923.00,A,D*78
$GNRMC,162924.00,A,3001.74221,S,05112.74936,W,0.015,,090926,,,F,V*1E
$GNVTG,,T,,M,0.015,N,0.027,K,D*39
$GNGGA,162924.00,3001.74221,S,05112.74936,W,5,12,0.95,48.7,M,4.8,M,2.0,0920*64
$GNGSA,M,3,29,05,12,13,18,21,23,25,28,,,,1.89,0.95,1.63,1*0C
$GNGSA,M,3,10,11,12,16,25,36,02,,,,,,1.89,0.95,1.63,3*02
$GNGSA,M,3,35,39,19,26,29,31,,,,,,,1.89,0.95,1.63,4*09
$GPGSV,2,1,06,05,42,104,47,12,34,044,51,13,28,037,43,23,10,354,23,1*6C
$GPGSV,2,2,06,25,70,030,51,29,58,177,25,1*65
$GPGSV,3,1,11,05,42,104,45,12,34,044,42,13,28,037,35,18,58,293,19,6*6A
$GPGSV,3,2,11,21,17,133,21,23,10,354,27,25,70,030,45,26,14,222,15,6*67
$GPGSV,3,3,11,28,29,276,20,29,58,177,19,31,21,244,11,6*5F
$GPGSV,2,1,07,13,28,037,37,18,58,293,25,21,17,133,23,23,10,354,39,8*67
$GPGSV,2,2,07,25,70,030,53,26,14,222,14,28,29,276,25,8*5C
$GPGSV,1,1,01,15,01,046,,0*53
$GAGSV,2,1,08,02,22,223,20,10,49,143,36,11,79,153,29,12,25,141,26,1*74
$GAGSV,2,2,08,14,26,100,32,16,50,058,48,25,75,194,23,36,47,317,17,1*72
$GAGSV,1,1,03,10,49,143,33,14,26,100,34,16,50,058,49,5*4D
$GAGSV,2,1,07,02,22,223,19,10,49,143,31,11,79,153,26,12,25,141,27,7*7E
$GAGSV,2,2,07,14,26,100,30,16,50,058,46,25,75,194,30,7*40
$GBGSV,2,1,07,19,15,058,13,24,15,222,22,26,53,256,19,29,33,131,36,3*75
$GBGSV,2,2,07,35,63,210,18,36,03,024,21,39,46,358,48,3*43
$GBGSV,2,1,08,12,17,085,19,19,15,058,26,22,01,011,17,26,53,256,13,5*7A
$GBGSV,2,2,08,29,33,131,41,31,28,271,16,35,63,210,19,39,46,358,46,5*70
$GBGSV,2,1,06,19,15,058,20,26,53,256,18,29,33,131,39,31,28,271,20,8*7F
$GBGSV,2,2,06,35,63,210,23,39,46,358,47,8*7D
$GBGSV,1,1,02,11,12,121,,20,13,104,,0*71
$GNGLL,3001.74221,S,05112.74936,W,162924.00,A,D*7F
$GNRMC,162925.00,A,3001.74221,S,05112.74936,W,0.013,,090926,,,F,V*19
$GNVTG,,T,,M,0.013,N,0.024,K,D*3C
$GNGGA,162925.00,3001.74221,S,05112.74936,W,5,12,0.95,48.7,M,4.8,M,2.0,0920*65
$GNGSA,M,3,29,05,12,13,18,21,23,25,28,,,,1.95,0.95,1.70,1*03
$GNGSA,M,3,10,11,12,16,25,36,02,,,,,,1.95,0.95,1.70,3*0D
$GNGSA,M,3,35,39,19,26,29,31,,,,,,,1.95,0.95,1.70,4*06
$GPGSV,2,1,06,05,42,104,47,12,34,044,51,13,28,037,43,23,10,354,23,1*6C
$GPGSV,2,2,06,25,70,030,51,29,58,177,25,1*65
$GPGSV,3,1,11,05,42,104,45,12,34,044,42,13,28,037,36,18,58,293,19,6*69
$GPGSV,3,2,11,21,17,133,21,23,10,354,27,25,70,030,45,26,14,222,15,6*67
$GPGSV,3,3,11,28,29,276,19,29,58,177,19,31,21,244,10,6*54
$GPGSV,2,1,07,13,28,037,37,18,58,293,26,21,17,133,22,23,10,354,39,8*65
$GPGSV,2,2,07,25,70,030,53,26,14,222,14,28,29,276,25,8*5C
$GPGSV,1,1,01,15,01,046,,0*53
$GAGSV,2,1,08,02,22,223,20,10,49,143,36,11,79,153,29,12,25,141,26,1*74
$GAGSV,2,2,08,14,26,100,32,16,50,058,48,25,75,194,23,36,47,316,17,1*73
$GAGSV,1,1,03,10,49,143,33,14,26,100,34,16,50,058,49,5*4D
$GAGSV,2,1,07,02,22,223,20,10,49,143,31,11,79,153,26,12,25,141,27,7*74
$GAGSV,2,2,07,14,26,100,30,16,50,058,46,25,75,194,30,7*40
$GBGSV,2,1,07,19,15,058,10,24,15,222,23,26,53,256,19,29,33,131,36,3*77
$GBGSV,2,2,07,35,63,210,18,36,03,024,21,39,46,358,48,3*43
$GBGSV,2,1,08,12,17,085,19,19,15,058,26,22,01,011,18,26,53,256,13,5*75
$GBGSV,2,2,08,29,33,131,41,31,28,271,16,35,63,210,20,39,46,358,46,5*7A
$GBGSV,2,1,06,19,15,058,21,26,53,256,18,29,33,131,39,31,28,271,21,8*7F
$GBGSV,2,2,06,35,63,210,23,39,46,358,47,8*7D
$GBGSV,1,1,02,11,12,121,,20,13,104,,0*71
$GNGLL,3001.74221,S,05112.74936,W,162925.00,A,D*7E
$GNRMC,162926.00,A,3001.74221,S,05112.74936,W,0.048,,090926,,,F,V*14
$GNVTG,,T,,M,0.048,N,0.090,K,D*3D
$GNGGA,162926.00,3001.74221,S,05112.74936,W,5,12,0.95,48.7,M,4.8,M,2.0,0920*66
$GNGSA,M,3,29,05,12,13,18,21,23,25,28,,,,1.95,0.95,1.70,1*03
$GNGSA,M,3,10,11,12,16,25,36,02,,,,,,1.95,0.95,1.70,3*0D
$GNGSA,M,3,35,39,19,26,29,31,,,,,,,1.95,0.95,1.70,4*06
$GPGSV,2,1,06,05,42,104,47,12,34,044,51,13,28,037,43,23,10,354,24,1*6B
$GPGSV,2,2,06,25,70,030,51,29,58,177,24,1*64
$GPGSV,3,1,10,05,42,104,45,12,34,044,42,13,28,037,35,18,58,293,19,6*6B
$GPGSV,3,2,10,21,17,133,21,23,10,354,27,25,70,030,45,26,14,222,15,6*66
$GPGSV,3,3,10,28,29,276,20,29,58,177,19,6*6D
$GPGSV,2,1,07,13,28,037,37,18,58,293,26,21,17,133,22,23,10,354,38,8*64
$GPGSV,2,2,07,25,70,030,53,26,14,222,15,28,29,276,25,8*5D
$GPGSV,1,1,02,15,01,046,,31,21,244,,0*63
$GAGSV,2,1,08,02,22,223,20,10,48,143,36,11,79,153,29,12,25,141,26,1*75
$GAGSV,2,2,08,14,26,100,33,16,50,058,48,25,75,194,23,36,47,316,17,1*72
$GAGSV,1,1,03,10,48,143,33,14,26,100,34,16,50,058,49,5*4C
$GAGSV,2,1,07,02,22,223,21,10,48,143,31,11,79,153,25,12,25,141,27,7*77
$GAGSV,2,2,07,14,26,100,31,16,50,058,46,25,75,194,30,7*41
$GBGSV,2,1,07,19,15,058,12,24,15,222,23,26,53,256,19,29,33,131,35,3*76
$GBGSV,2,2,07,35,63,210,17,36,03,024,21,39,46,358,48,3*4C
$GBGSV,2,1,08,12,17,085,19,19,15,058,26,22,01,011,19,26,53,256,13,5*74
$GBGSV,2,2,08,29,33,131,41,31,28,271,15,35,63,210,20,39,46,358,46,5*79
$GBGSV,2,1,06,19,15,058,20,26,53,256,18,29,33,131,39,31,28,271,21,8*7E
$GBGSV,2,2,06,35,63,210,23,39,46,358,47,8*7D
$GBGSV,1,1,02,11,12,121,,20,13,104,,0*71
$GNGLL,3001.74221,S,05112.74936,W,162926.00,A,D*7D
$GNRMC,162927.00,A,3001.74221,S,05112.74936,W,0.021,,090926,,,F,V*1A
$GNVTG,,T,,M,0.021,N,0.039,K,D*31
$GNGGA,162927.00,3001.74221,S,05112.74936,W,5,12,0.95,48.7,M,4.8,M,2.0,0920*67
$GNGSA,M,3,29,05,12,13,18,21,23,25,28,,,,1.95,0.95,1.70,1*03
$GNGSA,M,3,10,11,12,16,25,36,02,,,,,,1.95,0.95,1.70,3*0D
$GNGSA,M,3,35,39,19,26,29,31,,,,,,,1.95,0.95,1.70,4*06
$GPGSV,2,1,06,05,42,104,47,12,34,044,51,13,28,037,43,23,10,354,23,1*6C
$GPGSV,2,2,06,25,70,030,51,29,58,177,24,1*64
$GPGSV,3,1,10,05,42,104,45,12,34,044,42,13,28,037,36,18,58,293,18,6*69
$GPGSV,3,2,10,21,17,133,21,23,10,354,27,25,70,030,45,26,14,222,15,6*66
$GPGSV,3,3,10,28,29,276,20,29,58,177,19,6*6D
$GPGSV,2,1,07,13,28,037,37,18,58,293,26,21,17,133,22,23,10,354,39,8*65
$GPGSV,2,2,07,25,70,030,53,26,14,222,15,28,29,276,25,8*5D
$GPGSV,1,1,02,15,01,046,,31,21,244,,0*63
$GAGSV,2,1,08,02,22,223,20,10,48,143,36,11,78,153,29,12,25,141,26,1*74
$GAGSV,2,2,08,14,26,100,33,16,50,058,48,25,75,194,23,36,47,316,17,1*72
$GAGSV,1,1,03,10,48,143,33,14,26,100,34,16,50,058,49,5*4C
$GAGSV,2,1,07,02,22,223,21,10,48,143,31,11,78,153,26,12,25,141,27,7*75
$GAGSV,2,2,07,14,26,100,31,16,50,058,46,25,75,194,30,7*41
$GBGSV,2,1,07,19,15,058,10,24,15,222,23,26,53,256,19,29,33,131,36,3*77
$GBGSV,2,2,07,35,63,210,19,36,03,024,21,39,46,358,48,3*42
$GBGSV,2,1,08,12,17,085,19,19,15,058,26,22,01,011,19,26,53,256,11,5*76
$GBGSV,2,2,08,29,33,131,41,31,28,271,15,35,63,210,19,39,46,358,45,5*70
$GBGSV,2,1,06,19,15,058,20,26,53,256,18,29,33,131,39,31,28,271,21,8*7E
$GBGSV,2,2,06,35,63,210,23,39,46,358,47,8*7D
$GBGSV,1,1,02,11,12,121,,20,13,104,,0*71
$GNGLL,3001.74221,S,05112.74936,W,162927.00,A,D*7C
$GNRMC,162928.00,A,3001.74221,S,05112.74936,W,0.008,,090926,,,F,V*1E
$GNVTG,,T,,M,0.008,N,0.016,K,D*37
$GNGGA,162928.00,3001.74221,S,05112.74936,W,5,12,0.95,48.7,M,4.8,M,2.0,0920*68
$GNGSA,M,3,29,05,12,13,18,21,23,25,28,,,,1.89,0.95,1.63,1*0C
$GNGSA,M,3,10,11,12,16,25,36,02,,,,,,1.89,0.95,1.63,3*02
$GNGSA,M,3,35,39,19,26,29,31,,,,,,,1.89,0.95,1.63,4*09
$GPGSV,2,1,07,05,42,104,47,12,34,044,51,13,28,037,43,21,17,133,30,1*69
$GPGSV,2,2,07,23,10,354,24,25,70,030,51,29,58,177,25,1*50
$GPGSV,3,1,10,05,42,104,45,12,34,044,42,13,28,037,36,18,58,293,17,6*66
$GPGSV,3,2,10,21,17,133,21,23,10,354,27,25,70,030,45,26,14,222,15,6*66
$GPGSV,3,3,10,28,29,276,19,29,58,177,20,6*6D
$GPGSV,2,1,07,13,28,037,37,18,58,293,26,21,17,133,21,23,10,354,39,8*66
$GPGSV,2,2,07,25,70,030,53,26,14,222,15,28,29,276,25,8*5D
$GPGSV,1,1,02,15,01,046,,31,21,244,,0*63
$GAGSV,2,1,08,02,22,223,19,10,48,143,36,11,78,153,28,12,24,141,25,1*7D
$GAGSV,2,2,08,14,26,100,33,16,50,058,48,25,75,194,23,36,47,316,17,1*72
$GAGSV,1,1,03,10,48,143,33,14,26,100,34,16,50,058,49,5*4C
$GAGSV,2,1,07,02,22,223,20,10,48,143,31,11,78,153,26,12,24,141,27,7*75
$GAGSV,2,2,07,14,26,100,31,16,50,058,46,25,75,194,30,7*41
$GBGSV,2,1,07,19,15,058,13,24,15,222,23,26,53,256,19,29,33,131,36,3*74
$GBGSV,2,2,07,35,63,210,18,36,03,024,21,39,46,358,48,3*43
$GBGSV,2,1,08,12,17,085,19,19,15,058,26,22,01,011,20,26,53,256,09,5*75
$GBGSV,2,2,08,29,33,131,41,31,28,271,15,35,63,210,18,39,46,358,46,5*72
$GBGSV,2,1,06,19,15,058,20,26,53,256,18,29,33,131,39,31,28,271,22,8*7D
$GBGSV,2,2,06,35,63,210,23,39,46,358,47,8*7D
$GBGSV,1,1,02,11,12,121,,20,13,104,,0*71
$GNGLL,3001.74221,S,05112.74936,W,162928.00,A,D*73
$GNRMC,162929.00,A,3001.74222,S,05112.74937,W,0.025,,090926,,,F,V*12
$GNVTG,,T,,M,0.025,N,0.047,K,D*3C
$GNGGA,162929.00,3001.74222,S,05112.74937,W,5,12,0.95,48.7,M,4.8,M,2.0,0920*6B
$GNGSA,M,3,29,05,12,13,18,21,23,25,28,,,,1.95,0.95,1.70,1*03
$GNGSA,M,3,10,11,12,16,25,36,02,,,,,,1.95,0.95,1.70,3*0D
$GNGSA,M,3,35,39,19,26,29,31,,,,,,,1.95,0.95,1.70,4*06
$GPGSV,2,1,07,05,42,104,47,12,34,044,51,13,28,037,43,21,17,133,29,1*61
$GPGSV,2,2,07,23,10,354,24,25,70,030,51,29,58,177,25,1*50
$GPGSV,3,1,10,05,42,104,45,12,34,044,42,13,28,037,35,18,58,293,17,6*65
$GPGSV,3,2,10,21,17,133,21,23,10,354,27,25,70,030,45,26,14,222,14,6*67
$GPGSV,3,3,10,28,29,276,19,29,58,177,20,6*6D
$GPGSV,2,1,07,13,28,037,37,18,58,293,26,21,17,133,22,23,10,354,39,8*65
$GPGSV,2,2,07,25,70,030,53,26,14,222,15,28,29,276,26,8*5E
$GPGSV,1,1,02,15,01,046,,31,21,244,,0*63
$GAGSV,2,1,08,02,22,223,19,10,48,143,36,11,78,153,28,12,24,141,25,1*7D
$GAGSV,2,2,08,14,26,100,33,16,50,058,48,25,75,194,23,36,47,316,17,1*72
$GAGSV,1,1,03,10,48,143,33,14,26,100,34,16,50,058,49,5*4C
$GAGSV,2,1,07,02,22,223,20,10,48,143,32,11,78,153,25,12,24,141,27,7*75
$GAGSV,2,2,07,14,26,100,31,16,50,058,46,25,75,194,30,7*41
$GBGSV,2,1,07,19,15,058,11,24,15,222,23,26,53,256,19,29,33,131,35,3*75
$GBGSV,2,2,07,35,63,210,18,36,03,024,21,39,46,358,48,3*43
$GBGSV,2,1,08,12,17,085,19,19,15,058,26,22,01,011,20,26,53,256,08,5*74
$GBGSV,2,2,08,29,33,131,41,31,28,271,13,35,63,210,19,39,46,358,45,5*76
$GBGSV,2,1,06,19,15,058,19,26,53,256,18,29,33,131,39,31,28,271,22,8*77
$GBGSV,2,2,06,35,63,210,23,39,46,358,47,8*7D
$GBGSV,1,1,02,11,12,121,,20,13,104,,0*71
$GNGLL,3001.74222,S,05112.74937,W,162929.00,A,D*70
$GNRMC,162930.00,A,3001.74221,S,05112.74937,W,0.008,,090926,,,F,V*16
$GNVTG,,T,,M,0.008,N,0.015,K,D*34
$GNGGA,162930.00,3001.74221,S,05112.74937,W,5,12,0.95,48.7,M,4.8,M,2.0,0920*60
$GNGSA,M,3,29,05,12,13,18,21,23,25,28,,,,1.95,0.95,1.70,1*03
$GNGSA,M,3,10,11,12,16,25,36,02,,,,,,1.95,0.95,1.70,3*0D
$GNGSA,M,3,35,39,19,26,29,31,,,,,,,1.95,0.95,1.70,4*06
$GPGSV,2,1,06,05,42,104,47,12,34,044,51,13,28,037,43,21,17,133,29,1*60
$GPGSV,2,2,06,23,10,354,24,25,70,030,51,1*61
$GPGSV,3,1,10,05,42,104,45,12,34,044,42,13,28,037,36,18,58,293,16,6*67
$GPGSV,3,2,10,21,17,133,21,23,10,354,27,25,70,030,45,26,14,222,14,6*67
$GPGSV,3,3,10,28,29,276,18,29,58,177,20,6*6C
$GPGSV,2,1,07,13,28,037,37,18,58,293,26,21,17,133,22,23,10,354,39,8*65
$GPGSV,2,2,07,25,70,030,53,26,14,222,15,28,29,276,25,8*5D
$GPGSV,1,1,02,15,01,046,,31,21,244,,0*63
$GAGSV,2,1,08,02,22,223,19,10,48,143,36,11,78,153,28,12,24,141,25,1*7D
$GAGSV,2,2,08,14,26,100,33,16,50,058,48,25,75,194,23,36,47,316,17,1*72
$GAGSV,1,1,03,10,48,143,33,14,26,100,34,16,50,058,49,5*4C
$GAGSV,2,1,07,02,22,223,20,10,48,143,32,11,78,153,25,12,24,141,27,7*75
$GAGSV,2,2,07,14,26,100,32,16,50,058,46,25,75,194,30,7*42
$GBGSV,2,1,07,19,15,058,11,24,15,222,23,26,53,256,19,29,33,131,36,3*76
$GBGSV,2,2,07,35,63,210,18,36,03,024,21,39,46,358,48,3*43
$GBGSV,2,1,07,12,17,085,19,19,15,058,26,22,01,011,20,29,33,131,41,5*7D
$GBGSV,2,2,07,31,28,271,12,35,63,210,20,39,46,358,45,5*4F
$GBGSV,2,1,06,19,15,058,18,26,53,256,17,29,33,131,39,31,28,271,22,8*79
$GBGSV,2,2,06,35,63,210,24,39,46,358,47,8*7A
$GBGSV,1,1,02,11,12,121,,20,13,104,,0*71
$GNGLL,3001.74221,S,05112.74937,W,162930.00,A,D*7B
$GNRMC,162931.00,A,3001.74221,S,05112.74937,W,0.016,,090926,,,F,V*18
$GNVTG,,T,,M,0.016,N,0.029,K,D*34
$GNGGA,162931.00,3001.74221,S,05112.74937,W,5,12,0.95,48.7,M,4.8,M,2.0,0920*61
$GNGSA,M,3,29,05,12,13,18,21,23,25,28,,,,1.95,0.95,1.70,1*03
$GNGSA,M,3,10,11,12,16,25,36,02,,,,,,1.95,0.95,1.70,3*0D
$GNGSA,M,3,35,39,19,26,29,31,,,,,,,1.95,0.95,1.70,4*06
$GPGSV,2,1,05,05,42,104,47,12,34,044,51,13,28,037,44,23,10,354,25,1*6E
$GPGSV,2,2,05,25,70,030,51,1*56
$GPGSV,3,1,10,05,42,104,45,12,34,044,42,13,28,037,35,18,58,293,16,6*64
$GPGSV,3,2,10,21,17,133,21,23,10,354,27,25,70,030,45,26,14,222,14,6*67
$GPGSV,3,3,10,28,29,276,18,29,58,177,20,6*6C
$GPGSV,2,1,08,13,28,037,37,18,58,293,26,21,17,133,22,23,10,354,39,8*6A
$GPGSV,2,2,08,25,70,030,53,26,14,222,15,28,29,276,26,28,29,276,26,8*67
$GPGSV,1,1,02,15,01,046,,31,21,244,,0*63
$GAGSV,2,1,08,02,22,223,19,10,48,143,36,11,78,153,28,12,24,141,26,1*7E
$GAGSV,2,2,08,14,26,100,33,16,50,058,48,25,75,194,23,36,47,316,17,1*72
$GAGSV,1,1,03,10,48,143,33,14,26,100,34,16,50,058,49,5*4C
$GAGSV,2,1,07,02,22,223,20,10,48,143,32,11,78,153,25,12,24,141,27,7*75
$GAGSV,2,2,07,14,26,100,31,16,50,058,46,25,75,194,29,7*49
$GBGSV,2,1,07,19,15,058,08,24,15,222,23,26,53,256,18,29,33,131,36,3*7F
$GBGSV,2,2,07,35,63,210,18,36,03,024,21,39,46,358,48,3*43
$GBGSV,2,1,07,12,17,085,19,19,15,058,26,22,01,011,19,29,33,131,41,5*77
$GBGSV,2,2,07,31,28,271,12,35,63,210,20,39,46,358,45,5*4F
$GBGSV,2,1,07,19,15,058,17,26,53,256,16,29,33,131,39,31,28,271,22,8*76
$GBGSV,2,2,07,35,63,210,23,36,03,024,13,39,46,358,47,8*4E
$GBGSV,1,1,02,11,12,121,,20,13,104,,0*71
$GNGLL,3001.74221,S,05112.74937,W,162931.00,A,D*7A
$GNRMC,162932.00,A,3001.74221,S,05112.74937,W,0.026,,090926,,,F,V*18
$GNVTG,,T,,M,0.026,N,0.047,K,D*3F
$GNGGA,162932.00,3001.74221,S,05112.74937,W,5,12,0.95,48.7,M,4.8,M,2.0,0920*62
$GNGSA,M,3,29,05,12,13,18,21,23,25,28,,,,1.95,0.95,1.70,1*03
$GNGSA,M,3,10,11,12,16,25,36,02,,,,,,1.95,0.95,1.70,3*0D
$GNGSA,M,3,35,39,19,26,29,31,,,,,,,1.95,0.95,1.70,4*06
$GPGSV,2,1,05,05,42,104,47,12,34,044,51,13,28,037,44,23,10,354,25,1*6E
$GPGSV,2,2,05,25,70,030,51,1*56
$GPGSV,3,1,10,05,42,104,45,12,34,044,42,13,28,037,35,18,58,293,16,6*64
$GPGSV,3,2,10,21,17,133,22,23,10,354,27,25,70,030,45,26,14,222,15,6*65
$GPGSV,3,3,10,28,29,276,18,29,58,177,20,6*6C
$GPGSV,2,1,07,13,28,037,37,18,58,293,26,21,17,133,22,23,10,354,39,8*65
$GPGSV,2,2,07,25,70,030,53,26,14,222,14,28,29,276,25,8*5C
$GPGSV,1,1,02,15,01,046,,31,21,244,,0*63
$GAGSV,2,1,08,02,22,223,20,10,48,143,37,11,78,153,28,12,24,141,26,1*75
$GAGSV,2,2,08,14,26,100,33,16,49,057,48,25,75,194,23,36,47,316,18,1*7A
$GAGSV,1,1,03,10,48,143,33,14,26,100,34,16,49,057,49,5*4B
$GAGSV,2,1,07,02,22,223,20,10,48,143,32,11,78,153,25,12,24,141,27,7*75
$GAGSV,2,2,07,14,26,100,32,16,49,057,46,25,75,194,29,7*4D
$GBGSV,2,1,07,19,15,058,12,24,15,222,24,26,53,256,18,29,33,131,36,3*73
$GBGSV,2,2,07,35,63,210,18,36,03,024,21,39,46,358,48,3*43
$GBGSV,2,1,07,12,17,085,19,19,15,058,26,22,01,011,20,29,33,131,41,5*7D
$GBGSV,2,2,07,31,28,271,12,35,63,210,20,39,46,358,46,5*4C
$GBGSV,2,1,07,19,15,058,17,26,53,256,16,29,33,131,39,31,28,271,22,8*76
$GBGSV,2,2,07,35,63,210,23,36,03,024,13,39,46,358,47,8*4E
$GBGSV,1,1,02,11,12,121,,20,13,104,,0*71
$GNGLL,3001.74221,S,05112.74937,W,162932.00,A,D*79
$GNRMC,162933.00,A,3001.74221,S,05112.74938,W,0.007,,090926,,,F,V*15
$GNVTG,,T,,M,0.007,N,0.014,K,D*3A
$GNGGA,162933.00,3001.74221,S,05112.74938,W,5,12,0.95,48.7,M,4.8,M,2.0,0920*6C
$GNGSA,M,3,29,05,12,13,18,21,23,25,28,,,,1.95,0.95,1.70,1*03
$GNGSA,M,3,10,11,12,16,25,36,02,,,,,,1.95,0.95,1.70,3*0D
$GNGSA,M,3,35,39,19,26,29,31,,,,,,,1.95,0.95,1.70,4*06
$GPGSV,2,1,06,05,42,104,47,12,34,044,51,13,28,037,44,23,10,354,25,1*6D
$GPGSV,2,2,06,25,70,030,51,29,58,177,22,1*62
$GPGSV,3,1,10,05,42,104,45,12,34,044,42,13,28,037,36,18,58,293,17,6*66
$GPGSV,3,2,10,21,17,133,22,23,10,354,27,25,70,030,45,26,14,222,15,6*65
$GPGSV,3,3,10,28,29,276,16,29,58,177,20,6*62
$GPGSV,2,1,07,13,28,037,37,18,58,293,25,21,17,133,22,23,10,354,39,8*66
$GPGSV,2,2,07,25,70,030,53,26,14,222,14,28,29,276,25,8*5C
$GPGSV,1,1,02,15,01,046,,31,21,244,,0*63
$GAGSV,2,1,08,02,22,223,20,10,48,143,37,11,78,153,28,12,24,141,26,1*75
$GAGSV,2,2,08,14,26,100,34,16,49,057,48,25,75,194,23,36,47,316,18,1*7D
$GAGSV,1,1,03,10,48,143,33,14,26,100,34,16,49,057,49,5*4B
$GAGSV,2,1,07,02,22,223,20,10,48,143,32,11,78,153,25,12,24,141,27,7*75
$GAGSV,2,2,07,14,26,100,32,16,49,057,46,25,75,194,29,7*4D
$GBGSV,2,1,07,19,15,058,09,24,15,222,24,26,53,256,17,29,33,131,36,3*76
$GBGSV,2,2,07,35,63,210,18,36,03,024,21,39,46,358,48,3*43
$GBGSV,2,1,07,12,17,085,19,19,15,058,26,22,01,011,19,29,33,131,41,5*77
$GBGSV,2,2,07,31,28,271,12,35,63,210,18,39,46,358,46,5*47
$GBGSV,2,1,07,19,15,058,17,26,53,256,16,29,33,131,39,31,28,271,22,8*76
$GBGSV,2,2,07,35,63,210,23,36,03,024,13,39,46,358,47,8*4E
$GBGSV,1,1,02,11,12,121,,20,13,104,,0*71
$GNGLL,3001.74221,S,05112.74938,W,162933.00,A,D*77
$GNRMC,162934.00,A,3001.74221,S,05112.74938,W,0.025,,090926,,,F,V*12
$GNVTG,,T,,M,0.025,N,0.046,K,D*3D
$GNGGA,162934.00,3001.74221,S,05112.74938,W,5,12,0.97,48.7,M,4.8,M,2.0,0920*69
$GNGSA,M,3,29,05,12,13,18,21,23,25,28,,,,2.19,0.97,1.96,1*0E
$GNGSA,M,3,10,11,12,16,25,36,02,,,,,,2.19,0.97,1.96,3*00
$GNGSA,M,3,35,39,19,26,29,31,,,,,,,2.19,0.97,1.96,4*0B
$GPGSV,2,1,06,05,42,104,47,12,34,044,51,13,28,037,44,23,10,354,25,1*6D
$GPGSV,2,2,06,25,70,030,51,29,58,177,23,1*63
$GPGSV,3,1,10,05,42,104,45,12,34,044,42,13,28,037,36,18,58,293,16,6*67
$GPGSV,3,2,10,21,17,133,22,23,10,354,27,25,70,030,45,26,14,222,14,6*64
$GPGSV,3,3,10,28,29,276,15,29,58,177,21,6*60
$GPGSV,2,1,07,13,28,037,37,18,58,293,25,21,17,133,23,23,10,354,39,8*67
$GPGSV,2,2,07,25,70,030,53,26,14,222,14,28,29,276,26,8*5F
$GPGSV,1,1,02,15,01,046,,31,21,244,,0*63
$GAGSV,2,1,08,02,22,223,20,10,48,143,37,11,78,153,28,12,24,141,26,1*75
$GAGSV,2,2,08,14,26,100,33,16,49,057,48,25,75,194,23,36,47,316,19,1*7B
$GAGSV,1,1,03,10,48,143,33,14,26,100,34,16,49,057,49,5*4B
$GAGSV,2,1,07,02,22,223,20,10,48,143,32,11,78,153,26,12,24,141,27,7*76
$GAGSV,2,2,07,14,26,100,32,16,49,057,46,25,75,194,29,7*4D
$GBGSV,2,1,07,19,15,058,09,24,15,222,23,26,53,256,17,29,33,131,36,3*71
$GBGSV,2,2,07,35,63,210,18,36,03,024,21,39,46,358,48,3*43
$GBGSV,2,1,07,12,17,085,19,19,15,058,26,22,01,011,19,29,33,131,41,5*77
$GBGSV,2,2,07,31,28,271,12,35,63,210,18,39,46,358,46,5*47
$GBGSV,2,1,07,19,15,058,18,26,53,256,17,29,33,131,39,31,28,271,23,8*79
$GBGSV,2,2,07,35,63,210,23,36,03,024,12,39,46,358,47,8*4F
$GBGSV,1,1,02,11,12,121,,20,13,104,,0*71
$GNGLL,3001.74221,S,05112.74938,W,162934.00,A,D*70
$GNRMC,162935.00,A,3001.74221,S,05112.74937,W,0.011,,090926,,,F,V*1B
$GNVTG,,T,,M,0.011,N,0.021,K,D*3B
$GNGGA,162935.00,3001.74221,S,05112.74937,W,5,12,0.97,48.7,M,4.8,M,2.0,0920*67
$GNGSA,M,3,29,05,12,13,18,21,23,25,28,,,,2.19,0.97,1.96,1*0E
$GNGSA,M,3,10,11,12,16,25,36,02,,,,,,2.19,0.97,1.96,3*00
$GNGSA,M,3,35,39,19,26,29,31,,,,,,,2.19,0.97,1.96,4*0B
$GPGSV,2,1,06,05,42,104,47,12,34,044,51,13,28,037,44,23,10,354,25,1*6D
$GPGSV,2,2,06,25,70,030,51,29,58,177,23,1*63
$GPGSV,3,1,10,05,42,104,45,12,34,044,42,13,28,037,36,18,58,293,17,6*66
$GPGSV,3,2,10,21,17,133,21,23,10,354,26,25,70,030,45,26,14,222,15,6*67
$GPGSV,3,3,10,28,29,276,15,29,58,177,21,6*60
$GPGSV,2,1,07,13,28,037,37,18,58,293,25,21,17,133,22,23,10,354,39,8*66
$GPGSV,2,2,07,25,70,030,53,26,14,222,15,28,29,276,26,8*5E
$GPGSV,1,1,02,15,01,046,,31,21,244,,0*63
$GAGSV,2,1,08,02,22,223,20,10,48,143,37,11,78,153,28,12,24,141,26,1*75
$GAGSV,2,2,08,14,26,100,33,16,49,057,48,25,75,194,23,36,47,316,18,1*7A
$GAGSV,1,1,03,10,48,143,33,14,26,100,34,16,49,057,49,5*4B
$GAGSV,2,1,08,02,22,223,20,10,48,143,32,11,78,153,26,12,24,141,27,7*79
$GAGSV,2,2,08,14,26,100,32,14,26,100,32,16,49,057,46,25,75,194,29,7*73
$GBGSV,2,1,07,19,15,058,11,24,15,222,23,26,53,256,17,29,33,131,35,3*7B
$GBGSV,2,2,07,35,63,210,18,36,03,024,20,39,46,358,48,3*42
$GBGSV,2,1,07,12,17,085,20,19,15,058,26,22,01,011,19,29,33,131,41,5*7D
$GBGSV,2,2,07,31,28,271,13,35,63,210,19,39,46,358,45,5*44
$GBGSV,2,1,07,19,15,058,17,26,53,256,17,29,33,131,39,31,28,271,23,8*76
$GBGSV,2,2,07,35,63,210,23,36,03,024,12,39,46,358,47,8*4F
$GBGSV,1,1,02,11,12,121,,20,13,104,,0*71
$GNGLL,3001.74221,S,05112.74937,W,162935.00,A,D*7E
$GNRMC,162936.00,A,3001.74221,S,05112.74937,W,0.009,,090926,,,F,V*11
$GNVTG,,T,,M,0.009,N,0.017,K,D*37
$GNGGA,162936.00,3001.74221,S,05112.74937,W,5,12,0.97,48.7,M,4.8,M,2.0,0920*64
$GNGSA,M,3,29,05,12,13,18,21,23,25,28,,,,2.19,0.97,1.96,1*0E
$GNGSA,M,3,10,11,12,16,25,36,02,,,,,,2.19,0.97,1.96,3*00
$GNGSA,M,3,35,39,19,26,29,31,,,,,,,2.19,0.97,1.96,4*0B
$GPGSV,2,1,06,05,42,104,47,12,34,044,51,13,28,037,44,23,10,354,25,1*6D
$GPGSV,2,2,06,25,70,030,51,29,58,177,23,1*63
$GPGSV,3,1,10,05,42,104,45,12,34,044,42,13,28,037,36,18,58,293,17,6*66
$GPGSV,3,2,10,21,17,133,22,23,10,354,26,25,70,030,45,26,14,222,14,6*65
$GPGSV,3,3,10,28,29,276,15,29,58,177,20,6*61
$GPGSV,2,1,07,13,28,037,37,18,58,293,25,21,17,133,22,23,10,354,39,8*66
$GPGSV,2,2,07,25,70,030,53,26,14,222,15,28,29,276,25,8*5D
$GPGSV,1,1,02,15,01,046,,31,21,244,,0*63
$GAGSV,2,1,08,02,22,223,20,10,48,143,37,11,78,153,28,12,24,141,26,1*75
$GAGSV,2,2,08,14,26,100,33,16,49,057,48,25,75,193,23,36,47,316,18,1*7D
$GAGSV,1,1,03,10,48,143,33,14,26,100,34,16,49,057,49,5*4B
$GAGSV,2,1,07,02,22,223,20,10,48,143,32,11,78,153,26,12,24,141,27,7*76
$GAGSV,2,2,07,14,26,100,32,16,49,057,46,25,75,193,29,7*4A
$GBGSV,2,1,06,24,15,222,23,26,53,256,17,29,33,131,36,35,63,210,19,3*70
$GBGSV,2,2,06,36,03,024,19,39,46,358,48,3*70
$GBGSV,2,1,07,12,17,085,20,19,15,058,26,22,01,011,18,29,33,131,41,5*7C
$GBGSV,2,2,07,31,28,271,12,35,63,210,19,39,46,358,45,5*45
$GBGSV,2,1,07,19,15,058,18,26,53,256,18,29,33,131,39,31,28,271,23,8*76
$GBGSV,2,2,07,35,63,210,23,36,03,024,10,39,46,358,47,8*4D
$GBGSV,1,1,02,11,12,121,,20,13,104,,0*71
$GNGLL,3001.74221,S,05112.74937,W,162936.00,A,D*7D
$GNRMC,162937.00,A,3001.74221,S,05112.74938,W,0.010,,090926,,,F,V*17
$GNVTG,,T,,M,0.010,N,0.018,K,D*30
$GNGGA,162937.00,3001.74221,S,05112.74938,W,5,12,0.97,48.7,M,4.8,M,2.0,0920*6A
$GNGSA,M,3,29,05,12,13,18,21,23,25,,,,,2.19,0.97,1.96,1*04
$GNGSA,M,3,10,11,12,16,25,36,02,,,,,,2.19,0.97,1.96,3*00
$GNGSA,M,3,35,39,19,26,29,31,,,,,,,2.19,0.97,1.96,4*0B
$GPGSV,2,1,06,05,42,104,47,12,34,044,51,13,28,037,44,23,10,354,25,1*6D
$GPGSV,2,2,06,25,70,030,51,29,58,177,23,1*63
$GPGSV,3,1,10,05,42,104,45,12,34,044,42,13,28,037,36,18,58,293,18,6*69
$GPGSV,3,2,10,21,17,133,22,23,10,354,26,25,70,030,45,26,14,222,13,6*62
$GPGSV,3,3,10,28,29,276,14,29,58,177,20,6*60
$GPGSV,2,1,07,13,28,037,37,18,58,293,25,21,17,133,21,23,10,354,39,8*65
$GPGSV,2,2,07,25,70,030,53,26,14,222,16,28,29,276,25,8*5E
$GPGSV,1,1,02,15,01,046,,31,21,244,,0*63
$GAGSV,2,1,08,02,22,223,19,10,48,143,37,11,78,153,28,12,24,141,26,1*7F
$GAGSV,2,2,08,14,26,100,33,16,49,057,48,25,75,193,23,36,47,316,18,1*7D
$GAGSV,1,1,03,10,48,143,33,14,26,100,34,16,49,057,49,5*4B
$GAGSV,2,1,07,02,22,223,19,10,48,143,32,11,78,153,25,12,24,141,27,7*7F
$GAGSV,2,2,07,14,26,100,32,16,49,057,46,25,75,193,29,7*4A
$GBGSV,2,1,06,24,15,222,22,26,53,256,17,29,33,131,36,35,63,210,18,3*70
$GBGSV,2,2,06,36,03,024,19,39,46,358,48,3*70
$GBGSV,2,1,07,12,17,085,20,19,15,058,26,22,01,011,18,29,33,131,41,5*7C
$GBGSV,2,2,07,31,28,271,09,35,63,210,19,39,46,358,45,5*4F
$GBGSV,2,1,07,19,15,058,18,26,53,256,18,29,33,131,39,31,28,271,23,8*76
$GBGSV,2,2,07,35,63,210,23,36,03,024,12,39,46,358,47,8*4F
$GBGSV,1,1,02,11,12,121,,20,13,104,,0*71
$GNGLL,3001.74221,S,05112.74938,W,162937.00,A,D*73
$GNRMC,162938.00,A,3001.74221,S,05112.74939,W,0.020,,090926,,,F,V*1A
$GNVTG,,T,,M,0.020,N,0.038,K,D*31
$GNGGA,162938.00,3001.74221,S,05112.74939,W,5,12,0.97,48.7,M,4.8,M,2.0,0920*64
$GNGSA,M,3,29,05,12,13,18,21,23,25,,,,,2.19,0.97,1.96,1*04
$GNGSA,M,3,10,11,12,16,25,36,02,,,,,,2.19,0.97,1.96,3*00
$GNGSA,M,3,35,39,19,26,29,31,,,,,,,2.19,0.97,1.96,4*0B
$GPGSV,2,1,06,05,42,104,47,12,34,044,51,13,28,037,44,23,10,354,25,1*6D
$GPGSV,2,2,06,25,70,030,51,29,58,177,23,1*63
$GPGSV,3,1,10,05,42,104,45,12,34,044,42,13,28,037,35,18,58,293,18,6*6A
$GPGSV,3,2,10,21,17,133,22,23,10,354,26,25,70,030,45,26,14,222,13,6*62
$GPGSV,3,3,10,28,29,276,12,29,58,177,20,6*66
$GPGSV,2,1,07,13,28,037,37,18,58,293,24,21,17,133,21,23,10,354,39,8*64
$GPGSV,2,2,07,25,70,030,53,26,14,222,16,28,29,276,25,8*5E
$GPGSV,1,1,02,15,01,046,,31,21,244,,0*63
$GAGSV,2,1,08,02,22,223,19,10,48,143,37,11,78,153,28,12,24,141,25,1*7C
$GAGSV,2,2,08,14,26,100,34,16,49,057,48,25,75,193,22,36,47,316,18,1*7B
$GAGSV,1,1,03,10,48,143,33,14,26,100,34,16,49,057,49,5*4B
$GAGSV,2,1,07,02,22,223,20,10,48,143,32,11,78,153,25,12,24,141,27,7*75
$GAGSV,2,2,07,14,26,100,32,16,49,057,46,25,75,193,29,7*4A
$GBGSV,2,1,06,24,15,222,22,26,53,256,18,29,33,131,36,35,63,210,19,3*7E
$GBGSV,2,2,06,36,03,024,18,39,46,358,48,3*71
$GBGSV,2,1,06,12,17,085,20,19,15,058,25,22,01,011,18,29,33,131,41,5*7E
$GBGSV,2,2,06,35,63,210,19,39,46,358,45,5*7B
$GBGSV,2,1,07,19,15,058,19,26,53,256,18,29,33,131,39,31,28,271,23,8*77
$GBGSV,2,2,07,35,63,210,23,36,03,024,11,39,46,358,47,8*4C
$GBGSV,1,1,02,11,12,121,,20,13,104,,0*71
$GNGLL,3001.74221,S,05112.74939,W,162938.00,A,D*7D
$GNRMC,162939.00,A,3001.74221,S,05112.74939,W,0.023,,090926,,,F,V*18
$GNVTG,,T,,M,0.023,N,0.043,K,D*3E
$GNGGA,162939.00,3001.74221,S,05112.74939,W,5,12,0.97,48.7,M,4.8,M,2.0,0920*65
$GNGSA,M,3,29,05,12,13,18,21,23,25,,,,,2.19,0.97,1.96,1*04
$GNGSA,M,3,10,11,12,16,25,36,02,,,,,,2.19,0.97,1.96,3*00
$GNGSA,M,3,35,39,19,26,29,31,,,,,,,2.19,0.97,1.96,4*0B
$GPGSV,2,1,07,05,42,104,47,12,34,044,51,13,28,037,44,21,17,133,31,1*6F
$GPGSV,2,2,07,23,10,354,25,25,70,030,51,29,58,177,23,1*57
$GPGSV,3,1,09,05,42,104,45,12,34,044,42,13,28,037,35,18,58,293,18,6*62
$GPGSV,3,2,09,21,17,133,22,23,10,354,26,25,70,030,45,26,14,222,15,6*6C
$GPGSV,3,3,09,29,58,177,20,6*5F
$GPGSV,2,1,07,13,28,037,37,18,58,293,25,21,17,133,22,23,10,354,39,8*66
$GPGSV,2,2,07,25,70,030,53,26,14,222,16,28,29,276,25,8*5E
$GPGSV,1,1,02,15,01,046,,31,21,244,,0*63
$GAGSV,2,1,08,02,22,223,18,10,48,143,37,11,78,153,28,12,24,141,25,1*7D
$GAGSV,2,2,08,14,26,100,34,16,49,057,48,25,75,193,22,36,47,316,19,1*7A
$GAGSV,1,1,03,10,48,143,33,14,26,100,34,16,49,057,49,5*4B
$GAGSV,2,1,07,02,22,223,20,10,48,143,32,11,78,153,25,12,24,141,27,7*75
$GAGSV,2,2,07,14,26,100,32,16,49,057,46,25,75,193,29,7*4A
$GBGSV,2,1,06,24,15,222,22,26,53,256,17,29,33,131,36,35,63,210,19,3*71
$GBGSV,2,2,06,36,03,024,19,39,46,358,48,3*70
$GBGSV,2,1,06,12,17,085,20,19,15,058,25,22,01,011,18,29,33,131,41,5*7E
$GBGSV,2,2,06,35,63,210,19,39,46,358,45,5*7B
$GBGSV,2,1,07,19,15,058,19,26,53,256,18,29,33,131,39,31,28,271,23,8*77
$GBGSV,2,2,07,35,63,210,23,36,03,024,11,39,46,358,47,8*4C
$GBGSV,1,1,02,11,12,121,,20,13,104,,0*71
$GNGLL,3001.74221,S,05112.74939,W,162939.00,A,D*7C
$GNRMC,162940.00,A,3001.74221,S,05112.74939,W,0.019,,090926,,,F,V*1F
$GNVTG,,T,,M,0.019,N,0.036,K,D*35
$GNGGA,162940.00,3001.74221,S,05112.74939,W,5,12,0.97,48.7,M,4.8,M,2.0,0920*6B
$GNGSA,M,3,29,05,12,13,18,21,23,25,,,,,2.19,0.97,1.96,1*04
$GNGSA,M,3,10,11,12,16,25,36,02,,,,,,2.19,0.97,1.96,3*00
$GNGSA,M,3,35,39,19,26,29,31,,,,,,,2.19,0.97,1.96,4*0B
$GPGSV,2,1,07,05,42,104,47,12,34,044,51,13,28,037,44,21,17,133,30,1*6E
$GPGSV,2,2,07,23,10,354,26,25,70,030,51,29,58,177,23,1*54
$GPGSV,3,1,09,05,42,104,45,12,34,044,42,13,28,037,35,18,58,293,19,6*63
$GPGSV,3,2,09,21,17,133,22,23,10,354,26,25,70,030,45,26,14,222,15,6*6C
$GPGSV,3,3,09,29,58,177,20,6*5F
$GPGSV,2,1,07,13,28,037,37,18,58,293,24,21,17,133,22,23,10,354,39,8*67
$GPGSV,2,2,07,25,70,030,53,26,14,222,13,28,29,276,26,8*58
$GPGSV,1,1,02,15,01,046,,31,21,244,,0*63
$GAGSV,2,1,08,02,22,223,19,10,48,143,37,11,78,153,28,12,24,141,25,1*7C
$GAGSV,2,2,08,14,26,100,34,16,49,057,48,25,75,193,22,36,47,316,20,1*70
$GAGSV,1,1,03,10,48,143,33,14,26,100,34,16,49,057,49,5*4B
$GAGSV,2,1,07,02,22,223,20,10,48,143,32,11,78,153,25,12,24,141,27,7*75
$GAGSV,2,2,07,14,26,100,32,16,49,057,46,25,75,193,29,7*4A
$GBGSV,2,1,06,24,15,222,21,26,53,256,17,29,33,131,36,35,63,210,19,3*72
$GBGSV,2,2,06,36,03,024,18,39,46,358,48,3*71
$GBGSV,2,1,06,12,17,085,20,19,15,058,25,22,01,011,19,29,33,131,41,5*7F
$GBGSV,2,2,06,35,63,210,18,39,46,358,45,5*7A
$GBGSV,2,1,07,19,15,058,19,26,53,256,17,29,33,131,39,31,28,271,23,8*78
$GBGSV,2,2,07,35,63,210,23,36,03,024,08,39,46,358,47,8*44
$GBGSV,1,1,02,11,12,121,,20,13,104,,0*71
$GNGLL,3001.74221,S,05112.74939,W,162940.00,A,D*72
$GNRMC,162941.00,A,3001.74222,S,05112.74939,W,0.026,,090926,,,F,V*11
$GNVTG,,T,,M,0.026,N,0.048,K,D*30
$GNGGA,162941.00,3001.74222,S,05112.74939,W,5,12,0.97,48.7,M,4.8,M,2.0,0920*69
$GNGSA,M,3,29,05,12,13,18,21,23,25,,,,,2.19,0.97,1.96,1*04
$GNGSA,M,3,10,11,12,16,25,36,02,,,,,,2.19,0.97,1.96,3*00
$GNGSA,M,3,35,39,19,26,29,31,,,,,,,2.19,0.97,1.96,4*0B
$GPGSV,2,1,07,05,42,104,47,12,34,044,51,13,28,037,44,21,17,133,30,1*6E
$GPGSV,2,2,07,23,10,354,26,25,70,030,51,29,58,177,23,1*54
$GPGSV,3,1,09,05,42,104,45,12,34,044,42,13,28,037,35,18,58,293,18,6*62
$GPGSV,3,2,09,21,17,133,21,23,10,354,26,25,70,030,45,26,14,222,14,6*6E
$GPGSV,3,3,09,29,58,177,20,6*5F
$GPGSV,2,1,06,13,28,037,37,18,58,293,23,21,17,133,22,23,10,354,39,8*61
$GPGSV,2,2,06,25,70,030,53,28,29,276,25,8*6B
$GPGSV,1,1,02,15,01,046,,31,21,244,,0*63
$GAGSV,2,1,08,02,22,223,19,10,48,143,37,11,78,153,28,12,24,141,25,1*7C
$GAGSV,2,2,08,14,26,100,34,16,49,057,48,25,75,193,23,36,47,316,19,1*7B
$GAGSV,1,1,03,10,48,143,33,14,26,100,34,16,49,057,49,5*4B
$GAGSV,2,1,07,02,22,223,20,10,48,143,32,11,78,153,25,12,24,141,26,7*74
$GAGSV,2,2,07,14,26,100,32,16,49,057,46,25,75,193,28,7*4B
$GBGSV,2,1,06,24,15,222,21,26,53,256,17,29,33,131,36,35,63,210,18,3*73
$GBGSV,2,2,06,36,03,024,18,39,46,358,48,3*71
$GBGSV,2,1,06,12,17,085,20,19,15,058,25,22,01,011,18,29,33,131,41,5*7E
$GBGSV,2,2,06,35,63,210,18,39,46,358,45,5*7A
$GBGSV,2,1,07,19,15,058,19,26,53,256,18,29,33,131,39,31,28,271,22,8*76
$GBGSV,2,2,07,35,63,210,23,36,03,024,11,39,46,358,47,8*4C
$GBGSV,1,1,02,11,12,121,,20,13,104,,0*71
$GNGLL,3001.74222,S,05112.74939,W,162941.00,A,D*70
$GNRMC,162942.00,A,3001.74222,S,05112.74940,W,0.028,,090926,,,F,V*12
$GNVTG,,T,,M,0.028,N,0.052,K,D*35
$GNGGA,162942.00,3001.74222,S,05112.74940,W,5,12,0.97,48.7,M,4.8,M,2.0,0920*64
$GNGSA,M,3,29,05,12,13,18,21,23,25,,,,,2.19,0.97,1.96,1*04
$GNGSA,M,3,10,11,12,16,25,36,02,,,,,,2.19,0.97,1.96,3*00
$GNGSA,M,3,35,39,19,26,29,31,,,,,,,2.19,0.97,1.96,4*0B
$GPGSV,2,1,07,05,42,104,47,12,34,044,51,13,28,037,44,21,17,133,30,1*6E
$GPGSV,2,2,07,23,10,354,25,25,70,030,51,29,58,177,23,1*57
$GPGSV,3,1,09,05,42,104,45,12,34,044,42,13,28,037,35,18,58,293,18,6*62
$GPGSV,3,2,09,21,17,133,22,23,10,354,26,25,70,030,45,26,14,222,14,6*6D
$GPGSV,3,3,09,29,58,177,20,6*5F
$GPGSV,2,1,06,13,28,037,37,18,58,293,23,21,17,133,22,23,10,354,39,8*61
$GPGSV,2,2,06,25,70,030,53,28,29,276,25,8*6B
$GPGSV,1,1,02,15,01,046,,31,21,244,,0*63
$GAGSV,2,1,08,02,22,223,19,10,48,143,37,11,78,153,28,12,24,141,25,1*7C
$GAGSV,2,2,08,14,26,100,34,16,49,057,48,25,75,193,23,36,47,316,19,1*7B
$GAGSV,1,1,03,10,48,143,33,14,26,100,34,16,49,057,49,5*4B
$GAGSV,2,1,07,02,22,223,20,10,48,143,32,11,78,153,25,12,24,141,26,7*74
$GAGSV,2,2,07,14,26,100,32,16,49,057,46,25,75,193,28,7*4B
$GBGSV,2,1,06,24,15,222,21,26,53,256,18,29,33,131,36,35,63,210,17,3*73
$GBGSV,2,2,06,36,03,024,18,39,46,358,48,3*71
$GBGSV,2,1,06,12,17,085,20,19,15,058,25,22,01,011,18,29,33,131,41,5*7E
$GBGSV,2,2,06,35,63,210,18,39,46,358,45,5*7A
$GBGSV,2,1,07,19,15,058,19,26,53,256,17,29,33,131,39,31,28,271,23,8*78
$GBGSV,2,2,07,35,63,210,23,36,03,024,11,39,46,358,47,8*4C
$GBGSV,1,1,02,11,12,121,,20,13,104,,0*71
$GNGLL,3001.74222,S,05112.74940,W,162942.00,A,D*7D
$GNRMC,162943.00,A,3001.74221,S,05112.74939,W,0.025,,090926,,,F,V*13
$GNVTG,,T,,M,0.025,N,0.046,K,D*3D
$GNGGA,162943.00,3001.74221,S,05112.74939,W,5,12,0.97,48.7,M,4.8,M,2.0,0920*68
$GNGSA,M,3,29,05,12,13,18,21,23,25,,,,,2.19,0.97,1.96,1*04
$GNGSA,M,3,10,11,12,16,25,36,02,,,,,,2.19,0.97,1.96,3*00
$GNGSA,M,3,35,39,19,26,29,31,,,,,,,2.19,0.97,1.96,4*0B
$GPGSV,2,1,07,05,42,104,47,12,34,044,51,13,28,037,44,21,17,133,30,1*6E
$GPGSV,2,2,07,23,10,354,25,25,70,030,51,29,58,177,23,1*57
$GPGSV,3,1,09,05,42,104,45,12,34,044,42,13,28,037,35,18,58,293,18,6*62
$GPGSV,3,2,09,21,17,133,21,23,10,354,26,25,70,030,45,26,14,222,13,6*69
$GPGSV,3,3,09,29,58,177,20,6*5F
$GPGSV,2,1,06,13,28,037,37,18,58,293,23,21,17,133,23,23,10,354,39,8*60
$GPGSV,2,2,06,25,70,030,53,28,29,276,25,8*6B
$GPGSV,1,1,02,15,01,046,,31,21,244,,0*63
$GAGSV,2,1,08,02,22,223,18,10,48,143,37,11,78,153,28,12,24,141,25,1*7D
$GAGSV,2,2,08,14,26,100,34,16,49,057,48,25,75,193,23,36,47,316,19,1*7B
$GAGSV,1,1,03,10,48,143,33,14,26,100,34,16,49,057,49,5*4B
$GAGSV,2,1,07,02,22,223,20,10,48,143,32,11,78,153,26,12,24,141,27,7*76
$GAGSV,2,2,07,14,26,100,32,16,49,057,46,25,75,193,29,7*4A
$GBGSV,2,1,06,24,15,222,19,26,53,256,18,29,33,131,36,35,63,210,18,3*77
$GBGSV,2,2,06,36,03,024,18,39,46,358,48,3*71
$GBGSV,2,1,06,12,17,085,21,19,15,058,25,22,01,011,19,29,33,131,41,5*7E
$GBGSV,2,2,06,35,63,210,18,39,46,358,45,5*7A
$GBGSV,2,1,06,19,15,058,19,26,53,256,17,29,33,131,39,31,28,271,22,8*78
$GBGSV,2,2,06,35,63,210,22,39,46,358,47,8*7C
$GBGSV,1,1,02,11,12,121,,20,13,104,,0*71
$GNGLL,3001.74221,S,05112.74939,W,162943.00,A,D*71
$GNRMC,162944.00,A,3001.74222,S,05112.74941,W,0.029,,090926,,,F,V*14
$GNVTG,,T,,M,0.029,N,0.054,K,D*32
$GNGGA,162944.00,3001.74222,S,05112.74941,W,5,12,0.97,48.7,M,4.8,M,2.0,0920*63
$GNGSA,M,3,29,05,12,13,18,21,23,25,,,,,2.19,0.97,1.96,1*04
$GNGSA,M,3,10,11,12,16,25,36,02,,,,,,2.19,0.97,1.96,3*00
$GNGSA,M,3,35,39,19,26,29,31,,,,,,,2.19,0.97,1.96,4*0B
$GPGSV,2,1,07,05,42,104,47,12,34,044,51,13,28,037,44,21,17,133,30,1*6E
$GPGSV,2,2,07,23,10,354,25,25,70,030,51,29,58,177,22,1*56
$GPGSV,3,1,09,05,42,104,45,12,34,044,42,13,28,037,35,18,58,293,18,6*62
$GPGSV,3,2,09,21,17,133,22,23,10,354,26,25,70,030,45,26,14,222,13,6*6A
$GPGSV,3,3,09,29,58,177,20,6*5F
$GPGSV,2,1,06,13,28,037,37,18,58,293,23,21,17,133,22,23,10,354,39,8*61
$GPGSV,2,2,06,25,70,030,53,28,29,276,25,8*6B
$GPGSV,1,1,02,15,01,046,,31,21,244,,0*63
$GAGSV,2,1,08,02,22,223,18,10,48,143,37,11,78,153,28,12,24,141,26,1*7E
$GAGSV,2,2,08,14,26,100,34,16,49,057,48,25,75,193,23,36,47,316,19,1*7B
$GAGSV,1,1,03,10,48,143,33,14,26,100,34,16,49,057,49,5*4B
$GAGSV,2,1,07,02,22,223,19,10,48,143,32,11,78,153,25,12,24,141,26,7*7E
$GAGSV,2,2,07,14,26,100,32,16,49,057,46,25,75,193,28,7*4B
$GBGSV,2,1,06,24,15,222,19,26,53,256,18,29,33,131,36,35,63,210,19,3*76
$GBGSV,2,2,06,36,03,024,18,39,46,358,48,3*71
$GBGSV,2,1,06,12,17,085,21,19,15,058,25,22,01,011,19,29,33,131,41,5*7E
$GBGSV,2,2,06,35,63,210,18,39,46,358,46,5*79
$GBGSV,2,1,06,19,15,058,19,26,53,256,18,29,33,131,39,31,28,271,23,8*76
$GBGSV,2,2,06,35,63,210,23,39,46,358,47,8*7D
$GBGSV,1,1,02,11,12,121,,20,13,104,,0*71
$GNGLL,3001.74222,S,05112.74941,W,162944.00,A,D*7A
$GNRMC,162945.00,A,3001.74221,S,05112.74940,W,0.040,,090926,,,F,V*18
$GNVTG,,T,,M,0.040,N,0.074,K,D*3F
$GNGGA,162945.00,3001.74221,S,05112.74940,W,5,12,0.97,48.7,M,4.8,M,2.0,0920*60
$GNGSA,M,3,29,05,12,13,18,21,23,25,,,,,2.19,0.97,1.96,1*04
$GNGSA,M,3,10,11,12,16,25,36,02,,,,,,2.19,0.97,1.96,3*00
$GNGSA,M,3,35,39,19,26,29,31,,,,,,,2.19,0.97,1.96,4*0B
$GPGSV,2,1,07,05,42,104,47,12,34,044,51,13,28,037,44,21,17,133,30,1*6E
$GPGSV,2,2,07,23,10,354,25,25,70,030,51,29,58,177,22,1*56
$GPGSV,3,1,09,05,42,104,45,12,34,044,42,13,28,037,35,18,58,293,19,6*63
$GPGSV,3,2,09,21,17,133,22,23,10,354,26,25,70,030,45,26,14,222,14,6*6D
$GPGSV,3,3,09,29,58,177,21,6*5E
$GPGSV,2,1,06,13,28,037,37,18,58,293,22,21,17,133,22,23,10,354,39,8*60
$GPGSV,2,2,06,25,70,030,53,28,29,276,25,8*6B
$GPGSV,1,1,02,15,01,046,,31,21,244,,0*63
$GAGSV,2,1,08,02,22,223,19,10,48,143,37,11,78,153,28,12,24,141,25,1*7C
$GAGSV,2,2,08,14,26,100,34,16,49,057,48,25,75,193,23,36,47,316,19,1*7B
$GAGSV,1,1,03,10,48,143,33,14,26,100,34,16,49,057,49,5*4B
$GAGSV,2,1,07,02,22,223,20,10,48,143,32,11,78,153,25,12,24,141,26,7*74
$GAGSV,2,2,07,14,26,100,32,16,49,057,46,25,75,193,28,7*4B
$GBGSV,2,1,06,24,15,222,18,26,53,256,17,29,33,131,36,35,63,210,18,3*79
$GBGSV,2,2,06,36,03,024,19,39,46,358,48,3*70
$GBGSV,2,1,06,12,17,085,21,19,15,058,25,22,01,011,19,29,33,131,41,5*7E
$GBGSV,2,2,06,35,63,210,18,39,46,358,45,5*7A
$GBGSV,2,1,06,19,15,058,18,26,53,256,19,29,33,131,39,31,28,271,23,8*76
$GBGSV,2,2,06,35,63,210,22,39,46,358,47,8*7C
$GBGSV,1,1,02,11,12,121,,20,13,104,,0*71
$GNGLL,3001.74221,S,05112.74940,W,162945.00,A,D*79
$GNRMC,162946.00,A,3001.74221,S,05112.74939,W,0.038,,090926,,,F,V*1A
$GNVTG,,T,,M,0.038,N,0.071,K,D*35
$GNGGA,162946.00,3001.74221,S,05112.74939,W,5,12,0.97,48.7,M,4.8,M,2.0,0920*6D
$GNGSA,M,3,29,05,12,13,18,21,23,25,,,,,2.19,0.97,1.96,1*04
$GNGSA,M,3,10,11,12,16,25,36,02,,,,,,2.19,0.97,1.96,3*00
$GNGSA,M,3,35,39,19,26,29,31,,,,,,,2.19,0.97,1.96,4*0B
$GPGSV,2,1,07,05,42,104,47,12,34,044,51,13,28,037,44,21,17,133,30,1*6E
$GPGSV,2,2,07,23,10,354,25,25,70,030,51,29,58,177,22,1*56
$GPGSV,3,1,09,05,42,104,45,12,34,044,42,13,28,037,35,18,58,293,20,6*69
$GPGSV,3,2,09,21,17,133,22,23,10,354,26,25,70,030,45,26,14,222,13,6*6A
$GPGSV,3,3,09,29,58,177,21,6*5E
$GPGSV,2,1,06,13,28,037,37,18,58,293,22,21,17,133,22,23,10,354,39,8*60
$GPGSV,2,2,06,25,70,030,53,28,29,276,25,8*6B
$GPGSV,1,1,02,15,01,046,,31,21,244,,0*63
$GAGSV,2,1,08,02,22,223,20,10,48,143,37,11,78,153,28,12,24,141,25,1*76
$GAGSV,2,2,08,14,26,100,34,16,49,057,47,25,75,193,23,36,47,316,19,1*74
$GAGSV,1,1,03,10,48,143,33,14,26,100,34,16,49,057,49,5*4B
$GAGSV,2,1,07,02,22,223,21,10,48,143,32,11,78,153,26,12,24,141,26,7*76
$GAGSV,2,2,07,14,26,100,32,16,49,057,46,25,75,193,28,7*4B
$GBGSV,2,1,06,24,15,222,18,26,53,256,17,29,33,131,36,35,63,210,19,3*78
$GBGSV,2,2,06,36,03,024,19,39,46,358,48,3*70
$GBGSV,2,1,06,12,17,085,22,19,15,058,25,22,01,011,19,29,33,131,41,5*7D
$GBGSV,2,2,06,35,63,210,17,39,46,358,45,5*75
$GBGSV,2,1,06,19,15,058,18,26,53,256,19,29,33,131,39,31,28,271,23,8*76
$GBGSV,2,2,06,35,63,210,22,39,46,358,47,8*7C
$GBGSV,1,1,02,11,12,121,,20,13,104,,0*71
$GNGLL,3001.74221,S,05112.74939,W,162946.00,A,D*74
$GNRMC,162947.00,A,3001.74221,S,05112.74939,W,0.007,,090926,,,F,V*17
$GNVTG,,T,,M,0.007,N,0.014,K,D*3A
$GNGGA,162947.00,3001.74221,S,05112.74939,W,5,12,0.97,48.8,M,4.8,M,2.0,0920*63
$GNGSA,M,3,29,05,12,13,18,21,23,25,28,,,,2.19,0.97,1.96,1*0E
$GNGSA,M,3,10,11,12,16,25,36,02,,,,,,2.19,0.97,1.96,3*00
$GNGSA,M,3,35,39,19,26,29,31,,,,,,,2.19,0.97,1.96,4*0B
$GPGSV,2,1,08,05,42,104,47,12,34,044,51,13,28,037,44,21,17,133,30,1*61
$GPGSV,2,2,08,23,10,354,26,25,70,030,51,28,29,276,22,29,58,177,22,1*68
$GPGSV,3,1,09,05,42,104,45,12,34,044,42,13,28,037,35,18,58,293,20,6*69
$GPGSV,3,2,09,21,17,133,22,23,10,354,26,25,70,030,45,26,14,222,15,6*6C
$GPGSV,3,3,09,29,58,177,21,6*5E
$GPGSV,2,1,06,13,28,037,37,18,58,293,22,21,17,133,22,23,10,354,39,8*60
$GPGSV,2,2,06,25,70,030,53,28,29,276,25,8*6B
$GPGSV,1,1,02,15,01,046,,31,21,244,,0*63
$GAGSV,2,1,08,02,22,223,20,10,48,143,37,11,78,153,28,12,24,141,25,1*76
$GAGSV,2,2,08,14,26,100,34,16,49,057,47,25,75,193,23,36,47,316,20,1*7E
$GAGSV,1,1,03,10,48,143,33,14,26,100,34,16,49,057,49,5*4B
$GAGSV,2,1,07,02,22,223,21,10,48,143,32,11,78,153,26,12,24,141,26,7*76
$GAGSV,2,2,07,14,26,100,31,16,49,057,46,25,75,193,28,7*48
$GBGSV,2,1,06,24,15,222,16,26,53,256,16,29,33,131,36,35,63,210,20,3*7D
$GBGSV,2,2,06,36,03,024,19,39,46,358,48,3*70
$GBGSV,2,1,06,12,17,085,21,19,15,058,25,22,01,011,20,29,33,131,41,5*74
$GBGSV,2,2,06,35,63,210,17,39,46,358,45,5*75
$GBGSV,2,1,06,19,15,058,18,26,53,256,18,29,33,131,39,31,28,271,23,8*77
$GBGSV,2,2,06,35,63,210,22,39,46,358,47,8*7C
$GBGSV,1,1,02,11,12,121,,20,13,104,,0*71
$GNGLL,3001.74221,S,05112.74939,W,162947.00,A,D*75
$GNRMC,162948.00,A,3001.74221,S,05112.74939,W,0.002,,090926,,,F,V*1D
$GNVTG,,T,,M,0.002,N,0.004,K,D*3E
$GNGGA,162948.00,3001.74221,S,05112.74939,W,5,12,0.97,48.8,M,4.8,M,2.0,0920*6C
$GNGSA,M,3,29,05,12,13,18,21,23,25,28,,,,2.19,0.97,1.96,1*0E
$GNGSA,M,3,10,11,12,16,25,36,02,,,,,,2.19,0.97,1.96,3*00
$GNGSA,M,3,35,39,19,26,29,,,,,,,,2.19,0.97,1.96,4*09
$GPGSV,2,1,08,05,42,104,47,12,34,044,51,13,28,037,44,21,17,133,30,1*61
$GPGSV,2,2,08,23,10,354,26,25,70,030,51,28,29,276,23,29,58,177,22,1*69
$GPGSV,3,1,09,05,42,104,45,12,34,044,42,13,28,037,35,18,58,293,20,6*69
$GPGSV,3,2,09,21,17,133,22,23,10,354,26,25,70,030,45,26,14,222,15,6*6C
$GPGSV,3,3,09,29,58,177,21,6*5E
$GPGSV,2,1,06,13,28,037,37,18,58,293,21,21,17,133,23,23,10,354,39,8*62
$GPGSV,2,2,06,25,70,030,53,28,29,276,25,8*6B
$GPGSV,1,1,02,15,01,046,,31,21,244,,0*63
$GAGSV,2,1,08,02,22,223,19,10,48,143,37,11,78,153,28,12,24,141,25,1*7C
$GAGSV,2,2,08,14,26,100,34,16,49,057,48,25,75,193,24,36,47,316,20,1*76
$GAGSV,1,1,03,10,48,143,33,14,26,100,34,16,49,057,49,5*4B
$GAGSV,2,1,07,02,22,223,20,10,48,143,32,11,78,153,26,12,24,141,26,7*77
$GAGSV,2,2,07,14,26,100,31,16,49,057,46,25,75,193,28,7*48
$GBGSV,2,1,06,24,15,222,16,26,53,256,17,29,33,131,36,35,63,210,19,3*76
$GBGSV,2,2,06,36,03,024,20,39,46,358,48,3*7A
$GBGSV,2,1,07,11,12,121,14,12,17,085,21,19,15,058,25,22,01,011,20,5*7C
$GBGSV,2,2,07,29,33,131,41,35,63,210,17,39,46,358,45,5*49
$GBGSV,2,1,06,19,15,058,19,26,53,256,19,29,33,131,39,31,28,271,23,8*77
$GBGSV,2,2,06,35,63,210,21,39,46,358,47,8*7F
$GBGSV,1,1,01,20,13,104,,0*43
$GNGLL,3001.74221,S,05112.74939,W,162948.00,A,D*7A
$GNRMC,162949.00,A,3001.74221,S,05112.74939,W,0.011,,090926,,,F,V*1E
$GNVTG,,T,,M,0.011,N,0.021,K,D*3B
$GNGGA,162949.00,3001.74221,S,05112.74939,W,5,12,0.79,48.8,M,4.8,M,2.0,0920*6D
$GNGSA,M,3,29,05,12,13,18,21,23,25,28,,,,1.66,0.79,1.46,1*08
$GNGSA,M,3,10,11,12,16,25,36,02,,,,,,1.66,0.79,1.46,3*06
$GNGSA,M,3,35,39,19,26,29,31,,,,,,,1.66,0.79,1.46,4*0D
$GPGSV,2,1,08,05,42,104,47,12,34,044,51,13,28,037,44,21,17,133,30,1*61
$GPGSV,2,2,08,23,10,354,26,25,70,030,51,28,29,276,23,29,58,177,22,1*69
$GPGSV,1,1,01,31,21,244,15,5*56
$GPGSV,3,1,09,05,42,104,45,12,34,044,42,13,28,037,35,18,58,293,21,6*68
$GPGSV,3,2,09,21,17,133,21,23,10,354,26,25,70,030,45,26,14,222,15,6*6F
$GPGSV,3,3,09,29,58,177,21,6*5E
$GPGSV,2,1,06,13,28,037,37,18,58,293,21,21,17,133,23,23,10,354,39,8*62
$GPGSV,2,2,06,25,70,030,53,28,29,276,25,8*6B
$GPGSV,1,1,01,15,01,046,,0*53
$GAGSV,2,1,08,02,22,223,19,10,48,143,37,11,78,153,27,12,24,141,25,1*73
$GAGSV,2,2,08,14,26,100,34,16,49,057,47,25,75,193,24,36,47,316,19,1*73
$GAGSV,1,1,03,10,48,143,33,14,26,100,34,16,49,057,49,5*4B
$GAGSV,2,1,07,02,22,223,21,10,48,143,32,11,78,153,26,12,24,141,26,7*76
$GAGSV,2,2,07,14,26,100,31,16,49,057,46,25,75,193,28,7*48
$GBGSV,2,1,06,24,15,222,14,26,53,256,17,29,33,131,36,35,63,210,19,3*74
$GBGSV,2,2,06,36,03,024,20,39,46,358,48,3*7A
$GBGSV,2,1,07,11,12,121,14,12,17,085,22,19,15,058,25,22,01,011,20,5*7F
$GBGSV,2,2,07,29,33,131,41,35,63,210,18,39,46,358,46,5*45
$GBGSV,2,1,06,19,15,058,18,26,53,256,19,29,33,131,39,31,28,271,23,8*76
$GBGSV,2,2,06,35,63,210,21,39,46,358,47,8*7F
$GBGSV,1,1,01,20,13,104,,0*43
$GNGLL,3001.74221,S,05112.74939,W,162949.00,A,D*7B
$GNRMC,162950.00,A,3001.74221,S,05112.74940,W,0.009,,090926,,,F,V*11
$GNVTG,,T,,M,0.009,N,0.016,K,D*36
$GNGGA,162950.00,3001.74221,S,05112.74940,W,5,12,0.97,48.8,M,4.8,M,2.0,0920*6B
$GNGSA,M,3,29,05,12,13,18,21,23,25,28,,,,2.19,0.97,1.96,1*0E
$GNGSA,M,3,10,11,12,16,25,36,02,,,,,,2.19,0.97,1.96,3*00
$GNGSA,M,3,35,39,19,26,29,31,,,,,,,2.19,0.97,1.96,4*0B
$GPGSV,2,1,08,05,42,104,47,12,34,044,51,13,28,037,44,21,17,133,30,1*61
$GPGSV,2,2,08,23,10,354,26,25,70,030,51,28,29,276,23,29,58,177,22,1*69
$GPGSV,3,1,10,05,42,104,45,12,34,044,42,13,28,037,36,18,58,293,20,6*62
$GPGSV,3,2,10,21,17,133,21,23,10,354,26,25,70,030,45,26,14,222,15,6*67
$GPGSV,3,3,10,29,58,177,21,31,21,244,14,6*60
$GPGSV,2,1,06,13,28,037,37,18,58,293,22,21,17,133,23,23,10,354,39,8*61
$GPGSV,2,2,06,25,70,030,53,28,29,276,26,8*68
$GPGSV,1,1,01,15,01,046,,0*53
$GAGSV,2,1,08,02,22,223,19,10,48,143,37,11,78,153,28,12,24,141,25,1*7C
$GAGSV,2,2,08,14,26,100,34,16,49,057,48,25,75,193,25,36,47,316,20,1*77
$GAGSV,1,1,03,10,48,143,33,14,26,100,34,16,49,057,49,5*4B
$GAGSV,2,1,07,02,22,223,20,10,48,143,32,11,78,153,26,12,24,141,26,7*77
$GAGSV,2,2,07,14,26,100,31,16,49,057,46,25,75,193,28,7*48
$GBGSV,2,1,05,26,53,256,17,29,33,131,36,35,63,210,18,36,03,024,20,3*71
$GBGSV,2,2,05,39,46,358,48,3*4B
$GBGSV,2,1,08,11,12,121,14,12,17,085,22,19,15,058,25,20,13,104,18,5*7F
$GBGSV,2,2,08,22,01,011,20,29,33,131,41,35,63,210,18,39,46,358,45,5*7A
$GBGSV,2,1,07,19,15,058,18,26,53,256,18,29,33,131,39,31,28,271,22,8*77
$GBGSV,2,2,07,35,63,210,21,36,03,024,14,39,46,358,47,8*4B
$GBGSV,1,1,01,24,15,222,,0*46
$GNGLL,3001.74221,S,05112.74940,W,162950.00,A,D*7D
$GNRMC,162951.00,A,3001.74221,S,05112.74940,W,0.020,,090926,,,F,V*1B
$GNVTG,,T,,M,0.020,N,0.037,K,D*3E
$GNGGA,162951.00,3001.74221,S,05112.74940,W,5,12,0.97,48.8,M,4.8,M,2.0,0920*6A
$GNGSA,M,3,29,05,12,13,18,21,23,25,28,,,,2.19,0.97,1.96,1*0E
$GNGSA,M,3,10,11,12,16,25,36,02,,,,,,2.19,0.97,1.96,3*00
$GNGSA,M,3,35,39,19,26,29,,,,,,,,2.19,0.97,1.96,4*09
$GPGSV,2,1,08,05,42,104,47,12,34,044,51,13,28,037,44,21,17,133,31,1*60
$GPGSV,2,2,08,23,10,354,26,25,70,030,51,28,29,276,23,29,58,177,21,1*6A
$GPGSV,3,1,10,05,42,104,45,12,34,044,42,13,28,037,36,18,58,293,20,6*62
$GPGSV,3,2,10,21,17,133,22,23,10,354,26,25,70,030,45,26,14,222,16,6*67
$GPGSV,3,3,10,29,58,177,22,31,21,244,12,6*65
$GPGSV,2,1,06,13,28,037,37,18,58,293,22,21,17,133,23,23,10,354,39,8*61
$GPGSV,2,2,06,25,70,030,53,28,29,276,25,8*6B
$GPGSV,1,1,01,15,01,046,,0*53
$GAGSV,2,1,08,02,22,223,19,10,48,143,37,11,78,153,27,12,24,141,25,1*73
$GAGSV,2,2,08,14,26,100,34,16,49,057,47,25,75,193,25,36,47,316,19,1*72
$GAGSV,1,1,03,10,48,143,32,14,26,100,34,16,49,057,49,5*4A
$GAGSV,2,1,07,02,22,223,19,10,48,143,32,11,78,153,25,12,24,141,26,7*7E
$GAGSV,2,2,07,14,26,100,31,16,49,057,46,25,75,193,28,7*48
$GBGSV,2,1,05,26,53,256,17,29,33,131,36,35,63,210,19,36,03,024,20,3*70
$GBGSV,2,2,05,39,46,358,48,3*4B
$GBGSV,2,1,08,11,12,121,14,12,17,085,22,19,15,058,25,20,13,104,18,5*7F
$GBGSV,2,2,08,22,01,011,20,29,33,131,41,35,63,210,18,39,46,358,45,5*7A
$GBGSV,2,1,07,19,15,058,17,26,53,256,19,29,33,131,39,31,28,271,22,8*79
$GBGSV,2,2,07,35,63,210,21,36,03,024,13,39,46,358,47,8*4C
$GBGSV,1,1,01,24,15,222,,0*46
$GNGLL,3001.74221,S,05112.74940,W,162951.00,A,D*7C
$GNRMC,162952.00,A,3001.74221,S,05112.74940,W,0.017,,090926,,,F,V*1C
$GNVTG,,T,,M,0.017,N,0.031,K,D*3C
$GNGGA,162952.00,3001.74221,S,05112.74940,W,5,12,0.97,48.8,M,4.8,M,2.0,0920*69
$GNGSA,M,3,29,05,12,13,18,21,23,25,28,,,,2.19,0.97,1.96,1*0E
$GNGSA,M,3,10,11,12,16,25,36,02,,,,,,2.19,0.97,1.96,3*00
$GNGSA,M,3,35,39,19,26,29,31,,,,,,,2.19,0.97,1.96,4*0B
$GPGSV,2,1,08,05,42,104,46,12,34,044,51,13,28,037,44,21,17,133,30,1*60
$GPGSV,2,2,08,23,10,354,26,25,70,030,51,28,29,276,22,29,58,177,21,1*6B
$GPGSV,3,1,10,05,42,104,45,12,34,044,42,13,28,037,35,18,58,293,20,6*61
$GPGSV,3,2,10,21,17,133,21,23,10,354,26,25,70,030,45,26,14,222,15,6*67
$GPGSV,3,3,10,29,58,177,22,31,21,244,11,6*66
$GPGSV,2,1,06,13,28,037,37,18,58,293,22,21,17,133,24,23,10,354,39,8*66
$GPGSV,2,2,06,25,70,030,53,28,29,276,25,8*6B
$GPGSV,1,1,01,15,01,046,,0*53
$GAGSV,2,1,08,02,22,223,19,10,48,143,37,11,78,153,27,12,24,141,25,1*73
$GAGSV,2,2,08,14,26,100,34,16,49,057,47,25,75,193,25,36,47,316,19,1*72
$GAGSV,1,1,03,10,48,143,33,14,26,100,34,16,49,057,49,5*4B
$GAGSV,2,1,08,02,22,223,20,10,48,143,32,11,78,153,26,12,24,141,26,7*78
$GAGSV,2,2,08,14,26,100,31,14,26,100,31,16,49,057,46,25,75,193,28,7*75
$GBGSV,2,1,05,26,53,256,17,29,33,131,36,35,63,210,19,36,03,024,19,3*7A
$GBGSV,2,2,05,39,46,358,48,3*4B
$GBGSV,2,1,08,11,12,121,14,12,17,085,22,19,15,058,25,20,13,104,18,5*7F
$GBGSV,2,2,08,22,01,011,20,29,33,131,41,35,63,210,18,39,46,358,45,5*7A
$GBGSV,2,1,07,19,15,058,16,26,53,256,18,29,33,131,39,31,28,271,21,8*7A
$GBGSV,2,2,07,35,63,210,21,36,03,024,13,39,46,358,47,8*4C
$GBGSV,1,1,01,24,15,222,,0*46
$GNGLL,3001.74221,S,05112.74940,W,162952.00,A,D*7F
$GNRMC,162953.00,A,3001.74221,S,05112.74940,W,0.051,,090926,,,F,V*1F
$GNVTG,,T,,M,0.051,N,0.094,K,D*31
$GNGGA,162953.00,3001.74221,S,05112.74940,W,5,12,0.97,48.8,M,4.8,M,2.0,0920*68
$GNGSA,M,3,29,05,12,13,18,21,23,25,28,,,,2.19,0.97,1.96,1*0E
$GNGSA,M,3,10,11,12,16,25,36,02,,,,,,2.19,0.97,1.96,3*00
$GNGSA,M,3,35,39,19,26,29,31,,,,,,,2.19,0.97,1.96,4*0B
$GPGSV,2,1,08,05,42,104,47,12,34,044,51,13,28,037,44,21,17,133,30,1*61
$GPGSV,2,2,08,23,10,354,26,25,70,030,51,28,29,276,22,29,58,177,21,1*6B
$GPGSV,3,1,10,05,42,104,45,12,34,044,42,13,28,037,35,18,58,293,21,6*60
$GPGSV,3,2,10,21,17,133,21,23,10,354,26,25,70,030,45,26,14,222,14,6*66
$GPGSV,3,3,10,29,58,177,22,31,21,244,09,6*6F
$GPGSV,2,1,06,13,28,037,36,18,58,293,23,21,17,133,25,23,10,354,39,8*67
$GPGSV,2,2,06,25,70,030,53,28,29,276,25,8*6B
$GPGSV,1,1,01,15,01,046,,0*53
$GAGSV,2,1,08,02,22,223,18,10,48,143,37,11,78,153,27,12,24,141,25,1*72
$GAGSV,2,2,08,14,26,100,34,16,49,057,47,25,75,193,25,36,47,316,20,1*78
$GAGSV,1,1,03,10,48,143,33,14,26,100,34,16,49,057,49,5*4B
$GAGSV,2,1,07,02,22,223,20,10,48,143,32,11,78,153,26,12,24,141,26,7*77
$GAGSV,2,2,07,14,26,100,31,16,49,057,46,25,75,193,28,7*48
$GBGSV,2,1,05,26,53,256,16,29,33,131,36,35,63,210,19,36,03,024,19,3*7B
$GBGSV,2,2,05,39,46,358,48,3*4B
$GBGSV,2,1,08,11,12,121,13,12,17,085,22,19,15,058,25,20,13,104,18,5*78
$GBGSV,2,2,08,22,01,011,20,29,33,131,41,35,63,210,18,39,46,358,45,5*7A
$GBGSV,2,1,07,19,15,058,16,26,53,256,18,29,33,131,39,31,28,271,21,8*7A
$GBGSV,2,2,07,35,63,210,21,36,03,024,13,39,46,358,47,8*4C
$GBGSV,1,1,01,24,15,222,,0*46
$GNGLL,3001.74221,S,05112.74940,W,162953.00,A,D*7E
$GNRMC,162954.00,A,3001.74221,S,05112.74941,W,0.053,,090926,,,F,V*1B
$GNVTG,,T,,M,0.053,N,0.098,K,D*3F
$GNGGA,162954.00,3001.74221,S,05112.74941,W,5,12,1.10,48.8,M,4.8,M,2.0,0920*60
$GNGSA,M,3,29,05,12,13,18,21,23,25,28,,,,2.34,1.10,2.06,1*05
$GNGSA,M,3,10,11,12,16,25,36,02,,,,,,2.34,1.10,2.06,3*0B
$GNGSA,M,3,35,39,19,26,29,31,,,,,,,2.34,1.10,2.06,4*00
$GPGSV,2,1,08,05,42,104,47,12,34,044,51,13,28,037,44,21,17,133,30,1*61
$GPGSV,2,2,08,23,10,354,26,25,70,030,51,28,29,276,23,29,58,177,22,1*69
$GPGSV,3,1,10,05,42,104,45,12,34,044,42,13,28,037,35,18,58,293,21,6*60
$GPGSV,3,2,10,21,17,133,21,23,10,354,26,25,70,030,45,26,14,222,14,6*66
$GPGSV,3,3,10,29,58,177,22,31,21,244,11,6*66
$GPGSV,2,1,06,13,28,037,36,18,58,293,22,21,17,133,24,23,10,354,39,8*67
$GPGSV,2,2,06,25,70,030,53,28,29,276,25,8*6B
$GPGSV,1,1,01,15,01,046,,0*53
$GAGSV,2,1,08,02,22,223,18,10,48,143,37,11,78,153,27,12,24,141,25,1*72
$GAGSV,2,2,08,14,26,100,34,16,49,057,47,25,75,193,25,36,47,316,21,1*79
$GAGSV,1,1,03,10,48,143,33,14,26,100,34,16,49,057,49,5*4B
$GAGSV,2,1,07,02,22,223,19,10,48,143,32,11,78,153,26,12,24,141,26,7*7D
$GAGSV,2,2,07,14,26,100,30,16,49,057,46,25,75,193,28,7*49
$GBGSV,2,1,05,26,53,256,17,29,33,131,36,35,63,210,19,36,03,024,19,3*7A
$GBGSV,2,2,05,39,46,358,48,3*4B
$GBGSV,2,1,08,11,12,121,13,12,17,085,23,19,15,058,25,20,13,104,18,5*79
$GBGSV,2,2,08,22,01,011,19,29,33,131,41,35,63,210,17,39,46,358,45,5*7F
$GBGSV,2,1,07,19,15,058,16,26,53,256,19,29,33,131,39,31,28,271,21,8*7B
$GBGSV,2,2,07,35,63,210,20,36,03,024,13,39,46,358,47,8*4D
$GBGSV,1,1,01,24,15,222,,0*46
$GNGLL,3001.74221,S,05112.74941,W,162954.00,A,D*78
$GNRMC,162955.00,A,3001.74221,S,05112.74941,W,0.042,,090926,,,F,V*1A
$GNVTG,,T,,M,0.042,N,0.078,K,D*31
$GNGGA,162955.00,3001.74221,S,05112.74941,W,5,12,1.11,48.7,M,4.8,M,2.0,0920*6F
$GNGSA,M,3,29,05,12,13,18,21,23,25,28,,,,2.33,1.11,2.06,1*03
$GNGSA,M,3,10,11,12,16,25,36,02,,,,,,2.33,1.11,2.06,3*0D
$GNGSA,M,3,35,39,19,26,29,31,,,,,,,2.33,1.11,2.06,4*06
$GPGSV,2,1,07,05,42,104,46,12,34,044,51,13,28,037,44,21,17,133,30,1*6F
$GPGSV,2,2,07,23,10,354,27,25,70,030,51,28,29,276,22,1*51
$GPGSV,3,1,10,05,42,104,45,12,34,044,42,13,28,037,35,18,58,293,22,6*63
$GPGSV,3,2,10,21,17,133,21,23,10,354,26,25,70,030,45,26,14,222,15,6*67
$GPGSV,3,3,10,29,58,177,22,31,21,244,13,6*64
$GPGSV,2,1,06,13,28,037,36,18,58,293,22,21,17,133,24,23,10,354,39,8*67
$GPGSV,2,2,06,25,70,030,53,28,29,276,25,8*6B
$GPGSV,1,1,01,15,01,046,,0*53
$GAGSV,2,1,08,02,22,223,18,10,48,143,37,11,78,153,27,12,24,141,25,1*72
$GAGSV,2,2,08,14,26,100,34,16,49,057,47,25,75,193,25,36,47,316,20,1*78
$GAGSV,1,1,03,10,48,143,33,14,26,100,34,16,49,057,49,5*4B
$GAGSV,2,1,07,02,22,223,19,10,48,143,32,11,78,153,26,12,24,141,26,7*7D
$GAGSV,2,2,07,14,26,100,30,16,49,057,46,25,75,193,28,7*49
$GBGSV,2,1,05,26,53,256,16,29,33,131,36,35,63,210,19,36,03,024,18,3*7A
$GBGSV,2,2,05,39,46,358,48,3*4B
$GBGSV,2,1,08,11,12,121,12,12,17,085,23,19,15,058,25,20,13,104,18,5*78
$GBGSV,2,2,08,22,01,011,19,29,33,131,41,35,63,210,16,39,46,358,45,5*7E
$GBGSV,2,1,07,19,15,058,16,26,53,256,19,29,33,131,40,31,28,271,20,8*74
$GBGSV,2,2,07,35,63,210,20,36,03,024,11,39,46,358,47,8*4F
$GBGSV,1,1,01,24,15,222,,0*46
$GNGLL,3001.74221,S,05112.74941,W,162955.00,A,D*79
$GNRMC,162956.00,A,3001.74221,S,05112.74941,W,0.030,,090926,,,F,V*1C
$GNVTG,,T,,M,0.030,N,0.056,K,D*38
$GNGGA,162956.00,3001.74221,S,05112.74941,W,5,12,0.97,48.8,M,4.8,M,2.0,0920*6C
$GNGSA,M,3,29,05,12,13,18,21,23,25,28,,,,2.19,0.97,1.96,1*0E
$GNGSA,M,3,10,11,12,16,25,36,02,,,,,,2.19,0.97,1.96,3*00
$GNGSA,M,3,35,39,19,26,29,31,,,,,,,2.19,0.97,1.96,4*0B
$GPGSV,2,1,07,05,42,104,46,12,34,044,51,13,28,037,44,21,17,133,30,1*6F
$GPGSV,2,2,07,23,10,354,27,25,70,030,51,28,29,276,22,1*51
$GPGSV,3,1,10,05,42,104,45,12,34,044,42,13,28,037,35,18,58,293,23,6*62
$GPGSV,3,2,10,21,17,133,21,23,10,354,26,25,70,030,45,26,14,222,15,6*67
$GPGSV,3,3,10,29,58,177,21,31,21,244,13,6*67
$GPGSV,2,1,06,13,28,037,36,18,58,293,22,21,17,133,24,23,10,354,39,8*67
$GPGSV,2,2,06,25,70,030,53,28,29,276,26,8*68
$GPGSV,1,1,01,15,01,046,,0*53
$GAGSV,2,1,08,02,22,223,17,10,48,143,37,11,78,153,27,12,24,141,25,1*7D
$GAGSV,2,2,08,14,26,100,34,16,49,057,47,25,75,193,25,36,47,316,21,1*79
$GAGSV,1,1,03,10,48,143,33,14,26,100,34,16,49,057,49,5*4B
$GAGSV,2,1,07,02,22,223,18,10,48,143,32,11,78,153,26,12,24,141,26,7*7C
$GAGSV,2,2,07,14,26,100,30,16,49,057,46,25,75,193,28,7*49
$GBGSV,2,1,05,26,53,256,15,29,33,131,36,35,63,210,18,36,03,024,18,3*78
$GBGSV,2,2,05,39,46,358,48,3*4B
$GBGSV,2,1,08,11,12,121,12,12,17,086,23,19,15,058,25,20,13,104,19,5*7A
$GBGSV,2,2,08,22,01,011,19,29,33,131,41,35,63,210,16,39,46,358,45,5*7E
$GBGSV,2,1,07,19,15,058,16,26,53,256,20,29,33,131,40,31,28,271,20,8*7E
$GBGSV,2,2,07,35,63,210,20,36,03,024,12,39,46,358,47,8*4C
$GBGSV,1,1,01,24,15,222,,0*46
$GNGLL,3001.74221,S,05112.74941,W,162956.00,A,D*7A
$GNRMC,162957.00,A,3001.74221,S,05112.74941,W,0.033,,090926,,,F,V*1E
$GNVTG,,T,,M,0.033,N,0.062,K,D*3C
$GNGGA,162957.00,3001.74221,S,05112.74941,W,5,12,0.97,48.8,M,4.8,M,2.0,0920*6D
$GNGSA,M,3,29,05,12,13,18,21,23,25,28,,,,2.19,0.97,1.96,1*0E
$GNGSA,M,3,10,11,12,16,25,36,02,,,,,,2.19,0.97,1.96,3*00
$GNGSA,M,3,35,39,19,26,29,31,,,,,,,2.19,0.97,1.96,4*0B
$GPGSV,2,1,07,05,42,104,46,12,34,044,51,13,28,037,44,21,17,133,30,1*6F
$GPGSV,2,2,07,23,10,354,27,25,70,030,51,28,29,276,22,1*51
$GPGSV,3,1,10,05,42,104,45,12,34,044,42,13,28,037,35,18,58,293,23,6*62
$GPGSV,3,2,10,21,17,133,21,23,10,354,25,25,70,030,45,26,14,222,14,6*65
$GPGSV,3,3,10,29,58,177,21,31,21,244,13,6*67
$GPGSV,2,1,06,13,28,037,36,18,58,293,23,21,17,133,24,23,10,354,39,8*66
$GPGSV,2,2,06,25,70,030,53,28,29,276,26,8*68
$GPGSV,1,1,01,15,01,046,,0*53
$GAGSV,2,1,08,02,22,223,17,10,48,143,37,11,78,153,27,12,24,141,25,1*7D
$GAGSV,2,2,08,14,26,100,34,16,49,057,47,25,75,193,25,36,47,316,20,1*78
$GAGSV,1,1,03,10,48,143,33,14,26,100,34,16,49,057,49,5*4B
$GAGSV,2,1,07,02,22,223,18,10,48,143,32,11,78,153,26,12,24,141,26,7*7C
$GAGSV,2,2,07,14,26,100,30,16,49,057,46,25,75,193,28,7*49
$GBGSV,2,1,05,26,53,256,15,29,33,131,36,35,63,210,16,36,03,024,17,3*79
$GBGSV,2,2,05,39,46,358,48,3*4B
$GBGSV,2,1,08,11,12,121,14,12,17,086,23,19,15,058,25,20,13,104,19,5*7C
$GBGSV,2,2,08,22,01,011,19,29,33,131,41,35,63,210,15,39,46,358,45,5*7D
$GBGSV,2,1,07,19,15,058,16,26,53,256,20,29,33,131,39,31,28,271,20,8*70
$GBGSV,2,2,07,35,63,210,19,36,03,024,13,39,46,358,47,8*47
$GBGSV,1,1,01,24,15,222,,0*46
$GNGLL,3001.74221,S,05112.74941,W,162957.00,A,D*7B
$GNRMC,162958.00,A,3001.74221,S,05112.74942,W,0.016,,090926,,,F,V*15
$GNVTG,,T,,M,0.016,N,0.030,K,D*3C
$GNGGA,162958.00,3001.74221,S,05112.74942,W,5,12,1.11,48.8,M,4.8,M,2.0,0920*6E
$GNGSA,M,3,29,05,12,13,18,21,23,25,28,,,,2.33,1.11,2.06,1*03
$GNGSA,M,3,10,11,12,16,25,36,02,,,,,,2.33,1.11,2.06,3*0D
$GNGSA,M,3,35,39,19,26,29,,,,,,,,2.33,1.11,2.06,4*04
$GPGSV,2,1,07,05,42,104,46,12,34,044,51,13,28,037,44,21,17,133,30,1*6F
$GPGSV,2,2,07,23,10,354,27,25,70,030,51,28,29,276,22,1*51
$GPGSV,3,1,10,05,42,104,45,12,34,044,42,13,28,037,35,18,58,293,24,6*65
$GPGSV,3,2,10,21,17,133,21,23,10,354,25,25,70,030,45,26,14,222,14,6*65
$GPGSV,3,3,10,29,58,177,21,31,21,244,13,6*67
$GPGSV,2,1,06,13,28,037,36,18,58,293,23,21,17,133,25,23,10,354,39,8*67
$GPGSV,2,2,06,25,70,030,53,28,29,276,26,8*68
$GPGSV,1,1,01,15,01,046,,0*53
$GAGSV,2,1,08,02,22,223,17,10,48,143,37,11,78,153,27,12,24,141,25,1*7D
$GAGSV,2,2,08,14,26,100,34,16,49,057,47,25,75,193,25,36,47,316,21,1*79
$GAGSV,1,1,03,10,48,143,33,14,26,100,34,16,49,057,49,5*4B
$GAGSV,2,1,07,02,22,223,18,10,48,143,32,11,78,153,26,12,24,141,26,7*7C
$GAGSV,2,2,07,14,26,100,30,16,49,057,46,25,75,193,28,7*49
$GBGSV,2,1,05,26,53,256,16,29,33,131,36,35,63,210,17,36,03,024,17,3*7B
$GBGSV,2,2,05,39,46,358,48,3*4B
$GBGSV,2,1,08,11,12,121,14,12,17,086,23,19,15,058,25,20,13,104,19,5*7C
$GBGSV,2,2,08,22,01,011,19,29,33,131,41,35,63,210,14,39,46,358,45,5*7C
$GBGSV,2,1,07,19,15,058,16,26,53,256,21,29,33,131,39,31,28,271,20,8*71
$GBGSV,2,2,07,35,63,210,19,36,03,024,13,39,46,358,47,8*47
$GBGSV,1,1,01,24,15,222,,0*46
$GNGLL,3001.74221,S,05112.74942,W,162958.00,A,D*77
$GNRMC,162959.00,A,3001.74222,S,05112.74943,W,0.023,,090926,,,F,V*10
$GNVTG,,T,,M,0.023,N,0.042,K,D*3F
$GNGGA,162959.00,3001.74222,S,05112.74943,W,5,12,1.11,48.7,M,4.8,M,2.0,0920*62
$GNGSA,M,3,29,05,12,13,18,21,23,25,28,,,,2.33,1.11,2.06,1*03
$GNGSA,M,3,10,11,12,16,25,36,02,,,,,,2.33,1.11,2.06,3*0D
$GNGSA,M,3,35,39,19,26,29,,,,,,,,2.33,1.11,2.06,4*04
$GPGSV,2,1,07,05,42,104,46,12,34,044,51,13,28,037,44,21,17,133,30,1*6F
$GPGSV,2,2,07,23,10,354,27,25,70,030,51,28,29,276,21,1*52
$GPGSV,3,1,10,05,42,104,45,12,34,044,42,13,28,037,35,18,58,293,24,6*65
$GPGSV,3,2,10,21,17,133,20,23,10,354,25,25,70,030,45,26,14,222,14,6*64
$GPGSV,3,3,10,29,58,177,21,31,21,244,13,6*67
$GPGSV,2,1,06,13,28,037,36,18,58,293,23,21,17,133,25,23,10,354,39,8*67
$GPGSV,2,2,06,25,70,030,53,28,29,276,26,8*68
$GPGSV,1,1,01,15,01,046,,0*53
$GAGSV,2,1,08,02,22,223,18,10,48,143,37,11,78,153,27,12,24,141,25,1*72
$GAGSV,2,2,08,14,26,100,34,16,49,057,47,25,75,193,25,36,47,316,20,1*78
$GAGSV,1,1,03,10,48,143,33,14,26,100,34,16,49,057,49,5*4B
$GAGSV,2,1,07,02,22,223,18,10,48,143,33,11,78,153,26,12,24,141,26,7*7D
$GAGSV,2,2,07,14,26,100,30,16,49,057,46,25,75,193,28,7*49
$GBGSV,2,1,06,12,17,086,21,26,53,256,17,29,33,131,36,35,63,210,17,3*77
$GBGSV,2,2,06,36,03,024,18,39,46,358,48,3*71
$GBGSV,2,1,08,11,12,121,14,12,17,086,23,19,16,059,25,20,13,104,19,5*7E
$GBGSV,2,2,08,22,01,011,18,29,33,131,41,35,63,210,14,39,46,358,45,5*7D
$GBGSV,2,1,07,19,16,059,17,26,53,256,20,29,33,131,39,31,28,271,20,8*73
$GBGSV,2,2,07,35,63,210,19,36,03,024,14,39,46,358,47,8*40
$GBGSV,1,1,01,24,15,222,,0*46
$GNGLL,3001.74222,S,05112.74943,W,162959.00,A,D*74
$GNRMC,163000.00,A,3001.74221,S,05112.74943,W,0.013,,090926,,,F,V*14
$GNVTG,,T,,M,0.013,N,0.025,K,D*3D
$GNGGA,163000.00,3001.74221,S,05112.74943,W,5,12,0.79,48.7,M,4.8,M,2.0,0920*6A
$GNGSA,M,3,29,05,12,13,18,21,23,25,28,,,,1.65,0.79,1.46,1*0B
$GNGSA,M,3,10,11,12,16,25,36,02,,,,,,1.65,0.79,1.46,3*05
$GNGSA,M,3,35,39,19,26,29,31,,,,,,,1.65,0.79,1.46,4*0E
$GPGSV,2,1,07,05,42,104,47,12,34,044,51,13,28,037,44,21,17,133,30,1*6E
$GPGSV,2,2,07,23,10,354,27,25,70,030,51,28,29,276,21,1*52
$GPGSV,1,1,01,28,29,276,15,5*57
$GPGSV,3,1,09,05,42,104,45,12,34,044,42,13,28,037,35,18,58,293,25,6*6C
$GPGSV,3,2,09,21,17,133,20,23,10,354,26,25,70,030,45,26,14,222,15,6*6E
$GPGSV,3,3,09,29,58,177,21,6*5E
$GPGSV,2,1,06,13,28,037,36,18,58,293,23,21,17,133,25,23,10,354,39,8*67
$GPGSV,2,2,06,25,70,030,53,28,29,276,26,8*68
$GPGSV,1,1,02,15,01,046,,31,21,244,,0*63
$GAGSV,2,1,08,02,22,223,18,10,48,143,37,11,78,153,27,12,24,141,25,1*72
$GAGSV,2,2,08,14,26,100,34,16,49,057,47,25,75,193,25,36,47,316,21,1*79
$GAGSV,1,1,03,10,48,143,33,14,26,100,34,16,49,057,49,5*4B
$GAGSV,2,1,07,02,22,223,19,10,48,143,33,11,78,153,26,12,24,141,26,7*7C
$GAGSV,2,2,07,14,26,100,30,16,49,057,46,25,75,193,28,7*49
$GBGSV,2,1,06,12,17,086,21,26,53,256,18,29,33,131,36,35,63,210,18,3*77
$GBGSV,2,2,06,36,03,024,18,39,46,358,48,3*71
$GBGSV,2,1,08,11,12,121,13,12,17,086,23,19,16,059,24,20,13,105,19,5*79
$GBGSV,2,2,08,22,01,011,19,29,33,131,41,35,63,210,14,39,46,358,45,5*7C
$GBGSV,2,1,07,19,16,059,17,26,53,256,20,29,33,131,39,31,28,271,20,8*73
$GBGSV,2,2,07,35,63,210,18,36,03,024,13,39,46,358,47,8*46
$GBGSV,1,1,01,24,15,222,,0*46
$GNGLL,3001.74221,S,05112.74943,W,163000.00,A,D*73
$GNRMC,163001.00,A,3001.74221,S,05112.74942,W,0.022,,090926,,,F,V*16
$GNVTG,,T,,M,0.022,N,0.041,K,D*3D
$GNGGA,163001.00,3001.74221,S,05112.74942,W,5,12,0.78,48.8,M,4.8,M,2.0,0920*64
$GNGSA,M,3,29,05,12,13,18,21,23,25,28,,,,1.58,0.78,1.37,1*02
$GNGSA,M,3,10,11,12,16,25,36,02,,,,,,1.58,0.78,1.37,3*0C
$GNGSA,M,3,35,39,19,26,29,31,,,,,,,1.58,0.78,1.37,4*07
$GPGSV,2,1,07,05,42,104,46,12,34,044,51,13,28,037,44,21,17,133,29,1*67
$GPGSV,2,2,07,23,10,354,27,25,70,030,51,28,29,276,20,1*53
$GPGSV,3,1,10,05,42,104,45,12,34,044,42,13,28,037,35,18,58,293,25,6*64
$GPGSV,3,2,10,21,17,133,20,23,10,354,26,25,70,030,45,26,14,222,16,6*65
$GPGSV,3,3,10,28,29,276,15,29,58,177,21,6*60
$GPGSV,2,1,06,13,28,037,36,18,58,293,23,21,17,133,25,23,10,354,39,8*67
$GPGSV,2,2,06,25,70,030,53,28,29,276,26,8*68
$GPGSV,1,1,02,15,01,046,,31,21,244,,0*63
$GAGSV,2,1,08,02,22,223,18,10,48,143,37,11,78,153,27,12,24,141,25,1*72
$GAGSV,2,2,08,14,26,100,34,16,49,057,47,25,75,193,25,36,47,316,21,1*79
$GAGSV,1,1,03,10,48,143,33,14,26,100,34,16,49,057,49,5*4B
$GAGSV,2,1,07,02,22,223,19,10,48,143,33,11,78,153,26,12,24,141,26,7*7C
$GAGSV,2,2,07,14,26,100,29,16,49,057,46,25,75,193,28,7*41
$GBGSV,2,1,06,12,17,086,21,26,53,256,18,29,33,131,36,35,63,210,18,3*77
$GBGSV,2,2,06,36,03,024,18,39,46,358,48,3*71
$GBGSV,2,1,08,11,12,121,14,12,17,086,23,19,16,059,25,20,13,105,19,5*7F
$GBGSV,2,2,08,22,01,011,19,29,33,131,41,35,63,210,13,39,46,358,45,5*7B
$GBGSV,2,1,07,19,16,059,16,26,53,256,21,29,33,131,39,31,28,271,19,8*79
$GBGSV,2,2,07,35,63,210,17,36,03,024,14,39,46,358,47,8*4E
$GBGSV,1,1,01,24,15,222,,0*46
$GNGLL,3001.74221,S,05112.74942,W,163001.00,A,D*73
$GNRMC,163002.00,A,3001.74221,S,05112.74943,W,0.026,,090926,,,F,V*10
$GNVTG,,T,,M,0.026,N,0.048,K,D*30
$GNGGA,163002.00,3001.74221,S,05112.74943,W,5,12,1.11,48.8,M,4.8,M,2.0,0920*68
$GNGSA,M,3,29,05,12,13,18,21,23,25,28,,,,2.33,1.11,2.06,1*03
$GNGSA,M,3,10,11,12,16,25,36,02,,,,,,2.33,1.11,2.06,3*0D
$GNGSA,M,3,35,39,19,26,29,31,,,,,,,2.33,1.11,2.06,4*06
$GPGSV,2,1,07,05,42,104,46,12,34,044,51,13,28,037,44,21,17,133,29,1*67
$GPGSV,2,2,07,23,10,354,27,25,70,030,51,28,29,276,20,1*53
$GPGSV,3,1,10,05,42,104,45,12,34,044,42,13,28,037,35,18,58,293,25,6*64
$GPGSV,3,2,10,21,17,133,21,23,10,354,26,25,70,030,45,26,14,222,15,6*67
$GPGSV,3,3,10,28,29,276,14,29,58,177,21,6*61
$GPGSV,2,1,06,13,28,037,36,18,58,293,23,21,17,133,25,23,10,354,39,8*67
$GPGSV,2,2,06,25,70,030,53,28,29,276,26,8*68
$GPGSV,1,1,02,15,01,046,,31,21,244,,0*63
$GAGSV,2,1,08,02,22,223,18,10,48,143,37,11,78,153,27,12,24,141,25,1*72
$GAGSV,2,2,08,14,26,100,34,16,49,057,47,25,75,193,25,36,47,316,21,1*79
$GAGSV,1,1,03,10,48,143,33,14,26,100,34,16,49,057,49,5*4B
$GAGSV,2,1,07,02,22,223,19,10,48,143,33,11,78,153,26,12,24,141,26,7*7C
$GAGSV,2,2,07,14,26,100,29,16,49,057,46,25,75,193,28,7*41
$GBGSV,2,1,06,12,17,086,22,26,53,256,18,29,33,131,36,35,63,210,18,3*74
$GBGSV,2,2,06,36,03,024,18,39,46,358,48,3*71
$GBGSV,2,1,08,11,12,121,14,12,17,086,23,19,16,059,24,20,13,105,18,5*7F
$GBGSV,2,2,08,22,01,012,19,29,33,131,41,35,63,210,15,39,46,358,45,5*7E
$GBGSV,2,1,07,19,16,059,15,26,53,256,20,29,33,131,40,31,28,271,19,8*75
$GBGSV,2,2,07,35,63,210,17,36,03,024,14,39,46,358,47,8*4E
$GBGSV,1,1,01,24,15,222,,0*46
$GNGLL,3001.74221,S,05112.74943,W,163002.00,A,D*71
$GNRMC,163003.00,A,3001.74222,S,05112.74943,W,0.005,,090926,,,F,V*13
$GNVTG,,T,,M,0.005,N,0.010,K,D*3C
$GNGGA,163003.00,3001.74222,S,05112.74943,W,5,12,1.09,48.8,M,4.8,M,2.0,0920*63
$GNGSA,M,3,29,05,12,13,18,21,23,25,28,,,,2.06,1.09,1.75,1*0B
$GNGSA,M,3,10,11,12,16,25,36,02,,,,,,2.06,1.09,1.75,3*05
$GNGSA,M,3,35,39,11,19,26,29,,,,,,,2.06,1.09,1.75,4*0C
$GPGSV,2,1,07,05,42,104,46,12,34,044,51,13,28,037,44,21,17,133,29,1*67
$GPGSV,2,2,07,23,10,354,27,25,70,030,51,28,29,276,20,1*53
$GPGSV,3,1,10,05,42,104,45,12,34,044,42,13,28,037,35,18,58,293,24,6*65
$GPGSV,3,2,10,21,17,133,21,23,10,354,26,25,70,030,45,26,14,222,15,6*67
$GPGSV,3,3,10,28,29,276,13,29,58,177,21,6*66
$GPGSV,2,1,06,13,28,037,36,18,58,293,23,21,17,133,24,23,10,354,39,8*66
$GPGSV,2,2,06,25,70,030,53,28,29,276,26,8*68
$GPGSV,1,1,02,15,01,046,,31,21,244,,0*63
$GAGSV,2,1,08,02,22,223,17,10,48,143,37,11,78,153,27,12,24,141,25,1*7D
$GAGSV,2,2,08,14,26,100,34,16,49,057,47,25,75,193,25,36,47,316,22,1*7A
$GAGSV,1,1,03,10,48,143,33,14,26,100,35,16,49,057,49,5*4A
$GAGSV,2,1,07,02,22,223,19,10,48,143,33,11,78,153,26,12,24,141,26,7*7C
$GAGSV,2,2,07,14,26,100,29,16,49,057,46,25,75,193,28,7*41
$GBGSV,2,1,06,12,17,086,22,26,53,256,17,29,33,131,36,35,63,210,18,3*7B
$GBGSV,2,2,06,36,03,024,18,39,46,358,48,3*71
$GBGSV,3,1,09,11,12,121,15,12,17,086,23,19,16,059,24,20,13,105,18,5*7E
$GBGSV,3,2,09,22,01,012,18,29,33,131,41,31,28,271,15,35,63,210,15,5*70
$GBGSV,3,3,09,39,46,358,45,5*4C
$GBGSV,2,1,07,19,16,059,15,26,53,256,20,29,33,131,39,31,28,271,19,8*7B
$GBGSV,2,2,07,35,63,210,17,36,03,024,14,39,46,358,47,8*4E
$GBGSV,1,1,01,24,15,222,,0*46
$GNGLL,3001.74222,S,05112.74943,W,163003.00,A,D*73
$GNRMC,163004.00,A,3001.74222,S,05112.74943,W,0.015,,090926,,,F,V*15
$GNVTG,,T,,M,0.015,N,0.028,K,D*36
$GNGGA,163004.00,3001.74222,S,05112.74943,W,5,12,1.09,48.8,M,4.8,M,2.0,0920*64
$GNGSA,M,3,29,05,12,13,18,21,23,25,,,,,2.06,1.09,1.75,1*01
$GNGSA,M,3,10,11,12,16,25,36,02,,,,,,2.06,1.09,1.75,3*05
$GNGSA,M,3,35,39,11,19,26,29,31,,,,,,2.06,1.09,1.75,4*0E
$GPGSV,2,1,06,05,42,104,46,12,34,044,51,13,28,037,44,21,17,133,29,1*66
$GPGSV,2,2,06,23,10,354,27,25,70,030,51,1*62
$GPGSV,3,1,10,05,42,104,45,12,34,044,42,13,28,037,35,18,58,293,24,6*65
$GPGSV,3,2,10,21,17,133,20,23,10,354,26,25,70,030,45,26,14,222,16,6*65
$GPGSV,3,3,10,28,29,276,12,29,58,177,20,6*66
$GPGSV,2,1,06,13,28,037,36,18,58,293,23,21,17,133,25,23,10,354,39,8*67
$GPGSV,2,2,06,25,70,030,53,28,29,276,26,8*68
$GPGSV,1,1,02,15,01,046,,31,21,244,,0*63
$GAGSV,2,1,08,02,22,223,17,10,48,143,37,11,78,153,27,12,24,141,25,1*7D
$GAGSV,2,2,08,14,26,100,34,16,49,057,47,25,75,193,25,36,47,316,22,1*7A
$GAGSV,1,1,03,10,48,143,33,14,26,100,35,16,49,057,49,5*4A
$GAGSV,2,1,07,02,22,223,18,10,48,143,33,11,78,153,26,12,24,141,26,7*7D
$GAGSV,2,2,07,14,26,100,29,16,49,057,46,25,75,193,27,7*4E
$GBGSV,2,1,06,12,17,086,21,26,53,256,16,29,33,131,36,35,63,210,18,3*79
$GBGSV,2,2,06,36,03,024,19,39,46,358,48,3*70
$GBGSV,3,1,10,11,12,121,16,12,17,086,24,19,16,059,25,20,13,105,19,5*72
$GBGSV,3,2,10,22,01,012,17,26,53,256,16,29,33,131,41,31,28,271,15,5*77
$GBGSV,3,3,10,35,63,210,14,39,46,358,45,5*71
$GBGSV,2,1,07,19,16,059,15,26,53,256,20,29,33,131,40,31,28,271,19,8*75
$GBGSV,2,2,07,35,63,210,17,36,03,024,14,39,46,358,47,8*4E
$GBGSV,1,1,01,24,15,222,,0*46
$GNGLL,3001.74222,S,05112.74943,W,163004.00,A,D*74
$GNRMC,163005.00,A,3001.74222,S,05112.74943,W,0.027,,090926,,,F,V*15
$GNVTG,,T,,M,0.027,N,0.051,K,D*39
$GNGGA,163005.00,3001.74222,S,05112.74943,W,5,12,1.09,48.8,M,4.8,M,2.0,0920*65
$GNGSA,M,3,29,05,12,13,18,21,23,25,,,,,2.06,1.09,1.75,1*01
$GNGSA,M,3,10,11,12,16,25,36,02,,,,,,2.06,1.09,1.75,3*05
$GNGSA,M,3,35,39,11,19,26,29,31,,,,,,2.06,1.09,1.75,4*0E
$GPGSV,2,1,07,05,42,104,46,12,34,044,51,13,28,037,44,21,17,133,29,1*67
$GPGSV,2,2,07,23,10,354,28,25,70,030,51,29,58,177,23,1*5A
$GPGSV,3,1,10,05,42,104,45,12,34,044,42,13,28,037,36,18,58,293,24,6*66
$GPGSV,3,2,10,21,17,133,20,23,10,354,26,25,70,030,45,26,14,222,16,6*65
$GPGSV,3,3,10,28,29,276,11,29,58,177,20,6*65
$GPGSV,2,1,06,13,28,037,36,18,58,293,24,21,17,133,25,23,10,354,39,8*60
$GPGSV,2,2,06,25,70,030,53,28,29,276,27,8*69
$GPGSV,1,1,02,15,01,046,,31,21,244,,0*63
$GAGSV,2,1,08,02,22,223,18,10,48,143,37,11,78,153,27,12,24,141,25,1*72
$GAGSV,2,2,08,14,26,100,34,16,49,057,47,25,75,193,25,36,47,316,21,1*79
$GAGSV,1,1,03,10,48,143,33,14,26,100,35,16,49,057,49,5*4A
$GAGSV,2,1,07,02,22,223,18,10,48,143,33,11,78,153,25,12,24,141,26,7*7E
$GAGSV,2,2,07,14,26,100,29,16,49,057,46,25,75,193,27,7*4E
$GBGSV,2,1,06,12,17,086,21,26,53,256,16,29,33,131,36,35,63,210,18,3*79
$GBGSV,2,2,06,36,03,024,19,39,46,358,48,3*70
$GBGSV,3,1,10,11,12,121,15,12,17,086,24,19,16,059,24,20,13,105,20,5*7A
$GBGSV,3,2,10,22,01,012,17,26,53,256,15,29,33,131,41,31,28,271,16,5*77
$GBGSV,3,3,10,35,63,210,15,39,46,358,45,5*70
$GBGSV,2,1,07,19,16,059,14,26,53,256,20,29,33,131,40,31,28,271,19,8*74
$GBGSV,2,2,07,35,63,210,17,36,03,024,15,39,46,358,47,8*4F
$GBGSV,1,1,01,24,15,222,,0*46
$GNGLL,3001.74222,S,05112.74943,W,163005.00,A,D*75
$GNRMC,163006.00,A,3001.74222,S,05112.74943,W,0.014,,090926,,,F,V*16
$GNVTG,,T,,M,0.014,N,0.025,K,D*3A
$GNGGA,163006.00,3001.74222,S,05112.74943,W,5,12,1.11,48.8,M,4.8,M,2.0,0920*6F
$GNGSA,M,3,29,05,12,13,18,21,23,25,,,,,2.33,1.11,2.05,1*0A
$GNGSA,M,3,10,11,12,16,25,36,02,,,,,,2.33,1.11,2.05,3*0E
$GNGSA,M,3,35,39,19,26,29,31,,,,,,,2.33,1.11,2.05,4*05
$GPGSV,2,1,07,05,42,104,47,12,34,044,51,13,28,037,44,21,17,133,29,1*66
$GPGSV,2,2,07,23,10,354,28,25,70,030,51,29,58,177,22,1*5B
$GPGSV,3,1,10,05,42,104,45,12,34,044,42,13,28,037,35,18,58,293,25,6*64
$GPGSV,3,2,10,21,17,133,20,23,10,354,26,25,70,030,45,26,14,222,15,6*66
$GPGSV,3,3,10,28,29,276,11,29,58,177,20,6*65
$GPGSV,2,1,06,13,28,037,36,18,58,293,23,21,17,133,25,23,10,354,39,8*67
$GPGSV,2,2,06,25,70,030,53,28,29,276,26,8*68
$GPGSV,1,1,02,15,01,046,,31,21,244,,0*63
$GAGSV,2,1,08,02,22,223,17,10,48,143,37,11,78,153,27,12,24,141,25,1*7D
$GAGSV,2,2,08,14,26,100,34,16,49,057,47,25,75,193,25,36,47,316,21,1*79
$GAGSV,1,1,03,10,48,143,33,14,26,100,35,16,49,057,49,5*4A
$GAGSV,2,1,07,02,22,223,19,10,48,143,33,11,78,153,25,12,24,141,26,7*7F
$GAGSV,2,2,07,14,26,100,29,16,49,057,46,25,75,193,28,7*41
$GBGSV,2,1,06,12,17,086,21,26,53,257,16,29,33,131,36,35,63,210,17,3*77
$GBGSV,2,2,06,36,03,024,19,39,46,358,48,3*70
$GBGSV,3,1,10,11,12,121,14,12,17,086,24,19,16,059,24,20,13,105,20,5*7B
$GBGSV,3,2,10,22,01,012,17,26,53,257,14,29,33,131,41,31,28,271,16,5*77
$GBGSV,3,3,10,35,63,210,15,39,46,358,45,5*70
$GBGSV,2,1,07,19,16,059,14,26,53,257,20,29,33,131,40,31,28,271,20,8*7F
$GBGSV,2,2,07,35,63,210,16,36,03,024,14,39,46,358,47,8*4F
$GBGSV,1,1,01,24,15,222,,0*46
$GNGLL,3001.74222,S,05112.74943,W,163006.00,A,D*76
$GNRMC,163007.00,A,3001.74221,S,05112.74943,W,0.019,,090926,,,F,V*19
$GNVTG,,T,,M,0.019,N,0.035,K,D*36
$GNGGA,163007.00,3001.74221,S,05112.74943,W,5,12,0.97,48.8,M,4.8,M,2.0,0920*62
$GNGSA,M,3,29,05,12,13,18,21,23,25,,,,,2.10,0.97,1.86,1*0C
$GNGSA,M,3,10,11,12,16,25,36,02,,,,,,2.10,0.97,1.86,3*08
$GNGSA,M,3,35,39,19,26,29,31,,,,,,,2.10,0.97,1.86,4*03
$GPGSV,2,1,07,05,42,104,47,12,34,044,51,13,28,037,44,21,17,133,29,1*66
$GPGSV,2,2,07,23,10,354,28,25,70,030,51,29,58,177,23,1*5A
$GPGSV,3,1,10,05,42,104,45,12,34,044,42,13,28,037,36,18,58,293,25,6*67
$GPGSV,3,2,10,21,17,133,20,23,10,354,26,25,70,030,45,26,14,222,15,6*66
$GPGSV,3,3,10,28,29,276,12,29,58,177,20,6*66
$GPGSV,2,1,06,13,28,037,36,18,58,293,23,21,17,133,24,23,10,354,39,8*66
$GPGSV,2,2,06,25,70,030,53,28,29,276,27,8*69
$GPGSV,1,1,02,15,01,046,,31,21,244,,0*63
$GAGSV,2,1,08,02,22,223,17,10,48,143,37,11,78,153,27,12,24,141,25,1*7D
$GAGSV,2,2,08,14,26,100,34,16,49,057,47,25,75,193,25,36,47,316,21,1*79
$GAGSV,1,1,03,10,48,143,33,14,26,100,35,16,49,057,49,5*4A
$GAGSV,2,1,07,02,22,223,19,10,48,143,33,11,78,153,26,12,24,141,26,7*7C
$GAGSV,2,2,07,14,26,100,28,16,49,057,46,25,75,193,28,7*40
$GBGSV,2,1,06,12,17,086,22,26,53,257,16,29,33,131,36,35,63,210,17,3*74
$GBGSV,2,2,06,36,03,024,19,39,46,358,48,3*70
$GBGSV,3,1,11,11,12,121,14,12,17,086,24,19,16,059,24,20,13,105,19,5*70
$GBGSV,3,2,11,22,01,012,17,24,15,222,20,26,53,257,15,29,33,131,41,5*7E
$GBGSV,3,3,11,31,28,271,16,35,63,210,14,39,46,358,45,5*4B
$GBGSV,2,1,07,19,16,059,14,26,53,257,20,29,33,131,40,31,28,271,20,8*7F
$GBGSV,2,2,07,35,63,210,16,36,03,024,14,39,46,358,47,8*4F
$GNGLL,3001.74221,S,05112.74943,W,163007.00,A,D*74
$GNRMC,163008.00,A,3001.74221,S,05112.74943,W,0.017,,090926,,,F,V*18
$GNVTG,,T,,M,0.017,N,0.031,K,D*3C
$GNGGA,163008.00,3001.74221,S,05112.74943,W,5,12,1.11,48.8,M,4.8,M,2.0,0920*62
$GNGSA,M,3,29,05,12,13,18,21,23,25,,,,,2.33,1.11,2.05,1*0A
$GNGSA,M,3,10,11,12,16,25,36,02,,,,,,2.33,1.11,2.05,3*0E
$GNGSA,M,3,35,39,19,26,29,31,,,,,,,2.33,1.11,2.05,4*05
$GPGSV,2,1,07,05,42,104,47,12,34,044,51,13,28,037,44,21,17,133,29,1*66
$GPGSV,2,2,07,23,10,354,27,25,70,030,51,29,58,177,24,1*52
$GPGSV,3,1,10,05,42,104,45,12,34,044,42,13,28,037,36,18,58,293,25,6*67
$GPGSV,3,2,10,21,17,133,19,23,10,354,26,25,70,030,46,26,14,222,14,6*6E
$GPGSV,3,3,10,28,29,276,12,29,58,177,19,6*6C
$GPGSV,2,1,06,13,28,037,36,18,58,293,23,21,17,133,24,23,10,354,39,8*66
$GPGSV,2,2,06,25,70,030,53,28,29,276,27,8*69
$GPGSV,1,1,02,15,01,046,,31,21,244,,0*63
$GAGSV,2,1,08,02,22,223,17,10,48,143,37,11,78,153,27,12,24,141,25,1*7D
$GAGSV,2,2,08,14,26,100,34,16,49,057,47,25,75,193,25,36,47,316,21,1*79
$GAGSV,1,1,03,10,48,143,33,14,26,100,35,16,49,057,50,5*42
$GAGSV,2,1,07,02,22,223,18,10,48,143,33,11,78,153,26,12,24,141,25,7*7E
$GAGSV,2,2,07,14,26,100,28,16,49,057,46,25,75,193,28,7*40
$GBGSV,2,1,06,12,17,086,21,26,53,257,17,29,33,131,36,35,63,210,17,3*76
$GBGSV,2,2,06,36,03,024,19,39,46,358,48,3*70
$GBGSV,3,1,11,11,12,121,14,12,17,086,24,19,16,059,24,20,13,105,19,5*70
$GBGSV,3,2,11,22,01,012,17,24,15,222,19,26,53,257,17,29,33,131,41,5*76
$GBGSV,3,3,11,31,28,271,16,35,63,210,12,39,46,358,45,5*4D
$GBGSV,2,1,07,19,16,059,15,26,53,257,20,29,33,131,40,31,28,271,19,8*74
$GBGSV,2,2,07,35,63,210,16,36,03,024,15,39,46,358,47,8*4E
$GNGLL,3001.74221,S,05112.74943,W,163008.00,A,D*7B
$GNRMC,163009.00,A,3001.74222,S,05112.74943,W,0.025,,090926,,,F,V*1B
$GNVTG,,T,,M,0.025,N,0.046,K,D*3D
$GNGGA,163009.00,3001.74222,S,05112.74943,W,5,12,1.11,48.8,M,4.8,M,2.0,0920*60
$GNGSA,M,3,29,05,12,13,18,21,23,25,,,,,2.33,1.11,2.05,1*0A
$GNGSA,M,3,10,11,12,16,25,36,02,,,,,,2.33,1.11,2.05,3*0E
$GNGSA,M,3,35,39,19,26,29,,,,,,,,2.33,1.11,2.05,4*07
$GPGSV,2,1,06,05,42,104,47,12,34,044,51,13,28,037,44,21,17,133,30,1*6F
$GPGSV,2,2,06,23,10,354,28,25,70,030,51,1*6D
$GPGSV,3,1,10,05,42,104,45,12,34,044,42,13,28,037,36,18,58,293,26,6*64
$GPGSV,3,2,10,21,17,133,19,23,10,354,26,25,70,030,46,26,14,222,13,6*69
$GPGSV,3,3,10,28,29,276,12,29,58,177,19,6*6C
$GPGSV,2,1,06,13,28,037,36,18,58,293,23,21,17,133,24,23,10,354,39,8*66
$GPGSV,2,2,06,25,70,030,53,28,29,276,27,8*69
$GPGSV,1,1,02,15,01,046,,31,21,244,,0*63
$GAGSV,2,1,08,02,22,223,18,10,48,143,37,11,78,153,27,12,24,141,25,1*72
$GAGSV,2,2,08,14,26,100,34,16,49,057,47,25,75,193,25,36,47,316,22,1*7A
$GAGSV,1,1,03,10,48,143,33,14,26,100,35,16,49,057,50,5*42
$GAGSV,2,1,07,02,22,223,17,10,48,143,33,11,78,153,26,12,24,141,26,7*72
$GAGSV,2,2,07,14,26,100,28,16,49,057,46,25,75,193,28,7*40
$GBGSV,2,1,06,12,17,086,22,26,53,257,17,29,32,130,36,35,63,210,17,3*75
$GBGSV,2,2,06,36,03,024,18,39,46,358,48,3*71
$GBGSV,3,1,11,11,12,121,14,12,17,086,23,19,16,059,23,20,13,105,19,5*70
$GBGSV,3,2,11,22,01,012,18,24,15,222,19,26,53,257,16,29,32,130,41,5*78
$GBGSV,3,3,11,31,28,271,17,35,63,210,10,39,46,358,45,5*4E
$GBGSV,2,1,07,19,16,059,15,26,53,257,19,29,32,130,39,31,28,271,19,8*70
$GBGSV,2,2,07,35,63,210,16,36,03,024,14,39,46,358,47,8*4F
$GNGLL,3001.74222,S,05112.74943,W,163009.00,A,D*79
$GNRMC,163010.00,A,3001.74221,S,05112.74942,W,0.021,,090926,,,F,V*15
$GNVTG,,T,,M,0.021,N,0.039,K,D*31
$GNGGA,163010.00,3001.74221,S,05112.74942,W,5,12,1.09,48.8,M,4.8,M,2.0,0920*63
$GNGSA,M,3,29,05,12,13,18,21,23,25,,,,,2.06,1.09,1.75,1*01
$GNGSA,M,3,10,11,12,16,25,36,02,,,,,,2.06,1.09,1.75,3*05
$GNGSA,M,3,35,39,11,19,26,29,31,,,,,,2.06,1.09,1.75,4*0E
$GPGSV,2,1,07,05,42,104,47,12,34,044,51,13,28,037,44,21,17,133,29,1*66
$GPGSV,2,2,07,23,10,354,28,25,70,030,51,29,58,177,23,1*5A
$GPGSV,3,1,10,05,42,104,45,12,34,044,42,13,28,037,36,18,58,293,25,6*67
$GPGSV,3,2,10,21,17,133,19,23,10,354,26,25,70,030,46,26,14,222,14,6*6E
$GPGSV,3,3,10,28,29,276,11,29,58,177,19,6*6F
$GPGSV,2,1,06,13,28,037,36,18,58,293,22,21,17,133,23,23,10,354,39,8*60
$GPGSV,2,2,06,25,70,030,53,28,29,276,27,8*69
$GPGSV,1,1,02,15,01,046,,31,21,244,,0*63
$GAGSV,2,1,08,02,22,223,18,10,48,143,37,11,78,153,27,12,24,141,25,1*72
$GAGSV,2,2,08,14,26,100,34,16,49,057,47,25,75,193,25,36,47,316,21,1*79
$GAGSV,1,1,03,10,48,143,33,14,26,100,35,16,49,057,49,5*4A
$GAGSV,2,1,07,02,22,223,18,10,48,143,34,11,78,153,26,12,24,141,26,7*7A
$GAGSV,2,2,07,14,26,100,27,16,49,057,46,25,75,193,28,7*4F
$GBGSV,2,1,06,12,17,086,21,26,53,257,18,29,32,130,36,35,63,210,16,3*78
$GBGSV,2,2,06,36,03,024,18,39,46,358,48,3*71
$GBGSV,3,1,11,11,12,121,15,12,17,086,23,19,16,059,23,20,13,105,19,5*71
$GBGSV,3,2,11,22,01,012,18,24,15,222,19,26,53,257,15,29,32,130,41,5*7B
$GBGSV,3,3,11,31,28,271,16,35,63,210,11,39,46,358,45,5*4E
$GBGSV,2,1,07,19,16,059,16,26,53,257,18,29,32,130,40,31,28,271,18,8*7D
$GBGSV,2,2,07,35,63,210,16,36,03,024,15,39,46,358,47,8*4E
$GNGLL,3001.74221,S,05112.74942,W,163010.00,A,D*73
$GNRMC,163011.00,A,3001.74221,S,05112.74943,W,0.020,,090926,,,F,V*14
$GNVTG,,T,,M,0.020,N,0.036,K,D*3F
$GNGGA,163011.00,3001.74221,S,05112.74943,W,5,12,1.11,48.8,M,4.8,M,2.0,0920*6A
$GNGSA,M,3,29,05,12,13,18,21,23,25,,,,,2.33,1.11,2.05,1*0A
$GNGSA,M,3,10,11,12,16,25,36,02,,,,,,2.33,1.11,2.05,3*0E
$GNGSA,M,3,35,39,19,26,29,31,,,,,,,2.33,1.11,2.05,4*05
$GPGSV,2,1,07,05,42,104,46,12,34,044,51,13,28,037,44,21,17,133,29,1*67
$GPGSV,2,2,07,23,10,354,28,25,70,030,51,29,58,177,23,1*5A
$GPGSV,3,1,10,05,42,104,45,12,34,044,42,13,28,037,36,18,58,293,25,6*67
$GPGSV,3,2,10,21,17,133,19,23,10,354,27,25,70,030,46,26,14,222,14,6*6F
$GPGSV,3,3,10,28,29,276,10,29,58,177,19,6*6E
$GPGSV,2,1,06,13,28,037,36,18,58,293,22,21,17,133,24,23,10,354,39,8*67
$GPGSV,2,2,06,25,70,030,53,28,29,276,27,8*69
$GPGSV,1,1,02,15,01,046,,31,21,244,,0*63
$GAGSV,2,1,08,02,22,223,18,10,48,143,37,11,78,153,27,12,24,141,25,1*72
$GAGSV,2,2,08,14,26,100,33,16,49,057,47,25,75,193,25,36,47,316,21,1*7E
$GAGSV,1,1,03,10,48,143,33,14,26,100,35,16,49,057,50,5*42
$GAGSV,2,1,07,02,22,223,19,10,48,143,34,11,78,153,25,12,24,141,25,7*7B
$GAGSV,2,2,07,14,26,100,27,16,49,057,46,25,75,193,28,7*4F
$GBGSV,2,1,06,12,17,086,21,26,53,257,18,29,32,130,36,35,63,210,16,3*78
$GBGSV,2,2,06,36,03,024,19,39,46,358,48,3*70
$GBGSV,3,1,12,11,12,121,14,12,17,086,23,19,16,059,23,20,13,105,19,5*73
$GBGSV,3,2,12,22,01,012,18,24,15,222,18,26,53,257,16,26,53,257,16,5*72
$GBGSV,3,3,12,29,32,130,41,31,28,270,17,35,63,210,13,39,46,358,46,5*71
$GBGSV,2,1,07,19,16,059,17,26,53,257,18,29,32,130,40,31,28,270,19,8*7C
$GBGSV,2,2,07,35,63,210,16,36,03,024,14,39,46,358,47,8*4F
$GNGLL,3001.74221,S,05112.74943,W,163011.00,A,D*73
$GNRMC,163012.00,A,3001.74221,S,05112.74943,W,0.020,,090926,,,F,V*17
$GNVTG,,T,,M,0.020,N,0.037,K,D*3E
$GNGGA,163012.00,3001.74221,S,05112.74943,W,5,12,1.11,48.8,M,4.8,M,2.0,0920*69
$GNGSA,M,3,29,05,12,13,18,21,23,25,,,,,2.33,1.11,2.05,1*0A
$GNGSA,M,3,10,11,12,16,25,36,02,,,,,,2.33,1.11,2.05,3*0E
$GNGSA,M,3,35,39,19,26,29,31,,,,,,,2.33,1.11,2.05,4*05
$GPGSV,2,1,07,05,42,104,46,12,34,044,51,13,28,037,44,21,17,133,29,1*67
$GPGSV,2,2,07,23,10,354,28,25,70,030,51,29,58,177,23,1*5A
$GPGSV,3,1,10,05,42,104,45,12,34,044,42,13,28,037,36,18,58,293,24,6*66
$GPGSV,3,2,10,21,17,133,18,23,10,354,27,25,70,030,46,26,14,222,14,6*6E
$GPGSV,3,3,10,28,29,276,09,29,58,177,18,6*67
$GPGSV,2,1,06,13,28,037,36,18,58,293,22,21,17,133,24,23,10,354,39,8*67
$GPGSV,2,2,06,25,70,030,53,28,29,276,27,8*69
$GPGSV,1,1,02,15,01,046,,31,21,244,,0*63
$GAGSV,2,1,08,02,22,223,17,10,48,143,37,11,78,153,27,12,24,141,25,1*7D
$GAGSV,2,2,08,14,26,100,33,16,49,057,47,25,75,193,25,36,47,316,21,1*7E
$GAGSV,1,1,03,10,48,143,33,14,26,100,35,16,49,057,50,5*42
$GAGSV,2,1,07,02,22,223,19,10,48,143,34,11,78,153,26,12,24,141,25,7*78
$GAGSV,2,2,07,14,26,100,27,16,49,057,46,25,75,193,28,7*4F
$GBGSV,2,1,06,12,17,086,21,26,53,257,17,29,32,130,37,35,63,210,16,3*76
$GBGSV,2,2,06,36,03,024,19,39,46,358,48,3*70
$GBGSV,3,1,10,11,12,121,14,12,17,086,24,19,16,059,23,20,13,105,19,5*76
$GBGSV,3,2,10,22,01,012,18,26,53,257,15,29,32,130,41,31,28,270,17,5*79
$GBGSV,3,3,10,35,63,210,12,39,46,358,45,5*77
$GBGSV,2,1,07,19,16,059,18,26,53,257,17,29,32,130,40,31,28,270,18,8*7D
$GBGSV,2,2,07,35,63,210,16,36,03,024,14,39,46,358,47,8*4F
$GBGSV,1,1,01,24,15,222,,0*46
$GNGLL,3001.74221,S,05112.74943,W,163012.00,A,D*70
$GNRMC,163013.00,A,3001.74221,S,05112.74943,W,0.018,,090926,,,F,V*1D
$GNVTG,,T,,M,0.018,N,0.034,K,D*36
$GNGGA,163013.00,3001.74221,S,05112.74943,W,5,12,0.93,48.8,M,4.8,M,2.0,0920*63
$GNGSA,M,3,29,05,12,13,18,21,23,25,,,,,2.17,0.93,1.96,1*0E
$GNGSA,M,3,10,11,12,16,25,36,02,,,,,,2.17,0.93,1.96,3*0A
$GNGSA,M,3,35,39,19,26,29,31,,,,,,,2.17,0.93,1.96,4*01
$GPGSV,2,1,08,05,42,104,47,12,34,044,51,13,28,037,44,18,58,293,24,1*6C
$GPGSV,2,2,08,21,17,133,29,23,10,354,28,25,70,030,51,29,58,177,24,1*6D
$GPGSV,3,1,10,05,42,104,45,12,34,044,42,13,28,037,36,18,58,293,24,6*66
$GPGSV,3,2,10,21,17,133,18,23,10,354,27,25,70,030,46,26,14,222,14,6*6E
$GPGSV,3,3,10,28,29,276,08,29,58,177,18,6*66
$GPGSV,2,1,06,13,28,037,36,18,58,293,22,21,17,133,24,23,10,354,39,8*67
$GPGSV,2,2,06,25,70,030,53,28,29,276,27,8*69
$GPGSV,1,1,02,15,01,046,,31,21,244,,0*63
$GAGSV,2,1,08,02,22,223,17,10,48,143,37,11,78,153,27,12,24,141,25,1*7D
$GAGSV,2,2,08,14,26,100,34,16,49,057,47,25,75,193,25,36,47,316,21,1*79
$GAGSV,1,1,03,10,48,143,33,14,26,100,35,16,49,057,50,5*42
$GAGSV,2,1,07,02,22,223,18,10,48,143,34,11,78,153,26,12,24,141,25,7*79
$GAGSV,2,2,07,14,26,100,27,16,49,057,46,25,75,193,28,7*4F
$GBGSV,2,1,06,12,17,086,21,26,53,257,17,29,32,130,37,35,63,210,17,3*77
$GBGSV,2,2,06,36,03,024,18,39,46,358,48,3*71
$GBGSV,3,1,10,11,12,121,12,12,17,086,24,19,16,059,23,20,13,105,19,5*70
$GBGSV,3,2,10,22,01,012,17,26,53,257,15,29,32,130,41,31,28,270,18,5*79
$GBGSV,3,3,10,35,63,210,10,39,46,358,46,5*76
$GBGSV,2,1,07,19,16,059,18,26,53,257,17,29,32,130,39,31,28,270,18,8*73
$GBGSV,2,2,07,35,63,210,17,36,03,024,14,39,46,358,47,8*4E
$GBGSV,1,1,01,24,15,222,,0*46
$GNGLL,3001.74221,S,05112.74943,W,163013.00,A,D*71
$GNRMC,163014.00,A,3001.74221,S,05112.74943,W,0.038,,090926,,,F,V*18
$GNVTG,,T,,M,0.038,N,0.071,K,D*35
$GNGGA,163014.00,3001.74221,S,05112.74943,W,5,12,0.93,48.8,M,4.8,M,2.0,0920*64
$GNGSA,M,3,29,05,12,13,18,21,23,25,,,,,2.17,0.93,1.96,1*0E
$GNGSA,M,3,10,11,12,16,25,36,02,,,,,,2.17,0.93,1.96,3*0A
$GNGSA,M,3,35,39,19,26,29,31,,,,,,,2.17,0.93,1.96,4*01
$GPGSV,2,1,08,05,42,104,47,12,34,044,51,13,28,037,44,18,58,293,24,1*6C
$GPGSV,2,2,08,21,17,133,29,23,10,354,28,25,70,030,51,29,58,177,24,1*6D
$GPGSV,3,1,10,05,42,104,45,12,34,044,42,13,28,037,36,18,58,293,24,6*66
$GPGSV,3,2,10,21,17,133,18,23,10,354,27,25,70,030,46,26,14,222,13,6*69
$GPGSV,3,3,10,28,29,276,09,29,58,177,17,6*68
$GPGSV,2,1,06,13,28,037,36,18,58,293,22,21,17,133,24,23,10,354,39,8*67
$GPGSV,2,2,06,25,70,030,53,28,29,276,27,8*69
$GPGSV,1,1,02,15,01,046,,31,21,244,,0*63
$GAGSV,2,1,08,02,22,223,18,10,48,143,37,11,78,153,27,12,24,141,25,1*72
$GAGSV,2,2,08,14,26,100,33,16,49,057,47,25,75,193,25,36,47,316,21,1*7E
$GAGSV,1,1,03,10,48,143,33,14,26,100,35,16,49,057,50,5*42
$GAGSV,2,1,07,02,22,223,18,10,48,143,34,11,78,153,25,12,24,141,25,7*7A
$GAGSV,2,2,07,14,26,100,26,16,49,057,46,25,75,193,28,7*4E
$GBGSV,2,1,06,12,17,086,22,26,53,257,17,29,32,130,37,35,63,210,18,3*7B
$GBGSV,2,2,06,36,03,024,17,39,46,358,48,3*7E
$GBGSV,3,1,09,11,12,121,11,12,17,086,24,19,16,059,23,20,13,105,20,5*71
$GBGSV,3,2,09,22,01,012,18,26,53,257,16,29,32,130,41,31,28,270,18,5*7D
$GBGSV,3,3,09,39,46,358,46,5*4F
$GBGSV,2,1,08,19,16,059,17,24,15,222,16,26,53,257,16,29,32,130,39,8*71
$GBGSV,2,2,08,31,28,270,18,35,63,210,17,36,03,024,14,39,46,358,47,8*75
$GNGLL,3001.74221,S,05112.74943,W,163014.00,A,D*76
$GNRMC,163015.00,A,3001.74221,S,05112.74942,W,0.012,,090926,,,F,V*10
$GNVTG,,T,,M,0.012,N,0.023,K,D*3A
$GNGGA,163015.00,3001.74221,S,05112.74942,W,5,12,1.02,48.8,M,4.8,M,2.0,0920*6D
$GNGSA,M,3,29,05,12,13,18,21,23,25,,,,,2.27,1.02,2.03,1*0B
$GNGSA,M,3,10,11,12,16,25,36,02,,,,,,2.27,1.02,2.03,3*0F
$GNGSA,M,3,35,39,19,26,29,31,,,,,,,2.27,1.02,2.03,4*04
$GPGSV,2,1,08,05,42,104,47,12,34,044,51,13,28,037,44,18,58,293,23,1*6B
$GPGSV,2,2,08,21,17,133,28,23,10,354,28,25,70,030,51,29,58,177,23,1*6B
$GPGSV,3,1,10,05,42,104,45,12,34,044,42,13,28,037,36,18,58,293,24,6*66
$GPGSV,3,2,10,21,17,133,18,23,10,354,27,25,70,030,46,26,14,222,12,6*68
$GPGSV,3,3,10,28,29,276,11,29,58,177,17,6*61
$GPGSV,2,1,06,13,28,037,36,18,58,293,21,21,17,133,24,23,10,354,39,8*64
$GPGSV,2,2,06,25,70,030,53,28,29,276,27,8*69
$GPGSV,1,1,02,15,01,046,,31,21,244,,0*63
$GAGSV,2,1,08,02,22,223,18,10,48,143,37,11,78,153,27,12,24,141,25,1*72
$GAGSV,2,2,08,14,26,100,33,16,49,057,47,25,75,193,25,36,47,316,21,1*7E
$GAGSV,1,1,03,10,48,143,33,14,26,100,35,16,49,057,50,5*42
$GAGSV,2,1,07,02,22,223,18,10,48,143,34,11,78,153,25,12,24,141,25,7*7A
$GAGSV,2,2,07,14,26,100,26,16,49,057,46,25,75,193,28,7*4E
$GBGSV,2,1,06,12,17,086,22,26,53,257,17,29,32,130,37,35,63,209,16,3*7D
$GBGSV,2,2,06,36,03,024,17,39,46,358,48,3*7E
$GBGSV,3,1,09,11,12,121,12,12,17,086,24,19,16,059,23,20,13,105,19,5*78
$GBGSV,3,2,09,22,01,012,18,26,53,257,17,29,32,130,41,31,28,270,18,5*7C
$GBGSV,3,3,09,39,46,358,46,5*4F
$GBGSV,2,1,08,19,16,059,17,24,15,222,16,26,53,257,16,29,32,130,40,8*7F
$GBGSV,2,2,08,31,28,270,18,35,63,209,16,36,03,024,14,39,46,358,47,8*7C
$GNGLL,3001.74221,S,05112.74942,W,163015.00,A,D*76
$GNRMC,163016.00,A,3001.74221,S,05112.74943,W,0.032,,090926,,,F,V*10
$GNVTG,,T,,M,0.032,N,0.060,K,D*3F
$GNGGA,163016.00,3001.74221,S,05112.74943,W,5,12,1.02,48.8,M,4.8,M,2.0,0920*6F
$GNGSA,M,3,29,05,12,13,18,21,23,25,,,,,2.27,1.02,2.03,1*0B
$GNGSA,M,3,10,11,12,16,25,36,02,,,,,,2.27,1.02,2.03,3*0F
$GNGSA,M,3,35,39,19,26,29,,,,,,,,2.27,1.02,2.03,4*06
$GPGSV,2,1,08,05,42,104,47,12,34,044,51,13,28,037,44,18,58,293,23,1*6B
$GPGSV,2,2,08,21,17,133,29,23,10,354,28,25,70,030,51,29,58,177,23,1*6A
$GPGSV,1,1,01,31,21,244,15,5*56
$GPGSV,3,1,10,05,42,104,45,12,34,044,42,13,28,037,35,18,58,293,23,6*62
$GPGSV,3,2,10,21,17,133,19,23,10,354,27,25,70,030,46,26,14,222,11,6*6A
$GPGSV,3,3,10,28,29,276,11,29,58,177,16,6*60
$GPGSV,2,1,06,13,28,037,36,18,58,293,20,21,17,133,24,23,10,354,39,8*65
$GPGSV,2,2,06,25,70,030,53,28,29,276,27,8*69
$GPGSV,1,1,01,15,01,046,,0*53
$GAGSV,2,1,08,02,22,223,18,10,48,143,37,11,78,153,27,12,24,141,24,1*73
$GAGSV,2,2,08,14,26,100,34,16,49,057,47,25,75,193,25,36,47,316,21,1*79
$GAGSV,1,1,03,10,48,143,33,14,26,100,35,16,49,057,50,5*42
$GAGSV,2,1,07,02,22,223,17,10,48,143,34,11,78,153,25,12,24,141,25,7*75
$GAGSV,2,2,07,14,26,100,26,16,49,057,46,25,75,193,28,7*4E
$GBGSV,2,1,06,12,17,086,22,26,53,257,17,29,32,130,37,35,63,209,15,3*7E
$GBGSV,2,2,06,36,03,024,17,39,46,358,48,3*7E
$GBGSV,3,1,09,11,12,121,12,12,17,086,24,19,16,059,23,20,13,105,19,5*78
$GBGSV,3,2,09,22,01,012,18,26,53,257,17,29,32,130,41,31,28,270,18,5*7C
$GBGSV,3,3,09,39,46,358,46,5*4F
$GBGSV,2,1,08,19,16,059,17,24,15,222,15,26,53,257,16,29,32,130,39,8*72
$GBGSV,2,2,08,31,28,270,18,35,63,209,15,36,03,024,15,39,46,358,47,8*7E
$GNGLL,3001.74221,S,05112.74943,W,163016.00,A,D*74
$GNRMC,163017.00,A,3001.74221,S,05112.74942,W,0.002,,090926,,,F,V*13
$GNVTG,,T,,M,0.002,N,0.005,K,D*3F
$GNGGA,163017.00,3001.74221,S,05112.74942,W,5,12,0.93,48.8,M,4.8,M,2.0,0920*66
$GNGSA,M,3,29,05,12,13,18,21,23,25,,,,,2.17,0.93,1.96,1*0E
$GNGSA,M,3,10,11,12,16,25,36,02,,,,,,2.17,0.93,1.96,3*0A
$GNGSA,M,3,35,39,19,26,29,31,,,,,,,2.17,0.93,1.96,4*01
$GPGSV,2,1,08,05,42,104,47,12,34,044,51,13,28,037,44,18,58,293,23,1*6B
$GPGSV,2,2,08,21,17,133,29,23,10,354,28,25,70,030,51,29,58,177,24,1*6D
$GPGSV,3,1,10,05,42,104,45,12,34,044,42,13,28,037,35,18,58,293,23,6*62
$GPGSV,3,2,10,21,17,133,19,23,10,354,26,25,70,030,46,26,14,222,12,6*68
$GPGSV,3,3,10,29,58,177,16,31,21,244,15,6*65
$GPGSV,2,1,06,13,28,037,36,18,58,293,19,21,17,133,23,23,10,354,39,8*68
$GPGSV,2,2,06,25,70,030,53,28,29,276,27,8*69
$GPGSV,1,1,01,15,01,046,,0*53
$GAGSV,2,1,08,02,22,223,18,10,48,143,37,11,78,153,27,12,24,141,24,1*73
$GAGSV,2,2,08,14,26,100,33,16,49,057,47,25,75,193,25,36,47,316,21,1*7E
$GAGSV,1,1,03,10,48,143,33,14,26,100,35,16,49,057,50,5*42
$GAGSV,2,1,07,02,22,223,17,10,48,143,34,11,78,153,25,12,24,141,25,7*75
$GAGSV,2,2,07,14,26,100,25,16,49,057,46,25,75,193,28,7*4D
$GBGSV,2,1,06,12,17,086,22,26,53,257,17,29,32,130,37,35,63,209,15,3*7E
$GBGSV,2,2,06,36,03,024,17,39,46,358,48,3*7E
$GBGSV,3,1,09,11,12,121,12,12,17,086,24,19,16,059,23,20,13,105,19,5*78
$GBGSV,3,2,09,22,01,012,17,26,53,257,18,29,32,130,41,31,28,270,18,5*7C
$GBGSV,3,3,09,39,46,358,46,5*4F
$GBGSV,2,1,08,19,16,059,17,24,15,222,16,26,53,257,16,29,32,130,40,8*7F
$GBGSV,2,2,08,31,28,270,17,35,63,209,15,36,03,024,15,39,46,358,47,8*71
$GNGLL,3001.74221,S,05112.74942,W,163017.00,A,D*74
$GNRMC,163018.00,A,3001.74221,S,05112.74941,W,0.015,,090926,,,F,V*19
$GNVTG,,T,,M,0.015,N,0.028,K,D*36
$GNGGA,163018.00,3001.74221,S,05112.74941,W,5,12,0.93,48.9,M,4.8,M,2.0,0920*6B
$GNGSA,M,3,29,05,12,13,18,21,23,25,,,,,2.17,0.93,1.96,1*0E
$GNGSA,M,3,10,11,12,16,25,36,02,,,,,,2.17,0.93,1.96,3*0A
$GNGSA,M,3,35,39,19,26,29,,,,,,,,2.17,0.93,1.96,4*03
$GPGSV,2,1,08,05,42,104,47,12,34,044,51,13,28,037,44,18,58,293,24,1*6C
$GPGSV,2,2,08,21,17,133,28,23,10,354,28,25,70,030,51,29,58,177,23,1*6B
$GPGSV,3,1,10,05,42,104,45,12,34,044,42,13,28,037,35,18,58,293,23,6*62
$GPGSV,3,2,10,21,17,133,19,23,10,354,26,25,70,030,46,26,14,222,13,6*69
$GPGSV,3,3,10,29,58,177,16,31,21,244,15,6*65
$GPGSV,2,1,06,13,28,037,36,18,58,293,19,21,17,133,23,23,10,354,39,8*68
$GPGSV,2,2,06,25,70,030,53,28,29,276,27,8*69
$GPGSV,1,1,01,15,01,046,,0*53
$GAGSV,2,1,08,02,22,223,18,10,48,143,37,11,78,153,27,12,24,141,24,1*73
$GAGSV,2,2,08,14,26,100,33,16,49,057,47,25,75,193,25,36,47,316,21,1*7E
$GAGSV,1,1,03,10,48,143,33,14,26,100,35,16,49,057,50,5*42
$GAGSV,2,1,07,02,22,223,17,10,48,143,34,11,78,153,25,12,24,141,25,7*75
$GAGSV,2,2,07,14,26,100,24,16,49,057,46,25,75,193,28,7*4C
$GBGSV,2,1,06,12,17,086,22,26,53,257,18,29,32,130,37,35,63,209,16,3*72
$GBGSV,2,2,06,36,03,024,16,39,46,358,48,3*7F
$GBGSV,3,1,09,11,12,121,12,12,17,086,23,19,16,059,22,20,13,105,19,5*7E
$GBGSV,3,2,09,22,01,012,17,26,53,257,18,29,32,130,41,31,28,270,18,5*7C
$GBGSV,3,3,09,39,46,358,46,5*4F
$GBGSV,2,1,08,19,16,059,17,24,15,222,16,26,53,257,17,29,32,130,40,8*7E
$GBGSV,2,2,08,31,28,270,17,35,63,209,15,36,03,024,14,39,46,358,47,8*70
$GNGLL,3001.74221,S,05112.74941,W,163018.00,A,D*78
$GNRMC,163019.00,A,3001.74221,S,05112.74941,W,0.021,,090926,,,F,V*1F
$GNVTG,,T,,M,0.021,N,0.040,K,D*3F
$GNGGA,163019.00,3001.74221,S,05112.74941,W,5,12,0.93,48.9,M,4.8,M,2.0,0920*6A
$GNGSA,M,3,29,05,12,13,18,21,23,25,,,,,2.17,0.93,1.96,1*0E
$GNGSA,M,3,10,11,12,16,25,36,02,,,,,,2.17,0.93,1.96,3*0A
$GNGSA,M,3,35,39,19,26,29,31,,,,,,,2.17,0.93,1.96,4*01
$GPGSV,2,1,07,05,42,104,47,12,34,044,51,13,28,037,44,18,58,293,24,1*63
$GPGSV,2,2,07,21,17,133,28,23,10,354,28,25,70,030,51,1*52
$GPGSV,3,1,10,05,42,104,45,12,34,044,42,13,28,037,35,18,58,293,23,6*62
$GPGSV,3,2,10,21,17,133,19,23,10,354,26,25,70,030,46,26,14,222,14,6*6E
$GPGSV,3,3,10,29,58,177,16,31,21,244,15,6*65
$GPGSV,2,1,06,13,28,037,36,18,58,293,19,21,17,133,23,23,10,354,39,8*68
$GPGSV,2,2,06,25,70,030,53,28,29,276,27,8*69
$GPGSV,1,1,01,15,01,046,,0*53
$GAGSV,2,1,08,02,22,223,19,10,48,143,37,11,78,153,27,12,24,141,24,1*72
$GAGSV,2,2,08,14,26,100,33,16,49,057,47,25,75,193,25,36,47,316,21,1*7E
$GAGSV,1,1,03,10,48,143,33,14,26,100,35,16,49,057,50,5*42
$GAGSV,2,1,07,02,22,223,18,10,48,143,34,11,78,153,25,12,24,141,25,7*7A
$GAGSV,2,2,07,14,26,100,23,16,49,057,46,25,75,193,28,7*4B
$GBGSV,2,1,06,12,17,086,21,26,53,257,18,29,32,130,37,35,63,209,15,3*72
$GBGSV,2,2,06,36,03,024,16,39,45,358,48,3*7C
$GBGSV,3,1,09,11,12,121,11,12,17,086,23,19,16,059,23,20,13,105,19,5*7C
$GBGSV,3,2,09,22,01,012,17,26,53,257,17,29,32,130,41,31,28,270,17,5*7C
$GBGSV,3,3,09,39,45,358,46,5*4C
$GBGSV,2,1,08,19,16,059,16,24,15,222,15,26,53,257,17,29,32,130,40,8*7C
$GBGSV,2,2,08,31,28,270,17,35,63,209,16,36,03,024,15,39,45,358,47,8*71
$GNGLL,3001.74221,S,05112.74941,W,163019.00,A,D*79
$GNRMC,163020.00,A,3001.74221,S,05112.74942,W,0.007,,090926,,,F,V*12
$GNVTG,,T,,M,0.007,N,0.013,K,D*3D
$GNGGA,163020.00,3001.74221,S,05112.74942,W,5,12,0.95,48.8,M,4.8,M,2.0,0920*64
$GNGSA,M,3,31,05,12,13,18,21,23,25,,,,,2.19,0.95,1.98,1*01
$GNGSA,M,3,10,11,12,16,25,36,02,,,,,,2.19,0.95,1.98,3*0C
$GNGSA,M,3,35,39,19,26,29,31,,,,,,,2.19,0.95,1.98,4*07
$GPGSV,2,1,07,05,42,104,47,12,34,044,51,13,28,037,44,18,58,293,23,1*64
$GPGSV,2,2,07,21,17,133,28,23,10,354,27,25,70,030,51,1*5D
$GPGSV,3,1,10,05,42,104,45,12,34,044,41,13,28,037,35,18,58,293,23,6*61
$GPGSV,3,2,10,21,17,133,18,23,10,354,27,25,70,030,46,26,14,222,14,6*6E
$GPGSV,3,3,10,29,58,177,14,31,21,244,15,6*67
$GPGSV,2,1,06,13,28,037,35,18,58,293,18,21,17,133,23,23,10,354,39,8*6A
$GPGSV,2,2,06,25,70,030,53,28,29,276,27,8*69
$GPGSV,1,1,01,15,01,046,,0*53
$GAGSV,2,1,08,02,22,223,19,10,48,143,37,11,78,153,26,12,24,141,25,1*72
$GAGSV,2,2,08,14,26,100,33,16,49,057,47,25,75,193,25,36,47,316,21,1*7E
$GAGSV,1,1,03,10,48,143,33,14,26,100,35,16,49,057,50,5*42
$GAGSV,2,1,07,02,22,223,18,10,48,143,34,11,78,153,25,12,24,141,25,7*7A
$GAGSV,2,2,07,14,26,100,23,16,49,057,46,25,75,193,28,7*4B
$GBGSV,2,1,06,12,17,086,21,26,53,257,19,29,32,130,37,35,63,209,14,3*72
$GBGSV,2,2,06,36,03,024,17,39,45,358,48,3*7D
$GBGSV,3,1,09,11,12,121,10,12,17,086,23,19,16,059,22,20,13,105,19,5*7C
$GBGSV,3,2,09,22,01,012,17,26,53,257,17,29,32,130,41,31,28,270,17,5*7C
$GBGSV,3,3,09,39,45,358,46,5*4C
$GBGSV,2,1,08,19,16,059,15,24,15,222,14,26,53,257,17,29,32,130,40,8*7E
$GBGSV,2,2,08,31,28,270,15,35,63,209,16,36,03,024,15,39,45,358,47,8*73
$GNGLL,3001.74221,S,05112.74942,W,163020.00,A,D*70
$GNRMC,163021.00,A,3001.74221,S,05112.74941,W,0.027,,090926,,,F,V*12
$GNVTG,,T,,M,0.027,N,0.050,K,D*38
$GNGGA,163021.00,3001.74221,S,05112.74941,W,5,12,0.95,48.9,M,4.8,M,2.0,0920*67
$GNGSA,M,3,31,05,12,13,18,21,23,25,,,,,2.19,0.95,1.98,1*01
$GNGSA,M,3,10,11,12,16,25,36,02,,,,,,2.19,0.95,1.98,3*0C
$GNGSA,M,3,35,39,19,26,29,,,,,,,,2.19,0.95,1.98,4*05
$GPGSV,2,1,07,05,42,104,47,12,34,044,51,13,28,037,44,18,58,293,23,1*64
$GPGSV,2,2,07,21,17,133,28,23,10,354,27,25,70,030,51,1*5D
$GPGSV,3,1,10,05,42,104,45,12,34,044,42,13,28,037,35,18,58,293,23,6*62
$GPGSV,3,2,10,21,17,133,19,23,10,354,27,25,70,030,46,26,14,222,14,6*6F
$GPGSV,3,3,10,29,58,177,14,31,21,244,16,6*64
$GPGSV,2,1,06,13,28,037,35,18,58,293,18,21,17,133,22,23,10,354,39,8*6B
$GPGSV,2,2,06,25,70,030,53,28,29,276,27,8*69
$GPGSV,1,1,01,15,01,046,,0*53
$GAGSV,2,1,08,02,22,223,18,10,48,143,37,11,78,153,27,12,24,141,24,1*73
$GAGSV,2,2,08,14,26,100,33,16,49,057,47,25,75,193,25,36,47,316,22,1*7D
$GAGSV,1,1,03,10,48,143,33,14,26,100,35,16,49,057,50,5*42
$GAGSV,2,1,07,02,22,223,18,10,48,143,34,11,78,153,25,12,24,141,25,7*7A
$GAGSV,2,2,07,14,26,100,22,16,49,057,46,25,75,193,28,7*4A
$GBGSV,2,1,06,12,17,086,21,26,53,257,19,29,32,130,37,35,63,209,14,3*72
$GBGSV,2,2,06,36,03,024,17,39,45,358,48,3*7D
$GBGSV,3,1,09,11,12,121,09,12,17,086,22,19,16,059,22,20,13,105,19,5*75
$GBGSV,3,2,09,22,01,012,17,26,53,257,17,29,32,130,41,31,28,270,16,5*7D
$GBGSV,3,3,09,39,45,358,46,5*4C
$GBGSV,2,1,08,19,16,059,13,24,15,222,12,26,53,257,18,29,32,130,40,8*71
$GBGSV,2,2,08,31,28,270,15,35,63,209,15,36,03,024,15,39,45,358,47,8*70
$GNGLL,3001.74221,S,05112.74941,W,163021.00,A,D*72
$GNRMC,163022.00,A,3001.74221,S,05112.74941,W,0.026,,090926,,,F,V*10
$GNVTG,,T,,M,0.026,N,0.048,K,D*30
$GNGGA,163022.00,3001.74221,S,05112.74941,W,5,12,0.97,48.9,M,4.8,M,2.0,0920*66
$GNGSA,M,3,31,05,12,13,18,21,23,25,,,,,2.23,0.97,2.00,1*08
$GNGSA,M,3,10,11,12,16,25,36,02,,,,,,2.23,0.97,2.00,3*05
$GNGSA,M,3,39,19,26,29,,,,,,,,,2.23,0.97,2.00,4*0A
$GPGSV,2,1,07,05,42,104,47,12,34,044,51,13,28,037,44,18,58,293,23,1*64
$GPGSV,2,2,07,21,17,133,28,23,10,354,27,25,70,030,51,1*5D
$GPGSV,3,1,10,05,42,104,45,12,34,044,42,13,28,037,35,18,58,293,23,6*62
$GPGSV,3,2,10,21,17,133,19,23,10,354,27,25,70,030,46,26,14,222,12,6*69
$GPGSV,3,3,10,29,58,177,14,31,21,244,15,6*67
$GPGSV,2,1,06,13,28,037,35,18,58,293,17,21,17,133,22,23,10,354,39,8*64
$GPGSV,2,2,06,25,70,030,53,28,29,276,27,8*69
$GPGSV,1,1,01,15,01,046,,0*53
$GAGSV,2,1,08,02,22,223,18,10,48,143,37,11,78,153,27,12,24,141,24,1*73
$GAGSV,2,2,08,14,26,100,33,16,49,057,47,25,75,193,25,36,47,316,21,1*7E
$GAGSV,1,1,03,10,48,143,33,14,26,100,35,16,49,057,50,5*42
$GAGSV,2,1,07,02,22,223,18,10,48,143,34,11,78,153,25,12,24,141,25,7*7A
$GAGSV,2,2,07,14,26,100,22,16,49,057,46,25,75,193,28,7*4A
$GBGSV,2,1,07,12,17,086,22,20,13,105,21,26,53,257,18,29,32,130,37,3*7B
$GBGSV,2,2,07,35,63,209,14,36,03,024,17,39,45,358,48,3*41
$GBGSV,2,1,08,12,17,086,22,19,16,059,22,20,13,105,18,22,01,012,17,5*78
$GBGSV,2,2,08,26,53,257,17,29,32,130,41,31,28,270,16,39,45,358,46,5*7E
$GBGSV,2,1,08,19,16,059,13,24,15,222,14,26,53,257,19,29,32,130,40,8*76
$GBGSV,2,2,08,31,28,270,14,35,63,209,14,36,03,024,14,39,45,358,47,8*71
$GBGSV,1,1,01,11,12,121,,0*47
$GNGLL,3001.74221,S,05112.74941,W,163022.00,A,D*71
$GNRMC,163023.00,A,3001.74221,S,05112.74941,W,0.020,,090926,,,F,V*17
$GNVTG,,T,,M,0.020,N,0.037,K,D*3E
$GNGGA,163023.00,3001.74221,S,05112.74941,W,5,12,0.97,48.9,M,4.8,M,2.0,0920*67
$GNGSA,M,3,31,05,12,13,18,21,23,25,,,,,2.23,0.97,2.00,1*08
$GNGSA,M,3,10,11,12,16,25,36,02,,,,,,2.23,0.97,2.00,3*05
$GNGSA,M,3,35,39,19,26,29,31,,,,,,,2.23,0.97,2.00,4*0E
$GPGSV,2,1,07,05,42,104,47,12,34,044,51,13,28,037,44,18,58,293,22,1*65
$GPGSV,2,2,07,21,17,133,28,23,10,354,27,25,70,030,51,1*5D
$GPGSV,3,1,10,05,42,104,45,12,34,044,41,13,28,037,35,18,58,293,22,6*60
$GPGSV,3,2,10,21,17,133,19,23,10,354,27,25,70,030,46,26,14,222,12,6*69
$GPGSV,3,3,10,29,58,177,13,31,21,244,15,6*60
$GPGSV,2,1,06,13,28,037,35,18,58,293,17,21,17,133,22,23,10,354,39,8*64
$GPGSV,2,2,06,25,70,030,53,28,29,276,27,8*69
$GPGSV,1,1,01,15,01,046,,0*53
$GAGSV,2,1,08,02,22,223,17,10,48,143,37,11,78,153,27,12,24,141,24,1*7C
$GAGSV,2,2,08,14,26,100,32,16,49,057,47,25,75,193,25,36,47,316,21,1*7F
$GAGSV,1,1,03,10,48,143,33,14,26,100,35,16,49,057,50,5*42
$GAGSV,2,1,07,02,22,223,18,10,48,143,34,11,78,153,25,12,24,141,25,7*7A
$GAGSV,2,2,07,14,26,100,22,16,49,057,46,25,75,193,29,7*4B
$GBGSV,2,1,07,12,17,086,21,20,13,105,20,26,53,257,18,29,32,130,37,3*79
$GBGSV,2,2,07,35,63,209,15,36,03,024,17,39,45,358,48,3*40
$GBGSV,2,1,08,12,17,086,22,19,16,059,22,20,13,105,18,22,01,012,17,5*78
$GBGSV,2,2,08,26,53,257,17,29,32,130,41,31,28,270,15,39,45,358,46,5*7D
$GBGSV,2,1,08,19,16,059,14,24,15,222,15,26,53,257,19,29,32,130,40,8*70
$GBGSV,2,2,08,31,28,270,15,35,63,209,14,36,03,024,14,39,45,358,47,8*70
$GBGSV,1,1,01,11,12,121,,0*47
$GNGLL,3001.74221,S,05112.74941,W,163023.00,A,D*70
$GNRMC,163024.00,A,3001.74221,S,05112.74942,W,0.041,,090926,,,F,V*14
$GNVTG,,T,,M,0.041,N,0.077,K,D*3D
$GNGGA,163024.00,3001.74221,S,05112.74942,W,5,12,1.02,48.9,M,4.8,M,2.0,0920*6E
$GNGSA,M,3,31,05,12,13,18,21,23,25,,,,,2.25,1.02,2.00,1*03
$GNGSA,M,3,10,11,12,16,25,36,02,,,,,,2.25,1.02,2.00,3*0E
$GNGSA,M,3,35,39,19,26,29,31,,,,,,,2.25,1.02,2.00,4*05
$GPGSV,2,1,06,05,42,104,47,12,34,044,51,13,28,037,44,21,17,133,28,1*66
$GPGSV,2,2,06,23,10,354,27,25,70,030,51,1*62
$GPGSV,1,1,01,28,29,276,14,5*56
$GPGSV,3,1,10,05,42,104,45,12,34,044,41,13,28,037,35,18,58,293,22,6*60
$GPGSV,3,2,10,21,17,133,19,23,10,354,27,25,70,030,46,26,14,222,11,6*6A
$GPGSV,3,3,10,29,58,177,14,31,21,244,17,6*65
$GPGSV,2,1,06,13,28,037,35,18,58,293,15,21,17,133,23,23,10,354,39,8*67
$GPGSV,2,2,06,25,70,030,53,28,29,276,27,8*69
$GPGSV,1,1,01,15,01,046,,0*53
$GAGSV,2,1,08,02,22,223,18,10,48,143,37,11,78,153,27,12,24,141,24,1*73
$GAGSV,2,2,08,14,26,100,32,16,49,057,47,25,75,193,25,36,47,316,21,1*7F
$GAGSV,1,1,03,10,48,143,33,14,26,100,35,16,49,057,50,5*42
$GAGSV,2,1,07,02,22,223,19,10,48,143,35,11,78,153,25,12,24,141,25,7*7A
$GAGSV,2,2,07,14,26,100,21,16,49,057,46,25,75,193,28,7*49
$GBGSV,2,1,07,12,17,086,21,20,13,105,19,26,53,257,17,29,32,130,37,3*7C
$GBGSV,2,2,07,35,63,209,15,36,03,024,17,39,45,358,48,3*40
$GBGSV,2,1,08,12,17,086,23,19,16,059,22,20,13,105,18,22,01,012,18,5*76
$GBGSV,2,2,08,26,53,257,17,29,32,130,41,31,28,270,15,39,45,358,46,5*7D
$GBGSV,2,1,08,19,16,059,15,24,15,222,15,26,53,257,19,29,32,130,40,8*71
$GBGSV,2,2,08,31,28,270,16,35,63,209,13,36,03,024,14,39,45,358,47,8*74
$GBGSV,1,1,01,11,12,121,,0*47
$GNGLL,3001.74221,S,05112.74942,W,163024.00,A,D*74
$GNRMC,163025.00,A,3001.74221,S,05112.74941,W,0.025,,090926,,,F,V*14
$GNVTG,,T,,M,0.025,N,0.046,K,D*3D
$GNGGA,163025.00,3001.74221,S,05112.74941,W,5,12,1.00,48.9,M,4.8,M,2.0,0920*6E
$GNGSA,M,3,29,31,05,12,13,18,21,23,25,,,,2.21,1.00,1.97,1*03
$GNGSA,M,3,10,11,12,16,25,36,02,,,,,,2.21,1.00,1.97,3*05
$GNGSA,M,3,35,39,19,26,29,31,,,,,,,2.21,1.00,1.97,4*0E
$GPGSV,2,1,06,05,42,104,47,12,34,044,51,13,28,037,44,21,17,133,28,1*66
$GPGSV,2,2,06,23,10,354,27,25,70,030,51,1*62
$GPGSV,3,1,11,05,42,104,45,12,34,044,41,13,28,037,35,18,58,293,21,6*62
$GPGSV,3,2,11,21,17,133,19,23,10,354,27,25,70,030,46,26,14,222,10,6*6A
$GPGSV,3,3,11,28,29,276,15,29,58,177,16,31,21,244,18,6*5F
$GPGSV,2,1,06,13,28,037,35,18,58,293,13,21,17,133,23,23,10,354,39,8*61
$GPGSV,2,2,06,25,70,030,53,28,29,276,27,8*69
$GPGSV,1,1,01,15,01,046,,0*53
$GAGSV,2,1,08,02,22,223,19,10,48,143,37,11,78,153,27,12,24,141,23,1*75
$GAGSV,2,2,08,14,26,100,32,16,49,057,47,25,75,193,25,36,47,316,21,1*7F
$GAGSV,1,1,03,10,48,143,33,14,26,100,35,16,49,057,50,5*42
$GAGSV,2,1,07,02,22,223,19,10,48,143,34,11,78,153,24,12,24,141,25,7*7A
$GAGSV,2,2,07,14,26,100,20,16,49,057,46,25,75,193,28,7*48
$GBGSV,2,1,07,12,17,086,20,20,13,105,19,26,53,257,18,29,32,130,37,3*72
$GBGSV,2,2,07,35,63,209,16,36,03,024,16,39,45,358,48,3*42
$GBGSV,2,1,08,12,17,086,22,19,16,059,22,20,13,105,17,22,01,012,18,5*78
$GBGSV,2,2,08,26,53,257,17,29,32,130,41,31,28,270,15,39,45,358,46,5*7D
$GBGSV,2,1,08,19,16,059,15,24,15,222,14,26,53,257,20,29,32,130,40,8*7A
$GBGSV,2,2,08,31,28,270,16,35,63,209,14,36,03,024,13,39,45,358,47,8*74
$GBGSV,1,1,01,11,12,121,,0*47
$GNGLL,3001.74221,S,05112.74941,W,163025.00,A,D*76
$GNRMC,163026.00,A,3001.74221,S,05112.74942,W,0.021,,090926,,,F,V*10
$GNVTG,,T,,M,0.021,N,0.040,K,D*3F
$GNGGA,163026.00,3001.74221,S,05112.74942,W,5,12,1.00,48.9,M,4.8,M,2.0,0920*6E
$GNGSA,M,3,29,31,05,12,13,18,21,23,25,,,,2.21,1.00,1.97,1*03
$GNGSA,M,3,10,11,12,16,25,36,02,,,,,,2.21,1.00,1.97,3*05
$GNGSA,M,3,35,39,19,26,29,,,,,,,,2.21,1.00,1.97,4*0C
$GPGSV,2,1,05,05,42,104,47,12,34,044,51,13,28,037,44,23,10,354,26,1*6D
$GPGSV,2,2,05,25,70,030,51,1*56
$GPGSV,3,1,11,05,42,104,45,12,34,044,41,13,28,037,35,18,58,293,22,6*61
$GPGSV,3,2,11,21,17,133,19,23,10,354,26,25,70,030,46,26,14,222,11,6*6A
$GPGSV,3,3,11,28,29,276,12,29,58,177,16,31,21,244,18,6*58
$GPGSV,2,1,06,13,28,037,35,18,58,293,13,21,17,133,23,23,10,354,39,8*61
$GPGSV,2,2,06,25,70,030,53,28,29,276,27,8*69
$GPGSV,1,1,01,15,01,046,,0*53
$GAGSV,2,1,08,02,22,223,18,10,48,143,37,11,78,153,27,12,24,141,23,1*74
$GAGSV,2,2,08,14,26,100,32,16,49,057,47,25,75,193,25,36,47,316,21,1*7F
$GAGSV,1,1,03,10,48,143,33,14,26,100,35,16,49,057,50,5*42
$GAGSV,2,1,07,02,22,223,19,10,48,143,35,11,78,153,25,12,24,141,25,7*7A
$GAGSV,2,2,07,14,26,100,19,16,49,057,46,25,75,193,28,7*42
$GBGSV,2,1,07,12,17,086,20,20,13,105,19,26,53,257,17,29,32,130,37,3*7D
$GBGSV,2,2,07,35,63,209,15,36,03,024,15,39,45,358,47,3*4D
$GBGSV,2,1,08,12,17,086,22,19,16,059,21,20,13,105,18,22,01,012,18,5*74
$GBGSV,2,2,08,26,53,257,17,29,32,130,41,31,28,270,16,39,45,358,46,5*7E
$GBGSV,2,1,08,19,16,059,14,24,15,222,14,26,53,257,20,29,32,130,40,8*7B
$GBGSV,2,2,08,31,28,270,16,35,63,209,14,36,03,024,13,39,45,358,47,8*74
$GBGSV,1,1,01,11,12,121,,0*47
$GNGLL,3001.74221,S,05112.74942,W,163026.00,A,D*76
$GNRMC,163027.00,A,3001.74221,S,05112.74941,W,0.028,,090926,,,F,V*1B
$GNVTG,,T,,M,0.028,N,0.052,K,D*35
$GNGGA,163027.00,3001.74221,S,05112.74941,W,5,12,1.00,48.9,M,4.8,M,2.0,0920*6C
$GNGSA,M,3,29,31,05,12,13,18,21,23,25,,,,2.21,1.00,1.97,1*03
$GNGSA,M,3,10,11,12,16,25,36,02,,,,,,2.21,1.00,1.97,3*05
$GNGSA,M,3,35,39,19,26,29,,,,,,,,2.21,1.00,1.97,4*0C
$GPGSV,2,1,05,05,42,104,47,12,34,044,51,13,28,037,44,23,10,354,26,1*6D
$GPGSV,2,2,05,25,70,030,51,1*56
$GPGSV,3,1,11,05,42,104,45,12,34,044,41,13,28,037,35,18,58,293,22,6*61
$GPGSV,3,2,11,21,17,133,20,23,10,354,26,25,70,030,46,26,14,222,12,6*63
$GPGSV,3,3,11,28,29,276,13,29,58,177,16,31,21,244,19,6*58
$GPGSV,2,1,06,13,28,037,35,18,58,293,13,21,17,133,23,23,10,354,39,8*61
$GPGSV,2,2,06,25,70,030,53,28,29,276,27,8*69
$GPGSV,1,1,01,15,01,046,,0*53
$GAGSV,2,1,08,02,22,223,19,10,48,143,37,11,78,153,27,12,24,141,23,1*75
$GAGSV,2,2,08,14,26,100,32,16,49,057,47,25,75,193,25,36,47,316,21,1*7F
$GAGSV,1,1,03,10,48,143,33,14,26,100,35,16,49,057,50,5*42
$GAGSV,2,1,07,02,22,223,20,10,48,143,35,11,78,153,25,12,24,141,25,7*70
$GAGSV,2,2,07,14,26,100,19,16,49,057,46,25,75,193,29,7*43
$GBGSV,2,1,07,12,17,086,19,20,13,105,19,26,53,257,18,29,32,130,37,3*78
$GBGSV,2,2,07,35,63,209,15,36,03,024,14,39,45,358,47,3*4C
$GBGSV,2,1,08,12,17,086,22,19,16,059,21,20,13,105,18,22,01,012,17,5*7B
$GBGSV,2,2,08,26,53,257,18,29,32,130,41,31,28,270,16,39,45,358,45,5*72
$GBGSV,3,1,09,11,12,121,16,19,16,059,12,24,15,222,14,26,53,257,20,8*77
$GBGSV,3,2,09,29,32,130,40,31,28,270,14,35,63,209,14,36,03,024,12,8*7D
$GBGSV,3,3,09,39,45,358,47,8*40
$GNGLL,3001.74221,S,05112.74941,W,163027.00,A,D*74
$GNRMC,163028.00,A,3001.74221,S,05112.74941,W,0.035,,090926,,,F,V*18
$GNVTG,,T,,M,0.035,N,0.064,K,D*3C
$GNGGA,163028.00,3001.74221,S,05112.74941,W,5,12,0.98,48.9,M,4.8,M,2.0,0920*63
$GNGSA,M,3,29,31,05,12,13,18,21,23,25,,,,2.19,0.98,1.96,1*09
$GNGSA,M,3,10,11,12,16,25,36,02,,,,,,2.19,0.98,1.96,3*0F
$GNGSA,M,3,35,39,19,26,29,,,,,,,,2.19,0.98,1.96,4*06
$GPGSV,2,1,06,05,42,104,47,12,34,044,50,13,28,037,44,23,10,354,26,1*6F
$GPGSV,2,2,06,25,70,030,51,29,58,177,29,1*69
$GPGSV,3,1,11,05,42,104,45,12,34,044,41,13,28,037,35,18,58,293,21,6*62
$GPGSV,3,2,11,21,17,133,21,23,10,354,26,25,70,030,46,26,14,222,15,6*65
$GPGSV,3,3,11,28,29,276,14,29,58,177,15,31,21,244,19,6*5C
$GPGSV,2,1,06,13,28,037,35,18,58,293,13,21,17,133,23,23,10,354,39,8*61
$GPGSV,2,2,06,25,70,030,53,28,29,276,27,8*69
$GPGSV,1,1,01,15,01,046,,0*53
$GAGSV,2,1,08,02,22,223,20,10,48,143,37,11,78,153,27,12,24,141,24,1*78
$GAGSV,2,2,08,14,26,100,32,16,49,057,47,25,75,193,25,36,47,316,21,1*7F
$GAGSV,1,1,03,10,48,143,33,14,26,100,35,16,49,057,50,5*42
$GAGSV,2,1,07,02,22,223,19,10,48,143,35,11,78,153,25,12,24,141,25,7*7A
$GAGSV,2,2,07,14,26,100,17,16,49,057,46,25,75,193,28,7*4C
$GBGSV,2,1,07,12,17,086,19,20,13,105,20,26,53,257,17,29,32,130,37,3*7D
$GBGSV,2,2,07,35,63,209,13,36,03,024,12,39,45,358,47,3*4C
$GBGSV,3,1,09,11,12,121,14,12,17,086,22,19,16,059,22,20,13,105,18,5*78
$GBGSV,3,2,09,22,01,012,18,26,53,257,18,29,32,130,41,31,28,270,17,5*7C
$GBGSV,3,3,09,39,45,358,45,5*4F
$GBGSV,3,1,09,11,12,121,14,19,16,059,11,24,15,222,14,26,53,257,20,8*76
$GBGSV,3,2,09,29,32,130,40,31,28,270,14,35,63,209,15,36,03,024,12,8*7C
$GBGSV,3,3,09,39,45,358,47,8*40
$GNGLL,3001.74221,S,05112.74941,W,163028.00,A,D*7B
$GNRMC,163029.00,A,3001.74221,S,05112.74941,W,0.021,,090926,,,F,V*1C
$GNVTG,,T,,M,0.021,N,0.038,K,D*30
$GNGGA,163029.00,3001.74221,S,05112.74941,W,5,12,0.80,48.9,M,4.8,M,2.0,0920*6B
$GNGSA,M,3,31,05,12,13,18,21,23,25,28,,,,1.78,0.80,1.59,1*06
$GNGSA,M,3,10,11,12,16,25,36,02,,,,,,1.78,0.80,1.59,3*01
$GNGSA,M,3,35,39,26,29,,,,,,,,,1.78,0.80,1.59,4*00
$GPGSV,2,1,05,05,42,104,47,12,34,044,50,13,28,037,43,23,10,354,26,1*6B
$GPGSV,2,2,05,25,70,030,51,1*56
$GPGSV,3,1,11,05,42,104,45,12,34,044,41,13,28,037,34,18,58,293,21,6*63
$GPGSV,3,2,11,21,17,133,21,23,10,354,26,25,70,030,45,26,14,222,14,6*67
$GPGSV,3,3,11,28,29,276,15,29,58,177,14,31,21,244,19,6*5C
$GPGSV,2,1,06,13,28,037,35,18,58,293,13,21,17,133,22,23,10,354,39,8*60
$GPGSV,2,2,06,25,70,030,53,28,29,276,27,8*69
$GPGSV,1,1,01,15,01,046,,0*53
$GAGSV,2,1,08,02,22,223,20,10,48,143,37,11,78,153,26,12,24,141,24,1*79
$GAGSV,2,2,08,14,26,100,31,16,49,057,47,25,75,193,25,36,47,316,21,1*7C
$GAGSV,1,1,03,10,48,143,33,14,26,100,35,16,49,057,50,5*42
$GAGSV,2,1,07,02,22,223,19,10,48,143,35,11,78,153,25,12,24,141,25,7*7A
$GAGSV,2,2,07,14,26,100,16,16,49,057,46,25,75,193,28,7*4D
$GBGSV,2,1,07,12,17,086,19,20,13,105,20,26,53,257,17,29,32,130,37,3*7D
$GBGSV,2,2,07,35,63,209,13,36,03,024,11,39,45,358,47,3*4F
$GBGSV,3,1,09,11,12,121,12,12,17,086,22,19,16,059,22,20,13,105,17,5*71
$GBGSV,3,2,09,22,01,012,17,26,53,257,18,29,32,130,41,31,28,270,17,5*73
$GBGSV,3,3,09,39,45,358,46,5*4C
$GBGSV,3,1,09,11,12,121,14,19,16,059,11,24,15,222,11,26,53,257,20,8*73
$GBGSV,3,2,09,29,32,130,40,31,28,270,14,35,63,209,16,36,03,024,13,8*7E
$GBGSV,3,3,09,39,45,358,47,8*40
$GNGLL,3001.74221,S,05112.74941,W,163029.00,A,D*7A
$GNRMC,163030.00,A,3001.74221,S,05112.74941,W,0.035,,090926,,,F,V*11
$GNVTG,,T,,M,0.035,N,0.066,K,D*3E
$GNGGA,163030.00,3001.74221,S,05112.74941,W,5,12,0.80,48.9,M,4.8,M,2.0,0920*63
$GNGSA,M,3,31,05,12,13,18,21,23,25,28,,,,1.78,0.80,1.59,1*06
$GNGSA,M,3,10,11,12,16,25,36,02,,,,,,1.78,0.80,1.59,3*01
$GNGSA,M,3,35,39,19,26,29,,,,,,,,1.78,0.80,1.59,4*08
$GPGSV,2,1,05,05,42,104,47,12,34,044,51,13,28,037,43,23,10,354,26,1*6A
$GPGSV,2,2,05,25,70,030,51,1*56
$GPGSV,3,1,11,05,42,104,45,12,34,044,41,13,28,037,34,18,58,293,21,6*63
$GPGSV,3,2,11,21,17,133,21,23,10,354,26,25,70,030,46,26,14,222,13,6*63
$GPGSV,3,3,11,28,29,276,16,29,58,177,14,31,21,244,18,6*5E
$GPGSV,2,1,06,13,28,037,35,18,58,293,09,21,17,133,22,23,10,354,39,8*6B
$GPGSV,2,2,06,25,70,030,53,28,29,276,28,8*66
$GPGSV,1,1,01,15,01,046,,0*53
$GAGSV,2,1,08,02,22,223,20,10,48,143,37,11,78,153,26,12,24,141,24,1*79
$GAGSV,2,2,08,14,26,100,31,16,49,057,47,25,75,193,25,36,47,316,21,1*7C
$GAGSV,1,1,03,10,48,143,33,14,26,100,35,16,49,057,50,5*42
$GAGSV,2,1,07,02,22,223,19,10,48,143,35,11,78,153,25,12,24,141,25,7*7A
$GAGSV,2,2,07,14,26,100,15,16,49,057,46,25,75,193,28,7*4E
$GBGSV,2,1,07,12,17,086,18,20,13,105,20,26,53,257,17,29,32,130,37,3*7C
$GBGSV,2,2,07,35,63,209,14,36,03,024,15,39,45,358,47,3*4C
$GBGSV,3,1,09,11,12,121,12,12,17,086,22,19,16,059,22,20,13,105,17,5*71
$GBGSV,3,2,09,22,01,012,17,26,53,257,18,29,32,130,41,31,28,270,16,5*72
$GBGSV,3,3,09,39,45,358,46,5*4C
$GBGSV,3,1,09,11,12,121,16,19,16,059,13,24,15,222,09,26,53,257,20,8*7A
$GBGSV,3,2,09,29,32,130,40,31,28,270,15,35,63,209,16,36,03,024,12,8*7E
$GBGSV,3,3,09,39,45,358,47,8*40
$GNGLL,3001.74221,S,05112.74941,W,163030.00,A,D*72
$GNRMC,163031.00,A,3001.74220,S,05112.74940,W,0.018,,090926,,,F,V*1F
$GNVTG,,T,,M,0.018,N,0.032,K,D*30
$GNGGA,163031.00,3001.74220,S,05112.74940,W,5,12,0.79,48.9,M,4.8,M,2.0,0920*64
$GNGSA,M,3,31,05,12,13,18,21,23,25,28,,,,1.57,0.79,1.36,1*04
$GNGSA,M,3,10,11,12,16,25,36,02,,,,,,1.57,0.79,1.36,3*03
$GNGSA,M,3,35,39,11,19,26,29,,,,,,,1.57,0.79,1.36,4*0A
$GPGSV,2,1,05,05,42,104,47,12,34,044,51,13,28,037,44,23,10,354,26,1*6D
$GPGSV,2,2,05,25,70,030,51,1*56
$GPGSV,3,1,11,05,42,104,45,12,34,044,41,13,28,037,34,18,58,293,20,6*62
$GPGSV,3,2,11,21,17,133,21,23,10,354,26,25,70,030,46,26,14,222,09,6*68
$GPGSV,3,3,11,28,29,276,16,29,58,177,13,31,21,244,18,6*59
$GPGSV,2,1,07,13,28,037,35,18,58,293,08,21,17,133,22,23,10,354,39,8*6B
$GPGSV,2,2,07,25,70,030,53,26,14,222,17,28,29,276,28,8*52
$GPGSV,1,1,01,15,01,046,,0*53
$GAGSV,2,1,08,02,22,223,19,10,48,143,37,11,78,153,26,12,24,141,24,1*73
$GAGSV,2,2,08,14,26,100,31,16,49,057,47,25,75,193,25,36,47,316,21,1*7C
$GAGSV,1,1,03,10,48,143,33,14,26,100,34,16,49,057,50,5*43
$GAGSV,2,1,07,02,22,223,19,10,48,143,35,11,78,153,25,12,24,141,25,7*7A
$GAGSV,2,2,07,14,26,100,14,16,49,057,46,25,75,193,28,7*4F
$GBGSV,2,1,07,12,17,086,17,20,13,105,20,26,53,257,16,29,32,130,37,3*72
$GBGSV,2,2,07,35,63,209,15,36,03,024,15,39,45,358,47,3*4D
$GBGSV,3,1,09,11,12,121,12,12,17,086,22,19,16,059,22,20,13,105,18,5*7E
$GBGSV,3,2,09,22,01,012,16,26,53,257,18,29,32,130,41,31,28,270,17,5*72
$GBGSV,3,3,09,39,45,358,46,5*4C
$GBGSV,3,1,09,11,12,121,16,19,16,059,14,24,15,222,07,26,53,257,20,8*73
$GBGSV,3,2,09,29,32,130,40,31,28,270,14,35,63,209,16,36,03,024,13,8*7E
$GBGSV,3,3,09,39,45,358,47,8*40
$GNGLL,3001.74220,S,05112.74940,W,163031.00,A,D*73
$GNRMC,163032.00,A,3001.74221,S,05112.74941,W,0.019,,090926,,,F,V*1D
$GNVTG,,T,,M,0.019,N,0.036,K,D*35
$GNGGA,163032.00,3001.74221,S,05112.74941,W,5,12,0.77,48.9,M,4.8,M,2.0,0920*69
$GNGSA,M,3,29,31,05,12,13,18,21,23,25,28,,,1.54,0.77,1.33,1*07
$GNGSA,M,3,10,11,12,16,25,36,02,,,,,,1.54,0.77,1.33,3*0B
$GNGSA,M,3,35,39,11,19,26,29,,,,,,,1.54,0.77,1.33,4*02
$GPGSV,2,1,07,05,42,106,47,12,34,044,51,13,28,037,43,23,10,354,26,1*6A
$GPGSV,2,2,07,25,70,030,51,28,29,276,25,29,58,177,24,1*50
$GPGSV,3,1,11,05,42,106,45,12,34,044,41,13,28,037,34,18,58,293,20,6*60
$GPGSV,3,2,11,21,17,133,21,23,10,354,26,25,70,030,46,26,14,222,11,6*61
$GPGSV,3,3,11,28,29,276,16,29,58,177,14,31,21,244,18,6*5E
$GPGSV,2,1,07,13,28,037,35,18,58,293,08,21,17,133,22,23,10,354,39,8*6B
$GPGSV,2,2,07,25,70,030,53,26,14,222,17,28,29,276,28,8*52
$GPGSV,1,1,01,15,01,046,,0*53
$GAGSV,2,1,08,02,22,223,19,10,48,143,37,11,78,153,26,12,24,141,24,1*73
$GAGSV,2,2,08,14,26,100,31,16,49,057,47,25,75,193,25,36,47,316,21,1*7C
$GAGSV,1,1,03,10,48,143,33,14,26,100,34,16,49,057,50,5*43
$GAGSV,2,1,07,02,22,223,19,10,48,143,35,11,78,153,25,12,24,141,25,7*7A
$GAGSV,2,2,07,14,26,100,14,16,49,057,46,25,75,193,29,7*4E
$GBGSV,2,1,07,12,17,086,18,20,13,105,19,26,53,257,15,29,32,130,37,3*74
$GBGSV,2,2,07,35,63,209,15,36,03,024,09,39,45,358,47,3*40
$GBGSV,3,1,09,11,12,121,12,12,17,086,22,19,16,059,22,20,13,105,18,5*7E
$GBGSV,3,2,09,22,01,012,15,26,53,257,18,29,32,130,41,31,28,270,16,5*70
$GBGSV,3,3,09,39,45,358,46,5*4C
$GBGSV,2,1,08,11,12,121,16,19,16,059,15,26,53,257,21,29,32,130,40,8*78
$GBGSV,2,2,08,31,28,270,14,35,63,209,17,36,03,024,14,39,45,358,47,8*72
$GBGSV,1,1,01,24,15,222,,0*46
$GNGLL,3001.74221,S,05112.74941,W,163032.00,A,D*70
$GNRMC,163033.00,A,3001.74221,S,05112.74941,W,0.019,,090926,,,F,V*1C
$GNVTG,,T,,M,0.019,N,0.035,K,D*36
$GNGGA,163033.00,3001.74221,S,05112.74941,W,5,12,0.77,48.9,M,4.8,M,2.0,0920*68
$GNGSA,M,3,29,31,05,12,13,18,21,23,25,28,,,1.54,0.77,1.33,1*07
$GNGSA,M,3,10,11,12,16,25,36,02,,,,,,1.54,0.77,1.33,3*0B
$GNGSA,M,3,35,39,11,19,26,29,,,,,,,1.54,0.77,1.33,4*02
$GPGSV,2,1,08,05,42,106,47,12,34,044,51,13,28,037,43,23,10,354,26,1*65
$GPGSV,2,2,08,25,70,030,51,28,29,276,25,29,58,177,24,31,21,244,22,1*6C
$GPGSV,3,1,11,05,42,106,45,12,34,044,41,13,28,037,35,18,58,293,21,6*60
$GPGSV,3,2,11,21,17,133,21,23,10,354,26,25,70,030,46,26,14,222,09,6*68
$GPGSV,3,3,11,28,29,276,17,29,58,177,13,31,21,244,19,6*59
$GPGSV,2,1,07,13,28,037,34,18,58,293,08,21,17,133,22,23,10,354,39,8*6A
$GPGSV,2,2,07,25,70,030,53,26,14,222,18,28,29,276,28,8*5D
$GPGSV,1,1,01,15,01,046,,0*53
$GAGSV,2,1,08,02,22,223,19,10,48,143,37,11,78,153,27,12,24,141,24,1*72
$GAGSV,2,2,08,14,26,100,30,16,49,057,47,25,75,193,25,36,47,316,21,1*7D
$GAGSV,1,1,03,10,48,143,33,14,26,100,34,16,49,057,50,5*43
$GAGSV,2,1,07,02,22,223,19,10,48,143,35,11,78,153,25,12,24,141,24,7*7B
$GAGSV,2,2,07,14,26,100,12,16,49,057,46,25,75,193,29,7*48
$GBGSV,2,1,07,12,17,086,17,20,13,105,20,26,53,257,15,29,32,130,37,3*71
$GBGSV,2,2,07,35,63,209,15,36,03,024,08,39,45,358,47,3*41
$GBGSV,3,1,09,11,12,121,12,12,17,086,21,19,16,059,22,20,13,105,18,5*7D
$GBGSV,3,2,09,22,01,012,15,26,53,257,18,29,32,130,41,31,28,270,16,5*70
$GBGSV,3,3,09,39,45,358,46,5*4C
$GBGSV,2,1,08,11,12,121,15,19,16,059,15,26,53,257,21,29,32,130,40,8*7B
$GBGSV,2,2,08,31,28,270,14,35,63,209,16,36,03,024,13,39,45,358,47,8*74
$GBGSV,1,1,01,24,15,222,,0*46
$GNGLL,3001.74221,S,05112.74941,W,163033.00,A,D*71
$GNRMC,163034.00,A,3001.74221,S,05112.74941,W,0.026,,090926,,,F,V*17
$GNVTG,,T,,M,0.026,N,0.047,K,D*3F
$GNGGA,163034.00,3001.74221,S,05112.74941,W,5,12,0.77,48.9,M,4.8,M,2.0,0920*6F
$GNGSA,M,3,29,31,05,12,13,18,21,23,25,28,,,1.53,0.77,1.33,1*00
$GNGSA,M,3,10,11,12,16,25,36,02,,,,,,1.53,0.77,1.33,3*0C
$GNGSA,M,3,35,39,11,19,26,29,,,,,,,1.53,0.77,1.33,4*05
$GPGSV,2,1,07,05,42,106,47,12,34,044,51,13,28,037,43,23,10,354,26,1*6A
$GPGSV,2,2,07,25,70,030,51,28,29,276,24,29,58,177,24,1*51
$GPGSV,3,1,11,05,42,106,45,12,34,044,41,13,28,037,34,18,58,293,20,6*60
$GPGSV,3,2,11,21,17,133,22,23,10,354,26,25,70,030,46,26,14,222,09,6*6B
$GPGSV,3,3,11,28,29,276,18,29,58,177,13,31,21,244,20,6*5C
$GPGSV,2,1,07,13,28,037,34,18,58,293,11,21,17,133,22,23,10,354,39,8*62
$GPGSV,2,2,07,25,70,030,53,26,14,222,18,28,29,276,28,8*5D
$GPGSV,1,1,01,15,01,046,,0*53
$GAGSV,2,1,08,02,22,223,19,10,48,143,37,11,78,153,27,12,24,141,24,1*72
$GAGSV,2,2,08,14,26,100,30,16,49,057,47,25,75,193,25,36,47,316,21,1*7D
$GAGSV,1,1,03,10,48,143,33,14,26,100,34,16,49,057,50,5*43
$GAGSV,2,1,07,02,22,223,20,10,48,143,35,11,78,153,25,12,24,141,24,7*71
$GAGSV,2,2,07,14,26,100,11,16,49,057,46,25,75,193,29,7*4B
$GBGSV,2,1,07,12,17,086,17,20,13,105,21,26,53,257,15,29,32,130,37,3*70
$GBGSV,2,2,07,35,63,209,15,36,03,024,10,39,45,358,47,3*48
$GBGSV,3,1,09,11,12,121,09,12,17,086,21,19,16,059,21,20,13,105,17,5*7B
$GBGSV,3,2,09,22,01,012,14,26,53,257,18,29,32,130,41,31,28,270,16,5*71
$GBGSV,3,3,09,39,45,358,46,5*4C
$GBGSV,2,1,08,11,12,121,15,19,16,059,15,26,53,257,21,29,32,130,40,8*7B
$GBGSV,2,2,08,31,28,270,13,35,63,209,16,36,03,024,12,39,45,358,47,8*72
$GBGSV,1,1,01,24,15,222,,0*46
$GNGLL,3001.74221,S,05112.74941,W,163034.00,A,D*76
$GNRMC,163035.00,A,3001.74221,S,05112.74941,W,0.039,,090926,,,F,V*18
$GNVTG,,T,,M,0.039,N,0.072,K,D*37
$GNGGA,163035.00,3001.74221,S,05112.74941,W,5,12,0.82,48.9,M,4.8,M,2.0,0920*64
$GNGSA,M,3,29,31,05,12,13,18,21,23,25,28,,,1.76,0.82,1.56,1*0E
$GNGSA,M,3,10,11,12,16,25,36,02,,,,,,1.76,0.82,1.56,3*02
$GNGSA,M,3,35,39,19,26,29,,,,,,,,1.76,0.82,1.56,4*0B
$GPGSV,2,1,07,05,42,106,47,12,34,044,51,13,28,037,43,23,10,354,26,1*6A
$GPGSV,2,2,07,25,70,030,51,28,29,276,24,29,58,177,25,1*50
$GPGSV,3,1,10,05,42,106,45,12,34,044,41,13,28,037,34,18,58,293,20,6*61
$GPGSV,3,2,10,21,17,133,22,23,10,354,26,25,70,030,46,28,29,276,19,6*6A
$GPGSV,3,3,10,29,58,177,13,31,21,244,21,6*67
$GPGSV,2,1,07,13,28,037,34,18,58,293,21,21,17,133,22,23,10,354,39,8*61
$GPGSV,2,2,07,25,70,030,53,26,14,222,18,28,29,276,28,8*5D
$GPGSV,1,1,01,15,01,046,,0*53
$GAGSV,2,1,08,02,22,223,19,10,48,143,37,11,78,153,27,12,24,141,24,1*72
$GAGSV,2,2,08,14,26,100,30,16,49,057,47,25,75,193,25,36,47,316,21,1*7D
$GAGSV,1,1,03,10,48,143,33,14,26,100,34,16,49,057,50,5*43
$GAGSV,2,1,07,02,22,223,20,10,48,143,35,11,78,153,25,12,24,141,24,7*71
$GAGSV,2,2,07,14,26,100,11,16,49,057,46,25,75,193,29,7*4B
$GBGSV,2,1,07,12,17,086,17,20,13,105,20,26,53,257,15,29,32,130,37,3*71
$GBGSV,2,2,07,35,63,209,13,36,03,024,09,39,45,358,47,3*46
$GBGSV,3,1,09,11,12,121,08,12,17,086,21,19,16,059,21,20,13,105,16,5*7B
$GBGSV,3,2,09,22,01,012,14,26,53,257,18,29,32,130,41,31,28,270,16,5*71
$GBGSV,3,3,09,39,45,358,46,5*4C
$GBGSV,2,1,08,11,12,121,14,19,16,059,15,26,53,257,21,29,32,130,40,8*7A
$GBGSV,2,2,08,31,28,270,14,35,63,209,15,36,03,024,10,39,45,358,47,8*74
$GBGSV,1,1,01,24,15,222,,0*46
$GNGLL,3001.74221,S,05112.74941,W,163035.00,A,D*77
$GNRMC,163036.00,A,3001.74221,S,05112.74942,W,0.045,,090926,,,F,V*13
$GNVTG,,T,,M,0.045,N,0.083,K,D*32
$GNGGA,163036.00,3001.74221,S,05112.74942,W,5,12,0.77,48.9,M,4.8,M,2.0,0920*6E
$GNGSA,M,3,29,31,05,12,13,18,21,23,25,28,,,1.53,0.77,1.33,1*00
$GNGSA,M,3,10,11,12,16,25,36,02,,,,,,1.53,0.77,1.33,3*0C
$GNGSA,M,3,35,39,11,19,26,29,,,,,,,1.53,0.77,1.33,4*05
$GPGSV,2,1,07,05,42,106,47,12,34,044,51,13,28,037,43,23,10,354,26,1*6A
$GPGSV,2,2,07,25,70,030,51,28,29,276,24,29,58,177,25,1*50
$GPGSV,3,1,10,05,42,106,45,12,34,044,41,13,28,037,34,18,58,293,20,6*61
$GPGSV,3,2,10,21,17,133,22,23,10,354,26,25,70,030,46,28,29,276,20,6*60
$GPGSV,3,3,10,29,58,177,13,31,21,244,21,6*67
$GPGSV,2,1,07,13,28,037,34,18,58,293,21,21,17,133,22,23,10,354,39,8*61
$GPGSV,2,2,07,25,70,030,53,26,14,222,17,28,29,276,28,8*52
$GPGSV,1,1,01,15,01,046,,0*53
$GAGSV,2,1,08,02,22,223,19,10,48,143,37,11,78,153,27,12,24,141,23,1*75
$GAGSV,2,2,08,14,26,100,29,16,49,057,47,25,75,193,25,36,47,316,21,1*75
$GAGSV,1,1,03,10,48,143,33,14,26,100,34,16,49,057,50,5*43
$GAGSV,2,1,07,02,22,223,20,10,48,143,35,11,78,153,25,12,24,141,24,7*71
$GAGSV,2,2,07,14,26,100,13,16,49,057,46,25,75,193,29,7*49
$GBGSV,2,1,07,12,17,086,16,20,13,105,20,26,53,257,15,29,32,130,37,3*70
$GBGSV,2,2,07,35,63,209,12,36,03,024,08,39,45,358,47,3*46
$GBGSV,3,1,09,11,12,121,08,12,17,086,20,19,16,059,22,20,13,105,16,5*79
$GBGSV,3,2,09,22,01,012,14,26,53,257,18,29,32,130,41,31,28,270,15,5*72
$GBGSV,3,3,09,39,45,358,46,5*4C
$GBGSV,2,1,08,11,12,121,15,19,16,059,14,26,53,257,21,29,32,130,40,8*7A
$GBGSV,2,2,08,31,28,270,14,35,63,209,15,36,03,024,11,39,45,358,47,8*75
$GBGSV,1,1,01,24,15,222,,0*46
$GNGLL,3001.74221,S,05112.74942,W,163036.00,A,D*77
$GNRMC,163037.00,A,3001.74220,S,05112.74941,W,0.014,,090926,,,F,V*14
$GNVTG,,T,,M,0.014,N,0.026,K,D*39
$GNGGA,163037.00,3001.74220,S,05112.74941,W,5,12,0.79,48.9,M,4.8,M,2.0,0920*63
$GNGSA,M,3,29,31,05,12,13,18,21,23,25,28,,,1.57,0.79,1.36,1*0F
$GNGSA,M,3,10,11,12,16,25,36,02,,,,,,1.57,0.79,1.36,3*03
$GNGSA,M,3,35,39,11,19,26,29,,,,,,,1.57,0.79,1.36,4*0A
$GPGSV,2,1,07,05,42,106,47,12,34,044,51,13,28,037,43,23,10,354,26,1*6A
$GPGSV,2,2,07,25,70,030,51,28,29,276,25,29,58,177,26,1*52
$GPGSV,3,1,10,05,42,106,45,12,34,044,41,13,28,037,34,18,58,293,20,6*61
$GPGSV,3,2,10,21,17,133,22,23,10,354,26,25,70,030,46,28,29,276,21,6*61
$GPGSV,3,3,10,29,58,177,13,31,21,244,21,6*67
$GPGSV,2,1,07,13,28,037,34,18,58,293,20,21,17,133,22,23,10,354,39,8*60
$GPGSV,2,2,07,25,70,030,53,26,14,222,18,28,29,276,28,8*5D
$GPGSV,1,1,01,15,01,046,,0*53
$GAGSV,2,1,08,02,22,223,19,10,48,143,37,11,78,153,27,12,24,141,23,1*75
$GAGSV,2,2,08,14,26,100,30,16,49,057,47,25,75,193,25,36,47,316,21,1*7D
$GAGSV,1,1,03,10,48,143,33,14,26,100,34,16,49,057,50,5*43
$GAGSV,2,1,07,02,22,223,20,10,48,143,35,11,78,153,25,12,24,141,24,7*71
$GAGSV,2,2,07,14,26,100,14,16,49,057,46,25,75,193,29,7*4E
$GBGSV,2,1,07,12,17,086,17,20,13,105,21,26,53,257,15,29,32,130,37,3*70
$GBGSV,2,2,07,35,63,209,13,36,03,024,11,39,45,358,47,3*4F
$GBGSV,3,1,09,11,12,121,07,12,17,086,20,19,16,059,21,20,13,105,13,5*70
$GBGSV,3,2,09,22,01,012,14,26,53,257,18,29,32,130,41,31,28,270,15,5*72
$GBGSV,3,3,09,39,45,358,46,5*4C
$GBGSV,2,1,08,11,12,121,16,19,16,059,15,26,53,257,20,29,32,130,40,8*79
$GBGSV,2,2,08,31,28,270,15,35,63,209,15,36,03,024,12,39,45,358,47,8*77
$GBGSV,1,1,01,24,15,222,,0*46
$GNGLL,3001.74220,S,05112.74941,W,163037.00,A,D*74
$GNRMC,163038.00,A,3001.74221,S,05112.74942,W,0.034,,090926,,,F,V*1B
$GNVTG,,T,,M,0.034,N,0.064,K,D*3D
$GNGGA,163038.00,3001.74221,S,05112.74942,W,5,12,0.79,48.9,M,4.8,M,2.0,0920*6E
$GNGSA,M,3,29,31,05,12,13,18,21,23,25,28,,,1.57,0.79,1.36,1*0F
$GNGSA,M,3,10,11,12,16,25,36,02,,,,,,1.57,0.79,1.36,3*03
$GNGSA,M,3,35,39,11,19,26,29,31,,,,,,1.57,0.79,1.36,4*08
$GPGSV,2,1,07,05,42,106,47,12,34,044,51,13,28,037,43,23,10,354,26,1*6A
$GPGSV,2,2,07,25,70,030,51,28,29,276,25,29,58,177,26,1*52
$GPGSV,3,1,10,05,42,106,45,12,34,044,42,13,28,037,34,18,58,293,20,6*62
$GPGSV,3,2,10,21,17,133,22,23,10,354,26,25,70,030,46,28,29,276,21,6*61
$GPGSV,3,3,10,29,58,177,14,31,21,244,21,6*60
$GPGSV,2,1,07,13,28,037,34,18,58,293,20,21,17,133,21,23,10,354,39,8*63
$GPGSV,2,2,07,25,70,030,53,26,14,222,18,28,29,276,28,8*5D
$GPGSV,1,1,01,15,01,046,,0*53
$GAGSV,2,1,08,02,22,223,20,10,48,143,37,11,78,153,26,12,24,141,23,1*7E
$GAGSV,2,2,08,14,26,100,29,16,49,057,47,25,75,193,25,36,47,316,21,1*75
$GAGSV,1,1,03,10,48,143,33,14,26,100,34,16,49,057,50,5*43
$GAGSV,2,1,07,02,22,223,20,10,48,143,35,11,78,153,25,12,24,141,24,7*71
$GAGSV,2,2,07,14,26,100,15,16,49,057,46,25,75,193,29,7*4F
$GBGSV,2,1,07,12,17,086,18,20,13,105,22,26,53,257,15,29,32,130,37,3*7C
$GBGSV,2,2,07,35,63,209,14,36,03,024,08,39,45,358,47,3*40
$GBGSV,3,1,09,11,12,121,08,12,17,086,20,19,16,059,21,20,13,105,13,5*7F
$GBGSV,3,2,09,22,01,012,16,26,53,257,19,29,32,130,41,31,28,270,13,5*77
$GBGSV,3,3,09,39,45,358,45,5*4F
$GBGSV,2,1,08,11,12,121,16,19,16,059,15,26,53,257,20,29,32,130,40,8*79
$GBGSV,2,2,08,31,28,270,15,35,63,209,17,36,03,024,12,39,45,358,47,8*75
$GBGSV,1,1,01,24,15,222,,0*46
$GNGLL,3001.74221,S,05112.74942,W,163038.00,A,D*79
$GNRMC,163039.00,A,3001.74220,S,05112.74941,W,0.020,,090926,,,F,V*1D
$GNVTG,,T,,M,0.020,N,0.036,K,D*3F
$GNGGA,163039.00,3001.74220,S,05112.74941,W,5,12,0.96,48.9,M,4.8,M,2.0,0920*6C
$GNGSA,M,3,29,31,05,12,13,18,21,23,25,28,,,1.90,0.96,1.64,1*02
$GNGSA,M,3,10,11,12,16,25,36,02,,,,,,1.90,0.96,1.64,3*0E
$GNGSA,M,3,35,39,11,19,26,29,31,,,,,,1.90,0.96,1.64,4*05
$GPGSV,2,1,07,05,42,106,47,12,34,043,51,13,28,037,43,23,10,354,26,1*6D
$GPGSV,2,2,07,25,70,030,51,28,29,276,25,29,58,177,26,1*52
$GPGSV,3,1,10,05,42,106,44,12,34,043,41,13,28,037,34,18,58,293,19,6*6D
$GPGSV,3,2,10,21,17,133,22,23,10,354,26,25,70,030,46,28,29,276,21,6*61
$GPGSV,3,3,10,29,58,177,15,31,21,244,22,6*62
$GPGSV,2,1,07,13,28,037,34,18,58,293,20,21,17,133,21,23,10,354,39,8*63
$GPGSV,2,2,07,25,70,030,53,26,14,222,18,28,29,276,28,8*5D
$GPGSV,1,1,01,15,01,046,,0*53
$GAGSV,2,1,08,02,22,223,19,10,48,143,37,11,78,153,27,12,24,141,23,1*75
$GAGSV,2,2,08,14,26,100,29,16,49,057,47,25,75,193,25,36,47,316,21,1*75
$GAGSV,1,1,03,10,48,143,33,14,26,100,33,16,49,057,50,5*44
$GAGSV,2,1,07,02,22,223,20,10,48,143,35,11,78,153,26,12,24,141,25,7*73
$GAGSV,2,2,07,14,26,100,16,16,49,057,46,25,75,193,29,7*4C
$GBGSV,2,1,07,12,17,086,18,20,13,105,21,26,53,257,13,29,32,130,37,3*79
$GBGSV,2,2,07,35,63,209,14,36,03,024,08,39,45,358,47,3*40
$GBGSV,2,1,08,12,17,086,19,19,16,059,21,20,13,105,15,22,01,012,16,5*7F
$GBGSV,2,2,08,26,53,257,18,29,32,130,41,31,28,270,15,39,45,358,45,5*71
$GBGSV,2,1,08,11,12,121,16,19,16,059,15,26,53,257,20,29,32,130,40,8*79
$GBGSV,2,2,08,31,28,270,15,35,63,209,17,36,03,024,13,39,45,358,47,8*74
$GBGSV,1,1,01,24,15,222,,0*46
$GNGLL,3001.74220,S,05112.74941,W,163039.00,A,D*7A
$GNRMC,163040.00,A,3001.74220,S,05112.74940,W,0.012,,090926,,,F,V*13
$GNVTG,,T,,M,0.012,N,0.023,K,D*3A
$GNGGA,163040.00,3001.74220,S,05112.74940,W,5,12,0.98,48.9,M,4.8,M,2.0,0920*6D
$GNGSA,M,3,29,31,05,12,13,18,21,23,25,28,,,1.93,0.98,1.66,1*0D
$GNGSA,M,3,10,11,12,16,25,36,02,,,,,,1.93,0.98,1.66,3*01
$GNGSA,M,3,35,39,11,19,26,29,31,,,,,,1.93,0.98,1.66,4*0A
$GPGSV,2,1,07,05,42,106,47,12,34,043,51,13,28,037,43,23,10,354,26,1*6D
$GPGSV,2,2,07,25,70,030,51,28,29,276,25,29,58,177,26,1*52
$GPGSV,3,1,10,05,42,106,44,12,34,043,41,13,28,037,34,18,58,293,19,6*6D
$GPGSV,3,2,10,21,17,133,22,23,10,354,26,25,70,030,46,28,29,276,21,6*61
$GPGSV,3,3,10,29,58,177,14,31,21,244,22,6*63
$GPGSV,2,1,07,13,28,037,34,18,58,293,19,21,17,133,20,23,10,354,39,8*68
$GPGSV,2,2,07,25,70,030,53,26,14,222,18,28,29,276,28,8*5D
$GPGSV,1,1,01,15,01,046,,0*53
$GAGSV,2,1,08,02,22,223,19,10,48,143,37,11,78,153,26,12,24,141,23,1*74
$GAGSV,2,2,08,14,26,100,28,16,49,057,47,25,75,193,25,36,47,316,20,1*75
$GAGSV,1,1,03,10,48,143,33,14,26,100,33,16,49,057,50,5*44
$GAGSV,2,1,07,02,22,223,20,10,48,143,35,11,78,153,26,12,24,141,24,7*72
$GAGSV,2,2,07,14,26,100,17,16,49,057,46,25,75,193,29,7*4D
$GBGSV,2,1,07,12,17,086,19,20,13,105,22,26,53,257,12,29,32,130,37,3*7A
$GBGSV,2,2,07,35,63,209,15,36,03,024,09,39,45,358,47,3*40
$GBGSV,2,1,08,12,17,086,19,19,16,059,21,20,13,105,15,22,01,012,17,5*7E
$GBGSV,2,2,08,26,53,257,18,29,32,130,41,31,28,270,15,39,45,358,45,5*71
$GBGSV,2,1,08,11,12,121,17,19,16,059,15,26,53,257,20,29,32,130,40,8*78
$GBGSV,2,2,08,31,28,270,15,35,63,209,17,36,03,024,12,39,45,358,47,8*75
$GBGSV,1,1,01,24,15,222,,0*46
$GNGLL,3001.74220,S,05112.74940,W,163040.00,A,D*75
$GNRMC,163041.00,A,3001.74220,S,05112.74940,W,0.005,,090926,,,F,V*14
$GNVTG,,T,,M,0.005,N,0.010,K,D*3C
$GNGGA,163041.00,3001.74220,S,05112.74940,W,5,12,0.94,48.9,M,4.8,M,2.0,0920*60
$GNGSA,M,3,29,31,05,12,13,18,21,23,25,28,,,1.90,0.94,1.66,1*02
$GNGSA,M,3,10,11,12,16,25,36,02,,,,,,1.90,0.94,1.66,3*0E
$GNGSA,M,3,35,39,11,19,26,29,,,,,,,1.90,0.94,1.66,4*07
$GPGSV,2,1,07,05,42,106,47,12,34,043,51,13,28,037,43,23,10,354,26,1*6D
$GPGSV,2,2,07,25,70,030,51,28,29,276,25,29,58,177,27,1*53
$GPGSV,3,1,10,05,42,106,44,12,34,043,41,13,28,037,34,18,58,293,19,6*6D
$GPGSV,3,2,10,21,17,133,23,23,10,354,26,25,70,030,46,28,29,276,21,6*60
$GPGSV,3,3,10,29,58,177,13,31,21,244,22,6*64
$GPGSV,2,1,07,13,28,037,34,18,58,293,19,21,17,133,21,23,10,354,39,8*69
$GPGSV,2,2,07,25,70,030,53,26,14,222,18,28,29,276,28,8*5D
$GPGSV,1,1,01,15,01,046,,0*53
$GAGSV,2,1,08,02,22,223,19,10,48,143,37,11,78,153,27,12,24,141,23,1*75
$GAGSV,2,2,08,14,26,100,28,16,49,057,47,25,75,193,25,36,47,316,21,1*74
$GAGSV,1,1,03,10,48,143,33,14,26,100,33,16,49,057,50,5*44
$GAGSV,2,1,07,02,22,223,20,10,48,143,35,11,78,153,26,12,24,141,24,7*72
$GAGSV,2,2,07,14,26,100,17,16,49,057,46,25,75,193,29,7*4D
$GBGSV,2,1,07,12,17,086,19,20,13,105,22,26,53,257,14,29,32,130,37,3*7C
$GBGSV,2,2,07,35,63,209,15,36,03,024,09,39,45,358,47,3*40
$GBGSV,2,1,08,12,17,086,19,19,16,059,21,20,13,105,14,22,01,012,16,5*7E
$GBGSV,2,2,08,26,53,257,18,29,32,130,41,31,28,270,14,39,45,358,46,5*73
$GBGSV,2,1,08,11,12,121,17,19,16,059,14,26,53,257,20,29,32,130,40,8*79
$GBGSV,2,2,08,31,28,270,16,35,63,209,16,36,03,024,12,39,45,358,47,8*77
$GBGSV,1,1,01,24,15,222,,0*46
$GNGLL,3001.74220,S,05112.74940,W,163041.00,A,D*74
$GNRMC,163042.00,A,3001.74220,S,05112.74940,W,0.043,,090926,,,F,V*15
$GNVTG,,T,,M,0.043,N,0.079,K,D*31
$GNGGA,163042.00,3001.74220,S,05112.74940,W,5,12,1.11,48.9,M,4.8,M,2.0,0920*6F
$GNGSA,M,3,29,31,05,12,13,18,21,23,25,28,,,2.08,1.11,1.76,1*0D
$GNGSA,M,3,10,11,12,16,25,36,02,,,,,,2.08,1.11,1.76,3*01
$GNGSA,M,3,35,39,11,19,26,29,,,,,,,2.08,1.11,1.76,4*08
$GPGSV,2,1,07,05,42,106,47,12,34,043,51,13,28,037,43,23,10,354,26,1*6D
$GPGSV,2,2,07,25,70,030,51,28,29,276,25,29,58,177,27,1*53
$GPGSV,3,1,10,05,42,106,45,12,34,043,41,13,28,037,34,18,58,293,19,6*6C
$GPGSV,3,2,10,21,17,133,23,23,10,354,26,25,70,030,46,28,29,276,22,6*63
$GPGSV,3,3,10,29,58,177,12,31,21,244,21,6*66
$GPGSV,2,1,07,13,28,037,34,18,58,293,19,21,17,133,21,23,10,354,39,8*69
$GPGSV,2,2,07,25,70,030,53,26,14,222,19,28,29,276,28,8*5C
$GPGSV,1,1,01,15,02,047,,0*51
$GAGSV,2,1,08,02,22,223,20,10,48,143,37,11,78,153,26,12,24,141,24,1*79
$GAGSV,2,2,08,14,26,100,28,16,49,057,47,25,75,193,25,36,47,316,21,1*74
$GAGSV,1,1,03,10,48,143,33,14,26,100,33,16,49,057,50,5*44
$GAGSV,2,1,07,02,22,223,20,10,48,143,35,11,78,153,26,12,24,141,24,7*72
$GAGSV,2,2,07,14,26,100,19,16,49,057,46,25,75,193,29,7*43
$GBGSV,2,1,07,12,17,086,19,20,13,105,22,26,53,257,14,29,32,130,37,3*7C
$GBGSV,2,2,07,35,63,209,15,36,03,024,09,39,45,358,47,3*40
$GBGSV,2,1,08,12,17,086,19,19,16,059,21,20,13,105,14,22,01,012,16,5*7E
$GBGSV,2,2,08,26,53,257,18,29,32,130,41,31,28,270,14,39,45,358,46,5*73
$GBGSV,2,1,08,11,12,121,17,19,16,059,14,26,53,257,20,29,32,130,40,8*79
$GBGSV,2,2,08,31,28,270,16,35,63,209,16,36,03,024,13,39,45,358,47,8*76
$GBGSV,1,1,01,24,15,222,,0*46
$GNGLL,3001.74220,S,05112.74940,W,163042.00,A,D*77
$GNRMC,163043.00,A,3001.74220,S,05112.74940,W,0.033,,090926,,,F,V*13
$GNVTG,,T,,M,0.033,N,0.061,K,D*3F
$GNGGA,163043.00,3001.74220,S,05112.74940,W,5,12,0.98,48.9,M,4.8,M,2.0,0920*6E
$GNGSA,M,3,29,31,05,12,13,18,21,23,25,28,,,1.93,0.98,1.66,1*0D
$GNGSA,M,3,10,11,12,16,25,36,02,,,,,,1.93,0.98,1.66,3*01
$GNGSA,M,3,35,39,11,26,29,31,,,,,,,1.93,0.98,1.66,4*02
$GPGSV,2,1,07,05,42,106,47,12,34,043,51,13,28,037,43,23,10,354,26,1*6D
$GPGSV,2,2,07,25,70,030,51,28,29,276,25,29,58,177,27,1*53
$GPGSV,3,1,10,05,42,106,44,12,34,043,41,13,28,037,34,18,58,293,19,6*6D
$GPGSV,3,2,10,21,17,133,23,23,10,354,25,25,70,030,46,28,29,276,22,6*60
$GPGSV,3,3,10,29,58,177,14,31,21,244,22,6*63
$GPGSV,2,1,07,13,28,037,34,18,58,293,20,21,17,133,21,23,10,354,39,8*63
$GPGSV,2,2,07,25,70,030,53,26,14,222,19,28,29,276,28,8*5C
$GPGSV,1,1,01,15,02,047,,0*51
$GAGSV,2,1,08,02,22,223,20,10,48,143,37,11,78,153,27,12,24,141,24,1*78
$GAGSV,2,2,08,14,26,100,27,16,49,057,47,25,75,193,25,36,47,316,21,1*7B
$GAGSV,1,1,03,10,48,143,33,14,26,100,33,16,49,057,50,5*44
$GAGSV,2,1,07,02,22,223,19,10,48,143,35,11,78,153,26,12,24,141,24,7*78
$GAGSV,2,2,07,14,26,100,20,16,49,057,46,25,75,193,29,7*49
$GBGSV,2,1,07,12,17,086,19,20,13,105,22,26,53,257,15,29,32,130,37,3*7D
$GBGSV,2,2,07,35,63,209,15,36,03,024,08,39,45,358,47,3*41
$GBGSV,2,1,08,12,17,086,19,19,16,059,21,20,13,105,13,22,01,012,15,5*7A
$GBGSV,2,2,08,26,53,257,18,29,32,130,41,31,28,270,13,39,45,358,46,5*74
$GBGSV,2,1,08,11,12,121,18,19,16,059,15,26,53,257,20,29,32,130,40,8*77
$GBGSV,2,2,08,31,28,270,17,35,63,209,16,36,03,024,13,39,45,358,47,8*77
$GBGSV,1,1,01,24,15,222,,0*46
$GNGLL,3001.74220,S,05112.74940,W,163043.00,A,D*76
$GNRMC,163044.00,A,3001.74220,S,05112.74940,W,0.012,,090926,,,F,V*17
$GNVTG,,T,,M,0.012,N,0.023,K,D*3A
$GNGGA,163044.00,3001.74220,S,05112.74940,W,5,12,0.98,48.9,M,4.8,M,2.0,0920*69
$GNGSA,M,3,29,31,05,12,13,18,21,23,25,28,,,1.93,0.98,1.66,1*0D
$GNGSA,M,3,10,11,12,16,25,36,02,,,,,,1.93,0.98,1.66,3*01
$GNGSA,M,3,35,39,11,19,26,29,31,,,,,,1.93,0.98,1.66,4*0A
$GPGSV,2,1,07,05,42,106,47,12,34,043,51,13,28,037,43,23,10,354,26,1*6D
$GPGSV,2,2,07,25,70,030,51,28,29,276,25,29,58,177,27,1*53
$GPGSV,3,1,10,05,42,106,44,12,34,043,41,13,28,037,34,18,58,293,20,6*67
$GPGSV,3,2,10,21,17,133,23,23,10,354,26,25,70,030,46,28,29,276,22,6*63
$GPGSV,3,3,10,29,58,177,14,31,21,244,22,6*63
$GPGSV,2,1,07,13,28,037,34,18,58,293,20,21,17,133,21,23,10,354,39,8*63
$GPGSV,2,2,07,25,70,030,53,26,14,222,19,28,29,276,28,8*5C
$GPGSV,1,1,01,15,02,047,,0*51
$GAGSV,2,1,08,02,22,223,20,10,48,143,37,11,78,153,27,12,24,141,23,1*7F
$GAGSV,2,2,08,14,26,100,27,16,49,057,47,25,75,193,25,36,47,316,21,1*7B
$GAGSV,1,1,03,10,48,143,33,14,26,100,32,16,49,057,50,5*45
$GAGSV,2,1,07,02,22,223,19,10,48,143,35,11,78,153,26,12,24,141,24,7*78
$GAGSV,2,2,07,14,26,100,21,16,49,057,46,25,75,193,29,7*48
$GBGSV,2,1,07,12,17,086,19,20,13,105,22,26,53,257,14,29,32,130,37,3*7C
$GBGSV,2,2,07,35,63,209,14,36,03,024,10,39,45,358,47,3*49
$GBGSV,3,1,09,11,12,121,13,12,17,086,18,19,16,059,21,20,13,105,14,5*79
$GBGSV,3,2,09,22,01,012,15,26,53,257,19,29,32,130,41,31,28,270,13,5*74
$GBGSV,3,3,09,39,45,358,46,5*4C
$GBGSV,2,1,08,11,12,121,18,19,16,059,16,26,53,257,20,29,32,130,40,8*74
$GBGSV,2,2,08,31,28,270,18,35,63,209,17,36,03,024,14,39,45,358,47,8*7E
$GBGSV,1,1,01,24,15,222,,0*46
$GNGLL,3001.74220,S,05112.74940,W,163044.00,A,D*71
$GNRMC,163045.00,A,3001.74220,S,05112.74940,W,0.024,,090926,,,F,V*13
$GNVTG,,T,,M,0.024,N,0.044,K,D*3E
$GNGGA,163045.00,3001.74220,S,05112.74940,W,5,12,0.98,48.9,M,4.8,M,2.0,0920*68
$GNGSA,M,3,29,31,05,12,13,18,21,23,25,28,,,1.93,0.98,1.66,1*0D
$GNGSA,M,3,10,11,12,16,25,36,02,,,,,,1.93,0.98,1.66,3*01
$GNGSA,M,3,35,39,11,19,26,29,31,,,,,,1.93,0.98,1.66,4*0A
$GPGSV,2,1,07,05,42,106,47,12,34,043,51,13,28,037,43,23,10,354,26,1*6D
$GPGSV,2,2,07,25,70,030,51,28,29,276,25,29,58,177,27,1*53
$GPGSV,3,1,10,05,42,106,44,12,34,043,41,13,28,037,34,18,58,292,20,6*66
$GPGSV,3,2,10,21,17,133,23,23,10,354,26,25,70,030,46,28,29,276,23,6*62
$GPGSV,3,3,10,29,58,177,14,31,21,244,22,6*63
$GPGSV,2,1,07,13,28,037,34,18,58,292,21,21,17,133,21,23,10,354,39,8*63
$GPGSV,2,2,07,25,70,030,53,26,14,222,19,28,29,276,28,8*5C
$GPGSV,1,1,01,15,02,047,,0*51
$GAGSV,2,1,08,02,22,223,20,10,48,143,37,11,78,153,27,12,24,141,23,1*7F
$GAGSV,2,2,08,14,26,100,26,16,49,057,47,25,75,193,25,36,47,316,21,1*7A
$GAGSV,1,1,03,10,48,143,33,14,26,100,32,16,49,057,50,5*45
$GAGSV,2,1,07,02,22,223,19,10,48,143,35,11,78,153,26,12,24,141,24,7*78
$GAGSV,2,2,07,14,26,100,21,16,49,057,46,25,75,193,29,7*48
$GBGSV,2,1,07,12,17,086,19,20,13,105,22,26,53,257,14,29,32,130,37,3*7C
$GBGSV,2,2,07,35,63,209,14,36,03,024,10,39,45,358,47,3*49
$GBGSV,3,1,09,11,12,121,13,12,17,086,17,19,16,059,21,20,13,105,14,5*76
$GBGSV,3,2,09,22,01,012,14,26,53,257,19,29,32,130,41,31,28,270,10,5*76
$GBGSV,3,3,09,39,45,358,46,5*4C
$GBGSV,2,1,08,11,12,121,17,19,16,059,16,26,53,257,20,29,32,130,40,8*7B
$GBGSV,2,2,08,31,28,270,18,35,63,209,18,36,03,024,14,39,45,358,47,8*71
$GBGSV,1,1,01,24,15,222,,0*46
$GNGLL,3001.74220,S,05112.74940,W,163045.00,A,D*70
$GNRMC,163046.00,A,3001.74221,S,05112.74941,W,0.021,,090926,,,F,V*15
$GNVTG,,T,,M,0.021,N,0.038,K,D*30
$GNGGA,163046.00,3001.74221,S,05112.74941,W,5,12,0.98,48.9,M,4.8,M,2.0,0920*6B
$GNGSA,M,3,29,31,05,12,13,18,21,23,25,28,,,1.93,0.98,1.66,1*0D
$GNGSA,M,3,10,11,12,16,25,36,02,,,,,,1.93,0.98,1.66,3*01
$GNGSA,M,3,35,39,11,19,26,29,31,,,,,,1.93,0.98,1.66,4*0A
$GPGSV,2,1,08,05,42,106,47,12,34,043,51,13,28,037,43,23,10,354,26,1*62
$GPGSV,2,2,08,25,70,030,51,28,29,276,25,29,58,177,27,31,21,244,21,1*6C
$GPGSV,3,1,10,05,42,106,44,12,34,043,41,13,28,037,34,18,58,292,20,6*66
$GPGSV,3,2,10,21,17,133,23,23,10,354,26,25,70,030,46,28,29,276,23,6*62
$GPGSV,3,3,10,29,58,177,14,31,21,244,22,6*63
$GPGSV,2,1,07,13,28,037,34,18,58,292,21,21,17,133,21,23,10,354,39,8*63
$GPGSV,2,2,07,25,70,030,53,26,14,222,18,28,29,276,27,8*52
$GPGSV,1,1,01,15,02,047,,0*51
$GAGSV,2,1,08,02,22,223,20,10,48,143,37,11,78,153,27,12,24,141,23,1*7F
$GAGSV,2,2,08,14,26,100,26,16,49,057,47,25,75,193,25,36,47,316,21,1*7A
$GAGSV,1,1,03,10,48,143,33,14,26,100,32,16,49,057,50,5*45
$GAGSV,2,1,07,02,22,223,19,10,48,143,35,11,78,153,26,12,24,141,24,7*78
$GAGSV,2,2,07,14,26,100,22,16,49,057,46,25,75,193,29,7*4B
$GBGSV,2,1,07,12,17,086,19,20,13,105,22,26,53,257,15,29,32,130,37,3*7D
$GBGSV,2,2,07,35,63,209,14,36,03,024,08,39,45,358,47,3*40
$GBGSV,2,1,08,11,12,121,14,12,17,086,18,19,16,059,21,20,13,105,12,5*78
$GBGSV,2,2,08,22,01,012,13,26,53,257,19,29,32,130,41,39,45,358,46,5*7A
$GBGSV,2,1,08,11,12,121,17,19,16,059,16,26,53,257,21,29,32,130,40,8*7A
$GBGSV,2,2,08,31,28,270,18,35,63,209,18,36,03,024,14,39,45,358,47,8*71
$GBGSV,1,1,01,24,15,222,,0*46
$GNGLL,3001.74221,S,05112.74941,W,163046.00,A,D*73
$GNRMC,163047.00,A,3001.74220,S,05112.74940,W,0.010,,090926,,,F,V*16
$GNVTG,,T,,M,0.010,N,0.018,K,D*30
$GNGGA,163047.00,3001.74220,S,05112.74940,W,5,12,0.98,48.9,M,4.8,M,2.0,0920*6A
$GNGSA,M,3,29,31,05,12,13,18,21,23,25,28,,,1.93,0.98,1.66,1*0D
$GNGSA,M,3,10,11,12,16,25,36,02,,,,,,1.93,0.98,1.66,3*01
$GNGSA,M,3,35,39,11,19,26,29,31,,,,,,1.93,0.98,1.66,4*0A
$GPGSV,2,1,08,05,42,106,47,12,34,043,51,13,28,037,43,23,10,354,26,1*62
$GPGSV,2,2,08,25,70,030,51,28,29,276,26,29,58,177,27,31,21,244,22,1*6C
$GPGSV,3,1,10,05,42,106,44,12,34,043,41,13,28,037,34,18,58,292,20,6*66
$GPGSV,3,2,10,21,17,133,23,23,10,354,26,25,70,030,46,28,29,276,23,6*62
$GPGSV,3,3,10,29,58,177,14,31,21,244,22,6*63
$GPGSV,2,1,07,13,28,037,34,18,58,292,20,21,17,133,21,23,10,354,39,8*62
$GPGSV,2,2,07,25,70,030,53,26,14,222,18,28,29,276,27,8*52
$GPGSV,1,1,01,15,02,047,,0*51
$GAGSV,2,1,08,02,22,223,19,10,48,143,37,11,78,153,27,12,24,141,23,1*75
$GAGSV,2,2,08,14,26,100,25,16,49,057,47,25,75,193,25,36,47,316,20,1*78
$GAGSV,1,1,03,10,48,143,33,14,26,100,32,16,49,057,50,5*45
$GAGSV,2,1,07,02,22,223,19,10,48,143,35,11,78,153,26,12,24,141,24,7*78
$GAGSV,2,2,07,14,26,100,23,16,49,057,46,25,75,193,29,7*4A
$GBGSV,2,1,07,12,17,086,20,20,13,105,21,26,53,257,15,29,32,130,37,3*74
$GBGSV,2,2,07,35,63,209,14,36,03,024,09,39,45,358,47,3*41
$GBGSV,2,1,08,11,12,121,14,12,17,086,17,19,16,059,21,20,13,105,11,5*74
$GBGSV,2,2,08,22,01,012,12,26,53,257,19,29,32,130,41,39,45,358,46,5*7B
$GBGSV,2,1,08,11,12,121,16,19,16,059,16,26,53,257,21,29,32,130,40,8*7B
$GBGSV,2,2,08,31,28,270,18,35,63,209,16,36,03,024,13,39,45,358,47,8*78
$GBGSV,1,1,01,24,15,222,,0*46
$GNGLL,3001.74220,S,05112.74940,W,163047.00,A,D*72
$GNRMC,163048.00,A,3001.74221,S,05112.74941,W,0.013,,090926,,,F,V*1A
$GNVTG,,T,,M,0.013,N,0.024,K,D*3C
$GNGGA,163048.00,3001.74221,S,05112.74941,W,5,12,0.98,48.9,M,4.8,M,2.0,0920*65
$GNGSA,M,3,29,31,05,12,13,18,21,23,25,28,,,1.93,0.98,1.66,1*0D
$GNGSA,M,3,10,11,12,16,25,36,02,,,,,,1.93,0.98,1.66,3*01
$GNGSA,M,3,35,39,11,19,26,29,,,,,,,1.93,0.98,1.66,4*08
$GPGSV,2,1,08,05,42,106,47,12,34,043,51,13,28,037,43,23,10,354,27,1*63
$GPGSV,2,2,08,25,70,030,51,28,29,276,25,29,58,177,27,31,21,244,23,1*6E
$GPGSV,3,1,10,05,42,106,44,12,34,043,41,13,28,037,34,18,58,292,20,6*66
$GPGSV,3,2,10,21,17,133,23,23,10,354,26,25,70,030,46,28,29,276,23,6*62
$GPGSV,3,3,10,29,58,177,14,31,21,244,23,6*62
$GPGSV,2,1,07,13,28,037,34,18,58,292,21,21,17,133,21,23,10,354,39,8*63
$GPGSV,2,2,07,25,70,030,53,26,14,222,18,28,29,276,28,8*5D
$GPGSV,1,1,01,15,02,047,,0*51
$GAGSV,2,1,08,02,22,223,20,10,48,143,37,11,78,153,27,12,24,141,23,1*7F
$GAGSV,2,2,08,14,26,100,25,16,49,057,47,25,75,193,25,36,47,316,20,1*78
$GAGSV,1,1,03,10,48,143,33,14,26,100,31,16,49,057,50,5*46
$GAGSV,2,1,07,02,22,223,19,10,48,143,35,11,78,153,26,12,24,141,24,7*78
$GAGSV,2,2,07,14,26,100,23,16,49,057,46,25,75,193,29,7*4A
$GBGSV,2,1,07,12,17,086,20,20,13,105,21,26,53,257,15,29,32,130,37,3*74
$GBGSV,2,2,07,35,63,209,13,36,03,024,07,39,45,358,47,3*48
$GBGSV,2,1,08,11,12,121,13,12,17,086,17,19,16,059,21,20,13,105,10,5*72
$GBGSV,2,2,08,22,01,012,11,26,53,257,20,29,32,130,41,39,45,358,46,5*72
$GBGSV,2,1,08,11,12,121,17,19,16,059,17,26,53,257,21,29,32,130,40,8*7B
$GBGSV,2,2,08,31,28,270,18,35,63,209,16,36,03,024,13,39,45,358,47,8*78
$GBGSV,1,1,01,24,15,222,,0*46
$GNGLL,3001.74221,S,05112.74941,W,163048.00,A,D*7D
$GNRMC,163049.00,A,3001.74221,S,05112.74941,W,0.006,,090926,,,F,V*1F
$GNVTG,,T,,M,0.006,N,0.011,K,D*3E
$GNGGA,163049.00,3001.74221,S,05112.74941,W,5,12,1.10,48.9,M,4.8,M,2.0,0920*65
$GNGSA,M,3,29,31,05,12,13,18,21,23,25,28,,,2.06,1.10,1.74,1*00
$GNGSA,M,3,10,11,12,16,25,36,02,,,,,,2.06,1.10,1.74,3*0C
$GNGSA,M,3,35,39,11,19,26,29,,,,,,,2.06,1.10,1.74,4*05
$GPGSV,2,1,08,05,42,106,47,12,34,043,51,13,28,037,43,23,10,354,27,1*63
$GPGSV,2,2,08,25,70,030,51,28,29,276,25,29,58,177,27,31,21,244,23,1*6E
$GPGSV,3,1,10,05,42,106,44,12,34,043,41,13,28,037,34,18,58,292,20,6*66
$GPGSV,3,2,10,21,17,133,24,23,10,354,26,25,70,030,46,28,29,276,23,6*65
$GPGSV,3,3,10,29,58,177,15,31,21,244,22,6*62
$GPGSV,2,1,07,13,28,037,34,18,58,292,21,21,17,133,21,23,10,354,39,8*63
$GPGSV,2,2,07,25,70,030,53,26,14,222,18,28,29,276,28,8*5D
$GPGSV,1,1,01,15,02,047,,0*51
$GAGSV,2,1,08,02,22,223,20,10,48,143,37,11,78,153,27,12,24,141,23,1*7F
$GAGSV,2,2,08,14,26,100,25,16,49,057,47,25,75,193,24,36,47,316,20,1*79
$GAGSV,1,1,03,10,48,143,33,14,26,100,31,16,49,057,50,5*46
$GAGSV,2,1,07,02,22,223,19,10,48,143,35,11,78,153,26,12,24,141,24,7*78
$GAGSV,2,2,07,14,26,100,24,16,49,057,46,25,75,193,30,7*45
$GBGSV,2,1,07,12,17,086,20,20,13,105,21,26,53,257,13,29,32,130,37,3*72
$GBGSV,2,2,07,35,63,209,13,36,03,024,10,39,45,358,47,3*4E
$GBGSV,2,1,07,11,12,121,13,12,17,086,17,19,16,059,21,20,13,105,10,5*7D
$GBGSV,2,2,07,26,53,257,19,29,32,130,41,39,45,358,46,5*45
$GBGSV,2,1,08,11,12,121,17,19,16,059,17,26,53,257,21,29,32,130,40,8*7B
$GBGSV,2,2,08,31,28,270,19,35,63,209,17,36,03,024,11,39,45,358,47,8*7A
$GBGSV,1,1,02,22,01,012,,24,15,222,,0*77
$GNGLL,3001.74221,S,05112.74941,W,163049.00,A,D*7C
$GNRMC,163050.00,A,3001.74220,S,05112.74941,W,0.026,,090926,,,F,V*14
$GNVTG,,T,,M,0.026,N,0.048,K,D*30
$GNGGA,163050.00,3001.74220,S,05112.74941,W,5,12,1.11,48.9,M,4.8,M,2.0,0920*6D
$GNGSA,M,3,29,31,05,12,13,18,21,23,25,28,,,2.08,1.11,1.76,1*0D
$GNGSA,M,3,10,11,12,16,25,36,02,,,,,,2.08,1.11,1.76,3*01
$GNGSA,M,3,35,39,11,19,26,29,31,,,,,,2.08,1.11,1.76,4*0A
$GPGSV,2,1,08,05,42,106,47,12,34,043,51,13,28,037,43,23,11,354,27,1*62
$GPGSV,2,2,08,25,70,030,51,28,29,276,25,29,58,177,27,31,21,244,23,1*6E
$GPGSV,3,1,10,05,42,106,44,12,34,043,41,13,28,037,34,18,58,292,20,6*66
$GPGSV,3,2,10,21,17,133,24,23,11,354,25,25,70,030,46,28,29,276,23,6*67
$GPGSV,3,3,10,29,58,177,13,31,21,244,23,6*65
$GPGSV,2,1,07,13,28,037,34,18,58,292,21,21,17,133,20,23,11,354,39,8*63
$GPGSV,2,2,07,25,70,030,53,26,14,222,18,28,29,276,27,8*52
$GPGSV,1,1,01,15,02,047,,0*51
$GAGSV,2,1,08,02,22,223,20,10,48,143,37,11,78,153,27,12,24,141,22,1*7E
$GAGSV,2,2,08,14,26,100,24,16,49,057,47,25,75,193,24,36,47,316,20,1*78
$GAGSV,1,1,03,10,48,143,33,14,26,100,31,16,49,057,50,5*46
$GAGSV,2,1,07,02,22,223,19,10,48,143,35,11,78,153,27,12,24,141,24,7*79
$GAGSV,2,2,07,14,26,100,25,16,49,057,46,25,75,193,30,7*44
$GBGSV,2,1,07,12,17,086,19,20,13,105,20,26,53,257,09,29,32,130,37,3*72
$GBGSV,2,2,07,35,63,209,12,36,03,024,08,39,45,358,47,3*46
$GBGSV,2,1,06,11,12,121,10,12,17,086,18,19,16,059,22,26,53,257,19,5*7C
$GBGSV,2,2,06,29,32,130,41,39,45,358,46,5*7E
$GBGSV,2,1,08,11,12,121,17,19,16,059,17,26,53,257,21,29,32,130,40,8*7B
$GBGSV,2,2,08,31,28,270,19,35,63,209,19,36,03,024,12,39,45,358,47,8*77
$GBGSV,1,1,02,22,01,012,,24,15,222,,0*77
$GNGLL,3001.74220,S,05112.74941,W,163050.00,A,D*75
$GNRMC,163051.00,A,3001.74220,S,05112.74940,W,0.036,,090926,,,F,V*15
$GNVTG,,T,,M,0.036,N,0.068,K,D*33
$GNGGA,163051.00,3001.74220,S,05112.74940,W,5,12,1.11,48.9,M,4.8,M,2.0,0920*6D
$GNGSA,M,3,29,31,05,12,13,18,21,23,25,28,,,2.08,1.11,1.76,1*0D
$GNGSA,M,3,10,11,12,16,25,02,,,,,,,2.08,1.11,1.76,3*04
$GNGSA,M,3,35,39,11,19,26,29,31,,,,,,2.08,1.11,1.76,4*0A
$GPGSV,2,1,08,05,42,106,47,12,34,043,51,13,28,037,43,23,11,354,27,1*62
$GPGSV,2,2,08,25,70,030,51,28,29,276,25,29,58,177,27,31,21,244,24,1*69
$GPGSV,3,1,10,05,42,106,44,12,34,043,41,13,28,037,34,18,58,292,20,6*66
$GPGSV,3,2,10,21,17,133,24,23,11,354,26,25,70,030,46,28,29,276,23,6*64
$GPGSV,3,3,10,29,58,177,14,31,21,244,23,6*62
$GPGSV,2,1,07,13,28,037,33,18,58,292,21,21,17,133,20,23,11,354,39,8*64
$GPGSV,2,2,07,25,70,030,53,26,14,222,18,28,29,276,28,8*5D
$GPGSV,1,1,01,15,02,047,,0*51
$GAGSV,2,1,08,02,22,223,20,10,48,143,37,11,78,153,27,12,24,141,23,1*7F
$GAGSV,2,2,08,14,26,100,24,16,49,057,47,25,75,193,24,36,47,316,20,1*78
$GAGSV,1,1,03,10,48,143,33,14,26,100,31,16,49,057,50,5*46
$GAGSV,2,1,07,02,22,223,19,10,48,143,35,11,78,153,27,12,24,141,24,7*79
$GAGSV,2,2,07,14,26,100,25,16,49,057,46,25,75,193,29,7*4C
$GBGSV,2,1,07,12,17,086,19,20,13,105,20,26,53,257,09,29,32,130,37,3*72
$GBGSV,2,2,07,35,63,209,11,36,03,024,10,39,45,358,47,3*4C
$GBGSV,2,1,06,11,12,121,08,12,17,086,18,19,16,059,21,26,53,257,18,5*77
$GBGSV,2,2,06,29,32,130,41,39,45,358,46,5*7E
$GBGSV,2,1,08,11,12,121,16,19,16,059,17,26,53,257,21,29,32,130,40,8*7A
$GBGSV,2,2,08,31,28,270,20,35,63,209,19,36,03,024,13,39,45,358,47,8*7C
$GBGSV,1,1,02,22,01,012,,24,15,222,,0*77
$GNGLL,3001.74220,S,05112.74940,W,163051.00,A,D*75
