$GNRMC,163735.00,A,3001.74242,S,05112.75006,W,0.014,,090926,,,F,V*1E
$GNVTG,,T,,M,0.014,N,0.027,K,D*38
$GNGGA,163735.00,3001.74242,S,05112.75006,W,5,12,0.79,49.8,M,4.8,M,2.0,0920*69
$GNGSA,M,3,23,25,29,05,12,13,,,,,,,1.38,0.79,1.13,1*03
$GNGSA,M,3,80,82,79,,,,,,,,,,1.38,0.79,1.13,2*05
$GNGSA,M,3,10,11,12,16,25,36,02,,,,,,1.38,0.79,1.13,3*0D
$GNGSA,M,3,26,29,31,35,39,,,,,,,,1.38,0.79,1.13,4*0E
$GPGSV,2,1,08,05,42,109,47,12,32,042,45,13,25,036,42,23,13,354,37,1*61
$GPGSV,2,2,08,25,67,027,53,28,28,280,27,29,58,172,27,31,21,247,16,1*66
$GPGSV,3,1,11,05,42,109,44,12,32,042,33,13,25,036,35,18,60,288,23,6*64
$GPGSV,3,2,11,21,16,135,13,23,13,354,37,25,67,027,47,26,16,223,21,6*65
$GPGSV,3,3,11,28,28,280,25,29,58,172,17,31,21,247,23,6*5B
$GPGSV,2,1,06,13,25,036,35,21,16,135,19,23,13,354,42,25,67,027,54,8*60
$GPGSV,2,2,06,26,16,223,16,28,28,280,28,8*6C
$GPGSV,1,1,01,15,03,048,,0*5F
$GLGSV,2,1,07,67,10,092,12,74,03,207,09,79,12,019,30,80,64,354,44,1*76
$GLGSV,2,2,07,82,34,155,23,83,55,235,20,84,17,289,07,1*41
$GLGSV,2,1,06,73,49,224,21,79,12,019,26,80,64,354,42,82,34,155,17,3*74
$GLGSV,2,2,06,83,55,235,16,84,17,289,07,3*7A
$GLGSV,1,1,02,66,03,143,,68,01,046,,0*73
$GAGSV,2,1,08,02,24,222,21,10,46,143,38,11,76,155,21,12,22,141,18,1*78
$GAGSV,2,2,08,14,25,098,33,16,47,054,46,25,78,191,22,36,50,313,25,1*7E
$GAGSV,1,1,01,16,47,054,51,5*41
$GAGSV,2,1,07,02,24,222,16,10,46,143,35,11,76,155,24,12,22,141,27,7*71
$GAGSV,2,2,07,14,25,098,29,16,47,054,47,25,78,191,32,7*4A
$GAGSV,1,1,01,34,00,318,,0*48
$GBGSV,1,1,04,26,54,262,21,29,30,128,42,35,63,203,21,39,42,359,48,3*7B
$GBGSV,3,1,09,11,10,119,16,12,18,088,14,19,18,061,16,22,03,013,20,5*7B
$GBGSV,3,2,09,24,17,223,20,26,54,262,16,29,30,128,45,35,63,203,16,5*78
$GBGSV,3,3,09,39,42,359,47,5*4B
$GBGSV,3,1,10,11,10,119,16,12,18,088,19,19,18,061,18,20,14,108,22,8*70
$GBGSV,3,2,10,24,17,223,21,26,54,262,10,29,30,128,42,31,29,268,22,8*7D
$GBGSV,3,3,10,35,63,203,18,39,42,359,47,8*75
$GBGSV,1,1,01,36,00,024,,0*45
$GNGLL,3001.74242,S,05112.75006,W,163735.00,A,D*7E
$GNRMC,163736.00,A,3001.74242,S,05112.75005,W,0.006,,090926,,,F,V*1D
$GNVTG,,T,,M,0.006,N,0.012,K,D*3D
$GNGGA,163736.00,3001.74242,S,05112.75005,W,5,12,0.75,49.8,M,4.8,M,2.0,0920*65
$GNGSA,M,3,23,25,29,05,12,13,,,,,,,1.36,0.75,1.13,1*01
$GNGSA,M,3,80,82,79,83,,,,,,,,,1.36,0.75,1.13,2*0C
$GNGSA,M,3,10,11,12,16,25,36,02,,,,,,1.36,0.75,1.13,3*0F
$GNGSA,M,3,26,29,31,35,39,,,,,,,,1.36,0.75,1.13,4*0C
$GPGSV,2,1,08,05,42,109,47,12,32,042,45,13,25,036,42,23,13,354,37,1*61
$GPGSV,2,2,08,25,67,027,53,28,28,280,28,29,58,172,27,31,21,247,17,1*68
$GPGSV,3,1,11,05,42,109,44,12,32,042,33,13,25,036,35,18,60,288,23,6*64
$GPGSV,3,2,11,21,16,135,15,23,13,354,37,25,67,027,47,26,16,223,21,6*63
$GPGSV,3,3,11,28,28,280,25,29,58,172,17,31,21,247,23,6*5B
$GPGSV,2,1,06,13,25,036,35,21,16,135,18,23,13,354,42,25,67,027,54,8*61
$GPGSV,2,2,06,26,16,223,16,28,28,280,28,8*6C
$GPGSV,1,1,01,15,03,048,,0*5F
$GLGSV,2,1,07,67,10,092,14,74,03,207,09,79,12,019,30,80,64,354,44,1*70
$GLGSV,2,2,07,82,34,155,24,83,55,235,19,84,17,289,09,1*42
$GLGSV,2,1,06,73,49,224,21,79,12,019,26,80,64,354,42,82,34,155,18,3*7B
$GLGSV,2,2,06,83,55,235,16,84,17,289,06,3*7B
$GLGSV,1,1,02,66,03,143,,68,01,046,,0*73
$GAGSV,2,1,08,02,24,222,21,10,46,143,38,11,76,155,21,12,22,141,18,1*78
$GAGSV,2,2,08,14,25,098,32,16,47,054,46,25,78,191,22,36,50,313,25,1*7F
$GAGSV,1,1,01,16,47,054,51,5*41
$GAGSV,2,1,07,02,24,222,16,10,46,143,35,11,76,155,24,12,22,141,27,7*71
$GAGSV,2,2,07,14,25,098,30,16,47,054,47,25,78,191,32,7*42
$GAGSV,1,1,01,34,00,318,,0*48
$GBGSV,1,1,04,26,54,262,21,29,30,128,42,35,63,203,21,39,42,359,48,3*7B
$GBGSV,3,1,09,11,10,119,15,12,18,088,14,19,18,061,17,22,03,013,19,5*73
$GBGSV,3,2,09,24,17,223,20,26,54,262,16,29,30,128,45,35,63,203,17,5*79
$GBGSV,3,3,09,39,42,359,47,5*4B
$GBGSV,3,1,10,11,10,119,16,12,18,088,18,19,18,061,18,20,14,108,22,8*71
$GBGSV,3,2,10,24,17,223,23,26,54,262,11,29,30,128,42,31,29,268,21,8*7D
$GBGSV,3,3,10,35,63,203,18,39,42,359,47,8*75
$GBGSV,1,1,01,36,00,024,,0*45
$GNGLL,3001.74242,S,05112.75005,W,163736.00,A,D*7E
$GNRMC,163737.00,A,3001.74242,S,05112.75004,W,0.029,,090926,,,F,V*10
$GNVTG,,T,,M,0.029,N,0.054,K,D*32
$GNGGA,163737.00,3001.74242,S,05112.75004,W,5,12,0.79,49.8,M,4.8,M,2.0,0920*69
$GNGSA,M,3,23,25,29,05,12,13,,,,,,,1.38,0.79,1.13,1*03
$GNGSA,M,3,80,82,79,,,,,,,,,,1.38,0.79,1.13,2*05
$GNGSA,M,3,10,11,12,16,25,36,02,,,,,,1.38,0.79,1.13,3*0D
$GNGSA,M,3,19,26,29,31,35,39,,,,,,,1.38,0.79,1.13,4*06
$GPGSV,2,1,08,05,42,109,47,12,32,042,45,13,25,036,41,23,13,354,37,1*62
$GPGSV,2,2,08,25,67,027,53,28,28,280,28,29,58,172,28,31,21,247,19,1*69
$GPGSV,3,1,11,05,42,109,44,12,32,042,34,13,25,036,35,18,60,288,23,6*63
$GPGSV,3,2,11,21,16,135,15,23,13,354,36,25,67,027,47,26,16,223,21,6*62
$GPGSV,3,3,11,28,28,280,25,29,58,172,18,31,21,247,23,6*54
$GPGSV,2,1,06,13,25,036,35,21,16,135,18,23,13,354,42,25,67,027,54,8*61
$GPGSV,2,2,06,26,16,223,17,28,28,280,28,8*6D
$GPGSV,1,1,01,15,03,048,,0*5F
$GLGSV,2,1,07,67,10,092,13,74,03,207,09,79,12,019,30,80,64,354,44,1*77
$GLGSV,2,2,07,82,34,155,24,83,55,235,20,84,17,289,11,1*41
$GLGSV,2,1,06,73,49,224,21,79,12,019,26,80,64,354,42,82,34,155,18,3*7B
$GLGSV,2,2,06,83,55,235,15,84,17,289,08,3*76
$GLGSV,1,1,02,66,03,143,,68,01,046,,0*73
$GAGSV,2,1,08,02,24,222,21,10,46,143,38,11,76,155,21,12,22,141,18,1*78
$GAGSV,2,2,08,14,25,098,32,16,47,054,46,25,78,191,23,36,50,313,25,1*7E
$GAGSV,1,1,01,16,47,054,51,5*41
$GAGSV,2,1,07,02,24,222,16,10,46,143,35,11,76,155,24,12,22,141,27,7*71
$GAGSV,2,2,07,14,25,098,30,16,47,054,47,25,78,191,32,7*42
$GAGSV,1,1,01,34,00,318,,0*48
$GBGSV,1,1,04,26,54,262,21,29,30,128,42,35,63,203,21,39,42,359,47,3*74
$GBGSV,3,1,09,11,10,119,14,12,18,088,14,19,18,061,17,22,03,013,19,5*72
$GBGSV,3,2,09,24,17,223,21,26,54,262,15,29,30,128,45,35,63,203,17,5*7B
$GBGSV,3,3,09,39,42,359,47,5*4B
$GBGSV,3,1,10,11,10,119,16,12,18,088,16,19,18,061,17,20,14,108,22,8*70
$GBGSV,3,2,10,24,17,223,23,26,54,262,11,29,30,128,42,31,29,268,21,8*7D
$GBGSV,3,3,10,35,63,203,18,39,42,359,47,8*75
$GBGSV,1,1,01,36,00,024,,0*45
$GNGLL,3001.74242,S,05112.75004,W,163737.00,A,D*7E
$GNRMC,163738.00,A,3001.74242,S,05112.75002,W,0.007,,090926,,,F,V*15
$GNVTG,,T,,M,0.007,N,0.013,K,D*3D
$GNGGA,163738.00,3001.74242,S,05112.75002,W,5,12,0.79,49.9,M,4.8,M,2.0,0920*61
$GNGSA,M,3,23,25,29,05,12,13,,,,,,,1.38,0.79,1.13,1*03
$GNGSA,M,3,80,82,79,,,,,,,,,,1.38,0.79,1.13,2*05
$GNGSA,M,3,10,11,12,16,25,36,02,,,,,,1.38,0.79,1.13,3*0D
$GNGSA,M,3,19,26,29,35,39,,,,,,,,1.38,0.79,1.13,4*04
$GPGSV,2,1,08,05,42,109,47,12,32,042,45,13,25,036,42,23,13,354,37,1*61
$GPGSV,2,2,08,25,67,027,53,28,28,280,27,29,58,172,28,31,21,247,20,1*6C
$GPGSV,3,1,11,05,42,109,44,12,32,042,33,13,25,036,35,18,60,288,23,6*64
$GPGSV,3,2,11,21,16,135,14,23,13,354,36,25,67,027,47,26,16,223,21,6*63
$GPGSV,3,3,11,28,28,280,25,29,58,172,18,31,21,247,23,6*54
$GPGSV,2,1,06,13,25,036,35,21,16,135,18,23,13,354,42,25,67,027,54,8*61
$GPGSV,2,2,06,26,16,223,17,28,28,280,28,8*6D
$GPGSV,1,1,01,15,03,048,,0*5F
$GLGSV,2,1,07,67,10,092,14,74,03,207,09,79,12,019,30,80,64,354,44,1*70
$GLGSV,2,2,07,82,34,155,23,83,55,235,19,84,17,289,11,1*4C
$GLGSV,2,1,05,73,49,224,21,79,12,019,26,80,64,354,42,82,34,155,18,3*78
$GLGSV,2,2,05,83,55,235,15,3*44
$GLGSV,1,1,02,66,03,143,,68,01,046,,0*73
$GAGSV,2,1,08,02,24,222,21,10,46,143,38,11,76,155,21,12,22,141,18,1*78
$GAGSV,2,2,08,14,25,098,32,16,47,054,46,25,78,191,23,36,50,313,25,1*7E
$GAGSV,1,1,01,16,47,054,51,5*41
$GAGSV,2,1,07,02,24,222,15,10,46,143,35,11,76,155,25,12,22,141,26,7*72
$GAGSV,2,2,07,14,25,098,29,16,47,054,47,25,78,191,32,7*4A
$GAGSV,1,1,01,34,00,318,,0*48
$GBGSV,1,1,04,26,54,262,21,29,30,128,42,35,63,203,21,39,42,359,48,3*7B
$GBGSV,3,1,09,11,10,119,14,12,18,088,14,19,18,061,17,22,03,013,19,5*72
$GBGSV,3,2,09,24,17,223,21,26,54,262,16,29,30,128,44,35,63,203,17,5*79
$GBGSV,3,3,09,39,42,359,47,5*4B
$GBGSV,3,1,10,11,10,119,15,12,18,088,15,19,18,061,17,20,14,108,22,8*70
$GBGSV,3,2,10,24,17,223,23,26,54,262,13,29,30,128,42,31,29,268,20,8*7E
$GBGSV,3,3,10,35,63,203,19,39,42,359,47,8*74
$GBGSV,1,1,01,36,00,024,,0*45
$GNGLL,3001.74242,S,05112.75002,W,163738.00,A,D*77
$GNRMC,163739.00,A,3001.74241,S,05112.75000,W,0.012,,090926,,,F,V*11
$GNVTG,,T,,M,0.012,N,0.023,K,D*3A
$GNGGA,163739.00,3001.74241,S,05112.75000,W,5,12,0.63,49.9,M,4.8,M,2.0,0920*6A
$GNGSA,M,3,18,23,25,28,29,31,05,12,13,,,,1.19,0.63,1.01,1*09
$GNGSA,M,3,80,82,79,83,,,,,,,,,1.19,0.63,1.01,2*05
$GNGSA,M,3,10,11,12,16,25,36,02,,,,,,1.19,0.63,1.01,3*06
$GNGSA,M,3,19,26,29,35,39,12,11,,,,,,1.19,0.63,1.01,4*0C
$GPGSV,2,1,08,05,42,109,47,12,32,042,45,13,25,036,42,23,13,354,37,1*61
$GPGSV,2,2,08,25,67,027,53,28,28,280,27,29,58,172,27,31,21,247,20,1*63
$GPGSV,3,1,11,05,42,109,44,12,32,042,34,13,25,036,35,18,60,288,23,6*63
$GPGSV,3,2,11,21,16,135,13,23,13,354,36,25,67,027,47,26,16,223,21,6*64
$GPGSV,3,3,11,28,28,280,24,29,58,172,18,31,21,247,23,6*55
$GPGSV,2,1,06,13,25,036,35,21,16,135,18,23,13,354,42,25,67,027,54,8*61
$GPGSV,2,2,06,26,16,223,17,28,28,280,28,8*6D
$GPGSV,1,1,01,15,03,048,,0*5F
$GLGSV,2,1,07,67,10,092,15,74,03,207,09,79,12,019,30,80,64,354,44,1*71
$GLGSV,2,2,07,82,34,155,23,83,55,235,19,84,17,289,11,1*4C
$GLGSV,2,1,05,73,49,224,21,79,12,019,26,80,64,354,42,82,34,155,19,3*79
$GLGSV,2,2,05,83,55,235,15,3*44
$GLGSV,1,1,02,66,03,143,,68,01,046,,0*73
$GAGSV,2,1,08,02,24,222,21,10,46,143,38,11,76,155,21,12,22,141,18,1*78
$GAGSV,2,2,08,14,25,098,32,16,47,054,46,25,78,191,23,36,50,313,25,1*7E
$GAGSV,1,1,01,16,47,054,51,5*41
$GAGSV,2,1,07,02,24,222,14,10,46,143,35,11,76,155,24,12,22,141,27,7*73
$GAGSV,2,2,07,14,25,098,30,16,47,054,47,25,78,191,32,7*42
$GAGSV,1,1,01,34,00,318,,0*48
$GBGSV,1,1,04,26,54,262,21,29,30,128,42,35,63,203,20,39,42,359,48,3*7A
$GBGSV,3,1,09,11,10,119,14,12,18,088,15,19,18,061,18,22,03,013,19,5*7C
$GBGSV,3,2,09,24,17,223,21,26,54,262,17,29,30,128,45,35,63,203,17,5*79
$GBGSV,3,3,09,39,42,359,47,5*4B
$GBGSV,3,1,10,11,10,119,16,12,18,088,15,19,18,061,17,20,14,108,22,8*73
$GBGSV,3,2,10,24,17,223,24,26,54,262,14,29,30,128,42,31,29,268,21,8*7F
$GBGSV,3,3,10,35,63,203,19,39,42,359,47,8*74
$GBGSV,1,1,01,36,00,024,,0*45
$GNGLL,3001.74241,S,05112.75000,W,163739.00,A,D*77
$GNRMC,163740.00,A,3001.74241,S,05112.74998,W,0.010,,090926,,,F,V*14
$GNVTG,,T,,M,0.010,N,0.018,K,D*30
$GNGGA,163740.00,3001.74241,S,05112.74998,W,5,12,0.64,50.0,M,4.8,M,2.0,0920*6B
$GNGSA,M,3,18,23,25,28,29,31,05,12,13,,,,1.20,0.64,1.02,1*07
$GNGSA,M,3,80,82,79,83,,,,,,,,,1.20,0.64,1.02,2*0B
$GNGSA,M,3,10,11,12,16,25,36,02,,,,,,1.20,0.64,1.02,3*08
$GNGSA,M,3,19,26,29,31,35,39,12,,,,,,1.20,0.64,1.02,4*00
$GPGSV,2,1,08,05,42,109,47,12,32,042,45,13,25,036,41,23,13,354,37,1*62
$GPGSV,2,2,08,25,67,027,53,28,28,280,27,29,58,172,27,31,21,247,21,1*62
$GPGSV,3,1,11,05,42,109,44,12,32,042,34,13,25,036,35,18,60,288,23,6*63
$GPGSV,3,2,11,21,16,135,14,23,13,354,36,25,67,027,47,26,16,223,21,6*63
$GPGSV,3,3,11,28,28,280,23,29,58,172,17,31,21,247,23,6*5D
$GPGSV,2,1,06,13,25,036,35,21,16,135,18,23,13,354,42,25,67,027,54,8*61
$GPGSV,2,2,06,26,16,223,17,28,28,280,28,8*6D
$GPGSV,1,1,01,15,03,048,,0*5F
$GLGSV,2,1,07,67,10,092,14,74,03,207,09,79,12,019,29,80,64,354,44,1*78
$GLGSV,2,2,07,82,34,155,23,83,55,235,18,84,17,289,10,1*4C
$GLGSV,2,1,05,73,49,224,20,79,12,019,26,80,64,354,42,82,34,155,19,3*78
$GLGSV,2,2,05,83,55,235,13,3*42
$GLGSV,1,1,02,66,03,143,,68,01,046,,0*73
$GAGSV,2,1,08,02,24,222,21,10,46,143,38,11,76,155,21,12,22,141,18,1*78
$GAGSV,2,2,08,14,25,098,32,16,47,054,46,25,78,191,23,36,50,313,25,1*7E
$GAGSV,1,1,01,16,47,054,51,5*41
$GAGSV,2,1,07,02,24,222,12,10,46,143,35,11,76,155,24,12,22,141,27,7*75
$GAGSV,2,2,07,14,25,098,30,16,47,054,47,25,78,191,32,7*42
$GAGSV,1,1,01,34,00,318,,0*48
$GBGSV,1,1,04,26,54,262,21,29,30,128,42,35,63,203,21,39,42,359,48,3*7B
$GBGSV,3,1,09,11,10,119,15,12,18,088,15,19,18,061,18,22,03,013,19,5*7D
$GBGSV,3,2,09,24,17,223,21,26,54,262,17,29,30,128,45,35,63,203,17,5*79
$GBGSV,3,3,09,39,42,359,47,5*4B
$GBGSV,3,1,10,11,10,119,16,12,18,088,16,19,18,061,16,20,14,108,22,8*71
$GBGSV,3,2,10,24,17,223,26,26,54,262,13,29,30,128,42,31,29,268,21,8*7A
$GBGSV,3,3,10,35,63,203,18,39,42,359,47,8*75
$GBGSV,1,1,01,36,00,024,,0*45
$GNGLL,3001.74241,S,05112.74998,W,163740.00,A,D*70
$GNRMC,163741.00,A,3001.74240,S,05112.74997,W,0.013,,090926,,,F,V*18
$GNVTG,,T,,M,0.013,N,0.024,K,D*3C
$GNGGA,163741.00,3001.74240,S,05112.74997,W,5,12,0.59,50.0,M,4.8,M,2.0,0920*6A
$GNGSA,M,3,18,23,25,28,29,31,05,12,13,,,,1.10,0.59,0.93,1*03
$GNGSA,M,3,80,82,79,84,83,,,,,,,,1.10,0.59,0.93,2*03
$GNGSA,M,3,10,11,12,16,25,36,02,,,,,,1.10,0.59,0.93,3*0C
$GNGSA,M,3,19,26,29,31,35,39,12,,,,,,1.10,0.59,0.93,4*04
$GPGSV,2,1,08,05,42,109,47,12,32,042,45,13,25,036,41,23,13,354,37,1*62
$GPGSV,2,2,08,25,67,027,53,28,28,280,27,29,58,172,27,31,21,247,21,1*62
$GPGSV,3,1,11,05,42,109,44,12,32,042,34,13,25,036,35,18,60,288,23,6*63
$GPGSV,3,2,11,21,16,135,14,23,13,354,36,25,67,027,47,26,16,223,21,6*63
$GPGSV,3,3,11,28,28,280,24,29,58,172,17,31,21,247,23,6*5A
$GPGSV,2,1,06,13,25,036,35,21,16,135,17,23,13,354,42,25,67,027,54,8*6E
$GPGSV,2,2,06,26,16,223,17,28,28,280,28,8*6D
$GPGSV,1,1,01,15,03,048,,0*5F
$GLGSV,2,1,07,67,10,092,14,74,03,207,08,79,12,019,30,80,64,354,44,1*71
$GLGSV,2,2,07,82,34,155,23,83,55,235,18,84,17,289,16,1*4A
$GLGSV,2,1,05,73,49,224,20,79,12,019,27,80,64,354,42,82,34,155,19,3*79
$GLGSV,2,2,05,83,55,235,11,3*40
$GLGSV,1,1,02,66,03,143,,68,01,046,,0*73
$GAGSV,2,1,08,02,24,222,21,10,46,143,38,11,76,155,21,12,22,141,18,1*78
$GAGSV,2,2,08,14,25,098,31,16,47,054,46,25,78,191,23,36,50,313,25,1*7D
$GAGSV,1,1,01,16,47,054,51,5*41
$GAGSV,2,1,06,10,46,143,35,11,76,155,24,12,22,141,27,14,25,098,30,7*71
$GAGSV,2,2,06,16,47,054,47,25,78,191,32,7*73
$GAGSV,1,1,01,34,00,318,,0*48
$GBGSV,1,1,04,26,54,262,21,29,30,128,42,35,63,203,20,39,42,359,48,3*7A
$GBGSV,3,1,09,11,10,119,14,12,18,088,15,19,18,061,17,22,03,013,19,5*73
$GBGSV,3,2,09,24,17,223,21,26,54,262,17,29,30,128,45,35,63,203,17,5*79
$GBGSV,3,3,09,39,42,359,47,5*4B
$GBGSV,3,1,10,11,10,119,16,12,18,088,15,19,18,061,15,20,14,108,21,8*72
$GBGSV,3,2,10,24,17,223,26,26,54,262,13,29,30,128,42,31,29,268,22,8*79
$GBGSV,3,3,10,35,63,203,18,39,42,359,47,8*75
$GBGSV,1,1,01,36,00,024,,0*45
$GNGLL,3001.74240,S,05112.74997,W,163741.00,A,D*7F
$GNRMC,163742.00,A,3001.74240,S,05112.74996,W,0.026,,090926,,,F,V*1C
$GNVTG,,T,,M,0.026,N,0.049,K,D*31
$GNGGA,163742.00,3001.74240,S,05112.74996,W,5,12,0.64,50.0,M,4.8,M,2.0,0920*66
$GNGSA,M,3,18,23,25,28,29,31,05,12,13,,,,1.20,0.64,1.02,1*07
$GNGSA,M,3,80,82,79,83,,,,,,,,,1.20,0.64,1.02,2*0B
$GNGSA,M,3,10,11,12,16,25,36,02,,,,,,1.20,0.64,1.02,3*08
$GNGSA,M,3,19,26,29,31,35,39,12,,,,,,1.20,0.64,1.02,4*00
$GPGSV,2,1,08,05,42,109,47,12,32,042,45,13,25,036,42,23,13,354,37,1*61
$GPGSV,2,2,08,25,67,027,53,28,28,280,26,29,58,172,27,31,21,247,22,1*60
$GPGSV,3,1,11,05,42,109,44,12,32,042,33,13,25,036,35,18,60,288,22,6*65
$GPGSV,3,2,11,21,16,135,13,23,13,354,36,25,67,027,47,26,16,223,21,6*64
$GPGSV,3,3,11,28,28,280,24,29,58,172,17,31,21,247,23,6*5A
$GPGSV,2,1,06,13,25,036,35,21,16,135,18,23,13,354,42,25,67,027,54,8*61
$GPGSV,2,2,06,26,16,223,16,28,28,280,28,8*6C
$GPGSV,1,1,01,15,03,048,,0*5F
$GLGSV,2,1,07,67,10,092,15,74,03,207,09,79,12,019,30,80,64,354,44,1*71
$GLGSV,2,2,07,82,34,155,24,83,55,235,17,84,17,289,12,1*46
$GLGSV,2,1,05,73,49,224,20,79,12,019,27,80,64,354,42,82,34,155,19,3*79
$GLGSV,2,2,05,83,55,235,12,3*43
$GLGSV,1,1,02,66,03,143,,68,01,046,,0*73
$GAGSV,2,1,08,02,24,222,21,10,46,143,38,11,76,155,21,12,22,141,18,1*78
$GAGSV,2,2,08,14,25,098,31,16,47,054,46,25,78,191,23,36,50,313,25,1*7D
$GAGSV,1,1,01,16,47,054,51,5*41
$GAGSV,2,1,06,10,46,143,35,11,76,155,24,12,22,141,27,14,25,098,30,7*71
$GAGSV,2,2,06,16,47,054,47,25,78,191,32,7*73
$GAGSV,1,1,01,34,00,318,,0*48
$GBGSV,1,1,04,26,54,262,21,29,30,128,42,35,63,203,21,39,42,359,48,3*7B
$GBGSV,3,1,09,11,10,119,14,12,18,088,13,19,18,061,17,22,03,013,19,5*75
$GBGSV,3,2,09,24,17,223,21,26,54,262,16,29,30,128,45,35,63,203,18,5*77
$GBGSV,3,3,09,39,42,359,47,5*4B
$GBGSV,3,1,10,11,10,119,16,12,18,088,16,19,18,061,14,20,14,108,21,8*70
$GBGSV,3,2,10,24,17,223,26,26,54,262,14,29,30,128,42,31,29,268,23,8*7F
$GBGSV,3,3,10,35,63,203,18,39,42,359,47,8*75
$GBGSV,1,1,01,36,00,024,,0*45
$GNGLL,3001.74240,S,05112.74996,W,163742.00,A,D*7D
$GNRMC,163743.00,A,3001.74240,S,05112.74995,W,0.033,,090926,,,F,V*1A
$GNVTG,,T,,M,0.033,N,0.061,K,D*3F
$GNGGA,163743.00,3001.74240,S,05112.74995,W,5,12,0.62,50.1,M,4.8,M,2.0,0920*63
$GNGSA,M,3,18,23,25,28,29,31,05,12,13,,,,1.19,0.62,1.01,1*08
$GNGSA,M,3,80,82,79,83,,,,,,,,,1.19,0.62,1.01,2*04
$GNGSA,M,3,10,11,12,16,25,36,02,,,,,,1.19,0.62,1.01,3*07
$GNGSA,M,3,19,26,29,31,35,39,12,,,,,,1.19,0.62,1.01,4*0F
$GPGSV,2,1,08,05,42,109,47,12,32,042,45,13,25,036,42,23,13,354,37,1*61
$GPGSV,2,2,08,25,67,027,53,28,28,280,27,29,58,172,27,31,21,247,22,1*61
$GPGSV,3,1,11,05,42,109,44,12,32,042,34,13,25,036,35,18,60,288,22,6*62
$GPGSV,3,2,11,21,16,135,13,23,13,354,36,25,67,027,47,26,16,223,21,6*64
$GPGSV,3,3,11,28,28,280,23,29,58,172,19,31,21,247,22,6*52
$GPGSV,2,1,06,13,25,036,35,21,16,135,17,23,13,354,42,25,67,027,54,8*6E
$GPGSV,2,2,06,26,16,223,16,28,28,280,28,8*6C
$GPGSV,1,1,01,15,03,048,,0*5F
$GLGSV,2,1,07,67,10,092,14,74,03,207,08,79,12,019,30,80,64,354,44,1*71
$GLGSV,2,2,07,82,34,155,24,83,55,235,17,84,17,289,11,1*45
$GLGSV,2,1,05,73,49,224,21,79,12,019,27,80,64,354,42,82,34,155,20,3*72
$GLGSV,2,2,05,83,55,235,15,3*44
$GLGSV,1,1,02,66,03,143,,68,01,046,,0*73
$GAGSV,2,1,08,02,24,222,21,10,46,143,38,11,76,155,21,12,22,141,18,1*78
$GAGSV,2,2,08,14,25,098,31,16,47,054,46,25,78,191,24,36,50,313,25,1*7A
$GAGSV,1,1,01,16,47,054,51,5*41
$GAGSV,2,1,06,10,46,143,35,11,76,155,24,12,22,141,26,14,25,098,30,7*70
$GAGSV,2,2,06,16,47,054,47,25,78,191,32,7*73
$GAGSV,1,1,01,34,00,318,,0*48
$GBGSV,1,1,04,26,54,262,21,29,30,128,42,35,63,203,21,39,42,359,48,3*7B
$GBGSV,3,1,09,11,10,119,13,12,18,088,12,19,18,061,18,22,03,013,19,5*7C
$GBGSV,3,2,09,24,17,223,20,26,54,262,15,29,30,128,45,35,63,203,17,5*7A
$GBGSV,3,3,09,39,42,359,47,5*4B
$GBGSV,3,1,10,11,10,119,16,12,18,088,15,19,18,061,13,20,14,108,21,8*74
$GBGSV,3,2,10,24,17,223,26,26,54,262,15,29,30,128,42,31,29,268,23,8*7E
$GBGSV,3,3,10,35,63,203,18,39,42,359,47,8*75
$GBGSV,1,1,01,36,00,024,,0*45
$GNGLL,3001.74240,S,05112.74995,W,163743.00,A,D*7F
$GNRMC,163744.00,A,3001.74240,S,05112.74994,W,0.009,,090926,,,F,V*15
$GNVTG,,T,,M,0.009,N,0.017,K,D*37
$GNGGA,163744.00,3001.74240,S,05112.74994,W,5,12,0.68,50.1,M,4.8,M,2.0,0920*6F
$GNGSA,M,3,18,23,25,28,29,31,05,12,13,,,,1.28,0.68,1.08,1*09
$GNGSA,M,3,80,82,79,84,83,,,,,,,,1.28,0.68,1.08,2*09
$GNGSA,M,3,10,11,12,16,25,36,02,,,,,,1.28,0.68,1.08,3*06
$GNGSA,M,3,19,26,29,35,39,12,,,,,,,1.28,0.68,1.08,4*0C
$GPGSV,2,1,08,05,42,109,47,12,32,042,45,13,25,036,42,23,13,354,37,1*61
$GPGSV,2,2,08,25,67,027,53,28,28,280,26,29,58,172,27,31,21,247,23,1*61
$GPGSV,3,1,11,05,42,109,44,12,32,042,34,13,25,036,35,18,60,288,22,6*62
$GPGSV,3,2,11,21,16,135,13,23,13,354,36,25,67,027,47,26,16,223,21,6*64
$GPGSV,3,3,11,28,28,280,23,29,58,172,19,31,21,247,22,6*52
$GPGSV,2,1,06,13,25,036,35,21,16,135,17,23,13,354,42,25,67,027,54,8*6E
$GPGSV,2,2,06,26,16,223,16,28,28,280,28,8*6C
$GPGSV,1,1,01,15,03,048,,0*5F
$GLGSV,2,1,07,67,10,092,14,74,03,207,08,79,12,019,29,80,64,354,44,1*79
$GLGSV,2,2,07,82,34,155,24,83,55,235,17,84,17,289,15,1*41
$GLGSV,2,1,05,73,49,224,20,79,12,019,27,80,64,354,42,82,34,155,20,3*73
$GLGSV,2,2,05,83,55,235,17,3*46
$GLGSV,1,1,02,66,03,143,,68,01,046,,0*73
$GAGSV,2,1,08,02,24,222,21,10,46,143,38,11,76,155,22,12,22,141,19,1*7A
$GAGSV,2,2,08,14,25,098,31,16,47,054,46,25,78,191,23,36,50,313,25,1*7D
$GAGSV,1,1,01,16,47,054,51,5*41
$GAGSV,2,1,06,10,46,143,35,11,76,155,25,12,22,141,26,14,25,098,30,7*71
$GAGSV,2,2,06,16,47,054,47,25,78,191,32,7*73
$GAGSV,1,1,01,34,00,318,,0*48
$GBGSV,1,1,04,26,54,262,21,29,30,128,42,35,63,203,20,39,42,359,47,3*75
$GBGSV,3,1,09,11,10,119,14,12,18,088,14,19,18,061,18,22,03,013,18,5*7C
$GBGSV,3,2,09,24,17,223,20,26,54,262,15,29,30,128,45,35,63,203,17,5*7A
$GBGSV,3,3,09,39,42,359,47,5*4B
$GBGSV,3,1,10,11,10,119,16,12,18,088,16,19,18,061,11,20,14,108,21,8*75
$GBGSV,3,2,10,24,17,223,25,26,54,262,15,29,30,128,42,31,29,268,22,8*7C
$GBGSV,3,3,10,35,63,203,18,39,42,359,46,8*74
$GBGSV,1,1,01,36,00,024,,0*45
$GNGLL,3001.74240,S,05112.74994,W,163744.00,A,D*79
$GNRMC,163745.00,A,3001.74240,S,05112.74993,W,0.019,,090926,,,F,V*12
$GNVTG,,T,,M,0.019,N,0.035,K,D*36
$GNGGA,163745.00,3001.74240,S,05112.74993,W,5,12,0.68,50.1,M,4.8,M,2.0,0920*69
$GNGSA,M,3,18,23,25,28,29,31,05,12,13,,,,1.30,0.68,1.10,1*09
$GNGSA,M,3,80,82,79,83,,,,,,,,,1.30,0.68,1.10,2*05
$GNGSA,M,3,10,11,12,16,25,36,02,,,,,,1.30,0.68,1.10,3*06
$GNGSA,M,3,19,26,29,31,35,39,12,,,,,,1.30,0.68,1.10,4*0E
$GPGSV,2,1,07,05,42,109,47,12,32,042,45,13,25,036,42,23,13,354,37,1*6E
$GPGSV,2,2,07,25,67,027,53,29,58,172,27,31,21,247,23,1*50
$GPGSV,3,1,11,05,42,109,44,12,32,042,34,13,25,036,35,18,60,288,22,6*62
$GPGSV,3,2,11,21,16,135,14,23,13,354,36,25,67,027,47,26,16,223,22,6*60
$GPGSV,3,3,11,28,28,280,23,29,58,172,19,31,21,247,21,6*51
$GPGSV,2,1,06,13,25,036,35,21,16,135,17,23,13,354,42,25,67,027,54,8*6E
$GPGSV,2,2,06,26,16,223,16,28,28,280,28,8*6C
$GPGSV,1,1,01,15,03,048,,0*5F
$GLGSV,2,1,07,67,10,092,14,74,03,207,08,79,12,019,29,80,64,354,44,1*79
$GLGSV,2,2,07,82,34,155,25,83,55,235,17,84,17,289,08,1*4C
$GLGSV,2,1,05,73,49,224,19,79,12,019,27,80,64,354,42,82,34,155,21,3*78
$GLGSV,2,2,05,83,55,235,18,3*49
$GLGSV,1,1,02,66,03,143,,68,01,046,,0*73
$GAGSV,2,1,08,02,24,222,21,10,46,143,38,11,76,155,22,12,22,141,18,1*7B
$GAGSV,2,2,08,14,25,098,31,16,47,054,46,25,78,191,23,36,50,313,25,1*7D
$GAGSV,1,1,01,16,47,054,51,5*41
$GAGSV,2,1,06,10,46,143,35,11,76,155,25,12,22,141,26,14,25,098,30,7*71
$GAGSV,2,2,06,16,47,054,47,25,78,191,32,7*73
$GAGSV,1,1,01,34,00,318,,0*48
$GBGSV,1,1,04,26,54,262,21,29,30,128,42,35,63,203,20,39,42,359,47,3*75
$GBGSV,3,1,09,11,10,119,12,12,18,088,14,19,18,061,18,22,03,013,18,5*7A
$GBGSV,3,2,09,24,17,223,20,26,54,262,16,29,30,128,45,35,63,203,17,5*79
$GBGSV,3,3,09,39,42,359,47,5*4B
$GBGSV,3,1,10,11,10,119,17,12,18,088,17,19,18,061,10,20,14,108,21,8*74
$GBGSV,3,2,10,24,17,223,25,26,54,262,15,29,30,128,42,31,29,268,22,8*7C
$GBGSV,3,3,10,35,63,203,18,39,42,359,46,8*74
$GBGSV,1,1,01,36,00,024,,0*45
$GNGLL,3001.74240,S,05112.74993,W,163745.00,A,D*7F
$GNRMC,163746.00,A,3001.74239,S,05112.74992,W,0.008,,090926,,,F,V*1E
$GNVTG,,T,,M,0.008,N,0.015,K,D*34
$GNGGA,163746.00,3001.74239,S,05112.74992,W,5,12,0.68,50.1,M,4.8,M,2.0,0920*65
$GNGSA,M,3,18,23,25,28,29,31,05,12,13,,,,1.30,0.68,1.10,1*09
$GNGSA,M,3,80,82,79,83,,,,,,,,,1.30,0.68,1.10,2*05
$GNGSA,M,3,10,11,12,16,25,36,02,,,,,,1.30,0.68,1.10,3*06
$GNGSA,M,3,19,26,29,31,35,39,12,,,,,,1.30,0.68,1.10,4*0E
$GPGSV,2,1,07,05,42,110,47,12,32,042,45,13,25,036,42,23,13,354,36,1*67
$GPGSV,2,2,07,25,67,027,53,29,58,172,26,31,21,247,23,1*51
$GPGSV,3,1,11,05,42,110,44,12,32,042,34,13,25,036,35,18,60,288,22,6*6A
$GPGSV,3,2,11,21,16,135,14,23,13,354,36,25,67,027,47,26,16,223,22,6*60
$GPGSV,3,3,11,28,28,280,23,29,58,172,19,31,21,247,22,6*52
$GPGSV,2,1,06,13,25,036,35,21,16,135,17,23,13,354,42,25,67,027,54,8*6E
$GPGSV,2,2,06,26,16,223,16,28,28,280,28,8*6C
$GPGSV,1,1,01,15,03,048,,0*5F
$GLGSV,2,1,07,67,10,092,13,74,03,207,09,79,12,019,29,80,64,354,44,1*7F
$GLGSV,2,2,07,82,34,155,25,83,55,235,17,84,17,289,07,1*43
$GLGSV,2,1,05,73,49,224,18,79,12,019,27,80,64,354,42,82,34,155,22,3*7A
$GLGSV,2,2,05,83,55,235,18,3*49
$GLGSV,1,1,02,66,03,143,,68,01,046,,0*73
$GAGSV,2,1,08,02,24,222,21,10,46,143,38,11,76,155,22,12,22,141,19,1*7A
$GAGSV,2,2,08,14,25,098,31,16,47,054,46,25,78,191,23,36,50,313,25,1*7D
$GAGSV,1,1,01,16,47,054,51,5*41
$GAGSV,2,1,06,10,46,143,35,11,76,155,25,12,22,141,26,14,25,098,30,7*71
$GAGSV,2,2,06,16,47,054,47,25,78,191,32,7*73
$GAGSV,1,1,01,34,00,318,,0*48
$GBGSV,1,1,04,26,54,262,20,29,30,128,42,35,63,203,20,39,42,359,48,3*7B
$GBGSV,3,1,09,11,10,119,12,12,18,088,15,19,18,061,18,22,03,013,18,5*7B
$GBGSV,3,2,09,24,17,223,20,26,54,262,17,29,30,128,45,35,63,203,17,5*78
$GBGSV,3,3,09,39,42,359,47,5*4B
$GBGSV,3,1,10,11,10,119,17,12,18,088,17,19,18,061,11,20,14,108,20,8*74
$GBGSV,3,2,10,24,17,223,25,26,54,262,16,29,30,128,42,31,29,268,22,8*7F
$GBGSV,3,3,10,35,63,203,19,39,42,359,46,8*75
$GBGSV,1,1,01,36,00,024,,0*45
$GNGLL,3001.74239,S,05112.74992,W,163746.00,A,D*73
$GNRMC,163747.00,A,3001.74239,S,05112.74992,W,0.005,,090926,,,F,V*12
$GNVTG,,T,,M,0.005,N,0.010,K,D*3C
$GNGGA,163747.00,3001.74239,S,05112.74992,W,5,12,0.68,50.1,M,4.8,M,2.0,0920*64
$GNGSA,M,3,18,21,23,25,28,29,31,05,12,13,,,1.30,0.68,1.10,1*0A
$GNGSA,M,3,80,82,79,83,,,,,,,,,1.30,0.68,1.10,2*05
$GNGSA,M,3,10,11,12,16,25,36,02,,,,,,1.30,0.68,1.10,3*06
$GNGSA,M,3,26,29,31,35,39,12,,,,,,,1.30,0.68,1.10,4*06
$GPGSV,2,1,07,05,42,110,47,12,32,042,45,13,25,036,42,23,13,354,36,1*67
$GPGSV,2,2,07,25,67,027,53,29,58,172,26,31,21,247,24,1*56
$GPGSV,3,1,11,05,42,110,44,12,32,042,34,13,25,036,35,18,60,288,22,6*6A
$GPGSV,3,2,11,21,16,135,15,23,13,354,36,25,67,027,47,26,16,223,22,6*61
$GPGSV,3,3,11,28,28,280,23,29,58,172,19,31,21,247,22,6*52
$GPGSV,2,1,06,13,25,036,35,21,16,135,16,23,13,354,42,25,67,027,54,8*6F
$GPGSV,2,2,06,26,16,223,16,28,28,280,29,8*6D
$GPGSV,1,1,01,15,03,048,,0*5F
$GLGSV,2,1,07,67,10,092,13,73,49,224,16,79,12,019,29,80,64,354,44,1*79
$GLGSV,2,2,07,82,34,155,25,83,55,235,16,84,17,289,08,1*4D
$GLGSV,2,1,05,73,49,224,18,79,12,019,27,80,64,354,42,82,34,155,22,3*7A
$GLGSV,2,2,05,83,55,235,18,3*49
$GLGSV,1,1,03,66,03,143,,68,01,046,,74,03,207,,0*47
$GAGSV,2,1,08,02,24,222,20,10,46,143,38,11,76,155,22,12,22,141,18,1*7A
$GAGSV,2,2,08,14,25,098,30,16,47,054,46,25,78,191,24,36,50,313,25,1*7B
$GAGSV,1,1,01,16,47,054,51,5*41
$GAGSV,2,1,06,10,46,143,35,11,76,155,25,12,22,141,26,14,25,098,30,7*71
$GAGSV,2,2,06,16,47,054,47,25,78,191,32,7*73
$GAGSV,1,1,01,34,00,318,,0*48
$GBGSV,1,1,04,26,54,262,20,29,30,128,42,35,63,203,20,39,42,359,47,3*74
$GBGSV,3,1,09,11,10,119,13,12,18,088,15,19,18,061,17,22,03,013,18,5*75
$GBGSV,3,2,09,24,17,223,20,26,54,262,16,29,30,128,45,35,63,203,18,5*76
$GBGSV,3,3,09,39,42,359,47,5*4B
$GBGSV,3,1,10,11,10,119,16,12,18,088,18,19,18,061,10,20,14,108,20,8*7B
$GBGSV,3,2,10,24,17,223,24,26,54,262,16,29,30,128,42,31,29,268,23,8*7F
$GBGSV,3,3,10,35,63,203,19,39,42,359,46,8*75
$GBGSV,1,1,01,36,00,024,,0*45
$GNGLL,3001.74239,S,05112.74992,W,163747.00,A,D*72
$GNRMC,163748.00,A,3001.74239,S,05112.74991,W,0.004,,090926,,,F,V*1F
$GNVTG,,T,,M,0.004,N,0.007,K,D*3B
$GNGGA,163748.00,3001.74239,S,05112.74991,W,5,12,0.70,50.2,M,4.8,M,2.0,0920*62
$GNGSA,M,3,18,23,25,28,29,31,05,12,13,,,,1.31,0.70,1.10,1*01
$GNGSA,M,3,80,82,79,83,,,,,,,,,1.31,0.70,1.10,2*0D
$GNGSA,M,3,10,11,12,16,25,36,02,,,,,,1.31,0.70,1.10,3*0E
$GNGSA,M,3,19,26,29,31,35,39,12,,,,,,1.31,0.70,1.10,4*06
$GPGSV,2,1,07,05,42,110,47,12,32,042,45,13,25,036,42,23,13,354,36,1*67
$GPGSV,2,2,07,25,67,027,53,29,58,172,26,31,21,247,24,1*56
$GPGSV,3,1,11,05,42,110,44,12,32,042,34,13,25,036,35,18,60,288,22,6*6A
$GPGSV,3,2,11,21,16,135,14,23,13,354,36,25,67,027,47,26,16,223,22,6*60
$GPGSV,3,3,11,28,28,280,23,29,58,172,18,31,21,247,22,6*53
$GPGSV,2,1,06,13,25,036,35,21,16,135,15,23,13,354,42,25,67,027,54,8*6C
$GPGSV,2,2,06,26,16,223,15,28,28,280,28,8*6F
$GPGSV,1,1,01,15,03,048,,0*5F
$GLGSV,2,1,07,67,10,092,14,73,49,224,17,79,12,019,29,80,64,354,44,1*7F
$GLGSV,2,2,07,82,34,155,24,83,55,235,16,84,17,289,09,1*4D
$GLGSV,2,1,05,73,49,224,17,79,12,019,27,80,64,354,42,82,34,155,22,3*75
$GLGSV,2,2,05,83,55,235,19,3*48
$GLGSV,1,1,03,66,03,143,,68,01,046,,74,03,207,,0*47
$GAGSV,2,1,08,02,24,222,20,10,46,143,38,11,76,155,22,12,22,141,19,1*7B
$GAGSV,2,2,08,14,25,098,30,16,47,054,46,25,78,191,24,36,50,313,25,1*7B
$GAGSV,1,1,01,16,47,054,51,5*41
$GAGSV,2,1,06,10,46,143,35,11,76,155,25,12,22,141,26,14,25,098,30,7*71
$GAGSV,2,2,06,16,47,054,46,25,78,191,32,7*72
$GAGSV,1,1,01,34,00,318,,0*48
$GBGSV,1,1,04,26,54,262,20,29,30,128,42,35,63,203,21,39,42,359,47,3*75
$GBGSV,3,1,10,11,10,119,13,12,18,088,14,19,18,061,18,22,03,013,18,5*73
$GBGSV,3,2,10,24,17,223,19,26,54,262,16,29,30,128,45,31,29,268,15,5*7E
$GBGSV,3,3,10,35,63,203,17,39,42,359,47,5*77
$GBGSV,3,1,10,11,10,119,17,12,18,088,18,19,18,061,10,20,14,108,21,8*7B
$GBGSV,3,2,10,24,17,223,24,26,54,262,16,29,30,128,42,31,29,268,23,8*7F
$GBGSV,3,3,10,35,63,203,19,39,42,359,46,8*75
$GBGSV,1,1,01,36,00,024,,0*45
$GNGLL,3001.74239,S,05112.74991,W,163748.00,A,D*7E
$GNRMC,163749.00,A,3001.74239,S,05112.74989,W,0.012,,090926,,,F,V*10
$GNVTG,,T,,M,0.012,N,0.022,K,D*3B
$GNGGA,163749.00,3001.74239,S,05112.74989,W,5,12,0.87,50.2,M,4.8,M,2.0,0920*62
$GNGSA,M,3,18,23,25,28,29,31,05,12,13,,,,1.64,0.87,1.39,1*02
$GNGSA,M,3,80,82,79,83,,,,,,,,,1.64,0.87,1.39,2*0E
$GNGSA,M,3,10,11,12,16,25,36,02,,,,,,1.64,0.87,1.39,3*0D
$GNGSA,M,3,26,29,31,35,39,12,,,,,,,1.64,0.87,1.39,4*0D
$GPGSV,2,1,07,05,42,110,47,12,32,042,44,13,25,036,42,23,13,354,36,1*66
$GPGSV,2,2,07,25,67,027,53,29,58,172,26,31,21,247,25,1*57
$GPGSV,3,1,11,05,42,110,44,12,32,042,34,13,25,036,35,18,60,288,22,6*6A
$GPGSV,3,2,11,21,16,135,13,23,13,354,36,25,67,027,47,26,16,223,21,6*64
$GPGSV,3,3,11,28,28,280,23,29,58,172,19,31,21,247,22,6*52
$GPGSV,2,1,06,13,25,036,35,21,16,135,14,23,13,354,42,25,67,027,54,8*6D
$GPGSV,2,2,06,26,16,223,14,28,28,280,28,8*6E
$GPGSV,1,1,01,15,03,048,,0*5F
$GLGSV,2,1,07,67,10,092,14,73,49,224,16,79,12,019,29,80,64,354,44,1*7E
$GLGSV,2,2,07,82,34,155,25,83,55,235,15,84,17,289,08,1*4E
$GLGSV,2,1,05,73,49,224,17,79,12,019,27,80,64,354,42,82,34,155,23,3*74
$GLGSV,2,2,05,83,55,235,18,3*49
$GLGSV,1,1,03,66,03,143,,68,01,046,,74,03,207,,0*47
$GAGSV,2,1,08,02,24,222,21,10,46,143,38,11,76,155,22,12,22,141,19,1*7A
$GAGSV,2,2,08,14,25,098,30,16,47,054,46,25,78,191,24,36,50,313,25,1*7B
$GAGSV,1,1,01,16,47,054,51,5*41
$GAGSV,2,1,06,10,46,143,35,11,76,155,25,12,22,141,26,14,25,098,30,7*71
$GAGSV,2,2,06,16,47,054,46,25,78,191,32,7*72
$GAGSV,1,1,01,34,00,318,,0*48
$GBGSV,1,1,04,26,54,262,19,29,30,128,42,35,63,203,20,39,42,359,47,3*7E
$GBGSV,3,1,10,11,10,119,14,12,18,088,14,19,18,061,18,22,03,013,18,5*74
$GBGSV,3,2,10,24,17,223,19,26,54,262,17,29,30,128,45,31,29,268,14,5*7E
$GBGSV,3,3,10,35,63,203,18,39,42,359,47,5*78
$GBGSV,3,1,10,11,10,119,16,12,18,088,20,19,18,061,10,20,14,108,21,8*71
$GBGSV,3,2,10,24,17,223,25,26,54,262,16,29,30,128,42,31,29,268,23,8*7E
$GBGSV,3,3,10,35,63,203,19,39,42,359,46,8*75
$GBGSV,1,1,01,36,00,024,,0*45
$GNGLL,3001.74239,S,05112.74989,W,163749.00,A,D*76
$GNRMC,163750.00,A,3001.74238,S,05112.74988,W,0.034,,090926,,,F,V*1C
$GNVTG,,T,,M,0.034,N,0.062,K,D*3B
$GNGGA,163750.00,3001.74238,S,05112.74988,W,5,12,0.87,50.2,M,4.8,M,2.0,0920*6A
$GNGSA,M,3,18,23,25,28,29,31,05,12,13,,,,1.64,0.87,1.39,1*02
$GNGSA,M,3,80,82,79,83,,,,,,,,,1.64,0.87,1.39,2*0E
$GNGSA,M,3,10,11,12,16,25,36,02,,,,,,1.64,0.87,1.39,3*0D
$GNGSA,M,3,19,26,29,31,35,39,12,,,,,,1.64,0.87,1.39,4*05
$GPGSV,2,1,08,05,42,110,47,12,32,042,44,13,25,036,42,23,13,354,36,1*69
$GPGSV,2,2,08,25,67,027,53,29,58,172,26,31,21,247,25,31,21,247,25,1*6F
$GPGSV,3,1,11,05,42,110,44,12,32,042,34,13,25,036,35,18,60,288,22,6*6A
$GPGSV,3,2,11,21,16,135,13,23,13,354,36,25,67,027,47,26,16,223,21,6*64
$GPGSV,3,3,11,28,28,280,23,29,58,172,19,31,21,247,22,6*52
$GPGSV,2,1,06,13,25,036,35,21,16,135,16,23,13,354,42,25,67,027,54,8*6F
$GPGSV,2,2,06,26,16,223,15,28,28,280,28,8*6F
$GPGSV,1,1,01,15,03,048,,0*5F
$GLGSV,2,1,07,67,10,092,14,73,49,224,16,79,12,019,29,80,64,354,44,1*7E
$GLGSV,2,2,07,82,34,155,25,83,55,235,15,84,17,289,08,1*4E
$GLGSV,2,1,05,73,49,224,17,79,12,019,27,80,64,354,42,82,34,155,23,3*74
$GLGSV,2,2,05,83,55,235,19,3*48
$GLGSV,1,1,03,66,03,143,,68,01,046,,74,03,207,,0*47
$GAGSV,2,1,08,02,24,222,20,10,46,143,38,11,76,155,21,12,22,141,18,1*79
$GAGSV,2,2,08,14,25,098,30,16,47,054,46,25,78,191,24,36,50,313,25,1*7B
$GAGSV,1,1,01,16,47,054,51,5*41
$GAGSV,2,1,06,10,46,143,35,11,76,155,25,12,22,141,26,14,25,098,30,7*71
$GAGSV,2,2,06,16,47,054,46,25,78,191,32,7*72
$GAGSV,1,1,01,34,00,318,,0*48
$GBGSV,1,1,04,26,54,262,17,29,30,128,42,35,63,203,21,39,42,359,47,3*71
$GBGSV,3,1,11,11,10,119,13,12,18,088,14,19,18,061,18,22,03,013,18,5*72
$GBGSV,3,2,11,24,17,223,18,26,54,262,17,29,30,128,45,31,29,268,14,5*7E
$GBGSV,3,3,11,31,29,268,14,35,63,203,18,39,42,359,47,5*49
$GBGSV,3,1,10,11,10,119,16,12,18,088,20,19,18,061,10,20,14,108,21,8*71
$GBGSV,3,2,10,24,17,223,23,26,54,262,16,29,30,128,42,31,29,268,24,8*7F
$GBGSV,3,3,10,35,63,203,19,39,42,359,46,8*75
$GBGSV,1,1,01,36,00,024,,0*45
$GNGLL,3001.74238,S,05112.74988,W,163750.00,A,D*7E
$GNRMC,163751.00,A,3001.74238,S,05112.74987,W,0.046,,090926,,,F,V*17
$GNVTG,,T,,M,0.046,N,0.086,K,D*34
$GNGGA,163751.00,3001.74238,S,05112.74987,W,5,12,0.87,50.2,M,4.8,M,2.0,0920*64
$GNGSA,M,3,18,23,25,28,29,31,05,12,13,,,,1.64,0.87,1.39,1*02
$GNGSA,M,3,80,82,79,83,,,,,,,,,1.64,0.87,1.39,2*0E
$GNGSA,M,3,10,11,12,16,25,36,02,,,,,,1.64,0.87,1.39,3*0D
$GNGSA,M,3,19,26,29,31,35,39,12,,,,,,1.64,0.87,1.39,4*05
$GPGSV,2,1,07,05,42,110,47,12,32,042,44,13,25,036,42,23,13,354,36,1*66
$GPGSV,2,2,07,25,67,027,53,29,58,172,26,31,21,247,25,1*57
$GPGSV,3,1,11,05,42,110,44,12,32,042,34,13,25,036,35,18,60,288,22,6*6A
$GPGSV,3,2,11,21,16,135,14,23,13,354,36,25,67,027,47,26,16,223,20,6*62
$GPGSV,3,3,11,28,28,280,23,29,58,172,20,31,21,247,22,6*58
$GPGSV,2,1,06,13,25,036,35,21,16,135,16,23,13,354,42,25,67,027,54,8*6F
$GPGSV,2,2,06,26,16,223,15,28,28,280,28,8*6F
$GPGSV,1,1,01,15,03,048,,0*5F
$GLGSV,2,1,07,67,10,092,13,73,49,224,15,79,12,019,29,80,64,354,44,1*7A
$GLGSV,2,2,07,82,34,155,25,83,55,235,15,84,17,289,09,1*4F
$GLGSV,2,1,05,73,49,224,16,79,12,019,27,80,64,354,42,82,34,155,23,3*75
$GLGSV,2,2,05,83,55,235,19,3*48
$GLGSV,1,1,03,66,03,143,,68,01,046,,74,03,207,,0*47
$GAGSV,2,1,08,02,24,222,20,10,46,143,38,11,76,155,22,12,22,141,18,1*7A
$GAGSV,2,2,08,14,25,098,30,16,47,054,46,25,78,191,24,36,50,313,25,1*7B
$GAGSV,1,1,01,16,47,054,51,5*41
$GAGSV,2,1,06,10,46,143,35,11,76,155,25,12,22,141,26,14,25,098,31,7*70
$GAGSV,2,2,06,16,47,054,46,25,78,191,31,7*71
$GAGSV,1,1,01,34,00,318,,0*48
$GBGSV,1,1,04,26,54,262,15,29,30,128,42,35,63,203,21,39,42,359,47,3*73
$GBGSV,3,1,10,11,10,119,12,12,18,088,13,19,18,061,17,22,03,013,19,5*7B
$GBGSV,3,2,10,24,17,223,18,26,54,262,17,29,30,128,45,31,29,268,13,5*78
$GBGSV,3,3,10,35,63,203,18,39,42,359,47,5*78
$GBGSV,3,1,10,11,10,119,15,12,18,088,20,19,18,061,10,20,14,108,21,8*72
$GBGSV,3,2,10,24,17,223,22,26,54,262,16,29,30,128,42,31,29,268,24,8*7E
$GBGSV,3,3,10,35,63,203,19,39,42,359,46,8*75
$GBGSV,1,1,01,36,00,024,,0*45
$GNGLL,3001.74238,S,05112.74987,W,163751.00,A,D*70
$GNRMC,163752.00,A,3001.74238,S,05112.74986,W,0.003,,090926,,,F,V*14
$GNVTG,,T,,M,0.003,N,0.006,K,D*3D
$GNGGA,163752.00,3001.74238,S,05112.74986,W,5,12,0.98,50.3,M,4.8,M,2.0,0920*69
$GNGSA,M,3,18,21,23,25,28,29,31,05,12,13,,,1.75,0.98,1.45,1*04
$GNGSA,M,3,80,82,79,83,,,,,,,,,1.75,0.98,1.45,2*0B
$GNGSA,M,3,10,11,12,16,25,36,02,,,,,,1.75,0.98,1.45,3*08
$GNGSA,M,3,19,26,29,31,35,39,12,,,,,,1.75,0.98,1.45,4*00
$GPGSV,2,1,07,05,42,110,47,12,32,042,44,13,25,036,42,23,13,354,36,1*66
$GPGSV,2,2,07,25,67,027,53,29,58,172,26,31,21,247,25,1*57
$GPGSV,3,1,11,05,42,110,44,12,32,042,34,13,25,036,35,18,60,288,22,6*6A
$GPGSV,3,2,11,21,16,135,15,23,13,354,36,25,67,027,47,26,16,223,21,6*62
$GPGSV,3,3,11,28,28,280,23,29,58,172,19,31,21,247,22,6*52
$GPGSV,2,1,06,13,25,036,35,21,16,135,16,23,13,354,42,25,67,027,54,8*6F
$GPGSV,2,2,06,26,16,223,15,28,28,280,28,8*6F
$GPGSV,1,1,01,15,03,048,,0*5F
$GLGSV,2,1,07,67,10,092,13,73,49,224,15,79,12,019,29,80,64,354,44,1*7A
$GLGSV,2,2,07,82,34,155,25,83,55,235,16,84,17,289,11,1*45
$GLGSV,2,1,05,73,49,224,17,79,12,019,27,80,64,354,42,82,34,155,23,3*74
$GLGSV,2,2,05,83,55,235,20,3*42
$GLGSV,1,1,03,66,03,143,,68,01,046,,74,03,207,,0*47
$GAGSV,2,1,08,02,24,222,21,10,46,143,38,11,76,155,22,12,22,141,18,1*7B
$GAGSV,2,2,08,14,25,098,30,16,47,054,46,25,78,191,24,36,50,313,25,1*7B
$GAGSV,1,1,01,16,47,054,51,5*41
$GAGSV,2,1,06,10,46,143,35,11,76,155,24,12,22,141,26,14,25,098,30,7*70
$GAGSV,2,2,06,16,47,054,47,25,78,191,31,7*70
$GAGSV,1,1,01,34,00,318,,0*48
$GBGSV,1,1,04,26,54,262,15,29,30,128,42,35,63,203,21,39,42,359,47,3*73
$GBGSV,3,1,10,11,10,119,12,12,18,088,14,19,18,061,17,22,03,013,19,5*7C
$GBGSV,3,2,10,24,17,223,17,26,54,262,17,29,30,128,45,31,29,268,13,5*77
$GBGSV,3,3,10,35,63,203,17,39,42,359,47,5*77
$GBGSV,3,1,10,11,10,119,15,12,18,088,21,19,18,061,09,20,14,108,21,8*7B
$GBGSV,3,2,10,24,17,223,22,26,54,262,15,29,30,128,42,31,29,268,24,8*7D
$GBGSV,3,3,10,35,63,203,20,39,42,359,46,8*7F
$GBGSV,1,1,01,36,00,024,,0*45
$GNGLL,3001.74238,S,05112.74986,W,163752.00,A,D*72
$GNRMC,163753.00,A,3001.74238,S,05112.74986,W,0.016,,090926,,,F,V*11
$GNVTG,,T,,M,0.016,N,0.029,K,D*34
$GNGGA,163753.00,3001.74238,S,05112.74986,W,5,12,0.87,50.3,M,4.8,M,2.0,0920*66
$GNGSA,M,3,18,21,23,25,28,29,31,05,12,13,,,1.64,0.87,1.39,1*01
$GNGSA,M,3,80,82,79,83,,,,,,,,,1.64,0.87,1.39,2*0E
$GNGSA,M,3,10,11,12,16,25,36,02,,,,,,1.64,0.87,1.39,3*0D
$GNGSA,M,3,19,26,29,31,35,39,12,,,,,,1.64,0.87,1.39,4*05
$GPGSV,2,1,07,05,42,110,47,12,31,041,44,13,25,036,42,23,13,354,36,1*66
$GPGSV,2,2,07,25,67,027,53,29,58,172,26,31,21,247,25,1*57
$GPGSV,3,1,11,05,42,110,44,12,31,041,34,13,25,036,34,18,60,288,23,6*6A
$GPGSV,3,2,11,21,16,135,15,23,13,354,36,25,67,027,47,26,16,223,21,6*62
$GPGSV,3,3,11,28,28,280,22,29,58,172,19,31,21,247,22,6*53
$GPGSV,2,1,06,13,25,036,35,21,16,135,16,23,13,354,42,25,67,027,54,8*6F
$GPGSV,2,2,06,26,16,223,14,28,28,280,28,8*6E
$GPGSV,1,1,01,15,03,048,,0*5F
$GLGSV,2,1,07,67,10,092,13,73,49,224,14,79,12,019,29,80,64,354,44,1*7B
$GLGSV,2,2,07,82,34,155,26,83,55,235,15,84,17,289,09,1*4C
$GLGSV,2,1,05,73,49,224,17,79,12,019,27,80,64,354,42,82,34,155,23,3*74
$GLGSV,2,2,05,83,55,235,19,3*48
$GLGSV,1,1,03,66,03,143,,68,01,046,,74,03,207,,0*47
$GAGSV,2,1,08,02,24,222,21,10,46,143,38,11,76,155,22,12,22,141,18,1*7B
$GAGSV,2,2,08,14,25,098,30,16,47,054,46,25,78,191,24,36,50,313,25,1*7B
$GAGSV,1,1,01,16,47,054,51,5*41
$GAGSV,2,1,06,10,46,143,35,11,76,155,24,12,22,141,26,14,25,098,30,7*70
$GAGSV,2,2,06,16,47,054,46,25,78,191,31,7*71
$GAGSV,1,1,01,34,00,318,,0*48
$GBGSV,1,1,04,26,54,262,15,29,30,128,42,35,63,203,21,39,42,359,47,3*73
$GBGSV,3,1,10,11,10,119,12,12,18,088,15,19,18,061,17,22,03,013,19,5*7D
$GBGSV,3,2,10,24,17,223,17,26,54,262,17,29,30,128,45,31,29,268,13,5*77
$GBGSV,3,3,10,35,63,203,17,39,42,359,47,5*77
$GBGSV,3,1,10,11,10,119,16,12,18,088,22,19,18,061,20,20,14,108,21,8*70
$GBGSV,3,2,10,24,17,223,21,26,54,262,16,29,30,128,42,31,29,268,24,8*7D
$GBGSV,3,3,10,35,63,203,20,39,42,359,46,8*7F
$GBGSV,1,1,01,36,00,024,,0*45
$GNGLL,3001.74238,S,05112.74986,W,163753.00,A,D*73
$GNRMC,163754.00,A,3001.74237,S,05112.74984,W,0.031,,090926,,,F,V*1E
$GNVTG,,T,,M,0.031,N,0.058,K,D*37
$GNGGA,163754.00,3001.74237,S,05112.74984,W,5,12,0.87,50.3,M,4.8,M,2.0,0920*6C
$GNGSA,M,3,18,23,25,28,29,31,05,12,13,,,,1.64,0.87,1.39,1*02
$GNGSA,M,3,80,82,79,83,,,,,,,,,1.64,0.87,1.39,2*0E
$GNGSA,M,3,10,11,12,16,25,36,02,,,,,,1.64,0.87,1.39,3*0D
$GNGSA,M,3,19,26,29,31,35,39,12,,,,,,1.64,0.87,1.39,4*05
$GPGSV,2,1,07,05,42,110,47,12,31,041,44,13,25,035,42,23,13,354,36,1*65
$GPGSV,2,2,07,25,67,027,53,29,58,172,26,31,21,247,26,1*54
$GPGSV,3,1,11,05,42,110,44,12,31,041,34,13,25,035,34,18,60,288,22,6*68
$GPGSV,3,2,11,21,16,135,14,23,13,354,36,25,67,027,47,26,16,223,22,6*60
$GPGSV,3,3,11,28,28,280,22,29,58,172,20,31,21,247,22,6*59
$GPGSV,2,1,07,13,25,035,35,18,60,288,15,21,16,135,16,23,13,354,42,8*66
$GPGSV,2,2,07,25,67,027,54,26,16,223,15,28,28,280,28,8*5C
$GPGSV,1,1,01,15,03,048,,0*5F
$GLGSV,2,1,07,67,10,092,13,73,49,224,13,79,12,019,29,80,64,354,44,1*7C
$GLGSV,2,2,07,82,34,155,26,83,55,235,14,84,17,289,12,1*47
$GLGSV,2,1,05,73,49,224,18,79,12,019,27,80,64,354,42,82,34,155,23,3*7B
$GLGSV,2,2,05,83,55,235,19,3*48
$GLGSV,1,1,03,66,03,143,,68,01,046,,74,03,207,,0*47
$GAGSV,2,1,08,02,24,222,20,10,46,143,38,11,76,155,21,12,22,141,18,1*79
$GAGSV,2,2,08,14,25,098,30,16,47,054,46,25,78,191,24,36,50,313,25,1*7B
$GAGSV,1,1,01,16,47,054,51,5*41
$GAGSV,2,1,06,10,46,143,35,11,76,155,24,12,22,141,26,14,25,098,31,7*71
$GAGSV,2,2,06,16,47,054,46,25,78,191,31,7*71
$GAGSV,1,1,01,34,00,318,,0*48
$GBGSV,1,1,04,26,54,262,15,29,30,128,42,35,63,203,21,39,42,359,47,3*73
$GBGSV,3,1,10,11,10,119,12,12,18,088,15,19,18,061,16,22,03,013,19,5*7C
$GBGSV,3,2,10,24,17,223,17,26,54,262,17,29,30,128,45,31,29,268,13,5*77
$GBGSV,3,3,10,35,63,203,16,39,42,359,47,5*76
$GBGSV,3,1,10,11,10,119,16,12,18,088,22,19,18,061,19,20,14,108,21,8*7A
$GBGSV,3,2,10,24,17,223,20,26,54,262,16,29,30,128,42,31,29,268,23,8*7B
$GBGSV,3,3,10,35,63,203,20,39,42,359,46,8*7F
$GBGSV,1,1,01,36,00,024,,0*45
$GNGLL,3001.74237,S,05112.74984,W,163754.00,A,D*79
$GNRMC,163755.00,A,3001.74237,S,05112.74984,W,0.045,,090926,,,F,V*1C
$GNVTG,,T,,M,0.045,N,0.083,K,D*32
$GNGGA,163755.00,3001.74237,S,05112.74984,W,5,12,0.82,50.3,M,4.8,M,2.0,0920*68
$GNGSA,M,3,18,21,23,25,28,29,31,05,12,13,,,1.60,0.82,1.37,1*0E
$GNGSA,M,3,80,82,79,83,,,,,,,,,1.60,0.82,1.37,2*01
$GNGSA,M,3,10,11,12,16,25,36,02,,,,,,1.60,0.82,1.37,3*02
$GNGSA,M,3,26,29,31,35,39,12,,,,,,,1.60,0.82,1.37,4*02
$GPGSV,2,1,07,05,42,110,47,12,31,041,44,13,25,035,42,23,13,354,36,1*65
$GPGSV,2,2,07,25,67,027,53,29,58,172,26,31,21,247,25,1*57
$GPGSV,3,1,11,05,42,110,44,12,31,041,34,13,25,035,34,18,60,288,22,6*68
$GPGSV,3,2,11,21,16,135,15,23,13,354,36,25,67,027,47,26,16,223,22,6*61
$GPGSV,3,3,11,28,28,280,23,29,58,172,20,31,21,247,23,6*59
$GPGSV,2,1,07,13,25,035,35,18,60,288,16,21,16,135,17,23,13,354,42,8*64
$GPGSV,2,2,07,25,67,027,54,26,16,223,15,28,28,280,28,8*5C
$GPGSV,1,1,01,15,03,048,,0*5F
$GLGSV,2,1,07,67,10,092,13,73,49,224,14,79,12,019,30,80,64,354,44,1*73
$GLGSV,2,2,07,82,34,155,26,83,55,235,15,84,17,289,12,1*46
$GLGSV,2,1,05,73,49,224,18,79,12,019,27,80,64,354,42,82,34,155,23,3*7B
$GLGSV,2,2,05,83,55,235,19,3*48
$GLGSV,1,1,03,66,03,143,,68,01,046,,74,03,207,,0*47
$GAGSV,2,1,08,02,24,222,20,10,46,143,38,11,76,155,22,12,22,141,18,1*7A
$GAGSV,2,2,08,14,25,098,30,16,47,054,46,25,79,190,25,36,50,313,25,1*7A
$GAGSV,1,1,01,16,47,054,51,5*41
$GAGSV,2,1,06,10,46,143,35,11,76,155,24,12,22,141,26,14,25,098,30,7*70
$GAGSV,2,2,06,16,47,054,46,25,79,190,31,7*71
$GAGSV,1,1,01,34,00,318,,0*48
$GBGSV,1,1,04,26,54,262,16,29,30,128,42,35,63,203,22,39,42,359,47,3*73
$GBGSV,3,1,10,11,10,119,12,12,18,088,14,19,18,061,17,22,03,013,19,5*7C
$GBGSV,3,2,10,24,17,223,18,26,54,262,16,29,30,128,45,31,29,268,15,5*7F
$GBGSV,3,3,10,35,63,203,17,39,42,359,47,5*77
$GBGSV,3,1,10,11,10,119,16,12,18,088,21,19,18,061,19,20,14,108,22,8*7A
$GBGSV,3,2,10,24,17,223,19,26,54,262,16,29,30,128,42,31,29,268,23,8*71
$GBGSV,3,3,10,35,63,203,20,39,42,359,46,8*7F
$GBGSV,1,1,01,36,00,024,,0*45
$GNGLL,3001.74237,S,05112.74984,W,163755.00,A,D*78
$GNRMC,163756.00,A,3001.74237,S,05112.74983,W,0.018,,090926,,,F,V*10
$GNVTG,,T,,M,0.018,N,0.034,K,D*36
$GNGGA,163756.00,3001.74237,S,05112.74983,W,5,12,0.87,50.4,M,4.8,M,2.0,0920*6E
$GNGSA,M,3,18,21,23,25,28,29,31,05,12,13,,,1.64,0.87,1.39,1*01
$GNGSA,M,3,80,82,79,83,,,,,,,,,1.64,0.87,1.39,2*0E
$GNGSA,M,3,10,11,12,16,25,36,02,,,,,,1.64,0.87,1.39,3*0D
$GNGSA,M,3,26,29,31,35,39,12,,,,,,,1.64,0.87,1.39,4*0D
$GPGSV,2,1,07,05,42,110,47,12,31,041,44,13,25,035,42,23,13,354,36,1*65
$GPGSV,2,2,07,25,67,027,53,29,58,172,26,31,21,247,26,1*54
$GPGSV,3,1,11,05,42,110,44,12,31,041,34,13,25,035,34,18,60,288,22,6*68
$GPGSV,3,2,11,21,16,135,16,23,13,354,36,25,67,027,47,26,16,223,22,6*62
$GPGSV,3,3,11,28,28,280,22,29,58,172,21,31,21,247,23,6*59
$GPGSV,2,1,07,13,25,035,35,18,60,288,17,21,16,135,17,23,13,354,42,8*65
$GPGSV,2,2,07,25,67,027,54,26,16,223,15,28,28,280,28,8*5C
$GPGSV,1,1,01,15,03,049,,0*5E
$GLGSV,2,1,07,67,10,092,11,73,49,224,16,79,12,019,29,80,64,354,44,1*7B
$GLGSV,2,2,07,82,34,155,27,83,55,235,15,84,17,289,09,1*4D
$GLGSV,2,1,05,73,49,224,19,79,12,019,28,80,64,354,42,82,34,155,23,3*75
$GLGSV,2,2,05,83,55,235,19,3*48
$GLGSV,1,1,03,66,03,143,,68,01,046,,74,03,207,,0*47
$GAGSV,2,1,08,02,24,222,20,10,46,143,38,11,76,155,22,12,22,141,19,1*7B
$GAGSV,2,2,08,14,25,098,29,16,47,054,46,25,79,190,24,36,50,313,25,1*73
$GAGSV,1,1,01,16,47,054,51,5*41
$GAGSV,2,1,06,10,46,143,35,11,76,155,24,12,22,141,26,14,25,098,31,7*71
$GAGSV,2,2,06,16,47,054,46,25,79,190,31,7*71
$GAGSV,1,1,01,34,00,318,,0*48
$GBGSV,1,1,04,26,54,262,14,29,30,128,42,35,63,203,22,39,42,359,47,3*71
$GBGSV,3,1,10,11,10,119,11,12,18,088,14,19,18,061,17,22,03,013,18,5*7E
$GBGSV,3,2,10,24,17,223,18,26,54,262,15,29,30,128,45,31,29,268,15,5*7C
$GBGSV,3,3,10,35,63,203,18,39,42,359,47,5*78
$GBGSV,3,1,10,11,10,119,14,12,18,088,22,19,18,061,18,20,14,108,22,8*7A
$GBGSV,3,2,10,24,17,223,18,26,54,262,17,29,30,128,42,31,29,268,23,8*71
$GBGSV,3,3,10,35,63,203,20,39,42,359,46,8*7F
$GBGSV,1,1,01,36,00,024,,0*45
$GNGLL,3001.74237,S,05112.74983,W,163756.00,A,D*7C
$GNRMC,163757.00,A,3001.74237,S,05112.74982,W,0.055,,090926,,,F,V*19
$GNVTG,,T,,M,0.055,N,0.101,K,D*38
$GNGGA,163757.00,3001.74237,S,05112.74982,W,5,12,0.87,50.4,M,4.8,M,2.0,0920*6E
$GNGSA,M,3,18,21,23,25,28,29,31,05,12,13,,,1.64,0.87,1.39,1*01
$GNGSA,M,3,80,82,79,83,,,,,,,,,1.64,0.87,1.39,2*0E
$GNGSA,M,3,10,11,12,16,25,36,02,,,,,,1.64,0.87,1.39,3*0D
$GNGSA,M,3,19,26,29,31,35,39,12,,,,,,1.64,0.87,1.39,4*05
$GPGSV,2,1,07,05,42,110,47,12,31,041,44,13,25,035,42,23,13,354,36,1*65
$GPGSV,2,2,07,25,67,027,53,29,58,172,26,31,21,247,25,1*57
$GPGSV,3,1,11,05,42,110,44,12,31,041,34,13,25,035,35,18,60,288,22,6*69
$GPGSV,3,2,11,21,16,135,16,23,13,354,36,25,67,027,47,26,16,223,22,6*62
$GPGSV,3,3,11,28,28,280,22,29,58,172,21,31,21,247,24,6*5E
$GPGSV,2,1,07,13,25,035,35,18,60,288,18,21,16,135,16,23,13,354,42,8*6B
$GPGSV,2,2,07,25,67,027,54,26,16,223,14,28,28,280,28,8*5D
$GPGSV,1,1,01,15,03,049,,0*5E
$GLGSV,2,1,07,67,10,092,09,73,49,224,17,79,12,019,30,80,64,354,43,1*7C
$GLGSV,2,2,07,82,34,155,27,83,55,235,16,84,17,289,11,1*47
$GLGSV,2,1,05,73,49,224,20,79,12,019,28,80,64,354,42,82,34,155,23,3*7F
$GLGSV,2,2,05,83,55,235,19,3*48
$GLGSV,1,1,03,66,03,143,,68,01,046,,74,03,207,,0*47
$GAGSV,2,1,08,02,24,222,20,10,46,143,38,11,76,155,22,12,22,141,19,1*7B
$GAGSV,2,2,08,14,25,098,29,16,47,054,46,25,79,190,24,36,50,313,24,1*72
$GAGSV,1,1,01,16,47,054,51,5*41
$GAGSV,2,1,06,10,46,143,35,11,76,155,24,12,22,141,26,14,25,098,31,7*71
$GAGSV,2,2,06,16,47,054,46,25,79,190,31,7*71
$GAGSV,1,1,01,34,00,318,,0*48
$GBGSV,1,1,04,26,54,262,13,29,30,128,42,35,63,203,22,39,42,359,47,3*76
$GBGSV,3,1,10,11,10,119,09,12,18,088,12,19,18,061,17,22,03,013,19,5*70
$GBGSV,3,2,10,24,17,223,18,26,54,262,16,29,30,128,45,31,29,268,15,5*7F
$GBGSV,3,3,10,35,63,203,18,39,42,359,47,5*78
$GBGSV,3,1,10,11,10,119,15,12,18,088,23,19,18,061,18,20,14,108,22,8*7A
$GBGSV,3,2,10,24,17,223,16,26,54,262,18,29,30,128,42,31,29,268,23,8*70
$GBGSV,3,3,10,35,63,203,20,39,42,359,46,8*7F
$GBGSV,1,1,01,36,00,024,,0*45
$GNGLL,3001.74237,S,05112.74982,W,163757.00,A,D*7C
$GNRMC,163758.00,A,3001.74237,S,05112.74981,W,0.038,,090926,,,F,V*1E
$GNVTG,,T,,M,0.038,N,0.071,K,D*35
$GNGGA,163758.00,3001.74237,S,05112.74981,W,5,12,0.89,50.4,M,4.8,M,2.0,0920*6C
$GNGSA,M,3,18,21,23,25,28,29,31,05,12,13,,,1.71,0.89,1.46,1*03
$GNGSA,M,3,80,82,79,83,,,,,,,,,1.71,0.89,1.46,2*0C
$GNGSA,M,3,10,11,12,16,25,36,02,,,,,,1.71,0.89,1.46,3*0F
$GNGSA,M,3,19,26,29,31,35,39,12,,,,,,1.71,0.89,1.46,4*07
$GPGSV,2,1,07,05,42,110,47,12,31,041,44,13,25,035,42,23,13,354,36,1*65
$GPGSV,2,2,07,25,67,027,53,29,58,172,27,31,21,247,26,1*55
$GPGSV,3,1,11,05,42,110,44,12,31,041,33,13,25,035,34,18,60,288,22,6*6F
$GPGSV,3,2,11,21,16,135,16,23,13,354,36,25,67,027,47,26,16,223,22,6*62
$GPGSV,3,3,11,28,28,280,22,29,58,172,21,31,21,247,24,6*5E
$GPGSV,2,1,07,13,25,035,35,18,60,288,18,21,16,135,15,23,13,354,42,8*68
$GPGSV,2,2,07,25,67,027,54,26,16,223,13,28,28,280,27,8*55
$GPGSV,1,1,01,15,03,049,,0*5E
$GLGSV,2,1,07,67,10,092,10,73,49,224,20,79,12,019,30,80,64,354,43,1*70
$GLGSV,2,2,07,82,34,155,27,83,55,235,18,84,17,289,14,1*4C
$GLGSV,2,1,05,73,49,224,19,79,12,019,27,80,64,354,42,82,34,155,23,3*7A
$GLGSV,2,2,05,83,55,235,20,3*42
$GLGSV,1,1,03,66,03,143,,68,01,046,,74,03,207,,0*47
$GAGSV,2,1,08,02,24,222,20,10,46,143,38,11,76,155,22,12,22,141,19,1*7B
$GAGSV,2,2,08,14,25,098,29,16,47,054,46,25,79,190,24,36,50,313,24,1*72
$GAGSV,1,1,01,16,47,054,51,5*41
$GAGSV,2,1,06,10,46,143,35,11,76,155,24,12,22,141,26,14,25,098,31,7*71
$GAGSV,2,2,06,16,47,054,46,25,79,190,31,7*71
$GAGSV,1,1,01,34,00,318,,0*48
$GBGSV,1,1,04,26,54,262,14,29,30,128,42,35,63,203,22,39,42,359,47,3*71
$GBGSV,3,1,10,11,10,119,08,12,18,088,13,19,18,061,17,22,03,013,19,5*70
$GBGSV,3,2,10,24,17,223,18,26,54,262,15,29,30,128,45,31,29,268,15,5*7C
$GBGSV,3,3,10,35,63,203,18,39,42,359,47,5*78
$GBGSV,3,1,10,11,10,119,16,12,18,088,24,19,18,061,18,20,14,108,22,8*7E
$GBGSV,3,2,10,24,17,223,13,26,54,262,18,29,30,128,42,31,29,268,22,8*74
$GBGSV,3,3,10,35,63,203,20,39,42,359,46,8*7F
$GBGSV,1,1,01,36,00,024,,0*45
$GNGLL,3001.74237,S,05112.74981,W,163758.00,A,D*70
$GNRMC,163759.00,A,3001.74236,S,05112.74981,W,0.006,,090926,,,F,V*13
$GNVTG,,T,,M,0.006,N,0.011,K,D*3E
$GNGGA,163759.00,3001.74236,S,05112.74981,W,5,12,1.05,50.4,M,4.8,M,2.0,0920*69
$GNGSA,M,3,18,21,23,25,28,29,31,05,12,13,,,1.84,1.05,1.50,1*0B
$GNGSA,M,3,80,82,79,83,,,,,,,,,1.84,1.05,1.50,2*04
$GNGSA,M,3,10,11,12,16,25,36,02,,,,,,1.84,1.05,1.50,3*07
$GNGSA,M,3,26,29,35,39,12,,,,,,,,1.84,1.05,1.50,4*05
$GPGSV,2,1,07,05,42,110,47,12,31,041,44,13,25,035,42,23,13,354,36,1*65
$GPGSV,2,2,07,25,67,027,53,29,58,172,27,31,21,247,26,1*55
$GPGSV,3,1,11,05,42,110,44,12,31,041,34,13,25,035,34,18,61,286,22,6*67
$GPGSV,3,2,11,21,16,135,16,23,13,354,36,25,67,027,47,26,16,223,22,6*62
$GPGSV,3,3,11,28,28,280,22,29,58,172,21,31,21,247,25,6*5F
$GPGSV,2,1,07,13,25,035,35,18,61,286,18,21,16,135,14,23,13,354,42,8*66
$GPGSV,2,2,07,25,67,027,54,26,16,223,12,28,28,280,27,8*54
$GPGSV,1,1,01,15,03,049,,0*5E
$GLGSV,2,1,07,67,10,092,08,73,49,224,21,79,12,019,30,80,64,354,43,1*78
$GLGSV,2,2,07,82,34,155,27,83,55,235,18,84,17,289,11,1*49
$GLGSV,2,1,05,73,49,224,20,79,12,019,28,80,64,354,42,82,34,155,23,3*7F
$GLGSV,2,2,05,83,55,235,21,3*43
$GLGSV,1,1,03,66,03,143,,68,01,046,,74,03,207,,0*47
$GAGSV,2,1,08,02,24,222,20,10,46,143,38,11,76,155,22,12,22,141,19,1*7B
$GAGSV,2,2,08,14,25,098,29,16,47,054,46,25,79,190,25,36,50,313,23,1*74
$GAGSV,1,1,01,16,47,054,51,5*41
$GAGSV,2,1,06,10,46,143,35,11,76,155,23,12,22,141,26,14,25,098,31,7*76
$GAGSV,2,2,06,16,47,054,46,25,79,190,31,7*71
$GAGSV,1,1,01,34,00,318,,0*48
$GBGSV,1,1,04,26,54,262,13,29,30,128,41,35,63,203,21,39,42,359,47,3*76
$GBGSV,3,1,10,11,10,119,08,12,18,088,14,19,18,061,17,22,03,013,19,5*77
$GBGSV,3,2,10,24,17,223,17,26,54,262,15,29,30,128,45,31,29,268,15,5*73
$GBGSV,3,3,10,35,63,203,18,39,42,359,47,5*78
$GBGSV,3,1,09,11,10,119,17,12,18,088,23,19,18,061,18,20,14,108,23,8*71
$GBGSV,3,2,09,26,54,262,19,29,30,128,42,31,29,268,22,35,63,203,20,8*7C
$GBGSV,3,3,09,39,42,359,46,8*47
$GBGSV,1,1,01,36,00,024,,0*45
$GNGLL,3001.74236,S,05112.74981,W,163759.00,A,D*70
$GNRMC,163800.00,A,3001.74236,S,05112.74981,W,0.009,,090926,,,F,V*1F
$GNVTG,,T,,M,0.009,N,0.016,K,D*36
$GNGGA,163800.00,3001.74236,S,05112.74981,W,5,12,0.73,50.4,M,4.8,M,2.0,0920*6A
$GNGSA,M,3,18,21,23,25,28,29,31,05,12,13,,,1.27,0.73,1.05,1*02
$GNGSA,M,3,80,82,79,84,83,,,,,,,,1.27,0.73,1.05,2*01
$GNGSA,M,3,10,11,12,16,25,36,02,,,,,,1.27,0.73,1.05,3*0E
$GNGSA,M,3,26,29,35,39,12,,,,,,,,1.27,0.73,1.05,4*0C
$GPGSV,2,1,07,05,42,110,47,12,31,041,44,13,25,035,42,23,13,354,36,1*65
$GPGSV,2,2,07,25,67,027,53,29,58,172,27,31,21,247,25,1*56
$GPGSV,3,1,11,05,42,110,44,12,31,041,34,13,25,035,34,18,61,286,23,6*66
$GPGSV,3,2,11,21,16,135,16,23,13,354,36,25,67,027,47,26,16,223,22,6*62
$GPGSV,3,3,11,28,28,280,21,29,58,172,21,31,21,247,24,6*5D
$GPGSV,2,1,07,13,25,035,35,18,61,286,19,21,16,135,15,23,13,354,42,8*66
$GPGSV,2,2,07,25,67,027,54,26,16,223,12,28,28,280,28,8*5B
$GPGSV,1,1,01,15,03,049,,0*5E
$GLGSV,2,1,07,67,10,092,10,73,49,224,23,79,12,019,30,80,64,354,43,1*73
$GLGSV,2,2,07,82,34,155,27,83,55,235,18,84,17,289,15,1*4D
$GLGSV,2,1,05,73,49,224,20,79,12,019,27,80,64,354,43,82,34,155,23,3*71
$GLGSV,2,2,05,83,55,235,22,3*40
$GLGSV,1,1,03,66,03,143,,68,01,046,,74,03,207,,0*47
$GAGSV,2,1,08,02,24,222,19,10,46,143,38,11,76,155,22,12,22,141,20,1*7B
$GAGSV,2,2,08,14,25,098,29,16,47,054,46,25,79,190,24,36,50,313,23,1*75
$GAGSV,1,1,01,16,47,054,51,5*41
$GAGSV,2,1,06,10,46,143,35,11,76,155,23,12,22,141,26,14,25,098,31,7*76
$GAGSV,2,2,06,16,47,054,46,25,79,190,31,7*71
$GAGSV,1,1,01,34,00,318,,0*48
$GBGSV,2,1,05,26,54,262,14,29,30,128,41,31,29,268,23,35,63,203,22,3*74
$GBGSV,2,2,05,39,42,359,47,3*41
$GBGSV,3,1,10,11,10,119,08,12,18,088,14,19,18,061,16,22,03,013,18,5*77
$GBGSV,3,2,10,24,17,223,17,26,54,262,14,29,30,128,45,31,29,268,15,5*72
$GBGSV,3,3,10,35,63,203,17,39,42,359,47,5*77
$GBGSV,3,1,09,11,10,119,16,12,18,088,23,19,18,061,18,20,14,108,23,8*70
$GBGSV,3,2,09,26,54,262,19,29,30,128,42,31,29,268,22,35,63,203,20,8*7C
$GBGSV,3,3,09,39,42,359,46,8*47
$GBGSV,1,1,01,36,00,024,,0*45
$GNGLL,3001.74236,S,05112.74981,W,163800.00,A,D*73
$GNRMC,163801.00,A,3001.74236,S,05112.74980,W,0.048,,090926,,,F,V*1A
$GNVTG,,T,,M,0.048,N,0.088,K,D*34
$GNGGA,163801.00,3001.74236,S,05112.74980,W,5,12,0.91,50.4,M,4.8,M,2.0,0920*66
$GNGSA,M,3,18,21,23,25,28,29,31,05,12,13,,,1.71,0.91,1.45,1*09
$GNGSA,M,3,80,82,79,83,,,,,,,,,1.71,0.91,1.45,2*06
$GNGSA,M,3,10,11,12,16,25,36,02,,,,,,1.71,0.91,1.45,3*05
$GNGSA,M,3,19,26,29,31,35,39,12,,,,,,1.71,0.91,1.45,4*0D
$GPGSV,2,1,07,05,42,110,47,12,31,041,44,13,25,035,42,23,13,354,36,1*65
$GPGSV,2,2,07,25,67,027,53,29,58,172,27,31,21,247,25,1*56
$GPGSV,3,1,11,05,42,110,44,12,31,041,34,13,25,035,34,18,61,286,23,6*66
$GPGSV,3,2,11,21,16,135,16,23,13,354,36,25,67,027,47,26,16,223,22,6*62
$GPGSV,3,3,11,28,28,280,21,29,58,172,21,31,21,247,25,6*5C
$GPGSV,2,1,06,13,25,035,35,18,61,286,19,21,16,135,15,23,13,354,42,8*67
$GPGSV,2,2,06,25,67,027,54,28,28,280,27,8*66
$GPGSV,1,1,01,15,03,049,,0*5E
$GLGSV,2,1,07,67,10,092,12,73,49,224,23,79,12,019,30,80,64,354,43,1*71
$GLGSV,2,2,07,82,34,155,27,83,55,235,19,84,17,289,08,1*40
$GLGSV,2,1,05,73,49,224,20,79,12,019,27,80,64,354,43,82,34,155,24,3*76
$GLGSV,2,2,05,83,55,235,22,3*40
$GLGSV,1,1,03,66,03,143,,68,01,046,,74,03,207,,0*47
$GAGSV,2,1,08,02,24,222,20,10,46,143,38,11,76,155,22,12,22,141,19,1*7B
$GAGSV,2,2,08,14,25,098,29,16,47,054,46,25,79,190,24,36,50,313,23,1*75
$GAGSV,1,1,01,16,47,054,51,5*41
$GAGSV,2,1,06,10,46,143,35,11,76,155,23,12,22,141,26,14,25,098,31,7*76
$GAGSV,2,2,06,16,47,054,46,25,79,190,31,7*71
$GAGSV,1,1,01,34,00,318,,0*48
$GBGSV,2,1,05,26,54,262,13,29,30,128,41,31,29,268,20,35,63,203,22,3*70
$GBGSV,2,2,05,39,42,359,47,3*41
$GBGSV,3,1,10,11,10,119,07,12,18,088,12,19,18,061,16,22,03,013,18,5*7E
$GBGSV,3,2,10,24,17,223,17,26,54,262,13,29,30,128,45,31,29,268,15,5*75
$GBGSV,3,3,10,35,63,203,17,39,42,359,47,5*77
$GBGSV,3,1,09,11,10,119,15,12,18,088,24,19,18,061,19,20,14,108,24,8*72
$GBGSV,3,2,09,26,54,262,19,29,30,128,42,31,29,268,22,35,63,203,21,8*7D
$GBGSV,3,3,09,39,42,359,46,8*47
$GBGSV,1,1,01,36,00,024,,0*45
$GNGLL,3001.74236,S,05112.74980,W,163801.00,A,D*73
$GNRMC,163802.00,A,3001.74236,S,05112.74979,W,0.002,,090926,,,F,V*11
$GNVTG,,T,,M,0.002,N,0.004,K,D*3E
$GNGGA,163802.00,3001.74236,S,05112.74979,W,5,12,1.05,50.4,M,4.8,M,2.0,0920*6F
$GNGSA,M,3,18,21,23,25,28,29,31,05,12,13,,,1.80,1.05,1.47,1*09
$GNGSA,M,3,80,82,79,83,,,,,,,,,1.80,1.05,1.47,2*06
$GNGSA,M,3,10,11,12,16,25,36,02,,,,,,1.80,1.05,1.47,3*05
$GNGSA,M,3,26,29,31,35,39,12,,,,,,,1.80,1.05,1.47,4*05
$GPGSV,2,1,07,05,42,110,47,12,31,041,44,13,25,035,42,23,13,354,36,1*65
$GPGSV,2,2,07,25,67,027,53,29,58,172,27,31,21,247,25,1*56
$GPGSV,3,1,11,05,42,110,44,12,31,041,34,13,25,035,34,18,61,286,22,6*67
$GPGSV,3,2,11,21,15,136,15,23,13,354,36,25,67,027,47,26,16,223,22,6*61
$GPGSV,3,3,11,28,28,280,21,29,58,172,21,31,21,247,25,6*5C
$GPGSV,2,1,06,13,25,035,35,18,61,286,19,21,15,136,16,23,13,354,42,8*64
$GPGSV,2,2,06,25,67,027,54,28,28,280,27,8*66
$GPGSV,1,1,01,15,03,049,,0*5E
$GLGSV,2,1,07,67,10,092,13,73,49,224,23,79,12,019,30,80,64,354,44,1*77
$GLGSV,2,2,07,82,34,155,27,83,55,235,19,84,17,289,12,1*4B
$GLGSV,2,1,05,73,49,224,21,79,12,019,27,80,64,354,43,82,34,155,24,3*77
$GLGSV,2,2,05,83,55,235,22,3*40
$GLGSV,1,1,03,66,03,143,,68,01,046,,74,03,207,,0*47
$GAGSV,2,1,08,02,24,222,20,10,46,143,38,11,76,155,22,12,22,141,19,1*7B
$GAGSV,2,2,08,14,25,098,30,16,47,054,46,25,79,190,24,36,50,313,23,1*7D
$GAGSV,1,1,01,16,47,054,51,5*41
$GAGSV,2,1,06,10,46,143,35,11,76,155,23,12,22,141,26,14,25,098,31,7*76
$GAGSV,2,2,06,16,47,054,46,25,79,190,31,7*71
$GAGSV,1,1,01,34,00,318,,0*48
$GBGSV,2,1,05,26,54,262,14,29,30,128,42,31,29,268,19,35,63,203,22,3*7E
$GBGSV,2,2,05,39,42,359,47,3*41
$GBGSV,3,1,09,12,18,088,13,19,18,061,15,22,03,013,18,24,17,223,17,5*7E
$GBGSV,3,2,09,26,54,262,14,29,30,128,45,31,29,268,16,35,63,203,17,5*78
$GBGSV,3,3,09,39,42,359,47,5*4B
$GBGSV,3,1,09,11,10,119,16,12,18,088,25,19,18,061,19,20,14,108,23,8*77
$GBGSV,3,2,09,26,54,262,19,29,30,128,42,31,29,268,22,35,63,203,20,8*7C
$GBGSV,3,3,09,39,42,359,46,8*47
$GBGSV,1,1,01,36,00,024,,0*45
$GNGLL,3001.74236,S,05112.74979,W,163802.00,A,D*76
$GNRMC,163803.00,A,3001.74236,S,05112.74979,W,0.024,,090926,,,F,V*14
$GNVTG,,T,,M,0.024,N,0.045,K,D*3F
$GNGGA,163803.00,3001.74236,S,05112.74979,W,5,12,0.69,50.5,M,4.8,M,2.0,0920*64
$GNGSA,M,3,18,23,25,28,29,31,05,12,13,,,,1.30,0.69,1.09,1*00
$GNGSA,M,3,80,82,79,84,83,,,,,,,,1.30,0.69,1.09,2*00
$GNGSA,M,3,10,11,12,16,25,36,02,,,,,,1.30,0.69,1.09,3*0F
$GNGSA,M,3,26,29,31,35,39,12,,,,,,,1.30,0.69,1.09,4*0F
$GPGSV,2,1,07,05,42,110,47,12,31,041,45,13,25,035,42,23,13,354,36,1*64
$GPGSV,2,2,07,25,67,027,53,29,58,172,27,31,21,247,25,1*56
$GPGSV,3,1,11,05,42,110,44,12,31,041,34,13,25,035,34,18,61,286,22,6*67
$GPGSV,3,2,11,21,15,136,14,23,13,354,36,25,67,027,47,26,16,223,22,6*60
$GPGSV,3,3,11,28,28,280,20,29,58,172,21,31,21,247,25,6*5D
$GPGSV,2,1,06,13,25,035,35,18,61,286,20,21,15,136,16,23,13,354,42,8*6E
$GPGSV,2,2,06,25,67,027,54,28,28,280,27,8*66
$GPGSV,1,1,01,15,03,049,,0*5E
$GLGSV,2,1,07,67,10,092,12,73,49,224,24,79,12,019,30,80,64,354,44,1*71
$GLGSV,2,2,07,82,34,155,27,83,55,235,19,84,17,289,15,1*4C
$GLGSV,2,1,05,73,49,224,20,79,12,019,27,80,64,354,43,82,34,155,24,3*76
$GLGSV,2,2,05,83,55,235,22,3*40
$GLGSV,1,1,03,66,03,143,,68,01,046,,74,03,207,,0*47
$GAGSV,2,1,08,02,24,222,20,10,46,143,38,11,76,155,22,12,22,141,19,1*7B
$GAGSV,2,2,08,14,25,098,30,16,47,054,46,25,79,190,25,36,50,313,24,1*7B
$GAGSV,1,1,01,16,47,054,51,5*41
$GAGSV,2,1,06,10,46,143,35,11,76,155,23,12,22,141,26,14,25,098,31,7*76
$GAGSV,2,2,06,16,47,054,47,25,79,190,31,7*70
$GAGSV,1,1,01,34,00,318,,0*48
$GBGSV,2,1,05,26,54,262,14,29,30,128,41,31,29,268,18,35,63,203,21,3*7F
$GBGSV,2,2,05,39,42,359,47,3*41
$GBGSV,3,1,09,12,18,088,12,19,18,061,15,22,03,013,17,24,17,223,17,5*70
$GBGSV,3,2,09,26,54,262,16,29,30,128,45,31,29,268,16,35,63,203,17,5*7A
$GBGSV,3,3,09,39,42,359,47,5*4B
$GBGSV,3,1,09,11,10,119,17,12,18,088,25,19,18,061,19,20,14,108,23,8*76
$GBGSV,3,2,09,26,54,262,18,29,30,128,42,31,29,268,22,35,63,203,20,8*7D
$GBGSV,3,3,09,39,42,359,46,8*47
$GBGSV,1,1,01,36,00,024,,0*45
$GNGLL,3001.74236,S,05112.74979,W,163803.00,A,D*77
$GNRMC,163804.00,A,3001.74235,S,05112.74977,W,0.007,,090926,,,F,V*1F
$GNVTG,,T,,M,0.007,N,0.012,K,D*3C
$GNGGA,163804.00,3001.74235,S,05112.74977,W,5,12,0.69,50.5,M,4.8,M,1.0,0920*6D
$GNGSA,M,3,18,21,23,25,28,29,31,05,12,13,,,1.29,0.69,1.09,1*0B
$GNGSA,M,3,80,82,79,84,83,,,,,,,,1.29,0.69,1.09,2*08
$GNGSA,M,3,10,11,12,16,25,36,02,,,,,,1.29,0.69,1.09,3*07
$GNGSA,M,3,26,29,31,35,39,12,,,,,,,1.29,0.69,1.09,4*07
$GPGSV,2,1,07,05,42,110,47,12,31,041,45,13,25,035,42,23,14,354,36,1*63
$GPGSV,2,2,07,25,67,027,53,29,58,172,28,31,21,247,25,1*59
$GPGSV,3,1,11,05,42,110,44,12,31,041,34,13,25,035,34,18,61,286,22,6*67
$GPGSV,3,2,11,21,15,136,15,23,14,354,36,25,67,027,47,26,16,223,22,6*66
$GPGSV,3,3,11,28,28,280,20,29,58,172,20,31,21,247,25,6*5C
$GPGSV,2,1,06,13,25,035,35,18,61,286,20,21,15,136,16,23,14,354,42,8*69
$GPGSV,2,2,06,25,67,027,54,28,28,280,27,8*66
$GPGSV,1,1,01,15,03,049,,0*5E
$GLGSV,2,1,07,67,10,092,13,73,49,224,24,79,12,019,29,80,64,354,44,1*78
$GLGSV,2,2,07,82,34,155,27,83,55,235,18,84,17,289,17,1*4F
$GLGSV,2,1,05,73,49,224,20,79,12,019,27,80,64,354,43,82,34,155,25,3*77
$GLGSV,2,2,05,83,55,235,22,3*40
$GLGSV,1,1,03,66,03,143,,68,01,046,,74,03,207,,0*47
$GAGSV,2,1,08,02,24,222,20,10,46,143,38,11,76,155,22,12,22,141,19,1*7B
$GAGSV,2,2,08,14,25,098,29,16,47,054,46,25,79,190,25,36,50,313,23,1*74
$GAGSV,1,1,01,16,47,054,51,5*41
$GAGSV,2,1,06,10,46,143,35,11,76,155,24,12,22,141,26,14,25,098,31,7*71
$GAGSV,2,2,06,16,47,054,47,25,79,190,31,7*70
$GAGSV,1,1,01,34,00,318,,0*48
$GBGSV,2,1,05,26,54,262,14,29,30,128,41,31,29,268,19,35,63,203,22,3*7D
$GBGSV,2,2,05,39,42,359,47,3*41
$GBGSV,3,1,09,12,18,088,14,19,18,061,15,22,03,013,17,24,17,223,16,5*77
$GBGSV,3,2,09,26,54,262,16,29,30,128,45,31,29,268,16,35,63,203,18,5*75
$GBGSV,3,3,09,39,42,359,47,5*4B
$GBGSV,3,1,09,11,10,119,17,12,18,088,25,19,18,061,20,20,14,108,23,8*7C
$GBGSV,3,2,09,26,54,262,19,29,30,128,41,31,29,268,22,35,63,203,21,8*7E
$GBGSV,3,3,09,39,42,359,46,8*47
$GBGSV,1,1,01,36,00,024,,0*45
$GNGLL,3001.74235,S,05112.74977,W,163804.00,A,D*7D
$GNRMC,163805.00,A,3001.74235,S,05112.74976,W,0.026,,090926,,,F,V*1C
$GNVTG,,T,,M,0.026,N,0.048,K,D*30
$GNGGA,163805.00,3001.74235,S,05112.74976,W,5,12,0.69,50.6,M,4.8,M,1.0,0920*6E
$GNGSA,M,3,18,21,23,25,28,29,31,05,12,13,,,1.29,0.69,1.09,1*0B
$GNGSA,M,3,80,82,79,84,83,,,,,,,,1.29,0.69,1.09,2*08
$GNGSA,M,3,10,11,12,16,25,36,02,,,,,,1.29,0.69,1.09,3*07
$GNGSA,M,3,19,26,29,31,35,39,12,,,,,,1.29,0.69,1.09,4*0F
$GPGSV,2,1,07,05,42,110,47,12,31,041,45,13,25,035,42,23,14,354,36,1*63
$GPGSV,2,2,07,25,67,027,53,29,58,172,28,31,21,247,25,1*59
$GPGSV,3,1,11,05,42,110,44,12,31,041,34,13,25,035,34,18,61,286,22,6*67
$GPGSV,3,2,11,21,15,136,15,23,14,354,36,25,67,027,47,26,16,223,22,6*66
$GPGSV,3,3,11,28,28,280,20,29,58,172,20,31,21,247,25,6*5C
$GPGSV,2,1,06,13,25,035,35,18,61,286,20,21,15,136,17,23,14,354,42,8*68
$GPGSV,2,2,06,25,67,027,54,28,28,280,27,8*66
$GPGSV,1,1,01,15,03,049,,0*5E
$GLGSV,2,1,07,67,10,092,13,73,49,224,24,79,12,019,30,80,64,354,44,1*70
$GLGSV,2,2,07,82,34,155,27,83,55,235,18,84,17,289,17,1*4F
$GLGSV,2,1,05,73,49,224,19,79,12,019,27,80,64,354,42,82,34,155,25,3*7C
$GLGSV,2,2,05,83,55,235,22,3*40
$GLGSV,1,1,03,66,03,143,,68,01,046,,74,03,207,,0*47
$GAGSV,2,1,08,02,24,222,20,10,46,143,38,11,76,155,22,12,22,141,19,1*7B
$GAGSV,2,2,08,14,25,098,30,16,47,054,46,25,79,190,24,36,50,313,24,1*7A
$GAGSV,1,1,01,16,47,054,51,5*41
$GAGSV,2,1,06,10,46,143,34,11,76,155,23,12,22,141,26,14,25,098,31,7*77
$GAGSV,2,2,06,16,47,054,47,25,79,190,31,7*70
$GAGSV,1,1,01,34,00,318,,0*48
$GBGSV,2,1,05,26,54,262,14,29,30,128,41,31,29,268,19,35,63,203,22,3*7D
$GBGSV,2,2,05,39,42,359,47,3*41
$GBGSV,3,1,09,12,18,088,15,19,18,061,16,22,03,013,17,24,17,223,17,5*74
$GBGSV,3,2,09,26,54,262,15,29,30,128,45,31,29,268,17,35,63,203,18,5*77
$GBGSV,3,3,09,39,42,359,47,5*4B
$GBGSV,3,1,09,11,10,119,16,12,18,088,25,19,18,061,19,20,14,108,23,8*77
$GBGSV,3,2,09,26,54,262,19,29,30,128,41,31,29,268,22,35,63,203,21,8*7E
$GBGSV,3,3,09,39,42,359,46,8*47
$GBGSV,1,1,01,36,00,024,,0*45
$GNGLL,3001.74235,S,05112.74976,W,163805.00,A,D*7D
$GNRMC,163806.00,A,3001.74235,S,05112.74976,W,0.035,,090926,,,F,V*1D
$GNVTG,,T,,M,0.035,N,0.065,K,D*3D
$GNGGA,163806.00,3001.74235,S,05112.74976,W,5,12,0.73,50.6,M,4.8,M,1.0,0920*66
$GNGSA,M,3,18,21,23,25,28,29,31,05,12,13,,,1.31,0.73,1.09,1*09
$GNGSA,M,3,80,82,79,84,83,,,,,,,,1.31,0.73,1.09,2*0A
$GNGSA,M,3,10,11,12,16,25,36,02,,,,,,1.31,0.73,1.09,3*05
$GNGSA,M,3,26,29,31,35,39,12,,,,,,,1.31,0.73,1.09,4*05
$GPGSV,2,1,07,05,42,110,47,12,31,041,45,13,25,035,42,23,14,354,36,1*63
$GPGSV,2,2,07,25,66,027,53,29,58,172,28,31,21,247,25,1*58
$GPGSV,3,1,11,05,42,110,44,12,31,041,34,13,25,035,34,18,61,286,22,6*67
$GPGSV,3,2,11,21,15,136,15,23,14,354,36,25,66,027,47,26,16,223,21,6*64
$GPGSV,3,3,11,28,28,280,20,29,58,172,21,31,21,247,25,6*5D
$GPGSV,2,1,06,13,25,035,35,18,61,286,20,21,15,136,16,23,14,354,42,8*69
$GPGSV,2,2,06,25,66,027,54,28,28,280,27,8*67
$GPGSV,1,1,01,15,03,049,,0*5E
$GLGSV,2,1,07,67,10,092,13,73,49,224,24,79,12,019,30,80,64,354,44,1*70
$GLGSV,2,2,07,82,34,155,27,83,55,235,20,84,17,289,17,1*44
$GLGSV,2,1,05,73,49,224,18,79,12,019,27,80,64,354,42,82,34,155,25,3*7D
$GLGSV,2,2,05,83,55,235,23,3*41
$GLGSV,1,1,03,66,03,143,,68,01,046,,74,03,207,,0*47
$GAGSV,2,1,08,02,24,222,19,10,46,143,38,11,76,155,22,12,22,141,19,1*71
$GAGSV,2,2,08,14,25,098,30,16,47,054,46,25,79,190,24,36,50,313,23,1*7D
$GAGSV,1,1,01,16,47,054,51,5*41
$GAGSV,2,1,06,10,46,143,35,11,76,155,23,12,22,141,25,14,25,098,31,7*75
$GAGSV,2,2,06,16,47,054,47,25,79,190,31,7*70
$GAGSV,1,1,01,34,00,318,,0*48
$GBGSV,2,1,05,26,54,262,14,29,30,128,41,31,29,268,19,35,63,203,22,3*7D
$GBGSV,2,2,05,39,42,359,47,3*41
$GBGSV,3,1,09,12,18,088,15,19,18,061,16,22,03,013,17,24,17,223,17,5*74
$GBGSV,3,2,09,26,54,262,14,29,30,128,45,31,29,268,16,35,63,203,17,5*78
$GBGSV,3,3,09,39,42,359,47,5*4B
$GBGSV,3,1,09,11,10,119,15,12,18,088,25,19,18,061,19,20,14,108,24,8*73
$GBGSV,3,2,09,26,54,262,19,29,30,128,41,31,29,268,21,35,63,203,21,8*7D
$GBGSV,3,3,09,39,42,359,46,8*47
$GBGSV,1,1,01,36,00,024,,0*45
$GNGLL,3001.74235,S,05112.74976,W,163806.00,A,D*7E
$GNRMC,163807.00,A,3001.74235,S,05112.74975,W,0.003,,090926,,,F,V*1A
$GNVTG,,T,,M,0.003,N,0.006,K,D*3D
$GNGGA,163807.00,3001.74235,S,05112.74975,W,5,12,0.69,50.6,M,4.8,M,2.0,0920*6C
$GNGSA,M,3,18,23,25,28,29,31,05,12,13,,,,1.29,0.69,1.09,1*08
$GNGSA,M,3,80,82,79,84,83,,,,,,,,1.29,0.69,1.09,2*08
$GNGSA,M,3,10,11,12,16,25,36,02,,,,,,1.29,0.69,1.09,3*07
$GNGSA,M,3,26,29,31,35,39,12,,,,,,,1.29,0.69,1.09,4*07
$GPGSV,2,1,07,05,42,110,47,12,31,041,45,13,25,035,42,23,14,354,36,1*63
$GPGSV,2,2,07,25,66,027,53,29,58,172,28,31,21,247,25,1*58
$GPGSV,3,1,11,05,42,110,44,12,31,041,34,13,25,035,34,18,61,286,21,6*64
$GPGSV,3,2,11,21,15,136,14,23,14,354,36,25,66,027,47,26,17,223,21,6*64
$GPGSV,3,3,11,28,28,280,20,29,58,172,21,31,21,247,25,6*5D
$GPGSV,2,1,07,13,25,035,35,18,61,286,21,21,15,136,15,23,14,354,42,8*6A
$GPGSV,2,2,07,25,66,027,54,26,17,223,23,28,28,280,27,8*56
$GPGSV,1,1,01,15,03,049,,0*5E
$GLGSV,2,1,07,67,10,092,11,73,49,224,25,79,12,019,30,80,64,354,44,1*73
$GLGSV,2,2,07,82,34,155,27,83,55,235,21,84,17,289,17,1*45
$GLGSV,2,1,05,73,49,224,18,79,12,019,27,80,64,354,42,82,34,155,25,3*7D
$GLGSV,2,2,05,83,55,235,24,3*46
$GLGSV,1,1,03,66,03,143,,68,01,046,,74,03,207,,0*47
$GAGSV,2,1,08,02,24,222,19,10,46,143,38,11,76,155,22,12,22,141,20,1*7B
$GAGSV,2,2,08,14,25,098,30,16,47,054,46,25,79,190,24,36,50,313,24,1*7A
$GAGSV,1,1,01,16,47,054,51,5*41
$GAGSV,2,1,06,10,46,143,34,11,76,155,22,12,22,141,25,14,25,098,31,7*75
$GAGSV,2,2,06,16,47,054,47,25,79,190,31,7*70
$GAGSV,1,1,01,34,00,318,,0*48
$GBGSV,2,1,05,26,54,262,15,29,30,128,41,31,29,268,19,35,63,203,22,3*7C
$GBGSV,2,2,05,39,42,359,47,3*41
$GBGSV,3,1,09,12,18,088,15,19,18,061,16,22,03,013,17,24,17,223,18,5*7B
$GBGSV,3,2,09,26,54,262,14,29,30,128,45,31,29,268,17,35,63,203,18,5*76
$GBGSV,3,3,09,39,42,359,47,5*4B
$GBGSV,3,1,09,11,10,119,14,12,18,088,26,19,18,061,19,20,14,108,24,8*71
$GBGSV,3,2,09,26,54,262,19,29,30,128,42,31,29,268,20,35,63,203,22,8*7C
$GBGSV,3,3,09,39,42,359,46,8*47
$GBGSV,1,1,01,36,00,024,,0*45
$GNGLL,3001.74235,S,05112.74975,W,163807.00,A,D*7C
$GNRMC,163808.00,A,3001.74235,S,05112.74973,W,0.010,,090926,,,F,V*11
$GNVTG,,T,,M,0.010,N,0.018,K,D*30
$GNGGA,163808.00,3001.74235,S,05112.74973,W,5,12,0.69,50.6,M,4.8,M,2.0,0920*65
$GNGSA,M,3,18,23,25,28,29,31,05,12,13,,,,1.29,0.69,1.09,1*08
$GNGSA,M,3,80,82,79,84,83,,,,,,,,1.29,0.69,1.09,2*08
$GNGSA,M,3,10,11,12,16,25,36,02,,,,,,1.29,0.69,1.09,3*07
$GNGSA,M,3,19,26,29,35,39,12,,,,,,,1.29,0.69,1.09,4*0D
$GPGSV,2,1,07,05,42,110,47,12,31,041,45,13,25,035,42,23,14,354,36,1*63
$GPGSV,2,2,07,25,66,027,53,29,58,172,29,31,21,247,25,1*59
$GPGSV,3,1,11,05,42,110,44,12,31,041,34,13,25,035,34,18,61,286,20,6*65
$GPGSV,3,2,11,21,15,136,14,23,14,354,36,25,66,027,47,26,17,223,22,6*67
$GPGSV,3,3,11,28,28,280,19,29,58,172,21,31,21,247,25,6*57
$GPGSV,2,1,07,13,25,035,35,18,61,286,21,21,15,136,16,23,14,354,42,8*69
$GPGSV,2,2,07,25,66,027,54,26,17,223,22,28,28,280,27,8*57
$GPGSV,1,1,01,15,03,049,,0*5E
$GLGSV,2,1,07,67,10,092,13,73,49,224,25,79,12,019,30,80,64,354,44,1*71
$GLGSV,2,2,07,82,34,155,27,83,55,235,22,84,17,289,18,1*49
$GLGSV,2,1,05,73,49,224,18,79,12,019,27,80,64,354,42,82,34,155,25,3*7D
$GLGSV,2,2,05,83,55,235,24,3*46
$GLGSV,1,1,03,66,03,143,,68,01,046,,74,03,207,,0*47
$GAGSV,2,1,08,02,24,222,19,10,46,143,38,11,76,155,22,12,22,141,20,1*7B
$GAGSV,2,2,08,14,25,098,29,16,47,054,46,25,79,190,25,36,50,313,23,1*74
$GAGSV,1,1,01,16,47,054,51,5*41
$GAGSV,2,1,06,10,46,143,34,11,76,155,22,12,22,141,25,14,25,098,31,7*75
$GAGSV,2,2,06,16,47,054,47,25,79,190,31,7*70
$GAGSV,1,1,01,34,00,318,,0*48
$GBGSV,2,1,05,26,54,262,15,29,30,128,41,31,29,268,19,35,63,203,22,3*7C
$GBGSV,2,2,05,39,42,359,47,3*41
$GBGSV,3,1,09,12,18,088,15,19,18,061,16,22,03,013,16,24,17,223,18,5*7A
$GBGSV,3,2,09,26,54,262,15,29,30,128,45,31,29,268,17,35,63,203,18,5*77
$GBGSV,3,3,09,39,42,359,47,5*4B
$GBGSV,3,1,09,11,10,119,14,12,18,088,26,19,18,061,18,20,14,108,23,8*77
$GBGSV,3,2,09,26,54,262,19,29,30,128,42,31,29,268,20,35,63,203,22,8*7C
$GBGSV,3,3,09,39,42,359,45,8*44
$GBGSV,1,1,01,36,00,024,,0*45
$GNGLL,3001.74235,S,05112.74973,W,163808.00,A,D*75
$GNRMC,163809.00,A,3001.74234,S,05112.74973,W,0.031,,090926,,,F,V*12
$GNVTG,,T,,M,0.031,N,0.058,K,D*37
$GNGGA,163809.00,3001.74234,S,05112.74973,W,5,12,0.69,50.6,M,4.8,M,2.0,0920*65
$GNGSA,M,3,18,23,25,28,29,31,05,12,13,,,,1.29,0.69,1.09,1*08
$GNGSA,M,3,80,82,79,84,83,,,,,,,,1.29,0.69,1.09,2*08
$GNGSA,M,3,10,11,12,16,25,36,02,,,,,,1.29,0.69,1.09,3*07
$GNGSA,M,3,26,29,31,35,39,12,,,,,,,1.29,0.69,1.09,4*07
$GPGSV,2,1,07,05,42,110,47,12,31,041,45,13,25,035,42,23,14,354,36,1*63
$GPGSV,2,2,07,25,66,027,53,29,58,172,29,31,21,247,25,1*59
$GPGSV,3,1,11,05,42,110,44,12,31,041,34,13,25,035,34,18,61,286,19,6*6F
$GPGSV,3,2,11,21,15,136,13,23,14,354,36,25,66,027,47,26,17,223,22,6*60
$GPGSV,3,3,11,28,28,281,19,29,58,172,21,31,21,247,25,6*56
$GPGSV,2,1,07,13,25,035,35,18,61,286,21,21,15,136,15,23,14,354,42,8*6A
$GPGSV,2,2,07,25,66,027,54,26,17,223,21,28,28,281,27,8*55
$GPGSV,1,1,01,15,03,049,,0*5E
$GLGSV,2,1,07,67,10,092,14,73,49,224,25,79,12,019,30,80,64,354,44,1*76
$GLGSV,2,2,07,82,34,155,27,83,55,235,22,84,17,289,19,1*48
$GLGSV,2,1,05,73,49,224,17,79,12,019,27,80,64,354,42,82,34,155,25,3*72
$GLGSV,2,2,05,83,55,235,25,3*47
$GLGSV,1,1,03,66,03,143,,68,01,046,,74,03,207,,0*47
$GAGSV,2,1,08,02,24,222,19,10,46,143,38,11,76,155,21,12,22,141,20,1*78
$GAGSV,2,2,08,14,25,098,30,16,47,054,46,25,79,190,24,36,50,313,23,1*7D
$GAGSV,1,1,01,16,47,054,51,5*41
$GAGSV,2,1,06,10,46,143,34,11,76,155,22,12,22,141,25,14,25,098,31,7*75
$GAGSV,2,2,06,16,47,054,47,25,79,190,31,7*70
$GAGSV,1,1,01,34,00,318,,0*48
$GBGSV,2,1,05,26,54,262,15,29,30,128,41,31,29,268,19,35,63,203,22,3*7C
$GBGSV,2,2,05,39,42,359,47,3*41
$GBGSV,3,1,09,12,18,088,15,19,18,061,17,22,03,013,16,24,17,223,18,5*7B
$GBGSV,3,2,09,26,54,262,16,29,30,128,45,31,29,268,17,35,63,203,18,5*74
$GBGSV,3,3,09,39,42,359,47,5*4B
$GBGSV,3,1,09,11,10,119,13,12,18,088,26,19,18,061,18,20,14,108,23,8*70
$GBGSV,3,2,09,26,54,262,19,29,30,128,41,31,29,268,20,35,63,203,22,8*7F
$GBGSV,3,3,09,39,42,359,45,8*44
$GBGSV,1,1,01,36,00,024,,0*45
$GNGLL,3001.74234,S,05112.74973,W,163809.00,A,D*75
$GNRMC,163810.00,A,3001.74234,S,05112.74972,W,0.008,,090926,,,F,V*11
$GNVTG,,T,,M,0.008,N,0.016,K,D*37
$GNGGA,163810.00,3001.74234,S,05112.74972,W,5,12,0.69,50.6,M,4.8,M,1.0,0920*6F
$GNGSA,M,3,18,23,25,28,29,31,05,12,13,,,,1.29,0.69,1.09,1*08
$GNGSA,M,3,80,82,79,84,83,,,,,,,,1.29,0.69,1.09,2*08
$GNGSA,M,3,10,11,12,16,25,36,02,,,,,,1.29,0.69,1.09,3*07
$GNGSA,M,3,19,26,29,31,35,39,12,,,,,,1.29,0.69,1.09,4*0F
$GPGSV,2,1,07,05,42,110,47,12,31,041,45,13,25,035,42,23,14,354,36,1*63
$GPGSV,2,2,07,25,66,027,53,29,58,170,29,31,21,247,24,1*5A
$GPGSV,3,1,11,05,42,110,44,12,31,041,34,13,25,035,34,18,61,286,19,6*6F
$GPGSV,3,2,11,21,15,136,14,23,14,354,36,25,66,027,47,26,17,223,22,6*67
$GPGSV,3,3,11,28,28,281,19,29,58,170,21,31,21,247,24,6*55
$GPGSV,2,1,07,13,25,035,35,18,61,286,22,21,15,136,15,23,14,354,42,8*69
$GPGSV,2,2,07,25,66,027,54,26,17,223,21,28,28,281,27,8*55
$GPGSV,1,1,01,15,03,049,,0*5E
$GLGSV,2,1,07,67,10,092,13,73,49,224,25,79,12,019,30,80,64,354,44,1*71
$GLGSV,2,2,07,82,34,155,27,83,55,235,22,84,17,289,19,1*48
$GLGSV,2,1,05,73,49,224,15,79,12,019,27,80,64,354,42,82,34,155,25,3*70
$GLGSV,2,2,05,83,55,235,25,3*47
$GLGSV,1,1,03,66,03,143,,68,01,046,,74,03,207,,0*47
$GAGSV,2,1,08,02,24,222,20,10,46,143,38,11,76,155,21,12,22,141,20,1*72
$GAGSV,2,2,08,14,25,098,30,16,47,054,46,25,79,190,25,36,50,313,23,1*7C
$GAGSV,1,1,01,16,47,054,51,5*41
$GAGSV,2,1,06,10,46,143,34,11,76,155,23,12,22,141,26,14,25,098,31,7*77
$GAGSV,2,2,06,16,47,054,47,25,79,190,31,7*70
$GAGSV,1,1,01,34,00,318,,0*48
$GBGSV,2,1,05,26,54,262,14,29,30,128,41,31,29,268,20,35,63,203,22,3*77
$GBGSV,2,2,05,39,42,359,47,3*41
$GBGSV,3,1,09,12,18,088,15,19,18,061,16,22,03,013,15,24,17,223,17,5*76
$GBGSV,3,2,09,26,54,262,15,29,30,128,45,31,29,268,17,35,63,203,18,5*77
$GBGSV,3,3,09,39,42,359,47,5*4B
$GBGSV,3,1,09,11,10,119,12,12,18,088,27,19,18,061,18,20,14,108,23,8*70
$GBGSV,3,2,09,26,54,262,18,29,30,128,42,31,29,268,21,35,63,203,22,8*7C
$GBGSV,3,3,09,39,42,359,45,8*44
$GBGSV,1,1,01,36,00,024,,0*45
$GNGLL,3001.74234,S,05112.74972,W,163810.00,A,D*7C
$GNRMC,163811.00,A,3001.74234,S,05112.74971,W,0.037,,090926,,,F,V*1F
$GNVTG,,T,,M,0.037,N,0.068,K,D*32
$GNGGA,163811.00,3001.74234,S,05112.74971,W,5,12,0.69,50.7,M,4.8,M,2.0,0920*6F
$GNGSA,M,3,18,21,23,25,28,29,31,05,12,13,,,1.29,0.69,1.09,1*0B
$GNGSA,M,3,80,82,79,84,83,,,,,,,,1.29,0.69,1.09,2*08
$GNGSA,M,3,10,11,12,16,25,36,02,,,,,,1.29,0.69,1.09,3*07
$GNGSA,M,3,19,26,29,31,35,39,12,,,,,,1.29,0.69,1.09,4*0F
$GPGSV,2,1,07,05,42,110,47,12,31,041,45,13,25,035,42,23,14,354,36,1*63
$GPGSV,2,2,07,25,66,027,53,29,58,170,29,31,21,247,25,1*5B
$GPGSV,3,1,11,05,42,110,44,12,31,041,34,13,25,035,34,18,61,286,18,6*6E
$GPGSV,3,2,11,21,15,136,15,23,14,354,36,25,66,027,47,26,17,223,22,6*66
$GPGSV,3,3,11,28,28,281,19,29,58,170,22,31,21,247,24,6*56
$GPGSV,2,1,07,13,25,035,35,18,61,286,22,21,15,136,15,23,14,354,42,8*69
$GPGSV,2,2,07,25,66,027,54,26,17,223,21,28,28,281,27,8*55
$GPGSV,1,1,01,15,03,049,,0*5E
$GLGSV,2,1,07,67,10,092,13,73,49,224,25,79,12,019,30,80,64,354,44,1*71
$GLGSV,2,2,07,82,34,155,27,83,55,235,22,84,17,289,19,1*48
$GLGSV,2,1,05,73,49,224,14,79,12,019,26,80,64,354,42,82,34,155,26,3*73
$GLGSV,2,2,05,83,55,235,25,3*47
$GLGSV,1,1,03,66,03,143,,68,01,046,,74,03,207,,0*47
$GAGSV,2,1,08,02,24,222,20,10,46,143,38,11,76,155,21,12,22,141,19,1*78
$GAGSV,2,2,08,14,25,098,30,16,47,054,46,25,79,190,25,36,50,313,23,1*7C
$GAGSV,1,1,01,16,47,054,51,5*41
$GAGSV,2,1,06,10,46,143,34,11,76,155,22,12,22,141,25,14,25,098,31,7*75
$GAGSV,2,2,06,16,47,054,47,25,79,190,31,7*70
$GAGSV,1,1,01,34,00,318,,0*48
$GBGSV,2,1,05,26,54,262,14,29,30,128,41,31,29,268,21,35,63,203,22,3*76
$GBGSV,2,2,05,39,42,359,47,3*41
$GBGSV,3,1,09,12,18,088,15,19,18,061,16,22,03,013,14,24,17,223,17,5*77
$GBGSV,3,2,09,26,54,262,14,29,30,128,45,31,29,268,18,35,63,203,18,5*79
$GBGSV,3,3,09,39,42,359,47,5*4B
$GBGSV,3,1,09,11,10,119,12,12,18,088,26,19,18,061,18,20,14,108,23,8*71
$GBGSV,3,2,09,26,54,262,19,29,30,128,42,31,29,268,21,35,63,203,22,8*7D
$GBGSV,3,3,09,39,42,359,45,8*44
$GBGSV,1,1,01,36,00,024,,0*45
$GNGLL,3001.74234,S,05112.74971,W,163811.00,A,D*7E
$GNRMC,163812.00,A,3001.74234,S,05112.74971,W,0.028,,090926,,,F,V*12
$GNVTG,,T,,M,0.028,N,0.051,K,D*36
$GNGGA,163812.00,3001.74234,S,05112.74971,W,5,12,0.69,50.7,M,4.8,M,2.0,0920*6C
$GNGSA,M,3,18,23,25,28,29,31,05,12,13,,,,1.29,0.69,1.09,1*08
$GNGSA,M,3,80,82,79,84,83,,,,,,,,1.29,0.69,1.09,2*08
$GNGSA,M,3,10,11,12,16,25,36,02,,,,,,1.29,0.69,1.09,3*07
$GNGSA,M,3,19,26,29,31,35,39,12,,,,,,1.29,0.69,1.09,4*0F
$GPGSV,2,1,07,05,42,110,47,12,31,041,44,13,25,035,42,23,14,354,36,1*62
$GPGSV,2,2,07,25,66,027,53,29,58,170,29,31,21,248,24,1*55
$GPGSV,3,1,11,05,42,110,44,12,31,041,35,13,25,035,34,18,61,286,17,6*60
$GPGSV,3,2,11,21,15,136,14,23,14,354,36,25,66,027,47,26,17,223,21,6*64
$GPGSV,3,3,11,28,28,281,19,29,58,170,22,31,21,248,23,6*5E
$GPGSV,2,1,07,13,25,035,35,18,61,286,22,21,15,136,15,23,14,354,42,8*69
$GPGSV,2,2,07,25,66,027,54,26,17,223,21,28,28,281,27,8*55
$GPGSV,1,1,01,15,03,049,,0*5E
$GLGSV,2,1,07,67,10,092,12,73,49,224,25,79,12,019,30,80,64,354,44,1*70
$GLGSV,2,2,07,82,34,155,27,83,55,235,23,84,17,289,19,1*49
$GLGSV,2,1,05,73,49,224,12,79,12,019,26,80,64,354,42,82,34,155,25,3*76
$GLGSV,2,2,05,83,55,235,25,3*47
$GLGSV,1,1,03,66,03,143,,68,01,046,,74,03,207,,0*47
$GAGSV,2,1,08,02,24,222,20,10,46,143,38,11,76,155,22,12,22,141,20,1*71
$GAGSV,2,2,08,14,25,098,30,16,47,054,46,25,79,190,25,36,50,313,23,1*7C
$GAGSV,1,1,01,16,47,054,51,5*41
$GAGSV,2,1,06,10,46,143,34,11,76,155,22,12,22,141,25,14,25,098,31,7*75
$GAGSV,2,2,06,16,47,054,46,25,79,190,31,7*71
$GAGSV,1,1,01,34,00,318,,0*48
$GBGSV,2,1,05,26,54,262,15,29,30,128,41,31,29,268,20,35,63,203,23,3*77
$GBGSV,2,2,05,39,42,359,47,3*41
$GBGSV,3,1,09,12,18,088,15,19,18,061,15,22,03,013,14,24,17,223,17,5*74
$GBGSV,3,2,09,26,54,262,14,29,30,128,45,31,29,268,18,35,63,203,18,5*79
$GBGSV,3,3,09,39,42,359,47,5*4B
$GBGSV,3,1,09,11,10,119,12,12,18,088,26,19,18,061,19,20,14,108,23,8*70
$GBGSV,3,2,09,26,54,262,19,29,30,128,42,31,29,268,20,35,63,203,22,8*7C
$GBGSV,3,3,09,39,42,359,45,8*44
$GBGSV,1,1,01,36,00,024,,0*45
$GNGLL,3001.74234,S,05112.74971,W,163812.00,A,D*7D
$GNRMC,163813.00,A,3001.74234,S,05112.74971,W,0.006,,090926,,,F,V*1F
$GNVTG,,T,,M,0.006,N,0.010,K,D*3F
$GNGGA,163813.00,3001.74234,S,05112.74971,W,5,12,0.69,50.7,M,4.8,M,2.0,0920*6D
$GNGSA,M,3,18,21,23,25,28,29,31,05,12,13,,,1.29,0.69,1.09,1*0B
$GNGSA,M,3,80,82,79,84,83,,,,,,,,1.29,0.69,1.09,2*08
$GNGSA,M,3,10,11,12,16,25,36,02,,,,,,1.29,0.69,1.09,3*07
$GNGSA,M,3,19,26,29,35,39,12,,,,,,,1.29,0.69,1.09,4*0D
$GPGSV,2,1,07,05,42,110,47,12,31,041,44,13,25,035,42,23,14,354,36,1*62
$GPGSV,2,2,07,25,66,027,53,29,58,170,29,31,21,248,24,1*55
$GPGSV,3,1,11,05,42,110,44,12,31,041,35,13,25,035,34,18,61,286,17,6*60
$GPGSV,3,2,11,21,15,136,15,23,14,354,36,25,66,027,47,26,17,223,22,6*66
$GPGSV,3,3,11,28,28,281,19,29,58,170,22,31,21,248,23,6*5E
$GPGSV,2,1,07,13,25,035,35,18,61,286,22,21,15,136,15,23,14,354,42,8*69
$GPGSV,2,2,07,25,66,027,54,26,17,223,22,28,28,281,27,8*56
$GPGSV,1,1,01,15,03,049,,0*5E
$GLGSV,2,1,07,67,10,092,13,73,49,224,25,79,12,019,30,80,64,354,44,1*71
$GLGSV,2,2,07,82,34,155,27,83,55,235,22,84,17,289,19,1*48
$GLGSV,2,1,05,73,49,224,10,79,12,019,26,80,64,354,42,82,34,155,25,3*74
$GLGSV,2,2,05,83,55,235,25,3*47
$GLGSV,1,1,03,66,03,143,,68,01,046,,74,03,207,,0*47
$GAGSV,2,1,08,02,24,222,19,10,46,143,38,11,76,155,22,12,22,141,20,1*7B
$GAGSV,2,2,08,14,25,098,30,16,47,054,46,25,79,190,25,36,50,313,23,1*7C
$GAGSV,1,1,01,16,47,054,51,5*41
$GAGSV,2,1,06,10,46,143,34,11,76,155,22,12,22,141,25,14,25,098,31,7*75
$GAGSV,2,2,06,16,47,054,47,25,79,190,31,7*70
$GAGSV,1,1,01,34,00,318,,0*48
$GBGSV,2,1,05,26,54,262,15,29,30,128,41,31,29,268,20,35,63,203,22,3*76
$GBGSV,2,2,05,39,42,359,47,3*41
$GBGSV,3,1,09,12,18,088,15,19,18,061,16,22,03,013,13,24,17,223,17,5*70
$GBGSV,3,2,09,26,54,262,14,29,30,128,45,31,29,268,18,35,63,203,19,5*78
$GBGSV,3,3,09,39,42,359,47,5*4B
$GBGSV,3,1,09,11,10,119,14,12,18,088,26,19,18,061,19,20,14,108,22,8*77
$GBGSV,3,2,09,26,54,262,19,29,30,128,41,31,29,268,20,35,63,203,22,8*7F
$GBGSV,3,3,09,39,42,359,45,8*44
$GBGSV,1,1,01,36,00,024,,0*45
$GNGLL,3001.74234,S,05112.74971,W,163813.00,A,D*7C
$GNRMC,163814.00,A,3001.74234,S,05112.74970,W,0.006,,090926,,,F,V*19
$GNVTG,,T,,M,0.006,N,0.011,K,D*3E
$GNGGA,163814.00,3001.74234,S,05112.74970,W,5,12,0.69,50.7,M,4.8,M,2.0,0920*6B
$GNGSA,M,3,18,21,23,25,28,29,31,05,12,13,,,1.29,0.69,1.09,1*0B
$GNGSA,M,3,80,82,79,84,83,,,,,,,,1.29,0.69,1.09,2*08
$GNGSA,M,3,10,11,12,16,25,36,02,,,,,,1.29,0.69,1.09,3*07
$GNGSA,M,3,19,26,29,31,35,39,12,,,,,,1.29,0.69,1.09,4*0F
$GPGSV,2,1,07,05,42,110,47,12,31,041,45,13,25,035,42,23,14,354,36,1*63
$GPGSV,2,2,07,25,66,027,53,29,58,170,29,31,21,248,23,1*52
$GPGSV,3,1,11,05,42,110,44,12,31,041,35,13,25,035,34,18,61,286,17,6*60
$GPGSV,3,2,11,21,15,136,15,23,14,354,36,25,66,027,47,26,17,223,22,6*66
$GPGSV,3,3,11,28,28,281,18,29,58,170,22,31,21,248,23,6*5F
$GPGSV,2,1,07,13,25,035,35,18,61,286,22,21,15,136,15,23,14,354,42,8*69
$GPGSV,2,2,07,25,66,027,54,26,17,223,21,28,28,281,27,8*55
$GPGSV,1,1,01,15,03,049,,0*5E
$GLGSV,2,1,07,67,10,092,12,73,49,224,24,79,12,019,29,80,64,354,44,1*79
$GLGSV,2,2,07,82,34,155,27,83,55,235,23,84,17,289,18,1*48
$GLGSV,2,1,05,73,49,224,09,79,12,019,26,80,64,354,42,82,34,155,26,3*7F
$GLGSV,2,2,05,83,55,235,24,3*46
$GLGSV,1,1,03,66,03,143,,68,01,046,,74,03,207,,0*47
$GAGSV,2,1,08,02,24,222,20,10,46,143,38,11,76,155,21,12,22,141,21,1*73
$GAGSV,2,2,08,14,25,098,30,16,47,054,46,25,79,190,25,36,50,313,22,1*7D
$GAGSV,1,1,01,16,47,054,51,5*41
$GAGSV,2,1,06,10,46,143,34,11,76,155,22,12,22,141,25,14,25,098,31,7*75
$GAGSV,2,2,06,16,47,054,47,25,79,190,30,7*71
$GAGSV,1,1,01,34,00,318,,0*48
$GBGSV,2,1,05,26,54,262,16,29,30,128,41,31,29,268,20,35,63,203,22,3*75
$GBGSV,2,2,05,39,42,359,47,3*41
$GBGSV,3,1,09,12,18,088,14,19,18,061,16,22,03,013,12,24,17,223,17,5*70
$GBGSV,3,2,09,26,54,262,11,29,30,128,45,31,29,268,17,35,63,203,19,5*72
$GBGSV,3,3,09,39,42,359,47,5*4B
$GBGSV,3,1,09,11,10,119,14,12,18,088,27,19,18,061,19,20,14,108,21,8*75
$GBGSV,3,2,09,26,54,262,19,29,30,128,42,31,29,268,20,35,63,203,23,8*7D
$GBGSV,3,3,09,39,42,359,46,8*47
$GBGSV,1,1,01,36,00,024,,0*45
$GNGLL,3001.74234,S,05112.74970,W,163814.00,A,D*7A
$GNRMC,163815.00,A,3001.74234,S,05112.74969,W,0.009,,090926,,,F,V*1F
$GNVTG,,T,,M,0.009,N,0.016,K,D*36
$GNGGA,163815.00,3001.74234,S,05112.74969,W,5,12,0.69,50.7,M,4.8,M,2.0,0920*62
$GNGSA,M,3,18,21,23,25,28,29,31,05,12,13,,,1.29,0.69,1.09,1*0B
$GNGSA,M,3,80,82,79,84,83,,,,,,,,1.29,0.69,1.09,2*08
$GNGSA,M,3,10,11,12,16,25,36,02,,,,,,1.29,0.69,1.09,3*07
$GNGSA,M,3,19,26,29,35,39,12,,,,,,,1.29,0.69,1.09,4*0D
$GPGSV,2,1,07,05,42,110,47,12,31,041,45,13,25,035,42,23,14,354,36,1*63
$GPGSV,2,2,07,25,66,027,53,29,58,170,29,31,21,248,23,1*52
$GPGSV,3,1,11,05,42,110,44,12,31,041,35,13,25,035,34,18,61,286,18,6*6F
$GPGSV,3,2,11,21,15,136,15,23,14,354,36,25,66,027,47,26,17,223,21,6*65
$GPGSV,3,3,11,28,28,281,17,29,58,170,23,31,21,248,24,6*56
$GPGSV,2,1,07,13,25,035,35,18,61,286,22,21,15,136,15,23,14,354,42,8*69
$GPGSV,2,2,07,25,66,027,54,26,17,223,22,28,28,281,27,8*56
$GPGSV,1,1,01,15,03,049,,0*5E
$GLGSV,2,1,07,67,10,092,13,73,49,224,25,79,12,019,29,80,64,354,44,1*79
$GLGSV,2,2,07,82,34,155,27,83,55,235,23,84,17,289,18,1*48
$GLGSV,1,1,04,79,12,019,26,80,64,354,42,82,34,155,26,83,55,235,24,3*70
$GLGSV,1,1,03,66,03,143,,68,01,046,,74,03,207,,0*47
$GAGSV,2,1,08,02,24,222,20,10,46,143,38,11,76,155,22,12,22,141,21,1*70
$GAGSV,2,2,08,14,25,098,31,16,47,054,46,25,79,190,25,36,50,313,23,1*7D
$GAGSV,1,1,01,16,47,054,51,5*41
$GAGSV,2,1,06,10,46,143,34,11,76,155,22,12,22,141,25,14,25,098,31,7*75
$GAGSV,2,2,06,16,47,054,46,25,79,190,31,7*71
$GAGSV,1,1,01,34,00,318,,0*48
$GBGSV,2,1,05,26,54,262,16,29,30,128,41,31,29,268,19,35,63,203,23,3*7E
$GBGSV,2,2,05,39,42,359,47,3*41
$GBGSV,3,1,09,12,18,088,13,19,18,061,17,22,03,013,11,24,17,223,16,5*74
$GBGSV,3,2,09,26,54,262,09,29,30,128,45,31,29,268,17,35,63,203,18,5*7A
$GBGSV,3,3,09,39,42,359,47,5*4B
$GBGSV,3,1,09,11,10,119,15,12,18,088,27,19,18,061,19,20,14,108,21,8*74
$GBGSV,3,2,09,26,54,262,18,29,30,128,42,31,29,268,19,35,63,203,24,8*71
$GBGSV,3,3,09,39,42,359,45,8*44
$GBGSV,1,1,01,36,00,024,,0*45
$GNGLL,3001.74234,S,05112.74969,W,163815.00,A,D*73
$GNRMC,163816.00,A,3001.74234,S,05112.74969,W,0.012,,090926,,,F,V*16
$GNVTG,,T,,M,0.012,N,0.023,K,D*3A
$GNGGA,163816.00,3001.74234,S,05112.74969,W,5,12,0.69,50.7,M,4.8,M,2.0,0920*61
$GNGSA,M,3,18,23,25,28,29,31,05,12,13,,,,1.29,0.69,1.09,1*08
$GNGSA,M,3,80,82,79,84,83,,,,,,,,1.29,0.69,1.09,2*08
$GNGSA,M,3,10,11,12,16,25,36,02,,,,,,1.29,0.69,1.09,3*07
$GNGSA,M,3,26,29,31,35,39,12,,,,,,,1.29,0.69,1.09,4*07
$GPGSV,2,1,07,05,42,110,47,12,31,041,45,13,25,035,42,23,14,354,36,1*63
$GPGSV,2,2,07,25,66,027,53,29,58,170,29,31,21,248,23,1*52
$GPGSV,3,1,11,05,42,110,44,12,31,041,35,13,25,035,34,18,61,286,18,6*6F
$GPGSV,3,2,11,21,15,136,14,23,14,354,36,25,66,027,47,26,17,223,21,6*64
$GPGSV,3,3,11,28,28,281,17,29,58,170,22,31,21,248,24,6*57
$GPGSV,2,1,07,13,25,035,35,18,61,286,22,21,15,136,16,23,14,354,42,8*6A
$GPGSV,2,2,07,25,66,027,54,26,17,223,22,28,28,281,27,8*56
$GPGSV,1,1,01,15,03,049,,0*5E
$GLGSV,2,1,07,67,10,092,13,73,49,224,25,79,12,019,29,80,64,354,44,1*79
$GLGSV,2,2,07,82,34,155,26,83,55,235,23,84,17,289,19,1*48
$GLGSV,1,1,04,79,12,019,25,80,64,354,42,82,34,155,26,83,55,235,24,3*73
$GLGSV,1,1,03,66,03,143,,68,01,046,,74,03,207,,0*47
$GAGSV,2,1,08,02,24,222,19,10,46,143,38,11,76,155,22,12,22,141,20,1*7B
$GAGSV,2,2,08,14,25,098,31,16,47,054,46,25,79,190,25,36,50,313,23,1*7D
$GAGSV,1,1,01,16,47,054,51,5*41
$GAGSV,2,1,06,10,46,143,34,11,76,155,22,12,22,141,25,14,25,098,31,7*75
$GAGSV,2,2,06,16,47,054,46,25,79,190,30,7*70
$GAGSV,1,1,01,34,00,318,,0*48
$GBGSV,2,1,05,26,54,262,16,29,30,128,41,31,29,268,19,35,63,203,23,3*7E
$GBGSV,2,2,05,39,42,359,47,3*41
$GBGSV,3,1,09,12,18,088,14,19,18,061,17,22,03,013,13,24,17,223,16,5*71
$GBGSV,3,2,09,26,54,262,09,29,30,128,45,31,29,268,17,35,63,203,18,5*7A
$GBGSV,3,3,09,39,42,359,47,5*4B
$GBGSV,3,1,09,11,10,119,14,12,18,088,27,19,18,061,19,20,14,108,21,8*75
$GBGSV,3,2,09,26,54,262,19,29,30,128,42,31,29,268,19,35,63,203,23,8*77
$GBGSV,3,3,09,39,42,359,46,8*47
$GBGSV,1,1,01,36,00,024,,0*45
$GNGLL,3001.74234,S,05112.74969,W,163816.00,A,D*70
$GNRMC,163817.00,A,3001.74234,S,05112.74968,W,0.029,,090926,,,F,V*1E
$GNVTG,,T,,M,0.029,N,0.054,K,D*32
$GNGGA,163817.00,3001.74234,S,05112.74968,W,5,12,0.69,50.8,M,4.8,M,2.0,0920*6E
$GNGSA,M,3,18,23,25,28,29,31,05,12,13,,,,1.29,0.69,1.09,1*08
$GNGSA,M,3,80,82,79,84,83,,,,,,,,1.29,0.69,1.09,2*08
$GNGSA,M,3,10,11,12,16,25,36,02,,,,,,1.29,0.69,1.09,3*07
$GNGSA,M,3,26,29,31,35,39,12,,,,,,,1.29,0.69,1.09,4*07
$GPGSV,2,1,07,05,42,110,47,12,31,041,45,13,25,035,42,23,14,354,36,1*63
$GPGSV,2,2,07,25,66,027,53,29,58,170,29,31,21,248,23,1*52
$GPGSV,3,1,11,05,42,110,44,12,31,041,35,13,25,035,34,18,61,286,18,6*6F
$GPGSV,3,2,11,21,15,136,12,23,14,354,36,25,66,027,47,26,17,223,21,6*62
$GPGSV,3,3,11,28,28,281,17,29,58,170,22,31,21,248,24,6*57
$GPGSV,2,1,07,13,25,035,35,18,61,286,23,21,15,136,16,23,14,354,42,8*6B
$GPGSV,2,2,07,25,66,027,54,26,17,223,22,28,28,281,27,8*56
$GPGSV,1,1,01,15,03,049,,0*5E
$GLGSV,2,1,07,67,10,092,12,73,49,224,24,79,12,019,29,80,64,354,44,1*79
$GLGSV,2,2,07,82,34,155,26,83,55,235,22,84,17,289,19,1*49
$GLGSV,1,1,04,79,12,019,25,80,64,354,42,82,34,155,26,83,55,235,24,3*73
$GLGSV,1,1,03,66,03,143,,68,01,046,,74,03,207,,0*47
$GAGSV,2,1,08,02,24,222,20,10,46,143,38,11,76,155,22,12,22,141,20,1*71
$GAGSV,2,2,08,14,25,098,31,16,47,054,46,25,79,190,25,36,50,313,22,1*7C
$GAGSV,1,1,01,16,47,054,51,5*41
$GAGSV,2,1,06,10,46,143,34,11,76,155,22,12,22,141,26,14,25,098,31,7*76
$GAGSV,2,2,06,16,47,054,46,25,79,190,30,7*70
$GAGSV,1,1,01,34,00,318,,0*48
$GBGSV,2,1,06,12,18,088,21,26,54,262,16,29,30,128,41,31,29,268,20,3*7D
$GBGSV,2,2,06,35,63,203,23,39,42,359,47,3*71
$GBGSV,3,1,09,12,18,088,14,19,18,061,17,22,03,013,13,24,17,223,16,5*71
$GBGSV,3,2,09,26,54,262,11,29,30,128,45,31,29,268,18,35,63,203,18,5*7C
$GBGSV,3,3,09,39,42,359,47,5*4B
$GBGSV,3,1,09,11,10,119,14,12,18,088,27,19,18,061,18,20,14,108,21,8*74
$GBGSV,3,2,09,26,54,262,20,29,30,128,42,31,29,268,20,35,63,203,23,8*77
$GBGSV,3,3,09,39,42,359,46,8*47
$GBGSV,1,1,01,36,00,024,,0*45
$GNGLL,3001.74234,S,05112.74968,W,163817.00,A,D*70
$GNRMC,163818.00,A,3001.74234,S,05112.74967,W,0.014,,090926,,,F,V*10
$GNVTG,,T,,M,0.014,N,0.025,K,D*3A
$GNGGA,163818.00,3001.74234,S,05112.74967,W,5,12,0.69,50.8,M,4.8,M,2.0,0920*6E
$GNGSA,M,3,18,23,25,28,29,31,05,12,13,,,,1.29,0.69,1.09,1*08
$GNGSA,M,3,80,82,79,84,83,,,,,,,,1.29,0.69,1.09,2*08
$GNGSA,M,3,10,11,12,16,25,36,02,,,,,,1.29,0.69,1.09,3*07
$GNGSA,M,3,19,26,29,31,35,39,12,,,,,,1.29,0.69,1.09,4*0F
$GPGSV,2,1,07,05,42,110,47,12,31,041,44,13,25,035,42,23,14,354,36,1*62
$GPGSV,2,2,07,25,66,027,53,29,58,170,29,31,21,248,23,1*52
$GPGSV,3,1,11,05,42,110,44,12,31,041,35,13,25,035,34,18,61,286,17,6*60
$GPGSV,3,2,11,21,15,136,13,23,14,354,36,25,66,027,47,26,17,223,22,6*60
$GPGSV,3,3,11,28,28,281,17,29,58,170,23,31,21,248,25,6*57
$GPGSV,2,1,07,13,25,035,35,18,61,286,23,21,15,136,15,23,14,354,42,8*68
$GPGSV,2,2,07,25,66,027,54,26,17,223,21,28,28,281,27,8*55
$GPGSV,1,1,01,15,03,049,,0*5E
$GLGSV,2,1,07,67,10,092,13,73,49,224,24,79,12,019,30,80,64,354,44,1*70
$GLGSV,2,2,07,82,34,155,26,83,55,235,22,84,17,289,19,1*49
$GLGSV,1,1,04,79,12,019,25,80,64,354,42,82,34,155,26,83,55,235,24,3*73
$GLGSV,1,1,03,66,03,143,,68,01,046,,74,03,207,,0*47
$GAGSV,2,1,08,02,24,222,20,10,46,143,38,11,76,155,21,12,22,141,19,1*78
$GAGSV,2,2,08,14,25,098,31,16,47,054,46,25,79,190,24,36,50,313,23,1*7C
$GAGSV,1,1,01,16,47,054,51,5*41
$GAGSV,2,1,06,10,46,143,34,11,76,155,22,12,22,141,25,14,25,098,31,7*75
$GAGSV,2,2,06,16,47,054,46,25,79,190,30,7*70
$GAGSV,1,1,01,34,00,318,,0*48
$GBGSV,2,1,06,12,18,088,21,26,54,262,17,29,30,128,41,31,29,268,20,3*7C
$GBGSV,2,2,06,35,63,203,23,39,42,359,47,3*71
$GBGSV,3,1,09,12,18,088,13,19,18,061,17,22,03,013,13,24,17,223,16,5*76
$GBGSV,3,2,09,26,54,262,12,29,30,128,45,31,29,268,18,35,63,203,18,5*7F
$GBGSV,3,3,09,39,42,359,47,5*4B
$GBGSV,3,1,09,11,10,119,14,12,18,088,27,19,18,061,18,20,14,108,20,8*75
$GBGSV,3,2,09,26,54,262,20,29,30,128,42,31,29,268,20,35,63,203,24,8*70
$GBGSV,3,3,09,39,42,359,46,8*47
$GBGSV,1,1,01,36,00,024,,0*45
$GNGLL,3001.74234,S,05112.74967,W,163818.00,A,D*70
$GNRMC,163819.00,A,3001.74234,S,05112.74967,W,0.010,,090926,,,F,V*15
$GNVTG,,T,,M,0.010,N,0.019,K,D*31
$GNGGA,163819.00,3001.74234,S,05112.74967,W,5,12,0.69,50.8,M,4.8,M,2.0,0920*6F
$GNGSA,M,3,18,23,25,28,29,31,05,12,13,,,,1.29,0.69,1.09,1*08
$GNGSA,M,3,80,82,79,84,83,,,,,,,,1.29,0.69,1.09,2*08
$GNGSA,M,3,10,11,12,16,25,36,02,,,,,,1.29,0.69,1.09,3*07
$GNGSA,M,3,19,26,29,31,35,39,12,,,,,,1.29,0.69,1.09,4*0F
$GPGSV,2,1,07,05,42,110,47,12,31,041,45,13,25,035,42,23,14,354,36,1*63
$GPGSV,2,2,07,25,66,027,53,29,58,170,29,31,21,248,23,1*52
$GPGSV,3,1,11,05,42,110,44,12,31,041,35,13,25,035,34,18,61,286,16,6*61
$GPGSV,3,2,11,21,15,136,14,23,14,354,36,25,66,027,47,26,17,223,22,6*67
$GPGSV,3,3,11,28,28,281,17,29,58,170,23,31,21,248,25,6*57
$GPGSV,2,1,07,13,25,035,35,18,61,286,24,21,15,136,15,23,14,354,42,8*6F
$GPGSV,2,2,07,25,66,027,54,26,17,223,22,28,28,281,27,8*56
$GPGSV,1,1,01,15,03,049,,0*5E
$GLGSV,2,1,07,67,10,092,12,73,49,224,23,79,12,019,29,80,64,354,44,1*7E
$GLGSV,2,2,07,82,34,155,25,83,55,235,21,84,17,289,18,1*48
$GLGSV,1,1,04,79,12,019,25,80,64,354,42,82,34,155,26,83,55,235,23,3*74
$GLGSV,1,1,03,66,03,143,,68,01,046,,74,03,207,,0*47
$GAGSV,2,1,08,02,24,222,19,10,46,143,38,11,76,155,21,12,22,141,19,1*72
$GAGSV,2,2,08,14,25,098,31,16,47,054,46,25,79,190,24,36,50,313,22,1*7D
$GAGSV,1,1,01,16,47,054,51,5*41
$GAGSV,2,1,06,10,46,143,34,11,76,155,22,12,22,141,25,14,25,098,31,7*75
$GAGSV,2,2,06,16,47,054,47,25,79,190,30,7*71
$GAGSV,1,1,01,34,00,318,,0*48
$GBGSV,2,1,06,12,18,088,20,26,54,262,17,29,30,128,41,31,29,268,20,3*7D
$GBGSV,2,2,06,35,63,203,23,39,42,359,47,3*71
$GBGSV,3,1,09,12,18,088,11,19,18,061,17,22,03,013,12,24,17,223,16,5*75
$GBGSV,3,2,09,26,54,262,10,29,30,128,45,31,29,268,18,35,63,203,18,5*7D
$GBGSV,3,3,09,39,42,359,47,5*4B
$GBGSV,3,1,09,11,10,119,14,12,18,088,27,19,18,061,18,20,14,108,19,8*7F
$GBGSV,3,2,09,26,54,262,19,29,30,128,42,31,29,268,20,35,63,203,24,8*7A
$GBGSV,3,3,09,39,42,359,45,8*44
$GBGSV,1,1,01,36,00,024,,0*45
$GNGLL,3001.74234,S,05112.74967,W,163819.00,A,D*71
$GNRMC,163820.00,A,3001.74233,S,05112.74966,W,0.016,,090926,,,F,V*1F
$GNVTG,,T,,M,0.016,N,0.030,K,D*3C
$GNGGA,163820.00,3001.74233,S,05112.74966,W,5,12,0.69,50.8,M,4.8,M,2.0,0920*63
$GNGSA,M,3,18,23,25,28,29,31,05,12,13,,,,1.29,0.69,1.09,1*08
$GNGSA,M,3,80,82,79,84,83,,,,,,,,1.29,0.69,1.09,2*08
$GNGSA,M,3,10,11,12,16,25,36,02,,,,,,1.29,0.69,1.09,3*07
$GNGSA,M,3,19,26,29,35,39,12,,,,,,,1.29,0.69,1.09,4*0D
$GPGSV,2,1,07,05,42,110,47,12,31,041,44,13,25,035,42,23,14,354,37,1*63
$GPGSV,2,2,07,25,66,027,53,29,58,170,29,31,21,248,23,1*52
$GPGSV,3,1,11,05,42,110,44,12,31,041,35,13,25,035,34,18,61,286,17,6*60
$GPGSV,3,2,11,21,15,136,14,23,14,354,36,25,66,027,47,26,17,223,21,6*64
$GPGSV,3,3,11,28,28,281,16,29,58,170,23,31,21,248,25,6*56
$GPGSV,2,1,07,13,25,035,35,18,61,286,24,21,15,136,14,23,14,354,42,8*6E
$GPGSV,2,2,07,25,66,027,54,26,17,223,21,28,28,281,27,8*55
$GPGSV,1,1,01,15,03,049,,0*5E
$GLGSV,2,1,07,67,10,092,09,73,49,224,23,79,12,019,30,80,64,354,44,1*7C
$GLGSV,2,2,07,82,34,155,25,83,55,235,20,84,17,289,18,1*49
$GLGSV,1,1,04,79,12,019,24,80,64,354,43,82,34,155,26,83,55,235,23,3*74
$GLGSV,1,1,03,66,03,143,,68,01,046,,74,03,207,,0*47
$GAGSV,2,1,08,02,24,222,19,10,46,143,38,11,76,155,21,12,22,141,20,1*78
$GAGSV,2,2,08,14,25,098,31,16,47,054,46,25,79,190,24,36,50,313,22,1*7D
$GAGSV,1,1,01,16,47,054,51,5*41
$GAGSV,2,1,06,10,46,143,34,11,76,155,22,12,22,141,25,14,25,098,31,7*75
$GAGSV,2,2,06,16,47,054,46,25,79,190,30,7*70
$GAGSV,1,1,01,34,00,318,,0*48
$GBGSV,2,1,06,12,18,088,20,26,54,262,17,29,30,128,41,31,29,268,21,3*7C
$GBGSV,2,2,06,35,63,203,23,39,42,359,47,3*71
$GBGSV,2,1,08,19,18,061,17,22,03,013,12,24,17,223,17,26,54,262,10,5*7C
$GBGSV,2,2,08,29,30,128,45,31,29,268,18,35,63,203,19,39,42,359,47,5*7E
$GBGSV,3,1,09,11,10,119,14,12,18,088,27,19,18,061,17,20,14,108,17,8*7E
$GBGSV,3,2,09,26,54,262,19,29,30,128,42,31,29,268,19,35,63,203,24,8*70
$GBGSV,3,3,09,39,42,359,45,8*44
$GBGSV,1,1,01,36,00,024,,0*45
$GNGLL,3001.74233,S,05112.74966,W,163820.00,A,D*7D
$GNRMC,163821.00,A,3001.74233,S,05112.74967,W,0.016,,090926,,,F,V*1F
$GNVTG,,T,,M,0.016,N,0.029,K,D*34
$GNGGA,163821.00,3001.74233,S,05112.74967,W,5,12,0.69,50.8,M,4.8,M,2.0,0920*63
$GNGSA,M,3,18,23,25,28,29,31,05,12,13,,,,1.29,0.69,1.09,1*08
$GNGSA,M,3,80,82,79,84,83,,,,,,,,1.29,0.69,1.09,2*08
$GNGSA,M,3,10,11,12,16,25,36,02,,,,,,1.29,0.69,1.09,3*07
$GNGSA,M,3,26,29,31,35,39,12,,,,,,,1.29,0.69,1.09,4*07
$GPGSV,2,1,07,05,42,110,47,12,31,041,45,13,25,035,42,23,14,354,37,1*62
$GPGSV,2,2,07,25,66,027,53,29,58,170,29,31,21,248,24,1*55
$GPGSV,3,1,11,05,42,110,44,12,31,041,35,13,25,035,34,18,61,286,17,6*60
$GPGSV,3,2,11,21,15,136,14,23,14,354,36,25,66,027,47,26,17,223,20,6*65
$GPGSV,3,3,11,28,28,281,15,29,58,170,23,31,21,248,25,6*55
$GPGSV,2,1,07,13,25,035,35,18,61,286,24,21,15,136,14,23,14,354,42,8*6E
$GPGSV,2,2,07,25,66,027,54,26,17,223,21,28,28,281,27,8*55
$GPGSV,1,1,01,15,03,049,,0*5E
$GLGSV,2,1,07,67,10,092,08,73,49,224,22,79,12,019,30,80,64,354,44,1*7C
$GLGSV,2,2,07,82,34,155,25,83,55,235,20,84,17,289,19,1*48
$GLGSV,2,1,05,79,12,019,24,80,64,354,42,82,34,155,26,83,55,235,23,3*77
$GLGSV,2,2,05,84,17,289,14,3*43
$GLGSV,1,1,03,66,03,143,,68,01,046,,74,03,207,,0*47
$GAGSV,2,1,08,02,24,222,19,10,46,143,38,11,76,155,21,12,22,141,20,1*78
$GAGSV,2,2,08,14,25,098,31,16,47,054,46,25,79,190,25,36,50,313,22,1*7C
$GAGSV,1,1,01,16,47,054,51,5*41
$GAGSV,2,1,06,10,46,143,33,11,76,155,22,12,22,141,25,14,25,098,31,7*72
$GAGSV,2,2,06,16,47,054,46,25,79,190,30,7*70
$GAGSV,1,1,01,34,00,318,,0*48
$GBGSV,2,1,06,12,18,088,21,26,54,262,17,29,30,128,41,31,29,268,21,3*7D
$GBGSV,2,2,06,35,63,203,23,39,42,359,47,3*71
$GBGSV,3,1,09,19,18,061,17,22,03,013,12,24,17,223,16,26,54,262,11,5*7C
$GBGSV,3,2,09,29,30,128,45,31,29,268,19,35,63,203,19,36,00,024,13,5*7E
$GBGSV,3,3,09,39,42,359,47,5*4B
$GBGSV,3,1,09,11,10,119,14,12,18,088,27,19,18,061,18,20,14,108,16,8*70
$GBGSV,3,2,09,26,54,262,19,29,30,128,42,31,29,268,19,35,63,203,24,8*70
$GBGSV,3,3,09,39,42,359,46,8*47
$GNGLL,3001.74233,S,05112.74967,W,163821.00,A,D*7D
$GNRMC,163822.00,A,3001.74234,S,05112.74967,W,0.005,,090926,,,F,V*19
$GNVTG,,T,,M,0.005,N,0.009,K,D*34
$GNGGA,163822.00,3001.74234,S,05112.74967,W,5,12,0.71,50.8,M,4.8,M,2.0,0920*6E
$GNGSA,M,3,18,23,25,28,29,31,05,12,13,,,,1.31,0.71,1.10,1*00
$GNGSA,M,3,80,82,79,84,83,,,,,,,,1.31,0.71,1.10,2*00
$GNGSA,M,3,10,11,12,16,25,36,02,,,,,,1.31,0.71,1.10,3*0F
$GNGSA,M,3,19,26,29,31,35,39,12,,,,,,1.31,0.71,1.10,4*07
$GPGSV,2,1,07,05,42,110,47,12,31,041,44,13,25,035,42,23,14,354,37,1*63
$GPGSV,2,2,07,25,66,027,53,29,58,170,29,31,21,248,24,1*55
$GPGSV,3,1,11,05,42,110,44,12,31,041,35,13,25,035,35,18,61,286,16,6*60
$GPGSV,3,2,11,21,15,136,12,23,14,354,36,25,66,027,47,26,17,223,20,6*63
$GPGSV,3,3,11,28,28,281,15,29,58,170,23,31,21,248,25,6*55
$GPGSV,2,1,07,13,25,035,35,18,61,286,24,21,15,136,14,23,14,354,42,8*6E
$GPGSV,2,2,07,25,66,027,54,26,17,223,21,28,28,281,27,8*55
$GPGSV,1,1,01,15,03,049,,0*5E
$GLGSV,2,1,07,67,10,092,09,73,49,224,22,79,12,019,30,80,64,354,44,1*7D
$GLGSV,2,2,07,82,34,155,25,83,55,235,20,84,17,289,20,1*42
$GLGSV,2,1,06,68,01,046,17,79,12,019,24,80,64,354,42,82,34,155,26,3*71
$GLGSV,2,2,06,83,55,235,22,84,17,289,13,3*78
$GLGSV,1,1,02,66,03,143,,74,03,207,,0*7B
$GAGSV,2,1,08,02,24,222,19,10,46,143,38,11,76,155,21,12,22,141,20,1*78
$GAGSV,2,2,08,14,25,098,31,16,47,054,46,25,79,190,25,36,50,313,22,1*7C
$GAGSV,1,1,01,16,47,054,51,5*41
$GAGSV,2,1,06,10,46,143,33,11,76,155,22,12,22,141,25,14,25,098,31,7*72
$GAGSV,2,2,06,16,47,054,47,25,79,190,30,7*71
$GAGSV,1,1,01,34,00,318,,0*48
$GBGSV,2,1,06,12,18,088,20,26,54,262,18,29,30,128,41,31,29,268,22,3*70
$GBGSV,2,2,06,35,63,203,23,39,42,359,47,3*71
$GBGSV,3,1,10,12,18,088,18,19,18,061,17,22,03,013,11,24,17,223,16,5*77
$GBGSV,3,2,10,26,54,262,10,29,30,128,45,31,29,268,19,35,63,203,19,5*75
$GBGSV,3,3,10,36,00,024,15,39,42,359,47,5*74
$GBGSV,3,1,09,11,10,119,14,12,18,088,27,19,18,061,18,20,14,108,15,8*73
$GBGSV,3,2,09,26,54,262,19,29,30,128,42,31,29,268,19,35,63,203,24,8*70
$GBGSV,3,3,09,39,42,359,46,8*47
$GNGLL,3001.74234,S,05112.74967,W,163822.00,A,D*79
$GNRMC,163823.00,A,3001.74234,S,05112.74967,W,0.047,,090926,,,F,V*1E
$GNVTG,,T,,M,0.047,N,0.088,K,D*3B
$GNGGA,163823.00,3001.74234,S,05112.74967,W,5,12,0.71,50.8,M,4.8,M,2.0,0920*6F
$GNGSA,M,3,18,23,25,29,31,05,12,13,,,,,1.31,0.71,1.10,1*0A
$GNGSA,M,3,80,82,79,84,83,,,,,,,,1.31,0.71,1.10,2*00
$GNGSA,M,3,10,11,12,16,25,36,02,,,,,,1.31,0.71,1.10,3*0F
$GNGSA,M,3,19,26,29,31,35,39,12,,,,,,1.31,0.71,1.10,4*07
$GPGSV,2,1,07,05,42,110,47,12,31,041,45,13,25,035,42,23,14,354,37,1*62
$GPGSV,2,2,07,25,66,027,53,29,58,170,29,31,21,248,24,1*55
$GPGSV,3,1,11,05,42,110,44,12,31,041,35,13,25,035,34,18,61,286,17,6*60
$GPGSV,3,2,11,21,15,136,11,23,14,354,36,25,66,027,47,26,17,223,20,6*60
$GPGSV,3,3,11,28,28,281,13,29,58,170,23,31,21,248,25,6*53
$GPGSV,2,1,07,13,25,035,35,18,61,286,24,21,15,136,15,23,14,354,42,8*6F
$GPGSV,2,2,07,25,66,027,54,26,17,223,21,28,28,281,27,8*55
$GPGSV,1,1,01,15,03,049,,0*5E
$GLGSV,2,1,07,67,10,092,09,73,49,224,22,79,12,019,30,80,64,354,44,1*7D
$GLGSV,2,2,07,82,34,155,25,83,55,235,20,84,17,289,20,1*42
$GLGSV,2,1,07,67,10,092,16,68,01,046,14,79,12,019,23,80,64,354,42,3*70
$GLGSV,2,2,07,82,34,155,26,83,55,235,21,84,17,289,13,3*42
$GLGSV,1,1,02,66,03,143,,74,03,207,,0*7B
$GAGSV,2,1,08,02,24,222,19,10,46,143,38,11,76,155,22,12,22,141,20,1*7B
$GAGSV,2,2,08,14,25,098,31,16,47,054,46,25,79,190,25,36,50,313,22,1*7C
$GAGSV,1,1,01,16,47,054,51,5*41
$GAGSV,2,1,06,10,46,143,34,11,76,155,23,12,22,141,25,14,25,098,31,7*74
$GAGSV,2,2,06,16,47,054,47,25,79,190,30,7*71
$GAGSV,1,1,01,34,00,318,,0*48
$GBGSV,2,1,06,12,18,088,20,26,54,262,18,29,30,128,41,31,29,268,21,3*73
$GBGSV,2,2,06,35,63,203,23,39,42,359,47,3*71
$GBGSV,3,1,09,12,18,088,16,19,18,061,18,22,03,013,12,24,17,223,17,5*7C
$GBGSV,3,2,09,29,30,128,45,31,29,268,19,35,63,203,19,36,00,024,15,5*78
$GBGSV,3,3,09,39,42,359,47,5*4B
$GBGSV,3,1,09,11,10,119,14,12,18,088,27,19,18,061,17,20,14,108,14,8*7D
$GBGSV,3,2,09,26,54,262,19,29,30,128,42,31,29,268,19,35,63,203,25,8*71
$GBGSV,3,3,09,39,42,359,46,8*47
$GNGLL,3001.74234,S,05112.74967,W,163823.00,A,D*78
$GNRMC,163824.00,A,3001.74234,S,05112.74967,W,0.011,,090926,,,F,V*1A
$GNVTG,,T,,M,0.011,N,0.021,K,D*3B
$GNGGA,163824.00,3001.74234,S,05112.74967,W,5,12,0.69,50.8,M,4.8,M,2.0,0920*61
$GNGSA,M,3,18,23,25,29,31,05,12,13,,,,,1.29,0.69,1.09,1*02
$GNGSA,M,3,80,82,79,84,83,,,,,,,,1.29,0.69,1.09,2*08
$GNGSA,M,3,10,11,12,16,25,36,02,,,,,,1.29,0.69,1.09,3*07
$GNGSA,M,3,26,29,35,39,12,,,,,,,,1.29,0.69,1.09,4*05
$GPGSV,2,1,07,05,42,110,47,12,31,041,45,13,25,035,42,23,14,354,37,1*62
$GPGSV,2,2,07,25,66,027,53,29,58,170,29,31,21,248,24,1*55
$GPGSV,3,1,11,05,42,110,44,12,31,041,35,13,25,035,34,18,61,286,16,6*61
$GPGSV,3,2,11,21,15,136,12,23,14,354,36,25,66,027,47,26,17,223,20,6*63
$GPGSV,3,3,11,28,28,281,12,29,58,170,23,31,21,248,24,6*53
$GPGSV,2,1,07,13,25,035,35,18,61,286,24,21,15,136,16,23,14,354,42,8*6C
$GPGSV,2,2,07,25,66,027,54,26,17,223,20,28,28,281,27,8*54
$GPGSV,1,1,01,15,03,049,,0*5E
$GLGSV,2,1,07,67,10,092,10,73,49,224,21,79,12,019,29,80,64,354,44,1*7E
$GLGSV,2,2,07,82,34,155,25,83,55,235,20,84,17,289,20,1*42
$GLGSV,2,1,07,67,10,092,16,68,01,046,12,79,12,019,22,80,64,354,42,3*77
$GLGSV,2,2,07,82,34,155,25,83,55,235,20,84,17,289,11,3*42
$GLGSV,1,1,02,66,03,143,,74,03,207,,0*7B
$GAGSV,2,1,08,02,24,222,18,10,45,143,38,11,76,155,22,12,22,141,20,1*79
$GAGSV,2,2,08,14,25,098,32,16,47,054,46,25,79,190,25,36,50,313,22,1*7F
$GAGSV,1,1,01,16,47,054,51,5*41
$GAGSV,2,1,06,10,45,143,33,11,76,155,23,12,22,141,25,14,25,098,31,7*70
$GAGSV,2,2,06,16,47,054,46,25,79,190,30,7*70
$GAGSV,1,1,01,34,00,318,,0*48
$GBGSV,2,1,06,12,18,088,21,26,54,262,19,29,30,128,41,31,29,268,21,3*73
$GBGSV,2,2,06,35,63,203,23,39,42,359,47,3*71
$GBGSV,3,1,09,12,18,088,16,19,18,061,17,22,03,013,10,24,17,223,17,5*71
$GBGSV,3,2,09,29,30,128,45,31,29,268,19,35,63,203,19,36,00,024,14,5*79
$GBGSV,3,3,09,39,42,359,47,5*4B
$GBGSV,3,1,09,11,10,119,13,12,18,088,27,19,18,061,16,20,14,108,12,8*7D
$GBGSV,3,2,09,26,54,262,20,29,30,128,42,31,29,268,18,35,63,203,25,8*7A
$GBGSV,3,3,09,39,42,359,45,8*44
$GNGLL,3001.74234,S,05112.74967,W,163824.00,A,D*7F
$GNRMC,163825.00,A,3001.74233,S,05112.74966,W,0.007,,090926,,,F,V*1A
$GNVTG,,T,,M,0.007,N,0.013,K,D*3D
$GNGGA,163825.00,3001.74233,S,05112.74966,W,5,12,0.69,50.9,M,4.8,M,2.0,0920*67
$GNGSA,M,3,18,23,25,29,31,05,12,13,,,,,1.29,0.69,1.09,1*02
$GNGSA,M,3,80,82,79,84,83,,,,,,,,1.29,0.69,1.09,2*08
$GNGSA,M,3,10,11,12,16,25,36,02,,,,,,1.29,0.69,1.09,3*07
$GNGSA,M,3,26,29,35,39,12,,,,,,,,1.29,0.69,1.09,4*05
$GPGSV,2,1,07,05,42,110,47,12,31,041,45,13,25,035,42,23,14,354,37,1*62
$GPGSV,2,2,07,25,66,027,53,29,58,170,29,31,21,248,23,1*52
$GPGSV,3,1,11,05,42,110,44,12,31,041,35,13,25,035,34,18,61,286,15,6*62
$GPGSV,3,2,11,21,15,136,14,23,14,354,36,25,66,027,47,26,17,223,20,6*65
$GPGSV,3,3,11,28,28,281,11,29,58,170,23,31,21,248,24,6*50
$GPGSV,2,1,07,13,25,035,35,18,61,286,24,21,15,136,16,23,14,354,42,8*6C
$GPGSV,2,2,07,25,66,027,54,26,17,223,20,28,28,281,27,8*54
$GPGSV,1,1,01,15,03,049,,0*5E
$GLGSV,2,1,07,67,10,092,09,73,49,224,22,79,12,019,30,80,64,354,44,1*7D
$GLGSV,2,2,07,82,34,155,24,83,55,235,21,84,17,289,19,1*48
$GLGSV,2,1,07,67,10,092,16,68,01,046,08,79,12,019,22,80,64,354,42,3*7C
$GLGSV,2,2,07,82,34,155,25,83,55,235,19,84,17,289,13,3*4A
$GLGSV,1,1,02,66,03,143,,74,03,207,,0*7B
$GAGSV,2,1,08,02,24,222,19,10,45,143,38,11,75,156,22,12,22,141,21,1*79
$GAGSV,2,2,08,14,25,098,32,16,47,054,46,25,79,190,25,36,50,313,22,1*7F
$GAGSV,1,1,01,16,47,054,51,5*41
$GAGSV,2,1,06,10,45,143,33,11,75,156,23,12,22,141,25,14,25,098,31,7*70
$GAGSV,2,2,06,16,47,054,46,25,79,190,30,7*70
$GAGSV,1,1,01,34,00,318,,0*48
$GBGSV,2,1,06,12,18,088,20,26,54,262,19,29,30,128,41,31,29,268,22,3*71
$GBGSV,2,2,06,35,63,203,23,39,42,359,47,3*71
$GBGSV,3,1,10,12,18,088,16,19,18,061,16,20,14,108,27,22,03,013,11,5*77
$GBGSV,3,2,10,24,17,223,17,29,30,128,45,31,29,268,19,35,63,203,19,5*72
$GBGSV,3,3,10,36,00,024,14,39,42,359,47,5*75
$GBGSV,3,1,09,11,10,119,14,12,18,088,27,19,18,061,17,20,14,108,11,8*78
$GBGSV,3,2,09,26,54,262,20,29,30,128,42,31,29,268,19,35,63,203,25,8*7B
$GBGSV,3,3,09,39,42,359,45,8*44
$GNGLL,3001.74233,S,05112.74966,W,163825.00,A,D*78
$GNRMC,163826.00,A,3001.74234,S,05112.74966,W,0.010,,090926,,,F,V*18
$GNVTG,,T,,M,0.010,N,0.019,K,D*31
$GNGGA,163826.00,3001.74234,S,05112.74966,W,5,12,0.69,50.9,M,4.8,M,2.0,0920*63
$GNGSA,M,3,18,23,25,29,31,05,12,13,,,,,1.29,0.69,1.10,1*0A
$GNGSA,M,3,80,82,79,84,83,,,,,,,,1.29,0.69,1.10,2*00
$GNGSA,M,3,10,11,12,16,25,36,02,,,,,,1.29,0.69,1.10,3*0F
$GNGSA,M,3,26,29,35,39,12,,,,,,,,1.29,0.69,1.10,4*0D
$GPGSV,2,1,07,05,42,110,47,12,31,041,44,13,25,035,42,23,14,354,37,1*63
$GPGSV,2,2,07,25,66,027,53,29,58,170,29,31,21,248,23,1*52
$GPGSV,3,1,11,05,42,110,44,12,31,041,35,13,25,035,34,18,61,286,15,6*62
$GPGSV,3,2,11,21,15,136,14,23,14,354,36,25,66,027,47,26,17,223,20,6*65
$GPGSV,3,3,11,28,28,281,09,29,58,170,24,31,21,248,24,6*5E
$GPGSV,2,1,07,13,25,035,35,18,61,286,25,21,15,136,16,23,14,354,42,8*6D
$GPGSV,2,2,07,25,66,027,54,26,17,223,21,28,28,281,27,8*55
$GPGSV,1,1,01,15,03,049,,0*5E
$GLGSV,2,1,07,67,10,092,09,73,49,224,22,79,12,019,29,80,64,354,44,1*75
$GLGSV,2,2,07,82,34,155,24,83,55,235,22,84,17,289,20,1*41
$GLGSV,2,1,07,67,10,092,16,68,01,046,08,79,12,019,22,80,64,354,42,3*7C
$GLGSV,2,2,07,82,34,155,25,83,55,235,18,84,17,289,14,3*4C
$GLGSV,1,1,02,66,03,143,,74,03,207,,0*7B
$GAGSV,2,1,08,02,24,222,19,10,45,143,38,11,75,156,21,12,21,141,21,1*79
$GAGSV,2,2,08,14,25,098,32,16,47,054,46,25,79,190,24,36,50,313,22,1*7E
$GAGSV,1,1,01,16,47,054,51,5*41
$GAGSV,2,1,06,10,45,143,33,11,75,156,23,12,21,141,25,14,25,098,31,7*73
$GAGSV,2,2,06,16,47,054,46,25,79,190,30,7*70
$GAGSV,1,1,01,34,00,318,,0*48
$GBGSV,2,1,06,12,18,088,20,26,54,262,19,29,30,128,41,31,29,268,22,3*71
$GBGSV,2,2,06,35,63,203,22,39,42,359,47,3*70
$GBGSV,3,1,10,12,18,088,16,19,18,061,16,20,14,108,25,22,03,013,10,5*74
$GBGSV,3,2,10,24,17,223,17,29,30,128,45,31,29,268,19,35,63,203,19,5*72
$GBGSV,3,3,10,36,00,024,13,39,42,359,47,5*72
$GBGSV,3,1,09,11,10,119,14,12,18,088,27,19,18,061,17,20,14,108,09,8*71
$GBGSV,3,2,09,26,54,262,19,29,30,128,42,31,29,268,19,35,63,203,25,8*71
$GBGSV,3,3,09,39,42,359,45,8*44
$GNGLL,3001.74234,S,05112.74966,W,163826.00,A,D*7C
$GNRMC,163827.00,A,3001.74234,S,05112.74966,W,0.014,,090926,,,F,V*1D
$GNVTG,,T,,M,0.014,N,0.027,K,D*38
$GNGGA,163827.00,3001.74234,S,05112.74966,W,5,12,0.71,50.9,M,4.8,M,2.0,0920*6B
$GNGSA,M,3,23,25,29,31,05,12,13,,,,,,1.31,0.71,1.10,1*03
$GNGSA,M,3,80,82,79,84,83,,,,,,,,1.31,0.71,1.10,2*00
$GNGSA,M,3,10,11,12,16,25,36,02,,,,,,1.31,0.71,1.10,3*0F
$GNGSA,M,3,26,29,35,39,12,,,,,,,,1.31,0.71,1.10,4*0D
$GPGSV,2,1,07,05,42,110,47,12,31,041,44,13,25,035,42,23,14,354,37,1*63
$GPGSV,2,2,07,25,66,027,53,29,58,170,29,31,21,248,23,1*52
$GPGSV,3,1,10,05,42,110,44,12,31,041,35,13,25,035,34,18,61,286,14,6*62
$GPGSV,3,2,10,21,15,136,14,23,14,354,36,25,66,027,47,26,17,223,20,6*64
$GPGSV,3,3,10,29,58,170,24,31,21,248,24,6*6D
$GPGSV,2,1,07,13,25,035,35,18,61,286,24,21,15,136,15,23,14,354,42,8*6F
$GPGSV,2,2,07,25,66,027,54,26,17,223,21,28,28,281,27,8*55
$GPGSV,1,1,01,15,03,049,,0*5E
$GLGSV,2,1,07,67,10,092,08,73,49,224,22,79,12,019,29,80,64,354,44,1*74
$GLGSV,2,2,07,82,34,155,23,83,55,235,23,84,17,289,21,1*46
$GLGSV,2,1,07,67,10,092,15,68,01,046,08,79,12,019,22,80,64,354,42,3*7F
$GLGSV,2,2,07,82,34,155,25,83,55,235,18,84,17,289,15,3*4D
$GLGSV,1,1,02,66,03,143,,74,03,207,,0*7B
$GAGSV,2,1,08,02,24,222,19,10,45,143,38,11,75,156,22,12,21,141,21,1*7A
$GAGSV,2,2,08,14,25,098,32,16,47,054,46,25,79,190,24,36,50,313,22,1*7E
$GAGSV,1,1,01,16,47,054,51,5*41
$GAGSV,2,1,06,10,45,143,33,11,75,156,22,12,21,141,25,14,25,098,30,7*73
$GAGSV,2,2,06,16,47,054,46,25,79,190,30,7*70
$GAGSV,1,1,01,34,00,318,,0*48
$GBGSV,2,1,06,12,18,088,20,26,54,262,19,29,30,128,41,31,29,268,22,3*71
$GBGSV,2,2,06,35,63,203,22,39,42,359,47,3*70
$GBGSV,3,1,09,12,18,088,16,19,18,061,16,20,14,108,25,24,17,223,17,5*79
$GBGSV,3,2,09,29,30,128,45,31,29,268,18,35,63,203,19,36,00,024,13,5*7F
$GBGSV,3,3,09,39,42,359,47,5*4B
$GBGSV,2,1,08,11,10,119,14,12,18,088,27,19,18,061,17,26,54,262,20,8*77
$GBGSV,2,2,08,29,30,128,42,31,29,268,19,35,63,203,25,39,42,359,45,8*78
$GBGSV,1,1,01,22,03,013,,0*47
$GNGLL,3001.74234,S,05112.74966,W,163827.00,A,D*7D
$GNRMC,163828.00,A,3001.74234,S,05112.74966,W,0.030,,090926,,,F,V*14
$GNVTG,,T,,M,0.030,N,0.055,K,D*3B
$GNGGA,163828.00,3001.74234,S,05112.74966,W,5,12,0.69,50.9,M,4.8,M,2.0,0920*6D
$GNGSA,M,3,23,25,29,31,05,12,13,,,,,,1.29,0.69,1.10,1*03
$GNGSA,M,3,80,82,79,84,83,,,,,,,,1.29,0.69,1.10,2*00
$GNGSA,M,3,10,11,12,16,25,36,02,,,,,,1.29,0.69,1.10,3*0F
$GNGSA,M,3,19,26,29,31,35,39,12,,,,,,1.29,0.69,1.10,4*07
$GPGSV,2,1,07,05,42,110,47,12,31,041,44,13,25,035,42,23,14,354,37,1*63
$GPGSV,2,2,07,25,66,027,53,29,58,170,29,31,21,248,23,1*52
$GPGSV,3,1,10,05,42,110,44,12,31,041,35,13,25,035,34,18,61,286,13,6*65
$GPGSV,3,2,10,21,15,136,14,23,14,354,36,25,66,027,47,26,17,223,19,6*6E
$GPGSV,3,3,10,29,58,170,23,31,21,248,25,6*6B
$GPGSV,2,1,07,13,25,035,35,18,61,286,25,21,15,136,14,23,14,354,42,8*6F
$GPGSV,2,2,07,25,66,027,54,26,17,223,20,28,28,281,27,8*54
$GPGSV,1,1,01,15,03,049,,0*5E
$GLGSV,2,1,07,67,10,092,09,73,49,224,22,79,12,019,29,80,64,354,44,1*75
$GLGSV,2,2,07,82,34,155,23,83,55,235,23,84,17,289,21,1*46
$GLGSV,2,1,08,67,10,092,12,68,01,046,09,73,49,224,17,79,12,019,21,3*70
$GLGSV,2,2,08,80,64,354,42,82,34,155,25,83,55,235,17,84,17,289,15,3*73
$GLGSV,1,1,02,66,03,143,,74,03,207,,0*7B
$GAGSV,2,1,08,02,24,222,19,10,45,143,38,11,75,156,22,12,21,141,21,1*7A
$GAGSV,2,2,08,14,24,097,32,16,47,054,46,25,79,190,25,36,50,313,22,1*71
$GAGSV,1,1,01,16,47,054,51,5*41
$GAGSV,2,1,06,10,45,143,33,11,75,156,23,12,21,141,25,14,24,097,30,7*7C
$GAGSV,2,2,06,16,47,054,46,25,79,190,30,7*70
$GAGSV,1,1,01,34,00,318,,0*48
$GBGSV,2,1,06,12,18,088,21,26,54,262,18,29,30,128,41,31,29,268,21,3*72
$GBGSV,2,2,06,35,63,203,22,39,42,359,47,3*70
$GBGSV,3,1,09,12,18,088,16,19,18,061,17,20,14,108,24,24,17,223,17,5*79
$GBGSV,3,2,09,29,30,128,45,31,29,268,19,35,63,203,19,36,00,024,13,5*7E
$GBGSV,3,3,09,39,42,359,47,5*4B
$GBGSV,2,1,08,11,10,119,13,12,18,088,27,19,18,061,18,26,54,262,20,8*7F
$GBGSV,2,2,08,29,30,128,42,31,29,268,17,35,63,203,26,39,42,359,46,8*76
$GBGSV,1,1,01,22,03,013,,0*47
$GNGLL,3001.74234,S,05112.74966,W,163828.00,A,D*72
$GNRMC,163829.00,A,3001.74234,S,05112.74966,W,0.018,,090926,,,F,V*1F
$GNVTG,,T,,M,0.018,N,0.034,K,D*36
$GNGGA,163829.00,3001.74234,S,05112.74966,W,5,12,0.67,50.9,M,4.8,M,2.0,0920*62
$GNGSA,M,3,23,25,29,31,05,12,13,,,,,,1.24,0.67,1.05,1*04
$GNGSA,M,3,80,82,79,84,83,,,,,,,,1.24,0.67,1.05,2*07
$GNGSA,M,3,10,11,12,16,25,36,02,,,,,,1.24,0.67,1.05,3*08
$GNGSA,M,3,19,26,29,35,39,12,,,,,,,1.24,0.67,1.05,4*02
$GPGSV,2,1,07,05,42,110,47,12,31,041,44,13,25,035,42,23,14,354,37,1*63
$GPGSV,2,2,07,25,66,027,53,29,58,170,29,31,21,248,22,1*53
$GPGSV,3,1,10,05,42,110,44,12,31,041,35,13,25,035,34,18,61,286,13,6*65
$GPGSV,3,2,10,21,15,136,13,23,14,354,36,25,66,027,47,26,17,223,19,6*69
$GPGSV,3,3,10,29,58,170,23,31,21,248,24,6*6A
$GPGSV,2,1,07,13,25,035,35,18,61,286,24,21,15,136,12,23,14,354,42,8*68
$GPGSV,2,2,07,25,66,027,54,26,17,223,20,28,28,281,27,8*54
$GPGSV,1,1,01,15,03,049,,0*5E
$GLGSV,2,1,07,67,10,092,10,73,49,224,22,79,12,019,29,80,64,354,44,1*7D
$GLGSV,2,2,07,82,34,155,23,83,55,235,24,84,17,289,20,1*40
$GLGSV,2,1,08,67,10,092,11,68,01,046,07,73,49,224,17,79,12,019,22,3*7E
$GLGSV,2,2,08,80,64,354,42,82,34,155,25,83,55,235,16,84,17,289,16,3*71
$GLGSV,1,1,02,66,03,143,,74,03,207,,0*7B
$GAGSV,2,1,08,02,24,222,18,10,45,143,38,11,75,156,22,12,21,141,20,1*7A
$GAGSV,2,2,08,14,24,097,32,16,47,054,46,25,79,190,24,36,50,313,22,1*70
$GAGSV,1,1,01,16,47,054,51,5*41
$GAGSV,2,1,06,10,45,143,33,11,75,156,22,12,21,141,25,14,24,097,30,7*7D
$GAGSV,2,2,06,16,47,054,46,25,79,190,30,7*70
$GAGSV,1,1,01,34,00,318,,0*48
$GBGSV,2,1,06,12,18,088,21,26,54,262,18,29,30,128,41,31,29,268,22,3*71
$GBGSV,2,2,06,35,63,203,22,39,42,359,47,3*70
$GBGSV,3,1,09,12,18,088,16,19,18,061,17,20,14,108,24,24,17,223,16,5*78
$GBGSV,3,2,09,29,30,128,45,31,29,268,19,35,63,203,19,36,00,024,13,5*7E
$GBGSV,3,3,09,39,42,359,47,5*4B
$GBGSV,2,1,07,12,18,088,27,19,18,061,18,26,54,262,20,29,30,128,42,8*7F
$GBGSV,2,2,07,31,29,268,16,35,63,203,26,39,42,359,46,8*4D
$GBGSV,1,1,02,11,10,119,,22,03,013,,0*7C
$GNGLL,3001.74234,S,05112.74966,W,163829.00,A,D*73
$GNRMC,163830.00,A,3001.74234,S,05112.74967,W,0.048,,090926,,,F,V*13
$GNVTG,,T,,M,0.048,N,0.089,K,D*35
$GNGGA,163830.00,3001.74234,S,05112.74967,W,5,12,0.67,50.9,M,4.8,M,2.0,0920*6B
$GNGSA,M,3,23,25,29,31,05,12,13,,,,,,1.24,0.67,1.05,1*04
$GNGSA,M,3,80,82,79,84,83,,,,,,,,1.24,0.67,1.05,2*07
$GNGSA,M,3,10,11,12,16,25,36,02,,,,,,1.24,0.67,1.05,3*08
$GNGSA,M,3,19,26,29,31,35,39,12,,,,,,1.24,0.67,1.05,4*00
$GPGSV,2,1,07,05,42,110,47,12,31,041,44,13,25,035,42,23,14,354,37,1*63
$GPGSV,2,2,07,25,66,027,53,29,58,170,29,31,21,248,22,1*53
$GPGSV,3,1,10,05,42,110,44,12,31,041,35,13,25,035,34,18,61,286,13,6*65
$GPGSV,3,2,10,21,15,136,13,23,14,354,36,25,66,027,47,26,17,223,19,6*69
$GPGSV,3,3,10,29,58,170,23,31,21,248,24,6*6A
$GPGSV,2,1,07,13,25,035,35,18,61,286,25,21,15,136,12,23,14,354,42,8*69
$GPGSV,2,2,07,25,66,027,54,26,17,223,20,28,28,281,27,8*54
$GPGSV,1,1,01,15,03,049,,0*5E
$GLGSV,2,1,07,67,10,092,12,73,49,224,22,79,12,019,29,80,64,354,44,1*7F
$GLGSV,2,2,07,82,34,155,23,83,55,235,24,84,17,289,21,1*41
$GLGSV,2,1,08,67,10,092,14,68,01,046,07,73,49,224,18,79,12,019,21,3*77
$GLGSV,2,2,08,80,64,354,42,82,34,155,25,83,55,235,16,84,17,289,16,3*71
$GLGSV,1,1,02,66,03,143,,74,03,207,,0*7B
$GAGSV,2,1,08,02,24,222,18,10,45,143,38,11,75,156,22,12,21,141,21,1*7B
$GAGSV,2,2,08,14,24,097,32,16,47,053,46,25,79,190,25,36,50,313,22,1*76
$GAGSV,1,1,01,16,47,053,51,5*46
$GAGSV,2,1,06,10,45,143,33,11,75,156,22,12,21,141,25,14,24,097,30,7*7D
$GAGSV,2,2,06,16,47,053,46,25,79,190,30,7*77
$GAGSV,1,1,01,34,00,318,,0*48
$GBGSV,2,1,06,12,18,088,21,26,54,262,17,29,30,128,41,31,29,268,22,3*7E
$GBGSV,2,2,06,35,63,203,22,39,42,359,47,3*70
$GBGSV,3,1,09,12,18,088,17,19,18,061,17,20,14,108,24,24,17,223,16,5*79
$GBGSV,3,2,09,29,30,128,45,31,29,268,20,35,63,203,19,36,00,024,13,5*74
$GBGSV,3,3,09,39,42,359,47,5*4B
$GBGSV,2,1,07,12,18,088,27,19,18,061,19,26,54,262,20,29,30,128,42,8*7E
$GBGSV,2,2,07,31,29,268,16,35,63,203,26,39,42,359,46,8*4D
$GBGSV,1,1,02,11,10,119,,22,03,013,,0*7C
$GNGLL,3001.74234,S,05112.74967,W,163830.00,A,D*7A
$GNRMC,163831.00,A,3001.74234,S,05112.74966,W,0.008,,090926,,,F,V*17
$GNVTG,,T,,M,0.008,N,0.015,K,D*34
$GNGGA,163831.00,3001.74234,S,05112.74966,W,5,12,0.69,50.9,M,4.8,M,2.0,0920*65
$GNGSA,M,3,23,25,29,31,05,12,13,,,,,,1.25,0.69,1.05,1*0B
$GNGSA,M,3,80,82,79,84,83,,,,,,,,1.25,0.69,1.05,2*08
$GNGSA,M,3,10,11,12,16,25,36,02,,,,,,1.25,0.69,1.05,3*07
$GNGSA,M,3,19,26,29,35,39,12,,,,,,,1.25,0.69,1.05,4*0D
$GPGSV,2,1,07,05,42,110,47,12,31,041,44,13,25,035,42,23,14,354,37,1*63
$GPGSV,2,2,07,25,66,027,53,29,58,170,29,31,21,248,22,1*53
$GPGSV,3,1,10,05,42,110,44,12,31,041,35,13,25,035,34,18,61,286,13,6*65
$GPGSV,3,2,10,21,15,136,13,23,14,354,36,25,66,027,47,26,17,223,18,6*68
$GPGSV,3,3,10,29,58,170,23,31,21,248,24,6*6A
$GPGSV,2,1,07,13,25,035,35,18,61,286,25,21,15,136,12,23,14,354,42,8*69
$GPGSV,2,2,07,25,66,027,54,26,17,223,20,28,28,281,27,8*54
$GPGSV,1,1,01,15,03,049,,0*5E
$GLGSV,2,1,07,67,10,092,12,73,49,224,23,79,12,019,29,80,64,354,44,1*7E
$GLGSV,2,2,07,82,34,155,23,83,55,235,24,84,17,289,21,1*41
$GLGSV,2,1,08,67,10,092,14,68,01,046,07,73,49,224,19,79,12,019,20,3*77
$GLGSV,2,2,08,80,64,354,42,82,34,155,25,83,55,235,16,84,17,289,16,3*71
$GLGSV,1,1,02,66,03,143,,74,03,207,,0*7B
$GAGSV,2,1,08,02,24,222,18,10,45,143,38,11,75,156,21,12,21,141,21,1*78
$GAGSV,2,2,08,14,24,097,32,16,47,053,46,25,79,190,24,36,50,313,21,1*74
$GAGSV,1,1,01,16,47,053,51,5*46
$GAGSV,2,1,06,10,45,143,33,11,75,156,22,12,21,141,25,14,24,097,30,7*7D
$GAGSV,2,2,06,16,47,053,46,25,79,190,30,7*77
$GAGSV,1,1,01,34,00,318,,0*48
$GBGSV,2,1,06,12,18,088,21,26,54,262,18,29,30,128,41,31,29,268,22,3*71
$GBGSV,2,2,06,35,63,203,22,39,42,359,47,3*70
$GBGSV,3,1,10,12,18,088,16,19,18,061,17,19,18,061,17,20,14,108,24,5*74
$GBGSV,3,2,10,24,17,223,16,29,30,128,46,31,29,268,20,35,63,203,19,5*7A
$GBGSV,3,3,10,36,00,024,13,39,42,359,47,5*72
$GBGSV,2,1,07,12,18,088,27,19,18,061,19,26,54,262,20,29,30,128,42,8*7E
$GBGSV,2,2,07,31,29,268,17,35,63,203,25,39,42,359,46,8*4F
$GBGSV,1,1,02,11,10,119,,22,03,013,,0*7C
$GNGLL,3001.74234,S,05112.74966,W,163831.00,A,D*7A
$GNRMC,163832.00,A,3001.74234,S,05112.74966,W,0.023,,090926,,,F,V*1D
$GNVTG,,T,,M,0.023,N,0.042,K,D*3F
$GNGGA,163832.00,3001.74234,S,05112.74966,W,5,12,0.69,50.9,M,4.8,M,2.0,0920*66
$GNGSA,M,3,23,25,29,31,05,12,13,,,,,,1.29,0.69,1.10,1*03
$GNGSA,M,3,80,82,79,84,83,,,,,,,,1.29,0.69,1.10,2*00
$GNGSA,M,3,10,11,12,16,25,36,02,,,,,,1.29,0.69,1.10,3*0F
$GNGSA,M,3,19,26,29,31,35,39,12,,,,,,1.29,0.69,1.10,4*07
$GPGSV,2,1,07,05,42,110,47,12,31,041,44,13,25,035,42,23,14,354,37,1*63
$GPGSV,2,2,07,25,66,027,53,29,58,170,29,31,21,248,22,1*53
$GPGSV,3,1,10,05,42,110,44,12,31,041,35,13,25,035,34,18,61,286,13,6*65
$GPGSV,3,2,10,21,15,136,12,23,14,354,36,25,66,027,47,26,17,223,18,6*69
$GPGSV,3,3,10,29,58,170,23,31,21,248,23,6*6D
$GPGSV,2,1,07,13,25,035,35,18,61,286,25,21,15,136,12,23,14,354,42,8*69
$GPGSV,2,2,07,25,66,027,54,26,17,223,20,28,28,281,27,8*54
$GPGSV,1,1,01,15,03,049,,0*5E
$GLGSV,2,1,07,67,10,092,10,73,49,224,23,79,12,019,29,80,64,354,44,1*7C
$GLGSV,2,2,07,82,34,155,23,83,55,235,24,84,17,289,22,1*42
$GLGSV,2,1,07,67,10,092,14,73,49,224,19,79,12,019,20,80,64,354,42,3*7C
$GLGSV,2,2,07,82,34,155,25,83,55,235,17,84,17,289,16,3*41
$GLGSV,1,1,03,66,03,143,,68,01,046,,74,03,207,,0*47
$GAGSV,2,1,08,02,24,222,18,10,45,143,38,11,75,156,21,12,21,141,21,1*78
$GAGSV,2,2,08,14,24,097,32,16,47,053,46,25,79,190,24,36,50,313,22,1*77
$GAGSV,1,1,01,16,47,053,51,5*46
$GAGSV,2,1,06,10,45,143,33,11,75,156,23,12,21,141,25,14,24,097,30,7*7C
$GAGSV,2,2,06,16,47,053,46,25,79,190,30,7*77
$GAGSV,1,1,01,34,00,318,,0*48
$GBGSV,2,1,06,12,18,088,21,26,54,262,19,29,30,128,41,31,29,268,21,3*73
$GBGSV,2,2,06,35,63,203,22,39,42,359,47,3*70
$GBGSV,3,1,09,12,18,088,16,19,18,061,16,20,14,108,25,24,17,223,16,5*78
$GBGSV,3,2,09,29,30,128,46,31,29,268,19,35,63,203,19,36,00,024,10,5*7E
$GBGSV,3,3,09,39,42,359,47,5*4B
$GBGSV,2,1,07,12,18,088,27,19,18,061,19,26,54,262,20,29,30,128,42,8*7E
$GBGSV,2,2,07,31,29,268,18,35,63,203,26,39,42,359,46,8*43
$GBGSV,1,1,02,11,10,119,,22,03,013,,0*7C
$GNGLL,3001.74234,S,05112.74966,W,163832.00,A,D*79
$GNRMC,163833.00,A,3001.74234,S,05112.74966,W,0.015,,090926,,,F,V*19
$GNVTG,,T,,M,0.015,N,0.028,K,D*36
$GNGGA,163833.00,3001.74234,S,05112.74966,W,5,12,0.69,50.9,M,4.8,M,2.0,0920*67
$GNGSA,M,3,23,25,29,31,05,12,13,,,,,,1.25,0.69,1.05,1*0B
$GNGSA,M,3,80,82,79,84,83,,,,,,,,1.25,0.69,1.05,2*08
$GNGSA,M,3,10,11,12,16,25,36,02,,,,,,1.25,0.69,1.05,3*07
$GNGSA,M,3,26,29,31,35,39,12,,,,,,,1.25,0.69,1.05,4*07
$GPGSV,2,1,07,05,42,110,47,12,31,041,44,13,25,035,42,23,14,354,37,1*63
$GPGSV,2,2,07,25,66,027,53,29,58,170,29,31,21,248,21,1*50
$GPGSV,3,1,09,05,42,110,44,12,31,041,35,13,25,035,34,18,61,286,13,6*6D
$GPGSV,3,2,09,23,14,354,36,25,66,027,47,26,17,223,18,29,58,170,23,6*60
$GPGSV,3,3,09,31,21,248,23,6*54
$GPGSV,2,1,07,13,25,035,35,18,61,286,25,21,15,136,14,23,14,354,42,8*6F
$GPGSV,2,2,07,25,66,027,54,26,17,223,20,28,28,281,27,8*54
$GPGSV,1,1,01,15,03,049,,0*5E
$GLGSV,2,1,07,67,10,092,12,73,49,224,23,79,12,019,29,80,64,354,44,1*7E
$GLGSV,2,2,07,82,34,155,23,83,55,235,25,84,17,289,22,1*43
$GLGSV,2,1,07,67,10,092,14,73,49,224,19,79,12,019,20,80,64,354,42,3*7C
$GLGSV,2,2,07,82,34,155,25,83,55,235,18,84,17,289,17,3*4F
$GLGSV,1,1,03,66,03,143,,68,01,046,,74,03,207,,0*47
$GAGSV,2,1,08,02,24,222,19,10,45,143,38,11,75,156,21,12,21,141,20,1*78
$GAGSV,2,2,08,14,24,097,32,16,47,053,46,25,79,190,25,36,50,313,22,1*76
$GAGSV,1,1,01,16,47,053,50,5*47
$GAGSV,2,1,06,10,45,143,33,11,75,156,23,12,21,141,25,14,24,097,29,7*74
$GAGSV,2,2,06,16,47,053,47,25,79,190,30,7*76
$GAGSV,1,1,01,34,00,318,,0*48
$GBGSV,2,1,06,12,18,088,21,26,54,262,19,29,30,128,41,31,29,268,21,3*73
$GBGSV,2,2,06,35,63,203,22,39,42,359,47,3*70
$GBGSV,2,1,08,12,18,088,17,19,18,061,16,20,14,108,24,24,17,223,17,5*79
$GBGSV,2,2,08,29,30,128,46,31,29,268,19,35,63,203,19,39,42,359,47,5*7C
$GBGSV,2,1,07,12,18,088,27,19,18,061,18,26,54,262,20,29,30,128,42,8*7F
$GBGSV,2,2,07,31,29,268,18,35,63,203,26,39,42,359,46,8*43
$GBGSV,1,1,03,11,10,119,,22,03,013,,36,00,024,,0*4E
$GNGLL,3001.74234,S,05112.74966,W,163833.00,A,D*78
$GNRMC,163834.00,A,3001.74234,S,05112.74966,W,0.019,,090926,,,F,V*12
$GNVTG,,T,,M,0.019,N,0.034,K,D*37
$GNGGA,163834.00,3001.74234,S,05112.74966,W,5,12,0.69,50.9,M,4.8,M,2.0,0920*60
$GNGSA,M,3,23,25,29,31,05,12,13,,,,,,1.25,0.69,1.05,1*0B
$GNGSA,M,3,80,82,79,84,83,,,,,,,,1.25,0.69,1.05,2*08
$GNGSA,M,3,10,11,12,16,25,36,02,,,,,,1.25,0.69,1.05,3*07
$GNGSA,M,3,26,29,35,39,12,,,,,,,,1.25,0.69,1.05,4*05
$GPGSV,2,1,07,05,42,110,47,12,31,041,44,13,25,035,42,23,14,354,37,1*63
$GPGSV,2,2,07,25,66,027,53,29,58,170,29,31,21,248,20,1*51
$GPGSV,3,1,09,05,42,110,44,12,31,041,35,13,25,035,34,18,61,286,12,6*6C
$GPGSV,3,2,09,23,14,354,36,25,66,027,47,26,17,223,18,29,58,170,23,6*60
$GPGSV,3,3,09,31,21,248,22,6*55
$GPGSV,2,1,07,13,25,035,35,18,61,286,24,21,15,136,15,23,14,354,42,8*6F
$GPGSV,2,2,07,25,66,027,54,26,17,223,19,28,28,281,27,8*5E
$GPGSV,1,1,01,15,03,049,,0*5E
$GLGSV,2,1,07,67,10,092,09,73,49,224,23,79,12,019,28,80,64,354,44,1*75
$GLGSV,2,2,07,82,34,155,23,83,55,235,25,84,17,289,22,1*43
$GLGSV,2,1,07,67,10,092,14,73,49,224,19,79,12,019,20,80,64,354,42,3*7C
$GLGSV,2,2,07,82,34,155,25,83,55,235,18,84,17,289,16,3*4E
$GLGSV,1,1,03,66,03,143,,68,01,046,,74,03,207,,0*47
$GAGSV,2,1,08,02,24,222,19,10,45,143,38,11,75,156,21,12,21,141,20,1*78
$GAGSV,2,2,08,14,24,097,32,16,47,053,46,25,79,190,24,36,50,313,22,1*77
$GAGSV,1,1,01,16,47,053,50,5*47
$GAGSV,2,1,06,10,45,143,33,11,75,156,22,12,21,141,25,14,24,097,29,7*75
$GAGSV,2,2,06,16,47,053,47,25,79,190,30,7*76
$GAGSV,1,1,01,34,00,318,,0*48
$GBGSV,2,1,06,12,18,088,21,26,54,262,19,29,30,128,41,31,29,268,20,3*72
$GBGSV,2,2,06,35,63,203,22,39,42,359,47,3*70
$GBGSV,2,1,08,12,18,088,17,19,18,061,15,20,14,108,25,24,17,223,17,5*7B
$GBGSV,2,2,08,29,30,128,46,31,29,268,20,35,63,203,19,39,42,359,47,5*76
$GBGSV,2,1,07,12,18,088,27,19,18,061,18,26,54,262,20,29,30,128,42,8*7F
$GBGSV,2,2,07,31,29,268,17,35,63,203,26,39,42,359,46,8*4C
$GBGSV,1,1,03,11,10,119,,22,03,013,,36,00,024,,0*4E
$GNGLL,3001.74234,S,05112.74966,W,163834.00,A,D*7F
$GNRMC,163835.00,A,3001.74234,S,05112.74966,W,0.007,,090926,,,F,V*1C
$GNVTG,,T,,M,0.007,N,0.013,K,D*3D
$GNGGA,163835.00,3001.74234,S,05112.74966,W,5,12,0.69,50.9,M,4.8,M,2.0,0920*61
$GNGSA,M,3,23,25,29,31,05,12,13,,,,,,1.25,0.69,1.05,1*0B
$GNGSA,M,3,80,82,79,84,83,,,,,,,,1.25,0.69,1.05,2*08
$GNGSA,M,3,10,11,12,16,25,36,02,,,,,,1.25,0.69,1.05,3*07
$GNGSA,M,3,26,29,31,35,39,12,,,,,,,1.25,0.69,1.05,4*07
$GPGSV,2,1,07,05,42,110,47,12,31,041,44,13,25,035,42,23,14,354,37,1*63
$GPGSV,2,2,07,25,66,027,53,29,58,170,29,31,21,248,19,1*5B
$GPGSV,3,1,09,05,42,110,44,12,31,041,35,13,25,035,34,18,61,286,12,6*6C
$GPGSV,3,2,09,23,14,354,36,25,66,027,47,26,17,223,19,29,58,170,23,6*61
$GPGSV,3,3,09,31,21,248,22,6*55
$GPGSV,2,1,07,13,25,035,35,18,61,286,25,21,15,136,15,23,14,354,42,8*6E
$GPGSV,2,2,07,25,66,027,54,26,17,223,19,28,28,281,27,8*5E
$GPGSV,1,1,01,15,03,049,,0*5E
$GLGSV,2,1,07,67,10,092,08,73,49,224,24,79,12,019,28,80,64,354,44,1*73
$GLGSV,2,2,07,82,34,155,22,83,55,235,25,84,17,289,22,1*42
$GLGSV,2,1,07,67,10,092,14,73,49,224,19,79,12,019,20,80,64,354,42,3*7C
$GLGSV,2,2,07,82,34,155,25,83,55,235,18,84,17,289,16,3*4E
$GLGSV,1,1,03,66,03,143,,68,01,046,,74,03,207,,0*47
$GAGSV,2,1,08,02,24,222,19,10,45,143,38,11,75,156,21,12,21,141,21,1*79
$GAGSV,2,2,08,14,24,097,32,16,47,053,46,25,79,190,24,36,50,313,22,1*77
$GAGSV,1,1,01,16,47,053,50,5*47
$GAGSV,2,1,06,10,45,143,33,11,75,156,22,12,21,141,24,14,24,097,29,7*74
$GAGSV,2,2,06,16,47,053,47,25,79,190,29,7*7E
$GAGSV,1,1,01,34,00,318,,0*48
$GBGSV,2,1,06,12,18,088,22,26,54,262,18,29,30,128,41,31,29,268,20,3*70
$GBGSV,2,2,06,35,63,203,22,39,42,359,47,3*70
$GBGSV,2,1,08,12,18,088,18,19,18,061,14,20,14,108,25,24,17,223,17,5*75
$GBGSV,2,2,08,29,30,128,45,31,29,268,20,35,63,203,20,39,42,359,47,5*7F
$GBGSV,2,1,07,12,18,088,27,19,18,061,18,26,54,262,21,29,30,128,43,8*7F
$GBGSV,2,2,07,31,29,268,16,35,63,203,26,39,42,359,46,8*4D
$GBGSV,1,1,03,11,10,119,,22,03,013,,36,00,024,,0*4E
$GNGLL,3001.74234,S,05112.74966,W,163835.00,A,D*7E
$GNRMC,163836.00,A,3001.74234,S,05112.74966,W,0.018,,090926,,,F,V*11
$GNVTG,,T,,M,0.018,N,0.034,K,D*36
$GNGGA,163836.00,3001.74234,S,05112.74966,W,5,12,0.69,50.9,M,4.8,M,2.0,0920*62
$GNGSA,M,3,23,25,29,31,05,12,13,,,,,,1.25,0.69,1.05,1*0B
$GNGSA,M,3,80,82,79,84,83,,,,,,,,1.25,0.69,1.05,2*08
$GNGSA,M,3,10,11,12,16,25,36,02,,,,,,1.25,0.69,1.05,3*07
$GNGSA,M,3,26,29,35,39,12,,,,,,,,1.25,0.69,1.05,4*05
$GPGSV,2,1,07,05,42,110,47,12,31,041,44,13,25,035,42,23,14,354,37,1*63
$GPGSV,2,2,07,25,66,027,53,29,58,170,29,31,21,248,19,1*5B
$GPGSV,3,1,09,05,42,110,44,12,31,041,35,13,25,035,35,18,61,286,11,6*6E
$GPGSV,3,2,09,23,14,354,36,25,66,027,47,26,17,223,19,29,58,170,23,6*61
$GPGSV,3,3,09,31,21,248,21,6*56
$GPGSV,2,1,07,13,25,035,35,18,61,286,25,21,15,136,15,23,14,354,43,8*6F
$GPGSV,2,2,07,25,66,027,54,26,17,223,18,28,28,281,27,8*5F
$GPGSV,1,1,01,15,03,049,,0*5E
$GLGSV,2,1,07,67,10,092,08,73,49,224,23,79,12,019,28,80,64,354,44,1*74
$GLGSV,2,2,07,82,34,155,23,83,55,235,24,84,17,289,22,1*42
$GLGSV,2,1,07,67,10,092,14,73,49,224,19,79,12,019,19,80,64,354,43,3*77
$GLGSV,2,2,07,82,34,155,25,83,55,235,18,84,17,289,17,3*4F
$GLGSV,1,1,03,66,03,143,,68,01,046,,74,03,207,,0*47
$GAGSV,2,1,08,02,24,222,19,10,45,143,38,11,75,156,22,12,21,141,21,1*7A
$GAGSV,2,2,08,14,24,097,32,16,47,053,47,25,79,190,24,36,50,313,22,1*76
$GAGSV,1,1,01,16,47,053,50,5*47
$GAGSV,2,1,06,10,45,143,33,11,75,156,22,12,21,141,24,14,24,097,29,7*74
$GAGSV,2,2,06,16,47,053,47,25,79,190,30,7*76
$GAGSV,1,1,01,34,00,318,,0*48
$GBGSV,2,1,06,12,18,088,21,26,54,262,18,29,30,128,41,31,29,268,20,3*73
$GBGSV,2,2,06,35,63,203,22,39,42,359,47,3*70
$GBGSV,3,1,09,12,18,088,17,19,18,061,13,20,14,108,25,24,17,223,16,5*7C
$GBGSV,3,2,09,26,54,262,16,29,30,128,46,31,29,268,19,35,63,203,19,5*78
$GBGSV,3,3,09,39,42,359,47,5*4B
$GBGSV,2,1,07,12,18,088,27,19,18,061,18,26,54,262,21,29,30,128,43,8*7F
$GBGSV,2,2,07,31,29,268,16,35,63,203,26,39,42,359,46,8*4D
$GBGSV,1,1,03,11,10,119,,22,03,013,,36,00,024,,0*4E
$GNGLL,3001.74234,S,05112.74966,W,163836.00,A,D*7D
$GNRMC,163837.00,A,3001.74234,S,05112.74966,W,0.004,,090926,,,F,V*1D
$GNVTG,,T,,M,0.004,N,0.008,K,D*34
$GNGGA,163837.00,3001.74234,S,05112.74966,W,5,12,0.69,50.9,M,4.8,M,2.0,0920*63
$GNGSA,M,3,23,25,29,31,05,12,13,,,,,,1.25,0.69,1.05,1*0B
$GNGSA,M,3,80,82,79,84,83,,,,,,,,1.25,0.69,1.05,2*08
$GNGSA,M,3,10,11,12,16,25,36,02,,,,,,1.25,0.69,1.05,3*07
$GNGSA,M,3,26,29,31,35,39,12,,,,,,,1.25,0.69,1.05,4*07
$GPGSV,2,1,07,05,42,110,47,12,31,041,44,13,25,035,42,23,14,354,37,1*63
$GPGSV,2,2,07,25,66,027,53,29,58,170,29,31,21,248,18,1*5A
$GPGSV,2,1,08,05,42,110,44,12,31,041,36,13,25,035,35,23,14,354,36,6*6C
$GPGSV,2,2,08,25,66,027,47,26,17,223,18,29,58,170,23,31,21,248,20,6*6E
$GPGSV,2,1,07,13,25,035,35,18,61,286,24,21,15,136,15,23,14,354,42,8*6F
$GPGSV,2,2,07,25,66,027,54,26,17,223,18,28,28,281,27,8*5F
$GPGSV,1,1,01,15,03,049,,0*5E
$GLGSV,2,1,07,67,10,092,09,73,49,224,23,79,12,019,28,80,64,354,44,1*75
$GLGSV,2,2,07,82,34,155,23,83,55,235,24,84,17,289,22,1*42
$GLGSV,2,1,07,67,10,092,13,73,49,224,18,79,12,019,20,80,64,354,43,3*7B
$GLGSV,2,2,07,82,34,155,24,83,55,235,17,84,17,289,19,3*4F
$GLGSV,1,1,03,66,03,143,,68,01,046,,74,03,207,,0*47
$GAGSV,2,1,08,02,24,222,19,10,45,143,38,11,75,156,21,12,21,141,21,1*79
$GAGSV,2,2,08,14,24,097,33,16,47,053,46,25,79,190,24,36,50,313,22,1*76
$GAGSV,1,1,01,16,47,053,51,5*46
$GAGSV,2,1,06,10,45,143,33,11,75,156,22,12,21,141,24,14,24,097,29,7*74
$GAGSV,2,2,06,16,47,053,46,25,79,190,29,7*7F
$GAGSV,1,1,01,34,00,318,,0*48
$GBGSV,2,1,06,12,18,088,22,26,54,262,19,29,30,128,42,31,29,268,19,3*78
$GBGSV,2,2,06,35,63,203,22,39,42,359,47,3*70
$GBGSV,2,1,08,12,18,088,17,19,18,061,13,20,14,108,25,26,54,262,16,5*7C
$GBGSV,2,2,08,29,30,128,46,31,29,268,19,35,63,203,20,39,42,359,47,5*76
$GBGSV,2,1,07,12,18,088,27,19,18,061,19,26,54,262,21,29,30,128,43,8*7E
$GBGSV,2,2,07,31,29,268,15,35,63,203,26,39,42,359,46,8*4E
$GBGSV,1,1,04,11,10,119,,22,03,013,,24,17,223,,36,00,024,,0*7A
$GNGLL,3001.74234,S,05112.74966,W,163837.00,A,D*7C
$GNRMC,163838.00,A,3001.74234,S,05112.74967,W,0.014,,090926,,,F,V*12
$GNVTG,,T,,M,0.014,N,0.027,K,D*38
$GNGGA,163838.00,3001.74234,S,05112.74967,W,5,12,0.69,50.9,M,4.8,M,2.0,0920*6D
$GNGSA,M,3,23,25,29,31,05,12,13,,,,,,1.25,0.69,1.05,1*0B
$GNGSA,M,3,80,82,79,84,83,,,,,,,,1.25,0.69,1.05,2*08
$GNGSA,M,3,10,11,12,16,25,36,02,,,,,,1.25,0.69,1.05,3*07
$GNGSA,M,3,26,29,35,39,12,,,,,,,,1.25,0.69,1.05,4*05
$GPGSV,2,1,07,05,42,110,47,12,31,041,44,13,25,035,42,23,14,354,37,1*63
$GPGSV,2,2,07,25,66,027,53,29,58,170,29,31,21,248,17,1*55
$GPGSV,2,1,08,05,42,110,44,12,31,041,36,13,25,035,35,23,14,354,36,6*6C
$GPGSV,2,2,08,25,66,027,47,26,17,223,18,29,58,170,23,31,21,248,19,6*64
$GPGSV,2,1,07,13,25,035,35,18,61,286,25,21,15,136,15,23,14,354,42,8*6E
$GPGSV,2,2,07,25,66,027,54,26,17,223,17,28,28,281,27,8*50
$GPGSV,1,1,01,15,03,049,,0*5E
$GLGSV,2,1,07,67,10,092,08,73,49,224,23,79,12,019,28,80,64,354,44,1*74
$GLGSV,2,2,07,82,34,155,23,83,55,235,23,84,17,289,22,1*45
$GLGSV,2,1,07,67,10,092,13,73,49,224,17,79,12,019,21,80,64,354,43,3*75
$GLGSV,2,2,07,82,34,155,24,83,55,235,18,84,17,289,20,3*4A
$GLGSV,1,1,03,66,03,143,,68,01,046,,74,03,207,,0*47
$GAGSV,2,1,08,02,24,222,19,10,45,143,38,11,75,156,21,12,21,141,21,1*79
$GAGSV,2,2,08,14,24,097,33,16,47,053,46,25,79,190,24,36,50,313,22,1*76
$GAGSV,1,1,01,16,47,053,50,5*47
$GAGSV,2,1,06,10,45,143,33,11,75,156,22,12,21,141,24,14,24,097,29,7*74
$GAGSV,2,2,06,16,47,053,46,25,79,190,29,7*7F
$GAGSV,1,1,01,34,00,318,,0*48
$GBGSV,2,1,06,12,18,088,22,26,54,262,18,29,30,128,42,31,29,268,19,3*79
$GBGSV,2,2,06,35,63,203,22,39,42,359,47,3*70
$GBGSV,2,1,08,12,18,088,17,19,18,061,14,20,14,108,25,26,54,262,16,5*7B
$GBGSV,2,2,08,29,30,128,46,31,29,268,19,35,63,203,19,39,42,359,47,5*7C
$GBGSV,2,1,07,12,18,088,27,19,18,061,18,26,54,262,20,29,30,128,43,8*7E
$GBGSV,2,2,07,31,29,268,14,35,63,203,26,39,42,359,46,8*4F
$GBGSV,1,1,04,11,10,119,,22,03,013,,24,17,223,,36,00,024,,0*7A
$GNGLL,3001.74234,S,05112.74967,W,163838.00,A,D*72
$GNRMC,163839.00,A,3001.74234,S,05112.74967,W,0.032,,090926,,,F,V*17
$GNVTG,,T,,M,0.032,N,0.059,K,D*35
$GNGGA,163839.00,3001.74234,S,05112.74967,W,5,12,0.90,50.9,M,4.8,M,2.0,0920*6A
$GNGSA,M,3,23,25,29,31,05,12,13,,,,,,1.65,0.90,1.38,1*07
$GNGSA,M,3,80,82,79,84,83,,,,,,,,1.65,0.90,1.38,2*04
$GNGSA,M,3,10,11,12,16,25,36,02,,,,,,1.65,0.90,1.38,3*0B
$GNGSA,M,3,26,29,35,39,12,,,,,,,,1.65,0.90,1.38,4*09
$GPGSV,2,1,07,05,42,110,47,12,31,041,44,13,25,035,41,23,14,354,37,1*60
$GPGSV,2,2,07,25,66,027,53,29,58,170,29,31,21,248,17,1*55
$GPGSV,2,1,08,05,42,110,44,12,31,041,36,13,25,035,35,23,14,354,36,6*6C
$GPGSV,2,2,08,25,66,027,47,26,17,223,18,29,58,170,23,31,21,248,19,6*64
$GPGSV,2,1,07,13,25,035,35,18,61,286,24,21,15,136,16,23,14,354,43,8*6D
$GPGSV,2,2,07,25,66,027,54,26,17,223,18,28,28,281,27,8*5F
$GPGSV,1,1,01,15,03,049,,0*5E
$GLGSV,2,1,07,67,10,092,09,73,49,224,22,79,12,019,28,80,64,354,44,1*74
$GLGSV,2,2,07,82,34,155,23,83,55,235,23,84,17,289,22,1*45
$GLGSV,2,1,07,67,10,092,12,73,49,224,16,79,12,019,21,80,64,354,43,3*75
$GLGSV,2,2,07,82,34,155,24,83,55,235,17,84,17,289,19,3*4F
$GLGSV,1,1,03,66,03,143,,68,01,046,,74,03,207,,0*47
$GAGSV,2,1,08,02,24,222,20,10,45,143,38,11,75,156,21,12,21,141,21,1*73
$GAGSV,2,2,08,14,24,097,33,16,47,053,47,25,79,190,24,36,50,313,23,1*76
$GAGSV,1,1,01,16,47,053,50,5*47
$GAGSV,2,1,06,10,45,143,33,11,75,156,22,12,21,141,24,14,24,097,29,7*74
$GAGSV,2,2,06,16,47,053,46,25,79,190,30,7*77
$GAGSV,1,1,01,34,00,318,,0*48
$GBGSV,2,1,06,12,18,088,22,26,54,262,18,29,30,128,42,31,29,268,19,3*79
$GBGSV,2,2,06,35,63,203,22,39,42,359,47,3*70
$GBGSV,2,1,07,12,18,088,17,20,14,108,25,26,54,262,16,29,30,128,45,5*75
$GBGSV,2,2,07,31,29,268,19,35,63,203,19,39,42,359,47,5*42
$GBGSV,2,1,08,12,18,088,28,19,18,061,18,20,14,108,23,26,54,262,20,8*75
$GBGSV,2,2,08,29,30,128,43,31,29,268,13,35,63,203,26,39,42,359,46,8*73
$GBGSV,1,1,04,11,10,119,,22,03,013,,24,17,223,,36,00,024,,0*7A
$GNGLL,3001.74234,S,05112.74967,W,163839.00,A,D*73
$GNRMC,163840.00,A,3001.74235,S,05112.74967,W,0.009,,090926,,,F,V*10
$GNVTG,,T,,M,0.009,N,0.016,K,D*36
$GNGGA,163840.00,3001.74235,S,05112.74967,W,5,12,0.90,50.9,M,4.8,M,2.0,0920*65
$GNGSA,M,3,23,25,29,31,05,12,13,,,,,,1.65,0.90,1.38,1*07
$GNGSA,M,3,80,82,79,84,83,,,,,,,,1.65,0.90,1.38,2*04
$GNGSA,M,3,10,11,12,16,25,36,02,,,,,,1.65,0.90,1.38,3*0B
$GNGSA,M,3,26,29,35,39,12,,,,,,,,1.65,0.90,1.38,4*09
$GPGSV,2,1,07,05,42,110,47,12,31,041,44,13,25,035,41,23,14,354,37,1*60
$GPGSV,2,2,07,25,66,027,53,29,58,170,30,31,21,248,17,1*5D
$GPGSV,2,1,08,05,42,110,44,12,31,041,36,13,25,035,35,23,14,354,36,6*6C
$GPGSV,2,2,08,25,66,027,47,26,17,223,17,29,58,170,23,31,21,248,20,6*61
$GPGSV,2,1,07,13,25,035,35,18,61,286,24,21,15,136,15,23,14,354,43,8*6E
$GPGSV,2,2,07,25,66,027,54,26,17,223,18,28,28,281,27,8*5F
$GPGSV,1,1,01,15,03,049,,0*5E
$GLGSV,2,1,07,67,10,092,09,73,49,224,21,79,12,019,28,80,64,354,44,1*77
$GLGSV,2,2,07,82,34,155,23,83,55,235,24,84,17,289,21,1*41
$GLGSV,2,1,07,67,10,092,11,73,49,224,15,79,12,019,21,80,64,354,43,3*75
$GLGSV,2,2,07,82,34,155,24,83,55,235,17,84,17,289,19,3*4F
$GLGSV,1,1,03,66,03,143,,68,01,046,,74,03,207,,0*47
$GAGSV,2,1,08,02,24,222,19,10,45,143,38,11,75,156,22,12,21,141,21,1*7A
$GAGSV,2,2,08,14,24,097,33,16,47,053,46,25,79,190,24,36,50,313,22,1*76
$GAGSV,1,1,01,16,47,053,51,5*46
$GAGSV,2,1,06,10,45,143,33,11,75,156,22,12,21,141,24,14,24,097,29,7*74
$GAGSV,2,2,06,16,47,053,47,25,79,190,30,7*76
$GAGSV,1,1,01,34,00,318,,0*48
$GBGSV,2,1,06,12,18,088,22,26,54,262,17,29,30,128,42,31,29,268,18,3*77
$GBGSV,2,2,06,35,63,203,22,39,42,359,47,3*70
$GBGSV,2,1,07,12,18,088,18,20,14,108,25,26,54,262,16,29,30,128,45,5*7A
$GBGSV,2,2,07,31,29,268,19,35,63,203,19,39,42,359,47,5*42
$GBGSV,3,1,09,11,10,119,16,12,18,088,28,19,18,061,19,20,14,108,22,8*7B
$GBGSV,3,2,09,26,54,262,19,29,30,128,43,31,29,268,13,35,63,203,26,8*79
$GBGSV,3,3,09,39,42,359,46,8*47
$GBGSV,1,1,03,22,03,013,,24,17,223,,36,00,024,,0*45
$GNGLL,3001.74235,S,05112.74967,W,163840.00,A,D*7C
$GNRMC,163841.00,A,3001.74235,S,05112.74967,W,0.004,,090926,,,F,V*1C
$GNVTG,,T,,M,0.004,N,0.007,K,D*3B
$GNGGA,163841.00,3001.74235,S,05112.74967,W,5,12,0.69,50.9,M,4.8,M,2.0,0920*62
$GNGSA,M,3,23,25,29,31,05,12,13,,,,,,1.25,0.69,1.05,1*0B
$GNGSA,M,3,80,82,79,84,83,,,,,,,,1.25,0.69,1.05,2*08
$GNGSA,M,3,10,11,12,16,25,36,02,,,,,,1.25,0.69,1.05,3*07
$GNGSA,M,3,26,29,31,35,39,12,,,,,,,1.25,0.69,1.05,4*07
$GPGSV,2,1,07,05,42,110,47,12,31,041,44,13,25,035,42,23,14,354,37,1*63
$GPGSV,2,2,07,25,66,027,53,29,58,170,30,31,21,248,18,1*52
$GPGSV,2,1,08,05,42,110,44,12,31,041,36,13,25,035,35,23,14,354,36,6*6C
$GPGSV,2,2,08,25,66,027,47,26,17,223,17,29,58,170,23,31,21,248,19,6*6B
$GPGSV,2,1,07,13,25,035,35,18,61,286,24,21,15,136,15,23,14,354,43,8*6E
$GPGSV,2,2,07,25,66,027,54,26,17,223,18,28,28,281,27,8*5F
$GPGSV,1,1,01,15,03,049,,0*5E
$GLGSV,2,1,07,67,10,092,09,73,49,224,20,79,12,019,28,80,64,354,44,1*76
$GLGSV,2,2,07,82,34,155,23,83,55,235,24,84,17,289,21,1*41
$GLGSV,2,1,07,67,10,092,12,73,49,224,13,79,12,019,21,80,64,354,43,3*70
$GLGSV,2,2,07,82,34,155,25,83,55,235,18,84,17,289,19,3*41
$GLGSV,1,1,03,66,03,143,,68,01,046,,74,03,207,,0*47
$GAGSV,2,1,08,02,24,222,19,10,45,143,38,11,75,156,21,12,21,141,21,1*79
$GAGSV,2,2,08,14,24,097,33,16,47,053,47,25,79,190,24,36,50,313,22,1*77
$GAGSV,1,1,01,16,47,053,50,5*47
$GAGSV,2,1,06,10,45,143,33,11,75,156,22,12,21,141,25,14,24,097,29,7*75
$GAGSV,2,2,06,16,47,053,47,25,79,190,30,7*76
$GAGSV,1,1,01,34,00,318,,0*48
$GBGSV,2,1,06,12,18,088,22,26,54,262,16,29,30,128,42,31,29,268,18,3*76
$GBGSV,2,2,06,35,63,203,22,39,42,359,47,3*70
$GBGSV,2,1,08,12,18,088,18,19,18,061,19,20,14,108,25,26,54,262,17,5*78
$GBGSV,2,2,08,29,30,128,45,31,29,268,20,35,63,203,19,39,42,359,47,5*75
$GBGSV,3,1,09,11,10,119,14,12,18,088,28,19,18,061,19,20,14,108,22,8*79
$GBGSV,3,2,09,26,54,262,19,29,30,128,43,31,29,268,16,35,63,203,26,8*7C
$GBGSV,3,3,09,39,42,359,46,8*47
$GBGSV,1,1,03,22,03,013,,24,17,223,,36,00,024,,0*45
$GNGLL,3001.74235,S,05112.74967,W,163841.00,A,D*7D
$GNRMC,163842.00,A,3001.74234,S,05112.74967,W,0.030,,090926,,,F,V*19
$GNVTG,,T,,M,0.030,N,0.056,K,D*38
$GNGGA,163842.00,3001.74234,S,05112.74967,W,5,12,0.90,51.0,M,4.8,M,2.0,0920*6E
$GNGSA,M,3,23,25,29,31,05,12,13,,,,,,1.65,0.90,1.38,1*07
$GNGSA,M,3,80,82,79,84,83,,,,,,,,1.65,0.90,1.38,2*04
$GNGSA,M,3,10,11,12,16,25,36,02,,,,,,1.65,0.90,1.38,3*0B
$GNGSA,M,3,26,29,31,35,39,12,,,,,,,1.65,0.90,1.38,4*0B
$GPGSV,2,1,07,05,42,110,47,12,31,041,44,13,25,035,42,23,14,354,37,1*63
$GPGSV,2,2,07,25,66,027,53,29,58,170,30,31,21,248,18,1*52
$GPGSV,2,1,08,05,42,110,44,12,31,041,36,13,25,035,35,23,14,354,36,6*6C
$GPGSV,2,2,08,25,66,027,47,26,17,223,18,29,58,170,23,31,21,248,18,6*65
$GPGSV,2,1,07,13,25,035,35,18,61,286,23,21,15,136,16,23,14,354,43,8*6A
$GPGSV,2,2,07,25,66,027,54,26,17,223,17,28,28,281,27,8*50
$GPGSV,1,1,01,15,03,049,,0*5E
$GLGSV,2,1,07,67,10,092,09,73,49,224,19,79,12,019,28,80,64,354,44,1*7C
$GLGSV,2,2,07,82,34,155,23,83,55,235,25,84,17,289,20,1*41
$GLGSV,2,1,07,67,10,092,12,73,49,224,12,79,12,019,21,80,64,354,43,3*71
$GLGSV,2,2,07,82,34,155,25,83,55,235,19,84,17,289,19,3*40
$GLGSV,1,1,03,66,03,143,,68,01,046,,74,03,207,,0*47
$GAGSV,2,1,08,02,24,222,19,10,45,143,38,11,75,156,21,12,21,141,21,1*79
$GAGSV,2,2,08,14,24,097,33,16,47,053,46,25,79,190,24,36,50,313,22,1*76
$GAGSV,1,1,01,16,47,053,50,5*47
$GAGSV,2,1,06,10,45,143,33,11,75,156,22,12,21,141,24,14,24,097,29,7*74
$GAGSV,2,2,06,16,47,053,47,25,79,190,30,7*76
$GAGSV,1,1,01,34,01,317,,0*46
$GBGSV,2,1,06,12,18,088,21,26,54,262,15,29,30,128,42,31,29,268,17,3*79
$GBGSV,2,2,06,35,63,203,22,39,42,359,47,3*70
$GBGSV,2,1,08,12,18,088,18,19,18,061,19,20,14,108,25,26,54,262,17,5*78
$GBGSV,2,2,08,29,30,128,46,31,29,268,19,35,63,203,19,39,42,359,47,5*7C
$GBGSV,3,1,09,11,10,119,14,12,18,088,28,19,18,061,19,20,14,108,22,8*79
$GBGSV,3,2,09,26,54,262,18,29,30,128,43,31,29,268,17,35,63,203,26,8*7C
$GBGSV,3,3,09,39,42,359,46,8*47
$GBGSV,1,1,03,22,03,013,,24,17,223,,36,00,024,,0*45
$GNGLL,3001.74234,S,05112.74967,W,163842.00,A,D*7F
$GNRMC,163843.00,A,3001.74235,S,05112.74968,W,0.028,,090926,,,F,V*1F
$GNVTG,,T,,M,0.028,N,0.052,K,D*35
$GNGGA,163843.00,3001.74235,S,05112.74968,W,5,12,0.90,50.9,M,4.8,M,2.0,0920*69
$GNGSA,M,3,23,25,29,31,05,12,13,,,,,,1.65,0.90,1.38,1*07
$GNGSA,M,3,80,82,79,84,83,,,,,,,,1.65,0.90,1.38,2*04
$GNGSA,M,3,10,11,12,16,25,36,02,,,,,,1.65,0.90,1.38,3*0B
$GNGSA,M,3,26,29,31,35,39,12,,,,,,,1.65,0.90,1.38,4*0B
$GPGSV,2,1,07,05,42,110,47,12,31,041,44,13,25,035,42,23,14,354,37,1*63
$GPGSV,2,2,07,25,66,027,53,29,58,170,30,31,21,248,17,1*5D
$GPGSV,2,1,08,05,42,110,44,12,31,041,36,13,25,035,35,23,14,354,36,6*6C
$GPGSV,2,2,08,25,66,027,47,26,17,223,17,29,58,170,23,31,21,248,17,6*65
$GPGSV,2,1,07,13,25,035,35,18,61,286,23,21,15,136,16,23,14,354,43,8*6A
$GPGSV,2,2,07,25,66,027,54,26,17,223,17,28,28,281,28,8*5F
$GPGSV,1,1,01,15,03,049,,0*5E
$GLGSV,2,1,07,67,10,092,08,73,49,224,18,79,12,019,28,80,64,354,44,1*7C
$GLGSV,2,2,07,82,34,155,23,83,55,235,25,84,17,289,18,1*4A
$GLGSV,2,1,06,67,10,092,10,79,12,019,21,80,64,354,43,82,34,155,25,3*77
$GLGSV,2,2,06,83,55,235,19,84,17,289,18,3*7B
$GLGSV,1,1,03,66,03,143,,68,01,046,,74,03,207,,0*47
$GAGSV,2,1,08,02,24,222,19,10,45,143,38,11,75,156,21,12,21,141,21,1*79
$GAGSV,2,2,08,14,24,097,33,16,47,053,46,25,79,190,24,36,50,312,22,1*77
$GAGSV,1,1,01,16,47,053,50,5*47
$GAGSV,2,1,06,10,45,143,33,11,75,156,23,12,21,141,24,14,24,097,29,7*75
$GAGSV,2,2,06,16,47,053,47,25,79,190,30,7*76
$GAGSV,1,1,01,34,01,317,,0*46
$GBGSV,2,1,06,12,18,088,20,26,54,262,16,29,30,128,42,31,29,268,18,3*74
$GBGSV,2,2,06,35,63,203,22,39,42,359,47,3*70
$GBGSV,2,1,08,12,18,088,18,19,18,061,18,20,14,108,25,26,54,262,17,5*79
$GBGSV,2,2,08,29,30,128,46,31,29,268,19,35,63,203,19,39,42,359,47,5*7C
$GBGSV,3,1,09,11,10,119,12,12,18,088,28,19,18,061,18,20,14,108,23,8*7F
$GBGSV,3,2,09,26,54,262,20,29,30,128,43,31,29,268,17,35,63,203,26,8*77
$GBGSV,3,3,09,39,42,359,46,8*47
$GBGSV,1,1,03,22,03,013,,24,17,223,,36,00,024,,0*45
$GNGLL,3001.74235,S,05112.74968,W,163843.00,A,D*70
$GNRMC,163844.00,A,3001.74235,S,05112.74968,W,0.005,,090926,,,F,V*17
$GNVTG,,T,,M,0.005,N,0.009,K,D*34
$GNGGA,163844.00,3001.74235,S,05112.74968,W,5,12,0.90,50.9,M,4.8,M,2.0,0920*6E
$GNGSA,M,3,23,25,29,31,05,12,13,,,,,,1.65,0.90,1.38,1*07
$GNGSA,M,3,80,82,79,84,83,,,,,,,,1.65,0.90,1.38,2*04
$GNGSA,M,3,10,11,12,16,25,36,02,,,,,,1.65,0.90,1.38,3*0B
$GNGSA,M,3,26,29,31,35,39,12,,,,,,,1.65,0.90,1.38,4*0B
$GPGSV,2,1,07,05,42,110,47,12,31,041,44,13,25,035,42,23,14,354,37,1*63
$GPGSV,2,2,07,25,66,027,53,29,58,170,29,31,21,248,16,1*54
$GPGSV,2,1,08,05,42,110,44,12,31,041,36,13,25,035,35,23,14,354,36,6*6C
$GPGSV,2,2,08,25,66,027,47,26,17,223,16,29,58,170,23,31,21,248,16,6*65
$GPGSV,2,1,07,13,25,035,35,18,61,286,24,21,15,136,15,23,14,354,43,8*6E
$GPGSV,2,2,07,25,66,027,54,26,17,223,15,28,28,281,28,8*5D
$GPGSV,1,1,01,15,03,049,,0*5E
$GLGSV,2,1,06,73,49,224,17,79,12,019,28,80,64,354,44,82,34,155,23,1*7C
$GLGSV,2,2,06,83,55,235,24,84,17,289,18,1*77
$GLGSV,2,1,06,67,10,092,09,79,12,019,22,80,64,354,43,82,34,155,25,3*7C
$GLGSV,2,2,06,83,55,235,19,84,17,289,18,3*7B
$GLGSV,1,1,03,66,03,143,,68,01,046,,74,03,207,,0*47
$GAGSV,2,1,08,02,24,222,20,10,45,143,38,11,75,156,21,12,21,141,21,1*73
$GAGSV,2,2,08,14,24,097,33,16,47,053,46,25,79,190,24,36,50,312,22,1*77
$GAGSV,1,1,01,16,47,053,50,5*47
$GAGSV,2,1,06,10,45,143,33,11,75,156,23,12,21,141,24,14,24,097,29,7*75
$GAGSV,2,2,06,16,47,053,47,25,79,190,30,7*76
$GAGSV,1,1,01,34,01,317,,0*46
$GBGSV,2,1,06,12,18,088,20,26,54,262,17,29,30,128,42,31,29,268,18,3*75
$GBGSV,2,2,06,35,63,203,22,39,42,359,47,3*70
$GBGSV,2,1,08,12,18,088,18,19,18,061,17,20,14,108,25,26,54,262,17,5*76
$GBGSV,2,2,08,29,30,128,46,31,29,268,18,35,63,203,19,39,42,359,47,5*7D
$GBGSV,3,1,10,11,10,119,10,12,18,088,27,19,18,061,19,20,14,108,23,8*7B
$GBGSV,3,2,10,24,17,223,23,26,54,262,19,29,30,128,43,31,29,268,17,8*71
$GBGSV,3,3,10,35,63,203,26,39,42,359,46,8*79
$GBGSV,1,1,02,22,03,013,,36,00,024,,0*77
$GNGLL,3001.74235,S,05112.74968,W,163844.00,A,D*77
$GNRMC,163845.00,A,3001.74235,S,05112.74968,W,0.019,,090926,,,F,V*1B
$GNVTG,,T,,M,0.019,N,0.035,K,D*36
$GNGGA,163845.00,3001.74235,S,05112.74968,W,5,12,0.99,50.9,M,4.8,M,2.0,0920*66
$GNGSA,M,3,23,25,29,31,05,12,13,,,,,,1.73,0.99,1.42,1*04
$GNGSA,M,3,80,82,79,84,83,,,,,,,,1.73,0.99,1.42,2*07
$GNGSA,M,3,10,11,12,16,25,36,02,,,,,,1.73,0.99,1.42,3*08
$GNGSA,M,3,26,29,31,35,39,12,,,,,,,1.73,0.99,1.42,4*08
$GPGSV,2,1,07,05,42,110,47,12,31,041,44,13,25,035,42,23,14,354,37,1*63
$GPGSV,2,2,07,25,66,027,53,29,58,170,30,31,21,248,16,1*5C
$GPGSV,2,1,08,05,42,110,44,12,31,041,36,13,25,035,35,23,14,354,36,6*6C
$GPGSV,2,2,08,25,66,027,47,26,17,223,16,29,58,170,23,31,21,248,16,6*65
$GPGSV,2,1,07,13,25,035,35,18,61,286,23,21,15,136,13,23,14,354,43,8*6F
$GPGSV,2,2,07,25,66,027,54,26,17,223,14,28,28,281,28,8*5C
$GPGSV,1,1,01,15,03,049,,0*5E
$GLGSV,2,1,06,73,49,224,17,79,12,019,27,80,64,354,44,82,34,155,23,1*73
$GLGSV,2,2,06,83,55,235,23,84,17,289,17,1*7F
$GLGSV,2,1,06,67,10,092,09,79,12,019,22,80,64,354,43,82,34,155,25,3*7C
$GLGSV,2,2,06,83,55,235,19,84,17,289,18,3*7B
$GLGSV,1,1,03,66,03,143,,68,01,046,,74,03,207,,0*47
$GAGSV,2,1,08,02,24,222,20,10,45,143,38,11,75,156,21,12,21,141,21,1*73
$GAGSV,2,2,08,14,24,097,33,16,47,053,46,25,79,190,24,36,50,312,22,1*77
$GAGSV,1,1,01,16,47,053,50,5*47
$GAGSV,2,1,06,10,45,143,33,11,75,156,23,12,21,141,24,14,24,097,28,7*74
$GAGSV,2,2,06,16,47,053,47,25,79,190,30,7*76
$GAGSV,1,1,01,34,01,317,,0*46
$GBGSV,2,1,06,12,18,088,19,26,54,262,17,29,30,128,42,31,29,268,17,3*70
$GBGSV,2,2,06,35,63,203,21,39,42,359,47,3*73
$GBGSV,2,1,08,12,18,088,18,19,18,061,17,20,14,108,25,26,54,262,18,5*79
$GBGSV,2,2,08,29,30,128,46,31,29,268,18,35,63,203,19,39,42,359,47,5*7D
$GBGSV,3,1,10,11,10,119,09,12,18,088,27,19,18,061,19,20,14,108,25,8*75
$GBGSV,3,2,10,24,17,223,24,26,54,262,19,29,30,128,43,31,29,268,18,8*79
$GBGSV,3,3,10,35,63,203,26,39,42,359,46,8*79
$GBGSV,1,1,02,22,03,013,,36,00,024,,0*77
$GNGLL,3001.74235,S,05112.74968,W,163845.00,A,D*76
$GNRMC,163846.00,A,3001.74235,S,05112.74969,W,0.023,,090926,,,F,V*10
$GNVTG,,T,,M,0.023,N,0.043,K,D*3E
$GNGGA,163846.00,3001.74235,S,05112.74969,W,5,12,0.99,50.9,M,4.8,M,2.0,0920*64
$GNGSA,M,3,23,25,29,31,05,12,13,,,,,,1.73,0.99,1.42,1*04
$GNGSA,M,3,80,82,79,84,83,,,,,,,,1.73,0.99,1.42,2*07
$GNGSA,M,3,10,11,12,16,25,36,02,,,,,,1.73,0.99,1.42,3*08
$GNGSA,M,3,26,29,35,39,12,,,,,,,,1.73,0.99,1.42,4*0A
$GPGSV,2,1,07,05,42,110,47,12,31,041,44,13,25,035,41,23,14,354,37,1*60
$GPGSV,2,2,07,25,66,027,53,29,58,170,29,31,21,248,17,1*55
$GPGSV,1,1,02,18,61,286,13,28,28,281,17,5*6F
$GPGSV,2,1,08,05,42,110,44,12,31,041,36,13,25,035,35,23,14,354,36,6*6C
$GPGSV,2,2,08,25,66,027,47,26,17,223,16,29,58,170,23,31,21,248,16,6*65
$GPGSV,2,1,07,13,25,035,35,18,61,286,23,21,15,136,13,23,14,354,43,8*6F
$GPGSV,2,2,07,25,66,027,54,26,17,223,12,28,28,281,28,8*5A
$GPGSV,1,1,01,15,03,049,,0*5E
$GLGSV,2,1,06,73,49,224,17,79,12,019,27,80,64,354,44,82,34,155,23,1*73
$GLGSV,2,2,06,83,55,235,23,84,17,289,17,1*7F
$GLGSV,2,1,06,67,10,092,09,79,12,019,22,80,64,354,43,82,34,155,25,3*7C
$GLGSV,2,2,06,83,55,235,19,84,17,289,18,3*7B
$GLGSV,1,1,03,66,03,143,,68,01,046,,74,03,207,,0*47
$GAGSV,2,1,08,02,24,222,20,10,45,143,38,11,75,156,21,12,21,141,21,1*73
$GAGSV,2,2,08,14,24,097,33,16,47,053,46,25,79,190,24,36,50,312,21,1*74
$GAGSV,1,1,01,16,47,053,50,5*47
$GAGSV,2,1,06,10,45,143,33,11,75,156,23,12,21,141,23,14,24,097,28,7*73
$GAGSV,2,2,06,16,47,053,47,25,79,190,30,7*76
$GAGSV,1,1,01,34,01,317,,0*46
$GBGSV,2,1,06,12,18,088,19,26,54,262,18,29,30,128,42,31,29,268,16,3*7E
$GBGSV,2,2,06,35,63,203,21,39,42,359,47,3*73
$GBGSV,2,1,08,12,18,088,17,19,18,061,17,20,14,108,25,26,54,262,18,5*76
$GBGSV,2,2,08,29,30,128,46,31,29,268,18,35,63,203,19,39,42,359,47,5*7D
$GBGSV,3,1,10,11,10,119,09,12,18,088,27,19,18,061,18,20,14,108,25,8*74
$GBGSV,3,2,10,24,17,223,24,26,54,262,19,29,30,128,43,31,29,268,19,8*78
$GBGSV,3,3,10,35,63,203,26,39,42,359,46,8*79
$GBGSV,1,1,02,22,03,013,,36,00,024,,0*77
$GNGLL,3001.74235,S,05112.74969,W,163846.00,A,D*74
$GNRMC,163847.00,A,3001.74235,S,05112.74969,W,0.027,,090926,,,F,V*15
$GNVTG,,T,,M,0.027,N,0.050,K,D*38
$GNGGA,163847.00,3001.74235,S,05112.74969,W,5,12,0.99,50.9,M,4.8,M,2.0,0920*65
$GNGSA,M,3,23,25,29,31,05,12,13,,,,,,1.73,0.99,1.42,1*04
$GNGSA,M,3,80,82,79,84,83,,,,,,,,1.73,0.99,1.42,2*07
$GNGSA,M,3,10,11,12,16,25,36,02,,,,,,1.73,0.99,1.42,3*08
$GNGSA,M,3,19,26,29,35,39,12,,,,,,,1.73,0.99,1.42,4*02
$GPGSV,2,1,07,05,42,110,47,12,31,041,44,13,25,035,41,23,14,354,37,1*60
$GPGSV,2,2,07,25,66,027,53,29,58,170,29,31,21,248,19,1*5B
$GPGSV,3,1,10,05,42,110,44,12,31,041,36,13,25,035,35,18,61,286,12,6*66
$GPGSV,3,2,10,23,14,354,36,25,66,027,47,26,17,223,16,28,28,281,16,6*6B
$GPGSV,3,3,10,29,58,170,24,31,21,248,15,6*6F
$GPGSV,2,1,07,13,25,035,35,18,61,286,23,21,15,136,14,23,14,354,43,8*68
$GPGSV,2,2,07,25,66,027,54,26,17,223,13,28,28,281,28,8*5B
$GPGSV,1,1,01,15,03,049,,0*5E
$GLGSV,2,1,07,67,10,092,15,73,49,224,18,79,12,019,28,80,64,354,44,1*70
$GLGSV,2,2,07,82,34,155,22,83,55,235,22,84,17,289,17,1*43
$GLGSV,2,1,06,67,10,092,08,79,12,019,22,80,64,354,43,82,34,155,24,3*7C
$GLGSV,2,2,06,83,55,235,19,84,17,289,18,3*7B
$GLGSV,1,1,03,66,03,143,,68,01,046,,74,03,207,,0*47
$GAGSV,2,1,08,02,24,222,20,10,45,143,38,11,75,156,21,12,21,141,21,1*73
$GAGSV,2,2,08,14,24,097,33,16,47,053,46,25,79,190,23,36,50,312,21,1*73
$GAGSV,1,1,01,16,47,053,50,5*47
$GAGSV,2,1,06,10,45,143,33,11,75,156,23,12,21,141,23,14,24,097,28,7*73
$GAGSV,2,2,06,16,47,053,47,25,79,190,30,7*76
$GAGSV,1,1,01,34,01,317,,0*46
$GBGSV,2,1,07,12,18,088,19,19,18,061,23,26,54,262,17,29,30,128,42,3*75
$GBGSV,2,2,07,31,29,268,16,35,63,203,22,39,42,359,47,3*43
$GBGSV,2,1,08,12,18,088,18,19,18,061,17,20,14,108,24,26,54,262,18,5*78
$GBGSV,2,2,08,29,30,128,46,31,29,268,18,35,63,203,18,39,42,359,47,5*7C
$GBGSV,3,1,10,11,10,119,09,12,18,088,27,19,18,061,18,20,14,108,25,8*74
$GBGSV,3,2,10,24,17,223,24,26,54,262,20,29,30,128,43,31,29,268,19,8*72
$GBGSV,3,3,10,35,63,203,26,39,42,359,46,8*79
$GBGSV,1,1,02,22,03,013,,36,00,024,,0*77
$GNGLL,3001.74235,S,05112.74969,W,163847.00,A,D*75
$GNRMC,163848.00,A,3001.74235,S,05112.74969,W,0.015,,090926,,,F,V*1B
$GNVTG,,T,,M,0.015,N,0.028,K,D*36
$GNGGA,163848.00,3001.74235,S,05112.74969,W,5,12,0.99,50.9,M,4.8,M,2.0,0920*6A
$GNGSA,M,3,23,25,29,31,05,12,13,,,,,,1.73,0.99,1.42,1*04
$GNGSA,M,3,80,82,79,84,83,,,,,,,,1.73,0.99,1.42,2*07
$GNGSA,M,3,10,11,12,16,25,36,02,,,,,,1.73,0.99,1.42,3*08
$GNGSA,M,3,19,26,29,31,35,39,12,,,,,,1.73,0.99,1.42,4*00
$GPGSV,2,1,07,05,42,110,47,12,31,041,44,13,25,035,42,23,14,354,37,1*63
$GPGSV,2,2,07,25,66,027,53,29,58,170,29,31,21,248,19,1*5B
$GPGSV,3,1,10,05,42,110,44,12,31,041,36,13,25,035,35,18,61,286,11,6*65
$GPGSV,3,2,10,23,14,354,36,25,66,027,47,26,17,223,16,28,28,281,17,6*6A
$GPGSV,3,3,10,29,58,170,23,31,21,248,16,6*6B
$GPGSV,2,1,07,13,25,035,35,18,61,286,22,21,15,136,15,23,14,354,43,8*68
$GPGSV,2,2,07,25,66,027,54,26,17,223,11,28,28,281,28,8*59
$GPGSV,1,1,01,15,03,049,,0*5E
$GLGSV,2,1,07,67,10,092,14,73,49,224,19,79,12,019,28,80,64,354,44,1*70
$GLGSV,2,2,07,82,34,155,22,83,55,235,22,84,17,289,16,1*42
$GLGSV,2,1,06,67,10,092,10,79,12,019,23,80,64,354,43,82,34,155,24,3*74
$GLGSV,2,2,06,83,55,235,18,84,17,289,17,3*75
$GLGSV,1,1,03,66,03,143,,68,01,046,,74,03,207,,0*47
$GAGSV,2,1,08,02,24,222,20,10,45,143,38,11,75,156,21,12,21,141,21,1*73
$GAGSV,2,2,08,14,24,097,33,16,47,053,46,25,79,190,24,36,50,312,21,1*74
$GAGSV,1,1,01,16,47,053,50,5*47
$GAGSV,2,1,06,10,45,143,33,11,75,156,23,12,21,141,24,14,24,097,28,7*74
$GAGSV,2,2,06,16,47,053,47,25,79,190,30,7*76
$GAGSV,1,1,01,34,01,317,,0*46
$GBGSV,2,1,07,12,18,088,18,19,18,061,23,26,54,262,18,29,30,128,42,3*7B
$GBGSV,2,2,07,31,29,268,16,35,63,203,21,39,42,359,47,3*40
$GBGSV,2,1,08,12,18,088,18,19,18,061,16,20,14,108,24,26,54,262,19,5*78
$GBGSV,2,2,08,29,30,128,46,31,29,268,18,35,63,203,18,39,42,359,47,5*7C
$GBGSV,3,1,10,11,10,119,09,12,18,088,27,19,18,061,18,20,14,108,25,8*74
$GBGSV,3,2,10,24,17,223,24,26,54,262,20,29,30,128,43,31,29,268,19,8*72
$GBGSV,3,3,10,35,63,203,26,39,42,359,46,8*79
$GBGSV,1,1,02,22,03,013,,36,00,024,,0*77
$GNGLL,3001.74235,S,05112.74969,W,163848.00,A,D*7A
$GNRMC,163849.00,A,3001.74235,S,05112.74968,W,0.039,,090926,,,F,V*15
$GNVTG,,T,,M,0.039,N,0.072,K,D*37
$GNGGA,163849.00,3001.74235,S,05112.74968,W,5,12,0.99,50.9,M,4.8,M,2.0,0920*6A
$GNGSA,M,3,23,25,28,29,31,05,12,13,,,,,1.73,0.99,1.42,1*0E
$GNGSA,M,3,80,82,79,84,83,,,,,,,,1.73,0.99,1.42,2*07
$GNGSA,M,3,10,11,12,16,25,36,02,,,,,,1.73,0.99,1.42,3*08
$GNGSA,M,3,19,26,29,31,35,39,12,,,,,,1.73,0.99,1.42,4*00
$GPGSV,2,1,07,05,42,110,47,12,31,041,44,13,25,035,42,23,14,354,37,1*63
$GPGSV,2,2,07,25,66,027,53,29,58,170,30,31,21,248,20,1*59
$GPGSV,3,1,10,05,42,110,44,12,31,041,36,13,25,035,35,18,61,286,11,6*65
$GPGSV,3,2,10,23,14,354,36,25,66,027,47,26,17,223,16,28,28,281,19,6*64
$GPGSV,3,3,10,29,58,170,23,31,21,248,15,6*68
$GPGSV,2,1,06,13,25,035,35,18,61,286,21,21,15,136,14,23,14,354,43,8*6B
$GPGSV,2,2,06,25,66,027,54,28,28,281,27,8*66
$GPGSV,1,1,01,15,03,049,,0*5E
$GLGSV,2,1,07,67,10,092,13,73,49,224,19,79,12,019,28,80,64,354,44,1*77
$GLGSV,2,2,07,82,34,155,22,83,55,235,22,84,17,289,16,1*42
$GLGSV,2,1,06,67,10,092,09,79,12,019,23,80,64,354,43,82,34,155,24,3*7C
$GLGSV,2,2,06,83,55,235,17,84,17,289,16,3*7B
$GLGSV,1,1,03,66,03,143,,68,01,046,,74,03,207,,0*47
$GAGSV,2,1,08,02,24,222,20,10,45,143,38,11,75,156,22,12,21,141,21,1*70
$GAGSV,2,2,08,14,24,097,33,16,47,053,46,25,79,190,23,36,50,312,21,1*73
$GAGSV,1,1,01,16,47,053,50,5*47
$GAGSV,2,1,06,10,45,143,34,11,75,156,23,12,21,141,24,14,24,097,28,7*73
$GAGSV,2,2,06,16,47,053,47,25,79,190,30,7*76
$GAGSV,1,1,01,34,01,317,,0*46
$GBGSV,2,1,07,12,18,088,18,19,18,061,23,26,54,262,18,29,30,128,42,3*7B
$GBGSV,2,2,07,31,29,268,16,35,63,203,22,39,42,359,47,3*43
$GBGSV,2,1,08,12,18,088,20,19,18,061,16,20,14,108,24,26,54,262,19,5*73
$GBGSV,2,2,08,29,30,128,46,31,29,268,18,35,63,203,19,39,42,359,47,5*7D
$GBGSV,3,1,10,11,10,119,11,12,18,088,27,19,18,061,18,20,14,108,25,8*7D
$GBGSV,3,2,10,24,17,223,24,26,54,262,20,29,30,128,43,31,29,268,19,8*72
$GBGSV,3,3,10,35,63,203,26,39,42,359,46,8*79
$GBGSV,1,1,02,22,03,013,,36,00,024,,0*77
$GNGLL,3001.74235,S,05112.74968,W,163849.00,A,D*7A
$GNRMC,163850.00,A,3001.74235,S,05112.74969,W,0.017,,090926,,,F,V*10
$GNVTG,,T,,M,0.017,N,0.031,K,D*3C
$GNGGA,163850.00,3001.74235,S,05112.74969,W,5,12,0.99,50.9,M,4.8,M,2.0,0920*63
$GNGSA,M,3,23,25,28,29,31,05,12,13,,,,,1.73,0.99,1.42,1*0E
$GNGSA,M,3,80,82,79,84,83,,,,,,,,1.73,0.99,1.42,2*07
$GNGSA,M,3,10,11,12,16,25,36,02,,,,,,1.73,0.99,1.42,3*08
$GNGSA,M,3,19,26,29,31,35,39,12,,,,,,1.73,0.99,1.42,4*00
$GPGSV,2,1,07,05,42,110,47,12,31,041,44,13,25,035,42,23,14,354,37,1*63
$GPGSV,2,2,07,25,66,027,53,29,58,170,30,31,21,248,20,1*59
$GPGSV,3,1,10,05,42,110,44,12,31,041,36,13,25,035,35,18,61,286,10,6*64
$GPGSV,3,2,10,23,14,354,36,25,66,027,47,26,17,223,17,28,28,281,19,6*65
$GPGSV,3,3,10,29,58,170,22,31,21,248,15,6*69
$GPGSV,2,1,06,13,25,035,35,18,61,286,21,21,15,136,12,23,14,354,43,8*6D
$GPGSV,2,2,06,25,66,027,54,28,28,281,27,8*66
$GPGSV,1,1,01,15,03,049,,0*5E
$GLGSV,2,1,07,67,10,092,13,73,49,224,19,79,12,019,27,80,64,354,44,1*78
$GLGSV,2,2,07,82,34,155,22,83,55,235,20,84,17,289,15,1*43
$GLGSV,2,1,06,67,10,092,09,79,12,019,22,80,64,354,43,82,34,155,24,3*7D
$GLGSV,2,2,06,83,55,235,18,84,17,289,16,3*74
$GLGSV,1,1,03,66,03,143,,68,01,046,,74,03,207,,0*47
$GAGSV,2,1,08,02,24,222,20,10,45,143,38,11,75,156,21,12,21,141,21,1*73
$GAGSV,2,2,08,14,24,097,33,16,47,053,46,25,79,190,23,36,50,312,21,1*73
$GAGSV,1,1,01,16,47,053,50,5*47
$GAGSV,2,1,06,10,45,143,33,11,75,156,22,12,21,141,24,14,24,097,27,7*7A
$GAGSV,2,2,06,16,47,053,47,25,79,190,30,7*76
$GAGSV,1,1,01,34,01,317,,0*46
$GBGSV,2,1,07,12,18,088,17,19,18,061,23,26,54,262,17,29,30,128,42,3*7B
$GBGSV,2,2,07,31,29,268,15,35,63,203,22,39,42,359,47,3*40
$GBGSV,2,1,08,12,18,088,20,19,18,061,16,20,14,108,23,26,54,262,19,5*74
$GBGSV,2,2,08,29,30,128,46,31,29,268,19,35,63,203,19,39,42,359,47,5*7C
$GBGSV,3,1,10,11,10,119,12,12,18,088,27,19,18,061,19,20,14,108,26,8*7C
$GBGSV,3,2,10,24,17,223,25,26,54,262,20,29,30,128,43,31,29,268,19,8*73
$GBGSV,3,3,10,35,63,203,26,39,42,359,46,8*79
$GBGSV,1,1,02,22,03,013,,36,00,024,,0*77
$GNGLL,3001.74235,S,05112.74969,W,163850.00,A,D*73
$GNRMC,163851.00,A,3001.74235,S,05112.74969,W,0.026,,090926,,,F,V*13
$GNVTG,,T,,M,0.026,N,0.049,K,D*31
$GNGGA,163851.00,3001.74235,S,05112.74969,W,5,12,0.99,51.0,M,4.8,M,2.0,0920*6A
$GNGSA,M,3,23,25,28,29,31,05,12,13,,,,,1.73,0.99,1.42,1*0E
$GNGSA,M,3,80,82,79,84,83,,,,,,,,1.73,0.99,1.42,2*07
$GNGSA,M,3,10,11,12,16,25,36,02,,,,,,1.73,0.99,1.42,3*08
$GNGSA,M,3,19,26,29,31,35,39,12,,,,,,1.73,0.99,1.42,4*00
$GPGSV,2,1,08,05,42,110,47,12,31,041,44,13,25,035,42,23,14,354,37,1*6C
$GPGSV,2,2,08,25,66,027,53,29,58,170,29,31,21,248,20,31,21,248,20,1*63
$GPGSV,3,1,10,05,42,110,44,12,31,041,36,13,25,035,35,18,61,286,10,6*64
$GPGSV,3,2,10,23,14,354,36,25,66,027,47,26,17,223,17,28,28,281,18,6*64
$GPGSV,3,3,10,29,58,170,22,31,21,248,15,6*69
$GPGSV,2,1,05,13,25,035,35,18,61,286,20,23,14,354,43,25,66,027,54,8*6C
$GPGSV,2,2,05,28,28,281,28,8*59
$GPGSV,1,1,02,15,03,049,,21,15,136,,0*6E
$GLGSV,2,1,07,67,10,092,10,73,49,224,20,79,12,019,28,80,64,354,44,1*7E
$GLGSV,2,2,07,82,34,155,22,83,55,235,18,84,17,289,14,1*49
$GLGSV,2,1,07,67,10,092,08,73,49,224,17,79,12,019,22,80,64,354,43,3*7C
$GLGSV,2,2,07,82,34,155,24,83,55,235,18,84,17,289,16,3*4F
$GLGSV,1,1,03,66,03,143,,68,01,046,,74,03,207,,0*47
$GAGSV,2,1,08,02,24,222,21,10,45,143,38,11,75,156,21,12,21,141,21,1*72
$GAGSV,2,2,08,14,24,097,33,16,47,053,46,25,79,190,23,36,50,312,20,1*72
$GAGSV,1,1,01,16,47,053,50,5*47
$GAGSV,2,1,06,10,45,143,34,11,75,156,22,12,21,141,23,14,24,097,27,7*7A
$GAGSV,2,2,06,16,47,053,47,25,79,190,31,7*77
$GAGSV,1,1,01,34,01,317,,0*46
$GBGSV,2,1,07,12,18,088,16,19,18,061,23,26,54,262,16,29,30,128,42,3*7B
$GBGSV,2,2,07,31,29,268,15,35,63,203,21,39,42,359,47,3*43
$GBGSV,2,1,08,12,18,088,21,19,18,061,15,20,14,108,23,26,54,262,19,5*76
$GBGSV,2,2,08,29,30,128,46,31,29,268,19,35,63,203,19,39,42,359,47,5*7C
$GBGSV,3,1,10,11,10,119,11,12,18,088,27,19,18,061,18,20,14,108,25,8*7D
$GBGSV,3,2,10,24,17,223,25,26,54,262,19,29,30,128,43,31,29,268,19,8*79
$GBGSV,3,3,10,35,63,203,26,39,42,359,46,8*79
$GBGSV,1,1,02,22,03,013,,36,00,024,,0*77
$GNGLL,3001.74235,S,05112.74969,W,163851.00,A,D*72
$GNRMC,163852.00,A,3001.74235,S,05112.74969,W,0.019,,090926,,,F,V*1C
$GNVTG,,T,,M,0.019,N,0.035,K,D*36
$GNGGA,163852.00,3001.74235,S,05112.74969,W,5,12,0.99,50.9,M,4.8,M,2.0,0920*61
$GNGSA,M,3,23,25,28,29,31,05,12,13,,,,,1.73,0.99,1.42,1*0E
$GNGSA,M,3,80,82,79,84,83,,,,,,,,1.73,0.99,1.42,2*07
$GNGSA,M,3,10,11,12,16,25,36,02,,,,,,1.73,0.99,1.42,3*08
$GNGSA,M,3,19,26,29,31,35,39,12,,,,,,1.73,0.99,1.42,4*00
$GPGSV,2,1,07,05,42,110,47,12,31,041,45,13,25,035,42,23,14,354,37,1*62
$GPGSV,2,2,07,25,66,027,53,29,58,170,29,31,21,248,21,1*50
$GPGSV,3,1,10,05,42,110,44,12,31,041,36,13,25,035,35,18,61,286,10,6*64
$GPGSV,3,2,10,23,14,354,36,25,66,027,47,26,17,223,16,28,28,281,19,6*64
$GPGSV,3,3,10,29,58,170,22,31,21,248,16,6*6A
$GPGSV,2,1,05,13,25,035,35,18,61,286,20,23,14,354,43,25,66,027,54,8*6C
$GPGSV,2,2,05,28,28,281,28,8*59
$GPGSV,1,1,02,15,03,049,,21,15,136,,0*6E
$GLGSV,2,1,07,67,10,092,10,73,49,224,20,79,12,019,27,80,64,354,44,1*71
$GLGSV,2,2,07,82,34,155,21,83,55,235,16,84,17,289,13,1*43
$GLGSV,2,1,07,67,10,092,09,73,49,224,18,79,12,019,22,80,64,354,43,3*72
$GLGSV,2,2,07,82,34,155,23,83,55,235,19,84,17,289,17,3*48
$GLGSV,1,1,03,66,03,143,,68,01,046,,74,03,207,,0*47
$GAGSV,2,1,08,02,24,222,21,10,45,143,38,11,75,156,21,12,21,141,21,1*72
$GAGSV,2,2,08,14,24,097,33,16,47,053,46,25,79,190,23,36,50,312,20,1*72
$GAGSV,1,1,01,16,47,053,50,5*47
$GAGSV,2,1,06,10,45,143,34,11,75,156,22,12,21,141,24,14,24,097,27,7*7D
$GAGSV,2,2,06,16,47,053,47,25,79,190,31,7*77
$GAGSV,1,1,01,34,01,317,,0*46
$GBGSV,2,1,07,12,18,088,14,19,18,061,22,26,54,262,16,29,30,128,42,3*78
$GBGSV,2,2,07,31,29,268,15,35,63,203,21,39,42,359,47,3*43
$GBGSV,2,1,08,12,18,088,21,19,18,061,16,20,14,108,23,26,54,262,20,5*7F
$GBGSV,2,2,08,29,30,128,46,31,29,268,18,35,63,203,19,39,42,359,47,5*7D
$GBGSV,3,1,09,12,18,088,27,19,18,061,18,20,14,108,25,24,17,223,25,8*79
$GBGSV,3,2,09,26,54,262,20,29,30,128,43,31,29,268,19,35,63,203,25,8*7A
$GBGSV,3,3,09,39,42,359,46,8*47
$GBGSV,1,1,03,11,10,119,,22,03,013,,36,00,024,,0*4E
$GNGLL,3001.74235,S,05112.74969,W,163852.00,A,D*71
$GNRMC,163853.00,A,3001.74235,S,05112.74970,W,0.014,,090926,,,F,V*18
$GNVTG,,T,,M,0.014,N,0.026,K,D*39
$GNGGA,163853.00,3001.74235,S,05112.74970,W,5,12,0.99,50.9,M,4.8,M,2.0,0920*68
$GNGSA,M,3,23,25,28,29,31,05,12,13,,,,,1.73,0.99,1.42,1*0E
$GNGSA,M,3,80,82,79,84,83,,,,,,,,1.73,0.99,1.42,2*07
$GNGSA,M,3,10,11,12,16,25,36,02,,,,,,1.73,0.99,1.42,3*08
$GNGSA,M,3,19,26,29,31,35,39,12,,,,,,1.73,0.99,1.42,4*00
$GPGSV,2,1,07,05,42,110,47,12,31,041,45,13,25,035,42,23,14,354,37,1*62
$GPGSV,2,2,07,25,66,027,53,29,58,170,29,31,21,248,22,1*53
$GPGSV,3,1,09,05,42,110,44,12,31,041,36,13,25,035,35,23,14,354,36,6*6C
$GPGSV,3,2,09,25,66,027,47,26,17,223,15,28,28,281,19,29,58,170,22,6*6C
$GPGSV,3,3,09,31,21,248,16,6*52
$GPGSV,2,1,05,13,25,035,35,18,61,286,20,23,14,354,43,25,66,027,54,8*6C
$GPGSV,2,2,05,28,28,281,27,8*56
$GPGSV,1,1,02,15,03,049,,21,15,136,,0*6E
$GLGSV,2,1,07,67,10,092,10,73,49,224,20,79,12,019,27,80,64,354,44,1*71
$GLGSV,2,2,07,82,34,155,21,83,55,235,14,84,17,289,10,1*42
$GLGSV,2,1,07,67,10,092,08,73,49,224,18,79,12,019,22,80,64,354,43,3*73
$GLGSV,2,2,07,82,34,155,22,83,55,235,20,84,17,289,16,3*42
$GLGSV,1,1,03,66,03,143,,68,01,046,,74,03,207,,0*47
$GAGSV,2,1,08,02,24,222,20,10,45,143,38,11,75,156,21,12,21,141,21,1*73
$GAGSV,2,2,08,14,24,097,33,16,47,053,46,25,79,190,23,36,50,312,21,1*73
$GAGSV,1,1,01,16,47,053,50,5*47
$GAGSV,2,1,06,10,45,143,34,11,75,156,22,12,21,141,24,14,24,097,27,7*7D
$GAGSV,2,2,06,16,47,053,47,25,79,190,30,7*76
$GAGSV,1,1,01,34,01,317,,0*46
$GBGSV,2,1,07,12,18,088,14,19,18,061,22,26,54,262,17,29,30,128,42,3*79
$GBGSV,2,2,07,31,29,268,15,35,63,203,21,39,42,359,47,3*43
$GBGSV,2,1,08,12,18,088,21,19,18,061,16,20,14,108,23,26,54,262,20,5*7F
$GBGSV,2,2,08,29,30,128,46,31,29,268,18,35,63,203,18,39,42,359,47,5*7C
$GBGSV,3,1,09,12,18,088,27,19,18,061,19,20,14,108,25,24,17,223,25,8*78
$GBGSV,3,2,09,26,54,262,21,29,30,128,43,31,29,268,20,35,63,203,26,8*72
$GBGSV,3,3,09,39,42,359,46,8*47
$GBGSV,1,1,03,11,10,118,,22,03,013,,36,00,024,,0*4F
$GNGLL,3001.74235,S,05112.74970,W,163853.00,A,D*78
$GNRMC,163854.00,A,3001.74235,S,05112.74970,W,0.027,,090926,,,F,V*1F
$GNVTG,,T,,M,0.027,N,0.049,K,D*30
$GNGGA,163854.00,3001.74235,S,05112.74970,W,5,12,0.99,50.9,M,4.8,M,2.0,0920*6F
$GNGSA,M,3,23,25,28,29,31,05,12,13,,,,,1.73,0.99,1.42,1*0E
$GNGSA,M,3,80,82,79,84,83,,,,,,,,1.73,0.99,1.42,2*07
$GNGSA,M,3,10,11,12,16,25,36,02,,,,,,1.73,0.99,1.42,3*08
$GNGSA,M,3,19,26,29,31,35,39,12,,,,,,1.73,0.99,1.42,4*00
$GPGSV,2,1,07,05,42,110,47,12,31,041,45,13,25,035,42,23,14,354,37,1*62
$GPGSV,2,2,07,25,66,027,53,29,58,170,29,31,21,248,23,1*52
$GPGSV,3,1,09,05,42,110,44,12,31,041,36,13,25,035,35,23,14,354,36,6*6C
$GPGSV,3,2,09,25,66,027,47,26,17,223,16,28,28,281,19,29,58,170,22,6*6F
$GPGSV,3,3,09,31,21,248,15,6*51
$GPGSV,2,1,05,13,25,035,35,18,61,286,20,23,14,354,43,25,66,027,54,8*6C
$GPGSV,2,2,05,28,28,281,27,8*56
$GPGSV,1,1,02,15,03,049,,21,15,136,,0*6E
$GLGSV,2,1,07,67,10,092,12,73,49,224,20,79,12,019,27,80,64,354,44,1*73
$GLGSV,2,2,07,82,34,155,21,83,55,235,11,84,17,289,09,1*4F
$GLGSV,2,1,07,67,10,092,08,73,49,224,18,79,12,019,22,80,64,354,43,3*73
$GLGSV,2,2,07,82,34,155,22,83,55,235,21,84,17,289,16,3*43
$GLGSV,1,1,03,66,03,143,,68,01,046,,74,03,207,,0*47
$GAGSV,2,1,08,02,24,222,20,10,45,143,38,11,75,156,21,12,21,141,21,1*73
$GAGSV,2,2,08,14,24,097,33,16,47,053,46,25,79,190,23,36,50,312,21,1*73
$GAGSV,1,1,01,16,47,053,50,5*47
$GAGSV,2,1,06,10,45,143,34,11,75,156,22,12,21,141,24,14,24,097,27,7*7D
$GAGSV,2,2,06,16,47,053,47,25,79,190,30,7*76
$GAGSV,1,1,01,34,01,317,,0*46
$GBGSV,2,1,07,12,19,089,13,19,18,061,22,26,54,262,15,29,30,128,42,3*7C
$GBGSV,2,2,07,31,29,268,15,35,63,203,21,39,42,359,47,3*43
$GBGSV,2,1,08,12,19,089,21,19,18,061,17,20,14,108,23,26,54,262,20,5*7E
$GBGSV,2,2,08,29,30,128,46,31,29,268,19,35,63,203,18,39,42,359,47,5*7D
$GBGSV,3,1,09,12,19,089,26,19,18,061,18,20,14,108,25,24,17,223,25,8*78
$GBGSV,3,2,09,26,54,262,20,29,30,128,43,31,29,268,21,35,63,203,25,8*71
$GBGSV,3,3,09,39,42,359,46,8*47
$GBGSV,1,1,03,11,10,118,,22,03,013,,36,00,024,,0*4F
$GNGLL,3001.74235,S,05112.74970,W,163854.00,A,D*7F
$GNRMC,163855.00,A,3001.74235,S,05112.74970,W,0.042,,090926,,,F,V*1D
$GNVTG,,T,,M,0.042,N,0.078,K,D*31
$GNGGA,163855.00,3001.74235,S,05112.74970,W,5,12,0.99,50.9,M,4.8,M,2.0,0920*6E
$GNGSA,M,3,23,25,28,29,31,05,12,13,,,,,1.73,0.99,1.42,1*0E
$GNGSA,M,3,80,82,79,84,83,,,,,,,,1.73,0.99,1.42,2*07
$GNGSA,M,3,10,11,12,16,25,36,02,,,,,,1.73,0.99,1.42,3*08
$GNGSA,M,3,19,26,29,35,39,12,,,,,,,1.73,0.99,1.42,4*02
$GPGSV,2,1,07,05,42,110,47,12,31,041,45,13,25,035,42,23,14,354,37,1*62
$GPGSV,2,2,07,25,66,027,53,29,58,170,29,31,21,248,23,1*52
$GPGSV,3,1,09,05,42,110,44,12,31,041,36,13,25,035,35,23,14,354,36,6*6C
$GPGSV,3,2,09,25,66,027,47,26,17,223,16,28,28,281,20,29,58,170,23,6*64
$GPGSV,3,3,09,31,21,248,13,6*57
$GPGSV,2,1,05,13,25,035,35,18,61,286,20,23,14,354,43,25,66,027,54,8*6C
$GPGSV,2,2,05,28,28,281,27,8*56
$GPGSV,1,1,02,15,03,049,,21,15,136,,0*6E
$GLGSV,2,1,07,67,10,092,11,73,49,224,20,79,12,019,27,80,64,354,44,1*70
$GLGSV,2,2,07,82,34,155,21,83,55,235,08,84,17,289,07,1*49
$GLGSV,2,1,06,73,49,224,18,79,12,019,21,80,64,354,43,82,34,155,22,3*7E
$GLGSV,2,2,06,83,55,235,20,84,17,289,15,3*7C
$GLGSV,1,1,03,66,03,143,,68,01,046,,74,03,207,,0*47
$GAGSV,2,1,08,02,24,222,21,10,45,143,38,11,75,156,22,12,21,141,21,1*71
$GAGSV,2,2,08,14,24,097,33,16,47,053,46,25,79,190,23,36,50,312,21,1*73
$GAGSV,1,1,01,16,47,053,50,5*47
$GAGSV,2,1,06,10,45,143,33,11,75,156,22,12,21,141,24,14,24,097,27,7*7A
$GAGSV,2,2,06,16,47,053,47,25,79,190,30,7*76
$GAGSV,1,1,01,34,01,317,,0*46
$GBGSV,2,1,06,19,18,061,21,26,54,262,13,29,30,128,42,31,29,268,15,3*71
$GBGSV,2,2,06,35,63,203,21,39,42,359,47,3*73
$GBGSV,2,1,08,12,19,089,21,19,18,061,16,20,14,108,23,26,54,262,20,5*7F
$GBGSV,2,2,08,29,30,128,46,31,29,268,19,35,63,203,18,39,42,359,47,5*7D
$GBGSV,3,1,09,12,19,089,26,19,18,061,18,20,14,108,26,24,17,223,25,8*7B
$GBGSV,3,2,09,26,54,262,20,29,30,128,43,31,29,268,20,35,63,203,25,8*70
$GBGSV,3,3,09,39,42,359,46,8*47
$GBGSV,1,1,03,11,10,118,,22,03,013,,36,00,024,,0*4F
$GNGLL,3001.74235,S,05112.74970,W,163855.00,A,D*7E
$GNRMC,163856.00,A,3001.74235,S,05112.74970,W,0.016,,090926,,,F,V*1F
$GNVTG,,T,,M,0.016,N,0.031,K,D*3D
$GNGGA,163856.00,3001.74235,S,05112.74970,W,5,12,0.99,50.9,M,4.8,M,2.0,0920*6D
$GNGSA,M,3,23,25,28,29,31,05,12,13,,,,,1.73,0.99,1.42,1*0E
$GNGSA,M,3,80,82,79,84,83,,,,,,,,1.73,0.99,1.42,2*07
$GNGSA,M,3,10,11,12,16,25,36,02,,,,,,1.73,0.99,1.42,3*08
$GNGSA,M,3,19,26,29,31,35,39,12,,,,,,1.73,0.99,1.42,4*00
$GPGSV,2,1,07,05,42,110,47,12,31,041,45,13,25,035,42,23,14,354,37,1*62
$GPGSV,2,2,07,25,66,027,53,29,58,170,29,31,21,248,24,1*55
$GPGSV,3,1,09,05,42,110,44,12,31,041,36,13,25,035,35,23,14,354,36,6*6C
$GPGSV,3,2,09,25,66,027,47,26,17,223,16,28,28,281,20,29,58,170,23,6*64
$GPGSV,3,3,09,31,21,248,14,6*50
$GPGSV,2,1,05,13,25,035,35,18,61,286,19,23,14,354,43,25,66,027,54,8*66
$GPGSV,2,2,05,28,28,281,27,8*56
$GPGSV,1,1,02,15,03,049,,21,15,136,,0*6E
$GLGSV,2,1,07,67,10,092,11,73,49,224,20,79,12,019,27,80,64,354,44,1*70
$GLGSV,2,2,07,82,34,155,21,83,55,235,07,84,17,289,08,1*49
$GLGSV,2,1,06,73,49,224,19,79,12,019,21,80,64,354,43,82,34,155,21,3*7C
$GLGSV,2,2,06,83,55,235,20,84,17,289,16,3*7F
$GLGSV,1,1,03,66,03,143,,68,01,046,,74,03,207,,0*47
$GAGSV,2,1,08,02,24,222,21,10,45,143,38,11,75,156,22,12,21,141,22,1*72
$GAGSV,2,2,08,14,24,097,33,16,47,053,46,25,79,190,23,36,50,312,21,1*73
$GAGSV,1,1,01,16,47,053,50,5*47
$GAGSV,2,1,06,10,45,143,34,11,75,156,23,12,21,141,24,14,24,097,27,7*7C
$GAGSV,2,2,06,16,47,053,47,25,79,190,30,7*76
$GAGSV,1,1,01,34,01,317,,0*46
$GBGSV,2,1,06,19,18,061,20,26,54,262,14,29,30,128,42,31,29,268,16,3*74
$GBGSV,2,2,06,35,63,203,21,39,42,359,47,3*73
$GBGSV,2,1,08,12,19,089,21,19,18,061,16,20,14,108,22,26,54,262,19,5*74
$GBGSV,2,2,08,29,30,128,46,31,29,268,19,35,63,203,18,39,42,359,47,5*7D
$GBGSV,3,1,09,12,19,089,26,19,18,061,18,20,14,108,26,24,17,223,24,8*7A
$GBGSV,3,2,09,26,54,262,20,29,30,128,43,31,29,268,20,35,63,203,25,8*70
$GBGSV,3,3,09,39,42,359,46,8*47
$GBGSV,1,1,03,11,10,118,,22,03,013,,36,00,024,,0*4F
$GNGLL,3001.74235,S,05112.74970,W,163856.00,A,D*7D
$GNRMC,163857.00,A,3001.74235,S,05112.74971,W,0.009,,090926,,,F,V*11
$GNVTG,,T,,M,0.009,N,0.017,K,D*37
$GNGGA,163857.00,3001.74235,S,05112.74971,W,5,12,0.91,50.9,M,4.8,M,2.0,0920*65
$GNGSA,M,3,23,25,28,29,31,05,12,13,,,,,1.66,0.91,1.39,1*0E
$GNGSA,M,3,80,82,79,84,83,,,,,,,,1.66,0.91,1.39,2*07
$GNGSA,M,3,10,11,12,16,25,36,02,,,,,,1.66,0.91,1.39,3*08
$GNGSA,M,3,26,29,31,35,39,12,,,,,,,1.66,0.91,1.39,4*08
$GPGSV,2,1,07,05,42,110,47,12,31,041,45,13,25,035,41,23,14,354,37,1*61
$GPGSV,2,2,07,25,66,027,53,29,58,170,29,31,21,248,25,1*54
$GPGSV,1,1,02,18,61,286,16,21,15,136,16,5*63
$GPGSV,3,1,09,05,42,110,44,12,31,041,36,13,25,035,35,23,14,354,36,6*6C
$GPGSV,3,2,09,25,66,027,47,26,17,223,16,28,28,281,20,29,58,170,22,6*65
$GPGSV,3,3,09,31,21,248,12,6*56
$GPGSV,2,1,06,13,25,035,35,18,61,286,19,23,14,354,43,25,66,027,54,8*65
$GPGSV,2,2,06,26,17,223,19,28,28,281,28,8*63
$GPGSV,1,1,01,15,03,049,,0*5E
$GLGSV,2,1,05,67,10,092,09,73,49,224,20,79,12,019,27,80,64,354,44,1*7B
$GLGSV,2,2,05,82,34,155,20,1*43
$GLGSV,2,1,06,73,49,224,20,79,12,019,20,80,64,354,43,82,34,155,21,3*77
$GLGSV,2,2,06,83,55,235,19,84,17,289,16,3*75
$GLGSV,1,1,03,66,03,143,,68,01,046,,74,03,207,,0*47
$GAGSV,2,1,08,02,24,222,21,10,45,143,38,11,75,156,22,12,21,141,22,1*72
$GAGSV,2,2,08,14,24,097,33,16,47,053,46,25,79,190,23,36,50,312,20,1*72
$GAGSV,1,1,01,16,47,053,50,5*47
$GAGSV,2,1,06,10,45,143,34,11,75,156,23,12,21,141,23,14,24,097,26,7*7A
$GAGSV,2,2,06,16,47,053,47,25,79,190,30,7*76
$GAGSV,1,1,01,34,01,317,,0*46
$GBGSV,2,1,06,19,18,062,18,26,54,262,15,29,30,128,42,31,29,268,16,3*7D
$GBGSV,2,2,06,35,63,203,21,39,42,359,47,3*73
$GBGSV,2,1,08,12,19,089,22,19,18,062,16,20,14,108,22,26,54,262,20,5*7E
$GBGSV,2,2,08,29,30,128,46,31,29,268,20,35,63,203,18,39,42,359,47,5*77
$GBGSV,3,1,09,12,19,089,26,19,18,062,19,20,14,108,26,24,17,223,24,8*78
$GBGSV,3,2,09,26,54,262,20,29,30,128,43,31,29,268,19,35,63,203,25,8*7A
$GBGSV,3,3,09,39,42,359,46,8*47
$GBGSV,1,1,03,11,10,118,,22,03,013,,36,00,024,,0*4F
$GNGLL,3001.74235,S,05112.74971,W,163857.00,A,D*7D
$GNRMC,163858.00,A,3001.74236,S,05112.74971,W,0.021,,090926,,,F,V*17
$GNVTG,,T,,M,0.021,N,0.039,K,D*31
$GNGGA,163858.00,3001.74236,S,05112.74971,W,5,12,0.91,50.9,M,4.8,M,2.0,0920*69
$GNGSA,M,3,23,25,28,29,31,05,12,13,,,,,1.66,0.91,1.39,1*0E
$GNGSA,M,3,80,82,79,83,,,,,,,,,1.66,0.91,1.39,2*0B
$GNGSA,M,3,10,11,12,16,25,36,02,,,,,,1.66,0.91,1.39,3*08
$GNGSA,M,3,19,26,29,31,35,39,12,,,,,,1.66,0.91,1.39,4*00
$GPGSV,2,1,07,05,42,110,47,12,31,041,45,13,25,035,41,23,14,354,37,1*61
$GPGSV,2,2,07,25,66,027,53,29,58,170,29,31,21,248,25,1*54
$GPGSV,3,1,11,05,42,110,44,12,31,041,36,13,25,035,35,18,61,286,17,6*62
$GPGSV,3,2,11,21,15,136,15,23,14,354,36,25,66,027,47,26,17,223,13,6*64
$GPGSV,3,3,11,28,28,281,21,29,58,170,22,31,21,248,12,6*57
$GPGSV,2,1,06,13,25,035,35,18,61,286,19,23,14,354,43,25,66,027,54,8*65
$GPGSV,2,2,06,26,17,223,19,28,28,281,28,8*63
$GPGSV,1,1,01,15,03,049,,0*5E
$GLGSV,2,1,05,67,10,092,09,73,49,224,20,79,12,019,27,80,64,354,45,1*7A
$GLGSV,2,2,05,82,34,155,19,1*49
$GLGSV,2,1,06,73,49,224,20,79,12,019,20,80,64,354,43,82,34,155,21,3*77
$GLGSV,2,2,06,83,55,235,19,84,17,289,14,3*77
$GLGSV,1,1,03,66,03,143,,68,01,046,,74,03,207,,0*47
$GAGSV,2,1,08,02,24,222,21,10,45,143,38,11,75,156,22,12,21,141,22,1*72
$GAGSV,2,2,08,14,24,097,33,16,47,053,46,25,79,190,23,36,50,312,19,1*78
$GAGSV,1,1,01,16,47,053,50,5*47
$GAGSV,2,1,06,10,45,143,34,11,75,156,23,12,21,141,23,14,24,097,26,7*7A
$GAGSV,2,2,06,16,47,053,47,25,79,190,30,7*76
$GAGSV,1,1,01,34,01,317,,0*46
$GBGSV,2,1,06,19,18,062,18,26,54,262,17,29,30,128,42,31,29,268,16,3*7F
$GBGSV,2,2,06,35,63,203,21,39,42,359,47,3*73
$GBGSV,2,1,08,12,19,089,22,19,18,062,17,20,14,109,21,26,54,262,20,5*7D
$GBGSV,2,2,08,29,30,128,46,31,29,268,20,35,63,203,18,39,42,359,47,5*77
$GBGSV,3,1,09,12,19,089,25,19,18,062,19,20,14,109,25,24,17,223,23,8*7E
$GBGSV,3,2,09,26,54,262,20,29,30,128,43,31,29,268,20,35,63,203,25,8*70
$GBGSV,3,3,09,39,42,359,46,8*47
$GBGSV,1,1,03,11,10,118,,22,03,013,,36,00,024,,0*4F
$GNGLL,3001.74236,S,05112.74971,W,163858.00,A,D*71
$GNRMC,163859.00,A,3001.74235,S,05112.74971,W,0.018,,090926,,,F,V*1F
$GNVTG,,T,,M,0.018,N,0.034,K,D*36
$GNGGA,163859.00,3001.74235,S,05112.74971,W,5,12,0.91,50.9,M,4.8,M,2.0,0920*6B
$GNGSA,M,3,23,25,28,29,31,05,12,13,,,,,1.66,0.91,1.39,1*0E
$GNGSA,M,3,80,82,79,83,,,,,,,,,1.66,0.91,1.39,2*0B
$GNGSA,M,3,10,11,12,16,25,36,02,,,,,,1.66,0.91,1.39,3*08
$GNGSA,M,3,19,26,29,31,35,39,12,,,,,,1.66,0.91,1.39,4*00
$GPGSV,2,1,07,05,42,110,47,12,31,041,45,13,25,035,42,23,14,354,37,1*62
$GPGSV,2,2,07,25,66,027,53,29,58,170,29,31,21,248,25,1*54
$GPGSV,3,1,10,05,42,110,44,12,31,041,36,13,25,035,35,18,61,286,17,6*63
$GPGSV,3,2,10,21,15,136,14,23,14,354,37,25,66,027,47,28,28,281,20,6*6F
$GPGSV,3,3,10,29,58,170,22,31,21,248,13,6*6F
$GPGSV,2,1,06,13,25,035,35,18,61,286,19,23,14,354,43,25,66,027,54,8*65
$GPGSV,2,2,06,26,17,223,19,28,28,281,28,8*63
$GPGSV,1,1,01,15,03,049,,0*5E
$GLGSV,2,1,05,67,10,092,11,73,49,224,19,79,12,019,27,80,64,354,44,1*78
$GLGSV,2,2,05,82,34,155,17,1*47
$GLGSV,2,1,06,73,49,224,20,79,12,019,19,80,64,354,43,82,34,155,20,3*7C
$GLGSV,2,2,06,83,55,235,20,84,17,289,12,3*7B
$GLGSV,1,1,03,66,03,143,,68,01,046,,74,03,207,,0*47
$GAGSV,2,1,08,02,24,222,21,10,45,143,39,11,75,156,22,12,21,141,22,1*73
$GAGSV,2,2,08,14,24,097,33,16,47,053,46,25,79,190,23,36,50,312,19,1*78
$GAGSV,1,1,01,16,47,053,50,5*47
$GAGSV,2,1,06,10,45,143,34,11,75,156,23,12,21,141,23,14,24,097,26,7*7A
$GAGSV,2,2,06,16,47,053,47,25,79,190,30,7*76
$GAGSV,1,1,01,34,01,317,,0*46
$GBGSV,2,1,06,19,18,062,18,26,54,262,16,29,30,128,42,31,29,268,15,3*7D
$GBGSV,2,2,06,35,63,203,21,39,42,359,47,3*73
$GBGSV,2,1,08,12,19,089,21,19,18,062,16,20,14,109,22,26,54,262,20,5*7C
$GBGSV,2,2,08,29,30,128,46,31,29,268,21,35,63,203,18,39,42,359,47,5*76
$GBGSV,3,1,09,12,19,089,25,19,18,062,19,20,14,109,25,24,17,223,22,8*7F
$GBGSV,3,2,09,26,54,262,21,29,30,128,43,31,29,268,20,35,63,203,25,8*71
$GBGSV,3,3,09,39,42,359,46,8*47
$GBGSV,1,1,03,11,10,118,,22,03,013,,36,00,024,,0*4F
$GNGLL,3001.74235,S,05112.74971,W,163859.00,A,D*73
$GNRMC,163900.00,A,3001.74235,S,05112.74971,W,0.026,,090926,,,F,V*1F
$GNVTG,,T,,M,0.026,N,0.048,K,D*30
$GNGGA,163900.00,3001.74235,S,05112.74971,W,5,12,0.91,50.9,M,4.8,M,2.0,0920*66
$GNGSA,M,3,18,23,25,28,29,31,05,12,13,,,,1.66,0.91,1.39,1*07
$GNGSA,M,3,80,82,79,83,,,,,,,,,1.66,0.91,1.39,2*0B
$GNGSA,M,3,10,11,12,16,25,36,02,,,,,,1.66,0.91,1.39,3*08
$GNGSA,M,3,26,29,35,39,12,,,,,,,,1.66,0.91,1.39,4*0A
$GPGSV,2,1,07,05,42,110,47,12,31,041,45,13,25,035,42,23,14,354,37,1*62
$GPGSV,2,2,07,25,66,027,53,29,58,170,29,31,21,248,25,1*54
$GPGSV,3,1,10,05,42,110,44,12,31,041,36,13,25,035,35,18,61,286,17,6*63
$GPGSV,3,2,10,21,15,136,13,23,14,354,37,25,66,027,47,28,28,281,21,6*69
$GPGSV,3,3,10,29,58,170,22,31,21,248,14,6*68
$GPGSV,2,1,06,13,25,035,35,18,61,286,19,23,14,354,43,25,66,027,54,8*65
$GPGSV,2,2,06,26,17,223,19,28,28,281,27,8*6C
$GPGSV,1,1,01,15,03,049,,0*5E
$GLGSV,2,1,05,67,10,092,11,73,49,224,18,79,12,019,27,80,64,354,45,1*78
$GLGSV,2,2,05,82,34,155,17,1*47
$GLGSV,2,1,06,73,49,224,21,79,12,019,19,80,64,354,43,82,34,155,20,3*7D
$GLGSV,2,2,06,83,55,235,20,84,17,289,09,3*71
$GLGSV,1,1,03,66,03,143,,68,01,046,,74,03,207,,0*47
$GAGSV,2,1,08,02,24,222,21,10,45,143,38,11,75,156,22,12,21,141,22,1*72
$GAGSV,2,2,08,14,24,097,33,16,47,053,46,25,79,190,23,36,50,312,19,1*78
$GAGSV,1,1,01,16,47,053,50,5*47
$GAGSV,2,1,06,10,45,143,34,11,75,156,22,12,21,141,23,14,24,097,25,7*78
$GAGSV,2,2,06,16,47,053,47,25,79,190,30,7*76
$GAGSV,1,1,01,34,01,317,,0*46
$GBGSV,2,1,06,19,18,062,17,26,54,262,16,29,30,128,42,31,29,268,15,3*72
$GBGSV,2,2,06,35,63,203,21,39,42,359,47,3*73
$GBGSV,2,1,08,12,19,089,21,19,18,062,16,20,14,109,21,26,54,262,21,5*7E
$GBGSV,2,2,08,29,30,128,46,31,29,268,21,35,63,203,17,39,42,359,47,5*79
$GBGSV,3,1,09,12,19,089,25,19,18,062,19,20,14,109,24,24,17,223,22,8*7E
$GBGSV,3,2,09,26,54,262,20,29,30,128,43,31,29,268,19,35,63,203,25,8*7A
$GBGSV,3,3,09,39,42,359,46,8*47
$GBGSV,1,1,03,11,10,118,,22,04,014,,36,00,024,,0*4F
$GNGLL,3001.74235,S,05112.74971,W,163900.00,A,D*7E
$GNRMC,163901.00,A,3001.74235,S,05112.74971,W,0.039,,090926,,,F,V*10
$GNVTG,,T,,M,0.039,N,0.072,K,D*37
$GNGGA,163901.00,3001.74235,S,05112.74971,W,5,12,0.68,50.9,M,4.8,M,2.0,0920*61
$GNGSA,M,3,18,23,25,28,29,31,05,12,13,,,,1.25,0.68,1.05,1*09
$GNGSA,M,3,80,82,79,83,,,,,,,,,1.25,0.68,1.05,2*05
$GNGSA,M,3,10,11,12,16,25,36,02,,,,,,1.25,0.68,1.05,3*06
$GNGSA,M,3,19,26,29,31,35,39,12,,,,,,1.25,0.68,1.05,4*0E
$GPGSV,2,1,08,05,42,110,47,12,31,041,45,13,25,035,42,15,03,049,28,1*6F
$GPGSV,2,2,08,23,14,354,37,25,66,027,53,29,58,170,29,31,21,248,25,1*69
$GPGSV,3,1,10,05,42,110,44,12,31,041,36,13,25,035,35,18,61,286,17,6*63
$GPGSV,3,2,10,21,15,136,13,23,14,354,37,25,66,027,47,28,28,281,21,6*69
$GPGSV,3,3,10,29,58,170,22,31,21,248,15,6*69
$GPGSV,2,1,06,13,25,035,35,18,61,286,18,23,14,354,43,25,66,027,54,8*64
$GPGSV,2,2,06,26,17,223,19,28,28,281,28,8*63
$GLGSV,2,1,06,67,10,092,11,73,49,224,18,79,12,019,27,80,64,354,45,1*7B
$GLGSV,2,2,06,82,34,155,16,83,55,235,15,1*7E
$GLGSV,2,1,06,73,49,224,21,79,12,019,18,80,64,354,43,82,34,155,19,3*76
$GLGSV,2,2,06,83,55,235,20,84,17,289,11,3*78
$GLGSV,1,1,03,66,03,143,,68,01,046,,74,03,207,,0*47
$GAGSV,2,1,08,02,24,222,21,10,45,143,38,11,75,156,22,12,21,141,22,1*72
$GAGSV,2,2,08,14,24,097,33,16,47,053,46,25,79,190,23,36,50,312,20,1*72
$GAGSV,1,1,01,16,47,053,50,5*47
$GAGSV,2,1,06,10,45,143,34,11,75,156,22,12,21,141,23,14,24,097,26,7*7B
$GAGSV,2,2,06,16,47,053,47,25,79,190,30,7*76
$GAGSV,1,1,01,34,01,317,,0*46
$GBGSV,2,1,06,19,18,062,16,26,54,262,15,29,30,128,42,31,29,268,16,3*73
$GBGSV,2,2,06,35,63,203,22,39,42,359,47,3*70
$GBGSV,2,1,08,12,19,089,22,19,18,062,16,20,14,109,21,26,54,262,21,5*7D
$GBGSV,2,2,08,29,30,128,46,31,29,268,21,35,63,203,16,39,42,359,47,5*78
$GBGSV,3,1,10,11,10,118,15,12,19,089,25,19,18,062,19,20,14,109,24,8*78
$GBGSV,3,2,10,24,17,223,22,26,54,262,20,29,30,128,43,31,29,268,18,8*75
$GBGSV,3,3,10,35,63,203,25,39,42,359,46,8*7A
$GBGSV,1,1,02,22,04,014,,36,00,024,,0*77
$GNGLL,3001.74235,S,05112.74971,W,163901.00,A,D*7F
$GNRMC,163902.00,A,3001.74236,S,05112.74972,W,0.020,,090926,,,F,V*1B
$GNVTG,,T,,M,0.020,N,0.037,K,D*3E
$GNGGA,163902.00,3001.74236,S,05112.74972,W,5,12,0.91,50.9,M,4.8,M,2.0,0920*64
$GNGSA,M,3,18,23,25,28,29,31,05,12,13,,,,1.66,0.91,1.39,1*07
$GNGSA,M,3,80,82,79,83,,,,,,,,,1.66,0.91,1.39,2*0B
$GNGSA,M,3,10,11,12,16,25,36,02,,,,,,1.66,0.91,1.39,3*08
$GNGSA,M,3,19,26,29,35,39,12,,,,,,,1.66,0.91,1.39,4*02
$GPGSV,2,1,07,05,42,110,47,12,31,041,45,13,25,035,42,23,14,354,37,1*62
$GPGSV,2,2,07,25,66,027,53,29,58,170,29,31,21,248,25,1*54
$GPGSV,3,1,10,05,42,110,44,12,31,041,36,13,25,035,35,18,61,286,17,6*63
$GPGSV,3,2,10,21,15,136,13,23,14,354,36,25,66,027,47,28,28,281,21,6*68
$GPGSV,3,3,10,29,58,170,22,31,21,248,14,6*68
$GPGSV,2,1,06,13,25,035,35,18,61,286,18,23,14,354,43,25,66,027,54,8*64
$GPGSV,2,2,06,26,17,223,19,28,28,281,28,8*63
$GPGSV,1,1,01,15,03,049,,0*5E
$GLGSV,2,1,06,67,10,092,09,73,49,224,18,79,12,019,27,80,64,354,45,1*72
$GLGSV,2,2,06,82,34,155,16,83,55,235,17,1*7C
$GLGSV,2,1,06,73,49,224,22,79,12,019,20,80,64,354,43,82,34,155,20,3*74
$GLGSV,2,2,06,83,55,235,19,84,17,289,13,3*70
$GLGSV,1,1,03,66,03,143,,68,01,046,,74,03,207,,0*47
$GAGSV,2,1,08,02,24,222,20,10,45,143,38,11,75,156,22,12,21,141,22,1*73
$GAGSV,2,2,08,14,24,097,33,16,47,053,46,25,79,190,23,36,50,312,19,1*78
$GAGSV,1,1,01,16,47,053,50,5*47
$GAGSV,2,1,06,10,45,143,34,11,75,156,22,12,21,141,23,14,24,097,25,7*78
$GAGSV,2,2,06,16,47,053,47,25,79,190,30,7*76
$GAGSV,1,1,01,34,01,317,,0*46
$GBGSV,2,1,06,19,18,062,17,26,54,262,15,29,30,128,42,31,29,268,16,3*72
$GBGSV,2,2,06,35,63,203,23,39,42,359,47,3*71
$GBGSV,2,1,08,12,19,089,22,19,18,062,15,20,14,109,20,26,54,262,21,5*7F
$GBGSV,2,2,08,29,30,128,46,31,29,268,21,35,63,203,17,39,42,359,47,5*79
$GBGSV,3,1,10,11,10,118,14,12,19,089,25,19,18,062,18,20,14,109,24,8*78
$GBGSV,3,2,10,24,18,224,21,26,54,262,20,29,30,128,43,31,29,268,18,8*7E
$GBGSV,3,3,10,35,63,203,25,39,42,359,46,8*7A
$GBGSV,1,1,02,22,04,014,,36,00,024,,0*77
$GNGLL,3001.74236,S,05112.74972,W,163902.00,A,D*7C
$GNRMC,163903.00,A,3001.74236,S,05112.74973,W,0.009,,090926,,,F,V*10
$GNVTG,,T,,M,0.009,N,0.016,K,D*36
$GNGGA,163903.00,3001.74236,S,05112.74973,W,5,12,0.87,50.9,M,4.8,M,2.0,0920*63
$GNGSA,M,3,18,21,23,25,28,29,31,05,12,13,,,1.64,0.87,1.39,1*01
$GNGSA,M,3,80,82,79,83,,,,,,,,,1.64,0.87,1.39,2*0E
$GNGSA,M,3,10,11,12,16,25,36,02,,,,,,1.64,0.87,1.39,3*0D
$GNGSA,M,3,19,26,29,31,35,39,12,,,,,,1.64,0.87,1.39,4*05
$GPGSV,2,1,07,05,42,110,47,12,31,041,45,13,25,035,42,23,14,354,37,1*62
$GPGSV,2,2,07,25,66,027,53,29,58,170,29,31,21,248,25,1*54
$GPGSV,3,1,10,05,42,110,43,12,31,041,36,13,25,035,35,18,61,286,17,6*64
$GPGSV,3,2,10,21,15,136,15,23,14,354,36,25,66,027,47,28,28,281,21,6*6E
$GPGSV,3,3,10,29,58,170,22,31,21,248,13,6*6F
$GPGSV,2,1,06,13,25,035,35,18,61,286,18,23,14,354,43,25,66,027,54,8*64
$GPGSV,2,2,06,26,17,223,19,28,28,281,27,8*6C
$GPGSV,1,1,01,15,03,049,,0*5E
$GLGSV,2,1,06,67,10,092,09,73,49,224,18,79,12,019,27,80,64,354,45,1*72
$GLGSV,2,2,06,82,34,155,15,83,55,235,19,1*71
$GLGSV,2,1,06,73,49,224,22,79,12,019,19,80,64,354,43,82,34,155,20,3*7E
$GLGSV,2,2,06,83,55,235,20,84,17,289,14,3*7D
$GLGSV,1,1,03,66,03,143,,68,01,046,,74,03,207,,0*47
$GAGSV,2,1,08,02,24,222,20,10,45,143,38,11,75,156,22,12,21,141,22,1*73
$GAGSV,2,2,08,14,24,097,33,16,47,053,46,25,79,190,23,36,50,312,19,1*78
$GAGSV,1,1,01,16,47,053,50,5*47
$GAGSV,2,1,06,10,45,143,34,11,75,156,22,12,21,141,23,14,24,097,26,7*7B
$GAGSV,2,2,06,16,47,053,47,25,79,190,30,7*76
$GAGSV,1,1,01,34,01,317,,0*46
$GBGSV,2,1,06,19,18,062,18,26,54,262,14,29,30,128,42,31,29,268,17,3*7D
$GBGSV,2,2,06,35,63,203,23,39,42,359,47,3*71
$GBGSV,2,1,08,12,19,089,22,19,18,062,15,20,14,109,19,26,54,262,21,5*75
$GBGSV,2,2,08,29,30,128,46,31,29,268,21,35,63,203,18,39,42,359,47,5*76
$GBGSV,3,1,10,11,10,118,15,12,19,089,25,19,18,062,18,20,14,109,24,8*79
$GBGSV,3,2,10,24,18,224,20,26,54,262,20,29,30,128,43,31,29,268,17,8*70
$GBGSV,3,3,10,35,63,203,25,39,42,359,45,8*79
$GBGSV,1,1,02,22,04,014,,36,00,024,,0*77
$GNGLL,3001.74236,S,05112.74973,W,163903.00,A,D*7C
$GNRMC,163904.00,A,3001.74236,S,05112.74973,W,0.017,,090926,,,F,V*18
$GNVTG,,T,,M,0.017,N,0.031,K,D*3C
$GNGGA,163904.00,3001.74236,S,05112.74973,W,5,12,0.87,50.9,M,4.8,M,2.0,0920*64
$GNGSA,M,3,18,21,23,25,28,29,31,05,12,13,,,1.64,0.87,1.39,1*01
$GNGSA,M,3,80,82,79,84,83,,,,,,,,1.64,0.87,1.39,2*02
$GNGSA,M,3,10,11,12,16,25,36,02,,,,,,1.64,0.87,1.39,3*0D
$GNGSA,M,3,19,26,29,35,39,12,,,,,,,1.64,0.87,1.39,4*07
$GPGSV,2,1,07,05,42,110,47,12,31,041,45,13,25,035,42,23,14,354,37,1*62
$GPGSV,2,2,07,25,66,027,53,29,58,170,29,31,21,248,26,1*57
$GPGSV,3,1,10,05,42,110,43,12,31,041,36,13,25,035,35,18,61,286,17,6*64
$GPGSV,3,2,10,21,15,136,15,23,14,354,37,25,66,027,47,28,28,281,22,6*6C
$GPGSV,3,3,10,29,58,170,23,31,21,248,11,6*6C
$GPGSV,2,1,06,13,25,035,35,18,61,286,18,23,14,354,43,25,66,027,54,8*64
$GPGSV,2,2,06,26,17,223,19,28,28,281,28,8*63
$GPGSV,1,1,01,15,03,049,,0*5E
$GLGSV,2,1,06,67,10,092,08,73,49,224,17,79,12,019,27,80,64,354,45,1*7C
$GLGSV,2,2,06,82,34,155,14,83,55,235,20,1*7A
$GLGSV,2,1,06,73,49,224,22,79,12,019,19,80,64,354,43,82,34,155,20,3*7E
$GLGSV,2,2,06,83,55,235,20,84,17,289,16,3*7F
$GLGSV,1,1,03,66,03,143,,68,01,046,,74,03,207,,0*47
$GAGSV,2,1,08,02,24,222,20,10,45,143,38,11,75,156,22,12,21,141,22,1*73
$GAGSV,2,2,08,14,24,097,33,16,47,053,46,25,79,190,23,36,50,312,19,1*78
$GAGSV,1,1,01,16,47,053,50,5*47
$GAGSV,2,1,06,10,45,143,34,11,75,156,22,12,21,141,23,14,24,097,26,7*7B
$GAGSV,2,2,06,16,47,053,47,25,79,190,29,7*7E
$GAGSV,1,1,01,34,01,317,,0*46
$GBGSV,2,1,06,19,18,062,19,26,54,264,16,29,30,128,42,31,29,268,17,3*78
$GBGSV,2,2,06,35,63,203,23,39,42,359,47,3*71
$GBGSV,2,1,08,12,19,089,22,19,18,062,14,20,14,109,19,26,54,264,21,5*72
$GBGSV,2,2,08,29,30,128,46,31,29,268,22,35,63,203,18,39,42,359,47,5*75
$GBGSV,3,1,10,11,10,118,16,12,19,089,25,19,18,062,17,20,14,109,23,8*72
$GBGSV,3,2,10,24,18,224,19,26,54,264,20,29,30,128,43,31,29,268,16,8*7D
$GBGSV,3,3,10,35,63,203,24,39,42,359,46,8*7B
$GBGSV,1,1,02,22,04,014,,36,00,024,,0*77
$GNGLL,3001.74236,S,05112.74973,W,163904.00,A,D*7B
$GNRMC,163905.00,A,3001.74236,S,05112.74974,W,0.033,,090926,,,F,V*18
$GNVTG,,T,,M,0.033,N,0.060,K,D*3E
$GNGGA,163905.00,3001.74236,S,05112.74974,W,5,12,0.87,50.9,M,4.8,M,2.0,0920*62
$GNGSA,M,3,18,21,23,25,28,29,31,05,12,13,,,1.64,0.87,1.39,1*01
$GNGSA,M,3,80,82,79,84,83,,,,,,,,1.64,0.87,1.39,2*02
$GNGSA,M,3,10,11,12,16,25,36,02,,,,,,1.64,0.87,1.39,3*0D
$GNGSA,M,3,19,26,29,35,39,12,,,,,,,1.64,0.87,1.39,4*07
$GPGSV,2,1,07,05,42,110,47,12,31,041,45,13,25,035,42,23,14,354,37,1*62
$GPGSV,2,2,07,25,66,027,53,29,58,170,29,31,21,248,26,1*57
$GPGSV,3,1,10,05,42,110,43,12,31,041,36,13,25,035,35,18,61,286,16,6*65
$GPGSV,3,2,10,21,15,136,16,23,14,354,37,25,66,027,47,28,28,281,22,6*6F
$GPGSV,3,3,10,29,58,170,22,31,21,248,11,6*6D
$GPGSV,2,1,06,13,25,035,35,18,61,286,18,23,14,354,43,25,66,027,54,8*64
$GPGSV,2,2,06,26,17,223,19,28,28,281,28,8*63
$GPGSV,1,1,01,15,03,049,,0*5E
$GLGSV,2,1,06,67,10,092,08,73,49,224,16,79,12,019,27,80,64,354,45,1*7D
$GLGSV,2,2,06,82,34,155,14,83,55,235,21,1*7B
$GLGSV,2,1,06,73,49,224,22,79,12,019,18,80,64,354,43,82,34,155,18,3*74
$GLGSV,2,2,06,83,55,235,20,84,17,289,16,3*7F
$GLGSV,1,1,03,66,03,143,,68,01,046,,74,03,207,,0*47
$GAGSV,2,1,08,02,24,222,21,10,45,143,38,11,75,156,22,12,21,141,22,1*72
$GAGSV,2,2,08,14,24,097,33,16,47,053,46,25,79,190,23,36,50,312,19,1*78
$GAGSV,1,1,01,16,47,053,50,5*47
$GAGSV,2,1,06,10,45,143,34,11,75,156,22,12,21,141,22,14,24,097,26,7*7A
$GAGSV,2,2,06,16,47,053,47,25,79,190,30,7*76
$GAGSV,1,1,01,34,01,317,,0*46
$GBGSV,2,1,06,19,18,062,20,26,54,264,17,29,30,128,42,31,29,268,17,3*73
$GBGSV,2,2,06,35,63,203,23,39,42,359,47,3*71
$GBGSV,2,1,08,12,19,089,22,19,18,062,15,20,14,109,19,26,54,264,21,5*73
$GBGSV,2,2,08,29,30,128,46,31,29,268,21,35,63,203,17,39,42,359,47,5*79
$GBGSV,3,1,10,11,10,118,16,12,19,089,25,19,18,062,18,20,14,109,23,8*7D
$GBGSV,3,2,10,24,18,224,19,26,54,264,20,29,30,128,43,31,29,268,15,8*7E
$GBGSV,3,3,10,35,63,203,24,39,42,359,46,8*7B
$GBGSV,1,1,02,22,04,014,,36,00,024,,0*77
$GNGLL,3001.74236,S,05112.74974,W,163905.00,A,D*7D
$GNRMC,163906.00,A,3001.74236,S,05112.74974,W,0.039,,090926,,,F,V*11
$GNVTG,,T,,M,0.039,N,0.072,K,D*37
$GNGGA,163906.00,3001.74236,S,05112.74974,W,5,12,0.87,50.9,M,4.8,M,2.0,0920*61
$GNGSA,M,3,18,21,23,25,28,29,31,05,12,13,,,1.64,0.87,1.39,1*01
$GNGSA,M,3,80,82,79,84,83,,,,,,,,1.64,0.87,1.39,2*02
$GNGSA,M,3,10,11,12,16,25,36,02,,,,,,1.64,0.87,1.39,3*0D
$GNGSA,M,3,19,26,29,35,39,12,,,,,,,1.64,0.87,1.39,4*07
$GPGSV,2,1,07,05,42,110,47,12,31,041,45,13,25,035,42,23,14,354,37,1*62
$GPGSV,2,2,07,25,66,027,53,29,58,170,29,31,21,248,26,1*57
$GPGSV,3,1,10,05,42,110,44,12,31,041,35,13,25,035,35,18,61,286,16,6*61
$GPGSV,3,2,10,21,15,136,15,23,14,354,37,25,66,027,47,28,28,281,23,6*6D
$GPGSV,3,3,10,29,58,170,21,31,21,248,14,6*6B
$GPGSV,2,1,07,13,25,035,34,18,61,286,17,21,15,136,13,23,14,354,43,8*69
$GPGSV,2,2,07,25,66,027,54,26,17,223,19,28,28,281,28,8*51
$GPGSV,1,1,01,15,03,049,,0*5E
$GLGSV,2,1,06,67,10,092,08,73,49,224,16,79,12,019,26,80,64,354,45,1*7C
$GLGSV,2,2,06,82,34,155,13,83,55,235,21,1*7C
$GLGSV,2,1,06,73,49,224,22,79,12,019,19,80,64,354,43,82,34,155,18,3*75
$GLGSV,2,2,06,83,55,235,19,84,17,289,17,3*74
$GLGSV,1,1,03,66,03,143,,68,01,046,,74,03,207,,0*47
$GAGSV,2,1,08,02,24,222,20,10,45,143,38,11,75,156,22,12,21,141,22,1*73
$GAGSV,2,2,08,14,24,097,33,16,47,053,46,25,79,190,23,36,50,312,19,1*78
$GAGSV,1,1,01,16,47,053,50,5*47
$GAGSV,2,1,06,10,45,143,34,11,75,156,23,12,21,141,22,14,24,097,25,7*78
$GAGSV,2,2,06,16,47,053,47,25,79,190,30,7*76
$GAGSV,1,1,01,34,01,317,,0*46
$GBGSV,2,1,06,19,18,062,20,26,54,264,18,29,30,128,42,31,29,268,18,3*73
$GBGSV,2,2,06,35,63,203,24,39,42,359,47,3*76
$GBGSV,2,1,08,12,19,089,22,19,18,062,15,20,14,109,19,26,54,264,22,5*70
$GBGSV,2,2,08,29,30,128,46,31,29,268,21,35,63,203,16,39,42,359,47,5*78
$GBGSV,3,1,10,11,10,118,16,12,19,089,25,19,18,062,17,20,14,109,23,8*72
$GBGSV,3,2,10,24,18,224,17,26,54,264,20,29,30,128,43,31,29,268,14,8*71
$GBGSV,3,3,10,35,63,203,23,39,42,359,45,8*7F
$GBGSV,1,1,02,22,04,014,,36,00,024,,0*77
$GNGLL,3001.74236,S,05112.74974,W,163906.00,A,D*7E
$GNRMC,163907.00,A,3001.74236,S,05112.74975,W,0.022,,090926,,,F,V*1B
$GNVTG,,T,,M,0.022,N,0.041,K,D*3D
$GNGGA,163907.00,3001.74236,S,05112.74975,W,5,12,0.65,50.9,M,4.8,M,2.0,0920*6D
$GNGSA,M,3,18,23,25,28,29,31,05,12,13,,,,1.23,0.65,1.04,1*03
$GNGSA,M,3,80,82,79,84,83,,,,,,,,1.23,0.65,1.04,2*03
$GNGSA,M,3,10,11,12,16,25,36,02,,,,,,1.23,0.65,1.04,3*0C
$GNGSA,M,3,19,26,29,35,39,12,,,,,,,1.23,0.65,1.04,4*06
$GPGSV,2,1,07,05,42,110,47,12,31,041,45,13,25,035,42,23,14,354,37,1*62
$GPGSV,2,2,07,25,66,027,53,29,58,170,29,31,21,248,26,1*57
$GPGSV,3,1,10,05,42,110,44,12,31,041,36,13,25,035,35,18,61,286,17,6*63
$GPGSV,3,2,10,21,15,136,13,23,14,354,37,25,66,027,47,28,28,281,23,6*6B
$GPGSV,3,3,10,29,58,170,21,31,21,248,15,6*6A
$GPGSV,2,1,07,13,25,035,34,18,61,286,17,21,15,136,11,23,14,354,43,8*6B
$GPGSV,2,2,07,25,66,027,54,26,17,223,20,28,28,281,27,8*54
$GPGSV,1,1,01,15,03,049,,0*5E
$GLGSV,2,1,07,67,10,092,08,73,49,224,16,79,12,019,26,80,64,354,45,1*7D
$GLGSV,2,2,07,82,34,155,12,83,55,235,20,84,17,289,18,1*4D
$GLGSV,2,1,06,73,49,224,23,79,12,019,18,80,64,354,43,82,34,155,18,3*75
$GLGSV,2,2,06,83,55,235,18,84,17,289,18,3*7A
$GLGSV,1,1,03,66,03,143,,68,01,046,,74,03,207,,0*47
$GAGSV,2,1,08,02,24,222,20,10,45,143,38,11,75,156,22,12,21,141,21,1*70
$GAGSV,2,2,08,14,24,097,33,16,47,053,46,25,79,190,22,36,50,312,19,1*79
$GAGSV,1,1,01,16,47,053,50,5*47
$GAGSV,2,1,06,10,45,143,34,11,75,156,23,12,21,141,22,14,24,097,26,7*7B
$GAGSV,2,2,06,16,47,053,47,25,79,190,30,7*76
$GAGSV,1,1,01,34,01,317,,0*46
$GBGSV,2,1,06,19,18,062,20,26,54,264,18,29,30,127,42,31,29,268,19,3*7D
$GBGSV,2,2,06,35,63,203,24,39,42,359,47,3*76
$GBGSV,2,1,08,12,19,089,21,19,18,062,15,20,14,109,19,26,54,264,21,5*70
$GBGSV,2,2,08,29,30,127,46,31,29,268,21,35,63,203,15,39,42,359,47,5*74
$GBGSV,3,1,10,11,10,118,17,12,19,089,25,19,18,062,18,20,14,109,23,8*7C
$GBGSV,3,2,10,24,18,224,17,26,54,264,20,29,30,127,43,31,29,268,14,8*7E
$GBGSV,3,3,10,35,63,203,23,39,42,359,46,8*7C
$GBGSV,1,1,02,22,04,014,,36,00,024,,0*77
$GNGLL,3001.74236,S,05112.74975,W,163907.00,A,D*7E
$GNRMC,163908.00,A,3001.74236,S,05112.74975,W,0.012,,090926,,,F,V*17
$GNVTG,,T,,M,0.012,N,0.022,K,D*3B
$GNGGA,163908.00,3001.74236,S,05112.74975,W,5,12,0.82,50.8,M,4.8,M,2.0,0920*6A
$GNGSA,M,3,18,23,25,28,29,31,05,12,13,,,,1.59,0.82,1.36,1*06
$GNGSA,M,3,80,82,79,84,83,,,,,,,,1.59,0.82,1.36,2*06
$GNGSA,M,3,10,11,12,16,25,36,02,,,,,,1.59,0.82,1.36,3*09
$GNGSA,M,3,19,26,29,31,35,39,12,,,,,,1.59,0.82,1.36,4*01
$GPGSV,2,1,07,05,42,110,47,12,31,041,45,13,25,035,42,23,14,354,37,1*62
$GPGSV,2,2,07,25,66,027,53,29,58,170,29,31,21,248,27,1*56
$GPGSV,3,1,10,05,42,110,44,12,31,041,35,13,25,035,35,18,61,286,16,6*61
$GPGSV,3,2,10,21,15,136,11,23,14,354,37,25,66,027,47,28,28,281,23,6*69
$GPGSV,3,3,10,29,58,170,21,31,21,248,14,6*6B
$GPGSV,2,1,07,13,25,035,35,18,61,286,16,21,15,136,13,23,14,354,43,8*69
$GPGSV,2,2,07,25,66,027,54,26,17,223,19,28,28,281,27,8*5E
$GPGSV,1,1,01,15,03,049,,0*5E
$GLGSV,2,1,06,67,10,092,08,79,12,019,26,80,64,354,45,82,34,155,12,1*79
$GLGSV,2,2,06,83,55,235,21,84,17,289,19,1*73
$GLGSV,2,1,06,73,49,224,22,79,12,019,18,80,64,354,43,82,34,155,20,3*7F
$GLGSV,2,2,06,83,55,235,17,84,17,289,17,3*7A
$GLGSV,1,1,03,66,03,143,,68,01,046,,74,03,207,,0*47
$GAGSV,2,1,08,02,24,222,20,10,45,143,38,11,75,156,22,12,21,141,21,1*70
$GAGSV,2,2,08,14,24,097,33,16,47,053,46,25,79,190,23,36,50,312,18,1*79
$GAGSV,1,1,01,16,47,053,50,5*47
$GAGSV,2,1,06,10,45,143,34,11,75,156,23,12,21,141,22,14,24,097,26,7*7B
$GAGSV,2,2,06,16,47,053,47,25,79,190,29,7*7E
$GAGSV,1,1,01,34,01,317,,0*46
$GBGSV,2,1,06,19,18,062,21,26,54,264,18,29,30,127,42,31,29,268,19,3*7C
$GBGSV,2,2,06,35,63,203,25,39,42,359,47,3*77
$GBGSV,2,1,08,12,19,089,21,19,18,062,14,20,14,109,19,26,54,264,21,5*71
$GBGSV,2,2,08,29,30,127,46,31,29,268,22,35,63,203,14,39,42,359,47,5*76
$GBGSV,3,1,10,11,10,118,17,12,19,089,25,19,18,062,18,20,14,109,23,8*7C
$GBGSV,3,2,10,24,18,224,16,26,54,264,20,29,30,127,43,31,29,268,15,8*7E
$GBGSV,3,3,10,35,63,203,23,39,42,359,46,8*7C
$GBGSV,1,1,02,22,04,014,,36,00,024,,0*77
$GNGLL,3001.74236,S,05112.74975,W,163908.00,A,D*71
$GNRMC,163909.00,A,3001.74236,S,05112.74974,W,0.009,,090926,,,F,V*1D
$GNVTG,,T,,M,0.009,N,0.016,K,D*36
$GNGGA,163909.00,3001.74236,S,05112.74974,W,5,12,0.65,50.9,M,4.8,M,2.0,0920*62
$GNGSA,M,3,18,23,25,28,29,31,05,12,13,,,,1.23,0.65,1.04,1*03
$GNGSA,M,3,80,82,79,84,83,,,,,,,,1.23,0.65,1.04,2*03
$GNGSA,M,3,10,11,12,16,25,36,02,,,,,,1.23,0.65,1.04,3*0C
$GNGSA,M,3,19,26,29,35,39,12,,,,,,,1.23,0.65,1.04,4*06
$GPGSV,2,1,07,05,42,110,47,12,31,041,45,13,25,035,42,23,14,354,37,1*62
$GPGSV,2,2,07,25,66,027,53,29,58,170,29,31,21,248,26,1*57
$GPGSV,3,1,10,05,42,110,44,12,31,041,35,13,25,035,35,18,61,286,16,6*61
$GPGSV,3,2,10,21,15,136,10,23,14,354,37,25,66,027,47,28,28,281,23,6*68
$GPGSV,3,3,10,29,58,170,21,31,21,248,16,6*69
$GPGSV,2,1,07,13,25,035,35,18,61,286,15,21,15,136,12,23,14,354,43,8*6B
$GPGSV,2,2,07,25,66,027,54,26,17,223,19,28,28,281,27,8*5E
$GPGSV,1,1,01,15,03,049,,0*5E
$GLGSV,2,1,06,67,10,092,07,79,12,019,26,80,64,354,44,82,34,155,12,1*77
$GLGSV,2,2,06,83,55,235,21,84,17,289,20,1*79
$GLGSV,2,1,06,73,49,224,21,79,12,019,18,80,64,354,43,82,34,155,20,3*7C
$GLGSV,2,2,06,83,55,235,17,84,17,289,18,3*75
$GLGSV,1,1,03,66,03,143,,68,01,046,,74,03,207,,0*47
$GAGSV,2,1,08,02,24,222,20,10,45,143,38,11,75,156,22,12,21,141,22,1*73
$GAGSV,2,2,08,14,24,097,33,16,47,053,46,25,79,190,22,36,50,312,18,1*78
$GAGSV,1,1,01,16,47,053,50,5*47
$GAGSV,2,1,06,10,45,143,34,11,75,156,23,12,21,141,22,14,24,097,26,7*7B
$GAGSV,2,2,06,16,47,053,47,25,79,190,29,7*7E
$GAGSV,1,1,01,34,01,317,,0*46
$GBGSV,2,1,06,19,18,062,22,26,54,264,18,29,30,127,42,31,30,267,19,3*78
$GBGSV,2,2,06,35,63,203,24,39,42,359,47,3*76
$GBGSV,2,1,08,12,19,089,21,19,18,062,15,20,14,109,18,26,54,264,20,5*70
$GBGSV,2,2,08,29,30,127,46,31,30,267,22,35,63,203,15,39,42,359,47,5*70
$GBGSV,3,1,10,11,10,118,18,12,19,089,25,19,18,062,18,20,14,109,23,8*73
$GBGSV,3,2,10,24,18,224,16,26,54,264,21,29,30,127,43,31,30,267,15,8*78
$GBGSV,3,3,10,35,63,203,23,39,42,359,46,8*7C
$GBGSV,1,1,02,22,04,014,,36,00,024,,0*77
$GNGLL,3001.74236,S,05112.74974,W,163909.00,A,D*71
$GNRMC,163910.00,A,3001.74236,S,05112.74975,W,0.019,,090926,,,F,V*15
$GNVTG,,T,,M,0.019,N,0.036,K,D*35
$GNGGA,163910.00,3001.74236,S,05112.74975,W,5,12,0.65,50.9,M,4.8,M,2.0,0920*6B
$GNGSA,M,3,18,23,25,28,29,31,05,12,13,,,,1.23,0.65,1.04,1*03
$GNGSA,M,3,80,82,79,84,83,,,,,,,,1.23,0.65,1.04,2*03
$GNGSA,M,3,10,11,12,16,25,36,02,,,,,,1.23,0.65,1.04,3*0C
$GNGSA,M,3,19,26,29,35,39,12,,,,,,,1.23,0.65,1.04,4*06
$GPGSV,2,1,07,05,42,110,47,12,31,041,45,13,25,035,42,23,14,354,37,1*62
$GPGSV,2,2,07,25,66,027,53,29,58,170,29,31,21,248,26,1*57
$GPGSV,3,1,09,05,42,110,43,12,31,041,35,13,25,035,35,18,61,286,17,6*6F
$GPGSV,3,2,09,23,14,354,37,25,66,027,47,28,28,281,23,29,58,170,21,6*61
$GPGSV,3,3,09,31,21,248,17,6*53
$GPGSV,2,1,07,13,25,035,34,18,61,286,14,21,15,136,12,23,14,354,43,8*6B
$GPGSV,2,2,07,25,66,027,54,26,17,223,19,28,28,281,27,8*5E
$GPGSV,1,1,01,15,03,049,,0*5E
$GLGSV,2,1,06,67,10,092,08,79,12,019,26,80,64,354,44,82,34,155,10,1*7A
$GLGSV,2,2,06,83,55,235,21,84,17,289,21,1*78
$GLGSV,2,1,06,73,49,224,21,79,12,019,18,80,64,354,43,82,34,155,20,3*7C
$GLGSV,2,2,06,83,55,235,17,84,17,289,19,3*74
$GLGSV,1,1,03,66,03,143,,68,01,046,,74,03,207,,0*47
$GAGSV,2,1,08,02,24,222,20,10,45,143,38,11,75,156,22,12,21,141,21,1*70
$GAGSV,2,2,08,14,24,097,33,16,47,053,46,25,79,190,22,36,50,312,18,1*78
$GAGSV,1,1,01,16,47,053,50,5*47
$GAGSV,2,1,06,10,45,143,34,11,75,156,23,12,21,141,22,14,24,097,25,7*78
$GAGSV,2,2,06,16,47,053,47,25,79,190,29,7*7E
$GAGSV,1,1,01,34,01,317,,0*46
$GBGSV,2,1,06,19,18,062,21,26,54,264,17,29,30,127,42,31,30,267,20,3*7E
$GBGSV,2,2,06,35,63,203,24,39,42,359,47,3*76
$GBGSV,2,1,08,12,19,089,21,19,18,062,15,20,14,109,18,26,54,264,21,5*71
$GBGSV,2,2,08,29,30,127,46,31,30,267,22,35,63,203,17,39,42,359,47,5*72
$GBGSV,3,1,10,11,10,118,17,12,19,089,25,19,18,062,18,20,14,109,22,8*7D
$GBGSV,3,2,10,24,18,224,15,26,54,264,22,29,30,127,43,31,30,267,15,8*78
$GBGSV,3,3,10,35,63,203,23,39,42,359,46,8*7C
$GBGSV,1,1,02,22,04,014,,36,00,024,,0*77
$GNGLL,3001.74236,S,05112.74975,W,163910.00,A,D*78
$GNRMC,163911.00,A,3001.74237,S,05112.74976,W,0.003,,090926,,,F,V*1D
$GNVTG,,T,,M,0.003,N,0.006,K,D*3D
$GNGGA,163911.00,3001.74237,S,05112.74976,W,5,12,0.65,50.8,M,4.8,M,2.0,0920*69
$GNGSA,M,3,18,23,25,28,29,31,05,12,13,,,,1.23,0.65,1.04,1*03
$GNGSA,M,3,80,82,79,84,83,,,,,,,,1.23,0.65,1.04,2*03
$GNGSA,M,3,10,11,12,16,25,36,02,,,,,,1.23,0.65,1.04,3*0C
$GNGSA,M,3,19,26,29,31,35,39,12,,,,,,1.23,0.65,1.04,4*04
$GPGSV,2,1,07,05,42,110,47,12,31,041,45,13,25,035,42,23,14,354,37,1*62
$GPGSV,2,2,07,25,66,027,53,29,58,170,29,31,21,248,26,1*57
$GPGSV,3,1,09,05,42,110,43,12,31,041,35,13,25,035,34,18,61,286,17,6*6E
$GPGSV,3,2,09,23,14,354,37,25,66,027,47,28,28,281,23,29,58,170,21,6*61
$GPGSV,3,3,09,31,21,248,18,6*5C
$GPGSV,2,1,07,13,25,035,34,18,61,286,14,21,15,136,14,23,14,354,43,8*6D
$GPGSV,2,2,07,25,66,027,54,26,17,223,19,28,28,281,27,8*5E
$GPGSV,1,1,01,15,03,049,,0*5E
$GLGSV,2,1,06,67,10,092,08,79,12,019,26,80,64,354,44,82,34,155,10,1*7A
$GLGSV,2,2,06,83,55,235,20,84,17,289,22,1*7A
$GLGSV,2,1,06,73,49,224,22,79,12,019,18,80,64,354,43,82,34,155,20,3*7F
$GLGSV,2,2,06,83,55,235,18,84,17,289,19,3*7B
$GLGSV,1,1,03,66,03,143,,68,01,046,,74,03,207,,0*47
$GAGSV,2,1,08,02,24,222,21,10,45,143,38,11,75,156,22,12,21,141,21,1*71
$GAGSV,2,2,08,14,24,097,33,16,47,053,46,25,79,190,23,36,50,312,18,1*79
$GAGSV,1,1,01,16,47,053,50,5*47
$GAGSV,2,1,06,10,45,143,34,11,75,156,23,12,21,141,22,14,24,097,25,7*78
$GAGSV,2,2,06,16,47,053,47,25,79,190,29,7*7E
$GAGSV,1,1,01,34,01,317,,0*46
$GBGSV,2,1,06,19,18,062,20,26,54,264,18,29,30,127,42,31,30,267,20,3*70
$GBGSV,2,2,06,35,63,203,23,39,42,359,47,3*71
$GBGSV,2,1,08,12,19,089,22,19,18,062,15,20,14,109,18,26,54,264,21,5*72
$GBGSV,2,2,08,29,30,127,46,31,30,267,22,35,63,203,16,39,42,359,47,5*73
$GBGSV,3,1,10,11,10,118,17,12,19,089,24,19,18,062,18,20,14,109,22,8*7C
$GBGSV,3,2,10,24,18,224,16,26,54,264,21,29,30,127,43,31,30,267,15,8*78
$GBGSV,3,3,10,35,63,203,22,39,42,359,46,8*7D
$GBGSV,1,1,02,22,04,014,,36,00,024,,0*77
$GNGLL,3001.74237,S,05112.74976,W,163911.00,A,D*7B
$GNRMC,163912.00,A,3001.74237,S,05112.74977,W,0.043,,090926,,,F,V*1B
$GNVTG,,T,,M,0.043,N,0.079,K,D*31
$GNGGA,163912.00,3001.74237,S,05112.74977,W,5,12,0.65,50.8,M,4.8,M,2.0,0920*6B
$GNGSA,M,3,18,23,25,28,29,31,05,12,13,,,,1.23,0.65,1.04,1*03
$GNGSA,M,3,80,82,79,84,83,,,,,,,,1.23,0.65,1.04,2*03
$GNGSA,M,3,10,11,12,16,25,36,02,,,,,,1.23,0.65,1.04,3*0C
$GNGSA,M,3,19,26,29,31,35,39,12,,,,,,1.23,0.65,1.04,4*04
$GPGSV,2,1,07,05,42,110,47,12,31,041,45,13,25,035,42,23,14,354,37,1*62
$GPGSV,2,2,07,25,66,027,53,29,58,170,29,31,21,248,26,1*57
$GPGSV,3,1,09,05,42,110,43,12,31,041,35,13,25,035,34,18,61,286,17,6*6E
$GPGSV,3,2,09,23,14,354,37,25,66,027,47,28,28,281,23,29,58,170,21,6*61
$GPGSV,3,3,09,31,21,248,18,6*5C
$GPGSV,2,1,07,13,25,035,34,18,61,286,15,21,15,136,13,23,14,354,43,8*6B
$GPGSV,2,2,07,25,66,027,54,26,17,223,19,28,28,281,27,8*5E
$GPGSV,1,1,01,15,03,049,,0*5E
$GLGSV,2,1,06,67,10,092,08,79,12,019,26,80,64,354,44,82,34,155,09,1*72
$GLGSV,2,2,06,83,55,235,20,84,17,289,22,1*7A
$GLGSV,2,1,06,73,49,224,22,79,12,019,18,80,64,354,43,82,34,155,20,3*7F
$GLGSV,2,2,06,83,55,235,18,84,17,289,19,3*7B
$GLGSV,1,1,03,66,03,143,,68,01,046,,74,03,207,,0*47
$GAGSV,2,1,08,02,24,222,21,10,45,143,38,11,75,156,23,12,21,141,21,1*70
$GAGSV,2,2,08,14,24,097,33,16,47,053,46,25,79,190,23,36,50,312,18,1*79
$GAGSV,1,1,01,16,47,053,50,5*47
$GAGSV,2,1,06,10,45,143,34,11,75,156,23,12,21,141,22,14,24,097,26,7*7B
$GAGSV,2,2,06,16,47,053,47,25,79,190,29,7*7E
$GAGSV,1,1,01,34,01,317,,0*46
$GBGSV,2,1,06,19,18,062,20,26,54,264,17,29,30,127,42,31,30,267,20,3*7F
$GBGSV,2,2,06,35,63,203,23,39,42,359,47,3*71
$GBGSV,2,1,08,12,19,089,22,19,18,062,15,20,14,109,19,26,54,264,21,5*73
$GBGSV,2,2,08,29,30,127,46,31,30,267,22,35,63,203,16,39,42,359,47,5*73
$GBGSV,3,1,10,11,10,118,17,12,19,089,25,19,18,062,19,20,14,109,21,8*7F
$GBGSV,3,2,10,24,18,224,17,26,54,264,21,29,30,127,43,31,30,267,16,8*7A
$GBGSV,3,3,10,35,63,203,22,39,42,359,46,8*7D
$GBGSV,1,1,02,22,04,014,,36,00,024,,0*77
$GNGLL,3001.74237,S,05112.74977,W,163912.00,A,D*79
$GNRMC,163913.00,A,3001.74237,S,05112.74977,W,0.024,,090926,,,F,V*1B
$GNVTG,,T,,M,0.024,N,0.045,K,D*3F
$GNGGA,163913.00,3001.74237,S,05112.74977,W,5,12,0.65,50.8,M,4.8,M,2.0,0920*6A
$GNGSA,M,3,18,23,25,28,29,31,05,12,13,,,,1.23,0.65,1.04,1*03
$GNGSA,M,3,80,82,79,84,83,,,,,,,,1.23,0.65,1.04,2*03
$GNGSA,M,3,10,11,12,16,25,36,02,,,,,,1.23,0.65,1.04,3*0C
$GNGSA,M,3,19,26,29,31,35,39,12,,,,,,1.23,0.65,1.04,4*04
$GPGSV,2,1,07,05,42,110,47,12,31,041,45,13,25,035,42,23,14,354,37,1*62
$GPGSV,2,2,07,25,66,027,53,29,58,170,29,31,21,248,26,1*57
$GPGSV,3,1,09,05,42,110,43,12,31,041,35,13,25,035,34,18,61,286,18,6*61
$GPGSV,3,2,09,23,14,354,37,25,66,027,47,28,28,281,23,29,58,170,21,6*61
$GPGSV,3,3,09,31,21,248,18,6*5C
$GPGSV,2,1,07,13,25,035,34,18,61,286,15,21,15,136,11,23,14,354,43,8*69
$GPGSV,2,2,07,25,66,027,54,26,17,223,20,28,28,281,27,8*54
$GPGSV,1,1,01,15,03,049,,0*5E
$GLGSV,1,1,04,79,12,019,26,80,64,354,44,83,55,235,19,84,17,289,22,1*7B
$GLGSV,2,1,07,67,10,092,15,73,49,224,22,79,12,019,17,80,64,354,43,3*70
$GLGSV,2,2,07,82,34,155,19,83,55,235,18,84,17,289,19,3*4E
$GLGSV,1,1,03,66,03,143,,68,01,046,,74,03,207,,0*47
$GAGSV,2,1,08,02,24,222,21,10,45,143,38,11,75,156,23,12,21,141,22,1*73
$GAGSV,2,2,08,14,24,097,33,16,47,053,46,25,79,190,22,36,50,312,18,1*78
$GAGSV,1,1,01,16,47,053,50,5*47
$GAGSV,2,1,06,10,45,143,33,11,75,156,23,12,21,141,22,14,24,097,26,7*7C
$GAGSV,2,2,06,16,47,053,47,25,79,190,29,7*7E
$GAGSV,1,1,01,34,01,317,,0*46
$GBGSV,2,1,07,19,18,062,20,24,18,224,28,26,54,264,17,29,30,127,42,3*7F
$GBGSV,2,2,07,31,30,267,21,35,62,201,24,39,42,359,47,3*45
$GBGSV,2,1,08,12,19,089,22,19,18,062,15,20,14,109,19,26,54,264,21,5*73
$GBGSV,2,2,08,29,30,127,46,31,30,267,22,35,62,201,15,39,42,359,47,5*73
$GBGSV,3,1,10,11,10,118,17,12,19,089,24,19,18,062,18,20,14,109,21,8*7F
$GBGSV,3,2,10,24,18,224,17,26,54,264,21,29,30,127,44,31,30,267,18,8*73
$GBGSV,3,3,10,35,62,201,22,39,42,359,46,8*7E
$GBGSV,1,1,02,22,04,014,,36,00,024,,0*77
$GNGLL,3001.74237,S,05112.74977,W,163913.00,A,D*78
$GNRMC,163914.00,A,3001.74237,S,05112.74976,W,0.012,,090926,,,F,V*18
$GNVTG,,T,,M,0.012,N,0.023,K,D*3A
$GNGGA,163914.00,3001.74237,S,05112.74976,W,5,12,0.65,50.8,M,4.8,M,2.0,0920*6C
$GNGSA,M,3,18,23,25,28,29,31,05,12,13,,,,1.23,0.65,1.04,1*03
$GNGSA,M,3,80,82,79,84,83,,,,,,,,1.23,0.65,1.04,2*03
$GNGSA,M,3,10,11,12,16,25,36,02,,,,,,1.23,0.65,1.04,3*0C
$GNGSA,M,3,19,26,29,35,39,12,,,,,,,1.23,0.65,1.04,4*06
$GPGSV,2,1,07,05,42,110,47,12,31,041,45,13,25,035,42,23,14,354,37,1*62
$GPGSV,2,2,07,25,66,027,53,29,58,170,29,31,21,248,26,1*57
$GPGSV,3,1,09,05,42,110,43,12,31,041,35,13,25,035,34,18,61,286,18,6*61
$GPGSV,3,2,09,23,14,354,37,25,66,027,47,28,28,281,23,29,58,170,21,6*61
$GPGSV,3,3,09,31,21,248,18,6*5C
$GPGSV,2,1,07,13,25,035,34,18,61,286,14,21,15,136,12,23,14,354,43,8*6B
$GPGSV,2,2,07,25,66,027,54,26,17,223,19,28,28,281,27,8*5E
$GPGSV,1,1,01,15,03,049,,0*5E
$GLGSV,1,1,04,79,12,019,26,80,64,354,44,83,55,235,19,84,17,289,22,1*7B
$GLGSV,2,1,07,67,10,092,16,73,49,224,21,79,12,019,17,80,64,354,43,3*70
$GLGSV,2,2,07,82,34,155,20,83,55,235,18,84,17,289,20,3*4E
$GLGSV,1,1,03,66,03,143,,68,01,046,,74,03,207,,0*47
$GAGSV,2,1,08,02,24,222,21,10,45,143,38,11,75,156,23,12,21,141,22,1*73
$GAGSV,2,2,08,14,24,097,33,16,47,053,46,25,79,190,22,36,50,312,17,1*77
$GAGSV,1,1,01,16,47,053,50,5*47
$GAGSV,2,1,06,10,45,143,33,11,75,156,23,12,21,141,22,14,24,097,26,7*7C
$GAGSV,2,2,06,16,47,053,47,25,79,190,29,7*7E
$GAGSV,1,1,01,34,01,317,,0*46
$GBGSV,2,1,07,19,18,062,20,24,18,224,28,26,54,264,16,29,30,127,42,3*7E
$GBGSV,2,2,07,31,30,267,21,35,62,201,24,39,42,359,47,3*45
$GBGSV,3,1,09,11,10,118,14,12,19,089,22,19,18,062,14,20,14,109,19,5*78
$GBGSV,3,2,09,26,54,264,21,29,30,127,46,31,30,267,22,35,62,201,15,5*75
$GBGSV,3,3,09,39,42,359,47,5*4B
$GBGSV,3,1,10,11,10,118,17,12,19,089,24,19,18,062,18,20,14,109,21,8*7F
$GBGSV,3,2,10,24,18,224,17,26,54,264,21,29,30,127,44,31,30,267,17,8*7C
$GBGSV,3,3,10,35,62,201,22,39,42,359,46,8*7E
$GBGSV,1,1,02,22,04,014,,36,00,024,,0*77
$GNGLL,3001.74237,S,05112.74976,W,163914.00,A,D*7E
$GNRMC,163915.00,A,3001.74237,S,05112.74977,W,0.011,,090926,,,F,V*1B
$GNVTG,,T,,M,0.011,N,0.021,K,D*3B
$GNGGA,163915.00,3001.74237,S,05112.74977,W,5,12,0.67,50.8,M,4.8,M,2.0,0920*6E
$GNGSA,M,3,18,23,25,28,29,31,05,12,13,,,,1.24,0.67,1.04,1*06
$GNGSA,M,3,80,82,79,84,83,,,,,,,,1.24,0.67,1.04,2*06
$GNGSA,M,3,10,11,12,16,25,36,02,,,,,,1.24,0.67,1.04,3*09
$GNGSA,M,3,19,26,29,35,39,12,,,,,,,1.24,0.67,1.04,4*03
$GPGSV,2,1,07,05,42,110,47,12,31,041,45,13,25,035,42,23,14,354,37,1*62
$GPGSV,2,2,07,25,66,027,53,29,58,170,29,31,21,248,26,1*57
$GPGSV,3,1,09,05,42,110,43,12,31,041,35,13,25,035,34,18,61,286,18,6*61
$GPGSV,3,2,09,23,14,354,37,25,66,027,47,28,28,281,23,29,58,170,21,6*61
$GPGSV,3,3,09,31,21,248,18,6*5C
$GPGSV,2,1,07,13,25,035,34,18,61,286,13,21,15,136,13,23,14,354,43,8*6D
$GPGSV,2,2,07,25,66,027,54,26,17,223,19,28,28,281,28,8*51
$GPGSV,1,1,01,15,03,049,,0*5E
$GLGSV,1,1,04,79,12,019,26,80,64,354,44,83,55,235,18,84,17,289,22,1*7A
$GLGSV,2,1,07,67,10,092,16,73,49,224,21,79,12,019,16,80,64,354,43,3*71
$GLGSV,2,2,07,82,34,155,20,83,55,235,17,84,17,289,20,3*41
$GLGSV,1,1,03,66,03,143,,68,01,046,,74,03,207,,0*47
$GAGSV,2,1,08,02,24,222,20,10,45,143,38,11,75,156,23,12,21,141,22,1*72
$GAGSV,2,2,08,14,24,097,33,16,47,053,46,25,79,190,23,36,50,312,18,1*79
$GAGSV,1,1,01,16,47,053,50,5*47
$GAGSV,2,1,06,10,45,143,33,11,75,156,22,12,21,141,21,14,24,097,26,7*7E
$GAGSV,2,2,06,16,47,053,47,25,79,190,29,7*7E
$GAGSV,1,1,01,34,01,317,,0*46
$GBGSV,2,1,07,19,18,062,18,24,18,224,27,26,54,264,16,29,30,127,42,3*7A
$GBGSV,2,2,07,31,30,267,22,35,62,201,24,39,42,359,47,3*46
$GBGSV,3,1,09,11,10,118,13,12,19,089,23,19,18,062,14,20,14,109,18,5*7F
$GBGSV,3,2,09,26,54,264,21,29,30,127,46,31,30,267,22,35,62,201,15,5*75
$GBGSV,3,3,09,39,42,359,47,5*4B
$GBGSV,3,1,10,11,10,118,18,12,19,089,24,19,18,062,18,20,14,109,21,8*70
$GBGSV,3,2,10,24,18,224,17,26,54,264,22,29,30,127,44,31,30,267,17,8*7F
$GBGSV,3,3,10,35,62,201,21,39,42,359,46,8*7D
$GBGSV,1,1,02,22,04,014,,36,00,024,,0*77
$GNGLL,3001.74237,S,05112.74977,W,163915.00,A,D*7E
$GNRMC,163916.00,A,3001.74237,S,05112.74977,W,0.032,,090926,,,F,V*19
$GNVTG,,T,,M,0.032,N,0.060,K,D*3F
$GNGGA,163916.00,3001.74237,S,05112.74977,W,5,12,0.65,50.8,M,4.8,M,2.0,0920*6F
$GNGSA,M,3,18,23,25,28,29,31,05,12,13,,,,1.23,0.65,1.04,1*03
$GNGSA,M,3,80,82,79,84,83,,,,,,,,1.23,0.65,1.04,2*03
$GNGSA,M,3,10,11,12,16,25,36,02,,,,,,1.23,0.65,1.04,3*0C
$GNGSA,M,3,19,26,29,31,35,39,12,,,,,,1.23,0.65,1.04,4*04
$GPGSV,2,1,07,05,42,110,47,12,31,041,45,13,25,035,43,23,14,354,37,1*63
$GPGSV,2,2,07,25,66,027,53,29,58,170,29,31,21,248,26,1*57
$GPGSV,3,1,09,05,42,110,43,12,31,041,35,13,25,035,34,18,61,286,19,6*60
$GPGSV,3,2,09,23,14,354,38,25,66,027,47,28,28,281,23,29,58,170,21,6*6E
$GPGSV,3,3,09,31,21,248,17,6*53
$GPGSV,2,1,07,13,25,035,34,18,61,286,14,21,15,136,13,23,14,354,43,8*6A
$GPGSV,2,2,07,25,66,027,54,26,17,223,19,28,28,281,28,8*51
$GPGSV,1,1,01,15,03,049,,0*5E
$GLGSV,1,1,04,79,12,019,26,80,64,354,44,83,55,235,17,84,17,289,21,1*76
$GLGSV,2,1,07,67,10,092,16,73,49,224,21,79,12,019,17,80,64,354,43,3*70
$GLGSV,2,2,07,82,34,155,19,83,55,235,17,84,17,289,21,3*4A
$GLGSV,1,1,03,66,03,143,,68,01,046,,74,03,207,,0*47
$GAGSV,2,1,08,02,24,222,20,10,45,143,38,11,75,156,23,12,21,141,22,1*72
$GAGSV,2,2,08,14,24,097,33,16,47,053,46,25,79,190,23,36,50,312,17,1*76
$GAGSV,1,1,01,16,47,053,50,5*47
$GAGSV,2,1,06,10,45,143,33,11,75,156,23,12,21,141,22,14,24,097,26,7*7C
$GAGSV,2,2,06,16,47,053,47,25,79,190,29,7*7E
$GAGSV,1,1,01,34,01,317,,0*46
$GBGSV,2,1,07,19,18,062,17,24,18,224,27,26,54,264,16,29,30,127,42,3*75
$GBGSV,2,2,07,31,30,267,22,35,62,201,25,39,42,359,47,3*47
$GBGSV,3,1,09,11,10,118,12,12,19,089,22,19,18,062,13,20,14,109,18,5*78
$GBGSV,3,2,09,26,54,264,21,29,30,127,46,31,30,267,22,35,62,201,16,5*76
$GBGSV,3,3,09,39,42,359,47,5*4B
$GBGSV,3,1,10,11,10,118,19,12,19,089,23,19,18,062,18,20,14,109,21,8*76
$GBGSV,3,2,10,24,18,224,17,26,54,264,22,29,30,127,44,31,30,267,19,8*71
$GBGSV,3,3,10,35,62,201,22,39,42,359,46,8*7E
$GBGSV,1,1,02,22,04,014,,36,00,024,,0*77
$GNGLL,3001.74237,S,05112.74977,W,163916.00,A,D*7D
$GNRMC,163917.00,A,3001.74237,S,05112.74978,W,0.017,,090926,,,F,V*10
$GNVTG,,T,,M,0.017,N,0.031,K,D*3C
$GNGGA,163917.00,3001.74237,S,05112.74978,W,5,12,0.65,50.8,M,4.8,M,2.0,0920*61
$GNGSA,M,3,18,23,25,28,29,31,05,12,13,,,,1.23,0.65,1.04,1*03
$GNGSA,M,3,80,82,79,84,83,,,,,,,,1.23,0.65,1.04,2*03
$GNGSA,M,3,10,11,12,16,25,36,02,,,,,,1.23,0.65,1.04,3*0C
$GNGSA,M,3,26,29,31,35,39,12,,,,,,,1.23,0.65,1.04,4*0C
$GPGSV,2,1,08,05,42,110,47,12,31,041,45,13,25,035,43,23,14,354,38,1*63
$GPGSV,2,2,08,25,66,027,53,26,17,223,24,29,58,170,29,31,21,248,26,1*6F
$GPGSV,3,1,09,05,42,110,43,12,31,041,35,13,25,035,34,18,61,286,19,6*60
$GPGSV,3,2,09,23,14,354,38,25,66,027,47,28,28,281,24,29,58,170,21,6*69
$GPGSV,3,3,09,31,21,248,17,6*53
$GPGSV,2,1,07,13,25,035,34,18,61,286,15,21,15,136,14,23,14,354,43,8*6C
$GPGSV,2,2,07,25,66,027,54,26,17,223,19,28,28,281,28,8*51
$GPGSV,1,1,01,15,03,049,,0*5E
$GLGSV,1,1,04,79,12,019,25,80,64,354,44,83,55,235,19,84,17,289,20,1*7A
$GLGSV,2,1,07,67,10,092,17,73,49,224,21,79,12,019,17,80,64,354,43,3*71
$GLGSV,2,2,07,82,34,155,19,83,55,235,16,84,17,289,20,3*4A
$GLGSV,1,1,03,66,03,143,,68,01,046,,74,03,207,,0*47
$GAGSV,2,1,08,02,24,222,20,10,45,143,38,11,75,156,23,12,21,141,22,1*72
$GAGSV,2,2,08,14,24,097,33,16,47,053,46,25,79,190,22,36,50,312,17,1*77
$GAGSV,1,1,01,16,47,053,50,5*47
$GAGSV,2,1,06,10,45,143,33,11,75,156,22,12,21,141,22,14,24,097,26,7*7D
$GAGSV,2,2,06,16,47,053,47,25,79,190,29,7*7E
$GAGSV,1,1,01,34,01,317,,0*46
$GBGSV,2,1,07,19,18,062,15,24,18,224,27,26,54,264,17,29,30,127,42,3*76
$GBGSV,2,2,07,31,30,267,22,35,62,201,25,39,41,359,47,3*44
$GBGSV,3,1,09,11,10,118,10,12,19,089,22,19,18,062,14,20,14,109,18,5*7D
$GBGSV,3,2,09,26,54,264,21,29,30,127,46,31,30,267,22,35,62,201,17,5*77
$GBGSV,3,3,09,39,41,359,47,5*48
$GBGSV,3,1,10,11,10,118,20,12,19,089,24,19,18,062,16,20,14,109,21,8*75
$GBGSV,3,2,10,24,18,224,17,26,54,264,21,29,30,127,44,31,30,267,20,8*78
$GBGSV,3,3,10,35,62,201,22,39,41,359,46,8*7D
$GBGSV,1,1,02,22,04,014,,36,00,024,,0*77
$GNGLL,3001.74237,S,05112.74978,W,163917.00,A,D*73
$GNRMC,163918.00,A,3001.74237,S,05112.74977,W,0.010,,090926,,,F,V*17
$GNVTG,,T,,M,0.010,N,0.018,K,D*30
$GNGGA,163918.00,3001.74237,S,05112.74977,W,5,12,0.65,50.8,M,4.8,M,2.0,0920*61
$GNGSA,M,3,18,23,25,28,29,31,05,12,13,,,,1.23,0.65,1.04,1*03
$GNGSA,M,3,80,82,79,84,83,,,,,,,,1.23,0.65,1.04,2*03
$GNGSA,M,3,10,11,12,16,25,36,02,,,,,,1.23,0.65,1.04,3*0C
$GNGSA,M,3,26,29,35,39,12,,,,,,,,1.23,0.65,1.04,4*0E
$GPGSV,2,1,08,05,42,110,47,12,31,041,45,13,25,035,43,23,14,354,38,1*63
$GPGSV,2,2,08,25,66,027,53,26,17,223,23,29,58,170,29,31,21,248,25,1*6B
$GPGSV,3,1,09,05,42,110,43,12,31,041,35,13,25,035,34,18,61,286,19,6*60
$GPGSV,3,2,09,23,14,354,38,25,66,027,47,28,28,281,24,29,58,170,21,6*69
$GPGSV,3,3,09,31,21,248,17,6*53
$GPGSV,2,1,07,13,25,035,34,18,61,286,16,21,15,136,14,23,14,354,43,8*6F
$GPGSV,2,2,07,25,66,027,54,26,17,223,18,28,28,281,28,8*50
$GPGSV,1,1,01,15,03,049,,0*5E
$GLGSV,1,1,04,79,12,019,26,80,64,354,44,83,55,235,19,84,17,289,20,1*79
$GLGSV,2,1,07,67,10,092,16,73,49,224,20,79,12,019,16,80,64,354,43,3*70
$GLGSV,2,2,07,82,34,155,19,83,55,235,16,84,17,289,20,3*4A
$GLGSV,1,1,03,66,03,143,,68,01,046,,74,03,207,,0*47
$GAGSV,2,1,08,02,24,222,20,10,45,143,38,11,75,156,23,12,21,141,21,1*71
$GAGSV,2,2,08,14,24,097,33,16,47,053,46,25,79,190,22,36,50,312,17,1*77
$GAGSV,1,1,01,16,47,053,50,5*47
$GAGSV,2,1,06,10,45,143,33,11,75,156,22,12,21,141,22,14,24,097,26,7*7D
$GAGSV,2,2,06,16,47,053,47,25,79,190,29,7*7E
$GAGSV,1,1,01,34,01,317,,0*46
$GBGSV,2,1,07,19,18,062,14,24,18,224,27,26,54,264,16,29,30,127,42,3*76
$GBGSV,2,2,07,31,30,267,22,35,62,201,25,39,41,359,47,3*44
$GBGSV,3,1,09,11,10,118,11,12,19,089,23,19,18,062,13,20,14,109,18,5*7A
$GBGSV,3,2,09,26,54,264,20,29,30,127,46,31,30,267,22,35,62,201,16,5*77
$GBGSV,3,3,09,39,41,359,47,5*48
$GBGSV,3,1,10,11,10,118,20,12,19,089,24,19,18,062,16,20,14,109,21,8*75
$GBGSV,3,2,10,24,18,224,17,26,54,264,21,29,30,127,44,31,30,267,19,8*72
$GBGSV,3,3,10,35,62,201,22,39,41,359,46,8*7D
$GBGSV,1,1,02,22,04,014,,36,00,024,,0*77
$GNGLL,3001.74237,S,05112.74977,W,163918.00,A,D*73
$GNRMC,163919.00,A,3001.74237,S,05112.74977,W,0.010,,090926,,,F,V*16
$GNVTG,,T,,M,0.010,N,0.019,K,D*31
$GNGGA,163919.00,3001.74237,S,05112.74977,W,5,12,0.65,50.8,M,4.8,M,2.0,0920*60
$GNGSA,M,3,18,23,25,28,29,31,05,12,13,,,,1.23,0.65,1.04,1*03
$GNGSA,M,3,80,82,79,84,83,,,,,,,,1.23,0.65,1.04,2*03
$GNGSA,M,3,10,11,12,16,25,36,02,,,,,,1.23,0.65,1.04,3*0C
$GNGSA,M,3,26,29,31,35,39,12,,,,,,,1.23,0.65,1.04,4*0C
$GPGSV,2,1,08,05,42,110,47,12,31,041,45,13,25,035,43,23,14,354,38,1*63
$GPGSV,2,2,08,25,66,027,53,26,17,223,23,29,58,170,29,31,21,248,25,1*6B
$GPGSV,3,1,09,05,42,110,43,12,31,041,35,13,25,035,34,18,61,286,19,6*60
$GPGSV,3,2,09,23,14,354,38,25,66,027,47,28,28,281,24,29,58,170,20,6*68
$GPGSV,3,3,09,31,21,248,16,6*52
$GPGSV,2,1,07,13,25,035,34,18,61,286,17,21,15,136,14,23,14,354,43,8*6E
$GPGSV,2,2,07,25,66,027,54,26,17,223,18,28,28,281,28,8*50
$GPGSV,1,1,01,15,03,049,,0*5E
$GLGSV,1,1,04,79,12,019,25,80,64,354,44,83,55,235,21,84,17,289,20,1*71
$GLGSV,2,1,07,67,10,092,15,73,49,224,20,79,12,019,17,80,64,354,43,3*72
$GLGSV,2,2,07,82,34,155,20,83,55,235,15,84,17,289,20,3*43
$GLGSV,1,1,03,66,03,143,,68,01,046,,74,03,207,,0*47
$GAGSV,2,1,08,02,24,222,21,10,45,143,38,11,75,156,23,12,21,141,22,1*73
$GAGSV,2,2,08,14,24,097,33,16,47,053,46,25,79,190,23,36,50,312,18,1*79
$GAGSV,1,1,01,16,47,053,50,5*47
$GAGSV,2,1,06,10,45,143,33,11,75,156,23,12,21,141,21,14,24,097,26,7*7F
$GAGSV,2,2,06,16,47,053,47,25,79,190,29,7*7E
$GAGSV,1,1,01,34,01,317,,0*46
$GBGSV,2,1,06,24,18,224,26,26,54,264,15,29,30,127,42,31,30,267,22,3*77
$GBGSV,2,2,06,35,62,201,25,39,41,359,47,3*77
$GBGSV,3,1,09,11,10,118,11,12,19,089,23,19,18,062,14,20,14,109,17,5*72
$GBGSV,3,2,09,26,54,264,21,29,30,127,46,31,30,267,22,35,62,201,15,5*75
$GBGSV,3,3,09,39,41,359,47,5*48
$GBGSV,3,1,10,11,10,118,21,12,19,089,24,19,18,062,14,20,14,109,21,8*76
$GBGSV,3,2,10,24,18,224,16,26,54,264,22,29,30,127,44,31,30,267,19,8*70
$GBGSV,3,3,10,35,62,201,21,39,41,359,46,8*7E
$GBGSV,1,1,02,22,04,014,,36,00,024,,0*77
$GNGLL,3001.74237,S,05112.74977,W,163919.00,A,D*72
$GNRMC,163920.00,A,3001.74237,S,05112.74977,W,0.007,,090926,,,F,V*1A
$GNVTG,,T,,M,0.007,N,0.012,K,D*3C
$GNGGA,163920.00,3001.74237,S,05112.74977,W,5,12,0.65,50.8,M,4.8,M,2.0,0920*6A
$GNGSA,M,3,18,23,25,28,29,31,05,12,13,,,,1.23,0.65,1.04,1*03
$GNGSA,M,3,80,82,79,84,83,,,,,,,,1.23,0.65,1.04,2*03
$GNGSA,M,3,10,11,12,16,25,36,02,,,,,,1.23,0.65,1.04,3*0C
$GNGSA,M,3,26,29,31,35,39,12,,,,,,,1.23,0.65,1.04,4*0C
$GPGSV,2,1,08,05,42,110,47,12,31,041,45,13,25,035,43,23,14,354,38,1*63
$GPGSV,2,2,08,25,66,027,53,26,17,223,22,29,58,170,29,31,21,248,25,1*6A
$GPGSV,3,1,09,05,42,110,43,12,31,041,35,13,25,035,34,18,61,286,19,6*60
$GPGSV,3,2,09,23,14,354,38,25,66,027,47,28,28,281,24,29,58,170,21,6*69
$GPGSV,3,3,09,31,21,248,17,6*53
$GPGSV,2,1,07,13,25,035,34,18,61,286,16,21,15,136,14,23,14,354,43,8*6F
$GPGSV,2,2,07,25,66,027,54,26,17,223,19,28,28,281,28,8*51
$GPGSV,1,1,01,15,03,049,,0*5E
$GLGSV,1,1,04,79,12,019,25,80,64,354,44,83,55,235,21,84,17,289,21,1*70
$GLGSV,2,1,07,67,10,092,15,73,49,224,20,79,12,019,17,80,64,354,43,3*72
$GLGSV,2,2,07,82,34,155,20,83,55,235,15,84,17,289,19,3*49
$GLGSV,1,1,03,66,03,143,,68,01,046,,74,03,207,,0*47
$GAGSV,2,1,08,02,24,222,20,10,45,143,38,11,75,156,23,12,21,141,21,1*71
$GAGSV,2,2,08,14,24,097,33,16,47,053,46,25,79,190,23,36,50,312,18,1*79
$GAGSV,1,1,01,16,47,053,50,5*47
$GAGSV,2,1,06,10,45,143,33,11,75,156,23,12,21,141,21,14,24,097,26,7*7F
$GAGSV,2,2,06,16,47,053,47,25,79,190,29,7*7E
$GAGSV,1,1,01,34,01,317,,0*46
$GBGSV,2,1,06,24,18,224,26,26,54,264,14,29,30,127,42,31,30,267,21,3*75
$GBGSV,2,2,06,35,62,201,25,39,41,359,47,3*77
$GBGSV,3,1,09,11,10,118,09,12,19,089,22,19,18,062,14,20,14,109,18,5*75
$GBGSV,3,2,09,26,54,264,20,29,30,127,46,31,30,267,22,35,62,201,15,5*74
$GBGSV,3,3,09,39,41,359,47,5*48
$GBGSV,3,1,10,11,10,118,21,12,19,089,24,19,18,062,13,20,14,109,21,8*71
$GBGSV,3,2,10,24,18,224,15,26,54,264,22,29,30,127,44,31,30,267,20,8*79
$GBGSV,3,3,10,35,62,201,21,39,41,359,46,8*7E
$GBGSV,1,1,02,22,04,014,,36,00,024,,0*77
$GNGLL,3001.74237,S,05112.74977,W,163920.00,A,D*78
$GNRMC,163921.00,A,3001.74237,S,05112.74977,W,0.000,,090926,,,F,V*1C
$GNVTG,,T,,M,0.000,N,0.000,K,D*38
$GNGGA,163921.00,3001.74237,S,05112.74977,W,5,12,0.65,50.8,M,4.8,M,2.0,0920*6B
$GNGSA,M,3,18,23,25,28,29,31,05,12,13,,,,1.23,0.65,1.04,1*03
$GNGSA,M,3,80,82,79,84,83,,,,,,,,1.23,0.65,1.04,2*03
$GNGSA,M,3,10,11,12,16,25,36,02,,,,,,1.23,0.65,1.04,3*0C
$GNGSA,M,3,26,29,31,35,39,12,,,,,,,1.23,0.65,1.04,4*0C
$GPGSV,2,1,08,05,42,110,47,12,31,041,45,13,25,035,43,23,14,354,38,1*63
$GPGSV,2,2,08,25,66,027,53,26,17,223,23,29,58,170,29,31,21,248,25,1*6B
$GPGSV,3,1,09,05,42,110,43,12,31,041,35,13,25,035,35,18,61,286,18,6*60
$GPGSV,3,2,09,23,14,354,38,25,66,027,47,28,28,281,24,29,58,170,21,6*69
$GPGSV,3,3,09,31,21,248,17,6*53
$GPGSV,2,1,07,13,25,035,34,18,61,286,15,21,15,136,14,23,14,354,43,8*6C
$GPGSV,2,2,07,25,66,027,54,26,17,223,19,28,28,281,28,8*51
$GPGSV,1,1,01,15,03,049,,0*5E
$GLGSV,1,1,04,79,12,019,25,80,64,354,44,83,55,235,21,84,17,289,21,1*70
$GLGSV,2,1,07,67,10,092,15,73,49,224,19,79,12,019,17,80,64,354,43,3*78
$GLGSV,2,2,07,82,34,155,20,83,55,235,15,84,17,289,19,3*49
$GLGSV,1,1,03,66,03,143,,68,01,046,,74,03,207,,0*47
$GAGSV,2,1,08,02,24,222,20,10,45,143,38,11,75,156,23,12,21,141,21,1*71
$GAGSV,2,2,08,14,24,097,33,16,47,053,46,25,79,190,22,36,50,312,19,1*79
$GAGSV,1,1,01,16,47,053,50,5*47
$GAGSV,2,1,06,10,45,143,33,11,75,156,23,12,21,141,22,14,24,097,27,7*7D
$GAGSV,2,2,06,16,47,053,47,25,79,190,29,7*7E
$GAGSV,1,1,01,34,01,317,,0*46
$GBGSV,2,1,06,24,18,224,26,26,54,264,14,29,30,127,42,31,30,267,21,3*75
$GBGSV,2,2,06,35,62,201,25,39,41,359,47,3*77
$GBGSV,3,1,09,11,10,118,11,12,19,089,23,19,18,062,15,20,14,109,18,5*7C
$GBGSV,3,2,09,26,54,264,20,29,30,127,46,31,30,267,22,35,62,201,16,5*77
$GBGSV,3,3,09,39,41,359,47,5*48
$GBGSV,3,1,10,11,10,118,20,12,19,089,23,19,18,062,12,20,14,109,22,8*75
$GBGSV,3,2,10,24,18,224,11,26,54,264,22,29,30,127,44,31,30,267,20,8*7D
$GBGSV,3,3,10,35,62,201,21,39,41,359,46,8*7E
$GBGSV,1,1,02,22,04,014,,36,00,024,,0*77
$GNGLL,3001.74237,S,05112.74977,W,163921.00,A,D*79
$GNRMC,163922.00,A,3001.74237,S,05112.74977,W,0.042,,090926,,,F,V*19
$GNVTG,,T,,M,0.042,N,0.077,K,D*3E
$GNGGA,163922.00,3001.74237,S,05112.74977,W,5,12,0.65,50.8,M,4.8,M,2.0,0920*68
$GNGSA,M,3,18,23,25,28,29,31,05,12,13,,,,1.23,0.65,1.04,1*03
$GNGSA,M,3,80,82,79,84,83,,,,,,,,1.23,0.65,1.04,2*03
$GNGSA,M,3,10,11,12,16,25,36,02,,,,,,1.23,0.65,1.04,3*0C
$GNGSA,M,3,26,29,31,35,39,12,,,,,,,1.23,0.65,1.04,4*0C
$GPGSV,2,1,08,05,42,110,47,12,31,041,45,13,25,035,43,23,14,354,38,1*63
$GPGSV,2,2,08,25,66,027,53,26,17,223,23,29,58,170,29,31,21,248,25,1*6B
$GPGSV,3,1,09,05,42,110,43,12,31,041,35,13,25,035,35,18,61,286,18,6*60
$GPGSV,3,2,09,23,14,354,38,25,66,027,48,28,28,281,23,29,58,170,21,6*61
$GPGSV,3,3,09,31,21,248,18,6*5C
$GPGSV,2,1,07,13,25,035,34,18,61,286,15,21,15,136,12,23,14,354,43,8*6A
$GPGSV,2,2,07,25,66,027,54,26,17,223,18,28,28,281,28,8*50
$GPGSV,1,1,01,15,03,049,,0*5E
$GLGSV,1,1,04,79,12,019,25,80,64,354,44,83,55,235,22,84,17,289,19,1*78
$GLGSV,2,1,07,67,10,092,14,73,49,224,19,79,12,019,17,80,64,354,43,3*79
$GLGSV,2,2,07,82,34,155,20,83,55,235,16,84,17,289,19,3*4A
$GLGSV,1,1,03,66,03,143,,68,01,046,,74,03,207,,0*47
$GAGSV,2,1,08,02,24,222,20,10,45,143,38,11,75,156,24,12,21,141,21,1*76
$GAGSV,2,2,08,14,24,097,34,16,47,053,46,25,79,190,22,36,50,312,18,1*7F
$GAGSV,1,1,01,16,47,053,50,5*47
$GAGSV,2,1,06,10,45,143,33,11,75,156,23,12,21,141,22,14,24,097,27,7*7D
$GAGSV,2,2,06,16,47,053,47,25,79,190,29,7*7E
$GAGSV,1,1,01,34,01,317,,0*46
$GBGSV,2,1,06,24,18,224,25,26,54,264,15,29,30,127,42,31,30,267,21,3*77
$GBGSV,2,2,06,35,62,201,25,39,41,359,47,3*77
$GBGSV,3,1,09,11,10,118,13,12,19,089,23,19,18,062,15,20,14,109,19,5*7F
$GBGSV,3,2,09,26,54,264,20,29,30,127,46,31,30,267,21,35,62,201,15,5*77
$GBGSV,3,3,09,39,41,359,47,5*48
$GBGSV,3,1,09,11,10,118,20,12,19,089,23,19,18,062,12,20,14,109,22,8*7D
$GBGSV,3,2,09,26,54,264,22,29,30,127,44,31,30,267,20,35,62,201,20,8*7D
$GBGSV,3,3,09,39,41,359,46,8*44
$GBGSV,1,1,02,22,04,014,,36,00,024,,0*77
$GNGLL,3001.74237,S,05112.74977,W,163922.00,A,D*7A
$GNRMC,163923.00,A,3001.74237,S,05112.74976,W,0.009,,090926,,,F,V*16
$GNVTG,,T,,M,0.009,N,0.016,K,D*36
$GNGGA,163923.00,3001.74237,S,05112.74976,W,5,12,0.67,50.8,M,4.8,M,2.0,0920*6A
$GNGSA,M,3,18,23,25,28,29,31,05,12,13,,,,1.24,0.67,1.04,1*06
$GNGSA,M,3,80,82,79,84,83,,,,,,,,1.24,0.67,1.04,2*06
$GNGSA,M,3,10,11,12,16,25,36,02,,,,,,1.24,0.67,1.04,3*09
$GNGSA,M,3,19,26,29,35,39,12,,,,,,,1.24,0.67,1.04,4*03
$GPGSV,2,1,08,05,42,110,47,12,31,041,45,13,25,035,43,23,14,354,38,1*63
$GPGSV,2,2,08,25,66,027,53,26,17,223,23,29,58,170,29,31,21,248,25,1*6B
$GPGSV,3,1,09,05,42,110,43,12,31,041,35,13,25,035,35,18,61,286,17,6*6F
$GPGSV,3,2,09,23,14,354,38,25,66,027,48,28,28,281,24,29,58,170,21,6*66
$GPGSV,3,3,09,31,21,248,19,6*5D
$GPGSV,2,1,07,13,25,035,34,18,61,286,16,21,15,136,12,23,14,354,43,8*69
$GPGSV,2,2,07,25,66,027,54,26,17,223,18,28,28,281,28,8*50
$GPGSV,1,1,01,15,03,049,,0*5E
$GLGSV,1,1,04,79,12,019,24,80,64,354,44,83,55,235,23,84,17,289,19,1*78
$GLGSV,2,1,07,67,10,092,15,73,49,224,19,79,12,019,17,80,64,354,43,3*78
$GLGSV,2,2,07,82,34,155,20,83,55,235,14,84,17,289,19,3*48
$GLGSV,1,1,03,66,03,144,,68,01,046,,74,03,207,,0*40
$GAGSV,2,1,08,02,24,222,20,10,45,143,38,11,75,156,24,12,21,141,21,1*76
$GAGSV,2,2,08,14,24,097,34,16,47,053,46,25,79,190,22,36,50,312,18,1*7F
$GAGSV,1,1,01,16,47,053,50,5*47
$GAGSV,2,1,06,10,45,143,33,11,75,156,23,12,21,141,22,14,24,097,27,7*7D
$GAGSV,2,2,06,16,47,053,47,25,79,190,29,7*7E
$GAGSV,1,1,01,34,01,317,,0*46
$GBGSV,2,1,06,24,18,224,25,26,54,264,13,29,30,127,42,31,30,267,21,3*71
$GBGSV,2,2,06,35,62,201,25,39,41,359,47,3*77
$GBGSV,3,1,10,11,10,118,13,12,19,089,23,19,18,062,15,20,14,109,19,5*77
$GBGSV,3,2,10,24,18,224,19,26,54,264,19,29,30,127,47,31,30,267,22,5*71
$GBGSV,3,3,10,35,62,201,15,39,41,359,47,5*75
$GBGSV,3,1,09,11,10,118,21,12,19,089,24,19,18,062,13,20,14,109,22,8*7A
$GBGSV,3,2,09,26,54,264,22,29,30,127,44,31,30,267,19,35,62,201,21,8*76
$GBGSV,3,3,09,39,41,359,46,8*44
$GBGSV,1,1,02,22,04,014,,36,00,024,,0*77
$GNGLL,3001.74237,S,05112.74976,W,163923.00,A,D*7A
$GNRMC,163924.00,A,3001.74237,S,05112.74977,W,0.042,,090926,,,F,V*1F
$GNVTG,,T,,M,0.042,N,0.078,K,D*31
$GNGGA,163924.00,3001.74237,S,05112.74977,W,5,12,0.67,50.8,M,4.8,M,2.0,0920*6C
$GNGSA,M,3,18,23,25,28,29,31,05,12,13,,,,1.24,0.67,1.04,1*06
$GNGSA,M,3,80,82,79,84,83,,,,,,,,1.24,0.67,1.04,2*06
$GNGSA,M,3,10,11,12,16,25,36,02,,,,,,1.24,0.67,1.04,3*09
$GNGSA,M,3,26,29,31,35,39,12,,,,,,,1.24,0.67,1.04,4*09
$GPGSV,2,1,08,05,42,110,47,12,31,041,44,13,25,035,43,23,14,354,38,1*62
$GPGSV,2,2,08,25,66,027,53,26,17,223,23,29,58,170,29,31,21,248,25,1*6B
$GPGSV,3,1,09,05,42,110,43,12,31,041,35,13,25,035,35,18,61,286,18,6*60
$GPGSV,3,2,09,23,14,354,38,25,66,027,47,28,28,281,24,29,58,170,21,6*69
$GPGSV,3,3,09,31,21,248,19,6*5D
$GPGSV,2,1,07,13,25,035,34,18,61,286,15,21,15,136,14,23,14,354,43,8*6C
$GPGSV,2,2,07,25,66,027,54,26,17,223,18,28,28,281,28,8*50
$GPGSV,1,1,01,15,03,049,,0*5E
$GLGSV,1,1,04,79,12,019,24,80,64,354,44,83,55,235,24,84,17,289,19,1*7F
$GLGSV,2,1,07,67,11,093,14,73,49,224,19,79,12,019,16,80,64,354,43,3*78
$GLGSV,2,2,07,82,34,155,20,83,55,235,14,84,17,289,19,3*48
$GLGSV,1,1,03,66,03,144,,68,01,046,,74,03,207,,0*40
$GAGSV,2,1,08,02,24,222,19,10,45,143,38,11,75,156,24,12,21,141,21,1*7C
$GAGSV,2,2,08,14,24,097,33,16,47,053,46,25,79,190,22,36,50,312,18,1*78
$GAGSV,1,1,01,16,47,053,50,5*47
$GAGSV,2,1,06,10,45,143,33,11,75,156,23,12,21,141,22,14,24,097,27,7*7D
$GAGSV,2,2,06,16,47,053,47,25,79,190,29,7*7E
$GAGSV,1,1,01,34,01,317,,0*46
$GBGSV,2,1,06,24,18,224,25,26,54,264,14,29,30,127,42,31,30,267,21,3*76
$GBGSV,2,2,06,35,62,201,25,39,41,359,47,3*77
$GBGSV,3,1,11,11,10,118,14,12,19,089,23,19,18,062,13,20,14,109,19,5*77
$GBGSV,3,2,11,22,04,014,22,24,18,224,18,26,54,264,19,29,30,127,46,5*73
$GBGSV,3,3,11,31,30,267,22,35,62,201,15,39,41,359,47,5*46
$GBGSV,3,1,09,11,10,118,21,12,19,089,23,19,18,062,13,20,14,109,22,8*7D
$GBGSV,3,2,09,26,54,264,22,29,30,127,44,31,30,267,19,35,62,201,21,8*76
$GBGSV,3,3,09,39,41,359,46,8*44
$GBGSV,1,1,01,36,00,024,,0*45
$GNGLL,3001.74237,S,05112.74977,W,163924.00,A,D*7C
$GNRMC,163925.00,A,3001.74237,S,05112.74977,W,0.026,,090926,,,F,V*1C
$GNVTG,,T,,M,0.026,N,0.048,K,D*30
$GNGGA,163925.00,3001.74237,S,05112.74977,W,5,12,0.67,50.8,M,4.8,M,2.0,0920*6D
$GNGSA,M,3,18,23,25,28,29,31,05,12,13,,,,1.24,0.67,1.04,1*06
$GNGSA,M,3,80,82,79,84,83,,,,,,,,1.24,0.67,1.04,2*06
$GNGSA,M,3,10,11,12,16,25,36,02,,,,,,1.24,0.67,1.04,3*09
$GNGSA,M,3,26,29,35,39,12,,,,,,,,1.24,0.67,1.04,4*0B
$GPGSV,2,1,08,05,42,110,47,12,31,041,44,13,25,035,43,23,14,354,38,1*62
$GPGSV,2,2,08,25,66,027,53,26,17,223,23,29,58,170,29,31,21,248,26,1*68
$GPGSV,3,1,09,05,42,110,43,12,31,041,35,13,25,035,34,18,61,286,19,6*60
$GPGSV,3,2,09,23,14,354,38,25,66,027,47,28,28,281,24,29,58,170,22,6*6A
$GPGSV,3,3,09,31,21,248,19,6*5D
$GPGSV,2,1,07,13,25,035,34,18,61,286,14,21,15,136,16,23,14,354,43,8*6F
$GPGSV,2,2,07,25,66,027,54,26,17,223,18,28,28,281,28,8*50
$GPGSV,1,1,01,15,03,049,,0*5E
$GLGSV,1,1,04,79,12,019,24,80,64,354,44,83,55,235,24,84,17,289,19,1*7F
$GLGSV,2,1,07,67,11,093,15,73,49,224,20,79,12,019,16,80,64,354,43,3*73
$GLGSV,2,2,07,82,34,155,20,83,55,235,12,84,17,289,19,3*4E
$GLGSV,1,1,03,66,03,144,,68,01,047,,74,03,207,,0*41
$GAGSV,2,1,08,02,24,222,20,10,45,143,38,11,75,156,24,12,21,141,21,1*76
$GAGSV,2,2,08,14,24,097,33,16,47,053,46,25,79,190,23,36,50,312,18,1*79
$GAGSV,1,1,01,16,47,053,50,5*47
$GAGSV,2,1,06,10,45,143,33,11,75,156,23,12,21,141,21,14,24,097,27,7*7E
$GAGSV,2,2,06,16,47,053,47,25,79,190,29,7*7E
$GAGSV,1,1,01,34,01,317,,0*46
$GBGSV,2,1,06,24,18,224,23,26,54,264,14,29,30,127,42,31,30,267,21,3*70
$GBGSV,2,2,06,35,62,201,25,39,41,359,47,3*77
$GBGSV,3,1,11,11,10,118,13,12,19,089,23,19,18,062,13,20,14,109,19,5*70
$GBGSV,3,2,11,22,04,014,20,24,18,224,17,26,54,264,20,29,30,127,46,5*74
$GBGSV,3,3,11,31,30,267,22,35,62,201,14,39,41,359,47,5*47
$GBGSV,3,1,09,11,10,118,21,12,19,089,23,19,18,062,14,20,14,109,22,8*7A
$GBGSV,3,2,09,26,54,264,22,29,30,127,44,31,30,267,19,35,62,201,21,8*76
$GBGSV,3,3,09,39,41,359,46,8*44
$GBGSV,1,1,01,36,00,024,,0*45
$GNGLL,3001.74237,S,05112.74977,W,163925.00,A,D*7D
$GNRMC,163926.00,A,3001.74237,S,05112.74978,W,0.041,,090926,,,F,V*11
$GNVTG,,T,,M,0.041,N,0.075,K,D*3F
$GNGGA,163926.00,3001.74237,S,05112.74978,W,5,12,0.67,50.8,M,4.8,M,2.0,0920*61
$GNGSA,M,3,18,23,25,28,29,31,05,12,13,,,,1.24,0.67,1.04,1*06
$GNGSA,M,3,80,82,79,84,83,,,,,,,,1.24,0.67,1.04,2*06
$GNGSA,M,3,10,11,12,16,25,36,02,,,,,,1.24,0.67,1.04,3*09
$GNGSA,M,3,26,29,31,35,39,12,,,,,,,1.24,0.67,1.04,4*09
$GPGSV,2,1,08,05,42,110,47,12,31,041,44,13,25,035,43,23,14,354,37,1*6D
$GPGSV,2,2,08,25,66,027,53,26,17,223,23,29,58,170,29,31,21,248,25,1*6B
$GPGSV,3,1,09,05,42,110,43,12,31,041,35,13,25,035,34,18,61,286,19,6*60
$GPGSV,3,2,09,23,14,354,38,25,66,027,47,28,28,281,23,29,58,170,21,6*6E
$GPGSV,3,3,09,31,21,248,20,6*57
$GPGSV,2,1,07,13,25,035,34,18,61,286,13,21,15,136,16,23,14,354,43,8*68
$GPGSV,2,2,07,25,66,027,54,26,17,223,18,28,28,281,29,8*51
$GPGSV,1,1,01,15,03,049,,0*5E
$GLGSV,2,1,05,74,03,207,12,79,12,019,23,80,64,354,44,83,55,235,25,1*7C
$GLGSV,2,2,05,84,17,289,19,1*4C
$GLGSV,2,1,07,67,11,093,14,73,49,224,20,79,12,019,17,80,64,354,43,3*73
$GLGSV,2,2,07,82,34,155,20,83,55,235,10,84,17,289,19,3*4C
$GLGSV,1,1,02,66,03,144,,68,01,047,,0*75
$GAGSV,2,1,08,02,24,222,20,10,45,143,38,11,75,156,24,12,21,141,21,1*76
$GAGSV,2,2,08,14,24,097,33,16,47,053,46,25,79,190,23,36,50,312,18,1*79
$GAGSV,1,1,01,16,47,053,50,5*47
$GAGSV,2,1,06,10,45,143,33,11,75,156,23,12,21,141,21,14,24,097,27,7*7E
$GAGSV,2,2,06,16,47,053,47,25,79,190,29,7*7E
$GAGSV,1,1,01,34,01,317,,0*46
$GBGSV,2,1,06,24,18,224,22,26,54,264,14,29,30,127,42,31,30,267,21,3*71
$GBGSV,2,2,06,35,62,201,25,39,41,359,47,3*77
$GBGSV,3,1,11,11,10,118,13,12,19,089,23,19,18,062,12,20,14,109,19,5*71
$GBGSV,3,2,11,22,04,014,19,24,18,224,16,26,54,264,20,29,30,127,46,5*7F
$GBGSV,3,3,11,31,30,267,21,35,62,201,15,39,41,359,47,5*45
$GBGSV,3,1,09,11,10,118,21,12,19,089,23,19,18,062,15,20,14,109,21,8*78
$GBGSV,3,2,09,26,54,264,22,29,30,127,44,31,30,267,19,35,62,201,21,8*76
$GBGSV,3,3,09,39,41,359,46,8*44
$GBGSV,1,1,01,36,00,024,,0*45
$GNGLL,3001.74237,S,05112.74978,W,163926.00,A,D*71
$GNRMC,163927.00,A,3001.74237,S,05112.74979,W,0.035,,090926,,,F,V*12
$GNVTG,,T,,M,0.035,N,0.065,K,D*3D
$GNGGA,163927.00,3001.74237,S,05112.74979,W,5,12,0.67,50.8,M,4.8,M,2.0,0920*61
$GNGSA,M,3,18,23,25,28,29,31,05,12,13,,,,1.24,0.67,1.04,1*06
$GNGSA,M,3,80,82,79,84,83,,,,,,,,1.24,0.67,1.04,2*06
$GNGSA,M,3,10,11,12,16,25,36,02,,,,,,1.24,0.67,1.04,3*09
$GNGSA,M,3,26,29,31,35,39,12,,,,,,,1.24,0.67,1.04,4*09
$GPGSV,2,1,08,05,42,110,47,12,31,041,44,13,25,035,43,23,14,354,37,1*6D
$GPGSV,2,2,08,25,66,027,53,26,17,223,23,29,58,170,29,31,21,248,25,1*6B
$GPGSV,3,1,09,05,42,110,43,12,31,041,35,13,25,035,34,18,61,286,18,6*61
$GPGSV,3,2,09,23,14,354,38,25,66,027,47,28,28,281,23,29,58,170,21,6*6E
$GPGSV,3,3,09,31,21,248,20,6*57
$GPGSV,2,1,07,13,25,035,34,18,61,286,14,21,15,136,16,23,14,354,43,8*6F
$GPGSV,2,2,07,25,66,027,54,26,17,223,18,28,28,281,29,8*51
$GPGSV,1,1,01,15,03,049,,0*5E
$GLGSV,2,1,05,74,03,207,14,79,12,019,23,80,64,354,44,83,55,235,25,1*7A
$GLGSV,2,2,05,84,17,289,19,1*4C
$GLGSV,2,1,07,67,11,093,15,73,49,224,21,79,12,019,17,80,64,354,42,3*72
$GLGSV,2,2,07,82,34,155,20,83,55,235,13,84,17,289,18,3*4E
$GLGSV,1,1,02,66,03,144,,68,01,047,,0*75
$GAGSV,2,1,08,02,24,222,21,10,45,143,38,11,75,156,24,12,21,141,22,1*74
$GAGSV,2,2,08,14,24,097,33,16,47,053,46,25,79,190,22,36,50,312,18,1*78
$GAGSV,1,1,01,16,47,053,50,5*47
$GAGSV,2,1,06,10,45,143,33,11,75,156,23,12,21,141,21,14,24,097,27,7*7E
$GAGSV,2,2,06,16,47,053,47,25,79,190,29,7*7E
$GAGSV,1,1,01,34,01,317,,0*46
$GBGSV,2,1,06,24,18,224,23,26,54,264,14,29,30,127,42,31,30,267,20,3*71
$GBGSV,2,2,06,35,62,201,25,39,41,359,47,3*77
$GBGSV,3,1,11,11,10,118,14,12,19,089,23,19,18,062,13,20,14,109,20,5*7D
$GBGSV,3,2,11,22,04,014,18,24,18,224,16,26,54,264,20,29,30,127,46,5*7E
$GBGSV,3,3,11,31,30,267,21,35,62,201,15,39,41,359,47,5*45
$GBGSV,3,1,09,11,10,118,21,12,19,089,23,19,18,062,14,20,14,109,21,8*79
$GBGSV,3,2,09,26,54,264,22,29,30,127,44,31,30,267,20,35,62,201,21,8*7C
$GBGSV,3,3,09,39,41,359,46,8*44
$GBGSV,1,1,01,36,00,024,,0*45
$GNGLL,3001.74237,S,05112.74979,W,163927.00,A,D*71
$GNRMC,163928.00,A,3001.74237,S,05112.74978,W,0.005,,090926,,,F,V*1F
$GNVTG,,T,,M,0.005,N,0.010,K,D*3C
$GNGGA,163928.00,3001.74237,S,05112.74978,W,5,12,0.67,50.8,M,4.8,M,2.0,0920*6F
$GNGSA,M,3,18,23,25,28,29,31,05,12,13,,,,1.24,0.67,1.04,1*06
$GNGSA,M,3,80,82,79,84,83,,,,,,,,1.24,0.67,1.04,2*06
$GNGSA,M,3,10,11,12,16,25,36,02,,,,,,1.24,0.67,1.04,3*09
$GNGSA,M,3,26,29,31,35,39,12,,,,,,,1.24,0.67,1.04,4*09
$GPGSV,2,1,08,05,42,110,47,12,31,041,44,13,25,035,43,23,14,354,38,1*62
$GPGSV,2,2,08,25,66,027,53,26,17,223,24,29,58,170,28,31,21,248,25,1*6D
$GPGSV,3,1,09,05,42,110,43,12,31,041,35,13,25,035,34,18,61,286,18,6*61
$GPGSV,3,2,09,23,14,354,38,25,66,027,47,28,28,281,24,29,58,170,21,6*69
$GPGSV,3,3,09,31,21,248,20,6*57
$GPGSV,2,1,07,13,25,035,34,18,61,286,15,21,15,136,16,23,14,354,43,8*6E
$GPGSV,2,2,07,25,66,027,54,26,17,223,18,28,28,281,29,8*51
$GPGSV,1,1,01,15,03,049,,0*5E
$GLGSV,2,1,05,74,03,207,22,79,12,019,22,80,64,354,44,83,55,235,25,1*7E
$GLGSV,2,2,05,84,17,289,19,1*4C
$GLGSV,2,1,07,67,11,093,15,73,49,224,22,79,12,019,17,80,64,354,42,3*71
$GLGSV,2,2,07,82,34,155,20,83,55,235,10,84,17,289,16,3*43
$GLGSV,1,1,02,66,03,144,,68,01,047,,0*75
$GAGSV,2,1,08,02,24,222,21,10,45,143,38,11,75,156,25,12,21,141,22,1*75
$GAGSV,2,2,08,14,24,097,33,16,47,053,46,25,79,190,23,36,50,312,18,1*79
$GAGSV,1,1,01,16,47,053,50,5*47
$GAGSV,2,1,07,10,45,143,33,11,75,156,24,12,21,141,21,14,24,097,27,7*78
$GAGSV,2,2,07,16,47,053,47,25,79,190,29,36,50,312,26,7*4B
$GAGSV,1,1,01,34,01,317,,0*46
$GBGSV,2,1,06,24,18,224,22,26,54,264,13,29,30,127,42,31,30,267,20,3*77
$GBGSV,2,2,06,35,62,201,25,39,41,359,47,3*77
$GBGSV,3,1,11,11,10,118,13,12,19,089,23,19,18,062,12,20,14,109,20,5*7B
$GBGSV,3,2,11,22,04,014,17,24,18,224,15,26,54,264,19,29,30,127,46,5*78
$GBGSV,3,3,11,31,30,267,21,35,62,201,15,39,41,359,47,5*45
$GBGSV,3,1,09,11,10,118,20,12,19,089,24,19,18,062,15,20,14,109,21,8*7E
$GBGSV,3,2,09,26,54,264,22,29,30,127,44,31,30,267,19,35,62,201,21,8*76
$GBGSV,3,3,09,39,41,359,46,8*44
$GBGSV,1,1,01,36,00,024,,0*45
$GNGLL,3001.74237,S,05112.74978,W,163928.00,A,D*7F
$GNRMC,163929.00,A,3001.74237,S,05112.74978,W,0.020,,090926,,,F,V*19
$GNVTG,,T,,M,0.020,N,0.036,K,D*3F
$GNGGA,163929.00,3001.74237,S,05112.74978,W,5,12,0.88,50.8,M,4.8,M,2.0,0920*6F
$GNGSA,M,3,18,23,25,28,29,31,05,12,13,,,,1.69,0.88,1.44,1*0A
$GNGSA,M,3,80,82,79,84,83,,,,,,,,1.69,0.88,1.44,2*0A
$GNGSA,M,3,10,11,12,16,25,36,02,,,,,,1.69,0.88,1.44,3*05
$GNGSA,M,3,26,29,31,35,39,12,,,,,,,1.69,0.88,1.44,4*05
$GPGSV,2,1,08,05,42,110,47,12,31,041,44,13,25,035,43,23,14,354,38,1*62
$GPGSV,2,2,08,25,66,027,53,26,17,223,24,29,58,170,29,31,21,248,24,1*6D
$GPGSV,3,1,09,05,42,110,43,12,31,041,35,13,25,035,34,18,61,286,17,6*6E
$GPGSV,3,2,09,23,14,354,38,25,66,027,47,28,28,281,23,29,58,170,21,6*6E
$GPGSV,3,3,09,31,21,248,21,6*56
$GPGSV,2,1,07,13,25,035,34,18,61,286,15,21,15,136,16,23,14,354,43,8*6E
$GPGSV,2,2,07,25,66,027,54,26,17,223,18,28,28,281,29,8*51
$GPGSV,1,1,01,15,03,049,,0*5E
$GLGSV,2,1,05,74,03,207,19,79,12,019,23,80,64,354,44,83,55,235,25,1*77
$GLGSV,2,2,05,84,17,289,20,1*46
$GLGSV,2,1,06,67,11,093,14,73,49,224,22,79,12,019,18,80,64,354,42,3*7E
$GLGSV,2,2,06,82,34,155,20,84,17,289,13,3*79
$GLGSV,1,1,02,66,03,144,,68,01,047,,0*75
$GAGSV,2,1,08,02,24,222,20,10,45,143,38,11,75,156,24,12,21,141,22,1*75
$GAGSV,2,2,08,14,24,097,33,16,47,053,46,25,79,190,23,36,50,312,17,1*76
$GAGSV,1,1,01,16,47,053,50,5*47
$GAGSV,2,1,07,10,45,143,33,11,75,156,25,12,21,141,21,14,24,097,27,7*79
$GAGSV,2,2,07,16,47,053,47,25,79,190,28,36,50,312,25,7*49
$GAGSV,1,1,01,34,01,317,,0*46
$GBGSV,2,1,06,24,18,224,21,26,54,264,13,29,30,127,42,31,30,267,20,3*74
$GBGSV,2,2,06,35,62,201,25,39,41,359,47,3*77
$GBGSV,3,1,10,11,10,118,13,12,19,089,23,19,18,062,13,20,14,109,20,5*7B
$GBGSV,3,2,10,22,04,014,17,26,54,264,19,29,30,127,46,31,30,267,21,5*77
$GBGSV,3,3,10,35,62,201,15,39,41,359,47,5*75
$GBGSV,3,1,09,11,10,118,20,12,19,089,23,19,18,062,13,20,14,109,21,8*7F
$GBGSV,3,2,09,26,54,264,22,29,30,127,44,31,30,267,19,35,62,201,21,8*76
$GBGSV,3,3,09,39,41,359,46,8*44
$GBGSV,1,1,01,36,00,024,,0*45
$GNGLL,3001.74237,S,05112.74978,W,163929.00,A,D*7E
$GNRMC,163930.00,A,3001.74237,S,05112.74977,W,0.010,,090926,,,F,V*1D
$GNVTG,,T,,M,0.010,N,0.018,K,D*30
$GNGGA,163930.00,3001.74237,S,05112.74977,W,5,12,0.88,50.8,M,4.8,M,2.0,0920*68
$GNGSA,M,3,18,23,25,28,29,31,05,12,13,,,,1.69,0.88,1.44,1*0A
$GNGSA,M,3,80,82,79,84,83,,,,,,,,1.69,0.88,1.44,2*0A
$GNGSA,M,3,10,11,12,16,25,36,02,,,,,,1.69,0.88,1.44,3*05
$GNGSA,M,3,26,29,31,35,39,12,,,,,,,1.69,0.88,1.44,4*05
$GPGSV,2,1,08,05,42,110,47,12,31,041,44,13,25,035,43,23,14,354,37,1*6D
$GPGSV,2,2,08,25,66,027,53,26,17,223,24,29,58,170,28,31,21,248,24,1*6C
$GPGSV,3,1,09,05,42,110,43,12,31,041,35,13,25,035,35,18,61,286,16,6*6E
$GPGSV,3,2,09,23,14,354,38,25,66,027,47,28,28,281,23,29,58,170,21,6*6E
$GPGSV,3,3,09,31,21,248,21,6*56
$GPGSV,2,1,07,13,25,035,34,18,61,286,15,21,15,136,16,23,14,354,43,8*6E
$GPGSV,2,2,07,25,66,027,54,26,17,223,18,28,28,281,29,8*51
$GPGSV,1,1,01,15,03,049,,0*5E
$GLGSV,2,1,05,74,03,207,19,79,12,019,23,80,64,354,44,83,55,235,25,1*77
$GLGSV,2,2,05,84,17,289,20,1*46
$GLGSV,2,1,06,67,11,093,13,73,49,225,22,79,12,019,17,80,64,354,42,3*77
$GLGSV,2,2,06,82,34,155,20,84,17,289,10,3*7A
$GLGSV,1,1,02,66,03,144,,68,01,047,,0*75
$GAGSV,2,1,08,02,24,222,21,10,45,143,38,11,75,156,25,12,21,141,22,1*75
$GAGSV,2,2,08,14,24,097,33,16,47,053,46,25,79,190,23,36,50,312,16,1*77
$GAGSV,1,1,01,16,47,053,50,5*47
$GAGSV,2,1,07,10,45,143,33,11,75,156,25,12,21,141,22,14,24,097,27,7*7A
$GAGSV,2,2,07,16,47,053,47,25,79,190,28,36,50,312,23,7*4F
$GAGSV,1,1,01,34,01,317,,0*46
$GBGSV,2,1,06,24,18,224,21,26,54,264,14,29,30,127,42,31,30,267,20,3*73
$GBGSV,2,2,06,35,62,201,25,39,41,359,47,3*77
$GBGSV,3,1,10,11,10,118,13,12,19,089,23,19,18,062,14,20,14,109,20,5*7C
$GBGSV,3,2,10,22,04,014,17,26,54,264,18,29,30,127,46,31,30,267,22,5*75
$GBGSV,3,3,10,35,62,201,15,39,41,359,47,5*75
$GBGSV,3,1,09,11,10,118,20,12,19,089,23,19,18,062,12,20,14,109,21,8*7E
$GBGSV,3,2,09,26,54,264,22,29,30,127,44,31,30,267,19,35,62,201,21,8*76
$GBGSV,3,3,09,39,41,359,46,8*44
$GBGSV,1,1,01,36,00,024,,0*45
$GNGLL,3001.74237,S,05112.74977,W,163930.00,A,D*79
$GNRMC,163931.00,A,3001.74237,S,05112.74978,W,0.027,,090926,,,F,V*17
$GNVTG,,T,,M,0.027,N,0.050,K,D*38
$GNGGA,163931.00,3001.74237,S,05112.74978,W,5,12,0.88,50.8,M,4.8,M,2.0,0920*66
$GNGSA,M,3,18,23,25,28,29,31,05,12,13,,,,1.64,0.88,1.38,1*0C
$GNGSA,M,3,80,82,79,84,83,,,,,,,,1.64,0.88,1.38,2*0C
$GNGSA,M,3,10,11,12,16,25,36,02,,,,,,1.64,0.88,1.38,3*03
$GNGSA,M,3,26,29,31,35,39,12,,,,,,,1.64,0.88,1.38,4*03
$GPGSV,2,1,08,05,42,110,47,12,31,041,44,13,25,035,43,23,14,354,38,1*62
$GPGSV,2,2,08,25,66,027,53,26,17,223,24,29,58,170,28,31,21,248,23,1*6B
$GPGSV,3,1,09,05,42,110,43,12,31,041,35,13,25,035,35,18,61,286,16,6*6E
$GPGSV,3,2,09,23,14,354,38,25,66,027,47,28,28,281,24,29,58,170,21,6*69
$GPGSV,3,3,09,31,21,248,21,6*56
$GPGSV,2,1,07,13,25,035,34,18,61,286,15,21,15,136,16,23,14,354,43,8*6E
$GPGSV,2,2,07,25,66,027,54,26,17,223,18,28,28,281,29,8*51
$GPGSV,1,1,01,15,03,049,,0*5E
$GLGSV,2,1,05,74,04,207,18,79,12,019,22,80,64,354,44,83,55,235,25,1*70
$GLGSV,2,2,05,84,17,289,19,1*4C
$GLGSV,2,1,06,67,11,093,12,73,49,225,21,79,12,019,16,80,64,354,42,3*74
$GLGSV,2,2,06,82,34,155,19,84,17,289,10,3*70
$GLGSV,1,1,02,66,03,144,,68,01,047,,0*75
$GAGSV,2,1,08,02,24,222,21,10,45,143,38,11,75,156,25,12,21,141,22,1*75
$GAGSV,2,2,08,14,24,097,33,16,47,053,46,25,79,190,23,36,50,312,16,1*77
$GAGSV,1,1,01,16,47,053,50,5*47
$GAGSV,2,1,07,10,45,143,33,11,75,156,25,12,21,141,22,14,24,097,27,7*7A
$GAGSV,2,2,07,16,47,053,47,25,79,190,28,36,50,312,23,7*4F
$GAGSV,1,1,01,34,01,317,,0*46
$GBGSV,2,1,06,24,18,224,21,26,54,264,14,29,30,127,42,31,30,267,20,3*73
$GBGSV,2,2,06,35,62,201,25,39,41,359,47,3*77
$GBGSV,3,1,10,11,10,118,11,12,19,089,24,19,18,062,13,20,14,109,20,5*7E
$GBGSV,3,2,10,22,04,014,17,26,54,264,19,29,30,127,46,31,30,267,21,5*77
$GBGSV,3,3,10,35,62,201,15,39,41,359,47,5*75
$GBGSV,3,1,09,11,10,118,21,12,19,089,23,19,18,062,11,20,14,109,20,8*7D
$GBGSV,3,2,09,26,54,264,22,29,30,127,44,31,30,267,18,35,62,201,21,8*77
$GBGSV,3,3,09,39,41,359,46,8*44
$GBGSV,1,1,01,36,00,024,,0*45
$GNGLL,3001.74237,S,05112.74978,W,163931.00,A,D*77
$GNRMC,163932.00,A,3001.74237,S,05112.74978,W,0.007,,090926,,,F,V*16
$GNVTG,,T,,M,0.007,N,0.014,K,D*3A
$GNGGA,163932.00,3001.74237,S,05112.74978,W,5,12,0.88,50.8,M,4.8,M,2.0,0920*65
$GNGSA,M,3,18,23,25,28,29,31,05,12,13,,,,1.64,0.88,1.38,1*0C
$GNGSA,M,3,80,82,79,84,83,,,,,,,,1.64,0.88,1.38,2*0C
$GNGSA,M,3,10,11,12,16,25,36,02,,,,,,1.64,0.88,1.38,3*03
$GNGSA,M,3,26,29,31,35,39,12,,,,,,,1.64,0.88,1.38,4*03
$GPGSV,2,1,08,05,42,110,47,12,31,041,44,13,25,035,43,23,14,354,38,1*62
$GPGSV,2,2,08,25,66,027,53,26,17,223,24,29,58,170,28,31,21,248,23,1*6B
$GPGSV,3,1,09,05,42,110,43,12,31,041,35,13,25,035,34,18,61,286,15,6*6C
$GPGSV,3,2,09,23,14,354,38,25,66,027,47,28,28,281,24,29,58,170,21,6*69
$GPGSV,3,3,09,31,21,248,21,6*56
$GPGSV,2,1,07,13,25,035,34,18,61,286,15,21,15,136,16,23,14,354,43,8*6E
$GPGSV,2,2,07,25,66,027,54,26,17,223,18,28,28,281,29,8*51
$GPGSV,1,1,01,15,03,049,,0*5E
$GLGSV,2,1,06,74,04,207,18,79,12,019,22,80,64,354,44,82,34,155,16,1*70
$GLGSV,2,2,06,83,55,235,24,84,17,289,20,1*7C
$GLGSV,2,1,06,67,11,093,12,73,49,225,21,79,12,019,16,80,64,354,42,3*74
$GLGSV,2,2,06,82,34,155,20,84,17,289,04,3*7F
$GLGSV,1,1,02,66,03,144,,68,01,047,,0*75
$GAGSV,2,1,08,02,24,222,20,10,45,143,38,11,75,156,25,12,21,141,22,1*74
$GAGSV,2,2,08,14,24,097,33,16,47,053,46,25,79,190,23,36,50,312,16,1*77
$GAGSV,1,1,01,16,47,053,50,5*47
$GAGSV,2,1,07,10,45,143,33,11,75,156,24,12,21,141,21,14,24,097,27,7*78
$GAGSV,2,2,07,16,47,053,47,25,79,190,28,36,50,312,24,7*48
$GAGSV,1,1,01,34,01,317,,0*46
$GBGSV,2,1,06,24,18,224,21,26,54,264,14,29,30,127,42,31,30,267,19,3*79
$GBGSV,2,2,06,35,62,201,25,39,41,359,47,3*77
$GBGSV,3,1,10,11,10,118,09,12,19,089,24,19,18,062,12,20,14,109,20,5*76
$GBGSV,3,2,10,22,04,014,17,26,54,264,18,29,30,127,46,31,30,267,21,5*76
$GBGSV,3,3,10,35,62,201,14,39,41,359,47,5*74
$GBGSV,3,1,09,11,10,118,21,12,19,089,24,19,18,062,12,20,14,109,20,8*79
$GBGSV,3,2,09,26,54,264,22,29,30,127,44,31,30,267,17,35,62,201,20,8*79
$GBGSV,3,3,09,39,41,359,46,8*44
$GBGSV,1,1,01,36,00,024,,0*45
$GNGLL,3001.74237,S,05112.74978,W,163932.00,A,D*74
$GNRMC,163933.00,A,3001.74237,S,05112.74978,W,0.010,,090926,,,F,V*11
$GNVTG,,T,,M,0.010,N,0.019,K,D*31
$GNGGA,163933.00,3001.74237,S,05112.74978,W,5,12,0.88,50.8,M,4.8,M,2.0,0920*64
$GNGSA,M,3,18,23,25,28,29,31,05,12,13,,,,1.69,0.88,1.44,1*0A
$GNGSA,M,3,80,82,79,84,83,,,,,,,,1.69,0.88,1.44,2*0A
$GNGSA,M,3,10,11,12,16,25,36,02,,,,,,1.69,0.88,1.44,3*05
$GNGSA,M,3,26,29,31,35,39,12,,,,,,,1.69,0.88,1.44,4*05
$GPGSV,2,1,08,05,42,110,47,12,31,041,44,13,25,035,43,23,14,354,38,1*62
$GPGSV,2,2,08,25,66,027,53,26,17,223,24,29,58,170,29,31,21,248,21,1*68
$GPGSV,3,1,09,05,42,110,43,12,31,041,35,13,25,035,34,18,61,286,15,6*6C
$GPGSV,3,2,09,23,14,354,38,25,66,027,47,28,28,281,24,29,58,170,21,6*69
$GPGSV,3,3,09,31,21,248,21,6*56
$GPGSV,2,1,07,13,25,035,34,18,61,286,15,21,15,136,17,23,14,354,43,8*6F
$GPGSV,2,2,07,25,66,027,54,26,17,223,18,28,28,281,29,8*51
$GPGSV,1,1,01,15,03,049,,0*5E
$GLGSV,2,1,07,66,03,144,15,74,04,207,18,79,12,019,21,80,64,354,44,1*7F
$GLGSV,2,2,07,82,34,155,17,83,55,235,23,84,17,289,21,1*41
$GLGSV,2,1,06,67,11,093,13,73,49,225,19,79,12,019,16,80,64,354,42,3*7E
$GLGSV,2,2,06,82,34,155,20,84,17,289,07,3*7C
$GLGSV,1,1,01,68,01,047,,0*44
$GAGSV,2,1,08,02,24,222,21,10,45,143,38,11,75,156,25,12,21,141,21,1*76
$GAGSV,2,2,08,14,24,097,33,16,47,053,46,25,79,190,23,36,50,312,16,1*77
$GAGSV,1,1,01,16,47,053,50,5*47
$GAGSV,2,1,07,10,45,143,33,11,75,156,24,12,21,141,21,14,24,097,27,7*78
$GAGSV,2,2,07,16,47,053,47,25,79,190,28,36,50,312,23,7*4F
$GAGSV,1,1,01,34,01,317,,0*46
$GBGSV,2,1,06,24,18,224,21,26,54,264,14,29,30,127,42,31,30,267,18,3*78
$GBGSV,2,2,06,35,62,201,25,39,41,359,47,3*77
$GBGSV,3,1,10,11,10,118,11,12,19,089,24,19,18,062,12,20,14,109,20,5*7F
$GBGSV,3,2,10,22,04,014,17,26,54,264,18,29,30,127,46,31,30,267,21,5*76
$GBGSV,3,3,10,35,62,201,12,39,41,359,47,5*72
$GBGSV,3,1,09,11,10,118,21,12,19,089,24,19,18,062,12,20,14,109,19,8*73
$GBGSV,3,2,09,26,54,264,22,29,30,127,44,31,30,267,17,35,62,201,20,8*79
$GBGSV,3,3,09,39,41,359,46,8*44
$GBGSV,1,1,01,36,00,024,,0*45
$GNGLL,3001.74237,S,05112.74978,W,163933.00,A,D*75
$GNRMC,163934.00,A,3001.74237,S,05112.74979,W,0.017,,090926,,,F,V*10
$GNVTG,,T,,M,0.017,N,0.032,K,D*3F
$GNGGA,163934.00,3001.74237,S,05112.74979,W,5,12,0.88,50.8,M,4.8,M,2.0,0920*62
$GNGSA,M,3,18,23,25,28,29,31,05,12,13,,,,1.69,0.88,1.44,1*0A
$GNGSA,M,3,80,82,79,84,83,,,,,,,,1.69,0.88,1.44,2*0A
$GNGSA,M,3,10,11,12,16,25,36,02,,,,,,1.69,0.88,1.44,3*05
$GNGSA,M,3,26,29,31,35,39,12,,,,,,,1.69,0.88,1.44,4*05
$GPGSV,2,1,08,05,42,110,47,12,31,041,44,13,25,035,43,23,14,354,38,1*62
$GPGSV,2,2,08,25,66,027,53,26,17,223,24,29,58,170,29,31,21,248,21,1*68
$GPGSV,3,1,09,05,42,110,43,12,31,041,34,13,25,035,34,18,61,286,15,6*6D
$GPGSV,3,2,09,23,14,354,38,25,66,027,47,28,28,281,24,29,58,170,21,6*69
$GPGSV,3,3,09,31,21,248,21,6*56
$GPGSV,2,1,07,13,25,035,34,18,61,286,14,21,15,136,17,23,14,354,43,8*6E
$GPGSV,2,2,07,25,66,027,54,26,17,223,18,28,28,281,29,8*51
$GPGSV,1,1,01,15,03,049,,0*5E
$GLGSV,2,1,07,66,03,144,14,74,04,207,18,79,12,019,22,80,64,354,44,1*7D
$GLGSV,2,2,07,82,34,155,19,83,55,235,23,84,17,289,21,1*4F
$GLGSV,2,1,06,67,11,093,12,73,49,225,19,79,12,019,16,80,64,354,42,3*7F
$GLGSV,2,2,06,82,34,155,20,84,17,289,10,3*7A
$GLGSV,1,1,01,68,01,047,,0*44
$GAGSV,2,1,08,02,24,222,21,10,45,143,38,11,75,156,25,12,21,141,21,1*76
$GAGSV,2,2,08,14,24,097,33,16,47,053,46,25,79,190,23,36,50,312,17,1*76
$GAGSV,1,1,01,16,47,053,50,5*47
$GAGSV,2,1,07,10,45,143,32,11,75,156,24,12,21,141,20,14,24,097,27,7*78
$GAGSV,2,2,07,16,47,053,47,25,79,190,28,36,50,312,23,7*4F
$GAGSV,1,1,01,34,01,317,,0*46
$GBGSV,2,1,07,12,19,089,22,24,18,224,20,26,54,264,14,29,30,127,42,3*79
$GBGSV,2,2,07,31,30,267,18,35,62,201,25,39,41,359,47,3*4D
$GBGSV,3,1,10,11,10,118,12,12,19,089,24,19,18,062,13,20,14,109,20,5*7D
$GBGSV,3,2,10,22,04,014,16,26,54,264,18,29,30,127,46,31,30,267,20,5*76
$GBGSV,3,3,10,35,62,201,13,39,41,359,47,5*73
$GBGSV,3,1,09,11,10,118,20,12,19,089,24,19,18,062,12,20,14,109,20,8*78
$GBGSV,3,2,09,26,54,264,22,29,30,127,44,31,30,267,16,35,62,201,20,8*78
$GBGSV,3,3,09,39,41,359,46,8*44
$GBGSV,1,1,01,36,00,024,,0*45
$GNGLL,3001.74237,S,05112.74979,W,163934.00,A,D*73
$GNRMC,163935.00,A,3001.74237,S,05112.74979,W,0.011,,090926,,,F,V*17
$GNVTG,,T,,M,0.011,N,0.021,K,D*3B
$GNGGA,163935.00,3001.74237,S,05112.74979,W,5,12,0.88,50.8,M,4.8,M,2.0,0920*63
$GNGSA,M,3,18,23,25,28,29,31,05,12,13,,,,1.69,0.88,1.44,1*0A
$GNGSA,M,3,80,82,79,84,83,,,,,,,,1.69,0.88,1.44,2*0A
$GNGSA,M,3,10,11,12,16,25,36,02,,,,,,1.69,0.88,1.44,3*05
$GNGSA,M,3,26,29,31,35,39,12,,,,,,,1.69,0.88,1.44,4*05
$GPGSV,2,1,08,05,42,110,47,12,31,041,44,13,25,035,43,23,14,354,37,1*6D
$GPGSV,2,2,08,25,66,027,53,26,17,223,24,29,58,170,29,31,21,248,20,1*69
$GPGSV,3,1,09,05,42,110,43,12,31,041,35,13,25,035,34,18,61,286,16,6*6F
$GPGSV,3,2,09,23,14,354,38,25,66,027,47,28,28,281,24,29,58,170,22,6*6A
$GPGSV,3,3,09,31,21,248,21,6*56
$GPGSV,2,1,07,13,25,035,34,18,61,286,12,21,15,136,17,23,14,354,43,8*68
$GPGSV,2,2,07,25,66,027,54,26,17,223,17,28,28,281,29,8*5E
$GPGSV,1,1,01,15,03,049,,0*5E
$GLGSV,2,1,07,66,03,144,14,74,04,207,17,79,12,019,22,80,64,354,44,1*72
$GLGSV,2,2,07,82,34,155,19,83,55,235,22,84,17,289,21,1*4E
$GLGSV,2,1,05,73,49,225,20,79,12,019,16,80,64,354,42,82,34,155,20,3*70
$GLGSV,2,2,05,84,17,289,14,3*43
$GLGSV,1,1,02,67,11,093,,68,01,047,,0*7C
$GAGSV,2,1,08,02,24,222,21,10,45,143,38,11,75,156,25,12,21,141,22,1*75
$GAGSV,2,2,08,14,24,097,33,16,47,053,46,25,79,190,23,36,50,312,17,1*76
$GAGSV,1,1,01,16,47,053,50,5*47
$GAGSV,2,1,07,10,45,143,33,11,75,156,25,12,21,141,20,14,24,097,26,7*79
$GAGSV,2,2,07,16,47,053,47,25,79,190,28,36,50,312,23,7*4F
$GAGSV,1,1,01,34,01,317,,0*46
$GBGSV,2,1,07,12,19,089,22,24,18,224,20,26,54,264,15,29,30,127,42,3*78
$GBGSV,2,2,07,31,30,267,19,35,62,201,25,39,41,359,47,3*4C
$GBGSV,3,1,10,11,10,118,11,12,19,089,24,19,18,062,13,20,14,109,19,5*74
$GBGSV,3,2,10,22,04,014,17,26,54,264,17,29,30,127,46,31,30,267,20,5*78
$GBGSV,3,3,10,35,62,201,12,39,41,359,47,5*72
$GBGSV,3,1,09,11,10,118,20,12,19,089,25,19,18,062,11,20,14,109,20,8*7A
$GBGSV,3,2,09,26,54,264,22,29,30,127,44,31,30,267,16,35,62,201,20,8*78
$GBGSV,3,3,09,39,41,359,46,8*44
$GBGSV,1,1,01,36,00,024,,0*45
$GNGLL,3001.74237,S,05112.74979,W,163935.00,A,D*72
$GNRMC,163936.00,A,3001.74237,S,05112.74979,W,0.006,,090926,,,F,V*12
$GNVTG,,T,,M,0.006,N,0.010,K,D*3F
$GNGGA,163936.00,3001.74237,S,05112.74979,W,5,12,0.88,50.8,M,4.8,M,2.0,0920*60
$GNGSA,M,3,18,23,25,28,29,31,05,12,13,,,,1.69,0.88,1.44,1*0A
$GNGSA,M,3,80,82,79,84,83,,,,,,,,1.69,0.88,1.44,2*0A
$GNGSA,M,3,10,11,12,16,25,36,02,,,,,,1.69,0.88,1.44,3*05
$GNGSA,M,3,26,29,31,35,39,12,,,,,,,1.69,0.88,1.44,4*05
$GPGSV,2,1,08,05,42,110,46,12,31,041,44,13,25,035,43,23,14,354,38,1*63
$GPGSV,2,2,08,25,66,027,53,26,17,223,23,29,58,170,29,31,21,248,20,1*6E
$GPGSV,3,1,09,05,42,110,43,12,31,041,35,13,25,035,35,18,61,286,16,6*6E
$GPGSV,3,2,09,23,14,354,38,25,66,027,47,28,28,281,23,29,58,170,21,6*6E
$GPGSV,3,3,09,31,21,248,20,6*57
$GPGSV,2,1,07,13,25,035,34,18,61,286,13,21,15,136,17,23,14,354,43,8*69
$GPGSV,2,2,07,25,66,027,54,26,17,223,18,28,28,281,30,8*59
$GPGSV,1,1,01,15,03,049,,0*5E
$GLGSV,2,1,07,66,03,144,12,74,04,207,18,79,11,018,22,80,64,354,44,1*79
$GLGSV,2,2,07,82,34,155,20,83,55,235,22,84,17,289,20,1*45
$GLGSV,2,1,05,73,49,225,20,79,11,018,16,80,64,354,42,82,34,155,20,3*72
$GLGSV,2,2,05,84,17,289,15,3*42
$GLGSV,1,1,02,67,11,093,,68,01,047,,0*7C
$GAGSV,2,1,08,02,24,222,21,10,45,143,38,11,75,156,25,12,21,141,22,1*75
$GAGSV,2,2,08,14,24,097,33,16,47,053,46,25,79,190,23,36,50,312,16,1*77
$GAGSV,1,1,01,16,47,053,50,5*47
$GAGSV,2,1,07,10,45,143,32,11,75,156,25,12,21,141,20,14,24,097,27,7*79
$GAGSV,2,2,07,16,47,053,47,25,79,190,28,36,50,312,22,7*4E
$GAGSV,1,1,01,34,01,317,,0*46
$GBGSV,2,1,07,12,19,089,21,24,18,224,20,26,54,264,15,29,30,127,42,3*7B
$GBGSV,2,2,07,31,30,267,19,35,62,201,25,39,41,359,47,3*4C
$GBGSV,3,1,10,11,10,118,11,12,19,089,24,19,18,062,14,20,14,109,20,5*79
$GBGSV,3,2,10,22,04,014,17,26,54,264,17,29,30,127,46,31,30,267,20,5*78
$GBGSV,3,3,10,35,62,201,13,39,41,359,47,5*73
$GBGSV,3,1,09,11,10,118,21,12,19,089,25,19,18,062,09,20,14,109,19,8*78
$GBGSV,3,2,09,26,54,264,22,29,30,127,44,31,30,267,16,35,62,201,20,8*78
$GBGSV,3,3,09,39,41,359,46,8*44
$GBGSV,1,1,01,36,00,024,,0*45
$GNGLL,3001.74237,S,05112.74979,W,163936.00,A,D*71
$GNRMC,163937.00,A,3001.74238,S,05112.74979,W,0.018,,090926,,,F,V*13
$GNVTG,,T,,M,0.018,N,0.033,K,D*31
$GNGGA,163937.00,3001.74238,S,05112.74979,W,5,12,0.88,50.8,M,4.8,M,2.0,0920*6E
$GNGSA,M,3,18,23,25,28,29,31,05,12,13,,,,1.69,0.88,1.44,1*0A
$GNGSA,M,3,80,82,79,84,83,,,,,,,,1.69,0.88,1.44,2*0A
$GNGSA,M,3,10,11,12,16,25,36,02,,,,,,1.69,0.88,1.44,3*05
$GNGSA,M,3,19,26,29,31,35,39,12,,,,,,1.69,0.88,1.44,4*0D
$GPGSV,2,1,08,05,42,110,46,12,31,041,44,13,25,035,43,23,14,354,38,1*63
$GPGSV,2,2,08,25,66,027,53,26,17,223,23,29,58,170,29,31,21,248,21,1*6F
$GPGSV,3,1,09,05,42,110,43,12,31,041,35,13,25,035,35,18,61,286,16,6*6E
$GPGSV,3,2,09,23,14,354,38,25,66,027,47,28,28,281,23,29,58,170,21,6*6E
$GPGSV,3,3,09,31,21,248,19,6*5D
$GPGSV,2,1,07,13,25,035,34,18,61,286,13,21,15,136,16,23,14,354,43,8*68
$GPGSV,2,2,07,25,66,027,54,26,17,223,17,28,28,281,30,8*56
$GPGSV,1,1,01,15,03,049,,0*5E
$GLGSV,2,1,07,66,03,144,09,74,04,207,19,79,11,018,22,80,63,354,44,1*75
$GLGSV,2,2,07,82,34,155,20,83,55,235,23,84,17,289,20,1*44
$GLGSV,2,1,05,73,49,225,19,79,11,018,16,80,63,354,42,82,34,155,20,3*7F
$GLGSV,2,2,05,84,17,289,16,3*41
$GLGSV,1,1,02,67,11,093,,68,01,047,,0*7C
$GAGSV,2,1,08,02,24,222,20,10,45,143,38,11,75,156,25,12,21,141,21,1*77
$GAGSV,2,2,08,14,24,097,34,16,47,053,46,25,79,190,23,36,50,312,16,1*70
$GAGSV,1,1,01,16,47,053,50,5*47
$GAGSV,2,1,07,10,45,143,33,11,75,156,25,12,21,141,20,14,24,097,27,7*78
$GAGSV,2,2,07,16,47,053,47,25,79,190,28,36,50,312,22,7*4E
$GAGSV,1,1,01,34,01,317,,0*46
$GBGSV,2,1,07,12,19,089,21,24,18,224,20,26,54,264,16,29,30,127,42,3*78
$GBGSV,2,2,07,31,30,267,19,35,62,201,25,39,41,359,47,3*4C
$GBGSV,3,1,09,11,10,118,10,12,19,089,25,19,18,062,15,20,14,109,20,5*70
$GBGSV,3,2,09,22,04,014,17,26,54,264,17,29,30,127,46,31,30,267,20,5*70
$GBGSV,3,3,09,39,41,359,47,5*48
$GBGSV,3,1,09,11,10,118,21,12,19,089,25,19,18,062,08,20,14,109,20,8*73
$GBGSV,3,2,09,26,54,264,22,29,30,127,44,31,30,267,16,35,62,201,19,8*72
$GBGSV,3,3,09,39,41,359,45,8*47
$GBGSV,1,1,01,36,00,024,,0*45
$GNGLL,3001.74238,S,05112.74979,W,163937.00,A,D*7F
$GNRMC,163938.00,A,3001.74237,S,05112.74979,W,0.022,,090926,,,F,V*1A
$GNVTG,,T,,M,0.022,N,0.042,K,D*3E
$GNGGA,163938.00,3001.74237,S,05112.74979,W,5,12,0.88,50.8,M,4.8,M,2.0,0920*6E
$GNGSA,M,3,18,23,25,28,29,31,05,12,13,,,,1.69,0.88,1.44,1*0A
$GNGSA,M,3,80,82,79,84,83,,,,,,,,1.69,0.88,1.44,2*0A
$GNGSA,M,3,10,11,12,16,25,36,02,,,,,,1.69,0.88,1.44,3*05
$GNGSA,M,3,26,29,35,39,12,,,,,,,,1.69,0.88,1.44,4*07
$GPGSV,2,1,08,05,42,110,47,12,31,041,43,13,25,035,43,23,14,354,38,1*65
$GPGSV,2,2,08,25,66,027,53,26,17,223,23,29,58,170,28,31,21,248,20,1*6F
$GPGSV,3,1,09,05,42,110,43,12,31,041,35,13,25,035,35,18,61,286,16,6*6E
$GPGSV,3,2,09,23,14,354,38,25,66,027,47,28,28,281,23,29,58,170,21,6*6E
$GPGSV,3,3,09,31,21,248,19,6*5D
$GPGSV,2,1,07,13,25,035,34,18,61,286,12,21,15,136,16,23,14,354,43,8*69
$GPGSV,2,2,07,25,66,027,54,26,17,223,16,28,28,281,30,8*57
$GPGSV,1,1,01,15,03,049,,0*5E
$GLGSV,2,1,07,66,03,144,09,74,04,207,19,79,11,018,22,80,63,354,44,1*75
$GLGSV,2,2,07,82,34,155,21,83,55,235,22,84,17,289,19,1*4E
$GLGSV,2,1,05,73,49,225,18,79,11,018,16,80,63,354,42,82,34,155,20,3*7E
$GLGSV,2,2,05,84,17,289,17,3*40
$GLGSV,1,1,02,67,11,093,,68,01,047,,0*7C
$GAGSV,2,1,08,02,24,222,20,10,45,143,38,11,75,156,25,12,21,141,22,1*74
$GAGSV,2,2,08,14,24,097,33,16,47,053,46,25,79,190,23,36,50,312,16,1*77
$GAGSV,1,1,01,16,47,053,50,5*47
$GAGSV,2,1,07,10,45,143,32,11,75,156,25,12,21,141,21,14,24,097,27,7*78
$GAGSV,2,2,07,16,47,053,47,25,79,190,28,36,50,312,22,7*4E
$GAGSV,1,1,01,34,01,317,,0*46
$GBGSV,2,1,07,12,19,089,21,24,18,224,19,26,54,264,16,29,30,127,42,3*72
$GBGSV,2,2,07,31,30,267,19,35,62,201,25,39,41,359,47,3*4C
$GBGSV,3,1,09,11,10,118,10,12,19,089,24,19,18,062,14,20,14,109,19,5*7A
$GBGSV,3,2,09,22,04,014,16,26,54,264,17,29,30,127,46,31,30,267,20,5*71
$GBGSV,3,3,09,39,41,359,47,5*48
$GBGSV,3,1,09,11,10,118,21,12,19,089,25,19,18,062,08,20,14,109,20,8*73
$GBGSV,3,2,09,26,54,264,22,29,30,127,44,31,30,267,16,35,62,201,20,8*78
$GBGSV,3,3,09,39,41,359,45,8*47
$GBGSV,1,1,01,36,00,024,,0*45
$GNGLL,3001.74237,S,05112.74979,W,163938.00,A,D*7F
$GNRMC,163939.00,A,3001.74237,S,05112.74979,W,0.005,,090926,,,F,V*1E
$GNVTG,,T,,M,0.005,N,0.009,K,D*34
$GNGGA,163939.00,3001.74237,S,05112.74979,W,5,12,0.88,50.8,M,4.8,M,2.0,0920*6F
$GNGSA,M,3,18,23,25,28,29,31,05,12,13,,,,1.69,0.88,1.44,1*0A
$GNGSA,M,3,80,82,79,84,83,,,,,,,,1.69,0.88,1.44,2*0A
$GNGSA,M,3,10,11,12,16,25,36,02,,,,,,1.69,0.88,1.44,3*05
$GNGSA,M,3,26,29,31,35,39,12,,,,,,,1.69,0.88,1.44,4*05
$GPGSV,2,1,08,05,42,110,47,12,31,041,43,13,25,035,43,23,14,354,37,1*6A
$GPGSV,2,2,08,25,66,027,53,26,17,223,23,29,58,170,29,31,21,248,20,1*6E
$GPGSV,3,1,09,05,42,110,43,12,31,041,35,13,25,035,35,18,61,286,16,6*6E
$GPGSV,3,2,09,23,14,354,38,25,66,027,47,28,28,281,22,29,58,170,22,6*6C
$GPGSV,3,3,09,31,21,248,19,6*5D
$GPGSV,2,1,07,13,25,035,34,18,61,286,12,21,15,136,16,23,14,354,43,8*69
$GPGSV,2,2,07,25,66,027,54,26,17,223,17,28,28,281,30,8*56
$GPGSV,1,1,01,15,03,049,,0*5E
$GLGSV,2,1,07,66,03,144,08,74,04,207,19,79,11,018,22,80,63,354,44,1*74
$GLGSV,2,2,07,82,33,154,21,83,55,235,22,84,17,289,19,1*48
$GLGSV,2,1,05,73,49,225,18,79,11,018,17,80,63,354,42,82,33,154,21,3*78
$GLGSV,2,2,05,84,17,289,17,3*40
$GLGSV,1,1,02,67,11,093,,68,01,047,,0*7C
$GAGSV,2,1,08,02,24,222,20,10,45,143,38,11,75,156,25,12,21,141,22,1*74
$GAGSV,2,2,08,14,24,097,33,16,47,053,46,25,79,190,23,36,50,312,17,1*76
$GAGSV,1,1,01,16,47,053,50,5*47
$GAGSV,2,1,07,10,45,143,32,11,75,156,25,12,21,141,20,14,24,097,27,7*79
$GAGSV,2,2,07,16,47,053,47,25,79,190,28,36,50,312,22,7*4E
$GAGSV,1,1,01,34,01,317,,0*46
$GBGSV,2,1,07,12,19,089,21,24,18,224,20,26,54,264,18,29,30,127,42,3*76
$GBGSV,2,2,07,31,30,267,18,35,62,201,25,39,41,359,47,3*4D
$GBGSV,3,1,09,11,10,118,12,12,19,089,24,19,18,062,12,20,14,109,20,5*74
$GBGSV,3,2,09,22,04,014,16,26,54,264,17,29,30,127,46,31,30,267,19,5*7B
$GBGSV,3,3,09,39,41,359,47,5*48
$GBGSV,3,1,09,11,10,118,21,12,19,089,25,19,18,062,24,20,14,109,21,8*7C
$GBGSV,3,2,09,26,54,264,21,29,30,127,44,31,30,267,16,35,62,201,20,8*7B
$GBGSV,3,3,09,39,41,359,45,8*47
$GBGSV,1,1,01,36,00,024,,0*45
$GNGLL,3001.74237,S,05112.74979,W,163939.00,A,D*7E
$GNRMC,163940.00,A,3001.74237,S,05112.74978,W,0.054,,090926,,,F,V*15
$GNVTG,,T,,M,0.054,N,0.099,K,D*39
$GNGGA,163940.00,3001.74237,S,05112.74978,W,5,12,0.91,50.8,M,4.8,M,2.0,0920*68
$GNGSA,M,3,23,25,28,29,31,05,12,13,,,,,1.66,0.91,1.38,1*0F
$GNGSA,M,3,80,82,79,84,83,,,,,,,,1.66,0.91,1.38,2*06
$GNGSA,M,3,10,11,12,16,25,36,02,,,,,,1.66,0.91,1.38,3*09
$GNGSA,M,3,26,29,31,35,39,12,,,,,,,1.66,0.91,1.38,4*09
$GPGSV,2,1,08,05,42,110,47,12,31,041,43,13,25,035,43,23,14,354,38,1*65
$GPGSV,2,2,08,25,66,027,53,26,17,223,23,29,58,170,28,31,21,248,20,1*6F
$GPGSV,3,1,09,05,42,110,43,12,31,041,34,13,25,035,35,18,61,286,14,6*6D
$GPGSV,3,2,09,23,14,354,38,25,66,027,47,28,28,281,22,29,58,170,22,6*6C
$GPGSV,3,3,09,31,21,248,18,6*5C
$GPGSV,2,1,07,13,25,035,34,18,61,286,13,21,15,136,16,23,14,354,43,8*68
$GPGSV,2,2,07,25,66,027,54,26,17,223,16,28,28,281,30,8*57
$GPGSV,1,1,01,15,03,049,,0*5E
$GLGSV,2,1,07,66,03,144,09,74,04,207,19,79,11,018,23,80,63,354,44,1*74
$GLGSV,2,2,07,82,33,154,21,83,55,233,21,84,17,289,18,1*4C
$GLGSV,2,1,05,73,49,225,17,79,11,018,17,80,63,354,42,82,33,154,21,3*77
$GLGSV,2,2,05,84,17,289,18,3*4F
$GLGSV,1,1,02,67,11,093,,68,01,047,,0*7C
$GAGSV,2,1,08,02,24,222,20,10,45,143,38,11,75,156,25,12,21,141,22,1*74
$GAGSV,2,2,08,14,24,097,33,16,47,053,46,25,79,190,23,36,50,312,16,1*77
$GAGSV,1,1,01,16,47,053,50,5*47
$GAGSV,2,1,07,10,45,143,32,11,75,156,25,12,21,141,21,14,24,097,26,7*79
$GAGSV,2,2,07,16,47,053,47,25,79,190,28,36,50,312,22,7*4E
$GAGSV,1,1,01,34,01,317,,0*46
$GBGSV,2,1,07,12,19,089,20,24,18,224,20,26,54,264,18,29,30,127,42,3*77
$GBGSV,2,2,07,31,30,267,19,35,62,201,25,39,41,359,47,3*4C
$GBGSV,3,1,09,11,10,118,12,12,19,089,24,19,18,062,13,20,14,109,19,5*7F
$GBGSV,3,2,09,22,04,014,16,26,54,264,18,29,30,127,46,31,30,267,19,5*74
$GBGSV,3,3,09,39,41,359,47,5*48
$GBGSV,3,1,09,11,10,118,21,12,19,089,25,19,18,062,22,20,14,109,21,8*7A
$GBGSV,3,2,09,26,54,264,21,29,30,127,44,31,30,267,17,35,62,201,20,8*7A
$GBGSV,3,3,09,39,41,359,45,8*47
$GBGSV,1,1,01,36,00,024,,0*45
$GNGLL,3001.74237,S,05112.74978,W,163940.00,A,D*71
$GNRMC,163941.00,A,3001.74237,S,05112.74978,W,0.014,,090926,,,F,V*10
$GNVTG,,T,,M,0.014,N,0.026,K,D*39
$GNGGA,163941.00,3001.74237,S,05112.74978,W,5,12,0.67,50.8,M,4.8,M,2.0,0920*60
$GNGSA,M,3,18,23,25,28,29,31,05,12,13,,,,1.28,0.67,1.09,1*07
$GNGSA,M,3,80,82,79,84,83,,,,,,,,1.28,0.67,1.09,2*07
$GNGSA,M,3,10,11,12,16,25,36,02,,,,,,1.28,0.67,1.09,3*08
$GNGSA,M,3,26,29,31,35,39,12,,,,,,,1.28,0.67,1.09,4*08
$GPGSV,2,1,08,05,42,110,47,12,31,041,43,13,25,035,43,23,14,354,37,1*6A
$GPGSV,2,2,08,25,66,027,53,26,17,223,23,29,58,170,28,31,21,248,19,1*65
$GPGSV,3,1,09,05,42,110,43,12,31,041,34,13,25,035,35,18,61,286,15,6*6C
$GPGSV,3,2,09,23,14,354,38,25,66,027,47,28,28,281,22,29,58,170,22,6*6C
$GPGSV,3,3,09,31,21,248,19,6*5D
$GPGSV,2,1,07,13,25,035,34,18,61,286,15,21,15,136,17,23,14,354,43,8*6F
$GPGSV,2,2,07,25,66,027,54,26,17,223,16,28,28,281,30,8*57
$GPGSV,1,1,01,15,03,049,,0*5E
$GLGSV,2,1,07,66,03,144,08,74,04,207,19,79,11,018,22,80,63,354,44,1*74
$GLGSV,2,2,07,82,33,154,21,83,55,233,21,84,18,288,18,1*42
$GLGSV,2,1,05,73,49,225,18,79,11,018,18,80,63,354,42,82,33,154,21,3*77
$GLGSV,2,2,05,84,18,288,18,3*41
$GLGSV,1,1,02,67,11,093,,68,01,047,,0*7C
$GAGSV,2,1,08,02,24,222,20,10,45,143,38,11,75,156,25,12,21,141,22,1*74
$GAGSV,2,2,08,14,24,097,33,16,47,053,46,25,79,190,23,36,50,312,16,1*77
$GAGSV,1,1,01,16,47,053,50,5*47
$GAGSV,2,1,07,10,45,143,32,11,75,156,25,12,21,141,21,14,24,097,26,7*79
$GAGSV,2,2,07,16,47,053,47,25,79,190,28,36,50,312,21,7*4D
$GAGSV,1,1,01,34,01,317,,0*46
$GBGSV,2,1,07,12,19,089,20,24,18,224,20,26,54,264,18,29,30,127,42,3*77
$GBGSV,2,2,07,31,30,267,19,35,62,201,24,39,41,359,47,3*4D
$GBGSV,3,1,09,11,10,118,10,12,19,089,24,19,18,062,14,20,14,109,19,5*7A
$GBGSV,3,2,09,22,04,014,15,26,54,264,17,29,30,127,46,31,30,267,19,5*78
$GBGSV,3,3,09,39,41,359,47,5*48
$GBGSV,3,1,09,11,10,118,21,12,19,089,25,19,18,062,21,20,14,109,21,8*79
$GBGSV,3,2,09,26,54,264,21,29,30,127,44,31,30,267,16,35,62,201,20,8*7B
$GBGSV,3,3,09,39,41,359,45,8*47
$GBGSV,1,1,01,36,00,024,,0*45
$GNGLL,3001.74237,S,05112.74978,W,163941.00,A,D*70
$GNRMC,163942.00,A,3001.74237,S,05112.74978,W,0.015,,090926,,,F,V*12
$GNVTG,,T,,M,0.015,N,0.029,K,D*37
$GNGGA,163942.00,3001.74237,S,05112.74978,W,5,12,0.67,50.8,M,4.8,M,2.0,0920*63
$GNGSA,M,3,18,23,25,28,29,31,05,12,13,,,,1.28,0.67,1.09,1*07
$GNGSA,M,3,80,82,79,84,83,,,,,,,,1.28,0.67,1.09,2*07
$GNGSA,M,3,10,11,12,16,25,36,02,,,,,,1.28,0.67,1.09,3*08
$GNGSA,M,3,26,29,31,35,39,12,,,,,,,1.28,0.67,1.09,4*08
$GPGSV,2,1,08,05,42,110,47,12,31,041,43,13,25,035,43,23,14,354,38,1*65
$GPGSV,2,2,08,25,66,027,53,26,17,223,23,29,58,170,28,31,21,248,19,1*65
$GPGSV,3,1,09,05,42,110,43,12,31,041,34,13,25,035,35,18,61,286,15,6*6C
$GPGSV,3,2,09,23,14,354,38,25,66,027,47,28,28,281,22,29,58,170,22,6*6C
$GPGSV,3,3,09,31,21,248,19,6*5D
$GPGSV,2,1,07,13,25,035,34,18,61,286,15,21,15,136,17,23,14,354,43,8*6F
$GPGSV,2,2,07,25,66,027,54,26,17,223,16,28,28,281,30,8*57
$GPGSV,1,1,01,15,03,049,,0*5E
$GLGSV,2,1,07,66,03,144,07,74,04,207,17,79,11,018,22,80,63,354,44,1*75
$GLGSV,2,2,07,82,33,154,21,83,55,233,21,84,18,288,18,1*42
$GLGSV,2,1,05,73,49,225,18,79,11,018,19,80,63,354,42,82,33,154,21,3*76
$GLGSV,2,2,05,84,18,288,19,3*40
$GLGSV,1,1,02,67,11,093,,68,01,047,,0*7C
$GAGSV,2,1,08,02,24,222,20,10,45,143,38,11,75,156,25,12,21,141,21,1*77
$GAGSV,2,2,08,14,24,097,33,16,47,053,46,25,79,190,23,36,50,312,15,1*74
$GAGSV,1,1,01,16,47,053,50,5*47
$GAGSV,2,1,07,10,45,143,33,11,75,156,25,12,21,141,21,14,24,097,26,7*78
$GAGSV,2,2,07,16,47,053,47,25,79,190,28,36,50,312,22,7*4E
$GAGSV,1,1,01,34,01,317,,0*46
$GBGSV,2,1,07,12,19,089,19,24,18,224,20,26,54,264,19,29,30,127,42,3*7C
$GBGSV,2,2,07,31,30,267,19,35,62,201,24,39,41,359,47,3*4D
$GBGSV,3,1,09,11,10,118,12,12,19,089,24,19,18,062,14,20,14,109,19,5*78
$GBGSV,3,2,09,22,04,014,15,26,54,264,16,29,30,127,46,31,30,267,19,5*79
$GBGSV,3,3,09,39,41,359,47,5*48
$GBGSV,3,1,09,11,10,118,21,12,19,089,26,19,18,062,20,20,14,109,21,8*7B
$GBGSV,3,2,09,26,54,264,21,29,30,127,44,31,30,267,18,35,62,201,21,8*74
$GBGSV,3,3,09,39,41,359,45,8*47
$GBGSV,1,1,01,36,00,024,,0*45
$GNGLL,3001.74237,S,05112.74978,W,163942.00,A,D*73
$GNRMC,163943.00,A,3001.74237,S,05112.74978,W,0.007,,090926,,,F,V*10
$GNVTG,,T,,M,0.007,N,0.013,K,D*3D
$GNGGA,163943.00,3001.74237,S,05112.74978,W,5,12,0.68,50.8,M,4.8,M,2.0,0920*6D
$GNGSA,M,3,23,25,28,29,31,05,12,13,,,,,1.29,0.68,1.10,1*08
$GNGSA,M,3,80,82,79,84,83,,,,,,,,1.29,0.68,1.10,2*01
$GNGSA,M,3,10,11,12,16,25,36,02,,,,,,1.29,0.68,1.10,3*0E
$GNGSA,M,3,19,26,29,35,39,12,,,,,,,1.29,0.68,1.10,4*04
$GPGSV,2,1,08,05,42,110,47,12,31,041,43,13,25,035,43,23,14,354,38,1*65
$GPGSV,2,2,08,25,66,027,53,26,17,223,24,29,58,170,28,31,21,248,19,1*62
$GPGSV,3,1,09,05,42,110,43,12,31,041,34,13,25,035,35,18,61,286,14,6*6D
$GPGSV,3,2,09,23,14,354,38,25,66,027,47,28,28,281,23,29,58,170,22,6*6D
$GPGSV,3,3,09,31,21,248,20,6*57
$GPGSV,2,1,07,13,25,035,34,18,61,286,14,21,15,136,17,23,14,354,43,8*6E
$GPGSV,2,2,07,25,66,027,54,26,17,223,16,28,28,281,30,8*57
$GPGSV,1,1,01,15,03,049,,0*5E
$GLGSV,2,1,07,66,03,144,07,74,04,207,15,79,11,018,22,80,63,354,44,1*77
$GLGSV,2,2,07,82,33,154,22,83,55,233,21,84,18,288,19,1*40
$GLGSV,2,1,05,73,49,225,18,79,11,018,20,80,63,354,42,82,33,154,22,3*7F
$GLGSV,2,2,05,84,18,288,19,3*40
$GLGSV,1,1,02,67,11,093,,68,01,047,,0*7C
$GAGSV,2,1,08,02,24,222,20,10,45,143,38,11,75,156,25,12,21,141,22,1*74
$GAGSV,2,2,08,14,24,097,33,16,47,053,46,25,79,190,23,36,50,312,15,1*74
$GAGSV,1,1,01,16,47,053,50,5*47
$GAGSV,2,1,07,10,45,143,33,11,75,156,25,12,21,141,21,14,24,097,26,7*78
$GAGSV,2,2,07,16,47,053,47,25,79,190,28,36,50,312,22,7*4E
$GAGSV,1,1,01,34,01,317,,0*46
$GBGSV,2,1,07,12,19,089,20,24,18,224,19,26,54,264,19,29,30,127,42,3*7C
$GBGSV,2,2,07,31,30,267,20,35,62,201,23,39,41,359,47,3*40
$GBGSV,3,1,09,11,10,118,13,12,19,089,24,19,18,062,15,20,14,109,19,5*78
$GBGSV,3,2,09,22,04,014,16,26,54,264,16,29,30,127,46,31,30,267,19,5*7A
$GBGSV,3,3,09,39,41,359,47,5*48
$GBGSV,3,1,09,11,10,118,21,12,19,089,25,19,18,062,20,20,14,109,22,8*7B
$GBGSV,3,2,09,26,54,264,21,29,30,127,44,31,30,267,18,35,62,201,20,8*75
$GBGSV,3,3,09,39,41,359,45,8*47
$GBGSV,1,1,01,36,00,024,,0*45
$GNGLL,3001.74237,S,05112.74978,W,163943.00,A,D*72
$GNRMC,163944.00,A,3001.74237,S,05112.74978,W,0.010,,090926,,,F,V*11
$GNVTG,,T,,M,0.010,N,0.019,K,D*31
$GNGGA,163944.00,3001.74237,S,05112.74978,W,5,12,0.68,50.8,M,4.8,M,2.0,0920*6A
$GNGSA,M,3,23,25,28,29,31,05,12,13,,,,,1.29,0.68,1.10,1*08
$GNGSA,M,3,80,82,79,84,83,,,,,,,,1.29,0.68,1.10,2*01
$GNGSA,M,3,10,11,12,16,25,36,02,,,,,,1.29,0.68,1.10,3*0E
$GNGSA,M,3,26,29,31,35,39,12,,,,,,,1.29,0.68,1.10,4*0E
$GPGSV,2,1,08,05,42,110,47,12,31,041,43,13,25,035,43,23,14,354,38,1*65
$GPGSV,2,2,08,25,66,027,53,26,17,223,24,29,58,170,28,31,21,248,18,1*63
$GPGSV,3,1,09,05,42,110,43,12,31,041,35,13,25,035,35,18,61,286,14,6*6C
$GPGSV,3,2,09,23,14,354,38,25,66,027,47,28,28,281,23,29,58,170,23,6*6C
$GPGSV,3,3,09,31,21,248,20,6*57
$GPGSV,2,1,07,13,25,035,34,18,61,286,15,21,15,136,17,23,14,354,43,8*6F
$GPGSV,2,2,07,25,66,027,54,26,17,223,15,28,28,281,30,8*54
$GPGSV,1,1,01,15,03,049,,0*5E
$GLGSV,2,1,07,66,03,144,08,74,04,207,14,79,11,018,22,80,63,354,44,1*79
$GLGSV,2,2,07,82,33,154,23,83,55,233,20,84,18,288,18,1*41
$GLGSV,2,1,06,73,49,225,17,79,11,018,20,80,63,354,42,82,33,154,22,3*73
$GLGSV,2,2,06,83,55,233,15,84,18,288,19,3*7E
$GLGSV,1,1,02,67,11,093,,68,01,047,,0*7C
$GAGSV,2,1,08,02,24,222,20,10,45,143,38,11,75,156,26,12,21,141,22,1*77
$GAGSV,2,2,08,14,24,097,33,16,47,053,46,25,79,190,23,36,50,312,15,1*74
$GAGSV,1,1,01,16,47,053,50,5*47
$GAGSV,2,1,07,10,45,143,33,11,75,156,25,12,21,141,20,14,24,097,26,7*79
$GAGSV,2,2,07,16,47,053,47,25,79,190,28,36,50,312,22,7*4E
$GAGSV,1,1,01,34,01,317,,0*46
$GBGSV,2,1,07,12,19,089,20,24,18,224,19,26,54,264,19,29,30,127,42,3*7C
$GBGSV,2,2,07,31,30,267,20,35,62,201,23,39,41,359,47,3*40
$GBGSV,3,1,09,11,10,118,14,12,19,089,24,19,18,062,14,20,14,109,19,5*7E
$GBGSV,3,2,09,22,04,014,17,26,54,264,17,29,30,127,46,31,30,267,19,5*7A
$GBGSV,3,3,09,39,41,359,47,5*48
$GBGSV,3,1,09,11,10,118,21,12,19,089,26,19,18,062,20,20,14,109,22,8*78
$GBGSV,3,2,09,26,54,264,20,29,30,127,44,31,30,267,19,35,62,201,20,8*75
$GBGSV,3,3,09,39,41,359,45,8*47
$GBGSV,1,1,01,36,00,024,,0*45
$GNGLL,3001.74237,S,05112.74978,W,163944.00,A,D*75
$GNRMC,163945.00,A,3001.74237,S,05112.74978,W,0.014,,090926,,,F,V*14
$GNVTG,,T,,M,0.014,N,0.025,K,D*3A
$GNGGA,163945.00,3001.74237,S,05112.74978,W,5,12,0.68,50.8,M,4.8,M,2.0,0920*6B
$GNGSA,M,3,23,25,28,29,31,05,12,13,,,,,1.29,0.68,1.10,1*08
$GNGSA,M,3,80,82,79,84,83,,,,,,,,1.29,0.68,1.10,2*01
$GNGSA,M,3,10,11,12,16,25,36,02,,,,,,1.29,0.68,1.10,3*0E
$GNGSA,M,3,26,29,31,35,39,12,,,,,,,1.29,0.68,1.10,4*0E
$GPGSV,2,1,08,05,42,110,47,12,31,041,43,13,25,035,43,23,14,354,38,1*65
$GPGSV,2,2,08,25,66,027,53,26,17,223,24,29,58,170,28,31,21,248,18,1*63
$GPGSV,3,1,09,05,42,110,43,12,31,041,34,13,25,035,35,18,61,286,12,6*6B
$GPGSV,3,2,09,23,14,354,38,25,66,027,47,28,28,281,23,29,58,170,22,6*6D
$GPGSV,3,3,09,31,21,248,20,6*57
$GPGSV,2,1,07,13,25,035,34,18,61,286,13,21,15,136,17,23,14,354,43,8*69
$GPGSV,2,2,07,25,66,027,54,26,17,223,16,28,28,281,31,8*56
$GPGSV,1,1,01,15,03,049,,0*5E
$GLGSV,2,1,07,66,03,144,08,74,04,207,12,79,11,018,21,80,63,354,44,1*7C
$GLGSV,2,2,07,82,33,154,23,83,55,233,21,84,18,288,18,1*40
$GLGSV,2,1,06,73,49,225,17,79,11,018,21,80,63,354,42,82,33,154,22,3*72
$GLGSV,2,2,06,83,55,233,14,84,18,288,20,3*75
$GLGSV,1,1,02,67,11,093,,68,01,047,,0*7C
$GAGSV,2,1,08,02,24,222,20,10,45,143,38,11,75,156,26,12,21,141,22,1*77
$GAGSV,2,2,08,14,24,097,33,16,47,053,46,25,79,190,23,36,50,312,15,1*74
$GAGSV,1,1,01,16,47,053,50,5*47
$GAGSV,2,1,07,10,45,143,33,11,75,156,25,12,21,141,20,14,24,097,26,7*79
$GAGSV,2,2,07,16,47,053,47,25,79,190,28,36,50,312,22,7*4E
$GAGSV,1,1,01,34,01,317,,0*46
$GBGSV,2,1,07,12,19,089,20,24,18,224,20,26,54,264,20,29,30,127,42,3*7C
$GBGSV,2,2,07,31,30,267,20,35,62,201,23,39,41,359,47,3*40
$GBGSV,3,1,09,11,10,118,14,12,19,089,24,19,18,062,12,20,14,109,19,5*78
$GBGSV,3,2,09,22,04,014,17,26,54,264,17,29,30,127,46,31,30,267,19,5*7A
$GBGSV,3,3,09,39,41,359,47,5*48
$GBGSV,3,1,09,11,10,118,21,12,19,089,26,19,18,062,19,20,14,109,22,8*72
$GBGSV,3,2,09,26,54,264,21,29,30,127,44,31,30,267,19,35,62,201,20,8*74
$GBGSV,3,3,09,39,41,359,45,8*47
$GBGSV,1,1,01,36,00,024,,0*45
$GNGLL,3001.74237,S,05112.74978,W,163945.00,A,D*74
$GNRMC,163946.00,A,3001.74237,S,05112.74978,W,0.017,,090926,,,F,V*14
$GNVTG,,T,,M,0.017,N,0.031,K,D*3C
$GNGGA,163946.00,3001.74237,S,05112.74978,W,5,12,0.68,50.8,M,4.8,M,2.0,0920*68
$GNGSA,M,3,23,25,28,29,31,05,12,13,,,,,1.29,0.68,1.10,1*08
$GNGSA,M,3,80,82,79,84,83,,,,,,,,1.29,0.68,1.10,2*01
$GNGSA,M,3,10,11,12,16,25,36,02,,,,,,1.29,0.68,1.10,3*0E
$GNGSA,M,3,26,29,31,35,39,12,,,,,,,1.29,0.68,1.10,4*0E
$GPGSV,2,1,08,05,42,110,47,12,31,041,43,13,25,035,43,23,14,354,38,1*65
$GPGSV,2,2,08,25,66,027,53,26,17,223,23,29,58,170,28,31,21,248,18,1*64
$GPGSV,3,1,09,05,42,110,43,12,31,041,34,13,25,035,35,18,61,286,11,6*68
$GPGSV,3,2,09,23,14,354,38,25,66,027,47,28,28,281,23,29,58,170,23,6*6C
$GPGSV,3,3,09,31,21,248,20,6*57
$GPGSV,2,1,07,13,25,035,34,18,61,286,13,21,15,136,18,23,14,354,43,8*66
$GPGSV,2,2,07,25,66,027,54,26,17,223,16,28,28,281,30,8*57
$GPGSV,1,1,01,15,03,049,,0*5E
$GLGSV,2,1,07,66,03,144,08,74,04,207,10,79,11,018,21,80,63,354,44,1*7E
$GLGSV,2,2,07,82,33,154,23,83,55,233,22,84,18,288,18,1*43
$GLGSV,2,1,06,73,49,225,17,79,11,018,21,80,63,354,42,82,33,154,22,3*72
$GLGSV,2,2,06,83,55,233,15,84,18,288,19,3*7E
$GLGSV,1,1,02,67,11,093,,68,01,047,,0*7C
$GAGSV,2,1,08,02,24,222,20,10,45,143,38,11,75,156,25,12,21,141,22,1*74
$GAGSV,2,2,08,14,24,097,33,16,47,053,46,25,79,190,23,36,50,312,14,1*75
$GAGSV,1,1,01,16,47,053,50,5*47
$GAGSV,2,1,07,10,45,143,33,11,75,156,25,12,21,141,20,14,24,097,25,7*7A
$GAGSV,2,2,07,16,47,053,47,25,79,190,28,36,50,312,21,7*4D
$GAGSV,1,1,01,34,01,317,,0*46
$GBGSV,2,1,07,12,19,089,21,24,18,224,20,26,54,264,20,29,30,127,42,3*7D
$GBGSV,2,2,07,31,30,267,20,35,62,201,23,39,41,359,47,3*40
$GBGSV,3,1,09,11,10,118,13,12,19,089,24,19,18,062,11,20,14,109,19,5*7C
$GBGSV,3,2,09,22,04,014,18,26,54,264,16,29,30,127,47,31,30,267,19,5*75
$GBGSV,3,3,09,39,41,359,47,5*48
$GBGSV,3,1,09,11,10,118,20,12,19,089,26,19,18,062,19,20,14,109,22,8*73
$GBGSV,3,2,09,26,54,264,21,29,30,127,44,31,30,267,18,35,62,201,20,8*75
$GBGSV,3,3,09,39,41,359,45,8*47
$GBGSV,1,1,01,36,00,024,,0*45
$GNGLL,3001.74237,S,05112.74978,W,163946.00,A,D*77
$GNRMC,163947.00,A,3001.74237,S,05112.74978,W,0.011,,090926,,,F,V*13
$GNVTG,,T,,M,0.011,N,0.020,K,D*3A
$GNGGA,163947.00,3001.74237,S,05112.74978,W,5,12,0.68,50.8,M,4.8,M,2.0,0920*69
$GNGSA,M,3,23,25,28,29,31,05,12,13,,,,,1.29,0.68,1.10,1*08
$GNGSA,M,3,80,82,79,84,83,,,,,,,,1.29,0.68,1.10,2*01
$GNGSA,M,3,10,11,12,16,25,36,02,,,,,,1.29,0.68,1.10,3*0E
$GNGSA,M,3,26,29,31,35,39,12,,,,,,,1.29,0.68,1.10,4*0E
$GPGSV,2,1,08,05,42,110,47,12,31,041,43,13,25,035,43,23,14,354,38,1*65
$GPGSV,2,2,08,25,66,027,53,26,17,223,23,29,58,170,28,31,21,248,18,1*64
$GPGSV,2,1,08,05,42,110,43,12,31,041,34,13,25,035,35,23,14,354,38,6*67
$GPGSV,2,2,08,25,66,027,47,28,28,281,23,29,58,170,23,31,21,248,20,6*6C
$GPGSV,2,1,07,13,25,035,34,18,61,286,14,21,15,136,17,23,14,354,43,8*6E
$GPGSV,2,2,07,25,66,027,54,26,17,223,15,28,28,281,30,8*54
$GPGSV,1,1,01,15,03,049,,0*5E
$GLGSV,2,1,07,66,03,144,08,74,04,207,08,79,11,018,21,80,63,354,44,1*77
$GLGSV,2,2,07,82,33,154,23,83,55,233,22,84,18,288,18,1*43
$GLGSV,2,1,06,73,49,225,17,79,11,018,21,80,63,354,42,82,33,154,22,3*72
$GLGSV,2,2,06,83,55,233,15,84,18,288,19,3*7E
$GLGSV,1,1,02,67,11,093,,68,01,047,,0*7C
$GAGSV,2,1,08,02,24,222,20,10,45,143,38,11,75,156,25,12,21,141,22,1*74
$GAGSV,2,2,08,14,24,097,33,16,47,053,46,25,79,190,23,36,50,312,14,1*75
$GAGSV,1,1,01,16,47,053,49,5*4F
$GAGSV,2,1,07,10,45,143,33,11,75,156,25,12,21,141,21,14,24,097,25,7*7B
$GAGSV,2,2,07,16,47,053,47,25,79,190,28,36,50,312,22,7*4E
$GAGSV,1,1,01,34,01,317,,0*46
$GBGSV,2,1,07,12,19,089,21,24,18,224,20,26,54,264,19,29,30,127,42,3*77
$GBGSV,2,2,07,31,30,267,19,35,62,201,23,39,41,359,47,3*4A
$GBGSV,3,1,09,11,10,118,12,12,19,089,23,19,18,062,12,20,14,109,18,5*78
$GBGSV,3,2,09,22,04,014,19,26,54,264,15,29,30,127,47,31,30,267,19,5*77
$GBGSV,3,3,09,39,41,359,47,5*48
$GBGSV,3,1,09,11,10,118,21,12,19,089,26,19,18,062,20,20,14,109,23,8*79
$GBGSV,3,2,09,26,54,264,21,29,30,127,44,31,30,267,19,35,62,201,20,8*74
$GBGSV,3,3,09,39,41,359,45,8*47
$GBGSV,1,1,01,36,00,024,,0*45
$GNGLL,3001.74237,S,05112.74978,W,163947.00,A,D*76
$GNRMC,163948.00,A,3001.74237,S,05112.74978,W,0.024,,090926,,,F,V*1A
$GNVTG,,T,,M,0.024,N,0.045,K,D*3F
$GNGGA,163948.00,3001.74237,S,05112.74978,W,5,12,0.68,50.8,M,4.8,M,2.0,0920*66
$GNGSA,M,3,23,25,28,29,31,05,12,13,,,,,1.29,0.68,1.10,1*08
$GNGSA,M,3,80,82,79,84,83,,,,,,,,1.29,0.68,1.10,2*01
$GNGSA,M,3,10,11,12,16,25,36,02,,,,,,1.29,0.68,1.10,3*0E
$GNGSA,M,3,26,29,31,35,39,12,,,,,,,1.29,0.68,1.10,4*0E
$GPGSV,2,1,08,05,42,110,47,12,31,041,43,13,25,035,43,23,14,354,38,1*65
$GPGSV,2,2,08,25,66,027,53,26,17,223,23,29,58,170,28,31,21,248,18,1*64
$GPGSV,2,1,08,05,42,110,43,12,31,041,34,13,25,035,35,23,14,354,38,6*67
$GPGSV,2,2,08,25,66,027,47,28,28,281,23,29,58,170,23,31,21,248,20,6*6C
$GPGSV,2,1,07,13,25,035,34,18,61,286,14,21,15,136,17,23,14,354,43,8*6E
$GPGSV,2,2,07,25,66,027,54,26,17,223,15,28,28,281,30,8*54
$GPGSV,1,1,01,15,03,049,,0*5E
$GLGSV,2,1,08,66,03,144,07,73,49,225,18,74,04,207,09,79,11,018,21,1*7C
$GLGSV,2,2,08,80,63,354,44,82,33,154,24,83,55,233,22,84,18,288,18,1*74
$GLGSV,2,1,06,73,49,225,18,79,11,018,21,80,63,354,42,82,33,154,23,3*7C
$GLGSV,2,2,06,83,55,233,16,84,18,288,19,3*7D
$GLGSV,1,1,02,67,11,093,,68,01,047,,0*7C
$GAGSV,2,1,08,02,24,222,20,10,45,143,38,11,75,156,25,12,21,141,22,1*74
$GAGSV,2,2,08,14,24,097,33,16,47,053,46,25,79,190,23,36,50,312,15,1*74
$GAGSV,1,1,01,16,47,053,50,5*47
$GAGSV,2,1,07,10,45,143,33,11,75,156,25,12,21,141,20,14,24,097,25,7*7A
$GAGSV,2,2,07,16,47,053,47,25,79,190,28,36,50,312,22,7*4E
$GAGSV,1,1,01,34,01,317,,0*46
$GBGSV,2,1,07,12,19,089,22,24,18,224,19,26,54,264,19,29,30,127,42,3*7E
$GBGSV,2,2,07,31,30,267,19,35,62,201,23,39,41,359,47,3*4A
$GBGSV,3,1,09,11,10,118,12,12,19,089,23,19,18,062,12,20,14,109,18,5*78
$GBGSV,3,2,09,22,04,014,19,26,54,264,15,29,30,127,47,31,30,267,19,5*77
$GBGSV,3,3,09,39,41,359,47,5*48
$GBGSV,3,1,09,11,10,118,21,12,19,089,26,19,18,062,20,20,14,109,22,8*78
$GBGSV,3,2,09,26,54,264,20,29,30,127,44,31,30,267,18,35,62,201,21,8*75
$GBGSV,3,3,09,39,41,359,45,8*47
$GBGSV,1,1,01,36,00,024,,0*45
$GNGLL,3001.74237,S,05112.74978,W,163948.00,A,D*79
$GNRMC,163949.00,A,3001.74237,S,05112.74978,W,0.003,,090926,,,F,V*1E
$GNVTG,,T,,M,0.003,N,0.006,K,D*3D
$GNGGA,163949.00,3001.74237,S,05112.74978,W,5,12,0.91,50.8,M,4.8,M,2.0,0920*61
$GNGSA,M,3,23,25,28,29,31,05,12,13,,,,,1.70,0.91,1.44,1*03
$GNGSA,M,3,80,82,79,84,83,,,,,,,,1.70,0.91,1.44,2*0A
$GNGSA,M,3,10,11,12,16,25,36,02,,,,,,1.70,0.91,1.44,3*05
$GNGSA,M,3,26,29,31,35,39,12,,,,,,,1.70,0.91,1.44,4*05
$GPGSV,2,1,08,05,42,110,47,12,31,041,42,13,25,035,43,23,14,354,38,1*64
$GPGSV,2,2,08,25,66,027,53,26,17,223,24,29,58,170,29,31,21,248,18,1*62
$GPGSV,2,1,08,05,42,110,43,12,31,041,35,13,25,035,35,23,14,354,38,6*66
$GPGSV,2,2,08,25,66,027,47,28,28,281,22,29,58,170,23,31,21,248,21,6*6C
$GPGSV,2,1,07,13,25,035,34,18,61,286,14,21,15,136,16,23,14,354,43,8*6F
$GPGSV,2,2,07,25,66,027,54,26,17,223,15,28,28,281,30,8*54
$GPGSV,1,1,01,15,03,049,,0*5E
$GLGSV,2,1,08,66,03,144,07,73,49,225,17,74,04,207,08,79,11,018,21,1*72
$GLGSV,2,2,08,80,63,354,44,82,33,154,24,83,55,233,22,84,18,288,17,1*7B
$GLGSV,2,1,06,73,49,225,19,79,11,018,21,80,63,354,42,82,33,154,24,3*7A
$GLGSV,2,2,06,83,55,233,17,84,18,288,18,3*7D
$GLGSV,1,1,02,67,11,093,,68,01,047,,0*7C
$GAGSV,2,1,08,02,24,222,20,10,45,143,38,11,75,156,26,12,21,141,22,1*77
$GAGSV,2,2,08,14,24,097,33,16,47,053,46,25,79,190,23,36,50,312,15,1*74
$GAGSV,1,1,02,14,24,097,33,16,47,053,49,5*71
$GAGSV,2,1,07,10,45,143,33,11,75,156,25,12,21,141,20,14,24,097,25,7*7A
$GAGSV,2,2,07,16,47,053,47,25,79,190,28,36,50,312,22,7*4E
$GAGSV,1,1,01,34,01,317,,0*46
$GBGSV,2,1,07,12,19,089,23,24,18,224,18,26,54,264,19,29,30,127,42,3*7E
$GBGSV,2,2,07,31,30,267,20,35,62,201,22,39,41,359,47,3*41
$GBGSV,3,1,09,11,10,118,13,12,19,089,23,19,18,062,10,20,14,109,18,5*7B
$GBGSV,3,2,09,22,04,014,19,26,54,264,14,29,30,127,47,31,30,267,18,5*77
$GBGSV,3,3,09,39,41,359,47,5*48
$GBGSV,3,1,09,11,10,118,20,12,19,089,26,19,18,062,20,20,14,109,22,8*79
$GBGSV,3,2,09,26,54,264,20,29,30,127,44,31,30,267,19,35,62,201,21,8*74
$GBGSV,3,3,09,39,41,359,45,8*47
$GBGSV,1,1,01,36,00,024,,0*45
$GNGLL,3001.74237,S,05112.74978,W,163949.00,A,D*78
$GNRMC,163950.00,A,3001.74237,S,05112.74979,W,0.030,,090926,,,F,V*17
$GNVTG,,T,,M,0.030,N,0.056,K,D*38
$GNGGA,163950.00,3001.74237,S,05112.74979,W,5,12,0.91,50.8,M,4.8,M,2.0,0920*68
$GNGSA,M,3,23,25,28,29,31,05,12,13,,,,,1.70,0.91,1.44,1*03
$GNGSA,M,3,80,82,79,84,83,,,,,,,,1.70,0.91,1.44,2*0A
$GNGSA,M,3,10,11,12,16,25,36,02,,,,,,1.70,0.91,1.44,3*05
$GNGSA,M,3,26,29,31,35,39,12,,,,,,,1.70,0.91,1.44,4*05
$GPGSV,2,1,08,05,42,110,47,12,31,041,42,13,25,035,43,23,14,354,38,1*64
$GPGSV,2,2,08,25,66,027,53,26,17,223,24,29,58,170,29,31,21,248,16,1*6C
$GPGSV,2,1,08,05,42,110,43,12,31,041,34,13,25,035,35,23,14,354,38,6*67
$GPGSV,2,2,08,25,66,027,47,28,28,281,22,29,58,170,23,31,21,248,21,6*6C
$GPGSV,2,1,07,13,25,035,34,18,61,286,11,21,15,136,16,23,14,354,43,8*6A
$GPGSV,2,2,07,25,66,027,54,26,17,223,16,28,28,281,30,8*57
$GPGSV,1,1,01,15,03,049,,0*5E
$GLGSV,2,1,07,73,49,225,16,74,04,207,08,79,11,018,21,80,63,354,44,1*76
$GLGSV,2,2,07,82,33,154,25,83,55,233,22,84,18,288,17,1*4A
$GLGSV,2,1,06,73,49,225,19,79,11,018,21,80,63,354,42,82,33,154,24,3*7A
$GLGSV,2,2,06,83,55,233,17,84,18,288,19,3*7C
$GLGSV,1,1,03,66,03,144,,67,11,093,,68,01,047,,0*4F
$GAGSV,2,1,08,02,24,222,19,10,45,143,38,11,75,156,25,12,21,141,22,1*7E
$GAGSV,2,2,08,14,24,097,33,16,47,053,46,25,79,190,23,36,50,312,16,1*77
$GAGSV,1,1,02,14,24,097,34,16,47,053,49,5*76
$GAGSV,2,1,07,10,45,143,33,11,75,156,25,12,21,141,20,14,24,097,24,7*7B
$GAGSV,2,2,07,16,47,053,47,25,79,190,28,36,50,312,22,7*4E
$GAGSV,1,1,01,34,01,317,,0*46
$GBGSV,2,1,07,12,19,089,23,24,18,224,17,26,54,264,19,29,30,127,42,3*71
$GBGSV,2,2,07,31,30,267,19,35,62,201,22,39,41,359,47,3*4B
$GBGSV,3,1,09,11,10,118,15,12,19,089,23,19,18,062,12,20,14,109,18,5*7F
$GBGSV,3,2,09,22,04,014,19,26,54,264,15,29,30,127,47,31,30,267,17,5*79
$GBGSV,3,3,09,39,41,359,47,5*48
$GBGSV,3,1,10,11,10,118,20,12,19,089,27,19,18,062,20,20,14,109,22,8*70
$GBGSV,3,2,10,22,04,014,23,26,54,264,20,29,30,127,44,31,30,267,20,8*74
$GBGSV,3,3,10,35,62,201,21,39,41,359,45,8*7D
$GBGSV,1,1,01,36,00,024,,0*45
$GNGLL,3001.74237,S,05112.74979,W,163950.00,A,D*71
$GNRMC,163951.00,A,3001.74237,S,05112.74979,W,0.034,,090926,,,F,V*12
$GNVTG,,T,,M,0.034,N,0.064,K,D*3D
$GNGGA,163951.00,3001.74237,S,05112.74979,W,5,12,0.91,50.8,M,4.8,M,2.0,0920*69
$GNGSA,M,3,23,25,28,29,31,05,12,13,,,,,1.70,0.91,1.44,1*03
$GNGSA,M,3,80,82,79,84,83,,,,,,,,1.70,0.91,1.44,2*0A
$GNGSA,M,3,10,11,12,16,25,36,02,,,,,,1.70,0.91,1.44,3*05
$GNGSA,M,3,26,29,35,39,12,,,,,,,,1.70,0.91,1.44,4*07
$GPGSV,2,1,08,05,42,110,47,12,31,041,42,13,25,035,43,23,14,354,38,1*64
$GPGSV,2,2,08,25,66,027,53,26,17,223,24,29,58,170,29,31,21,248,15,1*6F
$GPGSV,2,1,08,05,42,110,43,12,31,041,34,13,25,035,35,23,14,354,38,6*67
$GPGSV,2,2,08,25,66,027,47,28,28,281,22,29,58,170,23,31,21,248,21,6*6C
$GPGSV,2,1,06,13,25,035,34,21,15,136,17,23,14,354,44,25,66,027,54,8*6C
$GPGSV,2,2,06,26,17,223,15,28,28,281,30,8*66
$GPGSV,1,1,02,15,03,049,,18,61,286,,0*6F
$GLGSV,2,1,07,73,49,225,16,74,04,207,08,79,11,018,21,80,63,354,44,1*76
$GLGSV,2,2,07,82,33,154,25,83,55,233,23,84,18,288,17,1*4B
$GLGSV,2,1,06,73,49,225,19,79,11,018,22,80,63,354,42,82,33,154,24,3*79
$GLGSV,2,2,06,83,55,233,18,84,18,288,20,3*79
$GLGSV,1,1,03,66,03,144,,67,11,093,,68,01,047,,0*4F
$GAGSV,2,1,08,02,24,222,19,10,45,143,38,11,75,156,25,12,21,141,23,1*7F
$GAGSV,2,2,08,14,24,097,33,16,47,053,46,25,79,190,23,36,50,312,15,1*74
$GAGSV,1,1,02,14,24,097,34,16,47,053,49,5*76
$GAGSV,2,1,07,10,45,143,33,11,75,156,25,12,21,141,20,14,24,097,24,7*7B
$GAGSV,2,2,07,16,47,053,47,25,79,190,28,36,50,312,22,7*4E
$GAGSV,1,1,01,34,01,317,,0*46
$GBGSV,2,1,08,12,19,089,23,12,19,089,24,24,18,224,16,26,54,264,20,3*73
$GBGSV,2,2,08,29,30,127,42,31,30,267,19,35,62,201,22,39,41,359,47,3*7E
$GBGSV,3,1,09,11,10,118,15,12,19,089,24,19,18,062,10,20,14,109,18,5*7A
$GBGSV,3,2,09,22,04,014,19,26,54,264,14,29,30,127,47,31,30,267,18,5*77
$GBGSV,3,3,09,39,41,359,47,5*48
$GBGSV,3,1,10,11,10,118,20,12,19,089,27,19,18,062,20,20,14,109,22,8*70
$GBGSV,3,2,10,22,04,014,22,26,54,264,20,29,30,127,44,31,30,267,20,8*75
$GBGSV,3,3,10,35,62,201,21,39,41,359,45,8*7D
$GBGSV,1,1,01,36,00,024,,0*45
$GNGLL,3001.74237,S,05112.74979,W,163951.00,A,D*70
$GNRMC,163952.00,A,3001.74237,S,05112.74978,W,0.032,,090926,,,F,V*16
$GNVTG,,T,,M,0.032,N,0.059,K,D*35
$GNGGA,163952.00,3001.74237,S,05112.74978,W,5,12,0.91,50.8,M,4.8,M,2.0,0920*6B
$GNGSA,M,3,23,25,28,29,31,05,12,13,,,,,1.70,0.91,1.44,1*03
$GNGSA,M,3,80,82,79,84,83,,,,,,,,1.70,0.91,1.44,2*0A
$GNGSA,M,3,10,11,12,16,25,36,02,,,,,,1.70,0.91,1.44,3*05
$GNGSA,M,3,26,29,31,35,39,12,,,,,,,1.70,0.91,1.44,4*05
$GPGSV,2,1,08,05,41,111,47,12,31,041,42,13,25,035,43,23,14,354,39,1*67
$GPGSV,2,2,08,25,66,027,53,26,17,223,24,29,58,170,29,31,21,248,15,1*6F
$GPGSV,2,1,08,05,41,111,43,12,31,041,34,13,25,035,35,23,14,354,38,6*65
$GPGSV,2,2,08,25,66,027,47,28,28,281,21,29,58,170,23,31,21,248,20,6*6E
$GPGSV,2,1,06,13,25,035,34,21,15,136,16,23,14,354,44,25,66,027,54,8*6D
$GPGSV,2,2,06,26,17,223,15,28,28,281,30,8*66
$GPGSV,1,1,02,15,03,049,,18,61,286,,0*6F
$GLGSV,2,1,07,73,49,225,16,74,04,207,08,79,11,018,21,80,63,354,44,1*76
$GLGSV,2,2,07,82,33,154,25,83,55,233,24,84,18,288,16,1*4D
$GLGSV,2,1,06,73,49,225,19,79,11,018,22,80,63,354,42,82,33,154,24,3*79
$GLGSV,2,2,06,83,55,233,18,84,18,288,20,3*79
$GLGSV,1,1,03,66,03,144,,67,11,093,,68,01,047,,0*4F
$GAGSV,2,1,08,02,24,222,19,10,45,143,38,11,75,156,25,12,21,141,22,1*7E
$GAGSV,2,2,08,14,24,097,33,16,47,053,46,25,79,190,23,36,50,312,15,1*74
$GAGSV,1,1,02,14,24,097,34,16,47,053,49,5*76
$GAGSV,2,1,08,10,45,143,33,11,75,156,25,12,21,141,20,14,24,097,23,7*73
$GAGSV,2,2,08,14,24,097,23,16,47,053,47,25,79,190,28,36,50,312,22,7*7D
$GAGSV,1,1,01,34,01,317,,0*46
$GBGSV,2,1,07,12,19,089,24,24,18,224,15,26,54,264,19,29,30,127,42,3*74
$GBGSV,2,2,07,31,30,267,20,35,62,201,21,39,41,359,47,3*42
$GBGSV,3,1,09,11,10,118,13,12,19,089,24,19,18,062,08,20,14,109,18,5*75
$GBGSV,3,2,09,22,04,014,18,26,54,264,15,29,30,127,47,31,30,267,16,5*79
$GBGSV,3,3,09,39,41,359,47,5*48
$GBGSV,3,1,10,11,10,118,21,12,19,089,27,19,18,062,20,20,14,109,22,8*71
$GBGSV,3,2,10,22,04,014,22,26,54,264,20,29,30,127,44,31,30,267,20,8*75
$GBGSV,3,3,10,35,62,201,22,39,41,359,45,8*7E
$GBGSV,1,1,01,36,00,024,,0*45
$GNGLL,3001.74237,S,05112.74978,W,163952.00,A,D*72
$GNRMC,163953.00,A,3001.74237,S,05112.74978,W,0.001,,090926,,,F,V*17
$GNVTG,,T,,M,0.001,N,0.002,K,D*3B
$GNGGA,163953.00,3001.74237,S,05112.74978,W,5,12,0.91,50.8,M,4.8,M,2.0,0920*6A
$GNGSA,M,3,23,25,28,29,31,05,12,13,,,,,1.70,0.91,1.44,1*03
$GNGSA,M,3,80,82,79,84,83,,,,,,,,1.70,0.91,1.44,2*0A
$GNGSA,M,3,10,11,12,16,25,36,02,,,,,,1.70,0.91,1.44,3*05
$GNGSA,M,3,26,29,31,35,39,12,,,,,,,1.70,0.91,1.44,4*05
$GPGSV,2,1,08,05,41,111,47,12,31,041,42,13,25,035,43,23,14,354,39,1*67
$GPGSV,2,2,08,25,66,027,53,26,17,223,23,29,58,170,29,31,21,248,15,1*68
$GPGSV,2,1,08,05,41,111,43,12,31,041,34,13,25,035,35,23,14,354,38,6*65
$GPGSV,2,2,08,25,66,027,47,28,28,281,22,29,58,170,23,31,21,248,21,6*6C
$GPGSV,2,1,06,13,25,035,34,21,15,136,17,23,14,354,44,25,66,027,54,8*6C
$GPGSV,2,2,06,26,17,223,14,28,28,281,30,8*67
$GPGSV,1,1,02,15,03,049,,18,61,286,,0*6F
$GLGSV,2,1,07,73,49,225,15,74,04,207,08,79,11,018,21,80,63,354,44,1*75
$GLGSV,2,2,07,82,33,154,26,83,55,233,24,84,18,288,16,1*4E
$GLGSV,2,1,06,73,49,225,19,79,11,018,22,80,63,354,42,82,33,154,24,3*79
$GLGSV,2,2,06,83,55,233,18,84,18,288,21,3*78
$GLGSV,1,1,03,66,03,144,,67,11,093,,68,01,047,,0*4F
$GAGSV,2,1,08,02,24,222,20,10,45,143,38,11,75,156,25,12,21,141,22,1*74
$GAGSV,2,2,08,14,24,097,33,16,47,053,46,25,79,190,24,36,50,312,16,1*70
$GAGSV,1,1,02,14,24,097,34,16,47,053,49,5*76
$GAGSV,2,1,07,10,45,143,33,11,75,156,26,12,21,141,21,14,24,097,23,7*7E
$GAGSV,2,2,07,16,47,053,47,25,79,190,27,36,50,312,22,7*41
$GAGSV,1,1,01,34,01,317,,0*46
$GBGSV,2,1,07,12,19,089,25,24,18,224,14,26,54,264,19,29,30,127,42,3*74
$GBGSV,2,2,07,31,30,267,20,35,62,201,20,39,41,359,47,3*43
$GBGSV,3,1,09,11,10,118,08,12,19,089,23,19,18,062,09,20,14,109,16,5*77
$GBGSV,3,2,09,22,04,014,18,26,54,264,15,29,30,127,47,31,30,267,16,5*79
$GBGSV,3,3,09,39,41,359,47,5*48
$GBGSV,3,1,10,11,10,118,21,12,19,089,27,19,18,062,20,20,14,109,22,8*71
$GBGSV,3,2,10,22,04,014,22,26,54,264,19,29,30,127,44,31,30,267,20,8*7F
$GBGSV,3,3,10,35,62,201,22,39,41,359,45,8*7E
$GBGSV,1,1,01,36,00,024,,0*45
$GNGLL,3001.74237,S,05112.74978,W,163953.00,A,D*73
$GNRMC,163954.00,A,3001.74237,S,05112.74978,W,0.015,,090926,,,F,V*15
$GNVTG,,T,,M,0.015,N,0.028,K,D*36
$GNGGA,163954.00,3001.74237,S,05112.74978,W,5,12,0.91,50.8,M,4.8,M,2.0,0920*6D
$GNGSA,M,3,23,25,28,29,31,05,12,13,,,,,1.70,0.91,1.44,1*03
$GNGSA,M,3,80,82,79,84,83,,,,,,,,1.70,0.91,1.44,2*0A
$GNGSA,M,3,10,11,12,16,25,36,02,,,,,,1.70,0.91,1.44,3*05
$GNGSA,M,3,26,29,31,35,39,12,,,,,,,1.70,0.91,1.44,4*05
$GPGSV,2,1,08,05,41,111,47,12,31,041,42,13,25,035,43,23,14,354,39,1*67
$GPGSV,2,2,08,25,66,027,53,26,17,223,23,29,58,170,29,31,21,248,15,1*68
$GPGSV,2,1,08,05,41,111,43,12,31,041,34,13,25,035,35,23,14,354,38,6*65
$GPGSV,2,2,08,25,66,027,47,28,28,281,22,29,58,170,23,31,21,248,21,6*6C
$GPGSV,2,1,07,13,25,035,34,18,61,286,15,21,15,136,17,23,14,354,43,8*6F
$GPGSV,2,2,07,25,66,027,54,26,17,223,13,28,28,281,30,8*52
$GPGSV,1,1,01,15,03,049,,0*5E
$GLGSV,2,1,07,73,49,225,16,74,04,207,08,79,11,018,21,80,63,354,44,1*76
$GLGSV,2,2,07,82,33,154,26,83,55,233,24,84,18,288,15,1*4D
$GLGSV,2,1,06,73,49,225,19,79,11,018,22,80,63,354,42,82,33,154,24,3*79
$GLGSV,2,2,06,83,55,233,19,84,18,288,21,3*79
$GLGSV,1,1,03,66,03,144,,67,11,093,,68,01,047,,0*4F
$GAGSV,2,1,08,02,24,222,20,10,45,143,38,11,75,156,25,12,21,141,22,1*74
$GAGSV,2,2,08,14,24,097,32,16,47,053,46,25,79,190,24,36,50,312,16,1*71
$GAGSV,1,1,02,14,24,097,34,16,47,053,49,5*76
$GAGSV,2,1,07,10,45,143,33,11,75,156,26,12,21,141,20,14,24,097,22,7*7E
$GAGSV,2,2,07,16,47,053,47,25,79,190,27,36,50,312,21,7*42
$GAGSV,1,1,01,34,01,317,,0*46
$GBGSV,2,1,07,12,19,089,25,24,18,224,13,26,54,264,19,29,30,127,42,3*73
$GBGSV,2,2,07,31,30,267,20,35,62,201,20,39,41,359,47,3*43
$GBGSV,2,1,08,12,19,089,24,19,18,062,08,20,14,109,15,22,04,014,18,5*7B
$GBGSV,2,2,08,26,54,264,14,29,30,127,47,31,30,267,16,39,41,359,47,5*73
$GBGSV,3,1,10,11,10,118,21,12,19,089,27,19,18,062,20,20,14,109,22,8*71
$GBGSV,3,2,10,22,04,014,22,26,54,264,19,29,30,127,44,31,30,267,20,8*7F
$GBGSV,3,3,10,35,62,201,22,39,41,359,45,8*7E
$GBGSV,1,1,01,36,00,024,,0*45
$GNGLL,3001.74237,S,05112.74978,W,163954.00,A,D*74
$GNRMC,163955.00,A,3001.74237,S,05112.74979,W,0.017,,090926,,,F,V*17
$GNVTG,,T,,M,0.017,N,0.032,K,D*3F
$GNGGA,163955.00,3001.74237,S,05112.74979,W,5,12,0.85,50.8,M,4.8,M,2.0,0920*68
$GNGSA,M,3,23,25,28,29,31,05,12,13,,,,,1.66,0.85,1.42,1*07
$GNGSA,M,3,80,82,79,84,83,,,,,,,,1.66,0.85,1.42,2*0E
$GNGSA,M,3,10,11,12,16,25,36,02,,,,,,1.66,0.85,1.42,3*01
$GNGSA,M,3,26,29,31,35,39,12,,,,,,,1.66,0.85,1.42,4*01
$GPGSV,2,1,08,05,41,111,47,12,31,041,42,13,25,035,43,23,14,354,39,1*67
$GPGSV,2,2,08,25,66,027,53,26,17,223,23,29,58,170,29,31,21,248,14,1*69
$GPGSV,2,1,08,05,41,111,43,12,31,041,34,13,25,035,35,23,14,354,38,6*65
$GPGSV,2,2,08,25,66,027,47,28,28,281,21,29,58,170,23,31,21,248,21,6*6F
$GPGSV,2,1,08,13,25,035,34,18,61,286,16,18,61,286,16,21,15,136,17,8*67
$GPGSV,2,2,08,23,14,354,43,25,66,027,54,26,17,223,13,28,28,281,30,8*6C
$GPGSV,1,1,01,15,03,049,,0*5E
$GLGSV,2,1,07,73,49,225,16,74,04,207,08,79,11,018,20,80,63,354,44,1*77
$GLGSV,2,2,07,82,33,154,26,83,55,233,24,84,18,288,13,1*4B
$GLGSV,2,1,06,73,49,225,19,79,11,018,22,80,63,354,42,82,33,154,25,3*78
$GLGSV,2,2,06,83,55,233,19,84,18,288,22,3*7A
$GLGSV,1,1,03,66,03,144,,67,11,093,,68,01,047,,0*4F
$GAGSV,2,1,08,02,24,222,20,10,45,143,38,11,75,156,25,12,21,141,22,1*74
$GAGSV,2,2,08,14,24,097,32,16,47,053,46,25,79,190,23,36,50,312,16,1*76
$GAGSV,1,1,02,14,24,097,34,16,47,053,49,5*76
$GAGSV,2,1,07,10,45,143,33,11,75,156,26,12,21,141,20,14,24,097,22,7*7E
$GAGSV,2,2,07,16,47,053,47,25,79,190,27,36,50,312,21,7*42
$GAGSV,1,1,01,34,01,317,,0*46
$GBGSV,2,1,07,12,19,089,25,24,18,224,12,26,54,264,19,29,30,127,43,3*73
$GBGSV,2,2,07,31,30,267,21,35,62,201,20,39,41,359,47,3*42
$GBGSV,2,1,07,12,19,089,24,20,14,109,14,22,04,014,17,26,54,264,11,5*72
$GBGSV,2,2,07,29,30,127,47,31,30,267,15,39,41,359,47,5*4F
$GBGSV,3,1,10,11,10,118,21,12,19,089,27,19,18,062,20,20,14,109,22,8*71
$GBGSV,3,2,10,22,04,014,22,26,54,264,20,29,30,127,44,31,30,267,21,8*74
$GBGSV,3,3,10,35,62,201,21,39,41,359,45,8*7D
$GBGSV,1,1,01,36,00,024,,0*45
$GNGLL,3001.74237,S,05112.74979,W,163955.00,A,D*74
$GNRMC,163956.00,A,3001.74237,S,05112.74979,W,0.007,,090926,,,F,V*15
$GNVTG,,T,,M,0.007,N,0.013,K,D*3D
$GNGGA,163956.00,3001.74237,S,05112.74979,W,5,12,0.85,50.8,M,4.8,M,2.0,0920*6B
$GNGSA,M,3,23,25,28,29,31,05,12,13,,,,,1.66,0.85,1.42,1*07
$GNGSA,M,3,80,82,79,84,83,,,,,,,,1.66,0.85,1.42,2*0E
$GNGSA,M,3,10,11,12,16,25,36,02,,,,,,1.66,0.85,1.42,3*01
$GNGSA,M,3,26,29,31,35,39,12,,,,,,,1.66,0.85,1.42,4*01
$GPGSV,2,1,08,05,41,111,47,12,31,041,42,13,25,035,43,23,14,354,39,1*67
$GPGSV,2,2,08,25,66,027,53,26,17,223,23,29,58,170,29,31,21,248,14,1*69
$GPGSV,2,1,08,05,41,111,43,12,31,041,34,13,25,035,35,23,14,354,38,6*65
$GPGSV,2,2,08,25,66,027,47,28,28,281,22,29,58,170,23,31,21,248,21,6*6C
$GPGSV,2,1,07,13,25,035,34,18,61,286,16,21,15,136,16,23,14,354,43,8*6D
$GPGSV,2,2,07,25,66,027,54,26,17,223,13,28,28,281,30,8*52
$GPGSV,1,1,01,15,03,049,,0*5E
$GLGSV,2,1,07,73,49,225,15,74,04,207,07,79,11,018,19,80,63,354,44,1*71
$GLGSV,2,2,07,82,33,154,26,83,55,233,24,84,18,288,10,1*48
$GLGSV,2,1,06,73,49,225,18,79,11,018,22,80,63,354,42,82,33,154,25,3*79
$GLGSV,2,2,06,83,55,233,20,84,18,288,23,3*71
$GLGSV,1,1,03,66,03,144,,67,11,093,,68,01,047,,0*4F
$GAGSV,2,1,08,02,24,222,19,10,45,143,38,11,75,156,25,12,21,141,22,1*7E
$GAGSV,2,2,08,14,24,097,32,16,47,053,46,25,79,190,23,36,50,312,16,1*76
$GAGSV,1,1,02,14,24,097,34,16,47,053,49,5*76
$GAGSV,2,1,07,10,45,143,33,11,75,156,26,12,21,141,20,14,24,097,21,7*7D
$GAGSV,2,2,07,16,47,053,47,25,79,190,27,36,50,312,21,7*42
$GAGSV,1,1,01,34,01,317,,0*46
$GBGSV,2,1,07,12,19,089,26,24,18,224,12,26,54,264,19,29,30,127,43,3*70
$GBGSV,2,2,07,31,30,267,21,35,62,201,19,39,41,359,47,3*48
$GBGSV,2,1,07,12,19,089,24,20,14,109,14,22,04,014,17,26,54,264,12,5*71
$GBGSV,2,2,07,29,30,127,47,31,30,267,15,39,41,359,47,5*4F
$GBGSV,3,1,10,11,10,118,21,12,19,089,27,19,18,062,20,20,14,109,22,8*71
$GBGSV,3,2,10,22,04,014,22,26,54,264,20,29,30,127,44,31,30,267,21,8*74
$GBGSV,3,3,10,35,62,201,21,39,41,359,45,8*7D
$GBGSV,1,1,01,36,00,024,,0*45
$GNGLL,3001.74237,S,05112.74979,W,163956.00,A,D*77
$GNRMC,163957.00,A,3001.74237,S,05112.74978,W,0.015,,090926,,,F,V*16
$GNVTG,,T,,M,0.015,N,0.028,K,D*36
$GNGGA,163957.00,3001.74237,S,05112.74978,W,5,12,0.85,50.8,M,4.8,M,2.0,0920*6B
$GNGSA,M,3,23,25,28,29,31,05,12,13,,,,,1.66,0.85,1.42,1*07
$GNGSA,M,3,80,82,79,84,83,,,,,,,,1.66,0.85,1.42,2*0E
$GNGSA,M,3,10,11,12,16,25,36,02,,,,,,1.66,0.85,1.42,3*01
$GNGSA,M,3,26,29,31,35,39,12,,,,,,,1.66,0.85,1.42,4*01
$GPGSV,2,1,08,05,41,111,47,12,31,041,42,13,25,035,43,23,14,354,39,1*67
$GPGSV,2,2,08,25,66,027,53,26,17,223,23,29,58,170,29,31,21,248,13,1*6E
$GPGSV,2,1,08,05,41,111,43,12,31,041,34,13,25,035,35,23,14,354,38,6*65
$GPGSV,2,2,08,25,66,027,47,28,28,281,22,29,58,170,23,31,21,248,20,6*6D
$GPGSV,2,1,07,13,25,035,34,18,61,286,15,21,15,136,16,23,14,354,43,8*6E
$GPGSV,2,2,07,25,66,027,54,26,17,223,13,28,28,281,30,8*52
$GPGSV,1,1,01,15,03,049,,0*5E
$GLGSV,2,1,07,73,49,225,13,74,04,207,08,79,11,018,20,80,63,354,44,1*72
$GLGSV,2,2,07,82,33,154,26,83,55,233,25,84,18,288,09,1*41
$GLGSV,2,1,07,67,11,093,21,73,49,225,17,79,11,018,21,80,63,354,42,3*71
$GLGSV,2,2,07,82,33,154,25,83,55,233,20,84,18,288,23,3*4D
$GLGSV,1,1,02,66,03,144,,68,01,047,,0*75
$GAGSV,2,1,08,02,24,222,20,10,45,143,38,11,75,156,25,12,21,141,22,1*74
$GAGSV,2,2,08,14,24,097,32,16,47,053,46,25,79,190,23,36,50,312,15,1*75
$GAGSV,1,1,02,14,24,097,34,16,47,053,49,5*76
$GAGSV,2,1,07,10,45,143,33,11,75,156,26,12,21,141,20,14,24,097,20,7*7C
$GAGSV,2,2,07,16,47,053,47,25,79,190,27,36,50,312,21,7*42
$GAGSV,1,1,01,34,01,317,,0*46
$GBGSV,2,1,07,12,19,089,26,24,18,224,12,26,54,264,19,29,30,127,43,3*70
$GBGSV,2,2,07,31,30,267,22,35,62,201,19,39,41,359,46,3*4A
$GBGSV,2,1,07,12,19,089,24,20,14,109,15,22,04,014,17,26,54,264,12,5*70
$GBGSV,2,2,07,29,30,127,47,31,30,267,15,39,41,359,47,5*4F
$GBGSV,3,1,10,11,10,118,20,12,19,089,27,19,18,062,20,20,14,109,21,8*73
$GBGSV,3,2,10,22,04,014,22,26,54,264,20,29,30,127,45,31,30,267,22,8*76
$GBGSV,3,3,10,35,62,201,21,39,41,359,45,8*7D
$GBGSV,1,1,01,36,00,024,,0*45
$GNGLL,3001.74237,S,05112.74978,W,163957.00,A,D*77
$GNRMC,163958.00,A,3001.74237,S,05112.74979,W,0.028,,090926,,,F,V*16
$GNVTG,,T,,M,0.028,N,0.052,K,D*35
$GNGGA,163958.00,3001.74237,S,05112.74979,W,5,12,0.85,50.8,M,4.8,M,2.0,0920*65
$GNGSA,M,3,23,25,28,29,31,05,12,13,,,,,1.66,0.85,1.42,1*07
$GNGSA,M,3,80,82,79,84,83,,,,,,,,1.66,0.85,1.42,2*0E
$GNGSA,M,3,10,11,12,16,25,36,02,,,,,,1.66,0.85,1.42,3*01
$GNGSA,M,3,26,29,31,35,39,12,,,,,,,1.66,0.85,1.42,4*01
$GPGSV,2,1,08,05,41,111,47,12,31,041,42,13,25,035,43,23,14,354,39,1*67
$GPGSV,2,2,08,25,66,027,53,26,17,223,23,29,58,170,29,31,21,248,15,1*68
$GPGSV,2,1,08,05,41,111,43,12,31,041,34,13,25,035,35,23,14,354,38,6*65
$GPGSV,2,2,08,25,66,027,47,28,28,281,21,29,58,170,22,31,21,248,20,6*6F
$GPGSV,2,1,07,13,25,035,34,18,61,286,15,21,15,136,16,23,14,354,43,8*6E
$GPGSV,2,2,07,25,66,027,54,26,17,223,13,28,28,281,30,8*52
$GPGSV,1,1,01,15,03,049,,0*5E
$GLGSV,2,1,07,73,49,225,13,74,04,207,08,79,11,018,19,80,63,354,44,1*78
$GLGSV,2,2,07,82,33,154,26,83,55,233,24,84,18,288,10,1*48
$GLGSV,2,1,07,67,11,093,19,73,49,225,16,79,11,018,21,80,63,354,42,3*7B
$GLGSV,2,2,07,82,33,154,25,83,55,233,19,84,18,288,24,3*40
$GLGSV,1,1,02,66,03,144,,68,01,047,,0*75
$GAGSV,2,1,08,02,24,222,20,10,45,143,37,11,75,156,25,12,21,141,21,1*78
$GAGSV,2,2,08,14,24,097,32,16,47,053,46,25,79,190,24,36,50,312,15,1*72
$GAGSV,1,1,02,14,24,097,35,16,47,053,49,5*77
$GAGSV,2,1,07,10,45,143,33,11,75,156,26,12,21,141,21,14,24,097,20,7*7D
$GAGSV,2,2,07,16,47,053,47,25,79,190,27,36,50,312,20,7*43
$GAGSV,1,1,01,34,01,317,,0*46
$GBGSV,2,1,07,12,19,089,26,24,18,224,15,26,54,264,19,29,30,127,43,3*77
$GBGSV,2,2,07,31,30,267,20,35,62,201,19,39,41,359,46,3*48
$GBGSV,2,1,07,12,19,089,23,20,14,109,15,22,04,014,17,26,54,264,14,5*71
$GBGSV,2,2,07,29,30,127,47,31,30,267,16,39,41,359,47,5*4C
$GBGSV,3,1,10,11,10,118,20,12,19,089,27,19,18,062,20,20,14,109,20,8*72
$GBGSV,3,2,10,22,04,014,21,26,54,264,21,29,30,127,45,31,30,267,21,8*77
$GBGSV,3,3,10,35,62,201,22,39,41,359,45,8*7E
$GBGSV,1,1,01,36,00,024,,0*45
$GNGLL,3001.74237,S,05112.74979,W,163958.00,A,D*79
$GNRMC,163959.00,A,3001.74237,S,05112.74979,W,0.041,,090926,,,F,V*18
$GNVTG,,T,,M,0.041,N,0.075,K,D*3F
$GNGGA,163959.00,3001.74237,S,05112.74979,W,5,12,0.85,50.8,M,4.8,M,2.0,0920*64
$GNGSA,M,3,23,25,28,29,31,05,12,13,,,,,1.66,0.85,1.42,1*07
$GNGSA,M,3,80,82,79,84,83,,,,,,,,1.66,0.85,1.42,2*0E
$GNGSA,M,3,10,11,12,16,25,36,02,,,,,,1.66,0.85,1.42,3*01
$GNGSA,M,3,26,29,31,35,39,12,,,,,,,1.66,0.85,1.42,4*01
$GPGSV,2,1,08,05,41,111,47,12,30,041,42,13,25,035,43,23,14,354,39,1*66
$GPGSV,2,2,08,25,66,027,53,26,17,223,24,29,58,170,29,31,21,248,16,1*6C
$GPGSV,2,1,08,05,41,111,43,12,30,041,35,13,25,035,36,23,14,354,38,6*66
$GPGSV,2,2,08,25,66,027,47,28,28,281,22,29,58,170,22,31,21,248,20,6*6C
$GPGSV,2,1,07,13,25,035,34,18,61,286,14,21,15,136,16,23,14,354,43,8*6F
$GPGSV,2,2,07,25,66,027,54,26,17,223,14,28,28,281,30,8*55
$GPGSV,1,1,01,15,03,049,,0*5E
$GLGSV,2,1,07,73,49,225,13,74,04,207,07,79,11,018,20,80,63,354,44,1*7D
$GLGSV,2,2,07,82,33,154,26,83,55,233,25,84,18,288,10,1*49
$GLGSV,2,1,07,67,11,093,18,73,49,225,15,79,11,018,21,80,63,354,42,3*79
$GLGSV,2,2,07,82,33,154,26,83,55,233,20,84,18,288,23,3*4E
$GLGSV,1,1,02,66,03,144,,68,01,047,,0*75
$GAGSV,2,1,08,02,24,222,19,10,45,143,37,11,75,156,25,12,21,141,22,1*71
$GAGSV,2,2,08,14,24,097,32,16,47,053,46,25,79,190,23,36,50,312,14,1*74
$GAGSV,1,1,02,14,24,097,35,16,47,053,49,5*77
$GAGSV,2,1,07,10,45,143,33,11,75,156,26,12,21,141,21,14,24,097,19,7*77
$GAGSV,2,2,07,16,47,053,47,25,79,190,27,36,50,312,20,7*43
$GAGSV,1,1,01,34,01,317,,0*46
$GBGSV,2,1,07,12,19,089,26,24,18,224,15,26,54,264,18,29,30,127,43,3*76
$GBGSV,2,2,07,31,30,267,20,35,62,201,19,39,41,359,46,3*48
$GBGSV,2,1,07,12,19,089,23,20,14,109,13,22,04,014,18,26,54,264,14,5*78
$GBGSV,2,2,07,29,30,127,47,31,30,267,17,39,41,359,47,5*4D
$GBGSV,3,1,10,11,10,118,20,12,19,089,28,19,18,062,21,20,14,109,20,8*7C
$GBGSV,3,2,10,22,04,014,21,26,54,264,20,29,30,127,45,31,30,267,22,8*75
$GBGSV,3,3,10,35,62,201,22,39,41,359,45,8*7E
$GBGSV,1,1,01,36,00,024,,0*45
$GNGLL,3001.74237,S,05112.74979,W,163959.00,A,D*78
$GNRMC,164000.00,A,3001.74237,S,05112.74979,W,0.057,,090926,,,F,V*1D
$GNVTG,,T,,M,0.057,N,0.106,K,D*3D
$GNGGA,164000.00,3001.74237,S,05112.74979,W,5,12,0.85,50.8,M,4.8,M,2.0,0920*66
$GNGSA,M,3,23,25,28,29,31,05,12,13,,,,,1.66,0.85,1.42,1*07
$GNGSA,M,3,80,82,79,84,83,,,,,,,,1.66,0.85,1.42,2*0E
$GNGSA,M,3,10,11,12,16,25,36,02,,,,,,1.66,0.85,1.42,3*01
$GNGSA,M,3,26,29,31,35,39,12,,,,,,,1.66,0.85,1.42,4*01
$GPGSV,2,1,08,05,41,111,47,12,30,041,42,13,24,035,43,23,14,354,39,1*67
$GPGSV,2,2,08,25,66,027,53,26,17,223,24,29,58,170,29,31,21,248,16,1*6C
$GPGSV,2,1,08,05,41,111,43,12,30,041,34,13,24,035,36,23,14,354,38,6*66
$GPGSV,2,2,08,25,66,027,47,28,28,281,22,29,58,170,23,31,21,248,20,6*6D
$GPGSV,2,1,07,13,24,035,34,18,61,286,15,21,15,136,16,23,14,354,43,8*6F
$GPGSV,2,2,07,25,66,027,54,26,17,223,15,28,28,281,30,8*54
$GPGSV,1,1,01,15,03,049,,0*5E
$GLGSV,2,1,06,73,49,225,14,79,11,018,19,80,63,354,44,82,33,154,26,1*7A
$GLGSV,2,2,06,83,55,233,25,84,18,288,11,1*77
$GLGSV,2,1,07,67,11,093,17,73,49,225,13,79,11,018,20,80,63,354,43,3*70
$GLGSV,2,2,07,82,33,154,25,83,55,233,20,84,18,288,23,3*4D
$GLGSV,1,1,03,66,03,144,,68,01,047,,74,04,207,,0*46
$GAGSV,2,1,08,02,24,222,20,10,45,143,37,11,75,156,25,12,21,141,22,1*7B
$GAGSV,2,2,08,14,24,097,32,16,47,053,46,25,79,190,24,36,50,312,15,1*72
$GAGSV,1,1,02,14,24,097,35,16,47,053,49,5*77
$GAGSV,2,1,07,10,45,143,33,11,75,156,26,12,21,141,20,14,24,097,19,7*76
$GAGSV,2,2,07,16,47,053,47,25,79,190,27,36,50,312,20,7*43
$GAGSV,1,1,01,34,01,317,,0*46
$GBGSV,2,1,07,12,19,089,26,24,18,224,17,26,54,264,18,29,30,127,43,3*74
$GBGSV,2,2,07,31,30,267,20,35,62,201,18,39,41,359,46,3*49
$GBGSV,2,1,07,12,19,089,23,20,14,109,14,22,04,014,19,26,54,264,14,5*7E
$GBGSV,2,2,07,29,30,127,47,31,30,267,17,39,41,359,47,5*4D
$GBGSV,3,1,10,11,10,118,20,12,19,089,28,19,18,062,21,20,14,109,20,8*7C
$GBGSV,3,2,10,22,04,014,22,26,54,264,19,29,30,127,45,31,30,267,22,8*7C
$GBGSV,3,3,10,35,62,201,23,39,41,359,45,8*7F
$GBGSV,1,1,01,36,00,024,,0*45
$GNGLL,3001.74237,S,05112.74979,W,164000.00,A,D*7A
$GNRMC,164001.00,A,3001.74237,S,05112.74979,W,0.009,,090926,,,F,V*17
$GNVTG,,T,,M,0.009,N,0.017,K,D*37
$GNGGA,164001.00,3001.74237,S,05112.74979,W,5,12,0.85,50.8,M,4.8,M,2.0,0920*67
$GNGSA,M,3,23,25,28,29,31,05,12,13,,,,,1.66,0.85,1.42,1*07
$GNGSA,M,3,80,82,79,84,83,,,,,,,,1.66,0.85,1.42,2*0E
$GNGSA,M,3,10,11,12,16,25,36,02,,,,,,1.66,0.85,1.42,3*01
$GNGSA,M,3,26,29,31,35,39,12,,,,,,,1.66,0.85,1.42,4*01
$GPGSV,2,1,08,05,41,111,47,12,30,041,41,13,24,035,43,23,14,354,39,1*64
$GPGSV,2,2,08,25,66,027,53,26,17,223,24,29,58,170,29,31,21,248,16,1*6C
$GPGSV,2,1,08,05,41,111,43,12,30,041,34,13,24,035,35,23,14,354,38,6*65
$GPGSV,2,2,08,25,66,027,47,28,28,281,22,29,58,170,22,31,21,248,20,6*6C
$GPGSV,2,1,07,13,24,035,34,18,61,286,15,21,15,136,16,23,14,354,43,8*6F
$GPGSV,2,2,07,25,66,027,54,26,17,223,14,28,28,281,30,8*55
$GPGSV,1,1,01,15,03,049,,0*5E
$GLGSV,2,1,06,73,49,225,15,79,11,018,19,80,63,354,44,82,33,154,26,1*7B
$GLGSV,2,2,06,83,55,233,25,84,18,288,07,1*70
$GLGSV,2,1,07,67,11,093,16,73,49,225,10,79,11,018,21,80,63,354,43,3*73
$GLGSV,2,2,07,82,33,154,25,83,55,233,21,84,18,288,22,3*4D
$GLGSV,1,1,03,66,03,144,,68,01,047,,74,04,207,,0*46
$GAGSV,2,1,08,02,24,222,20,10,45,143,37,11,75,156,25,12,21,141,22,1*7B
$GAGSV,2,2,08,14,24,097,32,16,47,053,46,25,79,190,24,36,50,312,15,1*72
$GAGSV,1,1,02,14,24,097,35,16,47,053,49,5*77
$GAGSV,2,1,07,10,45,143,34,11,75,156,26,12,21,141,20,14,24,097,19,7*71
$GAGSV,2,2,07,16,47,053,47,25,79,190,27,36,50,312,19,7*49
$GAGSV,1,1,01,34,01,317,,0*46
$GBGSV,2,1,07,12,19,089,26,24,18,224,18,26,54,264,17,29,30,127,43,3*74
$GBGSV,2,2,07,31,30,267,21,35,62,201,17,39,41,359,46,3*47
$GBGSV,2,1,07,12,19,089,23,20,14,109,14,22,04,014,19,26,54,264,12,5*78
$GBGSV,2,2,07,29,30,127,47,31,30,267,17,39,41,359,47,5*4D
$GBGSV,3,1,10,11,10,118,20,12,19,089,28,19,18,062,21,20,14,109,19,8*76
$GBGSV,3,2,10,22,04,014,22,26,54,264,19,29,30,127,45,31,30,267,22,8*7C
$GBGSV,3,3,10,35,62,201,23,39,41,359,45,8*7F
$GBGSV,1,1,01,36,00,024,,0*45
$GNGLL,3001.74237,S,05112.74979,W,164001.00,A,D*7B
$GNRMC,164002.00,A,3001.74237,S,05112.74979,W,0.002,,090926,,,F,V*1F
$GNVTG,,T,,M,0.002,N,0.003,K,D*39
$GNGGA,164002.00,3001.74237,S,05112.74979,W,5,12,0.85,50.8,M,4.8,M,2.0,0920*64
$GNGSA,M,3,23,25,28,29,31,05,12,13,,,,,1.66,0.85,1.42,1*07
$GNGSA,M,3,80,82,79,84,83,,,,,,,,1.66,0.85,1.42,2*0E
$GNGSA,M,3,10,11,12,16,25,36,02,,,,,,1.66,0.85,1.42,3*01
$GNGSA,M,3,26,29,31,35,39,12,,,,,,,1.66,0.85,1.42,4*01
$GPGSV,2,1,08,05,41,111,47,12,30,041,41,13,24,035,43,23,14,354,39,1*64
$GPGSV,2,2,08,25,66,027,53,26,17,223,24,29,58,170,29,31,21,248,17,1*6D
$GPGSV,2,1,08,05,41,111,43,12,30,041,34,13,24,035,36,23,14,354,38,6*66
$GPGSV,2,2,08,25,66,027,47,28,28,281,22,29,58,170,23,31,21,248,20,6*6D
$GPGSV,2,1,07,13,24,035,34,18,61,286,15,21,15,136,15,23,14,354,44,8*6B
$GPGSV,2,2,07,25,66,027,54,26,17,223,14,28,28,281,30,8*55
$GPGSV,1,1,01,15,04,050,,0*51
$GLGSV,2,1,05,73,49,225,15,79,11,018,17,80,63,354,44,82,33,154,26,1*76
$GLGSV,2,2,05,83,55,233,24,1*42
$GLGSV,2,1,06,67,11,093,16,79,11,018,21,80,63,354,43,82,33,154,26,3*71
$GLGSV,2,2,06,83,55,233,21,84,18,288,22,3*71
$GLGSV,1,1,03,66,03,144,,68,01,047,,74,04,207,,0*46
$GAGSV,2,1,08,02,24,222,19,10,45,143,37,11,75,156,24,12,21,141,22,1*70
$GAGSV,2,2,08,14,24,097,31,16,47,053,46,25,79,190,23,36,50,312,16,1*75
$GAGSV,1,1,02,14,24,097,35,16,47,053,49,5*77
$GAGSV,2,1,07,10,45,143,34,11,75,156,26,12,21,141,20,14,24,097,18,7*70
$GAGSV,2,2,07,16,47,053,47,25,79,190,27,36,50,312,19,7*49
$GAGSV,1,1,01,34,01,317,,0*46
$GBGSV,2,1,07,12,19,089,26,24,18,224,19,26,54,264,17,29,30,127,43,3*75
$GBGSV,2,2,07,31,30,267,21,35,62,201,18,39,41,359,47,3*49
$GBGSV,2,1,07,12,19,089,24,20,14,109,15,22,04,014,18,26,54,264,11,5*7C
$GBGSV,2,2,07,29,30,127,47,31,30,267,16,39,41,359,47,5*4C
$GBGSV,3,1,10,11,10,118,20,12,19,089,28,19,18,062,20,20,14,109,18,8*76
$GBGSV,3,2,10,22,04,014,22,26,54,264,18,29,30,127,45,31,30,267,22,8*7D
$GBGSV,3,3,10,35,62,201,23,39,41,359,45,8*7F
$GBGSV,1,1,01,36,00,024,,0*45
$GNGLL,3001.74237,S,05112.74979,W,164002.00,A,D*78
$GNRMC,164003.00,A,3001.74237,S,05112.74979,W,0.010,,090926,,,F,V*1D
$GNVTG,,T,,M,0.010,N,0.019,K,D*31
$GNGGA,164003.00,3001.74237,S,05112.74979,W,5,12,0.85,50.8,M,4.8,M,2.0,0920*65
$GNGSA,M,3,23,25,28,29,31,05,12,13,,,,,1.66,0.85,1.42,1*07
$GNGSA,M,3,80,82,79,84,83,,,,,,,,1.66,0.85,1.42,2*0E
$GNGSA,M,3,10,11,12,16,25,36,02,,,,,,1.66,0.85,1.42,3*01
$GNGSA,M,3,26,29,31,35,39,12,,,,,,,1.66,0.85,1.42,4*01
$GPGSV,2,1,08,05,41,111,47,12,30,041,41,13,24,035,43,23,14,354,39,1*64
$GPGSV,2,2,08,25,66,027,53,26,17,223,23,29,58,170,29,31,21,248,18,1*65
$GPGSV,2,1,08,05,41,111,43,12,30,041,34,13,24,035,35,23,14,354,37,6*6A
$GPGSV,2,2,08,25,66,027,47,28,28,281,22,29,58,170,22,31,21,248,19,6*66
$GPGSV,2,1,07,13,24,035,34,18,61,286,13,21,15,136,15,23,14,354,43,8*6A
$GPGSV,2,2,07,25,66,027,54,26,17,223,14,28,28,281,30,8*55
$GPGSV,1,1,01,15,04,050,,0*51
$GLGSV,2,1,05,73,49,225,14,79,11,018,17,80,63,354,44,82,33,154,26,1*77
$GLGSV,2,2,05,83,55,233,23,1*45
$GLGSV,2,1,06,67,11,093,16,79,11,018,20,80,63,354,42,82,33,154,26,3*71
$GLGSV,2,2,06,83,55,233,21,84,18,288,21,3*72
$GLGSV,1,1,03,66,03,144,,68,01,047,,74,04,207,,0*46
$GAGSV,2,1,08,02,24,222,19,10,45,143,37,11,75,156,24,12,21,141,22,1*70
$GAGSV,2,2,08,14,24,097,31,16,47,053,46,25,79,190,23,36,50,312,16,1*75
$GAGSV,1,1,02,14,24,097,35,16,47,053,49,5*77
$GAGSV,2,1,07,10,45,143,34,11,75,156,26,12,21,141,20,14,24,097,17,7*7F
$GAGSV,2,2,07,16,47,053,47,25,79,190,27,36,50,312,19,7*49
$GAGSV,1,1,01,34,01,317,,0*46
$GBGSV,2,1,07,12,19,089,26,24,18,224,20,26,54,264,16,29,30,127,43,3*7E
$GBGSV,2,2,07,31,30,267,21,35,62,201,17,39,41,359,46,3*47
$GBGSV,2,1,07,12,19,089,24,20,14,109,15,22,04,014,18,26,54,264,11,5*7C
$GBGSV,2,2,07,29,30,127,47,31,30,267,16,39,41,359,47,5*4C
$GBGSV,3,1,10,11,10,118,20,12,19,089,28,19,18,062,21,20,14,109,17,8*78
$GBGSV,3,2,10,22,04,014,22,26,54,264,19,29,30,127,45,31,30,267,22,8*7C
$GBGSV,3,3,10,35,62,201,23,39,41,359,45,8*7F
$GBGSV,1,1,01,36,00,024,,0*45
$GNGLL,3001.74237,S,05112.74979,W,164003.00,A,D*79
$GNRMC,164004.00,A,3001.74237,S,05112.74978,W,0.017,,090926,,,F,V*1C
$GNVTG,,T,,M,0.017,N,0.031,K,D*3C
$GNGGA,164004.00,3001.74237,S,05112.74978,W,5,12,0.85,50.8,M,4.8,M,2.0,0920*63
$GNGSA,M,3,23,25,28,29,31,05,12,13,,,,,1.66,0.85,1.42,1*07
$GNGSA,M,3,80,82,79,84,83,,,,,,,,1.66,0.85,1.42,2*0E
$GNGSA,M,3,10,11,12,16,25,36,02,,,,,,1.66,0.85,1.42,3*01
$GNGSA,M,3,26,29,31,35,39,12,,,,,,,1.66,0.85,1.42,4*01
$GPGSV,2,1,08,05,41,111,47,12,30,041,41,13,24,035,43,23,14,354,39,1*64
$GPGSV,2,2,08,25,66,027,53,26,17,223,23,29,58,170,29,31,21,248,17,1*6A
$GPGSV,2,1,08,05,41,111,43,12,30,041,34,13,24,035,36,23,14,354,37,6*69
$GPGSV,2,2,08,25,66,027,47,28,28,281,23,29,58,170,23,31,21,248,18,6*67
$GPGSV,2,1,07,13,24,035,34,18,61,286,15,21,15,136,14,23,14,354,44,8*6A
$GPGSV,2,2,07,25,66,027,54,26,17,223,15,28,28,281,30,8*54
$GPGSV,1,1,01,15,04,050,,0*51
$GLGSV,2,1,05,73,49,225,14,79,11,018,17,80,63,354,44,82,33,154,26,1*77
$GLGSV,2,2,05,83,55,233,23,1*45
$GLGSV,2,1,06,67,11,093,16,79,11,018,19,80,63,354,43,82,33,154,26,3*7A
$GLGSV,2,2,06,83,55,233,20,84,18,288,21,3*73
$GLGSV,1,1,03,66,03,144,,68,01,047,,74,04,207,,0*46
$GAGSV,2,1,08,02,24,222,19,10,45,143,37,11,75,156,24,12,21,141,22,1*70
$GAGSV,2,2,08,14,24,097,31,16,47,053,46,25,79,190,24,36,50,312,16,1*72
$GAGSV,1,1,02,14,24,097,35,16,47,053,49,5*77
$GAGSV,2,1,07,10,45,143,34,11,75,156,26,12,21,141,21,14,24,097,16,7*7F
$GAGSV,2,2,07,16,47,053,47,25,79,190,27,36,50,312,19,7*49
$GAGSV,1,1,01,34,01,317,,0*46
$GBGSV,2,1,07,12,19,089,27,24,18,224,20,26,54,264,16,29,30,127,43,3*7F
$GBGSV,2,2,07,31,30,267,21,35,62,201,17,39,41,359,46,3*47
$GBGSV,2,1,08,11,10,118,16,12,19,089,24,20,14,109,15,22,04,014,17,5*77
$GBGSV,2,2,08,26,54,264,09,29,30,127,47,31,30,267,15,39,41,359,47,5*7C
$GBGSV,3,1,10,11,10,118,20,12,19,089,28,19,18,062,20,20,14,109,16,8*78
$GBGSV,3,2,10,22,04,014,22,26,54,264,20,29,30,127,45,31,30,267,22,8*76
$GBGSV,3,3,10,35,62,201,22,39,41,359,45,8*7E
$GBGSV,1,1,01,36,00,024,,0*45
$GNGLL,3001.74237,S,05112.74978,W,164004.00,A,D*7F
$GNRMC,164005.00,A,3001.74237,S,05112.74978,W,0.006,,090926,,,F,V*1D
$GNVTG,,T,,M,0.006,N,0.012,K,D*3D
$GNGGA,164005.00,3001.74237,S,05112.74978,W,5,12,0.85,50.8,M,4.8,M,2.0,0920*62
$GNGSA,M,3,23,25,28,29,31,05,12,13,,,,,1.66,0.85,1.42,1*07
$GNGSA,M,3,80,82,79,84,83,,,,,,,,1.66,0.85,1.42,2*0E
$GNGSA,M,3,10,11,12,16,25,36,02,,,,,,1.66,0.85,1.42,3*01
$GNGSA,M,3,26,29,31,35,39,12,,,,,,,1.66,0.85,1.42,4*01
$GPGSV,2,1,08,05,41,111,47,12,30,041,41,13,24,035,43,23,14,354,39,1*64
$GPGSV,2,2,08,25,66,027,53,26,17,223,24,29,58,170,29,31,21,248,18,1*62
$GPGSV,2,1,08,05,41,111,43,12,30,041,34,13,24,035,36,23,14,354,37,6*69
$GPGSV,2,2,08,25,66,027,47,28,28,281,23,29,58,170,23,31,21,248,19,6*66
$GPGSV,2,1,07,13,24,035,34,18,61,284,16,21,15,136,14,23,14,354,44,8*6B
$GPGSV,2,2,07,25,66,027,54,26,17,223,15,28,28,281,29,8*5C
$GPGSV,1,1,01,15,04,050,,0*51
$GLGSV,2,1,05,73,49,225,15,79,11,018,17,80,63,354,44,82,33,154,26,1*76
$GLGSV,2,2,05,83,55,233,23,1*45
$GLGSV,2,1,06,67,11,093,16,79,11,018,19,80,63,354,43,82,33,154,26,3*7A
$GLGSV,2,2,06,83,55,233,20,84,18,288,21,3*73
$GLGSV,1,1,03,66,03,144,,68,01,047,,74,04,207,,0*46
$GAGSV,2,1,08,02,24,222,18,10,45,143,37,11,75,156,24,12,21,141,22,1*71
$GAGSV,2,2,08,14,24,097,30,16,47,053,46,25,79,190,24,36,50,312,17,1*72
$GAGSV,1,1,02,14,24,097,35,16,47,053,49,5*77
$GAGSV,2,1,07,10,45,143,34,11,75,156,27,12,21,141,21,14,24,097,15,7*7D
$GAGSV,2,2,07,16,47,053,47,25,79,190,27,36,50,312,18,7*48
$GAGSV,1,1,01,34,01,317,,0*46
$GBGSV,2,1,07,12,19,089,26,24,18,224,21,26,54,264,16,29,30,127,43,3*7F
$GBGSV,2,2,07,31,30,267,21,35,62,201,16,39,41,359,47,3*47
$GBGSV,2,1,07,11,10,118,15,12,19,089,24,20,14,109,15,22,04,014,18,5*74
$GBGSV,2,2,07,29,30,127,47,31,30,267,16,39,41,359,47,5*4C
$GBGSV,3,1,10,11,10,118,20,12,19,089,27,19,18,062,21,20,14,109,17,8*77
$GBGSV,3,2,10,22,04,014,22,26,54,264,20,29,30,127,45,31,30,267,22,8*76
$GBGSV,3,3,10,35,62,201,22,39,41,359,45,8*7E
$GBGSV,1,1,01,36,00,024,,0*45
$GNGLL,3001.74237,S,05112.74978,W,164005.00,A,D*7E
$GNRMC,164006.00,A,3001.74237,S,05112.74979,W,0.015,,090926,,,F,V*1D
$GNVTG,,T,,M,0.015,N,0.027,K,D*39
$GNGGA,164006.00,3001.74237,S,05112.74979,W,5,12,0.85,50.8,M,4.8,M,2.0,0920*60
$GNGSA,M,3,23,25,28,29,31,05,12,13,,,,,1.66,0.85,1.42,1*07
$GNGSA,M,3,80,82,79,84,83,,,,,,,,1.66,0.85,1.42,2*0E
$GNGSA,M,3,10,11,12,16,25,36,02,,,,,,1.66,0.85,1.42,3*01
$GNGSA,M,3,26,29,31,35,39,12,,,,,,,1.66,0.85,1.42,4*01
$GPGSV,2,1,08,05,41,111,47,12,30,041,41,13,24,035,43,23,14,354,39,1*64
$GPGSV,2,2,08,25,66,027,53,26,17,223,24,29,58,170,29,31,21,248,17,1*6D
$GPGSV,2,1,08,05,41,111,43,12,30,041,35,13,24,035,36,23,14,354,37,6*68
$GPGSV,2,2,08,25,66,027,48,28,28,281,23,29,58,170,23,31,21,248,18,6*68
$GPGSV,2,1,07,13,24,035,33,18,61,284,16,21,15,136,15,23,14,354,44,8*6D
$GPGSV,2,2,07,25,66,027,54,26,17,223,15,28,28,281,29,8*5C
$GPGSV,1,1,01,15,04,050,,0*51
$GLGSV,2,1,05,73,49,225,15,79,11,018,17,80,63,354,44,82,33,154,27,1*77
$GLGSV,2,2,05,83,55,233,23,1*45
$GLGSV,2,1,06,67,11,093,16,79,11,018,19,80,63,354,43,82,33,154,26,3*7A
$GLGSV,2,2,06,83,55,233,20,84,18,288,21,3*73
$GLGSV,1,1,03,66,03,144,,68,01,047,,74,04,207,,0*46
$GAGSV,2,1,08,02,24,222,19,10,45,143,37,11,75,156,25,12,21,141,22,1*71
$GAGSV,2,2,08,14,24,097,30,16,47,053,46,25,79,190,24,36,50,312,18,1*7D
$GAGSV,1,1,02,14,24,097,35,16,47,053,49,5*77
$GAGSV,2,1,07,10,45,143,34,11,75,156,26,12,21,141,21,14,24,097,16,7*7F
$GAGSV,2,2,07,16,47,053,47,25,79,190,27,36,50,312,18,7*48
$GAGSV,1,1,01,34,01,317,,0*46
$GBGSV,2,1,07,12,19,089,26,24,18,224,21,26,54,264,16,29,30,127,43,3*7F
$GBGSV,2,2,07,31,30,267,21,35,62,201,15,39,41,359,47,3*44
$GBGSV,2,1,07,11,10,118,13,12,19,089,24,20,14,109,16,22,04,014,18,5*71
$GBGSV,2,2,07,29,30,127,47,31,30,267,16,39,41,359,47,5*4C
$GBGSV,3,1,10,11,10,118,20,12,19,089,27,19,18,062,21,20,14,109,17,8*77
$GBGSV,3,2,10,22,04,014,22,26,54,264,20,29,30,127,45,31,30,267,23,8*77
$GBGSV,3,3,10,35,62,201,22,39,41,359,45,8*7E
$GBGSV,1,1,01,36,00,024,,0*45
$GNGLL,3001.74237,S,05112.74979,W,164006.00,A,D*7C
$GNRMC,164007.00,A,3001.74237,S,05112.74978,W,0.032,,090926,,,F,V*18
$GNVTG,,T,,M,0.032,N,0.059,K,D*35
$GNGGA,164007.00,3001.74237,S,05112.74978,W,5,12,0.85,50.8,M,4.8,M,2.0,0920*60
$GNGSA,M,3,23,25,28,29,31,05,12,13,,,,,1.65,0.85,1.42,1*04
$GNGSA,M,3,80,82,79,84,83,,,,,,,,1.65,0.85,1.42,2*0D
$GNGSA,M,3,10,11,12,16,25,36,02,,,,,,1.65,0.85,1.42,3*02
$GNGSA,M,3,26,29,31,35,39,12,,,,,,,1.65,0.85,1.42,4*02
$GPGSV,2,1,08,05,41,111,47,12,30,041,41,13,24,035,43,23,14,354,39,1*64
$GPGSV,2,2,08,25,66,027,53,26,17,223,24,29,58,170,29,31,21,248,18,1*62
$GPGSV,2,1,08,05,41,111,43,12,30,041,34,13,24,035,36,23,14,354,37,6*69
$GPGSV,2,2,08,25,66,027,47,28,28,281,24,29,58,170,23,31,21,248,19,6*61
$GPGSV,2,1,07,13,24,035,34,18,61,284,17,21,15,136,15,23,14,354,44,8*6B
$GPGSV,2,2,07,25,66,027,54,26,17,223,14,28,28,281,29,8*5D
$GPGSV,1,1,01,15,04,050,,0*51
$GLGSV,2,1,05,73,49,225,16,79,11,018,16,80,63,354,44,82,33,154,27,1*75
$GLGSV,2,2,05,83,55,233,22,1*44
$GLGSV,2,1,06,67,11,093,17,79,11,018,19,80,63,354,43,82,33,154,26,3*7B
$GLGSV,2,2,06,83,55,233,20,84,18,288,20,3*72
$GLGSV,1,1,03,66,03,144,,68,01,047,,74,04,207,,0*46
$GAGSV,2,1,08,02,24,222,19,10,45,143,37,11,75,156,25,12,21,141,22,1*71
$GAGSV,2,2,08,14,24,097,30,16,47,053,46,25,79,190,24,36,50,312,18,1*7D
$GAGSV,1,1,02,14,24,097,35,16,47,053,49,5*77
$GAGSV,2,1,07,10,45,143,34,11,75,156,27,12,21,141,21,14,24,097,15,7*7D
$GAGSV,2,2,07,16,47,053,47,25,79,190,27,36,50,312,18,7*48
$GAGSV,1,1,01,34,01,317,,0*46
$GBGSV,2,1,07,12,19,089,27,24,18,224,21,26,54,264,15,29,30,127,43,3*7D
$GBGSV,2,2,07,31,30,267,21,35,62,201,15,39,41,359,47,3*44
$GBGSV,2,1,07,11,10,118,11,12,19,089,24,20,14,109,16,22,04,014,17,5*7C
$GBGSV,2,2,07,29,30,127,47,31,30,267,16,39,41,359,47,5*4C
$GBGSV,3,1,10,11,10,118,20,12,19,089,27,19,18,062,20,20,14,109,18,8*79
$GBGSV,3,2,10,22,04,014,22,26,54,264,20,29,30,127,45,31,30,267,23,8*77
$GBGSV,3,3,10,35,62,201,22,39,41,359,45,8*7E
$GBGSV,1,1,01,36,00,024,,0*45
$GNGLL,3001.74237,S,05112.74978,W,164007.00,A,D*7C
$GNRMC,164008.00,A,3001.74237,S,05112.74978,W,0.030,,090926,,,F,V*15
$GNVTG,,T,,M,0.030,N,0.056,K,D*38
$GNGGA,164008.00,3001.74237,S,05112.74978,W,5,12,0.85,50.8,M,4.8,M,2.0,0920*6F
$GNGSA,M,3,23,25,28,29,31,05,12,13,,,,,1.65,0.85,1.42,1*04
$GNGSA,M,3,80,82,79,84,83,,,,,,,,1.65,0.85,1.42,2*0D
$GNGSA,M,3,10,11,12,16,25,36,02,,,,,,1.65,0.85,1.42,3*02
$GNGSA,M,3,26,29,31,35,39,12,,,,,,,1.65,0.85,1.42,4*02
$GPGSV,2,1,08,05,41,111,47,12,30,041,41,13,24,035,43,23,14,354,39,1*64
$GPGSV,2,2,08,25,66,027,53,26,17,223,24,29,58,170,29,31,21,248,18,1*62
$GPGSV,2,1,08,05,41,111,43,12,30,041,34,13,24,035,36,23,14,354,37,6*69
$GPGSV,2,2,08,25,66,027,47,28,28,281,25,29,58,170,23,31,21,248,18,6*61
$GPGSV,2,1,07,13,24,035,34,18,61,284,18,21,14,136,15,23,14,354,44,8*65
$GPGSV,2,2,07,25,66,027,54,26,17,223,14,28,28,281,29,8*5D
$GPGSV,1,1,01,15,04,050,,0*51
$GLGSV,2,1,06,67,11,093,15,73,49,225,16,79,11,018,13,80,63,354,44,1*73
$GLGSV,2,2,06,82,33,154,27,83,55,233,20,1*7A
$GLGSV,2,1,06,67,11,093,17,79,11,018,19,80,63,354,43,82,33,154,26,3*7B
$GLGSV,2,2,06,83,55,233,19,84,18,288,20,3*78
$GLGSV,1,1,03,66,03,144,,68,01,047,,74,04,207,,0*46
$GAGSV,2,1,08,02,24,222,19,10,45,143,37,11,75,156,25,12,21,141,22,1*71
$GAGSV,2,2,08,14,24,097,30,16,47,053,46,25,79,190,24,36,50,312,17,1*72
$GAGSV,1,1,02,14,24,097,35,16,47,053,49,5*77
$GAGSV,2,1,07,10,45,143,34,11,75,156,27,12,21,141,21,14,24,097,16,7*7E
$GAGSV,2,2,07,16,47,053,47,25,79,190,27,36,50,312,18,7*48
$GAGSV,1,1,01,34,01,317,,0*46
$GBGSV,2,1,07,12,19,089,26,24,18,224,22,26,54,264,14,29,30,127,43,3*7E
$GBGSV,2,2,07,31,30,267,21,35,62,201,13,39,41,359,47,3*42
$GBGSV,2,1,07,11,10,118,13,12,19,089,24,20,14,109,17,22,04,014,17,5*7F
$GBGSV,2,2,07,29,30,127,47,31,30,267,16,39,41,359,47,5*4C
$GBGSV,3,1,11,11,10,118,20,12,19,089,27,19,18,062,21,20,14,109,19,8*78
$GBGSV,3,2,11,22,04,014,22,24,18,224,23,26,54,264,20,29,30,127,45,8*7F
$GBGSV,3,3,11,31,30,267,23,35,62,201,22,39,41,359,45,8*4C
$GBGSV,1,1,01,36,00,024,,0*45
$GNGLL,3001.74237,S,05112.74978,W,164008.00,A,D*73
$GNRMC,164009.00,A,3001.74237,S,05112.74979,W,0.024,,090926,,,F,V*10
$GNVTG,,T,,M,0.024,N,0.045,K,D*3F
$GNGGA,164009.00,3001.74237,S,05112.74979,W,5,12,0.85,50.8,M,4.8,M,2.0,0920*6F
$GNGSA,M,3,23,25,28,29,31,05,12,13,,,,,1.65,0.85,1.42,1*04
$GNGSA,M,3,80,82,79,84,83,,,,,,,,1.65,0.85,1.42,2*0D
$GNGSA,M,3,10,11,12,16,25,36,02,,,,,,1.65,0.85,1.42,3*02
$GNGSA,M,3,26,29,31,35,39,12,,,,,,,1.65,0.85,1.42,4*02
$GPGSV,2,1,08,05,41,111,47,12,30,041,41,13,24,035,43,23,14,354,39,1*64
$GPGSV,2,2,08,25,66,027,53,26,17,223,24,29,58,170,29,31,21,248,18,1*62
$GPGSV,2,1,08,05,41,111,43,12,30,041,34,13,24,035,36,23,14,354,37,6*69
$GPGSV,2,2,08,25,66,027,47,28,28,281,24,29,58,170,23,31,21,248,19,6*61
$GPGSV,2,1,07,13,24,035,34,18,61,284,18,21,14,136,15,23,14,354,44,8*65
$GPGSV,2,2,07,25,66,027,54,26,17,223,14,28,28,281,29,8*5D
$GPGSV,1,1,01,15,04,050,,0*51
$GLGSV,2,1,06,67,11,093,16,73,49,225,17,79,11,018,12,80,63,354,44,1*70
$GLGSV,2,2,06,82,33,154,27,83,55,233,20,1*7A
$GLGSV,2,1,06,67,11,093,17,79,11,018,19,80,63,354,43,82,33,154,27,3*7A
$GLGSV,2,2,06,83,55,233,19,84,18,288,19,3*72
$GLGSV,1,1,03,66,03,144,,68,01,047,,74,04,207,,0*46
$GAGSV,2,1,08,02,24,222,19,10,45,143,37,11,75,156,24,12,21,141,22,1*70
$GAGSV,2,2,08,14,24,097,30,16,47,053,46,25,79,190,24,36,50,312,17,1*72
$GAGSV,1,1,02,14,24,097,35,16,47,053,49,5*77
$GAGSV,2,1,07,10,45,143,34,11,75,156,27,12,21,141,21,14,24,097,17,7*7F
$GAGSV,2,2,07,16,47,053,47,25,79,190,27,36,50,312,17,7*47
$GAGSV,1,1,01,34,01,317,,0*46
$GBGSV,2,1,07,12,19,089,26,24,18,224,21,26,54,264,14,29,30,127,43,3*7D
$GBGSV,2,2,07,31,30,267,21,35,62,201,12,39,41,359,47,3*43
$GBGSV,2,1,07,11,10,118,14,12,19,089,23,20,14,109,17,22,04,014,16,5*7E
$GBGSV,2,2,07,29,30,127,47,31,30,267,15,39,41,359,47,5*4F
$GBGSV,3,1,11,11,10,118,20,12,19,089,27,19,18,062,21,20,14,109,18,8*79
$GBGSV,3,2,11,22,04,014,22,24,18,224,23,26,54,264,20,29,30,127,45,8*7F
$GBGSV,3,3,11,31,30,267,23,35,62,201,23,39,41,359,45,8*4D
$GBGSV,1,1,01,36,00,024,,0*45
$GNGLL,3001.74237,S,05112.74979,W,164009.00,A,D*73
$GNRMC,164010.00,A,3001.74237,S,05112.74979,W,0.027,,090926,,,F,V*1B
$GNVTG,,T,,M,0.027,N,0.049,K,D*30
$GNGGA,164010.00,3001.74237,S,05112.74979,W,5,12,0.85,50.8,M,4.8,M,2.0,0920*67
$GNGSA,M,3,23,25,28,29,31,05,12,13,,,,,1.65,0.85,1.42,1*04
$GNGSA,M,3,80,82,79,84,83,,,,,,,,1.65,0.85,1.42,2*0D
$GNGSA,M,3,10,11,12,16,25,36,02,,,,,,1.65,0.85,1.42,3*02
$GNGSA,M,3,26,29,31,35,39,12,,,,,,,1.65,0.85,1.42,4*02
$GPGSV,2,1,08,05,41,111,47,12,30,041,41,13,24,035,43,23,15,355,39,1*64
$GPGSV,2,2,08,25,66,027,53,26,17,223,24,29,58,170,29,31,21,248,18,1*62
$GPGSV,2,1,08,05,41,111,43,12,30,041,34,13,24,035,36,23,15,355,37,6*69
$GPGSV,2,2,08,25,66,027,47,28,28,281,24,29,58,170,23,31,21,248,19,6*61
$GPGSV,2,1,07,13,24,035,34,18,61,284,18,21,14,136,16,23,15,355,44,8*66
$GPGSV,2,2,07,25,66,027,54,26,17,223,15,28,28,281,29,8*5C
$GPGSV,1,1,01,15,04,050,,0*51
$GLGSV,2,1,06,67,11,093,16,73,49,225,17,79,11,018,12,80,63,354,44,1*70
$GLGSV,2,2,06,82,33,154,27,83,55,233,19,1*70
$GLGSV,2,1,06,67,11,093,18,79,11,018,19,80,63,354,43,82,33,154,26,3*74
$GLGSV,2,2,06,83,55,233,18,84,18,288,18,3*72
$GLGSV,1,1,03,66,03,144,,68,01,047,,74,04,207,,0*46
$GAGSV,2,1,08,02,24,222,18,10,45,143,37,11,75,156,24,12,21,141,22,1*71
$GAGSV,2,2,08,14,24,097,29,16,47,053,46,25,79,190,24,36,50,312,17,1*7A
$GAGSV,1,1,02,14,24,097,35,16,47,053,49,5*77
$GAGSV,2,1,07,10,45,143,34,11,75,156,27,12,21,141,21,14,24,097,17,7*7F
$GAGSV,2,2,07,16,47,053,47,25,79,190,27,36,50,312,17,7*47
$GAGSV,1,1,01,34,01,317,,0*46
$GBGSV,2,1,07,12,19,089,26,24,18,224,21,26,54,264,13,29,30,127,43,3*7A
$GBGSV,2,2,07,31,30,267,20,35,62,201,14,39,41,359,47,3*44
$GBGSV,2,1,07,11,10,118,13,12,19,089,23,20,14,109,13,22,04,014,17,5*7C
$GBGSV,2,2,07,29,30,127,47,31,30,267,16,39,41,359,47,5*4C
$GBGSV,3,1,11,11,10,118,20,12,19,089,27,19,18,062,21,20,14,109,18,8*79
$GBGSV,3,2,11,22,04,014,22,24,18,224,22,26,54,264,20,29,30,127,45,8*7E
$GBGSV,3,3,11,31,30,267,23,35,62,201,23,39,41,359,45,8*4D
$GBGSV,1,1,01,36,00,024,,0*45
$GNGLL,3001.74237,S,05112.74979,W,164010.00,A,D*7B
$GNRMC,164011.00,A,3001.74237,S,05112.74979,W,0.014,,090926,,,F,V*1A
$GNVTG,,T,,M,0.014,N,0.026,K,D*39
$GNGGA,164011.00,3001.74237,S,05112.74979,W,5,12,0.85,50.8,M,4.8,M,2.0,0920*66
$GNGSA,M,3,23,25,28,29,31,05,12,13,,,,,1.65,0.85,1.42,1*04
$GNGSA,M,3,80,82,79,84,83,,,,,,,,1.65,0.85,1.42,2*0D
$GNGSA,M,3,10,11,12,16,25,36,02,,,,,,1.65,0.85,1.42,3*02
$GNGSA,M,3,26,29,31,35,39,12,,,,,,,1.65,0.85,1.42,4*02
$GPGSV,2,1,08,05,41,111,47,12,30,041,41,13,24,035,43,23,15,355,39,1*64
$GPGSV,2,2,08,25,66,027,53,26,17,223,23,29,58,170,29,31,21,248,19,1*64
$GPGSV,2,1,08,05,41,111,43,12,30,041,34,13,24,035,36,23,15,355,37,6*69
$GPGSV,2,2,08,25,66,027,47,28,28,281,23,29,58,170,23,31,21,248,19,6*66
$GPGSV,2,1,07,13,24,035,34,18,61,284,19,21,14,136,16,23,15,355,44,8*67
$GPGSV,2,2,07,25,66,027,54,26,17,223,15,28,28,281,29,8*5C
$GPGSV,1,1,01,15,04,050,,0*51
$GLGSV,2,1,06,67,11,093,16,73,49,225,16,79,11,018,11,80,63,354,44,1*72
$GLGSV,2,2,06,82,33,154,27,83,55,233,18,1*71
$GLGSV,2,1,06,67,11,093,18,79,11,018,19,80,63,354,43,82,33,154,26,3*74
$GLGSV,2,2,06,83,55,233,17,84,18,288,18,3*7D
$GLGSV,1,1,03,66,03,144,,68,01,047,,74,04,207,,0*46
$GAGSV,2,1,08,02,24,222,18,10,45,143,37,11,75,156,24,12,21,141,22,1*71
$GAGSV,2,2,08,14,24,097,29,16,47,053,46,25,79,190,24,36,50,312,17,1*7A
$GAGSV,1,1,02,14,24,097,35,16,47,053,49,5*77
$GAGSV,2,1,07,10,45,143,34,11,75,156,27,12,21,141,21,14,24,097,17,7*7F
$GAGSV,2,2,07,16,47,053,47,25,79,190,27,36,50,312,17,7*47
$GAGSV,1,1,01,34,01,317,,0*46
$GBGSV,2,1,07,12,19,089,26,24,18,224,21,26,54,264,14,29,30,127,43,3*7D
$GBGSV,2,2,07,31,30,267,19,35,62,201,15,39,41,359,47,3*4F
$GBGSV,2,1,07,11,10,118,15,12,19,089,24,20,14,109,14,22,04,014,17,5*7A
$GBGSV,2,2,07,29,30,127,47,31,30,267,16,39,41,359,47,5*4C
$GBGSV,3,1,11,11,10,118,20,12,19,089,27,19,18,062,20,20,14,109,18,8*78
$GBGSV,3,2,11,22,04,014,22,24,18,224,23,26,54,264,20,29,30,127,45,8*7F
$GBGSV,3,3,11,31,30,267,24,35,62,201,23,39,41,359,45,8*4A
$GBGSV,1,1,01,36,00,024,,0*45
$GNGLL,3001.74237,S,05112.74979,W,164011.00,A,D*7A
$GNRMC,164012.00,A,3001.74237,S,05112.74979,W,0.005,,090926,,,F,V*19
$GNVTG,,T,,M,0.005,N,0.008,K,D*35
$GNGGA,164012.00,3001.74237,S,05112.74979,W,5,12,0.88,50.7,M,4.8,M,2.0,0920*67
$GNGSA,M,3,23,25,28,29,31,05,12,13,,,,,1.77,0.88,1.54,1*0D
$GNGSA,M,3,80,82,79,84,83,,,,,,,,1.77,0.88,1.54,2*04
$GNGSA,M,3,10,11,12,16,25,36,02,,,,,,1.77,0.88,1.54,3*0B
$GNGSA,M,3,26,29,31,35,39,12,,,,,,,1.77,0.88,1.54,4*0B
$GPGSV,2,1,08,05,41,111,47,12,30,041,41,13,24,035,43,23,15,355,39,1*64
$GPGSV,2,2,08,25,65,026,53,26,17,223,22,29,58,170,29,31,21,248,19,1*67
$GPGSV,2,1,08,05,41,111,42,12,30,041,34,13,24,035,36,23,15,355,37,6*68
$GPGSV,2,2,08,25,65,026,47,28,28,281,23,29,58,170,23,31,21,248,19,6*64
$GPGSV,2,1,07,13,24,035,34,18,61,284,19,21,14,136,16,23,15,355,44,8*67
$GPGSV,2,2,07,25,65,026,54,26,17,223,14,28,28,281,29,8*5F
$GPGSV,1,1,01,15,04,050,,0*51
$GLGSV,2,1,07,66,03,144,17,67,11,093,16,73,49,225,16,79,11,018,09,1*71
$GLGSV,2,2,07,80,63,354,44,82,33,154,27,83,55,233,17,1*40
$GLGSV,2,1,06,67,11,093,18,79,11,018,18,80,63,354,43,82,33,154,27,3*74
$GLGSV,2,2,06,83,55,233,16,84,18,288,18,3*7C
$GLGSV,1,1,02,68,01,047,,74,04,207,,0*75
$GAGSV,2,1,08,02,24,222,18,10,45,143,37,11,75,156,24,12,21,141,21,1*72
$GAGSV,2,2,08,14,24,097,29,16,47,053,46,25,79,190,25,36,50,312,17,1*7B
$GAGSV,1,1,02,14,24,097,35,16,47,053,49,5*77
$GAGSV,2,1,07,10,45,143,34,11,75,156,27,12,21,141,21,14,24,097,17,7*7F
$GAGSV,2,2,07,16,47,053,47,25,79,190,26,36,50,312,16,7*47
$GAGSV,1,1,01,34,01,317,,0*46
$GBGSV,2,1,07,12,19,089,26,24,18,224,21,26,54,264,14,29,30,127,43,3*7D
$GBGSV,2,2,07,31,30,267,19,35,62,201,14,39,41,359,47,3*4E
$GBGSV,2,1,07,11,10,118,15,12,19,089,24,20,14,109,15,22,04,014,18,5*74
$GBGSV,2,2,07,29,30,127,47,31,30,267,17,39,41,359,47,5*4D
$GBGSV,3,1,11,11,10,118,19,12,19,089,27,19,18,062,20,20,14,109,18,8*72
$GBGSV,3,2,11,22,04,014,22,24,18,224,23,26,54,264,20,29,30,127,45,8*7F
$GBGSV,3,3,11,31,30,267,25,35,62,201,23,39,41,359,45,8*4B
$GBGSV,1,1,01,36,00,024,,0*45
$GNGLL,3001.74237,S,05112.74979,W,164012.00,A,D*79
$GNRMC,164013.00,A,3001.74237,S,05112.74980,W,0.057,,090926,,,F,V*19
$GNVTG,,T,,M,0.057,N,0.105,K,D*3E
$GNGGA,164013.00,3001.74237,S,05112.74980,W,5,12,0.85,50.7,M,4.8,M,2.0,0920*6D
$GNGSA,M,3,23,25,28,29,31,05,12,13,,,,,1.65,0.85,1.42,1*04
$GNGSA,M,3,80,82,79,84,83,,,,,,,,1.65,0.85,1.42,2*0D
$GNGSA,M,3,10,11,12,16,25,36,02,,,,,,1.65,0.85,1.42,3*02
$GNGSA,M,3,26,29,31,35,39,12,,,,,,,1.65,0.85,1.42,4*02
$GPGSV,2,1,08,05,41,111,47,12,30,041,41,13,24,035,43,23,15,355,39,1*64
$GPGSV,2,2,08,25,65,026,53,26,18,223,23,29,58,170,29,31,21,248,18,1*68
$GPGSV,2,1,08,05,41,111,42,12,30,041,34,13,24,035,36,23,15,355,37,6*68
$GPGSV,2,2,08,25,65,026,47,28,28,281,23,29,58,170,23,31,21,248,18,6*65
$GPGSV,2,1,07,13,24,035,34,18,61,284,18,21,14,136,15,23,15,355,44,8*65
$GPGSV,2,2,07,25,65,026,54,26,18,223,15,28,28,281,28,8*50
$GPGSV,1,1,01,15,04,050,,0*51
$GLGSV,2,1,07,66,03,144,14,67,11,093,17,73,49,225,15,79,11,018,08,1*71
$GLGSV,2,2,07,80,63,354,44,82,33,154,27,83,55,233,15,1*42
$GLGSV,2,1,07,67,11,093,18,73,49,225,16,79,11,018,18,80,63,354,43,3*71
$GLGSV,2,2,07,82,33,154,27,83,55,233,15,84,18,288,19,3*40
$GLGSV,1,1,02,68,01,047,,74,04,207,,0*75
$GAGSV,2,1,08,02,24,222,18,10,45,143,37,11,75,156,23,12,21,141,22,1*76
$GAGSV,2,2,08,14,24,097,28,16,47,053,46,25,79,190,25,36,50,312,17,1*7A
$GAGSV,1,1,02,14,24,097,36,16,47,053,49,5*74
$GAGSV,2,1,07,10,45,143,34,11,75,156,27,12,21,141,21,14,24,097,17,7*7F
$GAGSV,2,2,07,16,47,053,47,25,79,190,26,36,50,312,15,7*44
$GAGSV,1,1,01,34,01,317,,0*46
$GBGSV,2,1,07,12,19,089,25,24,18,224,21,26,54,264,14,29,30,127,43,3*7E
$GBGSV,2,2,07,31,30,267,18,35,62,201,12,39,41,359,47,3*49
$GBGSV,2,1,07,11,10,118,15,12,19,089,24,20,14,109,16,22,04,014,18,5*77
$GBGSV,2,2,07,29,30,127,47,31,30,267,17,39,41,359,47,5*4D
$GBGSV,3,1,11,11,10,118,19,12,19,089,27,19,18,062,19,20,14,109,18,8*78
$GBGSV,3,2,11,22,04,014,22,24,18,224,23,26,54,264,19,29,30,127,45,8*75
$GBGSV,3,3,11,31,30,267,25,35,62,201,24,39,41,359,45,8*4C
$GBGSV,1,1,01,36,00,024,,0*45
$GNGLL,3001.74237,S,05112.74980,W,164013.00,A,D*7E
$GNRMC,164014.00,A,3001.74237,S,05112.74980,W,0.011,,090926,,,F,V*1C
$GNVTG,,T,,M,0.011,N,0.021,K,D*3B
$GNGGA,164014.00,3001.74237,S,05112.74980,W,5,12,0.85,50.7,M,4.8,M,2.0,0920*6A
$GNGSA,M,3,23,25,28,29,31,05,12,13,,,,,1.65,0.85,1.42,1*04
$GNGSA,M,3,80,82,79,84,83,,,,,,,,1.65,0.85,1.42,2*0D
$GNGSA,M,3,10,11,12,16,25,36,02,,,,,,1.65,0.85,1.42,3*02
$GNGSA,M,3,26,29,31,35,39,12,,,,,,,1.65,0.85,1.42,4*02
$GPGSV,2,1,08,05,41,111,47,12,30,041,41,13,24,035,43,23,15,355,39,1*64
$GPGSV,2,2,08,25,65,026,53,26,18,223,23,29,58,170,28,31,21,248,18,1*69
$GPGSV,2,1,08,05,41,111,43,12,30,041,34,13,24,035,36,23,15,355,37,6*69
$GPGSV,2,2,08,25,65,026,47,28,28,281,23,29,58,170,24,31,21,248,18,6*62
$GPGSV,2,1,07,13,24,035,34,18,61,284,19,21,14,136,15,23,15,355,44,8*64
$GPGSV,2,2,07,25,65,026,54,26,18,223,16,28,28,281,28,8*53
$GPGSV,1,1,01,15,04,050,,0*51
$GLGSV,2,1,08,66,03,144,13,67,11,093,16,73,49,225,15,74,04,207,20,1*77
$GLGSV,2,2,08,79,11,018,08,80,63,354,44,82,33,154,28,83,55,233,13,1*7B
$GLGSV,2,1,07,67,11,093,18,73,49,225,16,79,11,018,18,80,63,354,43,3*71
$GLGSV,2,2,07,82,33,154,27,83,55,233,16,84,18,288,19,3*43
$GLGSV,1,1,01,68,01,047,,0*44
$GAGSV,2,1,08,02,24,222,17,10,45,143,37,11,75,156,24,12,21,141,22,1*7E
$GAGSV,2,2,08,14,24,097,28,16,47,053,46,25,79,190,25,36,50,312,17,1*7A
$GAGSV,1,1,02,14,24,097,35,16,47,053,49,5*77
$GAGSV,2,1,06,10,45,143,34,11,75,156,27,12,21,141,20,14,24,097,18,7*70
$GAGSV,2,2,06,16,47,053,47,25,79,190,26,7*71
$GAGSV,1,1,01,34,01,317,,0*46
$GBGSV,2,1,06,12,19,089,25,24,18,224,20,26,54,264,13,29,30,127,44,3*7E
$GBGSV,2,2,06,31,30,267,18,39,41,359,47,3*7A
$GBGSV,2,1,07,11,10,118,13,12,19,089,24,20,14,109,16,22,04,014,18,5*71
$GBGSV,2,2,07,29,30,127,47,31,30,267,17,39,41,359,47,5*4D
$GBGSV,3,1,11,11,10,118,20,12,19,089,27,19,18,062,20,20,14,109,19,8*79
$GBGSV,3,2,11,22,04,014,22,24,18,224,23,26,54,264,19,29,30,127,45,8*75
$GBGSV,3,3,11,31,30,267,24,35,62,201,23,39,41,359,45,8*4A
$GBGSV,1,1,01,36,00,024,,0*45
$GNGLL,3001.74237,S,05112.74980,W,164014.00,A,D*79
$GNRMC,164015.00,A,3001.74237,S,05112.74980,W,0.029,,090926,,,F,V*16
$GNVTG,,T,,M,0.029,N,0.054,K,D*32
$GNGGA,164015.00,3001.74237,S,05112.74980,W,5,12,0.85,50.7,M,4.8,M,2.0,0920*6B
$GNGSA,M,3,23,25,28,29,31,05,12,13,,,,,1.65,0.85,1.42,1*04
$GNGSA,M,3,80,82,79,84,83,,,,,,,,1.65,0.85,1.42,2*0D
$GNGSA,M,3,10,11,12,16,25,36,02,,,,,,1.65,0.85,1.42,3*02
$GNGSA,M,3,26,29,31,35,39,12,,,,,,,1.65,0.85,1.42,4*02
$GPGSV,2,1,08,05,41,111,48,12,30,041,41,13,24,035,43,23,15,355,39,1*6B
$GPGSV,2,2,08,25,65,026,53,26,18,223,23,29,58,170,29,31,21,248,18,1*68
$GPGSV,2,1,08,05,41,111,42,12,30,041,34,13,24,035,36,23,15,355,37,6*68
$GPGSV,2,2,08,25,65,026,47,28,28,282,23,29,58,170,24,31,21,248,17,6*6E
$GPGSV,2,1,07,13,24,035,34,18,61,284,20,21,14,136,14,23,15,355,44,8*6F
$GPGSV,2,2,07,25,65,026,54,26,18,223,16,28,28,282,28,8*50
$GPGSV,1,1,01,15,04,050,,0*51
$GLGSV,2,1,08,66,03,144,12,67,11,093,16,73,49,225,13,74,04,207,17,1*74
$GLGSV,2,2,08,79,11,018,07,80,63,354,44,82,33,154,28,83,55,233,10,1*77
$GLGSV,2,1,07,67,11,093,17,73,49,225,17,79,11,018,18,80,63,354,43,3*7F
$GLGSV,2,2,07,82,33,154,27,83,55,233,15,84,18,288,18,3*41
$GLGSV,1,1,01,68,01,047,,0*44
$GAGSV,2,1,08,02,24,222,18,10,45,143,37,11,75,156,24,12,21,141,22,1*71
$GAGSV,2,2,08,14,24,097,28,16,47,053,46,25,79,190,24,36,50,312,16,1*7A
$GAGSV,1,1,02,14,24,097,35,16,47,053,49,5*77
$GAGSV,2,1,06,10,45,143,34,11,75,156,28,12,21,141,20,14,24,097,18,7*7F
$GAGSV,2,2,06,16,47,053,47,25,79,190,26,7*71
$GAGSV,1,1,01,34,01,317,,0*46
$GBGSV,2,1,06,12,19,089,25,24,18,224,20,26,54,264,13,29,30,127,44,3*7E
$GBGSV,2,2,06,31,30,267,18,39,41,359,47,3*7A
$GBGSV,2,1,07,11,10,118,12,12,19,089,23,20,14,109,17,22,04,014,19,5*77
$GBGSV,2,2,07,29,30,127,47,31,30,267,17,39,41,359,47,5*4D
$GBGSV,3,1,11,11,10,118,19,12,19,089,27,19,18,062,20,20,14,109,19,8*73
$GBGSV,3,2,11,22,04,014,22,24,18,224,23,26,54,264,19,29,30,127,45,8*75
$GBGSV,3,3,11,31,30,267,24,35,62,201,23,39,41,359,45,8*4A
$GBGSV,1,1,01,36,00,024,,0*45
$GNGLL,3001.74237,S,05112.74980,W,164015.00,A,D*78
$GNRMC,164016.00,A,3001.74237,S,05112.74980,W,0.017,,090926,,,F,V*18
$GNVTG,,T,,M,0.017,N,0.032,K,D*3F
$GNGGA,164016.00,3001.74237,S,05112.74980,W,5,12,0.85,50.7,M,4.8,M,2.0,0920*68
$GNGSA,M,3,23,25,28,29,31,05,12,13,,,,,1.65,0.85,1.42,1*04
$GNGSA,M,3,80,82,79,84,83,,,,,,,,1.65,0.85,1.42,2*0D
$GNGSA,M,3,10,11,12,16,25,36,02,,,,,,1.65,0.85,1.42,3*02
$GNGSA,M,3,26,29,31,35,39,12,,,,,,,1.65,0.85,1.42,4*02
$GPGSV,2,1,08,05,41,111,48,12,30,041,41,13,24,035,43,23,15,355,39,1*6B
$GPGSV,2,2,08,25,65,026,53,26,18,223,23,29,58,168,29,31,21,248,18,1*61
$GPGSV,2,1,08,05,41,111,43,12,30,041,34,13,24,035,36,23,15,355,37,6*69
$GPGSV,2,2,08,25,65,026,47,28,28,282,23,29,58,168,24,31,21,248,17,6*67
$GPGSV,2,1,07,13,24,035,34,18,61,284,19,21,14,136,12,23,15,355,44,8*63
$GPGSV,2,2,07,25,65,026,54,26,18,223,15,28,28,282,28,8*53
$GPGSV,1,1,01,15,04,050,,0*51
$GLGSV,2,1,08,66,03,144,09,67,11,093,15,73,49,225,14,74,04,207,15,1*78
$GLGSV,2,2,08,79,11,018,08,80,63,354,44,82,33,154,28,83,55,233,09,1*70
$GLGSV,2,1,07,67,11,093,17,73,49,225,16,79,11,018,18,80,63,354,43,3*7E
$GLGSV,2,2,07,82,33,154,27,83,55,233,16,84,18,288,19,3*43
$GLGSV,1,1,01,68,01,047,,0*44
$GAGSV,2,1,08,02,24,222,18,10,45,143,37,11,75,156,25,12,21,141,22,1*70
$GAGSV,2,2,08,14,24,097,28,16,47,053,46,25,79,190,25,36,50,312,16,1*7B
$GAGSV,1,1,02,14,24,097,35,16,47,053,49,5*77
$GAGSV,2,1,06,10,45,143,34,11,75,156,28,12,21,141,20,14,24,097,18,7*7F
$GAGSV,2,2,06,16,47,053,47,25,79,190,25,7*72
$GAGSV,1,1,01,34,01,317,,0*46
$GBGSV,2,1,06,12,19,089,25,24,18,224,20,26,54,264,13,29,30,127,44,3*7E
$GBGSV,2,2,06,31,30,267,18,39,41,359,47,3*7A
$GBGSV,2,1,07,11,10,118,12,12,19,089,23,20,14,109,17,22,04,014,18,5*76
$GBGSV,2,2,07,29,30,127,47,31,30,267,17,39,41,359,47,5*4D
$GBGSV,3,1,11,11,10,118,20,12,19,089,27,19,18,062,20,20,14,109,19,8*79
$GBGSV,3,2,11,22,04,014,22,24,18,224,23,26,54,264,19,29,30,127,45,8*75
$GBGSV,3,3,11,31,30,267,25,35,62,201,24,39,41,359,45,8*4C
$GBGSV,1,1,01,36,00,024,,0*45
$GNGLL,3001.74237,S,05112.74980,W,164016.00,A,D*7B
$GNRMC,164017.00,A,3001.74237,S,05112.74980,W,0.012,,090926,,,F,V*1C
$GNVTG,,T,,M,0.012,N,0.021,K,D*38
$GNGGA,164017.00,3001.74237,S,05112.74980,W,5,12,0.85,50.7,M,4.8,M,2.0,0920*69
$GNGSA,M,3,23,25,28,29,31,05,12,13,,,,,1.65,0.85,1.42,1*04
$GNGSA,M,3,80,82,79,84,83,,,,,,,,1.65,0.85,1.42,2*0D
$GNGSA,M,3,10,11,12,16,25,36,02,,,,,,1.65,0.85,1.42,3*02
$GNGSA,M,3,26,29,31,35,39,12,,,,,,,1.65,0.85,1.42,4*02
$GPGSV,2,1,08,05,41,111,48,12,30,041,41,13,24,035,43,23,15,355,39,1*6B
$GPGSV,2,2,08,25,65,026,53,26,18,223,23,29,58,168,29,31,21,248,17,1*6E
$GPGSV,2,1,08,05,41,111,43,12,30,041,34,13,24,035,36,23,15,355,37,6*69
$GPGSV,2,2,08,25,65,026,48,28,28,282,23,29,58,168,24,31,21,248,17,6*68
$GPGSV,2,1,06,13,24,035,34,18,61,284,19,23,15,355,44,25,65,026,54,8*62
$GPGSV,2,2,06,26,18,223,15,28,28,282,28,8*63
$GPGSV,1,1,02,15,04,050,,21,14,136,,0*60
$GLGSV,2,1,08,66,03,144,08,67,11,093,15,73,49,225,13,74,04,207,14,1*7F
$GLGSV,2,2,08,79,11,018,09,80,63,354,45,82,33,154,27,83,55,233,09,1*7F
$GLGSV,2,1,07,67,11,093,17,73,49,225,14,79,11,018,19,80,63,354,43,3*7D
$GLGSV,2,2,07,82,33,154,27,83,55,233,17,84,18,288,19,3*42
$GLGSV,1,1,01,68,01,047,,0*44
$GAGSV,2,1,08,02,24,222,18,10,45,143,37,11,75,156,25,12,21,141,21,1*73
$GAGSV,2,2,08,14,24,097,28,16,47,053,46,25,79,190,25,36,50,312,17,1*7A
$GAGSV,1,1,02,14,24,097,35,16,47,053,49,5*77
$GAGSV,2,1,06,10,45,143,34,11,75,156,28,12,21,141,20,14,24,097,19,7*7E
$GAGSV,2,2,06,16,47,053,47,25,79,190,26,7*71
$GAGSV,1,1,01,34,01,317,,0*46
$GBGSV,2,1,06,12,19,089,25,24,18,224,19,26,54,264,12,29,30,127,43,3*72
$GBGSV,2,2,06,31,30,267,18,39,41,359,47,3*7A
$GBGSV,2,1,07,11,10,118,12,12,19,089,24,20,14,109,17,22,04,014,18,5*71
$GBGSV,2,2,07,29,30,127,47,31,30,267,17,39,41,359,47,5*4D
$GBGSV,3,1,11,11,10,118,19,12,19,089,27,19,18,062,20,20,14,109,19,8*73
$GBGSV,3,2,11,22,04,014,22,24,18,224,23,26,54,264,19,29,30,127,45,8*75
$GBGSV,3,3,11,31,30,267,25,35,62,201,24,39,41,359,45,8*4C
$GBGSV,1,1,01,36,00,024,,0*45
$GNGLL,3001.74237,S,05112.74980,W,164017.00,A,D*7A
$GNRMC,164018.00,A,3001.74237,S,05112.74980,W,0.023,,090926,,,F,V*11
$GNVTG,,T,,M,0.023,N,0.042,K,D*3F
$GNGGA,164018.00,3001.74237,S,05112.74980,W,5,12,0.85,50.7,M,4.8,M,2.0,0920*66
$GNGSA,M,3,23,25,28,29,31,05,12,13,,,,,1.65,0.85,1.42,1*04
$GNGSA,M,3,80,82,79,84,83,,,,,,,,1.65,0.85,1.42,2*0D
$GNGSA,M,3,10,11,12,16,25,36,02,,,,,,1.65,0.85,1.42,3*02
$GNGSA,M,3,26,29,31,35,39,12,,,,,,,1.65,0.85,1.42,4*02
$GPGSV,2,1,08,05,41,111,47,12,30,041,41,13,24,035,43,23,15,355,40,1*6A
$GPGSV,2,2,08,25,65,026,53,26,18,223,22,29,58,168,29,31,21,249,15,1*6C
$GPGSV,2,1,08,05,41,111,43,12,30,041,34,13,24,035,36,23,15,355,37,6*69
$GPGSV,2,2,08,25,65,026,48,28,28,282,22,29,58,168,24,31,21,249,17,6*68
$GPGSV,2,1,06,13,24,035,34,18,61,284,19,23,15,355,44,25,65,026,54,8*62
$GPGSV,2,2,06,26,18,223,15,28,28,282,28,8*63
$GPGSV,1,1,02,15,04,050,,21,14,136,,0*60
$GLGSV,2,1,08,66,03,144,08,67,11,093,15,73,49,225,12,74,04,207,12,1*78
$GLGSV,2,2,08,79,11,018,11,80,63,354,45,82,33,154,27,83,55,233,11,1*7F
$GLGSV,2,1,07,67,11,093,18,73,49,225,11,79,11,018,20,80,63,354,43,3*7D
$GLGSV,2,2,07,82,33,154,28,83,55,233,17,84,18,288,20,3*47
$GLGSV,1,1,01,68,01,047,,0*44
$GAGSV,2,1,08,02,24,222,18,10,45,143,37,11,75,156,24,12,21,141,22,1*71
$GAGSV,2,2,08,14,24,097,27,16,47,053,46,25,79,190,24,36,50,312,17,1*74
$GAGSV,1,1,02,14,24,097,35,16,47,053,49,5*77
$GAGSV,2,1,06,10,45,143,34,11,75,156,28,12,21,141,20,14,24,097,20,7*74
$GAGSV,2,2,06,16,47,053,47,25,79,190,25,7*72
$GAGSV,1,1,01,34,01,317,,0*46
$GBGSV,2,1,06,12,19,089,25,24,18,224,19,26,54,264,11,29,30,127,43,3*71
$GBGSV,2,2,06,31,30,267,19,39,41,359,47,3*7B
$GBGSV,2,1,07,11,10,118,13,12,19,089,24,20,14,109,17,22,04,014,19,5*71
$GBGSV,2,2,07,29,30,127,47,31,30,267,17,39,41,359,47,5*4D
$GBGSV,3,1,11,11,10,118,19,12,19,089,27,19,18,062,21,20,14,109,19,8*72
$GBGSV,3,2,11,22,04,014,22,24,18,224,23,26,54,264,18,29,30,127,45,8*74
$GBGSV,3,3,11,31,30,267,25,35,62,201,23,39,41,359,45,8*4B
$GBGSV,1,1,01,36,00,024,,0*45
$GNGLL,3001.74237,S,05112.74980,W,164018.00,A,D*75
$GNRMC,164019.00,A,3001.74236,S,05112.74980,W,0.017,,090926,,,F,V*16
$GNVTG,,T,,M,0.017,N,0.032,K,D*3F
$GNGGA,164019.00,3001.74236,S,05112.74980,W,5,12,0.85,50.7,M,4.8,M,2.0,0920*66
$GNGSA,M,3,23,25,28,29,31,05,12,13,,,,,1.65,0.85,1.42,1*04
$GNGSA,M,3,80,82,79,84,83,,,,,,,,1.65,0.85,1.42,2*0D
$GNGSA,M,3,10,11,12,16,25,36,02,,,,,,1.65,0.85,1.42,3*02
$GNGSA,M,3,26,29,31,35,39,12,,,,,,,1.65,0.85,1.42,4*02
$GPGSV,2,1,08,05,41,111,47,12,30,041,41,13,24,035,43,23,15,355,40,1*6A
$GPGSV,2,2,08,25,65,026,53,26,18,223,22,29,58,168,29,31,21,249,13,1*6A
$GPGSV,2,1,08,05,41,111,43,12,30,041,34,13,24,035,36,23,15,355,37,6*69
$GPGSV,2,2,08,25,65,026,48,28,28,282,22,29,58,168,24,31,21,249,15,6*6A
$GPGSV,2,1,06,13,24,035,34,18,61,284,19,23,15,355,44,25,65,026,54,8*62
$GPGSV,2,2,06,26,18,223,15,28,28,282,28,8*63
$GPGSV,1,1,02,15,04,050,,21,14,136,,0*60
$GLGSV,2,1,08,66,03,144,07,67,11,093,14,73,49,225,10,74,04,207,09,1*7E
$GLGSV,2,2,08,79,11,018,11,80,63,354,45,82,33,154,27,83,55,233,14,1*7A
$GLGSV,2,1,07,67,11,093,18,73,49,225,10,79,11,018,20,80,63,354,43,3*7C
$GLGSV,2,2,07,82,33,154,28,83,55,233,18,84,18,288,20,3*48
$GLGSV,1,1,01,68,01,047,,0*44
$GAGSV,2,1,08,02,24,222,17,10,45,143,37,11,75,156,24,12,21,141,21,1*7D
$GAGSV,2,2,08,14,24,097,27,16,47,053,46,25,79,190,24,36,50,312,18,1*7B
$GAGSV,1,1,02,14,24,097,36,16,47,053,49,5*74
$GAGSV,2,1,06,10,45,143,34,11,75,156,28,12,21,141,21,14,24,097,21,7*74
$GAGSV,2,2,06,16,47,053,47,25,79,190,25,7*72
$GAGSV,1,1,01,34,01,317,,0*46
$GBGSV,2,1,06,12,19,089,24,24,18,224,19,26,54,264,11,29,30,127,43,3*70
$GBGSV,2,2,06,31,30,267,18,39,41,359,47,3*7A
$GBGSV,2,1,07,11,10,118,14,12,19,089,24,20,14,109,18,22,04,014,18,5*78
$GBGSV,2,2,07,29,30,127,47,31,30,267,17,39,41,359,47,5*4D
$GBGSV,3,1,11,11,10,118,18,12,19,089,27,19,18,062,19,20,14,109,19,8*78
$GBGSV,3,2,11,22,04,014,22,24,18,224,23,26,54,264,18,29,30,127,45,8*74
$GBGSV,3,3,11,31,30,267,25,35,62,201,23,39,41,359,45,8*4B
$GBGSV,1,1,01,36,00,024,,0*45
$GNGLL,3001.74236,S,05112.74980,W,164019.00,A,D*75
$GNRMC,164020.00,A,3001.74237,S,05112.74981,W,0.015,,090926,,,F,V*1E
$GNVTG,,T,,M,0.015,N,0.028,K,D*36
$GNGGA,164020.00,3001.74237,S,05112.74981,W,5,12,0.85,50.7,M,4.8,M,2.0,0920*6C
$GNGSA,M,3,23,25,28,29,31,05,12,13,,,,,1.65,0.85,1.42,1*04
$GNGSA,M,3,80,82,79,84,83,,,,,,,,1.65,0.85,1.42,2*0D
$GNGSA,M,3,10,11,12,16,25,36,02,,,,,,1.65,0.85,1.42,3*02
$GNGSA,M,3,26,29,31,35,39,12,,,,,,,1.65,0.85,1.42,4*02
$GPGSV,2,1,08,05,41,111,48,12,30,041,41,13,24,035,43,23,15,355,40,1*65
$GPGSV,2,2,08,25,65,026,53,26,18,223,22,29,58,168,29,31,21,249,12,1*6B
$GPGSV,2,1,08,05,41,111,43,12,30,041,34,13,24,035,36,23,15,355,37,6*69
$GPGSV,2,2,08,25,65,026,48,28,28,282,22,29,58,168,24,31,21,249,15,6*6A
$GPGSV,2,1,06,13,24,035,34,18,61,284,19,23,15,355,44,25,65,026,54,8*62
$GPGSV,2,2,06,26,18,223,16,28,28,282,28,8*60
$GPGSV,1,1,02,15,04,050,,21,14,136,,0*60
$GLGSV,2,1,08,66,03,144,07,67,11,093,16,73,49,225,11,74,04,207,08,1*7C
$GLGSV,2,2,08,79,11,018,13,80,63,354,45,82,33,154,27,83,55,233,11,1*7D
$GLGSV,2,1,07,67,11,093,17,73,49,225,09,79,11,018,20,80,63,354,43,3*7B
$GLGSV,2,2,07,82,33,154,28,83,55,233,19,84,18,288,21,3*48
$GLGSV,1,1,01,68,01,047,,0*44
$GAGSV,2,1,08,02,24,222,17,10,45,143,37,11,75,156,24,12,21,141,22,1*7E
$GAGSV,2,2,08,14,24,097,27,16,47,053,46,25,79,190,24,36,50,312,17,1*74
$GAGSV,1,1,02,14,24,097,35,16,47,053,49,5*77
$GAGSV,2,1,06,10,45,143,34,11,75,156,28,12,21,141,22,14,24,097,21,7*77
$GAGSV,2,2,06,16,47,053,47,25,79,190,25,7*72
$GAGSV,1,1,01,34,01,317,,0*46
$GBGSV,2,1,05,12,19,089,24,24,18,224,19,29,30,127,43,31,30,267,19,3*7C
$GBGSV,2,2,05,39,41,359,47,3*42
$GBGSV,2,1,07,11,10,118,14,12,19,089,24,20,14,109,18,22,04,014,19,5*79
$GBGSV,2,2,07,29,30,127,47,31,30,267,18,39,41,359,47,5*42
$GBGSV,3,1,11,11,10,118,19,12,19,089,27,19,18,062,18,20,14,109,20,8*72
$GBGSV,3,2,11,22,04,014,22,24,18,224,23,26,54,264,19,29,30,127,45,8*75
$GBGSV,3,3,11,31,30,267,25,35,62,201,23,39,41,359,45,8*4B
$GBGSV,1,1,01,36,00,024,,0*45
$GNGLL,3001.74237,S,05112.74981,W,164020.00,A,D*7F
$GNRMC,164021.00,A,3001.74237,S,05112.74981,W,0.013,,090926,,,F,V*19
$GNVTG,,T,,M,0.013,N,0.025,K,D*3D
$GNGGA,164021.00,3001.74237,S,05112.74981,W,5,12,0.85,50.7,M,4.8,M,2.0,0920*6D
$GNGSA,M,3,23,25,28,29,05,12,13,,,,,,1.65,0.85,1.42,1*06
$GNGSA,M,3,80,82,79,84,83,,,,,,,,1.65,0.85,1.42,2*0D
$GNGSA,M,3,10,11,12,16,25,36,02,,,,,,1.65,0.85,1.42,3*02
$GNGSA,M,3,26,29,31,35,39,12,,,,,,,1.65,0.85,1.42,4*02
$GPGSV,2,1,08,05,41,111,47,12,30,041,41,13,24,035,43,23,15,355,40,1*6A
$GPGSV,2,2,08,25,65,026,53,26,18,223,22,29,58,168,29,31,21,249,13,1*6A
$GPGSV,2,1,08,05,41,111,43,12,30,041,34,13,24,035,36,23,15,355,37,6*69
$GPGSV,2,2,08,25,65,026,48,28,28,282,23,29,58,168,24,31,21,249,14,6*6A
$GPGSV,2,1,06,13,24,035,34,18,61,284,19,23,15,355,44,25,65,026,54,8*62
$GPGSV,2,2,06,26,18,223,15,28,28,282,28,8*63
$GPGSV,1,1,02,15,04,050,,21,14,136,,0*60
$GLGSV,2,1,08,66,03,144,08,67,11,093,15,73,49,225,12,74,04,207,08,1*73
$GLGSV,2,2,08,79,11,018,08,80,63,354,45,82,33,154,27,83,55,233,11,1*77
$GLGSV,2,1,07,67,11,093,16,73,49,225,10,79,11,018,19,80,63,354,43,3*78
$GLGSV,2,2,07,82,33,154,28,83,55,233,21,84,18,288,21,3*43
$GLGSV,1,1,01,68,01,047,,0*44
$GAGSV,2,1,08,02,24,222,17,10,45,143,37,11,75,156,23,12,21,141,21,1*7A
$GAGSV,2,2,08,14,24,097,26,16,47,053,46,25,79,190,24,36,50,312,17,1*75
$GAGSV,1,1,02,14,24,097,36,16,47,053,49,5*74
$GAGSV,2,1,06,10,45,143,34,11,75,156,28,12,21,141,22,14,24,097,21,7*77
$GAGSV,2,2,06,16,47,053,47,25,79,190,25,7*72
$GAGSV,1,1,01,34,01,317,,0*46
$GBGSV,2,1,05,12,19,089,24,24,18,224,19,29,30,127,43,31,30,267,19,3*7C
$GBGSV,2,2,05,39,41,359,47,3*42
$GBGSV,2,1,07,11,10,118,14,12,19,089,24,20,14,109,18,22,04,014,19,5*79
$GBGSV,2,2,07,29,30,127,47,31,30,267,18,39,41,359,47,5*42
$GBGSV,3,1,11,11,10,118,19,12,19,089,27,19,18,062,19,20,14,109,21,8*72
$GBGSV,3,2,11,22,04,014,22,24,18,224,23,26,54,264,19,29,30,127,45,8*75
$GBGSV,3,3,11,31,30,267,25,35,62,201,24,39,41,359,45,8*4C
$GBGSV,1,1,01,36,00,024,,0*45
$GNGLL,3001.74237,S,05112.74981,W,164021.00,A,D*7E
$GNRMC,164022.00,A,3001.74236,S,05112.74981,W,0.006,,090926,,,F,V*1F
$GNVTG,,T,,M,0.006,N,0.012,K,D*3D
$GNGGA,164022.00,3001.74236,S,05112.74981,W,5,12,0.85,50.7,M,4.8,M,2.0,0920*6F
$GNGSA,M,3,23,25,28,29,05,12,13,,,,,,1.65,0.85,1.42,1*06
$GNGSA,M,3,80,82,79,84,83,,,,,,,,1.65,0.85,1.42,2*0D
$GNGSA,M,3,10,11,12,16,25,36,02,,,,,,1.65,0.85,1.42,3*02
$GNGSA,M,3,26,29,31,35,39,12,,,,,,,1.65,0.85,1.42,4*02
$GPGSV,2,1,08,05,41,111,47,12,30,041,41,13,24,035,43,23,15,355,39,1*64
$GPGSV,2,2,08,25,65,026,53,26,18,223,23,29,58,168,29,31,21,249,11,1*69
$GPGSV,2,1,08,05,41,111,43,12,30,041,34,13,24,035,36,23,15,355,37,6*69
$GPGSV,2,2,08,25,65,026,48,28,28,282,23,29,58,168,24,31,21,249,14,6*6A
$GPGSV,2,1,06,13,24,035,34,18,61,284,19,23,15,355,44,25,65,026,54,8*62
$GPGSV,2,2,06,26,18,223,15,28,28,282,28,8*63
$GPGSV,1,1,02,15,04,050,,21,14,136,,0*60
$GLGSV,2,1,08,66,03,144,07,67,11,093,16,73,49,225,12,74,04,207,08,1*7F
$GLGSV,2,2,08,79,11,018,10,80,63,354,45,82,33,154,27,83,55,233,12,1*7D
$GLGSV,2,1,07,67,11,093,15,73,49,225,11,79,11,018,18,80,63,354,43,3*7B
$GLGSV,2,2,07,82,33,154,28,83,55,233,22,84,18,288,20,3*41
$GLGSV,1,1,01,68,01,047,,0*44
$GAGSV,2,1,08,02,25,222,18,10,45,143,37,11,75,156,24,12,21,141,22,1*70
$GAGSV,2,2,08,14,24,097,26,16,47,053,46,25,79,190,24,36,50,312,17,1*75
$GAGSV,1,1,02,14,24,097,36,16,47,053,49,5*74
$GAGSV,2,1,06,10,45,143,34,11,75,156,28,12,21,141,21,14,24,097,22,7*77
$GAGSV,2,2,06,16,47,053,47,25,79,190,25,7*72
$GAGSV,1,1,01,34,01,317,,0*46
$GBGSV,2,1,05,12,19,089,24,24,18,224,18,29,30,127,43,31,30,267,19,3*7D
$GBGSV,2,2,05,39,41,359,47,3*42
$GBGSV,2,1,08,11,10,118,14,12,19,089,24,20,14,109,18,22,04,014,19,5*76
$GBGSV,2,2,08,24,18,224,19,29,30,127,47,31,30,267,18,39,41,359,47,5*7E
$GBGSV,3,1,11,11,10,118,19,12,19,089,27,19,18,062,19,20,14,109,21,8*72
$GBGSV,3,2,11,22,04,014,22,24,18,224,22,26,54,264,19,29,30,127,45,8*74
$GBGSV,3,3,11,31,30,267,25,35,62,201,23,39,41,359,45,8*4B
$GBGSV,1,1,01,36,00,024,,0*45
$GNGLL,3001.74236,S,05112.74981,W,164022.00,A,D*7C
$GNRMC,164023.00,A,3001.74236,S,05112.74981,W,0.026,,090926,,,F,V*1C
$GNVTG,,T,,M,0.026,N,0.048,K,D*30
$GNGGA,164023.00,3001.74236,S,05112.74981,W,5,12,0.85,50.7,M,4.8,M,2.0,0920*6E
$GNGSA,M,3,23,25,28,29,05,12,13,,,,,,1.65,0.85,1.42,1*06
$GNGSA,M,3,80,82,79,84,83,,,,,,,,1.65,0.85,1.42,2*0D
$GNGSA,M,3,10,11,12,16,25,36,02,,,,,,1.65,0.85,1.42,3*02
$GNGSA,M,3,26,29,31,35,39,12,,,,,,,1.65,0.85,1.42,4*02
$GPGSV,2,1,08,05,41,111,48,12,30,041,41,13,24,035,44,23,15,355,39,1*6C
$GPGSV,2,2,08,25,65,026,53,26,18,223,22,29,58,168,29,31,21,249,09,1*61
$GPGSV,2,1,08,05,41,111,43,12,30,041,34,13,24,035,36,23,15,355,38,6*66
$GPGSV,2,2,08,25,65,026,48,28,28,282,23,29,58,168,24,31,21,249,14,6*6A
$GPGSV,2,1,05,13,24,035,34,18,61,284,18,23,15,355,44,25,65,026,54,8*60
$GPGSV,2,2,05,28,28,282,28,8*5A
$GPGSV,1,1,02,15,04,050,,21,14,136,,0*60
$GLGSV,2,1,07,67,11,093,16,73,49,225,12,74,04,207,09,79,11,018,11,1*73
$GLGSV,2,2,07,80,63,354,45,82,33,154,27,83,55,233,13,1*45
$GLGSV,2,1,07,67,11,093,14,73,49,225,14,79,11,018,18,80,63,354,43,3*7F
$GLGSV,2,2,07,82,33,154,28,83,55,233,23,84,18,288,21,3*41
$GLGSV,1,1,02,66,03,144,,68,01,047,,0*75
$GAGSV,2,1,08,02,25,222,17,10,45,143,37,11,75,156,23,12,21,141,22,1*78
$GAGSV,2,2,08,14,24,097,26,16,47,053,46,25,79,190,24,36,50,312,18,1*7A
$GAGSV,1,1,02,14,24,097,36,16,47,053,49,5*74
$GAGSV,2,1,06,10,45,143,34,11,75,156,28,12,21,141,20,14,24,097,22,7*76
$GAGSV,2,2,06,16,47,053,47,25,79,190,25,7*72
$GAGSV,1,1,01,34,01,317,,0*46
$GBGSV,2,1,05,12,19,089,24,24,18,224,17,29,30,127,43,31,30,267,19,3*72
$GBGSV,2,2,05,39,41,359,47,3*42
$GBGSV,3,1,09,11,10,118,14,12,19,089,23,20,14,109,18,22,04,014,18,5*70
$GBGSV,3,2,09,24,18,224,19,26,54,264,13,29,30,127,47,31,30,267,18,5*7A
$GBGSV,3,3,09,39,41,359,47,5*48
$GBGSV,3,1,11,11,10,118,18,12,19,089,27,19,18,062,19,20,14,109,21,8*73
$GBGSV,3,2,11,22,04,014,22,24,18,224,22,26,54,264,19,29,30,127,45,8*74
$GBGSV,3,3,11,31,30,267,25,35,62,201,24,39,41,359,45,8*4C
$GBGSV,1,1,01,36,00,024,,0*45
$GNGLL,3001.74236,S,05112.74981,W,164023.00,A,D*7D
$GNRMC,164024.00,A,3001.74237,S,05112.74982,W,0.017,,090926,,,F,V*1B
$GNVTG,,T,,M,0.017,N,0.032,K,D*3F
$GNGGA,164024.00,3001.74237,S,05112.74982,W,5,12,0.85,50.6,M,4.8,M,2.0,0920*6A
$GNGSA,M,3,23,25,28,29,05,12,13,,,,,,1.65,0.85,1.42,1*06
$GNGSA,M,3,80,82,79,84,83,,,,,,,,1.65,0.85,1.42,2*0D
$GNGSA,M,3,10,11,12,16,25,36,02,,,,,,1.65,0.85,1.42,3*02
$GNGSA,M,3,26,29,31,35,39,12,,,,,,,1.65,0.85,1.42,4*02
$GPGSV,2,1,08,05,41,111,48,12,30,041,41,13,24,035,44,23,15,355,39,1*6C
$GPGSV,2,2,08,25,65,026,53,26,18,223,22,29,58,168,28,31,21,249,14,1*6C
$GPGSV,2,1,08,05,41,111,43,12,30,041,34,13,24,035,36,23,15,355,37,6*69
$GPGSV,2,2,08,25,65,026,48,28,28,282,23,29,58,168,24,31,21,249,14,6*6A
$GPGSV,2,1,05,13,24,035,34,18,61,284,18,23,15,355,44,25,65,026,54,8*60
$GPGSV,2,2,05,28,28,282,28,8*5A
$GPGSV,1,1,02,15,04,050,,21,14,136,,0*60
$GLGSV,2,1,07,67,11,093,15,73,49,225,13,74,04,207,09,79,11,018,14,1*74
$GLGSV,2,2,07,80,63,354,45,82,33,154,27,83,55,233,14,1*42
$GLGSV,2,1,07,67,11,093,13,73,49,225,17,79,11,018,18,80,63,354,43,3*7B
$GLGSV,2,2,07,82,33,154,28,83,55,233,22,84,18,288,21,3*40
$GLGSV,1,1,02,66,03,144,,68,01,047,,0*75
$GAGSV,2,1,08,02,25,222,17,10,45,143,37,11,75,156,23,12,21,141,22,1*78
$GAGSV,2,2,08,14,24,097,25,16,47,053,46,25,79,190,23,36,50,312,18,1*7E
$GAGSV,1,1,02,14,24,097,36,16,47,053,49,5*74
$GAGSV,2,1,06,10,45,143,34,11,75,156,28,12,21,141,20,14,24,097,22,7*76
$GAGSV,2,2,06,16,47,053,47,25,79,190,25,7*72
$GAGSV,1,1,01,34,01,317,,0*46
$GBGSV,2,1,05,12,19,089,23,24,18,224,17,29,30,127,43,31,30,267,19,3*75
$GBGSV,2,2,05,39,41,359,47,3*42
$GBGSV,3,1,09,11,10,118,14,12,19,089,23,20,14,109,18,22,04,014,19,5*71
$GBGSV,3,2,09,24,18,224,19,26,54,264,12,29,30,127,47,31,30,267,19,5*7A
$GBGSV,3,3,09,39,41,359,47,5*48
$GBGSV,3,1,11,11,10,118,18,12,19,089,27,19,18,062,19,20,14,109,21,8*73
$GBGSV,3,2,11,22,04,014,22,24,18,224,21,26,54,264,19,29,30,127,45,8*77
$GBGSV,3,3,11,31,30,267,25,35,62,201,23,39,41,359,45,8*4B
$GBGSV,1,1,01,36,00,024,,0*45
$GNGLL,3001.74237,S,05112.74982,W,164024.00,A,D*78
$GNRMC,164025.00,A,3001.74236,S,05112.74982,W,0.051,,090926,,,F,V*19
$GNVTG,,T,,M,0.051,N,0.094,K,D*31
$GNGGA,164025.00,3001.74236,S,05112.74982,W,5,12,0.85,50.6,M,4.8,M,2.0,0920*6A
$GNGSA,M,3,23,25,28,29,05,12,13,,,,,,1.65,0.85,1.42,1*06
$GNGSA,M,3,80,82,79,84,83,,,,,,,,1.65,0.85,1.42,2*0D
$GNGSA,M,3,10,11,12,16,25,36,02,,,,,,1.65,0.85,1.42,3*02
$GNGSA,M,3,26,29,31,35,39,12,,,,,,,1.65,0.85,1.42,4*02
$GPGSV,2,1,08,05,41,111,47,12,30,041,41,13,24,035,43,23,15,355,39,1*64
$GPGSV,2,2,08,25,65,026,53,26,18,223,22,29,58,168,28,31,21,249,12,1*6A
$GPGSV,2,1,08,05,41,111,43,12,30,041,34,13,24,035,36,23,15,355,37,6*69
$GPGSV,2,2,08,25,65,026,48,28,28,282,23,29,58,168,25,31,21,249,13,6*6C
$GPGSV,2,1,06,13,24,035,34,18,61,284,17,23,15,355,44,25,65,026,54,8*6C
$GPGSV,2,2,06,26,18,223,18,28,28,282,27,8*61
$GPGSV,1,1,02,15,04,050,,21,14,136,,0*60
$GLGSV,2,1,07,67,11,093,15,73,49,225,13,74,04,207,09,79,11,018,12,1*72
$GLGSV,2,2,07,80,63,354,45,82,33,154,27,83,55,233,14,1*42
$GLGSV,2,1,07,67,11,093,13,73,49,225,18,79,11,018,16,80,63,354,43,3*7A
$GLGSV,2,2,07,82,33,154,28,83,55,233,23,84,18,288,21,3*41
$GLGSV,1,1,02,66,03,144,,68,01,047,,0*75
$GAGSV,2,1,08,02,25,222,16,10,45,143,37,11,75,156,24,12,21,141,22,1*7E
$GAGSV,2,2,08,14,24,097,25,16,47,053,46,25,79,190,24,36,50,312,17,1*76
$GAGSV,1,1,02,14,24,097,36,16,47,053,49,5*74
$GAGSV,2,1,06,10,45,143,34,11,75,156,28,12,21,141,21,14,24,097,22,7*77
$GAGSV,2,2,06,16,47,053,47,25,79,190,24,7*73
$GAGSV,1,1,01,34,01,317,,0*46
$GBGSV,2,1,05,12,19,089,23,24,18,224,16,29,30,127,43,31,30,267,18,3*75
$GBGSV,2,2,05,39,41,359,47,3*42
$GBGSV,3,1,09,11,10,118,14,12,19,089,24,20,14,109,18,22,04,014,19,5*76
$GBGSV,3,2,09,24,18,224,19,26,54,264,13,29,30,127,47,31,30,267,19,5*7B
$GBGSV,3,3,09,39,41,359,47,5*48
$GBGSV,3,1,11,11,10,118,19,12,19,089,27,19,18,062,18,20,14,109,22,8*70
$GBGSV,3,2,11,22,04,014,22,24,18,224,21,26,54,264,19,29,30,127,45,8*77
$GBGSV,3,3,11,31,30,267,25,35,62,201,23,39,41,359,45,8*4B
$GBGSV,1,1,01,36,00,024,,0*45
$GNGLL,3001.74236,S,05112.74982,W,164025.00,A,D*78
$GNRMC,164026.00,A,3001.74236,S,05112.74982,W,0.022,,090926,,,F,V*1E
$GNVTG,,T,,M,0.022,N,0.041,K,D*3D
$GNGGA,164026.00,3001.74236,S,05112.74982,W,5,12,0.85,50.6,M,4.8,M,2.0,0920*69
$GNGSA,M,3,23,25,28,29,05,12,13,,,,,,1.65,0.85,1.42,1*06
$GNGSA,M,3,80,82,79,84,83,,,,,,,,1.65,0.85,1.42,2*0D
$GNGSA,M,3,10,11,12,16,25,36,02,,,,,,1.65,0.85,1.42,3*02
$GNGSA,M,3,26,29,31,35,39,12,,,,,,,1.65,0.85,1.42,4*02
$GPGSV,2,1,08,05,41,111,47,12,30,041,41,13,24,035,44,23,15,355,39,1*63
$GPGSV,2,2,08,25,65,026,53,26,18,223,22,29,58,168,28,31,21,249,14,1*6C
$GPGSV,2,1,08,05,41,111,43,12,30,041,34,13,24,035,36,23,15,355,37,6*69
$GPGSV,2,2,08,25,65,026,47,28,28,282,22,29,58,168,25,31,21,249,12,6*63
$GPGSV,2,1,06,13,24,035,34,18,61,284,17,23,15,355,44,25,65,026,54,8*6C
$GPGSV,2,2,06,26,18,223,17,28,28,282,28,8*61
$GPGSV,1,1,02,15,04,050,,21,14,136,,0*60
$GLGSV,2,1,07,67,11,093,16,73,49,225,13,74,04,207,12,79,11,018,11,1*78
$GLGSV,2,2,07,80,63,354,45,82,33,154,27,83,55,233,17,1*41
$GLGSV,2,1,07,67,11,093,12,73,49,225,20,79,11,018,17,80,63,354,43,3*71
$GLGSV,2,2,07,82,33,154,28,83,55,233,23,84,18,288,21,3*41
$GLGSV,1,1,02,66,03,144,,68,01,047,,0*75
$GAGSV,2,1,08,02,25,222,16,10,45,143,37,11,75,156,24,12,21,141,22,1*7E
$GAGSV,2,2,08,14,24,097,25,16,47,053,46,25,79,190,24,36,50,312,17,1*76
$GAGSV,1,1,02,14,24,097,35,16,47,053,49,5*77
$GAGSV,2,1,06,10,45,143,34,11,75,156,28,12,21,141,21,14,24,097,22,7*77
$GAGSV,2,2,06,16,47,053,47,25,79,190,24,7*73
$GAGSV,1,1,01,34,01,317,,0*46
$GBGSV,2,1,05,12,19,089,22,24,18,224,15,29,30,127,43,31,30,267,18,3*77
$GBGSV,2,2,05,39,41,359,47,3*42
$GBGSV,3,1,09,11,10,118,13,12,19,089,24,20,14,109,18,22,04,014,19,5*71
$GBGSV,3,2,09,24,18,224,19,26,54,264,12,29,30,127,47,31,30,267,19,5*7A
$GBGSV,3,3,09,39,41,359,47,5*48
$GBGSV,3,1,11,11,10,118,19,12,19,089,26,19,18,062,18,20,14,109,22,8*71
$GBGSV,3,2,11,22,04,014,22,24,18,224,20,26,54,264,19,29,30,127,45,8*76
$GBGSV,3,3,11,31,30,267,25,35,62,201,24,39,41,359,45,8*4C
$GBGSV,1,1,01,36,00,024,,0*45
$GNGLL,3001.74236,S,05112.74982,W,164026.00,A,D*7B
$GNRMC,164027.00,A,3001.74236,S,05112.74982,W,0.007,,090926,,,F,V*18
$GNVTG,,T,,M,0.007,N,0.013,K,D*3D
$GNGGA,164027.00,3001.74236,S,05112.74982,W,5,12,0.66,50.6,M,4.8,M,2.0,0920*65
$GNGSA,M,3,23,25,28,29,31,05,12,13,,,,,1.28,0.66,1.10,1*07
$GNGSA,M,3,80,82,79,84,83,,,,,,,,1.28,0.66,1.10,2*0E
$GNGSA,M,3,10,11,12,16,25,36,02,,,,,,1.28,0.66,1.10,3*01
$GNGSA,M,3,26,29,31,35,39,12,,,,,,,1.28,0.66,1.10,4*01
$GPGSV,2,1,08,05,41,111,47,12,30,041,40,13,24,035,44,23,15,355,39,1*62
$GPGSV,2,2,08,25,65,026,53,26,18,223,21,29,58,168,28,31,21,249,16,1*6D
$GPGSV,2,1,08,05,41,111,42,12,30,041,34,13,24,035,36,23,15,355,37,6*68
$GPGSV,2,2,08,25,65,026,47,28,28,282,22,29,58,168,25,31,21,249,11,6*60
$GPGSV,2,1,06,13,24,035,34,18,61,284,17,23,15,355,44,25,65,026,54,8*6C
$GPGSV,2,2,06,26,18,223,17,28,28,282,27,8*6E
$GPGSV,1,1,02,15,04,050,,21,14,136,,0*60
$GLGSV,2,1,07,67,11,093,15,73,49,225,15,74,04,207,15,79,11,018,12,1*79
$GLGSV,2,2,07,80,63,354,45,82,33,154,27,83,55,233,17,1*41
$GLGSV,2,1,07,67,11,093,11,73,49,225,20,79,11,018,18,80,63,354,43,3*7D
$GLGSV,2,2,07,82,33,154,28,83,55,233,23,84,18,288,22,3*42
$GLGSV,1,1,02,66,03,144,,68,01,047,,0*75
$GAGSV,2,1,08,02,25,222,17,10,45,143,37,11,75,156,24,12,21,141,22,1*7F
$GAGSV,2,2,08,14,24,097,25,16,47,053,46,25,79,190,24,36,50,312,17,1*76
$GAGSV,1,1,02,14,24,097,36,16,47,053,49,5*74
$GAGSV,2,1,06,10,45,143,34,11,75,156,28,12,21,141,21,14,24,097,22,7*77
$GAGSV,2,2,06,16,47,053,47,25,79,190,24,7*73
$GAGSV,1,1,01,34,01,317,,0*46
$GBGSV,2,1,05,12,19,089,21,24,18,224,15,29,30,127,43,31,30,267,17,3*7B
$GBGSV,2,2,05,39,41,359,47,3*42
$GBGSV,3,1,09,11,10,118,12,12,19,089,24,20,14,109,19,22,04,014,19,5*71
$GBGSV,3,2,09,24,18,224,19,26,54,264,13,29,30,127,47,31,30,267,19,5*7B
$GBGSV,3,3,09,39,41,359,47,5*48
$GBGSV,3,1,11,11,10,118,18,12,19,089,26,19,18,062,17,20,14,109,22,8*7F
$GBGSV,3,2,11,22,04,014,22,24,18,224,19,26,54,264,18,29,30,127,46,8*7E
$GBGSV,3,3,11,31,30,267,25,35,62,201,24,39,41,359,45,8*4C
$GBGSV,1,1,01,36,00,024,,0*45
$GNGLL,3001.74236,S,05112.74982,W,164027.00,A,D*7A
$GNRMC,164028.00,A,3001.74236,S,05112.74981,W,0.012,,090926,,,F,V*10
$GNVTG,,T,,M,0.012,N,0.022,K,D*3B
$GNGGA,164028.00,3001.74236,S,05112.74981,W,5,12,0.85,50.6,M,4.8,M,2.0,0920*64
$GNGSA,M,3,23,25,28,29,05,12,13,,,,,,1.65,0.85,1.42,1*06
$GNGSA,M,3,80,82,79,84,83,,,,,,,,1.65,0.85,1.42,2*0D
$GNGSA,M,3,10,11,12,16,25,36,02,,,,,,1.65,0.85,1.42,3*02
$GNGSA,M,3,26,29,31,35,39,12,,,,,,,1.65,0.85,1.42,4*02
$GPGSV,2,1,08,05,41,111,47,12,30,041,40,13,24,035,44,23,15,355,39,1*62
$GPGSV,2,2,08,25,65,026,53,26,18,223,21,29,58,168,28,31,21,249,09,1*63
$GPGSV,2,1,08,05,41,111,43,12,30,041,34,13,24,035,36,23,15,355,37,6*69
$GPGSV,2,2,08,25,65,026,47,28,28,282,22,29,58,168,24,31,21,249,11,6*61
$GPGSV,2,1,06,13,24,035,34,18,61,284,16,23,15,355,44,25,65,026,54,8*6D
$GPGSV,2,2,06,26,18,223,16,28,28,282,28,8*60
$GPGSV,1,1,02,15,04,050,,21,14,136,,0*60
$GLGSV,2,1,07,67,11,093,12,73,49,225,16,74,04,207,16,79,11,018,08,1*75
$GLGSV,2,2,07,80,63,354,45,82,33,154,26,83,55,233,07,1*41
$GLGSV,2,1,07,67,11,093,09,73,49,225,21,79,11,018,18,80,63,354,43,3*75
$GLGSV,2,2,07,82,33,154,28,83,55,233,23,84,18,288,22,3*42
$GLGSV,1,1,02,66,03,144,,68,01,047,,0*75
$GAGSV,2,1,08,02,25,222,17,10,45,143,37,11,75,156,24,12,21,141,22,1*7F
$GAGSV,2,2,08,14,24,097,25,16,47,053,46,25,79,190,25,36,50,312,17,1*77
$GAGSV,1,1,02,14,24,097,36,16,47,053,49,5*74
$GAGSV,2,1,06,10,45,143,34,11,75,156,28,12,21,141,21,14,24,097,23,7*76
$GAGSV,2,2,06,16,47,053,47,25,79,190,24,7*73
$GAGSV,1,1,01,34,01,317,,0*46
$GBGSV,2,1,05,12,19,089,20,24,18,224,16,29,30,127,43,31,30,267,16,3*78
$GBGSV,2,2,05,39,41,359,47,3*42
$GBGSV,3,1,09,11,10,118,11,12,19,089,24,20,14,109,19,22,04,014,19,5*72
$GBGSV,3,2,09,24,18,224,19,26,54,264,12,29,30,127,47,31,30,267,19,5*7A
$GBGSV,3,3,09,39,41,359,47,5*48
$GBGSV,3,1,11,11,10,118,18,12,19,089,26,19,18,062,16,20,14,109,23,8*7F
$GBGSV,3,2,11,22,04,014,22,24,18,224,18,26,54,264,18,29,30,127,46,8*7F
$GBGSV,3,3,11,31,30,267,25,35,62,201,24,39,41,359,45,8*4C
$GBGSV,1,1,01,36,00,024,,0*45
$GNGLL,3001.74236,S,05112.74981,W,164028.00,A,D*76
$GNRMC,164029.00,A,3001.74236,S,05112.74981,W,0.004,,090926,,,F,V*16
$GNVTG,,T,,M,0.004,N,0.008,K,D*34
$GNGGA,164029.00,3001.74236,S,05112.74981,W,5,12,0.85,50.6,M,4.8,M,2.0,0920*65
$GNGSA,M,3,23,25,28,29,05,12,13,,,,,,1.65,0.85,1.42,1*06
$GNGSA,M,3,80,82,79,84,83,,,,,,,,1.65,0.85,1.42,2*0D
$GNGSA,M,3,10,11,12,16,25,36,02,,,,,,1.65,0.85,1.42,3*02
$GNGSA,M,3,26,29,31,35,39,12,,,,,,,1.65,0.85,1.42,4*02
$GPGSV,2,1,08,05,41,111,47,12,30,041,40,13,24,035,44,23,15,355,39,1*62
$GPGSV,2,2,08,25,65,026,53,26,18,223,21,29,58,168,28,31,21,249,11,1*6A
$GPGSV,2,1,07,05,41,111,43,12,30,041,34,13,24,035,36,23,15,355,37,6*66
$GPGSV,2,2,07,25,65,026,47,28,28,282,22,29,58,168,24,6*50
$GPGSV,2,1,06,13,24,035,33,18,61,284,14,23,15,355,44,25,65,026,54,8*68
$GPGSV,2,2,06,26,18,223,16,28,28,282,28,8*60
$GPGSV,1,1,02,15,04,050,,21,14,136,,0*60
$GLGSV,3,1,09,66,03,144,20,67,11,093,12,73,49,225,16,74,04,207,14,1*77
$GLGSV,3,2,09,79,11,018,11,80,63,354,45,82,33,154,26,83,55,233,12,1*7D
$GLGSV,3,3,09,84,18,288,14,1*43
$GLGSV,2,1,06,73,49,225,22,79,11,018,17,80,63,354,43,82,33,154,28,3*7A
$GLGSV,2,2,06,83,55,233,23,84,18,288,23,3*72
$GLGSV,1,1,01,68,01,047,,0*44
$GAGSV,2,1,08,02,25,222,16,10,45,143,37,11,75,156,24,12,21,141,22,1*7E
$GAGSV,2,2,08,14,24,097,25,16,47,053,46,25,79,190,24,36,50,312,17,1*76
$GAGSV,1,1,02,14,24,097,35,16,47,053,49,5*77
$GAGSV,2,1,06,10,45,143,34,11,75,156,29,12,21,141,21,14,24,097,23,7*77
$GAGSV,2,2,06,16,47,053,47,25,79,190,25,7*72
$GAGSV,1,1,01,34,01,317,,0*46
$GBGSV,2,1,05,12,19,089,20,24,18,224,17,29,30,127,43,31,30,267,16,3*79
$GBGSV,2,2,05,39,41,359,47,3*42
$GBGSV,3,1,09,11,10,118,10,12,19,089,24,20,14,109,19,22,04,014,18,5*72
$GBGSV,3,2,09,24,18,224,19,26,54,264,13,29,30,127,47,31,30,267,20,5*71
$GBGSV,3,3,09,39,41,359,47,5*48
$GBGSV,3,1,11,11,10,118,17,12,19,089,26,19,18,062,17,20,14,109,23,8*71
$GBGSV,3,2,11,22,04,014,22,24,18,224,18,26,54,264,18,29,30,127,46,8*7F
$GBGSV,3,3,11,31,30,267,25,35,62,201,24,39,41,359,45,8*4C
$GBGSV,1,1,01,36,00,024,,0*45
$GNGLL,3001.74236,S,05112.74981,W,164029.00,A,D*77
$GNRMC,164030.00,A,3001.74236,S,05112.74981,W,0.030,,090926,,,F,V*19
$GNVTG,,T,,M,0.030,N,0.056,K,D*38
$GNGGA,164030.00,3001.74236,S,05112.74981,W,5,12,0.66,50.6,M,4.8,M,2.0,0920*60
$GNGSA,M,3,23,25,28,29,31,05,12,13,,,,,1.28,0.66,1.10,1*07
$GNGSA,M,3,80,82,79,84,83,,,,,,,,1.28,0.66,1.10,2*0E
$GNGSA,M,3,10,11,12,16,25,36,02,,,,,,1.28,0.66,1.10,3*01
$GNGSA,M,3,26,29,31,35,39,12,,,,,,,1.28,0.66,1.10,4*01
$GPGSV,2,1,08,05,41,111,47,12,30,041,40,13,24,035,44,23,15,355,39,1*62
$GPGSV,2,2,08,25,65,026,53,26,18,223,22,29,58,168,28,31,21,249,16,1*6E
$GPGSV,2,1,07,05,41,111,43,12,30,041,34,13,24,035,36,23,15,355,37,6*66
$GPGSV,2,2,07,25,65,026,48,28,28,282,22,29,58,168,24,6*5F
$GPGSV,2,1,06,13,24,035,34,18,61,284,14,23,15,355,44,25,65,026,54,8*6F
$GPGSV,2,2,06,26,18,223,15,28,28,282,28,8*63
$GPGSV,1,1,02,15,04,050,,21,14,136,,0*60
$GLGSV,3,1,09,66,03,144,17,67,11,093,12,73,49,225,16,74,04,207,13,1*74
$GLGSV,3,2,09,79,11,018,08,80,63,354,46,82,33,154,26,83,55,233,16,1*72
$GLGSV,3,3,09,84,18,288,16,1*41
$GLGSV,2,1,06,73,49,225,23,79,11,018,18,80,63,354,44,82,33,154,28,3*73
$GLGSV,2,2,06,83,55,233,23,84,18,288,23,3*72
$GLGSV,1,1,01,68,01,047,,0*44
$GAGSV,2,1,08,02,25,222,16,10,44,144,37,11,75,156,25,12,21,141,22,1*79
$GAGSV,2,2,08,14,24,097,25,16,47,053,46,25,79,190,24,36,50,312,17,1*76
$GAGSV,1,1,02,14,24,097,36,16,47,053,49,5*74
$GAGSV,2,1,06,10,44,144,34,11,75,156,29,12,21,141,22,14,24,097,23,7*72
$GAGSV,2,2,06,16,47,053,47,25,79,190,25,7*72
$GAGSV,1,1,01,34,01,317,,0*46
$GBGSV,2,1,05,12,19,089,20,24,18,224,17,29,30,127,43,31,30,267,14,3*7B
$GBGSV,2,2,05,39,41,359,47,3*42
$GBGSV,3,1,09,11,10,118,11,12,19,089,24,20,14,109,19,22,04,014,17,5*7C
$GBGSV,3,2,09,24,18,224,18,26,54,264,11,29,30,127,47,31,30,267,19,5*78
$GBGSV,3,3,09,39,41,359,47,5*48
$GBGSV,3,1,11,11,10,118,17,12,19,089,26,19,18,062,16,20,14,109,23,8*70
$GBGSV,3,2,11,22,04,014,22,24,18,224,19,26,54,264,18,29,30,127,46,8*7E
$GBGSV,3,3,11,31,30,267,25,35,62,201,24,39,41,359,45,8*4C
$GBGSV,1,1,01,36,00,024,,0*45
$GNGLL,3001.74236,S,05112.74981,W,164030.00,A,D*7F
$GNRMC,164031.00,A,3001.74236,S,05112.74981,W,0.003,,090926,,,F,V*18
$GNVTG,,T,,M,0.003,N,0.005,K,D*3E
$GNGGA,164031.00,3001.74236,S,05112.74981,W,5,12,0.66,50.6,M,4.8,M,2.0,0920*61
$GNGSA,M,3,23,25,28,29,31,05,12,13,,,,,1.28,0.66,1.10,1*07
$GNGSA,M,3,80,82,79,84,83,,,,,,,,1.28,0.66,1.10,2*0E
$GNGSA,M,3,10,11,12,16,25,36,02,,,,,,1.28,0.66,1.10,3*01
$GNGSA,M,3,26,29,31,35,39,12,,,,,,,1.28,0.66,1.10,4*01
$GPGSV,2,1,08,05,41,111,48,12,30,041,40,13,24,035,44,23,15,355,39,1*6D
$GPGSV,2,2,08,25,65,026,53,26,18,223,22,29,58,168,28,31,21,249,18,1*60
$GPGSV,2,1,07,05,41,111,43,12,30,041,34,13,24,035,36,23,15,355,38,6*69
$GPGSV,2,2,07,25,65,026,48,28,28,282,22,29,58,168,24,6*5F
$GPGSV,2,1,06,13,24,035,34,18,61,284,13,23,15,355,44,25,65,026,54,8*68
$GPGSV,2,2,06,26,18,223,15,28,28,282,28,8*63
$GPGSV,1,1,02,15,04,050,,21,14,136,,0*60
$GLGSV,3,1,09,66,03,144,14,67,11,093,12,73,49,225,17,74,04,207,12,1*77
$GLGSV,3,2,09,79,11,018,10,80,63,354,46,82,33,154,26,83,55,233,19,1*74
$GLGSV,3,3,09,84,18,288,17,1*40
$GLGSV,2,1,06,73,49,225,23,79,11,018,18,80,63,354,44,82,33,154,28,3*73
$GLGSV,2,2,06,83,55,233,23,84,18,288,24,3*75
$GLGSV,1,1,01,68,01,047,,0*44
$GAGSV,2,1,08,02,25,222,15,10,44,144,37,11,74,156,25,12,21,141,22,1*7B
$GAGSV,2,2,08,14,24,097,25,16,47,053,46,25,79,190,24,36,50,312,17,1*76
$GAGSV,1,1,02,14,24,097,36,16,47,053,49,5*74
$GAGSV,2,1,06,10,44,144,34,11,74,156,29,12,21,141,21,14,24,097,23,7*70
$GAGSV,2,2,06,16,47,053,48,25,79,190,25,7*7D
$GAGSV,1,1,01,34,01,317,,0*46
$GBGSV,2,1,05,12,19,089,18,24,18,224,17,29,30,127,43,31,30,267,12,3*76
$GBGSV,2,2,05,39,41,359,47,3*42
$GBGSV,3,1,09,11,10,118,12,12,19,089,24,20,14,109,19,22,04,014,17,5*7F
$GBGSV,3,2,09,24,18,224,18,26,54,264,11,29,30,127,47,31,30,267,19,5*78
$GBGSV,3,3,09,39,41,359,47,5*48
$GBGSV,3,1,11,11,10,118,17,12,19,089,26,19,18,062,16,20,14,109,23,8*70
$GBGSV,3,2,11,22,04,014,22,24,18,224,18,26,54,264,19,29,30,127,46,8*7E
$GBGSV,3,3,11,31,30,267,24,35,62,201,24,39,41,359,45,8*4D
$GBGSV,1,1,01,36,00,024,,0*45
$GNGLL,3001.74236,S,05112.74981,W,164031.00,A,D*7E
$GNRMC,164032.00,A,3001.74236,S,05112.74982,W,0.012,,090926,,,F,V*18
$GNVTG,,T,,M,0.012,N,0.023,K,D*3A
$GNGGA,164032.00,3001.74236,S,05112.74982,W,5,12,0.66,50.6,M,4.8,M,2.0,0920*61
$GNGSA,M,3,23,25,28,29,31,05,12,13,,,,,1.28,0.66,1.10,1*07
$GNGSA,M,3,80,82,79,84,83,,,,,,,,1.28,0.66,1.10,2*0E
$GNGSA,M,3,10,11,12,16,25,36,02,,,,,,1.28,0.66,1.10,3*01
$GNGSA,M,3,26,29,31,35,39,12,,,,,,,1.28,0.66,1.10,4*01
$GPGSV,2,1,08,05,41,111,47,12,30,041,40,13,24,035,44,23,15,355,39,1*62
$GPGSV,2,2,08,25,65,026,53,26,18,223,21,29,58,168,28,31,21,249,19,1*62
$GPGSV,2,1,07,05,41,111,43,12,30,041,34,13,24,035,36,23,15,355,38,6*69
$GPGSV,2,2,07,25,65,026,48,28,28,282,22,29,58,168,25,6*5E
$GPGSV,2,1,06,13,24,035,34,18,61,284,12,23,15,355,44,25,65,026,54,8*69
$GPGSV,2,2,06,26,18,223,15,28,28,282,27,8*6C
$GPGSV,1,1,02,15,04,050,,21,14,136,,0*60
$GLGSV,3,1,09,66,03,144,11,67,11,093,13,73,49,225,17,74,04,207,12,1*73
$GLGSV,3,2,09,79,11,018,13,80,63,354,46,82,33,154,26,83,55,233,20,1*7D
$GLGSV,3,3,09,84,18,288,18,1*4F
$GLGSV,2,1,06,73,49,225,24,79,11,018,18,80,63,354,44,82,33,154,28,3*74
$GLGSV,2,2,06,83,55,233,23,84,18,288,24,3*75
$GLGSV,1,1,01,68,01,047,,0*44
$GAGSV,2,1,08,02,25,222,16,10,44,144,37,11,74,156,25,12,21,140,22,1*79
$GAGSV,2,2,08,14,24,097,24,16,47,053,46,25,79,190,23,36,50,312,18,1*7F
$GAGSV,1,1,02,14,24,097,36,16,47,053,49,5*74
$GAGSV,2,1,06,10,44,144,34,11,74,156,29,12,21,140,21,14,24,097,23,7*71
$GAGSV,2,2,06,16,47,053,48,25,79,190,25,7*7D
$GAGSV,1,1,01,34,01,317,,0*46
$GBGSV,2,1,05,12,19,089,17,24,18,224,16,29,30,127,43,31,30,267,12,3*78
$GBGSV,2,2,05,39,41,359,47,3*42
$GBGSV,3,1,09,11,10,118,12,12,19,089,24,20,14,109,20,22,04,014,16,5*74
$GBGSV,3,2,09,24,18,224,18,26,54,264,11,29,30,127,47,31,30,267,19,5*78
$GBGSV,3,3,09,39,41,359,47,5*48
$GBGSV,3,1,11,11,10,118,16,12,19,089,26,19,18,062,15,20,14,109,23,8*72
$GBGSV,3,2,11,22,04,014,23,24,18,224,19,26,54,264,18,29,30,127,46,8*7F
$GBGSV,3,3,11,31,30,267,24,35,62,201,25,39,41,359,45,8*4C
$GBGSV,1,1,01,36,00,024,,0*45
$GNGLL,3001.74236,S,05112.74982,W,164032.00,A,D*7E
$GNRMC,164033.00,A,3001.74236,S,05112.74982,W,0.033,,090926,,,F,V*1A
$GNVTG,,T,,M,0.033,N,0.062,K,D*3C
$GNGGA,164033.00,3001.74236,S,05112.74982,W,5,12,0.85,50.6,M,4.8,M,2.0,0920*6D
$GNGSA,M,3,23,25,28,29,31,05,12,13,,,,,1.65,0.85,1.42,1*04
$GNGSA,M,3,80,82,79,84,83,,,,,,,,1.65,0.85,1.42,2*0D
$GNGSA,M,3,10,11,12,16,25,36,02,,,,,,1.65,0.85,1.42,3*02
$GNGSA,M,3,26,29,31,35,39,12,,,,,,,1.65,0.85,1.42,4*02
$GPGSV,2,1,08,05,41,111,48,12,30,041,40,13,24,035,44,23,15,355,39,1*6D
$GPGSV,2,2,08,25,65,026,53,26,18,223,21,29,58,168,28,31,21,249,19,1*62
$GPGSV,2,1,07,05,41,111,43,12,30,041,34,13,24,035,36,23,15,355,38,6*69
$GPGSV,2,2,07,25,65,026,48,28,28,282,21,29,58,168,25,6*5D
$GPGSV,2,1,06,13,24,035,33,18,61,284,11,23,15,355,44,25,65,026,54,8*6D
$GPGSV,2,2,06,26,18,223,15,28,28,282,27,8*6C
$GPGSV,1,1,02,15,04,050,,21,14,136,,0*60
$GLGSV,3,1,09,66,03,144,09,67,11,093,14,73,49,225,17,74,04,207,12,1*7D
$GLGSV,3,2,09,79,11,018,10,80,63,354,46,82,33,154,26,83,55,233,21,1*7F
$GLGSV,3,3,09,84,18,288,18,1*4F
$GLGSV,2,1,06,73,49,225,24,79,11,018,18,80,63,354,44,82,33,154,28,3*74
$GLGSV,2,2,06,83,55,233,23,84,18,288,24,3*75
$GLGSV,1,1,01,68,01,047,,0*44
$GAGSV,2,1,08,02,25,222,15,10,44,144,37,11,74,156,25,12,21,140,22,1*7A
$GAGSV,2,2,08,14,24,097,24,16,47,053,46,25,79,190,24,36,50,312,18,1*78
$GAGSV,1,1,02,14,24,097,36,16,47,053,49,5*74
$GAGSV,2,1,06,10,44,144,34,11,74,156,29,12,21,140,21,14,24,097,23,7*71
$GAGSV,2,2,06,16,47,053,47,25,79,190,25,7*72
$GAGSV,1,1,01,34,01,317,,0*46
$GBGSV,2,1,05,12,19,089,16,24,18,224,15,29,30,127,43,31,30,267,15,3*7D
$GBGSV,2,2,05,39,41,359,47,3*42
$GBGSV,3,1,09,11,10,118,13,12,19,089,24,20,14,109,20,22,04,014,17,5*74
$GBGSV,3,2,09,24,18,224,18,26,54,264,10,29,30,127,47,31,30,267,20,5*73
$GBGSV,3,3,09,39,41,359,47,5*48
$GBGSV,3,1,11,11,10,118,16,12,19,089,26,19,18,062,15,20,14,109,23,8*72
$GBGSV,3,2,11,22,04,014,23,24,18,224,20,26,54,264,19,29,30,127,46,8*74
$GBGSV,3,3,11,31,30,267,24,35,62,201,24,39,41,359,45,8*4D
$GBGSV,1,1,01,36,00,024,,0*45
$GNGLL,3001.74236,S,05112.74982,W,164033.00,A,D*7F
$GNRMC,164034.00,A,3001.74236,S,05112.74982,W,0.015,,090926,,,F,V*19
$GNVTG,,T,,M,0.015,N,0.028,K,D*36
$GNGGA,164034.00,3001.74236,S,05112.74982,W,5,12,0.85,50.6,M,4.8,M,2.0,0920*6A
$GNGSA,M,3,23,25,28,29,31,05,12,13,,,,,1.65,0.85,1.42,1*04
$GNGSA,M,3,80,82,79,84,83,,,,,,,,1.65,0.85,1.42,2*0D
$GNGSA,M,3,10,11,12,16,25,36,02,,,,,,1.65,0.85,1.42,3*02
$GNGSA,M,3,26,29,31,35,39,12,,,,,,,1.65,0.85,1.42,4*02
$GPGSV,2,1,08,05,41,111,48,12,30,041,40,13,24,035,44,23,15,355,39,1*6D
$GPGSV,2,2,08,25,65,026,53,26,18,223,21,29,58,168,28,31,21,249,19,1*62
$GPGSV,1,1,01,26,18,223,14,5*5A
$GPGSV,2,1,07,05,41,111,43,12,30,041,34,13,24,035,36,23,15,355,38,6*69
$GPGSV,2,2,07,25,65,026,48,28,28,282,21,29,58,168,25,6*5D
$GPGSV,2,1,06,13,24,035,34,18,61,284,11,23,15,355,44,25,65,026,54,8*6A
$GPGSV,2,2,06,26,18,223,16,28,28,282,27,8*6F
$GPGSV,1,1,02,15,04,050,,21,14,136,,0*60
$GLGSV,3,1,09,66,03,144,08,67,11,093,16,73,49,225,17,74,04,207,11,1*7D
$GLGSV,3,2,09,79,11,018,09,80,63,354,46,82,33,154,26,83,55,233,21,1*77
$GLGSV,3,3,09,84,18,288,19,1*4E
$GLGSV,2,1,06,73,49,225,25,79,11,018,17,80,63,354,44,82,33,154,28,3*7A
$GLGSV,2,2,06,83,55,233,23,84,18,288,25,3*74
$GLGSV,1,1,01,68,01,047,,0*44
$GAGSV,2,1,08,02,25,222,15,10,44,144,37,11,74,156,25,12,21,140,22,1*7A
$GAGSV,2,2,08,14,24,097,24,16,47,053,46,25,79,190,23,36,50,312,18,1*7F
$GAGSV,1,1,02,14,24,097,36,16,47,053,49,5*74
$GAGSV,2,1,06,10,44,144,34,11,74,156,29,12,21,140,21,14,24,097,23,7*71
$GAGSV,2,2,06,16,47,053,48,25,79,190,26,7*7E
$GAGSV,1,1,01,34,01,317,,0*46
$GBGSV,2,1,05,12,19,089,17,24,18,224,15,29,30,127,43,31,30,267,16,3*7F
$GBGSV,2,2,05,39,41,359,47,3*42
$GBGSV,3,1,09,11,10,118,13,12,19,089,24,20,14,109,21,22,04,014,17,5*75
$GBGSV,3,2,09,24,18,224,19,26,54,264,11,29,30,127,47,31,30,267,20,5*73
$GBGSV,3,3,09,39,41,359,47,5*48
$GBGSV,3,1,11,11,10,118,17,12,19,089,26,19,18,062,13,20,14,109,23,8*75
$GBGSV,3,2,11,22,04,014,22,24,18,224,21,26,54,264,19,29,30,127,46,8*74
$GBGSV,3,3,11,31,30,267,23,35,62,201,25,39,41,359,45,8*4B
$GBGSV,1,1,01,36,00,024,,0*45
$GNGLL,3001.74236,S,05112.74982,W,164034.00,A,D*78
$GNRMC,164035.00,A,3001.74236,S,05112.74982,W,0.014,,090926,,,F,V*19
$GNVTG,,T,,M,0.014,N,0.025,K,D*3A
$GNGGA,164035.00,3001.74236,S,05112.74982,W,5,12,0.85,50.6,M,4.8,M,2.0,0920*6B
$GNGSA,M,3,23,25,28,29,31,05,12,13,,,,,1.65,0.85,1.42,1*04
$GNGSA,M,3,80,82,79,84,83,,,,,,,,1.65,0.85,1.42,2*0D
$GNGSA,M,3,10,11,12,16,25,36,02,,,,,,1.65,0.85,1.42,3*02
$GNGSA,M,3,26,29,31,35,39,12,,,,,,,1.65,0.85,1.42,4*02
$GPGSV,2,1,08,05,41,111,48,12,30,041,40,13,24,035,44,23,15,355,39,1*6D
$GPGSV,2,2,08,25,65,026,53,26,18,223,21,29,58,168,28,31,21,249,20,1*68
$GPGSV,2,1,08,05,41,111,43,12,30,041,34,13,24,035,36,23,15,355,38,6*66
$GPGSV,2,2,08,25,65,026,48,26,18,223,15,28,28,282,20,29,58,168,24,6*68
$GPGSV,2,1,05,13,24,035,34,23,15,355,44,25,65,026,54,26,18,223,16,8*60
$GPGSV,2,2,05,28,28,282,28,8*5A
$GPGSV,1,1,03,15,04,050,,18,61,284,,21,14,136,,0*51
$GLGSV,3,1,09,66,03,144,08,67,11,093,16,73,49,225,17,74,04,207,08,1*75
$GLGSV,3,2,09,79,11,018,10,80,63,354,46,82,33,154,26,83,55,233,21,1*7F
$GLGSV,3,3,09,84,18,288,20,1*44
$GLGSV,2,1,06,73,49,225,25,79,11,018,18,80,63,354,44,82,33,154,28,3*75
$GLGSV,2,2,06,83,55,233,23,84,18,288,26,3*77
$GLGSV,1,1,01,68,01,047,,0*44
$GAGSV,2,1,08,02,25,222,15,10,44,144,37,11,74,156,26,12,21,140,22,1*79
$GAGSV,2,2,08,14,24,097,23,16,47,053,46,25,79,190,24,36,50,312,18,1*7F
$GAGSV,1,1,02,14,24,097,36,16,47,053,49,5*74
$GAGSV,2,1,06,10,44,144,34,11,74,156,29,12,21,140,20,14,24,097,24,7*77
$GAGSV,2,2,06,16,47,053,48,25,79,190,26,7*7E
$GAGSV,1,1,01,34,01,317,,0*46
$GBGSV,2,1,05,12,19,089,17,24,18,224,16,29,30,127,43,31,30,267,16,3*7C
$GBGSV,2,2,05,39,41,359,47,3*42
$GBGSV,3,1,09,11,10,118,13,12,19,089,24,20,14,109,21,22,04,014,17,5*75
$GBGSV,3,2,09,24,18,224,19,26,54,264,11,29,30,127,47,31,30,267,20,5*73
$GBGSV,3,3,09,39,41,359,47,5*48
$GBGSV,3,1,11,11,10,118,16,12,19,089,26,19,18,062,13,20,14,109,23,8*74
$GBGSV,3,2,11,22,04,014,22,24,18,224,22,26,54,264,19,29,30,127,46,8*77
$GBGSV,3,3,11,31,30,267,23,35,62,201,25,39,41,359,45,8*4B
$GBGSV,1,1,01,36,00,024,,0*45
$GNGLL,3001.74236,S,05112.74982,W,164035.00,A,D*79
$GNRMC,164036.00,A,3001.74236,S,05112.74982,W,0.017,,090926,,,F,V*19
$GNVTG,,T,,M,0.017,N,0.032,K,D*3F
$GNGGA,164036.00,3001.74236,S,05112.74982,W,5,12,0.85,50.6,M,4.8,M,2.0,0920*68
$GNGSA,M,3,23,25,28,29,31,05,12,13,,,,,1.65,0.85,1.42,1*04
$GNGSA,M,3,80,82,79,84,83,,,,,,,,1.65,0.85,1.42,2*0D
$GNGSA,M,3,10,11,12,16,25,36,02,,,,,,1.65,0.85,1.42,3*02
$GNGSA,M,3,26,29,31,35,39,12,,,,,,,1.65,0.85,1.42,4*02
$GPGSV,2,1,08,05,41,111,48,12,30,041,40,13,24,035,44,23,15,355,39,1*6D
$GPGSV,2,2,08,25,65,026,53,26,18,223,21,29,58,168,28,31,21,249,21,1*69
$GPGSV,2,1,08,05,41,111,43,12,30,041,34,13,24,035,36,23,15,355,38,6*66
$GPGSV,2,2,08,25,65,026,48,26,18,223,15,28,28,282,21,29,58,168,24,6*69
$GPGSV,2,1,05,13,24,035,33,23,15,355,44,25,65,026,54,26,18,223,16,8*67
$GPGSV,2,2,05,28,28,282,27,8*55
$GPGSV,1,1,03,15,04,050,,18,61,284,,21,14,136,,0*51
$GLGSV,3,1,09,66,03,144,08,67,11,093,17,73,49,225,17,74,04,207,08,1*74
$GLGSV,3,2,09,79,11,018,10,80,63,354,46,82,33,154,26,83,55,233,21,1*7F
$GLGSV,3,3,09,84,18,288,21,1*45
$GLGSV,2,1,06,73,49,225,25,79,11,018,18,80,63,354,43,82,33,154,28,3*72
$GLGSV,2,2,06,83,55,233,22,84,18,288,26,3*76
$GLGSV,1,1,01,68,01,047,,0*44
$GAGSV,2,1,08,02,25,222,15,10,44,144,37,11,74,156,26,12,21,140,23,1*78
$GAGSV,2,2,08,14,24,097,23,16,46,052,46,25,79,190,23,36,50,312,18,1*78
$GAGSV,1,1,02,14,24,097,36,16,46,052,49,5*74
$GAGSV,2,1,06,10,44,144,34,11,74,156,29,12,21,140,21,14,24,097,24,7*76
$GAGSV,2,2,06,16,46,052,48,25,79,190,26,7*7E
$GAGSV,1,1,01,34,01,317,,0*46
$GBGSV,2,1,05,12,19,089,18,24,18,224,14,29,30,127,43,31,30,267,16,3*71
$GBGSV,2,2,05,39,41,359,47,3*42
$GBGSV,3,1,10,11,10,118,13,12,19,089,24,19,18,062,16,20,14,109,20,5*79
$GBGSV,3,2,10,22,04,014,17,24,18,224,18,26,54,264,10,29,30,127,47,5*7C
$GBGSV,3,3,10,31,30,267,20,39,41,359,47,5*70
$GBGSV,3,1,11,11,10,118,16,12,19,089,26,19,18,062,12,20,14,109,23,8*75
$GBGSV,3,2,11,22,04,014,23,24,18,224,23,26,54,264,19,29,30,127,46,8*77
$GBGSV,3,3,11,31,30,267,22,35,62,201,25,39,41,359,45,8*4A
$GBGSV,1,1,01,36,00,024,,0*45
$GNGLL,3001.74236,S,05112.74982,W,164036.00,A,D*7A
$GNRMC,164037.00,A,3001.74236,S,05112.74982,W,0.003,,090926,,,F,V*1D
$GNVTG,,T,,M,0.003,N,0.006,K,D*3D
$GNGGA,164037.00,3001.74236,S,05112.74982,W,5,12,0.85,50.6,M,4.8,M,2.0,0920*69
$GNGSA,M,3,23,25,28,29,31,05,12,13,,,,,1.65,0.85,1.42,1*04
$GNGSA,M,3,80,82,79,84,83,,,,,,,,1.65,0.85,1.42,2*0D
$GNGSA,M,3,10,11,12,16,25,36,02,,,,,,1.65,0.85,1.42,3*02
$GNGSA,M,3,26,29,31,35,39,12,,,,,,,1.65,0.85,1.42,4*02
$GPGSV,2,1,08,05,41,111,47,12,30,041,40,13,24,035,44,23,15,355,39,1*62
$GPGSV,2,2,08,25,65,026,53,26,18,223,22,29,58,168,27,31,21,249,21,1*65
$GPGSV,2,1,08,05,41,111,42,12,30,041,34,13,24,035,36,23,15,355,38,6*67
$GPGSV,2,2,08,25,65,026,48,26,18,223,14,28,28,282,20,29,58,168,24,6*69
$GPGSV,2,1,05,13,24,035,33,23,15,355,44,25,65,026,54,26,18,223,17,8*66
$GPGSV,2,2,05,28,28,282,27,8*55
$GPGSV,1,1,03,15,04,050,,18,61,284,,21,14,136,,0*51
$GLGSV,3,1,09,66,03,144,08,67,11,093,17,73,49,225,17,74,04,207,10,1*7D
$GLGSV,3,2,09,79,11,018,10,80,63,354,46,82,33,154,26,83,55,233,20,1*7E
$GLGSV,3,3,09,84,18,288,22,1*46
$GLGSV,2,1,06,73,49,225,25,79,11,018,18,80,63,354,43,82,33,154,28,3*72
$GLGSV,2,2,06,83,55,233,21,84,18,288,26,3*75
$GLGSV,1,1,01,68,01,047,,0*44
$GAGSV,2,1,08,02,25,222,15,10,44,144,37,11,74,156,26,12,21,140,22,1*79
$GAGSV,2,2,08,14,24,097,23,16,46,052,46,25,79,190,23,36,50,312,18,1*78
$GAGSV,1,1,02,14,24,097,35,16,46,052,49,5*77
$GAGSV,2,1,06,10,44,144,35,11,74,156,29,12,21,140,21,14,24,097,24,7*77
$GAGSV,2,2,06,16,46,052,48,25,79,190,26,7*7E
$GAGSV,1,1,01,34,01,317,,0*46
$GBGSV,2,1,05,12,19,089,17,24,18,224,14,29,30,127,43,31,30,267,15,3*7D
$GBGSV,2,2,05,39,41,359,47,3*42
$GBGSV,3,1,10,11,10,118,13,12,19,089,24,19,18,062,16,20,14,109,20,5*79
$GBGSV,3,2,10,22,04,014,15,24,18,224,18,26,54,264,10,29,30,127,47,5*7E
$GBGSV,3,3,10,31,30,267,21,39,41,359,47,5*71
$GBGSV,3,1,11,11,10,118,16,12,19,089,25,19,18,062,12,20,14,109,23,8*76
$GBGSV,3,2,11,22,04,014,23,24,18,224,24,26,54,264,19,29,30,127,46,8*70
$GBGSV,3,3,11,31,30,267,21,35,62,201,25,39,41,359,45,8*49
$GBGSV,1,1,01,36,00,024,,0*45
$GNGLL,3001.74236,S,05112.74982,W,164037.00,A,D*7B
$GNRMC,164038.00,A,3001.74236,S,05112.74983,W,0.031,,090926,,,F,V*12
$GNVTG,,T,,M,0.031,N,0.057,K,D*38
$GNGGA,164038.00,3001.74236,S,05112.74983,W,5,12,0.85,50.6,M,4.8,M,2.0,0920*67
$GNGSA,M,3,23,25,28,29,31,05,12,13,,,,,1.65,0.85,1.42,1*04
$GNGSA,M,3,80,82,79,84,83,,,,,,,,1.65,0.85,1.42,2*0D
$GNGSA,M,3,10,11,12,16,25,36,02,,,,,,1.65,0.85,1.42,3*02
$GNGSA,M,3,26,29,31,35,39,12,,,,,,,1.65,0.85,1.42,4*02
$GPGSV,2,1,08,05,41,111,47,12,30,041,40,13,24,035,44,23,15,355,39,1*62
$GPGSV,2,2,08,25,65,026,53,26,18,223,22,29,58,168,27,31,21,249,22,1*66
$GPGSV,1,1,01,31,21,249,15,5*5B
$GPGSV,3,1,09,05,41,111,42,12,30,041,34,13,24,035,35,21,14,136,15,6*6F
$GPGSV,3,2,09,23,15,355,38,25,65,026,48,26,18,223,13,28,28,282,20,6*6C
$GPGSV,3,3,09,29,58,168,24,6*55
$GPGSV,2,1,06,13,24,035,33,18,61,284,15,23,15,355,44,25,65,026,54,8*69
$GPGSV,2,2,06,26,18,223,16,28,28,282,27,8*6F
$GPGSV,1,1,01,15,04,050,,0*51
$GLGSV,3,1,09,66,03,144,10,67,11,093,17,73,49,225,18,74,04,207,11,1*7A
$GLGSV,3,2,09,79,11,018,10,80,63,354,46,82,33,154,25,83,55,233,20,1*7D
$GLGSV,3,3,09,84,18,288,22,1*46
$GLGSV,2,1,06,73,49,225,24,79,11,018,18,80,63,354,43,82,33,154,27,3*7C
$GLGSV,2,2,06,83,55,233,21,84,18,288,26,3*75
$GLGSV,1,1,01,68,01,047,,0*44
$GAGSV,2,1,08,02,25,222,15,10,44,144,37,11,74,156,26,12,21,140,22,1*79
$GAGSV,2,2,08,14,24,097,23,16,46,052,46,25,79,190,23,36,50,312,18,1*78
$GAGSV,1,1,02,14,24,097,35,16,46,052,49,5*77
$GAGSV,2,1,06,10,44,144,34,11,74,156,29,12,21,140,21,14,24,097,24,7*76
$GAGSV,2,2,06,16,46,052,48,25,79,190,25,7*7D
$GAGSV,1,1,01,34,01,317,,0*46
$GBGSV,2,1,05,12,19,089,16,24,18,224,13,29,30,127,43,31,30,267,14,3*7A
$GBGSV,2,2,05,39,41,359,47,3*42
$GBGSV,3,1,10,11,10,118,14,12,19,089,24,19,18,062,18,20,14,109,20,5*70
$GBGSV,3,2,10,22,04,014,14,24,18,224,18,26,54,264,10,29,30,127,47,5*7F
$GBGSV,3,3,10,31,30,267,21,39,41,359,47,5*71
$GBGSV,3,1,11,11,10,118,14,12,19,089,25,19,18,062,13,20,14,109,23,8*75
$GBGSV,3,2,11,22,04,014,23,24,18,224,25,26,54,264,18,29,30,127,46,8*70
$GBGSV,3,3,11,31,30,267,22,35,62,201,24,39,41,359,45,8*4B
$GBGSV,1,1,01,36,00,024,,0*45
$GNGLL,3001.74236,S,05112.74983,W,164038.00,A,D*75
$GNRMC,164039.00,A,3001.74236,S,05112.74983,W,0.039,,090926,,,F,V*1B
$GNVTG,,T,,M,0.039,N,0.073,K,D*36
$GNGGA,164039.00,3001.74236,S,05112.74983,W,5,12,0.85,50.5,M,4.8,M,2.0,0920*65
$GNGSA,M,3,23,25,28,29,31,05,12,13,,,,,1.65,0.85,1.42,1*04
$GNGSA,M,3,80,82,79,84,83,,,,,,,,1.65,0.85,1.42,2*0D
$GNGSA,M,3,10,11,12,16,25,36,,,,,,,1.65,0.85,1.42,3*00
$GNGSA,M,3,26,29,31,35,39,12,,,,,,,1.65,0.85,1.42,4*02
$GPGSV,2,1,08,05,41,111,47,12,30,041,40,13,24,035,44,23,15,355,39,1*62
$GPGSV,2,2,08,25,65,026,53,26,18,223,22,29,58,168,27,31,21,249,23,1*67
$GPGSV,1,1,01,31,21,249,15,5*5B
$GPGSV,3,1,09,05,41,111,43,12,30,041,34,13,24,035,35,21,14,136,15,6*6E
$GPGSV,3,2,09,23,15,355,38,25,65,026,48,26,18,223,11,28,28,282,19,6*64
$GPGSV,3,3,09,29,58,168,24,6*55
$GPGSV,2,1,06,13,24,035,34,18,61,284,14,23,15,355,44,25,65,026,54,8*6F
$GPGSV,2,2,06,26,18,223,17,28,28,282,27,8*6E
$GPGSV,1,1,01,15,04,050,,0*51
$GLGSV,3,1,09,66,03,144,08,67,11,093,17,73,49,225,18,74,04,207,10,1*72
$GLGSV,3,2,09,79,11,018,11,80,63,354,46,82,33,154,26,83,55,233,21,1*7E
$GLGSV,3,3,09,84,18,288,23,1*47
$GLGSV,2,1,06,73,49,225,23,79,11,018,18,80,63,354,44,82,33,154,28,3*73
$GLGSV,2,2,06,83,55,233,21,84,18,288,26,3*75
$GLGSV,1,1,01,68,01,047,,0*44
$GAGSV,2,1,08,02,25,222,13,10,44,144,37,11,74,156,26,12,21,140,23,1*7E
$GAGSV,2,2,08,14,24,097,23,16,46,052,46,25,79,190,23,36,50,312,17,1*77
$GAGSV,1,1,02,14,24,097,35,16,46,052,49,5*77
$GAGSV,2,1,06,10,44,144,34,11,74,156,29,12,21,140,21,14,24,097,24,7*76
$GAGSV,2,2,06,16,46,052,48,25,79,190,25,7*7D
$GAGSV,1,1,01,34,01,317,,0*46
$GBGSV,2,1,05,12,19,089,16,24,18,224,14,29,30,127,43,31,30,267,14,3*7D
$GBGSV,2,2,05,39,41,359,47,3*42
$GBGSV,3,1,10,11,10,118,12,12,19,089,24,19,18,062,17,20,14,109,19,5*73
$GBGSV,3,2,10,22,04,014,10,24,18,224,18,26,54,264,10,29,30,127,47,5*7B
$GBGSV,3,3,10,31,30,267,21,39,41,359,47,5*71
$GBGSV,3,1,11,11,10,118,14,12,19,089,25,19,18,062,10,20,14,109,23,8*76
$GBGSV,3,2,11,22,04,014,22,24,18,224,25,26,54,264,17,29,30,127,46,8*7E
$GBGSV,3,3,11,31,30,267,22,35,62,201,25,39,41,359,45,8*4A
$GBGSV,1,1,01,36,00,024,,0*45
$GNGLL,3001.74236,S,05112.74983,W,164039.00,A,D*74
$GNRMC,164040.00,A,3001.74236,S,05112.74983,W,0.004,,090926,,,F,V*1B
$GNVTG,,T,,M,0.004,N,0.007,K,D*3B
$GNGGA,164040.00,3001.74236,S,05112.74983,W,5,12,0.85,50.5,M,4.8,M,2.0,0920*6B
$GNGSA,M,3,23,25,28,29,31,05,12,13,,,,,1.65,0.85,1.42,1*04
$GNGSA,M,3,80,82,79,84,83,,,,,,,,1.65,0.85,1.42,2*0D
$GNGSA,M,3,10,11,12,16,25,36,,,,,,,1.65,0.85,1.42,3*00
$GNGSA,M,3,26,29,35,39,12,,,,,,,,1.65,0.85,1.42,4*00
$GPGSV,2,1,08,05,41,111,48,12,30,041,40,13,24,035,44,23,15,355,39,1*6D
$GPGSV,2,2,08,25,65,026,53,26,18,223,21,29,58,168,27,31,21,249,23,1*64
$GPGSV,3,1,10,05,41,111,43,12,30,041,34,13,24,035,36,21,14,136,16,6*66
$GPGSV,3,2,10,23,15,355,38,25,65,026,48,26,18,223,10,28,28,282,19,6*6D
$GPGSV,3,3,10,29,58,168,24,31,21,249,13,6*61
$GPGSV,2,1,06,13,24,035,33,18,61,284,12,23,15,355,44,25,65,026,54,8*6E
$GPGSV,2,2,06,26,18,223,17,28,28,282,27,8*6E
$GPGSV,1,1,01,15,04,050,,0*51
$GLGSV,3,1,09,66,03,144,11,67,11,093,16,73,49,225,18,74,04,207,09,1*73
$GLGSV,3,2,09,79,11,018,10,80,63,354,46,82,33,154,26,83,55,233,21,1*7F
$GLGSV,3,3,09,84,18,288,24,1*40
$GLGSV,2,1,06,73,49,225,23,79,11,018,18,80,63,354,44,82,33,154,28,3*73
$GLGSV,2,2,06,83,55,233,21,84,18,288,26,3*75
$GLGSV,1,1,01,68,01,047,,0*44
$GAGSV,2,1,08,02,25,222,12,10,44,144,37,11,74,156,26,12,21,140,23,1*7F
$GAGSV,2,2,08,14,24,097,24,16,46,052,46,25,80,189,22,36,50,312,17,1*7F
$GAGSV,1,1,02,14,24,097,35,16,46,052,49,5*77
$GAGSV,2,1,06,10,44,144,34,11,74,156,29,12,21,140,21,14,24,097,24,7*76
$GAGSV,2,2,06,16,46,052,48,25,80,189,25,7*73
$GAGSV,1,1,01,34,01,317,,0*46
$GBGSV,2,1,05,12,19,089,17,24,18,224,13,29,30,127,43,31,30,267,14,3*7B
$GBGSV,2,2,05,39,41,359,47,3*42
$GBGSV,3,1,10,11,10,118,12,12,19,089,25,19,18,062,18,20,14,109,20,5*77
$GBGSV,3,2,10,22,04,014,12,24,18,224,17,26,54,264,11,29,30,127,47,5*77
$GBGSV,3,3,10,31,30,267,20,39,41,359,47,5*70
$GBGSV,3,1,11,11,10,118,14,12,19,089,24,19,18,062,09,20,14,109,22,8*7E
$GBGSV,3,2,11,22,04,014,22,24,18,224,26,26,54,264,17,29,30,127,46,8*7D
$GBGSV,3,3,11,31,30,267,21,35,62,201,24,39,41,359,45,8*48
$GBGSV,1,1,01,36,00,024,,0*45
$GNGLL,3001.74236,S,05112.74983,W,164040.00,A,D*7A
$GNRMC,164041.00,A,3001.74236,S,05112.74984,W,0.028,,090926,,,F,V*13
$GNVTG,,T,,M,0.028,N,0.051,K,D*36
$GNGGA,164041.00,3001.74236,S,05112.74984,W,5,12,0.85,50.5,M,4.8,M,2.0,0920*6D
$GNGSA,M,3,23,25,28,29,31,05,12,13,,,,,1.65,0.85,1.42,1*04
$GNGSA,M,3,80,82,79,84,83,,,,,,,,1.65,0.85,1.42,2*0D
$GNGSA,M,3,10,11,12,16,25,36,,,,,,,1.65,0.85,1.42,3*00
$GNGSA,M,3,19,26,29,31,35,39,12,,,,,,1.65,0.85,1.42,4*0A
$GPGSV,2,1,08,05,41,111,48,12,30,041,40,13,24,035,44,23,15,355,39,1*6D
$GPGSV,2,2,08,25,65,026,53,26,18,223,22,29,58,168,27,31,21,249,23,1*67
$GPGSV,3,1,10,05,41,111,43,12,30,041,34,13,24,035,36,21,14,136,15,6*65
$GPGSV,3,2,10,23,15,355,38,25,65,026,48,26,18,223,10,28,28,282,20,6*67
$GPGSV,3,3,10,29,58,168,23,31,21,249,13,6*66
$GPGSV,2,1,06,13,24,035,34,18,61,284,13,23,15,355,44,25,65,026,54,8*68
$GPGSV,2,2,06,26,18,223,16,28,28,282,27,8*6F
$GPGSV,1,1,01,15,04,050,,0*51
$GLGSV,3,1,09,66,03,144,09,67,11,093,16,73,49,225,17,74,04,207,08,1*74
$GLGSV,3,2,09,79,11,018,12,80,63,354,46,82,33,154,25,83,55,233,22,1*7D
$GLGSV,3,3,09,84,18,288,24,1*40
$GLGSV,2,1,06,73,49,225,22,79,11,018,19,80,63,354,44,82,33,154,28,3*73
$GLGSV,2,2,06,83,55,233,21,84,18,288,27,3*74
$GLGSV,1,1,01,68,01,047,,0*44
$GAGSV,2,1,08,02,25,222,12,10,44,144,37,11,74,156,26,12,21,140,23,1*7F
$GAGSV,2,2,08,14,24,097,23,16,46,052,46,25,80,189,22,36,50,312,17,1*78
$GAGSV,1,1,02,14,24,097,35,16,46,052,49,5*77
$GAGSV,2,1,06,10,44,144,35,11,74,156,29,12,21,140,21,14,24,097,25,7*76
$GAGSV,2,2,06,16,46,052,48,25,80,189,25,7*73
$GAGSV,1,1,01,34,01,317,,0*46
$GBGSV,1,1,04,12,19,089,16,29,30,127,43,31,30,267,15,39,41,359,47,3*73
$GBGSV,3,1,09,12,19,089,25,19,18,062,17,20,14,109,21,22,04,014,14,5*7F
$GBGSV,3,2,09,24,18,224,18,26,54,264,09,29,30,127,47,31,30,267,20,5*7B
$GBGSV,3,3,09,39,41,359,47,5*48
$GBGSV,3,1,11,11,10,118,14,12,19,089,24,19,18,062,22,20,14,109,21,8*74
$GBGSV,3,2,11,22,04,014,22,24,18,224,26,26,54,264,17,29,30,127,46,8*7D
$GBGSV,3,3,11,31,30,267,22,35,62,201,24,39,41,359,45,8*4B
$GBGSV,1,1,01,36,00,024,,0*45
$GNGLL,3001.74236,S,05112.74984,W,164041.00,A,D*7C
$GNRMC,164042.00,A,3001.74236,S,05112.74983,W,0.038,,090926,,,F,V*16
$GNVTG,,T,,M,0.038,N,0.070,K,D*34
$GNGGA,164042.00,3001.74236,S,05112.74983,W,5,12,0.85,50.5,M,4.8,M,2.0,0920*69
$GNGSA,M,3,21,23,25,28,29,31,05,12,13,,,,1.65,0.85,1.42,1*07
$GNGSA,M,3,80,82,79,84,83,,,,,,,,1.65,0.85,1.42,2*0D
$GNGSA,M,3,10,11,12,16,25,36,,,,,,,1.65,0.85,1.42,3*00
$GNGSA,M,3,19,26,29,35,39,12,,,,,,,1.65,0.85,1.42,4*08
$GPGSV,2,1,08,05,41,111,48,12,30,041,40,13,24,035,44,23,15,355,39,1*6D
$GPGSV,2,2,08,25,65,026,53,26,18,223,22,29,58,168,27,31,21,249,23,1*67
$GPGSV,3,1,10,05,41,111,43,12,30,041,34,13,24,035,36,21,14,136,15,6*65
$GPGSV,3,2,10,23,15,355,38,25,65,026,48,26,18,223,13,28,28,282,19,6*6E
$GPGSV,3,3,10,29,58,168,23,31,21,249,12,6*67
$GPGSV,2,1,06,13,24,035,34,18,61,284,12,23,15,355,44,25,65,026,54,8*69
$GPGSV,2,2,06,26,18,223,16,28,28,282,27,8*6F
$GPGSV,1,1,01,15,04,050,,0*51
$GLGSV,3,1,09,66,03,144,08,67,11,093,16,73,49,225,18,74,04,207,07,1*75
$GLGSV,3,2,09,79,11,018,14,80,63,354,46,82,33,154,25,83,55,233,22,1*7B
$GLGSV,3,3,09,84,18,288,24,1*40
$GLGSV,2,1,06,73,49,225,22,79,11,018,20,80,63,354,44,82,33,154,28,3*79
$GLGSV,2,2,06,83,55,233,21,84,18,288,27,3*74
$GLGSV,1,1,01,68,01,047,,0*44
$GAGSV,2,1,08,02,25,222,12,10,44,144,37,11,74,156,26,12,21,140,22,1*7E
$GAGSV,2,2,08,14,24,097,24,16,46,052,46,25,80,189,21,36,50,312,18,1*73
$GAGSV,1,1,02,14,24,097,35,16,46,052,49,5*77
$GAGSV,2,1,06,10,44,144,35,11,74,156,29,12,21,140,22,14,24,097,24,7*74
$GAGSV,2,2,06,16,46,052,48,25,80,189,25,7*73
$GAGSV,1,1,01,34,01,317,,0*46
$GBGSV,1,1,04,12,19,089,17,29,30,127,43,31,30,267,15,39,41,359,47,3*72
$GBGSV,3,1,09,12,19,089,24,19,18,062,17,20,14,109,20,22,04,014,14,5*7F
$GBGSV,3,2,09,24,18,224,18,26,54,264,08,29,30,127,47,31,30,267,20,5*7A
$GBGSV,3,3,09,39,41,359,47,5*48
$GBGSV,3,1,11,11,10,118,16,12,19,089,23,19,18,062,23,20,14,109,20,8*71
$GBGSV,3,2,11,22,04,014,22,24,18,224,26,26,54,264,17,29,30,127,46,8*7D
$GBGSV,3,3,11,31,30,267,21,35,62,201,24,39,41,359,45,8*48
$GBGSV,1,1,01,36,00,024,,0*45
$GNGLL,3001.74236,S,05112.74983,W,164042.00,A,D*78
$GNRMC,164043.00,A,3001.74235,S,05112.74983,W,0.032,,090926,,,F,V*1E
$GNVTG,,T,,M,0.032,N,0.059,K,D*35
$GNGGA,164043.00,3001.74235,S,05112.74983,W,5,12,0.85,50.5,M,4.8,M,2.0,0920*6B
$GNGSA,M,3,21,23,25,28,29,31,05,12,13,,,,1.65,0.85,1.42,1*07
$GNGSA,M,3,80,82,79,84,83,,,,,,,,1.65,0.85,1.42,2*0D
$GNGSA,M,3,10,11,12,16,25,36,,,,,,,1.65,0.85,1.42,3*00
$GNGSA,M,3,26,29,31,35,39,12,,,,,,,1.65,0.85,1.42,4*02
$GPGSV,2,1,08,05,41,111,48,12,30,041,40,13,24,035,44,23,15,355,39,1*6D
$GPGSV,2,2,08,25,65,026,53,26,18,223,22,29,58,168,27,31,21,249,24,1*60
$GPGSV,3,1,10,05,41,111,43,12,30,041,34,13,24,035,36,21,14,136,15,6*65
$GPGSV,3,2,10,23,15,355,38,25,65,026,48,26,18,223,14,28,28,282,19,6*69
$GPGSV,3,3,10,29,58,168,23,31,21,249,13,6*66
$GPGSV,2,1,06,13,24,035,34,18,61,284,11,23,15,355,44,25,65,026,54,8*6A
$GPGSV,2,2,06,26,18,223,17,28,28,282,27,8*6E
$GPGSV,1,1,01,15,04,050,,0*51
$GLGSV,3,1,09,66,03,144,07,67,11,093,17,73,49,225,19,74,04,207,08,1*75
$GLGSV,3,2,09,79,11,018,13,80,63,354,46,82,33,154,25,83,55,233,22,1*7C
$GLGSV,3,3,09,84,18,288,25,1*41
$GLGSV,2,1,06,73,49,225,21,79,11,018,20,80,63,354,44,82,33,154,28,3*7A
$GLGSV,2,2,06,83,55,233,20,84,18,288,27,3*75
$GLGSV,1,1,01,68,01,047,,0*44
$GAGSV,2,1,08,02,25,222,11,10,44,144,37,11,74,156,26,12,21,140,23,1*7C
$GAGSV,2,2,08,14,24,097,24,16,46,052,45,25,80,189,22,36,50,312,18,1*73
$GAGSV,1,1,02,14,24,097,35,16,46,052,49,5*77
$GAGSV,2,1,06,10,44,144,35,11,74,156,29,12,21,140,22,14,24,097,24,7*74
$GAGSV,2,2,06,16,46,052,48,25,80,189,24,7*72
$GAGSV,1,1,01,34,01,317,,0*46
$GBGSV,1,1,04,12,19,089,16,29,30,127,43,31,30,267,14,39,41,359,47,3*72
$GBGSV,3,1,09,12,19,089,25,19,18,062,16,20,14,109,21,22,04,014,14,5*7E
$GBGSV,3,2,09,24,18,224,18,26,54,264,08,29,30,127,47,31,30,267,20,5*7A
$GBGSV,3,3,09,39,41,359,47,5*48
$GBGSV,3,1,11,11,10,118,16,12,19,089,23,19,18,062,23,20,14,109,21,8*70
$GBGSV,3,2,11,22,04,014,22,24,18,224,26,26,54,264,17,29,30,127,46,8*7D
$GBGSV,3,3,11,31,30,267,21,35,62,201,24,39,41,359,45,8*48
$GBGSV,1,1,01,36,00,024,,0*45
$GNGLL,3001.74235,S,05112.74983,W,164043.00,A,D*7A
$GNRMC,164044.00,A,3001.74235,S,05112.74983,W,0.007,,090926,,,F,V*1F
$GNVTG,,T,,M,0.007,N,0.014,K,D*3A
$GNGGA,164044.00,3001.74235,S,05112.74983,W,5,12,0.67,50.5,M,4.8,M,2.0,0920*60
$GNGSA,M,3,21,23,25,28,29,31,05,12,13,,,,1.28,0.67,1.09,1*0D
$GNGSA,M,3,80,82,79,84,83,,,,,,,,1.28,0.67,1.09,2*07
$GNGSA,M,3,10,11,12,16,25,36,,,,,,,1.28,0.67,1.09,3*0A
$GNGSA,M,3,26,29,31,35,39,12,,,,,,,1.28,0.67,1.09,4*08
$GPGSV,2,1,08,05,41,111,48,12,30,041,39,13,24,035,44,23,15,355,39,1*63
$GPGSV,2,2,08,25,65,026,53,26,18,223,22,29,58,168,26,31,21,249,25,1*60
$GPGSV,3,1,09,05,41,111,43,12,30,041,34,13,24,035,36,21,14,136,15,6*6D
$GPGSV,3,2,09,23,15,355,38,25,65,026,48,28,28,282,19,29,58,168,23,6*62
$GPGSV,3,3,09,31,21,249,13,6*56
$GPGSV,2,1,06,13,24,035,34,18,61,284,11,23,15,355,44,25,65,026,54,8*6A
$GPGSV,2,2,06,26,18,223,17,28,28,282,27,8*6E
$GPGSV,1,1,01,15,04,050,,0*51
$GLGSV,3,1,09,66,03,144,08,67,11,093,17,73,49,225,19,74,04,207,07,1*75
$GLGSV,3,2,09,79,11,018,16,80,63,354,46,82,33,154,25,83,55,233,23,1*78
$GLGSV,3,3,09,84,18,288,25,1*41
$GLGSV,2,1,06,73,49,225,21,79,11,018,21,80,63,354,44,82,33,154,28,3*7B
$GLGSV,2,2,06,83,55,233,21,84,18,288,27,3*74
$GLGSV,1,1,01,68,01,047,,0*44
$GAGSV,2,1,08,02,25,222,10,10,44,144,37,11,74,156,26,12,21,140,23,1*7D
$GAGSV,2,2,08,14,24,097,25,16,46,052,45,25,80,189,22,36,50,312,16,1*7C
$GAGSV,1,1,02,14,24,097,35,16,46,052,49,5*77
$GAGSV,2,1,06,10,44,144,35,11,74,156,29,12,21,140,21,14,24,097,23,7*70
$GAGSV,2,2,06,16,46,052,48,25,80,189,24,7*72
$GAGSV,1,1,01,34,01,317,,0*46
$GBGSV,1,1,04,12,19,089,16,29,30,127,43,31,30,267,13,39,41,359,47,3*75
$GBGSV,2,1,08,12,19,089,24,19,18,062,15,20,14,109,21,22,04,014,14,5*7C
$GBGSV,2,2,08,24,18,224,19,29,30,127,47,31,30,267,20,39,41,359,47,5*75
$GBGSV,3,1,11,11,10,118,16,12,19,089,22,19,18,062,24,20,14,109,20,8*77
$GBGSV,3,2,11,22,04,014,22,24,18,224,26,26,54,264,17,29,30,127,46,8*7D
$GBGSV,3,3,11,31,30,267,22,35,62,201,24,39,41,359,45,8*4B
$GBGSV,1,1,01,36,00,024,,0*45
$GNGLL,3001.74235,S,05112.74983,W,164044.00,A,D*7D
$GNRMC,164045.00,A,3001.74235,S,05112.74983,W,0.010,,090926,,,F,V*18
$GNVTG,,T,,M,0.010,N,0.019,K,D*31
$GNGGA,164045.00,3001.74235,S,05112.74983,W,5,12,0.67,50.5,M,4.8,M,2.0,0920*61
$GNGSA,M,3,21,23,25,28,29,31,05,12,13,,,,1.28,0.67,1.09,1*0D
$GNGSA,M,3,80,82,79,84,83,,,,,,,,1.28,0.67,1.09,2*07
$GNGSA,M,3,10,11,12,16,25,36,,,,,,,1.28,0.67,1.09,3*0A
$GNGSA,M,3,19,26,29,35,39,12,,,,,,,1.28,0.67,1.09,4*02
$GPGSV,2,1,08,05,41,111,48,12,30,041,39,13,24,035,44,23,15,355,38,1*62
$GPGSV,2,2,08,25,65,026,53,26,18,223,23,29,58,168,26,31,21,249,25,1*61
$GPGSV,3,1,09,05,41,111,43,12,30,041,34,13,24,035,36,21,14,136,15,6*6D
$GPGSV,3,2,09,23,15,355,38,25,65,026,48,28,28,282,19,29,58,168,23,6*62
$GPGSV,3,3,09,31,21,249,11,6*54
$GPGSV,2,1,07,13,24,035,34,18,61,284,12,21,14,136,14,23,15,355,44,8*6E
$GPGSV,2,2,07,25,65,026,54,26,18,223,17,28,28,282,27,8*5E
$GPGSV,1,1,01,15,04,050,,0*51
$GLGSV,3,1,09,66,03,144,07,67,11,093,15,73,49,225,18,74,04,207,08,1*76
$GLGSV,3,2,09,79,11,018,11,80,63,354,46,82,33,154,25,83,55,233,24,1*78
$GLGSV,3,3,09,84,18,288,26,1*42
$GLGSV,2,1,06,73,49,225,20,79,11,018,21,80,63,354,44,82,33,154,28,3*7A
$GLGSV,2,2,06,83,55,233,20,84,18,288,27,3*75
$GLGSV,1,1,01,68,01,047,,0*44
$GAGSV,2,1,08,02,25,222,10,10,44,144,37,11,74,156,26,12,21,140,23,1*7D
$GAGSV,2,2,08,14,24,097,25,16,46,052,45,25,80,189,22,36,50,312,16,1*7C
$GAGSV,1,1,02,14,24,097,35,16,46,052,49,5*77
$GAGSV,2,1,06,10,44,144,35,11,74,156,29,12,21,140,21,14,24,097,23,7*70
$GAGSV,2,2,06,16,46,052,48,25,80,189,24,7*72
$GAGSV,1,1,01,34,01,317,,0*46
$GBGSV,1,1,04,12,19,089,16,29,30,127,43,31,30,267,12,39,41,359,47,3*74
$GBGSV,3,1,09,12,19,089,24,19,18,062,15,20,14,109,21,22,04,014,13,5*7B
$GBGSV,3,2,09,24,18,224,19,26,54,264,21,29,30,127,47,31,30,267,20,5*70
$GBGSV,3,3,09,39,41,359,47,5*48
$GBGSV,3,1,11,11,10,118,16,12,19,089,22,19,18,062,24,20,14,109,20,8*77
$GBGSV,3,2,11,22,04,014,22,24,18,224,27,26,54,264,17,29,30,127,46,8*7C
$GBGSV,3,3,11,31,30,267,22,35,62,201,25,39,41,359,45,8*4A
$GBGSV,1,1,01,36,00,024,,0*45
$GNGLL,3001.74235,S,05112.74983,W,164045.00,A,D*7C
$GNRMC,164046.00,A,3001.74235,S,05112.74984,W,0.039,,090926,,,F,V*17
$GNVTG,,T,,M,0.039,N,0.072,K,D*37
$GNGGA,164046.00,3001.74235,S,05112.74984,W,5,12,0.67,50.5,M,4.8,M,2.0,0920*65
$GNGSA,M,3,21,23,25,28,29,31,05,12,13,,,,1.28,0.67,1.09,1*0D
$GNGSA,M,3,80,82,79,84,83,,,,,,,,1.28,0.67,1.09,2*07
$GNGSA,M,3,10,11,12,16,25,36,,,,,,,1.28,0.67,1.09,3*0A
$GNGSA,M,3,26,29,31,35,39,12,,,,,,,1.28,0.67,1.09,4*08
$GPGSV,2,1,08,05,41,111,48,12,30,041,39,13,24,035,44,23,15,355,38,1*62
$GPGSV,2,2,08,25,65,026,53,26,18,223,23,29,58,168,26,31,21,249,25,1*61
$GPGSV,2,1,08,05,41,111,43,12,30,041,34,13,24,035,36,21,14,136,15,6*6D
$GPGSV,2,2,08,23,15,355,38,25,65,026,48,28,28,282,19,29,58,168,23,6*62
$GPGSV,2,1,07,13,24,035,34,18,61,284,13,21,14,136,13,23,15,355,44,8*68
$GPGSV,2,2,07,25,65,026,54,26,18,223,17,28,28,282,27,8*5E
$GPGSV,1,1,01,15,04,050,,0*51
$GLGSV,3,1,09,66,03,144,08,67,11,093,12,73,49,225,18,74,04,207,08,1*7E
$GLGSV,3,2,09,79,11,018,08,80,63,354,46,82,33,154,25,83,55,233,24,1*70
$GLGSV,3,3,09,84,18,288,26,1*42
$GLGSV,2,1,06,73,49,225,19,79,11,018,21,80,63,354,44,82,33,154,28,3*70
$GLGSV,2,2,06,83,55,233,21,84,18,288,27,3*74
$GLGSV,1,1,01,68,01,047,,0*44
$GAGSV,2,1,08,02,25,222,11,10,44,144,37,11,74,156,26,12,21,140,23,1*7C
$GAGSV,2,2,08,14,24,097,25,16,46,052,45,25,80,189,21,36,50,312,16,1*7F
$GAGSV,1,1,02,14,24,097,35,16,46,052,49,5*77
$GAGSV,2,1,06,10,44,144,35,11,74,156,29,12,21,140,21,14,24,097,22,7*71
$GAGSV,2,2,06,16,46,052,47,25,80,189,24,7*7D
$GAGSV,1,1,01,34,01,317,,0*46
$GBGSV,1,1,04,12,19,089,14,29,30,127,43,31,30,267,13,39,41,359,47,3*77
$GBGSV,3,1,09,12,19,089,25,19,18,062,14,20,14,109,21,22,04,014,11,5*79
$GBGSV,3,2,09,24,18,224,19,26,54,264,19,29,30,127,47,31,30,267,20,5*7B
$GBGSV,3,3,09,39,41,359,47,5*48
$GBGSV,3,1,11,11,10,118,16,12,19,089,22,19,18,062,24,20,14,109,18,8*7C
$GBGSV,3,2,11,22,04,014,22,24,18,224,27,26,54,264,17,29,30,127,46,8*7C
$GBGSV,3,3,11,31,30,267,22,35,62,201,25,39,41,359,45,8*4A
$GBGSV,1,1,01,36,00,024,,0*45
$GNGLL,3001.74235,S,05112.74984,W,164046.00,A,D*78
$GNRMC,164047.00,A,3001.74235,S,05112.74983,W,0.022,,090926,,,F,V*1B
$GNVTG,,T,,M,0.022,N,0.041,K,D*3D
$GNGGA,164047.00,3001.74235,S,05112.74983,W,5,12,0.67,50.5,M,4.8,M,2.0,0920*63
$GNGSA,M,3,21,23,25,28,29,31,05,12,13,,,,1.28,0.67,1.09,1*0D
$GNGSA,M,3,80,82,79,84,83,,,,,,,,1.28,0.67,1.09,2*07
$GNGSA,M,3,10,11,12,16,25,36,,,,,,,1.28,0.67,1.09,3*0A
$GNGSA,M,3,19,26,29,31,35,39,12,,,,,,1.28,0.67,1.09,4*00
$GPGSV,2,1,08,05,41,111,48,12,30,041,39,13,24,035,44,23,15,355,38,1*62
$GPGSV,2,2,08,25,65,026,53,26,18,223,23,29,58,168,26,31,21,249,26,1*62
$GPGSV,2,1,08,05,41,111,43,12,30,041,33,13,24,035,35,21,14,136,15,6*69
$GPGSV,2,2,08,23,15,355,38,25,65,026,48,28,28,282,19,29,58,168,23,6*62
$GPGSV,2,1,07,13,24,035,34,18,61,284,14,21,14,136,11,23,15,355,44,8*6D
$GPGSV,2,2,07,25,65,026,54,26,18,223,16,28,28,282,27,8*5F
$GPGSV,1,1,01,15,04,050,,0*51
$GLGSV,2,1,08,66,03,144,08,73,49,225,18,74,04,207,08,79,11,018,09,1*78
$GLGSV,2,2,08,80,63,354,46,82,33,154,25,83,55,233,24,84,18,288,26,1*7C
$GLGSV,2,1,06,73,49,225,19,79,11,018,21,80,63,354,44,82,33,154,28,3*70
$GLGSV,2,2,06,83,55,233,20,84,18,288,27,3*75
$GLGSV,1,1,02,67,11,093,,68,01,047,,0*7C
$GAGSV,2,1,08,02,25,222,11,10,44,144,37,11,74,156,26,12,21,140,23,1*7C
$GAGSV,2,2,08,14,24,097,25,16,46,052,45,25,80,189,21,36,50,312,16,1*7F
$GAGSV,1,1,02,14,24,097,35,16,46,052,49,5*77
$GAGSV,2,1,06,10,44,144,35,11,74,156,29,12,21,140,21,14,24,097,23,7*70
$GAGSV,2,2,06,16,46,052,47,25,80,189,24,7*7D
$GAGSV,1,1,01,34,01,317,,0*46
$GBGSV,1,1,04,12,19,089,13,29,30,127,43,31,30,267,13,39,41,359,47,3*70
$GBGSV,3,1,09,12,19,089,25,19,18,062,15,20,14,109,21,22,04,014,09,5*71
$GBGSV,3,2,09,24,18,224,19,26,54,264,18,29,30,127,47,31,30,267,19,5*70
$GBGSV,3,3,09,39,41,359,47,5*48
$GBGSV,3,1,11,11,10,118,14,12,19,089,22,19,18,062,24,20,14,109,18,8*7E
$GBGSV,3,2,11,22,04,014,22,24,18,224,27,26,54,264,17,29,30,127,46,8*7C
$GBGSV,3,3,11,31,30,267,23,35,62,201,25,39,41,359,45,8*4B
$GBGSV,1,1,01,36,00,024,,0*45
$GNGLL,3001.74235,S,05112.74983,W,164047.00,A,D*7E
$GNRMC,164048.00,A,3001.74235,S,05112.74983,W,0.014,,090926,,,F,V*11
$GNVTG,,T,,M,0.014,N,0.025,K,D*3A
$GNGGA,164048.00,3001.74235,S,05112.74983,W,5,12,0.67,50.5,M,4.8,M,2.0,0920*6C
$GNGSA,M,3,23,25,28,29,31,05,12,13,,,,,1.28,0.67,1.09,1*0E
$GNGSA,M,3,80,82,79,84,83,,,,,,,,1.28,0.67,1.09,2*07
$GNGSA,M,3,10,11,12,16,25,36,,,,,,,1.28,0.67,1.09,3*0A
$GNGSA,M,3,19,26,29,31,35,39,12,,,,,,1.28,0.67,1.09,4*00
$GPGSV,2,1,08,05,41,111,48,12,30,041,39,13,24,035,44,23,15,355,38,1*62
$GPGSV,2,2,08,25,65,026,53,26,18,223,23,29,58,168,26,31,21,249,26,1*62
$GPGSV,2,1,08,05,41,111,43,12,30,041,33,13,24,035,35,21,14,136,13,6*6F
$GPGSV,2,2,08,23,15,355,38,25,65,026,48,28,28,282,18,29,58,168,23,6*63
$GPGSV,2,1,07,13,24,035,34,18,61,284,15,21,14,136,11,23,15,355,44,8*6C
$GPGSV,2,2,07,25,65,026,54,26,18,223,17,28,28,282,27,8*5E
$GPGSV,1,1,01,15,04,050,,0*51
$GLGSV,2,1,08,66,03,144,08,73,49,225,16,74,04,207,08,79,11,018,13,1*7D
$GLGSV,2,2,08,80,63,354,46,82,33,154,25,83,55,233,25,84,18,288,26,1*7D
$GLGSV,2,1,06,73,49,225,17,79,11,018,21,80,63,354,44,82,33,154,28,3*7E
$GLGSV,2,2,06,83,55,233,20,84,18,288,28,3*7A
$GLGSV,1,1,02,67,11,093,,68,01,047,,0*7C
$GAGSV,2,1,08,02,25,222,11,10,44,144,37,11,74,156,26,12,21,140,22,1*7D
$GAGSV,2,2,08,14,24,097,25,16,46,052,45,25,80,189,22,36,50,312,17,1*7D
$GAGSV,1,1,02,14,24,097,35,16,46,052,49,5*77
$GAGSV,2,1,06,10,44,144,35,11,74,156,29,12,21,140,21,14,24,097,22,7*71
$GAGSV,2,2,06,16,46,052,48,25,80,189,24,7*72
$GAGSV,1,1,01,34,02,317,,0*45
$GBGSV,1,1,04,12,19,089,14,29,30,127,43,31,30,267,12,39,41,359,47,3*76
$GBGSV,3,1,09,12,19,089,25,19,18,062,15,20,14,109,22,22,04,014,11,5*7B
$GBGSV,3,2,09,24,18,224,19,26,54,264,18,29,30,127,47,31,30,267,19,5*70
$GBGSV,3,3,09,39,41,359,47,5*48
$GBGSV,3,1,11,11,10,118,14,12,19,089,22,19,18,062,25,20,14,109,18,8*7F
$GBGSV,3,2,11,22,04,014,22,24,18,224,27,26,54,264,17,29,30,127,46,8*7C
$GBGSV,3,3,11,31,30,267,23,35,62,201,25,39,41,359,45,8*4B
$GBGSV,1,1,01,36,00,024,,0*45
$GNGLL,3001.74235,S,05112.74983,W,164048.00,A,D*71
$GNRMC,164049.00,A,3001.74235,S,05112.74983,W,0.021,,090926,,,F,V*16
$GNVTG,,T,,M,0.021,N,0.038,K,D*30
$GNGGA,164049.00,3001.74235,S,05112.74983,W,5,12,0.67,50.5,M,4.8,M,2.0,0920*6D
$GNGSA,M,3,23,25,28,29,31,05,12,13,,,,,1.28,0.67,1.09,1*0E
$GNGSA,M,3,80,82,79,84,83,,,,,,,,1.28,0.67,1.09,2*07
$GNGSA,M,3,10,11,12,16,25,36,,,,,,,1.28,0.67,1.09,3*0A
$GNGSA,M,3,19,26,29,31,35,39,12,,,,,,1.28,0.67,1.09,4*00
$GPGSV,2,1,08,05,41,111,48,12,30,041,39,13,24,035,44,23,15,355,38,1*62
$GPGSV,2,2,08,25,65,026,53,26,18,223,23,29,58,168,26,31,21,249,26,1*62
$GPGSV,2,1,08,05,41,111,43,12,30,041,33,13,24,035,35,21,14,136,11,6*6D
$GPGSV,2,2,08,23,15,355,38,25,65,026,48,28,28,282,18,29,58,168,24,6*64
$GPGSV,2,1,07,13,24,035,33,18,61,284,14,21,14,136,12,23,15,355,44,8*69
$GPGSV,2,2,07,25,65,026,54,26,18,223,17,28,28,282,27,8*5E
$GPGSV,1,1,01,15,04,050,,0*51
$GLGSV,2,1,08,66,03,144,08,73,49,225,16,74,04,207,08,79,11,018,12,1*7C
$GLGSV,2,2,08,80,63,354,47,82,33,154,24,83,55,233,25,84,18,288,26,1*7D
$GLGSV,2,1,06,73,49,225,16,79,11,018,21,80,63,354,44,82,33,154,28,3*7F
$GLGSV,2,2,06,83,55,233,20,84,18,288,28,3*7A
$GLGSV,1,1,02,67,11,093,,68,01,047,,0*7C
$GAGSV,2,1,08,02,25,222,12,10,44,144,37,11,74,156,26,12,21,140,22,1*7E
$GAGSV,2,2,08,14,24,097,25,16,46,052,45,25,80,189,22,36,51,311,18,1*70
$GAGSV,1,1,02,14,24,097,34,16,46,052,49,5*76
$GAGSV,2,1,06,10,44,144,35,11,74,156,29,12,21,140,21,14,24,097,22,7*71
$GAGSV,2,2,06,16,46,052,48,25,80,189,23,7*75
$GAGSV,1,1,01,34,02,317,,0*45
$GBGSV,1,1,04,12,19,089,13,29,30,127,43,31,30,267,12,39,41,359,47,3*71
$GBGSV,3,1,09,12,19,089,25,19,18,062,16,20,14,109,22,22,04,014,12,5*7B
$GBGSV,3,2,09,24,18,224,19,26,54,264,17,29,30,127,47,31,30,267,19,5*7F
$GBGSV,3,3,09,39,41,359,47,5*48
$GBGSV,3,1,11,11,10,118,14,12,19,089,22,19,18,062,24,20,14,109,17,8*71
$GBGSV,3,2,11,22,04,014,22,24,18,224,26,26,54,264,16,29,30,127,46,8*7C
$GBGSV,3,3,11,31,30,267,23,35,62,201,25,39,41,359,45,8*4B
$GBGSV,1,1,01,36,00,024,,0*45
$GNGLL,3001.74235,S,05112.74983,W,164049.00,A,D*70
$GNRMC,164050.00,A,3001.74235,S,05112.74983,W,0.011,,090926,,,F,V*1D
$GNVTG,,T,,M,0.011,N,0.020,K,D*3A
$GNGGA,164050.00,3001.74235,S,05112.74983,W,5,12,0.67,50.5,M,4.8,M,2.0,0920*65
$GNGSA,M,3,23,25,28,29,31,05,12,13,,,,,1.28,0.67,1.09,1*0E
$GNGSA,M,3,80,82,79,84,83,,,,,,,,1.28,0.67,1.09,2*07
$GNGSA,M,3,10,11,12,16,25,36,,,,,,,1.28,0.67,1.09,3*0A
$GNGSA,M,3,26,29,31,35,39,12,,,,,,,1.28,0.67,1.09,4*08
$GPGSV,2,1,08,05,41,111,48,12,30,041,39,13,24,035,44,23,15,355,39,1*63
$GPGSV,2,2,08,25,65,026,53,26,18,223,23,29,58,168,26,31,21,249,26,1*62
$GPGSV,2,1,08,05,41,111,43,12,30,041,33,13,24,035,36,21,14,136,10,6*6F
$GPGSV,2,2,08,23,15,355,38,25,65,026,48,28,28,282,17,29,58,168,24,6*6B
$GPGSV,2,1,07,13,24,035,34,18,61,284,13,21,14,136,12,23,15,355,44,8*69
$GPGSV,2,2,07,25,65,026,54,26,18,223,17,28,28,282,27,8*5E
$GPGSV,1,1,01,15,04,050,,0*51
$GLGSV,2,1,08,66,03,144,07,73,49,225,14,74,04,207,07,79,11,018,09,1*74
$GLGSV,2,2,08,80,63,354,47,82,33,154,24,83,55,233,25,84,18,288,26,1*7D
$GLGSV,2,1,06,73,49,225,14,79,11,018,21,80,63,354,44,82,33,154,28,3*7D
$GLGSV,2,2,06,83,55,233,20,84,18,288,28,3*7A
$GLGSV,1,1,02,67,11,093,,68,01,047,,0*7C
$GAGSV,2,1,08,02,25,222,11,10,44,144,37,11,74,156,26,12,21,140,23,1*7C
$GAGSV,2,2,08,14,24,097,25,16,46,052,45,25,80,189,22,36,51,311,18,1*70
$GAGSV,1,1,02,14,24,097,35,16,46,052,49,5*77
$GAGSV,2,1,06,10,44,144,35,11,74,156,29,12,21,140,21,14,24,097,22,7*71
$GAGSV,2,2,06,16,46,052,48,25,80,189,23,7*75
$GAGSV,1,1,01,34,02,317,,0*45
$GBGSV,1,1,04,12,19,089,14,29,30,127,43,31,30,267,10,39,41,359,47,3*74
$GBGSV,3,1,09,12,19,089,25,19,18,062,17,20,14,109,22,22,04,014,12,5*7A
$GBGSV,3,2,09,24,18,224,19,26,54,264,16,29,30,127,47,31,30,267,19,5*7E
$GBGSV,3,3,09,39,41,359,47,5*48
$GBGSV,3,1,11,11,10,118,15,12,19,089,22,19,18,062,25,20,14,109,16,8*70
$GBGSV,3,2,11,22,04,014,21,24,18,224,26,26,54,264,15,29,30,127,46,8*7C
$GBGSV,3,3,11,31,30,267,23,35,62,201,25,39,41,359,45,8*4B
$GBGSV,1,1,01,36,00,024,,0*45
$GNGLL,3001.74235,S,05112.74983,W,164050.00,A,D*78
$GNRMC,164051.00,A,3001.74235,S,05112.74983,W,0.013,,090926,,,F,V*1E
$GNVTG,,T,,M,0.013,N,0.023,K,D*3B
$GNGGA,164051.00,3001.74235,S,05112.74983,W,5,12,0.70,50.5,M,4.8,M,2.0,0920*62
$GNGSA,M,3,23,25,28,29,31,05,12,13,,,,,1.29,0.70,1.09,1*09
$GNGSA,M,3,80,82,79,84,83,,,,,,,,1.29,0.70,1.09,2*00
$GNGSA,M,3,10,11,12,16,25,36,,,,,,,1.29,0.70,1.09,3*0D
$GNGSA,M,3,26,29,31,35,39,12,,,,,,,1.29,0.70,1.09,4*0F
$GPGSV,3,1,09,05,41,111,48,12,30,041,39,13,24,035,44,23,15,355,39,1*63
$GPGSV,3,2,09,25,65,026,53,26,18,223,23,29,58,168,27,31,21,249,26,1*63
$GPGSV,3,3,09,31,21,249,26,1*57
$GPGSV,2,1,08,05,41,111,43,12,30,041,33,13,24,035,36,21,14,136,10,6*6F
$GPGSV,2,2,08,23,15,355,38,25,65,026,48,28,28,282,16,29,58,168,24,6*6A
$GPGSV,2,1,07,13,24,035,34,18,61,284,14,21,14,136,13,23,15,355,44,8*6F
$GPGSV,2,2,07,25,65,026,54,26,18,223,18,28,28,282,27,8*51
$GPGSV,1,1,01,15,04,050,,0*51
$GLGSV,2,1,08,66,03,144,08,73,49,225,12,74,04,207,08,79,11,018,12,1*78
$GLGSV,2,2,08,80,63,354,47,82,33,154,24,83,55,233,25,84,18,288,25,1*7E
$GLGSV,2,1,06,73,49,225,13,79,11,018,21,80,63,354,44,82,33,154,28,3*7A
$GLGSV,2,2,06,83,55,233,19,84,18,288,28,3*70
$GLGSV,1,1,02,67,11,093,,68,01,047,,0*7C
$GAGSV,2,1,07,10,44,144,37,11,74,156,26,12,21,140,22,14,24,097,26,1*7C
$GAGSV,2,2,07,16,46,052,45,25,80,189,22,36,51,311,18,1*45
$GAGSV,1,1,02,14,24,097,34,16,46,052,49,5*76
$GAGSV,2,1,06,10,44,144,35,11,74,156,29,12,21,140,21,14,24,097,22,7*71
$GAGSV,2,2,06,16,46,052,48,25,80,189,23,7*75
$GAGSV,1,1,02,02,25,222,,34,02,317,,0*71
$GBGSV,1,1,04,12,19,089,13,29,30,127,43,31,30,267,12,39,41,359,47,3*71
$GBGSV,3,1,10,12,19,089,25,19,18,062,16,20,14,109,22,22,04,014,09,5*79
$GBGSV,3,2,10,24,18,224,18,26,54,264,17,26,54,264,17,29,30,127,47,5*7F
$GBGSV,3,3,10,31,30,267,19,39,41,359,47,5*7A
$GBGSV,3,1,11,11,10,118,15,12,19,089,22,19,18,062,25,20,14,109,16,8*70
$GBGSV,3,2,11,22,04,014,22,24,18,224,26,26,54,264,14,29,30,127,46,8*7E
$GBGSV,3,3,11,31,30,267,23,35,62,201,25,39,41,359,45,8*4B
$GBGSV,1,1,01,36,00,024,,0*45
$GNGLL,3001.74235,S,05112.74983,W,164051.00,A,D*79
$GNRMC,164052.00,A,3001.74235,S,05112.74982,W,0.013,,090926,,,F,V*1C
$GNVTG,,T,,M,0.013,N,0.025,K,D*3D
$GNGGA,164052.00,3001.74235,S,05112.74982,W,5,12,0.70,50.5,M,4.8,M,2.0,0920*60
$GNGSA,M,3,23,25,28,29,31,05,12,13,,,,,1.29,0.70,1.09,1*09
$GNGSA,M,3,80,82,79,84,83,,,,,,,,1.29,0.70,1.09,2*00
$GNGSA,M,3,10,11,12,16,25,36,,,,,,,1.29,0.70,1.09,3*0D
$GNGSA,M,3,26,29,31,35,39,12,,,,,,,1.29,0.70,1.09,4*0F
$GPGSV,2,1,08,05,41,111,48,12,30,041,39,13,24,035,44,23,15,355,38,1*62
$GPGSV,2,2,08,25,65,026,53,26,18,223,23,29,58,168,26,31,21,249,25,1*61
$GPGSV,2,1,08,05,41,111,43,12,30,041,33,13,24,035,36,21,14,136,11,6*6E
$GPGSV,2,2,08,23,15,355,38,25,65,026,48,28,28,282,16,29,58,168,24,6*6A
$GPGSV,2,1,07,13,24,035,34,18,61,284,14,21,14,136,13,23,15,355,44,8*6F
$GPGSV,2,2,07,25,65,026,54,26,18,223,17,28,28,282,27,8*5E
$GPGSV,1,1,01,15,04,050,,0*51
$GLGSV,2,1,08,66,03,144,11,73,49,225,10,74,04,207,08,79,11,018,15,1*75
$GLGSV,2,2,08,80,63,354,47,82,33,154,24,83,55,233,25,84,18,288,25,1*7E
$GLGSV,2,1,06,73,49,225,14,79,11,018,20,80,63,354,44,82,33,154,28,3*7C
$GLGSV,2,2,06,83,55,233,19,84,18,288,28,3*70
$GLGSV,1,1,02,67,11,093,,68,01,047,,0*7C
$GAGSV,2,1,07,10,44,144,37,11,74,156,26,12,21,140,22,14,24,097,26,1*7C
$GAGSV,2,2,07,16,46,052,45,25,80,189,21,36,51,311,18,1*46
$GAGSV,1,1,02,14,24,097,34,16,46,052,49,5*76
$GAGSV,2,1,06,10,44,144,35,11,74,156,29,12,21,140,21,14,24,097,21,7*72
$GAGSV,2,2,06,16,46,052,48,25,80,189,22,7*74
$GAGSV,1,1,02,02,25,222,,34,02,317,,0*71
$GBGSV,1,1,03,12,19,089,12,29,30,127,43,39,41,359,47,3*46
$GBGSV,3,1,09,12,19,089,25,19,18,062,16,20,14,109,21,22,04,014,09,5*72
$GBGSV,3,2,09,24,18,224,18,26,54,264,17,29,30,127,47,31,30,267,18,5*7F
$GBGSV,3,3,09,39,41,359,47,5*48
$GBGSV,3,1,11,11,10,118,14,12,19,089,21,19,18,062,25,20,14,109,16,8*72
$GBGSV,3,2,11,22,04,014,21,24,18,224,26,26,54,264,14,29,30,127,46,8*7D
$GBGSV,3,3,11,31,30,267,23,35,62,201,25,39,41,359,45,8*4B
$GBGSV,1,1,01,36,00,024,,0*45
$GNGLL,3001.74235,S,05112.74982,W,164052.00,A,D*7B
$GNRMC,164053.00,A,3001.74235,S,05112.74983,W,0.004,,090926,,,F,V*1A
$GNVTG,,T,,M,0.004,N,0.007,K,D*3B
$GNGGA,164053.00,3001.74235,S,05112.74983,W,5,12,0.67,50.5,M,4.8,M,2.0,0920*66
$GNGSA,M,3,23,25,28,29,31,05,12,13,,,,,1.28,0.67,1.09,1*0E
$GNGSA,M,3,80,82,79,84,83,,,,,,,,1.28,0.67,1.09,2*07
$GNGSA,M,3,10,11,12,16,25,36,,,,,,,1.28,0.67,1.09,3*0A
$GNGSA,M,3,19,26,29,31,35,39,12,,,,,,1.28,0.67,1.09,4*00
$GPGSV,2,1,08,05,41,111,48,12,30,041,39,13,24,035,44,23,15,355,38,1*62
$GPGSV,2,2,08,25,65,026,53,26,18,223,23,29,58,168,26,31,21,249,26,1*62
$GPGSV,2,1,08,05,41,111,43,12,30,041,33,13,24,035,36,21,14,136,09,6*67
$GPGSV,2,2,08,23,15,355,38,25,65,026,48,28,28,282,15,29,58,168,24,6*69
$GPGSV,2,1,07,13,24,035,33,18,61,284,13,21,14,136,13,23,15,355,44,8*6F
$GPGSV,2,2,07,25,65,026,54,26,18,223,17,28,28,282,27,8*5E
$GPGSV,1,1,01,15,04,050,,0*51
$GLGSV,2,1,08,66,03,144,10,73,49,225,10,74,04,207,08,79,11,018,09,1*79
$GLGSV,2,2,08,80,63,354,47,82,33,154,24,83,55,233,25,84,18,288,25,1*7E
$GLGSV,2,1,06,73,49,225,15,79,11,018,21,80,63,354,44,82,33,154,28,3*7C
$GLGSV,2,2,06,83,55,233,19,84,18,288,28,3*70
$GLGSV,1,1,02,67,11,093,,68,01,047,,0*7C
$GAGSV,2,1,07,10,44,144,37,11,74,156,27,12,21,140,22,14,24,097,27,1*7C
$GAGSV,2,2,07,16,46,052,45,25,80,189,22,36,51,311,18,1*45
$GAGSV,1,1,02,14,24,097,34,16,46,052,49,5*76
$GAGSV,2,1,06,10,44,144,35,11,74,156,29,12,21,140,22,14,24,097,21,7*71
$GAGSV,2,2,06,16,46,052,48,25,80,189,22,7*74
$GAGSV,1,1,02,02,25,222,,34,02,317,,0*71
$GBGSV,1,1,03,12,19,089,12,29,30,127,43,39,41,359,47,3*46
$GBGSV,3,1,09,12,19,089,25,19,18,062,16,20,14,109,20,22,04,014,10,5*7B
$GBGSV,3,2,09,24,18,224,18,26,54,264,18,29,30,127,47,31,30,267,18,5*70
$GBGSV,3,3,09,39,41,359,47,5*48
$GBGSV,3,1,11,11,10,118,13,12,19,089,22,19,18,062,25,20,14,109,16,8*76
$GBGSV,3,2,11,22,04,014,21,24,18,224,25,26,54,264,15,29,30,127,46,8*7F
$GBGSV,3,3,11,31,30,267,23,35,62,201,25,39,41,359,45,8*4B
$GBGSV,1,1,01,36,00,024,,0*45
$GNGLL,3001.74235,S,05112.74983,W,164053.00,A,D*7B
$GNRMC,164054.00,A,3001.74234,S,05112.74982,W,0.007,,090926,,,F,V*1E
$GNVTG,,T,,M,0.007,N,0.013,K,D*3D
$GNGGA,164054.00,3001.74234,S,05112.74982,W,5,12,0.67,50.5,M,4.8,M,2.0,0920*61
$GNGSA,M,3,23,25,29,31,05,12,13,,,,,,1.28,0.67,1.09,1*04
$GNGSA,M,3,80,82,79,84,83,,,,,,,,1.28,0.67,1.09,2*07
$GNGSA,M,3,10,11,12,16,25,36,,,,,,,1.28,0.67,1.09,3*0A
$GNGSA,M,3,19,26,29,31,35,39,12,,,,,,1.28,0.67,1.09,4*00
$GPGSV,2,1,08,05,41,111,48,12,30,041,39,13,24,035,44,23,15,355,39,1*63
$GPGSV,2,2,08,25,65,026,53,26,18,223,23,29,58,168,26,31,21,249,25,1*61
$GPGSV,2,1,07,05,41,111,43,12,30,041,33,13,24,035,35,23,15,355,38,6*6D
$GPGSV,2,2,07,25,65,026,48,28,28,282,14,29,58,168,25,6*5B
$GPGSV,2,1,07,13,24,035,34,18,61,284,14,21,14,136,13,23,15,355,44,8*6F
$GPGSV,2,2,07,25,65,026,54,26,18,223,17,28,28,282,27,8*5E
$GPGSV,1,1,01,15,04,050,,0*51
$GLGSV,2,1,08,66,03,144,09,73,49,225,09,74,04,207,08,79,11,018,10,1*71
$GLGSV,2,2,08,80,63,354,47,82,33,154,25,83,55,233,25,84,18,288,25,1*7F
$GLGSV,2,1,06,73,49,225,16,79,11,018,20,80,63,354,44,82,33,154,28,3*7E
$GLGSV,2,2,06,83,55,233,19,84,18,288,28,3*70
$GLGSV,1,1,02,67,11,093,,68,01,047,,0*7C
$GAGSV,2,1,07,10,44,144,37,11,74,156,27,12,21,140,23,14,24,097,27,1*7D
$GAGSV,2,2,07,16,46,052,45,25,80,189,22,36,51,311,18,1*45
$GAGSV,1,1,02,14,24,097,34,16,46,052,49,5*76
$GAGSV,2,1,06,10,44,144,35,11,74,156,29,12,21,140,22,14,24,097,21,7*71
$GAGSV,2,2,06,16,46,052,48,25,80,189,22,7*74
$GAGSV,1,1,02,02,25,222,,34,02,317,,0*71
$GBGSV,1,1,03,12,19,089,13,29,30,127,43,39,41,359,47,3*47
$GBGSV,3,1,09,12,19,089,25,19,18,062,17,20,14,109,20,22,04,014,09,5*72
$GBGSV,3,2,09,24,18,224,19,26,54,264,18,29,30,127,47,31,30,267,18,5*71
$GBGSV,3,3,09,39,41,359,47,5*48
$GBGSV,3,1,11,11,10,118,12,12,19,089,21,19,18,062,26,20,14,109,17,8*76
$GBGSV,3,2,11,22,04,014,21,24,18,224,25,26,54,264,16,29,30,127,46,8*7C
$GBGSV,3,3,11,31,30,267,23,35,62,201,25,39,41,359,45,8*4B
$GBGSV,1,1,01,36,00,024,,0*45
$GNGLL,3001.74234,S,05112.74982,W,164054.00,A,D*7C
$GNRMC,164055.00,A,3001.74234,S,05112.74983,W,0.005,,090926,,,F,V*1C
$GNVTG,,T,,M,0.005,N,0.009,K,D*34
$GNGGA,164055.00,3001.74234,S,05112.74983,W,5,12,0.67,50.5,M,4.8,M,2.0,0920*61
$GNGSA,M,3,23,25,29,31,05,12,13,,,,,,1.28,0.67,1.09,1*04
$GNGSA,M,3,80,82,79,84,83,,,,,,,,1.28,0.67,1.09,2*07
$GNGSA,M,3,10,11,12,16,25,36,,,,,,,1.28,0.67,1.09,3*0A
$GNGSA,M,3,26,29,35,39,12,,,,,,,,1.28,0.67,1.09,4*0A
$GPGSV,2,1,08,05,41,111,48,12,30,041,39,13,24,035,44,23,15,355,39,1*63
$GPGSV,2,2,08,25,65,026,53,26,18,223,24,29,58,168,27,31,21,249,25,1*67
$GPGSV,2,1,07,05,41,111,43,12,30,041,33,13,24,035,35,23,15,355,38,6*6D
$GPGSV,2,2,07,25,65,026,48,28,28,282,14,29,58,168,25,6*5B
$GPGSV,2,1,07,13,24,035,34,18,61,284,15,21,14,136,12,23,15,355,44,8*6F
$GPGSV,2,2,07,25,65,026,54,26,18,223,15,28,28,282,27,8*5C
$GPGSV,1,1,01,15,04,050,,0*51
$GLGSV,2,1,08,66,03,144,08,73,49,225,11,74,04,207,08,79,11,018,12,1*7B
$GLGSV,2,2,08,80,63,354,46,82,33,154,25,83,55,233,24,84,18,288,24,1*7E
$GLGSV,2,1,07,67,11,093,14,73,49,225,15,79,11,018,19,80,63,354,44,3*78
$GLGSV,2,2,07,82,33,154,28,83,55,233,19,84,18,288,29,3*40
$GLGSV,1,1,01,68,01,047,,0*44
$GAGSV,2,1,07,10,44,144,37,11,74,156,27,12,21,140,23,14,24,097,27,1*7D
$GAGSV,2,2,07,16,46,052,45,25,80,189,21,36,51,311,18,1*46
$GAGSV,1,1,02,14,24,097,34,16,46,052,49,5*76
$GAGSV,2,1,06,10,44,144,35,11,74,156,29,12,21,140,22,14,24,097,21,7*71
$GAGSV,2,2,06,16,46,052,48,25,80,189,22,7*74
$GAGSV,1,1,02,02,25,222,,34,02,317,,0*71
$GBGSV,1,1,03,12,19,089,12,29,30,127,43,39,41,359,47,3*46
$GBGSV,3,1,09,12,19,089,25,19,18,062,17,20,14,109,21,22,04,014,08,5*72
$GBGSV,3,2,09,24,18,224,19,26,54,264,17,29,30,127,47,31,30,267,19,5*7F
$GBGSV,3,3,09,39,41,359,47,5*48
$GBGSV,3,1,11,11,10,118,13,12,19,089,21,19,18,062,26,20,14,109,17,8*77
$GBGSV,3,2,11,22,04,014,21,24,18,224,24,26,54,264,16,29,30,127,46,8*7D
$GBGSV,3,3,11,31,30,267,23,35,62,201,25,39,41,359,45,8*4B
$GBGSV,1,1,01,36,00,024,,0*45
$GNGLL,3001.74234,S,05112.74983,W,164055.00,A,D*7C
$GNRMC,164056.00,A,3001.74234,S,05112.74983,W,0.018,,090926,,,F,V*13
$GNVTG,,T,,M,0.018,N,0.033,K,D*31
$GNGGA,164056.00,3001.74234,S,05112.74983,W,5,12,0.67,50.5,M,4.8,M,2.0,0920*62
$GNGSA,M,3,23,25,29,31,05,12,13,,,,,,1.28,0.67,1.09,1*04
$GNGSA,M,3,80,82,79,84,83,,,,,,,,1.28,0.67,1.09,2*07
$GNGSA,M,3,10,11,12,16,25,36,,,,,,,1.28,0.67,1.09,3*0A
$GNGSA,M,3,26,29,31,35,39,12,,,,,,,1.28,0.67,1.09,4*08
$GPGSV,2,1,08,05,41,111,48,12,30,041,39,13,24,035,43,23,15,355,39,1*64
$GPGSV,2,2,08,25,65,026,53,26,18,223,24,29,58,168,27,31,21,249,25,1*67
$GPGSV,2,1,07,05,41,111,43,12,30,041,33,13,24,035,36,23,15,355,38,6*6E
$GPGSV,2,2,07,25,65,026,48,28,28,282,14,29,58,168,25,6*5B
$GPGSV,2,1,07,13,24,035,34,18,61,284,16,21,14,136,12,23,15,355,44,8*6C
$GPGSV,2,2,07,25,65,026,54,26,18,223,14,28,28,282,27,8*5D
$GPGSV,1,1,01,15,04,050,,0*51
$GLGSV,2,1,08,66,03,144,09,73,49,225,10,74,04,207,08,79,11,018,14,1*7D
$GLGSV,2,2,08,80,63,354,46,82,33,154,25,83,55,233,24,84,18,288,24,1*7E
$GLGSV,2,1,07,67,11,093,11,73,49,225,15,79,11,018,19,80,63,354,44,3*7D
$GLGSV,2,2,07,82,33,154,28,83,55,233,18,84,18,288,29,3*41
$GLGSV,1,1,01,68,01,047,,0*44
$GAGSV,2,1,07,10,44,144,37,11,74,156,27,12,21,140,23,14,24,097,27,1*7D
$GAGSV,2,2,07,16,46,052,45,25,80,189,21,36,51,311,18,1*46
$GAGSV,1,1,02,14,24,097,34,16,46,052,49,5*76
$GAGSV,2,1,06,10,44,144,35,11,74,156,28,12,21,140,21,14,24,097,20,7*72
$GAGSV,2,2,06,16,46,052,48,25,80,189,21,7*77
$GAGSV,1,1,02,02,25,222,,34,02,317,,0*71
$GBGSV,1,1,02,29,30,127,43,39,41,359,47,3*7E
$GBGSV,3,1,09,12,19,089,25,19,18,062,15,20,14,109,20,22,04,014,09,5*70
$GBGSV,3,2,09,24,18,224,17,26,54,264,17,29,30,127,47,31,30,267,19,5*71
$GBGSV,3,3,09,39,41,359,47,5*48
$GBGSV,3,1,11,11,10,118,14,12,19,089,21,19,18,062,25,20,14,109,17,8*73
$GBGSV,3,2,11,22,04,014,21,24,18,224,23,26,54,264,17,29,30,127,46,8*7B
$GBGSV,3,3,11,31,30,267,24,35,62,201,25,39,41,359,45,8*4C
$GBGSV,1,1,01,36,00,024,,0*45
$GNGLL,3001.74234,S,05112.74983,W,164056.00,A,D*7F
$GNRMC,164057.00,A,3001.74234,S,05112.74983,W,0.017,,090926,,,F,V*1D
$GNVTG,,T,,M,0.017,N,0.031,K,D*3C
$GNGGA,164057.00,3001.74234,S,05112.74983,W,5,12,0.67,50.5,M,4.8,M,2.0,0920*63
$GNGSA,M,3,23,25,28,29,31,05,12,13,,,,,1.28,0.67,1.09,1*0E
$GNGSA,M,3,80,82,79,84,83,,,,,,,,1.28,0.67,1.09,2*07
$GNGSA,M,3,10,11,12,16,25,36,,,,,,,1.28,0.67,1.09,3*0A
$GNGSA,M,3,26,29,31,35,39,12,,,,,,,1.28,0.67,1.09,4*08
$GPGSV,2,1,08,05,41,111,48,12,30,041,39,13,24,035,43,23,15,355,39,1*64
$GPGSV,2,2,08,25,65,026,53,26,18,223,24,29,58,168,27,31,21,249,24,1*66
$GPGSV,2,1,07,05,41,111,43,12,30,041,33,13,24,035,35,23,15,355,38,6*6D
$GPGSV,2,2,07,25,65,026,48,28,28,282,15,29,58,168,25,6*5A
$GPGSV,2,1,07,13,24,035,33,18,61,284,15,21,14,136,12,23,15,355,44,8*68
$GPGSV,2,2,07,25,65,026,54,26,18,223,15,28,28,282,28,8*53
$GPGSV,1,1,01,15,04,050,,0*51
$GLGSV,2,1,08,66,03,144,08,73,49,225,09,74,04,207,08,79,11,018,14,1*74
$GLGSV,2,2,08,80,63,354,46,82,33,154,25,83,55,233,24,84,18,288,23,1*79
$GLGSV,2,1,07,67,11,093,10,73,49,225,14,79,11,018,18,80,63,354,44,3*7C
$GLGSV,2,2,07,82,33,154,29,83,55,233,19,84,18,288,29,3*41
$GLGSV,1,1,01,68,01,047,,0*44
$GAGSV,2,1,07,10,44,144,37,11,74,156,27,12,21,140,23,14,24,097,27,1*7D
$GAGSV,2,2,07,16,46,052,45,25,80,189,21,36,51,311,19,1*47
$GAGSV,1,1,02,14,24,097,34,16,46,052,49,5*76
$GAGSV,2,1,06,10,44,144,35,11,74,156,29,12,21,140,21,14,24,097,19,7*79
$GAGSV,2,2,06,16,46,052,47,25,80,189,22,7*7B
$GAGSV,1,1,02,02,25,222,,34,02,317,,0*71
$GBGSV,1,1,02,29,30,127,43,39,41,359,47,3*7E
$GBGSV,3,1,09,12,19,089,25,19,18,062,16,20,14,109,20,22,04,014,10,5*7B
$GBGSV,3,2,09,24,18,224,17,26,54,264,18,29,30,127,47,31,30,267,18,5*7F
$GBGSV,3,3,09,39,41,359,47,5*48
$GBGSV,3,1,11,11,10,118,15,12,19,089,21,19,18,062,25,20,14,109,17,8*72
$GBGSV,3,2,11,22,04,014,21,24,18,224,23,26,54,264,16,29,30,127,46,8*7A
$GBGSV,3,3,11,31,30,267,23,35,62,201,26,39,41,359,45,8*48
$GBGSV,1,1,01,36,00,024,,0*45
$GNGLL,3001.74234,S,05112.74983,W,164057.00,A,D*7E
$GNRMC,164058.00,A,3001.74234,S,05112.74982,W,0.015,,090926,,,F,V*11
$GNVTG,,T,,M,0.015,N,0.027,K,D*39
$GNGGA,164058.00,3001.74234,S,05112.74982,W,5,12,0.67,50.5,M,4.8,M,2.0,0920*6D
$GNGSA,M,3,23,25,28,29,31,05,12,13,,,,,1.28,0.67,1.09,1*0E
$GNGSA,M,3,80,82,79,84,83,,,,,,,,1.28,0.67,1.09,2*07
$GNGSA,M,3,10,11,12,16,25,36,,,,,,,1.28,0.67,1.09,3*0A
$GNGSA,M,3,19,26,29,31,35,39,12,,,,,,1.28,0.67,1.09,4*00
$GPGSV,2,1,08,05,41,111,48,12,30,041,39,13,24,035,43,23,15,355,39,1*64
$GPGSV,2,2,08,25,65,026,53,26,18,223,23,29,58,168,27,31,21,249,23,1*66
$GPGSV,2,1,07,05,41,111,43,12,30,041,33,13,24,035,36,23,15,355,38,6*6E
$GPGSV,2,2,07,25,65,026,48,28,28,282,15,29,58,168,25,6*5A
$GPGSV,2,1,07,13,24,035,34,18,61,284,15,21,14,136,12,23,15,355,44,8*6F
$GPGSV,2,2,07,25,65,026,54,26,18,223,17,28,28,282,27,8*5E
$GPGSV,1,1,01,15,04,050,,0*51
$GLGSV,2,1,08,66,03,144,08,73,49,225,09,74,04,207,08,79,11,018,12,1*72
$GLGSV,2,2,08,80,63,354,46,82,33,154,25,83,55,233,23,84,18,288,23,1*7E
$GLGSV,2,1,07,67,11,093,11,73,49,225,13,79,11,018,18,80,63,354,44,3*7A
$GLGSV,2,2,07,82,33,154,28,83,55,233,19,84,18,288,29,3*40
$GLGSV,1,1,01,68,01,047,,0*44
$GAGSV,2,1,07,10,44,144,37,11,74,156,26,12,21,140,22,14,24,097,28,1*72
$GAGSV,2,2,07,16,46,052,45,25,80,189,21,36,51,311,19,1*47
$GAGSV,1,1,02,14,24,097,34,16,46,052,49,5*76
$GAGSV,2,1,06,10,44,144,35,11,74,156,28,12,21,140,22,14,24,097,20,7*71
$GAGSV,2,2,06,16,46,052,48,25,80,189,22,7*74
$GAGSV,1,1,02,02,25,222,,34,02,317,,0*71
$GBGSV,1,1,02,29,30,127,43,39,41,359,47,3*7E
$GBGSV,3,1,09,12,19,089,25,19,18,062,16,20,14,109,20,22,04,014,09,5*73
$GBGSV,3,2,09,24,18,224,17,26,54,264,18,29,30,127,47,31,30,267,18,5*7F
$GBGSV,3,3,09,39,41,359,47,5*48
$GBGSV,3,1,11,11,10,118,15,12,19,089,20,19,18,062,25,20,14,109,19,8*7D
$GBGSV,3,2,11,22,04,014,20,24,18,224,22,26,54,264,15,29,30,127,46,8*79
$GBGSV,3,3,11,31,30,267,23,35,62,201,25,39,41,359,45,8*4B
$GBGSV,1,1,01,36,00,024,,0*45
$GNGLL,3001.74234,S,05112.74982,W,164058.00,A,D*70
$GNRMC,164059.00,A,3001.74234,S,05112.74983,W,0.018,,090926,,,F,V*1C
$GNVTG,,T,,M,0.018,N,0.033,K,D*31
$GNGGA,164059.00,3001.74234,S,05112.74983,W,5,12,0.70,50.5,M,4.8,M,2.0,0920*6B
$GNGSA,M,3,23,25,28,29,31,05,12,13,,,,,1.29,0.70,1.09,1*09
$GNGSA,M,3,80,82,79,84,83,,,,,,,,1.29,0.70,1.09,2*00
$GNGSA,M,3,10,11,12,16,25,36,,,,,,,1.29,0.70,1.09,3*0D
$GNGSA,M,3,26,29,31,35,39,12,,,,,,,1.29,0.70,1.09,4*0F
$GPGSV,2,1,08,05,41,111,48,12,30,041,39,13,24,035,43,23,15,355,39,1*64
$GPGSV,2,2,08,25,65,026,53,26,18,223,24,29,58,168,27,31,21,249,22,1*60
$GPGSV,2,1,07,05,41,111,43,12,30,041,33,13,24,035,35,23,15,355,38,6*6D
$GPGSV,2,2,07,25,65,026,48,28,28,282,16,29,58,168,25,6*59
$GPGSV,2,1,07,13,24,035,34,18,61,284,14,21,14,136,11,23,15,355,44,8*6D
$GPGSV,2,2,07,25,65,026,54,26,18,223,18,28,28,282,27,8*51
$GPGSV,1,1,01,15,04,050,,0*51
$GLGSV,2,1,08,66,03,144,08,73,49,225,09,74,04,207,08,79,11,018,12,1*72
$GLGSV,2,2,08,80,63,354,46,82,33,154,25,83,55,233,23,84,18,288,21,1*7C
$GLGSV,2,1,07,67,11,093,13,73,49,225,13,79,11,018,18,80,63,354,44,3*78
$GLGSV,2,2,07,82,33,154,28,83,55,233,18,84,18,288,29,3*41
$GLGSV,1,1,01,68,01,047,,0*44
$GAGSV,2,1,07,10,44,144,37,11,74,156,26,12,21,140,22,14,24,097,28,1*72
$GAGSV,2,2,07,16,46,052,45,25,80,189,21,36,51,311,19,1*47
$GAGSV,1,1,02,14,24,097,34,16,46,052,49,5*76
$GAGSV,2,1,06,10,44,144,35,11,74,156,29,12,21,140,22,14,24,097,19,7*7A
$GAGSV,2,2,06,16,46,052,48,25,80,189,22,7*74
$GAGSV,1,1,02,02,25,222,,34,02,317,,0*71
$GBGSV,1,1,02,29,30,127,43,39,41,359,47,3*7E
$GBGSV,3,1,09,12,19,089,25,19,18,062,16,20,14,109,20,22,04,014,08,5*72
$GBGSV,3,2,09,24,18,224,17,26,54,264,18,29,30,127,47,31,30,267,17,5*70
$GBGSV,3,3,09,39,41,359,47,5*48
$GBGSV,3,1,11,11,09,118,16,12,19,089,20,19,18,062,25,20,14,109,19,8*76
$GBGSV,3,2,11,22,04,014,21,24,18,224,22,26,54,264,14,29,30,127,46,8*79
$GBGSV,3,3,11,31,30,267,23,35,62,201,26,39,41,359,45,8*48
$GBGSV,1,1,01,36,00,024,,0*45
$GNGLL,3001.74234,S,05112.74983,W,164059.00,A,D*70
$GNRMC,164100.00,A,3001.74234,S,05112.74983,W,0.008,,090926,,,F,V*10
$GNVTG,,T,,M,0.008,N,0.015,K,D*34
$GNGGA,164100.00,3001.74234,S,05112.74983,W,5,12,0.70,50.4,M,4.8,M,2.0,0920*67
$GNGSA,M,3,23,25,28,29,31,05,12,13,,,,,1.29,0.70,1.09,1*09
$GNGSA,M,3,80,82,79,84,83,,,,,,,,1.29,0.70,1.09,2*00
$GNGSA,M,3,10,11,12,16,25,36,,,,,,,1.29,0.70,1.09,3*0D
$GNGSA,M,3,19,26,29,31,35,39,12,,,,,,1.29,0.70,1.09,4*07
$GPGSV,2,1,08,05,41,111,48,12,30,041,39,13,24,035,43,23,15,355,39,1*64
$GPGSV,2,2,08,25,65,026,53,26,18,223,23,29,58,168,27,31,21,249,21,1*64
$GPGSV,2,1,07,05,41,111,43,12,30,041,33,13,24,035,35,23,15,355,38,6*6D
$GPGSV,2,2,07,25,65,026,48,28,28,282,16,29,58,168,25,6*59
$GPGSV,2,1,07,13,24,035,34,18,61,284,16,21,14,136,09,23,15,355,44,8*66
$GPGSV,2,2,07,25,65,026,54,26,18,223,18,28,28,282,27,8*51
$GPGSV,1,1,01,15,04,050,,0*51
$GLGSV,2,1,07,66,03,144,08,74,04,207,08,79,11,018,11,80,63,354,46,1*76
$GLGSV,2,2,07,82,33,154,25,83,55,233,23,84,18,288,21,1*4E
$GLGSV,2,1,07,67,11,093,14,73,49,225,12,79,11,018,18,80,63,354,44,3*7E
$GLGSV,2,2,07,82,33,154,28,83,55,233,17,84,18,288,29,3*4E
$GLGSV,1,1,01,68,01,047,,0*44
$GAGSV,2,1,07,10,44,144,37,11,74,156,26,12,21,140,22,14,24,097,28,1*72
$GAGSV,2,2,07,16,46,052,45,25,80,189,21,36,51,311,18,1*46
$GAGSV,1,1,02,14,24,097,33,16,46,052,49,5*71
$GAGSV,2,1,06,10,44,144,35,11,74,156,29,12,21,140,22,14,24,097,20,7*70
$GAGSV,2,2,06,16,46,052,48,25,80,189,22,7*74
$GAGSV,1,1,02,02,25,222,,34,02,317,,0*71
$GBGSV,1,1,02,29,30,127,43,39,41,359,47,3*7E
$GBGSV,2,1,08,12,19,090,25,19,18,062,15,20,14,109,20,24,18,224,18,5*72
$GBGSV,2,2,08,26,54,264,18,29,30,127,47,31,30,267,17,39,41,359,47,5*7E
$GBGSV,3,1,11,11,09,118,17,12,19,090,20,19,18,062,25,20,14,109,20,8*75
$GBGSV,3,2,11,22,04,014,20,24,18,224,21,26,54,264,14,29,30,127,46,8*7B
$GBGSV,3,3,11,31,30,267,23,35,62,201,26,39,41,359,45,8*48
$GBGSV,1,1,01,36,00,024,,0*45
$GNGLL,3001.74234,S,05112.74983,W,164100.00,A,D*7D
$GNRMC,164101.00,A,3001.74234,S,05112.74983,W,0.025,,090926,,,F,V*1E
$GNVTG,,T,,M,0.025,N,0.047,K,D*3C
$GNGGA,164101.00,3001.74234,S,05112.74983,W,5,12,0.70,50.4,M,4.8,M,2.0,0920*66
$GNGSA,M,3,23,25,28,29,31,05,12,13,,,,,1.29,0.70,1.09,1*09
$GNGSA,M,3,80,82,79,84,83,,,,,,,,1.29,0.70,1.09,2*00
$GNGSA,M,3,10,11,12,16,25,36,,,,,,,1.29,0.70,1.09,3*0D
$GNGSA,M,3,19,26,29,31,35,39,12,,,,,,1.29,0.70,1.09,4*07
$GPGSV,2,1,08,05,41,111,48,12,30,041,39,13,24,035,43,23,15,355,39,1*64
$GPGSV,2,2,08,25,65,026,53,26,18,223,24,29,58,168,27,31,21,249,20,1*62
$GPGSV,2,1,07,05,41,111,43,12,30,041,33,13,24,035,35,23,15,355,38,6*6D
$GPGSV,2,2,07,25,65,026,48,28,28,282,16,29,58,168,25,6*59
$GPGSV,2,1,07,13,24,035,34,18,61,284,15,21,14,136,08,23,15,355,44,8*64
$GPGSV,2,2,07,25,65,026,54,26,18,223,18,28,28,282,28,8*5E
$GPGSV,1,1,01,15,04,050,,0*51
$GLGSV,2,1,07,66,03,144,08,74,04,207,08,79,11,018,15,80,63,354,46,1*72
$GLGSV,2,2,07,82,33,154,26,83,55,233,22,84,18,288,21,1*4C
$GLGSV,2,1,07,67,11,093,13,73,49,225,12,79,11,018,17,80,63,354,44,3*76
$GLGSV,2,2,07,82,33,154,28,83,55,233,16,84,18,288,29,3*4F
$GLGSV,1,1,01,68,01,047,,0*44
$GAGSV,2,1,07,10,44,144,37,11,74,156,26,12,21,140,23,14,24,097,28,1*73
$GAGSV,2,2,07,16,46,052,45,25,80,189,20,36,51,311,18,1*47
$GAGSV,1,1,02,14,24,097,33,16,46,052,49,5*71
$GAGSV,2,1,06,10,44,144,35,11,74,156,29,12,21,140,22,14,24,097,20,7*70
$GAGSV,2,2,06,16,46,052,47,25,80,189,23,7*7A
$GAGSV,1,1,02,02,25,222,,34,02,317,,0*71
$GBGSV,1,1,02,29,30,127,43,39,41,359,47,3*7E
$GBGSV,2,1,08,12,19,090,25,19,18,062,15,20,14,109,20,24,18,224,18,5*72
$GBGSV,2,2,08,26,54,264,18,29,30,127,47,31,30,267,17,39,41,359,47,5*7E
$GBGSV,3,1,11,11,09,118,16,12,19,090,20,19,18,062,25,20,14,109,21,8*75
$GBGSV,3,2,11,22,04,014,20,24,18,224,21,26,54,264,14,29,30,127,46,8*7B
$GBGSV,3,3,11,31,30,267,23,35,62,201,26,39,41,359,45,8*48
$GBGSV,1,1,01,36,00,024,,0*45
$GNGLL,3001.74234,S,05112.74983,W,164101.00,A,D*7C
$GNRMC,164102.00,A,3001.74234,S,05112.74983,W,0.013,,090926,,,F,V*18
$GNVTG,,T,,M,0.013,N,0.024,K,D*3C
$GNGGA,164102.00,3001.74234,S,05112.74983,W,5,12,0.70,50.4,M,4.8,M,2.0,0920*65
$GNGSA,M,3,23,25,28,29,31,05,12,13,,,,,1.29,0.70,1.09,1*09
$GNGSA,M,3,80,82,79,84,83,,,,,,,,1.29,0.70,1.09,2*00
$GNGSA,M,3,10,11,12,16,25,36,,,,,,,1.29,0.70,1.09,3*0D
$GNGSA,M,3,19,26,29,31,35,39,12,,,,,,1.29,0.70,1.09,4*07
$GPGSV,2,1,08,05,41,111,48,12,30,041,39,13,24,035,44,23,15,355,39,1*63
$GPGSV,2,2,08,25,65,026,53,26,18,223,25,29,58,168,26,31,21,249,19,1*68
$GPGSV,2,1,07,05,41,111,43,12,30,041,33,13,24,035,35,23,15,355,38,6*6D
$GPGSV,2,2,07,25,65,026,48,28,28,282,17,29,58,168,25,6*58
$GPGSV,2,1,06,13,24,035,34,18,61,284,14,23,15,355,44,25,65,026,54,8*6F
$GPGSV,2,2,06,26,18,223,17,28,28,282,28,8*61
$GPGSV,1,1,02,15,04,050,,21,14,136,,0*60
$GLGSV,2,1,07,66,03,144,08,74,04,207,08,79,11,018,14,80,63,354,46,1*73
$GLGSV,2,2,07,82,33,154,25,83,55,233,22,84,18,288,20,1*4E
$GLGSV,2,1,07,67,11,093,14,73,49,225,11,79,11,018,15,80,63,354,44,3*70
$GLGSV,2,2,07,82,33,154,28,83,55,233,15,84,18,288,29,3*4C
$GLGSV,1,1,01,68,01,047,,0*44
$GAGSV,2,1,07,10,44,144,37,11,74,156,26,12,21,140,23,14,24,097,28,1*73
$GAGSV,2,2,07,16,46,052,45,25,80,189,20,36,51,311,18,1*47
$GAGSV,1,1,02,14,24,097,33,16,46,052,49,5*71
$GAGSV,2,1,06,10,44,144,35,11,74,156,29,12,21,140,22,14,24,097,19,7*7A
$GAGSV,2,2,06,16,46,052,48,25,80,189,23,7*75
$GAGSV,1,1,02,02,25,222,,34,02,317,,0*71
$GBGSV,1,1,02,29,30,127,43,39,41,359,47,3*7E
$GBGSV,2,1,08,12,19,090,25,19,18,062,15,20,14,109,19,24,18,224,18,5*78
$GBGSV,2,2,08,26,54,264,18,29,30,127,47,31,30,267,17,39,41,359,47,5*7E
$GBGSV,3,1,11,11,09,118,16,12,19,090,20,19,18,062,25,20,14,109,22,8*76
$GBGSV,3,2,11,22,04,014,21,24,18,224,20,26,54,264,14,29,30,127,46,8*7B
$GBGSV,3,3,11,31,30,267,22,35,62,201,26,39,41,359,45,8*49
$GBGSV,1,1,01,36,00,024,,0*45
$GNGLL,3001.74234,S,05112.74983,W,164102.00,A,D*7F
$GNRMC,164103.00,A,3001.74234,S,05112.74983,W,0.017,,090926,,,F,V*1D
$GNVTG,,T,,M,0.017,N,0.031,K,D*3C
$GNGGA,164103.00,3001.74234,S,05112.74983,W,5,12,0.70,50.4,M,4.8,M,2.0,0920*64
$GNGSA,M,3,23,25,28,29,31,05,12,13,,,,,1.29,0.70,1.09,1*09
$GNGSA,M,3,80,82,79,84,83,,,,,,,,1.29,0.70,1.09,2*00
$GNGSA,M,3,10,11,12,16,25,36,,,,,,,1.29,0.70,1.09,3*0D
$GNGSA,M,3,26,29,31,35,39,12,,,,,,,1.29,0.70,1.09,4*0F
$GPGSV,2,1,08,05,41,111,47,12,30,041,39,13,24,035,43,23,15,355,39,1*6B
$GPGSV,2,2,08,25,65,026,53,26,18,223,24,29,58,168,27,31,21,249,18,1*69
$GPGSV,2,1,07,05,41,111,43,12,30,041,33,13,24,035,35,23,15,355,38,6*6D
$GPGSV,2,2,07,25,65,026,48,28,28,282,17,29,58,168,25,6*58
$GPGSV,2,1,06,13,24,035,34,18,61,284,13,23,15,355,44,25,65,026,54,8*68
$GPGSV,2,2,06,26,18,223,17,28,28,282,28,8*61
$GPGSV,1,1,02,15,04,050,,21,14,136,,0*60
$GLGSV,2,1,07,66,03,144,19,74,04,207,08,79,11,018,11,80,63,354,46,1*76
$GLGSV,2,2,07,82,33,154,25,83,55,233,21,84,18,288,20,1*4D
$GLGSV,2,1,07,67,11,093,13,73,49,225,09,79,11,018,15,80,63,354,44,3*7E
$GLGSV,2,2,07,82,33,154,28,83,55,233,15,84,18,288,29,3*4C
$GLGSV,1,1,01,68,01,047,,0*44
$GAGSV,2,1,07,10,44,144,37,11,74,156,26,12,21,140,23,14,24,097,28,1*73
$GAGSV,2,2,07,16,46,052,45,25,80,189,20,36,51,311,18,1*47
$GAGSV,1,1,02,14,24,097,33,16,46,052,49,5*71
$GAGSV,2,1,06,10,44,144,35,11,74,156,29,12,21,140,22,14,24,097,18,7*7B
$GAGSV,2,2,06,16,46,052,48,25,80,189,24,7*72
$GAGSV,1,1,02,02,25,222,,34,02,317,,0*71
$GBGSV,1,1,02,29,30,127,43,39,41,359,47,3*7E
$GBGSV,2,1,08,12,19,090,25,19,19,062,16,20,14,109,18,24,18,224,18,5*7B
$GBGSV,2,2,08,26,54,264,18,29,30,127,47,31,30,267,16,39,41,359,47,5*7F
$GBGSV,3,1,11,11,09,118,16,12,19,090,20,19,19,062,25,20,14,109,22,8*77
$GBGSV,3,2,11,22,04,014,21,24,18,224,19,26,54,264,13,29,30,127,47,8*77
$GBGSV,3,3,11,31,30,267,23,35,62,201,26,39,41,359,45,8*48
$GBGSV,1,1,01,36,00,024,,0*45
$GNGLL,3001.74234,S,05112.74983,W,164103.00,A,D*7E
$GNRMC,164104.00,A,3001.74233,S,05112.74982,W,0.029,,090926,,,F,V*11
$GNVTG,,T,,M,0.029,N,0.054,K,D*32
$GNGGA,164104.00,3001.74233,S,05112.74982,W,5,12,0.70,50.4,M,4.8,M,2.0,0920*65
$GNGSA,M,3,23,25,28,29,31,05,12,13,,,,,1.29,0.70,1.09,1*09
$GNGSA,M,3,80,82,79,84,83,,,,,,,,1.29,0.70,1.09,2*00
$GNGSA,M,3,10,11,12,16,25,36,,,,,,,1.29,0.70,1.09,3*0D
$GNGSA,M,3,19,26,29,31,35,39,12,,,,,,1.29,0.70,1.09,4*07
$GPGSV,2,1,08,05,41,111,47,12,30,041,39,13,24,035,43,23,15,355,39,1*6B
$GPGSV,2,2,08,25,65,026,53,26,18,223,24,29,58,168,27,31,21,249,17,1*66
$GPGSV,2,1,07,05,41,111,43,12,30,041,32,13,24,035,35,23,15,355,39,6*6D
$GPGSV,2,2,07,25,65,026,48,28,28,282,17,29,58,168,25,6*58
$GPGSV,2,1,06,13,24,035,34,18,61,284,12,23,15,355,44,25,65,026,54,8*69
$GPGSV,2,2,06,26,18,223,17,28,28,282,28,8*61
$GPGSV,1,1,02,15,04,050,,21,14,136,,0*60
$GLGSV,2,1,07,66,03,144,17,74,04,207,09,79,11,018,09,80,63,354,46,1*70
$GLGSV,2,2,07,82,33,154,25,83,55,233,21,84,18,288,20,1*4D
$GLGSV,2,1,07,67,11,093,14,73,49,225,11,79,11,018,16,80,63,354,44,3*73
$GLGSV,2,2,07,82,33,154,28,83,55,233,14,84,18,288,29,3*4D
$GLGSV,1,1,01,68,01,047,,0*44
$GAGSV,2,1,07,10,44,144,37,11,74,156,27,12,21,140,22,14,24,097,29,1*72
$GAGSV,2,2,07,16,46,052,45,25,80,189,21,36,51,311,18,1*46
$GAGSV,1,1,02,14,24,097,33,16,46,052,49,5*71
$GAGSV,2,1,06,10,44,144,35,11,74,156,29,12,21,140,21,14,24,097,17,7*77
$GAGSV,2,2,06,16,46,052,48,25,80,189,24,7*72
$GAGSV,1,1,02,02,25,222,,34,02,317,,0*71
$GBGSV,1,1,02,29,30,127,43,39,41,359,47,3*7E
$GBGSV,2,1,08,12,19,090,25,19,19,062,16,20,14,109,18,24,18,224,18,5*7B
$GBGSV,2,2,08,26,54,264,17,29,30,127,47,31,30,267,15,39,41,359,47,5*73
$GBGSV,3,1,11,11,09,118,16,12,19,090,19,19,19,062,25,20,14,109,23,8*7C
$GBGSV,3,2,11,22,04,014,21,24,18,224,20,26,54,264,10,29,30,127,47,8*7E
$GBGSV,3,3,11,31,30,267,22,35,62,201,26,39,41,359,45,8*49
$GBGSV,1,1,01,36,00,024,,0*45
$GNGLL,3001.74233,S,05112.74982,W,164104.00,A,D*7F
$GNRMC,164105.00,A,3001.74233,S,05112.74982,W,0.021,,090926,,,F,V*18
$GNVTG,,T,,M,0.021,N,0.038,K,D*30
$GNGGA,164105.00,3001.74233,S,05112.74982,W,5,12,0.70,50.4,M,4.8,M,2.0,0920*64
$GNGSA,M,3,23,25,28,29,31,05,12,13,,,,,1.29,0.70,1.09,1*09
$GNGSA,M,3,80,82,79,84,83,,,,,,,,1.29,0.70,1.09,2*00
$GNGSA,M,3,10,11,12,16,25,36,,,,,,,1.29,0.70,1.09,3*0D
$GNGSA,M,3,26,29,31,35,39,12,,,,,,,1.29,0.70,1.09,4*0F
$GPGSV,2,1,08,05,41,111,47,12,30,041,39,13,24,035,43,23,15,355,39,1*6B
$GPGSV,2,2,08,25,65,026,53,26,18,223,23,29,58,168,27,31,21,249,16,1*60
$GPGSV,2,1,07,05,41,111,43,12,30,041,32,13,24,035,35,23,15,355,39,6*6D
$GPGSV,2,2,07,25,65,026,48,28,28,282,16,29,58,168,25,6*59
$GPGSV,2,1,06,13,24,035,34,18,61,284,13,23,15,355,44,25,65,026,54,8*68
$GPGSV,2,2,06,26,18,223,17,28,28,282,28,8*61
$GPGSV,1,1,02,15,04,050,,21,14,136,,0*60
$GLGSV,2,1,08,66,03,144,14,73,49,225,17,74,04,207,09,79,11,018,08,1*7A
$GLGSV,2,2,08,80,63,354,46,82,33,154,25,83,55,233,21,84,18,288,20,1*7F
$GLGSV,2,1,07,67,11,093,14,73,49,225,12,79,11,018,15,80,63,354,44,3*73
$GLGSV,2,2,07,82,33,154,28,83,55,233,14,84,18,288,29,3*4D
$GLGSV,1,1,01,68,01,047,,0*44
$GAGSV,2,1,07,10,44,144,37,11,74,156,27,12,21,140,23,14,24,097,28,1*72
$GAGSV,2,2,07,16,46,052,45,25,80,189,21,36,51,311,18,1*46
$GAGSV,1,1,02,14,24,097,33,16,46,052,49,5*71
$GAGSV,2,1,06,10,44,144,35,11,74,156,29,12,21,140,21,14,24,097,16,7*76
$GAGSV,2,2,06,16,46,052,48,25,80,189,25,7*73
$GAGSV,1,1,02,02,25,222,,34,02,317,,0*71
$GBGSV,1,1,02,29,30,127,43,39,41,359,47,3*7E
$GBGSV,2,1,08,12,19,090,26,19,19,062,17,20,14,109,18,24,18,224,17,5*76
$GBGSV,2,2,08,26,54,264,16,29,30,127,47,31,30,267,14,39,41,359,47,5*73
$GBGSV,3,1,11,11,09,118,16,12,19,090,19,19,19,062,25,20,14,109,23,8*7C
$GBGSV,3,2,11,22,04,014,21,24,18,224,20,26,54,264,12,29,30,127,47,8*7C
$GBGSV,3,3,11,31,30,267,22,35,62,201,26,39,41,359,45,8*49
$GBGSV,1,1,01,36,00,024,,0*45
$GNGLL,3001.74233,S,05112.74982,W,164105.00,A,D*7E
$GNRMC,164106.00,A,3001.74233,S,05112.74982,W,0.032,,090926,,,F,V*19
$GNVTG,,T,,M,0.032,N,0.060,K,D*3F
$GNGGA,164106.00,3001.74233,S,05112.74982,W,5,12,0.70,50.4,M,4.8,M,2.0,0920*67
$GNGSA,M,3,23,25,28,29,31,05,12,13,,,,,1.29,0.70,1.09,1*09
$GNGSA,M,3,80,82,79,84,83,,,,,,,,1.29,0.70,1.09,2*00
$GNGSA,M,3,10,11,12,16,25,36,,,,,,,1.29,0.70,1.09,3*0D
$GNGSA,M,3,19,26,29,31,35,39,12,,,,,,1.29,0.70,1.09,4*07
$GPGSV,2,1,08,05,41,111,47,12,30,041,39,13,24,035,43,23,15,355,39,1*6B
$GPGSV,2,2,08,25,65,026,53,26,18,223,23,29,58,168,27,31,21,249,15,1*63
$GPGSV,1,1,01,31,21,249,16,5*58
$GPGSV,2,1,07,05,41,111,43,12,30,041,32,13,24,035,35,23,15,355,38,6*6C
$GPGSV,2,2,07,25,65,026,48,28,28,282,16,29,58,168,25,6*59
$GPGSV,2,1,06,13,24,035,34,18,61,284,15,23,15,355,44,25,65,026,54,8*6E
$GPGSV,2,2,06,26,18,223,16,28,28,282,28,8*60
$GPGSV,1,1,02,15,04,050,,21,14,136,,0*60
$GLGSV,2,1,08,66,03,144,10,73,49,225,15,74,04,207,09,79,11,018,11,1*74
$GLGSV,2,2,08,80,63,354,46,82,33,154,25,83,55,233,21,84,18,288,19,1*75
$GLGSV,2,1,07,67,11,093,13,73,49,225,12,79,11,018,15,80,63,354,44,3*74
$GLGSV,2,2,07,82,33,154,28,83,55,233,14,84,18,288,29,3*4D
$GLGSV,1,1,01,68,01,047,,0*44
$GAGSV,2,1,07,10,44,144,37,11,74,156,26,12,21,140,22,14,24,097,29,1*73
$GAGSV,2,2,07,16,46,052,45,25,80,189,21,36,51,311,19,1*47
$GAGSV,1,1,02,14,24,097,33,16,46,052,49,5*71
$GAGSV,2,1,06,10,44,144,35,11,74,156,29,12,21,140,21,14,24,097,16,7*76
$GAGSV,2,2,06,16,46,052,48,25,80,189,25,7*73
$GAGSV,1,1,02,02,25,222,,34,02,317,,0*71
$GBGSV,1,1,02,29,30,127,43,39,41,359,47,3*7E
$GBGSV,2,1,08,12,19,090,26,19,19,062,17,20,14,109,18,24,18,224,17,5*76
$GBGSV,2,2,08,26,54,264,16,29,30,127,47,31,30,267,14,39,41,359,47,5*73
$GBGSV,3,1,10,11,09,118,16,12,19,090,19,19,19,062,25,20,14,109,23,8*7D
$GBGSV,3,2,10,22,04,014,21,24,18,224,21,29,30,127,47,31,30,267,22,8*78
$GBGSV,3,3,10,35,62,201,25,39,41,359,45,8*79
$GBGSV,1,1,01,36,00,024,,0*45
$GNGLL,3001.74233,S,05112.74982,W,164106.00,A,D*7D
$GNRMC,164107.00,A,3001.74233,S,05112.74982,W,0.012,,090926,,,F,V*1A
$GNVTG,,T,,M,0.012,N,0.022,K,D*3B
$GNGGA,164107.00,3001.74233,S,05112.74982,W,5,12,0.70,50.4,M,4.8,M,2.0,0920*66
$GNGSA,M,3,23,25,28,29,31,05,12,13,,,,,1.29,0.70,1.09,1*09
$GNGSA,M,3,80,82,79,84,83,,,,,,,,1.29,0.70,1.09,2*00
$GNGSA,M,3,10,11,12,16,25,36,,,,,,,1.29,0.70,1.09,3*0D
$GNGSA,M,3,26,29,31,35,39,12,,,,,,,1.29,0.70,1.09,4*0F
$GPGSV,2,1,08,05,41,111,47,12,30,041,39,13,24,035,43,23,15,355,39,1*6B
$GPGSV,2,2,08,25,65,026,53,26,18,223,23,29,58,168,27,31,21,249,15,1*63
$GPGSV,1,1,01,18,61,284,18,5*58
$GPGSV,2,1,08,05,41,111,43,12,30,041,32,13,24,035,35,23,15,355,38,6*63
$GPGSV,2,2,08,25,65,026,48,28,28,282,17,29,58,168,25,31,21,249,15,6*6D
$GPGSV,2,1,06,13,24,035,34,18,61,284,15,23,15,355,44,25,65,026,54,8*6E
$GPGSV,2,2,06,26,18,223,17,28,28,282,28,8*61
$GPGSV,1,1,02,15,04,050,,21,14,136,,0*60
$GLGSV,2,1,08,66,03,144,08,73,49,225,14,74,04,207,08,79,11,018,14,1*78
$GLGSV,2,2,08,80,63,354,46,82,33,154,25,83,55,233,20,84,18,288,18,1*75
$GLGSV,2,1,07,67,11,093,11,73,49,225,09,79,11,018,16,80,63,354,44,3*7F
$GLGSV,2,2,07,82,33,154,28,83,55,233,15,84,18,288,29,3*4C
$GLGSV,1,1,01,68,01,047,,0*44
$GAGSV,2,1,07,10,44,144,37,11,74,156,26,12,21,140,23,14,24,097,29,1*72
$GAGSV,2,2,07,16,46,052,45,25,80,189,21,36,51,311,19,1*47
$GAGSV,1,1,02,14,24,097,32,16,46,052,49,5*70
$GAGSV,2,1,06,10,44,144,35,11,74,156,28,12,21,140,21,14,24,097,16,7*77
$GAGSV,2,2,06,16,46,052,48,25,80,189,24,7*72
$GAGSV,1,1,02,02,25,222,,34,02,317,,0*71
$GBGSV,1,1,02,29,30,127,43,39,41,359,47,3*7E
$GBGSV,2,1,08,12,19,090,25,19,19,062,17,20,14,109,16,24,18,224,17,5*7B
$GBGSV,2,2,08,26,54,264,17,29,30,127,47,31,30,267,14,39,41,359,47,5*72
$GBGSV,3,1,11,11,09,118,17,12,19,090,19,19,19,062,25,20,14,109,24,8*7A
$GBGSV,3,2,11,22,04,014,21,24,18,224,22,26,54,264,19,29,30,127,47,8*75
$GBGSV,3,3,11,31,30,267,21,35,62,201,26,39,41,359,45,8*4A
$GBGSV,1,1,01,36,00,024,,0*45
$GNGLL,3001.74233,S,05112.74982,W,164107.00,A,D*7C
$GNRMC,164108.00,A,3001.74233,S,05112.74982,W,0.018,,090926,,,F,V*1F
$GNVTG,,T,,M,0.018,N,0.033,K,D*31
$GNGGA,164108.00,3001.74233,S,05112.74982,W,5,12,0.70,50.4,M,4.8,M,2.0,0920*69
$GNGSA,M,3,23,25,28,29,05,12,13,,,,,,1.29,0.70,1.09,1*0B
$GNGSA,M,3,80,82,79,84,83,,,,,,,,1.29,0.70,1.09,2*00
$GNGSA,M,3,10,11,12,16,25,36,,,,,,,1.29,0.70,1.09,3*0D
$GNGSA,M,3,26,29,31,35,39,12,,,,,,,1.29,0.70,1.09,4*0F
$GPGSV,2,1,08,05,41,111,47,12,30,041,39,13,24,035,44,23,15,355,39,1*6C
$GPGSV,2,2,08,25,65,026,53,26,18,223,23,29,58,168,27,31,21,249,13,1*65
$GPGSV,3,1,09,05,41,111,43,12,30,041,32,13,24,035,35,18,61,284,17,6*68
$GPGSV,3,2,09,23,15,355,39,25,65,026,48,28,28,282,17,29,58,168,25,6*6B
$GPGSV,3,3,09,31,21,249,13,6*56
$GPGSV,2,1,06,13,24,035,34,18,61,284,16,23,15,355,44,25,65,026,54,8*6D
$GPGSV,2,2,06,26,18,223,17,28,28,282,28,8*61
$GPGSV,1,1,02,15,04,050,,21,14,136,,0*60
$GLGSV,2,1,07,66,03,144,08,73,49,225,13,79,11,018,15,80,63,354,46,1*76
$GLGSV,2,2,07,82,33,154,25,83,55,233,19,84,18,288,19,1*4C
$GLGSV,2,1,07,67,11,093,10,73,49,225,09,79,11,018,15,80,63,354,44,3*7D
$GLGSV,2,2,07,82,33,154,28,83,55,233,16,84,18,288,29,3*4F
$GLGSV,1,1,02,68,01,047,,74,04,207,,0*75
$GAGSV,2,1,07,10,44,144,37,11,74,156,26,12,21,140,23,14,24,097,29,1*72
$GAGSV,2,2,07,16,46,052,45,25,80,189,20,36,51,311,19,1*46
$GAGSV,1,1,02,14,24,097,32,16,46,052,49,5*70
$GAGSV,2,1,06,10,44,144,35,11,74,156,29,12,21,140,21,14,24,097,15,7*75
$GAGSV,2,2,06,16,46,052,48,25,80,189,25,7*73
$GAGSV,1,1,02,02,25,222,,34,02,317,,0*71
$GBGSV,1,1,02,29,30,127,43,39,41,359,47,3*7E
$GBGSV,2,1,08,12,19,090,26,19,19,062,17,20,14,109,15,24,19,224,17,5*7A
$GBGSV,2,2,08,26,54,264,18,29,30,127,47,31,30,267,14,39,41,359,47,5*7D
$GBGSV,3,1,11,11,09,118,18,12,19,090,18,19,19,062,26,20,14,109,24,8*77
$GBGSV,3,2,11,22,04,014,21,24,19,224,23,26,54,264,19,29,30,127,47,8*75
$GBGSV,3,3,11,31,30,267,22,35,62,201,26,39,41,359,45,8*49
$GBGSV,1,1,01,36,00,024,,0*45
$GNGLL,3001.74233,S,05112.74982,W,164108.00,A,D*73
$GNRMC,164109.00,A,3001.74233,S,05112.74983,W,0.012,,090926,,,F,V*15
$GNVTG,,T,,M,0.012,N,0.022,K,D*3B
$GNGGA,164109.00,3001.74233,S,05112.74983,W,5,12,0.71,50.4,M,4.8,M,2.0,0920*68
$GNGSA,M,3,23,25,28,29,05,12,13,,,,,,1.39,0.71,1.19,1*0A
$GNGSA,M,3,80,82,84,83,,,,,,,,,1.39,0.71,1.19,2*0F
$GNGSA,M,3,10,11,12,16,25,36,,,,,,,1.39,0.71,1.19,3*0C
$GNGSA,M,3,26,29,31,35,39,12,,,,,,,1.39,0.71,1.19,4*0E
$GPGSV,2,1,08,05,41,111,47,12,30,041,39,13,24,035,43,23,15,355,39,1*6B
$GPGSV,2,2,08,25,65,026,53,26,18,223,23,29,58,168,27,31,21,249,11,1*67
$GPGSV,3,1,09,05,41,111,43,12,30,041,32,13,24,035,35,18,61,284,17,6*68
$GPGSV,3,2,09,23,15,355,38,25,65,026,48,28,28,282,18,29,58,168,25,6*65
$GPGSV,3,3,09,31,21,249,12,6*57
$GPGSV,2,1,06,13,24,035,34,18,61,284,15,23,15,355,44,25,65,026,54,8*6E
$GPGSV,2,2,06,26,18,223,17,28,28,282,28,8*61
$GPGSV,1,1,02,15,04,050,,21,14,136,,0*60
$GLGSV,2,1,08,66,03,144,09,73,49,225,13,74,04,207,18,79,11,018,14,1*7F
$GLGSV,2,2,08,80,63,354,46,82,33,154,25,83,55,233,18,84,18,288,19,1*7F
$GLGSV,2,1,06,67,11,093,08,79,11,018,13,80,63,354,44,82,33,154,28,3*76
$GLGSV,2,2,06,83,55,233,14,84,18,288,29,3*7C
$GLGSV,1,1,01,68,01,047,,0*44
$GAGSV,2,1,07,10,44,144,37,11,74,156,26,12,21,140,23,14,24,097,29,1*72
$GAGSV,2,2,07,16,46,052,45,25,80,189,20,36,51,311,18,1*47
$GAGSV,1,1,02,14,24,097,32,16,46,052,49,5*70
$GAGSV,2,1,06,10,44,144,35,11,74,156,28,12,21,140,22,14,24,097,14,7*76
$GAGSV,2,2,06,16,46,052,48,25,80,189,24,7*72
$GAGSV,1,1,02,02,25,222,,34,02,317,,0*71
$GBGSV,1,1,02,29,30,127,43,39,41,359,47,3*7E
$GBGSV,2,1,08,12,19,090,25,19,19,062,18,20,14,109,15,24,19,224,17,5*76
$GBGSV,2,2,08,26,54,264,18,29,30,127,47,31,30,267,14,39,41,359,47,5*7D
$GBGSV,3,1,11,11,09,118,17,12,19,090,18,19,19,062,26,20,14,109,24,8*78
$GBGSV,3,2,11,22,04,014,21,24,19,224,24,26,54,264,19,29,30,127,47,8*72
$GBGSV,3,3,11,31,30,267,22,35,62,201,26,39,41,359,45,8*49
$GBGSV,1,1,01,36,00,024,,0*45
$GNGLL,3001.74233,S,05112.74983,W,164109.00,A,D*73
$GNRMC,164110.00,A,3001.74233,S,05112.74982,W,0.022,,090926,,,F,V*1F
$GNVTG,,T,,M,0.022,N,0.040,K,D*3C
$GNGGA,164110.00,3001.74233,S,05112.74982,W,5,12,0.70,50.4,M,4.8,M,2.0,0920*60
$GNGSA,M,3,18,23,25,28,29,05,12,13,,,,,1.37,0.70,1.18,1*0D
$GNGSA,M,3,80,82,84,83,,,,,,,,,1.37,0.70,1.18,2*01
$GNGSA,M,3,10,11,12,16,25,36,,,,,,,1.37,0.70,1.18,3*02
$GNGSA,M,3,19,26,29,31,35,39,12,,,,,,1.37,0.70,1.18,4*08
$GPGSV,2,1,08,05,41,111,47,12,30,041,38,13,24,035,44,23,15,355,39,1*6D
$GPGSV,2,2,08,25,65,026,53,26,18,223,23,29,58,168,27,31,21,249,11,1*67
$GPGSV,3,1,09,05,41,111,43,12,30,041,32,13,24,035,35,18,61,284,18,6*67
$GPGSV,3,2,09,23,15,355,39,25,65,026,48,28,28,282,18,29,58,168,25,6*64
$GPGSV,3,3,09,31,21,249,12,6*57
$GPGSV,2,1,06,13,24,035,34,18,61,284,14,23,15,355,44,25,65,026,54,8*6F
$GPGSV,2,2,06,26,18,223,17,28,28,282,28,8*61
$GPGSV,1,1,02,15,04,050,,21,14,136,,0*60
$GLGSV,2,1,08,66,03,144,08,73,49,225,13,74,04,207,16,79,11,018,14,1*70
$GLGSV,2,2,08,80,63,354,46,82,33,154,25,83,55,233,17,84,18,288,20,1*7A
$GLGSV,2,1,06,67,11,093,09,79,11,018,14,80,63,354,44,82,33,154,28,3*70
$GLGSV,2,2,06,83,55,233,14,84,18,288,29,3*7C
$GLGSV,1,1,01,68,01,047,,0*44
$GAGSV,2,1,07,10,44,144,37,11,74,156,26,12,21,140,23,14,24,097,29,1*72
$GAGSV,2,2,07,16,46,052,45,25,80,189,20,36,51,311,19,1*46
$GAGSV,1,1,02,14,24,097,32,16,46,052,49,5*70
$GAGSV,2,1,06,10,44,144,35,11,74,156,28,12,21,140,21,14,24,097,13,7*72
$GAGSV,2,2,06,16,46,052,48,25,80,189,25,7*73
$GAGSV,1,1,02,02,25,222,,34,02,317,,0*71
$GBGSV,1,1,02,29,30,127,43,39,41,359,47,3*7E
$GBGSV,2,1,08,12,19,090,26,19,19,062,18,20,14,109,13,24,19,224,17,5*73
$GBGSV,2,2,08,26,54,265,17,29,30,127,47,31,30,267,14,39,41,359,47,5*73
$GBGSV,3,1,11,11,09,118,17,12,19,090,17,19,19,062,26,20,14,109,25,8*76
$GBGSV,3,2,11,22,04,014,20,24,19,224,25,26,54,265,19,29,30,127,47,8*73
$GBGSV,3,3,11,31,30,267,22,35,62,201,26,39,41,359,45,8*49
$GBGSV,1,1,01,36,00,024,,0*45
$GNGLL,3001.74233,S,05112.74982,W,164110.00,A,D*7A
$GNRMC,164111.00,A,3001.74233,S,05112.74983,W,0.011,,090926,,,F,V*1F
$GNVTG,,T,,M,0.011,N,0.020,K,D*3A
$GNGGA,164111.00,3001.74233,S,05112.74983,W,5,12,0.68,50.3,M,4.8,M,2.0,0920*6E
$GNGSA,M,3,18,23,25,28,29,05,12,13,,,,,1.28,0.68,1.08,1*0B
$GNGSA,M,3,80,82,79,84,83,,,,,,,,1.28,0.68,1.08,2*09
$GNGSA,M,3,10,11,12,16,25,36,,,,,,,1.28,0.68,1.08,3*04
$GNGSA,M,3,19,26,29,31,35,39,12,,,,,,1.28,0.68,1.08,4*0E
$GPGSV,2,1,08,05,41,111,47,12,30,041,38,13,24,035,44,23,15,355,39,1*6D
$GPGSV,2,2,08,25,65,026,53,26,18,223,23,29,58,168,27,31,21,249,12,1*64
$GPGSV,3,1,09,05,41,111,43,12,30,041,32,13,24,035,35,18,61,284,18,6*67
$GPGSV,3,2,09,23,15,355,39,25,65,026,48,28,28,282,19,29,58,168,24,6*64
$GPGSV,3,3,09,31,21,249,11,6*54
$GPGSV,2,1,06,13,24,035,34,18,61,284,14,23,15,355,44,25,65,026,54,8*6F
$GPGSV,2,2,06,26,18,223,17,28,28,282,28,8*61
$GPGSV,1,1,02,15,04,050,,21,14,136,,0*60
$GLGSV,2,1,08,66,03,144,08,73,49,225,12,74,04,207,15,79,11,018,08,1*7F
$GLGSV,2,2,08,80,63,354,46,82,33,154,25,83,55,233,15,84,18,288,20,1*78
$GLGSV,2,1,06,67,11,093,12,79,11,018,15,80,63,354,44,82,33,154,28,3*7B
$GLGSV,2,2,06,83,55,233,13,84,18,288,30,3*73
$GLGSV,1,1,01,68,01,047,,0*44
$GAGSV,2,1,07,10,44,144,37,11,74,156,26,12,21,140,23,14,24,097,30,1*7A
$GAGSV,2,2,07,16,46,052,45,25,80,189,20,36,51,311,19,1*46
$GAGSV,1,1,02,14,24,097,32,16,46,052,49,5*70
$GAGSV,2,1,06,10,44,144,35,11,74,156,28,12,21,140,21,14,24,097,13,7*72
$GAGSV,2,2,06,16,46,052,48,25,80,189,25,7*73
$GAGSV,1,1,02,02,25,222,,34,02,317,,0*71
$GBGSV,1,1,02,29,30,127,43,39,41,359,47,3*7E
$GBGSV,2,1,08,12,19,090,26,19,19,062,18,20,14,109,13,24,19,224,17,5*73
$GBGSV,2,2,08,26,54,265,18,29,30,127,47,31,30,267,14,39,41,359,47,5*7C
$GBGSV,3,1,11,11,09,118,17,12,19,090,16,19,19,062,26,20,14,109,25,8*77
$GBGSV,3,2,11,22,04,014,21,24,19,224,25,26,54,265,18,29,30,127,47,8*73
$GBGSV,3,3,11,31,30,267,21,35,62,201,26,39,41,359,45,8*4A
$GBGSV,1,1,01,36,00,024,,0*45
$GNGLL,3001.74233,S,05112.74983,W,164111.00,A,D*7A
$GNRMC,164112.00,A,3001.74233,S,05112.74983,W,0.025,,090926,,,F,V*1B
$GNVTG,,T,,M,0.025,N,0.046,K,D*3D
$GNGGA,164112.00,3001.74233,S,05112.74983,W,5,12,0.68,50.3,M,4.8,M,2.0,0920*6D
$GNGSA,M,3,18,23,25,28,29,05,12,13,,,,,1.28,0.68,1.08,1*0B
$GNGSA,M,3,80,82,79,84,83,,,,,,,,1.28,0.68,1.08,2*09
$GNGSA,M,3,10,11,12,16,25,36,,,,,,,1.28,0.68,1.08,3*04
$GNGSA,M,3,26,29,31,35,39,12,,,,,,,1.28,0.68,1.08,4*06
$GPGSV,2,1,08,05,41,111,47,12,30,041,38,13,24,035,44,23,15,355,39,1*6D
$GPGSV,2,2,08,25,65,026,53,26,18,223,22,29,58,168,27,31,21,249,13,1*64
$GPGSV,3,1,09,05,41,111,43,12,30,041,31,13,24,035,35,18,61,284,18,6*64
$GPGSV,3,2,09,23,15,355,39,25,65,026,48,28,28,282,20,29,58,168,24,6*6E
$GPGSV,3,3,09,31,21,249,12,6*57
$GPGSV,2,1,06,13,24,035,34,18,61,284,14,23,15,355,44,25,65,026,54,8*6F
$GPGSV,2,2,06,26,18,223,17,28,28,282,28,8*61
$GPGSV,1,1,02,15,04,050,,21,14,136,,0*60
$GLGSV,2,1,08,66,03,144,08,73,49,225,12,74,04,207,14,79,11,018,08,1*7E
$GLGSV,2,2,08,80,63,354,46,82,33,154,25,83,55,233,16,84,18,288,20,1*7B
$GLGSV,2,1,06,67,11,093,11,79,11,018,16,80,63,354,44,82,33,154,28,3*7B
$GLGSV,2,2,06,83,55,233,11,84,18,288,30,3*71
$GLGSV,1,1,01,68,01,047,,0*44
$GAGSV,2,1,07,10,44,144,37,11,74,156,26,12,21,140,24,14,24,097,30,1*7D
$GAGSV,2,2,07,16,46,052,45,25,80,189,20,36,51,311,19,1*46
$GAGSV,1,1,02,14,24,097,32,16,46,052,49,5*70
$GAGSV,2,1,06,10,44,144,35,11,74,156,29,12,21,140,21,14,24,097,13,7*73
$GAGSV,2,2,06,16,46,052,48,25,80,189,25,7*73
$GAGSV,1,1,02,02,25,222,,34,02,317,,0*71
$GBGSV,1,1,02,29,30,127,43,39,41,359,47,3*7E
$GBGSV,2,1,08,12,19,090,26,19,19,062,17,20,14,109,14,24,19,224,18,5*74
$GBGSV,2,2,08,26,54,265,17,29,30,127,47,31,30,267,12,39,41,359,47,5*75
$GBGSV,3,1,11,11,09,118,17,12,19,090,17,19,19,062,26,20,14,109,25,8*76
$GBGSV,3,2,11,22,04,014,20,24,19,224,26,26,54,265,18,29,30,127,47,8*71
$GBGSV,3,3,11,31,30,267,21,35,62,201,26,39,41,359,45,8*4A
$GBGSV,1,1,01,36,00,024,,0*45
$GNGLL,3001.74233,S,05112.74983,W,164112.00,A,D*79
$GNRMC,164113.00,A,3001.74233,S,05112.74983,W,0.012,,090926,,,F,V*1E
$GNVTG,,T,,M,0.012,N,0.023,K,D*3A
$GNGGA,164113.00,3001.74233,S,05112.74983,W,5,12,0.68,50.3,M,4.8,M,2.0,0920*6C
$GNGSA,M,3,18,23,25,28,29,31,05,12,13,,,,1.28,0.68,1.08,1*09
$GNGSA,M,3,80,82,79,84,83,,,,,,,,1.28,0.68,1.08,2*09
$GNGSA,M,3,10,11,12,16,25,36,,,,,,,1.28,0.68,1.08,3*04
$GNGSA,M,3,26,29,31,35,39,12,,,,,,,1.28,0.68,1.08,4*06
$GPGSV,2,1,08,05,41,111,47,12,30,041,38,13,24,035,44,23,15,355,40,1*63
$GPGSV,2,2,08,25,65,026,53,26,18,223,22,29,58,168,27,31,21,249,15,1*62
$GPGSV,3,1,09,05,41,111,43,12,30,041,31,13,24,035,35,18,61,284,19,6*65
$GPGSV,3,2,09,23,15,355,39,25,65,026,48,28,28,282,19,29,58,168,24,6*64
$GPGSV,3,3,09,31,21,249,13,6*56
$GPGSV,2,1,06,13,24,035,34,18,61,284,15,23,15,355,44,25,65,026,54,8*6E
$GPGSV,2,2,06,26,18,223,17,28,28,282,28,8*61
$GPGSV,1,1,02,15,04,050,,21,14,136,,0*60
$GLGSV,2,1,08,66,03,144,08,73,49,225,10,74,04,207,13,79,11,018,11,1*73
$GLGSV,2,2,08,80,63,354,46,82,33,154,25,83,55,233,15,84,18,288,21,1*79
$GLGSV,2,1,06,67,11,093,10,79,11,018,15,80,63,354,44,82,33,154,28,3*79
$GLGSV,2,2,06,83,55,233,12,84,18,288,30,3*72
$GLGSV,1,1,01,68,01,047,,0*44
$GAGSV,2,1,07,10,44,144,37,11,74,156,26,12,21,140,24,14,24,097,30,1*7D
$GAGSV,2,2,07,16,46,052,45,25,80,189,20,36,51,311,19,1*46
$GAGSV,1,1,02,14,24,097,31,16,46,052,49,5*73
$GAGSV,2,1,06,10,44,144,35,11,74,156,29,12,21,140,21,14,24,097,14,7*74
$GAGSV,2,2,06,16,46,052,48,25,80,189,25,7*73
$GAGSV,1,1,02,02,25,222,,34,02,317,,0*71
$GBGSV,1,1,02,29,29,127,43,39,41,359,47,3*76
$GBGSV,2,1,08,12,19,090,26,19,19,062,17,20,14,109,15,24,19,224,18,5*75
$GBGSV,2,2,08,26,54,265,18,29,29,127,47,31,30,267,11,39,41,359,47,5*71
$GBGSV,3,1,11,11,09,118,17,12,19,090,18,19,19,062,26,20,14,109,25,8*79
$GBGSV,3,2,11,22,04,014,21,24,19,224,26,26,54,265,17,29,29,127,47,8*77
$GBGSV,3,3,11,31,30,267,21,35,62,201,26,39,41,359,45,8*4A
$GBGSV,1,1,01,36,00,024,,0*45
$GNGLL,3001.74233,S,05112.74983,W,164113.00,A,D*78
$GNRMC,164114.00,A,3001.74233,S,05112.74983,W,0.016,,090926,,,F,V*1D
$GNVTG,,T,,M,0.016,N,0.029,K,D*34
$GNGGA,164114.00,3001.74233,S,05112.74983,W,5,12,0.68,50.3,M,4.8,M,2.0,0920*6B
$GNGSA,M,3,18,23,25,28,29,31,05,12,13,,,,1.28,0.68,1.08,1*09
$GNGSA,M,3,80,82,79,84,83,,,,,,,,1.28,0.68,1.08,2*09
$GNGSA,M,3,10,11,12,16,25,36,,,,,,,1.28,0.68,1.08,3*04
$GNGSA,M,3,26,29,35,39,12,,,,,,,,1.28,0.68,1.08,4*04
$GPGSV,2,1,08,05,41,111,47,12,30,041,38,13,24,035,43,23,15,355,39,1*6A
$GPGSV,2,2,08,25,65,026,53,26,18,223,22,29,58,168,27,31,21,249,17,1*60
$GPGSV,3,1,09,05,41,111,43,12,30,041,31,13,24,035,35,18,61,284,19,6*65
$GPGSV,3,2,09,23,15,355,39,25,65,026,48,28,28,282,19,29,58,168,24,6*64
$GPGSV,3,3,09,31,21,249,12,6*57
$GPGSV,2,1,06,13,24,035,34,18,61,284,16,23,15,355,44,25,65,026,54,8*6D
$GPGSV,2,2,06,26,18,223,16,28,28,282,28,8*60
$GPGSV,1,1,02,15,04,050,,21,14,136,,0*60
$GLGSV,2,1,07,73,49,225,11,74,04,207,12,79,11,018,13,80,63,354,46,1*79
$GLGSV,2,2,07,82,33,154,25,83,55,233,15,84,18,288,21,1*4B
$GLGSV,2,1,06,67,11,093,09,79,11,018,15,80,63,354,44,82,33,154,28,3*71
$GLGSV,2,2,06,83,55,233,10,84,18,288,30,3*70
$GLGSV,1,1,02,66,03,144,,68,01,047,,0*75
$GAGSV,2,1,07,10,44,144,37,11,74,156,26,12,21,140,23,14,24,097,30,1*7A
$GAGSV,2,2,07,16,46,052,45,25,80,189,19,36,51,311,19,1*4C
$GAGSV,1,1,02,14,24,097,32,16,46,052,49,5*70
$GAGSV,2,1,06,10,44,144,35,11,74,156,29,12,21,140,21,14,24,097,11,7*71
$GAGSV,2,2,06,16,46,052,48,25,80,189,25,7*73
$GAGSV,1,1,02,02,25,222,,34,02,317,,0*71
$GBGSV,1,1,02,29,29,127,43,39,41,359,47,3*76
$GBGSV,2,1,08,12,19,090,26,19,19,062,17,20,14,109,17,24,19,224,17,5*78
$GBGSV,2,2,08,26,54,265,18,29,29,127,47,31,30,267,11,39,41,359,47,5*71
$GBGSV,3,1,11,11,09,118,18,12,19,090,17,19,19,062,26,20,14,109,25,8*79
$GBGSV,3,2,11,22,04,014,21,24,19,224,26,26,54,265,17,29,29,127,47,8*77
$GBGSV,3,3,11,31,30,267,21,35,62,201,26,39,41,359,45,8*4A
$GBGSV,1,1,01,36,00,024,,0*45
$GNGLL,3001.74233,S,05112.74983,W,164114.00,A,D*7F
$GNRMC,164115.00,A,3001.74233,S,05112.74983,W,0.013,,090926,,,F,V*19
$GNVTG,,T,,M,0.013,N,0.024,K,D*3C
$GNGGA,164115.00,3001.74233,S,05112.74983,W,5,12,0.71,50.3,M,4.8,M,2.0,0920*62
$GNGSA,M,3,18,23,25,28,29,31,05,12,13,,,,1.29,0.71,1.08,1*00
$GNGSA,M,3,80,82,79,84,,,,,,,,,1.29,0.71,1.08,2*0B
$GNGSA,M,3,10,11,12,16,25,36,,,,,,,1.29,0.71,1.08,3*0D
$GNGSA,M,3,19,26,29,31,35,39,12,,,,,,1.29,0.71,1.08,4*07
$GPGSV,2,1,08,05,41,111,47,12,30,041,38,13,24,035,43,23,15,355,40,1*64
$GPGSV,2,2,08,25,65,026,53,26,18,223,22,29,58,168,27,31,21,249,17,1*60
$GPGSV,3,1,09,05,41,111,43,12,30,041,31,13,24,035,35,18,61,284,19,6*65
$GPGSV,3,2,09,23,15,355,39,25,65,026,48,28,28,282,19,29,58,168,24,6*64
$GPGSV,3,3,09,31,21,249,12,6*57
$GPGSV,2,1,06,13,24,035,34,18,61,284,15,23,15,355,44,25,65,026,54,8*6E
$GPGSV,2,2,06,26,18,223,16,28,28,282,28,8*60
$GPGSV,1,1,02,15,04,050,,21,14,136,,0*60
$GLGSV,2,1,08,66,03,144,17,73,49,225,11,74,04,207,14,79,11,018,14,1*7E
$GLGSV,2,2,08,80,63,354,46,82,33,154,25,83,55,233,14,84,18,288,22,1*7B
$GLGSV,2,1,06,67,11,093,11,79,11,018,15,80,63,354,44,82,33,154,28,3*78
$GLGSV,2,2,06,83,55,233,10,84,18,288,29,3*78
$GLGSV,1,1,01,68,01,047,,0*44
$GAGSV,2,1,07,10,44,144,37,11,74,156,26,12,21,140,23,14,24,097,30,1*7A
$GAGSV,2,2,07,16,46,052,45,25,80,189,19,36,51,311,18,1*4D
$GAGSV,1,1,02,14,24,097,31,16,46,052,49,5*73
$GAGSV,2,1,06,10,44,144,35,11,74,156,29,12,21,140,21,14,24,097,10,7*70
$GAGSV,2,2,06,16,46,052,48,25,80,189,25,7*73
$GAGSV,1,1,02,02,25,222,,34,02,317,,0*71
$GBGSV,1,1,02,29,29,127,43,39,41,359,47,3*76
$GBGSV,2,1,08,12,19,090,26,19,19,062,17,20,14,109,16,24,19,224,17,5*79
$GBGSV,2,2,08,26,54,265,18,29,29,127,47,31,30,266,13,39,41,359,47,5*72
$GBGSV,3,1,11,11,09,118,18,12,19,090,16,19,19,062,26,20,14,109,25,8*78
$GBGSV,3,2,11,22,04,014,22,24,19,224,26,26,54,265,15,29,29,127,47,8*76
$GBGSV,3,3,11,31,30,266,21,35,62,201,26,39,41,359,45,8*4B
$GBGSV,1,1,01,36,00,024,,0*45
$GNGLL,3001.74233,S,05112.74983,W,164115.00,A,D*7E
$GNRMC,164116.00,A,3001.74233,S,05112.74983,W,0.002,,090926,,,F,V*1A
$GNVTG,,T,,M,0.002,N,0.003,K,D*39
$GNGGA,164116.00,3001.74233,S,05112.74983,W,5,12,0.71,50.3,M,4.8,M,2.0,0920*61
$GNGSA,M,3,18,23,25,28,29,31,05,12,13,,,,1.29,0.71,1.08,1*00
$GNGSA,M,3,80,82,79,84,,,,,,,,,1.29,0.71,1.08,2*0B
$GNGSA,M,3,10,11,12,16,25,36,,,,,,,1.29,0.71,1.08,3*0D
$GNGSA,M,3,19,26,29,35,39,12,,,,,,,1.29,0.71,1.08,4*05
$GPGSV,2,1,08,05,41,111,47,12,30,041,38,13,24,035,43,23,15,355,40,1*64
$GPGSV,2,2,08,25,65,026,53,26,18,223,22,29,58,168,27,31,21,249,16,1*61
$GPGSV,3,1,09,05,41,111,43,12,30,041,31,13,24,035,35,18,61,284,20,6*6F
$GPGSV,3,2,09,23,15,355,39,25,65,026,48,28,28,282,18,29,58,168,23,6*62
$GPGSV,3,3,09,31,21,249,11,6*54
$GPGSV,2,1,06,13,24,035,34,18,61,284,14,23,15,355,44,25,65,026,54,8*6F
$GPGSV,2,2,06,26,18,223,17,28,28,282,28,8*61
$GPGSV,1,1,02,15,04,050,,21,14,136,,0*60
$GLGSV,2,1,08,66,03,144,14,73,49,225,10,74,04,207,13,79,11,018,13,1*7C
$GLGSV,2,2,08,80,63,354,46,82,33,154,25,83,55,233,13,84,18,288,22,1*7C
$GLGSV,2,1,06,67,11,093,09,79,11,018,15,80,63,354,44,82,33,154,28,3*71
$GLGSV,2,2,06,83,55,233,11,84,18,288,29,3*79
$GLGSV,1,1,01,68,01,047,,0*44
$GAGSV,2,1,07,10,44,144,37,11,74,156,26,12,21,140,23,14,24,097,30,1*7A
$GAGSV,2,2,07,16,46,052,45,25,80,189,20,36,51,311,17,1*48
$GAGSV,1,1,02,14,24,097,31,16,46,052,49,5*73
$GAGSV,2,1,06,10,44,144,35,11,74,156,29,12,21,140,20,14,24,097,15,7*74
$GAGSV,2,2,06,16,46,052,48,25,80,189,24,7*72
$GAGSV,1,1,02,02,25,222,,34,02,317,,0*71
$GBGSV,1,1,02,29,29,127,43,39,41,359,47,3*76
$GBGSV,2,1,08,12,19,090,26,19,19,062,18,20,14,109,16,24,19,224,17,5*76
$GBGSV,2,2,08,26,54,265,18,29,29,127,47,31,30,266,12,39,41,359,47,5*73
$GBGSV,3,1,11,11,09,118,18,12,19,090,17,19,19,062,26,20,14,109,25,8*79
$GBGSV,3,2,11,22,04,014,22,24,19,224,27,26,54,265,15,29,29,127,47,8*77
$GBGSV,3,3,11,31,30,266,21,35,62,201,26,39,41,359,45,8*4B
$GBGSV,1,1,01,36,00,024,,0*45
$GNGLL,3001.74233,S,05112.74983,W,164116.00,A,D*7D
$GNRMC,164117.00,A,3001.74233,S,05112.74984,W,0.006,,090926,,,F,V*18
$GNVTG,,T,,M,0.006,N,0.012,K,D*3D
$GNGGA,164117.00,3001.74233,S,05112.74984,W,5,12,0.71,50.3,M,4.8,M,2.0,0920*67
$GNGSA,M,3,18,23,25,28,29,31,05,12,13,,,,1.29,0.71,1.08,1*00
$GNGSA,M,3,80,82,79,84,,,,,,,,,1.29,0.71,1.08,2*0B
$GNGSA,M,3,10,11,12,16,25,36,,,,,,,1.29,0.71,1.08,3*0D
$GNGSA,M,3,19,26,29,31,35,39,12,,,,,,1.29,0.71,1.08,4*07
$GPGSV,2,1,08,05,41,111,47,12,30,041,38,13,24,035,43,23,15,355,40,1*64
$GPGSV,2,2,08,25,65,026,53,26,18,223,21,29,58,168,27,31,21,249,16,1*62
$GPGSV,3,1,09,05,41,111,43,12,30,041,31,13,24,035,35,18,61,284,20,6*6F
$GPGSV,3,2,09,23,15,355,39,25,65,026,48,28,28,282,18,29,58,168,24,6*65
$GPGSV,3,3,09,31,21,249,09,6*5D
$GPGSV,2,1,06,13,24,035,34,18,61,284,15,23,15,355,44,25,65,026,54,8*6E
$GPGSV,2,2,06,26,18,223,18,28,28,282,28,8*6E
$GPGSV,1,1,02,15,04,050,,21,14,136,,0*60
$GLGSV,2,1,08,66,03,144,11,73,49,225,10,74,04,207,11,79,11,018,14,1*7C
$GLGSV,2,2,08,80,63,354,46,82,33,154,26,83,55,233,13,84,18,288,23,1*7E
$GLGSV,2,1,06,67,11,093,08,79,11,018,15,80,63,354,44,82,33,154,28,3*70
$GLGSV,2,2,06,83,55,233,09,84,18,288,29,3*70
$GLGSV,1,1,01,68,01,047,,0*44
$GAGSV,2,1,07,10,44,144,37,11,74,156,25,12,21,140,23,14,24,097,30,1*79
$GAGSV,2,2,07,16,46,052,45,25,80,189,20,36,51,311,17,1*48
$GAGSV,1,1,02,14,24,097,31,16,46,052,49,5*73
$GAGSV,2,1,06,10,44,144,35,11,74,156,29,12,21,140,21,14,24,097,13,7*73
$GAGSV,2,2,06,16,46,052,48,25,80,189,24,7*72
$GAGSV,1,1,02,02,25,222,,34,02,317,,0*71
$GBGSV,1,1,02,29,29,127,43,39,41,359,47,3*76
$GBGSV,2,1,08,12,19,090,27,19,19,062,18,20,14,109,14,24,19,224,17,5*75
$GBGSV,2,2,08,26,54,265,18,29,29,127,47,31,30,266,12,39,41,359,47,5*73
$GBGSV,3,1,11,11,09,118,16,12,19,090,17,19,19,062,26,20,14,109,26,8*74
$GBGSV,3,2,11,22,04,014,22,24,19,224,27,26,54,265,14,29,29,127,47,8*76
$GBGSV,3,3,11,31,30,266,21,35,62,201,26,39,41,359,45,8*4B
$GBGSV,1,1,01,36,00,024,,0*45
$GNGLL,3001.74233,S,05112.74984,W,164117.00,A,D*7B
$GNRMC,164118.00,A,3001.74232,S,05112.74984,W,0.040,,090926,,,F,V*14
$GNVTG,,T,,M,0.040,N,0.074,K,D*3F
$GNGGA,164118.00,3001.74232,S,05112.74984,W,5,12,0.68,50.2,M,4.8,M,2.0,0920*60
$GNGSA,M,3,18,23,25,28,29,31,05,12,13,,,,1.28,0.68,1.08,1*09
$GNGSA,M,3,80,82,79,84,83,,,,,,,,1.28,0.68,1.08,2*09
$GNGSA,M,3,10,11,12,16,25,36,,,,,,,1.28,0.68,1.08,3*04
$GNGSA,M,3,26,29,31,35,39,12,,,,,,,1.28,0.68,1.08,4*06
$GPGSV,2,1,08,05,41,111,47,12,30,041,38,13,24,035,43,23,15,355,40,1*64
$GPGSV,2,2,08,25,65,026,53,26,18,223,21,29,58,168,27,31,21,249,17,1*63
$GPGSV,2,1,08,05,41,111,43,12,30,041,31,13,24,035,35,18,61,284,20,6*6F
$GPGSV,2,2,08,23,15,355,39,25,65,026,48,28,28,282,18,29,58,168,24,6*65
$GPGSV,2,1,06,13,24,035,34,18,61,284,16,23,15,355,44,25,65,026,54,8*6D
$GPGSV,2,2,06,26,18,223,17,28,28,282,28,8*61
$GPGSV,1,1,02,15,04,050,,21,14,136,,0*60
$GLGSV,2,1,08,66,03,144,08,73,49,225,12,74,04,207,09,79,11,018,15,1*7E
$GLGSV,2,2,08,80,63,354,46,82,33,154,25,83,55,233,15,84,18,288,24,1*7C
$GLGSV,2,1,06,67,11,093,09,79,11,018,15,80,63,354,44,82,33,154,28,3*71
$GLGSV,2,2,06,83,55,233,11,84,18,288,30,3*71
$GLGSV,1,1,01,68,01,047,,0*44
$GAGSV,2,1,07,10,44,144,37,11,74,156,25,12,21,140,23,14,24,097,31,1*78
$GAGSV,2,2,07,16,46,052,45,25,80,189,20,36,51,311,16,1*49
$GAGSV,1,1,02,14,24,097,31,16,46,052,49,5*73
$GAGSV,2,1,06,10,44,144,35,11,74,156,29,12,21,140,21,14,24,097,10,7*70
$GAGSV,2,2,06,16,46,052,48,25,80,189,24,7*72
$GAGSV,1,1,02,02,25,222,,34,02,317,,0*71
$GBGSV,1,1,02,29,29,127,43,39,41,359,48,3*79
$GBGSV,2,1,08,12,19,090,27,19,19,062,17,20,14,109,14,24,19,224,17,5*7A
$GBGSV,2,2,08,26,54,265,18,29,29,127,47,31,30,266,11,39,41,359,47,5*70
$GBGSV,3,1,11,11,09,118,16,12,19,090,16,19,19,062,26,20,14,109,25,8*76
$GBGSV,3,2,11,22,04,014,22,24,19,224,27,26,54,265,13,29,29,127,47,8*71
$GBGSV,3,3,11,31,30,266,20,35,62,201,26,39,41,359,45,8*4A
$GBGSV,1,1,01,36,00,024,,0*45
$GNGLL,3001.74232,S,05112.74984,W,164118.00,A,D*75
$GNRMC,164119.00,A,3001.74232,S,05112.74984,W,0.015,,090926,,,F,V*15
$GNVTG,,T,,M,0.015,N,0.027,K,D*39
$GNGGA,164119.00,3001.74232,S,05112.74984,W,5,12,0.68,50.2,M,4.8,M,2.0,0920*61
$GNGSA,M,3,18,23,25,28,29,31,05,12,13,,,,1.28,0.68,1.08,1*09
$GNGSA,M,3,80,82,79,84,83,,,,,,,,1.28,0.68,1.08,2*09
$GNGSA,M,3,10,11,12,16,25,36,,,,,,,1.28,0.68,1.08,3*04
$GNGSA,M,3,19,26,29,31,35,39,12,,,,,,1.28,0.68,1.08,4*0E
$GPGSV,2,1,08,05,41,111,47,12,30,041,38,13,24,035,43,23,15,355,40,1*64
$GPGSV,2,2,08,25,65,026,53,26,18,223,21,29,58,168,27,31,21,249,17,1*63
$GPGSV,2,1,08,05,41,111,43,12,30,041,31,13,24,035,35,18,61,284,21,6*6E
$GPGSV,2,2,08,23,15,355,39,25,65,026,48,28,28,282,17,29,58,168,24,6*6A
$GPGSV,2,1,06,13,24,035,34,18,61,284,16,23,15,355,44,25,65,026,54,8*6D
$GPGSV,2,2,06,26,18,223,17,28,28,282,28,8*61
$GPGSV,1,1,02,15,04,050,,21,14,136,,0*60
$GLGSV,2,1,08,66,03,144,08,73,49,225,13,74,04,207,08,79,11,018,15,1*7E
$GLGSV,2,2,08,80,63,354,46,82,33,154,26,83,55,233,16,84,18,288,25,1*7D
$GLGSV,2,1,06,67,11,093,09,79,11,018,16,80,63,354,44,82,33,154,28,3*72
$GLGSV,2,2,06,83,55,233,11,84,18,288,29,3*79
$GLGSV,1,1,01,68,01,047,,0*44
$GAGSV,2,1,07,10,44,144,37,11,74,156,25,12,21,140,23,14,24,097,31,1*78
$GAGSV,2,2,07,16,46,052,45,25,80,189,19,36,51,311,17,1*42
$GAGSV,1,1,02,14,24,097,30,16,46,052,49,5*72
$GAGSV,2,1,06,10,44,144,35,11,74,156,29,12,21,140,21,14,24,097,08,7*79
$GAGSV,2,2,06,16,46,052,48,25,80,189,24,7*72
$GAGSV,1,1,02,02,25,222,,34,02,317,,0*71
$GBGSV,1,1,02,29,29,127,43,39,41,359,48,3*79
$GBGSV,2,1,08,12,19,090,27,19,19,062,18,20,14,109,15,24,19,224,17,5*74
$GBGSV,2,2,08,26,54,265,17,29,29,127,47,31,30,266,11,39,41,359,47,5*7F
$GBGSV,3,1,11,11,09,118,17,12,19,090,16,19,19,062,27,20,14,109,25,8*76
$GBGSV,3,2,11,22,04,014,21,24,19,224,27,26,54,265,10,29,29,127,47,8*71
$GBGSV,3,3,11,31,30,266,19,35,62,199,26,39,41,359,45,8*42
$GBGSV,1,1,01,36,00,024,,0*45
$GNGLL,3001.74232,S,05112.74984,W,164119.00,A,D*74
$GNRMC,164120.00,A,3001.74232,S,05112.74984,W,0.010,,090926,,,F,V*1A
$GNVTG,,T,,M,0.010,N,0.019,K,D*31
$GNGGA,164120.00,3001.74232,S,05112.74984,W,5,12,0.68,50.2,M,4.8,M,2.0,0920*6B
$GNGSA,M,3,18,23,25,28,29,31,05,12,13,,,,1.28,0.68,1.08,1*09
$GNGSA,M,3,80,82,79,84,83,,,,,,,,1.28,0.68,1.08,2*09
$GNGSA,M,3,10,11,12,16,25,36,,,,,,,1.28,0.68,1.08,3*04
$GNGSA,M,3,19,26,29,31,35,39,12,,,,,,1.28,0.68,1.08,4*0E
$GPGSV,2,1,08,05,41,111,47,12,30,041,38,13,24,035,43,23,15,355,40,1*64
$GPGSV,2,2,08,25,65,026,53,26,18,223,21,29,58,168,27,31,21,249,18,1*6C
$GPGSV,2,1,08,05,41,111,43,12,30,041,31,13,24,035,35,18,61,284,20,6*6F
$GPGSV,2,2,08,23,15,355,39,25,65,026,48,28,28,282,17,29,58,168,24,6*6A
$GPGSV,2,1,06,13,24,035,34,18,61,284,17,23,15,355,44,25,65,026,54,8*6C
$GPGSV,2,2,06,26,18,223,17,28,28,282,27,8*6E
$GPGSV,1,1,02,15,04,050,,21,14,136,,0*60
$GLGSV,2,1,08,66,03,144,08,73,49,225,14,74,04,207,08,79,11,018,15,1*79
$GLGSV,2,2,08,80,63,354,46,82,33,154,26,83,55,233,16,84,18,288,25,1*7D
$GLGSV,2,1,06,67,11,093,11,79,11,018,18,80,63,354,44,82,33,154,28,3*75
$GLGSV,2,2,06,83,55,233,09,84,18,288,29,3*70
$GLGSV,1,1,01,68,01,047,,0*44
$GAGSV,2,1,07,10,44,144,37,11,74,156,25,12,21,140,22,14,24,097,31,1*79
$GAGSV,2,2,07,16,46,052,45,25,80,189,18,36,51,311,17,1*43
$GAGSV,1,1,03,10,44,144,35,14,24,097,30,16,46,052,49,5*45
$GAGSV,2,1,06,10,44,144,35,11,74,156,29,12,21,140,20,14,24,097,08,7*78
$GAGSV,2,2,06,16,46,052,48,25,80,189,24,7*72
$GAGSV,1,1,02,02,25,222,,34,02,317,,0*71
$GBGSV,1,1,02,29,29,127,43,39,41,359,48,3*79
$GBGSV,2,1,08,12,19,090,27,19,19,062,18,20,14,109,15,24,19,224,17,5*74
$GBGSV,2,2,08,26,54,265,17,29,29,127,47,31,30,266,14,39,41,359,47,5*7A
$GBGSV,3,1,11,11,09,118,17,12,19,090,17,19,19,062,27,20,14,109,25,8*77
$GBGSV,3,2,11,22,04,014,21,24,19,224,27,26,54,265,09,29,29,127,47,8*79
$GBGSV,3,3,11,31,30,266,19,35,62,199,26,39,41,359,45,8*42
$GNGLL,3001.74232,S,05112.74984,W,164120.00,A,D*7E
$GNRMC,164121.00,A,3001.74232,S,05112.74985,W,0.021,,090926,,,F,V*18
$GNVTG,,T,,M,0.021,N,0.039,K,D*31
$GNGGA,164121.00,3001.74232,S,05112.74985,W,5,12,0.68,50.2,M,4.8,M,2.0,0920*6B
$GNGSA,M,3,18,23,25,28,29,31,05,12,13,,,,1.28,0.68,1.08,1*09
$GNGSA,M,3,80,82,79,84,83,,,,,,,,1.28,0.68,1.08,2*09
$GNGSA,M,3,10,11,12,16,25,36,,,,,,,1.28,0.68,1.08,3*04
$GNGSA,M,3,26,29,35,39,12,,,,,,,,1.28,0.68,1.08,4*04
$GPGSV,2,1,08,05,41,111,47,12,30,041,38,13,24,035,43,23,15,355,40,1*64
$GPGSV,2,2,08,25,65,026,53,26,18,223,22,29,58,168,27,31,21,249,19,1*6E
$GPGSV,2,1,08,05,41,111,43,12,30,041,31,13,24,035,35,18,61,284,20,6*6F
$GPGSV,2,2,08,23,15,355,39,25,65,026,48,28,28,282,16,29,58,168,24,6*6B
$GPGSV,2,1,06,13,24,035,34,18,61,284,16,23,15,355,44,25,65,026,54,8*6D
$GPGSV,2,2,06,26,18,223,17,28,28,282,27,8*6E
$GPGSV,1,1,02,15,04,050,,21,14,136,,0*60
$GLGSV,2,1,08,66,03,144,07,73,49,225,16,74,04,207,11,79,11,018,16,1*7F
$GLGSV,2,2,08,80,63,354,46,82,33,154,26,83,55,233,15,84,18,288,25,1*7E
$GLGSV,2,1,05,79,11,018,18,80,63,354,44,82,33,154,28,83,55,233,09,3*7D
$GLGSV,2,2,05,84,18,288,28,3*42
$GLGSV,1,1,02,67,11,093,,68,01,047,,0*7C
$GAGSV,2,1,07,10,44,144,37,11,74,156,24,12,21,140,23,14,24,097,31,1*79
$GAGSV,2,2,07,16,46,052,45,25,80,189,18,36,51,311,18,1*4C
$GAGSV,1,1,03,10,44,144,35,14,24,097,30,16,46,052,49,5*45
$GAGSV,2,1,06,10,44,144,35,11,74,156,29,12,21,140,20,14,24,097,13,7*72
$GAGSV,2,2,06,16,46,052,48,25,80,189,24,7*72
$GAGSV,1,1,02,02,25,222,,34,02,317,,0*71
$GBGSV,1,1,02,29,29,127,43,39,41,359,48,3*79
$GBGSV,2,1,08,12,19,090,28,19,19,062,18,20,14,109,16,24,19,224,17,5*78
$GBGSV,2,2,08,26,54,265,16,29,29,127,47,31,30,266,15,39,41,359,47,5*7A
$GBGSV,3,1,10,11,09,118,17,12,19,090,17,19,19,062,26,20,14,109,25,8*77
$GBGSV,3,2,10,22,04,014,21,24,19,224,26,29,29,127,47,31,30,266,18,8*7E
$GBGSV,3,3,10,35,62,199,26,39,41,359,45,8*78
$GNGLL,3001.74232,S,05112.74985,W,164121.00,A,D*7E
$GNRMC,164122.00,A,3001.74233,S,05112.74986,W,0.016,,090926,,,F,V*1D
$GNVTG,,T,,M,0.016,N,0.029,K,D*34
$GNGGA,164122.00,3001.74233,S,05112.74986,W,5,12,0.68,50.2,M,4.8,M,2.0,0920*6A
$GNGSA,M,3,18,23,25,28,29,31,05,12,13,,,,1.28,0.68,1.08,1*09
$GNGSA,M,3,80,82,79,84,83,,,,,,,,1.28,0.68,1.08,2*09
$GNGSA,M,3,10,11,12,16,25,36,,,,,,,1.28,0.68,1.08,3*04
$GNGSA,M,3,19,26,29,31,35,39,12,,,,,,1.28,0.68,1.08,4*0E
$GPGSV,2,1,08,05,41,111,47,12,30,041,38,13,24,035,43,23,15,355,40,1*64
$GPGSV,2,2,08,25,65,026,53,26,18,223,21,29,58,168,27,31,21,249,20,1*67
$GPGSV,2,1,08,05,41,111,43,12,30,041,31,13,24,035,35,18,61,284,20,6*6F
$GPGSV,2,2,08,23,15,355,39,25,65,026,48,28,28,282,16,29,58,168,24,6*6B
$GPGSV,2,1,06,13,24,035,34,18,61,284,16,23,15,355,44,25,65,026,54,8*6D
$GPGSV,2,2,06,26,18,223,17,28,28,282,27,8*6E
$GPGSV,1,1,02,15,04,050,,21,14,136,,0*60
$GLGSV,2,1,08,66,03,144,07,73,49,225,16,74,04,207,12,79,11,018,16,1*7C
$GLGSV,2,2,08,80,63,354,46,82,33,154,26,83,55,233,15,84,18,288,25,1*7E
$GLGSV,2,1,05,79,11,018,19,80,63,354,44,82,33,154,28,83,55,233,08,3*7D
$GLGSV,2,2,05,84,18,288,29,3*43
$GLGSV,1,1,02,67,11,093,,68,01,047,,0*7C
$GAGSV,2,1,07,10,44,144,37,11,74,156,25,12,21,140,23,14,24,097,31,1*78
$GAGSV,2,2,07,16,46,052,45,25,80,189,18,36,51,311,19,1*4D
$GAGSV,1,1,03,10,44,144,35,14,24,097,30,16,46,052,49,5*45
$GAGSV,2,1,06,10,44,144,35,11,74,156,29,12,21,140,20,14,24,097,11,7*70
$GAGSV,2,2,06,16,46,052,48,25,80,189,23,7*75
$GAGSV,1,1,02,02,25,222,,34,02,317,,0*71
$GBGSV,1,1,02,29,29,127,43,39,41,359,48,3*79
$GBGSV,2,1,08,12,19,090,28,19,19,062,17,20,14,109,15,24,19,224,16,5*75
$GBGSV,2,2,08,26,54,265,15,29,29,127,47,31,30,266,15,39,41,359,47,5*79
$GBGSV,3,1,10,11,09,118,17,12,19,090,17,19,19,062,27,20,14,109,24,8*77
$GBGSV,3,2,10,22,04,014,21,24,19,224,26,29,29,127,47,31,30,266,21,8*74
$GBGSV,3,3,10,35,62,199,26,39,41,359,45,8*78
$GNGLL,3001.74233,S,05112.74986,W,164122.00,A,D*7F
$GNRMC,164123.00,A,3001.74233,S,05112.74986,W,0.008,,090926,,,F,V*13
$GNVTG,,T,,M,0.008,N,0.015,K,D*34
$GNGGA,164123.00,3001.74233,S,05112.74986,W,5,12,0.68,50.2,M,4.8,M,2.0,0920*6B
$GNGSA,M,3,18,23,25,28,29,31,05,12,13,,,,1.28,0.68,1.08,1*09
$GNGSA,M,3,80,82,79,84,83,,,,,,,,1.28,0.68,1.08,2*09
$GNGSA,M,3,10,11,12,16,25,36,,,,,,,1.28,0.68,1.08,3*04
$GNGSA,M,3,19,26,29,31,35,39,12,,,,,,1.28,0.68,1.08,4*0E
$GPGSV,2,1,08,05,41,111,47,12,30,041,38,13,24,035,44,23,15,355,40,1*63
$GPGSV,2,2,08,25,65,026,53,26,18,223,21,29,58,168,27,31,21,249,21,1*66
$GPGSV,2,1,08,05,41,111,43,12,30,041,31,13,24,035,36,18,61,284,20,6*6C
$GPGSV,2,2,08,23,15,355,39,25,65,026,48,28,28,282,17,29,58,168,24,6*6A
$GPGSV,2,1,06,13,24,035,34,18,61,284,16,23,15,355,44,25,65,026,54,8*6D
$GPGSV,2,2,06,26,18,223,17,28,28,282,27,8*6E
$GPGSV,1,1,02,15,04,050,,21,14,136,,0*60
$GLGSV,2,1,08,66,03,144,07,73,49,225,17,74,04,207,10,79,11,018,15,1*7C
$GLGSV,2,2,08,80,63,354,46,82,33,154,26,83,55,233,16,84,18,288,25,1*7D
$GLGSV,2,1,05,79,11,018,19,80,63,354,44,82,33,154,28,83,55,233,11,3*75
$GLGSV,2,2,05,84,18,288,29,3*43
$GLGSV,1,1,02,67,11,093,,68,01,047,,0*7C
$GAGSV,2,1,07,10,44,144,37,11,74,156,25,12,21,140,23,14,24,097,31,1*78
$GAGSV,2,2,07,16,46,052,45,25,80,189,19,36,51,311,18,1*4D
$GAGSV,1,1,03,10,44,144,35,14,24,097,30,16,46,052,49,5*45
$GAGSV,2,1,06,10,44,144,36,11,74,156,29,12,21,140,20,14,24,097,08,7*7B
$GAGSV,2,2,06,16,46,052,48,25,80,189,22,7*74
$GAGSV,1,1,02,02,25,222,,34,02,317,,0*71
$GBGSV,1,1,04,12,19,090,26,24,19,224,24,29,29,127,43,39,40,359,48,3*74
$GBGSV,2,1,08,12,19,090,28,19,19,062,17,20,14,109,15,24,19,224,16,5*75
$GBGSV,2,2,08,26,54,265,16,29,29,127,47,31,30,266,15,39,40,359,47,5*7B
$GBGSV,3,1,10,11,09,118,18,12,19,090,16,19,19,062,27,20,14,109,25,8*78
$GBGSV,3,2,10,22,04,014,21,24,19,224,26,29,29,127,47,31,30,266,24,8*71
$GBGSV,3,3,10,35,62,199,26,39,40,359,45,8*79
$GNGLL,3001.74233,S,05112.74986,W,164123.00,A,D*7E
$GNRMC,164124.00,A,3001.74232,S,05112.74986,W,0.012,,090926,,,F,V*1E
$GNVTG,,T,,M,0.012,N,0.023,K,D*3A
$GNGGA,164124.00,3001.74232,S,05112.74986,W,5,12,0.68,50.1,M,4.8,M,2.0,0920*6E
$GNGSA,M,3,18,23,25,28,29,31,05,12,13,,,,1.28,0.68,1.08,1*09
$GNGSA,M,3,80,82,79,84,83,,,,,,,,1.28,0.68,1.08,2*09
$GNGSA,M,3,10,11,12,16,25,36,,,,,,,1.28,0.68,1.08,3*04
$GNGSA,M,3,19,26,29,31,35,39,12,,,,,,1.28,0.68,1.08,4*0E
$GPGSV,2,1,08,05,41,111,47,12,30,041,38,13,24,035,44,23,15,355,40,1*63
$GPGSV,2,2,08,25,65,026,53,26,18,223,20,29,58,168,27,31,21,249,21,1*67
$GPGSV,2,1,08,05,41,111,43,12,30,041,31,13,24,035,36,18,61,284,20,6*6C
$GPGSV,2,2,08,23,15,355,39,25,65,026,48,28,28,282,17,29,58,168,25,6*6B
$GPGSV,2,1,06,13,24,035,34,18,61,284,16,23,15,355,44,25,65,026,54,8*6D
$GPGSV,2,2,06,26,18,223,17,28,28,282,27,8*6E
$GPGSV,1,1,02,15,04,050,,21,14,136,,0*60
$GLGSV,2,1,08,66,03,144,07,73,49,225,18,74,04,207,10,79,11,018,15,1*73
$GLGSV,2,2,08,80,63,354,46,82,33,154,26,83,55,233,17,84,18,288,24,1*7D
$GLGSV,2,1,05,79,11,018,19,80,63,354,44,82,33,154,28,83,55,233,10,3*74
$GLGSV,2,2,05,84,18,288,28,3*42
$GLGSV,1,1,02,67,11,093,,68,01,047,,0*7C
$GAGSV,2,1,07,10,44,144,37,11,74,156,24,12,21,140,23,14,24,097,31,1*79
$GAGSV,2,2,07,16,46,052,45,25,80,189,18,36,51,311,18,1*4C
$GAGSV,1,1,03,10,44,144,35,14,24,097,30,16,46,052,49,5*45
$GAGSV,2,1,06,10,44,144,36,11,74,156,29,12,21,140,21,14,24,097,12,7*71
$GAGSV,2,2,06,16,46,052,48,25,80,189,23,7*75
$GAGSV,1,1,02,02,25,222,,34,02,317,,0*71
$GBGSV,1,1,04,12,19,090,25,24,19,224,22,29,29,127,43,39,40,359,48,3*71
$GBGSV,2,1,08,12,19,090,28,19,19,062,18,20,14,109,16,24,19,224,16,5*79
$GBGSV,2,2,08,26,54,265,15,29,29,127,47,31,30,266,15,39,40,359,47,5*78
$GBGSV,3,1,10,11,09,118,18,12,19,090,16,19,19,062,27,20,14,109,25,8*78
$GBGSV,3,2,10,22,04,014,22,24,19,224,26,29,29,127,47,31,30,266,26,8*70
$GBGSV,3,3,10,35,62,199,26,39,40,359,45,8*79
$GNGLL,3001.74232,S,05112.74986,W,164124.00,A,D*78
$GNRMC,164125.00,A,3001.74232,S,05112.74986,W,0.043,,090926,,,F,V*1B
$GNVTG,,T,,M,0.043,N,0.080,K,D*37
$GNGGA,164125.00,3001.74232,S,05112.74986,W,5,12,0.68,50.1,M,4.8,M,2.0,0920*6F
$GNGSA,M,3,18,23,25,28,29,31,05,12,13,,,,1.28,0.68,1.08,1*09
$GNGSA,M,3,80,82,79,84,83,,,,,,,,1.28,0.68,1.08,2*09
$GNGSA,M,3,10,11,12,16,25,36,,,,,,,1.28,0.68,1.08,3*04
$GNGSA,M,3,19,26,29,31,35,39,12,,,,,,1.28,0.68,1.08,4*0E
$GPGSV,2,1,08,05,41,111,47,12,30,041,38,13,24,035,44,23,15,355,40,1*63
$GPGSV,2,2,08,25,65,026,53,26,18,223,20,29,58,168,27,31,21,249,21,1*67
$GPGSV,2,1,08,05,41,111,43,12,30,041,31,13,24,035,36,18,61,284,19,6*66
$GPGSV,2,2,08,23,15,355,39,25,65,026,48,28,28,282,17,29,58,168,24,6*6A
$GPGSV,2,1,06,13,24,035,34,18,61,284,16,23,15,355,44,25,65,026,54,8*6D
$GPGSV,2,2,06,26,18,223,15,28,28,282,27,8*6C
$GPGSV,1,1,02,15,04,050,,21,14,136,,0*60
$GLGSV,2,1,08,66,03,144,08,73,49,225,19,74,04,207,09,79,11,018,16,1*76
$GLGSV,2,2,08,80,63,354,46,82,33,154,26,83,55,233,19,84,18,288,24,1*73
$GLGSV,2,1,05,79,11,018,19,80,63,354,44,82,33,154,29,83,55,233,09,3*7D
$GLGSV,2,2,05,84,18,288,27,3*4D
$GLGSV,1,1,02,67,11,093,,68,01,047,,0*7C
$GAGSV,2,1,07,10,44,144,37,11,74,156,24,12,21,140,23,14,24,097,31,1*79
$GAGSV,2,2,07,16,46,052,45,25,80,189,18,36,51,311,18,1*4C
$GAGSV,1,1,03,10,44,144,35,14,24,097,30,16,46,052,49,5*45
$GAGSV,2,1,06,10,44,144,36,11,74,156,29,12,21,140,21,14,24,097,10,7*73
$GAGSV,2,2,06,16,46,052,48,25,80,189,23,7*75
$GAGSV,1,1,02,02,25,222,,34,02,317,,0*71
$GBGSV,1,1,04,12,19,090,25,24,19,224,21,29,29,127,43,39,40,359,48,3*72
$GBGSV,2,1,08,12,19,090,28,19,19,062,18,20,14,109,16,24,19,224,15,5*7A
$GBGSV,2,2,08,26,54,265,16,29,29,127,47,31,30,266,16,39,40,359,47,5*78
$GBGSV,3,1,10,11,09,118,17,12,19,090,17,19,19,062,27,20,14,109,24,8*77
$GBGSV,3,2,10,22,04,014,22,24,19,224,26,29,29,127,47,31,30,266,26,8*70
$GBGSV,3,3,10,35,62,199,26,39,40,359,45,8*79
$GNGLL,3001.74232,S,05112.74986,W,164125.00,A,D*79
$GNRMC,164126.00,A,3001.74233,S,05112.74987,W,0.026,,090926,,,F,V*1B
$GNVTG,,T,,M,0.026,N,0.048,K,D*30
$GNGGA,164126.00,3001.74233,S,05112.74987,W,5,12,0.68,50.1,M,4.8,M,2.0,0920*6C
$GNGSA,M,3,18,23,25,28,29,31,05,12,13,,,,1.28,0.68,1.08,1*09
$GNGSA,M,3,80,82,79,84,83,,,,,,,,1.28,0.68,1.08,2*09
$GNGSA,M,3,10,11,12,16,25,36,,,,,,,1.28,0.68,1.08,3*04
$GNGSA,M,3,19,26,29,31,35,39,12,,,,,,1.28,0.68,1.08,4*0E
$GPGSV,2,1,08,05,41,111,48,12,30,041,38,13,24,035,44,23,15,355,40,1*6C
$GPGSV,2,2,08,25,65,026,53,26,18,223,20,29,58,168,27,31,21,249,22,1*64
$GPGSV,2,1,08,05,41,111,43,12,30,041,30,13,24,035,36,18,61,284,19,6*67
$GPGSV,2,2,08,23,15,355,39,25,65,026,48,28,28,282,17,29,58,168,24,6*6A
$GPGSV,2,1,06,13,24,035,34,18,61,284,17,23,15,355,44,25,65,026,54,8*6C
$GPGSV,2,2,06,26,18,223,13,28,28,282,26,8*6B
$GPGSV,1,1,02,15,04,050,,21,14,136,,0*60
$GLGSV,2,1,07,73,49,225,20,74,04,207,10,79,11,018,16,80,63,354,46,1*7C
$GLGSV,2,2,07,82,33,154,26,83,55,233,19,84,18,288,24,1*41
$GLGSV,2,1,05,79,11,018,20,80,63,354,44,82,33,154,29,83,55,233,12,3*7D
$GLGSV,2,2,05,84,18,288,27,3*4D
$GLGSV,1,1,03,66,03,144,,67,11,093,,68,01,047,,0*4F
$GAGSV,2,1,07,10,44,144,37,11,74,156,24,12,21,140,23,14,24,097,31,1*79
$GAGSV,2,2,07,16,46,052,45,25,80,189,18,36,51,311,18,1*4C
$GAGSV,1,1,03,10,44,144,35,14,24,097,29,16,46,052,49,5*4D
$GAGSV,2,1,06,10,44,144,36,11,74,156,29,12,21,140,21,14,24,097,14,7*77
$GAGSV,2,2,06,16,46,052,48,25,80,189,22,7*74
$GAGSV,1,1,02,02,25,222,,34,02,317,,0*71
$GBGSV,1,1,04,12,19,090,25,24,19,224,20,29,29,127,43,39,40,359,48,3*73
$GBGSV,2,1,08,12,19,090,28,19,19,062,17,20,14,109,16,24,19,224,16,5*76
$GBGSV,2,2,08,26,54,265,16,29,29,127,47,31,30,266,17,39,40,359,47,5*79
$GBGSV,3,1,10,11,09,118,16,12,19,090,17,19,19,062,27,20,14,109,23,8*71
$GBGSV,3,2,10,22,04,014,22,24,19,224,25,29,29,127,47,31,30,266,26,8*73
$GBGSV,3,3,10,35,62,199,26,39,40,359,45,8*79
$GNGLL,3001.74233,S,05112.74987,W,164126.00,A,D*7A
$GNRMC,164127.00,A,3001.74233,S,05112.74987,W,0.006,,090926,,,F,V*18
$GNVTG,,T,,M,0.006,N,0.012,K,D*3D
$GNGGA,164127.00,3001.74233,S,05112.74987,W,5,12,0.68,50.1,M,4.8,M,2.0,0920*6D
$GNGSA,M,3,18,23,25,28,29,31,05,12,13,,,,1.28,0.68,1.08,1*09
$GNGSA,M,3,80,82,79,84,83,,,,,,,,1.28,0.68,1.08,2*09
$GNGSA,M,3,10,11,12,16,25,36,,,,,,,1.28,0.68,1.08,3*04
$GNGSA,M,3,26,29,31,35,39,12,,,,,,,1.28,0.68,1.08,4*06
$GPGSV,2,1,08,05,41,111,47,12,30,041,38,13,24,035,43,23,15,355,40,1*64
$GPGSV,2,2,08,25,65,026,53,26,18,223,19,29,58,168,27,31,21,249,23,1*6F
$GPGSV,2,1,08,05,41,111,43,12,30,041,30,13,24,035,36,18,61,284,20,6*6D
$GPGSV,2,2,08,23,15,355,39,25,65,026,48,28,28,282,17,29,58,168,25,6*6B
$GPGSV,2,1,06,13,24,035,34,18,61,284,17,23,15,355,44,25,65,026,54,8*6C
$GPGSV,2,2,06,26,18,223,14,28,28,282,26,8*6C
$GPGSV,1,1,02,15,04,050,,21,14,136,,0*60
$GLGSV,2,1,07,73,49,225,20,74,04,207,09,79,11,018,17,80,63,354,46,1*75
$GLGSV,2,2,07,82,33,154,26,83,55,233,19,84,18,288,26,1*43
$GLGSV,2,1,05,79,11,018,21,80,63,354,44,82,33,154,29,83,55,233,14,3*7A
$GLGSV,2,2,05,84,18,288,27,3*4D
$GLGSV,1,1,03,66,03,144,,67,11,093,,68,01,047,,0*4F
$GAGSV,2,1,07,10,44,144,37,11,74,156,24,12,21,140,23,14,24,097,30,1*78
$GAGSV,2,2,07,16,46,052,45,25,80,189,17,36,51,311,18,1*43
$GAGSV,1,1,03,10,44,144,35,14,24,097,28,16,46,052,49,5*4C
$GAGSV,2,1,06,10,44,144,36,11,74,156,29,12,21,140,21,14,24,097,15,7*76
$GAGSV,2,2,06,16,46,052,48,25,80,189,22,7*74
$GAGSV,1,1,02,02,25,222,,34,02,317,,0*71
$GBGSV,2,1,05,12,19,090,25,19,19,062,24,24,19,224,20,29,29,127,43,3*7E
$GBGSV,2,2,05,39,40,359,48,3*4C
$GBGSV,2,1,08,12,19,090,28,19,19,062,17,20,14,109,16,24,19,224,16,5*76
$GBGSV,2,2,08,26,54,265,17,29,29,127,47,31,30,266,17,39,40,359,47,5*78
$GBGSV,3,1,10,11,09,118,16,12,19,090,16,19,19,062,26,20,14,109,23,8*71
$GBGSV,3,2,10,22,04,014,22,24,19,224,24,29,29,127,47,31,30,266,27,8*73
$GBGSV,3,3,10,35,62,199,26,39,40,359,45,8*79
$GNGLL,3001.74233,S,05112.74987,W,164127.00,A,D*7B
$GNRMC,164128.00,A,3001.74232,S,05112.74987,W,0.013,,090926,,,F,V*12
$GNVTG,,T,,M,0.013,N,0.024,K,D*3C
$GNGGA,164128.00,3001.74232,S,05112.74987,W,5,12,0.68,50.0,M,4.8,M,2.0,0920*62
$GNGSA,M,3,18,23,25,28,29,31,05,12,13,,,,1.28,0.68,1.08,1*09
$GNGSA,M,3,80,82,79,84,83,,,,,,,,1.28,0.68,1.08,2*09
$GNGSA,M,3,10,11,12,16,25,36,,,,,,,1.28,0.68,1.08,3*04
$GNGSA,M,3,19,26,29,31,35,39,12,,,,,,1.28,0.68,1.08,4*0E
$GPGSV,2,1,08,05,41,111,47,12,30,041,38,13,24,035,44,23,15,355,40,1*63
$GPGSV,2,2,08,25,65,026,53,26,18,223,18,29,58,168,27,31,21,249,23,1*6E
$GPGSV,2,1,08,05,41,111,43,12,30,041,31,13,24,035,36,18,61,284,19,6*66
$GPGSV,2,2,08,23,15,355,39,25,65,026,48,28,28,282,17,29,58,168,25,6*6B
$GPGSV,2,1,06,13,24,035,34,18,61,284,17,23,15,355,44,25,65,026,54,8*6C
$GPGSV,2,2,06,26,18,223,16,28,28,282,26,8*6E
$GPGSV,1,1,02,15,04,050,,21,14,136,,0*60
$GLGSV,2,1,07,73,49,225,20,74,04,207,11,79,11,018,17,80,63,354,46,1*7C
$GLGSV,2,2,07,82,33,154,26,83,55,233,19,84,18,288,26,1*43
$GLGSV,2,1,05,79,11,018,21,80,63,354,44,82,33,154,29,83,55,233,11,3*7F
$GLGSV,2,2,05,84,18,288,27,3*4D
$GLGSV,1,1,03,66,03,144,,67,11,093,,68,01,047,,0*4F
$GAGSV,2,1,07,10,44,144,37,11,74,156,24,12,21,140,22,14,24,097,31,1*78
$GAGSV,2,2,07,16,46,052,45,25,80,189,17,36,51,311,17,1*4C
$GAGSV,1,1,03,10,44,144,35,14,24,097,29,16,46,052,49,5*4D
$GAGSV,2,1,06,10,44,144,36,11,74,156,29,12,21,140,21,14,24,097,12,7*71
$GAGSV,2,2,06,16,46,052,48,25,80,189,22,7*74
$GAGSV,1,1,02,02,25,222,,34,02,317,,0*71
$GBGSV,2,1,05,12,19,090,26,19,19,062,23,24,19,224,20,29,29,127,43,3*7A
$GBGSV,2,2,05,39,40,359,48,3*4C
$GBGSV,2,1,08,12,19,090,28,19,19,062,17,20,14,109,15,24,19,224,15,5*76
$GBGSV,2,2,08,26,54,265,15,29,29,127,47,31,30,266,18,39,40,359,47,5*75
$GBGSV,3,1,10,11,09,118,16,12,19,090,16,19,19,062,26,20,14,109,22,8*70
$GBGSV,3,2,10,22,04,014,21,24,19,224,24,29,29,127,47,31,30,266,27,8*70
$GBGSV,3,3,10,35,62,199,26,39,40,359,45,8*79
$GNGLL,3001.74232,S,05112.74987,W,164128.00,A,D*75
$GNRMC,164129.00,A,3001.74233,S,05112.74988,W,0.015,,090926,,,F,V*1B
$GNVTG,,T,,M,0.015,N,0.027,K,D*39
$GNGGA,164129.00,3001.74233,S,05112.74988,W,5,12,0.68,50.0,M,4.8,M,2.0,0920*6D
$GNGSA,M,3,18,23,25,28,29,31,05,12,13,,,,1.28,0.68,1.08,1*09
$GNGSA,M,3,80,82,79,84,83,,,,,,,,1.28,0.68,1.08,2*09
$GNGSA,M,3,10,11,12,16,25,36,,,,,,,1.28,0.68,1.08,3*04
$GNGSA,M,3,19,26,29,31,35,39,12,,,,,,1.28,0.68,1.08,4*0E
$GPGSV,2,1,08,05,41,111,48,12,30,041,38,13,24,035,44,23,15,355,40,1*6C
$GPGSV,2,2,08,25,65,026,53,26,18,223,18,29,58,168,27,31,21,249,23,1*6E
$GPGSV,1,1,01,31,21,249,14,5*5A
$GPGSV,2,1,08,05,41,111,43,12,30,041,30,13,24,035,35,18,61,284,20,6*6E
$GPGSV,2,2,08,23,15,355,39,25,65,026,48,28,28,282,17,29,58,168,24,6*6A
$GPGSV,2,1,06,13,24,035,34,18,61,284,16,23,15,355,44,25,65,026,54,8*6D
$GPGSV,2,2,06,26,18,223,17,28,28,282,26,8*6F
$GPGSV,1,1,02,15,04,050,,21,14,136,,0*60
$GLGSV,2,1,07,73,49,225,20,74,04,207,10,79,11,018,18,80,63,354,46,1*72
$GLGSV,2,2,07,82,33,154,26,83,55,233,19,84,18,288,26,1*43
$GLGSV,2,1,05,79,11,018,21,80,63,354,44,82,33,154,29,83,55,233,11,3*7F
$GLGSV,2,2,05,84,18,288,26,3*4C
$GLGSV,1,1,03,66,02,145,,67,11,093,,68,01,047,,0*4F
$GAGSV,2,1,07,10,44,144,37,11,74,156,23,12,21,140,22,14,24,097,31,1*7F
$GAGSV,2,2,07,16,46,052,44,25,80,189,17,36,51,311,17,1*4D
$GAGSV,1,1,03,10,44,144,35,14,24,097,28,16,46,052,49,5*4C
$GAGSV,2,1,06,10,44,144,36,11,74,156,29,12,21,140,20,14,24,097,11,7*73
$GAGSV,2,2,06,16,46,052,48,25,80,189,21,7*77
$GAGSV,1,1,02,02,25,222,,34,02,317,,0*71
$GBGSV,2,1,05,12,19,090,26,19,19,062,22,24,19,224,20,29,29,127,43,3*7B
$GBGSV,2,2,05,39,40,359,48,3*4C
$GBGSV,2,1,08,12,19,090,28,19,19,062,17,20,14,109,16,24,19,224,15,5*75
$GBGSV,2,2,08,26,54,265,16,29,29,127,47,31,30,266,19,39,40,359,47,5*77
$GBGSV,3,1,10,11,09,118,16,12,19,090,16,19,19,062,26,20,14,109,22,8*70
$GBGSV,3,2,10,22,04,014,21,24,19,224,22,29,29,127,47,31,30,266,26,8*77
$GBGSV,3,3,10,35,62,199,26,39,40,359,45,8*79
$GNGLL,3001.74233,S,05112.74988,W,164129.00,A,D*7A
$GNRMC,164130.00,A,3001.74233,S,05112.74989,W,0.007,,090926,,,F,V*11
$GNVTG,,T,,M,0.007,N,0.013,K,D*3D
$GNGGA,164130.00,3001.74233,S,05112.74989,W,5,12,0.68,50.0,M,4.8,M,2.0,0920*64
$GNGSA,M,3,18,23,25,28,29,31,05,12,13,,,,1.28,0.68,1.08,1*09
$GNGSA,M,3,80,82,79,84,83,,,,,,,,1.28,0.68,1.08,2*09
$GNGSA,M,3,10,11,12,16,25,36,,,,,,,1.28,0.68,1.08,3*04
$GNGSA,M,3,19,26,29,31,35,39,12,,,,,,1.28,0.68,1.08,4*0E
$GPGSV,2,1,08,05,41,111,47,12,30,041,38,13,24,035,44,23,15,355,40,1*63
$GPGSV,2,2,08,25,65,026,53,26,18,223,19,29,58,168,27,31,21,249,24,1*68
$GPGSV,1,1,01,31,21,249,15,5*5B
$GPGSV,2,1,08,05,41,111,43,12,30,041,30,13,24,035,36,18,61,284,21,6*6C
$GPGSV,2,2,08,23,15,355,39,25,65,026,48,28,28,282,16,29,58,168,25,6*6A
$GPGSV,2,1,06,13,24,035,34,18,61,284,16,23,15,355,44,25,65,026,54,8*6D
$GPGSV,2,2,06,26,18,223,17,28,28,282,26,8*6F
$GPGSV,1,1,02,15,04,050,,21,14,136,,0*60
$GLGSV,2,1,07,73,49,225,19,74,04,207,08,79,11,018,18,80,63,354,46,1*71
$GLGSV,2,2,07,82,33,154,27,83,55,233,19,84,18,288,26,1*42
$GLGSV,2,1,05,79,11,018,21,80,63,354,44,82,33,154,29,83,55,233,17,3*79
$GLGSV,2,2,05,84,18,288,26,3*4C
$GLGSV,1,1,03,66,02,145,,67,11,094,,68,01,047,,0*48
$GAGSV,2,1,07,10,44,144,37,11,74,156,23,12,21,140,22,14,24,097,31,1*7F
$GAGSV,2,2,07,16,46,052,45,25,80,189,17,36,51,311,17,1*4C
$GAGSV,1,1,03,10,44,144,35,14,24,097,29,16,46,052,49,5*4D
$GAGSV,2,1,06,10,44,144,36,11,74,156,29,12,21,140,21,14,24,097,15,7*76
$GAGSV,2,2,06,16,46,052,48,25,80,189,21,7*77
$GAGSV,1,1,02,02,25,222,,34,02,317,,0*71
$GBGSV,2,1,05,12,19,090,26,19,19,062,21,24,19,224,21,29,29,127,43,3*79
$GBGSV,2,2,05,39,40,359,48,3*4C
$GBGSV,2,1,08,12,19,090,28,19,19,062,17,20,14,109,17,24,19,224,16,5*77
$GBGSV,2,2,08,26,54,265,16,29,29,127,47,31,30,266,19,39,40,359,47,5*77
$GBGSV,3,1,10,11,09,118,16,12,19,090,16,19,19,062,26,20,14,109,22,8*70
$GBGSV,3,2,10,22,04,014,21,24,19,224,22,29,29,127,47,31,30,266,25,8*74
$GBGSV,3,3,10,35,62,199,26,39,40,359,45,8*79
$GNGLL,3001.74233,S,05112.74989,W,164130.00,A,D*73
$GNRMC,164131.00,A,3001.74232,S,05112.74989,W,0.020,,090926,,,F,V*14
$GNVTG,,T,,M,0.020,N,0.036,K,D*3F
$GNGGA,164131.00,3001.74232,S,05112.74989,W,5,12,0.68,50.0,M,4.8,M,2.0,0920*64
$GNGSA,M,3,18,23,25,28,29,31,05,12,13,,,,1.28,0.68,1.08,1*09
$GNGSA,M,3,80,82,79,84,83,,,,,,,,1.28,0.68,1.08,2*09
$GNGSA,M,3,10,11,12,16,25,36,,,,,,,1.28,0.68,1.08,3*04
$GNGSA,M,3,19,26,29,31,35,39,12,,,,,,1.28,0.68,1.08,4*0E
$GPGSV,2,1,08,05,41,111,47,12,30,041,38,13,24,035,44,23,15,355,40,1*63
$GPGSV,2,2,08,25,65,026,53,26,18,223,19,29,58,168,26,31,21,249,25,1*68
$GPGSV,3,1,09,05,41,111,43,12,30,041,30,13,24,035,36,18,61,284,21,6*6C
$GPGSV,3,2,09,23,15,355,39,25,65,026,48,28,28,282,16,29,58,168,25,6*6A
$GPGSV,3,3,09,31,21,249,16,6*53
$GPGSV,2,1,06,13,24,035,34,18,61,284,16,23,15,355,44,25,65,026,54,8*6D
$GPGSV,2,2,06,26,18,223,16,28,28,282,26,8*6E
$GPGSV,1,1,02,15,04,050,,21,14,136,,0*60
$GLGSV,2,1,07,73,49,225,18,74,04,207,09,79,11,018,19,80,63,354,46,1*70
$GLGSV,2,2,07,82,33,154,27,83,55,233,18,84,18,288,26,1*43
$GLGSV,2,1,05,79,11,018,21,80,63,354,44,82,33,154,29,83,55,233,09,3*76
$GLGSV,2,2,05,84,18,288,26,3*4C
$GLGSV,1,1,03,66,02,145,,67,11,094,,68,02,047,,0*4B
$GAGSV,2,1,07,10,44,144,37,11,74,156,22,12,21,140,23,14,24,097,31,1*7F
$GAGSV,2,2,07,16,46,052,45,25,80,189,16,36,51,311,17,1*4D
$GAGSV,1,1,03,10,44,144,35,14,24,097,28,16,46,052,49,5*4C
$GAGSV,2,1,06,10,44,144,36,11,74,156,29,12,21,140,20,14,24,097,14,7*76
$GAGSV,2,2,06,16,46,052,48,25,80,189,22,7*74
$GAGSV,1,1,02,02,25,222,,34,02,317,,0*71
$GBGSV,2,1,06,12,19,090,26,12,19,090,26,19,19,062,21,24,19,224,21,3*7F
$GBGSV,2,2,06,29,29,127,43,39,40,359,48,3*7C
$GBGSV,2,1,08,12,19,090,28,19,19,062,16,20,14,109,18,24,19,224,15,5*7A
$GBGSV,2,2,08,26,54,265,16,29,29,127,47,31,30,266,19,39,40,359,47,5*77
$GBGSV,3,1,10,11,09,118,16,12,19,090,16,19,19,062,26,20,14,109,21,8*73
$GBGSV,3,2,10,22,04,014,21,24,19,224,22,29,29,127,47,31,30,266,25,8*74
$GBGSV,3,3,10,35,62,199,26,39,40,359,45,8*79
$GNGLL,3001.74232,S,05112.74989,W,164131.00,A,D*73
$GNRMC,164132.00,A,3001.74232,S,05112.74989,W,0.001,,090926,,,F,V*14
$GNVTG,,T,,M,0.001,N,0.001,K,D*38
$GNGGA,164132.00,3001.74232,S,05112.74989,W,5,12,0.68,50.0,M,4.8,M,2.0,0920*67
$GNGSA,M,3,18,23,25,28,29,31,05,12,13,,,,1.28,0.68,1.08,1*09
$GNGSA,M,3,80,82,79,84,83,,,,,,,,1.28,0.68,1.08,2*09
$GNGSA,M,3,10,11,12,16,25,36,,,,,,,1.28,0.68,1.08,3*04
$GNGSA,M,3,19,26,29,31,35,39,12,,,,,,1.28,0.68,1.08,4*0E
$GPGSV,2,1,08,05,41,111,47,12,30,041,38,13,24,035,43,23,15,355,40,1*64
$GPGSV,2,2,08,25,65,026,53,26,18,223,19,29,58,168,26,31,21,249,25,1*68
$GPGSV,3,1,09,05,41,111,43,12,30,041,30,13,24,035,36,18,61,284,21,6*6C
$GPGSV,3,2,09,23,15,355,39,25,65,026,48,28,28,282,16,29,58,168,25,6*6A
$GPGSV,3,3,09,31,21,249,16,6*53
$GPGSV,2,1,06,13,24,035,34,18,61,284,17,23,15,355,44,25,65,026,54,8*6C
$GPGSV,2,2,06,26,18,223,16,28,28,282,26,8*6E
$GPGSV,1,1,02,15,04,050,,21,14,136,,0*60
$GLGSV,2,1,07,73,49,225,16,74,04,207,11,79,11,018,19,80,63,354,46,1*77
$GLGSV,2,2,07,82,33,154,27,83,55,233,18,84,18,288,26,1*43
$GLGSV,2,1,05,79,11,018,21,80,63,354,44,82,33,154,29,83,55,233,10,3*7E
$GLGSV,2,2,05,84,18,288,25,3*4F
$GLGSV,1,1,03,66,02,145,,67,11,094,,68,02,047,,0*4B
$GAGSV,2,1,07,10,44,144,37,11,74,156,22,12,21,140,23,14,24,097,31,1*7F
$GAGSV,2,2,07,16,46,052,45,25,80,189,16,36,51,311,17,1*4D
$GAGSV,1,1,03,10,44,144,35,14,24,097,28,16,46,052,49,5*4C
$GAGSV,2,1,05,10,44,144,36,11,74,156,29,12,21,140,21,16,46,052,48,7*72
$GAGSV,2,2,05,25,80,189,22,7*49
$GAGSV,1,1,02,02,25,222,,34,02,317,,0*71
$GBGSV,2,1,05,12,19,090,26,19,19,062,20,24,19,224,22,29,29,127,43,3*7B
$GBGSV,2,2,05,39,40,359,48,3*4C
$GBGSV,2,1,08,12,19,090,28,19,19,062,16,20,14,109,18,24,19,224,15,5*7A
$GBGSV,2,2,08,26,54,265,16,29,29,127,47,31,30,266,19,39,40,359,47,5*77
$GBGSV,3,1,10,11,09,118,15,12,19,090,16,19,19,062,26,20,14,109,21,8*70
$GBGSV,3,2,10,22,04,014,20,24,19,224,22,29,29,127,47,31,30,266,25,8*75
$GBGSV,3,3,10,35,62,199,26,39,40,359,45,8*79
$GNGLL,3001.74232,S,05112.74989,W,164132.00,A,D*70
$GNRMC,164133.00,A,3001.74232,S,05112.74990,W,0.012,,090926,,,F,V*1F
$GNVTG,,T,,M,0.012,N,0.022,K,D*3B
$GNGGA,164133.00,3001.74232,S,05112.74990,W,5,12,0.68,49.9,M,4.8,M,2.0,0920*6F
$GNGSA,M,3,18,23,25,28,29,31,05,12,13,,,,1.28,0.68,1.08,1*09
$GNGSA,M,3,80,82,79,84,83,,,,,,,,1.28,0.68,1.08,2*09
$GNGSA,M,3,10,11,12,16,25,36,,,,,,,1.28,0.68,1.08,3*04
$GNGSA,M,3,19,26,29,31,35,39,12,,,,,,1.28,0.68,1.08,4*0E
$GPGSV,2,1,08,05,41,111,47,12,30,041,38,13,24,035,43,23,15,355,40,1*64
$GPGSV,2,2,08,25,65,026,53,26,18,223,19,29,58,168,26,31,21,249,25,1*68
$GPGSV,3,1,09,05,41,111,43,12,30,041,30,13,24,035,36,18,61,284,22,6*6F
$GPGSV,3,2,09,23,15,355,39,25,65,026,48,28,28,282,17,29,58,168,25,6*6B
$GPGSV,3,3,09,31,21,249,16,6*53
$GPGSV,2,1,06,13,24,035,34,18,61,284,17,23,15,355,44,25,65,026,54,8*6C
$GPGSV,2,2,06,26,18,223,17,28,28,282,26,8*6F
$GPGSV,1,1,02,15,04,050,,21,14,136,,0*60
$GLGSV,2,1,07,73,49,225,17,74,04,207,10,79,11,018,18,80,63,354,46,1*76
$GLGSV,2,2,07,82,33,154,27,83,55,233,17,84,18,288,26,1*4C
$GLGSV,2,1,05,79,11,018,21,80,63,354,44,82,33,154,29,83,55,233,10,3*7E
$GLGSV,2,2,05,84,18,288,25,3*4F
$GLGSV,1,1,03,66,02,145,,67,11,094,,68,02,047,,0*4B
$GAGSV,2,1,07,10,44,144,37,11,74,156,22,12,21,140,23,14,24,097,31,1*7F
$GAGSV,2,2,07,16,46,052,44,25,80,189,16,36,51,311,17,1*4C
$GAGSV,1,1,03,10,44,144,35,14,24,097,28,16,46,052,49,5*4C
$GAGSV,2,1,05,10,44,144,36,11,74,156,29,12,21,140,21,16,46,052,48,7*72
$GAGSV,2,2,05,25,80,189,22,7*49
$GAGSV,1,1,02,02,25,222,,34,02,317,,0*71
$GBGSV,2,1,05,12,19,090,26,19,19,062,20,24,19,224,22,29,29,127,43,3*7B
$GBGSV,2,2,05,39,40,359,48,3*4C
$GBGSV,2,1,08,12,19,090,28,19,19,062,17,20,14,109,18,24,19,224,14,5*7A
$GBGSV,2,2,08,26,54,265,17,29,29,127,47,31,30,266,19,39,40,359,47,5*76
$GBGSV,3,1,10,11,09,118,15,12,19,090,15,19,19,062,26,20,14,109,20,8*72
$GBGSV,3,2,10,22,04,014,20,24,19,224,22,29,29,127,47,31,30,266,25,8*75
$GBGSV,3,3,10,35,62,199,26,39,40,359,45,8*79
$GNGLL,3001.74232,S,05112.74990,W,164133.00,A,D*79
$GNRMC,164134.00,A,3001.74232,S,05112.74991,W,0.022,,090926,,,F,V*1A
$GNVTG,,T,,M,0.022,N,0.042,K,D*3E
$GNGGA,164134.00,3001.74232,S,05112.74991,W,5,12,0.68,49.9,M,4.8,M,2.0,0920*69
$GNGSA,M,3,18,23,25,28,29,31,05,12,13,,,,1.28,0.68,1.08,1*09
$GNGSA,M,3,80,82,79,84,83,,,,,,,,1.28,0.68,1.08,2*09
$GNGSA,M,3,10,11,12,16,25,36,,,,,,,1.28,0.68,1.08,3*04
$GNGSA,M,3,19,26,29,31,35,39,12,,,,,,1.28,0.68,1.08,4*0E
$GPGSV,2,1,08,05,41,111,47,12,30,041,38,13,24,035,43,23,15,355,40,1*64
$GPGSV,2,2,08,25,65,026,53,26,18,223,19,29,58,168,26,31,21,249,26,1*6B
$GPGSV,3,1,09,05,41,111,43,12,30,041,30,13,24,035,36,18,61,284,21,6*6C
$GPGSV,3,2,09,23,15,355,39,25,65,026,48,28,28,282,18,29,58,168,25,6*64
$GPGSV,3,3,09,31,21,249,16,6*53
$GPGSV,2,1,06,13,24,035,34,18,61,284,17,23,15,355,44,25,65,026,54,8*6C
$GPGSV,2,2,06,26,18,223,16,28,28,282,25,8*6D
$GPGSV,1,1,02,15,04,050,,21,14,136,,0*60
$GLGSV,2,1,07,73,49,225,16,74,04,207,12,79,11,018,19,80,63,354,46,1*74
$GLGSV,2,2,07,82,33,154,27,83,55,233,18,84,18,288,26,1*43
$GLGSV,2,1,07,67,11,094,18,73,49,225,15,79,11,018,20,80,63,354,44,3*79
$GLGSV,2,2,07,82,33,154,28,83,55,233,11,84,18,288,25,3*44
$GLGSV,1,1,02,66,02,145,,68,02,047,,0*76
$GAGSV,2,1,07,10,44,144,37,11,74,156,22,12,21,140,23,14,24,097,31,1*7F
$GAGSV,2,2,07,16,46,052,44,25,80,189,16,36,51,311,17,1*4C
$GAGSV,1,1,03,10,44,144,35,14,24,097,29,16,46,052,49,5*4D
$GAGSV,2,1,05,10,44,144,36,11,74,156,29,12,21,140,21,16,46,052,47,7*7D
$GAGSV,2,2,05,25,80,189,22,7*49
$GAGSV,1,1,02,02,25,222,,34,02,317,,0*71
$GBGSV,2,1,05,12,19,090,26,19,19,063,19,24,19,224,21,29,29,127,43,3*73
$GBGSV,2,2,05,39,40,359,48,3*4C
$GBGSV,2,1,08,12,19,090,28,19,19,063,16,20,14,109,18,24,19,224,15,5*7B
$GBGSV,2,2,08,26,54,265,17,29,29,127,47,31,30,266,19,39,40,359,47,5*76
$GBGSV,3,1,10,11,09,118,14,12,19,090,16,19,19,063,27,20,14,109,20,8*70
$GBGSV,3,2,10,22,04,014,20,24,19,224,22,29,29,127,47,31,30,266,25,8*75
$GBGSV,3,3,10,35,62,199,26,39,40,359,45,8*79
$GNGLL,3001.74232,S,05112.74991,W,164134.00,A,D*7F
$GNRMC,164135.00,A,3001.74232,S,05112.74991,W,0.037,,090926,,,F,V*1F
$GNVTG,,T,,M,0.037,N,0.069,K,D*33
$GNGGA,164135.00,3001.74232,S,05112.74991,W,5,12,0.68,49.9,M,4.8,M,2.0,0920*68
$GNGSA,M,3,18,23,25,28,29,31,05,12,13,,,,1.28,0.68,1.08,1*09
$GNGSA,M,3,80,82,79,84,83,,,,,,,,1.28,0.68,1.08,2*09
$GNGSA,M,3,10,11,12,16,25,36,,,,,,,1.28,0.68,1.08,3*04
$GNGSA,M,3,19,26,29,31,35,39,12,,,,,,1.28,0.68,1.08,4*0E
$GPGSV,2,1,08,05,41,111,48,12,30,041,37,13,24,035,43,23,15,355,40,1*64
$GPGSV,2,2,08,25,65,026,53,26,18,223,19,29,58,168,27,31,21,249,26,1*6A
$GPGSV,3,1,09,05,41,111,43,12,30,041,30,13,24,035,36,18,61,284,21,6*6C
$GPGSV,3,2,09,23,15,355,39,25,65,026,48,28,28,282,19,29,58,168,25,6*65
$GPGSV,3,3,09,31,21,249,15,6*50
$GPGSV,2,1,07,13,24,035,34,18,61,284,18,18,61,284,18,23,15,355,44,8*6A
$GPGSV,2,2,07,25,65,026,54,26,18,223,16,28,28,282,25,8*5D
$GPGSV,1,1,02,15,04,050,,21,14,136,,0*60
$GLGSV,2,1,07,73,49,225,16,74,04,207,13,79,11,018,20,80,63,354,46,1*7F
$GLGSV,2,2,07,82,33,154,27,83,55,233,18,84,18,288,26,1*43
$GLGSV,2,1,07,67,11,094,18,73,49,225,15,79,11,018,20,80,63,354,44,3*79
$GLGSV,2,2,07,82,33,154,28,83,55,233,11,84,18,288,25,3*44
$GLGSV,1,1,02,66,02,145,,68,02,047,,0*76
$GAGSV,2,1,07,10,44,144,37,11,74,156,23,12,21,140,23,14,24,097,30,1*7F
$GAGSV,2,2,07,16,46,052,44,25,80,189,17,36,51,311,16,1*4C
$GAGSV,1,1,03,10,44,144,35,14,24,097,28,16,46,052,49,5*4C
$GAGSV,2,1,05,10,44,144,36,11,74,156,29,12,21,140,21,16,46,052,48,7*72
$GAGSV,2,2,05,25,80,189,21,7*4A
$GAGSV,1,1,02,02,25,222,,34,02,317,,0*71
$GBGSV,2,1,05,12,19,090,26,19,19,063,19,24,19,224,22,29,29,127,43,3*70
$GBGSV,2,2,05,39,40,359,48,3*4C
$GBGSV,2,1,08,12,19,090,28,19,19,063,17,20,14,109,19,24,19,224,15,5*7B
$GBGSV,2,2,08,26,54,265,16,29,29,127,47,31,30,266,19,39,40,359,47,5*77
$GBGSV,3,1,10,11,09,118,14,12,19,090,16,19,19,063,27,20,14,109,20,8*70
$GBGSV,3,2,10,22,04,014,21,24,19,224,22,29,29,127,47,31,30,266,25,8*74
$GBGSV,3,3,10,35,62,199,26,39,40,359,45,8*79
$GNGLL,3001.74232,S,05112.74991,W,164135.00,A,D*7E
$GNRMC,164136.00,A,3001.74232,S,05112.74992,W,0.029,,090926,,,F,V*10
$GNVTG,,T,,M,0.029,N,0.054,K,D*32
$GNGGA,164136.00,3001.74232,S,05112.74992,W,5,12,0.67,49.8,M,4.8,M,2.0,0920*66
$GNGSA,M,3,18,23,25,28,29,31,05,12,13,,,,1.26,0.67,1.07,1*07
$GNGSA,M,3,80,82,79,84,83,,,,,,,,1.26,0.67,1.07,2*07
$GNGSA,M,3,10,11,12,16,25,36,,,,,,,1.26,0.67,1.07,3*0A
$GNGSA,M,3,19,26,29,31,35,39,12,,,,,,1.26,0.67,1.07,4*00
$GPGSV,2,1,08,05,41,111,48,12,30,041,37,13,24,035,44,23,15,355,41,1*62
$GPGSV,2,2,08,25,65,026,53,26,18,223,20,29,58,168,27,31,21,249,26,1*60
$GPGSV,3,1,09,05,41,111,43,12,30,041,30,13,24,035,36,18,61,284,21,6*6C
$GPGSV,3,2,09,23,15,355,39,25,65,026,48,28,28,282,19,29,58,168,25,6*65
$GPGSV,3,3,09,31,21,249,14,6*51
$GPGSV,2,1,06,13,24,035,34,18,61,284,18,23,15,355,45,25,65,026,54,8*62
$GPGSV,2,2,06,26,18,223,16,28,28,282,24,8*6C
$GPGSV,1,1,02,15,04,050,,21,14,136,,0*60
$GLGSV,2,1,07,73,50,226,17,74,04,207,12,79,11,018,21,80,63,354,46,1*75
$GLGSV,2,2,07,82,33,154,27,83,55,233,18,84,18,288,26,1*43
$GLGSV,2,1,07,67,11,094,18,73,50,226,15,79,11,018,20,80,63,354,44,3*72
$GLGSV,2,2,07,82,33,154,28,83,55,233,11,84,18,288,25,3*44
$GLGSV,1,1,02,66,02,145,,68,02,047,,0*76
$GAGSV,2,1,07,10,44,144,37,11,74,156,22,12,21,140,24,14,24,097,30,1*79
$GAGSV,2,2,07,16,46,052,44,25,80,189,17,36,51,311,16,1*4C
$GAGSV,1,1,03,10,44,144,35,14,24,097,27,16,46,052,49,5*43
$GAGSV,2,1,05,10,44,144,36,11,74,156,29,12,21,140,21,16,46,052,48,7*72
$GAGSV,2,2,05,25,80,189,22,7*49
$GAGSV,1,1,02,02,25,222,,34,02,317,,0*71
$GBGSV,2,1,05,12,19,090,27,19,19,063,17,24,19,224,22,29,29,127,43,3*7F
$GBGSV,2,2,05,39,40,359,48,3*4C
$GBGSV,2,1,08,12,19,090,28,19,19,063,17,20,14,109,20,24,19,224,15,5*71
$GBGSV,2,2,08,26,54,265,16,29,29,127,47,31,30,266,19,39,40,359,47,5*77
$GBGSV,3,1,10,11,09,118,13,12,19,090,17,19,19,063,27,20,14,109,19,8*7C
$GBGSV,3,2,10,22,04,014,21,24,19,224,22,29,29,127,47,31,30,266,25,8*74
$GBGSV,3,3,10,35,62,199,26,39,40,359,45,8*79
$GNGLL,3001.74232,S,05112.74992,W,164136.00,A,D*7E
$GNRMC,164137.00,A,3001.74232,S,05112.74993,W,0.023,,090926,,,F,V*1A
$GNVTG,,T,,M,0.023,N,0.042,K,D*3F
$GNGGA,164137.00,3001.74232,S,05112.74993,W,5,12,0.67,49.8,M,4.8,M,2.0,0920*66
$GNGSA,M,3,18,23,25,28,29,31,05,12,13,,,,1.26,0.67,1.07,1*07
$GNGSA,M,3,80,82,79,84,83,,,,,,,,1.26,0.67,1.07,2*07
$GNGSA,M,3,10,11,12,16,25,36,,,,,,,1.26,0.67,1.07,3*0A
$GNGSA,M,3,19,26,29,31,35,39,12,,,,,,1.26,0.67,1.07,4*00
$GPGSV,2,1,08,05,41,111,48,12,30,041,37,13,24,035,44,23,15,355,41,1*62
$GPGSV,2,2,08,25,65,026,53,26,18,223,20,29,58,168,27,31,21,249,27,1*61
$GPGSV,3,1,09,05,41,111,43,12,30,041,30,13,24,035,36,18,61,284,21,6*6C
$GPGSV,3,2,09,23,15,355,39,25,65,026,48,28,28,282,20,29,58,168,26,6*6C
$GPGSV,3,3,09,31,21,249,13,6*56
$GPGSV,2,1,05,13,24,035,34,18,61,284,17,23,15,355,45,25,65,026,54,8*6E
$GPGSV,2,2,05,26,18,223,16,8*51
$GPGSV,1,1,02,15,04,050,,21,14,136,,0*60
$GLGSV,2,1,07,73,50,226,15,74,05,207,09,79,11,018,21,80,63,354,46,1*7C
$GLGSV,2,2,07,82,33,154,27,83,55,233,18,84,18,288,26,1*43
$GLGSV,2,1,07,67,11,094,18,73,50,226,16,79,11,018,20,80,63,354,44,3*71
$GLGSV,2,2,07,82,33,154,28,83,55,233,11,84,18,288,26,3*47
$GLGSV,1,1,02,66,02,145,,68,02,047,,0*76
$GAGSV,2,1,07,10,44,144,37,11,74,156,23,12,21,140,24,14,24,097,30,1*78
$GAGSV,2,2,07,16,46,052,44,25,80,189,16,36,51,311,16,1*4D
$GAGSV,1,1,02,10,44,144,35,16,46,052,49,5*7A
$GAGSV,2,1,05,10,44,144,36,11,74,156,29,12,21,140,21,16,46,052,48,7*72
$GAGSV,2,2,05,25,80,189,22,7*49
$GAGSV,1,1,02,02,25,222,,34,02,317,,0*71
$GBGSV,2,1,05,12,19,090,27,19,19,063,16,24,19,224,23,29,29,127,43,3*7F
$GBGSV,2,2,05,39,40,359,48,3*4C
$GBGSV,2,1,08,12,19,090,28,19,19,063,18,20,14,109,20,24,19,224,15,5*7E
$GBGSV,2,2,08,26,54,265,16,29,29,127,47,31,30,266,19,39,40,359,47,5*77
$GBGSV,3,1,10,11,09,118,14,12,19,090,16,19,19,063,27,20,14,109,18,8*7B
$GBGSV,3,2,10,22,04,014,21,24,19,224,23,29,29,127,47,31,30,266,25,8*75
$GBGSV,3,3,10,35,62,199,26,39,40,359,45,8*79
$GNGLL,3001.74232,S,05112.74993,W,164137.00,A,D*7E
$GNRMC,164138.00,A,3001.74232,S,05112.74993,W,0.019,,090926,,,F,V*1C
$GNVTG,,T,,M,0.019,N,0.036,K,D*35
$GNGGA,164138.00,3001.74232,S,05112.74993,W,5,12,0.67,49.8,M,4.8,M,2.0,0920*69
$GNGSA,M,3,18,23,25,28,29,31,05,12,13,,,,1.26,0.67,1.07,1*07
$GNGSA,M,3,80,82,79,84,83,,,,,,,,1.26,0.67,1.07,2*07
$GNGSA,M,3,10,11,12,16,25,36,,,,,,,1.26,0.67,1.07,3*0A
$GNGSA,M,3,19,26,29,31,35,39,12,,,,,,1.26,0.67,1.07,4*00
$GPGSV,2,1,08,05,41,111,48,12,30,041,37,13,24,035,44,23,15,355,41,1*62
$GPGSV,2,2,08,25,65,026,53,26,18,223,21,29,58,168,27,31,21,249,27,1*60
$GPGSV,3,1,09,05,41,111,43,12,30,041,30,13,24,035,36,18,61,284,21,6*6C
$GPGSV,3,2,09,23,15,355,39,25,65,026,48,28,28,282,21,29,58,168,26,6*6D
$GPGSV,3,3,09,31,21,249,15,6*50
$GPGSV,2,1,05,13,24,035,34,18,61,284,17,23,15,355,45,25,65,026,54,8*6E
$GPGSV,2,2,05,26,18,223,15,8*52
$GPGSV,1,1,02,15,04,050,,21,14,136,,0*60
$GLGSV,2,1,07,73,50,226,14,74,05,207,08,79,11,018,21,80,63,354,46,1*7C
$GLGSV,2,2,07,82,33,154,27,83,55,233,18,84,18,288,26,1*43
$GLGSV,2,1,07,67,11,094,19,73,50,226,18,79,11,018,20,80,63,354,44,3*7E
$GLGSV,2,2,07,82,33,154,28,83,55,233,11,84,18,288,26,3*47
$GLGSV,1,1,02,66,02,145,,68,02,047,,0*76
$GAGSV,2,1,07,10,44,144,37,11,74,156,22,12,21,140,24,14,24,097,30,1*79
$GAGSV,2,2,07,16,46,052,44,25,80,189,16,36,51,311,15,1*4E
$GAGSV,1,1,02,10,44,144,35,16,46,052,49,5*7A
$GAGSV,2,1,05,10,44,144,36,11,74,156,29,12,21,140,21,16,46,052,48,7*72
$GAGSV,2,2,05,25,80,189,23,7*48
$GAGSV,1,1,02,02,25,222,,34,02,317,,0*71
$GBGSV,2,1,05,12,19,090,27,19,19,063,13,24,19,224,23,29,29,127,43,3*7A
$GBGSV,2,2,05,39,40,359,48,3*4C
$GBGSV,2,1,08,12,19,090,28,19,19,063,16,20,14,109,20,24,19,224,14,5*71
$GBGSV,2,2,08,26,54,265,17,29,29,127,47,31,30,266,18,39,40,359,47,5*77
$GBGSV,3,1,11,11,09,118,13,12,19,090,16,19,19,063,27,20,14,109,18,8*7D
$GBGSV,3,2,11,22,04,014,21,24,19,224,24,26,54,265,17,29,29,127,47,8*75
$GBGSV,3,3,11,31,30,266,25,35,62,199,25,39,40,359,45,8*4F
$GNGLL,3001.74232,S,05112.74993,W,164138.00,A,D*71
$GNRMC,164139.00,A,3001.74233,S,05112.74994,W,0.022,,090926,,,F,V*13
$GNVTG,,T,,M,0.022,N,0.041,K,D*3D
$GNGGA,164139.00,3001.74233,S,05112.74994,W,5,12,0.67,49.8,M,4.8,M,2.0,0920*6E
$GNGSA,M,3,18,23,25,28,29,31,05,12,13,,,,1.26,0.67,1.07,1*07
$GNGSA,M,3,80,82,79,84,83,,,,,,,,1.26,0.67,1.07,2*07
$GNGSA,M,3,10,11,12,16,25,36,,,,,,,1.26,0.67,1.07,3*0A
$GNGSA,M,3,19,26,29,31,35,39,12,,,,,,1.26,0.67,1.07,4*00
$GPGSV,2,1,08,05,41,111,48,12,30,041,37,13,24,035,44,23,15,355,41,1*62
$GPGSV,2,2,08,25,65,026,53,26,18,223,20,29,58,168,27,31,21,249,27,1*61
$GPGSV,3,1,09,05,41,111,44,12,30,041,30,13,24,035,36,18,61,284,21,6*6B
$GPGSV,3,2,09,23,15,355,39,25,65,026,48,28,28,282,20,29,58,168,26,6*6C
$GPGSV,3,3,09,31,21,249,16,6*53
$GPGSV,2,1,05,13,24,035,34,18,61,284,18,23,15,355,45,25,65,026,54,8*61
$GPGSV,2,2,05,26,18,223,15,8*52
$GPGSV,1,1,02,15,04,050,,21,14,136,,0*60
$GLGSV,2,1,07,73,50,226,11,74,05,207,08,79,11,018,21,80,63,354,46,1*79
$GLGSV,2,2,07,82,33,154,27,83,55,233,17,84,18,288,26,1*4C
$GLGSV,2,1,07,67,11,094,19,73,50,226,18,79,11,018,20,80,63,354,44,3*7E
$GLGSV,2,2,07,82,33,154,28,83,55,233,11,84,18,288,25,3*44
$GLGSV,1,1,02,66,02,145,,68,02,047,,0*76
$GAGSV,2,1,07,10,44,144,37,11,74,156,23,12,21,140,23,14,24,097,30,1*7F
$GAGSV,2,2,07,16,46,052,44,25,80,189,16,36,51,311,16,1*4D
$GAGSV,1,1,02,10,44,144,35,16,46,052,49,5*7A
$GAGSV,2,1,05,10,44,144,36,11,74,156,29,12,21,140,21,16,46,052,48,7*72
$GAGSV,2,2,05,25,80,189,23,7*48
$GAGSV,1,1,02,02,25,222,,34,02,317,,0*71
$GBGSV,2,1,05,12,19,090,27,19,19,063,12,24,19,224,23,29,29,127,43,3*7B
$GBGSV,2,2,05,39,40,359,48,3*4C
$GBGSV,2,1,08,12,19,090,28,19,19,063,17,20,14,109,20,24,19,224,14,5*70
$GBGSV,2,2,08,26,54,265,17,29,29,127,47,31,30,266,18,39,40,359,47,5*77
$GBGSV,3,1,11,11,09,118,13,12,19,090,15,19,19,063,27,20,14,109,17,8*71
$GBGSV,3,2,11,22,04,014,20,24,19,224,25,26,54,265,17,29,29,127,47,8*75
$GBGSV,3,3,11,31,30,266,25,35,62,199,25,39,40,359,45,8*4F
$GNGLL,3001.74233,S,05112.74994,W,164139.00,A,D*76
$GNRMC,164140.00,A,3001.74233,S,05112.74995,W,0.013,,090926,,,F,V*1E
$GNVTG,,T,,M,0.013,N,0.024,K,D*3C
$GNGGA,164140.00,3001.74233,S,05112.74995,W,5,12,0.70,49.8,M,4.8,M,2.0,0920*67
$GNGSA,M,3,18,23,25,28,29,31,05,12,13,,,,1.30,0.70,1.09,1*08
$GNGSA,M,3,80,82,79,84,83,,,,,,,,1.30,0.70,1.09,2*08
$GNGSA,M,3,10,11,12,16,25,36,,,,,,,1.30,0.70,1.09,3*05
$GNGSA,M,3,19,26,29,31,35,39,,,,,,,1.30,0.70,1.09,4*0C
$GPGSV,2,1,08,05,41,111,48,12,30,041,37,13,24,035,44,23,15,355,41,1*62
$GPGSV,2,2,08,25,65,026,53,26,18,223,20,29,58,168,28,31,21,249,27,1*6E
$GPGSV,3,1,09,05,41,111,44,12,30,041,30,13,24,035,36,18,61,284,21,6*6B
$GPGSV,3,2,09,23,15,355,39,25,65,026,48,28,28,282,20,29,58,168,26,6*6C
$GPGSV,3,3,09,31,21,249,17,6*52
$GPGSV,2,1,05,13,24,035,34,18,61,284,18,23,15,355,45,25,65,026,54,8*61
$GPGSV,2,2,05,26,18,223,14,8*53
$GPGSV,1,1,02,15,04,050,,21,14,136,,0*60
$GLGSV,2,1,06,74,05,207,08,79,11,018,22,80,63,354,46,82,33,154,27,1*73
$GLGSV,2,2,06,83,55,233,16,84,18,288,26,1*73
$GLGSV,2,1,07,67,11,094,19,73,50,226,18,79,11,018,20,80,63,354,44,3*7E
$GLGSV,2,2,07,82,33,154,28,83,55,233,12,84,18,288,25,3*47
$GLGSV,1,1,02,66,02,145,,68,02,047,,0*76
$GAGSV,2,1,07,10,44,144,37,11,74,156,23,12,21,140,23,14,24,097,30,1*7F
$GAGSV,2,2,07,16,46,052,44,25,80,189,17,36,51,311,15,1*4F
$GAGSV,1,1,02,10,44,144,35,16,46,052,49,5*7A
$GAGSV,2,1,05,10,44,144,36,11,74,156,29,12,21,140,20,16,46,052,48,7*73
$GAGSV,2,2,05,25,80,189,22,7*49
$GAGSV,1,1,02,02,25,222,,34,02,317,,0*71
$GBGSV,2,1,05,12,19,090,26,19,19,063,11,24,19,224,23,29,29,127,43,3*79
$GBGSV,2,2,05,39,40,359,48,3*4C
$GBGSV,2,1,08,12,19,090,29,19,19,063,18,20,14,109,20,24,19,224,15,5*7F
$GBGSV,2,2,08,26,54,265,18,29,29,127,47,31,30,266,19,39,40,359,47,5*79
$GBGSV,3,1,11,11,09,118,12,12,19,090,14,19,19,063,27,20,14,109,17,8*71
$GBGSV,3,2,11,22,04,014,20,24,19,224,25,26,54,265,15,29,29,127,47,8*77
$GBGSV,3,3,11,31,30,266,25,35,62,199,25,39,40,359,45,8*4F
$GNGLL,3001.74233,S,05112.74995,W,164140.00,A,D*79
$GNRMC,164141.00,A,3001.74233,S,05112.74995,W,0.012,,090926,,,F,V*1E
$GNVTG,,T,,M,0.012,N,0.022,K,D*3B
$GNGGA,164141.00,3001.74233,S,05112.74995,W,5,12,0.71,49.8,M,4.8,M,2.0,0920*67
$GNGSA,M,3,18,23,25,28,29,31,05,12,13,,,,1.29,0.71,1.07,1*0F
$GNGSA,M,3,80,82,79,84,,,,,,,,,1.29,0.71,1.07,2*04
$GNGSA,M,3,10,11,12,16,25,36,,,,,,,1.29,0.71,1.07,3*02
$GNGSA,M,3,19,26,29,31,35,39,12,,,,,,1.29,0.71,1.07,4*08
$GPGSV,2,1,08,05,41,111,48,12,30,041,37,13,24,035,44,23,15,355,41,1*62
$GPGSV,2,2,08,25,65,026,53,26,18,223,20,29,58,168,27,31,21,249,28,1*6E
$GPGSV,3,1,09,05,41,111,44,12,30,041,30,13,24,035,37,18,61,284,19,6*61
$GPGSV,3,2,09,23,15,355,39,25,65,026,48,28,28,282,20,29,58,168,26,6*6C
$GPGSV,3,3,09,31,21,249,17,6*52
$GPGSV,2,1,05,13,24,035,34,18,61,284,17,23,15,355,45,25,65,026,54,8*6E
$GPGSV,2,2,05,26,18,223,14,8*53
$GPGSV,1,1,02,15,04,050,,21,14,136,,0*60
$GLGSV,2,1,06,74,05,207,08,79,11,018,22,80,63,354,46,82,33,154,27,1*73
$GLGSV,2,2,06,83,55,233,14,84,18,288,26,1*71
$GLGSV,2,1,07,67,11,094,20,73,50,226,19,79,11,018,20,80,63,354,44,3*75
$GLGSV,2,2,07,82,33,154,28,83,55,233,12,84,18,288,25,3*47
$GLGSV,1,1,02,66,02,145,,68,02,047,,0*76
$GAGSV,2,1,07,10,44,144,37,11,74,156,22,12,21,140,23,14,24,097,30,1*7E
$GAGSV,2,2,07,16,46,052,44,25,80,189,17,36,51,311,15,1*4F
$GAGSV,1,1,02,10,44,144,35,16,46,052,49,5*7A
$GAGSV,2,1,05,10,44,144,36,11,74,156,29,12,21,140,20,16,46,052,48,7*73
$GAGSV,2,2,05,25,80,189,22,7*49
$GAGSV,1,1,02,02,25,222,,34,02,317,,0*71
$GBGSV,2,1,05,12,19,090,26,19,19,063,12,24,19,224,23,29,29,127,43,3*7A
$GBGSV,2,2,05,39,40,359,48,3*4C
$GBGSV,2,1,08,12,19,090,29,19,19,063,18,20,14,109,20,24,19,224,14,5*7E
$GBGSV,2,2,08,26,54,265,18,29,29,127,47,31,30,266,20,39,40,359,47,5*73
$GBGSV,3,1,11,11,09,118,12,12,19,090,15,19,19,063,27,20,14,109,16,8*71
$GBGSV,3,2,11,22,04,014,20,24,19,224,25,26,54,265,15,29,29,127,47,8*77
$GBGSV,3,3,11,31,30,266,25,35,62,199,25,39,40,359,45,8*4F
$GNGLL,3001.74233,S,05112.74995,W,164141.00,A,D*78
$GNRMC,164142.00,A,3001.74233,S,05112.74995,W,0.011,,090926,,,F,V*1E
$GNVTG,,T,,M,0.011,N,0.020,K,D*3A
$GNGGA,164142.00,3001.74233,S,05112.74995,W,5,12,0.71,49.8,M,4.8,M,2.0,0920*64
$GNGSA,M,3,18,23,25,28,29,31,05,12,13,,,,1.29,0.71,1.07,1*0F
$GNGSA,M,3,80,82,79,84,,,,,,,,,1.29,0.71,1.07,2*04
$GNGSA,M,3,10,11,12,16,25,,,,,,,,1.29,0.71,1.07,3*07
$GNGSA,M,3,19,26,29,31,35,39,12,,,,,,1.29,0.71,1.07,4*08
$GPGSV,2,1,08,05,41,111,48,12,30,041,37,13,24,035,44,23,15,355,41,1*62
$GPGSV,2,2,08,25,65,026,53,26,18,223,21,29,58,168,27,31,21,249,28,1*6F
$GPGSV,3,1,09,05,41,111,44,12,30,041,30,13,24,035,36,18,61,284,19,6*60
$GPGSV,3,2,09,23,15,355,39,25,65,026,48,28,28,282,21,29,58,168,26,6*6D
$GPGSV,3,3,09,31,21,249,18,6*5D
$GPGSV,2,1,05,13,24,035,34,18,61,284,17,23,15,355,45,25,65,026,54,8*6E
$GPGSV,2,2,05,26,18,223,13,8*54
$GPGSV,1,1,02,15,04,050,,21,14,136,,0*60
$GLGSV,2,1,06,74,05,207,07,79,10,018,22,80,63,354,46,82,33,154,28,1*72
$GLGSV,2,2,06,83,55,233,12,84,18,288,26,1*77
$GLGSV,2,1,07,67,11,094,19,73,50,226,18,79,10,018,21,80,63,354,44,3*7E
$GLGSV,2,2,07,82,33,154,28,83,55,233,09,84,18,288,25,3*4D
$GLGSV,1,1,02,66,02,145,,68,02,047,,0*76
$GAGSV,2,1,07,10,44,144,37,11,74,156,22,12,21,140,23,14,24,097,30,1*7E
$GAGSV,2,2,07,16,46,052,44,25,80,189,18,36,51,311,14,1*41
$GAGSV,1,1,02,10,44,144,35,16,46,052,49,5*7A
$GAGSV,2,1,05,10,44,144,36,11,74,156,29,12,21,140,20,16,46,052,48,7*73
$GAGSV,2,2,05,25,80,189,23,7*48
$GAGSV,1,1,02,02,25,222,,34,02,317,,0*71
$GBGSV,2,1,05,12,19,090,26,19,19,063,15,24,19,224,23,29,29,127,43,3*7D
$GBGSV,2,2,05,39,40,359,48,3*4C
$GBGSV,2,1,08,12,19,090,29,19,19,063,18,20,14,109,20,24,19,224,14,5*7E
$GBGSV,2,2,08,26,54,265,18,29,29,127,47,31,30,266,19,39,40,359,47,5*79
$GBGSV,3,1,11,11,09,118,11,12,19,090,15,19,19,063,26,20,14,109,17,8*72
$GBGSV,3,2,11,22,04,014,19,24,19,224,25,26,54,265,14,29,29,127,47,8*7C
$GBGSV,3,3,11,31,30,266,24,35,62,199,25,39,40,359,45,8*4E
$GNGLL,3001.74233,S,05112.74995,W,164142.00,A,D*7B
$GNRMC,164143.00,A,3001.74233,S,05112.74995,W,0.021,,090926,,,F,V*1C
$GNVTG,,T,,M,0.021,N,0.039,K,D*31
$GNGGA,164143.00,3001.74233,S,05112.74995,W,5,12,0.71,49.7,M,4.8,M,2.0,0920*6A
$GNGSA,M,3,18,23,25,28,29,31,05,12,13,,,,1.29,0.71,1.07,1*0F
$GNGSA,M,3,80,82,79,84,,,,,,,,,1.29,0.71,1.07,2*04
$GNGSA,M,3,10,11,12,16,25,,,,,,,,1.29,0.71,1.07,3*07
$GNGSA,M,3,19,26,29,31,35,39,12,,,,,,1.29,0.71,1.07,4*08
$GPGSV,2,1,08,05,41,111,48,12,30,041,37,13,24,035,44,23,15,355,41,1*62
$GPGSV,2,2,08,25,65,026,53,26,18,223,21,29,58,168,27,31,21,249,28,1*6F
$GPGSV,3,1,09,05,41,111,44,12,30,041,30,13,24,035,36,18,61,284,19,6*60
$GPGSV,3,2,09,23,15,355,39,25,65,026,48,28,28,282,21,29,58,168,26,6*6D
$GPGSV,3,3,09,31,21,249,18,6*5D
$GPGSV,2,1,05,13,24,035,34,18,61,284,18,23,15,355,45,25,65,026,54,8*61
$GPGSV,2,2,05,26,18,223,14,8*53
$GPGSV,1,1,02,15,04,050,,21,14,136,,0*60
$GLGSV,2,1,06,74,05,207,08,79,10,018,22,80,62,354,46,82,33,154,28,1*7C
$GLGSV,2,2,06,83,55,233,12,84,18,288,26,1*77
$GLGSV,2,1,07,67,11,094,20,73,50,226,18,79,10,018,21,80,62,354,44,3*75
$GLGSV,2,2,07,82,33,154,28,83,55,233,09,84,18,288,25,3*4D
$GLGSV,1,1,02,66,02,145,,68,02,047,,0*76
$GAGSV,2,1,07,10,44,144,37,11,74,156,22,12,21,140,23,14,24,097,30,1*7E
$GAGSV,2,2,07,16,46,052,44,25,80,189,18,36,51,311,14,1*41
$GAGSV,1,1,02,10,44,144,35,16,46,052,49,5*7A
$GAGSV,2,1,05,10,44,144,36,11,74,156,29,12,21,140,21,16,46,052,48,7*72
$GAGSV,2,2,05,25,80,189,23,7*48
$GAGSV,1,1,02,02,25,222,,34,02,317,,0*71
$GBGSV,2,1,05,12,19,090,26,19,19,063,17,24,19,224,23,29,29,127,43,3*7F
$GBGSV,2,2,05,39,40,359,48,3*4C
$GBGSV,2,1,08,12,19,090,29,19,19,063,17,20,14,109,21,24,19,224,13,5*77
$GBGSV,2,2,08,26,54,265,18,29,29,127,47,31,30,266,20,39,40,359,47,5*73
$GBGSV,3,1,11,11,09,118,09,12,19,090,15,19,19,063,26,20,14,109,16,8*7A
$GBGSV,3,2,11,22,04,014,20,24,19,224,26,26,54,265,14,29,29,127,47,8*75
$GBGSV,3,3,11,31,30,266,25,35,62,199,25,39,40,359,45,8*4F
$GNGLL,3001.74233,S,05112.74995,W,164143.00,A,D*7A
$GNRMC,164144.00,A,3001.74233,S,05112.74995,W,0.026,,090926,,,F,V*1C
$GNVTG,,T,,M,0.026,N,0.048,K,D*30
$GNGGA,164144.00,3001.74233,S,05112.74995,W,5,12,0.71,49.7,M,4.8,M,2.0,0920*6D
$GNGSA,M,3,18,23,25,28,29,31,05,12,13,,,,1.29,0.71,1.07,1*0F
$GNGSA,M,3,80,82,79,84,,,,,,,,,1.29,0.71,1.07,2*04
$GNGSA,M,3,10,11,12,16,25,36,,,,,,,1.29,0.71,1.07,3*02
$GNGSA,M,3,19,26,29,31,35,39,12,,,,,,1.29,0.71,1.07,4*08
$GPGSV,2,1,08,05,41,111,48,12,30,041,37,13,24,035,44,23,15,355,41,1*62
$GPGSV,2,2,08,25,65,026,53,26,18,223,20,29,58,168,27,31,21,249,28,1*6E
$GPGSV,3,1,09,05,41,111,44,12,30,041,30,13,24,035,36,18,61,284,19,6*60
$GPGSV,3,2,09,23,15,355,39,25,65,026,48,28,28,282,21,29,58,168,26,6*6D
$GPGSV,3,3,09,31,21,249,18,6*5D
$GPGSV,2,1,05,13,24,035,35,18,61,284,18,23,15,355,45,25,65,026,54,8*60
$GPGSV,2,2,05,26,18,223,14,8*53
$GPGSV,1,1,02,15,04,050,,21,14,136,,0*60
$GLGSV,2,1,06,74,05,207,08,79,10,018,21,80,62,354,46,82,33,154,28,1*7F
$GLGSV,2,2,06,83,55,233,10,84,18,288,26,1*75
$GLGSV,2,1,07,67,11,094,20,73,50,226,19,79,10,018,21,80,62,354,44,3*74
$GLGSV,2,2,07,82,33,154,28,83,55,233,12,84,18,288,25,3*47
$GLGSV,1,1,02,66,02,145,,68,02,047,,0*76
$GAGSV,2,1,07,10,44,144,37,11,74,156,22,12,21,140,24,14,24,097,30,1*79
$GAGSV,2,2,07,16,46,052,44,25,80,189,18,36,51,311,15,1*40
$GAGSV,1,1,02,10,44,144,35,16,46,052,49,5*7A
$GAGSV,2,1,05,10,44,144,36,11,74,156,29,12,21,140,20,16,46,052,48,7*73
$GAGSV,2,2,05,25,80,189,23,7*48
$GAGSV,1,1,02,02,25,222,,34,02,317,,0*71
$GBGSV,2,1,05,12,19,090,26,19,19,063,18,24,19,224,23,29,29,127,43,3*70
$GBGSV,2,2,05,39,40,359,48,3*4C
$GBGSV,2,1,08,12,19,090,29,19,19,063,16,20,14,109,20,24,19,224,15,5*71
$GBGSV,2,2,08,26,54,265,18,29,29,127,47,31,30,266,19,39,40,359,47,5*79
$GBGSV,3,1,11,11,09,118,08,12,19,090,15,19,19,063,26,20,14,109,15,8*78
$GBGSV,3,2,11,22,04,014,20,24,19,224,26,26,54,265,13,29,29,127,47,8*72
$GBGSV,3,3,11,31,30,266,24,35,62,199,25,39,40,359,45,8*4E
$GNGLL,3001.74233,S,05112.74995,W,164144.00,A,D*7D
$GNRMC,164145.00,A,3001.74233,S,05112.74996,W,0.002,,090926,,,F,V*18
$GNVTG,,T,,M,0.002,N,0.003,K,D*39
$GNGGA,164145.00,3001.74233,S,05112.74996,W,5,12,0.73,49.7,M,4.8,M,2.0,0920*6D
$GNGSA,M,3,18,23,25,28,29,31,05,12,13,,,,1.31,0.73,1.09,1*0A
$GNGSA,M,3,80,82,79,84,,,,,,,,,1.31,0.73,1.09,2*01
$GNGSA,M,3,10,11,12,16,25,36,,,,,,,1.31,0.73,1.09,3*07
$GNGSA,M,3,19,26,29,31,35,39,,,,,,,1.31,0.73,1.09,4*0E
$GPGSV,2,1,08,05,41,111,48,12,30,041,37,13,24,035,44,23,15,355,41,1*62
$GPGSV,2,2,08,25,65,026,53,26,18,223,21,29,58,168,27,31,21,249,28,1*6F
$GPGSV,3,1,09,05,41,111,44,12,30,041,30,13,24,035,36,18,61,284,19,6*60
$GPGSV,3,2,09,23,15,355,39,25,65,026,48,28,28,282,22,29,58,168,26,6*6E
$GPGSV,3,3,09,31,21,249,19,6*5C
$GPGSV,2,1,05,13,24,035,35,18,61,284,17,23,15,355,45,25,65,026,54,8*6F
$GPGSV,2,2,05,26,18,223,15,8*52
$GPGSV,1,1,02,15,04,050,,21,14,136,,0*60
$GLGSV,2,1,06,74,05,207,08,79,10,018,22,80,62,354,46,82,33,154,28,1*7C
$GLGSV,2,2,06,83,55,233,09,84,18,288,25,1*7E
$GLGSV,2,1,07,67,11,094,20,73,50,226,20,79,10,018,21,80,62,354,44,3*7E
$GLGSV,2,2,07,82,33,154,28,83,55,233,11,84,18,288,25,3*44
$GLGSV,1,1,02,66,02,145,,68,02,047,,0*76
$GAGSV,2,1,07,10,44,144,37,11,74,156,22,12,21,140,24,14,24,097,30,1*79
$GAGSV,2,2,07,16,46,052,44,25,80,189,18,36,51,311,15,1*40
$GAGSV,1,1,02,10,44,144,35,16,46,052,49,5*7A
$GAGSV,2,1,05,10,44,144,36,11,74,156,29,12,21,140,20,16,46,052,48,7*73
$GAGSV,2,2,05,25,80,189,23,7*48
$GAGSV,1,1,02,02,25,222,,34,02,317,,0*71
$GBGSV,2,1,05,12,19,090,26,19,19,063,18,24,19,224,23,29,29,127,43,3*70
$GBGSV,2,2,05,39,40,359,48,3*4C
$GBGSV,2,1,08,12,19,090,29,19,19,063,15,20,14,109,20,24,19,224,15,5*72
$GBGSV,2,2,08,26,54,265,17,29,29,127,47,31,30,266,20,39,40,359,47,5*7C
$GBGSV,3,1,11,11,09,118,08,12,19,090,13,19,19,063,26,20,14,109,14,8*7F
$GBGSV,3,2,11,22,04,014,21,24,19,224,26,26,54,265,13,29,29,127,47,8*73
$GBGSV,3,3,11,31,30,266,24,35,62,199,25,39,40,359,45,8*4E
$GNGLL,3001.74233,S,05112.74996,W,164145.00,A,D*7F
$GNRMC,164146.00,A,3001.74233,S,05112.74996,W,0.022,,090926,,,F,V*19
$GNVTG,,T,,M,0.022,N,0.041,K,D*3D
$GNGGA,164146.00,3001.74233,S,05112.74996,W,5,12,0.73,49.8,M,4.8,M,2.0,0920*61
$GNGSA,M,3,18,23,25,28,29,31,05,12,13,,,,1.31,0.73,1.09,1*0A
$GNGSA,M,3,80,82,79,84,,,,,,,,,1.31,0.73,1.09,2*01
$GNGSA,M,3,10,11,12,16,25,,,,,,,,1.31,0.73,1.09,3*02
$GNGSA,M,3,19,26,29,31,35,39,,,,,,,1.31,0.73,1.09,4*0E
$GPGSV,2,1,08,05,41,111,48,12,30,041,37,13,24,035,44,23,15,355,41,1*62
$GPGSV,2,2,08,25,65,026,53,26,18,223,20,29,58,168,27,31,21,249,28,1*6E
$GPGSV,3,1,09,05,41,111,44,12,30,041,30,13,24,035,37,18,61,284,20,6*6B
$GPGSV,3,2,09,23,15,355,39,25,65,026,48,28,28,282,22,29,58,168,26,6*6E
$GPGSV,3,3,09,31,21,249,20,6*56
$GPGSV,2,1,05,13,24,035,35,18,61,284,17,23,15,355,45,25,65,026,54,8*6F
$GPGSV,2,2,05,26,18,223,15,8*52
$GPGSV,1,1,02,15,04,050,,21,14,136,,0*60
$GLGSV,2,1,07,73,50,226,20,74,05,207,07,79,10,018,22,80,62,354,46,1*77
$GLGSV,2,2,07,82,33,154,27,83,55,231,12,84,18,288,25,1*48
$GLGSV,2,1,07,67,11,094,21,73,50,226,21,79,10,018,21,80,62,354,44,3*7E
$GLGSV,2,2,07,82,33,154,28,83,55,231,08,84,18,288,25,3*4E
$GLGSV,1,1,02,66,02,145,,68,02,047,,0*76
$GAGSV,2,1,07,10,44,144,37,11,74,156,21,12,21,140,24,14,24,097,30,1*7A
$GAGSV,2,2,07,16,46,052,44,25,80,189,18,36,51,311,14,1*41
$GAGSV,1,1,02,10,44,144,35,16,46,052,49,5*7A
$GAGSV,2,1,05,10,44,144,36,11,74,156,29,12,21,140,21,16,46,052,48,7*72
$GAGSV,2,2,05,25,80,189,23,7*48
$GAGSV,1,1,02,02,25,222,,34,02,317,,0*71
$GBGSV,2,1,05,12,19,090,25,19,19,063,19,24,19,224,23,29,29,127,43,3*72
$GBGSV,2,2,05,39,40,359,48,3*4C
$GBGSV,2,1,08,12,19,090,29,19,19,063,15,20,14,109,20,24,19,224,15,5*72
$GBGSV,2,2,08,26,54,265,17,29,29,127,47,31,30,266,20,39,40,359,47,5*7C
$GBGSV,3,1,10,12,19,090,14,19,19,063,26,20,14,109,14,22,04,014,21,8*72
$GBGSV,3,2,10,24,19,224,27,26,54,265,11,29,29,127,47,31,30,266,23,8*71
$GBGSV,3,3,10,35,62,199,25,39,40,359,45,8*7A
$GBGSV,1,1,01,11,09,118,,0*47
$GNGLL,3001.74233,S,05112.74996,W,164146.00,A,D*7C
$GNRMC,164147.00,A,3001.74233,S,05112.74996,W,0.026,,090926,,,F,V*1C
$GNVTG,,T,,M,0.026,N,0.048,K,D*30
$GNGGA,164147.00,3001.74233,S,05112.74996,W,5,12,0.73,49.7,M,4.8,M,2.0,0920*6F
$GNGSA,M,3,18,23,25,28,29,31,05,12,13,,,,1.31,0.73,1.09,1*0A
$GNGSA,M,3,80,82,79,84,,,,,,,,,1.31,0.73,1.09,2*01
$GNGSA,M,3,10,11,12,16,25,,,,,,,,1.31,0.73,1.09,3*02
$GNGSA,M,3,19,26,29,31,35,39,,,,,,,1.31,0.73,1.09,4*0E
$GPGSV,2,1,08,05,41,111,48,12,30,041,37,13,24,035,44,23,15,355,41,1*62
$GPGSV,2,2,08,25,65,026,53,26,18,223,20,29,58,168,28,31,21,249,28,1*61
$GPGSV,3,1,09,05,41,111,44,12,30,041,30,13,24,035,37,18,61,284,20,6*6B
$GPGSV,3,2,09,23,15,355,39,25,65,026,48,28,28,282,22,29,58,168,26,6*6E
$GPGSV,3,3,09,31,21,249,20,6*56
$GPGSV,2,1,05,13,24,035,35,18,61,284,17,23,15,355,45,25,65,026,54,8*6F
$GPGSV,2,2,05,26,18,223,15,8*52
$GPGSV,1,1,02,15,04,050,,21,14,136,,0*60
$GLGSV,2,1,07,73,50,226,19,74,05,207,08,79,10,018,22,80,62,354,46,1*72
$GLGSV,2,2,07,82,33,154,28,83,55,231,08,84,19,286,25,1*43
$GLGSV,2,1,07,67,11,094,21,73,50,226,21,79,10,018,21,80,62,354,44,3*7E
$GLGSV,2,2,07,82,33,154,28,83,55,231,10,84,19,286,25,3*48
$GLGSV,1,1,02,66,02,145,,68,02,047,,0*76
$GAGSV,2,1,07,10,44,144,37,11,74,156,21,12,21,140,24,14,24,097,30,1*7A
$GAGSV,2,2,07,16,46,052,44,25,80,189,19,36,51,311,14,1*40
$GAGSV,1,1,02,10,44,144,35,16,46,052,49,5*7A
$GAGSV,2,1,05,10,44,144,36,11,74,156,29,12,21,140,20,16,46,052,48,7*73
$GAGSV,2,2,05,25,80,189,22,7*49
$GAGSV,1,1,02,02,25,222,,34,02,317,,0*71
$GBGSV,2,1,05,12,19,090,25,19,19,063,20,24,19,224,23,29,29,127,43,3*78
$GBGSV,2,2,05,39,40,359,48,3*4C
$GBGSV,2,1,08,12,19,090,29,19,19,063,16,20,14,109,20,24,19,224,15,5*71
$GBGSV,2,2,08,26,54,265,18,29,29,127,47,31,30,266,19,39,40,359,47,5*79
$GBGSV,3,1,10,12,19,090,13,19,19,063,26,20,14,109,15,22,04,014,21,8*74
$GBGSV,3,2,10,24,19,224,27,26,54,265,09,29,29,127,47,31,30,266,23,8*78
$GBGSV,3,3,10,35,62,199,24,39,40,359,45,8*7B
$GBGSV,1,1,01,11,09,118,,0*47
$GNGLL,3001.74233,S,05112.74996,W,164147.00,A,D*7D
$GNRMC,164148.00,A,3001.74233,S,05112.74995,W,0.015,,090926,,,F,V*10
$GNVTG,,T,,M,0.015,N,0.028,K,D*36
$GNGGA,164148.00,3001.74233,S,05112.74995,W,5,12,0.73,49.7,M,4.8,M,2.0,0920*63
$GNGSA,M,3,18,23,25,28,29,31,05,12,13,,,,1.31,0.73,1.09,1*0A
$GNGSA,M,3,80,82,79,84,,,,,,,,,1.31,0.73,1.09,2*01
$GNGSA,M,3,10,11,12,16,25,,,,,,,,1.31,0.73,1.09,3*02
$GNGSA,M,3,19,26,29,31,35,39,,,,,,,1.31,0.73,1.09,4*0E
$GPGSV,2,1,08,05,41,111,48,12,30,041,37,13,24,035,44,23,15,355,41,1*62
$GPGSV,2,2,08,25,65,026,53,26,18,223,20,29,58,168,28,31,21,249,28,1*61
$GPGSV,3,1,09,05,41,111,44,12,30,041,30,13,24,035,37,18,61,284,19,6*61
$GPGSV,3,2,09,23,15,355,39,25,65,026,48,28,28,282,22,29,58,168,26,6*6E
$GPGSV,3,3,09,31,21,249,21,6*57
$GPGSV,2,1,05,13,24,035,35,18,61,284,17,23,15,355,45,25,65,026,54,8*6F
$GPGSV,2,2,05,26,18,223,15,8*52
$GPGSV,1,1,02,15,04,050,,21,14,136,,0*60
$GLGSV,2,1,08,67,11,094,18,73,50,226,21,74,05,207,08,79,10,018,22,1*7F
$GLGSV,2,2,08,80,62,354,46,82,33,154,27,83,55,231,09,84,19,286,24,1*7F
$GLGSV,2,1,07,67,11,094,21,73,50,226,21,79,10,018,21,80,62,354,44,3*7E
$GLGSV,2,2,07,82,33,154,28,83,55,231,09,84,19,286,25,3*40
$GLGSV,1,1,02,66,02,145,,68,02,047,,0*76
$GAGSV,2,1,07,10,44,144,37,11,74,156,21,12,21,140,24,14,24,097,30,1*7A
$GAGSV,2,2,07,16,46,052,44,25,80,189,19,36,51,311,12,1*46
$GAGSV,1,1,02,10,44,144,35,16,46,052,49,5*7A
$GAGSV,2,1,05,10,44,144,36,11,74,156,29,12,21,140,20,16,46,052,48,7*73
$GAGSV,2,2,05,25,80,189,22,7*49
$GAGSV,1,1,02,02,25,222,,34,02,317,,0*71
$GBGSV,2,1,05,12,19,090,24,19,19,063,20,24,19,224,23,29,29,127,43,3*79
$GBGSV,2,2,05,39,40,359,48,3*4C
$GBGSV,2,1,08,12,19,090,29,19,19,063,16,20,14,109,20,24,19,224,14,5*70
$GBGSV,2,2,08,26,54,265,19,29,29,127,47,31,30,266,20,39,40,359,47,5*72
$GBGSV,3,1,11,11,09,118,16,12,19,090,14,19,19,063,26,20,14,109,15,8*76
$GBGSV,3,2,11,22,04,014,21,24,19,224,27,26,54,265,08,29,29,127,47,8*78
$GBGSV,3,3,11,31,30,266,24,35,62,199,24,39,40,359,45,8*4F
$GNGLL,3001.74233,S,05112.74995,W,164148.00,A,D*71
$GNRMC,164149.00,A,3001.74233,S,05112.74996,W,0.011,,090926,,,F,V*16
$GNVTG,,T,,M,0.011,N,0.020,K,D*3A
$GNGGA,164149.00,3001.74233,S,05112.74996,W,5,12,0.73,49.7,M,4.8,M,2.0,0920*61
$GNGSA,M,3,18,23,25,28,29,31,05,12,13,,,,1.31,0.73,1.09,1*0A
$GNGSA,M,3,80,82,79,84,,,,,,,,,1.31,0.73,1.09,2*01
$GNGSA,M,3,10,11,12,16,25,,,,,,,,1.31,0.73,1.09,3*02
$GNGSA,M,3,19,26,29,31,35,39,,,,,,,1.31,0.73,1.09,4*0E
$GPGSV,2,1,08,05,41,111,48,12,30,041,37,13,24,035,44,23,15,355,41,1*62
$GPGSV,2,2,08,25,65,026,53,26,18,223,20,29,58,168,28,31,21,249,28,1*61
$GPGSV,3,1,09,05,41,111,44,12,30,041,30,13,24,035,37,18,61,284,19,6*61
$GPGSV,3,2,09,23,15,355,39,25,65,026,48,28,28,282,22,29,58,168,26,6*6E
$GPGSV,3,3,09,31,21,249,21,6*57
$GPGSV,2,1,05,13,24,035,35,18,61,284,17,23,15,355,45,25,65,026,54,8*6F
$GPGSV,2,2,05,26,18,223,14,8*53
$GPGSV,1,1,02,15,04,050,,21,14,136,,0*60
$GLGSV,2,1,08,67,11,094,18,73,50,226,21,74,05,207,08,79,10,018,22,1*7F
$GLGSV,2,2,08,80,62,354,46,82,33,154,27,83,55,231,12,84,19,286,24,1*75
$GLGSV,2,1,07,67,11,094,20,73,50,226,22,79,10,018,21,80,62,354,44,3*7C
$GLGSV,2,2,07,82,33,154,28,83,55,231,09,84,19,286,26,3*43
$GLGSV,1,1,02,66,02,145,,68,02,047,,0*76
$GAGSV,2,1,07,10,44,144,37,11,74,156,21,12,21,140,23,14,24,097,30,1*7D
$GAGSV,2,2,07,16,46,052,44,25,80,189,19,36,51,311,12,1*46
$GAGSV,1,1,02,10,44,144,35,16,46,052,49,5*7A
$GAGSV,2,1,05,10,44,144,36,11,74,156,29,12,21,140,20,16,46,052,48,7*73
$GAGSV,2,2,05,25,80,189,21,7*4A
$GAGSV,1,1,02,02,25,222,,34,02,317,,0*71
$GBGSV,2,1,05,12,19,090,23,19,19,063,20,24,19,224,23,29,29,127,43,3*7E
$GBGSV,2,2,05,39,40,359,48,3*4C
$GBGSV,2,1,08,12,19,090,29,19,19,063,17,20,14,109,20,24,19,224,14,5*71
$GBGSV,2,2,08,26,54,265,18,29,29,127,47,31,30,266,20,39,40,359,47,5*73
$GBGSV,3,1,10,11,09,118,15,12,19,090,14,19,19,063,26,20,14,109,16,8*77
$GBGSV,3,2,10,22,04,014,21,24,19,224,27,29,29,127,47,31,30,266,23,8*77
$GBGSV,3,3,10,35,62,199,25,39,40,359,45,8*7A
$GNGLL,3001.74233,S,05112.74996,W,164149.00,A,D*73
$GNRMC,164150.00,A,3001.74233,S,05112.74995,W,0.010,,090926,,,F,V*1C
$GNVTG,,T,,M,0.010,N,0.018,K,D*30
$GNGGA,164150.00,3001.74233,S,05112.74995,W,5,12,0.73,49.7,M,4.8,M,2.0,0920*6A
$GNGSA,M,3,18,23,25,28,29,31,05,12,13,,,,1.31,0.73,1.09,1*0A
$GNGSA,M,3,80,82,79,84,,,,,,,,,1.31,0.73,1.09,2*01
$GNGSA,M,3,10,11,12,16,25,,,,,,,,1.31,0.73,1.09,3*02
$GNGSA,M,3,19,26,29,31,35,39,,,,,,,1.31,0.73,1.09,4*0E
$GPGSV,2,1,08,05,41,111,48,12,30,041,37,13,24,035,44,23,15,355,41,1*62
$GPGSV,2,2,08,25,65,026,53,26,18,223,21,29,58,168,28,31,21,249,28,1*60
$GPGSV,3,1,09,05,41,111,44,12,30,041,30,13,24,035,37,18,61,284,20,6*6B
$GPGSV,3,2,09,23,15,355,38,25,65,026,48,28,28,282,22,29,58,168,26,6*6F
$GPGSV,3,3,09,31,21,249,21,6*57
$GPGSV,2,1,05,13,24,035,35,18,61,284,17,23,15,355,45,25,65,026,54,8*6F
$GPGSV,2,2,05,26,18,223,13,8*54
$GPGSV,1,1,02,15,04,050,,21,14,136,,0*60
$GLGSV,2,1,08,67,11,094,18,73,50,226,22,74,05,207,08,79,10,018,22,1*7C
$GLGSV,2,2,08,80,62,354,46,82,33,154,27,83,55,231,11,84,19,286,24,1*76
$GLGSV,2,1,07,67,11,094,20,73,50,226,22,79,10,018,21,80,62,354,44,3*7C
$GLGSV,2,2,07,82,33,154,28,83,55,231,09,84,19,286,26,3*43
$GLGSV,1,1,02,66,02,145,,68,02,047,,0*76
$GAGSV,2,1,07,10,44,144,37,11,74,156,22,12,21,140,23,14,24,097,30,1*7E
$GAGSV,2,2,07,16,46,052,44,25,80,189,19,36,51,311,10,1*44
$GAGSV,1,1,02,10,44,144,35,16,46,052,49,5*7A
$GAGSV,2,1,05,10,44,144,36,11,74,156,29,12,21,140,20,16,46,052,47,7*7C
$GAGSV,2,2,05,25,80,189,21,7*4A
$GAGSV,1,1,02,02,25,222,,34,02,317,,0*71
$GBGSV,2,1,05,12,19,090,22,19,19,063,21,24,19,224,23,29,29,127,43,3*7E
$GBGSV,2,2,05,39,40,359,48,3*4C
$GBGSV,2,1,08,12,19,090,29,19,19,063,18,20,14,109,21,24,19,224,13,5*78
$GBGSV,2,2,08,26,54,265,18,29,29,127,47,31,30,266,20,39,40,359,47,5*73
$GBGSV,3,1,10,11,09,118,15,12,19,090,14,19,19,063,26,20,14,109,16,8*77
$GBGSV,3,2,10,22,04,014,21,24,19,224,27,29,29,127,47,31,30,266,23,8*77
$GBGSV,3,3,10,35,62,199,25,39,40,359,45,8*7A
$GNGLL,3001.74233,S,05112.74995,W,164150.00,A,D*78
$GNRMC,164151.00,A,3001.74233,S,05112.74995,W,0.012,,090926,,,F,V*1F
$GNVTG,,T,,M,0.012,N,0.022,K,D*3B
$GNGGA,164151.00,3001.74233,S,05112.74995,W,5,12,0.71,49.7,M,4.8,M,2.0,0920*69
$GNGSA,M,3,18,23,25,28,29,31,05,12,13,,,,1.29,0.71,1.07,1*0F
$GNGSA,M,3,80,82,79,84,,,,,,,,,1.29,0.71,1.07,2*04
$GNGSA,M,3,10,11,12,16,25,,,,,,,,1.29,0.71,1.07,3*07
$GNGSA,M,3,19,26,29,31,35,39,12,,,,,,1.29,0.71,1.07,4*08
$GPGSV,3,1,09,05,41,111,48,12,30,041,37,13,24,035,44,18,61,284,26,1*65
$GPGSV,3,2,09,23,15,355,41,25,65,026,53,26,18,223,20,29,58,168,28,1*66
$GPGSV,3,3,09,31,21,249,28,1*59
$GPGSV,3,1,09,05,41,111,44,12,30,041,30,13,24,035,37,18,61,284,20,6*6B
$GPGSV,3,2,09,23,15,355,39,25,65,026,48,28,28,282,23,29,58,168,26,6*6F
$GPGSV,3,3,09,31,21,249,21,6*57
$GPGSV,2,1,05,13,24,035,34,18,61,284,17,23,15,355,45,25,65,026,54,8*6E
$GPGSV,2,2,05,26,18,223,15,8*52
$GPGSV,1,1,02,15,04,050,,21,14,136,,0*60
$GLGSV,2,1,08,67,11,094,19,73,50,226,23,74,05,207,08,79,10,018,22,1*7C
$GLGSV,2,2,08,80,62,354,46,82,33,154,28,83,55,231,09,84,19,286,24,1*70
$GLGSV,2,1,07,67,11,094,19,73,50,226,23,79,10,018,21,80,62,354,44,3*77
$GLGSV,2,2,07,82,33,154,28,83,55,231,11,84,19,286,26,3*4A
$GLGSV,1,1,02,66,02,145,,68,02,047,,0*76
$GAGSV,2,1,07,10,44,144,37,11,74,156,22,12,21,140,23,14,24,097,30,1*7E
$GAGSV,2,2,07,16,46,052,44,25,80,189,19,36,51,311,08,1*4D
$GAGSV,1,1,02,10,44,144,35,16,46,052,49,5*7A
$GAGSV,2,1,05,10,44,144,36,11,74,156,29,12,21,140,20,16,46,052,47,7*7C
$GAGSV,2,2,05,25,80,189,20,7*4B
$GAGSV,1,1,02,02,25,222,,34,02,317,,0*71
$GBGSV,2,1,05,12,19,090,22,19,19,063,20,24,19,224,22,29,29,127,43,3*7E
$GBGSV,2,2,05,39,40,359,48,3*4C
$GBGSV,2,1,08,12,19,090,29,19,19,063,18,20,14,109,20,24,19,224,13,5*79
$GBGSV,2,2,08,26,54,265,18,29,29,127,47,31,30,266,20,39,40,359,47,5*73
$GBGSV,3,1,10,11,09,118,14,12,19,090,15,19,19,063,26,20,14,109,15,8*74
$GBGSV,3,2,10,22,04,014,21,24,19,224,26,29,29,127,47,31,30,266,24,8*71
$GBGSV,3,3,10,35,62,199,24,39,40,359,45,8*7B
$GNGLL,3001.74233,S,05112.74995,W,164151.00,A,D*79
$GNRMC,164152.00,A,3001.74232,S,05112.74995,W,0.014,,090926,,,F,V*1B
$GNVTG,,T,,M,0.014,N,0.027,K,D*38
$GNGGA,164152.00,3001.74232,S,05112.74995,W,5,12,0.71,49.7,M,4.8,M,2.0,0920*6B
$GNGSA,M,3,18,23,25,28,29,31,05,12,13,,,,1.29,0.71,1.07,1*0F
$GNGSA,M,3,80,82,79,84,,,,,,,,,1.29,0.71,1.07,2*04
$GNGSA,M,3,10,11,12,16,25,,,,,,,,1.29,0.71,1.07,3*07
$GNGSA,M,3,19,26,29,31,35,39,12,,,,,,1.29,0.71,1.07,4*08
$GPGSV,3,1,09,05,41,111,48,12,30,041,37,13,24,035,44,18,61,284,26,1*65
$GPGSV,3,2,09,23,15,355,41,25,65,026,53,26,18,223,21,29,58,168,28,1*67
$GPGSV,3,3,09,31,21,249,28,1*59
$GPGSV,3,1,09,05,41,111,44,12,30,041,30,13,24,035,37,18,61,284,20,6*6B
$GPGSV,3,2,09,23,15,355,39,25,65,026,48,28,28,282,23,29,58,168,25,6*6C
$GPGSV,3,3,09,31,21,249,21,6*57
$GPGSV,2,1,05,13,24,035,35,18,61,284,17,23,15,355,45,25,65,026,54,8*6F
$GPGSV,2,2,05,26,18,223,14,8*53
$GPGSV,1,1,02,15,04,050,,21,14,136,,0*60
$GLGSV,2,1,08,67,11,094,19,73,50,226,23,74,05,207,08,79,10,018,23,1*7D
$GLGSV,2,2,08,80,62,354,46,82,33,154,27,83,55,231,10,84,19,286,24,1*77
$GLGSV,2,1,07,67,11,094,19,73,50,226,23,79,10,018,21,80,62,354,44,3*77
$GLGSV,2,2,07,82,33,154,28,83,55,231,11,84,19,286,26,3*4A
$GLGSV,1,1,02,66,02,145,,68,02,047,,0*76
$GAGSV,2,1,07,10,44,144,37,11,74,156,21,12,21,140,23,14,24,097,30,1*7D
$GAGSV,2,2,07,16,46,052,44,25,80,189,19,36,51,311,08,1*4D
$GAGSV,1,1,02,10,44,144,35,16,46,052,49,5*7A
$GAGSV,2,1,05,10,44,144,36,11,74,156,29,12,21,140,21,16,46,052,47,7*7D
$GAGSV,2,2,05,25,80,189,19,7*41
$GAGSV,1,1,02,02,25,222,,34,02,317,,0*71
$GBGSV,2,1,05,12,19,090,21,19,19,063,20,24,19,224,21,29,29,127,43,3*7E
$GBGSV,2,2,05,39,40,359,48,3*4C
$GBGSV,2,1,08,12,19,090,29,19,19,063,17,20,14,109,20,24,19,224,13,5*76
$GBGSV,2,2,08,26,54,265,18,29,29,127,47,31,30,266,20,39,40,359,47,5*73
$GBGSV,3,1,11,11,09,118,13,12,19,090,16,19,19,063,26,20,14,109,15,8*71
$GBGSV,3,2,11,22,04,014,21,24,19,224,26,26,54,265,16,29,29,127,47,8*76
$GBGSV,3,3,11,31,30,266,23,35,62,199,24,39,40,359,45,8*48
$GNGLL,3001.74232,S,05112.74995,W,164152.00,A,D*7B
$GNRMC,164153.00,A,3001.74233,S,05112.74996,W,0.007,,090926,,,F,V*1A
$GNVTG,,T,,M,0.007,N,0.013,K,D*3D
$GNGGA,164153.00,3001.74233,S,05112.74996,W,5,12,0.71,49.7,M,4.8,M,2.0,0920*68
$GNGSA,M,3,18,23,25,28,29,31,05,12,13,,,,1.29,0.71,1.07,1*0F
$GNGSA,M,3,80,82,79,84,,,,,,,,,1.29,0.71,1.07,2*04
$GNGSA,M,3,10,11,12,16,25,,,,,,,,1.29,0.71,1.07,3*07
$GNGSA,M,3,19,26,29,31,35,39,12,,,,,,1.29,0.71,1.07,4*08
$GPGSV,3,1,09,05,41,111,48,12,30,041,37,13,24,035,44,18,61,284,25,1*66
$GPGSV,3,2,09,23,15,355,41,25,65,026,53,26,18,223,20,29,58,168,28,1*66
$GPGSV,3,3,09,31,21,249,28,1*59
$GPGSV,3,1,10,05,41,111,44,12,30,041,30,13,24,035,37,18,61,284,20,6*63
$GPGSV,3,2,10,23,15,355,39,25,65,026,48,26,18,223,16,28,28,282,23,6*63
$GPGSV,3,3,10,29,58,168,25,31,21,249,22,6*62
$GPGSV,2,1,05,13,24,035,35,18,61,284,18,23,15,355,45,25,65,026,54,8*60
$GPGSV,2,2,05,26,18,223,15,8*52
$GPGSV,1,1,02,15,04,050,,21,14,136,,0*60
$GLGSV,2,1,08,67,11,094,19,73,50,226,24,74,05,207,08,79,10,018,23,1*7A
$GLGSV,2,2,08,80,62,354,46,82,33,154,28,83,55,231,11,84,19,286,25,1*78
$GLGSV,2,1,07,67,11,094,19,73,50,226,24,79,10,018,21,80,62,354,44,3*70
$GLGSV,2,2,07,82,33,154,28,83,55,231,09,84,19,286,27,3*42
$GLGSV,1,1,02,66,02,145,,68,02,047,,0*76
$GAGSV,2,1,07,10,44,144,37,11,74,156,21,12,21,140,24,14,24,097,30,1*7A
$GAGSV,2,2,07,16,46,052,44,25,80,189,20,36,51,311,07,1*48
$GAGSV,1,1,02,10,44,144,35,16,46,052,49,5*7A
$GAGSV,2,1,05,10,44,144,36,11,74,156,29,12,21,140,21,16,46,052,47,7*7D
$GAGSV,2,2,05,25,80,189,18,7*40
$GAGSV,1,1,02,02,25,222,,34,02,317,,0*71
$GBGSV,2,1,05,12,19,090,20,19,19,063,20,24,19,224,21,29,29,127,43,3*7F
$GBGSV,2,2,05,39,40,359,48,3*4C
$GBGSV,2,1,08,12,19,090,29,19,19,063,17,20,14,109,20,24,19,224,12,5*77
$GBGSV,2,2,08,26,54,265,18,29,29,127,47,31,30,266,20,39,40,359,47,5*73
$GBGSV,3,1,11,11,09,118,16,12,19,090,16,19,19,063,26,20,14,109,15,8*74
$GBGSV,3,2,11,22,04,014,21,24,19,224,26,26,54,265,17,29,29,127,47,8*77
$GBGSV,3,3,11,31,30,266,23,35,62,199,24,39,40,359,45,8*48
$GNGLL,3001.74233,S,05112.74996,W,164153.00,A,D*78
$GNRMC,164154.00,A,3001.74232,S,05112.74996,W,0.072,,090926,,,F,V*1E
$GNVTG,,T,,M,0.072,N,0.134,K,D*3B
$GNGGA,164154.00,3001.74232,S,05112.74996,W,5,12,0.71,49.7,M,4.8,M,2.0,0920*6E
$GNGSA,M,3,18,23,25,28,29,31,05,12,13,,,,1.29,0.71,1.07,1*0F
$GNGSA,M,3,80,82,79,84,,,,,,,,,1.29,0.71,1.07,2*04
$GNGSA,M,3,10,11,12,16,25,,,,,,,,1.29,0.71,1.07,3*07
$GNGSA,M,3,19,26,29,31,35,39,12,,,,,,1.29,0.71,1.07,4*08
$GPGSV,3,1,09,05,41,111,48,12,30,041,37,13,24,035,44,18,61,284,25,1*66
$GPGSV,3,2,09,23,15,355,41,25,65,026,53,26,18,223,20,29,58,168,28,1*66
$GPGSV,3,3,09,31,21,249,28,1*59
$GPGSV,3,1,10,05,41,111,44,12,30,041,30,13,24,035,37,18,61,284,19,6*69
$GPGSV,3,2,10,23,15,355,39,25,65,026,48,26,18,223,15,28,28,282,22,6*61
$GPGSV,3,3,10,29,58,168,26,31,21,249,22,6*61
$GPGSV,2,1,05,13,24,035,35,18,61,284,16,23,15,355,45,25,65,026,54,8*6E
$GPGSV,2,2,05,26,18,223,15,8*52
$GPGSV,1,1,02,15,04,050,,21,14,136,,0*60
$GLGSV,2,1,08,67,11,094,19,73,50,226,25,74,05,207,08,79,10,018,23,1*7B
$GLGSV,2,2,08,80,62,354,46,82,33,154,28,83,55,231,07,84,19,286,25,1*7F
$GLGSV,2,1,07,67,11,094,19,73,50,226,24,79,10,018,21,80,62,354,44,3*70
$GLGSV,2,2,07,82,33,154,28,83,55,231,10,84,19,286,27,3*4A
$GLGSV,1,1,02,66,02,145,,68,02,047,,0*76
$GAGSV,2,1,07,10,44,144,37,11,74,156,21,12,21,140,23,14,24,097,30,1*7D
$GAGSV,2,2,07,16,46,052,44,25,80,189,20,36,51,311,07,1*48
$GAGSV,1,1,02,10,44,144,35,16,46,052,49,5*7A
$GAGSV,2,1,05,10,44,144,36,11,74,156,29,12,21,140,21,16,46,052,47,7*7D
$GAGSV,2,2,05,25,80,189,19,7*41
$GAGSV,1,1,02,02,25,222,,34,02,317,,0*71
$GBGSV,2,1,05,12,19,090,19,19,19,063,19,24,19,224,21,29,29,127,43,3*7F
$GBGSV,2,2,05,39,40,359,48,3*4C
$GBGSV,2,1,08,12,19,090,29,19,19,063,17,20,14,109,20,24,19,224,13,5*76
$GBGSV,2,2,08,26,54,265,19,29,29,127,47,31,30,266,20,39,40,359,47,5*72
$GBGSV,3,1,11,11,09,118,17,12,19,090,16,19,19,063,26,20,14,109,16,8*76
$GBGSV,3,2,11,22,04,014,20,24,19,224,26,26,54,265,17,29,29,127,47,8*76
$GBGSV,3,3,11,31,30,266,23,35,62,199,24,39,40,359,45,8*48
$GNGLL,3001.74232,S,05112.74996,W,164154.00,A,D*7E
$GNRMC,164155.00,A,3001.74233,S,05112.74996,W,0.015,,090926,,,F,V*1F
$GNVTG,,T,,M,0.015,N,0.029,K,D*37
$GNGGA,164155.00,3001.74233,S,05112.74996,W,5,12,0.71,49.7,M,4.8,M,2.0,0920*6E
$GNGSA,M,3,18,23,25,28,29,31,05,12,13,,,,1.29,0.71,1.07,1*0F
$GNGSA,M,3,80,82,79,84,,,,,,,,,1.29,0.71,1.07,2*04
$GNGSA,M,3,10,11,12,16,25,,,,,,,,1.29,0.71,1.07,3*07
$GNGSA,M,3,19,26,29,35,39,12,,,,,,,1.29,0.71,1.07,4*0A
$GPGSV,3,1,09,05,41,111,48,12,30,041,37,13,24,035,44,18,61,284,25,1*66
$GPGSV,3,2,09,23,15,355,41,25,65,026,53,26,18,223,18,29,58,168,28,1*6D
$GPGSV,3,3,09,31,21,249,28,1*59
$GPGSV,3,1,10,05,41,111,44,12,30,041,29,13,24,035,37,18,61,284,20,6*6B
$GPGSV,3,2,10,23,15,355,39,25,65,026,48,26,18,223,15,28,28,282,22,6*61
$GPGSV,3,3,10,29,58,168,25,31,21,249,22,6*62
$GPGSV,2,1,05,13,24,035,35,18,61,284,16,23,15,355,45,25,65,026,54,8*6E
$GPGSV,2,2,05,26,18,223,15,8*52
$GPGSV,1,1,02,15,04,050,,21,14,136,,0*60
$GLGSV,2,1,07,67,11,094,19,73,50,226,24,74,05,207,08,79,10,018,23,1*75
$GLGSV,2,2,07,80,62,354,46,82,33,154,28,84,19,286,25,1*4C
$GLGSV,2,1,06,67,11,094,19,73,50,226,23,79,10,018,21,80,62,354,44,3*76
$GLGSV,2,2,06,82,33,154,27,84,19,286,27,3*7E
$GLGSV,1,1,03,66,02,145,,68,02,047,,83,55,231,,0*4C
$GAGSV,2,1,06,10,44,144,37,11,74,156,21,12,21,140,23,14,24,097,30,1*7C
$GAGSV,2,2,06,16,46,052,44,25,80,189,20,1*7C
$GAGSV,1,1,02,10,44,144,35,16,46,052,49,5*7A
$GAGSV,2,1,05,10,44,144,36,11,74,156,29,12,21,140,21,16,46,052,47,7*7D
$GAGSV,2,2,05,25,80,189,18,7*40
$GAGSV,1,1,03,02,25,222,,34,02,317,,36,51,311,,0*42
$GBGSV,2,1,05,12,19,090,18,19,19,063,19,24,19,224,21,29,29,127,43,3*7E
$GBGSV,2,2,05,39,40,359,48,3*4C
$GBGSV,2,1,08,12,19,090,29,19,19,063,16,20,14,109,20,24,19,224,12,5*76
$GBGSV,2,2,08,26,54,265,19,29,29,127,47,31,30,266,21,39,40,359,47,5*73
$GBGSV,3,1,11,11,09,118,17,12,19,090,16,19,19,063,26,20,14,109,17,8*77
$GBGSV,3,2,11,22,04,014,20,24,19,224,25,26,54,265,17,29,29,127,47,8*75
$GBGSV,3,3,11,31,30,266,22,35,62,199,23,39,40,359,45,8*4E
$GNGLL,3001.74233,S,05112.74996,W,164155.00,A,D*7E
$GNRMC,164156.00,A,3001.74233,S,05112.74996,W,0.036,,090926,,,F,V*1D
$GNVTG,,T,,M,0.036,N,0.067,K,D*3C
$GNGGA,164156.00,3001.74233,S,05112.74996,W,5,12,0.68,49.7,M,4.8,M,2.0,0920*65
$GNGSA,M,3,18,23,25,28,29,31,05,12,13,,,,1.27,0.68,1.07,1*09
$GNGSA,M,3,80,82,79,84,,,,,,,,,1.27,0.68,1.07,2*02
$GNGSA,M,3,10,11,12,16,25,,,,,,,,1.27,0.68,1.07,3*01
$GNGSA,M,3,19,26,29,31,35,39,12,,,,,,1.27,0.68,1.07,4*0E
$GPGSV,3,1,09,05,41,111,48,12,30,041,37,13,24,035,43,18,61,284,25,1*61
$GPGSV,3,2,09,23,15,355,41,25,65,026,53,26,18,223,19,29,58,168,28,1*6C
$GPGSV,3,3,09,31,21,249,27,1*56
$GPGSV,3,1,10,05,41,111,44,12,30,041,30,13,24,035,37,18,61,284,21,6*62
$GPGSV,3,2,10,23,15,355,39,25,65,026,48,26,18,223,14,28,28,282,22,6*60
$GPGSV,3,3,10,29,58,168,25,31,21,249,22,6*62
$GPGSV,2,1,05,13,24,035,35,18,61,284,16,23,15,355,45,25,65,026,54,8*6E
$GPGSV,2,2,05,26,18,223,13,8*54
$GPGSV,1,1,02,15,04,050,,21,14,136,,0*60
$GLGSV,2,1,07,67,11,094,20,73,50,226,24,74,05,207,08,79,10,018,23,1*7F
$GLGSV,2,2,07,80,62,354,46,82,33,154,28,84,19,286,25,1*4C
$GLGSV,2,1,06,67,11,094,19,73,50,226,23,79,10,018,21,80,62,354,44,3*76
$GLGSV,2,2,06,82,33,154,28,84,19,286,27,3*71
$GLGSV,1,1,03,66,02,145,,68,02,047,,83,55,231,,0*4C
$GAGSV,2,1,06,10,44,144,37,11,74,156,21,12,21,140,23,14,24,097,30,1*7C
$GAGSV,2,2,06,16,46,052,44,25,80,189,20,1*7C
$GAGSV,1,1,02,10,44,144,35,16,46,052,49,5*7A
$GAGSV,2,1,05,10,44,144,36,11,74,156,29,12,21,140,20,16,46,052,47,7*7C
$GAGSV,2,2,05,25,80,189,18,7*40
$GAGSV,1,1,03,02,25,222,,34,02,317,,36,51,311,,0*42
$GBGSV,2,1,05,12,19,090,17,19,19,063,17,24,19,224,22,29,29,127,43,3*7C
$GBGSV,2,2,05,39,40,359,48,3*4C
$GBGSV,2,1,08,12,19,090,29,19,19,063,16,20,14,109,21,24,19,224,13,5*76
$GBGSV,2,2,08,26,54,265,19,29,29,127,47,31,30,266,21,39,40,359,47,5*73
$GBGSV,3,1,11,11,09,118,17,12,19,090,16,19,19,063,26,20,14,109,17,8*77
$GBGSV,3,2,11,22,04,014,21,24,19,224,25,26,54,265,17,29,29,127,47,8*74
$GBGSV,3,3,11,31,30,266,21,35,62,199,24,39,40,359,45,8*4A
$GNGLL,3001.74233,S,05112.74996,W,164156.00,A,D*7D
$GNRMC,164157.00,A,3001.74233,S,05112.74996,W,0.013,,090926,,,F,V*1B
$GNVTG,,T,,M,0.013,N,0.025,K,D*3D
$GNGGA,164157.00,3001.74233,S,05112.74996,W,5,12,0.68,49.7,M,4.8,M,2.0,0920*64
$GNGSA,M,3,18,23,25,28,29,31,05,12,13,,,,1.27,0.68,1.07,1*09
$GNGSA,M,3,80,82,79,84,,,,,,,,,1.27,0.68,1.07,2*02
$GNGSA,M,3,10,11,12,16,25,,,,,,,,1.27,0.68,1.07,3*01
$GNGSA,M,3,19,26,29,35,39,12,,,,,,,1.27,0.68,1.07,4*0C
$GPGSV,3,1,09,05,41,111,48,12,30,041,37,13,24,035,43,18,61,284,25,1*61
$GPGSV,3,2,09,23,15,355,41,25,65,026,53,26,18,223,19,29,58,168,28,1*6C
$GPGSV,3,3,09,31,21,249,27,1*56
$GPGSV,3,1,10,05,41,111,44,12,30,041,29,13,24,035,37,18,61,284,21,6*6A
$GPGSV,3,2,10,23,15,355,39,25,65,026,48,26,18,223,15,28,28,282,22,6*61
$GPGSV,3,3,10,29,58,168,25,31,21,249,21,6*61
$GPGSV,2,1,05,13,24,035,35,18,61,284,16,23,15,355,45,25,65,026,54,8*6E
$GPGSV,2,2,05,26,18,223,12,8*55
$GPGSV,1,1,02,15,04,050,,21,14,136,,0*60
$GLGSV,2,1,07,67,11,094,19,73,50,226,24,74,05,207,08,79,10,018,22,1*74
$GLGSV,2,2,07,80,62,354,46,82,33,154,28,84,19,286,25,1*4C
$GLGSV,2,1,06,67,11,094,19,73,50,226,24,79,10,018,21,80,62,354,44,3*71
$GLGSV,2,2,06,82,33,154,28,84,19,286,27,3*71
$GLGSV,1,1,03,66,02,145,,68,02,047,,83,55,231,,0*4C
$GAGSV,2,1,06,10,44,144,37,11,74,156,21,12,21,140,23,14,24,097,30,1*7C
$GAGSV,2,2,06,16,46,052,44,25,80,189,20,1*7C
$GAGSV,1,1,02,10,44,144,35,16,46,052,49,5*7A
$GAGSV,2,1,05,10,44,144,36,11,74,156,29,12,21,140,20,16,46,052,47,7*7C
$GAGSV,2,2,05,25,80,189,17,7*4F
$GAGSV,1,1,03,02,25,222,,34,02,317,,36,51,311,,0*42
$GBGSV,2,1,05,12,19,090,17,19,19,063,18,24,19,224,22,29,29,127,43,3*73
$GBGSV,2,2,05,39,40,359,48,3*4C
$GBGSV,2,1,08,12,19,090,29,19,19,063,16,20,14,109,21,24,19,224,14,5*71
$GBGSV,2,2,08,26,54,265,19,29,29,127,47,31,30,266,21,39,40,359,47,5*73
$GBGSV,3,1,11,11,09,118,17,12,19,090,17,19,19,063,26,20,14,109,18,8*79
$GBGSV,3,2,11,22,04,014,21,24,19,224,24,26,54,265,17,29,29,127,47,8*75
$GBGSV,3,3,11,31,30,266,21,35,62,199,24,39,40,359,45,8*4A
$GNGLL,3001.74233,S,05112.74996,W,164157.00,A,D*7C
$GNRMC,164158.00,A,3001.74233,S,05112.74996,W,0.018,,090926,,,F,V*1F
$GNVTG,,T,,M,0.018,N,0.033,K,D*31
$GNGGA,164158.00,3001.74233,S,05112.74996,W,5,12,0.68,49.7,M,4.8,M,2.0,0920*6B
$GNGSA,M,3,18,23,25,28,29,31,05,12,13,,,,1.27,0.68,1.07,1*09
$GNGSA,M,3,80,82,79,84,,,,,,,,,1.27,0.68,1.07,2*02
$GNGSA,M,3,10,11,12,16,25,,,,,,,,1.27,0.68,1.07,3*01
$GNGSA,M,3,19,26,29,31,35,39,12,,,,,,1.27,0.68,1.07,4*0E
$GPGSV,3,1,09,05,41,113,48,12,30,041,37,13,24,035,43,18,61,284,25,1*63
$GPGSV,3,2,09,23,15,355,41,25,65,026,53,26,18,223,19,29,58,168,29,1*6D
$GPGSV,3,3,09,31,21,249,27,1*56
$GPGSV,3,1,10,05,41,113,44,12,30,041,30,13,24,035,37,18,61,284,21,6*60
$GPGSV,3,2,10,23,15,355,39,25,65,026,48,26,18,223,13,28,28,282,21,6*64
$GPGSV,3,3,10,29,58,168,25,31,21,249,21,6*61
$GPGSV,1,1,04,13,24,035,35,18,61,284,15,23,15,355,45,25,65,026,54,8*6F
$GPGSV,1,1,02,15,04,050,,21,14,136,,0*60
$GLGSV,2,1,07,67,11,094,19,73,50,226,23,74,05,207,10,79,10,018,23,1*7B
$GLGSV,2,2,07,80,62,354,46,82,33,154,28,84,19,286,25,1*4C
$GLGSV,2,1,06,67,11,094,18,73,50,226,24,79,10,018,21,80,62,354,44,3*70
$GLGSV,2,2,06,82,33,154,28,84,19,286,27,3*71
$GLGSV,1,1,03,66,02,145,,68,02,047,,83,55,231,,0*4C
$GAGSV,2,1,06,10,44,144,37,11,74,156,21,12,21,140,23,14,24,097,29,1*74
$GAGSV,2,2,06,16,46,052,44,25,80,189,20,1*7C
$GAGSV,1,1,02,10,44,144,35,16,46,052,49,5*7A
$GAGSV,2,1,05,10,44,144,36,11,74,156,29,12,21,140,20,16,46,052,47,7*7C
$GAGSV,2,2,05,25,80,189,18,7*40
$GAGSV,1,1,03,02,25,222,,34,02,317,,36,51,311,,0*42
$GBGSV,2,1,05,12,19,090,16,19,19,063,16,24,19,224,22,29,29,127,43,3*7C
$GBGSV,2,2,05,39,40,359,48,3*4C
$GBGSV,2,1,08,12,19,090,29,19,19,063,15,20,14,109,21,24,19,224,15,5*73
$GBGSV,2,2,08,26,54,265,19,29,29,127,47,31,30,266,21,39,40,359,47,5*73
$GBGSV,3,1,11,11,09,118,17,12,19,090,18,19,19,063,26,20,14,109,16,8*78
$GBGSV,3,2,11,22,04,014,21,24,19,224,23,26,54,265,17,29,29,127,47,8*72
$GBGSV,3,3,11,31,30,266,20,35,62,199,24,39,40,359,45,8*4B
$GNGLL,3001.74233,S,05112.74996,W,164158.00,A,D*73
$GNRMC,164159.00,A,3001.74232,S,05112.74996,W,0.017,,090926,,,F,V*10
$GNVTG,,T,,M,0.017,N,0.031,K,D*3C
$GNGGA,164159.00,3001.74232,S,05112.74996,W,5,12,0.70,49.7,M,4.8,M,2.0,0920*62
$GNGSA,M,3,18,23,25,28,29,31,05,12,13,,,,1.29,0.70,1.08,1*01
$GNGSA,M,3,80,82,79,84,,,,,,,,,1.29,0.70,1.08,2*0A
$GNGSA,M,3,10,11,12,16,25,,,,,,,,1.29,0.70,1.08,3*09
$GNGSA,M,3,19,26,29,35,39,12,,,,,,,1.29,0.70,1.08,4*04
$GPGSV,3,1,09,05,41,113,48,12,30,041,37,13,24,035,43,18,61,284,25,1*63
$GPGSV,3,2,09,23,15,355,41,25,65,026,53,26,18,223,19,29,58,168,29,1*6D
$GPGSV,3,3,09,31,21,249,27,1*56
$GPGSV,3,1,10,05,41,113,44,12,30,041,29,13,24,035,37,18,61,284,22,6*6B
$GPGSV,3,2,10,23,15,355,39,25,65,026,48,26,18,223,13,28,28,282,20,6*65
$GPGSV,3,3,10,29,58,168,25,31,21,249,20,6*60
$GPGSV,1,1,04,13,24,035,35,18,61,284,15,23,15,355,45,25,65,026,54,8*6F
$GPGSV,1,1,02,15,04,050,,21,14,136,,0*60
$GLGSV,2,1,07,67,11,094,19,73,50,226,22,74,05,207,11,79,10,018,22,1*7A
$GLGSV,2,2,07,80,62,354,46,82,33,154,28,84,19,286,25,1*4C
$GLGSV,2,1,06,67,11,094,18,73,50,226,25,79,10,018,20,80,62,354,44,3*70
$GLGSV,2,2,06,82,33,154,27,84,19,286,27,3*7E
$GLGSV,1,1,03,66,02,145,,68,02,047,,83,55,231,,0*4C
$GAGSV,2,1,06,10,44,144,37,11,74,156,21,12,21,140,24,14,24,097,29,1*73
$GAGSV,2,2,06,16,46,052,44,25,80,189,19,1*76
$GAGSV,1,1,02,10,44,144,35,16,46,052,49,5*7A
$GAGSV,2,1,05,10,44,144,36,11,74,156,29,12,21,140,20,16,46,052,47,7*7C
$GAGSV,2,2,05,25,80,189,17,7*4F
$GAGSV,1,1,03,02,25,222,,34,02,317,,36,51,311,,0*42
$GBGSV,2,1,05,12,19,090,15,19,19,063,12,24,19,224,21,29,29,127,43,3*78
$GBGSV,2,2,05,39,40,359,48,3*4C
$GBGSV,2,1,08,12,19,090,29,19,19,063,14,20,14,109,20,24,19,224,14,5*72
$GBGSV,2,2,08,26,54,265,20,29,29,127,47,31,30,266,21,39,40,359,47,5*79
$GBGSV,3,1,11,11,09,118,16,12,19,090,18,19,19,063,26,20,14,109,16,8*79
$GBGSV,3,2,11,22,04,014,21,24,19,224,22,26,54,265,17,29,29,127,47,8*73
$GBGSV,3,3,11,31,30,266,20,35,62,199,23,39,40,359,45,8*4C
$GNGLL,3001.74232,S,05112.74996,W,164159.00,A,D*73
$GNRMC,164200.00,A,3001.74233,S,05112.74997,W,0.004,,090926,,,F,V*1D
$GNVTG,,T,,M,0.004,N,0.007,K,D*3B
$GNGGA,164200.00,3001.74233,S,05112.74997,W,5,12,0.68,49.7,M,4.8,M,2.0,0920*64
$GNGSA,M,3,18,23,25,28,29,31,05,12,13,,,,1.27,0.68,1.07,1*09
$GNGSA,M,3,80,82,79,84,,,,,,,,,1.27,0.68,1.07,2*02
$GNGSA,M,3,10,11,12,16,25,,,,,,,,1.27,0.68,1.07,3*01
$GNGSA,M,3,19,26,29,31,35,39,12,,,,,,1.27,0.68,1.07,4*0E
$GPGSV,2,1,08,05,41,113,48,12,30,041,37,13,24,035,43,23,15,355,41,1*67
$GPGSV,2,2,08,25,65,026,53,26,18,223,18,29,58,168,29,31,21,249,27,1*64
$GPGSV,3,1,10,05,41,113,44,12,30,041,29,13,24,035,37,18,61,284,22,6*6B
$GPGSV,3,2,10,23,15,355,39,25,65,026,48,26,18,223,14,28,28,282,20,6*62
$GPGSV,3,3,10,29,58,168,25,31,21,249,20,6*60
$GPGSV,1,1,04,13,24,035,35,18,61,284,14,23,15,355,45,25,65,026,54,8*6E
$GPGSV,1,1,02,15,04,050,,21,14,136,,0*60
$GLGSV,2,1,07,67,11,094,19,73,50,226,21,74,05,207,09,79,10,018,23,1*71
$GLGSV,2,2,07,80,62,354,46,82,33,154,28,84,19,286,24,1*4D
$GLGSV,2,1,06,67,11,094,17,73,50,226,24,79,10,018,20,80,62,354,44,3*7E
$GLGSV,2,2,06,82,33,154,27,84,19,286,27,3*7E
$GLGSV,1,1,03,66,02,145,,68,02,047,,83,55,231,,0*4C
$GAGSV,2,1,06,10,44,144,37,11,74,156,22,12,21,140,24,14,24,097,29,1*70
$GAGSV,2,2,06,16,46,052,44,25,80,189,19,1*76
$GAGSV,1,1,02,10,44,144,35,16,46,052,49,5*7A
$GAGSV,2,1,05,10,44,144,36,11,74,156,29,12,21,140,20,16,46,052,47,7*7C
$GAGSV,2,2,05,25,80,189,17,7*4F
$GAGSV,1,1,03,02,25,222,,34,02,317,,36,51,311,,0*42
$GBGSV,2,1,06,12,19,090,15,19,19,063,10,24,19,224,21,29,29,127,43,3*79
$GBGSV,2,2,06,35,62,199,24,39,40,359,48,3*7A
$GBGSV,3,1,09,12,19,090,29,19,19,063,15,20,14,109,20,24,19,224,14,5*73
$GBGSV,3,2,09,26,54,265,20,29,29,127,47,31,30,266,21,35,62,199,14,5*7D
$GBGSV,3,3,09,39,40,359,47,5*49
$GBGSV,3,1,11,11,09,118,16,12,19,090,18,19,19,063,26,20,14,109,17,8*78
$GBGSV,3,2,11,22,04,014,22,24,19,224,22,26,54,265,18,29,29,127,47,8*7F
$GBGSV,3,3,11,31,30,266,20,35,62,199,23,39,40,359,45,8*4C
$GNGLL,3001.74233,S,05112.74997,W,164200.00,A,D*7C
$GNRMC,164201.00,A,3001.74233,S,05112.74997,W,0.023,,090926,,,F,V*19
$GNVTG,,T,,M,0.023,N,0.042,K,D*3F
$GNGGA,164201.00,3001.74233,S,05112.74997,W,5,12,0.68,49.7,M,4.8,M,2.0,0920*65
$GNGSA,M,3,18,23,25,28,29,31,05,12,13,,,,1.27,0.68,1.07,1*09
$GNGSA,M,3,80,82,79,84,,,,,,,,,1.27,0.68,1.07,2*02
$GNGSA,M,3,10,11,12,16,25,,,,,,,,1.27,0.68,1.07,3*01
$GNGSA,M,3,19,26,29,31,35,39,12,,,,,,1.27,0.68,1.07,4*0E
$GPGSV,2,1,08,05,41,113,48,12,30,041,37,13,24,035,43,23,15,355,41,1*67
$GPGSV,2,2,08,25,65,026,53,26,18,223,17,29,58,168,29,31,21,249,27,1*6B
$GPGSV,3,1,10,05,41,113,44,12,30,041,29,13,24,035,37,18,61,284,22,6*6B
$GPGSV,3,2,10,23,15,355,39,25,65,026,48,26,18,223,14,28,28,282,18,6*69
$GPGSV,3,3,10,29,58,168,25,31,21,249,19,6*6A
$GPGSV,2,1,05,13,24,035,35,18,61,284,14,23,15,355,45,25,65,026,54,8*6C
$GPGSV,2,2,05,26,18,223,17,8*50
$GPGSV,1,1,02,15,04,050,,21,14,136,,0*60
$GLGSV,2,1,07,67,11,094,19,73,50,226,20,74,05,207,08,79,10,018,23,1*71
$GLGSV,2,2,07,80,62,354,46,82,33,154,28,84,19,286,23,1*4A
$GLGSV,2,1,06,67,11,094,17,73,50,226,25,79,10,018,20,80,62,354,44,3*7F
$GLGSV,2,2,06,82,33,154,27,84,19,286,27,3*7E
$GLGSV,1,1,03,66,02,145,,68,02,047,,83,55,231,,0*4C
$GAGSV,2,1,06,10,44,144,37,11,74,156,21,12,21,140,24,14,24,097,29,1*73
$GAGSV,2,2,06,16,46,052,44,25,80,189,19,1*76
$GAGSV,1,1,02,10,44,144,35,16,46,052,49,5*7A
$GAGSV,2,1,05,10,44,144,36,11,74,156,29,12,21,140,20,16,46,052,47,7*7C
$GAGSV,2,2,05,25,80,189,16,7*4E
$GAGSV,1,1,03,02,25,222,,34,02,317,,36,51,311,,0*42
$GBGSV,2,1,06,12,19,090,14,19,19,063,07,24,19,224,21,29,29,127,43,3*7E
$GBGSV,2,2,06,35,62,199,23,39,40,359,48,3*7D
$GBGSV,3,1,09,12,19,090,29,19,19,063,15,20,14,109,20,24,19,224,10,5*77
$GBGSV,3,2,09,26,54,265,19,29,29,127,47,31,30,266,21,35,62,199,14,5*77
$GBGSV,3,3,09,39,40,359,47,5*49
$GBGSV,3,1,11,11,09,118,16,12,19,090,18,19,19,063,26,20,14,109,17,8*78
$GBGSV,3,2,11,22,04,014,22,24,19,224,21,26,54,265,18,29,29,127,47,8*7C
$GBGSV,3,3,11,31,30,266,21,35,62,199,23,39,40,359,45,8*4D
$GNGLL,3001.74233,S,05112.74997,W,164201.00,A,D*7D
$GNRMC,164202.00,A,3001.74233,S,05112.74997,W,0.008,,090926,,,F,V*13
$GNVTG,,T,,M,0.008,N,0.014,K,D*35
$GNGGA,164202.00,3001.74233,S,05112.74997,W,5,12,0.68,49.7,M,4.8,M,2.0,0920*66
$GNGSA,M,3,18,23,25,28,29,31,05,12,13,,,,1.27,0.68,1.07,1*09
$GNGSA,M,3,80,82,79,84,,,,,,,,,1.27,0.68,1.07,2*02
$GNGSA,M,3,10,11,12,16,25,,,,,,,,1.27,0.68,1.07,3*01
$GNGSA,M,3,19,26,29,31,35,39,12,,,,,,1.27,0.68,1.07,4*0E
$GPGSV,2,1,08,05,41,113,48,12,30,041,37,13,24,035,43,23,15,355,41,1*67
$GPGSV,2,2,08,25,65,026,53,26,18,223,17,29,58,168,29,31,21,249,27,1*6B
$GPGSV,3,1,10,05,41,113,44,12,30,041,29,13,24,035,37,18,61,284,22,6*6B
$GPGSV,3,2,10,23,15,355,39,25,65,026,48,26,18,223,12,28,28,282,18,6*6F
$GPGSV,3,3,10,29,58,168,25,31,21,249,20,6*60
$GPGSV,2,1,05,13,24,035,35,18,61,284,14,23,15,355,45,25,65,026,54,8*6C
$GPGSV,2,2,05,26,18,223,16,8*51
$GPGSV,1,1,02,15,04,050,,21,14,136,,0*60
$GLGSV,2,1,07,67,11,094,19,73,50,226,20,74,05,207,07,79,10,018,23,1*7E
$GLGSV,2,2,07,80,62,354,46,82,33,154,27,84,19,286,23,1*45
$GLGSV,2,1,06,67,11,094,16,73,50,226,25,79,10,018,20,80,62,354,44,3*7E
$GLGSV,2,2,06,82,33,154,27,84,19,286,27,3*7E
$GLGSV,1,1,03,66,02,145,,68,02,047,,83,55,231,,0*4C
$GAGSV,2,1,06,10,44,144,37,11,74,156,21,12,21,140,24,14,24,097,29,1*73
$GAGSV,2,2,06,16,46,052,44,25,80,189,20,1*7C
$GAGSV,1,1,02,10,44,144,35,16,46,052,49,5*7A
$GAGSV,2,1,05,10,44,144,36,11,74,156,29,12,21,140,21,16,46,052,47,7*7D
$GAGSV,2,2,05,25,80,189,16,7*4E
$GAGSV,1,1,03,02,25,222,,34,02,317,,36,51,311,,0*42
$GBGSV,2,1,07,12,19,090,14,19,19,063,11,22,04,014,23,24,19,224,20,3*7A
$GBGSV,2,2,07,29,29,127,43,35,62,199,23,39,40,359,48,3*4F
$GBGSV,3,1,09,12,19,090,29,19,19,063,16,20,14,109,20,24,19,224,09,5*7C
$GBGSV,3,2,09,26,54,265,19,29,29,127,47,31,30,266,21,35,62,199,15,5*76
$GBGSV,3,3,09,39,40,359,47,5*49
$GBGSV,3,1,11,11,09,118,16,12,19,090,18,19,19,063,26,20,14,109,18,8*77
$GBGSV,3,2,11,22,04,014,22,24,19,224,20,26,54,265,18,29,29,127,48,8*72
$GBGSV,3,3,11,31,30,266,21,35,62,199,23,39,40,359,45,8*4D
$GNGLL,3001.74233,S,05112.74997,W,164202.00,A,D*7E
$GNRMC,164203.00,A,3001.74233,S,05112.74997,W,0.030,,090926,,,F,V*19
$GNVTG,,T,,M,0.030,N,0.055,K,D*3B
$GNGGA,164203.00,3001.74233,S,05112.74997,W,5,12,0.70,49.7,M,4.8,M,2.0,0920*6E
$GNGSA,M,3,18,23,25,28,29,31,05,12,13,,,,1.29,0.70,1.08,1*01
$GNGSA,M,3,80,82,79,84,,,,,,,,,1.29,0.70,1.08,2*0A
$GNGSA,M,3,10,11,12,16,25,,,,,,,,1.29,0.70,1.08,3*09
$GNGSA,M,3,19,26,29,35,39,12,,,,,,,1.29,0.70,1.08,4*04
$GPGSV,2,1,08,05,41,113,48,12,30,041,37,13,24,035,43,23,15,355,41,1*67
$GPGSV,2,2,08,25,65,026,53,26,18,223,16,29,58,168,29,31,21,249,26,1*6B
$GPGSV,3,1,10,05,41,113,44,12,30,041,29,13,24,035,37,18,61,284,22,6*6B
$GPGSV,3,2,10,23,15,355,39,25,65,026,48,26,18,223,14,28,28,282,17,6*66
$GPGSV,3,3,10,29,58,168,24,31,21,249,19,6*6B
$GPGSV,2,1,05,13,24,035,35,18,61,284,14,23,15,355,45,25,65,026,54,8*6C
$GPGSV,2,2,05,26,18,223,16,8*51
$GPGSV,1,1,02,15,04,050,,21,14,136,,0*60
$GLGSV,2,1,07,67,11,094,19,73,50,226,20,74,05,207,08,79,10,018,22,1*70
$GLGSV,2,2,07,80,62,354,46,82,33,154,27,84,19,286,22,1*44
$GLGSV,2,1,06,67,11,094,16,73,50,226,25,79,10,018,20,80,62,354,44,3*7E
$GLGSV,2,2,06,82,33,154,27,84,19,286,27,3*7E
$GLGSV,1,1,03,66,02,145,,68,02,047,,83,55,231,,0*4C
$GAGSV,2,1,06,10,44,144,37,11,74,156,21,12,21,140,23,14,24,097,29,1*74
$GAGSV,2,2,06,16,46,052,44,25,80,189,19,1*76
$GAGSV,1,1,02,10,44,144,35,16,46,052,49,5*7A
$GAGSV,2,1,05,10,44,144,36,11,74,156,29,12,21,140,21,16,46,052,47,7*7D
$GAGSV,2,2,05,25,80,189,17,7*4F
$GAGSV,1,1,03,02,25,222,,34,02,317,,36,51,311,,0*42
$GBGSV,2,1,07,12,19,090,13,19,19,063,08,22,04,014,22,24,19,224,20,3*74
$GBGSV,2,2,07,29,29,127,43,35,62,199,23,39,40,359,48,3*4F
$GBGSV,2,1,08,12,19,090,29,19,19,063,15,20,14,109,21,26,54,265,18,5*70
$GBGSV,2,2,08,29,29,127,47,31,30,266,21,35,62,199,15,39,40,359,47,5*78
$GBGSV,3,1,11,11,09,118,16,12,19,090,18,19,19,063,26,20,14,109,18,8*77
$GBGSV,3,2,11,22,04,014,22,24,19,224,21,26,54,265,17,29,29,127,48,8*7C
$GBGSV,3,3,11,31,30,266,20,35,62,199,23,39,40,359,45,8*4C
$GNGLL,3001.74233,S,05112.74997,W,164203.00,A,D*7F
$GNRMC,164204.00,A,3001.74233,S,05112.74997,W,0.004,,090926,,,F,V*19
$GNVTG,,T,,M,0.004,N,0.008,K,D*34
$GNGGA,164204.00,3001.74233,S,05112.74997,W,5,12,0.70,49.7,M,4.8,M,2.0,0920*69
$GNGSA,M,3,18,23,25,28,29,31,05,12,13,,,,1.29,0.70,1.08,1*01
$GNGSA,M,3,80,82,79,84,,,,,,,,,1.29,0.70,1.08,2*0A
$GNGSA,M,3,10,11,12,16,25,,,,,,,,1.29,0.70,1.08,3*09
$GNGSA,M,3,19,26,29,31,35,39,12,,,,,,1.29,0.70,1.08,4*06
$GPGSV,2,1,08,05,41,113,48,12,30,041,37,13,24,035,43,23,15,355,41,1*67
$GPGSV,2,2,08,25,65,026,53,26,18,223,16,29,58,168,29,31,21,249,26,1*6B
$GPGSV,3,1,10,05,41,113,44,12,30,041,29,13,24,035,37,18,61,284,23,6*6A
$GPGSV,3,2,10,23,15,355,39,25,65,026,48,26,18,223,15,28,28,282,16,6*66
$GPGSV,3,3,10,29,58,168,23,31,21,249,19,6*6C
$GPGSV,2,1,05,13,24,035,35,18,61,284,13,23,15,355,45,25,65,026,54,8*6B
$GPGSV,2,2,05,26,18,223,15,8*52
$GPGSV,1,1,02,15,04,050,,21,14,136,,0*60
$GLGSV,2,1,07,67,11,094,19,73,50,226,20,74,05,207,08,79,10,018,23,1*71
$GLGSV,2,2,07,80,62,354,46,82,33,154,27,84,19,286,22,1*44
$GLGSV,2,1,06,67,11,094,16,73,50,226,24,79,10,018,19,80,62,354,44,3*75
$GLGSV,2,2,06,82,33,154,27,84,19,286,26,3*7F
$GLGSV,1,1,03,66,02,145,,68,02,047,,83,55,231,,0*4C
$GAGSV,2,1,06,10,44,144,37,11,74,156,21,12,21,140,23,14,24,096,29,1*75
$GAGSV,2,2,06,16,46,052,44,25,80,189,20,1*7C
$GAGSV,1,1,02,10,44,144,35,16,46,052,49,5*7A
$GAGSV,2,1,05,10,44,144,36,11,74,156,29,12,21,140,21,16,46,052,47,7*7D
$GAGSV,2,2,05,25,80,189,17,7*4F
$GAGSV,1,1,03,02,25,222,,34,02,317,,36,51,311,,0*42
$GBGSV,2,1,07,12,19,090,11,19,19,063,12,22,04,014,22,24,19,224,20,3*7D
$GBGSV,2,2,07,29,29,127,43,35,62,199,23,39,40,359,48,3*4F
$GBGSV,2,1,08,12,19,090,29,19,19,063,15,20,14,109,21,26,54,265,19,5*71
$GBGSV,2,2,08,29,29,127,47,31,30,266,21,35,62,199,15,39,40,359,47,5*78
$GBGSV,3,1,11,11,09,118,16,12,19,090,18,19,19,063,26,20,14,109,17,8*78
$GBGSV,3,2,11,22,04,014,22,24,19,224,21,26,54,265,17,29,29,127,48,8*7C
$GBGSV,3,3,11,31,30,266,20,35,62,199,23,39,40,359,45,8*4C
$GNGLL,3001.74233,S,05112.74997,W,164204.00,A,D*78
$GNRMC,164205.00,A,3001.74232,S,05112.74997,W,0.026,,090926,,,F,V*19
$GNVTG,,T,,M,0.026,N,0.048,K,D*30
$GNGGA,164205.00,3001.74232,S,05112.74997,W,5,12,0.70,49.7,M,4.8,M,2.0,0920*69
$GNGSA,M,3,18,23,25,28,29,31,05,12,13,,,,1.29,0.70,1.08,1*01
$GNGSA,M,3,80,82,79,84,,,,,,,,,1.29,0.70,1.08,2*0A
$GNGSA,M,3,10,11,12,16,25,,,,,,,,1.29,0.70,1.08,3*09
$GNGSA,M,3,19,26,29,31,35,39,12,,,,,,1.29,0.70,1.08,4*06
$GPGSV,2,1,08,05,41,113,48,12,29,040,37,13,24,035,43,23,15,355,41,1*6E
$GPGSV,2,2,08,25,65,026,53,26,18,223,17,29,58,168,29,31,21,249,26,1*6A
$GPGSV,3,1,10,05,41,113,44,12,29,040,29,13,24,035,37,18,61,284,23,6*63
$GPGSV,3,2,10,23,15,355,38,25,65,026,48,26,18,223,16,28,28,282,16,6*64
$GPGSV,3,3,10,29,58,168,23,31,21,249,19,6*6C
$GPGSV,2,1,05,13,24,035,35,18,61,284,14,23,15,355,45,25,65,026,54,8*6C
$GPGSV,2,2,05,26,18,223,16,8*51
$GPGSV,1,1,02,15,04,050,,21,14,136,,0*60
$GLGSV,2,1,07,67,11,094,18,73,50,226,19,74,05,207,07,79,10,018,23,1*75
$GLGSV,2,2,07,80,62,354,45,82,33,154,27,84,19,286,21,1*44
$GLGSV,2,1,06,67,11,094,16,73,50,226,24,79,10,018,18,80,62,354,44,3*74
$GLGSV,2,2,06,82,33,154,27,84,19,286,26,3*7F
$GLGSV,1,1,03,66,02,145,,68,02,047,,83,55,231,,0*4C
$GAGSV,2,1,06,10,44,144,37,11,74,156,21,12,21,140,24,14,24,096,29,1*72
$GAGSV,2,2,06,16,46,052,44,25,80,189,20,1*7C
$GAGSV,1,1,02,10,44,144,35,16,46,052,49,5*7A
$GAGSV,2,1,05,10,44,144,36,11,74,156,29,12,21,140,21,16,46,052,47,7*7D
$GAGSV,2,2,05,25,80,189,17,7*4F
$GAGSV,1,1,03,02,25,222,,34,02,317,,36,51,311,,0*42
$GBGSV,2,1,07,12,19,090,11,19,19,063,15,22,04,014,22,24,19,224,19,3*70
$GBGSV,2,2,07,29,29,127,43,35,62,199,23,39,40,359,48,3*4F
$GBGSV,2,1,08,12,19,090,28,19,19,063,16,20,14,109,21,26,54,265,19,5*73
$GBGSV,2,2,08,29,29,127,47,31,30,266,21,35,62,199,14,39,40,359,47,5*79
$GBGSV,3,1,11,11,09,118,16,12,19,090,18,19,19,063,26,20,14,109,17,8*78
$GBGSV,3,2,11,22,04,014,22,24,19,224,20,26,54,265,18,29,29,127,48,8*72
$GBGSV,3,3,11,31,30,266,20,35,62,199,23,39,40,359,45,8*4C
$GNGLL,3001.74232,S,05112.74997,W,164205.00,A,D*78
$GNRMC,164206.00,A,3001.74232,S,05112.74996,W,0.034,,090926,,,F,V*18
$GNVTG,,T,,M,0.034,N,0.063,K,D*3A
$GNGGA,164206.00,3001.74232,S,05112.74996,W,5,12,0.68,49.7,M,4.8,M,2.0,0920*62
$GNGSA,M,3,18,23,25,29,31,05,12,13,,,,,1.27,0.68,1.07,1*03
$GNGSA,M,3,80,82,79,84,,,,,,,,,1.27,0.68,1.07,2*02
$GNGSA,M,3,10,11,12,16,25,,,,,,,,1.27,0.68,1.07,3*01
$GNGSA,M,3,19,26,29,31,35,39,12,,,,,,1.27,0.68,1.07,4*0E
$GPGSV,2,1,08,05,41,113,48,12,29,040,37,13,23,034,43,23,15,355,41,1*68
$GPGSV,2,2,08,25,65,026,53,26,18,223,16,29,58,168,29,31,21,249,26,1*6B
$GPGSV,3,1,10,05,41,113,44,12,29,040,30,13,23,034,37,18,61,284,23,6*6D
$GPGSV,3,2,10,23,15,355,38,25,65,026,48,26,18,223,16,28,28,282,14,6*66
$GPGSV,3,3,10,29,58,168,24,31,21,249,18,6*6A
$GPGSV,2,1,05,13,23,034,35,18,61,284,15,23,15,355,45,25,65,026,54,8*6B
$GPGSV,2,2,05,26,18,223,16,8*51
$GPGSV,1,1,02,15,04,050,,21,14,136,,0*60
$GLGSV,2,1,07,67,11,094,18,73,50,226,18,74,05,207,07,79,10,018,23,1*74
$GLGSV,2,2,07,80,62,354,45,82,33,154,27,84,19,286,22,1*47
$GLGSV,2,1,06,67,11,094,16,73,50,226,23,79,10,018,18,80,62,354,44,3*73
$GLGSV,2,2,06,82,33,154,27,84,19,286,25,3*7C
$GLGSV,1,1,03,66,02,145,,68,02,047,,83,55,231,,0*4C
$GAGSV,2,1,06,10,44,144,37,11,74,156,21,12,21,140,24,14,24,096,29,1*72
$GAGSV,2,2,06,16,46,052,44,25,80,189,19,1*76
$GAGSV,1,1,02,10,44,144,35,16,46,052,49,5*7A
$GAGSV,2,1,05,10,44,144,36,11,74,156,28,12,21,140,21,16,46,052,47,7*7C
$GAGSV,2,2,05,25,80,189,17,7*4F
$GAGSV,1,1,03,02,25,222,,34,02,317,,36,51,311,,0*42
$GBGSV,2,1,07,12,19,090,12,19,19,063,09,22,04,014,21,24,19,224,20,3*77
$GBGSV,2,2,07,29,29,127,43,35,62,199,23,39,40,359,48,3*4F
$GBGSV,2,1,08,12,19,090,28,19,19,063,15,20,14,109,21,26,54,265,20,5*7A
$GBGSV,2,2,08,29,29,127,47,31,30,266,21,35,62,199,13,39,40,359,47,5*7E
$GBGSV,3,1,11,11,09,118,15,12,19,090,18,19,19,063,26,20,14,109,17,8*7B
$GBGSV,3,2,11,22,04,014,21,24,19,224,20,26,54,265,18,29,29,127,48,8*71
$GBGSV,3,3,11,31,30,266,21,35,62,199,23,39,40,359,45,8*4D
$GNGLL,3001.74232,S,05112.74996,W,164206.00,A,D*7A
$GNRMC,164207.00,A,3001.74232,S,05112.74997,W,0.017,,090926,,,F,V*19
$GNVTG,,T,,M,0.017,N,0.032,K,D*3F
$GNGGA,164207.00,3001.74232,S,05112.74997,W,5,12,0.71,49.7,M,4.8,M,2.0,0920*6A
$GNGSA,M,3,18,23,25,29,31,05,12,13,,,,,1.31,0.71,1.10,1*0A
$GNGSA,M,3,80,82,79,84,,,,,,,,,1.31,0.71,1.10,2*0B
$GNGSA,M,3,10,11,12,16,25,,,,,,,,1.31,0.71,1.10,3*08
$GNGSA,M,3,19,26,29,31,35,39,12,,,,,,1.31,0.71,1.10,4*07
$GPGSV,2,1,08,05,41,113,48,12,29,040,37,13,23,034,43,23,15,355,41,1*68
$GPGSV,2,2,08,25,65,026,53,26,18,223,16,29,58,168,29,31,21,249,25,1*68
$GPGSV,3,1,10,05,41,113,44,12,29,040,29,13,23,034,37,18,61,284,23,6*65
$GPGSV,3,2,10,23,15,355,38,25,65,026,48,26,18,223,16,28,28,282,13,6*61
$GPGSV,3,3,10,29,58,168,24,31,21,249,18,6*6A
$GPGSV,2,1,05,13,23,034,35,18,61,284,15,23,15,355,45,25,65,026,54,8*6B
$GPGSV,2,2,05,26,18,223,16,8*51
$GPGSV,1,1,02,15,04,050,,21,14,136,,0*60
$GLGSV,2,1,08,67,11,094,18,73,50,226,17,74,05,207,07,79,10,018,23,1*74
$GLGSV,2,2,08,80,62,354,46,82,33,154,27,83,55,231,17,84,19,286,22,1*76
$GLGSV,2,1,06,67,11,094,15,73,50,226,23,79,10,018,18,80,62,354,44,3*70
$GLGSV,2,2,06,82,33,154,27,84,19,286,24,3*7D
$GLGSV,1,1,02,66,02,145,,68,02,047,,0*76
$GAGSV,2,1,06,10,44,144,37,11,74,156,22,12,21,140,24,14,24,096,29,1*71
$GAGSV,2,2,06,16,46,052,44,25,80,189,19,1*76
$GAGSV,1,1,02,10,44,144,35,16,46,052,49,5*7A
$GAGSV,2,1,05,10,44,144,36,11,74,156,29,12,21,140,21,16,46,052,47,7*7D
$GAGSV,2,2,05,25,80,189,15,7*4D
$GAGSV,1,1,03,02,25,222,,34,02,317,,36,51,311,,0*42
$GBGSV,2,1,07,12,19,091,11,19,19,063,15,22,04,014,21,24,19,224,20,3*78
$GBGSV,2,2,07,29,29,127,43,35,62,199,23,39,40,359,48,3*4F
$GBGSV,2,1,08,12,19,091,28,19,19,063,14,20,14,109,21,26,54,265,20,5*7A
$GBGSV,2,2,08,29,29,127,47,31,30,266,21,35,62,199,14,39,40,359,47,5*79
$GBGSV,3,1,11,11,09,118,15,12,19,091,18,19,19,063,26,20,14,109,16,8*7B
$GBGSV,3,2,11,22,04,014,21,24,19,224,21,26,54,265,18,29,29,127,48,8*70
$GBGSV,3,3,11,31,30,266,21,35,62,199,23,39,40,359,45,8*4D
$GNGLL,3001.74232,S,05112.74997,W,164207.00,A,D*7A
$GNRMC,164208.00,A,3001.74232,S,05112.74997,W,0.017,,090926,,,F,V*16
$GNVTG,,T,,M,0.017,N,0.031,K,D*3C
$GNGGA,164208.00,3001.74232,S,05112.74997,W,5,12,1.26,49.7,M,4.8,M,2.0,0920*66
$GNGSA,M,3,23,25,29,31,05,12,13,,,,,,2.11,1.26,1.69,1*0F
$GNGSA,M,3,80,82,79,84,,,,,,,,,2.11,1.26,1.69,2*07
$GNGSA,M,3,10,11,12,16,25,,,,,,,,2.11,1.26,1.69,3*04
$GNGSA,M,3,19,26,29,31,35,39,12,,,,,,2.11,1.26,1.69,4*0B
$GPGSV,2,1,08,05,41,113,48,12,29,040,37,13,23,034,43,23,15,355,41,1*68
$GPGSV,2,2,08,25,65,026,53,26,18,223,15,29,58,168,29,31,21,249,25,1*6B
$GPGSV,3,1,10,05,41,113,44,12,29,040,29,13,23,034,37,18,61,284,23,6*65
$GPGSV,3,2,10,23,15,355,38,25,65,026,48,26,18,223,16,28,28,282,10,6*62
$GPGSV,3,3,10,29,58,168,23,31,21,249,19,6*6C
$GPGSV,2,1,05,13,23,034,35,18,61,284,15,23,15,355,45,25,65,026,54,8*6B
$GPGSV,2,2,05,26,18,223,17,8*50
$GPGSV,1,1,02,15,04,051,,21,14,136,,0*61
$GLGSV,2,1,08,67,11,094,19,73,50,226,17,74,05,207,07,79,10,018,23,1*75
$GLGSV,2,2,08,80,62,354,45,82,33,154,27,83,55,231,17,84,19,286,23,1*74
$GLGSV,2,1,06,67,11,094,14,73,50,226,23,79,10,018,19,80,62,354,44,3*70
$GLGSV,2,2,06,82,33,154,27,84,19,286,24,3*7D
$GLGSV,1,1,02,66,02,145,,68,02,047,,0*76
$GAGSV,2,1,06,10,44,144,37,11,74,156,21,12,21,140,24,14,24,096,29,1*72
$GAGSV,2,2,06,16,46,052,44,25,80,189,19,1*76
$GAGSV,1,1,02,10,44,144,35,16,46,052,49,5*7A
$GAGSV,2,1,05,10,44,144,36,11,74,156,28,12,21,140,21,16,46,052,47,7*7C
$GAGSV,2,2,05,25,80,189,15,7*4D
$GAGSV,1,1,03,02,25,222,,34,02,317,,36,51,311,,0*42
$GBGSV,2,1,07,12,19,091,15,19,19,063,15,22,04,014,20,24,19,224,19,3*77
$GBGSV,2,2,07,29,29,127,43,35,62,199,23,39,40,359,48,3*4F
$GBGSV,2,1,08,12,19,091,28,19,19,063,15,20,14,109,21,26,54,265,20,5*7B
$GBGSV,2,2,08,29,29,127,47,31,30,266,21,35,62,199,14,39,40,359,47,5*79
$GBGSV,3,1,11,11,09,118,15,12,19,091,20,19,19,063,26,20,14,109,16,8*70
$GBGSV,3,2,11,22,04,014,22,24,19,224,22,26,54,265,19,29,29,127,48,8*71
$GBGSV,3,3,11,31,30,266,21,35,62,199,23,39,40,359,45,8*4D
$GNGLL,3001.74232,S,05112.74997,W,164208.00,A,D*75
$GNRMC,164209.00,A,3001.74232,S,05112.74997,W,0.026,,090926,,,F,V*15
$GNVTG,,T,,M,0.026,N,0.048,K,D*30
$GNGGA,164209.00,3001.74232,S,05112.74997,W,5,12,0.97,49.7,M,4.8,M,2.0,0920*6C
$GNGSA,M,3,18,23,25,29,31,05,12,13,,,,,1.74,0.97,1.44,1*02
$GNGSA,M,3,80,82,79,84,,,,,,,,,1.74,0.97,1.44,2*03
$GNGSA,M,3,10,11,12,16,25,,,,,,,,1.74,0.97,1.44,3*00
$GNGSA,M,3,19,26,29,31,35,39,12,,,,,,1.74,0.97,1.44,4*0F
$GPGSV,2,1,08,05,41,113,48,12,29,040,37,13,23,034,43,23,15,355,41,1*68
$GPGSV,2,2,08,25,65,026,53,26,18,223,14,29,58,168,29,31,21,249,25,1*6A
$GPGSV,3,1,10,05,41,113,44,12,29,040,30,13,23,034,37,18,61,284,23,6*6D
$GPGSV,3,2,10,23,15,355,38,25,65,026,48,26,18,223,16,28,28,282,11,6*63
$GPGSV,3,3,10,29,58,168,23,31,21,249,19,6*6C
$GPGSV,2,1,05,13,23,034,35,18,61,284,15,23,15,355,45,25,65,026,54,8*6B
$GPGSV,2,2,05,26,18,223,16,8*51
$GPGSV,1,1,02,15,04,051,,21,14,136,,0*61
$GLGSV,2,1,08,67,11,094,19,73,50,226,18,74,05,207,07,79,10,018,24,1*7D
$GLGSV,2,2,08,80,62,354,45,82,33,154,27,83,55,231,16,84,19,286,23,1*75
$GLGSV,2,1,06,67,11,094,14,73,50,226,23,79,10,018,18,80,62,354,44,3*71
$GLGSV,2,2,06,82,33,154,26,84,19,286,22,3*7A
$GLGSV,1,1,02,66,02,145,,68,02,047,,0*76
$GAGSV,2,1,06,10,44,144,37,11,74,156,21,12,21,140,25,14,24,096,29,1*73
$GAGSV,2,2,06,16,46,052,44,25,80,189,19,1*76
$GAGSV,1,1,02,10,44,144,35,16,46,052,49,5*7A
$GAGSV,2,1,05,10,44,144,36,11,74,156,28,12,21,140,21,16,46,052,47,7*7C
$GAGSV,2,2,05,25,80,189,15,7*4D
$GAGSV,1,1,03,02,25,222,,34,02,317,,36,51,311,,0*42
$GBGSV,2,1,07,12,19,091,17,19,19,063,16,22,04,014,21,24,19,224,18,3*76
$GBGSV,2,2,07,29,29,127,43,35,62,199,23,39,40,359,48,3*4F
$GBGSV,2,1,08,12,19,091,28,19,19,063,15,20,14,109,21,26,54,265,19,5*71
$GBGSV,2,2,08,29,29,127,47,31,30,266,21,35,62,199,15,39,40,359,47,5*78
$GBGSV,3,1,11,11,09,118,16,12,19,091,20,19,19,063,26,20,14,109,15,8*70
$GBGSV,3,2,11,22,04,014,21,24,19,224,22,26,54,265,19,29,29,127,48,8*72
$GBGSV,3,3,11,31,30,266,21,35,62,199,23,39,40,359,45,8*4D
$GNGLL,3001.74232,S,05112.74997,W,164209.00,A,D*74
$GNRMC,164210.00,A,3001.74232,S,05112.74997,W,0.011,,090926,,,F,V*19
$GNVTG,,T,,M,0.011,N,0.020,K,D*3A
$GNGGA,164210.00,3001.74232,S,05112.74997,W,5,12,0.99,49.7,M,4.8,M,2.0,0920*6A
$GNGSA,M,3,18,23,25,29,31,05,12,13,,,,,1.75,0.99,1.44,1*0D
$GNGSA,M,3,80,82,79,84,,,,,,,,,1.75,0.99,1.44,2*0C
$GNGSA,M,3,10,11,12,16,25,,,,,,,,1.75,0.99,1.44,3*0F
$GNGSA,M,3,19,26,29,31,35,39,12,,,,,,1.75,0.99,1.44,4*00
$GPGSV,2,1,08,05,41,113,48,12,29,040,37,13,23,034,43,23,15,355,41,1*68
$GPGSV,2,2,08,25,65,026,53,26,18,223,14,29,58,168,29,31,21,249,25,1*6A
$GPGSV,3,1,10,05,41,113,44,12,29,040,30,13,23,034,37,18,61,284,23,6*6D
$GPGSV,3,2,10,23,15,355,38,25,65,026,48,26,18,223,16,28,28,282,12,6*60
$GPGSV,3,3,10,29,58,168,23,31,21,249,19,6*6C
$GPGSV,2,1,05,13,23,034,35,18,61,284,13,23,15,355,45,25,65,026,54,8*6D
$GPGSV,2,2,05,26,18,223,16,8*51
$GPGSV,1,1,02,15,04,051,,21,14,136,,0*61
$GLGSV,2,1,08,67,11,094,19,73,50,226,18,74,05,207,08,79,10,018,24,1*72
$GLGSV,2,2,08,80,62,354,45,82,33,154,27,83,55,231,16,84,19,286,23,1*75
$GLGSV,2,1,06,67,11,094,15,73,50,226,23,79,10,018,17,80,62,354,44,3*7F
$GLGSV,2,2,06,82,33,154,26,84,19,286,22,3*7A
$GLGSV,1,1,02,66,02,145,,68,02,047,,0*76
$GAGSV,2,1,06,10,44,144,37,11,74,156,21,12,21,140,24,14,24,096,29,1*72
$GAGSV,2,2,06,16,46,052,44,25,80,189,19,1*76
$GAGSV,1,1,02,10,44,144,35,16,46,052,49,5*7A
$GAGSV,2,1,05,10,44,144,36,11,74,156,28,12,21,140,21,16,46,052,47,7*7C
$GAGSV,2,2,05,25,80,189,16,7*4E
$GAGSV,1,1,03,02,25,222,,34,02,317,,36,51,311,,0*42
$GBGSV,2,1,07,12,19,091,15,19,19,063,17,22,04,014,21,24,19,224,19,3*74
$GBGSV,2,2,07,29,29,127,43,35,62,199,23,39,40,359,48,3*4F
$GBGSV,2,1,08,12,19,091,28,19,19,063,14,20,14,109,21,26,54,265,19,5*70
$GBGSV,2,2,08,29,29,127,47,31,30,266,21,35,62,199,14,39,40,359,47,5*79
$GBGSV,3,1,11,11,09,118,16,12,19,091,20,19,19,063,26,20,14,109,16,8*73
$GBGSV,3,2,11,22,04,014,22,24,19,224,22,26,54,265,19,29,29,127,48,8*71
$GBGSV,3,3,11,31,30,266,22,35,62,199,23,39,40,359,45,8*4E
$GNGLL,3001.74232,S,05112.74997,W,164210.00,A,D*7C
$GNRMC,164211.00,A,3001.74232,S,05112.74998,W,0.010,,090926,,,F,V*16
$GNVTG,,T,,M,0.010,N,0.018,K,D*30
$GNGGA,164211.00,3001.74232,S,05112.74998,W,5,12,0.97,49.7,M,4.8,M,2.0,0920*6A
$GNGSA,M,3,18,23,25,29,31,05,12,13,,,,,1.74,0.97,1.44,1*02
$GNGSA,M,3,80,82,79,84,83,,,,,,,,1.74,0.97,1.44,2*08
$GNGSA,M,3,10,11,12,16,25,,,,,,,,1.74,0.97,1.44,3*00
$GNGSA,M,3,19,26,29,31,35,39,12,,,,,,1.74,0.97,1.44,4*0F
$GPGSV,2,1,08,05,41,113,48,12,29,040,37,13,23,034,43,23,15,355,41,1*68
$GPGSV,2,2,08,25,65,026,53,26,18,223,13,29,58,168,29,31,21,249,25,1*6D
$GPGSV,3,1,10,05,41,113,44,12,29,040,29,13,23,034,37,18,62,282,23,6*60
$GPGSV,3,2,10,23,15,355,38,25,65,026,48,26,18,223,16,28,28,282,13,6*61
$GPGSV,3,3,10,29,58,168,23,31,21,249,18,6*6D
$GPGSV,2,1,05,13,23,034,35,18,62,282,12,23,15,355,45,25,65,026,54,8*69
$GPGSV,2,2,05,26,18,223,16,8*51
$GPGSV,1,1,02,15,04,051,,21,14,136,,0*61
$GLGSV,2,1,08,67,11,094,19,73,50,226,16,74,05,207,09,79,10,018,25,1*7C
$GLGSV,2,2,08,80,62,354,45,82,33,154,27,83,55,231,15,84,19,286,24,1*71
$GLGSV,2,1,07,67,11,094,16,73,50,226,23,79,10,018,18,80,62,354,44,3*72
$GLGSV,2,2,07,82,33,154,26,83,55,231,15,84,19,286,22,3*44
$GLGSV,1,1,02,66,02,145,,68,02,047,,0*76
$GAGSV,2,1,06,10,44,144,37,11,74,156,21,12,21,140,24,14,24,096,29,1*72
$GAGSV,2,2,06,16,46,052,44,25,80,189,20,1*7C
$GAGSV,1,1,02,10,44,144,36,16,46,052,49,5*79
$GAGSV,2,1,05,10,44,144,36,11,74,156,28,12,21,140,20,16,46,052,47,7*7D
$GAGSV,2,2,05,25,80,189,16,7*4E
$GAGSV,1,1,03,02,25,222,,34,02,317,,36,51,311,,0*42
$GBGSV,2,1,07,12,19,091,12,19,19,063,10,22,04,014,21,24,19,224,20,3*7E
$GBGSV,2,2,07,29,29,127,43,35,62,199,23,39,40,359,48,3*4F
$GBGSV,2,1,08,12,19,091,28,19,19,063,15,20,14,109,20,26,54,265,19,5*70
$GBGSV,2,2,08,29,29,127,47,31,30,266,21,35,62,199,13,39,40,359,47,5*7E
$GBGSV,3,1,11,11,09,118,17,12,19,091,20,19,19,063,26,20,14,109,16,8*72
$GBGSV,3,2,11,22,04,014,21,24,19,224,22,26,54,265,19,29,29,127,48,8*72
$GBGSV,3,3,11,31,30,266,21,35,62,199,23,39,40,359,45,8*4D
$GNGLL,3001.74232,S,05112.74998,W,164211.00,A,D*72
$GNRMC,164212.00,A,3001.74232,S,05112.74998,W,0.021,,090926,,,F,V*17
$GNVTG,,T,,M,0.021,N,0.038,K,D*30
$GNGGA,164212.00,3001.74232,S,05112.74998,W,5,12,0.97,49.7,M,4.8,M,2.0,0920*69
$GNGSA,M,3,18,23,25,29,31,05,12,13,,,,,1.74,0.97,1.44,1*02
$GNGSA,M,3,80,82,79,84,83,,,,,,,,1.74,0.97,1.44,2*08
$GNGSA,M,3,10,11,12,16,25,,,,,,,,1.74,0.97,1.44,3*00
$GNGSA,M,3,19,26,29,31,35,39,12,,,,,,1.74,0.97,1.44,4*0F
$GPGSV,2,1,08,05,41,113,48,12,29,040,37,13,23,034,43,23,15,355,41,1*68
$GPGSV,2,2,08,25,65,026,53,26,18,223,14,29,58,168,29,31,21,249,25,1*6A
$GPGSV,3,1,10,05,41,113,44,12,29,040,29,13,23,034,37,18,62,282,23,6*60
$GPGSV,3,2,10,23,15,355,39,25,65,026,48,26,18,223,17,28,28,282,13,6*61
$GPGSV,3,3,10,29,58,168,23,31,21,249,17,6*62
$GPGSV,2,1,05,13,23,034,35,18,62,282,12,23,15,355,45,25,65,026,54,8*69
$GPGSV,2,2,05,26,18,223,16,8*51
$GPGSV,1,1,02,15,04,051,,21,14,136,,0*61
$GLGSV,2,1,08,67,11,094,18,73,50,226,15,74,05,207,08,79,10,018,25,1*7F
$GLGSV,2,2,08,80,62,354,45,82,33,154,27,83,55,231,17,84,19,286,24,1*73
$GLGSV,2,1,07,67,11,094,14,73,50,226,24,79,10,018,18,80,62,354,44,3*77
$GLGSV,2,2,07,82,33,154,26,83,55,231,15,84,19,286,23,3*45
$GLGSV,1,1,02,66,02,145,,68,02,047,,0*76
$GAGSV,2,1,06,10,44,144,37,11,74,156,21,12,21,140,24,14,24,096,29,1*72
$GAGSV,2,2,06,16,46,052,44,25,80,189,19,1*76
$GAGSV,1,1,02,10,44,144,36,16,46,052,49,5*79
$GAGSV,2,1,05,10,44,144,36,11,74,156,28,12,21,140,20,16,46,052,47,7*7D
$GAGSV,2,2,05,25,80,189,17,7*4F
$GAGSV,1,1,03,02,25,222,,34,02,317,,36,51,311,,0*42
$GBGSV,2,1,07,12,19,091,14,19,19,063,12,22,04,014,20,24,19,224,19,3*71
$GBGSV,2,2,07,29,29,127,43,35,62,199,23,39,40,359,48,3*4F
$GBGSV,2,1,08,12,19,091,28,19,19,063,15,20,14,109,20,26,54,265,19,5*70
$GBGSV,2,2,08,29,29,127,47,31,30,266,21,35,62,199,12,39,40,359,47,5*7F
$GBGSV,3,1,11,11,09,118,17,12,19,091,21,19,19,063,26,20,14,109,16,8*73
$GBGSV,3,2,11,22,04,014,21,24,19,224,22,26,54,265,19,29,29,127,48,8*72
$GBGSV,3,3,11,31,30,266,22,35,62,199,22,39,40,359,45,8*4F
$GNGLL,3001.74232,S,05112.74998,W,164212.00,A,D*71
$GNRMC,164213.00,A,3001.74232,S,05112.74998,W,0.012,,090926,,,F,V*16
$GNVTG,,T,,M,0.012,N,0.023,K,D*3A
$GNGGA,164213.00,3001.74232,S,05112.74998,W,5,12,0.97,49.7,M,4.8,M,2.0,0920*68
$GNGSA,M,3,18,23,25,29,31,05,12,13,,,,,1.74,0.97,1.44,1*02
$GNGSA,M,3,80,82,79,84,83,,,,,,,,1.74,0.97,1.44,2*08
$GNGSA,M,3,10,11,12,16,25,,,,,,,,1.74,0.97,1.44,3*00
$GNGSA,M,3,19,26,29,31,35,39,12,,,,,,1.74,0.97,1.44,4*0F
$GPGSV,2,1,08,05,41,113,48,12,29,040,37,13,23,034,43,23,15,355,41,1*68
$GPGSV,2,2,08,25,65,026,53,26,18,223,13,29,58,168,29,31,21,249,25,1*6D
$GPGSV,3,1,10,05,41,113,44,12,29,040,30,13,23,034,37,18,62,282,23,6*68
$GPGSV,3,2,10,23,15,355,39,25,65,026,48,26,18,223,16,28,28,282,13,6*60
$GPGSV,3,3,10,29,58,168,23,31,21,249,17,6*62
$GPGSV,2,1,06,13,23,034,35,18,62,282,12,21,14,136,14,23,15,355,45,8*6C
$GPGSV,2,2,06,25,65,026,54,26,18,223,17,8*62
$GPGSV,1,1,01,15,04,051,,0*50
$GLGSV,2,1,08,67,11,094,17,73,50,226,16,74,05,207,08,79,10,018,25,1*73
$GLGSV,2,2,08,80,62,354,45,82,33,154,26,83,55,231,18,84,19,286,25,1*7C
$GLGSV,2,1,06,73,50,226,24,79,10,018,19,80,62,354,44,82,33,154,26,3*70
$GLGSV,2,2,06,83,55,231,15,84,19,286,23,3*7A
$GLGSV,1,1,02,66,02,145,,68,02,047,,0*76
$GAGSV,2,1,06,10,44,144,37,11,74,156,21,12,21,140,24,14,24,096,29,1*72
$GAGSV,2,2,06,16,46,052,44,25,80,189,19,1*76
$GAGSV,1,1,02,10,44,144,36,16,46,052,49,5*79
$GAGSV,2,1,05,10,44,144,36,11,74,156,28,12,21,140,21,16,46,052,47,7*7C
$GAGSV,2,2,05,25,80,189,16,7*4E
$GAGSV,1,1,03,02,25,222,,34,02,317,,36,51,311,,0*42
$GBGSV,2,1,07,12,19,091,17,19,19,063,15,22,04,014,21,24,19,224,19,3*74
$GBGSV,2,2,07,29,29,127,43,35,62,199,23,39,40,359,48,3*4F
$GBGSV,2,1,08,12,19,091,28,19,19,063,16,20,14,109,20,26,54,265,20,5*79
$GBGSV,2,2,08,29,29,127,47,31,30,266,20,35,62,199,12,39,40,359,47,5*7E
$GBGSV,3,1,11,11,09,118,16,12,19,091,21,19,19,063,26,20,14,109,15,8*71
$GBGSV,3,2,11,22,04,014,21,24,19,224,23,26,54,265,19,29,29,127,48,8*73
$GBGSV,3,3,11,31,30,266,22,35,62,199,22,39,40,359,45,8*4F
$GNGLL,3001.74232,S,05112.74998,W,164213.00,A,D*70
$GNRMC,164214.00,A,3001.74232,S,05112.74997,W,0.011,,090926,,,F,V*1D
$GNVTG,,T,,M,0.011,N,0.020,K,D*3A
$GNGGA,164214.00,3001.74232,S,05112.74997,W,5,12,0.97,49.7,M,4.8,M,2.0,0920*60
$GNGSA,M,3,18,23,25,28,29,31,05,12,13,,,,1.74,0.97,1.44,1*08
$GNGSA,M,3,80,82,79,84,83,,,,,,,,1.74,0.97,1.44,2*08
$GNGSA,M,3,10,11,12,16,25,,,,,,,,1.74,0.97,1.44,3*00
$GNGSA,M,3,19,26,29,31,35,39,12,,,,,,1.74,0.97,1.44,4*0F
$GPGSV,2,1,08,05,41,113,48,12,29,040,37,13,23,034,43,23,15,355,41,1*68
$GPGSV,2,2,08,25,65,026,53,26,18,223,11,29,58,168,29,31,21,249,25,1*6F
$GPGSV,3,1,10,05,41,113,44,12,29,040,30,13,23,034,37,18,62,282,22,6*69
$GPGSV,3,2,10,23,15,355,39,25,65,026,48,26,18,223,16,28,28,282,15,6*66
$GPGSV,3,3,10,29,58,168,23,31,21,249,17,6*62
$GPGSV,2,1,06,13,23,034,35,18,62,282,13,21,14,137,14,23,15,355,45,8*6C
$GPGSV,2,2,06,25,65,026,54,26,18,223,17,8*62
$GPGSV,1,1,01,15,04,051,,0*50
$GLGSV,2,1,08,67,11,094,17,73,50,226,17,74,05,207,08,79,10,018,25,1*72
$GLGSV,2,2,08,80,62,354,45,82,33,154,26,83,55,231,17,84,19,286,25,1*73
$GLGSV,2,1,06,73,50,226,25,79,10,018,19,80,62,354,44,82,33,154,26,3*71
$GLGSV,2,2,06,83,55,231,16,84,19,286,23,3*79
$GLGSV,1,1,02,66,02,145,,68,02,047,,0*76
$GAGSV,2,1,06,10,44,144,37,11,74,156,21,12,21,140,24,14,24,096,29,1*72
$GAGSV,2,2,06,16,46,052,44,25,80,189,19,1*76
$GAGSV,1,1,02,10,44,144,36,16,46,052,49,5*79
$GAGSV,2,1,05,10,44,144,36,11,74,156,28,12,21,140,21,16,46,052,47,7*7C
$GAGSV,2,2,05,25,80,189,16,7*4E
$GAGSV,1,1,03,02,25,222,,34,02,317,,36,51,311,,0*42
$GBGSV,2,1,07,12,19,091,17,19,19,063,17,22,04,014,20,24,19,224,17,3*79
$GBGSV,2,2,07,29,29,127,43,35,62,199,23,39,40,359,48,3*4F
$GBGSV,2,1,08,12,19,091,28,19,19,063,16,20,14,109,20,26,54,265,20,5*79
$GBGSV,2,2,08,29,29,127,47,31,30,266,21,35,62,199,14,39,40,359,47,5*79
$GBGSV,3,1,11,11,09,118,16,12,19,091,20,19,19,063,26,20,14,109,14,8*71
$GBGSV,3,2,11,22,04,014,21,24,19,224,23,26,54,265,19,29,29,127,48,8*73
$GBGSV,3,3,11,31,30,266,22,35,62,199,22,39,40,359,45,8*4F
$GNGLL,3001.74232,S,05112.74997,W,164214.00,A,D*78
$GNRMC,164215.00,A,3001.74232,S,05112.74998,W,0.035,,090926,,,F,V*15
$GNVTG,,T,,M,0.035,N,0.065,K,D*3D
$GNGGA,164215.00,3001.74232,S,05112.74998,W,5,12,0.97,49.7,M,4.8,M,2.0,0920*6E
$GNGSA,M,3,18,23,25,28,29,31,05,12,13,,,,1.70,0.97,1.39,1*06
$GNGSA,M,3,80,82,79,84,83,,,,,,,,1.70,0.97,1.39,2*06
$GNGSA,M,3,10,11,12,16,25,,,,,,,,1.70,0.97,1.39,3*0E
$GNGSA,M,3,19,26,29,31,35,39,12,,,,,,1.70,0.97,1.39,4*01
$GPGSV,2,1,07,05,41,113,48,12,29,040,37,13,23,034,43,23,15,355,42,1*64
$GPGSV,2,2,07,25,65,026,53,29,58,168,28,31,21,249,25,1*5F
$GPGSV,3,1,10,05,41,113,44,12,29,040,30,13,23,034,37,18,62,282,22,6*69
$GPGSV,3,2,10,23,15,355,39,25,65,026,48,26,18,223,16,28,28,282,16,6*65
$GPGSV,3,3,10,29,58,168,23,31,21,249,17,6*62
$GPGSV,2,1,06,13,23,034,35,18,62,282,11,21,14,137,13,23,15,355,45,8*69
$GPGSV,2,2,06,25,65,026,54,26,18,223,16,8*63
$GPGSV,1,1,01,15,04,051,,0*50
$GLGSV,2,1,08,67,11,094,16,73,50,226,17,74,05,207,08,79,10,018,25,1*73
$GLGSV,2,2,08,80,62,354,45,82,33,154,26,83,55,231,18,84,19,286,25,1*7C
$GLGSV,2,1,06,73,50,226,25,79,10,018,18,80,62,354,44,82,33,154,26,3*70
$GLGSV,2,2,06,83,55,231,17,84,19,286,24,3*7F
$GLGSV,1,1,02,66,02,145,,68,02,047,,0*76
$GAGSV,2,1,06,10,44,144,37,11,74,156,21,12,21,140,25,14,24,096,29,1*73
$GAGSV,2,2,06,16,46,052,44,25,80,189,19,1*76
$GAGSV,1,1,02,10,44,144,36,16,46,052,49,5*79
$GAGSV,2,1,05,10,44,144,36,11,74,156,28,12,21,140,21,16,46,052,47,7*7C
$GAGSV,2,2,05,25,80,189,16,7*4E
$GAGSV,1,1,03,02,25,222,,34,02,317,,36,51,311,,0*42
$GBGSV,2,1,07,12,19,091,18,19,19,063,18,22,04,014,21,24,19,224,18,3*77
$GBGSV,2,2,07,29,29,127,43,35,62,199,23,39,40,359,48,3*4F
$GBGSV,2,1,08,12,19,091,27,19,19,063,16,20,14,109,19,26,54,265,19,5*76
$GBGSV,2,2,08,29,29,127,47,31,30,266,21,35,62,199,15,39,40,359,47,5*78
$GBGSV,3,1,11,11,09,118,17,12,19,091,20,19,19,063,26,20,14,109,15,8*71
$GBGSV,3,2,11,22,04,014,21,24,19,224,25,26,54,265,19,29,29,127,48,8*75
$GBGSV,3,3,11,31,30,266,22,35,62,199,22,39,40,359,45,8*4F
$GNGLL,3001.74232,S,05112.74998,W,164215.00,A,D*76
$GNRMC,164216.00,A,3001.74232,S,05112.74998,W,0.013,,090926,,,F,V*12
$GNVTG,,T,,M,0.013,N,0.023,K,D*3B
$GNGGA,164216.00,3001.74232,S,05112.74998,W,5,12,0.97,49.7,M,4.8,M,2.0,0920*6D
$GNGSA,M,3,18,23,25,28,29,31,05,12,13,,,,1.70,0.97,1.39,1*06
$GNGSA,M,3,80,82,79,84,83,,,,,,,,1.70,0.97,1.39,2*06
$GNGSA,M,3,10,11,12,16,25,,,,,,,,1.70,0.97,1.39,3*0E
$GNGSA,M,3,19,26,29,31,35,39,12,,,,,,1.70,0.97,1.39,4*01
$GPGSV,2,1,07,05,41,113,48,12,29,040,37,13,23,034,43,23,16,355,41,1*64
$GPGSV,2,2,07,25,65,026,53,29,58,168,28,31,21,249,25,1*5F
$GPGSV,3,1,10,05,41,113,44,12,29,040,30,13,23,034,37,18,62,282,22,6*69
$GPGSV,3,2,10,23,16,355,39,25,65,026,48,26,18,223,16,28,28,282,15,6*65
$GPGSV,3,3,10,29,58,168,23,31,21,249,18,6*6D
$GPGSV,2,1,05,13,23,034,35,21,14,137,12,23,16,355,45,25,65,026,54,8*6C
$GPGSV,2,2,05,26,18,223,17,8*50
$GPGSV,1,1,01,15,04,051,,0*50
$GLGSV,2,1,08,67,11,094,16,73,50,226,19,74,05,207,09,79,10,018,25,1*7C
$GLGSV,2,2,08,80,62,354,45,82,33,154,25,83,55,231,18,84,19,286,25,1*7F
$GLGSV,2,1,07,67,11,094,16,73,50,226,25,79,10,018,18,80,62,354,44,3*74
$GLGSV,2,2,07,82,33,154,26,83,55,231,17,84,19,286,24,3*40
$GLGSV,1,1,02,66,02,145,,68,02,047,,0*76
$GAGSV,2,1,07,10,44,144,37,11,74,156,22,12,21,140,24,14,24,096,29,1*70
$GAGSV,2,2,07,16,46,052,44,25,80,189,19,36,51,311,18,1*4C
$GAGSV,1,1,02,10,44,144,36,16,46,052,49,5*79
$GAGSV,2,1,05,10,44,144,36,11,74,156,28,12,21,140,21,16,46,052,47,7*7C
$GAGSV,2,2,05,25,80,189,15,7*4D
$GAGSV,1,1,02,02,25,222,,34,02,317,,0*71
$GBGSV,2,1,07,12,19,091,19,19,19,063,18,22,04,014,21,24,19,224,17,3*79
$GBGSV,2,2,07,29,29,127,43,35,62,199,23,39,40,359,48,3*4F
$GBGSV,2,1,08,12,19,091,27,19,19,063,16,20,14,109,19,26,54,265,19,5*76
$GBGSV,2,2,08,29,29,127,47,31,30,266,21,35,62,199,15,39,40,359,47,5*78
$GBGSV,3,1,11,11,09,118,17,12,19,091,20,19,19,063,26,20,14,109,14,8*70
$GBGSV,3,2,11,22,04,014,21,24,19,224,25,26,54,265,19,29,29,127,48,8*75
$GBGSV,3,3,11,31,30,266,23,35,62,199,22,39,40,359,45,8*4E
$GNGLL,3001.74232,S,05112.74998,W,164216.00,A,D*75
$GNRMC,164217.00,A,3001.74232,S,05112.74997,W,0.003,,090926,,,F,V*1D
$GNVTG,,T,,M,0.003,N,0.005,K,D*3E
$GNGGA,164217.00,3001.74232,S,05112.74997,W,5,12,0.97,49.7,M,4.8,M,2.0,0920*63
$GNGSA,M,3,18,23,25,29,31,05,12,13,,,,,1.74,0.97,1.44,1*02
$GNGSA,M,3,80,82,79,84,83,,,,,,,,1.74,0.97,1.44,2*08
$GNGSA,M,3,10,11,12,16,25,,,,,,,,1.74,0.97,1.44,3*00
$GNGSA,M,3,19,26,29,31,35,39,12,,,,,,1.74,0.97,1.44,4*0F
$GPGSV,2,1,07,05,41,113,48,12,29,040,37,13,23,034,43,23,16,355,42,1*67
$GPGSV,2,2,07,25,65,026,53,29,58,168,28,31,21,249,26,1*5C
$GPGSV,3,1,10,05,41,113,44,12,29,040,30,13,23,034,37,18,62,282,22,6*69
$GPGSV,3,2,10,23,16,355,39,25,65,026,48,26,18,223,16,28,28,282,14,6*64
$GPGSV,3,3,10,29,58,168,23,31,21,249,18,6*6D
$GPGSV,2,1,05,13,23,034,35,21,14,137,12,23,16,355,45,25,65,026,54,8*6C
$GPGSV,2,2,05,26,18,223,16,8*51
$GPGSV,1,1,01,15,04,051,,0*50
$GLGSV,2,1,08,67,11,094,16,73,50,226,18,74,05,207,08,79,10,018,26,1*7F
$GLGSV,2,2,08,80,62,354,45,82,33,154,25,83,55,231,18,84,19,286,25,1*7F
$GLGSV,2,1,07,67,11,094,15,73,50,226,26,79,10,018,19,80,62,354,44,3*75
$GLGSV,2,2,07,82,33,154,26,83,55,231,17,84,19,286,24,3*40
$GLGSV,1,1,02,66,02,145,,68,02,047,,0*76
$GAGSV,2,1,07,10,44,144,37,11,74,156,22,12,21,140,24,14,24,096,29,1*70
$GAGSV,2,2,07,16,46,052,44,25,80,189,19,36,51,311,16,1*42
$GAGSV,1,1,02,10,44,144,36,16,46,052,49,5*79
$GAGSV,1,1,04,10,44,144,35,11,74,156,27,12,21,140,22,16,46,052,47,7*71
$GAGSV,1,1,02,02,25,222,,34,02,317,,0*71
$GBGSV,2,1,07,12,19,091,19,19,19,063,18,22,04,014,21,24,19,224,19,3*77
$GBGSV,2,2,07,29,29,127,43,35,62,199,23,39,40,359,48,3*4F
$GBGSV,2,1,08,12,19,091,27,19,19,063,15,20,14,109,19,26,54,265,20,5*7F
$GBGSV,2,2,08,29,29,127,47,31,30,266,21,35,62,199,14,39,40,359,47,5*79
$GBGSV,3,1,11,11,09,118,18,12,19,091,20,19,19,063,26,20,14,109,13,8*78
$GBGSV,3,2,11,22,04,014,22,24,19,224,25,26,54,265,19,29,29,127,48,8*76
$GBGSV,3,3,11,31,30,266,23,35,62,199,22,39,40,359,45,8*4E
$GNGLL,3001.74232,S,05112.74997,W,164217.00,A,D*7B
$GNRMC,164218.00,A,3001.74232,S,05112.74997,W,0.031,,090926,,,F,V*13
$GNVTG,,T,,M,0.031,N,0.057,K,D*38
$GNGGA,164218.00,3001.74232,S,05112.74997,W,5,12,0.97,49.7,M,4.8,M,2.0,0920*6C
$GNGSA,M,3,18,23,25,29,31,05,12,13,,,,,1.74,0.97,1.44,1*02
$GNGSA,M,3,80,82,79,84,83,,,,,,,,1.74,0.97,1.44,2*08
$GNGSA,M,3,10,11,12,16,25,,,,,,,,1.74,0.97,1.44,3*00
$GNGSA,M,3,19,26,29,35,39,12,,,,,,,1.74,0.97,1.44,4*0D
$GPGSV,2,1,07,05,41,113,48,12,29,040,37,13,23,034,43,23,16,355,42,1*67
$GPGSV,2,2,07,25,64,025,53,29,58,168,28,31,21,249,25,1*5D
$GPGSV,3,1,10,05,41,113,44,12,29,040,30,13,23,034,37,18,62,282,22,6*69
$GPGSV,3,2,10,23,16,355,39,25,64,025,48,26,18,223,17,28,28,282,14,6*67
$GPGSV,3,3,10,29,58,168,23,31,21,249,19,6*6C
$GPGSV,2,1,06,13,23,034,35,18,62,282,18,21,14,137,11,23,16,355,45,8*61
$GPGSV,2,2,06,25,64,025,54,26,18,223,16,8*61
$GPGSV,1,1,01,15,04,051,,0*50
$GLGSV,2,1,08,67,11,094,16,73,50,226,18,74,05,207,09,79,10,018,26,1*7E
$GLGSV,2,2,08,80,62,354,45,82,33,154,25,83,55,231,18,84,19,286,25,1*7F
$GLGSV,2,1,07,67,11,094,15,73,50,226,26,79,10,018,20,80,62,354,44,3*7F
$GLGSV,2,2,07,82,33,154,26,83,55,231,16,84,19,286,23,3*46
$GLGSV,1,1,02,66,02,145,,68,02,047,,0*76
$GAGSV,2,1,07,10,44,144,37,11,74,156,21,12,21,140,24,14,24,096,28,1*72
$GAGSV,2,2,07,16,46,052,44,25,80,189,19,36,51,311,15,1*41
$GAGSV,1,1,02,10,44,144,36,16,46,052,49,5*79
$GAGSV,1,1,04,10,44,144,35,11,74,156,27,12,21,140,21,16,46,052,47,7*72
$GAGSV,1,1,02,02,25,222,,34,02,317,,0*71
$GBGSV,2,1,07,12,19,091,20,19,19,063,18,22,04,014,21,24,19,224,19,3*7D
$GBGSV,2,2,07,29,29,127,43,35,62,199,23,39,40,359,48,3*4F
$GBGSV,2,1,08,12,19,091,27,19,19,063,16,20,14,109,19,26,54,265,20,5*7C
$GBGSV,2,2,08,29,29,127,47,31,30,266,21,35,62,199,13,39,40,359,47,5*7E
$GBGSV,3,1,11,11,09,118,17,12,19,091,20,19,19,063,26,20,14,109,12,8*76
$GBGSV,3,2,11,22,04,014,21,24,19,224,25,26,54,265,19,29,29,127,48,8*75
$GBGSV,3,3,11,31,30,266,23,35,62,199,22,39,40,359,45,8*4E
$GNGLL,3001.74232,S,05112.74997,W,164218.00,A,D*74
$GNRMC,164219.00,A,3001.74231,S,05112.74997,W,0.012,,090926,,,F,V*10
$GNVTG,,T,,M,0.012,N,0.023,K,D*3A
$GNGGA,164219.00,3001.74231,S,05112.74997,W,5,12,0.97,49.7,M,4.8,M,2.0,0920*6E
$GNGSA,M,3,18,23,25,29,31,05,12,13,,,,,1.74,0.97,1.44,1*02
$GNGSA,M,3,80,82,79,84,83,,,,,,,,1.74,0.97,1.44,2*08
$GNGSA,M,3,10,11,12,16,25,,,,,,,,1.74,0.97,1.44,3*00
$GNGSA,M,3,19,26,29,31,35,39,12,,,,,,1.74,0.97,1.44,4*0F
$GPGSV,2,1,07,05,41,113,48,12,29,040,37,13,23,034,43,23,16,355,42,1*67
$GPGSV,2,2,07,25,64,025,53,29,58,168,28,31,21,249,26,1*5E
$GPGSV,3,1,10,05,41,113,44,12,29,040,31,13,23,034,37,18,62,282,23,6*69
$GPGSV,3,2,10,23,16,355,39,25,64,025,48,26,19,223,17,28,28,282,14,6*66
$GPGSV,3,3,10,29,58,168,23,31,21,249,19,6*6C
$GPGSV,2,1,06,13,23,034,35,18,62,282,17,21,14,137,10,23,16,355,45,8*6F
$GPGSV,2,2,06,25,64,025,54,26,19,223,17,8*61
$GPGSV,1,1,01,15,04,051,,0*50
$GLGSV,2,1,08,67,11,094,16,73,50,226,18,74,05,207,08,79,10,018,25,1*7C
$GLGSV,2,2,08,80,62,354,45,82,33,154,24,83,55,231,18,84,19,286,26,1*7D
$GLGSV,2,1,07,67,11,094,13,73,50,226,26,79,10,018,21,80,62,354,44,3*78
$GLGSV,2,2,07,82,33,154,26,83,55,231,17,84,19,286,23,3*47
$GLGSV,1,1,02,66,02,145,,68,02,047,,0*76
$GAGSV,2,1,07,10,44,144,37,11,74,156,21,12,21,140,24,14,24,096,28,1*72
$GAGSV,2,2,07,16,46,052,44,25,80,189,18,36,51,311,15,1*40
$GAGSV,1,1,02,10,44,144,36,16,46,052,49,5*79
$GAGSV,1,1,04,10,44,144,35,11,74,156,27,12,21,140,21,16,46,052,47,7*72
$GAGSV,1,1,02,02,25,222,,34,02,317,,0*71
$GBGSV,2,1,07,12,19,091,20,19,19,063,17,22,04,014,21,24,19,224,19,3*72
$GBGSV,2,2,07,29,29,127,43,35,62,199,23,39,40,359,48,3*4F
$GBGSV,2,1,08,12,19,091,27,19,19,063,17,20,14,109,18,26,54,265,19,5*76
$GBGSV,2,2,08,29,29,127,47,31,30,266,21,35,62,199,13,39,40,359,47,5*7E
$GBGSV,3,1,10,11,09,118,17,12,19,091,21,19,19,063,26,22,04,014,21,8*78
$GBGSV,3,2,10,24,19,224,25,26,54,265,20,29,29,127,48,31,30,266,23,8*7E
$GBGSV,3,3,10,35,62,199,22,39,40,359,45,8*7D
$GNGLL,3001.74231,S,05112.74997,W,164219.00,A,D*76
$GNRMC,164220.00,A,3001.74232,S,05112.74997,W,0.027,,090926,,,F,V*1F
$GNVTG,,T,,M,0.027,N,0.050,K,D*38
$GNGGA,164220.00,3001.74232,S,05112.74997,W,5,12,0.97,49.7,M,4.8,M,2.0,0920*67
$GNGSA,M,3,18,23,25,28,29,31,05,12,13,,,,1.74,0.97,1.44,1*08
$GNGSA,M,3,80,82,79,84,83,,,,,,,,1.74,0.97,1.44,2*08
$GNGSA,M,3,10,11,12,16,25,,,,,,,,1.74,0.97,1.44,3*00
$GNGSA,M,3,19,26,29,31,35,39,12,,,,,,1.74,0.97,1.44,4*0F
$GPGSV,2,1,07,05,41,113,48,12,29,040,37,13,23,034,43,23,16,355,42,1*67
$GPGSV,2,2,07,25,64,025,53,29,58,168,28,31,21,249,26,1*5E
$GPGSV,3,1,10,05,41,113,44,12,29,040,30,13,23,034,37,18,62,282,22,6*69
$GPGSV,3,2,10,23,16,355,39,25,64,025,48,26,19,223,17,28,28,282,16,6*64
$GPGSV,3,3,10,29,58,168,23,31,21,249,18,6*6D
$GPGSV,2,1,06,13,23,034,35,18,62,282,17,21,14,137,10,23,16,355,45,8*6F
$GPGSV,2,2,06,25,64,025,54,26,19,223,16,8*60
$GPGSV,1,1,01,15,04,051,,0*50
$GLGSV,2,1,08,67,11,094,16,73,50,226,18,74,05,207,08,79,10,018,25,1*7C
$GLGSV,2,2,08,80,62,354,45,82,33,154,23,83,55,231,17,84,19,286,26,1*75
$GLGSV,2,1,07,67,11,094,12,73,50,226,26,79,10,018,21,80,62,354,44,3*79
$GLGSV,2,2,07,82,33,154,26,83,55,231,17,84,19,286,22,3*46
$GLGSV,1,1,02,66,02,145,,68,02,047,,0*76
$GAGSV,2,1,07,10,44,144,37,11,74,156,22,12,21,140,24,14,24,096,29,1*70
$GAGSV,2,2,07,16,46,052,44,25,80,189,19,36,51,311,14,1*40
$GAGSV,1,1,02,10,44,144,36,16,46,052,49,5*79
$GAGSV,1,1,04,10,44,144,35,11,74,156,27,12,21,140,21,16,46,052,47,7*72
$GAGSV,1,1,02,02,25,222,,34,02,317,,0*71
$GBGSV,2,1,08,12,19,091,21,19,19,063,15,22,04,014,21,24,19,224,18,3*7F
$GBGSV,2,2,08,26,54,265,23,29,29,127,43,35,62,199,23,39,40,359,48,3*75
$GBGSV,2,1,08,12,19,091,27,19,19,063,16,20,14,109,18,26,54,265,19,5*77
$GBGSV,2,2,08,29,29,127,47,31,30,266,21,35,62,199,13,39,40,359,47,5*7E
$GBGSV,3,1,10,11,09,118,17,12,19,091,21,19,19,063,25,22,04,014,21,8*7B
$GBGSV,3,2,10,24,19,224,25,26,54,265,20,29,29,127,48,31,30,266,23,8*7E
$GBGSV,3,3,10,35,62,199,22,39,40,359,45,8*7D
$GNGLL,3001.74232,S,05112.74997,W,164220.00,A,D*7F
$GNRMC,164221.00,A,3001.74232,S,05112.74998,W,0.046,,090926,,,F,V*16
$GNVTG,,T,,M,0.046,N,0.086,K,D*34
$GNGGA,164221.00,3001.74232,S,05112.74998,W,5,12,0.97,49.7,M,4.8,M,2.0,0920*69
$GNGSA,M,3,18,23,25,28,29,31,05,12,13,,,,1.74,0.97,1.44,1*08
$GNGSA,M,3,80,82,79,84,83,,,,,,,,1.74,0.97,1.44,2*08
$GNGSA,M,3,10,11,12,16,25,,,,,,,,1.74,0.97,1.44,3*00
$GNGSA,M,3,19,26,29,31,35,39,12,,,,,,1.74,0.97,1.44,4*0F
$GPGSV,2,1,07,05,41,113,48,12,29,040,37,13,23,034,43,23,16,355,42,1*67
$GPGSV,2,2,07,25,64,025,53,29,58,168,28,31,21,249,27,1*5F
$GPGSV,3,1,10,05,41,113,44,12,29,040,31,13,23,034,37,18,62,282,23,6*69
$GPGSV,3,2,10,23,16,355,39,25,64,025,48,26,19,223,17,28,27,283,16,6*6A
$GPGSV,3,3,10,29,58,168,23,31,21,249,19,6*6C
$GPGSV,2,1,06,13,23,034,35,18,62,282,16,21,14,137,10,23,16,355,45,8*6E
$GPGSV,2,2,06,25,64,025,54,26,19,223,15,8*63
$GPGSV,1,1,01,15,04,051,,0*50
$GLGSV,2,1,08,67,11,094,14,73,50,226,18,74,05,207,09,79,10,018,25,1*7F
$GLGSV,2,2,08,80,62,354,45,82,33,154,23,83,55,231,17,84,19,286,26,1*75
$GLGSV,2,1,07,67,11,094,11,73,50,226,26,79,10,018,21,80,62,354,44,3*7A
$GLGSV,2,2,07,82,33,154,26,83,55,231,17,84,19,286,21,3*45
$GLGSV,1,1,02,66,02,145,,68,02,047,,0*76
$GAGSV,2,1,07,10,44,144,37,11,74,156,22,12,21,140,24,14,24,096,29,1*70
$GAGSV,2,2,07,16,46,052,44,25,80,189,19,36,51,311,12,1*46
$GAGSV,1,1,02,10,44,144,36,16,46,052,49,5*79
$GAGSV,1,1,04,10,44,144,35,11,74,156,27,12,21,140,20,16,46,052,47,7*73
$GAGSV,1,1,02,02,25,222,,34,02,317,,0*71
$GBGSV,2,1,08,12,19,091,21,19,19,063,12,22,04,014,21,24,19,224,19,3*79
$GBGSV,2,2,08,26,54,265,23,29,29,127,43,35,62,199,22,39,40,359,48,3*74
$GBGSV,2,1,08,12,19,091,27,19,19,063,16,20,14,109,17,26,54,265,19,5*78
$GBGSV,2,2,08,29,29,127,47,31,30,266,21,35,62,199,13,39,40,359,47,5*7E
$GBGSV,3,1,10,11,09,118,17,12,19,091,21,19,19,063,25,22,04,014,21,8*7B
$GBGSV,3,2,10,24,19,224,25,26,54,265,19,29,29,127,48,31,30,266,23,8*74
$GBGSV,3,3,10,35,62,199,23,39,40,359,45,8*7C
$GNGLL,3001.74232,S,05112.74998,W,164221.00,A,D*71
$GNRMC,164222.00,A,3001.74232,S,05112.74997,W,0.000,,090926,,,F,V*18
$GNVTG,,T,,M,0.000,N,0.001,K,D*39
$GNGGA,164222.00,3001.74232,S,05112.74997,W,5,12,0.97,49.7,M,4.8,M,2.0,0920*65
$GNGSA,M,3,18,23,25,28,29,31,05,12,13,,,,1.74,0.97,1.44,1*08
$GNGSA,M,3,80,82,79,84,83,,,,,,,,1.74,0.97,1.44,2*08
$GNGSA,M,3,10,11,12,16,25,,,,,,,,1.74,0.97,1.44,3*00
$GNGSA,M,3,19,26,29,31,35,39,12,,,,,,1.74,0.97,1.44,4*0F
$GPGSV,2,1,07,05,41,113,48,12,29,040,37,13,23,034,43,23,16,355,42,1*67
$GPGSV,2,2,07,25,64,025,53,29,58,166,28,31,21,249,27,1*51
$GPGSV,3,1,10,05,41,113,44,12,29,040,30,13,23,034,37,18,62,282,22,6*69
$GPGSV,3,2,10,23,16,355,39,25,64,025,48,26,19,223,16,28,27,283,17,6*6A
$GPGSV,3,3,10,29,58,166,23,31,21,249,19,6*62
$GPGSV,2,1,06,13,23,034,35,18,62,282,16,21,14,137,11,23,16,355,45,8*6F
$GPGSV,2,2,06,25,64,025,54,26,19,223,17,8*61
$GPGSV,1,1,01,15,04,051,,0*50
$GLGSV,2,1,07,67,11,094,12,73,50,226,18,79,10,018,25,80,62,354,45,1*73
$GLGSV,2,2,07,82,33,154,22,83,55,231,18,84,19,286,26,1*4B
$GLGSV,2,1,07,67,11,094,11,73,50,226,26,79,10,018,21,80,62,354,44,3*7A
$GLGSV,2,2,07,82,33,154,26,83,55,231,17,84,19,286,20,3*44
$GLGSV,1,1,03,66,02,145,,68,02,047,,74,05,207,,0*44
$GAGSV,2,1,07,10,44,144,37,11,74,156,22,12,21,140,24,14,24,096,28,1*71
$GAGSV,2,2,07,16,46,052,44,25,80,189,19,36,51,311,11,1*45
$GAGSV,1,1,02,10,44,144,36,16,46,052,49,5*79
$GAGSV,1,1,04,10,44,144,35,11,74,156,27,12,21,140,20,16,46,052,47,7*73
$GAGSV,1,1,02,02,25,222,,34,02,317,,0*71
$GBGSV,2,1,08,12,19,091,22,19,19,063,10,22,04,014,21,24,19,224,18,3*79
$GBGSV,2,2,08,26,54,265,23,29,29,127,43,35,62,199,22,39,40,359,48,3*74
$GBGSV,2,1,08,12,19,091,27,19,19,063,16,20,14,109,17,26,54,265,19,5*78
$GBGSV,2,2,08,29,29,127,47,31,30,266,21,35,62,199,15,39,40,359,47,5*78
$GBGSV,3,1,10,11,09,118,19,12,19,091,21,19,19,063,25,22,04,014,21,8*75
$GBGSV,3,2,10,24,19,224,25,26,54,265,20,29,29,127,48,31,30,266,23,8*7E
$GBGSV,3,3,10,35,62,199,22,39,40,359,45,8*7D
$GNGLL,3001.74232,S,05112.74997,W,164222.00,A,D*7D
$GNRMC,164223.00,A,3001.74231,S,05112.74997,W,0.059,,090926,,,F,V*16
$GNVTG,,T,,M,0.059,N,0.108,K,D*3D
$GNGGA,164223.00,3001.74231,S,05112.74997,W,5,12,0.97,49.7,M,4.8,M,2.0,0920*67
$GNGSA,M,3,18,23,25,28,29,31,05,12,13,,,,1.74,0.97,1.44,1*08
$GNGSA,M,3,80,82,79,84,83,,,,,,,,1.74,0.97,1.44,2*08
$GNGSA,M,3,10,11,12,16,25,,,,,,,,1.74,0.97,1.44,3*00
$GNGSA,M,3,19,26,29,31,35,39,12,,,,,,1.74,0.97,1.44,4*0F
$GPGSV,2,1,07,05,41,113,48,12,29,040,37,13,23,034,43,23,16,355,42,1*67
$GPGSV,2,2,07,25,64,025,53,29,58,166,28,31,21,249,27,1*51
$GPGSV,3,1,10,05,41,113,44,12,29,040,30,13,23,034,37,18,62,282,22,6*69
$GPGSV,3,2,10,23,16,355,39,25,64,025,48,26,19,223,17,28,27,283,18,6*64
$GPGSV,3,3,10,29,58,166,23,31,21,249,19,6*62
$GPGSV,2,1,06,13,23,034,35,18,62,282,15,21,14,137,11,23,16,355,45,8*6C
$GPGSV,2,2,06,25,64,025,54,26,19,223,17,8*61
$GPGSV,1,1,01,15,04,051,,0*50
$GLGSV,2,1,08,67,11,094,11,73,50,226,18,74,05,207,17,79,10,018,25,1*75
$GLGSV,2,2,08,80,62,354,45,82,33,154,22,83,55,231,18,84,19,286,27,1*7A
$GLGSV,2,1,07,67,11,094,10,73,50,226,26,79,10,018,21,80,62,354,44,3*7B
$GLGSV,2,2,07,82,33,154,25,83,55,231,16,84,19,286,19,3*4C
$GLGSV,1,1,02,66,02,145,,68,02,047,,0*76
$GAGSV,2,1,07,10,44,144,37,11,74,156,22,12,21,140,24,14,24,096,28,1*71
$GAGSV,2,2,07,16,46,052,44,25,80,189,19,36,51,311,12,1*46
$GAGSV,1,1,02,10,44,144,36,16,46,052,49,5*79
$GAGSV,1,1,04,10,44,144,35,11,74,156,27,12,21,140,20,16,46,052,47,7*73
$GAGSV,1,1,02,02,26,222,,34,02,317,,0*72
$GBGSV,2,1,08,12,19,091,22,19,19,063,10,22,04,014,21,24,19,224,19,3*78
$GBGSV,2,2,08,26,54,265,23,29,29,127,43,35,62,199,22,39,40,359,48,3*74
$GBGSV,2,1,08,12,19,091,26,19,19,063,16,20,14,109,17,26,54,265,20,5*73
$GBGSV,2,2,08,29,29,127,47,31,30,266,21,35,62,199,16,39,40,359,47,5*7B
$GBGSV,3,1,10,11,09,118,18,12,19,091,22,19,19,063,25,22,04,014,21,8*77
$GBGSV,3,2,10,24,19,224,25,26,54,265,19,29,29,127,48,31,30,266,24,8*73
$GBGSV,3,3,10,35,62,199,22,39,40,359,45,8*7D
$GNGLL,3001.74231,S,05112.74997,W,164223.00,A,D*7F
$GNRMC,164224.00,A,3001.74231,S,05112.74996,W,0.015,,090926,,,F,V*18
$GNVTG,,T,,M,0.015,N,0.027,K,D*39
$GNGGA,164224.00,3001.74231,S,05112.74996,W,5,12,1.06,49.7,M,4.8,M,2.0,0920*68
$GNGSA,M,3,18,23,25,28,29,31,05,12,13,,,,2.05,1.06,1.75,1*06
$GNGSA,M,3,80,82,79,84,83,,,,,,,,2.05,1.06,1.75,2*06
$GNGSA,M,3,10,11,12,16,25,,,,,,,,2.05,1.06,1.75,3*0E
$GNGSA,M,3,19,26,29,31,35,39,12,,,,,,2.05,1.06,1.75,4*01
$GPGSV,2,1,07,05,41,113,48,12,29,040,38,13,23,034,43,23,16,355,42,1*68
$GPGSV,2,2,07,25,64,025,53,29,58,166,28,31,21,250,28,1*56
$GPGSV,3,1,10,05,41,113,44,12,29,040,30,13,23,034,37,18,62,282,21,6*6A
$GPGSV,3,2,10,23,16,355,39,25,64,025,48,26,19,223,17,28,27,283,20,6*6F
$GPGSV,3,3,10,29,58,166,23,31,21,250,19,6*6A
$GPGSV,2,1,06,13,23,034,35,18,62,282,16,21,14,137,10,23,16,355,45,8*6E
$GPGSV,2,2,06,25,64,025,54,26,19,223,17,8*61
$GPGSV,1,1,01,15,04,051,,0*50
$GLGSV,2,1,07,73,50,226,18,74,05,207,15,79,10,018,25,80,62,354,45,1*7B
$GLGSV,2,2,07,82,33,154,22,83,55,231,18,84,19,286,27,1*4A
$GLGSV,2,1,07,67,11,094,10,73,50,226,25,79,10,018,22,80,62,354,44,3*7B
$GLGSV,2,2,07,82,33,154,26,83,55,231,17,84,19,286,19,3*4E
$GLGSV,1,1,02,66,02,145,,68,02,047,,0*76
$GAGSV,2,1,07,10,44,144,37,11,74,156,22,12,21,140,24,14,24,096,28,1*71
$GAGSV,2,2,07,16,46,052,44,25,80,189,19,36,51,311,11,1*45
$GAGSV,1,1,02,10,44,144,36,16,46,052,49,5*79
$GAGSV,1,1,04,10,44,144,35,11,74,156,27,12,21,140,21,16,46,052,47,7*72
$GAGSV,1,1,02,02,26,222,,34,02,317,,0*72
$GBGSV,2,1,08,12,19,091,22,19,19,063,09,22,04,014,21,24,19,224,19,3*70
$GBGSV,2,2,08,26,54,265,23,29,29,127,43,35,62,199,21,39,40,359,49,3*76
$GBGSV,2,1,08,12,19,091,26,19,19,063,17,20,14,109,16,26,54,265,20,5*73
$GBGSV,2,2,08,29,29,127,47,31,30,266,21,35,62,199,16,39,40,359,47,5*7B
$GBGSV,3,1,10,11,09,118,18,12,19,091,22,19,19,063,25,22,04,014,21,8*77
$GBGSV,3,2,10,24,19,224,25,26,54,265,20,29,29,127,48,31,30,266,24,8*79
$GBGSV,3,3,10,35,62,199,23,39,40,359,45,8*7C
$GNGLL,3001.74231,S,05112.74996,W,164224.00,A,D*79
$GNRMC,164225.00,A,3001.74231,S,05112.74996,W,0.002,,090926,,,F,V*1F
$GNVTG,,T,,M,0.002,N,0.004,K,D*3E
$GNGGA,164225.00,3001.74231,S,05112.74996,W,5,12,1.06,49.7,M,4.8,M,2.0,0920*69
$GNGSA,M,3,18,23,25,28,29,31,05,12,13,,,,2.05,1.06,1.75,1*06
$GNGSA,M,3,80,82,79,84,83,,,,,,,,2.05,1.06,1.75,2*06
$GNGSA,M,3,10,11,12,16,25,,,,,,,,2.05,1.06,1.75,3*0E
$GNGSA,M,3,19,26,29,31,35,39,12,,,,,,2.05,1.06,1.75,4*01
$GPGSV,2,1,07,05,41,113,48,12,29,040,37,13,23,034,43,23,16,355,42,1*67
$GPGSV,2,2,07,25,64,025,53,29,58,166,28,31,21,250,28,1*56
$GPGSV,3,1,10,05,41,113,44,12,29,040,31,13,23,034,37,18,62,282,21,6*6B
$GPGSV,3,2,10,23,16,355,39,25,64,025,48,26,19,223,19,28,27,283,20,6*61
$GPGSV,3,3,10,29,58,166,23,31,21,250,20,6*60
$GPGSV,2,1,06,13,23,034,35,18,62,282,17,21,14,137,08,23,16,355,44,8*67
$GPGSV,2,2,06,25,64,025,53,26,19,223,16,8*67
$GPGSV,1,1,01,15,04,051,,0*50
$GLGSV,2,1,07,73,50,226,20,74,05,207,12,79,10,018,25,80,62,354,46,1*74
$GLGSV,2,2,07,82,33,154,21,83,55,231,19,84,19,286,27,1*48
$GLGSV,2,1,07,67,11,094,09,73,50,226,25,79,10,018,22,80,62,354,44,3*73
$GLGSV,2,2,07,82,33,154,26,83,55,231,16,84,19,286,19,3*4F
$GLGSV,1,1,02,66,02,145,,68,02,047,,0*76
$GAGSV,2,1,07,10,44,144,36,11,74,156,21,12,21,140,23,14,24,096,28,1*74
$GAGSV,2,2,07,16,46,052,43,25,80,189,18,36,51,311,10,1*42
$GAGSV,1,1,02,10,44,144,36,16,46,052,49,5*79
$GAGSV,1,1,04,10,44,144,35,11,74,156,27,12,21,140,21,16,46,052,47,7*72
$GAGSV,1,1,02,02,26,222,,34,02,317,,0*72
$GBGSV,2,1,08,12,19,091,22,19,19,063,15,22,04,014,21,24,19,224,19,3*7D
$GBGSV,2,2,08,26,54,265,23,29,29,127,43,35,62,199,21,39,40,359,49,3*76
$GBGSV,2,1,08,12,19,091,25,19,19,063,17,20,14,109,15,26,54,265,20,5*73
$GBGSV,2,2,08,29,29,127,46,31,30,266,20,35,62,199,15,39,40,359,45,5*7A
$GBGSV,3,1,10,11,09,118,19,12,19,091,22,19,19,063,25,22,04,014,20,8*77
$GBGSV,3,2,10,24,19,224,24,26,54,265,20,29,29,127,48,31,30,266,24,8*78
$GBGSV,3,3,10,35,62,199,23,39,40,359,46,8*7F
$GNGLL,3001.74231,S,05112.74996,W,164225.00,A,D*78
$GNRMC,164226.00,A,3001.74231,S,05112.74996,W,0.012,,090926,,,F,V*1D
$GNVTG,,T,,M,0.012,N,0.023,K,D*3A
$GNGGA,164226.00,3001.74231,S,05112.74996,W,5,12,1.06,49.7,M,4.8,M,2.0,0920*6A
$GNGSA,M,3,18,23,25,28,29,31,05,12,13,,,,2.05,1.06,1.75,1*06
$GNGSA,M,3,80,82,79,84,83,,,,,,,,2.05,1.06,1.75,2*06
$GNGSA,M,3,10,11,12,16,25,,,,,,,,2.05,1.06,1.75,3*0E
$GNGSA,M,3,19,26,29,31,35,39,12,,,,,,2.05,1.06,1.75,4*01
$GPGSV,2,1,07,05,41,113,48,12,29,040,37,13,23,034,43,23,16,355,42,1*67
$GPGSV,2,2,07,25,64,025,53,29,58,166,28,31,21,250,28,1*56
$GPGSV,3,1,10,05,41,113,44,12,29,040,31,13,23,034,37,18,62,282,20,6*6A
$GPGSV,3,2,10,23,16,355,39,25,64,025,48,26,19,223,18,28,27,283,21,6*61
$GPGSV,3,3,10,29,58,166,23,31,21,250,21,6*61
$GPGSV,2,1,06,13,23,034,35,18,62,282,17,21,14,137,08,23,16,355,45,8*66
$GPGSV,2,2,06,25,64,025,54,26,19,223,17,8*61
$GPGSV,1,1,01,15,04,051,,0*50
$GLGSV,2,1,07,73,50,226,20,74,05,207,11,79,10,018,25,80,62,354,46,1*77
$GLGSV,2,2,07,82,33,154,21,83,55,231,19,84,19,286,27,1*48
$GLGSV,2,1,07,67,11,094,10,73,50,226,26,79,10,018,23,80,62,354,44,3*79
$GLGSV,2,2,07,82,33,154,26,83,55,231,17,84,19,286,18,3*4F
$GLGSV,1,1,02,66,02,145,,68,02,047,,0*76
$GAGSV,2,1,07,10,44,144,37,11,74,156,22,12,21,140,24,14,24,096,28,1*71
$GAGSV,2,2,07,16,46,052,44,25,80,189,19,36,51,311,09,1*4C
$GAGSV,1,1,02,10,44,144,36,16,46,052,49,5*79
$GAGSV,1,1,04,10,44,144,35,11,74,156,27,12,21,140,21,16,46,052,47,7*72
$GAGSV,1,1,02,02,26,222,,34,02,317,,0*72
$GBGSV,2,1,08,12,19,091,23,19,19,063,13,22,04,014,21,24,19,224,19,3*7A
$GBGSV,2,2,08,26,54,265,23,29,29,127,43,35,62,199,21,39,40,359,49,3*76
$GBGSV,2,1,08,12,19,091,26,19,19,063,17,20,14,109,15,26,54,265,21,5*71
$GBGSV,2,2,08,29,29,127,47,31,30,266,21,35,62,199,16,39,40,359,47,5*7B
$GBGSV,3,1,10,11,09,118,18,12,19,091,23,19,19,063,25,22,04,014,21,8*76
$GBGSV,3,2,10,24,19,224,24,26,54,265,20,29,29,127,48,31,30,266,25,8*79
$GBGSV,3,3,10,35,62,199,23,39,40,359,46,8*7F
$GNGLL,3001.74231,S,05112.74996,W,164226.00,A,D*7B
$GNRMC,164227.00,A,3001.74231,S,05112.74996,W,0.025,,090926,,,F,V*18
$GNVTG,,T,,M,0.025,N,0.047,K,D*3C
$GNGGA,164227.00,3001.74231,S,05112.74996,W,5,12,1.06,49.7,M,4.8,M,2.0,0920*6B
$GNGSA,M,3,18,23,25,28,29,31,05,12,13,,,,2.05,1.06,1.75,1*06
$GNGSA,M,3,80,82,79,84,83,,,,,,,,2.05,1.06,1.75,2*06
$GNGSA,M,3,10,11,12,16,25,,,,,,,,2.05,1.06,1.75,3*0E
$GNGSA,M,3,19,26,29,31,35,39,12,,,,,,2.05,1.06,1.75,4*01
$GPGSV,2,1,07,05,41,113,48,12,29,040,37,13,23,034,43,23,16,355,42,1*67
$GPGSV,2,2,07,25,64,025,53,29,58,166,28,31,21,250,28,1*56
$GPGSV,3,1,10,05,41,113,44,12,29,040,30,13,23,034,37,18,62,282,20,6*6B
$GPGSV,3,2,10,23,16,355,39,25,64,025,48,26,19,223,19,28,27,283,20,6*61
$GPGSV,3,3,10,29,58,166,23,31,21,250,21,6*61
$GPGSV,2,1,05,13,23,034,35,18,62,282,16,23,16,355,45,25,64,025,54,8*6C
$GPGSV,2,2,05,26,19,223,18,8*5E
$GPGSV,1,1,02,15,04,051,,21,14,137,,0*60
$GLGSV,2,1,07,73,50,226,21,74,05,207,10,79,10,018,25,80,62,354,46,1*77
$GLGSV,2,2,07,82,33,154,21,83,55,231,21,84,19,286,27,1*43
$GLGSV,2,1,07,67,11,094,09,73,50,226,25,79,10,018,23,80,62,354,44,3*72
$GLGSV,2,2,07,82,33,154,26,83,55,231,17,84,19,286,17,3*40
$GLGSV,1,1,02,66,02,145,,68,02,047,,0*76
$GAGSV,2,1,07,10,44,144,37,11,74,156,22,12,21,140,24,14,24,096,28,1*71
$GAGSV,2,2,07,16,46,052,44,25,80,189,19,36,51,311,08,1*4D
$GAGSV,1,1,02,10,44,144,36,16,46,052,49,5*79
$GAGSV,1,1,04,10,44,144,35,11,74,156,27,12,21,140,20,16,46,052,47,7*73
$GAGSV,1,1,02,02,26,222,,34,02,317,,0*72
$GBGSV,2,1,08,12,19,091,22,19,19,063,14,22,04,014,21,24,19,224,18,3*7D
$GBGSV,2,2,08,26,54,265,23,29,29,127,44,35,62,199,21,39,40,359,49,3*71
$GBGSV,2,1,08,12,19,091,25,19,19,063,16,20,14,109,14,26,54,265,20,5*73
$GBGSV,2,2,08,29,29,127,47,31,30,266,21,35,62,199,14,39,40,359,47,5*79
$GBGSV,3,1,10,11,09,118,18,12,19,091,23,19,19,063,25,22,04,014,21,8*76
$GBGSV,3,2,10,24,19,224,23,26,54,265,20,29,29,127,48,31,30,266,25,8*7E
$GBGSV,3,3,10,35,62,199,22,39,40,359,45,8*7D
$GNGLL,3001.74231,S,05112.74996,W,164227.00,A,D*7A
$GNRMC,164228.00,A,3001.74231,S,05112.74995,W,0.039,,090926,,,F,V*19
$GNVTG,,T,,M,0.039,N,0.072,K,D*37
$GNGGA,164228.00,3001.74231,S,05112.74995,W,5,12,1.06,49.7,M,4.8,M,2.0,0920*67
$GNGSA,M,3,18,23,25,28,29,31,05,12,13,,,,2.05,1.06,1.75,1*06
$GNGSA,M,3,80,82,79,84,83,,,,,,,,2.05,1.06,1.75,2*06
$GNGSA,M,3,10,11,12,16,25,,,,,,,,2.05,1.06,1.75,3*0E
$GNGSA,M,3,19,26,29,31,35,39,12,,,,,,2.05,1.06,1.75,4*01
$GPGSV,2,1,07,05,41,113,48,12,29,040,38,13,23,034,43,23,16,355,42,1*68
$GPGSV,2,2,07,25,64,025,53,29,58,166,28,31,21,250,29,1*57
$GPGSV,3,1,10,05,41,113,44,12,29,040,31,13,23,034,37,18,62,282,19,6*60
$GPGSV,3,2,10,23,16,355,39,25,64,025,48,26,19,223,19,28,27,283,20,6*61
$GPGSV,3,3,10,29,58,166,23,31,21,250,21,6*61
$GPGSV,2,1,05,13,23,034,35,18,62,282,16,23,16,355,45,25,64,025,54,8*6C
$GPGSV,2,2,05,26,19,223,17,8*51
$GPGSV,1,1,02,15,04,051,,21,14,137,,0*60
$GLGSV,2,1,07,73,50,226,22,74,05,207,10,79,10,018,25,80,62,354,46,1*74
$GLGSV,2,2,07,82,33,154,21,83,55,231,21,84,19,286,27,1*43
$GLGSV,2,1,07,67,11,094,10,73,50,226,25,79,10,018,23,80,62,354,44,3*7A
$GLGSV,2,2,07,82,33,154,26,83,55,231,17,84,19,286,15,3*42
$GLGSV,1,1,02,66,02,145,,68,02,047,,0*76
$GAGSV,2,1,07,10,44,144,37,11,74,156,22,12,21,140,24,14,24,096,28,1*71
$GAGSV,2,2,07,16,46,052,44,25,80,189,19,36,51,311,08,1*4D
$GAGSV,1,1,02,10,44,144,36,16,46,052,49,5*79
$GAGSV,1,1,04,10,44,144,35,11,74,156,27,12,21,140,21,16,46,052,47,7*72
$GAGSV,1,1,02,02,26,222,,34,02,317,,0*72
$GBGSV,2,1,08,12,19,091,22,19,19,063,16,22,04,014,22,24,19,224,18,3*7C
$GBGSV,2,2,08,26,54,265,23,29,29,127,44,35,62,199,20,39,40,359,49,3*70
$GBGSV,2,1,08,12,19,091,25,19,19,063,15,20,14,109,14,26,54,265,20,5*70
$GBGSV,2,2,08,29,29,127,47,31,30,266,21,35,62,199,15,39,40,359,47,5*78
$GBGSV,3,1,10,11,09,118,18,12,19,091,23,19,19,063,25,22,04,014,21,8*76
$GBGSV,3,2,10,24,19,224,23,26,54,265,20,29,29,127,48,31,30,266,24,8*7F
$GBGSV,3,3,10,35,62,199,22,39,40,359,45,8*7D
$GNGLL,3001.74231,S,05112.74995,W,164228.00,A,D*76
$GNRMC,164229.00,A,3001.74231,S,05112.74995,W,0.006,,090926,,,F,V*14
$GNVTG,,T,,M,0.006,N,0.012,K,D*3D
$GNGGA,164229.00,3001.74231,S,05112.74995,W,5,12,1.06,49.7,M,4.8,M,2.0,0920*66
$GNGSA,M,3,18,23,25,28,29,31,05,12,13,,,,2.05,1.06,1.75,1*06
$GNGSA,M,3,80,82,79,84,83,,,,,,,,2.05,1.06,1.75,2*06
$GNGSA,M,3,10,11,12,16,25,,,,,,,,2.05,1.06,1.75,3*0E
$GNGSA,M,3,19,26,29,31,35,39,12,,,,,,2.05,1.06,1.75,4*01
$GPGSV,2,1,07,05,41,113,48,12,29,040,37,13,23,034,43,23,16,355,42,1*67
$GPGSV,2,2,07,25,64,025,53,29,58,166,28,31,21,250,29,1*57
$GPGSV,3,1,10,05,41,113,44,12,29,040,31,13,23,034,37,18,62,282,19,6*60
$GPGSV,3,2,10,23,16,355,39,25,64,025,48,26,19,223,19,28,27,283,20,6*61
$GPGSV,3,3,10,29,58,166,23,31,21,250,22,6*62
$GPGSV,2,1,05,13,23,034,36,18,62,282,17,23,16,355,45,25,64,025,54,8*6E
$GPGSV,2,2,05,26,19,223,17,8*51
$GPGSV,1,1,02,15,04,051,,21,14,137,,0*60
$GLGSV,2,1,07,73,50,226,22,74,05,207,09,79,10,018,25,80,62,354,46,1*7C
$GLGSV,2,2,07,82,33,154,21,83,55,231,21,84,19,286,27,1*43
$GLGSV,2,1,07,67,11,094,12,73,50,226,25,79,10,018,23,80,62,354,44,3*78
$GLGSV,2,2,07,82,33,154,26,83,55,231,18,84,19,286,13,3*4B
$GLGSV,1,1,02,66,02,145,,68,02,047,,0*76
$GAGSV,2,1,07,10,44,144,37,11,74,156,22,12,21,140,23,14,24,096,28,1*76
$GAGSV,2,2,07,16,46,052,44,25,80,189,19,36,51,311,09,1*4C
$GAGSV,1,1,02,10,44,144,36,16,46,052,50,5*71
$GAGSV,1,1,04,10,44,144,35,11,74,156,26,12,21,140,21,16,46,052,47,7*73
$GAGSV,1,1,02,02,26,222,,34,02,317,,0*72
$GBGSV,2,1,07,12,19,091,23,22,04,014,22,24,19,224,18,26,54,265,24,3*72
$GBGSV,2,2,07,29,29,127,44,35,62,199,20,39,40,359,49,3*4A
$GBGSV,2,1,08,12,19,091,25,19,19,063,15,20,14,109,14,26,54,265,20,5*70
$GBGSV,2,2,08,29,29,127,47,31,30,266,21,35,62,199,16,39,40,359,47,5*7B
$GBGSV,3,1,10,11,09,118,19,12,19,091,23,19,19,063,24,22,04,014,21,8*76
$GBGSV,3,2,10,24,19,224,22,26,54,265,19,29,29,127,48,31,30,266,25,8*75
$GBGSV,3,3,10,35,62,199,22,39,40,359,45,8*7D
$GNGLL,3001.74231,S,05112.74995,W,164229.00,A,D*77
$GNRMC,164230.00,A,3001.74231,S,05112.74995,W,0.014,,090926,,,F,V*1F
$GNVTG,,T,,M,0.014,N,0.027,K,D*38
$GNGGA,164230.00,3001.74231,S,05112.74995,W,5,12,1.11,49.7,M,4.8,M,2.0,0920*68
$GNGSA,M,3,18,23,25,28,29,31,05,12,13,,,,2.23,1.11,1.93,1*0C
$GNGSA,M,3,80,82,79,84,83,,,,,,,,2.23,1.11,1.93,2*0C
$GNGSA,M,3,10,11,12,16,25,,,,,,,,2.23,1.11,1.93,3*04
$GNGSA,M,3,19,26,29,31,35,39,12,,,,,,2.23,1.11,1.93,4*0B
$GPGSV,2,1,07,05,41,113,48,12,29,040,37,13,23,034,43,23,16,355,42,1*67
$GPGSV,2,2,07,25,64,025,53,29,58,166,28,31,21,250,29,1*57
$GPGSV,3,1,10,05,41,113,44,12,29,040,31,13,23,034,37,18,62,282,18,6*61
$GPGSV,3,2,10,23,16,355,39,25,64,025,48,26,19,223,19,28,27,283,21,6*60
$GPGSV,3,3,10,29,58,166,23,31,21,250,22,6*62
$GPGSV,2,1,05,13,23,034,35,18,62,282,16,23,16,355,45,25,64,025,54,8*6C
$GPGSV,2,2,05,26,19,223,17,8*51
$GPGSV,1,1,02,15,04,051,,21,14,137,,0*60
$GLGSV,2,1,07,73,50,226,23,74,05,207,09,79,10,018,25,80,62,354,46,1*7D
$GLGSV,2,2,07,82,33,154,21,83,55,231,20,84,19,286,27,1*42
$GLGSV,2,1,07,67,11,094,13,73,50,226,25,79,10,018,23,80,62,354,44,3*79
$GLGSV,2,2,07,82,33,154,26,83,55,231,17,84,19,286,09,3*4F
$GLGSV,1,1,02,66,02,145,,68,02,047,,0*76
$GAGSV,2,1,07,10,44,144,37,11,74,156,22,12,21,140,24,14,24,096,28,1*71
$GAGSV,2,2,07,16,46,052,44,25,80,189,19,36,51,311,08,1*4D
$GAGSV,1,1,02,10,44,144,36,16,46,052,50,5*71
$GAGSV,1,1,04,10,44,144,35,11,74,156,27,12,21,140,21,16,46,052,47,7*72
$GAGSV,1,1,02,02,26,222,,34,02,317,,0*72
$GBGSV,2,1,07,12,19,091,22,22,04,014,22,24,19,224,18,26,54,265,23,3*74
$GBGSV,2,2,07,29,29,127,44,35,62,199,20,39,40,359,49,3*4A
$GBGSV,2,1,08,12,19,091,25,19,19,063,15,20,14,109,13,26,54,265,20,5*77
$GBGSV,2,2,08,29,29,127,47,31,30,266,20,35,62,199,16,39,40,359,47,5*7A
$GBGSV,3,1,10,11,09,118,18,12,19,091,23,19,19,063,24,22,04,014,22,8*74
$GBGSV,3,2,10,24,19,224,22,26,54,265,19,29,29,127,48,31,30,266,25,8*75
$GBGSV,3,3,10,35,62,199,23,39,40,359,45,8*7C
$GNGLL,3001.74231,S,05112.74995,W,164230.00,A,D*7F
$GNRMC,164231.00,A,3001.74231,S,05112.74996,W,0.019,,090926,,,F,V*10
$GNVTG,,T,,M,0.019,N,0.034,K,D*37
$GNGGA,164231.00,3001.74231,S,05112.74996,W,5,12,1.06,49.7,M,4.8,M,2.0,0920*6C
$GNGSA,M,3,18,23,25,28,29,31,05,12,13,,,,2.05,1.06,1.75,1*06
$GNGSA,M,3,80,82,79,84,83,,,,,,,,2.05,1.06,1.75,2*06
$GNGSA,M,3,10,11,12,16,25,,,,,,,,2.05,1.06,1.75,3*0E
$GNGSA,M,3,19,26,29,31,35,39,12,,,,,,2.05,1.06,1.75,4*01
$GPGSV,2,1,07,05,41,113,48,12,29,040,38,13,23,034,43,23,16,355,42,1*68
$GPGSV,2,2,07,25,64,025,53,29,58,166,27,31,21,250,30,1*50
$GPGSV,3,1,10,05,41,113,44,12,29,040,31,13,23,034,37,18,62,282,18,6*61
$GPGSV,3,2,10,23,16,355,39,25,64,025,48,26,19,223,19,28,27,283,20,6*61
$GPGSV,3,3,10,29,58,166,23,31,21,250,21,6*61
$GPGSV,2,1,05,13,23,034,36,18,62,282,17,23,16,355,45,25,64,025,54,8*6E
$GPGSV,2,2,05,26,19,223,17,8*51
$GPGSV,1,1,02,15,04,051,,21,14,137,,0*60
$GLGSV,2,1,06,73,50,226,23,79,10,018,25,80,62,354,46,82,33,154,21,1*7F
$GLGSV,2,2,06,83,55,231,19,84,19,286,27,1*70
$GLGSV,2,1,07,67,11,094,11,73,50,226,24,79,10,018,24,80,62,354,44,3*7D
$GLGSV,2,2,07,82,33,154,26,83,55,231,17,84,19,286,08,3*4E
$GLGSV,1,1,03,66,02,145,,68,02,047,,74,05,207,,0*44
$GAGSV,2,1,07,10,44,144,37,11,74,156,22,12,21,140,24,14,24,096,28,1*71
$GAGSV,2,2,07,16,46,052,44,25,80,189,19,36,51,311,08,1*4D
$GAGSV,1,1,02,10,44,144,36,16,46,052,50,5*71
$GAGSV,1,1,04,10,44,144,35,11,74,156,26,12,21,140,21,16,46,052,47,7*73
$GAGSV,1,1,02,02,26,222,,34,02,317,,0*72
$GBGSV,2,1,07,12,19,091,22,22,04,014,22,24,19,224,18,26,54,265,23,3*74
$GBGSV,2,2,07,29,29,127,44,35,62,199,19,39,40,359,49,3*40
$GBGSV,2,1,08,12,19,091,25,19,19,063,16,20,14,109,11,26,54,265,20,5*76
$GBGSV,2,2,08,29,29,127,47,31,30,266,20,35,62,199,17,39,40,359,47,5*7B
$GBGSV,3,1,10,11,09,118,17,12,19,091,23,19,19,063,25,22,04,014,22,8*7A
$GBGSV,3,2,10,24,19,224,21,26,54,265,20,29,29,127,48,31,30,266,25,8*7C
$GBGSV,3,3,10,35,62,199,22,39,40,359,46,8*7E
$GNGLL,3001.74231,S,05112.74996,W,164231.00,A,D*7D
$GNRMC,164232.00,A,3001.74231,S,05112.74995,W,0.006,,090926,,,F,V*1E
$GNVTG,,T,,M,0.006,N,0.010,K,D*3F
$GNGGA,164232.00,3001.74231,S,05112.74995,W,5,12,1.11,49.7,M,4.8,M,2.0,0920*6A
$GNGSA,M,3,18,23,25,28,29,31,05,12,13,,,,2.23,1.11,1.93,1*0C
$GNGSA,M,3,80,82,79,84,83,,,,,,,,2.23,1.11,1.93,2*0C
$GNGSA,M,3,10,11,12,16,25,,,,,,,,2.23,1.11,1.93,3*04
$GNGSA,M,3,19,26,29,31,35,39,12,,,,,,2.23,1.11,1.93,4*0B
$GPGSV,2,1,07,05,41,113,48,12,29,040,37,13,23,034,43,23,16,355,42,1*67
$GPGSV,2,2,07,25,64,025,53,29,58,166,27,31,21,250,30,1*50
$GPGSV,3,1,10,05,41,113,44,12,29,040,31,13,23,034,37,18,62,282,16,6*6F
$GPGSV,3,2,10,23,16,355,39,25,64,025,48,26,19,223,19,28,27,283,19,6*6B
$GPGSV,3,3,10,29,58,166,23,31,21,250,22,6*62
$GPGSV,2,1,05,13,23,034,35,18,62,282,16,23,16,355,45,25,64,025,54,8*6C
$GPGSV,2,2,05,26,19,223,17,8*51
$GPGSV,1,1,02,15,04,051,,21,14,137,,0*60
$GLGSV,2,1,06,73,50,226,23,79,10,018,25,80,62,354,46,82,33,154,21,1*7F
$GLGSV,2,2,06,83,55,231,20,84,19,286,26,1*7B
$GLGSV,2,1,07,67,11,094,09,73,50,226,24,79,10,018,24,80,62,354,44,3*74
$GLGSV,2,2,07,82,33,154,26,83,55,231,18,84,19,286,09,3*40
$GLGSV,1,1,03,66,02,145,,68,02,047,,74,05,207,,0*44
$GAGSV,2,1,07,10,44,144,37,11,74,156,22,12,21,140,24,14,24,096,27,1*7E
$GAGSV,2,2,07,16,46,052,44,25,80,189,18,36,51,311,07,1*43
$GAGSV,1,1,02,10,44,144,37,16,46,052,50,5*70
$GAGSV,1,1,04,10,44,144,35,11,74,156,27,12,21,140,21,16,46,052,47,7*72
$GAGSV,1,1,02,02,26,222,,34,02,317,,0*72
$GBGSV,2,1,07,12,19,091,23,22,04,014,22,24,19,224,18,26,54,265,22,3*74
$GBGSV,2,2,07,29,29,127,44,35,62,199,19,39,40,359,49,3*40
$GBGSV,2,1,08,12,19,091,25,19,19,063,16,20,14,109,10,26,54,265,21,5*76
$GBGSV,2,2,08,29,29,127,47,31,30,266,20,35,62,199,17,39,40,359,47,5*7B
$GBGSV,3,1,10,11,09,118,17,12,19,091,24,19,19,063,25,22,04,014,22,8*7D
$GBGSV,3,2,10,24,19,224,21,26,54,265,20,29,29,127,48,31,30,266,25,8*7C
$GBGSV,3,3,10,35,62,199,22,39,40,359,45,8*7D
$GNGLL,3001.74231,S,05112.74995,W,164232.00,A,D*7D
$GNRMC,164233.00,A,3001.74231,S,05112.74995,W,0.018,,090926,,,F,V*10
$GNVTG,,T,,M,0.018,N,0.033,K,D*31
$GNGGA,164233.00,3001.74231,S,05112.74995,W,5,12,1.06,49.7,M,4.8,M,2.0,0920*6D
$GNGSA,M,3,18,23,25,28,29,31,05,12,13,,,,2.05,1.06,1.75,1*06
$GNGSA,M,3,80,82,79,84,83,,,,,,,,2.05,1.06,1.75,2*06
$GNGSA,M,3,10,11,12,16,25,,,,,,,,2.05,1.06,1.75,3*0E
$GNGSA,M,3,19,26,29,31,35,39,12,,,,,,2.05,1.06,1.75,4*01
$GPGSV,2,1,07,05,41,113,48,12,29,040,38,13,23,034,43,23,16,355,42,1*68
$GPGSV,2,2,07,25,64,025,53,29,58,166,27,31,21,250,30,1*50
$GPGSV,3,1,10,05,41,113,44,12,29,040,31,13,23,034,37,18,62,282,16,6*6F
$GPGSV,3,2,10,23,16,355,38,25,64,025,48,26,19,223,19,28,27,283,18,6*6B
$GPGSV,3,3,10,29,58,166,22,31,21,250,22,6*63
$GPGSV,2,1,05,13,23,034,36,18,62,282,17,23,16,355,45,25,64,025,54,8*6E
$GPGSV,2,2,05,26,19,223,17,8*51
$GPGSV,1,1,02,15,04,051,,21,14,137,,0*60
$GLGSV,2,1,06,73,50,226,23,79,10,018,25,80,62,354,46,82,33,154,20,1*7E
$GLGSV,2,2,06,83,55,231,21,84,19,286,26,1*7A
$GLGSV,2,1,06,67,11,094,09,73,50,226,23,79,10,018,24,80,62,354,44,3*72
$GLGSV,2,2,06,82,33,154,26,83,55,231,18,3*70
$GLGSV,1,1,03,66,02,145,,68,02,047,,74,05,207,,0*44
$GAGSV,2,1,07,10,44,144,37,11,74,156,22,12,21,140,25,14,24,096,28,1*70
$GAGSV,2,2,07,16,46,052,44,25,80,189,18,36,51,311,08,1*4C
$GAGSV,1,1,02,10,44,144,37,16,46,052,50,5*70
$GAGSV,1,1,04,10,44,144,35,11,74,156,26,12,21,140,21,16,46,052,47,7*73
$GAGSV,1,1,02,02,26,222,,34,02,317,,0*72
$GBGSV,2,1,07,12,19,091,23,22,04,014,22,24,19,224,19,26,54,265,22,3*75
$GBGSV,2,2,07,29,29,127,44,35,62,199,19,39,40,359,49,3*40
$GBGSV,2,1,08,12,19,091,25,19,19,063,16,20,14,109,11,26,54,265,20,5*76
$GBGSV,2,2,08,29,29,127,47,31,30,266,21,35,62,199,16,39,40,359,47,5*7B
$GBGSV,3,1,10,11,09,118,18,12,19,091,24,19,19,063,25,22,04,014,22,8*72
$GBGSV,3,2,10,24,19,224,21,26,54,265,20,29,29,127,48,31,30,266,25,8*7C
$GBGSV,3,3,10,35,62,199,23,39,40,359,45,8*7C
$GNGLL,3001.74231,S,05112.74995,W,164233.00,A,D*7C
$GNRMC,164234.00,A,3001.74230,S,05112.74995,W,0.010,,090926,,,F,V*1E
$GNVTG,,T,,M,0.010,N,0.018,K,D*30
$GNGGA,164234.00,3001.74230,S,05112.74995,W,5,12,1.06,49.7,M,4.8,M,2.0,0920*6B
$GNGSA,M,3,18,23,25,28,29,31,05,12,13,,,,2.05,1.06,1.75,1*06
$GNGSA,M,3,80,82,79,84,83,,,,,,,,2.05,1.06,1.75,2*06
$GNGSA,M,3,10,11,12,16,25,,,,,,,,2.05,1.06,1.75,3*0E
$GNGSA,M,3,19,26,29,31,35,39,12,,,,,,2.05,1.06,1.75,4*01
$GPGSV,2,1,07,05,41,113,48,12,29,040,37,13,23,034,43,23,16,355,42,1*67
$GPGSV,2,2,07,25,64,025,53,29,58,166,27,31,21,250,30,1*50
$GPGSV,3,1,10,05,41,113,44,12,29,040,31,13,23,034,37,18,62,282,16,6*6F
$GPGSV,3,2,10,23,16,355,38,25,64,025,48,26,19,223,19,28,27,283,18,6*6B
$GPGSV,3,3,10,29,58,166,22,31,21,250,22,6*63
$GPGSV,2,1,05,13,23,034,36,18,62,282,17,23,16,355,45,25,64,025,54,8*6E
$GPGSV,2,2,05,26,19,223,18,8*5E
$GPGSV,1,1,02,15,04,051,,21,14,137,,0*60
$GLGSV,2,1,06,73,50,226,23,79,10,018,25,80,62,354,46,82,33,154,20,1*7E
$GLGSV,2,2,06,83,55,231,20,84,19,286,25,1*78
$GLGSV,2,1,06,67,11,094,10,73,50,226,22,79,10,018,25,80,62,354,44,3*7A
$GLGSV,2,2,06,82,33,154,26,83,55,231,17,3*7F
$GLGSV,1,1,03,66,02,145,,68,02,047,,74,05,207,,0*44
$GAGSV,2,1,07,10,44,144,37,11,74,156,22,12,21,140,24,14,24,096,28,1*71
$GAGSV,2,2,07,16,46,052,44,25,80,189,19,36,51,311,08,1*4D
$GAGSV,1,1,02,10,44,144,37,16,46,052,50,5*70
$GAGSV,1,1,04,10,44,144,35,11,74,156,26,12,21,140,21,16,46,052,47,7*73
$GAGSV,1,1,02,02,26,222,,34,02,317,,0*72
$GBGSV,2,1,07,12,19,091,23,22,04,014,22,24,19,224,18,26,54,265,22,3*74
$GBGSV,2,2,07,29,29,127,44,35,62,199,18,39,40,359,49,3*41
$GBGSV,2,1,08,12,19,091,24,19,19,063,16,20,14,109,10,26,54,265,21,5*77
$GBGSV,2,2,08,29,29,127,47,31,30,266,21,35,62,199,16,39,40,359,47,5*7B
$GBGSV,3,1,10,11,09,118,19,12,19,091,24,19,19,063,25,22,04,014,22,8*73
$GBGSV,3,2,10,24,19,224,21,26,54,265,20,29,29,127,48,31,30,266,25,8*7C
$GBGSV,3,3,10,35,62,199,23,39,40,359,45,8*7C
$GNGLL,3001.74230,S,05112.74995,W,164234.00,A,D*7A
$GNRMC,164235.00,A,3001.74230,S,05112.74995,W,0.007,,090926,,,F,V*19
$GNVTG,,T,,M,0.007,N,0.013,K,D*3D
$GNGGA,164235.00,3001.74230,S,05112.74995,W,5,12,1.06,49.7,M,4.8,M,2.0,0920*6A
$GNGSA,M,3,18,23,25,28,29,31,05,12,13,,,,2.05,1.06,1.75,1*06
$GNGSA,M,3,80,82,79,84,83,,,,,,,,2.05,1.06,1.75,2*06
$GNGSA,M,3,10,11,12,16,25,,,,,,,,2.05,1.06,1.75,3*0E
$GNGSA,M,3,19,26,29,31,35,39,12,,,,,,2.05,1.06,1.75,4*01
$GPGSV,2,1,07,05,41,113,48,12,29,040,38,13,23,034,43,23,16,355,42,1*68
$GPGSV,2,2,07,25,64,025,53,29,58,166,27,31,21,250,31,1*51
$GPGSV,3,1,10,05,41,113,44,12,29,040,31,13,23,034,37,18,62,282,16,6*6F
$GPGSV,3,2,10,23,16,355,38,25,64,025,48,26,19,223,19,28,27,283,18,6*6B
$GPGSV,3,3,10,29,58,166,22,31,21,250,23,6*62
$GPGSV,2,1,05,13,23,034,36,18,62,282,17,23,16,355,45,25,64,025,54,8*6E
$GPGSV,2,2,05,26,19,223,18,8*5E
$GPGSV,1,1,02,15,04,051,,21,14,137,,0*60
$GLGSV,2,1,06,73,50,226,23,79,10,018,25,80,62,354,46,82,33,154,21,1*7F
$GLGSV,2,2,06,83,55,231,19,84,19,286,25,1*72
$GLGSV,2,1,06,67,11,094,12,73,50,226,21,79,10,018,25,80,62,354,44,3*7B
$GLGSV,2,2,06,82,33,154,26,83,55,231,16,3*7E
$GLGSV,1,1,03,66,02,145,,68,02,047,,74,05,207,,0*44
$GAGSV,2,1,07,10,44,144,37,11,74,156,22,12,21,140,25,14,24,096,28,1*70
$GAGSV,2,2,07,16,46,052,44,25,80,189,19,36,51,311,08,1*4D
$GAGSV,1,1,02,10,44,144,37,16,46,052,50,5*70
$GAGSV,1,1,04,10,44,144,35,11,74,156,26,12,21,140,21,16,46,052,47,7*73
$GAGSV,1,1,02,02,26,222,,34,02,317,,0*72
$GBGSV,2,1,07,12,19,091,23,22,04,014,21,24,19,224,18,26,54,265,22,3*77
$GBGSV,2,2,07,29,29,127,44,35,62,199,17,39,40,359,49,3*4E
$GBGSV,2,1,07,12,19,091,24,19,19,063,16,26,54,265,20,29,29,127,47,5*70
$GBGSV,2,2,07,31,30,266,20,35,62,199,15,39,40,359,47,5*41
$GBGSV,3,1,10,11,09,118,19,12,19,091,24,19,19,063,25,22,04,014,22,8*73
$GBGSV,3,2,10,24,19,224,20,26,54,265,20,29,29,127,48,31,30,266,26,8*7E
$GBGSV,3,3,10,35,62,199,23,39,40,359,45,8*7C
$GBGSV,1,1,01,20,14,109,,0*49
$GNGLL,3001.74230,S,05112.74995,W,164235.00,A,D*7B
