$GNRMC,171053.00,A,3001.74300,S,05112.74991,W,0.009,,090926,,,A,V*10
$GNVTG,,T,,M,0.009,N,0.017,K,A*32
$GNGGA,171053.00,3001.74300,S,05112.74991,W,1,12,0.58,50.4,M,4.8,M,,*48
$GNGSA,M,3,12,13,18,23,25,26,28,29,31,05,,,1.18,0.58,1.03,1*06
$GNGSA,M,3,16,25,36,10,11,,,,,,,,1.18,0.58,1.03,3*0C
$GNGSA,M,3,12,19,20,22,24,26,29,31,35,39,,,1.18,0.58,1.03,4*01
$GPGSV,3,1,11,05,35,127,43,10,01,342,31,12,17,034,36,13,11,030,24,1*61
$GPGSV,3,2,11,18,68,250,18,23,28,357,43,25,49,019,50,26,29,227,07,1*69
$GPGSV,3,3,11,28,21,295,23,29,57,142,38,31,20,263,25,1*57
$GPGSV,3,1,10,05,35,127,39,10,01,342,33,12,17,034,30,13,11,030,19,6*60
$GPGSV,3,2,10,23,28,357,41,25,49,019,45,26,29,227,16,28,21,295,16,6*60
$GPGSV,3,3,10,29,57,142,28,31,20,263,28,6*6B
$GPGSV,2,1,07,10,01,342,27,13,11,030,26,18,68,250,26,23,28,357,46,8*60
$GPGSV,2,2,07,25,49,019,52,26,29,227,24,28,21,295,24,8*50
$GPGSV,1,1,04,15,11,061,,16,01,219,,20,03,088,,21,05,143,,0*6F
$GAGSV,2,1,06,10,34,142,36,11,62,156,14,14,21,088,28,16,36,041,43,1*7B
$GAGSV,2,2,06,25,88,056,35,36,59,295,23,1*77
$GAGSV,1,1,02,16,36,041,50,25,88,056,36,5*70
$GAGSV,2,1,06,10,34,142,32,11,62,156,30,14,21,088,20,16,36,041,46,7*72
$GAGSV,2,2,06,25,88,056,37,36,59,295,14,7*77
$GAGSV,1,1,03,02,35,221,,12,12,137,,34,09,310,,0*4B
$GBGSV,3,1,10,12,22,102,22,19,26,073,44,20,15,121,20,22,13,021,29,3*73
$GBGSV,3,2,10,24,26,232,23,26,52,286,22,29,22,118,39,31,36,254,19,3*7E
$GBGSV,3,3,10,35,60,176,21,39,28,001,47,3*74
$GBGSV,3,1,10,12,22,102,17,19,26,073,48,20,15,121,19,22,13,021,26,5*7A
$GBGSV,3,2,10,24,26,232,18,26,52,286,18,29,22,118,34,31,36,254,18,5*75
$GBGSV,3,3,10,35,60,176,22,39,28,001,45,5*73
$GBGSV,3,1,10,12,22,102,32,19,26,073,45,20,15,121,17,22,13,021,26,8*73
$GBGSV,3,2,10,24,26,232,28,26,52,286,24,29,22,118,36,31,36,254,18,8*76
$GBGSV,3,3,10,35,60,176,26,39,28,001,46,8*79
$GBGSV,1,1,01,11,03,110,,0*45
$GNGLL,3001.74300,S,05112.74991,W,171053.00,A,A*7E
$GNRMC,171054.00,A,3001.74300,S,05112.74991,W,0.009,,090926,,,A,V*17
$GNVTG,,T,,M,0.009,N,0.016,K,A*33
$GNGGA,171054.00,3001.74300,S,05112.74991,W,1,12,0.58,50.4,M,4.8,M,,*4F
$GNGSA,M,3,12,13,18,23,25,26,28,29,31,05,,,1.18,0.58,1.03,1*06
$GNGSA,M,3,16,25,36,10,11,,,,,,,,1.18,0.58,1.03,3*0C
$GNGSA,M,3,12,19,20,22,24,26,29,31,35,39,,,1.18,0.58,1.03,4*01
$GPGSV,3,1,11,05,35,127,43,10,01,342,31,12,17,034,36,13,11,030,24,1*61
$GPGSV,3,2,11,18,68,250,18,23,28,357,43,25,49,019,50,26,29,227,08,1*66
$GPGSV,3,3,11,28,21,295,23,29,57,142,38,31,20,263,25,1*57
$GPGSV,3,1,10,05,35,127,39,10,01,342,33,12,17,034,30,13,11,030,19,6*60
$GPGSV,3,2,10,23,28,357,41,25,49,019,45,26,29,227,16,28,21,295,14,6*62
$GPGSV,3,3,10,29,57,142,28,31,20,263,28,6*6B
$GPGSV,2,1,07,10,01,342,27,13,11,030,26,18,68,250,26,23,28,357,46,8*60
$GPGSV,2,2,07,25,49,019,52,26,29,227,24,28,21,295,23,8*57
$GPGSV,1,1,04,15,11,061,,16,01,219,,20,03,088,,21,05,143,,0*6F
$GAGSV,2,1,06,10,34,142,36,11,62,156,14,14,21,088,28,16,36,041,43,1*7B
$GAGSV,2,2,06,25,88,056,35,36,59,295,22,1*76
$GAGSV,1,1,02,16,36,041,50,25,88,056,36,5*70
$GAGSV,2,1,06,10,34,142,32,11,62,156,30,14,21,088,20,16,36,041,46,7*72
$GAGSV,2,2,06,25,88,056,37,36,59,295,14,7*77
$GAGSV,1,1,03,02,35,221,,12,12,137,,34,09,310,,0*4B
$GBGSV,3,1,10,12,22,102,21,19,26,073,44,20,15,121,19,22,13,021,29,3*7A
$GBGSV,3,2,10,24,26,232,23,26,52,286,22,29,22,118,39,31,36,254,19,3*7E
$GBGSV,3,3,10,35,60,176,21,39,28,001,47,3*74
$GBGSV,3,1,10,12,22,102,17,19,26,073,48,20,15,121,19,22,13,021,25,5*79
$GBGSV,3,2,10,24,26,232,18,26,52,286,18,29,22,118,34,31,36,254,18,5*75
$GBGSV,3,3,10,35,60,176,22,39,28,001,45,5*73
$GBGSV,3,1,10,12,22,102,32,19,26,073,45,20,15,121,18,22,13,021,26,8*7C
$GBGSV,3,2,10,24,26,232,28,26,52,286,24,29,22,118,36,31,36,254,19,8*77
$GBGSV,3,3,10,35,60,176,26,39,28,001,46,8*79
$GBGSV,1,1,01,11,03,110,,0*45
$GNGLL,3001.74300,S,05112.74991,W,171054.00,A,A*79
$GNRMC,171055.00,A,3001.74300,S,05112.74991,W,0.009,,090926,,,A,V*16
$GNVTG,,T,,M,0.009,N,0.016,K,A*33
$GNGGA,171055.00,3001.74300,S,05112.74991,W,1,12,0.56,50.4,M,4.8,M,,*40
$GNGSA,M,3,12,13,18,23,25,26,28,29,31,05,,,1.15,0.56,1.01,1*07
$GNGSA,M,3,16,25,36,10,11,,,,,,,,1.15,0.56,1.01,3*0D
$GNGSA,M,3,12,19,20,22,24,26,29,31,35,39,,,1.15,0.56,1.01,4*00
$GPGSV,3,1,11,05,35,127,43,10,01,342,32,12,17,034,36,13,11,030,24,1*62
$GPGSV,3,2,11,18,68,250,17,23,28,357,43,25,49,019,50,26,29,227,15,1*65
$GPGSV,3,3,11,28,21,295,23,29,57,142,38,31,20,263,25,1*57
$GPGSV,3,1,10,05,35,127,39,10,01,342,33,12,17,034,30,13,11,030,19,6*60
$GPGSV,3,2,10,23,28,357,41,25,49,019,45,26,29,227,16,28,21,295,16,6*60
$GPGSV,3,3,10,29,57,142,28,31,20,263,28,6*6B
$GPGSV,2,1,07,10,01,342,27,13,11,030,26,18,68,250,26,23,28,357,46,8*60
$GPGSV,2,2,07,25,49,019,52,26,29,227,24,28,21,295,24,8*50
$GPGSV,1,1,04,15,11,061,,16,01,219,,20,03,088,,21,05,143,,0*6F
$GAGSV,2,1,06,10,34,142,36,11,62,156,14,14,21,088,28,16,36,041,43,1*7B
$GAGSV,2,2,06,25,88,056,35,36,59,295,22,1*76
$GAGSV,1,1,02,16,36,041,50,25,88,056,36,5*70
$GAGSV,2,1,06,10,34,142,32,11,62,156,30,14,21,088,20,16,36,041,46,7*72
$GAGSV,2,2,06,25,88,056,37,36,59,295,13,7*70
$GAGSV,1,1,03,02,35,221,,12,12,137,,34,09,310,,0*4B
$GBGSV,3,1,10,12,22,102,21,19,26,073,44,20,15,121,20,22,13,021,29,3*70
$GBGSV,3,2,10,24,26,232,22,26,52,286,22,29,22,118,39,31,36,254,19,3*7F
$GBGSV,3,3,10,35,60,176,21,39,28,001,47,3*74
$GBGSV,3,1,10,12,22,102,17,19,26,073,48,20,15,121,19,22,13,021,26,5*7A
$GBGSV,3,2,10,24,26,232,19,26,52,286,18,29,22,118,33,31,36,254,18,5*73
$GBGSV,3,3,10,35,60,176,22,39,28,001,45,5*73
$GBGSV,3,1,10,12,22,102,32,19,26,073,45,20,15,121,18,22,13,021,26,8*7C
$GBGSV,3,2,10,24,26,232,28,26,52,286,24,29,22,118,36,31,36,254,19,8*77
$GBGSV,3,3,10,35,60,176,26,39,28,001,46,8*79
$GBGSV,1,1,01,11,03,110,,0*45
$GNGLL,3001.74300,S,05112.74991,W,171055.00,A,A*78
$GNRMC,171056.00,A,3001.74300,S,05112.74991,W,0.030,,090926,,,A,V*1F
$GNVTG,,T,,M,0.030,N,0.055,K,A*3E
$GNGGA,171056.00,3001.74300,S,05112.74991,W,1,12,0.58,50.4,M,4.8,M,,*4D
$GNGSA,M,3,12,13,18,23,25,26,28,29,31,05,,,1.18,0.58,1.03,1*06
$GNGSA,M,3,16,25,36,10,11,,,,,,,,1.18,0.58,1.03,3*0C
$GNGSA,M,3,12,19,20,22,24,26,29,31,35,39,,,1.18,0.58,1.03,4*01
$GPGSV,3,1,11,05,35,127,43,10,01,342,31,12,17,034,36,13,11,030,24,1*61
$GPGSV,3,2,11,18,68,250,17,23,28,357,43,25,49,019,50,26,29,227,14,1*64
$GPGSV,3,3,11,28,21,295,23,29,57,142,38,31,20,263,25,1*57
$GPGSV,3,1,10,05,35,127,39,10,01,342,33,12,17,034,30,13,11,030,19,6*60
$GPGSV,3,2,10,23,28,357,41,25,49,019,45,26,29,227,15,28,21,295,16,6*63
$GPGSV,3,3,10,29,57,142,28,31,20,263,28,6*6B
$GPGSV,2,1,07,10,01,342,27,13,11,030,26,18,68,250,25,23,28,357,46,8*63
$GPGSV,2,2,07,25,49,019,52,26,29,227,24,28,21,295,24,8*50
$GPGSV,1,1,04,15,11,061,,16,01,219,,20,03,088,,21,05,143,,0*6F
$GAGSV,2,1,06,10,34,142,36,11,62,156,15,14,21,088,28,16,36,041,43,1*7A
$GAGSV,2,2,06,25,88,056,35,36,59,295,22,1*76
$GAGSV,1,1,02,16,36,041,50,25,88,056,36,5*70
$GAGSV,2,1,05,10,34,142,32,11,62,156,30,14,21,088,21,16,36,041,46,7*70
$GAGSV,2,2,05,25,88,056,38,7*49
$GAGSV,1,1,03,02,35,221,,12,12,137,,34,09,310,,0*4B
$GBGSV,3,1,10,12,22,102,20,19,26,073,44,20,15,121,20,22,13,021,29,3*71
$GBGSV,3,2,10,24,26,232,23,26,52,286,22,29,22,118,39,31,36,254,19,3*7E
$GBGSV,3,3,10,35,60,176,21,39,28,001,47,3*74
$GBGSV,3,1,10,12,22,102,18,19,26,073,48,20,15,121,20,22,13,021,25,5*7C
$GBGSV,3,2,10,24,26,232,19,26,52,286,18,29,22,118,34,31,36,254,18,5*74
$GBGSV,3,3,10,35,60,176,23,39,28,001,45,5*72
$GBGSV,3,1,10,12,22,102,32,19,26,073,45,20,15,121,19,22,13,021,26,8*7D
$GBGSV,3,2,10,24,26,232,28,26,52,286,23,29,22,118,36,31,36,254,19,8*70
$GBGSV,3,3,10,35,60,176,26,39,28,001,46,8*79
$GBGSV,1,1,01,11,03,110,,0*45
$GNGLL,3001.74300,S,05112.74991,W,171056.00,A,A*7B
$GNRMC,171057.00,A,3001.74300,S,05112.74991,W,0.026,,090926,,,A,V*19
$GNVTG,,T,,M,0.026,N,0.047,K,A*3A
$GNGGA,171057.00,3001.74300,S,05112.74991,W,1,12,0.58,50.4,M,4.8,M,,*4C
$GNGSA,M,3,12,13,18,23,25,26,28,29,31,05,,,1.18,0.58,1.03,1*06
$GNGSA,M,3,16,25,36,10,11,,,,,,,,1.18,0.58,1.03,3*0C
$GNGSA,M,3,12,19,20,22,24,26,29,31,35,39,,,1.18,0.58,1.03,4*01
$GPGSV,3,1,12,05,35,127,43,10,01,342,31,12,17,034,36,13,11,030,24,1*62
$GPGSV,3,2,12,16,01,219,29,18,68,250,17,23,28,357,43,25,49,019,50,1*6D
$GPGSV,3,3,12,26,29,227,14,28,21,295,23,29,57,142,38,31,20,263,25,1*69
$GPGSV,3,1,10,05,35,127,39,10,01,342,32,12,17,034,30,13,11,030,18,6*60
$GPGSV,3,2,10,23,28,357,41,25,49,019,45,26,29,227,15,28,21,295,16,6*63
$GPGSV,3,3,10,29,57,142,28,31,20,263,28,6*6B
$GPGSV,2,1,07,10,01,342,26,13,11,030,26,18,68,250,25,23,28,357,46,8*62
$GPGSV,2,2,07,25,49,019,52,26,29,227,24,28,21,295,23,8*57
$GPGSV,1,1,03,15,11,061,,20,03,088,,21,05,143,,0*54
$GAGSV,2,1,06,10,34,142,36,11,62,156,15,14,21,088,28,16,36,041,43,1*7A
$GAGSV,2,2,06,25,88,043,35,36,59,295,22,1*72
$GAGSV,1,1,02,16,36,041,50,25,88,043,36,5*74
$GAGSV,2,1,05,10,34,142,32,11,62,156,30,14,21,088,21,16,36,041,46,7*70
$GAGSV,2,2,05,25,88,043,37,7*42
$GAGSV,1,1,03,02,35,221,,12,12,137,,34,09,310,,0*4B
$GBGSV,3,1,10,12,22,102,20,19,26,073,44,20,15,121,19,22,13,021,29,3*7B
$GBGSV,3,2,10,24,26,232,22,26,52,286,21,29,22,118,39,31,36,254,20,3*76
$GBGSV,3,3,10,35,60,176,21,39,28,001,47,3*74
$GBGSV,3,1,10,12,22,102,19,19,26,073,48,20,15,121,20,22,13,021,25,5*7D
$GBGSV,3,2,10,24,26,232,18,26,52,286,18,29,22,118,33,31,36,254,18,5*72
$GBGSV,3,3,10,35,60,176,23,39,28,001,45,5*72
$GBGSV,3,1,10,12,22,102,32,19,26,073,45,20,15,121,19,22,13,021,26,8*7D
$GBGSV,3,2,10,24,26,232,28,26,52,286,23,29,22,118,36,31,36,254,19,8*70
$GBGSV,3,3,10,35,60,176,27,39,28,001,46,8*78
$GBGSV,1,1,01,11,03,110,,0*45
$GNGLL,3001.74300,S,05112.74991,W,171057.00,A,A*7A
$GNRMC,171058.00,A,3001.74300,S,05112.74992,W,0.007,,090926,,,A,V*16
$GNVTG,,T,,M,0.007,N,0.013,K,A*38
$GNGGA,171058.00,3001.74300,S,05112.74992,W,1,12,0.58,50.4,M,4.8,M,,*40
$GNGSA,M,3,12,13,18,23,25,28,29,31,05,,,,1.18,0.58,1.03,1*02
$GNGSA,M,3,16,25,36,10,11,,,,,,,,1.18,0.58,1.03,3*0C
$GNGSA,M,3,12,19,20,22,24,26,29,31,35,39,,,1.18,0.58,1.03,4*01
$GPGSV,3,1,12,05,35,127,43,10,01,342,31,12,17,034,37,13,11,030,24,1*63
$GPGSV,3,2,12,16,01,219,27,18,68,250,17,23,28,357,43,25,49,019,50,1*63
$GPGSV,3,3,12,26,29,227,14,28,21,295,22,29,57,142,38,31,20,263,26,1*6B
$GPGSV,3,1,10,05,35,127,39,10,01,342,32,12,17,034,30,13,11,030,18,6*60
$GPGSV,3,2,10,23,28,357,41,25,49,019,45,26,29,227,14,28,21,295,15,6*61
$GPGSV,3,3,10,29,57,142,28,31,20,263,29,6*6A
$GPGSV,2,1,07,10,01,342,26,13,11,030,26,18,68,250,25,23,28,357,46,8*62
$GPGSV,2,2,07,25,49,019,53,26,29,227,25,28,21,295,23,8*57
$GPGSV,1,1,03,15,11,061,,20,03,088,,21,05,143,,0*54
$GAGSV,2,1,06,10,34,142,36,11,62,156,13,14,21,088,28,16,36,041,43,1*7C
$GAGSV,2,2,06,25,88,043,35,36,59,295,22,1*72
$GAGSV,1,1,02,16,36,041,50,25,88,043,36,5*74
$GAGSV,2,1,05,10,34,142,32,11,62,156,30,14,21,088,21,16,36,041,46,7*70
$GAGSV,2,2,05,25,88,043,37,7*42
$GAGSV,1,1,03,02,35,221,,12,12,137,,34,09,310,,0*4B
$GBGSV,3,1,10,12,22,102,20,19,26,073,44,20,15,121,19,22,13,021,29,3*7B
$GBGSV,3,2,10,24,26,232,22,26,52,286,21,29,22,118,39,31,36,254,20,3*76
$GBGSV,3,3,10,35,60,176,22,39,28,001,47,3*77
$GBGSV,3,1,10,12,22,102,19,19,26,073,48,20,15,121,19,22,13,021,25,5*77
$GBGSV,3,2,10,24,26,232,18,26,52,286,18,29,22,118,33,31,36,254,18,5*72
$GBGSV,3,3,10,35,60,176,22,39,28,001,45,5*73
$GBGSV,3,1,10,12,22,102,31,19,26,073,45,20,15,121,19,22,13,021,26,8*7E
$GBGSV,3,2,10,24,26,232,28,26,52,286,23,29,22,118,36,31,36,254,18,8*71
$GBGSV,3,3,10,35,60,176,26,39,28,001,46,8*79
$GBGSV,1,1,01,11,03,110,,0*45
$GNGLL,3001.74300,S,05112.74992,W,171058.00,A,A*76
$GNRMC,171059.00,A,3001.74300,S,05112.74992,W,0.021,,090926,,,A,V*13
$GNVTG,,T,,M,0.021,N,0.040,K,A*3A
$GNGGA,171059.00,3001.74300,S,05112.74992,W,1,12,0.58,50.4,M,4.8,M,,*41
$GNGSA,M,3,12,13,18,23,25,28,29,31,05,,,,1.18,0.58,1.03,1*02
$GNGSA,M,3,16,25,36,10,11,,,,,,,,1.18,0.58,1.03,3*0C
$GNGSA,M,3,12,19,20,22,24,26,29,31,35,39,,,1.18,0.58,1.03,4*01
$GPGSV,3,1,11,05,35,127,43,10,01,342,31,12,17,034,37,13,11,030,24,1*60
$GPGSV,3,2,11,18,68,250,16,23,28,357,43,25,49,019,50,26,29,227,09,1*69
$GPGSV,3,3,11,28,21,295,21,29,57,142,38,31,20,263,26,1*56
$GPGSV,3,1,10,05,35,127,39,10,01,342,32,12,17,034,30,13,11,030,18,6*60
$GPGSV,3,2,10,23,28,357,41,25,49,019,45,26,29,227,13,28,21,295,15,6*66
$GPGSV,3,3,10,29,57,142,28,31,20,263,29,6*6A
$GPGSV,2,1,07,10,01,342,26,13,11,030,26,18,68,250,25,23,28,357,46,8*62
$GPGSV,2,2,07,25,49,019,53,26,29,227,24,28,21,295,23,8*56
$GPGSV,1,1,04,15,11,061,,16,01,219,,20,03,088,,21,05,143,,0*6F
$GAGSV,2,1,06,10,34,142,35,11,62,156,14,14,21,088,28,16,36,041,43,1*78
$GAGSV,2,2,06,25,88,043,35,36,59,295,22,1*72
$GAGSV,1,1,02,16,36,041,50,25,88,043,36,5*74
$GAGSV,2,1,05,10,34,142,32,11,62,156,30,14,21,088,21,16,36,041,46,7*70
$GAGSV,2,2,05,25,88,043,37,7*42
$GAGSV,1,1,03,02,35,221,,12,12,137,,34,09,310,,0*4B
$GBGSV,3,1,10,12,22,102,21,19,26,073,44,20,15,121,19,22,13,021,29,3*7A
$GBGSV,3,2,10,24,26,232,22,26,52,286,19,29,22,118,39,31,36,254,19,3*77
$GBGSV,3,3,10,35,60,176,22,39,28,001,47,3*77
$GBGSV,3,1,10,12,22,102,20,19,26,073,48,20,15,121,20,22,13,021,25,5*77
$GBGSV,3,2,10,24,26,232,18,26,52,286,18,29,22,118,33,31,36,254,18,5*72
$GBGSV,3,3,10,35,60,176,23,39,28,001,45,5*72
$GBGSV,3,1,10,12,22,102,31,19,26,073,45,20,15,121,19,22,13,021,26,8*7E
$GBGSV,3,2,10,24,26,232,28,26,52,286,23,29,22,118,36,31,36,254,18,8*71
$GBGSV,3,3,10,35,60,176,26,39,28,001,46,8*79
$GBGSV,1,1,01,11,03,110,,0*45
$GNGLL,3001.74300,S,05112.74992,W,171059.00,A,A*77
$GNRMC,171100.00,A,3001.74301,S,05112.74993,W,0.008,,090926,,,A,V*15
$GNVTG,,T,,M,0.008,N,0.015,K,A*31
$GNGGA,171100.00,3001.74301,S,05112.74993,W,1,12,0.58,50.4,M,4.8,M,,*4C
$GNGSA,M,3,12,13,18,23,25,28,29,31,05,,,,1.18,0.58,1.03,1*02
$GNGSA,M,3,16,25,36,10,11,,,,,,,,1.18,0.58,1.03,3*0C
$GNGSA,M,3,12,19,20,22,24,26,29,31,35,39,,,1.18,0.58,1.03,4*01
$GPGSV,3,1,11,05,35,127,43,10,01,342,31,12,17,034,37,13,11,030,24,1*60
$GPGSV,3,2,11,18,68,250,17,23,28,357,43,25,49,019,50,26,29,227,12,1*62
$GPGSV,3,3,11,28,21,295,21,29,57,142,38,31,20,263,25,1*55
$GPGSV,3,1,10,05,35,127,39,10,01,342,32,12,17,034,30,13,11,030,18,6*60
$GPGSV,3,2,10,23,28,357,41,25,49,019,45,26,29,227,14,28,21,295,15,6*61
$GPGSV,3,3,10,29,57,142,28,31,20,263,29,6*6A
$GPGSV,2,1,07,10,01,342,26,13,11,030,26,18,68,250,25,23,28,357,46,8*62
$GPGSV,2,2,07,25,49,019,53,26,29,227,24,28,21,295,24,8*51
$GPGSV,1,1,04,15,11,061,,16,01,219,,20,03,088,,21,05,143,,0*6F
$GAGSV,2,1,06,10,34,142,36,11,62,156,14,14,21,088,28,16,36,041,43,1*7B
$GAGSV,2,2,06,25,88,043,35,36,59,295,21,1*71
$GAGSV,1,1,02,16,36,041,50,25,88,043,36,5*74
$GAGSV,2,1,05,10,34,142,32,11,62,156,30,14,21,088,22,16,36,041,46,7*73
$GAGSV,2,2,05,25,88,043,37,7*42
$GAGSV,1,1,03,02,35,221,,12,12,137,,34,09,310,,0*4B
$GBGSV,3,1,10,12,22,102,21,19,26,073,44,20,15,121,19,22,13,021,30,3*72
$GBGSV,3,2,10,24,26,232,22,26,52,286,20,29,22,118,39,31,36,254,19,3*7D
$GBGSV,3,3,10,35,60,176,23,39,28,001,47,3*76
$GBGSV,3,1,10,12,22,102,20,19,26,073,48,20,15,121,20,22,13,021,25,5*77
$GBGSV,3,2,10,24,26,232,18,26,52,286,19,29,22,118,33,31,36,254,19,5*72
$GBGSV,3,3,10,35,60,176,23,39,28,001,45,5*72
$GBGSV,3,1,10,12,22,102,31,19,26,073,45,20,15,121,19,22,13,021,26,8*7E
$GBGSV,3,2,10,24,26,232,28,26,52,286,22,29,22,118,36,31,36,254,17,8*7F
$GBGSV,3,3,10,35,60,176,27,39,28,001,46,8*78
$GBGSV,1,1,01,11,03,110,,0*45
$GNGLL,3001.74301,S,05112.74993,W,171100.00,A,A*7A
$GNRMC,171101.00,A,3001.74301,S,05112.74993,W,0.014,,090926,,,A,V*19
$GNVTG,,T,,M,0.014,N,0.025,K,A*3F
$GNGGA,171101.00,3001.74301,S,05112.74993,W,1,12,0.56,50.4,M,4.8,M,,*43
$GNGSA,M,3,12,13,18,23,25,26,28,29,31,05,,,1.15,0.56,1.01,1*07
$GNGSA,M,3,16,25,36,10,11,,,,,,,,1.15,0.56,1.01,3*0D
$GNGSA,M,3,12,19,20,22,24,26,29,31,35,39,,,1.15,0.56,1.01,4*00
$GPGSV,3,1,11,05,35,127,43,10,01,342,31,12,17,034,36,13,11,030,25,1*60
$GPGSV,3,2,11,18,68,250,17,23,28,357,43,25,49,019,50,26,29,227,15,1*65
$GPGSV,3,3,11,28,21,295,21,29,57,142,38,31,20,263,26,1*56
$GPGSV,3,1,10,05,35,127,39,10,01,342,31,12,17,034,30,13,11,030,19,6*62
$GPGSV,3,2,10,23,28,357,41,25,49,019,45,26,29,227,13,28,21,295,15,6*66
$GPGSV,3,3,10,29,57,142,27,31,20,263,29,6*65
$GPGSV,2,1,07,10,01,342,26,13,11,030,26,18,68,250,26,23,28,357,46,8*61
$GPGSV,2,2,07,25,49,019,53,26,29,227,24,28,21,295,23,8*56
$GPGSV,1,1,04,15,11,061,,16,01,219,,20,03,088,,21,05,143,,0*6F
$GAGSV,2,1,06,10,34,142,36,11,62,156,15,14,21,088,28,16,36,041,43,1*7A
$GAGSV,2,2,06,25,88,043,35,36,59,295,22,1*72
$GAGSV,1,1,02,16,36,041,50,25,88,043,36,5*74
$GAGSV,2,1,05,10,34,142,32,11,62,156,29,14,21,088,22,16,36,041,46,7*7B
$GAGSV,2,2,05,25,88,043,38,7*4D
$GAGSV,1,1,03,02,35,221,,12,12,137,,34,09,310,,0*4B
$GBGSV,3,1,10,12,22,102,23,19,26,073,44,20,15,121,18,22,13,021,29,3*79
$GBGSV,3,2,10,24,26,232,23,26,52,286,20,29,22,118,38,31,36,254,19,3*7D
$GBGSV,3,3,10,35,60,176,23,39,28,001,47,3*76
$GBGSV,3,1,10,12,22,102,20,19,26,073,48,20,15,121,20,22,13,021,25,5*77
$GBGSV,3,2,10,24,26,232,18,26,52,286,19,29,22,118,33,31,36,254,19,5*72
$GBGSV,3,3,10,35,60,176,23,39,28,001,45,5*72
$GBGSV,3,1,10,12,22,102,30,19,26,073,45,20,15,121,19,22,13,021,26,8*7F
$GBGSV,3,2,10,24,26,232,28,26,52,286,23,29,22,118,36,31,36,254,17,8*7E
$GBGSV,3,3,10,35,60,176,27,39,28,001,46,8*78
$GBGSV,1,1,01,11,03,110,,0*45
$GNGLL,3001.74301,S,05112.74993,W,171101.00,A,A*7B
$GNRMC,171102.00,A,3001.74302,S,05112.74994,W,0.002,,090926,,,A,V*19
$GNVTG,,T,,M,0.002,N,0.003,K,A*3C
$GNGGA,171102.00,3001.74302,S,05112.74994,W,1,12,0.56,50.4,M,4.8,M,,*44
$GNGSA,M,3,12,13,18,23,25,26,28,29,31,05,,,1.15,0.56,1.01,1*07
$GNGSA,M,3,16,25,36,10,11,,,,,,,,1.15,0.56,1.01,3*0D
$GNGSA,M,3,12,19,20,22,24,26,29,31,35,39,,,1.15,0.56,1.01,4*00
$GPGSV,3,1,11,05,35,127,43,10,01,342,31,12,17,034,37,13,11,030,25,1*61
$GPGSV,3,2,11,18,68,250,17,23,28,357,43,25,49,019,50,26,29,227,16,1*66
$GPGSV,3,3,11,28,21,295,21,29,57,142,38,31,20,263,26,1*56
$GPGSV,3,1,10,05,35,127,39,10,01,342,32,12,17,034,30,13,11,030,18,6*60
$GPGSV,3,2,10,23,28,357,41,25,49,019,45,26,29,227,12,28,21,295,15,6*67
$GPGSV,3,3,10,29,57,142,28,31,20,263,29,6*6A
$GPGSV,2,1,07,10,01,342,26,13,11,030,26,18,68,250,25,23,28,357,46,8*62
$GPGSV,2,2,07,25,49,019,53,26,29,227,25,28,21,295,23,8*57
$GPGSV,1,1,04,15,11,061,,16,01,219,,20,03,088,,21,05,143,,0*6F
$GAGSV,2,1,07,02,35,221,15,10,34,142,36,11,62,156,16,14,21,088,28,1*79
$GAGSV,2,2,07,16,36,041,43,25,88,043,35,36,59,295,21,1*40
$GAGSV,1,1,02,16,36,041,50,25,88,043,36,5*74
$GAGSV,2,1,05,10,34,142,32,11,62,156,29,14,21,088,22,16,36,041,46,7*7B
$GAGSV,2,2,05,25,88,043,37,7*42
$GAGSV,1,1,02,12,12,137,,34,09,310,,0*7F
$GBGSV,3,1,10,12,22,102,23,19,26,073,44,20,15,121,18,22,13,021,30,3*71
$GBGSV,3,2,10,24,26,232,22,26,52,286,20,29,22,118,38,31,36,254,19,3*7C
$GBGSV,3,3,10,35,60,176,23,39,28,001,47,3*76
$GBGSV,3,1,10,12,22,102,20,19,26,073,48,20,15,121,19,22,13,021,25,5*7D
$GBGSV,3,2,10,24,26,232,18,26,52,286,19,29,22,118,33,31,36,254,18,5*73
$GBGSV,3,3,10,35,60,176,23,39,28,001,45,5*72
$GBGSV,3,1,10,12,22,102,30,19,26,073,45,20,15,121,19,22,13,021,26,8*7F
$GBGSV,3,2,10,24,26,232,28,26,52,286,23,29,22,118,36,31,36,254,18,8*71
$GBGSV,3,3,10,35,60,176,27,39,28,001,46,8*78
$GBGSV,1,1,01,11,03,110,,0*45
$GNGLL,3001.74302,S,05112.74994,W,171102.00,A,A*7C
$GNRMC,171103.00,A,3001.74302,S,05112.74995,W,0.022,,090926,,,A,V*1B
$GNVTG,,T,,M,0.022,N,0.042,K,A*3B
$GNGGA,171103.00,3001.74302,S,05112.74995,W,1,12,0.56,50.3,M,4.8,M,,*43
$GNGSA,M,3,12,13,18,23,25,26,28,29,31,05,,,1.15,0.56,1.01,1*07
$GNGSA,M,3,16,25,36,10,11,,,,,,,,1.15,0.56,1.01,3*0D
$GNGSA,M,3,12,19,20,22,24,26,29,31,35,39,,,1.15,0.56,1.01,4*00
$GPGSV,3,1,11,05,35,127,43,10,01,342,31,12,17,034,36,13,11,030,25,1*60
$GPGSV,3,2,11,18,68,250,17,23,28,357,43,25,49,019,50,26,29,227,16,1*66
$GPGSV,3,3,11,28,21,295,21,29,57,142,38,31,20,263,25,1*55
$GPGSV,1,1,01,15,11,061,15,5*56
$GPGSV,3,1,10,05,35,127,39,10,01,342,32,12,17,034,30,13,11,030,18,6*60
$GPGSV,3,2,10,23,28,357,41,25,49,019,45,26,29,227,13,28,21,295,14,6*67
$GPGSV,3,3,10,29,57,142,28,31,20,263,29,6*6A
$GPGSV,2,1,07,10,01,342,26,13,11,030,26,18,68,250,26,23,28,357,46,8*61
$GPGSV,2,2,07,25,49,019,53,26,29,227,25,28,21,295,23,8*57
$GPGSV,1,1,03,16,01,219,,20,03,088,,21,05,143,,0*5B
$GAGSV,2,1,07,02,35,221,14,10,34,142,36,11,62,156,15,14,21,088,28,1*7B
$GAGSV,2,2,07,16,36,041,43,25,88,043,35,36,59,295,21,1*40
$GAGSV,1,1,02,16,36,041,50,25,88,043,36,5*74
$GAGSV,2,1,05,10,34,142,32,11,62,156,29,14,21,088,22,16,36,041,46,7*7B
$GAGSV,2,2,05,25,88,043,38,7*4D
$GAGSV,1,1,02,12,12,137,,34,09,310,,0*7F
$GBGSV,3,1,10,12,22,102,25,19,26,073,44,20,15,121,17,22,13,021,30,3*78
$GBGSV,3,2,10,24,26,232,23,26,52,286,20,29,22,118,39,31,36,254,19,3*7C
$GBGSV,3,3,10,35,60,176,23,39,28,001,47,3*76
$GBGSV,3,1,10,12,22,102,20,19,26,073,48,20,15,121,20,22,13,021,25,5*77
$GBGSV,3,2,10,24,26,232,19,26,52,286,19,29,22,118,33,31,36,254,18,5*72
$GBGSV,3,3,10,35,60,176,23,39,28,001,45,5*72
$GBGSV,3,1,10,12,22,102,29,19,26,073,45,20,15,121,20,22,13,021,26,8*7D
$GBGSV,3,2,10,24,26,232,28,26,52,286,23,29,22,118,36,31,36,254,17,8*7E
$GBGSV,3,3,10,35,60,176,26,39,28,001,46,8*79
$GBGSV,1,1,01,11,03,110,,0*45
$GNGLL,3001.74302,S,05112.74995,W,171103.00,A,A*7C
$GNRMC,171104.00,A,3001.74303,S,05112.74996,W,0.014,,090926,,,A,V*1B
$GNVTG,,T,,M,0.014,N,0.026,K,A*3C
$GNGGA,171104.00,3001.74303,S,05112.74996,W,1,12,0.56,50.3,M,4.8,M,,*46
$GNGSA,M,3,12,13,18,23,25,26,28,29,31,05,,,1.15,0.56,1.01,1*07
$GNGSA,M,3,16,25,36,10,11,,,,,,,,1.15,0.56,1.01,3*0D
$GNGSA,M,3,12,19,20,22,24,26,29,31,35,39,,,1.15,0.56,1.01,4*00
$GPGSV,3,1,11,05,35,127,43,10,01,342,30,12,17,034,36,13,11,030,25,1*61
$GPGSV,3,2,11,18,68,250,16,23,28,357,43,25,49,019,50,26,29,227,17,1*66
$GPGSV,3,3,11,28,21,295,20,29,57,142,38,31,20,263,26,1*57
$GPGSV,3,1,11,05,35,127,39,10,01,342,32,12,17,034,30,13,11,030,18,6*61
$GPGSV,3,2,11,15,11,061,14,23,28,357,41,25,49,019,45,26,29,227,11,6*60
$GPGSV,3,3,11,28,21,295,13,29,57,142,28,31,20,263,29,6*5E
$GPGSV,2,1,07,10,01,342,26,13,11,030,27,18,68,250,25,23,28,357,46,8*63
$GPGSV,2,2,07,25,49,019,53,26,29,227,25,28,21,295,23,8*57
$GPGSV,1,1,03,16,01,219,,20,03,088,,21,05,143,,0*5B
$GAGSV,2,1,07,02,35,221,13,10,34,142,36,11,62,156,15,14,21,088,28,1*7C
$GAGSV,2,2,07,16,36,041,43,25,88,043,35,36,59,295,20,1*41
$GAGSV,1,1,02,16,36,041,50,25,88,043,37,5*75
$GAGSV,2,1,05,10,34,142,32,11,62,156,30,14,21,088,22,16,36,041,46,7*73
$GAGSV,2,2,05,25,88,043,38,7*4D
$GAGSV,1,1,02,12,12,137,,34,09,310,,0*7F
$GBGSV,3,1,10,12,22,102,26,19,26,073,44,20,15,121,16,22,13,021,30,3*7A
$GBGSV,3,2,10,24,26,232,24,26,52,286,19,29,22,118,39,31,36,254,18,3*70
$GBGSV,3,3,10,35,60,176,24,39,28,001,47,3*71
$GBGSV,3,1,10,12,22,102,21,19,26,073,48,20,15,121,20,22,13,021,25,5*76
$GBGSV,3,2,10,24,26,232,20,26,52,286,19,29,22,118,33,31,36,254,18,5*78
$GBGSV,3,3,10,35,60,176,23,39,28,001,45,5*72
$GBGSV,3,1,10,12,22,102,29,19,26,073,45,20,15,121,21,22,13,021,26,8*7C
$GBGSV,3,2,10,24,26,232,28,26,52,286,24,29,22,118,35,31,36,254,17,8*7A
$GBGSV,3,3,10,35,60,176,27,39,28,001,46,8*78
$GBGSV,1,1,01,11,03,110,,0*45
$GNGLL,3001.74303,S,05112.74996,W,171104.00,A,A*79
$GNRMC,171105.00,A,3001.74303,S,05112.74997,W,0.004,,090926,,,A,V*1A
$GNVTG,,T,,M,0.004,N,0.008,K,A*31
$GNGGA,171105.00,3001.74303,S,05112.74997,W,1,12,0.58,50.3,M,4.8,M,,*48
$GNGSA,M,3,12,13,23,25,26,28,29,31,05,,,,1.18,0.58,1.03,1*0F
$GNGSA,M,3,16,25,36,10,11,,,,,,,,1.18,0.58,1.03,3*0C
$GNGSA,M,3,12,19,20,22,24,26,29,31,35,39,,,1.18,0.58,1.03,4*01
$GPGSV,3,1,11,05,35,127,43,10,01,342,30,12,17,034,36,13,11,030,25,1*61
$GPGSV,3,2,11,18,68,250,14,23,28,357,43,25,49,019,50,26,29,227,17,1*64
$GPGSV,3,3,11,28,21,295,19,29,57,142,38,31,20,263,26,1*5D
$GPGSV,3,1,10,05,35,127,39,10,01,342,32,12,17,034,30,13,11,030,17,6*6F
$GPGSV,3,2,10,15,11,061,14,23,28,357,40,25,49,019,45,28,21,295,14,6*6A
$GPGSV,3,3,10,29,57,142,28,31,20,263,29,6*6A
$GPGSV,2,1,07,10,01,342,27,13,11,030,26,18,68,250,25,23,28,357,46,8*63
$GPGSV,2,2,07,25,49,019,53,26,29,227,25,28,21,295,22,8*56
$GPGSV,1,1,03,16,01,219,,20,03,088,,21,05,143,,0*5B
$GAGSV,2,1,07,02,35,221,14,10,34,142,36,11,62,156,15,14,21,088,28,1*7B
$GAGSV,2,2,07,16,36,041,43,25,88,043,35,36,59,295,20,1*41
$GAGSV,1,1,02,16,36,041,50,25,88,043,37,5*75
$GAGSV,2,1,05,10,34,142,32,11,62,156,29,14,21,088,22,16,36,041,46,7*7B
$GAGSV,2,2,05,25,88,043,38,7*4D
$GAGSV,1,1,02,12,12,137,,34,10,310,,0*77
$GBGSV,3,1,10,12,22,102,26,19,26,073,44,20,15,121,15,22,13,021,30,3*79
$GBGSV,3,2,10,24,26,232,23,26,52,286,18,29,22,118,39,31,36,254,18,3*76
$GBGSV,3,3,10,35,60,176,24,39,28,001,47,3*71
$GBGSV,3,1,10,12,22,102,21,19,26,073,48,20,15,121,20,22,13,021,25,5*76
$GBGSV,3,2,10,24,26,232,20,26,52,286,18,29,22,118,33,31,36,254,18,5*79
$GBGSV,3,3,10,35,60,176,23,39,28,001,45,5*72
$GBGSV,3,1,10,12,22,102,29,19,26,073,46,20,15,121,21,22,13,021,26,8*7F
$GBGSV,3,2,10,24,26,232,28,26,52,286,23,29,22,118,36,31,36,254,17,8*7E
$GBGSV,3,3,10,35,60,176,27,39,28,001,46,8*78
$GBGSV,1,1,01,11,03,110,,0*45
$GNGLL,3001.74303,S,05112.74997,W,171105.00,A,A*79
$GNRMC,171106.00,A,3001.74304,S,05112.74998,W,0.020,,090926,,,A,V*17
$GNVTG,,T,,M,0.020,N,0.037,K,A*3B
$GNGGA,171106.00,3001.74304,S,05112.74998,W,1,12,0.56,50.3,M,4.8,M,,*4D
$GNGSA,M,3,12,13,23,25,26,28,29,31,05,,,,1.16,0.56,1.02,1*0E
$GNGSA,M,3,16,25,36,02,10,11,,,,,,,1.16,0.56,1.02,3*0F
$GNGSA,M,3,12,19,20,22,24,26,29,31,35,39,,,1.16,0.56,1.02,4*00
$GPGSV,3,1,11,05,35,127,43,10,01,342,30,12,17,034,36,13,11,030,25,1*61
$GPGSV,3,2,11,18,68,250,14,23,28,357,43,25,49,019,50,26,29,227,18,1*6B
$GPGSV,3,3,11,28,21,295,19,29,57,142,38,31,20,263,26,1*5D
$GPGSV,3,1,10,05,35,127,40,10,01,342,32,12,17,034,30,13,11,030,17,6*61
$GPGSV,3,2,10,15,11,061,12,23,28,357,40,25,49,019,45,28,21,295,15,6*6D
$GPGSV,3,3,10,29,57,142,28,31,20,263,29,6*6A
$GPGSV,2,1,07,10,01,342,27,13,11,030,27,18,68,250,26,23,28,357,46,8*61
$GPGSV,2,2,07,25,49,019,53,26,29,227,24,28,21,295,22,8*57
$GPGSV,1,1,03,16,01,219,,20,03,088,,21,05,143,,0*5B
$GAGSV,2,1,07,02,35,221,15,10,34,142,36,11,62,156,16,14,21,088,28,1*79
$GAGSV,2,2,07,16,36,041,42,25,88,043,35,36,59,293,20,1*46
$GAGSV,1,1,02,16,36,041,50,25,88,043,37,5*75
$GAGSV,2,1,05,10,34,142,32,11,62,156,29,14,21,088,22,16,36,041,46,7*7B
$GAGSV,2,2,05,25,88,043,38,7*4D
$GAGSV,1,1,02,12,12,137,,34,10,310,,0*77
$GBGSV,3,1,10,12,22,102,27,19,26,073,44,20,15,121,13,22,13,021,30,3*7E
$GBGSV,3,2,10,24,26,232,23,26,52,286,16,29,22,118,38,31,36,254,18,3*79
$GBGSV,3,3,10,35,60,176,24,39,28,001,47,3*71
$GBGSV,3,1,10,12,22,102,22,19,26,073,48,20,15,121,19,22,13,021,25,5*7F
$GBGSV,3,2,10,24,26,232,21,26,52,286,19,29,22,118,33,31,36,254,17,5*76
$GBGSV,3,3,10,35,60,176,23,39,28,001,45,5*72
$GBGSV,3,1,10,12,22,102,28,19,26,073,46,20,15,121,21,22,13,021,26,8*7E
$GBGSV,3,2,10,24,26,232,28,26,52,286,23,29,22,118,36,31,36,254,17,8*7E
$GBGSV,3,3,10,35,60,176,27,39,28,001,47,8*79
$GBGSV,1,1,01,11,03,110,,0*45
$GNGLL,3001.74304,S,05112.74998,W,171106.00,A,A*72
$GNRMC,171107.00,A,3001.74305,S,05112.74999,W,0.014,,090926,,,A,V*11
$GNVTG,,T,,M,0.014,N,0.027,K,A*3D
$GNGGA,171107.00,3001.74305,S,05112.74999,W,1,12,0.56,50.3,M,4.8,M,,*4C
$GNGSA,M,3,12,13,18,23,25,26,28,29,31,05,,,1.16,0.56,1.02,1*07
$GNGSA,M,3,16,25,36,02,10,11,,,,,,,1.16,0.56,1.02,3*0F
$GNGSA,M,3,12,19,20,22,24,26,29,31,35,39,,,1.16,0.56,1.02,4*00
$GPGSV,3,1,11,05,35,127,43,10,01,342,31,12,17,034,36,13,11,030,25,1*60
$GPGSV,3,2,11,18,68,250,15,23,28,357,43,25,49,019,50,26,29,227,19,1*6B
$GPGSV,3,3,11,28,21,295,17,29,57,142,38,31,20,263,26,1*53
$GPGSV,3,1,10,05,35,127,40,10,01,342,32,12,17,034,30,13,11,030,17,6*61
$GPGSV,3,2,10,15,11,061,11,23,28,357,41,25,49,019,45,28,21,295,14,6*6E
$GPGSV,3,3,10,29,57,142,28,31,20,263,28,6*6B
$GPGSV,2,1,07,10,01,342,27,13,11,030,27,18,68,250,25,23,28,357,46,8*62
$GPGSV,2,2,07,25,49,019,53,26,29,227,24,28,21,295,21,8*54
$GPGSV,1,1,03,16,01,219,,20,03,088,,21,05,143,,0*5B
$GAGSV,2,1,07,02,35,221,15,10,34,142,35,11,62,156,16,14,21,088,29,1*7B
$GAGSV,2,2,07,16,36,041,42,25,88,043,35,36,59,293,20,1*46
$GAGSV,1,1,02,16,36,041,50,25,88,043,37,5*75
$GAGSV,2,1,05,10,34,142,33,11,62,156,29,14,21,088,22,16,36,041,46,7*7A
$GAGSV,2,2,05,25,88,043,38,7*4D
$GAGSV,1,1,02,12,12,137,,34,10,310,,0*77
$GBGSV,3,1,10,12,22,102,27,19,26,073,44,20,15,121,12,22,13,021,30,3*7F
$GBGSV,3,2,10,24,26,232,23,26,52,286,15,29,22,118,38,31,36,254,18,3*7A
$GBGSV,3,3,10,35,60,176,25,39,28,001,47,3*70
$GBGSV,3,1,10,12,22,102,22,19,26,073,48,20,15,121,20,22,13,021,25,5*75
$GBGSV,3,2,10,24,26,232,21,26,52,286,20,29,22,118,33,31,36,254,17,5*7C
$GBGSV,3,3,10,35,60,176,23,39,28,001,45,5*72
$GBGSV,3,1,10,12,22,102,27,19,26,073,46,20,15,121,21,22,13,021,26,8*71
$GBGSV,3,2,10,24,26,232,29,26,52,286,22,29,22,118,36,31,36,254,17,8*7E
$GBGSV,3,3,10,35,60,176,27,39,28,001,47,8*79
$GBGSV,1,1,01,11,03,110,,0*45
$GNGLL,3001.74305,S,05112.74999,W,171107.00,A,A*73
$GNRMC,171108.00,A,3001.74305,S,05112.75000,W,0.015,,090926,,,A,V*17
$GNVTG,,T,,M,0.015,N,0.028,K,A*33
$GNGGA,171108.00,3001.74305,S,05112.75000,W,1,12,0.56,50.3,M,4.8,M,,*4B
$GNGSA,M,3,12,13,23,25,26,28,29,31,05,,,,1.16,0.56,1.02,1*0E
$GNGSA,M,3,16,25,36,02,10,11,,,,,,,1.16,0.56,1.02,3*0F
$GNGSA,M,3,12,19,20,22,24,26,29,31,35,39,,,1.16,0.56,1.02,4*00
$GPGSV,3,1,11,05,35,127,43,10,01,342,31,12,17,034,36,13,11,030,25,1*60
$GPGSV,3,2,11,18,68,250,13,23,28,357,43,25,49,019,50,26,29,227,19,1*6D
$GPGSV,3,3,11,28,21,295,18,29,57,142,38,31,20,263,26,1*5C
$GPGSV,3,1,10,05,35,127,40,10,01,342,32,12,17,034,30,13,11,030,17,6*61
$GPGSV,3,2,10,15,11,061,11,23,28,357,40,25,49,019,45,28,21,295,16,6*6D
$GPGSV,3,3,10,29,57,142,28,31,20,263,29,6*6A
$GPGSV,2,1,07,10,01,342,27,13,11,030,27,18,68,250,25,23,28,357,46,8*62
$GPGSV,2,2,07,25,49,019,53,26,29,227,25,28,21,295,21,8*55
$GPGSV,1,1,03,16,01,219,,20,03,088,,21,05,143,,0*5B
$GAGSV,2,1,07,02,35,221,15,10,34,142,35,11,62,156,16,14,21,088,29,1*7B
$GAGSV,2,2,07,16,36,041,42,25,88,043,35,36,59,293,19,1*4C
$GAGSV,1,1,02,16,36,041,50,25,88,043,37,5*75
$GAGSV,2,1,05,10,34,142,32,11,62,156,29,14,21,088,22,16,36,041,46,7*7B
$GAGSV,2,2,05,25,88,043,38,7*4D
$GAGSV,1,1,02,12,12,137,,34,10,310,,0*77
$GBGSV,3,1,10,12,22,102,28,19,26,073,44,20,15,121,11,22,13,021,30,3*73
$GBGSV,3,2,10,24,26,232,23,26,52,286,14,29,22,118,38,31,36,254,17,3*74
$GBGSV,3,3,10,35,60,176,25,39,28,001,47,3*70
$GBGSV,3,1,10,12,22,102,22,19,26,073,48,20,15,121,20,22,13,021,25,5*75
$GBGSV,3,2,10,24,26,232,21,26,52,286,20,29,22,118,33,31,36,254,19,5*72
$GBGSV,3,3,10,35,60,176,24,39,28,001,45,5*75
$GBGSV,3,1,10,12,22,102,27,19,26,073,46,20,15,121,21,22,13,021,26,8*71
$GBGSV,3,2,10,24,26,232,29,26,52,286,23,29,22,118,36,31,36,254,17,8*7F
$GBGSV,3,3,10,35,60,176,27,39,28,001,47,8*79
$GBGSV,1,1,01,11,03,110,,0*45
$GNGLL,3001.74305,S,05112.75000,W,171108.00,A,A*74
$GNRMC,171109.00,A,3001.74306,S,05112.75000,W,0.008,,090926,,,A,V*19
$GNVTG,,T,,M,0.008,N,0.016,K,A*32
$GNGGA,171109.00,3001.74306,S,05112.75000,W,1,12,0.56,50.3,M,4.8,M,,*49
$GNGSA,M,3,12,13,18,23,25,26,28,29,31,05,,,1.16,0.56,1.02,1*07
$GNGSA,M,3,16,25,36,02,10,11,,,,,,,1.16,0.56,1.02,3*0F
$GNGSA,M,3,12,19,20,22,24,26,29,31,35,39,,,1.16,0.56,1.02,4*00
$GPGSV,3,1,11,05,35,127,44,10,01,342,32,12,17,034,36,13,11,030,25,1*64
$GPGSV,3,2,11,18,68,250,15,23,28,357,43,25,49,019,50,26,29,227,19,1*6B
$GPGSV,3,3,11,28,21,295,17,29,57,142,38,31,20,263,27,1*52
$GPGSV,3,1,10,05,35,127,40,10,01,342,32,12,17,034,30,13,11,030,17,6*61
$GPGSV,3,2,10,15,11,061,09,23,28,357,40,25,49,019,45,28,21,295,16,6*64
$GPGSV,3,3,10,29,57,142,28,31,20,263,29,6*6A
$GPGSV,2,1,07,10,01,342,27,13,11,030,27,18,68,250,25,23,28,357,46,8*62
$GPGSV,2,2,07,25,49,019,53,26,29,227,25,28,21,295,21,8*55
$GPGSV,1,1,03,16,01,219,,20,03,088,,21,05,143,,0*5B
$GAGSV,2,1,07,02,35,221,16,10,34,142,35,11,62,156,16,14,21,088,29,1*78
$GAGSV,2,2,07,16,36,041,42,25,88,043,35,36,59,293,19,1*4C
$GAGSV,1,1,02,16,36,041,50,25,88,043,36,5*74
$GAGSV,2,1,05,10,34,142,32,11,62,156,29,14,21,088,22,16,36,041,46,7*7B
$GAGSV,2,2,05,25,88,043,38,7*4D
$GAGSV,1,1,02,12,12,137,,34,10,310,,0*77
$GBGSV,3,1,10,12,22,102,28,19,26,073,44,20,15,121,08,22,13,021,30,3*7B
$GBGSV,3,2,10,24,26,232,23,26,52,286,14,29,22,118,38,31,36,254,17,3*74
$GBGSV,3,3,10,35,60,176,25,39,28,001,47,3*70
$GBGSV,3,1,10,12,22,102,23,19,26,073,48,20,15,121,20,22,13,021,25,5*74
$GBGSV,3,2,10,24,26,232,21,26,52,286,19,29,22,118,33,31,36,254,20,5*72
$GBGSV,3,3,10,35,60,176,24,39,28,001,45,5*75
$GBGSV,3,1,10,12,22,102,27,19,26,073,46,20,15,121,22,22,13,021,27,8*73
$GBGSV,3,2,10,24,26,232,29,26,52,286,24,29,22,118,36,31,36,254,18,8*77
$GBGSV,3,3,10,35,60,176,28,39,28,001,47,8*76
$GBGSV,1,1,01,11,03,110,,0*45
$GNGLL,3001.74306,S,05112.75000,W,171109.00,A,A*76
$GNRMC,171110.00,A,3001.74306,S,05112.75001,W,0.009,,090926,,,A,V*11
$GNVTG,,T,,M,0.009,N,0.017,K,A*32
$GNGGA,171110.00,3001.74306,S,05112.75001,W,1,12,0.56,50.3,M,4.8,M,,*40
$GNGSA,M,3,12,13,18,23,25,26,28,29,31,05,,,1.16,0.56,1.02,1*07
$GNGSA,M,3,16,25,36,02,10,11,,,,,,,1.16,0.56,1.02,3*0F
$GNGSA,M,3,12,19,20,22,24,26,29,31,35,39,,,1.16,0.56,1.02,4*00
$GPGSV,3,1,11,05,35,127,44,10,01,342,32,12,17,034,36,13,11,030,25,1*64
$GPGSV,3,2,11,18,68,250,15,23,28,357,43,25,49,019,50,26,29,227,20,1*61
$GPGSV,3,3,11,28,21,295,17,29,57,142,38,31,20,263,26,1*53
$GPGSV,1,1,01,18,68,250,16,5*56
$GPGSV,3,1,09,05,35,127,40,10,01,342,32,12,17,034,30,13,11,030,18,6*66
$GPGSV,3,2,09,23,28,357,40,25,49,019,45,28,21,295,18,29,57,142,28,6*6C
$GPGSV,3,3,09,31,20,263,28,6*57
$GPGSV,2,1,07,10,01,342,27,13,11,030,27,18,68,250,25,23,28,357,46,8*62
$GPGSV,2,2,07,25,49,019,53,26,29,227,25,28,21,295,21,8*55
$GPGSV,1,1,04,15,11,061,,16,01,219,,20,03,088,,21,05,143,,0*6F
$GAGSV,2,1,07,02,35,221,16,10,34,142,35,11,62,156,16,14,21,088,29,1*78
$GAGSV,2,2,07,16,36,041,42,25,88,043,35,36,59,293,18,1*4D
$GAGSV,1,1,02,16,36,041,50,25,88,043,36,5*74
$GAGSV,2,1,05,10,34,142,32,11,62,156,29,14,21,088,21,16,36,041,46,7*78
$GAGSV,2,2,05,25,88,043,38,7*4D
$GAGSV,1,1,02,12,12,137,,34,10,310,,0*77
$GBGSV,3,1,10,12,22,102,29,19,26,073,44,20,15,121,11,22,13,021,30,3*72
$GBGSV,3,2,10,24,26,232,24,26,52,286,13,29,22,118,38,31,36,254,17,3*74
$GBGSV,3,3,10,35,60,176,25,39,28,001,47,3*70
$GBGSV,3,1,10,12,22,102,23,19,26,073,48,20,15,121,19,22,13,021,25,5*7E
$GBGSV,3,2,10,24,26,232,21,26,52,286,19,29,22,118,33,31,36,254,19,5*78
$GBGSV,3,3,10,35,60,176,24,39,28,001,45,5*75
$GBGSV,3,1,10,12,22,102,26,19,26,073,46,20,15,121,22,22,13,021,27,8*72
$GBGSV,3,2,10,24,26,232,30,26,52,286,24,29,22,118,36,31,36,254,17,8*70
$GBGSV,3,3,10,35,60,176,28,39,28,001,47,8*76
$GBGSV,1,1,01,11,03,110,,0*45
$GNGLL,3001.74306,S,05112.75001,W,171110.00,A,A*7F
$GNRMC,171111.00,A,3001.74307,S,05112.75001,W,0.017,,090926,,,A,V*1E
$GNVTG,,T,,M,0.017,N,0.032,K,A*3A
$GNGGA,171111.00,3001.74307,S,05112.75001,W,1,12,0.56,50.3,M,4.8,M,,*40
$GNGSA,M,3,12,13,18,23,25,26,28,29,31,05,,,1.16,0.56,1.02,1*07
$GNGSA,M,3,16,25,36,02,10,11,,,,,,,1.16,0.56,1.02,3*0F
$GNGSA,M,3,12,19,20,22,24,26,29,31,35,39,,,1.16,0.56,1.02,4*00
$GPGSV,3,1,11,05,35,127,44,10,01,342,32,12,17,034,36,13,11,030,25,1*64
$GPGSV,3,2,11,18,68,250,16,23,28,357,43,25,49,019,50,26,29,227,20,1*62
$GPGSV,3,3,11,28,21,295,16,29,57,142,38,31,20,263,27,1*53
$GPGSV,3,1,10,05,35,127,40,10,01,342,32,12,17,034,30,13,11,030,18,6*6E
$GPGSV,3,2,10,18,68,250,15,23,28,357,40,25,49,019,45,28,21,295,19,6*65
$GPGSV,3,3,10,29,57,142,28,31,20,263,28,6*6B
$GPGSV,2,1,07,10,01,342,26,13,11,030,27,18,68,250,25,23,28,357,46,8*63
$GPGSV,2,2,07,25,49,019,53,26,29,227,25,28,21,295,21,8*55
$GPGSV,1,1,04,15,11,061,,16,01,219,,20,03,088,,21,05,143,,0*6F
$GAGSV,2,1,07,02,35,221,15,10,34,142,35,11,62,156,16,14,21,088,29,1*7B
$GAGSV,2,2,07,16,36,041,42,25,88,043,35,36,59,293,18,1*4D
$GAGSV,1,1,02,16,36,041,50,25,88,043,36,5*74
$GAGSV,2,1,05,10,34,142,32,11,62,156,29,14,21,088,21,16,36,041,46,7*78
$GAGSV,2,2,05,25,88,043,38,7*4D
$GAGSV,1,1,02,12,12,137,,34,10,310,,0*77
$GBGSV,3,1,10,12,22,102,29,19,26,073,44,20,15,121,13,22,13,021,30,3*70
$GBGSV,3,2,10,24,26,232,24,26,52,286,13,29,22,118,38,31,36,254,17,3*74
$GBGSV,3,3,10,35,60,176,25,39,28,001,47,3*70
$GBGSV,3,1,10,12,22,102,23,19,26,073,48,20,15,121,20,22,13,021,25,5*74
$GBGSV,3,2,10,24,26,232,21,26,52,286,19,29,22,118,33,31,36,254,19,5*78
$GBGSV,3,3,10,35,60,176,24,39,28,001,45,5*75
$GBGSV,3,1,10,12,22,102,25,19,26,073,46,20,15,121,22,22,13,021,27,8*71
$GBGSV,3,2,10,24,26,232,30,26,52,286,24,29,22,118,36,31,36,254,17,8*70
$GBGSV,3,3,10,35,60,176,28,39,28,001,47,8*76
$GBGSV,1,1,01,11,03,110,,0*45
$GNGLL,3001.74307,S,05112.75001,W,171111.00,A,A*7F
$GNRMC,171112.00,A,3001.74307,S,05112.75002,W,0.025,,090926,,,A,V*1F
$GNVTG,,T,,M,0.025,N,0.046,K,A*38
$GNGGA,171112.00,3001.74307,S,05112.75002,W,1,12,0.58,50.3,M,4.8,M,,*4E
$GNGSA,M,3,12,13,18,23,25,26,28,29,31,05,,,1.14,0.58,0.98,1*09
$GNGSA,M,3,16,25,36,10,11,,,,,,,,1.14,0.58,0.98,3*03
$GNGSA,M,3,12,19,20,22,24,26,29,31,35,39,,,1.14,0.58,0.98,4*0E
$GPGSV,3,1,10,05,35,127,44,10,01,342,33,12,17,034,36,13,11,030,25,1*64
$GPGSV,3,2,10,18,68,250,17,23,28,357,43,25,49,019,50,26,29,227,21,1*63
$GPGSV,3,3,10,29,57,142,38,31,20,263,26,1*63
$GPGSV,3,1,10,05,35,127,40,10,01,342,33,12,17,034,30,13,11,030,18,6*6F
$GPGSV,3,2,10,18,68,250,14,23,28,357,40,25,49,019,45,28,21,295,20,6*6E
$GPGSV,3,3,10,29,57,142,28,31,20,263,28,6*6B
$GPGSV,2,1,07,10,01,342,26,13,11,030,27,18,68,250,25,23,28,357,46,8*63
$GPGSV,2,2,07,25,49,019,53,26,29,227,25,28,21,295,20,8*54
$GPGSV,1,1,04,15,11,061,,16,01,219,,20,03,088,,21,05,143,,0*6F
$GAGSV,2,1,07,02,35,221,14,10,34,142,35,11,62,156,17,14,21,088,29,1*7B
$GAGSV,2,2,07,16,36,041,42,25,88,043,35,36,59,293,17,1*42
$GAGSV,1,1,02,16,36,041,50,25,88,043,36,5*74
$GAGSV,2,1,05,10,34,142,33,11,62,156,29,14,21,088,21,16,36,041,46,7*79
$GAGSV,2,2,05,25,88,043,38,7*4D
$GAGSV,1,1,02,12,12,137,,34,10,310,,0*77
$GBGSV,3,1,10,12,22,102,29,19,26,073,44,20,15,121,09,22,13,021,30,3*7B
$GBGSV,3,2,10,24,26,232,23,26,52,286,12,29,22,118,38,31,36,254,17,3*72
$GBGSV,3,3,10,35,60,176,25,39,28,001,47,3*70
$GBGSV,3,1,10,12,22,102,23,19,26,073,48,20,15,121,20,22,13,021,25,5*74
$GBGSV,3,2,10,24,26,232,21,26,52,286,20,29,22,118,33,31,36,254,18,5*73
$GBGSV,3,3,10,35,60,176,24,39,28,001,45,5*75
$GBGSV,3,1,10,12,22,102,24,19,26,073,46,20,15,121,22,22,13,021,27,8*70
$GBGSV,3,2,10,24,26,232,30,26,52,286,24,29,22,118,36,31,36,254,17,8*70
$GBGSV,3,3,10,35,60,176,28,39,28,001,47,8*76
$GBGSV,1,1,01,11,03,110,,0*45
$GNGLL,3001.74307,S,05112.75002,W,171112.00,A,A*7F
$GNRMC,171113.00,A,3001.74307,S,05112.75002,W,0.018,,090926,,,A,V*10
$GNVTG,,T,,M,0.018,N,0.032,K,A*35
$GNGGA,171113.00,3001.74307,S,05112.75002,W,1,12,0.56,50.3,M,4.8,M,,*41
$GNGSA,M,3,12,13,18,23,25,26,28,29,31,05,,,1.16,0.56,1.02,1*07
$GNGSA,M,3,16,25,36,02,10,11,,,,,,,1.16,0.56,1.02,3*0F
$GNGSA,M,3,12,19,20,22,24,26,29,31,35,39,,,1.16,0.56,1.02,4*00
$GPGSV,3,1,10,05,35,127,44,10,01,342,32,12,17,034,36,13,11,030,24,1*64
$GPGSV,3,2,10,18,68,250,17,23,28,357,43,25,49,019,50,26,29,227,22,1*60
$GPGSV,3,3,10,29,57,142,38,31,20,263,26,1*63
$GPGSV,3,1,10,05,35,127,40,10,01,342,33,12,17,034,30,13,11,030,18,6*6F
$GPGSV,3,2,10,18,68,250,15,23,28,357,40,25,49,019,45,28,21,295,20,6*6F
$GPGSV,3,3,10,29,57,142,28,31,20,263,28,6*6B
$GPGSV,2,1,07,10,01,342,27,13,11,030,27,18,68,250,25,23,28,357,46,8*62
$GPGSV,2,2,07,25,49,019,53,26,29,227,24,28,21,295,20,8*55
$GPGSV,1,1,04,15,11,061,,16,01,219,,20,03,088,,21,05,143,,0*6F
$GAGSV,2,1,07,02,35,221,15,10,34,142,35,11,62,156,18,14,21,088,29,1*75
$GAGSV,2,2,07,16,36,041,42,25,88,043,35,36,59,293,18,1*4D
$GAGSV,1,1,02,16,36,041,50,25,88,043,36,5*74
$GAGSV,2,1,05,10,34,142,33,11,62,156,29,14,21,088,21,16,36,041,46,7*79
$GAGSV,2,2,05,25,88,043,38,7*4D
$GAGSV,1,1,02,12,12,137,,34,10,310,,0*77
$GBGSV,3,1,10,12,22,102,29,19,26,073,44,20,15,121,12,22,13,021,30,3*71
$GBGSV,3,2,10,24,26,232,23,26,52,286,09,29,22,118,38,31,36,254,16,3*79
$GBGSV,3,3,10,35,60,176,25,39,28,001,47,3*70
$GBGSV,3,1,10,12,22,102,23,19,26,073,48,20,15,121,20,22,13,021,25,5*74
$GBGSV,3,2,10,24,26,232,21,26,52,286,19,29,22,118,33,31,36,254,18,5*79
$GBGSV,3,3,10,35,60,176,24,39,28,001,45,5*75
$GBGSV,3,1,10,12,22,102,23,19,26,073,46,20,15,121,21,22,13,021,27,8*74
$GBGSV,3,2,10,24,26,232,30,26,52,286,23,29,22,118,36,31,36,254,17,8*77
$GBGSV,3,3,10,35,60,176,28,39,28,001,47,8*76
$GBGSV,1,1,01,11,03,110,,0*45
$GNGLL,3001.74307,S,05112.75002,W,171113.00,A,A*7E
$GNRMC,171114.00,A,3001.74308,S,05112.75003,W,0.007,,090926,,,A,V*17
$GNVTG,,T,,M,0.007,N,0.012,K,A*39
$GNGGA,171114.00,3001.74308,S,05112.75003,W,1,12,0.56,50.3,M,4.8,M,,*48
$GNGSA,M,3,12,13,18,23,25,26,28,29,31,05,,,1.12,0.56,0.97,1*0E
$GNGSA,M,3,16,25,36,02,10,11,,,,,,,1.12,0.56,0.97,3*06
$GNGSA,M,3,12,19,20,22,24,26,29,31,35,39,,,1.12,0.56,0.97,4*09
$GPGSV,3,1,10,05,35,127,44,10,01,342,33,12,17,034,36,13,11,030,24,1*65
$GPGSV,3,2,10,18,68,250,16,23,28,357,43,25,49,019,50,26,29,227,21,1*62
$GPGSV,3,3,10,29,57,142,38,31,20,263,27,1*62
$GPGSV,3,1,10,05,35,127,40,10,01,342,33,12,17,034,30,13,11,030,18,6*6F
$GPGSV,3,2,10,18,68,250,15,23,28,357,40,25,49,019,45,28,21,295,21,6*6E
$GPGSV,3,3,10,29,57,142,28,31,20,263,28,6*6B
$GPGSV,2,1,07,10,01,342,27,13,11,030,27,18,68,250,25,23,28,357,46,8*62
$GPGSV,2,2,07,25,49,019,53,26,29,227,24,28,21,295,20,8*55
$GPGSV,1,1,04,15,11,061,,16,01,219,,20,03,088,,21,05,143,,0*6F
$GAGSV,2,1,07,02,35,221,16,10,34,142,35,11,62,156,18,14,21,088,29,1*76
$GAGSV,2,2,07,16,36,041,42,25,88,043,36,36,59,293,17,1*41
$GAGSV,1,1,02,16,36,041,50,25,88,043,36,5*74
$GAGSV,2,1,05,10,34,142,33,11,62,156,29,14,21,088,20,16,36,041,46,7*78
$GAGSV,2,2,05,25,88,043,38,7*4D
$GAGSV,1,1,02,12,12,137,,34,10,310,,0*77
$GBGSV,3,1,10,12,22,102,29,19,26,073,44,20,15,121,08,22,13,021,30,3*7A
$GBGSV,3,2,10,24,26,232,23,26,52,286,09,29,22,118,38,31,36,254,14,3*7B
$GBGSV,3,3,10,35,60,176,25,39,28,001,47,3*70
$GBGSV,3,1,10,12,22,102,23,19,26,073,48,20,15,121,19,22,13,021,26,5*7D
$GBGSV,3,2,10,24,26,232,20,26,52,286,20,29,22,118,33,31,36,254,18,5*72
$GBGSV,3,3,10,35,60,176,24,39,28,001,45,5*75
$GBGSV,3,1,10,12,22,102,21,19,26,073,46,20,15,121,21,22,13,021,27,8*76
$GBGSV,3,2,10,24,26,232,30,26,52,286,23,29,22,118,36,31,36,254,17,8*77
$GBGSV,3,3,10,35,60,176,27,39,28,001,47,8*79
$GBGSV,1,1,01,11,03,110,,0*45
$GNGLL,3001.74308,S,05112.75003,W,171114.00,A,A*77
$GNRMC,171115.00,A,3001.74308,S,05112.75003,W,0.009,,090926,,,A,V*18
$GNVTG,,T,,M,0.009,N,0.016,K,A*33
$GNGGA,171115.00,3001.74308,S,05112.75003,W,1,12,0.56,50.3,M,4.8,M,,*49
$GNGSA,M,3,12,13,18,23,25,26,28,29,31,05,,,1.16,0.56,1.02,1*07
$GNGSA,M,3,16,25,36,02,10,11,,,,,,,1.16,0.56,1.02,3*0F
$GNGSA,M,3,12,19,20,22,24,26,29,31,35,39,,,1.16,0.56,1.02,4*00
$GPGSV,3,1,10,05,35,127,44,10,01,342,33,12,17,034,36,13,11,030,24,1*65
$GPGSV,3,2,10,18,68,250,16,23,28,357,43,25,49,019,50,26,29,227,21,1*62
$GPGSV,3,3,10,29,57,142,38,31,20,263,27,1*62
$GPGSV,3,1,10,05,35,127,40,10,01,342,34,12,17,034,30,13,11,030,19,6*69
$GPGSV,3,2,10,18,68,250,15,23,28,357,40,25,49,019,45,28,21,295,23,6*6C
$GPGSV,3,3,10,29,57,142,28,31,20,263,28,6*6B
$GPGSV,2,1,07,10,01,342,27,13,11,030,27,18,68,250,25,23,28,357,46,8*62
$GPGSV,2,2,07,25,49,019,53,26,29,227,24,28,21,295,20,8*55
$GPGSV,1,1,04,15,11,061,,16,01,219,,20,03,088,,21,05,143,,0*6F
$GAGSV,2,1,07,02,35,221,17,10,34,142,35,11,62,156,18,14,21,088,29,1*77
$GAGSV,2,2,07,16,36,041,42,25,88,043,36,36,59,293,16,1*40
$GAGSV,1,1,02,16,36,041,50,25,88,043,37,5*75
$GAGSV,2,1,05,10,34,142,32,11,62,156,29,14,21,088,20,16,36,041,46,7*79
$GAGSV,2,2,05,25,88,043,38,7*4D
$GAGSV,1,1,02,12,12,137,,34,10,310,,0*77
$GBGSV,3,1,10,12,22,102,29,19,26,073,44,20,15,121,09,22,13,021,30,3*7B
$GBGSV,3,2,10,24,26,232,23,26,52,286,09,29,22,118,38,31,36,254,13,3*7C
$GBGSV,3,3,10,35,60,176,25,39,28,001,47,3*70
$GBGSV,3,1,10,12,22,102,24,19,26,073,48,20,15,121,19,22,13,021,26,5*7A
$GBGSV,3,2,10,24,26,232,21,26,52,286,20,29,22,118,33,31,36,254,18,5*73
$GBGSV,3,3,10,35,60,176,24,39,28,001,45,5*75
$GBGSV,3,1,10,12,22,102,21,19,26,073,46,20,15,121,21,22,13,021,26,8*77
$GBGSV,3,2,10,24,26,232,30,26,52,286,23,29,22,118,36,31,36,254,17,8*77
$GBGSV,3,3,10,35,60,176,27,39,28,001,47,8*79
$GBGSV,1,1,01,11,03,110,,0*45
$GNGLL,3001.74308,S,05112.75003,W,171115.00,A,A*76
$GNRMC,171116.00,A,3001.74308,S,05112.75004,W,0.020,,090926,,,A,V*17
$GNVTG,,T,,M,0.020,N,0.037,K,A*3B
$GNGGA,171116.00,3001.74308,S,05112.75004,W,1,12,0.56,50.3,M,4.8,M,,*4D
$GNGSA,M,3,12,13,18,23,25,26,28,29,31,05,,,1.16,0.56,1.02,1*07
$GNGSA,M,3,16,25,36,02,10,11,,,,,,,1.16,0.56,1.02,3*0F
$GNGSA,M,3,12,19,20,22,24,26,29,31,35,39,,,1.16,0.56,1.02,4*00
$GPGSV,3,1,10,05,35,127,44,10,01,342,33,12,17,034,36,13,11,030,24,1*65
$GPGSV,3,2,10,18,68,250,14,23,28,357,43,25,49,019,50,26,29,227,22,1*63
$GPGSV,3,3,10,29,57,142,38,31,20,263,27,1*62
$GPGSV,3,1,10,05,35,127,40,10,01,342,33,12,17,034,30,13,11,030,20,6*64
$GPGSV,3,2,10,18,68,250,15,23,28,357,40,25,49,019,45,28,21,295,24,6*6B
$GPGSV,3,3,10,29,57,142,28,31,20,263,28,6*6B
$GPGSV,2,1,07,10,01,342,28,13,11,030,27,18,68,250,25,23,28,357,46,8*6D
$GPGSV,2,2,07,25,49,019,53,26,29,227,24,28,21,295,19,8*5F
$GPGSV,1,1,04,15,11,061,,16,01,219,,20,03,088,,21,05,143,,0*6F
$GAGSV,2,1,07,02,35,221,18,10,34,142,35,11,62,156,18,14,21,088,29,1*78
$GAGSV,2,2,07,16,36,041,42,25,88,043,36,36,59,293,16,1*40
$GAGSV,1,1,02,16,36,041,50,25,88,043,37,5*75
$GAGSV,2,1,05,10,34,142,32,11,62,156,29,14,21,088,21,16,36,041,46,7*78
$GAGSV,2,2,05,25,88,043,38,7*4D
$GAGSV,1,1,02,12,12,137,,34,10,310,,0*77
$GBGSV,3,1,10,12,22,102,29,19,26,073,44,20,15,121,10,22,13,021,30,3*73
$GBGSV,3,2,10,24,26,232,24,26,52,286,12,29,22,118,38,31,36,254,12,3*70
$GBGSV,3,3,10,35,60,176,26,39,28,001,47,3*73
$GBGSV,3,1,10,12,22,102,24,19,26,073,48,20,15,121,19,22,13,021,26,5*7A
$GBGSV,3,2,10,24,26,232,21,26,52,286,20,29,22,118,33,31,36,254,19,5*72
$GBGSV,3,3,10,35,60,176,25,39,28,001,45,5*74
$GBGSV,3,1,10,12,22,102,20,19,26,073,46,20,15,121,22,22,13,021,26,8*75
$GBGSV,3,2,10,24,26,232,30,26,52,286,23,29,22,118,35,31,36,254,17,8*74
$GBGSV,3,3,10,35,60,176,27,39,28,001,47,8*79
$GBGSV,1,1,01,11,02,109,,0*4C
$GNGLL,3001.74308,S,05112.75004,W,171116.00,A,A*72
$GNRMC,171117.00,A,3001.74309,S,05112.75005,W,0.022,,090926,,,A,V*14
$GNVTG,,T,,M,0.022,N,0.040,K,A*39
$GNGGA,171117.00,3001.74309,S,05112.75005,W,1,12,0.56,50.3,M,4.8,M,,*4C
$GNGSA,M,3,12,13,18,23,25,26,28,29,31,05,,,1.16,0.56,1.02,1*07
$GNGSA,M,3,16,25,36,02,10,11,,,,,,,1.16,0.56,1.02,3*0F
$GNGSA,M,3,12,19,20,22,24,26,29,31,35,39,,,1.16,0.56,1.02,4*00
$GPGSV,3,1,10,05,35,127,44,10,01,342,33,12,17,034,36,13,11,030,23,1*62
$GPGSV,3,2,10,18,68,250,16,23,28,357,43,25,49,019,50,26,29,227,22,1*61
$GPGSV,3,3,10,29,57,142,38,31,20,263,26,1*63
$GPGSV,3,1,10,05,35,127,40,10,01,342,33,12,17,034,30,13,11,030,19,6*6E
$GPGSV,3,2,10,18,68,250,15,23,28,357,40,25,49,019,45,28,21,295,24,6*6B
$GPGSV,3,3,10,29,57,142,28,31,20,263,28,6*6B
$GPGSV,2,1,07,10,01,342,27,13,11,030,27,18,68,250,24,23,28,357,46,8*63
$GPGSV,2,2,07,25,49,019,53,26,29,227,24,28,21,295,19,8*5F
$GPGSV,1,1,04,15,11,061,,16,01,219,,20,03,088,,21,05,143,,0*6F
$GAGSV,2,1,07,02,35,221,17,10,34,142,35,11,62,156,18,14,21,088,29,1*77
$GAGSV,2,2,07,16,36,041,42,25,88,043,36,36,59,293,15,1*43
$GAGSV,1,1,02,16,36,041,50,25,88,043,37,5*75
$GAGSV,2,1,05,10,34,142,33,11,62,156,29,14,21,088,21,16,36,041,46,7*79
$GAGSV,2,2,05,25,88,043,38,7*4D
$GAGSV,1,1,02,12,12,137,,34,10,310,,0*77
$GBGSV,3,1,10,12,22,103,29,19,26,073,45,20,15,121,10,22,13,021,30,3*73
$GBGSV,3,2,10,24,26,232,24,26,52,286,10,29,22,118,38,31,36,254,12,3*72
$GBGSV,3,3,10,35,60,176,26,39,28,001,47,3*73
$GBGSV,3,1,10,12,22,103,24,19,26,073,48,20,15,121,19,22,13,021,26,5*7B
$GBGSV,3,2,10,24,26,232,21,26,52,286,21,29,22,118,33,31,36,254,18,5*72
$GBGSV,3,3,10,35,60,176,25,39,28,001,45,5*74
$GBGSV,3,1,10,12,22,103,19,19,26,073,46,20,15,121,22,22,13,021,26,8*7E
$GBGSV,3,2,10,24,26,232,29,26,52,286,23,29,22,118,35,31,36,254,17,8*7C
$GBGSV,3,3,10,35,60,176,27,39,28,001,47,8*79
$GBGSV,1,1,01,11,02,109,,0*4C
$GNGLL,3001.74309,S,05112.75005,W,171117.00,A,A*73
$GNRMC,171118.00,A,3001.74309,S,05112.75006,W,0.013,,090926,,,A,V*1A
$GNVTG,,T,,M,0.013,N,0.024,K,A*39
$GNGGA,171118.00,3001.74309,S,05112.75006,W,1,12,0.56,50.3,M,4.8,M,,*40
$GNGSA,M,3,12,13,18,23,25,26,28,29,31,05,,,1.16,0.56,1.02,1*07
$GNGSA,M,3,16,25,36,02,10,11,,,,,,,1.16,0.56,1.02,3*0F
$GNGSA,M,3,12,19,20,22,24,26,29,31,35,39,,,1.16,0.56,1.02,4*00
$GPGSV,3,1,10,05,35,127,44,10,01,342,32,12,17,034,36,13,11,030,23,1*63
$GPGSV,3,2,10,18,68,250,18,23,28,357,43,25,49,019,50,26,29,227,21,1*6C
$GPGSV,3,3,10,29,57,142,38,31,20,263,25,1*60
$GPGSV,3,1,10,05,35,127,40,10,01,342,33,12,17,034,30,13,11,030,20,6*64
$GPGSV,3,2,10,18,68,250,15,23,28,357,40,25,49,019,45,28,21,295,25,6*6A
$GPGSV,3,3,10,29,57,142,28,31,20,263,28,6*6B
$GPGSV,2,1,07,10,01,342,27,13,11,030,28,18,68,250,25,23,28,357,46,8*6D
$GPGSV,2,2,07,25,49,019,53,26,29,227,24,28,21,295,19,8*5F
$GPGSV,1,1,04,15,11,061,,16,01,219,,20,03,088,,21,05,143,,0*6F
$GAGSV,2,1,07,02,35,221,16,10,34,142,35,11,62,156,18,14,21,088,29,1*76
$GAGSV,2,2,07,16,36,041,42,25,88,043,36,36,59,293,16,1*40
$GAGSV,1,1,02,16,36,041,50,25,88,043,37,5*75
$GAGSV,2,1,05,10,34,142,32,11,62,156,29,14,21,088,22,16,36,041,46,7*7B
$GAGSV,2,2,05,25,88,043,38,7*4D
$GAGSV,1,1,02,12,12,137,,34,10,310,,0*77
$GBGSV,3,1,10,12,22,103,29,19,26,073,45,20,15,121,10,22,13,021,30,3*73
$GBGSV,3,2,10,24,26,232,23,26,52,286,11,29,22,118,38,31,36,254,13,3*75
$GBGSV,3,3,10,35,60,176,26,39,28,001,47,3*73
$GBGSV,3,1,10,12,22,103,24,19,26,073,48,20,15,121,20,22,13,021,26,5*71
$GBGSV,3,2,10,24,26,232,22,26,52,286,21,29,22,118,33,31,36,254,17,5*7E
$GBGSV,3,3,10,35,60,176,25,39,28,001,45,5*74
$GBGSV,3,1,10,12,22,103,20,19,26,073,46,20,15,121,22,22,13,021,26,8*74
$GBGSV,3,2,10,24,26,232,30,26,52,286,23,29,22,118,35,31,36,254,17,8*74
$GBGSV,3,3,10,35,60,176,27,39,28,001,47,8*79
$GBGSV,1,1,01,11,02,109,,0*4C
$GNGLL,3001.74309,S,05112.75006,W,171118.00,A,A*7F
$GNRMC,171119.00,A,3001.74310,S,05112.75006,W,0.018,,090926,,,A,V*18
$GNVTG,,T,,M,0.018,N,0.033,K,A*34
$GNGGA,171119.00,3001.74310,S,05112.75006,W,1,12,0.56,50.2,M,4.8,M,,*48
$GNGSA,M,3,12,13,18,23,25,26,28,29,31,05,,,1.16,0.56,1.02,1*07
$GNGSA,M,3,16,25,36,02,10,11,,,,,,,1.16,0.56,1.02,3*0F
$GNGSA,M,3,12,19,20,22,24,26,29,31,35,39,,,1.16,0.56,1.02,4*00
$GPGSV,3,1,10,05,35,127,44,10,01,342,32,12,17,034,36,13,11,030,23,1*63
$GPGSV,3,2,10,18,68,250,18,23,28,357,43,25,49,019,50,26,29,227,21,1*6C
$GPGSV,3,3,10,29,57,142,38,31,20,263,25,1*60
$GPGSV,3,1,10,05,35,127,40,10,01,342,33,12,17,034,30,13,11,030,19,6*6E
$GPGSV,3,2,10,18,68,250,16,23,28,357,40,25,49,019,45,28,21,295,25,6*69
$GPGSV,3,3,10,29,57,142,27,31,20,263,28,6*64
$GPGSV,2,1,07,10,01,342,27,13,11,030,27,18,68,250,25,23,28,357,46,8*62
$GPGSV,2,2,07,25,49,019,53,26,29,227,24,28,21,295,19,8*5F
$GPGSV,1,1,04,15,11,061,,16,01,219,,20,03,088,,21,05,143,,0*6F
$GAGSV,2,1,07,02,35,221,16,10,34,142,35,11,62,156,18,14,21,088,29,1*76
$GAGSV,2,2,07,16,36,041,42,25,88,043,36,36,59,293,15,1*43
$GAGSV,1,1,02,16,36,041,50,25,88,043,36,5*74
$GAGSV,2,1,05,10,34,142,33,11,62,156,29,14,21,088,22,16,36,041,46,7*7A
$GAGSV,2,2,05,25,88,043,38,7*4D
$GAGSV,1,1,02,12,12,137,,34,10,310,,0*77
$GBGSV,3,1,10,12,22,103,29,19,26,073,44,20,15,121,10,22,13,021,30,3*72
$GBGSV,3,2,10,24,26,232,23,26,52,286,09,29,22,118,38,31,36,254,13,3*7C
$GBGSV,3,3,10,35,60,176,26,39,28,001,47,3*73
$GBGSV,3,1,10,12,22,103,24,19,26,073,48,20,15,121,20,22,13,021,26,5*71
$GBGSV,3,2,10,24,26,232,22,26,52,286,21,29,22,118,33,31,36,254,17,5*7E
$GBGSV,3,3,10,35,60,176,25,39,28,001,45,5*74
$GBGSV,3,1,10,12,22,103,20,19,26,073,46,20,15,121,21,22,13,021,26,8*77
$GBGSV,3,2,10,24,26,232,30,26,52,286,23,29,22,118,35,31,36,254,17,8*74
$GBGSV,3,3,10,35,60,176,27,39,28,001,47,8*79
$GBGSV,1,1,01,11,02,109,,0*4C
$GNGLL,3001.74310,S,05112.75006,W,171119.00,A,A*76
$GNRMC,171120.00,A,3001.74310,S,05112.75007,W,0.010,,090926,,,A,V*1B
$GNVTG,,T,,M,0.010,N,0.019,K,A*34
$GNGGA,171120.00,3001.74310,S,05112.75007,W,1,12,0.56,50.2,M,4.8,M,,*43
$GNGSA,M,3,12,13,18,23,25,26,28,29,31,05,,,1.12,0.56,0.97,1*0E
$GNGSA,M,3,16,25,36,02,10,11,,,,,,,1.12,0.56,0.97,3*06
$GNGSA,M,3,12,19,20,22,24,26,29,31,35,39,,,1.12,0.56,0.97,4*09
$GPGSV,3,1,10,05,35,127,44,10,01,342,31,12,17,034,36,13,11,030,23,1*60
$GPGSV,3,2,10,18,68,250,17,23,28,357,43,25,49,019,50,26,29,227,21,1*63
$GPGSV,3,3,10,29,57,142,38,31,20,263,25,1*60
$GPGSV,3,1,10,05,35,127,40,10,01,342,32,12,17,034,30,13,11,030,20,6*65
$GPGSV,3,2,10,18,68,250,17,23,28,357,40,25,49,019,45,28,21,295,25,6*68
$GPGSV,3,3,10,29,57,142,27,31,20,263,28,6*64
$GPGSV,2,1,07,10,01,342,26,13,11,030,27,18,68,250,25,23,28,357,46,8*63
$GPGSV,2,2,07,25,49,019,53,26,29,227,23,28,21,295,19,8*58
$GPGSV,1,1,04,15,11,061,,16,01,219,,20,03,088,,21,05,143,,0*6F
$GAGSV,2,1,07,02,35,221,16,10,34,142,35,11,62,156,18,14,21,088,29,1*76
$GAGSV,2,2,07,16,36,041,42,25,88,043,35,36,59,293,15,1*40
$GAGSV,1,1,02,16,36,041,50,25,88,043,37,5*75
$GAGSV,2,1,05,10,34,142,33,11,62,156,29,14,21,088,22,16,36,041,46,7*7A
$GAGSV,2,2,05,25,88,043,38,7*4D
$GAGSV,1,1,02,12,12,137,,34,10,310,,0*77
$GBGSV,3,1,10,12,22,103,29,19,26,074,44,20,15,121,11,22,13,021,31,3*75
$GBGSV,3,2,10,24,26,232,23,26,52,286,13,29,22,118,37,31,36,254,14,3*7F
$GBGSV,3,3,10,35,60,176,26,39,28,001,47,3*73
$GBGSV,3,1,10,12,22,103,25,19,26,074,48,20,15,121,19,22,13,021,26,5*7D
$GBGSV,3,2,10,24,26,232,22,26,52,286,21,29,22,118,32,31,36,254,17,5*7F
$GBGSV,3,3,10,35,60,176,25,39,28,001,45,5*74
$GBGSV,3,1,10,12,22,103,20,19,26,074,46,20,15,121,21,22,13,021,26,8*70
$GBGSV,3,2,10,24,26,232,30,26,52,286,23,29,22,118,35,31,36,254,17,8*74
$GBGSV,3,3,10,35,60,176,27,39,28,001,47,8*79
$GBGSV,1,1,01,11,02,109,,0*4C
$GNGLL,3001.74310,S,05112.75007,W,171120.00,A,A*7D
$GNRMC,171121.00,A,3001.74310,S,05112.75007,W,0.016,,090926,,,A,V*1C
$GNVTG,,T,,M,0.016,N,0.030,K,A*39
$GNGGA,171121.00,3001.74310,S,05112.75007,W,1,12,0.56,50.3,M,4.8,M,,*43
$GNGSA,M,3,12,13,18,23,25,26,28,29,31,05,,,1.12,0.56,0.97,1*0E
$GNGSA,M,3,16,25,36,02,10,11,,,,,,,1.12,0.56,0.97,3*06
$GNGSA,M,3,12,19,20,22,24,26,29,31,35,39,,,1.12,0.56,0.97,4*09
$GPGSV,3,1,10,05,35,127,44,10,01,342,31,12,17,034,36,13,11,030,23,1*60
$GPGSV,3,2,10,18,68,250,16,23,28,357,43,25,49,019,50,26,29,227,21,1*62
$GPGSV,3,3,10,29,57,142,38,31,20,263,25,1*60
$GPGSV,3,1,10,05,35,127,40,10,01,342,32,12,17,034,30,13,11,030,20,6*65
$GPGSV,3,2,10,18,68,250,17,23,28,357,40,25,49,019,45,28,21,295,25,6*68
$GPGSV,3,3,10,29,57,142,27,31,20,263,28,6*64
$GPGSV,2,1,07,10,01,342,26,13,11,030,27,18,68,250,24,23,28,357,46,8*62
$GPGSV,2,2,07,25,49,019,53,26,29,227,23,28,21,295,19,8*58
$GPGSV,1,1,04,15,11,061,,16,01,219,,20,03,088,,21,05,143,,0*6F
$GAGSV,2,1,07,02,35,221,16,10,34,142,35,11,62,156,18,14,21,088,29,1*76
$GAGSV,2,2,07,16,36,041,42,25,88,043,35,36,59,293,15,1*40
$GAGSV,1,1,02,16,36,041,50,25,88,043,37,5*75
$GAGSV,2,1,05,10,34,142,33,11,62,156,29,14,21,088,23,16,36,041,46,7*7B
$GAGSV,2,2,05,25,88,043,38,7*4D
$GAGSV,1,1,02,12,12,137,,34,10,310,,0*77
$GBGSV,3,1,10,12,22,103,28,19,26,074,45,20,15,122,12,22,13,021,30,3*74
$GBGSV,3,2,10,24,26,232,23,26,52,286,07,29,22,118,37,31,36,254,12,3*7C
$GBGSV,3,3,10,35,60,176,26,39,28,001,47,3*73
$GBGSV,3,1,10,12,22,103,25,19,26,074,48,20,15,122,19,22,13,021,26,5*7E
$GBGSV,3,2,10,24,26,232,22,26,52,286,21,29,22,118,33,31,36,254,17,5*7E
$GBGSV,3,3,10,35,60,176,25,39,28,001,45,5*74
$GBGSV,3,1,10,12,22,103,20,19,26,074,46,20,15,122,21,22,13,021,26,8*73
$GBGSV,3,2,10,24,26,232,30,26,52,286,22,29,22,118,35,31,36,254,16,8*74
$GBGSV,3,3,10,35,60,176,27,39,28,001,47,8*79
$GBGSV,1,1,01,11,02,109,,0*4C
$GNGLL,3001.74310,S,05112.75007,W,171121.00,A,A*7C
$GNRMC,171122.00,A,3001.74310,S,05112.75007,W,0.005,,090926,,,A,V*1D
$GNVTG,,T,,M,0.005,N,0.010,K,A*39
$GNGGA,171122.00,3001.74310,S,05112.75007,W,1,12,0.56,50.3,M,4.8,M,,*40
$GNGSA,M,3,12,13,18,23,25,26,28,29,31,05,,,1.12,0.56,0.97,1*0E
$GNGSA,M,3,16,25,36,02,10,11,,,,,,,1.12,0.56,0.97,3*06
$GNGSA,M,3,12,19,20,22,24,26,29,31,35,39,,,1.12,0.56,0.97,4*09
$GPGSV,3,1,10,05,35,127,44,10,01,342,30,12,17,034,36,13,11,030,23,1*61
$GPGSV,3,2,10,18,68,250,15,23,28,357,43,25,49,019,50,26,29,227,19,1*6A
$GPGSV,3,3,10,29,57,142,38,31,20,263,25,1*60
$GPGSV,3,1,10,05,35,127,40,10,01,342,32,12,17,034,30,13,11,030,21,6*64
$GPGSV,3,2,10,18,68,250,17,23,28,357,40,25,49,019,45,28,21,295,25,6*68
$GPGSV,3,3,10,29,57,142,27,31,20,263,28,6*64
$GPGSV,2,1,07,10,01,342,26,13,11,030,27,18,68,250,25,23,28,357,46,8*63
$GPGSV,2,2,07,25,49,019,53,26,29,227,24,28,21,295,19,8*5F
$GPGSV,1,1,04,15,11,061,,16,01,219,,20,03,088,,21,05,143,,0*6F
$GAGSV,2,1,07,02,35,221,17,10,34,142,35,11,62,156,19,14,21,088,29,1*76
$GAGSV,2,2,07,16,36,041,42,25,88,043,36,36,59,293,16,1*40
$GAGSV,1,1,02,16,36,041,50,25,88,043,37,5*75
$GAGSV,2,1,05,10,34,142,33,11,62,156,29,14,21,088,23,16,36,041,46,7*7B
$GAGSV,2,2,05,25,88,043,38,7*4D
$GAGSV,1,1,02,12,12,137,,34,10,310,,0*77
$GBGSV,3,1,10,12,22,103,28,19,26,074,45,20,15,122,09,22,13,021,31,3*7F
$GBGSV,3,2,10,24,26,232,23,26,52,286,10,29,22,118,37,31,36,254,11,3*79
$GBGSV,3,3,10,35,60,176,26,39,28,001,47,3*73
$GBGSV,3,1,10,12,22,103,25,19,26,074,48,20,15,122,20,22,13,021,26,5*74
$GBGSV,3,2,10,24,26,232,23,26,52,286,21,29,22,118,33,31,36,254,17,5*7F
$GBGSV,3,3,10,35,60,176,24,39,28,001,45,5*75
$GBGSV,3,1,10,12,22,103,22,19,26,074,46,20,15,122,21,22,13,021,26,8*71
$GBGSV,3,2,10,24,26,232,30,26,52,286,22,29,22,118,34,31,36,254,16,8*75
$GBGSV,3,3,10,35,60,176,27,39,28,001,47,8*79
$GBGSV,1,1,01,11,02,109,,0*4C
$GNGLL,3001.74310,S,05112.75007,W,171122.00,A,A*7F
$GNRMC,171123.00,A,3001.74311,S,05112.75007,W,0.005,,090926,,,A,V*1D
$GNVTG,,T,,M,0.005,N,0.009,K,A*31
$GNGGA,171123.00,3001.74311,S,05112.75007,W,1,12,0.56,50.3,M,4.8,M,,*40
$GNGSA,M,3,12,13,18,23,25,26,28,29,31,05,,,1.16,0.56,1.02,1*07
$GNGSA,M,3,16,25,36,02,10,11,,,,,,,1.16,0.56,1.02,3*0F
$GNGSA,M,3,12,19,20,22,24,26,29,31,35,39,,,1.16,0.56,1.02,4*00
$GPGSV,3,1,10,05,35,127,44,10,01,342,31,12,17,034,36,13,11,030,23,1*60
$GPGSV,3,2,10,18,68,250,14,23,28,357,43,25,49,019,50,26,29,227,19,1*6B
$GPGSV,3,3,10,29,57,142,38,31,20,263,24,1*61
$GPGSV,3,1,10,05,35,127,40,10,01,342,32,12,17,034,30,13,11,030,21,6*64
$GPGSV,3,2,10,18,68,250,17,23,28,357,40,25,49,019,45,28,21,295,25,6*68
$GPGSV,3,3,10,29,57,142,27,31,20,263,28,6*64
$GPGSV,2,1,07,10,01,342,26,13,11,030,27,18,68,250,25,23,28,357,46,8*63
$GPGSV,2,2,07,25,49,019,53,26,29,227,24,28,21,295,19,8*5F
$GPGSV,1,1,04,15,11,061,,16,01,219,,20,03,088,,21,05,143,,0*6F
$GAGSV,2,1,07,02,35,221,17,10,34,142,35,11,62,156,18,14,21,088,30,1*7F
$GAGSV,2,2,07,16,36,041,42,25,88,043,35,36,59,293,17,1*42
$GAGSV,1,1,02,16,36,041,50,25,88,043,37,5*75
$GAGSV,2,1,05,10,34,142,33,11,62,156,28,14,21,088,23,16,36,041,46,7*7A
$GAGSV,2,2,05,25,88,043,38,7*4D
$GAGSV,1,1,02,12,12,137,,34,10,310,,0*77
$GBGSV,3,1,10,12,22,103,28,19,26,074,45,20,15,122,10,22,13,022,31,3*74
$GBGSV,3,2,10,24,26,232,23,26,52,286,12,29,22,118,37,31,36,254,11,3*7B
$GBGSV,3,3,10,35,60,176,26,39,28,001,47,3*73
$GBGSV,3,1,10,12,22,103,25,19,26,074,48,20,15,122,20,22,13,022,26,5*77
$GBGSV,3,2,10,24,26,232,22,26,52,286,21,29,22,118,33,31,36,254,17,5*7E
$GBGSV,3,3,10,35,60,176,25,39,28,001,45,5*74
$GBGSV,3,1,10,12,22,103,23,19,26,074,46,20,15,122,22,22,13,022,26,8*70
$GBGSV,3,2,10,24,26,232,30,26,52,286,22,29,22,118,34,31,36,254,15,8*76
$GBGSV,3,3,10,35,60,176,27,39,28,001,47,8*79
$GBGSV,1,1,01,11,02,109,,0*4C
$GNGLL,3001.74311,S,05112.75007,W,171123.00,A,A*7F
$GNRMC,171124.00,A,3001.74311,S,05112.75007,W,0.007,,090926,,,A,V*18
$GNVTG,,T,,M,0.007,N,0.013,K,A*38
$GNGGA,171124.00,3001.74311,S,05112.75007,W,1,12,0.56,50.3,M,4.8,M,,*47
$GNGSA,M,3,12,13,18,23,25,26,28,29,31,05,,,1.16,0.56,1.02,1*07
$GNGSA,M,3,16,25,36,02,10,11,,,,,,,1.16,0.56,1.02,3*0F
$GNGSA,M,3,12,19,20,22,24,26,29,31,35,39,,,1.16,0.56,1.02,4*00
$GPGSV,3,1,10,05,35,127,44,10,01,342,32,12,17,034,36,13,11,030,23,1*63
$GPGSV,3,2,10,18,68,250,12,23,28,357,43,25,49,019,50,26,29,227,19,1*6D
$GPGSV,3,3,10,29,57,142,38,31,20,263,25,1*60
$GPGSV,3,1,10,05,35,127,40,10,01,342,33,12,17,034,30,13,11,030,21,6*65
$GPGSV,3,2,10,18,68,250,17,23,28,357,40,25,49,019,45,28,21,295,25,6*68
$GPGSV,3,3,10,29,57,142,27,31,20,263,28,6*64
$GPGSV,2,1,08,10,01,342,26,13,11,030,28,18,68,250,25,23,28,357,46,8*63
$GPGSV,2,2,08,25,49,019,53,26,29,227,25,28,21,295,19,28,21,295,19,8*6E
$GPGSV,1,1,04,15,11,061,,16,01,219,,20,03,088,,21,05,143,,0*6F
$GAGSV,2,1,07,02,35,221,18,10,34,142,35,11,62,156,18,14,21,088,29,1*78
$GAGSV,2,2,07,16,36,041,42,25,88,043,35,36,59,293,17,1*42
$GAGSV,1,1,02,16,36,041,50,25,88,043,37,5*75
$GAGSV,2,1,05,10,34,142,33,11,62,156,28,14,21,088,24,16,36,041,46,7*7D
$GAGSV,2,2,05,25,88,043,38,7*4D
$GAGSV,1,1,02,12,12,137,,34,10,310,,0*77
$GBGSV,3,1,10,12,22,103,28,19,26,074,45,20,15,122,11,22,13,022,31,3*75
$GBGSV,3,2,10,24,26,232,23,26,52,286,10,29,22,118,37,31,36,254,10,3*78
$GBGSV,3,3,10,35,60,176,26,39,28,001,47,3*73
$GBGSV,3,1,10,12,22,103,25,19,26,074,48,20,15,122,19,22,13,022,26,5*7D
$GBGSV,3,2,10,24,26,232,23,26,52,286,21,29,22,118,32,31,36,254,17,5*7E
$GBGSV,3,3,10,35,60,176,25,39,28,001,45,5*74
$GBGSV,3,1,10,12,22,103,25,19,26,074,46,20,15,122,22,22,13,022,26,8*76
$GBGSV,3,2,10,24,26,232,30,26,52,286,22,29,22,118,34,31,36,254,15,8*76
$GBGSV,3,3,10,35,60,176,27,39,28,001,47,8*79
$GBGSV,1,1,01,11,02,109,,0*4C
$GNGLL,3001.74311,S,05112.75007,W,171124.00,A,A*78
$GNRMC,171125.00,A,3001.74311,S,05112.75007,W,0.031,,090926,,,A,V*1C
$GNVTG,,T,,M,0.031,N,0.058,K,A*32
$GNGGA,171125.00,3001.74311,S,05112.75007,W,1,12,0.56,50.2,M,4.8,M,,*47
$GNGSA,M,3,12,13,18,23,25,26,28,29,31,05,,,1.16,0.56,1.02,1*07
$GNGSA,M,3,16,25,36,02,10,11,,,,,,,1.16,0.56,1.02,3*0F
$GNGSA,M,3,12,19,20,22,24,26,29,31,35,39,,,1.16,0.56,1.02,4*00
$GPGSV,3,1,10,05,35,127,44,10,01,342,33,12,17,034,36,13,11,030,22,1*63
$GPGSV,3,2,10,18,68,250,09,23,28,357,43,25,49,019,50,26,29,227,19,1*67
$GPGSV,3,3,10,29,57,142,38,31,20,263,25,1*60
$GPGSV,3,1,10,05,35,127,40,10,01,342,33,12,17,034,30,13,11,030,21,6*65
$GPGSV,3,2,10,18,68,250,17,23,28,357,40,25,49,019,45,28,21,295,25,6*68
$GPGSV,3,3,10,29,57,142,27,31,20,263,28,6*64
$GPGSV,2,1,07,10,01,342,27,13,11,030,28,18,68,250,25,23,28,357,46,8*6D
$GPGSV,2,2,07,25,49,019,53,26,29,227,25,28,21,295,19,8*5E
$GPGSV,1,1,04,15,11,061,,16,01,219,,20,03,088,,21,05,143,,0*6F
$GAGSV,2,1,07,02,35,221,17,10,34,142,35,11,62,156,18,14,21,088,30,1*7F
$GAGSV,2,2,07,16,36,041,42,25,88,043,36,36,59,293,17,1*41
$GAGSV,1,1,02,16,36,041,50,25,88,043,37,5*75
$GAGSV,2,1,05,10,34,142,33,11,62,156,28,14,21,088,23,16,36,041,46,7*7A
$GAGSV,2,2,05,25,88,043,38,7*4D
$GAGSV,1,1,02,12,12,137,,34,10,310,,0*77
$GBGSV,3,1,10,12,22,103,27,19,26,074,45,20,15,122,09,22,13,022,31,3*73
$GBGSV,3,2,10,24,26,233,23,26,52,286,09,29,22,118,37,31,36,254,09,3*79
$GBGSV,3,3,10,35,60,176,26,39,28,001,47,3*73
$GBGSV,3,1,10,12,22,103,25,19,26,074,48,20,15,122,19,22,13,022,26,5*7D
$GBGSV,3,2,10,24,26,233,22,26,52,286,21,29,22,118,32,31,36,254,16,5*7F
$GBGSV,3,3,10,35,60,176,25,39,28,001,45,5*74
$GBGSV,3,1,10,12,22,103,26,19,26,074,46,20,15,122,21,22,13,022,26,8*76
$GBGSV,3,2,10,24,26,233,30,26,52,286,22,29,22,118,34,31,36,254,16,8*74
$GBGSV,3,3,10,35,60,176,27,39,28,001,47,8*79
$GBGSV,1,1,01,11,02,109,,0*4C
$GNGLL,3001.74311,S,05112.75007,W,171125.00,A,A*79
$GNRMC,171126.00,A,3001.74311,S,05112.75007,W,0.020,,090926,,,A,V*1F
$GNVTG,,T,,M,0.020,N,0.038,K,A*34
$GNGGA,171126.00,3001.74311,S,05112.75007,W,1,12,0.56,50.2,M,4.8,M,,*44
$GNGSA,M,3,12,13,18,23,25,26,28,29,31,05,,,1.16,0.56,1.02,1*07
$GNGSA,M,3,16,25,36,02,10,11,,,,,,,1.16,0.56,1.02,3*0F
$GNGSA,M,3,12,19,20,22,24,26,29,31,35,39,,,1.16,0.56,1.02,4*00
$GPGSV,3,1,10,05,35,127,44,10,01,342,33,12,17,034,36,13,11,030,23,1*62
$GPGSV,3,2,10,18,68,250,07,23,28,357,43,25,49,019,50,26,29,227,18,1*68
$GPGSV,3,3,10,29,57,142,38,31,20,263,25,1*60
$GPGSV,3,1,10,05,35,127,40,10,01,342,33,12,17,034,30,13,11,030,21,6*65
$GPGSV,3,2,10,18,68,250,18,23,28,357,40,25,49,019,45,28,21,295,25,6*67
$GPGSV,3,3,10,29,57,142,27,31,20,263,27,6*6B
$GPGSV,2,1,07,10,01,342,27,13,11,030,28,18,68,250,25,23,28,357,46,8*6D
$GPGSV,2,2,07,25,49,019,53,26,29,227,25,28,21,295,19,8*5E
$GPGSV,1,1,04,15,11,061,,16,01,219,,20,03,088,,21,05,143,,0*6F
$GAGSV,2,1,07,02,35,221,17,10,34,142,35,11,62,156,19,14,21,088,29,1*76
$GAGSV,2,2,07,16,36,041,42,25,88,043,35,36,59,293,16,1*43
$GAGSV,1,1,02,16,36,041,50,25,88,043,37,5*75
$GAGSV,2,1,05,10,34,142,32,11,62,156,28,14,21,088,23,16,36,041,46,7*7B
$GAGSV,2,2,05,25,88,043,38,7*4D
$GAGSV,1,1,02,12,12,137,,34,10,310,,0*77
$GBGSV,3,1,10,12,22,103,26,19,26,074,45,20,15,122,11,22,13,022,31,3*7B
$GBGSV,3,2,10,24,26,233,23,26,52,286,06,29,22,118,37,31,36,254,12,3*7C
$GBGSV,3,3,10,35,60,176,26,39,28,001,47,3*73
$GBGSV,3,1,10,12,22,103,25,19,26,074,48,20,15,122,19,22,13,022,26,5*7D
$GBGSV,3,2,10,24,26,233,22,26,52,286,20,29,22,118,32,31,36,254,16,5*7E
$GBGSV,3,3,10,35,60,176,25,39,28,001,45,5*74
$GBGSV,3,1,10,12,22,103,27,19,26,074,46,20,15,122,21,22,13,022,25,8*74
$GBGSV,3,2,10,24,26,233,31,26,52,286,22,29,22,118,34,31,36,254,17,8*74
$GBGSV,3,3,10,35,60,176,27,39,28,001,47,8*79
$GBGSV,1,1,01,11,02,109,,0*4C
$GNGLL,3001.74311,S,05112.75007,W,171126.00,A,A*7A
$GNRMC,171127.00,A,3001.74311,S,05112.75008,W,0.031,,090926,,,A,V*11
$GNVTG,,T,,M,0.031,N,0.057,K,A*3D
$GNGGA,171127.00,3001.74311,S,05112.75008,W,1,12,0.56,50.2,M,4.8,M,,*4A
$GNGSA,M,3,12,13,18,23,25,26,28,29,31,05,,,1.16,0.56,1.02,1*07
$GNGSA,M,3,16,25,36,02,10,11,,,,,,,1.16,0.56,1.02,3*0F
$GNGSA,M,3,12,19,20,22,24,26,29,31,35,39,,,1.16,0.56,1.02,4*00
$GPGSV,3,1,10,05,35,127,44,10,01,342,33,12,17,034,36,13,11,030,22,1*63
$GPGSV,3,2,10,18,68,250,07,23,28,357,42,25,49,019,50,26,29,227,18,1*69
$GPGSV,3,3,10,29,57,142,38,31,20,263,26,1*63
$GPGSV,3,1,10,05,35,127,40,10,01,342,34,12,17,034,30,13,11,030,21,6*62
$GPGSV,3,2,10,18,68,250,16,23,28,357,40,25,49,019,45,28,21,295,25,6*69
$GPGSV,3,3,10,29,57,142,27,31,20,263,27,6*6B
$GPGSV,2,1,07,10,01,342,28,13,11,030,27,18,68,250,25,23,28,357,46,8*6D
$GPGSV,2,2,07,25,49,019,53,26,29,227,24,28,21,295,18,8*5E
$GPGSV,1,1,04,15,11,061,,16,01,219,,20,03,088,,21,05,143,,0*6F
$GAGSV,2,1,07,02,35,221,18,10,34,142,35,11,62,156,19,14,21,088,30,1*71
$GAGSV,2,2,07,16,36,041,42,25,88,043,35,36,59,293,17,1*42
$GAGSV,1,1,02,16,36,041,50,25,88,043,37,5*75
$GAGSV,2,1,05,10,34,142,32,11,62,156,28,14,21,088,24,16,36,041,46,7*7C
$GAGSV,2,2,05,25,88,043,38,7*4D
$GAGSV,1,1,02,12,12,137,,34,10,310,,0*77
$GBGSV,3,1,10,12,22,103,26,19,26,074,45,20,15,122,11,22,13,022,31,3*7B
$GBGSV,3,2,10,24,26,233,23,26,51,288,07,29,22,118,37,31,36,254,12,3*70
$GBGSV,3,3,10,35,60,176,26,39,28,001,47,3*73
$GBGSV,3,1,10,12,22,103,25,19,26,074,48,20,15,122,19,22,13,022,26,5*7D
$GBGSV,3,2,10,24,26,233,22,26,51,288,21,29,22,118,31,31,36,254,16,5*71
$GBGSV,3,3,10,35,60,176,25,39,28,001,45,5*74
$GBGSV,3,1,10,12,22,103,27,19,26,074,46,20,15,122,21,22,13,022,25,8*74
$GBGSV,3,2,10,24,26,233,30,26,51,288,22,29,22,118,34,31,36,254,16,8*79
$GBGSV,3,3,10,35,60,176,27,39,28,001,47,8*79
$GBGSV,1,1,01,11,02,109,,0*4C
$GNGLL,3001.74311,S,05112.75008,W,171127.00,A,A*74
$GNRMC,171128.00,A,3001.74311,S,05112.75008,W,0.008,,090926,,,A,V*14
$GNVTG,,T,,M,0.008,N,0.016,K,A*32
$GNGGA,171128.00,3001.74311,S,05112.75008,W,1,12,0.56,50.2,M,4.8,M,,*45
$GNGSA,M,3,12,13,18,23,25,26,28,29,31,05,,,1.16,0.56,1.02,1*07
$GNGSA,M,3,16,25,36,02,10,11,,,,,,,1.16,0.56,1.02,3*0F
$GNGSA,M,3,12,19,20,22,24,26,29,31,35,39,,,1.16,0.56,1.02,4*00
$GPGSV,3,1,10,05,35,127,44,10,01,342,34,12,17,034,36,13,11,030,22,1*64
$GPGSV,3,2,10,18,68,250,08,23,28,357,42,25,49,019,50,26,29,227,16,1*68
$GPGSV,3,3,10,29,57,142,38,31,20,263,25,1*60
$GPGSV,3,1,10,05,35,127,40,10,01,342,35,12,17,034,29,13,11,030,21,6*6B
$GPGSV,3,2,10,18,68,250,15,23,28,357,40,25,49,019,45,28,21,295,25,6*6A
$GPGSV,3,3,10,29,57,142,27,31,20,263,27,6*6B
$GPGSV,2,1,07,10,01,342,28,13,11,030,28,18,68,250,25,23,28,357,46,8*62
$GPGSV,2,2,07,25,49,019,53,26,29,227,24,28,21,295,18,8*5E
$GPGSV,1,1,04,15,11,061,,16,01,219,,20,03,088,,21,05,143,,0*6F
$GAGSV,2,1,07,02,35,221,18,10,34,142,35,11,62,156,19,14,21,088,30,1*71
$GAGSV,2,2,07,16,36,041,42,25,88,043,35,36,59,293,17,1*42
$GAGSV,1,1,02,16,36,041,50,25,88,043,37,5*75
$GAGSV,2,1,05,10,34,142,32,11,62,156,28,14,21,088,23,16,36,041,46,7*7B
$GAGSV,2,2,05,25,88,043,38,7*4D
$GAGSV,1,1,02,12,12,137,,34,10,310,,0*77
$GBGSV,3,1,10,12,22,103,25,19,26,074,45,20,15,122,10,22,13,022,31,3*79
$GBGSV,3,2,10,24,26,233,22,26,51,288,08,29,22,118,37,31,36,254,11,3*7D
$GBGSV,3,3,10,35,60,176,26,39,28,001,47,3*73
$GBGSV,3,1,10,12,22,103,25,19,26,074,48,20,15,122,19,22,13,022,26,5*7D
$GBGSV,3,2,10,24,26,233,23,26,51,288,21,29,22,118,31,31,36,254,15,5*73
$GBGSV,3,3,10,35,60,176,25,39,28,001,45,5*74
$GBGSV,3,1,10,12,22,103,28,19,26,074,46,20,15,122,21,22,13,022,25,8*7B
$GBGSV,3,2,10,24,26,233,30,26,51,288,22,29,22,118,34,31,36,254,15,8*7A
$GBGSV,3,3,10,35,60,176,26,39,28,001,47,8*78
$GBGSV,1,1,01,11,02,109,,0*4C
$GNGLL,3001.74311,S,05112.75008,W,171128.00,A,A*7B
$GNRMC,171129.00,A,3001.74312,S,05112.75009,W,0.020,,090926,,,A,V*1D
$GNVTG,,T,,M,0.020,N,0.036,K,A*3A
$GNGGA,171129.00,3001.74312,S,05112.75009,W,1,12,0.58,50.2,M,4.8,M,,*48
$GNGSA,M,3,12,13,23,25,26,28,29,31,05,,,,1.18,0.58,1.02,1*0E
$GNGSA,M,3,16,25,36,02,10,11,,,,,,,1.18,0.58,1.02,3*0F
$GNGSA,M,3,12,19,20,22,24,26,29,35,39,,,,1.18,0.58,1.02,4*02
$GPGSV,3,1,10,05,35,127,44,10,01,342,34,12,17,034,36,13,11,030,21,1*67
$GPGSV,3,2,10,18,68,250,09,23,28,357,42,25,49,019,50,26,29,227,15,1*6A
$GPGSV,3,3,10,29,57,142,38,31,20,263,25,1*60
$GPGSV,3,1,10,05,35,127,40,10,01,342,35,12,17,034,29,13,11,030,21,6*6B
$GPGSV,3,2,10,18,68,250,11,23,28,357,40,25,49,019,45,28,21,295,25,6*6E
$GPGSV,3,3,10,29,57,142,27,31,20,263,27,6*6B
$GPGSV,2,1,07,10,01,342,29,13,11,030,28,18,68,250,25,23,28,357,46,8*63
$GPGSV,2,2,07,25,49,019,53,26,29,227,24,28,21,295,18,8*5E
$GPGSV,1,1,04,15,11,061,,16,01,219,,20,03,088,,21,05,143,,0*6F
$GAGSV,2,1,07,02,35,221,17,10,34,142,35,11,62,156,19,14,21,088,30,1*7E
$GAGSV,2,2,07,16,36,041,42,25,88,043,36,36,59,293,17,1*41
$GAGSV,1,1,02,16,36,041,50,25,88,043,37,5*75
$GAGSV,2,1,05,10,34,142,33,11,62,156,28,14,21,088,23,16,36,041,46,7*7A
$GAGSV,2,2,05,25,88,043,38,7*4D
$GAGSV,1,1,02,12,12,137,,34,10,310,,0*77
$GBGSV,3,1,10,12,22,103,24,19,26,074,45,20,15,122,11,22,13,022,31,3*79
$GBGSV,3,2,10,24,26,233,22,26,51,288,08,29,22,118,37,31,36,254,10,3*7C
$GBGSV,3,3,10,35,60,176,26,39,28,001,48,3*7C
$GBGSV,3,1,10,12,22,103,25,19,26,074,48,20,15,122,19,22,13,022,27,5*7C
$GBGSV,3,2,10,24,26,233,22,26,51,288,21,29,22,118,32,31,36,254,15,5*71
$GBGSV,3,3,10,35,60,176,25,39,28,001,45,5*74
$GBGSV,3,1,10,12,22,103,28,19,26,074,46,20,15,122,21,22,13,022,25,8*7B
$GBGSV,3,2,10,24,26,233,30,26,51,288,21,29,22,118,33,31,36,254,14,8*7F
$GBGSV,3,3,10,35,60,176,26,39,28,001,47,8*78
$GBGSV,1,1,01,11,02,109,,0*4C
$GNGLL,3001.74312,S,05112.75009,W,171129.00,A,A*78
$GNRMC,171130.00,A,3001.74312,S,05112.75009,W,0.020,,090926,,,A,V*15
$GNVTG,,T,,M,0.020,N,0.037,K,A*3B
$GNGGA,171130.00,3001.74312,S,05112.75009,W,1,12,0.58,50.3,M,4.8,M,,*41
$GNGSA,M,3,12,13,23,25,26,28,29,31,05,,,,1.18,0.58,1.02,1*0E
$GNGSA,M,3,16,25,36,02,10,11,,,,,,,1.18,0.58,1.02,3*0F
$GNGSA,M,3,12,19,20,22,24,26,29,35,39,,,,1.18,0.58,1.02,4*02
$GPGSV,3,1,11,05,35,127,44,10,01,342,34,12,17,034,36,13,11,030,22,1*65
$GPGSV,3,2,11,18,68,250,09,23,28,357,42,25,49,019,50,26,29,227,16,1*68
$GPGSV,3,3,11,28,21,295,23,29,57,142,38,31,20,263,25,1*57
$GPGSV,3,1,10,05,35,127,40,10,01,342,35,12,17,034,29,13,11,030,22,6*68
$GPGSV,3,2,10,18,68,250,12,23,28,357,40,25,49,019,45,28,21,295,25,6*6D
$GPGSV,3,3,10,29,57,142,27,31,20,263,27,6*6B
$GPGSV,2,1,07,10,01,342,29,13,11,030,28,18,68,250,25,23,28,357,46,8*63
$GPGSV,2,2,07,25,49,019,53,26,29,227,25,28,21,295,17,8*50
$GPGSV,1,1,04,15,11,061,,16,01,219,,20,03,088,,21,05,143,,0*6F
$GAGSV,2,1,07,02,35,221,15,10,34,142,35,11,62,156,19,14,21,088,30,1*7C
$GAGSV,2,2,07,16,36,041,42,25,88,043,35,36,59,293,18,1*4D
$GAGSV,1,1,02,16,36,041,50,25,88,043,37,5*75
$GAGSV,2,1,05,10,34,142,33,11,62,156,28,14,21,088,24,16,36,041,46,7*7D
$GAGSV,2,2,05,25,88,043,38,7*4D
$GAGSV,1,1,02,12,12,137,,34,10,310,,0*77
$GBGSV,3,1,10,12,22,103,24,19,26,074,45,20,15,122,10,22,13,022,31,3*78
$GBGSV,3,2,10,24,26,233,22,26,51,288,12,29,22,117,37,31,36,254,10,3*78
$GBGSV,3,3,10,35,60,176,26,39,28,001,48,3*7C
$GBGSV,3,1,10,12,22,103,25,19,26,074,48,20,15,122,20,22,13,022,26,5*77
$GBGSV,3,2,10,24,26,233,21,26,51,288,21,29,22,117,32,31,36,254,15,5*7D
$GBGSV,3,3,10,35,60,176,25,39,28,001,45,5*74
$GBGSV,3,1,10,12,22,103,28,19,26,074,45,20,15,122,21,22,13,022,25,8*78
$GBGSV,3,2,10,24,26,233,30,26,51,288,21,29,22,117,33,31,36,254,14,8*70
$GBGSV,3,3,10,35,60,176,26,39,28,001,46,8*79
$GBGSV,1,1,01,11,02,109,,0*4C
$GNGLL,3001.74312,S,05112.75009,W,171130.00,A,A*70
$GNRMC,171131.00,A,3001.74312,S,05112.75010,W,0.015,,090926,,,A,V*1A
$GNVTG,,T,,M,0.015,N,0.027,K,A*3C
$GNGGA,171131.00,3001.74312,S,05112.75010,W,1,12,0.56,50.3,M,4.8,M,,*46
$GNGSA,M,3,12,13,23,25,26,28,29,31,05,,,,1.16,0.56,1.02,1*0E
$GNGSA,M,3,16,25,36,02,10,11,,,,,,,1.16,0.56,1.02,3*0F
$GNGSA,M,3,12,19,20,22,24,26,29,31,35,39,,,1.16,0.56,1.02,4*00
$GPGSV,3,1,10,05,35,127,44,10,01,342,34,12,17,034,36,13,11,030,21,1*67
$GPGSV,3,2,10,18,68,250,08,23,28,357,42,25,49,019,50,26,29,227,16,1*68
$GPGSV,3,3,10,29,57,142,38,31,20,263,24,1*61
$GPGSV,3,1,10,05,35,127,40,10,01,342,35,12,17,034,30,13,11,030,22,6*60
$GPGSV,3,2,10,18,68,250,10,23,28,357,40,25,49,019,45,28,21,295,25,6*6F
$GPGSV,3,3,10,29,57,142,27,31,20,263,26,6*6A
$GPGSV,2,1,07,10,01,342,29,13,11,030,28,18,68,250,25,23,28,357,46,8*63
$GPGSV,2,2,07,25,49,019,53,26,29,227,24,28,21,295,18,8*5E
$GPGSV,1,1,04,15,11,061,,16,01,219,,20,03,088,,21,05,143,,0*6F
$GAGSV,2,1,07,02,35,221,16,10,34,142,35,11,62,156,19,14,21,088,30,1*7F
$GAGSV,2,2,07,16,36,041,42,25,88,043,35,36,59,293,19,1*4C
$GAGSV,1,1,02,16,36,041,50,25,88,043,37,5*75
$GAGSV,2,1,05,10,34,142,33,11,62,156,28,14,21,088,24,16,36,041,46,7*7D
$GAGSV,2,2,05,25,88,043,38,7*4D
$GAGSV,1,1,02,12,12,137,,34,10,310,,0*77
$GBGSV,3,1,10,12,22,103,23,19,26,074,45,20,15,122,14,22,13,022,31,3*7B
$GBGSV,3,2,10,24,26,233,22,26,51,288,10,29,22,117,37,31,36,254,08,3*73
$GBGSV,3,3,10,35,60,176,26,39,28,001,48,3*7C
$GBGSV,3,1,10,12,22,103,25,19,26,074,48,20,15,122,19,22,13,022,26,5*7D
$GBGSV,3,2,10,24,26,233,21,26,51,288,20,29,22,117,32,31,36,254,15,5*7C
$GBGSV,3,3,10,35,60,176,25,39,28,001,45,5*74
$GBGSV,3,1,10,12,22,103,29,19,26,074,45,20,15,122,20,22,13,022,24,8*79
$GBGSV,3,2,10,24,26,233,30,26,51,288,20,29,22,117,33,31,36,254,15,8*70
$GBGSV,3,3,10,35,60,176,26,39,28,001,46,8*79
$GBGSV,1,1,01,11,02,109,,0*4C
$GNGLL,3001.74312,S,05112.75010,W,171131.00,A,A*79
$GNRMC,171132.00,A,3001.74313,S,05112.75011,W,0.020,,090926,,,A,V*1F
$GNVTG,,T,,M,0.020,N,0.037,K,A*3B
$GNGGA,171132.00,3001.74313,S,05112.75011,W,1,12,0.56,50.3,M,4.8,M,,*45
$GNGSA,M,3,12,13,23,25,28,29,31,05,,,,,1.16,0.56,1.02,1*0A
$GNGSA,M,3,16,25,36,02,10,11,,,,,,,1.16,0.56,1.02,3*0F
$GNGSA,M,3,12,19,20,22,24,26,29,31,35,39,,,1.16,0.56,1.02,4*00
$GPGSV,3,1,10,05,35,127,44,10,01,342,34,12,17,034,36,13,11,030,21,1*67
$GPGSV,3,2,10,18,68,250,08,23,28,357,42,25,49,019,50,26,29,227,13,1*6D
$GPGSV,3,3,10,29,57,142,38,31,20,263,24,1*61
$GPGSV,3,1,10,05,35,127,40,10,01,342,35,12,17,034,29,13,11,030,22,6*68
$GPGSV,3,2,10,18,68,250,10,23,28,357,40,25,49,019,45,28,21,295,25,6*6F
$GPGSV,3,3,10,29,57,142,27,31,20,263,26,6*6A
$GPGSV,2,1,07,10,01,342,29,13,11,030,28,18,68,250,25,23,28,357,46,8*63
$GPGSV,2,2,07,25,49,019,53,26,29,227,24,28,21,295,17,8*51
$GPGSV,1,1,04,15,11,061,,16,01,219,,20,03,088,,21,05,143,,0*6F
$GAGSV,2,1,07,02,35,221,17,10,34,142,35,11,62,156,19,14,21,088,30,1*7E
$GAGSV,2,2,07,16,36,041,42,25,88,043,35,36,59,293,19,1*4C
$GAGSV,1,1,02,16,36,041,50,25,88,043,37,5*75
$GAGSV,2,1,05,10,34,142,33,11,62,156,27,14,21,088,24,16,36,041,46,7*72
$GAGSV,2,2,05,25,88,043,38,7*4D
$GAGSV,1,1,02,12,12,137,,34,10,310,,0*77
$GBGSV,3,1,10,12,22,103,22,19,26,074,45,20,15,122,12,22,13,022,31,3*7C
$GBGSV,3,2,10,24,26,233,22,26,51,288,09,29,22,117,37,31,37,253,07,3*72
$GBGSV,3,3,10,35,60,176,26,39,28,001,47,3*73
$GBGSV,3,1,10,12,22,103,25,19,26,074,48,20,15,122,18,22,13,022,27,5*7D
$GBGSV,3,2,10,24,26,233,22,26,51,288,20,29,22,117,32,31,37,253,15,5*79
$GBGSV,3,3,10,35,60,176,25,39,28,001,45,5*74
$GBGSV,3,1,10,12,22,103,29,19,26,074,45,20,15,122,20,22,13,022,24,8*79
$GBGSV,3,2,10,24,26,233,30,26,51,288,21,29,22,117,33,31,37,253,15,8*77
$GBGSV,3,3,10,35,60,176,26,39,28,001,46,8*79
$GBGSV,1,1,01,11,02,109,,0*4C
$GNGLL,3001.74313,S,05112.75011,W,171132.00,A,A*7A
$GNRMC,171133.00,A,3001.74313,S,05112.75011,W,0.013,,090926,,,A,V*1E
$GNVTG,,T,,M,0.013,N,0.024,K,A*39
$GNGGA,171133.00,3001.74313,S,05112.75011,W,1,12,0.56,50.3,M,4.8,M,,*44
$GNGSA,M,3,12,13,23,25,28,29,31,05,,,,,1.16,0.56,1.02,1*0A
$GNGSA,M,3,16,25,36,02,10,11,,,,,,,1.16,0.56,1.02,3*0F
$GNGSA,M,3,12,19,20,22,24,26,29,31,35,39,,,1.16,0.56,1.02,4*00
$GPGSV,3,1,10,05,35,127,44,10,01,342,34,12,17,034,36,13,11,030,21,1*67
$GPGSV,3,2,10,18,68,250,09,23,28,357,42,25,49,019,50,26,29,227,09,1*67
$GPGSV,3,3,10,29,57,142,38,31,20,263,23,1*66
$GPGSV,3,1,10,05,35,127,40,10,01,342,35,12,17,034,29,13,11,030,22,6*68
$GPGSV,3,2,10,18,68,250,09,23,28,357,40,25,49,019,45,28,21,295,25,6*67
$GPGSV,3,3,10,29,57,142,27,31,20,263,26,6*6A
$GPGSV,2,1,07,10,01,342,29,13,11,030,28,18,68,250,25,23,28,357,46,8*63
$GPGSV,2,2,07,25,49,019,53,26,29,227,24,28,21,295,17,8*51
$GPGSV,1,1,04,15,11,061,,16,01,219,,20,03,088,,21,05,143,,0*6F
$GAGSV,2,1,07,02,35,221,17,10,34,142,35,11,62,156,20,14,21,088,30,1*74
$GAGSV,2,2,07,16,36,041,42,25,88,043,35,36,59,293,19,1*4C
$GAGSV,1,1,02,16,36,041,50,25,88,043,37,5*75
$GAGSV,2,1,05,10,34,142,33,11,62,156,28,14,21,088,24,16,36,041,46,7*7D
$GAGSV,2,2,05,25,88,043,38,7*4D
$GAGSV,1,1,02,12,12,137,,34,10,310,,0*77
$GBGSV,3,1,10,12,22,103,20,19,26,074,45,20,15,122,15,22,13,022,31,3*79
$GBGSV,3,2,10,24,26,233,22,26,51,288,09,29,22,117,37,31,37,253,12,3*76
$GBGSV,3,3,10,35,60,176,26,39,28,001,48,3*7C
$GBGSV,3,1,10,12,22,103,25,19,26,074,48,20,15,122,17,22,13,022,27,5*72
$GBGSV,3,2,10,24,26,233,21,26,51,288,20,29,22,117,32,31,37,253,14,5*7B
$GBGSV,3,3,10,35,60,176,25,39,28,001,45,5*74
$GBGSV,3,1,10,12,22,103,29,19,26,074,45,20,15,122,20,22,13,022,24,8*79
$GBGSV,3,2,10,24,26,233,30,26,51,288,20,29,22,117,33,31,37,253,15,8*76
$GBGSV,3,3,10,35,60,176,26,39,28,001,46,8*79
$GBGSV,1,1,01,11,02,109,,0*4C
$GNGLL,3001.74313,S,05112.75011,W,171133.00,A,A*7B
$GNRMC,171134.00,A,3001.74314,S,05112.75012,W,0.016,,090926,,,A,V*18
$GNVTG,,T,,M,0.016,N,0.030,K,A*39
$GNGGA,171134.00,3001.74314,S,05112.75012,W,1,12,0.56,50.3,M,4.8,M,,*47
$GNGSA,M,3,12,13,23,25,28,29,31,05,,,,,1.16,0.56,1.02,1*0A
$GNGSA,M,3,16,25,36,02,10,11,,,,,,,1.16,0.56,1.02,3*0F
$GNGSA,M,3,12,19,20,22,24,26,29,31,35,39,,,1.16,0.56,1.02,4*00
$GPGSV,3,1,10,05,35,127,44,10,01,342,33,12,17,034,36,13,11,030,21,1*60
$GPGSV,3,2,10,18,68,250,10,23,28,357,43,25,49,019,50,26,29,227,11,1*67
$GPGSV,3,3,10,29,57,142,38,31,20,263,21,1*64
$GPGSV,3,1,10,05,35,127,40,10,01,342,35,12,17,034,29,13,11,030,22,6*68
$GPGSV,3,2,10,18,68,250,08,23,28,357,40,25,49,019,45,28,21,295,25,6*66
$GPGSV,3,3,10,29,57,142,27,31,20,263,26,6*6A
$GPGSV,2,1,07,10,01,342,29,13,11,030,28,18,68,250,25,23,28,357,46,8*63
$GPGSV,2,2,07,25,49,019,53,26,29,227,23,28,21,295,15,8*54
$GPGSV,1,1,04,15,11,061,,16,01,219,,20,03,088,,21,05,143,,0*6F
$GAGSV,2,1,07,02,35,221,18,10,34,142,35,11,62,156,20,14,21,088,30,1*7B
$GAGSV,2,2,07,16,36,041,42,25,88,043,35,36,59,293,18,1*4D
$GAGSV,1,1,02,16,36,041,50,25,88,043,37,5*75
$GAGSV,2,1,05,10,34,142,33,11,62,156,28,14,21,088,24,16,36,041,46,7*7D
$GAGSV,2,2,05,25,88,043,38,7*4D
$GAGSV,1,1,02,12,12,137,,34,10,310,,0*77
$GBGSV,3,1,10,12,22,103,19,19,26,074,45,20,15,122,14,22,13,022,31,3*72
$GBGSV,3,2,10,24,26,233,22,26,51,288,09,29,22,117,37,31,37,253,09,3*7C
$GBGSV,3,3,10,35,60,176,26,39,28,001,48,3*7C
$GBGSV,3,1,10,12,22,103,25,19,26,074,48,20,15,122,17,22,13,022,27,5*72
$GBGSV,3,2,10,24,26,233,21,26,51,288,20,29,22,117,32,31,37,253,15,5*7A
$GBGSV,3,3,10,35,60,176,25,39,28,001,45,5*74
$GBGSV,3,1,10,12,22,103,30,19,26,074,45,20,15,122,20,22,13,022,24,8*71
$GBGSV,3,2,10,24,26,233,30,26,51,288,20,29,22,117,32,31,37,253,15,8*77
$GBGSV,3,3,10,35,60,176,26,39,28,001,46,8*79
$GBGSV,1,1,01,11,02,109,,0*4C
$GNGLL,3001.74314,S,05112.75012,W,171134.00,A,A*78
$GNRMC,171135.00,A,3001.74314,S,05112.75013,W,0.011,,090926,,,A,V*1F
$GNVTG,,T,,M,0.011,N,0.020,K,A*3F
$GNGGA,171135.00,3001.74314,S,05112.75013,W,1,12,0.58,50.3,M,4.8,M,,*49
$GNGSA,M,3,12,13,23,25,28,29,31,05,,,,,1.18,0.58,1.02,1*0A
$GNGSA,M,3,16,25,36,02,10,11,,,,,,,1.18,0.58,1.02,3*0F
$GNGSA,M,3,12,19,20,22,24,26,29,35,39,,,,1.18,0.58,1.02,4*02
$GPGSV,3,1,10,05,35,127,44,10,01,342,33,12,17,034,36,13,11,030,21,1*60
$GPGSV,3,2,10,18,68,250,10,23,28,357,43,25,49,019,50,26,29,227,11,1*67
$GPGSV,3,3,10,29,57,142,38,31,20,263,20,1*65
$GPGSV,3,1,10,05,35,127,40,10,01,342,34,12,17,034,29,13,11,030,21,6*6A
$GPGSV,3,2,10,18,68,250,07,23,28,357,40,25,49,019,45,28,21,295,25,6*69
$GPGSV,3,3,10,29,57,142,27,31,20,263,27,6*6B
$GPGSV,2,1,07,10,01,342,29,13,11,030,28,18,68,250,25,23,28,357,46,8*63
$GPGSV,2,2,07,25,49,019,53,26,29,227,23,28,21,295,14,8*55
$GPGSV,1,1,04,15,11,061,,16,01,219,,20,03,088,,21,05,143,,0*6F
$GAGSV,2,1,07,02,35,221,18,10,34,142,35,11,62,156,20,14,21,088,30,1*7B
$GAGSV,2,2,07,16,36,041,42,25,88,043,36,36,59,293,18,1*4E
$GAGSV,1,1,02,16,36,041,50,25,88,043,37,5*75
$GAGSV,2,1,05,10,34,142,33,11,62,156,27,14,21,088,25,16,36,041,46,7*73
$GAGSV,2,2,05,25,88,043,38,7*4D
$GAGSV,1,1,02,12,12,137,,34,10,310,,0*77
$GBGSV,3,1,10,12,22,103,19,19,26,074,45,20,15,122,12,22,13,022,31,3*74
$GBGSV,3,2,10,24,26,233,22,26,51,288,09,29,22,117,37,31,37,253,09,3*7C
$GBGSV,3,3,10,35,60,176,26,39,28,001,47,3*73
$GBGSV,3,1,10,12,22,103,25,19,26,074,48,20,15,122,17,22,13,022,26,5*73
$GBGSV,3,2,10,24,26,233,20,26,51,288,21,29,22,117,31,31,37,253,14,5*78
$GBGSV,3,3,10,35,60,176,24,39,28,001,45,5*75
$GBGSV,3,1,10,12,22,103,30,19,26,074,45,20,15,122,20,22,13,022,24,8*71
$GBGSV,3,2,10,24,26,233,29,26,51,288,21,29,22,117,32,31,37,253,14,8*7F
$GBGSV,3,3,10,35,60,176,25,39,28,001,46,8*7A
$GBGSV,1,1,01,11,02,109,,0*4C
$GNGLL,3001.74314,S,05112.75013,W,171135.00,A,A*78
$GNRMC,171136.00,A,3001.74315,S,05112.75014,W,0.023,,090926,,,A,V*1B
$GNVTG,,T,,M,0.023,N,0.043,K,A*3B
$GNGGA,171136.00,3001.74315,S,05112.75014,W,1,12,0.58,50.3,M,4.8,M,,*4C
$GNGSA,M,3,12,13,23,25,28,29,31,05,,,,,1.18,0.58,1.02,1*0A
$GNGSA,M,3,16,25,36,02,10,11,,,,,,,1.18,0.58,1.02,3*0F
$GNGSA,M,3,12,19,20,22,24,26,29,35,39,,,,1.18,0.58,1.02,4*02
$GPGSV,3,1,10,05,35,127,43,10,01,342,33,12,17,034,36,13,11,030,21,1*67
$GPGSV,3,2,10,18,68,250,11,23,28,357,42,25,49,019,49,26,29,227,09,1*66
$GPGSV,3,3,10,29,57,142,38,31,20,263,21,1*64
$GPGSV,3,1,10,05,35,127,40,10,01,342,34,12,17,034,30,13,11,030,22,6*61
$GPGSV,3,2,10,18,68,250,07,23,28,357,40,25,49,019,45,28,21,295,25,6*69
$GPGSV,3,3,10,29,57,142,27,31,20,263,27,6*6B
$GPGSV,2,1,06,10,01,342,29,13,11,030,28,18,68,250,25,23,28,357,46,8*62
$GPGSV,2,2,06,25,49,019,53,26,29,227,23,8*66
$GPGSV,1,1,04,15,11,061,,16,01,219,,20,03,088,,21,05,143,,0*6F
$GAGSV,2,1,07,02,35,221,17,10,34,142,35,11,62,156,20,14,21,088,30,1*74
$GAGSV,2,2,07,16,36,041,42,25,88,043,36,36,59,293,18,1*4E
$GAGSV,1,1,02,16,36,041,50,25,88,043,37,5*75
$GAGSV,2,1,05,10,34,142,33,11,62,156,27,14,21,088,25,16,36,041,46,7*73
$GAGSV,2,2,05,25,88,043,38,7*4D
$GAGSV,1,1,02,12,12,137,,34,10,310,,0*77
$GBGSV,3,1,10,12,22,103,16,19,26,074,45,20,15,122,10,22,13,022,31,3*79
$GBGSV,3,2,10,24,26,233,22,26,51,288,11,29,22,117,38,31,37,253,08,3*7B
$GBGSV,3,3,10,35,59,174,26,39,28,001,47,3*7B
$GBGSV,3,1,10,12,22,103,25,19,26,074,49,20,15,122,19,22,13,022,27,5*7D
$GBGSV,3,2,10,24,26,233,20,26,51,288,21,29,22,117,30,31,37,253,14,5*79
$GBGSV,3,3,10,35,59,174,24,39,28,001,45,5*7D
$GBGSV,3,1,10,12,22,103,30,19,26,074,45,20,15,122,20,22,13,022,23,8*76
$GBGSV,3,2,10,24,26,233,29,26,51,288,21,29,22,117,33,31,37,253,13,8*79
$GBGSV,3,3,10,35,59,174,25,39,28,001,46,8*72
$GBGSV,1,1,01,11,02,109,,0*4C
$GNGLL,3001.74315,S,05112.75014,W,171136.00,A,A*7D
$GNRMC,171137.00,A,3001.74315,S,05112.75014,W,0.011,,090926,,,A,V*1B
$GNVTG,,T,,M,0.011,N,0.021,K,A*3E
$GNGGA,171137.00,3001.74315,S,05112.75014,W,1,12,0.58,50.3,M,4.8,M,,*4D
$GNGSA,M,3,12,13,23,25,28,29,31,05,,,,,1.18,0.58,1.02,1*0A
$GNGSA,M,3,16,25,36,02,10,11,,,,,,,1.18,0.58,1.02,3*0F
$GNGSA,M,3,12,19,20,22,24,26,29,35,39,,,,1.18,0.58,1.02,4*02
$GPGSV,3,1,10,05,35,127,43,10,01,342,33,12,17,034,36,13,11,030,21,1*67
$GPGSV,3,2,10,18,68,250,11,23,28,357,42,25,49,019,49,26,29,227,13,1*6D
$GPGSV,3,3,10,29,57,142,38,31,20,263,23,1*66
$GPGSV,3,1,09,05,35,127,40,10,01,342,34,12,17,034,29,13,11,030,22,6*61
$GPGSV,3,2,09,23,28,357,40,25,49,019,45,28,21,295,25,29,57,142,27,6*6D
$GPGSV,3,3,09,31,20,263,27,6*58
$GPGSV,2,1,06,10,01,342,28,13,11,030,28,18,68,250,24,23,28,357,46,8*62
$GPGSV,2,2,06,25,49,019,53,26,29,227,23,8*66
$GPGSV,1,1,04,15,11,061,,16,01,219,,20,03,088,,21,05,143,,0*6F
$GAGSV,2,1,07,02,35,221,17,10,34,142,35,11,62,156,20,14,21,088,30,1*74
$GAGSV,2,2,07,16,36,041,42,25,88,043,35,36,59,293,18,1*4D
$GAGSV,1,1,02,16,36,041,50,25,88,043,37,5*75
$GAGSV,2,1,05,10,34,142,33,11,62,156,27,14,21,088,25,16,36,041,46,7*73
$GAGSV,2,2,05,25,88,043,37,7*42
$GAGSV,1,1,02,12,12,137,,34,10,310,,0*77
$GBGSV,3,1,10,12,22,103,14,19,26,074,45,20,15,122,12,22,13,022,32,3*7A
$GBGSV,3,2,10,24,26,233,23,26,51,288,12,29,22,117,37,31,37,253,10,3*7F
$GBGSV,3,3,10,35,59,174,26,39,28,001,48,3*74
$GBGSV,3,1,10,12,22,103,26,19,26,074,49,20,15,122,19,22,13,022,27,5*7E
$GBGSV,3,2,10,24,26,233,20,26,51,288,21,29,22,117,30,31,37,253,14,5*79
$GBGSV,3,3,10,35,59,174,25,39,28,001,45,5*7C
$GBGSV,3,1,09,12,22,103,30,19,26,074,45,20,15,122,22,22,13,022,23,8*7C
$GBGSV,3,2,09,24,26,233,30,26,51,288,20,29,22,117,33,35,59,174,25,8*77
$GBGSV,3,3,09,39,28,001,46,8*45
$GBGSV,1,1,01,11,02,109,,0*4C
$GNGLL,3001.74315,S,05112.75014,W,171137.00,A,A*7C
$GNRMC,171138.00,A,3001.74315,S,05112.75015,W,0.020,,090926,,,A,V*17
$GNVTG,,T,,M,0.020,N,0.037,K,A*3B
$GNGGA,171138.00,3001.74315,S,05112.75015,W,1,12,0.58,50.3,M,4.8,M,,*43
$GNGSA,M,3,12,13,23,25,28,29,31,05,,,,,1.18,0.58,1.02,1*0A
$GNGSA,M,3,16,25,36,02,10,11,,,,,,,1.18,0.58,1.02,3*0F
$GNGSA,M,3,12,19,20,22,24,26,29,35,39,,,,1.18,0.58,1.02,4*02
$GPGSV,3,1,10,05,35,127,44,10,01,342,33,12,17,034,36,13,11,030,21,1*60
$GPGSV,3,2,10,18,68,250,09,23,28,357,42,25,49,019,50,26,29,227,12,1*6D
$GPGSV,3,3,10,29,57,142,38,31,20,263,24,1*61
$GPGSV,3,1,09,05,35,127,40,10,01,342,33,12,17,034,29,13,11,030,22,6*66
$GPGSV,3,2,09,23,28,357,40,25,49,019,45,28,21,295,24,29,57,142,27,6*6C
$GPGSV,3,3,09,31,20,263,27,6*58
$GPGSV,2,1,06,10,01,342,27,13,11,030,28,18,68,250,25,23,28,357,46,8*6C
$GPGSV,2,2,06,25,49,019,53,26,29,227,23,8*66
$GPGSV,1,1,04,15,11,061,,16,01,219,,20,03,088,,21,05,143,,0*6F
$GAGSV,2,1,07,02,35,221,17,10,34,142,35,11,62,156,20,14,21,088,30,1*74
$GAGSV,2,2,07,16,36,041,42,25,88,043,35,36,59,293,19,1*4C
$GAGSV,1,1,02,16,36,041,50,25,88,043,37,5*75
$GAGSV,2,1,05,10,34,142,33,11,62,156,27,14,21,088,25,16,36,041,46,7*73
$GAGSV,2,2,05,25,88,043,37,7*42
$GAGSV,1,1,02,12,12,137,,34,10,310,,0*77
$GBGSV,3,1,10,12,22,103,09,19,26,074,45,20,15,122,09,22,13,022,32,3*7C
$GBGSV,3,2,10,24,26,233,23,26,51,288,10,29,22,117,37,31,37,253,09,3*75
$GBGSV,3,3,10,35,59,174,26,39,28,001,48,3*74
$GBGSV,3,1,10,12,22,103,26,19,26,074,48,20,15,122,18,22,13,022,27,5*7E
$GBGSV,3,2,10,24,26,233,21,26,51,288,21,29,22,117,31,31,37,253,13,5*7E
$GBGSV,3,3,10,35,59,174,25,39,28,001,45,5*7C
$GBGSV,3,1,10,12,22,103,31,19,26,074,45,20,15,122,21,22,13,022,23,8*76
$GBGSV,3,2,10,24,26,233,30,26,51,288,21,29,22,117,33,31,37,253,18,8*7A
$GBGSV,3,3,10,35,59,174,25,39,28,001,46,8*72
$GBGSV,1,1,01,11,02,109,,0*4C
$GNGLL,3001.74315,S,05112.75015,W,171138.00,A,A*72
$GNRMC,171139.00,A,3001.74315,S,05112.75015,W,0.022,,090926,,,A,V*14
$GNVTG,,T,,M,0.022,N,0.041,K,A*38
$GNGGA,171139.00,3001.74315,S,05112.75015,W,1,12,0.58,50.3,M,4.8,M,,*42
$GNGSA,M,3,12,13,23,25,28,29,31,05,,,,,1.18,0.58,1.02,1*0A
$GNGSA,M,3,16,25,36,02,10,11,,,,,,,1.18,0.58,1.02,3*0F
$GNGSA,M,3,12,19,20,22,24,26,29,35,39,,,,1.18,0.58,1.02,4*02
$GPGSV,3,1,10,05,35,127,44,10,01,342,33,12,17,034,36,13,11,030,21,1*60
$GPGSV,3,2,10,18,68,250,09,23,28,357,43,25,49,019,50,26,29,227,05,1*6A
$GPGSV,3,3,10,29,57,142,38,31,20,263,24,1*61
$GPGSV,3,1,09,05,35,127,40,10,01,342,32,12,17,034,29,13,11,030,22,6*67
$GPGSV,3,2,09,23,28,357,40,25,49,019,45,28,21,295,23,29,57,142,27,6*6B
$GPGSV,3,3,09,31,20,263,26,6*59
$GPGSV,2,1,07,10,01,342,26,13,11,030,28,18,68,250,25,23,28,357,46,8*6C
$GPGSV,2,2,07,25,49,019,53,26,29,227,24,28,21,295,18,8*5E
$GPGSV,1,1,04,15,11,061,,16,01,219,,20,03,088,,21,05,143,,0*6F
$GAGSV,2,1,07,02,35,221,17,10,34,142,35,11,62,156,21,14,21,088,30,1*75
$GAGSV,2,2,07,16,36,041,42,25,88,043,35,36,59,293,19,1*4C
$GAGSV,1,1,02,16,36,041,50,25,88,043,37,5*75
$GAGSV,2,1,05,10,34,142,33,11,62,156,27,14,21,088,26,16,36,041,46,7*70
$GAGSV,2,2,05,25,88,043,37,7*42
$GAGSV,1,1,02,12,12,137,,34,10,310,,0*77
$GBGSV,3,1,10,12,22,103,07,19,26,074,45,20,15,122,11,22,13,022,32,3*7B
$GBGSV,3,2,10,24,26,233,23,26,51,288,12,29,22,117,37,31,37,253,12,3*7D
$GBGSV,3,3,10,35,59,174,26,39,28,001,48,3*74
$GBGSV,3,1,09,12,22,103,26,19,26,074,48,20,15,122,18,22,13,022,27,5*76
$GBGSV,3,2,09,24,26,233,21,26,51,288,21,29,22,117,31,35,59,174,25,5*79
$GBGSV,3,3,09,39,28,001,45,5*4B
$GBGSV,3,1,10,12,22,103,31,19,26,074,45,20,15,122,21,22,13,022,23,8*76
$GBGSV,3,2,10,24,26,233,30,26,51,288,21,29,22,117,32,31,37,253,19,8*7A
$GBGSV,3,3,10,35,59,174,25,39,28,001,46,8*72
$GBGSV,1,1,01,11,02,109,,0*4C
$GNGLL,3001.74315,S,05112.75015,W,171139.00,A,A*73
$GNRMC,171140.00,A,3001.74316,S,05112.75016,W,0.017,,090926,,,A,V*1C
$GNVTG,,T,,M,0.017,N,0.031,K,A*39
$GNGGA,171140.00,3001.74316,S,05112.75016,W,1,12,0.58,50.3,M,4.8,M,,*4C
$GNGSA,M,3,12,13,23,25,28,29,31,05,,,,,1.18,0.58,1.02,1*0A
$GNGSA,M,3,16,25,36,02,10,11,,,,,,,1.18,0.58,1.02,3*0F
$GNGSA,M,3,12,19,20,22,24,26,29,35,39,,,,1.18,0.58,1.02,4*02
$GPGSV,3,1,11,05,35,127,44,10,01,342,32,12,17,034,36,13,11,030,22,1*63
$GPGSV,3,2,11,18,68,250,11,20,03,088,29,23,28,357,43,25,49,019,49,1*6D
$GPGSV,3,3,11,26,29,227,07,29,57,142,38,31,20,263,23,1*58
$GPGSV,3,1,09,05,35,127,40,10,01,342,32,12,17,034,29,13,11,030,22,6*67
$GPGSV,3,2,09,23,28,357,40,25,49,019,45,28,21,295,23,29,57,142,27,6*6B
$GPGSV,3,3,09,31,20,263,26,6*59
$GPGSV,2,1,07,10,01,342,26,13,11,030,28,18,68,250,25,23,28,357,46,8*6C
$GPGSV,2,2,07,25,49,019,53,26,29,227,24,28,21,295,17,8*51
$GPGSV,1,1,03,15,11,061,,16,01,219,,21,05,143,,0*59
$GAGSV,2,1,07,02,35,221,17,10,34,142,35,11,62,156,20,14,21,088,30,1*74
$GAGSV,2,2,07,16,36,041,42,25,88,043,35,36,59,293,19,1*4C
$GAGSV,1,1,02,16,36,041,50,25,88,043,37,5*75
$GAGSV,2,1,05,10,34,142,33,11,62,156,27,14,21,088,26,16,36,041,46,7*70
$GAGSV,2,2,05,25,88,043,37,7*42
$GAGSV,1,1,02,12,12,137,,34,10,310,,0*77
$GBGSV,3,1,10,12,22,103,09,19,26,074,45,20,15,122,09,22,13,022,31,3*7F
$GBGSV,3,2,10,24,26,233,23,26,51,288,09,29,22,117,37,31,37,253,09,3*7D
$GBGSV,3,3,10,35,59,174,26,39,27,001,47,3*74
$GBGSV,3,1,09,12,22,103,26,19,26,074,49,20,15,122,19,22,13,022,27,5*76
$GBGSV,3,2,09,24,26,233,21,26,51,288,22,29,22,117,31,35,59,174,25,5*7A
$GBGSV,3,3,09,39,27,001,44,5*45
$GBGSV,3,1,10,12,22,103,31,19,26,074,45,20,15,122,22,22,13,022,22,8*74
$GBGSV,3,2,10,24,26,233,30,26,51,288,21,29,22,117,32,31,37,253,18,8*7B
$GBGSV,3,3,10,35,59,174,25,39,27,001,46,8*7D
$GBGSV,1,1,01,11,02,109,,0*4C
$GNGLL,3001.74316,S,05112.75016,W,171140.00,A,A*7D
$GNRMC,171141.00,A,3001.74317,S,05112.75017,W,0.032,,090926,,,A,V*1A
$GNVTG,,T,,M,0.032,N,0.060,K,A*3A
$GNGGA,171141.00,3001.74317,S,05112.75017,W,1,12,0.58,50.3,M,4.8,M,,*4D
$GNGSA,M,3,12,13,23,25,28,29,31,05,,,,,1.18,0.58,1.02,1*0A
$GNGSA,M,3,16,25,36,02,10,11,,,,,,,1.18,0.58,1.02,3*0F
$GNGSA,M,3,12,19,20,22,24,26,29,31,35,39,,,1.18,0.58,1.02,4*00
$GPGSV,3,1,10,05,35,127,43,10,01,342,31,12,17,034,36,13,11,030,22,1*66
$GPGSV,3,2,10,18,68,250,13,23,28,357,42,25,49,019,49,26,29,227,09,1*64
$GPGSV,3,3,10,29,57,142,38,31,20,263,22,1*67
$GPGSV,3,1,09,05,35,127,40,10,01,342,32,12,17,034,30,13,11,030,22,6*6F
$GPGSV,3,2,09,23,28,357,40,25,49,019,45,28,21,295,23,29,57,142,28,6*64
$GPGSV,3,3,09,31,20,263,27,6*58
$GPGSV,2,1,07,10,01,342,26,13,11,030,28,18,68,250,25,23,28,357,46,8*6C
$GPGSV,2,2,07,25,49,019,53,26,29,227,24,28,21,295,16,8*50
$GPGSV,1,1,04,15,11,061,,16,01,219,,20,03,088,,21,05,143,,0*6F
$GAGSV,2,1,07,02,35,221,17,10,34,142,35,11,62,156,20,14,21,088,30,1*74
$GAGSV,2,2,07,16,36,041,42,25,88,043,35,36,59,293,18,1*4D
$GAGSV,1,1,02,16,36,041,50,25,88,043,37,5*75
$GAGSV,2,1,05,10,34,142,33,11,62,156,27,14,21,088,26,16,36,041,46,7*70
$GAGSV,2,2,05,25,88,043,37,7*42
$GAGSV,1,1,02,12,12,137,,34,10,310,,0*77
$GBGSV,3,1,10,12,22,103,12,19,26,074,45,20,15,122,12,22,13,022,32,3*7C
$GBGSV,3,2,10,24,26,233,23,26,51,288,12,29,22,117,38,31,37,253,10,3*70
$GBGSV,3,3,10,35,59,174,26,39,27,001,47,3*74
$GBGSV,3,1,10,12,22,103,26,19,26,074,49,20,15,122,19,22,13,022,27,5*7E
$GBGSV,3,2,10,24,26,233,21,26,51,288,21,29,22,117,30,31,37,253,18,5*74
$GBGSV,3,3,10,35,59,174,25,39,27,001,44,5*72
$GBGSV,3,1,10,12,22,103,31,19,26,074,45,20,15,122,22,22,13,022,22,8*74
$GBGSV,3,2,10,24,26,233,30,26,51,288,21,29,22,117,32,31,37,253,19,8*7A
$GBGSV,3,3,10,35,59,174,26,39,27,001,46,8*7E
$GBGSV,1,1,01,11,02,109,,0*4C
$GNGLL,3001.74317,S,05112.75017,W,171141.00,A,A*7C
$GNRMC,171142.00,A,3001.74317,S,05112.75018,W,0.038,,090926,,,A,V*1C
$GNVTG,,T,,M,0.038,N,0.071,K,A*30
$GNGGA,171142.00,3001.74317,S,05112.75018,W,1,12,0.58,50.3,M,4.8,M,,*41
$GNGSA,M,3,12,13,23,25,28,29,31,05,,,,,1.18,0.58,1.02,1*0A
$GNGSA,M,3,16,25,36,02,10,11,,,,,,,1.18,0.58,1.02,3*0F
$GNGSA,M,3,12,19,20,22,24,26,29,31,35,39,,,1.18,0.58,1.02,4*00
$GPGSV,3,1,10,05,35,127,44,10,01,342,32,12,17,034,36,13,11,030,22,1*62
$GPGSV,3,2,10,18,68,250,13,23,28,357,42,25,49,019,49,26,29,227,12,1*6E
$GPGSV,3,3,10,29,57,142,38,31,20,263,22,1*67
$GPGSV,3,1,09,05,35,127,40,10,01,342,32,12,17,034,30,13,11,030,21,6*6C
$GPGSV,3,2,09,23,28,357,40,25,49,019,45,28,21,295,23,29,57,142,28,6*64
$GPGSV,3,3,09,31,20,263,26,6*59
$GPGSV,2,1,07,10,01,342,26,13,11,030,28,18,68,250,25,23,28,357,46,8*6C
$GPGSV,2,2,07,25,49,019,53,26,29,227,24,28,21,295,16,8*50
$GPGSV,1,1,04,15,11,061,,16,01,219,,20,03,088,,21,05,143,,0*6F
$GAGSV,2,1,07,02,35,221,18,10,34,142,35,11,62,156,20,14,21,088,30,1*7B
$GAGSV,2,2,07,16,36,041,42,25,88,043,35,36,59,293,18,1*4D
$GAGSV,1,1,02,16,36,041,50,25,88,043,37,5*75
$GAGSV,2,1,05,10,34,142,33,11,62,156,27,14,21,088,26,16,36,041,46,7*70
$GAGSV,2,2,05,25,88,043,37,7*42
$GAGSV,1,1,02,12,12,137,,34,10,310,,0*77
$GBGSV,3,1,10,12,22,103,11,19,26,074,45,20,15,122,10,22,13,022,32,3*7D
$GBGSV,3,2,10,24,26,233,23,26,51,288,10,29,22,117,37,31,37,253,08,3*74
$GBGSV,3,3,10,35,59,174,26,39,27,001,47,3*74
$GBGSV,3,1,10,12,22,103,26,19,26,074,49,20,15,122,18,22,13,022,27,5*7F
$GBGSV,3,2,10,24,26,233,20,26,51,288,21,29,22,117,31,31,37,253,17,5*7B
$GBGSV,3,3,10,35,59,174,25,39,27,001,45,5*73
$GBGSV,3,1,10,12,22,103,31,19,26,074,45,20,15,122,22,22,13,022,21,8*77
$GBGSV,3,2,10,24,26,233,30,26,51,288,20,29,22,117,32,31,37,253,19,8*7B
$GBGSV,3,3,10,35,59,174,25,39,27,001,46,8*7D
$GBGSV,1,1,01,11,02,109,,0*4C
$GNGLL,3001.74317,S,05112.75018,W,171142.00,A,A*70
$GNRMC,171143.00,A,3001.74317,S,05112.75018,W,0.015,,090926,,,A,V*12
$GNVTG,,T,,M,0.015,N,0.028,K,A*33
$GNGGA,171143.00,3001.74317,S,05112.75018,W,1,12,0.58,50.3,M,4.8,M,,*40
$GNGSA,M,3,12,13,23,25,28,29,31,05,,,,,1.18,0.58,1.02,1*0A
$GNGSA,M,3,16,25,36,02,10,11,,,,,,,1.18,0.58,1.02,3*0F
$GNGSA,M,3,12,19,20,22,24,26,29,31,35,39,,,1.18,0.58,1.02,4*00
$GPGSV,3,1,12,05,35,127,44,10,01,342,31,12,17,034,36,13,11,030,22,1*63
$GPGSV,3,2,12,15,11,061,23,15,11,061,23,18,68,250,11,23,28,357,42,1*6A
$GPGSV,3,3,12,25,49,019,49,26,29,227,13,29,57,142,38,31,20,263,22,1*60
$GPGSV,3,1,09,05,35,127,40,10,01,342,32,12,17,034,30,13,11,030,21,6*6C
$GPGSV,3,2,09,23,28,357,40,25,49,019,45,28,21,295,23,29,57,142,28,6*64
$GPGSV,3,3,09,31,20,263,26,6*59
$GPGSV,2,1,07,10,01,342,26,13,11,030,28,18,68,250,25,23,28,357,46,8*6C
$GPGSV,2,2,07,25,49,019,53,26,29,227,24,28,21,295,17,8*51
$GPGSV,1,1,03,16,01,219,,20,03,088,,21,05,143,,0*5B
$GAGSV,2,1,07,02,35,221,17,10,34,142,35,11,62,156,20,14,21,088,30,1*74
$GAGSV,2,2,07,16,36,041,42,25,88,043,35,36,59,293,19,1*4C
$GAGSV,1,1,02,16,36,041,50,25,88,043,37,5*75
$GAGSV,2,1,05,10,34,142,33,11,62,156,27,14,21,088,26,16,36,041,46,7*70
$GAGSV,2,2,05,25,88,043,37,7*42
$GAGSV,1,1,02,12,12,137,,34,10,310,,0*77
$GBGSV,3,1,10,12,22,103,11,19,26,074,45,20,15,122,11,22,13,022,31,3*7F
$GBGSV,3,2,10,24,26,233,23,26,51,288,12,29,22,117,37,31,37,253,09,3*77
$GBGSV,3,3,10,35,59,174,27,39,27,001,47,3*75
$GBGSV,3,1,10,12,22,103,27,19,26,074,49,20,15,122,18,22,13,022,27,5*7E
$GBGSV,3,2,10,24,26,233,21,26,51,288,21,29,22,117,31,31,37,253,16,5*7B
$GBGSV,3,3,10,35,59,174,24,39,27,001,45,5*72
$GBGSV,3,1,10,12,22,103,31,19,26,074,45,20,15,122,22,22,13,022,21,8*77
$GBGSV,3,2,10,24,26,233,30,26,51,288,20,29,22,117,31,31,37,253,19,8*78
$GBGSV,3,3,10,35,59,174,25,39,27,001,47,8*7C
$GBGSV,1,1,01,11,02,109,,0*4C
$GNGLL,3001.74317,S,05112.75018,W,171143.00,A,A*71
$GNRMC,171144.00,A,3001.74317,S,05112.75018,W,0.011,,090926,,,A,V*11
$GNVTG,,T,,M,0.011,N,0.021,K,A*3E
$GNGGA,171144.00,3001.74317,S,05112.75018,W,1,12,0.58,50.3,M,4.8,M,,*47
$GNGSA,M,3,12,13,23,25,28,29,31,05,,,,,1.18,0.58,1.02,1*0A
$GNGSA,M,3,16,25,36,02,10,11,,,,,,,1.18,0.58,1.02,3*0F
$GNGSA,M,3,12,19,20,22,24,26,29,31,35,39,,,1.18,0.58,1.02,4*00
$GPGSV,3,1,10,05,35,127,43,10,01,342,31,12,17,034,36,13,11,030,21,1*65
$GPGSV,3,2,10,18,68,250,12,23,28,357,42,25,49,019,49,26,29,227,14,1*69
$GPGSV,3,3,10,29,57,142,38,31,20,263,22,1*67
$GPGSV,3,1,10,05,35,127,40,10,01,342,32,12,17,034,30,13,11,030,21,6*64
$GPGSV,3,2,10,23,28,357,40,25,49,019,45,26,29,227,14,28,21,295,23,6*65
$GPGSV,3,3,10,29,57,142,28,31,20,263,27,6*64
$GPGSV,2,1,07,10,01,342,26,13,11,030,28,18,68,250,25,23,28,357,46,8*6C
$GPGSV,2,2,07,25,49,019,53,26,29,227,25,28,21,295,17,8*50
$GPGSV,1,1,04,15,11,061,,16,01,219,,20,03,088,,21,05,143,,0*6F
$GAGSV,2,1,07,02,35,221,18,10,34,142,35,11,62,156,20,14,21,088,30,1*7B
$GAGSV,2,2,07,16,36,041,42,25,88,043,35,36,59,293,18,1*4D
$GAGSV,1,1,02,16,36,041,50,25,88,043,37,5*75
$GAGSV,2,1,05,10,34,142,33,11,62,156,27,14,21,088,26,16,36,041,46,7*70
$GAGSV,2,2,05,25,88,043,37,7*42
$GAGSV,1,1,02,12,12,137,,34,10,310,,0*77
$GBGSV,3,1,10,12,22,103,16,19,26,074,45,20,15,122,12,22,13,022,32,3*78
$GBGSV,3,2,10,24,26,233,22,26,51,288,11,29,22,117,37,31,37,253,10,3*7D
$GBGSV,3,3,10,35,59,174,26,39,27,001,47,3*74
$GBGSV,3,1,10,12,22,103,27,19,26,074,49,20,15,122,19,22,13,022,27,5*7F
$GBGSV,3,2,10,24,26,233,21,26,51,288,21,29,22,117,30,31,37,253,16,5*7A
$GBGSV,3,3,10,35,59,174,24,39,27,001,45,5*72
$GBGSV,3,1,10,12,22,103,31,19,26,074,45,20,15,122,22,22,13,022,21,8*77
$GBGSV,3,2,10,24,26,233,30,26,51,288,21,29,22,117,32,31,37,253,19,8*7A
$GBGSV,3,3,10,35,59,174,25,39,27,001,47,8*7C
$GBGSV,1,1,01,11,02,109,,0*4C
$GNGLL,3001.74317,S,05112.75018,W,171144.00,A,A*76
$GNRMC,171145.00,A,3001.74317,S,05112.75018,W,0.019,,090926,,,A,V*18
$GNVTG,,T,,M,0.019,N,0.035,K,A*33
$GNGGA,171145.00,3001.74317,S,05112.75018,W,1,12,0.56,50.3,M,4.8,M,,*48
$GNGSA,M,3,12,13,23,25,26,28,29,31,05,,,,1.15,0.56,1.00,1*0F
$GNGSA,M,3,16,25,36,02,10,11,,,,,,,1.15,0.56,1.00,3*0E
$GNGSA,M,3,12,19,20,22,24,26,29,31,35,39,,,1.15,0.56,1.00,4*01
$GPGSV,3,1,10,05,35,127,43,10,01,342,30,12,17,034,36,13,11,030,21,1*64
$GPGSV,3,2,10,18,68,250,12,23,28,357,43,25,49,019,49,26,29,227,16,1*6A
$GPGSV,3,3,10,29,57,142,38,31,20,263,23,1*66
$GPGSV,3,1,10,05,35,127,40,10,01,342,32,12,17,034,30,13,11,030,21,6*64
$GPGSV,3,2,10,23,28,357,40,25,49,019,45,26,29,227,16,28,21,295,23,6*67
$GPGSV,3,3,10,29,57,142,28,31,20,263,26,6*65
$GPGSV,2,1,07,10,01,342,26,13,11,030,28,18,68,250,26,23,28,357,46,8*6F
$GPGSV,2,2,07,25,49,019,53,26,29,227,24,28,21,295,17,8*51
$GPGSV,1,1,04,15,11,061,,16,01,219,,20,03,088,,21,05,143,,0*6F
$GAGSV,2,1,07,02,35,221,18,10,34,142,35,11,62,156,20,14,21,088,30,1*7B
$GAGSV,2,2,07,16,36,041,42,25,88,043,36,36,59,293,18,1*4E
$GAGSV,1,1,02,16,36,041,50,25,88,043,37,5*75
$GAGSV,2,1,05,10,34,142,33,11,62,156,27,14,21,088,26,16,36,041,46,7*70
$GAGSV,2,2,05,25,88,043,37,7*42
$GAGSV,1,1,02,12,12,137,,34,10,310,,0*77
$GBGSV,3,1,10,12,22,103,08,19,26,074,45,20,15,122,14,22,13,022,32,3*71
$GBGSV,3,2,10,24,26,233,23,26,51,288,14,29,22,117,37,31,37,253,06,3*7E
$GBGSV,3,3,10,35,59,174,26,39,27,001,47,3*74
$GBGSV,3,1,10,12,22,103,27,19,26,074,49,20,15,122,19,22,13,022,27,5*7F
$GBGSV,3,2,10,24,26,233,20,26,51,288,21,29,22,117,30,31,37,253,16,5*7B
$GBGSV,3,3,10,35,59,174,24,39,27,001,45,5*72
$GBGSV,3,1,10,12,22,103,31,19,26,074,45,20,15,122,22,22,13,022,21,8*77
$GBGSV,3,2,10,24,26,233,30,26,51,288,20,29,22,117,31,31,37,253,19,8*78
$GBGSV,3,3,10,35,59,174,25,39,27,001,47,8*7C
$GBGSV,1,1,01,11,02,109,,0*4C
$GNGLL,3001.74317,S,05112.75018,W,171145.00,A,A*77
$GNRMC,171146.00,A,3001.74317,S,05112.75018,W,0.008,,090926,,,A,V*1B
$GNVTG,,T,,M,0.008,N,0.014,K,A*30
$GNGGA,171146.00,3001.74317,S,05112.75018,W,1,12,0.56,50.3,M,4.8,M,,*4B
$GNGSA,M,3,12,13,23,25,26,28,29,31,05,,,,1.15,0.56,1.00,1*0F
$GNGSA,M,3,16,25,36,02,10,11,,,,,,,1.15,0.56,1.00,3*0E
$GNGSA,M,3,12,19,20,22,24,26,29,31,35,39,,,1.15,0.56,1.00,4*01
$GPGSV,3,1,10,05,35,127,43,10,01,342,30,12,17,034,36,13,11,030,21,1*64
$GPGSV,3,2,10,18,68,250,13,23,28,357,43,25,49,019,49,26,29,227,18,1*65
$GPGSV,3,3,10,29,57,142,38,31,20,263,22,1*67
$GPGSV,3,1,10,05,35,127,40,10,01,342,32,12,17,034,30,13,11,030,21,6*64
$GPGSV,3,2,10,23,28,357,40,25,49,019,45,26,29,227,17,28,21,295,23,6*66
$GPGSV,3,3,10,29,57,142,28,31,20,263,26,6*65
$GPGSV,2,1,07,10,01,342,26,13,11,030,28,18,68,250,26,23,28,357,46,8*6F
$GPGSV,2,2,07,25,49,019,53,26,29,227,24,28,21,295,17,8*51
$GPGSV,1,1,04,15,11,061,,16,01,219,,20,03,088,,21,05,143,,0*6F
$GAGSV,2,1,07,02,35,221,18,10,34,142,35,11,62,156,21,14,21,088,30,1*7A
$GAGSV,2,2,07,16,36,041,42,25,88,043,36,36,59,293,19,1*4F
$GAGSV,1,1,02,16,36,041,50,25,88,043,37,5*75
$GAGSV,2,1,05,10,34,142,33,11,62,156,27,14,21,088,26,16,36,041,46,7*70
$GAGSV,2,2,05,25,88,043,37,7*42
$GAGSV,1,1,02,12,12,137,,34,10,310,,0*77
$GBGSV,3,1,10,12,22,103,14,19,26,074,45,20,15,122,12,22,13,022,32,3*7A
$GBGSV,3,2,10,24,26,233,23,26,51,288,10,29,22,117,37,31,37,253,09,3*75
$GBGSV,3,3,10,35,59,174,27,39,27,001,48,3*7A
$GBGSV,3,1,10,12,22,103,28,19,26,074,49,20,15,122,18,22,13,022,27,5*71
$GBGSV,3,2,10,24,26,233,20,26,51,288,21,29,22,117,30,31,37,253,16,5*7B
$GBGSV,3,3,10,35,59,174,23,39,27,001,45,5*75
$GBGSV,3,1,10,12,22,103,31,19,26,074,45,20,15,122,23,22,13,022,20,8*77
$GBGSV,3,2,10,24,26,233,29,26,51,288,20,29,22,117,31,31,37,253,19,8*70
$GBGSV,3,3,10,35,59,174,25,39,27,001,47,8*7C
$GBGSV,1,1,01,11,02,109,,0*4C
$GNGLL,3001.74317,S,05112.75018,W,171146.00,A,A*74
$GNRMC,171147.00,A,3001.74317,S,05112.75019,W,0.013,,090926,,,A,V*11
$GNVTG,,T,,M,0.013,N,0.024,K,A*39
$GNGGA,171147.00,3001.74317,S,05112.75019,W,1,12,0.56,50.3,M,4.8,M,,*4B
$GNGSA,M,3,12,13,23,25,26,28,29,31,05,,,,1.15,0.56,1.00,1*0F
$GNGSA,M,3,16,25,36,02,10,11,,,,,,,1.15,0.56,1.00,3*0E
$GNGSA,M,3,12,19,20,22,24,26,29,31,35,39,,,1.15,0.56,1.00,4*01
$GPGSV,3,1,10,05,35,127,44,10,01,342,30,12,17,034,36,13,11,030,21,1*63
$GPGSV,3,2,10,18,68,250,14,23,28,357,43,25,49,019,49,26,29,227,19,1*63
$GPGSV,3,3,10,29,57,142,38,31,20,263,21,1*64
$GPGSV,3,1,10,05,35,127,40,10,01,342,32,12,17,034,30,13,11,030,21,6*64
$GPGSV,3,2,10,23,28,357,40,25,49,019,45,26,29,227,18,28,21,295,23,6*69
$GPGSV,3,3,10,29,57,142,28,31,20,263,26,6*65
$GPGSV,2,1,07,10,01,342,27,13,11,030,28,18,68,250,26,23,28,357,46,8*6E
$GPGSV,2,2,07,25,49,019,53,26,29,227,24,28,21,295,17,8*51
$GPGSV,1,1,04,15,11,061,,16,01,219,,20,03,088,,21,05,143,,0*6F
$GAGSV,2,1,07,02,35,221,18,10,34,142,35,11,62,156,20,14,21,088,30,1*7B
$GAGSV,2,2,07,16,36,041,42,25,88,043,35,36,59,293,19,1*4C
$GAGSV,1,1,02,16,36,041,50,25,88,043,37,5*75
$GAGSV,2,1,05,10,34,142,33,11,62,156,27,14,21,088,26,16,36,041,46,7*70
$GAGSV,2,2,05,25,88,043,37,7*42
$GAGSV,1,1,02,12,12,137,,34,10,310,,0*77
$GBGSV,3,1,10,12,22,103,18,19,26,074,45,20,15,122,11,22,13,022,31,3*76
$GBGSV,3,2,10,24,26,233,22,26,51,288,14,29,22,117,37,31,37,253,09,3*70
$GBGSV,3,3,10,35,59,174,27,39,27,001,48,3*7A
$GBGSV,3,1,10,12,22,103,28,19,26,074,48,20,15,122,18,22,13,022,27,5*70
$GBGSV,3,2,10,24,26,233,18,26,51,288,21,29,22,117,31,31,37,253,15,5*72
$GBGSV,3,3,10,35,59,174,23,39,27,001,45,5*75
$GBGSV,3,1,10,12,22,103,31,19,26,074,45,20,15,122,23,22,13,022,21,8*76
$GBGSV,3,2,10,24,26,233,29,26,51,288,20,29,22,117,31,31,37,253,18,8*71
$GBGSV,3,3,10,35,59,174,24,39,27,001,47,8*7D
$GBGSV,1,1,01,11,02,109,,0*4C
$GNGLL,3001.74317,S,05112.75019,W,171147.00,A,A*74
$GNRMC,171148.00,A,3001.74316,S,05112.75019,W,0.030,,090926,,,A,V*1E
$GNVTG,,T,,M,0.030,N,0.056,K,A*3D
$GNGGA,171148.00,3001.74316,S,05112.75019,W,1,12,0.55,50.4,M,4.8,M,,*41
$GNGSA,M,3,12,13,18,23,25,26,28,29,31,05,,,1.10,0.55,0.96,1*0E
$GNGSA,M,3,16,25,36,02,10,11,,,,,,,1.10,0.55,0.96,3*06
$GNGSA,M,3,12,19,20,22,24,26,29,31,35,39,,,1.10,0.55,0.96,4*09
$GPGSV,3,1,10,05,35,127,44,10,01,342,31,12,17,034,36,13,11,030,21,1*62
$GPGSV,3,2,10,18,68,250,15,23,28,357,43,25,49,019,50,26,29,227,20,1*60
$GPGSV,3,3,10,29,57,142,38,31,20,263,22,1*67
$GPGSV,3,1,10,05,35,127,40,10,01,342,33,12,17,034,30,13,11,030,20,6*64
$GPGSV,3,2,10,23,28,357,40,25,49,019,45,26,29,227,18,28,21,295,24,6*6E
$GPGSV,3,3,10,29,57,142,29,31,20,263,26,6*64
$GPGSV,2,1,07,10,01,342,26,13,11,030,28,18,68,250,26,23,28,357,46,8*6F
$GPGSV,2,2,07,25,49,019,53,26,29,227,24,28,21,295,17,8*51
$GPGSV,1,1,04,15,11,061,,16,01,219,,20,03,088,,21,05,143,,0*6F
$GAGSV,2,1,07,02,35,221,17,10,34,142,35,11,62,156,20,14,21,088,30,1*74
$GAGSV,2,2,07,16,36,041,42,25,88,043,35,36,59,293,20,1*46
$GAGSV,1,1,02,16,36,041,50,25,88,043,37,5*75
$GAGSV,2,1,05,10,34,142,33,11,62,156,27,14,21,088,26,16,36,041,47,7*71
$GAGSV,2,2,05,25,88,043,37,7*42
$GAGSV,1,1,02,12,12,137,,34,10,310,,0*77
$GBGSV,3,1,10,12,22,103,20,19,26,074,45,20,15,122,07,22,13,022,31,3*7A
$GBGSV,3,2,10,24,26,233,22,26,51,288,11,29,22,117,37,31,37,253,08,3*74
$GBGSV,3,3,10,35,59,174,27,39,27,001,48,3*7A
$GBGSV,3,1,10,12,22,103,28,19,26,074,49,20,15,122,17,22,13,022,27,5*7E
$GBGSV,3,2,10,24,26,233,17,26,51,288,21,29,22,117,30,31,37,253,15,5*7C
$GBGSV,3,3,10,35,59,174,22,39,27,001,45,5*74
$GBGSV,3,1,10,12,22,103,31,19,26,074,45,20,15,122,23,22,13,022,20,8*77
$GBGSV,3,2,10,24,26,233,30,26,51,288,20,29,22,117,31,31,37,253,18,8*79
$GBGSV,3,3,10,35,59,174,25,39,27,001,47,8*7C
$GBGSV,1,1,01,11,02,109,,0*4C
$GNGLL,3001.74316,S,05112.75019,W,171148.00,A,A*7A
$GNRMC,171149.00,A,3001.74316,S,05112.75020,W,0.009,,090926,,,A,V*1F
$GNVTG,,T,,M,0.009,N,0.017,K,A*32
$GNGGA,171149.00,3001.74316,S,05112.75020,W,1,12,0.58,50.4,M,4.8,M,,*47
$GNGSA,M,3,12,13,18,23,25,26,28,29,31,05,,,1.14,0.58,0.98,1*09
$GNGSA,M,3,16,25,36,02,10,11,,,,,,,1.14,0.58,0.98,3*01
$GNGSA,M,3,12,19,20,22,24,26,29,31,35,39,,,1.14,0.58,0.98,4*0E
$GPGSV,3,1,10,05,35,127,43,10,01,342,31,12,17,034,36,13,11,030,21,1*65
$GPGSV,3,2,10,18,68,250,16,23,28,357,43,25,49,019,49,26,29,227,21,1*6A
$GPGSV,3,3,10,29,57,142,38,31,20,263,20,1*65
$GPGSV,3,1,10,05,35,127,40,10,01,342,32,12,17,034,30,13,11,030,20,6*65
$GPGSV,3,2,10,23,28,357,40,25,49,019,45,26,29,227,17,28,21,295,24,6*61
$GPGSV,3,3,10,29,57,142,29,31,20,263,26,6*64
$GPGSV,2,1,07,10,01,342,26,13,11,030,28,18,68,250,26,23,28,357,46,8*6F
$GPGSV,2,2,07,25,49,019,53,26,29,227,24,28,21,295,17,8*51
$GPGSV,1,1,04,15,11,061,,16,01,219,,20,03,088,,21,05,143,,0*6F
$GAGSV,2,1,07,02,35,221,18,10,34,142,35,11,62,156,21,14,21,088,30,1*7A
$GAGSV,2,2,07,16,36,041,42,25,88,043,35,36,59,293,21,1*47
$GAGSV,1,1,02,16,36,041,50,25,88,043,37,5*75
$GAGSV,2,1,06,10,34,142,33,11,62,156,27,14,21,088,26,16,36,041,46,7*73
$GAGSV,2,2,06,25,88,043,37,36,59,293,22,7*70
$GAGSV,1,1,02,12,12,137,,34,10,310,,0*77
$GBGSV,3,1,10,12,22,103,21,19,26,074,45,20,15,122,12,22,13,022,32,3*7C
$GBGSV,3,2,10,24,26,233,22,26,51,288,12,29,22,117,37,31,37,253,09,3*76
$GBGSV,3,3,10,35,59,174,27,39,27,001,48,3*7A
$GBGSV,3,1,10,12,22,103,29,19,26,074,49,20,15,122,18,22,13,022,27,5*70
$GBGSV,3,2,10,24,26,233,16,26,51,288,20,29,22,117,30,31,37,253,13,5*7A
$GBGSV,3,3,10,35,59,174,22,39,27,001,45,5*74
$GBGSV,3,1,10,12,22,103,31,19,26,074,45,20,15,122,23,22,13,022,20,8*77
$GBGSV,3,2,10,24,26,233,29,26,51,288,20,29,22,117,31,31,37,253,18,8*71
$GBGSV,3,3,10,35,59,174,25,39,27,001,47,8*7C
$GBGSV,1,1,01,11,02,109,,0*4C
$GNGLL,3001.74316,S,05112.75020,W,171149.00,A,A*71
$GNRMC,171150.00,A,3001.74317,S,05112.75020,W,0.030,,090926,,,A,V*1C
$GNVTG,,T,,M,0.030,N,0.056,K,A*3D
$GNGGA,171150.00,3001.74317,S,05112.75020,W,1,12,0.58,50.4,M,4.8,M,,*4E
$GNGSA,M,3,12,13,18,23,25,26,28,29,31,05,,,1.14,0.58,0.98,1*09
$GNGSA,M,3,16,25,36,02,10,11,,,,,,,1.14,0.58,0.98,3*01
$GNGSA,M,3,12,19,20,22,24,26,29,31,35,39,,,1.14,0.58,0.98,4*0E
$GPGSV,3,1,10,05,35,127,44,10,01,342,31,12,17,034,35,13,11,030,21,1*61
$GPGSV,3,2,10,18,68,250,17,23,28,357,42,25,49,019,49,26,29,227,21,1*6A
$GPGSV,3,3,10,29,57,142,39,31,20,263,19,1*6E
$GPGSV,3,1,10,05,35,127,40,10,01,342,33,12,17,034,30,13,11,030,21,6*65
$GPGSV,3,2,10,23,28,357,40,25,49,019,45,26,29,227,17,28,21,295,24,6*61
$GPGSV,3,3,10,29,57,142,29,31,20,263,26,6*64
$GPGSV,2,1,07,10,01,342,26,13,11,030,28,18,68,250,26,23,28,357,46,8*6F
$GPGSV,2,2,07,25,49,019,53,26,29,227,23,28,21,295,18,8*59
$GPGSV,1,1,04,15,11,061,,16,01,219,,20,03,088,,21,05,143,,0*6F
$GAGSV,2,1,07,02,35,221,19,10,34,142,35,11,62,156,21,14,21,088,30,1*7B
$GAGSV,2,2,07,16,36,041,42,25,88,043,35,36,59,293,20,1*46
$GAGSV,1,1,02,16,36,041,50,25,88,043,37,5*75
$GAGSV,2,1,06,10,34,142,33,11,62,156,27,14,21,088,26,16,36,041,46,7*73
$GAGSV,2,2,06,25,88,043,37,36,59,293,22,7*70
$GAGSV,1,1,02,12,12,137,,34,10,310,,0*77
$GBGSV,3,1,10,12,22,103,21,19,26,074,45,20,15,122,08,22,13,022,32,3*77
$GBGSV,3,2,10,24,26,233,22,26,51,288,15,29,22,117,37,31,37,253,11,3*78
$GBGSV,3,3,10,35,59,174,27,39,27,001,48,3*7A
$GBGSV,3,1,10,12,22,103,29,19,26,074,49,20,15,122,19,22,13,022,27,5*71
$GBGSV,3,2,10,24,26,233,17,26,51,288,21,29,22,117,30,31,37,253,13,5*7A
$GBGSV,3,3,10,35,59,174,23,39,27,001,44,5*74
$GBGSV,3,1,10,12,22,103,31,19,26,074,45,20,15,122,22,22,13,022,19,8*7C
$GBGSV,3,2,10,24,26,233,29,26,51,288,21,29,22,117,31,31,37,253,18,8*70
$GBGSV,3,3,10,35,59,174,25,39,27,001,47,8*7C
$GBGSV,1,1,01,11,02,109,,0*4C
$GNGLL,3001.74317,S,05112.75020,W,171150.00,A,A*78
$GNRMC,171151.00,A,3001.74316,S,05112.75021,W,0.017,,090926,,,A,V*18
$GNVTG,,T,,M,0.017,N,0.031,K,A*39
$GNGGA,171151.00,3001.74316,S,05112.75021,W,1,12,0.58,50.4,M,4.8,M,,*4F
$GNGSA,M,3,12,13,18,23,25,26,28,29,31,05,,,1.14,0.58,0.98,1*09
$GNGSA,M,3,16,25,36,02,10,11,,,,,,,1.14,0.58,0.98,3*01
$GNGSA,M,3,12,19,20,22,24,26,29,31,35,39,,,1.14,0.58,0.98,4*0E
$GPGSV,3,1,10,05,35,127,44,10,01,342,32,12,17,034,36,13,11,030,22,1*62
$GPGSV,3,2,10,18,68,250,17,23,28,357,42,25,49,019,49,26,29,227,21,1*6A
$GPGSV,3,3,10,29,57,142,38,31,20,263,18,1*6E
$GPGSV,1,1,01,18,68,250,15,5*55
$GPGSV,3,1,10,05,35,127,40,10,01,342,33,12,17,034,29,13,11,030,21,6*6D
$GPGSV,3,2,10,23,28,357,40,25,49,019,45,26,29,227,17,28,21,295,23,6*66
$GPGSV,3,3,10,29,57,142,30,31,20,263,26,6*6C
$GPGSV,2,1,07,10,01,342,26,13,11,030,28,18,68,250,26,23,28,357,46,8*6F
$GPGSV,2,2,07,25,49,019,53,26,29,227,24,28,21,295,17,8*51
$GPGSV,1,1,04,15,11,061,,16,01,219,,20,03,088,,21,05,143,,0*6F
$GAGSV,2,1,07,02,35,221,18,10,34,142,35,11,62,156,21,14,21,088,30,1*7A
$GAGSV,2,2,07,16,36,041,42,25,88,043,35,36,59,293,20,1*46
$GAGSV,1,1,02,16,36,041,50,25,88,043,37,5*75
$GAGSV,2,1,06,10,34,142,33,11,62,156,27,14,21,088,26,16,36,041,47,7*72
$GAGSV,2,2,06,25,88,043,37,36,59,293,22,7*70
$GAGSV,1,1,02,12,12,137,,34,10,310,,0*77
$GBGSV,3,1,10,12,22,103,22,19,26,074,45,20,15,122,12,22,13,022,31,3*7C
$GBGSV,3,2,10,24,26,233,21,26,51,288,10,29,22,117,37,31,37,253,12,3*7D
$GBGSV,3,3,10,35,59,174,27,39,27,001,47,3*75
$GBGSV,3,1,10,12,22,103,29,19,26,074,48,20,15,122,18,22,13,022,27,5*71
$GBGSV,3,2,10,24,26,233,18,26,51,288,20,29,22,117,30,31,37,253,13,5*74
$GBGSV,3,3,10,35,59,174,23,39,27,001,44,5*74
$GBGSV,3,1,10,12,22,103,31,19,26,074,45,20,15,122,22,22,13,022,20,8*76
$GBGSV,3,2,10,24,26,233,29,26,51,288,21,29,22,117,30,31,37,253,18,8*71
$GBGSV,3,3,10,35,59,174,26,39,27,001,47,8*7F
$GBGSV,1,1,01,11,02,109,,0*4C
$GNGLL,3001.74316,S,05112.75021,W,171151.00,A,A*79
$GNRMC,171152.00,A,3001.74316,S,05112.75021,W,0.016,,090926,,,A,V*1A
$GNVTG,,T,,M,0.016,N,0.030,K,A*39
$GNGGA,171152.00,3001.74316,S,05112.75021,W,1,12,0.57,50.4,M,4.8,M,,*43
$GNGSA,M,3,12,13,18,23,25,26,28,29,31,05,,,1.11,0.57,0.95,1*0E
$GNGSA,M,3,16,25,36,02,10,11,,,,,,,1.11,0.57,0.95,3*06
$GNGSA,M,3,12,19,20,22,24,26,29,31,35,39,,,1.11,0.57,0.95,4*09
$GPGSV,3,1,10,05,35,127,43,10,01,342,32,12,17,034,35,13,11,030,22,1*66
$GPGSV,3,2,10,18,68,250,18,23,28,357,42,25,49,019,49,26,29,227,22,1*66
$GPGSV,3,3,10,29,57,142,38,31,20,263,17,1*61
$GPGSV,3,1,11,05,35,127,39,10,01,342,33,12,17,034,29,13,11,030,21,6*62
$GPGSV,3,2,11,18,68,250,15,23,28,357,40,25,49,019,45,26,29,227,18,6*6A
$GPGSV,3,3,11,28,21,295,23,29,57,142,30,31,20,263,26,6*5B
$GPGSV,2,1,07,10,01,342,25,13,11,030,28,18,68,250,26,23,28,357,46,8*6C
$GPGSV,2,2,07,25,49,019,53,26,29,227,24,28,21,295,18,8*5E
$GPGSV,1,1,04,15,11,061,,16,01,219,,20,03,088,,21,05,143,,0*6F
$GAGSV,2,1,07,02,35,221,17,10,34,142,35,11,62,156,21,14,21,088,30,1*75
$GAGSV,2,2,07,16,36,041,41,25,88,043,35,36,59,293,21,1*44
$GAGSV,1,1,02,16,36,041,50,25,88,043,37,5*75
$GAGSV,2,1,06,10,34,142,33,11,62,156,27,14,21,088,26,16,36,041,46,7*73
$GAGSV,2,2,06,25,88,043,37,36,59,293,22,7*70
$GAGSV,1,1,02,12,12,137,,34,10,310,,0*77
$GBGSV,3,1,10,12,22,103,23,19,26,074,45,20,15,122,10,22,13,022,32,3*7C
$GBGSV,3,2,10,24,26,233,21,26,51,288,10,29,22,117,37,31,37,253,14,3*7B
$GBGSV,3,3,10,35,59,174,27,39,27,001,47,3*75
$GBGSV,3,1,10,12,22,103,29,19,26,074,49,20,15,122,18,22,13,022,28,5*7F
$GBGSV,3,2,10,24,26,233,19,26,51,288,21,29,22,117,29,31,37,253,15,5*7A
$GBGSV,3,3,10,35,59,174,23,39,27,001,44,5*74
$GBGSV,3,1,10,12,22,103,31,19,26,074,45,20,15,122,22,22,13,022,20,8*76
$GBGSV,3,2,10,24,26,233,29,26,51,288,21,29,22,117,31,31,37,253,18,8*70
$GBGSV,3,3,10,35,59,174,25,39,27,001,47,8*7C
$GBGSV,1,1,01,11,02,109,,0*4C
$GNGLL,3001.74316,S,05112.75021,W,171152.00,A,A*7A
$GNRMC,171153.00,A,3001.74315,S,05112.75021,W,0.019,,090926,,,A,V*17
$GNVTG,,T,,M,0.019,N,0.036,K,A*30
$GNGGA,171153.00,3001.74315,S,05112.75021,W,1,12,0.57,50.4,M,4.8,M,,*41
$GNGSA,M,3,12,13,18,23,25,26,28,29,31,05,,,1.11,0.57,0.95,1*0E
$GNGSA,M,3,16,25,36,02,10,11,,,,,,,1.11,0.57,0.95,3*06
$GNGSA,M,3,12,19,20,22,24,26,29,31,35,39,,,1.11,0.57,0.95,4*09
$GPGSV,3,1,10,05,34,128,43,10,01,342,32,12,17,034,35,13,11,030,22,1*68
$GPGSV,3,2,10,18,68,250,19,23,28,357,42,25,49,019,49,26,29,227,23,1*66
$GPGSV,3,3,10,29,57,142,38,31,20,263,16,1*60
$GPGSV,3,1,11,05,34,128,39,10,01,342,33,12,17,034,29,13,11,030,21,6*6C
$GPGSV,3,2,11,18,68,250,16,23,28,357,40,25,49,019,45,26,29,227,18,6*69
$GPGSV,3,3,11,28,21,295,22,29,57,142,29,31,20,263,26,6*52
$GPGSV,2,1,07,10,01,342,26,13,11,030,28,18,68,250,26,23,28,357,46,8*6F
$GPGSV,2,2,07,25,49,019,53,26,29,227,24,28,21,295,18,8*5E
$GPGSV,1,1,04,15,11,061,,16,01,219,,20,03,088,,21,05,143,,0*6F
$GAGSV,2,1,07,02,35,221,17,10,34,142,34,11,62,156,20,14,21,088,30,1*75
$GAGSV,2,2,07,16,36,041,41,25,88,043,35,36,59,293,21,1*44
$GAGSV,1,1,02,16,36,041,50,25,88,043,37,5*75
$GAGSV,2,1,06,10,34,142,32,11,62,156,27,14,21,088,26,16,36,041,46,7*72
$GAGSV,2,2,06,25,88,043,37,36,59,293,23,7*71
$GAGSV,1,1,02,12,12,137,,34,10,310,,0*77
$GBGSV,3,1,10,12,22,103,24,19,26,074,45,20,15,122,08,22,13,022,32,3*72
$GBGSV,3,2,10,24,26,233,21,26,51,288,12,29,22,117,37,31,37,253,11,3*7C
$GBGSV,3,3,10,35,59,174,27,39,27,001,47,3*75
$GBGSV,3,1,10,12,22,103,30,19,26,074,49,20,15,122,17,22,13,022,27,5*77
$GBGSV,3,2,10,24,26,233,17,26,51,288,21,29,22,117,29,31,37,253,16,5*77
$GBGSV,3,3,10,35,59,174,22,39,27,001,44,5*75
$GBGSV,3,1,10,12,22,103,30,19,26,074,45,20,15,122,23,22,13,022,20,8*76
$GBGSV,3,2,10,24,26,233,29,26,51,288,20,29,22,117,31,31,37,253,19,8*70
$GBGSV,3,3,10,35,59,174,25,39,27,001,46,8*7D
$GBGSV,1,1,01,11,02,109,,0*4C
$GNGLL,3001.74315,S,05112.75021,W,171153.00,A,A*78
$GNRMC,171154.00,A,3001.74315,S,05112.75021,W,0.009,,090926,,,A,V*11
$GNVTG,,T,,M,0.009,N,0.017,K,A*32
$GNGGA,171154.00,3001.74315,S,05112.75021,W,1,12,0.57,50.4,M,4.8,M,,*46
$GNGSA,M,3,12,13,18,23,25,26,28,29,31,05,,,1.11,0.57,0.95,1*0E
$GNGSA,M,3,16,25,36,02,10,11,,,,,,,1.11,0.57,0.95,3*06
$GNGSA,M,3,12,19,20,22,24,26,29,31,35,39,,,1.11,0.57,0.95,4*09
$GPGSV,3,1,10,05,34,128,44,10,01,342,33,12,17,034,35,13,11,030,22,1*6E
$GPGSV,3,2,10,18,68,250,20,23,28,357,42,25,49,019,50,26,29,227,24,1*63
$GPGSV,3,3,10,29,57,142,38,31,20,263,17,1*61
$GPGSV,3,1,11,05,34,128,39,10,01,342,33,12,17,034,29,13,11,030,21,6*6C
$GPGSV,3,2,11,18,68,250,16,23,28,357,40,25,49,019,45,26,29,227,19,6*68
$GPGSV,3,3,11,28,21,295,23,29,57,142,29,31,20,263,26,6*53
$GPGSV,2,1,07,10,01,342,27,13,11,030,28,18,68,250,26,23,28,357,46,8*6E
$GPGSV,2,2,07,25,49,019,53,26,29,227,24,28,21,295,18,8*5E
$GPGSV,1,1,04,15,11,061,,16,01,219,,20,03,088,,21,05,143,,0*6F
$GAGSV,2,1,07,02,35,221,16,10,34,142,35,11,62,156,21,14,21,088,30,1*74
$GAGSV,2,2,07,16,36,041,42,25,88,043,35,36,59,293,21,1*47
$GAGSV,1,1,02,16,36,041,50,25,88,043,37,5*75
$GAGSV,2,1,06,10,34,142,32,11,62,156,27,14,21,088,26,16,36,041,47,7*73
$GAGSV,2,2,06,25,88,043,37,36,59,293,23,7*71
$GAGSV,1,1,02,12,12,137,,34,10,310,,0*77
$GBGSV,3,1,10,12,22,103,25,19,26,074,45,20,15,122,09,22,13,022,31,3*71
$GBGSV,3,2,10,24,26,233,21,26,51,288,12,29,22,117,37,31,37,253,14,3*79
$GBGSV,3,3,10,35,59,174,27,39,27,001,48,3*7A
$GBGSV,3,1,10,12,22,103,30,19,26,074,49,20,15,122,16,22,13,022,27,5*76
$GBGSV,3,2,10,24,26,233,15,26,51,288,21,29,22,117,29,31,37,253,16,5*75
$GBGSV,3,3,10,35,59,174,22,39,27,001,44,5*75
$GBGSV,3,1,10,12,22,103,31,19,26,074,45,20,15,122,23,22,13,022,19,8*7D
$GBGSV,3,2,10,24,26,233,29,26,51,288,20,29,22,117,30,31,37,253,19,8*71
$GBGSV,3,3,10,35,59,174,25,39,27,001,46,8*7D
$GBGSV,1,1,01,11,02,109,,0*4C
$GNGLL,3001.74315,S,05112.75021,W,171154.00,A,A*7F
$GNRMC,171155.00,A,3001.74316,S,05112.75021,W,0.016,,090926,,,A,V*1D
$GNVTG,,T,,M,0.016,N,0.030,K,A*39
$GNGGA,171155.00,3001.74316,S,05112.75021,W,1,12,0.57,50.4,M,4.8,M,,*44
$GNGSA,M,3,12,13,18,23,25,26,28,29,31,05,,,1.11,0.57,0.95,1*0E
$GNGSA,M,3,16,25,36,02,10,11,,,,,,,1.11,0.57,0.95,3*06
$GNGSA,M,3,12,19,20,22,24,26,29,31,35,39,,,1.11,0.57,0.95,4*09
$GPGSV,3,1,10,05,34,128,44,10,01,342,34,12,17,034,35,13,11,030,22,1*69
$GPGSV,3,2,10,18,68,250,20,23,28,357,42,25,49,019,50,26,29,227,24,1*63
$GPGSV,3,3,10,29,57,142,39,31,20,263,17,1*60
$GPGSV,1,1,01,15,11,061,15,5*56
$GPGSV,3,1,11,05,34,128,40,10,01,342,34,12,17,034,30,13,11,030,22,6*6E
$GPGSV,3,2,11,18,68,250,15,23,28,357,40,25,49,019,45,26,29,227,19,6*6B
$GPGSV,3,3,11,28,21,295,21,29,57,142,29,31,20,263,26,6*51
$GPGSV,2,1,07,10,01,342,27,13,11,030,28,18,68,250,26,23,28,357,46,8*6E
$GPGSV,2,2,07,25,49,019,53,26,29,227,24,28,21,295,18,8*5E
$GPGSV,1,1,03,16,01,219,,20,03,088,,21,05,143,,0*5B
$GAGSV,2,1,07,02,35,221,18,10,34,142,35,11,62,156,21,14,21,088,30,1*7A
$GAGSV,2,2,07,16,36,041,42,25,88,043,35,36,59,293,21,1*47
$GAGSV,1,1,02,16,36,041,50,25,88,043,37,5*75
$GAGSV,2,1,06,10,34,142,33,11,62,156,27,14,21,088,26,16,36,041,47,7*72
$GAGSV,2,2,06,25,88,043,37,36,59,293,23,7*71
$GAGSV,1,1,02,12,12,137,,34,10,310,,0*77
$GBGSV,3,1,10,12,22,103,25,19,26,074,45,20,15,122,10,22,13,022,32,3*7A
$GBGSV,3,2,10,24,26,233,20,26,51,288,10,29,22,117,37,31,37,253,08,3*77
$GBGSV,3,3,10,35,59,174,28,39,27,001,48,3*75
$GBGSV,3,1,10,12,22,103,30,19,26,074,48,20,15,122,16,22,13,022,27,5*77
$GBGSV,3,2,10,24,26,233,16,26,51,288,21,29,22,117,29,31,37,253,15,5*75
$GBGSV,3,3,10,35,59,174,22,39,27,001,44,5*75
$GBGSV,3,1,10,12,22,103,30,19,26,074,45,20,15,122,23,22,13,022,20,8*76
$GBGSV,3,2,10,24,26,233,29,26,51,288,21,29,22,117,29,31,37,253,19,8*78
$GBGSV,3,3,10,35,59,174,25,39,27,001,46,8*7D
$GBGSV,1,1,01,11,02,109,,0*4C
$GNGLL,3001.74316,S,05112.75021,W,171155.00,A,A*7D
$GNRMC,171156.00,A,3001.74316,S,05112.75021,W,0.024,,090926,,,A,V*1F
$GNVTG,,T,,M,0.024,N,0.045,K,A*3A
$GNGGA,171156.00,3001.74316,S,05112.75021,W,1,12,0.58,50.4,M,4.8,M,,*48
$GNGSA,M,3,12,13,18,23,25,26,28,29,31,05,,,1.14,0.58,0.98,1*09
$GNGSA,M,3,16,25,36,02,10,11,,,,,,,1.14,0.58,0.98,3*01
$GNGSA,M,3,12,19,20,22,24,26,29,31,35,39,,,1.14,0.58,0.98,4*0E
$GPGSV,3,1,10,05,34,128,44,10,01,342,34,12,17,034,35,13,11,030,21,1*6A
$GPGSV,3,2,10,18,68,250,21,23,28,357,42,25,49,019,50,26,29,227,24,1*62
$GPGSV,3,3,10,29,57,142,38,31,20,263,18,1*6E
$GPGSV,3,1,12,05,34,128,39,10,01,342,34,12,17,034,29,13,11,030,21,6*68
$GPGSV,3,2,12,15,11,061,15,18,68,250,17,23,28,357,40,25,49,019,45,6*6D
$GPGSV,3,3,12,26,29,227,20,28,21,295,20,29,57,142,29,31,20,263,27,6*68
$GPGSV,2,1,07,10,01,342,28,13,11,030,27,18,68,250,25,23,28,357,46,8*6D
$GPGSV,2,2,07,25,49,019,53,26,29,227,24,28,21,295,18,8*5E
$GPGSV,1,1,03,16,01,219,,20,03,088,,21,05,143,,0*5B
$GAGSV,2,1,07,02,35,221,19,10,34,142,35,11,62,156,21,14,21,088,30,1*7B
$GAGSV,2,2,07,16,36,041,41,25,88,043,35,36,59,293,21,1*44
$GAGSV,1,1,02,16,36,041,50,25,88,043,37,5*75
$GAGSV,2,1,06,10,34,142,32,11,62,156,27,14,21,088,27,16,36,041,47,7*72
$GAGSV,2,2,06,25,88,043,37,36,59,293,23,7*71
$GAGSV,1,1,02,12,12,137,,34,10,310,,0*77
$GBGSV,3,1,10,12,22,103,26,19,26,074,45,20,15,122,10,22,13,022,32,3*79
$GBGSV,3,2,10,24,26,233,20,26,51,288,13,29,22,117,37,31,37,253,12,3*7F
$GBGSV,3,3,10,35,59,174,28,39,27,001,48,3*75
$GBGSV,3,1,10,12,22,103,30,19,26,074,49,20,15,122,16,22,13,022,27,5*76
$GBGSV,3,2,10,24,26,233,16,26,51,288,21,29,22,117,29,31,37,253,15,5*75
$GBGSV,3,3,10,35,59,174,21,39,27,001,44,5*76
$GBGSV,3,1,10,12,22,103,30,19,26,074,45,20,15,122,23,22,13,022,19,8*7C
$GBGSV,3,2,10,24,26,233,29,26,51,288,20,29,22,117,30,31,37,253,18,8*70
$GBGSV,3,3,10,35,59,174,25,39,27,001,46,8*7D
$GBGSV,1,1,01,11,02,109,,0*4C
$GNGLL,3001.74316,S,05112.75021,W,171156.00,A,A*7E
$GNRMC,171157.00,A,3001.74316,S,05112.75022,W,0.006,,090926,,,A,V*1D
$GNVTG,,T,,M,0.006,N,0.011,K,A*3B
$GNGGA,171157.00,3001.74316,S,05112.75022,W,1,12,0.58,50.4,M,4.8,M,,*4A
$GNGSA,M,3,12,13,18,23,25,26,28,29,31,05,,,1.18,0.58,1.02,1*07
$GNGSA,M,3,16,25,36,02,10,11,,,,,,,1.18,0.58,1.02,3*0F
$GNGSA,M,3,12,19,20,22,24,26,29,31,35,39,,,1.18,0.58,1.02,4*00
$GPGSV,3,1,10,05,34,128,44,10,01,342,34,12,17,034,35,13,11,030,21,1*6A
$GPGSV,3,2,10,18,68,250,20,23,28,357,42,25,49,019,50,26,29,227,24,1*63
$GPGSV,3,3,10,29,57,142,39,31,20,263,19,1*6E
$GPGSV,3,1,12,05,34,128,39,10,01,342,34,12,17,034,29,13,11,030,21,6*68
$GPGSV,3,2,12,15,11,061,15,18,68,250,18,23,28,357,40,25,49,019,45,6*62
$GPGSV,3,3,12,26,29,227,20,28,21,295,18,29,57,142,30,31,20,263,27,6*6B
$GPGSV,2,1,07,10,01,342,28,13,11,030,27,18,68,250,26,23,28,357,46,8*6E
$GPGSV,2,2,07,25,49,019,53,26,29,227,24,28,21,295,18,8*5E
$GPGSV,1,1,03,16,01,219,,20,03,088,,21,05,143,,0*5B
$GAGSV,2,1,07,02,35,221,19,10,34,142,35,11,62,156,22,14,21,088,30,1*78
$GAGSV,2,2,07,16,36,041,41,25,88,043,35,36,59,293,20,1*45
$GAGSV,1,1,02,16,36,041,50,25,88,043,37,5*75
$GAGSV,2,1,06,10,34,142,32,11,62,156,27,14,21,088,27,16,36,041,47,7*72
$GAGSV,2,2,06,25,88,043,37,36,59,293,23,7*71
$GAGSV,1,1,02,12,12,137,,34,10,310,,0*77
$GBGSV,3,1,10,12,22,103,26,19,26,074,45,20,15,122,11,22,13,022,32,3*78
$GBGSV,3,2,10,24,26,233,21,26,51,288,15,29,22,117,37,31,37,253,14,3*7E
$GBGSV,3,3,10,35,59,174,28,39,27,001,48,3*75
$GBGSV,3,1,10,12,22,103,31,19,26,074,49,20,15,122,17,22,13,022,27,5*76
$GBGSV,3,2,10,24,26,233,16,26,51,288,20,29,22,117,28,31,37,253,14,5*74
$GBGSV,3,3,10,35,59,174,22,39,27,001,44,5*75
$GBGSV,3,1,10,12,22,103,30,19,26,074,45,20,15,122,23,22,13,022,20,8*76
$GBGSV,3,2,10,24,26,233,29,26,51,288,21,29,22,117,30,31,37,253,18,8*71
$GBGSV,3,3,10,35,59,174,25,39,27,001,46,8*7D
$GBGSV,1,1,01,11,02,109,,0*4C
$GNGLL,3001.74316,S,05112.75022,W,171157.00,A,A*7C
$GNRMC,171158.00,A,3001.74316,S,05112.75021,W,0.010,,090926,,,A,V*16
$GNVTG,,T,,M,0.010,N,0.018,K,A*35
$GNGGA,171158.00,3001.74316,S,05112.75021,W,1,12,0.58,50.5,M,4.8,M,,*47
$GNGSA,M,3,12,13,18,23,25,26,28,29,31,05,,,1.14,0.58,0.99,1*08
$GNGSA,M,3,16,25,36,02,10,11,,,,,,,1.14,0.58,0.99,3*00
$GNGSA,M,3,12,19,20,22,24,26,29,31,35,39,,,1.14,0.58,0.99,4*0F
$GPGSV,3,1,10,05,34,128,44,10,02,342,34,12,17,034,35,13,11,030,22,1*6A
$GPGSV,3,2,10,18,68,250,20,23,28,357,42,25,49,019,50,26,29,227,24,1*63
$GPGSV,3,3,10,29,57,142,39,31,20,263,20,1*64
$GPGSV,3,1,12,05,34,128,39,10,02,342,34,12,17,034,29,13,11,030,21,6*6B
$GPGSV,3,2,12,15,11,061,15,18,68,250,17,23,28,357,40,25,49,019,45,6*6D
$GPGSV,3,3,12,26,29,227,20,28,21,295,17,29,57,142,29,31,20,263,27,6*6C
$GPGSV,2,1,07,10,02,342,28,13,11,030,27,18,68,250,26,23,28,357,46,8*6D
$GPGSV,2,2,07,25,49,019,53,26,29,227,24,28,21,295,17,8*51
$GPGSV,1,1,03,16,01,219,,20,03,088,,21,05,143,,0*5B
$GAGSV,2,1,07,02,35,221,19,10,34,142,35,11,62,156,22,14,21,088,30,1*78
$GAGSV,2,2,07,16,36,041,41,25,88,043,35,36,59,293,20,1*45
$GAGSV,1,1,02,16,36,041,50,25,88,043,37,5*75
$GAGSV,2,1,06,10,34,142,32,11,62,156,28,14,21,088,27,16,36,041,47,7*7D
$GAGSV,2,2,06,25,88,043,37,36,59,293,22,7*70
$GAGSV,1,1,02,12,12,137,,34,10,310,,0*77
$GBGSV,3,1,10,12,22,103,26,19,26,074,45,20,15,122,12,22,13,022,32,3*7B
$GBGSV,3,2,10,24,26,233,21,26,51,288,16,29,22,117,37,31,37,253,13,3*7A
$GBGSV,3,3,10,35,59,174,28,39,27,001,48,3*75
$GBGSV,3,1,10,12,22,103,31,19,26,074,49,20,15,122,17,22,13,022,27,5*76
$GBGSV,3,2,10,24,26,233,14,26,51,288,20,29,22,117,28,31,37,253,15,5*77
$GBGSV,3,3,10,35,59,174,22,39,27,001,44,5*75
$GBGSV,3,1,10,12,22,103,30,19,26,074,45,20,15,122,23,22,13,022,19,8*7C
$GBGSV,3,2,10,24,26,233,29,26,51,288,20,29,22,117,29,31,37,253,18,8*78
$GBGSV,3,3,10,35,59,174,25,39,27,001,46,8*7D
$GBGSV,1,1,01,11,02,109,,0*4C
$GNGLL,3001.74316,S,05112.75021,W,171158.00,A,A*70
$GNRMC,171159.00,A,3001.74316,S,05112.75022,W,0.021,,090926,,,A,V*16
$GNVTG,,T,,M,0.021,N,0.038,K,A*35
$GNGGA,171159.00,3001.74316,S,05112.75022,W,1,12,0.58,50.5,M,4.8,M,,*45
$GNGSA,M,3,12,13,18,23,25,26,28,29,31,05,,,1.14,0.58,0.99,1*08
$GNGSA,M,3,16,25,36,02,10,11,,,,,,,1.14,0.58,0.99,3*00
$GNGSA,M,3,12,19,20,22,24,26,29,31,35,39,,,1.14,0.58,0.99,4*0F
$GPGSV,3,1,10,05,34,128,44,10,02,342,34,12,17,034,35,13,11,030,22,1*6A
$GPGSV,3,2,10,18,68,250,20,23,28,357,42,25,49,019,50,26,29,227,24,1*63
$GPGSV,3,3,10,29,57,142,39,31,20,263,20,1*64
$GPGSV,3,1,12,05,34,128,40,10,02,342,34,12,17,034,29,13,11,030,21,6*65
$GPGSV,3,2,12,15,11,061,14,18,68,250,16,23,28,357,40,25,49,019,45,6*6D
$GPGSV,3,3,12,26,29,227,20,28,21,295,17,29,57,142,29,31,20,263,27,6*6C
$GPGSV,2,1,07,10,02,342,28,13,11,030,27,18,68,250,26,23,28,357,46,8*6D
$GPGSV,2,2,07,25,49,019,53,26,29,227,24,28,21,295,18,8*5E
$GPGSV,1,1,03,16,01,219,,20,03,088,,21,05,143,,0*5B
$GAGSV,2,1,07,02,35,221,18,10,34,142,35,11,62,156,22,14,21,088,30,1*79
$GAGSV,2,2,07,16,36,041,41,25,88,043,35,36,59,293,20,1*45
$GAGSV,1,1,02,16,36,041,50,25,88,043,37,5*75
$GAGSV,2,1,06,10,34,142,32,11,62,156,28,14,21,088,27,16,36,041,47,7*7D
$GAGSV,2,2,06,25,88,043,37,36,59,293,22,7*70
$GAGSV,1,1,02,12,12,137,,34,10,310,,0*77
$GBGSV,3,1,10,12,22,103,26,19,26,074,45,20,15,122,12,22,13,022,32,3*7B
$GBGSV,3,2,10,24,26,233,21,26,51,288,16,29,22,117,37,31,37,253,14,3*7D
$GBGSV,3,3,10,35,59,174,28,39,27,001,48,3*75
$GBGSV,3,1,10,12,22,103,31,19,26,074,49,20,15,122,17,22,13,022,27,5*76
$GBGSV,3,2,10,24,26,233,14,26,51,288,20,29,22,117,28,31,37,253,16,5*74
$GBGSV,3,3,10,35,59,174,22,39,27,001,44,5*75
$GBGSV,3,1,10,12,22,103,30,19,26,074,45,20,15,122,23,22,13,022,19,8*7C
$GBGSV,3,2,10,24,26,233,28,26,51,288,20,29,22,117,29,31,37,253,19,8*78
$GBGSV,3,3,10,35,59,174,25,39,27,001,46,8*7D
$GBGSV,1,1,01,11,02,109,,0*4C
$GNGLL,3001.74316,S,05112.75022,W,171159.00,A,A*72
$GNRMC,171200.00,A,3001.74316,S,05112.75023,W,0.018,,090926,,,A,V*12
$GNVTG,,T,,M,0.018,N,0.033,K,A*34
$GNGGA,171200.00,3001.74316,S,05112.75023,W,1,12,0.58,50.5,M,4.8,M,,*4B
$GNGSA,M,3,12,13,18,23,25,26,28,29,31,05,,,1.14,0.58,0.99,1*08
$GNGSA,M,3,16,25,36,02,10,11,,,,,,,1.14,0.58,0.99,3*00
$GNGSA,M,3,12,19,20,22,24,26,29,31,35,39,,,1.14,0.58,0.99,4*0F
$GPGSV,3,1,10,05,34,128,44,10,02,342,34,12,17,034,35,13,11,030,22,1*6A
$GPGSV,3,2,10,18,68,250,19,23,28,357,42,25,49,019,50,26,29,227,24,1*69
$GPGSV,3,3,10,29,57,142,39,31,20,263,21,1*65
$GPGSV,3,1,12,05,34,128,40,10,02,342,34,12,17,034,29,13,11,030,21,6*65
$GPGSV,3,2,12,15,11,061,14,18,68,250,16,23,28,357,40,25,49,019,45,6*6D
$GPGSV,3,3,12,26,29,227,21,28,21,295,17,29,57,142,29,31,20,263,27,6*6D
$GPGSV,2,1,07,10,02,342,28,13,11,030,27,18,68,250,26,23,28,357,46,8*6D
$GPGSV,2,2,07,25,49,019,53,26,29,227,23,28,21,295,18,8*59
$GPGSV,1,1,03,16,01,219,,20,03,088,,21,05,143,,0*5B
$GAGSV,2,1,07,02,35,221,17,10,34,142,35,11,62,156,22,14,21,088,31,1*77
$GAGSV,2,2,07,16,36,041,41,25,88,043,36,36,59,293,21,1*47
$GAGSV,1,1,02,16,36,041,50,25,88,043,37,5*75
$GAGSV,2,1,06,10,34,142,32,11,62,156,27,14,21,088,27,16,36,041,47,7*72
$GAGSV,2,2,06,25,88,043,37,36,59,293,22,7*70
$GAGSV,1,1,02,12,12,137,,34,10,310,,0*77
$GBGSV,3,1,10,12,22,103,27,19,26,074,45,20,15,122,09,22,13,022,31,3*73
$GBGSV,3,2,10,24,26,233,22,26,51,288,16,29,22,117,37,31,37,253,13,3*79
$GBGSV,3,3,10,35,59,174,28,39,27,001,48,3*75
$GBGSV,3,1,10,12,22,103,31,19,26,074,49,20,15,122,18,22,13,022,27,5*79
$GBGSV,3,2,10,24,26,233,13,26,51,288,21,29,22,117,28,31,37,253,16,5*72
$GBGSV,3,3,10,35,59,174,22,39,27,001,44,5*75
$GBGSV,3,1,10,12,22,103,29,19,26,074,45,20,15,122,23,22,13,022,19,8*74
$GBGSV,3,2,10,24,26,233,28,26,51,288,20,29,22,117,29,31,37,253,19,8*78
$GBGSV,3,3,10,35,59,174,25,39,27,001,46,8*7D
$GBGSV,1,1,01,11,02,109,,0*4C
$GNGLL,3001.74316,S,05112.75023,W,171200.00,A,A*7C
$GNRMC,171201.00,A,3001.74316,S,05112.75023,W,0.017,,090926,,,A,V*1C
$GNVTG,,T,,M,0.017,N,0.031,K,A*39
$GNGGA,171201.00,3001.74316,S,05112.75023,W,1,12,0.58,50.5,M,4.8,M,,*4A
$GNGSA,M,3,12,13,18,23,25,26,28,29,31,05,,,1.18,0.58,1.02,1*07
$GNGSA,M,3,16,25,36,02,10,11,,,,,,,1.18,0.58,1.02,3*0F
$GNGSA,M,3,12,19,20,22,24,26,29,31,35,39,,,1.18,0.58,1.02,4*00
$GPGSV,3,1,10,05,34,128,44,10,02,342,35,12,17,034,35,13,11,030,22,1*6B
$GPGSV,3,2,10,18,68,250,20,23,28,357,42,25,49,019,50,26,29,227,23,1*64
$GPGSV,3,3,10,29,57,142,39,31,20,263,21,1*65
$GPGSV,3,1,12,05,34,128,39,10,02,342,34,12,17,034,29,13,11,030,21,6*6B
$GPGSV,3,2,12,15,11,061,13,18,68,250,16,23,28,357,40,25,49,019,45,6*6A
$GPGSV,3,3,12,26,29,227,22,28,21,295,17,29,57,142,29,31,20,263,27,6*6E
$GPGSV,2,1,07,10,02,342,28,13,11,030,27,18,68,250,26,23,28,357,46,8*6D
$GPGSV,2,2,07,25,49,019,53,26,29,227,24,28,21,295,19,8*5F
$GPGSV,1,1,03,16,01,219,,20,03,088,,21,05,143,,0*5B
$GAGSV,2,1,07,02,35,221,17,10,34,142,35,11,62,156,22,14,21,088,30,1*76
$GAGSV,2,2,07,16,36,041,41,25,88,043,35,36,59,293,21,1*44
$GAGSV,1,1,02,16,36,041,49,25,88,043,37,5*7D
$GAGSV,2,1,06,10,34,142,33,11,62,156,27,14,21,088,27,16,36,041,47,7*73
$GAGSV,2,2,06,25,88,043,37,36,59,293,23,7*71
$GAGSV,1,1,02,12,12,137,,34,10,310,,0*77
$GBGSV,3,1,10,12,22,103,27,19,26,074,45,20,15,122,09,22,13,022,31,3*73
$GBGSV,3,2,10,24,26,233,21,26,51,288,16,29,22,117,37,31,37,253,14,3*7D
$GBGSV,3,3,10,35,59,174,28,39,27,001,47,3*7A
$GBGSV,3,1,10,12,22,103,31,19,26,074,49,20,15,122,18,22,13,022,27,5*79
$GBGSV,3,2,10,24,26,233,14,26,51,288,21,29,22,117,29,31,37,253,15,5*77
$GBGSV,3,3,10,35,59,174,22,39,27,001,44,5*75
$GBGSV,3,1,10,12,22,103,29,19,26,074,45,20,15,122,22,22,13,022,19,8*75
$GBGSV,3,2,10,24,26,233,29,26,51,288,19,29,22,117,28,31,37,253,20,8*78
$GBGSV,3,3,10,35,59,174,25,39,27,001,46,8*7D
$GBGSV,1,1,01,11,02,109,,0*4C
$GNGLL,3001.74316,S,05112.75023,W,171201.00,A,A*7D
$GNRMC,171202.00,A,3001.74316,S,05112.75023,W,0.008,,090926,,,A,V*11
$GNVTG,,T,,M,0.008,N,0.014,K,A*30
$GNGGA,171202.00,3001.74316,S,05112.75023,W,1,12,0.58,50.5,M,4.8,M,,*49
$GNGSA,M,3,12,13,18,23,25,26,28,29,31,05,,,1.14,0.58,0.99,1*08
$GNGSA,M,3,16,25,36,02,10,11,,,,,,,1.14,0.58,0.99,3*00
$GNGSA,M,3,12,19,20,22,24,26,29,31,35,39,,,1.14,0.58,0.99,4*0F
$GPGSV,3,1,10,05,34,128,44,10,02,342,34,12,17,034,35,13,11,030,23,1*6B
$GPGSV,3,2,10,18,68,250,20,23,28,357,42,25,49,019,50,26,29,227,22,1*65
$GPGSV,3,3,10,29,57,142,39,31,20,263,21,1*65
$GPGSV,3,1,12,05,34,128,39,10,02,342,34,12,17,034,29,13,11,030,21,6*6B
$GPGSV,3,2,12,15,11,061,10,18,68,250,16,23,28,357,40,25,49,019,45,6*69
$GPGSV,3,3,12,26,29,227,22,28,21,295,17,29,57,142,29,31,20,263,27,6*6E
$GPGSV,2,1,07,10,02,342,28,13,11,030,28,18,68,250,26,23,28,357,46,8*62
$GPGSV,2,2,07,25,49,019,53,26,29,227,24,28,21,295,19,8*5F
$GPGSV,1,1,03,16,01,219,,20,03,088,,21,05,143,,0*5B
$GAGSV,2,1,07,02,35,221,18,10,34,142,34,11,62,156,22,14,21,088,30,1*78
$GAGSV,2,2,07,16,36,041,41,25,88,043,35,36,59,293,21,1*44
$GAGSV,1,1,02,16,36,041,49,25,88,043,37,5*7D
$GAGSV,2,1,06,10,34,142,33,11,62,156,27,14,21,088,27,16,36,041,47,7*73
$GAGSV,2,2,06,25,88,043,37,36,59,293,22,7*70
$GAGSV,1,1,02,12,12,137,,34,10,310,,0*77
$GBGSV,3,1,10,12,22,103,26,19,26,074,45,20,15,122,11,22,13,022,31,3*7B
$GBGSV,3,2,10,24,26,233,21,26,51,288,17,29,22,117,37,31,37,253,16,3*7E
$GBGSV,3,3,10,35,59,174,28,39,27,001,47,3*7A
$GBGSV,3,1,11,12,22,103,32,19,26,074,49,20,15,122,17,22,13,022,27,5*74
$GBGSV,3,2,11,24,26,233,15,24,26,233,15,26,51,288,21,29,22,117,29,5*75
$GBGSV,3,3,11,31,37,253,16,35,59,174,23,39,27,001,44,5*40
$GBGSV,3,1,10,12,22,103,29,19,26,074,45,20,15,122,22,22,13,022,19,8*75
$GBGSV,3,2,10,24,26,233,28,26,51,288,19,29,22,117,28,31,37,253,19,8*73
$GBGSV,3,3,10,35,59,174,25,39,27,001,46,8*7D
$GBGSV,1,1,01,11,02,109,,0*4C
$GNGLL,3001.74316,S,05112.75023,W,171202.00,A,A*7E
$GNRMC,171203.00,A,3001.74316,S,05112.75023,W,0.014,,090926,,,A,V*1D
$GNVTG,,T,,M,0.014,N,0.026,K,A*3C
$GNGGA,171203.00,3001.74316,S,05112.75023,W,1,12,0.58,50.5,M,4.8,M,,*48
$GNGSA,M,3,12,13,18,23,25,26,28,29,31,05,,,1.14,0.58,0.99,1*08
$GNGSA,M,3,16,25,36,02,10,11,,,,,,,1.14,0.58,0.99,3*00
$GNGSA,M,3,12,19,20,22,24,26,29,31,35,39,,,1.14,0.58,0.99,4*0F
$GPGSV,3,1,10,05,34,128,44,10,02,342,34,12,17,034,35,13,11,030,22,1*6A
$GPGSV,3,2,10,18,68,250,20,23,28,357,42,25,49,019,50,26,29,227,20,1*67
$GPGSV,3,3,10,29,57,142,39,31,20,263,22,1*66
$GPGSV,3,1,12,05,34,128,39,10,02,342,35,12,17,034,29,13,11,030,22,6*69
$GPGSV,3,2,12,15,11,062,09,18,68,250,15,23,28,357,40,25,49,019,45,6*61
$GPGSV,3,3,12,26,29,227,22,28,21,295,16,29,57,142,29,31,20,263,27,6*6F
$GPGSV,2,1,07,10,02,342,28,13,11,030,28,18,68,250,27,23,28,357,46,8*63
$GPGSV,2,2,07,25,49,019,53,26,29,227,24,28,21,295,19,8*5F
$GPGSV,1,1,03,16,01,219,,20,03,088,,21,05,143,,0*5B
$GAGSV,2,1,07,02,35,221,18,10,34,142,35,11,62,156,22,14,21,088,30,1*79
$GAGSV,2,2,07,16,36,041,41,25,88,043,35,36,59,293,22,1*47
$GAGSV,1,1,02,16,36,041,49,25,88,043,37,5*7D
$GAGSV,2,1,06,10,34,142,33,11,62,156,27,14,21,088,27,16,36,041,47,7*73
$GAGSV,2,2,06,25,88,043,37,36,59,293,22,7*70
$GAGSV,1,1,02,12,12,137,,34,10,310,,0*77
$GBGSV,3,1,10,12,22,103,27,19,26,074,45,20,15,122,12,22,13,022,31,3*79
$GBGSV,3,2,10,24,26,233,21,26,51,288,18,29,22,117,37,31,37,253,13,3*74
$GBGSV,3,3,10,35,59,174,28,39,27,001,48,3*75
$GBGSV,3,1,11,12,22,103,32,19,26,074,49,20,15,122,17,22,13,022,27,5*74
$GBGSV,3,2,11,24,26,233,16,24,26,233,16,26,51,288,21,29,22,117,29,5*75
$GBGSV,3,3,11,31,37,253,16,35,59,174,22,39,27,001,44,5*41
$GBGSV,3,1,10,12,22,103,29,19,26,074,45,20,15,122,23,22,13,022,18,8*75
$GBGSV,3,2,10,24,26,233,28,26,51,288,19,29,22,117,28,31,37,253,19,8*73
$GBGSV,3,3,10,35,59,174,25,39,27,001,46,8*7D
$GBGSV,1,1,01,11,02,109,,0*4C
$GNGLL,3001.74316,S,05112.75023,W,171203.00,A,A*7F
$GNRMC,171204.00,A,3001.74316,S,05112.75024,W,0.011,,090926,,,A,V*18
$GNVTG,,T,,M,0.011,N,0.021,K,A*3E
$GNGGA,171204.00,3001.74316,S,05112.75024,W,1,12,0.58,50.5,M,4.8,M,,*48
$GNGSA,M,3,12,13,18,23,25,26,28,29,31,05,,,1.18,0.58,1.02,1*07
$GNGSA,M,3,16,25,36,02,10,11,,,,,,,1.18,0.58,1.02,3*0F
$GNGSA,M,3,12,19,20,22,24,26,29,31,35,39,,,1.18,0.58,1.02,4*00
$GPGSV,3,1,10,05,34,128,44,10,02,342,34,12,17,034,35,13,11,030,22,1*6A
$GPGSV,3,2,10,18,68,250,20,23,28,357,42,25,49,019,50,26,29,227,19,1*6D
$GPGSV,3,3,10,29,57,142,39,31,20,263,23,1*67
$GPGSV,3,1,11,05,34,128,39,10,02,342,35,12,17,034,29,13,11,030,22,6*6A
$GPGSV,3,2,11,18,68,250,14,23,28,357,41,25,49,019,45,26,29,227,21,6*60
$GPGSV,3,3,11,28,21,295,15,29,57,142,29,31,20,263,27,6*57
$GPGSV,2,1,07,10,02,342,28,13,11,030,28,18,68,250,26,23,28,357,46,8*62
$GPGSV,2,2,07,25,49,019,53,26,29,227,24,28,21,295,19,8*5F
$GPGSV,1,1,04,15,11,062,,16,02,219,,20,03,088,,21,05,143,,0*6F
$GAGSV,2,1,07,02,35,221,18,10,34,142,35,11,62,156,22,14,21,088,30,1*79
$GAGSV,2,2,07,16,36,041,41,25,88,043,35,36,59,293,21,1*44
$GAGSV,1,1,02,16,36,041,50,25,88,043,37,5*75
$GAGSV,2,1,06,10,34,142,33,11,62,156,27,14,21,088,28,16,36,041,47,7*7C
$GAGSV,2,2,06,25,88,043,37,36,59,293,23,7*71
$GAGSV,1,1,02,12,12,137,,34,10,310,,0*77
$GBGSV,3,1,10,12,22,103,27,19,26,074,45,20,15,122,13,22,13,022,32,3*7B
$GBGSV,3,2,10,24,26,233,20,26,51,288,18,29,22,117,37,31,37,253,16,3*70
$GBGSV,3,3,10,35,59,174,28,39,27,001,48,3*75
$GBGSV,3,1,10,12,22,103,32,19,26,074,49,20,15,122,16,22,13,022,27,5*74
$GBGSV,3,2,10,24,26,233,16,26,51,288,21,29,22,117,28,31,37,253,17,5*76
$GBGSV,3,3,10,35,59,174,21,39,27,001,44,5*76
$GBGSV,3,1,10,12,22,103,28,19,26,074,45,20,15,122,22,22,13,022,18,8*75
$GBGSV,3,2,10,24,26,233,28,26,51,288,19,29,22,117,28,31,37,253,19,8*73
$GBGSV,3,3,10,35,59,174,26,39,27,001,46,8*7E
$GBGSV,1,1,01,11,02,109,,0*4C
$GNGLL,3001.74316,S,05112.75024,W,171204.00,A,A*7F
$GNRMC,171205.00,A,3001.74316,S,05112.75024,W,0.024,,090926,,,A,V*1F
$GNVTG,,T,,M,0.024,N,0.045,K,A*3A
$GNGGA,171205.00,3001.74316,S,05112.75024,W,1,12,0.58,50.5,M,4.8,M,,*49
$GNGSA,M,3,12,13,18,23,25,26,29,31,05,,,,1.18,0.58,1.02,1*0D
$GNGSA,M,3,16,25,36,02,10,11,,,,,,,1.18,0.58,1.02,3*0F
$GNGSA,M,3,12,19,20,22,24,26,29,31,35,39,,,1.18,0.58,1.02,4*00
$GPGSV,3,1,10,05,34,128,44,10,02,342,34,12,17,034,35,13,11,030,21,1*69
$GPGSV,3,2,10,18,68,250,20,23,28,357,42,25,49,019,50,26,29,227,18,1*6C
$GPGSV,3,3,10,29,57,142,39,31,20,263,22,1*66
$GPGSV,3,1,11,05,34,128,39,10,02,342,35,12,17,034,29,13,11,030,22,6*6A
$GPGSV,3,2,11,18,68,250,13,23,28,357,41,25,49,019,45,26,29,227,22,6*64
$GPGSV,3,3,11,28,21,295,13,29,57,142,29,31,20,263,27,6*51
$GPGSV,2,1,07,10,02,342,28,13,11,030,28,18,68,250,26,23,28,357,46,8*62
$GPGSV,2,2,07,25,49,019,53,26,29,227,24,28,21,295,19,8*5F
$GPGSV,1,1,04,15,11,062,,16,02,219,,20,03,088,,21,05,143,,0*6F
$GAGSV,2,1,07,02,35,221,18,10,34,142,35,11,62,156,22,14,21,088,30,1*79
$GAGSV,2,2,07,16,36,041,41,25,88,043,35,36,59,293,22,1*47
$GAGSV,1,1,02,16,36,041,49,25,88,043,37,5*7D
$GAGSV,2,1,06,10,34,142,33,11,62,156,27,14,21,088,28,16,36,041,47,7*7C
$GAGSV,2,2,06,25,88,043,37,36,59,293,24,7*76
$GAGSV,1,1,02,12,12,137,,34,10,310,,0*77
$GBGSV,3,1,10,12,22,103,27,19,26,074,45,20,15,122,16,22,13,022,31,3*7D
$GBGSV,3,2,10,24,26,233,21,26,51,288,18,29,22,117,37,31,37,253,15,3*72
$GBGSV,3,3,10,35,59,174,28,39,27,001,48,3*75
$GBGSV,3,1,10,12,22,103,32,19,26,074,49,20,15,122,16,22,13,022,27,5*74
$GBGSV,3,2,10,24,26,233,15,26,51,288,20,29,22,117,29,31,37,253,17,5*75
$GBGSV,3,3,10,35,59,174,21,39,27,001,44,5*76
$GBGSV,3,1,10,12,22,103,28,19,26,074,45,20,15,122,22,22,13,022,17,8*7A
$GBGSV,3,2,10,24,26,233,28,26,51,288,20,29,22,117,28,31,37,253,18,8*78
$GBGSV,3,3,10,35,59,174,26,39,27,001,47,8*7F
$GBGSV,1,1,01,11,02,109,,0*4C
$GNGLL,3001.74316,S,05112.75024,W,171205.00,A,A*7E
$GNRMC,171206.00,A,3001.74316,S,05112.75025,W,0.039,,090926,,,A,V*11
$GNVTG,,T,,M,0.039,N,0.071,K,A*31
$GNGGA,171206.00,3001.74316,S,05112.75025,W,1,12,0.58,50.5,M,4.8,M,,*4B
$GNGSA,M,3,12,13,18,23,25,26,29,31,05,,,,1.18,0.58,1.02,1*0D
$GNGSA,M,3,16,25,36,02,10,11,,,,,,,1.18,0.58,1.02,3*0F
$GNGSA,M,3,12,19,20,22,24,26,29,31,35,39,,,1.18,0.58,1.02,4*00
$GPGSV,3,1,10,05,34,128,44,10,02,342,34,12,17,034,35,13,11,030,21,1*69
$GPGSV,3,2,10,18,68,247,21,23,28,357,42,25,49,019,50,26,29,227,17,1*64
$GPGSV,3,3,10,29,57,142,39,31,20,263,22,1*66
$GPGSV,3,1,10,05,34,128,39,10,02,342,35,12,17,034,29,13,11,030,22,6*6B
$GPGSV,3,2,10,18,68,247,11,23,28,357,41,25,49,019,45,26,29,227,21,6*62
$GPGSV,3,3,10,29,57,142,29,31,20,263,27,6*65
$GPGSV,2,1,07,10,02,342,29,13,11,030,28,18,68,247,26,23,28,357,46,8*65
$GPGSV,2,2,07,25,49,019,53,26,29,227,24,28,21,295,19,8*5F
$GPGSV,1,1,04,15,11,062,,16,02,219,,20,03,088,,21,05,143,,0*6F
$GAGSV,2,1,07,02,35,221,17,10,34,142,35,11,62,156,23,14,21,088,30,1*77
$GAGSV,2,2,07,16,36,041,41,25,88,043,35,36,59,293,22,1*47
$GAGSV,1,1,02,16,36,041,49,25,88,043,37,5*7D
$GAGSV,2,1,06,10,34,142,32,11,62,156,27,14,21,088,28,16,36,041,47,7*7D
$GAGSV,2,2,06,25,88,043,37,36,59,293,23,7*71
$GAGSV,1,1,02,12,12,137,,34,10,310,,0*77
$GBGSV,3,1,10,12,22,103,27,19,26,074,45,20,15,122,07,22,13,022,31,3*7D
$GBGSV,3,2,10,24,26,233,21,26,51,288,18,29,22,117,37,31,37,253,11,3*76
$GBGSV,3,3,10,35,59,174,28,39,27,001,48,3*75
$GBGSV,3,1,10,12,22,103,33,19,26,074,49,20,15,122,15,22,13,022,27,5*76
$GBGSV,3,2,10,24,26,233,14,26,51,288,20,29,22,117,28,31,37,253,17,5*75
$GBGSV,3,3,10,35,59,174,21,39,27,001,44,5*76
$GBGSV,3,1,10,12,22,103,28,19,26,074,45,20,15,122,21,22,13,022,17,8*79
$GBGSV,3,2,10,24,26,233,28,26,51,288,20,29,22,117,28,31,37,253,18,8*78
$GBGSV,3,3,10,35,59,174,26,39,27,001,47,8*7F
$GBGSV,1,1,01,11,02,109,,0*4C
$GNGLL,3001.74316,S,05112.75025,W,171206.00,A,A*7C
$GNRMC,171207.00,A,3001.74316,S,05112.75026,W,0.019,,090926,,,A,V*11
$GNVTG,,T,,M,0.019,N,0.036,K,A*30
$GNGGA,171207.00,3001.74316,S,05112.75026,W,1,12,0.58,50.5,M,4.8,M,,*49
$GNGSA,M,3,12,13,18,23,25,26,29,31,05,,,,1.18,0.58,1.02,1*0D
$GNGSA,M,3,16,25,36,02,10,11,,,,,,,1.18,0.58,1.02,3*0F
$GNGSA,M,3,12,19,20,22,24,26,29,31,35,39,,,1.18,0.58,1.02,4*00
$GPGSV,3,1,10,05,34,128,44,10,02,342,34,12,17,034,35,13,11,030,21,1*69
$GPGSV,3,2,10,18,68,247,20,23,28,357,42,25,49,019,50,26,29,227,17,1*65
$GPGSV,3,3,10,29,57,142,39,31,20,263,22,1*66
$GPGSV,3,1,10,05,34,128,39,10,02,342,36,12,17,034,29,13,11,030,22,6*68
$GPGSV,3,2,10,18,68,247,12,23,28,357,41,25,49,019,45,26,29,227,21,6*61
$GPGSV,3,3,10,29,57,142,30,31,20,263,27,6*6D
$GPGSV,2,1,07,10,02,342,29,13,11,030,27,18,68,247,26,23,28,357,46,8*6A
$GPGSV,2,2,07,25,49,019,53,26,29,227,24,28,21,295,19,8*5F
$GPGSV,1,1,04,15,11,062,,16,02,219,,20,03,088,,21,05,143,,0*6F
$GAGSV,2,1,07,02,35,221,18,10,34,142,35,11,62,156,22,14,21,088,31,1*78
$GAGSV,2,2,07,16,36,041,41,25,88,043,35,36,59,293,21,1*44
$GAGSV,1,1,02,16,36,041,50,25,88,043,37,5*75
$GAGSV,2,1,06,10,34,142,32,11,62,156,27,14,21,088,28,16,36,041,47,7*7D
$GAGSV,2,2,06,25,88,043,37,36,59,293,23,7*71
$GAGSV,1,1,02,12,12,137,,34,10,310,,0*77
$GBGSV,3,1,10,12,22,104,27,19,26,074,45,20,15,122,08,22,13,022,31,3*75
$GBGSV,3,2,10,24,26,233,21,26,51,288,18,29,22,117,37,31,37,253,13,3*74
$GBGSV,3,3,10,35,59,174,28,39,27,001,48,3*75
$GBGSV,3,1,10,12,22,104,33,19,26,074,49,20,15,122,15,22,13,022,27,5*71
$GBGSV,3,2,10,24,26,233,13,26,51,288,21,29,22,117,28,31,37,253,17,5*73
$GBGSV,3,3,10,35,59,174,21,39,27,001,44,5*76
$GBGSV,3,1,10,12,22,104,28,19,26,074,45,20,15,122,22,22,13,022,16,8*7C
$GBGSV,3,2,10,24,26,233,28,26,51,288,20,29,22,117,28,31,37,253,19,8*79
$GBGSV,3,3,10,35,59,174,26,39,27,001,47,8*7F
$GBGSV,1,1,01,11,02,109,,0*4C
$GNGLL,3001.74316,S,05112.75026,W,171207.00,A,A*7E
$GNRMC,171208.00,A,3001.74317,S,05112.75027,W,0.018,,090926,,,A,V*1F
$GNVTG,,T,,M,0.018,N,0.034,K,A*33
$GNGGA,171208.00,3001.74317,S,05112.75027,W,1,12,0.58,50.5,M,4.8,M,,*46
$GNGSA,M,3,12,13,18,23,25,26,29,31,05,,,,1.18,0.58,1.02,1*0D
$GNGSA,M,3,16,25,36,02,10,11,,,,,,,1.18,0.58,1.02,3*0F
$GNGSA,M,3,12,19,20,22,24,26,29,31,35,39,,,1.18,0.58,1.02,4*00
$GPGSV,3,1,10,05,34,128,44,10,02,342,34,12,17,034,35,13,11,030,22,1*6A
$GPGSV,3,2,10,18,68,247,20,23,28,357,42,25,49,019,50,26,29,227,16,1*64
$GPGSV,3,3,10,29,57,142,39,31,20,263,22,1*66
$GPGSV,3,1,10,05,34,128,39,10,02,342,36,12,17,034,29,13,11,030,22,6*68
$GPGSV,3,2,10,18,68,247,12,23,28,357,41,25,49,019,45,26,29,227,22,6*62
$GPGSV,3,3,10,29,57,142,30,31,20,263,27,6*6D
$GPGSV,2,1,07,10,02,342,29,13,11,030,28,18,68,247,26,23,28,357,46,8*65
$GPGSV,2,2,07,25,49,019,53,26,29,227,24,28,21,295,19,8*5F
$GPGSV,1,1,04,15,11,062,,16,02,219,,20,03,089,,21,05,143,,0*6E
$GAGSV,2,1,07,02,35,221,17,10,34,142,35,11,62,156,23,14,21,088,31,1*76
$GAGSV,2,2,07,16,36,041,41,25,88,043,35,36,59,293,21,1*44
$GAGSV,1,1,02,16,36,041,49,25,88,043,37,5*7D
$GAGSV,2,1,06,10,34,142,33,11,62,156,27,14,21,088,28,16,36,041,47,7*7C
$GAGSV,2,2,06,25,88,043,37,36,59,293,24,7*76
$GAGSV,1,1,02,12,12,137,,34,10,310,,0*77
$GBGSV,3,1,10,12,22,104,26,19,26,074,45,20,15,122,12,22,13,022,31,3*7F
$GBGSV,3,2,10,24,26,233,22,26,51,288,17,29,22,117,37,31,37,253,14,3*7F
$GBGSV,3,3,10,35,59,174,28,39,27,001,48,3*75
$GBGSV,3,1,10,12,22,104,33,19,26,074,49,20,15,122,16,22,13,022,27,5*72
$GBGSV,3,2,10,24,26,233,11,26,51,288,21,29,22,117,28,31,37,253,18,5*7E
$GBGSV,3,3,10,35,59,174,21,39,27,001,44,5*76
$GBGSV,3,1,10,12,22,104,28,19,26,074,45,20,15,122,22,22,13,022,15,8*7F
$GBGSV,3,2,10,24,26,233,29,26,51,288,19,29,22,117,27,31,37,253,18,8*7C
$GBGSV,3,3,10,35,59,174,26,39,27,001,47,8*7F
$GBGSV,1,1,01,11,02,109,,0*4C
$GNGLL,3001.74317,S,05112.75027,W,171208.00,A,A*71
$GNRMC,171209.00,A,3001.74317,S,05112.75027,W,0.008,,090926,,,A,V*1F
$GNVTG,,T,,M,0.008,N,0.015,K,A*31
$GNGGA,171209.00,3001.74317,S,05112.75027,W,1,12,0.58,50.5,M,4.8,M,,*47
$GNGSA,M,3,12,13,18,23,25,26,29,31,05,,,,1.18,0.58,1.02,1*0D
$GNGSA,M,3,16,25,36,02,10,11,,,,,,,1.18,0.58,1.02,3*0F
$GNGSA,M,3,12,19,20,22,24,26,29,31,35,39,,,1.18,0.58,1.02,4*00
$GPGSV,3,1,10,05,34,128,43,10,02,342,34,12,17,034,35,13,11,030,22,1*6D
$GPGSV,3,2,10,18,68,247,19,23,28,357,42,25,49,019,50,26,29,227,16,1*6E
$GPGSV,3,3,10,29,57,142,39,31,20,263,21,1*65
$GPGSV,3,1,10,05,34,128,39,10,02,342,36,12,17,034,29,13,11,030,22,6*68
$GPGSV,3,2,10,18,68,247,11,23,28,357,41,25,49,019,45,26,29,227,22,6*61
$GPGSV,3,3,10,29,57,142,30,31,20,263,27,6*6D
$GPGSV,2,1,07,10,02,342,29,13,11,030,27,18,68,247,26,23,28,357,46,8*6A
$GPGSV,2,2,07,25,49,019,53,26,29,227,24,28,21,295,19,8*5F
$GPGSV,1,1,04,15,11,062,,16,02,219,,20,03,089,,21,05,144,,0*69
$GAGSV,2,1,07,02,35,221,17,10,34,142,35,11,62,156,22,14,21,088,31,1*77
$GAGSV,2,2,07,16,36,041,41,25,88,043,35,36,59,293,21,1*44
$GAGSV,1,1,02,16,36,041,50,25,88,043,37,5*75
$GAGSV,2,1,06,10,34,142,32,11,62,156,27,14,21,088,28,16,36,041,47,7*7D
$GAGSV,2,2,06,25,88,043,37,36,59,293,25,7*77
$GAGSV,1,1,02,12,12,137,,34,10,310,,0*77
$GBGSV,3,1,10,12,22,104,26,19,26,074,45,20,15,122,17,22,13,022,31,3*7A
$GBGSV,3,2,10,24,26,233,22,26,51,288,19,29,22,117,37,31,37,253,14,3*71
$GBGSV,3,3,10,35,59,174,28,39,27,001,47,3*7A
$GBGSV,3,1,09,12,22,104,33,19,26,074,49,20,15,122,15,22,13,022,28,5*76
$GBGSV,3,2,09,26,51,288,21,29,22,117,28,31,37,253,17,35,59,174,21,5*72
$GBGSV,3,3,09,39,27,001,44,5*45
$GBGSV,3,1,10,12,22,104,28,19,26,074,45,20,15,122,22,22,13,022,15,8*7F
$GBGSV,3,2,10,24,26,233,29,26,51,288,19,29,22,117,28,31,37,253,18,8*73
$GBGSV,3,3,10,35,59,174,26,39,27,001,47,8*7F
$GBGSV,1,1,01,11,02,109,,0*4C
$GNGLL,3001.74317,S,05112.75027,W,171209.00,A,A*70
$GNRMC,171210.00,A,3001.74316,S,05112.75027,W,0.010,,090926,,,A,V*1F
$GNVTG,,T,,M,0.010,N,0.018,K,A*35
$GNGGA,171210.00,3001.74316,S,05112.75027,W,1,12,0.58,50.5,M,4.8,M,,*4E
$GNGSA,M,3,12,13,18,23,25,26,29,31,05,,,,1.18,0.58,1.02,1*0D
$GNGSA,M,3,16,25,36,02,10,11,,,,,,,1.18,0.58,1.02,3*0F
$GNGSA,M,3,12,19,20,22,24,26,29,31,35,39,,,1.18,0.58,1.02,4*00
$GPGSV,3,1,10,05,34,128,43,10,02,342,34,12,17,034,35,13,11,030,22,1*6D
$GPGSV,3,2,10,18,68,247,20,23,28,357,42,25,49,019,50,26,29,227,17,1*65
$GPGSV,3,3,10,29,57,142,39,31,20,263,22,1*66
$GPGSV,3,1,10,05,34,128,39,10,02,342,35,12,17,034,29,13,11,030,22,6*6B
$GPGSV,3,2,10,18,68,247,12,23,28,357,41,25,49,019,45,26,29,227,21,6*61
$GPGSV,3,3,10,29,57,142,30,31,20,263,27,6*6D
$GPGSV,2,1,07,10,02,342,29,13,11,030,27,18,68,247,26,23,28,357,46,8*6A
$GPGSV,2,2,07,25,49,019,53,26,29,227,24,28,21,295,19,8*5F
$GPGSV,1,1,04,15,11,062,,16,02,219,,20,03,089,,21,05,144,,0*69
$GAGSV,2,1,07,02,35,221,18,10,34,142,35,11,62,156,23,14,21,088,31,1*79
$GAGSV,2,2,07,16,36,041,41,25,88,043,35,36,59,293,21,1*44
$GAGSV,1,1,02,16,36,041,49,25,88,043,37,5*7D
$GAGSV,2,1,06,10,34,142,32,11,62,156,28,14,21,088,28,16,36,041,47,7*72
$GAGSV,2,2,06,25,88,043,37,36,59,293,25,7*77
$GAGSV,1,1,02,12,12,137,,34,10,310,,0*77
$GBGSV,3,1,10,12,22,104,26,19,26,074,45,20,15,122,20,22,13,022,31,3*7E
$GBGSV,3,2,10,24,26,233,22,26,51,288,18,29,22,117,37,31,37,253,13,3*77
$GBGSV,3,3,10,35,59,174,28,39,27,001,47,3*7A
$GBGSV,3,1,10,12,22,104,34,19,26,074,49,20,15,122,15,22,13,022,27,5*76
$GBGSV,3,2,10,24,26,233,19,26,51,288,21,29,22,117,27,31,37,253,16,5*77
$GBGSV,3,3,10,35,59,174,21,39,27,001,44,5*76
$GBGSV,3,1,10,12,22,104,28,19,26,074,45,20,15,122,22,22,13,022,15,8*7F
$GBGSV,3,2,10,24,26,233,29,26,51,288,19,29,22,117,28,31,37,253,18,8*73
$GBGSV,3,3,10,35,59,174,26,39,27,001,47,8*7F
$GBGSV,1,1,01,11,02,109,,0*4C
$GNGLL,3001.74316,S,05112.75027,W,171210.00,A,A*79
$GNRMC,171211.00,A,3001.74316,S,05112.75027,W,0.003,,090926,,,A,V*1C
$GNVTG,,T,,M,0.003,N,0.006,K,A*38
$GNGGA,171211.00,3001.74316,S,05112.75027,W,1,12,0.58,50.5,M,4.8,M,,*4F
$GNGSA,M,3,12,13,18,23,25,26,29,31,05,,,,1.18,0.58,1.02,1*0D
$GNGSA,M,3,16,25,36,02,10,11,,,,,,,1.18,0.58,1.02,3*0F
$GNGSA,M,3,12,19,20,22,24,26,29,31,35,39,,,1.18,0.58,1.02,4*00
$GPGSV,3,1,10,05,34,128,44,10,02,342,34,12,17,034,35,13,11,030,21,1*69
$GPGSV,3,2,10,18,68,247,20,23,29,357,42,25,49,019,50,26,29,227,17,1*64
$GPGSV,3,3,10,29,57,142,39,31,20,263,22,1*66
$GPGSV,3,1,10,05,34,128,39,10,02,342,35,12,17,034,29,13,11,030,21,6*68
$GPGSV,3,2,10,18,68,247,10,23,29,357,41,25,49,019,45,26,29,227,21,6*62
$GPGSV,3,3,10,29,57,142,30,31,20,263,27,6*6D
$GPGSV,2,1,07,10,02,342,29,13,11,030,28,18,68,247,26,23,29,357,46,8*64
$GPGSV,2,2,07,25,49,019,53,26,29,227,24,28,21,295,20,8*55
$GPGSV,1,1,04,15,11,062,,16,02,219,,20,03,089,,21,05,144,,0*69
$GAGSV,2,1,07,02,35,221,18,10,34,142,35,11,62,156,23,14,21,088,31,1*79
$GAGSV,2,2,07,16,36,041,41,25,88,043,36,36,59,293,21,1*47
$GAGSV,1,1,02,16,36,041,49,25,88,043,37,5*7D
$GAGSV,2,1,06,10,34,142,32,11,62,156,28,14,21,088,28,16,36,041,47,7*72
$GAGSV,2,2,06,25,88,043,37,36,59,293,24,7*76
$GAGSV,1,1,02,12,12,137,,34,10,310,,0*77
$GBGSV,3,1,10,12,22,104,26,19,26,074,45,20,15,122,22,22,13,022,31,3*7C
$GBGSV,3,2,10,24,26,233,22,26,51,288,18,29,22,117,37,31,37,253,15,3*71
$GBGSV,3,3,10,35,59,174,28,39,27,001,48,3*75
$GBGSV,3,1,10,12,22,104,34,19,26,074,49,20,15,122,15,22,13,022,27,5*76
$GBGSV,3,2,10,24,26,233,19,26,51,288,21,29,22,117,27,31,37,253,16,5*77
$GBGSV,3,3,10,35,59,174,21,39,27,001,44,5*76
$GBGSV,3,1,10,12,22,104,28,19,26,074,45,20,15,122,22,22,13,022,13,8*79
$GBGSV,3,2,10,24,26,233,29,26,51,288,19,29,22,117,27,31,37,253,19,8*7D
$GBGSV,3,3,10,35,59,174,26,39,27,001,47,8*7F
$GBGSV,1,1,01,11,02,109,,0*4C
$GNGLL,3001.74316,S,05112.75027,W,171211.00,A,A*78
$GNRMC,171212.00,A,3001.74316,S,05112.75027,W,0.012,,090926,,,A,V*1F
$GNVTG,,T,,M,0.012,N,0.023,K,A*3F
$GNGGA,171212.00,3001.74316,S,05112.75027,W,1,12,0.58,50.5,M,4.8,M,,*4C
$GNGSA,M,3,12,13,18,23,25,26,29,31,05,,,,1.18,0.58,1.02,1*0D
$GNGSA,M,3,16,25,36,02,10,11,,,,,,,1.18,0.58,1.02,3*0F
$GNGSA,M,3,12,19,20,22,24,26,29,31,35,39,,,1.18,0.58,1.02,4*00
$GPGSV,3,1,10,05,34,128,43,10,02,342,33,12,17,034,35,13,11,030,22,1*6A
$GPGSV,3,2,10,18,68,247,20,23,29,357,42,25,49,019,50,26,29,227,17,1*64
$GPGSV,3,3,10,29,57,142,39,31,20,263,23,1*67
$GPGSV,3,1,10,05,34,128,39,10,02,342,34,12,17,034,29,13,11,030,22,6*6A
$GPGSV,3,2,10,18,68,247,13,23,29,357,41,25,49,019,45,26,29,227,21,6*61
$GPGSV,3,3,10,29,57,142,30,31,20,263,27,6*6D
$GPGSV,2,1,07,10,02,342,29,13,11,030,27,18,68,247,26,23,29,357,46,8*6B
$GPGSV,2,2,07,25,49,019,53,26,29,227,24,28,21,295,20,8*55
$GPGSV,1,1,04,15,11,062,,16,02,219,,20,03,089,,21,05,144,,0*69
$GAGSV,2,1,07,02,35,221,18,10,34,142,35,11,62,156,23,14,21,088,31,1*79
$GAGSV,2,2,07,16,36,041,41,25,88,043,35,36,59,293,21,1*44
$GAGSV,1,1,02,16,36,041,49,25,88,043,37,5*7D
$GAGSV,2,1,06,10,34,142,32,11,62,156,28,14,21,088,28,16,36,041,47,7*72
$GAGSV,2,2,06,25,88,043,37,36,59,293,25,7*77
$GAGSV,1,1,02,12,12,137,,34,10,310,,0*77
$GBGSV,3,1,10,12,22,104,26,19,26,074,45,20,15,122,22,22,13,022,31,3*7C
$GBGSV,3,2,10,24,26,233,23,26,51,288,18,29,22,117,37,31,37,253,15,3*70
$GBGSV,3,3,10,35,59,174,28,39,27,001,48,3*75
$GBGSV,3,1,10,12,22,104,34,19,26,074,49,20,15,122,15,22,13,022,27,5*76
$GBGSV,3,2,10,24,26,233,18,26,51,288,21,29,22,117,27,31,37,253,17,5*77
$GBGSV,3,3,10,35,59,174,20,39,27,001,44,5*77
$GBGSV,3,1,10,12,22,104,27,19,26,074,45,20,15,122,21,22,13,022,12,8*74
$GBGSV,3,2,10,24,26,233,29,26,51,288,19,29,22,117,27,31,37,253,18,8*7C
$GBGSV,3,3,10,35,59,174,27,39,27,001,47,8*7E
$GBGSV,1,1,01,11,02,109,,0*4C
$GNGLL,3001.74316,S,05112.75027,W,171212.00,A,A*7B
$GNRMC,171213.00,A,3001.74316,S,05112.75027,W,0.013,,090926,,,A,V*1F
$GNVTG,,T,,M,0.013,N,0.023,K,A*3E
$GNGGA,171213.00,3001.74316,S,05112.75027,W,1,12,0.58,50.5,M,4.8,M,,*4D
$GNGSA,M,3,12,13,18,23,25,26,29,31,05,,,,1.18,0.58,1.02,1*0D
$GNGSA,M,3,16,25,36,02,10,11,,,,,,,1.18,0.58,1.02,3*0F
$GNGSA,M,3,12,19,20,22,24,26,29,31,35,39,,,1.18,0.58,1.02,4*00
$GPGSV,3,1,10,05,34,128,43,10,02,342,33,12,17,034,35,13,11,030,22,1*6A
$GPGSV,3,2,10,18,68,247,20,23,29,357,42,25,49,019,50,26,29,227,17,1*64
$GPGSV,3,3,10,29,57,142,39,31,20,263,23,1*67
$GPGSV,3,1,10,05,34,128,39,10,02,342,34,12,17,034,29,13,11,030,21,6*69
$GPGSV,3,2,10,18,68,247,13,23,29,357,41,25,49,019,45,26,29,227,21,6*61
$GPGSV,3,3,10,29,57,142,30,31,20,263,27,6*6D
$GPGSV,2,1,07,10,02,342,29,13,11,030,27,18,68,247,26,23,29,357,46,8*6B
$GPGSV,2,2,07,25,49,019,53,26,29,227,24,28,21,295,20,8*55
$GPGSV,1,1,04,15,11,062,,16,02,219,,20,03,089,,21,05,144,,0*69
$GAGSV,2,1,07,02,35,221,17,10,34,142,35,11,62,156,23,14,21,088,30,1*77
$GAGSV,2,2,07,16,36,041,41,25,88,043,35,36,59,293,21,1*44
$GAGSV,1,1,02,16,36,041,49,25,88,043,37,5*7D
$GAGSV,2,1,06,10,34,142,32,11,62,156,28,14,21,088,29,16,36,041,47,7*73
$GAGSV,2,2,06,25,88,043,37,36,59,293,25,7*77
$GAGSV,1,1,02,12,12,137,,34,10,310,,0*77
$GBGSV,3,1,10,12,22,104,26,19,26,074,45,20,15,122,22,22,13,022,31,3*7C
$GBGSV,3,2,10,24,26,233,23,26,51,288,18,29,22,117,37,31,37,253,14,3*71
$GBGSV,3,3,10,35,59,174,28,39,27,001,47,3*7A
$GBGSV,3,1,10,12,22,104,34,19,26,074,49,20,15,122,16,22,13,022,28,5*7A
$GBGSV,3,2,10,24,26,233,18,26,51,288,20,29,22,117,26,31,37,253,18,5*78
$GBGSV,3,3,10,35,59,174,20,39,27,001,44,5*77
$GBGSV,3,1,10,12,22,104,27,19,26,074,45,20,15,122,21,22,13,022,12,8*74
$GBGSV,3,2,10,24,26,233,29,26,51,288,19,29,22,117,27,31,37,253,18,8*7C
$GBGSV,3,3,10,35,59,174,27,39,27,001,47,8*7E
$GBGSV,1,1,01,11,02,109,,0*4C
$GNGLL,3001.74316,S,05112.75027,W,171213.00,A,A*7A
$GNRMC,171214.00,A,3001.74316,S,05112.75028,W,0.001,,090926,,,A,V*14
$GNVTG,,T,,M,0.001,N,0.002,K,A*3E
$GNGGA,171214.00,3001.74316,S,05112.75028,W,1,12,0.58,50.5,M,4.8,M,,*45
$GNGSA,M,3,12,13,18,23,25,26,29,31,05,,,,1.18,0.58,1.02,1*0D
$GNGSA,M,3,16,25,36,02,10,11,,,,,,,1.18,0.58,1.02,3*0F
$GNGSA,M,3,12,19,20,22,24,26,29,31,35,39,,,1.18,0.58,1.02,4*00
$GPGSV,3,1,10,05,34,128,43,10,02,342,33,12,17,034,35,13,11,030,21,1*69
$GPGSV,3,2,10,18,68,247,20,23,29,357,42,25,49,019,50,26,29,227,17,1*64
$GPGSV,3,3,10,29,57,142,39,31,20,263,24,1*60
$GPGSV,3,1,10,05,34,128,39,10,02,342,33,12,17,034,29,13,11,030,22,6*6D
$GPGSV,3,2,10,18,68,247,12,23,29,357,41,25,49,019,45,26,29,227,21,6*60
$GPGSV,3,3,10,29,57,142,30,31,20,263,27,6*6D
$GPGSV,2,1,07,10,02,342,28,13,11,030,27,18,68,247,27,23,29,357,46,8*6B
$GPGSV,2,2,07,25,49,019,53,26,29,227,24,28,21,295,21,8*54
$GPGSV,1,1,04,15,11,062,,16,02,219,,20,03,089,,21,05,144,,0*69
$GAGSV,2,1,07,02,35,221,17,10,34,142,35,11,62,156,23,14,21,088,30,1*77
$GAGSV,2,2,07,16,36,041,41,25,88,043,36,36,59,293,20,1*46
$GAGSV,1,1,02,16,36,041,49,25,88,043,37,5*7D
$GAGSV,2,1,06,10,34,142,32,11,62,156,28,14,21,088,29,16,36,041,47,7*73
$GAGSV,2,2,06,25,88,043,37,36,59,293,25,7*77
$GAGSV,1,1,02,12,12,137,,34,10,310,,0*77
$GBGSV,3,1,10,12,22,104,26,19,26,074,45,20,15,122,22,22,13,022,30,3*7D
$GBGSV,3,2,10,24,26,233,24,26,51,288,19,29,22,117,37,31,37,253,15,3*76
$GBGSV,3,3,10,35,59,174,28,39,27,001,47,3*7A
$GBGSV,3,1,10,12,22,104,34,19,26,074,49,20,15,122,16,22,13,022,27,5*75
$GBGSV,3,2,10,24,26,233,16,26,51,288,20,29,22,117,26,31,37,253,17,5*79
$GBGSV,3,3,10,35,59,174,20,39,27,001,44,5*77
$GBGSV,3,1,10,12,22,104,27,19,26,074,45,20,15,122,22,22,13,022,13,8*76
$GBGSV,3,2,10,24,26,233,29,26,51,288,19,29,22,117,27,31,37,253,18,8*7C
$GBGSV,3,3,10,35,59,174,27,39,27,001,47,8*7E
$GBGSV,1,1,01,11,02,109,,0*4C
$GNGLL,3001.74316,S,05112.75028,W,171214.00,A,A*72
$GNRMC,171215.00,A,3001.74315,S,05112.75028,W,0.012,,090926,,,A,V*14
$GNVTG,,T,,M,0.012,N,0.022,K,A*3E
$GNGGA,171215.00,3001.74315,S,05112.75028,W,1,12,0.58,50.5,M,4.8,M,,*47
$GNGSA,M,3,12,13,18,23,25,26,29,31,05,,,,1.18,0.58,1.02,1*0D
$GNGSA,M,3,16,25,36,02,10,11,,,,,,,1.18,0.58,1.02,3*0F
$GNGSA,M,3,12,19,20,22,24,26,29,31,35,39,,,1.18,0.58,1.02,4*00
$GPGSV,3,1,10,05,34,128,43,10,02,342,33,12,17,034,35,13,11,030,20,1*68
$GPGSV,3,2,10,18,68,247,20,23,29,357,42,25,49,019,50,26,29,227,17,1*64
$GPGSV,3,3,10,29,57,142,39,31,20,263,24,1*60
$GPGSV,3,1,10,05,34,128,39,10,02,342,33,12,17,034,29,13,11,030,22,6*6D
$GPGSV,3,2,10,18,68,247,10,23,29,357,41,25,49,019,45,26,29,227,20,6*63
$GPGSV,3,3,10,29,57,142,30,31,20,263,27,6*6D
$GPGSV,2,1,07,10,02,342,28,13,11,030,28,18,68,247,27,23,29,357,46,8*64
$GPGSV,2,2,07,25,49,019,53,26,29,227,24,28,21,295,21,8*54
$GPGSV,1,1,04,15,11,062,,16,02,219,,20,03,089,,21,05,144,,0*69
$GAGSV,2,1,07,02,35,221,17,10,34,142,35,11,62,156,23,14,21,088,30,1*77
$GAGSV,2,2,07,16,36,041,41,25,88,043,35,36,59,293,21,1*44
$GAGSV,1,1,02,16,36,041,49,25,88,043,37,5*7D
$GAGSV,2,1,06,10,34,142,32,11,62,156,28,14,21,088,29,16,36,041,47,7*73
$GAGSV,2,2,06,25,88,043,37,36,59,293,25,7*77
$GAGSV,1,1,02,12,12,137,,34,10,310,,0*77
$GBGSV,3,1,10,12,22,104,26,19,26,074,45,20,15,122,23,22,13,022,31,3*7D
$GBGSV,3,2,10,24,26,233,24,26,51,288,20,29,22,117,37,31,37,253,14,3*7D
$GBGSV,3,3,10,35,59,174,28,39,27,001,47,3*7A
$GBGSV,3,1,10,12,22,104,34,19,26,074,49,20,15,122,16,22,13,022,28,5*7A
$GBGSV,3,2,10,24,26,233,18,26,51,288,20,29,22,117,26,31,37,253,16,5*76
$GBGSV,3,3,10,35,59,174,20,39,27,001,44,5*77
$GBGSV,3,1,10,12,22,104,27,19,26,074,45,20,15,122,22,22,13,022,13,8*76
$GBGSV,3,2,10,24,26,233,29,26,51,288,19,29,22,117,27,31,37,253,17,8*73
$GBGSV,3,3,10,35,59,174,27,39,27,001,47,8*7E
$GBGSV,1,1,01,11,02,109,,0*4C
$GNGLL,3001.74315,S,05112.75028,W,171215.00,A,A*70
$GNRMC,171216.00,A,3001.74315,S,05112.75028,W,0.004,,090926,,,A,V*10
$GNVTG,,T,,M,0.004,N,0.007,K,A*3E
$GNGGA,171216.00,3001.74315,S,05112.75028,W,1,12,0.58,50.5,M,4.8,M,,*44
$GNGSA,M,3,12,13,18,23,25,26,29,31,05,,,,1.18,0.58,1.02,1*0D
$GNGSA,M,3,16,25,36,02,10,11,,,,,,,1.18,0.58,1.02,3*0F
$GNGSA,M,3,12,19,20,22,24,26,29,31,35,39,,,1.18,0.58,1.02,4*00
$GPGSV,3,1,10,05,34,128,43,10,02,342,33,12,17,034,35,13,11,030,21,1*69
$GPGSV,3,2,10,18,68,247,20,23,29,357,42,25,49,019,50,26,29,227,18,1*6B
$GPGSV,3,3,10,29,57,142,39,31,20,263,24,1*60
$GPGSV,3,1,10,05,34,128,39,10,02,342,33,12,17,034,29,13,11,030,22,6*6D
$GPGSV,3,2,10,18,68,247,12,23,29,357,41,25,49,019,45,26,29,227,20,6*61
$GPGSV,3,3,10,29,57,142,30,31,20,263,27,6*6D
$GPGSV,2,1,07,10,02,342,28,13,11,030,27,18,68,247,27,23,29,357,46,8*6B
$GPGSV,2,2,07,25,49,019,53,26,29,227,23,28,20,296,21,8*51
$GPGSV,1,1,04,15,11,062,,16,02,219,,20,03,089,,21,05,144,,0*69
$GAGSV,2,1,07,02,35,221,17,10,34,142,35,11,62,156,23,14,21,088,30,1*77
$GAGSV,2,2,07,16,36,041,41,25,88,043,35,36,59,293,21,1*44
$GAGSV,1,1,02,16,36,041,49,25,88,043,37,5*7D
$GAGSV,2,1,06,10,34,142,32,11,62,156,28,14,21,088,29,16,36,041,47,7*73
$GAGSV,2,2,06,25,88,043,37,36,59,293,25,7*77
$GAGSV,1,1,02,12,12,137,,34,10,310,,0*77
$GBGSV,3,1,10,12,22,104,26,19,26,074,45,20,15,122,23,22,13,022,31,3*7D
$GBGSV,3,2,10,24,26,233,24,26,51,288,20,29,22,117,37,31,37,253,14,3*7D
$GBGSV,3,3,10,35,59,174,27,39,27,001,47,3*75
$GBGSV,3,1,10,12,22,104,34,19,26,074,49,20,15,122,16,22,13,022,27,5*75
$GBGSV,3,2,10,24,26,233,19,26,51,288,20,29,22,117,26,31,37,253,17,5*76
$GBGSV,3,3,10,35,59,174,20,39,27,001,44,5*77
$GBGSV,3,1,09,12,22,104,27,19,26,074,45,20,15,122,21,24,26,233,29,8*76
$GBGSV,3,2,09,26,51,288,19,29,22,117,27,31,37,253,17,35,59,174,27,8*7D
$GBGSV,3,3,09,39,27,001,47,8*4B
$GBGSV,1,1,01,11,02,109,,0*4C
$GNGLL,3001.74315,S,05112.75028,W,171216.00,A,A*73
$GNRMC,171217.00,A,3001.74315,S,05112.75027,W,0.013,,090926,,,A,V*18
$GNVTG,,T,,M,0.013,N,0.024,K,A*39
$GNGGA,171217.00,3001.74315,S,05112.75027,W,1,12,0.58,50.5,M,4.8,M,,*4A
$GNGSA,M,3,12,13,18,23,25,26,29,31,05,,,,1.18,0.58,1.02,1*0D
$GNGSA,M,3,16,25,36,02,10,11,,,,,,,1.18,0.58,1.02,3*0F
$GNGSA,M,3,12,19,20,22,24,26,29,31,35,39,,,1.18,0.58,1.02,4*00
$GPGSV,3,1,10,05,34,128,43,10,02,342,33,12,17,034,35,13,11,030,21,1*69
$GPGSV,3,2,10,18,68,247,20,23,29,357,42,25,49,019,50,26,29,227,18,1*6B
$GPGSV,3,3,10,29,57,141,39,31,20,263,24,1*63
$GPGSV,3,1,10,05,34,128,39,10,02,342,33,12,17,034,29,13,11,030,22,6*6D
$GPGSV,3,2,10,18,68,247,11,23,29,357,41,25,49,019,45,26,29,227,21,6*63
$GPGSV,3,3,10,29,57,141,31,31,20,263,27,6*6F
$GPGSV,2,1,07,10,02,342,27,13,11,030,27,18,68,247,27,23,29,357,46,8*64
$GPGSV,2,2,07,25,49,019,53,26,29,227,24,28,20,296,21,8*56
$GPGSV,1,1,04,15,11,062,,16,02,219,,20,03,089,,21,05,144,,0*69
$GAGSV,2,1,07,02,35,221,18,10,34,142,34,11,62,156,23,14,21,088,30,1*79
$GAGSV,2,2,07,16,36,041,41,25,88,043,35,36,59,293,20,1*45
$GAGSV,1,1,02,16,36,041,49,25,88,043,37,5*7D
$GAGSV,2,1,06,10,34,142,32,11,62,156,28,14,21,088,29,16,36,041,47,7*73
$GAGSV,2,2,06,25,88,043,37,36,59,293,25,7*77
$GAGSV,1,1,02,12,12,137,,34,10,310,,0*77
$GBGSV,3,1,10,12,22,104,26,19,26,074,45,20,15,122,23,22,13,022,31,3*7D
$GBGSV,3,2,10,24,26,233,24,26,51,288,20,29,22,117,37,31,37,253,15,3*7C
$GBGSV,3,3,10,35,59,174,28,39,27,001,47,3*7A
$GBGSV,3,1,10,12,22,104,34,19,26,074,49,20,15,122,15,22,13,022,27,5*76
$GBGSV,3,2,10,24,26,233,19,26,51,288,20,29,22,117,26,31,37,253,17,5*76
$GBGSV,3,3,10,35,59,174,20,39,27,001,44,5*77
$GBGSV,3,1,09,12,22,104,27,19,26,074,45,20,15,122,21,24,26,233,29,8*76
$GBGSV,3,2,09,26,51,288,19,29,22,117,27,31,37,253,17,35,59,174,27,8*7D
$GBGSV,3,3,09,39,27,001,47,8*4B
$GBGSV,1,1,01,11,02,109,,0*4C
$GNGLL,3001.74315,S,05112.75027,W,171217.00,A,A*7D
$GNRMC,171218.00,A,3001.74315,S,05112.75027,W,0.039,,090926,,,A,V*1F
$GNVTG,,T,,M,0.039,N,0.072,K,A*32
$GNGGA,171218.00,3001.74315,S,05112.75027,W,1,12,0.58,50.5,M,4.8,M,,*45
$GNGSA,M,3,12,13,18,23,25,26,29,31,05,,,,1.18,0.58,1.02,1*0D
$GNGSA,M,3,16,25,36,02,10,11,,,,,,,1.18,0.58,1.02,3*0F
$GNGSA,M,3,12,19,20,22,24,26,29,31,35,39,,,1.18,0.58,1.02,4*00
$GPGSV,3,1,10,05,34,128,43,10,02,342,32,12,17,034,34,13,11,030,21,1*69
$GPGSV,3,2,10,18,68,247,20,23,29,357,42,25,49,019,50,26,29,227,19,1*6A
$GPGSV,3,3,10,29,57,141,39,31,20,263,24,1*63
$GPGSV,1,1,01,28,20,296,19,5*5C
$GPGSV,3,1,10,05,34,128,39,10,02,342,33,12,17,034,29,13,11,030,22,6*6D
$GPGSV,3,2,10,18,68,247,12,23,29,357,41,25,49,019,45,26,29,227,21,6*60
$GPGSV,3,3,10,29,57,141,30,31,20,263,27,6*6E
$GPGSV,2,1,07,10,02,342,27,13,11,030,27,18,68,247,27,23,29,357,46,8*64
$GPGSV,2,2,07,25,49,019,53,26,29,227,24,28,20,296,21,8*56
$GPGSV,1,1,04,15,11,062,,16,02,219,,20,03,089,,21,05,144,,0*69
$GAGSV,2,1,07,02,35,221,16,10,34,142,35,11,62,156,23,14,21,088,30,1*76
$GAGSV,2,2,07,16,36,041,41,25,88,043,36,36,59,293,20,1*46
$GAGSV,1,1,02,16,36,041,49,25,88,043,37,5*7D
$GAGSV,2,1,06,10,34,142,32,11,62,156,28,14,21,088,29,16,36,041,47,7*73
$GAGSV,2,2,06,25,88,043,37,36,59,293,25,7*77
$GAGSV,1,1,02,12,12,137,,34,10,310,,0*77
$GBGSV,3,1,10,12,22,104,26,19,26,074,45,20,15,122,23,22,13,022,31,3*7D
$GBGSV,3,2,10,24,26,233,24,26,51,288,20,29,22,117,37,31,37,253,15,3*7C
$GBGSV,3,3,10,35,59,174,28,39,27,001,48,3*75
$GBGSV,3,1,10,12,22,104,34,19,26,074,49,20,15,122,16,22,13,022,27,5*75
$GBGSV,3,2,10,24,26,233,20,26,51,288,20,29,22,117,26,31,37,253,17,5*7C
$GBGSV,3,3,10,35,59,174,19,39,27,001,44,5*7D
$GBGSV,3,1,09,12,22,104,27,19,26,074,45,20,15,122,21,24,26,233,29,8*76
$GBGSV,3,2,09,26,51,288,19,29,22,117,27,31,37,253,18,35,59,174,27,8*72
$GBGSV,3,3,09,39,27,001,47,8*4B
$GBGSV,1,1,01,11,02,109,,0*4C
$GNGLL,3001.74315,S,05112.75027,W,171218.00,A,A*72
$GNRMC,171219.00,A,3001.74315,S,05112.75027,W,0.010,,090926,,,A,V*15
$GNVTG,,T,,M,0.010,N,0.019,K,A*34
$GNGGA,171219.00,3001.74315,S,05112.75027,W,1,12,0.58,50.5,M,4.8,M,,*44
$GNGSA,M,3,12,13,18,23,25,26,29,31,05,,,,1.18,0.58,1.02,1*0D
$GNGSA,M,3,16,25,36,02,10,11,,,,,,,1.18,0.58,1.02,3*0F
$GNGSA,M,3,12,19,20,22,24,26,29,31,35,39,,,1.18,0.58,1.02,4*00
$GPGSV,3,1,10,05,34,128,43,10,02,342,32,12,17,034,34,13,11,030,21,1*69
$GPGSV,3,2,10,18,68,247,21,23,29,357,42,25,49,019,50,26,29,227,19,1*6B
$GPGSV,3,3,10,29,57,141,40,31,20,264,25,1*6B
$GPGSV,3,1,11,05,34,128,39,10,02,342,32,12,17,034,29,13,11,030,21,6*6E
$GPGSV,3,2,11,18,68,247,13,23,29,357,41,25,49,019,45,26,29,227,21,6*60
$GPGSV,3,3,11,28,20,296,18,29,57,141,31,31,20,264,27,6*55
$GPGSV,2,1,07,10,02,342,27,13,11,030,27,18,68,247,27,23,29,357,46,8*64
$GPGSV,2,2,07,25,49,019,53,26,29,227,25,28,20,296,21,8*57
$GPGSV,1,1,04,15,11,062,,16,02,219,,20,03,089,,21,05,144,,0*69
$GAGSV,2,1,07,02,35,221,18,10,34,142,35,11,62,156,23,14,21,088,30,1*78
$GAGSV,2,2,07,16,36,041,41,25,88,043,35,36,59,293,20,1*45
$GAGSV,1,1,02,16,36,041,49,25,88,043,37,5*7D
$GAGSV,2,1,06,10,34,142,32,11,62,156,29,14,21,088,29,16,36,041,47,7*72
$GAGSV,2,2,06,25,88,043,37,36,59,293,25,7*77
$GAGSV,1,1,02,12,12,137,,34,10,310,,0*77
$GBGSV,3,1,10,12,22,104,26,19,26,074,45,20,15,122,23,22,13,022,30,3*7C
$GBGSV,3,2,10,24,26,233,24,26,51,288,19,29,22,117,37,31,37,253,16,3*75
$GBGSV,3,3,10,35,59,174,28,39,27,001,48,3*75
$GBGSV,3,1,10,12,22,104,34,19,26,074,49,20,15,122,16,22,13,022,27,5*75
$GBGSV,3,2,10,24,26,233,21,26,51,288,20,29,22,117,26,31,37,253,16,5*7C
$GBGSV,3,3,10,35,59,174,19,39,27,001,44,5*7D
$GBGSV,3,1,09,12,22,104,27,19,26,074,45,20,15,122,21,24,26,233,29,8*76
$GBGSV,3,2,09,26,51,288,19,29,22,117,27,31,37,253,17,35,59,174,27,8*7D
$GBGSV,3,3,09,39,27,001,47,8*4B
$GBGSV,1,1,01,11,02,109,,0*4C
$GNGLL,3001.74315,S,05112.75027,W,171219.00,A,A*73
$GNRMC,171220.00,A,3001.74315,S,05112.75027,W,0.025,,090926,,,A,V*19
$GNVTG,,T,,M,0.025,N,0.047,K,A*39
$GNGGA,171220.00,3001.74315,S,05112.75027,W,1,12,0.58,50.4,M,4.8,M,,*4F
$GNGSA,M,3,12,13,18,23,25,26,29,31,05,,,,1.18,0.58,1.02,1*0D
$GNGSA,M,3,16,25,36,02,10,11,,,,,,,1.18,0.58,1.02,3*0F
$GNGSA,M,3,12,19,20,22,24,26,29,31,35,39,,,1.18,0.58,1.02,4*00
$GPGSV,3,1,10,05,34,128,43,10,02,342,32,12,17,034,35,13,11,030,20,1*69
$GPGSV,3,2,10,18,68,247,22,23,29,357,42,25,49,019,50,26,29,227,19,1*68
$GPGSV,3,3,10,29,57,141,40,31,20,264,25,1*6B
$GPGSV,3,1,11,05,34,128,39,10,02,342,32,12,17,034,29,13,11,030,20,6*6F
$GPGSV,3,2,11,18,68,247,13,23,29,357,41,25,49,019,45,26,29,227,21,6*60
$GPGSV,3,3,11,28,20,296,17,29,57,141,31,31,20,264,27,6*5A
$GPGSV,2,1,07,10,02,342,27,13,11,030,27,18,68,247,27,23,29,357,46,8*64
$GPGSV,2,2,07,25,49,019,53,26,29,227,24,28,20,296,21,8*56
$GPGSV,1,1,04,15,11,062,,16,02,219,,20,03,089,,21,05,144,,0*69
$GAGSV,2,1,07,02,35,221,17,10,34,142,35,11,62,156,24,14,21,088,30,1*70
$GAGSV,2,2,07,16,36,041,41,25,88,043,35,36,59,293,20,1*45
$GAGSV,1,1,02,16,36,041,49,25,88,043,37,5*7D
$GAGSV,2,1,06,10,34,142,32,11,62,156,29,14,21,088,29,16,36,041,47,7*72
$GAGSV,2,2,06,25,88,043,37,36,59,293,25,7*77
$GAGSV,1,1,02,12,12,137,,34,10,310,,0*77
$GBGSV,3,1,10,12,22,104,26,19,26,074,45,20,15,122,23,22,13,022,30,3*7C
$GBGSV,3,2,10,24,26,233,23,26,51,288,20,29,22,117,37,31,37,253,16,3*78
$GBGSV,3,3,10,35,59,174,28,39,27,001,47,3*7A
$GBGSV,3,1,10,12,22,104,34,19,26,074,49,20,15,122,17,22,13,022,27,5*74
$GBGSV,3,2,10,24,26,233,21,26,51,288,20,29,22,117,25,31,37,253,16,5*7F
$GBGSV,3,3,10,35,59,174,19,39,27,001,44,5*7D
$GBGSV,3,1,09,12,22,104,27,19,26,074,45,20,15,122,22,24,26,233,29,8*75
$GBGSV,3,2,09,26,51,288,18,29,22,117,26,31,37,253,17,35,59,174,27,8*7D
$GBGSV,3,3,09,39,27,001,47,8*4B
$GBGSV,1,1,01,11,02,109,,0*4C
$GNGLL,3001.74315,S,05112.75027,W,171220.00,A,A*79
$GNRMC,171221.00,A,3001.74314,S,05112.75027,W,0.012,,090926,,,A,V*1D
$GNVTG,,T,,M,0.012,N,0.023,K,A*3F
$GNGGA,171221.00,3001.74314,S,05112.75027,W,1,12,0.58,50.4,M,4.8,M,,*4F
$GNGSA,M,3,12,13,18,23,25,26,28,29,31,05,,,1.18,0.58,1.02,1*07
$GNGSA,M,3,16,25,36,02,10,11,,,,,,,1.18,0.58,1.02,3*0F
$GNGSA,M,3,12,19,20,22,24,26,29,31,35,39,,,1.18,0.58,1.02,4*00
$GPGSV,3,1,10,05,34,128,43,10,02,342,32,12,17,034,34,13,11,030,20,1*68
$GPGSV,3,2,10,18,68,247,22,23,29,357,42,25,49,019,50,26,29,227,18,1*69
$GPGSV,3,3,10,29,57,141,40,31,20,264,25,1*6B
$GPGSV,3,1,10,05,34,128,39,10,02,342,32,12,17,034,29,13,11,030,20,6*6E
$GPGSV,3,2,10,23,29,357,41,25,49,019,45,26,29,227,20,28,20,296,18,6*68
$GPGSV,3,3,10,29,57,141,30,31,20,264,27,6*69
$GPGSV,2,1,07,10,02,342,26,13,11,030,27,18,68,247,27,23,29,357,46,8*65
$GPGSV,2,2,07,25,49,019,53,26,29,227,25,28,20,296,21,8*57
$GPGSV,1,1,04,15,11,062,,16,02,219,,20,03,089,,21,05,144,,0*69
$GAGSV,2,1,07,02,35,221,18,10,34,142,35,11,62,156,24,14,21,088,30,1*7F
$GAGSV,2,2,07,16,36,041,41,25,88,043,35,36,59,293,21,1*44
$GAGSV,1,1,02,16,36,041,49,25,88,043,37,5*7D
$GAGSV,2,1,06,10,34,142,32,11,62,156,29,14,21,088,29,16,36,041,47,7*72
$GAGSV,2,2,06,25,88,043,37,36,59,293,25,7*77
$GAGSV,1,1,02,12,12,137,,34,10,310,,0*77
$GBGSV,3,1,10,12,22,104,25,19,26,074,45,20,15,122,23,22,13,022,30,3*7F
$GBGSV,3,2,10,24,26,233,23,26,51,288,20,29,22,117,37,31,37,253,15,3*7B
$GBGSV,3,3,10,35,59,174,28,39,27,001,48,3*75
$GBGSV,3,1,10,12,22,104,34,19,26,074,49,20,15,122,16,22,13,022,27,5*75
$GBGSV,3,2,10,24,26,233,22,26,51,288,19,29,22,117,26,31,37,253,17,5*74
$GBGSV,3,3,10,35,59,174,20,39,27,001,44,5*77
$GBGSV,3,1,09,12,22,104,28,19,26,074,45,20,15,122,22,24,26,233,28,8*7B
$GBGSV,3,2,09,26,51,288,18,29,22,117,26,31,37,253,16,35,59,174,27,8*7C
$GBGSV,3,3,09,39,27,001,47,8*4B
$GBGSV,1,1,01,11,02,109,,0*4C
$GNGLL,3001.74314,S,05112.75027,W,171221.00,A,A*79
$GNRMC,171222.00,A,3001.74314,S,05112.75027,W,0.006,,090926,,,A,V*1B
$GNVTG,,T,,M,0.006,N,0.012,K,A*38
$GNGGA,171222.00,3001.74314,S,05112.75027,W,1,12,0.58,50.4,M,4.8,M,,*4C
$GNGSA,M,3,12,13,18,23,25,26,28,29,31,05,,,1.18,0.58,1.02,1*07
$GNGSA,M,3,16,25,36,02,10,11,,,,,,,1.18,0.58,1.02,3*0F
$GNGSA,M,3,12,19,20,22,24,26,29,31,35,39,,,1.18,0.58,1.02,4*00
$GPGSV,3,1,10,05,34,128,43,10,02,342,32,12,17,034,34,13,11,030,20,1*68
$GPGSV,3,2,10,18,68,247,23,23,29,357,43,25,49,019,50,26,29,227,19,1*68
$GPGSV,3,3,10,29,57,141,40,31,20,264,25,1*6B
$GPGSV,3,1,10,05,34,128,39,10,02,342,32,12,17,034,29,13,11,030,21,6*6F
$GPGSV,3,2,10,23,29,357,41,25,49,019,45,26,29,227,20,28,20,296,19,6*69
$GPGSV,3,3,10,29,57,141,31,31,20,264,27,6*68
$GPGSV,2,1,07,10,02,342,26,13,11,030,28,18,68,247,27,23,29,357,46,8*6A
$GPGSV,2,2,07,25,49,019,53,26,29,227,24,28,20,296,21,8*56
$GPGSV,1,1,04,15,11,062,,16,02,219,,20,03,089,,21,05,144,,0*69
$GAGSV,2,1,07,02,35,221,18,10,34,142,35,11,62,156,24,14,21,088,30,1*7F
$GAGSV,2,2,07,16,36,041,41,25,88,043,35,36,59,293,21,1*44
$GAGSV,1,1,02,16,36,041,49,25,88,043,37,5*7D
$GAGSV,2,1,06,10,34,142,32,11,62,156,28,14,21,088,29,16,36,041,47,7*73
$GAGSV,2,2,06,25,88,043,37,36,59,293,25,7*77
$GAGSV,1,1,02,12,12,137,,34,10,310,,0*77
$GBGSV,3,1,10,12,22,104,26,19,26,074,45,20,15,122,23,22,13,022,30,3*7C
$GBGSV,3,2,10,24,26,233,22,26,51,288,20,29,22,117,37,31,37,253,14,3*7B
$GBGSV,3,3,10,35,59,174,28,39,27,001,48,3*75
$GBGSV,3,1,10,12,22,104,34,19,26,074,48,20,15,122,16,22,13,022,28,5*7B
$GBGSV,3,2,10,24,26,233,23,26,51,288,19,29,22,117,26,31,37,253,17,5*75
$GBGSV,3,3,10,35,59,174,20,39,27,001,44,5*77
$GBGSV,3,1,09,12,22,104,28,19,26,074,45,20,15,122,22,24,26,233,28,8*7B
$GBGSV,3,2,09,26,51,288,18,29,22,117,26,31,37,253,16,35,59,174,28,8*73
$GBGSV,3,3,09,39,27,001,47,8*4B
$GBGSV,1,1,01,11,02,109,,0*4C
$GNGLL,3001.74314,S,05112.75027,W,171222.00,A,A*7A
$GNRMC,171223.00,A,3001.74314,S,05112.75026,W,0.001,,090926,,,A,V*1C
$GNVTG,,T,,M,0.001,N,0.002,K,A*3E
$GNGGA,171223.00,3001.74314,S,05112.75026,W,1,12,0.58,50.4,M,4.8,M,,*4C
$GNGSA,M,3,12,13,18,23,25,26,28,29,31,05,,,1.18,0.58,1.02,1*07
$GNGSA,M,3,16,25,36,02,10,11,,,,,,,1.18,0.58,1.02,3*0F
$GNGSA,M,3,12,19,20,22,24,26,29,31,35,39,,,1.18,0.58,1.02,4*00
$GPGSV,3,1,10,05,34,128,43,10,02,342,33,12,17,034,35,13,11,030,20,1*68
$GPGSV,3,2,10,18,68,247,22,23,29,357,43,25,49,019,50,26,29,227,20,1*63
$GPGSV,3,3,10,29,57,141,40,31,20,264,24,1*6A
$GPGSV,3,1,10,05,34,128,39,10,02,342,32,12,17,034,29,13,11,030,21,6*6F
$GPGSV,3,2,10,23,29,357,41,25,49,019,45,26,29,227,20,28,20,296,20,6*63
$GPGSV,3,3,10,29,57,141,31,31,20,264,27,6*68
$GPGSV,2,1,07,10,02,342,26,13,11,030,28,18,68,247,27,23,29,357,46,8*6A
$GPGSV,2,2,07,25,49,019,53,26,29,227,24,28,20,296,21,8*56
$GPGSV,1,1,04,15,11,062,,16,02,219,,20,03,089,,21,05,144,,0*69
$GAGSV,2,1,07,02,35,221,18,10,34,142,35,11,62,156,24,14,21,088,30,1*7F
$GAGSV,2,2,07,16,36,041,41,25,88,043,35,36,59,293,20,1*45
$GAGSV,1,1,02,16,36,041,49,25,88,043,37,5*7D
$GAGSV,2,1,06,10,34,142,32,11,62,156,28,14,21,088,29,16,36,041,47,7*73
$GAGSV,2,2,06,25,88,043,37,36,59,293,25,7*77
$GAGSV,1,1,02,12,12,137,,34,10,310,,0*77
$GBGSV,3,1,10,12,22,104,25,19,26,074,45,20,15,122,23,22,13,022,29,3*77
$GBGSV,3,2,10,24,26,233,22,26,51,288,19,29,22,117,37,31,37,253,13,3*76
$GBGSV,3,3,10,35,59,174,28,39,27,001,48,3*75
$GBGSV,3,1,10,12,22,104,35,19,26,074,48,20,15,122,16,22,13,022,27,5*75
$GBGSV,3,2,10,24,26,233,23,26,51,288,19,29,22,117,25,31,37,253,18,5*79
$GBGSV,3,3,10,35,59,174,20,39,27,001,44,5*77
$GBGSV,3,1,10,12,22,104,28,19,26,074,45,20,15,122,23,22,13,022,14,8*7F
$GBGSV,3,2,10,24,26,233,28,26,51,288,18,29,22,117,26,31,37,253,16,8*73
$GBGSV,3,3,10,35,59,174,28,39,27,001,47,8*71
$GBGSV,1,1,01,11,02,109,,0*4C
$GNGLL,3001.74314,S,05112.75026,W,171223.00,A,A*7A
$GNRMC,171224.00,A,3001.74314,S,05112.75027,W,0.007,,090926,,,A,V*1C
$GNVTG,,T,,M,0.007,N,0.013,K,A*38
$GNGGA,171224.00,3001.74314,S,05112.75027,W,1,12,0.58,50.4,M,4.8,M,,*4A
$GNGSA,M,3,12,13,18,23,25,26,28,29,31,05,,,1.18,0.58,1.02,1*07
$GNGSA,M,3,16,25,36,02,10,11,,,,,,,1.18,0.58,1.02,3*0F
$GNGSA,M,3,12,19,20,22,24,26,29,31,35,39,,,1.18,0.58,1.02,4*00
$GPGSV,3,1,10,05,34,128,43,10,02,342,33,12,17,034,35,13,11,030,20,1*68
$GPGSV,3,2,10,18,68,247,22,23,29,357,43,25,49,019,50,26,29,227,19,1*69
$GPGSV,3,3,10,29,57,141,39,31,20,264,22,1*62
$GPGSV,3,1,10,05,34,128,39,10,02,342,33,12,17,034,29,13,11,030,21,6*6E
$GPGSV,3,2,10,23,29,357,41,25,49,019,45,26,29,227,19,28,20,296,21,6*68
$GPGSV,3,3,10,29,57,141,31,31,20,264,27,6*68
$GPGSV,2,1,07,10,02,342,27,13,11,030,27,18,68,247,27,23,29,357,46,8*64
$GPGSV,2,2,07,25,49,019,53,26,29,227,24,28,20,296,21,8*56
$GPGSV,1,1,04,15,11,062,,16,02,219,,20,03,089,,21,05,144,,0*69
$GAGSV,2,1,07,02,35,221,18,10,34,142,35,11,62,156,24,14,21,088,30,1*7F
$GAGSV,2,2,07,16,36,041,41,25,88,043,35,36,59,293,20,1*45
$GAGSV,1,1,02,16,36,041,49,25,88,043,37,5*7D
$GAGSV,2,1,06,10,34,142,32,11,62,156,28,14,21,088,29,16,36,041,47,7*73
$GAGSV,2,2,06,25,88,043,37,36,59,293,25,7*77
$GAGSV,1,1,02,12,12,137,,34,10,310,,0*77
$GBGSV,3,1,10,12,22,104,25,19,26,074,45,20,15,122,23,22,13,022,29,3*77
$GBGSV,3,2,10,24,26,233,20,26,51,288,19,29,22,117,37,31,37,253,15,3*72
$GBGSV,3,3,10,35,59,174,28,39,27,001,48,3*75
$GBGSV,3,1,10,12,22,104,34,19,26,074,48,20,15,122,16,22,13,022,28,5*7B
$GBGSV,3,2,10,24,26,233,23,26,51,288,19,29,22,117,25,31,37,253,18,5*79
$GBGSV,3,3,10,35,59,174,20,39,27,001,44,5*77
$GBGSV,3,1,10,12,22,104,28,19,26,074,45,20,15,122,22,22,13,022,15,8*7F
$GBGSV,3,2,10,24,26,233,28,26,51,288,18,29,22,117,26,31,37,253,16,8*73
$GBGSV,3,3,10,35,59,174,28,39,27,001,47,8*71
$GBGSV,1,1,01,11,02,109,,0*4C
$GNGLL,3001.74314,S,05112.75027,W,171224.00,A,A*7C
$GNRMC,171225.00,A,3001.74314,S,05112.75026,W,0.023,,090926,,,A,V*1A
$GNVTG,,T,,M,0.023,N,0.042,K,A*3A
$GNGGA,171225.00,3001.74314,S,05112.75026,W,1,12,0.58,50.4,M,4.8,M,,*4A
$GNGSA,M,3,12,13,18,23,25,26,28,29,31,05,,,1.18,0.58,1.02,1*07
$GNGSA,M,3,16,25,36,02,10,11,,,,,,,1.18,0.58,1.02,3*0F
$GNGSA,M,3,12,19,20,22,24,26,29,31,35,39,,,1.18,0.58,1.02,4*00
$GPGSV,3,1,10,05,34,128,43,10,02,342,33,12,17,034,35,13,11,030,21,1*69
$GPGSV,3,2,10,18,68,247,22,23,29,357,43,25,49,019,50,26,29,227,19,1*69
$GPGSV,3,3,10,29,57,141,40,31,20,264,23,1*6D
$GPGSV,3,1,10,05,34,128,39,10,02,342,32,12,17,034,29,13,11,030,20,6*6E
$GPGSV,3,2,10,23,29,357,40,25,49,019,45,26,29,227,19,28,20,296,20,6*68
$GPGSV,3,3,10,29,57,141,31,31,20,264,27,6*68
$GPGSV,2,1,07,10,02,342,27,13,11,030,27,18,68,247,27,23,29,357,46,8*64
$GPGSV,2,2,07,25,49,019,53,26,29,227,24,28,20,296,21,8*56
$GPGSV,1,1,04,15,11,062,,16,02,219,,20,03,089,,21,05,144,,0*69
$GAGSV,2,1,07,02,35,221,18,10,34,142,35,11,62,156,24,14,21,088,30,1*7F
$GAGSV,2,2,07,16,36,041,41,25,88,043,35,36,59,293,20,1*45
$GAGSV,1,1,02,16,36,041,49,25,88,043,37,5*7D
$GAGSV,2,1,06,10,34,142,32,11,62,156,28,14,21,088,29,16,36,041,47,7*73
$GAGSV,2,2,06,25,88,043,37,36,59,293,25,7*77
$GAGSV,1,1,02,12,12,137,,34,10,310,,0*77
$GBGSV,3,1,10,12,22,104,25,19,26,074,45,20,15,122,23,22,13,022,29,3*77
$GBGSV,3,2,10,24,26,233,19,26,51,288,19,29,22,117,37,31,37,253,15,3*78
$GBGSV,3,3,10,35,59,174,28,39,27,001,47,3*7A
$GBGSV,3,1,10,12,22,104,34,19,26,074,48,20,15,122,17,22,13,022,27,5*75
$GBGSV,3,2,10,24,26,233,24,26,51,288,19,29,22,117,25,31,37,253,18,5*7E
$GBGSV,3,3,10,35,59,174,20,39,27,001,44,5*77
$GBGSV,3,1,10,12,22,104,29,19,26,074,45,20,15,122,22,22,13,022,16,8*7D
$GBGSV,3,2,10,24,26,233,28,26,51,288,19,29,22,117,25,31,37,253,15,8*72
$GBGSV,3,3,10,35,59,174,28,39,27,001,47,8*71
$GBGSV,1,1,01,11,02,109,,0*4C
$GNGLL,3001.74314,S,05112.75026,W,171225.00,A,A*7C
$GNRMC,171226.00,A,3001.74314,S,05112.75026,W,0.008,,090926,,,A,V*10
$GNVTG,,T,,M,0.008,N,0.016,K,A*32
$GNGGA,171226.00,3001.74314,S,05112.75026,W,1,12,0.58,50.3,M,4.8,M,,*4E
$GNGSA,M,3,12,13,18,23,25,26,28,29,31,05,,,1.18,0.58,1.02,1*07
$GNGSA,M,3,16,25,36,02,10,11,,,,,,,1.18,0.58,1.02,3*0F
$GNGSA,M,3,12,19,20,22,24,26,29,35,39,,,,1.18,0.58,1.02,4*02
$GPGSV,3,1,10,05,34,128,43,10,02,342,32,12,17,034,35,13,11,030,21,1*68
$GPGSV,3,2,10,18,68,247,22,23,29,357,43,25,49,019,50,26,29,227,19,1*69
$GPGSV,3,3,10,29,57,141,39,31,20,264,23,1*63
$GPGSV,3,1,10,05,34,128,39,10,02,342,33,12,17,034,29,13,11,030,20,6*6F
$GPGSV,3,2,10,23,29,357,41,25,49,019,45,26,29,227,19,28,20,296,20,6*69
$GPGSV,3,3,10,29,57,141,31,31,20,264,27,6*68
$GPGSV,2,1,07,10,02,342,26,13,11,030,27,18,68,247,27,23,29,357,46,8*65
$GPGSV,2,2,07,25,49,019,53,26,29,227,24,28,20,296,20,8*57
$GPGSV,1,1,04,15,11,062,,16,02,219,,20,03,089,,21,05,144,,0*69
$GAGSV,2,1,07,02,35,221,17,10,34,142,34,11,62,156,25,14,21,088,30,1*70
$GAGSV,2,2,07,16,36,041,41,25,88,043,35,36,59,293,20,1*45
$GAGSV,1,1,02,16,36,041,49,25,88,043,37,5*7D
$GAGSV,2,1,06,10,34,142,32,11,62,156,28,14,21,088,29,16,36,041,47,7*73
$GAGSV,2,2,06,25,88,043,37,36,59,293,25,7*77
$GAGSV,1,1,02,12,12,137,,34,10,310,,0*77
$GBGSV,3,1,10,12,22,104,25,19,26,074,45,20,15,122,24,22,13,022,29,3*70
$GBGSV,3,2,10,24,26,233,19,26,51,288,19,29,22,117,37,31,37,253,14,3*79
$GBGSV,3,3,10,35,59,174,27,39,27,001,47,3*75
$GBGSV,3,1,10,12,22,104,34,19,26,074,48,20,15,122,16,22,13,022,27,5*74
$GBGSV,3,2,10,24,26,233,25,26,51,288,20,29,22,117,25,31,37,253,18,5*75
$GBGSV,3,3,10,35,59,174,20,39,27,001,44,5*77
$GBGSV,3,1,10,12,22,104,29,19,26,074,45,20,15,122,22,22,13,022,15,8*7E
$GBGSV,3,2,10,24,26,233,28,26,51,288,20,29,22,117,25,31,37,253,14,8*79
$GBGSV,3,3,10,35,59,174,28,39,27,001,47,8*71
$GBGSV,1,1,01,11,02,109,,0*4C
$GNGLL,3001.74314,S,05112.75026,W,171226.00,A,A*7F
$GNRMC,171227.00,A,3001.74313,S,05112.75026,W,0.012,,090926,,,A,V*1D
$GNVTG,,T,,M,0.012,N,0.023,K,A*3F
$GNGGA,171227.00,3001.74313,S,05112.75026,W,1,12,0.58,50.3,M,4.8,M,,*48
$GNGSA,M,3,12,13,18,23,25,26,28,29,31,05,,,1.18,0.58,1.02,1*07
$GNGSA,M,3,16,25,36,02,10,11,,,,,,,1.18,0.58,1.02,3*0F
$GNGSA,M,3,12,19,20,22,24,26,29,35,39,,,,1.18,0.58,1.02,4*02
$GPGSV,3,1,10,05,34,128,43,10,02,342,32,12,17,034,35,13,11,030,22,1*6B
$GPGSV,3,2,10,18,68,247,21,23,29,357,43,25,49,019,50,26,29,227,18,1*6B
$GPGSV,3,3,10,29,57,141,40,31,20,264,23,1*6D
$GPGSV,3,1,10,05,34,128,39,10,02,342,33,12,17,034,29,13,11,030,20,6*6F
$GPGSV,3,2,10,23,29,357,41,25,49,019,45,26,29,227,19,28,20,296,20,6*69
$GPGSV,3,3,10,29,57,141,31,31,20,264,27,6*68
$GPGSV,2,1,07,10,02,342,26,13,11,030,27,18,68,247,27,23,29,357,46,8*65
$GPGSV,2,2,07,25,49,019,53,26,29,227,24,28,20,296,20,8*57
$GPGSV,1,1,04,15,11,062,,16,02,219,,20,03,089,,21,05,144,,0*69
$GAGSV,2,1,07,02,35,221,16,10,34,142,34,11,62,156,25,14,21,088,30,1*71
$GAGSV,2,2,07,16,36,041,41,25,88,043,35,36,59,293,20,1*45
$GAGSV,1,1,02,16,36,041,49,25,88,043,37,5*7D
$GAGSV,2,1,06,10,34,142,32,11,62,156,29,14,21,088,29,16,36,041,47,7*72
$GAGSV,2,2,06,25,88,043,37,36,59,293,25,7*77
$GAGSV,1,1,02,12,12,137,,34,10,310,,0*77
$GBGSV,3,1,10,12,22,104,24,19,26,074,45,20,15,122,23,22,13,022,29,3*76
$GBGSV,3,2,10,24,26,233,18,26,51,288,19,29,22,117,37,31,37,253,14,3*78
$GBGSV,3,3,10,35,59,174,27,39,27,001,47,3*75
$GBGSV,3,1,10,12,22,104,34,19,26,074,48,20,15,122,17,22,13,022,27,5*75
$GBGSV,3,2,10,24,26,233,25,26,51,288,19,29,22,117,25,31,37,253,18,5*7F
$GBGSV,3,3,10,35,59,174,20,39,27,001,44,5*77
$GBGSV,3,1,10,12,22,104,29,19,26,074,44,20,15,122,22,22,13,022,16,8*7C
$GBGSV,3,2,10,24,26,233,28,26,51,288,19,29,22,117,25,31,37,253,14,8*73
$GBGSV,3,3,10,35,59,174,28,39,27,001,47,8*71
$GBGSV,1,1,01,11,02,109,,0*4C
$GNGLL,3001.74313,S,05112.75026,W,171227.00,A,A*79
$GNRMC,171228.00,A,3001.74313,S,05112.75026,W,0.008,,090926,,,A,V*19
$GNVTG,,T,,M,0.008,N,0.014,K,A*30
$GNGGA,171228.00,3001.74313,S,05112.75026,W,1,12,0.58,50.3,M,4.8,M,,*47
$GNGSA,M,3,12,13,18,23,25,26,28,29,31,05,,,1.18,0.58,1.02,1*07
$GNGSA,M,3,16,25,36,02,10,11,,,,,,,1.18,0.58,1.02,3*0F
$GNGSA,M,3,12,19,20,22,24,26,29,35,39,,,,1.18,0.58,1.02,4*02
$GPGSV,3,1,10,05,34,128,43,10,02,342,32,12,17,034,35,13,11,030,22,1*6B
$GPGSV,3,2,10,18,68,247,22,23,29,357,43,25,49,019,50,26,29,227,18,1*68
$GPGSV,3,3,10,29,57,141,40,31,20,264,23,1*6D
$GPGSV,3,1,10,05,34,128,39,10,02,342,33,12,17,034,29,13,11,030,20,6*6F
$GPGSV,3,2,10,23,29,357,41,25,49,019,45,26,29,227,19,28,20,296,21,6*68
$GPGSV,3,3,10,29,57,141,31,31,20,264,27,6*68
$GPGSV,2,1,07,10,02,342,26,13,11,030,27,18,68,247,27,23,29,357,46,8*65
$GPGSV,2,2,07,25,49,019,53,26,29,227,24,28,20,296,20,8*57
$GPGSV,1,1,04,15,11,062,,16,02,219,,20,03,089,,21,05,144,,0*69
$GAGSV,2,1,07,02,35,221,16,10,34,142,35,11,62,156,25,14,21,088,30,1*70
$GAGSV,2,2,07,16,36,041,41,25,88,043,35,36,59,293,20,1*45
$GAGSV,1,1,02,16,36,041,49,25,88,043,37,5*7D
$GAGSV,2,1,06,10,34,142,32,11,62,156,29,14,21,088,29,16,36,041,47,7*72
$GAGSV,2,2,06,25,88,043,37,36,59,293,26,7*74
$GAGSV,1,1,02,12,12,137,,34,10,310,,0*77
$GBGSV,3,1,10,12,22,104,23,19,26,074,45,20,15,122,23,22,13,022,29,3*71
$GBGSV,3,2,10,24,26,233,18,26,51,288,19,29,22,117,36,31,37,253,15,3*78
$GBGSV,3,3,10,35,59,174,27,39,27,001,47,3*75
$GBGSV,3,1,10,12,22,104,34,19,26,074,48,20,15,122,17,22,13,022,27,5*75
$GBGSV,3,2,10,24,26,233,25,26,51,288,19,29,22,117,24,31,37,253,18,5*7E
$GBGSV,3,3,10,35,59,174,21,39,27,001,44,5*76
$GBGSV,3,1,10,12,22,104,29,19,26,074,44,20,15,122,22,22,13,022,16,8*7C
$GBGSV,3,2,10,24,26,233,28,26,51,288,19,29,22,117,25,31,37,253,14,8*73
$GBGSV,3,3,10,35,59,174,28,39,27,001,47,8*71
$GBGSV,1,1,01,11,02,109,,0*4C
$GNGLL,3001.74313,S,05112.75026,W,171228.00,A,A*76
$GNRMC,171229.00,A,3001.74313,S,05112.75025,W,0.013,,090926,,,A,V*11
$GNVTG,,T,,M,0.013,N,0.024,K,A*39
$GNGGA,171229.00,3001.74313,S,05112.75025,W,1,12,0.58,50.3,M,4.8,M,,*45
$GNGSA,M,3,12,13,18,23,25,26,28,29,31,05,,,1.18,0.58,1.02,1*07
$GNGSA,M,3,16,25,36,02,10,11,,,,,,,1.18,0.58,1.02,3*0F
$GNGSA,M,3,12,19,20,22,24,26,29,35,39,,,,1.18,0.58,1.02,4*02
$GPGSV,3,1,10,05,34,128,43,10,02,342,33,12,17,034,35,13,11,030,22,1*6A
$GPGSV,3,2,10,18,68,247,22,23,29,357,43,25,49,019,50,26,29,227,17,1*67
$GPGSV,3,3,10,29,57,141,40,31,20,264,23,1*6D
$GPGSV,3,1,10,05,34,128,39,10,02,342,33,12,17,034,29,13,11,030,20,6*6F
$GPGSV,3,2,10,23,29,357,41,25,49,019,45,26,29,227,19,28,20,296,22,6*6B
$GPGSV,3,3,10,29,57,141,31,31,20,264,26,6*69
$GPGSV,2,1,07,10,02,342,27,13,11,030,27,18,68,247,27,23,29,357,46,8*64
$GPGSV,2,2,07,25,49,019,53,26,29,227,24,28,20,296,19,8*5D
$GPGSV,1,1,04,15,11,062,,16,02,219,,20,03,089,,21,05,144,,0*69
$GAGSV,2,1,07,02,35,221,15,10,34,142,35,11,62,156,24,14,21,088,30,1*72
$GAGSV,2,2,07,16,36,041,41,25,88,043,35,36,59,293,20,1*45
$GAGSV,1,1,02,16,36,041,49,25,88,043,37,5*7D
$GAGSV,2,1,06,10,34,142,32,11,62,156,28,14,21,088,29,16,36,041,47,7*73
$GAGSV,2,2,06,25,88,043,37,36,59,293,25,7*77
$GAGSV,1,1,02,12,12,137,,34,10,310,,0*77
$GBGSV,3,1,10,12,22,104,23,19,26,074,45,20,15,122,23,22,13,022,29,3*71
$GBGSV,3,2,10,24,26,233,16,26,51,288,20,29,22,117,37,31,37,253,14,3*7C
$GBGSV,3,3,10,35,59,174,27,39,27,001,47,3*75
$GBGSV,3,1,10,12,22,104,34,19,26,074,48,20,15,122,18,22,13,022,27,5*7A
$GBGSV,3,2,10,24,26,233,25,26,51,288,19,29,22,117,24,31,37,253,18,5*7E
$GBGSV,3,3,10,35,59,174,21,39,27,001,44,5*76
$GBGSV,3,1,10,12,22,104,29,19,26,074,44,20,15,122,22,22,13,022,15,8*7F
$GBGSV,3,2,10,24,26,233,28,26,51,288,19,29,22,117,25,31,37,253,12,8*75
$GBGSV,3,3,10,35,59,174,28,39,27,001,47,8*71
$GBGSV,1,1,01,11,02,109,,0*4C
$GNGLL,3001.74313,S,05112.75025,W,171229.00,A,A*74
$GNRMC,171230.00,A,3001.74313,S,05112.75026,W,0.013,,090926,,,A,V*1A
$GNVTG,,T,,M,0.013,N,0.024,K,A*39
$GNGGA,171230.00,3001.74313,S,05112.75026,W,1,12,0.58,50.3,M,4.8,M,,*4E
$GNGSA,M,3,12,13,18,23,25,26,28,29,31,05,,,1.18,0.58,1.02,1*07
$GNGSA,M,3,16,25,36,02,10,11,,,,,,,1.18,0.58,1.02,3*0F
$GNGSA,M,3,12,19,20,22,24,26,29,35,39,,,,1.18,0.58,1.02,4*02
$GPGSV,3,1,10,05,34,128,43,10,02,342,33,12,17,034,35,13,11,030,22,1*6A
$GPGSV,3,2,10,18,68,247,23,23,29,357,43,25,49,019,50,26,29,227,17,1*66
$GPGSV,3,3,10,29,57,141,40,31,20,264,22,1*6C
$GPGSV,3,1,10,05,34,128,39,10,02,342,33,12,17,034,28,13,11,030,21,6*6F
$GPGSV,3,2,10,23,29,357,41,25,49,019,45,26,29,227,19,28,20,296,22,6*6B
$GPGSV,3,3,10,29,57,141,31,31,20,264,27,6*68
$GPGSV,2,1,07,10,02,342,27,13,11,030,27,18,68,247,27,23,29,357,46,8*64
$GPGSV,2,2,07,25,49,019,53,26,29,227,24,28,20,296,19,8*5D
$GPGSV,1,1,04,15,11,062,,16,02,219,,20,03,089,,21,05,144,,0*69
$GAGSV,2,1,07,02,35,221,15,10,34,142,34,11,62,156,24,14,21,088,30,1*73
$GAGSV,2,2,07,16,36,041,41,25,88,043,35,36,59,293,20,1*45
$GAGSV,1,1,02,16,36,041,49,25,88,043,37,5*7D
$GAGSV,2,1,06,10,34,142,32,11,62,156,28,14,21,088,29,16,36,041,47,7*73
$GAGSV,2,2,06,25,88,043,37,36,59,293,25,7*77
$GAGSV,1,1,02,12,12,137,,34,10,310,,0*77
$GBGSV,3,1,10,12,22,104,22,19,26,074,45,20,15,122,23,22,13,022,29,3*70
$GBGSV,3,2,10,24,26,233,16,26,51,288,20,29,22,117,36,31,37,253,15,3*7C
$GBGSV,3,3,10,35,59,174,27,39,27,001,47,3*75
$GBGSV,3,1,10,12,22,104,34,19,26,074,48,20,15,122,17,22,13,022,27,5*75
$GBGSV,3,2,10,24,26,233,24,26,51,288,19,29,22,117,23,31,37,253,18,5*78
$GBGSV,3,3,10,35,59,174,20,39,27,001,44,5*77
$GBGSV,3,1,09,12,22,104,29,19,26,074,44,20,15,122,22,22,13,022,16,8*74
$GBGSV,3,2,09,24,26,233,28,26,51,288,19,29,22,117,25,35,59,174,28,8*7E
$GBGSV,3,3,09,39,27,001,47,8*4B
$GBGSV,1,1,01,11,02,109,,0*4C
$GNGLL,3001.74313,S,05112.75026,W,171230.00,A,A*7F
$GNRMC,171231.00,A,3001.74313,S,05112.75026,W,0.022,,090926,,,A,V*19
$GNVTG,,T,,M,0.022,N,0.040,K,A*39
$GNGGA,171231.00,3001.74313,S,05112.75026,W,1,12,0.58,50.3,M,4.8,M,,*4F
$GNGSA,M,3,12,13,18,23,25,26,28,29,31,05,,,1.18,0.58,1.02,1*07
$GNGSA,M,3,16,25,36,02,10,11,,,,,,,1.18,0.58,1.02,3*0F
$GNGSA,M,3,12,19,20,22,24,26,29,35,39,,,,1.18,0.58,1.02,4*02
$GPGSV,3,1,10,05,34,128,43,10,02,342,33,12,17,034,35,13,11,030,21,1*69
$GPGSV,3,2,10,18,68,247,23,23,29,357,43,25,49,019,50,26,29,227,18,1*69
$GPGSV,3,3,10,29,57,141,40,31,20,264,23,1*6D
$GPGSV,3,1,10,05,34,128,39,10,02,342,33,12,17,034,29,13,11,030,21,6*6E
$GPGSV,3,2,10,23,29,357,41,25,49,019,45,26,29,227,18,28,20,296,21,6*69
$GPGSV,3,3,10,29,57,141,31,31,20,264,26,6*69
$GPGSV,2,1,07,10,02,342,27,13,11,030,27,18,68,247,27,23,29,357,46,8*64
$GPGSV,2,2,07,25,49,019,53,26,29,227,24,28,20,296,18,8*5C
$GPGSV,1,1,04,15,11,062,,16,02,219,,20,03,089,,21,05,144,,0*69
$GAGSV,2,1,07,02,35,221,15,10,34,142,35,11,62,156,25,14,21,088,30,1*73
$GAGSV,2,2,07,16,36,041,41,25,88,043,36,36,59,293,20,1*46
$GAGSV,1,1,02,16,36,041,49,25,88,043,37,5*7D
$GAGSV,2,1,06,10,34,142,32,11,62,156,28,14,21,088,28,16,36,041,47,7*72
$GAGSV,2,2,06,25,88,043,37,36,59,293,25,7*77
$GAGSV,1,1,02,12,12,137,,34,10,310,,0*77
$GBGSV,3,1,10,12,22,104,22,19,26,074,45,20,15,122,23,22,13,022,29,3*70
$GBGSV,3,2,10,24,26,233,15,26,51,288,20,29,22,117,37,31,37,253,15,3*7E
$GBGSV,3,3,10,35,59,174,28,39,27,001,47,3*7A
$GBGSV,3,1,10,12,22,104,34,19,26,074,48,20,15,122,16,22,13,022,27,5*74
$GBGSV,3,2,10,24,26,233,25,26,51,288,20,29,22,117,23,31,37,253,18,5*73
$GBGSV,3,3,10,35,59,174,21,39,27,001,44,5*76
$GBGSV,3,1,09,12,22,104,30,19,26,074,44,20,15,122,22,22,13,022,17,8*7D
$GBGSV,3,2,09,24,26,233,28,26,51,288,19,29,22,117,25,35,59,174,28,8*7E
$GBGSV,3,3,09,39,27,001,47,8*4B
$GBGSV,1,1,01,11,02,109,,0*4C
$GNGLL,3001.74313,S,05112.75026,W,171231.00,A,A*7E
$GNRMC,171232.00,A,3001.74312,S,05112.75026,W,0.017,,090926,,,A,V*1D
$GNVTG,,T,,M,0.017,N,0.032,K,A*3A
$GNGGA,171232.00,3001.74312,S,05112.75026,W,1,12,0.58,50.3,M,4.8,M,,*4D
$GNGSA,M,3,12,13,18,23,25,26,28,29,31,05,,,1.18,0.58,1.02,1*07
$GNGSA,M,3,16,25,36,02,10,11,,,,,,,1.18,0.58,1.02,3*0F
$GNGSA,M,3,12,19,20,22,24,26,29,35,39,,,,1.18,0.58,1.02,4*02
$GPGSV,3,1,10,05,34,128,43,10,02,342,33,12,17,034,35,13,11,030,22,1*6A
$GPGSV,3,2,10,18,68,247,22,23,29,357,43,25,49,019,50,26,29,227,19,1*69
$GPGSV,3,3,10,29,57,141,40,31,20,264,23,1*6D
$GPGSV,3,1,10,05,34,128,39,10,02,342,33,12,17,034,28,13,11,030,20,6*6E
$GPGSV,3,2,10,23,29,357,40,25,49,019,45,26,29,227,19,28,20,296,21,6*69
$GPGSV,3,3,10,29,57,141,31,31,20,264,26,6*69
$GPGSV,2,1,07,10,02,342,27,13,11,030,27,18,68,247,27,23,29,357,46,8*64
$GPGSV,2,2,07,25,49,019,53,26,29,227,24,28,20,296,18,8*5C
$GPGSV,1,1,04,15,11,062,,16,02,219,,20,03,089,,21,05,144,,0*69
$GAGSV,2,1,07,02,35,221,15,10,34,142,35,11,62,156,25,14,21,088,30,1*73
$GAGSV,2,2,07,16,36,041,41,25,88,043,35,36,59,293,20,1*45
$GAGSV,1,1,02,16,36,041,49,25,88,043,37,5*7D
$GAGSV,2,1,06,10,34,142,32,11,62,156,28,14,21,088,29,16,36,041,47,7*73
$GAGSV,2,2,06,25,88,043,37,36,59,293,24,7*76
$GAGSV,1,1,02,12,12,137,,34,10,310,,0*77
$GBGSV,3,1,10,12,22,104,20,19,26,074,45,20,15,122,23,22,13,022,29,3*72
$GBGSV,3,2,10,24,26,233,14,26,51,288,19,29,22,117,36,31,37,253,13,3*72
$GBGSV,3,3,10,35,59,174,28,39,27,001,47,3*7A
$GBGSV,3,1,10,12,22,104,34,19,26,074,48,20,15,122,15,22,13,022,27,5*77
$GBGSV,3,2,10,24,26,233,25,26,51,288,19,29,22,117,23,31,37,253,18,5*79
$GBGSV,3,3,10,35,59,174,21,39,27,001,44,5*76
$GBGSV,3,1,09,12,22,104,30,19,26,074,44,20,15,122,23,22,13,022,17,8*7C
$GBGSV,3,2,09,24,26,233,28,26,51,288,19,29,22,117,25,35,59,174,28,8*7E
$GBGSV,3,3,09,39,27,001,47,8*4B
$GBGSV,1,1,01,11,02,109,,0*4C
$GNGLL,3001.74312,S,05112.75026,W,171232.00,A,A*7C
$GNRMC,171233.00,A,3001.74312,S,05112.75026,W,0.020,,090926,,,A,V*18
$GNVTG,,T,,M,0.020,N,0.038,K,A*34
$GNGGA,171233.00,3001.74312,S,05112.75026,W,1,12,0.58,50.2,M,4.8,M,,*4D
$GNGSA,M,3,12,13,18,23,25,26,28,29,31,05,,,1.18,0.58,1.02,1*07
$GNGSA,M,3,16,25,36,02,10,11,,,,,,,1.18,0.58,1.02,3*0F
$GNGSA,M,3,12,19,20,22,24,26,29,35,39,,,,1.18,0.58,1.02,4*02
$GPGSV,3,1,10,05,34,128,43,10,02,342,33,12,17,034,35,13,11,030,22,1*6A
$GPGSV,3,2,10,18,68,247,22,23,29,357,43,25,49,019,50,26,29,227,17,1*67
$GPGSV,3,3,10,29,57,141,40,31,20,264,24,1*6A
$GPGSV,3,1,10,05,34,128,39,10,02,342,33,12,17,034,28,13,11,030,20,6*6E
$GPGSV,3,2,10,23,29,357,40,25,49,019,45,26,29,227,19,28,20,296,22,6*6A
$GPGSV,3,3,10,29,57,141,31,31,20,264,26,6*69
$GPGSV,2,1,07,10,02,342,27,13,11,030,27,18,68,247,27,23,29,357,46,8*64
$GPGSV,2,2,07,25,49,019,53,26,29,227,24,28,20,296,19,8*5D
$GPGSV,1,1,04,15,11,062,,16,02,219,,20,03,089,,21,05,144,,0*69
$GAGSV,2,1,07,02,35,221,16,10,34,142,35,11,62,156,25,14,21,088,30,1*70
$GAGSV,2,2,07,16,36,041,41,25,88,043,35,36,59,293,20,1*45
$GAGSV,1,1,02,16,36,041,49,25,88,043,37,5*7D
$GAGSV,2,1,06,10,34,142,32,11,62,156,28,14,21,088,29,16,36,041,47,7*73
$GAGSV,2,2,06,25,88,043,37,36,59,293,24,7*76
$GAGSV,1,1,02,12,11,137,,34,10,310,,0*74
$GBGSV,3,1,10,12,22,104,20,19,26,074,45,20,15,122,22,22,13,022,29,3*73
$GBGSV,3,2,10,24,26,233,14,26,51,288,20,29,22,117,37,31,37,253,12,3*78
$GBGSV,3,3,10,35,59,174,27,39,27,001,47,3*75
$GBGSV,3,1,10,12,22,104,34,19,26,074,48,20,15,122,15,22,13,022,27,5*77
$GBGSV,3,2,10,24,26,233,24,26,51,288,19,29,22,117,22,31,37,253,18,5*79
$GBGSV,3,3,10,35,59,174,21,39,27,001,44,5*76
$GBGSV,3,1,09,12,22,104,30,19,26,074,44,20,15,122,23,22,13,022,17,8*7C
$GBGSV,3,2,09,24,26,233,28,26,51,288,19,29,22,117,25,35,59,174,28,8*7E
$GBGSV,3,3,09,39,27,001,47,8*4B
$GBGSV,1,1,01,11,02,109,,0*4C
$GNGLL,3001.74312,S,05112.75026,W,171233.00,A,A*7D
$GNRMC,171234.00,A,3001.74311,S,05112.75026,W,0.013,,090926,,,A,V*1C
$GNVTG,,T,,M,0.013,N,0.024,K,A*39
$GNGGA,171234.00,3001.74311,S,05112.75026,W,1,12,0.58,50.2,M,4.8,M,,*49
$GNGSA,M,3,12,13,18,23,25,26,28,29,31,05,,,1.18,0.58,1.02,1*07
$GNGSA,M,3,16,25,36,02,10,11,,,,,,,1.18,0.58,1.02,3*0F
$GNGSA,M,3,12,19,20,22,24,26,29,35,39,,,,1.18,0.58,1.02,4*02
$GPGSV,3,1,10,05,34,128,43,10,02,342,33,12,17,034,35,13,11,030,22,1*6A
$GPGSV,3,2,10,18,68,247,21,23,29,357,43,25,49,019,50,26,29,227,17,1*64
$GPGSV,3,3,10,29,57,141,40,31,20,264,24,1*6A
$GPGSV,3,1,10,05,34,128,39,10,02,342,33,12,17,034,28,13,11,030,20,6*6E
$GPGSV,3,2,10,23,29,357,40,25,49,019,45,26,29,227,20,28,20,296,22,6*60
$GPGSV,3,3,10,29,57,141,31,31,20,264,26,6*69
$GPGSV,2,1,07,10,02,342,27,13,11,030,27,18,68,247,28,23,29,357,46,8*6B
$GPGSV,2,2,07,25,49,019,53,26,29,227,24,28,20,296,19,8*5D
$GPGSV,1,1,04,15,11,062,,16,02,219,,20,03,089,,21,05,144,,0*69
$GAGSV,2,1,07,02,35,221,17,10,34,142,35,11,62,156,25,14,21,088,30,1*71
$GAGSV,2,2,07,16,36,041,41,25,88,043,35,36,59,293,19,1*4F
$GAGSV,1,1,02,16,36,041,49,25,88,043,37,5*7D
$GAGSV,2,1,06,10,34,142,32,11,62,156,28,14,21,088,29,16,36,041,47,7*73
$GAGSV,2,2,06,25,88,043,37,36,59,293,24,7*76
$GAGSV,1,1,02,12,11,137,,34,10,310,,0*74
$GBGSV,3,1,10,12,22,104,19,19,26,074,45,20,15,122,23,22,13,022,29,3*78
$GBGSV,3,2,10,24,26,233,11,26,51,288,20,29,22,117,36,31,37,253,13,3*7D
$GBGSV,3,3,10,35,59,174,28,39,27,001,47,3*7A
$GBGSV,3,1,10,12,22,104,34,19,26,074,48,20,15,122,17,22,13,022,27,5*75
$GBGSV,3,2,10,24,26,233,25,26,51,288,19,29,22,117,22,31,37,253,19,5*79
$GBGSV,3,3,10,35,59,174,21,39,27,001,44,5*76
$GBGSV,3,1,10,12,22,104,30,19,26,074,44,20,15,122,23,22,13,022,16,8*75
$GBGSV,3,2,10,24,26,233,28,26,51,288,19,29,22,117,25,31,37,253,15,8*72
$GBGSV,3,3,10,35,59,174,28,39,27,001,47,8*71
$GBGSV,1,1,01,11,02,109,,0*4C
$GNGLL,3001.74311,S,05112.75026,W,171234.00,A,A*79
$GNRMC,171235.00,A,3001.74311,S,05112.75026,W,0.016,,090926,,,A,V*18
$GNVTG,,T,,M,0.016,N,0.030,K,A*39
$GNGGA,171235.00,3001.74311,S,05112.75026,W,1,12,0.58,50.2,M,4.8,M,,*48
$GNGSA,M,3,12,13,18,23,25,26,28,29,31,05,,,1.18,0.58,1.02,1*07
$GNGSA,M,3,16,25,36,02,10,11,,,,,,,1.18,0.58,1.02,3*0F
$GNGSA,M,3,12,19,20,22,24,26,29,35,39,,,,1.18,0.58,1.02,4*02
$GPGSV,3,1,10,05,34,128,42,10,02,342,33,12,17,034,35,13,11,030,23,1*6A
$GPGSV,3,2,10,18,68,247,21,23,29,357,43,25,49,019,50,26,29,227,17,1*64
$GPGSV,3,3,10,29,57,141,40,31,20,264,24,1*6A
$GPGSV,3,1,10,05,34,128,39,10,02,342,33,12,17,034,28,13,11,030,20,6*6E
$GPGSV,3,2,10,23,29,357,40,25,49,019,45,26,29,227,20,28,20,296,22,6*60
$GPGSV,3,3,10,29,57,141,31,31,20,264,26,6*69
$GPGSV,2,1,07,10,02,342,27,13,11,030,27,18,68,247,28,23,29,357,46,8*6B
$GPGSV,2,2,07,25,49,019,53,26,29,227,24,28,20,296,19,8*5D
$GPGSV,1,1,04,15,11,062,,16,02,219,,20,03,089,,21,05,144,,0*69
$GAGSV,2,1,07,02,35,221,15,10,34,142,35,11,62,156,25,14,21,088,30,1*73
$GAGSV,2,2,07,16,36,041,41,25,88,043,36,36,59,293,19,1*4C
$GAGSV,1,1,02,16,36,041,49,25,88,043,37,5*7D
$GAGSV,2,1,06,10,34,142,32,11,62,156,28,14,21,088,29,16,36,041,47,7*73
$GAGSV,2,2,06,25,88,043,37,36,59,293,25,7*77
$GAGSV,1,1,02,12,11,137,,34,10,310,,0*74
$GBGSV,3,1,10,12,22,104,18,19,26,074,45,20,15,122,23,22,13,022,29,3*79
$GBGSV,3,2,10,24,26,233,14,26,51,288,21,29,22,117,36,31,37,253,14,3*7E
$GBGSV,3,3,10,35,59,174,28,39,27,001,47,3*7A
$GBGSV,3,1,10,12,22,104,33,19,26,074,48,20,15,122,16,22,13,022,27,5*73
$GBGSV,3,2,10,24,26,233,24,26,51,288,19,29,22,117,22,31,37,253,19,5*78
$GBGSV,3,3,10,35,59,174,22,39,27,001,44,5*75
$GBGSV,3,1,10,12,22,104,30,19,26,074,44,20,15,122,23,22,13,022,16,8*75
$GBGSV,3,2,10,24,26,233,28,26,51,288,19,29,22,117,25,31,37,253,14,8*73
$GBGSV,3,3,10,35,59,174,28,39,27,001,47,8*71
$GBGSV,1,1,01,11,02,109,,0*4C
$GNGLL,3001.74311,S,05112.75026,W,171235.00,A,A*78
$GNRMC,171236.00,A,3001.74311,S,05112.75027,W,0.024,,090926,,,A,V*1B
$GNVTG,,T,,M,0.024,N,0.045,K,A*3A
$GNGGA,171236.00,3001.74311,S,05112.75027,W,1,12,0.58,50.1,M,4.8,M,,*49
$GNGSA,M,3,12,13,18,23,25,26,28,29,31,05,,,1.18,0.58,1.02,1*07
$GNGSA,M,3,16,25,36,02,10,11,,,,,,,1.18,0.58,1.02,3*0F
$GNGSA,M,3,12,19,20,22,24,26,29,35,39,,,,1.18,0.58,1.02,4*02
$GPGSV,3,1,10,05,34,128,43,10,02,342,33,12,17,034,35,13,11,030,23,1*6B
$GPGSV,3,2,10,18,68,247,21,23,29,357,43,25,49,019,50,26,29,227,16,1*65
$GPGSV,3,3,10,29,57,141,40,31,20,264,25,1*6B
$GPGSV,3,1,10,05,34,128,38,10,02,342,34,12,17,034,28,13,11,030,20,6*68
$GPGSV,3,2,10,23,29,357,40,25,49,019,45,26,29,227,20,28,20,296,22,6*60
$GPGSV,3,3,10,29,57,141,31,31,20,264,26,6*69
$GPGSV,2,1,07,10,02,342,27,13,11,030,27,18,68,247,27,23,29,357,47,8*65
$GPGSV,2,2,07,25,49,019,53,26,29,227,25,28,20,296,18,8*5D
$GPGSV,1,1,04,15,11,062,,16,02,219,,20,03,089,,21,05,144,,0*69
$GAGSV,2,1,07,02,35,221,15,10,34,142,34,11,62,156,25,14,21,088,30,1*72
$GAGSV,2,2,07,16,36,041,41,25,88,043,36,36,59,293,20,1*46
$GAGSV,1,1,02,16,36,041,49,25,88,043,37,5*7D
$GAGSV,2,1,06,10,34,142,32,11,62,156,28,14,21,088,29,16,36,041,47,7*73
$GAGSV,2,2,06,25,88,043,37,36,59,293,24,7*76
$GAGSV,1,1,02,12,11,137,,34,10,310,,0*74
$GBGSV,3,1,10,12,22,104,19,19,26,074,45,20,15,122,23,22,13,022,29,3*78
$GBGSV,3,2,10,24,26,233,17,26,51,288,21,29,22,117,37,31,37,253,15,3*7D
$GBGSV,3,3,10,35,59,174,28,39,27,001,47,3*7A
$GBGSV,3,1,10,12,22,104,33,19,26,074,48,20,15,122,17,22,13,022,27,5*72
$GBGSV,3,2,10,24,26,233,24,26,51,288,20,29,22,117,22,31,37,253,18,5*73
$GBGSV,3,3,10,35,59,174,22,39,27,001,44,5*75
$GBGSV,3,1,10,12,22,104,31,19,26,074,44,20,15,122,24,22,13,022,16,8*73
$GBGSV,3,2,10,24,26,233,28,26,51,288,18,29,22,117,24,31,37,253,14,8*73
$GBGSV,3,3,10,35,59,174,28,39,27,001,47,8*71
$GBGSV,1,1,01,11,02,109,,0*4C
$GNGLL,3001.74311,S,05112.75027,W,171236.00,A,A*7A
$GNRMC,171237.00,A,3001.74311,S,05112.75027,W,0.023,,090926,,,A,V*1D
$GNVTG,,T,,M,0.023,N,0.043,K,A*3B
$GNGGA,171237.00,3001.74311,S,05112.75027,W,1,12,0.58,50.1,M,4.8,M,,*48
$GNGSA,M,3,12,13,18,23,25,26,28,29,31,05,,,1.18,0.58,1.02,1*07
$GNGSA,M,3,16,25,36,02,10,11,,,,,,,1.18,0.58,1.02,3*0F
$GNGSA,M,3,12,19,20,22,24,26,29,35,39,,,,1.18,0.58,1.02,4*02
$GPGSV,3,1,10,05,34,128,43,10,02,342,33,12,17,034,35,13,11,030,23,1*6B
$GPGSV,3,2,10,18,68,247,21,23,29,357,43,25,49,019,50,26,29,227,17,1*64
$GPGSV,3,3,10,29,57,141,40,31,20,264,24,1*6A
$GPGSV,3,1,10,05,34,128,39,10,02,342,34,12,17,034,28,13,11,030,20,6*69
$GPGSV,3,2,10,23,29,357,40,25,49,019,45,26,29,227,20,28,20,296,23,6*61
$GPGSV,3,3,10,29,57,141,31,31,20,264,26,6*69
$GPGSV,2,1,07,10,02,342,27,13,11,030,27,18,68,247,28,23,29,357,46,8*6B
$GPGSV,2,2,07,25,49,019,53,26,29,227,24,28,20,296,17,8*53
$GPGSV,1,1,04,15,11,062,,16,02,219,,20,03,089,,21,05,144,,0*69
$GAGSV,2,1,07,02,35,221,15,10,34,142,34,11,62,156,25,14,21,088,30,1*72
$GAGSV,2,2,07,16,36,041,41,25,88,043,35,36,59,293,20,1*45
$GAGSV,1,1,02,16,36,041,49,25,88,043,37,5*7D
$GAGSV,2,1,06,10,34,142,32,11,62,156,28,14,21,088,29,16,36,041,47,7*73
$GAGSV,2,2,06,25,88,043,37,36,59,293,24,7*76
$GAGSV,1,1,02,12,11,137,,34,10,310,,0*74
$GBGSV,3,1,10,12,22,104,18,19,26,074,45,20,15,122,23,22,13,022,29,3*79
$GBGSV,3,2,10,24,26,233,14,26,51,288,21,29,22,117,36,31,37,253,14,3*7E
$GBGSV,3,3,10,35,59,174,28,39,27,001,47,3*7A
$GBGSV,3,1,10,12,22,104,33,19,26,074,48,20,15,122,17,22,13,022,27,5*72
$GBGSV,3,2,10,24,26,233,23,26,51,288,20,29,22,117,22,31,37,253,17,5*7B
$GBGSV,3,3,10,35,59,174,22,39,27,001,44,5*75
$GBGSV,3,1,10,12,22,104,31,19,26,074,44,20,15,122,23,22,13,022,16,8*74
$GBGSV,3,2,10,24,26,233,28,26,51,288,18,29,22,117,23,31,37,253,15,8*75
$GBGSV,3,3,10,35,59,174,29,39,27,001,47,8*70
$GBGSV,1,1,01,11,02,109,,0*4C
$GNGLL,3001.74311,S,05112.75027,W,171237.00,A,A*7B
$GNRMC,171238.00,A,3001.74311,S,05112.75027,W,0.019,,090926,,,A,V*1B
$GNVTG,,T,,M,0.019,N,0.035,K,A*33
$GNGGA,171238.00,3001.74311,S,05112.75027,W,1,12,0.56,50.1,M,4.8,M,,*49
$GNGSA,M,3,12,13,18,23,25,26,28,29,31,05,,,1.17,0.56,1.02,1*06
$GNGSA,M,3,16,25,36,02,10,11,,,,,,,1.17,0.56,1.02,3*0E
$GNGSA,M,3,12,19,20,22,24,26,29,31,35,39,,,1.17,0.56,1.02,4*01
$GPGSV,3,1,10,05,34,128,43,10,02,342,33,12,17,034,35,13,11,030,24,1*6C
$GPGSV,3,2,10,18,68,247,21,23,29,357,43,25,49,019,50,26,29,227,17,1*64
$GPGSV,3,3,10,29,57,141,40,31,20,264,24,1*6A
$GPGSV,3,1,10,05,34,128,38,10,02,342,34,12,17,034,28,13,11,030,21,6*69
$GPGSV,3,2,10,23,29,357,40,25,49,019,45,26,29,227,20,28,20,296,22,6*60
$GPGSV,3,3,10,29,57,141,31,31,20,264,26,6*69
$GPGSV,2,1,07,10,02,342,27,13,11,030,27,18,68,247,28,23,29,357,47,8*6A
$GPGSV,2,2,07,25,49,019,53,26,29,227,24,28,20,296,18,8*5C
$GPGSV,1,1,04,15,11,062,,16,02,219,,20,03,089,,21,05,144,,0*69
$GAGSV,2,1,07,02,35,221,15,10,34,142,35,11,62,156,25,14,21,088,30,1*73
$GAGSV,2,2,07,16,36,041,41,25,88,043,36,36,59,293,19,1*4C
$GAGSV,1,1,02,16,36,041,49,25,88,043,37,5*7D
$GAGSV,2,1,06,10,34,142,32,11,62,156,28,14,21,088,29,16,36,041,47,7*73
$GAGSV,2,2,06,25,88,043,37,36,59,293,23,7*71
$GAGSV,1,1,02,12,11,137,,34,10,310,,0*74
$GBGSV,3,1,10,12,22,104,17,19,26,074,45,20,15,122,23,22,13,022,28,3*77
$GBGSV,3,2,10,24,26,233,12,26,51,288,20,29,22,117,36,31,37,253,12,3*7F
$GBGSV,3,3,10,35,59,174,28,39,27,001,47,3*7A
$GBGSV,3,1,10,12,22,104,33,19,26,074,48,20,15,122,17,22,13,022,27,5*72
$GBGSV,3,2,10,24,26,233,22,26,51,288,20,29,22,117,21,31,37,253,18,5*76
$GBGSV,3,3,10,35,59,174,22,39,27,001,44,5*75
$GBGSV,3,1,10,12,22,104,31,19,26,074,44,20,15,122,23,22,13,022,16,8*74
$GBGSV,3,2,10,24,26,233,28,26,51,288,18,29,22,117,23,31,37,253,15,8*75
$GBGSV,3,3,10,35,59,174,29,39,27,001,47,8*70
$GBGSV,1,1,01,11,02,109,,0*4C
$GNGLL,3001.74311,S,05112.75027,W,171238.00,A,A*74
$GNRMC,171239.00,A,3001.74311,S,05112.75027,W,0.012,,090926,,,A,V*11
$GNVTG,,T,,M,0.012,N,0.022,K,A*3E
$GNGGA,171239.00,3001.74311,S,05112.75027,W,1,12,0.58,50.1,M,4.8,M,,*46
$GNGSA,M,3,12,13,18,23,25,26,28,29,31,05,,,1.18,0.58,1.02,1*07
$GNGSA,M,3,16,25,36,02,10,11,,,,,,,1.18,0.58,1.02,3*0F
$GNGSA,M,3,12,19,20,22,24,26,29,35,39,,,,1.18,0.58,1.02,4*02
$GPGSV,3,1,10,05,34,128,43,10,02,342,33,12,17,034,35,13,11,030,24,1*6C
$GPGSV,3,2,10,18,68,247,21,23,29,357,43,25,49,019,50,26,29,227,17,1*64
$GPGSV,3,3,10,29,57,141,40,31,20,264,24,1*6A
$GPGSV,3,1,10,05,34,128,39,10,02,342,34,12,17,034,28,13,11,030,21,6*68
$GPGSV,3,2,10,23,29,357,40,25,49,019,45,26,29,227,20,28,20,296,22,6*60
$GPGSV,3,3,10,29,57,141,31,31,20,264,26,6*69
$GPGSV,2,1,07,10,02,342,26,13,11,030,27,18,68,247,28,23,29,357,47,8*6B
$GPGSV,2,2,07,25,49,019,53,26,29,227,24,28,20,296,17,8*53
$GPGSV,1,1,04,15,11,062,,16,02,219,,20,03,089,,21,05,144,,0*69
$GAGSV,2,1,07,02,35,221,15,10,34,142,35,11,62,156,25,14,21,088,30,1*73
$GAGSV,2,2,07,16,36,041,41,25,88,043,36,36,59,293,19,1*4C
$GAGSV,1,1,02,16,36,041,49,25,88,043,37,5*7D
$GAGSV,2,1,06,10,34,142,32,11,62,156,28,14,21,088,29,16,36,041,47,7*73
$GAGSV,2,2,06,25,88,043,37,36,59,293,22,7*70
$GAGSV,1,1,02,12,11,137,,34,10,310,,0*74
$GBGSV,3,1,10,12,22,104,18,19,26,074,45,20,15,122,23,22,13,022,28,3*78
$GBGSV,3,2,10,24,26,233,11,26,51,288,20,29,22,117,37,31,37,253,12,3*7D
$GBGSV,3,3,10,35,59,174,28,39,27,001,47,3*7A
$GBGSV,3,1,10,12,22,104,33,19,26,074,48,20,15,122,17,22,13,022,27,5*72
$GBGSV,3,2,10,24,26,233,21,26,51,288,19,29,22,117,21,31,37,253,18,5*7F
$GBGSV,3,3,10,35,59,174,22,39,27,001,44,5*75
$GBGSV,3,1,10,12,22,104,31,19,26,074,44,20,15,122,24,22,13,022,15,8*70
$GBGSV,3,2,10,24,26,233,28,26,51,288,18,29,22,117,22,31,37,253,13,8*72
$GBGSV,3,3,10,35,59,174,28,39,27,001,47,8*71
$GBGSV,1,1,01,11,02,109,,0*4C
$GNGLL,3001.74311,S,05112.75027,W,171239.00,A,A*75
$GNRMC,171240.00,A,3001.74310,S,05112.75027,W,0.007,,090926,,,A,V*1A
$GNVTG,,T,,M,0.007,N,0.014,K,A*3F
$GNGGA,171240.00,3001.74310,S,05112.75027,W,1,12,0.61,50.1,M,4.8,M,,*43
$GNGSA,M,3,12,13,18,23,25,26,28,29,31,05,,,1.20,0.61,1.03,1*07
$GNGSA,M,3,16,25,36,10,11,,,,,,,,1.20,0.61,1.03,3*0D
$GNGSA,M,3,12,19,20,22,24,26,29,35,39,,,,1.20,0.61,1.03,4*02
$GPGSV,3,1,10,05,34,128,42,10,02,342,33,12,17,034,35,13,11,030,24,1*6D
$GPGSV,3,2,10,18,68,247,20,23,29,357,43,25,49,019,50,26,29,227,17,1*65
$GPGSV,3,3,10,29,57,141,40,31,20,264,23,1*6D
$GPGSV,3,1,10,05,34,128,38,10,02,342,34,12,17,034,28,13,11,030,21,6*69
$GPGSV,3,2,10,23,29,357,40,25,49,019,45,26,29,227,20,28,20,296,21,6*63
$GPGSV,3,3,10,29,57,141,31,31,20,264,26,6*69
$GPGSV,2,1,07,10,02,342,27,13,11,030,27,18,68,247,28,23,29,357,47,8*6A
$GPGSV,2,2,07,25,49,019,53,26,29,227,25,28,20,296,17,8*52
$GPGSV,1,1,04,15,11,062,,16,02,219,,20,03,089,,21,05,144,,0*69
$GAGSV,2,1,07,02,35,221,14,10,34,142,35,11,62,156,26,14,21,088,30,1*71
$GAGSV,2,2,07,16,36,041,41,25,88,043,36,36,59,293,19,1*4C
$GAGSV,1,1,02,16,36,041,49,25,88,043,37,5*7D
$GAGSV,2,1,06,10,34,142,32,11,62,156,28,14,21,088,29,16,36,041,47,7*73
$GAGSV,2,2,06,25,88,043,37,36,59,293,22,7*70
$GAGSV,1,1,02,12,11,137,,34,10,310,,0*74
$GBGSV,3,1,10,12,22,104,18,19,26,074,45,20,15,122,24,22,13,022,29,3*7E
$GBGSV,3,2,10,24,26,233,12,26,51,288,20,29,22,117,37,31,37,253,11,3*7D
$GBGSV,3,3,10,35,59,174,28,39,27,001,47,3*7A
$GBGSV,3,1,10,12,22,104,32,19,26,074,48,20,15,122,17,22,13,022,26,5*72
$GBGSV,3,2,10,24,26,233,21,26,51,288,19,29,22,117,20,31,37,253,18,5*7E
$GBGSV,3,3,10,35,59,174,22,39,27,001,44,5*75
$GBGSV,3,1,10,12,22,104,31,19,26,074,44,20,15,122,24,22,13,022,15,8*70
$GBGSV,3,2,10,24,26,233,28,26,51,288,19,29,22,117,23,31,37,253,12,8*73
$GBGSV,3,3,10,35,59,174,29,39,27,001,47,8*70
$GBGSV,1,1,01,11,02,109,,0*4C
$GNGLL,3001.74310,S,05112.75027,W,171240.00,A,A*7A
$GNRMC,171241.00,A,3001.74310,S,05112.75027,W,0.022,,090926,,,A,V*1C
$GNVTG,,T,,M,0.022,N,0.040,K,A*39
$GNGGA,171241.00,3001.74310,S,05112.75027,W,1,12,0.58,50.1,M,4.8,M,,*48
$GNGSA,M,3,12,13,18,23,25,26,28,29,31,05,,,1.18,0.58,1.02,1*07
$GNGSA,M,3,16,25,36,02,10,11,,,,,,,1.18,0.58,1.02,3*0F
$GNGSA,M,3,12,19,20,22,24,26,29,35,39,,,,1.18,0.58,1.02,4*02
$GPGSV,3,1,10,05,34,128,42,10,02,342,32,12,17,034,35,13,11,030,24,1*6C
$GPGSV,3,2,10,18,68,247,20,23,29,357,43,25,49,019,50,26,29,227,15,1*67
$GPGSV,3,3,10,29,57,141,40,31,20,264,23,1*6D
$GPGSV,3,1,10,05,34,128,39,10,02,342,34,12,17,034,28,13,11,030,21,6*68
$GPGSV,3,2,10,23,29,357,40,25,49,019,45,26,29,227,20,28,20,296,21,6*63
$GPGSV,3,3,10,29,57,141,31,31,20,264,26,6*69
$GPGSV,2,1,07,10,02,342,27,13,11,030,27,18,68,247,27,23,29,357,47,8*65
$GPGSV,2,2,07,25,49,019,53,26,29,227,24,28,20,296,17,8*53
$GPGSV,1,1,04,15,11,062,,16,02,219,,20,03,089,,21,05,144,,0*69
$GAGSV,2,1,07,02,35,221,15,10,34,142,35,11,62,156,26,14,21,088,31,1*71
$GAGSV,2,2,07,16,36,041,41,25,87,036,36,36,59,293,20,1*4B
$GAGSV,1,1,02,16,36,041,49,25,87,036,37,5*70
$GAGSV,2,1,06,10,34,142,32,11,62,156,28,14,21,088,29,16,36,041,47,7*73
$GAGSV,2,2,06,25,87,036,37,36,59,293,23,7*7C
$GAGSV,1,1,02,12,11,137,,34,10,310,,0*74
$GBGSV,3,1,10,12,22,104,19,19,26,074,45,20,15,122,24,22,13,022,28,3*7E
$GBGSV,3,2,10,24,26,233,16,26,51,288,19,29,22,117,36,31,37,253,12,3*71
$GBGSV,3,3,10,35,59,174,28,39,27,001,47,3*7A
$GBGSV,3,1,10,12,22,104,32,19,26,074,48,20,15,122,17,22,13,022,26,5*72
$GBGSV,3,2,10,24,26,233,21,26,51,288,19,29,22,117,20,31,37,253,18,5*7E
$GBGSV,3,3,10,35,59,174,22,39,27,001,44,5*75
$GBGSV,3,1,10,12,22,104,31,19,26,074,44,20,15,122,24,22,13,022,16,8*73
$GBGSV,3,2,10,24,26,233,27,26,51,288,19,29,22,117,24,31,37,253,14,8*7D
$GBGSV,3,3,10,35,59,174,28,39,27,001,47,8*71
$GBGSV,1,1,01,11,02,109,,0*4C
$GNGLL,3001.74310,S,05112.75027,W,171241.00,A,A*7B
$GNRMC,171242.00,A,3001.74310,S,05112.75028,W,0.021,,090926,,,A,V*13
$GNVTG,,T,,M,0.021,N,0.038,K,A*35
$GNGGA,171242.00,3001.74310,S,05112.75028,W,1,12,0.71,50.0,M,4.8,M,,*4E
$GNGSA,M,3,12,18,23,25,29,31,05,,,,,,1.51,0.71,1.33,1*0F
$GNGSA,M,3,16,25,36,02,10,11,,,,,,,1.51,0.71,1.33,3*0B
$GNGSA,M,3,12,19,22,24,26,29,31,35,39,,,,1.51,0.71,1.33,4*06
$GPGSV,3,1,10,05,34,128,42,10,02,342,32,12,17,034,35,13,11,030,24,1*6C
$GPGSV,3,2,10,18,68,247,20,23,29,357,43,25,49,019,50,26,29,227,14,1*66
$GPGSV,3,3,10,29,57,141,40,31,20,264,23,1*6D
$GPGSV,3,1,10,05,34,128,39,10,02,342,34,12,17,034,28,13,11,030,21,6*68
$GPGSV,3,2,10,23,29,357,40,25,49,019,45,26,29,227,21,28,20,296,21,6*62
$GPGSV,3,3,10,29,57,141,31,31,20,264,26,6*69
$GPGSV,2,1,07,10,02,342,27,13,11,030,27,18,68,247,27,23,29,357,47,8*65
$GPGSV,2,2,07,25,49,019,53,26,29,227,24,28,20,296,16,8*52
$GPGSV,1,1,04,15,11,062,,16,02,219,,20,03,089,,21,05,144,,0*69
$GAGSV,2,1,07,02,35,221,15,10,34,142,35,11,62,156,25,14,21,088,30,1*73
$GAGSV,2,2,07,16,36,041,41,25,87,036,36,36,59,293,20,1*4B
$GAGSV,1,1,02,16,36,041,49,25,87,036,37,5*70
$GAGSV,2,1,06,10,34,142,32,11,62,156,28,14,21,088,29,16,36,041,47,7*73
$GAGSV,2,2,06,25,87,036,38,36,59,293,22,7*72
$GAGSV,1,1,02,12,11,137,,34,10,310,,0*74
$GBGSV,3,1,10,12,22,104,20,19,26,074,45,20,15,122,24,22,13,022,28,3*74
$GBGSV,3,2,10,24,26,233,15,26,51,288,20,29,22,117,36,31,37,253,10,3*7A
$GBGSV,3,3,10,35,59,174,29,39,27,001,47,3*7B
$GBGSV,3,1,10,12,22,104,32,19,26,074,48,20,15,122,17,22,13,022,26,5*72
$GBGSV,3,2,10,24,26,233,21,26,51,288,19,29,22,117,20,31,37,253,17,5*71
$GBGSV,3,3,10,35,59,174,22,39,27,001,44,5*75
$GBGSV,3,1,10,12,22,104,30,19,26,074,44,20,15,122,24,22,13,022,16,8*72
$GBGSV,3,2,10,24,26,233,27,26,51,288,20,29,22,117,25,31,37,253,15,8*77
$GBGSV,3,3,10,35,59,174,29,39,27,001,47,8*70
$GBGSV,1,1,01,11,02,109,,0*4C
$GNGLL,3001.74310,S,05112.75028,W,171242.00,A,A*77
$GNRMC,171243.00,A,3001.74311,S,05112.75029,W,0.020,,090926,,,A,V*13
$GNVTG,,T,,M,0.020,N,0.038,K,A*34
$GNGGA,171243.00,3001.74311,S,05112.75029,W,1,12,0.81,50.0,M,4.8,M,,*40
$GNGSA,M,3,12,18,23,25,29,31,05,,,,,,1.55,0.81,1.32,1*05
$GNGSA,M,3,16,25,36,02,10,11,,,,,,,1.55,0.81,1.32,3*01
$GNGSA,M,3,12,19,20,22,26,29,35,39,,,,,1.55,0.81,1.32,4*0A
$GPGSV,3,1,10,05,34,128,42,10,02,342,32,12,17,034,35,13,11,030,25,1*6D
$GPGSV,3,2,10,18,68,247,19,23,29,357,43,25,49,019,50,26,29,227,13,1*6B
$GPGSV,3,3,10,29,57,141,40,31,20,264,23,1*6D
$GPGSV,3,1,10,05,34,128,39,10,02,342,34,12,17,034,28,13,11,030,21,6*68
$GPGSV,3,2,10,23,29,357,40,25,49,019,45,26,29,227,20,28,20,296,21,6*63
$GPGSV,3,3,10,29,57,141,31,31,20,264,26,6*69
$GPGSV,2,1,07,10,02,342,27,13,11,030,27,18,68,247,27,23,29,357,47,8*65
$GPGSV,2,2,07,25,49,019,53,26,29,227,24,28,20,296,15,8*51
$GPGSV,1,1,04,15,11,062,,16,02,219,,20,03,089,,21,05,144,,0*69
$GAGSV,2,1,07,02,35,221,16,10,34,142,35,11,62,156,26,14,21,088,30,1*73
$GAGSV,2,2,07,16,36,041,41,25,87,036,35,36,59,293,20,1*48
$GAGSV,1,1,02,16,36,041,49,25,87,036,37,5*70
$GAGSV,2,1,06,10,34,142,32,11,62,156,28,14,21,088,29,16,36,041,47,7*73
$GAGSV,2,2,06,25,87,036,38,36,59,293,22,7*72
$GAGSV,1,1,02,12,11,137,,34,10,310,,0*74
$GBGSV,3,1,10,12,22,104,21,19,26,074,45,20,15,122,24,22,13,022,29,3*74
$GBGSV,3,2,10,24,26,233,13,26,51,288,21,29,22,117,37,31,37,253,12,3*7E
$GBGSV,3,3,10,35,59,174,28,39,27,001,47,3*7A
$GBGSV,3,1,09,12,22,104,32,19,26,074,48,20,15,122,17,22,13,022,26,5*7A
$GBGSV,3,2,09,26,51,288,19,29,22,117,19,31,37,253,18,35,59,174,22,5*77
$GBGSV,3,3,09,39,27,001,44,5*45
$GBGSV,3,1,10,12,22,104,30,19,26,074,44,20,15,122,25,22,13,022,16,8*73
$GBGSV,3,2,10,24,26,233,28,26,51,288,19,29,22,117,25,31,37,253,14,8*73
$GBGSV,3,3,10,35,59,174,29,39,27,001,46,8*71
$GBGSV,1,1,01,11,02,109,,0*4C
$GNGLL,3001.74311,S,05112.75029,W,171243.00,A,A*76
$GNRMC,171244.00,A,3001.74310,S,05112.75028,W,0.004,,090926,,,A,V*12
$GNVTG,,T,,M,0.004,N,0.008,K,A*31
$GNGGA,171244.00,3001.74310,S,05112.75028,W,1,12,1.11,50.0,M,4.8,M,,*4F
$GNGSA,M,3,12,18,23,25,29,31,05,,,,,,1.94,1.11,1.60,1*07
$GNGSA,M,3,16,25,36,10,11,,,,,,,,1.94,1.11,1.60,3*01
$GNGSA,M,3,12,19,20,22,26,29,35,39,,,,,1.94,1.11,1.60,4*08
$GPGSV,3,1,10,05,34,128,41,10,02,342,32,12,17,034,35,13,11,030,25,1*6E
$GPGSV,3,2,10,18,68,247,18,23,29,357,43,25,49,019,50,26,29,227,12,1*6B
$GPGSV,3,3,10,29,57,141,40,31,20,264,23,1*6D
$GPGSV,3,1,10,05,34,128,38,10,02,342,34,12,17,034,28,13,11,030,21,6*69
$GPGSV,3,2,10,23,29,357,40,25,49,019,45,26,29,227,21,28,20,296,20,6*63
$GPGSV,3,3,10,29,57,141,31,31,20,264,26,6*69
$GPGSV,2,1,07,10,02,342,27,13,11,030,27,18,68,247,27,23,29,357,47,8*65
$GPGSV,2,2,07,25,49,019,53,26,29,227,24,28,20,296,15,8*51
$GPGSV,1,1,04,15,11,062,,16,02,219,,20,03,089,,21,05,144,,0*69
$GAGSV,2,1,07,02,35,221,14,10,34,142,34,11,62,156,25,14,21,088,30,1*73
$GAGSV,2,2,07,16,36,041,41,25,87,036,35,36,59,293,20,1*48
$GAGSV,1,1,02,16,36,041,49,25,87,036,37,5*70
$GAGSV,2,1,06,10,34,142,32,11,62,156,28,14,21,088,29,16,36,041,47,7*73
$GAGSV,2,2,06,25,87,036,38,36,59,293,21,7*71
$GAGSV,1,1,02,12,11,137,,34,10,310,,0*74
$GBGSV,3,1,10,12,22,104,22,19,26,074,45,20,15,122,25,22,13,022,28,3*77
$GBGSV,3,2,10,24,26,233,12,26,51,288,21,29,22,117,37,31,37,253,13,3*7E
$GBGSV,3,3,10,35,59,174,29,39,27,001,47,3*7B
$GBGSV,3,1,10,12,22,104,31,19,26,074,48,20,15,122,17,22,13,022,26,5*71
$GBGSV,3,2,10,24,26,233,19,26,51,288,19,29,22,117,18,31,37,253,18,5*7E
$GBGSV,3,3,10,35,59,174,21,39,27,001,44,5*76
$GBGSV,3,1,10,12,22,104,30,19,26,074,44,20,15,122,25,22,13,022,16,8*73
$GBGSV,3,2,10,24,26,233,28,26,51,288,19,29,22,117,25,31,37,253,13,8*74
$GBGSV,3,3,10,35,59,174,29,39,27,001,46,8*71
$GBGSV,1,1,01,11,02,109,,0*4C
$GNGLL,3001.74310,S,05112.75028,W,171244.00,A,A*71
$GNRMC,171245.00,A,3001.74310,S,05112.75029,W,0.018,,090926,,,A,V*1F
$GNVTG,,T,,M,0.018,N,0.033,K,A*34
$GNGGA,171245.00,3001.74310,S,05112.75029,W,1,12,0.73,49.9,M,4.8,M,,*4B
$GNGSA,M,3,12,18,23,25,29,31,05,,,,,,1.41,0.73,1.20,1*0E
$GNGSA,M,3,16,25,36,10,11,,,,,,,,1.41,0.73,1.20,3*08
$GNGSA,M,3,12,19,20,22,24,26,29,35,39,,,,1.41,0.73,1.20,4*07
$GPGSV,3,1,10,05,34,128,42,10,02,342,32,12,17,034,35,13,11,030,24,1*6C
$GPGSV,3,2,10,18,68,247,17,23,29,357,43,25,49,019,50,26,29,227,12,1*64
$GPGSV,3,3,10,29,57,141,40,31,20,264,23,1*6D
$GPGSV,3,1,10,05,34,128,39,10,02,342,34,12,17,034,28,13,11,030,21,6*68
$GPGSV,3,2,10,23,29,357,40,25,49,019,45,26,29,227,22,28,20,296,20,6*60
$GPGSV,3,3,10,29,57,141,31,31,20,264,26,6*69
$GPGSV,2,1,07,10,02,342,27,13,11,030,26,18,68,247,28,23,29,357,47,8*6B
$GPGSV,2,2,07,25,49,019,53,26,29,227,24,28,20,296,14,8*50
$GPGSV,1,1,04,15,11,062,,16,02,219,,20,03,089,,21,05,144,,0*69
$GAGSV,2,1,07,02,35,221,14,10,34,142,34,11,62,156,26,14,21,088,30,1*70
$GAGSV,2,2,07,16,36,041,41,25,87,036,35,36,59,293,19,1*42
$GAGSV,1,1,02,16,36,041,49,25,87,036,37,5*70
$GAGSV,2,1,06,10,34,142,32,11,62,156,28,14,21,088,29,16,36,041,47,7*73
$GAGSV,2,2,06,25,87,036,38,36,59,293,21,7*71
$GAGSV,1,1,02,12,11,137,,34,10,310,,0*74
$GBGSV,3,1,10,12,22,104,23,19,26,074,45,20,15,122,25,22,13,022,28,3*76
$GBGSV,3,2,10,24,26,233,16,26,51,288,21,29,22,117,37,31,37,253,14,3*7D
$GBGSV,3,3,10,35,59,174,29,39,27,001,47,3*7B
$GBGSV,3,1,10,12,22,104,31,19,26,074,48,20,15,122,18,22,13,022,26,5*7E
$GBGSV,3,2,10,24,26,233,18,26,51,288,19,29,22,117,18,31,37,253,19,5*7E
$GBGSV,3,3,10,35,59,174,22,39,27,001,44,5*75
$GBGSV,3,1,10,12,22,104,30,19,26,074,44,20,15,122,25,22,13,022,17,8*72
$GBGSV,3,2,10,24,26,233,28,26,51,288,18,29,22,117,24,31,37,253,13,8*74
$GBGSV,3,3,10,35,59,174,28,39,27,001,46,8*70
$GBGSV,1,1,01,11,02,109,,0*4C
$GNGLL,3001.74310,S,05112.75029,W,171245.00,A,A*71
$GNRMC,171246.00,A,3001.74310,S,05112.75030,W,0.010,,090926,,,A,V*1C
$GNVTG,,T,,M,0.010,N,0.019,K,A*34
$GNGGA,171246.00,3001.74310,S,05112.75030,W,1,12,0.73,49.9,M,4.8,M,,*40
$GNGSA,M,3,12,18,23,25,29,31,05,,,,,,1.41,0.73,1.20,1*0E
$GNGSA,M,3,16,25,36,10,11,,,,,,,,1.41,0.73,1.20,3*08
$GNGSA,M,3,12,19,20,22,24,26,29,35,39,,,,1.41,0.73,1.20,4*07
$GPGSV,3,1,10,05,34,128,42,10,02,342,32,12,17,034,35,13,11,030,24,1*6C
$GPGSV,3,2,10,18,68,247,17,23,29,357,43,25,49,019,50,26,29,227,12,1*64
$GPGSV,3,3,10,29,57,141,40,31,20,264,22,1*6C
$GPGSV,3,1,10,05,34,128,39,10,02,342,33,12,17,034,28,13,11,030,21,6*6F
$GPGSV,3,2,10,23,29,357,40,25,49,019,45,26,29,227,22,28,20,296,19,6*6A
$GPGSV,3,3,10,29,57,141,31,31,20,264,26,6*69
$GPGSV,2,1,07,10,02,342,27,13,11,030,26,18,68,247,28,23,29,357,47,8*6B
$GPGSV,2,2,07,25,49,019,53,26,29,227,24,28,20,296,14,8*50
$GPGSV,1,1,04,15,11,062,,16,02,219,,20,03,089,,21,05,144,,0*69
$GAGSV,2,1,07,02,35,221,13,10,34,142,34,11,62,156,26,14,21,088,30,1*77
$GAGSV,2,2,07,16,36,041,41,25,87,036,35,36,59,293,19,1*42
$GAGSV,1,1,02,16,36,041,49,25,87,036,37,5*70
$GAGSV,2,1,06,10,34,142,32,11,62,156,27,14,21,088,29,16,36,041,47,7*7C
$GAGSV,2,2,06,25,87,036,38,36,59,293,20,7*70
$GAGSV,1,1,02,12,11,137,,34,10,310,,0*74
$GBGSV,3,1,10,12,22,104,23,19,26,074,45,20,15,122,25,22,13,022,29,3*77
$GBGSV,3,2,10,24,26,233,15,26,51,288,21,29,22,117,37,31,37,253,13,3*79
$GBGSV,3,3,10,35,59,174,29,39,27,001,47,3*7B
$GBGSV,3,1,10,12,22,104,31,19,26,074,48,20,15,122,18,22,13,022,26,5*7E
$GBGSV,3,2,10,24,26,233,18,26,51,288,18,29,22,117,20,31,37,253,18,5*75
$GBGSV,3,3,10,35,59,174,21,39,27,001,44,5*76
$GBGSV,3,1,10,12,22,104,31,19,26,074,44,20,15,122,25,22,13,022,17,8*73
$GBGSV,3,2,10,24,26,233,27,26,51,288,19,29,22,117,24,31,37,253,13,8*7A
$GBGSV,3,3,10,35,59,174,28,39,27,001,46,8*70
$GBGSV,1,1,01,11,02,109,,0*4C
$GNGLL,3001.74310,S,05112.75030,W,171246.00,A,A*7A
$GNRMC,171247.00,A,3001.74311,S,05112.75030,W,0.027,,090926,,,A,V*18
$GNVTG,,T,,M,0.027,N,0.050,K,A*3D
$GNGGA,171247.00,3001.74311,S,05112.75030,W,1,12,0.73,49.9,M,4.8,M,,*40
$GNGSA,M,3,12,18,23,25,29,31,05,,,,,,1.41,0.73,1.20,1*0E
$GNGSA,M,3,16,25,36,10,11,,,,,,,,1.41,0.73,1.20,3*08
$GNGSA,M,3,12,19,20,22,24,26,29,35,39,,,,1.41,0.73,1.20,4*07
$GPGSV,3,1,10,05,34,128,42,10,02,342,32,12,17,034,35,13,11,030,25,1*6D
$GPGSV,3,2,10,18,68,247,16,23,29,357,43,25,49,019,50,26,29,227,09,1*6F
$GPGSV,3,3,10,29,57,141,40,31,20,264,22,1*6C
$GPGSV,3,1,10,05,34,128,39,10,02,342,33,12,17,034,28,13,11,030,21,6*6F
$GPGSV,3,2,10,23,29,357,40,25,49,019,45,26,29,227,22,28,20,296,19,6*6A
$GPGSV,3,3,10,29,57,141,31,31,20,264,26,6*69
$GPGSV,2,1,07,10,02,342,27,13,11,030,26,18,68,247,28,23,29,357,47,8*6B
$GPGSV,2,2,07,25,49,019,53,26,29,227,24,28,20,296,14,8*50
$GPGSV,1,1,04,15,11,062,,16,02,219,,20,03,089,,21,05,144,,0*69
$GAGSV,2,1,07,02,35,221,14,10,34,142,34,11,62,156,26,14,21,088,30,1*70
$GAGSV,2,2,07,16,36,041,41,25,87,036,35,36,59,293,20,1*48
$GAGSV,1,1,02,16,36,041,49,25,87,036,37,5*70
$GAGSV,2,1,06,10,34,142,32,11,62,156,27,14,21,088,29,16,36,041,47,7*7C
$GAGSV,2,2,06,25,87,036,38,36,59,293,19,7*7A
$GAGSV,1,1,02,12,11,137,,34,10,310,,0*74
$GBGSV,3,1,10,12,22,104,23,19,26,074,45,20,15,122,25,22,13,022,28,3*76
$GBGSV,3,2,10,24,26,233,16,26,51,288,21,29,22,117,37,31,37,253,12,3*7B
$GBGSV,3,3,10,35,59,174,29,39,27,001,47,3*7B
$GBGSV,3,1,10,12,22,104,31,19,26,074,48,20,15,122,18,22,13,022,26,5*7E
$GBGSV,3,2,10,24,26,233,19,26,51,288,18,29,22,117,20,31,37,253,17,5*7B
$GBGSV,3,3,10,35,59,174,21,39,27,001,44,5*76
$GBGSV,3,1,10,12,22,104,31,19,26,074,44,20,15,122,25,22,13,022,17,8*73
$GBGSV,3,2,10,24,26,233,27,26,51,288,19,29,22,117,25,31,37,253,12,8*7A
$GBGSV,3,3,10,35,59,174,28,39,27,001,46,8*70
$GBGSV,1,1,01,11,02,109,,0*4C
$GNGLL,3001.74311,S,05112.75030,W,171247.00,A,A*7A
$GNRMC,171248.00,A,3001.74311,S,05112.75031,W,0.020,,090926,,,A,V*11
$GNVTG,,T,,M,0.020,N,0.037,K,A*3B
$GNGGA,171248.00,3001.74311,S,05112.75031,W,1,12,0.82,49.8,M,4.8,M,,*41
$GNGSA,M,3,12,18,23,25,29,31,05,,,,,,1.64,0.82,1.42,1*03
$GNGSA,M,3,16,25,36,02,10,11,,,,,,,1.64,0.82,1.42,3*07
$GNGSA,M,3,12,19,22,24,26,29,35,39,,,,,1.64,0.82,1.42,4*08
$GPGSV,3,1,10,05,34,128,41,10,02,342,33,12,17,034,35,13,11,030,25,1*6F
$GPGSV,3,2,10,18,68,247,16,23,29,357,43,25,49,019,50,26,29,227,08,1*6E
$GPGSV,3,3,10,29,57,141,40,31,20,264,22,1*6C
$GPGSV,3,1,10,05,34,128,39,10,02,342,33,12,17,034,28,13,11,030,21,6*6F
$GPGSV,3,2,10,23,29,357,40,25,49,019,45,26,29,227,22,28,20,296,19,6*6A
$GPGSV,3,3,10,29,57,141,31,31,20,264,27,6*68
$GPGSV,2,1,07,10,02,342,27,13,11,030,26,18,68,247,28,23,29,357,47,8*6B
$GPGSV,2,2,07,25,49,019,53,26,29,227,24,28,20,296,13,8*57
$GPGSV,1,1,04,15,11,062,,16,02,219,,20,03,089,,21,05,144,,0*69
$GAGSV,2,1,07,02,35,221,15,10,34,142,34,11,62,156,26,14,21,088,30,1*71
$GAGSV,2,2,07,16,36,041,41,25,87,036,36,36,59,293,21,1*4A
$GAGSV,1,1,02,16,36,041,49,25,87,036,37,5*70
$GAGSV,2,1,06,10,34,142,32,11,62,156,27,14,21,088,29,16,36,041,47,7*7C
$GAGSV,2,2,06,25,87,036,38,36,59,293,19,7*7A
$GAGSV,1,1,02,12,11,137,,34,10,310,,0*74
$GBGSV,3,1,10,12,22,104,25,19,26,074,45,20,15,122,26,22,13,022,28,3*73
$GBGSV,3,2,10,24,26,233,12,26,51,288,21,29,22,117,37,31,37,253,11,3*7C
$GBGSV,3,3,10,35,59,174,29,39,27,001,47,3*7B
$GBGSV,3,1,10,12,22,104,31,19,26,074,48,20,15,122,17,22,13,022,26,5*71
$GBGSV,3,2,10,24,26,233,19,26,51,288,18,29,22,117,19,31,37,253,18,5*7E
$GBGSV,3,3,10,35,59,174,22,39,27,001,44,5*75
$GBGSV,3,1,10,12,22,104,31,19,26,074,44,20,15,122,25,22,13,022,18,8*7C
$GBGSV,3,2,10,24,26,233,27,26,51,288,19,29,22,117,23,31,37,253,12,8*7C
$GBGSV,3,3,10,35,59,174,29,39,27,001,46,8*71
$GBGSV,1,1,01,11,02,109,,0*4C
$GNGLL,3001.74311,S,05112.75031,W,171248.00,A,A*74
$GNRMC,171249.00,A,3001.74311,S,05112.75031,W,0.013,,090926,,,A,V*10
$GNVTG,,T,,M,0.013,N,0.024,K,A*39
$GNGGA,171249.00,3001.74311,S,05112.75031,W,1,12,0.66,49.8,M,4.8,M,,*4A
$GNGSA,M,3,12,18,23,25,29,31,05,,,,,,1.34,0.66,1.16,1*0D
$GNGSA,M,3,16,25,36,02,10,11,,,,,,,1.34,0.66,1.16,3*09
$GNGSA,M,3,12,19,20,22,24,26,29,35,39,,,,1.34,0.66,1.16,4*04
$GPGSV,3,1,10,05,34,128,41,10,02,342,33,12,17,034,35,13,11,030,25,1*6F
$GPGSV,3,2,10,18,68,247,16,23,29,357,43,25,49,019,50,26,29,227,12,1*65
$GPGSV,3,3,10,29,57,141,40,31,20,264,22,1*6C
$GPGSV,3,1,10,05,34,128,39,10,02,342,34,12,17,034,28,13,11,030,21,6*68
$GPGSV,3,2,10,23,29,357,40,25,49,019,45,26,29,227,22,28,20,296,19,6*6A
$GPGSV,3,3,10,29,57,141,31,31,20,264,26,6*69
$GPGSV,2,1,07,10,02,342,27,13,11,030,26,18,68,247,28,23,29,357,47,8*6B
$GPGSV,2,2,07,25,49,019,53,26,29,227,24,28,20,296,10,8*54
$GPGSV,1,1,04,15,11,062,,16,02,219,,20,03,089,,21,05,144,,0*69
$GAGSV,2,1,07,02,35,221,15,10,34,142,34,11,62,156,26,14,21,088,30,1*71
$GAGSV,2,2,07,16,36,041,41,25,87,036,35,36,59,293,21,1*49
$GAGSV,1,1,02,16,36,041,49,25,87,036,37,5*70
$GAGSV,2,1,06,10,34,142,32,11,62,156,27,14,21,088,29,16,36,041,47,7*7C
$GAGSV,2,2,06,25,87,036,38,36,59,293,17,7*74
$GAGSV,1,1,02,12,11,137,,34,10,309,,0*7C
$GBGSV,3,1,10,12,22,104,26,19,26,074,45,20,15,122,25,22,13,022,28,3*73
$GBGSV,3,2,10,24,26,233,16,26,51,288,21,29,22,117,37,31,37,253,12,3*7B
$GBGSV,3,3,10,35,59,174,29,39,27,001,47,3*7B
$GBGSV,3,1,10,12,22,104,30,19,26,074,48,20,15,122,15,22,13,022,26,5*72
$GBGSV,3,2,10,24,26,233,19,26,51,288,18,29,22,117,16,31,37,253,18,5*71
$GBGSV,3,3,10,35,59,174,22,39,27,001,44,5*75
$GBGSV,3,1,10,12,22,104,31,19,26,074,44,20,15,122,25,22,13,022,18,8*7C
$GBGSV,3,2,10,24,26,233,28,26,51,288,19,29,22,117,22,31,37,253,10,8*70
$GBGSV,3,3,10,35,59,174,29,39,27,001,46,8*71
$GBGSV,1,1,01,11,02,109,,0*4C
$GNGLL,3001.74311,S,05112.75031,W,171249.00,A,A*75
$GNRMC,171250.00,A,3001.74310,S,05112.75031,W,0.005,,090926,,,A,V*1E
$GNVTG,,T,,M,0.005,N,0.010,K,A*39
$GNGGA,171250.00,3001.74310,S,05112.75031,W,1,12,0.58,49.8,M,4.8,M,,*4E
$GNGSA,M,3,12,13,18,23,25,26,28,29,31,05,,,1.18,0.58,1.02,1*07
$GNGSA,M,3,16,25,36,02,10,11,,,,,,,1.18,0.58,1.02,3*0F
$GNGSA,M,3,12,19,20,22,24,26,29,35,39,,,,1.18,0.58,1.02,4*02
$GPGSV,3,1,10,05,34,128,42,10,02,342,33,12,17,034,35,13,11,030,25,1*6C
$GPGSV,3,2,10,18,68,247,16,23,29,357,43,25,49,019,50,26,29,227,11,1*66
$GPGSV,3,3,10,29,57,141,40,31,20,264,22,1*6C
$GPGSV,3,1,10,05,34,128,39,10,02,342,34,12,17,034,28,13,11,030,21,6*68
$GPGSV,3,2,10,23,29,357,40,25,49,019,45,26,29,227,23,28,20,296,19,6*6B
$GPGSV,3,3,10,29,57,141,31,31,20,264,26,6*69
$GPGSV,2,1,07,10,02,342,27,13,11,030,26,18,68,247,28,23,29,357,47,8*6B
$GPGSV,2,2,07,25,49,019,53,26,29,227,24,28,20,296,11,8*55
$GPGSV,1,1,04,15,11,062,,16,02,219,,20,03,089,,21,05,144,,0*69
$GAGSV,2,1,07,02,35,221,15,10,34,142,34,11,62,156,26,14,21,088,30,1*71
$GAGSV,2,2,07,16,36,041,41,25,87,036,35,36,60,292,21,1*42
$GAGSV,1,1,02,16,36,041,49,25,87,036,37,5*70
$GAGSV,2,1,06,10,34,142,32,11,62,156,27,14,21,088,29,16,36,041,47,7*7C
$GAGSV,2,2,06,25,87,036,38,36,60,292,17,7*7F
$GAGSV,1,1,02,12,11,137,,34,10,309,,0*7C
$GBGSV,3,1,10,12,22,104,26,19,26,074,45,20,15,122,26,22,13,022,28,3*70
$GBGSV,3,2,10,24,26,233,10,26,51,288,21,29,22,117,37,31,37,253,12,3*7D
$GBGSV,3,3,10,35,59,174,29,39,27,001,47,3*7B
$GBGSV,3,1,10,12,22,104,30,19,26,074,48,20,15,122,16,22,13,022,26,5*71
$GBGSV,3,2,10,24,26,233,19,26,51,288,18,29,22,117,14,31,37,253,18,5*73
$GBGSV,3,3,10,35,59,174,22,39,27,001,44,5*75
$GBGSV,3,1,10,12,22,104,30,19,26,074,44,20,15,122,25,22,13,022,19,8*7C
$GBGSV,3,2,10,24,26,233,28,26,51,288,19,29,22,117,22,31,37,253,11,8*71
$GBGSV,3,3,10,35,59,174,29,39,27,001,46,8*71
$GBGSV,1,1,01,11,02,109,,0*4C
$GNGLL,3001.74310,S,05112.75031,W,171250.00,A,A*7C
$GNRMC,171251.00,A,3001.74310,S,05112.75031,W,0.014,,090926,,,A,V*1F
$GNVTG,,T,,M,0.014,N,0.027,K,A*3D
$GNGGA,171251.00,3001.74310,S,05112.75031,W,1,12,0.61,49.8,M,4.8,M,,*45
$GNGSA,M,3,12,13,18,23,25,26,28,29,31,05,,,1.20,0.61,1.03,1*07
$GNGSA,M,3,16,25,36,10,11,,,,,,,,1.20,0.61,1.03,3*0D
$GNGSA,M,3,12,19,20,22,24,26,29,35,39,,,,1.20,0.61,1.03,4*02
$GPGSV,3,1,09,05,34,128,42,10,02,342,33,12,17,034,35,13,11,030,25,1*64
$GPGSV,3,2,09,18,68,247,17,23,29,357,43,25,49,019,50,29,57,141,40,1*6E
$GPGSV,3,3,09,31,20,264,21,1*5E
$GPGSV,3,1,10,05,34,128,39,10,02,342,34,12,17,034,27,13,11,030,20,6*66
$GPGSV,3,2,10,23,29,357,40,25,49,019,45,26,29,227,23,28,20,296,20,6*61
$GPGSV,3,3,10,29,57,141,31,31,20,264,26,6*69
$GPGSV,2,1,06,10,02,342,27,13,11,030,26,18,68,247,28,23,29,357,47,8*6A
$GPGSV,2,2,06,25,49,019,53,26,29,227,24,8*61
$GPGSV,1,1,04,15,11,062,,16,02,219,,20,03,089,,21,05,144,,0*69
$GAGSV,2,1,07,02,35,221,14,10,34,142,34,11,62,156,26,14,21,088,30,1*70
$GAGSV,2,2,07,16,36,041,41,25,87,036,35,36,60,292,21,1*42
$GAGSV,1,1,02,16,36,041,49,25,87,036,37,5*70
$GAGSV,2,1,06,10,34,142,32,11,62,156,27,14,21,088,29,16,36,041,47,7*7C
$GAGSV,2,2,06,25,87,036,38,36,60,292,17,7*7F
$GAGSV,1,1,02,12,11,137,,34,10,309,,0*7C
$GBGSV,3,1,10,12,22,104,26,19,26,074,45,20,15,122,26,22,13,022,28,3*70
$GBGSV,3,2,10,24,26,233,12,26,51,288,21,29,22,117,37,31,37,253,13,3*7E
$GBGSV,3,3,10,35,59,174,29,39,27,001,47,3*7B
$GBGSV,3,1,10,12,22,104,30,19,26,074,48,20,15,122,17,22,13,022,26,5*70
$GBGSV,3,2,10,24,26,233,19,26,51,288,18,29,22,117,17,31,37,253,19,5*71
$GBGSV,3,3,10,35,59,174,22,39,27,001,44,5*75
$GBGSV,3,1,10,12,22,104,30,19,26,074,44,20,15,122,25,22,13,022,19,8*7C
$GBGSV,3,2,10,24,26,233,28,26,51,288,19,29,22,117,22,31,37,253,13,8*73
$GBGSV,3,3,10,35,59,174,29,39,27,001,46,8*71
$GBGSV,1,1,01,11,02,109,,0*4C
$GNGLL,3001.74310,S,05112.75031,W,171251.00,A,A*7D
$GNRMC,171252.00,A,3001.74310,S,05112.75031,W,0.004,,090926,,,A,V*1D
$GNVTG,,T,,M,0.004,N,0.008,K,A*31
$GNGGA,171252.00,3001.74310,S,05112.75031,W,1,12,0.61,49.8,M,4.8,M,,*46
$GNGSA,M,3,12,13,18,23,25,26,28,29,31,05,,,1.20,0.61,1.03,1*07
$GNGSA,M,3,16,25,36,10,11,,,,,,,,1.20,0.61,1.03,3*0D
$GNGSA,M,3,12,19,20,22,24,26,29,35,39,,,,1.20,0.61,1.03,4*02
$GPGSV,3,1,09,05,34,128,42,10,02,342,33,12,17,034,35,13,11,030,24,1*65
$GPGSV,3,2,09,18,68,247,18,23,29,357,43,25,49,019,50,29,57,141,40,1*61
$GPGSV,3,3,09,31,20,264,22,1*5D
$GPGSV,3,1,10,05,34,128,39,10,02,342,34,12,17,034,27,13,11,030,21,6*67
$GPGSV,3,2,10,23,29,357,40,25,49,019,45,26,29,227,23,28,20,296,20,6*61
$GPGSV,3,3,10,29,57,141,32,31,20,264,26,6*6A
$GPGSV,2,1,06,10,02,342,28,13,11,030,26,18,68,247,28,23,29,357,47,8*65
$GPGSV,2,2,06,25,49,019,53,26,29,227,24,8*61
$GPGSV,1,1,04,15,11,062,,16,02,219,,20,03,089,,21,05,144,,0*69
$GAGSV,2,1,07,02,35,221,14,10,34,142,34,11,62,156,26,14,21,088,30,1*70
$GAGSV,2,2,07,16,36,041,41,25,87,036,35,36,60,292,22,1*41
$GAGSV,1,1,02,16,36,041,49,25,87,036,37,5*70
$GAGSV,2,1,06,10,34,142,32,11,62,156,27,14,21,088,29,16,36,041,47,7*7C
$GAGSV,2,2,06,25,87,036,38,36,60,292,17,7*7F
$GAGSV,1,1,02,12,11,137,,34,10,309,,0*7C
$GBGSV,3,1,10,12,22,104,27,19,26,074,45,20,15,122,26,22,13,022,28,3*71
$GBGSV,3,2,10,24,26,233,09,26,51,288,20,29,22,117,37,31,37,253,14,3*72
$GBGSV,3,3,10,35,59,174,29,39,27,001,47,3*7B
$GBGSV,3,1,10,12,22,104,30,19,26,074,48,20,15,122,17,22,13,022,26,5*70
$GBGSV,3,2,10,24,26,233,18,26,51,288,18,29,22,117,17,31,37,253,20,5*7A
$GBGSV,3,3,10,35,59,174,22,39,27,001,44,5*75
$GBGSV,3,1,10,12,22,104,30,19,26,074,44,20,15,122,25,22,13,022,20,8*76
$GBGSV,3,2,10,24,26,233,28,26,51,288,18,29,22,117,22,31,37,253,13,8*72
$GBGSV,3,3,10,35,59,174,29,39,27,001,46,8*71
$GBGSV,1,1,01,11,02,109,,0*4C
$GNGLL,3001.74310,S,05112.75031,W,171252.00,A,A*7E
$GNRMC,171253.00,A,3001.74310,S,05112.75031,W,0.005,,090926,,,A,V*1D
$GNVTG,,T,,M,0.005,N,0.009,K,A*31
$GNGGA,171253.00,3001.74310,S,05112.75031,W,1,12,0.62,49.8,M,4.8,M,,*44
$GNGSA,M,3,12,13,18,23,25,26,28,29,31,05,,,1.24,0.62,1.07,1*04
$GNGSA,M,3,16,25,36,10,11,,,,,,,,1.24,0.62,1.07,3*0E
$GNGSA,M,3,12,19,20,22,24,26,29,35,39,,,,1.24,0.62,1.07,4*01
$GPGSV,3,1,09,05,34,128,42,10,02,342,33,12,17,034,35,13,11,030,24,1*65
$GPGSV,3,2,09,18,68,247,18,23,29,357,43,25,49,019,49,29,57,141,40,1*69
$GPGSV,3,3,09,31,20,264,22,1*5D
$GPGSV,3,1,10,05,34,128,39,10,02,342,34,12,17,034,27,13,11,030,21,6*67
$GPGSV,3,2,10,23,29,357,40,25,49,019,45,26,29,227,22,28,20,296,20,6*60
$GPGSV,3,3,10,29,57,141,32,31,20,264,26,6*6A
$GPGSV,2,1,07,10,02,342,28,13,11,030,26,18,68,247,28,23,29,357,47,8*64
$GPGSV,2,2,07,25,49,019,53,26,29,227,23,28,20,296,19,8*5A
$GPGSV,1,1,04,15,11,062,,16,02,219,,20,03,089,,21,05,144,,0*69
$GAGSV,2,1,07,02,35,221,14,10,34,142,34,11,62,156,26,14,21,088,30,1*70
$GAGSV,2,2,07,16,36,041,41,25,87,036,35,36,60,292,22,1*41
$GAGSV,1,1,02,16,36,041,49,25,87,036,37,5*70
$GAGSV,2,1,06,10,34,142,32,11,62,156,27,14,21,088,29,16,36,041,47,7*7C
$GAGSV,2,2,06,25,87,036,38,36,60,292,18,7*70
$GAGSV,1,1,02,12,11,137,,34,10,309,,0*7C
$GBGSV,3,1,10,12,22,104,27,19,26,074,45,20,15,122,26,22,13,022,28,3*71
$GBGSV,3,2,10,24,26,233,11,26,51,288,20,29,22,117,36,31,37,253,16,3*78
$GBGSV,3,3,10,35,59,174,29,39,27,001,48,3*74
$GBGSV,3,1,10,12,22,104,30,19,26,074,48,20,15,122,17,22,13,022,26,5*70
$GBGSV,3,2,10,24,26,233,18,26,51,288,19,29,22,117,16,31,37,253,20,5*7A
$GBGSV,3,3,10,35,59,174,22,39,27,001,44,5*75
$GBGSV,3,1,10,12,22,104,31,19,26,074,44,20,15,122,25,22,13,022,20,8*77
$GBGSV,3,2,10,24,26,233,28,26,51,288,19,29,22,117,21,31,37,253,12,8*71
$GBGSV,3,3,10,35,59,174,29,39,27,001,46,8*71
$GBGSV,1,1,01,11,02,109,,0*4C
$GNGLL,3001.74310,S,05112.75031,W,171253.00,A,A*7F
$GNRMC,171254.00,A,3001.74310,S,05112.75030,W,0.020,,090926,,,A,V*1C
$GNVTG,,T,,M,0.020,N,0.037,K,A*3B
$GNGGA,171254.00,3001.74310,S,05112.75030,W,1,12,0.62,49.7,M,4.8,M,,*4D
$GNGSA,M,3,12,13,18,23,25,26,28,29,31,05,,,1.24,0.62,1.07,1*04
$GNGSA,M,3,16,25,36,10,11,,,,,,,,1.24,0.62,1.07,3*0E
$GNGSA,M,3,12,19,20,22,24,26,29,35,39,,,,1.24,0.62,1.07,4*01
$GPGSV,3,1,09,05,34,128,42,10,02,342,32,12,17,034,35,13,11,030,24,1*64
$GPGSV,3,2,09,18,68,247,18,23,29,357,43,25,49,019,49,29,57,141,40,1*69
$GPGSV,3,3,09,31,20,264,21,1*5E
$GPGSV,3,1,10,05,34,128,39,10,02,342,33,12,17,034,28,13,11,030,20,6*6E
$GPGSV,3,2,10,23,29,357,40,25,49,019,45,26,29,227,22,28,20,296,20,6*60
$GPGSV,3,3,10,29,57,141,32,31,20,264,26,6*6A
$GPGSV,2,1,07,10,02,342,28,13,11,030,26,18,68,247,28,23,29,357,47,8*64
$GPGSV,2,2,07,25,49,019,53,26,29,227,24,28,20,296,19,8*5D
$GPGSV,1,1,04,15,11,062,,16,02,219,,20,03,089,,21,05,144,,0*69
$GAGSV,2,1,07,02,35,221,14,10,34,142,34,11,62,156,26,14,21,088,30,1*70
$GAGSV,2,2,07,16,36,041,41,25,87,036,36,36,60,292,22,1*42
$GAGSV,1,1,02,16,36,041,49,25,87,036,37,5*70
$GAGSV,2,1,06,10,34,142,32,11,62,156,28,14,21,088,29,16,36,041,47,7*73
$GAGSV,2,2,06,25,87,036,38,36,60,292,19,7*71
$GAGSV,1,1,02,12,11,137,,34,10,309,,0*7C
$GBGSV,3,1,10,12,22,104,27,19,26,074,45,20,15,122,26,22,13,022,28,3*71
$GBGSV,3,2,10,24,26,233,09,26,51,288,20,29,22,117,36,31,37,253,17,3*70
$GBGSV,3,3,10,35,59,174,29,39,27,001,48,3*74
$GBGSV,3,1,10,12,22,104,30,19,26,074,48,20,15,122,17,22,13,022,26,5*70
$GBGSV,3,2,10,24,26,233,18,26,51,288,19,29,22,117,15,31,37,253,20,5*79
$GBGSV,3,3,10,35,59,174,22,39,27,001,44,5*75
$GBGSV,3,1,10,12,22,104,31,19,26,074,43,20,15,122,24,22,13,022,20,8*71
$GBGSV,3,2,10,24,26,233,28,26,51,288,19,29,22,117,19,31,37,253,11,8*79
$GBGSV,3,3,10,35,59,174,29,39,27,001,47,8*70
$GBGSV,1,1,01,11,02,109,,0*4C
$GNGLL,3001.74310,S,05112.75030,W,171254.00,A,A*79
$GNRMC,171255.00,A,3001.74310,S,05112.75030,W,0.001,,090926,,,A,V*1E
$GNVTG,,T,,M,0.001,N,0.001,K,A*3D
$GNGGA,171255.00,3001.74310,S,05112.75030,W,1,12,0.62,49.7,M,4.8,M,,*4C
$GNGSA,M,3,12,13,18,23,25,26,28,29,31,05,,,1.24,0.62,1.07,1*04
$GNGSA,M,3,16,25,36,10,11,,,,,,,,1.24,0.62,1.07,3*0E
$GNGSA,M,3,12,19,20,22,24,26,29,35,39,,,,1.24,0.62,1.07,4*01
$GPGSV,3,1,09,05,34,128,42,10,02,342,32,12,17,034,35,13,11,030,24,1*64
$GPGSV,3,2,09,18,68,247,19,23,29,357,43,25,49,019,49,29,57,141,40,1*68
$GPGSV,3,3,09,31,20,264,20,1*5F
$GPGSV,3,1,10,05,34,128,39,10,02,342,33,12,17,034,27,13,11,030,21,6*60
$GPGSV,3,2,10,23,29,357,40,25,49,019,45,26,29,227,22,28,20,296,20,6*60
$GPGSV,3,3,10,29,57,141,32,31,20,264,26,6*6A
$GPGSV,2,1,07,10,02,342,27,13,11,030,26,18,68,247,28,23,29,357,47,8*6B
$GPGSV,2,2,07,25,49,019,53,26,29,227,24,28,20,296,19,8*5D
$GPGSV,1,1,04,15,11,062,,16,02,219,,20,03,089,,21,05,144,,0*69
$GAGSV,2,1,07,02,35,221,13,10,34,142,34,11,62,156,26,14,21,088,30,1*77
$GAGSV,2,2,07,16,36,041,41,25,87,036,35,36,60,292,22,1*41
$GAGSV,1,1,02,16,36,041,49,25,87,036,37,5*70
$GAGSV,2,1,06,10,34,142,31,11,62,156,27,14,21,088,29,16,36,041,47,7*7F
$GAGSV,2,2,06,25,87,036,38,36,60,292,19,7*71
$GAGSV,1,1,02,12,11,137,,34,10,309,,0*7C
$GBGSV,3,1,10,12,22,104,28,19,26,074,45,20,15,122,26,22,13,022,28,3*7E
$GBGSV,3,2,10,24,26,233,11,26,51,288,20,29,22,117,37,31,37,253,18,3*77
$GBGSV,3,3,10,35,59,174,29,39,27,001,47,3*7B
$GBGSV,3,1,10,12,22,104,30,19,26,074,48,20,15,122,16,22,13,022,26,5*71
$GBGSV,3,2,10,24,26,233,18,26,51,288,19,29,22,117,14,31,37,253,20,5*78
$GBGSV,3,3,10,35,59,174,22,39,27,001,44,5*75
$GBGSV,3,1,09,12,22,104,31,19,26,074,43,20,15,122,24,22,13,022,20,8*79
$GBGSV,3,2,09,24,26,233,28,26,51,288,18,29,22,117,19,35,59,174,29,8*71
$GBGSV,3,3,09,39,27,001,46,8*4A
$GBGSV,1,1,01,11,02,109,,0*4C
$GNGLL,3001.74310,S,05112.75030,W,171255.00,A,A*78
$GNRMC,171256.00,A,3001.74310,S,05112.75030,W,0.007,,090926,,,A,V*1B
$GNVTG,,T,,M,0.007,N,0.012,K,A*39
$GNGGA,171256.00,3001.74310,S,05112.75030,W,1,12,0.62,49.7,M,4.8,M,,*4F
$GNGSA,M,3,12,13,18,23,25,26,28,29,31,05,,,1.24,0.62,1.07,1*04
$GNGSA,M,3,16,25,36,10,11,,,,,,,,1.24,0.62,1.07,3*0E
$GNGSA,M,3,12,19,20,22,24,26,29,35,39,,,,1.24,0.62,1.07,4*01
$GPGSV,3,1,09,05,34,128,41,10,02,342,32,12,17,034,35,13,11,030,23,1*60
$GPGSV,3,2,09,18,68,247,19,23,29,357,43,25,49,019,50,29,57,141,40,1*60
$GPGSV,3,3,09,31,20,264,20,1*5F
$GPGSV,3,1,10,05,34,128,39,10,02,342,33,12,17,034,27,13,11,030,20,6*61
$GPGSV,3,2,10,23,29,357,40,25,49,019,45,26,29,227,22,28,20,296,21,6*61
$GPGSV,3,3,10,29,57,141,32,31,20,264,26,6*6A
$GPGSV,2,1,07,10,02,342,27,13,11,030,26,18,68,247,28,23,29,357,47,8*6B
$GPGSV,2,2,07,25,49,019,53,26,29,227,24,28,20,296,19,8*5D
$GPGSV,1,1,04,15,11,062,,16,02,219,,20,03,089,,21,05,144,,0*69
$GAGSV,2,1,07,02,35,221,14,10,34,142,34,11,62,156,26,14,21,088,30,1*70
$GAGSV,2,2,07,16,36,041,41,25,87,036,35,36,60,292,21,1*42
$GAGSV,1,1,02,16,36,041,49,25,87,036,37,5*70
$GAGSV,2,1,06,10,34,142,31,11,62,156,28,14,21,088,29,16,36,041,47,7*70
$GAGSV,2,2,06,25,87,036,37,36,60,292,20,7*74
$GAGSV,1,1,02,12,11,137,,34,10,309,,0*7C
$GBGSV,3,1,10,12,22,104,28,19,26,074,45,20,15,122,26,22,13,022,28,3*7E
$GBGSV,3,2,10,24,26,233,17,26,51,288,20,29,22,117,37,31,37,253,18,3*71
$GBGSV,3,3,10,35,59,174,29,39,27,001,47,3*7B
$GBGSV,3,1,10,12,22,104,30,19,26,074,48,20,15,122,17,22,13,022,26,5*70
$GBGSV,3,2,10,24,26,233,18,26,51,288,19,29,22,117,12,31,37,253,19,5*74
$GBGSV,3,3,10,35,59,174,22,39,27,001,44,5*75
$GBGSV,3,1,09,12,22,104,31,19,26,074,43,20,15,122,24,22,13,022,21,8*78
$GBGSV,3,2,09,24,26,233,29,26,51,288,18,29,22,117,18,35,59,174,29,8*71
$GBGSV,3,3,09,39,27,001,47,8*4B
$GBGSV,1,1,01,11,02,109,,0*4C
$GNGLL,3001.74310,S,05112.75030,W,171256.00,A,A*7B
$GNRMC,171257.00,A,3001.74310,S,05112.75030,W,0.030,,090926,,,A,V*1E
$GNVTG,,T,,M,0.030,N,0.055,K,A*3E
$GNGGA,171257.00,3001.74310,S,05112.75030,W,1,12,0.59,49.7,M,4.8,M,,*46
$GNGSA,M,3,12,13,18,23,25,26,28,29,31,05,,,1.22,0.59,1.06,1*0B
$GNGSA,M,3,16,25,36,02,10,11,,,,,,,1.22,0.59,1.06,3*03
$GNGSA,M,3,12,19,20,22,24,26,29,35,39,,,,1.22,0.59,1.06,4*0E
$GPGSV,3,1,09,05,34,128,42,10,02,342,32,12,17,034,36,13,11,030,24,1*67
$GPGSV,3,2,09,18,68,247,19,23,29,357,43,25,49,019,50,29,57,141,40,1*60
$GPGSV,3,3,09,31,20,264,20,1*5F
$GPGSV,3,1,10,05,34,128,39,10,02,342,33,12,17,034,27,13,11,030,20,6*61
$GPGSV,3,2,10,23,29,357,40,25,49,019,45,26,29,227,22,28,20,296,20,6*60
$GPGSV,3,3,10,29,57,141,32,31,20,264,26,6*6A
$GPGSV,2,1,07,10,02,342,26,13,11,030,26,18,68,247,28,23,29,357,47,8*6A
$GPGSV,2,2,07,25,49,019,53,26,29,227,23,28,20,296,18,8*5B
$GPGSV,1,1,04,15,11,062,,16,02,219,,20,03,089,,21,05,144,,0*69
$GAGSV,2,1,07,02,35,221,15,10,34,142,34,11,62,156,26,14,21,088,30,1*71
$GAGSV,2,2,07,16,36,041,41,25,87,036,35,36,60,292,21,1*42
$GAGSV,1,1,02,16,36,041,49,25,87,036,37,5*70
$GAGSV,2,1,06,10,34,142,31,11,62,156,27,14,21,088,29,16,36,041,47,7*7F
$GAGSV,2,2,06,25,87,036,37,36,60,292,20,7*74
$GAGSV,1,1,02,12,11,137,,34,10,309,,0*7C
$GBGSV,3,1,10,12,22,104,27,19,26,074,45,20,15,122,26,22,13,022,28,3*71
$GBGSV,3,2,10,24,26,233,09,26,51,288,20,29,22,117,37,31,37,253,17,3*71
$GBGSV,3,3,10,35,59,174,29,39,27,001,47,3*7B
$GBGSV,3,1,10,12,22,104,30,19,26,074,48,20,15,122,17,22,13,022,26,5*70
$GBGSV,3,2,10,24,26,233,18,26,51,288,18,29,22,117,11,31,37,253,19,5*76
$GBGSV,3,3,10,35,59,174,22,39,27,001,44,5*75
$GBGSV,3,1,09,12,22,104,30,19,26,074,43,20,15,122,24,22,13,022,21,8*79
$GBGSV,3,2,09,24,26,233,29,26,51,288,18,29,22,117,17,35,59,174,29,8*7E
$GBGSV,3,3,09,39,27,001,46,8*4A
$GBGSV,1,1,01,11,02,109,,0*4C
$GNGLL,3001.74310,S,05112.75030,W,171257.00,A,A*7A
$GNRMC,171258.00,A,3001.74309,S,05112.75029,W,0.005,,090926,,,A,V*17
$GNVTG,,T,,M,0.005,N,0.009,K,A*31
$GNGGA,171258.00,3001.74309,S,05112.75029,W,1,12,0.58,49.7,M,4.8,M,,*48
$GNGSA,M,3,12,13,18,23,25,26,28,29,31,05,,,1.18,0.58,1.02,1*07
$GNGSA,M,3,16,25,36,02,10,11,,,,,,,1.18,0.58,1.02,3*0F
$GNGSA,M,3,12,19,20,22,24,26,29,35,39,,,,1.18,0.58,1.02,4*02
$GPGSV,3,1,09,05,34,128,42,10,02,342,32,12,17,034,35,13,11,030,23,1*63
$GPGSV,3,2,09,18,68,247,19,23,29,357,43,25,49,019,49,29,57,141,40,1*68
$GPGSV,3,3,09,31,20,264,20,1*5F
$GPGSV,3,1,10,05,34,128,39,10,02,342,32,12,17,034,27,13,11,030,20,6*60
$GPGSV,3,2,10,23,29,357,40,25,49,019,45,26,29,227,22,28,20,296,20,6*60
$GPGSV,3,3,10,29,57,141,32,31,20,264,26,6*6A
$GPGSV,2,1,07,10,02,342,26,13,11,030,26,18,68,247,28,23,29,357,47,8*6A
$GPGSV,2,2,07,25,49,019,53,26,29,227,23,28,20,296,19,8*5A
$GPGSV,1,1,04,15,11,062,,16,02,219,,20,03,089,,21,05,144,,0*69
$GAGSV,2,1,07,02,35,221,15,10,34,142,34,11,62,156,26,14,21,088,29,1*79
$GAGSV,2,2,07,16,36,041,41,25,87,036,35,36,60,292,21,1*42
$GAGSV,1,1,02,16,36,041,49,25,87,036,37,5*70
$GAGSV,2,1,06,10,34,142,32,11,62,156,27,14,21,088,29,16,36,041,47,7*7C
$GAGSV,2,2,06,25,87,036,37,36,60,292,21,7*75
$GAGSV,1,1,02,12,11,137,,34,10,309,,0*7C
$GBGSV,3,1,10,12,22,104,28,19,26,074,45,20,15,122,26,22,13,022,28,3*7E
$GBGSV,3,2,10,24,26,233,10,26,51,288,21,29,22,117,37,31,37,253,17,3*78
$GBGSV,3,3,10,35,59,174,30,39,27,001,47,3*73
$GBGSV,3,1,09,12,22,104,30,19,26,074,48,20,15,122,17,22,13,022,26,5*78
$GBGSV,3,2,09,24,26,233,19,26,51,288,17,31,37,253,19,35,59,174,23,5*75
$GBGSV,3,3,09,39,27,001,44,5*45
$GBGSV,3,1,09,12,22,104,30,19,26,074,43,20,15,122,24,22,13,022,21,8*79
$GBGSV,3,2,09,24,26,233,29,26,51,288,19,29,22,117,16,35,59,174,29,8*7E
$GBGSV,3,3,09,39,27,001,46,8*4A
$GBGSV,1,1,01,11,02,109,,0*4C
$GNGLL,3001.74309,S,05112.75029,W,171258.00,A,A*75
$GNRMC,171259.00,A,3001.74309,S,05112.75029,W,0.003,,090926,,,A,V*10
$GNVTG,,T,,M,0.003,N,0.006,K,A*38
$GNGGA,171259.00,3001.74309,S,05112.75029,W,1,12,0.61,49.7,M,4.8,M,,*43
$GNGSA,M,3,12,13,18,23,25,26,28,29,31,05,,,1.20,0.61,1.03,1*07
$GNGSA,M,3,16,25,36,10,11,,,,,,,,1.20,0.61,1.03,3*0D
$GNGSA,M,3,12,19,20,22,24,26,29,35,39,,,,1.20,0.61,1.03,4*02
$GPGSV,3,1,09,05,34,128,42,10,02,342,31,12,17,034,35,13,11,030,23,1*60
$GPGSV,3,2,09,18,68,247,20,23,29,357,43,25,49,019,50,29,57,141,40,1*6A
$GPGSV,3,3,09,31,20,264,21,1*5E
$GPGSV,3,1,10,05,34,128,39,10,02,342,32,12,17,034,27,13,11,030,19,6*6A
$GPGSV,3,2,10,23,29,357,40,25,49,019,45,26,29,227,22,28,20,296,20,6*60
$GPGSV,3,3,10,29,57,141,32,31,20,264,26,6*6A
$GPGSV,2,1,07,10,02,342,26,13,11,030,26,18,68,247,28,23,29,357,47,8*6A
$GPGSV,2,2,07,25,49,019,53,26,29,227,23,28,20,296,19,8*5A
$GPGSV,1,1,04,15,11,062,,16,02,219,,20,03,089,,21,05,144,,0*69
$GAGSV,2,1,08,02,35,221,14,10,34,142,34,11,62,156,27,14,21,088,29,1*76
$GAGSV,2,2,08,16,36,041,41,25,87,036,35,34,10,309,16,36,60,292,22,1*75
$GAGSV,1,1,02,16,36,041,49,25,87,036,37,5*70
$GAGSV,2,1,06,10,34,142,31,11,62,156,27,14,21,088,29,16,36,041,47,7*7F
$GAGSV,2,2,06,25,87,036,37,36,60,292,20,7*74
$GAGSV,1,1,01,12,11,137,,0*43
$GBGSV,3,1,10,12,22,104,28,19,26,074,45,20,15,122,26,22,13,022,28,3*7E
$GBGSV,3,2,10,24,26,233,15,26,51,288,21,29,22,117,37,31,37,253,17,3*7D
$GBGSV,3,3,10,35,59,174,29,39,27,001,47,3*7B
$GBGSV,3,1,09,12,22,104,30,19,26,074,48,20,15,122,16,22,13,022,25,5*7A
$GBGSV,3,2,09,24,26,233,20,26,51,288,17,31,37,253,20,35,59,174,22,5*74
$GBGSV,3,3,09,39,27,001,44,5*45
$GBGSV,3,1,09,12,22,104,30,19,26,074,43,20,15,122,23,22,13,022,22,8*7D
$GBGSV,3,2,09,24,26,233,28,26,51,288,19,29,22,117,14,35,59,174,29,8*7D
$GBGSV,3,3,09,39,27,001,46,8*4A
$GBGSV,1,1,01,11,02,109,,0*4C
$GNGLL,3001.74309,S,05112.75029,W,171259.00,A,A*74
$GNRMC,171300.00,A,3001.74309,S,05112.75028,W,0.015,,090926,,,A,V*1B
$GNVTG,,T,,M,0.015,N,0.028,K,A*33
$GNGGA,171300.00,3001.74309,S,05112.75028,W,1,12,0.61,49.7,M,4.8,M,,*4F
$GNGSA,M,3,12,13,18,23,25,26,28,29,31,05,,,1.20,0.61,1.03,1*07
$GNGSA,M,3,16,25,36,10,11,,,,,,,,1.20,0.61,1.03,3*0D
$GNGSA,M,3,12,19,20,22,24,26,29,35,39,,,,1.20,0.61,1.03,4*02
$GPGSV,3,1,09,05,34,128,42,10,02,342,31,12,17,034,35,13,11,030,23,1*60
$GPGSV,3,2,09,18,68,247,19,23,29,357,43,25,49,019,49,29,57,141,40,1*68
$GPGSV,3,3,09,31,20,264,21,1*5E
$GPGSV,3,1,10,05,34,128,39,10,02,342,32,12,17,034,27,13,11,030,19,6*6A
$GPGSV,3,2,10,23,29,357,40,25,49,019,45,26,29,227,22,28,20,296,20,6*60
$GPGSV,3,3,10,29,57,141,32,31,20,264,26,6*6A
$GPGSV,2,1,07,10,02,342,26,13,11,030,26,18,68,247,29,23,29,357,47,8*6B
$GPGSV,2,2,07,25,49,019,53,26,29,227,23,28,20,296,20,8*50
$GPGSV,1,1,04,15,11,062,,16,02,219,,20,03,089,,21,05,144,,0*69
$GAGSV,2,1,08,02,35,221,14,10,34,142,34,11,62,156,27,14,21,088,29,1*76
$GAGSV,2,2,08,16,36,041,41,25,87,036,35,34,10,309,15,36,60,292,22,1*76
$GAGSV,1,1,02,16,36,041,49,25,87,036,37,5*70
$GAGSV,2,1,06,10,34,142,31,11,62,156,27,14,21,088,29,16,36,041,47,7*7F
$GAGSV,2,2,06,25,87,036,38,36,60,292,20,7*7B
$GAGSV,1,1,01,12,11,137,,0*43
$GBGSV,3,1,10,12,22,104,28,19,26,074,45,20,15,122,26,22,13,022,28,3*7E
$GBGSV,3,2,10,24,26,233,18,26,51,288,21,29,22,117,37,31,37,253,17,3*70
$GBGSV,3,3,10,35,59,174,29,39,27,001,47,3*7B
$GBGSV,3,1,09,12,22,104,30,19,26,074,48,20,15,122,15,22,13,022,26,5*7A
$GBGSV,3,2,09,24,26,233,20,26,51,288,17,31,37,253,20,35,59,174,22,5*74
$GBGSV,3,3,09,39,27,001,44,5*45
$GBGSV,3,1,09,12,22,104,30,19,26,074,43,20,15,122,23,22,13,022,22,8*7D
$GBGSV,3,2,09,24,26,233,29,26,51,288,19,29,22,117,14,35,59,174,29,8*7C
$GBGSV,3,3,09,39,27,001,46,8*4A
$GBGSV,1,1,01,11,02,109,,0*4C
$GNGLL,3001.74309,S,05112.75028,W,171300.00,A,A*78
$GNRMC,171301.00,A,3001.74309,S,05112.75028,W,0.012,,090926,,,A,V*1D
$GNVTG,,T,,M,0.012,N,0.022,K,A*3E
$GNGGA,171301.00,3001.74309,S,05112.75028,W,1,12,0.58,49.7,M,4.8,M,,*44
$GNGSA,M,3,12,13,18,23,25,26,28,29,31,05,,,1.18,0.58,1.02,1*07
$GNGSA,M,3,16,25,36,02,10,11,,,,,,,1.18,0.58,1.02,3*0F
$GNGSA,M,3,12,19,20,22,24,26,29,35,39,,,,1.18,0.58,1.02,4*02
$GPGSV,3,1,09,05,34,128,42,10,02,342,31,12,17,034,35,13,11,030,23,1*60
$GPGSV,3,2,09,18,68,247,19,23,29,357,43,25,49,019,49,29,57,141,40,1*68
$GPGSV,3,3,09,31,20,264,21,1*5E
$GPGSV,3,1,10,05,34,128,39,10,02,342,32,12,17,034,27,13,11,030,19,6*6A
$GPGSV,3,2,10,23,29,357,40,25,49,019,45,26,29,227,21,28,20,296,19,6*69
$GPGSV,3,3,10,29,57,141,32,31,20,264,27,6*6B
$GPGSV,2,1,07,10,02,342,26,13,11,030,26,18,68,247,28,23,29,357,47,8*6A
$GPGSV,2,2,07,25,49,019,53,26,29,227,23,28,20,296,21,8*51
$GPGSV,1,1,04,15,11,062,,16,02,219,,20,03,089,,21,05,144,,0*69
$GAGSV,2,1,08,02,35,221,15,10,34,142,34,11,62,156,26,14,21,088,30,1*7E
$GAGSV,2,2,08,16,36,041,41,25,87,036,35,34,10,309,13,36,60,292,22,1*70
$GAGSV,1,1,02,16,36,041,49,25,87,036,37,5*70
$GAGSV,2,1,06,10,34,142,31,11,62,156,27,14,21,088,29,16,36,041,47,7*7F
$GAGSV,2,2,06,25,87,036,38,36,60,292,20,7*7B
$GAGSV,1,1,01,12,11,137,,0*43
$GBGSV,3,1,10,12,22,104,28,19,26,074,45,20,15,122,26,22,13,022,28,3*7E
$GBGSV,3,2,10,24,26,233,22,26,51,288,21,29,22,117,37,31,37,253,16,3*78
$GBGSV,3,3,10,35,59,174,29,39,27,001,47,3*7B
$GBGSV,3,1,09,12,22,104,30,19,26,074,48,20,15,122,15,22,13,022,26,5*7A
$GBGSV,3,2,09,24,26,233,19,26,51,288,17,31,37,253,20,35,59,174,22,5*7E
$GBGSV,3,3,09,39,27,001,44,5*45
$GBGSV,3,1,09,12,22,104,31,19,26,074,43,20,15,122,23,22,13,022,23,8*7D
$GBGSV,3,2,09,24,26,233,29,26,51,288,19,29,22,117,18,35,59,174,29,8*70
$GBGSV,3,3,09,39,27,001,46,8*4A
$GBGSV,1,1,01,11,02,109,,0*4C
$GNGLL,3001.74309,S,05112.75028,W,171301.00,A,A*79
$GNRMC,171302.00,A,3001.74309,S,05112.75028,W,0.010,,090926,,,A,V*1C
$GNVTG,,T,,M,0.010,N,0.019,K,A*34
$GNGGA,171302.00,3001.74309,S,05112.75028,W,1,12,0.58,49.7,M,4.8,M,,*47
$GNGSA,M,3,12,13,18,23,25,26,28,29,31,05,,,1.18,0.58,1.02,1*07
$GNGSA,M,3,16,25,36,02,10,11,,,,,,,1.18,0.58,1.02,3*0F
$GNGSA,M,3,12,19,20,22,24,26,29,35,39,,,,1.18,0.58,1.02,4*02
$GPGSV,3,1,09,05,34,128,42,10,02,342,31,12,17,034,35,13,11,030,23,1*60
$GPGSV,3,2,09,18,68,247,19,23,29,357,43,25,49,019,50,29,57,141,40,1*60
$GPGSV,3,3,09,31,20,264,21,1*5E
$GPGSV,3,1,10,05,34,128,39,10,02,342,32,12,17,034,27,13,11,030,18,6*6B
$GPGSV,3,2,10,23,29,357,40,25,49,019,45,26,29,227,21,28,20,296,19,6*69
$GPGSV,3,3,10,29,57,141,32,31,20,264,27,6*6B
$GPGSV,2,1,07,10,02,342,27,13,11,030,26,18,68,247,29,23,29,357,47,8*6A
$GPGSV,2,2,07,25,49,019,53,26,29,227,23,28,20,296,21,8*51
$GPGSV,1,1,04,15,11,062,,16,02,219,,20,03,089,,21,05,144,,0*69
$GAGSV,2,1,08,02,35,221,15,10,34,142,34,11,62,156,26,14,21,088,30,1*7E
$GAGSV,2,2,08,16,36,041,41,25,87,036,35,34,10,309,12,36,60,292,22,1*71
$GAGSV,1,1,02,16,36,041,49,25,87,036,37,5*70
$GAGSV,2,1,06,10,34,142,31,11,62,156,27,14,21,088,29,16,36,041,47,7*7F
$GAGSV,2,2,06,25,87,036,37,36,60,292,20,7*74
$GAGSV,1,1,01,12,11,137,,0*43
$GBGSV,3,1,10,12,22,104,28,19,26,074,45,20,15,122,26,22,13,022,27,3*71
$GBGSV,3,2,10,24,26,233,23,26,51,288,19,29,22,117,37,31,37,253,17,3*73
$GBGSV,3,3,10,35,59,174,29,39,27,001,47,3*7B
$GBGSV,3,1,10,12,22,104,30,19,26,074,48,20,15,122,16,22,13,022,26,5*71
$GBGSV,3,2,10,24,26,233,19,26,51,288,17,29,22,117,17,31,37,253,20,5*74
$GBGSV,3,3,10,35,59,174,22,39,27,001,44,5*75
$GBGSV,3,1,09,12,22,104,30,19,26,074,43,20,15,122,23,22,13,022,23,8*7C
$GBGSV,3,2,09,24,26,233,28,26,51,288,19,29,22,117,20,35,59,174,29,8*7A
$GBGSV,3,3,09,39,27,001,46,8*4A
$GBGSV,1,1,01,11,02,109,,0*4C
$GNGLL,3001.74309,S,05112.75028,W,171302.00,A,A*7A
$GNRMC,171303.00,A,3001.74309,S,05112.75028,W,0.013,,090926,,,A,V*1E
$GNVTG,,T,,M,0.013,N,0.024,K,A*39
$GNGGA,171303.00,3001.74309,S,05112.75028,W,1,12,0.61,49.6,M,4.8,M,,*4D
$GNGSA,M,3,12,13,18,23,25,26,28,29,31,05,,,1.20,0.61,1.03,1*07
$GNGSA,M,3,16,25,36,10,11,,,,,,,,1.20,0.61,1.03,3*0D
$GNGSA,M,3,12,19,20,22,24,26,29,35,39,,,,1.20,0.61,1.03,4*02
$GPGSV,3,1,09,05,34,128,42,10,02,342,31,12,17,034,35,13,11,030,22,1*61
$GPGSV,3,2,09,18,68,247,19,23,29,357,43,25,49,019,50,29,57,141,40,1*60
$GPGSV,3,3,09,31,20,264,20,1*5F
$GPGSV,3,1,10,05,34,128,39,10,02,342,32,12,17,034,26,13,11,030,19,6*6B
$GPGSV,3,2,10,23,29,357,40,25,49,019,45,26,29,227,21,28,20,296,17,6*67
$GPGSV,3,3,10,29,57,141,32,31,20,264,27,6*6B
$GPGSV,2,1,07,10,02,342,26,13,11,030,26,18,68,247,28,23,29,357,47,8*6A
$GPGSV,2,2,07,25,49,019,53,26,29,227,23,28,20,296,21,8*51
$GPGSV,1,1,04,15,11,062,,16,02,219,,20,03,089,,21,05,144,,0*69
$GAGSV,2,1,08,02,35,221,14,10,34,142,34,11,62,156,26,14,21,088,30,1*7F
$GAGSV,2,2,08,16,36,041,41,25,87,036,35,34,10,309,13,36,60,292,22,1*70
$GAGSV,1,1,02,16,36,041,49,25,87,036,37,5*70
$GAGSV,2,1,06,10,34,142,31,11,62,156,27,14,21,088,28,16,36,041,47,7*7E
$GAGSV,2,2,06,25,87,036,38,36,60,292,20,7*7B
$GAGSV,1,1,01,12,11,137,,0*43
$GBGSV,3,1,10,12,22,104,27,19,26,074,45,20,15,122,25,22,13,022,27,3*7D
$GBGSV,3,2,10,24,26,233,25,26,51,288,18,29,22,117,37,31,37,253,18,3*7B
$GBGSV,3,3,10,35,59,174,29,39,27,001,47,3*7B
$GBGSV,3,1,10,12,22,104,30,19,26,074,48,20,15,122,17,22,13,022,26,5*70
$GBGSV,3,2,10,24,26,233,19,26,51,288,17,29,22,117,18,31,37,253,20,5*7B
$GBGSV,3,3,10,35,59,174,22,39,27,001,44,5*75
$GBGSV,3,1,09,12,22,104,30,19,26,074,43,20,15,122,23,22,13,022,23,8*7C
$GBGSV,3,2,09,24,26,233,28,26,51,288,19,29,22,117,22,35,59,174,29,8*78
$GBGSV,3,3,09,39,27,001,46,8*4A
$GBGSV,1,1,01,11,02,109,,0*4C
$GNGLL,3001.74309,S,05112.75028,W,171303.00,A,A*7B
$GNRMC,171304.00,A,3001.74308,S,05112.75028,W,0.013,,090926,,,A,V*18
$GNVTG,,T,,M,0.013,N,0.024,K,A*39
$GNGGA,171304.00,3001.74308,S,05112.75028,W,1,12,0.58,49.6,M,4.8,M,,*41
$GNGSA,M,3,12,13,18,23,25,26,28,29,31,05,,,1.18,0.58,1.02,1*07
$GNGSA,M,3,16,25,36,02,10,11,,,,,,,1.18,0.58,1.02,3*0F
$GNGSA,M,3,12,19,20,22,24,26,29,35,39,,,,1.18,0.58,1.02,4*02
$GPGSV,3,1,09,05,34,128,42,10,02,342,30,12,17,034,35,13,11,030,22,1*60
$GPGSV,3,2,09,18,68,247,18,23,29,357,43,25,49,019,49,29,57,141,40,1*69
$GPGSV,3,3,09,31,20,264,20,1*5F
$GPGSV,3,1,10,05,34,128,39,10,02,342,32,12,17,034,27,13,11,030,18,6*6B
$GPGSV,3,2,10,23,29,357,41,25,49,019,45,26,29,227,21,28,20,296,17,6*66
$GPGSV,3,3,10,29,57,141,33,31,20,264,27,6*6A
$GPGSV,2,1,07,10,02,342,26,13,11,030,26,18,68,247,29,23,29,357,47,8*6B
$GPGSV,2,2,07,25,49,019,53,26,29,227,23,28,20,296,21,8*51
$GPGSV,1,1,04,15,11,062,,16,02,219,,20,03,089,,21,05,144,,0*69
$GAGSV,2,1,08,02,35,221,15,10,34,142,34,11,62,156,26,14,21,088,30,1*7E
$GAGSV,2,2,08,16,36,041,41,25,87,036,35,34,10,309,10,36,60,292,22,1*73
$GAGSV,1,1,02,16,36,041,49,25,87,036,37,5*70
$GAGSV,2,1,06,10,34,142,31,11,62,156,27,14,21,088,28,16,36,041,47,7*7E
$GAGSV,2,2,06,25,87,036,37,36,60,292,20,7*74
$GAGSV,1,1,01,12,11,137,,0*43
$GBGSV,3,1,10,12,22,104,28,19,27,075,45,20,15,122,25,22,13,022,27,3*72
$GBGSV,3,2,10,24,26,233,25,26,51,288,17,29,22,117,37,31,37,253,18,3*74
$GBGSV,3,3,10,35,59,174,29,39,27,001,47,3*7B
$GBGSV,3,1,10,12,22,104,31,19,27,075,48,20,15,122,17,22,13,022,26,5*71
$GBGSV,3,2,10,24,26,233,19,26,51,288,17,29,22,117,18,31,37,253,20,5*7B
$GBGSV,3,3,10,35,59,174,22,39,27,001,44,5*75
$GBGSV,3,1,09,12,22,104,30,19,27,075,43,20,15,122,23,22,13,022,23,8*7C
$GBGSV,3,2,09,24,26,233,28,26,51,288,19,29,22,117,22,35,59,174,29,8*78
$GBGSV,3,3,09,39,27,001,46,8*4A
$GBGSV,1,1,01,11,02,109,,0*4C
$GNGLL,3001.74308,S,05112.75028,W,171304.00,A,A*7D
$GNRMC,171305.00,A,3001.74308,S,05112.75027,W,0.010,,090926,,,A,V*15
$GNVTG,,T,,M,0.010,N,0.018,K,A*35
$GNGGA,171305.00,3001.74308,S,05112.75027,W,1,12,0.58,49.6,M,4.8,M,,*4F
$GNGSA,M,3,12,13,18,23,25,26,28,29,31,05,,,1.18,0.58,1.02,1*07
$GNGSA,M,3,16,25,36,02,10,11,,,,,,,1.18,0.58,1.02,3*0F
$GNGSA,M,3,12,19,20,22,24,26,29,35,39,,,,1.18,0.58,1.02,4*02
$GPGSV,3,1,09,05,34,128,42,10,02,342,30,12,17,034,35,13,11,030,22,1*60
$GPGSV,3,2,09,18,68,247,19,23,29,357,43,25,49,019,49,29,57,141,40,1*68
$GPGSV,3,3,09,31,20,264,19,1*55
$GPGSV,3,1,10,05,34,128,40,10,02,342,32,12,17,034,27,13,11,030,19,6*64
$GPGSV,3,2,10,23,29,357,40,25,49,019,45,26,29,227,21,28,20,296,17,6*67
$GPGSV,3,3,10,29,57,141,33,31,20,264,27,6*6A
$GPGSV,2,1,07,10,02,342,27,13,11,030,26,18,68,247,29,23,29,357,47,8*6A
$GPGSV,2,2,07,25,49,019,53,26,29,227,23,28,20,296,21,8*51
$GPGSV,1,1,04,15,11,062,,16,02,219,,20,03,089,,21,05,144,,0*69
$GAGSV,2,1,08,02,35,221,16,10,34,142,34,11,62,156,26,14,21,088,29,1*75
$GAGSV,2,2,08,16,36,041,41,25,87,036,35,34,10,309,11,36,60,292,22,1*72
$GAGSV,1,1,02,16,36,041,49,25,87,036,37,5*70
$GAGSV,2,1,06,10,34,142,31,11,62,156,27,14,21,088,28,16,36,041,47,7*7E
$GAGSV,2,2,06,25,87,036,38,36,60,292,20,7*7B
$GAGSV,1,1,01,12,11,137,,0*43
$GBGSV,3,1,10,12,22,104,27,19,27,075,45,20,15,122,25,22,13,022,27,3*7D
$GBGSV,3,2,10,24,26,233,26,26,51,288,17,29,22,117,37,31,37,253,19,3*76
$GBGSV,3,3,10,35,59,174,29,39,27,001,47,3*7B
$GBGSV,3,1,10,12,22,104,31,19,27,075,48,20,15,122,17,22,13,022,25,5*72
$GBGSV,3,2,10,24,26,233,19,26,51,288,17,29,22,117,18,31,37,253,20,5*7B
$GBGSV,3,3,10,35,59,174,22,39,27,001,44,5*75
$GBGSV,3,1,09,12,22,104,30,19,27,075,43,20,15,122,23,22,13,022,22,8*7D
$GBGSV,3,2,09,24,26,233,28,26,51,288,19,29,22,117,22,35,59,174,28,8*79
$GBGSV,3,3,09,39,27,001,46,8*4A
$GBGSV,1,1,01,11,02,109,,0*4C
$GNGLL,3001.74308,S,05112.75027,W,171305.00,A,A*73
$GNRMC,171306.00,A,3001.74308,S,05112.75027,W,0.011,,090926,,,A,V*17
$GNVTG,,T,,M,0.011,N,0.020,K,A*3F
$GNGGA,171306.00,3001.74308,S,05112.75027,W,1,12,0.58,49.6,M,4.8,M,,*4C
$GNGSA,M,3,12,13,18,23,25,26,28,29,31,05,,,1.18,0.58,1.02,1*07
$GNGSA,M,3,16,25,36,02,10,11,,,,,,,1.18,0.58,1.02,3*0F
$GNGSA,M,3,12,19,20,22,24,26,29,35,39,,,,1.18,0.58,1.02,4*02
$GPGSV,3,1,09,05,34,128,42,10,02,342,30,12,17,034,35,13,11,030,22,1*60
$GPGSV,3,2,09,18,68,247,19,23,29,357,43,25,49,019,49,29,57,141,40,1*68
$GPGSV,3,3,09,31,20,264,20,1*5F
$GPGSV,3,1,10,05,34,128,40,10,02,342,32,12,17,034,26,13,11,030,18,6*64
$GPGSV,3,2,10,23,29,357,41,25,49,019,45,26,29,227,21,28,20,296,16,6*67
$GPGSV,3,3,10,29,57,141,33,31,20,264,27,6*6A
$GPGSV,2,1,07,10,02,342,26,13,11,030,26,18,68,247,29,23,29,357,47,8*6B
$GPGSV,2,2,07,25,49,019,53,26,29,227,24,28,20,296,22,8*55
$GPGSV,1,1,04,15,11,062,,16,02,219,,20,03,089,,21,05,144,,0*69
$GAGSV,2,1,08,02,35,221,15,10,34,142,34,11,62,156,27,14,21,088,29,1*77
$GAGSV,2,2,08,16,36,041,41,25,87,036,35,34,10,309,09,36,60,292,22,1*7B
$GAGSV,1,1,02,16,36,041,49,25,87,036,37,5*70
$GAGSV,2,1,06,10,34,142,31,11,62,156,27,14,21,088,28,16,36,041,47,7*7E
$GAGSV,2,2,06,25,87,036,37,36,60,292,20,7*74
$GAGSV,1,1,01,12,11,137,,0*43
$GBGSV,3,1,10,12,22,104,27,19,27,075,45,20,15,122,25,22,13,022,27,3*7D
$GBGSV,3,2,10,24,26,233,25,26,51,288,18,29,22,117,37,31,37,253,20,3*70
$GBGSV,3,3,10,35,59,174,29,39,27,001,47,3*7B
$GBGSV,3,1,10,12,22,104,30,19,27,075,48,20,15,122,16,22,13,022,25,5*72
$GBGSV,3,2,10,24,26,233,19,26,51,288,17,29,22,117,18,31,37,253,20,5*7B
$GBGSV,3,3,10,35,59,174,22,39,27,001,44,5*75
$GBGSV,3,1,09,12,22,104,30,19,27,075,43,20,15,122,23,22,13,022,23,8*7C
$GBGSV,3,2,09,24,26,233,28,26,51,288,19,29,22,117,21,35,59,174,29,8*7B
$GBGSV,3,3,09,39,27,001,46,8*4A
$GBGSV,1,1,01,11,02,109,,0*4C
$GNGLL,3001.74308,S,05112.75027,W,171306.00,A,A*70
$GNRMC,171307.00,A,3001.74308,S,05112.75027,W,0.016,,090926,,,A,V*11
$GNVTG,,T,,M,0.016,N,0.030,K,A*39
$GNGGA,171307.00,3001.74308,S,05112.75027,W,1,12,0.61,49.6,M,4.8,M,,*47
$GNGSA,M,3,12,13,18,23,25,26,28,29,31,05,,,1.20,0.61,1.03,1*07
$GNGSA,M,3,16,25,36,10,11,,,,,,,,1.20,0.61,1.03,3*0D
$GNGSA,M,3,12,19,20,22,24,26,29,35,39,,,,1.20,0.61,1.03,4*02
$GPGSV,3,1,09,05,34,128,42,10,02,342,30,12,17,034,35,13,11,030,22,1*60
$GPGSV,3,2,09,18,68,247,18,23,29,357,43,25,49,019,49,29,57,141,40,1*69
$GPGSV,3,3,09,31,20,264,20,1*5F
$GPGSV,3,1,10,05,34,128,39,10,02,342,32,12,17,034,26,13,11,030,19,6*6B
$GPGSV,3,2,10,23,29,357,41,25,49,019,45,26,29,227,21,28,20,296,17,6*66
$GPGSV,3,3,10,29,57,141,33,31,20,264,27,6*6A
$GPGSV,2,1,07,10,02,342,27,13,11,030,26,18,68,247,29,23,29,357,47,8*6A
$GPGSV,2,2,07,25,49,019,53,26,29,227,24,28,20,296,21,8*56
$GPGSV,1,1,04,15,11,062,,16,02,219,,20,03,089,,21,05,144,,0*69
$GAGSV,2,1,08,02,35,221,13,10,34,142,34,11,62,156,27,14,21,088,30,1*79
$GAGSV,2,2,08,16,36,041,41,25,87,036,35,34,10,309,10,36,60,292,22,1*73
$GAGSV,1,1,02,16,36,041,49,25,87,036,37,5*70
$GAGSV,2,1,06,10,34,142,31,11,62,156,28,14,21,088,28,16,36,041,47,7*71
$GAGSV,2,2,06,25,87,036,37,36,60,292,20,7*74
$GAGSV,1,1,01,12,11,137,,0*43
$GBGSV,3,1,10,12,22,104,26,19,27,075,45,20,15,122,24,22,14,022,27,3*7A
$GBGSV,3,2,10,24,26,233,25,26,51,288,18,29,22,117,37,31,37,253,20,3*70
$GBGSV,3,3,10,35,59,174,29,39,27,001,47,3*7B
$GBGSV,3,1,10,12,22,104,31,19,27,075,48,20,15,122,16,22,14,022,25,5*74
$GBGSV,3,2,10,24,26,233,19,26,51,288,17,29,22,117,19,31,37,253,20,5*7A
$GBGSV,3,3,10,35,59,174,22,39,27,001,44,5*75
$GBGSV,3,1,09,12,22,104,31,19,27,075,43,20,15,122,23,22,14,022,23,8*7A
$GBGSV,3,2,09,24,26,233,28,26,51,288,20,29,22,117,22,35,59,174,28,8*73
$GBGSV,3,3,09,39,27,001,46,8*4A
$GBGSV,1,1,01,11,02,109,,0*4C
$GNGLL,3001.74308,S,05112.75027,W,171307.00,A,A*71
$GNRMC,171308.00,A,3001.74308,S,05112.75027,W,0.016,,090926,,,A,V*1E
$GNVTG,,T,,M,0.016,N,0.029,K,A*31
$GNGGA,171308.00,3001.74308,S,05112.75027,W,1,12,0.61,49.6,M,4.8,M,,*48
$GNGSA,M,3,12,13,18,23,25,26,28,29,31,05,,,1.20,0.61,1.03,1*07
$GNGSA,M,3,16,25,36,10,11,,,,,,,,1.20,0.61,1.03,3*0D
$GNGSA,M,3,12,19,20,22,24,26,29,35,39,,,,1.20,0.61,1.03,4*02
$GPGSV,3,1,09,05,34,128,42,10,02,342,30,12,17,034,35,13,11,030,21,1*63
$GPGSV,3,2,09,18,68,247,18,23,29,357,43,25,49,019,49,29,57,141,40,1*69
$GPGSV,3,3,09,31,20,264,20,1*5F
$GPGSV,3,1,10,05,34,128,39,10,02,342,32,12,17,034,27,13,11,030,19,6*6A
$GPGSV,3,2,10,23,29,357,41,25,49,019,45,26,29,227,20,28,20,296,16,6*66
$GPGSV,3,3,10,29,57,141,32,31,20,264,27,6*6B
$GPGSV,2,1,07,10,02,342,26,13,11,030,26,18,68,247,29,23,29,357,47,8*6B
$GPGSV,2,2,07,25,49,019,53,26,29,227,24,28,20,296,21,8*56
$GPGSV,1,1,04,15,11,062,,16,02,219,,20,03,089,,21,05,144,,0*69
$GAGSV,2,1,08,02,35,221,14,10,34,142,34,11,62,156,27,14,21,088,30,1*7E
$GAGSV,2,2,08,16,36,041,41,25,87,036,35,34,10,309,11,36,60,292,22,1*72
$GAGSV,1,1,02,16,36,041,49,25,87,036,37,5*70
$GAGSV,2,1,06,10,34,142,31,11,62,156,28,14,21,088,28,16,36,041,47,7*71
$GAGSV,2,2,06,25,87,036,38,36,60,292,20,7*7B
$GAGSV,1,1,01,12,11,137,,0*43
$GBGSV,3,1,10,12,22,104,26,19,27,075,45,20,15,122,24,22,14,022,26,3*7B
$GBGSV,3,2,10,24,26,233,25,26,51,288,18,29,22,117,37,31,37,253,20,3*70
$GBGSV,3,3,10,35,59,174,28,39,27,001,47,3*7A
$GBGSV,3,1,10,12,22,104,31,19,27,075,48,20,15,122,18,22,14,022,26,5*79
$GBGSV,3,2,10,24,26,233,19,26,51,288,16,29,22,117,19,31,37,253,20,5*7B
$GBGSV,3,3,10,35,59,174,22,39,27,001,44,5*75
$GBGSV,3,1,09,12,22,104,31,19,27,075,43,20,15,122,23,22,14,022,23,8*7A
$GBGSV,3,2,09,24,26,233,28,26,51,288,20,29,22,117,22,35,59,174,28,8*73
$GBGSV,3,3,09,39,27,001,46,8*4A
$GBGSV,1,1,01,11,02,109,,0*4C
$GNGLL,3001.74308,S,05112.75027,W,171308.00,A,A*7E
$GNRMC,171309.00,A,3001.74308,S,05112.75027,W,0.008,,090926,,,A,V*10
$GNVTG,,T,,M,0.008,N,0.015,K,A*31
$GNGGA,171309.00,3001.74308,S,05112.75027,W,1,12,0.58,49.6,M,4.8,M,,*43
$GNGSA,M,3,12,13,18,23,25,26,28,29,31,05,,,1.18,0.58,1.02,1*07
$GNGSA,M,3,16,25,36,02,10,11,,,,,,,1.18,0.58,1.02,3*0F
$GNGSA,M,3,12,19,20,22,24,26,29,35,39,,,,1.18,0.58,1.02,4*02
$GPGSV,3,1,09,05,34,128,42,10,02,342,30,12,17,034,35,13,11,030,22,1*60
$GPGSV,3,2,09,18,68,247,18,23,29,357,43,25,49,019,49,29,57,141,40,1*69
$GPGSV,3,3,09,31,20,264,20,1*5F
$GPGSV,3,1,10,05,34,128,39,10,02,342,31,12,17,034,26,13,11,030,18,6*69
$GPGSV,3,2,10,23,29,357,41,25,49,019,45,26,29,227,20,28,20,296,15,6*65
$GPGSV,3,3,10,29,57,141,32,31,20,264,27,6*6B
$GPGSV,2,1,07,10,02,342,26,13,11,030,26,18,68,247,29,23,29,357,47,8*6B
$GPGSV,2,2,07,25,49,019,53,26,29,227,24,28,20,296,21,8*56
$GPGSV,1,1,04,15,11,062,,16,02,219,,20,03,089,,21,05,144,,0*69
$GAGSV,2,1,08,02,35,221,15,10,34,142,34,11,62,156,26,14,21,088,30,1*7E
$GAGSV,2,2,08,16,36,041,41,25,87,036,35,34,10,309,11,36,60,292,22,1*72
$GAGSV,1,1,02,16,36,041,49,25,87,036,37,5*70
$GAGSV,2,1,06,10,34,142,31,11,62,156,28,14,21,088,28,16,36,041,47,7*71
$GAGSV,2,2,06,25,87,036,37,36,60,292,21,7*75
$GAGSV,1,1,01,12,11,137,,0*43
$GBGSV,3,1,10,12,22,104,25,19,27,075,45,20,15,122,23,22,14,022,26,3*7F
$GBGSV,3,2,10,24,27,233,26,26,51,288,17,29,22,117,37,31,37,253,20,3*7D
$GBGSV,3,3,10,35,59,174,28,39,27,001,47,3*7A
$GBGSV,3,1,10,12,22,104,31,19,27,075,48,20,15,122,19,22,14,022,25,5*7B
$GBGSV,3,2,10,24,27,233,19,26,51,288,16,29,22,117,19,31,37,253,20,5*7A
$GBGSV,3,3,10,35,59,174,22,39,27,001,44,5*75
$GBGSV,3,1,09,12,22,104,31,19,27,075,43,20,15,122,24,22,14,022,23,8*7D
$GBGSV,3,2,09,24,27,233,28,26,51,288,19,29,22,117,22,35,59,174,28,8*78
$GBGSV,3,3,09,39,27,001,46,8*4A
$GBGSV,1,1,01,11,02,109,,0*4C
$GNGLL,3001.74308,S,05112.75027,W,171309.00,A,A*7F
$GNRMC,171310.00,A,3001.74308,S,05112.75027,W,0.025,,090926,,,A,V*17
$GNVTG,,T,,M,0.025,N,0.047,K,A*39
$GNGGA,171310.00,3001.74308,S,05112.75027,W,1,12,0.61,49.5,M,4.8,M,,*42
$GNGSA,M,3,12,13,18,23,25,26,28,29,31,05,,,1.20,0.61,1.03,1*07
$GNGSA,M,3,16,25,36,10,11,,,,,,,,1.20,0.61,1.03,3*0D
$GNGSA,M,3,12,19,20,22,24,26,29,35,39,,,,1.20,0.61,1.03,4*02
$GPGSV,3,1,09,05,34,128,42,10,02,342,30,12,17,034,35,13,11,030,21,1*63
$GPGSV,3,2,09,18,68,247,18,23,29,357,43,25,49,019,49,29,57,141,40,1*69
$GPGSV,3,3,09,31,20,264,20,1*5F
$GPGSV,3,1,10,05,34,128,39,10,02,342,31,12,17,034,26,13,11,030,18,6*69
$GPGSV,3,2,10,23,29,357,41,25,49,019,45,26,29,227,19,28,20,296,15,6*6F
$GPGSV,3,3,10,29,57,141,32,31,20,264,27,6*6B
$GPGSV,2,1,07,10,02,342,26,13,11,030,26,18,68,247,29,23,29,357,47,8*6B
$GPGSV,2,2,07,25,49,019,53,26,29,227,23,28,20,296,22,8*52
$GPGSV,1,1,04,15,11,062,,16,02,219,,20,03,089,,21,05,144,,0*69
$GAGSV,2,1,08,02,35,221,14,10,34,142,34,11,62,156,26,14,21,088,30,1*7F
$GAGSV,2,2,08,16,36,041,41,25,87,036,35,34,10,309,13,36,60,292,21,1*73
$GAGSV,1,1,02,16,36,041,49,25,87,036,37,5*70
$GAGSV,2,1,06,10,34,142,31,11,62,156,28,14,21,088,28,16,36,041,47,7*71
$GAGSV,2,2,06,25,87,036,37,36,60,292,21,7*75
$GAGSV,1,1,01,12,11,137,,0*43
$GBGSV,3,1,10,12,22,104,25,19,27,075,45,20,15,122,22,22,14,022,26,3*7E
$GBGSV,3,2,10,24,27,233,26,26,51,288,16,29,22,117,37,31,37,253,20,3*7C
$GBGSV,3,3,10,35,59,174,28,39,27,001,47,3*7A
$GBGSV,3,1,10,12,22,104,31,19,27,075,48,20,15,122,19,22,14,022,25,5*7B
$GBGSV,3,2,10,24,27,233,18,26,51,288,17,29,22,117,19,31,37,253,20,5*7A
$GBGSV,3,3,10,35,59,174,22,39,27,001,44,5*75
$GBGSV,3,1,09,12,22,104,31,19,27,075,43,20,15,122,23,22,14,022,24,8*7D
$GBGSV,3,2,09,24,27,233,28,26,51,288,19,29,22,117,22,35,59,174,28,8*78
$GBGSV,3,3,09,39,27,001,46,8*4A
$GBGSV,1,1,01,11,02,109,,0*4C
$GNGLL,3001.74308,S,05112.75027,W,171310.00,A,A*77
$GNRMC,171311.00,A,3001.74308,S,05112.75027,W,0.009,,090926,,,A,V*18
$GNVTG,,T,,M,0.009,N,0.018,K,A*3D
$GNGGA,171311.00,3001.74308,S,05112.75027,W,1,12,0.61,49.5,M,4.8,M,,*43
$GNGSA,M,3,12,13,18,23,25,26,29,31,05,,,,1.20,0.61,1.03,1*0D
$GNGSA,M,3,16,25,36,10,11,,,,,,,,1.20,0.61,1.03,3*0D
$GNGSA,M,3,12,19,20,22,24,26,29,35,39,,,,1.20,0.61,1.03,4*02
$GPGSV,3,1,09,05,34,128,43,10,02,342,30,12,17,034,35,13,11,030,21,1*62
$GPGSV,3,2,09,18,68,247,17,23,29,357,43,25,49,019,49,29,57,141,40,1*66
$GPGSV,3,3,09,31,20,264,20,1*5F
$GPGSV,3,1,10,05,34,128,39,10,02,342,31,12,17,034,26,13,11,030,19,6*68
$GPGSV,3,2,10,23,29,357,41,25,49,019,45,26,29,227,19,28,20,296,14,6*6E
$GPGSV,3,3,10,29,57,141,33,31,20,264,26,6*6B
$GPGSV,2,1,07,10,02,342,26,13,11,030,26,18,68,247,29,23,29,357,46,8*6A
$GPGSV,2,2,07,25,49,019,53,26,29,227,23,28,20,296,22,8*52
$GPGSV,1,1,04,15,11,062,,16,02,219,,20,03,089,,21,05,144,,0*69
$GAGSV,2,1,08,02,35,221,12,10,34,142,34,11,62,156,27,14,21,088,29,1*70
$GAGSV,2,2,08,16,36,041,41,25,87,036,35,34,10,309,12,36,60,292,21,1*72
$GAGSV,1,1,02,16,36,041,49,25,87,036,37,5*70
$GAGSV,2,1,06,10,34,142,31,11,62,156,28,14,21,088,27,16,36,041,47,7*7E
$GAGSV,2,2,06,25,87,036,37,36,60,292,21,7*75
$GAGSV,1,1,01,12,11,137,,0*43
$GBGSV,3,1,10,12,22,104,24,19,27,075,45,20,15,122,21,22,14,022,26,3*7C
$GBGSV,3,2,10,24,27,233,26,26,51,289,16,29,22,117,37,31,37,253,20,3*7D
$GBGSV,3,3,10,35,59,174,28,39,27,001,47,3*7A
$GBGSV,3,1,10,12,22,104,31,19,27,075,48,20,15,122,19,22,14,022,25,5*7B
$GBGSV,3,2,10,24,27,233,18,26,51,289,16,29,22,117,20,31,37,253,20,5*70
$GBGSV,3,3,10,35,59,174,21,39,27,001,44,5*76
$GBGSV,3,1,09,12,22,104,30,19,27,075,43,20,15,122,24,22,14,022,23,8*7C
$GBGSV,3,2,09,24,27,233,28,26,51,289,19,29,22,117,22,35,59,174,28,8*79
$GBGSV,3,3,09,39,27,001,46,8*4A
$GBGSV,1,1,01,11,02,109,,0*4C
$GNGLL,3001.74308,S,05112.75027,W,171311.00,A,A*76
$GNRMC,171312.00,A,3001.74307,S,05112.75026,W,0.008,,090926,,,A,V*14
$GNVTG,,T,,M,0.008,N,0.014,K,A*30
$GNGGA,171312.00,3001.74307,S,05112.75026,W,1,12,0.61,49.5,M,4.8,M,,*4E
$GNGSA,M,3,12,13,18,23,25,26,29,31,05,,,,1.20,0.61,1.03,1*0D
$GNGSA,M,3,16,25,36,10,11,,,,,,,,1.20,0.61,1.03,3*0D
$GNGSA,M,3,12,19,20,22,24,26,29,35,39,,,,1.20,0.61,1.03,4*02
$GPGSV,3,1,09,05,34,128,42,10,02,342,29,12,17,034,36,13,11,030,21,1*68
$GPGSV,3,2,09,18,68,247,17,23,29,357,43,25,49,019,49,29,57,141,40,1*66
$GPGSV,3,3,09,31,20,264,20,1*5F
$GPGSV,3,1,10,05,34,128,39,10,02,342,31,12,17,034,26,13,11,030,18,6*69
$GPGSV,3,2,10,23,29,357,41,25,49,019,45,26,29,227,20,28,20,296,14,6*64
$GPGSV,3,3,10,29,57,141,33,31,20,264,26,6*6B
$GPGSV,2,1,07,10,02,342,26,13,11,030,26,18,68,247,28,23,29,357,46,8*6B
$GPGSV,2,2,07,25,49,019,53,26,29,227,23,28,20,296,22,8*52
$GPGSV,1,1,04,15,11,062,,16,02,219,,20,03,089,,21,05,144,,0*69
$GAGSV,2,1,08,02,35,221,13,10,34,142,34,11,62,156,27,14,21,088,30,1*79
$GAGSV,2,2,08,16,36,041,41,25,87,036,35,34,10,309,09,36,60,292,21,1*78
$GAGSV,1,1,02,16,36,041,49,25,87,036,37,5*70
$GAGSV,2,1,06,10,34,142,31,11,62,156,28,14,21,088,28,16,36,041,47,7*71
$GAGSV,2,2,06,25,87,036,37,36,60,292,20,7*74
$GAGSV,1,1,01,12,11,137,,0*43
$GBGSV,3,1,10,12,22,104,23,19,27,075,45,20,15,122,20,22,14,022,26,3*7A
$GBGSV,3,2,10,24,27,233,26,26,51,289,15,29,22,117,37,31,37,253,19,3*74
$GBGSV,3,3,10,35,59,174,28,39,27,001,47,3*7A
$GBGSV,3,1,10,12,22,104,32,19,27,075,48,20,15,122,18,22,14,022,25,5*79
$GBGSV,3,2,10,24,27,233,17,26,51,289,16,29,22,117,20,31,37,253,21,5*7E
$GBGSV,3,3,10,35,59,174,21,39,27,001,44,5*76
$GBGSV,3,1,09,12,22,104,30,19,27,075,42,20,15,122,23,22,14,022,24,8*7D
$GBGSV,3,2,09,24,27,233,28,26,51,289,18,29,22,117,23,35,59,174,28,8*79
$GBGSV,3,3,09,39,27,001,46,8*4A
$GBGSV,1,1,01,11,02,109,,0*4C
$GNGLL,3001.74307,S,05112.75026,W,171312.00,A,A*7B
$GNRMC,171313.00,A,3001.74307,S,05112.75026,W,0.006,,090926,,,A,V*1B
$GNVTG,,T,,M,0.006,N,0.010,K,A*3A
$GNGGA,171313.00,3001.74307,S,05112.75026,W,1,12,0.61,49.5,M,4.8,M,,*4F
$GNGSA,M,3,12,13,18,23,25,26,29,31,05,,,,1.20,0.61,1.03,1*0D
$GNGSA,M,3,16,25,36,10,11,,,,,,,,1.20,0.61,1.03,3*0D
$GNGSA,M,3,12,19,20,22,24,26,29,35,39,,,,1.20,0.61,1.03,4*02
$GPGSV,3,1,09,05,34,128,42,10,02,342,29,12,17,034,35,13,11,030,21,1*6B
$GPGSV,3,2,09,18,68,247,17,23,29,357,43,25,49,019,49,29,57,141,40,1*66
$GPGSV,3,3,09,31,20,264,21,1*5E
$GPGSV,3,1,10,05,34,128,39,10,02,342,31,12,17,034,26,13,11,030,18,6*69
$GPGSV,3,2,10,23,29,357,41,25,49,019,45,26,29,227,19,28,20,296,14,6*6E
$GPGSV,3,3,10,29,57,141,33,31,20,264,26,6*6B
$GPGSV,2,1,07,10,02,342,26,13,11,030,25,18,68,247,29,23,29,357,46,8*69
$GPGSV,2,2,07,25,49,019,53,26,29,227,23,28,20,296,22,8*52
$GPGSV,1,1,04,15,11,062,,16,02,219,,20,03,089,,21,05,144,,0*69
$GAGSV,2,1,08,02,35,221,14,10,34,142,34,11,62,156,27,14,21,088,30,1*7E
$GAGSV,2,2,08,16,36,041,41,25,87,036,35,34,10,309,10,36,60,292,20,1*71
$GAGSV,1,1,02,16,36,041,49,25,87,036,37,5*70
$GAGSV,2,1,06,10,34,142,31,11,62,156,28,14,21,088,28,16,36,041,47,7*71
$GAGSV,2,2,06,25,87,036,37,36,60,292,20,7*74
$GAGSV,1,1,01,12,11,137,,0*43
$GBGSV,3,1,10,12,22,104,21,19,27,075,45,20,15,122,19,22,14,022,25,3*71
$GBGSV,3,2,10,24,27,233,26,26,51,289,15,29,22,117,37,31,37,253,19,3*74
$GBGSV,3,3,10,35,59,174,28,39,27,001,47,3*7A
$GBGSV,3,1,10,12,22,104,32,19,27,075,48,20,15,122,18,22,14,022,25,5*79
$GBGSV,3,2,10,24,27,233,16,26,51,289,15,29,22,117,20,31,37,253,21,5*7C
$GBGSV,3,3,10,35,59,174,21,39,27,001,44,5*76
$GBGSV,3,1,09,12,22,104,30,19,27,075,42,20,15,122,23,22,14,022,25,8*7C
$GBGSV,3,2,09,24,27,233,27,26,51,289,19,29,22,117,22,35,59,174,28,8*76
$GBGSV,3,3,09,39,27,001,46,8*4A
$GBGSV,1,1,01,11,02,109,,0*4C
$GNGLL,3001.74307,S,05112.75026,W,171313.00,A,A*7A
$GNRMC,171314.00,A,3001.74307,S,05112.75025,W,0.017,,090926,,,A,V*1F
$GNVTG,,T,,M,0.017,N,0.032,K,A*3A
$GNGGA,171314.00,3001.74307,S,05112.75025,W,1,12,0.61,49.5,M,4.8,M,,*4B
$GNGSA,M,3,12,13,18,23,25,26,29,31,05,,,,1.20,0.61,1.03,1*0D
$GNGSA,M,3,16,25,36,10,11,,,,,,,,1.20,0.61,1.03,3*0D
$GNGSA,M,3,12,19,20,22,24,26,29,35,39,,,,1.20,0.61,1.03,4*02
$GPGSV,3,1,09,05,34,128,43,10,02,342,29,12,17,034,36,13,11,030,21,1*69
$GPGSV,3,2,09,18,68,247,17,23,29,357,43,25,49,019,49,29,57,141,40,1*66
$GPGSV,3,3,09,31,20,264,21,1*5E
$GPGSV,3,1,10,05,34,128,39,10,02,342,32,12,17,034,25,13,11,030,19,6*68
$GPGSV,3,2,10,23,29,357,41,25,49,019,45,26,29,227,19,28,20,296,13,6*69
$GPGSV,3,3,10,29,57,141,32,31,20,264,26,6*6A
$GPGSV,2,1,07,10,02,342,26,13,11,030,25,18,68,247,29,23,29,357,46,8*69
$GPGSV,2,2,07,25,49,019,53,26,29,227,23,28,20,296,22,8*52
$GPGSV,1,1,04,15,11,062,,16,02,219,,20,03,089,,21,05,144,,0*69
$GAGSV,2,1,08,02,35,221,14,10,34,142,34,11,62,156,27,14,21,088,30,1*7E
$GAGSV,2,2,08,16,36,041,41,25,87,036,35,34,10,309,11,36,60,292,20,1*70
$GAGSV,1,1,02,16,36,041,49,25,87,036,37,5*70
$GAGSV,2,1,06,10,34,142,31,11,62,156,28,14,21,088,28,16,36,041,47,7*71
$GAGSV,2,2,06,25,87,036,38,36,60,292,19,7*71
$GAGSV,1,1,01,12,11,137,,0*43
$GBGSV,3,1,10,12,22,104,20,19,27,075,45,20,15,122,18,22,14,022,25,3*71
$GBGSV,3,2,10,24,27,233,26,26,51,289,16,29,21,116,37,31,37,253,18,3*74
$GBGSV,3,3,10,35,59,174,28,39,27,001,47,3*7A
$GBGSV,3,1,10,12,22,104,32,19,27,075,48,20,15,122,17,22,14,022,25,5*76
$GBGSV,3,2,10,24,27,233,16,26,51,289,16,29,21,116,20,31,37,253,21,5*7D
$GBGSV,3,3,10,35,59,174,21,39,27,001,44,5*76
$GBGSV,3,1,09,12,22,104,30,19,27,075,42,20,15,122,23,22,14,022,25,8*7C
$GBGSV,3,2,09,24,27,233,27,26,51,289,19,29,21,116,22,35,59,174,28,8*74
$GBGSV,3,3,09,39,27,001,46,8*4A
$GBGSV,1,1,01,11,02,109,,0*4C
$GNGLL,3001.74307,S,05112.75025,W,171314.00,A,A*7E
$GNRMC,171315.00,A,3001.74306,S,05112.75025,W,0.008,,090926,,,A,V*11
$GNVTG,,T,,M,0.008,N,0.015,K,A*31
$GNGGA,171315.00,3001.74306,S,05112.75025,W,1,12,0.58,49.5,M,4.8,M,,*41
$GNGSA,M,3,12,13,18,23,25,26,29,31,05,,,,1.18,0.58,1.03,1*0C
$GNGSA,M,3,16,25,36,02,10,11,,,,,,,1.18,0.58,1.03,3*0E
$GNGSA,M,3,12,19,20,22,24,26,29,35,39,,,,1.18,0.58,1.03,4*03
$GPGSV,3,1,09,05,34,128,43,10,02,342,30,12,17,034,35,13,11,030,21,1*62
$GPGSV,3,2,09,18,68,247,17,23,29,357,43,25,49,019,49,29,57,141,40,1*66
$GPGSV,3,3,09,31,20,264,21,1*5E
$GPGSV,3,1,10,05,34,128,39,10,02,342,32,12,17,034,26,13,11,030,19,6*6B
$GPGSV,3,2,10,23,29,357,41,25,49,019,45,26,29,227,19,28,20,296,12,6*68
$GPGSV,3,3,10,29,57,141,33,31,20,264,26,6*6B
$GPGSV,2,1,07,10,02,342,26,13,11,030,25,18,68,247,29,23,29,357,47,8*68
$GPGSV,2,2,07,25,49,019,53,26,29,227,23,28,20,296,22,8*52
$GPGSV,1,1,04,15,11,062,,16,02,219,,20,03,089,,21,05,144,,0*69
$GAGSV,2,1,08,02,35,221,15,10,34,142,34,11,62,156,27,14,21,088,30,1*7F
$GAGSV,2,2,08,16,36,041,41,25,87,036,35,34,10,309,11,36,60,292,20,1*70
$GAGSV,1,1,02,16,36,041,49,25,87,036,37,5*70
$GAGSV,2,1,06,10,34,142,31,11,62,156,28,14,21,088,28,16,36,041,47,7*71
$GAGSV,2,2,06,25,87,036,38,36,60,292,19,7*71
$GAGSV,1,1,01,12,11,137,,0*43
$GBGSV,3,1,10,12,22,104,17,19,27,075,45,20,15,122,17,22,14,022,25,3*7A
$GBGSV,3,2,10,24,27,233,25,26,51,289,16,29,21,116,37,31,37,253,19,3*76
$GBGSV,3,3,10,35,59,174,28,39,27,001,47,3*7A
$GBGSV,3,1,10,12,22,104,32,19,27,075,48,20,15,122,18,22,14,022,25,5*79
$GBGSV,3,2,10,24,27,233,16,26,51,289,17,29,21,116,20,31,37,253,21,5*7C
$GBGSV,3,3,10,35,59,174,20,39,27,001,44,5*77
$GBGSV,3,1,09,12,22,104,30,19,27,075,42,20,15,122,24,22,14,022,25,8*7B
$GBGSV,3,2,09,24,27,233,27,26,51,289,20,29,21,116,23,35,59,174,28,8*7F
$GBGSV,3,3,09,39,27,001,46,8*4A
$GBGSV,1,1,01,11,02,109,,0*4C
$GNGLL,3001.74306,S,05112.75025,W,171315.00,A,A*7E
$GNRMC,171316.00,A,3001.74306,S,05112.75025,W,0.003,,090926,,,A,V*19
$GNVTG,,T,,M,0.003,N,0.006,K,A*38
$GNGGA,171316.00,3001.74306,S,05112.75025,W,1,12,0.58,49.5,M,4.8,M,,*42
$GNGSA,M,3,12,13,18,23,25,26,29,31,05,,,,1.18,0.58,1.03,1*0C
$GNGSA,M,3,16,25,36,02,10,11,,,,,,,1.18,0.58,1.03,3*0E
$GNGSA,M,3,12,19,20,22,24,26,29,35,39,,,,1.18,0.58,1.03,4*03
$GPGSV,3,1,09,05,34,128,43,10,02,342,30,12,17,034,35,13,11,030,22,1*61
$GPGSV,3,2,09,18,68,247,17,23,29,357,43,25,49,019,49,29,57,141,40,1*66
$GPGSV,3,3,09,31,20,264,22,1*5D
$GPGSV,3,1,10,05,34,128,39,10,02,342,32,12,17,034,26,13,11,030,19,6*6B
$GPGSV,3,2,10,23,29,357,41,25,49,019,45,26,29,227,20,28,20,296,13,6*63
$GPGSV,3,3,10,29,57,141,33,31,20,264,26,6*6B
$GPGSV,2,1,07,10,02,342,26,13,11,030,26,18,68,247,29,23,29,357,47,8*6B
$GPGSV,2,2,07,25,49,019,53,26,29,227,23,28,20,296,22,8*52
$GPGSV,1,1,04,15,11,062,,16,02,219,,20,03,089,,21,05,144,,0*69
$GAGSV,2,1,08,02,35,221,15,10,34,142,34,11,62,156,27,14,21,088,29,1*77
$GAGSV,2,2,08,16,36,041,41,25,87,036,35,34,10,309,11,36,60,292,20,1*70
$GAGSV,1,1,02,16,36,041,49,25,87,036,37,5*70
$GAGSV,2,1,06,10,34,142,30,11,62,156,28,14,21,088,28,16,36,041,47,7*70
$GAGSV,2,2,06,25,87,036,38,36,60,292,19,7*71
$GAGSV,1,1,01,12,11,137,,0*43
$GBGSV,3,1,10,12,22,104,16,19,27,075,45,20,15,122,16,22,14,022,25,3*7A
$GBGSV,3,2,10,24,27,233,25,26,51,289,16,29,21,116,37,31,37,252,19,3*77
$GBGSV,3,3,10,35,59,174,28,39,27,001,47,3*7A
$GBGSV,3,1,10,12,22,104,32,19,27,075,48,20,15,122,18,22,14,022,25,5*79
$GBGSV,3,2,10,24,27,233,16,26,51,289,18,29,21,116,21,31,37,252,21,5*73
$GBGSV,3,3,10,35,59,174,20,39,27,001,44,5*77
$GBGSV,3,1,09,12,22,104,30,19,27,075,42,20,15,122,24,22,14,022,25,8*7B
$GBGSV,3,2,09,24,27,233,27,26,51,289,20,29,21,116,23,35,59,174,28,8*7F
$GBGSV,3,3,09,39,27,001,46,8*4A
$GBGSV,1,1,01,11,02,109,,0*4C
$GNGLL,3001.74306,S,05112.75025,W,171316.00,A,A*7D
$GNRMC,171317.00,A,3001.74306,S,05112.75025,W,0.026,,090926,,,A,V*1F
$GNVTG,,T,,M,0.026,N,0.049,K,A*34
$GNGGA,171317.00,3001.74306,S,05112.75025,W,1,12,0.58,49.5,M,4.8,M,,*43
$GNGSA,M,3,12,13,18,23,25,26,29,31,05,,,,1.16,0.58,1.01,1*00
$GNGSA,M,3,16,25,36,10,11,,,,,,,,1.16,0.58,1.01,3*00
$GNGSA,M,3,12,19,20,22,24,26,29,35,39,,,,1.16,0.58,1.01,4*0F
$GPGSV,3,1,09,05,34,128,43,10,02,342,30,12,17,034,35,13,11,030,22,1*61
$GPGSV,3,2,09,18,68,247,17,23,29,357,43,25,49,019,49,29,57,141,40,1*66
$GPGSV,3,3,09,31,20,264,21,1*5E
$GPGSV,3,1,10,05,34,128,39,10,02,342,32,12,17,034,25,13,11,030,20,6*62
$GPGSV,3,2,10,23,29,357,41,25,49,019,45,26,29,227,19,28,20,296,14,6*6E
$GPGSV,3,3,10,29,57,141,32,31,20,264,26,6*6A
$GPGSV,2,1,07,10,02,342,26,13,11,030,26,18,68,247,29,23,29,357,46,8*6A
$GPGSV,2,2,07,25,49,019,53,26,29,227,23,28,20,296,22,8*52
$GPGSV,1,1,04,15,11,062,,16,02,219,,20,03,089,,21,05,144,,0*69
$GAGSV,2,1,08,02,35,221,14,10,34,142,34,11,62,156,26,14,21,088,29,1*77
$GAGSV,2,2,08,16,36,041,41,25,87,036,35,34,10,309,10,36,60,292,21,1*70
$GAGSV,1,1,02,16,36,041,49,25,87,036,37,5*70
$GAGSV,2,1,06,10,34,142,31,11,62,156,28,14,21,088,27,16,36,041,47,7*7E
$GAGSV,2,2,06,25,87,036,38,36,60,292,19,7*71
$GAGSV,1,1,01,12,11,137,,0*43
$GBGSV,3,1,10,12,22,104,16,19,27,075,45,20,15,122,14,22,14,022,25,3*78
$GBGSV,3,2,10,24,27,233,25,26,51,289,17,29,21,116,37,31,37,252,20,3*7C
$GBGSV,3,3,10,35,59,174,27,39,27,001,47,3*75
$GBGSV,3,1,10,12,22,104,32,19,27,075,47,20,15,122,19,22,14,022,25,5*77
$GBGSV,3,2,10,24,27,233,16,26,51,289,18,29,21,116,21,31,37,252,21,5*73
$GBGSV,3,3,10,35,59,174,20,39,27,001,44,5*77
$GBGSV,3,1,09,12,22,104,30,19,27,075,42,20,15,122,23,22,14,022,25,8*7C
$GBGSV,3,2,09,24,27,233,27,26,51,289,20,29,21,116,23,35,59,174,28,8*7F
$GBGSV,3,3,09,39,27,001,46,8*4A
$GBGSV,1,1,01,11,02,109,,0*4C
$GNGLL,3001.74306,S,05112.75025,W,171317.00,A,A*7C
$GNRMC,171318.00,A,3001.74306,S,05112.75025,W,0.013,,090926,,,A,V*16
$GNVTG,,T,,M,0.013,N,0.025,K,A*38
$GNGGA,171318.00,3001.74306,S,05112.75025,W,1,12,0.56,49.4,M,4.8,M,,*43
$GNGSA,M,3,12,18,23,25,26,28,29,31,05,,,,1.19,0.56,1.05,1*0D
$GNGSA,M,3,16,25,36,02,10,11,,,,,,,1.19,0.56,1.05,3*07
$GNGSA,M,3,12,19,20,22,24,26,29,35,39,,,,1.19,0.56,1.05,4*0A
$GPGSV,3,1,09,05,34,128,42,10,02,342,30,12,17,034,36,13,11,030,22,1*63
$GPGSV,3,2,09,18,68,247,17,23,29,357,43,25,49,019,49,29,57,141,40,1*66
$GPGSV,3,3,09,31,20,264,21,1*5E
$GPGSV,3,1,10,05,34,128,39,10,02,342,32,12,17,034,25,13,11,030,19,6*68
$GPGSV,3,2,10,23,29,357,41,25,49,019,45,26,29,227,20,28,20,296,15,6*65
$GPGSV,3,3,10,29,57,141,33,31,20,264,26,6*6B
$GPGSV,2,1,07,10,02,342,26,13,11,030,26,18,68,247,29,23,29,357,47,8*6B
$GPGSV,2,2,07,25,49,019,53,26,29,227,23,28,20,296,22,8*52
$GPGSV,1,1,04,15,11,062,,16,02,219,,20,03,089,,21,05,144,,0*69
$GAGSV,2,1,08,02,35,221,15,10,34,142,34,11,62,156,27,14,21,088,29,1*77
$GAGSV,2,2,08,16,36,041,41,25,87,036,35,34,10,309,11,36,60,292,19,1*7A
$GAGSV,1,1,02,16,36,041,49,25,87,036,37,5*70
$GAGSV,2,1,06,10,34,142,31,11,62,156,28,14,21,088,27,16,36,041,47,7*7E
$GAGSV,2,2,06,25,87,036,38,36,60,292,19,7*71
$GAGSV,1,1,01,12,11,137,,0*43
$GBGSV,3,1,10,12,22,104,17,19,27,075,45,20,15,122,11,22,14,022,24,3*7D
$GBGSV,3,2,10,24,27,233,26,26,51,289,16,29,21,116,37,31,37,252,19,3*74
$GBGSV,3,3,10,35,59,174,27,39,27,001,47,3*75
$GBGSV,3,1,10,12,22,104,32,19,27,075,47,20,15,122,19,22,14,022,25,5*77
$GBGSV,3,2,10,24,27,233,15,26,51,289,18,29,21,116,21,31,37,252,21,5*70
$GBGSV,3,3,10,35,59,174,20,39,27,001,44,5*77
$GBGSV,3,1,09,12,22,104,29,19,27,075,42,20,15,122,23,22,14,022,25,8*74
$GBGSV,3,2,09,24,27,233,27,26,51,289,20,29,21,116,22,35,59,174,28,8*7E
$GBGSV,3,3,09,39,27,001,46,8*4A
$GBGSV,1,1,01,11,02,109,,0*4C
$GNGLL,3001.74306,S,05112.75025,W,171318.00,A,A*73
$GNRMC,171319.00,A,3001.74305,S,05112.75024,W,0.012,,090926,,,A,V*14
$GNVTG,,T,,M,0.012,N,0.022,K,A*3E
$GNGGA,171319.00,3001.74305,S,05112.75024,W,1,12,0.58,49.4,M,4.8,M,,*4E
$GNGSA,M,3,12,18,23,25,26,29,31,05,,,,,1.20,0.58,1.05,1*03
$GNGSA,M,3,16,25,36,10,11,,,,,,,,1.20,0.58,1.05,3*01
$GNGSA,M,3,12,19,20,22,24,26,29,35,39,,,,1.20,0.58,1.05,4*0E
$GPGSV,3,1,09,05,34,128,42,10,02,342,30,12,17,034,36,13,11,030,21,1*60
$GPGSV,3,2,09,18,68,247,17,23,29,357,43,25,49,019,49,29,57,141,40,1*66
$GPGSV,3,3,09,31,20,264,21,1*5E
$GPGSV,3,1,10,05,34,128,39,10,02,342,32,12,17,034,26,13,11,030,19,6*6B
$GPGSV,3,2,10,23,29,357,41,25,49,019,45,26,29,227,20,28,20,296,14,6*64
$GPGSV,3,3,10,29,57,141,32,31,20,264,26,6*6A
$GPGSV,2,1,07,10,02,342,26,13,11,030,26,18,68,247,28,23,29,357,46,8*6B
$GPGSV,2,2,07,25,49,019,53,26,29,227,23,28,20,296,22,8*52
$GPGSV,1,1,04,15,11,062,,16,02,219,,20,03,089,,21,05,144,,0*69
$GAGSV,2,1,08,02,35,221,14,10,34,142,34,11,62,156,27,14,21,088,29,1*76
$GAGSV,2,2,08,16,36,041,41,25,87,036,35,34,10,309,11,36,60,292,19,1*7A
$GAGSV,1,1,02,16,36,041,49,25,87,036,37,5*70
$GAGSV,2,1,06,10,34,142,31,11,62,156,28,14,21,088,27,16,36,041,47,7*7E
$GAGSV,2,2,06,25,87,036,38,36,60,292,18,7*70
$GAGSV,1,1,01,12,11,137,,0*43
$GBGSV,3,1,10,12,22,104,18,19,27,075,45,20,15,122,08,22,14,022,24,3*7A
$GBGSV,3,2,10,24,27,233,26,26,51,289,16,29,21,116,37,31,37,252,20,3*7E
$GBGSV,3,3,10,35,59,174,27,39,27,001,48,3*7A
$GBGSV,3,1,10,12,22,104,32,19,27,075,47,20,15,122,18,22,14,022,26,5*75
$GBGSV,3,2,10,24,27,233,15,26,51,289,18,29,21,116,22,31,37,252,21,5*73
$GBGSV,3,3,10,35,59,174,20,39,27,001,44,5*77
$GBGSV,3,1,09,12,22,104,29,19,27,075,42,20,15,122,23,22,14,022,25,8*74
$GBGSV,3,2,09,24,27,233,27,26,51,289,20,29,21,116,22,35,59,174,28,8*7E
$GBGSV,3,3,09,39,27,001,46,8*4A
$GBGSV,1,1,01,11,02,109,,0*4C
$GNGLL,3001.74305,S,05112.75024,W,171319.00,A,A*70
$GNRMC,171320.00,A,3001.74304,S,05112.75023,W,0.024,,090926,,,A,V*1D
$GNVTG,,T,,M,0.024,N,0.045,K,A*3A
$GNGGA,171320.00,3001.74304,S,05112.75023,W,1,12,0.58,49.4,M,4.8,M,,*42
$GNGSA,M,3,12,18,23,25,26,28,29,31,05,,,,1.20,0.58,1.05,1*09
$GNGSA,M,3,16,25,36,10,11,,,,,,,,1.20,0.58,1.05,3*01
$GNGSA,M,3,12,19,20,22,24,26,29,35,39,,,,1.20,0.58,1.05,4*0E
$GPGSV,3,1,09,05,34,128,42,10,02,342,31,12,17,034,36,13,11,030,20,1*60
$GPGSV,3,2,09,18,68,247,17,23,29,357,43,25,49,019,49,29,57,141,41,1*67
$GPGSV,3,3,09,31,20,264,21,1*5E
$GPGSV,3,1,10,05,34,128,39,10,02,342,33,12,17,034,25,13,11,030,19,6*69
$GPGSV,3,2,10,23,29,357,41,25,49,019,45,26,29,227,20,28,20,296,15,6*65
$GPGSV,3,3,10,29,57,141,32,31,20,264,26,6*6A
$GPGSV,2,1,07,10,02,342,26,13,11,030,26,18,68,247,29,23,29,357,46,8*6A
$GPGSV,2,2,07,25,49,019,53,26,29,227,23,28,20,296,23,8*53
$GPGSV,1,1,04,15,11,062,,16,02,219,,20,03,089,,21,05,144,,0*69
$GAGSV,2,1,08,02,35,221,13,10,34,142,34,11,62,156,27,14,21,088,29,1*71
$GAGSV,2,2,08,16,36,041,41,25,87,036,35,34,10,309,12,36,60,292,19,1*79
$GAGSV,1,1,02,16,36,041,49,25,87,036,37,5*70
$GAGSV,2,1,06,10,34,142,30,11,62,156,28,14,21,088,27,16,36,041,47,7*7F
$GAGSV,2,2,06,25,87,036,38,36,60,292,17,7*7F
$GAGSV,1,1,01,12,11,137,,0*43
$GBGSV,3,1,10,12,22,104,19,19,27,075,45,20,15,122,10,22,14,022,24,3*72
$GBGSV,3,2,10,24,27,233,26,26,51,289,14,29,21,116,36,31,37,252,19,3*77
$GBGSV,3,3,10,35,59,173,27,39,27,001,48,3*7D
$GBGSV,3,1,10,12,22,104,32,19,27,075,47,20,15,122,19,22,14,022,25,5*77
$GBGSV,3,2,10,24,27,233,15,26,51,289,18,29,21,116,22,31,37,252,21,5*73
$GBGSV,3,3,10,35,59,173,20,39,27,001,44,5*70
$GBGSV,3,1,09,12,22,104,29,19,27,075,42,20,15,122,23,22,14,022,25,8*74
$GBGSV,3,2,09,24,27,233,27,26,51,289,19,29,21,116,23,35,59,173,28,8*72
$GBGSV,3,3,09,39,27,001,46,8*4A
$GBGSV,1,1,01,11,02,109,,0*4C
$GNGLL,3001.74304,S,05112.75023,W,171320.00,A,A*7C
$GNRMC,171321.00,A,3001.74303,S,05112.75022,W,0.024,,090926,,,A,V*1A
$GNVTG,,T,,M,0.024,N,0.044,K,A*3B
$GNGGA,171321.00,3001.74303,S,05112.75022,W,1,12,0.58,49.4,M,4.8,M,,*45
$GNGSA,M,3,12,18,23,25,26,28,29,31,05,,,,1.20,0.58,1.05,1*09
$GNGSA,M,3,16,25,36,10,11,,,,,,,,1.20,0.58,1.05,3*01
$GNGSA,M,3,12,19,20,22,24,26,29,35,39,,,,1.20,0.58,1.05,4*0E
$GPGSV,3,1,09,05,34,128,43,10,02,342,30,12,17,034,36,13,11,030,21,1*61
$GPGSV,3,2,09,18,68,247,17,23,29,357,44,25,49,019,49,29,57,141,41,1*60
$GPGSV,3,3,09,31,20,264,21,1*5E
$GPGSV,3,1,10,05,34,128,39,10,02,342,33,12,17,034,25,13,11,030,18,6*68
$GPGSV,3,2,10,23,29,357,41,25,49,019,45,26,29,227,19,28,20,296,15,6*6F
$GPGSV,3,3,10,29,57,141,32,31,20,264,26,6*6A
$GPGSV,2,1,07,10,02,342,27,13,11,030,26,18,68,247,28,23,29,357,46,8*6A
$GPGSV,2,2,07,25,49,019,53,26,29,227,23,28,20,296,23,8*53
$GPGSV,1,1,04,15,11,062,,16,02,219,,20,03,089,,21,05,144,,0*69
$GAGSV,2,1,08,02,35,221,13,10,34,142,34,11,62,156,27,14,21,088,29,1*71
$GAGSV,2,2,08,16,36,041,41,25,87,036,35,34,10,309,10,36,60,292,19,1*7B
$GAGSV,1,1,02,16,36,041,49,25,87,036,37,5*70
$GAGSV,2,1,06,10,34,142,30,11,62,156,29,14,21,088,27,16,36,041,47,7*7E
$GAGSV,2,2,06,25,87,036,38,36,60,292,17,7*7F
$GAGSV,1,1,01,12,11,137,,0*43
$GBGSV,3,1,10,12,22,104,21,19,27,075,45,20,15,122,10,22,14,022,23,3*7E
$GBGSV,3,2,10,24,27,233,25,26,51,289,15,29,21,116,36,31,37,252,19,3*75
$GBGSV,3,3,10,35,59,173,27,39,27,001,48,3*7D
$GBGSV,3,1,10,12,22,104,32,19,27,075,47,20,15,122,19,22,14,022,25,5*77
$GBGSV,3,2,10,24,27,233,15,26,51,289,18,29,21,116,21,31,37,252,22,5*73
$GBGSV,3,3,10,35,59,173,20,39,27,001,44,5*70
$GBGSV,3,1,09,12,22,104,29,19,27,075,42,20,15,122,23,22,14,022,25,8*74
$GBGSV,3,2,09,24,27,233,26,26,51,289,19,29,21,116,22,35,59,173,27,8*7D
$GBGSV,3,3,09,39,27,001,46,8*4A
$GBGSV,1,1,01,11,02,109,,0*4C
$GNGLL,3001.74303,S,05112.75022,W,171321.00,A,A*7B
$GNRMC,171322.00,A,3001.74303,S,05112.75021,W,0.011,,090926,,,A,V*1C
$GNVTG,,T,,M,0.011,N,0.020,K,A*3F
$GNGGA,171322.00,3001.74303,S,05112.75021,W,1,12,0.63,49.3,M,4.8,M,,*4A
$GNGSA,M,3,12,18,23,25,26,29,31,05,,,,,1.25,0.63,1.09,1*02
$GNGSA,M,3,16,25,36,10,11,,,,,,,,1.25,0.63,1.09,3*00
$GNGSA,M,3,12,19,20,22,24,26,29,35,39,,,,1.25,0.63,1.09,4*0F
$GPGSV,3,1,10,05,34,128,42,10,02,342,31,12,17,034,36,13,11,030,21,1*69
$GPGSV,3,2,10,15,11,062,23,18,68,247,17,23,29,357,44,25,49,019,49,1*61
$GPGSV,3,3,10,29,57,141,40,31,20,264,21,1*6F
$GPGSV,3,1,10,05,34,128,38,10,02,342,33,12,17,034,25,13,11,030,18,6*69
$GPGSV,3,2,10,23,29,357,41,25,49,019,45,26,29,227,19,28,20,296,14,6*6E
$GPGSV,3,3,10,29,57,141,33,31,20,264,26,6*6B
$GPGSV,2,1,07,10,02,342,27,13,11,030,26,18,68,247,28,23,29,357,46,8*6A
$GPGSV,2,2,07,25,49,019,53,26,29,227,23,28,20,296,23,8*53
$GPGSV,1,1,03,16,02,219,,20,03,089,,21,05,144,,0*5E
$GAGSV,2,1,08,02,35,221,14,10,34,142,34,11,62,156,26,14,21,088,29,1*77
$GAGSV,2,2,08,16,36,041,41,25,87,036,35,34,10,309,10,36,60,292,19,1*7B
$GAGSV,1,1,02,16,36,041,49,25,87,036,37,5*70
$GAGSV,2,1,06,10,34,142,30,11,62,156,29,14,21,088,27,16,36,041,47,7*7E
$GAGSV,2,2,06,25,87,036,38,36,60,292,16,7*7E
$GAGSV,1,1,01,12,11,137,,0*43
$GBGSV,3,1,10,12,22,104,22,19,27,075,45,20,15,122,09,22,14,022,23,3*75
$GBGSV,3,2,10,24,27,233,25,26,51,289,15,29,21,116,36,31,37,252,20,3*7F
$GBGSV,3,3,10,35,59,173,27,39,27,001,48,3*7D
$GBGSV,3,1,10,12,22,104,32,19,27,075,47,20,15,122,18,22,14,022,25,5*76
$GBGSV,3,2,10,24,27,233,16,26,51,289,17,29,21,116,21,31,37,252,21,5*7C
$GBGSV,3,3,10,35,59,173,20,39,27,001,44,5*70
$GBGSV,3,1,10,12,22,104,28,19,27,075,42,20,15,122,23,22,14,022,25,8*7D
$GBGSV,3,2,10,24,27,233,26,26,51,289,20,29,21,116,22,31,37,252,16,8*71
$GBGSV,3,3,10,35,59,173,27,39,27,001,46,8*78
$GBGSV,1,1,01,11,02,109,,0*4C
$GNGLL,3001.74303,S,05112.75021,W,171322.00,A,A*7B
$GNRMC,171323.00,A,3001.74302,S,05112.75021,W,0.010,,090926,,,A,V*1D
$GNVTG,,T,,M,0.010,N,0.018,K,A*35
$GNGGA,171323.00,3001.74302,S,05112.75021,W,1,12,0.63,49.3,M,4.8,M,,*4A
$GNGSA,M,3,12,18,23,25,26,28,29,31,05,,,,1.25,0.63,1.09,1*08
$GNGSA,M,3,16,25,36,10,11,,,,,,,,1.25,0.63,1.09,3*00
$GNGSA,M,3,12,19,20,22,24,26,29,35,39,,,,1.25,0.63,1.09,4*0F
$GPGSV,3,1,09,05,34,128,43,10,02,342,31,12,17,034,35,13,11,030,21,1*63
$GPGSV,3,2,09,18,68,247,16,23,29,357,44,25,49,019,50,29,57,141,41,1*69
$GPGSV,3,3,09,31,20,264,20,1*5F
$GPGSV,3,1,10,05,34,128,38,10,02,342,33,12,17,034,25,13,11,030,18,6*69
$GPGSV,3,2,10,23,29,357,41,25,49,019,45,26,29,227,19,28,20,296,15,6*6F
$GPGSV,3,3,10,29,57,141,33,31,20,264,26,6*6B
$GPGSV,2,1,07,10,02,342,27,13,11,030,26,18,68,247,28,23,29,357,46,8*6A
$GPGSV,2,2,07,25,49,019,53,26,29,227,23,28,20,296,22,8*52
$GPGSV,1,1,04,15,11,062,,16,02,219,,20,03,089,,21,05,144,,0*69
$GAGSV,2,1,08,02,35,221,14,10,34,142,34,11,62,156,27,14,21,088,29,1*76
$GAGSV,2,2,08,16,36,041,41,25,87,036,35,34,10,309,12,36,60,292,19,1*79
$GAGSV,1,1,02,16,36,041,49,25,87,036,37,5*70
$GAGSV,2,1,06,10,34,142,30,11,62,156,29,14,21,088,27,16,36,041,47,7*7E
$GAGSV,2,2,06,25,87,036,38,36,60,292,16,7*7E
$GAGSV,1,1,01,12,11,137,,0*43
$GBGSV,3,1,10,12,22,104,24,19,27,075,45,20,15,122,13,22,14,022,23,3*78
$GBGSV,3,2,10,24,27,233,25,26,51,289,14,29,21,116,36,31,37,252,19,3*74
$GBGSV,3,3,10,35,59,173,26,39,27,001,47,3*73
$GBGSV,3,1,10,12,22,104,32,19,27,075,47,20,15,122,19,22,14,022,25,5*77
$GBGSV,3,2,10,24,27,233,15,26,51,289,17,29,21,116,21,31,37,252,22,5*7C
$GBGSV,3,3,10,35,59,173,20,39,27,001,44,5*70
$GBGSV,3,1,10,12,22,104,28,19,27,075,42,20,15,122,23,22,14,022,25,8*7D
$GBGSV,3,2,10,24,27,233,25,26,51,289,20,29,21,116,23,31,37,252,15,8*70
$GBGSV,3,3,10,35,59,173,27,39,27,001,46,8*78
$GBGSV,1,1,01,11,02,109,,0*4C
$GNGLL,3001.74302,S,05112.75021,W,171323.00,A,A*7B
$GNRMC,171324.00,A,3001.74301,S,05112.75020,W,0.015,,090926,,,A,V*1D
$GNVTG,,T,,M,0.015,N,0.027,K,A*3C
$GNGGA,171324.00,3001.74301,S,05112.75020,W,1,12,0.63,49.2,M,4.8,M,,*4E
$GNGSA,M,3,12,18,23,25,26,28,29,31,05,,,,1.25,0.63,1.09,1*08
$GNGSA,M,3,16,25,36,10,11,,,,,,,,1.25,0.63,1.09,3*00
$GNGSA,M,3,12,19,20,22,24,26,29,35,39,,,,1.25,0.63,1.09,4*0F
$GPGSV,3,1,09,05,34,128,43,10,02,342,32,12,17,034,35,13,11,030,20,1*61
$GPGSV,3,2,09,18,68,247,16,23,29,357,44,25,49,019,50,29,57,141,41,1*69
$GPGSV,3,3,09,31,20,264,20,1*5F
$GPGSV,3,1,10,05,34,128,38,10,02,342,34,12,17,034,25,13,11,030,18,6*6E
$GPGSV,3,2,10,23,29,357,41,25,49,019,45,26,29,227,19,28,20,296,16,6*6C
$GPGSV,3,3,10,29,57,141,32,31,20,264,26,6*6A
$GPGSV,2,1,07,10,02,342,27,13,11,030,26,18,68,247,28,23,29,357,46,8*6A
$GPGSV,2,2,07,25,49,019,53,26,29,227,24,28,20,296,23,8*54
$GPGSV,1,1,04,15,11,062,,16,02,219,,20,03,089,,21,05,144,,0*69
$GAGSV,2,1,08,02,35,221,14,10,34,142,34,11,62,156,26,14,21,088,29,1*77
$GAGSV,2,2,08,16,36,041,41,25,87,036,35,34,10,309,11,36,60,292,18,1*7B
$GAGSV,1,1,02,16,36,041,48,25,87,036,37,5*71
$GAGSV,2,1,06,10,34,142,30,11,62,156,29,14,21,088,27,16,36,041,47,7*7E
$GAGSV,2,2,06,25,87,036,38,36,60,292,16,7*7E
$GAGSV,1,1,01,12,11,137,,0*43
$GBGSV,3,1,10,12,22,104,25,19,27,075,45,20,15,122,14,22,14,022,23,3*7E
$GBGSV,3,2,10,24,27,233,24,26,51,289,15,29,21,116,36,31,37,252,19,3*74
$GBGSV,3,3,10,35,59,173,26,39,26,001,48,3*7D
$GBGSV,3,1,10,12,22,104,32,19,27,075,47,20,15,122,18,22,14,022,25,5*76
$GBGSV,3,2,10,24,27,233,15,26,51,289,17,29,21,116,21,31,37,252,22,5*7C
$GBGSV,3,3,10,35,59,173,20,39,26,001,44,5*71
$GBGSV,3,1,10,12,22,104,28,19,27,075,42,20,15,122,24,22,14,022,26,8*79
$GBGSV,3,2,10,24,27,233,25,26,51,289,20,29,21,116,23,31,37,252,17,8*72
$GBGSV,3,3,10,35,59,173,28,39,26,001,46,8*76
$GBGSV,1,1,01,11,02,109,,0*4C
$GNGLL,3001.74301,S,05112.75020,W,171324.00,A,A*7E
$GNRMC,171325.00,A,3001.74300,S,05112.75019,W,0.009,,090926,,,A,V*1A
$GNVTG,,T,,M,0.009,N,0.017,K,A*32
$GNGGA,171325.00,3001.74300,S,05112.75019,W,1,12,0.63,49.2,M,4.8,M,,*44
$GNGSA,M,3,12,18,23,25,26,28,29,31,05,,,,1.25,0.63,1.09,1*08
$GNGSA,M,3,16,25,36,10,11,,,,,,,,1.25,0.63,1.09,3*00
$GNGSA,M,3,12,19,20,22,24,26,29,31,35,39,,,1.25,0.63,1.09,4*0D
$GPGSV,3,1,09,05,34,128,43,10,02,342,32,12,17,034,35,13,11,030,21,1*60
$GPGSV,3,2,09,18,68,247,16,23,29,357,44,25,49,019,50,29,57,141,41,1*69
$GPGSV,3,3,09,31,20,264,20,1*5F
$GPGSV,3,1,10,05,34,128,38,10,02,342,34,12,17,034,25,13,11,030,19,6*6F
$GPGSV,3,2,10,23,29,357,41,25,49,019,45,26,29,227,19,28,20,296,16,6*6C
$GPGSV,3,3,10,29,57,141,33,31,20,264,26,6*6B
$GPGSV,2,1,07,10,02,342,27,13,11,030,26,18,68,247,28,23,29,357,46,8*6A
$GPGSV,2,2,07,25,49,019,53,26,29,227,24,28,20,296,23,8*54
$GPGSV,1,1,04,15,11,062,,16,02,219,,20,03,089,,21,05,144,,0*69
$GAGSV,2,1,08,02,35,221,14,10,34,142,34,11,62,156,27,14,21,088,29,1*76
$GAGSV,2,2,08,16,36,041,41,25,87,036,35,34,10,309,12,36,60,292,17,1*77
$GAGSV,1,1,02,16,36,041,48,25,87,036,37,5*71
$GAGSV,2,1,06,10,34,142,30,11,62,156,29,14,21,088,27,16,36,041,47,7*7E
$GAGSV,2,2,06,25,87,036,38,36,60,292,16,7*7E
$GAGSV,1,1,01,12,11,137,,0*43
$GBGSV,3,1,10,12,22,104,26,19,27,075,45,20,15,122,07,22,14,022,23,3*7F
$GBGSV,3,2,10,24,27,233,25,26,51,289,15,29,21,116,36,31,37,252,19,3*75
$GBGSV,3,3,10,35,59,173,26,39,26,001,48,3*7D
$GBGSV,3,1,10,12,22,104,32,19,27,075,47,20,15,122,18,22,14,022,25,5*76
$GBGSV,3,2,10,24,27,233,15,26,51,289,17,29,21,116,21,31,37,252,22,5*7C
$GBGSV,3,3,10,35,59,173,20,39,26,001,44,5*71
$GBGSV,3,1,10,12,22,104,27,19,27,075,42,20,15,122,24,22,14,022,26,8*76
$GBGSV,3,2,10,24,27,233,25,26,51,289,20,29,21,116,23,31,37,252,17,8*72
$GBGSV,3,3,10,35,59,173,28,39,26,001,46,8*76
$GBGSV,1,1,01,11,02,109,,0*4C
$GNGLL,3001.74300,S,05112.75019,W,171325.00,A,A*74
$GNRMC,171326.00,A,3001.74299,S,05112.75018,W,0.008,,090926,,,A,V*18
$GNVTG,,T,,M,0.008,N,0.015,K,A*31
$GNGGA,171326.00,3001.74299,S,05112.75018,W,1,12,0.63,49.2,M,4.8,M,,*47
$GNGSA,M,3,12,18,23,25,26,28,29,31,05,,,,1.25,0.63,1.09,1*08
$GNGSA,M,3,16,25,36,10,11,,,,,,,,1.25,0.63,1.09,3*00
$GNGSA,M,3,12,19,20,22,24,26,29,31,35,39,,,1.25,0.63,1.09,4*0D
$GPGSV,3,1,09,05,34,128,43,10,02,342,32,12,17,034,35,13,11,030,21,1*60
$GPGSV,3,2,09,18,68,247,17,23,29,357,44,25,49,019,50,29,57,141,41,1*68
$GPGSV,3,3,09,31,20,264,20,1*5F
$GPGSV,3,1,10,05,34,128,38,10,02,342,34,12,17,034,25,13,11,030,18,6*6E
$GPGSV,3,2,10,23,29,357,41,25,49,019,45,26,29,227,19,28,20,296,16,6*6C
$GPGSV,3,3,10,29,57,141,33,31,20,264,27,6*6A
$GPGSV,2,1,07,10,02,342,27,13,11,030,26,18,68,247,28,23,29,357,46,8*6A
$GPGSV,2,2,07,25,49,019,53,26,29,227,24,28,20,296,23,8*54
$GPGSV,1,1,04,15,11,062,,16,02,219,,20,03,089,,21,05,144,,0*69
$GAGSV,2,1,08,02,35,221,13,10,34,142,34,11,62,156,27,14,21,088,29,1*71
$GAGSV,2,2,08,16,36,041,41,25,87,036,35,34,10,309,13,36,60,292,17,1*76
$GAGSV,1,1,02,16,36,041,49,25,87,036,37,5*70
$GAGSV,2,1,06,10,34,142,30,11,62,156,29,14,21,088,27,16,36,041,47,7*7E
$GAGSV,2,2,06,25,87,036,38,36,60,292,15,7*7D
$GAGSV,1,1,01,12,11,137,,0*43
$GBGSV,3,1,10,12,22,104,27,19,27,075,45,20,15,122,11,22,14,022,23,3*79
$GBGSV,3,2,10,24,27,233,25,26,51,289,16,29,21,116,36,31,37,252,18,3*77
$GBGSV,3,3,10,35,59,173,26,39,26,001,48,3*7D
$GBGSV,3,1,10,12,22,104,32,19,27,075,47,20,15,122,18,22,14,022,25,5*76
$GBGSV,3,2,10,24,27,233,15,26,51,289,16,29,21,116,22,31,37,252,22,5*7E
$GBGSV,3,3,10,35,59,173,20,39,26,001,44,5*71
$GBGSV,3,1,10,12,22,104,27,19,27,075,42,20,15,122,24,22,14,022,26,8*76
$GBGSV,3,2,10,24,27,233,25,26,51,289,20,29,21,116,23,31,37,252,18,8*7D
$GBGSV,3,3,10,35,59,173,28,39,26,001,46,8*76
$GBGSV,1,1,01,11,02,109,,0*4C
$GNGLL,3001.74299,S,05112.75018,W,171326.00,A,A*77
$GNRMC,171327.00,A,3001.74299,S,05112.75017,W,0.008,,090926,,,A,V*16
$GNVTG,,T,,M,0.008,N,0.015,K,A*31
$GNGGA,171327.00,3001.74299,S,05112.75017,W,1,12,0.63,49.2,M,4.8,M,,*49
$GNGSA,M,3,12,18,23,25,26,28,29,31,05,,,,1.25,0.63,1.09,1*08
$GNGSA,M,3,16,25,36,10,11,,,,,,,,1.25,0.63,1.09,3*00
$GNGSA,M,3,12,19,20,22,24,26,29,31,35,39,,,1.25,0.63,1.09,4*0D
$GPGSV,3,1,09,05,34,128,43,10,02,342,32,12,17,034,35,13,11,030,20,1*61
$GPGSV,3,2,09,18,68,247,17,23,29,357,44,25,49,019,50,29,57,141,41,1*68
$GPGSV,3,3,09,31,20,264,21,1*5E
$GPGSV,3,1,10,05,34,128,38,10,02,342,34,12,17,034,25,13,11,030,18,6*6E
$GPGSV,3,2,10,23,29,357,41,25,49,019,45,26,29,227,19,28,20,296,17,6*6D
$GPGSV,3,3,10,29,57,141,33,31,20,264,27,6*6A
$GPGSV,2,1,07,10,02,342,27,13,11,030,26,18,68,247,28,23,29,357,46,8*6A
$GPGSV,2,2,07,25,49,019,53,26,29,227,24,28,20,296,22,8*55
$GPGSV,1,1,04,15,11,062,,16,02,219,,20,03,089,,21,05,144,,0*69
$GAGSV,2,1,08,02,35,221,14,10,34,142,34,11,62,156,27,14,21,088,29,1*76
$GAGSV,2,2,08,16,36,041,41,25,87,036,35,34,10,309,11,36,60,292,15,1*76
$GAGSV,1,1,02,16,36,041,48,25,87,036,37,5*71
$GAGSV,2,1,06,10,34,142,30,11,62,156,29,14,21,088,27,16,36,041,47,7*7E
$GAGSV,2,2,06,25,87,036,38,36,60,292,13,7*7B
$GAGSV,1,1,01,12,11,137,,0*43
$GBGSV,3,1,10,12,22,104,28,19,27,075,45,20,15,122,16,22,14,022,23,3*71
$GBGSV,3,2,10,24,27,233,25,26,51,289,16,29,21,116,35,31,37,252,18,3*74
$GBGSV,3,3,10,35,59,173,26,39,26,001,48,3*7D
$GBGSV,3,1,10,12,22,104,32,19,27,075,47,20,15,122,19,22,14,022,25,5*77
$GBGSV,3,2,10,24,27,233,15,26,51,289,16,29,21,116,21,31,37,252,22,5*7D
$GBGSV,3,3,10,35,59,173,20,39,26,001,44,5*71
$GBGSV,3,1,10,12,22,104,26,19,27,075,42,20,15,122,24,22,14,022,26,8*77
$GBGSV,3,2,10,24,27,233,25,26,51,289,20,29,21,116,23,31,37,252,18,8*7D
$GBGSV,3,3,10,35,59,173,28,39,26,001,46,8*76
$GBGSV,1,1,01,11,02,109,,0*4C
$GNGLL,3001.74299,S,05112.75017,W,171327.00,A,A*79
$GNRMC,171328.00,A,3001.74298,S,05112.75016,W,0.012,,090926,,,A,V*12
$GNVTG,,T,,M,0.012,N,0.023,K,A*3F
$GNGGA,171328.00,3001.74298,S,05112.75016,W,1,12,0.63,49.1,M,4.8,M,,*45
$GNGSA,M,3,12,18,23,25,26,28,29,31,05,,,,1.25,0.63,1.09,1*08
$GNGSA,M,3,16,25,10,11,,,,,,,,,1.25,0.63,1.09,3*05
$GNGSA,M,3,12,19,20,22,24,26,29,31,35,39,,,1.25,0.63,1.09,4*0D
$GPGSV,3,1,09,05,34,128,43,10,02,342,31,12,17,034,35,13,11,030,21,1*63
$GPGSV,3,2,09,18,68,247,17,23,29,357,44,25,49,019,50,29,57,141,41,1*68
$GPGSV,3,3,09,31,20,264,20,1*5F
$GPGSV,3,1,10,05,34,128,38,10,02,342,34,12,17,034,25,13,11,030,18,6*6E
$GPGSV,3,2,10,23,29,357,41,25,49,019,45,26,29,227,19,28,20,296,17,6*6D
$GPGSV,3,3,10,29,57,141,33,31,20,264,27,6*6A
$GPGSV,2,1,07,10,02,342,27,13,11,030,26,18,68,247,28,23,29,357,46,8*6A
$GPGSV,2,2,07,25,49,019,53,26,29,227,24,28,20,296,22,8*55
$GPGSV,1,1,04,15,11,062,,16,02,219,,20,03,089,,21,05,144,,0*69
$GAGSV,2,1,08,02,35,221,13,10,34,142,33,11,62,156,27,14,21,088,29,1*76
$GAGSV,2,2,08,16,36,041,41,25,87,036,35,34,10,309,09,36,60,292,13,1*79
$GAGSV,1,1,02,16,36,041,48,25,87,036,37,5*71
$GAGSV,2,1,06,10,34,142,30,11,62,156,29,14,21,088,26,16,36,041,47,7*7F
$GAGSV,2,2,06,25,87,036,38,36,60,292,12,7*7A
$GAGSV,1,1,01,12,11,137,,0*43
$GBGSV,3,1,10,12,22,104,28,19,27,075,45,20,15,122,17,22,14,022,23,3*70
$GBGSV,3,2,10,24,27,233,25,26,51,289,15,29,21,116,35,31,37,252,17,3*78
$GBGSV,3,3,10,35,59,173,26,39,26,001,48,3*7D
$GBGSV,3,1,10,12,22,104,32,19,27,075,47,20,15,122,19,22,14,022,25,5*77
$GBGSV,3,2,10,24,27,233,14,26,51,289,16,29,21,116,20,31,37,252,22,5*7D
$GBGSV,3,3,10,35,59,173,20,39,26,001,44,5*71
$GBGSV,3,1,10,12,22,104,26,19,27,075,42,20,15,122,24,22,14,022,26,8*77
$GBGSV,3,2,10,24,27,233,25,26,51,289,21,29,21,116,23,31,37,252,18,8*7C
$GBGSV,3,3,10,35,59,173,28,39,26,001,46,8*76
$GBGSV,1,1,01,11,02,109,,0*4C
$GNGLL,3001.74298,S,05112.75016,W,171328.00,A,A*76
$GNRMC,171329.00,A,3001.74297,S,05112.75015,W,0.010,,090926,,,A,V*1D
$GNVTG,,T,,M,0.010,N,0.018,K,A*35
$GNGGA,171329.00,3001.74297,S,05112.75015,W,1,12,0.63,49.1,M,4.8,M,,*48
$GNGSA,M,3,12,18,23,25,26,28,29,31,05,,,,1.25,0.63,1.09,1*08
$GNGSA,M,3,16,25,10,11,,,,,,,,,1.25,0.63,1.09,3*05
$GNGSA,M,3,12,19,20,22,24,26,29,31,35,39,,,1.25,0.63,1.09,4*0D
$GPGSV,3,1,09,05,34,128,43,10,02,342,31,12,17,034,36,13,11,030,21,1*60
$GPGSV,3,2,09,18,68,247,17,23,29,357,44,25,49,019,50,29,57,141,41,1*68
$GPGSV,3,3,09,31,20,264,20,1*5F
$GPGSV,3,1,10,05,34,128,38,10,02,342,34,12,17,034,25,13,11,030,18,6*6E
$GPGSV,3,2,10,23,29,357,41,25,49,019,45,26,29,227,19,28,20,296,17,6*6D
$GPGSV,3,3,10,29,57,141,33,31,20,264,27,6*6A
$GPGSV,2,1,07,10,02,342,27,13,11,030,26,18,68,247,28,23,29,357,46,8*6A
$GPGSV,2,2,07,25,49,019,53,26,29,227,24,28,20,296,22,8*55
$GPGSV,1,1,04,15,11,062,,16,02,219,,20,03,089,,21,05,144,,0*69
$GAGSV,2,1,07,02,35,221,14,10,34,142,34,11,62,156,27,14,21,088,29,1*79
$GAGSV,2,2,07,16,36,041,41,25,87,036,35,34,10,309,09,1*4E
$GAGSV,1,1,02,16,36,041,48,25,87,036,37,5*71
$GAGSV,2,1,06,10,34,142,30,11,62,156,29,14,21,088,27,16,36,041,47,7*7E
$GAGSV,2,2,06,25,87,036,38,36,60,292,12,7*7A
$GAGSV,1,1,01,12,11,137,,0*43
$GBGSV,3,1,10,12,22,104,29,19,27,075,45,20,15,122,17,22,14,022,23,3*71
$GBGSV,3,2,10,24,27,233,25,26,51,289,15,29,21,116,35,31,37,252,17,3*78
$GBGSV,3,3,10,35,59,173,26,39,26,001,48,3*7D
$GBGSV,3,1,10,12,22,104,32,19,27,075,47,20,15,122,19,22,14,022,25,5*77
$GBGSV,3,2,10,24,27,233,12,26,51,289,16,29,21,116,21,31,37,252,22,5*7A
$GBGSV,3,3,10,35,59,173,20,39,26,001,44,5*71
$GBGSV,3,1,10,12,22,104,26,19,27,075,42,20,15,122,24,22,14,022,26,8*77
$GBGSV,3,2,10,24,27,233,25,26,51,289,21,29,21,116,23,31,37,252,17,8*73
$GBGSV,3,3,10,35,59,173,27,39,26,001,46,8*79
$GBGSV,1,1,01,11,02,109,,0*4C
$GNGLL,3001.74297,S,05112.75015,W,171329.00,A,A*7B
$GNRMC,171330.00,A,3001.74297,S,05112.75014,W,0.007,,090926,,,A,V*12
$GNVTG,,T,,M,0.007,N,0.013,K,A*38
$GNGGA,171330.00,3001.74297,S,05112.75014,W,1,12,0.63,49.1,M,4.8,M,,*41
$GNGSA,M,3,12,18,23,25,26,28,29,31,05,,,,1.26,0.63,1.09,1*0B
$GNGSA,M,3,16,25,10,11,,,,,,,,,1.26,0.63,1.09,3*06
$GNGSA,M,3,12,19,20,22,24,26,29,31,35,39,,,1.26,0.63,1.09,4*0E
$GPGSV,3,1,09,05,34,128,42,10,02,342,32,12,17,034,36,13,11,030,21,1*62
$GPGSV,3,2,09,18,68,247,17,23,29,357,44,25,49,019,50,29,57,141,41,1*68
$GPGSV,3,3,09,31,20,264,21,1*5E
$GPGSV,3,1,10,05,34,128,38,10,02,342,34,12,17,034,25,13,11,030,17,6*61
$GPGSV,3,2,10,23,29,357,41,25,49,019,45,26,29,227,19,28,20,296,17,6*6D
$GPGSV,3,3,10,29,57,141,33,31,20,264,27,6*6A
$GPGSV,2,1,07,10,02,342,27,13,11,030,26,18,68,247,28,23,29,357,46,8*6A
$GPGSV,2,2,07,25,49,019,53,26,29,227,24,28,20,296,21,8*56
$GPGSV,1,1,04,15,11,062,,16,02,219,,20,03,089,,21,05,144,,0*69
$GAGSV,2,1,07,02,35,221,14,10,34,142,33,11,62,156,26,14,21,088,29,1*7F
$GAGSV,2,2,07,16,36,041,41,25,87,036,35,34,10,309,09,1*4E
$GAGSV,1,1,02,16,36,041,48,25,87,036,37,5*71
$GAGSV,2,1,06,10,34,142,30,11,62,156,29,14,21,088,26,16,36,041,47,7*7F
$GAGSV,2,2,06,25,87,036,37,36,60,292,09,7*7F
$GAGSV,1,1,01,12,11,137,,0*43
$GBGSV,3,1,10,12,22,104,30,19,27,075,45,20,15,122,17,22,14,022,23,3*79
$GBGSV,3,2,10,24,27,233,24,26,51,289,15,29,21,116,35,31,37,252,17,3*79
$GBGSV,3,3,10,35,59,173,26,39,26,001,47,3*72
$GBGSV,3,1,10,12,22,104,32,19,27,075,47,20,15,122,19,22,14,022,25,5*77
$GBGSV,3,2,10,24,27,233,10,26,51,289,16,29,21,116,22,31,37,252,22,5*7B
$GBGSV,3,3,10,35,59,173,20,39,26,001,44,5*71
$GBGSV,3,1,10,12,22,104,26,19,27,075,42,20,15,122,24,22,14,022,25,8*74
$GBGSV,3,2,10,24,27,233,25,26,51,289,20,29,21,116,25,31,37,252,18,8*7B
$GBGSV,3,3,10,35,59,173,28,39,26,001,46,8*76
$GBGSV,1,1,01,11,02,109,,0*4C
$GNGLL,3001.74297,S,05112.75014,W,171330.00,A,A*72
$GNRMC,171331.00,A,3001.74296,S,05112.75014,W,0.034,,090926,,,A,V*12
$GNVTG,,T,,M,0.034,N,0.063,K,A*3F
$GNGGA,171331.00,3001.74296,S,05112.75014,W,1,12,0.60,49.0,M,4.8,M,,*43
$GNGSA,M,3,12,18,23,25,26,28,29,31,05,,,,1.23,0.60,1.08,1*0C
$GNGSA,M,3,16,25,02,10,11,,,,,,,,1.23,0.60,1.08,3*03
$GNGSA,M,3,12,19,20,22,24,26,29,31,35,39,,,1.23,0.60,1.08,4*09
$GPGSV,3,1,09,05,34,128,43,10,02,342,32,12,17,034,36,13,11,030,21,1*63
$GPGSV,3,2,09,18,68,247,18,23,29,357,44,25,49,019,50,29,57,141,41,1*67
$GPGSV,3,3,09,31,20,264,22,1*5D
$GPGSV,3,1,10,05,34,128,38,10,02,342,34,12,17,034,25,13,11,030,17,6*61
$GPGSV,3,2,10,23,29,357,41,25,49,019,45,26,29,227,20,28,20,296,16,6*66
$GPGSV,3,3,10,29,57,141,33,31,20,264,27,6*6A
$GPGSV,2,1,07,10,02,342,28,13,11,030,26,18,68,247,28,23,29,357,46,8*65
$GPGSV,2,2,07,25,49,019,53,26,29,227,25,28,20,296,21,8*57
$GPGSV,1,1,04,15,11,062,,16,02,219,,20,03,089,,21,05,144,,0*69
$GAGSV,2,1,07,02,35,221,15,10,34,142,34,11,62,156,27,14,21,088,29,1*78
$GAGSV,2,2,07,16,36,041,41,25,87,036,35,34,10,309,08,1*4F
$GAGSV,1,1,02,16,36,041,48,25,87,036,37,5*71
$GAGSV,2,1,06,10,34,142,29,11,62,156,28,14,21,088,27,16,36,041,47,7*77
$GAGSV,2,2,06,25,87,036,37,36,60,292,09,7*7F
$GAGSV,1,1,01,12,11,137,,0*43
$GBGSV,3,1,10,12,22,104,30,19,27,075,45,20,15,122,17,22,14,022,24,3*7E
$GBGSV,3,2,10,24,27,233,24,26,51,289,16,29,21,116,35,31,37,252,18,3*75
$GBGSV,3,3,10,35,59,173,25,39,26,001,47,3*71
$GBGSV,3,1,10,12,22,104,32,19,27,075,47,20,15,122,18,22,14,022,25,5*76
$GBGSV,3,2,10,24,27,233,10,26,51,289,16,29,21,116,22,31,37,252,22,5*7B
$GBGSV,3,3,10,35,59,173,20,39,26,001,44,5*71
$GBGSV,3,1,10,12,22,104,25,19,27,075,42,20,15,122,24,22,14,022,26,8*74
$GBGSV,3,2,10,24,27,233,25,26,51,289,20,29,21,116,25,31,37,252,19,8*7A
$GBGSV,3,3,10,35,59,173,28,39,26,001,46,8*76
$GBGSV,1,1,01,11,02,109,,0*4C
$GNGLL,3001.74296,S,05112.75014,W,171331.00,A,A*72
$GNRMC,171332.00,A,3001.74296,S,05112.75013,W,0.012,,090926,,,A,V*12
$GNVTG,,T,,M,0.012,N,0.022,K,A*3E
$GNGGA,171332.00,3001.74296,S,05112.75013,W,1,12,0.64,49.0,M,4.8,M,,*43
$GNGSA,M,3,12,18,23,25,26,28,29,31,05,,,,1.28,0.64,1.11,1*0B
$GNGSA,M,3,16,25,02,10,11,,,,,,,,1.28,0.64,1.11,3*04
$GNGSA,M,3,12,19,20,22,24,26,29,31,35,39,,,1.28,0.64,1.11,4*0E
$GPGSV,3,1,09,05,34,128,43,10,02,342,33,12,17,034,36,13,11,030,21,1*62
$GPGSV,3,2,09,18,68,247,17,23,29,357,44,25,49,019,50,29,57,141,41,1*68
$GPGSV,3,3,09,31,20,264,22,1*5D
$GPGSV,3,1,10,05,34,128,38,10,02,342,34,12,17,034,24,13,11,030,17,6*60
$GPGSV,3,2,10,23,29,357,41,25,49,019,45,26,29,227,20,28,20,296,16,6*66
$GPGSV,3,3,10,29,57,141,33,31,20,264,27,6*6A
$GPGSV,2,1,07,10,02,342,28,13,11,030,26,18,68,247,28,23,29,357,46,8*65
$GPGSV,2,2,07,25,49,019,53,26,29,227,25,28,20,296,21,8*57
$GPGSV,1,1,04,15,11,062,,16,02,219,,20,03,089,,21,05,144,,0*69
$GAGSV,2,1,07,02,35,221,16,10,34,142,33,11,62,156,27,14,21,088,28,1*7D
$GAGSV,2,2,07,16,36,041,41,25,87,036,35,34,10,309,08,1*4F
$GAGSV,1,1,02,16,36,041,48,25,87,036,37,5*71
$GAGSV,2,1,06,10,34,142,29,11,62,156,28,14,21,088,27,16,36,041,47,7*77
$GAGSV,2,2,06,25,87,036,38,36,60,292,09,7*70
$GAGSV,1,1,01,12,11,137,,0*43
$GBGSV,3,1,10,12,22,104,31,19,27,075,45,20,15,122,17,22,14,022,23,3*78
$GBGSV,3,2,10,24,27,233,24,26,51,289,17,29,21,116,34,31,37,252,18,3*75
$GBGSV,3,3,10,35,59,173,25,39,26,001,47,3*71
$GBGSV,3,1,10,12,22,104,32,19,27,075,47,20,15,122,18,22,14,022,25,5*76
$GBGSV,3,2,10,24,27,233,09,26,51,289,17,29,21,116,21,31,37,252,22,5*71
$GBGSV,3,3,10,35,59,173,20,39,26,001,44,5*71
$GBGSV,3,1,10,12,22,104,25,19,27,075,42,20,15,122,24,22,14,022,26,8*74
$GBGSV,3,2,10,24,27,233,25,26,51,289,20,29,21,116,25,31,37,252,20,8*70
$GBGSV,3,3,10,35,59,173,28,39,26,001,46,8*76
$GBGSV,1,1,01,11,02,109,,0*4C
$GNGLL,3001.74296,S,05112.75013,W,171332.00,A,A*76
$GNRMC,171333.00,A,3001.74295,S,05112.75013,W,0.013,,090926,,,A,V*11
$GNVTG,,T,,M,0.013,N,0.025,K,A*38
$GNGGA,171333.00,3001.74295,S,05112.75013,W,1,12,0.64,49.0,M,4.8,M,,*41
$GNGSA,M,3,12,18,23,25,26,28,29,31,05,,,,1.28,0.64,1.11,1*0B
$GNGSA,M,3,16,25,02,10,11,,,,,,,,1.28,0.64,1.11,3*04
$GNGSA,M,3,12,19,20,22,24,26,29,31,35,39,,,1.28,0.64,1.11,4*0E
$GPGSV,3,1,09,05,34,128,43,10,02,342,33,12,17,034,36,13,11,030,21,1*62
$GPGSV,3,2,09,18,68,247,18,23,29,357,44,25,49,019,50,29,57,141,41,1*67
$GPGSV,3,3,09,31,20,264,22,1*5D
$GPGSV,1,1,01,15,11,062,13,5*53
$GPGSV,3,1,10,05,34,128,37,10,02,342,34,12,17,034,24,13,11,030,17,6*6F
$GPGSV,3,2,10,23,29,357,41,25,49,019,44,26,29,227,21,28,20,296,17,6*67
$GPGSV,3,3,10,29,57,141,33,31,20,264,27,6*6A
$GPGSV,2,1,07,10,02,342,28,13,11,030,26,18,68,247,28,23,29,357,46,8*65
$GPGSV,2,2,07,25,49,019,53,26,29,227,25,28,20,296,21,8*57
$GPGSV,1,1,03,16,02,219,,20,03,089,,21,05,144,,0*5E
$GAGSV,2,1,08,02,35,221,16,10,34,142,33,11,62,156,26,14,21,088,28,1*73
$GAGSV,2,2,08,16,36,041,41,25,87,036,35,34,10,309,09,36,60,292,15,1*7F
$GAGSV,1,1,02,16,36,041,48,25,87,036,37,5*71
$GAGSV,2,1,05,10,34,142,29,11,62,156,28,14,21,088,27,16,36,041,47,7*74
$GAGSV,2,2,05,25,87,036,38,7*40
$GAGSV,1,1,01,12,11,137,,0*43
$GBGSV,3,1,10,12,22,104,31,19,27,075,45,20,15,122,18,22,14,022,24,3*70
$GBGSV,3,2,10,24,27,233,24,26,51,289,18,29,21,116,35,31,37,252,18,3*7B
$GBGSV,3,3,10,35,59,173,25,39,26,001,47,3*71
$GBGSV,3,1,10,12,22,104,32,19,27,075,47,20,15,122,17,22,14,022,24,5*78
$GBGSV,3,2,10,24,27,233,09,26,51,289,17,29,21,116,21,31,37,252,22,5*71
$GBGSV,3,3,10,35,59,173,20,39,26,001,44,5*71
$GBGSV,3,1,10,12,22,104,25,19,27,075,42,20,15,122,24,22,14,022,26,8*74
$GBGSV,3,2,10,24,27,233,24,26,51,289,21,29,21,116,25,31,37,252,21,8*71
$GBGSV,3,3,10,35,59,173,28,39,26,001,46,8*76
$GBGSV,1,1,01,11,02,109,,0*4C
$GNGLL,3001.74295,S,05112.75013,W,171333.00,A,A*74
$GNRMC,171334.00,A,3001.74294,S,05112.75012,W,0.020,,090926,,,A,V*16
$GNVTG,,T,,M,0.020,N,0.037,K,A*3B
$GNGGA,171334.00,3001.74294,S,05112.75012,W,1,12,0.62,49.0,M,4.8,M,,*40
$GNGSA,M,3,12,18,23,25,26,28,29,31,05,,,,1.24,0.62,1.07,1*06
$GNGSA,M,3,16,25,10,11,,,,,,,,,1.24,0.62,1.07,3*0B
$GNGSA,M,3,12,19,20,22,24,26,29,31,35,39,,,1.24,0.62,1.07,4*03
$GPGSV,3,1,10,05,34,128,43,10,02,342,33,12,17,034,36,13,11,030,21,1*6A
$GPGSV,3,2,10,18,68,247,18,23,29,357,44,25,49,019,50,26,29,227,23,1*6E
$GPGSV,3,3,10,29,57,141,41,31,20,264,22,1*6D
$GPGSV,3,1,11,05,34,128,37,10,02,342,34,12,17,034,25,13,11,030,17,6*6F
$GPGSV,3,2,11,15,11,062,11,23,29,357,41,25,49,019,45,26,29,227,21,6*64
$GPGSV,3,3,11,28,20,296,17,29,57,141,33,31,20,264,27,6*58
$GPGSV,2,1,07,10,02,342,28,13,11,030,26,18,68,247,28,23,29,357,46,8*65
$GPGSV,2,2,07,25,49,019,53,26,29,227,25,28,20,296,20,8*56
$GPGSV,1,1,03,16,02,219,,20,03,089,,21,05,144,,0*5E
$GAGSV,2,1,08,02,35,221,14,10,34,142,33,11,62,156,27,14,21,088,28,1*70
$GAGSV,2,2,08,16,36,041,41,25,87,036,35,34,10,309,09,36,60,292,16,1*7C
$GAGSV,1,1,02,16,36,041,48,25,87,036,37,5*71
$GAGSV,2,1,05,10,34,142,29,11,62,156,28,14,21,088,26,16,36,041,47,7*75
$GAGSV,2,2,05,25,87,036,38,7*40
$GAGSV,1,1,01,12,11,137,,0*43
$GBGSV,3,1,10,12,22,104,31,19,27,075,45,20,15,122,18,22,14,022,24,3*70
$GBGSV,3,2,10,24,27,233,24,26,51,289,18,29,21,116,35,31,37,252,17,3*74
$GBGSV,3,3,10,35,59,173,25,39,26,001,47,3*71
$GBGSV,3,1,09,12,22,104,31,19,27,075,47,20,15,122,18,22,14,022,24,5*7C
$GBGSV,3,2,09,26,51,289,17,29,21,116,21,31,37,252,23,35,59,173,20,5*7D
$GBGSV,3,3,09,39,26,001,44,5*44
$GBGSV,3,1,10,12,22,104,24,19,27,075,42,20,15,122,24,22,14,022,26,8*75
$GBGSV,3,2,10,24,27,233,25,26,51,289,21,29,21,116,26,31,37,252,21,8*73
$GBGSV,3,3,10,35,59,173,28,39,26,001,46,8*76
$GBGSV,1,1,01,11,02,109,,0*4C
$GNGLL,3001.74294,S,05112.75012,W,171334.00,A,A*73
$GNRMC,171335.00,A,3001.74294,S,05112.75012,W,0.034,,090926,,,A,V*12
$GNVTG,,T,,M,0.034,N,0.062,K,A*3E
$GNGGA,171335.00,3001.74294,S,05112.75012,W,1,12,0.62,48.9,M,4.8,M,,*49
$GNGSA,M,3,12,18,23,25,26,28,29,31,05,,,,1.24,0.62,1.07,1*06
$GNGSA,M,3,16,25,10,11,,,,,,,,,1.24,0.62,1.07,3*0B
$GNGSA,M,3,12,19,20,22,24,26,29,31,35,39,,,1.24,0.62,1.07,4*03
$GPGSV,3,1,10,05,34,128,43,10,02,342,31,12,17,034,36,13,11,030,21,1*68
$GPGSV,3,2,10,18,68,247,19,23,29,357,44,25,49,019,50,26,29,227,23,1*6F
$GPGSV,3,3,10,29,57,141,41,31,20,264,23,1*6C
$GPGSV,3,1,10,05,34,128,37,10,02,342,35,12,17,034,25,13,11,030,17,6*6F
$GPGSV,3,2,10,23,29,357,41,25,49,019,45,26,29,227,21,28,20,296,19,6*68
$GPGSV,3,3,10,29,57,141,33,31,20,264,26,6*6B
$GPGSV,2,1,07,10,02,342,28,13,11,030,26,18,68,247,28,23,29,357,46,8*65
$GPGSV,2,2,07,25,49,019,53,26,29,227,24,28,20,296,20,8*57
$GPGSV,1,1,04,15,11,062,,16,02,219,,20,03,089,,21,05,144,,0*69
$GAGSV,2,1,08,02,35,221,14,10,34,142,33,11,62,156,27,14,21,088,28,1*70
$GAGSV,2,2,08,16,36,041,41,25,87,036,36,34,10,309,09,36,60,292,15,1*7C
$GAGSV,1,1,02,16,36,041,48,25,87,036,37,5*71
$GAGSV,2,1,05,10,34,142,29,11,62,156,28,14,21,088,27,16,36,041,47,7*74
$GAGSV,2,2,05,25,87,036,37,7*4F
$GAGSV,1,1,01,12,11,137,,0*43
$GBGSV,3,1,10,12,22,104,31,19,27,075,45,20,15,122,18,22,14,022,23,3*77
$GBGSV,3,2,10,24,27,233,24,26,51,289,18,29,21,116,34,31,37,252,16,3*74
$GBGSV,3,3,10,35,59,173,25,39,26,001,47,3*71
$GBGSV,3,1,09,12,22,104,32,19,27,075,47,20,15,122,19,22,14,022,25,5*7F
$GBGSV,3,2,09,26,51,289,18,29,21,116,21,31,37,252,23,35,59,173,20,5*72
$GBGSV,3,3,09,39,26,001,44,5*44
$GBGSV,3,1,10,12,22,104,24,19,27,075,41,20,15,122,24,22,14,022,26,8*76
$GBGSV,3,2,10,24,27,233,25,26,51,289,21,29,21,116,25,31,37,252,20,8*71
$GBGSV,3,3,10,35,59,173,28,39,26,001,46,8*76
$GBGSV,1,1,01,11,02,109,,0*4C
$GNGLL,3001.74294,S,05112.75012,W,171335.00,A,A*72
$GNRMC,171336.00,A,3001.74294,S,05112.75012,W,0.012,,090926,,,A,V*15
$GNVTG,,T,,M,0.012,N,0.021,K,A*3D
$GNGGA,171336.00,3001.74294,S,05112.75012,W,1,12,0.62,48.9,M,4.8,M,,*4A
$GNGSA,M,3,12,18,23,25,26,28,29,31,05,,,,1.24,0.62,1.07,1*06
$GNGSA,M,3,16,25,10,11,,,,,,,,,1.24,0.62,1.07,3*0B
$GNGSA,M,3,12,19,20,22,24,26,29,31,35,39,,,1.24,0.62,1.07,4*03
$GPGSV,3,1,10,05,34,128,43,10,02,342,32,12,17,034,36,13,11,030,21,1*6B
$GPGSV,3,2,10,18,68,247,19,23,29,357,44,25,49,019,50,26,29,227,23,1*6F
$GPGSV,3,3,10,29,57,141,41,31,20,264,23,1*6C
$GPGSV,3,1,10,05,34,128,38,10,02,342,35,12,17,034,25,13,11,030,17,6*60
$GPGSV,3,2,10,23,29,357,41,25,49,019,45,26,29,227,21,28,20,296,20,6*62
$GPGSV,3,3,10,29,57,141,33,31,20,264,26,6*6B
$GPGSV,2,1,07,10,02,342,28,13,11,030,26,18,68,247,27,23,29,357,46,8*6A
$GPGSV,2,2,07,25,49,019,53,26,29,227,24,28,20,296,21,8*56
$GPGSV,1,1,04,15,11,062,,16,02,219,,20,03,089,,21,05,144,,0*69
$GAGSV,2,1,08,02,35,221,13,10,34,142,33,11,62,156,26,14,21,088,29,1*77
$GAGSV,2,2,08,16,36,041,41,25,87,036,35,34,10,309,10,36,60,292,15,1*77
$GAGSV,1,1,02,16,36,041,48,25,87,036,37,5*71
$GAGSV,2,1,05,10,34,142,29,11,62,156,28,14,21,088,26,16,36,041,47,7*75
$GAGSV,2,2,05,25,87,036,37,7*4F
$GAGSV,1,1,01,12,11,137,,0*43
$GBGSV,3,1,10,12,22,104,31,19,27,075,45,20,15,122,18,22,14,022,23,3*77
$GBGSV,3,2,10,24,27,233,24,26,51,289,18,29,21,116,34,31,37,252,17,3*75
$GBGSV,3,3,10,35,59,173,25,39,26,001,47,3*71
$GBGSV,3,1,10,12,22,104,31,19,27,075,47,20,15,122,19,22,14,022,25,5*74
$GBGSV,3,2,10,24,27,233,22,26,51,289,18,29,21,116,21,31,37,252,22,5*77
$GBGSV,3,3,10,35,59,173,20,39,26,001,44,5*71
$GBGSV,3,1,10,12,22,104,24,19,27,075,41,20,15,122,23,22,14,022,26,8*71
$GBGSV,3,2,10,24,27,233,24,26,51,289,21,29,21,116,25,31,37,252,20,8*70
$GBGSV,3,3,10,35,59,173,27,39,26,001,46,8*79
$GBGSV,1,1,01,11,02,109,,0*4C
$GNGLL,3001.74294,S,05112.75012,W,171336.00,A,A*71
$GNRMC,171337.00,A,3001.74293,S,05112.75011,W,0.012,,090926,,,A,V*10
$GNVTG,,T,,M,0.012,N,0.021,K,A*3D
$GNGGA,171337.00,3001.74293,S,05112.75011,W,1,12,0.62,48.9,M,4.8,M,,*4F
$GNGSA,M,3,12,18,23,25,26,28,29,31,05,,,,1.24,0.62,1.07,1*06
$GNGSA,M,3,16,25,36,10,11,,,,,,,,1.24,0.62,1.07,3*0E
$GNGSA,M,3,12,19,20,22,24,26,29,31,35,39,,,1.24,0.62,1.07,4*03
$GPGSV,3,1,10,05,34,128,43,10,02,342,33,12,17,034,36,13,11,030,21,1*6A
$GPGSV,3,2,10,18,68,247,19,23,29,357,44,25,49,019,50,26,29,227,24,1*68
$GPGSV,3,3,10,29,57,141,41,31,20,264,23,1*6C
$GPGSV,3,1,10,05,34,128,37,10,02,342,35,12,17,034,25,13,11,030,16,6*6E
$GPGSV,3,2,10,23,29,357,41,25,49,019,45,26,29,227,21,28,20,296,21,6*63
$GPGSV,3,3,10,29,57,141,33,31,20,264,27,6*6A
$GPGSV,2,1,07,10,02,342,28,13,11,030,26,18,68,247,27,23,29,357,46,8*6A
$GPGSV,2,2,07,25,49,019,53,26,29,227,24,28,20,296,21,8*56
$GPGSV,1,1,04,15,11,062,,16,02,219,,20,03,089,,21,05,144,,0*69
$GAGSV,2,1,08,02,35,221,13,10,34,142,34,11,62,156,26,14,21,088,28,1*71
$GAGSV,2,2,08,16,36,041,41,25,87,036,35,34,10,309,09,36,60,292,15,1*7F
$GAGSV,1,1,02,16,36,041,48,25,87,036,37,5*71
$GAGSV,2,1,05,10,34,142,29,11,62,156,28,14,21,088,26,16,36,041,47,7*75
$GAGSV,2,2,05,25,87,036,37,7*4F
$GAGSV,1,1,01,12,11,137,,0*43
$GBGSV,3,1,10,12,22,104,31,19,27,075,45,20,15,122,17,22,14,022,23,3*78
$GBGSV,3,2,10,24,27,233,24,26,51,289,18,29,21,116,34,31,37,252,17,3*75
$GBGSV,3,3,10,35,59,173,25,39,26,001,47,3*71
$GBGSV,3,1,10,12,22,104,31,19,27,075,47,20,15,122,19,22,14,022,25,5*74
$GBGSV,3,2,10,24,27,233,20,26,51,289,18,29,21,116,21,31,37,252,22,5*75
$GBGSV,3,3,10,35,59,173,19,39,26,001,44,5*7B
$GBGSV,3,1,10,12,22,104,24,19,27,075,42,20,15,122,22,22,14,022,26,8*73
$GBGSV,3,2,10,24,27,233,24,26,51,289,21,29,21,116,25,31,37,252,21,8*71
$GBGSV,3,3,10,35,59,173,27,39,26,001,46,8*79
$GBGSV,1,1,01,11,02,109,,0*4C
$GNGLL,3001.74293,S,05112.75011,W,171337.00,A,A*74
$GNRMC,171338.00,A,3001.74293,S,05112.75011,W,0.018,,090926,,,A,V*15
$GNVTG,,T,,M,0.018,N,0.033,K,A*34
$GNGGA,171338.00,3001.74293,S,05112.75011,W,1,12,0.62,48.8,M,4.8,M,,*41
$GNGSA,M,3,12,18,23,25,26,28,29,31,05,,,,1.24,0.62,1.07,1*06
$GNGSA,M,3,16,25,36,10,11,,,,,,,,1.24,0.62,1.07,3*0E
$GNGSA,M,3,12,19,20,22,24,26,29,31,35,39,,,1.24,0.62,1.07,4*03
$GPGSV,3,1,10,05,34,128,43,10,02,342,33,12,17,034,36,13,11,030,21,1*6A
$GPGSV,3,2,10,18,68,247,19,23,29,357,44,25,49,019,50,26,29,227,25,1*69
$GPGSV,3,3,10,29,57,141,41,31,20,264,23,1*6C
$GPGSV,3,1,10,05,34,128,37,10,02,342,34,12,17,034,25,13,11,030,17,6*6E
$GPGSV,3,2,10,23,29,357,41,25,49,019,45,26,29,227,21,28,20,296,21,6*63
$GPGSV,3,3,10,29,57,141,33,31,20,264,27,6*6A
$GPGSV,2,1,07,10,02,342,29,13,11,030,26,18,68,247,27,23,29,357,46,8*6B
$GPGSV,2,2,07,25,49,019,53,26,29,227,24,28,20,296,21,8*56
$GPGSV,1,1,04,15,11,062,,16,02,219,,20,03,089,,21,05,144,,0*69
$GAGSV,2,1,08,02,35,221,13,10,34,142,34,11,62,156,27,14,21,088,28,1*70
$GAGSV,2,2,08,16,36,041,41,25,87,036,35,34,10,309,09,36,60,292,16,1*7C
$GAGSV,1,1,02,16,36,041,48,25,87,036,37,5*71
$GAGSV,2,1,05,10,34,142,29,11,62,156,28,14,21,088,26,16,36,041,47,7*75
$GAGSV,2,2,05,25,87,036,37,7*4F
$GAGSV,1,1,01,12,11,137,,0*43
$GBGSV,3,1,10,12,22,104,31,19,27,075,45,20,15,122,17,22,14,022,23,3*78
$GBGSV,3,2,10,24,27,233,24,26,51,289,18,29,21,116,34,31,37,252,18,3*7A
$GBGSV,3,3,10,35,59,173,25,39,26,001,47,3*71
$GBGSV,3,1,10,12,22,104,31,19,27,075,47,20,15,122,20,22,14,022,25,5*7E
$GBGSV,3,2,10,24,27,233,19,26,51,289,18,29,21,116,21,31,37,252,22,5*7F
$GBGSV,3,3,10,35,59,173,19,39,26,001,44,5*7B
$GBGSV,3,1,10,12,22,104,24,19,27,075,41,20,15,122,22,22,14,022,26,8*70
$GBGSV,3,2,10,24,27,233,24,26,51,289,21,29,21,116,25,31,37,252,21,8*71
$GBGSV,3,3,10,35,59,173,28,39,26,001,46,8*76
$GBGSV,1,1,01,11,02,109,,0*4C
$GNGLL,3001.74293,S,05112.75011,W,171338.00,A,A*7B
$GNRMC,171339.00,A,3001.74293,S,05112.75011,W,0.030,,090926,,,A,V*1E
$GNVTG,,T,,M,0.030,N,0.055,K,A*3E
$GNGGA,171339.00,3001.74293,S,05112.75011,W,1,12,0.62,48.8,M,4.8,M,,*40
$GNGSA,M,3,12,18,23,25,26,28,29,31,05,,,,1.24,0.62,1.07,1*06
$GNGSA,M,3,16,25,36,10,11,,,,,,,,1.24,0.62,1.07,3*0E
$GNGSA,M,3,12,19,20,22,24,26,29,31,35,39,,,1.24,0.62,1.07,4*03
$GPGSV,3,1,10,05,34,128,44,10,02,342,32,12,17,034,36,13,11,030,21,1*6C
$GPGSV,3,2,10,18,68,247,19,23,29,357,44,25,49,019,50,26,29,227,25,1*69
$GPGSV,3,3,10,29,57,141,41,31,20,264,23,1*6C
$GPGSV,3,1,10,05,34,128,38,10,02,342,34,12,17,034,25,13,11,030,16,6*60
$GPGSV,3,2,10,23,29,357,41,25,49,019,45,26,29,227,21,28,20,296,20,6*62
$GPGSV,3,3,10,29,57,141,33,31,20,264,27,6*6A
$GPGSV,2,1,07,10,02,342,29,13,11,030,26,18,68,247,27,23,29,357,46,8*6B
$GPGSV,2,2,07,25,49,019,53,26,29,227,24,28,20,296,21,8*56
$GPGSV,1,1,04,15,11,062,,16,02,219,,20,03,089,,21,05,144,,0*69
$GAGSV,2,1,08,02,35,221,14,10,34,142,34,11,62,156,27,14,21,088,28,1*77
$GAGSV,2,2,08,16,36,041,42,25,87,036,35,34,10,309,10,36,60,292,17,1*76
$GAGSV,1,1,02,16,36,041,48,25,87,036,37,5*71
$GAGSV,2,1,05,10,34,142,28,11,62,156,28,14,21,088,26,16,36,041,47,7*74
$GAGSV,2,2,05,25,87,036,37,7*4F
$GAGSV,1,1,01,12,11,137,,0*43
$GBGSV,3,1,10,12,22,104,31,19,27,075,46,20,15,122,17,22,14,022,23,3*7B
$GBGSV,3,2,10,24,27,233,24,26,51,289,18,29,21,116,34,31,37,252,18,3*7A
$GBGSV,3,3,10,35,59,173,25,39,26,001,47,3*71
$GBGSV,3,1,10,12,22,104,31,19,27,075,47,20,15,122,19,22,14,022,25,5*74
$GBGSV,3,2,10,24,27,233,18,26,51,289,17,29,21,116,20,31,37,252,22,5*70
$GBGSV,3,3,10,35,59,173,20,39,26,001,44,5*71
$GBGSV,3,1,10,12,22,104,24,19,27,075,41,20,15,122,22,22,14,022,25,8*73
$GBGSV,3,2,10,24,27,233,24,26,51,289,21,29,21,116,25,31,37,252,21,8*71
$GBGSV,3,3,10,35,59,173,27,39,26,001,46,8*79
$GBGSV,1,1,01,11,02,109,,0*4C
$GNGLL,3001.74293,S,05112.75011,W,171339.00,A,A*7A
$GNRMC,171340.00,A,3001.74292,S,05112.75011,W,0.007,,090926,,,A,V*15
$GNVTG,,T,,M,0.007,N,0.013,K,A*38
$GNGGA,171340.00,3001.74292,S,05112.75011,W,1,12,0.59,48.8,M,4.8,M,,*47
$GNGSA,M,3,12,18,23,25,26,28,29,31,05,,,,1.22,0.59,1.06,1*09
$GNGSA,M,3,16,25,36,02,10,11,,,,,,,1.22,0.59,1.06,3*03
$GNGSA,M,3,12,19,20,22,24,26,29,31,35,39,,,1.22,0.59,1.06,4*0C
$GPGSV,3,1,10,05,34,128,43,10,02,342,33,12,17,034,36,13,11,030,21,1*6A
$GPGSV,3,2,10,18,68,247,19,23,29,357,44,25,49,019,50,26,29,227,25,1*69
$GPGSV,3,3,10,29,57,141,41,31,20,264,24,1*6B
$GPGSV,1,1,01,18,68,247,17,5*51
$GPGSV,3,1,10,05,34,128,37,10,02,342,34,12,17,034,25,13,11,030,16,6*6F
$GPGSV,3,2,10,23,29,357,41,25,49,019,44,26,29,227,21,28,20,296,21,6*62
$GPGSV,3,3,10,29,57,141,33,31,20,264,27,6*6A
$GPGSV,2,1,07,10,02,342,29,13,11,030,26,18,68,247,28,23,29,357,46,8*64
$GPGSV,2,2,07,25,49,019,53,26,29,227,24,28,20,296,23,8*54
$GPGSV,1,1,04,15,11,062,,16,02,219,,20,03,089,,21,05,144,,0*69
$GAGSV,2,1,08,02,35,221,15,10,34,142,33,11,62,156,27,14,21,088,28,1*71
$GAGSV,2,2,08,16,36,041,41,25,87,036,35,34,10,309,09,36,60,292,17,1*7D
$GAGSV,1,1,02,16,36,041,48,25,87,036,37,5*71
$GAGSV,2,1,05,10,34,142,28,11,62,156,28,14,21,088,26,16,36,041,47,7*74
$GAGSV,2,2,05,25,87,036,37,7*4F
$GAGSV,1,1,01,12,11,137,,0*43
$GBGSV,3,1,10,12,22,104,31,19,27,075,45,20,15,122,17,22,14,022,24,3*7F
$GBGSV,3,2,10,24,27,233,24,26,51,289,18,29,21,116,34,31,37,252,18,3*7A
$GBGSV,3,3,10,35,59,173,25,39,26,001,47,3*71
$GBGSV,3,1,10,12,22,104,31,19,27,075,47,20,15,122,20,22,14,022,25,5*7E
$GBGSV,3,2,10,24,27,233,18,26,51,289,17,29,21,116,20,31,37,252,22,5*70
$GBGSV,3,3,10,35,59,173,20,39,26,001,44,5*71
$GBGSV,3,1,10,12,22,104,24,19,27,075,41,20,15,122,22,22,14,022,26,8*70
$GBGSV,3,2,10,24,27,233,24,26,51,289,21,29,21,116,25,31,37,252,21,8*71
$GBGSV,3,3,10,35,59,173,28,39,26,001,46,8*76
$GBGSV,1,1,01,11,02,109,,0*4C
$GNGLL,3001.74292,S,05112.75011,W,171340.00,A,A*75
$GNRMC,171341.00,A,3001.74292,S,05112.75010,W,0.022,,090926,,,A,V*12
$GNVTG,,T,,M,0.022,N,0.041,K,A*38
$GNGGA,171341.00,3001.74292,S,05112.75010,W,1,12,0.62,48.8,M,4.8,M,,*4F
$GNGSA,M,3,12,18,23,25,26,28,29,31,05,,,,1.24,0.62,1.07,1*06
$GNGSA,M,3,16,25,36,10,11,,,,,,,,1.24,0.62,1.07,3*0E
$GNGSA,M,3,12,19,20,22,24,26,29,31,35,39,,,1.24,0.62,1.07,4*03
$GPGSV,3,1,10,05,34,128,43,10,02,342,32,12,17,034,36,13,11,030,21,1*6B
$GPGSV,3,2,10,18,68,247,19,23,29,357,44,25,49,019,50,26,29,227,25,1*69
$GPGSV,3,3,10,29,57,141,42,31,20,264,25,1*69
$GPGSV,3,1,11,05,34,128,37,10,02,342,35,12,17,034,25,13,11,030,16,6*6F
$GPGSV,3,2,11,18,68,247,16,23,29,357,41,25,49,019,45,26,29,227,20,6*64
$GPGSV,3,3,11,28,20,296,20,29,57,141,33,31,20,264,27,6*5C
$GPGSV,2,1,07,10,02,342,29,13,11,030,26,18,68,247,27,23,29,357,46,8*6B
$GPGSV,2,2,07,25,49,019,53,26,29,227,24,28,20,296,22,8*55
$GPGSV,1,1,04,15,11,062,,16,02,219,,20,03,089,,21,05,144,,0*69
$GAGSV,2,1,08,02,35,221,14,10,34,142,33,11,62,156,27,14,21,088,28,1*70
$GAGSV,2,2,08,16,36,041,41,25,87,036,35,34,10,309,08,36,60,292,16,1*7D
$GAGSV,1,1,02,16,36,041,48,25,87,036,37,5*71
$GAGSV,2,1,05,10,34,142,28,11,62,156,28,14,21,088,26,16,36,041,47,7*74
$GAGSV,2,2,05,25,87,036,37,7*4F
$GAGSV,1,1,01,12,11,137,,0*43
$GBGSV,3,1,10,12,22,104,31,19,27,075,46,20,15,122,17,22,14,022,25,3*7D
$GBGSV,3,2,10,24,27,233,24,26,51,289,19,29,21,116,34,31,37,252,18,3*7B
$GBGSV,3,3,10,35,59,173,25,39,26,001,47,3*71
$GBGSV,3,1,10,12,22,104,31,19,27,075,47,20,15,122,19,22,14,022,25,5*74
$GBGSV,3,2,10,24,27,233,18,26,51,289,17,29,21,116,20,31,37,252,22,5*70
$GBGSV,3,3,10,35,59,173,20,39,26,001,44,5*71
$GBGSV,3,1,10,12,22,104,25,19,27,075,41,20,15,122,22,22,14,022,25,8*72
$GBGSV,3,2,10,24,27,233,25,26,51,289,21,29,21,116,25,31,37,252,20,8*71
$GBGSV,3,3,10,35,59,173,27,39,26,001,46,8*79
$GBGSV,1,1,01,11,02,109,,0*4C
$GNGLL,3001.74292,S,05112.75010,W,171341.00,A,A*75
$GNRMC,171342.00,A,3001.74292,S,05112.75009,W,0.011,,090926,,,A,V*19
$GNVTG,,T,,M,0.011,N,0.021,K,A*3E
$GNGGA,171342.00,3001.74292,S,05112.75009,W,1,12,0.62,48.8,M,4.8,M,,*44
$GNGSA,M,3,12,18,23,25,26,28,29,31,05,,,,1.24,0.62,1.07,1*06
$GNGSA,M,3,16,25,36,10,11,,,,,,,,1.24,0.62,1.07,3*0E
$GNGSA,M,3,12,19,20,22,24,26,29,31,35,39,,,1.24,0.62,1.07,4*03
$GPGSV,3,1,10,05,34,128,43,10,02,342,32,12,17,034,36,13,11,030,21,1*6B
$GPGSV,3,2,10,18,68,247,20,23,29,357,44,25,49,019,50,26,29,227,25,1*63
$GPGSV,3,3,10,29,57,141,41,31,20,264,25,1*6A
$GPGSV,3,1,11,05,34,128,37,10,02,342,34,12,17,034,25,13,11,030,16,6*6E
$GPGSV,3,2,11,18,68,247,17,23,29,357,41,25,49,019,45,26,29,227,21,6*64
$GPGSV,3,3,11,28,20,296,20,29,57,141,33,31,20,264,27,6*5C
$GPGSV,2,1,07,10,02,342,29,13,11,030,26,18,68,247,27,23,29,357,46,8*6B
$GPGSV,2,2,07,25,49,019,53,26,29,227,24,28,20,296,22,8*55
$GPGSV,1,1,04,15,11,062,,16,02,219,,20,03,089,,21,05,144,,0*69
$GAGSV,2,1,08,02,35,221,14,10,34,142,34,11,62,156,27,14,21,088,28,1*77
$GAGSV,2,2,08,16,36,041,41,25,87,036,35,34,10,309,08,36,60,292,16,1*7D
$GAGSV,1,1,02,16,36,041,48,25,87,036,37,5*71
$GAGSV,2,1,05,10,34,142,28,11,62,156,27,14,21,088,26,16,36,041,47,7*7B
$GAGSV,2,2,05,25,87,036,37,7*4F
$GAGSV,1,1,01,12,11,137,,0*43
$GBGSV,3,1,10,12,22,104,31,19,27,075,45,20,15,122,17,22,14,022,24,3*7F
$GBGSV,3,2,10,24,27,233,24,26,51,289,19,29,21,116,34,31,37,252,19,3*7A
$GBGSV,3,3,10,35,59,173,25,39,26,001,48,3*7E
$GBGSV,3,1,10,12,22,104,31,19,27,075,47,20,15,122,19,22,14,022,25,5*74
$GBGSV,3,2,10,24,27,233,18,26,51,289,17,29,21,116,20,31,37,252,23,5*71
$GBGSV,3,3,10,35,59,173,20,39,26,001,44,5*71
$GBGSV,3,1,10,12,22,104,25,19,27,075,41,20,15,122,21,22,14,022,25,8*71
$GBGSV,3,2,10,24,27,233,24,26,51,289,22,29,21,116,25,31,37,252,20,8*73
$GBGSV,3,3,10,35,59,173,27,39,26,001,46,8*79
$GBGSV,1,1,01,11,02,109,,0*4C
$GNGLL,3001.74292,S,05112.75009,W,171342.00,A,A*7E
$GNRMC,171343.00,A,3001.74291,S,05112.75008,W,0.014,,090926,,,A,V*1F
$GNVTG,,T,,M,0.014,N,0.026,K,A*3C
$GNGGA,171343.00,3001.74291,S,05112.75008,W,1,12,0.62,48.8,M,4.8,M,,*47
$GNGSA,M,3,12,18,23,25,26,28,29,31,05,,,,1.24,0.62,1.07,1*06
$GNGSA,M,3,16,25,36,10,11,,,,,,,,1.24,0.62,1.07,3*0E
$GNGSA,M,3,12,19,20,22,24,26,29,31,35,39,,,1.24,0.62,1.07,4*03
$GPGSV,3,1,10,05,34,128,43,10,02,342,32,12,17,034,36,13,11,030,20,1*6A
$GPGSV,3,2,10,18,68,247,20,23,29,357,44,25,49,019,50,26,29,227,26,1*60
$GPGSV,3,3,10,29,57,141,41,31,20,264,26,1*69
$GPGSV,3,1,11,05,34,128,37,10,02,342,34,12,17,034,25,13,11,030,15,6*6D
$GPGSV,3,2,11,18,68,247,17,23,29,357,41,25,49,019,45,26,29,227,21,6*64
$GPGSV,3,3,11,28,20,296,19,29,57,141,33,31,20,264,27,6*56
$GPGSV,2,1,07,10,02,342,29,13,11,030,26,18,68,247,27,23,29,357,46,8*6B
$GPGSV,2,2,07,25,49,019,53,26,29,227,25,28,20,296,21,8*57
$GPGSV,1,1,04,15,11,062,,16,02,219,,20,03,089,,21,05,144,,0*69
$GAGSV,2,1,07,02,35,221,14,10,34,142,34,11,62,156,27,14,21,088,28,1*78
$GAGSV,2,2,07,16,36,041,42,25,87,036,35,36,60,292,17,1*44
$GAGSV,1,1,02,16,36,041,48,25,87,036,37,5*71
$GAGSV,2,1,05,10,34,142,28,11,62,156,27,14,21,088,26,16,36,041,47,7*7B
$GAGSV,2,2,05,25,87,036,37,7*4F
$GAGSV,1,1,02,12,11,137,,34,10,309,,0*7C
$GBGSV,3,1,10,12,22,104,31,19,27,075,45,20,15,122,17,22,14,022,24,3*7F
$GBGSV,3,2,10,24,27,233,24,26,51,289,19,29,21,116,33,31,37,252,19,3*7D
$GBGSV,3,3,10,35,59,173,25,39,26,001,47,3*71
$GBGSV,3,1,10,12,22,104,31,19,27,075,47,20,15,122,20,22,14,022,25,5*7E
$GBGSV,3,2,10,24,27,233,19,26,51,289,16,29,21,116,20,31,37,252,23,5*71
$GBGSV,3,3,10,35,59,173,20,39,26,001,44,5*71
$GBGSV,3,1,10,12,22,104,25,19,27,075,41,20,15,122,22,22,14,022,26,8*71
$GBGSV,3,2,10,24,27,233,24,26,51,289,21,29,21,116,25,31,37,252,21,8*71
$GBGSV,3,3,10,35,59,173,27,39,26,001,46,8*79
$GBGSV,1,1,01,11,02,109,,0*4C
$GNGLL,3001.74291,S,05112.75008,W,171343.00,A,A*7D
$GNRMC,171344.00,A,3001.74290,S,05112.75008,W,0.020,,090926,,,A,V*1E
$GNVTG,,T,,M,0.020,N,0.037,K,A*3B
$GNGGA,171344.00,3001.74290,S,05112.75008,W,1,12,0.59,48.7,M,4.8,M,,*46
$GNGSA,M,3,12,18,23,25,26,28,29,31,05,,,,1.22,0.59,1.06,1*09
$GNGSA,M,3,16,25,36,02,10,11,,,,,,,1.22,0.59,1.06,3*03
$GNGSA,M,3,12,19,20,22,24,26,29,31,35,39,,,1.22,0.59,1.06,4*0C
$GPGSV,3,1,10,05,34,128,43,10,02,342,32,12,16,034,36,13,11,030,20,1*6B
$GPGSV,3,2,10,18,68,247,20,23,29,357,44,25,49,019,50,26,29,227,26,1*60
$GPGSV,3,3,10,29,57,141,41,31,20,264,26,1*69
$GPGSV,3,1,11,05,34,128,37,10,02,342,34,12,16,034,25,13,11,030,15,6*6C
$GPGSV,3,2,11,18,68,247,17,23,29,357,41,25,49,019,45,26,29,227,21,6*64
$GPGSV,3,3,11,28,20,296,18,29,57,141,33,31,20,264,27,6*57
$GPGSV,2,1,07,10,02,342,29,13,11,030,26,18,68,247,27,23,29,357,46,8*6B
$GPGSV,2,2,07,25,49,019,53,26,29,227,25,28,20,296,21,8*57
$GPGSV,1,1,04,15,11,062,,16,02,219,,20,03,089,,21,05,144,,0*69
$GAGSV,2,1,07,02,35,221,16,10,34,142,34,11,62,156,26,14,21,088,28,1*7B
$GAGSV,2,2,07,16,36,041,42,25,87,036,35,36,60,292,17,1*44
$GAGSV,1,1,02,16,36,041,48,25,87,036,37,5*71
$GAGSV,2,1,05,10,34,142,28,11,62,156,27,14,21,088,26,16,36,041,47,7*7B
$GAGSV,2,2,05,25,87,036,37,7*4F
$GAGSV,1,1,02,12,11,137,,34,10,309,,0*7C
$GBGSV,3,1,10,12,22,104,30,19,27,075,45,20,15,122,17,22,14,022,23,3*79
$GBGSV,3,2,10,24,27,233,24,26,51,289,18,29,21,116,34,31,37,252,18,3*7A
$GBGSV,3,3,10,35,59,173,25,39,26,001,48,3*7E
$GBGSV,3,1,10,12,22,104,31,19,27,075,47,20,15,122,20,22,14,022,25,5*7E
$GBGSV,3,2,10,24,27,233,20,26,51,289,16,29,21,116,20,31,37,252,22,5*7A
$GBGSV,3,3,10,35,59,173,20,39,26,001,44,5*71
$GBGSV,3,1,10,12,22,104,26,19,27,075,41,20,15,122,21,22,14,022,26,8*71
$GBGSV,3,2,10,24,27,233,24,26,51,289,21,29,21,116,25,31,37,252,21,8*71
$GBGSV,3,3,10,35,59,173,27,39,26,001,46,8*79
$GBGSV,1,1,01,11,02,109,,0*4C
$GNGLL,3001.74290,S,05112.75008,W,171344.00,A,A*7B
$GNRMC,171345.00,A,3001.74290,S,05112.75007,W,0.011,,090926,,,A,V*12
$GNVTG,,T,,M,0.011,N,0.021,K,A*3E
$GNGGA,171345.00,3001.74290,S,05112.75007,W,1,12,0.64,48.7,M,4.8,M,,*46
$GNGSA,M,3,12,18,23,25,26,28,29,31,05,,,,1.28,0.64,1.11,1*0B
$GNGSA,M,3,16,25,36,02,10,11,,,,,,,1.28,0.64,1.11,3*01
$GNGSA,M,3,12,19,20,22,24,26,29,31,35,39,,,1.28,0.64,1.11,4*0E
$GPGSV,3,1,10,05,34,128,44,10,02,342,32,12,16,034,36,13,10,030,21,1*6C
$GPGSV,3,2,10,18,68,247,20,23,29,357,44,25,49,019,50,26,29,227,26,1*60
$GPGSV,3,3,10,29,57,141,41,31,20,264,26,1*69
$GPGSV,3,1,11,05,34,128,37,10,02,342,34,12,16,034,25,13,10,030,16,6*6E
$GPGSV,3,2,11,18,68,247,16,23,29,357,41,25,49,019,45,26,29,227,20,6*64
$GPGSV,3,3,11,28,20,296,18,29,57,141,33,31,20,264,27,6*57
$GPGSV,2,1,07,10,02,342,29,13,10,030,26,18,68,247,27,23,29,357,46,8*6A
$GPGSV,2,2,07,25,49,019,53,26,29,227,25,28,20,296,21,8*57
$GPGSV,1,1,04,15,11,062,,16,02,219,,20,03,089,,21,05,144,,0*69
$GAGSV,2,1,07,02,35,221,16,10,34,142,34,11,62,156,26,14,21,088,28,1*7B
$GAGSV,2,2,07,16,36,041,42,25,87,036,35,36,60,292,17,1*44
$GAGSV,1,1,02,16,36,041,48,25,87,036,37,5*71
$GAGSV,2,1,05,10,34,142,28,11,62,156,27,14,21,088,25,16,36,041,47,7*78
$GAGSV,2,2,05,25,87,036,37,7*4F
$GAGSV,1,1,02,12,11,137,,34,10,309,,0*7C
$GBGSV,3,1,10,12,22,104,30,19,27,075,46,20,15,122,17,22,14,022,24,3*7D
$GBGSV,3,2,10,24,27,233,25,26,51,289,19,29,21,116,33,31,37,252,19,3*7C
$GBGSV,3,3,10,35,59,173,25,39,26,001,47,3*71
$GBGSV,3,1,10,12,22,104,31,19,27,075,47,20,15,122,20,22,14,022,25,5*7E
$GBGSV,3,2,10,24,27,233,19,26,51,289,17,29,21,116,19,31,37,252,22,5*7B
$GBGSV,3,3,10,35,59,173,20,39,26,001,44,5*71
$GBGSV,3,1,10,12,22,104,27,19,27,075,41,20,15,122,21,22,14,022,25,8*73
$GBGSV,3,2,10,24,27,233,25,26,51,289,21,29,21,116,25,31,37,252,21,8*70
$GBGSV,3,3,10,35,59,173,28,39,26,001,46,8*76
$GBGSV,1,1,01,11,02,109,,0*4C
$GNGLL,3001.74290,S,05112.75007,W,171345.00,A,A*75
$GNRMC,171346.00,A,3001.74290,S,05112.75007,W,0.014,,090926,,,A,V*14
$GNVTG,,T,,M,0.014,N,0.027,K,A*3D
$GNGGA,171346.00,3001.74290,S,05112.75007,W,1,12,0.64,48.7,M,4.8,M,,*45
$GNGSA,M,3,12,18,23,25,26,28,29,31,05,,,,1.28,0.64,1.11,1*0B
$GNGSA,M,3,16,25,36,02,10,11,,,,,,,1.28,0.64,1.11,3*01
$GNGSA,M,3,12,19,20,22,24,26,29,31,35,39,,,1.28,0.64,1.11,4*0E
$GPGSV,3,1,10,05,34,128,44,10,02,342,31,12,16,034,36,13,10,030,21,1*6F
$GPGSV,3,2,10,18,68,247,20,23,29,357,44,25,49,019,50,26,29,227,26,1*60
$GPGSV,3,3,10,29,57,141,42,31,20,264,26,1*6A
$GPGSV,3,1,11,05,34,128,37,10,02,342,34,12,16,034,25,13,10,030,15,6*6D
$GPGSV,3,2,11,18,68,247,15,23,29,357,41,25,49,019,45,26,29,227,21,6*66
$GPGSV,3,3,11,28,20,296,18,29,57,141,33,31,20,264,27,6*57
$GPGSV,2,1,07,10,02,342,29,13,10,030,26,18,68,247,26,23,29,357,46,8*6B
$GPGSV,2,2,07,25,49,019,53,26,29,227,25,28,20,296,21,8*57
$GPGSV,1,1,04,15,11,062,,16,02,219,,20,03,089,,21,05,144,,0*69
$GAGSV,2,1,07,02,35,221,16,10,34,142,33,11,62,156,26,14,21,088,28,1*7C
$GAGSV,2,2,07,16,36,041,42,25,87,036,35,36,60,292,17,1*44
$GAGSV,1,1,02,16,36,041,48,25,87,036,37,5*71
$GAGSV,2,1,05,10,34,142,28,11,62,156,27,14,21,088,26,16,36,041,47,7*7B
$GAGSV,2,2,05,25,87,036,37,7*4F
$GAGSV,1,1,02,12,11,137,,34,10,309,,0*7C
$GBGSV,3,1,10,12,22,104,30,19,27,075,46,20,15,122,18,22,14,022,23,3*75
$GBGSV,3,2,10,24,27,233,25,26,51,289,19,29,21,116,33,31,37,252,19,3*7C
$GBGSV,3,3,10,35,59,173,25,39,26,001,47,3*71
$GBGSV,3,1,10,12,22,104,32,19,27,075,47,20,15,122,20,22,14,022,25,5*7D
$GBGSV,3,2,10,24,27,233,19,26,51,289,17,29,21,116,18,31,37,252,22,5*7A
$GBGSV,3,3,10,35,59,173,21,39,26,001,44,5*70
$GBGSV,3,1,10,12,22,104,27,19,27,075,41,20,15,122,20,22,14,022,26,8*71
$GBGSV,3,2,10,24,27,233,25,26,51,289,21,29,21,116,25,31,37,252,21,8*70
$GBGSV,3,3,10,35,59,173,27,39,26,001,46,8*79
$GBGSV,1,1,01,11,02,109,,0*4C
$GNGLL,3001.74290,S,05112.75007,W,171346.00,A,A*76
$GNRMC,171347.00,A,3001.74289,S,05112.75006,W,0.016,,090926,,,A,V*1E
$GNVTG,,T,,M,0.016,N,0.030,K,A*39
$GNGGA,171347.00,3001.74289,S,05112.75006,W,1,12,0.64,48.7,M,4.8,M,,*4D
$GNGSA,M,3,12,18,23,25,26,28,29,31,05,,,,1.28,0.64,1.11,1*0B
$GNGSA,M,3,16,25,36,02,10,11,,,,,,,1.28,0.64,1.11,3*01
$GNGSA,M,3,12,19,20,22,24,26,29,31,35,39,,,1.28,0.64,1.11,4*0E
$GPGSV,3,1,10,05,34,128,44,10,02,342,31,12,16,034,35,13,10,030,20,1*6D
$GPGSV,3,2,10,18,68,247,20,23,29,357,44,25,49,019,50,26,29,227,26,1*60
$GPGSV,3,3,10,29,57,141,41,31,20,264,26,1*69
$GPGSV,3,1,11,05,34,128,37,10,02,342,33,12,16,034,25,13,10,030,15,6*6A
$GPGSV,3,2,11,18,68,247,17,23,29,357,41,25,49,019,45,26,29,227,21,6*64
$GPGSV,3,3,11,28,20,296,17,29,57,141,33,31,20,264,27,6*58
$GPGSV,2,1,07,10,02,342,28,13,10,030,26,18,68,247,26,23,29,357,46,8*6A
$GPGSV,2,2,07,25,49,019,53,26,29,227,24,28,20,296,21,8*56
$GPGSV,1,1,04,15,11,062,,16,02,219,,20,03,089,,21,05,144,,0*69
$GAGSV,2,1,07,02,35,221,16,10,34,142,33,11,62,156,26,14,21,088,28,1*7C
$GAGSV,2,2,07,16,36,041,42,25,87,036,35,36,60,292,17,1*44
$GAGSV,1,1,02,16,36,041,48,25,87,036,37,5*71
$GAGSV,2,1,05,10,34,142,28,11,62,156,27,14,21,088,26,16,36,041,47,7*7B
$GAGSV,2,2,05,25,87,036,37,7*4F
$GAGSV,1,1,02,12,11,137,,34,10,309,,0*7C
$GBGSV,3,1,10,12,22,104,29,19,27,075,46,20,15,122,18,22,14,022,23,3*7D
$GBGSV,3,2,10,24,27,233,25,26,51,289,20,29,21,116,33,31,37,252,20,3*7C
$GBGSV,3,3,10,35,59,173,25,39,26,001,48,3*7E
$GBGSV,3,1,10,12,22,104,31,19,27,075,47,20,15,122,20,22,14,022,25,5*7E
$GBGSV,3,2,10,24,27,233,18,26,51,289,17,29,21,116,17,31,37,252,22,5*74
$GBGSV,3,3,10,35,59,173,21,39,26,001,44,5*70
$GBGSV,3,1,10,12,22,104,28,19,27,075,41,20,15,122,20,22,14,022,26,8*7E
$GBGSV,3,2,10,24,27,233,24,26,51,289,20,29,21,116,25,31,37,252,21,8*70
$GBGSV,3,3,10,35,59,173,27,39,26,001,46,8*79
$GBGSV,1,1,01,11,02,109,,0*4C
$GNGLL,3001.74289,S,05112.75006,W,171347.00,A,A*7E
$GNRMC,171348.00,A,3001.74289,S,05112.75006,W,0.004,,090926,,,A,V*12
$GNVTG,,T,,M,0.004,N,0.008,K,A*31
$GNGGA,171348.00,3001.74289,S,05112.75006,W,1,12,0.64,48.7,M,4.8,M,,*42
$GNGSA,M,3,12,18,23,25,26,28,29,31,05,,,,1.28,0.64,1.11,1*0B
$GNGSA,M,3,16,25,36,02,10,11,,,,,,,1.28,0.64,1.11,3*01
$GNGSA,M,3,12,19,20,22,24,26,29,31,35,39,,,1.28,0.64,1.11,4*0E
$GPGSV,3,1,10,05,34,128,44,10,02,342,31,12,16,034,35,13,10,030,20,1*6D
$GPGSV,3,2,10,18,68,247,20,23,29,357,44,25,49,019,50,26,29,227,26,1*60
$GPGSV,3,3,10,29,57,141,41,31,20,264,26,1*69
$GPGSV,3,1,11,05,34,128,37,10,02,342,33,12,16,034,25,13,10,030,15,6*6A
$GPGSV,3,2,11,18,68,247,17,23,29,357,41,25,49,019,45,26,29,227,21,6*64
$GPGSV,3,3,11,28,20,296,18,29,57,141,33,31,20,264,27,6*57
$GPGSV,2,1,07,10,02,342,28,13,10,030,26,18,68,247,26,23,29,357,46,8*6A
$GPGSV,2,2,07,25,49,019,53,26,29,227,24,28,20,296,24,8*53
$GPGSV,1,1,04,15,11,062,,16,03,219,,20,03,089,,21,05,144,,0*68
$GAGSV,2,1,07,02,35,221,16,10,34,142,33,11,62,156,27,14,21,088,28,1*7D
$GAGSV,2,2,07,16,36,041,42,25,87,036,35,36,60,292,16,1*45
$GAGSV,1,1,02,16,36,041,48,25,87,036,37,5*71
$GAGSV,2,1,05,10,34,142,28,11,62,156,27,14,21,088,25,16,36,041,47,7*78
$GAGSV,2,2,05,25,87,036,37,7*4F
$GAGSV,1,1,02,12,11,137,,34,10,309,,0*7C
$GBGSV,3,1,10,12,22,104,29,19,27,075,45,20,15,122,18,22,14,022,23,3*7E
$GBGSV,3,2,10,24,27,233,25,26,51,289,19,29,21,116,33,31,37,252,19,3*7C
$GBGSV,3,3,10,35,59,173,26,39,26,001,48,3*7D
$GBGSV,3,1,10,12,22,104,32,19,27,075,47,20,15,122,20,22,14,022,25,5*7D
$GBGSV,3,2,10,24,27,233,18,26,51,289,18,29,21,116,16,31,37,252,22,5*7A
$GBGSV,3,3,10,35,59,173,20,39,26,001,44,5*71
$GBGSV,3,1,10,12,22,104,28,19,27,075,41,20,15,122,20,22,14,022,26,8*7E
$GBGSV,3,2,10,24,27,233,23,26,51,289,20,29,21,116,26,31,37,252,21,8*74
$GBGSV,3,3,10,35,59,173,27,39,26,001,46,8*79
$GBGSV,1,1,01,11,02,109,,0*4C
$GNGLL,3001.74289,S,05112.75006,W,171348.00,A,A*71
$GNRMC,171349.00,A,3001.74288,S,05112.75005,W,0.012,,090926,,,A,V*16
$GNVTG,,T,,M,0.012,N,0.023,K,A*3F
$GNGGA,171349.00,3001.74288,S,05112.75005,W,1,12,0.64,48.6,M,4.8,M,,*40
$GNGSA,M,3,12,18,23,25,26,28,29,31,05,,,,1.28,0.64,1.11,1*0B
$GNGSA,M,3,16,25,36,02,10,11,,,,,,,1.28,0.64,1.11,3*01
$GNGSA,M,3,12,19,20,22,24,26,29,31,35,39,,,1.28,0.64,1.11,4*0E
$GPGSV,3,1,11,05,34,128,44,10,02,342,31,12,16,034,36,13,10,030,21,1*6E
$GPGSV,3,2,11,15,11,062,30,18,68,247,20,23,29,357,44,25,49,019,50,1*6E
$GPGSV,3,3,11,26,29,227,27,29,57,141,41,31,20,264,26,1*55
$GPGSV,3,1,11,05,34,128,37,10,02,342,33,12,16,034,25,13,10,030,15,6*6A
$GPGSV,3,2,11,18,68,247,17,23,29,357,41,25,49,019,45,26,29,227,22,6*67
$GPGSV,3,3,11,28,20,296,17,29,57,141,33,31,20,264,27,6*58
$GPGSV,2,1,07,10,02,342,28,13,10,030,26,18,68,247,26,23,29,357,46,8*6A
$GPGSV,2,2,07,25,49,019,53,26,29,227,24,28,20,296,23,8*54
$GPGSV,1,1,03,16,03,219,,20,03,089,,21,05,144,,0*5F
$GAGSV,2,1,07,02,35,221,16,10,34,142,34,11,62,156,27,14,21,088,28,1*7A
$GAGSV,2,2,07,16,36,041,42,25,87,036,35,36,60,292,16,1*45
$GAGSV,1,1,02,16,36,041,48,25,87,036,37,5*71
$GAGSV,2,1,05,10,34,142,28,11,62,156,27,14,21,088,25,16,36,041,47,7*78
$GAGSV,2,2,05,25,87,036,37,7*4F
$GAGSV,1,1,02,12,11,137,,34,10,309,,0*7C
$GBGSV,3,1,10,12,22,104,29,19,27,075,46,20,15,122,19,22,14,022,22,3*7D
$GBGSV,3,2,10,24,27,233,25,26,51,289,20,29,21,116,33,31,37,252,19,3*76
$GBGSV,3,3,10,35,59,173,26,39,26,001,47,3*72
$GBGSV,3,1,10,12,22,104,32,19,27,075,47,20,15,122,20,22,14,022,25,5*7D
$GBGSV,3,2,10,24,27,233,18,26,51,289,18,29,21,116,16,31,37,252,22,5*7A
$GBGSV,3,3,10,35,59,173,21,39,26,001,44,5*70
$GBGSV,3,1,10,12,22,104,29,19,27,075,41,20,15,122,20,22,14,022,26,8*7F
$GBGSV,3,2,10,24,27,233,23,26,51,289,20,29,21,116,26,31,37,252,21,8*74
$GBGSV,3,3,10,35,59,173,27,39,26,001,46,8*79
$GBGSV,1,1,01,11,02,109,,0*4C
$GNGLL,3001.74288,S,05112.75005,W,171349.00,A,A*72
$GNRMC,171350.00,A,3001.74288,S,05112.75004,W,0.011,,090926,,,A,V*1C
$GNVTG,,T,,M,0.011,N,0.020,K,A*3F
$GNGGA,171350.00,3001.74288,S,05112.75004,W,1,12,0.81,48.6,M,4.8,M,,*42
$GNGSA,M,3,12,18,23,25,26,28,29,31,05,,,,1.56,0.81,1.33,1*09
$GNGSA,M,3,16,25,36,02,10,11,,,,,,,1.56,0.81,1.33,3*03
$GNGSA,M,3,12,19,20,22,24,26,29,31,35,39,,,1.56,0.81,1.33,4*0C
$GPGSV,3,1,10,05,34,128,44,10,02,342,31,12,16,034,36,13,10,030,21,1*6F
$GPGSV,3,2,10,18,68,245,20,23,29,357,44,25,49,019,50,26,29,227,26,1*62
$GPGSV,3,3,10,29,57,141,41,31,20,264,26,1*69
$GPGSV,3,1,11,05,34,128,37,10,02,342,33,12,16,034,25,13,10,030,16,6*69
$GPGSV,3,2,11,18,68,245,18,23,29,357,41,25,49,019,45,26,29,227,22,6*6A
$GPGSV,3,3,11,28,20,296,16,29,57,141,33,31,20,264,26,6*58
$GPGSV,2,1,07,10,02,342,28,13,10,030,26,18,68,245,26,23,29,357,46,8*68
$GPGSV,2,2,07,25,49,019,53,26,29,227,24,28,20,296,22,8*55
$GPGSV,1,1,04,15,11,062,,16,03,219,,20,03,089,,21,05,144,,0*68
$GAGSV,2,1,07,02,35,221,15,10,34,142,33,11,62,156,27,14,21,088,28,1*7E
$GAGSV,2,2,07,16,36,041,42,25,87,036,35,36,60,292,17,1*44
$GAGSV,1,1,02,16,36,041,48,25,87,036,37,5*71
$GAGSV,2,1,05,10,34,142,28,11,62,156,27,14,21,088,25,16,36,041,47,7*78
$GAGSV,2,2,05,25,87,036,37,7*4F
$GAGSV,1,1,02,12,11,137,,34,10,309,,0*7C
$GBGSV,3,1,10,12,22,104,28,19,27,075,46,20,15,122,19,22,14,022,22,3*7C
$GBGSV,3,2,10,24,27,233,26,26,51,289,20,29,21,116,33,31,37,252,19,3*75
$GBGSV,3,3,10,35,59,173,26,39,26,001,47,3*72
$GBGSV,3,1,10,12,22,104,32,19,27,075,47,20,15,122,20,22,14,022,25,5*7D
$GBGSV,3,2,10,24,27,233,19,26,51,289,18,29,21,116,16,31,37,252,22,5*7B
$GBGSV,3,3,10,35,59,173,21,39,26,001,44,5*70
$GBGSV,3,1,10,12,22,104,30,19,27,075,41,20,15,122,20,22,14,022,26,8*77
$GBGSV,3,2,10,24,27,233,24,26,51,289,20,29,21,116,26,31,37,252,20,8*72
$GBGSV,3,3,10,35,59,173,27,39,26,001,46,8*79
$GBGSV,1,1,01,11,02,109,,0*4C
$GNGLL,3001.74288,S,05112.75004,W,171350.00,A,A*7B
$GNRMC,171351.00,A,3001.74287,S,05112.75004,W,0.014,,090926,,,A,V*17
$GNVTG,,T,,M,0.014,N,0.027,K,A*3D
$GNGGA,171351.00,3001.74287,S,05112.75004,W,1,12,0.81,48.6,M,4.8,M,,*4C
$GNGSA,M,3,12,18,23,25,26,28,29,31,05,,,,1.56,0.81,1.33,1*09
$GNGSA,M,3,16,25,36,02,10,11,,,,,,,1.56,0.81,1.33,3*03
$GNGSA,M,3,12,19,20,22,24,26,29,31,35,39,,,1.56,0.81,1.33,4*0C
$GPGSV,3,1,10,05,34,128,44,10,02,342,31,12,16,034,36,13,10,030,22,1*6C
$GPGSV,3,2,10,18,68,245,21,23,29,357,44,25,49,019,50,26,29,227,27,1*62
$GPGSV,3,3,10,29,57,141,41,31,20,264,27,1*68
$GPGSV,3,1,11,05,34,128,37,10,02,342,33,12,16,034,25,13,10,030,16,6*69
$GPGSV,3,2,11,18,68,245,18,23,29,357,41,25,49,019,45,26,29,227,21,6*69
$GPGSV,3,3,11,28,20,296,17,29,57,141,33,31,20,264,26,6*59
$GPGSV,2,1,07,10,02,342,28,13,10,030,26,18,68,245,26,23,29,357,46,8*68
$GPGSV,2,2,07,25,49,019,53,26,29,227,24,28,20,296,22,8*55
$GPGSV,1,1,04,15,11,062,,16,03,219,,20,03,089,,21,05,144,,0*68
$GAGSV,2,1,07,02,35,221,16,10,34,142,33,11,62,156,26,14,21,088,27,1*73
$GAGSV,2,2,07,16,36,041,42,25,87,036,35,36,60,292,17,1*44
$GAGSV,1,1,02,16,36,041,48,25,87,036,37,5*71
$GAGSV,2,1,05,10,34,142,28,11,62,156,27,14,21,088,25,16,36,041,47,7*78
$GAGSV,2,2,05,25,87,036,37,7*4F
$GAGSV,1,1,02,12,11,137,,34,10,309,,0*7C
$GBGSV,3,1,10,12,22,104,28,19,27,075,45,20,15,122,20,22,14,022,22,3*75
$GBGSV,3,2,10,24,27,233,26,26,51,289,20,29,21,116,33,31,37,252,19,3*75
$GBGSV,3,3,10,35,59,173,25,39,26,001,48,3*7E
$GBGSV,3,1,10,12,22,104,32,19,27,075,47,20,15,122,19,22,14,022,25,5*77
$GBGSV,3,2,10,24,27,233,19,26,51,289,18,29,21,116,16,31,37,252,22,5*7B
$GBGSV,3,3,10,35,59,173,21,39,26,001,44,5*70
$GBGSV,3,1,10,12,22,104,30,19,27,075,42,20,15,122,20,22,14,022,26,8*74
$GBGSV,3,2,10,24,27,233,25,26,51,289,20,29,21,116,26,31,37,252,20,8*73
$GBGSV,3,3,10,35,59,173,27,39,26,001,46,8*79
$GBGSV,1,1,01,11,02,109,,0*4C
$GNGLL,3001.74287,S,05112.75004,W,171351.00,A,A*75
$GNRMC,171352.00,A,3001.74286,S,05112.75003,W,0.026,,090926,,,A,V*13
$GNVTG,,T,,M,0.026,N,0.048,K,A*35
$GNGGA,171352.00,3001.74286,S,05112.75003,W,1,12,0.81,48.6,M,4.8,M,,*49
$GNGSA,M,3,12,18,23,25,26,28,29,31,05,,,,1.56,0.81,1.33,1*09
$GNGSA,M,3,16,25,36,02,10,11,,,,,,,1.56,0.81,1.33,3*03
$GNGSA,M,3,12,19,20,22,24,26,29,31,35,39,,,1.56,0.81,1.33,4*0C
$GPGSV,3,1,10,05,34,128,44,10,02,342,31,12,16,034,36,13,10,030,21,1*6F
$GPGSV,3,2,10,18,68,245,21,23,29,357,44,25,49,019,50,26,29,227,26,1*63
$GPGSV,3,3,10,29,57,141,41,31,20,264,27,1*68
$GPGSV,3,1,11,05,34,128,37,10,02,342,33,12,16,034,24,13,10,030,17,6*69
$GPGSV,3,2,11,18,68,245,19,23,29,357,41,25,49,019,45,26,29,227,21,6*68
$GPGSV,3,3,11,28,20,296,17,29,57,141,34,31,20,264,26,6*5E
$GPGSV,2,1,07,10,02,342,28,13,10,030,26,18,68,245,27,23,29,357,46,8*69
$GPGSV,2,2,07,25,49,019,53,26,29,227,25,28,20,296,21,8*57
$GPGSV,1,1,04,15,11,062,,16,03,219,,20,03,090,,21,05,144,,0*60
$GAGSV,2,1,07,02,35,221,16,10,34,142,33,11,62,156,27,14,21,088,28,1*7D
$GAGSV,2,2,07,16,36,041,42,25,87,036,35,36,60,292,16,1*45
$GAGSV,1,1,02,16,36,041,48,25,87,036,37,5*71
$GAGSV,2,1,05,10,34,142,28,11,62,156,27,14,21,088,25,16,36,041,47,7*78
$GAGSV,2,2,05,25,87,036,37,7*4F
$GAGSV,1,1,02,12,11,137,,34,10,309,,0*7C
$GBGSV,3,1,10,12,22,104,27,19,27,075,46,20,15,122,21,22,14,022,22,3*78
$GBGSV,3,2,10,24,27,233,26,26,51,289,20,29,21,116,33,31,37,252,18,3*74
$GBGSV,3,3,10,35,59,173,25,39,26,001,48,3*7E
$GBGSV,3,1,10,12,22,104,32,19,27,075,47,20,15,122,18,22,14,022,25,5*76
$GBGSV,3,2,10,24,27,233,19,26,51,289,19,29,21,116,15,31,37,252,22,5*79
$GBGSV,3,3,10,35,59,173,21,39,26,001,44,5*70
$GBGSV,3,1,10,12,22,104,30,19,27,075,42,20,15,122,21,22,14,022,26,8*75
$GBGSV,3,2,10,24,27,233,24,26,51,289,21,29,21,116,26,31,37,252,21,8*72
$GBGSV,3,3,10,35,59,173,27,39,26,001,46,8*79
$GBGSV,1,1,01,11,02,109,,0*4C
$GNGLL,3001.74286,S,05112.75003,W,171352.00,A,A*70
$GNRMC,171353.00,A,3001.74286,S,05112.75003,W,0.017,,090926,,,A,V*10
$GNVTG,,T,,M,0.017,N,0.032,K,A*3A
$GNGGA,171353.00,3001.74286,S,05112.75003,W,1,12,0.81,48.6,M,4.8,M,,*48
$GNGSA,M,3,12,18,23,25,26,28,29,31,05,,,,1.56,0.81,1.33,1*09
$GNGSA,M,3,16,25,36,02,10,11,,,,,,,1.56,0.81,1.33,3*03
$GNGSA,M,3,12,19,20,22,24,26,29,31,35,39,,,1.56,0.81,1.33,4*0C
$GPGSV,3,1,11,05,34,128,44,10,02,342,31,12,16,034,36,13,10,030,20,1*6F
$GPGSV,3,2,11,18,68,245,21,23,29,357,44,25,49,019,50,26,29,227,26,1*62
$GPGSV,3,3,11,28,20,296,23,29,57,141,41,31,20,264,26,1*5C
$GPGSV,3,1,11,05,34,128,37,10,02,342,32,12,16,034,24,13,10,030,16,6*69
$GPGSV,3,2,11,18,68,245,19,23,29,357,41,25,49,019,45,26,29,227,21,6*68
$GPGSV,3,3,11,28,20,296,18,29,57,141,34,31,20,264,25,6*52
$GPGSV,2,1,07,10,02,342,27,13,10,030,26,18,68,245,27,23,29,357,46,8*66
$GPGSV,2,2,07,25,49,019,53,26,29,227,25,28,20,296,21,8*57
$GPGSV,1,1,04,15,11,062,,16,03,219,,20,03,090,,21,04,144,,0*61
$GAGSV,2,1,07,02,35,221,16,10,34,142,33,11,62,156,27,14,21,088,28,1*7D
$GAGSV,2,2,07,16,36,041,42,25,87,036,35,36,60,292,15,1*46
$GAGSV,1,1,02,16,36,041,48,25,87,036,37,5*71
$GAGSV,2,1,05,10,34,142,28,11,62,156,27,14,21,088,25,16,36,041,47,7*78
$GAGSV,2,2,05,25,87,036,37,7*4F
$GAGSV,1,1,02,12,11,137,,34,10,309,,0*7C
$GBGSV,3,1,10,12,22,104,26,19,27,075,45,20,15,122,22,22,14,022,22,3*79
$GBGSV,3,2,10,24,27,233,26,26,51,289,20,29,21,116,32,31,37,252,19,3*74
$GBGSV,3,3,10,35,59,173,26,39,26,001,48,3*7D
$GBGSV,3,1,10,12,22,104,33,19,27,075,47,20,15,122,18,22,14,022,25,5*77
$GBGSV,3,2,10,24,27,233,19,26,51,289,18,29,21,116,15,31,37,252,22,5*78
$GBGSV,3,3,10,35,59,173,21,39,26,001,44,5*70
$GBGSV,3,1,10,12,22,104,31,19,27,075,42,20,15,122,20,22,14,022,26,8*75
$GBGSV,3,2,10,24,27,233,25,26,51,289,21,29,21,116,26,31,37,252,21,8*73
$GBGSV,3,3,10,35,59,173,27,39,26,001,46,8*79
$GBGSV,1,1,01,11,02,109,,0*4C
$GNGLL,3001.74286,S,05112.75003,W,171353.00,A,A*71
$GNRMC,171354.00,A,3001.74286,S,05112.75003,W,0.012,,090926,,,A,V*12
$GNVTG,,T,,M,0.012,N,0.021,K,A*3D
$GNGGA,171354.00,3001.74286,S,05112.75003,W,1,12,0.81,48.6,M,4.8,M,,*4F
$GNGSA,M,3,12,18,23,25,26,28,29,31,05,,,,1.56,0.81,1.33,1*09
$GNGSA,M,3,16,25,36,02,10,11,,,,,,,1.56,0.81,1.33,3*03
$GNGSA,M,3,12,19,20,22,24,26,29,31,35,39,,,1.56,0.81,1.33,4*0C
$GPGSV,3,1,11,05,34,128,44,10,02,342,30,12,16,034,36,13,10,030,21,1*6F
$GPGSV,3,2,11,18,68,245,21,23,29,357,44,25,49,019,50,26,29,227,26,1*62
$GPGSV,3,3,11,28,20,296,23,29,57,141,41,31,20,264,26,1*5C
$GPGSV,3,1,11,05,34,128,37,10,02,342,32,12,16,034,24,13,10,030,16,6*69
$GPGSV,3,2,11,18,68,245,19,23,29,357,41,25,49,019,45,26,29,227,21,6*68
$GPGSV,3,3,11,28,20,296,18,29,57,141,34,31,20,264,25,6*52
$GPGSV,2,1,07,10,02,342,27,13,10,030,26,18,68,245,26,23,29,357,46,8*67
$GPGSV,2,2,07,25,49,019,53,26,29,227,25,28,20,296,21,8*57
$GPGSV,1,1,04,15,11,062,,16,03,219,,20,03,090,,21,04,144,,0*61
$GAGSV,2,1,07,02,35,221,17,10,34,142,34,11,62,156,27,14,21,088,28,1*7B
$GAGSV,2,2,07,16,36,041,42,25,87,036,35,36,60,292,15,1*46
$GAGSV,1,1,02,16,36,041,48,25,87,036,37,5*71
$GAGSV,2,1,05,10,34,142,28,11,62,156,27,14,21,088,25,16,36,041,47,7*78
$GAGSV,2,2,05,25,87,036,37,7*4F
$GAGSV,1,1,02,12,11,137,,34,10,309,,0*7C
$GBGSV,3,1,10,12,22,104,25,19,27,075,46,20,15,122,22,22,14,022,22,3*79
$GBGSV,3,2,10,24,27,233,26,26,51,289,20,29,21,116,33,31,37,252,20,3*7F
$GBGSV,3,3,10,35,59,173,26,39,26,001,48,3*7D
$GBGSV,3,1,10,12,22,104,32,19,27,075,47,20,15,122,19,22,14,022,25,5*77
$GBGSV,3,2,10,24,27,233,19,26,51,289,19,29,21,116,16,31,37,252,22,5*7A
$GBGSV,3,3,10,35,59,173,21,39,26,001,44,5*70
$GBGSV,3,1,10,12,22,104,31,19,27,075,41,20,15,122,20,22,14,022,26,8*76
$GBGSV,3,2,10,24,27,233,25,26,51,289,20,29,21,116,26,31,37,252,20,8*73
$GBGSV,3,3,10,35,59,173,27,39,26,001,46,8*79
$GBGSV,1,1,01,11,02,109,,0*4C
$GNGLL,3001.74286,S,05112.75003,W,171354.00,A,A*76
$GNRMC,171355.00,A,3001.74285,S,05112.75002,W,0.017,,090926,,,A,V*14
$GNVTG,,T,,M,0.017,N,0.032,K,A*3A
$GNGGA,171355.00,3001.74285,S,05112.75002,W,1,12,0.81,48.6,M,4.8,M,,*4C
$GNGSA,M,3,12,18,23,25,26,28,29,31,05,,,,1.56,0.81,1.33,1*09
$GNGSA,M,3,16,25,02,10,11,,,,,,,,1.56,0.81,1.33,3*06
$GNGSA,M,3,12,19,20,22,24,26,29,31,35,39,,,1.56,0.81,1.33,4*0C
$GPGSV,3,1,11,05,34,128,44,10,02,342,30,12,16,034,36,13,10,030,21,1*6F
$GPGSV,3,2,11,18,68,245,21,23,30,357,44,25,49,019,50,26,29,227,26,1*6A
$GPGSV,3,3,11,28,20,296,23,29,57,141,41,31,20,264,25,1*5F
$GPGSV,3,1,11,05,34,128,37,10,02,342,31,12,16,034,24,13,10,030,16,6*6A
$GPGSV,3,2,11,18,68,245,18,23,30,357,41,25,49,019,45,26,29,227,21,6*61
$GPGSV,3,3,11,28,20,296,18,29,57,141,34,31,20,264,25,6*52
$GPGSV,2,1,07,10,02,342,27,13,10,030,26,18,68,245,26,23,30,357,47,8*6E
$GPGSV,2,2,07,25,49,019,53,26,29,227,24,28,20,296,20,8*57
$GPGSV,1,1,04,15,11,062,,16,03,219,,20,03,090,,21,04,144,,0*61
$GAGSV,2,1,07,02,35,221,17,10,34,142,34,11,62,156,27,14,21,088,28,1*7B
$GAGSV,2,2,07,16,36,041,42,25,87,032,35,36,60,292,14,1*43
$GAGSV,1,1,02,16,36,041,48,25,87,032,37,5*75
$GAGSV,2,1,05,10,34,142,28,11,62,156,27,14,21,088,25,16,36,041,47,7*78
$GAGSV,2,2,05,25,87,032,37,7*4B
$GAGSV,1,1,02,12,11,137,,34,10,309,,0*7C
$GBGSV,3,1,10,12,22,104,23,19,27,075,46,20,15,122,22,22,14,022,22,3*7F
$GBGSV,3,2,10,24,27,233,26,26,51,289,20,29,21,116,32,31,37,252,20,3*7E
$GBGSV,3,3,10,35,59,173,26,39,26,001,47,3*72
$GBGSV,3,1,10,12,22,104,33,19,27,075,47,20,15,122,19,22,14,022,25,5*76
$GBGSV,3,2,10,24,27,233,20,26,51,289,18,29,21,116,18,31,37,252,22,5*7F
$GBGSV,3,3,10,35,59,173,22,39,26,001,44,5*73
$GBGSV,3,1,10,12,22,104,31,19,27,075,41,20,15,122,20,22,14,022,26,8*76
$GBGSV,3,2,10,24,27,233,25,26,51,289,20,29,21,116,27,31,37,252,20,8*72
$GBGSV,3,3,10,35,59,173,27,39,26,001,46,8*79
$GBGSV,1,1,01,11,02,109,,0*4C
$GNGLL,3001.74285,S,05112.75002,W,171355.00,A,A*75
$GNRMC,171356.00,A,3001.74284,S,05112.75002,W,0.023,,090926,,,A,V*11
$GNVTG,,T,,M,0.023,N,0.043,K,A*3B
$GNGGA,171356.00,3001.74284,S,05112.75002,W,1,12,0.81,48.6,M,4.8,M,,*4E
$GNGSA,M,3,12,18,23,25,26,28,29,31,05,,,,1.56,0.81,1.33,1*09
$GNGSA,M,3,16,25,02,10,11,,,,,,,,1.56,0.81,1.33,3*06
$GNGSA,M,3,12,19,20,22,24,26,29,31,35,39,,,1.56,0.81,1.33,4*0C
$GPGSV,3,1,11,05,34,128,44,10,02,342,30,12,16,034,36,13,10,030,22,1*6C
$GPGSV,3,2,11,18,68,245,20,23,30,357,44,25,49,019,50,26,29,227,26,1*6B
$GPGSV,3,3,11,28,20,296,24,29,57,141,41,31,20,264,25,1*58
$GPGSV,3,1,11,05,34,128,36,10,02,342,32,12,16,034,24,13,10,030,15,6*6B
$GPGSV,3,2,11,18,68,245,18,23,30,357,41,25,49,019,44,26,29,227,22,6*63
$GPGSV,3,3,11,28,20,296,17,29,57,141,34,31,20,264,25,6*5D
$GPGSV,2,1,07,10,02,342,26,13,10,030,26,18,68,245,26,23,30,357,46,8*6E
$GPGSV,2,2,07,25,49,019,53,26,29,227,25,28,20,296,20,8*56
$GPGSV,1,1,04,15,11,062,,16,03,219,,20,03,090,,21,04,144,,0*61
$GAGSV,2,1,07,02,35,221,17,10,34,142,33,11,62,156,27,14,21,088,28,1*7C
$GAGSV,2,2,07,16,36,041,42,25,87,032,35,36,60,292,14,1*43
$GAGSV,1,1,02,16,36,041,48,25,87,032,37,5*75
$GAGSV,2,1,05,10,34,142,28,11,62,156,27,14,21,088,25,16,36,041,47,7*78
$GAGSV,2,2,05,25,87,032,37,7*4B
$GAGSV,1,1,02,12,11,137,,34,10,309,,0*7C
$GBGSV,3,1,10,12,22,104,21,19,27,075,46,20,15,122,23,22,14,022,22,3*7C
$GBGSV,3,2,10,24,27,233,25,26,51,289,20,29,21,116,32,31,37,252,19,3*77
$GBGSV,3,3,10,35,59,173,26,39,26,001,47,3*72
$GBGSV,3,1,10,12,22,104,33,19,27,075,47,20,15,122,19,22,14,022,25,5*76
$GBGSV,3,2,10,24,27,233,20,26,51,289,18,29,21,116,18,31,37,252,22,5*7F
$GBGSV,3,3,10,35,59,173,22,39,26,001,44,5*73
$GBGSV,3,1,10,12,22,104,31,19,27,075,41,20,15,122,20,22,14,022,26,8*76
$GBGSV,3,2,10,24,27,233,25,26,51,289,19,29,21,116,27,31,37,252,19,8*72
$GBGSV,3,3,10,35,59,173,27,39,26,001,46,8*79
$GBGSV,1,1,01,11,02,109,,0*4C
$GNGLL,3001.74284,S,05112.75002,W,171356.00,A,A*77
$GNRMC,171357.00,A,3001.74284,S,05112.75001,W,0.026,,090926,,,A,V*16
$GNVTG,,T,,M,0.026,N,0.048,K,A*35
$GNGGA,171357.00,3001.74284,S,05112.75001,W,1,12,0.81,48.6,M,4.8,M,,*4C
$GNGSA,M,3,12,18,23,25,26,28,29,31,05,,,,1.56,0.81,1.33,1*09
$GNGSA,M,3,16,25,02,10,11,,,,,,,,1.56,0.81,1.33,3*06
$GNGSA,M,3,12,19,20,22,24,26,29,31,35,39,,,1.56,0.81,1.33,4*0C
$GPGSV,3,1,11,05,34,128,44,10,02,342,30,12,16,034,36,13,10,030,22,1*6C
$GPGSV,3,2,11,18,68,245,20,23,30,357,44,25,48,019,50,26,29,227,26,1*6A
$GPGSV,3,3,11,28,20,296,24,29,57,141,41,31,20,264,25,1*58
$GPGSV,3,1,11,05,34,128,36,10,02,342,31,12,16,034,24,13,10,030,15,6*68
$GPGSV,3,2,11,18,68,245,19,23,30,357,41,25,48,019,44,26,29,227,23,6*62
$GPGSV,3,3,11,28,20,296,16,29,57,141,34,31,20,264,25,6*5C
$GPGSV,2,1,07,10,02,342,26,13,10,030,26,18,68,245,26,23,30,357,46,8*6E
$GPGSV,2,2,07,25,48,019,53,26,29,227,25,28,20,296,21,8*56
$GPGSV,1,1,04,15,11,062,,16,03,219,,20,03,090,,21,04,144,,0*61
$GAGSV,2,1,07,02,35,221,16,10,34,142,33,11,62,156,27,14,21,088,28,1*7D
$GAGSV,2,2,07,16,36,041,42,25,87,032,35,36,60,292,13,1*44
$GAGSV,1,1,02,16,36,041,48,25,87,032,37,5*75
$GAGSV,2,1,05,10,34,142,28,11,62,156,27,14,21,088,25,16,36,041,47,7*78
$GAGSV,2,2,05,25,87,032,37,7*4B
$GAGSV,1,1,02,12,11,137,,34,10,309,,0*7C
$GBGSV,3,1,10,12,22,104,20,19,27,075,46,20,15,122,23,22,14,022,22,3*7D
$GBGSV,3,2,10,24,27,233,25,26,51,289,20,29,21,116,32,31,37,252,18,3*76
$GBGSV,3,3,10,35,59,173,26,39,26,001,47,3*72
$GBGSV,3,1,10,12,22,104,33,19,27,075,47,20,15,122,18,22,14,022,25,5*77
$GBGSV,3,2,10,24,27,233,20,26,51,289,18,29,21,116,18,31,37,252,22,5*7F
$GBGSV,3,3,10,35,59,173,22,39,26,001,44,5*73
$GBGSV,3,1,10,12,22,104,31,19,27,075,41,20,15,122,21,22,14,022,26,8*77
$GBGSV,3,2,10,24,27,233,25,26,51,289,20,29,21,116,27,31,37,252,18,8*79
$GBGSV,3,3,10,35,59,173,27,39,26,001,46,8*79
$GBGSV,1,1,01,11,02,109,,0*4C
$GNGLL,3001.74284,S,05112.75001,W,171357.00,A,A*75
$GNRMC,171358.00,A,3001.74283,S,05112.75001,W,0.027,,090926,,,A,V*1F
$GNVTG,,T,,M,0.027,N,0.050,K,A*3D
$GNGGA,171358.00,3001.74283,S,05112.75001,W,1,12,0.81,48.6,M,4.8,M,,*44
$GNGSA,M,3,12,18,23,25,26,28,29,31,05,,,,1.56,0.81,1.33,1*09
$GNGSA,M,3,16,25,02,10,11,,,,,,,,1.56,0.81,1.33,3*06
$GNGSA,M,3,12,19,20,22,24,26,29,31,35,39,,,1.56,0.81,1.33,4*0C
$GPGSV,3,1,12,05,34,128,43,10,02,342,30,12,16,034,36,13,10,030,22,1*68
$GPGSV,3,2,12,15,11,062,21,18,68,245,20,23,30,357,44,25,48,019,50,1*66
$GPGSV,3,3,12,26,30,228,26,28,20,296,25,29,57,141,41,31,20,264,25,1*61
$GPGSV,3,1,11,05,34,128,36,10,02,342,31,12,16,034,24,13,10,030,15,6*68
$GPGSV,3,2,11,18,68,245,19,23,30,357,41,25,48,019,44,26,30,228,22,6*64
$GPGSV,3,3,11,28,20,296,16,29,57,141,34,31,20,264,25,6*5C
$GPGSV,2,1,07,10,02,342,26,13,10,030,26,18,68,245,26,23,30,357,46,8*6E
$GPGSV,2,2,07,25,48,019,53,26,30,228,25,28,20,296,23,8*53
$GPGSV,1,1,03,16,03,219,,20,03,090,,21,04,144,,0*56
$GAGSV,2,1,07,02,35,221,16,10,34,142,33,11,62,156,27,14,21,088,28,1*7D
$GAGSV,2,2,07,16,36,041,42,25,87,032,35,36,60,292,14,1*43
$GAGSV,1,1,02,16,36,041,48,25,87,032,37,5*75
$GAGSV,2,1,05,10,34,142,28,11,62,156,27,14,21,088,25,16,36,041,47,7*78
$GAGSV,2,2,05,25,87,032,37,7*4B
$GAGSV,1,1,02,12,11,137,,34,10,309,,0*7C
$GBGSV,3,1,10,12,22,104,18,19,27,075,46,20,15,122,23,22,14,022,22,3*76
$GBGSV,3,2,10,24,27,233,25,26,51,289,19,29,21,116,33,31,37,252,19,3*7C
$GBGSV,3,3,10,35,59,173,26,39,26,001,47,3*72
$GBGSV,3,1,10,12,22,104,33,19,27,075,47,20,15,122,18,22,14,022,24,5*76
$GBGSV,3,2,10,24,27,233,21,26,51,289,19,29,21,116,19,31,37,252,22,5*7E
$GBGSV,3,3,10,35,59,173,22,39,26,001,44,5*73
$GBGSV,3,1,10,12,22,104,31,19,27,075,41,20,15,122,21,22,14,022,26,8*77
$GBGSV,3,2,10,24,27,233,25,26,51,289,20,29,21,116,27,31,37,252,18,8*79
$GBGSV,3,3,10,35,59,173,27,39,26,001,45,8*7A
$GBGSV,1,1,01,11,02,109,,0*4C
$GNGLL,3001.74283,S,05112.75001,W,171358.00,A,A*7D
$GNRMC,171359.00,A,3001.74283,S,05112.75001,W,0.027,,090926,,,A,V*1E
$GNVTG,,T,,M,0.027,N,0.049,K,A*35
$GNGGA,171359.00,3001.74283,S,05112.75001,W,1,12,0.81,48.6,M,4.8,M,,*45
$GNGSA,M,3,12,18,23,25,26,28,29,31,05,,,,1.56,0.81,1.33,1*09
$GNGSA,M,3,16,25,36,02,10,11,,,,,,,1.56,0.81,1.33,3*03
$GNGSA,M,3,12,19,20,22,24,26,29,31,35,39,,,1.56,0.81,1.33,4*0C
$GPGSV,3,1,11,05,34,128,43,10,02,342,29,12,16,034,36,13,10,030,21,1*60
$GPGSV,3,2,11,18,68,245,20,23,30,357,44,25,48,019,49,26,30,228,26,1*65
$GPGSV,3,3,11,28,20,296,25,29,57,141,41,31,20,264,25,1*59
$GPGSV,3,1,11,05,34,128,36,10,02,342,32,12,16,034,24,13,10,030,13,6*6D
$GPGSV,3,2,11,18,68,245,19,23,30,357,41,25,48,019,44,26,30,228,22,6*64
$GPGSV,3,3,11,28,20,296,16,29,57,141,34,31,20,264,24,6*5D
$GPGSV,2,1,07,10,02,342,26,13,10,030,25,18,68,245,27,23,30,357,46,8*6C
$GPGSV,2,2,07,25,48,019,53,26,30,228,25,28,20,296,22,8*52
$GPGSV,1,1,04,15,11,062,,16,03,219,,20,03,090,,21,04,144,,0*61
$GAGSV,2,1,07,02,35,221,16,10,34,142,33,11,62,156,27,14,21,088,28,1*7D
$GAGSV,2,2,07,16,36,041,42,25,87,032,35,36,60,292,15,1*42
$GAGSV,1,1,02,16,36,041,48,25,87,032,37,5*75
$GAGSV,2,1,05,10,34,142,28,11,62,156,27,14,21,088,24,16,36,041,47,7*79
$GAGSV,2,2,05,25,87,032,37,7*4B
$GAGSV,1,1,02,12,11,137,,34,10,309,,0*7C
$GBGSV,3,1,10,12,22,104,15,19,27,075,46,20,15,122,24,22,14,022,22,3*7C
$GBGSV,3,2,10,24,27,233,25,26,51,289,18,29,21,116,33,31,37,252,19,3*7D
$GBGSV,3,3,10,35,59,173,26,39,26,001,47,3*72
$GBGSV,3,1,10,12,22,104,33,19,27,075,47,20,15,122,18,22,14,022,24,5*76
$GBGSV,3,2,10,24,27,233,21,26,51,289,19,29,21,116,19,31,37,252,22,5*7E
$GBGSV,3,3,10,35,59,173,23,39,26,001,44,5*72
$GBGSV,3,1,10,12,22,104,31,19,27,075,41,20,15,122,21,22,14,022,26,8*77
$GBGSV,3,2,10,24,27,233,25,26,51,289,20,29,21,116,27,31,37,252,19,8*78
$GBGSV,3,3,10,35,59,173,27,39,26,001,45,8*7A
$GBGSV,1,1,01,11,02,109,,0*4C
$GNGLL,3001.74283,S,05112.75001,W,171359.00,A,A*7C
$GNRMC,171400.00,A,3001.74283,S,05112.75001,W,0.008,,090926,,,A,V*18
$GNVTG,,T,,M,0.008,N,0.015,K,A*31
$GNGGA,171400.00,3001.74283,S,05112.75001,W,1,12,0.81,48.6,M,4.8,M,,*4E
$GNGSA,M,3,12,18,23,25,26,28,29,31,05,,,,1.56,0.81,1.33,1*09
$GNGSA,M,3,16,25,36,02,10,11,,,,,,,1.56,0.81,1.33,3*03
$GNGSA,M,3,12,19,20,22,24,26,29,31,35,39,,,1.56,0.81,1.33,4*0C
$GPGSV,3,1,11,05,34,128,43,10,02,342,29,12,16,034,36,13,10,030,21,1*60
$GPGSV,3,2,11,18,68,245,20,23,30,357,44,25,48,019,50,26,30,228,26,1*6D
$GPGSV,3,3,11,28,20,297,26,29,57,141,41,31,20,264,25,1*5B
$GPGSV,3,1,11,05,34,128,36,10,02,342,32,12,16,034,23,13,10,030,10,6*69
$GPGSV,3,2,11,18,68,245,19,23,30,357,41,25,48,019,44,26,30,228,23,6*65
$GPGSV,3,3,11,28,20,297,16,29,57,141,34,31,20,264,24,6*5C
$GPGSV,2,1,07,10,02,342,26,13,10,030,26,18,68,245,26,23,30,357,46,8*6E
$GPGSV,2,2,07,25,48,019,53,26,30,228,25,28,20,297,22,8*53
$GPGSV,1,1,04,15,11,062,,16,03,219,,20,03,090,,21,04,144,,0*61
$GAGSV,2,1,07,02,35,221,16,10,34,142,33,11,62,156,27,14,21,088,28,1*7D
$GAGSV,2,2,07,16,36,041,42,25,87,032,35,36,60,292,15,1*42
$GAGSV,1,1,02,16,36,041,48,25,87,032,37,5*75
$GAGSV,2,1,05,10,34,142,28,11,62,156,27,14,21,088,24,16,36,041,47,7*79
$GAGSV,2,2,05,25,87,032,37,7*4B
$GAGSV,1,1,02,12,11,137,,34,10,309,,0*7C
$GBGSV,3,1,10,12,22,104,14,19,27,075,45,20,15,122,24,22,14,022,22,3*7E
$GBGSV,3,2,10,24,27,233,25,26,51,289,18,29,21,116,32,31,37,252,18,3*7D
$GBGSV,3,3,10,35,59,173,26,39,26,001,47,3*72
$GBGSV,3,1,10,12,22,104,33,19,27,075,47,20,15,122,18,22,14,022,25,5*77
$GBGSV,3,2,10,24,27,233,21,26,51,289,18,29,21,116,19,31,37,252,21,5*7C
$GBGSV,3,3,10,35,59,173,23,39,26,001,44,5*72
$GBGSV,3,1,10,12,22,104,31,19,27,075,41,20,15,122,21,22,14,022,26,8*77
$GBGSV,3,2,10,24,27,233,26,26,51,289,20,29,21,116,28,31,37,252,20,8*7E
$GBGSV,3,3,10,35,59,173,27,39,26,001,45,8*7A
$GBGSV,1,1,01,11,02,109,,0*4C
$GNGLL,3001.74283,S,05112.75001,W,171400.00,A,A*77
$GNRMC,171401.00,A,3001.74283,S,05112.75001,W,0.004,,090926,,,A,V*15
$GNVTG,,T,,M,0.004,N,0.008,K,A*31
$GNGGA,171401.00,3001.74283,S,05112.75001,W,1,12,0.81,48.5,M,4.8,M,,*4C
$GNGSA,M,3,12,18,23,25,26,28,29,31,05,,,,1.56,0.81,1.33,1*09
$GNGSA,M,3,16,25,02,10,11,,,,,,,,1.56,0.81,1.33,3*06
$GNGSA,M,3,12,19,20,22,24,26,29,31,35,39,,,1.56,0.81,1.33,4*0C
$GPGSV,3,1,11,05,34,128,43,10,02,342,30,12,16,034,36,13,10,030,21,1*68
$GPGSV,3,2,11,18,68,245,19,23,30,357,44,25,48,019,50,26,30,228,26,1*67
$GPGSV,3,3,11,28,20,297,26,29,57,140,41,31,20,264,25,1*5A
$GPGSV,3,1,11,05,34,128,36,10,02,342,32,12,16,034,23,13,10,030,12,6*6B
$GPGSV,3,2,11,18,68,245,19,23,30,357,41,25,48,019,44,26,30,228,24,6*62
$GPGSV,3,3,11,28,20,297,15,29,57,140,34,31,20,264,23,6*59
$GPGSV,2,1,07,10,02,342,26,13,10,030,26,18,68,245,26,23,30,357,46,8*6E
$GPGSV,2,2,07,25,48,019,53,26,30,228,25,28,20,297,22,8*53
$GPGSV,1,1,04,15,11,062,,16,03,219,,20,03,090,,21,04,144,,0*61
$GAGSV,2,1,07,02,35,221,15,10,34,142,33,11,62,156,27,14,21,088,27,1*71
$GAGSV,2,2,07,16,36,041,42,25,87,032,35,36,60,292,14,1*43
$GAGSV,1,1,02,16,36,041,48,25,87,032,37,5*75
$GAGSV,2,1,05,10,34,142,28,11,62,156,27,14,21,088,24,16,36,041,47,7*79
$GAGSV,2,2,05,25,87,032,37,7*4B
$GAGSV,1,1,02,12,11,137,,34,10,309,,0*7C
$GBGSV,3,1,10,12,22,104,11,19,27,075,46,20,15,122,24,22,14,022,22,3*78
$GBGSV,3,2,10,24,27,233,24,26,51,289,17,29,21,116,33,31,37,252,18,3*72
$GBGSV,3,3,10,35,59,173,25,39,26,001,47,3*71
$GBGSV,3,1,10,12,22,104,34,19,27,075,47,20,15,122,18,22,14,022,25,5*70
$GBGSV,3,2,10,24,27,233,20,26,51,289,18,29,21,116,19,31,37,252,22,5*7E
$GBGSV,3,3,10,35,59,173,23,39,26,001,44,5*72
$GBGSV,3,1,10,12,22,104,31,19,27,075,41,20,15,122,20,22,14,022,26,8*76
$GBGSV,3,2,10,24,27,233,26,26,51,289,20,29,21,116,28,31,37,252,19,8*74
$GBGSV,3,3,10,35,59,173,27,39,26,001,45,8*7A
$GBGSV,1,1,01,11,02,109,,0*4C
$GNGLL,3001.74283,S,05112.75001,W,171401.00,A,A*76
$GNRMC,171402.00,A,3001.74283,S,05112.75001,W,0.022,,090926,,,A,V*12
$GNVTG,,T,,M,0.022,N,0.040,K,A*39
$GNGGA,171402.00,3001.74283,S,05112.75001,W,1,12,0.81,48.6,M,4.8,M,,*4C
$GNGSA,M,3,12,18,23,25,26,28,29,31,05,,,,1.56,0.81,1.33,1*09
$GNGSA,M,3,16,25,02,10,11,,,,,,,,1.56,0.81,1.33,3*06
$GNGSA,M,3,12,19,20,22,24,26,29,31,35,39,,,1.56,0.81,1.33,4*0C
$GPGSV,3,1,12,05,34,128,43,10,02,342,30,12,16,034,36,13,10,030,21,1*6B
$GPGSV,3,2,12,18,68,245,18,23,30,357,44,25,48,019,50,26,30,228,26,1*65
$GPGSV,3,3,12,28,20,297,27,28,20,297,27,29,57,140,41,31,20,264,25,1*69
$GPGSV,3,1,11,05,34,128,36,10,02,342,31,12,16,034,23,13,10,030,12,6*68
$GPGSV,3,2,11,18,68,245,19,23,30,357,41,25,48,019,44,26,30,228,24,6*62
$GPGSV,3,3,11,28,20,297,17,29,57,140,34,31,20,264,24,6*5C
$GPGSV,2,1,07,10,02,342,26,13,10,030,26,18,68,245,26,23,30,357,46,8*6E
$GPGSV,2,2,07,25,48,019,53,26,30,228,26,28,20,297,22,8*50
$GPGSV,1,1,04,15,11,062,,16,03,219,,20,03,090,,21,04,144,,0*61
$GAGSV,2,1,07,02,35,221,16,10,34,142,33,11,62,156,27,14,21,088,27,1*72
$GAGSV,2,2,07,16,36,041,42,25,87,032,35,36,60,292,13,1*44
$GAGSV,1,1,02,16,36,041,48,25,87,032,37,5*75
$GAGSV,2,1,05,10,34,142,28,11,62,156,27,14,21,088,24,16,36,041,47,7*79
$GAGSV,2,2,05,25,87,032,37,7*4B
$GAGSV,1,1,02,12,11,137,,34,10,309,,0*7C
$GBGSV,3,1,10,12,22,104,10,19,27,075,46,20,15,122,24,22,14,022,22,3*79
$GBGSV,3,2,10,24,27,233,24,26,51,289,16,29,21,116,33,31,37,252,17,3*7C
$GBGSV,3,3,10,35,59,173,26,39,26,001,47,3*72
$GBGSV,3,1,10,12,22,104,34,19,27,075,47,20,15,122,17,22,14,022,24,5*7E
$GBGSV,3,2,10,24,27,233,20,26,51,289,18,29,21,116,20,31,37,252,21,5*77
$GBGSV,3,3,10,35,59,173,23,39,26,001,44,5*72
$GBGSV,3,1,10,12,22,104,31,19,27,075,41,20,15,122,20,22,14,022,26,8*76
$GBGSV,3,2,10,24,27,233,26,26,51,289,21,29,21,116,28,31,37,252,18,8*74
$GBGSV,3,3,10,35,59,173,27,39,26,001,45,8*7A
$GBGSV,1,1,01,11,02,109,,0*4C
$GNGLL,3001.74283,S,05112.75001,W,171402.00,A,A*75
$GNRMC,171403.00,A,3001.74283,S,05112.75001,W,0.007,,090926,,,A,V*14
$GNVTG,,T,,M,0.007,N,0.014,K,A*3F
$GNGGA,171403.00,3001.74283,S,05112.75001,W,1,12,0.66,48.6,M,4.8,M,,*44
$GNGSA,M,3,12,18,23,25,26,28,29,31,05,,,,1.34,0.66,1.17,1*02
$GNGSA,M,3,16,25,02,10,11,,,,,,,,1.34,0.66,1.17,3*0D
$GNGSA,M,3,12,19,20,22,24,26,29,31,35,39,,,1.34,0.66,1.17,4*07
$GPGSV,3,1,11,05,34,128,43,10,02,342,30,12,16,034,36,13,10,030,21,1*68
$GPGSV,3,2,11,18,68,245,17,23,30,357,44,25,48,019,50,26,30,228,26,1*69
$GPGSV,3,3,11,28,20,297,26,29,57,140,42,31,20,265,25,1*58
$GPGSV,3,1,11,05,34,128,36,10,02,342,31,12,16,034,23,13,10,030,12,6*68
$GPGSV,3,2,11,18,68,245,19,23,30,357,41,25,48,019,44,26,30,228,23,6*65
$GPGSV,3,3,11,28,20,297,17,29,57,140,34,31,20,265,24,6*5D
$GPGSV,2,1,07,10,02,342,27,13,10,030,26,18,68,245,26,23,30,357,46,8*6F
$GPGSV,2,2,07,25,48,019,53,26,30,228,25,28,20,297,22,8*53
$GPGSV,1,1,04,15,11,062,,16,03,219,,20,03,090,,21,04,144,,0*61
$GAGSV,2,1,07,02,35,221,16,10,34,142,33,11,62,156,27,14,21,088,27,1*72
$GAGSV,2,2,07,16,36,041,42,25,87,032,35,36,60,292,12,1*45
$GAGSV,1,1,02,16,36,041,48,25,87,032,37,5*75
$GAGSV,2,1,05,10,34,142,28,11,62,156,27,14,21,088,24,16,36,041,47,7*79
$GAGSV,2,2,05,25,87,032,37,7*4B
$GAGSV,1,1,02,12,11,137,,34,10,309,,0*7C
$GBGSV,3,1,10,12,22,104,15,19,27,075,46,20,15,122,24,22,14,022,21,3*7F
$GBGSV,3,2,10,24,27,233,25,26,51,289,14,29,21,116,33,31,37,252,17,3*7F
$GBGSV,3,3,10,35,59,173,25,39,26,001,47,3*71
$GBGSV,3,1,10,12,22,104,34,19,27,075,47,20,15,122,18,22,14,022,24,5*71
$GBGSV,3,2,10,24,27,233,19,26,51,289,18,29,21,116,19,31,37,252,21,5*77
$GBGSV,3,3,10,35,59,173,23,39,26,001,44,5*72
$GBGSV,3,1,10,12,22,104,31,19,27,075,41,20,15,122,21,22,14,022,26,8*77
$GBGSV,3,2,10,24,27,233,26,26,51,289,21,29,21,116,28,31,37,252,18,8*74
$GBGSV,3,3,10,35,59,173,27,39,26,001,45,8*7A
$GBGSV,1,1,01,11,02,109,,0*4C
$GNGLL,3001.74283,S,05112.75001,W,171403.00,A,A*74
$GNRMC,171404.00,A,3001.74283,S,05112.75001,W,0.012,,090926,,,A,V*17
$GNVTG,,T,,M,0.012,N,0.022,K,A*3E
$GNGGA,171404.00,3001.74283,S,05112.75001,W,1,12,0.66,48.5,M,4.8,M,,*40
$GNGSA,M,3,12,18,23,25,26,28,29,31,05,,,,1.34,0.66,1.17,1*02
$GNGSA,M,3,16,25,02,10,11,,,,,,,,1.34,0.66,1.17,3*0D
$GNGSA,M,3,12,19,20,22,24,26,29,31,35,39,,,1.34,0.66,1.17,4*07
$GPGSV,3,1,11,05,34,128,43,10,02,342,31,12,16,034,36,13,10,030,21,1*69
$GPGSV,3,2,11,18,68,245,17,23,30,357,44,25,48,019,49,26,30,228,26,1*61
$GPGSV,3,3,11,28,20,297,27,29,57,140,42,31,20,265,25,1*59
$GPGSV,3,1,11,05,34,128,36,10,02,342,32,12,16,034,23,13,10,030,11,6*68
$GPGSV,3,2,11,18,68,245,19,23,30,357,41,25,48,019,44,26,30,228,24,6*62
$GPGSV,3,3,11,28,20,297,16,29,57,140,34,31,20,265,23,6*5B
$GPGSV,2,1,07,10,02,342,27,13,10,030,26,18,68,245,26,23,30,357,46,8*6F
$GPGSV,2,2,07,25,48,019,53,26,30,228,25,28,20,297,22,8*53
$GPGSV,1,1,04,15,11,062,,16,03,219,,20,03,090,,21,04,144,,0*61
$GAGSV,2,1,07,02,35,221,16,10,34,142,33,11,62,156,27,14,21,088,27,1*72
$GAGSV,2,2,07,16,36,041,42,25,87,032,35,36,60,292,10,1*47
$GAGSV,1,1,02,16,36,041,48,25,87,032,37,5*75
$GAGSV,2,1,05,10,34,142,28,11,62,156,27,14,21,088,23,16,36,041,47,7*7E
$GAGSV,2,2,05,25,87,032,37,7*4B
$GAGSV,1,1,02,12,11,137,,34,10,309,,0*7C
$GBGSV,3,1,10,12,22,104,09,19,27,075,46,20,15,122,25,22,14,022,21,3*73
$GBGSV,3,2,10,24,27,233,25,26,51,289,15,29,21,116,33,31,37,252,17,3*7E
$GBGSV,3,3,10,35,59,173,25,39,26,001,47,3*71
$GBGSV,3,1,10,12,22,104,34,19,27,075,47,20,15,122,17,22,14,022,24,5*7E
$GBGSV,3,2,10,24,27,233,18,26,51,289,18,29,21,116,20,31,37,252,21,5*7C
$GBGSV,3,3,10,35,59,173,23,39,26,001,44,5*72
$GBGSV,3,1,10,12,22,104,31,19,27,075,41,20,15,122,20,22,14,022,26,8*76
$GBGSV,3,2,10,24,27,233,26,26,51,289,20,29,21,116,28,31,37,252,18,8*75
$GBGSV,3,3,10,35,59,173,27,39,26,001,45,8*7A
$GBGSV,1,1,01,11,02,109,,0*4C
$GNGLL,3001.74283,S,05112.75001,W,171404.00,A,A*73
$GNRMC,171405.00,A,3001.74283,S,05112.75001,W,0.008,,090926,,,A,V*1D
$GNVTG,,T,,M,0.008,N,0.014,K,A*30
$GNGGA,171405.00,3001.74283,S,05112.75001,W,1,12,0.66,48.5,M,4.8,M,,*41
$GNGSA,M,3,12,18,23,25,26,28,29,31,05,,,,1.34,0.66,1.17,1*02
$GNGSA,M,3,16,25,02,10,11,,,,,,,,1.34,0.66,1.17,3*0D
$GNGSA,M,3,12,19,20,22,24,26,29,31,35,39,,,1.34,0.66,1.17,4*07
$GPGSV,3,1,11,05,34,128,43,10,02,342,31,12,16,034,37,13,10,030,21,1*68
$GPGSV,3,2,11,18,68,245,17,23,30,357,44,25,48,019,49,26,30,228,25,1*62
$GPGSV,3,3,11,28,20,297,27,29,57,140,42,31,20,265,25,1*59
$GPGSV,3,1,11,05,34,128,35,10,02,342,32,12,16,034,23,13,10,030,10,6*6A
$GPGSV,3,2,11,18,68,245,18,23,30,357,41,25,48,019,44,26,30,228,24,6*63
$GPGSV,3,3,11,28,20,297,15,29,57,140,34,31,20,265,24,6*5F
$GPGSV,2,1,07,10,02,342,27,13,10,030,26,18,68,245,26,23,30,357,46,8*6F
$GPGSV,2,2,07,25,48,019,53,26,30,228,25,28,20,297,22,8*53
$GPGSV,1,1,04,15,11,062,,16,03,219,,20,03,090,,21,04,144,,0*61
$GAGSV,2,1,07,02,35,221,15,10,34,142,33,11,62,156,27,14,21,088,27,1*71
$GAGSV,2,2,07,16,36,041,42,25,87,032,35,36,60,292,09,1*4F
$GAGSV,1,1,02,16,36,041,48,25,87,032,37,5*75
$GAGSV,2,1,05,10,34,142,28,11,62,156,27,14,21,088,23,16,36,041,47,7*7E
$GAGSV,2,2,05,25,87,032,37,7*4B
$GAGSV,1,1,02,12,11,137,,34,10,309,,0*7C
$GBGSV,3,1,10,12,22,104,11,19,27,075,46,20,15,122,25,22,14,022,21,3*7A
$GBGSV,3,2,10,24,27,233,24,26,51,289,12,29,21,116,33,31,37,252,16,3*79
$GBGSV,3,3,10,35,59,173,25,39,26,001,47,3*71
$GBGSV,3,1,10,12,22,104,34,19,27,075,47,20,15,122,17,22,14,022,24,5*7E
$GBGSV,3,2,10,24,27,233,17,26,51,289,18,29,21,116,20,31,37,252,21,5*73
$GBGSV,3,3,10,35,59,173,23,39,26,001,44,5*72
$GBGSV,3,1,10,12,22,104,31,19,27,075,41,20,15,122,20,22,14,022,26,8*76
$GBGSV,3,2,10,24,27,233,27,26,51,289,20,29,21,116,28,31,37,252,19,8*75
$GBGSV,3,3,10,35,59,173,26,39,26,001,45,8*7B
$GBGSV,1,1,01,11,02,109,,0*4C
$GNGLL,3001.74283,S,05112.75001,W,171405.00,A,A*72
$GNRMC,171406.00,A,3001.74283,S,05112.75000,W,0.013,,090926,,,A,V*15
$GNVTG,,T,,M,0.013,N,0.024,K,A*39
$GNGGA,171406.00,3001.74283,S,05112.75000,W,1,12,0.66,48.5,M,4.8,M,,*43
$GNGSA,M,3,12,18,23,25,26,28,29,31,05,,,,1.34,0.66,1.17,1*02
$GNGSA,M,3,16,25,02,10,11,,,,,,,,1.34,0.66,1.17,3*0D
$GNGSA,M,3,12,19,20,22,24,26,29,31,35,39,,,1.34,0.66,1.17,4*07
$GPGSV,3,1,11,05,34,128,43,10,02,342,30,12,16,034,36,13,10,030,20,1*69
$GPGSV,3,2,11,18,68,245,16,23,30,357,44,25,48,019,49,26,30,228,25,1*63
$GPGSV,3,3,11,28,20,297,27,29,57,140,42,31,20,265,25,1*59
$GPGSV,3,1,10,05,34,128,35,10,02,342,32,12,16,034,23,18,68,245,18,6*67
$GPGSV,3,2,10,23,30,357,41,25,48,019,44,26,30,228,24,28,20,297,15,6*6F
$GPGSV,3,3,10,29,57,140,34,31,20,265,24,6*6E
$GPGSV,2,1,07,10,02,342,27,13,10,030,26,18,68,245,26,23,30,357,47,8*6E
$GPGSV,2,2,07,25,48,019,53,26,30,228,26,28,20,297,22,8*50
$GPGSV,1,1,04,15,11,062,,16,03,219,,20,03,090,,21,04,144,,0*61
$GAGSV,2,1,07,02,35,221,16,10,34,142,33,11,62,156,27,14,21,088,27,1*72
$GAGSV,2,2,07,16,36,041,42,25,87,032,35,36,60,292,09,1*4F
$GAGSV,1,1,02,16,36,041,48,25,87,032,37,5*75
$GAGSV,2,1,05,10,34,142,28,11,62,156,27,14,21,088,24,16,36,041,47,7*79
$GAGSV,2,2,05,25,87,032,37,7*4B
$GAGSV,1,1,02,12,11,137,,34,10,309,,0*7C
$GBGSV,3,1,10,12,22,104,14,19,27,075,46,20,15,122,25,22,14,022,21,3*7F
$GBGSV,3,2,10,24,27,233,24,26,51,289,11,29,21,116,33,31,37,252,17,3*7B
$GBGSV,3,3,10,35,59,173,25,39,26,001,47,3*71
$GBGSV,3,1,10,12,22,104,34,19,27,075,47,20,15,122,17,22,14,022,25,5*7F
$GBGSV,3,2,10,24,27,233,16,26,51,289,19,29,21,116,21,31,37,252,21,5*72
$GBGSV,3,3,10,35,59,173,23,39,26,001,44,5*72
$GBGSV,3,1,10,12,22,104,31,19,27,075,41,20,15,122,20,22,14,022,26,8*76
$GBGSV,3,2,10,24,27,233,27,26,51,289,20,29,21,116,28,31,37,252,19,8*75
$GBGSV,3,3,10,35,59,173,26,39,26,001,45,8*7B
$GBGSV,1,1,01,11,02,109,,0*4C
$GNGLL,3001.74283,S,05112.75000,W,171406.00,A,A*70
$GNRMC,171407.00,A,3001.74282,S,05112.74999,W,0.025,,090926,,,A,V*18
$GNVTG,,T,,M,0.025,N,0.047,K,A*39
$GNGGA,171407.00,3001.74282,S,05112.74999,W,1,12,0.66,48.5,M,4.8,M,,*4B
$GNGSA,M,3,12,18,23,25,26,28,29,31,05,,,,1.34,0.66,1.17,1*02
$GNGSA,M,3,16,25,02,10,11,,,,,,,,1.34,0.66,1.17,3*0D
$GNGSA,M,3,12,19,20,22,24,26,29,31,35,39,,,1.34,0.66,1.17,4*07
$GPGSV,3,1,11,05,34,128,43,10,02,342,30,12,16,034,36,13,10,030,20,1*69
$GPGSV,3,2,11,18,68,245,16,23,30,357,44,25,48,019,49,26,30,228,26,1*60
$GPGSV,3,3,11,28,20,297,27,29,57,140,41,31,20,265,25,1*5A
$GPGSV,3,1,10,05,34,128,35,10,02,342,32,12,16,034,24,18,68,245,19,6*61
$GPGSV,3,2,10,23,30,357,41,25,48,019,44,26,30,228,25,28,20,297,15,6*6E
$GPGSV,3,3,10,29,57,140,34,31,20,265,24,6*6E
$GPGSV,2,1,07,10,02,342,27,13,10,030,26,18,68,245,26,23,30,357,47,8*6E
$GPGSV,2,2,07,25,48,019,53,26,30,228,25,28,20,297,22,8*53
$GPGSV,1,1,04,15,11,062,,16,03,219,,20,03,090,,21,04,144,,0*61
$GAGSV,2,1,06,02,36,221,16,10,34,142,33,11,62,156,27,14,21,088,27,1*70
$GAGSV,2,2,06,16,36,041,42,25,87,032,35,1*7D
$GAGSV,1,1,02,16,36,041,48,25,87,032,37,5*75
$GAGSV,2,1,05,10,34,142,28,11,62,156,27,14,21,088,24,16,36,041,47,7*79
$GAGSV,2,2,05,25,87,032,37,7*4B
$GAGSV,1,1,03,12,11,137,,34,10,309,,36,60,292,,0*47
$GBGSV,3,1,10,12,22,104,15,19,27,075,46,20,15,122,25,22,14,022,21,3*7E
$GBGSV,3,2,10,24,27,233,24,26,51,289,13,29,21,116,32,31,37,252,18,3*77
$GBGSV,3,3,10,35,59,173,25,39,26,001,47,3*71
$GBGSV,3,1,10,12,22,104,35,19,27,075,47,20,15,122,17,22,14,022,25,5*7E
$GBGSV,3,2,10,24,27,233,16,26,51,289,19,29,21,116,21,31,37,252,21,5*72
$GBGSV,3,3,10,35,59,173,23,39,26,001,44,5*72
$GBGSV,3,1,10,12,22,104,31,19,27,075,41,20,15,122,21,22,14,022,26,8*77
$GBGSV,3,2,10,24,27,233,27,26,51,289,20,29,21,116,28,31,37,252,19,8*75
$GBGSV,3,3,10,35,59,173,26,39,26,001,45,8*7B
$GBGSV,1,1,01,11,02,109,,0*4C
$GNGLL,3001.74282,S,05112.74999,W,171407.00,A,A*78
$GNRMC,171408.00,A,3001.74282,S,05112.74999,W,0.011,,090926,,,A,V*10
$GNVTG,,T,,M,0.011,N,0.021,K,A*3E
$GNGGA,171408.00,3001.74282,S,05112.74999,W,1,12,0.66,48.5,M,4.8,M,,*44
$GNGSA,M,3,12,18,23,25,26,28,29,31,05,,,,1.34,0.66,1.17,1*02
$GNGSA,M,3,16,25,02,10,11,,,,,,,,1.34,0.66,1.17,3*0D
$GNGSA,M,3,12,19,20,22,24,26,29,31,35,39,,,1.34,0.66,1.17,4*07
$GPGSV,3,1,11,05,34,128,43,10,02,342,30,12,16,034,36,13,10,030,20,1*69
$GPGSV,3,2,11,18,68,245,17,23,30,357,44,25,48,019,49,26,30,228,26,1*61
$GPGSV,3,3,11,28,20,297,27,29,57,140,42,31,20,265,24,1*58
$GPGSV,3,1,10,05,34,128,35,10,02,342,31,12,16,034,24,18,68,245,20,6*68
$GPGSV,3,2,10,23,30,357,41,25,48,019,44,26,30,228,25,28,20,297,14,6*6F
$GPGSV,3,3,10,29,57,140,34,31,20,265,24,6*6E
$GPGSV,2,1,07,10,02,342,27,13,10,030,26,18,68,245,26,23,30,357,47,8*6E
$GPGSV,2,2,07,25,48,019,53,26,30,228,25,28,20,297,22,8*53
$GPGSV,1,1,04,15,11,062,,16,03,219,,20,03,090,,21,04,144,,0*61
$GAGSV,2,1,06,02,36,221,16,10,34,142,33,11,62,156,27,14,21,088,27,1*70
$GAGSV,2,2,06,16,36,041,42,25,87,032,35,1*7D
$GAGSV,1,1,02,16,36,041,48,25,87,032,37,5*75
$GAGSV,2,1,05,10,34,142,28,11,62,156,27,14,21,088,24,16,36,041,47,7*79
$GAGSV,2,2,05,25,87,032,37,7*4B
$GAGSV,1,1,03,12,11,137,,34,10,309,,36,60,292,,0*47
$GBGSV,3,1,10,12,22,104,19,19,27,075,46,20,15,122,25,22,14,022,20,3*73
$GBGSV,3,2,10,24,27,233,24,26,51,289,11,29,21,116,33,31,37,252,18,3*74
$GBGSV,3,3,10,35,59,173,25,39,26,001,47,3*71
$GBGSV,3,1,10,12,22,104,35,19,27,075,47,20,15,122,17,22,14,022,25,5*7E
$GBGSV,3,2,10,24,27,233,14,26,51,289,19,29,21,116,22,31,37,252,21,5*73
$GBGSV,3,3,10,35,59,173,24,39,26,001,44,5*75
$GBGSV,3,1,10,12,22,104,31,19,27,075,41,20,15,122,21,22,14,022,26,8*77
$GBGSV,3,2,10,24,27,233,27,26,51,289,20,29,21,116,29,31,37,252,18,8*75
$GBGSV,3,3,10,35,59,173,26,39,26,001,45,8*7B
$GBGSV,1,1,01,11,02,109,,0*4C
$GNGLL,3001.74282,S,05112.74999,W,171408.00,A,A*77
$GNRMC,171409.00,A,3001.74282,S,05112.74999,W,0.010,,090926,,,A,V*10
$GNVTG,,T,,M,0.010,N,0.019,K,A*34
$GNGGA,171409.00,3001.74282,S,05112.74999,W,1,12,0.66,48.5,M,4.8,M,,*45
$GNGSA,M,3,12,18,23,25,26,28,29,31,05,,,,1.34,0.66,1.17,1*02
$GNGSA,M,3,16,25,02,10,11,,,,,,,,1.34,0.66,1.17,3*0D
$GNGSA,M,3,12,19,20,22,24,26,29,31,35,39,,,1.34,0.66,1.17,4*07
$GPGSV,3,1,11,05,34,128,43,10,02,342,30,12,16,034,36,13,10,030,20,1*69
$GPGSV,3,2,11,18,68,245,17,23,30,357,44,25,48,019,49,26,30,228,26,1*61
$GPGSV,3,3,11,28,20,297,27,29,57,140,42,31,20,265,24,1*58
$GPGSV,3,1,10,05,34,128,35,10,02,342,31,12,16,034,23,18,68,245,19,6*65
$GPGSV,3,2,10,23,30,357,41,25,48,019,44,26,30,228,25,28,20,297,13,6*68
$GPGSV,3,3,10,29,57,140,35,31,20,265,24,6*6F
$GPGSV,2,1,07,10,02,342,28,13,10,030,26,18,68,245,27,23,30,357,47,8*60
$GPGSV,2,2,07,25,48,019,53,26,30,228,25,28,20,297,22,8*53
$GPGSV,1,1,04,15,11,062,,16,03,219,,20,03,090,,21,04,144,,0*61
$GAGSV,2,1,06,02,36,221,16,10,34,142,33,11,62,156,27,14,21,088,27,1*70
$GAGSV,2,2,06,16,36,041,42,25,87,032,35,1*7D
$GAGSV,1,1,02,16,36,041,48,25,87,032,37,5*75
$GAGSV,2,1,05,10,34,142,28,11,62,156,27,14,21,088,24,16,36,041,47,7*79
$GAGSV,2,2,05,25,87,032,37,7*4B
$GAGSV,1,1,03,12,11,137,,34,10,309,,36,60,292,,0*47
$GBGSV,3,1,10,12,22,104,16,19,27,075,46,20,15,122,25,22,14,022,20,3*7C
$GBGSV,3,2,10,24,27,233,24,26,51,289,14,29,21,116,33,31,37,252,19,3*70
$GBGSV,3,3,10,35,59,173,25,39,26,001,47,3*71
$GBGSV,3,1,10,12,22,104,35,19,27,075,47,20,15,122,18,22,14,022,25,5*71
$GBGSV,3,2,10,24,27,233,14,26,51,289,19,29,21,116,22,31,37,252,20,5*72
$GBGSV,3,3,10,35,59,173,24,39,26,001,44,5*75
$GBGSV,3,1,10,12,22,104,31,19,27,075,41,20,15,122,21,22,14,022,26,8*77
$GBGSV,3,2,10,24,27,233,27,26,51,289,20,29,21,116,29,31,37,252,18,8*75
$GBGSV,3,3,10,35,59,173,26,39,26,001,45,8*7B
$GBGSV,1,1,01,11,02,109,,0*4C
$GNGLL,3001.74282,S,05112.74999,W,171409.00,A,A*76
$GNRMC,171410.00,A,3001.74282,S,05112.74998,W,0.012,,090926,,,A,V*1B
$GNVTG,,T,,M,0.012,N,0.021,K,A*3D
$GNGGA,171410.00,3001.74282,S,05112.74998,W,1,12,0.66,48.5,M,4.8,M,,*4C
$GNGSA,M,3,12,18,23,25,26,28,29,31,05,,,,1.34,0.66,1.17,1*02
$GNGSA,M,3,16,25,02,10,11,,,,,,,,1.34,0.66,1.17,3*0D
$GNGSA,M,3,12,19,20,22,24,26,29,31,35,39,,,1.34,0.66,1.17,4*07
$GPGSV,3,1,11,05,34,128,43,10,02,342,29,12,16,034,36,13,10,030,20,1*61
$GPGSV,3,2,11,18,68,245,17,23,30,357,45,25,48,019,49,26,30,228,26,1*60
$GPGSV,3,3,11,28,20,297,26,29,57,140,42,31,20,265,23,1*5E
$GPGSV,3,1,10,05,34,128,35,10,02,342,32,12,16,034,23,18,68,245,19,6*66
$GPGSV,3,2,10,23,30,357,41,25,48,019,44,26,30,228,25,28,20,297,13,6*68
$GPGSV,3,3,10,29,57,140,35,31,20,265,24,6*6F
$GPGSV,2,1,07,10,02,342,28,13,10,030,26,18,68,245,26,23,30,357,47,8*61
$GPGSV,2,2,07,25,48,019,53,26,30,228,25,28,20,297,21,8*50
$GPGSV,1,1,04,15,11,062,,16,03,219,,20,03,090,,21,04,144,,0*61
$GAGSV,2,1,06,02,36,221,16,10,34,142,33,11,62,156,27,14,21,088,27,1*70
$GAGSV,2,2,06,16,36,041,42,25,87,032,35,1*7D
$GAGSV,1,1,02,16,36,041,48,25,87,032,37,5*75
$GAGSV,2,1,05,10,34,142,28,11,62,156,27,14,21,088,25,16,36,041,47,7*78
$GAGSV,2,2,05,25,87,032,37,7*4B
$GAGSV,1,1,03,12,11,137,,34,10,309,,36,60,292,,0*47
$GBGSV,3,1,10,12,22,104,19,19,27,075,46,20,15,122,24,22,14,022,21,3*73
$GBGSV,3,2,10,24,27,233,24,26,51,289,15,29,21,116,33,31,37,252,19,3*71
$GBGSV,3,3,10,35,59,173,25,39,26,001,48,3*7E
$GBGSV,3,1,09,12,22,104,35,19,27,075,47,20,15,122,18,22,14,022,24,5*78
$GBGSV,3,2,09,26,51,289,19,29,21,116,22,31,37,252,20,35,59,173,24,5*77
$GBGSV,3,3,09,39,26,001,44,5*44
$GBGSV,3,1,10,12,22,104,31,19,27,075,41,20,15,122,21,22,14,022,26,8*77
$GBGSV,3,2,10,24,27,233,27,26,51,289,21,29,21,116,29,31,37,252,17,8*7B
$GBGSV,3,3,10,35,59,173,26,39,26,001,45,8*7B
$GBGSV,1,1,01,11,02,109,,0*4C
$GNGLL,3001.74282,S,05112.74998,W,171410.00,A,A*7F
$GNRMC,171411.00,A,3001.74282,S,05112.74997,W,0.029,,090926,,,A,V*1D
$GNVTG,,T,,M,0.029,N,0.053,K,A*30
$GNGGA,171411.00,3001.74282,S,05112.74997,W,1,12,0.66,48.5,M,4.8,M,,*42
$GNGSA,M,3,12,18,23,25,26,28,29,31,05,,,,1.34,0.66,1.17,1*02
$GNGSA,M,3,16,25,02,10,11,,,,,,,,1.34,0.66,1.17,3*0D
$GNGSA,M,3,12,19,20,22,24,26,29,31,35,39,,,1.34,0.66,1.17,4*07
$GPGSV,3,1,11,05,34,128,43,10,02,342,30,12,16,034,36,13,10,030,20,1*69
$GPGSV,3,2,11,18,68,245,18,23,30,357,45,25,48,019,49,26,30,228,25,1*6C
$GPGSV,3,3,11,28,20,297,26,29,57,140,42,31,20,265,22,1*5F
$GPGSV,3,1,10,05,34,128,35,10,02,342,32,12,16,034,23,18,68,245,19,6*66
$GPGSV,3,2,10,23,30,357,41,25,48,019,44,26,30,228,25,28,20,297,14,6*6F
$GPGSV,3,3,10,29,57,140,35,31,20,265,24,6*6F
$GPGSV,2,1,07,10,02,342,28,13,10,030,26,18,68,245,26,23,30,357,47,8*61
$GPGSV,2,2,07,25,48,019,53,26,30,228,25,28,20,297,21,8*50
$GPGSV,1,1,04,15,11,062,,16,03,219,,20,03,090,,21,04,144,,0*61
$GAGSV,2,1,06,02,36,221,16,10,34,142,33,11,62,156,27,14,21,088,27,1*70
$GAGSV,2,2,06,16,36,041,42,25,87,032,35,1*7D
$GAGSV,1,1,02,16,36,041,48,25,87,032,37,5*75
$GAGSV,2,1,05,10,34,142,28,11,62,156,27,14,21,088,25,16,36,041,47,7*78
$GAGSV,2,2,05,25,87,032,37,7*4B
$GAGSV,1,1,03,12,11,137,,34,10,309,,36,60,292,,0*47
$GBGSV,3,1,10,12,22,104,21,19,27,075,46,20,15,122,24,22,14,022,21,3*78
$GBGSV,3,2,10,24,27,233,24,26,51,289,11,29,21,116,32,31,37,252,20,3*7E
$GBGSV,3,3,10,35,59,173,25,39,26,001,47,3*71
$GBGSV,3,1,09,12,22,104,35,19,27,075,47,20,15,122,18,22,14,022,24,5*78
$GBGSV,3,2,09,26,51,289,19,29,21,116,22,31,37,252,21,35,59,173,24,5*76
$GBGSV,3,3,09,39,26,001,44,5*44
$GBGSV,3,1,10,12,22,104,31,19,27,075,41,20,15,122,22,22,14,022,26,8*74
$GBGSV,3,2,10,24,27,233,27,26,51,289,21,29,21,116,30,31,37,252,17,8*73
$GBGSV,3,3,10,35,59,173,26,39,26,001,45,8*7B
$GBGSV,1,1,01,11,02,109,,0*4C
$GNGLL,3001.74282,S,05112.74997,W,171411.00,A,A*71
$GNRMC,171412.00,A,3001.74282,S,05112.74997,W,0.022,,090926,,,A,V*15
$GNVTG,,T,,M,0.022,N,0.041,K,A*38
$GNGGA,171412.00,3001.74282,S,05112.74997,W,1,12,0.66,48.5,M,4.8,M,,*41
$GNGSA,M,3,12,18,23,25,26,28,29,31,05,,,,1.34,0.66,1.17,1*02
$GNGSA,M,3,16,25,02,10,11,,,,,,,,1.34,0.66,1.17,3*0D
$GNGSA,M,3,12,19,20,22,24,26,29,31,35,39,,,1.34,0.66,1.17,4*07
$GPGSV,3,1,11,05,34,128,43,10,02,342,30,12,16,034,36,13,10,030,20,1*69
$GPGSV,3,2,11,18,68,245,18,23,30,357,45,25,48,019,49,26,30,228,25,1*6C
$GPGSV,3,3,11,28,20,297,26,29,57,140,42,31,20,265,22,1*5F
$GPGSV,3,1,10,05,34,128,35,10,02,342,32,12,16,034,23,18,68,245,20,6*6C
$GPGSV,3,2,10,23,30,357,41,25,48,019,44,26,30,228,25,28,20,297,14,6*6F
$GPGSV,3,3,10,29,57,140,35,31,20,265,23,6*68
$GPGSV,2,1,07,10,02,342,28,13,10,030,26,18,68,245,27,23,30,357,47,8*60
$GPGSV,2,2,07,25,48,019,53,26,30,228,25,28,20,297,21,8*50
$GPGSV,1,1,04,15,11,062,,16,03,219,,20,03,090,,21,04,144,,0*61
$GAGSV,2,1,06,02,36,221,16,10,34,142,33,11,62,156,27,14,21,088,27,1*70
$GAGSV,2,2,06,16,36,041,42,25,87,032,36,1*7E
$GAGSV,1,1,02,16,36,041,48,25,87,032,37,5*75
$GAGSV,2,1,05,10,34,142,28,11,62,156,27,14,21,088,25,16,36,041,47,7*78
$GAGSV,2,2,05,25,87,032,37,7*4B
$GAGSV,1,1,03,12,11,137,,34,10,309,,36,60,292,,0*47
$GBGSV,3,1,10,12,22,104,22,19,27,075,46,20,15,122,24,22,14,022,21,3*7B
$GBGSV,3,2,10,24,27,233,24,26,51,289,14,29,21,116,32,31,37,252,19,3*71
$GBGSV,3,3,10,35,59,173,26,39,26,001,48,3*7D
$GBGSV,3,1,09,12,22,104,35,19,27,075,47,20,15,122,17,22,14,022,24,5*77
$GBGSV,3,2,09,26,51,289,19,29,21,116,22,31,37,252,21,35,59,173,24,5*76
$GBGSV,3,3,09,39,26,001,44,5*44
$GBGSV,3,1,10,12,22,104,31,19,27,075,41,20,15,122,21,22,14,022,26,8*77
$GBGSV,3,2,10,24,27,233,27,26,51,289,22,29,21,116,30,31,37,252,16,8*71
$GBGSV,3,3,10,35,59,173,26,39,26,001,46,8*78
$GBGSV,1,1,01,11,02,109,,0*4C
$GNGLL,3001.74282,S,05112.74997,W,171412.00,A,A*72
$GNRMC,171413.00,A,3001.74282,S,05112.74997,W,0.017,,090926,,,A,V*12
$GNVTG,,T,,M,0.017,N,0.032,K,A*3A
$GNGGA,171413.00,3001.74282,S,05112.74997,W,1,12,0.66,48.6,M,4.8,M,,*43
$GNGSA,M,3,12,18,23,25,26,28,29,31,05,,,,1.34,0.66,1.17,1*02
$GNGSA,M,3,16,25,02,10,11,,,,,,,,1.34,0.66,1.17,3*0D
$GNGSA,M,3,12,19,20,22,24,26,29,31,35,39,,,1.34,0.66,1.17,4*07
$GPGSV,3,1,11,05,34,128,43,10,02,342,30,12,16,034,36,13,10,030,20,1*69
$GPGSV,3,2,11,18,68,245,18,23,30,357,45,25,48,019,49,26,30,228,25,1*6C
$GPGSV,3,3,11,28,20,297,26,29,57,140,42,31,20,265,21,1*5C
$GPGSV,3,1,10,05,34,128,35,10,02,342,32,12,16,034,23,18,68,245,19,6*66
$GPGSV,3,2,10,23,30,357,41,25,48,019,44,26,30,228,25,28,20,297,14,6*6F
$GPGSV,3,3,10,29,57,140,35,31,20,265,23,6*68
$GPGSV,2,1,07,10,02,342,28,13,10,030,26,18,68,245,27,23,30,357,47,8*60
$GPGSV,2,2,07,25,48,019,53,26,30,228,25,28,20,297,21,8*50
$GPGSV,1,1,04,15,11,062,,16,03,219,,20,03,090,,21,04,144,,0*61
$GAGSV,2,1,06,02,36,221,15,10,34,142,33,11,62,156,27,14,21,088,27,1*73
$GAGSV,2,2,06,16,36,041,42,25,87,032,36,1*7E
$GAGSV,1,1,02,16,36,041,48,25,87,032,37,5*75
$GAGSV,2,1,05,10,34,142,28,11,62,156,27,14,21,088,25,16,36,041,47,7*78
$GAGSV,2,2,05,25,87,032,37,7*4B
$GAGSV,1,1,03,12,11,137,,34,10,309,,36,60,292,,0*47
$GBGSV,3,1,10,12,22,104,23,19,27,075,46,20,15,122,24,22,14,022,21,3*7A
$GBGSV,3,2,10,24,27,233,24,26,51,289,14,29,21,116,33,31,37,252,18,3*71
$GBGSV,3,3,10,35,59,173,25,39,26,001,47,3*71
$GBGSV,3,1,10,12,22,104,35,19,27,075,47,20,15,122,18,22,14,022,24,5*70
$GBGSV,3,2,10,24,27,233,15,26,51,289,20,29,21,116,22,31,37,252,21,5*78
$GBGSV,3,3,10,35,59,173,24,39,26,001,44,5*75
$GBGSV,3,1,10,12,22,104,30,19,27,075,41,20,15,122,21,22,14,022,27,8*77
$GBGSV,3,2,10,24,27,233,28,26,51,289,23,29,21,116,30,31,37,252,17,8*7E
$GBGSV,3,3,10,35,59,173,26,39,26,001,46,8*78
$GBGSV,1,1,01,11,02,109,,0*4C
$GNGLL,3001.74282,S,05112.74997,W,171413.00,A,A*73
$GNRMC,171414.00,A,3001.74282,S,05112.74997,W,0.021,,090926,,,A,V*10
$GNVTG,,T,,M,0.021,N,0.038,K,A*35
$GNGGA,171414.00,3001.74282,S,05112.74997,W,1,12,0.66,48.5,M,4.8,M,,*47
$GNGSA,M,3,12,18,23,25,26,28,29,31,05,,,,1.34,0.66,1.17,1*02
$GNGSA,M,3,16,25,02,10,11,,,,,,,,1.34,0.66,1.17,3*0D
$GNGSA,M,3,12,19,20,22,24,26,29,31,35,39,,,1.34,0.66,1.17,4*07
$GPGSV,3,1,11,05,34,128,43,10,02,342,30,12,16,034,36,13,10,030,19,1*63
$GPGSV,3,2,11,18,68,245,17,23,30,357,45,25,48,019,49,26,30,228,25,1*63
$GPGSV,3,3,11,28,20,297,26,29,57,140,41,31,20,265,21,1*5F
$GPGSV,3,1,10,05,34,128,35,10,02,342,32,12,16,034,23,18,68,245,19,6*66
$GPGSV,3,2,10,23,30,357,41,25,48,019,44,26,30,228,26,28,20,297,15,6*6D
$GPGSV,3,3,10,29,57,140,35,31,20,265,23,6*68
$GPGSV,2,1,07,10,02,342,29,13,10,030,26,18,68,245,27,23,30,357,47,8*61
$GPGSV,2,2,07,25,48,019,53,26,30,228,25,28,20,297,21,8*50
$GPGSV,1,1,04,15,11,062,,16,03,219,,20,03,090,,21,04,144,,0*61
$GAGSV,2,1,06,02,36,221,16,10,34,142,33,11,62,156,27,14,21,088,27,1*70
$GAGSV,2,2,06,16,36,041,42,25,87,032,35,1*7D
$GAGSV,1,1,02,16,36,041,48,25,87,032,37,5*75
$GAGSV,2,1,05,10,34,142,28,11,62,156,27,14,21,088,26,16,36,041,47,7*7B
$GAGSV,2,2,05,25,87,032,37,7*4B
$GAGSV,1,1,03,12,11,137,,34,10,309,,36,60,292,,0*47
$GBGSV,3,1,10,12,22,104,24,19,27,075,46,20,15,122,24,22,14,022,21,3*7D
$GBGSV,3,2,10,24,27,233,24,26,51,289,12,29,21,116,32,31,37,252,19,3*77
$GBGSV,3,3,10,35,59,173,25,39,26,001,47,3*71
$GBGSV,3,1,10,12,22,104,35,19,27,075,47,20,15,122,18,22,14,022,23,5*77
$GBGSV,3,2,10,24,27,233,15,26,51,289,20,29,21,116,22,31,37,252,21,5*78
$GBGSV,3,3,10,35,59,173,25,39,26,001,44,5*74
$GBGSV,3,1,10,12,22,104,30,19,27,075,42,20,15,122,21,22,14,022,27,8*74
$GBGSV,3,2,10,24,27,233,28,26,51,289,24,29,21,116,30,31,37,252,17,8*79
$GBGSV,3,3,10,35,59,173,26,39,26,001,46,8*78
$GBGSV,1,1,01,11,02,109,,0*4C
$GNGLL,3001.74282,S,05112.74997,W,171414.00,A,A*74
$GNRMC,171415.00,A,3001.74283,S,05112.74997,W,0.023,,090926,,,A,V*12
$GNVTG,,T,,M,0.023,N,0.042,K,A*3A
$GNGGA,171415.00,3001.74283,S,05112.74997,W,1,12,0.70,48.5,M,4.8,M,,*40
$GNGSA,M,3,12,18,23,25,26,28,29,31,05,,,,1.36,0.70,1.17,1*07
$GNGSA,M,3,16,25,02,10,11,,,,,,,,1.36,0.70,1.17,3*08
$GNGSA,M,3,12,19,20,22,24,26,29,31,35,39,,,1.36,0.70,1.17,4*02
$GPGSV,3,1,11,05,34,128,43,10,02,342,31,12,16,034,36,13,10,030,19,1*62
$GPGSV,3,2,11,18,68,245,16,23,30,357,45,25,48,019,49,26,30,228,25,1*62
$GPGSV,3,3,11,28,20,297,25,29,57,140,41,31,20,265,21,1*5C
$GPGSV,3,1,10,05,34,128,35,10,02,342,32,12,16,034,23,18,68,245,19,6*66
$GPGSV,3,2,10,23,30,357,41,25,48,019,44,26,30,228,26,28,20,297,14,6*6C
$GPGSV,3,3,10,29,57,140,35,31,20,265,23,6*68
$GPGSV,2,1,07,10,02,342,29,13,10,030,26,18,68,245,27,23,30,357,47,8*61
$GPGSV,2,2,07,25,48,019,53,26,30,228,25,28,20,297,20,8*51
$GPGSV,1,1,04,15,11,062,,16,03,219,,20,03,090,,21,04,144,,0*61
$GAGSV,2,1,06,02,36,221,15,10,33,142,33,11,62,156,27,14,21,088,26,1*75
$GAGSV,2,2,06,16,36,041,42,25,87,032,36,1*7E
$GAGSV,1,1,02,16,36,041,48,25,87,032,37,5*75
$GAGSV,2,1,05,10,33,142,28,11,62,156,27,14,21,088,25,16,36,041,47,7*7F
$GAGSV,2,2,05,25,87,032,37,7*4B
$GAGSV,1,1,03,12,11,137,,34,10,309,,36,60,292,,0*47
$GBGSV,3,1,10,12,22,104,25,19,27,075,46,20,15,122,24,22,14,022,21,3*7C
$GBGSV,3,2,10,24,27,233,25,26,51,289,12,29,21,116,32,31,37,252,20,3*7C
$GBGSV,3,3,10,35,59,173,25,39,26,001,47,3*71
$GBGSV,3,1,10,12,22,104,35,19,27,075,47,20,15,122,19,22,14,022,23,5*76
$GBGSV,3,2,10,24,27,233,15,26,51,289,19,29,21,116,23,31,37,252,21,5*73
$GBGSV,3,3,10,35,59,173,25,39,26,001,44,5*74
$GBGSV,3,1,10,12,22,104,30,19,27,075,42,20,15,122,21,22,14,022,27,8*74
$GBGSV,3,2,10,24,27,233,28,26,51,289,25,29,21,116,30,31,37,252,18,8*77
$GBGSV,3,3,10,35,59,173,27,39,26,001,46,8*79
$GBGSV,1,1,01,11,02,109,,0*4C
$GNGLL,3001.74283,S,05112.74997,W,171415.00,A,A*74
$GNRMC,171416.00,A,3001.74283,S,05112.74996,W,0.004,,090926,,,A,V*15
$GNVTG,,T,,M,0.004,N,0.008,K,A*31
$GNGGA,171416.00,3001.74283,S,05112.74996,W,1,12,0.70,48.5,M,4.8,M,,*42
$GNGSA,M,3,12,18,23,25,26,28,29,31,05,,,,1.36,0.70,1.17,1*07
$GNGSA,M,3,16,25,02,10,11,,,,,,,,1.36,0.70,1.17,3*08
$GNGSA,M,3,12,19,20,22,24,26,29,31,35,39,,,1.36,0.70,1.17,4*02
$GPGSV,3,1,11,05,34,128,43,10,02,342,31,12,16,034,36,13,10,030,19,1*62
$GPGSV,3,2,11,18,68,245,16,23,30,357,45,25,48,019,49,26,30,228,24,1*63
$GPGSV,3,3,11,28,20,297,25,29,57,140,42,31,20,265,21,1*5F
$GPGSV,3,1,10,05,34,128,36,10,02,342,32,12,16,034,23,18,68,245,19,6*65
$GPGSV,3,2,10,23,30,357,41,25,48,019,44,26,30,228,26,28,20,297,13,6*6B
$GPGSV,3,3,10,29,57,140,35,31,20,265,23,6*68
$GPGSV,2,1,07,10,02,342,29,13,10,030,26,18,68,245,27,23,30,357,47,8*61
$GPGSV,2,2,07,25,48,019,53,26,30,228,26,28,20,297,20,8*52
$GPGSV,1,1,04,15,11,062,,16,03,219,,20,03,090,,21,04,144,,0*61
$GAGSV,2,1,06,02,36,221,15,10,33,142,33,11,61,155,27,14,21,088,27,1*74
$GAGSV,2,2,06,16,36,041,42,25,87,032,35,1*7D
$GAGSV,1,1,02,16,36,041,48,25,87,032,37,5*75
$GAGSV,2,1,05,10,33,142,28,11,61,155,27,14,21,088,26,16,36,041,47,7*7C
$GAGSV,2,2,05,25,87,032,37,7*4B
$GAGSV,1,1,03,12,11,137,,34,10,309,,36,60,292,,0*47
$GBGSV,3,1,10,12,22,104,25,19,27,075,46,20,15,122,23,22,14,022,22,3*78
$GBGSV,3,2,10,24,27,233,24,26,51,289,09,29,21,116,32,31,37,252,20,3*77
$GBGSV,3,3,10,35,59,173,25,39,26,001,47,3*71
$GBGSV,3,1,10,12,22,104,35,19,27,075,47,20,15,122,19,22,14,022,23,5*76
$GBGSV,3,2,10,24,27,233,15,26,51,289,19,29,21,116,24,31,37,252,20,5*75
$GBGSV,3,3,10,35,59,173,24,39,26,001,44,5*75
$GBGSV,3,1,10,12,22,104,30,19,27,075,42,20,15,122,21,22,14,022,27,8*74
$GBGSV,3,2,10,24,27,233,28,26,51,289,25,29,21,116,30,31,37,252,17,8*78
$GBGSV,3,3,10,35,59,173,27,39,26,001,46,8*79
$GBGSV,1,1,01,11,02,109,,0*4C
$GNGLL,3001.74283,S,05112.74996,W,171416.00,A,A*76
$GNRMC,171417.00,A,3001.74283,S,05112.74996,W,0.010,,090926,,,A,V*11
$GNVTG,,T,,M,0.010,N,0.019,K,A*34
$GNGGA,171417.00,3001.74283,S,05112.74996,W,1,12,0.77,48.5,M,4.8,M,,*44
$GNGSA,M,3,12,18,23,25,26,28,29,31,05,,,,1.40,0.77,1.18,1*0E
$GNGSA,M,3,16,25,10,11,,,,,,,,,1.40,0.77,1.18,3*03
$GNGSA,M,3,12,19,20,22,24,26,29,31,35,39,,,1.40,0.77,1.18,4*0B
$GPGSV,3,1,11,05,34,128,43,10,02,342,31,12,16,034,36,13,10,030,18,1*63
$GPGSV,3,2,11,18,68,245,18,23,30,357,45,25,48,019,49,26,30,228,25,1*6C
$GPGSV,3,3,11,28,20,297,24,29,57,140,42,31,20,265,22,1*5D
$GPGSV,3,1,10,05,34,128,36,10,02,342,32,12,16,034,23,18,68,245,20,6*6F
$GPGSV,3,2,10,23,30,357,41,25,48,019,44,26,30,228,25,28,20,297,12,6*69
$GPGSV,3,3,10,29,57,140,35,31,20,265,23,6*68
$GPGSV,2,1,07,10,02,342,29,13,10,030,26,18,68,245,27,23,30,357,47,8*61
$GPGSV,2,2,07,25,48,019,53,26,30,228,26,28,20,297,20,8*52
$GPGSV,1,1,04,15,11,062,,16,03,219,,20,03,090,,21,04,144,,0*61
$GAGSV,2,1,06,02,36,221,14,10,33,142,33,11,61,155,27,14,21,088,27,1*75
$GAGSV,2,2,06,16,36,041,42,25,87,032,36,1*7E
$GAGSV,1,1,02,16,36,041,48,25,87,032,37,5*75
$GAGSV,2,1,05,10,33,142,28,11,61,155,27,14,21,088,26,16,36,041,47,7*7C
$GAGSV,2,2,05,25,87,032,37,7*4B
$GAGSV,1,1,03,12,11,137,,34,10,309,,36,60,292,,0*47
$GBGSV,3,1,10,12,22,104,25,19,27,075,46,20,15,122,23,22,14,022,22,3*78
$GBGSV,3,2,10,24,27,233,25,26,51,289,12,29,21,116,32,31,37,252,20,3*7C
$GBGSV,3,3,10,35,59,173,26,39,26,001,47,3*72
$GBGSV,3,1,10,12,22,104,35,19,27,075,47,20,15,122,18,22,14,022,23,5*77
$GBGSV,3,2,10,24,27,233,15,26,51,289,19,29,21,116,24,31,37,252,20,5*75
$GBGSV,3,3,10,35,59,173,25,39,26,001,44,5*74
$GBGSV,3,1,10,12,22,104,30,19,27,075,42,20,15,122,21,22,14,022,27,8*74
$GBGSV,3,2,10,24,27,233,28,26,51,289,25,29,21,116,30,31,37,252,16,8*79
$GBGSV,3,3,10,35,59,173,27,39,26,001,45,8*7A
$GBGSV,1,1,01,11,02,109,,0*4C
$GNGLL,3001.74283,S,05112.74996,W,171417.00,A,A*77
$GNRMC,171418.00,A,3001.74283,S,05112.74995,W,0.010,,090926,,,A,V*1D
$GNVTG,,T,,M,0.010,N,0.018,K,A*35
$GNGGA,171418.00,3001.74283,S,05112.74995,W,1,12,0.69,48.5,M,4.8,M,,*47
$GNGSA,M,3,12,18,23,25,26,28,29,31,05,,,,1.32,0.69,1.13,1*0F
$GNGSA,M,3,16,25,02,10,11,,,,,,,,1.32,0.69,1.13,3*00
$GNGSA,M,3,12,19,20,22,24,26,29,31,35,39,,,1.32,0.69,1.13,4*0A
$GPGSV,3,1,11,05,34,128,43,10,02,342,31,12,16,034,36,13,10,030,19,1*62
$GPGSV,3,2,11,18,68,245,18,23,30,357,45,25,48,019,49,26,30,228,25,1*6C
$GPGSV,3,3,11,28,20,297,24,29,57,140,42,31,20,265,22,1*5D
$GPGSV,3,1,10,05,34,128,36,10,02,342,32,12,16,034,22,18,68,245,20,6*6E
$GPGSV,3,2,10,23,30,357,41,25,48,019,44,26,30,228,25,28,20,297,09,6*63
$GPGSV,3,3,10,29,57,140,35,31,20,265,23,6*68
$GPGSV,2,1,07,10,02,342,30,13,10,030,26,18,68,245,27,23,30,357,47,8*69
$GPGSV,2,2,07,25,48,019,53,26,30,228,26,28,20,297,19,8*58
$GPGSV,1,1,04,15,11,062,,16,03,219,,20,03,090,,21,04,144,,0*61
$GAGSV,2,1,06,02,36,221,15,10,33,142,33,11,61,155,27,14,21,088,26,1*75
$GAGSV,2,2,06,16,36,041,42,25,87,032,35,1*7D
$GAGSV,1,1,02,16,36,041,48,25,87,032,37,5*75
$GAGSV,2,1,05,10,33,142,28,11,61,155,27,14,21,088,26,16,36,041,47,7*7C
$GAGSV,2,2,05,25,87,032,37,7*4B
$GAGSV,1,1,03,12,11,137,,34,10,309,,36,60,292,,0*47
$GBGSV,3,1,10,12,22,104,25,19,27,075,46,20,15,122,23,22,14,022,21,3*7B
$GBGSV,3,2,10,24,27,233,24,26,51,289,13,29,21,116,32,31,37,252,20,3*7C
$GBGSV,3,3,10,35,59,173,26,39,26,001,47,3*72
$GBGSV,3,1,10,12,22,104,35,19,27,075,47,20,15,122,17,22,14,022,23,5*78
$GBGSV,3,2,10,24,27,233,16,26,51,289,19,29,21,116,25,31,37,252,20,5*77
$GBGSV,3,3,10,35,59,173,25,39,26,001,44,5*74
$GBGSV,3,1,10,12,22,104,30,19,27,075,42,20,15,122,21,22,14,022,27,8*74
$GBGSV,3,2,10,24,27,233,28,26,51,289,26,29,21,116,30,31,37,252,16,8*7A
$GBGSV,3,3,10,35,59,173,27,39,26,001,45,8*7A
$GBGSV,1,1,01,11,02,109,,0*4C
$GNGLL,3001.74283,S,05112.74995,W,171418.00,A,A*7B
$GNRMC,171419.00,A,3001.74282,S,05112.74994,W,0.025,,090926,,,A,V*1A
$GNVTG,,T,,M,0.025,N,0.047,K,A*39
$GNGGA,171419.00,3001.74282,S,05112.74994,W,1,12,0.77,48.5,M,4.8,M,,*49
$GNGSA,M,3,12,18,23,25,26,28,29,31,05,,,,1.40,0.77,1.18,1*0E
$GNGSA,M,3,16,25,10,11,,,,,,,,,1.40,0.77,1.18,3*03
$GNGSA,M,3,12,19,20,22,24,26,29,31,35,39,,,1.40,0.77,1.18,4*0B
$GPGSV,3,1,11,05,34,128,43,10,02,342,31,12,16,034,37,13,10,030,19,1*63
$GPGSV,3,2,11,18,68,245,18,23,30,357,45,25,48,019,49,26,30,228,25,1*6C
$GPGSV,3,3,11,28,20,297,23,29,57,140,42,31,20,265,22,1*5A
$GPGSV,3,1,09,05,34,128,36,10,02,342,32,12,16,034,22,18,68,245,20,6*66
$GPGSV,3,2,09,23,30,357,41,25,48,019,44,26,30,228,25,29,57,140,35,6*6C
$GPGSV,3,3,09,31,20,265,23,6*5A
$GPGSV,2,1,07,10,02,342,30,13,10,030,26,18,68,245,27,23,30,357,47,8*69
$GPGSV,2,2,07,25,48,019,53,26,30,228,26,28,20,297,19,8*58
$GPGSV,1,1,04,15,11,062,,16,03,219,,20,03,090,,21,04,144,,0*61
$GAGSV,2,1,06,02,36,221,14,10,33,142,33,11,61,155,27,14,20,087,26,1*7A
$GAGSV,2,2,06,16,36,041,42,25,87,032,36,1*7E
$GAGSV,1,1,02,16,36,041,48,25,87,032,37,5*75
$GAGSV,2,1,05,10,33,142,28,11,61,155,27,14,20,087,26,16,36,041,47,7*72
$GAGSV,2,2,05,25,87,032,37,7*4B
$GAGSV,1,1,03,12,11,137,,34,10,309,,36,60,292,,0*47
$GBGSV,3,1,10,12,22,104,25,19,27,075,46,20,15,122,22,22,14,022,21,3*7A
$GBGSV,3,2,10,24,27,233,24,26,51,289,14,29,21,116,32,31,37,252,20,3*7B
$GBGSV,3,3,10,35,59,173,25,39,26,001,47,3*71
$GBGSV,3,1,10,12,22,104,35,19,27,075,47,20,15,122,17,22,14,022,23,5*78
$GBGSV,3,2,10,24,27,233,15,26,51,289,19,29,21,116,25,31,37,252,20,5*74
$GBGSV,3,3,10,35,59,173,25,39,26,001,44,5*74
$GBGSV,3,1,10,12,22,104,29,19,27,075,42,20,15,122,20,22,14,022,27,8*7D
$GBGSV,3,2,10,24,27,233,28,26,51,289,25,29,21,116,30,31,37,252,16,8*79
$GBGSV,3,3,10,35,59,173,26,39,26,001,45,8*7B
$GBGSV,1,1,01,11,02,109,,0*4C
$GNGLL,3001.74282,S,05112.74994,W,171419.00,A,A*7A
$GNRMC,171420.00,A,3001.74282,S,05112.74994,W,0.020,,090926,,,A,V*15
$GNVTG,,T,,M,0.020,N,0.037,K,A*3B
$GNGGA,171420.00,3001.74282,S,05112.74994,W,1,12,0.77,48.5,M,4.8,M,,*43
$GNGSA,M,3,12,18,23,25,26,28,29,31,05,,,,1.40,0.77,1.18,1*0E
$GNGSA,M,3,16,25,10,11,,,,,,,,,1.40,0.77,1.18,3*03
$GNGSA,M,3,12,19,20,22,24,26,29,31,35,39,,,1.40,0.77,1.18,4*0B
$GPGSV,3,1,11,05,34,128,43,10,02,342,31,12,16,034,36,13,10,030,20,1*68
$GPGSV,3,2,11,18,68,245,18,23,30,357,45,25,48,019,49,26,30,228,25,1*6C
$GPGSV,3,3,11,28,20,297,23,29,57,140,42,31,20,265,22,1*5A
$GPGSV,3,1,09,05,34,128,36,10,02,342,32,12,16,034,22,18,68,245,20,6*66
$GPGSV,3,2,09,23,30,357,41,25,48,019,44,26,30,228,25,29,57,140,35,6*6C
$GPGSV,3,3,09,31,20,265,24,6*5D
$GPGSV,2,1,07,10,02,342,29,13,10,030,26,18,68,245,27,23,30,357,47,8*61
$GPGSV,2,2,07,25,48,019,53,26,30,228,26,28,20,297,19,8*58
$GPGSV,1,1,04,15,11,062,,16,03,219,,20,03,090,,21,04,144,,0*61
$GAGSV,2,1,06,02,36,221,13,10,33,142,33,11,61,155,27,14,20,087,26,1*7D
$GAGSV,2,2,06,16,36,041,42,25,87,032,35,1*7D
$GAGSV,1,1,02,16,36,041,48,25,87,032,37,5*75
$GAGSV,2,1,05,10,33,142,28,11,61,155,27,14,20,087,26,16,36,041,47,7*72
$GAGSV,2,2,05,25,87,032,37,7*4B
$GAGSV,1,1,03,12,11,137,,34,10,309,,36,60,292,,0*47
$GBGSV,3,1,10,12,22,104,25,19,27,075,46,20,15,122,22,22,14,022,22,3*79
$GBGSV,3,2,10,24,27,233,24,26,51,289,12,29,21,116,32,31,37,252,21,3*7C
$GBGSV,3,3,10,35,59,173,25,39,26,001,47,3*71
$GBGSV,3,1,10,12,22,104,35,19,27,075,47,20,15,122,17,22,14,022,23,5*78
$GBGSV,3,2,10,24,27,233,14,26,51,289,19,29,21,116,25,31,37,252,20,5*75
$GBGSV,3,3,10,35,59,173,25,39,26,001,44,5*74
$GBGSV,3,1,10,12,22,104,29,19,27,075,42,20,15,122,21,22,14,022,27,8*7C
$GBGSV,3,2,10,24,27,233,28,26,51,289,25,29,21,116,31,31,37,252,17,8*79
$GBGSV,3,3,10,35,59,173,26,39,26,001,46,8*78
$GBGSV,1,1,01,11,02,109,,0*4C
$GNGLL,3001.74282,S,05112.74994,W,171420.00,A,A*70
$GNRMC,171421.00,A,3001.74282,S,05112.74993,W,0.009,,090926,,,A,V*18
$GNVTG,,T,,M,0.009,N,0.017,K,A*32
$GNGGA,171421.00,3001.74282,S,05112.74993,W,1,12,0.73,48.5,M,4.8,M,,*41
$GNGSA,M,3,12,18,23,25,26,28,29,31,05,,,,1.38,0.73,1.18,1*05
$GNGSA,M,3,16,25,10,11,,,,,,,,,1.38,0.73,1.18,3*08
$GNGSA,M,3,12,19,20,22,24,26,29,31,35,39,,,1.38,0.73,1.18,4*00
$GPGSV,3,1,11,05,34,128,43,10,02,342,31,12,16,034,36,13,10,030,20,1*68
$GPGSV,3,2,11,18,68,245,18,23,30,357,45,25,48,019,49,26,30,228,25,1*6C
$GPGSV,3,3,11,28,20,297,22,29,57,140,42,31,20,265,22,1*5B
$GPGSV,3,1,09,05,34,128,36,10,02,342,32,12,16,034,22,18,68,245,20,6*66
$GPGSV,3,2,09,23,30,357,41,25,48,019,44,26,30,228,24,29,57,140,35,6*6D
$GPGSV,3,3,09,31,20,265,24,6*5D
$GPGSV,2,1,07,10,02,342,29,13,10,030,26,18,68,245,27,23,30,357,47,8*61
$GPGSV,2,2,07,25,48,019,53,26,30,228,26,28,20,297,19,8*58
$GPGSV,1,1,04,15,11,062,,16,03,219,,20,03,090,,21,04,144,,0*61
$GAGSV,2,1,06,02,36,221,13,10,33,142,33,11,61,155,27,14,20,087,26,1*7D
$GAGSV,2,2,06,16,35,040,42,25,87,032,36,1*7C
$GAGSV,1,1,02,16,35,040,48,25,87,032,37,5*77
$GAGSV,2,1,05,10,33,142,28,11,61,155,27,14,20,087,26,16,35,040,47,7*70
$GAGSV,2,2,05,25,87,032,37,7*4B
$GAGSV,1,1,03,12,11,137,,34,10,309,,36,60,292,,0*47
$GBGSV,3,1,10,12,22,104,25,19,27,075,46,20,15,122,22,22,14,022,22,3*79
$GBGSV,3,2,10,24,27,233,24,26,51,289,12,29,21,116,32,31,37,252,21,3*7C
$GBGSV,3,3,10,35,59,173,25,39,26,001,47,3*71
$GBGSV,3,1,10,12,22,104,35,19,27,075,47,20,15,122,18,22,14,022,22,5*76
$GBGSV,3,2,10,24,27,233,15,26,51,289,19,29,21,116,25,31,37,252,20,5*74
$GBGSV,3,3,10,35,59,173,25,39,26,001,44,5*74
$GBGSV,3,1,10,12,22,104,28,19,27,075,42,20,15,122,20,22,14,022,27,8*7C
$GBGSV,3,2,10,24,27,233,28,26,51,289,26,29,21,116,31,31,37,252,18,8*75
$GBGSV,3,3,10,35,59,173,26,39,26,001,45,8*7B
$GBGSV,1,1,01,11,02,109,,0*4C
$GNGLL,3001.74282,S,05112.74993,W,171421.00,A,A*76
$GNRMC,171422.00,A,3001.74282,S,05112.74992,W,0.012,,090926,,,A,V*10
$GNVTG,,T,,M,0.012,N,0.022,K,A*3E
$GNGGA,171422.00,3001.74282,S,05112.74992,W,1,12,0.73,48.5,M,4.8,M,,*43
$GNGSA,M,3,12,18,23,25,26,28,29,31,05,,,,1.38,0.73,1.18,1*05
$GNGSA,M,3,16,25,10,11,,,,,,,,,1.38,0.73,1.18,3*08
$GNGSA,M,3,12,19,20,22,24,26,29,31,35,39,,,1.38,0.73,1.18,4*00
$GPGSV,3,1,12,05,34,128,43,10,02,342,31,12,16,034,36,13,10,030,20,1*6B
$GPGSV,3,2,12,18,68,245,17,23,30,357,45,25,48,019,49,26,30,228,25,1*60
$GPGSV,3,3,12,26,30,228,25,28,20,297,21,29,57,140,42,31,20,265,22,1*63
$GPGSV,3,1,09,05,34,128,36,10,02,342,33,12,16,034,21,18,68,245,20,6*64
$GPGSV,3,2,09,23,30,357,41,25,48,019,44,26,30,228,24,29,57,140,35,6*6D
$GPGSV,3,3,09,31,20,265,24,6*5D
$GPGSV,2,1,07,10,02,342,29,13,10,030,26,18,68,245,27,23,30,357,47,8*61
$GPGSV,2,2,07,25,48,019,53,26,30,228,25,28,20,297,20,8*51
$GPGSV,1,1,04,15,11,062,,16,03,219,,20,03,090,,21,04,144,,0*61
$GAGSV,2,1,06,02,36,221,12,10,33,142,33,11,61,155,27,14,20,087,26,1*7C
$GAGSV,2,2,06,16,35,040,42,25,87,032,36,1*7C
$GAGSV,1,1,02,16,35,040,48,25,87,032,37,5*77
$GAGSV,2,1,05,10,33,142,28,11,61,155,27,14,20,087,27,16,35,040,47,7*71
$GAGSV,2,2,05,25,87,032,37,7*4B
$GAGSV,1,1,03,12,11,137,,34,10,309,,36,60,292,,0*47
$GBGSV,3,1,10,12,22,104,25,19,27,075,46,20,15,122,22,22,14,022,22,3*79
$GBGSV,3,2,10,24,27,233,23,26,51,289,15,29,21,116,32,31,37,252,22,3*7F
$GBGSV,3,3,10,35,59,173,26,39,26,001,47,3*72
$GBGSV,3,1,10,12,22,104,35,19,27,075,47,20,15,122,18,22,14,022,23,5*77
$GBGSV,3,2,10,24,27,233,15,26,51,289,19,29,21,116,25,31,37,252,19,5*7E
$GBGSV,3,3,10,35,59,173,25,39,26,001,44,5*74
$GBGSV,3,1,10,12,22,104,28,19,27,075,42,20,15,122,20,22,14,022,27,8*7C
$GBGSV,3,2,10,24,27,233,28,26,51,289,25,29,21,116,31,31,37,252,18,8*76
$GBGSV,3,3,10,35,59,173,27,39,26,001,45,8*7A
$GBGSV,1,1,01,11,02,109,,0*4C
$GNGLL,3001.74282,S,05112.74992,W,171422.00,A,A*74
$GNRMC,171423.00,A,3001.74281,S,05112.74991,W,0.015,,090926,,,A,V*16
$GNVTG,,T,,M,0.015,N,0.027,K,A*3C
$GNGGA,171423.00,3001.74281,S,05112.74991,W,1,12,0.77,48.5,M,4.8,M,,*46
$GNGSA,M,3,12,18,23,25,26,28,29,31,05,,,,1.40,0.77,1.18,1*0E
$GNGSA,M,3,16,25,10,11,,,,,,,,,1.40,0.77,1.18,3*03
$GNGSA,M,3,12,19,20,22,24,26,29,31,35,39,,,1.40,0.77,1.18,4*0B
$GPGSV,3,1,11,05,34,128,43,10,02,342,31,12,16,034,36,13,10,030,20,1*68
$GPGSV,3,2,11,18,68,245,17,23,30,357,45,25,48,019,49,26,30,228,25,1*63
$GPGSV,3,3,11,28,20,297,20,29,57,140,42,31,20,265,22,1*59
$GPGSV,3,1,09,05,34,128,36,10,02,342,33,12,16,034,21,18,68,245,21,6*65
$GPGSV,3,2,09,23,30,357,41,25,48,019,44,26,30,228,24,29,57,140,35,6*6D
$GPGSV,3,3,09,31,20,265,23,6*5A
$GPGSV,2,1,07,10,02,342,29,13,10,030,26,18,68,245,28,23,30,357,47,8*6E
$GPGSV,2,2,07,25,48,019,53,26,30,228,25,28,20,297,20,8*51
$GPGSV,1,1,04,15,11,062,,16,03,219,,20,03,090,,21,04,144,,0*61
$GAGSV,2,1,06,02,36,221,13,10,33,142,33,11,61,155,27,14,20,087,26,1*7D
$GAGSV,2,2,06,16,35,040,42,25,87,032,35,1*7F
$GAGSV,1,1,02,16,35,040,48,25,87,032,37,5*77
$GAGSV,2,1,05,10,33,142,28,11,61,155,27,14,20,087,26,16,35,040,47,7*70
$GAGSV,2,2,05,25,87,032,37,7*4B
$GAGSV,1,1,03,12,11,137,,34,10,309,,36,60,292,,0*47
$GBGSV,3,1,10,12,22,104,25,19,27,075,46,20,15,122,20,22,14,022,21,3*78
$GBGSV,3,2,10,24,27,233,24,26,51,289,12,29,21,116,32,31,37,252,22,3*7F
$GBGSV,3,3,10,35,59,173,26,39,26,001,47,3*72
$GBGSV,3,1,10,12,22,104,35,19,27,075,47,20,15,122,18,22,14,022,22,5*76
$GBGSV,3,2,10,24,27,233,16,26,51,289,19,29,21,116,26,31,37,252,20,5*74
$GBGSV,3,3,10,35,59,173,25,39,26,001,44,5*74
$GBGSV,3,1,10,12,22,104,27,19,27,075,42,20,15,122,20,22,14,022,27,8*73
$GBGSV,3,2,10,24,27,233,29,26,51,289,25,29,21,116,31,31,37,252,18,8*77
$GBGSV,3,3,10,35,59,173,27,39,26,001,46,8*79
$GBGSV,1,1,01,11,02,109,,0*4C
$GNGLL,3001.74281,S,05112.74991,W,171423.00,A,A*75
$GNRMC,171424.00,A,3001.74281,S,05112.74991,W,0.018,,090926,,,A,V*1C
$GNVTG,,T,,M,0.018,N,0.034,K,A*33
$GNGGA,171424.00,3001.74281,S,05112.74991,W,1,12,0.73,48.5,M,4.8,M,,*45
$GNGSA,M,3,12,18,23,25,26,28,29,31,05,,,,1.38,0.73,1.18,1*05
$GNGSA,M,3,16,25,10,11,,,,,,,,,1.38,0.73,1.18,3*08
$GNGSA,M,3,12,19,20,22,24,26,29,31,35,39,,,1.38,0.73,1.18,4*00
$GPGSV,3,1,11,05,34,128,43,10,02,342,31,12,16,034,36,13,10,030,19,1*62
$GPGSV,3,2,11,18,68,245,16,23,30,357,45,25,48,019,49,26,30,228,26,1*61
$GPGSV,3,3,11,28,20,297,20,29,57,140,42,31,20,265,23,1*58
$GPGSV,3,1,09,05,34,128,36,10,02,342,33,12,16,034,21,18,68,245,21,6*65
$GPGSV,3,2,09,23,30,357,41,25,48,019,44,26,30,228,23,29,57,140,35,6*6A
$GPGSV,3,3,09,31,20,265,23,6*5A
$GPGSV,2,1,07,10,02,342,30,13,10,030,26,18,68,245,28,23,30,357,47,8*66
$GPGSV,2,2,07,25,48,019,53,26,30,228,25,28,20,297,19,8*5B
$GPGSV,1,1,04,15,11,062,,16,03,219,,20,03,090,,21,04,144,,0*61
$GAGSV,2,1,06,02,36,221,12,10,33,142,33,11,61,155,27,14,20,087,26,1*7C
$GAGSV,2,2,06,16,35,040,42,25,87,032,35,1*7F
$GAGSV,1,1,02,16,35,040,48,25,87,032,37,5*77
$GAGSV,2,1,05,10,33,142,28,11,61,155,27,14,20,087,26,16,35,040,47,7*70
$GAGSV,2,2,05,25,87,032,37,7*4B
$GAGSV,1,1,03,12,11,137,,34,10,309,,36,60,292,,0*47
$GBGSV,3,1,10,12,22,104,24,19,27,075,46,20,15,122,20,22,14,022,21,3*79
$GBGSV,3,2,10,24,27,233,24,26,51,289,15,29,21,116,32,31,37,252,22,3*78
$GBGSV,3,3,10,35,59,173,25,39,26,001,47,3*71
$GBGSV,3,1,10,12,22,104,35,19,27,075,47,20,15,122,19,22,14,022,22,5*77
$GBGSV,3,2,10,24,27,233,15,26,51,289,20,29,21,116,26,31,37,252,20,5*7D
$GBGSV,3,3,10,35,59,173,26,39,26,001,44,5*77
$GBGSV,3,1,10,12,22,104,27,19,27,075,42,20,15,122,20,22,14,022,28,8*7C
$GBGSV,3,2,10,24,27,233,29,26,51,289,25,29,21,116,31,31,37,252,18,8*77
$GBGSV,3,3,10,35,59,173,26,39,26,001,45,8*7B
$GBGSV,1,1,01,11,02,109,,0*4C
$GNGLL,3001.74281,S,05112.74991,W,171424.00,A,A*72
$GNRMC,171425.00,A,3001.74280,S,05112.74990,W,0.004,,090926,,,A,V*10
$GNVTG,,T,,M,0.004,N,0.007,K,A*3E
$GNGGA,171425.00,3001.74280,S,05112.74990,W,1,12,0.73,48.5,M,4.8,M,,*44
$GNGSA,M,3,12,18,23,25,26,28,29,31,05,,,,1.38,0.73,1.18,1*05
$GNGSA,M,3,16,25,10,11,,,,,,,,,1.38,0.73,1.18,3*08
$GNGSA,M,3,12,19,20,22,24,26,29,31,35,39,,,1.38,0.73,1.18,4*00
$GPGSV,3,1,11,05,34,128,43,10,02,342,30,12,16,034,36,13,10,030,19,1*63
$GPGSV,3,2,11,18,68,245,15,23,30,357,45,25,48,019,49,26,30,228,25,1*61
$GPGSV,3,3,11,28,20,297,19,29,57,140,42,31,20,265,22,1*53
$GPGSV,3,1,09,05,34,128,36,10,02,342,33,12,16,034,21,18,68,245,21,6*65
$GPGSV,3,2,09,23,30,357,41,25,48,019,44,26,30,228,23,29,57,140,35,6*6A
$GPGSV,3,3,09,31,20,265,23,6*5A
$GPGSV,2,1,07,10,02,342,30,13,10,030,26,18,68,245,28,23,30,357,47,8*66
$GPGSV,2,2,07,25,48,019,53,26,30,228,25,28,20,297,19,8*5B
$GPGSV,1,1,04,15,11,062,,16,03,219,,20,03,090,,21,04,144,,0*61
$GAGSV,2,1,06,02,36,221,12,10,33,142,33,11,61,155,27,14,20,087,25,1*7F
$GAGSV,2,2,06,16,35,040,42,25,86,031,36,1*7E
$GAGSV,1,1,02,16,35,040,48,25,86,031,37,5*75
$GAGSV,2,1,05,10,33,142,28,11,61,155,27,14,20,087,26,16,35,040,47,7*70
$GAGSV,2,2,05,25,86,031,37,7*49
$GAGSV,1,1,03,12,11,137,,34,10,309,,36,60,292,,0*47
$GBGSV,3,1,10,12,22,104,24,19,27,075,46,20,15,122,20,22,14,022,21,3*79
$GBGSV,3,2,10,24,27,233,24,26,51,289,15,29,21,116,32,31,37,252,22,3*78
$GBGSV,3,3,10,35,59,173,25,39,26,001,47,3*71
$GBGSV,3,1,10,12,22,104,35,19,27,075,47,20,15,122,18,22,14,022,22,5*76
$GBGSV,3,2,10,24,27,233,15,26,51,289,20,29,21,116,26,31,37,252,20,5*7D
$GBGSV,3,3,10,35,59,173,26,39,26,001,44,5*77
$GBGSV,3,1,10,12,22,104,26,19,27,075,42,20,15,122,20,22,14,022,28,8*7D
$GBGSV,3,2,10,24,27,233,29,26,51,289,25,29,21,116,31,31,37,252,18,8*77
$GBGSV,3,3,10,35,59,173,26,39,26,001,46,8*78
$GBGSV,1,1,01,11,02,109,,0*4C
$GNGLL,3001.74280,S,05112.74990,W,171425.00,A,A*73
$GNRMC,171426.00,A,3001.74280,S,05112.74989,W,0.006,,090926,,,A,V*19
$GNVTG,,T,,M,0.006,N,0.010,K,A*3A
$GNGGA,171426.00,3001.74280,S,05112.74989,W,1,12,0.77,48.5,M,4.8,M,,*4B
$GNGSA,M,3,12,18,23,25,26,28,29,31,05,,,,1.40,0.77,1.18,1*0E
$GNGSA,M,3,16,25,36,10,11,,,,,,,,1.40,0.77,1.18,3*06
$GNGSA,M,3,12,19,20,22,24,26,29,31,35,39,,,1.40,0.77,1.18,4*0B
$GPGSV,3,1,11,05,34,128,43,10,02,342,31,12,16,034,36,13,10,030,19,1*62
$GPGSV,3,2,11,18,68,245,16,23,30,357,45,25,48,019,49,26,30,228,26,1*61
$GPGSV,3,3,11,28,20,297,19,29,57,140,42,31,20,265,23,1*52
$GPGSV,3,1,09,05,34,128,36,10,02,342,32,12,16,034,21,18,68,245,21,6*64
$GPGSV,3,2,09,23,30,357,41,25,48,019,44,26,30,228,22,29,57,140,35,6*6B
$GPGSV,3,3,09,31,20,265,23,6*5A
$GPGSV,2,1,07,10,02,342,30,13,10,030,26,18,68,245,28,23,30,357,47,8*66
$GPGSV,2,2,07,25,48,019,53,26,30,228,25,28,20,297,20,8*51
$GPGSV,1,1,04,15,11,062,,16,03,219,,20,03,090,,21,04,144,,0*61
$GAGSV,2,1,06,02,36,221,11,10,33,142,33,11,61,155,27,14,20,087,25,1*7C
$GAGSV,2,2,06,16,35,040,42,25,86,031,36,1*7E
$GAGSV,1,1,02,16,35,040,48,25,86,031,37,5*75
$GAGSV,2,1,06,10,33,142,28,11,61,155,27,14,20,087,26,16,35,040,47,7*73
$GAGSV,2,2,06,25,86,031,37,36,60,292,20,7*72
$GAGSV,1,1,02,12,11,137,,34,10,309,,0*7C
$GBGSV,3,1,10,12,22,104,24,19,27,075,46,20,15,122,20,22,14,022,21,3*79
$GBGSV,3,2,10,24,27,233,24,26,51,289,13,29,21,116,32,31,37,252,22,3*7E
$GBGSV,3,3,10,35,59,173,26,39,26,001,47,3*72
$GBGSV,3,1,10,12,22,104,35,19,27,075,47,20,15,122,17,22,14,022,21,5*7A
$GBGSV,3,2,10,24,27,233,17,26,51,289,20,29,21,116,26,31,37,252,20,5*7F
$GBGSV,3,3,10,35,59,173,25,39,26,001,44,5*74
$GBGSV,3,1,10,12,22,104,25,19,27,075,42,20,15,122,21,22,14,022,27,8*70
$GBGSV,3,2,10,24,27,233,29,26,51,289,25,29,21,116,31,31,37,252,18,8*77
$GBGSV,3,3,10,35,59,173,26,39,26,001,46,8*78
$GBGSV,1,1,01,11,02,109,,0*4C
$GNGLL,3001.74280,S,05112.74989,W,171426.00,A,A*78
$GNRMC,171427.00,A,3001.74281,S,05112.74988,W,0.017,,090926,,,A,V*18
$GNVTG,,T,,M,0.017,N,0.031,K,A*39
$GNGGA,171427.00,3001.74281,S,05112.74988,W,1,12,0.73,48.5,M,4.8,M,,*4E
$GNGSA,M,3,12,18,23,25,26,29,31,05,,,,,1.38,0.73,1.18,1*0F
$GNGSA,M,3,16,25,10,11,,,,,,,,,1.38,0.73,1.18,3*08
$GNGSA,M,3,12,19,20,22,24,26,29,31,35,39,,,1.38,0.73,1.18,4*00
$GPGSV,3,1,10,05,34,128,43,10,02,342,31,12,16,034,36,13,10,030,19,1*63
$GPGSV,3,2,10,18,68,245,15,23,30,357,46,25,48,019,49,26,30,228,26,1*60
$GPGSV,3,3,10,29,57,140,42,31,20,265,23,1*6F
$GPGSV,3,1,09,05,34,128,36,10,02,342,32,12,16,034,21,18,68,245,21,6*64
$GPGSV,3,2,09,23,30,357,41,25,48,019,44,26,30,228,21,29,57,140,35,6*68
$GPGSV,3,3,09,31,20,265,23,6*5A
$GPGSV,2,1,07,10,02,342,29,13,10,030,26,18,68,245,28,23,30,357,47,8*6E
$GPGSV,2,2,07,25,48,019,53,26,30,228,26,28,20,297,20,8*52
$GPGSV,1,1,04,15,11,062,,16,03,219,,20,03,090,,21,04,144,,0*61
$GAGSV,2,1,06,02,36,221,10,10,33,142,33,11,61,155,27,14,20,087,26,1*7E
$GAGSV,2,2,06,16,35,040,42,25,86,031,36,1*7E
$GAGSV,1,1,02,16,35,040,48,25,86,031,37,5*75
$GAGSV,2,1,06,10,33,142,28,11,61,155,27,14,20,087,26,16,35,040,47,7*73
$GAGSV,2,2,06,25,86,031,37,36,60,292,19,7*78
$GAGSV,1,1,02,12,11,137,,34,10,309,,0*7C
$GBGSV,3,1,09,12,22,104,23,19,27,075,46,20,15,122,19,22,14,022,21,3*7C
$GBGSV,3,2,09,24,27,233,24,29,21,116,32,31,37,252,21,35,59,173,26,3*7F
$GBGSV,3,3,09,39,26,001,47,3*41
$GBGSV,3,1,10,12,22,104,35,19,27,075,47,20,15,122,17,22,14,022,22,5*79
$GBGSV,3,2,10,24,27,233,16,26,51,289,20,29,21,116,27,31,37,252,20,5*7F
$GBGSV,3,3,10,35,59,173,25,39,26,001,44,5*74
$GBGSV,3,1,10,12,22,104,25,19,27,075,42,20,15,122,20,22,14,022,27,8*71
$GBGSV,3,2,10,24,27,233,29,26,51,289,24,29,21,116,31,31,37,252,19,8*77
$GBGSV,3,3,10,35,59,173,27,39,26,001,46,8*79
$GBGSV,1,1,01,11,02,109,,0*4C
$GNGLL,3001.74281,S,05112.74988,W,171427.00,A,A*79
$GNRMC,171428.00,A,3001.74280,S,05112.74988,W,0.008,,090926,,,A,V*18
$GNVTG,,T,,M,0.008,N,0.014,K,A*30
$GNGGA,171428.00,3001.74280,S,05112.74988,W,1,12,0.77,48.5,M,4.8,M,,*44
$GNGSA,M,3,12,18,23,25,26,29,31,05,,,,,1.40,0.77,1.18,1*04
$GNGSA,M,3,16,25,10,11,,,,,,,,,1.40,0.77,1.18,3*03
$GNGSA,M,3,12,19,20,22,24,26,29,31,35,39,,,1.40,0.77,1.18,4*0B
$GPGSV,3,1,10,05,34,128,43,10,02,342,31,12,16,034,36,13,10,030,19,1*63
$GPGSV,3,2,10,18,68,245,15,23,30,357,46,25,48,019,49,26,30,228,26,1*60
$GPGSV,3,3,10,29,57,140,42,31,20,265,23,1*6F
$GPGSV,3,1,09,05,34,128,36,10,02,342,31,12,16,034,21,18,68,245,20,6*66
$GPGSV,3,2,09,23,30,357,41,25,48,019,44,26,30,228,21,29,57,140,35,6*68
$GPGSV,3,3,09,31,20,265,23,6*5A
$GPGSV,2,1,07,10,02,342,29,13,10,030,26,18,68,245,28,23,30,357,47,8*6E
$GPGSV,2,2,07,25,48,019,53,26,30,228,26,28,20,297,20,8*52
$GPGSV,1,1,04,15,11,062,,16,03,219,,20,03,090,,21,04,144,,0*61
$GAGSV,2,1,06,02,36,221,10,10,33,142,32,11,61,155,27,14,20,087,26,1*7F
$GAGSV,2,2,06,16,35,040,42,25,86,031,36,1*7E
$GAGSV,1,1,02,16,35,040,48,25,86,031,37,5*75
$GAGSV,2,1,06,10,33,142,28,11,61,155,27,14,20,087,27,16,35,040,47,7*72
$GAGSV,2,2,06,25,86,031,37,36,60,292,17,7*76
$GAGSV,1,1,02,12,11,137,,34,10,309,,0*7C
$GBGSV,3,1,09,12,22,104,22,19,27,075,46,20,15,122,18,22,14,022,21,3*7C
$GBGSV,3,2,09,24,27,233,24,29,21,116,31,31,37,252,21,35,59,173,26,3*7C
$GBGSV,3,3,09,39,26,001,47,3*41
$GBGSV,3,1,10,12,22,104,34,19,27,075,47,20,15,122,17,22,14,022,22,5*78
$GBGSV,3,2,10,24,27,233,16,26,51,289,19,29,21,116,27,31,37,252,20,5*75
$GBGSV,3,3,10,35,59,173,26,39,26,001,44,5*77
$GBGSV,3,1,10,12,22,104,24,19,27,075,42,20,15,122,20,22,14,022,28,8*7F
$GBGSV,3,2,10,24,27,233,29,26,51,289,24,29,21,116,32,31,37,252,19,8*74
$GBGSV,3,3,10,35,59,173,27,39,26,001,46,8*79
$GBGSV,1,1,01,11,02,109,,0*4C
$GNGLL,3001.74280,S,05112.74988,W,171428.00,A,A*77
$GNRMC,171429.00,A,3001.74281,S,05112.74988,W,0.023,,090926,,,A,V*11
$GNVTG,,T,,M,0.023,N,0.042,K,A*3A
$GNGGA,171429.00,3001.74281,S,05112.74988,W,1,12,0.73,48.5,M,4.8,M,,*40
$GNGSA,M,3,12,18,23,25,26,29,31,05,,,,,1.38,0.73,1.18,1*0F
$GNGSA,M,3,16,25,36,10,11,,,,,,,,1.38,0.73,1.18,3*0D
$GNGSA,M,3,12,19,20,22,24,26,29,31,35,39,,,1.38,0.73,1.18,4*00
$GPGSV,3,1,10,05,34,128,43,10,02,342,31,12,16,034,36,13,10,030,18,1*62
$GPGSV,3,2,10,18,68,245,13,23,30,357,46,25,48,019,49,26,30,228,27,1*67
$GPGSV,3,3,10,29,57,140,42,31,20,265,24,1*68
$GPGSV,3,1,09,05,34,128,36,10,02,342,31,12,16,034,20,18,68,245,20,6*67
$GPGSV,3,2,09,23,30,357,41,25,48,019,44,26,30,228,20,29,57,140,35,6*69
$GPGSV,3,3,09,31,20,265,24,6*5D
$GPGSV,2,1,07,10,02,342,29,13,10,030,26,18,68,245,28,23,30,357,47,8*6E
$GPGSV,2,2,07,25,48,019,53,26,30,228,25,28,20,297,20,8*51
$GPGSV,1,1,04,15,11,062,,16,03,219,,20,03,090,,21,04,144,,0*61
$GAGSV,2,1,06,02,36,221,10,10,33,142,33,11,61,155,27,14,20,087,25,1*7D
$GAGSV,2,2,06,16,35,040,42,25,86,031,36,1*7E
$GAGSV,1,1,02,16,35,040,48,25,86,031,37,5*75
$GAGSV,2,1,06,10,33,142,27,11,61,155,27,14,20,087,27,16,35,040,47,7*7D
$GAGSV,2,2,06,25,86,031,37,36,60,292,18,7*79
$GAGSV,1,1,02,12,11,137,,34,10,309,,0*7C
$GBGSV,3,1,09,12,22,104,20,19,27,075,46,20,15,122,18,22,14,022,22,3*7D
$GBGSV,3,2,09,24,27,233,24,29,21,116,31,31,37,252,21,35,59,173,26,3*7C
$GBGSV,3,3,09,39,26,001,47,3*41
$GBGSV,3,1,10,12,22,104,34,19,27,075,47,20,15,122,18,22,14,022,22,5*77
$GBGSV,3,2,10,24,27,233,15,26,51,289,19,29,21,116,27,31,37,252,20,5*76
$GBGSV,3,3,10,35,59,173,26,39,26,001,44,5*77
$GBGSV,3,1,10,12,22,104,24,19,27,075,42,20,15,122,20,22,14,022,28,8*7F
$GBGSV,3,2,10,24,27,233,29,26,51,289,23,29,21,116,32,31,37,252,19,8*73
$GBGSV,3,3,10,35,59,173,27,39,26,001,46,8*79
$GBGSV,1,1,01,11,02,109,,0*4C
$GNGLL,3001.74281,S,05112.74988,W,171429.00,A,A*77
$GNRMC,171430.00,A,3001.74281,S,05112.74987,W,0.004,,090926,,,A,V*13
$GNVTG,,T,,M,0.004,N,0.007,K,A*3E
$GNGGA,171430.00,3001.74281,S,05112.74987,W,1,12,0.73,48.5,M,4.8,M,,*47
$GNGSA,M,3,12,18,23,25,26,29,31,05,,,,,1.38,0.73,1.18,1*0F
$GNGSA,M,3,16,25,36,10,11,,,,,,,,1.38,0.73,1.18,3*0D
$GNGSA,M,3,12,19,20,22,24,26,29,31,35,39,,,1.38,0.73,1.18,4*00
$GPGSV,3,1,10,05,34,128,43,10,02,342,31,12,16,034,36,13,10,030,18,1*62
$GPGSV,3,2,10,18,68,245,11,23,30,357,46,25,48,019,49,26,30,228,27,1*65
$GPGSV,3,3,10,29,57,140,42,31,20,265,24,1*68
$GPGSV,3,1,09,05,34,128,36,10,02,342,31,12,16,034,21,18,68,245,20,6*66
$GPGSV,3,2,09,23,30,357,41,25,48,019,44,26,30,228,20,29,57,140,35,6*69
$GPGSV,3,3,09,31,20,265,23,6*5A
$GPGSV,2,1,07,10,02,342,29,13,10,030,26,18,68,245,28,23,30,357,47,8*6E
$GPGSV,2,2,07,25,48,019,53,26,30,228,25,28,20,297,20,8*51
$GPGSV,1,1,04,15,11,062,,16,03,219,,20,03,090,,21,04,144,,0*61
$GAGSV,2,1,06,02,36,221,10,10,33,142,32,11,61,155,27,14,20,087,25,1*7C
$GAGSV,2,2,06,16,35,040,42,25,86,031,36,1*7E
$GAGSV,1,1,02,16,35,040,48,25,86,031,37,5*75
$GAGSV,2,1,06,10,33,142,27,11,61,155,27,14,20,087,27,16,35,040,47,7*7D
$GAGSV,2,2,06,25,86,031,37,36,60,292,18,7*79
$GAGSV,1,1,02,12,11,137,,34,10,309,,0*7C
$GBGSV,3,1,09,12,22,104,19,19,27,075,46,20,15,122,18,22,14,022,21,3*74
$GBGSV,3,2,09,24,27,233,24,29,21,116,31,31,37,252,22,35,59,173,26,3*7F
$GBGSV,3,3,09,39,26,001,47,3*41
$GBGSV,3,1,10,12,22,104,34,19,27,075,47,20,15,122,19,22,14,022,22,5*76
$GBGSV,3,2,10,24,27,233,15,26,51,289,20,29,21,116,27,31,37,252,20,5*7C
$GBGSV,3,3,10,35,59,173,25,39,26,001,44,5*74
$GBGSV,3,1,10,12,22,104,24,19,27,075,42,20,15,122,20,22,14,022,27,8*70
$GBGSV,3,2,10,24,27,233,29,26,51,289,23,29,21,116,32,31,37,252,20,8*79
$GBGSV,3,3,10,35,59,173,26,39,26,001,46,8*78
$GBGSV,1,1,01,11,02,109,,0*4C
$GNGLL,3001.74281,S,05112.74987,W,171430.00,A,A*70
$GNRMC,171431.00,A,3001.74280,S,05112.74987,W,0.032,,090926,,,A,V*16
$GNVTG,,T,,M,0.032,N,0.059,K,A*30
$GNGGA,171431.00,3001.74280,S,05112.74987,W,1,12,0.77,48.5,M,4.8,M,,*43
$GNGSA,M,3,12,18,23,25,26,29,31,05,,,,,1.40,0.77,1.18,1*04
$GNGSA,M,3,16,25,36,10,11,,,,,,,,1.40,0.77,1.18,3*06
$GNGSA,M,3,12,19,20,22,24,26,29,31,35,39,,,1.40,0.77,1.18,4*0B
$GPGSV,3,1,10,05,34,128,43,10,02,342,31,12,16,034,36,13,10,030,18,1*62
$GPGSV,3,2,10,18,68,245,08,23,30,357,46,25,48,019,49,26,30,228,27,1*6D
$GPGSV,3,3,10,29,57,140,42,31,20,265,24,1*68
$GPGSV,3,1,09,05,34,128,36,10,02,342,31,12,16,034,20,18,68,245,20,6*67
$GPGSV,3,2,09,23,30,357,41,25,48,019,44,26,30,228,19,29,57,140,35,6*63
$GPGSV,3,3,09,31,20,265,23,6*5A
$GPGSV,2,1,07,10,02,342,28,13,10,030,26,18,68,245,28,23,30,357,47,8*6F
$GPGSV,2,2,07,25,48,019,53,26,30,228,25,28,20,297,20,8*51
$GPGSV,1,1,04,15,11,062,,16,03,219,,20,03,090,,21,04,144,,0*61
$GAGSV,2,1,06,02,36,221,10,10,33,142,32,11,61,155,28,14,20,087,25,1*73
$GAGSV,2,2,06,16,35,040,42,25,86,031,36,1*7E
$GAGSV,1,1,02,16,35,040,48,25,86,031,37,5*75
$GAGSV,2,1,06,10,33,142,27,11,61,155,27,14,20,087,27,16,35,040,47,7*7D
$GAGSV,2,2,06,25,86,031,37,36,60,292,18,7*79
$GAGSV,1,1,02,12,11,137,,34,10,309,,0*7C
$GBGSV,3,1,09,12,22,104,17,19,27,075,46,20,15,122,17,22,14,022,22,3*76
$GBGSV,3,2,09,24,27,233,24,29,21,116,31,31,37,252,22,35,59,173,26,3*7F
$GBGSV,3,3,09,39,26,001,47,3*41
$GBGSV,3,1,10,12,22,104,34,19,27,075,47,20,15,122,19,22,14,022,21,5*75
$GBGSV,3,2,10,24,27,233,15,26,51,289,20,29,21,116,27,31,37,252,21,5*7D
$GBGSV,3,3,10,35,59,173,26,39,26,001,44,5*77
$GBGSV,3,1,10,12,22,104,23,19,27,075,42,20,15,122,20,22,14,022,28,8*78
$GBGSV,3,2,10,24,27,233,30,26,51,289,22,29,21,116,32,31,37,252,20,8*70
$GBGSV,3,3,10,35,59,173,26,39,26,001,45,8*7B
$GBGSV,1,1,01,11,02,109,,0*4C
$GNGLL,3001.74280,S,05112.74987,W,171431.00,A,A*70
$GNRMC,171432.00,A,3001.74280,S,05112.74986,W,0.005,,090926,,,A,V*10
$GNVTG,,T,,M,0.005,N,0.009,K,A*31
$GNGGA,171432.00,3001.74280,S,05112.74986,W,1,12,0.77,48.5,M,4.8,M,,*41
$GNGSA,M,3,12,18,23,25,26,29,31,05,,,,,1.41,0.77,1.18,1*05
$GNGSA,M,3,16,25,36,10,11,,,,,,,,1.41,0.77,1.18,3*07
$GNGSA,M,3,12,19,20,22,24,26,29,31,35,39,,,1.41,0.77,1.18,4*0A
$GPGSV,3,1,10,05,34,128,42,10,02,342,31,12,16,034,36,13,10,030,18,1*63
$GPGSV,3,2,10,18,68,245,13,23,30,357,46,25,48,019,49,26,30,228,27,1*67
$GPGSV,3,3,10,29,57,140,42,31,20,265,24,1*68
$GPGSV,3,1,09,05,34,128,36,10,02,342,31,12,16,034,21,18,68,245,21,6*67
$GPGSV,3,2,09,23,30,357,41,25,48,019,44,26,30,228,19,29,57,140,35,6*63
$GPGSV,3,3,09,31,20,265,23,6*5A
$GPGSV,2,1,07,10,02,342,28,13,10,030,26,18,68,245,29,23,30,357,47,8*6E
$GPGSV,2,2,07,25,48,019,53,26,30,228,25,28,20,297,20,8*51
$GPGSV,1,1,04,15,11,062,,16,03,219,,20,03,090,,21,04,144,,0*61
$GAGSV,2,1,06,02,36,221,10,10,33,142,32,11,61,155,27,14,20,087,24,1*7D
$GAGSV,2,2,06,16,35,040,42,25,86,031,36,1*7E
$GAGSV,1,1,02,16,35,040,48,25,86,031,37,5*75
$GAGSV,2,1,06,10,33,142,28,11,61,155,27,14,20,087,27,16,35,040,47,7*72
$GAGSV,2,2,06,25,86,031,37,36,60,292,18,7*79
$GAGSV,1,1,02,12,11,137,,34,10,309,,0*7C
$GBGSV,3,1,09,12,22,104,15,19,27,075,46,20,15,122,17,22,14,022,22,3*74
$GBGSV,3,2,09,24,27,233,24,29,21,116,31,31,37,252,22,35,59,173,26,3*7F
$GBGSV,3,3,09,39,26,001,47,3*41
$GBGSV,3,1,10,12,22,104,34,19,27,075,47,20,15,122,18,22,14,022,21,5*74
$GBGSV,3,2,10,24,27,233,13,26,51,289,19,29,21,116,27,31,37,252,20,5*70
$GBGSV,3,3,10,35,59,173,26,39,26,001,44,5*77
$GBGSV,3,1,10,12,22,104,23,19,27,075,42,20,15,122,21,22,14,022,28,8*79
$GBGSV,3,2,10,24,27,233,29,26,51,289,21,29,21,116,33,31,37,252,20,8*7A
$GBGSV,3,3,10,35,59,173,26,39,26,001,46,8*78
$GBGSV,1,1,01,11,02,109,,0*4C
$GNGLL,3001.74280,S,05112.74986,W,171432.00,A,A*72
$GNRMC,171433.00,A,3001.74280,S,05112.74985,W,0.021,,090926,,,A,V*14
$GNVTG,,T,,M,0.021,N,0.038,K,A*35
$GNGGA,171433.00,3001.74280,S,05112.74985,W,1,12,0.77,48.5,M,4.8,M,,*43
$GNGSA,M,3,12,18,23,25,26,29,31,05,,,,,1.41,0.77,1.18,1*05
$GNGSA,M,3,16,25,36,10,11,,,,,,,,1.41,0.77,1.18,3*07
$GNGSA,M,3,12,19,20,22,24,26,29,31,35,39,,,1.41,0.77,1.18,4*0A
$GPGSV,3,1,10,05,34,128,42,10,02,342,31,12,16,034,36,13,10,030,18,1*63
$GPGSV,3,2,10,18,68,245,06,23,30,357,46,25,48,019,49,26,30,228,28,1*6C
$GPGSV,3,3,10,29,57,140,42,31,20,265,25,1*69
$GPGSV,3,1,09,05,34,128,36,10,02,342,31,12,16,034,20,18,68,245,21,6*66
$GPGSV,3,2,09,23,30,357,41,25,48,019,44,26,30,228,17,29,57,140,35,6*6D
$GPGSV,3,3,09,31,20,265,23,6*5A
$GPGSV,2,1,07,10,02,342,28,13,10,030,26,18,68,245,29,23,30,357,47,8*6E
$GPGSV,2,2,07,25,48,019,53,26,30,228,25,28,20,297,20,8*51
$GPGSV,1,1,04,15,11,062,,16,03,219,,20,03,090,,21,04,144,,0*61
$GAGSV,2,1,06,02,36,221,12,10,33,142,32,11,61,155,28,14,20,087,25,1*71
$GAGSV,2,2,06,16,35,040,42,25,86,031,36,1*7E
$GAGSV,1,1,02,16,35,040,48,25,86,031,37,5*75
$GAGSV,2,1,06,10,33,142,27,11,61,155,27,14,20,087,27,16,35,040,47,7*7D
$GAGSV,2,2,06,25,86,031,37,36,60,292,19,7*78
$GAGSV,1,1,02,12,11,137,,34,11,309,,0*7D
$GBGSV,3,1,09,12,22,104,14,19,27,075,46,20,15,122,17,22,14,022,22,3*75
$GBGSV,3,2,09,24,27,233,24,29,21,116,31,31,37,252,22,35,59,173,26,3*7F
$GBGSV,3,3,09,39,26,001,47,3*41
$GBGSV,3,1,10,12,22,104,34,19,27,075,47,20,15,122,18,22,14,022,21,5*74
$GBGSV,3,2,10,24,27,233,14,26,51,289,20,29,21,116,28,31,37,252,21,5*73
$GBGSV,3,3,10,35,59,173,26,39,26,001,44,5*77
$GBGSV,3,1,10,12,22,104,22,19,27,075,42,20,15,122,21,22,14,022,28,8*78
$GBGSV,3,2,10,24,27,233,30,26,51,289,21,29,21,116,32,31,37,252,21,8*72
$GBGSV,3,3,10,35,59,173,26,39,26,001,45,8*7B
$GBGSV,1,1,01,11,02,109,,0*4C
$GNGLL,3001.74280,S,05112.74985,W,171433.00,A,A*70
$GNRMC,171434.00,A,3001.74280,S,05112.74985,W,0.010,,090926,,,A,V*11
$GNVTG,,T,,M,0.010,N,0.018,K,A*35
$GNGGA,171434.00,3001.74280,S,05112.74985,W,1,12,0.73,48.5,M,4.8,M,,*40
$GNGSA,M,3,12,18,23,25,26,29,31,05,,,,,1.38,0.73,1.18,1*0F
$GNGSA,M,3,16,25,36,10,11,,,,,,,,1.38,0.73,1.18,3*0D
$GNGSA,M,3,12,19,20,22,24,26,29,31,35,39,,,1.38,0.73,1.18,4*00
$GPGSV,3,1,10,05,34,128,43,10,02,342,31,12,16,034,36,13,10,030,17,1*6D
$GPGSV,3,2,10,18,68,245,07,23,30,357,46,25,48,019,49,26,30,228,28,1*6D
$GPGSV,3,3,10,29,57,140,42,31,20,265,24,1*68
$GPGSV,3,1,09,05,34,128,36,10,02,342,31,12,16,034,20,18,68,245,21,6*66
$GPGSV,3,2,09,23,30,357,41,25,48,019,44,26,30,228,17,29,57,140,35,6*6D
$GPGSV,3,3,09,31,20,265,23,6*5A
$GPGSV,2,1,07,10,02,342,29,13,10,030,26,18,68,245,29,23,30,357,47,8*6F
$GPGSV,2,2,07,25,48,019,53,26,30,228,26,28,20,297,20,8*52
$GPGSV,1,1,04,15,11,062,,16,03,219,,20,03,090,,21,04,144,,0*61
$GAGSV,2,1,06,02,36,221,14,10,33,142,32,11,61,155,28,14,20,087,25,1*77
$GAGSV,2,2,06,16,35,040,42,25,86,031,36,1*7E
$GAGSV,1,1,02,16,35,040,48,25,86,031,37,5*75
$GAGSV,2,1,06,10,33,142,28,11,61,155,27,14,20,087,27,16,35,040,47,7*72
$GAGSV,2,2,06,25,86,031,37,36,60,291,18,7*7A
$GAGSV,1,1,02,12,11,137,,34,11,309,,0*7D
$GBGSV,3,1,09,12,22,104,11,19,27,075,46,20,15,122,18,22,14,022,22,3*7F
$GBGSV,3,2,09,24,27,233,24,29,21,116,30,31,37,252,21,35,59,173,26,3*7D
$GBGSV,3,3,09,39,26,001,47,3*41
$GBGSV,3,1,10,12,22,104,33,19,27,075,47,20,15,122,17,22,14,022,21,5*7C
$GBGSV,3,2,10,24,27,233,15,26,51,289,20,29,21,116,28,31,37,252,20,5*73
$GBGSV,3,3,10,35,59,173,25,39,26,001,44,5*74
$GBGSV,3,1,10,12,22,104,22,19,27,075,42,20,15,122,21,22,14,022,28,8*78
$GBGSV,3,2,10,24,27,233,30,26,51,289,21,29,21,116,32,31,37,252,21,8*72
$GBGSV,3,3,10,35,59,173,26,39,26,001,45,8*7B
$GBGSV,1,1,01,11,02,109,,0*4C
$GNGLL,3001.74280,S,05112.74985,W,171434.00,A,A*77
$GNRMC,171435.00,A,3001.74280,S,05112.74984,W,0.008,,090926,,,A,V*18
$GNVTG,,T,,M,0.008,N,0.014,K,A*30
$GNGGA,171435.00,3001.74280,S,05112.74984,W,1,12,0.73,48.5,M,4.8,M,,*40
$GNGSA,M,3,12,18,23,25,26,29,31,05,,,,,1.38,0.73,1.18,1*0F
$GNGSA,M,3,16,25,36,10,11,,,,,,,,1.38,0.73,1.18,3*0D
$GNGSA,M,3,12,19,20,22,24,26,29,31,35,39,,,1.38,0.73,1.18,4*00
$GPGSV,3,1,10,05,34,128,42,10,02,342,31,12,16,034,36,13,10,030,18,1*63
$GPGSV,3,2,10,18,68,245,09,23,30,357,46,25,48,019,49,26,30,228,28,1*63
$GPGSV,3,3,10,29,57,140,42,31,20,265,25,1*69
$GPGSV,3,1,09,05,34,128,36,10,02,342,31,12,16,034,20,18,68,245,22,6*65
$GPGSV,3,2,09,23,30,357,41,25,48,019,44,26,30,228,14,29,57,140,35,6*6E
$GPGSV,3,3,09,31,20,265,23,6*5A
$GPGSV,2,1,07,10,02,342,29,13,10,030,26,18,68,245,28,23,30,357,47,8*6E
$GPGSV,2,2,07,25,48,019,53,26,30,228,26,28,20,297,20,8*52
$GPGSV,1,1,04,15,11,062,,16,03,219,,20,03,090,,21,04,144,,0*61
$GAGSV,2,1,06,02,36,221,13,10,33,142,32,11,61,155,28,14,20,087,25,1*70
$GAGSV,2,2,06,16,35,040,42,25,86,031,36,1*7E
$GAGSV,1,1,02,16,35,040,48,25,86,031,37,5*75
$GAGSV,2,1,06,10,33,142,28,11,61,155,26,14,20,087,27,16,35,040,47,7*73
$GAGSV,2,2,06,25,86,031,37,36,60,291,17,7*75
$GAGSV,1,1,02,12,11,137,,34,11,309,,0*7D
$GBGSV,3,1,09,12,22,104,10,19,27,075,46,20,15,122,18,22,14,022,22,3*7E
$GBGSV,3,2,09,24,27,233,24,29,21,116,31,31,37,252,21,35,59,173,26,3*7C
$GBGSV,3,3,09,39,26,001,47,3*41
$GBGSV,3,1,09,12,22,104,33,19,27,075,47,20,15,122,17,22,14,022,21,5*74
$GBGSV,3,2,09,26,51,289,20,29,21,116,28,31,37,252,20,35,59,173,26,5*75
$GBGSV,3,3,09,39,26,001,44,5*44
$GBGSV,3,1,10,12,22,104,23,19,27,075,42,20,15,122,21,22,14,022,28,8*79
$GBGSV,3,2,10,24,27,233,30,26,51,289,20,29,21,116,32,31,37,252,22,8*70
$GBGSV,3,3,10,35,59,173,26,39,26,001,46,8*78
$GBGSV,1,1,01,11,02,109,,0*4C
$GNGLL,3001.74280,S,05112.74984,W,171435.00,A,A*77
$GNRMC,171436.00,A,3001.74280,S,05112.74984,W,0.026,,090926,,,A,V*17
$GNVTG,,T,,M,0.026,N,0.048,K,A*35
$GNGGA,171436.00,3001.74280,S,05112.74984,W,1,12,0.73,48.5,M,4.8,M,,*43
$GNGSA,M,3,12,18,23,25,26,29,31,05,,,,,1.38,0.73,1.18,1*0F
$GNGSA,M,3,16,25,36,10,11,,,,,,,,1.38,0.73,1.18,3*0D
$GNGSA,M,3,12,19,20,22,24,26,29,31,35,39,,,1.38,0.73,1.18,4*00
$GPGSV,3,1,10,05,34,128,42,10,02,342,31,12,16,034,36,13,10,030,18,1*63
$GPGSV,3,2,10,18,68,245,10,23,30,357,46,25,48,019,49,26,30,228,28,1*6B
$GPGSV,3,3,10,29,57,140,42,31,20,265,25,1*69
$GPGSV,1,1,01,28,20,297,19,5*5D
$GPGSV,3,1,09,05,34,128,36,10,02,342,31,12,16,034,20,18,68,245,21,6*66
$GPGSV,3,2,09,23,30,357,41,25,48,019,44,26,30,228,13,29,57,140,35,6*69
$GPGSV,3,3,09,31,20,265,23,6*5A
$GPGSV,2,1,07,10,02,342,29,13,10,030,27,18,68,245,28,23,30,357,47,8*6F
$GPGSV,2,2,07,25,48,019,53,26,30,228,25,28,20,297,21,8*50
$GPGSV,1,1,04,15,11,062,,16,03,219,,20,03,090,,21,04,144,,0*61
$GAGSV,2,1,07,02,36,221,13,10,33,142,32,11,61,155,28,14,20,087,24,1*70
$GAGSV,2,2,07,16,35,040,42,25,86,031,36,36,60,291,15,1*42
$GAGSV,1,1,02,16,35,040,48,25,86,031,37,5*75
$GAGSV,2,1,06,10,33,142,27,11,61,155,27,14,20,087,27,16,35,040,47,7*7D
$GAGSV,2,2,06,25,86,031,37,36,60,291,17,7*75
$GAGSV,1,1,02,12,11,137,,34,11,309,,0*7D
$GBGSV,3,1,09,12,22,104,13,19,27,075,46,20,15,122,17,22,14,022,22,3*72
$GBGSV,3,2,09,24,27,233,24,29,21,116,30,31,37,252,21,35,59,173,27,3*7C
$GBGSV,3,3,09,39,26,001,47,3*41
$GBGSV,3,1,09,12,22,104,33,19,27,075,47,20,15,122,17,22,14,022,21,5*74
$GBGSV,3,2,09,26,51,289,21,29,21,116,28,31,37,252,20,35,59,173,26,5*74
$GBGSV,3,3,09,39,26,001,44,5*44
$GBGSV,3,1,10,12,22,104,23,19,27,075,42,20,15,122,21,22,14,022,28,8*79
$GBGSV,3,2,10,24,27,233,30,26,51,289,19,29,21,116,32,31,37,252,22,8*7A
$GBGSV,3,3,10,35,59,173,26,39,26,001,46,8*78
$GBGSV,1,1,01,11,02,109,,0*4C
$GNGLL,3001.74280,S,05112.74984,W,171436.00,A,A*74
$GNRMC,171437.00,A,3001.74280,S,05112.74983,W,0.004,,090926,,,A,V*11
$GNVTG,,T,,M,0.004,N,0.007,K,A*3E
$GNGGA,171437.00,3001.74280,S,05112.74983,W,1,12,0.73,48.5,M,4.8,M,,*45
$GNGSA,M,3,12,18,23,25,26,29,31,05,,,,,1.38,0.73,1.18,1*0F
$GNGSA,M,3,16,25,36,10,11,,,,,,,,1.38,0.73,1.18,3*0D
$GNGSA,M,3,12,19,20,22,24,26,29,31,35,39,,,1.38,0.73,1.18,4*00
$GPGSV,3,1,10,05,34,128,42,10,02,342,31,12,16,034,36,13,10,030,18,1*63
$GPGSV,3,2,10,18,68,245,09,23,30,357,46,25,48,019,49,26,30,228,28,1*63
$GPGSV,3,3,10,29,57,140,42,31,20,265,25,1*69
$GPGSV,3,1,10,05,34,128,36,10,02,342,31,12,16,034,20,18,68,245,21,6*6E
$GPGSV,3,2,10,23,30,357,41,25,48,019,44,26,30,228,10,28,20,297,18,6*65
$GPGSV,3,3,10,29,57,140,35,31,20,265,22,6*69
$GPGSV,2,1,07,10,02,342,29,13,10,030,27,18,68,245,28,23,30,357,47,8*6F
$GPGSV,2,2,07,25,48,019,53,26,30,228,25,28,20,297,21,8*50
$GPGSV,1,1,04,15,11,062,,16,03,219,,20,03,090,,21,04,144,,0*61
$GAGSV,2,1,07,02,36,221,12,10,33,142,32,11,61,155,28,14,20,087,24,1*71
$GAGSV,2,2,07,16,35,040,42,25,86,031,36,36,60,291,14,1*43
$GAGSV,1,1,02,16,35,040,48,25,86,031,37,5*75
$GAGSV,2,1,06,10,33,142,27,11,61,155,26,14,20,087,27,16,35,040,47,7*7C
$GAGSV,2,2,06,25,86,031,37,36,60,291,16,7*74
$GAGSV,1,1,02,12,11,137,,34,11,309,,0*7D
$GBGSV,3,1,09,12,22,104,14,19,27,075,46,20,15,122,16,22,14,022,22,3*74
$GBGSV,3,2,09,24,27,233,25,29,21,116,30,31,37,252,21,35,59,173,26,3*7C
$GBGSV,3,3,09,39,26,001,47,3*41
$GBGSV,3,1,09,12,22,104,33,19,27,075,47,20,15,122,18,22,14,022,21,5*7B
$GBGSV,3,2,09,26,51,289,21,29,21,116,29,31,37,252,20,35,59,173,26,5*75
$GBGSV,3,3,09,39,26,001,44,5*44
$GBGSV,3,1,10,12,22,104,23,19,27,075,42,20,15,122,21,22,14,022,28,8*79
$GBGSV,3,2,10,24,27,233,30,26,51,289,18,29,21,116,32,31,37,252,22,8*7B
$GBGSV,3,3,10,35,59,173,26,39,26,001,46,8*78
$GBGSV,1,1,01,11,02,109,,0*4C
$GNGLL,3001.74280,S,05112.74983,W,171437.00,A,A*72
$GNRMC,171438.00,A,3001.74279,S,05112.74982,W,0.010,,090926,,,A,V*1C
$GNVTG,,T,,M,0.010,N,0.019,K,A*34
$GNGGA,171438.00,3001.74279,S,05112.74982,W,1,12,0.73,48.5,M,4.8,M,,*4D
$GNGSA,M,3,12,18,23,25,26,29,31,05,,,,,1.38,0.73,1.18,1*0F
$GNGSA,M,3,16,25,36,10,11,,,,,,,,1.38,0.73,1.18,3*0D
$GNGSA,M,3,12,19,20,22,24,26,29,31,35,39,,,1.38,0.73,1.18,4*00
$GPGSV,3,1,10,05,34,128,42,10,02,342,31,12,16,034,36,13,10,030,18,1*63
$GPGSV,3,2,10,18,68,245,13,23,30,357,46,25,48,019,49,26,30,228,28,1*68
$GPGSV,3,3,10,29,57,140,42,31,20,265,25,1*69
$GPGSV,3,1,10,05,34,128,36,10,02,342,30,12,16,034,20,18,68,245,20,6*6E
$GPGSV,3,2,10,23,30,357,41,25,48,019,44,26,30,228,08,28,20,297,16,6*62
$GPGSV,3,3,10,29,57,140,35,31,20,265,22,6*69
$GPGSV,2,1,07,10,02,342,29,13,10,030,26,18,68,245,28,23,30,357,47,8*6E
$GPGSV,2,2,07,25,48,019,53,26,30,228,26,28,20,297,20,8*52
$GPGSV,1,1,04,15,11,062,,16,03,219,,20,03,090,,21,04,144,,0*61
$GAGSV,2,1,07,02,36,221,12,10,33,142,32,11,61,155,28,14,20,087,25,1*70
$GAGSV,2,2,07,16,35,040,42,25,86,031,36,36,60,291,14,1*43
$GAGSV,1,1,02,16,35,040,48,25,86,031,37,5*75
$GAGSV,2,1,06,10,33,142,27,11,61,155,27,14,20,087,27,16,35,040,47,7*7D
$GAGSV,2,2,06,25,86,031,37,36,60,291,16,7*74
$GAGSV,1,1,02,12,11,137,,34,11,309,,0*7D
$GBGSV,3,1,09,12,22,104,12,19,27,075,46,20,15,122,16,22,14,022,22,3*72
$GBGSV,3,2,09,24,27,233,25,29,21,116,30,31,37,252,22,35,59,173,26,3*7F
$GBGSV,3,3,09,39,26,001,47,3*41
$GBGSV,3,1,09,12,22,104,33,19,27,075,47,20,15,122,18,22,14,022,21,5*7B
$GBGSV,3,2,09,26,51,289,21,29,21,116,29,31,37,252,20,35,59,173,26,5*75
$GBGSV,3,3,09,39,26,001,44,5*44
$GBGSV,3,1,10,12,22,104,24,19,27,075,42,20,15,122,22,22,14,022,28,8*7D
$GBGSV,3,2,10,24,27,233,30,26,51,289,17,29,21,116,32,31,37,252,22,8*74
$GBGSV,3,3,10,35,59,173,26,39,26,001,46,8*78
$GBGSV,1,1,01,11,02,109,,0*4C
$GNGLL,3001.74279,S,05112.74982,W,171438.00,A,A*7A
$GNRMC,171439.00,A,3001.74279,S,05112.74981,W,0.006,,090926,,,A,V*19
$GNVTG,,T,,M,0.006,N,0.012,K,A*38
$GNGGA,171439.00,3001.74279,S,05112.74981,W,1,12,0.73,48.5,M,4.8,M,,*4F
$GNGSA,M,3,12,18,23,25,26,28,29,31,05,,,,1.38,0.73,1.18,1*05
$GNGSA,M,3,16,25,36,10,11,,,,,,,,1.38,0.73,1.18,3*0D
$GNGSA,M,3,12,19,20,22,24,26,29,31,35,39,,,1.38,0.73,1.18,4*00
$GPGSV,3,1,11,05,34,128,42,10,02,342,31,12,16,034,36,13,10,030,18,1*62
$GPGSV,3,2,11,18,68,245,14,23,30,357,46,25,48,019,49,26,30,228,28,1*6E
$GPGSV,3,3,11,28,20,297,24,29,57,140,42,31,20,265,25,1*5A
$GPGSV,3,1,10,05,34,128,36,10,02,342,30,12,16,034,20,18,68,245,20,6*6E
$GPGSV,3,2,10,23,30,357,41,25,48,019,44,26,30,228,08,28,20,297,15,6*61
$GPGSV,3,3,10,29,57,140,35,31,20,265,22,6*69
$GPGSV,2,1,07,10,02,342,29,13,10,030,26,18,68,245,28,23,30,357,47,8*6E
$GPGSV,2,2,07,25,48,019,53,26,30,228,25,28,20,297,20,8*51
$GPGSV,1,1,04,15,11,062,,16,03,219,,20,03,090,,21,04,144,,0*61
$GAGSV,2,1,07,02,36,221,12,10,33,142,32,11,61,155,28,14,20,087,25,1*70
$GAGSV,2,2,07,16,35,040,42,25,86,031,36,36,60,291,16,1*41
$GAGSV,1,1,02,16,35,040,48,25,86,031,37,5*75
$GAGSV,2,1,06,10,33,142,27,11,61,155,27,14,20,087,27,16,35,040,47,7*7D
$GAGSV,2,2,06,25,86,031,37,36,60,291,16,7*74
$GAGSV,1,1,02,12,11,137,,34,11,309,,0*7D
$GBGSV,3,1,09,12,22,104,14,19,27,075,46,20,15,122,16,22,14,022,22,3*74
$GBGSV,3,2,09,24,27,233,25,29,21,116,30,31,37,252,21,35,59,173,26,3*7C
$GBGSV,3,3,09,39,26,001,47,3*41
$GBGSV,3,1,09,12,22,104,33,19,27,075,47,20,15,122,18,22,14,022,21,5*7B
$GBGSV,3,2,09,26,51,289,21,29,21,116,29,31,37,252,20,35,59,173,26,5*75
$GBGSV,3,3,09,39,26,001,44,5*44
$GBGSV,3,1,10,12,22,104,24,19,27,075,42,20,15,122,22,22,14,022,28,8*7D
$GBGSV,3,2,10,24,27,233,30,26,51,289,15,29,21,116,33,31,37,252,22,8*77
$GBGSV,3,3,10,35,59,173,26,39,26,001,46,8*78
$GBGSV,1,1,01,11,02,109,,0*4C
$GNGLL,3001.74279,S,05112.74981,W,171439.00,A,A*78
$GNRMC,171440.00,A,3001.74279,S,05112.74980,W,0.020,,090926,,,A,V*12
$GNVTG,,T,,M,0.020,N,0.038,K,A*34
$GNGGA,171440.00,3001.74279,S,05112.74980,W,1,12,0.71,48.5,M,4.8,M,,*42
$GNGSA,M,3,12,18,23,25,26,28,29,31,05,,,,1.37,0.71,1.17,1*07
$GNGSA,M,3,16,25,36,10,11,,,,,,,,1.37,0.71,1.17,3*0F
$GNGSA,M,3,12,19,20,22,24,26,29,31,35,39,,,1.37,0.71,1.17,4*02
$GPGSV,3,1,11,05,34,128,42,10,02,342,31,12,16,034,36,13,10,030,17,1*6D
$GPGSV,3,2,11,18,68,245,14,23,30,357,46,25,48,019,49,26,30,228,28,1*6E
$GPGSV,3,3,11,28,20,297,25,29,57,140,42,31,20,265,26,1*58
$GPGSV,3,1,10,05,34,128,36,10,02,342,30,12,16,034,19,18,68,245,20,6*64
$GPGSV,3,2,10,23,30,357,41,25,48,019,44,26,30,228,08,28,20,297,15,6*61
$GPGSV,3,3,10,29,57,140,35,31,20,265,22,6*69
$GPGSV,2,1,07,10,02,342,29,13,10,030,27,18,68,245,29,23,30,357,47,8*6E
$GPGSV,2,2,07,25,48,019,53,26,30,228,26,28,20,297,20,8*52
$GPGSV,1,1,04,15,11,062,,16,03,219,,20,03,090,,21,04,144,,0*61
$GAGSV,2,1,07,02,36,221,13,10,33,142,32,11,61,155,28,14,20,087,25,1*71
$GAGSV,2,2,07,16,35,040,42,25,86,031,36,36,60,291,16,1*41
$GAGSV,1,1,02,16,35,040,48,25,86,031,37,5*75
$GAGSV,2,1,06,10,33,142,27,11,61,155,27,14,20,087,28,16,35,040,47,7*72
$GAGSV,2,2,06,25,86,031,37,36,60,291,15,7*77
$GAGSV,1,1,02,12,11,137,,34,11,309,,0*7D
$GBGSV,3,1,09,12,22,104,13,19,27,075,46,20,15,122,16,22,14,022,22,3*73
$GBGSV,3,2,09,24,27,233,25,29,21,116,30,31,37,252,21,35,59,173,26,3*7C
$GBGSV,3,3,09,39,26,001,47,3*41
$GBGSV,3,1,09,12,22,104,32,19,27,075,47,20,15,122,18,22,14,022,21,5*7A
$GBGSV,3,2,09,26,51,289,20,29,21,116,29,31,37,252,20,35,59,173,26,5*74
$GBGSV,3,3,09,39,26,001,44,5*44
$GBGSV,3,1,10,12,22,104,24,19,27,075,42,20,15,122,22,22,14,022,28,8*7D
$GBGSV,3,2,10,24,27,233,30,26,51,289,13,29,21,116,32,31,37,252,22,8*70
$GBGSV,3,3,10,35,59,173,26,39,26,001,46,8*78
$GBGSV,1,1,01,11,02,109,,0*4C
$GNGLL,3001.74279,S,05112.74980,W,171440.00,A,A*77
$GNRMC,171441.00,A,3001.74279,S,05112.74980,W,0.011,,090926,,,A,V*11
$GNVTG,,T,,M,0.011,N,0.021,K,A*3E
$GNGGA,171441.00,3001.74279,S,05112.74980,W,1,12,0.71,48.5,M,4.8,M,,*43
$GNGSA,M,3,12,18,23,25,26,28,29,31,05,,,,1.37,0.71,1.17,1*07
$GNGSA,M,3,16,25,36,10,11,,,,,,,,1.37,0.71,1.17,3*0F
$GNGSA,M,3,12,19,20,22,24,26,29,31,35,39,,,1.37,0.71,1.17,4*02
$GPGSV,3,1,11,05,34,128,42,10,02,342,31,12,16,034,36,13,10,030,17,1*6D
$GPGSV,3,2,11,18,68,245,15,23,30,357,46,25,48,019,49,26,30,228,28,1*6F
$GPGSV,3,3,11,28,20,297,25,29,57,140,42,31,20,265,25,1*5B
$GPGSV,3,1,10,05,34,128,36,10,02,342,30,12,16,034,19,13,10,030,15,6*66
$GPGSV,3,2,10,18,68,245,20,23,30,357,41,25,48,019,44,28,20,297,16,6*63
$GPGSV,3,3,10,29,57,140,35,31,20,265,22,6*69
$GPGSV,2,1,07,10,02,342,29,13,10,030,26,18,68,245,29,23,30,357,47,8*6F
$GPGSV,2,2,07,25,48,019,53,26,30,228,26,28,20,297,20,8*52
$GPGSV,1,1,04,15,11,062,,16,03,219,,20,03,090,,21,04,144,,0*61
$GAGSV,2,1,07,02,36,221,12,10,33,142,32,11,61,155,28,14,20,087,24,1*71
$GAGSV,2,2,07,16,35,040,42,25,86,031,36,36,60,291,15,1*42
$GAGSV,1,1,02,16,35,040,48,25,86,031,37,5*75
$GAGSV,2,1,06,10,33,142,27,11,61,155,27,14,20,087,28,16,35,040,47,7*72
$GAGSV,2,2,06,25,86,031,37,36,60,291,16,7*74
$GAGSV,1,1,02,12,11,137,,34,11,309,,0*7D
$GBGSV,3,1,09,12,22,104,17,19,27,075,46,20,15,122,15,22,14,022,22,3*74
$GBGSV,3,2,09,24,27,233,26,29,21,116,30,31,37,252,21,35,59,173,26,3*7F
$GBGSV,3,3,09,39,26,001,47,3*41
$GBGSV,3,1,09,12,22,104,32,19,27,075,47,20,15,122,17,22,14,022,21,5*75
$GBGSV,3,2,09,26,51,289,20,29,21,116,29,31,37,252,20,35,59,173,26,5*74
$GBGSV,3,3,09,39,26,001,44,5*44
$GBGSV,3,1,10,12,22,104,25,19,27,075,42,20,15,122,22,22,14,022,28,8*7C
$GBGSV,3,2,10,24,27,233,30,26,51,289,12,29,21,116,32,31,37,252,23,8*70
$GBGSV,3,3,10,35,59,173,26,39,26,001,46,8*78
$GBGSV,1,1,01,11,02,109,,0*4C
$GNGLL,3001.74279,S,05112.74980,W,171441.00,A,A*76
$GNRMC,171442.00,A,3001.74279,S,05112.74980,W,0.035,,090926,,,A,V*14
$GNVTG,,T,,M,0.035,N,0.065,K,A*38
$GNGGA,171442.00,3001.74279,S,05112.74980,W,1,12,0.71,48.5,M,4.8,M,,*40
$GNGSA,M,3,12,18,23,25,26,28,29,31,05,,,,1.37,0.71,1.17,1*07
$GNGSA,M,3,16,25,36,10,11,,,,,,,,1.37,0.71,1.17,3*0F
$GNGSA,M,3,12,19,20,22,24,26,29,31,35,39,,,1.37,0.71,1.17,4*02
$GPGSV,3,1,11,05,34,128,42,10,02,342,31,12,16,034,36,13,10,030,15,1*6F
$GPGSV,3,2,11,18,68,245,14,23,30,357,46,25,48,019,49,26,30,228,27,1*61
$GPGSV,3,3,11,28,20,297,25,29,57,140,42,31,20,265,25,1*5B
$GPGSV,3,1,10,05,34,128,36,10,02,342,30,12,16,034,20,13,10,030,15,6*6C
$GPGSV,3,2,10,18,68,245,20,23,30,357,41,25,48,019,44,28,20,297,16,6*63
$GPGSV,3,3,10,29,57,140,35,31,20,265,21,6*6A
$GPGSV,2,1,07,10,02,342,29,13,10,030,26,18,68,245,28,23,30,357,47,8*6E
$GPGSV,2,2,07,25,48,019,53,26,30,228,26,28,20,297,20,8*52
$GPGSV,1,1,04,15,11,062,,16,03,219,,20,03,090,,21,04,144,,0*61
$GAGSV,2,1,07,02,36,221,11,10,33,142,32,11,61,155,28,14,20,087,24,1*72
$GAGSV,2,2,07,16,35,040,42,25,86,031,36,36,60,291,16,1*41
$GAGSV,1,1,02,16,35,040,48,25,86,031,37,5*75
$GAGSV,2,1,06,10,33,142,27,11,61,155,27,14,20,087,28,16,35,040,47,7*72
$GAGSV,2,2,06,25,86,031,37,36,60,291,15,7*77
$GAGSV,1,1,02,12,11,137,,34,11,309,,0*7D
$GBGSV,3,1,09,12,22,104,12,19,27,075,46,20,15,122,15,22,14,022,23,3*70
$GBGSV,3,2,09,24,27,233,26,29,21,116,30,31,37,252,21,35,59,173,26,3*7F
$GBGSV,3,3,09,39,26,001,47,3*41
$GBGSV,3,1,09,12,22,104,32,19,27,075,47,20,15,122,17,22,14,022,21,5*75
$GBGSV,3,2,09,26,51,289,20,29,21,116,30,31,37,252,20,35,59,173,26,5*7C
$GBGSV,3,3,09,39,26,001,44,5*44
$GBGSV,3,1,10,12,22,104,26,19,27,075,42,20,15,122,21,22,14,022,28,8*7C
$GBGSV,3,2,10,24,27,233,30,26,51,289,12,29,21,116,32,31,37,252,22,8*71
$GBGSV,3,3,10,35,59,173,26,39,26,001,46,8*78
$GBGSV,1,1,01,11,02,109,,0*4C
$GNGLL,3001.74279,S,05112.74980,W,171442.00,A,A*75
$GNRMC,171443.00,A,3001.74279,S,05112.74980,W,0.030,,090926,,,A,V*10
$GNVTG,,T,,M,0.030,N,0.055,K,A*3E
$GNGGA,171443.00,3001.74279,S,05112.74980,W,1,12,0.71,48.5,M,4.8,M,,*41
$GNGSA,M,3,12,18,23,25,26,28,29,31,05,,,,1.37,0.71,1.17,1*07
$GNGSA,M,3,16,25,36,10,11,,,,,,,,1.37,0.71,1.17,3*0F
$GNGSA,M,3,12,19,20,22,24,26,29,31,35,39,,,1.37,0.71,1.17,4*02
$GPGSV,3,1,11,05,34,128,42,10,02,342,30,12,16,034,36,13,10,030,14,1*6F
$GPGSV,3,2,11,18,68,245,15,23,30,357,46,25,48,019,49,26,30,228,27,1*60
$GPGSV,3,3,11,28,20,297,26,29,57,140,42,31,20,265,26,1*5B
$GPGSV,3,1,10,05,34,128,36,10,02,342,30,12,16,034,20,13,10,030,15,6*6C
$GPGSV,3,2,10,18,68,245,21,23,30,357,42,25,48,019,44,28,20,297,16,6*61
$GPGSV,3,3,10,29,57,140,35,31,20,265,22,6*69
$GPGSV,2,1,07,10,02,342,29,13,10,030,27,18,68,245,28,23,30,357,47,8*6F
$GPGSV,2,2,07,25,48,019,53,26,30,228,25,28,20,297,20,8*51
$GPGSV,1,1,04,15,11,062,,16,03,219,,20,03,090,,21,04,144,,0*61
$GAGSV,2,1,07,02,36,221,11,10,33,142,32,11,61,155,28,14,20,087,24,1*72
$GAGSV,2,2,07,16,35,040,42,25,86,031,36,36,60,291,16,1*41
$GAGSV,1,1,02,16,35,040,48,25,86,031,37,5*75
$GAGSV,2,1,06,10,33,142,28,11,61,155,26,14,20,087,28,16,35,040,47,7*7C
$GAGSV,2,2,06,25,86,031,37,36,60,291,16,7*74
$GAGSV,1,1,02,12,11,137,,34,11,309,,0*7D
$GBGSV,3,1,09,12,22,104,07,19,27,075,46,20,15,122,14,22,14,022,22,3*74
$GBGSV,3,2,09,24,27,233,26,29,21,116,30,31,37,252,21,35,59,173,26,3*7F
$GBGSV,3,3,09,39,26,001,47,3*41
$GBGSV,3,1,10,12,22,104,32,19,27,075,47,20,15,122,17,22,14,022,22,5*7E
$GBGSV,3,2,10,24,27,233,14,26,51,289,20,29,21,116,29,31,37,252,20,5*73
$GBGSV,3,3,10,35,59,173,26,39,26,001,44,5*77
$GBGSV,3,1,10,12,22,104,27,19,27,075,42,20,15,122,22,22,14,022,28,8*7E
$GBGSV,3,2,10,24,27,233,31,26,51,289,12,29,21,116,32,31,37,252,22,8*70
$GBGSV,3,3,10,35,59,173,26,39,26,001,45,8*7B
$GBGSV,1,1,01,11,02,109,,0*4C
$GNGLL,3001.74279,S,05112.74980,W,171443.00,A,A*74
$GNRMC,171444.00,A,3001.74279,S,05112.74980,W,0.035,,090926,,,A,V*12
$GNVTG,,T,,M,0.035,N,0.064,K,A*39
$GNGGA,171444.00,3001.74279,S,05112.74980,W,1,12,0.71,48.5,M,4.8,M,,*46
$GNGSA,M,3,12,18,23,25,26,28,29,31,05,,,,1.37,0.71,1.17,1*07
$GNGSA,M,3,16,25,36,10,11,,,,,,,,1.37,0.71,1.17,3*0F
$GNGSA,M,3,12,19,20,22,24,26,29,31,35,39,,,1.37,0.71,1.17,4*02
$GPGSV,3,1,11,05,34,128,43,10,02,342,30,12,16,034,36,13,10,030,14,1*6E
$GPGSV,3,2,11,18,68,245,15,23,30,357,46,25,48,019,49,26,30,228,27,1*60
$GPGSV,3,3,11,28,20,297,26,29,57,140,42,31,20,265,25,1*58
$GPGSV,3,1,10,05,34,128,36,10,02,342,30,12,16,034,19,13,10,030,15,6*66
$GPGSV,3,2,10,18,68,245,21,23,30,357,41,25,48,019,44,28,20,297,16,6*62
$GPGSV,3,3,10,29,57,140,35,31,20,265,21,6*6A
$GPGSV,2,1,07,10,02,342,29,13,10,030,26,18,68,245,28,23,30,357,47,8*6E
$GPGSV,2,2,07,25,48,019,53,26,30,228,25,28,20,297,20,8*51
$GPGSV,1,1,04,15,11,062,,16,03,219,,20,03,090,,21,04,144,,0*61
$GAGSV,2,1,06,10,33,142,32,11,61,155,28,14,20,087,24,16,35,040,42,1*76
$GAGSV,2,2,06,25,86,031,36,36,60,291,16,1*73
$GAGSV,1,1,02,16,35,040,48,25,86,031,37,5*75
$GAGSV,2,1,06,10,33,142,27,11,61,155,26,14,20,087,28,16,35,040,47,7*73
$GAGSV,2,2,06,25,86,031,37,36,60,291,16,7*74
$GAGSV,1,1,03,02,36,221,,12,11,137,,34,11,309,,0*4A
$GBGSV,3,1,09,12,22,104,08,19,27,075,46,20,15,122,16,22,14,022,22,3*79
$GBGSV,3,2,09,24,27,233,26,29,21,116,30,31,37,252,21,35,59,173,25,3*7C
$GBGSV,3,3,09,39,26,001,47,3*41
$GBGSV,3,1,10,12,22,104,31,19,27,075,47,20,15,122,18,22,14,022,22,5*72
$GBGSV,3,2,10,24,27,233,14,26,51,289,20,29,21,116,30,31,37,252,19,5*71
$GBGSV,3,3,10,35,59,173,26,39,26,001,44,5*77
$GBGSV,3,1,10,12,22,104,27,19,27,075,42,20,15,122,22,22,14,022,28,8*7E
$GBGSV,3,2,10,24,27,233,30,26,51,289,12,29,21,116,32,31,37,252,22,8*71
$GBGSV,3,3,10,35,59,173,26,39,26,001,45,8*7B
$GBGSV,1,1,01,11,01,108,,0*4E
$GNGLL,3001.74279,S,05112.74980,W,171444.00,A,A*73
$GNRMC,171445.00,A,3001.74279,S,05112.74979,W,0.017,,090926,,,A,V*15
$GNVTG,,T,,M,0.017,N,0.032,K,A*3A
$GNGGA,171445.00,3001.74279,S,05112.74979,W,1,12,0.71,48.5,M,4.8,M,,*41
$GNGSA,M,3,12,18,23,25,26,28,29,31,05,,,,1.37,0.71,1.17,1*07
$GNGSA,M,3,16,25,36,10,11,,,,,,,,1.37,0.71,1.17,3*0F
$GNGSA,M,3,12,19,20,22,24,26,29,31,35,39,,,1.37,0.71,1.17,4*02
$GPGSV,3,1,11,05,34,128,43,10,02,342,30,12,16,034,36,13,10,030,14,1*6E
$GPGSV,3,2,11,18,68,245,16,23,30,357,46,25,48,019,49,26,30,228,26,1*62
$GPGSV,3,3,11,28,20,297,26,29,57,140,42,31,20,265,26,1*5B
$GPGSV,3,1,10,05,34,128,36,10,02,342,30,12,16,034,19,13,10,030,15,6*66
$GPGSV,3,2,10,18,68,245,20,23,30,357,41,25,48,019,44,28,20,297,18,6*6D
$GPGSV,3,3,10,29,57,140,35,31,20,265,21,6*6A
$GPGSV,2,1,07,10,02,342,29,13,10,030,26,18,68,245,28,23,30,357,47,8*6E
$GPGSV,2,2,07,25,48,019,53,26,30,228,25,28,20,297,19,8*5B
$GPGSV,1,1,04,15,11,062,,16,03,219,,20,03,090,,21,04,144,,0*61
$GAGSV,2,1,06,10,33,142,32,11,61,155,28,14,20,087,24,16,35,040,42,1*76
$GAGSV,2,2,06,25,86,031,36,36,60,291,16,1*73
$GAGSV,1,1,02,16,35,040,48,25,86,031,37,5*75
$GAGSV,2,1,06,10,33,142,28,11,61,155,26,14,20,087,28,16,35,040,47,7*7C
$GAGSV,2,2,06,25,86,031,37,36,60,291,16,7*74
$GAGSV,1,1,03,02,36,221,,12,11,137,,34,11,309,,0*4A
$GBGSV,3,1,09,12,22,105,13,19,27,075,46,20,15,122,15,22,14,022,22,3*71
$GBGSV,3,2,09,24,27,233,26,29,21,116,30,31,37,252,20,35,59,173,25,3*7D
$GBGSV,3,3,09,39,26,001,47,3*41
$GBGSV,3,1,10,12,22,105,31,19,27,075,47,20,15,122,18,22,14,022,22,5*73
$GBGSV,3,2,10,24,27,233,14,26,51,289,20,29,21,116,30,31,37,252,20,5*7B
$GBGSV,3,3,10,35,59,173,26,39,26,001,44,5*77
$GBGSV,3,1,10,12,22,105,28,19,27,075,42,20,15,122,21,22,14,022,28,8*73
$GBGSV,3,2,10,24,27,233,31,26,51,289,13,29,21,116,32,31,37,252,22,8*71
$GBGSV,3,3,10,35,59,173,26,39,26,001,45,8*7B
$GBGSV,1,1,01,11,01,108,,0*4E
$GNGLL,3001.74279,S,05112.74979,W,171445.00,A,A*74
$GNRMC,171446.00,A,3001.74279,S,05112.74979,W,0.023,,090926,,,A,V*11
$GNVTG,,T,,M,0.023,N,0.043,K,A*3B
$GNGGA,171446.00,3001.74279,S,05112.74979,W,1,12,0.71,48.5,M,4.8,M,,*42
$GNGSA,M,3,12,18,23,25,26,28,29,31,05,,,,1.37,0.71,1.17,1*07
$GNGSA,M,3,16,25,36,10,11,,,,,,,,1.37,0.71,1.17,3*0F
$GNGSA,M,3,12,19,20,22,24,26,29,31,35,39,,,1.37,0.71,1.17,4*02
$GPGSV,3,1,11,05,34,128,42,10,02,342,31,12,16,034,36,13,10,030,15,1*6F
$GPGSV,3,2,11,18,68,245,17,23,30,357,46,25,48,019,49,26,30,228,25,1*60
$GPGSV,3,3,11,28,20,297,27,29,57,140,42,31,20,265,25,1*59
$GPGSV,3,1,10,05,34,128,36,10,02,342,29,12,16,034,19,13,10,030,16,6*6D
$GPGSV,3,2,10,18,68,245,20,23,30,357,41,25,48,019,44,28,20,297,20,6*66
$GPGSV,3,3,10,29,57,140,35,31,20,265,21,6*6A
$GPGSV,2,1,07,10,02,342,29,13,10,030,26,18,68,245,28,23,30,357,47,8*6E
$GPGSV,2,2,07,25,48,019,53,26,30,228,25,28,20,297,19,8*5B
$GPGSV,1,1,04,15,11,062,,16,03,219,,20,03,090,,21,04,144,,0*61
$GAGSV,2,1,06,10,33,142,32,11,61,155,28,14,20,087,24,16,35,040,42,1*76
$GAGSV,2,2,06,25,86,031,36,36,60,291,16,1*73
$GAGSV,1,1,02,16,35,040,48,25,86,031,37,5*75
$GAGSV,2,1,06,10,33,142,27,11,61,155,26,14,20,087,28,16,35,040,47,7*73
$GAGSV,2,2,06,25,86,031,37,36,60,291,15,7*77
$GAGSV,1,1,03,02,36,221,,12,11,137,,34,11,309,,0*4A
$GBGSV,3,1,09,12,22,105,16,19,27,075,46,20,15,122,15,22,14,022,22,3*74
$GBGSV,3,2,09,24,27,233,26,29,21,116,29,31,37,252,19,35,59,173,25,3*7F
$GBGSV,3,3,09,39,26,001,47,3*41
$GBGSV,3,1,10,12,22,105,31,19,27,075,47,20,15,122,18,22,14,022,22,5*73
$GBGSV,3,2,10,24,27,233,14,26,51,289,20,29,21,116,30,31,37,252,20,5*7B
$GBGSV,3,3,10,35,59,173,26,39,26,001,44,5*77
$GBGSV,3,1,10,12,22,105,29,19,27,075,42,20,15,122,21,22,14,022,28,8*72
$GBGSV,3,2,10,24,27,233,31,26,51,289,15,29,21,116,32,31,37,252,23,8*76
$GBGSV,3,3,10,35,59,173,26,39,26,001,46,8*78
$GBGSV,1,1,01,11,01,108,,0*4E
$GNGLL,3001.74279,S,05112.74979,W,171446.00,A,A*77
$GNRMC,171447.00,A,3001.74279,S,05112.74978,W,0.034,,090926,,,A,V*17
$GNVTG,,T,,M,0.034,N,0.063,K,A*3F
$GNGGA,171447.00,3001.74279,S,05112.74978,W,1,12,0.71,48.5,M,4.8,M,,*42
$GNGSA,M,3,12,18,23,25,26,28,29,31,05,,,,1.37,0.71,1.17,1*07
$GNGSA,M,3,16,25,36,10,11,,,,,,,,1.37,0.71,1.17,3*0F
$GNGSA,M,3,12,19,20,22,24,26,29,31,35,39,,,1.37,0.71,1.17,4*02
$GPGSV,3,1,11,05,34,128,43,10,02,342,31,12,16,034,36,13,10,030,13,1*68
$GPGSV,3,2,11,18,68,245,17,23,30,357,46,25,48,019,49,26,30,228,25,1*60
$GPGSV,3,3,11,28,20,297,26,29,57,140,42,31,20,265,26,1*5B
$GPGSV,3,1,10,05,34,128,36,10,02,342,30,12,16,034,18,13,10,030,16,6*64
$GPGSV,3,2,10,18,68,245,19,23,30,357,41,25,48,019,44,28,20,297,20,6*6C
$GPGSV,3,3,10,29,57,140,35,31,20,265,21,6*6A
$GPGSV,2,1,07,10,02,342,29,13,10,030,26,18,68,245,28,23,30,357,47,8*6E
$GPGSV,2,2,07,25,48,019,53,26,30,228,25,28,20,297,19,8*5B
$GPGSV,1,1,04,15,11,062,,16,03,219,,20,03,090,,21,04,144,,0*61
$GAGSV,2,1,06,10,33,142,32,11,61,155,28,14,20,087,23,16,35,040,42,1*71
$GAGSV,2,2,06,25,86,031,36,36,60,291,16,1*73
$GAGSV,1,1,02,16,35,040,48,25,86,031,37,5*75
$GAGSV,2,1,06,10,33,142,27,11,61,155,26,14,20,087,29,16,35,040,47,7*72
$GAGSV,2,2,06,25,86,031,37,36,60,291,15,7*77
$GAGSV,1,1,03,02,36,221,,12,11,137,,34,11,309,,0*4A
$GBGSV,3,1,09,12,22,105,16,19,27,075,46,20,15,122,15,22,14,022,22,3*74
$GBGSV,3,2,09,24,27,233,26,29,21,116,29,31,37,252,20,35,59,173,24,3*74
$GBGSV,3,3,09,39,26,001,47,3*41
$GBGSV,3,1,10,12,22,105,30,19,27,075,47,20,15,122,18,22,14,022,23,5*73
$GBGSV,3,2,10,24,27,233,14,26,51,289,20,29,21,116,30,31,37,252,20,5*7B
$GBGSV,3,3,10,35,59,173,26,39,26,001,44,5*77
$GBGSV,3,1,10,12,22,105,30,19,27,075,42,20,15,122,22,22,14,022,28,8*79
$GBGSV,3,2,10,24,27,233,31,26,51,289,16,29,21,116,32,31,37,252,23,8*75
$GBGSV,3,3,10,35,59,173,25,39,26,001,46,8*7B
$GBGSV,1,1,01,11,01,108,,0*4E
$GNGLL,3001.74279,S,05112.74978,W,171447.00,A,A*77
$GNRMC,171448.00,A,3001.74280,S,05112.74979,W,0.032,,090926,,,A,V*19
$GNVTG,,T,,M,0.032,N,0.060,K,A*3A
$GNGGA,171448.00,3001.74280,S,05112.74979,W,1,12,0.71,48.5,M,4.8,M,,*4A
$GNGSA,M,3,12,18,23,25,26,28,29,31,05,,,,1.37,0.71,1.17,1*07
$GNGSA,M,3,16,25,36,10,11,,,,,,,,1.37,0.71,1.17,3*0F
$GNGSA,M,3,12,19,20,22,24,26,29,31,35,39,,,1.37,0.71,1.17,4*02
$GPGSV,3,1,11,05,34,128,43,10,02,342,31,12,16,034,36,13,10,030,09,1*63
$GPGSV,3,2,11,18,68,245,17,23,30,357,46,25,48,019,49,26,30,228,25,1*60
$GPGSV,3,3,11,28,20,297,27,29,57,140,43,31,20,265,25,1*58
$GPGSV,3,1,10,05,34,128,36,10,02,342,30,12,16,034,18,13,10,030,16,6*64
$GPGSV,3,2,10,18,68,245,19,23,30,357,41,25,48,019,44,28,20,297,20,6*6C
$GPGSV,3,3,10,29,57,140,35,31,20,265,21,6*6A
$GPGSV,2,1,07,10,02,342,29,13,10,030,27,18,68,245,28,23,30,357,47,8*6F
$GPGSV,2,2,07,25,48,019,52,26,30,228,25,28,20,297,20,8*50
$GPGSV,1,1,04,15,11,062,,16,03,219,,20,03,090,,21,04,144,,0*61
$GAGSV,2,1,06,10,33,142,32,11,61,155,28,14,20,087,23,16,35,040,42,1*71
$GAGSV,2,2,06,25,86,031,36,36,60,291,17,1*72
$GAGSV,1,1,02,16,35,040,48,25,86,031,37,5*75
$GAGSV,2,1,06,10,33,142,27,11,61,155,26,14,20,087,28,16,35,040,47,7*73
$GAGSV,2,2,06,25,86,031,37,36,60,291,13,7*71
$GAGSV,1,1,03,02,36,221,,12,11,137,,34,11,309,,0*4A
$GBGSV,3,1,09,12,22,105,16,19,27,076,46,20,15,122,16,22,14,022,22,3*74
$GBGSV,3,2,09,24,27,233,26,29,21,116,29,31,37,252,19,35,59,173,24,3*7E
$GBGSV,3,3,09,39,26,001,47,3*41
$GBGSV,3,1,10,12,22,105,31,19,27,076,47,20,15,122,18,22,14,022,23,5*71
$GBGSV,3,2,10,24,27,233,15,26,51,289,20,29,21,116,30,31,37,252,20,5*7A
$GBGSV,3,3,10,35,59,173,26,39,26,001,44,5*77
$GBGSV,3,1,10,12,22,105,30,19,27,076,42,20,15,122,22,22,14,022,28,8*7A
$GBGSV,3,2,10,24,27,233,31,26,51,289,17,29,21,116,32,31,37,252,23,8*74
$GBGSV,3,3,10,35,59,173,25,39,26,001,46,8*7B
$GBGSV,1,1,01,11,01,108,,0*4E
$GNGLL,3001.74280,S,05112.74979,W,171448.00,A,A*7F
$GNRMC,171449.00,A,3001.74279,S,05112.74978,W,0.005,,090926,,,A,V*1B
$GNVTG,,T,,M,0.005,N,0.008,K,A*30
$GNGGA,171449.00,3001.74279,S,05112.74978,W,1,12,0.71,48.4,M,4.8,M,,*4D
$GNGSA,M,3,12,18,23,25,26,28,29,31,05,,,,1.37,0.71,1.17,1*07
$GNGSA,M,3,16,25,36,10,11,,,,,,,,1.37,0.71,1.17,3*0F
$GNGSA,M,3,12,19,20,22,24,26,29,31,35,39,,,1.37,0.71,1.17,4*02
$GPGSV,3,1,11,05,34,128,43,10,02,342,31,12,16,034,35,13,10,030,14,1*6C
$GPGSV,3,2,11,18,68,245,17,23,30,357,46,25,48,019,49,26,30,228,24,1*61
$GPGSV,3,3,11,28,20,297,27,29,57,140,42,31,20,265,26,1*5A
$GPGSV,3,1,10,05,34,128,36,10,02,342,30,12,16,034,19,13,10,030,16,6*65
$GPGSV,3,2,10,18,68,245,19,23,30,357,41,25,48,019,44,28,20,297,20,6*6C
$GPGSV,3,3,10,29,57,140,35,31,20,265,22,6*69
$GPGSV,2,1,07,10,02,342,30,13,10,030,27,18,68,245,28,23,30,357,47,8*67
$GPGSV,2,2,07,25,48,019,52,26,30,228,25,28,20,297,21,8*51
$GPGSV,1,1,04,15,11,062,,16,03,219,,20,03,090,,21,04,144,,0*61
$GAGSV,2,1,06,10,33,142,32,11,61,155,28,14,20,087,23,16,35,040,42,1*71
$GAGSV,2,2,06,25,86,031,36,36,60,291,17,1*72
$GAGSV,1,1,02,16,35,040,48,25,86,031,37,5*75
$GAGSV,2,1,06,10,33,142,27,11,61,155,25,14,20,087,29,16,35,040,47,7*71
$GAGSV,2,2,06,25,86,031,37,36,60,291,12,7*70
$GAGSV,1,1,03,02,36,221,,12,11,137,,34,11,309,,0*4A
$GBGSV,3,1,09,12,22,105,16,19,27,076,46,20,15,123,15,22,14,022,23,3*77
$GBGSV,3,2,09,24,27,233,26,29,21,116,30,31,37,252,19,35,59,173,23,3*71
$GBGSV,3,3,09,39,26,001,47,3*41
$GBGSV,3,1,10,12,22,105,31,19,27,076,47,20,15,123,18,22,14,022,23,5*70
$GBGSV,3,2,10,24,27,233,14,26,51,289,20,29,21,116,30,31,37,252,20,5*7B
$GBGSV,3,3,10,35,59,173,26,39,26,001,44,5*77
$GBGSV,3,1,10,12,22,105,31,19,27,076,42,20,15,123,22,22,14,022,29,8*7B
$GBGSV,3,2,10,24,27,233,31,26,51,289,16,29,21,116,33,31,37,252,23,8*74
$GBGSV,3,3,10,35,59,173,25,39,26,001,46,8*7B
$GBGSV,1,1,01,11,01,108,,0*4E
$GNGLL,3001.74279,S,05112.74978,W,171449.00,A,A*79
$GNRMC,171450.00,A,3001.74279,S,05112.74977,W,0.017,,090926,,,A,V*1F
$GNVTG,,T,,M,0.017,N,0.031,K,A*39
$GNGGA,171450.00,3001.74279,S,05112.74977,W,1,12,0.71,48.5,M,4.8,M,,*4B
$GNGSA,M,3,12,18,23,25,26,28,29,31,05,,,,1.37,0.71,1.17,1*07
$GNGSA,M,3,16,25,36,10,11,,,,,,,,1.37,0.71,1.17,3*0F
$GNGSA,M,3,12,19,20,22,24,26,29,31,35,39,,,1.37,0.71,1.17,4*02
$GPGSV,3,1,11,05,34,128,43,10,02,342,31,12,16,034,36,13,10,030,11,1*6A
$GPGSV,3,2,11,18,68,245,17,23,30,357,46,25,48,019,49,26,30,228,23,1*66
$GPGSV,3,3,11,28,20,297,27,29,57,140,42,31,20,265,26,1*5A
$GPGSV,3,1,10,05,34,128,36,10,02,342,30,12,16,034,18,13,10,030,18,6*6A
$GPGSV,3,2,10,18,68,245,19,23,30,357,41,25,48,019,44,28,20,297,21,6*6D
$GPGSV,3,3,10,29,57,140,35,31,20,265,22,6*69
$GPGSV,2,1,07,10,02,342,30,13,10,030,27,18,68,245,28,23,30,357,47,8*67
$GPGSV,2,2,07,25,48,019,52,26,30,228,25,28,20,297,20,8*50
$GPGSV,1,1,04,15,11,062,,16,03,219,,20,03,090,,21,04,144,,0*61
$GAGSV,2,1,06,10,33,142,32,11,61,155,28,14,20,087,23,16,35,040,42,1*71
$GAGSV,2,2,06,25,86,031,36,36,60,291,17,1*72
$GAGSV,1,1,02,16,35,040,48,25,86,031,37,5*75
$GAGSV,2,1,05,10,33,142,27,11,61,155,25,14,20,087,28,16,35,040,47,7*73
$GAGSV,2,2,05,25,86,031,37,7*49
$GAGSV,1,1,03,02,36,221,,12,11,137,,34,11,309,,0*4A
$GBGSV,3,1,09,12,22,105,16,19,27,076,46,20,15,123,16,22,14,022,23,3*74
$GBGSV,3,2,09,24,27,233,26,29,21,116,30,31,37,252,18,35,59,173,23,3*70
$GBGSV,3,3,09,39,26,001,47,3*41
$GBGSV,3,1,10,12,22,105,30,19,27,076,47,20,15,123,18,22,14,022,23,5*71
$GBGSV,3,2,10,24,27,233,13,26,51,289,20,29,21,116,31,31,37,252,20,5*7D
$GBGSV,3,3,10,35,59,173,26,39,26,001,44,5*77
$GBGSV,3,1,10,12,22,105,31,19,27,076,42,20,15,123,22,22,14,022,29,8*7B
$GBGSV,3,2,10,24,27,233,31,26,51,289,16,29,21,116,33,31,37,252,23,8*74
$GBGSV,3,3,10,35,59,173,25,39,26,001,46,8*7B
$GBGSV,1,1,01,11,01,108,,0*4E
$GNGLL,3001.74279,S,05112.74977,W,171450.00,A,A*7E
$GNRMC,171451.00,A,3001.74279,S,05112.74977,W,0.029,,090926,,,A,V*13
$GNVTG,,T,,M,0.029,N,0.054,K,A*37
$GNGGA,171451.00,3001.74279,S,05112.74977,W,1,12,0.72,48.4,M,4.8,M,,*48
$GNGSA,M,3,12,18,23,25,26,28,29,31,05,,,,1.37,0.72,1.17,1*04
$GNGSA,M,3,16,25,36,10,11,,,,,,,,1.37,0.72,1.17,3*0C
$GNGSA,M,3,12,19,20,22,24,26,29,31,35,39,,,1.37,0.72,1.17,4*01
$GPGSV,3,1,11,05,34,128,43,10,02,342,31,12,16,034,36,13,10,030,10,1*6B
$GPGSV,3,2,11,18,68,245,17,23,30,357,46,25,48,019,49,26,30,228,22,1*67
$GPGSV,3,3,11,28,20,297,27,29,57,140,43,31,20,265,26,1*5B
$GPGSV,3,1,10,05,34,128,36,10,02,342,30,12,16,034,18,13,10,030,18,6*6A
$GPGSV,3,2,10,18,68,245,19,23,30,357,41,25,48,019,44,28,20,297,22,6*6E
$GPGSV,3,3,10,29,57,140,35,31,20,265,22,6*69
$GPGSV,2,1,07,10,02,342,30,13,10,030,26,18,68,245,28,23,30,357,47,8*66
$GPGSV,2,2,07,25,48,019,52,26,30,228,25,28,20,297,20,8*50
$GPGSV,1,1,04,15,11,062,,16,03,219,,20,03,090,,21,04,144,,0*61
$GAGSV,2,1,06,10,33,142,31,11,61,155,28,14,20,087,23,16,35,040,42,1*72
$GAGSV,2,2,06,25,86,031,36,36,60,291,18,1*7D
$GAGSV,1,1,02,16,35,040,48,25,86,031,37,5*75
$GAGSV,2,1,05,10,33,142,27,11,61,155,26,14,20,087,28,16,35,040,47,7*70
$GAGSV,2,2,05,25,86,031,37,7*49
$GAGSV,1,1,03,02,36,221,,12,11,137,,34,11,309,,0*4A
$GBGSV,3,1,09,12,22,105,16,19,27,076,46,20,15,123,17,22,14,022,23,3*75
$GBGSV,3,2,09,24,27,233,26,29,21,116,29,31,37,252,18,35,59,173,23,3*78
$GBGSV,3,3,09,39,26,001,47,3*41
$GBGSV,3,1,10,12,22,105,30,19,27,076,47,20,15,123,18,22,14,022,23,5*71
$GBGSV,3,2,10,24,27,233,14,26,51,289,20,29,21,116,31,31,37,252,20,5*7A
$GBGSV,3,3,10,35,59,173,26,39,26,001,44,5*77
$GBGSV,3,1,10,12,22,105,32,19,27,076,42,20,15,123,22,22,14,022,29,8*78
$GBGSV,3,2,10,24,27,233,31,26,51,289,16,29,21,116,33,31,37,252,24,8*73
$GBGSV,3,3,10,35,59,173,25,39,26,001,45,8*78
$GBGSV,1,1,01,11,01,108,,0*4E
$GNGLL,3001.74279,S,05112.74977,W,171451.00,A,A*7F
$GNRMC,171452.00,A,3001.74279,S,05112.74977,W,0.034,,090926,,,A,V*1C
$GNVTG,,T,,M,0.034,N,0.062,K,A*3E
$GNGGA,171452.00,3001.74279,S,05112.74977,W,1,12,0.72,48.4,M,4.8,M,,*4B
$GNGSA,M,3,12,18,23,25,26,28,29,31,05,,,,1.37,0.72,1.17,1*04
$GNGSA,M,3,16,25,36,10,11,,,,,,,,1.37,0.72,1.17,3*0C
$GNGSA,M,3,12,19,20,22,24,26,29,31,35,39,,,1.37,0.72,1.17,4*01
$GPGSV,3,1,11,05,34,128,42,10,02,342,31,12,16,034,36,13,10,030,11,1*6B
$GPGSV,3,2,11,18,68,245,17,23,30,357,47,25,48,019,49,26,30,228,21,1*65
$GPGSV,3,3,11,28,20,297,27,29,57,140,43,31,20,265,26,1*5B
$GPGSV,3,1,10,05,34,128,36,10,02,342,31,12,16,034,18,13,10,030,18,6*6B
$GPGSV,3,2,10,18,68,245,18,23,30,357,41,25,48,019,45,28,20,297,22,6*6E
$GPGSV,3,3,10,29,57,140,35,31,20,265,22,6*69
$GPGSV,2,1,07,10,02,342,31,13,10,030,26,18,68,245,28,23,30,357,47,8*67
$GPGSV,2,2,07,25,48,019,53,26,30,228,25,28,20,297,19,8*5B
$GPGSV,1,1,04,15,11,062,,16,03,219,,20,03,090,,21,04,144,,0*61
$GAGSV,2,1,06,10,33,142,32,11,61,155,28,14,20,087,24,16,35,040,42,1*76
$GAGSV,2,2,06,25,86,031,36,36,60,291,18,1*7D
$GAGSV,1,1,02,16,35,040,48,25,86,031,37,5*75
$GAGSV,2,1,05,10,33,142,27,11,61,155,26,14,20,087,29,16,35,040,47,7*71
$GAGSV,2,2,05,25,86,031,38,7*46
$GAGSV,1,1,03,02,36,221,,12,11,137,,34,11,309,,0*4A
$GBGSV,3,1,09,12,22,105,16,19,27,076,46,20,15,123,18,22,14,022,23,3*7A
$GBGSV,3,2,09,24,27,233,26,29,21,116,29,31,37,252,18,35,59,173,23,3*78
$GBGSV,3,3,09,39,26,001,47,3*41
$GBGSV,3,1,10,12,22,105,30,19,27,076,47,20,15,123,18,22,14,022,23,5*71
$GBGSV,3,2,10,24,27,233,13,26,51,289,20,29,21,116,31,31,37,252,21,5*7C
$GBGSV,3,3,10,35,59,173,26,39,26,001,44,5*77
$GBGSV,3,1,10,12,22,105,32,19,27,076,42,20,15,123,22,22,14,022,29,8*78
$GBGSV,3,2,10,24,27,233,31,26,51,289,16,29,21,116,33,31,37,252,24,8*73
$GBGSV,3,3,10,35,59,173,25,39,26,001,46,8*7B
$GBGSV,1,1,01,11,01,108,,0*4E
$GNGLL,3001.74279,S,05112.74977,W,171452.00,A,A*7C
$GNRMC,171453.00,A,3001.74280,S,05112.74977,W,0.027,,090926,,,A,V*19
$GNVTG,,T,,M,0.027,N,0.051,K,A*3C
$GNGGA,171453.00,3001.74280,S,05112.74977,W,1,12,0.72,48.4,M,4.8,M,,*4C
$GNGSA,M,3,12,18,23,25,26,28,29,31,05,,,,1.37,0.72,1.17,1*04
$GNGSA,M,3,16,25,36,10,11,,,,,,,,1.37,0.72,1.17,3*0C
$GNGSA,M,3,12,19,20,22,24,26,29,31,35,39,,,1.37,0.72,1.17,4*01
$GPGSV,3,1,11,05,34,128,42,10,02,342,31,12,16,034,36,13,10,030,08,1*63
$GPGSV,3,2,11,18,68,245,17,23,30,357,47,25,48,019,49,26,30,228,19,1*6E
$GPGSV,3,3,11,28,20,297,27,29,57,140,43,31,20,265,26,1*5B
$GPGSV,3,1,10,05,34,128,36,10,02,342,31,12,16,034,18,13,10,030,17,6*64
$GPGSV,3,2,10,18,68,245,18,23,30,357,41,25,48,019,44,28,20,297,22,6*6F
$GPGSV,3,3,10,29,57,140,35,31,20,265,22,6*69
$GPGSV,2,1,07,10,02,342,31,13,10,030,27,18,68,245,28,23,30,357,47,8*66
$GPGSV,2,2,07,25,48,019,53,26,30,228,25,28,20,297,20,8*51
$GPGSV,1,1,04,15,11,062,,16,03,219,,20,03,090,,21,04,144,,0*61
$GAGSV,2,1,06,10,33,142,32,11,61,155,28,14,20,087,24,16,35,040,42,1*76
$GAGSV,2,2,06,25,86,031,36,36,60,291,18,1*7D
$GAGSV,1,1,02,16,35,040,48,25,86,031,37,5*75
$GAGSV,2,1,05,10,33,142,27,11,61,155,25,14,20,087,29,16,35,040,47,7*72
$GAGSV,2,2,05,25,86,031,38,7*46
$GAGSV,1,1,03,02,36,221,,12,11,137,,34,11,309,,0*4A
$GBGSV,3,1,09,12,22,105,15,19,27,076,46,20,15,123,18,22,14,022,24,3*7E
$GBGSV,3,2,09,24,27,234,26,29,21,116,30,31,37,252,18,35,59,173,23,3*77
$GBGSV,3,3,09,39,26,001,47,3*41
$GBGSV,3,1,10,12,22,105,30,19,27,076,47,20,15,123,18,22,14,022,23,5*71
$GBGSV,3,2,10,24,27,234,14,26,51,289,20,29,21,116,31,31,37,252,20,5*7D
$GBGSV,3,3,10,35,59,173,26,39,26,001,44,5*77
$GBGSV,3,1,10,12,22,105,32,19,27,076,42,20,15,123,22,22,14,022,29,8*78
$GBGSV,3,2,10,24,27,234,31,26,51,289,17,29,21,116,33,31,37,252,24,8*75
$GBGSV,3,3,10,35,59,173,25,39,26,001,45,8*78
$GBGSV,1,1,01,11,01,108,,0*4E
$GNGLL,3001.74280,S,05112.74977,W,171453.00,A,A*7B
$GNRMC,171454.00,A,3001.74280,S,05112.74977,W,0.015,,090926,,,A,V*1F
$GNVTG,,T,,M,0.015,N,0.027,K,A*3C
$GNGGA,171454.00,3001.74280,S,05112.74977,W,1,12,0.72,48.4,M,4.8,M,,*4B
$GNGSA,M,3,12,18,23,25,26,28,29,31,05,,,,1.37,0.72,1.17,1*04
$GNGSA,M,3,16,25,36,10,11,,,,,,,,1.37,0.72,1.17,3*0C
$GNGSA,M,3,12,19,20,22,24,26,29,31,35,39,,,1.37,0.72,1.17,4*01
$GPGSV,3,1,11,05,34,128,43,10,02,342,32,12,16,034,36,13,10,030,09,1*60
$GPGSV,3,2,11,18,68,245,18,23,30,357,47,25,48,019,49,26,30,228,18,1*60
$GPGSV,3,3,11,28,20,297,27,29,57,140,43,31,20,265,27,1*5A
$GPGSV,3,1,10,05,34,128,36,10,02,342,31,12,16,034,18,13,10,030,18,6*6B
$GPGSV,3,2,10,18,68,245,18,23,30,357,41,25,48,019,45,28,20,297,22,6*6E
$GPGSV,3,3,10,29,57,140,35,31,20,265,23,6*68
$GPGSV,2,1,07,10,02,342,31,13,10,030,27,18,68,245,28,23,30,357,47,8*66
$GPGSV,2,2,07,25,48,019,52,26,30,228,25,28,20,297,19,8*5A
$GPGSV,1,1,04,15,11,062,,16,03,219,,20,03,090,,21,04,144,,0*61
$GAGSV,2,1,06,10,33,142,32,11,61,155,28,14,20,087,24,16,35,040,43,1*77
$GAGSV,2,2,06,25,86,031,36,36,60,291,18,1*7D
$GAGSV,1,1,02,16,35,040,48,25,86,031,37,5*75
$GAGSV,2,1,05,10,33,142,27,11,61,155,25,14,20,087,29,16,35,040,47,7*72
$GAGSV,2,2,05,25,86,031,38,7*46
$GAGSV,1,1,03,02,36,221,,12,11,137,,34,11,309,,0*4A
$GBGSV,3,1,09,12,22,105,15,19,27,076,47,20,15,123,18,22,14,022,25,3*7E
$GBGSV,3,2,09,24,27,234,26,29,21,116,29,31,37,252,17,35,59,173,23,3*70
$GBGSV,3,3,09,39,26,001,47,3*41
$GBGSV,3,1,10,12,22,105,30,19,27,076,47,20,15,123,18,22,14,022,23,5*71
$GBGSV,3,2,10,24,27,234,14,26,51,289,21,29,21,116,31,31,37,252,21,5*7D
$GBGSV,3,3,10,35,59,173,26,39,26,001,44,5*77
$GBGSV,3,1,10,12,22,105,32,19,27,076,42,20,15,123,22,22,14,022,29,8*78
$GBGSV,3,2,10,24,27,234,31,26,51,289,17,29,21,116,33,31,37,252,24,8*75
$GBGSV,3,3,10,35,59,173,25,39,26,001,46,8*7B
$GBGSV,1,1,01,11,01,108,,0*4E
$GNGLL,3001.74280,S,05112.74977,W,171454.00,A,A*7C
$GNRMC,171455.00,A,3001.74281,S,05112.74977,W,0.045,,090926,,,A,V*1A
$GNVTG,,T,,M,0.045,N,0.083,K,A*37
$GNGGA,171455.00,3001.74281,S,05112.74977,W,1,12,0.75,48.4,M,4.8,M,,*4C
$GNGSA,M,3,12,18,23,25,26,28,29,31,05,,,,1.39,0.75,1.17,1*0D
$GNGSA,M,3,16,25,36,10,11,,,,,,,,1.39,0.75,1.17,3*05
$GNGSA,M,3,12,19,20,22,24,26,29,31,35,39,,,1.39,0.75,1.17,4*08
$GPGSV,3,1,11,05,34,128,42,10,02,342,32,12,16,034,36,13,10,030,13,1*6A
$GPGSV,3,2,11,18,68,245,19,23,30,357,47,25,48,019,49,26,30,228,16,1*6F
$GPGSV,3,3,11,28,20,297,27,29,57,140,43,31,20,265,27,1*5A
$GPGSV,1,1,01,26,30,228,16,5*59
$GPGSV,3,1,10,05,34,128,36,10,02,342,31,12,16,034,17,13,10,030,18,6*64
$GPGSV,3,2,10,18,68,245,18,23,30,357,41,25,48,019,44,28,20,297,23,6*6E
$GPGSV,3,3,10,29,57,140,35,31,20,265,23,6*68
$GPGSV,2,1,07,10,02,342,32,13,10,030,27,18,68,245,28,23,30,357,47,8*65
$GPGSV,2,2,07,25,48,019,52,26,30,228,25,28,20,297,19,8*5A
$GPGSV,1,1,04,15,11,062,,16,03,219,,20,03,090,,21,04,144,,0*61
$GAGSV,2,1,06,10,33,142,31,11,61,155,28,14,20,087,24,16,35,040,43,1*74
$GAGSV,2,2,06,25,86,031,36,36,60,291,18,1*7D
$GAGSV,1,1,02,16,35,040,48,25,86,031,37,5*75
$GAGSV,2,1,05,10,33,142,27,11,61,155,25,14,20,087,28,16,35,040,47,7*73
$GAGSV,2,2,05,25,86,031,38,7*46
$GAGSV,1,1,03,02,36,221,,12,11,137,,34,11,309,,0*4A
$GBGSV,3,1,09,12,22,105,14,19,27,076,47,20,15,123,20,22,14,022,25,3*74
$GBGSV,3,2,09,24,27,234,26,29,21,116,29,31,37,252,17,35,59,173,23,3*70
$GBGSV,3,3,09,39,26,001,47,3*41
$GBGSV,3,1,10,12,22,105,30,19,27,076,47,20,15,123,18,22,14,022,23,5*71
$GBGSV,3,2,10,24,27,234,15,26,51,290,20,29,21,116,31,31,37,252,21,5*75
$GBGSV,3,3,10,35,59,173,26,39,26,001,44,5*77
$GBGSV,3,1,10,12,22,105,32,19,27,076,42,20,15,123,22,22,14,022,29,8*78
$GBGSV,3,2,10,24,27,234,31,26,51,290,17,29,21,116,33,31,37,252,24,8*7D
$GBGSV,3,3,10,35,59,173,24,39,26,001,46,8*7A
$GBGSV,1,1,01,11,01,108,,0*4E
$GNGLL,3001.74281,S,05112.74977,W,171455.00,A,A*7C
$GNRMC,171456.00,A,3001.74281,S,05112.74977,W,0.042,,090926,,,A,V*1E
$GNVTG,,T,,M,0.042,N,0.078,K,A*34
$GNGGA,171456.00,3001.74281,S,05112.74977,W,1,12,0.75,48.4,M,4.8,M,,*4F
$GNGSA,M,3,12,18,23,25,28,29,31,05,,,,,1.39,0.75,1.17,1*09
$GNGSA,M,3,16,25,36,10,11,,,,,,,,1.39,0.75,1.17,3*05
$GNGSA,M,3,12,19,20,22,24,26,29,31,35,39,,,1.39,0.75,1.17,4*08
$GPGSV,3,1,11,05,34,128,42,10,02,342,32,12,16,034,35,13,10,030,13,1*69
$GPGSV,3,2,11,18,68,245,19,23,30,357,47,25,48,019,49,26,30,228,14,1*6D
$GPGSV,3,3,11,28,20,297,27,29,57,140,43,31,20,265,27,1*5A
$GPGSV,3,1,11,05,34,128,36,10,02,342,32,12,16,034,16,13,10,030,18,6*67
$GPGSV,3,2,11,18,68,245,17,23,30,357,41,25,48,019,44,26,30,228,16,6*6D
$GPGSV,3,3,11,28,20,297,22,29,57,140,35,31,20,265,24,6*5A
$GPGSV,2,1,07,10,02,342,32,13,10,030,27,18,68,245,28,23,30,357,47,8*65
$GPGSV,2,2,07,25,48,019,52,26,30,228,25,28,20,297,19,8*5A
$GPGSV,1,1,04,15,11,062,,16,03,219,,20,03,090,,21,04,144,,0*61
$GAGSV,2,1,06,10,33,142,31,11,61,155,28,14,20,087,24,16,35,040,43,1*74
$GAGSV,2,2,06,25,86,031,37,36,60,291,19,1*7D
$GAGSV,1,1,02,16,35,040,48,25,86,031,37,5*75
$GAGSV,2,1,05,10,33,142,27,11,61,155,25,14,20,087,28,16,35,040,47,7*73
$GAGSV,2,2,05,25,86,031,38,7*46
$GAGSV,1,1,03,02,36,221,,12,11,137,,34,11,309,,0*4A
$GBGSV,3,1,09,12,22,105,14,19,27,076,47,20,15,123,21,22,14,022,25,3*75
$GBGSV,3,2,09,24,27,234,26,29,21,116,29,31,37,252,16,35,59,173,22,3*70
$GBGSV,3,3,09,39,26,001,47,3*41
$GBGSV,3,1,10,12,22,105,30,19,27,076,47,20,15,123,18,22,14,022,23,5*71
$GBGSV,3,2,10,24,27,234,15,26,51,290,20,29,21,116,31,31,37,252,21,5*75
$GBGSV,3,3,10,35,59,173,26,39,26,001,44,5*77
$GBGSV,3,1,10,12,22,105,32,19,27,076,42,20,15,123,22,22,14,022,29,8*78
$GBGSV,3,2,10,24,27,234,31,26,51,290,17,29,21,116,33,31,37,252,23,8*7A
$GBGSV,3,3,10,35,59,173,25,39,26,001,46,8*7B
$GBGSV,1,1,01,11,01,108,,0*4E
$GNGLL,3001.74281,S,05112.74977,W,171456.00,A,A*7F
$GNRMC,171457.00,A,3001.74281,S,05112.74977,W,0.018,,090926,,,A,V*10
$GNVTG,,T,,M,0.018,N,0.034,K,A*33
$GNGGA,171457.00,3001.74281,S,05112.74977,W,1,12,0.72,48.3,M,4.8,M,,*4E
$GNGSA,M,3,12,18,23,25,28,29,31,05,,,,,1.37,0.72,1.17,1*00
$GNGSA,M,3,16,25,36,10,11,,,,,,,,1.37,0.72,1.17,3*0C
$GNGSA,M,3,12,19,20,22,24,26,29,31,35,39,,,1.37,0.72,1.17,4*01
$GPGSV,3,1,11,05,34,128,42,10,02,342,32,12,16,034,36,13,10,030,11,1*68
$GPGSV,3,2,11,18,68,245,20,23,30,357,47,25,48,019,49,26,30,228,12,1*61
$GPGSV,3,3,11,28,20,297,27,29,57,140,43,31,20,265,27,1*5A
$GPGSV,3,1,11,05,34,128,36,10,02,342,32,12,16,034,16,13,10,030,18,6*67
$GPGSV,3,2,11,18,68,245,18,23,30,357,41,25,48,019,45,26,30,228,16,6*63
$GPGSV,3,3,11,28,20,297,22,29,57,140,35,31,20,265,23,6*5D
$GPGSV,2,1,07,10,02,342,32,13,10,030,27,18,68,245,28,23,30,357,47,8*65
$GPGSV,2,2,07,25,48,019,53,26,30,228,25,28,20,297,20,8*51
$GPGSV,1,1,04,15,11,062,,16,03,219,,20,03,090,,21,04,144,,0*61
$GAGSV,2,1,06,10,33,142,31,11,61,155,28,14,20,087,24,16,35,040,43,1*74
$GAGSV,2,2,06,25,86,031,36,36,60,291,19,1*7C
$GAGSV,1,1,02,16,35,040,48,25,86,031,37,5*75
$GAGSV,2,1,05,10,33,142,27,11,61,155,25,14,20,087,29,16,35,040,47,7*72
$GAGSV,2,2,05,25,86,031,38,7*46
$GAGSV,1,1,03,02,36,221,,12,11,137,,34,11,309,,0*4A
$GBGSV,3,1,09,12,22,105,14,19,27,076,47,20,15,123,21,22,14,022,25,3*75
$GBGSV,3,2,09,24,27,234,26,29,21,116,29,31,37,252,16,35,59,173,22,3*70
$GBGSV,3,3,09,39,26,001,47,3*41
$GBGSV,3,1,10,12,22,105,30,19,27,076,47,20,15,123,18,22,14,022,24,5*76
$GBGSV,3,2,10,24,27,234,15,26,51,290,21,29,21,116,31,31,37,252,22,5*77
$GBGSV,3,3,10,35,59,173,26,39,26,001,44,5*77
$GBGSV,3,1,10,12,22,105,33,19,27,076,42,20,15,123,22,22,14,022,29,8*79
$GBGSV,3,2,10,24,27,234,31,26,51,290,17,29,21,116,33,31,37,252,23,8*7A
$GBGSV,3,3,10,35,59,173,25,39,26,001,46,8*7B
$GBGSV,1,1,01,11,01,108,,0*4E
$GNGLL,3001.74281,S,05112.74977,W,171457.00,A,A*7E
$GNRMC,171458.00,A,3001.74281,S,05112.74976,W,0.005,,090926,,,A,V*12
$GNVTG,,T,,M,0.005,N,0.010,K,A*39
$GNGGA,171458.00,3001.74281,S,05112.74976,W,1,12,0.72,48.3,M,4.8,M,,*40
$GNGSA,M,3,12,18,23,25,28,29,31,05,,,,,1.37,0.72,1.17,1*00
$GNGSA,M,3,16,25,36,10,11,,,,,,,,1.37,0.72,1.17,3*0C
$GNGSA,M,3,12,19,20,22,24,26,29,31,35,39,,,1.37,0.72,1.17,4*01
$GPGSV,3,1,11,05,34,128,43,10,02,342,32,12,16,034,35,13,10,030,11,1*6A
$GPGSV,3,2,11,18,68,245,19,23,30,357,47,25,48,019,49,26,30,228,09,1*61
$GPGSV,3,3,11,28,20,297,27,29,57,140,43,31,20,265,27,1*5A
$GPGSV,3,1,11,05,34,128,36,10,02,342,32,12,16,034,16,13,10,030,18,6*67
$GPGSV,3,2,11,18,68,245,18,23,30,357,41,25,48,019,45,26,30,228,15,6*60
$GPGSV,3,3,11,28,20,297,22,29,57,140,35,31,20,265,23,6*5D
$GPGSV,2,1,07,10,02,342,32,13,10,030,27,18,68,245,28,23,30,357,47,8*65
$GPGSV,2,2,07,25,48,019,52,26,30,228,25,28,20,297,20,8*50
$GPGSV,1,1,04,15,11,062,,16,03,219,,20,03,090,,21,04,144,,0*61
$GAGSV,2,1,06,10,33,142,31,11,61,155,28,14,20,087,23,16,35,040,43,1*73
$GAGSV,2,2,06,25,86,031,36,36,60,291,19,1*7C
$GAGSV,1,1,02,16,35,040,48,25,86,031,37,5*75
$GAGSV,2,1,05,10,33,142,27,11,61,155,25,14,20,087,28,16,35,040,47,7*73
$GAGSV,2,2,05,25,86,031,38,7*46
$GAGSV,1,1,03,02,36,221,,12,11,137,,34,11,309,,0*4A
$GBGSV,3,1,09,12,22,105,13,19,27,076,47,20,15,123,21,22,14,022,25,3*72
$GBGSV,3,2,09,24,27,234,25,29,21,116,29,31,37,252,17,35,59,173,21,3*71
$GBGSV,3,3,09,39,26,001,47,3*41
$GBGSV,3,1,10,12,22,105,30,19,27,076,47,20,15,123,18,22,14,022,24,5*76
$GBGSV,3,2,10,24,27,234,14,26,51,290,21,29,21,116,31,31,37,252,22,5*76
$GBGSV,3,3,10,35,59,173,26,39,26,001,44,5*77
$GBGSV,3,1,10,12,22,105,33,19,27,076,42,20,15,123,22,22,14,022,29,8*79
$GBGSV,3,2,10,24,27,234,31,26,51,290,18,29,21,116,33,31,37,252,24,8*72
$GBGSV,3,3,10,35,59,173,25,39,26,001,45,8*78
$GBGSV,1,1,01,11,01,108,,0*4E
$GNGLL,3001.74281,S,05112.74976,W,171458.00,A,A*70
$GNRMC,171459.00,A,3001.74280,S,05112.74975,W,0.004,,090926,,,A,V*10
$GNVTG,,T,,M,0.004,N,0.008,K,A*31
$GNGGA,171459.00,3001.74280,S,05112.74975,W,1,12,0.72,48.3,M,4.8,M,,*43
$GNGSA,M,3,12,18,23,25,28,29,31,05,,,,,1.37,0.72,1.17,1*00
$GNGSA,M,3,16,25,36,10,11,,,,,,,,1.37,0.72,1.17,3*0C
$GNGSA,M,3,12,19,20,22,24,26,29,31,35,39,,,1.37,0.72,1.17,4*01
$GPGSV,3,1,11,05,34,128,43,10,02,342,33,12,16,034,35,13,10,030,07,1*6C
$GPGSV,3,2,11,18,68,245,19,23,30,357,47,25,48,019,49,26,30,228,09,1*61
$GPGSV,3,3,11,28,20,297,27,29,57,140,43,31,20,265,27,1*5A
$GPGSV,3,1,11,05,34,128,36,10,02,342,32,12,16,034,17,13,10,030,18,6*66
$GPGSV,3,2,11,18,68,245,18,23,30,357,41,25,48,019,45,26,30,228,13,6*66
$GPGSV,3,3,11,28,20,297,21,29,57,140,35,31,20,265,24,6*59
$GPGSV,2,1,07,10,02,342,32,13,10,030,27,18,68,245,27,23,30,357,47,8*6A
$GPGSV,2,2,07,25,48,019,52,26,30,228,25,28,20,297,20,8*50
$GPGSV,1,1,04,15,11,062,,16,03,219,,20,03,090,,21,04,144,,0*61
$GAGSV,2,1,06,10,33,142,31,11,61,155,28,14,20,087,23,16,35,040,43,1*73
$GAGSV,2,2,06,25,86,031,36,36,60,291,19,1*7C
$GAGSV,1,1,02,16,35,040,48,25,86,031,37,5*75
$GAGSV,2,1,05,10,33,142,27,11,61,155,24,14,20,087,28,16,35,040,47,7*72
$GAGSV,2,2,05,25,86,031,37,7*49
$GAGSV,1,1,03,02,36,221,,12,11,137,,34,11,309,,0*4A
$GBGSV,3,1,09,12,22,105,11,19,27,076,47,20,15,123,21,22,14,022,25,3*70
$GBGSV,3,2,09,24,27,234,25,29,21,116,29,31,37,252,16,35,59,173,21,3*70
$GBGSV,3,3,09,39,26,001,47,3*41
$GBGSV,3,1,10,12,22,105,30,19,27,076,47,20,15,123,18,22,14,022,25,5*77
$GBGSV,3,2,10,24,27,234,13,26,51,290,21,29,21,116,31,31,37,252,22,5*71
$GBGSV,3,3,10,35,59,173,26,39,26,001,44,5*77
$GBGSV,3,1,10,12,22,105,33,19,27,076,42,20,15,123,23,22,14,022,29,8*78
$GBGSV,3,2,10,24,27,234,31,26,51,290,18,29,21,116,32,31,37,252,24,8*73
$GBGSV,3,3,10,35,59,173,24,39,26,001,45,8*79
$GBGSV,1,1,01,11,01,108,,0*4E
$GNGLL,3001.74280,S,05112.74975,W,171459.00,A,A*73
$GNRMC,171500.00,A,3001.74280,S,05112.74975,W,0.009,,090926,,,A,V*10
$GNVTG,,T,,M,0.009,N,0.016,K,A*33
$GNGGA,171500.00,3001.74280,S,05112.74975,W,1,12,0.72,48.3,M,4.8,M,,*4E
$GNGSA,M,3,12,18,23,25,28,29,31,05,,,,,1.37,0.72,1.17,1*00
$GNGSA,M,3,16,25,36,10,11,,,,,,,,1.37,0.72,1.17,3*0C
$GNGSA,M,3,12,19,20,22,24,26,29,31,35,39,,,1.37,0.72,1.17,4*01
$GPGSV,3,1,11,05,34,128,43,10,02,342,33,12,16,034,36,13,10,030,09,1*61
$GPGSV,3,2,11,18,68,245,20,23,30,357,47,25,48,019,49,26,30,228,10,1*63
$GPGSV,3,3,11,28,20,297,26,29,57,140,43,31,20,265,27,1*5B
$GPGSV,3,1,10,05,34,128,36,10,02,342,32,12,16,034,17,13,10,030,17,6*68
$GPGSV,3,2,10,18,68,245,18,23,30,357,41,25,48,019,45,28,20,297,21,6*6D
$GPGSV,3,3,10,29,57,140,35,31,20,265,23,6*68
$GPGSV,2,1,07,10,02,342,32,13,10,030,27,18,68,245,28,23,30,357,47,8*65
$GPGSV,2,2,07,25,48,019,53,26,30,228,24,28,20,297,21,8*51
$GPGSV,1,1,04,15,11,062,,16,03,219,,20,03,090,,21,04,144,,0*61
$GAGSV,2,1,06,10,33,142,31,11,61,155,28,14,20,087,23,16,35,040,43,1*73
$GAGSV,2,2,06,25,86,031,36,36,60,291,20,1*76
$GAGSV,1,1,02,16,35,040,48,25,86,031,37,5*75
$GAGSV,2,1,05,10,33,142,27,11,61,155,24,14,20,087,28,16,35,040,47,7*72
$GAGSV,2,2,05,25,86,031,37,7*49
$GAGSV,1,1,03,02,36,221,,12,11,137,,34,11,309,,0*4A
$GBGSV,3,1,09,12,22,105,12,19,27,076,47,20,15,123,22,22,14,022,25,3*70
$GBGSV,3,2,09,24,27,234,26,29,21,116,29,31,37,251,16,35,59,173,20,3*71
$GBGSV,3,3,09,39,26,001,47,3*41
$GBGSV,3,1,10,12,22,105,30,19,27,076,47,20,15,123,17,22,14,022,24,5*79
$GBGSV,3,2,10,24,27,234,12,26,51,290,21,29,21,116,31,31,37,251,22,5*73
$GBGSV,3,3,10,35,59,173,26,39,26,001,44,5*77
$GBGSV,3,1,10,12,22,105,33,19,27,076,42,20,15,123,23,22,14,022,29,8*78
$GBGSV,3,2,10,24,27,234,31,26,51,290,19,29,21,116,33,31,37,251,24,8*70
$GBGSV,3,3,10,35,59,173,24,39,26,001,45,8*79
$GBGSV,1,1,01,11,01,108,,0*4E
$GNGLL,3001.74280,S,05112.74975,W,171500.00,A,A*7E
$GNRMC,171501.00,A,3001.74280,S,05112.74973,W,0.023,,090926,,,A,V*1F
$GNVTG,,T,,M,0.023,N,0.043,K,A*3B
$GNGGA,171501.00,3001.74280,S,05112.74973,W,1,12,0.72,48.3,M,4.8,M,,*49
$GNGSA,M,3,12,18,23,25,28,29,31,05,,,,,1.37,0.72,1.17,1*00
$GNGSA,M,3,16,25,36,10,11,,,,,,,,1.37,0.72,1.17,3*0C
$GNGSA,M,3,12,19,20,22,24,26,29,31,35,39,,,1.37,0.72,1.17,4*01
$GPGSV,3,1,11,05,34,128,43,10,02,342,33,12,16,034,36,13,10,030,08,1*60
$GPGSV,3,2,11,18,68,245,19,23,30,357,47,25,48,019,49,26,30,228,12,1*6B
$GPGSV,3,3,11,28,20,297,25,29,57,140,43,31,20,265,27,1*58
$GPGSV,3,1,10,05,34,128,36,10,02,342,32,12,16,034,17,13,10,030,18,6*67
$GPGSV,3,2,10,18,68,245,18,23,30,357,41,25,48,019,45,28,20,297,21,6*6D
$GPGSV,3,3,10,29,57,140,35,31,20,265,23,6*68
$GPGSV,2,1,07,10,02,342,32,13,10,030,27,18,68,245,28,23,30,357,47,8*65
$GPGSV,2,2,07,25,48,019,53,26,30,228,24,28,20,297,20,8*50
$GPGSV,1,1,04,15,11,062,,16,03,219,,20,03,090,,21,04,144,,0*61
$GAGSV,2,1,06,10,33,142,31,11,61,155,28,14,20,087,23,16,35,040,43,1*73
$GAGSV,2,2,06,25,86,031,36,36,60,291,20,1*76
$GAGSV,1,1,02,16,35,040,48,25,86,031,37,5*75
$GAGSV,2,1,05,10,33,142,27,11,61,155,24,14,20,087,28,16,35,040,47,7*72
$GAGSV,2,2,05,25,86,031,37,7*49
$GAGSV,1,1,03,02,36,221,,12,11,137,,34,11,309,,0*4A
$GBGSV,3,1,09,12,22,105,12,19,27,076,47,20,15,123,21,22,14,022,25,3*73
$GBGSV,3,2,09,24,27,234,25,29,21,116,29,31,37,251,16,35,59,173,20,3*72
$GBGSV,3,3,09,39,26,001,47,3*41
$GBGSV,3,1,10,12,22,105,30,19,27,076,47,20,15,123,17,22,14,022,24,5*79
$GBGSV,3,2,10,24,27,234,13,26,51,290,21,29,21,116,32,31,37,251,21,5*72
$GBGSV,3,3,10,35,59,173,26,39,26,001,44,5*77
$GBGSV,3,1,10,12,22,105,33,19,27,076,43,20,15,123,23,22,14,022,29,8*79
$GBGSV,3,2,10,24,27,234,31,26,51,290,20,29,21,116,32,31,37,251,24,8*7B
$GBGSV,3,3,10,35,59,173,24,39,26,001,45,8*79
$GBGSV,1,1,01,11,01,108,,0*4E
$GNGLL,3001.74280,S,05112.74973,W,171501.00,A,A*79
$GNRMC,171502.00,A,3001.74280,S,05112.74973,W,0.004,,090926,,,A,V*19
$GNVTG,,T,,M,0.004,N,0.008,K,A*31
$GNGGA,171502.00,3001.74280,S,05112.74973,W,1,12,0.72,48.3,M,4.8,M,,*4A
$GNGSA,M,3,12,18,23,25,28,29,31,05,,,,,1.37,0.72,1.17,1*00
$GNGSA,M,3,16,25,36,10,11,,,,,,,,1.37,0.72,1.17,3*0C
$GNGSA,M,3,12,19,20,22,24,26,29,31,35,39,,,1.37,0.72,1.17,4*01
$GPGSV,3,1,11,05,34,128,43,10,02,342,32,12,16,034,36,13,10,030,12,1*6A
$GPGSV,3,2,11,18,68,245,19,23,30,357,47,25,48,019,49,26,30,228,08,1*60
$GPGSV,3,3,11,28,20,297,25,29,57,140,43,31,20,265,26,1*59
$GPGSV,3,1,10,05,34,128,36,10,02,342,32,12,16,034,16,13,10,030,18,6*66
$GPGSV,3,2,10,18,68,245,19,23,30,357,41,25,48,019,45,28,20,297,21,6*6C
$GPGSV,3,3,10,29,57,140,35,31,20,265,23,6*68
$GPGSV,2,1,07,10,02,342,32,13,10,030,27,18,68,245,28,23,30,357,47,8*65
$GPGSV,2,2,07,25,48,019,52,26,30,228,24,28,20,297,20,8*51
$GPGSV,1,1,04,15,11,062,,16,03,219,,20,03,090,,21,04,144,,0*61
$GAGSV,2,1,06,10,33,142,31,11,61,155,28,14,20,087,23,16,35,040,43,1*73
$GAGSV,2,2,06,25,86,031,36,36,60,291,20,1*76
$GAGSV,1,1,02,16,35,040,48,25,86,031,37,5*75
$GAGSV,2,1,05,10,33,142,27,11,61,155,24,14,20,087,28,16,35,040,47,7*72
$GAGSV,2,2,05,25,86,031,38,7*46
$GAGSV,1,1,03,02,36,221,,12,11,137,,34,11,309,,0*4A
$GBGSV,3,1,09,12,22,105,12,19,27,076,47,20,15,123,23,22,14,022,26,3*72
$GBGSV,3,2,09,24,27,234,25,29,21,116,29,31,37,251,15,35,59,173,20,3*71
$GBGSV,3,3,09,39,26,001,47,3*41
$GBGSV,3,1,10,12,22,105,30,19,27,076,47,20,15,123,17,22,14,022,24,5*79
$GBGSV,3,2,10,24,27,234,15,26,51,290,21,29,21,116,32,31,37,251,21,5*74
$GBGSV,3,3,10,35,59,173,26,39,26,001,44,5*77
$GBGSV,3,1,10,12,22,105,33,19,27,076,43,20,15,123,22,22,14,022,29,8*78
$GBGSV,3,2,10,24,27,234,31,26,51,290,21,29,21,116,33,31,37,251,24,8*7B
$GBGSV,3,3,10,35,59,173,24,39,26,001,45,8*79
$GBGSV,1,1,01,11,01,108,,0*4E
$GNGLL,3001.74280,S,05112.74973,W,171502.00,A,A*7A
$GNRMC,171503.00,A,3001.74280,S,05112.74973,W,0.010,,090926,,,A,V*1D
$GNVTG,,T,,M,0.010,N,0.018,K,A*35
$GNGGA,171503.00,3001.74280,S,05112.74973,W,1,12,0.72,48.3,M,4.8,M,,*4B
$GNGSA,M,3,12,18,23,25,28,29,31,05,,,,,1.37,0.72,1.17,1*00
$GNGSA,M,3,16,25,36,10,11,,,,,,,,1.37,0.72,1.17,3*0C
$GNGSA,M,3,12,19,20,22,24,26,29,31,35,39,,,1.37,0.72,1.17,4*01
$GPGSV,3,1,12,05,34,128,42,10,02,342,32,12,16,034,35,13,10,030,12,1*6B
$GPGSV,3,2,12,18,68,245,19,23,30,357,47,25,48,019,49,26,30,228,08,1*63
$GPGSV,3,3,12,28,20,297,25,28,20,297,25,29,57,140,43,31,20,265,26,1*69
$GPGSV,3,1,10,05,34,128,36,10,02,342,32,12,16,034,16,13,10,030,18,6*66
$GPGSV,3,2,10,18,68,245,20,23,30,357,41,25,48,019,45,28,20,297,20,6*67
$GPGSV,3,3,10,29,57,140,34,31,20,265,23,6*69
$GPGSV,2,1,07,10,02,342,32,13,10,030,27,18,68,245,27,23,30,357,47,8*6A
$GPGSV,2,2,07,25,48,019,52,26,30,228,24,28,20,297,21,8*50
$GPGSV,1,1,04,15,11,062,,16,03,219,,20,03,090,,21,04,144,,0*61
$GAGSV,2,1,06,10,33,142,31,11,61,155,28,14,20,087,23,16,35,040,43,1*73
$GAGSV,2,2,06,25,86,031,36,36,60,291,20,1*76
$GAGSV,1,1,02,16,35,040,48,25,86,031,37,5*75
$GAGSV,2,1,05,10,33,142,26,11,61,155,24,14,20,087,28,16,35,040,47,7*73
$GAGSV,2,2,05,25,86,031,37,7*49
$GAGSV,1,1,03,02,36,221,,12,11,137,,34,11,309,,0*4A
$GBGSV,3,1,09,12,22,105,10,19,27,076,47,20,15,123,22,22,14,022,26,3*71
$GBGSV,3,2,09,24,27,234,25,29,21,116,29,31,37,251,15,35,59,173,20,3*71
$GBGSV,3,3,09,39,26,001,47,3*41
$GBGSV,3,1,10,12,22,105,30,19,27,076,47,20,15,123,17,22,14,022,24,5*79
$GBGSV,3,2,10,24,27,234,15,26,51,290,21,29,21,116,32,31,37,251,21,5*74
$GBGSV,3,3,10,35,59,173,26,39,26,001,44,5*77
$GBGSV,3,1,10,12,22,105,33,19,27,076,42,20,15,123,23,22,14,022,30,8*70
$GBGSV,3,2,10,24,27,234,31,26,51,290,20,29,21,116,33,31,37,251,24,8*7A
$GBGSV,3,3,10,35,59,173,23,39,26,001,45,8*7E
$GBGSV,1,1,01,11,01,108,,0*4E
$GNGLL,3001.74280,S,05112.74973,W,171503.00,A,A*7B
$GNRMC,171504.00,A,3001.74280,S,05112.74972,W,0.017,,090926,,,A,V*1C
$GNVTG,,T,,M,0.017,N,0.032,K,A*3A
$GNGGA,171504.00,3001.74280,S,05112.74972,W,1,12,0.73,48.3,M,4.8,M,,*4C
$GNGSA,M,3,12,18,23,25,28,29,31,05,,,,,1.38,0.73,1.18,1*01
$GNGSA,M,3,16,25,36,10,11,,,,,,,,1.38,0.73,1.18,3*0D
$GNGSA,M,3,12,19,20,22,24,26,29,31,35,39,,,1.38,0.73,1.18,4*00
$GPGSV,3,1,12,05,34,128,42,10,02,342,32,12,16,034,35,13,10,030,12,1*6B
$GPGSV,3,2,12,16,03,219,26,18,68,245,18,23,30,357,47,25,48,019,49,1*6F
$GPGSV,3,3,12,26,30,228,08,28,20,297,24,29,57,140,43,31,20,265,26,1*6C
$GPGSV,3,1,10,05,34,128,36,10,02,342,32,12,16,034,16,13,10,030,18,6*66
$GPGSV,3,2,10,18,68,245,20,23,30,357,41,25,48,019,45,28,20,297,20,6*67
$GPGSV,3,3,10,29,57,140,35,31,20,265,23,6*68
$GPGSV,2,1,07,10,02,342,32,13,10,030,27,18,68,245,27,23,30,357,47,8*6A
$GPGSV,2,2,07,25,48,019,52,26,30,228,25,28,20,297,20,8*50
$GPGSV,1,1,03,15,11,062,,20,03,090,,21,04,144,,0*58
$GAGSV,2,1,06,10,33,142,31,11,61,155,27,14,20,087,23,16,35,040,43,1*7C
$GAGSV,2,2,06,25,86,031,37,36,60,291,20,1*77
$GAGSV,1,1,02,16,35,040,48,25,86,031,37,5*75
$GAGSV,2,1,05,10,33,142,26,11,61,155,23,14,20,087,28,16,35,040,47,7*74
$GAGSV,2,2,05,25,86,031,37,7*49
$GAGSV,1,1,03,02,36,221,,12,11,137,,34,11,309,,0*4A
$GBGSV,3,1,10,12,22,105,07,19,27,076,47,20,15,123,22,22,14,022,26,3*7F
$GBGSV,3,2,10,24,27,234,25,26,51,290,24,29,21,116,29,31,37,251,15,3*79
$GBGSV,3,3,10,35,59,172,20,39,26,001,47,3*75
$GBGSV,3,1,10,12,22,105,30,19,27,076,47,20,15,123,17,22,14,022,24,5*79
$GBGSV,3,2,10,24,27,234,15,26,51,290,20,29,21,116,32,31,37,251,22,5*76
$GBGSV,3,3,10,35,59,172,26,39,26,001,44,5*76
$GBGSV,3,1,10,12,22,105,33,19,27,076,43,20,15,123,23,22,14,022,29,8*79
$GBGSV,3,2,10,24,27,234,31,26,51,290,21,29,21,116,32,31,37,251,24,8*7A
$GBGSV,3,3,10,35,59,172,24,39,26,001,45,8*78
$GBGSV,1,1,01,11,01,108,,0*4E
$GNGLL,3001.74280,S,05112.74972,W,171504.00,A,A*7D
$GNRMC,171505.00,A,3001.74280,S,05112.74972,W,0.014,,090926,,,A,V*1E
$GNVTG,,T,,M,0.014,N,0.025,K,A*3F
$GNGGA,171505.00,3001.74280,S,05112.74972,W,1,12,0.64,48.3,M,4.8,M,,*4B
$GNGSA,M,3,12,18,23,25,28,29,31,05,,,,,1.24,0.64,1.06,1*05
$GNGSA,M,3,16,25,36,10,11,,,,,,,,1.24,0.64,1.06,3*09
$GNGSA,M,3,12,19,20,22,24,26,29,31,35,39,,,1.24,0.64,1.06,4*04
$GPGSV,3,1,10,05,34,128,42,10,02,342,32,12,16,034,35,13,10,030,06,1*6C
$GPGSV,3,2,10,18,68,245,18,23,30,357,47,25,48,019,49,28,20,297,23,1*62
$GPGSV,3,3,10,29,57,140,43,31,20,265,26,1*6B
$GPGSV,3,1,10,05,34,128,36,10,02,342,31,12,16,034,16,13,10,030,18,6*65
$GPGSV,3,2,10,18,68,245,19,23,30,357,41,25,48,019,45,28,20,297,19,6*67
$GPGSV,3,3,10,29,57,140,34,31,20,265,24,6*6E
$GPGSV,2,1,07,10,02,342,31,13,10,030,26,18,68,245,27,23,30,357,47,8*68
$GPGSV,2,2,07,25,48,019,52,26,30,228,25,28,20,297,20,8*50
$GPGSV,1,1,04,15,11,062,,16,03,219,,20,03,090,,21,04,144,,0*61
$GAGSV,2,1,06,10,33,142,31,11,61,155,27,14,20,087,23,16,35,040,42,1*7D
$GAGSV,2,2,06,25,86,031,37,36,60,291,19,1*7D
$GAGSV,1,1,02,16,35,040,48,25,86,031,37,5*75
$GAGSV,2,1,05,10,33,142,27,11,61,155,23,14,20,087,28,16,35,040,47,7*75
$GAGSV,2,2,05,25,86,031,37,7*49
$GAGSV,1,1,03,02,36,221,,12,11,137,,34,11,309,,0*4A
$GBGSV,3,1,10,12,22,105,08,19,27,076,47,20,15,123,22,22,14,022,26,3*70
$GBGSV,3,2,10,24,27,234,25,26,51,290,24,29,21,116,29,31,37,251,15,3*79
$GBGSV,3,3,10,35,59,172,20,39,26,001,47,3*75
$GBGSV,3,1,10,12,22,105,30,19,27,076,47,20,15,123,17,22,14,022,24,5*79
$GBGSV,3,2,10,24,27,234,15,26,51,290,21,29,21,116,32,31,37,251,22,5*77
$GBGSV,3,3,10,35,59,172,25,39,26,001,44,5*75
$GBGSV,3,1,10,12,22,105,33,19,27,076,42,20,15,123,23,22,14,022,29,8*78
$GBGSV,3,2,10,24,27,234,31,26,51,290,21,29,21,116,33,31,37,251,24,8*7B
$GBGSV,3,3,10,35,59,172,24,39,26,001,45,8*78
$GBGSV,1,1,01,11,01,108,,0*4E
$GNGLL,3001.74280,S,05112.74972,W,171505.00,A,A*7C
$GNRMC,171506.00,A,3001.74280,S,05112.74972,W,0.013,,090926,,,A,V*1A
$GNVTG,,T,,M,0.013,N,0.023,K,A*3E
$GNGGA,171506.00,3001.74280,S,05112.74972,W,1,12,0.64,48.3,M,4.8,M,,*48
$GNGSA,M,3,12,18,23,25,28,29,31,05,,,,,1.22,0.64,1.04,1*01
$GNGSA,M,3,16,25,36,10,11,,,,,,,,1.22,0.64,1.04,3*0D
$GNGSA,M,3,12,19,20,22,24,26,29,31,35,39,,,1.22,0.64,1.04,4*00
$GPGSV,3,1,10,05,34,128,42,10,02,342,33,12,16,034,35,13,10,030,08,1*63
$GPGSV,3,2,10,18,68,245,18,23,30,357,47,25,48,019,49,28,20,297,22,1*63
$GPGSV,3,3,10,29,57,140,43,31,20,265,26,1*6B
$GPGSV,1,1,01,26,30,228,16,5*59
$GPGSV,3,1,10,05,34,128,36,10,02,342,30,12,16,034,15,13,10,030,18,6*67
$GPGSV,3,2,10,18,68,245,20,23,30,357,41,25,48,019,45,28,20,297,19,6*6D
$GPGSV,3,3,10,29,57,140,34,31,20,265,24,6*6E
$GPGSV,2,1,07,10,02,342,31,13,10,030,27,18,68,245,28,23,30,357,47,8*66
$GPGSV,2,2,07,25,48,019,52,26,30,228,24,28,20,297,21,8*50
$GPGSV,1,1,04,15,11,062,,16,03,219,,20,03,090,,21,04,144,,0*61
$GAGSV,2,1,06,10,33,142,31,11,61,155,27,14,20,087,22,16,35,040,42,1*7C
$GAGSV,2,2,06,25,86,031,36,36,60,291,20,1*76
$GAGSV,1,1,02,16,35,040,48,25,86,031,37,5*75
$GAGSV,2,1,05,10,33,142,27,11,61,155,22,14,20,087,28,16,35,040,47,7*74
$GAGSV,2,2,05,25,86,031,37,7*49
$GAGSV,1,1,03,02,36,221,,12,11,137,,34,11,309,,0*4A
$GBGSV,3,1,10,12,22,105,09,19,27,076,46,20,15,123,22,22,14,022,26,3*70
$GBGSV,3,2,10,24,27,234,26,26,51,290,25,29,21,116,30,31,37,251,14,3*72
$GBGSV,3,3,10,35,59,172,20,39,26,001,47,3*75
$GBGSV,3,1,10,12,22,105,30,19,27,076,47,20,15,123,18,22,14,022,23,5*71
$GBGSV,3,2,10,24,27,234,15,26,51,290,21,29,21,116,32,31,37,251,22,5*77
$GBGSV,3,3,10,35,59,172,25,39,26,001,44,5*75
$GBGSV,3,1,10,12,22,105,33,19,27,076,42,20,15,123,22,22,14,022,30,8*71
$GBGSV,3,2,10,24,27,234,31,26,51,290,21,29,21,116,33,31,37,251,24,8*7B
$GBGSV,3,3,10,35,59,172,23,39,26,001,45,8*7F
$GBGSV,1,1,01,11,01,108,,0*4E
$GNGLL,3001.74280,S,05112.74972,W,171506.00,A,A*7F
$GNRMC,171507.00,A,3001.74280,S,05112.74971,W,0.002,,090926,,,A,V*18
$GNVTG,,T,,M,0.002,N,0.003,K,A*3C
$GNGGA,171507.00,3001.74280,S,05112.74971,W,1,12,0.64,48.3,M,4.8,M,,*4A
$GNGSA,M,3,12,18,23,25,28,29,31,05,,,,,1.22,0.64,1.04,1*01
$GNGSA,M,3,16,25,36,10,11,,,,,,,,1.22,0.64,1.04,3*0D
$GNGSA,M,3,12,19,20,22,24,26,29,31,35,39,,,1.22,0.64,1.04,4*00
$GPGSV,3,1,11,05,34,128,42,10,02,342,32,12,16,034,35,13,10,030,09,1*62
$GPGSV,3,2,11,18,68,245,19,20,03,090,24,23,30,357,47,25,48,019,49,1*69
$GPGSV,3,3,11,28,20,297,22,29,57,140,43,31,20,265,26,1*5E
$GPGSV,3,1,11,05,34,128,36,10,02,342,31,12,16,034,13,13,10,030,18,6*61
$GPGSV,3,2,11,18,68,245,20,23,30,357,41,25,48,019,45,26,30,228,16,6*68
$GPGSV,3,3,11,28,20,297,19,29,57,140,34,31,20,265,25,6*52
$GPGSV,2,1,07,10,02,342,31,13,10,030,27,18,68,245,27,23,30,357,47,8*69
$GPGSV,2,2,07,25,48,019,52,26,30,228,24,28,20,297,21,8*50
$GPGSV,1,1,03,15,11,062,,16,03,219,,21,04,144,,0*5E
$GAGSV,2,1,06,10,33,142,31,11,61,155,28,14,20,087,22,16,35,040,43,1*72
$GAGSV,2,2,06,25,86,031,37,36,60,291,20,1*77
$GAGSV,1,1,02,16,35,040,48,25,86,031,37,5*75
$GAGSV,2,1,05,10,33,142,27,11,61,155,22,14,20,087,28,16,35,040,47,7*74
$GAGSV,2,2,05,25,86,031,37,7*49
$GAGSV,1,1,03,02,36,221,,12,11,137,,34,11,309,,0*4A
$GBGSV,3,1,10,12,22,105,12,19,27,076,46,20,15,123,22,22,14,022,26,3*7A
$GBGSV,3,2,10,24,27,234,25,26,51,290,25,29,21,116,29,31,37,251,15,3*78
$GBGSV,3,3,10,35,59,172,20,39,26,001,47,3*75
$GBGSV,3,1,10,12,22,105,31,19,27,076,47,20,15,123,17,22,14,022,24,5*78
$GBGSV,3,2,10,24,27,234,14,26,51,290,22,29,21,116,32,31,37,251,22,5*75
$GBGSV,3,3,10,35,59,172,25,39,26,001,44,5*75
$GBGSV,3,1,10,12,22,105,33,19,27,076,43,20,15,123,23,22,14,022,30,8*71
$GBGSV,3,2,10,24,27,234,30,26,51,290,21,29,21,116,33,31,37,251,24,8*7A
$GBGSV,3,3,10,35,59,172,23,39,26,001,45,8*7F
$GBGSV,1,1,01,11,01,108,,0*4E
$GNGLL,3001.74280,S,05112.74971,W,171507.00,A,A*7D
$GNRMC,171508.00,A,3001.74280,S,05112.74971,W,0.020,,090926,,,A,V*17
$GNVTG,,T,,M,0.020,N,0.037,K,A*3B
$GNGGA,171508.00,3001.74280,S,05112.74971,W,1,12,0.64,48.3,M,4.8,M,,*45
$GNGSA,M,3,12,18,23,25,28,29,31,05,,,,,1.24,0.64,1.06,1*05
$GNGSA,M,3,16,25,36,10,11,,,,,,,,1.24,0.64,1.06,3*09
$GNGSA,M,3,12,19,20,22,24,26,29,31,35,39,,,1.24,0.64,1.06,4*04
$GPGSV,3,1,10,05,34,128,42,10,02,342,32,12,16,034,36,13,10,030,09,1*60
$GPGSV,3,2,10,18,68,245,18,23,30,357,47,25,48,019,49,28,20,297,22,1*63
$GPGSV,3,3,10,29,57,140,43,31,20,265,26,1*6B
$GPGSV,3,1,11,05,34,128,36,10,02,342,31,12,16,034,12,13,10,030,17,6*6F
$GPGSV,3,2,11,18,68,245,20,23,30,357,41,25,48,019,45,26,30,228,17,6*69
$GPGSV,3,3,11,28,20,297,20,29,57,140,34,31,20,265,25,6*58
$GPGSV,2,1,07,10,02,342,31,13,10,030,26,18,68,245,27,23,30,357,47,8*68
$GPGSV,2,2,07,25,48,019,52,26,30,228,24,28,20,297,22,8*53
$GPGSV,1,1,04,15,11,062,,16,03,219,,20,03,090,,21,04,144,,0*61
$GAGSV,2,1,06,10,33,142,31,11,61,155,27,14,20,087,23,16,35,040,43,1*7C
$GAGSV,2,2,06,25,86,031,36,36,60,291,19,1*7C
$GAGSV,1,1,02,16,35,040,48,25,86,031,37,5*75
$GAGSV,2,1,05,10,33,142,26,11,61,155,23,14,20,087,27,16,35,040,47,7*7B
$GAGSV,2,2,05,25,86,031,37,7*49
$GAGSV,1,1,03,02,36,221,,12,11,137,,34,11,309,,0*4A
$GBGSV,3,1,10,12,22,105,09,19,27,076,46,20,15,123,23,22,14,022,26,3*71
$GBGSV,3,2,10,24,27,234,25,26,51,290,25,29,21,116,29,31,37,251,15,3*78
$GBGSV,3,3,10,35,59,172,20,39,26,001,47,3*75
$GBGSV,3,1,10,12,22,105,31,19,27,076,47,20,15,123,17,22,14,022,25,5*79
$GBGSV,3,2,10,24,27,234,15,26,51,290,22,29,21,116,32,31,37,251,22,5*74
$GBGSV,3,3,10,35,59,172,25,39,26,001,44,5*75
$GBGSV,3,1,10,12,22,105,33,19,27,076,43,20,15,123,22,22,14,022,30,8*70
$GBGSV,3,2,10,24,27,234,31,26,51,290,21,29,21,116,32,31,37,251,23,8*7D
$GBGSV,3,3,10,35,59,172,23,39,26,001,45,8*7F
$GBGSV,1,1,01,11,01,108,,0*4E
$GNGLL,3001.74280,S,05112.74971,W,171508.00,A,A*72
$GNRMC,171509.00,A,3001.74280,S,05112.74970,W,0.010,,090926,,,A,V*14
$GNVTG,,T,,M,0.010,N,0.019,K,A*34
$GNGGA,171509.00,3001.74280,S,05112.74970,W,1,12,0.64,48.3,M,4.8,M,,*45
$GNGSA,M,3,12,18,23,25,28,29,31,05,,,,,1.22,0.64,1.04,1*01
$GNGSA,M,3,16,25,36,10,11,,,,,,,,1.22,0.64,1.04,3*0D
$GNGSA,M,3,12,19,20,22,24,26,29,31,35,39,,,1.22,0.64,1.04,4*00
$GPGSV,3,1,10,05,34,128,42,10,02,342,32,12,16,034,36,13,09,030,09,1*68
$GPGSV,3,2,10,18,68,245,18,23,30,357,47,25,48,019,49,28,20,297,22,1*63
$GPGSV,3,3,10,29,57,140,43,31,20,265,26,1*6B
$GPGSV,3,1,11,05,34,128,35,10,02,342,30,12,16,034,12,13,09,030,17,6*65
$GPGSV,3,2,11,18,68,245,20,23,30,357,41,25,48,019,45,26,30,228,18,6*66
$GPGSV,3,3,11,28,20,297,20,29,57,140,34,31,20,265,25,6*58
$GPGSV,2,1,07,10,02,342,31,13,09,030,27,18,68,245,27,23,30,357,47,8*61
$GPGSV,2,2,07,25,48,019,52,26,30,228,24,28,20,297,22,8*53
$GPGSV,1,1,04,15,11,062,,16,03,219,,20,03,090,,21,04,144,,0*61
$GAGSV,2,1,06,10,33,142,31,11,61,155,27,14,20,087,22,16,35,040,43,1*7D
$GAGSV,2,2,06,25,86,031,37,36,60,291,20,1*77
$GAGSV,1,1,02,16,35,040,48,25,86,031,37,5*75
$GAGSV,2,1,05,10,33,142,27,11,61,155,23,14,20,087,27,16,35,040,47,7*7A
$GAGSV,2,2,05,25,86,031,37,7*49
$GAGSV,1,1,03,02,36,221,,12,11,137,,34,11,309,,0*4A
$GBGSV,3,1,10,12,22,105,10,19,27,076,46,20,15,123,23,22,14,022,26,3*79
$GBGSV,3,2,10,24,27,234,25,26,51,290,25,29,21,116,30,31,37,251,15,3*70
$GBGSV,3,3,10,35,59,172,20,39,26,001,47,3*75
$GBGSV,3,1,10,12,22,105,31,19,27,076,47,20,15,123,17,22,14,022,25,5*79
$GBGSV,3,2,10,24,27,234,15,26,51,290,21,29,21,116,32,31,37,251,21,5*74
$GBGSV,3,3,10,35,59,172,25,39,26,001,44,5*75
$GBGSV,3,1,10,12,22,105,33,19,27,076,43,20,15,123,22,22,14,022,30,8*70
$GBGSV,3,2,10,24,27,234,31,26,51,290,21,29,21,116,33,31,37,251,23,8*7C
$GBGSV,3,3,10,35,59,172,23,39,26,001,45,8*7F
$GBGSV,1,1,01,11,01,108,,0*4E
$GNGLL,3001.74280,S,05112.74970,W,171509.00,A,A*72
$GNRMC,171510.00,A,3001.74281,S,05112.74970,W,0.036,,090926,,,A,V*19
$GNVTG,,T,,M,0.036,N,0.067,K,A*39
$GNGGA,171510.00,3001.74281,S,05112.74970,W,1,12,0.59,48.3,M,4.8,M,,*42
$GNGSA,M,3,12,18,23,25,26,28,29,31,05,,,,1.16,0.59,1.00,1*08
$GNGSA,M,3,16,25,36,10,11,,,,,,,,1.16,0.59,1.00,3*00
$GNGSA,M,3,12,19,20,22,24,26,29,31,35,39,,,1.16,0.59,1.00,4*0D
$GPGSV,3,1,10,05,34,128,42,10,02,342,32,12,16,034,36,13,09,030,09,1*68
$GPGSV,3,2,10,18,68,245,18,23,30,357,47,25,48,019,49,28,20,297,22,1*63
$GPGSV,3,3,10,29,57,140,43,31,20,265,26,1*6B
$GPGSV,3,1,11,05,34,128,36,10,02,342,30,12,16,034,13,13,09,030,18,6*68
$GPGSV,3,2,11,18,68,245,20,23,30,357,41,25,48,019,45,26,30,228,19,6*67
$GPGSV,3,3,11,28,20,297,19,29,57,140,34,31,20,265,25,6*52
$GPGSV,2,1,07,10,02,342,31,13,09,030,26,18,68,245,27,23,30,357,47,8*60
$GPGSV,2,2,07,25,48,019,52,26,30,228,24,28,20,297,22,8*53
$GPGSV,1,1,04,15,11,062,,16,03,219,,20,03,090,,21,04,144,,0*61
$GAGSV,2,1,06,10,33,142,30,11,61,155,27,14,20,087,22,16,35,040,43,1*7C
$GAGSV,2,2,06,25,86,031,37,36,60,291,19,1*7D
$GAGSV,1,1,02,16,35,040,48,25,86,031,37,5*75
$GAGSV,2,1,05,10,33,142,26,11,61,155,21,14,20,087,27,16,35,040,47,7*79
$GAGSV,2,2,05,25,86,031,37,7*49
$GAGSV,1,1,03,02,36,221,,12,11,137,,34,11,309,,0*4A
$GBGSV,3,1,10,12,22,105,14,19,27,076,46,20,15,123,24,22,14,022,26,3*7A
$GBGSV,3,2,10,24,27,234,25,26,51,290,25,29,21,116,30,31,37,251,13,3*76
$GBGSV,3,3,10,35,59,172,19,39,26,001,47,3*7F
$GBGSV,3,1,10,12,22,105,31,19,27,076,47,20,15,123,17,22,14,022,24,5*78
$GBGSV,3,2,10,24,27,234,15,26,51,290,21,29,21,116,32,31,37,251,22,5*77
$GBGSV,3,3,10,35,59,172,26,39,26,001,44,5*76
$GBGSV,3,1,10,12,22,105,33,19,27,076,43,20,15,123,22,22,14,022,30,8*70
$GBGSV,3,2,10,24,27,234,31,26,51,290,21,29,21,116,33,31,37,251,23,8*7C
$GBGSV,3,3,10,35,59,172,23,39,26,001,45,8*7F
$GBGSV,1,1,01,11,01,108,,0*4E
$GNGLL,3001.74281,S,05112.74970,W,171510.00,A,A*7B
$GNRMC,171511.00,A,3001.74281,S,05112.74970,W,0.016,,090926,,,A,V*1A
$GNVTG,,T,,M,0.016,N,0.030,K,A*39
$GNGGA,171511.00,3001.74281,S,05112.74970,W,1,12,0.59,48.3,M,4.8,M,,*43
$GNGSA,M,3,12,18,23,25,26,28,29,31,05,,,,1.23,0.59,1.07,1*09
$GNGSA,M,3,16,25,36,10,11,,,,,,,,1.23,0.59,1.07,3*01
$GNGSA,M,3,12,19,20,22,24,26,29,31,35,39,,,1.23,0.59,1.07,4*0C
$GPGSV,3,1,09,05,34,128,42,10,02,342,32,12,16,034,35,18,68,245,18,1*6F
$GPGSV,3,2,09,23,30,357,47,25,48,019,49,28,20,297,22,29,57,140,43,1*6D
$GPGSV,3,3,09,31,20,265,26,1*58
$GPGSV,3,1,11,05,34,128,36,10,02,342,30,12,16,034,15,13,09,030,18,6*6E
$GPGSV,3,2,11,18,68,245,21,23,30,357,41,25,48,019,45,26,30,228,20,6*6C
$GPGSV,3,3,11,28,20,297,18,29,57,140,34,31,20,265,25,6*53
$GPGSV,2,1,07,10,02,342,32,13,09,030,27,18,68,245,27,23,30,357,47,8*62
$GPGSV,2,2,07,25,48,019,52,26,30,228,24,28,20,297,22,8*53
$GPGSV,1,1,04,15,11,062,,16,03,219,,20,03,090,,21,04,144,,0*61
$GAGSV,2,1,06,10,33,142,31,11,61,155,27,14,20,087,22,16,35,040,43,1*7D
$GAGSV,2,2,06,25,86,031,37,36,60,291,19,1*7D
$GAGSV,1,1,02,16,35,040,48,25,86,031,37,5*75
$GAGSV,2,1,05,10,33,142,27,11,61,155,21,14,20,087,27,16,35,040,47,7*78
$GAGSV,2,2,05,25,86,031,37,7*49
$GAGSV,1,1,03,02,36,221,,12,11,137,,34,11,309,,0*4A
$GBGSV,3,1,10,12,22,105,13,19,27,076,47,20,15,123,24,22,14,022,26,3*7C
$GBGSV,3,2,10,24,27,234,25,26,51,290,24,29,21,116,29,31,37,251,12,3*7E
$GBGSV,3,3,10,35,59,172,20,39,26,001,47,3*75
$GBGSV,3,1,10,12,22,105,31,19,27,076,47,20,15,123,17,22,14,022,24,5*78
$GBGSV,3,2,10,24,27,234,14,26,51,290,22,29,21,116,32,31,37,251,22,5*75
$GBGSV,3,3,10,35,59,172,25,39,26,001,44,5*75
$GBGSV,3,1,10,12,22,105,32,19,27,076,43,20,15,123,22,22,14,022,30,8*71
$GBGSV,3,2,10,24,27,234,31,26,51,290,21,29,21,116,33,31,37,251,23,8*7C
$GBGSV,3,3,10,35,59,172,23,39,26,001,45,8*7F
$GBGSV,1,1,01,11,01,108,,0*4E
$GNGLL,3001.74281,S,05112.74970,W,171511.00,A,A*7A
$GNRMC,171512.00,A,3001.74281,S,05112.74970,W,0.009,,090926,,,A,V*17
$GNVTG,,T,,M,0.009,N,0.017,K,A*32
$GNGGA,171512.00,3001.74281,S,05112.74970,W,1,12,0.73,48.2,M,4.8,M,,*49
$GNGSA,M,3,12,18,23,25,29,31,05,,,,,,1.41,0.73,1.21,1*0F
$GNGSA,M,3,16,25,36,10,11,,,,,,,,1.41,0.73,1.21,3*09
$GNGSA,M,3,12,19,20,22,24,26,29,35,39,,,,1.41,0.73,1.21,4*06
$GPGSV,3,1,09,05,34,128,42,10,02,342,32,12,16,034,35,18,68,245,19,1*6E
$GPGSV,3,2,09,23,30,357,47,25,48,019,49,28,20,297,22,29,57,140,43,1*6D
$GPGSV,3,3,09,31,20,265,26,1*58
$GPGSV,3,1,11,05,34,128,36,10,02,342,30,12,16,034,16,13,09,030,18,6*6D
$GPGSV,3,2,11,18,68,245,21,23,30,357,41,25,48,019,45,26,30,228,21,6*6D
$GPGSV,3,3,11,28,20,297,17,29,57,140,34,31,20,265,26,6*5F
$GPGSV,2,1,07,10,02,342,32,13,09,030,26,18,68,245,27,23,30,357,47,8*63
$GPGSV,2,2,07,25,48,019,52,26,30,228,24,28,20,297,22,8*53
$GPGSV,1,1,04,15,11,062,,16,03,219,,20,03,090,,21,04,144,,0*61
$GAGSV,2,1,06,10,33,142,31,11,61,155,27,14,20,087,22,16,35,040,43,1*7D
$GAGSV,2,2,06,25,86,031,37,36,60,291,19,1*7D
$GAGSV,1,1,02,16,35,040,48,25,86,031,37,5*75
$GAGSV,2,1,05,10,33,142,26,11,61,155,21,14,20,087,27,16,35,040,47,7*79
$GAGSV,2,2,05,25,86,031,37,7*49
$GAGSV,1,1,03,02,36,221,,12,11,137,,34,11,309,,0*4A
$GBGSV,3,1,10,12,22,105,12,19,27,076,47,20,15,123,25,22,14,022,26,3*7C
$GBGSV,3,2,10,24,27,234,25,26,51,290,24,29,21,116,29,31,37,251,13,3*7F
$GBGSV,3,3,10,35,59,172,19,39,26,001,47,3*7F
$GBGSV,3,1,10,12,22,105,31,19,27,076,47,20,15,123,18,22,14,022,24,5*77
$GBGSV,3,2,10,24,27,234,15,26,51,290,22,29,21,116,32,31,37,251,22,5*74
$GBGSV,3,3,10,35,59,172,26,39,26,001,44,5*76
$GBGSV,3,1,10,12,22,105,32,19,27,076,43,20,15,123,23,22,14,022,30,8*70
$GBGSV,3,2,10,24,27,234,30,26,51,290,21,29,21,116,33,31,37,251,22,8*7C
$GBGSV,3,3,10,35,59,172,22,39,26,001,45,8*7E
$GBGSV,1,1,01,11,01,108,,0*4E
$GNGLL,3001.74281,S,05112.74970,W,171512.00,A,A*79
$GNRMC,171513.00,A,3001.74281,S,05112.74969,W,0.013,,090926,,,A,V*15
$GNVTG,,T,,M,0.013,N,0.024,K,A*39
$GNGGA,171513.00,3001.74281,S,05112.74969,W,1,12,0.64,48.2,M,4.8,M,,*46
$GNGSA,M,3,12,18,23,25,26,28,29,31,05,,,,1.25,0.64,1.07,1*01
$GNGSA,M,3,16,25,36,10,11,,,,,,,,1.25,0.64,1.07,3*09
$GNGSA,M,3,12,19,20,22,24,26,29,31,35,39,,,1.25,0.64,1.07,4*04
$GPGSV,3,1,09,05,34,128,42,10,02,342,31,12,16,034,35,18,68,245,19,1*6D
$GPGSV,3,2,09,23,30,357,47,25,48,019,49,28,20,297,22,29,57,140,43,1*6D
$GPGSV,3,3,09,31,20,265,26,1*58
$GPGSV,3,1,11,05,34,128,35,10,02,342,30,12,16,034,17,13,09,030,18,6*6F
$GPGSV,3,2,11,18,68,245,20,23,30,357,41,25,48,019,45,26,30,228,22,6*6F
$GPGSV,3,3,11,28,20,297,17,29,57,140,34,31,20,265,26,6*5F
$GPGSV,2,1,07,10,02,342,32,13,09,030,27,18,68,245,27,23,30,357,47,8*62
$GPGSV,2,2,07,25,48,019,52,26,30,228,24,28,20,297,23,8*52
$GPGSV,1,1,04,15,11,062,,16,03,219,,20,03,090,,21,04,144,,0*61
$GAGSV,2,1,07,02,36,221,17,10,33,142,31,11,61,155,27,14,20,087,22,1*7E
$GAGSV,2,2,07,16,35,040,43,25,86,031,37,36,60,291,20,1*44
$GAGSV,1,1,02,16,35,040,48,25,86,031,37,5*75
$GAGSV,2,1,05,10,33,142,26,11,61,155,21,14,20,087,27,16,35,040,47,7*79
$GAGSV,2,2,05,25,86,031,37,7*49
$GAGSV,1,1,02,12,11,137,,34,11,309,,0*7D
$GBGSV,3,1,10,12,22,105,17,19,27,076,47,20,15,123,25,22,14,022,26,3*79
$GBGSV,3,2,10,24,27,234,25,26,51,290,24,29,21,116,29,31,37,251,10,3*7C
$GBGSV,3,3,10,35,59,172,20,39,26,001,47,3*75
$GBGSV,3,1,10,12,22,105,31,19,27,076,47,20,15,123,17,22,14,022,25,5*79
$GBGSV,3,2,10,24,27,234,15,26,51,290,22,29,21,116,32,31,37,251,22,5*74
$GBGSV,3,3,10,35,59,172,26,39,26,001,44,5*76
$GBGSV,3,1,10,12,22,105,32,19,27,076,43,20,15,123,23,22,14,022,30,8*70
$GBGSV,3,2,10,24,27,234,30,26,51,290,21,29,21,116,33,31,37,251,22,8*7C
$GBGSV,3,3,10,35,59,172,22,39,26,001,45,8*7E
$GBGSV,1,1,01,11,01,108,,0*4E
$GNGLL,3001.74281,S,05112.74969,W,171513.00,A,A*70
$GNRMC,171514.00,A,3001.74281,S,05112.74969,W,0.024,,090926,,,A,V*16
$GNVTG,,T,,M,0.024,N,0.045,K,A*3A
$GNGGA,171514.00,3001.74281,S,05112.74969,W,1,12,0.64,48.2,M,4.8,M,,*41
$GNGSA,M,3,12,18,23,25,26,28,29,31,05,,,,1.25,0.64,1.07,1*01
$GNGSA,M,3,16,25,36,10,11,,,,,,,,1.25,0.64,1.07,3*09
$GNGSA,M,3,12,19,20,22,24,26,29,31,35,39,,,1.25,0.64,1.07,4*04
$GPGSV,3,1,09,05,34,128,42,10,02,342,31,12,16,034,35,18,68,245,19,1*6D
$GPGSV,3,2,09,23,30,357,47,25,48,019,49,28,20,297,22,29,57,140,43,1*6D
$GPGSV,3,3,09,31,20,265,26,1*58
$GPGSV,3,1,11,05,34,128,35,10,02,342,31,12,16,034,16,13,09,030,17,6*60
$GPGSV,3,2,11,18,68,245,20,23,30,357,41,25,48,019,45,26,30,228,23,6*6E
$GPGSV,3,3,11,28,20,297,18,29,57,140,34,31,20,265,26,6*50
$GPGSV,2,1,07,10,02,342,32,13,09,030,27,18,68,245,27,23,30,357,47,8*62
$GPGSV,2,2,07,25,48,019,52,26,30,228,23,28,20,297,23,8*55
$GPGSV,1,1,04,15,11,062,,16,03,219,,20,03,090,,21,04,144,,0*61
$GAGSV,2,1,07,02,36,221,16,10,33,142,31,11,61,155,27,14,20,087,22,1*7F
$GAGSV,2,2,07,16,35,040,43,25,86,031,37,36,60,291,20,1*44
$GAGSV,1,1,02,16,35,040,48,25,86,031,37,5*75
$GAGSV,2,1,05,10,33,142,26,11,61,155,20,14,20,087,26,16,35,040,47,7*79
$GAGSV,2,2,05,25,86,031,37,7*49
$GAGSV,1,1,02,12,11,137,,34,11,309,,0*7D
$GBGSV,3,1,10,12,22,105,08,19,27,076,47,20,15,123,26,22,14,022,27,3*75
$GBGSV,3,2,10,24,27,234,25,26,51,290,24,29,21,116,29,31,37,251,11,3*7D
$GBGSV,3,3,10,35,59,172,19,39,26,001,47,3*7F
$GBGSV,3,1,10,12,22,105,31,19,27,076,47,20,15,123,17,22,14,022,25,5*79
$GBGSV,3,2,10,24,27,234,15,26,51,290,21,29,21,116,32,31,37,251,22,5*77
$GBGSV,3,3,10,35,59,172,26,39,26,001,44,5*76
$GBGSV,3,1,10,12,22,105,32,19,27,076,43,20,15,123,23,22,14,022,31,8*71
$GBGSV,3,2,10,24,27,234,30,26,51,290,22,29,21,116,33,31,37,251,22,8*7F
$GBGSV,3,3,10,35,59,172,22,39,26,001,45,8*7E
$GBGSV,1,1,01,11,01,108,,0*4E
$GNGLL,3001.74281,S,05112.74969,W,171514.00,A,A*77
$GNRMC,171515.00,A,3001.74282,S,05112.74970,W,0.036,,090926,,,A,V*1F
$GNVTG,,T,,M,0.036,N,0.066,K,A*38
$GNGGA,171515.00,3001.74282,S,05112.74970,W,1,12,0.72,48.2,M,4.8,M,,*4C
$GNGSA,M,3,12,18,23,25,29,31,05,,,,,,1.39,0.72,1.19,1*0A
$GNGSA,M,3,16,25,36,10,11,,,,,,,,1.39,0.72,1.19,3*0C
$GNGSA,M,3,12,19,20,22,24,26,29,35,39,,,,1.39,0.72,1.19,4*03
$GPGSV,3,1,09,05,34,128,42,10,02,342,31,12,16,034,35,18,68,245,18,1*6C
$GPGSV,3,2,09,23,30,357,47,25,48,019,49,28,20,297,22,29,57,140,43,1*6D
$GPGSV,3,3,09,31,20,265,26,1*58
$GPGSV,3,1,11,05,34,128,36,10,02,342,31,12,16,034,15,13,09,030,17,6*60
$GPGSV,3,2,11,18,68,245,20,23,30,357,41,25,48,019,45,26,30,228,24,6*69
$GPGSV,3,3,11,28,20,297,17,29,57,140,34,31,20,265,26,6*5F
$GPGSV,2,1,07,10,02,342,32,13,09,030,27,18,68,245,27,23,30,357,47,8*62
$GPGSV,2,2,07,25,48,019,52,26,30,228,23,28,20,297,23,8*55
$GPGSV,1,1,04,15,11,062,,16,03,219,,20,03,090,,21,04,144,,0*61
$GAGSV,2,1,07,02,36,221,15,10,33,142,30,11,61,155,27,14,20,087,22,1*7D
$GAGSV,2,2,07,16,35,040,43,25,86,031,37,36,60,291,20,1*44
$GAGSV,1,1,02,16,35,040,48,25,86,031,38,5*7A
$GAGSV,2,1,05,10,33,142,26,11,61,155,20,14,20,087,26,16,35,040,47,7*79
$GAGSV,2,2,05,25,86,031,37,7*49
$GAGSV,1,1,02,12,11,137,,34,11,309,,0*7D
$GBGSV,3,1,10,12,22,105,09,19,27,076,47,20,15,123,25,22,14,022,27,3*77
$GBGSV,3,2,10,24,27,234,25,26,51,290,24,29,21,116,29,31,37,251,14,3*78
$GBGSV,3,3,10,35,59,172,19,39,26,001,47,3*7F
$GBGSV,3,1,10,12,22,105,31,19,27,076,47,20,15,123,17,22,14,022,25,5*79
$GBGSV,3,2,10,24,27,234,16,26,51,290,22,29,21,116,32,31,37,251,22,5*77
$GBGSV,3,3,10,35,59,172,26,39,26,001,44,5*76
$GBGSV,3,1,10,12,22,105,31,19,27,076,43,20,15,123,23,22,14,022,30,8*73
$GBGSV,3,2,10,24,27,234,30,26,51,290,22,29,21,116,33,31,37,251,22,8*7F
$GBGSV,3,3,10,35,59,172,22,39,26,001,45,8*7E
$GBGSV,1,1,01,11,01,108,,0*4E
$GNGLL,3001.74282,S,05112.74970,W,171515.00,A,A*7D
$GNRMC,171516.00,A,3001.74283,S,05112.74970,W,0.023,,090926,,,A,V*19
$GNVTG,,T,,M,0.023,N,0.042,K,A*3A
$GNGGA,171516.00,3001.74283,S,05112.74970,W,1,12,0.72,48.2,M,4.8,M,,*4E
$GNGSA,M,3,12,18,23,25,29,31,05,,,,,,1.39,0.72,1.19,1*0A
$GNGSA,M,3,16,25,36,10,11,,,,,,,,1.39,0.72,1.19,3*0C
$GNGSA,M,3,12,19,20,22,24,26,29,35,39,,,,1.39,0.72,1.19,4*03
$GPGSV,3,1,09,05,34,128,42,10,02,342,31,12,16,034,35,18,68,245,18,1*6C
$GPGSV,3,2,09,23,30,357,47,25,48,019,49,28,20,297,23,29,57,140,43,1*6C
$GPGSV,3,3,09,31,20,265,26,1*58
$GPGSV,3,1,11,05,34,128,36,10,02,342,31,12,16,034,15,13,09,030,17,6*60
$GPGSV,3,2,11,18,68,245,21,23,30,357,41,25,48,019,45,26,30,228,25,6*69
$GPGSV,3,3,11,28,20,297,17,29,57,140,34,31,20,265,26,6*5F
$GPGSV,2,1,07,10,02,342,33,13,09,030,26,18,68,245,27,23,30,357,46,8*63
$GPGSV,2,2,07,25,48,019,52,26,30,228,22,28,20,297,23,8*54
$GPGSV,1,1,04,15,11,062,,16,03,219,,20,03,090,,21,04,144,,0*61
$GAGSV,2,1,07,02,36,221,16,10,33,142,31,11,61,155,27,14,20,087,22,1*7F
$GAGSV,2,2,07,16,35,040,43,25,86,031,37,36,60,291,20,1*44
$GAGSV,1,1,02,16,35,040,48,25,86,031,38,5*7A
$GAGSV,2,1,05,10,33,142,26,11,61,155,20,14,20,087,26,16,35,040,47,7*79
$GAGSV,2,2,05,25,86,031,37,7*49
$GAGSV,1,1,02,12,11,137,,34,11,309,,0*7D
$GBGSV,3,1,10,12,22,105,12,19,27,076,47,20,15,123,25,22,14,022,27,3*7D
$GBGSV,3,2,10,24,27,234,25,26,51,290,24,29,21,116,29,31,37,251,16,3*7A
$GBGSV,3,3,10,35,59,172,20,39,26,001,47,3*75
$GBGSV,3,1,10,12,22,105,31,19,27,076,47,20,15,123,17,22,14,022,25,5*79
$GBGSV,3,2,10,24,27,234,16,26,51,290,22,29,21,116,32,31,37,251,22,5*77
$GBGSV,3,3,10,35,59,172,26,39,26,001,45,5*77
$GBGSV,3,1,10,12,22,105,31,19,27,076,43,20,15,123,22,22,14,022,31,8*73
$GBGSV,3,2,10,24,27,234,30,26,51,290,22,29,21,116,33,31,37,251,22,8*7F
$GBGSV,3,3,10,35,59,172,22,39,26,001,45,8*7E
$GBGSV,1,1,01,11,01,108,,0*4E
$GNGLL,3001.74283,S,05112.74970,W,171516.00,A,A*7F
$GNRMC,171517.00,A,3001.74283,S,05112.74970,W,0.040,,090926,,,A,V*1D
$GNVTG,,T,,M,0.040,N,0.074,K,A*3A
$GNGGA,171517.00,3001.74283,S,05112.74970,W,1,12,0.66,48.2,M,4.8,M,,*4A
$GNGSA,M,3,12,18,23,25,29,31,05,,,,,,1.32,0.66,1.15,1*08
$GNGSA,M,3,16,25,36,02,10,11,,,,,,,1.32,0.66,1.15,3*0C
$GNGSA,M,3,12,19,20,22,24,26,29,35,39,,,,1.32,0.66,1.15,4*01
$GPGSV,3,1,09,05,34,128,42,10,02,342,31,12,16,034,35,18,68,245,18,1*6C
$GPGSV,3,2,09,23,30,357,47,25,48,019,49,28,20,297,23,29,57,140,43,1*6C
$GPGSV,3,3,09,31,20,265,27,1*59
$GPGSV,3,1,11,05,34,128,36,10,02,342,31,12,16,034,16,13,09,030,17,6*63
$GPGSV,3,2,11,18,68,245,21,23,30,357,41,25,48,019,45,26,30,228,25,6*69
$GPGSV,3,3,11,28,20,297,16,29,57,140,34,31,20,265,26,6*5E
$GPGSV,2,1,07,10,02,342,33,13,09,030,27,18,68,245,27,23,30,357,47,8*63
$GPGSV,2,2,07,25,48,019,52,26,30,228,23,28,20,297,23,8*55
$GPGSV,1,1,04,15,11,062,,16,03,219,,20,03,090,,21,04,144,,0*61
$GAGSV,2,1,07,02,36,221,15,10,33,142,30,11,61,155,27,14,20,087,22,1*7D
$GAGSV,2,2,07,16,35,040,43,25,86,031,37,36,60,291,20,1*44
$GAGSV,1,1,02,16,35,040,48,25,86,031,38,5*7A
$GAGSV,2,1,05,10,33,142,26,11,61,155,19,14,20,087,26,16,35,040,47,7*73
$GAGSV,2,2,05,25,86,031,37,7*49
$GAGSV,1,1,02,12,11,137,,34,11,309,,0*7D
$GBGSV,3,1,10,12,22,105,13,19,27,076,47,20,15,123,25,22,14,022,27,3*7C
$GBGSV,3,2,10,24,27,234,25,26,51,290,23,29,21,116,29,31,37,251,11,3*7A
$GBGSV,3,3,10,35,59,172,19,39,26,001,47,3*7F
$GBGSV,3,1,10,12,22,105,32,19,27,076,47,20,15,123,16,22,14,022,25,5*7B
$GBGSV,3,2,10,24,27,234,16,26,51,290,21,29,21,116,32,31,37,251,22,5*74
$GBGSV,3,3,10,35,59,172,26,39,26,001,45,5*77
$GBGSV,3,1,10,12,22,105,31,19,27,076,43,20,15,123,22,22,14,022,30,8*72
$GBGSV,3,2,10,24,27,234,30,26,51,290,22,29,21,116,32,31,37,251,22,8*7E
$GBGSV,3,3,10,35,59,172,21,39,26,001,45,8*7D
$GBGSV,1,1,01,11,01,108,,0*4E
$GNGLL,3001.74283,S,05112.74970,W,171517.00,A,A*7E
$GNRMC,171518.00,A,3001.74284,S,05112.74971,W,0.026,,090926,,,A,V*14
$GNVTG,,T,,M,0.026,N,0.049,K,A*34
$GNGGA,171518.00,3001.74284,S,05112.74971,W,1,12,0.64,48.1,M,4.8,M,,*42
$GNGSA,M,3,12,18,23,25,26,28,29,31,05,,,,1.22,0.64,1.04,1*05
$GNGSA,M,3,16,25,36,10,11,,,,,,,,1.22,0.64,1.04,3*0D
$GNGSA,M,3,12,19,20,22,24,26,29,31,35,39,,,1.22,0.64,1.04,4*00
$GPGSV,3,1,09,05,34,128,42,10,02,342,32,12,16,034,35,18,68,245,17,1*60
$GPGSV,3,2,09,23,30,357,47,25,48,019,49,28,20,297,23,29,57,140,43,1*6C
$GPGSV,3,3,09,31,20,265,26,1*58
$GPGSV,3,1,11,05,34,128,36,10,02,342,31,12,16,034,16,13,09,030,17,6*63
$GPGSV,3,2,11,18,68,245,22,23,30,357,41,25,48,019,45,26,30,228,26,6*69
$GPGSV,3,3,11,28,20,297,16,29,57,140,35,31,20,265,26,6*5F
$GPGSV,2,1,07,10,02,342,33,13,09,030,27,18,68,245,27,23,30,357,47,8*63
$GPGSV,2,2,07,25,48,019,52,26,30,228,23,28,20,297,22,8*54
$GPGSV,1,1,04,15,11,062,,16,03,219,,20,03,090,,21,04,144,,0*61
$GAGSV,2,1,07,02,36,221,14,10,33,142,30,11,61,155,27,14,20,087,21,1*7F
$GAGSV,2,2,07,16,35,040,43,25,86,031,37,36,60,291,19,1*4E
$GAGSV,1,1,02,16,35,040,48,25,86,031,38,5*7A
$GAGSV,2,1,05,10,33,142,26,11,61,155,20,14,20,087,26,16,35,040,47,7*79
$GAGSV,2,2,05,25,86,031,37,7*49
$GAGSV,1,1,02,12,11,137,,34,11,309,,0*7D
$GBGSV,3,1,10,12,22,105,15,19,27,076,47,20,15,123,25,22,14,022,27,3*7A
$GBGSV,3,2,10,24,27,234,24,26,51,290,22,29,21,116,29,31,37,251,16,3*7D
$GBGSV,3,3,10,35,59,172,19,39,26,001,47,3*7F
$GBGSV,3,1,10,12,22,105,32,19,27,076,47,20,15,123,18,22,14,022,25,5*75
$GBGSV,3,2,10,24,27,234,16,26,51,290,22,29,21,116,32,31,37,251,22,5*77
$GBGSV,3,3,10,35,59,172,26,39,26,001,45,5*77
$GBGSV,3,1,10,12,22,105,31,19,27,076,43,20,15,123,22,22,14,022,30,8*72
$GBGSV,3,2,10,24,27,234,30,26,51,290,22,29,21,116,32,31,37,251,22,8*7E
$GBGSV,3,3,10,35,59,172,22,39,26,001,45,8*7E
$GBGSV,1,1,01,11,01,108,,0*4E
$GNGLL,3001.74284,S,05112.74971,W,171518.00,A,A*77
$GNRMC,171519.00,A,3001.74284,S,05112.74971,W,0.010,,090926,,,A,V*10
$GNVTG,,T,,M,0.010,N,0.019,K,A*34
$GNGGA,171519.00,3001.74284,S,05112.74971,W,1,12,0.58,48.1,M,4.8,M,,*4C
$GNGSA,M,3,12,18,23,25,26,28,29,31,05,,,,1.12,0.58,0.95,1*00
$GNGSA,M,3,16,25,36,10,11,,,,,,,,1.12,0.58,0.95,3*08
$GNGSA,M,3,12,19,20,22,24,26,29,31,35,39,,,1.12,0.58,0.95,4*05
$GPGSV,3,1,09,05,34,128,41,10,02,342,32,12,16,034,35,18,68,245,16,1*62
$GPGSV,3,2,09,23,30,357,47,25,48,019,49,28,20,297,23,29,57,140,43,1*6C
$GPGSV,3,3,09,31,20,265,26,1*58
$GPGSV,3,1,11,05,34,128,35,10,02,342,31,12,16,034,17,13,09,030,17,6*61
$GPGSV,3,2,11,18,68,245,21,23,30,357,41,25,48,019,45,26,30,228,26,6*6A
$GPGSV,3,3,11,28,20,297,16,29,57,140,34,31,20,265,26,6*5E
$GPGSV,2,1,07,10,02,342,33,13,09,030,26,18,68,245,27,23,30,357,47,8*62
$GPGSV,2,2,07,25,48,019,52,26,30,228,23,28,20,297,22,8*54
$GPGSV,1,1,04,15,11,062,,16,03,219,,20,03,090,,21,04,144,,0*61
$GAGSV,2,1,07,02,36,221,14,10,33,142,30,11,61,155,27,14,20,087,21,1*7F
$GAGSV,2,2,07,16,35,040,43,25,86,031,37,36,60,291,19,1*4E
$GAGSV,1,1,02,16,35,040,48,25,86,031,38,5*7A
$GAGSV,2,1,05,10,33,142,27,11,61,155,20,14,20,087,25,16,35,040,47,7*7B
$GAGSV,2,2,05,25,86,031,37,7*49
$GAGSV,1,1,02,12,11,137,,34,11,309,,0*7D
$GBGSV,3,1,10,12,22,105,16,19,27,076,47,20,15,123,26,22,14,022,28,3*75
$GBGSV,3,2,10,24,27,234,25,26,51,290,22,29,21,116,29,31,37,251,17,3*7D
$GBGSV,3,3,10,35,59,172,19,39,26,001,47,3*7F
$GBGSV,3,1,10,12,22,105,32,19,27,076,47,20,15,123,18,22,14,022,25,5*75
$GBGSV,3,2,10,24,27,234,17,26,51,290,22,29,21,116,32,31,37,251,22,5*76
$GBGSV,3,3,10,35,59,172,26,39,26,001,45,5*77
$GBGSV,3,1,10,12,22,105,30,19,27,076,43,20,15,123,23,22,14,022,31,8*73
$GBGSV,3,2,10,24,27,234,30,26,51,290,22,29,21,116,33,31,37,251,21,8*7C
$GBGSV,3,3,10,35,59,172,21,39,26,001,45,8*7D
$GBGSV,1,1,01,11,01,108,,0*4E
$GNGLL,3001.74284,S,05112.74971,W,171519.00,A,A*76
$GNRMC,171520.00,A,3001.74284,S,05112.74970,W,0.012,,090926,,,A,V*19
$GNVTG,,T,,M,0.012,N,0.022,K,A*3E
$GNGGA,171520.00,3001.74284,S,05112.74970,W,1,12,0.55,48.2,M,4.8,M,,*49
$GNGSA,M,3,12,18,23,25,26,28,29,31,05,,,,1.10,0.55,0.95,1*0F
$GNGSA,M,3,16,25,36,02,10,11,,,,,,,1.10,0.55,0.95,3*05
$GNGSA,M,3,12,19,20,22,24,26,29,31,35,39,,,1.10,0.55,0.95,4*0A
$GPGSV,3,1,09,05,34,128,42,10,02,342,32,12,16,034,35,18,68,245,16,1*61
$GPGSV,3,2,09,23,30,357,47,25,48,019,49,28,20,297,23,29,57,140,43,1*6C
$GPGSV,3,3,09,31,20,265,26,1*58
$GPGSV,3,1,11,05,34,128,35,10,02,342,31,12,16,034,17,13,09,030,17,6*61
$GPGSV,3,2,11,18,68,245,21,23,30,357,41,25,48,019,45,26,30,228,27,6*6B
$GPGSV,3,3,11,28,20,297,16,29,57,140,34,31,20,265,27,6*5F
$GPGSV,2,1,07,10,02,342,33,13,09,030,26,18,68,245,27,23,30,357,47,8*62
$GPGSV,2,2,07,25,48,019,52,26,30,228,23,28,20,297,22,8*54
$GPGSV,1,1,04,15,11,062,,16,03,219,,20,03,090,,21,04,144,,0*61
$GAGSV,2,1,07,02,36,221,15,10,33,142,30,11,61,155,27,14,20,087,21,1*7E
$GAGSV,2,2,07,16,35,040,43,25,86,031,37,36,60,291,19,1*4E
$GAGSV,1,1,02,16,35,040,48,25,86,031,38,5*7A
$GAGSV,2,1,05,10,33,142,26,11,61,155,20,14,20,087,25,16,35,040,47,7*7A
$GAGSV,2,2,05,25,86,031,37,7*49
$GAGSV,1,1,02,12,11,137,,34,11,309,,0*7D
$GBGSV,3,1,10,12,22,105,17,19,27,076,47,20,15,123,25,22,14,022,28,3*77
$GBGSV,3,2,10,24,27,234,24,26,51,290,22,29,21,116,29,31,37,251,09,3*73
$GBGSV,3,3,10,35,59,172,19,39,26,001,47,3*7F
$GBGSV,3,1,10,12,22,105,31,19,27,076,47,20,15,123,19,22,14,022,25,5*77
$GBGSV,3,2,10,24,27,234,17,26,51,290,22,29,21,116,33,31,37,251,22,5*77
$GBGSV,3,3,10,35,59,172,26,39,26,001,45,5*77
$GBGSV,3,1,10,12,22,105,30,19,27,076,43,20,15,123,23,22,14,022,31,8*73
$GBGSV,3,2,10,24,27,234,30,26,51,290,22,29,21,116,33,31,37,251,21,8*7C
$GBGSV,3,3,10,35,59,172,21,39,26,001,45,8*7D
$GBGSV,1,1,01,11,01,108,,0*4E
$GNGLL,3001.74284,S,05112.74970,W,171520.00,A,A*7D
$GNRMC,171521.00,A,3001.74284,S,05112.74970,W,0.012,,090926,,,A,V*18
$GNVTG,,T,,M,0.012,N,0.022,K,A*3E
$GNGGA,171521.00,3001.74284,S,05112.74970,W,1,12,0.53,48.2,M,4.8,M,,*4E
$GNGSA,M,3,12,18,23,25,26,28,29,31,05,,,,1.07,0.53,0.93,1*09
$GNGSA,M,3,16,25,36,02,10,11,,,,,,,1.07,0.53,0.93,3*03
$GNGSA,M,3,12,19,20,22,24,26,29,31,35,39,,,1.07,0.53,0.93,4*0C
$GPGSV,3,1,09,05,33,129,42,10,02,342,32,12,16,034,35,18,68,245,16,1*67
$GPGSV,3,2,09,23,30,357,47,25,48,019,49,28,20,297,23,29,57,140,43,1*6C
$GPGSV,3,3,09,31,20,265,26,1*58
$GPGSV,3,1,11,05,33,129,35,10,02,342,31,12,16,034,17,13,09,030,16,6*66
$GPGSV,3,2,11,18,68,245,22,23,30,357,41,25,48,019,45,26,30,228,27,6*68
$GPGSV,3,3,11,28,20,297,17,29,57,140,35,31,20,265,26,6*5E
$GPGSV,2,1,07,10,02,342,33,13,09,030,27,18,68,245,27,23,30,357,47,8*63
$GPGSV,2,2,07,25,48,019,52,26,30,228,23,28,20,297,22,8*54
$GPGSV,1,1,04,15,11,062,,16,03,219,,20,03,090,,21,04,144,,0*61
$GAGSV,2,1,07,02,36,221,16,10,33,142,30,11,61,155,27,14,20,087,22,1*7E
$GAGSV,2,2,07,16,35,040,43,25,86,031,37,36,60,291,19,1*4E
$GAGSV,1,1,02,16,35,040,48,25,86,031,38,5*7A
$GAGSV,2,1,05,10,33,142,27,11,61,155,19,14,20,087,25,16,35,040,47,7*71
$GAGSV,2,2,05,25,86,031,37,7*49
$GAGSV,1,1,02,12,11,137,,34,11,309,,0*7D
$GBGSV,3,1,10,12,22,105,17,19,27,076,47,20,15,123,25,22,14,022,28,3*77
$GBGSV,3,2,10,24,27,234,24,26,51,290,22,29,21,116,29,31,37,251,09,3*73
$GBGSV,3,3,10,35,59,172,20,39,26,001,47,3*75
$GBGSV,3,1,10,12,22,105,32,19,27,076,47,20,15,123,19,22,14,022,25,5*74
$GBGSV,3,2,10,24,27,234,16,26,51,290,22,29,21,116,33,31,37,251,22,5*76
$GBGSV,3,3,10,35,59,172,26,39,26,001,45,5*77
$GBGSV,3,1,10,12,22,105,29,19,27,076,43,20,15,123,23,22,14,022,31,8*7B
$GBGSV,3,2,10,24,27,234,30,26,51,290,23,29,21,116,33,31,37,251,21,8*7D
$GBGSV,3,3,10,35,59,172,21,39,26,001,45,8*7D
$GBGSV,1,1,01,11,01,108,,0*4E
$GNGLL,3001.74284,S,05112.74970,W,171521.00,A,A*7C
$GNRMC,171522.00,A,3001.74284,S,05112.74969,W,0.006,,090926,,,A,V*16
$GNVTG,,T,,M,0.006,N,0.012,K,A*38
$GNGGA,171522.00,3001.74284,S,05112.74969,W,1,12,0.53,48.2,M,4.8,M,,*45
$GNGSA,M,3,12,18,23,25,26,28,29,31,05,,,,1.07,0.53,0.93,1*09
$GNGSA,M,3,16,25,36,02,10,11,,,,,,,1.07,0.53,0.93,3*03
$GNGSA,M,3,12,19,20,22,24,26,29,31,35,39,,,1.07,0.53,0.93,4*0C
$GPGSV,3,1,09,05,33,129,41,10,02,342,33,12,16,034,35,18,68,245,17,1*64
$GPGSV,3,2,09,23,30,357,47,25,48,019,49,28,20,297,24,29,57,140,43,1*6B
$GPGSV,3,3,09,31,20,265,26,1*58
$GPGSV,3,1,11,05,33,129,35,10,02,342,31,12,16,034,17,13,09,030,15,6*65
$GPGSV,3,2,11,18,68,245,22,23,30,357,41,25,48,019,45,26,30,228,27,6*68
$GPGSV,3,3,11,28,20,297,16,29,57,140,35,31,20,265,26,6*5F
$GPGSV,2,1,07,10,02,342,33,13,09,030,27,18,68,245,26,23,30,357,47,8*62
$GPGSV,2,2,07,25,48,019,52,26,30,228,22,28,20,297,22,8*55
$GPGSV,1,1,04,15,11,062,,16,03,219,,20,03,090,,21,04,144,,0*61
$GAGSV,2,1,07,02,36,221,16,10,33,142,30,11,61,155,27,14,20,087,22,1*7E
$GAGSV,2,2,07,16,35,040,43,25,86,031,37,36,60,291,20,1*44
$GAGSV,1,1,02,16,35,040,48,25,86,031,38,5*7A
$GAGSV,2,1,05,10,33,142,27,11,61,155,20,14,20,087,25,16,35,040,47,7*7B
$GAGSV,2,2,05,25,86,031,37,7*49
$GAGSV,1,1,02,12,11,137,,34,11,309,,0*7D
$GBGSV,3,1,10,12,22,105,18,19,27,076,47,20,15,123,25,22,14,022,28,3*78
$GBGSV,3,2,10,24,27,234,24,26,51,290,22,29,21,116,30,31,37,251,12,3*71
$GBGSV,3,3,10,35,59,172,20,39,26,001,46,3*74
$GBGSV,3,1,10,12,22,105,31,19,27,076,47,20,15,123,19,22,14,022,25,5*77
$GBGSV,3,2,10,24,27,234,17,26,51,290,22,29,21,116,32,31,37,251,23,5*77
$GBGSV,3,3,10,35,59,172,26,39,26,001,44,5*76
$GBGSV,3,1,10,12,22,105,29,19,27,076,43,20,15,123,23,22,14,022,31,8*7B
$GBGSV,3,2,10,24,27,234,30,26,51,290,23,29,21,116,33,31,37,251,21,8*7D
$GBGSV,3,3,10,35,59,172,20,39,26,001,45,8*7C
$GBGSV,1,1,01,11,01,108,,0*4E
$GNGLL,3001.74284,S,05112.74969,W,171522.00,A,A*77
$GNRMC,171523.00,A,3001.74284,S,05112.74969,W,0.016,,090926,,,A,V*16
$GNVTG,,T,,M,0.016,N,0.029,K,A*31
$GNGGA,171523.00,3001.74284,S,05112.74969,W,1,12,0.53,48.1,M,4.8,M,,*47
$GNGSA,M,3,12,18,23,25,26,28,29,31,05,,,,1.07,0.53,0.93,1*09
$GNGSA,M,3,16,25,36,02,10,11,,,,,,,1.07,0.53,0.93,3*03
$GNGSA,M,3,12,19,20,22,24,26,29,31,35,39,,,1.07,0.53,0.93,4*0C
$GPGSV,3,1,09,05,33,129,41,10,02,342,32,12,16,034,35,18,68,245,16,1*64
$GPGSV,3,2,09,23,30,357,48,25,48,019,49,28,20,297,24,29,57,140,43,1*64
$GPGSV,3,3,09,31,20,265,25,1*5B
$GPGSV,3,1,11,05,33,129,36,10,02,342,32,12,16,034,17,13,09,030,16,6*66
$GPGSV,3,2,11,18,68,245,23,23,30,357,41,25,48,019,45,26,30,228,27,6*69
$GPGSV,3,3,11,28,20,297,16,29,57,140,35,31,20,265,26,6*5F
$GPGSV,2,1,07,10,02,342,34,13,09,030,26,18,68,245,26,23,30,357,47,8*64
$GPGSV,2,2,07,25,48,019,52,26,30,228,22,28,20,297,22,8*55
$GPGSV,1,1,04,15,11,062,,16,03,219,,20,03,090,,21,04,144,,0*61
$GAGSV,2,1,07,02,36,221,16,10,33,142,30,11,61,155,27,14,20,087,21,1*7D
$GAGSV,2,2,07,16,35,040,43,25,86,031,37,36,60,291,20,1*44
$GAGSV,1,1,02,16,35,040,48,25,86,031,38,5*7A
$GAGSV,2,1,05,10,33,142,27,11,61,155,20,14,20,087,25,16,35,040,47,7*7B
$GAGSV,2,2,05,25,86,031,37,7*49
$GAGSV,1,1,02,12,11,137,,34,11,309,,0*7D
$GBGSV,3,1,10,12,22,105,19,19,27,076,47,20,15,123,25,22,14,022,28,3*79
$GBGSV,3,2,10,24,27,234,24,26,51,290,22,29,21,116,30,31,37,251,14,3*77
$GBGSV,3,3,10,35,59,172,20,39,26,001,46,3*74
$GBGSV,3,1,10,12,22,105,31,19,27,076,47,20,15,123,18,22,14,022,26,5*75
$GBGSV,3,2,10,24,27,234,16,26,51,290,22,29,21,116,33,31,37,251,23,5*77
$GBGSV,3,3,10,35,59,172,26,39,26,001,45,5*77
$GBGSV,3,1,10,12,22,105,29,19,27,076,43,20,15,123,22,22,14,022,31,8*7A
$GBGSV,3,2,10,24,27,234,30,26,51,290,23,29,21,116,33,31,37,251,21,8*7D
$GBGSV,3,3,10,35,59,172,21,39,26,001,45,8*7D
$GBGSV,1,1,01,11,01,108,,0*4E
$GNGLL,3001.74284,S,05112.74969,W,171523.00,A,A*76
$GNRMC,171524.00,A,3001.74284,S,05112.74968,W,0.007,,090926,,,A,V*10
$GNVTG,,T,,M,0.007,N,0.012,K,A*39
$GNGGA,171524.00,3001.74284,S,05112.74968,W,1,12,0.53,48.1,M,4.8,M,,*41
$GNGSA,M,3,12,18,23,25,26,28,29,31,05,,,,1.07,0.53,0.93,1*09
$GNGSA,M,3,16,25,36,02,10,11,,,,,,,1.07,0.53,0.93,3*03
$GNGSA,M,3,12,19,20,22,24,26,29,31,35,39,,,1.07,0.53,0.93,4*0C
$GPGSV,3,1,09,05,33,129,41,10,02,342,33,12,16,034,35,18,68,245,17,1*64
$GPGSV,3,2,09,23,30,357,48,25,48,019,49,28,20,297,25,29,57,140,43,1*65
$GPGSV,3,3,09,31,20,265,25,1*5B
$GPGSV,3,1,11,05,33,129,35,10,02,342,31,12,16,034,18,13,09,030,15,6*6A
$GPGSV,3,2,11,18,68,245,23,23,30,357,41,25,48,019,45,26,30,228,27,6*69
$GPGSV,3,3,11,28,20,297,17,29,57,140,35,31,20,265,26,6*5E
$GPGSV,2,1,08,10,02,342,34,10,02,342,34,13,09,030,26,18,68,245,27,8*6B
$GPGSV,2,2,08,23,30,357,47,25,48,019,52,26,30,228,23,28,20,297,22,8*6B
$GPGSV,1,1,04,15,11,062,,16,03,219,,20,03,090,,21,04,144,,0*61
$GAGSV,2,1,07,02,36,221,16,10,33,142,30,11,61,155,27,14,20,087,22,1*7E
$GAGSV,2,2,07,16,35,040,43,25,86,031,37,36,60,291,20,1*44
$GAGSV,1,1,02,16,35,040,48,25,86,031,38,5*7A
$GAGSV,2,1,05,10,33,142,26,11,61,155,20,14,20,087,25,16,35,040,47,7*7A
$GAGSV,2,2,05,25,86,031,37,7*49
$GAGSV,1,1,02,12,11,137,,34,11,309,,0*7D
$GBGSV,3,1,11,12,22,105,19,19,27,076,47,20,15,123,26,22,14,022,28,3*7B
$GBGSV,3,2,11,22,14,022,28,24,27,234,23,26,51,290,22,29,21,116,30,3*7B
$GBGSV,3,3,11,31,37,251,14,35,59,172,19,39,26,001,46,3*4A
$GBGSV,3,1,10,12,22,105,31,19,27,076,47,20,15,123,17,22,14,022,26,5*7A
$GBGSV,3,2,10,24,27,234,16,26,51,290,22,29,21,116,33,31,37,251,22,5*76
$GBGSV,3,3,10,35,59,172,26,39,26,001,45,5*77
$GBGSV,3,1,10,12,22,105,29,19,27,076,43,20,15,123,22,22,14,022,31,8*7A
$GBGSV,3,2,10,24,27,234,30,26,51,290,23,29,21,116,33,31,37,251,21,8*7D
$GBGSV,3,3,10,35,59,172,21,39,26,001,45,8*7D
$GBGSV,1,1,01,11,01,108,,0*4E
$GNGLL,3001.74284,S,05112.74968,W,171524.00,A,A*70
$GNRMC,171525.00,A,3001.74284,S,05112.74967,W,0.014,,090926,,,A,V*1C
$GNVTG,,T,,M,0.014,N,0.027,K,A*3D
$GNGGA,171525.00,3001.74284,S,05112.74967,W,1,12,0.53,48.2,M,4.8,M,,*4C
$GNGSA,M,3,12,18,23,25,26,28,29,31,05,,,,1.07,0.53,0.93,1*09
$GNGSA,M,3,16,25,36,02,10,11,,,,,,,1.07,0.53,0.93,3*03
$GNGSA,M,3,12,19,20,22,24,26,29,31,35,39,,,1.07,0.53,0.93,4*0C
$GPGSV,3,1,09,05,33,129,41,10,02,342,33,12,16,034,35,18,68,245,16,1*65
$GPGSV,3,2,09,23,30,357,48,25,48,019,49,28,20,297,25,29,57,140,43,1*65
$GPGSV,3,3,09,31,20,265,25,1*5B
$GPGSV,3,1,11,05,33,129,35,10,02,342,31,12,16,034,18,13,09,030,14,6*6B
$GPGSV,3,2,11,18,68,245,23,23,30,357,41,25,48,019,45,26,30,228,27,6*69
$GPGSV,3,3,11,28,20,297,17,29,57,140,35,31,20,265,26,6*5E
$GPGSV,2,1,07,10,02,342,33,13,09,030,26,18,68,245,26,23,30,357,47,8*63
$GPGSV,2,2,07,25,48,019,52,26,30,228,23,28,20,297,22,8*54
$GPGSV,1,1,04,15,11,062,,16,03,219,,20,03,090,,21,04,144,,0*61
$GAGSV,2,1,07,02,36,221,16,10,33,142,30,11,61,155,27,14,20,087,22,1*7E
$GAGSV,2,2,07,16,35,040,43,25,86,031,37,36,60,291,20,1*44
$GAGSV,1,1,02,16,35,040,48,25,86,031,38,5*7A
$GAGSV,2,1,05,10,33,142,26,11,61,155,20,14,20,087,25,16,35,040,47,7*7A
$GAGSV,2,2,05,25,86,031,37,7*49
$GAGSV,1,1,02,12,11,137,,34,11,309,,0*7D
$GBGSV,3,1,10,12,22,105,20,19,27,076,47,20,15,123,26,22,14,022,28,3*70
$GBGSV,3,2,10,24,27,234,23,26,51,290,22,29,21,116,30,31,37,251,15,3*71
$GBGSV,3,3,10,35,59,172,20,39,26,001,46,3*74
$GBGSV,3,1,10,12,22,105,31,19,27,076,47,20,15,123,17,22,14,022,26,5*7A
$GBGSV,3,2,10,24,27,234,16,26,51,290,22,29,21,116,33,31,37,251,23,5*77
$GBGSV,3,3,10,35,59,172,26,39,26,001,44,5*76
$GBGSV,3,1,10,12,22,105,29,19,27,076,43,20,15,123,22,22,14,022,31,8*7A
$GBGSV,3,2,10,24,27,234,30,26,51,290,22,29,21,116,33,31,37,251,20,8*7D
$GBGSV,3,3,10,35,59,172,21,39,26,001,45,8*7D
$GBGSV,1,1,01,11,01,108,,0*4E
$GNGLL,3001.74284,S,05112.74967,W,171525.00,A,A*7E
$GNRMC,171526.00,A,3001.74284,S,05112.74967,W,0.015,,090926,,,A,V*1E
$GNVTG,,T,,M,0.015,N,0.027,K,A*3C
$GNGGA,171526.00,3001.74284,S,05112.74967,W,1,12,0.53,48.2,M,4.8,M,,*4F
$GNGSA,M,3,12,18,23,25,26,28,29,31,05,,,,1.07,0.53,0.93,1*09
$GNGSA,M,3,16,25,36,02,10,11,,,,,,,1.07,0.53,0.93,3*03
$GNGSA,M,3,12,19,20,22,24,26,29,31,35,39,,,1.07,0.53,0.93,4*0C
$GPGSV,3,1,09,05,33,129,41,10,03,342,32,12,16,034,35,18,68,245,16,1*65
$GPGSV,3,2,09,23,30,357,47,25,48,019,49,28,20,297,25,29,57,140,43,1*6A
$GPGSV,3,3,09,31,20,265,25,1*5B
$GPGSV,3,1,11,05,33,129,36,10,03,342,31,12,16,034,18,13,09,030,13,6*6E
$GPGSV,3,2,11,18,68,245,24,23,30,357,41,25,48,019,45,26,30,228,27,6*6E
$GPGSV,3,3,11,28,20,297,19,29,57,140,35,31,20,265,26,6*50
$GPGSV,2,1,07,10,03,342,33,13,09,030,26,18,68,245,26,23,30,357,47,8*62
$GPGSV,2,2,07,25,48,019,52,26,30,228,23,28,20,297,22,8*54
$GPGSV,1,1,04,15,11,062,,16,03,219,,20,03,090,,21,04,144,,0*61
$GAGSV,2,1,07,02,36,221,16,10,33,142,30,11,61,155,27,14,20,087,22,1*7E
$GAGSV,2,2,07,16,35,040,43,25,86,031,37,36,60,291,19,1*4E
$GAGSV,1,1,02,16,35,040,48,25,86,031,38,5*7A
$GAGSV,2,1,05,10,33,142,27,11,61,155,20,14,20,087,25,16,35,040,47,7*7B
$GAGSV,2,2,05,25,86,031,37,7*49
$GAGSV,1,1,02,12,11,137,,34,11,309,,0*7D
$GBGSV,3,1,10,12,22,105,20,19,27,076,47,20,15,123,26,22,14,022,28,3*70
$GBGSV,3,2,10,24,27,234,22,26,51,290,22,29,21,116,30,31,37,251,14,3*71
$GBGSV,3,3,10,35,59,172,21,39,26,001,46,3*75
$GBGSV,3,1,10,12,22,105,31,19,27,076,47,20,15,123,17,22,14,022,26,5*7A
$GBGSV,3,2,10,24,27,234,15,26,51,290,22,29,21,116,33,31,37,251,23,5*74
$GBGSV,3,3,10,35,59,172,26,39,26,001,44,5*76
$GBGSV,3,1,10,12,22,105,29,19,27,076,43,20,15,123,22,22,14,022,31,8*7A
$GBGSV,3,2,10,24,27,234,29,26,51,290,22,29,21,116,33,31,37,251,20,8*75
$GBGSV,3,3,10,35,59,172,21,39,26,001,45,8*7D
$GBGSV,1,1,01,11,01,108,,0*4E
$GNGLL,3001.74284,S,05112.74967,W,171526.00,A,A*7D
$GNRMC,171527.00,A,3001.74285,S,05112.74968,W,0.049,,090926,,,A,V*18
$GNVTG,,T,,M,0.049,N,0.090,K,A*39
$GNGGA,171527.00,3001.74285,S,05112.74968,W,1,12,0.53,48.2,M,4.8,M,,*40
$GNGSA,M,3,12,18,23,25,26,28,29,31,05,,,,1.07,0.53,0.93,1*09
$GNGSA,M,3,16,25,36,02,10,11,,,,,,,1.07,0.53,0.93,3*03
$GNGSA,M,3,12,19,20,22,24,26,29,31,35,39,,,1.07,0.53,0.93,4*0C
$GPGSV,3,1,09,05,33,129,41,10,03,342,32,12,16,034,35,18,68,245,15,1*66
$GPGSV,3,2,09,23,30,357,47,25,48,019,49,28,20,297,25,29,57,140,43,1*6A
$GPGSV,3,3,09,31,20,265,26,1*58
$GPGSV,3,1,11,05,33,129,35,10,03,342,31,12,16,034,19,13,09,030,10,6*6F
$GPGSV,3,2,11,18,68,245,23,23,30,357,41,25,48,019,45,26,30,228,28,6*66
$GPGSV,3,3,11,28,20,297,20,29,57,140,35,31,20,265,26,6*5A
$GPGSV,2,1,07,10,03,342,33,13,09,030,27,18,68,245,26,23,30,357,47,8*63
$GPGSV,2,2,07,25,48,019,52,26,30,228,23,28,20,297,22,8*54
$GPGSV,1,1,04,15,11,062,,16,03,219,,20,03,090,,21,04,144,,0*61
$GAGSV,2,1,07,02,36,221,16,10,33,142,31,11,61,155,27,14,20,087,22,1*7F
$GAGSV,2,2,07,16,35,040,43,25,86,031,37,36,60,291,20,1*44
$GAGSV,1,1,02,16,35,040,48,25,86,031,38,5*7A
$GAGSV,2,1,05,10,33,142,27,11,61,155,20,14,20,087,25,16,35,040,47,7*7B
$GAGSV,2,2,05,25,86,031,37,7*49
$GAGSV,1,1,02,12,11,137,,34,11,309,,0*7D
$GBGSV,3,1,10,12,22,105,20,19,27,076,47,20,15,123,26,22,14,022,28,3*70
$GBGSV,3,2,10,24,27,234,23,26,51,290,22,29,21,116,30,31,37,251,14,3*70
$GBGSV,3,3,10,35,59,172,21,39,26,001,46,3*75
$GBGSV,3,1,10,12,22,105,31,19,27,076,47,20,15,123,17,22,14,022,26,5*7A
$GBGSV,3,2,10,24,27,234,16,26,51,290,22,29,21,116,33,31,37,251,23,5*77
$GBGSV,3,3,10,35,59,172,26,39,26,001,45,5*77
$GBGSV,3,1,10,12,22,105,29,19,27,076,43,20,15,123,22,22,14,022,31,8*7A
$GBGSV,3,2,10,24,27,234,29,26,51,290,22,29,21,116,33,31,37,251,20,8*75
$GBGSV,3,3,10,35,59,172,21,39,26,001,45,8*7D
$GBGSV,1,1,01,11,01,108,,0*4E
$GNGLL,3001.74285,S,05112.74968,W,171527.00,A,A*72
$GNRMC,171528.00,A,3001.74285,S,05112.74968,W,0.019,,090926,,,A,V*12
$GNVTG,,T,,M,0.019,N,0.036,K,A*30
$GNGGA,171528.00,3001.74285,S,05112.74968,W,1,12,0.53,48.2,M,4.8,M,,*4F
$GNGSA,M,3,12,18,23,25,26,28,29,31,05,,,,1.07,0.53,0.93,1*09
$GNGSA,M,3,16,25,36,02,10,11,,,,,,,1.07,0.53,0.93,3*03
$GNGSA,M,3,12,19,20,22,24,26,29,31,35,39,,,1.07,0.53,0.93,4*0C
$GPGSV,3,1,09,05,33,129,41,10,03,342,32,12,15,033,35,18,68,245,15,1*62
$GPGSV,3,2,09,23,30,357,47,25,48,019,49,28,20,297,25,29,57,140,43,1*6A
$GPGSV,3,3,09,31,20,265,26,1*58
$GPGSV,3,1,11,05,33,129,35,10,03,342,31,12,15,033,19,13,09,030,13,6*68
$GPGSV,3,2,11,18,68,245,23,23,30,357,41,25,48,019,45,26,30,228,28,6*66
$GPGSV,3,3,11,28,20,297,20,29,57,140,35,31,20,265,26,6*5A
$GPGSV,2,1,07,10,03,342,33,13,09,030,26,18,68,245,26,23,30,357,47,8*62
$GPGSV,2,2,07,25,48,019,52,26,30,228,23,28,20,297,22,8*54
$GPGSV,1,1,04,15,11,062,,16,03,219,,20,03,090,,21,04,144,,0*61
$GAGSV,2,1,07,02,36,221,17,10,33,142,30,11,61,155,27,14,20,087,22,1*7F
$GAGSV,2,2,07,16,35,040,43,25,86,031,37,36,60,291,19,1*4E
$GAGSV,1,1,02,16,35,040,48,25,86,031,38,5*7A
$GAGSV,2,1,05,10,33,142,27,11,61,155,19,14,20,087,25,16,35,040,47,7*71
$GAGSV,2,2,05,25,86,031,37,7*49
$GAGSV,1,1,02,12,11,137,,34,11,309,,0*7D
$GBGSV,3,1,10,12,22,105,21,19,27,076,47,20,15,123,26,22,14,022,29,3*70
$GBGSV,3,2,10,24,27,234,23,26,51,290,21,29,21,116,30,31,37,251,15,3*72
$GBGSV,3,3,10,35,59,172,21,39,26,001,46,3*75
$GBGSV,3,1,10,12,22,105,30,19,27,076,47,20,15,123,16,22,14,022,26,5*7A
$GBGSV,3,2,10,24,27,234,16,26,51,290,22,29,21,116,33,31,37,251,23,5*77
$GBGSV,3,3,10,35,59,172,26,39,26,001,44,5*76
$GBGSV,3,1,10,12,22,105,28,19,27,076,43,20,15,123,22,22,14,022,31,8*7B
$GBGSV,3,2,10,24,27,234,29,26,51,290,22,29,21,116,33,31,37,251,20,8*75
$GBGSV,3,3,10,35,59,172,20,39,26,001,45,8*7C
$GBGSV,1,1,01,11,01,108,,0*4E
$GNGLL,3001.74285,S,05112.74968,W,171528.00,A,A*7D
$GNRMC,171529.00,A,3001.74285,S,05112.74967,W,0.012,,090926,,,A,V*17
$GNVTG,,T,,M,0.012,N,0.021,K,A*3D
$GNGGA,171529.00,3001.74285,S,05112.74967,W,1,12,0.56,48.2,M,4.8,M,,*44
$GNGSA,M,3,12,18,23,25,26,28,29,31,05,,,,1.12,0.56,0.97,1*0C
$GNGSA,M,3,16,25,36,02,10,11,,,,,,,1.12,0.56,0.97,3*06
$GNGSA,M,3,12,19,20,22,24,26,29,31,35,39,,,1.12,0.56,0.97,4*09
$GPGSV,3,1,09,05,33,129,41,10,03,342,32,12,15,033,35,18,68,245,14,1*63
$GPGSV,3,2,09,23,30,357,47,25,48,019,49,28,20,297,25,29,57,140,43,1*6A
$GPGSV,3,3,09,31,20,265,26,1*58
$GPGSV,3,1,11,05,33,129,35,10,03,342,31,12,15,033,18,13,09,030,14,6*6E
$GPGSV,3,2,11,18,68,245,23,23,30,357,41,25,48,019,45,26,30,228,27,6*69
$GPGSV,3,3,11,28,20,297,20,29,57,140,35,31,20,265,26,6*5A
$GPGSV,2,1,07,10,03,342,33,13,09,030,26,18,68,245,26,23,30,357,47,8*62
$GPGSV,2,2,07,25,48,019,52,26,30,228,23,28,20,297,22,8*54
$GPGSV,1,1,04,15,11,062,,16,03,219,,20,03,090,,21,04,144,,0*61
$GAGSV,2,1,07,02,36,221,17,10,33,142,30,11,61,155,27,14,20,087,22,1*7F
$GAGSV,2,2,07,16,35,040,43,25,86,031,37,36,60,291,20,1*44
$GAGSV,1,1,02,16,35,040,48,25,86,031,38,5*7A
$GAGSV,2,1,05,10,33,142,26,11,61,155,19,14,20,087,25,16,35,040,47,7*70
$GAGSV,2,2,05,25,86,031,37,7*49
$GAGSV,1,1,02,12,11,137,,34,11,309,,0*7D
$GBGSV,3,1,10,12,22,105,21,19,27,076,47,20,15,123,26,22,14,022,29,3*70
$GBGSV,3,2,10,24,27,234,23,26,51,290,22,29,21,116,30,31,37,251,15,3*71
$GBGSV,3,3,10,35,59,172,21,39,26,001,46,3*75
$GBGSV,3,1,10,12,22,105,31,19,27,076,47,20,15,123,16,22,14,022,26,5*7B
$GBGSV,3,2,10,24,27,234,16,26,51,290,22,29,21,116,33,31,37,251,22,5*76
$GBGSV,3,3,10,35,59,172,26,39,26,001,44,5*76
$GBGSV,3,1,10,12,22,105,28,19,27,076,43,20,15,123,22,22,14,022,31,8*7B
$GBGSV,3,2,10,24,27,234,29,26,51,290,22,29,21,116,33,31,37,251,19,8*7F
$GBGSV,3,3,10,35,59,172,20,39,26,001,45,8*7C
$GBGSV,1,1,01,11,01,108,,0*4E
$GNGLL,3001.74285,S,05112.74967,W,171529.00,A,A*73
$GNRMC,171530.00,A,3001.74285,S,05112.74967,W,0.016,,090926,,,A,V*1B
$GNVTG,,T,,M,0.016,N,0.030,K,A*39
$GNGGA,171530.00,3001.74285,S,05112.74967,W,1,12,0.56,48.2,M,4.8,M,,*4C
$GNGSA,M,3,12,18,23,25,26,28,29,31,05,,,,1.12,0.56,0.97,1*0C
$GNGSA,M,3,16,25,36,02,10,11,,,,,,,1.12,0.56,0.97,3*06
$GNGSA,M,3,12,19,20,22,24,26,29,31,35,39,,,1.12,0.56,0.97,4*09
$GPGSV,3,1,09,05,33,129,41,10,03,342,32,12,15,033,35,18,68,245,15,1*62
$GPGSV,3,2,09,23,30,357,47,25,48,019,49,28,20,297,25,29,57,140,43,1*6A
$GPGSV,3,3,09,31,20,265,26,1*58
$GPGSV,3,1,11,05,33,129,35,10,03,342,31,12,15,033,19,13,09,030,13,6*68
$GPGSV,3,2,11,18,68,245,23,23,30,357,41,25,48,019,45,26,30,228,27,6*69
$GPGSV,3,3,11,28,20,297,21,29,57,140,35,31,20,265,26,6*5B
$GPGSV,2,1,07,10,03,342,33,13,09,030,26,18,68,245,26,23,30,357,47,8*62
$GPGSV,2,2,07,25,48,019,52,26,30,228,23,28,20,297,22,8*54
$GPGSV,1,1,04,15,11,062,,16,03,219,,20,03,090,,21,04,144,,0*61
$GAGSV,2,1,07,02,36,221,17,10,33,142,30,11,61,155,27,14,20,087,21,1*7C
$GAGSV,2,2,07,16,35,040,43,25,86,031,37,36,60,291,20,1*44
$GAGSV,1,1,02,16,35,040,48,25,86,031,38,5*7A
$GAGSV,2,1,05,10,33,142,26,11,61,155,20,14,20,087,25,16,35,040,47,7*7A
$GAGSV,2,2,05,25,86,031,37,7*49
$GAGSV,1,1,02,12,11,137,,34,11,309,,0*7D
$GBGSV,3,1,10,12,22,105,21,19,27,076,47,20,15,123,26,22,14,022,29,3*70
$GBGSV,3,2,10,24,27,234,22,26,51,290,21,29,21,116,30,31,37,251,16,3*70
$GBGSV,3,3,10,35,59,172,21,39,26,001,46,3*75
$GBGSV,3,1,10,12,22,105,30,19,27,076,47,20,15,123,16,22,14,022,26,5*7A
$GBGSV,3,2,10,24,27,234,16,26,51,290,22,29,21,116,33,31,37,251,22,5*76
$GBGSV,3,3,10,35,59,172,26,39,26,001,45,5*77
$GBGSV,3,1,10,12,22,105,28,19,27,076,43,20,15,123,22,22,14,022,31,8*7B
$GBGSV,3,2,10,24,27,234,29,26,51,290,22,29,21,116,33,31,37,251,19,8*7F
$GBGSV,3,3,10,35,59,172,20,39,26,001,45,8*7C
$GBGSV,1,1,01,11,01,108,,0*4E
$GNGLL,3001.74285,S,05112.74967,W,171530.00,A,A*7B
$GNRMC,171531.00,A,3001.74285,S,05112.74966,W,0.013,,090926,,,A,V*1E
$GNVTG,,T,,M,0.013,N,0.023,K,A*3E
$GNGGA,171531.00,3001.74285,S,05112.74966,W,1,12,0.56,48.2,M,4.8,M,,*4C
$GNGSA,M,3,12,18,23,25,26,28,29,31,05,,,,1.12,0.56,0.97,1*0C
$GNGSA,M,3,16,25,36,02,10,11,,,,,,,1.12,0.56,0.97,3*06
$GNGSA,M,3,12,19,20,22,24,26,29,31,35,39,,,1.12,0.56,0.97,4*09
$GPGSV,3,1,09,05,33,129,41,10,03,342,32,12,15,033,35,18,68,245,16,1*61
$GPGSV,3,2,09,23,30,357,47,25,48,019,49,28,20,297,25,29,57,140,43,1*6A
$GPGSV,3,3,09,31,20,265,26,1*58
$GPGSV,3,1,11,05,33,129,35,10,03,342,31,12,15,033,18,13,09,030,13,6*69
$GPGSV,3,2,11,18,68,245,23,23,30,357,41,25,48,019,45,26,30,228,27,6*69
$GPGSV,3,3,11,28,20,297,22,29,57,140,35,31,20,265,25,6*5B
$GPGSV,2,1,07,10,03,342,33,13,09,030,26,18,68,245,26,23,30,357,46,8*63
$GPGSV,2,2,07,25,48,019,52,26,30,228,23,28,20,297,22,8*54
$GPGSV,1,1,04,15,12,063,,16,03,219,,20,03,090,,21,04,144,,0*63
$GAGSV,2,1,07,02,36,221,18,10,33,142,30,11,61,155,27,14,20,087,22,1*70
$GAGSV,2,2,07,16,35,040,43,25,86,031,37,36,60,291,20,1*44
$GAGSV,1,1,02,16,35,040,48,25,86,031,38,5*7A
$GAGSV,2,1,05,10,33,142,27,11,61,155,19,14,20,087,25,16,35,040,47,7*71
$GAGSV,2,2,05,25,86,031,37,7*49
$GAGSV,1,1,02,12,11,137,,34,11,309,,0*7D
$GBGSV,3,1,10,12,22,105,21,19,27,076,47,20,15,123,26,22,14,022,29,3*70
$GBGSV,3,2,10,24,27,234,22,26,51,290,21,29,21,116,30,31,37,251,15,3*73
$GBGSV,3,3,10,35,59,172,20,39,26,001,46,3*74
$GBGSV,3,1,10,12,22,105,30,19,27,076,47,20,15,123,16,22,14,022,26,5*7A
$GBGSV,3,2,10,24,27,234,16,26,51,290,22,29,21,116,33,31,37,251,22,5*76
$GBGSV,3,3,10,35,59,172,26,39,26,001,44,5*76
$GBGSV,3,1,10,12,22,105,28,19,27,076,43,20,15,123,22,22,14,022,31,8*7B
$GBGSV,3,2,10,24,27,234,29,26,51,290,21,29,21,116,33,31,37,251,19,8*7C
$GBGSV,3,3,10,35,59,172,21,39,26,001,45,8*7D
$GBGSV,1,1,01,11,01,108,,0*4E
$GNGLL,3001.74285,S,05112.74966,W,171531.00,A,A*7B
$GNRMC,171532.00,A,3001.74286,S,05112.74966,W,0.007,,090926,,,A,V*1B
$GNVTG,,T,,M,0.007,N,0.012,K,A*39
$GNGGA,171532.00,3001.74286,S,05112.74966,W,1,12,0.56,48.2,M,4.8,M,,*4C
$GNGSA,M,3,12,18,23,25,26,28,29,31,05,,,,1.12,0.56,0.97,1*0C
$GNGSA,M,3,16,25,36,02,10,11,,,,,,,1.12,0.56,0.97,3*06
$GNGSA,M,3,12,19,20,22,24,26,29,31,35,39,,,1.12,0.56,0.97,4*09
$GPGSV,3,1,09,05,33,129,41,10,03,342,31,12,15,033,35,18,68,245,16,1*62
$GPGSV,3,2,09,23,30,357,47,25,48,019,49,28,20,297,26,29,57,140,43,1*69
$GPGSV,3,3,09,31,20,265,26,1*58
$GPGSV,3,1,11,05,33,129,35,10,03,342,30,12,15,033,18,13,09,030,12,6*69
$GPGSV,3,2,11,18,68,245,22,23,30,357,41,25,48,019,45,26,30,228,27,6*68
$GPGSV,3,3,11,28,20,297,22,29,57,140,35,31,20,265,25,6*5B
$GPGSV,2,1,07,10,03,342,33,13,09,030,26,18,68,245,26,23,30,357,46,8*63
$GPGSV,2,2,07,25,48,019,52,26,30,228,23,28,20,297,22,8*54
$GPGSV,1,1,04,15,12,063,,16,03,219,,20,03,090,,21,04,144,,0*63
$GAGSV,2,1,07,02,36,221,18,10,33,142,30,11,61,155,27,14,20,087,22,1*70
$GAGSV,2,2,07,16,35,040,43,25,86,031,37,36,60,291,20,1*44
$GAGSV,1,1,02,16,35,040,48,25,86,031,38,5*7A
$GAGSV,2,1,05,10,33,142,27,11,61,155,20,14,20,087,25,16,35,040,47,7*7B
$GAGSV,2,2,05,25,86,031,37,7*49
$GAGSV,1,1,02,12,11,137,,34,11,309,,0*7D
$GBGSV,3,1,10,12,22,105,21,19,27,076,47,20,15,123,26,22,14,022,29,3*70
$GBGSV,3,2,10,24,27,234,22,26,51,290,20,29,21,116,30,31,37,251,17,3*70
$GBGSV,3,3,10,35,59,172,21,39,26,001,46,3*75
$GBGSV,3,1,10,12,22,105,30,19,27,076,47,20,15,123,17,22,14,022,26,5*7B
$GBGSV,3,2,10,24,27,234,17,26,51,290,22,29,21,116,33,31,37,251,23,5*76
$GBGSV,3,3,10,35,59,172,26,39,26,001,44,5*76
$GBGSV,3,1,10,12,22,105,28,19,27,076,43,20,15,123,22,22,14,022,31,8*7B
$GBGSV,3,2,10,24,27,234,29,26,51,290,21,29,21,116,33,31,37,251,18,8*7D
$GBGSV,3,3,10,35,59,172,20,39,26,001,45,8*7C
$GBGSV,1,1,01,11,01,108,,0*4E
$GNGLL,3001.74286,S,05112.74966,W,171532.00,A,A*7B
$GNRMC,171533.00,A,3001.74286,S,05112.74967,W,0.040,,090926,,,A,V*18
$GNVTG,,T,,M,0.040,N,0.074,K,A*3A
$GNGGA,171533.00,3001.74286,S,05112.74967,W,1,12,0.56,48.2,M,4.8,M,,*4C
$GNGSA,M,3,12,18,23,25,26,28,29,31,05,,,,1.12,0.56,0.97,1*0C
$GNGSA,M,3,16,25,36,02,10,11,,,,,,,1.12,0.56,0.97,3*06
$GNGSA,M,3,12,19,20,22,24,26,29,31,35,39,,,1.12,0.56,0.97,4*09
$GPGSV,3,1,09,05,33,129,41,10,03,342,31,12,15,033,35,18,68,245,15,1*61
$GPGSV,3,2,09,23,30,357,47,25,48,019,49,28,20,297,26,29,57,140,43,1*69
$GPGSV,3,3,09,31,20,265,25,1*5B
$GPGSV,3,1,11,05,33,129,35,10,03,342,30,12,15,033,19,13,09,030,14,6*6E
$GPGSV,3,2,11,18,68,245,23,23,30,357,41,25,48,019,45,26,30,228,27,6*69
$GPGSV,3,3,11,28,20,297,23,29,57,140,35,31,20,265,25,6*5A
$GPGSV,2,1,07,10,03,342,33,13,09,030,26,18,68,245,25,23,30,357,46,8*60
$GPGSV,2,2,07,25,48,019,52,26,30,228,22,28,20,297,22,8*55
$GPGSV,1,1,04,15,12,063,,16,03,219,,20,03,090,,21,04,144,,0*63
$GAGSV,2,1,07,02,36,221,18,10,33,142,30,11,61,155,27,14,20,087,21,1*73
$GAGSV,2,2,07,16,35,040,43,25,86,031,37,36,60,291,20,1*44
$GAGSV,1,1,02,16,35,040,48,25,86,031,38,5*7A
$GAGSV,2,1,05,10,33,142,27,11,61,155,20,14,20,087,24,16,35,040,47,7*7A
$GAGSV,2,2,05,25,86,031,37,7*49
$GAGSV,1,1,02,12,11,137,,34,11,309,,0*7D
$GBGSV,3,1,10,12,22,105,22,19,27,076,47,20,15,123,26,22,14,022,29,3*73
$GBGSV,3,2,10,24,27,234,22,26,51,290,20,29,21,116,30,31,37,251,16,3*71
$GBGSV,3,3,10,35,59,172,20,39,26,001,46,3*74
$GBGSV,3,1,10,12,22,105,30,19,27,076,47,20,15,123,16,22,14,022,26,5*7A
$GBGSV,3,2,10,24,27,234,16,26,51,290,22,29,21,116,33,31,37,251,23,5*77
$GBGSV,3,3,10,35,59,172,26,39,26,001,44,5*76
$GBGSV,3,1,10,12,22,105,29,19,27,076,43,20,15,123,22,22,14,022,31,8*7A
$GBGSV,3,2,10,24,27,234,29,26,51,290,22,29,21,116,33,31,37,251,18,8*7E
$GBGSV,3,3,10,35,59,172,21,39,26,001,45,8*7D
$GBGSV,1,1,01,11,01,108,,0*4E
$GNGLL,3001.74286,S,05112.74967,W,171533.00,A,A*7B
$GNRMC,171534.00,A,3001.74287,S,05112.74967,W,0.022,,090926,,,A,V*1A
$GNVTG,,T,,M,0.022,N,0.041,K,A*38
$GNGGA,171534.00,3001.74287,S,05112.74967,W,1,12,0.56,48.2,M,4.8,M,,*4A
$GNGSA,M,3,12,18,23,25,26,28,29,31,05,,,,1.12,0.56,0.97,1*0C
$GNGSA,M,3,16,25,36,02,10,11,,,,,,,1.12,0.56,0.97,3*06
$GNGSA,M,3,12,19,20,22,24,26,29,31,35,39,,,1.12,0.56,0.97,4*09
$GPGSV,3,1,09,05,33,129,41,10,03,342,31,12,15,033,35,18,68,243,14,1*66
$GPGSV,3,2,09,23,30,357,47,25,48,019,49,28,20,297,26,29,57,140,43,1*69
$GPGSV,3,3,09,31,20,265,25,1*5B
$GPGSV,3,1,11,05,33,129,35,10,03,342,30,12,15,033,19,13,09,030,15,6*6F
$GPGSV,3,2,11,18,68,243,22,23,30,357,41,25,48,019,45,26,30,228,27,6*6E
$GPGSV,3,3,11,28,20,297,24,29,57,140,35,31,20,265,25,6*5D
$GPGSV,2,1,07,10,03,342,33,13,09,030,26,18,68,243,25,23,30,357,46,8*66
$GPGSV,2,2,07,25,48,019,52,26,30,228,22,28,20,297,22,8*55
$GPGSV,1,1,04,15,12,063,,16,03,219,,20,03,090,,21,04,144,,0*63
$GAGSV,2,1,07,02,36,221,18,10,33,142,30,11,61,155,26,14,20,087,21,1*72
$GAGSV,2,2,07,16,35,040,43,25,86,031,37,36,60,291,20,1*44
$GAGSV,1,1,02,16,35,040,48,25,86,031,38,5*7A
$GAGSV,2,1,05,10,33,142,27,11,61,155,20,14,20,087,23,16,35,040,47,7*7D
$GAGSV,2,2,05,25,86,031,37,7*49
$GAGSV,1,1,02,12,11,137,,34,11,309,,0*7D
$GBGSV,3,1,10,12,22,105,22,19,27,076,47,20,15,123,26,22,14,022,29,3*73
$GBGSV,3,2,10,24,27,234,22,26,51,290,19,29,21,116,30,31,37,251,16,3*7B
$GBGSV,3,3,10,35,59,172,21,39,26,001,46,3*75
$GBGSV,3,1,10,12,22,105,30,19,27,076,47,20,15,123,17,22,14,022,27,5*7A
$GBGSV,3,2,10,24,27,234,16,26,51,290,22,29,21,116,33,31,37,251,22,5*76
$GBGSV,3,3,10,35,59,172,26,39,26,001,44,5*76
$GBGSV,3,1,10,12,22,105,29,19,27,076,43,20,15,123,22,22,14,022,31,8*7A
$GBGSV,3,2,10,24,27,234,29,26,51,290,22,29,21,116,33,31,37,251,17,8*71
$GBGSV,3,3,10,35,59,172,21,39,26,001,45,8*7D
$GBGSV,1,1,01,11,01,108,,0*4E
$GNGLL,3001.74287,S,05112.74967,W,171534.00,A,A*7D
$GNRMC,171535.00,A,3001.74287,S,05112.74967,W,0.017,,090926,,,A,V*1D
$GNVTG,,T,,M,0.017,N,0.032,K,A*3A
$GNGGA,171535.00,3001.74287,S,05112.74967,W,1,12,0.56,48.2,M,4.8,M,,*4B
$GNGSA,M,3,12,18,23,25,26,28,29,31,05,,,,1.12,0.56,0.97,1*0C
$GNGSA,M,3,16,25,36,02,10,11,,,,,,,1.12,0.56,0.97,3*06
$GNGSA,M,3,12,19,20,22,24,26,29,31,35,39,,,1.12,0.56,0.97,4*09
$GPGSV,3,1,09,05,33,129,41,10,03,342,30,12,15,033,34,18,68,243,15,1*67
$GPGSV,3,2,09,23,30,357,47,25,48,019,49,28,20,297,26,29,57,140,42,1*68
$GPGSV,3,3,09,31,20,265,25,1*5B
$GPGSV,3,1,11,05,33,129,35,10,03,342,30,12,15,033,19,13,09,030,16,6*6C
$GPGSV,3,2,11,18,68,243,22,23,30,357,41,25,48,019,45,26,30,228,27,6*6E
$GPGSV,3,3,11,28,20,297,25,29,57,140,35,31,20,265,25,6*5C
$GPGSV,2,1,07,10,03,342,32,13,09,030,26,18,68,243,26,23,30,357,46,8*64
$GPGSV,2,2,07,25,48,019,52,26,30,228,22,28,20,297,22,8*55
$GPGSV,1,1,04,15,12,063,,16,03,219,,20,03,090,,21,04,144,,0*63
$GAGSV,2,1,07,02,36,221,17,10,33,142,30,11,61,155,26,14,20,087,22,1*7E
$GAGSV,2,2,07,16,35,040,43,25,86,031,37,36,60,291,19,1*4E
$GAGSV,1,1,02,16,35,040,48,25,86,031,38,5*7A
$GAGSV,2,1,05,10,33,142,27,11,61,155,19,14,20,087,23,16,35,040,47,7*77
$GAGSV,2,2,05,25,86,031,37,7*49
$GAGSV,1,1,02,12,11,137,,34,11,309,,0*7D
$GBGSV,3,1,10,12,22,105,22,19,27,076,47,20,15,123,25,22,14,022,29,3*70
$GBGSV,3,2,10,24,27,234,21,26,51,290,18,29,21,116,30,31,37,251,16,3*79
$GBGSV,3,3,10,35,59,172,22,39,26,001,46,3*76
$GBGSV,3,1,10,12,22,105,30,19,27,076,47,20,15,123,17,22,14,022,27,5*7A
$GBGSV,3,2,10,24,27,234,15,26,51,290,23,29,21,116,33,31,37,251,23,5*75
$GBGSV,3,3,10,35,59,172,26,39,26,001,45,5*77
$GBGSV,3,1,10,12,22,105,29,19,27,076,43,20,15,123,23,22,14,022,31,8*7B
$GBGSV,3,2,10,24,27,234,29,26,51,290,22,29,21,116,34,31,37,251,17,8*76
$GBGSV,3,3,10,35,59,172,21,39,26,001,45,8*7D
$GBGSV,1,1,01,11,01,108,,0*4E
$GNGLL,3001.74287,S,05112.74967,W,171535.00,A,A*7C
$GNRMC,171536.00,A,3001.74287,S,05112.74967,W,0.039,,090926,,,A,V*12
$GNVTG,,T,,M,0.039,N,0.072,K,A*32
$GNGGA,171536.00,3001.74287,S,05112.74967,W,1,12,0.66,48.2,M,4.8,M,,*4B
$GNGSA,M,3,12,18,23,25,28,29,31,05,,,,,1.32,0.66,1.15,1*02
$GNGSA,M,3,16,25,36,02,10,11,,,,,,,1.32,0.66,1.15,3*0C
$GNGSA,M,3,12,19,20,22,24,26,29,35,39,,,,1.32,0.66,1.15,4*01
$GPGSV,3,1,09,05,33,129,41,10,03,342,30,12,15,033,34,18,68,243,16,1*64
$GPGSV,3,2,09,23,30,357,47,25,48,019,48,28,20,297,26,29,57,140,42,1*69
$GPGSV,3,3,09,31,20,265,25,1*5B
$GPGSV,3,1,11,05,33,129,35,10,03,342,30,12,15,033,19,13,09,030,15,6*6F
$GPGSV,3,2,11,18,68,243,22,23,30,357,41,25,48,019,45,26,30,228,26,6*6F
$GPGSV,3,3,11,28,20,297,25,29,57,140,35,31,20,265,25,6*5C
$GPGSV,2,1,07,10,03,342,32,13,09,030,26,18,68,243,26,23,30,357,46,8*64
$GPGSV,2,2,07,25,48,019,52,26,30,228,21,28,20,297,22,8*56
$GPGSV,1,1,04,15,12,063,,16,03,219,,20,03,090,,21,04,144,,0*63
$GAGSV,2,1,07,02,36,221,18,10,33,142,30,11,61,155,26,14,20,087,22,1*71
$GAGSV,2,2,07,16,35,040,43,25,86,031,37,36,60,291,19,1*4E
$GAGSV,1,1,02,16,35,040,48,25,86,031,38,5*7A
$GAGSV,2,1,05,10,33,142,27,11,61,155,19,14,20,087,23,16,35,040,47,7*77
$GAGSV,2,2,05,25,86,031,37,7*49
$GAGSV,1,1,02,12,11,137,,34,11,309,,0*7D
$GBGSV,3,1,10,12,22,105,21,19,27,076,47,20,15,123,25,22,14,022,29,3*73
$GBGSV,3,2,10,24,27,234,22,26,51,290,18,29,21,116,30,31,37,251,15,3*79
$GBGSV,3,3,10,35,59,172,22,39,26,001,46,3*76
$GBGSV,3,1,10,12,22,105,30,19,27,076,47,20,15,123,17,22,14,022,27,5*7A
$GBGSV,3,2,10,24,27,234,15,26,51,290,22,29,21,116,33,31,37,251,23,5*74
$GBGSV,3,3,10,35,59,172,26,39,26,001,45,5*77
$GBGSV,3,1,10,12,22,105,29,19,27,076,43,20,15,123,22,22,14,022,31,8*7A
$GBGSV,3,2,10,24,27,234,29,26,51,290,22,29,21,116,33,31,37,251,17,8*71
$GBGSV,3,3,10,35,59,172,20,39,26,001,45,8*7C
$GBGSV,1,1,01,11,01,108,,0*4E
$GNGLL,3001.74287,S,05112.74967,W,171536.00,A,A*7F
$GNRMC,171537.00,A,3001.74287,S,05112.74966,W,0.012,,090926,,,A,V*1B
$GNVTG,,T,,M,0.012,N,0.021,K,A*3D
$GNGGA,171537.00,3001.74287,S,05112.74966,W,1,12,0.66,48.2,M,4.8,M,,*4B
$GNGSA,M,3,12,18,23,25,28,29,31,05,,,,,1.32,0.66,1.15,1*02
$GNGSA,M,3,16,25,36,02,10,11,,,,,,,1.32,0.66,1.15,3*0C
$GNGSA,M,3,12,19,20,22,24,26,29,35,39,,,,1.32,0.66,1.15,4*01
$GPGSV,3,1,09,05,33,129,41,10,03,342,30,12,15,033,34,18,68,243,16,1*64
$GPGSV,3,2,09,23,30,357,47,25,48,019,48,28,20,297,26,29,57,140,42,1*69
$GPGSV,3,3,09,31,20,265,25,1*5B
$GPGSV,3,1,11,05,33,129,35,10,03,342,29,12,15,033,19,13,09,030,15,6*67
$GPGSV,3,2,11,18,68,243,23,23,30,357,41,25,48,019,45,26,30,228,26,6*6E
$GPGSV,3,3,11,28,20,297,25,29,57,140,36,31,20,265,25,6*5F
$GPGSV,2,1,06,10,03,342,32,13,09,030,26,18,68,243,25,23,30,357,46,8*66
$GPGSV,2,2,06,25,48,019,52,28,20,297,22,8*6B
$GPGSV,1,1,04,15,12,063,,16,03,219,,20,03,090,,21,04,144,,0*63
$GAGSV,2,1,07,02,36,221,18,10,33,142,30,11,61,155,26,14,20,087,22,1*71
$GAGSV,2,2,07,16,35,040,43,25,86,031,37,36,60,291,19,1*4E
$GAGSV,1,1,02,16,35,040,48,25,86,031,38,5*7A
$GAGSV,2,1,05,10,33,142,27,11,61,155,20,14,20,087,23,16,35,040,47,7*7D
$GAGSV,2,2,05,25,86,031,37,7*49
$GAGSV,1,1,02,12,11,137,,34,11,309,,0*7D
$GBGSV,3,1,10,12,22,105,21,19,27,076,47,20,15,123,25,22,14,022,29,3*73
$GBGSV,3,2,10,24,27,234,22,26,51,290,17,29,21,116,29,31,37,251,14,3*7F
$GBGSV,3,3,10,35,59,172,22,39,26,001,46,3*76
$GBGSV,3,1,10,12,22,105,30,19,27,076,47,20,15,123,18,22,14,022,27,5*75
$GBGSV,3,2,10,24,27,234,15,26,51,290,22,29,21,116,33,31,37,251,23,5*74
$GBGSV,3,3,10,35,59,172,26,39,26,001,45,5*77
$GBGSV,3,1,10,12,22,105,30,19,27,076,43,20,15,123,23,22,14,022,31,8*73
$GBGSV,3,2,10,24,27,234,28,26,51,290,21,29,21,116,33,31,37,251,17,8*73
$GBGSV,3,3,10,35,59,172,20,39,26,001,45,8*7C
$GBGSV,1,1,01,11,01,108,,0*4E
$GNGLL,3001.74287,S,05112.74966,W,171537.00,A,A*7F
$GNRMC,171538.00,A,3001.74288,S,05112.74967,W,0.036,,090926,,,A,V*1C
$GNVTG,,T,,M,0.036,N,0.066,K,A*38
$GNGGA,171538.00,3001.74288,S,05112.74967,W,1,12,0.66,48.2,M,4.8,M,,*4A
$GNGSA,M,3,12,18,23,25,28,29,31,05,,,,,1.32,0.66,1.15,1*02
$GNGSA,M,3,16,25,36,02,10,11,,,,,,,1.32,0.66,1.15,3*0C
$GNGSA,M,3,12,19,20,22,24,26,29,35,39,,,,1.32,0.66,1.15,4*01
$GPGSV,3,1,09,05,33,129,41,10,03,342,29,12,15,033,34,18,68,243,16,1*6C
$GPGSV,3,2,09,23,30,357,47,25,48,019,48,28,20,297,26,29,57,140,43,1*68
$GPGSV,3,3,09,31,20,265,25,1*5B
$GPGSV,3,1,11,05,33,129,35,10,03,342,29,12,15,033,19,13,09,030,14,6*66
$GPGSV,3,2,11,18,68,243,23,23,30,357,40,25,48,019,45,26,30,228,26,6*6F
$GPGSV,3,3,11,28,20,297,25,29,57,140,35,31,20,265,25,6*5C
$GPGSV,2,1,06,10,03,342,32,13,09,030,26,18,68,243,25,23,30,357,46,8*66
$GPGSV,2,2,06,25,48,019,52,28,20,297,21,8*68
$GPGSV,1,1,04,15,12,063,,16,03,219,,20,03,090,,21,04,144,,0*63
$GAGSV,2,1,07,02,36,221,18,10,33,142,30,11,61,155,26,14,20,087,21,1*72
$GAGSV,2,2,07,16,35,040,43,25,86,031,37,36,60,291,20,1*44
$GAGSV,1,1,02,16,35,040,48,25,86,031,38,5*7A
$GAGSV,2,1,05,10,33,142,27,11,61,155,20,14,20,087,22,16,35,040,47,7*7C
$GAGSV,2,2,05,25,86,031,37,7*49
$GAGSV,1,1,02,12,11,137,,34,11,309,,0*7D
$GBGSV,3,1,10,12,22,105,21,19,27,076,47,20,15,123,25,22,14,022,29,3*73
$GBGSV,3,2,10,24,27,234,22,26,51,290,15,29,21,116,29,31,37,251,15,3*7C
$GBGSV,3,3,10,35,59,172,22,39,26,001,46,3*76
$GBGSV,3,1,10,12,22,105,30,19,27,076,47,20,15,123,18,22,14,022,27,5*75
$GBGSV,3,2,10,24,27,234,16,26,51,290,22,29,21,116,33,31,37,251,23,5*77
$GBGSV,3,3,10,35,59,172,25,39,26,001,45,5*74
$GBGSV,3,1,10,12,22,105,30,19,27,076,43,20,15,123,22,22,14,022,31,8*72
$GBGSV,3,2,10,24,27,234,28,26,51,290,21,29,21,116,34,31,37,251,16,8*75
$GBGSV,3,3,10,35,59,172,20,39,26,001,45,8*7C
$GBGSV,1,1,01,11,01,108,,0*4E
$GNGLL,3001.74288,S,05112.74967,W,171538.00,A,A*7E
$GNRMC,171539.00,A,3001.74288,S,05112.74967,W,0.009,,090926,,,A,V*11
$GNVTG,,T,,M,0.009,N,0.017,K,A*32
$GNGGA,171539.00,3001.74288,S,05112.74967,W,1,12,0.66,48.2,M,4.8,M,,*4B
$GNGSA,M,3,12,18,23,25,28,29,31,05,,,,,1.32,0.66,1.15,1*02
$GNGSA,M,3,16,25,36,02,10,11,,,,,,,1.32,0.66,1.15,3*0C
$GNGSA,M,3,12,19,20,22,24,26,29,35,39,,,,1.32,0.66,1.15,4*01
$GPGSV,3,1,09,05,33,129,41,10,03,342,30,12,15,033,35,18,68,243,16,1*65
$GPGSV,3,2,09,23,31,357,47,25,48,019,48,28,20,297,25,29,57,140,42,1*6B
$GPGSV,3,3,09,31,20,265,25,1*5B
$GPGSV,3,1,11,05,33,129,35,10,03,342,29,12,15,033,19,13,09,030,14,6*66
$GPGSV,3,2,11,18,68,243,23,23,31,357,40,25,48,019,45,26,30,228,25,6*6D
$GPGSV,3,3,11,28,20,297,26,29,57,140,36,31,20,265,25,6*5C
$GPGSV,2,1,06,10,03,342,32,13,09,030,26,18,68,243,25,23,31,357,46,8*67
$GPGSV,2,2,06,25,48,019,52,28,20,297,22,8*6B
$GPGSV,1,1,04,15,12,063,,16,03,219,,20,03,090,,21,04,144,,0*63
$GAGSV,2,1,07,02,36,221,19,10,33,142,30,11,61,155,26,14,20,087,21,1*73
$GAGSV,2,2,07,16,35,040,43,25,86,031,37,36,60,291,20,1*44
$GAGSV,1,1,02,16,35,040,48,25,86,031,38,5*7A
$GAGSV,2,1,05,10,33,142,27,11,61,155,20,14,20,087,22,16,35,040,47,7*7C
$GAGSV,2,2,05,25,86,031,37,7*49
$GAGSV,1,1,02,12,11,137,,34,11,309,,0*7D
$GBGSV,3,1,10,12,22,105,21,19,27,076,47,20,15,123,25,22,14,022,30,3*7B
$GBGSV,3,2,10,24,27,234,22,26,51,290,13,29,21,116,30,31,37,251,15,3*72
$GBGSV,3,3,10,35,59,172,22,39,26,001,46,3*76
$GBGSV,3,1,10,12,22,105,30,19,27,076,47,20,15,123,18,22,14,022,27,5*75
$GBGSV,3,2,10,24,27,234,16,26,51,290,22,29,21,116,33,31,37,251,22,5*76
$GBGSV,3,3,10,35,59,172,25,39,26,001,45,5*74
$GBGSV,3,1,10,12,22,105,30,19,27,076,43,20,15,123,23,22,14,022,32,8*70
$GBGSV,3,2,10,24,27,234,28,26,51,290,21,29,21,116,34,31,37,251,16,8*75
$GBGSV,3,3,10,35,59,172,20,39,26,001,45,8*7C
$GBGSV,1,1,01,11,01,108,,0*4E
$GNGLL,3001.74288,S,05112.74967,W,171539.00,A,A*7F
$GNRMC,171540.00,A,3001.74289,S,05112.74967,W,0.005,,090926,,,A,V*12
$GNVTG,,T,,M,0.005,N,0.009,K,A*31
$GNGGA,171540.00,3001.74289,S,05112.74967,W,1,12,0.66,48.2,M,4.8,M,,*44
$GNGSA,M,3,12,18,23,25,28,29,31,05,,,,,1.32,0.66,1.15,1*02
$GNGSA,M,3,16,25,36,02,10,11,,,,,,,1.32,0.66,1.15,3*0C
$GNGSA,M,3,12,19,20,22,24,26,29,35,39,,,,1.32,0.66,1.15,4*01
$GPGSV,3,1,09,05,33,129,41,10,03,342,29,12,15,033,35,18,68,243,16,1*6D
$GPGSV,3,2,09,23,31,357,47,25,48,019,48,28,20,297,24,29,57,140,42,1*6A
$GPGSV,3,3,09,31,20,265,25,1*5B
$GPGSV,3,1,11,05,33,129,35,10,03,342,29,12,15,033,19,13,09,030,13,6*61
$GPGSV,3,2,11,18,68,243,23,23,31,357,41,25,48,019,45,26,30,228,25,6*6C
$GPGSV,3,3,11,28,20,297,26,29,57,140,36,31,20,265,25,6*5C
$GPGSV,2,1,07,10,03,342,32,13,09,030,26,18,68,243,25,23,31,357,46,8*66
$GPGSV,2,2,07,25,48,019,52,26,30,228,24,28,20,297,21,8*50
$GPGSV,1,1,04,15,12,063,,16,03,219,,20,03,090,,21,04,144,,0*63
$GAGSV,2,1,07,02,36,221,18,10,33,142,30,11,61,155,26,14,20,087,21,1*72
$GAGSV,2,2,07,16,35,040,43,25,86,031,37,36,60,291,21,1*45
$GAGSV,1,1,02,16,35,040,48,25,86,031,38,5*7A
$GAGSV,2,1,05,10,33,142,27,11,61,155,20,14,20,087,22,16,35,040,47,7*7C
$GAGSV,2,2,05,25,86,031,37,7*49
$GAGSV,1,1,02,12,11,137,,34,11,309,,0*7D
$GBGSV,3,1,10,12,22,105,22,19,27,076,47,20,15,123,25,22,14,022,29,3*70
$GBGSV,3,2,10,24,27,234,23,26,51,290,11,29,21,116,30,31,37,251,13,3*77
$GBGSV,3,3,10,35,59,172,22,39,26,001,46,3*76
$GBGSV,3,1,10,12,22,105,30,19,27,076,47,20,15,123,18,22,14,022,27,5*75
$GBGSV,3,2,10,24,27,234,16,26,51,290,22,29,21,116,33,31,37,251,22,5*76
$GBGSV,3,3,10,35,59,172,26,39,26,001,45,5*77
$GBGSV,3,1,10,12,22,105,30,19,27,076,43,20,15,123,23,22,14,022,31,8*73
$GBGSV,3,2,10,24,27,234,28,26,51,290,21,29,21,116,34,31,37,251,17,8*74
$GBGSV,3,3,10,35,59,172,21,39,26,001,45,8*7D
$GBGSV,1,1,01,11,01,108,,0*4E
$GNGLL,3001.74289,S,05112.74967,W,171540.00,A,A*70
$GNRMC,171541.00,A,3001.74289,S,05112.74967,W,0.012,,090926,,,A,V*15
$GNVTG,,T,,M,0.012,N,0.023,K,A*3F
$GNGGA,171541.00,3001.74289,S,05112.74967,W,1,12,0.66,48.2,M,4.8,M,,*45
$GNGSA,M,3,12,18,23,25,28,29,31,05,,,,,1.32,0.66,1.15,1*02
$GNGSA,M,3,16,25,36,02,10,11,,,,,,,1.32,0.66,1.15,3*0C
$GNGSA,M,3,12,19,20,22,24,26,29,35,39,,,,1.32,0.66,1.15,4*01
$GPGSV,3,1,09,05,33,129,41,10,03,342,29,12,15,033,34,18,68,243,17,1*6D
$GPGSV,3,2,09,23,31,357,47,25,47,019,48,28,20,297,23,29,57,140,42,1*62
$GPGSV,3,3,09,31,20,265,25,1*5B
$GPGSV,3,1,11,05,33,129,35,10,03,342,29,12,15,033,19,13,09,030,13,6*61
$GPGSV,3,2,11,18,68,243,22,23,31,357,41,25,47,019,45,26,30,228,24,6*63
$GPGSV,3,3,11,28,20,297,26,29,57,140,36,31,20,265,25,6*5C
$GPGSV,2,1,07,10,03,342,33,13,09,030,26,18,68,243,25,23,31,357,46,8*67
$GPGSV,2,2,07,25,47,019,52,26,30,228,23,28,20,297,22,8*5B
$GPGSV,1,1,04,15,12,063,,16,03,219,,20,03,090,,21,04,144,,0*63
$GAGSV,2,1,07,02,36,221,19,10,33,142,30,11,61,155,26,14,20,087,22,1*70
$GAGSV,2,2,07,16,35,040,43,25,86,031,37,36,60,291,20,1*44
$GAGSV,1,1,02,16,35,040,48,25,86,031,38,5*7A
$GAGSV,2,1,05,10,33,142,27,11,61,155,20,14,20,087,22,16,35,040,47,7*7C
$GAGSV,2,2,05,25,86,031,37,7*49
$GAGSV,1,1,02,12,11,137,,34,11,309,,0*7D
$GBGSV,3,1,10,12,22,105,21,19,27,076,47,20,15,123,24,22,14,022,30,3*7A
$GBGSV,3,2,10,24,27,234,24,26,51,290,11,29,21,116,30,31,37,251,13,3*70
$GBGSV,3,3,10,35,59,172,23,39,26,001,46,3*77
$GBGSV,3,1,10,12,22,105,30,19,27,076,47,20,15,123,17,22,14,022,27,5*7A
$GBGSV,3,2,10,24,27,234,16,26,51,290,22,29,21,116,33,31,37,251,22,5*76
$GBGSV,3,3,10,35,59,172,25,39,26,001,45,5*74
$GBGSV,3,1,10,12,22,105,31,19,27,076,43,20,15,123,23,22,14,022,31,8*72
$GBGSV,3,2,10,24,27,234,28,26,51,290,21,29,21,116,34,31,37,251,17,8*74
$GBGSV,3,3,10,35,59,172,21,39,26,001,45,8*7D
$GBGSV,1,1,01,11,01,108,,0*4E
$GNGLL,3001.74289,S,05112.74967,W,171541.00,A,A*71
$GNRMC,171542.00,A,3001.74290,S,05112.74967,W,0.008,,090926,,,A,V*15
$GNVTG,,T,,M,0.008,N,0.015,K,A*31
$GNGGA,171542.00,3001.74290,S,05112.74967,W,1,12,0.60,48.1,M,4.8,M,,*4B
$GNGSA,M,3,12,18,23,25,26,28,29,31,05,,,,1.22,0.60,1.06,1*03
$GNGSA,M,3,16,25,36,02,10,11,,,,,,,1.22,0.60,1.06,3*09
$GNGSA,M,3,12,19,20,22,24,26,29,31,35,39,,,1.22,0.60,1.06,4*06
$GPGSV,3,1,09,05,33,129,41,10,03,342,29,12,15,033,34,18,68,243,18,1*62
$GPGSV,3,2,09,23,31,357,47,25,47,019,48,28,20,297,23,29,57,140,42,1*62
$GPGSV,3,3,09,31,20,265,25,1*5B
$GPGSV,3,1,11,05,33,129,35,10,03,342,29,12,15,033,19,13,09,030,15,6*67
$GPGSV,3,2,11,18,68,243,22,23,31,357,40,25,47,019,45,26,31,228,24,6*63
$GPGSV,3,3,11,28,20,297,26,29,57,140,36,31,20,265,24,6*5D
$GPGSV,2,1,07,10,03,342,33,13,09,030,26,18,68,243,25,23,31,357,46,8*67
$GPGSV,2,2,07,25,47,019,52,26,31,228,23,28,20,297,22,8*5A
$GPGSV,1,1,04,15,12,063,,16,03,219,,20,03,090,,21,04,144,,0*63
$GAGSV,2,1,07,02,36,221,19,10,33,142,30,11,61,155,26,14,20,087,22,1*70
$GAGSV,2,2,07,16,35,040,43,25,86,031,37,36,60,291,21,1*45
$GAGSV,1,1,02,16,35,040,48,25,86,031,38,5*7A
$GAGSV,2,1,05,10,33,142,27,11,61,155,20,14,20,087,21,16,35,040,47,7*7F
$GAGSV,2,2,05,25,86,031,37,7*49
$GAGSV,1,1,02,12,11,137,,34,11,309,,0*7D
$GBGSV,3,1,10,12,22,105,21,19,27,076,47,20,15,123,24,22,14,022,30,3*7A
$GBGSV,3,2,10,24,27,234,24,26,51,290,11,29,21,116,30,31,37,251,14,3*77
$GBGSV,3,3,10,35,59,172,24,39,26,001,46,3*70
$GBGSV,3,1,10,12,22,105,30,19,27,076,47,20,15,123,17,22,14,022,28,5*75
$GBGSV,3,2,10,24,27,234,14,26,51,290,22,29,21,116,33,31,37,251,22,5*74
$GBGSV,3,3,10,35,59,172,26,39,26,001,45,5*77
$GBGSV,3,1,10,12,22,105,31,19,27,076,44,20,15,123,23,22,14,022,31,8*75
$GBGSV,3,2,10,24,27,234,28,26,51,290,20,29,21,116,34,31,37,251,16,8*74
$GBGSV,3,3,10,35,59,172,21,39,26,001,45,8*7D
$GBGSV,1,1,01,11,01,108,,0*4E
$GNGLL,3001.74290,S,05112.74967,W,171542.00,A,A*7A
$GNRMC,171543.00,A,3001.74290,S,05112.74967,W,0.007,,090926,,,A,V*1B
$GNVTG,,T,,M,0.007,N,0.013,K,A*38
$GNGGA,171543.00,3001.74290,S,05112.74967,W,1,12,0.60,48.2,M,4.8,M,,*49
$GNGSA,M,3,12,18,23,25,26,28,29,31,05,,,,1.22,0.60,1.06,1*03
$GNGSA,M,3,16,25,36,02,10,11,,,,,,,1.22,0.60,1.06,3*09
$GNGSA,M,3,12,19,20,22,24,26,29,31,35,39,,,1.22,0.60,1.06,4*06
$GPGSV,3,1,09,05,33,129,41,10,03,342,30,12,15,033,35,18,68,243,19,1*6A
$GPGSV,3,2,09,23,31,357,47,25,47,019,48,28,20,297,22,29,57,140,42,1*63
$GPGSV,3,3,09,31,20,265,26,1*58
$GPGSV,3,1,11,05,33,129,35,10,03,342,30,12,15,033,20,13,09,030,17,6*67
$GPGSV,3,2,11,18,68,243,23,23,31,357,41,25,47,019,45,26,31,228,23,6*64
$GPGSV,3,3,11,28,20,297,26,29,57,140,36,31,20,265,25,6*5C
$GPGSV,2,1,08,10,03,342,33,10,03,342,33,13,09,030,26,18,68,243,25,8*6F
$GPGSV,2,2,08,23,31,357,46,25,47,019,52,26,31,228,22,28,20,297,22,8*64
$GPGSV,1,1,04,15,12,063,,16,03,219,,20,03,090,,21,04,144,,0*63
$GAGSV,2,1,07,02,36,221,19,10,33,142,30,11,61,155,26,14,20,087,22,1*70
$GAGSV,2,2,07,16,35,040,43,25,86,031,37,36,60,291,21,1*45
$GAGSV,1,1,02,16,35,040,48,25,86,031,38,5*7A
$GAGSV,2,1,05,10,33,142,27,11,61,155,21,14,20,087,21,16,35,040,47,7*7E
$GAGSV,2,2,05,25,86,031,37,7*49
$GAGSV,1,1,02,12,11,137,,34,11,309,,0*7D
$GBGSV,3,1,10,12,22,105,21,19,27,076,47,20,15,123,24,22,14,022,30,3*7A
$GBGSV,3,2,10,24,27,234,25,26,51,290,10,29,21,116,30,31,37,251,15,3*76
$GBGSV,3,3,10,35,59,172,24,39,26,001,46,3*70
$GBGSV,3,1,10,12,22,105,30,19,27,076,47,20,15,123,18,22,14,022,27,5*75
$GBGSV,3,2,10,24,27,234,13,26,51,290,22,29,21,116,33,31,37,251,21,5*70
$GBGSV,3,3,10,35,59,172,26,39,26,001,45,5*77
$GBGSV,3,1,10,12,22,105,32,19,27,076,43,20,15,123,22,22,14,022,32,8*73
$GBGSV,3,2,10,24,27,234,28,26,51,290,20,29,21,116,34,31,37,251,15,8*77
$GBGSV,3,3,10,35,59,172,21,39,26,001,45,8*7D
$GBGSV,1,1,01,11,01,108,,0*4E
$GNGLL,3001.74290,S,05112.74967,W,171543.00,A,A*7B
$GNRMC,171544.00,A,3001.74290,S,05112.74967,W,0.004,,090926,,,A,V*1F
$GNVTG,,T,,M,0.004,N,0.008,K,A*31
$GNGGA,171544.00,3001.74290,S,05112.74967,W,1,12,0.60,48.1,M,4.8,M,,*4D
$GNGSA,M,3,12,18,23,25,26,28,29,31,05,,,,1.22,0.60,1.06,1*03
$GNGSA,M,3,16,25,36,02,10,11,,,,,,,1.22,0.60,1.06,3*09
$GNGSA,M,3,12,19,20,22,24,26,29,35,39,,,,1.22,0.60,1.06,4*04
$GPGSV,3,1,09,05,33,129,41,10,03,342,30,12,15,033,35,18,68,243,18,1*6B
$GPGSV,3,2,09,23,31,357,47,25,47,019,48,28,19,298,21,29,57,140,42,1*65
$GPGSV,3,3,09,31,20,265,26,1*58
$GPGSV,3,1,11,05,33,129,35,10,03,342,29,12,15,033,20,13,09,030,17,6*6F
$GPGSV,3,2,11,18,68,243,23,23,31,357,41,25,47,019,45,26,31,228,23,6*64
$GPGSV,3,3,11,28,19,298,25,29,57,140,36,31,20,265,25,6*5A
$GPGSV,2,1,07,10,03,342,33,13,09,030,26,18,68,243,25,23,31,357,46,8*67
$GPGSV,2,2,07,25,47,019,52,26,31,228,22,28,19,298,22,8*5E
$GPGSV,1,1,04,15,12,063,,16,03,219,,20,03,090,,21,04,144,,0*63
$GAGSV,2,1,07,02,36,221,19,10,33,142,30,11,61,155,26,14,20,087,21,1*73
$GAGSV,2,2,07,16,35,040,43,25,86,031,37,36,60,291,20,1*44
$GAGSV,1,1,02,16,35,040,48,25,86,031,38,5*7A
$GAGSV,2,1,05,10,33,142,27,11,61,155,21,14,20,087,21,16,35,040,47,7*7E
$GAGSV,2,2,05,25,86,031,37,7*49
$GAGSV,1,1,02,12,11,137,,34,11,309,,0*7D
$GBGSV,3,1,10,12,22,105,21,19,27,076,47,20,15,123,24,22,14,022,30,3*7A
$GBGSV,3,2,10,24,27,234,24,26,51,290,10,29,21,116,29,31,37,251,14,3*7E
$GBGSV,3,3,10,35,59,172,24,39,26,001,46,3*70
$GBGSV,3,1,10,12,22,105,30,19,27,076,47,20,15,123,18,22,14,022,28,5*7A
$GBGSV,3,2,10,24,27,234,11,26,51,290,22,29,21,116,33,31,37,251,22,5*71
$GBGSV,3,3,10,35,59,172,26,39,26,001,45,5*77
$GBGSV,3,1,10,12,22,105,32,19,27,076,43,20,15,123,22,22,14,022,32,8*73
$GBGSV,3,2,10,24,27,234,27,26,51,290,20,29,21,116,34,31,37,251,14,8*79
$GBGSV,3,3,10,35,59,172,21,39,26,001,46,8*7E
$GBGSV,1,1,01,11,01,108,,0*4E
$GNGLL,3001.74290,S,05112.74967,W,171544.00,A,A*7C
$GNRMC,171545.00,A,3001.74290,S,05112.74966,W,0.006,,090926,,,A,V*1D
$GNVTG,,T,,M,0.006,N,0.011,K,A*3B
$GNGGA,171545.00,3001.74290,S,05112.74966,W,1,12,0.65,48.1,M,4.8,M,,*48
$GNGSA,M,3,12,18,23,25,26,28,29,31,05,,,,1.30,0.65,1.12,1*00
$GNGSA,M,3,16,25,36,02,10,11,,,,,,,1.30,0.65,1.12,3*0A
$GNGSA,M,3,12,19,20,22,24,26,29,35,39,,,,1.30,0.65,1.12,4*07
$GPGSV,3,1,09,05,33,129,41,10,03,342,30,12,15,033,35,18,68,243,18,1*6B
$GPGSV,3,2,09,23,31,357,47,25,47,019,48,28,19,298,19,29,56,138,42,1*60
$GPGSV,3,3,09,31,20,265,26,1*58
$GPGSV,3,1,11,05,33,129,35,10,03,342,30,12,15,033,19,13,09,030,17,6*6D
$GPGSV,3,2,11,18,68,243,24,23,31,357,41,25,47,019,45,26,31,228,22,6*62
$GPGSV,3,3,11,28,19,298,25,29,56,138,36,31,20,265,25,6*54
$GPGSV,2,1,07,10,03,342,34,13,09,030,26,18,68,243,24,23,31,357,46,8*61
$GPGSV,2,2,07,25,47,019,52,26,31,228,21,28,19,298,24,8*5B
$GPGSV,1,1,04,15,12,063,,16,03,219,,20,03,090,,21,04,144,,0*63
$GAGSV,2,1,07,02,36,221,20,10,33,142,30,11,61,155,26,14,20,087,21,1*79
$GAGSV,2,2,07,16,35,040,43,25,86,031,37,36,60,291,20,1*44
$GAGSV,1,1,02,16,35,040,48,25,86,031,38,5*7A
$GAGSV,2,1,05,10,33,142,27,11,61,155,21,14,20,087,21,16,35,040,47,7*7E
$GAGSV,2,2,05,25,86,031,37,7*49
$GAGSV,1,1,02,12,11,137,,34,11,309,,0*7D
$GBGSV,3,1,10,12,22,105,20,19,27,076,47,20,15,123,24,22,14,022,30,3*7B
$GBGSV,3,2,10,24,27,234,25,26,51,290,09,29,21,116,30,31,37,251,15,3*7E
$GBGSV,3,3,10,35,59,172,25,39,26,001,46,3*71
$GBGSV,3,1,10,12,22,105,30,19,27,076,47,20,15,123,18,22,14,022,28,5*7A
$GBGSV,3,2,10,24,27,234,10,26,51,290,22,29,21,116,33,31,37,251,21,5*73
$GBGSV,3,3,10,35,59,172,26,39,26,001,45,5*77
$GBGSV,3,1,10,12,22,105,32,19,27,076,43,20,15,123,23,22,14,022,32,8*72
$GBGSV,3,2,10,24,27,234,28,26,51,290,20,29,21,116,35,31,37,251,14,8*77
$GBGSV,3,3,10,35,59,172,20,39,26,001,46,8*7F
$GBGSV,1,1,01,11,01,108,,0*4E
$GNGLL,3001.74290,S,05112.74966,W,171545.00,A,A*7C
$GNRMC,171546.00,A,3001.74290,S,05112.74966,W,0.020,,090926,,,A,V*1A
$GNVTG,,T,,M,0.020,N,0.037,K,A*3B
$GNGGA,171546.00,3001.74290,S,05112.74966,W,1,12,0.66,48.1,M,4.8,M,,*48
$GNGSA,M,3,12,18,23,25,26,28,29,31,05,,,,1.32,0.66,1.15,1*06
$GNGSA,M,3,16,25,36,02,10,11,,,,,,,1.32,0.66,1.15,3*0C
$GNGSA,M,3,12,19,20,22,24,26,29,35,39,,,,1.32,0.66,1.15,4*01
$GPGSV,3,1,09,05,33,129,41,10,03,342,30,12,15,033,35,18,68,243,17,1*64
$GPGSV,3,2,09,23,31,357,47,25,47,019,48,28,19,298,18,29,56,138,42,1*61
$GPGSV,3,3,09,31,20,265,27,1*59
$GPGSV,3,1,11,05,33,129,35,10,03,342,30,12,15,033,19,13,09,030,17,6*6D
$GPGSV,3,2,11,18,68,243,23,23,31,357,41,25,47,019,45,26,31,228,21,6*66
$GPGSV,3,3,11,28,19,298,25,29,56,138,36,31,20,265,25,6*54
$GPGSV,2,1,07,10,03,342,34,13,09,030,26,18,68,243,24,23,31,357,46,8*61
$GPGSV,2,2,07,25,47,019,52,26,31,228,22,28,19,298,24,8*58
$GPGSV,1,1,04,15,12,063,,16,03,219,,20,03,090,,21,04,144,,0*63
$GAGSV,2,1,07,02,36,221,20,10,33,142,30,11,61,155,26,14,20,087,21,1*79
$GAGSV,2,2,07,16,35,040,43,25,86,031,37,36,60,291,20,1*44
$GAGSV,1,1,02,16,35,040,48,25,86,031,38,5*7A
$GAGSV,2,1,05,10,33,142,28,11,61,155,22,14,20,087,21,16,35,040,47,7*72
$GAGSV,2,2,05,25,86,031,37,7*49
$GAGSV,1,1,02,12,11,137,,34,11,309,,0*7D
$GBGSV,3,1,10,12,22,105,19,19,27,076,47,20,15,123,24,22,14,022,30,3*71
$GBGSV,3,2,10,24,27,234,25,26,51,290,08,29,21,116,30,31,37,251,16,3*7C
$GBGSV,3,3,10,35,59,172,25,39,26,001,46,3*71
$GBGSV,3,1,10,12,22,105,30,19,27,076,47,20,15,123,18,22,14,022,27,5*75
$GBGSV,3,2,10,24,27,234,11,26,51,290,22,29,21,116,33,31,37,251,21,5*72
$GBGSV,3,3,10,35,59,172,26,39,26,001,45,5*77
$GBGSV,3,1,10,12,22,105,32,19,27,076,43,20,15,123,23,22,14,022,32,8*72
$GBGSV,3,2,10,24,27,234,27,26,51,290,20,29,21,116,34,31,37,251,13,8*7E
$GBGSV,3,3,10,35,59,172,20,39,26,001,46,8*7F
$GBGSV,1,1,01,11,01,108,,0*4E
$GNGLL,3001.74290,S,05112.74966,W,171546.00,A,A*7F
$GNRMC,171547.00,A,3001.74290,S,05112.74966,W,0.009,,090926,,,A,V*10
$GNVTG,,T,,M,0.009,N,0.016,K,A*33
$GNGGA,171547.00,3001.74290,S,05112.74966,W,1,12,0.66,48.1,M,4.8,M,,*49
$GNGSA,M,3,12,18,23,25,26,28,29,31,05,,,,1.32,0.66,1.15,1*06
$GNGSA,M,3,16,25,36,02,10,11,,,,,,,1.32,0.66,1.15,3*0C
$GNGSA,M,3,12,19,20,22,24,26,29,35,39,,,,1.32,0.66,1.15,4*01
$GPGSV,3,1,09,05,33,129,41,10,03,342,30,12,15,033,34,18,68,243,17,1*65
$GPGSV,3,2,09,23,31,357,47,25,47,019,48,28,19,298,16,29,56,138,42,1*6F
$GPGSV,3,3,09,31,20,266,26,1*5B
$GPGSV,3,1,11,05,33,129,35,10,03,342,30,12,15,033,20,13,09,030,17,6*67
$GPGSV,3,2,11,18,68,243,24,23,31,357,41,25,47,019,45,26,31,228,21,6*61
$GPGSV,3,3,11,28,19,298,25,29,56,138,36,31,20,266,25,6*57
$GPGSV,2,1,07,10,03,342,34,13,09,030,26,18,68,243,25,23,31,357,46,8*60
$GPGSV,2,2,07,25,47,019,52,26,31,228,22,28,19,298,25,8*59
$GPGSV,1,1,04,15,12,063,,16,03,219,,20,03,090,,21,04,144,,0*63
$GAGSV,2,1,07,02,36,221,20,10,33,142,30,11,61,155,26,14,20,087,21,1*79
$GAGSV,2,2,07,16,35,040,43,25,86,031,37,36,60,291,20,1*44
$GAGSV,1,1,02,16,35,040,48,25,86,031,38,5*7A
$GAGSV,2,1,05,10,33,142,28,11,61,155,21,14,20,087,21,16,35,040,47,7*71
$GAGSV,2,2,05,25,86,031,37,7*49
$GAGSV,1,1,02,12,11,137,,34,11,309,,0*7D
$GBGSV,3,1,10,12,22,105,18,19,27,076,47,20,15,123,24,22,14,022,30,3*70
$GBGSV,3,2,10,24,27,234,25,26,51,290,09,29,21,116,30,31,37,251,15,3*7E
$GBGSV,3,3,10,35,59,172,25,39,26,001,46,3*71
$GBGSV,3,1,10,12,22,105,31,19,27,076,47,20,15,123,19,22,14,022,27,5*75
$GBGSV,3,2,10,24,27,234,13,26,51,290,22,29,21,116,33,31,37,251,22,5*73
$GBGSV,3,3,10,35,59,172,26,39,26,001,45,5*77
$GBGSV,3,1,10,12,22,105,32,19,27,076,43,20,15,123,22,22,14,022,32,8*73
$GBGSV,3,2,10,24,27,234,27,26,51,290,19,29,21,116,34,31,37,251,12,8*75
$GBGSV,3,3,10,35,59,172,20,39,26,001,46,8*7F
$GBGSV,1,1,01,11,01,108,,0*4E
$GNGLL,3001.74290,S,05112.74966,W,171547.00,A,A*7E
$GNRMC,171548.00,A,3001.74291,S,05112.74966,W,0.016,,090926,,,A,V*10
$GNVTG,,T,,M,0.016,N,0.030,K,A*39
$GNGGA,171548.00,3001.74291,S,05112.74966,W,1,12,0.66,48.1,M,4.8,M,,*47
$GNGSA,M,3,12,18,23,25,26,28,29,31,05,,,,1.32,0.66,1.15,1*06
$GNGSA,M,3,16,25,36,02,10,11,,,,,,,1.32,0.66,1.15,3*0C
$GNGSA,M,3,12,19,20,22,24,26,29,35,39,,,,1.32,0.66,1.15,4*01
$GPGSV,3,1,09,05,33,129,41,10,03,342,30,12,15,033,34,18,68,243,16,1*64
$GPGSV,3,2,09,23,31,357,47,25,47,019,48,28,19,298,15,29,56,138,42,1*6C
$GPGSV,3,3,09,31,20,266,26,1*5B
$GPGSV,3,1,11,05,33,129,35,10,03,342,30,12,15,033,20,13,09,030,16,6*66
$GPGSV,3,2,11,18,68,243,24,23,31,357,41,25,47,019,45,26,31,228,22,6*62
$GPGSV,3,3,11,28,19,298,25,29,56,138,36,31,20,266,25,6*57
$GPGSV,2,1,07,10,03,342,34,13,09,030,26,18,68,243,25,23,31,357,46,8*60
$GPGSV,2,2,07,25,47,019,52,26,31,228,22,28,19,298,25,8*59
$GPGSV,1,1,04,15,12,063,,16,03,219,,20,03,090,,21,04,144,,0*63
$GAGSV,2,1,07,02,36,221,21,10,33,142,30,11,61,155,26,14,20,087,21,1*78
$GAGSV,2,2,07,16,35,040,43,25,86,031,37,36,60,291,20,1*44
$GAGSV,1,1,02,16,35,040,48,25,86,031,38,5*7A
$GAGSV,2,1,05,10,33,142,28,11,61,155,21,14,20,087,20,16,35,040,47,7*70
$GAGSV,2,2,05,25,86,031,37,7*49
$GAGSV,1,1,02,12,11,137,,34,11,309,,0*7D
$GBGSV,3,1,10,12,22,105,17,19,27,076,47,20,15,123,24,22,14,022,30,3*7F
$GBGSV,3,2,10,24,27,234,25,26,51,290,10,29,21,116,30,31,37,251,15,3*76
$GBGSV,3,3,10,35,59,172,25,39,26,001,46,3*71
$GBGSV,3,1,10,12,22,105,31,19,27,076,47,20,15,123,19,22,14,022,28,5*7A
$GBGSV,3,2,10,24,27,234,10,26,51,290,22,29,21,116,33,31,37,251,22,5*70
$GBGSV,3,3,10,35,59,172,26,39,26,001,45,5*77
$GBGSV,3,1,10,12,22,105,32,19,27,076,44,20,15,123,22,22,14,022,32,8*74
$GBGSV,3,2,10,24,27,234,27,26,51,290,19,29,21,116,35,31,37,251,11,8*77
$GBGSV,3,3,10,35,59,172,20,39,26,001,46,8*7F
$GBGSV,1,1,01,11,01,108,,0*4E
$GNGLL,3001.74291,S,05112.74966,W,171548.00,A,A*70
$GNRMC,171549.00,A,3001.74291,S,05112.74967,W,0.010,,090926,,,A,V*16
$GNVTG,,T,,M,0.010,N,0.018,K,A*35
$GNGGA,171549.00,3001.74291,S,05112.74967,W,1,12,0.66,48.1,M,4.8,M,,*47
$GNGSA,M,3,12,18,23,25,26,28,29,31,05,,,,1.32,0.66,1.15,1*06
$GNGSA,M,3,16,25,36,02,10,11,,,,,,,1.32,0.66,1.15,3*0C
$GNGSA,M,3,12,19,20,22,24,26,29,35,39,,,,1.32,0.66,1.15,4*01
$GPGSV,3,1,10,05,33,129,41,10,03,342,31,12,15,033,35,18,68,243,16,1*6C
$GPGSV,3,2,10,23,31,357,47,25,47,019,48,26,31,228,27,28,19,298,16,1*68
$GPGSV,3,3,10,29,56,138,42,31,20,266,26,1*67
$GPGSV,3,1,11,05,33,129,35,10,03,342,30,12,15,033,20,13,09,030,17,6*67
$GPGSV,3,2,11,18,68,243,24,23,31,357,41,25,47,019,45,26,31,228,22,6*62
$GPGSV,3,3,11,28,19,298,25,29,56,138,36,31,20,266,25,6*57
$GPGSV,2,1,07,10,03,342,34,13,09,030,25,18,68,243,25,23,31,357,46,8*63
$GPGSV,2,2,07,25,47,019,52,26,31,228,22,28,19,298,25,8*59
$GPGSV,1,1,04,15,12,063,,16,03,219,,20,03,090,,21,04,144,,0*63
$GAGSV,2,1,07,02,36,221,20,10,33,142,30,11,61,155,26,14,20,087,21,1*79
$GAGSV,2,2,07,16,35,040,43,25,86,031,37,36,60,291,20,1*44
$GAGSV,1,1,02,16,35,040,48,25,86,031,38,5*7A
$GAGSV,2,1,05,10,33,142,28,11,61,155,22,14,20,087,20,16,35,040,47,7*73
$GAGSV,2,2,05,25,86,031,37,7*49
$GAGSV,1,1,02,12,11,137,,34,11,309,,0*7D
$GBGSV,3,1,10,12,22,105,17,19,27,076,47,20,15,123,24,22,14,022,30,3*7F
$GBGSV,3,2,10,24,27,234,25,26,51,290,11,29,21,116,30,31,37,251,14,3*76
$GBGSV,3,3,10,35,59,172,25,39,26,001,46,3*71
$GBGSV,3,1,10,12,22,105,31,19,27,076,47,20,15,123,19,22,14,022,28,5*7A
$GBGSV,3,2,10,24,27,234,10,26,51,290,22,29,21,116,32,31,37,251,22,5*71
$GBGSV,3,3,10,35,59,172,26,39,26,001,45,5*77
$GBGSV,3,1,10,12,22,105,33,19,27,076,44,20,15,123,22,22,14,022,32,8*75
$GBGSV,3,2,10,24,27,234,27,26,51,290,19,29,21,116,35,31,37,251,12,8*74
$GBGSV,3,3,10,35,59,172,21,39,26,001,46,8*7E
$GBGSV,1,1,01,11,01,108,,0*4E
$GNGLL,3001.74291,S,05112.74967,W,171549.00,A,A*70
$GNRMC,171550.00,A,3001.74292,S,05112.74967,W,0.012,,090926,,,A,V*1F
$GNVTG,,T,,M,0.012,N,0.022,K,A*3E
$GNGGA,171550.00,3001.74292,S,05112.74967,W,1,12,0.66,48.1,M,4.8,M,,*4C
$GNGSA,M,3,12,18,23,25,26,28,29,31,05,,,,1.32,0.66,1.15,1*06
$GNGSA,M,3,16,25,36,02,10,11,,,,,,,1.32,0.66,1.15,3*0C
$GNGSA,M,3,12,19,20,22,24,26,29,35,39,,,,1.32,0.66,1.15,4*01
$GPGSV,3,1,10,05,33,129,41,10,03,342,31,12,15,033,34,18,68,243,15,1*6E
$GPGSV,3,2,10,23,31,357,47,25,47,019,48,26,31,228,25,28,19,298,15,1*69
$GPGSV,3,3,10,29,56,138,42,31,20,266,26,1*67
$GPGSV,3,1,11,05,33,129,35,10,03,342,30,12,15,033,20,13,09,030,18,6*68
$GPGSV,3,2,11,18,68,243,23,23,31,357,41,25,47,019,45,26,31,228,22,6*65
$GPGSV,3,3,11,28,19,298,25,29,56,138,36,31,20,266,26,6*54
$GPGSV,2,1,07,10,03,342,34,13,09,030,25,18,68,243,25,23,31,357,46,8*63
$GPGSV,2,2,07,25,47,019,52,26,31,228,22,28,19,298,25,8*59
$GPGSV,1,1,04,15,12,063,,16,03,219,,20,03,090,,21,04,144,,0*63
$GAGSV,2,1,07,02,36,221,21,10,33,142,30,11,61,155,26,14,20,087,21,1*78
$GAGSV,2,2,07,16,35,040,43,25,86,031,37,36,60,291,20,1*44
$GAGSV,1,1,02,16,35,040,48,25,86,031,38,5*7A
$GAGSV,2,1,05,10,33,142,28,11,61,155,22,14,20,087,20,16,35,040,47,7*73
$GAGSV,2,2,05,25,86,031,37,7*49
$GAGSV,1,1,02,12,11,137,,34,11,309,,0*7D
$GBGSV,3,1,10,12,22,105,16,19,27,076,47,20,15,123,23,22,14,022,30,3*79
$GBGSV,3,2,10,24,27,234,25,26,51,290,09,29,21,116,30,31,37,251,14,3*7F
$GBGSV,3,3,10,35,59,172,25,39,26,001,46,3*71
$GBGSV,3,1,10,12,22,105,31,19,27,076,47,20,15,123,19,22,14,022,28,5*7A
$GBGSV,3,2,10,24,27,234,23,26,51,290,22,29,21,116,33,31,37,251,21,5*73
$GBGSV,3,3,10,35,59,172,26,39,26,001,45,5*77
$GBGSV,3,1,10,12,22,105,33,19,27,076,44,20,15,123,22,22,14,022,32,8*75
$GBGSV,3,2,10,24,27,234,27,26,51,290,18,29,21,116,35,31,37,251,13,8*74
$GBGSV,3,3,10,35,59,172,21,39,26,001,46,8*7E
$GBGSV,1,1,01,11,01,108,,0*4E
$GNGLL,3001.74292,S,05112.74967,W,171550.00,A,A*7B
$GNRMC,171551.00,A,3001.74292,S,05112.74967,W,0.033,,090926,,,A,V*1D
$GNVTG,,T,,M,0.033,N,0.061,K,A*3A
$GNGGA,171551.00,3001.74292,S,05112.74967,W,1,12,0.66,48.1,M,4.8,M,,*4D
$GNGSA,M,3,12,18,23,25,26,28,29,31,05,,,,1.32,0.66,1.15,1*06
$GNGSA,M,3,16,25,36,02,10,11,,,,,,,1.32,0.66,1.15,3*0C
$GNGSA,M,3,12,19,20,22,24,26,29,35,39,,,,1.32,0.66,1.15,4*01
$GPGSV,3,1,09,05,33,129,41,10,03,342,31,12,15,033,35,18,68,243,15,1*67
$GPGSV,3,2,09,23,31,357,47,25,47,019,48,28,19,298,16,29,56,138,42,1*6F
$GPGSV,3,3,09,31,20,266,26,1*5B
$GPGSV,3,1,11,05,33,129,35,10,03,342,30,12,15,033,19,13,09,030,18,6*62
$GPGSV,3,2,11,18,68,243,22,23,31,357,41,25,47,019,45,26,31,228,22,6*64
$GPGSV,3,3,11,28,19,298,25,29,56,138,36,31,20,266,26,6*54
$GPGSV,2,1,07,10,03,342,34,13,09,030,25,18,68,243,25,23,31,357,46,8*63
$GPGSV,2,2,07,25,47,019,52,26,31,228,22,28,19,298,25,8*59
$GPGSV,1,1,04,15,12,063,,16,03,219,,20,03,090,,21,04,144,,0*63
$GAGSV,2,1,07,02,36,222,21,10,33,142,30,11,61,155,26,14,20,087,21,1*7B
$GAGSV,2,2,07,16,35,040,43,25,86,031,37,36,60,291,20,1*44
$GAGSV,1,1,02,16,35,040,48,25,86,031,38,5*7A
$GAGSV,2,1,05,10,33,142,28,11,61,155,22,14,20,087,20,16,35,040,47,7*73
$GAGSV,2,2,05,25,86,031,37,7*49
$GAGSV,1,1,02,12,11,137,,34,11,309,,0*7D
$GBGSV,3,1,10,12,22,105,17,19,27,076,47,20,15,123,23,22,14,022,31,3*79
$GBGSV,3,2,10,24,27,234,25,26,51,290,10,29,21,116,30,31,37,251,13,3*70
$GBGSV,3,3,10,35,59,172,25,39,26,001,46,3*71
$GBGSV,3,1,10,12,22,105,31,19,27,076,47,20,15,123,18,22,14,022,28,5*7B
$GBGSV,3,2,10,24,27,234,24,26,51,290,22,29,21,116,33,31,37,251,21,5*74
$GBGSV,3,3,10,35,59,172,26,39,26,001,45,5*77
$GBGSV,3,1,10,12,22,105,33,19,27,076,44,20,15,123,22,22,14,022,32,8*75
$GBGSV,3,2,10,24,27,234,27,26,51,290,18,29,21,116,35,31,37,251,13,8*74
$GBGSV,3,3,10,35,59,172,21,39,26,001,46,8*7E
$GBGSV,1,1,01,11,01,108,,0*4E
$GNGLL,3001.74292,S,05112.74967,W,171551.00,A,A*7A
$GNRMC,171552.00,A,3001.74292,S,05112.74967,W,0.022,,090926,,,A,V*1E
$GNVTG,,T,,M,0.022,N,0.041,K,A*38
$GNGGA,171552.00,3001.74292,S,05112.74967,W,1,12,0.66,48.1,M,4.8,M,,*4E
$GNGSA,M,3,12,18,23,25,26,28,29,31,05,,,,1.32,0.66,1.15,1*06
$GNGSA,M,3,16,25,36,02,10,11,,,,,,,1.32,0.66,1.15,3*0C
$GNGSA,M,3,12,19,20,22,24,26,29,31,35,39,,,1.32,0.66,1.15,4*03
$GPGSV,3,1,09,05,33,129,41,10,03,342,31,12,15,033,34,18,68,243,16,1*65
$GPGSV,3,2,09,23,31,357,47,25,47,019,48,28,19,298,18,29,56,138,42,1*61
$GPGSV,3,3,09,31,20,266,26,1*5B
$GPGSV,3,1,11,05,33,129,35,10,03,342,30,12,15,033,19,13,09,030,18,6*62
$GPGSV,3,2,11,18,68,243,22,23,31,357,41,25,47,019,45,26,31,228,22,6*64
$GPGSV,3,3,11,28,19,298,24,29,56,138,36,31,20,266,26,6*55
$GPGSV,2,1,07,10,03,342,35,13,09,030,25,18,68,243,24,23,31,357,46,8*63
$GPGSV,2,2,07,25,47,019,52,26,31,228,21,28,19,298,25,8*5A
$GPGSV,1,1,04,15,12,063,,16,03,219,,20,03,090,,21,04,144,,0*63
$GAGSV,2,1,07,02,36,222,21,10,33,142,30,11,61,155,26,14,20,087,20,1*7A
$GAGSV,2,2,07,16,35,040,43,25,86,031,37,36,60,291,20,1*44
$GAGSV,1,1,02,16,35,040,48,25,86,031,38,5*7A
$GAGSV,2,1,05,10,33,142,28,11,61,155,22,14,20,087,19,16,35,040,47,7*79
$GAGSV,2,2,05,25,86,031,37,7*49
$GAGSV,1,1,02,12,11,137,,34,11,309,,0*7D
$GBGSV,3,1,10,12,22,105,15,19,27,076,47,20,15,123,23,22,14,022,31,3*7B
$GBGSV,3,2,10,24,27,234,26,26,51,290,10,29,21,116,30,31,37,251,10,3*70
$GBGSV,3,3,10,35,59,172,25,39,26,001,46,3*71
$GBGSV,3,1,10,12,22,105,32,19,27,076,47,20,15,123,18,22,14,022,28,5*78
$GBGSV,3,2,10,24,27,234,24,26,51,290,22,29,21,116,33,31,37,251,21,5*74
$GBGSV,3,3,10,35,59,172,26,39,26,001,45,5*77
$GBGSV,3,1,10,12,22,105,33,19,27,076,44,20,15,123,22,22,14,022,32,8*75
$GBGSV,3,2,10,24,27,234,27,26,51,290,18,29,21,116,35,31,37,251,15,8*72
$GBGSV,3,3,10,35,59,172,21,39,26,001,46,8*7E
$GBGSV,1,1,01,11,01,108,,0*4E
$GNGLL,3001.74292,S,05112.74967,W,171552.00,A,A*79
