$GNRMC,170320.00,A,3001.74357,S,05112.75095,W,0.028,,090926,,,A,V*1B
$GNVTG,,T,,M,0.028,N,0.052,K,A*30
$GNGGA,170320.00,3001.74357,S,05112.75095,W,1,12,1.06,49.2,M,4.8,M,,*44
$GNGSA,M,3,18,23,25,26,28,29,31,05,12,13,,,1.87,1.06,1.54,1*08
$GNGSA,M,3,83,82,80,,,,,,,,,,1.87,1.06,1.54,2*0E
$GNGSA,M,3,25,36,10,11,16,,,,,,,,1.87,1.06,1.54,3*02
$GNGSA,M,3,12,19,22,24,26,29,31,35,39,,,,1.87,1.06,1.54,4*0D
$GPGSV,3,1,09,05,37,124,45,12,20,036,41,13,14,031,20,18,67,259,20,1*6A
$GPGSV,3,2,09,23,25,356,46,25,53,021,51,26,26,226,25,29,57,150,30,1*61
$GPGSV,3,3,09,31,21,259,29,1*59
$GPGSV,3,1,10,05,37,124,40,12,20,036,30,13,14,031,16,18,67,259,23,6*60
$GPGSV,3,2,10,23,25,356,43,25,53,021,46,26,26,226,09,28,23,292,19,6*67
$GPGSV,3,3,10,29,57,150,27,31,21,259,20,6*67
$GPGSV,2,1,05,18,67,259,20,23,25,356,46,25,53,021,53,26,26,226,18,8*60
$GPGSV,2,2,05,28,23,292,28,8*50
$GPGSV,1,1,03,15,09,058,,20,01,085,,21,08,142,,0*54
$GLGSV,3,1,09,66,01,154,08,68,09,055,23,73,57,243,24,74,14,209,10,1*75
$GLGSV,3,2,09,79,01,017,15,80,49,355,48,82,25,145,29,83,53,210,20,1*7D
$GLGSV,3,3,09,84,24,276,14,1*4D
$GLGSV,2,1,07,67,15,104,10,73,57,243,21,79,01,017,15,80,49,355,42,3*72
$GLGSV,2,2,07,82,25,145,32,83,53,210,17,84,24,276,10,3*41
$GAGSV,2,1,06,10,37,143,39,11,65,157,28,14,22,091,26,16,39,044,38,1*7C
$GAGSV,2,2,06,25,88,159,34,36,57,300,25,1*7D
$GAGSV,1,1,02,10,37,143,35,16,39,044,47,5*78
$GAGSV,2,1,06,02,32,221,19,10,37,143,34,14,22,091,29,16,39,044,44,7*73
$GAGSV,2,2,06,25,88,159,34,36,57,300,21,7*7F
$GAGSV,1,1,02,12,14,139,,34,07,312,,0*7B
$GBGSV,3,1,09,12,22,099,28,19,24,070,31,20,15,118,25,22,10,019,18,3*74
$GBGSV,3,2,09,24,24,230,26,29,24,120,42,31,35,257,18,35,60,181,28,3*7E
$GBGSV,3,3,09,39,31,000,48,3*49
$GBGSV,3,1,09,12,22,099,28,19,24,070,39,20,15,118,22,22,10,019,22,5*74
$GBGSV,3,2,09,24,24,230,30,29,24,120,40,31,35,257,16,35,60,181,19,5*71
$GBGSV,3,3,09,39,31,000,46,5*41
$GBGSV,3,1,10,12,22,099,23,19,24,070,34,20,15,118,13,22,10,019,31,8*77
$GBGSV,3,2,10,24,24,230,25,26,53,281,16,29,24,120,44,31,35,257,20,8*7F
$GBGSV,3,3,10,35,60,181,25,39,31,000,44,8*79
$GBGSV,1,1,01,11,04,112,,0*40
$GNGLL,3001.74357,S,05112.75095,W,170320.00,A,A*76
$GNRMC,170321.00,A,3001.74357,S,05112.75095,W,0.008,,090926,,,A,V*18
$GNVTG,,T,,M,0.008,N,0.015,K,A*31
$GNGGA,170321.00,3001.74357,S,05112.75095,W,1,12,0.72,49.2,M,4.8,M,,*47
$GNGSA,M,3,18,23,25,26,28,29,31,05,12,13,,,1.34,0.72,1.13,1*01
$GNGSA,M,3,84,83,82,80,,,,,,,,,1.34,0.72,1.13,2*0B
$GNGSA,M,3,25,36,10,11,16,,,,,,,,1.34,0.72,1.13,3*0B
$GNGSA,M,3,12,19,22,24,26,29,31,35,39,,,,1.34,0.72,1.13,4*04
$GPGSV,3,1,09,05,37,124,45,12,20,036,41,13,14,031,20,18,67,259,20,1*6A
$GPGSV,3,2,09,23,25,356,46,25,53,021,51,26,26,226,25,29,57,148,31,1*69
$GPGSV,3,3,09,31,21,259,29,1*59
$GPGSV,3,1,10,05,37,124,40,12,20,036,30,13,14,031,16,18,67,259,23,6*60
$GPGSV,3,2,10,23,25,356,43,25,53,021,46,26,26,226,09,28,23,292,18,6*66
$GPGSV,3,3,10,29,57,148,26,31,21,259,20,6*6F
$GPGSV,2,1,05,18,67,259,20,23,25,356,46,25,53,021,53,26,26,226,18,8*60
$GPGSV,2,2,05,28,23,292,28,8*50
$GPGSV,1,1,03,15,09,058,,20,01,085,,21,08,142,,0*54
$GLGSV,3,1,09,66,01,154,08,68,09,055,24,73,57,243,25,74,14,209,10,1*73
$GLGSV,3,2,09,79,01,017,15,80,49,355,48,82,25,145,29,83,53,210,20,1*7D
$GLGSV,3,3,09,84,24,276,15,1*4C
$GLGSV,2,1,07,67,15,104,10,73,57,243,21,79,01,017,16,80,49,355,42,3*71
$GLGSV,2,2,07,82,25,145,32,83,53,210,17,84,24,276,13,3*42
$GAGSV,2,1,06,10,37,143,39,11,65,157,28,14,22,091,26,16,39,044,39,1*7D
$GAGSV,2,2,06,25,88,159,34,36,57,300,25,1*7D
$GAGSV,1,1,02,10,37,143,35,16,39,044,47,5*78
$GAGSV,2,1,06,02,32,221,18,10,37,143,34,14,22,091,29,16,39,044,44,7*72
$GAGSV,2,2,06,25,88,159,34,36,57,300,20,7*7E
$GAGSV,1,1,02,12,14,139,,34,07,312,,0*7B
$GBGSV,3,1,09,12,22,099,28,19,24,070,31,20,15,118,25,22,10,019,17,3*7B
$GBGSV,3,2,09,24,24,230,27,29,24,120,42,31,35,257,17,35,60,181,28,3*70
$GBGSV,3,3,09,39,31,000,48,3*49
$GBGSV,3,1,09,12,22,099,28,19,24,070,39,20,15,118,23,22,10,019,21,5*76
$GBGSV,3,2,09,24,24,230,30,29,24,120,40,31,35,257,15,35,60,181,19,5*72
$GBGSV,3,3,09,39,31,000,46,5*41
$GBGSV,3,1,10,12,22,099,23,19,24,070,34,20,15,118,12,22,10,019,31,8*76
$GBGSV,3,2,10,24,24,230,26,26,53,281,17,29,24,120,44,31,35,257,19,8*77
$GBGSV,3,3,10,35,60,181,25,39,31,000,44,8*79
$GBGSV,1,1,01,11,04,112,,0*40
$GNGLL,3001.74357,S,05112.75095,W,170321.00,A,A*77
$GNRMC,170322.00,A,3001.74358,S,05112.75096,W,0.025,,090926,,,A,V*18
$GNVTG,,T,,M,0.025,N,0.046,K,A*38
$GNGGA,170322.00,3001.74358,S,05112.75096,W,1,12,1.06,49.2,M,4.8,M,,*4A
$GNGSA,M,3,18,23,25,26,28,29,31,05,12,13,,,1.87,1.06,1.54,1*08
$GNGSA,M,3,83,82,80,,,,,,,,,,1.87,1.06,1.54,2*0E
$GNGSA,M,3,25,36,10,11,16,,,,,,,,1.87,1.06,1.54,3*02
$GNGSA,M,3,12,19,22,24,26,29,31,35,39,,,,1.87,1.06,1.54,4*0D
$GPGSV,3,1,09,05,37,124,45,12,20,036,41,13,14,031,20,18,67,259,19,1*60
$GPGSV,3,2,09,23,25,356,46,25,53,021,50,26,26,226,25,29,57,148,30,1*69
$GPGSV,3,3,09,31,21,259,29,1*59
$GPGSV,3,1,10,05,37,124,40,12,20,036,30,13,14,031,16,18,67,259,23,6*60
$GPGSV,3,2,10,23,25,356,43,25,53,021,46,26,26,226,08,28,23,292,18,6*67
$GPGSV,3,3,10,29,57,148,26,31,21,259,20,6*6F
$GPGSV,2,1,05,18,67,259,19,23,25,356,46,25,53,021,53,26,26,226,18,8*6A
$GPGSV,2,2,05,28,23,292,28,8*50
$GPGSV,1,1,03,15,09,058,,20,01,085,,21,08,142,,0*54
$GLGSV,3,1,09,66,01,154,10,68,09,055,23,73,57,243,24,74,14,209,15,1*79
$GLGSV,3,2,09,79,01,017,15,80,49,355,48,82,25,145,29,83,53,210,20,1*7D
$GLGSV,3,3,09,84,24,276,14,1*4D
$GLGSV,2,1,08,67,15,104,12,68,09,055,18,73,57,243,21,79,01,017,16,3*72
$GLGSV,2,2,08,80,49,355,42,82,25,145,33,83,53,210,17,84,24,276,08,3*76
$GAGSV,2,1,06,10,37,143,39,11,65,157,28,14,22,091,26,16,39,044,39,1*7D
$GAGSV,2,2,06,25,88,159,34,36,57,300,25,1*7D
$GAGSV,1,1,02,10,37,143,35,16,39,044,47,5*78
$GAGSV,2,1,06,02,32,221,18,10,37,143,35,14,22,091,29,16,39,044,44,7*73
$GAGSV,2,2,06,25,88,159,34,36,57,300,20,7*7E
$GAGSV,1,1,02,12,14,139,,34,07,312,,0*7B
$GBGSV,3,1,09,12,22,099,28,19,24,070,31,20,15,118,24,22,10,019,17,3*7A
$GBGSV,3,2,09,24,24,230,28,29,24,120,42,31,35,257,17,35,60,181,28,3*7F
$GBGSV,3,3,09,39,31,000,48,3*49
$GBGSV,3,1,09,12,22,099,28,19,24,070,39,20,15,118,23,22,10,019,22,5*75
$GBGSV,3,2,09,24,24,230,30,29,24,120,40,31,35,257,16,35,60,181,19,5*71
$GBGSV,3,3,09,39,31,000,46,5*41
$GBGSV,3,1,10,12,22,099,23,19,24,070,34,20,15,118,10,22,10,019,31,8*74
$GBGSV,3,2,10,24,24,230,26,26,53,281,18,29,24,120,44,31,35,257,20,8*72
$GBGSV,3,3,10,35,60,181,24,39,31,000,44,8*78
$GBGSV,1,1,01,11,04,112,,0*40
$GNGLL,3001.74358,S,05112.75096,W,170322.00,A,A*78
$GNRMC,170323.00,A,3001.74358,S,05112.75096,W,0.008,,090926,,,A,V*16
$GNVTG,,T,,M,0.008,N,0.016,K,A*32
$GNGGA,170323.00,3001.74358,S,05112.75096,W,1,12,0.72,49.2,M,4.8,M,,*49
$GNGSA,M,3,18,23,25,26,28,29,31,05,12,13,,,1.34,0.72,1.13,1*01
$GNGSA,M,3,84,83,82,80,,,,,,,,,1.34,0.72,1.13,2*0B
$GNGSA,M,3,25,36,10,11,16,,,,,,,,1.34,0.72,1.13,3*0B
$GNGSA,M,3,12,19,22,24,26,29,31,35,39,,,,1.34,0.72,1.13,4*04
$GPGSV,3,1,09,05,37,124,45,12,20,036,41,13,14,031,20,18,67,259,18,1*61
$GPGSV,3,2,09,23,25,356,46,25,53,021,50,26,26,226,25,29,57,148,31,1*68
$GPGSV,3,3,09,31,21,260,29,1*53
$GPGSV,3,1,09,05,37,124,40,12,20,036,29,13,14,031,17,18,67,259,23,6*61
$GPGSV,3,2,09,23,25,356,43,25,53,021,46,28,23,292,19,29,57,148,26,6*60
$GPGSV,3,3,09,31,21,260,21,6*5C
$GPGSV,2,1,05,18,67,259,20,23,25,356,46,25,53,021,53,26,26,226,18,8*60
$GPGSV,2,2,05,28,23,292,28,8*50
$GPGSV,1,1,03,15,09,058,,20,01,085,,21,08,142,,0*54
$GLGSV,3,1,09,66,01,154,08,68,09,055,22,73,57,243,24,74,14,209,17,1*73
$GLGSV,3,2,09,79,01,017,14,80,49,355,48,82,25,145,29,83,53,210,20,1*7C
$GLGSV,3,3,09,84,24,276,15,1*4C
$GLGSV,2,1,08,67,15,104,14,68,09,055,19,73,57,243,20,79,01,017,14,3*76
$GLGSV,2,2,08,80,49,355,42,82,25,145,33,83,53,210,16,84,24,276,08,3*77
$GAGSV,2,1,06,10,37,143,39,11,65,157,28,14,22,091,26,16,39,044,39,1*7D
$GAGSV,2,2,06,25,88,159,34,36,57,300,25,1*7D
$GAGSV,1,1,02,10,37,143,35,16,39,044,47,5*78
$GAGSV,2,1,06,02,32,221,17,10,37,143,35,14,22,091,29,16,39,044,44,7*7C
$GAGSV,2,2,06,25,88,159,34,36,57,300,19,7*74
$GAGSV,1,1,02,12,14,139,,34,07,312,,0*7B
$GBGSV,3,1,09,12,22,099,28,19,24,070,31,20,15,118,24,22,10,019,16,3*7B
$GBGSV,3,2,09,24,24,230,28,29,24,120,42,31,35,257,18,35,60,181,28,3*70
$GBGSV,3,3,09,39,31,000,48,3*49
$GBGSV,3,1,09,12,22,099,28,19,24,070,39,20,15,118,23,22,10,019,22,5*75
$GBGSV,3,2,09,24,24,230,30,29,24,120,40,31,35,257,16,35,60,181,19,5*71
$GBGSV,3,3,09,39,31,000,46,5*41
$GBGSV,3,1,10,12,22,099,23,19,24,070,34,20,15,118,08,22,10,019,31,8*7D
$GBGSV,3,2,10,24,24,230,26,26,53,281,17,29,24,120,43,31,35,257,20,8*7A
$GBGSV,3,3,10,35,60,181,24,39,31,000,44,8*78
$GBGSV,1,1,01,11,04,112,,0*40
$GNGLL,3001.74358,S,05112.75096,W,170323.00,A,A*79
$GNRMC,170324.00,A,3001.74358,S,05112.75095,W,0.028,,090926,,,A,V*10
$GNVTG,,T,,M,0.028,N,0.052,K,A*30
$GNGGA,170324.00,3001.74358,S,05112.75095,W,1,12,0.72,49.2,M,4.8,M,,*4D
$GNGSA,M,3,18,23,25,26,28,29,31,05,12,13,,,1.34,0.72,1.13,1*01
$GNGSA,M,3,84,83,82,80,,,,,,,,,1.34,0.72,1.13,2*0B
$GNGSA,M,3,25,36,10,11,16,,,,,,,,1.34,0.72,1.13,3*0B
$GNGSA,M,3,12,19,22,24,26,29,31,35,39,,,,1.34,0.72,1.13,4*04
$GPGSV,3,1,09,05,37,124,45,12,20,036,41,13,14,031,20,18,67,259,18,1*61
$GPGSV,3,2,09,23,25,356,46,25,53,021,50,26,26,226,24,29,57,148,31,1*69
$GPGSV,3,3,09,31,21,260,29,1*53
$GPGSV,3,1,09,05,37,124,40,12,20,036,29,13,14,031,18,18,67,259,23,6*6E
$GPGSV,3,2,09,23,25,356,43,25,53,021,46,28,23,292,20,29,57,148,26,6*6A
$GPGSV,3,3,09,31,21,260,21,6*5C
$GPGSV,2,1,05,18,67,259,19,23,25,356,46,25,53,021,53,26,26,226,18,8*6A
$GPGSV,2,2,05,28,23,292,28,8*50
$GPGSV,1,1,03,15,09,058,,20,01,085,,21,08,142,,0*54
$GLGSV,3,1,09,66,01,154,08,68,09,055,21,73,57,243,24,74,14,209,17,1*70
$GLGSV,3,2,09,79,01,017,13,80,49,355,48,82,25,145,29,83,53,210,19,1*71
$GLGSV,3,3,09,84,24,276,15,1*4C
$GLGSV,2,1,08,67,15,104,13,68,09,055,19,73,57,243,20,79,01,017,13,3*76
$GLGSV,2,2,08,80,49,355,42,82,25,145,33,83,53,210,17,84,24,276,13,3*7C
$GAGSV,2,1,06,10,37,143,39,11,65,157,28,14,22,091,26,16,39,044,39,1*7D
$GAGSV,2,2,06,25,88,159,34,36,57,300,25,1*7D
$GAGSV,1,1,02,10,37,143,35,16,39,044,47,5*78
$GAGSV,2,1,06,02,32,221,17,10,37,143,34,14,22,091,29,16,39,044,44,7*7D
$GAGSV,2,2,06,25,88,159,34,36,57,300,19,7*74
$GAGSV,1,1,02,12,14,139,,34,07,312,,0*7B
$GBGSV,3,1,09,12,22,099,28,19,24,070,31,20,15,118,23,22,10,019,16,3*7C
$GBGSV,3,2,09,24,24,230,28,29,24,120,42,31,35,257,18,35,60,181,28,3*70
$GBGSV,3,3,09,39,31,000,48,3*49
$GBGSV,3,1,09,12,22,099,28,19,24,070,39,20,15,118,22,22,10,019,21,5*77
$GBGSV,3,2,09,24,24,230,29,29,24,120,40,31,35,257,16,35,60,181,19,5*79
$GBGSV,3,3,09,39,31,000,46,5*41
$GBGSV,3,1,09,12,22,099,24,19,24,070,34,22,10,019,31,24,24,230,26,8*71
$GBGSV,3,2,09,26,53,281,16,29,24,120,43,31,35,257,20,35,60,181,24,8*78
$GBGSV,3,3,09,39,31,000,44,8*4E
$GBGSV,1,1,01,11,04,112,,0*40
$GNGLL,3001.74358,S,05112.75095,W,170324.00,A,A*7D
$GNRMC,170325.00,A,3001.74358,S,05112.75096,W,0.014,,090926,,,A,V*1D
$GNVTG,,T,,M,0.014,N,0.025,K,A*3F
$GNGGA,170325.00,3001.74358,S,05112.75096,W,1,12,0.72,49.2,M,4.8,M,,*4F
$GNGSA,M,3,18,23,25,26,28,29,31,05,12,13,,,1.34,0.72,1.13,1*01
$GNGSA,M,3,84,83,82,80,,,,,,,,,1.34,0.72,1.13,2*0B
$GNGSA,M,3,25,36,10,11,16,,,,,,,,1.34,0.72,1.13,3*0B
$GNGSA,M,3,12,19,22,24,26,29,31,35,39,,,,1.34,0.72,1.13,4*04
$GPGSV,3,1,09,05,37,124,45,12,20,036,41,13,14,031,20,18,67,259,18,1*61
$GPGSV,3,2,09,23,25,356,46,25,53,021,50,26,26,226,24,29,57,148,31,1*69
$GPGSV,3,3,09,31,21,260,29,1*53
$GPGSV,3,1,09,05,37,124,40,12,20,036,29,13,14,031,17,18,67,259,23,6*61
$GPGSV,3,2,09,23,25,356,43,25,53,021,46,28,23,292,21,29,57,148,26,6*6B
$GPGSV,3,3,09,31,21,260,21,6*5C
$GPGSV,2,1,05,18,67,259,19,23,25,356,46,25,53,021,53,26,26,226,18,8*6A
$GPGSV,2,2,05,28,23,292,28,8*50
$GPGSV,1,1,03,15,09,058,,20,01,085,,21,08,142,,0*54
$GLGSV,3,1,09,66,01,154,09,68,09,055,21,73,57,243,23,74,14,209,17,1*76
$GLGSV,3,2,09,79,01,017,13,80,49,355,48,82,25,145,30,83,53,210,20,1*73
$GLGSV,3,3,09,84,24,276,18,1*41
$GLGSV,2,1,08,67,15,104,09,68,09,055,20,73,57,243,20,79,01,017,12,3*76
$GLGSV,2,2,08,80,49,355,42,82,25,145,33,83,53,210,16,84,24,276,14,3*7A
$GAGSV,2,1,06,10,37,143,39,11,65,157,28,14,22,091,26,16,39,044,39,1*7D
$GAGSV,2,2,06,25,88,159,34,36,57,300,25,1*7D
$GAGSV,1,1,02,10,37,143,35,16,39,044,47,5*78
$GAGSV,2,1,06,02,32,221,17,10,37,143,34,14,22,091,29,16,39,044,44,7*7D
$GAGSV,2,2,06,25,88,159,34,36,57,300,19,7*74
$GAGSV,1,1,02,12,14,139,,34,07,312,,0*7B
$GBGSV,3,1,09,12,22,099,27,19,24,070,31,20,15,118,23,22,10,019,16,3*73
$GBGSV,3,2,09,24,24,230,28,29,24,120,42,31,35,257,18,35,60,181,28,3*70
$GBGSV,3,3,09,39,31,000,48,3*49
$GBGSV,3,1,09,12,22,099,28,19,24,070,39,20,15,118,23,22,10,019,22,5*75
$GBGSV,3,2,09,24,24,230,29,29,24,120,40,31,35,257,15,35,60,181,19,5*7A
$GBGSV,3,3,09,39,31,000,46,5*41
$GBGSV,3,1,09,12,22,099,25,19,24,070,34,22,10,019,31,24,24,230,26,8*70
$GBGSV,3,2,09,26,53,281,16,29,24,120,43,31,35,257,20,35,60,181,24,8*78
$GBGSV,3,3,09,39,31,000,44,8*4E
$GBGSV,1,1,01,11,04,112,,0*40
$GNGLL,3001.74358,S,05112.75096,W,170325.00,A,A*7F
$GNRMC,170326.00,A,3001.74358,S,05112.75096,W,0.027,,090926,,,A,V*1E
$GNVTG,,T,,M,0.027,N,0.050,K,A*3D
$GNGGA,170326.00,3001.74358,S,05112.75096,W,1,12,0.61,49.2,M,4.8,M,,*4E
$GNGSA,M,3,18,23,25,26,28,29,31,05,12,13,,,1.17,0.61,1.00,1*00
$GNGSA,M,3,84,83,82,80,,,,,,,,,1.17,0.61,1.00,2*0A
$GNGSA,M,3,25,36,10,11,16,,,,,,,,1.17,0.61,1.00,3*0A
$GNGSA,M,3,12,19,22,24,26,29,31,35,39,,,,1.17,0.61,1.00,4*05
$GPGSV,3,1,09,05,37,124,45,12,20,036,41,13,14,031,21,18,67,259,17,1*6F
$GPGSV,3,2,09,23,25,356,46,25,53,021,50,26,26,226,23,29,57,148,30,1*6F
$GPGSV,3,3,09,31,21,260,28,1*52
$GPGSV,3,1,09,05,37,124,40,12,20,036,29,13,14,031,17,18,67,259,23,6*61
$GPGSV,3,2,09,23,25,356,43,25,53,021,46,28,23,292,21,29,57,148,26,6*6B
$GPGSV,3,3,09,31,21,260,22,6*5F
$GPGSV,2,1,05,18,67,259,19,23,25,356,46,25,53,021,53,26,26,226,17,8*65
$GPGSV,2,2,05,28,23,292,28,8*50
$GPGSV,1,1,03,15,09,058,,20,01,085,,21,08,142,,0*54
$GLGSV,3,1,09,66,01,154,08,68,09,055,19,73,57,243,23,74,14,209,17,1*7C
$GLGSV,3,2,09,79,01,017,13,80,49,355,48,82,25,145,30,83,53,210,20,1*73
$GLGSV,3,3,09,84,24,276,18,1*41
$GLGSV,2,1,08,67,15,104,08,68,09,055,21,73,57,243,19,79,01,017,11,3*7F
$GLGSV,2,2,08,80,49,355,42,82,25,145,33,83,53,210,15,84,24,276,14,3*79
$GAGSV,2,1,06,10,37,143,39,11,65,157,28,14,22,091,26,16,39,044,39,1*7D
$GAGSV,2,2,06,25,88,159,34,36,57,300,25,1*7D
$GAGSV,1,1,02,10,37,143,35,16,39,044,47,5*78
$GAGSV,2,1,06,02,32,221,16,10,37,143,34,14,22,091,29,16,39,044,44,7*7C
$GAGSV,2,2,06,25,88,159,34,36,57,300,19,7*74
$GAGSV,1,1,02,12,14,139,,34,07,312,,0*7B
$GBGSV,3,1,09,12,22,099,27,19,24,070,31,20,15,118,23,22,10,019,17,3*72
$GBGSV,3,2,09,24,24,230,28,29,24,120,42,31,35,257,18,35,60,181,28,3*70
$GBGSV,3,3,09,39,31,000,48,3*49
$GBGSV,3,1,09,12,22,099,28,19,24,070,39,20,15,118,23,22,10,019,22,5*75
$GBGSV,3,2,09,24,24,230,29,29,24,120,40,31,35,257,16,35,60,181,20,5*73
$GBGSV,3,3,09,39,31,000,46,5*41
$GBGSV,3,1,09,12,22,099,26,19,24,070,34,22,10,019,32,24,24,230,26,8*70
$GBGSV,3,2,09,26,53,281,17,29,24,120,43,31,35,257,21,35,60,181,23,8*7F
$GBGSV,3,3,09,39,31,000,44,8*4E
$GBGSV,1,1,01,11,04,112,,0*40
$GNGLL,3001.74358,S,05112.75096,W,170326.00,A,A*7C
$GNRMC,170327.00,A,3001.74359,S,05112.75098,W,0.046,,090926,,,A,V*17
$GNVTG,,T,,M,0.046,N,0.084,K,A*33
$GNGGA,170327.00,3001.74359,S,05112.75098,W,1,12,0.61,49.2,M,4.8,M,,*40
$GNGSA,M,3,18,23,25,26,28,29,31,05,12,13,,,1.17,0.61,1.00,1*00
$GNGSA,M,3,84,83,82,80,,,,,,,,,1.17,0.61,1.00,2*0A
$GNGSA,M,3,25,36,10,11,16,,,,,,,,1.17,0.61,1.00,3*0A
$GNGSA,M,3,12,19,22,24,26,29,31,35,39,,,,1.17,0.61,1.00,4*05
$GPGSV,3,1,09,05,37,124,45,12,20,036,41,13,14,031,21,18,67,259,18,1*60
$GPGSV,3,2,09,23,25,356,46,25,53,021,50,26,26,226,24,29,57,148,30,1*68
$GPGSV,3,3,09,31,21,260,28,1*52
$GPGSV,3,1,09,05,37,124,40,12,20,036,29,13,14,031,15,18,67,259,23,6*63
$GPGSV,3,2,09,23,25,356,43,25,53,021,46,28,23,292,22,29,57,148,26,6*68
$GPGSV,3,3,09,31,21,260,22,6*5F
$GPGSV,2,1,05,18,67,259,19,23,25,356,46,25,53,021,53,26,26,226,18,8*6A
$GPGSV,2,2,05,28,23,292,28,8*50
$GPGSV,1,1,03,15,09,058,,20,01,085,,21,08,142,,0*54
$GLGSV,3,1,09,66,01,154,08,68,09,055,18,73,57,243,22,74,14,209,17,1*7C
$GLGSV,3,2,09,79,01,017,11,80,49,355,48,82,25,145,30,83,53,210,19,1*7B
$GLGSV,3,3,09,84,24,276,19,1*40
$GLGSV,2,1,08,67,15,104,08,68,09,055,22,73,57,243,20,79,01,017,13,3*74
$GLGSV,2,2,08,80,49,355,42,82,25,145,33,83,53,210,14,84,24,276,15,3*79
$GAGSV,2,1,06,10,37,143,39,11,65,157,28,14,22,091,26,16,39,044,39,1*7D
$GAGSV,2,2,06,25,88,159,34,36,57,300,25,1*7D
$GAGSV,1,1,02,10,37,143,35,16,39,044,47,5*78
$GAGSV,2,1,06,02,32,221,15,10,37,143,34,14,22,091,29,16,39,044,44,7*7F
$GAGSV,2,2,06,25,88,159,34,36,57,300,19,7*74
$GAGSV,1,1,02,12,14,139,,34,07,312,,0*7B
$GBGSV,3,1,09,12,22,099,27,19,24,070,31,20,15,118,23,22,10,019,17,3*72
$GBGSV,3,2,09,24,24,230,27,29,24,120,42,31,35,257,18,35,60,181,28,3*7F
$GBGSV,3,3,09,39,31,000,48,3*49
$GBGSV,3,1,10,12,22,099,29,19,24,070,39,20,15,118,23,22,10,019,22,5*7C
$GBGSV,3,2,10,24,24,230,29,26,53,281,13,29,24,120,40,31,35,257,16,5*7A
$GBGSV,3,3,10,35,60,181,20,39,31,000,46,5*73
$GBGSV,3,1,09,12,22,099,27,19,24,070,34,22,10,019,31,24,24,230,26,8*72
$GBGSV,3,2,09,26,53,281,18,29,24,120,43,31,35,257,21,35,60,181,23,8*70
$GBGSV,3,3,09,39,31,000,44,8*4E
$GBGSV,1,1,01,11,04,112,,0*40
$GNGLL,3001.74359,S,05112.75098,W,170327.00,A,A*72
$GNRMC,170328.00,A,3001.74360,S,05112.75099,W,0.044,,090926,,,A,V*11
$GNVTG,,T,,M,0.044,N,0.082,K,A*37
$GNGGA,170328.00,3001.74360,S,05112.75099,W,1,12,0.61,49.2,M,4.8,M,,*44
$GNGSA,M,3,18,23,25,26,28,29,31,05,12,13,,,1.17,0.61,1.00,1*00
$GNGSA,M,3,84,83,82,80,,,,,,,,,1.17,0.61,1.00,2*0A
$GNGSA,M,3,25,36,10,11,16,,,,,,,,1.17,0.61,1.00,3*0A
$GNGSA,M,3,12,19,22,24,26,29,31,35,39,,,,1.17,0.61,1.00,4*05
$GPGSV,3,1,09,05,37,124,45,12,20,036,41,13,14,031,21,18,67,259,17,1*6F
$GPGSV,3,2,09,23,25,356,46,25,53,021,50,26,26,226,24,29,57,148,30,1*68
$GPGSV,3,3,09,31,21,260,28,1*52
$GPGSV,3,1,09,05,37,124,40,12,20,036,29,13,14,031,14,18,67,259,23,6*62
$GPGSV,3,2,09,23,25,356,43,25,53,021,46,28,23,292,22,29,57,148,26,6*68
$GPGSV,3,3,09,31,21,260,22,6*5F
$GPGSV,2,1,05,18,67,259,19,23,25,356,46,25,53,021,53,26,26,226,19,8*6B
$GPGSV,2,2,05,28,23,292,28,8*50
$GPGSV,1,1,03,15,09,058,,20,01,085,,21,08,142,,0*54
$GLGSV,3,1,09,66,01,154,08,68,09,055,17,73,57,243,22,74,14,209,16,1*72
$GLGSV,3,2,09,79,01,017,09,80,49,355,48,82,25,145,30,83,53,210,18,1*73
$GLGSV,3,3,09,84,24,276,18,1*41
$GLGSV,2,1,08,67,15,104,07,68,09,055,22,73,57,243,20,79,01,017,13,3*7B
$GLGSV,2,2,08,80,49,355,42,82,25,145,33,83,53,210,12,84,24,276,17,3*7D
$GAGSV,2,1,06,10,37,143,39,11,65,157,28,14,22,091,26,16,39,044,39,1*7D
$GAGSV,2,2,06,25,88,159,34,36,57,300,25,1*7D
$GAGSV,1,1,02,10,37,143,35,16,39,044,47,5*78
$GAGSV,2,1,06,02,32,221,13,10,37,143,35,14,22,091,28,16,39,044,44,7*79
$GAGSV,2,2,06,25,88,159,34,36,57,300,19,7*74
$GAGSV,1,1,02,12,14,139,,34,07,312,,0*7B
$GBGSV,3,1,09,12,22,099,27,19,24,070,31,20,15,118,23,22,10,019,17,3*72
$GBGSV,3,2,09,24,24,230,26,29,24,120,42,31,35,257,17,35,60,181,28,3*71
$GBGSV,3,3,09,39,31,000,48,3*49
$GBGSV,3,1,10,12,22,099,29,19,24,070,39,20,15,118,23,22,10,019,22,5*7C
$GBGSV,3,2,10,24,24,230,29,26,53,281,13,29,24,120,40,31,35,257,16,5*7A
$GBGSV,3,3,10,35,60,181,20,39,31,000,46,5*73
$GBGSV,3,1,09,12,22,099,27,19,24,070,34,22,10,019,31,24,24,230,26,8*72
$GBGSV,3,2,09,26,53,281,18,29,24,120,43,31,35,257,20,35,60,181,23,8*71
$GBGSV,3,3,09,39,31,000,44,8*4E
$GBGSV,1,1,01,11,04,112,,0*40
$GNGLL,3001.74360,S,05112.75099,W,170328.00,A,A*76
$GNRMC,170329.00,A,3001.74360,S,05112.75100,W,0.062,,090926,,,A,V*15
$GNVTG,,T,,M,0.062,N,0.114,K,A*3D
$GNGGA,170329.00,3001.74360,S,05112.75100,W,1,12,0.61,49.2,M,4.8,M,,*44
$GNGSA,M,3,18,23,25,26,28,29,31,05,12,13,,,1.17,0.61,1.00,1*00
$GNGSA,M,3,84,83,82,80,,,,,,,,,1.17,0.61,1.00,2*0A
$GNGSA,M,3,25,36,10,11,16,,,,,,,,1.17,0.61,1.00,3*0A
$GNGSA,M,3,12,19,22,24,26,29,31,35,39,,,,1.17,0.61,1.00,4*05
$GPGSV,3,1,09,05,37,124,45,12,20,036,41,13,14,031,21,18,67,259,15,1*6D
$GPGSV,3,2,09,23,25,356,46,25,53,021,50,26,26,226,23,29,57,148,31,1*6E
$GPGSV,3,3,09,31,21,260,28,1*52
$GPGSV,3,1,09,05,37,124,40,12,20,036,29,13,14,031,16,18,67,259,23,6*60
$GPGSV,3,2,09,23,25,356,43,25,53,021,45,28,23,292,23,29,57,148,26,6*6A
$GPGSV,3,3,09,31,21,260,22,6*5F
$GPGSV,1,1,04,23,25,356,46,25,53,021,53,26,26,226,19,28,23,292,28,8*6F
$GPGSV,1,1,03,15,09,058,,20,01,085,,21,08,142,,0*54
$GLGSV,3,1,09,66,01,154,07,68,09,055,16,73,57,243,21,74,14,209,16,1*7F
$GLGSV,3,2,09,79,01,017,08,80,49,355,48,82,25,145,30,83,53,210,17,1*7D
$GLGSV,3,3,09,84,24,276,18,1*41
$GLGSV,2,1,08,67,15,104,07,68,09,055,22,73,57,243,21,79,01,017,13,3*7A
$GLGSV,2,2,08,80,49,355,42,82,25,145,34,83,53,210,11,84,24,276,17,3*79
$GAGSV,2,1,06,10,37,143,39,11,65,157,28,14,22,091,26,16,39,044,39,1*7D
$GAGSV,2,2,06,25,88,159,34,36,57,300,25,1*7D
$GAGSV,1,1,02,10,37,143,35,16,39,044,47,5*78
$GAGSV,2,1,07,02,32,221,12,10,37,143,35,11,65,157,23,14,22,091,28,7*75
$GAGSV,2,2,07,16,39,044,44,25,88,159,34,36,57,300,18,7*49
$GAGSV,1,1,02,12,14,139,,34,07,312,,0*7B
$GBGSV,3,1,09,12,22,099,26,19,24,070,31,20,15,118,23,22,10,019,17,3*73
$GBGSV,3,2,09,24,24,230,26,29,24,120,42,31,35,257,17,35,60,181,28,3*71
$GBGSV,3,3,09,39,31,000,48,3*49
$GBGSV,3,1,10,12,22,099,29,19,24,070,39,20,15,118,23,22,10,019,22,5*7C
$GBGSV,3,2,10,24,24,230,29,26,53,281,13,29,24,120,40,31,35,257,17,5*7B
$GBGSV,3,3,10,35,60,181,20,39,31,000,46,5*73
$GBGSV,3,1,09,12,22,099,28,19,24,070,34,22,10,019,31,24,24,230,26,8*7D
$GBGSV,3,2,09,26,53,281,17,29,24,120,43,31,35,257,20,35,60,181,23,8*7E
$GBGSV,3,3,09,39,31,000,44,8*4E
$GBGSV,1,1,01,11,04,112,,0*40
$GNGLL,3001.74360,S,05112.75100,W,170329.00,A,A*76
$GNRMC,170330.00,A,3001.74361,S,05112.75101,W,0.026,,090926,,,A,V*1D
$GNVTG,,T,,M,0.026,N,0.048,K,A*35
$GNGGA,170330.00,3001.74361,S,05112.75101,W,1,12,0.61,49.2,M,4.8,M,,*4C
$GNGSA,M,3,18,23,25,26,28,29,31,05,12,13,,,1.17,0.61,1.00,1*00
$GNGSA,M,3,84,83,82,80,,,,,,,,,1.17,0.61,1.00,2*0A
$GNGSA,M,3,25,36,10,11,16,,,,,,,,1.17,0.61,1.00,3*0A
$GNGSA,M,3,12,19,22,24,26,29,31,35,39,,,,1.17,0.61,1.00,4*05
$GPGSV,3,1,09,05,37,124,45,12,20,036,41,13,14,031,22,18,67,259,15,1*6E
$GPGSV,3,2,09,23,25,356,46,25,53,021,50,26,26,226,22,29,57,148,30,1*6E
$GPGSV,3,3,09,31,21,260,28,1*52
$GPGSV,3,1,09,05,37,124,40,12,20,036,29,13,14,031,17,18,67,259,22,6*60
$GPGSV,3,2,09,23,25,356,43,25,53,021,46,28,23,292,23,29,57,148,26,6*69
$GPGSV,3,3,09,31,21,260,22,6*5F
$GPGSV,2,1,05,18,67,259,27,23,25,356,46,25,53,021,53,26,26,226,19,8*66
$GPGSV,2,2,05,28,23,292,28,8*50
$GPGSV,1,1,03,15,09,058,,20,01,085,,21,08,142,,0*54
$GLGSV,3,1,09,66,01,154,08,68,09,055,17,73,57,243,20,74,14,209,16,1*70
$GLGSV,3,2,09,79,01,017,07,80,49,355,48,82,25,145,30,83,53,210,16,1*73
$GLGSV,3,3,09,84,24,276,19,1*40
$GLGSV,2,1,08,67,15,104,08,68,09,055,22,73,57,243,21,79,01,017,14,3*72
$GLGSV,2,2,08,80,49,355,42,82,25,145,34,83,53,210,11,84,24,276,18,3*76
$GAGSV,2,1,06,10,37,143,39,11,65,157,28,14,22,091,26,16,39,044,39,1*7D
$GAGSV,2,2,06,25,88,159,34,36,57,300,25,1*7D
$GAGSV,1,1,02,10,37,143,35,16,39,044,47,5*78
$GAGSV,2,1,07,02,32,221,13,10,37,143,35,11,65,157,22,14,22,091,29,7*74
$GAGSV,2,2,07,16,39,044,44,25,88,159,34,36,57,300,18,7*49
$GAGSV,1,1,02,12,14,139,,34,07,312,,0*7B
$GBGSV,3,1,09,12,22,099,26,19,24,070,31,20,15,118,23,22,10,019,16,3*72
$GBGSV,3,2,09,24,24,230,25,29,24,120,42,31,35,257,16,35,60,181,28,3*73
$GBGSV,3,3,09,39,31,000,48,3*49
$GBGSV,3,1,10,12,22,099,29,19,24,070,39,20,15,118,23,22,10,019,23,5*7D
$GBGSV,3,2,10,24,24,230,29,26,53,281,13,29,24,120,40,31,35,257,16,5*7A
$GBGSV,3,3,10,35,60,181,20,39,31,000,46,5*73
$GBGSV,3,1,09,12,22,099,28,19,24,070,34,22,10,019,32,24,24,230,26,8*7E
$GBGSV,3,2,09,26,53,281,17,29,24,120,43,31,35,257,20,35,60,181,22,8*7F
$GBGSV,3,3,09,39,31,000,44,8*4E
$GBGSV,1,1,01,11,04,112,,0*40
$GNGLL,3001.74361,S,05112.75101,W,170330.00,A,A*7E
$GNRMC,170331.00,A,3001.74360,S,05112.75101,W,0.007,,090926,,,A,V*1E
$GNVTG,,T,,M,0.007,N,0.013,K,A*38
$GNGGA,170331.00,3001.74360,S,05112.75101,W,1,12,0.61,49.3,M,4.8,M,,*4D
$GNGSA,M,3,18,23,25,26,28,29,31,05,12,13,,,1.17,0.61,1.00,1*00
$GNGSA,M,3,84,83,82,80,,,,,,,,,1.17,0.61,1.00,2*0A
$GNGSA,M,3,25,36,10,11,16,,,,,,,,1.17,0.61,1.00,3*0A
$GNGSA,M,3,12,19,22,24,26,29,31,35,39,,,,1.17,0.61,1.00,4*05
$GPGSV,3,1,09,05,37,124,45,12,20,036,41,13,14,031,21,18,67,259,12,1*6A
$GPGSV,3,2,09,23,25,356,46,25,53,021,50,26,26,226,22,29,57,148,30,1*6E
$GPGSV,3,3,09,31,21,260,28,1*52
$GPGSV,3,1,09,05,37,124,40,12,20,036,29,13,14,031,17,18,67,259,23,6*61
$GPGSV,3,2,09,23,25,356,43,25,53,021,46,28,23,292,24,29,57,148,26,6*6E
$GPGSV,3,3,09,31,21,260,21,6*5C
$GPGSV,2,1,05,18,67,259,26,23,25,356,46,25,53,021,53,26,26,226,19,8*67
$GPGSV,2,2,05,28,23,292,28,8*50
$GPGSV,1,1,03,15,09,058,,20,01,085,,21,08,142,,0*54
$GLGSV,3,1,10,66,01,154,10,67,15,104,17,68,09,055,19,73,57,243,19,1*79
$GLGSV,3,2,10,74,14,209,15,79,01,017,10,80,49,355,48,82,25,145,30,1*7D
$GLGSV,3,3,10,83,53,210,15,84,24,276,20,1*78
$GLGSV,2,1,08,67,15,104,09,68,09,055,22,73,57,243,21,79,01,017,14,3*73
$GLGSV,2,2,08,80,49,355,42,82,25,145,34,83,53,210,09,84,24,276,18,3*7F
$GAGSV,2,1,06,10,37,143,39,11,65,157,28,14,22,091,26,16,39,044,39,1*7D
$GAGSV,2,2,06,25,88,159,34,36,57,300,25,1*7D
$GAGSV,1,1,02,10,37,143,35,16,39,044,47,5*78
$GAGSV,2,1,07,02,32,221,14,10,37,143,34,11,65,157,21,14,22,091,28,7*70
$GAGSV,2,2,07,16,39,044,44,25,88,159,34,36,57,300,17,7*46
$GAGSV,1,1,02,12,14,139,,34,07,312,,0*7B
$GBGSV,3,1,09,12,22,099,26,19,24,070,31,20,15,118,23,22,10,019,16,3*72
$GBGSV,3,2,09,24,24,230,24,29,24,120,42,31,35,257,15,35,60,181,28,3*71
$GBGSV,3,3,09,39,31,000,48,3*49
$GBGSV,3,1,10,12,22,099,29,19,24,070,39,20,15,118,23,22,10,019,23,5*7D
$GBGSV,3,2,10,24,24,230,29,26,53,281,13,29,24,120,40,31,35,257,15,5*79
$GBGSV,3,3,10,35,60,181,20,39,31,000,46,5*73
$GBGSV,3,1,09,12,22,099,29,19,24,070,34,22,10,019,31,24,24,230,25,8*7F
$GBGSV,3,2,09,26,53,281,16,29,24,120,43,31,35,257,20,35,60,181,22,8*7E
$GBGSV,3,3,09,39,31,000,44,8*4E
$GBGSV,1,1,01,11,04,112,,0*40
$GNGLL,3001.74360,S,05112.75101,W,170331.00,A,A*7E
$GNRMC,170332.00,A,3001.74361,S,05112.75102,W,0.021,,090926,,,A,V*1B
$GNVTG,,T,,M,0.021,N,0.040,K,A*3A
$GNGGA,170332.00,3001.74361,S,05112.75102,W,1,12,0.61,49.3,M,4.8,M,,*4C
$GNGSA,M,3,18,23,25,26,28,29,31,05,12,13,,,1.17,0.61,1.00,1*00
$GNGSA,M,3,84,83,82,80,,,,,,,,,1.17,0.61,1.00,2*0A
$GNGSA,M,3,25,36,10,11,16,,,,,,,,1.17,0.61,1.00,3*0A
$GNGSA,M,3,12,19,22,24,26,29,31,35,39,,,,1.17,0.61,1.00,4*05
$GPGSV,3,1,09,05,37,124,45,12,20,036,41,13,14,031,21,18,67,259,09,1*60
$GPGSV,3,2,09,23,25,356,46,25,53,021,50,26,26,226,22,29,57,148,30,1*6E
$GPGSV,3,3,09,31,21,260,28,1*52
$GPGSV,3,1,09,05,37,124,40,12,20,036,29,13,14,031,17,18,67,259,23,6*61
$GPGSV,3,2,09,23,25,356,43,25,53,021,46,28,23,292,24,29,57,148,26,6*6E
$GPGSV,3,3,09,31,21,260,21,6*5C
$GPGSV,2,1,05,18,67,259,25,23,25,356,46,25,53,021,53,26,26,226,19,8*64
$GPGSV,2,2,05,28,23,292,28,8*50
$GPGSV,1,1,03,15,09,058,,20,01,085,,21,08,142,,0*54
$GLGSV,3,1,10,66,01,154,09,67,15,104,17,68,09,055,20,73,57,243,18,1*7A
$GLGSV,3,2,10,74,14,209,12,79,01,017,07,80,49,355,48,82,25,145,31,1*7D
$GLGSV,3,3,10,83,53,210,15,84,24,276,20,1*78
$GLGSV,2,1,08,67,15,104,08,68,09,055,22,73,57,243,20,79,01,017,14,3*73
$GLGSV,2,2,08,80,49,355,42,82,25,145,34,83,53,210,09,84,24,276,18,3*7F
$GAGSV,2,1,06,10,37,143,39,11,65,157,28,14,22,091,27,16,39,044,39,1*7C
$GAGSV,2,2,06,25,88,159,34,36,57,300,25,1*7D
$GAGSV,1,1,02,10,37,143,35,16,39,044,47,5*78
$GAGSV,2,1,07,02,32,221,15,10,37,143,35,11,65,157,21,14,22,091,28,7*70
$GAGSV,2,2,07,16,39,044,44,25,88,159,34,36,57,300,17,7*46
$GAGSV,1,1,02,12,14,139,,34,07,312,,0*7B
$GBGSV,3,1,09,12,22,099,25,19,24,070,32,20,15,118,23,22,10,019,16,3*72
$GBGSV,3,2,09,24,24,230,21,29,24,120,42,31,35,257,15,35,60,181,28,3*74
$GBGSV,3,3,09,39,31,000,48,3*49
$GBGSV,3,1,10,12,22,099,29,19,24,070,39,20,15,118,23,22,10,019,23,5*7D
$GBGSV,3,2,10,24,24,230,29,26,53,281,14,29,24,120,40,31,35,257,15,5*7E
$GBGSV,3,3,10,35,60,181,21,39,31,000,46,5*72
$GBGSV,3,1,09,12,22,099,29,19,24,070,34,22,10,019,31,24,24,230,26,8*7C
$GBGSV,3,2,09,26,53,281,17,29,24,120,43,31,35,257,21,35,60,181,23,8*7F
$GBGSV,3,3,09,39,31,000,44,8*4E
$GBGSV,1,1,01,11,04,112,,0*40
$GNGLL,3001.74361,S,05112.75102,W,170332.00,A,A*7F
$GNRMC,170333.00,A,3001.74360,S,05112.75101,W,0.005,,090926,,,A,V*1E
$GNVTG,,T,,M,0.005,N,0.010,K,A*39
$GNGGA,170333.00,3001.74360,S,05112.75101,W,1,12,0.61,49.3,M,4.8,M,,*4F
$GNGSA,M,3,18,23,25,26,28,29,31,05,12,13,,,1.17,0.61,1.00,1*00
$GNGSA,M,3,84,82,80,,,,,,,,,,1.17,0.61,1.00,2*01
$GNGSA,M,3,25,36,10,11,16,,,,,,,,1.17,0.61,1.00,3*0A
$GNGSA,M,3,12,19,22,24,26,29,31,35,39,,,,1.17,0.61,1.00,4*05
$GPGSV,3,1,09,05,37,124,45,12,20,036,41,13,14,031,22,18,67,259,11,1*6A
$GPGSV,3,2,09,23,25,356,46,25,53,021,50,26,26,226,22,29,57,148,30,1*6E
$GPGSV,3,3,09,31,21,260,28,1*52
$GPGSV,3,1,09,05,37,124,40,12,20,036,29,13,14,031,17,18,67,259,22,6*60
$GPGSV,3,2,09,23,25,356,43,25,53,021,46,28,23,292,24,29,57,148,26,6*6E
$GPGSV,3,3,09,31,21,260,21,6*5C
$GPGSV,2,1,05,18,67,259,25,23,25,356,46,25,53,021,53,26,26,226,19,8*64
$GPGSV,2,2,05,28,23,292,28,8*50
$GPGSV,1,1,03,15,09,058,,20,01,085,,21,08,142,,0*54
$GLGSV,3,1,10,66,01,154,08,67,15,104,18,68,09,055,20,73,57,243,16,1*7A
$GLGSV,3,2,10,74,14,209,08,79,01,017,08,80,49,355,48,82,25,145,30,1*78
$GLGSV,3,3,10,83,53,210,13,84,24,276,20,1*7E
$GLGSV,2,1,08,67,15,104,07,68,09,055,21,73,57,243,20,79,01,017,15,3*7E
$GLGSV,2,2,08,80,49,355,42,82,25,145,34,83,53,210,08,84,24,276,19,3*7F
$GAGSV,2,1,06,10,37,143,39,11,65,157,28,14,22,091,26,16,39,044,39,1*7D
$GAGSV,2,2,06,25,88,159,34,36,57,300,25,1*7D
$GAGSV,1,1,02,10,37,143,35,16,39,044,47,5*78
$GAGSV,2,1,07,02,32,221,16,10,37,143,35,11,65,157,21,14,22,091,28,7*73
$GAGSV,2,2,07,16,39,044,44,25,88,159,34,36,57,300,17,7*46
$GAGSV,1,1,02,12,14,139,,34,07,312,,0*7B
$GBGSV,3,1,09,12,22,099,25,19,24,070,32,20,15,118,23,22,10,019,17,3*73
$GBGSV,3,2,09,24,24,230,19,29,24,120,42,31,35,257,15,35,60,181,28,3*7F
$GBGSV,3,3,09,39,31,000,48,3*49
$GBGSV,3,1,10,12,22,099,29,19,24,070,39,20,15,118,22,22,10,019,23,5*7C
$GBGSV,3,2,10,24,24,230,29,26,53,281,13,29,24,120,40,31,35,257,16,5*7A
$GBGSV,3,3,10,35,60,181,21,39,31,000,46,5*72
$GBGSV,3,1,10,12,22,099,30,19,24,070,34,20,15,118,15,22,10,019,31,8*73
$GBGSV,3,2,10,24,24,230,26,26,53,281,17,29,24,120,43,31,35,257,21,8*7B
$GBGSV,3,3,10,35,60,181,22,39,31,000,44,8*7E
$GBGSV,1,1,01,11,04,112,,0*40
$GNGLL,3001.74360,S,05112.75101,W,170333.00,A,A*7C
$GNRMC,170334.00,A,3001.74361,S,05112.75100,W,0.005,,090926,,,A,V*19
$GNVTG,,T,,M,0.005,N,0.009,K,A*31
$GNGGA,170334.00,3001.74361,S,05112.75100,W,1,12,0.60,49.3,M,4.8,M,,*49
$GNGSA,M,3,18,23,25,26,28,29,31,05,12,13,,,1.16,0.60,0.99,1*01
$GNGSA,M,3,84,82,80,,,,,,,,,,1.16,0.60,0.99,2*00
$GNGSA,M,3,25,36,10,11,16,,,,,,,,1.16,0.60,0.99,3*0B
$GNGSA,M,3,12,19,22,24,26,29,31,35,39,,,,1.16,0.60,0.99,4*04
$GPGSV,3,1,09,05,37,124,45,12,20,036,41,13,14,031,21,18,67,259,10,1*68
$GPGSV,3,2,09,23,25,356,46,25,53,021,50,26,26,226,23,29,57,148,30,1*6F
$GPGSV,3,3,09,31,21,260,29,1*53
$GPGSV,3,1,09,05,37,124,40,12,20,036,29,13,14,031,18,18,67,259,23,6*6E
$GPGSV,3,2,09,23,25,356,43,25,53,021,46,28,23,292,24,29,57,148,26,6*6E
$GPGSV,3,3,09,31,21,260,22,6*5F
$GPGSV,2,1,05,18,67,259,25,23,25,356,46,25,53,021,53,26,26,226,20,8*6E
$GPGSV,2,2,05,28,23,292,28,8*50
$GPGSV,1,1,03,15,09,058,,20,01,085,,21,08,142,,0*54
$GLGSV,3,1,10,66,01,154,08,67,15,104,19,68,09,055,21,73,57,243,14,1*78
$GLGSV,3,2,10,74,14,209,08,79,01,017,12,80,49,355,48,82,25,145,30,1*73
$GLGSV,3,3,10,83,53,210,12,84,24,276,19,1*75
$GLGSV,2,1,08,67,15,104,07,68,09,055,21,73,57,243,20,79,01,017,15,3*7E
$GLGSV,2,2,08,80,49,355,42,82,25,145,34,83,53,210,07,84,24,276,20,3*7A
$GAGSV,2,1,06,10,37,143,39,11,65,157,28,14,22,091,26,16,39,044,39,1*7D
$GAGSV,2,2,06,25,88,159,34,36,57,300,25,1*7D
$GAGSV,1,1,02,10,37,143,35,16,39,044,47,5*78
$GAGSV,2,1,07,02,32,221,17,10,37,143,35,11,65,157,22,14,22,091,28,7*71
$GAGSV,2,2,07,16,39,044,44,25,88,159,34,36,57,300,17,7*46
$GAGSV,1,1,02,12,14,139,,34,07,312,,0*7B
$GBGSV,3,1,09,12,22,099,25,19,24,070,32,20,15,118,23,22,10,019,18,3*7C
$GBGSV,3,2,09,24,24,230,17,29,24,120,42,31,35,257,15,35,60,181,28,3*71
$GBGSV,3,3,09,39,31,000,48,3*49
$GBGSV,3,1,10,12,22,099,29,19,24,070,39,20,15,118,22,22,10,019,23,5*7C
$GBGSV,3,2,10,24,24,230,29,26,53,281,15,29,24,120,40,31,35,257,17,5*7D
$GBGSV,3,3,10,35,60,181,21,39,31,000,46,5*72
$GBGSV,3,1,10,12,22,099,31,19,24,070,35,20,15,118,14,22,10,019,31,8*72
$GBGSV,3,2,10,24,24,230,26,26,53,281,16,29,24,120,43,31,35,257,21,8*7A
$GBGSV,3,3,10,35,60,181,22,39,31,000,44,8*7E
$GBGSV,1,1,01,11,04,112,,0*40
$GNGLL,3001.74361,S,05112.75100,W,170334.00,A,A*7B
$GNRMC,170335.00,A,3001.74360,S,05112.75100,W,0.011,,090926,,,A,V*1C
$GNVTG,,T,,M,0.011,N,0.020,K,A*3F
$GNGGA,170335.00,3001.74360,S,05112.75100,W,1,12,0.61,49.3,M,4.8,M,,*48
$GNGSA,M,3,18,23,25,26,28,29,31,05,12,13,,,1.17,0.61,1.00,1*00
$GNGSA,M,3,84,82,80,,,,,,,,,,1.17,0.61,1.00,2*01
$GNGSA,M,3,25,36,10,11,16,,,,,,,,1.17,0.61,1.00,3*0A
$GNGSA,M,3,12,19,22,24,26,29,31,35,39,,,,1.17,0.61,1.00,4*05
$GPGSV,3,1,09,05,37,124,45,12,20,036,41,13,14,031,20,18,67,259,09,1*61
$GPGSV,3,2,09,23,25,356,46,25,53,021,50,26,26,226,22,29,57,148,30,1*6E
$GPGSV,3,3,09,31,21,260,29,1*53
$GPGSV,3,1,09,05,37,124,40,12,20,036,29,13,14,031,18,18,67,259,22,6*6F
$GPGSV,3,2,09,23,25,356,43,25,53,021,45,28,23,292,25,29,57,148,26,6*6C
$GPGSV,3,3,09,31,21,260,22,6*5F
$GPGSV,2,1,05,18,67,259,25,23,25,356,46,25,53,021,53,26,26,226,19,8*64
$GPGSV,2,2,05,28,23,292,28,8*50
$GPGSV,1,1,03,15,09,058,,20,01,085,,21,08,142,,0*54
$GLGSV,3,1,10,66,01,154,08,67,15,104,19,68,09,055,21,73,57,243,14,1*78
$GLGSV,3,2,10,74,14,209,08,79,01,017,14,80,49,355,49,82,25,145,31,1*75
$GLGSV,3,3,10,83,53,210,13,84,24,276,19,1*74
$GLGSV,2,1,08,67,15,104,22,68,09,055,20,73,57,243,21,79,01,017,15,3*79
$GLGSV,2,2,08,80,49,355,42,82,25,145,34,83,53,210,06,84,24,276,20,3*7B
$GAGSV,2,1,06,10,36,143,39,11,65,157,28,14,22,091,26,16,39,044,39,1*7C
$GAGSV,2,2,06,25,88,159,34,36,57,300,25,1*7D
$GAGSV,1,1,02,10,36,143,35,16,39,044,47,5*79
$GAGSV,2,1,07,02,32,221,17,10,36,143,34,11,65,157,22,14,22,091,28,7*71
$GAGSV,2,2,07,16,39,044,44,25,88,159,34,36,57,300,16,7*47
$GAGSV,1,1,02,12,14,139,,34,07,312,,0*7B
$GBGSV,3,1,09,12,22,099,24,19,24,070,32,20,15,118,22,22,10,019,18,3*7C
$GBGSV,3,2,09,24,24,230,16,29,24,120,42,31,35,257,14,35,60,181,29,3*70
$GBGSV,3,3,09,39,31,000,48,3*49
$GBGSV,3,1,10,12,22,099,29,19,24,070,39,20,15,118,22,22,10,019,23,5*7C
$GBGSV,3,2,10,24,24,230,29,26,53,281,14,29,24,120,40,31,35,257,18,5*73
$GBGSV,3,3,10,35,60,181,21,39,31,000,46,5*72
$GBGSV,3,1,10,12,22,099,31,19,24,070,35,20,15,118,13,22,10,019,31,8*75
$GBGSV,3,2,10,24,24,230,26,26,53,281,16,29,24,120,43,31,35,257,20,8*7B
$GBGSV,3,3,10,35,60,181,22,39,31,000,44,8*7E
$GBGSV,1,1,01,11,04,112,,0*40
$GNGLL,3001.74360,S,05112.75100,W,170335.00,A,A*7B
$GNRMC,170336.00,A,3001.74361,S,05112.75100,W,0.014,,090926,,,A,V*1B
$GNVTG,,T,,M,0.014,N,0.027,K,A*3D
$GNGGA,170336.00,3001.74361,S,05112.75100,W,1,12,0.71,49.3,M,4.8,M,,*4B
$GNGSA,M,3,18,23,25,26,28,29,31,05,12,13,,,1.31,0.71,1.10,1*04
$GNGSA,M,3,84,83,82,80,,,,,,,,,1.31,0.71,1.10,2*0E
$GNGSA,M,3,25,36,10,11,16,,,,,,,,1.31,0.71,1.10,3*0E
$GNGSA,M,3,12,19,22,24,26,29,31,35,39,,,,1.31,0.71,1.10,4*01
$GPGSV,3,1,09,05,37,124,45,12,20,036,41,13,14,031,20,18,67,259,08,1*60
$GPGSV,3,2,09,23,25,356,46,25,53,021,50,26,26,226,22,29,57,148,30,1*6E
$GPGSV,3,3,09,31,21,260,29,1*53
$GPGSV,3,1,09,05,37,124,40,12,20,036,29,13,14,031,18,18,67,259,21,6*6C
$GPGSV,3,2,09,23,25,356,43,25,53,021,46,28,23,292,25,29,57,148,26,6*6F
$GPGSV,3,3,09,31,21,260,22,6*5F
$GPGSV,2,1,05,18,67,259,25,23,25,356,46,25,53,021,53,26,26,226,19,8*64
$GPGSV,2,2,05,28,23,292,27,8*5F
$GPGSV,1,1,03,15,09,058,,20,01,085,,21,08,142,,0*54
$GLGSV,3,1,10,66,01,154,08,67,15,104,21,68,09,055,22,73,57,243,15,1*71
$GLGSV,3,2,10,74,14,209,08,79,01,017,14,80,49,355,49,82,25,145,31,1*75
$GLGSV,3,3,10,83,53,210,15,84,24,276,18,1*73
$GLGSV,2,1,08,67,15,104,23,68,09,055,19,73,57,243,21,79,01,017,16,3*71
$GLGSV,2,2,08,80,49,355,42,82,25,145,34,83,53,210,08,84,24,276,20,3*75
$GAGSV,2,1,06,10,36,143,39,11,65,156,28,14,22,091,26,16,39,044,39,1*7D
$GAGSV,2,2,06,25,88,159,34,36,57,300,25,1*7D
$GAGSV,1,1,02,10,36,143,35,16,39,044,47,5*79
$GAGSV,2,1,07,02,32,221,18,10,36,143,34,11,65,156,21,14,22,091,28,7*7C
$GAGSV,2,2,07,16,39,044,44,25,88,159,34,36,57,300,16,7*47
$GAGSV,1,1,02,12,14,139,,34,07,312,,0*7B
$GBGSV,3,1,09,12,22,099,23,19,24,070,32,20,15,118,22,22,10,019,18,3*7B
$GBGSV,3,2,09,24,24,230,16,29,24,120,42,31,35,257,12,35,60,181,28,3*77
$GBGSV,3,3,09,39,31,000,48,3*49
$GBGSV,3,1,10,12,22,099,29,19,24,070,39,20,15,118,22,22,10,019,23,5*7C
$GBGSV,3,2,10,24,24,230,29,26,53,281,13,29,24,120,40,31,35,257,17,5*7B
$GBGSV,3,3,10,35,60,181,21,39,31,000,46,5*72
$GBGSV,3,1,10,12,22,099,31,19,24,070,34,20,15,118,13,22,10,019,31,8*74
$GBGSV,3,2,10,24,24,230,26,26,53,281,16,29,24,120,43,31,35,257,20,8*7B
$GBGSV,3,3,10,35,60,181,22,39,31,000,44,8*7E
$GBGSV,1,1,01,11,04,112,,0*40
$GNGLL,3001.74361,S,05112.75100,W,170336.00,A,A*79
$GNRMC,170337.00,A,3001.74361,S,05112.75100,W,0.014,,090926,,,A,V*1A
$GNVTG,,T,,M,0.014,N,0.026,K,A*3C
$GNGGA,170337.00,3001.74361,S,05112.75100,W,1,12,0.71,49.3,M,4.8,M,,*4A
$GNGSA,M,3,18,23,25,26,28,29,31,05,12,13,,,1.31,0.71,1.10,1*04
$GNGSA,M,3,84,83,82,80,,,,,,,,,1.31,0.71,1.10,2*0E
$GNGSA,M,3,25,36,10,11,16,,,,,,,,1.31,0.71,1.10,3*0E
$GNGSA,M,3,12,19,22,24,26,29,31,35,39,,,,1.31,0.71,1.10,4*01
$GPGSV,3,1,09,05,37,124,45,12,20,036,41,13,14,031,20,18,67,259,09,1*61
$GPGSV,3,2,09,23,25,356,46,25,53,021,50,26,26,226,23,29,57,148,30,1*6F
$GPGSV,3,3,09,31,21,260,28,1*52
$GPGSV,3,1,09,05,37,124,40,12,20,036,29,13,14,031,18,18,67,259,21,6*6C
$GPGSV,3,2,09,23,25,356,43,25,53,021,46,28,23,292,24,29,57,148,26,6*6E
$GPGSV,3,3,09,31,21,260,22,6*5F
$GPGSV,2,1,05,18,67,259,25,23,25,356,46,25,53,021,53,26,26,226,19,8*64
$GPGSV,2,2,05,28,23,292,28,8*50
$GPGSV,1,1,03,15,09,058,,20,01,085,,21,08,142,,0*54
$GLGSV,3,1,10,66,01,154,09,67,15,104,21,68,09,055,23,73,57,243,17,1*73
$GLGSV,3,2,10,74,14,209,08,79,01,017,13,80,49,355,49,82,25,145,31,1*72
$GLGSV,3,3,10,83,53,210,15,84,24,276,19,1*72
$GLGSV,2,1,08,67,15,104,22,68,09,055,18,73,57,243,21,79,01,017,16,3*71
$GLGSV,2,2,08,80,49,355,42,82,25,145,34,83,53,210,11,84,24,276,21,3*7C
$GAGSV,2,1,06,10,36,143,39,11,65,156,28,14,22,091,26,16,39,044,39,1*7D
$GAGSV,2,2,06,25,88,159,34,36,57,300,25,1*7D
$GAGSV,1,1,02,10,36,143,35,16,39,044,47,5*79
$GAGSV,2,1,07,02,32,221,19,10,36,143,35,11,65,156,21,14,22,091,28,7*7C
$GAGSV,2,2,07,16,39,044,44,25,88,159,35,36,57,300,16,7*46
$GAGSV,1,1,02,12,14,138,,34,07,312,,0*7A
$GBGSV,3,1,09,12,22,099,23,19,24,070,32,20,15,118,22,22,10,019,18,3*7B
$GBGSV,3,2,09,24,24,230,18,29,24,120,42,31,35,257,10,35,60,181,29,3*7A
$GBGSV,3,3,09,39,31,000,48,3*49
$GBGSV,3,1,10,12,22,099,29,19,24,070,39,20,15,118,21,22,10,019,23,5*7F
$GBGSV,3,2,10,24,24,230,29,26,53,281,13,29,24,120,40,31,35,257,17,5*7B
$GBGSV,3,3,10,35,60,181,21,39,31,000,46,5*72
$GBGSV,3,1,10,12,22,099,31,19,24,070,35,20,15,118,14,22,10,019,31,8*72
$GBGSV,3,2,10,24,24,230,26,26,53,281,16,29,24,120,43,31,35,257,20,8*7B
$GBGSV,3,3,10,35,60,181,21,39,31,000,44,8*7D
$GBGSV,1,1,01,11,04,112,,0*40
$GNGLL,3001.74361,S,05112.75100,W,170337.00,A,A*78
$GNRMC,170338.00,A,3001.74361,S,05112.75100,W,0.024,,090926,,,A,V*16
$GNVTG,,T,,M,0.024,N,0.045,K,A*3A
$GNGGA,170338.00,3001.74361,S,05112.75100,W,1,12,0.71,49.3,M,4.8,M,,*45
$GNGSA,M,3,18,23,25,26,28,29,31,05,12,13,,,1.31,0.71,1.10,1*04
$GNGSA,M,3,84,83,82,80,,,,,,,,,1.31,0.71,1.10,2*0E
$GNGSA,M,3,25,36,10,11,16,,,,,,,,1.31,0.71,1.10,3*0E
$GNGSA,M,3,12,19,20,22,24,26,29,31,35,39,,,1.31,0.71,1.10,4*03
$GPGSV,2,1,08,05,37,124,45,12,20,036,41,13,14,031,20,23,25,356,46,1*6A
$GPGSV,2,2,08,25,53,021,50,26,26,226,22,29,57,148,30,31,21,260,28,1*65
$GPGSV,1,1,01,26,26,226,16,5*50
$GPGSV,3,1,09,05,37,124,40,12,20,036,29,13,14,031,19,18,67,259,20,6*6C
$GPGSV,3,2,09,23,25,356,43,25,53,021,46,28,23,292,25,29,57,148,25,6*6C
$GPGSV,3,3,09,31,21,260,22,6*5F
$GPGSV,2,1,05,18,67,259,25,23,25,356,46,25,53,021,53,26,26,226,19,8*64
$GPGSV,2,2,05,28,23,292,28,8*50
$GPGSV,1,1,03,15,09,058,,20,01,085,,21,08,142,,0*54
$GLGSV,3,1,10,66,01,154,10,67,15,104,22,68,09,055,23,73,57,243,18,1*77
$GLGSV,3,2,10,74,14,209,08,79,01,017,11,80,49,355,49,82,25,145,31,1*70
$GLGSV,3,3,10,83,53,210,15,84,24,276,19,1*72
$GLGSV,2,1,08,67,15,104,22,68,09,055,17,73,57,243,21,79,01,017,16,3*7E
$GLGSV,2,2,08,80,49,355,42,82,25,145,34,83,53,210,09,84,24,276,21,3*75
$GAGSV,2,1,06,10,36,143,39,11,65,156,28,14,22,091,26,16,39,044,39,1*7D
$GAGSV,2,2,06,25,88,159,34,36,57,300,25,1*7D
$GAGSV,1,1,02,10,36,143,35,16,39,044,47,5*79
$GAGSV,2,1,07,02,32,221,18,10,36,143,35,11,65,156,20,14,22,091,28,7*7C
$GAGSV,2,2,07,16,39,044,44,25,88,159,34,36,57,300,17,7*46
$GAGSV,1,1,02,12,14,138,,34,07,312,,0*7A
$GBGSV,3,1,09,12,22,099,23,19,24,070,32,20,15,118,21,22,10,019,19,3*79
$GBGSV,3,2,09,24,24,230,21,29,24,120,42,31,35,257,09,35,60,181,29,3*78
$GBGSV,3,3,09,39,31,000,48,3*49
$GBGSV,3,1,10,12,22,099,29,19,24,070,39,20,15,118,21,22,10,019,23,5*7F
$GBGSV,3,2,10,24,24,230,28,26,53,281,13,29,24,120,40,31,35,257,17,5*7A
$GBGSV,3,3,10,35,60,181,22,39,31,000,46,5*71
$GBGSV,3,1,10,12,22,099,32,19,24,070,35,20,15,118,15,22,10,019,31,8*70
$GBGSV,3,2,10,24,24,230,26,26,53,281,16,29,24,120,43,31,35,257,21,8*7A
$GBGSV,3,3,10,35,60,181,21,39,31,000,44,8*7D
$GBGSV,1,1,01,11,04,112,,0*40
$GNGLL,3001.74361,S,05112.75100,W,170338.00,A,A*77
$GNRMC,170339.00,A,3001.74361,S,05112.75101,W,0.053,,090926,,,A,V*16
$GNVTG,,T,,M,0.053,N,0.097,K,A*35
$GNGGA,170339.00,3001.74361,S,05112.75101,W,1,12,0.71,49.3,M,4.8,M,,*45
$GNGSA,M,3,18,23,25,26,28,29,31,05,12,13,,,1.31,0.71,1.10,1*04
$GNGSA,M,3,84,82,80,,,,,,,,,,1.31,0.71,1.10,2*05
$GNGSA,M,3,25,36,10,11,16,,,,,,,,1.31,0.71,1.10,3*0E
$GNGSA,M,3,12,19,20,22,24,26,29,31,35,39,,,1.31,0.71,1.10,4*03
$GPGSV,2,1,08,05,37,124,45,12,20,036,41,13,14,031,19,23,25,356,46,1*60
$GPGSV,2,2,08,25,53,021,50,26,26,226,21,29,57,148,31,31,21,260,28,1*67
$GPGSV,1,1,01,26,26,226,16,5*50
$GPGSV,3,1,09,05,37,124,40,12,20,036,29,13,14,031,19,18,67,259,19,6*66
$GPGSV,3,2,09,23,25,356,43,25,53,021,46,28,23,292,25,29,57,148,25,6*6C
$GPGSV,3,3,09,31,21,260,23,6*5E
$GPGSV,2,1,05,18,67,259,25,23,25,356,46,25,53,021,53,26,26,226,19,8*64
$GPGSV,2,2,05,28,23,292,28,8*50
$GPGSV,1,1,03,15,09,058,,20,01,085,,21,08,142,,0*54
$GLGSV,3,1,10,66,01,154,11,67,15,104,23,68,09,055,23,73,57,243,18,1*77
$GLGSV,3,2,10,74,14,209,10,79,01,017,12,80,49,355,49,82,25,145,31,1*7A
$GLGSV,3,3,10,83,53,210,13,84,24,276,20,1*7E
$GLGSV,2,1,08,67,15,104,23,68,09,055,17,73,57,243,22,79,01,017,15,3*7F
$GLGSV,2,2,08,80,49,355,42,82,25,145,34,83,53,210,07,84,24,276,20,3*7A
$GAGSV,2,1,06,10,36,143,39,11,65,156,28,14,22,090,27,16,39,044,39,1*7D
$GAGSV,2,2,06,25,88,159,34,36,57,300,25,1*7D
$GAGSV,1,1,02,10,36,143,35,16,39,044,47,5*79
$GAGSV,2,1,07,02,32,221,18,10,36,143,35,11,65,156,20,14,22,090,28,7*7D
$GAGSV,2,2,07,16,39,044,44,25,88,159,35,36,57,300,17,7*47
$GAGSV,1,1,02,12,14,138,,34,07,312,,0*7A
$GBGSV,3,1,09,12,22,099,23,19,24,070,32,20,15,118,21,22,10,019,19,3*79
$GBGSV,3,2,09,24,24,230,24,29,24,120,42,31,35,257,07,35,60,181,29,3*73
$GBGSV,3,3,09,39,31,000,48,3*49
$GBGSV,3,1,10,12,22,099,29,19,24,070,39,20,15,118,21,22,10,019,23,5*7F
$GBGSV,3,2,10,24,24,230,28,26,53,281,13,29,24,120,40,31,35,257,16,5*7B
$GBGSV,3,3,10,35,60,181,22,39,31,000,46,5*71
$GBGSV,3,1,10,12,22,099,32,19,24,070,35,20,15,118,15,22,10,019,31,8*70
$GBGSV,3,2,10,24,24,230,26,26,53,281,16,29,24,120,43,31,35,257,21,8*7A
$GBGSV,3,3,10,35,60,181,20,39,31,000,44,8*7C
$GBGSV,1,1,01,11,04,112,,0*40
$GNGLL,3001.74361,S,05112.75101,W,170339.00,A,A*77
$GNRMC,170340.00,A,3001.74361,S,05112.75101,W,0.020,,090926,,,A,V*1C
$GNVTG,,T,,M,0.020,N,0.037,K,A*3B
$GNGGA,170340.00,3001.74361,S,05112.75101,W,1,12,0.71,49.3,M,4.8,M,,*4B
$GNGSA,M,3,18,23,25,26,28,29,31,05,12,13,,,1.31,0.71,1.10,1*04
$GNGSA,M,3,84,82,80,,,,,,,,,,1.31,0.71,1.10,2*05
$GNGSA,M,3,25,36,10,11,16,,,,,,,,1.31,0.71,1.10,3*0E
$GNGSA,M,3,12,19,22,24,26,29,31,35,39,,,,1.31,0.71,1.10,4*01
$GPGSV,2,1,08,05,37,124,45,12,20,036,41,13,14,031,19,23,25,356,46,1*60
$GPGSV,2,2,08,25,53,021,50,26,26,226,20,29,57,148,31,31,21,260,27,1*69
$GPGSV,3,1,10,05,37,124,40,12,20,036,29,13,14,031,20,18,67,259,19,6*64
$GPGSV,3,2,10,23,25,356,43,25,53,021,46,26,26,226,16,28,23,292,25,6*66
$GPGSV,3,3,10,29,57,148,26,31,21,260,23,6*66
$GPGSV,2,1,05,18,67,259,25,23,25,356,46,25,53,021,53,26,26,226,20,8*6E
$GPGSV,2,2,05,28,23,292,27,8*5F
$GPGSV,1,1,03,15,09,058,,20,01,085,,21,08,142,,0*54
$GLGSV,3,1,10,66,01,154,10,67,15,104,25,68,09,055,22,73,57,243,18,1*71
$GLGSV,3,2,10,74,14,209,08,79,01,017,10,80,49,355,49,82,25,145,31,1*71
$GLGSV,3,3,10,83,53,210,11,84,24,276,20,1*7C
$GLGSV,2,1,08,67,15,104,23,68,09,055,16,73,57,243,21,79,01,017,13,3*7B
$GLGSV,2,2,08,80,49,355,42,82,25,145,34,83,53,210,06,84,24,276,19,3*71
$GAGSV,2,1,06,10,36,143,39,11,65,156,28,14,22,090,26,16,39,044,39,1*7C
$GAGSV,2,2,06,25,88,159,34,36,57,300,25,1*7D
$GAGSV,1,1,02,10,36,143,35,16,39,044,47,5*79
$GAGSV,2,1,07,02,32,221,19,10,36,143,35,11,65,156,20,14,22,090,28,7*7C
$GAGSV,2,2,07,16,39,044,44,25,88,159,35,36,57,300,16,7*46
$GAGSV,1,1,02,12,14,138,,34,07,312,,0*7A
$GBGSV,3,1,09,12,22,099,23,19,24,070,31,20,15,118,20,22,10,019,19,3*7B
$GBGSV,3,2,09,24,24,230,26,29,24,120,42,31,35,257,07,35,60,181,29,3*71
$GBGSV,3,3,09,39,31,000,48,3*49
$GBGSV,3,1,10,12,22,099,29,19,24,070,39,20,15,118,20,22,10,019,23,5*7E
$GBGSV,3,2,10,24,24,230,28,26,53,281,13,29,24,120,40,31,35,257,16,5*7B
$GBGSV,3,3,10,35,60,181,21,39,31,000,46,5*72
$GBGSV,3,1,10,12,22,099,32,19,24,070,35,20,15,118,14,22,10,019,31,8*71
$GBGSV,3,2,10,24,24,230,25,26,53,281,17,29,24,120,42,31,35,257,21,8*79
$GBGSV,3,3,10,35,60,181,20,39,31,000,44,8*7C
$GBGSV,1,1,01,11,04,112,,0*40
$GNGLL,3001.74361,S,05112.75101,W,170340.00,A,A*79
$GNRMC,170341.00,A,3001.74361,S,05112.75101,W,0.014,,090926,,,A,V*1A
$GNVTG,,T,,M,0.014,N,0.027,K,A*3D
$GNGGA,170341.00,3001.74361,S,05112.75101,W,1,12,0.71,49.4,M,4.8,M,,*4D
$GNGSA,M,3,18,23,25,26,28,29,31,05,12,13,,,1.31,0.71,1.10,1*04
$GNGSA,M,3,84,82,80,,,,,,,,,,1.31,0.71,1.10,2*05
$GNGSA,M,3,25,36,10,11,16,,,,,,,,1.31,0.71,1.10,3*0E
$GNGSA,M,3,12,19,22,24,26,29,31,35,39,,,,1.31,0.71,1.10,4*01
$GPGSV,2,1,08,05,37,124,45,12,20,036,41,13,14,031,19,23,25,356,46,1*60
$GPGSV,2,2,08,25,53,021,50,26,26,226,21,29,57,148,31,31,21,260,27,1*68
$GPGSV,3,1,10,05,37,124,41,12,20,036,29,13,14,031,20,18,67,259,19,6*65
$GPGSV,3,2,10,23,25,356,43,25,53,021,46,26,26,226,15,28,23,292,25,6*65
$GPGSV,3,3,10,29,57,148,26,31,21,260,23,6*66
$GPGSV,2,1,05,18,67,259,26,23,25,356,46,25,53,021,53,26,26,226,20,8*6D
$GPGSV,2,2,05,28,23,292,27,8*5F
$GPGSV,1,1,03,15,09,058,,20,01,085,,21,08,142,,0*54
$GLGSV,3,1,10,66,01,154,08,67,15,104,25,68,09,055,23,73,57,243,19,1*78
$GLGSV,3,2,10,74,14,209,07,79,01,017,08,80,49,355,49,82,25,145,31,1*77
$GLGSV,3,3,10,83,53,210,10,84,24,276,19,1*77
$GLGSV,2,1,08,67,15,104,23,68,09,055,15,73,57,243,21,79,01,017,14,3*7F
$GLGSV,2,2,08,80,49,355,42,82,25,145,34,83,53,210,11,84,24,276,17,3*79
$GAGSV,2,1,06,10,36,143,39,11,65,156,28,14,22,090,27,16,39,044,39,1*7D
$GAGSV,2,2,06,25,88,159,34,36,57,300,25,1*7D
$GAGSV,1,1,02,10,36,143,35,16,39,044,47,5*79
$GAGSV,2,1,07,02,32,221,20,10,36,143,35,11,65,156,20,14,22,090,28,7*76
$GAGSV,2,2,07,16,39,044,44,25,88,159,35,36,57,300,16,7*46
$GAGSV,1,1,02,12,14,138,,34,07,312,,0*7A
$GBGSV,3,1,09,12,22,099,23,19,24,070,31,20,15,118,20,22,10,019,19,3*7B
$GBGSV,3,2,09,24,24,230,26,29,24,120,42,31,35,257,07,35,60,181,29,3*71
$GBGSV,3,3,09,39,31,000,48,3*49
$GBGSV,3,1,10,12,22,099,29,19,24,070,39,20,15,118,20,22,10,019,23,5*7E
$GBGSV,3,2,10,24,24,230,28,26,53,281,13,29,24,120,40,31,35,257,16,5*7B
$GBGSV,3,3,10,35,60,181,22,39,31,000,47,5*70
$GBGSV,3,1,10,12,22,099,32,19,24,070,35,20,15,118,13,22,10,019,31,8*76
$GBGSV,3,2,10,24,24,230,25,26,53,281,17,29,24,120,42,31,35,257,21,8*79
$GBGSV,3,3,10,35,60,181,20,39,31,000,44,8*7C
$GBGSV,1,1,01,11,04,112,,0*40
$GNGLL,3001.74361,S,05112.75101,W,170341.00,A,A*78
$GNRMC,170342.00,A,3001.74361,S,05112.75101,W,0.020,,090926,,,A,V*1E
$GNVTG,,T,,M,0.020,N,0.037,K,A*3B
$GNGGA,170342.00,3001.74361,S,05112.75101,W,1,12,0.71,49.4,M,4.8,M,,*4E
$GNGSA,M,3,18,23,25,26,28,29,31,05,12,13,,,1.31,0.71,1.10,1*04
$GNGSA,M,3,84,82,80,,,,,,,,,,1.31,0.71,1.10,2*05
$GNGSA,M,3,25,36,10,11,16,,,,,,,,1.31,0.71,1.10,3*0E
$GNGSA,M,3,12,19,22,24,26,29,31,35,39,,,,1.31,0.71,1.10,4*01
$GPGSV,2,1,08,05,37,124,45,12,20,036,41,13,14,031,19,23,25,356,46,1*60
$GPGSV,2,2,08,25,53,021,50,26,26,226,21,29,57,148,31,31,21,260,28,1*67
$GPGSV,3,1,10,05,37,124,40,12,20,036,29,13,14,031,20,18,67,259,20,6*6E
$GPGSV,3,2,10,23,25,356,43,25,53,021,46,26,26,226,14,28,23,292,26,6*67
$GPGSV,3,3,10,29,57,148,26,31,21,260,24,6*61
$GPGSV,2,1,05,18,67,259,26,23,25,356,46,25,53,021,53,26,26,226,20,8*6D
$GPGSV,2,2,05,28,23,292,27,8*5F
$GPGSV,1,1,03,15,09,058,,20,01,085,,21,08,142,,0*54
$GLGSV,3,1,10,66,01,154,07,67,15,104,26,68,09,055,23,73,57,243,20,1*7E
$GLGSV,3,2,10,74,14,209,08,79,01,017,09,80,49,355,49,82,25,145,31,1*79
$GLGSV,3,3,10,83,53,210,08,84,24,276,19,1*7E
$GLGSV,2,1,08,67,15,104,23,68,09,055,14,73,57,243,21,79,01,017,14,3*7E
$GLGSV,2,2,08,80,49,355,41,82,25,145,34,83,53,210,11,84,24,276,17,3*7A
$GAGSV,2,1,06,10,36,143,39,11,65,156,28,14,22,090,26,16,39,044,39,1*7C
$GAGSV,2,2,06,25,88,159,34,36,57,300,25,1*7D
$GAGSV,1,1,02,10,36,143,35,16,39,044,47,5*79
$GAGSV,2,1,07,02,32,221,19,10,36,143,35,11,65,156,20,14,22,090,28,7*7C
$GAGSV,2,2,07,16,39,044,44,25,88,159,35,36,57,300,17,7*47
$GAGSV,1,1,02,12,14,138,,34,07,312,,0*7A
$GBGSV,3,1,09,12,22,099,23,19,24,070,31,20,15,118,20,22,10,019,19,3*7B
$GBGSV,3,2,09,24,24,230,27,29,24,120,42,31,35,257,08,35,60,181,29,3*7F
$GBGSV,3,3,09,39,31,000,48,3*49
$GBGSV,3,1,10,12,22,099,29,19,24,070,39,20,15,118,20,22,10,019,23,5*7E
$GBGSV,3,2,10,24,24,230,28,26,53,281,14,29,24,120,40,31,35,257,16,5*7C
$GBGSV,3,3,10,35,60,181,22,39,31,000,46,5*71
$GBGSV,3,1,10,12,22,099,32,19,24,070,35,20,15,118,14,22,10,019,31,8*71
$GBGSV,3,2,10,24,24,230,26,26,53,281,17,29,24,120,42,31,35,257,22,8*79
$GBGSV,3,3,10,35,60,181,20,39,31,000,44,8*7C
$GBGSV,1,1,01,11,04,112,,0*40
$GNGLL,3001.74361,S,05112.75101,W,170342.00,A,A*7B
$GNRMC,170343.00,A,3001.74362,S,05112.75102,W,0.028,,090926,,,A,V*17
$GNVTG,,T,,M,0.028,N,0.051,K,A*33
$GNGGA,170343.00,3001.74362,S,05112.75102,W,1,12,0.71,49.3,M,4.8,M,,*48
$GNGSA,M,3,18,23,25,26,28,29,31,05,12,13,,,1.31,0.71,1.10,1*04
$GNGSA,M,3,84,82,80,,,,,,,,,,1.31,0.71,1.10,2*05
$GNGSA,M,3,25,36,10,11,16,,,,,,,,1.31,0.71,1.10,3*0E
$GNGSA,M,3,12,19,22,24,26,29,31,35,39,,,,1.31,0.71,1.10,4*01
$GPGSV,3,1,09,05,37,124,45,12,20,036,41,13,14,031,19,23,25,356,46,1*60
$GPGSV,3,2,09,25,53,021,50,26,26,226,21,28,23,292,19,29,57,148,31,1*62
$GPGSV,3,3,09,31,21,260,28,1*52
$GPGSV,3,1,10,05,37,124,40,12,20,036,28,13,14,031,20,18,67,259,20,6*6F
$GPGSV,3,2,10,23,25,356,43,25,53,021,46,26,26,226,14,28,23,292,26,6*67
$GPGSV,3,3,10,29,57,148,26,31,21,260,25,6*60
$GPGSV,2,1,05,18,67,259,26,23,25,356,46,25,53,021,53,26,26,226,19,8*67
$GPGSV,2,2,05,28,23,292,27,8*5F
$GPGSV,1,1,03,15,09,058,,20,01,085,,21,08,142,,0*54
$GLGSV,3,1,10,66,01,154,08,67,15,104,26,68,09,055,23,73,57,243,21,1*70
$GLGSV,3,2,10,74,14,209,09,79,01,017,09,80,49,355,49,82,25,145,31,1*78
$GLGSV,3,3,10,83,53,210,08,84,24,276,20,1*74
$GLGSV,2,1,08,67,15,104,23,68,09,055,13,73,57,243,21,79,01,017,14,3*79
$GLGSV,2,2,08,80,49,355,41,82,25,145,34,83,53,210,09,84,24,276,17,3*73
$GAGSV,2,1,06,10,36,143,39,11,65,156,28,14,22,090,26,16,39,044,39,1*7C
$GAGSV,2,2,06,25,88,159,34,36,57,300,25,1*7D
$GAGSV,1,1,02,10,36,143,35,16,39,044,47,5*79
$GAGSV,2,1,07,02,32,221,19,10,36,143,35,11,65,156,20,14,22,090,27,7*73
$GAGSV,2,2,07,16,39,044,44,25,88,159,35,36,57,300,17,7*47
$GAGSV,1,1,02,12,14,138,,34,07,312,,0*7A
$GBGSV,3,1,09,12,22,099,23,19,24,070,31,20,15,118,20,22,10,019,19,3*7B
$GBGSV,3,2,09,24,24,230,28,29,24,120,42,31,35,257,13,35,60,181,29,3*7A
$GBGSV,3,3,09,39,31,000,48,3*49
$GBGSV,3,1,10,12,22,099,29,19,24,070,39,20,15,118,20,22,10,019,23,5*7E
$GBGSV,3,2,10,24,24,230,28,26,53,281,14,29,24,120,39,31,35,257,15,5*71
$GBGSV,3,3,10,35,60,181,22,39,31,000,46,5*71
$GBGSV,3,1,10,12,22,099,32,19,24,070,35,20,15,118,14,22,10,019,31,8*71
$GBGSV,3,2,10,24,24,230,25,26,53,281,17,29,24,120,42,31,35,257,21,8*79
$GBGSV,3,3,10,35,60,181,20,39,31,000,44,8*7C
$GBGSV,1,1,01,11,04,112,,0*40
$GNGLL,3001.74362,S,05112.75102,W,170343.00,A,A*7A
$GNRMC,170344.00,A,3001.74362,S,05112.75102,W,0.006,,090926,,,A,V*1C
$GNVTG,,T,,M,0.006,N,0.012,K,A*38
$GNGGA,170344.00,3001.74362,S,05112.75102,W,1,12,0.68,49.3,M,4.8,M,,*47
$GNGSA,M,3,18,23,25,26,28,29,31,05,12,13,,,1.29,0.68,1.10,1*05
$GNGSA,M,3,84,82,80,,,,,,,,,,1.29,0.68,1.10,2*04
$GNGSA,M,3,25,36,10,11,16,,,,,,,,1.29,0.68,1.10,3*0F
$GNGSA,M,3,12,19,22,24,26,29,31,35,39,,,,1.29,0.68,1.10,4*00
$GPGSV,3,1,09,05,37,124,45,12,20,036,41,13,14,031,19,23,25,356,46,1*60
$GPGSV,3,2,09,25,53,021,50,26,26,226,20,28,23,292,20,29,57,148,32,1*6A
$GPGSV,3,3,09,31,21,260,27,1*5D
$GPGSV,3,1,10,05,37,124,41,12,20,036,28,13,14,031,20,18,67,259,21,6*6F
$GPGSV,3,2,10,23,25,356,43,25,53,021,46,26,26,226,15,28,23,292,26,6*66
$GPGSV,3,3,10,29,57,148,26,31,21,260,25,6*60
$GPGSV,2,1,05,18,67,259,26,23,25,356,46,25,53,021,53,26,26,226,20,8*6D
$GPGSV,2,2,05,28,23,292,28,8*50
$GPGSV,1,1,03,15,09,058,,20,01,085,,21,08,142,,0*54
$GLGSV,3,1,10,66,01,154,07,67,15,104,27,68,09,055,22,73,57,243,21,1*7F
$GLGSV,3,2,10,74,14,209,08,79,01,017,13,80,49,355,49,82,25,145,31,1*72
$GLGSV,3,3,10,83,53,210,10,84,24,276,20,1*7D
$GLGSV,2,1,08,67,15,104,23,68,09,055,13,73,57,243,21,79,01,017,15,3*78
$GLGSV,2,2,08,80,49,355,41,82,25,145,34,83,53,210,12,84,24,276,17,3*79
$GAGSV,2,1,06,10,36,143,39,11,65,156,28,14,22,090,27,16,39,044,39,1*7D
$GAGSV,2,2,06,25,88,159,34,36,57,300,25,1*7D
$GAGSV,1,1,02,10,36,143,35,16,39,044,47,5*79
$GAGSV,2,1,07,02,32,221,18,10,36,143,34,11,65,156,20,14,22,090,27,7*73
$GAGSV,2,2,07,16,39,044,44,25,88,159,35,36,57,300,18,7*48
$GAGSV,1,1,02,12,14,138,,34,07,312,,0*7A
$GBGSV,3,1,09,12,22,099,23,19,24,070,31,20,15,118,20,22,10,019,20,3*71
$GBGSV,3,2,09,24,24,230,29,29,24,120,42,31,35,257,08,35,60,181,29,3*71
$GBGSV,3,3,09,39,31,000,48,3*49
$GBGSV,3,1,10,12,22,099,28,19,24,070,39,20,15,118,20,22,10,019,23,5*7F
$GBGSV,3,2,10,24,24,230,28,26,53,281,15,29,24,120,39,31,35,257,15,5*70
$GBGSV,3,3,10,35,60,181,21,39,31,000,46,5*72
$GBGSV,3,1,10,12,22,099,32,19,24,070,35,20,15,118,14,22,10,019,31,8*71
$GBGSV,3,2,10,24,24,230,25,26,53,281,17,29,24,120,42,31,35,257,22,8*7A
$GBGSV,3,3,10,35,60,181,20,39,31,000,44,8*7C
$GBGSV,1,1,01,11,04,112,,0*40
$GNGLL,3001.74362,S,05112.75102,W,170344.00,A,A*7D
$GNRMC,170345.00,A,3001.74362,S,05112.75101,W,0.017,,090926,,,A,V*1E
$GNVTG,,T,,M,0.017,N,0.031,K,A*39
$GNGGA,170345.00,3001.74362,S,05112.75101,W,1,12,0.68,49.4,M,4.8,M,,*42
$GNGSA,M,3,18,23,25,26,28,29,31,05,12,13,,,1.29,0.68,1.10,1*05
$GNGSA,M,3,84,82,80,,,,,,,,,,1.29,0.68,1.10,2*04
$GNGSA,M,3,25,36,10,11,16,,,,,,,,1.29,0.68,1.10,3*0F
$GNGSA,M,3,12,19,22,24,26,29,31,35,39,,,,1.29,0.68,1.10,4*00
$GPGSV,3,1,09,05,37,124,45,12,20,036,41,13,14,031,19,23,25,356,46,1*60
$GPGSV,3,2,09,25,53,021,50,26,26,226,20,28,23,292,21,29,57,148,31,1*68
$GPGSV,3,3,09,31,21,260,27,1*5D
$GPGSV,3,1,10,05,37,124,41,12,20,036,28,13,14,031,21,18,67,259,21,6*6E
$GPGSV,3,2,10,23,25,356,43,25,53,021,46,26,26,226,15,28,23,292,26,6*66
$GPGSV,3,3,10,29,57,148,26,31,21,260,25,6*60
$GPGSV,2,1,05,18,67,259,26,23,25,356,46,25,53,021,53,26,26,226,20,8*6D
$GPGSV,2,2,05,28,23,292,28,8*50
$GPGSV,1,1,03,15,09,058,,20,01,085,,21,08,142,,0*54
$GLGSV,3,1,10,66,01,154,19,67,15,104,27,68,09,055,22,73,57,243,21,1*70
$GLGSV,3,2,10,74,14,209,07,79,01,017,10,80,49,355,49,82,25,145,31,1*7E
$GLGSV,3,3,10,83,53,210,10,84,24,276,19,1*77
$GLGSV,2,1,08,67,15,104,22,68,09,055,13,73,57,243,21,79,01,017,16,3*7A
$GLGSV,2,2,08,80,49,355,41,82,25,145,34,83,53,210,12,84,24,276,16,3*78
$GAGSV,2,1,06,10,36,143,39,11,65,156,28,14,22,090,27,16,39,044,39,1*7D
$GAGSV,2,2,06,25,88,143,34,36,57,300,25,1*76
$GAGSV,1,1,03,10,36,143,35,16,39,044,47,25,88,143,27,5*4C
$GAGSV,2,1,07,02,32,221,18,10,36,143,34,11,65,156,20,14,22,090,27,7*73
$GAGSV,2,2,07,16,39,044,44,25,88,143,35,36,57,300,18,7*43
$GAGSV,1,1,02,12,14,138,,34,07,312,,0*7A
$GBGSV,3,1,09,12,22,099,23,19,24,070,31,20,15,118,19,22,10,019,20,3*7B
$GBGSV,3,2,09,24,24,230,29,29,24,120,42,31,35,257,11,35,60,181,29,3*79
$GBGSV,3,3,09,39,31,000,48,3*49
$GBGSV,3,1,10,12,22,099,28,19,24,070,39,20,15,118,19,22,10,019,23,5*75
$GBGSV,3,2,10,24,24,230,28,26,53,281,15,29,24,120,39,31,35,257,16,5*73
$GBGSV,3,3,10,35,60,181,21,39,31,000,46,5*72
$GBGSV,3,1,10,12,22,099,33,19,24,070,35,20,15,118,13,22,10,019,31,8*77
$GBGSV,3,2,10,24,24,230,25,26,53,281,18,29,24,120,42,31,35,257,21,8*76
$GBGSV,3,3,10,35,60,181,19,39,31,000,44,8*76
$GBGSV,1,1,01,11,04,112,,0*40
$GNGLL,3001.74362,S,05112.75101,W,170345.00,A,A*7F
$GNRMC,170346.00,A,3001.74362,S,05112.75101,W,0.018,,090926,,,A,V*12
$GNVTG,,T,,M,0.018,N,0.033,K,A*34
$GNGGA,170346.00,3001.74362,S,05112.75101,W,1,12,0.73,49.4,M,4.8,M,,*4B
$GNGSA,M,3,18,23,25,26,28,29,31,05,12,13,,,1.37,0.73,1.16,1*06
$GNGSA,M,3,84,82,80,,,,,,,,,,1.37,0.73,1.16,2*07
$GNGSA,M,3,25,36,10,11,16,,,,,,,,1.37,0.73,1.16,3*0C
$GNGSA,M,3,12,19,22,24,26,29,31,35,39,,,,1.37,0.73,1.16,4*03
$GPGSV,3,1,09,05,37,124,45,12,20,036,41,13,14,031,19,23,25,356,46,1*60
$GPGSV,3,2,09,25,53,021,50,26,26,226,21,28,23,292,22,29,57,148,32,1*69
$GPGSV,3,3,09,31,21,260,27,1*5D
$GPGSV,3,1,10,05,37,124,41,12,20,036,28,13,14,031,20,18,67,259,21,6*6F
$GPGSV,3,2,10,23,25,356,43,25,53,021,46,26,26,226,14,28,23,292,27,6*66
$GPGSV,3,3,10,29,57,148,26,31,21,260,25,6*60
$GPGSV,2,1,05,18,67,259,26,23,25,356,46,25,53,021,53,26,26,226,19,8*67
$GPGSV,2,2,05,28,23,292,28,8*50
$GPGSV,1,1,03,15,09,058,,20,01,085,,21,08,142,,0*54
$GLGSV,3,1,10,66,01,154,17,67,15,104,27,68,09,055,21,73,57,243,21,1*7D
$GLGSV,3,2,10,74,14,209,07,79,01,017,08,80,49,355,49,82,25,145,31,1*77
$GLGSV,3,3,10,83,53,210,13,84,24,276,19,1*74
$GLGSV,2,1,08,67,15,104,22,68,09,055,14,73,57,243,21,79,01,017,16,3*7D
$GLGSV,2,2,08,80,49,355,41,82,25,145,35,83,53,210,10,84,24,276,15,3*78
$GAGSV,2,1,06,10,36,143,39,11,65,156,28,14,22,090,27,16,39,044,39,1*7D
$GAGSV,2,2,06,25,88,143,34,36,57,300,26,1*75
$GAGSV,1,1,03,10,36,143,35,16,39,044,47,25,88,143,33,5*49
$GAGSV,2,1,07,02,32,221,19,10,36,143,35,11,65,156,19,14,22,090,28,7*76
$GAGSV,2,2,07,16,39,044,44,25,88,143,35,36,57,300,18,7*43
$GAGSV,1,1,02,12,14,138,,34,07,312,,0*7A
$GBGSV,3,1,09,12,22,099,23,19,24,070,32,20,15,118,19,22,10,019,20,3*78
$GBGSV,3,2,09,24,25,230,29,29,24,120,42,31,35,257,11,35,60,181,29,3*78
$GBGSV,3,3,09,39,31,000,48,3*49
$GBGSV,3,1,10,12,22,099,28,19,24,070,39,20,15,118,19,22,10,019,23,5*75
$GBGSV,3,2,10,24,25,230,28,26,53,281,15,29,24,120,39,31,35,257,17,5*73
$GBGSV,3,3,10,35,60,181,22,39,31,000,46,5*71
$GBGSV,3,1,10,12,22,099,33,19,24,070,35,20,15,118,12,22,10,019,31,8*76
$GBGSV,3,2,10,24,25,230,24,26,53,281,17,29,24,120,42,31,35,257,22,8*7A
$GBGSV,3,3,10,35,60,181,19,39,31,000,44,8*76
$GBGSV,1,1,01,11,04,112,,0*40
$GNGLL,3001.74362,S,05112.75101,W,170346.00,A,A*7C
$GNRMC,170347.00,A,3001.74362,S,05112.75101,W,0.014,,090926,,,A,V*1F
$GNVTG,,T,,M,0.014,N,0.026,K,A*3C
$GNGGA,170347.00,3001.74362,S,05112.75101,W,1,12,0.73,49.4,M,4.8,M,,*4A
$GNGSA,M,3,18,23,25,26,28,29,31,05,12,13,,,1.37,0.73,1.16,1*06
$GNGSA,M,3,84,82,80,,,,,,,,,,1.37,0.73,1.16,2*07
$GNGSA,M,3,25,36,10,11,16,,,,,,,,1.37,0.73,1.16,3*0C
$GNGSA,M,3,12,19,22,24,26,29,31,35,39,,,,1.37,0.73,1.16,4*03
$GPGSV,3,1,09,05,37,124,45,12,20,036,41,13,14,031,18,23,25,356,46,1*61
$GPGSV,3,2,09,25,53,021,50,26,26,226,21,28,23,292,23,29,57,148,32,1*68
$GPGSV,3,3,09,31,21,260,28,1*52
$GPGSV,3,1,10,05,37,124,41,12,20,036,28,13,14,031,20,18,67,259,20,6*6E
$GPGSV,3,2,10,23,25,356,43,25,53,021,46,26,26,226,16,28,23,292,26,6*65
$GPGSV,3,3,10,29,57,148,26,31,21,260,25,6*60
$GPGSV,2,1,05,18,67,259,26,23,25,356,46,25,53,021,53,26,26,226,20,8*6D
$GPGSV,2,2,05,28,23,292,28,8*50
$GPGSV,1,1,03,15,09,058,,20,01,085,,21,08,142,,0*54
$GLGSV,3,1,10,66,01,154,13,67,15,104,28,68,09,055,20,73,57,243,21,1*77
$GLGSV,3,2,10,74,14,209,08,79,01,017,10,80,49,355,49,82,25,145,31,1*71
$GLGSV,3,3,10,83,53,210,13,84,24,276,18,1*75
$GLGSV,2,1,08,67,15,104,22,68,09,055,15,73,57,243,20,79,01,017,16,3*7D
$GLGSV,2,2,08,80,49,355,41,82,25,145,34,83,53,210,11,84,24,276,14,3*79
$GAGSV,2,1,06,10,36,143,39,11,65,156,28,14,22,090,27,16,39,044,39,1*7D
$GAGSV,2,2,06,25,88,143,34,36,57,300,25,1*76
$GAGSV,1,1,03,10,36,143,34,16,39,044,47,25,88,143,33,5*48
$GAGSV,2,1,07,02,32,221,19,10,36,143,34,11,65,156,19,14,22,090,27,7*78
$GAGSV,2,2,07,16,39,044,44,25,88,143,35,36,57,300,18,7*43
$GAGSV,1,1,02,12,14,138,,34,07,312,,0*7A
$GBGSV,3,1,09,12,22,099,23,19,24,070,32,20,15,118,19,22,10,019,20,3*78
$GBGSV,3,2,09,24,25,230,29,29,24,120,42,31,35,257,10,35,60,181,29,3*79
$GBGSV,3,3,09,39,31,000,48,3*49
$GBGSV,3,1,10,12,22,099,28,19,24,070,39,20,15,118,19,22,10,019,23,5*75
$GBGSV,3,2,10,24,25,230,28,26,53,281,16,29,24,120,39,31,35,257,16,5*71
$GBGSV,3,3,10,35,60,181,22,39,31,000,46,5*71
$GBGSV,3,1,10,12,22,099,33,19,24,070,35,20,15,118,11,22,10,019,31,8*75
$GBGSV,3,2,10,24,25,230,24,26,53,281,17,29,24,120,42,31,35,257,21,8*79
$GBGSV,3,3,10,35,60,181,19,39,31,000,44,8*76
$GBGSV,1,1,01,11,04,112,,0*40
$GNGLL,3001.74362,S,05112.75101,W,170347.00,A,A*7D
$GNRMC,170348.00,A,3001.74363,S,05112.75102,W,0.048,,090926,,,A,V*1B
$GNVTG,,T,,M,0.048,N,0.089,K,A*30
$GNGGA,170348.00,3001.74363,S,05112.75102,W,1,12,0.73,49.4,M,4.8,M,,*47
$GNGSA,M,3,18,23,25,26,28,29,31,05,12,13,,,1.37,0.73,1.16,1*06
$GNGSA,M,3,84,82,80,,,,,,,,,,1.37,0.73,1.16,2*07
$GNGSA,M,3,25,36,10,11,16,,,,,,,,1.37,0.73,1.16,3*0C
$GNGSA,M,3,12,19,22,24,26,29,31,35,39,,,,1.37,0.73,1.16,4*03
$GPGSV,3,1,09,05,37,124,45,12,20,036,41,13,14,031,18,23,25,356,46,1*61
$GPGSV,3,2,09,25,53,021,50,26,26,226,21,28,23,292,23,29,57,148,32,1*68
$GPGSV,3,3,09,31,21,260,28,1*52
$GPGSV,3,1,10,05,37,124,41,12,20,036,28,13,14,031,19,18,67,259,19,6*6E
$GPGSV,3,2,10,23,25,356,43,25,53,021,46,26,26,226,16,28,23,292,27,6*64
$GPGSV,3,3,10,29,57,148,27,31,21,260,25,6*61
$GPGSV,2,1,05,18,67,259,26,23,25,356,46,25,53,021,53,26,26,226,20,8*6D
$GPGSV,2,2,05,28,23,292,28,8*50
$GPGSV,1,1,03,15,09,058,,20,01,085,,21,08,142,,0*54
$GLGSV,3,1,10,66,01,154,11,67,15,104,28,68,09,055,19,73,57,243,20,1*7E
$GLGSV,3,2,10,74,14,209,09,79,01,017,10,80,49,355,49,82,25,145,31,1*70
$GLGSV,3,3,10,83,53,210,08,84,24,276,18,1*7F
$GLGSV,2,1,08,67,15,104,22,68,09,055,17,73,57,243,19,79,01,017,15,3*76
$GLGSV,2,2,08,80,49,355,41,82,25,145,35,83,53,210,08,84,24,276,15,3*71
$GAGSV,2,1,06,10,36,143,39,11,65,156,28,14,22,090,27,16,39,044,39,1*7D
$GAGSV,2,2,06,25,88,143,34,36,57,300,25,1*76
$GAGSV,1,1,03,10,36,143,35,16,39,044,47,25,88,143,34,5*4E
$GAGSV,2,1,07,02,32,221,19,10,36,143,34,11,65,156,20,14,22,090,27,7*72
$GAGSV,2,2,07,16,39,044,44,25,88,143,35,36,57,300,18,7*43
$GAGSV,1,1,02,12,14,138,,34,07,312,,0*7A
$GBGSV,3,1,09,12,22,099,24,19,24,070,32,20,15,118,18,22,10,019,20,3*7E
$GBGSV,3,2,09,24,25,230,29,29,24,120,42,31,35,257,13,35,60,181,29,3*7A
$GBGSV,3,3,09,39,31,000,48,3*49
$GBGSV,3,1,10,12,22,099,28,19,24,070,39,20,15,118,18,22,10,019,23,5*74
$GBGSV,3,2,10,24,25,230,28,26,53,281,15,29,24,120,39,31,35,257,15,5*71
$GBGSV,3,3,10,35,60,181,22,39,31,000,46,5*71
$GBGSV,3,1,10,12,22,099,33,19,24,070,35,20,15,118,12,22,10,019,31,8*76
$GBGSV,3,2,10,24,25,230,25,26,53,281,16,29,24,120,42,31,35,257,21,8*79
$GBGSV,3,3,10,35,60,181,19,39,31,000,44,8*76
$GBGSV,1,1,01,11,04,112,,0*40
$GNGLL,3001.74363,S,05112.75102,W,170348.00,A,A*70
$GNRMC,170349.00,A,3001.74363,S,05112.75101,W,0.004,,090926,,,A,V*11
$GNVTG,,T,,M,0.004,N,0.008,K,A*31
$GNGGA,170349.00,3001.74363,S,05112.75101,W,1,12,0.73,49.4,M,4.8,M,,*45
$GNGSA,M,3,18,23,25,26,28,29,31,05,12,13,,,1.37,0.73,1.16,1*06
$GNGSA,M,3,84,82,80,,,,,,,,,,1.37,0.73,1.16,2*07
$GNGSA,M,3,25,36,10,11,16,,,,,,,,1.37,0.73,1.16,3*0C
$GNGSA,M,3,12,19,22,24,26,29,31,35,39,,,,1.37,0.73,1.16,4*03
$GPGSV,3,1,09,05,37,124,45,12,20,036,41,13,14,031,17,23,25,356,46,1*6E
$GPGSV,3,2,09,25,53,021,50,26,26,226,22,28,23,292,23,29,57,148,32,1*6B
$GPGSV,3,3,09,31,21,260,28,1*52
$GPGSV,3,1,10,05,37,124,41,12,20,036,28,13,14,031,18,18,67,259,19,6*6F
$GPGSV,3,2,10,23,25,356,43,25,53,021,46,26,26,226,16,28,23,292,27,6*64
$GPGSV,3,3,10,29,57,148,26,31,21,260,25,6*60
$GPGSV,2,1,05,18,67,259,26,23,25,356,46,25,53,021,53,26,26,226,20,8*6D
$GPGSV,2,2,05,28,23,292,28,8*50
$GPGSV,1,1,03,15,09,058,,20,01,085,,21,08,142,,0*54
$GLGSV,3,1,10,66,01,154,11,67,15,104,28,68,09,055,18,73,57,243,20,1*7F
$GLGSV,3,2,10,74,14,209,08,79,01,017,14,80,49,355,49,82,25,145,31,1*75
$GLGSV,3,3,10,83,53,210,12,84,24,276,17,1*7B
$GLGSV,2,1,08,67,15,104,21,68,09,055,17,73,57,243,19,79,01,017,15,3*75
$GLGSV,2,2,08,80,49,355,41,82,25,145,34,83,53,210,09,84,24,276,16,3*72
$GAGSV,2,1,06,10,36,143,39,11,65,156,28,14,22,090,27,16,39,044,39,1*7D
$GAGSV,2,2,06,25,88,143,33,36,57,300,25,1*71
$GAGSV,1,1,03,10,36,143,34,16,39,044,47,25,88,143,34,5*4F
$GAGSV,2,1,07,02,32,221,19,10,36,143,34,11,65,156,20,14,22,090,27,7*72
$GAGSV,2,2,07,16,39,044,44,25,88,143,35,36,57,300,18,7*43
$GAGSV,1,1,02,12,14,138,,34,07,312,,0*7A
$GBGSV,3,1,09,12,22,099,24,19,24,070,32,20,15,118,18,22,10,019,20,3*7E
$GBGSV,3,2,09,24,25,230,29,29,24,120,42,31,35,257,09,35,60,181,29,3*71
$GBGSV,3,3,09,39,31,000,48,3*49
$GBGSV,3,1,10,12,22,099,28,19,24,070,39,20,15,118,17,22,10,019,23,5*7B
$GBGSV,3,2,10,24,25,230,28,26,53,281,16,29,24,120,39,31,35,257,16,5*71
$GBGSV,3,3,10,35,60,181,23,39,31,000,46,5*70
$GBGSV,3,1,10,12,22,099,33,19,24,070,35,20,15,118,11,22,10,019,31,8*75
$GBGSV,3,2,10,24,25,230,25,26,53,281,14,29,24,120,42,31,35,257,21,8*7B
$GBGSV,3,3,10,35,60,181,19,39,31,000,44,8*76
$GBGSV,1,1,01,11,04,112,,0*40
$GNGLL,3001.74363,S,05112.75101,W,170349.00,A,A*72
$GNRMC,170350.00,A,3001.74362,S,05112.75101,W,0.032,,090926,,,A,V*1D
$GNVTG,,T,,M,0.032,N,0.059,K,A*30
$GNGGA,170350.00,3001.74362,S,05112.75101,W,1,12,0.73,49.4,M,4.8,M,,*4C
$GNGSA,M,3,18,23,25,26,28,29,31,05,12,13,,,1.37,0.73,1.16,1*06
$GNGSA,M,3,84,82,80,,,,,,,,,,1.37,0.73,1.16,2*07
$GNGSA,M,3,25,36,10,11,16,,,,,,,,1.37,0.73,1.16,3*0C
$GNGSA,M,3,12,19,22,24,26,29,31,35,39,,,,1.37,0.73,1.16,4*03
$GPGSV,3,1,09,05,37,124,45,12,20,036,41,13,14,031,18,23,25,356,46,1*61
$GPGSV,3,2,09,25,53,021,50,26,26,226,21,28,23,292,24,29,57,148,32,1*6F
$GPGSV,3,3,09,31,21,260,28,1*52
$GPGSV,3,1,10,05,37,124,41,12,20,036,28,13,14,031,18,18,67,259,19,6*6F
$GPGSV,3,2,10,23,25,356,43,25,53,021,46,26,26,226,15,28,23,292,27,6*67
$GPGSV,3,3,10,29,57,148,26,31,21,260,25,6*60
$GPGSV,2,1,05,18,67,259,26,23,25,356,46,25,53,021,53,26,26,226,20,8*6D
$GPGSV,2,2,05,28,23,292,28,8*50
$GPGSV,1,1,03,15,09,058,,20,01,085,,21,08,142,,0*54
$GLGSV,3,1,10,66,01,154,11,67,15,104,28,68,09,055,17,73,57,243,20,1*70
$GLGSV,3,2,10,74,14,209,08,79,01,017,13,80,49,355,49,82,25,145,31,1*72
$GLGSV,3,3,10,83,53,210,13,84,24,276,17,1*7A
$GLGSV,2,1,08,67,15,104,21,68,09,055,18,73,57,243,18,79,01,017,14,3*7A
$GLGSV,2,2,08,80,49,355,41,82,25,145,34,83,53,210,10,84,24,276,16,3*7A
$GAGSV,2,1,06,10,36,143,39,11,65,156,28,14,22,090,27,16,39,044,39,1*7D
$GAGSV,2,2,06,25,88,143,34,36,57,300,25,1*76
$GAGSV,1,1,03,10,36,143,34,16,39,044,47,25,88,143,34,5*4F
$GAGSV,2,1,07,02,32,221,19,10,36,143,34,11,65,156,20,14,22,090,26,7*73
$GAGSV,2,2,07,16,39,044,44,25,88,143,35,36,57,300,18,7*43
$GAGSV,1,1,02,12,14,138,,34,07,312,,0*7A
$GBGSV,3,1,09,12,22,099,24,19,24,070,32,20,15,118,18,22,10,019,20,3*7E
$GBGSV,3,2,09,24,25,230,28,29,24,120,42,31,35,257,14,35,60,181,29,3*7C
$GBGSV,3,3,09,39,31,000,48,3*49
$GBGSV,3,1,10,12,22,099,28,19,24,070,39,20,15,118,17,22,10,019,23,5*7B
$GBGSV,3,2,10,24,25,230,28,26,53,281,17,29,24,120,39,31,35,257,17,5*71
$GBGSV,3,3,10,35,60,181,22,39,31,000,46,5*71
$GBGSV,3,1,10,12,22,099,33,19,24,070,35,20,15,118,11,22,10,019,31,8*75
$GBGSV,3,2,10,24,25,230,25,26,53,281,13,29,24,120,42,31,35,257,21,8*7C
$GBGSV,3,3,10,35,60,181,18,39,31,000,44,8*77
$GBGSV,1,1,01,11,04,112,,0*40
$GNGLL,3001.74362,S,05112.75101,W,170350.00,A,A*7B
$GNRMC,170351.00,A,3001.74362,S,05112.75101,W,0.011,,090926,,,A,V*1D
$GNVTG,,T,,M,0.011,N,0.020,K,A*3F
$GNGGA,170351.00,3001.74362,S,05112.75101,W,1,12,0.73,49.4,M,4.8,M,,*4D
$GNGSA,M,3,18,23,25,26,28,29,31,05,12,13,,,1.37,0.73,1.16,1*06
$GNGSA,M,3,84,82,80,,,,,,,,,,1.37,0.73,1.16,2*07
$GNGSA,M,3,25,36,10,11,16,,,,,,,,1.37,0.73,1.16,3*0C
$GNGSA,M,3,12,19,22,24,26,29,31,35,39,,,,1.37,0.73,1.16,4*03
$GPGSV,3,1,09,05,37,124,45,12,20,036,41,13,14,031,19,23,25,356,46,1*60
$GPGSV,3,2,09,25,53,021,50,26,26,226,21,28,23,292,25,29,57,148,32,1*6E
$GPGSV,3,3,09,31,21,260,28,1*52
$GPGSV,3,1,10,05,37,124,41,12,20,036,28,13,14,031,19,18,67,259,19,6*6E
$GPGSV,3,2,10,23,25,356,43,25,53,021,46,26,26,226,13,28,23,292,27,6*61
$GPGSV,3,3,10,29,57,148,26,31,21,260,25,6*60
$GPGSV,2,1,05,18,67,259,26,23,25,356,46,25,53,021,53,26,26,226,20,8*6D
$GPGSV,2,2,05,28,23,292,28,8*50
$GPGSV,1,1,03,15,09,058,,20,01,085,,21,08,142,,0*54
$GLGSV,3,1,09,66,01,154,10,67,15,104,28,68,09,055,18,73,57,243,18,1*7D
$GLGSV,3,2,09,79,01,017,11,80,49,355,49,82,25,145,31,83,53,210,14,1*76
$GLGSV,3,3,09,84,24,276,14,1*4D
$GLGSV,2,1,08,67,15,104,20,68,09,055,19,73,57,243,18,79,01,017,13,3*7D
$GLGSV,2,2,08,80,49,355,41,82,25,145,35,83,53,210,08,84,24,276,16,3*72
$GLGSV,1,1,01,74,14,209,,0*45
$GAGSV,2,1,06,10,36,143,39,11,65,156,28,14,22,090,27,16,39,044,39,1*7D
$GAGSV,2,2,06,25,88,143,34,36,57,300,25,1*76
$GAGSV,1,1,03,10,36,143,34,16,39,044,47,25,88,143,34,5*4F
$GAGSV,2,1,07,02,32,221,19,10,36,143,34,11,65,156,20,14,22,090,27,7*72
$GAGSV,2,2,07,16,39,044,44,25,88,143,35,36,57,300,18,7*43
$GAGSV,1,1,02,12,14,138,,34,07,312,,0*7A
$GBGSV,3,1,09,12,22,099,25,19,24,070,32,20,15,118,18,22,10,019,20,3*7F
$GBGSV,3,2,09,24,25,230,28,29,24,120,42,31,35,257,11,35,60,181,29,3*79
$GBGSV,3,3,09,39,31,000,48,3*49
$GBGSV,3,1,10,12,22,099,28,19,24,070,39,20,15,118,17,22,10,019,23,5*7B
$GBGSV,3,2,10,24,25,230,28,26,53,281,17,29,24,120,39,31,35,257,16,5*70
$GBGSV,3,3,10,35,60,181,22,39,31,000,46,5*71
$GBGSV,3,1,09,12,22,099,33,19,24,070,35,22,10,019,31,24,25,230,25,8*74
$GBGSV,3,2,09,26,53,281,12,29,24,120,42,31,35,257,22,35,60,181,19,8*71
$GBGSV,3,3,09,39,31,000,44,8*4E
$GBGSV,1,1,01,11,04,112,,0*40
$GNGLL,3001.74362,S,05112.75101,W,170351.00,A,A*7A
$GNRMC,170352.00,A,3001.74362,S,05112.75100,W,0.041,,090926,,,A,V*1A
$GNVTG,,T,,M,0.041,N,0.076,K,A*39
$GNGGA,170352.00,3001.74362,S,05112.75100,W,1,12,0.73,49.4,M,4.8,M,,*4F
$GNGSA,M,3,18,23,25,26,28,29,31,05,12,13,,,1.37,0.73,1.16,1*06
$GNGSA,M,3,84,82,80,,,,,,,,,,1.37,0.73,1.16,2*07
$GNGSA,M,3,25,36,10,11,16,,,,,,,,1.37,0.73,1.16,3*0C
$GNGSA,M,3,12,19,22,24,26,29,31,35,39,,,,1.37,0.73,1.16,4*03
$GPGSV,3,1,09,05,37,124,45,12,20,036,41,13,14,031,19,23,25,356,46,1*60
$GPGSV,3,2,09,25,53,021,50,26,26,226,21,28,23,292,25,29,57,148,32,1*6E
$GPGSV,3,3,09,31,21,260,28,1*52
$GPGSV,3,1,10,05,37,124,41,12,20,036,28,13,14,031,19,18,67,259,20,6*64
$GPGSV,3,2,10,23,25,356,43,25,53,021,46,26,26,226,13,28,23,292,27,6*61
$GPGSV,3,3,10,29,57,148,27,31,21,260,26,6*62
$GPGSV,2,1,05,18,67,259,26,23,25,356,46,25,53,021,53,26,26,226,20,8*6D
$GPGSV,2,2,05,28,23,292,28,8*50
$GPGSV,1,1,03,15,09,058,,20,01,085,,21,08,142,,0*54
$GLGSV,3,1,09,66,01,154,09,67,15,104,28,68,09,055,19,73,57,243,16,1*7A
$GLGSV,3,2,09,79,01,017,12,80,49,355,49,82,25,145,31,83,53,210,11,1*70
$GLGSV,3,3,09,84,24,276,12,1*4B
$GLGSV,2,1,08,67,15,104,19,68,09,055,20,73,57,243,18,79,01,017,12,3*7C
$GLGSV,2,2,08,80,49,355,41,82,25,145,35,83,53,210,06,84,24,276,16,3*7C
$GLGSV,1,1,01,74,14,209,,0*45
$GAGSV,2,1,06,10,36,143,39,11,65,156,28,14,22,090,27,16,39,044,39,1*7D
$GAGSV,2,2,06,25,88,143,34,36,57,300,25,1*76
$GAGSV,1,1,03,10,36,143,34,16,39,044,47,25,88,143,34,5*4F
$GAGSV,2,1,07,02,32,221,18,10,36,143,34,11,65,156,20,14,22,090,27,7*73
$GAGSV,2,2,07,16,39,044,44,25,88,143,35,36,57,300,18,7*43
$GAGSV,1,1,02,12,14,138,,34,07,312,,0*7A
$GBGSV,3,1,09,12,22,099,26,19,24,070,32,20,15,118,17,22,10,019,20,3*73
$GBGSV,3,2,09,24,25,230,27,29,24,120,42,31,35,257,12,35,60,181,29,3*75
$GBGSV,3,3,09,39,31,000,48,3*49
$GBGSV,3,1,10,12,22,099,28,19,24,070,39,20,15,118,16,22,10,019,23,5*7A
$GBGSV,3,2,10,24,25,230,28,26,53,281,17,29,24,120,39,31,35,257,16,5*70
$GBGSV,3,3,10,35,60,181,22,39,31,000,46,5*71
$GBGSV,3,1,09,12,22,099,33,19,24,070,35,22,10,019,31,24,25,230,25,8*74
$GBGSV,3,2,09,26,53,281,13,29,24,120,42,31,35,257,22,35,60,181,19,8*70
$GBGSV,3,3,09,39,31,000,44,8*4E
$GBGSV,1,1,01,11,04,112,,0*40
$GNGLL,3001.74362,S,05112.75100,W,170352.00,A,A*78
$GNRMC,170353.00,A,3001.74362,S,05112.75099,W,0.006,,090926,,,A,V*19
$GNVTG,,T,,M,0.006,N,0.010,K,A*3A
$GNGGA,170353.00,3001.74362,S,05112.75099,W,1,12,0.73,49.5,M,4.8,M,,*4E
$GNGSA,M,3,18,23,25,26,28,29,31,05,12,13,,,1.37,0.73,1.16,1*06
$GNGSA,M,3,84,82,80,,,,,,,,,,1.37,0.73,1.16,2*07
$GNGSA,M,3,25,36,10,11,16,,,,,,,,1.37,0.73,1.16,3*0C
$GNGSA,M,3,12,19,22,24,26,29,31,35,39,,,,1.37,0.73,1.16,4*03
$GPGSV,3,1,09,05,37,124,45,12,20,036,41,13,14,031,20,23,25,356,46,1*6A
$GPGSV,3,2,09,25,53,021,50,26,26,226,21,28,23,292,25,29,57,148,32,1*6E
$GPGSV,3,3,09,31,21,260,28,1*52
$GPGSV,3,1,10,05,37,124,41,12,20,036,28,13,14,031,19,18,67,259,20,6*64
$GPGSV,3,2,10,23,25,356,43,25,53,021,46,26,26,226,09,28,23,292,27,6*6A
$GPGSV,3,3,10,29,57,148,27,31,21,260,26,6*62
$GPGSV,2,1,05,18,67,259,26,23,25,356,46,25,53,021,53,26,26,226,20,8*6D
$GPGSV,2,2,05,28,23,292,28,8*50
$GPGSV,1,1,03,15,09,058,,20,01,085,,21,08,142,,0*54
$GLGSV,3,1,10,66,01,154,09,67,15,104,27,68,09,055,19,73,57,243,15,1*7E
$GLGSV,3,2,10,74,14,209,16,79,01,017,08,80,49,355,49,82,25,145,31,1*77
$GLGSV,3,3,10,83,53,210,11,84,24,276,12,1*7D
$GLGSV,2,1,08,67,15,104,18,68,09,055,20,73,57,243,17,79,01,017,12,3*72
$GLGSV,2,2,08,80,49,355,41,82,25,145,35,83,53,210,09,84,24,276,16,3*73
$GAGSV,2,1,06,10,36,143,39,11,65,156,27,14,22,090,27,16,39,044,39,1*72
$GAGSV,2,2,06,25,88,143,34,36,57,300,25,1*76
$GAGSV,1,1,03,10,36,143,34,16,39,044,47,25,88,143,34,5*4F
$GAGSV,2,1,07,02,32,221,17,10,36,143,34,11,65,156,19,14,22,090,27,7*76
$GAGSV,2,2,07,16,39,044,44,25,88,143,35,36,57,300,18,7*43
$GAGSV,1,1,02,12,14,138,,34,08,312,,0*75
$GBGSV,3,1,09,12,22,099,26,19,24,070,33,20,15,118,16,22,10,019,20,3*73
$GBGSV,3,2,09,24,25,230,26,29,24,120,42,31,35,257,10,35,60,181,29,3*76
$GBGSV,3,3,09,39,31,000,48,3*49
$GBGSV,3,1,10,12,22,099,28,19,24,070,39,20,15,118,16,22,10,019,23,5*7A
$GBGSV,3,2,10,24,25,230,28,26,53,281,16,29,24,120,39,31,35,257,16,5*71
$GBGSV,3,3,10,35,60,181,22,39,31,000,46,5*71
$GBGSV,3,1,09,12,22,099,33,19,24,070,35,22,10,019,31,24,25,230,24,8*75
$GBGSV,3,2,09,26,53,281,14,29,24,120,42,31,35,257,22,35,60,181,19,8*77
$GBGSV,3,3,09,39,31,000,44,8*4E
$GBGSV,1,1,01,11,04,112,,0*40
$GNGLL,3001.74362,S,05112.75099,W,170353.00,A,A*78
$GNRMC,170354.00,A,3001.74362,S,05112.75099,W,0.012,,090926,,,A,V*1B
$GNVTG,,T,,M,0.012,N,0.022,K,A*3E
$GNGGA,170354.00,3001.74362,S,05112.75099,W,1,12,0.73,49.5,M,4.8,M,,*49
$GNGSA,M,3,18,23,25,26,28,29,31,05,12,13,,,1.37,0.73,1.16,1*06
$GNGSA,M,3,84,82,80,,,,,,,,,,1.37,0.73,1.16,2*07
$GNGSA,M,3,25,36,10,11,16,,,,,,,,1.37,0.73,1.16,3*0C
$GNGSA,M,3,12,19,22,24,26,29,31,35,39,,,,1.37,0.73,1.16,4*03
$GPGSV,3,1,09,05,37,124,45,12,20,036,41,13,14,031,20,23,25,356,46,1*6A
$GPGSV,3,2,09,25,53,021,50,26,26,226,20,28,23,292,25,29,57,148,32,1*6F
$GPGSV,3,3,09,31,21,260,28,1*52
$GPGSV,3,1,10,05,37,124,41,12,20,036,28,13,14,031,20,18,67,259,21,6*6F
$GPGSV,3,2,10,23,25,356,43,25,53,021,46,26,26,226,11,28,23,292,27,6*63
$GPGSV,3,3,10,29,57,148,26,31,21,260,26,6*63
$GPGSV,2,1,05,18,67,259,26,23,25,356,46,25,53,021,53,26,26,226,20,8*6D
$GPGSV,2,2,05,28,23,292,28,8*50
$GPGSV,1,1,03,15,09,058,,20,01,085,,21,08,142,,0*54
$GLGSV,3,1,10,66,01,154,08,67,15,104,27,68,09,055,20,73,57,243,15,1*75
$GLGSV,3,2,10,74,14,209,15,79,01,017,08,80,49,355,49,82,25,145,31,1*74
$GLGSV,3,3,10,83,53,210,08,84,24,276,13,1*74
$GLGSV,2,1,08,67,15,104,16,68,09,055,21,73,57,243,16,79,01,017,12,3*7C
$GLGSV,2,2,08,80,49,355,41,82,25,145,35,83,53,210,10,84,24,276,16,3*7B
$GAGSV,2,1,06,10,36,143,39,11,65,156,28,14,22,090,27,16,39,044,39,1*7D
$GAGSV,2,2,06,25,88,143,34,36,58,298,25,1*79
$GAGSV,1,1,03,10,36,143,34,16,39,044,47,25,88,143,34,5*4F
$GAGSV,2,1,07,02,32,221,16,10,36,143,34,11,65,156,19,14,22,090,26,7*76
$GAGSV,2,2,07,16,39,044,44,25,88,143,35,36,58,298,19,7*4D
$GAGSV,1,1,02,12,14,138,,34,08,312,,0*75
$GBGSV,3,1,09,12,22,099,27,19,24,070,32,20,15,118,14,22,10,019,20,3*71
$GBGSV,3,2,09,24,25,230,26,29,24,120,42,31,35,257,16,35,60,181,29,3*70
$GBGSV,3,3,09,39,31,000,48,3*49
$GBGSV,3,1,10,12,22,099,28,19,24,070,39,20,15,118,15,22,10,019,23,5*79
$GBGSV,3,2,10,24,25,230,28,26,53,281,17,29,24,120,39,31,35,257,17,5*71
$GBGSV,3,3,10,35,60,181,22,39,31,000,46,5*71
$GBGSV,3,1,09,12,22,099,33,19,24,070,35,22,10,019,31,24,25,230,24,8*75
$GBGSV,3,2,09,26,53,281,15,29,24,120,42,31,35,257,22,35,60,181,19,8*76
$GBGSV,3,3,09,39,31,000,45,8*4F
$GBGSV,1,1,01,11,04,112,,0*40
$GNGLL,3001.74362,S,05112.75099,W,170354.00,A,A*7F
$GNRMC,170355.00,A,3001.74362,S,05112.75100,W,0.021,,090926,,,A,V*1B
$GNVTG,,T,,M,0.021,N,0.039,K,A*34
$GNGGA,170355.00,3001.74362,S,05112.75100,W,1,12,0.73,49.5,M,4.8,M,,*49
$GNGSA,M,3,18,23,25,26,28,29,31,05,12,13,,,1.37,0.73,1.16,1*06
$GNGSA,M,3,84,82,80,,,,,,,,,,1.37,0.73,1.16,2*07
$GNGSA,M,3,25,36,10,11,16,,,,,,,,1.37,0.73,1.16,3*0C
$GNGSA,M,3,12,19,22,24,26,29,31,35,39,,,,1.37,0.73,1.16,4*03
$GPGSV,3,1,09,05,37,124,45,12,20,036,41,13,14,031,20,23,25,356,46,1*6A
$GPGSV,3,2,09,25,53,021,50,26,26,226,20,28,23,292,25,29,57,148,32,1*6F
$GPGSV,3,3,09,31,21,260,28,1*52
$GPGSV,3,1,10,05,37,124,41,12,20,036,28,13,14,031,20,18,67,259,21,6*6F
$GPGSV,3,2,10,23,25,356,43,25,53,021,46,26,26,226,10,28,23,292,27,6*62
$GPGSV,3,3,10,29,57,148,26,31,21,260,26,6*63
$GPGSV,2,1,05,18,67,259,26,23,25,356,46,25,53,021,53,26,26,226,20,8*6D
$GPGSV,2,2,05,28,23,292,28,8*50
$GPGSV,1,1,03,15,09,058,,20,01,085,,21,08,142,,0*54
$GLGSV,3,1,10,66,01,154,09,67,15,104,26,68,09,055,21,73,57,243,13,1*72
$GLGSV,3,2,10,74,14,209,13,79,01,017,09,80,49,355,49,82,25,145,31,1*73
$GLGSV,3,3,10,83,53,210,09,84,24,276,15,1*73
$GLGSV,2,1,08,67,15,104,15,68,09,055,21,73,57,243,18,79,01,017,14,3*77
$GLGSV,2,2,08,80,49,355,41,82,25,145,35,83,53,210,11,84,24,276,16,3*7A
$GAGSV,2,1,06,10,36,143,39,11,65,156,28,14,22,090,27,16,39,044,39,1*7D
$GAGSV,2,2,06,25,88,143,34,36,58,298,25,1*79
$GAGSV,1,1,03,10,36,143,34,16,39,044,47,25,88,143,34,5*4F
$GAGSV,2,1,07,02,32,221,16,10,36,143,34,11,65,156,19,14,22,090,27,7*77
$GAGSV,2,2,07,16,39,044,44,25,88,143,35,36,58,298,19,7*4D
$GAGSV,1,1,02,12,14,138,,34,08,312,,0*75
$GBGSV,3,1,09,12,22,099,27,19,24,070,32,20,15,118,14,22,10,019,19,3*7B
$GBGSV,3,2,09,24,25,230,26,29,24,120,42,31,35,257,13,35,60,181,29,3*75
$GBGSV,3,3,09,39,31,000,49,3*48
$GBGSV,3,1,10,12,22,099,27,19,24,070,39,20,15,118,14,22,10,019,23,5*77
$GBGSV,3,2,10,24,25,230,28,26,53,281,17,29,24,120,39,31,35,257,16,5*70
$GBGSV,3,3,10,35,60,181,22,39,31,000,46,5*71
$GBGSV,3,1,09,12,22,099,33,19,24,070,35,22,10,019,31,24,25,230,24,8*75
$GBGSV,3,2,09,26,53,281,18,29,24,120,42,31,35,257,21,35,60,181,18,8*79
$GBGSV,3,3,09,39,31,000,45,8*4F
$GBGSV,1,1,01,11,04,112,,0*40
$GNGLL,3001.74362,S,05112.75100,W,170355.00,A,A*7F
$GNRMC,170356.00,A,3001.74363,S,05112.75101,W,0.041,,090926,,,A,V*1E
$GNVTG,,T,,M,0.041,N,0.076,K,A*39
$GNGGA,170356.00,3001.74363,S,05112.75101,W,1,12,0.73,49.5,M,4.8,M,,*4A
$GNGSA,M,3,18,23,25,26,28,29,31,05,12,13,,,1.37,0.73,1.16,1*06
$GNGSA,M,3,84,82,80,,,,,,,,,,1.37,0.73,1.16,2*07
$GNGSA,M,3,25,36,10,11,16,,,,,,,,1.37,0.73,1.16,3*0C
$GNGSA,M,3,12,19,22,24,26,29,31,35,39,,,,1.37,0.73,1.16,4*03
$GPGSV,3,1,09,05,37,124,45,12,20,036,41,13,14,031,20,23,25,356,46,1*6A
$GPGSV,3,2,09,25,53,021,50,26,26,226,18,28,23,292,25,29,57,148,32,1*64
$GPGSV,3,3,09,31,21,260,29,1*53
$GPGSV,3,1,10,05,37,124,41,12,20,036,28,13,14,031,20,18,67,259,21,6*6F
$GPGSV,3,2,10,23,25,356,43,25,53,021,46,26,26,226,13,28,23,292,27,6*61
$GPGSV,3,3,10,29,57,148,27,31,21,260,25,6*61
$GPGSV,2,1,05,18,67,259,26,23,25,356,46,25,53,021,53,26,26,226,20,8*6D
$GPGSV,2,2,05,28,23,292,28,8*50
$GPGSV,1,1,03,15,09,058,,20,01,085,,21,08,142,,0*54
$GLGSV,3,1,10,66,01,154,08,67,15,104,25,68,09,055,22,73,57,243,10,1*70
$GLGSV,3,2,10,74,14,209,12,79,01,017,10,80,49,355,49,82,25,145,31,1*7A
$GLGSV,3,3,10,83,53,210,08,84,24,276,14,1*73
$GLGSV,2,1,08,67,15,104,12,68,09,055,21,73,57,243,19,79,01,017,16,3*73
$GLGSV,2,2,08,80,49,355,41,82,25,145,35,83,53,210,08,84,24,276,16,3*72
$GAGSV,2,1,06,10,36,143,39,11,65,156,28,14,22,090,27,16,39,044,39,1*7D
$GAGSV,2,2,06,25,88,143,34,36,58,298,25,1*79
$GAGSV,1,1,03,10,36,143,34,16,39,044,47,25,88,143,34,5*4F
$GAGSV,2,1,07,02,32,221,15,10,36,143,34,11,65,156,19,14,22,090,26,7*75
$GAGSV,2,2,07,16,39,044,44,25,88,143,35,36,58,298,19,7*4D
$GAGSV,1,1,02,12,14,138,,34,08,312,,0*75
$GBGSV,3,1,09,12,22,099,28,19,24,070,32,20,15,118,13,22,10,019,20,3*79
$GBGSV,3,2,09,24,25,230,24,29,24,120,42,31,35,257,17,35,60,181,29,3*73
$GBGSV,3,3,09,39,31,000,49,3*48
$GBGSV,3,1,10,12,22,099,27,19,24,070,39,20,15,118,15,22,10,019,23,5*76
$GBGSV,3,2,10,24,25,230,28,26,53,281,17,29,24,120,39,31,35,257,15,5*73
$GBGSV,3,3,10,35,60,181,22,39,31,000,46,5*71
$GBGSV,3,1,09,12,22,099,32,19,24,070,35,22,10,019,31,24,25,230,24,8*74
$GBGSV,3,2,09,26,53,281,20,29,24,120,42,31,35,257,21,35,60,181,18,8*72
$GBGSV,3,3,09,39,31,000,45,8*4F
$GBGSV,1,1,01,11,04,112,,0*40
$GNGLL,3001.74363,S,05112.75101,W,170356.00,A,A*7C
$GNRMC,170357.00,A,3001.74363,S,05112.75101,W,0.015,,090926,,,A,V*1E
$GNVTG,,T,,M,0.015,N,0.028,K,A*33
$GNGGA,170357.00,3001.74363,S,05112.75101,W,1,12,0.73,49.5,M,4.8,M,,*4B
$GNGSA,M,3,18,23,25,26,28,29,31,05,12,13,,,1.37,0.73,1.16,1*06
$GNGSA,M,3,84,82,80,,,,,,,,,,1.37,0.73,1.16,2*07
$GNGSA,M,3,25,36,10,11,16,,,,,,,,1.37,0.73,1.16,3*0C
$GNGSA,M,3,12,19,22,24,26,29,31,35,39,,,,1.37,0.73,1.16,4*03
$GPGSV,3,1,09,05,37,124,45,12,20,036,41,13,14,031,20,23,25,356,46,1*6A
$GPGSV,3,2,09,25,53,021,50,26,26,226,17,28,23,292,24,29,57,148,32,1*6A
$GPGSV,3,3,09,31,21,260,28,1*52
$GPGSV,3,1,09,05,37,124,41,12,20,036,28,13,14,031,20,18,67,259,21,6*67
$GPGSV,3,2,09,23,25,356,43,25,53,021,46,28,23,292,27,29,57,148,26,6*6D
$GPGSV,3,3,09,31,21,260,25,6*58
$GPGSV,2,1,05,18,67,259,26,23,25,356,46,25,53,021,53,26,26,226,20,8*6D
$GPGSV,2,2,05,28,23,292,28,8*50
$GPGSV,1,1,03,15,09,058,,20,01,085,,21,08,142,,0*54
$GLGSV,3,1,09,66,01,154,08,67,15,104,25,68,09,055,22,74,14,209,11,1*77
$GLGSV,3,2,09,79,01,017,10,80,49,355,49,82,25,145,31,83,53,210,11,1*72
$GLGSV,3,3,09,84,24,276,10,1*49
$GLGSV,2,1,07,68,09,055,22,73,57,243,20,79,01,017,15,80,49,355,41,3*76
$GLGSV,2,2,07,82,25,145,35,83,53,210,07,84,24,276,17,3*40
$GAGSV,2,1,06,10,36,143,39,11,65,156,28,14,22,090,27,16,39,044,39,1*7D
$GAGSV,2,2,06,25,88,143,33,36,58,298,25,1*7E
$GAGSV,1,1,03,10,36,143,34,16,39,044,47,25,88,143,34,5*4F
$GAGSV,2,1,07,02,32,221,16,10,36,143,34,11,65,156,19,14,22,090,27,7*77
$GAGSV,2,2,07,16,39,044,44,25,88,143,35,36,58,298,20,7*47
$GAGSV,1,1,02,12,14,138,,34,08,312,,0*75
$GBGSV,3,1,09,12,22,099,28,19,24,070,32,20,15,118,14,22,10,019,20,3*7E
$GBGSV,3,2,09,24,25,230,22,29,24,120,42,31,35,257,10,35,60,181,29,3*72
$GBGSV,3,3,09,39,31,000,49,3*48
$GBGSV,3,1,10,12,22,099,27,19,24,070,39,20,15,118,15,22,10,019,24,5*71
$GBGSV,3,2,10,24,25,230,27,26,53,281,18,29,24,120,39,31,35,257,15,5*73
$GBGSV,3,3,10,35,60,181,22,39,31,000,46,5*71
$GBGSV,3,1,09,12,22,099,32,19,24,070,35,22,10,019,31,24,25,230,24,8*74
$GBGSV,3,2,09,26,53,281,21,29,24,120,42,31,35,257,21,35,60,181,18,8*73
$GBGSV,3,3,09,39,31,000,45,8*4F
$GBGSV,1,1,01,11,04,112,,0*40
$GNGLL,3001.74363,S,05112.75101,W,170357.00,A,A*7D
$GNRMC,170358.00,A,3001.74363,S,05112.75101,W,0.030,,090926,,,A,V*16
$GNVTG,,T,,M,0.030,N,0.055,K,A*3E
$GNGGA,170358.00,3001.74363,S,05112.75101,W,1,12,0.73,49.5,M,4.8,M,,*44
$GNGSA,M,3,18,23,25,26,28,29,31,05,12,13,,,1.37,0.73,1.16,1*06
$GNGSA,M,3,84,82,80,,,,,,,,,,1.37,0.73,1.16,2*07
$GNGSA,M,3,25,36,10,11,16,,,,,,,,1.37,0.73,1.16,3*0C
$GNGSA,M,3,12,19,22,24,26,29,31,35,39,,,,1.37,0.73,1.16,4*03
$GPGSV,3,1,09,05,37,124,45,12,20,036,41,13,14,031,20,23,25,356,46,1*6A
$GPGSV,3,2,09,25,53,021,50,26,26,226,17,28,23,292,25,29,57,148,32,1*6B
$GPGSV,3,3,09,31,21,260,29,1*53
$GPGSV,3,1,09,05,37,124,41,12,20,036,28,13,14,031,19,18,67,259,22,6*6E
$GPGSV,3,2,09,23,25,356,43,25,53,021,45,28,23,292,26,29,57,148,26,6*6F
$GPGSV,3,3,09,31,21,260,25,6*58
$GPGSV,2,1,05,18,67,259,26,23,25,356,46,25,53,021,53,26,26,226,20,8*6D
$GPGSV,2,2,05,28,23,292,28,8*50
$GPGSV,1,1,03,15,09,058,,20,01,085,,21,08,142,,0*54
$GLGSV,3,1,09,66,01,154,09,67,15,104,24,68,09,055,22,74,14,209,12,1*74
$GLGSV,3,2,09,79,01,017,11,80,49,355,49,82,25,145,31,83,53,210,11,1*73
$GLGSV,3,3,09,84,24,276,08,1*40
$GLGSV,2,1,07,68,09,055,22,73,57,243,22,79,01,017,14,80,49,355,41,3*75
$GLGSV,2,2,07,82,25,145,35,83,53,210,09,84,24,276,18,3*41
$GAGSV,2,1,06,10,36,143,39,11,65,156,28,14,22,090,27,16,39,044,39,1*7D
$GAGSV,2,2,06,25,88,143,34,36,58,298,25,1*79
$GAGSV,1,1,03,10,36,143,34,16,39,044,47,25,88,143,34,5*4F
$GAGSV,2,1,07,02,32,221,17,10,36,143,34,11,65,156,18,14,22,090,26,7*76
$GAGSV,2,2,07,16,39,044,44,25,88,143,35,36,58,298,19,7*4D
$GAGSV,1,1,02,12,14,138,,34,08,312,,0*75
$GBGSV,3,1,09,12,22,099,28,19,24,070,33,20,15,118,14,22,10,019,20,3*7F
$GBGSV,3,2,09,24,25,230,19,29,24,120,42,31,35,257,15,35,60,181,29,3*7F
$GBGSV,3,3,09,39,31,000,49,3*48
$GBGSV,3,1,10,12,22,099,27,19,24,070,39,20,15,118,15,22,10,019,23,5*76
$GBGSV,3,2,10,24,25,230,28,26,53,281,18,29,24,120,39,31,35,257,17,5*7E
$GBGSV,3,3,10,35,60,181,22,39,31,000,46,5*71
$GBGSV,3,1,09,12,22,099,32,19,24,070,35,22,10,019,31,24,25,230,24,8*74
$GBGSV,3,2,09,26,53,281,21,29,24,120,42,31,35,257,21,35,60,181,18,8*73
$GBGSV,3,3,09,39,31,000,45,8*4F
$GBGSV,1,1,01,11,04,112,,0*40
$GNGLL,3001.74363,S,05112.75101,W,170358.00,A,A*72
$GNRMC,170359.00,A,3001.74364,S,05112.75102,W,0.015,,090926,,,A,V*14
$GNVTG,,T,,M,0.015,N,0.027,K,A*3C
$GNGGA,170359.00,3001.74364,S,05112.75102,W,1,12,0.73,49.5,M,4.8,M,,*41
$GNGSA,M,3,18,23,25,26,28,29,31,05,12,13,,,1.37,0.73,1.16,1*06
$GNGSA,M,3,84,82,80,,,,,,,,,,1.37,0.73,1.16,2*07
$GNGSA,M,3,25,36,10,11,16,,,,,,,,1.37,0.73,1.16,3*0C
$GNGSA,M,3,12,19,22,24,26,29,31,35,39,,,,1.37,0.73,1.16,4*03
$GPGSV,3,1,09,05,37,124,45,12,20,036,40,13,14,031,20,23,25,356,46,1*6B
$GPGSV,3,2,09,25,53,021,50,26,26,226,16,28,23,292,25,29,57,148,32,1*6A
$GPGSV,3,3,09,31,21,260,29,1*53
$GPGSV,3,1,10,05,37,124,41,12,20,036,28,13,14,031,20,18,67,259,22,6*6C
$GPGSV,3,2,10,23,25,356,43,25,53,021,46,26,26,226,15,28,23,292,26,6*66
$GPGSV,3,3,10,29,57,148,26,31,21,260,25,6*60
$GPGSV,2,1,05,18,67,259,27,23,25,356,46,25,53,021,53,26,26,226,21,8*6D
$GPGSV,2,2,05,28,23,292,28,8*50
$GPGSV,1,1,03,15,09,058,,20,01,085,,21,08,142,,0*54
$GLGSV,3,1,09,66,01,154,09,67,15,104,23,68,09,055,22,74,14,209,15,1*74
$GLGSV,3,2,09,79,01,017,09,80,49,355,49,82,25,145,32,83,53,210,12,1*7A
$GLGSV,3,3,09,84,24,276,07,1*4F
$GLGSV,2,1,07,68,09,055,21,73,57,243,22,79,01,017,12,80,49,355,41,3*70
$GLGSV,2,2,07,82,25,145,35,83,53,210,09,84,24,276,18,3*41
$GAGSV,2,1,06,10,36,143,39,11,65,156,28,14,22,090,27,16,39,044,39,1*7D
$GAGSV,2,2,06,25,88,143,33,36,58,298,25,1*7E
$GAGSV,1,1,03,10,36,143,34,16,39,044,47,25,88,143,34,5*4F
$GAGSV,2,1,07,02,32,221,17,10,36,143,34,11,65,156,19,14,22,090,26,7*77
$GAGSV,2,2,07,16,39,044,44,25,88,143,35,36,58,298,19,7*4D
$GAGSV,1,1,02,12,14,138,,34,08,312,,0*75
$GBGSV,3,1,09,12,22,099,29,19,24,070,33,20,15,118,14,22,10,019,19,3*74
$GBGSV,3,2,09,24,25,230,16,29,24,120,42,31,35,257,14,35,60,181,29,3*71
$GBGSV,3,3,09,39,31,000,49,3*48
$GBGSV,3,1,10,12,22,099,27,19,24,070,39,20,15,118,15,22,10,019,23,5*76
$GBGSV,3,2,10,24,25,230,28,26,53,281,18,29,24,120,39,31,35,257,16,5*7F
$GBGSV,3,3,10,35,60,181,23,39,31,000,46,5*70
$GBGSV,3,1,09,12,22,099,32,19,24,070,35,22,10,019,31,24,25,230,25,8*75
$GBGSV,3,2,09,26,53,281,21,29,24,120,42,31,35,257,21,35,60,181,18,8*73
$GBGSV,3,3,09,39,31,000,45,8*4F
$GBGSV,1,1,01,11,04,112,,0*40
$GNGLL,3001.74364,S,05112.75102,W,170359.00,A,A*77
$GNRMC,170400.00,A,3001.74363,S,05112.75101,W,0.038,,090926,,,A,V*14
$GNVTG,,T,,M,0.038,N,0.071,K,A*30
$GNGGA,170400.00,3001.74363,S,05112.75101,W,1,12,0.73,49.5,M,4.8,M,,*4E
$GNGSA,M,3,18,23,25,26,28,29,31,05,12,13,,,1.37,0.73,1.16,1*06
$GNGSA,M,3,84,82,80,,,,,,,,,,1.37,0.73,1.16,2*07
$GNGSA,M,3,25,36,10,11,16,,,,,,,,1.37,0.73,1.16,3*0C
$GNGSA,M,3,12,19,22,24,26,29,31,35,39,,,,1.37,0.73,1.16,4*03
$GPGSV,3,1,09,05,37,124,45,12,20,036,41,13,14,031,19,23,25,356,46,1*60
$GPGSV,3,2,09,25,53,021,50,26,26,226,15,28,23,292,25,29,57,148,32,1*69
$GPGSV,3,3,09,31,21,260,29,1*53
$GPGSV,3,1,10,05,37,124,41,12,20,036,28,13,14,031,20,18,67,259,22,6*6C
$GPGSV,3,2,10,23,25,356,43,25,53,021,45,26,26,226,16,28,23,292,26,6*66
$GPGSV,3,3,10,29,57,148,26,31,21,260,25,6*60
$GPGSV,2,1,05,18,67,259,27,23,25,356,46,25,53,021,53,26,26,226,20,8*6C
$GPGSV,2,2,05,28,23,292,28,8*50
$GPGSV,1,1,03,15,09,058,,20,01,085,,21,08,142,,0*54
$GLGSV,3,1,09,66,01,154,08,67,15,104,23,68,09,055,22,74,14,209,16,1*76
$GLGSV,3,2,09,79,01,017,12,80,49,355,49,82,25,145,32,83,53,210,10,1*72
$GLGSV,3,3,09,84,24,276,07,1*4F
$GLGSV,2,1,07,68,09,055,22,73,57,243,23,79,01,017,13,80,49,355,41,3*73
$GLGSV,2,2,07,82,25,145,35,83,53,210,09,84,24,276,18,3*41
$GAGSV,2,1,06,10,36,143,39,11,65,156,28,14,22,090,27,16,39,044,39,1*7D
$GAGSV,2,2,06,25,88,143,33,36,58,298,25,1*7E
$GAGSV,1,1,03,10,36,143,34,16,39,044,47,25,88,143,34,5*4F
$GAGSV,2,1,07,02,32,221,18,10,36,143,34,11,65,156,18,14,22,090,26,7*79
$GAGSV,2,2,07,16,39,044,44,25,88,143,35,36,58,298,19,7*4D
$GAGSV,1,1,02,12,14,138,,34,08,312,,0*75
$GBGSV,3,1,09,12,22,099,29,19,24,070,33,20,15,118,13,22,10,019,20,3*79
$GBGSV,3,2,09,24,25,230,16,29,24,120,42,31,35,257,15,35,60,181,29,3*70
$GBGSV,3,3,09,39,31,000,49,3*48
$GBGSV,3,1,10,12,22,099,26,19,24,070,39,20,15,118,14,22,10,019,22,5*77
$GBGSV,3,2,10,24,25,230,28,26,53,281,18,29,24,120,39,31,35,257,15,5*7C
$GBGSV,3,3,10,35,60,181,23,39,31,000,46,5*70
$GBGSV,3,1,09,12,22,099,32,19,24,070,35,22,10,019,31,24,25,230,24,8*74
$GBGSV,3,2,09,26,53,281,22,29,24,120,42,31,35,257,21,35,60,181,18,8*70
$GBGSV,3,3,09,39,31,000,45,8*4F
$GBGSV,1,1,01,11,04,112,,0*40
$GNGLL,3001.74363,S,05112.75101,W,170400.00,A,A*78
$GNRMC,170401.00,A,3001.74363,S,05112.75101,W,0.013,,090926,,,A,V*1C
$GNVTG,,T,,M,0.013,N,0.024,K,A*39
$GNGGA,170401.00,3001.74363,S,05112.75101,W,1,12,0.73,49.5,M,4.8,M,,*4F
$GNGSA,M,3,18,23,25,26,28,29,31,05,12,13,,,1.37,0.73,1.16,1*06
$GNGSA,M,3,84,82,80,,,,,,,,,,1.37,0.73,1.16,2*07
$GNGSA,M,3,25,36,10,11,16,,,,,,,,1.37,0.73,1.16,3*0C
$GNGSA,M,3,12,19,22,24,26,29,31,35,39,,,,1.37,0.73,1.16,4*03
$GPGSV,3,1,09,05,37,124,45,12,20,036,41,13,14,031,19,23,25,356,46,1*60
$GPGSV,3,2,09,25,53,021,50,26,26,226,15,28,23,292,25,29,57,148,32,1*69
$GPGSV,3,3,09,31,21,260,29,1*53
$GPGSV,3,1,10,05,37,124,41,12,20,036,28,13,14,031,20,18,67,259,22,6*6C
$GPGSV,3,2,10,23,25,356,43,25,53,021,45,26,26,226,16,28,23,292,26,6*66
$GPGSV,3,3,10,29,57,148,26,31,21,260,25,6*60
$GPGSV,2,1,05,18,67,259,27,23,25,356,46,25,53,021,53,26,26,226,20,8*6C
$GPGSV,2,2,05,28,23,292,28,8*50
$GPGSV,1,1,03,15,09,058,,20,01,085,,21,08,142,,0*54
$GLGSV,3,1,09,66,01,154,09,67,15,104,22,68,09,055,22,74,14,209,17,1*77
$GLGSV,3,2,09,79,01,017,12,80,49,355,48,82,25,145,32,83,53,210,10,1*73
$GLGSV,3,3,09,84,24,276,07,1*4F
$GLGSV,2,1,07,68,09,055,21,73,57,243,23,79,01,017,15,80,49,355,41,3*76
$GLGSV,2,2,07,82,25,145,34,83,53,210,09,84,24,276,17,3*4F
$GAGSV,2,1,06,10,36,143,39,11,65,156,28,14,22,090,27,16,39,044,39,1*7D
$GAGSV,2,2,06,25,88,143,34,36,58,298,25,1*79
$GAGSV,1,1,03,10,36,143,34,16,39,044,47,25,88,143,34,5*4F
$GAGSV,2,1,07,02,32,221,18,10,36,143,34,11,65,156,18,14,22,090,27,7*78
$GAGSV,2,2,07,16,39,044,44,25,88,143,35,36,58,298,19,7*4D
$GAGSV,1,1,02,12,14,138,,34,08,312,,0*75
$GBGSV,3,1,09,12,22,099,29,19,24,070,33,20,15,118,12,22,10,019,20,3*78
$GBGSV,3,2,09,24,25,230,17,29,24,120,42,31,35,257,09,35,60,181,29,3*7C
$GBGSV,3,3,09,39,31,000,49,3*48
$GBGSV,3,1,10,12,22,099,26,19,24,070,39,20,15,118,14,22,10,019,22,5*77
$GBGSV,3,2,10,24,25,230,28,26,53,281,17,29,24,120,39,31,35,257,16,5*70
$GBGSV,3,3,10,35,60,181,22,39,31,000,46,5*71
$GBGSV,3,1,09,12,22,099,32,19,24,070,35,22,10,019,31,24,25,230,25,8*75
$GBGSV,3,2,09,26,53,281,23,29,24,120,42,31,35,257,21,35,60,181,18,8*71
$GBGSV,3,3,09,39,31,000,45,8*4F
$GBGSV,1,1,01,11,04,112,,0*40
$GNGLL,3001.74363,S,05112.75101,W,170401.00,A,A*79
$GNRMC,170402.00,A,3001.74363,S,05112.75101,W,0.015,,090926,,,A,V*19
$GNVTG,,T,,M,0.015,N,0.027,K,A*3C
$GNGGA,170402.00,3001.74363,S,05112.75101,W,1,12,0.73,49.5,M,4.8,M,,*4C
$GNGSA,M,3,18,23,25,26,28,29,31,05,12,13,,,1.37,0.73,1.16,1*06
$GNGSA,M,3,84,82,80,,,,,,,,,,1.37,0.73,1.16,2*07
$GNGSA,M,3,25,36,10,11,16,,,,,,,,1.37,0.73,1.16,3*0C
$GNGSA,M,3,12,19,22,24,26,29,31,35,39,,,,1.37,0.73,1.16,4*03
$GPGSV,3,1,09,05,37,124,45,12,20,036,40,13,14,031,19,23,25,356,46,1*61
$GPGSV,3,2,09,25,53,021,50,26,26,226,15,28,23,292,25,29,57,148,32,1*69
$GPGSV,3,3,09,31,21,260,29,1*53
$GPGSV,3,1,10,05,37,124,41,12,20,036,28,13,14,031,20,18,67,259,22,6*6C
$GPGSV,3,2,10,23,25,356,44,25,53,021,45,26,26,226,17,28,23,292,25,6*63
$GPGSV,3,3,10,29,57,148,26,31,21,260,25,6*60
$GPGSV,2,1,05,18,67,259,27,23,25,356,46,25,53,021,53,26,26,226,20,8*6C
$GPGSV,2,2,05,28,23,292,28,8*50
$GPGSV,1,1,03,15,09,058,,20,01,085,,21,08,142,,0*54
$GLGSV,3,1,09,66,01,154,08,67,15,104,22,68,09,055,21,74,14,209,17,1*75
$GLGSV,3,2,09,79,01,017,07,80,49,355,48,82,25,145,31,83,53,210,06,1*73
$GLGSV,3,3,09,84,24,276,02,1*4A
$GLGSV,2,1,07,68,09,055,21,73,57,243,24,79,01,017,18,80,49,355,41,3*7C
$GLGSV,2,2,07,82,25,145,35,83,53,210,04,84,24,276,18,3*4C
$GAGSV,2,1,06,10,36,143,39,11,65,156,28,14,22,090,27,16,39,044,39,1*7D
$GAGSV,2,2,06,25,88,143,34,36,58,298,25,1*79
$GAGSV,1,1,03,10,36,143,34,16,39,044,47,25,88,143,34,5*4F
$GAGSV,2,1,07,02,32,221,17,10,36,143,34,11,65,156,18,14,22,090,26,7*76
$GAGSV,2,2,07,16,39,044,44,25,88,143,36,36,58,298,19,7*4E
$GAGSV,1,1,02,12,14,138,,34,08,312,,0*75
$GBGSV,3,1,09,12,22,099,30,19,24,070,33,20,15,118,12,22,10,019,20,3*70
$GBGSV,3,2,09,24,25,230,19,29,24,120,42,31,35,257,18,35,60,181,29,3*72
$GBGSV,3,3,09,39,31,000,49,3*48
$GBGSV,3,1,10,12,22,099,26,19,24,070,39,20,15,118,14,22,10,019,22,5*77
$GBGSV,3,2,10,24,25,230,28,26,53,281,17,29,24,120,39,31,35,257,17,5*71
$GBGSV,3,3,10,35,60,181,22,39,31,000,46,5*71
$GBGSV,3,1,09,12,22,099,32,19,24,070,35,22,10,019,31,24,25,230,25,8*75
$GBGSV,3,2,09,26,53,281,23,29,24,120,42,31,35,257,21,35,60,181,19,8*70
$GBGSV,3,3,09,39,31,000,45,8*4F
$GBGSV,1,1,01,11,04,112,,0*40
$GNGLL,3001.74363,S,05112.75101,W,170402.00,A,A*7A
$GNRMC,170403.00,A,3001.74363,S,05112.75100,W,0.007,,090926,,,A,V*1A
$GNVTG,,T,,M,0.007,N,0.013,K,A*38
$GNGGA,170403.00,3001.74363,S,05112.75100,W,1,12,0.73,49.5,M,4.8,M,,*4C
$GNGSA,M,3,18,23,25,26,28,29,31,05,12,13,,,1.37,0.73,1.16,1*06
$GNGSA,M,3,84,82,80,,,,,,,,,,1.37,0.73,1.16,2*07
$GNGSA,M,3,25,36,10,11,16,,,,,,,,1.37,0.73,1.16,3*0C
$GNGSA,M,3,12,19,22,24,26,29,31,35,39,,,,1.37,0.73,1.16,4*03
$GPGSV,3,1,10,05,37,124,45,12,20,036,40,13,14,031,19,15,09,058,23,1*6C
$GPGSV,3,2,10,23,25,356,46,25,53,021,50,26,26,226,15,28,23,292,25,1*60
$GPGSV,3,3,10,29,57,148,32,31,21,260,29,1*6E
$GPGSV,3,1,10,05,37,124,41,12,20,036,28,13,14,031,20,18,67,259,22,6*6C
$GPGSV,3,2,10,23,25,356,44,25,53,021,45,26,26,226,18,28,23,292,25,6*6C
$GPGSV,3,3,10,29,57,148,26,31,21,260,25,6*60
$GPGSV,2,1,05,18,67,259,27,23,25,356,46,25,53,021,53,26,26,226,20,8*6C
$GPGSV,2,2,05,28,23,292,28,8*50
$GPGSV,1,1,02,20,01,085,,21,08,142,,0*65
$GLGSV,3,1,09,66,01,154,11,67,15,104,21,68,09,055,21,74,14,209,16,1*7F
$GLGSV,3,2,09,79,01,017,09,80,49,355,48,82,25,145,32,83,53,210,07,1*7F
$GLGSV,3,3,09,84,24,276,06,1*4E
$GLGSV,2,1,07,68,09,055,20,73,57,243,24,79,01,017,19,80,49,355,41,3*7C
$GLGSV,2,2,07,82,25,145,35,83,53,210,07,84,24,276,18,3*4F
$GAGSV,2,1,06,10,36,143,39,11,65,156,28,14,22,090,27,16,39,044,39,1*7D
$GAGSV,2,2,06,25,88,143,34,36,58,298,25,1*79
$GAGSV,1,1,03,10,36,143,34,16,39,044,47,25,88,143,34,5*4F
$GAGSV,2,1,07,02,32,221,17,10,36,143,34,11,65,156,17,14,22,090,26,7*79
$GAGSV,2,2,07,16,39,044,44,25,88,143,36,36,58,298,18,7*4F
$GAGSV,1,1,02,12,14,138,,34,08,312,,0*75
$GBGSV,3,1,09,12,22,099,30,19,24,070,33,20,15,118,12,22,10,019,20,3*70
$GBGSV,3,2,09,24,25,230,21,29,24,120,42,31,35,257,14,35,60,181,29,3*75
$GBGSV,3,3,09,39,31,000,48,3*49
$GBGSV,3,1,10,12,22,099,26,19,24,070,39,20,15,118,14,22,10,019,23,5*76
$GBGSV,3,2,10,24,25,230,28,26,53,281,18,29,24,120,39,31,35,257,17,5*7E
$GBGSV,3,3,10,35,60,181,22,39,31,000,46,5*71
$GBGSV,3,1,09,12,22,099,31,19,24,070,35,22,10,019,31,24,25,230,25,8*76
$GBGSV,3,2,09,26,53,281,23,29,24,120,42,31,35,257,21,35,60,181,18,8*71
$GBGSV,3,3,09,39,31,000,45,8*4F
$GBGSV,1,1,01,11,04,112,,0*40
$GNGLL,3001.74363,S,05112.75100,W,170403.00,A,A*7A
$GNRMC,170404.00,A,3001.74363,S,05112.75100,W,0.005,,090926,,,A,V*1F
$GNVTG,,T,,M,0.005,N,0.010,K,A*39
$GNGGA,170404.00,3001.74363,S,05112.75100,W,1,12,0.73,49.5,M,4.8,M,,*4B
$GNGSA,M,3,18,23,25,26,28,29,31,05,12,13,,,1.37,0.73,1.16,1*06
$GNGSA,M,3,84,82,80,,,,,,,,,,1.37,0.73,1.16,2*07
$GNGSA,M,3,25,36,10,11,16,,,,,,,,1.37,0.73,1.16,3*0C
$GNGSA,M,3,12,19,22,24,26,29,31,35,39,,,,1.37,0.73,1.16,4*03
$GPGSV,3,1,09,05,37,124,45,12,20,036,40,13,14,031,19,23,25,356,46,1*61
$GPGSV,3,2,09,25,53,021,50,26,26,226,12,28,23,292,26,29,57,148,32,1*6D
$GPGSV,3,3,09,31,21,260,29,1*53
$GPGSV,3,1,10,05,37,124,41,12,20,036,28,13,14,031,20,18,67,259,21,6*6F
$GPGSV,3,2,10,23,25,356,44,25,53,021,45,26,26,226,18,28,23,292,25,6*6C
$GPGSV,3,3,10,29,57,148,26,31,21,260,25,6*60
$GPGSV,2,1,05,18,67,259,26,23,25,356,46,25,53,021,53,26,26,226,19,8*67
$GPGSV,2,2,05,28,23,292,28,8*50
$GPGSV,1,1,03,15,09,058,,20,01,085,,21,08,142,,0*54
$GLGSV,3,1,09,66,01,154,15,67,15,104,21,68,09,055,21,74,14,209,16,1*7B
$GLGSV,3,2,09,79,01,017,15,80,49,355,49,82,25,145,32,83,53,210,10,1*75
$GLGSV,3,3,09,84,24,276,08,1*40
$GLGSV,2,1,07,68,09,055,20,73,57,243,25,79,01,017,21,80,49,355,41,3*76
$GLGSV,2,2,07,82,25,145,35,83,53,210,10,84,24,276,18,3*49
$GAGSV,2,1,06,10,36,143,39,11,65,156,28,14,22,090,27,16,39,044,39,1*7D
$GAGSV,2,2,06,25,88,143,34,36,58,298,25,1*79
$GAGSV,1,1,03,10,36,143,34,16,39,044,47,25,88,143,34,5*4F
$GAGSV,2,1,07,02,32,221,17,10,36,143,34,11,65,156,17,14,22,090,27,7*78
$GAGSV,2,2,07,16,39,044,44,25,88,143,36,36,58,298,18,7*4F
$GAGSV,1,1,02,12,14,138,,34,08,312,,0*75
$GBGSV,3,1,09,12,22,099,30,19,24,070,33,20,15,118,14,22,10,019,20,3*76
$GBGSV,3,2,09,24,25,230,22,29,24,120,42,31,35,257,14,35,60,181,29,3*76
$GBGSV,3,3,09,39,31,000,49,3*48
$GBGSV,3,1,10,12,22,099,26,19,24,070,39,20,15,118,15,22,10,019,23,5*77
$GBGSV,3,2,10,24,25,230,28,26,53,281,18,29,24,120,39,31,35,257,16,5*7F
$GBGSV,3,3,10,35,60,181,22,39,31,000,46,5*71
$GBGSV,3,1,09,12,22,099,31,19,24,070,35,22,10,019,31,24,25,230,25,8*76
$GBGSV,3,2,09,26,53,281,23,29,24,120,42,31,35,257,21,35,60,181,19,8*70
$GBGSV,3,3,09,39,31,000,45,8*4F
$GBGSV,1,1,01,11,04,111,,0*43
$GNGLL,3001.74363,S,05112.75100,W,170404.00,A,A*7D
$GNRMC,170405.00,A,3001.74364,S,05112.75101,W,0.014,,090926,,,A,V*18
$GNVTG,,T,,M,0.014,N,0.026,K,A*3C
$GNGGA,170405.00,3001.74364,S,05112.75101,W,1,12,0.73,49.5,M,4.8,M,,*4C
$GNGSA,M,3,18,23,25,26,28,29,31,05,12,13,,,1.37,0.73,1.16,1*06
$GNGSA,M,3,84,82,80,,,,,,,,,,1.37,0.73,1.16,2*07
$GNGSA,M,3,25,36,10,11,16,,,,,,,,1.37,0.73,1.16,3*0C
$GNGSA,M,3,12,19,22,24,26,29,31,35,39,,,,1.37,0.73,1.16,4*03
$GPGSV,3,1,09,05,37,124,45,12,20,036,41,13,14,031,19,23,25,356,46,1*60
$GPGSV,3,2,09,25,53,021,50,26,26,226,09,28,23,292,26,29,57,148,33,1*66
$GPGSV,3,3,09,31,21,260,29,1*53
$GPGSV,3,1,10,05,37,124,41,12,20,036,28,13,14,031,20,18,67,259,21,6*6F
$GPGSV,3,2,10,23,25,356,44,25,53,021,45,26,26,226,19,28,23,292,25,6*6D
$GPGSV,3,3,10,29,57,148,26,31,21,260,25,6*60
$GPGSV,2,1,05,18,67,259,27,23,25,356,46,25,53,021,53,26,26,226,19,8*66
$GPGSV,2,2,05,28,23,292,28,8*50
$GPGSV,1,1,03,15,09,058,,20,01,085,,21,08,142,,0*54
$GLGSV,3,1,10,66,01,154,13,67,15,104,20,68,09,055,21,73,57,243,16,1*7A
$GLGSV,3,2,10,74,14,209,13,79,01,017,17,80,49,355,49,82,25,145,32,1*7F
$GLGSV,3,3,10,83,53,210,12,84,24,276,08,1*75
$GLGSV,2,1,07,68,09,055,19,73,57,243,25,79,01,017,23,80,49,355,41,3*7E
$GLGSV,2,2,07,82,25,145,35,83,53,210,13,84,24,276,20,3*41
$GAGSV,2,1,06,10,36,143,39,11,65,156,28,14,22,090,27,16,39,044,39,1*7D
$GAGSV,2,2,06,25,88,143,34,36,58,298,25,1*79
$GAGSV,1,1,03,10,36,143,34,16,39,044,47,25,88,143,34,5*4F
$GAGSV,2,1,07,02,32,221,16,10,36,143,34,11,65,156,14,14,22,090,27,7*7A
$GAGSV,2,2,07,16,39,044,44,25,88,143,36,36,58,298,17,7*40
$GAGSV,1,1,02,12,14,138,,34,08,312,,0*75
$GBGSV,2,1,08,12,22,100,30,19,24,070,33,20,15,118,14,22,10,019,20,3*77
$GBGSV,2,2,08,24,25,230,24,29,24,120,42,35,60,181,29,39,31,000,48,3*75
$GBGSV,3,1,10,12,22,100,26,19,24,070,39,20,15,118,15,22,10,019,23,5*76
$GBGSV,3,2,10,24,25,230,28,26,53,281,18,29,24,120,39,31,35,257,16,5*7F
$GBGSV,3,3,10,35,60,181,22,39,31,000,46,5*71
$GBGSV,3,1,09,12,22,100,31,19,24,070,35,22,10,019,31,24,25,230,25,8*77
$GBGSV,3,2,09,26,53,281,23,29,24,120,42,31,35,257,20,35,60,181,18,8*70
$GBGSV,3,3,09,39,31,000,45,8*4F
$GBGSV,1,1,01,11,04,111,,0*43
$GNGLL,3001.74364,S,05112.75101,W,170405.00,A,A*7A
$GNRMC,170406.00,A,3001.74363,S,05112.75100,W,0.033,,090926,,,A,V*18
$GNVTG,,T,,M,0.033,N,0.061,K,A*3A
$GNGGA,170406.00,3001.74363,S,05112.75100,W,1,12,0.62,49.5,M,4.8,M,,*49
$GNGSA,M,3,18,23,25,26,28,29,31,05,12,13,,,1.20,0.62,1.03,1*04
$GNGSA,M,3,84,83,82,80,,,,,,,,,1.20,0.62,1.03,2*0E
$GNGSA,M,3,25,36,10,11,16,,,,,,,,1.20,0.62,1.03,3*0E
$GNGSA,M,3,12,19,22,24,26,29,31,35,39,,,,1.20,0.62,1.03,4*01
$GPGSV,3,1,09,05,37,124,45,12,20,036,41,13,14,031,18,23,25,356,46,1*61
$GPGSV,3,2,09,25,53,021,50,26,26,226,13,28,23,292,26,29,57,148,33,1*6D
$GPGSV,3,3,09,31,21,260,29,1*53
$GPGSV,3,1,10,05,37,124,41,12,20,036,28,13,14,031,20,18,67,259,21,6*6F
$GPGSV,3,2,10,23,25,356,44,25,53,021,45,26,26,226,18,28,23,292,24,6*6D
$GPGSV,3,3,10,29,57,148,26,31,21,260,26,6*63
$GPGSV,2,1,05,18,67,259,27,23,25,356,46,25,53,021,53,26,26,226,19,8*66
$GPGSV,2,2,05,28,23,292,27,8*5F
$GPGSV,1,1,03,15,09,058,,20,01,085,,21,08,142,,0*54
$GLGSV,3,1,10,66,01,154,12,67,15,104,20,68,09,055,21,73,57,243,15,1*78
$GLGSV,3,2,10,74,14,209,11,79,01,017,19,80,49,355,49,82,25,145,32,1*73
$GLGSV,3,3,10,83,53,210,12,84,24,276,18,1*74
$GLGSV,2,1,07,68,09,055,18,73,57,243,26,79,01,017,25,80,49,355,41,3*7A
$GLGSV,2,2,07,82,25,145,34,83,53,210,15,84,24,276,20,3*46
$GAGSV,2,1,06,10,36,143,39,11,65,156,28,14,22,090,27,16,39,044,39,1*7D
$GAGSV,2,2,06,25,88,143,34,36,58,298,26,1*7A
$GAGSV,1,1,03,10,36,143,34,16,39,044,47,25,88,143,34,5*4F
$GAGSV,2,1,07,02,32,221,16,10,36,143,34,11,65,156,14,14,22,090,27,7*7A
$GAGSV,2,2,07,16,39,044,44,25,88,143,36,36,58,298,17,7*40
$GAGSV,1,1,02,12,14,138,,34,08,312,,0*75
$GBGSV,3,1,09,12,22,100,30,19,24,070,33,20,15,118,15,22,10,019,21,3*77
$GBGSV,3,2,09,24,25,230,25,29,24,120,42,31,35,257,22,35,60,181,29,3*74
$GBGSV,3,3,09,39,31,000,48,3*49
$GBGSV,3,1,10,12,22,100,25,19,24,070,39,20,15,118,15,22,10,019,23,5*75
$GBGSV,3,2,10,24,25,230,28,26,53,281,18,29,24,120,39,31,35,257,16,5*7F
$GBGSV,3,3,10,35,60,181,22,39,31,000,46,5*71
$GBGSV,3,1,09,12,22,100,31,19,24,070,35,22,10,019,31,24,25,230,25,8*77
$GBGSV,3,2,09,26,53,281,23,29,24,120,42,31,35,257,20,35,60,181,19,8*71
$GBGSV,3,3,09,39,31,000,45,8*4F
$GBGSV,1,1,01,11,04,111,,0*43
$GNGLL,3001.74363,S,05112.75100,W,170406.00,A,A*7F
$GNRMC,170407.00,A,3001.74364,S,05112.75100,W,0.014,,090926,,,A,V*1B
$GNVTG,,T,,M,0.014,N,0.027,K,A*3D
$GNGGA,170407.00,3001.74364,S,05112.75100,W,1,12,0.71,49.5,M,4.8,M,,*4D
$GNGSA,M,3,18,23,25,26,28,29,31,05,12,13,,,1.36,0.71,1.16,1*05
$GNGSA,M,3,84,83,82,80,,,,,,,,,1.36,0.71,1.16,2*0F
$GNGSA,M,3,25,36,10,11,16,,,,,,,,1.36,0.71,1.16,3*0F
$GNGSA,M,3,12,19,22,24,26,29,31,35,39,,,,1.36,0.71,1.16,4*00
$GPGSV,3,1,09,05,37,124,45,12,20,036,41,13,14,031,18,23,25,356,46,1*61
$GPGSV,3,2,09,25,53,021,50,26,26,226,15,28,23,292,26,29,57,148,33,1*6B
$GPGSV,3,3,09,31,21,260,29,1*53
$GPGSV,3,1,10,05,37,124,41,12,20,036,28,13,14,031,20,18,67,259,21,6*6F
$GPGSV,3,2,10,23,25,356,44,25,53,021,45,26,26,226,18,28,23,292,24,6*6D
$GPGSV,3,3,10,29,57,148,27,31,21,260,25,6*61
$GPGSV,2,1,05,18,67,259,27,23,25,356,46,25,53,021,53,26,26,226,19,8*66
$GPGSV,2,2,05,28,23,292,27,8*5F
$GPGSV,1,1,03,15,09,058,,20,01,085,,21,08,142,,0*54
$GLGSV,3,1,10,66,01,154,13,67,15,104,19,68,09,055,20,73,57,243,16,1*71
$GLGSV,3,2,10,74,14,209,09,79,01,017,20,80,49,355,49,82,25,145,32,1*70
$GLGSV,3,3,10,83,53,210,11,84,24,276,14,1*7B
$GLGSV,2,1,07,68,09,055,17,73,57,243,25,79,01,017,25,80,49,355,41,3*76
$GLGSV,2,2,07,82,25,145,35,83,53,210,15,84,24,276,20,3*47
$GAGSV,2,1,06,10,36,143,39,11,65,156,28,14,22,090,27,16,39,044,39,1*7D
$GAGSV,2,2,06,25,88,143,34,36,58,298,25,1*79
$GAGSV,1,1,03,10,36,143,34,16,39,044,47,25,88,143,34,5*4F
$GAGSV,2,1,07,02,32,221,16,10,36,143,34,11,65,156,14,14,22,090,27,7*7A
$GAGSV,2,2,07,16,39,044,44,25,88,143,36,36,58,298,15,7*42
$GAGSV,1,1,02,12,14,138,,34,08,312,,0*75
$GBGSV,3,1,09,12,22,100,30,19,24,070,33,20,15,118,13,22,10,019,21,3*71
$GBGSV,3,2,09,24,25,230,26,29,24,120,42,31,35,257,20,35,60,181,29,3*75
$GBGSV,3,3,09,39,31,000,48,3*49
$GBGSV,3,1,10,12,22,100,25,19,24,070,39,20,15,118,15,22,10,019,22,5*74
$GBGSV,3,2,10,24,25,230,28,26,53,281,19,29,24,120,39,31,35,257,16,5*7E
$GBGSV,3,3,10,35,60,181,22,39,31,000,46,5*71
$GBGSV,3,1,09,12,22,100,30,19,24,070,35,22,10,019,31,24,25,230,25,8*76
$GBGSV,3,2,09,26,53,281,23,29,24,120,42,31,35,257,21,35,60,181,18,8*71
$GBGSV,3,3,09,39,31,000,45,8*4F
$GBGSV,1,1,01,11,04,111,,0*43
$GNGLL,3001.74364,S,05112.75100,W,170407.00,A,A*79
$GNRMC,170408.00,A,3001.74364,S,05112.75101,W,0.043,,090926,,,A,V*17
$GNVTG,,T,,M,0.043,N,0.080,K,A*32
$GNGGA,170408.00,3001.74364,S,05112.75101,W,1,12,0.89,49.5,M,4.8,M,,*44
$GNGSA,M,3,18,23,25,26,28,29,31,05,12,13,,,1.70,0.89,1.45,1*06
$GNGSA,M,3,84,83,82,80,,,,,,,,,1.70,0.89,1.45,2*0C
$GNGSA,M,3,25,36,10,11,16,,,,,,,,1.70,0.89,1.45,3*0C
$GNGSA,M,3,12,19,22,24,26,29,31,35,39,,,,1.70,0.89,1.45,4*03
$GPGSV,3,1,09,05,37,124,45,12,20,036,40,13,14,031,18,23,25,356,46,1*60
$GPGSV,3,2,09,25,53,021,50,26,26,226,17,28,23,292,26,29,57,148,33,1*69
$GPGSV,3,3,09,31,21,260,29,1*53
$GPGSV,3,1,10,05,37,124,41,12,20,036,28,13,14,031,20,18,67,259,21,6*6F
$GPGSV,3,2,10,23,25,356,44,25,53,021,45,26,26,226,17,28,23,292,22,6*64
$GPGSV,3,3,10,29,57,148,27,31,21,260,25,6*61
$GPGSV,2,1,05,18,67,259,27,23,25,356,46,25,53,021,53,26,26,226,19,8*66
$GPGSV,2,2,05,28,23,292,27,8*5F
$GPGSV,1,1,03,15,09,058,,20,01,085,,21,08,142,,0*54
$GLGSV,3,1,10,66,01,154,12,67,15,104,19,68,09,055,19,73,57,243,17,1*7B
$GLGSV,3,2,10,74,14,209,11,79,01,017,20,80,49,355,49,82,25,145,32,1*79
$GLGSV,3,3,10,83,53,210,11,84,24,276,03,1*7D
$GLGSV,2,1,07,68,09,055,17,73,57,243,26,79,01,017,25,80,49,355,41,3*75
$GLGSV,2,2,07,82,25,145,34,83,53,210,15,84,24,276,20,3*46
$GAGSV,2,1,06,10,36,143,39,11,65,156,28,14,22,090,27,16,39,044,39,1*7D
$GAGSV,2,2,06,25,88,143,33,36,58,298,25,1*7E
$GAGSV,1,1,03,10,36,143,33,16,39,044,47,25,88,143,34,5*48
$GAGSV,2,1,07,02,32,221,16,10,36,143,34,11,65,156,13,14,22,090,26,7*7C
$GAGSV,2,2,07,16,39,044,44,25,88,143,36,36,58,298,16,7*41
$GAGSV,1,1,02,12,14,138,,34,08,312,,0*75
$GBGSV,3,1,09,12,22,100,30,19,25,071,33,20,15,118,12,22,10,019,21,3*70
$GBGSV,3,2,09,24,25,230,26,29,24,120,42,31,35,257,16,35,60,181,29,3*70
$GBGSV,3,3,09,39,31,000,49,3*48
$GBGSV,3,1,10,12,22,100,25,19,25,071,39,20,15,118,15,22,10,019,23,5*75
$GBGSV,3,2,10,24,25,230,28,26,53,281,19,29,24,120,39,31,35,257,15,5*7D
$GBGSV,3,3,10,35,60,181,22,39,31,000,46,5*71
$GBGSV,3,1,09,12,22,100,30,19,25,071,35,22,10,019,31,24,25,230,25,8*76
$GBGSV,3,2,09,26,53,281,23,29,24,120,42,31,35,257,21,35,60,181,19,8*70
$GBGSV,3,3,09,39,31,000,45,8*4F
$GBGSV,1,1,01,11,04,111,,0*43
$GNGLL,3001.74364,S,05112.75101,W,170408.00,A,A*77
$GNRMC,170409.00,A,3001.74365,S,05112.75102,W,0.018,,090926,,,A,V*1A
$GNVTG,,T,,M,0.018,N,0.034,K,A*33
$GNGGA,170409.00,3001.74365,S,05112.75102,W,1,12,0.95,49.5,M,4.8,M,,*4A
$GNGSA,M,3,18,23,25,26,28,29,31,05,12,13,,,1.76,0.95,1.49,1*01
$GNGSA,M,3,84,82,80,,,,,,,,,,1.76,0.95,1.49,2*00
$GNGSA,M,3,25,36,10,11,16,,,,,,,,1.76,0.95,1.49,3*0B
$GNGSA,M,3,12,19,22,24,26,29,31,35,39,,,,1.76,0.95,1.49,4*04
$GPGSV,3,1,09,05,37,124,45,12,20,036,40,13,14,031,18,23,25,356,46,1*60
$GPGSV,3,2,09,25,53,021,50,26,26,226,17,28,23,292,26,29,57,148,33,1*69
$GPGSV,3,3,09,31,21,260,29,1*53
$GPGSV,3,1,10,05,37,124,41,12,20,036,28,13,14,031,20,18,67,259,20,6*6E
$GPGSV,3,2,10,23,25,356,44,25,53,021,45,26,26,226,18,28,23,292,22,6*6B
$GPGSV,3,3,10,29,57,148,27,31,21,260,25,6*61
$GPGSV,2,1,05,18,67,259,27,23,25,356,46,25,53,021,53,26,26,226,18,8*67
$GPGSV,2,2,05,28,23,292,28,8*50
$GPGSV,1,1,03,15,09,058,,20,01,085,,21,08,142,,0*54
$GLGSV,3,1,10,66,01,154,09,67,15,104,20,68,09,055,18,73,57,243,18,1*75
$GLGSV,3,2,10,74,14,209,10,79,01,017,18,80,49,355,49,82,25,145,33,1*72
$GLGSV,3,3,10,83,53,210,09,84,24,276,08,1*7F
$GLGSV,2,1,07,68,09,055,16,73,57,243,25,79,01,017,24,80,49,355,41,3*76
$GLGSV,2,2,07,82,25,145,35,83,53,210,14,84,24,276,20,3*46
$GAGSV,2,1,07,02,32,221,13,10,36,143,39,11,65,156,28,14,22,090,28,1*74
$GAGSV,2,2,07,16,39,044,39,25,88,143,34,36,58,298,25,1*4F
$GAGSV,1,1,03,10,36,143,34,16,39,044,47,25,88,143,34,5*4F
$GAGSV,2,1,07,02,32,221,17,10,36,143,34,11,65,156,14,14,22,090,27,7*7B
$GAGSV,2,2,07,16,39,044,44,25,88,143,36,36,58,298,16,7*41
$GAGSV,1,1,02,12,14,138,,34,08,312,,0*75
$GBGSV,3,1,09,12,22,100,31,19,25,071,33,20,15,119,09,22,10,019,21,3*7A
$GBGSV,3,2,09,24,25,230,27,29,24,120,42,31,35,257,17,35,60,181,29,3*70
$GBGSV,3,3,09,39,31,000,49,3*48
$GBGSV,3,1,10,12,22,100,25,19,25,071,39,20,15,119,15,22,10,019,23,5*74
$GBGSV,3,2,10,24,25,230,28,26,53,281,19,29,24,120,39,31,35,257,14,5*7C
$GBGSV,3,3,10,35,60,181,21,39,31,000,46,5*72
$GBGSV,3,1,09,12,22,100,30,19,25,071,35,22,10,019,31,24,25,230,25,8*76
$GBGSV,3,2,09,26,53,281,24,29,24,120,42,31,35,257,20,35,60,181,18,8*77
$GBGSV,3,3,09,39,31,000,45,8*4F
$GBGSV,1,1,01,11,04,111,,0*43
$GNGLL,3001.74365,S,05112.75102,W,170409.00,A,A*74
$GNRMC,170410.00,A,3001.74366,S,05112.75104,W,0.030,,090926,,,A,V*1D
$GNVTG,,T,,M,0.030,N,0.056,K,A*3D
$GNGGA,170410.00,3001.74366,S,05112.75104,W,1,12,0.91,49.5,M,4.8,M,,*43
$GNGSA,M,3,18,23,25,26,28,29,31,05,12,13,,,1.71,0.91,1.45,1*0E
$GNGSA,M,3,84,83,82,80,,,,,,,,,1.71,0.91,1.45,2*04
$GNGSA,M,3,25,36,10,11,16,,,,,,,,1.71,0.91,1.45,3*04
$GNGSA,M,3,12,19,22,24,26,29,31,35,39,,,,1.71,0.91,1.45,4*0B
$GPGSV,3,1,09,05,37,124,45,12,20,036,41,13,14,031,19,23,25,356,46,1*60
$GPGSV,3,2,09,25,53,021,50,26,26,226,17,28,23,292,26,29,57,148,33,1*69
$GPGSV,3,3,09,31,21,260,29,1*53
$GPGSV,3,1,10,05,37,124,41,12,20,036,28,13,14,031,20,18,67,259,20,6*6E
$GPGSV,3,2,10,23,25,356,44,25,53,021,45,26,26,226,18,28,23,292,22,6*6B
$GPGSV,3,3,10,29,57,148,27,31,21,260,25,6*61
$GPGSV,2,1,05,18,67,259,27,23,25,356,46,25,53,021,53,26,26,226,17,8*68
$GPGSV,2,2,05,28,23,292,27,8*5F
$GPGSV,1,1,03,15,09,058,,20,01,085,,21,08,142,,0*54
$GLGSV,3,1,10,66,01,154,10,67,15,104,19,68,09,055,17,73,57,243,19,1*79
$GLGSV,3,2,10,74,14,209,11,79,01,017,16,80,49,355,49,82,25,145,32,1*7C
$GLGSV,3,3,10,83,53,210,08,84,24,276,12,1*75
$GLGSV,2,1,07,68,09,055,15,73,57,243,25,79,01,017,22,80,49,355,41,3*73
$GLGSV,2,2,07,82,25,145,34,83,53,210,15,84,24,276,20,3*46
$GAGSV,2,1,07,02,32,221,13,10,36,143,39,11,65,156,28,14,22,090,28,1*74
$GAGSV,2,2,07,16,39,044,39,25,88,143,34,36,58,298,25,1*4F
$GAGSV,1,1,03,10,36,143,33,16,39,044,47,25,88,143,34,5*48
$GAGSV,2,1,07,02,32,221,16,10,36,143,34,11,65,156,14,14,22,090,27,7*7A
$GAGSV,2,2,07,16,39,044,44,25,88,143,36,36,58,298,16,7*41
$GAGSV,1,1,02,12,14,138,,34,08,312,,0*75
$GBGSV,3,1,09,12,22,100,31,19,25,071,34,20,15,119,09,22,10,019,21,3*7D
$GBGSV,3,2,09,24,25,230,27,29,24,120,42,31,35,257,16,35,60,181,29,3*71
$GBGSV,3,3,09,39,31,000,49,3*48
$GBGSV,3,1,10,12,22,100,25,19,25,071,39,20,15,119,15,22,10,019,23,5*74
$GBGSV,3,2,10,24,25,230,28,26,53,281,18,29,24,120,39,31,35,257,15,5*7C
$GBGSV,3,3,10,35,60,181,22,39,31,000,46,5*71
$GBGSV,3,1,10,12,22,100,30,19,25,071,35,20,15,119,15,22,10,019,31,8*72
$GBGSV,3,2,10,24,25,230,25,26,53,281,24,29,24,120,42,31,35,257,20,8*79
$GBGSV,3,3,10,35,60,181,19,39,31,000,45,8*77
$GBGSV,1,1,01,11,04,111,,0*43
$GNGLL,3001.74366,S,05112.75104,W,170410.00,A,A*79
$GNRMC,170411.00,A,3001.74366,S,05112.75105,W,0.022,,090926,,,A,V*1E
$GNVTG,,T,,M,0.022,N,0.040,K,A*39
$GNGGA,170411.00,3001.74366,S,05112.75105,W,1,12,0.89,49.5,M,4.8,M,,*4A
$GNGSA,M,3,18,23,25,26,28,29,31,05,12,13,,,1.70,0.89,1.45,1*06
$GNGSA,M,3,84,83,82,80,,,,,,,,,1.70,0.89,1.45,2*0C
$GNGSA,M,3,25,36,10,11,16,,,,,,,,1.70,0.89,1.45,3*0C
$GNGSA,M,3,12,19,22,24,26,29,31,35,39,,,,1.70,0.89,1.45,4*03
$GPGSV,3,1,09,05,37,124,45,12,20,036,40,13,14,031,19,23,25,356,46,1*61
$GPGSV,3,2,09,25,53,021,50,26,26,226,18,28,23,292,26,29,57,148,34,1*61
$GPGSV,3,3,09,31,21,260,29,1*53
$GPGSV,3,1,10,05,37,124,41,12,20,036,28,13,14,031,20,18,67,259,21,6*6F
$GPGSV,3,2,10,23,25,356,44,25,53,021,45,26,26,226,19,28,23,292,22,6*6A
$GPGSV,3,3,10,29,57,148,27,31,21,260,25,6*61
$GPGSV,2,1,05,18,67,259,27,23,25,356,46,25,53,021,53,26,26,226,17,8*68
$GPGSV,2,2,05,28,23,292,27,8*5F
$GPGSV,1,1,03,15,09,058,,20,01,085,,21,08,142,,0*54
$GLGSV,3,1,10,66,01,154,08,67,15,104,20,68,09,055,15,73,57,243,19,1*78
$GLGSV,3,2,10,74,14,209,13,79,01,017,14,80,49,355,49,82,25,145,32,1*7C
$GLGSV,3,3,10,83,53,210,03,84,24,276,10,1*7C
$GLGSV,2,1,08,67,15,104,17,68,09,055,15,73,57,243,25,79,01,017,21,3*7A
$GLGSV,2,2,08,80,49,355,41,82,25,145,34,83,53,210,15,84,24,276,19,3*70
$GAGSV,2,1,07,02,32,221,12,10,36,143,39,11,65,156,28,14,22,090,27,1*7A
$GAGSV,2,2,07,16,39,044,39,25,88,143,33,36,58,298,25,1*48
$GAGSV,1,1,03,10,36,143,33,16,39,044,47,25,88,143,34,5*48
$GAGSV,2,1,07,02,32,221,16,10,36,143,34,11,65,156,13,14,22,090,27,7*7D
$GAGSV,2,2,07,16,39,044,44,25,88,143,36,36,58,298,15,7*42
$GAGSV,1,1,02,12,14,138,,34,08,312,,0*75
$GBGSV,3,1,09,12,22,100,30,19,25,071,34,20,15,119,10,22,11,020,22,3*7C
$GBGSV,3,2,09,24,25,230,27,29,24,120,42,31,35,257,15,35,60,181,29,3*72
$GBGSV,3,3,09,39,31,000,49,3*48
$GBGSV,3,1,10,12,22,100,25,19,25,071,39,20,15,119,15,22,11,020,23,5*7F
$GBGSV,3,2,10,24,25,230,28,26,53,281,18,29,24,120,39,31,35,257,15,5*7C
$GBGSV,3,3,10,35,60,181,22,39,31,000,46,5*71
$GBGSV,3,1,10,12,22,100,30,19,25,071,35,20,15,119,14,22,11,020,31,8*78
$GBGSV,3,2,10,24,25,230,25,26,53,281,25,29,24,120,41,31,35,257,20,8*7B
$GBGSV,3,3,10,35,60,181,19,39,31,000,45,8*77
$GBGSV,1,1,01,11,04,111,,0*43
$GNGLL,3001.74366,S,05112.75105,W,170411.00,A,A*79
$GNRMC,170412.00,A,3001.74366,S,05112.75105,W,0.010,,090926,,,A,V*1C
$GNVTG,,T,,M,0.010,N,0.019,K,A*34
$GNGGA,170412.00,3001.74366,S,05112.75105,W,1,12,0.95,49.6,M,4.8,M,,*47
$GNGSA,M,3,18,23,25,26,28,29,31,05,12,13,,,1.76,0.95,1.49,1*01
$GNGSA,M,3,84,82,80,,,,,,,,,,1.76,0.95,1.49,2*00
$GNGSA,M,3,25,36,10,11,16,,,,,,,,1.76,0.95,1.49,3*0B
$GNGSA,M,3,12,19,22,24,26,29,31,35,39,,,,1.76,0.95,1.49,4*04
$GPGSV,3,1,09,05,37,124,45,12,20,036,40,13,14,031,20,23,25,356,46,1*6B
$GPGSV,3,2,09,25,53,021,50,26,26,226,16,28,23,292,26,29,57,148,34,1*6F
$GPGSV,3,3,09,31,21,260,28,1*52
$GPGSV,3,1,10,05,37,124,41,12,20,036,28,13,14,031,21,18,67,259,21,6*6E
$GPGSV,3,2,10,23,25,356,44,25,53,021,45,26,26,226,20,28,23,292,21,6*63
$GPGSV,3,3,10,29,57,148,27,31,21,260,25,6*61
$GPGSV,2,1,05,18,67,259,27,23,25,356,46,25,53,021,53,26,26,226,17,8*68
$GPGSV,2,2,05,28,23,292,27,8*5F
$GPGSV,1,1,03,15,09,058,,20,01,085,,21,08,142,,0*54
$GLGSV,3,1,10,66,01,154,08,67,15,104,21,68,09,055,14,73,57,243,19,1*78
$GLGSV,3,2,10,74,14,209,14,79,01,017,11,80,49,355,49,82,25,145,33,1*7F
$GLGSV,3,3,10,83,53,210,06,84,24,276,11,1*78
$GLGSV,2,1,08,67,15,104,16,68,09,055,15,73,57,243,24,79,01,017,19,3*71
$GLGSV,2,2,08,80,49,355,41,82,25,145,34,83,53,210,14,84,24,276,19,3*71
$GAGSV,2,1,07,02,32,221,10,10,36,143,39,11,65,156,28,14,22,090,27,1*78
$GAGSV,2,2,07,16,39,044,39,25,88,143,34,36,58,298,25,1*4F
$GAGSV,1,1,03,10,36,143,33,16,39,044,47,25,88,143,34,5*48
$GAGSV,2,1,07,02,32,221,16,10,36,143,34,11,65,156,15,14,22,090,27,7*7B
$GAGSV,2,2,07,16,39,044,44,25,88,143,36,36,58,298,13,7*44
$GAGSV,1,1,02,12,14,138,,34,08,312,,0*75
$GBGSV,3,1,10,12,22,100,30,19,25,071,34,20,15,119,20,22,11,020,22,3*77
$GBGSV,3,2,10,24,25,230,27,26,53,281,22,29,24,120,42,31,35,257,15,3*70
$GBGSV,3,3,10,35,60,181,28,39,31,000,49,3*72
$GBGSV,3,1,10,12,22,100,25,19,25,071,39,20,15,119,15,22,11,020,23,5*7F
$GBGSV,3,2,10,24,25,230,28,26,53,281,18,29,24,120,39,31,35,257,15,5*7C
$GBGSV,3,3,10,35,60,181,22,39,31,000,46,5*71
$GBGSV,3,1,10,12,22,100,29,19,25,071,35,20,15,119,13,22,11,020,31,8*77
$GBGSV,3,2,10,24,25,230,25,26,53,281,24,29,24,120,41,31,35,257,20,8*7A
$GBGSV,3,3,10,35,60,181,20,39,31,000,45,8*7D
$GBGSV,1,1,01,11,04,111,,0*43
$GNGLL,3001.74366,S,05112.75105,W,170412.00,A,A*7A
$GNRMC,170413.00,A,3001.74366,S,05112.75105,W,0.022,,090926,,,A,V*1C
$GNVTG,,T,,M,0.022,N,0.042,K,A*3B
$GNGGA,170413.00,3001.74366,S,05112.75105,W,1,12,0.89,49.6,M,4.8,M,,*4B
$GNGSA,M,3,18,23,25,26,28,29,31,05,12,13,,,1.70,0.89,1.45,1*06
$GNGSA,M,3,84,83,82,80,,,,,,,,,1.70,0.89,1.45,2*0C
$GNGSA,M,3,25,36,10,11,16,,,,,,,,1.70,0.89,1.45,3*0C
$GNGSA,M,3,12,19,22,24,26,29,31,35,39,,,,1.70,0.89,1.45,4*03
$GPGSV,3,1,09,05,37,124,45,12,20,036,40,13,14,031,20,23,25,356,46,1*6B
$GPGSV,3,2,09,25,53,021,50,26,26,226,15,28,23,292,26,29,57,148,34,1*6C
$GPGSV,3,3,09,31,21,260,28,1*52
$GPGSV,3,1,10,05,37,124,41,12,20,036,28,13,14,031,21,18,67,259,21,6*6E
$GPGSV,3,2,10,23,25,356,44,25,53,021,45,26,26,226,20,28,23,292,21,6*63
$GPGSV,3,3,10,29,57,148,27,31,21,260,25,6*61
$GPGSV,2,1,05,18,67,259,27,23,25,356,46,25,53,021,53,26,26,226,17,8*68
$GPGSV,2,2,05,28,23,292,27,8*5F
$GPGSV,1,1,03,15,09,058,,20,01,085,,21,08,142,,0*54
$GLGSV,3,1,10,66,01,154,08,67,15,104,21,68,09,055,16,73,57,243,19,1*7A
$GLGSV,3,2,10,74,14,209,14,79,01,017,11,80,49,355,49,82,25,145,32,1*7E
$GLGSV,3,3,10,83,53,210,08,84,24,276,14,1*73
$GLGSV,2,1,08,67,15,104,16,68,09,055,15,73,57,243,24,79,01,017,16,3*7E
$GLGSV,2,2,08,80,49,355,41,82,25,145,34,83,53,210,15,84,24,276,19,3*70
$GAGSV,2,1,07,02,32,221,12,10,36,143,39,11,65,156,28,14,22,090,28,1*75
$GAGSV,2,2,07,16,39,044,39,25,88,143,34,36,58,298,25,1*4F
$GAGSV,1,1,03,10,36,143,33,16,39,044,47,25,88,143,34,5*48
$GAGSV,2,1,07,02,32,221,17,10,36,143,34,11,65,156,10,14,22,090,27,7*7F
$GAGSV,2,2,07,16,39,044,44,25,88,143,36,36,58,298,09,7*4F
$GAGSV,1,1,02,12,14,138,,34,08,312,,0*75
$GBGSV,3,1,10,12,22,100,30,19,25,071,34,20,15,119,17,22,11,020,22,3*73
$GBGSV,3,2,10,24,25,230,26,26,53,281,21,29,24,120,42,31,35,257,15,3*72
$GBGSV,3,3,10,35,60,181,28,39,31,000,48,3*73
$GBGSV,3,1,10,12,22,100,25,19,25,071,39,20,15,119,16,22,11,020,24,5*7B
$GBGSV,3,2,10,24,25,230,28,26,53,281,18,29,24,120,39,31,35,257,15,5*7C
$GBGSV,3,3,10,35,60,181,21,39,31,000,46,5*72
$GBGSV,3,1,10,12,22,100,29,19,25,071,35,20,15,119,14,22,11,020,31,8*70
$GBGSV,3,2,10,24,25,230,25,26,53,281,24,29,24,120,41,31,35,257,20,8*7A
$GBGSV,3,3,10,35,60,181,20,39,31,000,45,8*7D
$GBGSV,1,1,01,11,04,111,,0*43
$GNGLL,3001.74366,S,05112.75105,W,170413.00,A,A*7B
$GNRMC,170414.00,A,3001.74366,S,05112.75105,W,0.018,,090926,,,A,V*12
$GNVTG,,T,,M,0.018,N,0.033,K,A*34
$GNGGA,170414.00,3001.74366,S,05112.75105,W,1,12,0.68,49.6,M,4.8,M,,*43
$GNGSA,M,3,18,23,25,26,28,29,31,05,12,13,,,1.32,0.68,1.13,1*0C
$GNGSA,M,3,84,83,82,80,,,,,,,,,1.32,0.68,1.13,2*06
$GNGSA,M,3,25,36,10,11,16,,,,,,,,1.32,0.68,1.13,3*06
$GNGSA,M,3,12,19,22,24,26,29,31,35,39,,,,1.32,0.68,1.13,4*09
$GPGSV,3,1,09,05,37,124,45,12,20,036,40,13,14,031,20,23,25,356,46,1*6B
$GPGSV,3,2,09,25,53,021,50,26,26,226,14,28,23,292,25,29,57,148,34,1*6E
$GPGSV,3,3,09,31,21,260,28,1*52
$GPGSV,3,1,10,05,37,124,41,12,20,036,28,13,14,031,22,18,67,259,20,6*6C
$GPGSV,3,2,10,23,25,356,44,25,53,021,45,26,26,226,20,28,23,292,20,6*62
$GPGSV,3,3,10,29,57,148,27,31,21,260,25,6*61
$GPGSV,2,1,05,18,67,259,27,23,25,356,46,25,53,021,53,26,26,226,17,8*68
$GPGSV,2,2,05,28,23,292,27,8*5F
$GPGSV,1,1,03,15,09,058,,20,01,085,,21,08,142,,0*54
$GLGSV,3,1,10,66,01,154,08,67,15,104,21,68,09,055,17,73,57,243,19,1*7B
$GLGSV,3,2,10,74,14,209,15,79,01,017,09,80,49,355,49,82,25,145,32,1*76
$GLGSV,3,3,10,83,53,210,08,84,24,276,16,1*71
$GLGSV,2,1,08,67,15,104,16,68,09,055,15,73,57,243,23,79,01,017,13,3*7C
$GLGSV,2,2,08,80,49,355,41,82,25,145,34,83,53,210,15,84,24,276,20,3*7A
$GAGSV,2,1,07,02,32,221,12,10,36,143,39,11,65,156,28,14,22,090,28,1*75
$GAGSV,2,2,07,16,39,044,39,25,88,143,34,36,58,298,25,1*4F
$GAGSV,1,1,03,10,36,143,33,16,39,044,47,25,88,143,34,5*48
$GAGSV,2,1,07,02,32,221,18,10,36,143,34,11,65,156,12,14,22,090,27,7*72
$GAGSV,2,2,07,16,39,044,44,25,88,143,36,36,58,298,11,7*46
$GAGSV,1,1,02,12,14,138,,34,08,312,,0*75
$GBGSV,3,1,10,12,22,100,30,19,25,071,34,20,15,119,19,22,11,020,22,3*7D
$GBGSV,3,2,10,24,25,230,26,26,53,281,20,29,24,120,42,31,35,257,14,3*72
$GBGSV,3,3,10,35,60,181,28,39,31,000,48,3*73
$GBGSV,3,1,10,12,22,100,24,19,25,071,39,20,15,119,16,22,11,020,24,5*7A
$GBGSV,3,2,10,24,25,230,28,26,53,281,19,29,24,120,39,31,35,257,15,5*7D
$GBGSV,3,3,10,35,60,181,21,39,31,000,46,5*72
$GBGSV,3,1,10,12,22,100,29,19,25,071,35,20,15,119,14,22,11,020,31,8*70
$GBGSV,3,2,10,24,25,230,25,26,53,281,24,29,24,120,41,31,35,257,20,8*7A
$GBGSV,3,3,10,35,60,181,20,39,31,000,45,8*7D
$GBGSV,1,1,01,11,04,111,,0*43
$GNGLL,3001.74366,S,05112.75105,W,170414.00,A,A*7C
$GNRMC,170415.00,A,3001.74366,S,05112.75106,W,0.016,,090926,,,A,V*1E
$GNVTG,,T,,M,0.016,N,0.030,K,A*39
$GNGGA,170415.00,3001.74366,S,05112.75106,W,1,12,0.68,49.6,M,4.8,M,,*41
$GNGSA,M,3,18,23,25,26,28,29,31,05,12,13,,,1.32,0.68,1.13,1*0C
$GNGSA,M,3,84,83,82,80,,,,,,,,,1.32,0.68,1.13,2*06
$GNGSA,M,3,25,36,10,11,16,,,,,,,,1.32,0.68,1.13,3*06
$GNGSA,M,3,12,19,22,24,26,29,31,35,39,,,,1.32,0.68,1.13,4*09
$GPGSV,3,1,09,05,37,124,45,12,20,036,40,13,14,031,20,23,25,356,46,1*6B
$GPGSV,3,2,09,25,53,021,50,26,26,226,14,28,23,292,25,29,57,148,34,1*6E
$GPGSV,3,3,09,31,21,260,28,1*52
$GPGSV,3,1,10,05,37,124,41,12,20,036,28,13,14,031,22,18,67,259,21,6*6D
$GPGSV,3,2,10,23,25,356,44,25,53,021,45,26,26,226,21,28,23,292,20,6*63
$GPGSV,3,3,10,29,57,148,27,31,21,260,25,6*61
$GPGSV,2,1,05,18,67,259,27,23,25,356,46,25,53,021,53,26,26,226,17,8*68
$GPGSV,2,2,05,28,23,292,27,8*5F
$GPGSV,1,1,03,15,09,058,,20,01,085,,21,08,142,,0*54
$GLGSV,3,1,10,66,01,154,08,67,15,104,22,68,09,055,18,73,57,243,19,1*77
$GLGSV,3,2,10,74,14,209,15,79,01,017,07,80,49,355,49,82,25,145,33,1*79
$GLGSV,3,3,10,83,53,210,10,84,24,276,17,1*79
$GLGSV,2,1,08,67,15,104,18,68,09,055,15,73,57,243,23,79,01,017,13,3*72
$GLGSV,2,2,08,80,49,355,42,82,25,145,34,83,53,210,15,84,24,276,21,3*78
$GAGSV,2,1,07,02,32,221,12,10,36,143,39,11,65,156,28,14,22,090,28,1*75
$GAGSV,2,2,07,16,39,044,39,25,88,143,33,36,58,298,26,1*4B
$GAGSV,1,1,03,10,36,143,33,16,39,044,47,25,88,143,34,5*48
$GAGSV,2,1,07,02,32,221,16,10,36,143,34,11,65,156,14,14,22,090,28,7*75
$GAGSV,2,2,07,16,39,044,44,25,88,143,36,36,58,298,12,7*45
$GAGSV,1,1,02,12,14,138,,34,08,312,,0*75
$GBGSV,3,1,10,12,22,100,30,19,25,071,34,20,15,119,20,22,11,020,22,3*77
$GBGSV,3,2,10,24,25,230,25,26,53,283,21,29,24,120,42,31,35,257,13,3*75
$GBGSV,3,3,10,35,60,181,28,39,31,000,48,3*73
$GBGSV,3,1,10,12,22,100,24,19,25,071,39,20,15,119,17,22,11,020,23,5*7C
$GBGSV,3,2,10,24,25,230,28,26,53,283,19,29,24,120,39,31,35,257,15,5*7F
$GBGSV,3,3,10,35,60,181,21,39,31,000,46,5*72
$GBGSV,3,1,10,12,22,100,29,19,25,071,35,20,15,119,14,22,11,020,31,8*70
$GBGSV,3,2,10,24,25,230,25,26,53,283,24,29,24,120,41,31,35,257,20,8*78
$GBGSV,3,3,10,35,60,181,20,39,31,000,45,8*7D
$GBGSV,1,1,01,11,04,111,,0*43
$GNGLL,3001.74366,S,05112.75106,W,170415.00,A,A*7E
$GNRMC,170416.00,A,3001.74367,S,05112.75106,W,0.023,,090926,,,A,V*1A
$GNVTG,,T,,M,0.023,N,0.043,K,A*3B
$GNGGA,170416.00,3001.74367,S,05112.75106,W,1,12,0.68,49.6,M,4.8,M,,*43
$GNGSA,M,3,18,23,25,26,28,29,31,05,12,13,,,1.32,0.68,1.13,1*0C
$GNGSA,M,3,84,83,82,80,,,,,,,,,1.32,0.68,1.13,2*06
$GNGSA,M,3,25,36,10,11,16,,,,,,,,1.32,0.68,1.13,3*06
$GNGSA,M,3,12,19,22,24,26,29,31,35,39,,,,1.32,0.68,1.13,4*09
$GPGSV,3,1,09,05,37,124,45,12,20,036,40,13,14,031,20,23,25,356,46,1*6B
$GPGSV,3,2,09,25,53,021,50,26,26,226,14,28,23,292,25,29,57,148,34,1*6E
$GPGSV,3,3,09,31,21,260,28,1*52
$GPGSV,3,1,10,05,37,124,41,12,20,036,28,13,14,031,23,18,67,259,21,6*6C
$GPGSV,3,2,10,23,25,356,44,25,53,021,45,26,26,226,21,28,23,292,20,6*63
$GPGSV,3,3,10,29,57,148,27,31,21,260,24,6*60
$GPGSV,2,1,05,18,67,259,27,23,25,356,46,25,53,021,53,26,26,226,17,8*68
$GPGSV,2,2,05,28,23,292,27,8*5F
$GPGSV,1,1,03,15,09,058,,20,01,085,,21,08,142,,0*54
$GLGSV,3,1,10,66,01,154,08,67,15,104,22,68,09,055,19,73,57,243,18,1*77
$GLGSV,3,2,10,74,14,209,13,79,01,017,08,80,49,355,49,82,25,145,33,1*70
$GLGSV,3,3,10,83,53,210,10,84,24,276,18,1*76
$GLGSV,2,1,08,67,15,104,19,68,09,055,17,73,57,243,23,79,01,017,11,3*73
$GLGSV,2,2,08,80,49,355,42,82,25,145,34,83,53,210,15,84,24,276,22,3*7B
$GAGSV,2,1,07,02,32,221,12,10,36,143,39,11,65,156,28,14,22,090,27,1*7A
$GAGSV,2,2,07,16,39,044,39,25,88,143,33,36,58,298,25,1*48
$GAGSV,1,1,03,10,36,143,33,16,39,044,47,25,88,143,34,5*48
$GAGSV,2,1,07,02,32,221,16,10,36,143,33,11,65,156,14,14,22,090,28,7*72
$GAGSV,2,2,07,16,39,044,44,25,88,143,36,36,58,298,11,7*46
$GAGSV,1,1,02,12,14,138,,34,08,312,,0*75
$GBGSV,3,1,10,12,22,100,30,19,25,071,34,20,15,119,20,22,11,020,22,3*77
$GBGSV,3,2,10,24,25,230,24,26,53,283,22,29,24,120,42,31,35,257,11,3*75
$GBGSV,3,3,10,35,60,181,28,39,31,000,48,3*73
$GBGSV,3,1,10,12,22,100,24,19,25,071,39,20,15,119,17,22,11,020,23,5*7C
$GBGSV,3,2,10,24,25,230,29,26,53,283,18,29,24,120,39,31,35,257,14,5*7E
$GBGSV,3,3,10,35,60,181,21,39,31,000,46,5*72
$GBGSV,3,1,10,12,22,100,28,19,25,071,35,20,15,119,14,22,11,020,31,8*71
$GBGSV,3,2,10,24,25,230,26,26,53,283,23,29,24,120,41,31,35,257,20,8*7C
$GBGSV,3,3,10,35,60,181,21,39,31,000,45,8*7C
$GBGSV,1,1,01,11,04,111,,0*43
$GNGLL,3001.74367,S,05112.75106,W,170416.00,A,A*7C
$GNRMC,170417.00,A,3001.74367,S,05112.75106,W,0.008,,090926,,,A,V*12
$GNVTG,,T,,M,0.008,N,0.015,K,A*31
$GNGGA,170417.00,3001.74367,S,05112.75106,W,1,12,0.68,49.6,M,4.8,M,,*42
$GNGSA,M,3,18,23,25,26,28,29,31,05,12,13,,,1.32,0.68,1.13,1*0C
$GNGSA,M,3,84,83,82,80,,,,,,,,,1.32,0.68,1.13,2*06
$GNGSA,M,3,25,36,10,11,16,,,,,,,,1.32,0.68,1.13,3*06
$GNGSA,M,3,12,19,22,24,26,29,31,35,39,,,,1.32,0.68,1.13,4*09
$GPGSV,3,1,09,05,37,124,46,12,20,036,40,13,14,031,20,23,25,356,46,1*68
$GPGSV,3,2,09,25,53,021,50,26,26,226,13,28,23,292,26,29,57,148,34,1*6A
$GPGSV,3,3,09,31,21,260,27,1*5D
$GPGSV,3,1,10,05,37,124,41,12,20,036,28,13,14,031,23,18,67,259,20,6*6D
$GPGSV,3,2,10,23,25,356,44,25,53,021,45,26,26,226,21,28,23,292,20,6*63
$GPGSV,3,3,10,29,57,148,27,31,21,260,25,6*61
$GPGSV,2,1,05,18,67,259,27,23,25,356,46,25,53,021,53,26,26,226,17,8*68
$GPGSV,2,2,05,28,23,292,27,8*5F
$GPGSV,1,1,03,15,09,058,,20,01,085,,21,08,142,,0*54
$GLGSV,3,1,10,66,01,154,09,67,15,104,22,68,09,055,20,73,57,243,18,1*7C
$GLGSV,3,2,10,74,14,209,12,79,01,017,09,80,49,355,49,82,25,145,33,1*70
$GLGSV,3,3,10,83,53,210,15,84,24,276,19,1*72
$GLGSV,2,1,08,67,15,104,20,68,09,055,18,73,57,243,23,79,01,017,12,3*75
$GLGSV,2,2,08,80,49,355,42,82,25,145,34,83,53,210,15,84,24,276,21,3*78
$GAGSV,2,1,07,02,32,221,11,10,36,143,39,11,65,156,28,14,22,090,28,1*76
$GAGSV,2,2,07,16,39,044,39,25,88,143,33,36,58,298,25,1*48
$GAGSV,1,1,03,10,36,143,33,16,39,044,47,25,88,143,34,5*48
$GAGSV,2,1,07,02,32,221,17,10,36,143,34,11,65,156,11,14,22,090,29,7*70
$GAGSV,2,2,07,16,39,044,44,25,88,143,36,36,58,298,09,7*4F
$GAGSV,1,1,02,12,14,138,,34,08,312,,0*75
$GBGSV,3,1,10,12,22,100,30,19,25,071,34,20,15,119,20,22,11,020,22,3*77
$GBGSV,3,2,10,24,25,230,22,26,53,283,22,29,24,120,42,31,35,257,11,3*73
$GBGSV,3,3,10,35,60,181,28,39,31,000,48,3*73
$GBGSV,3,1,10,12,22,100,24,19,25,071,39,20,15,119,17,22,11,020,23,5*7C
$GBGSV,3,2,10,24,25,230,28,26,53,283,18,29,24,120,39,31,35,257,15,5*7E
$GBGSV,3,3,10,35,60,181,20,39,31,000,46,5*73
$GBGSV,3,1,10,12,22,100,28,19,25,071,35,20,15,119,14,22,11,020,31,8*71
$GBGSV,3,2,10,24,25,230,26,26,53,283,23,29,24,120,41,31,35,257,20,8*7C
$GBGSV,3,3,10,35,60,181,21,39,31,000,45,8*7C
$GBGSV,1,1,01,11,04,111,,0*43
$GNGLL,3001.74367,S,05112.75106,W,170417.00,A,A*7D
$GNRMC,170418.00,A,3001.74367,S,05112.75107,W,0.014,,090926,,,A,V*11
$GNVTG,,T,,M,0.014,N,0.026,K,A*3C
$GNGGA,170418.00,3001.74367,S,05112.75107,W,1,12,0.68,49.5,M,4.8,M,,*4F
$GNGSA,M,3,18,23,25,26,28,29,31,05,12,13,,,1.32,0.68,1.13,1*0C
$GNGSA,M,3,84,83,82,80,,,,,,,,,1.32,0.68,1.13,2*06
$GNGSA,M,3,25,36,10,11,16,,,,,,,,1.32,0.68,1.13,3*06
$GNGSA,M,3,12,19,22,24,26,29,31,35,39,,,,1.32,0.68,1.13,4*09
$GPGSV,3,1,09,05,37,124,46,12,20,036,40,13,14,031,20,23,25,356,46,1*68
$GPGSV,3,2,09,25,53,021,50,26,26,226,13,28,23,292,26,29,57,148,34,1*6A
$GPGSV,3,3,09,31,21,260,27,1*5D
$GPGSV,3,1,10,05,37,124,41,12,20,036,28,13,14,031,23,18,67,259,20,6*6D
$GPGSV,3,2,10,23,25,356,44,25,53,021,45,26,26,226,21,28,23,292,19,6*69
$GPGSV,3,3,10,29,57,148,28,31,21,260,24,6*6F
$GPGSV,2,1,05,18,67,259,27,23,25,356,46,25,53,021,53,26,26,226,16,8*69
$GPGSV,2,2,05,28,23,292,26,8*5E
$GPGSV,1,1,03,15,09,058,,20,01,085,,21,08,142,,0*54
$GLGSV,3,1,10,66,01,154,08,67,15,104,22,68,09,055,22,73,57,243,17,1*70
$GLGSV,3,2,10,74,14,209,12,79,01,017,04,80,49,355,49,82,25,145,33,1*7D
$GLGSV,3,3,10,83,53,210,16,84,24,276,20,1*7B
$GLGSV,2,1,08,67,15,104,20,68,09,055,19,73,57,243,23,79,01,017,13,3*75
$GLGSV,2,2,08,80,49,355,42,82,25,145,34,83,53,210,16,84,24,276,22,3*78
$GAGSV,2,1,07,02,32,221,12,10,36,143,39,11,65,156,28,14,22,090,28,1*75
$GAGSV,2,2,07,16,39,044,40,25,88,143,33,36,58,298,25,1*46
$GAGSV,1,1,03,10,36,143,33,16,39,044,47,25,88,143,34,5*48
$GAGSV,2,1,07,02,32,221,17,10,36,143,34,11,65,156,12,14,22,090,29,7*73
$GAGSV,2,2,07,16,39,044,44,25,88,143,36,36,58,298,11,7*46
$GAGSV,1,1,02,12,14,138,,34,08,312,,0*75
$GBGSV,3,1,10,12,22,100,30,19,25,071,34,20,15,119,20,22,11,020,22,3*77
$GBGSV,3,2,10,24,25,230,22,26,53,283,22,29,23,119,42,31,35,257,12,3*7D
$GBGSV,3,3,10,35,60,181,28,39,31,000,49,3*72
$GBGSV,3,1,10,12,22,100,24,19,25,071,39,20,15,119,17,22,11,020,23,5*7C
$GBGSV,3,2,10,24,25,230,28,26,53,283,18,29,23,119,39,31,35,257,14,5*72
$GBGSV,3,3,10,35,60,181,21,39,31,000,46,5*72
$GBGSV,3,1,10,12,22,100,28,19,25,071,35,20,15,119,14,22,11,020,31,8*71
$GBGSV,3,2,10,24,25,230,26,26,53,283,23,29,23,119,41,31,35,257,20,8*71
$GBGSV,3,3,10,35,60,181,21,39,31,000,45,8*7C
$GBGSV,1,1,01,11,04,111,,0*43
$GNGLL,3001.74367,S,05112.75107,W,170418.00,A,A*73
$GNRMC,170419.00,A,3001.74368,S,05112.75107,W,0.030,,090926,,,A,V*19
$GNVTG,,T,,M,0.030,N,0.055,K,A*3E
$GNGGA,170419.00,3001.74368,S,05112.75107,W,1,12,0.68,49.5,M,4.8,M,,*41
$GNGSA,M,3,18,23,25,26,28,29,31,05,12,13,,,1.32,0.68,1.13,1*0C
$GNGSA,M,3,84,83,82,80,,,,,,,,,1.32,0.68,1.13,2*06
$GNGSA,M,3,25,36,10,11,16,,,,,,,,1.32,0.68,1.13,3*06
$GNGSA,M,3,12,19,22,24,26,29,31,35,39,,,,1.32,0.68,1.13,4*09
$GPGSV,3,1,09,05,37,124,46,12,20,036,40,13,14,031,21,23,25,356,45,1*6A
$GPGSV,3,2,09,25,53,021,50,26,26,226,11,28,23,292,26,29,57,148,34,1*68
$GPGSV,3,3,09,31,21,260,27,1*5D
$GPGSV,3,1,10,05,37,124,41,12,20,036,27,13,14,031,23,18,67,259,20,6*62
$GPGSV,3,2,10,23,25,356,44,25,53,021,45,26,26,226,21,28,23,292,19,6*69
$GPGSV,3,3,10,29,57,148,28,31,21,260,24,6*6F
$GPGSV,2,1,05,18,67,259,27,23,25,356,46,25,53,021,53,26,26,226,16,8*69
$GPGSV,2,2,05,28,23,292,26,8*5E
$GPGSV,1,1,03,15,09,058,,20,01,085,,21,08,142,,0*54
$GLGSV,3,1,10,66,01,154,08,67,15,104,22,68,09,055,22,73,57,243,16,1*71
$GLGSV,3,2,10,74,14,209,09,79,01,017,11,80,49,355,49,82,25,145,33,1*73
$GLGSV,3,3,10,83,53,210,13,84,24,276,20,1*7E
$GLGSV,2,1,08,67,15,104,20,68,09,055,19,73,57,243,23,79,01,017,14,3*72
$GLGSV,2,2,08,80,49,355,42,82,25,145,34,83,53,210,16,84,24,276,21,3*7B
$GAGSV,2,1,07,02,32,221,13,10,36,143,39,11,65,156,28,14,22,090,28,1*74
$GAGSV,2,2,07,16,39,044,39,25,88,143,34,36,58,298,25,1*4F
$GAGSV,1,1,03,10,36,143,33,16,39,044,47,25,88,143,35,5*49
$GAGSV,2,1,07,02,32,221,18,10,36,143,33,11,65,156,13,14,22,090,28,7*7B
$GAGSV,2,2,07,16,39,044,44,25,88,143,36,36,58,298,07,7*41
$GAGSV,1,1,02,12,14,138,,34,08,312,,0*75
$GBGSV,3,1,10,12,22,100,29,19,25,071,34,20,15,119,19,22,11,020,22,3*75
$GBGSV,3,2,10,24,25,230,21,26,53,283,22,29,23,119,42,31,35,257,13,3*7F
$GBGSV,3,3,10,35,60,181,28,39,31,000,49,3*72
$GBGSV,3,1,10,12,22,100,23,19,25,071,39,20,15,119,17,22,11,020,23,5*7B
$GBGSV,3,2,10,24,25,230,28,26,53,283,18,29,23,119,39,31,35,257,15,5*73
$GBGSV,3,3,10,35,60,181,21,39,31,000,46,5*72
$GBGSV,3,1,10,12,22,100,28,19,25,071,35,20,15,119,13,22,11,020,31,8*76
$GBGSV,3,2,10,24,25,230,25,26,53,283,23,29,23,119,41,31,35,257,21,8*73
$GBGSV,3,3,10,35,60,181,21,39,31,000,45,8*7C
$GBGSV,1,1,01,11,04,111,,0*43
$GNGLL,3001.74368,S,05112.75107,W,170419.00,A,A*7D
$GNRMC,170420.00,A,3001.74367,S,05112.75107,W,0.041,,090926,,,A,V*1A
$GNVTG,,T,,M,0.041,N,0.077,K,A*38
$GNGGA,170420.00,3001.74367,S,05112.75107,W,1,12,0.89,49.5,M,4.8,M,,*4B
$GNGSA,M,3,18,23,25,26,28,29,31,05,12,13,,,1.70,0.89,1.45,1*06
$GNGSA,M,3,84,83,82,80,,,,,,,,,1.70,0.89,1.45,2*0C
$GNGSA,M,3,25,36,10,11,16,,,,,,,,1.70,0.89,1.45,3*0C
$GNGSA,M,3,12,19,22,24,26,29,31,35,39,,,,1.70,0.89,1.45,4*03
$GPGSV,3,1,09,05,37,124,46,12,20,036,40,13,14,031,21,23,25,356,45,1*6A
$GPGSV,3,2,09,25,53,021,50,26,26,226,09,28,23,292,26,29,57,148,34,1*61
$GPGSV,3,3,09,31,21,260,27,1*5D
$GPGSV,3,1,10,05,37,124,41,12,20,036,28,13,14,031,23,18,67,259,20,6*6D
$GPGSV,3,2,10,23,25,356,44,25,53,021,45,26,26,226,21,28,23,292,18,6*68
$GPGSV,3,3,10,29,57,148,28,31,21,260,24,6*6F
$GPGSV,2,1,05,18,67,259,27,23,25,356,46,25,53,021,53,26,26,226,17,8*68
$GPGSV,2,2,05,28,23,292,26,8*5E
$GPGSV,1,1,03,15,09,058,,20,01,085,,21,08,142,,0*54
$GLGSV,3,1,10,66,01,154,08,67,15,104,22,68,09,055,21,73,57,243,16,1*72
$GLGSV,3,2,10,74,14,209,11,79,01,017,10,80,49,355,49,82,25,145,33,1*7B
$GLGSV,3,3,10,83,53,210,16,84,24,276,19,1*71
$GLGSV,2,1,08,67,15,104,21,68,09,055,20,73,57,243,23,79,01,017,11,3*7C
$GLGSV,2,2,08,80,49,355,42,82,25,145,34,83,53,210,17,84,24,276,22,3*79
$GAGSV,2,1,07,02,32,221,12,10,36,143,39,11,65,156,28,14,22,090,28,1*75
$GAGSV,2,2,07,16,39,044,39,25,88,143,33,36,58,298,25,1*48
$GAGSV,1,1,03,10,36,143,33,16,39,044,47,25,88,143,35,5*49
$GAGSV,2,1,07,02,32,221,17,10,36,143,34,11,65,156,14,14,22,090,28,7*74
$GAGSV,2,2,07,16,39,044,44,25,88,143,36,36,58,298,09,7*4F
$GAGSV,1,1,02,12,14,138,,34,08,312,,0*75
$GBGSV,3,1,10,12,22,100,29,19,25,071,34,20,15,119,20,22,11,020,22,3*7F
$GBGSV,3,2,10,24,25,230,20,26,53,283,22,29,23,119,42,31,35,256,14,3*78
$GBGSV,3,3,10,35,60,181,28,39,31,000,49,3*72
$GBGSV,3,1,10,12,22,100,23,19,25,071,39,20,15,119,17,22,11,020,23,5*7B
$GBGSV,3,2,10,24,25,230,28,26,53,283,18,29,23,119,38,31,35,256,13,5*75
$GBGSV,3,3,10,35,60,181,21,39,31,000,47,5*73
$GBGSV,3,1,10,12,22,100,28,19,25,071,35,20,15,119,13,22,11,020,31,8*76
$GBGSV,3,2,10,24,25,230,25,26,53,283,23,29,23,119,41,31,35,256,20,8*73
$GBGSV,3,3,10,35,60,181,22,39,31,000,45,8*7F
$GBGSV,1,1,01,11,04,111,,0*43
$GNGLL,3001.74367,S,05112.75107,W,170420.00,A,A*78
$GNRMC,170421.00,A,3001.74367,S,05112.75107,W,0.006,,090926,,,A,V*18
$GNVTG,,T,,M,0.006,N,0.011,K,A*3B
$GNGGA,170421.00,3001.74367,S,05112.75107,W,1,12,0.89,49.5,M,4.8,M,,*4A
$GNGSA,M,3,18,23,25,26,28,29,31,05,12,13,,,1.70,0.89,1.45,1*06
$GNGSA,M,3,84,83,82,80,,,,,,,,,1.70,0.89,1.45,2*0C
$GNGSA,M,3,25,36,10,11,16,,,,,,,,1.70,0.89,1.45,3*0C
$GNGSA,M,3,12,19,22,24,26,29,31,35,39,,,,1.70,0.89,1.45,4*03
$GPGSV,3,1,09,05,37,124,46,12,20,036,40,13,14,031,21,23,25,356,46,1*69
$GPGSV,3,2,09,25,53,021,50,26,26,226,08,28,23,292,26,29,57,148,34,1*60
$GPGSV,3,3,09,31,21,260,26,1*5C
$GPGSV,3,1,10,05,37,124,41,12,20,036,28,13,14,031,23,18,67,259,20,6*6D
$GPGSV,3,2,10,23,25,356,44,25,53,021,46,26,26,226,22,28,23,292,18,6*68
$GPGSV,3,3,10,29,57,148,28,31,21,260,24,6*6F
$GPGSV,2,1,05,18,67,259,26,23,25,356,46,25,53,021,53,26,26,226,17,8*69
$GPGSV,2,2,05,28,23,292,27,8*5F
$GPGSV,1,1,03,15,09,058,,20,01,085,,21,08,142,,0*54
$GLGSV,3,1,10,66,01,154,08,67,15,104,22,68,09,055,20,73,57,243,16,1*73
$GLGSV,3,2,10,74,14,209,14,79,01,017,13,80,49,355,49,82,25,145,33,1*7D
$GLGSV,3,3,10,83,53,210,13,84,24,276,19,1*74
$GLGSV,2,1,08,67,15,104,21,68,09,055,21,73,57,243,23,79,01,017,17,3*7B
$GLGSV,2,2,08,80,49,355,42,82,25,145,34,83,53,210,18,84,24,276,21,3*75
$GAGSV,2,1,07,02,32,221,13,10,36,143,39,11,65,156,28,14,22,090,28,1*74
$GAGSV,2,2,07,16,39,044,39,25,88,143,33,36,58,298,25,1*48
$GAGSV,1,1,03,10,36,143,33,16,39,044,47,25,88,143,35,5*49
$GAGSV,2,1,07,02,32,221,18,10,36,143,34,11,65,156,14,14,22,090,28,7*7B
$GAGSV,2,2,07,16,39,044,44,25,88,143,36,36,58,298,08,7*4E
$GAGSV,1,1,02,12,14,138,,34,08,312,,0*75
$GBGSV,3,1,10,12,22,100,29,19,25,071,34,20,15,119,20,22,11,020,23,3*7E
$GBGSV,3,2,10,24,25,230,19,26,53,283,22,29,23,119,42,31,35,256,13,3*75
$GBGSV,3,3,10,35,60,181,28,39,31,000,48,3*73
$GBGSV,3,1,10,12,22,100,23,19,25,071,39,20,15,119,17,22,11,020,23,5*7B
$GBGSV,3,2,10,24,25,230,29,26,53,283,18,29,23,119,39,31,35,256,13,5*75
$GBGSV,3,3,10,35,60,181,21,39,31,000,46,5*72
$GBGSV,3,1,10,12,22,100,27,19,25,071,35,20,15,119,12,22,11,020,31,8*78
$GBGSV,3,2,10,24,25,230,25,26,53,283,23,29,23,119,41,31,35,256,20,8*73
$GBGSV,3,3,10,35,60,181,22,39,31,000,45,8*7F
$GBGSV,1,1,01,11,04,111,,0*43
$GNGLL,3001.74367,S,05112.75107,W,170421.00,A,A*79
$GNRMC,170422.00,A,3001.74367,S,05112.75107,W,0.011,,090926,,,A,V*1D
$GNVTG,,T,,M,0.011,N,0.020,K,A*3F
$GNGGA,170422.00,3001.74367,S,05112.75107,W,1,12,0.89,49.5,M,4.8,M,,*49
$GNGSA,M,3,18,23,25,26,28,29,31,05,12,13,,,1.70,0.89,1.45,1*06
$GNGSA,M,3,84,83,82,80,,,,,,,,,1.70,0.89,1.45,2*0C
$GNGSA,M,3,25,36,10,11,16,,,,,,,,1.70,0.89,1.45,3*0C
$GNGSA,M,3,12,19,22,24,26,29,31,35,39,,,,1.70,0.89,1.45,4*03
$GPGSV,3,1,09,05,37,124,46,12,20,036,40,13,14,031,21,23,25,356,46,1*69
$GPGSV,3,2,09,25,53,021,50,26,26,226,11,28,23,292,26,29,57,148,34,1*68
$GPGSV,3,3,09,31,21,260,26,1*5C
$GPGSV,3,1,10,05,37,124,41,12,20,036,28,13,14,031,23,18,67,259,20,6*6D
$GPGSV,3,2,10,23,25,356,44,25,53,021,45,26,26,226,22,28,23,292,17,6*64
$GPGSV,3,3,10,29,57,148,28,31,21,260,24,6*6F
$GPGSV,2,1,05,18,67,259,27,23,25,356,46,25,53,021,53,26,26,226,17,8*68
$GPGSV,2,2,05,28,23,292,27,8*5F
$GPGSV,1,1,03,15,09,058,,20,01,085,,21,08,142,,0*54
$GLGSV,3,1,10,66,01,154,08,67,15,104,22,68,09,055,19,73,57,243,16,1*79
$GLGSV,3,2,10,74,14,209,13,79,01,017,12,80,49,355,49,82,25,145,33,1*7B
$GLGSV,3,3,10,83,53,210,14,84,24,276,20,1*79
$GLGSV,2,1,08,67,15,104,21,68,09,055,21,73,57,243,23,79,01,017,20,3*7F
$GLGSV,2,2,08,80,49,355,42,82,25,145,34,83,53,210,19,84,24,276,21,3*74
$GAGSV,2,1,07,02,32,221,11,10,36,143,39,11,65,156,27,14,22,090,28,1*79
$GAGSV,2,2,07,16,39,044,39,25,88,143,33,36,58,298,25,1*48
$GAGSV,1,1,03,10,36,143,33,16,39,044,47,25,88,143,35,5*49
$GAGSV,2,1,07,02,32,221,18,10,36,143,34,11,65,156,14,14,22,090,28,7*7B
$GAGSV,2,2,07,16,39,044,44,25,88,143,36,36,58,298,11,7*46
$GAGSV,1,1,02,12,14,138,,34,08,312,,0*75
$GBGSV,3,1,10,12,22,100,28,19,25,071,34,20,15,119,20,22,11,020,23,3*7F
$GBGSV,3,2,10,24,25,230,17,26,53,283,22,29,23,119,42,31,35,256,13,3*7B
$GBGSV,3,3,10,35,60,181,28,39,31,000,48,3*73
$GBGSV,3,1,10,12,22,100,23,19,25,071,39,20,15,119,18,22,11,020,23,5*74
$GBGSV,3,2,10,24,25,230,29,26,53,283,17,29,23,119,39,31,35,256,14,5*7D
$GBGSV,3,3,10,35,60,181,21,39,31,000,46,5*72
$GBGSV,3,1,10,12,22,100,27,19,25,071,35,20,15,119,11,22,11,020,31,8*7B
$GBGSV,3,2,10,24,25,230,25,26,53,283,23,29,23,119,41,31,35,256,19,8*79
$GBGSV,3,3,10,35,60,181,22,39,31,000,45,8*7F
$GBGSV,1,1,01,11,04,111,,0*43
$GNGLL,3001.74367,S,05112.75107,W,170422.00,A,A*7A
$GNRMC,170423.00,A,3001.74367,S,05112.75107,W,0.041,,090926,,,A,V*19
$GNVTG,,T,,M,0.041,N,0.076,K,A*39
$GNGGA,170423.00,3001.74367,S,05112.75107,W,1,12,0.89,49.6,M,4.8,M,,*4B
$GNGSA,M,3,18,23,25,26,28,29,31,05,12,13,,,1.70,0.89,1.45,1*06
$GNGSA,M,3,84,83,82,80,,,,,,,,,1.70,0.89,1.45,2*0C
$GNGSA,M,3,25,36,10,11,16,,,,,,,,1.70,0.89,1.45,3*0C
$GNGSA,M,3,12,19,22,24,26,29,31,35,39,,,,1.70,0.89,1.45,4*03
$GPGSV,3,1,09,05,37,124,46,12,20,036,40,13,14,031,21,23,25,356,46,1*69
$GPGSV,3,2,09,25,53,021,50,26,26,226,10,28,23,292,26,29,57,148,34,1*69
$GPGSV,3,3,09,31,21,260,26,1*5C
$GPGSV,3,1,10,05,37,124,41,12,20,036,28,13,14,031,23,18,67,259,20,6*6D
$GPGSV,3,2,10,23,25,356,44,25,53,021,45,26,26,226,22,28,23,292,17,6*64
$GPGSV,3,3,10,29,57,148,28,31,21,260,24,6*6F
$GPGSV,2,1,05,18,67,259,27,23,25,356,46,25,53,021,53,26,26,226,18,8*67
$GPGSV,2,2,05,28,23,292,27,8*5F
$GPGSV,1,1,03,15,09,058,,20,01,085,,21,08,142,,0*54
$GLGSV,3,1,10,66,01,154,08,67,15,104,22,68,09,055,18,73,57,243,15,1*7B
$GLGSV,3,2,10,74,14,209,15,79,01,017,14,80,49,355,49,82,25,145,33,1*7B
$GLGSV,3,3,10,83,53,210,13,84,24,276,20,1*7E
$GLGSV,2,1,08,67,15,104,21,68,09,055,21,73,57,243,22,79,01,017,21,3*7F
$GLGSV,2,2,08,80,49,355,42,82,25,145,34,83,53,210,19,84,24,276,20,3*75
$GAGSV,2,1,07,02,32,221,13,10,36,143,39,11,65,156,28,14,22,090,28,1*74
$GAGSV,2,2,07,16,39,044,39,25,88,143,33,36,58,298,25,1*48
$GAGSV,1,1,03,10,36,143,33,16,39,044,47,25,88,143,35,5*49
$GAGSV,2,1,07,02,32,221,18,10,36,143,33,11,65,156,16,14,22,090,28,7*7E
$GAGSV,2,2,07,16,39,044,44,25,88,143,36,36,58,298,10,7*47
$GAGSV,1,1,02,12,14,138,,34,08,312,,0*75
$GBGSV,3,1,10,12,22,100,28,19,25,071,34,20,15,119,20,22,11,020,22,3*7E
$GBGSV,3,2,10,24,25,230,18,26,53,283,22,29,23,119,42,31,35,256,12,3*75
$GBGSV,3,3,10,35,60,181,28,39,31,000,48,3*73
$GBGSV,3,1,10,12,22,100,23,19,25,071,39,20,15,119,17,22,11,020,23,5*7B
$GBGSV,3,2,10,24,25,230,29,26,53,283,17,29,23,119,39,31,35,256,13,5*7A
$GBGSV,3,3,10,35,60,181,21,39,31,000,46,5*72
$GBGSV,3,1,10,12,22,100,27,19,25,071,35,20,15,119,12,22,11,020,31,8*78
$GBGSV,3,2,10,24,25,230,25,26,53,283,23,29,23,119,41,31,35,256,19,8*79
$GBGSV,3,3,10,35,60,181,22,39,31,000,45,8*7F
$GBGSV,1,1,01,11,04,111,,0*43
$GNGLL,3001.74367,S,05112.75107,W,170423.00,A,A*7B
$GNRMC,170424.00,A,3001.74367,S,05112.75107,W,0.007,,090926,,,A,V*1C
$GNVTG,,T,,M,0.007,N,0.014,K,A*3F
$GNGGA,170424.00,3001.74367,S,05112.75107,W,1,12,0.89,49.6,M,4.8,M,,*4C
$GNGSA,M,3,18,23,25,26,28,29,31,05,12,13,,,1.70,0.89,1.45,1*06
$GNGSA,M,3,84,83,82,80,,,,,,,,,1.70,0.89,1.45,2*0C
$GNGSA,M,3,25,36,10,11,16,,,,,,,,1.70,0.89,1.45,3*0C
$GNGSA,M,3,12,19,22,24,26,29,31,35,39,,,,1.70,0.89,1.45,4*03
$GPGSV,3,1,09,05,37,124,46,12,20,036,40,13,14,031,20,23,25,356,46,1*68
$GPGSV,3,2,09,25,53,021,50,26,26,226,09,28,23,292,26,29,57,148,34,1*61
$GPGSV,3,3,09,31,21,260,25,1*5F
$GPGSV,3,1,10,05,37,124,41,12,20,036,28,13,14,031,24,18,67,259,19,6*60
$GPGSV,3,2,10,23,25,356,44,25,53,021,46,26,26,226,23,28,23,292,17,6*66
$GPGSV,3,3,10,29,57,148,29,31,21,260,25,6*6F
$GPGSV,2,1,05,18,67,259,27,23,25,356,46,25,53,021,53,26,26,226,17,8*68
$GPGSV,2,2,05,28,23,292,27,8*5F
$GPGSV,1,1,03,15,09,058,,20,01,085,,21,08,142,,0*54
$GLGSV,3,1,10,66,01,154,08,67,15,104,23,68,09,055,16,73,57,243,14,1*75
$GLGSV,3,2,10,74,14,209,15,79,01,017,13,80,49,355,49,82,25,145,33,1*7C
$GLGSV,3,3,10,83,53,210,11,84,24,276,19,1*76
$GLGSV,2,1,08,67,15,104,21,68,09,055,21,73,57,243,22,79,01,017,22,3*7C
$GLGSV,2,2,08,80,49,355,42,82,25,145,34,83,53,210,19,84,24,276,20,3*75
$GAGSV,2,1,07,02,32,221,11,10,36,143,39,11,65,156,27,14,22,090,28,1*79
$GAGSV,2,2,07,16,39,044,40,25,88,143,33,36,58,298,25,1*46
$GAGSV,1,1,03,10,36,143,33,16,39,044,47,25,88,143,35,5*49
$GAGSV,2,1,07,02,32,221,19,10,36,143,33,11,65,156,15,14,22,090,28,7*7C
$GAGSV,2,2,07,16,39,044,44,25,88,143,37,36,58,298,09,7*4E
$GAGSV,1,1,02,12,14,138,,34,08,312,,0*75
$GBGSV,3,1,10,12,22,100,28,19,25,071,34,20,15,119,21,22,11,020,22,3*7F
$GBGSV,3,2,10,24,25,230,19,26,53,283,22,29,23,119,42,31,35,256,12,3*74
$GBGSV,3,3,10,35,60,180,28,39,31,000,48,3*72
$GBGSV,3,1,10,12,22,100,23,19,25,071,39,20,15,119,16,22,11,020,23,5*7A
$GBGSV,3,2,10,24,25,230,29,26,53,283,17,29,23,119,39,31,35,256,14,5*7D
$GBGSV,3,3,10,35,60,180,21,39,31,000,46,5*73
$GBGSV,3,1,09,12,22,100,28,19,25,071,35,22,11,020,31,24,25,230,25,8*74
$GBGSV,3,2,09,26,53,283,23,29,23,119,41,31,35,256,19,35,60,180,22,8*7F
$GBGSV,3,3,09,39,31,000,45,8*4F
$GBGSV,1,1,01,11,04,111,,0*43
$GNGLL,3001.74367,S,05112.75107,W,170424.00,A,A*7C
$GNRMC,170425.00,A,3001.74367,S,05112.75108,W,0.024,,090926,,,A,V*13
$GNVTG,,T,,M,0.024,N,0.045,K,A*3A
$GNGGA,170425.00,3001.74367,S,05112.75108,W,1,12,0.89,49.5,M,4.8,M,,*41
$GNGSA,M,3,18,23,25,26,28,29,31,05,12,13,,,1.70,0.89,1.45,1*06
$GNGSA,M,3,84,83,82,80,,,,,,,,,1.70,0.89,1.45,2*0C
$GNGSA,M,3,25,36,10,11,16,,,,,,,,1.70,0.89,1.45,3*0C
$GNGSA,M,3,12,19,22,24,26,29,31,35,39,,,,1.70,0.89,1.45,4*03
$GPGSV,3,1,09,05,37,124,46,12,20,036,40,13,14,031,20,23,25,356,46,1*68
$GPGSV,3,2,09,25,53,021,50,26,26,226,07,28,23,292,26,29,57,148,34,1*6F
$GPGSV,3,3,09,31,21,260,25,1*5F
$GPGSV,3,1,10,05,37,124,40,12,20,036,28,13,14,031,24,18,67,259,19,6*61
$GPGSV,3,2,10,23,25,356,44,25,53,021,46,26,26,226,23,28,23,292,18,6*69
$GPGSV,3,3,10,29,57,148,29,31,21,260,24,6*6E
$GPGSV,2,1,05,18,67,259,26,23,25,356,46,25,53,021,53,26,26,226,16,8*68
$GPGSV,2,2,05,28,23,292,27,8*5F
$GPGSV,1,1,03,15,09,058,,20,01,085,,21,08,142,,0*54
$GLGSV,3,1,10,66,01,154,08,67,15,104,24,68,09,055,14,73,57,243,14,1*70
$GLGSV,3,2,10,74,14,209,14,79,01,017,13,80,49,355,49,82,25,145,33,1*7D
$GLGSV,3,3,10,83,53,210,13,84,24,276,20,1*7E
$GLGSV,2,1,08,67,15,104,21,68,09,055,22,73,57,243,22,79,01,017,20,3*7D
$GLGSV,2,2,08,80,49,355,42,82,25,145,34,83,53,210,19,84,24,276,21,3*74
$GAGSV,2,1,07,02,32,221,09,10,36,143,39,11,65,156,27,14,22,090,28,1*70
$GAGSV,2,2,07,16,39,044,39,25,88,143,33,36,58,298,25,1*48
$GAGSV,1,1,03,10,36,143,33,16,39,044,47,25,88,143,35,5*49
$GAGSV,2,1,07,02,32,221,19,10,36,143,33,11,65,156,12,14,22,090,28,7*7B
$GAGSV,2,2,07,16,39,044,44,25,88,143,37,36,58,298,08,7*4F
$GAGSV,1,1,02,12,14,138,,34,08,312,,0*75
$GBGSV,3,1,10,12,22,100,27,19,25,071,34,20,15,119,21,22,11,020,22,3*70
$GBGSV,3,2,10,24,25,230,19,26,53,283,21,29,23,119,42,31,35,256,12,3*77
$GBGSV,3,3,10,35,60,180,27,39,31,000,48,3*7D
$GBGSV,3,1,10,12,22,100,23,19,25,071,39,20,15,119,16,22,11,020,24,5*7D
$GBGSV,3,2,10,24,25,230,29,26,53,283,17,29,23,119,38,31,35,256,13,5*7B
$GBGSV,3,3,10,35,60,180,21,39,31,000,46,5*73
$GBGSV,3,1,09,12,22,100,27,19,25,071,35,22,11,020,31,24,25,230,25,8*7B
$GBGSV,3,2,09,26,53,283,23,29,23,119,41,31,35,256,20,35,60,180,22,8*75
$GBGSV,3,3,09,39,31,000,45,8*4F
$GBGSV,1,1,01,11,04,111,,0*43
$GNGLL,3001.74367,S,05112.75108,W,170425.00,A,A*72
$GNRMC,170426.00,A,3001.74367,S,05112.75108,W,0.039,,090926,,,A,V*1C
$GNVTG,,T,,M,0.039,N,0.072,K,A*32
$GNGGA,170426.00,3001.74367,S,05112.75108,W,1,12,0.89,49.5,M,4.8,M,,*42
$GNGSA,M,3,18,23,25,26,28,29,31,05,12,13,,,1.70,0.89,1.45,1*06
$GNGSA,M,3,84,83,82,80,,,,,,,,,1.70,0.89,1.45,2*0C
$GNGSA,M,3,25,36,10,11,16,,,,,,,,1.70,0.89,1.45,3*0C
$GNGSA,M,3,12,19,22,24,26,29,31,35,39,,,,1.70,0.89,1.45,4*03
$GPGSV,3,1,09,05,37,124,46,12,20,036,40,13,14,031,20,23,25,356,46,1*68
$GPGSV,3,2,09,25,53,021,50,26,26,226,08,28,23,292,26,29,57,148,35,1*61
$GPGSV,3,3,09,31,21,260,25,1*5F
$GPGSV,3,1,10,05,37,124,40,12,20,036,28,13,14,031,24,18,67,259,18,6*60
$GPGSV,3,2,10,23,25,356,44,25,53,021,45,26,26,226,23,28,23,292,19,6*6B
$GPGSV,3,3,10,29,57,148,29,31,21,260,24,6*6E
$GPGSV,2,1,05,18,67,259,26,23,25,356,46,25,53,021,53,26,26,226,16,8*68
$GPGSV,2,2,05,28,23,292,27,8*5F
$GPGSV,1,1,03,15,09,058,,20,01,085,,21,08,142,,0*54
$GLGSV,3,1,10,66,01,154,12,67,15,104,24,68,09,055,12,73,57,243,14,1*7D
$GLGSV,3,2,10,74,14,209,14,79,01,017,12,80,49,355,49,82,25,145,33,1*7C
$GLGSV,3,3,10,83,53,210,08,84,24,276,19,1*7E
$GLGSV,2,1,08,67,15,104,21,68,09,055,22,73,57,243,22,79,01,017,18,3*76
$GLGSV,2,2,08,80,49,355,42,82,25,145,34,83,53,210,18,84,24,276,21,3*75
$GAGSV,2,1,07,02,32,221,08,10,36,143,39,11,65,156,27,14,22,090,28,1*71
$GAGSV,2,2,07,16,39,044,39,25,88,143,33,36,58,298,25,1*48
$GAGSV,1,1,03,10,36,143,33,16,39,044,47,25,88,143,35,5*49
$GAGSV,2,1,07,02,32,221,19,10,36,143,33,11,65,156,11,14,22,090,29,7*79
$GAGSV,2,2,07,16,39,044,44,25,88,143,36,36,58,298,12,7*45
$GAGSV,1,1,02,12,14,138,,34,08,312,,0*75
$GBGSV,3,1,10,12,22,100,27,19,25,071,35,20,15,119,21,22,11,020,22,3*71
$GBGSV,3,2,10,24,25,230,20,26,53,283,21,29,23,119,42,31,35,256,10,3*7F
$GBGSV,3,3,10,35,60,180,28,39,31,000,48,3*72
$GBGSV,3,1,10,12,22,100,23,19,25,071,39,20,15,119,17,22,11,020,24,5*7C
$GBGSV,3,2,10,24,25,230,29,26,53,283,16,29,23,119,38,31,35,256,12,5*7B
$GBGSV,3,3,10,35,60,180,21,39,31,000,46,5*73
$GBGSV,3,1,09,12,22,100,27,19,25,071,35,22,11,020,31,24,25,230,25,8*7B
$GBGSV,3,2,09,26,53,283,23,29,23,119,41,31,35,256,20,35,60,180,22,8*75
$GBGSV,3,3,09,39,31,000,45,8*4F
$GBGSV,1,1,01,11,04,111,,0*43
$GNGLL,3001.74367,S,05112.75108,W,170426.00,A,A*71
$GNRMC,170427.00,A,3001.74368,S,05112.75109,W,0.028,,090926,,,A,V*13
$GNVTG,,T,,M,0.028,N,0.052,K,A*30
$GNGGA,170427.00,3001.74368,S,05112.75109,W,1,12,0.89,49.5,M,4.8,M,,*4D
$GNGSA,M,3,18,23,25,26,28,29,31,05,12,13,,,1.70,0.89,1.45,1*06
$GNGSA,M,3,84,83,82,80,,,,,,,,,1.70,0.89,1.45,2*0C
$GNGSA,M,3,25,36,10,11,16,,,,,,,,1.70,0.89,1.45,3*0C
$GNGSA,M,3,12,19,22,24,26,29,31,35,39,,,,1.70,0.89,1.45,4*03
$GPGSV,3,1,09,05,37,124,46,12,20,036,40,13,14,031,20,23,25,356,46,1*68
$GPGSV,3,2,09,25,53,021,50,26,26,226,08,28,23,292,26,29,57,148,35,1*61
$GPGSV,3,3,09,31,21,260,25,1*5F
$GPGSV,3,1,10,05,37,124,40,12,20,036,28,13,14,031,23,18,67,259,18,6*67
$GPGSV,3,2,10,23,25,356,44,25,53,021,46,26,26,226,23,28,23,292,19,6*68
$GPGSV,3,3,10,29,57,148,29,31,21,260,25,6*6F
$GPGSV,2,1,05,18,67,259,27,23,25,356,46,25,53,021,53,26,26,226,17,8*68
$GPGSV,2,2,05,28,23,292,27,8*5F
$GPGSV,1,1,03,15,09,058,,20,01,085,,21,08,142,,0*54
$GLGSV,3,1,10,66,01,154,11,67,15,104,24,68,09,055,13,73,57,243,14,1*7F
$GLGSV,3,2,10,74,14,209,12,79,01,017,10,80,49,355,49,82,25,145,33,1*78
$GLGSV,3,3,10,83,53,210,11,84,24,276,20,1*7C
$GLGSV,2,1,08,67,15,104,20,68,09,055,22,73,57,243,21,79,01,017,17,3*7B
$GLGSV,2,2,08,80,49,355,42,82,25,145,34,83,53,210,18,84,24,276,21,3*75
$GAGSV,2,1,07,02,32,221,08,10,36,143,39,11,65,156,27,14,22,090,28,1*71
$GAGSV,2,2,07,16,39,044,40,25,88,143,33,36,58,298,25,1*46
$GAGSV,1,1,03,10,36,143,33,16,39,044,47,25,88,143,35,5*49
$GAGSV,2,1,07,02,32,221,19,10,36,143,33,11,65,156,15,14,22,090,29,7*7D
$GAGSV,2,2,07,16,39,044,44,25,88,143,37,36,58,298,11,7*47
$GAGSV,1,1,02,12,14,138,,34,08,312,,0*75
$GBGSV,3,1,10,12,22,100,26,19,25,071,34,20,15,119,22,22,11,020,22,3*72
$GBGSV,3,2,10,24,25,230,22,26,53,283,21,29,23,119,42,31,35,256,08,3*74
$GBGSV,3,3,10,35,60,180,28,39,31,000,48,3*72
$GBGSV,3,1,10,12,22,100,23,19,25,071,39,20,15,119,17,22,11,020,24,5*7C
$GBGSV,3,2,10,24,25,230,29,26,53,283,16,29,23,119,39,31,35,256,13,5*7B
$GBGSV,3,3,10,35,60,180,21,39,31,000,46,5*73
$GBGSV,3,1,09,12,22,100,27,19,25,071,35,22,11,020,31,24,25,230,25,8*7B
$GBGSV,3,2,09,26,53,283,23,29,23,119,41,31,35,256,19,35,60,180,23,8*7E
$GBGSV,3,3,09,39,31,000,45,8*4F
$GBGSV,1,1,01,11,04,111,,0*43
$GNGLL,3001.74368,S,05112.75109,W,170427.00,A,A*7E
$GNRMC,170428.00,A,3001.74368,S,05112.75110,W,0.009,,090926,,,A,V*17
$GNVTG,,T,,M,0.009,N,0.016,K,A*33
$GNGGA,170428.00,3001.74368,S,05112.75110,W,1,12,0.89,49.5,M,4.8,M,,*4A
$GNGSA,M,3,18,23,25,26,28,29,31,05,12,13,,,1.70,0.89,1.45,1*06
$GNGSA,M,3,84,83,82,80,,,,,,,,,1.70,0.89,1.45,2*0C
$GNGSA,M,3,25,36,10,11,16,,,,,,,,1.70,0.89,1.45,3*0C
$GNGSA,M,3,12,19,22,24,26,29,31,35,39,,,,1.70,0.89,1.45,4*03
$GPGSV,3,1,09,05,37,124,46,12,20,036,40,13,14,031,20,23,25,356,46,1*68
$GPGSV,3,2,09,25,53,021,50,26,26,226,08,28,23,292,26,29,57,148,35,1*61
$GPGSV,3,3,09,31,21,260,24,1*5E
$GPGSV,3,1,10,05,37,124,40,12,20,036,28,13,14,031,24,18,67,259,18,6*60
$GPGSV,3,2,10,23,25,356,44,25,53,021,45,26,26,226,22,28,23,292,19,6*6A
$GPGSV,3,3,10,29,57,148,29,31,21,260,25,6*6F
$GPGSV,2,1,05,18,67,259,26,23,25,356,46,25,53,021,53,26,26,226,17,8*69
$GPGSV,2,2,05,28,23,292,27,8*5F
$GPGSV,1,1,03,15,09,058,,20,01,085,,21,08,142,,0*54
$GLGSV,3,1,10,66,01,154,09,67,15,104,24,68,09,055,14,73,57,243,15,1*70
$GLGSV,3,2,10,74,14,209,13,79,01,017,08,80,49,355,49,82,25,145,33,1*70
$GLGSV,3,3,10,83,53,210,15,84,24,276,19,1*72
$GLGSV,2,1,08,67,15,104,19,68,09,055,22,73,57,243,21,79,01,017,14,3*72
$GLGSV,2,2,08,80,49,355,42,82,25,145,34,83,53,210,18,84,24,276,21,3*75
$GAGSV,2,1,07,02,32,221,08,10,36,143,39,11,65,156,27,14,22,090,28,1*71
$GAGSV,2,2,07,16,39,044,40,25,88,143,33,36,58,298,25,1*46
$GAGSV,1,1,03,10,36,143,33,16,39,044,48,25,88,143,35,5*46
$GAGSV,2,1,07,02,32,221,19,10,36,143,33,11,65,156,14,14,22,090,29,7*7C
$GAGSV,2,2,07,16,39,044,44,25,88,143,37,36,58,298,10,7*46
$GAGSV,1,1,02,12,14,138,,34,08,312,,0*75
$GBGSV,3,1,10,12,22,100,26,19,25,071,35,20,15,119,22,22,11,020,23,3*72
$GBGSV,3,2,10,24,25,230,23,26,53,283,21,29,23,119,42,31,35,256,11,3*7D
$GBGSV,3,3,10,35,60,180,27,39,30,000,48,3*7C
$GBGSV,3,1,10,12,22,100,23,19,25,071,39,20,15,119,18,22,11,020,24,5*73
$GBGSV,3,2,10,24,25,230,29,26,53,283,15,29,23,119,38,31,35,256,13,5*79
$GBGSV,3,3,10,35,60,180,21,39,30,000,46,5*72
$GBGSV,3,1,09,12,22,100,27,19,25,071,35,22,11,020,30,24,25,230,25,8*7A
$GBGSV,3,2,09,26,53,283,23,29,23,119,41,31,35,256,19,35,60,180,23,8*7E
$GBGSV,3,3,09,39,30,000,45,8*4E
$GBGSV,1,1,01,11,04,111,,0*43
$GNGLL,3001.74368,S,05112.75110,W,170428.00,A,A*79
$GNRMC,170429.00,A,3001.74368,S,05112.75111,W,0.015,,090926,,,A,V*1A
$GNVTG,,T,,M,0.015,N,0.028,K,A*33
$GNGGA,170429.00,3001.74368,S,05112.75111,W,1,12,0.89,49.4,M,4.8,M,,*4B
$GNGSA,M,3,18,23,25,26,28,29,31,05,12,13,,,1.70,0.89,1.45,1*06
$GNGSA,M,3,84,83,82,80,,,,,,,,,1.70,0.89,1.45,2*0C
$GNGSA,M,3,25,36,10,11,16,,,,,,,,1.70,0.89,1.45,3*0C
$GNGSA,M,3,12,19,22,24,26,29,31,35,39,,,,1.70,0.89,1.45,4*03
$GPGSV,2,1,08,05,37,124,46,12,20,036,40,13,14,031,19,23,25,356,46,1*62
$GPGSV,2,2,08,25,53,021,50,28,23,292,26,29,57,148,35,31,21,260,24,1*6C
$GPGSV,3,1,10,05,37,124,40,12,20,036,28,13,14,031,24,18,67,259,17,6*6F
$GPGSV,3,2,10,23,25,356,44,25,53,021,46,26,26,226,21,28,23,292,20,6*60
$GPGSV,3,3,10,29,57,148,29,31,21,260,25,6*6F
$GPGSV,2,1,05,18,67,259,27,23,25,356,46,25,53,021,53,26,26,226,16,8*69
$GPGSV,2,2,05,28,23,292,27,8*5F
$GPGSV,1,1,03,15,09,058,,20,01,085,,21,08,142,,0*54
$GLGSV,3,1,10,66,01,154,09,67,15,104,24,68,09,055,15,73,57,243,15,1*71
$GLGSV,3,2,10,74,14,209,11,79,01,017,10,80,49,355,49,82,25,145,33,1*7B
$GLGSV,3,3,10,83,53,210,15,84,24,276,19,1*72
$GLGSV,2,1,08,67,15,104,18,68,09,055,22,73,57,243,21,79,01,017,11,3*76
$GLGSV,2,2,08,80,49,355,42,82,25,145,34,83,53,210,17,84,24,276,21,3*7A
$GAGSV,2,1,07,02,32,221,08,10,36,143,39,11,65,156,27,14,22,090,28,1*71
$GAGSV,2,2,07,16,39,044,40,25,88,143,33,36,58,298,25,1*46
$GAGSV,1,1,03,10,36,143,33,16,39,044,48,25,88,143,35,5*46
$GAGSV,2,1,07,02,32,221,19,10,36,143,33,11,65,156,11,14,22,090,29,7*79
$GAGSV,2,2,07,16,39,044,45,25,88,143,37,36,58,298,15,7*42
$GAGSV,1,1,02,12,14,138,,34,08,312,,0*75
$GBGSV,3,1,11,12,22,100,26,19,25,071,35,20,15,119,23,22,11,020,22,3*73
$GBGSV,3,2,11,24,25,230,24,26,53,283,21,26,53,283,21,29,23,119,42,3*76
$GBGSV,3,3,11,31,35,256,11,35,60,180,27,39,30,000,48,3*48
$GBGSV,3,1,10,12,22,100,24,19,25,071,39,20,15,119,19,22,11,020,24,5*75
$GBGSV,3,2,10,24,25,230,29,26,53,283,16,29,23,119,38,31,35,256,13,5*7A
$GBGSV,3,3,10,35,60,180,21,39,30,000,46,5*72
$GBGSV,3,1,09,12,22,100,27,19,25,071,35,22,11,020,31,24,25,230,26,8*78
$GBGSV,3,2,09,26,53,283,23,29,23,119,41,31,35,256,19,35,60,180,23,8*7E
$GBGSV,3,3,09,39,30,000,45,8*4E
$GBGSV,1,1,01,11,04,111,,0*43
$GNGLL,3001.74368,S,05112.75111,W,170429.00,A,A*79
$GNRMC,170430.00,A,3001.74368,S,05112.75111,W,0.033,,090926,,,A,V*16
$GNVTG,,T,,M,0.033,N,0.060,K,A*3B
$GNGGA,170430.00,3001.74368,S,05112.75111,W,1,12,0.89,49.4,M,4.8,M,,*43
$GNGSA,M,3,18,23,25,26,28,29,31,05,12,13,,,1.70,0.89,1.45,1*06
$GNGSA,M,3,84,83,82,80,,,,,,,,,1.70,0.89,1.45,2*0C
$GNGSA,M,3,25,36,10,11,16,,,,,,,,1.70,0.89,1.45,3*0C
$GNGSA,M,3,12,19,22,24,26,29,31,35,39,,,,1.70,0.89,1.45,4*03
$GPGSV,2,1,08,05,37,124,46,12,20,036,40,13,14,031,19,23,25,356,46,1*62
$GPGSV,2,2,08,25,53,021,50,28,23,292,26,29,57,148,35,31,21,260,23,1*6B
$GPGSV,3,1,10,05,37,124,40,12,20,036,28,13,14,031,24,18,67,259,18,6*60
$GPGSV,3,2,10,23,25,356,44,25,53,021,45,26,26,226,22,28,23,292,20,6*60
$GPGSV,3,3,10,29,57,148,29,31,21,260,25,6*6F
$GPGSV,2,1,05,18,67,259,26,23,25,356,46,25,53,021,53,26,26,226,16,8*68
$GPGSV,2,2,05,28,23,292,27,8*5F
$GPGSV,1,1,03,15,09,058,,20,01,085,,21,08,142,,0*54
$GLGSV,3,1,10,66,01,154,08,67,15,104,24,68,09,055,14,73,57,243,15,1*71
$GLGSV,3,2,10,74,14,209,10,79,01,017,09,80,49,355,49,82,25,145,33,1*72
$GLGSV,3,3,10,83,53,210,14,84,24,276,18,1*72
$GLGSV,2,1,08,67,15,104,19,68,09,055,22,73,57,243,21,79,01,017,10,3*76
$GLGSV,2,2,08,80,49,355,42,82,25,145,34,83,53,210,16,84,24,276,22,3*78
$GAGSV,2,1,07,02,32,221,10,10,36,143,39,11,65,156,27,14,22,090,28,1*78
$GAGSV,2,2,07,16,39,044,39,25,88,143,33,36,58,298,25,1*48
$GAGSV,1,1,03,10,36,143,33,16,39,044,47,25,88,143,35,5*49
$GAGSV,2,1,07,02,32,221,19,10,36,143,33,11,65,156,13,14,22,090,28,7*7A
$GAGSV,2,2,07,16,39,044,44,25,88,143,37,36,58,298,10,7*46
$GAGSV,1,1,02,12,14,138,,34,08,312,,0*75
$GBGSV,3,1,10,12,22,100,25,19,25,071,35,20,15,119,23,22,11,020,22,3*71
$GBGSV,3,2,10,24,25,230,25,26,53,283,20,29,23,119,42,31,35,256,13,3*78
$GBGSV,3,3,10,35,60,180,27,39,30,000,48,3*7C
$GBGSV,3,1,10,12,22,100,24,19,25,071,39,20,15,119,18,22,11,020,24,5*74
$GBGSV,3,2,10,24,25,230,29,26,53,283,16,29,23,119,38,31,35,256,12,5*7B
$GBGSV,3,3,10,35,60,180,21,39,30,000,46,5*72
$GBGSV,3,1,09,12,22,100,27,19,25,071,35,22,11,020,31,24,25,230,26,8*78
$GBGSV,3,2,09,26,53,283,22,29,23,119,41,31,35,256,20,35,60,180,23,8*75
$GBGSV,3,3,09,39,30,000,45,8*4E
$GBGSV,1,1,01,11,04,111,,0*43
$GNGLL,3001.74368,S,05112.75111,W,170430.00,A,A*71
$GNRMC,170431.00,A,3001.74369,S,05112.75112,W,0.048,,090926,,,A,V*19
$GNVTG,,T,,M,0.048,N,0.088,K,A*31
$GNGGA,170431.00,3001.74369,S,05112.75112,W,1,12,0.67,49.4,M,4.8,M,,*40
$GNGSA,M,3,18,23,25,26,28,29,31,05,12,13,,,1.29,0.67,1.10,1*0A
$GNGSA,M,3,84,83,82,80,,,,,,,,,1.29,0.67,1.10,2*00
$GNGSA,M,3,25,36,10,11,16,,,,,,,,1.29,0.67,1.10,3*00
$GNGSA,M,3,12,19,22,24,26,29,31,35,39,,,,1.29,0.67,1.10,4*0F
$GPGSV,2,1,08,05,37,124,46,12,20,036,40,13,14,031,19,23,25,356,46,1*62
$GPGSV,2,2,08,25,53,021,50,28,23,292,26,29,57,148,35,31,21,260,23,1*6B
$GPGSV,3,1,10,05,37,124,40,12,20,036,28,13,14,031,24,18,67,259,17,6*6F
$GPGSV,3,2,10,23,25,356,44,25,53,021,45,26,26,226,21,28,23,292,21,6*62
$GPGSV,3,3,10,29,57,148,29,31,21,260,25,6*6F
$GPGSV,2,1,05,18,67,259,26,23,25,356,46,25,53,021,53,26,26,226,16,8*68
$GPGSV,2,2,05,28,23,292,28,8*50
$GPGSV,1,1,03,15,09,058,,20,01,085,,21,08,142,,0*54
$GLGSV,3,1,10,66,01,154,12,67,15,104,23,68,09,055,15,73,57,243,15,1*7C
$GLGSV,3,2,10,74,14,209,13,79,01,017,09,80,49,355,49,82,25,145,33,1*71
$GLGSV,3,3,10,83,53,210,12,84,24,276,18,1*74
$GLGSV,2,1,08,67,15,104,17,68,09,055,22,73,57,243,20,79,01,017,10,3*79
$GLGSV,2,2,08,80,49,355,42,82,25,145,34,83,53,210,16,84,24,276,22,3*78
$GAGSV,2,1,07,02,32,221,12,10,36,143,39,11,65,156,27,14,22,090,28,1*7A
$GAGSV,2,2,07,16,39,044,40,25,88,143,33,36,58,298,25,1*46
$GAGSV,1,1,03,10,36,143,33,16,39,044,48,25,88,143,35,5*46
$GAGSV,2,1,07,02,32,221,19,10,36,143,33,11,65,156,14,14,22,090,28,7*7D
$GAGSV,2,2,07,16,39,044,44,25,88,143,37,36,58,298,10,7*46
$GAGSV,1,1,02,12,14,138,,34,08,312,,0*75
$GBGSV,3,1,10,12,22,100,24,19,25,071,35,20,15,119,23,22,11,020,22,3*70
$GBGSV,3,2,10,24,25,230,26,26,53,283,20,29,23,119,42,31,35,256,09,3*70
$GBGSV,3,3,10,35,60,180,27,39,30,000,48,3*7C
$GBGSV,3,1,10,12,22,100,25,19,25,071,39,20,15,119,17,22,11,020,24,5*7A
$GBGSV,3,2,10,24,25,230,29,26,53,283,16,29,23,119,38,31,35,256,11,5*78
$GBGSV,3,3,10,35,60,180,21,39,30,000,46,5*72
$GBGSV,3,1,09,12,22,100,28,19,25,071,35,22,11,020,31,24,25,230,26,8*77
$GBGSV,3,2,09,26,53,283,22,29,23,119,41,31,35,256,20,35,60,180,23,8*75
$GBGSV,3,3,09,39,30,000,45,8*4E
$GBGSV,1,1,01,11,04,111,,0*43
$GNGLL,3001.74369,S,05112.75112,W,170431.00,A,A*72
$GNRMC,170432.00,A,3001.74368,S,05112.75112,W,0.011,,090926,,,A,V*17
$GNVTG,,T,,M,0.011,N,0.020,K,A*3F
$GNGGA,170432.00,3001.74368,S,05112.75112,W,1,12,0.67,49.4,M,4.8,M,,*42
$GNGSA,M,3,18,23,25,26,28,29,31,05,12,13,,,1.29,0.67,1.10,1*0A
$GNGSA,M,3,84,83,82,80,,,,,,,,,1.29,0.67,1.10,2*00
$GNGSA,M,3,25,36,10,11,16,,,,,,,,1.29,0.67,1.10,3*00
$GNGSA,M,3,12,19,22,24,26,29,31,35,39,,,,1.29,0.67,1.10,4*0F
$GPGSV,2,1,08,05,37,124,46,12,20,036,40,13,14,031,18,23,25,356,46,1*63
$GPGSV,2,2,08,25,53,021,50,28,23,292,26,29,57,148,35,31,21,260,23,1*6B
$GPGSV,3,1,10,05,37,124,40,12,20,036,28,13,14,031,23,18,67,259,18,6*67
$GPGSV,3,2,10,23,25,356,44,25,53,021,46,26,26,226,21,28,23,292,21,6*61
$GPGSV,3,3,10,29,57,148,29,31,21,260,26,6*6C
$GPGSV,2,1,05,18,67,259,27,23,25,356,46,25,53,021,53,26,26,226,15,8*6A
$GPGSV,2,2,05,28,23,292,28,8*50
$GPGSV,1,1,03,15,09,058,,20,01,085,,21,08,142,,0*54
$GLGSV,3,1,10,66,01,154,14,67,15,104,23,68,09,055,16,73,57,243,17,1*7B
$GLGSV,3,2,10,74,14,209,15,79,01,017,05,80,49,355,49,82,25,145,33,1*7B
$GLGSV,3,3,10,83,53,210,12,84,24,276,17,1*7B
$GLGSV,2,1,08,67,15,104,16,68,09,055,22,73,57,243,19,79,01,017,11,3*73
$GLGSV,2,2,08,80,49,355,42,82,25,145,34,83,53,210,15,84,24,276,21,3*78
$GAGSV,2,1,07,02,32,221,14,10,36,143,39,11,65,156,27,14,22,090,28,1*7C
$GAGSV,2,2,07,16,39,044,40,25,88,143,33,36,58,298,25,1*46
$GAGSV,1,1,03,10,36,143,33,16,39,044,48,25,88,143,35,5*46
$GAGSV,2,1,07,02,32,221,19,10,36,143,33,11,65,156,15,14,22,090,29,7*7D
$GAGSV,2,2,07,16,39,044,44,25,88,143,37,36,58,298,08,7*4F
$GAGSV,1,1,02,12,14,138,,34,08,312,,0*75
$GBGSV,3,1,10,12,22,100,23,19,25,071,35,20,15,119,23,22,11,020,22,3*77
$GBGSV,3,2,10,24,25,230,26,26,53,283,20,29,23,119,42,31,35,256,12,3*7A
$GBGSV,3,3,10,35,60,180,27,39,30,000,48,3*7C
$GBGSV,3,1,10,12,22,100,25,19,25,071,39,20,15,119,17,22,11,020,24,5*7A
$GBGSV,3,2,10,24,25,230,29,26,53,283,17,29,23,119,38,31,35,256,12,5*7A
$GBGSV,3,3,10,35,60,180,21,39,30,000,46,5*72
$GBGSV,3,1,09,12,22,100,28,19,25,071,35,22,11,020,31,24,25,230,26,8*77
$GBGSV,3,2,09,26,53,283,22,29,23,119,41,31,35,256,20,35,60,180,23,8*75
$GBGSV,3,3,09,39,30,000,45,8*4E
$GBGSV,1,1,01,11,04,111,,0*43
$GNGLL,3001.74368,S,05112.75112,W,170432.00,A,A*70
$GNRMC,170433.00,A,3001.74368,S,05112.75111,W,0.003,,090926,,,A,V*16
$GNVTG,,T,,M,0.003,N,0.006,K,A*38
$GNGGA,170433.00,3001.74368,S,05112.75111,W,1,12,0.67,49.4,M,4.8,M,,*40
$GNGSA,M,3,18,23,25,26,28,29,31,05,12,13,,,1.29,0.67,1.10,1*0A
$GNGSA,M,3,84,83,82,80,,,,,,,,,1.29,0.67,1.10,2*00
$GNGSA,M,3,25,36,10,11,16,,,,,,,,1.29,0.67,1.10,3*00
$GNGSA,M,3,12,19,22,24,26,29,31,35,39,,,,1.29,0.67,1.10,4*0F
$GPGSV,2,1,08,05,37,124,46,12,20,036,40,13,14,031,17,23,25,356,46,1*6C
$GPGSV,2,2,08,25,53,021,50,28,23,292,26,29,57,148,35,31,21,260,23,1*6B
$GPGSV,3,1,10,05,37,124,40,12,20,036,28,13,14,031,24,18,67,259,18,6*60
$GPGSV,3,2,10,23,25,356,44,25,53,021,46,26,26,226,21,28,23,292,21,6*61
$GPGSV,3,3,10,29,57,148,29,31,21,260,26,6*6C
$GPGSV,2,1,05,18,67,259,27,23,25,356,46,25,53,021,53,26,26,226,15,8*6A
$GPGSV,2,2,05,28,23,292,28,8*50
$GPGSV,1,1,03,15,09,058,,20,01,085,,21,08,142,,0*54
$GLGSV,3,1,10,66,01,154,13,67,15,104,22,68,09,055,16,73,57,243,17,1*7D
$GLGSV,3,2,10,74,14,209,13,79,01,017,06,80,49,355,49,82,25,145,33,1*7E
$GLGSV,3,3,10,83,53,210,12,84,24,276,18,1*74
$GLGSV,2,1,08,67,15,104,15,68,09,055,21,73,57,243,19,79,01,017,10,3*72
$GLGSV,2,2,08,80,49,355,42,82,25,145,34,83,53,210,15,84,24,276,20,3*79
$GAGSV,2,1,07,02,32,221,13,10,36,143,39,11,65,156,27,14,22,090,28,1*7B
$GAGSV,2,2,07,16,39,044,40,25,88,143,34,36,58,298,25,1*41
$GAGSV,1,1,03,10,36,143,33,16,39,044,48,25,88,143,35,5*46
$GAGSV,2,1,07,02,32,221,19,10,36,143,33,11,65,156,15,14,22,090,28,7*7C
$GAGSV,2,2,07,16,39,044,44,25,88,143,37,36,58,298,15,7*43
$GAGSV,1,1,02,12,14,138,,34,08,312,,0*75
$GBGSV,3,1,10,12,22,100,21,19,25,071,35,20,15,119,23,22,11,020,22,3*75
$GBGSV,3,2,10,24,25,230,27,26,53,283,21,29,23,119,42,31,35,256,11,3*79
$GBGSV,3,3,10,35,60,180,27,39,30,000,48,3*7C
$GBGSV,3,1,10,12,22,100,25,19,25,071,39,20,15,119,17,22,11,020,24,5*7A
$GBGSV,3,2,10,24,25,230,29,26,53,283,17,29,23,119,38,31,35,256,11,5*79
$GBGSV,3,3,10,35,60,180,21,39,30,000,46,5*72
$GBGSV,3,1,09,12,22,100,28,19,25,071,35,22,11,020,31,24,25,230,26,8*77
$GBGSV,3,2,09,26,53,283,22,29,23,119,41,31,35,256,20,35,60,180,23,8*75
$GBGSV,3,3,09,39,30,000,45,8*4E
$GBGSV,1,1,01,11,04,111,,0*43
$GNGLL,3001.74368,S,05112.75111,W,170433.00,A,A*72
$GNRMC,170434.00,A,3001.74368,S,05112.75111,W,0.008,,090926,,,A,V*1A
$GNVTG,,T,,M,0.008,N,0.016,K,A*32
$GNGGA,170434.00,3001.74368,S,05112.75111,W,1,12,0.68,49.4,M,4.8,M,,*48
$GNGSA,M,3,18,23,25,26,28,29,31,05,12,13,,,1.29,0.68,1.10,1*05
$GNGSA,M,3,84,82,80,,,,,,,,,,1.29,0.68,1.10,2*04
$GNGSA,M,3,25,36,10,11,16,,,,,,,,1.29,0.68,1.10,3*0F
$GNGSA,M,3,12,19,22,24,26,29,31,35,39,,,,1.29,0.68,1.10,4*00
$GPGSV,2,1,08,05,37,124,46,12,20,036,40,13,14,031,18,23,25,356,46,1*63
$GPGSV,2,2,08,25,53,021,50,28,23,292,26,29,57,148,35,31,21,260,23,1*6B
$GPGSV,3,1,10,05,37,124,40,12,20,036,28,13,14,031,23,18,67,259,19,6*66
$GPGSV,3,2,10,23,25,356,44,25,53,021,45,26,26,226,21,28,23,292,22,6*61
$GPGSV,3,3,10,29,57,148,30,31,21,260,26,6*64
$GPGSV,2,1,05,18,67,259,26,23,25,356,46,25,53,021,53,26,26,226,15,8*6B
$GPGSV,2,2,05,28,23,292,28,8*50
$GPGSV,1,1,03,15,09,058,,20,01,085,,21,08,142,,0*54
$GLGSV,3,1,10,66,00,155,10,67,15,104,22,68,09,055,16,73,57,243,18,1*71
$GLGSV,3,2,10,74,14,209,11,79,01,017,08,80,49,355,49,82,25,145,33,1*72
$GLGSV,3,3,10,83,53,210,10,84,24,276,17,1*79
$GLGSV,2,1,08,67,15,104,14,68,09,055,21,73,57,243,19,79,01,017,10,3*73
$GLGSV,2,2,08,80,49,355,42,82,25,145,34,83,53,210,14,84,24,276,20,3*78
$GAGSV,2,1,07,02,32,221,13,10,36,143,39,11,65,156,27,14,22,090,28,1*7B
$GAGSV,2,2,07,16,39,044,40,25,88,143,33,36,58,298,25,1*46
$GAGSV,1,1,03,10,36,143,33,16,39,044,48,25,88,143,35,5*46
$GAGSV,2,1,07,02,32,221,19,10,36,143,33,11,65,156,15,14,22,090,28,7*7C
$GAGSV,2,2,07,16,39,044,44,25,88,143,37,36,58,298,09,7*4E
$GAGSV,1,1,02,12,14,138,,34,08,312,,0*75
$GBGSV,3,1,10,12,22,100,18,19,25,071,35,20,15,119,23,22,11,020,23,3*7E
$GBGSV,3,2,10,24,25,230,26,26,53,283,21,29,23,119,42,31,35,256,12,3*7B
$GBGSV,3,3,10,35,60,180,27,39,30,000,48,3*7C
$GBGSV,3,1,10,12,22,100,25,19,25,071,39,20,15,119,18,22,11,020,24,5*75
$GBGSV,3,2,10,24,25,230,29,26,53,283,17,29,23,119,38,31,35,256,11,5*79
$GBGSV,3,3,10,35,60,180,21,39,30,000,46,5*72
$GBGSV,3,1,10,12,22,100,28,19,25,071,35,20,15,119,17,22,11,020,30,8*73
$GBGSV,3,2,10,24,25,230,26,26,53,283,22,29,23,119,41,31,35,256,19,8*7B
$GBGSV,3,3,10,35,60,180,24,39,30,000,45,8*79
$GBGSV,1,1,01,11,04,111,,0*43
$GNGLL,3001.74368,S,05112.75111,W,170434.00,A,A*75
$GNRMC,170435.00,A,3001.74368,S,05112.75111,W,0.006,,090926,,,A,V*15
$GNVTG,,T,,M,0.006,N,0.012,K,A*38
$GNGGA,170435.00,3001.74368,S,05112.75111,W,1,12,0.67,49.4,M,4.8,M,,*46
$GNGSA,M,3,18,23,25,26,28,29,31,05,12,13,,,1.29,0.67,1.10,1*0A
$GNGSA,M,3,84,83,82,80,,,,,,,,,1.29,0.67,1.10,2*00
$GNGSA,M,3,25,36,10,11,16,,,,,,,,1.29,0.67,1.10,3*00
$GNGSA,M,3,12,19,22,24,26,29,31,35,39,,,,1.29,0.67,1.10,4*0F
$GPGSV,2,1,08,05,37,124,46,12,20,036,40,13,14,031,18,23,25,356,46,1*63
$GPGSV,2,2,08,25,53,021,50,28,23,292,25,29,57,148,35,31,21,260,23,1*68
$GPGSV,3,1,10,05,37,124,40,12,20,036,28,13,14,031,24,18,67,259,18,6*60
$GPGSV,3,2,10,23,25,356,44,25,53,021,46,26,26,226,20,28,23,292,22,6*63
$GPGSV,3,3,10,29,57,148,30,31,21,260,26,6*64
$GPGSV,2,1,05,18,67,259,26,23,25,356,46,25,53,021,53,26,26,226,14,8*6A
$GPGSV,2,2,05,28,23,292,28,8*50
$GPGSV,1,1,03,15,09,058,,20,01,085,,21,08,142,,0*54
$GLGSV,3,1,10,66,00,155,08,67,16,105,22,68,09,055,14,73,57,243,20,1*73
$GLGSV,3,2,10,74,14,209,12,79,01,017,08,80,49,355,49,82,25,145,33,1*71
$GLGSV,3,3,10,83,53,210,08,84,24,276,15,1*72
$GLGSV,2,1,08,67,16,105,11,68,09,055,20,73,57,243,19,79,01,017,08,3*7C
$GLGSV,2,2,08,80,49,355,42,82,25,145,34,83,53,210,15,84,24,276,19,3*73
$GAGSV,2,1,07,02,32,221,12,10,36,143,39,11,65,156,27,14,22,090,28,1*7A
$GAGSV,2,2,07,16,39,044,40,25,88,143,33,36,58,298,25,1*46
$GAGSV,1,1,03,10,36,143,33,16,39,044,48,25,88,143,35,5*46
$GAGSV,2,1,07,02,32,221,20,10,36,143,33,11,65,156,16,14,22,090,28,7*75
$GAGSV,2,2,07,16,39,044,44,25,88,143,37,36,58,298,12,7*44
$GAGSV,1,1,02,12,14,138,,34,08,312,,0*75
$GBGSV,3,1,10,12,22,100,16,19,25,071,35,20,15,119,23,22,11,020,23,3*70
$GBGSV,3,2,10,24,25,230,26,26,53,283,20,29,23,119,42,31,35,256,08,3*71
$GBGSV,3,3,10,35,60,180,27,39,30,000,48,3*7C
$GBGSV,3,1,10,12,22,100,25,19,25,071,39,20,15,119,19,22,11,020,24,5*74
$GBGSV,3,2,10,24,25,230,29,26,53,283,17,29,23,119,38,31,35,256,11,5*79
$GBGSV,3,3,10,35,60,180,20,39,30,000,46,5*73
$GBGSV,3,1,10,12,22,100,29,19,25,071,35,20,15,119,16,22,11,020,30,8*73
$GBGSV,3,2,10,24,25,230,26,26,53,283,22,29,23,119,41,31,35,256,18,8*7A
$GBGSV,3,3,10,35,60,180,24,39,30,000,45,8*79
$GBGSV,1,1,01,11,04,111,,0*43
$GNGLL,3001.74368,S,05112.75111,W,170435.00,A,A*74
$GNRMC,170436.00,A,3001.74368,S,05112.75110,W,0.024,,090926,,,A,V*17
$GNVTG,,T,,M,0.024,N,0.044,K,A*3B
$GNGGA,170436.00,3001.74368,S,05112.75110,W,1,12,0.67,49.4,M,4.8,M,,*44
$GNGSA,M,3,18,23,25,26,28,29,31,05,12,13,,,1.29,0.67,1.10,1*0A
$GNGSA,M,3,84,83,82,80,,,,,,,,,1.29,0.67,1.10,2*00
$GNGSA,M,3,25,36,10,11,16,,,,,,,,1.29,0.67,1.10,3*00
$GNGSA,M,3,12,19,22,24,26,29,31,35,39,,,,1.29,0.67,1.10,4*0F
$GPGSV,2,1,08,05,37,124,46,12,20,036,40,13,14,031,18,23,25,356,46,1*63
$GPGSV,2,2,08,25,53,021,50,28,23,292,25,29,57,148,36,31,21,260,23,1*6B
$GPGSV,3,1,10,05,37,124,40,12,20,036,28,13,14,031,25,18,67,259,18,6*61
$GPGSV,3,2,10,23,25,356,44,25,53,021,45,26,26,226,21,28,23,292,22,6*61
$GPGSV,3,3,10,29,57,148,29,31,21,260,26,6*6C
$GPGSV,2,1,05,18,67,259,26,23,25,356,46,25,53,021,53,26,26,226,14,8*6A
$GPGSV,2,2,05,28,23,292,28,8*50
$GPGSV,1,1,03,15,09,058,,20,01,085,,21,08,142,,0*54
$GLGSV,3,1,10,66,00,155,07,67,16,105,21,68,10,056,13,73,57,243,20,1*73
$GLGSV,3,2,10,74,14,209,12,79,01,017,11,80,49,355,49,82,25,145,34,1*7E
$GLGSV,3,3,10,83,53,210,08,84,24,276,13,1*74
$GLGSV,2,1,08,67,16,105,10,68,10,056,20,73,57,243,19,79,01,017,08,3*76
$GLGSV,2,2,08,80,49,355,42,82,25,145,34,83,53,210,15,84,24,276,17,3*7D
$GAGSV,2,1,07,02,32,221,12,10,36,143,39,11,65,156,27,14,22,090,28,1*7A
$GAGSV,2,2,07,16,39,044,40,25,88,143,33,36,58,298,25,1*46
$GAGSV,1,1,03,10,36,143,33,16,39,044,48,25,88,143,35,5*46
$GAGSV,2,1,07,02,32,221,20,10,36,143,33,11,65,156,15,14,22,090,28,7*76
$GAGSV,2,2,07,16,39,044,44,25,88,143,37,36,58,298,09,7*4E
$GAGSV,1,1,02,12,14,138,,34,08,312,,0*75
$GBGSV,3,1,10,12,22,100,16,19,25,071,35,20,15,119,22,22,11,020,23,3*71
$GBGSV,3,2,10,24,25,230,26,26,53,283,20,29,23,119,42,31,35,256,14,3*7C
$GBGSV,3,3,10,35,60,180,27,39,30,000,48,3*7C
$GBGSV,3,1,09,12,22,100,25,19,25,071,39,20,15,119,19,22,11,020,24,5*7C
$GBGSV,3,2,09,24,25,230,29,26,53,283,17,29,23,119,38,35,60,180,21,5*7E
$GBGSV,3,3,09,39,30,000,46,5*40
$GBGSV,3,1,10,12,22,100,29,19,25,071,35,20,15,119,16,22,11,020,31,8*72
$GBGSV,3,2,10,24,25,230,26,26,53,283,22,29,23,119,41,31,35,256,18,8*7A
$GBGSV,3,3,10,35,60,180,24,39,30,000,45,8*79
$GBGSV,1,1,01,11,04,111,,0*43
$GNGLL,3001.74368,S,05112.75110,W,170436.00,A,A*76
$GNRMC,170437.00,A,3001.74368,S,05112.75109,W,0.004,,090926,,,A,V*1C
$GNVTG,,T,,M,0.004,N,0.008,K,A*31
$GNGGA,170437.00,3001.74368,S,05112.75109,W,1,12,0.67,49.4,M,4.8,M,,*4D
$GNGSA,M,3,18,23,25,26,28,29,31,05,12,13,,,1.29,0.67,1.10,1*0A
$GNGSA,M,3,84,83,82,80,,,,,,,,,1.29,0.67,1.10,2*00
$GNGSA,M,3,25,36,10,11,16,,,,,,,,1.29,0.67,1.10,3*00
$GNGSA,M,3,12,19,22,24,26,29,31,35,39,,,,1.29,0.67,1.10,4*0F
$GPGSV,2,1,08,05,37,124,45,12,20,036,40,13,14,031,18,23,25,356,46,1*60
$GPGSV,2,2,08,25,53,021,50,28,23,292,25,29,57,148,35,31,21,260,22,1*69
$GPGSV,3,1,10,05,37,124,39,12,20,036,28,13,14,031,25,18,67,259,18,6*6F
$GPGSV,3,2,10,23,25,356,44,25,53,021,46,26,26,226,20,28,23,292,22,6*63
$GPGSV,3,3,10,29,57,148,29,31,21,260,25,6*6F
$GPGSV,2,1,05,18,67,259,26,23,25,356,46,25,53,021,53,26,26,226,15,8*6B
$GPGSV,2,2,05,28,23,292,28,8*50
$GPGSV,1,1,03,15,09,058,,20,01,085,,21,08,142,,0*54
$GLGSV,3,1,10,66,00,155,07,67,16,105,21,68,10,056,11,73,57,243,20,1*71
$GLGSV,3,2,10,74,14,209,14,79,01,017,10,80,49,355,49,82,25,145,34,1*79
$GLGSV,3,3,10,83,53,210,07,84,24,276,09,1*70
$GLGSV,2,1,08,67,16,105,11,68,10,056,19,73,57,243,19,79,01,017,12,3*76
$GLGSV,2,2,08,80,49,355,42,82,25,145,34,83,53,210,15,84,24,276,15,3*7F
$GAGSV,2,1,07,02,32,221,14,10,36,143,39,11,65,156,27,14,22,090,28,1*7C
$GAGSV,2,2,07,16,39,044,40,25,88,143,33,36,58,298,25,1*46
$GAGSV,1,1,03,10,36,143,33,16,39,044,48,25,88,143,35,5*46
$GAGSV,2,1,07,02,32,221,20,10,36,143,33,11,65,156,15,14,22,090,28,7*76
$GAGSV,2,2,07,16,39,044,45,25,88,143,37,36,58,298,13,7*44
$GAGSV,1,1,02,12,14,138,,34,08,312,,0*75
$GBGSV,3,1,10,12,22,100,15,19,25,071,35,20,15,119,22,22,11,020,23,3*72
$GBGSV,3,2,10,24,25,230,25,26,53,283,20,29,23,119,42,31,35,256,10,3*7B
$GBGSV,3,3,10,35,60,180,27,39,30,000,48,3*7C
$GBGSV,3,1,09,12,22,100,25,19,25,071,39,20,15,119,19,22,11,020,24,5*7C
$GBGSV,3,2,09,24,25,230,29,26,53,283,17,29,23,119,39,35,60,180,20,5*7E
$GBGSV,3,3,09,39,30,000,46,5*40
$GBGSV,3,1,10,12,22,100,29,19,25,071,36,20,15,119,16,22,11,020,30,8*70
$GBGSV,3,2,10,24,25,230,26,26,53,283,22,29,23,119,41,31,35,256,19,8*7B
$GBGSV,3,3,10,35,60,180,24,39,30,000,45,8*79
$GBGSV,1,1,01,11,04,111,,0*43
$GNGLL,3001.74368,S,05112.75109,W,170437.00,A,A*7F
$GNRMC,170438.00,A,3001.74367,S,05112.75108,W,0.006,,090926,,,A,V*1F
$GNVTG,,T,,M,0.006,N,0.011,K,A*3B
$GNGGA,170438.00,3001.74367,S,05112.75108,W,1,12,0.66,49.4,M,4.8,M,,*4D
$GNGSA,M,3,18,23,25,26,28,29,31,05,12,13,,,1.25,0.66,1.06,1*00
$GNGSA,M,3,84,83,82,80,,,,,,,,,1.25,0.66,1.06,2*0A
$GNGSA,M,3,25,36,10,11,16,,,,,,,,1.25,0.66,1.06,3*0A
$GNGSA,M,3,12,19,20,22,24,26,29,31,35,39,,,1.25,0.66,1.06,4*07
$GPGSV,2,1,08,05,37,124,45,12,20,036,40,13,14,031,17,23,25,356,46,1*6F
$GPGSV,2,2,08,25,53,021,50,28,23,292,24,29,57,148,36,31,21,260,22,1*6B
$GPGSV,3,1,10,05,37,124,40,12,20,036,28,13,14,031,25,18,67,259,18,6*61
$GPGSV,3,2,10,23,25,356,44,25,53,021,46,26,26,226,20,28,23,292,22,6*63
$GPGSV,3,3,10,29,57,148,29,31,21,260,25,6*6F
$GPGSV,2,1,05,18,67,259,26,23,25,356,46,25,53,021,53,26,26,226,13,8*6D
$GPGSV,2,2,05,28,23,292,29,8*51
$GPGSV,1,1,03,15,09,058,,20,01,085,,21,08,142,,0*54
$GLGSV,3,1,10,66,00,155,11,67,16,105,21,68,10,056,11,73,57,243,21,1*77
$GLGSV,3,2,10,74,14,209,15,79,01,017,04,80,49,355,49,82,25,145,33,1*7A
$GLGSV,3,3,10,83,53,210,01,84,24,276,08,1*77
$GLGSV,2,1,08,67,16,105,13,68,10,056,19,73,57,243,19,79,01,017,05,3*72
$GLGSV,2,2,08,80,49,355,42,82,25,145,34,83,53,210,15,84,24,276,16,3*7C
$GAGSV,2,1,07,02,32,221,13,10,36,143,39,11,65,156,27,14,22,090,28,1*7B
$GAGSV,2,2,07,16,39,044,40,25,88,143,33,36,58,298,25,1*46
$GAGSV,1,1,03,10,36,143,32,16,39,044,48,25,88,143,35,5*47
$GAGSV,2,1,07,02,32,221,19,10,36,143,33,11,65,156,13,14,22,090,29,7*7B
$GAGSV,2,2,07,16,39,044,44,25,88,143,36,36,58,298,10,7*47
$GAGSV,1,1,02,12,14,138,,34,08,312,,0*75
$GBGSV,3,1,10,12,22,100,12,19,25,071,35,20,15,119,22,22,11,020,23,3*75
$GBGSV,3,2,10,24,25,230,25,26,53,283,20,29,23,119,42,31,35,256,11,3*7A
$GBGSV,3,3,10,35,60,180,27,39,30,000,48,3*7C
$GBGSV,3,1,09,12,22,100,26,19,25,071,39,20,15,119,19,22,11,020,24,5*7F
$GBGSV,3,2,09,24,25,230,29,26,53,283,16,29,23,119,38,35,60,180,21,5*7F
$GBGSV,3,3,09,39,30,000,46,5*40
$GBGSV,3,1,10,12,22,100,29,19,25,071,36,20,15,119,17,22,11,020,30,8*71
$GBGSV,3,2,10,24,25,230,26,26,53,283,22,29,23,119,41,31,35,256,19,8*7B
$GBGSV,3,3,10,35,60,180,24,39,30,000,45,8*79
$GBGSV,1,1,01,11,04,111,,0*43
$GNGLL,3001.74367,S,05112.75108,W,170438.00,A,A*7E
$GNRMC,170439.00,A,3001.74367,S,05112.75107,W,0.006,,090926,,,A,V*11
$GNVTG,,T,,M,0.006,N,0.011,K,A*3B
$GNGGA,170439.00,3001.74367,S,05112.75107,W,1,12,0.66,49.4,M,4.8,M,,*43
$GNGSA,M,3,18,23,25,26,28,29,31,05,12,13,,,1.25,0.66,1.06,1*00
$GNGSA,M,3,84,83,82,80,,,,,,,,,1.25,0.66,1.06,2*0A
$GNGSA,M,3,25,36,10,11,16,,,,,,,,1.25,0.66,1.06,3*0A
$GNGSA,M,3,12,19,20,22,24,26,29,31,35,39,,,1.25,0.66,1.06,4*07
$GPGSV,2,1,08,05,37,124,46,12,20,036,40,13,14,031,18,23,25,356,46,1*63
$GPGSV,2,2,08,25,53,021,50,28,23,292,24,29,57,148,36,31,21,260,22,1*6B
$GPGSV,3,1,10,05,37,124,40,12,20,036,28,13,14,031,25,18,67,259,18,6*61
$GPGSV,3,2,10,23,25,356,44,25,53,021,46,26,26,226,19,28,23,292,22,6*69
$GPGSV,3,3,10,29,57,148,29,31,21,260,25,6*6F
$GPGSV,2,1,05,18,67,259,27,23,25,356,46,25,53,021,53,26,26,226,13,8*6C
$GPGSV,2,2,05,28,23,292,29,8*51
$GPGSV,1,1,03,15,09,058,,20,01,085,,21,08,142,,0*54
$GLGSV,3,1,10,66,00,155,14,67,16,105,21,68,10,056,12,73,57,243,22,1*72
$GLGSV,3,2,10,74,14,209,14,79,01,017,07,80,49,355,49,82,25,145,33,1*78
$GLGSV,3,3,10,83,53,210,05,84,24,276,08,1*73
$GLGSV,2,1,08,67,16,105,21,68,10,056,19,73,57,243,20,79,01,017,07,3*7B
$GLGSV,2,2,08,80,49,355,42,82,25,145,34,83,53,210,15,84,24,276,15,3*7F
$GAGSV,2,1,07,02,32,221,14,10,36,143,39,11,65,156,27,14,22,090,28,1*7C
$GAGSV,2,2,07,16,39,044,40,25,88,143,33,36,58,298,25,1*46
$GAGSV,1,1,03,10,36,143,32,16,39,044,48,25,88,143,35,5*47
$GAGSV,2,1,07,02,32,221,18,10,36,143,33,11,65,156,13,14,22,090,29,7*7A
$GAGSV,2,2,07,16,39,044,45,25,88,143,37,36,58,298,11,7*46
$GAGSV,1,1,02,12,14,138,,34,08,312,,0*75
$GBGSV,3,1,10,12,22,100,09,19,25,071,36,20,15,119,21,22,11,020,23,3*7F
$GBGSV,3,2,10,24,25,230,25,26,53,283,20,29,23,119,42,31,35,256,13,3*78
$GBGSV,3,3,10,35,60,180,28,39,30,000,48,3*73
$GBGSV,3,1,09,12,22,100,26,19,25,071,39,20,15,119,20,22,11,020,24,5*75
$GBGSV,3,2,09,24,25,230,29,26,53,283,17,29,23,119,38,35,60,180,21,5*7E
$GBGSV,3,3,09,39,30,000,46,5*40
$GBGSV,3,1,10,12,22,100,29,19,25,071,36,20,15,119,16,22,11,020,30,8*70
$GBGSV,3,2,10,24,25,230,25,26,53,283,22,29,23,119,41,31,35,256,19,8*78
$GBGSV,3,3,10,35,60,180,24,39,30,000,45,8*79
$GBGSV,1,1,01,11,04,111,,0*43
$GNGLL,3001.74367,S,05112.75107,W,170439.00,A,A*70
$GNRMC,170440.00,A,3001.74367,S,05112.75107,W,0.019,,090926,,,A,V*11
$GNVTG,,T,,M,0.019,N,0.035,K,A*33
$GNGGA,170440.00,3001.74367,S,05112.75107,W,1,12,0.66,49.3,M,4.8,M,,*4A
$GNGSA,M,3,18,23,25,26,28,29,31,05,12,13,,,1.25,0.66,1.07,1*01
$GNGSA,M,3,84,83,82,80,,,,,,,,,1.25,0.66,1.07,2*0B
$GNGSA,M,3,25,36,10,11,16,,,,,,,,1.25,0.66,1.07,3*0B
$GNGSA,M,3,12,19,20,22,24,26,29,31,35,39,,,1.25,0.66,1.07,4*06
$GPGSV,2,1,08,05,37,124,46,12,20,036,40,13,14,031,18,23,25,356,46,1*63
$GPGSV,2,2,08,25,53,021,50,28,23,292,24,29,57,148,36,31,21,260,22,1*6B
$GPGSV,3,1,10,05,37,124,40,12,20,036,28,13,14,031,25,18,67,259,17,6*6E
$GPGSV,3,2,10,23,25,356,44,25,53,021,46,26,26,226,18,28,23,292,22,6*68
$GPGSV,3,3,10,29,57,148,29,31,21,260,25,6*6F
$GPGSV,2,1,05,18,67,259,27,23,25,356,46,25,53,021,53,26,26,226,14,8*6B
$GPGSV,2,2,05,28,23,292,28,8*50
$GPGSV,1,1,03,15,09,058,,20,01,085,,21,08,142,,0*54
$GLGSV,3,1,10,66,00,155,14,67,16,105,21,68,10,056,13,73,57,243,22,1*73
$GLGSV,3,2,10,74,14,209,15,79,01,017,08,80,49,355,49,82,25,145,33,1*76
$GLGSV,3,3,10,83,53,210,07,84,24,276,08,1*71
$GLGSV,2,1,08,67,16,105,20,68,10,056,18,73,57,243,20,79,01,017,08,3*74
$GLGSV,2,2,08,80,49,355,42,82,25,145,34,83,53,210,16,84,24,276,15,3*7C
$GAGSV,2,1,07,02,32,221,13,10,36,143,39,11,65,156,27,14,22,090,28,1*7B
$GAGSV,2,2,07,16,39,044,40,25,88,143,33,36,58,298,25,1*46
$GAGSV,1,1,03,10,36,143,32,16,39,044,48,25,88,143,35,5*47
$GAGSV,2,1,07,02,32,221,17,10,36,143,33,11,65,156,15,14,22,090,29,7*73
$GAGSV,2,2,07,16,39,044,45,25,88,143,37,36,58,298,10,7*47
$GAGSV,1,1,02,12,14,138,,34,08,312,,0*75
$GBGSV,3,1,10,12,22,100,09,19,25,071,36,20,15,119,21,22,11,020,23,3*7F
$GBGSV,3,2,10,24,25,230,24,26,53,283,20,29,23,119,42,31,35,256,12,3*78
$GBGSV,3,3,10,35,60,180,28,39,30,000,48,3*73
$GBGSV,3,1,09,12,22,100,26,19,25,071,39,20,15,119,19,22,11,020,24,5*7F
$GBGSV,3,2,09,24,25,230,29,26,53,283,16,29,23,119,38,35,60,180,21,5*7F
$GBGSV,3,3,09,39,30,000,46,5*40
$GBGSV,3,1,10,12,22,100,29,19,25,071,36,20,15,119,17,22,11,020,30,8*71
$GBGSV,3,2,10,24,25,230,26,26,53,283,22,29,23,119,41,31,35,256,20,8*71
$GBGSV,3,3,10,35,60,180,24,39,30,000,45,8*79
$GBGSV,1,1,01,11,04,111,,0*43
$GNGLL,3001.74367,S,05112.75107,W,170440.00,A,A*7E
$GNRMC,170441.00,A,3001.74367,S,05112.75107,W,0.014,,090926,,,A,V*1D
$GNVTG,,T,,M,0.014,N,0.025,K,A*3F
$GNGGA,170441.00,3001.74367,S,05112.75107,W,1,12,0.66,49.3,M,4.8,M,,*4B
$GNGSA,M,3,18,23,25,26,28,29,31,05,12,13,,,1.25,0.66,1.07,1*01
$GNGSA,M,3,83,82,80,,,,,,,,,,1.25,0.66,1.07,2*07
$GNGSA,M,3,25,36,10,11,16,,,,,,,,1.25,0.66,1.07,3*0B
$GNGSA,M,3,12,19,20,22,24,26,29,31,35,39,,,1.25,0.66,1.07,4*06
$GPGSV,2,1,08,05,37,124,45,12,20,036,40,13,14,031,18,23,25,356,46,1*60
$GPGSV,2,2,08,25,53,021,50,28,23,292,23,29,57,148,36,31,21,260,23,1*6D
$GPGSV,3,1,10,05,37,124,40,12,20,036,28,13,14,031,25,18,67,259,18,6*61
$GPGSV,3,2,10,23,25,356,44,25,53,021,46,26,26,226,18,28,23,292,22,6*68
$GPGSV,3,3,10,29,57,148,29,31,21,260,25,6*6F
$GPGSV,2,1,05,18,67,259,26,23,25,356,46,25,53,021,53,26,26,226,15,8*6B
$GPGSV,2,2,05,28,23,292,28,8*50
$GPGSV,1,1,03,15,09,058,,20,01,085,,21,08,142,,0*54
$GLGSV,3,1,10,66,00,155,14,67,16,105,21,68,10,056,14,73,58,245,22,1*7D
$GLGSV,3,2,10,74,14,209,13,79,01,017,08,80,49,355,49,82,25,145,33,1*70
$GLGSV,3,3,10,83,53,210,07,84,24,276,07,1*7E
$GLGSV,2,1,08,67,16,105,20,68,10,056,18,73,58,245,21,79,01,017,08,3*7C
$GLGSV,2,2,08,80,49,355,42,82,25,145,34,83,53,210,15,84,24,276,14,3*7E
$GAGSV,2,1,07,02,32,221,13,10,36,143,39,11,65,156,27,14,22,090,28,1*7B
$GAGSV,2,2,07,16,39,044,39,25,88,143,33,36,58,298,25,1*48
$GAGSV,1,1,03,10,36,143,32,16,39,044,48,25,88,143,35,5*47
$GAGSV,2,1,07,02,32,221,18,10,36,143,33,11,65,156,16,14,22,090,28,7*7E
$GAGSV,2,2,07,16,39,044,45,25,88,143,37,36,58,298,15,7*42
$GAGSV,1,1,02,12,14,138,,34,08,312,,0*75
$GBGSV,3,1,10,12,22,100,11,19,25,071,36,20,15,119,21,22,11,020,23,3*76
$GBGSV,3,2,10,24,25,230,22,26,53,283,20,29,23,119,42,31,35,256,09,3*74
$GBGSV,3,3,10,35,60,180,28,39,30,000,48,3*73
$GBGSV,3,1,10,12,22,100,26,19,25,071,39,20,15,119,20,22,11,020,24,5*7D
$GBGSV,3,2,10,24,25,230,29,26,53,283,16,29,23,119,38,31,35,256,15,5*7C
$GBGSV,3,3,10,35,60,180,21,39,30,000,46,5*72
$GBGSV,3,1,10,12,22,100,29,19,25,071,36,20,15,119,16,22,11,020,30,8*70
$GBGSV,3,2,10,24,25,230,25,26,53,283,23,29,23,119,41,31,35,256,20,8*73
$GBGSV,3,3,10,35,60,180,24,39,30,000,45,8*79
$GBGSV,1,1,01,11,04,111,,0*43
$GNGLL,3001.74367,S,05112.75107,W,170441.00,A,A*7F
$GNRMC,170442.00,A,3001.74367,S,05112.75107,W,0.020,,090926,,,A,V*19
$GNVTG,,T,,M,0.020,N,0.038,K,A*34
$GNGGA,170442.00,3001.74367,S,05112.75107,W,1,12,0.66,49.3,M,4.8,M,,*48
$GNGSA,M,3,18,23,25,26,28,29,31,05,12,13,,,1.25,0.66,1.07,1*01
$GNGSA,M,3,83,82,80,,,,,,,,,,1.25,0.66,1.07,2*07
$GNGSA,M,3,25,36,10,11,16,,,,,,,,1.25,0.66,1.07,3*0B
$GNGSA,M,3,12,19,20,22,24,26,29,31,35,39,,,1.25,0.66,1.07,4*06
$GPGSV,2,1,08,05,37,124,45,12,20,036,40,13,14,031,18,23,25,356,46,1*60
$GPGSV,2,2,08,25,53,021,50,28,23,292,23,29,57,148,36,31,21,260,23,1*6D
$GPGSV,3,1,10,05,37,124,40,12,20,036,28,13,14,031,25,18,67,259,19,6*60
$GPGSV,3,2,10,23,25,356,44,25,53,021,46,26,26,226,18,28,23,292,22,6*68
$GPGSV,3,3,10,29,57,148,29,31,21,260,25,6*6F
$GPGSV,2,1,05,18,67,259,26,23,25,356,46,25,53,021,53,26,26,226,16,8*68
$GPGSV,2,2,05,28,23,292,28,8*50
$GPGSV,1,1,03,15,09,058,,20,01,085,,21,08,142,,0*54
$GLGSV,3,1,10,66,00,155,11,67,16,105,21,68,10,056,16,73,58,245,23,1*7B
$GLGSV,3,2,10,74,15,210,12,79,01,017,07,80,49,355,49,82,25,145,33,1*77
$GLGSV,3,3,10,83,53,210,09,84,24,276,08,1*7F
$GLGSV,2,1,08,67,16,105,21,68,10,056,17,73,58,245,22,79,01,017,09,3*70
$GLGSV,2,2,08,80,49,355,42,82,25,145,34,83,53,210,15,84,24,276,14,3*7E
$GAGSV,2,1,07,02,32,221,13,10,36,143,39,11,65,156,27,14,22,090,28,1*7B
$GAGSV,2,2,07,16,39,044,39,25,88,143,33,36,58,298,25,1*48
$GAGSV,1,1,03,10,36,143,32,16,39,044,48,25,88,143,35,5*47
$GAGSV,2,1,07,02,32,221,17,10,36,143,32,11,65,156,16,14,22,090,28,7*70
$GAGSV,2,2,07,16,39,044,45,25,88,143,37,36,58,298,17,7*40
$GAGSV,1,1,02,12,14,138,,34,08,312,,0*75
$GBGSV,3,1,10,12,22,100,10,19,25,071,36,20,15,119,22,22,11,020,23,3*74
$GBGSV,3,2,10,24,25,230,21,26,53,283,20,29,23,119,42,31,35,256,11,3*7E
$GBGSV,3,3,10,35,60,180,28,39,30,000,48,3*73
$GBGSV,3,1,10,12,22,100,26,19,25,071,39,20,15,119,20,22,11,020,25,5*7C
$GBGSV,3,2,10,24,25,230,29,26,53,283,16,29,23,119,38,31,35,256,16,5*7F
$GBGSV,3,3,10,35,60,180,20,39,30,000,46,5*73
$GBGSV,3,1,10,12,22,100,29,19,25,071,36,20,15,119,16,22,11,020,30,8*70
$GBGSV,3,2,10,24,25,230,26,26,53,283,22,29,23,119,41,31,35,256,20,8*71
$GBGSV,3,3,10,35,60,180,24,39,30,000,45,8*79
$GBGSV,1,1,01,11,04,111,,0*43
$GNGLL,3001.74367,S,05112.75107,W,170442.00,A,A*7C
$GNRMC,170443.00,A,3001.74367,S,05112.75108,W,0.056,,090926,,,A,V*16
$GNVTG,,T,,M,0.056,N,0.104,K,A*3B
$GNGGA,170443.00,3001.74367,S,05112.75108,W,1,12,0.67,49.3,M,4.8,M,,*47
$GNGSA,M,3,18,23,25,26,28,29,31,05,12,13,,,1.29,0.67,1.10,1*0A
$GNGSA,M,3,83,82,80,,,,,,,,,,1.29,0.67,1.10,2*0C
$GNGSA,M,3,25,36,10,11,16,,,,,,,,1.29,0.67,1.10,3*00
$GNGSA,M,3,12,19,22,24,26,29,31,35,39,,,,1.29,0.67,1.10,4*0F
$GPGSV,2,1,08,05,37,124,45,12,20,036,40,13,14,031,18,23,25,356,46,1*60
$GPGSV,2,2,08,25,53,021,50,28,23,292,22,29,57,148,36,31,21,260,22,1*6D
$GPGSV,3,1,10,05,37,124,40,12,20,036,28,13,14,031,25,18,67,259,19,6*60
$GPGSV,3,2,10,23,25,356,44,25,53,021,46,26,26,226,17,28,23,292,22,6*67
$GPGSV,3,3,10,29,57,148,29,31,21,260,25,6*6F
$GPGSV,2,1,05,18,67,259,26,23,25,356,46,25,53,021,53,26,26,226,15,8*6B
$GPGSV,2,2,05,28,23,292,28,8*50
$GPGSV,1,1,03,15,09,058,,20,01,085,,21,08,142,,0*54
$GLGSV,3,1,10,66,00,155,10,67,16,105,21,68,10,056,16,73,58,245,23,1*7A
$GLGSV,3,2,10,74,15,210,12,79,01,017,12,80,49,355,49,82,25,145,33,1*73
$GLGSV,3,3,10,83,53,210,06,84,24,276,09,1*71
$GLGSV,2,1,08,67,16,105,22,68,10,056,17,73,58,245,22,79,01,017,08,3*72
$GLGSV,2,2,08,80,49,355,42,82,25,145,34,83,53,210,15,84,24,276,14,3*7E
$GAGSV,2,1,07,02,32,221,13,10,36,143,39,11,65,156,27,14,22,090,28,1*7B
$GAGSV,2,2,07,16,39,044,39,25,88,143,33,36,58,298,25,1*48
$GAGSV,1,1,03,10,36,143,32,16,39,044,48,25,88,143,35,5*47
$GAGSV,2,1,07,02,32,221,18,10,36,143,33,11,65,156,17,14,22,090,28,7*7F
$GAGSV,2,2,07,16,39,044,45,25,88,143,37,36,58,298,14,7*43
$GAGSV,1,1,02,12,14,138,,34,08,312,,0*75
$GBGSV,3,1,10,12,22,100,10,19,25,071,36,20,15,119,21,22,11,020,23,3*77
$GBGSV,3,2,10,24,25,230,20,26,53,283,20,29,23,119,42,31,35,256,13,3*7D
$GBGSV,3,3,10,35,60,180,28,39,30,000,48,3*73
$GBGSV,3,1,10,12,22,100,26,19,25,071,39,20,15,119,19,22,11,020,25,5*76
$GBGSV,3,2,10,24,25,230,29,26,53,283,16,29,23,119,38,31,35,256,16,5*7F
$GBGSV,3,3,10,35,60,180,20,39,30,000,46,5*73
$GBGSV,3,1,10,12,22,100,30,19,25,071,36,20,15,119,14,22,11,020,30,8*7A
$GBGSV,3,2,10,24,25,230,26,26,53,283,22,29,23,119,41,31,35,256,20,8*71
$GBGSV,3,3,10,35,60,180,25,39,30,000,45,8*78
$GBGSV,1,1,01,11,04,111,,0*43
$GNGLL,3001.74367,S,05112.75108,W,170443.00,A,A*72
$GNRMC,170444.00,A,3001.74367,S,05112.75108,W,0.013,,090926,,,A,V*10
$GNVTG,,T,,M,0.013,N,0.024,K,A*39
$GNGGA,170444.00,3001.74367,S,05112.75108,W,1,12,0.67,49.3,M,4.8,M,,*40
$GNGSA,M,3,18,23,25,26,28,29,31,05,12,13,,,1.29,0.67,1.10,1*0A
$GNGSA,M,3,83,82,80,,,,,,,,,,1.29,0.67,1.10,2*0C
$GNGSA,M,3,25,36,10,11,16,,,,,,,,1.29,0.67,1.10,3*00
$GNGSA,M,3,12,19,22,24,26,29,31,35,39,,,,1.29,0.67,1.10,4*0F
$GPGSV,2,1,08,05,37,124,45,12,20,036,40,13,14,031,18,23,25,356,46,1*60
$GPGSV,2,2,08,25,53,021,50,28,23,292,22,29,57,148,36,31,21,260,23,1*6C
$GPGSV,3,1,10,05,37,124,40,12,20,036,28,13,14,031,25,18,67,259,20,6*6A
$GPGSV,3,2,10,23,25,356,44,25,53,021,46,26,26,226,17,28,23,292,22,6*67
$GPGSV,3,3,10,29,57,148,29,31,21,260,25,6*6F
$GPGSV,2,1,05,18,67,259,26,23,25,356,46,25,53,021,53,26,26,226,15,8*6B
$GPGSV,2,2,05,28,23,292,28,8*50
$GPGSV,1,1,03,15,09,058,,20,01,085,,21,08,142,,0*54
$GLGSV,3,1,10,66,00,155,08,67,16,105,21,68,10,056,16,73,58,245,23,1*73
$GLGSV,3,2,10,74,15,210,12,79,01,017,07,80,49,355,49,82,25,145,33,1*77
$GLGSV,3,3,10,83,53,210,11,84,24,276,12,1*7D
$GLGSV,2,1,08,67,16,105,22,68,10,056,17,73,58,245,22,79,01,017,10,3*7B
$GLGSV,2,2,08,80,49,355,42,82,25,145,34,83,53,210,17,84,24,276,13,3*7B
$GAGSV,2,1,07,02,32,221,13,10,36,143,39,11,65,156,27,14,22,090,28,1*7B
$GAGSV,2,2,07,16,39,044,40,25,88,143,33,36,58,298,24,1*47
$GAGSV,1,1,03,10,36,143,32,16,39,044,48,25,88,143,35,5*47
$GAGSV,2,1,07,02,32,221,17,10,36,143,32,11,65,156,17,14,22,090,28,7*71
$GAGSV,2,2,07,16,39,044,45,25,88,143,37,36,58,298,05,7*43
$GAGSV,1,1,02,12,14,138,,34,08,312,,0*75
$GBGSV,3,1,10,12,22,100,12,19,25,071,36,20,15,119,21,22,11,020,23,3*75
$GBGSV,3,2,10,24,25,230,18,26,53,283,21,29,23,119,42,31,35,256,13,3*77
$GBGSV,3,3,10,35,60,180,28,39,30,000,48,3*73
$GBGSV,3,1,10,12,22,100,26,19,25,071,39,20,15,119,20,22,11,020,25,5*7C
$GBGSV,3,2,10,24,25,230,29,26,53,283,17,29,23,119,38,31,35,256,16,5*7E
$GBGSV,3,3,10,35,60,180,20,39,30,000,46,5*73
$GBGSV,3,1,10,12,22,100,30,19,25,071,36,20,15,119,13,22,11,020,30,8*7D
$GBGSV,3,2,10,24,25,230,26,26,53,283,22,29,23,119,41,31,35,256,20,8*71
$GBGSV,3,3,10,35,60,180,25,39,30,000,45,8*78
$GBGSV,1,1,01,11,04,111,,0*43
$GNGLL,3001.74367,S,05112.75108,W,170444.00,A,A*75
$GNRMC,170445.00,A,3001.74367,S,05112.75107,W,0.019,,090926,,,A,V*14
$GNVTG,,T,,M,0.019,N,0.035,K,A*33
$GNGGA,170445.00,3001.74367,S,05112.75107,W,1,12,0.67,49.3,M,4.8,M,,*4E
$GNGSA,M,3,18,23,25,26,28,29,31,05,12,13,,,1.29,0.67,1.10,1*0A
$GNGSA,M,3,83,82,80,,,,,,,,,,1.29,0.67,1.10,2*0C
$GNGSA,M,3,25,36,10,11,16,,,,,,,,1.29,0.67,1.10,3*00
$GNGSA,M,3,12,19,22,24,26,29,31,35,39,,,,1.29,0.67,1.10,4*0F
$GPGSV,2,1,08,05,37,124,45,12,20,036,39,13,14,031,18,23,25,356,46,1*6E
$GPGSV,2,2,08,25,53,021,50,28,23,292,22,29,57,148,36,31,21,260,23,1*6C
$GPGSV,3,1,10,05,37,124,40,12,20,036,28,13,14,031,25,18,67,259,20,6*6A
$GPGSV,3,2,10,23,25,356,44,25,53,021,46,26,26,226,16,28,23,292,22,6*66
$GPGSV,3,3,10,29,57,148,29,31,21,260,26,6*6C
$GPGSV,2,1,05,18,67,259,26,23,25,356,46,25,53,021,53,26,26,226,15,8*6B
$GPGSV,2,2,05,28,23,292,28,8*50
$GPGSV,1,1,03,15,09,058,,20,01,085,,21,08,142,,0*54
$GLGSV,3,1,10,66,00,155,08,67,16,105,20,68,10,056,13,73,58,245,23,1*77
$GLGSV,3,2,10,74,15,210,11,79,01,017,09,80,49,355,49,82,25,145,33,1*7A
$GLGSV,3,3,10,83,53,210,08,84,24,276,14,1*73
$GLGSV,2,1,08,67,16,105,23,68,10,056,17,73,58,245,23,79,01,017,09,3*73
$GLGSV,2,2,08,80,49,355,42,82,25,145,35,83,53,210,17,84,24,276,11,3*78
$GAGSV,2,1,07,02,32,221,12,10,36,143,39,11,65,156,27,14,22,090,28,1*7A
$GAGSV,2,2,07,16,39,044,40,25,88,143,33,36,58,298,25,1*46
$GAGSV,1,1,03,10,36,143,32,16,39,044,48,25,88,143,35,5*47
$GAGSV,2,1,06,02,32,221,16,10,36,143,32,11,65,156,16,14,22,090,29,7*71
$GAGSV,2,2,06,16,39,044,45,25,88,143,37,7*7C
$GAGSV,1,1,02,12,14,138,,34,08,312,,0*75
$GBGSV,3,1,10,12,22,100,15,19,25,071,36,20,15,119,21,22,11,020,22,3*73
$GBGSV,3,2,10,24,25,230,18,26,53,283,21,29,23,119,42,31,35,256,13,3*77
$GBGSV,3,3,10,35,60,180,28,39,30,000,48,3*73
$GBGSV,3,1,10,12,22,100,26,19,25,071,39,20,15,119,21,22,11,020,25,5*7D
$GBGSV,3,2,10,24,25,230,29,26,53,283,16,29,23,119,38,31,35,256,16,5*7F
$GBGSV,3,3,10,35,60,180,21,39,30,000,46,5*72
$GBGSV,3,1,10,12,22,100,30,19,25,071,36,20,15,119,11,22,11,020,30,8*7F
$GBGSV,3,2,10,24,25,230,26,26,53,283,22,29,23,119,41,31,35,256,21,8*70
$GBGSV,3,3,10,35,60,180,25,39,30,000,45,8*78
$GBGSV,1,1,01,11,04,111,,0*43
$GNGLL,3001.74367,S,05112.75107,W,170445.00,A,A*7B
$GNRMC,170446.00,A,3001.74366,S,05112.75106,W,0.003,,090926,,,A,V*1C
$GNVTG,,T,,M,0.003,N,0.005,K,A*3B
$GNGGA,170446.00,3001.74366,S,05112.75106,W,1,12,0.67,49.3,M,4.8,M,,*4D
$GNGSA,M,3,18,23,25,26,28,29,31,05,12,13,,,1.29,0.67,1.10,1*0A
$GNGSA,M,3,83,82,80,,,,,,,,,,1.29,0.67,1.10,2*0C
$GNGSA,M,3,25,36,10,11,16,,,,,,,,1.29,0.67,1.10,3*00
$GNGSA,M,3,12,19,22,24,26,29,31,35,39,,,,1.29,0.67,1.10,4*0F
$GPGSV,2,1,08,05,37,124,45,12,20,036,39,13,14,031,19,23,25,356,46,1*6F
$GPGSV,2,2,08,25,53,021,50,28,23,292,22,29,57,148,36,31,21,260,23,1*6C
$GPGSV,3,1,10,05,37,124,40,12,20,036,28,13,14,031,24,18,67,259,20,6*6B
$GPGSV,3,2,10,23,25,356,44,25,53,021,46,26,26,226,15,28,23,292,21,6*66
$GPGSV,3,3,10,29,57,148,29,31,21,260,26,6*6C
$GPGSV,2,1,05,18,67,259,26,23,25,356,46,25,53,021,53,26,26,226,14,8*6A
$GPGSV,2,2,05,28,23,292,28,8*50
$GPGSV,1,1,03,15,09,058,,20,01,085,,21,08,142,,0*54
$GLGSV,3,1,10,66,00,155,09,67,16,105,20,68,10,056,09,73,58,245,23,1*7D
$GLGSV,3,2,10,74,15,210,10,79,01,017,11,80,49,355,49,82,25,145,33,1*72
$GLGSV,3,3,10,83,53,210,09,84,24,276,12,1*74
$GLGSV,2,1,08,67,16,105,23,68,10,056,17,73,58,245,23,79,01,017,09,3*73
$GLGSV,2,2,08,80,49,355,42,82,25,145,35,83,53,210,18,84,24,276,12,3*74
$GAGSV,2,1,07,02,32,221,12,10,36,143,39,11,65,156,27,14,22,090,28,1*7A
$GAGSV,2,2,07,16,39,044,39,25,88,143,33,36,58,298,24,1*49
$GAGSV,1,1,03,10,36,143,32,16,39,044,48,25,88,143,35,5*47
$GAGSV,2,1,06,02,32,221,15,10,36,143,32,11,65,156,16,14,22,090,29,7*72
$GAGSV,2,2,06,16,39,044,45,25,88,143,37,7*7C
$GAGSV,1,1,02,12,14,138,,34,08,312,,0*75
$GBGSV,3,1,10,12,22,100,17,19,25,071,36,20,15,119,21,22,11,020,23,3*70
$GBGSV,3,2,10,24,25,230,16,26,53,283,22,29,23,119,42,31,35,256,14,3*7D
$GBGSV,3,3,10,35,60,180,28,39,30,000,48,3*73
$GBGSV,3,1,10,12,22,100,26,19,25,071,39,20,15,119,21,22,11,020,25,5*7D
$GBGSV,3,2,10,24,25,230,29,26,53,283,16,29,23,119,38,31,35,256,17,5*7E
$GBGSV,3,3,10,35,60,180,20,39,30,000,46,5*73
$GBGSV,3,1,10,12,22,100,30,19,25,071,36,20,15,119,13,22,11,020,30,8*7D
$GBGSV,3,2,10,24,25,230,26,26,53,283,21,29,23,119,41,31,35,256,21,8*73
$GBGSV,3,3,10,35,60,180,25,39,30,000,45,8*78
$GBGSV,1,1,01,11,04,111,,0*43
$GNGLL,3001.74366,S,05112.75106,W,170446.00,A,A*78
$GNRMC,170447.00,A,3001.74366,S,05112.75105,W,0.019,,090926,,,A,V*15
$GNVTG,,T,,M,0.019,N,0.036,K,A*30
$GNGGA,170447.00,3001.74366,S,05112.75105,W,1,12,0.67,49.3,M,4.8,M,,*4F
$GNGSA,M,3,18,23,25,28,29,31,05,12,13,,,,1.29,0.67,1.10,1*0E
$GNGSA,M,3,83,82,80,,,,,,,,,,1.29,0.67,1.10,2*0C
$GNGSA,M,3,25,36,10,11,16,,,,,,,,1.29,0.67,1.10,3*00
$GNGSA,M,3,12,19,22,24,26,29,31,35,39,,,,1.29,0.67,1.10,4*0F
$GPGSV,2,1,08,05,37,124,45,12,20,036,39,13,14,031,19,23,25,356,46,1*6F
$GPGSV,2,2,08,25,53,021,50,28,23,292,22,29,57,148,36,31,21,260,23,1*6C
$GPGSV,3,1,10,05,37,124,40,12,20,036,28,13,14,031,24,18,67,259,20,6*6B
$GPGSV,3,2,10,23,25,356,44,25,53,021,46,26,26,226,13,28,23,292,21,6*60
$GPGSV,3,3,10,29,57,148,29,31,21,260,26,6*6C
$GPGSV,2,1,05,18,67,259,26,23,25,356,46,25,53,021,53,26,26,226,14,8*6A
$GPGSV,2,2,05,28,23,292,28,8*50
$GPGSV,1,1,03,15,09,058,,20,01,085,,21,08,142,,0*54
$GLGSV,3,1,10,66,00,155,10,67,16,105,19,68,10,056,07,73,58,245,23,1*71
$GLGSV,3,2,10,74,15,210,09,79,00,017,07,80,49,355,49,82,25,145,33,1*7C
$GLGSV,3,3,10,83,53,210,08,84,24,276,10,1*77
$GLGSV,2,1,08,67,16,105,24,68,10,056,17,73,58,245,24,79,00,017,08,3*73
$GLGSV,2,2,08,80,49,355,42,82,25,145,35,83,53,210,18,84,24,276,13,3*75
$GAGSV,2,1,07,02,32,221,12,10,36,143,39,11,65,156,27,14,22,090,28,1*7A
$GAGSV,2,2,07,16,39,044,39,25,88,143,33,36,58,298,24,1*49
$GAGSV,1,1,03,10,36,143,32,16,39,044,48,25,88,143,35,5*47
$GAGSV,2,1,06,02,32,221,14,10,36,143,32,11,65,156,17,14,22,090,29,7*72
$GAGSV,2,2,06,16,39,044,45,25,88,143,37,7*7C
$GAGSV,1,1,02,12,14,138,,34,08,312,,0*75
$GBGSV,3,1,10,12,22,100,13,19,25,071,36,20,15,119,21,22,11,020,22,3*75
$GBGSV,3,2,10,24,25,230,15,26,53,283,21,29,23,119,42,31,35,256,10,3*79
$GBGSV,3,3,10,35,60,180,28,39,30,000,48,3*73
$GBGSV,3,1,10,12,22,100,27,19,25,071,39,20,15,119,21,22,11,020,25,5*7C
$GBGSV,3,2,10,24,25,230,29,26,53,283,16,29,23,119,38,31,35,256,16,5*7F
$GBGSV,3,3,10,35,60,180,21,39,30,000,46,5*72
$GBGSV,3,1,10,12,22,100,30,19,25,071,36,20,15,119,13,22,11,020,29,8*75
$GBGSV,3,2,10,24,25,230,26,26,53,283,21,29,23,119,41,31,35,256,21,8*73
$GBGSV,3,3,10,35,60,180,25,39,30,000,45,8*78
$GBGSV,1,1,01,11,04,111,,0*43
$GNGLL,3001.74366,S,05112.75105,W,170447.00,A,A*7A
$GNRMC,170448.00,A,3001.74366,S,05112.75104,W,0.008,,090926,,,A,V*1B
$GNVTG,,T,,M,0.008,N,0.014,K,A*30
$GNGGA,170448.00,3001.74366,S,05112.75104,W,1,12,0.67,49.3,M,4.8,M,,*41
$GNGSA,M,3,18,23,25,28,29,31,05,12,13,,,,1.29,0.67,1.10,1*0E
$GNGSA,M,3,84,83,82,80,,,,,,,,,1.29,0.67,1.10,2*00
$GNGSA,M,3,25,36,10,11,16,,,,,,,,1.29,0.67,1.10,3*00
$GNGSA,M,3,12,19,22,24,26,29,31,35,39,,,,1.29,0.67,1.10,4*0F
$GPGSV,2,1,08,05,37,124,45,12,20,036,40,13,14,031,20,23,25,356,46,1*6B
$GPGSV,2,2,08,25,53,021,50,28,23,292,22,29,57,148,36,31,21,260,23,1*6C
$GPGSV,3,1,10,05,37,124,40,12,20,036,28,13,14,031,24,18,67,259,21,6*6A
$GPGSV,3,2,10,23,25,356,44,25,53,021,46,26,26,226,11,28,23,292,22,6*61
$GPGSV,3,3,10,29,57,148,29,31,21,260,26,6*6C
$GPGSV,2,1,05,18,67,259,26,23,25,356,46,25,53,021,53,26,26,226,14,8*6A
$GPGSV,2,2,05,28,23,292,28,8*50
$GPGSV,1,1,03,15,09,058,,20,01,085,,21,08,142,,0*54
$GLGSV,3,1,09,66,00,155,11,67,16,105,19,73,58,245,22,74,15,210,09,1*7F
$GLGSV,3,2,09,79,00,017,09,80,48,355,49,82,25,145,33,83,53,210,07,1*7F
$GLGSV,3,3,09,84,24,276,11,1*48
$GLGSV,2,1,08,67,16,105,25,68,10,056,18,73,58,245,24,79,00,017,08,3*7D
$GLGSV,2,2,08,80,48,355,42,82,25,145,35,83,53,210,18,84,24,276,16,3*71
$GAGSV,2,1,07,02,32,221,13,10,36,143,39,11,65,156,27,14,22,090,28,1*7B
$GAGSV,2,2,07,16,39,044,40,25,88,143,33,36,58,298,24,1*47
$GAGSV,1,1,03,10,36,143,32,16,39,044,48,25,88,143,35,5*47
$GAGSV,2,1,06,02,32,221,12,10,36,143,32,11,65,156,15,14,22,090,29,7*76
$GAGSV,2,2,06,16,39,044,45,25,88,143,37,7*7C
$GAGSV,1,1,02,12,14,138,,34,08,312,,0*75
$GBGSV,3,1,10,12,22,100,17,19,25,071,36,20,15,119,22,22,11,020,23,3*73
$GBGSV,3,2,10,24,25,230,16,26,53,283,21,29,23,119,42,31,35,256,11,3*7B
$GBGSV,3,3,10,35,60,180,28,39,30,000,48,3*73
$GBGSV,3,1,10,12,22,100,27,19,25,071,39,20,15,119,21,22,11,020,25,5*7C
$GBGSV,3,2,10,24,25,230,29,26,53,283,17,29,23,119,38,31,35,256,15,5*7D
$GBGSV,3,3,10,35,60,180,21,39,30,000,46,5*72
$GBGSV,3,1,10,12,22,100,30,19,25,071,36,20,15,119,12,22,11,020,30,8*7C
$GBGSV,3,2,10,24,25,230,26,26,53,283,21,29,23,119,41,31,35,256,21,8*73
$GBGSV,3,3,10,35,60,180,24,39,30,000,45,8*79
$GBGSV,1,1,01,11,04,111,,0*43
$GNGLL,3001.74366,S,05112.75104,W,170448.00,A,A*74
$GNRMC,170449.00,A,3001.74366,S,05112.75104,W,0.005,,090926,,,A,V*17
$GNVTG,,T,,M,0.005,N,0.009,K,A*31
$GNGGA,170449.00,3001.74366,S,05112.75104,W,1,12,0.89,49.3,M,4.8,M,,*40
$GNGSA,M,3,18,23,25,26,28,29,31,05,12,13,,,1.70,0.89,1.45,1*06
$GNGSA,M,3,84,83,82,80,,,,,,,,,1.70,0.89,1.45,2*0C
$GNGSA,M,3,25,36,10,11,16,,,,,,,,1.70,0.89,1.45,3*0C
$GNGSA,M,3,12,19,22,24,26,29,31,35,39,,,,1.70,0.89,1.45,4*03
$GPGSV,3,1,09,05,37,124,45,12,20,036,40,13,14,031,20,23,25,356,46,1*6B
$GPGSV,3,2,09,25,53,021,50,26,26,226,20,28,23,292,21,29,57,148,36,1*6F
$GPGSV,3,3,09,31,21,260,23,1*59
$GPGSV,3,1,10,05,37,124,40,12,20,036,28,13,14,031,24,18,67,259,21,6*6A
$GPGSV,3,2,10,23,25,356,44,25,53,021,46,26,26,226,09,28,23,292,23,6*69
$GPGSV,3,3,10,29,57,148,29,31,21,260,26,6*6C
$GPGSV,2,1,05,18,67,259,26,23,25,356,46,25,53,021,53,26,26,226,13,8*6D
$GPGSV,2,2,05,28,23,292,27,8*5F
$GPGSV,1,1,03,15,09,058,,20,01,085,,21,08,142,,0*54
$GLGSV,3,1,09,66,00,155,10,67,16,105,19,73,58,245,22,74,15,210,10,1*76
$GLGSV,3,2,09,79,00,017,10,80,48,355,49,82,25,145,33,83,53,210,10,1*71
$GLGSV,3,3,09,84,24,276,11,1*48
$GLGSV,2,1,08,67,16,105,25,68,10,056,18,73,58,245,26,79,00,017,10,3*76
$GLGSV,2,2,08,80,48,355,42,82,25,145,35,83,53,210,18,84,24,276,17,3*70
$GAGSV,2,1,07,02,32,221,14,10,36,143,39,11,65,156,27,14,22,090,28,1*7C
$GAGSV,2,2,07,16,39,044,40,25,88,143,33,36,58,298,25,1*46
$GAGSV,1,1,03,10,36,143,32,16,39,044,48,25,88,143,35,5*47
$GAGSV,2,1,06,02,32,221,11,10,36,143,32,11,65,156,16,14,22,090,29,7*76
$GAGSV,2,2,06,16,39,044,45,25,88,143,37,7*7C
$GAGSV,1,1,02,12,14,138,,34,08,312,,0*75
$GBGSV,3,1,10,12,22,100,19,19,25,071,36,20,15,119,21,22,11,020,23,3*7E
$GBGSV,3,2,10,24,25,230,18,26,53,283,21,29,23,119,42,31,35,256,12,3*76
$GBGSV,3,3,10,35,60,180,28,39,30,000,48,3*73
$GBGSV,3,1,10,12,22,100,27,19,25,071,40,20,15,119,22,22,11,020,24,5*70
$GBGSV,3,2,10,24,25,230,29,26,53,283,16,29,23,119,38,31,35,256,15,5*7C
$GBGSV,3,3,10,35,60,180,21,39,30,000,46,5*72
$GBGSV,3,1,10,12,22,100,31,19,25,071,36,20,15,119,13,22,11,020,29,8*74
$GBGSV,3,2,10,24,25,230,26,26,53,283,21,29,23,119,41,31,35,256,21,8*73
$GBGSV,3,3,10,35,60,180,25,39,30,000,45,8*78
$GBGSV,1,1,01,11,04,111,,0*43
$GNGLL,3001.74366,S,05112.75104,W,170449.00,A,A*75
$GNRMC,170450.00,A,3001.74366,S,05112.75104,W,0.009,,090926,,,A,V*13
$GNVTG,,T,,M,0.009,N,0.016,K,A*33
$GNGGA,170450.00,3001.74366,S,05112.75104,W,1,12,0.89,49.3,M,4.8,M,,*48
$GNGSA,M,3,18,23,25,28,29,31,05,12,13,,,,1.70,0.89,1.45,1*02
$GNGSA,M,3,84,83,82,80,,,,,,,,,1.70,0.89,1.45,2*0C
$GNGSA,M,3,25,36,02,10,11,16,,,,,,,1.70,0.89,1.45,3*0E
$GNGSA,M,3,12,19,22,24,26,29,31,35,39,,,,1.70,0.89,1.45,4*03
$GPGSV,3,1,09,05,37,124,45,12,20,036,40,13,14,031,20,23,25,356,46,1*6B
$GPGSV,3,2,09,25,53,021,50,26,26,226,20,28,23,292,21,29,57,148,36,1*6F
$GPGSV,3,3,09,31,21,260,24,1*5E
$GPGSV,3,1,10,05,37,124,40,12,20,036,28,13,14,031,23,18,67,259,21,6*6D
$GPGSV,3,2,10,23,25,356,44,25,53,021,46,26,26,226,08,28,23,292,22,6*69
$GPGSV,3,3,10,29,57,148,29,31,21,260,26,6*6C
$GPGSV,2,1,05,18,67,259,26,23,25,356,46,25,53,021,53,26,26,226,13,8*6D
$GPGSV,2,2,05,28,23,292,28,8*50
$GPGSV,1,1,03,15,09,058,,20,01,085,,21,08,142,,0*54
$GLGSV,3,1,09,66,00,155,13,67,16,105,17,73,58,245,22,74,15,210,10,1*7B
$GLGSV,3,2,09,79,00,017,08,80,48,355,49,82,25,144,33,83,53,210,10,1*79
$GLGSV,3,3,09,84,24,276,12,1*4B
$GLGSV,2,1,08,67,16,105,25,68,10,056,18,73,58,245,25,79,00,017,09,3*7D
$GLGSV,2,2,08,80,48,355,42,82,25,144,35,83,53,210,18,84,24,276,17,3*71
$GAGSV,2,1,07,02,32,221,15,10,36,143,39,11,65,156,27,14,22,090,28,1*7D
$GAGSV,2,2,07,16,39,044,40,25,88,143,34,36,58,298,25,1*41
$GAGSV,1,1,03,10,36,143,32,16,39,044,48,25,88,143,35,5*47
$GAGSV,2,1,06,02,32,221,12,10,36,143,32,11,65,156,16,14,22,090,29,7*75
$GAGSV,2,2,06,16,39,044,45,25,88,143,37,7*7C
$GAGSV,1,1,02,12,14,138,,34,08,312,,0*75
$GBGSV,3,1,10,12,22,100,20,19,25,071,36,20,15,119,21,22,11,020,23,3*74
$GBGSV,3,2,10,24,25,230,19,26,53,283,21,29,23,119,42,31,35,256,15,3*70
$GBGSV,3,3,10,35,60,180,28,39,30,000,48,3*73
$GBGSV,3,1,10,12,22,100,27,19,25,071,40,20,15,119,22,22,11,020,25,5*71
$GBGSV,3,2,10,24,25,230,29,26,53,283,16,29,23,119,38,31,35,256,15,5*7C
$GBGSV,3,3,10,35,60,180,21,39,30,000,46,5*72
$GBGSV,3,1,10,12,22,100,31,19,25,071,36,20,15,119,13,22,11,020,29,8*74
$GBGSV,3,2,10,24,25,230,26,26,53,283,21,29,23,119,41,31,35,256,21,8*73
$GBGSV,3,3,10,35,60,180,25,39,30,000,45,8*78
$GBGSV,1,1,01,11,04,111,,0*43
$GNGLL,3001.74366,S,05112.75104,W,170450.00,A,A*7D
$GNRMC,170451.00,A,3001.74366,S,05112.75104,W,0.025,,090926,,,A,V*1C
$GNVTG,,T,,M,0.025,N,0.047,K,A*39
$GNGGA,170451.00,3001.74366,S,05112.75104,W,1,12,0.89,49.3,M,4.8,M,,*49
$GNGSA,M,3,18,23,25,28,29,31,05,12,13,,,,1.70,0.89,1.45,1*02
$GNGSA,M,3,84,83,82,80,,,,,,,,,1.70,0.89,1.45,2*0C
$GNGSA,M,3,25,36,02,10,11,16,,,,,,,1.70,0.89,1.45,3*0E
$GNGSA,M,3,12,19,22,24,26,29,31,35,39,,,,1.70,0.89,1.45,4*03
$GPGSV,3,1,09,05,37,124,45,12,20,036,39,13,14,031,19,23,25,356,46,1*6F
$GPGSV,3,2,09,25,53,021,50,26,26,226,20,28,23,292,21,29,57,148,36,1*6F
$GPGSV,3,3,09,31,21,260,23,1*59
$GPGSV,3,1,09,05,37,124,40,12,20,036,28,13,14,031,23,18,67,259,21,6*65
$GPGSV,3,2,09,23,25,356,44,25,53,021,46,28,23,292,23,29,57,148,29,6*61
$GPGSV,3,3,09,31,21,260,26,6*5B
$GPGSV,2,1,05,18,67,259,26,23,25,356,46,25,53,021,53,26,26,226,14,8*6A
$GPGSV,2,2,05,28,23,292,27,8*5F
$GPGSV,1,1,03,15,09,058,,20,01,085,,21,08,142,,0*54
$GLGSV,3,1,09,66,00,155,11,67,16,105,16,73,58,245,22,74,15,210,08,1*71
$GLGSV,3,2,09,79,00,017,10,80,48,355,49,82,25,144,33,83,53,209,12,1*7A
$GLGSV,3,3,09,84,24,276,14,1*4D
$GLGSV,2,1,08,67,16,105,25,68,10,056,18,73,58,245,25,79,00,017,09,3*7D
$GLGSV,2,2,08,80,48,355,42,82,25,144,35,83,53,209,18,84,24,276,16,3*78
$GAGSV,2,1,07,02,32,221,15,10,36,143,39,11,65,156,27,14,22,090,28,1*7D
$GAGSV,2,2,07,16,39,044,40,25,88,143,33,36,58,298,25,1*46
$GAGSV,1,1,03,10,36,143,32,16,39,044,48,25,88,143,35,5*47
$GAGSV,2,1,06,02,32,221,12,10,36,143,32,11,65,156,16,14,22,090,29,7*75
$GAGSV,2,2,06,16,39,044,45,25,88,143,37,7*7C
$GAGSV,1,1,02,12,14,138,,34,08,312,,0*75
$GBGSV,3,1,10,12,22,100,21,19,25,071,36,20,15,119,20,22,11,020,23,3*74
$GBGSV,3,2,10,24,25,230,20,26,53,283,21,29,23,119,42,31,35,256,11,3*7E
$GBGSV,3,3,10,35,60,180,28,39,30,000,48,3*73
$GBGSV,3,1,10,12,22,100,27,19,25,071,40,20,15,119,22,22,11,020,25,5*71
$GBGSV,3,2,10,24,25,230,29,26,53,283,15,29,23,119,38,31,35,256,16,5*7C
$GBGSV,3,3,10,35,60,180,21,39,30,000,46,5*72
$GBGSV,3,1,10,12,22,100,31,19,25,071,36,20,15,119,12,22,11,020,29,8*75
$GBGSV,3,2,10,24,25,230,26,26,53,283,21,29,23,119,41,31,35,256,21,8*73
$GBGSV,3,3,10,35,60,180,25,39,30,000,45,8*78
$GBGSV,1,1,01,11,04,111,,0*43
$GNGLL,3001.74366,S,05112.75104,W,170451.00,A,A*7C
$GNRMC,170452.00,A,3001.74366,S,05112.75104,W,0.036,,090926,,,A,V*1D
$GNVTG,,T,,M,0.036,N,0.067,K,A*39
$GNGGA,170452.00,3001.74366,S,05112.75104,W,1,12,0.68,49.3,M,4.8,M,,*45
$GNGSA,M,3,18,23,25,26,28,29,31,05,12,13,,,1.32,0.68,1.13,1*0C
$GNGSA,M,3,84,83,82,80,,,,,,,,,1.32,0.68,1.13,2*06
$GNGSA,M,3,25,36,10,11,16,,,,,,,,1.32,0.68,1.13,3*06
$GNGSA,M,3,12,19,22,24,26,29,31,35,39,,,,1.32,0.68,1.13,4*09
$GPGSV,3,1,09,05,37,124,45,12,20,036,39,13,14,031,20,23,25,356,46,1*65
$GPGSV,3,2,09,25,53,021,50,26,26,226,20,28,23,292,21,29,57,148,36,1*6F
$GPGSV,3,3,09,31,21,260,24,1*5E
$GPGSV,3,1,09,05,37,124,40,12,20,036,28,13,14,031,24,18,67,259,22,6*61
$GPGSV,3,2,09,23,25,356,44,25,53,021,46,28,23,292,22,29,57,148,29,6*60
$GPGSV,3,3,09,31,21,260,26,6*5B
$GPGSV,2,1,05,18,67,259,26,23,25,356,46,25,53,021,53,26,26,226,15,8*6B
$GPGSV,2,2,05,28,23,292,27,8*5F
$GPGSV,1,1,03,15,09,058,,20,01,085,,21,08,142,,0*54
$GLGSV,3,1,09,66,00,155,09,67,16,105,14,73,58,245,22,74,15,210,08,1*7A
$GLGSV,3,2,09,79,00,017,11,80,48,355,49,82,25,144,33,83,53,209,11,1*78
$GLGSV,3,3,09,84,24,275,18,1*42
$GLGSV,2,1,08,67,16,105,25,68,10,056,18,73,58,245,25,79,00,017,10,3*75
$GLGSV,2,2,08,80,48,355,42,82,25,144,35,83,53,209,18,84,24,275,16,3*7B
$GAGSV,2,1,07,02,32,221,14,10,36,143,39,11,65,156,27,14,22,090,28,1*7C
$GAGSV,2,2,07,16,39,044,40,25,88,143,33,36,58,298,25,1*46
$GAGSV,1,1,03,10,36,143,32,16,39,044,48,25,88,143,35,5*47
$GAGSV,2,1,06,02,32,221,13,10,36,143,32,11,65,156,16,14,22,090,29,7*74
$GAGSV,2,2,06,16,39,044,45,25,88,143,37,7*7C
$GAGSV,1,1,02,12,14,138,,34,08,312,,0*75
$GBGSV,3,1,10,12,22,100,22,19,25,071,37,20,15,119,21,22,11,020,23,3*77
$GBGSV,3,2,10,24,25,230,21,26,53,283,20,29,23,119,42,31,35,256,15,3*7A
$GBGSV,3,3,10,35,60,180,28,39,30,000,48,3*73
$GBGSV,3,1,10,12,22,100,28,19,25,071,40,20,15,119,22,22,11,020,25,5*7E
$GBGSV,3,2,10,24,25,230,29,26,53,283,15,29,23,119,38,31,35,256,15,5*7F
$GBGSV,3,3,10,35,60,180,21,39,30,000,46,5*72
$GBGSV,3,1,10,12,22,100,31,19,25,071,36,20,15,119,11,22,11,020,29,8*76
$GBGSV,3,2,10,24,25,230,26,26,53,283,21,29,23,119,41,31,35,256,20,8*72
$GBGSV,3,3,10,35,60,180,25,39,30,000,45,8*78
$GBGSV,1,1,01,11,04,111,,0*43
$GNGLL,3001.74366,S,05112.75104,W,170452.00,A,A*7F
$GNRMC,170453.00,A,3001.74367,S,05112.75105,W,0.019,,090926,,,A,V*11
$GNVTG,,T,,M,0.019,N,0.036,K,A*30
$GNGGA,170453.00,3001.74367,S,05112.75105,W,1,12,0.65,49.3,M,4.8,M,,*49
$GNGSA,M,3,18,23,25,26,28,29,31,05,12,13,,,1.24,0.65,1.06,1*02
$GNGSA,M,3,84,83,82,80,,,,,,,,,1.24,0.65,1.06,2*08
$GNGSA,M,3,25,36,10,11,16,,,,,,,,1.24,0.65,1.06,3*08
$GNGSA,M,3,12,19,22,24,26,29,31,35,39,,,,1.24,0.65,1.06,4*07
$GPGSV,3,1,09,05,37,124,45,12,20,036,39,13,14,031,20,23,25,356,46,1*65
$GPGSV,3,2,09,25,53,021,50,26,26,226,21,28,23,292,21,29,57,148,36,1*6E
$GPGSV,3,3,09,31,21,260,25,1*5F
$GPGSV,3,1,09,05,37,124,40,12,20,036,28,13,14,031,23,18,67,259,22,6*66
$GPGSV,3,2,09,23,25,356,44,25,53,021,46,28,23,292,22,29,57,148,29,6*60
$GPGSV,3,3,09,31,21,260,26,6*5B
$GPGSV,2,1,05,18,67,259,26,23,25,356,46,25,53,021,53,26,26,226,15,8*6B
$GPGSV,2,2,05,28,23,292,27,8*5F
$GPGSV,1,1,03,15,09,058,,20,01,085,,21,08,142,,0*54
$GLGSV,3,1,09,66,00,155,12,67,16,105,14,73,58,245,22,74,15,210,09,1*71
$GLGSV,3,2,09,79,00,017,09,80,48,355,49,82,25,144,33,83,53,209,10,1*70
$GLGSV,3,3,09,84,24,275,12,1*48
$GLGSV,2,1,08,67,16,105,25,68,10,056,19,73,58,245,24,79,00,017,07,3*73
$GLGSV,2,2,08,80,48,355,43,82,25,144,34,83,53,209,18,84,24,275,16,3*7B
$GAGSV,2,1,07,02,32,221,14,10,36,143,39,11,65,156,27,14,22,090,28,1*7C
$GAGSV,2,2,07,16,39,044,40,25,88,143,34,36,58,298,25,1*41
$GAGSV,1,1,03,10,36,143,32,16,39,044,48,25,88,143,35,5*47
$GAGSV,2,1,05,10,36,143,32,11,65,156,16,14,22,090,29,16,39,044,45,7*7B
$GAGSV,2,2,05,25,88,143,37,7*43
$GAGSV,1,1,02,12,14,138,,34,08,312,,0*75
$GBGSV,3,1,10,12,22,100,23,19,25,071,37,20,15,119,20,22,11,020,23,3*77
$GBGSV,3,2,10,24,25,230,21,26,53,283,21,29,23,119,42,31,35,256,13,3*7D
$GBGSV,3,3,10,35,60,180,29,39,30,000,48,3*72
$GBGSV,3,1,10,12,22,100,28,19,25,071,40,20,15,119,22,22,11,020,25,5*7E
$GBGSV,3,2,10,24,25,230,29,26,53,283,15,29,23,119,38,31,35,256,14,5*7E
$GBGSV,3,3,10,35,60,180,21,39,30,000,47,5*73
$GBGSV,3,1,10,12,22,100,31,19,25,071,36,20,15,119,11,22,11,020,29,8*76
$GBGSV,3,2,10,24,25,230,26,26,53,283,21,29,23,119,41,31,35,256,21,8*73
$GBGSV,3,3,10,35,60,180,25,39,30,000,45,8*78
$GBGSV,1,1,01,11,04,111,,0*43
$GNGLL,3001.74367,S,05112.75105,W,170453.00,A,A*7E
$GNRMC,170454.00,A,3001.74367,S,05112.75105,W,0.040,,090926,,,A,V*1A
$GNVTG,,T,,M,0.040,N,0.075,K,A*3B
$GNGGA,170454.00,3001.74367,S,05112.75105,W,1,12,0.59,49.3,M,4.8,M,,*41
$GNGSA,M,3,18,23,25,26,28,29,31,05,12,13,,,1.14,0.59,0.98,1*08
$GNGSA,M,3,84,83,82,80,,,,,,,,,1.14,0.59,0.98,2*02
$GNGSA,M,3,25,36,10,11,16,,,,,,,,1.14,0.59,0.98,3*02
$GNGSA,M,3,12,19,22,24,26,29,31,35,39,,,,1.14,0.59,0.98,4*0D
$GPGSV,3,1,09,05,37,124,45,12,20,036,39,13,14,031,19,23,25,356,46,1*6F
$GPGSV,3,2,09,25,53,021,50,26,26,226,22,28,23,292,21,29,57,148,36,1*6D
$GPGSV,3,3,09,31,21,260,25,1*5F
$GPGSV,3,1,09,05,37,124,40,12,20,036,29,13,14,031,23,18,67,259,22,6*67
$GPGSV,3,2,09,23,25,356,44,25,53,021,46,28,23,292,21,29,57,148,29,6*63
$GPGSV,3,3,09,31,21,260,26,6*5B
$GPGSV,2,1,05,18,67,259,26,23,25,356,46,25,53,021,53,26,26,226,14,8*6A
$GPGSV,2,2,05,28,23,292,27,8*5F
$GPGSV,1,1,03,15,09,058,,20,01,085,,21,08,142,,0*54
$GLGSV,3,1,09,66,00,155,12,67,16,105,12,73,58,245,22,74,15,210,10,1*7F
$GLGSV,3,2,09,79,00,017,07,80,48,355,49,82,25,144,33,83,53,209,11,1*7F
$GLGSV,3,3,09,84,24,275,17,1*4D
$GLGSV,2,1,08,67,16,105,25,68,10,056,19,73,58,245,23,79,00,017,13,3*71
$GLGSV,2,2,08,80,48,355,42,82,25,144,35,83,53,209,18,84,24,275,16,3*7B
$GAGSV,2,1,07,02,32,221,13,10,36,143,39,11,65,156,27,14,22,090,28,1*7B
$GAGSV,2,2,07,16,39,044,40,25,88,143,34,36,58,298,24,1*40
$GAGSV,1,1,03,10,36,143,32,16,39,044,48,25,88,143,35,5*47
$GAGSV,2,1,05,10,36,143,31,11,65,156,17,14,22,090,29,16,39,044,45,7*79
$GAGSV,2,2,05,25,88,143,37,7*43
$GAGSV,1,1,02,12,14,138,,34,08,312,,0*75
$GBGSV,3,1,10,12,22,100,23,19,25,071,37,20,15,119,20,22,11,020,24,3*70
$GBGSV,3,2,10,24,25,230,22,26,53,283,22,29,23,119,42,31,35,256,13,3*7D
$GBGSV,3,3,10,35,60,180,29,39,30,000,48,3*72
$GBGSV,3,1,10,12,22,100,28,19,25,071,40,20,15,119,23,22,11,020,25,5*7F
$GBGSV,3,2,10,24,25,230,29,26,53,283,15,29,23,119,38,31,35,256,15,5*7F
$GBGSV,3,3,10,35,60,180,22,39,30,000,47,5*70
$GBGSV,3,1,09,12,22,100,31,19,25,071,36,22,11,020,29,24,25,230,26,8*75
$GBGSV,3,2,09,26,53,283,21,29,23,119,41,31,35,256,21,35,60,180,25,8*71
$GBGSV,3,3,09,39,30,000,46,8*4D
$GBGSV,1,1,01,11,04,111,,0*43
$GNGLL,3001.74367,S,05112.75105,W,170454.00,A,A*79
$GNRMC,170455.00,A,3001.74367,S,05112.75105,W,0.036,,090926,,,A,V*1A
$GNVTG,,T,,M,0.036,N,0.066,K,A*38
$GNGGA,170455.00,3001.74367,S,05112.75105,W,1,12,0.59,49.3,M,4.8,M,,*40
$GNGSA,M,3,18,23,25,26,28,29,31,05,12,13,,,1.14,0.59,0.98,1*08
$GNGSA,M,3,84,83,82,80,,,,,,,,,1.14,0.59,0.98,2*02
$GNGSA,M,3,25,36,10,11,16,,,,,,,,1.14,0.59,0.98,3*02
$GNGSA,M,3,12,19,22,24,26,29,31,35,39,,,,1.14,0.59,0.98,4*0D
$GPGSV,3,1,09,05,37,124,45,12,20,036,39,13,14,031,19,23,25,356,46,1*6F
$GPGSV,3,2,09,25,53,021,50,26,26,226,22,28,23,292,21,29,57,148,36,1*6D
$GPGSV,3,3,09,31,21,260,26,1*5C
$GPGSV,3,1,09,05,37,124,40,12,20,036,28,13,14,031,23,18,67,259,22,6*66
$GPGSV,3,2,09,23,25,356,44,25,53,021,46,28,23,292,21,29,57,148,29,6*63
$GPGSV,3,3,09,31,21,260,27,6*5A
$GPGSV,2,1,05,18,67,259,26,23,25,356,46,25,53,021,53,26,26,226,14,8*6A
$GPGSV,2,2,05,28,23,292,27,8*5F
$GPGSV,1,1,03,15,09,058,,20,01,085,,21,08,142,,0*54
$GLGSV,3,1,09,66,00,155,11,67,16,105,09,73,58,245,23,74,15,210,08,1*7E
$GLGSV,3,2,09,79,00,017,09,80,48,355,49,82,25,144,33,83,53,209,07,1*76
$GLGSV,3,3,09,84,24,275,18,1*42
$GLGSV,2,1,08,67,16,105,25,68,10,056,19,73,58,245,23,79,00,017,10,3*72
$GLGSV,2,2,08,80,48,355,43,82,25,144,35,83,53,209,18,84,24,275,17,3*7B
$GAGSV,2,1,07,02,32,221,14,10,36,143,39,11,65,156,27,14,22,090,28,1*7C
$GAGSV,2,2,07,16,39,044,39,25,88,143,33,36,58,298,24,1*49
$GAGSV,1,1,03,10,36,143,33,16,39,044,48,25,88,143,35,5*46
$GAGSV,2,1,05,10,36,143,31,11,65,156,17,14,22,090,29,16,39,044,45,7*79
$GAGSV,2,2,05,25,88,143,37,7*43
$GAGSV,1,1,02,12,14,138,,34,08,311,,0*76
$GBGSV,3,1,10,12,22,100,23,19,25,071,37,20,15,119,20,22,11,020,24,3*70
$GBGSV,3,2,10,24,25,230,23,26,53,283,22,29,23,119,42,31,35,256,12,3*7D
$GBGSV,3,3,10,35,60,180,29,39,30,000,48,3*72
$GBGSV,3,1,10,12,22,100,28,19,25,071,40,20,15,119,23,22,11,020,25,5*7F
$GBGSV,3,2,10,24,25,230,29,26,53,283,16,29,23,119,38,31,35,256,15,5*7C
$GBGSV,3,3,10,35,60,180,22,39,30,000,47,5*70
$GBGSV,3,1,09,12,22,100,31,19,25,071,36,22,11,020,29,24,25,230,26,8*75
$GBGSV,3,2,09,26,53,283,21,29,23,119,41,31,35,256,22,35,60,180,25,8*72
$GBGSV,3,3,09,39,30,000,46,8*4D
$GBGSV,1,1,01,11,04,111,,0*43
$GNGLL,3001.74367,S,05112.75105,W,170455.00,A,A*78
$GNRMC,170456.00,A,3001.74368,S,05112.75105,W,0.026,,090926,,,A,V*17
$GNVTG,,T,,M,0.026,N,0.048,K,A*35
$GNGGA,170456.00,3001.74368,S,05112.75105,W,1,12,0.59,49.3,M,4.8,M,,*4C
$GNGSA,M,3,18,23,25,26,28,29,31,05,12,13,,,1.14,0.59,0.98,1*08
$GNGSA,M,3,84,83,82,80,,,,,,,,,1.14,0.59,0.98,2*02
$GNGSA,M,3,25,36,10,11,16,,,,,,,,1.14,0.59,0.98,3*02
$GNGSA,M,3,12,19,22,24,26,29,31,35,39,,,,1.14,0.59,0.98,4*0D
$GPGSV,3,1,09,05,37,124,45,12,20,036,39,13,14,031,20,23,25,356,46,1*65
$GPGSV,3,2,09,25,53,021,50,26,26,226,22,28,23,292,20,29,57,148,36,1*6C
$GPGSV,3,3,09,31,21,260,26,1*5C
$GPGSV,3,1,09,05,37,124,40,12,20,036,28,13,14,031,23,18,67,259,21,6*65
$GPGSV,3,2,09,23,25,356,44,25,53,021,46,28,23,292,21,29,57,148,29,6*63
$GPGSV,3,3,09,31,21,260,26,6*5B
$GPGSV,2,1,05,18,67,259,26,23,25,356,46,25,53,021,53,26,26,226,14,8*6A
$GPGSV,2,2,05,28,23,292,27,8*5F
$GPGSV,1,1,03,15,09,058,,20,01,085,,21,08,142,,0*54
$GLGSV,3,1,09,66,00,155,09,67,16,105,08,73,58,245,23,74,15,210,08,1*76
$GLGSV,3,2,09,79,00,017,09,80,48,355,49,82,25,144,33,83,53,209,10,1*70
$GLGSV,3,3,09,84,24,275,18,1*42
$GLGSV,2,1,08,67,16,105,24,68,10,056,19,73,58,245,23,79,00,017,12,3*71
$GLGSV,2,2,08,80,48,355,43,82,25,144,34,83,53,209,18,84,24,275,18,3*75
$GAGSV,2,1,07,02,32,221,13,10,36,143,39,11,65,156,27,14,22,090,28,1*7B
$GAGSV,2,2,07,16,39,044,39,25,88,143,33,36,58,298,24,1*49
$GAGSV,1,1,03,10,36,143,32,16,39,044,48,25,88,143,35,5*47
$GAGSV,2,1,05,10,36,143,31,11,65,156,17,14,22,090,29,16,39,044,45,7*79
$GAGSV,2,2,05,25,88,143,37,7*43
$GAGSV,1,1,02,12,14,138,,34,08,311,,0*76
$GBGSV,3,1,10,12,22,100,23,19,25,071,37,20,15,119,19,22,11,020,24,3*7A
$GBGSV,3,2,10,24,25,230,24,26,53,283,22,29,23,119,42,31,35,256,12,3*7A
$GBGSV,3,3,10,35,60,180,29,39,30,000,48,3*72
$GBGSV,3,1,10,12,22,100,28,19,25,071,40,20,15,119,23,22,11,020,25,5*7F
$GBGSV,3,2,10,24,25,230,28,26,53,283,16,29,23,119,38,31,35,256,15,5*7D
$GBGSV,3,3,10,35,60,180,22,39,30,000,47,5*70
$GBGSV,3,1,09,12,22,100,31,19,25,071,36,22,11,020,29,24,25,230,25,8*76
$GBGSV,3,2,09,26,53,283,22,29,23,119,41,31,35,256,21,35,60,180,25,8*72
$GBGSV,3,3,09,39,30,000,46,8*4D
$GBGSV,1,1,01,11,04,111,,0*43
$GNGLL,3001.74368,S,05112.75105,W,170456.00,A,A*74
$GNRMC,170457.00,A,3001.74368,S,05112.75105,W,0.015,,090926,,,A,V*16
$GNVTG,,T,,M,0.015,N,0.028,K,A*33
$GNGGA,170457.00,3001.74368,S,05112.75105,W,1,12,0.59,49.3,M,4.8,M,,*4D
$GNGSA,M,3,18,23,25,26,28,29,31,05,12,13,,,1.14,0.59,0.98,1*08
$GNGSA,M,3,84,83,82,80,,,,,,,,,1.14,0.59,0.98,2*02
$GNGSA,M,3,25,36,10,11,16,,,,,,,,1.14,0.59,0.98,3*02
$GNGSA,M,3,12,19,22,24,26,29,31,35,39,,,,1.14,0.59,0.98,4*0D
$GPGSV,3,1,09,05,37,124,45,12,20,036,39,13,14,031,21,23,25,356,46,1*64
$GPGSV,3,2,09,25,53,021,50,26,26,226,23,28,23,292,20,29,57,148,36,1*6D
$GPGSV,3,3,09,31,21,260,27,1*5D
$GPGSV,3,1,09,05,37,124,40,12,20,036,28,13,14,031,22,18,67,259,22,6*67
$GPGSV,3,2,09,23,25,356,44,25,53,021,46,28,23,292,20,29,57,148,29,6*62
$GPGSV,3,3,09,31,21,260,26,6*5B
$GPGSV,2,1,06,13,14,031,24,18,67,259,26,23,25,356,46,25,53,021,53,8*69
$GPGSV,2,2,06,26,26,226,15,28,23,292,27,8*6E
$GPGSV,1,1,03,15,09,058,,20,01,085,,21,08,142,,0*54
$GLGSV,2,1,08,66,00,155,09,73,58,245,24,74,15,210,08,79,00,017,08,1*7B
$GLGSV,2,2,08,80,48,355,49,82,25,144,33,83,53,209,09,84,24,275,19,1*7B
$GLGSV,2,1,08,67,16,105,24,68,10,056,19,73,58,245,22,79,00,017,07,3*74
$GLGSV,2,2,08,80,48,355,43,82,25,144,34,83,53,209,18,84,24,275,18,3*75
$GAGSV,2,1,07,02,32,221,13,10,36,143,39,11,65,156,27,14,22,090,27,1*74
$GAGSV,2,2,07,16,39,044,39,25,88,143,33,36,58,298,24,1*49
$GAGSV,1,1,03,10,36,143,32,16,39,044,48,25,88,143,35,5*47
$GAGSV,2,1,05,10,36,143,31,11,65,156,16,14,22,090,29,16,39,044,45,7*78
$GAGSV,2,2,05,25,88,143,37,7*43
$GAGSV,1,1,02,12,14,138,,34,08,311,,0*76
$GBGSV,3,1,10,12,22,100,24,19,25,071,37,20,15,119,18,22,11,020,23,3*7B
$GBGSV,3,2,10,24,25,230,24,26,53,283,22,29,23,119,42,31,35,256,12,3*7A
$GBGSV,3,3,10,35,60,180,29,39,30,000,48,3*72
$GBGSV,3,1,10,12,22,100,28,19,25,071,40,20,15,119,23,22,11,020,24,5*7E
$GBGSV,3,2,10,24,25,230,29,26,53,283,16,29,23,119,38,31,35,256,15,5*7C
$GBGSV,3,3,10,35,60,180,21,39,30,000,46,5*72
$GBGSV,3,1,09,12,22,100,31,19,25,071,37,22,11,020,29,24,25,230,25,8*77
$GBGSV,3,2,09,26,53,283,22,29,23,119,41,31,35,256,21,35,60,180,25,8*72
$GBGSV,3,3,09,39,30,000,46,8*4D
$GBGSV,1,1,01,11,04,111,,0*43
$GNGLL,3001.74368,S,05112.75105,W,170457.00,A,A*75
$GNRMC,170458.00,A,3001.74368,S,05112.75106,W,0.025,,090926,,,A,V*19
$GNVTG,,T,,M,0.025,N,0.047,K,A*39
$GNGGA,170458.00,3001.74368,S,05112.75106,W,1,12,0.59,49.2,M,4.8,M,,*40
$GNGSA,M,3,18,23,25,26,28,29,31,05,12,13,,,1.14,0.59,0.98,1*08
$GNGSA,M,3,84,83,82,80,,,,,,,,,1.14,0.59,0.98,2*02
$GNGSA,M,3,25,36,10,11,16,,,,,,,,1.14,0.59,0.98,3*02
$GNGSA,M,3,12,19,22,24,26,29,31,35,39,,,,1.14,0.59,0.98,4*0D
$GPGSV,3,1,09,05,37,124,45,12,20,036,39,13,14,031,21,23,25,356,46,1*64
$GPGSV,3,2,09,25,53,021,50,26,26,226,23,28,23,292,20,29,57,148,36,1*6D
$GPGSV,3,3,09,31,21,260,27,1*5D
$GPGSV,3,1,09,05,37,124,40,12,20,036,28,13,14,031,22,18,67,259,22,6*67
$GPGSV,3,2,09,23,25,356,44,25,53,021,46,28,23,292,20,29,57,148,29,6*62
$GPGSV,3,3,09,31,21,260,27,6*5A
$GPGSV,2,1,06,13,14,031,24,18,67,259,26,23,25,356,46,25,53,021,53,8*69
$GPGSV,2,2,06,26,26,226,16,28,23,292,26,8*6C
$GPGSV,1,1,03,15,09,058,,20,01,085,,21,08,142,,0*54
$GLGSV,2,1,08,66,00,155,10,73,58,245,25,74,15,210,08,79,00,017,10,1*7B
$GLGSV,2,2,08,80,48,355,49,82,25,144,32,83,53,209,06,84,24,275,19,1*75
$GLGSV,2,1,08,67,16,105,23,68,10,056,19,73,58,245,22,79,00,017,07,3*73
$GLGSV,2,2,08,80,48,355,43,82,25,144,35,83,53,209,18,84,24,275,17,3*7B
$GAGSV,2,1,07,02,32,221,13,10,36,143,39,11,65,156,27,14,22,090,27,1*74
$GAGSV,2,2,07,16,39,044,40,25,88,143,34,36,58,298,24,1*40
$GAGSV,1,1,03,10,36,143,33,16,39,044,48,25,88,143,35,5*46
$GAGSV,2,1,05,10,36,143,31,11,65,156,16,14,22,090,29,16,39,044,45,7*78
$GAGSV,2,2,05,25,88,143,37,7*43
$GAGSV,1,1,02,12,14,138,,34,08,311,,0*76
$GBGSV,3,1,10,12,22,100,24,19,25,071,37,20,15,119,18,22,11,020,23,3*7B
$GBGSV,3,2,10,24,25,230,24,26,53,283,22,29,23,119,42,31,35,256,14,3*7C
$GBGSV,3,3,10,35,60,180,29,39,30,000,48,3*72
$GBGSV,3,1,10,12,22,100,28,19,25,071,40,20,15,119,23,22,11,020,24,5*7E
$GBGSV,3,2,10,24,25,230,29,26,53,283,14,29,23,119,38,31,35,256,14,5*7F
$GBGSV,3,3,10,35,60,180,21,39,30,000,46,5*72
$GBGSV,3,1,09,12,22,100,31,19,25,071,36,22,11,020,29,24,25,230,25,8*76
$GBGSV,3,2,09,26,53,283,21,29,23,119,41,31,35,256,21,35,60,180,25,8*71
$GBGSV,3,3,09,39,30,000,46,8*4D
$GBGSV,1,1,01,11,04,111,,0*43
$GNGLL,3001.74368,S,05112.75106,W,170458.00,A,A*79
$GNRMC,170459.00,A,3001.74368,S,05112.75106,W,0.002,,090926,,,A,V*1D
$GNVTG,,T,,M,0.002,N,0.004,K,A*3B
$GNGGA,170459.00,3001.74368,S,05112.75106,W,1,12,0.59,49.3,M,4.8,M,,*40
$GNGSA,M,3,18,23,25,26,28,29,31,05,12,13,,,1.14,0.59,0.98,1*08
$GNGSA,M,3,84,83,82,80,,,,,,,,,1.14,0.59,0.98,2*02
$GNGSA,M,3,25,36,10,11,16,,,,,,,,1.14,0.59,0.98,3*02
$GNGSA,M,3,12,19,22,24,26,29,31,35,39,,,,1.14,0.59,0.98,4*0D
$GPGSV,3,1,09,05,37,124,45,12,20,036,39,13,14,031,21,23,25,356,46,1*64
$GPGSV,3,2,09,25,53,021,50,26,26,226,23,28,23,292,20,29,57,148,36,1*6D
$GPGSV,3,3,09,31,21,260,28,1*52
$GPGSV,3,1,09,05,37,124,40,12,20,036,29,13,14,031,22,18,67,259,22,6*66
$GPGSV,3,2,09,23,25,356,44,25,53,021,46,28,23,292,20,29,57,148,29,6*62
$GPGSV,3,3,09,31,21,260,27,6*5A
$GPGSV,2,1,06,13,14,031,24,18,67,259,26,23,25,356,46,25,53,021,53,8*69
$GPGSV,2,2,06,26,26,226,16,28,23,292,27,8*6D
$GPGSV,1,1,03,15,09,058,,20,01,085,,21,08,142,,0*54
$GLGSV,2,1,08,66,00,155,13,73,58,245,25,74,15,210,10,79,00,017,12,1*73
$GLGSV,2,2,08,80,48,355,49,82,25,144,32,83,53,209,09,84,24,275,20,1*70
$GLGSV,2,1,08,67,16,105,22,68,10,056,20,73,58,245,22,79,00,017,09,3*76
$GLGSV,2,2,08,80,48,355,43,82,25,144,35,83,53,209,19,84,24,275,17,3*7A
$GAGSV,2,1,07,02,32,221,13,10,36,143,39,11,65,156,27,14,22,090,27,1*74
$GAGSV,2,2,07,16,39,044,39,25,88,143,34,36,58,298,25,1*4F
$GAGSV,1,1,03,10,36,143,32,16,39,044,48,25,88,143,35,5*47
$GAGSV,2,1,05,10,36,143,31,11,65,156,16,14,22,090,29,16,39,044,45,7*78
$GAGSV,2,2,05,25,88,143,37,7*43
$GAGSV,1,1,02,12,14,138,,34,08,311,,0*76
$GBGSV,3,1,10,12,22,100,25,19,25,071,37,20,15,119,18,22,11,020,24,3*7D
$GBGSV,3,2,10,24,25,230,23,26,53,283,21,29,23,119,42,31,35,256,13,3*7F
$GBGSV,3,3,10,35,60,180,29,39,30,000,48,3*72
$GBGSV,3,1,10,12,22,100,28,19,25,071,40,20,15,119,23,22,11,020,25,5*7F
$GBGSV,3,2,10,24,25,230,29,26,53,283,14,29,23,119,38,31,35,256,14,5*7F
$GBGSV,3,3,10,35,60,180,21,39,30,000,47,5*73
$GBGSV,3,1,09,12,22,100,31,19,25,071,36,22,11,020,29,24,25,230,25,8*76
$GBGSV,3,2,09,26,53,283,21,29,23,119,41,31,35,256,21,35,60,180,25,8*71
$GBGSV,3,3,09,39,30,000,46,8*4D
$GBGSV,1,1,01,11,04,111,,0*43
$GNGLL,3001.74368,S,05112.75106,W,170459.00,A,A*78
$GNRMC,170500.00,A,3001.74368,S,05112.75105,W,0.037,,090926,,,A,V*15
$GNVTG,,T,,M,0.037,N,0.068,K,A*37
$GNGGA,170500.00,3001.74368,S,05112.75105,W,1,12,0.59,49.3,M,4.8,M,,*4E
$GNGSA,M,3,18,23,25,26,28,29,31,05,12,13,,,1.14,0.59,0.98,1*08
$GNGSA,M,3,84,83,82,80,,,,,,,,,1.14,0.59,0.98,2*02
$GNGSA,M,3,25,36,10,11,16,,,,,,,,1.14,0.59,0.98,3*02
$GNGSA,M,3,12,19,22,24,26,29,31,35,39,,,,1.14,0.59,0.98,4*0D
$GPGSV,3,1,09,05,37,124,45,12,20,036,39,13,14,031,21,23,25,356,46,1*64
$GPGSV,3,2,09,25,53,021,50,26,26,226,23,28,23,292,21,29,57,148,36,1*6C
$GPGSV,3,3,09,31,21,260,28,1*52
$GPGSV,3,1,09,05,37,124,40,12,20,036,29,13,14,031,21,18,67,259,22,6*65
$GPGSV,3,2,09,23,25,356,44,25,53,021,46,28,23,292,21,29,57,148,28,6*62
$GPGSV,3,3,09,31,21,260,26,6*5B
$GPGSV,2,1,06,13,14,031,23,18,67,259,25,23,25,356,46,25,53,021,53,8*6D
$GPGSV,2,2,06,26,26,226,15,28,23,292,26,8*6F
$GPGSV,1,1,03,15,09,058,,20,01,085,,21,08,142,,0*54
$GLGSV,2,1,08,66,00,155,11,73,58,245,25,74,15,210,09,79,00,017,06,1*7C
$GLGSV,2,2,08,80,48,355,49,82,25,144,33,83,53,209,08,84,24,275,20,1*70
$GLGSV,2,1,08,67,16,105,21,68,10,056,19,73,58,245,22,79,00,017,08,3*7E
$GLGSV,2,2,08,80,48,355,43,82,25,144,35,83,53,209,19,84,24,275,17,3*7A
$GAGSV,2,1,07,02,32,221,13,10,36,143,39,11,65,156,27,14,22,090,27,1*74
$GAGSV,2,2,07,16,39,044,40,25,88,143,34,36,58,298,25,1*41
$GAGSV,1,1,03,10,36,143,32,16,39,044,48,25,88,143,35,5*47
$GAGSV,2,1,05,10,36,143,31,11,65,156,16,14,22,090,29,16,39,044,45,7*78
$GAGSV,2,2,05,25,88,143,37,7*43
$GAGSV,1,1,02,12,14,138,,34,08,311,,0*76
$GBGSV,3,1,10,12,22,100,25,19,25,071,37,20,15,119,17,22,11,020,23,3*75
$GBGSV,3,2,10,24,25,230,24,26,53,283,22,29,23,119,42,31,35,256,13,3*7B
$GBGSV,3,3,10,35,60,180,29,39,30,000,48,3*72
$GBGSV,3,1,10,12,22,100,28,19,25,071,40,20,15,119,23,22,11,020,25,5*7F
$GBGSV,3,2,10,24,25,230,29,26,53,283,14,29,23,119,38,31,35,256,15,5*7E
$GBGSV,3,3,10,35,60,180,22,39,30,000,47,5*70
$GBGSV,3,1,09,12,22,100,31,19,25,071,37,22,11,020,29,24,25,230,25,8*77
$GBGSV,3,2,09,26,53,283,21,29,23,119,41,31,35,256,22,35,60,180,25,8*72
$GBGSV,3,3,09,39,30,000,46,8*4D
$GBGSV,1,1,01,11,04,111,,0*43
$GNGLL,3001.74368,S,05112.75105,W,170500.00,A,A*76
$GNRMC,170501.00,A,3001.74368,S,05112.75105,W,0.010,,090926,,,A,V*11
$GNVTG,,T,,M,0.010,N,0.018,K,A*35
$GNGGA,170501.00,3001.74368,S,05112.75105,W,1,12,0.59,49.3,M,4.8,M,,*4F
$GNGSA,M,3,18,23,25,26,28,29,31,05,12,13,,,1.14,0.59,0.98,1*08
$GNGSA,M,3,84,83,82,80,,,,,,,,,1.14,0.59,0.98,2*02
$GNGSA,M,3,25,36,10,11,16,,,,,,,,1.14,0.59,0.98,3*02
$GNGSA,M,3,12,19,22,24,26,29,31,35,39,,,,1.14,0.59,0.98,4*0D
$GPGSV,3,1,09,05,37,124,45,12,20,036,39,13,14,031,21,23,25,356,46,1*64
$GPGSV,3,2,09,25,53,021,50,26,26,226,23,28,23,292,21,29,57,148,36,1*6C
$GPGSV,3,3,09,31,21,260,28,1*52
$GPGSV,3,1,09,05,37,124,40,12,20,036,29,13,14,031,21,18,67,259,22,6*65
$GPGSV,3,2,09,23,25,356,44,25,53,021,46,28,23,292,21,29,57,148,28,6*62
$GPGSV,3,3,09,31,21,260,26,6*5B
$GPGSV,2,1,06,13,14,031,24,18,67,259,25,23,25,356,46,25,53,021,53,8*6A
$GPGSV,2,2,06,26,26,226,14,28,23,292,26,8*6E
$GPGSV,1,1,03,15,09,058,,20,01,085,,21,08,142,,0*54
$GLGSV,2,1,08,66,00,155,09,73,58,245,25,74,15,210,08,79,00,017,06,1*74
$GLGSV,2,2,08,80,48,355,49,82,25,144,33,83,53,209,08,84,24,275,20,1*70
$GLGSV,2,1,08,67,16,105,20,68,10,056,19,73,58,245,21,79,00,017,08,3*7C
$GLGSV,2,2,08,80,48,355,43,82,25,144,35,83,53,209,20,84,24,275,18,3*7F
$GAGSV,2,1,07,02,32,221,14,10,36,143,39,11,65,156,28,14,22,090,27,1*7C
$GAGSV,2,2,07,16,39,044,40,25,88,143,34,36,58,298,25,1*41
$GAGSV,1,1,03,10,36,143,32,16,39,044,48,25,88,143,35,5*47
$GAGSV,2,1,05,10,36,143,31,11,65,156,15,14,22,090,29,16,39,044,45,7*7B
$GAGSV,2,2,05,25,88,143,37,7*43
$GAGSV,1,1,02,12,14,138,,34,08,311,,0*76
$GBGSV,3,1,10,12,22,100,24,19,25,071,37,20,15,119,17,22,11,020,23,3*74
$GBGSV,3,2,10,24,25,230,24,26,53,283,21,29,23,119,42,31,35,256,15,3*7E
$GBGSV,3,3,10,35,60,180,29,39,30,000,48,3*72
$GBGSV,3,1,10,12,22,100,28,19,25,071,40,20,15,119,23,22,11,020,25,5*7F
$GBGSV,3,2,10,24,25,230,29,26,53,283,15,29,23,119,38,31,35,256,15,5*7F
$GBGSV,3,3,10,35,60,180,22,39,30,000,47,5*70
$GBGSV,3,1,09,12,22,100,31,19,25,071,37,22,11,020,29,24,25,230,25,8*77
$GBGSV,3,2,09,26,53,283,21,29,23,119,41,31,35,256,21,35,60,180,25,8*71
$GBGSV,3,3,09,39,30,000,46,8*4D
$GBGSV,1,1,01,11,04,111,,0*43
$GNGLL,3001.74368,S,05112.75105,W,170501.00,A,A*77
$GNRMC,170502.00,A,3001.74368,S,05112.75105,W,0.006,,090926,,,A,V*15
$GNVTG,,T,,M,0.006,N,0.011,K,A*3B
$GNGGA,170502.00,3001.74368,S,05112.75105,W,1,12,0.59,49.3,M,4.8,M,,*4C
$GNGSA,M,3,18,23,25,26,28,29,31,05,12,13,,,1.14,0.59,0.98,1*08
$GNGSA,M,3,84,83,82,80,,,,,,,,,1.14,0.59,0.98,2*02
$GNGSA,M,3,25,36,10,11,16,,,,,,,,1.14,0.59,0.98,3*02
$GNGSA,M,3,12,19,22,24,26,29,31,35,39,,,,1.14,0.59,0.98,4*0D
$GPGSV,3,1,09,05,37,124,45,12,20,036,39,13,14,031,22,23,25,356,46,1*67
$GPGSV,3,2,09,25,53,021,50,26,26,226,23,28,23,292,21,29,57,148,36,1*6C
$GPGSV,3,3,09,31,21,260,28,1*52
$GPGSV,3,1,09,05,37,124,40,12,20,036,28,13,14,031,20,18,67,259,21,6*66
$GPGSV,3,2,09,23,25,356,44,25,53,021,46,28,23,292,21,29,57,148,29,6*63
$GPGSV,3,3,09,31,21,260,26,6*5B
$GPGSV,2,1,06,13,14,031,24,18,67,259,26,23,25,356,46,25,53,021,53,8*69
$GPGSV,2,2,06,26,26,226,14,28,23,292,26,8*6E
$GPGSV,1,1,03,15,09,058,,20,01,085,,21,08,142,,0*54
$GLGSV,2,1,07,66,00,155,08,73,58,245,25,74,15,210,08,79,00,017,06,1*7A
$GLGSV,2,2,07,80,48,355,49,82,25,144,33,84,24,275,20,1*41
$GLGSV,2,1,08,67,16,105,19,68,10,056,19,73,58,245,21,79,00,017,01,3*7F
$GLGSV,2,2,08,80,48,355,43,82,25,144,35,83,53,209,20,84,24,275,18,3*7F
$GAGSV,2,1,07,02,32,221,14,10,36,143,39,11,65,156,28,14,22,090,28,1*73
$GAGSV,2,2,07,16,39,044,39,25,88,143,34,36,58,298,24,1*4E
$GAGSV,1,1,03,10,36,143,32,16,39,044,48,25,88,143,35,5*47
$GAGSV,2,1,05,10,36,143,31,11,65,156,16,14,22,090,29,16,39,044,45,7*78
$GAGSV,2,2,05,25,88,143,37,7*43
$GAGSV,1,1,02,12,14,138,,34,08,311,,0*76
$GBGSV,3,1,10,12,22,100,24,19,25,071,37,20,15,119,17,22,11,020,23,3*74
$GBGSV,3,2,10,24,25,230,24,26,53,283,21,29,23,119,42,31,35,256,06,3*7C
$GBGSV,3,3,10,35,60,180,29,39,30,000,48,3*72
$GBGSV,3,1,10,12,22,100,28,19,25,071,40,20,15,119,23,22,11,020,25,5*7F
$GBGSV,3,2,10,24,25,230,28,26,53,283,14,29,23,119,38,31,35,256,13,5*79
$GBGSV,3,3,10,35,60,180,23,39,30,000,46,5*70
$GBGSV,3,1,09,12,22,100,31,19,25,071,37,22,11,020,29,24,25,230,25,8*77
$GBGSV,3,2,09,26,53,283,21,29,23,119,41,31,35,256,21,35,60,180,25,8*71
$GBGSV,3,3,09,39,30,000,46,8*4D
$GBGSV,1,1,01,11,04,111,,0*43
$GNGLL,3001.74368,S,05112.75105,W,170502.00,A,A*74
$GNRMC,170503.00,A,3001.74368,S,05112.75104,W,0.012,,090926,,,A,V*10
$GNVTG,,T,,M,0.012,N,0.023,K,A*3F
$GNGGA,170503.00,3001.74368,S,05112.75104,W,1,12,0.59,49.3,M,4.8,M,,*4C
$GNGSA,M,3,18,23,25,26,28,29,31,05,12,13,,,1.14,0.59,0.98,1*08
$GNGSA,M,3,84,83,82,80,,,,,,,,,1.14,0.59,0.98,2*02
$GNGSA,M,3,25,36,10,11,16,,,,,,,,1.14,0.59,0.98,3*02
$GNGSA,M,3,12,19,22,24,26,29,31,35,39,,,,1.14,0.59,0.98,4*0D
$GPGSV,3,1,09,05,36,125,45,12,20,036,39,13,14,031,21,23,25,356,46,1*64
$GPGSV,3,2,09,25,53,021,50,26,26,226,23,28,23,292,22,29,57,148,36,1*6F
$GPGSV,3,3,09,31,21,260,28,1*52
$GPGSV,3,1,09,05,36,125,40,12,20,036,28,13,14,031,20,18,67,259,21,6*66
$GPGSV,3,2,09,23,25,356,44,25,53,021,46,28,23,292,21,29,57,148,29,6*63
$GPGSV,3,3,09,31,21,260,26,6*5B
$GPGSV,2,1,06,13,14,031,23,18,67,259,26,23,25,356,46,25,53,021,53,8*6E
$GPGSV,2,2,06,26,26,226,14,28,23,292,26,8*6E
$GPGSV,1,1,03,15,09,058,,20,01,085,,21,08,142,,0*54
$GLGSV,2,1,06,66,00,155,09,73,58,245,25,80,48,355,49,82,25,144,33,1*7E
$GLGSV,2,2,06,83,53,209,05,84,24,275,21,1*74
$GLGSV,2,1,08,67,16,105,18,68,10,056,19,73,58,245,21,79,00,017,05,3*7A
$GLGSV,2,2,08,80,48,355,43,82,25,144,35,83,53,209,21,84,24,275,19,3*7F
$GLGSV,1,1,01,74,15,210,,0*4C
$GAGSV,2,1,07,02,32,221,14,10,36,143,38,11,65,156,28,14,22,090,28,1*72
$GAGSV,2,2,07,16,39,044,40,25,88,143,33,36,58,298,25,1*46
$GAGSV,1,1,03,10,36,143,32,16,39,044,48,25,88,143,35,5*47
$GAGSV,2,1,05,10,36,143,31,11,65,156,16,14,22,090,29,16,39,044,45,7*78
$GAGSV,2,2,05,25,88,143,37,7*43
$GAGSV,1,1,02,12,14,138,,34,08,311,,0*76
$GBGSV,3,1,09,12,22,100,23,19,25,071,37,20,15,119,17,22,11,020,23,3*7B
$GBGSV,3,2,09,24,25,230,23,26,53,283,21,29,23,119,42,35,60,180,29,3*72
$GBGSV,3,3,09,39,30,000,48,3*48
$GBGSV,3,1,10,12,22,100,28,19,25,071,40,20,15,119,23,22,11,020,25,5*7F
$GBGSV,3,2,10,24,25,230,28,26,53,283,13,29,23,119,38,31,35,256,14,5*79
$GBGSV,3,3,10,35,60,180,23,39,30,000,46,5*70
$GBGSV,3,1,09,12,22,100,31,19,25,071,37,22,11,020,29,24,25,230,25,8*77
$GBGSV,3,2,09,26,53,283,20,29,23,119,41,31,35,256,21,35,60,180,25,8*70
$GBGSV,3,3,09,39,30,000,46,8*4D
$GBGSV,1,1,01,11,04,111,,0*43
$GNGLL,3001.74368,S,05112.75104,W,170503.00,A,A*74
$GNRMC,170504.00,A,3001.74368,S,05112.75103,W,0.025,,090926,,,A,V*14
$GNVTG,,T,,M,0.025,N,0.047,K,A*39
$GNGGA,170504.00,3001.74368,S,05112.75103,W,1,12,0.59,49.3,M,4.8,M,,*4C
$GNGSA,M,3,18,23,25,26,28,29,31,05,12,13,,,1.14,0.59,0.98,1*08
$GNGSA,M,3,84,83,82,80,,,,,,,,,1.14,0.59,0.98,2*02
$GNGSA,M,3,25,36,10,11,16,,,,,,,,1.14,0.59,0.98,3*02
$GNGSA,M,3,12,19,22,24,26,29,31,35,39,,,,1.14,0.59,0.98,4*0D
$GPGSV,3,1,09,05,36,125,45,12,20,036,39,13,14,031,21,23,25,356,46,1*64
$GPGSV,3,2,09,25,53,021,50,26,26,226,23,28,23,292,22,29,57,148,36,1*6F
$GPGSV,3,3,09,31,21,260,28,1*52
$GPGSV,1,1,01,26,26,226,16,5*50
$GPGSV,3,1,09,05,36,125,40,12,20,036,28,13,14,031,20,18,67,259,21,6*66
$GPGSV,3,2,09,23,25,356,44,25,53,021,46,28,23,292,21,29,57,148,28,6*62
$GPGSV,3,3,09,31,21,260,26,6*5B
$GPGSV,2,1,06,13,14,031,24,18,67,259,26,23,25,356,46,25,53,021,53,8*69
$GPGSV,2,2,06,26,26,226,14,28,23,292,26,8*6E
$GPGSV,1,1,03,15,09,058,,20,01,085,,21,08,142,,0*54
$GLGSV,2,1,07,66,00,155,09,73,58,245,25,74,15,210,20,80,48,355,49,1*75
$GLGSV,2,2,07,82,25,144,33,83,53,209,07,84,24,275,22,1*48
$GLGSV,2,1,08,67,16,105,17,68,10,056,18,73,58,245,21,79,00,017,06,3*77
$GLGSV,2,2,08,80,48,355,43,82,25,144,35,83,53,209,20,84,24,275,19,3*7E
$GAGSV,2,1,07,02,32,221,12,10,36,143,38,11,65,156,28,14,22,090,27,1*7B
$GAGSV,2,2,07,16,39,044,39,25,88,143,34,36,58,298,24,1*4E
$GAGSV,1,1,03,10,36,143,32,16,39,044,48,25,88,143,35,5*47
$GAGSV,2,1,06,10,36,143,31,11,65,156,15,14,22,090,29,16,39,044,45,7*78
$GAGSV,2,2,06,25,88,143,37,36,58,298,22,7*7B
$GAGSV,1,1,02,12,14,138,,34,08,311,,0*76
$GBGSV,3,1,09,12,22,100,24,19,25,071,37,20,15,119,18,22,11,020,23,3*73
$GBGSV,3,2,09,24,25,230,22,26,53,283,21,29,23,119,42,35,60,180,29,3*73
$GBGSV,3,3,09,39,30,000,48,3*48
$GBGSV,3,1,10,12,22,100,28,19,25,071,40,20,15,119,24,22,11,020,25,5*78
$GBGSV,3,2,10,24,25,230,28,26,53,283,13,29,23,119,38,31,35,256,14,5*79
$GBGSV,3,3,10,35,60,180,22,39,30,000,46,5*71
$GBGSV,3,1,09,12,22,100,31,19,25,071,37,22,11,020,29,24,25,230,25,8*77
$GBGSV,3,2,09,26,53,283,21,29,23,119,41,31,35,256,21,35,60,180,25,8*71
$GBGSV,3,3,09,39,30,000,46,8*4D
$GBGSV,1,1,01,11,04,111,,0*43
$GNGLL,3001.74368,S,05112.75103,W,170504.00,A,A*74
$GNRMC,170505.00,A,3001.74368,S,05112.75103,W,0.004,,090926,,,A,V*16
$GNVTG,,T,,M,0.004,N,0.007,K,A*3E
$GNGGA,170505.00,3001.74368,S,05112.75103,W,1,12,0.59,49.3,M,4.8,M,,*4D
$GNGSA,M,3,18,23,25,26,28,29,31,05,12,13,,,1.14,0.59,0.98,1*08
$GNGSA,M,3,84,83,82,80,,,,,,,,,1.14,0.59,0.98,2*02
$GNGSA,M,3,25,36,10,11,16,,,,,,,,1.14,0.59,0.98,3*02
$GNGSA,M,3,12,19,22,24,26,29,31,35,39,,,,1.14,0.59,0.98,4*0D
$GPGSV,3,1,09,05,36,125,45,12,20,036,39,13,14,031,21,23,25,356,47,1*65
$GPGSV,3,2,09,25,53,021,50,26,26,226,23,28,23,292,23,29,57,148,37,1*6F
$GPGSV,3,3,09,31,21,260,28,1*52
$GPGSV,3,1,10,05,36,125,40,12,20,036,28,13,14,031,21,18,67,259,22,6*6C
$GPGSV,3,2,10,23,25,356,44,25,53,021,46,26,26,226,17,28,23,292,21,6*64
$GPGSV,3,3,10,29,57,148,28,31,21,260,25,6*6E
$GPGSV,2,1,06,13,14,031,23,18,67,259,26,23,25,356,46,25,53,021,53,8*6E
$GPGSV,2,2,06,26,26,226,14,28,23,292,26,8*6E
$GPGSV,1,1,03,15,09,058,,20,01,085,,21,08,142,,0*54
$GLGSV,2,1,08,66,00,155,10,67,16,105,16,73,58,245,25,74,15,210,18,1*76
$GLGSV,2,2,08,80,48,355,49,82,25,144,33,83,53,209,10,84,24,275,21,1*78
$GLGSV,2,1,08,67,16,105,15,68,10,056,17,73,58,245,22,79,00,017,15,3*7B
$GLGSV,2,2,08,80,48,355,43,82,25,144,35,83,53,209,20,84,24,275,19,3*7E
$GAGSV,2,1,07,02,32,221,12,10,36,143,38,11,65,156,28,14,22,090,27,1*7B
$GAGSV,2,2,07,16,39,044,40,25,88,143,34,36,58,298,24,1*40
$GAGSV,1,1,03,10,36,143,32,16,39,044,48,25,88,143,35,5*47
$GAGSV,2,1,06,10,36,143,30,11,65,156,15,14,22,090,29,16,39,044,45,7*79
$GAGSV,2,2,06,25,88,143,37,36,58,298,22,7*7B
$GAGSV,1,1,02,12,14,138,,34,08,311,,0*76
$GBGSV,3,1,09,12,22,100,25,19,25,071,37,20,15,119,17,22,11,020,23,3*7D
$GBGSV,3,2,09,24,25,230,21,26,53,283,20,29,23,119,42,35,60,180,29,3*71
$GBGSV,3,3,09,39,30,000,48,3*48
$GBGSV,3,1,10,12,22,100,28,19,25,071,40,20,15,119,24,22,11,020,25,5*78
$GBGSV,3,2,10,24,25,230,28,26,53,283,13,29,23,119,38,31,35,256,15,5*78
$GBGSV,3,3,10,35,60,180,22,39,30,000,46,5*71
$GBGSV,3,1,09,12,22,100,31,19,25,071,37,22,11,020,29,24,25,230,24,8*76
$GBGSV,3,2,09,26,53,283,21,29,23,119,41,31,35,256,21,35,60,180,25,8*71
$GBGSV,3,3,09,39,30,000,46,8*4D
$GBGSV,1,1,01,11,04,111,,0*43
$GNGLL,3001.74368,S,05112.75103,W,170505.00,A,A*75
$GNRMC,170506.00,A,3001.74368,S,05112.75102,W,0.007,,090926,,,A,V*17
$GNVTG,,T,,M,0.007,N,0.012,K,A*39
$GNGGA,170506.00,3001.74368,S,05112.75102,W,1,12,0.59,49.3,M,4.8,M,,*4F
$GNGSA,M,3,18,23,25,26,28,29,31,05,12,13,,,1.14,0.59,0.98,1*08
$GNGSA,M,3,84,83,82,80,,,,,,,,,1.14,0.59,0.98,2*02
$GNGSA,M,3,25,36,10,11,16,,,,,,,,1.14,0.59,0.98,3*02
$GNGSA,M,3,12,19,22,24,26,29,31,35,39,,,,1.14,0.59,0.98,4*0D
$GPGSV,3,1,09,05,36,125,45,12,20,036,39,13,14,031,21,23,25,356,47,1*65
$GPGSV,3,2,09,25,53,021,50,26,26,226,23,28,23,292,23,29,57,148,37,1*6F
$GPGSV,3,3,09,31,21,260,28,1*52
$GPGSV,3,1,10,05,36,125,40,12,20,036,28,13,14,031,20,18,67,259,22,6*6D
$GPGSV,3,2,10,23,25,356,44,25,53,021,46,26,26,226,17,28,23,292,21,6*64
$GPGSV,3,3,10,29,57,148,28,31,21,260,25,6*6E
$GPGSV,2,1,06,13,14,031,24,18,67,259,26,23,25,356,46,25,53,021,53,8*69
$GPGSV,2,2,06,26,26,226,13,28,23,292,26,8*69
$GPGSV,1,1,03,15,09,058,,20,01,085,,21,08,142,,0*54
$GLGSV,2,1,08,66,00,155,09,67,16,105,17,73,58,245,25,74,15,210,16,1*71
$GLGSV,2,2,08,80,48,355,49,82,25,144,33,83,53,209,03,84,24,275,22,1*79
$GLGSV,2,1,08,67,16,105,14,68,10,056,16,73,58,245,22,79,00,017,07,3*78
$GLGSV,2,2,08,80,48,355,43,82,25,144,35,83,53,209,19,84,24,275,19,3*74
$GAGSV,2,1,07,02,32,221,12,10,36,143,38,11,65,156,28,14,22,090,27,1*7B
$GAGSV,2,2,07,16,39,044,40,25,88,143,34,36,58,298,23,1*47
$GAGSV,1,1,03,10,36,143,32,16,39,044,48,25,88,143,35,5*47
$GAGSV,2,1,06,10,36,143,30,11,65,156,16,14,22,090,29,16,39,044,45,7*7A
$GAGSV,2,2,06,25,88,143,37,36,58,298,22,7*7B
$GAGSV,1,1,02,12,14,138,,34,08,311,,0*76
$GBGSV,3,1,09,12,22,100,25,19,25,071,37,20,15,119,16,22,11,020,22,3*7D
$GBGSV,3,2,09,24,25,230,21,26,53,283,20,29,23,119,42,35,60,180,29,3*71
$GBGSV,3,3,09,39,30,000,48,3*48
$GBGSV,3,1,10,12,22,100,28,19,25,071,40,20,15,119,24,22,11,020,25,5*78
$GBGSV,3,2,10,24,25,230,28,26,53,283,12,29,23,119,38,31,35,256,15,5*79
$GBGSV,3,3,10,35,60,180,22,39,30,000,46,5*71
$GBGSV,3,1,09,12,22,100,31,19,25,071,37,22,11,020,29,24,25,230,24,8*76
$GBGSV,3,2,09,26,53,283,21,29,23,119,41,31,35,256,21,35,60,180,25,8*71
$GBGSV,3,3,09,39,30,000,46,8*4D
$GBGSV,1,1,01,11,04,111,,0*43
$GNGLL,3001.74368,S,05112.75102,W,170506.00,A,A*77
$GNRMC,170507.00,A,3001.74368,S,05112.75101,W,0.031,,090926,,,A,V*10
$GNVTG,,T,,M,0.031,N,0.058,K,A*32
$GNGGA,170507.00,3001.74368,S,05112.75101,W,1,12,0.59,49.3,M,4.8,M,,*4D
$GNGSA,M,3,18,23,25,26,28,29,31,05,12,13,,,1.14,0.59,0.98,1*08
$GNGSA,M,3,84,83,82,80,,,,,,,,,1.14,0.59,0.98,2*02
$GNGSA,M,3,25,36,10,11,16,,,,,,,,1.14,0.59,0.98,3*02
$GNGSA,M,3,12,19,22,24,26,29,31,35,39,,,,1.14,0.59,0.98,4*0D
$GPGSV,3,1,09,05,36,125,45,12,20,036,39,13,14,031,21,23,25,356,46,1*64
$GPGSV,3,2,09,25,53,021,50,26,26,226,22,28,23,292,24,29,57,148,37,1*69
$GPGSV,3,3,09,31,21,260,28,1*52
$GPGSV,3,1,10,05,36,125,40,12,20,036,28,13,14,031,20,18,67,259,23,6*6C
$GPGSV,3,2,10,23,25,356,44,25,53,021,46,26,26,226,18,28,23,292,20,6*6A
$GPGSV,3,3,10,29,57,148,28,31,21,260,25,6*6E
$GPGSV,2,1,06,13,14,031,24,18,67,259,26,23,25,356,46,25,53,021,53,8*69
$GPGSV,2,2,06,26,26,226,10,28,23,292,26,8*6A
$GPGSV,1,1,03,15,09,058,,20,01,085,,21,08,142,,0*54
$GLGSV,2,1,08,66,00,155,10,67,16,105,16,73,58,245,24,74,15,210,14,1*7B
$GLGSV,2,2,08,80,48,355,48,82,25,144,33,83,53,209,06,84,24,275,22,1*7D
$GLGSV,2,1,08,67,16,105,13,68,10,056,16,73,58,245,23,79,00,017,07,3*7E
$GLGSV,2,2,08,80,48,355,43,82,25,144,34,83,53,209,20,84,24,275,20,3*75
$GAGSV,2,1,07,02,32,221,14,10,36,143,38,11,65,156,28,14,22,090,27,1*7D
$GAGSV,2,2,07,16,39,044,39,25,88,143,34,36,58,298,23,1*49
$GAGSV,1,1,03,10,36,143,32,16,39,044,48,25,88,143,35,5*47
$GAGSV,2,1,06,10,36,143,30,11,65,156,16,14,22,090,29,16,39,044,45,7*7A
$GAGSV,2,2,06,25,88,143,37,36,58,298,22,7*7B
$GAGSV,1,1,02,12,14,138,,34,08,311,,0*76
$GBGSV,3,1,09,12,22,100,25,19,25,071,37,20,15,119,15,22,11,020,22,3*7E
$GBGSV,3,2,09,24,25,230,20,26,53,283,19,29,23,119,42,35,60,180,29,3*7A
$GBGSV,3,3,09,39,30,000,48,3*48
$GBGSV,3,1,10,12,22,100,28,19,25,071,40,20,15,119,25,22,11,020,24,5*78
$GBGSV,3,2,10,24,25,230,28,26,53,283,11,29,23,119,38,31,35,256,14,5*7B
$GBGSV,3,3,10,35,60,180,22,39,30,000,46,5*71
$GBGSV,3,1,09,12,22,100,31,19,25,071,37,22,11,020,29,24,25,230,24,8*76
$GBGSV,3,2,09,26,53,283,21,29,23,119,41,31,35,256,21,35,60,180,25,8*71
$GBGSV,3,3,09,39,30,000,46,8*4D
$GBGSV,1,1,01,11,04,111,,0*43
$GNGLL,3001.74368,S,05112.75101,W,170507.00,A,A*75
$GNRMC,170508.00,A,3001.74368,S,05112.75101,W,0.034,,090926,,,A,V*1A
$GNVTG,,T,,M,0.034,N,0.063,K,A*3F
$GNGGA,170508.00,3001.74368,S,05112.75101,W,1,12,0.59,49.3,M,4.8,M,,*42
$GNGSA,M,3,18,23,25,26,28,29,31,05,12,13,,,1.14,0.59,0.98,1*08
$GNGSA,M,3,84,83,82,80,,,,,,,,,1.14,0.59,0.98,2*02
$GNGSA,M,3,25,36,10,11,16,,,,,,,,1.14,0.59,0.98,3*02
$GNGSA,M,3,12,19,22,24,26,29,31,35,39,,,,1.14,0.59,0.98,4*0D
$GPGSV,3,1,09,05,36,125,45,12,20,036,39,13,14,031,21,23,25,356,46,1*64
$GPGSV,3,2,09,25,53,021,50,26,26,226,22,28,23,292,25,29,57,148,37,1*68
$GPGSV,3,3,09,31,21,260,28,1*52
$GPGSV,3,1,10,05,36,125,40,12,20,036,28,13,14,031,20,18,67,259,23,6*6C
$GPGSV,3,2,10,23,25,356,44,25,53,021,46,26,26,226,19,28,23,292,20,6*6B
$GPGSV,3,3,10,29,57,148,28,31,21,260,25,6*6E
$GPGSV,2,1,05,13,14,031,23,18,67,259,26,23,25,356,46,25,53,021,53,8*6D
$GPGSV,2,2,05,28,23,292,25,8*5D
$GPGSV,1,1,03,15,09,058,,20,01,085,,21,08,142,,0*54
$GLGSV,2,1,08,66,00,155,12,67,16,105,17,73,58,245,24,74,15,210,13,1*7F
$GLGSV,2,2,08,80,48,355,48,82,25,144,33,83,53,209,08,84,24,275,22,1*73
$GLGSV,2,1,08,67,16,105,11,68,10,056,15,73,58,245,23,79,00,017,09,3*71
$GLGSV,2,2,08,80,48,355,43,82,25,144,35,83,53,209,19,84,24,275,20,3*7E
$GAGSV,2,1,07,02,32,221,13,10,36,143,38,11,65,156,28,14,22,090,27,1*7A
$GAGSV,2,2,07,16,39,044,39,25,88,143,34,36,58,298,23,1*49
$GAGSV,1,1,03,10,36,143,32,16,39,044,48,25,88,143,35,5*47
$GAGSV,2,1,06,10,36,143,30,11,65,156,17,14,22,090,29,16,39,044,45,7*7B
$GAGSV,2,2,06,25,88,143,37,36,58,298,23,7*7A
$GAGSV,1,1,02,12,14,138,,34,08,311,,0*76
$GBGSV,3,1,09,12,22,100,25,19,25,071,37,20,15,119,14,22,11,020,23,3*7E
$GBGSV,3,2,09,24,25,230,19,26,53,283,19,29,23,119,42,35,60,180,29,3*70
$GBGSV,3,3,09,39,30,000,48,3*48
$GBGSV,3,1,10,12,22,100,28,19,25,071,40,20,15,119,25,22,11,020,24,5*78
$GBGSV,3,2,10,24,25,230,28,26,53,283,14,29,23,119,38,31,35,256,15,5*7F
$GBGSV,3,3,10,35,60,180,22,39,30,000,46,5*71
$GBGSV,3,1,09,12,22,100,31,19,25,071,37,22,11,020,29,24,25,230,24,8*76
$GBGSV,3,2,09,26,53,283,21,29,23,119,41,31,35,256,22,35,60,180,25,8*72
$GBGSV,3,3,09,39,30,000,46,8*4D
$GBGSV,1,1,01,11,04,111,,0*43
$GNGLL,3001.74368,S,05112.75101,W,170508.00,A,A*7A
$GNRMC,170509.00,A,3001.74367,S,05112.75100,W,0.030,,090926,,,A,V*11
$GNVTG,,T,,M,0.030,N,0.056,K,A*3D
$GNGGA,170509.00,3001.74367,S,05112.75100,W,1,12,0.65,49.3,M,4.8,M,,*42
$GNGSA,M,3,18,23,25,26,28,29,31,05,12,13,,,1.24,0.65,1.06,1*02
$GNGSA,M,3,84,83,82,80,,,,,,,,,1.24,0.65,1.06,2*08
$GNGSA,M,3,25,36,10,11,16,,,,,,,,1.24,0.65,1.06,3*08
$GNGSA,M,3,12,19,22,24,26,29,31,35,39,,,,1.24,0.65,1.06,4*07
$GPGSV,3,1,09,05,36,125,45,12,20,036,39,13,14,031,21,23,25,356,46,1*64
$GPGSV,3,2,09,25,53,021,50,26,26,226,22,28,23,292,25,29,57,148,37,1*68
$GPGSV,3,3,09,31,21,260,28,1*52
$GPGSV,3,1,10,05,36,125,40,12,20,036,28,13,14,031,21,18,67,259,23,6*6D
$GPGSV,3,2,10,23,25,356,44,25,53,021,46,26,26,226,19,28,23,292,20,6*6B
$GPGSV,3,3,10,29,57,148,29,31,21,260,25,6*6F
$GPGSV,2,1,06,13,14,031,23,18,67,259,26,23,25,356,46,25,53,021,53,8*6E
$GPGSV,2,2,06,26,26,226,21,28,23,292,26,8*68
$GPGSV,1,1,03,15,09,058,,20,01,085,,21,08,142,,0*54
$GLGSV,2,1,08,66,00,155,13,67,16,105,17,73,58,245,24,74,15,210,14,1*79
$GLGSV,2,2,08,80,48,355,48,82,25,144,33,83,53,209,08,84,24,275,23,1*72
$GLGSV,2,1,08,67,16,105,09,68,10,056,14,73,58,245,24,79,00,017,09,3*7E
$GLGSV,2,2,08,80,48,355,43,82,25,144,35,83,53,209,19,84,24,275,21,3*7F
$GAGSV,2,1,07,02,32,221,12,10,36,143,38,11,65,156,28,14,22,090,27,1*7B
$GAGSV,2,2,07,16,39,044,39,25,88,143,34,36,58,298,23,1*49
$GAGSV,1,1,03,10,36,143,33,16,39,044,48,25,88,143,35,5*46
$GAGSV,2,1,06,10,36,143,30,11,65,156,17,14,22,090,29,16,39,044,45,7*7B
$GAGSV,2,2,06,25,88,143,37,36,58,298,23,7*7A
$GAGSV,1,1,02,12,14,138,,34,08,311,,0*76
$GBGSV,3,1,09,12,22,100,24,19,25,071,37,20,15,119,15,22,11,020,23,3*7E
$GBGSV,3,2,09,24,25,230,17,26,53,283,18,29,23,119,42,35,60,180,29,3*7F
$GBGSV,3,3,09,39,30,000,48,3*48
$GBGSV,3,1,10,12,22,100,28,19,25,071,40,20,15,119,25,22,11,020,24,5*78
$GBGSV,3,2,10,24,25,230,28,26,53,283,13,29,23,119,38,31,35,256,16,5*7B
$GBGSV,3,3,10,35,60,180,22,39,30,000,46,5*71
$GBGSV,3,1,09,12,22,100,31,19,25,071,37,22,11,020,29,24,25,230,25,8*77
$GBGSV,3,2,09,26,53,283,21,29,23,119,41,31,35,256,22,35,60,180,25,8*72
$GBGSV,3,3,09,39,30,000,46,8*4D
$GBGSV,1,1,01,11,04,111,,0*43
$GNGLL,3001.74367,S,05112.75100,W,170509.00,A,A*75
$GNRMC,170510.00,A,3001.74367,S,05112.75100,W,0.009,,090926,,,A,V*13
$GNVTG,,T,,M,0.009,N,0.016,K,A*33
$GNGGA,170510.00,3001.74367,S,05112.75100,W,1,12,0.59,49.3,M,4.8,M,,*45
$GNGSA,M,3,18,23,25,26,28,29,31,05,12,13,,,1.14,0.59,0.98,1*08
$GNGSA,M,3,84,83,82,80,,,,,,,,,1.14,0.59,0.98,2*02
$GNGSA,M,3,25,36,10,11,16,,,,,,,,1.14,0.59,0.98,3*02
$GNGSA,M,3,12,19,22,24,26,29,31,35,39,,,,1.14,0.59,0.98,4*0D
$GPGSV,3,1,09,05,36,125,45,12,19,035,39,13,14,031,21,23,25,356,46,1*6D
$GPGSV,3,2,09,25,53,021,50,26,26,226,22,28,23,292,24,29,57,148,37,1*69
$GPGSV,3,3,09,31,21,260,29,1*53
$GPGSV,3,1,10,05,36,125,40,12,19,035,28,13,14,031,21,18,67,259,23,6*64
$GPGSV,3,2,10,23,25,356,44,25,53,021,46,26,26,226,20,28,23,292,20,6*61
$GPGSV,3,3,10,29,57,148,29,31,21,260,25,6*6F
$GPGSV,2,1,06,13,14,031,23,18,67,259,26,23,25,356,46,25,53,021,53,8*6E
$GPGSV,2,2,06,26,26,226,20,28,23,292,25,8*6A
$GPGSV,1,1,03,15,09,058,,20,01,085,,21,08,142,,0*54
$GLGSV,2,1,08,66,00,155,12,67,16,105,15,73,58,245,24,74,15,210,14,1*7A
$GLGSV,2,2,08,80,48,355,49,82,25,144,33,83,53,209,08,84,24,275,23,1*73
$GLGSV,2,1,08,67,16,105,09,68,10,056,12,73,58,245,23,79,00,017,02,3*74
$GLGSV,2,2,08,80,48,355,43,82,25,144,34,83,53,209,18,84,24,275,21,3*7F
$GAGSV,2,1,07,02,32,221,11,10,36,143,38,11,65,156,28,14,22,090,27,1*78
$GAGSV,2,2,07,16,39,044,40,25,88,143,34,36,58,298,23,1*47
$GAGSV,1,1,03,10,36,143,32,16,39,044,48,25,88,143,35,5*47
$GAGSV,2,1,06,10,36,143,30,11,65,156,17,14,22,090,28,16,39,044,45,7*7A
$GAGSV,2,2,06,25,88,143,37,36,58,298,23,7*7A
$GAGSV,1,1,02,12,14,138,,34,08,311,,0*76
$GBGSV,3,1,09,12,22,100,24,19,25,071,37,20,15,119,15,22,11,020,23,3*7E
$GBGSV,3,2,09,24,25,230,15,26,53,283,18,29,23,119,42,35,60,180,28,3*7C
$GBGSV,3,3,09,39,30,000,48,3*48
$GBGSV,3,1,10,12,22,100,28,19,25,071,40,20,15,119,25,22,11,020,24,5*78
$GBGSV,3,2,10,24,25,230,28,26,53,283,12,29,23,119,38,31,35,256,16,5*7A
$GBGSV,3,3,10,35,60,180,22,39,30,000,46,5*71
$GBGSV,3,1,09,12,22,100,31,19,25,071,37,22,11,020,29,24,25,230,24,8*76
$GBGSV,3,2,09,26,53,283,21,29,23,119,41,31,35,256,22,35,60,180,24,8*73
$GBGSV,3,3,09,39,30,000,46,8*4D
$GBGSV,1,1,01,11,04,111,,0*43
$GNGLL,3001.74367,S,05112.75100,W,170510.00,A,A*7D
$GNRMC,170511.00,A,3001.74367,S,05112.75099,W,0.016,,090926,,,A,V*1D
$GNVTG,,T,,M,0.016,N,0.030,K,A*39
$GNGGA,170511.00,3001.74367,S,05112.75099,W,1,12,0.59,49.3,M,4.8,M,,*45
$GNGSA,M,3,18,23,25,26,28,29,31,05,12,13,,,1.14,0.59,0.98,1*08
$GNGSA,M,3,84,83,82,80,,,,,,,,,1.14,0.59,0.98,2*02
$GNGSA,M,3,25,36,10,11,16,,,,,,,,1.14,0.59,0.98,3*02
$GNGSA,M,3,12,19,22,24,26,29,31,35,39,,,,1.14,0.59,0.98,4*0D
$GPGSV,3,1,09,05,36,125,45,12,19,035,39,13,13,031,21,23,25,356,46,1*6A
$GPGSV,3,2,09,25,53,021,50,26,26,226,21,28,23,292,24,29,57,148,37,1*6A
$GPGSV,3,3,09,31,21,260,29,1*53
$GPGSV,3,1,10,05,36,125,40,12,19,035,28,13,13,031,21,18,67,259,23,6*63
$GPGSV,3,2,10,23,25,356,44,25,53,021,45,26,26,226,21,28,23,292,20,6*63
$GPGSV,3,3,10,29,57,148,29,31,21,260,25,6*6F
$GPGSV,2,1,06,13,13,031,23,18,67,259,26,23,25,356,46,25,53,021,53,8*69
$GPGSV,2,2,06,26,26,226,20,28,23,292,25,8*6A
$GPGSV,1,1,03,15,09,058,,20,01,085,,21,08,142,,0*54
$GLGSV,2,1,08,66,00,155,10,67,16,105,15,73,58,245,24,74,15,210,15,1*79
$GLGSV,2,2,08,80,48,355,48,82,25,144,33,83,53,209,13,84,24,275,24,1*7F
$GLGSV,2,1,07,68,10,056,13,73,58,245,23,79,00,017,05,80,48,355,43,3*76
$GLGSV,2,2,07,82,25,144,34,83,53,209,17,84,24,275,22,3*4C
$GAGSV,2,1,07,02,32,221,10,10,36,143,38,11,65,156,28,14,22,090,27,1*79
$GAGSV,2,2,07,16,39,044,40,25,88,143,34,36,58,298,23,1*47
$GAGSV,1,1,03,10,36,143,32,16,39,044,48,25,88,143,35,5*47
$GAGSV,2,1,06,10,36,143,29,11,65,156,16,14,22,090,29,16,39,044,45,7*72
$GAGSV,2,2,06,25,88,143,37,36,58,298,23,7*7A
$GAGSV,1,1,02,12,14,138,,34,08,311,,0*76
$GBGSV,3,1,09,12,22,100,23,19,25,071,37,20,15,119,14,22,11,020,24,3*7F
$GBGSV,3,2,09,24,25,230,17,26,53,283,17,29,23,119,42,35,60,180,29,3*70
$GBGSV,3,3,09,39,30,000,47,3*47
$GBGSV,3,1,10,12,22,100,28,19,25,071,40,20,15,119,25,22,11,020,24,5*78
$GBGSV,3,2,10,24,25,230,28,26,53,283,13,29,23,119,38,31,35,256,16,5*7B
$GBGSV,3,3,10,35,60,180,23,39,30,000,46,5*70
$GBGSV,3,1,09,12,22,100,31,19,25,071,36,22,11,020,29,24,25,230,24,8*77
$GBGSV,3,2,09,26,53,283,21,29,23,119,41,31,35,256,22,35,60,180,24,8*73
$GBGSV,3,3,09,39,30,000,46,8*4D
$GBGSV,1,1,01,11,04,111,,0*43
$GNGLL,3001.74367,S,05112.75099,W,170511.00,A,A*7D
$GNRMC,170512.00,A,3001.74366,S,05112.75098,W,0.010,,090926,,,A,V*18
$GNVTG,,T,,M,0.010,N,0.019,K,A*34
$GNGGA,170512.00,3001.74366,S,05112.75098,W,1,12,0.68,49.3,M,4.8,M,,*44
$GNGSA,M,3,18,23,25,26,28,29,31,05,12,13,,,1.32,0.68,1.13,1*0C
$GNGSA,M,3,84,83,82,80,,,,,,,,,1.32,0.68,1.13,2*06
$GNGSA,M,3,25,36,10,11,16,,,,,,,,1.32,0.68,1.13,3*06
$GNGSA,M,3,12,19,22,24,26,29,31,35,39,,,,1.32,0.68,1.13,4*09
$GPGSV,3,1,09,05,36,125,45,12,19,035,39,13,13,031,20,23,25,356,46,1*6B
$GPGSV,3,2,09,25,53,021,50,26,26,226,20,28,23,292,24,29,57,148,37,1*6B
$GPGSV,3,3,09,31,21,260,29,1*53
$GPGSV,3,1,10,05,36,125,40,12,19,035,28,13,13,031,22,18,67,259,24,6*67
$GPGSV,3,2,10,23,25,356,44,25,53,021,45,26,26,226,21,28,23,292,20,6*63
$GPGSV,3,3,10,29,57,148,29,31,21,260,25,6*6F
$GPGSV,2,1,06,13,13,031,24,18,67,259,26,23,25,356,46,25,53,021,53,8*6E
$GPGSV,2,2,06,26,26,226,20,28,23,292,25,8*6A
$GPGSV,1,1,03,15,09,058,,20,01,085,,21,08,142,,0*54
$GLGSV,2,1,08,66,00,155,09,67,16,105,15,73,58,245,24,74,15,210,17,1*73
$GLGSV,2,2,08,80,48,355,49,82,25,144,33,83,53,209,08,84,24,275,23,1*73
$GLGSV,2,1,07,68,10,056,11,73,58,245,23,79,00,017,07,80,48,355,43,3*76
$GLGSV,2,2,07,82,25,144,34,83,53,209,18,84,24,275,22,3*43
$GAGSV,2,1,07,02,32,221,11,10,36,143,38,11,65,156,28,14,22,090,27,1*78
$GAGSV,2,2,07,16,39,044,40,25,88,143,34,36,58,298,22,1*46
$GAGSV,1,1,03,10,36,143,32,16,39,044,48,25,88,143,35,5*47
$GAGSV,2,1,06,10,36,143,29,11,65,156,15,14,22,090,29,16,39,044,45,7*71
$GAGSV,2,2,06,25,88,143,37,36,58,298,23,7*7A
$GAGSV,1,1,02,12,14,138,,34,08,311,,0*76
$GBGSV,3,1,09,12,22,100,23,19,25,071,37,20,15,119,15,22,11,020,23,3*79
$GBGSV,3,2,09,24,25,230,15,26,53,283,16,29,23,119,42,35,60,180,28,3*72
$GBGSV,3,3,09,39,30,000,48,3*48
$GBGSV,3,1,10,12,22,100,28,19,25,071,40,20,15,119,25,22,11,020,24,5*78
$GBGSV,3,2,10,24,25,230,27,26,53,283,13,29,23,119,37,31,35,256,17,5*7A
$GBGSV,3,3,10,35,60,180,22,39,30,000,46,5*71
$GBGSV,3,1,09,12,22,100,31,19,25,071,36,22,11,020,29,24,25,230,23,8*70
$GBGSV,3,2,09,26,53,283,21,29,23,119,41,31,35,256,22,35,60,180,24,8*73
$GBGSV,3,3,09,39,30,000,46,8*4D
$GBGSV,1,1,01,11,04,111,,0*43
$GNGLL,3001.74366,S,05112.75098,W,170512.00,A,A*7E
$GNRMC,170513.00,A,3001.74366,S,05112.75097,W,0.001,,090926,,,A,V*16
$GNVTG,,T,,M,0.001,N,0.003,K,A*3F
$GNGGA,170513.00,3001.74366,S,05112.75097,W,1,12,0.68,49.3,M,4.8,M,,*4A
$GNGSA,M,3,18,23,25,26,28,29,31,05,12,13,,,1.32,0.68,1.13,1*0C
$GNGSA,M,3,84,83,82,80,,,,,,,,,1.32,0.68,1.13,2*06
$GNGSA,M,3,25,36,10,11,16,,,,,,,,1.32,0.68,1.13,3*06
$GNGSA,M,3,12,19,22,24,26,29,31,35,39,,,,1.32,0.68,1.13,4*09
$GPGSV,3,1,09,05,36,125,45,12,19,035,39,13,13,031,21,23,25,356,46,1*6A
$GPGSV,3,2,09,25,53,021,50,26,26,226,19,28,23,292,24,29,57,148,37,1*61
$GPGSV,3,3,09,31,21,260,29,1*53
$GPGSV,3,1,10,05,36,125,40,12,19,035,28,13,13,031,22,18,67,259,23,6*60
$GPGSV,3,2,10,23,25,356,44,25,53,021,45,26,26,226,22,28,23,292,19,6*6A
$GPGSV,3,3,10,29,57,148,29,31,21,260,24,6*6E
$GPGSV,2,1,06,13,13,031,24,18,67,259,26,23,25,356,46,25,53,021,53,8*6E
$GPGSV,2,2,06,26,26,226,20,28,23,292,25,8*6A
$GPGSV,1,1,03,15,10,059,,20,01,085,,21,08,142,,0*5D
$GLGSV,2,1,08,66,00,155,09,67,16,105,14,73,58,245,24,74,15,210,17,1*72
$GLGSV,2,2,08,80,48,355,49,82,25,144,33,83,53,209,10,84,24,275,23,1*7A
$GLGSV,2,1,07,68,10,056,10,73,58,245,23,79,00,017,07,80,48,355,43,3*77
$GLGSV,2,2,07,82,25,144,34,83,53,209,17,84,24,275,22,3*4C
$GAGSV,2,1,07,02,32,221,11,10,36,143,38,11,65,156,28,14,22,090,27,1*78
$GAGSV,2,2,07,16,39,044,40,25,88,143,34,36,58,298,22,1*46
$GAGSV,1,1,03,10,36,143,33,16,39,044,48,25,88,143,35,5*46
$GAGSV,2,1,06,10,36,143,29,11,65,156,15,14,22,090,29,16,39,044,45,7*71
$GAGSV,2,2,06,25,88,143,37,36,58,298,23,7*7A
$GAGSV,1,1,02,12,14,138,,34,08,311,,0*76
$GBGSV,3,1,09,12,22,100,24,19,25,071,37,20,15,119,14,22,11,020,23,3*7F
$GBGSV,3,2,09,24,25,230,12,26,53,283,16,29,23,119,42,35,60,180,29,3*74
$GBGSV,3,3,09,39,30,000,47,3*47
$GBGSV,3,1,10,12,22,100,28,19,25,071,40,20,15,119,25,22,11,020,24,5*78
$GBGSV,3,2,10,24,25,230,27,26,53,283,14,29,23,119,37,31,35,256,17,5*7D
$GBGSV,3,3,10,35,60,180,22,39,30,000,46,5*71
$GBGSV,3,1,09,12,22,100,31,19,25,071,36,22,11,020,29,24,25,230,23,8*70
$GBGSV,3,2,09,26,53,283,21,29,23,119,41,31,35,256,22,35,60,180,24,8*73
$GBGSV,3,3,09,39,30,000,46,8*4D
$GBGSV,1,1,01,11,04,111,,0*43
$GNGLL,3001.74366,S,05112.75097,W,170513.00,A,A*70
$GNRMC,170514.00,A,3001.74366,S,05112.75097,W,0.014,,090926,,,A,V*15
$GNVTG,,T,,M,0.014,N,0.026,K,A*3C
$GNGGA,170514.00,3001.74366,S,05112.75097,W,1,12,0.68,49.3,M,4.8,M,,*4D
$GNGSA,M,3,18,23,25,26,28,29,31,05,12,13,,,1.32,0.68,1.13,1*0C
$GNGSA,M,3,84,83,82,80,,,,,,,,,1.32,0.68,1.13,2*06
$GNGSA,M,3,25,36,10,11,16,,,,,,,,1.32,0.68,1.13,3*06
$GNGSA,M,3,12,19,22,24,26,29,31,35,39,,,,1.32,0.68,1.13,4*09
$GPGSV,3,1,09,05,36,125,45,12,19,035,39,13,13,031,20,23,25,356,46,1*6B
$GPGSV,3,2,09,25,53,021,50,26,26,226,19,28,23,292,24,29,57,148,37,1*61
$GPGSV,3,3,09,31,21,260,29,1*53
$GPGSV,3,1,10,05,36,125,40,12,19,035,28,13,13,031,22,18,67,259,22,6*61
$GPGSV,3,2,10,23,25,356,44,25,53,021,45,26,26,226,22,28,23,292,19,6*6A
$GPGSV,3,3,10,29,57,148,29,31,21,260,24,6*6E
$GPGSV,2,1,06,13,13,031,25,18,67,259,26,23,25,356,46,25,53,021,53,8*6F
$GPGSV,2,2,06,26,26,226,20,28,23,292,25,8*6A
$GPGSV,1,1,04,15,10,059,,16,00,220,,20,01,085,,21,08,142,,0*6D
$GLGSV,2,1,08,66,00,155,09,67,16,105,14,73,58,245,24,74,15,210,16,1*73
$GLGSV,2,2,08,80,48,355,49,82,25,144,33,83,53,209,13,84,24,275,22,1*78
$GLGSV,2,1,06,73,58,245,23,79,00,017,10,80,48,355,43,82,25,144,34,3*76
$GLGSV,2,2,06,83,53,209,18,84,24,275,22,3*79
$GLGSV,1,1,01,68,10,056,,0*44
$GAGSV,2,1,07,02,32,221,11,10,36,143,38,11,65,156,28,14,22,090,27,1*78
$GAGSV,2,2,07,16,39,044,40,25,88,143,34,36,58,298,22,1*46
$GAGSV,1,1,03,10,36,143,32,16,39,044,48,25,88,143,35,5*47
$GAGSV,2,1,06,10,36,143,29,11,65,156,13,14,22,090,29,16,39,044,45,7*77
$GAGSV,2,2,06,25,88,143,37,36,58,298,23,7*7A
$GAGSV,1,1,02,12,14,138,,34,08,311,,0*76
$GBGSV,3,1,09,12,22,100,24,19,25,071,37,20,15,119,12,22,11,020,23,3*79
$GBGSV,3,2,09,24,25,230,09,26,53,283,15,29,23,119,42,35,60,180,28,3*7C
$GBGSV,3,3,09,39,30,000,47,3*47
$GBGSV,3,1,10,12,22,100,28,19,25,071,40,20,15,119,25,22,11,020,23,5*7F
$GBGSV,3,2,10,24,25,230,27,26,53,283,15,29,23,119,38,31,35,256,16,5*72
$GBGSV,3,3,10,35,60,180,22,39,30,000,46,5*71
$GBGSV,3,1,09,12,22,100,30,19,25,071,36,22,11,020,29,24,25,230,23,8*71
$GBGSV,3,2,09,26,53,283,21,29,23,119,41,31,35,256,21,35,60,180,23,8*77
$GBGSV,3,3,09,39,30,000,46,8*4D
$GBGSV,1,1,01,11,04,111,,0*43
$GNGLL,3001.74366,S,05112.75097,W,170514.00,A,A*77
$GNRMC,170515.00,A,3001.74366,S,05112.75097,W,0.044,,090926,,,A,V*11
$GNVTG,,T,,M,0.044,N,0.081,K,A*34
$GNGGA,170515.00,3001.74366,S,05112.75097,W,1,12,0.68,49.3,M,4.8,M,,*4C
$GNGSA,M,3,18,23,25,26,28,29,31,05,12,13,,,1.32,0.68,1.13,1*0C
$GNGSA,M,3,84,83,82,80,,,,,,,,,1.32,0.68,1.13,2*06
$GNGSA,M,3,25,36,10,11,16,,,,,,,,1.32,0.68,1.13,3*06
$GNGSA,M,3,12,19,22,24,26,29,31,35,39,,,,1.32,0.68,1.13,4*09
$GPGSV,3,1,09,05,36,125,45,12,19,035,39,13,13,031,19,23,25,356,46,1*61
$GPGSV,3,2,09,25,53,021,50,26,26,226,18,28,23,292,25,29,57,148,37,1*61
$GPGSV,3,3,09,31,21,260,29,1*53
$GPGSV,3,1,10,05,36,125,40,12,19,035,28,13,13,031,22,18,67,259,23,6*60
$GPGSV,3,2,10,23,25,356,44,25,53,021,45,26,26,226,23,28,23,292,20,6*61
$GPGSV,3,3,10,29,57,148,29,31,21,260,24,6*6E
$GPGSV,2,1,06,13,13,031,24,18,67,259,26,23,25,356,46,25,53,021,53,8*6E
$GPGSV,2,2,06,26,26,226,20,28,23,292,25,8*6A
$GPGSV,1,1,04,15,10,059,,16,00,220,,20,01,085,,21,08,142,,0*6D
$GLGSV,2,1,08,66,00,155,11,67,16,105,14,73,58,245,24,74,15,210,16,1*7A
$GLGSV,2,2,08,80,48,355,49,82,25,144,33,83,53,209,14,84,24,275,21,1*7C
$GLGSV,2,1,06,73,58,245,22,79,00,017,09,80,48,355,43,82,25,144,34,3*7F
$GLGSV,2,2,06,83,53,209,17,84,24,275,22,3*76
$GLGSV,1,1,01,68,10,056,,0*44
$GAGSV,2,1,07,02,32,221,10,10,36,143,38,11,65,156,28,14,22,090,27,1*79
$GAGSV,2,2,07,16,39,044,40,25,88,143,34,36,58,298,22,1*46
$GAGSV,1,1,03,10,36,143,33,16,39,044,48,25,88,143,35,5*46
$GAGSV,2,1,06,10,36,143,29,11,65,156,14,14,22,090,29,16,39,044,45,7*70
$GAGSV,2,2,06,25,88,143,37,36,58,298,23,7*7A
$GAGSV,1,1,02,12,14,138,,34,08,311,,0*76
$GBGSV,3,1,09,12,22,100,24,19,25,071,37,20,15,119,10,22,11,020,23,3*7B
$GBGSV,3,2,09,24,25,230,10,26,53,283,15,29,23,119,42,35,60,180,28,3*74
$GBGSV,3,3,09,39,30,000,48,3*48
$GBGSV,3,1,10,12,22,100,28,19,25,071,40,20,15,119,25,22,11,020,24,5*78
$GBGSV,3,2,10,24,25,230,27,26,53,283,15,29,23,119,38,31,35,256,15,5*71
$GBGSV,3,3,10,35,60,180,22,39,30,000,46,5*71
$GBGSV,3,1,09,12,22,100,31,19,25,071,36,22,11,020,29,24,25,230,23,8*70
$GBGSV,3,2,09,26,53,283,21,29,23,119,41,31,35,256,21,35,60,180,23,8*77
$GBGSV,3,3,09,39,30,000,46,8*4D
$GBGSV,1,1,01,11,04,111,,0*43
$GNGLL,3001.74366,S,05112.75097,W,170515.00,A,A*76
$GNRMC,170516.00,A,3001.74367,S,05112.75098,W,0.003,,090926,,,A,V*1F
$GNVTG,,T,,M,0.003,N,0.006,K,A*38
$GNGGA,170516.00,3001.74367,S,05112.75098,W,1,12,0.68,49.3,M,4.8,M,,*41
$GNGSA,M,3,18,23,25,26,28,29,31,05,12,13,,,1.32,0.68,1.13,1*0C
$GNGSA,M,3,84,83,82,80,,,,,,,,,1.32,0.68,1.13,2*06
$GNGSA,M,3,25,36,10,11,16,,,,,,,,1.32,0.68,1.13,3*06
$GNGSA,M,3,12,19,22,24,26,29,31,35,39,,,,1.32,0.68,1.13,4*09
$GPGSV,3,1,09,05,36,125,45,12,19,035,39,13,13,031,19,23,25,356,46,1*61
$GPGSV,3,2,09,25,53,021,50,26,26,226,16,28,23,292,25,29,57,148,37,1*6F
$GPGSV,3,3,09,31,21,260,29,1*53
$GPGSV,3,1,10,05,36,125,40,12,19,035,28,13,13,031,23,18,67,256,23,6*6E
$GPGSV,3,2,10,23,25,356,44,25,53,021,45,26,26,226,23,28,23,292,20,6*61
$GPGSV,3,3,10,29,57,148,29,31,21,260,24,6*6E
$GPGSV,2,1,06,13,13,031,24,18,67,256,26,23,25,356,46,25,53,021,53,8*61
$GPGSV,2,2,06,26,26,226,19,28,23,292,25,8*60
$GPGSV,1,1,04,15,10,059,,16,00,220,,20,01,085,,21,08,142,,0*6D
$GLGSV,3,1,09,66,00,155,11,67,16,105,14,68,10,056,16,73,58,245,23,1*75
$GLGSV,3,2,09,74,15,210,15,80,48,355,49,82,25,144,33,83,53,209,04,1*74
$GLGSV,3,3,09,84,24,275,21,1*48
$GLGSV,2,1,06,73,58,245,22,79,00,017,08,80,48,355,43,82,25,144,34,3*7E
$GLGSV,2,2,06,83,53,209,17,84,24,275,22,3*76
$GAGSV,2,1,07,02,32,221,10,10,36,143,38,11,65,156,29,14,22,090,27,1*78
$GAGSV,2,2,07,16,39,044,40,25,88,143,34,36,58,298,22,1*46
$GAGSV,1,1,03,10,36,143,32,16,39,044,48,25,88,143,35,5*47
$GAGSV,2,1,06,10,36,143,29,11,65,156,14,14,22,090,29,16,39,044,45,7*70
$GAGSV,2,2,06,25,88,143,37,36,58,298,23,7*7A
$GAGSV,1,1,02,12,14,138,,34,08,311,,0*76
$GBGSV,3,1,09,12,22,100,23,19,25,071,37,20,15,119,11,22,11,020,23,3*7D
$GBGSV,3,2,09,24,25,230,09,26,53,283,14,29,23,119,42,35,60,180,28,3*7D
$GBGSV,3,3,09,39,30,000,47,3*47
$GBGSV,3,1,10,12,22,100,28,19,25,071,40,20,15,119,25,22,11,020,23,5*7F
$GBGSV,3,2,10,24,25,230,27,26,53,283,15,29,23,119,38,31,35,256,15,5*71
$GBGSV,3,3,10,35,60,180,22,39,30,000,46,5*71
$GBGSV,3,1,09,12,22,100,30,19,25,071,36,22,11,020,29,24,25,230,23,8*71
$GBGSV,3,2,09,26,53,283,21,29,23,119,41,31,35,256,21,35,60,180,23,8*77
$GBGSV,3,3,09,39,30,000,46,8*4D
$GBGSV,1,1,01,11,04,111,,0*43
$GNGLL,3001.74367,S,05112.75098,W,170516.00,A,A*7B
$GNRMC,170517.00,A,3001.74367,S,05112.75098,W,0.027,,090926,,,A,V*18
$GNVTG,,T,,M,0.027,N,0.049,K,A*35
$GNGGA,170517.00,3001.74367,S,05112.75098,W,1,12,0.68,49.3,M,4.8,M,,*40
$GNGSA,M,3,18,23,25,26,28,29,31,05,12,13,,,1.32,0.68,1.13,1*0C
$GNGSA,M,3,84,83,82,80,,,,,,,,,1.32,0.68,1.13,2*06
$GNGSA,M,3,25,36,10,11,16,,,,,,,,1.32,0.68,1.13,3*06
$GNGSA,M,3,12,19,22,24,26,29,31,35,39,,,,1.32,0.68,1.13,4*09
$GPGSV,3,1,09,05,36,125,45,12,19,035,39,13,13,031,19,23,25,356,46,1*61
$GPGSV,3,2,09,25,53,021,50,26,26,226,14,28,23,292,25,29,57,148,37,1*6D
$GPGSV,3,3,09,31,21,260,29,1*53
$GPGSV,3,1,10,05,36,125,40,12,19,035,27,13,13,031,23,18,67,256,23,6*61
$GPGSV,3,2,10,23,25,356,44,25,53,021,45,26,26,226,24,28,23,292,20,6*66
$GPGSV,3,3,10,29,57,148,29,31,21,260,24,6*6E
$GPGSV,2,1,06,13,13,031,24,18,67,256,26,23,25,356,46,25,53,021,52,8*60
$GPGSV,2,2,06,26,26,226,20,28,23,292,25,8*6A
$GPGSV,1,1,04,15,10,059,,16,00,220,,20,01,085,,21,08,142,,0*6D
$GLGSV,3,1,09,66,00,155,13,67,16,105,15,68,10,056,17,73,58,245,22,1*76
$GLGSV,3,2,09,74,15,210,15,80,48,355,49,82,25,144,33,83,53,209,07,1*77
$GLGSV,3,3,09,84,24,275,21,1*48
$GLGSV,2,1,06,73,58,245,23,79,00,017,09,80,48,355,43,82,25,144,34,3*7E
$GLGSV,2,2,06,83,53,209,17,84,24,275,22,3*76
$GAGSV,2,1,06,10,36,143,38,11,65,156,29,14,22,090,27,16,39,044,40,1*73
$GAGSV,2,2,06,25,88,143,34,36,58,298,22,1*7E
$GAGSV,1,1,03,10,36,143,32,16,39,044,48,25,88,143,35,5*47
$GAGSV,2,1,06,10,36,143,29,11,65,156,15,14,22,090,29,16,39,044,45,7*71
$GAGSV,2,2,06,25,88,143,37,36,58,298,23,7*7A
$GAGSV,1,1,03,02,32,221,,12,14,138,,34,08,311,,0*45
$GBGSV,3,1,09,12,22,100,23,19,25,071,37,20,15,119,11,22,11,020,23,3*7D
$GBGSV,3,2,09,24,25,230,11,26,53,283,12,29,23,119,42,35,60,180,28,3*72
$GBGSV,3,3,09,39,30,000,47,3*47
$GBGSV,3,1,10,12,22,100,28,19,25,071,40,20,15,119,25,22,11,020,24,5*78
$GBGSV,3,2,10,24,25,230,27,26,53,283,14,29,23,119,38,31,35,256,15,5*70
$GBGSV,3,3,10,35,60,180,22,39,30,000,46,5*71
$GBGSV,3,1,09,12,22,100,30,19,25,071,36,22,11,020,29,24,25,230,22,8*70
$GBGSV,3,2,09,26,53,283,21,29,23,119,41,31,35,256,21,35,60,180,24,8*70
$GBGSV,3,3,09,39,30,000,46,8*4D
$GBGSV,1,1,01,11,04,111,,0*43
$GNGLL,3001.74367,S,05112.75098,W,170517.00,A,A*7A
$GNRMC,170518.00,A,3001.74367,S,05112.75099,W,0.029,,090926,,,A,V*18
$GNVTG,,T,,M,0.029,N,0.054,K,A*37
$GNGGA,170518.00,3001.74367,S,05112.75099,W,1,12,0.68,49.3,M,4.8,M,,*4E
$GNGSA,M,3,18,23,25,26,28,29,31,05,12,13,,,1.32,0.68,1.13,1*0C
$GNGSA,M,3,84,83,82,80,,,,,,,,,1.32,0.68,1.13,2*06
$GNGSA,M,3,25,36,10,11,16,,,,,,,,1.32,0.68,1.13,3*06
$GNGSA,M,3,12,19,22,24,26,29,31,35,39,,,,1.32,0.68,1.13,4*09
$GPGSV,3,1,09,05,36,125,45,12,19,035,39,13,13,031,19,23,25,356,46,1*61
$GPGSV,3,2,09,25,53,021,50,26,26,226,10,28,23,292,24,29,57,148,37,1*68
$GPGSV,3,3,09,31,21,260,29,1*53
$GPGSV,3,1,10,05,36,125,40,12,19,035,28,13,13,031,23,18,67,256,23,6*6E
$GPGSV,3,2,10,23,25,356,44,25,53,021,45,26,26,226,25,28,23,292,20,6*67
$GPGSV,3,3,10,29,57,148,29,31,21,260,24,6*6E
$GPGSV,2,1,06,13,13,031,24,18,67,256,26,23,25,356,46,25,53,021,52,8*60
$GPGSV,2,2,06,26,26,226,21,28,23,292,25,8*6B
$GPGSV,1,1,04,15,10,059,,16,00,220,,20,02,086,,21,08,142,,0*6D
$GLGSV,3,1,09,66,00,155,13,67,16,105,17,68,10,056,17,73,58,245,22,1*74
$GLGSV,3,2,09,74,15,210,16,80,48,355,49,82,25,144,34,83,53,209,11,1*74
$GLGSV,3,3,09,84,24,275,21,1*48
$GLGSV,2,1,06,73,58,245,22,79,00,017,09,80,48,355,43,82,25,144,34,3*7F
$GLGSV,2,2,06,83,53,209,17,84,24,275,22,3*76
$GAGSV,2,1,06,10,36,143,38,11,65,156,29,14,22,090,27,16,39,044,40,1*73
$GAGSV,2,2,06,25,88,143,34,36,58,298,22,1*7E
$GAGSV,1,1,03,10,36,143,33,16,39,044,48,25,88,143,35,5*46
$GAGSV,2,1,06,10,36,143,29,11,65,156,16,14,22,090,29,16,39,044,45,7*72
$GAGSV,2,2,06,25,88,143,37,36,58,298,23,7*7A
$GAGSV,1,1,03,02,32,221,,12,14,138,,34,08,311,,0*45
$GBGSV,3,1,09,12,22,100,22,19,25,071,37,20,15,119,12,22,11,020,24,3*78
$GBGSV,3,2,09,24,25,230,10,26,53,283,12,29,23,119,42,35,60,180,28,3*73
$GBGSV,3,3,09,39,30,000,48,3*48
$GBGSV,3,1,10,12,22,100,28,19,25,071,40,20,15,119,25,22,11,020,24,5*78
$GBGSV,3,2,10,24,25,230,27,26,53,283,14,29,23,119,38,31,35,256,15,5*70
$GBGSV,3,3,10,35,60,180,23,39,30,000,46,5*70
$GBGSV,3,1,09,12,22,100,29,19,25,071,36,22,11,020,29,24,25,230,22,8*78
$GBGSV,3,2,09,26,53,283,21,29,23,119,41,31,35,256,21,35,60,180,23,8*77
$GBGSV,3,3,09,39,30,000,46,8*4D
$GBGSV,1,1,01,11,04,111,,0*43
$GNGLL,3001.74367,S,05112.75099,W,170518.00,A,A*74
$GNRMC,170519.00,A,3001.74368,S,05112.75100,W,0.079,,090926,,,A,V*12
$GNVTG,,T,,M,0.079,N,0.146,K,A*30
$GNGGA,170519.00,3001.74368,S,05112.75100,W,1,12,0.68,49.2,M,4.8,M,,*40
$GNGSA,M,3,18,23,25,26,28,29,31,05,12,13,,,1.32,0.68,1.13,1*0C
$GNGSA,M,3,84,83,82,80,,,,,,,,,1.32,0.68,1.13,2*06
$GNGSA,M,3,25,36,10,11,16,,,,,,,,1.32,0.68,1.13,3*06
$GNGSA,M,3,12,19,22,24,26,29,31,35,39,,,,1.32,0.68,1.13,4*09
$GPGSV,3,1,09,05,36,125,45,12,19,035,39,13,13,031,19,23,25,356,46,1*61
$GPGSV,3,2,09,25,53,021,50,26,26,226,09,28,23,292,23,29,57,148,37,1*67
$GPGSV,3,3,09,31,21,260,29,1*53
$GPGSV,3,1,10,05,36,125,40,12,19,035,28,13,13,031,23,18,67,256,22,6*6F
$GPGSV,3,2,10,23,25,356,44,25,53,021,45,26,26,226,25,28,23,292,20,6*67
$GPGSV,3,3,10,29,57,148,29,31,21,260,25,6*6F
$GPGSV,2,1,06,13,13,031,24,18,67,256,26,23,25,356,46,25,53,021,52,8*60
$GPGSV,2,2,06,26,26,226,20,28,23,292,25,8*6A
$GPGSV,1,1,04,15,10,059,,16,00,220,,20,02,086,,21,07,142,,0*62
$GLGSV,3,1,09,66,00,155,12,67,16,105,18,68,10,056,16,73,58,245,21,1*78
$GLGSV,3,2,09,74,15,210,16,80,48,355,49,82,25,144,34,83,53,209,14,1*71
$GLGSV,3,3,09,84,24,275,20,1*49
$GLGSV,2,1,06,73,58,245,21,79,00,017,11,80,48,355,43,82,25,144,34,3*75
$GLGSV,2,2,06,83,53,209,18,84,24,275,22,3*79
$GAGSV,2,1,06,10,36,143,38,11,65,156,29,14,22,090,27,16,39,044,40,1*73
$GAGSV,2,2,06,25,88,143,34,36,58,298,21,1*7D
$GAGSV,1,1,03,10,36,143,32,16,39,044,48,25,88,143,35,5*47
$GAGSV,2,1,06,10,36,143,29,11,65,156,16,14,22,090,29,16,39,044,45,7*72
$GAGSV,2,2,06,25,88,143,37,36,58,298,23,7*7A
$GAGSV,1,1,03,02,32,221,,12,14,138,,34,08,311,,0*45
$GBGSV,3,1,09,12,22,100,22,19,25,071,37,20,15,119,13,22,11,020,24,3*79
$GBGSV,3,2,09,24,25,230,08,26,53,283,12,29,23,119,42,35,60,180,28,3*7A
$GBGSV,3,3,09,39,30,000,48,3*48
$GBGSV,3,1,10,12,22,100,28,19,25,071,40,20,15,119,25,22,11,020,24,5*78
$GBGSV,3,2,10,24,25,230,26,26,53,283,14,29,23,119,37,31,35,256,15,5*7E
$GBGSV,3,3,10,35,60,180,22,39,30,000,46,5*71
$GBGSV,3,1,09,12,22,100,29,19,25,071,37,22,11,020,29,24,25,230,22,8*79
$GBGSV,3,2,09,26,53,283,20,29,23,119,41,31,35,256,21,35,60,180,23,8*76
$GBGSV,3,3,09,39,30,000,46,8*4D
$GBGSV,1,1,01,11,04,111,,0*43
$GNGLL,3001.74368,S,05112.75100,W,170519.00,A,A*7B
$GNRMC,170520.00,A,3001.74368,S,05112.75100,W,0.043,,090926,,,A,V*11
$GNVTG,,T,,M,0.043,N,0.080,K,A*32
$GNGGA,170520.00,3001.74368,S,05112.75100,W,1,12,0.68,49.2,M,4.8,M,,*4A
$GNGSA,M,3,18,23,25,26,28,29,31,05,12,13,,,1.32,0.68,1.13,1*0C
$GNGSA,M,3,84,83,82,80,,,,,,,,,1.32,0.68,1.13,2*06
$GNGSA,M,3,25,36,10,11,16,,,,,,,,1.32,0.68,1.13,3*06
$GNGSA,M,3,12,19,22,24,26,29,31,35,39,,,,1.32,0.68,1.13,4*09
$GPGSV,3,1,09,05,36,125,45,12,19,035,39,13,13,031,19,23,25,356,46,1*61
$GPGSV,3,2,09,25,53,021,50,26,26,226,08,28,23,292,23,29,57,148,37,1*66
$GPGSV,3,3,09,31,21,260,29,1*53
$GPGSV,3,1,10,05,36,125,40,12,19,035,28,13,13,031,23,18,67,256,22,6*6F
$GPGSV,3,2,10,23,25,356,44,25,53,021,45,26,26,226,24,28,23,292,21,6*67
$GPGSV,3,3,10,29,57,148,29,31,21,260,25,6*6F
$GPGSV,2,1,06,13,13,031,25,18,67,256,26,23,25,356,46,25,53,021,52,8*61
$GPGSV,2,2,06,26,26,226,20,28,23,292,25,8*6A
$GPGSV,1,1,04,15,10,059,,16,00,220,,20,02,086,,21,07,142,,0*62
$GLGSV,3,1,09,66,00,155,10,67,16,105,19,68,10,056,17,73,58,245,20,1*7B
$GLGSV,3,2,09,74,15,210,17,80,48,355,49,82,25,144,33,83,53,209,15,1*76
$GLGSV,3,3,09,84,24,275,20,1*49
$GLGSV,2,1,06,73,58,245,21,79,00,017,09,80,48,355,43,82,25,144,34,3*7C
$GLGSV,2,2,06,83,53,209,18,84,24,275,23,3*78
$GAGSV,2,1,07,10,36,143,38,11,65,156,29,14,22,090,27,16,39,044,40,1*72
$GAGSV,2,2,07,25,88,143,34,34,08,311,17,36,58,298,21,1*46
$GAGSV,1,1,03,10,36,143,33,16,39,044,48,25,88,143,35,5*46
$GAGSV,2,1,06,10,36,143,29,11,65,156,17,14,22,090,29,16,39,044,45,7*73
$GAGSV,2,2,06,25,88,143,37,36,58,298,23,7*7A
$GAGSV,1,1,02,02,32,221,,12,14,138,,0*78
$GBGSV,3,1,09,12,22,100,22,19,25,071,37,20,15,119,15,22,11,020,24,3*7F
$GBGSV,3,2,09,24,25,230,11,26,53,283,11,29,23,119,42,35,60,180,28,3*71
$GBGSV,3,3,09,39,30,000,47,3*47
$GBGSV,3,1,10,12,22,100,28,19,25,071,40,20,15,119,25,22,11,020,23,5*7F
$GBGSV,3,2,10,24,25,230,26,26,53,283,12,29,23,119,38,31,35,256,14,5*76
$GBGSV,3,3,10,35,60,180,22,39,30,000,46,5*71
$GBGSV,3,1,09,12,22,100,29,19,25,071,37,22,11,020,29,24,25,230,22,8*79
$GBGSV,3,2,09,26,53,283,21,29,23,119,41,31,35,256,21,35,60,180,23,8*77
$GBGSV,3,3,09,39,30,000,46,8*4D
$GBGSV,1,1,01,11,04,111,,0*43
$GNGLL,3001.74368,S,05112.75100,W,170520.00,A,A*71
$GNRMC,170521.00,A,3001.74369,S,05112.75101,W,0.033,,090926,,,A,V*17
$GNVTG,,T,,M,0.033,N,0.060,K,A*3B
$GNGGA,170521.00,3001.74369,S,05112.75101,W,1,12,0.68,49.2,M,4.8,M,,*4B
$GNGSA,M,3,18,23,25,26,28,29,31,05,12,13,,,1.32,0.68,1.13,1*0C
$GNGSA,M,3,84,83,82,80,,,,,,,,,1.32,0.68,1.13,2*06
$GNGSA,M,3,25,36,10,11,16,,,,,,,,1.32,0.68,1.13,3*06
$GNGSA,M,3,12,19,22,24,26,29,31,35,39,,,,1.32,0.68,1.13,4*09
$GPGSV,3,1,09,05,36,125,45,12,19,035,39,13,13,031,18,23,26,356,46,1*63
$GPGSV,3,2,09,25,53,021,50,26,26,226,08,28,23,292,22,29,57,148,37,1*67
$GPGSV,3,3,09,31,21,260,29,1*53
$GPGSV,3,1,10,05,36,125,40,12,19,035,28,13,13,031,23,18,67,256,22,6*6F
$GPGSV,3,2,10,23,26,356,44,25,53,021,45,26,26,226,25,28,23,292,21,6*65
$GPGSV,3,3,10,29,57,148,29,31,21,260,25,6*6F
$GPGSV,2,1,06,13,13,031,25,18,67,256,26,23,26,356,46,25,53,021,53,8*63
$GPGSV,2,2,06,26,26,226,19,28,23,292,25,8*60
$GPGSV,1,1,04,15,10,059,,16,00,220,,20,02,086,,21,07,142,,0*62
$GLGSV,2,1,08,67,16,105,20,68,10,056,16,73,58,245,19,74,15,210,16,1*79
$GLGSV,2,2,08,80,48,355,49,82,25,144,34,83,53,209,15,84,24,275,20,1*7B
$GLGSV,2,1,07,68,10,056,18,73,58,245,21,79,00,017,08,80,48,355,43,3*72
$GLGSV,2,2,07,82,25,144,34,83,53,209,19,84,24,275,22,3*42
$GLGSV,1,1,01,66,00,155,,0*49
$GAGSV,2,1,07,10,36,143,38,11,65,156,29,14,22,090,27,16,39,044,40,1*72
$GAGSV,2,2,07,25,88,143,34,34,08,311,16,36,58,298,21,1*47
$GAGSV,1,1,03,10,36,143,33,16,39,044,48,25,88,143,35,5*46
$GAGSV,2,1,06,10,36,143,29,11,65,156,16,14,22,090,29,16,39,044,45,7*72
$GAGSV,2,2,06,25,88,143,37,36,58,298,23,7*7A
$GAGSV,1,1,02,02,32,221,,12,14,138,,0*78
$GBGSV,3,1,09,12,22,100,22,19,25,071,37,20,15,119,15,22,11,020,23,3*78
$GBGSV,3,2,09,24,25,230,11,26,53,283,12,29,23,119,42,35,60,180,28,3*72
$GBGSV,3,3,09,39,30,000,48,3*48
$GBGSV,3,1,10,12,22,100,28,19,25,071,40,20,15,119,25,22,11,020,23,5*7F
$GBGSV,3,2,10,24,25,230,27,26,53,283,12,29,23,119,38,31,35,256,15,5*76
$GBGSV,3,3,10,35,60,180,22,39,30,000,46,5*71
$GBGSV,3,1,09,12,22,100,29,19,25,071,37,22,11,020,29,24,25,230,23,8*78
$GBGSV,3,2,09,26,53,283,20,29,23,119,41,31,35,256,21,35,60,180,23,8*76
$GBGSV,3,3,09,39,30,000,46,8*4D
$GBGSV,1,1,01,11,04,111,,0*43
$GNGLL,3001.74369,S,05112.75101,W,170521.00,A,A*70
$GNRMC,170522.00,A,3001.74369,S,05112.75101,W,0.025,,090926,,,A,V*13
$GNVTG,,T,,M,0.025,N,0.045,K,A*3B
$GNGGA,170522.00,3001.74369,S,05112.75101,W,1,12,0.89,49.2,M,4.8,M,,*47
$GNGSA,M,3,18,23,25,26,28,29,31,05,12,13,,,1.71,0.89,1.45,1*07
$GNGSA,M,3,84,83,82,80,,,,,,,,,1.71,0.89,1.45,2*0D
$GNGSA,M,3,25,36,10,11,16,,,,,,,,1.71,0.89,1.45,3*0D
$GNGSA,M,3,12,19,22,24,26,29,31,35,39,,,,1.71,0.89,1.45,4*02
$GPGSV,3,1,09,05,36,125,45,12,19,035,39,13,13,031,18,23,26,356,46,1*63
$GPGSV,3,2,09,25,53,021,50,26,26,226,09,28,23,292,22,29,57,148,37,1*66
$GPGSV,3,3,09,31,21,260,29,1*53
$GPGSV,3,1,10,05,36,125,40,12,19,035,27,13,13,031,24,18,67,256,22,6*67
$GPGSV,3,2,10,23,26,356,44,25,53,021,45,26,26,226,25,28,23,292,21,6*65
$GPGSV,3,3,10,29,57,148,29,31,21,260,25,6*6F
$GPGSV,2,1,06,13,13,031,25,18,67,256,26,23,26,356,46,25,53,021,53,8*63
$GPGSV,2,2,06,26,26,226,19,28,23,292,25,8*60
$GPGSV,1,1,04,15,10,059,,16,00,220,,20,02,086,,21,07,142,,0*62
$GLGSV,2,1,08,67,16,105,20,68,10,056,15,73,58,245,17,74,15,210,16,1*74
$GLGSV,2,2,08,80,48,355,49,82,25,144,34,83,53,209,15,84,24,275,19,1*71
$GLGSV,2,1,07,68,10,056,18,73,58,245,21,79,00,017,08,80,48,355,43,3*72
$GLGSV,2,2,07,82,25,144,34,83,53,209,19,84,24,275,23,3*43
$GLGSV,1,1,01,66,00,155,,0*49
$GAGSV,2,1,07,10,36,143,38,11,65,156,29,14,22,090,27,16,39,044,40,1*72
$GAGSV,2,2,07,25,88,143,34,34,08,311,17,36,58,298,21,1*46
$GAGSV,1,1,03,10,36,143,32,16,39,044,48,25,88,143,35,5*47
$GAGSV,2,1,06,10,36,143,29,11,65,156,16,14,22,090,29,16,39,044,45,7*72
$GAGSV,2,2,06,25,88,143,37,36,58,298,23,7*7A
$GAGSV,1,1,02,02,32,221,,12,14,138,,0*78
$GBGSV,3,1,09,12,22,100,21,19,25,071,37,20,15,119,14,22,11,020,23,3*7A
$GBGSV,3,2,09,24,25,230,08,26,53,283,12,29,23,119,42,35,60,180,28,3*7A
$GBGSV,3,3,09,39,30,000,47,3*47
$GBGSV,3,1,10,12,22,100,28,19,25,071,40,20,15,119,25,22,11,020,23,5*7F
$GBGSV,3,2,10,24,25,230,27,26,53,283,12,29,23,119,38,31,35,256,16,5*75
$GBGSV,3,3,10,35,60,180,23,39,30,000,46,5*70
$GBGSV,3,1,09,12,22,100,28,19,25,071,37,22,11,020,29,24,25,230,23,8*79
$GBGSV,3,2,09,26,53,283,20,29,23,119,41,31,35,256,20,35,60,180,23,8*77
$GBGSV,3,3,09,39,30,000,46,8*4D
$GBGSV,1,1,01,11,04,111,,0*43
$GNGLL,3001.74369,S,05112.75101,W,170522.00,A,A*73
$GNRMC,170523.00,A,3001.74369,S,05112.75101,W,0.021,,090926,,,A,V*16
$GNVTG,,T,,M,0.021,N,0.039,K,A*34
$GNGGA,170523.00,3001.74369,S,05112.75101,W,1,12,0.89,49.2,M,4.8,M,,*46
$GNGSA,M,3,18,23,25,26,28,29,31,05,12,13,,,1.71,0.89,1.45,1*07
$GNGSA,M,3,84,83,82,80,,,,,,,,,1.71,0.89,1.45,2*0D
$GNGSA,M,3,25,36,10,11,16,,,,,,,,1.71,0.89,1.45,3*0D
$GNGSA,M,3,12,19,22,24,26,29,31,35,39,,,,1.71,0.89,1.45,4*02
$GPGSV,3,1,09,05,36,125,45,12,19,035,39,13,13,031,18,23,26,356,46,1*63
$GPGSV,3,2,09,25,52,020,50,26,26,226,10,28,23,292,21,29,57,148,37,1*6D
$GPGSV,3,3,09,31,21,260,29,1*53
$GPGSV,3,1,10,05,36,125,40,12,19,035,28,13,13,031,24,18,67,256,22,6*68
$GPGSV,3,2,10,23,26,356,44,25,52,020,45,26,26,226,25,28,23,292,22,6*66
$GPGSV,3,3,10,29,57,148,29,31,21,260,25,6*6F
$GPGSV,2,1,06,13,13,031,25,18,67,256,26,23,26,356,46,25,52,020,52,8*62
$GPGSV,2,2,06,26,26,226,19,28,23,292,26,8*63
$GPGSV,1,1,04,15,10,059,,16,00,220,,20,02,086,,21,07,142,,0*62
$GLGSV,3,1,09,66,00,155,21,67,16,105,19,68,10,056,14,73,58,245,16,1*7F
$GLGSV,3,2,09,74,15,210,23,80,48,355,49,82,25,144,34,83,53,209,15,1*76
$GLGSV,3,3,09,84,24,275,19,1*43
$GLGSV,2,1,07,68,10,056,18,73,58,245,19,79,00,017,12,80,48,355,43,3*72
$GLGSV,2,2,07,82,25,144,34,83,53,209,20,84,24,275,24,3*4E
$GAGSV,2,1,07,10,36,143,38,11,65,156,29,14,22,090,27,16,39,044,40,1*72
$GAGSV,2,2,07,25,88,143,34,34,08,311,17,36,58,298,21,1*46
$GAGSV,1,1,03,10,36,143,32,16,39,044,49,25,88,143,35,5*46
$GAGSV,2,1,06,10,36,143,29,11,65,156,15,14,22,090,29,16,39,044,45,7*71
$GAGSV,2,2,06,25,88,143,37,36,58,298,24,7*7D
$GAGSV,1,1,02,02,32,221,,12,14,138,,0*78
$GBGSV,3,1,09,12,22,100,21,19,25,071,37,20,15,119,14,22,11,020,23,3*7A
$GBGSV,3,2,09,24,25,230,09,26,53,283,13,29,23,119,42,35,60,180,28,3*7A
$GBGSV,3,3,09,39,30,000,47,3*47
$GBGSV,3,1,10,12,22,100,28,19,25,071,40,20,15,119,24,22,11,020,23,5*7E
$GBGSV,3,2,10,24,25,230,26,26,53,283,12,29,23,119,38,31,35,256,16,5*74
$GBGSV,3,3,10,35,60,180,23,39,30,000,46,5*70
$GBGSV,3,1,09,12,22,100,28,19,25,071,36,22,11,020,29,24,25,230,22,8*79
$GBGSV,3,2,09,26,53,283,20,29,23,119,41,31,35,256,20,35,60,180,23,8*77
$GBGSV,3,3,09,39,30,000,46,8*4D
$GBGSV,1,1,01,11,04,111,,0*43
$GNGLL,3001.74369,S,05112.75101,W,170523.00,A,A*72
$GNRMC,170524.00,A,3001.74369,S,05112.75102,W,0.053,,090926,,,A,V*17
$GNVTG,,T,,M,0.053,N,0.098,K,A*3A
$GNGGA,170524.00,3001.74369,S,05112.75102,W,1,12,0.89,49.2,M,4.8,M,,*42
$GNGSA,M,3,18,23,25,26,28,29,31,05,12,13,,,1.71,0.89,1.46,1*04
$GNGSA,M,3,84,83,82,80,,,,,,,,,1.71,0.89,1.46,2*0E
$GNGSA,M,3,25,36,10,11,16,,,,,,,,1.71,0.89,1.46,3*0E
$GNGSA,M,3,12,19,22,24,26,29,31,35,39,,,,1.71,0.89,1.46,4*01
$GPGSV,3,1,09,05,36,125,45,12,19,035,39,13,13,031,17,23,26,356,46,1*6C
$GPGSV,3,2,09,25,52,020,50,26,27,226,14,28,23,292,21,29,57,148,37,1*68
$GPGSV,3,3,09,31,21,260,29,1*53
$GPGSV,3,1,10,05,36,125,40,12,19,035,28,13,13,031,24,18,67,256,21,6*6B
$GPGSV,3,2,10,23,26,356,44,25,52,020,45,26,27,226,25,28,23,292,22,6*67
$GPGSV,3,3,10,29,57,148,29,31,21,260,26,6*6C
$GPGSV,2,1,06,13,13,031,25,18,67,256,26,23,26,356,46,25,52,020,52,8*62
$GPGSV,2,2,06,26,27,226,18,28,23,292,26,8*63
$GPGSV,1,1,04,15,10,059,,16,00,220,,20,02,086,,21,07,142,,0*62
$GLGSV,3,1,09,66,00,155,18,67,16,105,20,68,10,056,14,73,58,245,16,1*7F
$GLGSV,3,2,09,74,15,210,21,80,48,355,49,82,25,144,34,83,53,209,15,1*74
$GLGSV,3,3,09,84,24,275,17,1*4D
$GLGSV,2,1,07,68,10,056,19,73,58,245,19,79,00,017,10,80,48,355,43,3*71
$GLGSV,2,2,07,82,25,144,34,83,53,209,20,84,24,275,24,3*4E
$GAGSV,2,1,07,10,36,143,38,11,65,156,29,14,22,090,26,16,39,044,40,1*73
$GAGSV,2,2,07,25,88,143,34,34,08,311,17,36,58,298,21,1*46
$GAGSV,1,1,03,10,36,143,32,16,39,044,49,25,88,143,35,5*46
$GAGSV,2,1,06,10,36,143,29,11,65,156,15,14,22,090,30,16,39,044,45,7*79
$GAGSV,2,2,06,25,88,143,37,36,58,298,24,7*7D
$GAGSV,1,1,02,02,32,221,,12,14,138,,0*78
$GBGSV,3,1,09,12,22,100,20,19,25,071,37,20,15,119,13,22,11,020,23,3*7C
$GBGSV,3,2,09,24,25,230,12,26,53,283,13,29,23,119,42,35,60,180,28,3*70
$GBGSV,3,3,09,39,30,000,47,3*47
$GBGSV,3,1,10,12,22,100,28,19,25,071,41,20,15,119,25,22,11,020,23,5*7E
$GBGSV,3,2,10,24,25,230,26,26,53,283,12,29,23,119,37,31,35,256,16,5*7B
$GBGSV,3,3,10,35,60,180,23,39,30,000,46,5*70
$GBGSV,3,1,09,12,22,100,28,19,25,071,36,22,11,020,29,24,25,230,22,8*79
$GBGSV,3,2,09,26,53,283,20,29,23,119,41,31,35,256,19,35,60,180,23,8*7D
$GBGSV,3,3,09,39,30,000,46,8*4D
$GBGSV,1,1,01,11,04,111,,0*43
$GNGLL,3001.74369,S,05112.75102,W,170524.00,A,A*76
$GNRMC,170525.00,A,3001.74369,S,05112.75102,W,0.001,,090926,,,A,V*11
$GNVTG,,T,,M,0.001,N,0.002,K,A*3E
$GNGGA,170525.00,3001.74369,S,05112.75102,W,1,12,0.89,49.2,M,4.8,M,,*43
$GNGSA,M,3,18,23,25,26,28,29,31,05,12,13,,,1.71,0.89,1.46,1*04
$GNGSA,M,3,84,83,82,80,,,,,,,,,1.71,0.89,1.46,2*0E
$GNGSA,M,3,25,36,10,11,16,,,,,,,,1.71,0.89,1.46,3*0E
$GNGSA,M,3,12,19,22,24,26,29,31,35,39,,,,1.71,0.89,1.46,4*01
$GPGSV,3,1,09,05,36,125,45,12,19,035,39,13,13,031,17,23,26,356,46,1*6C
$GPGSV,3,2,09,25,52,020,50,26,27,226,13,28,23,292,21,29,57,148,37,1*6F
$GPGSV,3,3,09,31,21,260,29,1*53
$GPGSV,3,1,10,05,36,125,40,12,19,035,28,13,13,031,24,18,67,256,21,6*6B
$GPGSV,3,2,10,23,26,356,44,25,52,020,45,26,27,226,26,28,23,292,22,6*64
$GPGSV,3,3,10,29,57,148,29,31,21,260,26,6*6C
$GPGSV,2,1,06,13,13,031,25,18,67,256,26,23,26,356,46,25,52,020,52,8*62
$GPGSV,2,2,06,26,27,226,17,28,23,292,26,8*6C
$GPGSV,1,1,04,15,10,059,,16,00,220,,20,02,086,,21,07,142,,0*62
$GLGSV,3,1,09,66,00,155,15,67,16,105,20,68,10,056,13,73,58,245,15,1*76
$GLGSV,3,2,09,74,15,210,20,80,48,355,49,82,25,144,34,83,53,209,15,1*75
$GLGSV,3,3,09,84,24,275,17,1*4D
$GLGSV,2,1,07,68,10,056,19,73,58,245,18,79,00,017,06,80,48,355,43,3*77
$GLGSV,2,2,07,82,25,144,34,83,53,209,21,84,24,275,24,3*4F
$GAGSV,2,1,07,10,36,143,38,11,65,156,29,14,22,090,26,16,39,044,40,1*73
$GAGSV,2,2,07,25,88,143,34,34,08,311,17,36,58,297,21,1*49
$GAGSV,1,1,03,10,36,143,32,16,39,044,49,25,88,143,35,5*46
$GAGSV,2,1,06,10,36,143,28,11,65,156,15,14,22,090,29,16,39,044,45,7*70
$GAGSV,2,2,06,25,88,143,37,36,58,297,24,7*72
$GAGSV,1,1,02,02,32,221,,12,14,138,,0*78
$GBGSV,3,1,09,12,22,100,20,19,25,071,37,20,15,119,13,22,11,020,23,3*7C
$GBGSV,3,2,09,24,25,230,14,26,53,283,11,29,23,119,42,35,60,180,28,3*74
$GBGSV,3,3,09,39,30,000,47,3*47
$GBGSV,3,1,10,12,22,100,28,19,25,071,40,20,15,119,24,22,11,020,23,5*7E
$GBGSV,3,2,10,24,25,230,26,26,53,283,12,29,23,119,37,31,35,256,15,5*78
$GBGSV,3,3,10,35,60,180,22,39,30,000,46,5*71
$GBGSV,3,1,10,12,22,100,28,19,25,071,36,20,15,119,16,22,11,020,29,8*79
$GBGSV,3,2,10,24,25,230,22,26,53,283,21,29,23,119,41,31,35,256,19,8*7C
$GBGSV,3,3,10,35,60,180,23,39,30,000,46,8*7D
$GBGSV,1,1,01,11,04,111,,0*43
$GNGLL,3001.74369,S,05112.75102,W,170525.00,A,A*77
$GNRMC,170526.00,A,3001.74369,S,05112.75102,W,0.014,,090926,,,A,V*16
$GNVTG,,T,,M,0.014,N,0.026,K,A*3C
$GNGGA,170526.00,3001.74369,S,05112.75102,W,1,12,0.89,49.2,M,4.8,M,,*40
$GNGSA,M,3,18,23,25,26,28,29,31,05,12,13,,,1.71,0.89,1.46,1*04
$GNGSA,M,3,84,83,82,80,,,,,,,,,1.71,0.89,1.46,2*0E
$GNGSA,M,3,25,36,10,11,16,,,,,,,,1.71,0.89,1.46,3*0E
$GNGSA,M,3,12,19,22,24,26,29,31,35,39,,,,1.71,0.89,1.46,4*01
$GPGSV,3,1,09,05,36,125,45,12,19,035,39,13,13,031,16,23,26,356,46,1*6D
$GPGSV,3,2,09,25,52,020,50,26,27,226,13,28,22,293,20,29,57,148,37,1*6E
$GPGSV,3,3,09,31,21,260,29,1*53
$GPGSV,3,1,10,05,36,125,40,12,19,035,28,13,13,031,24,18,67,256,22,6*68
$GPGSV,3,2,10,23,26,356,44,25,52,020,45,26,27,226,26,28,22,293,21,6*67
$GPGSV,3,3,10,29,57,148,29,31,21,260,26,6*6C
$GPGSV,2,1,06,13,13,031,25,18,67,256,26,23,26,356,46,25,52,020,52,8*62
$GPGSV,2,2,06,26,27,226,17,28,22,293,26,8*6C
$GPGSV,1,1,04,15,10,059,,16,00,220,,20,02,086,,21,07,142,,0*62
$GLGSV,3,1,09,66,00,155,12,67,16,105,21,68,10,056,13,73,58,245,13,1*76
$GLGSV,3,2,09,74,15,210,19,80,48,355,49,82,25,144,34,83,53,209,15,1*7F
$GLGSV,3,3,09,84,24,275,16,1*4C
$GLGSV,2,1,08,67,16,105,18,68,10,056,19,73,58,245,18,79,00,017,11,3*75
$GLGSV,2,2,08,80,48,355,43,82,25,144,34,83,53,209,21,84,24,275,23,3*77
$GAGSV,2,1,07,10,36,143,38,11,65,156,29,14,22,090,26,16,39,044,40,1*73
$GAGSV,2,2,07,25,88,143,34,34,08,311,17,36,58,297,21,1*49
$GAGSV,1,1,03,10,36,143,32,16,39,044,49,25,88,143,35,5*46
$GAGSV,2,1,06,10,36,143,28,11,65,156,16,14,22,090,29,16,39,044,45,7*73
$GAGSV,2,2,06,25,88,143,37,36,58,297,23,7*75
$GAGSV,1,1,02,02,32,221,,12,14,138,,0*78
$GBGSV,3,1,09,12,22,100,19,19,25,071,37,20,15,119,12,22,11,020,23,3*77
$GBGSV,3,2,09,24,25,230,14,26,53,283,11,29,23,119,42,35,60,180,28,3*74
$GBGSV,3,3,09,39,30,000,47,3*47
$GBGSV,3,1,10,12,22,100,28,19,25,071,41,20,15,119,25,22,11,020,23,5*7E
$GBGSV,3,2,10,24,25,230,26,26,53,283,11,29,23,119,37,31,35,256,14,5*7A
$GBGSV,3,3,10,35,60,180,22,39,30,000,46,5*71
$GBGSV,3,1,10,12,22,100,27,19,25,071,36,20,15,119,16,22,11,020,29,8*76
$GBGSV,3,2,10,24,25,230,22,26,53,283,21,29,23,119,41,31,35,256,19,8*7C
$GBGSV,3,3,10,35,60,180,22,39,30,000,46,8*7C
$GBGSV,1,1,01,11,04,111,,0*43
$GNGLL,3001.74369,S,05112.75102,W,170526.00,A,A*74
$GNRMC,170527.00,A,3001.74370,S,05112.75102,W,0.010,,090926,,,A,V*1B
$GNVTG,,T,,M,0.010,N,0.018,K,A*35
$GNGGA,170527.00,3001.74370,S,05112.75102,W,1,12,0.89,49.2,M,4.8,M,,*49
$GNGSA,M,3,18,23,25,26,28,29,31,05,12,13,,,1.71,0.89,1.46,1*04
$GNGSA,M,3,84,83,82,80,,,,,,,,,1.71,0.89,1.46,2*0E
$GNGSA,M,3,25,36,10,11,16,,,,,,,,1.71,0.89,1.46,3*0E
$GNGSA,M,3,12,19,22,24,26,29,31,35,39,,,,1.71,0.89,1.46,4*01
$GPGSV,3,1,09,05,36,125,45,12,19,035,39,13,13,031,14,23,26,356,46,1*6F
$GPGSV,3,2,09,25,52,020,50,26,27,226,13,28,22,293,18,29,57,147,37,1*6A
$GPGSV,3,3,09,31,21,260,29,1*53
$GPGSV,3,1,10,05,36,125,40,12,19,035,28,13,13,031,23,18,67,256,22,6*6F
$GPGSV,3,2,10,23,26,356,44,25,52,020,45,26,27,226,25,28,22,293,21,6*64
$GPGSV,3,3,10,29,57,147,28,31,21,260,26,6*62
$GPGSV,2,1,06,13,13,031,25,18,67,256,26,23,26,356,46,25,52,020,52,8*62
$GPGSV,2,2,06,26,27,226,16,28,22,293,26,8*6D
$GPGSV,1,1,04,15,10,059,,16,00,220,,20,02,086,,21,07,142,,0*62
$GLGSV,3,1,09,66,00,155,13,67,16,105,22,68,10,056,15,73,58,245,13,1*72
$GLGSV,3,2,09,74,15,210,19,80,48,355,49,82,25,144,34,83,53,209,13,1*79
$GLGSV,3,3,09,84,24,275,16,1*4C
$GLGSV,2,1,08,67,16,105,19,68,10,056,18,73,58,245,18,79,00,017,08,3*7D
$GLGSV,2,2,08,80,48,355,43,82,25,144,34,83,53,209,21,84,24,275,23,3*77
$GAGSV,2,1,07,10,36,143,38,11,65,156,29,14,22,090,27,16,39,044,40,1*72
$GAGSV,2,2,07,25,88,143,34,34,08,311,17,36,58,297,20,1*48
$GAGSV,1,1,03,10,36,143,32,16,39,044,49,25,88,143,35,5*46
$GAGSV,2,1,06,10,36,143,28,11,65,156,16,14,22,090,29,16,39,044,45,7*73
$GAGSV,2,2,06,25,88,143,37,36,58,297,23,7*75
$GAGSV,1,1,02,02,32,221,,12,14,138,,0*78
$GBGSV,3,1,09,12,22,100,18,19,25,071,37,20,15,119,11,22,11,020,22,3*74
$GBGSV,3,2,09,24,25,230,14,26,53,283,10,29,23,119,42,35,60,180,27,3*7A
$GBGSV,3,3,09,39,30,000,47,3*47
$GBGSV,3,1,10,12,22,100,28,19,25,071,41,20,15,119,24,22,11,020,23,5*7F
$GBGSV,3,2,10,24,25,230,26,26,53,283,12,29,23,119,37,31,35,256,13,5*7E
$GBGSV,3,3,10,35,60,180,22,39,30,000,46,5*71
$GBGSV,3,1,10,12,22,100,27,19,25,071,36,20,15,119,16,22,11,020,29,8*76
$GBGSV,3,2,10,24,25,230,22,26,53,283,20,29,23,119,41,31,35,256,19,8*7D
$GBGSV,3,3,10,35,60,180,22,39,30,000,46,8*7C
$GBGSV,1,1,01,11,04,111,,0*43
$GNGLL,3001.74370,S,05112.75102,W,170527.00,A,A*7D
$GNRMC,170528.00,A,3001.74370,S,05112.75102,W,0.035,,090926,,,A,V*13
$GNVTG,,T,,M,0.035,N,0.065,K,A*38
$GNGGA,170528.00,3001.74370,S,05112.75102,W,1,12,0.89,49.2,M,4.8,M,,*46
$GNGSA,M,3,18,23,25,26,28,29,31,05,12,13,,,1.71,0.89,1.46,1*04
$GNGSA,M,3,84,83,82,80,,,,,,,,,1.71,0.89,1.46,2*0E
$GNGSA,M,3,25,36,10,11,16,,,,,,,,1.71,0.89,1.46,3*0E
$GNGSA,M,3,12,19,22,24,26,29,31,35,39,,,,1.71,0.89,1.46,4*01
$GPGSV,3,1,09,05,36,125,45,12,19,035,39,13,13,031,14,23,26,356,46,1*6F
$GPGSV,3,2,09,25,52,020,50,26,27,226,07,28,22,293,17,29,57,147,37,1*60
$GPGSV,3,3,09,31,21,260,29,1*53
$GPGSV,3,1,10,05,36,125,40,12,19,035,28,13,13,031,23,18,67,256,22,6*6F
$GPGSV,3,2,10,23,26,356,44,25,52,020,45,26,27,226,25,28,22,293,21,6*64
$GPGSV,3,3,10,29,57,147,29,31,21,260,25,6*60
$GPGSV,2,1,06,13,13,031,25,18,67,256,26,23,26,356,46,25,52,020,52,8*62
$GPGSV,2,2,06,26,27,226,14,28,22,293,26,8*6F
$GPGSV,1,1,04,15,10,059,,16,00,220,,20,02,086,,21,07,142,,0*62
$GLGSV,3,1,09,66,00,155,13,67,16,105,22,68,10,056,15,73,58,245,13,1*72
$GLGSV,3,2,09,74,15,210,20,80,48,355,49,82,25,144,34,83,53,209,11,1*71
$GLGSV,3,3,09,84,24,275,17,1*4D
$GLGSV,2,1,08,67,16,105,19,68,10,056,18,73,58,245,18,79,00,017,10,3*74
$GLGSV,2,2,08,80,48,355,43,82,25,144,33,83,53,209,21,84,24,275,22,3*71
$GAGSV,2,1,07,10,36,143,38,11,65,156,29,14,22,090,27,16,39,044,40,1*72
$GAGSV,2,2,07,25,88,143,34,34,08,311,17,36,58,297,20,1*48
$GAGSV,1,1,03,10,36,143,32,16,39,044,49,25,88,143,35,5*46
$GAGSV,2,1,06,10,36,143,28,11,65,156,16,14,22,090,29,16,39,044,45,7*73
$GAGSV,2,2,06,25,88,143,37,36,58,297,24,7*72
$GAGSV,1,1,02,02,32,221,,12,14,138,,0*78
$GBGSV,3,1,09,12,22,100,18,19,25,071,37,20,15,119,09,22,11,020,22,3*7D
$GBGSV,3,2,09,24,25,230,11,26,53,283,09,29,23,119,41,35,60,180,28,3*7B
$GBGSV,3,3,09,39,30,000,47,3*47
$GBGSV,3,1,10,12,22,100,28,19,25,071,40,20,15,119,23,22,11,020,23,5*79
$GBGSV,3,2,10,24,25,230,26,26,53,283,12,29,23,119,37,31,35,256,14,5*79
$GBGSV,3,3,10,35,60,180,22,39,30,000,46,5*71
$GBGSV,3,1,10,12,22,100,26,19,25,071,37,20,15,119,16,22,11,020,29,8*76
$GBGSV,3,2,10,24,25,230,22,26,53,283,20,29,23,119,41,31,35,256,18,8*7C
$GBGSV,3,3,10,35,60,180,22,39,30,000,46,8*7C
$GBGSV,1,1,01,11,04,111,,0*43
$GNGLL,3001.74370,S,05112.75102,W,170528.00,A,A*72
$GNRMC,170529.00,A,3001.74370,S,05112.75103,W,0.042,,090926,,,A,V*13
$GNVTG,,T,,M,0.042,N,0.077,K,A*3B
$GNGGA,170529.00,3001.74370,S,05112.75103,W,1,12,0.88,49.2,M,4.8,M,,*47
$GNGSA,M,3,18,23,25,26,28,29,31,05,12,13,,,1.64,0.88,1.39,1*09
$GNGSA,M,3,84,83,82,80,,,,,,,,,1.64,0.88,1.39,2*03
$GNGSA,M,3,25,36,10,11,16,,,,,,,,1.64,0.88,1.39,3*03
$GNGSA,M,3,12,19,20,22,24,26,29,31,35,39,,,1.64,0.88,1.39,4*0E
$GPGSV,3,1,09,05,36,125,45,12,19,035,39,13,13,031,13,23,26,356,46,1*68
$GPGSV,3,2,09,25,52,020,50,26,27,226,09,28,22,293,16,29,57,147,37,1*6F
$GPGSV,3,3,09,31,21,261,28,1*53
$GPGSV,3,1,10,05,36,125,40,12,19,035,28,13,13,031,23,18,67,256,22,6*6F
$GPGSV,3,2,10,23,26,356,44,25,52,020,45,26,27,226,25,28,22,293,20,6*65
$GPGSV,3,3,10,29,57,147,29,31,21,261,25,6*61
$GPGSV,2,1,06,13,13,031,25,18,67,256,26,23,26,356,45,25,52,020,52,8*61
$GPGSV,2,2,06,26,27,226,13,28,22,293,26,8*68
$GPGSV,1,1,04,15,10,059,,16,00,220,,20,02,086,,21,07,142,,0*62
$GLGSV,3,1,09,66,00,155,11,67,16,105,22,68,10,056,16,73,58,245,13,1*73
$GLGSV,3,2,09,74,15,210,19,80,48,355,49,82,25,144,34,83,53,209,12,1*78
$GLGSV,3,3,09,84,24,275,16,1*4C
$GLGSV,2,1,08,67,16,105,19,68,10,056,19,73,58,245,18,79,00,017,10,3*75
$GLGSV,2,2,08,80,48,355,43,82,25,144,33,83,53,209,21,84,24,275,22,3*71
$GAGSV,2,1,07,10,36,143,38,11,65,156,29,14,22,090,26,16,39,044,40,1*73
$GAGSV,2,2,07,25,88,143,34,34,08,311,17,36,58,297,20,1*48
$GAGSV,1,1,03,10,36,143,32,16,39,044,49,25,88,143,35,5*46
$GAGSV,2,1,06,10,36,143,28,11,65,156,17,14,22,090,30,16,39,044,45,7*7A
$GAGSV,2,2,06,25,88,143,37,36,58,297,24,7*72
$GAGSV,1,1,02,02,32,221,,12,14,138,,0*78
$GBGSV,3,1,09,12,22,100,16,19,25,071,37,20,15,119,18,22,11,020,22,3*73
$GBGSV,3,2,09,24,25,230,11,26,53,283,11,29,23,119,41,35,60,180,28,3*72
$GBGSV,3,3,09,39,30,000,47,3*47
$GBGSV,3,1,10,12,22,100,28,19,25,071,41,20,15,119,23,22,11,020,23,5*78
$GBGSV,3,2,10,24,25,230,27,26,53,283,14,29,23,119,38,31,35,256,15,5*70
$GBGSV,3,3,10,35,60,180,21,39,30,000,46,5*72
$GBGSV,3,1,10,12,22,100,26,19,25,071,37,20,15,119,17,22,11,020,29,8*77
$GBGSV,3,2,10,24,25,230,21,26,53,283,20,29,23,119,41,31,35,256,18,8*7F
$GBGSV,3,3,10,35,60,180,22,39,30,000,46,8*7C
$GBGSV,1,1,01,11,04,111,,0*43
$GNGLL,3001.74370,S,05112.75103,W,170529.00,A,A*72
$GNRMC,170530.00,A,3001.74371,S,05112.75104,W,0.043,,090926,,,A,V*1C
$GNVTG,,T,,M,0.043,N,0.080,K,A*32
$GNGGA,170530.00,3001.74371,S,05112.75104,W,1,12,0.66,49.2,M,4.8,M,,*49
$GNGSA,M,3,18,23,25,26,28,29,31,05,12,13,,,1.26,0.66,1.07,1*02
$GNGSA,M,3,84,83,82,80,,,,,,,,,1.26,0.66,1.07,2*08
$GNGSA,M,3,25,36,10,11,16,,,,,,,,1.26,0.66,1.07,3*08
$GNGSA,M,3,12,19,20,22,24,26,29,31,35,39,,,1.26,0.66,1.07,4*05
$GPGSV,3,1,09,05,36,125,45,12,19,035,39,13,13,031,14,23,26,356,46,1*6F
$GPGSV,3,2,09,25,52,020,50,26,27,226,11,28,22,293,15,29,57,147,37,1*65
$GPGSV,3,3,09,31,21,261,28,1*53
$GPGSV,3,1,10,05,36,125,40,12,19,035,28,13,13,031,22,18,67,256,22,6*6E
$GPGSV,3,2,10,23,26,356,44,25,52,020,45,26,27,226,25,28,22,293,20,6*65
$GPGSV,3,3,10,29,57,147,29,31,21,261,25,6*61
$GPGSV,2,1,05,13,13,031,25,18,67,256,26,23,26,356,45,25,52,020,52,8*62
$GPGSV,2,2,05,28,22,293,26,8*5E
$GPGSV,1,1,04,15,10,059,,16,00,220,,20,02,086,,21,07,142,,0*62
$GLGSV,3,1,09,66,00,155,10,67,16,105,21,68,10,056,16,73,58,245,14,1*76
$GLGSV,3,2,09,74,15,210,19,80,48,355,49,82,25,144,34,83,53,209,14,1*7E
$GLGSV,3,3,09,84,24,275,16,1*4C
$GLGSV,2,1,08,67,16,105,19,68,10,056,19,73,58,245,17,79,00,017,07,3*7C
$GLGSV,2,2,08,80,48,355,43,82,25,144,33,83,53,209,21,84,24,275,21,3*72
$GAGSV,2,1,07,10,36,143,38,11,65,156,29,14,22,090,26,16,39,044,40,1*73
$GAGSV,2,2,07,25,88,143,34,34,08,311,18,36,58,297,20,1*47
$GAGSV,1,1,03,10,36,143,32,16,39,044,49,25,88,143,35,5*46
$GAGSV,2,1,06,10,36,143,27,11,65,156,17,14,22,090,29,16,39,044,45,7*7D
$GAGSV,2,2,06,25,88,143,37,36,58,297,24,7*72
$GAGSV,1,1,02,02,32,221,,12,14,138,,0*78
$GBGSV,3,1,09,12,22,100,13,19,25,071,37,20,15,119,15,22,11,020,22,3*7B
$GBGSV,3,2,09,24,25,230,15,26,53,283,11,29,23,119,41,35,60,180,27,3*79
$GBGSV,3,3,09,39,30,000,47,3*47
$GBGSV,3,1,10,12,22,100,28,19,25,071,41,20,15,119,23,22,11,020,23,5*78
$GBGSV,3,2,10,24,25,230,27,26,53,283,14,29,23,119,37,31,35,256,14,5*7E
$GBGSV,3,3,10,35,60,180,22,39,30,000,46,5*71
$GBGSV,3,1,10,12,22,100,26,19,25,071,37,20,15,119,17,22,11,020,29,8*77
$GBGSV,3,2,10,24,25,230,22,26,53,283,20,29,23,119,41,31,35,256,17,8*73
$GBGSV,3,3,10,35,60,180,22,39,30,000,46,8*7C
$GBGSV,1,1,01,11,04,111,,0*43
$GNGLL,3001.74371,S,05112.75104,W,170530.00,A,A*7C
$GNRMC,170531.00,A,3001.74371,S,05112.75105,W,0.021,,090926,,,A,V*18
$GNVTG,,T,,M,0.021,N,0.040,K,A*3A
$GNGGA,170531.00,3001.74371,S,05112.75105,W,1,12,0.66,49.1,M,4.8,M,,*4A
$GNGSA,M,3,18,23,25,26,28,29,31,05,12,13,,,1.26,0.66,1.07,1*02
$GNGSA,M,3,84,83,82,80,,,,,,,,,1.26,0.66,1.07,2*08
$GNGSA,M,3,25,36,10,11,16,,,,,,,,1.26,0.66,1.07,3*08
$GNGSA,M,3,12,19,20,22,24,26,29,31,35,39,,,1.26,0.66,1.07,4*05
$GPGSV,3,1,09,05,36,125,45,12,19,035,39,13,13,031,14,23,26,356,46,1*6F
$GPGSV,3,2,09,25,52,020,50,26,27,226,12,28,22,293,14,29,57,147,37,1*67
$GPGSV,3,3,09,31,21,261,28,1*53
$GPGSV,3,1,10,05,36,125,40,12,19,035,29,13,13,031,23,18,67,256,21,6*6D
$GPGSV,3,2,10,23,26,356,44,25,52,020,45,26,27,226,25,28,22,293,19,6*6F
$GPGSV,3,3,10,29,57,147,28,31,21,261,26,6*63
$GPGSV,2,1,05,13,13,031,25,18,67,256,26,23,26,356,45,25,52,020,52,8*62
$GPGSV,2,2,05,28,22,293,25,8*5D
$GPGSV,1,1,04,15,10,059,,16,00,220,,20,02,086,,21,07,142,,0*62
$GLGSV,3,1,09,66,00,155,09,67,16,105,21,68,10,056,16,73,58,245,14,1*7E
$GLGSV,3,2,09,74,15,210,18,80,48,355,49,82,25,144,34,83,53,209,13,1*78
$GLGSV,3,3,09,84,24,275,16,1*4C
$GLGSV,2,1,08,67,16,105,20,68,10,056,18,73,58,245,18,79,00,017,08,3*77
$GLGSV,2,2,08,80,48,355,43,82,25,144,33,83,53,209,21,84,24,275,21,3*72
$GAGSV,2,1,07,10,36,143,38,11,65,156,29,14,22,090,26,16,39,044,40,1*73
$GAGSV,2,2,07,25,88,143,34,34,08,311,17,36,58,297,19,1*42
$GAGSV,1,1,03,10,36,143,32,16,39,044,49,25,88,143,35,5*46
$GAGSV,2,1,06,10,36,143,27,11,65,156,16,14,22,090,29,16,39,044,45,7*7C
$GAGSV,2,2,06,25,88,143,37,36,58,297,24,7*72
$GAGSV,1,1,02,02,32,221,,12,14,138,,0*78
$GBGSV,3,1,09,12,22,100,13,19,25,071,37,20,15,119,14,22,11,020,21,3*79
$GBGSV,3,2,09,24,25,230,16,26,53,283,12,29,23,119,42,35,60,180,27,3*7A
$GBGSV,3,3,09,39,30,000,47,3*47
$GBGSV,3,1,10,12,22,100,28,19,25,071,41,20,15,119,23,22,11,020,23,5*78
$GBGSV,3,2,10,24,25,230,27,26,53,283,12,29,23,119,37,31,35,256,14,5*78
$GBGSV,3,3,10,35,60,180,22,39,30,000,46,5*71
$GBGSV,3,1,10,12,22,100,25,19,25,071,37,20,15,119,17,22,11,020,29,8*74
$GBGSV,3,2,10,24,25,230,22,26,53,283,21,29,23,119,41,31,35,256,17,8*72
$GBGSV,3,3,10,35,60,180,22,39,30,000,46,8*7C
$GBGSV,1,1,01,11,04,111,,0*43
$GNGLL,3001.74371,S,05112.75105,W,170531.00,A,A*7C
$GNRMC,170532.00,A,3001.74371,S,05112.75105,W,0.004,,090926,,,A,V*1C
$GNVTG,,T,,M,0.004,N,0.008,K,A*31
$GNGGA,170532.00,3001.74371,S,05112.75105,W,1,12,0.66,49.1,M,4.8,M,,*49
$GNGSA,M,3,18,23,25,26,28,29,31,05,12,13,,,1.26,0.66,1.07,1*02
$GNGSA,M,3,84,83,82,80,,,,,,,,,1.26,0.66,1.07,2*08
$GNGSA,M,3,25,36,10,11,16,,,,,,,,1.26,0.66,1.07,3*08
$GNGSA,M,3,12,19,20,22,24,26,29,31,35,39,,,1.26,0.66,1.07,4*05
$GPGSV,3,1,09,05,36,125,45,12,19,035,39,13,13,031,12,23,26,356,46,1*69
$GPGSV,3,2,09,25,52,020,50,26,27,226,14,28,22,293,15,29,57,147,37,1*60
$GPGSV,3,3,09,31,21,261,28,1*53
$GPGSV,3,1,10,05,36,125,40,12,19,035,29,13,13,031,22,18,67,256,21,6*6C
$GPGSV,3,2,10,23,26,356,44,25,52,020,45,26,27,226,25,28,22,293,20,6*65
$GPGSV,3,3,10,29,57,147,28,31,21,261,26,6*63
$GPGSV,2,1,06,13,13,031,25,18,67,256,26,23,26,356,45,25,52,020,52,8*61
$GPGSV,2,2,06,26,27,226,15,28,22,293,25,8*6D
$GPGSV,1,1,04,15,10,059,,16,00,220,,20,02,086,,21,07,142,,0*62
$GLGSV,2,1,08,66,00,155,13,67,16,105,21,68,10,056,14,73,58,245,15,1*76
$GLGSV,2,2,08,80,48,355,49,82,25,144,35,83,53,209,11,84,24,275,15,1*78
$GLGSV,2,1,08,67,16,105,20,68,10,056,18,73,58,245,17,79,00,017,08,3*78
$GLGSV,2,2,08,80,48,355,43,82,25,144,33,83,53,209,19,84,24,275,21,3*79
$GLGSV,1,1,01,74,15,210,,0*4C
$GAGSV,2,1,07,10,36,143,38,11,65,156,29,14,22,090,26,16,39,044,40,1*73
$GAGSV,2,2,07,25,88,143,34,34,08,311,16,36,58,297,19,1*43
$GAGSV,1,1,03,10,36,143,32,16,39,044,49,25,88,143,35,5*46
$GAGSV,2,1,06,10,36,143,27,11,65,156,17,14,22,090,29,16,39,044,45,7*7D
$GAGSV,2,2,06,25,88,143,37,36,58,297,25,7*73
$GAGSV,1,1,02,02,32,221,,12,14,138,,0*78
$GBGSV,3,1,09,12,22,100,12,19,25,071,37,20,15,119,18,22,11,020,21,3*74
$GBGSV,3,2,09,24,25,230,16,26,53,283,14,29,23,119,42,35,60,180,27,3*7C
$GBGSV,3,3,09,39,30,000,47,3*47
$GBGSV,3,1,10,12,22,100,29,19,25,071,41,20,15,119,23,22,11,020,23,5*79
$GBGSV,3,2,10,24,25,230,27,26,53,283,12,29,23,119,37,31,35,256,14,5*78
$GBGSV,3,3,10,35,60,180,22,39,30,000,46,5*71
$GBGSV,3,1,10,12,22,100,25,19,25,071,37,20,15,119,17,22,11,020,29,8*74
$GBGSV,3,2,10,24,25,230,22,26,53,283,20,29,23,119,41,31,35,256,17,8*73
$GBGSV,3,3,10,35,60,180,21,39,30,000,46,8*7F
$GBGSV,1,1,01,11,04,111,,0*43
$GNGLL,3001.74371,S,05112.75105,W,170532.00,A,A*7F
$GNRMC,170533.00,A,3001.74371,S,05112.75103,W,0.010,,090926,,,A,V*1E
$GNVTG,,T,,M,0.010,N,0.019,K,A*34
$GNGGA,170533.00,3001.74371,S,05112.75103,W,1,12,0.59,49.2,M,4.8,M,,*41
$GNGSA,M,3,18,23,25,26,28,29,31,05,12,13,,,1.14,0.59,0.98,1*08
$GNGSA,M,3,84,83,82,80,,,,,,,,,1.14,0.59,0.98,2*02
$GNGSA,M,3,25,36,10,11,16,,,,,,,,1.14,0.59,0.98,3*02
$GNGSA,M,3,12,19,20,22,24,26,29,31,35,39,,,1.14,0.59,0.98,4*0F
$GPGSV,3,1,09,05,36,125,45,12,19,035,39,13,13,031,11,23,26,356,46,1*6A
$GPGSV,3,2,09,25,52,020,50,26,27,226,15,28,22,293,14,29,57,147,38,1*6F
$GPGSV,3,3,09,31,21,261,29,1*52
$GPGSV,3,1,10,05,36,125,40,12,19,035,28,13,13,031,22,18,67,256,21,6*6D
$GPGSV,3,2,10,23,26,356,44,25,52,020,45,26,27,226,25,28,22,293,20,6*65
$GPGSV,3,3,10,29,57,147,28,31,21,261,26,6*63
$GPGSV,2,1,06,13,13,031,25,18,67,256,26,23,26,356,45,25,52,020,52,8*61
$GPGSV,2,2,06,26,27,226,14,28,22,293,25,8*6C
$GPGSV,1,1,04,15,10,059,,16,00,220,,20,02,086,,21,07,142,,0*62
$GLGSV,2,1,08,66,00,155,14,67,16,105,21,68,10,056,14,73,58,245,16,1*72
$GLGSV,2,2,08,80,48,355,48,82,25,144,35,83,53,209,10,84,24,275,14,1*79
$GLGSV,2,1,08,67,16,105,20,68,10,056,17,73,58,245,18,79,00,017,09,3*79
$GLGSV,2,2,08,80,48,355,43,82,25,144,33,83,53,209,19,84,24,275,20,3*78
$GLGSV,1,1,01,74,15,210,,0*4C
$GAGSV,2,1,07,10,36,143,38,11,65,156,29,14,22,090,26,16,39,044,40,1*73
$GAGSV,2,2,07,25,88,143,34,34,08,311,16,36,58,297,19,1*43
$GAGSV,1,1,03,10,36,143,32,16,39,044,49,25,88,143,35,5*46
$GAGSV,2,1,06,10,36,143,27,11,65,156,16,14,22,090,29,16,39,044,45,7*7C
$GAGSV,2,2,06,25,88,143,37,36,58,297,25,7*73
$GAGSV,1,1,02,02,33,221,,12,14,138,,0*79
$GBGSV,3,1,10,12,22,100,09,19,25,071,37,20,15,119,17,22,11,020,21,3*79
$GBGSV,3,2,10,24,25,230,16,26,53,283,15,29,23,119,42,31,35,256,21,3*7F
$GBGSV,3,3,10,35,60,180,27,39,30,000,47,3*73
$GBGSV,3,1,10,12,22,100,28,19,25,071,41,20,15,119,23,22,11,020,23,5*78
$GBGSV,3,2,10,24,25,230,27,26,53,283,09,29,23,119,37,31,35,256,12,5*74
$GBGSV,3,3,10,35,60,180,22,39,30,000,46,5*71
$GBGSV,3,1,10,12,22,100,24,19,25,071,37,20,15,119,16,22,11,020,29,8*74
$GBGSV,3,2,10,24,25,230,21,26,53,283,21,29,23,119,41,31,35,256,15,8*73
$GBGSV,3,3,10,35,60,180,22,39,30,000,46,8*7C
$GBGSV,1,1,01,11,04,111,,0*43
$GNGLL,3001.74371,S,05112.75103,W,170533.00,A,A*78
$GNRMC,170534.00,A,3001.74370,S,05112.75102,W,0.017,,090926,,,A,V*1E
$GNVTG,,T,,M,0.017,N,0.031,K,A*39
$GNGGA,170534.00,3001.74370,S,05112.75102,W,1,12,0.54,49.2,M,4.8,M,,*4B
$GNGSA,M,3,18,23,25,26,28,29,31,05,12,13,,,1.04,0.54,0.89,1*04
$GNGSA,M,3,84,83,82,80,,,,,,,,,1.04,0.54,0.89,2*0E
$GNGSA,M,3,25,36,10,11,16,,,,,,,,1.04,0.54,0.89,3*0E
$GNGSA,M,3,12,19,20,22,24,26,29,35,39,,,,1.04,0.54,0.89,4*01
$GPGSV,3,1,09,05,36,125,45,12,19,035,39,13,13,031,09,23,26,356,46,1*63
$GPGSV,3,2,09,25,52,020,50,26,27,226,16,28,22,293,13,29,57,147,38,1*6B
$GPGSV,3,3,09,31,21,261,29,1*52
$GPGSV,3,1,10,05,36,125,40,12,19,035,28,13,13,031,22,18,67,256,20,6*6C
$GPGSV,3,2,10,23,26,356,44,25,52,020,45,26,27,226,25,28,22,293,21,6*64
$GPGSV,3,3,10,29,57,147,28,31,21,261,26,6*63
$GPGSV,2,1,06,13,13,031,25,18,67,256,26,23,26,356,45,25,52,020,52,8*61
$GPGSV,2,2,06,26,27,226,15,28,22,293,25,8*6D
$GPGSV,1,1,04,15,10,059,,16,00,220,,20,02,086,,21,07,142,,0*62
$GLGSV,2,1,08,66,00,155,13,67,16,105,21,68,10,056,14,73,58,245,17,1*74
$GLGSV,2,2,08,80,48,355,48,82,25,144,35,83,53,209,05,84,24,275,15,1*7C
$GLGSV,2,1,08,67,16,105,21,68,10,056,17,73,58,245,19,79,00,017,03,3*73
$GLGSV,2,2,08,80,48,355,43,82,25,144,33,83,53,209,19,84,24,275,19,3*72
$GLGSV,1,1,01,74,15,210,,0*4C
$GAGSV,2,1,07,10,36,143,38,11,65,156,29,14,22,090,27,16,39,044,40,1*72
$GAGSV,2,2,07,25,88,143,34,34,08,311,15,36,58,297,19,1*40
$GAGSV,1,1,03,10,36,143,32,16,39,044,49,25,88,143,36,5*45
$GAGSV,2,1,06,10,36,143,27,11,65,156,18,14,22,090,29,16,39,044,45,7*72
$GAGSV,2,2,06,25,88,143,37,36,58,297,25,7*73
$GAGSV,1,1,02,02,33,221,,12,14,138,,0*79
$GBGSV,3,1,10,12,22,100,08,19,25,071,37,20,15,119,18,22,11,020,20,3*76
$GBGSV,3,2,10,24,25,230,16,26,53,283,16,29,23,119,42,31,35,256,21,3*7C
$GBGSV,3,3,10,35,60,180,27,39,30,000,47,3*73
$GBGSV,3,1,09,12,22,100,29,19,25,071,41,20,15,119,23,22,11,020,23,5*71
$GBGSV,3,2,09,24,25,230,26,26,53,283,09,29,23,119,37,35,60,180,21,5*71
$GBGSV,3,3,09,39,30,000,46,5*40
$GBGSV,3,1,10,12,22,100,24,19,25,071,37,20,15,119,16,22,11,020,29,8*74
$GBGSV,3,2,10,24,25,230,21,26,53,283,21,29,23,119,41,31,35,256,14,8*72
$GBGSV,3,3,10,35,60,180,21,39,30,000,46,8*7F
$GBGSV,1,1,01,11,04,111,,0*43
$GNGLL,3001.74370,S,05112.75102,W,170534.00,A,A*7F
$GNRMC,170535.00,A,3001.74370,S,05112.75101,W,0.060,,090926,,,A,V*1C
$GNVTG,,T,,M,0.060,N,0.110,K,A*3B
$GNGGA,170535.00,3001.74370,S,05112.75101,W,1,12,0.59,49.2,M,4.8,M,,*44
$GNGSA,M,3,18,23,25,26,28,29,31,05,12,13,,,1.14,0.59,0.98,1*08
$GNGSA,M,3,84,83,82,80,,,,,,,,,1.14,0.59,0.98,2*02
$GNGSA,M,3,25,36,10,11,16,,,,,,,,1.14,0.59,0.98,3*02
$GNGSA,M,3,12,19,20,22,24,26,29,35,39,,,,1.14,0.59,0.98,4*0D
$GPGSV,3,1,09,05,36,125,45,12,19,035,39,13,13,031,11,23,26,356,46,1*6A
$GPGSV,3,2,09,25,52,020,50,26,27,226,17,28,22,293,11,29,57,147,38,1*68
$GPGSV,3,3,09,31,21,261,29,1*52
$GPGSV,3,1,10,05,36,125,40,12,19,035,29,13,13,031,22,18,67,256,20,6*6D
$GPGSV,3,2,10,23,26,356,44,25,52,020,45,26,27,226,25,28,22,293,20,6*65
$GPGSV,3,3,10,29,57,147,28,31,21,261,26,6*63
$GPGSV,2,1,06,13,13,031,25,18,67,256,26,23,26,356,45,25,52,020,52,8*61
$GPGSV,2,2,06,26,27,226,13,28,22,293,24,8*6A
$GPGSV,1,1,04,15,10,059,,16,00,220,,20,02,086,,21,07,142,,0*62
$GLGSV,2,1,08,66,00,155,12,67,16,105,21,68,10,056,13,73,58,245,19,1*7C
$GLGSV,2,2,08,80,48,355,48,82,25,144,35,83,53,209,06,84,24,275,17,1*7D
$GLGSV,2,1,08,67,16,105,21,68,10,056,17,73,58,245,19,79,00,017,06,3*76
$GLGSV,2,2,08,80,48,355,43,82,25,144,33,83,53,209,18,84,24,275,18,3*72
$GLGSV,1,1,01,74,15,210,,0*4C
$GAGSV,2,1,08,02,33,221,14,10,36,143,38,11,65,156,29,14,22,090,27,1*72
$GAGSV,2,2,08,16,39,044,40,25,88,143,34,34,08,311,16,36,58,297,19,1*75
$GAGSV,1,1,03,10,36,143,32,16,39,044,49,25,88,143,35,5*46
$GAGSV,2,1,06,10,36,143,27,11,65,156,18,14,22,090,29,16,39,044,45,7*72
$GAGSV,2,2,06,25,88,143,37,36,58,297,25,7*73
$GAGSV,1,1,01,12,14,138,,0*49
$GBGSV,3,1,10,12,22,100,12,19,25,071,37,20,15,119,19,22,11,020,20,3*7C
$GBGSV,3,2,10,24,25,230,16,26,53,283,16,29,23,119,42,31,35,256,21,3*7C
$GBGSV,3,3,10,35,60,180,27,39,30,000,47,3*73
$GBGSV,3,1,09,12,22,100,29,19,25,071,41,20,15,119,23,22,11,020,23,5*71
$GBGSV,3,2,09,24,25,230,27,26,53,283,09,29,23,119,37,35,60,180,21,5*70
$GBGSV,3,3,09,39,30,000,46,5*40
$GBGSV,3,1,10,12,22,100,23,19,25,071,37,20,15,119,17,22,11,020,29,8*72
$GBGSV,3,2,10,24,25,230,21,26,53,283,20,29,23,119,41,31,35,256,14,8*73
$GBGSV,3,3,10,35,60,180,21,39,30,000,46,8*7F
$GBGSV,1,1,01,11,04,111,,0*43
$GNGLL,3001.74370,S,05112.75101,W,170535.00,A,A*7D
$GNRMC,170536.00,A,3001.74369,S,05112.75100,W,0.023,,090926,,,A,V*11
$GNVTG,,T,,M,0.023,N,0.042,K,A*3A
$GNGGA,170536.00,3001.74369,S,05112.75100,W,1,12,0.69,49.2,M,4.8,M,,*4D
$GNGSA,M,3,18,23,25,26,28,29,31,05,12,13,,,1.30,0.69,1.10,1*0C
$GNGSA,M,3,84,83,82,80,,,,,,,,,1.30,0.69,1.10,2*06
$GNGSA,M,3,25,36,10,11,16,,,,,,,,1.30,0.69,1.10,3*06
$GNGSA,M,3,12,19,20,22,24,26,29,35,39,,,,1.30,0.69,1.10,4*09
$GPGSV,3,1,09,05,36,125,45,12,19,035,39,13,13,031,11,23,26,356,46,1*6A
$GPGSV,3,2,09,25,52,020,50,26,27,226,16,28,22,293,11,29,57,147,38,1*69
$GPGSV,3,3,09,31,21,261,29,1*52
$GPGSV,3,1,10,05,36,125,40,12,19,035,28,13,13,031,22,18,67,256,20,6*6C
$GPGSV,3,2,10,23,26,356,44,25,52,020,45,26,27,226,24,28,22,293,19,6*6E
$GPGSV,3,3,10,29,57,147,28,31,21,261,27,6*62
$GPGSV,2,1,06,13,13,031,25,18,67,256,26,23,26,356,45,25,52,020,52,8*61
$GPGSV,2,2,06,26,27,226,14,28,22,293,25,8*6C
$GPGSV,1,1,04,15,10,059,,16,00,220,,20,02,086,,21,07,142,,0*62
$GLGSV,2,1,08,66,00,155,12,67,16,105,20,68,10,056,11,73,58,245,19,1*7F
$GLGSV,2,2,08,80,48,355,48,82,25,144,35,83,53,209,08,84,24,275,17,1*73
$GLGSV,2,1,08,67,16,105,21,68,10,056,15,73,58,245,20,79,00,017,08,3*70
$GLGSV,2,2,08,80,48,355,43,82,25,144,33,83,53,209,18,84,24,275,18,3*72
$GLGSV,1,1,01,74,15,210,,0*4C
$GAGSV,2,1,08,02,33,221,14,10,36,143,38,11,65,156,29,14,22,090,27,1*72
$GAGSV,2,2,08,16,39,044,40,25,88,143,34,34,08,311,16,36,58,297,19,1*75
$GAGSV,1,1,03,10,36,143,32,16,39,044,49,25,88,143,35,5*46
$GAGSV,2,1,06,10,36,143,27,11,65,156,18,14,22,090,29,16,39,044,45,7*72
$GAGSV,2,2,06,25,88,143,37,36,58,297,25,7*73
$GAGSV,1,1,01,12,14,138,,0*49
$GBGSV,3,1,10,12,22,100,12,19,25,071,37,20,15,119,19,22,11,020,20,3*7C
$GBGSV,3,2,10,24,25,230,16,26,53,283,15,29,23,119,42,31,35,256,21,3*7F
$GBGSV,3,3,10,35,60,180,27,39,30,000,47,3*73
$GBGSV,3,1,09,12,22,100,29,19,25,071,41,20,15,119,23,22,11,020,24,5*76
$GBGSV,3,2,09,24,25,230,27,26,53,283,11,29,23,119,37,35,60,180,21,5*79
$GBGSV,3,3,09,39,30,000,46,5*40
$GBGSV,3,1,10,12,22,100,22,19,25,071,37,20,15,119,17,22,11,020,29,8*73
$GBGSV,3,2,10,24,25,230,21,26,53,283,20,29,23,119,41,31,35,256,14,8*73
$GBGSV,3,3,10,35,60,180,22,39,30,000,46,8*7C
$GBGSV,1,1,01,11,04,111,,0*43
$GNGLL,3001.74369,S,05112.75100,W,170536.00,A,A*77
$GNRMC,170537.00,A,3001.74369,S,05112.75100,W,0.016,,090926,,,A,V*16
$GNVTG,,T,,M,0.016,N,0.029,K,A*31
$GNGGA,170537.00,3001.74369,S,05112.75100,W,1,12,0.65,49.2,M,4.8,M,,*40
$GNGSA,M,3,18,23,25,26,28,29,31,05,12,13,,,1.21,0.65,1.02,1*03
$GNGSA,M,3,84,83,82,80,,,,,,,,,1.21,0.65,1.02,2*09
$GNGSA,M,3,25,36,10,11,16,,,,,,,,1.21,0.65,1.02,3*09
$GNGSA,M,3,12,19,20,22,24,26,29,31,35,39,,,1.21,0.65,1.02,4*04
$GPGSV,3,1,09,05,36,125,45,12,19,035,39,13,13,031,13,23,26,356,46,1*68
$GPGSV,3,2,09,25,52,020,50,26,27,226,17,28,22,293,11,29,57,147,38,1*68
$GPGSV,3,3,09,31,21,261,29,1*52
$GPGSV,3,1,10,05,36,125,40,12,19,035,28,13,13,031,22,18,67,256,20,6*6C
$GPGSV,3,2,10,23,26,356,44,25,52,020,45,26,27,226,24,28,22,293,20,6*64
$GPGSV,3,3,10,29,57,147,28,31,21,261,27,6*62
$GPGSV,2,1,06,13,13,031,25,18,67,256,26,23,26,356,45,25,52,020,52,8*61
$GPGSV,2,2,06,26,27,226,15,28,22,293,25,8*6D
$GPGSV,1,1,04,15,10,059,,16,00,220,,20,02,086,,21,07,142,,0*62
$GLGSV,3,1,09,66,00,155,12,67,16,105,20,68,10,056,09,73,58,245,19,1*76
$GLGSV,3,2,09,74,15,210,13,80,48,355,48,82,25,144,35,83,53,209,08,1*79
$GLGSV,3,3,09,84,24,275,18,1*42
$GLGSV,2,1,08,67,16,105,21,68,10,056,12,73,58,245,21,79,00,017,08,3*76
$GLGSV,2,2,08,80,48,355,43,82,25,144,33,83,53,209,18,84,24,275,18,3*72
$GAGSV,2,1,08,02,33,221,14,10,36,143,38,11,65,156,29,14,22,090,27,1*72
$GAGSV,2,2,08,16,39,044,40,25,88,143,35,34,08,311,15,36,58,297,18,1*76
$GAGSV,1,1,03,10,36,143,32,16,39,044,49,25,88,143,35,5*46
$GAGSV,2,1,06,10,36,143,27,11,65,156,18,14,22,090,29,16,39,044,45,7*72
$GAGSV,2,2,06,25,88,143,37,36,58,297,25,7*73
$GAGSV,1,1,01,12,14,138,,0*49
$GBGSV,3,1,10,12,22,100,12,19,25,071,37,20,15,119,19,22,11,020,20,3*7C
$GBGSV,3,2,10,24,25,230,17,26,53,283,15,29,23,119,42,31,35,256,20,3*7F
$GBGSV,3,3,10,35,60,180,27,39,30,000,47,3*73
$GBGSV,3,1,09,12,22,100,29,19,25,071,41,20,15,119,23,22,11,020,24,5*76
$GBGSV,3,2,09,24,25,230,27,26,53,283,12,29,23,119,37,35,60,180,21,5*7A
$GBGSV,3,3,09,39,30,000,46,5*40
$GBGSV,3,1,10,12,22,100,21,19,25,071,37,20,15,119,17,22,11,020,29,8*70
$GBGSV,3,2,10,24,25,230,20,26,53,283,20,29,23,119,41,31,35,256,15,8*73
$GBGSV,3,3,10,35,60,180,21,39,30,000,46,8*7F
$GBGSV,1,1,01,11,04,111,,0*43
$GNGLL,3001.74369,S,05112.75100,W,170537.00,A,A*76
$GNRMC,170538.00,A,3001.74369,S,05112.75099,W,0.002,,090926,,,A,V*1D
$GNVTG,,T,,M,0.002,N,0.003,K,A*3C
$GNGGA,170538.00,3001.74369,S,05112.75099,W,1,12,0.64,49.2,M,4.8,M,,*4F
$GNGSA,M,3,18,23,25,26,28,29,31,05,12,13,,,1.20,0.64,1.02,1*03
$GNGSA,M,3,84,83,82,80,,,,,,,,,1.20,0.64,1.02,2*09
$GNGSA,M,3,25,36,10,11,16,,,,,,,,1.20,0.64,1.02,3*09
$GNGSA,M,3,12,19,20,22,24,26,29,35,39,,,,1.20,0.64,1.02,4*06
$GPGSV,3,1,09,05,36,125,45,12,19,035,38,13,13,031,14,23,26,356,46,1*6E
$GPGSV,3,2,09,25,52,020,50,26,27,226,17,28,22,293,12,29,57,147,38,1*6B
$GPGSV,3,3,09,31,21,261,29,1*52
$GPGSV,3,1,10,05,36,125,40,12,19,035,28,13,13,031,22,18,67,256,20,6*6C
$GPGSV,3,2,10,23,26,356,44,25,52,020,45,26,27,226,24,28,22,293,21,6*65
$GPGSV,3,3,10,29,57,147,28,31,21,261,28,6*6D
$GPGSV,2,1,06,13,13,031,25,18,67,256,25,23,26,356,45,25,52,020,52,8*62
$GPGSV,2,2,06,26,27,226,15,28,22,293,24,8*6C
$GPGSV,1,1,04,15,10,059,,16,00,220,,20,02,086,,21,07,142,,0*62
$GLGSV,2,1,08,66,00,155,11,67,16,105,19,73,58,245,20,74,15,210,15,1*70
$GLGSV,2,2,08,80,48,355,48,82,25,144,34,83,53,209,10,84,24,275,19,1*75
$GLGSV,2,1,07,67,16,105,21,73,58,245,22,79,00,017,07,80,48,355,43,3*7A
$GLGSV,2,2,07,82,25,144,33,83,53,209,18,84,24,275,18,3*4D
$GLGSV,1,1,01,68,10,056,,0*44
$GAGSV,2,1,08,02,33,221,14,10,36,143,38,11,65,156,29,14,22,090,27,1*72
$GAGSV,2,2,08,16,39,044,40,25,88,143,35,34,08,311,15,36,58,297,17,1*79
$GAGSV,1,1,03,10,36,143,32,16,39,044,49,25,88,143,35,5*46
$GAGSV,2,1,06,10,36,143,27,11,65,156,17,14,22,090,29,16,39,044,45,7*7D
$GAGSV,2,2,06,25,88,143,37,36,58,297,25,7*73
$GAGSV,1,1,01,12,14,138,,0*49
$GBGSV,3,1,10,12,22,100,09,19,25,071,37,20,15,119,19,22,11,020,19,3*7C
$GBGSV,3,2,10,24,25,230,17,26,53,283,16,29,23,119,42,31,35,256,21,3*7D
$GBGSV,3,3,10,35,60,180,27,39,30,000,47,3*73
$GBGSV,3,1,09,12,22,100,29,19,25,071,41,20,15,119,22,22,11,020,23,5*70
$GBGSV,3,2,09,24,25,230,27,26,53,283,13,29,23,119,37,35,60,180,21,5*7B
$GBGSV,3,3,09,39,30,000,46,5*40
$GBGSV,3,1,10,12,22,100,20,19,25,071,37,20,15,119,17,22,11,020,29,8*71
$GBGSV,3,2,10,24,25,230,20,26,53,283,19,29,23,119,41,31,35,256,14,8*78
$GBGSV,3,3,10,35,60,180,21,39,30,000,46,8*7F
$GBGSV,1,1,01,11,04,111,,0*43
$GNGLL,3001.74369,S,05112.75099,W,170538.00,A,A*78
$GNRMC,170539.00,A,3001.74369,S,05112.75099,W,0.021,,090926,,,A,V*1D
$GNVTG,,T,,M,0.021,N,0.039,K,A*34
$GNGGA,170539.00,3001.74369,S,05112.75099,W,1,12,0.64,49.2,M,4.8,M,,*4E
$GNGSA,M,3,18,23,25,26,28,29,31,05,12,13,,,1.20,0.64,1.02,1*03
$GNGSA,M,3,84,83,82,80,,,,,,,,,1.20,0.64,1.02,2*09
$GNGSA,M,3,25,36,10,11,16,,,,,,,,1.20,0.64,1.02,3*09
$GNGSA,M,3,12,19,20,22,24,26,29,35,39,,,,1.20,0.64,1.02,4*06
$GPGSV,3,1,09,05,36,125,45,12,19,035,38,13,13,031,14,23,26,356,46,1*6E
$GPGSV,3,2,09,25,52,020,50,26,27,226,17,28,22,293,13,29,57,147,38,1*6A
$GPGSV,3,3,09,31,21,261,28,1*53
$GPGSV,3,1,10,05,36,125,40,12,19,035,29,13,13,031,22,18,67,256,20,6*6D
$GPGSV,3,2,10,23,26,356,44,25,52,020,45,26,27,226,24,28,22,293,21,6*65
$GPGSV,3,3,10,29,57,147,28,31,21,261,28,6*6D
$GPGSV,2,1,06,13,13,031,25,18,67,256,25,23,26,356,45,25,52,020,52,8*62
$GPGSV,2,2,06,26,27,226,14,28,22,293,23,8*6A
$GPGSV,1,1,04,15,10,059,,16,00,220,,20,02,086,,21,07,142,,0*62
$GLGSV,2,1,08,66,00,155,09,67,16,105,19,73,58,245,19,74,15,210,14,1*72
$GLGSV,2,2,08,80,48,355,48,82,25,144,34,83,53,209,10,84,24,275,20,1*7F
$GLGSV,2,1,07,67,16,105,20,73,58,245,22,79,00,017,09,80,48,355,43,3*75
$GLGSV,2,2,07,82,25,144,33,83,53,209,19,84,24,275,16,3*42
$GLGSV,1,1,01,68,10,056,,0*44
$GAGSV,2,1,08,02,33,221,13,10,36,143,38,11,65,156,30,14,22,090,26,1*7C
$GAGSV,2,2,08,16,39,044,40,25,88,143,34,34,08,311,16,36,58,297,18,1*74
$GAGSV,1,1,03,10,36,143,32,16,39,044,49,25,88,143,35,5*46
$GAGSV,2,1,06,10,36,143,27,11,65,156,18,14,22,090,29,16,39,044,45,7*72
$GAGSV,2,2,06,25,88,143,37,36,58,297,25,7*73
$GAGSV,1,1,01,12,14,138,,0*49
$GBGSV,3,1,10,12,22,100,10,19,25,071,37,20,15,119,19,22,11,020,19,3*74
$GBGSV,3,2,10,24,25,230,16,26,53,283,17,29,23,119,42,31,35,256,20,3*7C
$GBGSV,3,3,10,35,60,180,27,39,30,000,47,3*73
$GBGSV,3,1,09,12,22,100,29,19,25,071,41,20,15,119,22,22,11,020,24,5*77
$GBGSV,3,2,09,24,25,230,27,26,53,283,14,29,23,119,37,35,60,180,21,5*7C
$GBGSV,3,3,09,39,30,000,46,5*40
$GBGSV,3,1,10,12,22,100,19,19,25,071,37,20,15,119,16,22,11,020,29,8*7A
$GBGSV,3,2,10,24,25,230,19,26,53,283,19,29,23,119,41,31,35,256,14,8*72
$GBGSV,3,3,10,35,60,180,21,39,30,000,46,8*7F
$GBGSV,1,1,01,11,04,111,,0*43
$GNGLL,3001.74369,S,05112.75099,W,170539.00,A,A*79
$GNRMC,170540.00,A,3001.74369,S,05112.75098,W,0.013,,090926,,,A,V*13
$GNVTG,,T,,M,0.013,N,0.024,K,A*39
$GNGGA,170540.00,3001.74369,S,05112.75098,W,1,12,0.64,49.2,M,4.8,M,,*41
$GNGSA,M,3,18,23,25,26,28,29,31,05,12,13,,,1.20,0.64,1.02,1*03
$GNGSA,M,3,84,83,82,80,,,,,,,,,1.20,0.64,1.02,2*09
$GNGSA,M,3,25,36,10,11,16,,,,,,,,1.20,0.64,1.02,3*09
$GNGSA,M,3,12,19,20,22,24,26,29,35,39,,,,1.20,0.64,1.02,4*06
$GPGSV,3,1,09,05,36,125,45,12,19,035,38,13,13,031,15,23,26,356,46,1*6F
$GPGSV,3,2,09,25,52,020,50,26,27,226,16,28,22,293,10,29,57,147,38,1*68
$GPGSV,3,3,09,31,21,261,28,1*53
$GPGSV,3,1,10,05,36,125,40,12,19,035,28,13,13,031,22,18,67,256,20,6*6C
$GPGSV,3,2,10,23,26,356,44,25,52,020,45,26,27,226,24,28,22,293,21,6*65
$GPGSV,3,3,10,29,57,147,29,31,21,261,27,6*63
$GPGSV,2,1,06,13,13,031,25,18,67,256,25,23,26,356,45,25,52,020,52,8*62
$GPGSV,2,2,06,26,27,226,15,28,22,293,24,8*6C
$GPGSV,1,1,04,15,10,059,,16,00,220,,20,02,086,,21,07,142,,0*62
$GLGSV,2,1,08,66,00,155,08,67,16,105,18,73,58,245,20,74,15,210,12,1*7E
$GLGSV,2,2,08,80,48,355,48,82,25,144,35,83,53,209,05,84,24,275,21,1*7B
$GLGSV,2,1,07,67,16,105,20,73,58,245,22,79,00,017,03,80,48,355,43,3*7F
$GLGSV,2,2,07,82,25,144,34,83,53,209,18,84,24,275,16,3*44
$GLGSV,1,1,01,68,10,056,,0*44
$GAGSV,2,1,08,02,33,221,12,10,36,143,37,11,65,156,29,14,22,090,26,1*7A
$GAGSV,2,2,08,16,39,044,40,25,88,143,34,34,08,311,16,36,58,297,18,1*74
$GAGSV,1,1,03,10,36,143,32,16,39,044,49,25,88,143,35,5*46
$GAGSV,2,1,06,10,36,143,27,11,65,156,18,14,22,090,29,16,39,044,45,7*72
$GAGSV,2,2,06,25,88,143,37,36,58,297,26,7*70
$GAGSV,1,1,01,12,14,138,,0*49
$GBGSV,3,1,10,12,22,100,17,19,25,071,37,20,15,119,20,22,11,020,18,3*78
$GBGSV,3,2,10,24,25,230,15,26,53,283,17,29,23,119,42,31,35,256,20,3*7F
$GBGSV,3,3,10,35,60,180,27,39,30,000,47,3*73
$GBGSV,3,1,09,12,22,100,29,19,25,071,41,20,15,119,22,22,11,020,23,5*70
$GBGSV,3,2,09,24,25,230,27,26,53,283,12,29,23,119,37,35,60,180,20,5*7B
$GBGSV,3,3,09,39,30,000,46,5*40
$GBGSV,3,1,10,12,22,100,19,19,25,071,37,20,15,119,17,22,11,020,28,8*7A
$GBGSV,3,2,10,24,25,230,19,26,53,283,18,29,23,119,41,31,35,256,14,8*73
$GBGSV,3,3,10,35,60,180,21,39,30,000,46,8*7F
$GBGSV,1,1,01,11,04,111,,0*43
$GNGLL,3001.74369,S,05112.75098,W,170540.00,A,A*76
$GNRMC,170541.00,A,3001.74368,S,05112.75098,W,0.024,,090926,,,A,V*17
$GNVTG,,T,,M,0.024,N,0.044,K,A*3B
$GNGGA,170541.00,3001.74368,S,05112.75098,W,1,12,0.64,49.2,M,4.8,M,,*41
$GNGSA,M,3,18,23,25,26,28,29,31,05,12,13,,,1.20,0.64,1.02,1*03
$GNGSA,M,3,84,83,82,80,,,,,,,,,1.20,0.64,1.02,2*09
$GNGSA,M,3,25,36,10,11,16,,,,,,,,1.20,0.64,1.02,3*09
$GNGSA,M,3,12,19,20,22,24,26,29,35,39,,,,1.20,0.64,1.02,4*06
$GPGSV,3,1,09,05,36,125,45,12,19,035,39,13,13,031,14,23,26,356,46,1*6F
$GPGSV,3,2,09,25,52,020,50,26,27,226,15,28,22,293,08,29,57,147,38,1*62
$GPGSV,3,3,09,31,21,261,28,1*53
$GPGSV,3,1,10,05,36,125,40,12,19,035,28,13,13,031,21,18,67,256,20,6*6F
$GPGSV,3,2,10,23,26,356,44,25,52,020,45,26,27,226,23,28,22,293,22,6*61
$GPGSV,3,3,10,29,57,147,29,31,21,261,27,6*63
$GPGSV,2,1,06,13,13,031,25,18,67,256,25,23,26,356,45,25,52,020,52,8*62
$GPGSV,2,2,06,26,27,226,16,28,22,293,24,8*6F
$GPGSV,1,1,04,15,10,059,,16,00,220,,20,02,086,,21,07,142,,0*62
$GLGSV,2,1,08,66,00,155,09,67,16,105,18,73,58,245,20,74,15,210,13,1*7E
$GLGSV,2,2,08,80,48,355,48,82,25,144,35,83,53,209,07,84,24,275,21,1*79
$GLGSV,2,1,07,67,16,105,21,73,58,245,23,79,00,017,06,80,48,355,43,3*7A
$GLGSV,2,2,07,82,25,144,34,83,53,209,18,84,24,275,16,3*44
$GLGSV,1,1,01,68,10,056,,0*44
$GAGSV,2,1,08,02,33,221,12,10,36,143,37,11,65,156,30,14,22,090,27,1*73
$GAGSV,2,2,08,16,39,044,40,25,88,143,34,34,08,311,16,36,58,297,18,1*74
$GAGSV,1,1,03,10,36,143,32,16,39,044,49,25,88,143,36,5*45
$GAGSV,2,1,06,10,36,143,27,11,65,156,19,14,22,090,28,16,39,044,45,7*72
$GAGSV,2,2,06,25,88,143,37,36,58,297,26,7*70
$GAGSV,1,1,01,12,14,138,,0*49
$GBGSV,3,1,10,12,22,100,19,19,25,071,37,20,15,119,19,22,11,020,18,3*7C
$GBGSV,3,2,10,24,25,230,14,26,53,283,16,29,23,119,42,31,35,256,19,3*75
$GBGSV,3,3,10,35,60,180,27,39,30,000,47,3*73
$GBGSV,3,1,09,12,22,100,29,19,25,071,41,20,15,119,21,22,11,020,23,5*73
$GBGSV,3,2,09,24,25,230,27,26,53,283,12,29,23,119,37,35,60,180,21,5*7A
$GBGSV,3,3,09,39,30,000,46,5*40
$GBGSV,3,1,10,12,22,100,19,19,25,071,37,20,15,119,16,22,11,020,28,8*7B
$GBGSV,3,2,10,24,25,230,19,26,53,283,19,29,23,119,41,31,35,256,14,8*72
$GBGSV,3,3,10,35,60,180,21,39,30,000,46,8*7F
$GBGSV,1,1,01,11,04,111,,0*43
$GNGLL,3001.74368,S,05112.75098,W,170541.00,A,A*76
$GNRMC,170542.00,A,3001.74368,S,05112.75098,W,0.007,,090926,,,A,V*15
$GNVTG,,T,,M,0.007,N,0.013,K,A*38
$GNGGA,170542.00,3001.74368,S,05112.75098,W,1,12,0.64,49.2,M,4.8,M,,*42
$GNGSA,M,3,18,23,25,26,28,29,31,05,12,13,,,1.20,0.64,1.02,1*03
$GNGSA,M,3,84,83,82,80,,,,,,,,,1.20,0.64,1.02,2*09
$GNGSA,M,3,25,36,10,11,16,,,,,,,,1.20,0.64,1.02,3*09
$GNGSA,M,3,12,19,20,22,24,26,29,35,39,,,,1.20,0.64,1.02,4*06
$GPGSV,3,1,09,05,36,125,45,12,19,035,39,13,13,031,15,23,26,356,46,1*6E
$GPGSV,3,2,09,25,52,020,50,26,27,226,14,28,22,293,07,29,57,147,38,1*6C
$GPGSV,3,3,09,31,21,261,28,1*53
$GPGSV,3,1,10,05,36,125,40,12,19,035,28,13,13,031,22,18,67,256,20,6*6C
$GPGSV,3,2,10,23,26,356,44,25,52,020,45,26,27,226,23,28,22,293,21,6*62
$GPGSV,3,3,10,29,57,147,29,31,21,261,27,6*63
$GPGSV,2,1,06,13,13,031,25,18,67,256,26,23,26,356,45,25,52,020,52,8*61
$GPGSV,2,2,06,26,27,226,18,28,22,293,24,8*61
$GPGSV,1,1,04,15,10,059,,16,00,220,,20,02,086,,21,07,142,,0*62
$GLGSV,2,1,08,66,00,155,10,67,16,105,18,73,58,245,19,74,15,210,13,1*7C
$GLGSV,2,2,08,80,48,355,48,82,25,144,34,83,53,209,08,84,24,275,22,1*74
$GLGSV,2,1,07,67,16,105,21,73,58,245,23,79,00,017,08,80,48,355,43,3*74
$GLGSV,2,2,07,82,25,144,34,83,53,209,18,84,24,275,16,3*44
$GLGSV,1,1,01,68,10,056,,0*44
$GAGSV,2,1,08,02,33,221,11,10,36,143,37,11,64,156,29,14,22,090,27,1*79
$GAGSV,2,2,08,16,39,044,40,25,88,143,35,34,08,311,16,36,58,297,17,1*7A
$GAGSV,1,1,03,10,36,143,32,16,39,044,49,25,88,143,36,5*45
$GAGSV,2,1,06,10,36,143,27,11,64,156,19,14,22,090,28,16,39,044,45,7*73
$GAGSV,2,2,06,25,88,143,37,36,58,297,26,7*70
$GAGSV,1,1,01,12,14,138,,0*49
$GBGSV,3,1,10,12,22,100,16,19,25,071,37,20,15,119,20,22,11,020,17,3*76
$GBGSV,3,2,10,24,25,230,14,26,53,283,16,29,23,119,42,31,35,256,19,3*75
$GBGSV,3,3,10,35,60,180,26,39,30,000,47,3*72
$GBGSV,3,1,09,12,22,100,29,19,25,071,41,20,15,119,21,22,11,020,23,5*73
$GBGSV,3,2,09,24,25,230,27,26,53,283,12,29,23,119,37,35,60,180,21,5*7A
$GBGSV,3,3,09,39,30,000,46,5*40
$GBGSV,3,1,10,12,22,100,19,19,25,071,37,20,15,119,16,22,11,020,28,8*7B
$GBGSV,3,2,10,24,25,230,18,26,53,283,19,29,23,119,42,31,35,256,14,8*70
$GBGSV,3,3,10,35,60,180,21,39,30,000,46,8*7F
$GBGSV,1,1,01,11,04,111,,0*43
$GNGLL,3001.74368,S,05112.75098,W,170542.00,A,A*75
$GNRMC,170543.00,A,3001.74368,S,05112.75098,W,0.017,,090926,,,A,V*15
$GNVTG,,T,,M,0.017,N,0.031,K,A*39
$GNGGA,170543.00,3001.74368,S,05112.75098,W,1,12,0.64,49.1,M,4.8,M,,*40
$GNGSA,M,3,18,23,25,26,28,29,31,05,12,13,,,1.20,0.64,1.02,1*03
$GNGSA,M,3,84,83,82,80,,,,,,,,,1.20,0.64,1.02,2*09
$GNGSA,M,3,25,36,10,11,16,,,,,,,,1.20,0.64,1.02,3*09
$GNGSA,M,3,12,19,20,22,24,26,29,35,39,,,,1.20,0.64,1.02,4*06
$GPGSV,3,1,09,05,36,125,45,12,19,035,39,13,13,031,15,23,26,356,46,1*6E
$GPGSV,3,2,09,25,52,020,50,26,27,226,13,28,22,293,03,29,57,147,38,1*6F
$GPGSV,3,3,09,31,21,261,28,1*53
$GPGSV,3,1,10,05,36,125,40,12,19,035,28,13,13,031,22,18,67,256,21,6*6D
$GPGSV,3,2,10,23,26,356,44,25,52,020,45,26,27,226,23,28,22,293,21,6*62
$GPGSV,3,3,10,29,57,147,29,31,21,261,27,6*63
$GPGSV,2,1,06,13,13,031,25,18,67,256,25,23,26,356,45,25,52,020,52,8*62
$GPGSV,2,2,06,26,27,226,19,28,22,293,24,8*60
$GPGSV,1,1,04,15,10,059,,16,00,220,,20,02,086,,21,07,142,,0*62
$GLGSV,2,1,08,66,00,155,10,67,16,105,18,73,58,245,19,74,15,210,12,1*7D
$GLGSV,2,2,08,80,48,355,48,82,25,144,34,83,53,209,08,84,24,275,22,1*74
$GLGSV,2,1,07,67,16,105,20,73,58,245,22,79,00,017,07,80,48,355,43,3*7B
$GLGSV,2,2,07,82,25,144,34,83,53,209,19,84,24,275,17,3*44
$GLGSV,1,1,01,68,10,056,,0*44
$GAGSV,2,1,08,02,33,221,11,10,36,143,37,11,64,156,29,14,22,090,27,1*79
$GAGSV,2,2,08,16,39,044,40,25,88,143,35,34,08,311,15,36,58,297,17,1*79
$GAGSV,1,1,03,10,36,143,32,16,39,044,49,25,88,143,35,5*46
$GAGSV,2,1,06,10,36,143,27,11,64,156,18,14,22,090,28,16,39,044,45,7*72
$GAGSV,2,2,06,25,88,143,37,36,58,297,26,7*70
$GAGSV,1,1,01,12,13,138,,0*4E
$GBGSV,3,1,10,12,22,100,20,19,25,071,37,20,15,119,20,22,11,020,17,3*73
$GBGSV,3,2,10,24,25,230,14,26,53,283,17,29,23,119,42,31,35,256,21,3*7F
$GBGSV,3,3,10,35,60,180,26,39,30,000,47,3*72
$GBGSV,3,1,09,12,22,100,30,19,25,071,41,20,15,119,21,22,11,020,23,5*7B
$GBGSV,3,2,09,24,25,230,27,26,53,283,13,29,23,119,37,35,60,180,21,5*7B
$GBGSV,3,3,09,39,30,000,46,5*40
$GBGSV,3,1,10,12,22,100,19,19,25,071,38,20,15,119,16,22,11,020,28,8*74
$GBGSV,3,2,10,24,25,230,18,26,53,283,18,29,23,119,42,31,35,256,11,8*74
$GBGSV,3,3,10,35,60,180,21,39,30,000,46,8*7F
$GBGSV,1,1,01,11,04,111,,0*43
$GNGLL,3001.74368,S,05112.75098,W,170543.00,A,A*74
$GNRMC,170544.00,A,3001.74368,S,05112.75098,W,0.023,,090926,,,A,V*15
$GNVTG,,T,,M,0.023,N,0.043,K,A*3B
$GNGGA,170544.00,3001.74368,S,05112.75098,W,1,12,0.64,49.1,M,4.8,M,,*47
$GNGSA,M,3,18,23,25,26,28,29,31,05,12,13,,,1.20,0.64,1.02,1*03
$GNGSA,M,3,84,83,82,80,,,,,,,,,1.20,0.64,1.02,2*09
$GNGSA,M,3,25,36,10,11,16,,,,,,,,1.20,0.64,1.02,3*09
$GNGSA,M,3,12,19,20,22,24,26,29,35,39,,,,1.20,0.64,1.02,4*06
$GPGSV,3,1,09,05,36,125,45,12,19,035,39,13,13,031,16,23,26,356,46,1*6D
$GPGSV,3,2,09,25,52,020,50,26,27,226,11,28,22,293,06,29,57,147,38,1*68
$GPGSV,3,3,09,31,21,261,28,1*53
$GPGSV,3,1,10,05,36,125,40,12,19,035,28,13,13,031,22,18,67,256,21,6*6D
$GPGSV,3,2,10,23,26,356,44,25,52,020,45,26,27,226,23,28,22,293,20,6*63
$GPGSV,3,3,10,29,57,147,29,31,21,261,27,6*63
$GPGSV,2,1,06,13,13,031,25,18,67,256,25,23,26,356,45,25,52,020,52,8*62
$GPGSV,2,2,06,26,27,226,19,28,22,293,24,8*60
$GPGSV,1,1,04,15,10,059,,16,00,220,,20,02,086,,21,07,142,,0*62
$GLGSV,2,1,08,66,00,155,10,67,16,105,17,73,58,245,18,74,15,210,09,1*79
$GLGSV,2,2,08,80,48,355,48,82,25,144,34,83,53,209,17,84,24,275,23,1*7B
$GLGSV,2,1,07,67,16,105,21,73,58,245,22,79,00,017,10,80,48,355,43,3*7C
$GLGSV,2,2,07,82,25,144,34,83,53,209,18,84,24,275,17,3*45
$GLGSV,1,1,01,68,10,056,,0*44
$GAGSV,2,1,07,10,36,143,37,11,64,156,30,14,22,090,27,16,39,044,40,1*74
$GAGSV,2,2,07,25,88,143,35,34,08,311,16,36,58,297,16,1*4D
$GAGSV,1,1,03,10,36,143,32,16,39,044,49,25,88,143,36,5*45
$GAGSV,2,1,06,10,36,143,27,11,64,156,19,14,22,090,28,16,39,044,45,7*73
$GAGSV,2,2,06,25,88,143,37,36,58,297,26,7*70
$GAGSV,1,1,02,02,33,221,,12,13,138,,0*7E
$GBGSV,3,1,10,12,22,100,21,19,25,071,37,20,15,119,21,22,11,020,15,3*71
$GBGSV,3,2,10,24,25,230,15,26,53,283,17,29,23,119,42,31,35,256,21,3*7E
$GBGSV,3,3,10,35,60,180,26,39,30,000,47,3*72
$GBGSV,3,1,09,12,22,100,30,19,25,071,41,20,15,119,21,22,11,020,24,5*7C
$GBGSV,3,2,09,24,25,230,27,26,53,283,12,29,23,119,37,35,60,180,21,5*7A
$GBGSV,3,3,09,39,30,000,46,5*40
$GBGSV,3,1,10,12,22,100,18,19,25,071,38,20,15,119,16,22,11,020,28,8*75
$GBGSV,3,2,10,24,25,230,17,26,53,283,18,29,23,119,42,31,35,256,09,8*72
$GBGSV,3,3,10,35,60,180,21,39,30,000,47,8*7E
$GBGSV,1,1,01,11,04,111,,0*43
$GNGLL,3001.74368,S,05112.75098,W,170544.00,A,A*73
$GNRMC,170545.00,A,3001.74369,S,05112.75099,W,0.035,,090926,,,A,V*13
$GNVTG,,T,,M,0.035,N,0.064,K,A*39
$GNGGA,170545.00,3001.74369,S,05112.75099,W,1,12,0.57,49.1,M,4.8,M,,*46
$GNGSA,M,3,18,23,25,26,28,29,31,05,12,13,,,1.09,0.57,0.93,1*01
$GNGSA,M,3,84,83,82,80,,,,,,,,,1.09,0.57,0.93,2*0B
$GNGSA,M,3,25,36,10,11,16,,,,,,,,1.09,0.57,0.93,3*0B
$GNGSA,M,3,12,19,20,22,24,26,29,35,39,,,,1.09,0.57,0.93,4*04
$GPGSV,3,1,09,05,36,125,45,12,19,035,39,13,13,031,15,23,26,356,46,1*6E
$GPGSV,3,2,09,25,52,020,50,26,27,226,10,28,22,293,08,29,57,147,38,1*67
$GPGSV,3,3,09,31,21,261,29,1*52
$GPGSV,3,1,10,05,36,125,40,12,19,035,28,13,13,031,22,18,67,256,21,6*6D
$GPGSV,3,2,10,23,26,356,44,25,52,020,45,26,27,226,23,28,22,293,19,6*69
$GPGSV,3,3,10,29,57,147,29,31,21,261,28,6*6C
$GPGSV,2,1,06,13,13,031,25,18,67,256,25,23,26,356,45,25,52,020,52,8*62
$GPGSV,2,2,06,26,27,226,19,28,22,293,24,8*60
$GPGSV,1,1,04,15,10,059,,16,00,220,,20,02,086,,21,07,142,,0*62
$GLGSV,2,1,08,66,00,155,08,67,16,105,17,73,58,245,19,74,15,210,09,1*71
$GLGSV,2,2,08,80,48,355,48,82,25,144,35,83,53,209,14,84,24,275,23,1*79
$GLGSV,2,1,07,67,16,105,21,73,58,245,22,79,00,017,10,80,48,355,43,3*7C
$GLGSV,2,2,07,82,25,144,34,83,53,209,18,84,24,275,15,3*47
$GLGSV,1,1,01,68,10,056,,0*44
$GAGSV,2,1,07,10,36,143,37,11,64,156,30,14,21,090,27,16,39,044,40,1*77
$GAGSV,2,2,07,25,88,143,35,34,08,311,16,36,58,297,16,1*4D
$GAGSV,1,1,03,10,36,143,32,16,39,044,49,25,88,143,36,5*45
$GAGSV,2,1,06,10,36,143,26,11,64,156,18,14,21,090,28,16,39,044,45,7*70
$GAGSV,2,2,06,25,88,143,37,36,58,297,26,7*70
$GAGSV,1,1,02,02,33,221,,12,13,138,,0*7E
$GBGSV,3,1,10,12,22,100,22,19,25,071,37,20,15,119,21,22,11,020,16,3*71
$GBGSV,3,2,10,24,25,230,15,26,53,283,18,29,23,119,42,31,35,256,21,3*71
$GBGSV,3,3,10,35,60,180,27,39,30,000,47,3*73
$GBGSV,3,1,09,12,22,100,31,19,25,071,41,20,15,119,21,22,11,020,24,5*7D
$GBGSV,3,2,09,24,25,230,27,26,53,283,13,29,23,119,37,35,60,180,21,5*7B
$GBGSV,3,3,09,39,30,000,46,5*40
$GBGSV,3,1,10,12,22,100,18,19,25,071,38,20,15,119,16,22,11,020,28,8*75
$GBGSV,3,2,10,24,25,230,17,26,53,283,18,29,23,119,42,31,35,256,10,8*7A
$GBGSV,3,3,10,35,60,180,21,39,30,000,46,8*7F
$GBGSV,1,1,01,11,04,111,,0*43
$GNGLL,3001.74369,S,05112.75099,W,170545.00,A,A*72
$GNRMC,170546.00,A,3001.74368,S,05112.75098,W,0.018,,090926,,,A,V*1F
$GNVTG,,T,,M,0.018,N,0.034,K,A*33
$GNGGA,170546.00,3001.74368,S,05112.75098,W,1,12,0.57,49.1,M,4.8,M,,*45
$GNGSA,M,3,18,23,25,26,28,29,31,05,12,13,,,1.09,0.57,0.93,1*01
$GNGSA,M,3,84,83,82,80,,,,,,,,,1.09,0.57,0.93,2*0B
$GNGSA,M,3,25,36,10,11,16,,,,,,,,1.09,0.57,0.93,3*0B
$GNGSA,M,3,12,19,20,22,24,26,29,35,39,,,,1.09,0.57,0.93,4*04
$GPGSV,3,1,09,05,36,125,45,12,19,035,39,13,13,031,15,23,26,356,46,1*6E
$GPGSV,3,2,09,25,52,020,50,26,27,226,10,28,22,293,08,29,57,147,38,1*67
$GPGSV,3,3,09,31,21,261,29,1*52
$GPGSV,3,1,10,05,36,125,40,12,19,035,28,13,13,031,22,18,67,256,21,6*6D
$GPGSV,3,2,10,23,26,356,44,25,52,020,45,26,27,226,23,28,22,293,19,6*69
$GPGSV,3,3,10,29,57,147,29,31,21,261,28,6*6C
$GPGSV,2,1,06,13,13,031,25,18,67,256,26,23,26,356,45,25,52,020,52,8*61
$GPGSV,2,2,06,26,27,226,19,28,22,293,24,8*60
$GPGSV,1,1,04,15,10,059,,16,00,220,,20,02,086,,21,07,142,,0*62
$GLGSV,2,1,07,66,00,155,08,67,16,105,17,73,58,245,19,80,48,355,48,1*78
$GLGSV,2,2,07,82,25,144,34,83,53,209,07,84,24,275,23,1*4E
$GLGSV,2,1,07,67,16,105,20,73,58,245,22,79,00,017,08,80,48,355,43,3*74
$GLGSV,2,2,07,82,25,144,34,83,53,209,19,84,24,275,15,3*46
$GLGSV,1,1,02,68,10,056,,74,15,210,,0*73
$GAGSV,2,1,07,10,36,143,37,11,64,156,29,14,21,090,27,16,39,044,40,1*7F
$GAGSV,2,2,07,25,88,143,35,34,08,311,16,36,58,297,17,1*4C
$GAGSV,1,1,03,10,36,143,32,16,39,044,49,25,88,143,36,5*45
$GAGSV,2,1,06,10,36,143,26,11,64,156,19,14,21,090,28,16,39,044,45,7*71
$GAGSV,2,2,06,25,88,143,37,36,58,297,26,7*70
$GAGSV,1,1,02,02,33,221,,12,13,138,,0*7E
$GBGSV,3,1,10,12,22,100,23,19,25,071,37,20,15,119,22,22,11,020,15,3*70
$GBGSV,3,2,10,24,25,230,15,26,53,283,19,29,23,119,42,31,35,256,21,3*70
$GBGSV,3,3,10,35,60,180,26,39,30,000,47,3*72
$GBGSV,3,1,09,12,22,100,30,19,25,071,41,20,15,119,20,22,11,020,23,5*7A
$GBGSV,3,2,09,24,25,230,27,26,53,283,10,29,23,119,37,35,60,180,21,5*78
$GBGSV,3,3,09,39,30,000,46,5*40
$GBGSV,3,1,10,12,22,100,18,19,25,071,38,20,15,119,17,22,11,020,29,8*75
$GBGSV,3,2,10,24,25,230,17,26,53,283,18,29,23,119,42,31,35,256,13,8*79
$GBGSV,3,3,10,35,60,180,20,39,30,000,47,8*7F
$GBGSV,1,1,01,11,04,111,,0*43
$GNGLL,3001.74368,S,05112.75098,W,170546.00,A,A*71
$GNRMC,170547.00,A,3001.74368,S,05112.75098,W,0.032,,090926,,,A,V*16
$GNVTG,,T,,M,0.032,N,0.059,K,A*30
$GNGGA,170547.00,3001.74368,S,05112.75098,W,1,12,0.64,49.1,M,4.8,M,,*44
$GNGSA,M,3,18,23,25,26,28,29,31,05,12,13,,,1.20,0.64,1.02,1*03
$GNGSA,M,3,84,83,82,80,,,,,,,,,1.20,0.64,1.02,2*09
$GNGSA,M,3,25,36,10,11,16,,,,,,,,1.20,0.64,1.02,3*09
$GNGSA,M,3,12,19,20,22,24,26,29,35,39,,,,1.20,0.64,1.02,4*06
$GPGSV,3,1,09,05,36,125,45,12,19,035,39,13,13,031,16,23,26,356,46,1*6D
$GPGSV,3,2,09,25,52,020,50,26,27,226,11,28,22,293,08,29,57,147,38,1*66
$GPGSV,3,3,09,31,21,261,29,1*52
$GPGSV,3,1,10,05,36,125,40,12,19,035,28,13,13,031,22,18,67,256,21,6*6D
$GPGSV,3,2,10,23,26,356,44,25,52,020,45,26,27,226,23,28,22,293,18,6*68
$GPGSV,3,3,10,29,57,147,29,31,21,261,28,6*6C
$GPGSV,2,1,06,13,13,031,25,18,67,256,26,23,26,356,45,25,52,020,52,8*61
$GPGSV,2,2,06,26,27,226,19,28,22,293,24,8*60
$GPGSV,1,1,04,15,10,059,,16,00,220,,20,02,086,,21,07,142,,0*62
$GLGSV,2,1,08,66,00,155,08,67,16,105,17,73,58,245,19,74,15,210,19,1*70
$GLGSV,2,2,08,80,48,355,48,82,25,144,34,83,53,209,10,84,24,275,23,1*7C
$GLGSV,2,1,07,67,16,105,20,73,58,245,23,79,00,017,09,80,48,355,43,3*74
$GLGSV,2,2,07,82,25,144,34,83,53,209,20,84,24,275,17,3*4E
$GLGSV,1,1,01,68,10,056,,0*44
$GAGSV,2,1,07,10,36,143,37,11,64,156,29,14,21,090,27,16,38,043,40,1*79
$GAGSV,2,2,07,25,88,143,34,34,08,311,16,36,58,297,17,1*4D
$GAGSV,1,1,03,10,36,143,32,16,38,043,49,25,88,143,36,5*43
$GAGSV,2,1,06,10,36,143,27,11,64,156,19,14,21,090,27,16,38,043,45,7*79
$GAGSV,2,2,06,25,88,143,37,36,58,297,26,7*70
$GAGSV,1,1,02,02,33,221,,12,13,138,,0*7E
$GBGSV,3,1,10,12,22,100,25,19,25,071,37,20,15,119,22,22,11,020,14,3*77
$GBGSV,3,2,10,24,25,230,14,26,53,283,20,29,23,119,42,31,35,256,21,3*7B
$GBGSV,3,3,10,35,60,180,26,39,30,000,47,3*72
$GBGSV,2,1,08,12,22,100,30,19,25,071,41,20,15,119,21,22,11,020,23,5*7B
$GBGSV,2,2,08,24,25,230,27,29,23,119,37,35,60,180,21,39,30,000,46,5*79
$GBGSV,3,1,09,12,22,100,19,19,25,071,38,20,15,119,18,22,11,020,28,8*72
$GBGSV,3,2,09,24,25,230,18,26,53,283,19,29,23,119,42,35,60,180,20,8*73
$GBGSV,3,3,09,39,30,000,47,8*4C
$GBGSV,1,1,01,11,04,111,,0*43
$GNGLL,3001.74368,S,05112.75098,W,170547.00,A,A*70
$GNRMC,170548.00,A,3001.74368,S,05112.75098,W,0.008,,090926,,,A,V*10
$GNVTG,,T,,M,0.008,N,0.015,K,A*31
$GNGGA,170548.00,3001.74368,S,05112.75098,W,1,12,0.64,49.1,M,4.8,M,,*4B
$GNGSA,M,3,18,23,25,26,28,29,31,05,12,13,,,1.20,0.64,1.02,1*03
$GNGSA,M,3,84,83,82,80,,,,,,,,,1.20,0.64,1.02,2*09
$GNGSA,M,3,25,36,10,11,16,,,,,,,,1.20,0.64,1.02,3*09
$GNGSA,M,3,12,19,20,22,24,26,29,35,39,,,,1.20,0.64,1.02,4*06
$GPGSV,3,1,09,05,36,125,45,12,19,035,38,13,13,031,17,23,26,356,46,1*6D
$GPGSV,3,2,09,25,52,020,50,26,27,226,09,28,22,293,10,29,57,147,38,1*66
$GPGSV,3,3,09,31,21,261,29,1*52
$GPGSV,3,1,10,05,36,125,40,12,19,035,28,13,13,031,22,18,67,256,21,6*6D
$GPGSV,3,2,10,23,26,356,44,25,52,020,45,26,27,226,23,28,22,293,18,6*68
$GPGSV,3,3,10,29,57,147,29,31,21,261,28,6*6C
$GPGSV,2,1,06,13,13,031,25,18,67,256,26,23,26,356,45,25,52,020,52,8*61
$GPGSV,2,2,06,26,27,226,20,28,22,293,24,8*6A
$GPGSV,1,1,04,15,10,059,,16,00,220,,20,02,086,,21,07,142,,0*62
$GLGSV,2,1,08,66,00,155,08,67,16,105,18,73,58,245,20,74,15,210,18,1*74
$GLGSV,2,2,08,80,48,355,48,82,25,144,34,83,53,209,17,84,24,275,23,1*7B
$GLGSV,2,1,07,67,16,105,20,73,58,245,24,79,00,017,07,80,48,355,43,3*7D
$GLGSV,2,2,07,82,25,144,34,83,53,209,20,84,24,275,16,3*4F
$GLGSV,1,1,01,68,10,056,,0*44
$GAGSV,2,1,08,02,33,221,15,10,36,143,37,11,64,156,29,14,21,090,27,1*7E
$GAGSV,2,2,08,16,38,043,40,25,88,143,35,34,08,311,16,36,58,297,17,1*7C
$GAGSV,1,1,03,10,36,143,32,16,38,043,49,25,88,143,36,5*43
$GAGSV,2,1,06,10,36,143,26,11,64,156,19,14,21,090,27,16,38,043,45,7*78
$GAGSV,2,2,06,25,88,143,37,36,58,297,26,7*70
$GAGSV,1,1,01,12,13,138,,0*4E
$GBGSV,3,1,10,12,22,100,25,19,25,071,37,20,15,119,21,22,11,020,13,3*73
$GBGSV,3,2,10,24,25,230,13,26,53,283,20,29,23,119,42,31,35,256,20,3*7D
$GBGSV,3,3,10,35,60,180,27,39,30,000,47,3*73
$GBGSV,2,1,08,12,22,100,30,19,25,071,41,20,15,119,20,22,11,020,23,5*7A
$GBGSV,2,2,08,24,25,230,27,29,23,119,37,35,60,180,21,39,30,000,46,5*79
$GBGSV,3,1,10,12,22,100,19,19,25,071,38,20,15,119,17,22,11,020,29,8*74
$GBGSV,3,2,10,24,25,230,18,26,53,283,18,29,23,119,42,31,35,256,20,8*76
$GBGSV,3,3,10,35,60,180,20,39,30,000,47,8*7F
$GBGSV,1,1,01,11,04,111,,0*43
$GNGLL,3001.74368,S,05112.75098,W,170548.00,A,A*7F
$GNRMC,170549.00,A,3001.74368,S,05112.75098,W,0.036,,090926,,,A,V*1C
$GNVTG,,T,,M,0.036,N,0.066,K,A*38
$GNGGA,170549.00,3001.74368,S,05112.75098,W,1,12,0.64,49.1,M,4.8,M,,*4A
$GNGSA,M,3,18,23,25,26,28,29,31,05,12,13,,,1.20,0.64,1.02,1*03
$GNGSA,M,3,84,83,82,80,,,,,,,,,1.20,0.64,1.02,2*09
$GNGSA,M,3,25,36,10,11,16,,,,,,,,1.20,0.64,1.02,3*09
$GNGSA,M,3,12,19,20,22,24,26,29,35,39,,,,1.20,0.64,1.02,4*06
$GPGSV,3,1,09,05,36,125,45,12,19,035,38,13,13,031,18,23,26,356,46,1*62
$GPGSV,3,2,09,25,52,020,50,26,27,226,12,28,22,293,13,29,57,147,38,1*6F
$GPGSV,3,3,09,31,21,261,29,1*52
$GPGSV,3,1,10,05,36,125,40,12,19,035,28,13,13,031,22,18,67,256,21,6*6D
$GPGSV,3,2,10,23,26,356,44,25,52,020,45,26,27,226,23,28,22,293,18,6*68
$GPGSV,3,3,10,29,57,147,29,31,21,261,28,6*6C
$GPGSV,2,1,06,13,13,031,25,18,67,256,26,23,26,356,45,25,52,020,52,8*61
$GPGSV,2,2,06,26,27,226,19,28,22,293,23,8*67
$GPGSV,1,1,04,15,10,059,,16,00,220,,20,02,086,,21,07,142,,0*62
$GLGSV,2,1,08,66,00,155,08,67,16,105,17,73,58,245,20,74,15,210,18,1*7B
$GLGSV,2,2,08,80,48,355,48,82,25,144,34,83,53,209,18,84,24,275,22,1*75
$GLGSV,2,1,07,67,16,105,21,73,58,245,24,79,00,017,11,80,48,355,43,3*7B
$GLGSV,2,2,07,82,25,144,34,83,53,209,20,84,24,275,15,3*4C
$GLGSV,1,1,01,68,10,056,,0*44
$GAGSV,2,1,08,02,33,221,15,10,36,143,37,11,64,156,29,14,21,090,27,1*7E
$GAGSV,2,2,08,16,38,043,40,25,88,143,35,34,08,311,16,36,58,297,16,1*7D
$GAGSV,1,1,03,10,36,143,32,16,38,043,49,25,88,143,36,5*43
$GAGSV,2,1,06,10,36,143,26,11,64,156,19,14,21,090,27,16,38,043,45,7*78
$GAGSV,2,2,06,25,88,143,37,36,58,297,26,7*70
$GAGSV,1,1,01,12,13,138,,0*4E
$GBGSV,3,1,10,12,22,100,26,19,25,071,37,20,15,119,21,22,11,020,10,3*73
$GBGSV,3,2,10,24,25,230,10,26,53,283,20,29,23,119,42,31,35,256,20,3*7E
$GBGSV,3,3,10,35,60,180,26,39,30,000,47,3*72
$GBGSV,2,1,08,12,22,100,31,19,25,071,42,20,15,119,21,22,11,020,23,5*79
$GBGSV,2,2,08,24,25,230,28,29,23,119,37,35,60,180,21,39,30,000,46,5*76
$GBGSV,3,1,10,12,22,100,20,19,25,071,38,20,15,119,18,22,11,020,28,8*70
$GBGSV,3,2,10,24,25,230,18,26,53,283,18,29,23,119,42,31,35,256,19,8*7C
$GBGSV,3,3,10,35,60,180,19,39,30,000,47,8*75
$GBGSV,1,1,01,11,04,111,,0*43
$GNGLL,3001.74368,S,05112.75098,W,170549.00,A,A*7E
$GNRMC,170550.00,A,3001.74368,S,05112.75098,W,0.007,,090926,,,A,V*16
$GNVTG,,T,,M,0.007,N,0.014,K,A*3F
$GNGGA,170550.00,3001.74368,S,05112.75098,W,1,12,0.64,49.0,M,4.8,M,,*43
$GNGSA,M,3,18,23,25,26,28,29,31,05,12,13,,,1.20,0.64,1.02,1*03
$GNGSA,M,3,84,83,82,80,,,,,,,,,1.20,0.64,1.02,2*09
$GNGSA,M,3,25,36,10,11,16,,,,,,,,1.20,0.64,1.02,3*09
$GNGSA,M,3,12,19,20,22,24,26,29,35,39,,,,1.20,0.64,1.02,4*06
$GPGSV,3,1,09,05,36,125,45,12,19,035,38,13,13,031,18,23,26,356,46,1*62
$GPGSV,3,2,09,25,52,020,50,26,27,226,08,28,22,293,09,29,57,147,38,1*6F
$GPGSV,3,3,09,31,21,261,29,1*52
$GPGSV,3,1,10,05,36,125,40,12,19,035,28,13,13,031,23,18,67,256,21,6*6C
$GPGSV,3,2,10,23,26,356,44,25,52,020,45,26,27,226,22,28,22,293,18,6*69
$GPGSV,3,3,10,29,57,147,29,31,21,261,28,6*6C
$GPGSV,2,1,06,13,13,031,25,18,67,256,26,23,26,356,45,25,52,020,52,8*61
$GPGSV,2,2,06,26,27,226,19,28,22,293,23,8*67
$GPGSV,1,1,04,15,10,059,,16,00,220,,20,02,086,,21,07,142,,0*62
$GLGSV,2,1,08,66,00,155,10,67,16,105,17,73,58,245,20,74,15,210,17,1*7D
$GLGSV,2,2,08,80,48,355,48,82,25,144,34,83,53,209,19,84,24,275,21,1*77
$GLGSV,2,1,07,67,16,105,21,73,58,245,24,79,00,017,10,80,48,355,43,3*7A
$GLGSV,2,2,07,82,25,144,34,83,53,209,20,84,24,275,15,3*4C
$GLGSV,1,1,01,68,10,056,,0*44
$GAGSV,2,1,08,02,33,221,15,10,36,143,37,11,64,156,29,14,21,090,27,1*7E
$GAGSV,2,2,08,16,38,043,40,25,88,143,34,34,08,311,17,36,58,297,16,1*7D
$GAGSV,1,1,03,10,36,143,32,16,38,043,49,25,88,143,36,5*43
$GAGSV,2,1,06,10,36,143,26,11,64,156,18,14,21,090,27,16,38,043,45,7*79
$GAGSV,2,2,06,25,88,143,37,36,58,297,26,7*70
$GAGSV,1,1,01,12,13,138,,0*4E
$GBGSV,3,1,10,12,22,100,26,19,25,071,37,20,15,119,22,22,11,020,11,3*71
$GBGSV,3,2,10,24,25,230,11,26,53,283,20,29,23,119,42,31,35,256,20,3*7F
$GBGSV,3,3,10,35,60,180,26,39,30,000,47,3*72
$GBGSV,2,1,08,12,22,100,31,19,25,071,41,20,15,119,21,22,11,020,23,5*7A
$GBGSV,2,2,08,24,25,230,28,29,23,119,37,35,60,180,20,39,30,000,46,5*77
$GBGSV,3,1,10,12,22,100,21,19,25,071,38,20,15,119,19,22,11,020,28,8*70
$GBGSV,3,2,10,24,25,230,18,26,53,283,18,29,23,119,42,31,35,256,18,8*7D
$GBGSV,3,3,10,35,60,180,19,39,30,000,47,8*75
$GBGSV,1,1,01,11,04,111,,0*43
$GNGLL,3001.74368,S,05112.75098,W,170550.00,A,A*76
$GNRMC,170551.00,A,3001.74368,S,05112.75098,W,0.019,,090926,,,A,V*18
$GNVTG,,T,,M,0.019,N,0.034,K,A*32
$GNGGA,170551.00,3001.74368,S,05112.75098,W,1,12,0.59,49.0,M,4.8,M,,*4C
$GNGSA,M,3,18,23,25,26,28,29,31,05,12,13,,,1.15,0.59,0.98,1*09
$GNGSA,M,3,84,83,82,80,,,,,,,,,1.15,0.59,0.98,2*03
$GNGSA,M,3,25,36,10,11,16,,,,,,,,1.15,0.59,0.98,3*03
$GNGSA,M,3,12,19,20,22,24,26,29,31,35,39,,,1.15,0.59,0.98,4*0E
$GPGSV,3,1,09,05,36,125,45,12,19,035,38,13,13,031,18,23,26,356,46,1*62
$GPGSV,3,2,09,25,52,020,50,26,27,226,08,28,22,293,10,29,57,147,38,1*67
$GPGSV,3,3,09,31,21,261,29,1*52
$GPGSV,3,1,10,05,36,125,40,12,19,035,28,13,13,031,23,18,67,256,21,6*6C
$GPGSV,3,2,10,23,26,356,44,25,52,020,45,26,27,226,22,28,22,293,18,6*69
$GPGSV,3,3,10,29,57,147,29,31,21,261,27,6*63
$GPGSV,2,1,06,13,13,031,25,18,67,256,26,23,26,356,45,25,52,020,52,8*61
$GPGSV,2,2,06,26,27,226,20,28,22,293,23,8*6D
$GPGSV,1,1,04,15,10,059,,16,00,220,,20,02,086,,21,07,142,,0*62
$GLGSV,2,1,08,66,00,155,11,67,16,105,18,73,58,245,20,74,15,210,17,1*73
$GLGSV,2,2,08,80,48,355,48,82,25,144,34,83,53,209,21,84,24,275,21,1*7C
$GLGSV,2,1,07,67,16,105,21,73,58,245,23,79,00,017,09,80,48,355,43,3*75
$GLGSV,2,2,07,82,25,144,34,83,53,209,20,84,24,275,15,3*4C
$GLGSV,1,1,01,68,10,056,,0*44
$GAGSV,2,1,08,02,33,221,15,10,36,143,37,11,64,156,29,14,21,090,27,1*7E
$GAGSV,2,2,08,16,38,043,40,25,89,110,35,34,08,311,17,36,58,297,16,1*7B
$GAGSV,1,1,03,10,36,143,32,16,38,043,49,25,89,110,36,5*44
$GAGSV,2,1,07,02,33,221,24,10,36,143,26,11,64,156,18,14,21,090,27,7*77
$GAGSV,2,2,07,16,38,043,45,25,89,110,37,36,58,297,26,7*4C
$GAGSV,1,1,01,12,13,138,,0*4E
$GBGSV,3,1,10,12,22,100,27,19,25,071,37,20,15,119,22,22,11,020,06,3*76
$GBGSV,3,2,10,24,25,230,12,26,53,283,21,29,23,119,42,31,35,256,20,3*7D
$GBGSV,3,3,10,35,60,180,26,39,30,000,47,3*72
$GBGSV,2,1,08,12,22,100,31,19,25,071,42,20,15,119,20,22,11,020,23,5*78
$GBGSV,2,2,08,24,25,230,28,29,23,119,37,35,60,180,20,39,30,000,46,5*77
$GBGSV,3,1,10,12,22,100,22,19,25,071,38,20,15,119,20,22,11,020,29,8*78
$GBGSV,3,2,10,24,25,230,18,26,53,283,17,29,23,119,42,31,35,256,18,8*72
$GBGSV,3,3,10,35,60,180,19,39,30,000,47,8*75
$GBGSV,1,1,01,11,04,111,,0*43
$GNGLL,3001.74368,S,05112.75098,W,170551.00,A,A*77
$GNRMC,170552.00,A,3001.74368,S,05112.75098,W,0.045,,090926,,,A,V*12
$GNVTG,,T,,M,0.045,N,0.084,K,A*30
$GNGGA,170552.00,3001.74368,S,05112.75098,W,1,12,0.55,49.0,M,4.8,M,,*43
$GNGSA,M,3,18,23,25,26,28,29,31,05,12,13,,,1.10,0.55,0.95,1*0D
$GNGSA,M,3,84,83,82,80,,,,,,,,,1.10,0.55,0.95,2*07
$GNGSA,M,3,25,36,02,10,11,16,,,,,,,1.10,0.55,0.95,3*05
$GNGSA,M,3,12,19,20,22,24,26,29,31,35,39,,,1.10,0.55,0.95,4*0A
$GPGSV,3,1,09,05,36,125,45,12,19,035,38,13,13,031,17,23,26,356,46,1*6D
$GPGSV,3,2,09,25,52,020,50,26,27,226,17,28,22,293,12,29,57,147,38,1*6B
$GPGSV,3,3,09,31,21,261,30,1*5A
$GPGSV,3,1,10,05,36,125,40,12,19,035,28,13,13,031,23,18,67,256,22,6*6F
$GPGSV,3,2,10,23,26,356,44,25,52,020,45,26,27,226,23,28,22,293,18,6*68
$GPGSV,3,3,10,29,57,147,29,31,21,261,27,6*63
$GPGSV,2,1,06,13,13,031,24,18,67,256,26,23,26,356,45,25,52,020,52,8*60
$GPGSV,2,2,06,26,27,226,20,28,22,293,23,8*6D
$GPGSV,1,1,04,15,10,059,,16,00,220,,20,02,086,,21,07,142,,0*62
$GLGSV,2,1,08,66,00,155,13,67,16,105,19,73,58,245,19,74,15,210,18,1*75
$GLGSV,2,2,08,80,48,355,48,82,25,144,34,83,53,209,22,84,24,275,21,1*7F
$GLGSV,2,1,07,67,16,105,21,73,58,245,23,79,00,017,10,80,48,355,43,3*7D
$GLGSV,2,2,07,82,25,144,34,83,53,209,20,84,24,275,16,3*4F
$GLGSV,1,1,01,68,10,056,,0*44
$GAGSV,2,1,08,02,33,221,15,10,36,143,37,11,64,156,29,14,21,090,27,1*7E
$GAGSV,2,2,08,16,38,043,40,25,89,110,35,34,08,311,17,36,58,297,16,1*7B
$GAGSV,1,1,03,10,36,143,32,16,38,043,49,25,89,110,36,5*44
$GAGSV,2,1,07,02,33,221,22,10,36,143,26,11,64,156,18,14,21,090,27,7*71
$GAGSV,2,2,07,16,38,043,45,25,89,110,37,36,58,297,26,7*4C
$GAGSV,1,1,01,12,13,138,,0*4E
$GBGSV,3,1,10,12,22,100,27,19,25,071,37,20,15,119,22,22,11,020,11,3*70
$GBGSV,3,2,10,24,25,230,11,26,53,283,21,29,23,119,42,31,35,256,20,3*7E
$GBGSV,3,3,10,35,60,180,27,39,30,000,47,3*73
$GBGSV,2,1,08,12,22,100,31,19,25,071,42,20,15,119,20,22,11,020,23,5*78
$GBGSV,2,2,08,24,25,230,28,29,23,119,37,35,60,180,21,39,30,000,46,5*76
$GBGSV,3,1,10,12,22,100,22,19,25,071,38,20,15,119,20,22,11,020,28,8*79
$GBGSV,3,2,10,24,25,230,18,26,53,283,17,29,23,119,42,31,35,256,17,8*7D
$GBGSV,3,3,10,35,60,180,19,39,30,000,47,8*75
$GBGSV,1,1,01,11,04,111,,0*43
$GNGLL,3001.74368,S,05112.75098,W,170552.00,A,A*74
$GNRMC,170553.00,A,3001.74368,S,05112.75098,W,0.021,,090926,,,A,V*11
$GNVTG,,T,,M,0.021,N,0.038,K,A*35
$GNGGA,170553.00,3001.74368,S,05112.75098,W,1,12,0.50,49.0,M,4.8,M,,*47
$GNGSA,M,3,18,23,25,26,28,29,31,05,12,13,,,1.01,0.50,0.88,1*04
$GNGSA,M,3,84,83,82,80,,,,,,,,,1.01,0.50,0.88,2*0E
$GNGSA,M,3,25,36,02,10,11,16,,,,,,,1.01,0.50,0.88,3*0C
$GNGSA,M,3,12,19,20,22,24,26,29,31,35,39,,,1.01,0.50,0.88,4*03
$GPGSV,3,1,09,05,36,125,45,12,19,035,38,13,13,031,18,23,26,356,46,1*62
$GPGSV,3,2,09,25,52,020,50,26,27,226,15,28,22,293,17,29,57,147,38,1*6C
$GPGSV,3,3,09,31,21,261,30,1*5A
$GPGSV,3,1,10,05,36,125,40,12,19,035,28,13,13,031,23,18,67,256,23,6*6E
$GPGSV,3,2,10,23,26,356,44,25,52,020,45,26,27,226,24,28,22,293,18,6*6F
$GPGSV,3,3,10,29,57,147,29,31,21,261,27,6*63
$GPGSV,2,1,06,13,13,031,25,18,67,256,26,23,26,356,45,25,52,020,52,8*61
$GPGSV,2,2,06,26,27,226,20,28,22,293,23,8*6D
$GPGSV,1,1,04,15,10,059,,16,00,220,,20,02,086,,21,07,142,,0*62
$GLGSV,2,1,08,66,00,155,11,67,16,105,19,73,58,245,17,74,15,210,17,1*76
$GLGSV,2,2,08,80,48,355,48,82,25,144,35,83,53,209,21,84,24,275,20,1*7C
$GLGSV,2,1,07,67,16,105,21,73,58,245,22,79,00,017,10,80,48,355,43,3*7C
$GLGSV,2,2,07,82,25,144,34,83,53,209,19,84,24,275,16,3*45
$GLGSV,1,1,01,68,10,056,,0*44
$GAGSV,2,1,08,02,33,221,15,10,36,143,37,11,64,156,29,14,21,090,27,1*7E
$GAGSV,2,2,08,16,38,043,40,25,89,110,35,34,08,311,17,36,58,297,16,1*7B
$GAGSV,1,1,03,10,36,143,32,16,38,043,49,25,89,110,36,5*44
$GAGSV,2,1,07,02,33,221,21,10,36,143,25,11,64,156,18,14,21,090,27,7*71
$GAGSV,2,2,07,16,38,043,45,25,89,110,37,36,58,297,26,7*4C
$GAGSV,1,1,01,12,13,138,,0*4E
$GBGSV,3,1,10,12,22,100,27,19,25,071,37,20,15,119,22,22,11,020,09,3*79
$GBGSV,3,2,10,24,25,230,10,26,53,283,22,29,23,119,42,31,35,256,20,3*7C
$GBGSV,3,3,10,35,60,180,26,39,30,000,47,3*72
$GBGSV,2,1,08,12,22,100,31,19,25,071,42,20,15,119,20,22,11,020,24,5*7F
$GBGSV,2,2,08,24,25,230,28,29,23,119,37,35,60,180,20,39,30,000,46,5*77
$GBGSV,3,1,10,12,22,100,23,19,25,071,38,20,15,119,21,22,11,020,29,8*78
$GBGSV,3,2,10,24,25,230,17,26,53,283,16,29,23,119,42,31,35,256,16,8*72
$GBGSV,3,3,10,35,60,180,19,39,30,000,47,8*75
$GBGSV,1,1,01,11,04,111,,0*43
$GNGLL,3001.74368,S,05112.75098,W,170553.00,A,A*75
$GNRMC,170554.00,A,3001.74368,S,05112.75098,W,0.009,,090926,,,A,V*1C
$GNVTG,,T,,M,0.009,N,0.017,K,A*32
$GNGGA,170554.00,3001.74368,S,05112.75098,W,1,12,0.55,49.0,M,4.8,M,,*45
$GNGSA,M,3,18,23,25,26,28,29,31,05,12,13,,,1.10,0.55,0.95,1*0D
$GNGSA,M,3,84,83,82,80,,,,,,,,,1.10,0.55,0.95,2*07
$GNGSA,M,3,25,36,02,10,11,16,,,,,,,1.10,0.55,0.95,3*05
$GNGSA,M,3,12,19,20,22,24,26,29,31,35,39,,,1.10,0.55,0.95,4*0A
$GPGSV,3,1,09,05,36,125,45,12,19,035,38,13,13,031,18,23,26,356,46,1*62
$GPGSV,3,2,09,25,52,020,50,26,27,226,12,28,22,293,11,29,57,147,38,1*6D
$GPGSV,3,3,09,31,21,261,29,1*52
$GPGSV,3,1,10,05,36,125,39,12,19,035,28,13,13,031,23,18,67,256,22,6*61
$GPGSV,3,2,10,23,26,356,44,25,52,020,45,26,27,226,24,28,22,293,16,6*61
$GPGSV,3,3,10,29,57,147,29,31,21,261,27,6*63
$GPGSV,2,1,06,13,13,031,25,18,67,256,26,23,26,356,45,25,52,020,52,8*61
$GPGSV,2,2,06,26,27,226,20,28,22,293,23,8*6D
$GPGSV,1,1,04,15,10,059,,16,00,220,,20,02,086,,21,07,142,,0*62
$GLGSV,2,1,07,67,16,105,18,73,58,245,13,74,15,210,17,80,48,355,48,1*76
$GLGSV,2,2,07,82,25,144,34,83,53,209,21,84,24,275,19,1*43
$GLGSV,2,1,08,67,16,105,21,68,10,056,17,73,58,245,22,79,00,017,10,3*79
$GLGSV,2,2,08,80,48,355,43,82,25,144,34,83,53,209,19,84,24,275,16,3*7A
$GLGSV,1,1,01,66,00,155,,0*49
$GAGSV,2,1,08,02,33,221,15,10,36,143,37,11,64,156,29,14,21,090,27,1*7E
$GAGSV,2,2,08,16,38,043,40,25,89,110,35,34,08,311,16,36,58,297,16,1*7A
$GAGSV,1,1,03,10,36,143,32,16,38,043,49,25,89,110,36,5*44
$GAGSV,2,1,07,02,33,221,21,10,36,143,26,11,64,156,18,14,21,090,26,7*73
$GAGSV,2,2,07,16,38,043,45,25,89,110,37,36,58,297,26,7*4C
$GAGSV,1,1,01,12,13,138,,0*4E
$GBGSV,3,1,10,12,22,100,28,19,25,071,37,20,15,119,22,22,11,020,10,3*7E
$GBGSV,3,2,10,24,25,230,09,26,53,283,22,29,23,119,42,31,35,256,20,3*74
$GBGSV,3,3,10,35,60,180,26,39,30,000,47,3*72
$GBGSV,2,1,08,12,22,100,31,19,25,071,42,20,15,119,20,22,11,020,24,5*7F
$GBGSV,2,2,08,24,25,230,28,29,23,119,37,35,60,180,20,39,30,000,46,5*77
$GBGSV,3,1,10,12,22,100,23,19,25,071,38,20,15,119,20,22,11,020,29,8*79
$GBGSV,3,2,10,24,25,230,17,26,53,283,16,29,23,119,42,31,35,256,16,8*72
$GBGSV,3,3,10,35,60,180,19,39,30,000,47,8*75
$GBGSV,1,1,01,11,04,111,,0*43
$GNGLL,3001.74368,S,05112.75098,W,170554.00,A,A*72
$GNRMC,170555.00,A,3001.74368,S,05112.75099,W,0.044,,090926,,,A,V*15
$GNVTG,,T,,M,0.044,N,0.081,K,A*34
$GNGGA,170555.00,3001.74368,S,05112.75099,W,1,12,0.55,49.0,M,4.8,M,,*45
$GNGSA,M,3,18,23,25,26,28,29,31,05,12,13,,,1.08,0.55,0.93,1*02
$GNGSA,M,3,84,83,82,80,,,,,,,,,1.08,0.55,0.93,2*08
$GNGSA,M,3,25,36,10,11,16,,,,,,,,1.08,0.55,0.93,3*08
$GNGSA,M,3,12,19,20,22,24,26,29,31,35,39,,,1.08,0.55,0.93,4*05
$GPGSV,3,1,09,05,36,125,45,12,19,035,38,13,13,031,19,23,26,356,46,1*63
$GPGSV,3,2,09,25,52,020,50,26,27,226,12,28,22,293,06,29,57,147,38,1*6B
$GPGSV,3,3,09,31,21,261,30,1*5A
$GPGSV,3,1,10,05,36,125,39,12,19,035,28,13,13,031,23,18,67,256,23,6*60
$GPGSV,3,2,10,23,26,356,44,25,52,020,45,26,27,226,24,28,22,293,16,6*61
$GPGSV,3,3,10,29,57,147,29,31,21,261,27,6*63
$GPGSV,2,1,06,13,13,031,24,18,67,256,25,23,26,356,45,25,52,020,52,8*63
$GPGSV,2,2,06,26,27,226,20,28,22,293,24,8*6A
$GPGSV,1,1,04,15,10,059,,16,00,220,,20,02,086,,21,07,142,,0*62
$GLGSV,2,1,08,66,00,155,20,67,16,105,18,73,58,245,12,74,15,210,16,1*71
$GLGSV,2,2,08,80,48,355,48,82,25,144,34,83,53,209,21,84,24,275,20,1*7D
$GLGSV,2,1,08,67,16,105,21,68,10,056,16,73,58,245,22,79,00,017,10,3*78
$GLGSV,2,2,08,80,48,355,43,82,25,144,34,83,53,209,19,84,24,275,15,3*79
$GAGSV,2,1,08,02,33,221,14,10,36,143,37,11,64,156,29,14,21,090,27,1*7F
$GAGSV,2,2,08,16,38,043,40,25,89,110,35,34,08,311,16,36,58,297,16,1*7A
$GAGSV,1,1,03,10,36,143,32,16,38,043,49,25,89,110,36,5*44
$GAGSV,2,1,07,02,33,221,21,10,36,143,26,11,64,156,18,14,21,090,26,7*73
$GAGSV,2,2,07,16,38,043,45,25,89,110,38,36,58,297,26,7*43
$GAGSV,1,1,01,12,13,138,,0*4E
$GBGSV,3,1,10,12,22,100,28,19,25,071,38,20,15,119,23,22,11,020,08,3*79
$GBGSV,3,2,10,24,25,230,07,26,53,283,21,29,23,119,42,31,35,256,19,3*73
$GBGSV,3,3,10,35,60,180,26,39,30,000,47,3*72
$GBGSV,2,1,08,12,22,100,31,19,25,071,42,20,15,119,20,22,11,020,24,5*7F
$GBGSV,2,2,08,24,25,230,28,29,23,119,37,35,60,180,20,39,30,000,46,5*77
$GBGSV,3,1,10,12,22,100,23,19,25,071,38,20,15,119,20,22,11,020,28,8*78
$GBGSV,3,2,10,24,25,230,16,26,53,283,16,29,23,119,42,31,35,256,17,8*72
$GBGSV,3,3,10,35,60,180,19,39,30,000,47,8*75
$GBGSV,1,1,01,11,04,111,,0*43
$GNGLL,3001.74368,S,05112.75099,W,170555.00,A,A*72
$GNRMC,170556.00,A,3001.74368,S,05112.75099,W,0.008,,090926,,,A,V*1E
$GNVTG,,T,,M,0.008,N,0.015,K,A*31
$GNGGA,170556.00,3001.74368,S,05112.75099,W,1,12,0.55,49.0,M,4.8,M,,*46
$GNGSA,M,3,18,23,25,26,28,29,31,05,12,13,,,1.08,0.55,0.93,1*02
$GNGSA,M,3,84,83,82,80,,,,,,,,,1.08,0.55,0.93,2*08
$GNGSA,M,3,25,36,10,11,16,,,,,,,,1.08,0.55,0.93,3*08
$GNGSA,M,3,12,19,20,22,24,26,29,31,35,39,,,1.08,0.55,0.93,4*05
$GPGSV,3,1,09,05,36,125,45,12,19,035,38,13,13,031,20,23,26,356,46,1*69
$GPGSV,3,2,09,25,52,020,50,26,27,226,12,28,22,293,07,29,57,147,38,1*6A
$GPGSV,3,3,09,31,21,261,30,1*5A
$GPGSV,3,1,10,05,36,125,39,12,19,035,28,13,13,031,23,18,67,256,23,6*60
$GPGSV,3,2,10,23,26,356,44,25,52,020,45,26,27,226,23,28,22,293,15,6*65
$GPGSV,3,3,10,29,57,147,29,31,21,261,27,6*63
$GPGSV,2,1,06,13,13,031,24,18,67,256,26,23,26,356,45,25,52,020,52,8*60
$GPGSV,2,2,06,26,27,226,21,28,22,293,23,8*6C
$GPGSV,1,1,04,15,10,059,,16,00,220,,20,02,086,,21,07,142,,0*62
$GLGSV,2,1,07,66,00,155,17,67,16,105,17,74,15,210,16,80,48,355,48,1*77
$GLGSV,2,2,07,82,25,144,34,83,53,209,21,84,24,275,20,1*49
$GLGSV,2,1,08,67,16,105,22,68,10,056,15,73,58,245,22,79,00,017,12,3*7A
$GLGSV,2,2,08,80,48,355,43,82,25,144,34,83,53,209,18,84,24,275,14,3*79
$GAGSV,2,1,08,02,33,221,14,10,36,143,37,11,64,156,29,14,21,090,26,1*7E
$GAGSV,2,2,08,16,38,043,40,25,89,110,35,34,08,311,16,36,58,297,16,1*7A
$GAGSV,1,1,03,10,36,143,32,16,38,043,49,25,89,110,36,5*44
$GAGSV,2,1,07,02,33,221,20,10,36,143,25,11,64,156,18,14,21,090,26,7*71
$GAGSV,2,2,07,16,38,043,45,25,89,110,37,36,58,297,25,7*4F
$GAGSV,1,1,01,12,13,138,,0*4E
$GBGSV,3,1,10,12,22,100,28,19,25,071,38,20,15,119,23,22,11,020,11,3*71
$GBGSV,3,2,10,24,25,230,09,26,53,283,22,29,23,119,42,31,35,256,19,3*7E
$GBGSV,3,3,10,35,60,180,26,39,30,000,47,3*72
$GBGSV,2,1,08,12,22,100,31,19,25,071,42,20,15,119,20,22,11,020,24,5*7F
$GBGSV,2,2,08,24,25,230,28,29,23,119,37,35,60,180,20,39,30,000,46,5*77
$GBGSV,3,1,10,12,22,100,24,19,25,071,38,20,15,119,20,22,11,020,29,8*7E
$GBGSV,3,2,10,24,25,230,16,26,53,283,17,29,23,119,42,31,35,256,18,8*7C
$GBGSV,3,3,10,35,60,180,18,39,30,000,47,8*74
$GBGSV,1,1,01,11,04,111,,0*43
$GNGLL,3001.74368,S,05112.75099,W,170556.00,A,A*71
$GNRMC,170557.00,A,3001.74368,S,05112.75099,W,0.017,,090926,,,A,V*11
$GNVTG,,T,,M,0.017,N,0.032,K,A*3A
$GNGGA,170557.00,3001.74368,S,05112.75099,W,1,12,0.55,49.0,M,4.8,M,,*47
$GNGSA,M,3,18,23,25,26,28,29,31,05,12,13,,,1.08,0.55,0.93,1*02
$GNGSA,M,3,84,83,82,80,,,,,,,,,1.08,0.55,0.93,2*08
$GNGSA,M,3,25,36,10,11,16,,,,,,,,1.08,0.55,0.93,3*08
$GNGSA,M,3,12,19,20,22,24,26,29,31,35,39,,,1.08,0.55,0.93,4*05
$GPGSV,3,1,09,05,36,125,45,12,19,035,38,13,13,031,20,23,26,356,46,1*69
$GPGSV,3,2,09,25,52,020,50,26,27,226,07,28,22,293,10,29,57,147,38,1*68
$GPGSV,3,3,09,31,21,261,30,1*5A
$GPGSV,3,1,10,05,36,125,39,12,19,035,28,13,13,031,23,18,67,256,23,6*60
$GPGSV,3,2,10,23,26,356,44,25,52,020,45,26,27,226,24,28,22,293,16,6*61
$GPGSV,3,3,10,29,57,147,29,31,21,261,27,6*63
$GPGSV,2,1,06,13,13,031,24,18,67,256,26,23,26,356,45,25,52,020,52,8*60
$GPGSV,2,2,06,26,27,226,21,28,22,293,23,8*6C
$GPGSV,1,1,04,15,10,059,,16,00,220,,20,02,086,,21,07,142,,0*62
$GLGSV,2,1,07,66,00,155,15,67,16,105,17,74,15,210,16,80,48,355,48,1*75
$GLGSV,2,2,07,82,25,144,34,83,53,209,22,84,24,275,20,1*4A
$GLGSV,2,1,08,67,16,105,23,68,10,056,13,73,58,245,22,79,00,017,10,3*7F
$GLGSV,2,2,08,80,48,355,43,82,25,144,34,83,53,209,18,84,24,275,14,3*79
$GAGSV,2,1,08,02,33,221,14,10,36,143,37,11,64,156,29,14,21,090,26,1*7E
$GAGSV,2,2,08,16,38,043,40,25,89,110,35,34,08,311,17,36,58,297,16,1*7B
$GAGSV,1,1,03,10,36,143,32,16,38,043,49,25,89,110,36,5*44
$GAGSV,2,1,07,02,33,221,20,10,36,143,25,11,64,156,18,14,21,090,26,7*71
$GAGSV,2,2,07,16,38,043,45,25,89,110,37,36,58,297,25,7*4F
$GAGSV,1,1,01,12,13,138,,0*4E
$GBGSV,3,1,10,12,22,100,28,19,25,071,37,20,15,119,23,22,11,020,07,3*79
$GBGSV,3,2,10,24,25,230,10,26,53,283,21,29,23,119,42,31,35,256,18,3*74
$GBGSV,3,3,10,35,60,180,26,39,30,000,47,3*72
$GBGSV,2,1,08,12,22,100,31,19,25,071,42,20,15,119,20,22,11,020,24,5*7F
$GBGSV,2,2,08,24,25,230,28,29,23,119,37,35,60,180,20,39,30,000,46,5*77
$GBGSV,3,1,10,12,22,100,24,19,25,071,38,20,15,119,20,22,11,020,28,8*7F
$GBGSV,3,2,10,24,25,230,16,26,53,283,17,29,23,119,42,31,35,256,18,8*7C
$GBGSV,3,3,10,35,60,180,19,39,30,000,47,8*75
$GBGSV,1,1,01,11,04,111,,0*43
$GNGLL,3001.74368,S,05112.75099,W,170557.00,A,A*70
$GNRMC,170558.00,A,3001.74368,S,05112.75098,W,0.021,,090926,,,A,V*1A
$GNVTG,,T,,M,0.021,N,0.039,K,A*34
$GNGGA,170558.00,3001.74368,S,05112.75098,W,1,12,0.55,49.0,M,4.8,M,,*49
$GNGSA,M,3,18,23,25,26,28,29,31,05,12,13,,,1.08,0.55,0.93,1*02
$GNGSA,M,3,84,83,82,80,,,,,,,,,1.08,0.55,0.93,2*08
$GNGSA,M,3,25,36,10,11,16,,,,,,,,1.08,0.55,0.93,3*08
$GNGSA,M,3,12,19,20,22,24,26,29,31,35,39,,,1.08,0.55,0.93,4*05
$GPGSV,3,1,09,05,36,125,45,12,19,035,38,13,13,031,20,23,26,356,46,1*69
$GPGSV,3,2,09,25,52,020,50,26,27,226,09,28,22,293,12,29,57,147,38,1*64
$GPGSV,3,3,09,31,21,261,29,1*52
$GPGSV,3,1,10,05,36,125,39,12,19,035,28,13,13,031,23,18,67,256,23,6*60
$GPGSV,3,2,10,23,26,356,44,25,52,020,45,26,27,226,24,28,22,293,16,6*61
$GPGSV,3,3,10,29,57,147,29,31,21,261,26,6*62
$GPGSV,2,1,06,13,13,031,24,18,67,256,26,23,26,356,45,25,52,020,52,8*60
$GPGSV,2,2,06,26,27,226,21,28,22,293,23,8*6C
$GPGSV,1,1,04,15,10,059,,16,00,220,,20,02,086,,21,07,142,,0*62
$GLGSV,2,1,07,66,00,155,13,67,16,105,16,74,15,210,16,80,48,355,48,1*72
$GLGSV,2,2,07,82,25,144,34,83,53,209,22,84,24,275,20,1*4A
$GLGSV,2,1,08,67,16,105,22,68,10,056,11,73,58,245,22,79,00,017,12,3*7E
$GLGSV,2,2,08,80,48,355,43,82,25,144,34,83,53,209,18,84,24,275,13,3*7E
$GAGSV,2,1,08,02,33,221,14,10,36,143,37,11,64,156,29,14,21,090,26,1*7E
$GAGSV,2,2,08,16,38,043,40,25,89,110,35,34,08,311,16,36,58,297,16,1*7A
$GAGSV,1,1,03,10,36,143,32,16,38,043,49,25,89,110,36,5*44
$GAGSV,2,1,07,02,33,221,21,10,36,143,26,11,64,156,18,14,21,090,26,7*73
$GAGSV,2,2,07,16,38,043,45,25,89,110,37,36,58,297,25,7*4F
$GAGSV,1,1,01,12,13,138,,0*4E
$GBGSV,3,1,10,12,22,100,28,19,25,071,37,20,15,119,23,22,11,020,14,3*7B
$GBGSV,3,2,10,24,25,230,13,26,53,283,22,29,23,119,42,31,35,256,18,3*74
$GBGSV,3,3,10,35,60,180,25,39,30,000,47,3*71
$GBGSV,3,1,09,12,22,100,31,19,25,071,42,20,15,119,20,22,11,020,23,5*78
$GBGSV,3,2,09,24,25,230,28,26,53,283,16,29,23,119,37,35,60,180,21,5*71
$GBGSV,3,3,09,39,30,000,46,5*40
$GBGSV,3,1,10,12,22,100,25,19,25,071,38,20,15,119,20,22,11,020,28,8*7E
$GBGSV,3,2,10,24,25,230,14,26,53,283,17,29,23,119,42,31,35,256,17,8*71
$GBGSV,3,3,10,35,60,180,18,39,30,000,47,8*74
$GBGSV,1,1,01,11,04,111,,0*43
$GNGLL,3001.74368,S,05112.75098,W,170558.00,A,A*7E
$GNRMC,170559.00,A,3001.74367,S,05112.75097,W,0.037,,090926,,,A,V*1C
$GNVTG,,T,,M,0.037,N,0.069,K,A*36
$GNGGA,170559.00,3001.74367,S,05112.75097,W,1,12,0.52,49.0,M,4.8,M,,*4F
$GNGSA,M,3,18,23,25,26,28,29,31,05,12,13,,,1.03,0.52,0.89,1*05
$GNGSA,M,3,84,83,82,80,,,,,,,,,1.03,0.52,0.89,2*0F
$GNGSA,M,3,25,36,10,11,16,,,,,,,,1.03,0.52,0.89,3*0F
$GNGSA,M,3,12,19,20,22,24,26,29,31,35,39,,,1.03,0.52,0.89,4*02
$GPGSV,3,1,09,05,36,125,45,12,19,035,38,13,13,031,20,23,26,356,46,1*69
$GPGSV,3,2,09,25,52,020,50,26,27,226,16,28,22,293,15,29,57,147,38,1*6D
$GPGSV,3,3,09,31,21,261,29,1*52
$GPGSV,3,1,10,05,36,125,39,12,19,035,28,13,13,031,23,18,67,256,23,6*60
$GPGSV,3,2,10,23,26,356,44,25,52,020,45,26,27,226,25,28,22,293,16,6*60
$GPGSV,3,3,10,29,57,147,29,31,21,261,26,6*62
$GPGSV,2,1,06,13,13,031,24,18,67,256,26,23,26,356,45,25,52,020,52,8*60
$GPGSV,2,2,06,26,27,226,20,28,22,293,24,8*6A
$GPGSV,1,1,04,15,10,059,,16,00,220,,20,02,086,,21,07,142,,0*62
$GLGSV,2,1,07,66,00,155,10,67,16,105,16,74,15,210,16,80,48,355,48,1*71
$GLGSV,2,2,07,82,25,144,34,83,53,209,22,84,24,275,20,1*4A
$GLGSV,2,1,08,67,16,105,22,68,10,056,10,73,58,245,23,79,00,017,09,3*74
$GLGSV,2,2,08,80,48,355,43,82,25,144,34,83,53,209,18,84,24,275,15,3*78
$GAGSV,2,1,08,02,33,221,14,10,36,143,37,11,64,156,29,14,21,090,26,1*7E
$GAGSV,2,2,08,16,38,043,40,25,89,110,35,34,08,311,16,36,58,297,15,1*79
$GAGSV,1,1,03,10,36,143,32,16,38,043,49,25,89,110,36,5*44
$GAGSV,2,1,07,02,33,221,21,10,36,143,26,11,64,156,18,14,21,090,25,7*70
$GAGSV,2,2,07,16,38,043,45,25,89,110,37,36,58,297,25,7*4F
$GAGSV,1,1,01,12,13,138,,0*4E
$GBGSV,3,1,10,12,22,100,29,19,25,071,37,20,15,119,24,22,11,020,11,3*78
$GBGSV,3,2,10,24,25,230,08,26,53,283,22,29,23,119,42,31,35,256,18,3*7E
$GBGSV,3,3,10,35,60,180,26,39,30,000,47,3*72
$GBGSV,3,1,09,12,22,100,31,19,25,071,42,20,15,119,21,22,11,020,23,5*79
$GBGSV,3,2,09,24,25,230,28,26,53,283,15,29,23,119,37,35,60,180,20,5*73
$GBGSV,3,3,09,39,30,000,46,5*40
$GBGSV,3,1,10,12,22,100,25,19,25,071,39,20,15,119,20,22,11,020,29,8*7E
$GBGSV,3,2,10,24,25,230,14,26,53,283,17,29,23,119,42,31,35,256,17,8*71
$GBGSV,3,3,10,35,60,180,18,39,30,000,47,8*74
$GBGSV,1,1,01,11,04,111,,0*43
$GNGLL,3001.74367,S,05112.75097,W,170559.00,A,A*7F
$GNRMC,170600.00,A,3001.74367,S,05112.75097,W,0.003,,090926,,,A,V*14
$GNVTG,,T,,M,0.003,N,0.005,K,A*3B
$GNGGA,170600.00,3001.74367,S,05112.75097,W,1,12,0.50,49.0,M,4.8,M,,*42
$GNGSA,M,3,18,23,25,26,28,29,31,05,12,13,,,1.01,0.50,0.88,1*04
$GNGSA,M,3,84,83,82,80,,,,,,,,,1.01,0.50,0.88,2*0E
$GNGSA,M,3,25,36,02,10,11,16,,,,,,,1.01,0.50,0.88,3*0C
$GNGSA,M,3,12,19,20,22,24,26,29,31,35,39,,,1.01,0.50,0.88,4*03
$GPGSV,3,1,09,05,36,125,45,12,19,035,38,13,13,031,20,23,26,356,46,1*69
$GPGSV,3,2,09,25,52,020,50,26,27,226,18,28,22,293,15,29,57,147,38,1*63
$GPGSV,3,3,09,31,21,261,29,1*52
$GPGSV,3,1,10,05,36,125,39,12,19,035,28,13,13,031,23,18,67,256,23,6*60
$GPGSV,3,2,10,23,26,356,44,25,52,020,45,26,27,226,25,28,22,293,15,6*63
$GPGSV,3,3,10,29,57,147,29,31,21,261,26,6*62
$GPGSV,2,1,06,13,13,031,24,18,67,256,26,23,26,356,45,25,52,020,52,8*60
$GPGSV,2,2,06,26,27,226,20,28,22,293,23,8*6D
$GPGSV,1,1,04,15,10,059,,16,00,220,,20,02,086,,21,07,142,,0*62
$GLGSV,2,1,07,66,00,155,10,67,16,105,16,74,15,210,15,80,48,355,48,1*72
$GLGSV,2,2,07,82,25,144,34,83,53,209,21,84,24,275,19,1*43
$GLGSV,2,1,08,67,16,105,22,68,10,056,09,73,58,245,23,79,00,017,09,3*7C
$GLGSV,2,2,08,80,48,355,43,82,25,144,34,83,53,209,17,84,24,275,15,3*77
$GAGSV,2,1,08,02,33,221,15,10,36,143,37,11,64,156,29,14,21,090,26,1*7F
$GAGSV,2,2,08,16,38,043,40,25,89,110,35,34,08,311,15,36,58,297,16,1*79
$GAGSV,1,1,03,10,36,143,32,16,38,043,49,25,89,110,36,5*44
$GAGSV,2,1,07,02,33,221,21,10,36,143,25,11,64,156,17,14,21,090,24,7*7D
$GAGSV,2,2,07,16,38,043,45,25,89,110,37,36,58,297,25,7*4F
$GAGSV,1,1,01,12,13,138,,0*4E
$GBGSV,3,1,10,12,22,100,29,19,25,071,37,20,15,119,24,22,11,020,10,3*79
$GBGSV,3,2,10,24,25,230,10,26,53,283,23,29,23,119,42,31,35,256,17,3*79
$GBGSV,3,3,10,35,60,180,25,39,30,000,47,3*71
$GBGSV,3,1,09,12,22,100,31,19,25,071,42,20,15,119,20,22,11,020,23,5*78
$GBGSV,3,2,09,24,25,230,28,26,53,283,16,29,23,119,37,35,60,180,21,5*71
$GBGSV,3,3,09,39,30,000,46,5*40
$GBGSV,3,1,10,12,22,100,25,19,25,071,39,20,15,119,21,22,11,020,28,8*7E
$GBGSV,3,2,10,24,25,230,17,26,53,283,17,29,23,119,42,31,35,256,17,8*72
$GBGSV,3,3,10,35,60,180,18,39,30,000,47,8*74
$GBGSV,1,1,01,11,04,111,,0*43
$GNGLL,3001.74367,S,05112.75097,W,170600.00,A,A*70
$GNRMC,170601.00,A,3001.74366,S,05112.75096,W,0.028,,090926,,,A,V*1C
$GNVTG,,T,,M,0.028,N,0.052,K,A*30
$GNGGA,170601.00,3001.74366,S,05112.75096,W,1,12,0.52,49.0,M,4.8,M,,*41
$GNGSA,M,3,18,23,25,26,28,29,31,05,12,13,,,1.03,0.52,0.89,1*05
$GNGSA,M,3,84,83,82,80,,,,,,,,,1.03,0.52,0.89,2*0F
$GNGSA,M,3,25,36,10,11,16,,,,,,,,1.03,0.52,0.89,3*0F
$GNGSA,M,3,12,19,20,22,24,26,29,31,35,39,,,1.03,0.52,0.89,4*02
$GPGSV,3,1,09,05,36,125,45,12,19,035,38,13,13,031,20,23,26,356,46,1*69
$GPGSV,3,2,09,25,52,020,50,26,27,226,19,28,22,293,15,29,57,147,38,1*62
$GPGSV,3,3,09,31,21,261,29,1*52
$GPGSV,3,1,10,05,36,125,39,12,19,035,28,13,13,031,23,18,67,256,23,6*60
$GPGSV,3,2,10,23,26,356,44,25,52,020,45,26,27,226,24,28,22,293,15,6*62
$GPGSV,3,3,10,29,57,147,29,31,21,261,26,6*62
$GPGSV,2,1,06,13,13,031,23,18,67,256,26,23,26,356,45,25,52,020,52,8*67
$GPGSV,2,2,06,26,27,226,20,28,22,293,24,8*6A
$GPGSV,1,1,04,15,10,059,,16,00,220,,20,02,086,,21,07,142,,0*62
$GLGSV,2,1,07,66,00,155,09,67,16,105,14,74,15,210,16,80,48,355,48,1*7B
$GLGSV,2,2,07,82,25,144,34,83,53,209,21,84,24,275,19,1*43
$GLGSV,2,1,08,67,16,105,22,68,10,056,11,73,58,245,23,79,00,017,09,3*75
$GLGSV,2,2,08,80,48,355,43,82,25,144,34,83,53,209,17,84,24,275,16,3*74
$GAGSV,2,1,08,02,33,221,14,10,36,143,37,11,64,156,29,14,21,090,26,1*7E
$GAGSV,2,2,08,16,38,043,40,25,89,110,35,34,08,311,15,36,58,297,15,1*7A
$GAGSV,1,1,03,10,36,143,32,16,38,043,49,25,89,110,36,5*44
$GAGSV,2,1,07,02,33,221,21,10,36,143,26,11,64,156,17,14,21,090,24,7*7E
$GAGSV,2,2,07,16,38,043,45,25,89,110,37,36,58,297,24,7*4E
$GAGSV,1,1,01,12,13,138,,0*4E
$GBGSV,3,1,10,12,22,100,29,19,25,071,37,20,15,119,25,22,11,020,11,3*79
$GBGSV,3,2,10,24,25,230,08,26,53,283,23,29,23,119,42,31,35,256,17,3*70
$GBGSV,3,3,10,35,60,180,26,39,30,000,47,3*72
$GBGSV,3,1,09,12,22,100,31,19,25,071,42,20,15,119,20,22,11,020,23,5*78
$GBGSV,3,2,09,24,25,230,28,26,53,283,13,29,23,119,37,35,60,180,21,5*74
$GBGSV,3,3,09,39,30,000,46,5*40
$GBGSV,3,1,10,12,22,100,25,19,25,071,39,20,15,119,20,22,11,020,29,8*7E
$GBGSV,3,2,10,24,25,230,18,26,53,283,16,29,23,119,42,31,35,256,17,8*7C
$GBGSV,3,3,10,35,60,180,19,39,30,000,47,8*75
$GBGSV,1,1,01,11,04,111,,0*43
$GNGLL,3001.74366,S,05112.75096,W,170601.00,A,A*71
$GNRMC,170602.00,A,3001.74366,S,05112.75095,W,0.039,,090926,,,A,V*1C
$GNVTG,,T,,M,0.039,N,0.073,K,A*33
$GNGGA,170602.00,3001.74366,S,05112.75095,W,1,12,0.52,49.1,M,4.8,M,,*40
$GNGSA,M,3,18,23,25,26,28,29,31,05,12,13,,,1.03,0.52,0.89,1*05
$GNGSA,M,3,84,83,82,80,,,,,,,,,1.03,0.52,0.89,2*0F
$GNGSA,M,3,25,36,10,11,16,,,,,,,,1.03,0.52,0.89,3*0F
$GNGSA,M,3,12,19,20,22,24,26,29,31,35,39,,,1.03,0.52,0.89,4*02
$GPGSV,3,1,09,05,36,125,44,12,19,035,38,13,13,031,20,23,26,356,46,1*68
$GPGSV,3,2,09,25,52,020,50,26,27,226,19,28,22,293,16,29,57,147,38,1*61
$GPGSV,3,3,09,31,21,261,28,1*53
$GPGSV,3,1,10,05,36,125,39,12,19,035,28,13,13,031,23,18,67,256,23,6*60
$GPGSV,3,2,10,23,26,356,44,25,52,020,45,26,27,226,25,28,22,293,15,6*63
$GPGSV,3,3,10,29,57,147,29,31,21,261,26,6*62
$GPGSV,2,1,06,13,13,031,23,18,67,256,26,23,26,356,45,25,52,020,52,8*67
$GPGSV,2,2,06,26,27,226,19,28,22,293,24,8*60
$GPGSV,1,1,04,15,10,059,,16,00,220,,20,02,086,,21,07,142,,0*62
$GLGSV,2,1,07,66,00,155,08,67,16,105,13,74,15,210,16,80,48,355,48,1*7D
$GLGSV,2,2,07,82,25,144,34,83,53,209,20,84,24,275,19,1*42
$GLGSV,2,1,08,67,16,105,21,68,10,056,10,73,58,245,22,79,00,017,09,3*76
$GLGSV,2,2,08,80,48,355,43,82,25,144,35,83,53,209,18,84,24,275,16,3*7A
$GAGSV,2,1,08,02,33,221,14,10,36,143,37,11,64,156,29,14,21,090,26,1*7E
$GAGSV,2,2,08,16,38,043,41,25,89,110,35,34,08,311,14,36,58,297,16,1*79
$GAGSV,1,1,03,10,36,143,32,16,38,043,49,25,89,110,36,5*44
$GAGSV,2,1,07,02,33,221,21,10,36,143,26,11,64,156,17,14,21,090,23,7*79
$GAGSV,2,2,07,16,38,043,45,25,89,110,37,36,58,297,24,7*4E
$GAGSV,1,1,01,12,13,138,,0*4E
$GBGSV,3,1,10,12,22,100,29,19,25,071,37,20,15,119,25,22,11,020,07,3*7E
$GBGSV,3,2,10,24,25,230,11,26,53,283,23,29,23,119,42,31,35,256,16,3*79
$GBGSV,3,3,10,35,60,180,25,39,30,000,47,3*71
$GBGSV,3,1,09,12,22,100,31,19,25,071,42,20,15,119,20,22,11,020,23,5*78
$GBGSV,3,2,09,24,25,230,28,26,53,283,13,29,23,119,37,35,60,180,21,5*74
$GBGSV,3,3,09,39,30,000,46,5*40
$GBGSV,3,1,10,12,22,100,25,19,25,071,39,20,15,119,20,22,11,020,29,8*7E
$GBGSV,3,2,10,24,25,230,18,26,53,283,14,29,23,119,42,31,35,256,17,8*7E
$GBGSV,3,3,10,35,60,180,19,39,30,000,47,8*75
$GBGSV,1,1,01,11,04,111,,0*43
$GNGLL,3001.74366,S,05112.75095,W,170602.00,A,A*71
$GNRMC,170603.00,A,3001.74365,S,05112.75094,W,0.013,,090926,,,A,V*17
$GNVTG,,T,,M,0.013,N,0.024,K,A*39
$GNGGA,170603.00,3001.74365,S,05112.75094,W,1,12,0.51,49.1,M,4.8,M,,*40
$GNGSA,M,3,18,23,25,26,28,29,31,05,12,13,,,1.02,0.51,0.89,1*07
$GNGSA,M,3,84,83,82,80,,,,,,,,,1.02,0.51,0.89,2*0D
$GNGSA,M,3,25,36,02,10,11,16,,,,,,,1.02,0.51,0.89,3*0F
$GNGSA,M,3,12,19,20,22,24,26,29,31,35,39,,,1.02,0.51,0.89,4*00
$GPGSV,3,1,09,05,36,125,45,12,19,035,38,13,13,031,20,23,26,356,46,1*69
$GPGSV,3,2,09,25,52,020,50,26,27,226,20,28,22,293,16,29,57,147,38,1*6B
$GPGSV,3,3,09,31,21,261,28,1*53
$GPGSV,3,1,10,05,36,125,39,12,19,035,28,13,13,031,22,18,67,256,23,6*61
$GPGSV,3,2,10,23,26,356,44,25,52,020,45,26,27,226,25,28,22,293,15,6*63
$GPGSV,3,3,10,29,57,147,29,31,21,261,26,6*62
$GPGSV,2,1,06,13,13,031,24,18,67,256,26,23,26,356,45,25,52,020,52,8*60
$GPGSV,2,2,06,26,27,226,19,28,22,293,24,8*60
$GPGSV,1,1,04,15,10,059,,16,00,220,,20,02,086,,21,07,142,,0*62
$GLGSV,2,1,07,66,00,155,09,67,16,105,10,74,15,210,15,80,48,355,48,1*7C
$GLGSV,2,2,07,82,25,144,34,83,53,209,20,84,24,275,20,1*48
$GLGSV,2,1,08,67,16,105,21,68,10,056,09,73,58,245,22,79,00,017,08,3*7F
$GLGSV,2,2,08,80,48,355,44,82,25,144,35,83,53,209,19,84,24,275,17,3*7D
$GAGSV,2,1,08,02,33,221,15,10,36,143,37,11,64,156,29,14,21,090,26,1*7F
$GAGSV,2,2,08,16,38,043,41,25,89,110,35,34,08,311,16,36,58,297,16,1*7B
$GAGSV,1,1,03,10,36,143,32,16,38,043,49,25,89,110,36,5*44
$GAGSV,2,1,07,02,33,221,22,10,36,143,25,11,64,156,18,14,21,090,23,7*76
$GAGSV,2,2,07,16,38,043,45,25,89,110,37,36,58,297,23,7*49
$GAGSV,1,1,01,12,13,138,,0*4E
$GBGSV,3,1,10,12,22,100,29,19,25,071,38,20,15,119,25,22,11,020,07,3*71
$GBGSV,3,2,10,24,25,230,11,26,53,283,23,29,23,119,42,31,35,256,16,3*79
$GBGSV,3,3,10,35,60,180,25,39,30,000,47,3*71
$GBGSV,3,1,09,12,22,100,31,19,25,071,42,20,15,119,20,22,11,020,23,5*78
$GBGSV,3,2,09,24,25,230,28,26,53,283,16,29,23,119,37,35,60,180,21,5*71
$GBGSV,3,3,09,39,30,000,46,5*40
$GBGSV,3,1,10,12,22,100,25,19,25,071,39,20,15,119,20,22,11,020,29,8*7E
$GBGSV,3,2,10,24,25,230,19,26,53,283,14,29,23,119,42,31,35,256,18,8*70
$GBGSV,3,3,10,35,60,180,19,39,30,000,47,8*75
$GBGSV,1,1,01,11,04,111,,0*43
$GNGLL,3001.74365,S,05112.75094,W,170603.00,A,A*72
$GNRMC,170604.00,A,3001.74365,S,05112.75094,W,0.027,,090926,,,A,V*17
$GNVTG,,T,,M,0.027,N,0.050,K,A*3D
$GNGGA,170604.00,3001.74365,S,05112.75094,W,1,12,0.56,49.1,M,4.8,M,,*40
$GNGSA,M,3,18,23,25,26,28,29,31,05,12,13,,,1.09,0.56,0.93,1*00
$GNGSA,M,3,84,83,82,80,,,,,,,,,1.09,0.56,0.93,2*0A
$GNGSA,M,3,25,36,10,11,16,,,,,,,,1.09,0.56,0.93,3*0A
$GNGSA,M,3,12,19,20,22,24,26,29,31,35,39,,,1.09,0.56,0.93,4*07
$GPGSV,3,1,09,05,36,125,44,12,19,035,38,13,13,031,20,23,26,356,46,1*68
$GPGSV,3,2,09,25,52,020,50,26,27,226,20,28,22,293,17,29,57,147,38,1*6A
$GPGSV,3,3,09,31,21,261,28,1*53
$GPGSV,3,1,10,05,36,125,39,12,19,035,28,13,13,031,23,18,67,256,23,6*60
$GPGSV,3,2,10,23,26,356,44,25,52,020,45,26,27,226,25,28,22,293,17,6*61
$GPGSV,3,3,10,29,57,147,29,31,21,261,26,6*62
$GPGSV,2,1,06,13,13,031,24,18,67,256,26,23,26,356,45,25,52,020,52,8*60
$GPGSV,2,2,06,26,27,226,18,28,22,293,24,8*61
$GPGSV,1,1,04,15,10,059,,16,00,220,,20,02,086,,21,07,142,,0*62
$GLGSV,2,1,08,66,00,155,13,67,16,105,10,68,10,056,23,74,15,210,15,1*7E
$GLGSV,2,2,08,80,48,355,48,82,25,144,34,83,53,209,19,84,24,275,19,1*7C
$GLGSV,2,1,08,67,16,105,20,68,10,056,10,73,58,245,21,79,00,017,03,3*7E
$GLGSV,2,2,08,80,48,355,44,82,25,144,35,83,53,209,19,84,24,275,17,3*7D
$GAGSV,2,1,08,02,33,221,14,10,36,143,37,11,64,156,29,14,21,090,26,1*7E
$GAGSV,2,2,08,16,38,043,41,25,89,110,35,34,08,311,16,36,58,297,16,1*7B
$GAGSV,1,1,03,10,36,143,32,16,38,043,49,25,89,110,36,5*44
$GAGSV,2,1,07,02,33,221,21,10,36,143,25,11,64,156,18,14,21,090,24,7*72
$GAGSV,2,2,07,16,38,043,45,25,89,110,37,36,58,297,23,7*49
$GAGSV,1,1,01,12,13,138,,0*4E
$GBGSV,3,1,10,12,22,100,29,19,25,071,38,20,15,119,25,22,11,020,11,3*76
$GBGSV,3,2,10,24,25,230,08,26,53,283,23,29,23,119,42,31,35,256,15,3*72
$GBGSV,3,3,10,35,60,180,25,39,30,000,47,3*71
$GBGSV,3,1,09,12,22,100,31,19,25,071,42,20,15,119,20,22,11,020,24,5*7F
$GBGSV,3,2,09,24,25,230,28,26,53,283,15,29,23,119,37,35,60,180,21,5*72
$GBGSV,3,3,09,39,30,000,46,5*40
$GBGSV,3,1,10,12,22,100,25,19,25,071,39,20,15,119,19,22,11,020,29,8*74
$GBGSV,3,2,10,24,25,230,19,26,53,283,14,29,23,119,42,31,35,256,18,8*70
$GBGSV,3,3,10,35,60,180,20,39,30,000,47,8*7F
$GBGSV,1,1,01,11,04,111,,0*43
$GNGLL,3001.74365,S,05112.75094,W,170604.00,A,A*75
$GNRMC,170605.00,A,3001.74365,S,05112.75094,W,0.040,,090926,,,A,V*17
$GNVTG,,T,,M,0.040,N,0.074,K,A*3A
$GNGGA,170605.00,3001.74365,S,05112.75094,W,1,12,0.56,49.1,M,4.8,M,,*41
$GNGSA,M,3,18,23,25,26,28,29,31,05,12,13,,,1.09,0.56,0.93,1*00
$GNGSA,M,3,84,83,82,80,,,,,,,,,1.09,0.56,0.93,2*0A
$GNGSA,M,3,25,36,10,11,16,,,,,,,,1.09,0.56,0.93,3*0A
$GNGSA,M,3,12,19,20,22,24,26,29,31,35,39,,,1.09,0.56,0.93,4*07
$GPGSV,3,1,09,05,36,125,44,12,19,035,38,13,13,031,20,23,26,356,46,1*68
$GPGSV,3,2,09,25,52,020,50,26,27,226,21,28,22,293,18,29,57,147,38,1*64
$GPGSV,3,3,09,31,21,261,28,1*53
$GPGSV,3,1,10,05,36,125,39,12,19,035,28,13,13,031,23,18,67,256,23,6*60
$GPGSV,3,2,10,23,26,356,44,25,52,020,45,26,27,226,25,28,22,293,18,6*6E
$GPGSV,3,3,10,29,57,147,29,31,21,261,26,6*62
$GPGSV,2,1,06,13,13,031,24,18,67,256,26,23,26,356,45,25,52,020,52,8*60
$GPGSV,2,2,06,26,27,226,18,28,22,293,24,8*61
$GPGSV,1,1,04,15,10,059,,16,00,220,,20,02,086,,21,07,142,,0*62
$GLGSV,2,1,08,66,00,155,14,67,16,105,11,68,10,056,21,74,15,210,15,1*7A
$GLGSV,2,2,08,80,48,355,48,82,25,144,34,83,53,209,19,84,24,275,19,1*7C
$GLGSV,2,1,08,67,16,105,20,68,10,056,09,73,58,245,22,79,00,017,06,3*70
$GLGSV,2,2,08,80,48,355,44,82,25,144,34,83,53,209,18,84,24,275,15,3*7F
$GAGSV,2,1,08,02,33,221,14,10,36,143,37,11,64,156,29,14,21,090,27,1*7F
$GAGSV,2,2,08,16,38,043,41,25,89,110,35,34,08,311,16,36,58,297,17,1*7A
$GAGSV,1,1,03,10,36,143,32,16,38,043,49,25,89,110,36,5*44
$GAGSV,2,1,07,02,33,221,21,10,36,143,25,11,64,156,18,14,21,090,24,7*72
$GAGSV,2,2,07,16,38,043,45,25,89,110,37,36,58,297,23,7*49
$GAGSV,1,1,01,12,13,138,,0*4E
$GBGSV,3,1,10,12,22,100,29,19,25,071,38,20,15,119,25,22,11,020,11,3*76
$GBGSV,3,2,10,24,25,230,10,26,53,283,23,29,23,119,42,31,35,256,14,3*7A
$GBGSV,3,3,10,35,60,180,25,39,30,000,47,3*71
$GBGSV,3,1,09,12,22,100,31,19,25,071,42,20,15,119,20,22,11,020,24,5*7F
$GBGSV,3,2,09,24,25,230,29,26,53,283,15,29,23,119,37,35,60,180,21,5*73
$GBGSV,3,3,09,39,30,000,46,5*40
$GBGSV,3,1,10,12,22,100,25,19,25,071,39,20,15,119,20,22,11,020,29,8*7E
$GBGSV,3,2,10,24,25,230,19,26,53,283,14,29,23,119,42,31,35,256,17,8*7F
$GBGSV,3,3,10,35,60,180,19,39,30,000,47,8*75
$GBGSV,1,1,01,11,04,111,,0*43
$GNGLL,3001.74365,S,05112.75094,W,170605.00,A,A*74
$GNRMC,170606.00,A,3001.74365,S,05112.75094,W,0.022,,090926,,,A,V*10
$GNVTG,,T,,M,0.022,N,0.040,K,A*39
$GNGGA,170606.00,3001.74365,S,05112.75094,W,1,12,0.53,49.1,M,4.8,M,,*47
$GNGSA,M,3,18,23,25,26,28,29,31,05,12,13,,,1.06,0.53,0.92,1*0B
$GNGSA,M,3,84,83,82,80,,,,,,,,,1.06,0.53,0.92,2*01
$GNGSA,M,3,25,36,02,10,11,16,,,,,,,1.06,0.53,0.92,3*03
$GNGSA,M,3,12,19,20,22,24,26,29,31,35,39,,,1.06,0.53,0.92,4*0C
$GPGSV,3,1,09,05,36,125,44,12,19,035,38,13,13,031,20,23,26,356,46,1*68
$GPGSV,3,2,09,25,52,020,50,26,27,226,22,28,22,293,19,29,57,147,38,1*66
$GPGSV,3,3,09,31,21,261,29,1*52
$GPGSV,3,1,10,05,36,125,39,12,19,035,28,13,13,031,23,18,67,256,23,6*60
$GPGSV,3,2,10,23,26,356,44,25,52,020,45,26,27,226,26,28,22,293,18,6*6D
$GPGSV,3,3,10,29,57,147,28,31,21,261,26,6*63
$GPGSV,2,1,06,13,13,031,24,18,67,256,26,23,26,356,45,25,52,020,52,8*60
$GPGSV,2,2,06,26,27,226,18,28,22,293,24,8*61
$GPGSV,1,1,04,15,10,059,,16,00,220,,20,02,086,,21,07,142,,0*62
$GLGSV,2,1,07,67,16,105,11,68,10,056,20,74,15,210,14,80,48,355,48,1*7A
$GLGSV,2,2,07,82,25,144,34,83,53,209,19,84,24,275,18,1*49
$GLGSV,2,1,08,67,16,105,20,68,10,056,08,73,58,245,22,79,00,017,08,3*7F
$GLGSV,2,2,08,80,48,355,44,82,25,144,34,83,53,209,18,84,24,275,14,3*7E
$GLGSV,1,1,01,66,00,155,,0*49
$GAGSV,2,1,08,02,33,221,15,10,36,143,37,11,64,156,29,14,21,090,26,1*7F
$GAGSV,2,2,08,16,38,043,41,25,89,110,35,34,08,311,15,36,58,297,17,1*79
$GAGSV,1,1,03,10,36,143,32,16,38,043,49,25,89,110,36,5*44
$GAGSV,2,1,07,02,33,221,21,10,36,143,25,11,64,156,18,14,21,090,24,7*72
$GAGSV,2,2,07,16,38,043,45,25,89,110,37,36,58,297,23,7*49
$GAGSV,1,1,01,12,13,138,,0*4E
$GBGSV,3,1,10,12,22,100,29,19,25,071,38,20,15,119,24,22,11,020,11,3*77
$GBGSV,3,2,10,24,25,230,09,26,53,283,23,29,23,119,42,31,35,256,14,3*72
$GBGSV,3,3,10,35,60,180,25,39,30,000,47,3*71
$GBGSV,3,1,09,12,22,100,31,19,25,071,42,20,15,119,20,22,11,020,24,5*7F
$GBGSV,3,2,09,24,25,230,29,26,53,283,15,29,23,119,38,35,60,180,22,5*7F
$GBGSV,3,3,09,39,30,000,46,5*40
$GBGSV,3,1,10,12,22,100,25,19,25,071,39,20,15,119,19,22,11,020,29,8*74
$GBGSV,3,2,10,24,25,230,20,26,53,283,13,29,23,119,42,31,35,256,18,8*7D
$GBGSV,3,3,10,35,60,180,19,39,30,000,47,8*75
$GBGSV,1,1,01,11,04,111,,0*43
$GNGLL,3001.74365,S,05112.75094,W,170606.00,A,A*77
$GNRMC,170607.00,A,3001.74365,S,05112.75093,W,0.039,,090926,,,A,V*1C
$GNVTG,,T,,M,0.039,N,0.073,K,A*33
$GNGGA,170607.00,3001.74365,S,05112.75093,W,1,12,0.53,49.1,M,4.8,M,,*41
$GNGSA,M,3,18,23,25,26,28,29,31,05,12,13,,,1.05,0.53,0.91,1*0B
$GNGSA,M,3,84,83,82,80,,,,,,,,,1.05,0.53,0.91,2*01
$GNGSA,M,3,25,36,02,10,11,16,,,,,,,1.05,0.53,0.91,3*03
$GNGSA,M,3,12,19,20,22,24,26,29,31,35,39,,,1.05,0.53,0.91,4*0C
$GPGSV,3,1,09,05,36,125,44,12,19,035,38,13,13,031,20,23,26,356,46,1*68
$GPGSV,3,2,09,25,52,020,50,26,27,226,23,28,22,293,19,29,57,147,38,1*67
$GPGSV,3,3,09,31,21,261,29,1*52
$GPGSV,3,1,10,05,36,125,39,12,19,035,28,13,13,031,23,18,67,256,22,6*61
$GPGSV,3,2,10,23,26,356,44,25,52,020,45,26,27,226,26,28,22,293,18,6*6D
$GPGSV,3,3,10,29,57,147,28,31,21,261,26,6*63
$GPGSV,2,1,06,13,13,031,24,18,67,256,27,23,26,356,45,25,52,020,52,8*61
$GPGSV,2,2,06,26,27,226,16,28,22,293,24,8*6F
$GPGSV,1,1,04,15,10,059,,16,00,220,,20,02,086,,21,07,142,,0*62
$GLGSV,2,1,06,67,16,105,10,68,10,056,19,80,48,355,48,82,25,144,34,1*7A
$GLGSV,2,2,06,83,53,209,19,84,24,275,18,1*73
$GLGSV,2,1,08,67,16,105,19,68,10,056,09,73,58,245,22,79,00,017,07,3*7B
$GLGSV,2,2,08,80,48,355,44,82,25,144,35,83,53,209,16,84,24,275,17,3*72
$GLGSV,1,1,02,66,00,155,,74,15,210,,0*7E
$GAGSV,2,1,08,02,33,221,15,10,36,143,37,11,64,156,29,14,21,090,26,1*7F
$GAGSV,2,2,08,16,38,043,41,25,89,110,35,34,08,311,15,36,58,297,18,1*76
$GAGSV,1,1,03,10,36,143,32,16,38,043,49,25,89,110,36,5*44
$GAGSV,2,1,07,02,33,221,21,10,36,143,25,11,64,156,18,14,21,090,24,7*72
$GAGSV,2,2,07,16,38,043,45,25,89,110,37,36,58,297,23,7*49
$GAGSV,1,1,01,12,13,138,,0*4E
$GBGSV,3,1,10,12,22,100,28,19,25,071,38,20,15,119,24,22,11,020,10,3*77
$GBGSV,3,2,10,24,25,230,11,26,53,283,23,29,23,119,42,31,35,256,13,3*7C
$GBGSV,3,3,10,35,60,180,25,39,30,000,47,3*71
$GBGSV,3,1,10,12,22,100,31,19,25,071,42,20,15,119,20,22,11,020,24,5*77
$GBGSV,3,2,10,24,25,230,29,26,53,283,15,29,23,119,37,31,35,256,16,5*73
$GBGSV,3,3,10,35,60,180,22,39,30,000,46,5*71
$GBGSV,3,1,10,12,22,100,25,19,25,071,39,20,15,119,19,22,11,020,29,8*74
$GBGSV,3,2,10,24,25,230,20,26,53,283,15,29,23,119,42,31,35,256,19,8*7A
$GBGSV,3,3,10,35,60,180,20,39,30,000,47,8*7F
$GBGSV,1,1,01,11,04,111,,0*43
$GNGLL,3001.74365,S,05112.75093,W,170607.00,A,A*71
$GNRMC,170608.00,A,3001.74365,S,05112.75093,W,0.027,,090926,,,A,V*1C
$GNVTG,,T,,M,0.027,N,0.051,K,A*3C
$GNGGA,170608.00,3001.74365,S,05112.75093,W,1,12,0.62,49.1,M,4.8,M,,*4C
$GNGSA,M,3,18,23,25,26,28,29,31,05,12,13,,,1.21,0.62,1.04,1*02
$GNGSA,M,3,84,83,82,80,,,,,,,,,1.21,0.62,1.04,2*08
$GNGSA,M,3,25,36,10,11,16,,,,,,,,1.21,0.62,1.04,3*08
$GNGSA,M,3,12,19,20,22,24,26,29,31,35,39,,,1.21,0.62,1.04,4*05
$GPGSV,3,1,09,05,36,125,44,12,19,035,38,13,13,031,21,23,26,356,47,1*68
$GPGSV,3,2,09,25,52,020,50,26,27,226,24,28,22,293,21,29,57,147,38,1*6B
$GPGSV,3,3,09,31,21,261,28,1*53
$GPGSV,3,1,10,05,36,125,39,12,19,035,28,13,13,031,23,18,67,256,22,6*61
$GPGSV,3,2,10,23,26,356,44,25,52,020,45,26,27,226,26,28,22,293,19,6*6C
$GPGSV,3,3,10,29,57,147,28,31,21,261,25,6*60
$GPGSV,2,1,06,13,13,031,24,18,67,256,26,23,26,356,45,25,52,020,52,8*60
$GPGSV,2,2,06,26,27,226,14,28,22,293,24,8*6D
$GPGSV,1,1,04,15,10,059,,16,00,220,,20,02,086,,21,07,142,,0*62
$GLGSV,2,1,07,66,00,155,22,67,16,105,11,68,10,056,18,80,48,355,48,1*71
$GLGSV,2,2,07,82,25,144,34,83,53,209,18,84,24,275,18,1*48
$GLGSV,2,1,08,67,16,105,19,68,10,056,08,73,58,245,22,79,00,017,06,3*7B
$GLGSV,2,2,08,80,48,355,44,82,25,144,35,83,53,209,15,84,24,275,18,3*7E
$GLGSV,1,1,01,74,15,210,,0*4C
$GAGSV,2,1,08,02,33,221,14,10,36,143,37,11,64,156,29,14,21,090,26,1*7E
$GAGSV,2,2,08,16,38,043,41,25,89,110,35,34,08,311,15,36,58,297,18,1*76
$GAGSV,1,1,03,10,36,143,32,16,38,043,49,25,89,110,36,5*44
$GAGSV,2,1,07,02,33,221,21,10,36,143,25,11,64,156,18,14,21,090,23,7*75
$GAGSV,2,2,07,16,38,043,45,25,89,110,37,36,58,297,22,7*48
$GAGSV,1,1,01,12,13,138,,0*4E
$GBGSV,3,1,10,12,22,100,28,19,25,071,37,20,15,119,24,22,11,020,08,3*71
$GBGSV,3,2,10,24,25,230,10,26,53,283,23,29,23,119,42,31,35,256,11,3*7F
$GBGSV,3,3,10,35,60,180,24,39,30,000,47,3*70
$GBGSV,3,1,10,12,22,100,31,19,25,071,42,20,15,119,20,22,11,020,24,5*77
$GBGSV,3,2,10,24,25,230,29,26,53,283,14,29,23,119,37,31,35,256,16,5*72
$GBGSV,3,3,10,35,60,180,21,39,30,000,46,5*72
$GBGSV,3,1,10,12,22,100,25,19,25,071,39,20,15,119,19,22,11,020,29,8*74
$GBGSV,3,2,10,24,25,230,21,26,53,283,15,29,23,119,42,31,35,256,19,8*7B
$GBGSV,3,3,10,35,60,180,20,39,30,000,47,8*7F
$GBGSV,1,1,01,11,04,111,,0*43
$GNGLL,3001.74365,S,05112.75093,W,170608.00,A,A*7E
$GNRMC,170609.00,A,3001.74365,S,05112.75093,W,0.038,,090926,,,A,V*13
$GNVTG,,T,,M,0.038,N,0.071,K,A*30
$GNGGA,170609.00,3001.74365,S,05112.75093,W,1,12,0.57,49.1,M,4.8,M,,*4B
$GNGSA,M,3,18,23,25,26,28,29,31,05,12,13,,,1.14,0.57,0.99,1*07
$GNGSA,M,3,84,83,82,80,,,,,,,,,1.14,0.57,0.99,2*0D
$GNGSA,M,3,25,36,02,10,11,16,,,,,,,1.14,0.57,0.99,3*0F
$GNGSA,M,3,12,19,20,22,24,26,29,31,35,39,,,1.14,0.57,0.99,4*00
$GPGSV,3,1,09,05,36,125,44,12,19,035,38,13,13,031,21,23,26,356,47,1*68
$GPGSV,3,2,09,25,52,020,50,26,27,226,25,28,22,293,21,29,57,147,39,1*6B
$GPGSV,3,3,09,31,21,261,28,1*53
$GPGSV,3,1,10,05,36,125,39,12,19,035,28,13,13,031,22,18,67,256,22,6*60
$GPGSV,3,2,10,23,26,356,44,25,52,020,45,26,27,226,26,28,22,293,20,6*66
$GPGSV,3,3,10,29,57,147,28,31,21,261,25,6*60
$GPGSV,2,1,06,13,13,031,24,18,67,256,27,23,26,356,45,25,52,020,52,8*61
$GPGSV,2,2,06,26,27,226,14,28,22,293,25,8*6C
$GPGSV,1,1,04,15,10,059,,16,00,220,,20,02,086,,21,07,142,,0*62
$GLGSV,2,1,07,66,00,155,19,67,16,105,11,68,10,056,19,80,48,355,48,1*78
$GLGSV,2,2,07,82,25,144,34,83,53,209,19,84,24,275,19,1*48
$GLGSV,2,1,08,67,16,105,19,68,10,056,09,73,58,245,22,79,00,017,06,3*7A
$GLGSV,2,2,08,80,48,355,44,82,25,144,34,83,53,209,12,84,24,275,19,3*79
$GLGSV,1,1,01,74,15,210,,0*4C
$GAGSV,2,1,08,02,33,221,15,10,36,143,37,11,64,156,29,14,21,090,26,1*7F
$GAGSV,2,2,08,16,38,043,41,25,89,110,35,34,08,311,15,36,58,297,17,1*79
$GAGSV,1,1,03,10,36,143,32,16,38,043,49,25,89,110,36,5*44
$GAGSV,2,1,07,02,33,221,21,10,36,143,25,11,64,156,19,14,21,090,22,7*75
$GAGSV,2,2,07,16,38,043,45,25,89,110,37,36,58,297,23,7*49
$GAGSV,1,1,01,12,13,138,,0*4E
$GBGSV,3,1,10,12,22,100,29,19,25,071,37,20,15,119,25,22,11,020,10,3*78
$GBGSV,3,2,10,24,25,230,11,26,53,283,23,29,23,119,42,31,35,256,12,3*7D
$GBGSV,3,3,10,35,60,180,24,39,30,000,47,3*70
$GBGSV,3,1,10,12,22,100,31,19,25,071,42,20,15,119,19,22,11,020,24,5*7D
$GBGSV,3,2,10,24,25,230,29,26,53,283,10,29,23,119,37,31,35,256,16,5*76
$GBGSV,3,3,10,35,60,180,21,39,30,000,46,5*72
$GBGSV,3,1,10,12,22,100,25,19,25,071,39,20,15,119,20,22,11,020,29,8*7E
$GBGSV,3,2,10,24,25,230,21,26,53,283,15,29,23,119,42,31,35,256,19,8*7B
$GBGSV,3,3,10,35,60,180,20,39,30,000,47,8*7F
$GBGSV,1,1,01,11,04,111,,0*43
$GNGLL,3001.74365,S,05112.75093,W,170609.00,A,A*7F
$GNRMC,170610.00,A,3001.74365,S,05112.75094,W,0.006,,090926,,,A,V*11
$GNVTG,,T,,M,0.006,N,0.012,K,A*38
$GNGGA,170610.00,3001.74365,S,05112.75094,W,1,12,0.63,49.1,M,4.8,M,,*43
$GNGSA,M,3,18,23,25,26,28,29,31,05,12,13,,,1.22,0.63,1.04,1*00
$GNGSA,M,3,84,83,82,80,,,,,,,,,1.22,0.63,1.04,2*0A
$GNGSA,M,3,25,36,10,11,16,,,,,,,,1.22,0.63,1.04,3*0A
$GNGSA,M,3,12,19,20,22,24,26,29,31,35,39,,,1.22,0.63,1.04,4*07
$GPGSV,3,1,09,05,36,125,44,12,19,035,38,13,13,031,21,23,26,356,46,1*69
$GPGSV,3,2,09,25,52,020,50,26,27,226,25,28,22,293,21,29,57,147,38,1*6A
$GPGSV,3,3,09,31,21,261,28,1*53
$GPGSV,3,1,10,05,36,125,39,12,19,035,28,13,13,031,22,18,67,256,22,6*60
$GPGSV,3,2,10,23,26,356,44,25,52,020,45,26,27,226,26,28,22,293,19,6*6C
$GPGSV,3,3,10,29,57,147,28,31,21,261,25,6*60
$GPGSV,2,1,06,13,13,031,24,18,67,256,27,23,26,356,45,25,52,020,52,8*61
$GPGSV,2,2,06,26,27,226,13,28,22,293,25,8*6B
$GPGSV,1,1,04,15,10,059,,16,00,220,,20,02,086,,21,07,142,,0*62
$GLGSV,2,1,07,67,16,105,13,68,10,056,19,74,15,210,17,80,48,355,48,1*71
$GLGSV,2,2,07,82,25,144,34,83,53,209,19,84,24,275,18,1*49
$GLGSV,2,1,08,67,16,105,19,68,10,056,12,73,58,245,21,79,00,017,02,3*77
$GLGSV,2,2,08,80,48,355,44,82,25,144,34,83,53,209,15,84,24,275,19,3*7E
$GLGSV,1,1,01,66,00,155,,0*49
$GAGSV,2,1,08,02,33,221,14,10,36,143,37,11,64,156,29,14,21,090,26,1*7E
$GAGSV,2,2,08,16,38,043,41,25,89,110,35,34,08,311,15,36,58,297,17,1*79
$GAGSV,1,1,03,10,36,143,33,16,38,043,49,25,89,110,36,5*45
$GAGSV,2,1,07,02,33,221,21,10,36,143,25,11,64,156,18,14,21,090,21,7*77
$GAGSV,2,2,07,16,38,043,45,25,89,110,37,36,58,297,23,7*49
$GAGSV,1,1,01,12,13,138,,0*4E
$GBGSV,3,1,10,12,22,100,29,19,25,071,38,20,15,119,24,22,11,020,10,3*76
$GBGSV,3,2,10,24,25,230,11,26,53,283,23,29,23,119,42,31,35,256,12,3*7D
$GBGSV,3,3,10,35,60,180,24,39,30,000,47,3*70
$GBGSV,3,1,10,12,22,100,31,19,25,071,42,20,15,119,20,22,11,020,24,5*77
$GBGSV,3,2,10,24,25,230,29,26,53,283,08,29,23,119,37,31,35,256,16,5*7F
$GBGSV,3,3,10,35,60,180,21,39,30,000,46,5*72
$GBGSV,3,1,10,12,22,100,25,19,25,071,39,20,15,119,19,22,11,020,30,8*7C
$GBGSV,3,2,10,24,25,230,22,26,53,283,14,29,23,119,42,31,35,256,20,8*73
$GBGSV,3,3,10,35,60,180,20,39,30,000,47,8*7F
$GBGSV,1,1,01,11,03,111,,0*44
$GNGLL,3001.74365,S,05112.75094,W,170610.00,A,A*70
$GNRMC,170611.00,A,3001.74365,S,05112.75095,W,0.010,,090926,,,A,V*16
$GNVTG,,T,,M,0.010,N,0.019,K,A*34
$GNGGA,170611.00,3001.74365,S,05112.75095,W,1,12,0.63,49.1,M,4.8,M,,*43
$GNGSA,M,3,18,23,25,26,28,29,31,05,12,13,,,1.22,0.63,1.04,1*00
$GNGSA,M,3,84,83,82,80,,,,,,,,,1.22,0.63,1.04,2*0A
$GNGSA,M,3,25,36,10,11,16,,,,,,,,1.22,0.63,1.04,3*0A
$GNGSA,M,3,12,19,20,22,24,26,29,31,35,39,,,1.22,0.63,1.04,4*07
$GPGSV,3,1,09,05,36,125,44,12,19,035,38,13,13,031,22,23,26,356,47,1*6B
$GPGSV,3,2,09,25,52,020,50,26,27,226,26,28,22,293,21,29,57,147,38,1*69
$GPGSV,3,3,09,31,21,261,28,1*53
$GPGSV,3,1,10,05,36,125,39,12,19,035,28,13,13,031,23,18,67,256,21,6*62
$GPGSV,3,2,10,23,26,356,44,25,52,020,45,26,27,226,26,28,22,293,20,6*66
$GPGSV,3,3,10,29,57,147,27,31,21,261,25,6*6F
$GPGSV,2,1,06,13,13,031,24,18,67,256,27,23,26,356,45,25,52,020,52,8*61
$GPGSV,2,2,06,26,27,226,10,28,22,293,25,8*68
$GPGSV,1,1,04,15,10,059,,16,00,220,,20,02,086,,21,07,142,,0*62
$GLGSV,2,1,08,66,00,155,20,67,16,105,14,68,10,056,18,74,15,210,16,1*71
$GLGSV,2,2,08,80,48,355,48,82,25,144,34,83,53,209,19,84,24,275,18,1*7D
$GLGSV,2,1,08,67,16,105,20,68,10,056,12,73,58,245,21,79,00,017,05,3*7A
$GLGSV,2,2,08,80,48,355,44,82,25,144,35,83,53,209,17,84,24,275,19,3*7D
$GAGSV,2,1,08,02,33,221,14,10,36,143,37,11,64,156,29,14,21,090,26,1*7E
$GAGSV,2,2,08,16,38,043,41,25,89,110,35,34,08,311,15,36,58,297,18,1*76
$GAGSV,1,1,03,10,36,143,32,16,38,043,49,25,89,110,36,5*44
$GAGSV,2,1,07,02,33,221,21,10,36,143,25,11,64,156,17,14,21,090,21,7*78
$GAGSV,2,2,07,16,38,043,45,25,89,110,37,36,58,297,22,7*48
$GAGSV,1,1,01,12,13,138,,0*4E
$GBGSV,3,1,10,12,22,101,29,19,25,071,37,20,15,119,24,22,11,020,10,3*78
$GBGSV,3,2,10,24,25,230,08,26,53,283,23,29,23,119,42,31,35,256,13,3*74
$GBGSV,3,3,10,35,60,180,24,39,30,000,47,3*70
$GBGSV,3,1,10,12,22,101,30,19,25,071,42,20,15,119,20,22,11,020,24,5*77
$GBGSV,3,2,10,24,25,230,29,26,53,283,08,29,23,119,37,31,35,256,14,5*7D
$GBGSV,3,3,10,35,60,180,21,39,30,000,46,5*72
$GBGSV,3,1,10,12,22,101,25,19,25,071,39,20,15,119,19,22,11,020,29,8*75
$GBGSV,3,2,10,24,25,230,21,26,53,283,14,29,23,119,42,31,35,256,20,8*70
$GBGSV,3,3,10,35,60,180,20,39,30,000,47,8*7F
$GBGSV,1,1,01,11,03,111,,0*44
$GNGLL,3001.74365,S,05112.75095,W,170611.00,A,A*70
$GNRMC,170612.00,A,3001.74365,S,05112.75095,W,0.018,,090926,,,A,V*1D
$GNVTG,,T,,M,0.018,N,0.033,K,A*34
$GNGGA,170612.00,3001.74365,S,05112.75095,W,1,12,0.62,49.1,M,4.8,M,,*41
$GNGSA,M,3,18,23,25,26,28,29,31,05,12,13,,,1.21,0.62,1.04,1*02
$GNGSA,M,3,84,83,82,80,,,,,,,,,1.21,0.62,1.04,2*08
$GNGSA,M,3,25,36,10,11,16,,,,,,,,1.21,0.62,1.04,3*08
$GNGSA,M,3,12,19,20,22,24,26,29,31,35,39,,,1.21,0.62,1.04,4*05
$GPGSV,3,1,09,05,36,125,44,12,19,035,38,13,13,031,21,23,26,356,47,1*68
$GPGSV,3,2,09,25,52,020,50,26,27,226,26,28,22,293,21,29,57,147,39,1*68
$GPGSV,3,3,09,31,21,261,28,1*53
$GPGSV,3,1,10,05,36,125,39,12,19,035,28,13,13,031,23,18,67,256,21,6*62
$GPGSV,3,2,10,23,26,356,44,25,52,020,45,26,27,226,26,28,22,293,20,6*66
$GPGSV,3,3,10,29,57,147,27,31,21,261,24,6*6E
$GPGSV,2,1,06,13,13,031,24,18,67,256,27,23,26,356,45,25,52,020,52,8*61
$GPGSV,2,2,06,26,27,226,21,28,22,293,25,8*6A
$GPGSV,1,1,04,15,10,059,,16,00,220,,20,02,086,,21,07,142,,0*62
$GLGSV,2,1,08,66,00,155,17,67,16,105,16,68,10,056,17,74,15,210,14,1*7A
$GLGSV,2,2,08,80,48,355,48,82,25,144,34,83,53,209,18,84,24,275,16,1*72
$GLGSV,2,1,08,67,16,105,20,68,10,056,12,73,58,245,21,79,00,017,08,3*77
$GLGSV,2,2,08,80,48,355,44,82,25,144,35,83,53,209,16,84,24,275,19,3*7C
$GAGSV,2,1,08,02,33,221,14,10,36,143,37,11,64,156,29,14,21,090,27,1*7F
$GAGSV,2,2,08,16,38,043,41,25,89,110,35,34,08,311,14,36,58,297,18,1*77
$GAGSV,1,1,03,10,36,143,32,16,38,043,49,25,89,110,36,5*44
$GAGSV,2,1,07,02,33,221,21,10,36,143,25,11,64,156,17,14,21,090,21,7*78
$GAGSV,2,2,07,16,38,043,45,25,89,110,37,36,58,297,23,7*49
$GAGSV,1,1,01,12,13,138,,0*4E
$GBGSV,3,1,10,12,22,101,28,19,25,071,37,20,15,119,23,22,11,020,10,3*7E
$GBGSV,3,2,10,24,25,230,09,26,53,283,24,29,23,119,42,31,35,256,14,3*75
$GBGSV,3,3,10,35,60,180,24,39,30,000,47,3*70
$GBGSV,3,1,10,12,22,101,30,19,25,071,42,20,15,119,20,22,11,020,24,5*77
$GBGSV,3,2,10,24,25,230,29,26,53,283,08,29,23,119,38,31,35,256,15,5*73
$GBGSV,3,3,10,35,60,180,22,39,30,000,46,5*71
$GBGSV,3,1,10,12,22,101,24,19,25,071,39,20,15,119,19,22,11,020,29,8*74
$GBGSV,3,2,10,24,25,230,22,26,53,283,15,29,23,119,42,31,35,256,20,8*72
$GBGSV,3,3,10,35,60,180,20,39,30,000,47,8*7F
$GBGSV,1,1,01,11,03,111,,0*44
$GNGLL,3001.74365,S,05112.75095,W,170612.00,A,A*73
$GNRMC,170613.00,A,3001.74365,S,05112.75096,W,0.046,,090926,,,A,V*14
$GNVTG,,T,,M,0.046,N,0.085,K,A*32
$GNGGA,170613.00,3001.74365,S,05112.75096,W,1,12,0.62,49.2,M,4.8,M,,*40
$GNGSA,M,3,18,23,25,26,28,29,31,05,12,13,,,1.21,0.62,1.04,1*02
$GNGSA,M,3,84,83,82,80,,,,,,,,,1.21,0.62,1.04,2*08
$GNGSA,M,3,25,36,10,11,16,,,,,,,,1.21,0.62,1.04,3*08
$GNGSA,M,3,12,19,20,22,24,26,29,31,35,39,,,1.21,0.62,1.04,4*05
$GPGSV,3,1,09,05,36,125,44,12,19,035,38,13,13,031,20,23,26,356,47,1*69
$GPGSV,3,2,09,25,52,020,50,26,27,226,26,28,22,293,22,29,57,147,39,1*6B
$GPGSV,3,3,09,31,21,261,28,1*53
$GPGSV,3,1,10,05,36,125,39,12,19,035,28,13,13,031,23,18,67,256,20,6*63
$GPGSV,3,2,10,23,26,356,44,25,52,020,45,26,27,226,26,28,22,293,19,6*6C
$GPGSV,3,3,10,29,57,147,28,31,21,261,25,6*60
$GPGSV,2,1,06,13,13,031,24,18,67,256,26,23,26,356,45,25,52,020,52,8*60
$GPGSV,2,2,06,26,27,226,21,28,22,293,26,8*69
$GPGSV,1,1,04,15,10,059,,16,00,220,,20,02,086,,21,07,142,,0*62
$GLGSV,2,1,08,66,00,155,14,67,16,105,17,68,10,056,15,74,15,210,14,1*7A
$GLGSV,2,2,08,80,48,355,48,82,25,144,33,83,53,209,19,84,24,275,16,1*74
$GLGSV,2,1,08,67,16,105,21,68,10,056,13,73,58,245,21,79,00,017,07,3*78
$GLGSV,2,2,08,80,48,355,44,82,25,144,34,83,53,209,16,84,24,275,20,3*77
$GAGSV,2,1,08,02,33,221,14,10,36,143,37,11,64,156,29,14,21,090,26,1*7E
$GAGSV,2,2,08,16,38,043,41,25,89,110,35,34,08,311,13,36,58,297,18,1*70
$GAGSV,1,1,03,10,36,143,32,16,38,043,49,25,89,110,36,5*44
$GAGSV,2,1,07,02,33,221,21,10,36,143,25,11,64,156,19,14,21,090,22,7*75
$GAGSV,2,2,07,16,38,043,45,25,89,110,37,36,58,297,22,7*48
$GAGSV,1,1,01,12,13,138,,0*4E
$GBGSV,3,1,10,12,22,101,28,19,25,071,37,20,15,119,23,22,11,020,10,3*7E
$GBGSV,3,2,10,24,25,230,11,26,53,283,24,29,23,119,42,31,35,256,14,3*7C
$GBGSV,3,3,10,35,60,180,23,39,30,000,47,3*77
$GBGSV,3,1,10,12,22,101,30,19,25,071,42,20,15,119,21,22,11,020,24,5*76
$GBGSV,3,2,10,24,25,230,29,26,53,283,08,29,23,119,38,31,35,256,15,5*73
$GBGSV,3,3,10,35,60,180,22,39,30,000,46,5*71
$GBGSV,3,1,10,12,22,101,23,19,25,071,39,20,15,119,19,22,11,020,30,8*7B
$GBGSV,3,2,10,24,25,230,22,26,53,283,16,29,23,119,42,31,35,256,20,8*71
$GBGSV,3,3,10,35,60,180,21,39,30,000,47,8*7E
$GBGSV,1,1,01,11,03,111,,0*44
$GNGLL,3001.74365,S,05112.75096,W,170613.00,A,A*71
$GNRMC,170614.00,A,3001.74366,S,05112.75097,W,0.004,,090926,,,A,V*17
$GNVTG,,T,,M,0.004,N,0.008,K,A*31
$GNGGA,170614.00,3001.74366,S,05112.75097,W,1,12,0.57,49.2,M,4.8,M,,*43
$GNGSA,M,3,18,23,25,26,28,29,31,05,12,13,,,1.14,0.57,0.99,1*07
$GNGSA,M,3,84,83,82,80,,,,,,,,,1.14,0.57,0.99,2*0D
$GNGSA,M,3,25,36,02,10,11,16,,,,,,,1.14,0.57,0.99,3*0F
$GNGSA,M,3,12,19,20,22,24,26,29,31,35,39,,,1.14,0.57,0.99,4*00
$GPGSV,3,1,09,05,36,125,44,12,19,035,38,13,13,031,20,23,26,356,47,1*69
$GPGSV,3,2,09,25,52,020,50,26,27,226,25,28,22,293,21,29,57,147,39,1*6B
$GPGSV,3,3,09,31,21,261,29,1*52
$GPGSV,3,1,10,05,36,125,39,12,19,035,28,13,13,031,23,18,67,256,20,6*63
$GPGSV,3,2,10,23,26,356,44,25,52,020,45,26,27,226,26,28,22,293,20,6*66
$GPGSV,3,3,10,29,57,147,27,31,21,261,25,6*6F
$GPGSV,2,1,06,13,13,031,23,18,67,256,27,23,26,356,45,25,52,020,52,8*66
$GPGSV,2,2,06,26,27,226,21,28,22,293,25,8*6A
$GPGSV,1,1,04,15,10,059,,16,00,220,,20,02,086,,21,07,142,,0*62
$GLGSV,2,1,08,66,00,155,13,67,16,105,18,68,10,056,13,74,15,210,14,1*74
$GLGSV,2,2,08,80,48,355,48,82,25,144,34,83,53,209,19,84,24,275,14,1*71
$GLGSV,2,1,08,67,16,105,21,68,10,056,12,73,58,245,21,79,00,017,08,3*76
$GLGSV,2,2,08,80,48,355,44,82,25,144,35,83,53,209,16,84,24,275,19,3*7C
$GAGSV,2,1,08,02,33,221,15,10,36,143,37,11,64,156,28,14,21,090,26,1*7E
$GAGSV,2,2,08,16,38,043,41,25,89,110,35,34,08,311,14,36,58,297,18,1*77
$GAGSV,1,1,03,10,36,143,32,16,38,043,49,25,89,110,36,5*44
$GAGSV,2,1,07,02,33,221,21,10,36,143,25,11,64,156,19,14,21,090,22,7*75
$GAGSV,2,2,07,16,38,043,45,25,89,110,37,36,58,297,22,7*48
$GAGSV,1,1,01,12,13,138,,0*4E
$GBGSV,3,1,10,12,22,101,28,19,25,072,38,20,15,119,23,22,11,020,09,3*7A
$GBGSV,3,2,10,24,25,230,13,26,53,283,23,29,23,119,42,31,35,256,13,3*7E
$GBGSV,3,3,10,35,60,180,23,39,30,000,47,3*77
$GBGSV,3,1,10,12,22,101,30,19,25,072,42,20,15,119,20,22,11,020,25,5*75
$GBGSV,3,2,10,24,25,230,29,26,53,283,10,29,23,119,38,31,35,256,15,5*7A
$GBGSV,3,3,10,35,60,180,22,39,30,000,46,5*71
$GBGSV,3,1,10,12,22,101,23,19,25,072,39,20,15,119,19,22,11,020,30,8*78
$GBGSV,3,2,10,24,25,230,22,26,53,283,15,29,23,119,42,31,35,256,20,8*72
$GBGSV,3,3,10,35,60,180,21,39,30,000,47,8*7E
$GBGSV,1,1,01,11,03,111,,0*44
$GNGLL,3001.74366,S,05112.75097,W,170614.00,A,A*74
$GNRMC,170615.00,A,3001.74366,S,05112.75097,W,0.025,,090926,,,A,V*15
$GNVTG,,T,,M,0.025,N,0.046,K,A*38
$GNGGA,170615.00,3001.74366,S,05112.75097,W,1,12,0.57,49.2,M,4.8,M,,*42
$GNGSA,M,3,18,23,25,26,28,29,31,05,12,13,,,1.14,0.57,0.99,1*07
$GNGSA,M,3,84,83,82,80,,,,,,,,,1.14,0.57,0.99,2*0D
$GNGSA,M,3,25,36,02,10,11,16,,,,,,,1.14,0.57,0.99,3*0F
$GNGSA,M,3,12,19,20,22,24,26,29,31,35,39,,,1.14,0.57,0.99,4*00
$GPGSV,3,1,09,05,36,125,44,12,19,035,38,13,13,031,20,23,26,356,47,1*69
$GPGSV,3,2,09,25,52,020,50,26,27,226,26,28,22,293,21,29,57,147,39,1*68
$GPGSV,3,3,09,31,21,261,29,1*52
$GPGSV,3,1,10,05,36,125,39,12,19,035,28,13,13,031,22,18,67,256,20,6*62
$GPGSV,3,2,10,23,26,356,44,25,52,020,45,26,27,226,26,28,22,293,20,6*66
$GPGSV,3,3,10,29,57,147,27,31,21,261,25,6*6F
$GPGSV,2,1,06,13,13,031,23,18,67,256,26,23,26,356,45,25,52,020,52,8*67
$GPGSV,2,2,06,26,27,226,20,28,22,293,25,8*6B
$GPGSV,1,1,04,15,10,059,,16,00,220,,20,02,086,,21,07,142,,0*62
$GLGSV,2,1,08,66,00,155,11,67,16,105,19,68,10,056,13,74,15,210,14,1*77
$GLGSV,2,2,08,80,48,355,48,82,25,144,34,83,53,209,19,84,24,275,13,1*76
$GLGSV,2,1,08,67,16,105,22,68,10,056,13,73,58,245,22,79,00,017,09,3*76
$GLGSV,2,2,08,80,48,355,44,82,25,144,35,83,53,209,16,84,24,275,17,3*72
$GAGSV,2,1,08,02,33,221,16,10,36,143,37,11,64,156,29,14,21,090,26,1*7C
$GAGSV,2,2,08,16,38,043,41,25,89,110,35,34,08,311,15,36,58,297,18,1*76
$GAGSV,1,1,03,10,36,143,32,16,38,043,49,25,89,110,36,5*44
$GAGSV,2,1,07,02,33,221,22,10,36,143,25,11,64,156,20,14,21,090,21,7*7F
$GAGSV,2,2,07,16,38,043,45,25,89,110,37,36,58,297,22,7*48
$GAGSV,1,1,01,12,13,138,,0*4E
$GBGSV,3,1,10,12,22,101,28,19,25,072,37,20,15,120,22,22,11,020,11,3*77
$GBGSV,3,2,10,24,25,230,12,26,53,283,22,29,23,119,42,31,35,256,12,3*7F
$GBGSV,3,3,10,35,60,180,24,39,30,000,47,3*70
$GBGSV,3,1,10,12,22,101,30,19,25,072,42,20,15,120,19,22,11,020,25,5*75
$GBGSV,3,2,10,24,25,230,29,26,53,283,11,29,23,119,38,31,35,256,15,5*7B
$GBGSV,3,3,10,35,60,180,22,39,30,000,46,5*71
$GBGSV,3,1,10,12,22,101,22,19,25,072,39,20,15,120,18,22,11,020,30,8*72
$GBGSV,3,2,10,24,25,230,23,26,53,283,15,29,23,119,42,31,35,256,20,8*73
$GBGSV,3,3,10,35,60,180,21,39,30,000,47,8*7E
$GBGSV,1,1,01,11,03,111,,0*44
$GNGLL,3001.74366,S,05112.75097,W,170615.00,A,A*75
$GNRMC,170616.00,A,3001.74366,S,05112.75096,W,0.011,,090926,,,A,V*10
$GNVTG,,T,,M,0.011,N,0.020,K,A*3F
$GNGGA,170616.00,3001.74366,S,05112.75096,W,1,12,0.57,49.2,M,4.8,M,,*40
$GNGSA,M,3,18,23,25,26,28,29,31,05,12,13,,,1.14,0.57,0.99,1*07
$GNGSA,M,3,84,83,82,80,,,,,,,,,1.14,0.57,0.99,2*0D
$GNGSA,M,3,25,36,02,10,11,16,,,,,,,1.14,0.57,0.99,3*0F
$GNGSA,M,3,12,19,20,22,24,26,29,31,35,39,,,1.14,0.57,0.99,4*00
$GPGSV,3,1,09,05,36,125,44,12,19,035,38,13,13,031,20,23,26,356,47,1*69
$GPGSV,3,2,09,25,52,020,50,26,27,226,26,28,22,293,22,29,57,147,39,1*6B
$GPGSV,3,3,09,31,21,261,29,1*52
$GPGSV,3,1,10,05,36,125,39,12,19,035,28,13,13,031,22,18,67,256,20,6*62
$GPGSV,3,2,10,23,26,356,44,25,52,020,45,26,27,226,26,28,22,293,21,6*67
$GPGSV,3,3,10,29,57,147,27,31,21,261,25,6*6F
$GPGSV,2,1,06,13,13,031,23,18,67,256,26,23,26,356,45,25,52,020,52,8*67
$GPGSV,2,2,06,26,27,226,20,28,22,293,25,8*6B
$GPGSV,1,1,04,15,10,059,,16,00,220,,20,02,086,,21,07,142,,0*62
$GLGSV,2,1,07,66,00,155,09,67,16,105,19,68,10,056,14,80,48,355,48,1*7C
$GLGSV,2,2,07,82,25,144,34,83,53,209,19,84,24,275,13,1*42
$GLGSV,2,1,08,67,16,105,23,68,10,056,12,73,58,245,22,79,00,017,09,3*76
$GLGSV,2,2,08,80,48,355,44,82,25,144,35,83,53,209,17,84,24,275,15,3*71
$GLGSV,1,1,01,74,15,210,,0*4C
$GAGSV,2,1,08,02,33,221,16,10,36,143,37,11,64,156,28,14,21,090,26,1*7D
$GAGSV,2,2,08,16,38,043,41,25,89,110,34,34,08,311,14,36,58,297,19,1*77
$GAGSV,1,1,03,10,36,143,32,16,38,043,49,25,89,110,36,5*44
$GAGSV,2,1,07,02,33,221,22,10,36,143,25,11,64,156,20,14,21,090,21,7*7F
$GAGSV,2,2,07,16,38,043,45,25,89,110,37,36,58,297,22,7*48
$GAGSV,1,1,01,12,13,138,,0*4E
$GBGSV,3,1,10,12,22,101,28,19,25,072,38,20,15,120,22,22,11,020,11,3*78
$GBGSV,3,2,10,24,25,230,10,26,53,283,23,29,23,119,42,31,35,256,12,3*7C
$GBGSV,3,3,10,35,60,180,25,39,30,000,47,3*71
$GBGSV,3,1,10,12,22,101,30,19,25,072,42,20,15,120,19,22,11,020,25,5*75
$GBGSV,3,2,10,24,25,230,29,26,53,283,11,29,23,119,38,31,35,256,16,5*78
$GBGSV,3,3,10,35,60,180,22,39,30,000,46,5*71
$GBGSV,3,1,10,12,22,101,22,19,25,072,39,20,15,120,17,22,11,020,30,8*7D
$GBGSV,3,2,10,24,25,230,23,26,53,283,16,29,23,119,42,31,35,256,20,8*70
$GBGSV,3,3,10,35,60,180,21,39,30,000,47,8*7E
$GBGSV,1,1,01,11,03,111,,0*44
$GNGLL,3001.74366,S,05112.75096,W,170616.00,A,A*77
$GNRMC,170617.00,A,3001.74366,S,05112.75097,W,0.020,,090926,,,A,V*12
$GNVTG,,T,,M,0.020,N,0.037,K,A*3B
$GNGGA,170617.00,3001.74366,S,05112.75097,W,1,12,0.63,49.2,M,4.8,M,,*47
$GNGSA,M,3,18,23,25,26,28,29,31,05,12,13,,,1.26,0.63,1.09,1*09
$GNGSA,M,3,83,82,80,,,,,,,,,,1.26,0.63,1.09,2*0F
$GNGSA,M,3,25,36,02,10,11,16,,,,,,,1.26,0.63,1.09,3*01
$GNGSA,M,3,12,19,20,22,24,26,29,31,35,39,,,1.26,0.63,1.09,4*0E
$GPGSV,3,1,09,05,36,125,44,12,19,035,38,13,13,031,20,23,26,356,47,1*69
$GPGSV,3,2,09,25,52,020,50,26,27,226,26,28,22,293,21,29,57,147,39,1*68
$GPGSV,3,3,09,31,21,261,29,1*52
$GPGSV,3,1,10,05,36,125,39,12,19,035,28,13,13,031,22,18,67,256,20,6*62
$GPGSV,3,2,10,23,26,356,44,25,52,020,45,26,27,226,26,28,22,293,22,6*64
$GPGSV,3,3,10,29,57,147,27,31,21,261,25,6*6F
$GPGSV,2,1,06,13,13,031,23,18,67,256,27,23,26,356,45,25,52,020,52,8*66
$GPGSV,2,2,06,26,27,226,21,28,22,293,26,8*69
$GPGSV,1,1,04,15,10,059,,16,00,220,,20,02,086,,21,07,142,,0*62
$GLGSV,2,1,07,66,00,155,08,67,16,105,20,68,10,056,16,80,48,355,48,1*75
$GLGSV,2,2,07,82,25,144,34,83,53,209,18,84,24,275,12,1*42
$GLGSV,2,1,08,67,16,105,23,68,10,056,13,73,58,245,23,79,00,017,10,3*7E
$GLGSV,2,2,08,80,48,355,44,82,25,144,35,83,53,209,17,84,24,275,14,3*70
$GLGSV,1,1,01,74,15,210,,0*4C
$GAGSV,2,1,08,02,33,221,15,10,36,143,37,11,64,156,29,14,21,090,26,1*7F
$GAGSV,2,2,08,16,38,043,41,25,89,110,35,34,08,311,14,36,58,297,19,1*76
$GAGSV,1,1,03,10,36,143,33,16,38,043,49,25,89,110,36,5*45
$GAGSV,2,1,07,02,33,221,22,10,36,143,25,11,64,156,20,14,21,090,22,7*7C
$GAGSV,2,2,07,16,38,043,45,25,89,110,37,36,58,297,21,7*4B
$GAGSV,1,1,01,12,13,138,,0*4E
$GBGSV,3,1,10,12,22,101,28,19,25,072,38,20,15,120,22,22,12,020,06,3*7D
$GBGSV,3,2,10,24,25,230,09,26,53,283,23,29,23,119,42,31,35,256,11,3*77
$GBGSV,3,3,10,35,60,180,25,39,30,000,47,3*71
$GBGSV,3,1,10,12,22,101,30,19,25,072,42,20,15,120,20,22,12,020,25,5*7C
$GBGSV,3,2,10,24,25,230,29,26,53,283,09,29,23,119,38,31,35,256,16,5*71
$GBGSV,3,3,10,35,60,180,22,39,30,000,46,5*71
$GBGSV,3,1,10,12,22,101,21,19,25,072,39,20,15,120,17,22,12,020,30,8*7D
$GBGSV,3,2,10,24,25,230,24,26,53,283,15,29,23,119,42,31,35,256,20,8*74
$GBGSV,3,3,10,35,60,180,21,39,30,000,47,8*7E
$GBGSV,1,1,01,11,03,111,,0*44
$GNGLL,3001.74366,S,05112.75097,W,170617.00,A,A*77
$GNRMC,170618.00,A,3001.74365,S,05112.75096,W,0.017,,090926,,,A,V*1B
$GNVTG,,T,,M,0.017,N,0.032,K,A*3A
$GNGGA,170618.00,3001.74365,S,05112.75096,W,1,12,0.63,49.2,M,4.8,M,,*4A
$GNGSA,M,3,18,23,25,26,28,29,31,05,12,13,,,1.26,0.63,1.09,1*09
$GNGSA,M,3,83,82,80,,,,,,,,,,1.26,0.63,1.09,2*0F
$GNGSA,M,3,25,36,02,10,11,16,,,,,,,1.26,0.63,1.09,3*01
$GNGSA,M,3,12,19,20,22,24,26,29,31,35,39,,,1.26,0.63,1.09,4*0E
$GPGSV,3,1,09,05,36,125,44,12,19,035,38,13,13,031,20,23,26,356,47,1*69
$GPGSV,3,2,09,25,52,020,50,26,27,226,25,28,22,293,21,29,57,147,39,1*6B
$GPGSV,3,3,09,31,21,261,29,1*52
$GPGSV,3,1,10,05,36,125,39,12,19,035,28,13,13,031,23,18,67,256,19,6*69
$GPGSV,3,2,10,23,26,356,44,25,52,020,45,26,27,226,25,28,22,293,22,6*67
$GPGSV,3,3,10,29,57,147,27,31,21,261,25,6*6F
$GPGSV,2,1,06,13,13,031,23,18,67,256,26,23,26,356,45,25,52,020,52,8*67
$GPGSV,2,2,06,26,27,226,21,28,22,293,26,8*69
$GPGSV,1,1,04,15,10,059,,16,00,220,,20,02,086,,21,07,142,,0*62
$GLGSV,2,1,07,66,00,155,08,67,16,105,20,68,10,056,19,80,48,355,48,1*7A
$GLGSV,2,2,07,82,25,144,34,83,53,209,20,84,24,275,12,1*49
$GLGSV,2,1,08,67,16,105,23,68,10,056,12,73,58,245,24,79,00,017,05,3*7C
$GLGSV,2,2,08,80,48,355,44,82,25,144,35,83,53,209,17,84,24,275,12,3*76
$GLGSV,1,1,01,74,15,210,,0*4C
$GAGSV,2,1,08,02,33,221,16,10,36,143,37,11,64,156,29,14,21,090,26,1*7C
$GAGSV,2,2,08,16,38,043,41,25,89,110,35,34,08,311,12,36,58,297,20,1*7A
$GAGSV,1,1,03,10,36,143,32,16,38,043,49,25,89,110,36,5*44
$GAGSV,2,1,07,02,33,221,22,10,36,143,25,11,64,156,21,14,21,090,21,7*7E
$GAGSV,2,2,07,16,38,043,45,25,89,110,37,36,58,297,22,7*48
$GAGSV,1,1,01,12,13,138,,0*4E
$GBGSV,3,1,10,12,22,101,28,19,25,072,38,20,15,120,22,22,12,020,09,3*72
$GBGSV,3,2,10,24,25,230,12,26,53,283,23,29,23,119,42,31,35,256,09,3*74
$GBGSV,3,3,10,35,60,180,25,39,30,000,47,3*71
$GBGSV,3,1,10,12,22,101,29,19,25,072,42,20,15,120,20,22,12,020,25,5*74
$GBGSV,3,2,10,24,25,230,30,26,53,283,08,29,23,119,38,31,35,256,16,5*78
$GBGSV,3,3,10,35,60,180,22,39,30,000,46,5*71
$GBGSV,3,1,10,12,22,101,21,19,25,072,39,20,15,120,17,22,12,020,30,8*7D
$GBGSV,3,2,10,24,25,230,25,26,53,283,15,29,23,119,42,31,35,256,20,8*75
$GBGSV,3,3,10,35,60,180,22,39,30,000,47,8*7D
$GBGSV,1,1,01,11,03,111,,0*44
$GNGLL,3001.74365,S,05112.75096,W,170618.00,A,A*7A
$GNRMC,170619.00,A,3001.74365,S,05112.75096,W,0.022,,090926,,,A,V*1C
$GNVTG,,T,,M,0.022,N,0.040,K,A*39
$GNGGA,170619.00,3001.74365,S,05112.75096,W,1,12,0.63,49.2,M,4.8,M,,*4B
$GNGSA,M,3,18,23,25,26,28,29,31,05,12,13,,,1.26,0.63,1.09,1*09
$GNGSA,M,3,83,82,80,,,,,,,,,,1.26,0.63,1.09,2*0F
$GNGSA,M,3,25,36,02,10,11,16,,,,,,,1.26,0.63,1.09,3*01
$GNGSA,M,3,12,19,20,22,24,26,29,31,35,39,,,1.26,0.63,1.09,4*0E
$GPGSV,3,1,09,05,36,125,44,12,19,035,38,13,13,031,20,23,26,356,47,1*69
$GPGSV,3,2,09,25,52,020,50,26,27,226,24,28,22,293,21,29,57,147,38,1*6B
$GPGSV,3,3,09,31,21,261,29,1*52
$GPGSV,3,1,10,05,36,125,39,12,19,035,28,13,13,031,23,18,67,256,18,6*68
$GPGSV,3,2,10,23,26,356,44,25,52,020,45,26,27,226,26,28,22,293,22,6*64
$GPGSV,3,3,10,29,57,147,27,31,21,261,25,6*6F
$GPGSV,2,1,06,13,13,031,23,18,67,256,26,23,26,356,45,25,52,020,52,8*67
$GPGSV,2,2,06,26,27,226,21,28,22,293,26,8*69
$GPGSV,1,1,04,15,10,059,,16,00,220,,20,02,086,,21,07,142,,0*62
$GLGSV,2,1,08,66,00,155,10,67,16,105,21,68,10,056,20,74,15,210,15,1*7C
$GLGSV,2,2,08,80,48,355,48,82,25,144,34,83,53,209,20,84,24,275,10,1*7F
$GLGSV,2,1,08,67,16,105,25,68,10,056,10,73,58,245,23,79,00,017,09,3*73
$GLGSV,2,2,08,80,48,355,44,82,25,144,35,83,53,209,17,84,24,275,10,3*74
$GAGSV,2,1,08,02,33,221,16,10,36,143,37,11,64,156,28,14,21,090,26,1*7D
$GAGSV,2,2,08,16,38,043,41,25,89,110,35,34,08,311,12,36,58,297,20,1*7A
$GAGSV,1,1,03,10,36,143,32,16,38,043,49,25,89,110,36,5*44
$GAGSV,2,1,07,02,33,221,22,10,36,143,26,11,64,156,21,14,21,090,21,7*7D
$GAGSV,2,2,07,16,38,043,45,25,89,110,37,36,58,297,21,7*4B
$GAGSV,1,1,01,12,13,138,,0*4E
$GBGSV,3,1,10,12,22,101,28,19,25,072,38,20,15,120,21,22,12,020,12,3*7B
$GBGSV,3,2,10,24,25,231,12,26,53,283,22,29,23,119,42,31,35,256,08,3*75
$GBGSV,3,3,10,35,60,180,24,39,30,000,47,3*70
$GBGSV,3,1,10,12,22,101,29,19,25,072,42,20,15,120,21,22,12,020,25,5*75
$GBGSV,3,2,10,24,25,231,30,26,53,283,08,29,23,119,38,31,35,256,15,5*7A
$GBGSV,3,3,10,35,60,180,22,39,30,000,46,5*71
$GBGSV,3,1,10,12,22,101,21,19,25,072,39,20,15,120,17,22,12,020,30,8*7D
$GBGSV,3,2,10,24,25,231,25,26,53,283,15,29,23,119,42,31,35,256,20,8*74
$GBGSV,3,3,10,35,60,180,21,39,30,000,47,8*7E
$GBGSV,1,1,01,11,03,111,,0*44
$GNGLL,3001.74365,S,05112.75096,W,170619.00,A,A*7B
$GNRMC,170620.00,A,3001.74366,S,05112.75097,W,0.029,,090926,,,A,V*1F
$GNVTG,,T,,M,0.029,N,0.054,K,A*37
$GNGGA,170620.00,3001.74366,S,05112.75097,W,1,12,0.63,49.2,M,4.8,M,,*43
$GNGSA,M,3,18,23,25,26,28,29,31,05,12,13,,,1.26,0.63,1.09,1*09
$GNGSA,M,3,83,82,80,,,,,,,,,,1.26,0.63,1.09,2*0F
$GNGSA,M,3,25,36,02,10,11,16,,,,,,,1.26,0.63,1.09,3*01
$GNGSA,M,3,12,19,20,22,24,26,29,31,35,39,,,1.26,0.63,1.09,4*0E
$GPGSV,3,1,09,05,36,125,44,12,19,035,38,13,13,031,20,23,26,356,47,1*69
$GPGSV,3,2,09,25,52,020,50,26,27,226,25,28,22,293,20,29,57,147,38,1*6B
$GPGSV,3,3,09,31,21,261,29,1*52
$GPGSV,3,1,10,05,36,125,39,12,19,035,28,13,13,031,22,18,67,256,18,6*69
$GPGSV,3,2,10,23,26,356,44,25,52,020,45,26,27,226,26,28,22,293,22,6*64
$GPGSV,3,3,10,29,57,147,27,31,21,261,25,6*6F
$GPGSV,2,1,06,13,13,031,23,18,67,256,26,23,26,356,45,25,52,020,52,8*67
$GPGSV,2,2,06,26,27,226,21,28,22,293,26,8*69
$GPGSV,1,1,04,15,10,059,,16,00,220,,20,02,086,,21,07,142,,0*62
$GLGSV,2,1,08,66,00,155,08,67,16,105,21,68,10,056,21,74,15,210,15,1*74
$GLGSV,2,2,08,80,48,355,48,82,25,144,34,83,53,209,20,84,24,275,09,1*77
$GLGSV,2,1,08,67,16,105,25,68,10,056,10,73,58,245,24,79,00,017,11,3*7D
$GLGSV,2,2,08,80,48,355,44,82,25,144,35,83,53,209,17,84,24,275,11,3*75
$GAGSV,2,1,08,02,33,221,16,10,36,143,37,11,64,156,28,14,21,090,26,1*7D
$GAGSV,2,2,08,16,38,043,41,25,89,110,35,34,08,311,11,36,58,297,20,1*79
$GAGSV,1,1,03,10,36,143,32,16,38,043,49,25,89,110,36,5*44
$GAGSV,2,1,07,02,33,221,22,10,36,143,25,11,64,156,21,14,21,090,20,7*7F
$GAGSV,2,2,07,16,38,043,45,25,89,110,37,36,58,297,21,7*4B
$GAGSV,1,1,01,12,13,138,,0*4E
$GBGSV,3,1,10,12,22,101,28,19,25,072,38,20,15,120,21,22,12,020,11,3*78
$GBGSV,3,2,10,24,25,231,10,26,53,283,22,29,23,119,42,31,35,256,09,3*76
$GBGSV,3,3,10,35,60,180,24,39,30,000,47,3*70
$GBGSV,3,1,09,12,22,101,29,19,25,072,42,20,15,120,20,22,12,020,25,5*7C
$GBGSV,3,2,09,24,25,231,30,29,23,119,37,31,35,256,15,35,60,180,22,5*77
$GBGSV,3,3,09,39,30,000,46,5*40
$GBGSV,3,1,10,12,22,101,21,19,25,072,39,20,15,120,17,22,12,020,30,8*7D
$GBGSV,3,2,10,24,25,231,26,26,53,283,17,29,23,119,42,31,35,256,21,8*74
$GBGSV,3,3,10,35,60,180,22,39,30,000,47,8*7D
$GBGSV,1,1,01,11,03,111,,0*44
$GNGLL,3001.74366,S,05112.75097,W,170620.00,A,A*73
$GNRMC,170621.00,A,3001.74365,S,05112.75097,W,0.029,,090926,,,A,V*1D
$GNVTG,,T,,M,0.029,N,0.053,K,A*30
$GNGGA,170621.00,3001.74365,S,05112.75097,W,1,12,0.63,49.3,M,4.8,M,,*40
$GNGSA,M,3,18,23,25,26,28,29,31,05,12,13,,,1.26,0.63,1.09,1*09
$GNGSA,M,3,83,82,80,,,,,,,,,,1.26,0.63,1.09,2*0F
$GNGSA,M,3,25,36,02,10,11,16,,,,,,,1.26,0.63,1.09,3*01
$GNGSA,M,3,12,19,20,22,24,26,29,31,35,39,,,1.26,0.63,1.09,4*0E
$GPGSV,3,1,09,05,36,125,44,12,19,035,38,13,13,031,21,23,26,356,47,1*68
$GPGSV,3,2,09,25,52,020,50,26,27,226,25,28,22,293,21,29,57,147,38,1*6A
$GPGSV,3,3,09,31,21,261,29,1*52
$GPGSV,3,1,10,05,36,125,39,12,19,035,28,13,13,031,22,18,67,256,18,6*69
$GPGSV,3,2,10,23,26,356,44,25,52,020,45,26,27,226,26,28,22,293,21,6*67
$GPGSV,3,3,10,29,57,147,27,31,21,261,25,6*6F
$GPGSV,2,1,06,13,13,031,23,18,67,256,26,23,26,356,45,25,52,020,52,8*67
$GPGSV,2,2,06,26,27,226,21,28,22,293,26,8*69
$GPGSV,1,1,04,15,10,059,,16,00,220,,20,02,086,,21,07,142,,0*62
$GLGSV,2,1,08,66,00,155,08,67,16,105,21,68,10,056,21,74,15,210,15,1*74
$GLGSV,2,2,08,80,48,355,48,82,25,144,34,83,53,209,20,84,24,275,09,1*77
$GLGSV,2,1,08,67,16,105,25,68,10,056,09,73,58,245,25,79,00,017,11,3*74
$GLGSV,2,2,08,80,48,355,44,82,25,144,35,83,53,209,17,84,24,275,11,3*75
$GAGSV,2,1,08,02,33,221,16,10,36,143,37,11,64,156,28,14,21,090,26,1*7D
$GAGSV,2,2,08,16,38,043,41,25,89,110,34,34,08,311,11,36,58,297,19,1*72
$GAGSV,1,1,03,10,36,143,32,16,38,043,49,25,89,110,36,5*44
$GAGSV,2,1,07,02,33,221,22,10,36,143,26,11,64,156,22,14,21,090,19,7*75
$GAGSV,2,2,07,16,38,043,45,25,89,110,37,36,58,297,21,7*4B
$GAGSV,1,1,01,12,13,138,,0*4E
$GBGSV,3,1,10,12,22,101,27,19,25,072,38,20,15,120,21,22,12,020,13,3*75
$GBGSV,3,2,10,24,25,231,13,26,52,284,22,29,23,119,42,31,35,256,14,3*7F
$GBGSV,3,3,10,35,60,180,24,39,30,000,47,3*70
$GBGSV,3,1,09,12,22,101,29,19,25,072,42,20,15,120,20,22,12,020,25,5*7C
$GBGSV,3,2,09,24,25,231,29,29,23,119,37,31,35,256,15,35,60,180,22,5*7F
$GBGSV,3,3,09,39,30,000,46,5*40
$GBGSV,3,1,10,12,22,101,21,19,25,072,39,20,15,120,16,22,12,020,29,8*74
$GBGSV,3,2,10,24,25,231,25,26,52,284,18,29,23,119,42,31,35,256,20,8*7F
$GBGSV,3,3,10,35,60,180,22,39,30,000,47,8*7D
$GBGSV,1,1,01,11,03,111,,0*44
$GNGLL,3001.74365,S,05112.75097,W,170621.00,A,A*71
$GNRMC,170622.00,A,3001.74365,S,05112.75097,W,0.019,,090926,,,A,V*1D
$GNVTG,,T,,M,0.019,N,0.035,K,A*33
$GNGGA,170622.00,3001.74365,S,05112.75097,W,1,12,0.66,49.2,M,4.8,M,,*47
$GNGSA,M,3,18,23,25,26,28,29,31,05,12,13,,,1.31,0.66,1.13,1*01
$GNGSA,M,3,83,82,80,,,,,,,,,,1.31,0.66,1.13,2*07
$GNGSA,M,3,25,36,02,10,11,16,,,,,,,1.31,0.66,1.13,3*09
$GNGSA,M,3,12,19,22,24,26,29,31,35,39,,,,1.31,0.66,1.13,4*04
$GPGSV,3,1,09,05,36,125,44,12,19,035,38,13,13,031,21,23,26,356,47,1*68
$GPGSV,3,2,09,25,52,020,50,26,27,226,24,28,22,293,20,29,57,147,38,1*6A
$GPGSV,3,3,09,31,21,261,28,1*53
$GPGSV,3,1,10,05,36,125,39,12,19,035,28,13,13,031,21,18,67,256,19,6*6B
$GPGSV,3,2,10,23,26,356,44,25,52,020,45,26,27,226,26,28,22,293,21,6*67
$GPGSV,3,3,10,29,57,147,27,31,21,261,25,6*6F
$GPGSV,2,1,06,13,13,031,23,18,67,256,26,23,26,356,45,25,52,020,52,8*67
$GPGSV,2,2,06,26,27,226,21,28,22,293,26,8*69
$GPGSV,1,1,04,15,10,059,,16,00,220,,20,02,086,,21,07,142,,0*62
$GLGSV,2,1,08,66,00,155,09,67,16,105,20,68,10,056,21,74,15,210,15,1*74
$GLGSV,2,2,08,80,48,355,48,82,25,144,34,83,53,209,22,84,24,275,09,1*75
$GLGSV,2,1,08,67,16,105,25,68,10,056,09,73,58,245,25,79,00,017,07,3*73
$GLGSV,2,2,08,80,48,355,44,82,25,144,35,83,53,209,16,84,24,275,09,3*7D
$GAGSV,2,1,08,02,33,221,16,10,36,143,37,11,64,156,28,14,21,090,26,1*7D
$GAGSV,2,2,08,16,38,043,41,25,89,110,34,34,08,311,12,36,58,297,20,1*7B
$GAGSV,1,1,03,10,36,143,32,16,38,043,49,25,89,110,36,5*44
$GAGSV,2,1,07,02,33,221,21,10,36,143,26,11,64,156,22,14,21,090,20,7*7C
$GAGSV,2,2,07,16,38,043,45,25,89,110,37,36,58,297,22,7*48
$GAGSV,1,1,01,12,13,138,,0*4E
$GBGSV,3,1,10,12,22,101,27,19,25,072,38,20,15,120,21,22,12,020,10,3*76
$GBGSV,3,2,10,24,25,231,10,26,52,284,22,29,23,119,42,31,35,256,13,3*7B
$GBGSV,3,3,10,35,60,180,24,39,30,000,47,3*70
$GBGSV,2,1,08,12,22,101,29,19,25,072,42,20,15,120,20,22,12,020,25,5*7C
$GBGSV,2,2,08,24,25,231,29,29,23,119,37,35,60,180,22,39,30,000,46,5*75
$GBGSV,3,1,10,12,22,101,21,19,25,072,39,20,15,120,14,22,12,020,30,8*7E
$GBGSV,3,2,10,24,25,231,25,26,52,284,18,29,23,119,42,31,35,256,19,8*75
$GBGSV,3,3,10,35,60,180,22,39,30,000,47,8*7D
$GBGSV,1,1,01,11,03,111,,0*44
$GNGLL,3001.74365,S,05112.75097,W,170622.00,A,A*72
$GNRMC,170623.00,A,3001.74365,S,05112.75098,W,0.020,,090926,,,A,V*19
$GNVTG,,T,,M,0.020,N,0.036,K,A*3A
$GNGGA,170623.00,3001.74365,S,05112.75098,W,1,12,0.65,49.2,M,4.8,M,,*4A
$GNGSA,M,3,18,23,25,26,28,29,31,05,12,13,,,1.27,0.65,1.09,1*0E
$GNGSA,M,3,83,82,80,,,,,,,,,,1.27,0.65,1.09,2*08
$GNGSA,M,3,25,36,02,10,11,16,,,,,,,1.27,0.65,1.09,3*06
$GNGSA,M,3,12,19,20,22,24,26,29,31,35,39,,,1.27,0.65,1.09,4*09
$GPGSV,3,1,09,05,36,125,44,12,19,035,38,13,13,031,21,23,26,356,47,1*68
$GPGSV,3,2,09,25,52,020,50,26,27,226,23,28,22,293,20,29,57,147,38,1*6D
$GPGSV,3,3,09,31,21,261,28,1*53
$GPGSV,3,1,10,05,36,125,39,12,19,035,28,13,13,031,21,18,67,256,18,6*6A
$GPGSV,3,2,10,23,26,356,44,25,52,020,45,26,27,226,26,28,22,293,21,6*67
$GPGSV,3,3,10,29,57,147,27,31,21,261,25,6*6F
$GPGSV,2,1,06,13,13,031,23,18,67,256,26,23,26,356,45,25,52,020,52,8*67
$GPGSV,2,2,06,26,27,226,20,28,22,293,26,8*68
$GPGSV,1,1,04,15,10,059,,16,00,220,,20,02,086,,21,07,142,,0*62
$GLGSV,2,1,07,67,16,105,20,68,10,056,20,74,15,210,16,80,48,355,48,1*7A
$GLGSV,2,2,07,82,25,144,34,83,53,209,22,84,24,275,11,1*48
$GLGSV,2,1,08,67,16,105,25,68,10,056,12,73,58,245,25,79,00,017,07,3*79
$GLGSV,2,2,08,80,48,355,44,82,25,144,35,83,53,209,14,84,24,275,06,3*70
$GLGSV,1,1,01,66,00,155,,0*49
$GAGSV,2,1,08,02,33,221,15,10,36,143,37,11,64,156,28,14,21,090,26,1*7E
$GAGSV,2,2,08,16,38,043,41,25,89,110,35,34,08,311,12,36,58,297,20,1*7A
$GAGSV,1,1,03,10,36,143,32,16,38,043,49,25,89,110,36,5*44
$GAGSV,2,1,07,02,33,221,21,10,36,143,26,11,64,156,23,14,21,090,18,7*76
$GAGSV,2,2,07,16,38,043,45,25,89,110,37,36,58,297,22,7*48
$GAGSV,1,1,01,12,13,138,,0*4E
$GBGSV,3,1,10,12,22,101,27,19,25,072,38,20,15,120,21,22,12,020,14,3*72
$GBGSV,3,2,10,24,25,231,11,26,52,284,22,29,23,119,42,31,35,256,08,3*70
$GBGSV,3,3,10,35,60,180,24,39,30,000,47,3*70
$GBGSV,2,1,08,12,22,101,28,19,25,072,42,20,15,120,20,22,12,020,25,5*7D
$GBGSV,2,2,08,24,25,231,29,29,23,119,37,35,60,180,22,39,30,000,46,5*75
$GBGSV,3,1,10,12,22,101,21,19,25,072,39,20,15,120,15,22,12,020,30,8*7F
$GBGSV,3,2,10,24,25,231,25,26,52,284,19,29,23,119,42,31,35,256,19,8*74
$GBGSV,3,3,10,35,60,180,23,39,30,000,47,8*7C
$GBGSV,1,1,01,11,03,111,,0*44
$GNGLL,3001.74365,S,05112.75098,W,170623.00,A,A*7C
$GNRMC,170624.00,A,3001.74366,S,05112.75099,W,0.042,,090926,,,A,V*18
$GNVTG,,T,,M,0.042,N,0.077,K,A*3B
$GNGGA,170624.00,3001.74366,S,05112.75099,W,1,12,0.75,49.2,M,4.8,M,,*4E
$GNGSA,M,3,18,23,25,26,28,29,31,05,12,13,,,1.45,0.75,1.24,1*04
$GNGSA,M,3,83,82,80,,,,,,,,,,1.45,0.75,1.24,2*02
$GNGSA,M,3,25,36,10,11,16,,,,,,,,1.45,0.75,1.24,3*0E
$GNGSA,M,3,12,19,22,24,26,29,31,35,39,,,,1.45,0.75,1.24,4*01
$GPGSV,3,1,09,05,36,125,44,12,19,035,38,13,13,031,21,23,26,356,47,1*68
$GPGSV,3,2,09,25,52,020,50,26,27,226,22,28,22,293,18,29,57,147,39,1*66
$GPGSV,3,3,09,31,21,261,28,1*53
$GPGSV,3,1,10,05,36,125,39,12,19,035,28,13,13,031,21,18,67,256,18,6*6A
$GPGSV,3,2,10,23,26,356,44,25,52,020,45,26,27,226,25,28,22,293,20,6*65
$GPGSV,3,3,10,29,57,147,27,31,21,261,25,6*6F
$GPGSV,2,1,06,13,13,031,23,18,67,256,26,23,26,356,45,25,52,020,52,8*67
$GPGSV,2,2,06,26,27,226,21,28,22,293,26,8*69
$GPGSV,1,1,04,15,10,059,,16,00,220,,20,02,086,,21,07,142,,0*62
$GLGSV,2,1,07,67,16,105,21,68,10,056,19,74,15,210,16,80,48,355,48,1*71
$GLGSV,2,2,07,82,25,144,34,83,53,209,23,84,24,275,12,1*4A
$GLGSV,2,1,08,67,16,105,25,68,10,056,12,73,58,245,25,79,00,017,12,3*7D
$GLGSV,2,2,08,80,48,355,44,82,25,144,35,83,53,209,14,84,24,275,07,3*71
$GLGSV,1,1,01,66,00,155,,0*49
$GAGSV,2,1,08,02,33,221,14,10,36,143,37,11,64,156,28,14,21,090,26,1*7F
$GAGSV,2,2,08,16,38,043,41,25,89,110,35,34,08,311,13,36,58,297,20,1*7B
$GAGSV,1,1,03,10,36,143,32,16,38,043,49,25,89,110,36,5*44
$GAGSV,2,1,07,02,33,221,21,10,36,143,26,11,64,156,22,14,21,090,19,7*76
$GAGSV,2,2,07,16,38,043,45,25,89,110,37,36,58,297,21,7*4B
$GAGSV,1,1,01,12,13,138,,0*4E
$GBGSV,3,1,10,12,22,101,26,19,25,072,38,20,15,120,21,22,12,020,10,3*77
$GBGSV,3,2,10,24,25,231,12,26,52,284,21,29,23,119,42,31,35,256,12,3*7B
$GBGSV,3,3,10,35,60,180,24,39,30,000,47,3*70
$GBGSV,3,1,09,12,22,101,28,19,25,072,42,20,15,120,19,22,12,020,25,5*77
$GBGSV,3,2,09,24,25,231,29,29,23,119,37,31,35,256,18,35,60,180,22,5*72
$GBGSV,3,3,09,39,30,000,46,5*40
$GBGSV,3,1,10,12,22,101,21,19,25,072,39,20,15,120,14,22,12,020,30,8*7E
$GBGSV,3,2,10,24,25,231,25,26,52,284,19,29,23,119,42,31,35,256,20,8*7E
$GBGSV,3,3,10,35,60,180,23,39,30,000,47,8*7C
$GBGSV,1,1,01,11,03,111,,0*44
$GNGLL,3001.74366,S,05112.75099,W,170624.00,A,A*79
$GNRMC,170625.00,A,3001.74366,S,05112.75099,W,0.012,,090926,,,A,V*1C
$GNVTG,,T,,M,0.012,N,0.023,K,A*3F
$GNGGA,170625.00,3001.74366,S,05112.75099,W,1,12,0.67,49.2,M,4.8,M,,*4C
$GNGSA,M,3,18,23,25,26,28,29,31,05,12,13,,,1.31,0.67,1.13,1*00
$GNGSA,M,3,83,82,80,,,,,,,,,,1.31,0.67,1.13,2*06
$GNGSA,M,3,25,36,02,10,11,16,,,,,,,1.31,0.67,1.13,3*08
$GNGSA,M,3,12,19,22,24,26,29,31,35,39,,,,1.31,0.67,1.13,4*05
$GPGSV,3,1,09,05,36,125,44,12,19,035,38,13,13,031,21,23,26,356,47,1*68
$GPGSV,3,2,09,25,52,020,50,26,27,226,22,28,22,293,19,29,57,147,39,1*67
$GPGSV,3,3,09,31,21,261,28,1*53
$GPGSV,3,1,10,05,36,125,39,12,19,035,28,13,13,031,21,18,67,256,18,6*6A
$GPGSV,3,2,10,23,26,356,44,25,52,020,45,26,27,226,25,28,22,293,20,6*65
$GPGSV,3,3,10,29,57,147,27,31,21,261,25,6*6F
$GPGSV,2,1,06,13,13,031,23,18,67,256,26,23,26,356,45,25,52,020,52,8*67
$GPGSV,2,2,06,26,27,226,21,28,22,293,26,8*69
$GPGSV,1,1,04,15,10,059,,16,00,220,,20,02,086,,21,07,142,,0*62
$GLGSV,2,1,07,67,16,105,21,68,10,056,19,74,15,210,17,80,48,355,48,1*70
$GLGSV,2,2,07,82,25,144,34,83,53,209,23,84,24,275,14,1*4C
$GLGSV,2,1,08,67,16,105,24,68,10,056,11,73,58,245,25,79,00,017,12,3*7F
$GLGSV,2,2,08,80,48,355,44,82,25,144,34,83,53,209,12,84,24,275,11,3*71
$GLGSV,1,1,01,66,00,155,,0*49
$GAGSV,2,1,08,02,33,221,16,10,36,143,37,11,64,156,28,14,21,090,27,1*7C
$GAGSV,2,2,08,16,38,043,41,25,89,110,34,34,08,311,14,36,58,297,20,1*7D
$GAGSV,1,1,03,10,36,143,32,16,38,043,49,25,89,110,36,5*44
$GAGSV,2,1,07,02,33,221,20,10,36,143,26,11,64,156,22,14,21,090,18,7*76
$GAGSV,2,2,07,16,38,043,45,25,89,110,37,36,58,297,21,7*4B
$GAGSV,1,1,01,12,13,138,,0*4E
$GBGSV,3,1,10,12,22,101,26,19,25,072,38,20,15,120,21,22,12,020,07,3*71
$GBGSV,3,2,10,24,25,231,16,26,52,284,20,29,23,119,42,31,35,256,14,3*78
$GBGSV,3,3,10,35,60,180,24,39,30,000,47,3*70
$GBGSV,3,1,09,12,22,101,28,19,25,072,42,20,15,120,20,22,12,020,25,5*7D
$GBGSV,3,2,09,24,25,231,29,29,23,119,37,31,35,256,17,35,60,180,22,5*7D
$GBGSV,3,3,09,39,30,000,46,5*40
$GBGSV,3,1,10,12,22,101,20,19,25,072,39,20,15,120,14,22,12,020,30,8*7F
$GBGSV,3,2,10,24,25,231,25,26,52,284,19,29,23,119,42,31,35,256,20,8*7E
$GBGSV,3,3,10,35,60,180,24,39,30,000,47,8*7B
$GBGSV,1,1,01,11,03,111,,0*44
$GNGLL,3001.74366,S,05112.75099,W,170625.00,A,A*78
$GNRMC,170626.00,A,3001.74366,S,05112.75099,W,0.009,,090926,,,A,V*15
$GNVTG,,T,,M,0.009,N,0.017,K,A*32
$GNGGA,170626.00,3001.74366,S,05112.75099,W,1,12,0.67,49.2,M,4.8,M,,*4F
$GNGSA,M,3,18,23,25,26,28,29,31,05,12,13,,,1.31,0.67,1.13,1*00
$GNGSA,M,3,84,83,82,80,,,,,,,,,1.31,0.67,1.13,2*0A
$GNGSA,M,3,25,36,02,10,11,16,,,,,,,1.31,0.67,1.13,3*08
$GNGSA,M,3,12,19,22,24,26,29,31,35,39,,,,1.31,0.67,1.13,4*05
$GPGSV,3,1,09,05,36,125,44,12,19,035,38,13,13,031,22,23,26,356,47,1*6B
$GPGSV,3,2,09,25,52,020,50,26,27,226,22,28,22,293,18,29,57,147,39,1*66
$GPGSV,3,3,09,31,21,261,28,1*53
$GPGSV,3,1,10,05,36,125,39,12,19,035,28,13,13,031,21,18,67,256,18,6*6A
$GPGSV,3,2,10,23,26,356,44,25,52,020,45,26,27,226,25,28,22,293,20,6*65
$GPGSV,3,3,10,29,57,147,27,31,21,261,26,6*6C
$GPGSV,2,1,06,13,13,031,23,18,67,256,25,23,26,356,45,25,52,020,52,8*64
$GPGSV,2,2,06,26,27,226,22,28,22,293,26,8*6A
$GPGSV,1,1,04,15,10,059,,16,00,220,,20,02,086,,21,07,142,,0*62
$GLGSV,2,1,08,66,00,155,21,67,16,105,22,68,10,056,18,74,15,210,16,1*75
$GLGSV,2,2,08,80,48,355,48,82,25,144,34,83,53,209,23,84,24,275,15,1*79
$GLGSV,2,1,08,67,16,105,24,68,10,056,10,73,58,245,26,79,00,017,07,3*79
$GLGSV,2,2,08,80,48,355,44,82,25,144,34,83,53,209,12,84,24,275,08,3*79
$GAGSV,2,1,08,02,33,221,16,10,36,143,37,11,64,156,28,14,21,090,26,1*7D
$GAGSV,2,2,08,16,38,043,41,25,89,110,34,34,08,311,14,36,58,297,20,1*7D
$GAGSV,1,1,03,10,36,143,32,16,38,043,49,25,89,110,36,5*44
$GAGSV,2,1,07,02,33,221,21,10,36,143,26,11,64,156,22,14,21,090,16,7*79
$GAGSV,2,2,07,16,38,043,45,25,89,110,37,36,58,297,21,7*4B
$GAGSV,1,1,01,12,13,138,,0*4E
$GBGSV,3,1,10,12,22,101,26,19,25,072,38,20,15,120,20,22,12,020,09,3*7E
$GBGSV,3,2,10,24,25,231,12,26,52,284,21,29,23,119,42,31,36,255,15,3*7C
$GBGSV,3,3,10,35,60,180,23,39,30,000,47,3*77
$GBGSV,3,1,09,12,22,101,28,19,25,072,42,20,15,120,19,22,12,020,25,5*77
$GBGSV,3,2,09,24,25,231,29,29,23,119,37,31,36,255,17,35,60,180,22,5*7D
$GBGSV,3,3,09,39,30,000,46,5*40
$GBGSV,3,1,10,12,22,101,20,19,25,072,39,20,15,120,13,22,12,020,30,8*78
$GBGSV,3,2,10,24,25,231,26,26,52,284,19,29,23,119,42,31,36,255,21,8*7C
$GBGSV,3,3,10,35,60,180,24,39,30,000,47,8*7B
$GBGSV,1,1,01,11,03,111,,0*44
$GNGLL,3001.74366,S,05112.75099,W,170626.00,A,A*7B
$GNRMC,170627.00,A,3001.74367,S,05112.75101,W,0.049,,090926,,,A,V*11
$GNVTG,,T,,M,0.049,N,0.091,K,A*38
$GNGGA,170627.00,3001.74367,S,05112.75101,W,1,12,0.67,49.2,M,4.8,M,,*4F
$GNGSA,M,3,18,23,25,26,28,29,31,05,12,13,,,1.31,0.67,1.13,1*00
$GNGSA,M,3,84,83,82,80,,,,,,,,,1.31,0.67,1.13,2*0A
$GNGSA,M,3,25,36,02,10,11,16,,,,,,,1.31,0.67,1.13,3*08
$GNGSA,M,3,12,19,22,24,26,29,31,35,39,,,,1.31,0.67,1.13,4*05
$GPGSV,3,1,09,05,36,125,44,12,19,035,38,13,13,031,22,23,26,356,47,1*6B
$GPGSV,3,2,09,25,52,020,50,26,27,226,21,28,22,293,18,29,57,147,39,1*65
$GPGSV,3,3,09,31,21,261,28,1*53
$GPGSV,3,1,10,05,36,125,39,12,19,035,28,13,13,031,22,18,67,256,18,6*69
$GPGSV,3,2,10,23,26,356,44,25,52,020,45,26,27,226,25,28,22,293,21,6*64
$GPGSV,3,3,10,29,57,147,27,31,21,261,26,6*6C
$GPGSV,2,1,06,13,13,031,23,18,67,256,25,23,26,356,45,25,52,020,52,8*64
$GPGSV,2,2,06,26,27,226,22,28,22,293,26,8*6A
$GPGSV,1,1,04,15,10,059,,16,00,220,,20,02,086,,21,07,142,,0*62
$GLGSV,2,1,08,66,00,155,17,67,16,105,22,68,10,056,16,74,15,210,16,1*7E
$GLGSV,2,2,08,80,48,355,48,82,25,144,34,83,53,209,24,84,24,275,16,1*7D
$GLGSV,2,1,08,67,16,105,24,68,10,056,10,73,58,245,26,79,00,017,10,3*7F
$GLGSV,2,2,08,80,48,355,44,82,25,144,34,83,53,209,11,84,24,275,12,3*71
$GAGSV,2,1,08,02,33,221,16,10,36,143,37,11,64,156,28,14,21,090,26,1*7D
$GAGSV,2,2,08,16,38,043,41,25,89,110,34,34,08,311,13,36,58,297,20,1*7A
$GAGSV,1,1,03,10,36,143,32,16,38,043,49,25,89,110,36,5*44
$GAGSV,2,1,07,02,33,221,21,10,36,143,26,11,64,156,22,14,21,090,14,7*7B
$GAGSV,2,2,07,16,38,043,45,25,89,110,37,36,58,297,21,7*4B
$GAGSV,1,1,01,12,13,138,,0*4E
$GBGSV,3,1,10,12,22,101,26,19,25,072,38,20,15,120,21,22,12,020,08,3*7E
$GBGSV,3,2,10,24,25,231,09,26,52,284,21,29,23,119,42,31,36,255,13,3*70
$GBGSV,3,3,10,35,60,180,24,39,30,000,47,3*70
$GBGSV,3,1,09,12,22,101,28,19,25,072,42,20,15,120,19,22,12,020,25,5*77
$GBGSV,3,2,09,24,25,231,29,29,23,119,37,31,36,255,16,35,60,180,22,5*7C
$GBGSV,3,3,09,39,30,000,46,5*40
$GBGSV,3,1,10,12,22,101,20,19,25,072,39,20,15,120,13,22,12,020,30,8*78
$GBGSV,3,2,10,24,25,231,26,26,52,284,20,29,23,119,42,31,36,255,21,8*76
$GBGSV,3,3,10,35,60,180,24,39,30,000,47,8*7B
$GBGSV,1,1,01,11,03,111,,0*44
$GNGLL,3001.74367,S,05112.75101,W,170627.00,A,A*7B
$GNRMC,170628.00,A,3001.74368,S,05112.75102,W,0.021,,090926,,,A,V*1C
$GNVTG,,T,,M,0.021,N,0.040,K,A*3A
$GNGGA,170628.00,3001.74368,S,05112.75102,W,1,12,0.67,49.2,M,4.8,M,,*4C
$GNGSA,M,3,18,23,25,26,28,29,31,05,12,13,,,1.31,0.67,1.13,1*00
$GNGSA,M,3,84,83,82,80,,,,,,,,,1.31,0.67,1.13,2*0A
$GNGSA,M,3,25,36,02,10,11,16,,,,,,,1.31,0.67,1.13,3*08
$GNGSA,M,3,12,19,22,24,26,29,31,35,39,,,,1.31,0.67,1.13,4*05
$GPGSV,3,1,09,05,36,125,44,12,19,035,38,13,13,031,22,23,26,356,47,1*6B
$GPGSV,3,2,09,25,52,020,50,26,27,226,20,28,22,293,17,29,57,147,38,1*6A
$GPGSV,3,3,09,31,21,261,28,1*53
$GPGSV,3,1,10,05,36,125,39,12,19,035,28,13,13,031,22,18,67,256,17,6*66
$GPGSV,3,2,10,23,26,356,44,25,52,020,45,26,27,226,25,28,22,293,20,6*65
$GPGSV,3,3,10,29,57,147,27,31,21,261,26,6*6C
$GPGSV,2,1,06,13,13,031,23,18,67,256,25,23,26,356,45,25,52,020,52,8*64
$GPGSV,2,2,06,26,27,226,22,28,22,293,26,8*6A
$GPGSV,1,1,04,15,10,059,,16,00,220,,20,02,086,,21,07,142,,0*62
$GLGSV,2,1,08,66,00,155,14,67,16,105,21,68,10,056,14,74,15,210,16,1*7C
$GLGSV,2,2,08,80,48,355,48,82,25,144,34,83,53,209,23,84,24,275,16,1*7A
$GLGSV,2,1,08,67,16,105,23,68,10,056,08,73,58,245,26,79,00,017,10,3*71
$GLGSV,2,2,08,80,48,355,43,82,25,144,34,83,53,209,11,84,24,275,11,3*75
$GAGSV,2,1,08,02,33,221,15,10,36,143,37,11,64,156,28,14,21,090,26,1*7E
$GAGSV,2,2,08,16,38,043,41,25,89,110,35,34,08,311,12,36,58,297,20,1*7A
$GAGSV,1,1,03,10,36,143,32,16,38,043,49,25,89,110,36,5*44
$GAGSV,2,1,07,02,33,221,21,10,36,143,26,11,64,156,22,14,21,090,15,7*7A
$GAGSV,2,2,07,16,38,043,46,25,89,110,37,36,58,297,20,7*49
$GAGSV,1,1,01,12,13,138,,0*4E
$GBGSV,3,1,10,12,22,101,25,19,25,072,38,20,15,120,21,22,12,020,10,3*74
$GBGSV,3,2,10,24,25,231,11,26,52,284,21,29,23,119,42,31,36,255,07,3*7C
$GBGSV,3,3,10,35,60,180,24,39,30,000,47,3*70
$GBGSV,3,1,09,12,22,101,28,19,25,072,42,20,15,120,20,22,12,020,25,5*7D
$GBGSV,3,2,09,24,25,231,29,29,23,119,37,31,36,255,16,35,60,180,22,5*7C
$GBGSV,3,3,09,39,30,000,46,5*40
$GBGSV,3,1,10,12,22,101,21,19,25,072,39,20,15,120,13,22,12,020,30,8*79
$GBGSV,3,2,10,24,25,231,26,26,52,284,20,29,23,119,42,31,36,255,21,8*76
$GBGSV,3,3,10,35,60,180,24,39,30,000,47,8*7B
$GBGSV,1,1,01,11,03,111,,0*44
$GNGLL,3001.74368,S,05112.75102,W,170628.00,A,A*78
$GNRMC,170629.00,A,3001.74369,S,05112.75103,W,0.047,,090926,,,A,V*1D
$GNVTG,,T,,M,0.047,N,0.088,K,A*3E
$GNGGA,170629.00,3001.74369,S,05112.75103,W,1,12,0.67,49.2,M,4.8,M,,*4D
$GNGSA,M,3,18,23,25,26,28,29,31,05,12,13,,,1.31,0.67,1.13,1*00
$GNGSA,M,3,84,83,82,80,,,,,,,,,1.31,0.67,1.13,2*0A
$GNGSA,M,3,25,36,02,10,11,16,,,,,,,1.31,0.67,1.13,3*08
$GNGSA,M,3,12,19,22,24,26,29,31,35,39,,,,1.31,0.67,1.13,4*05
$GPGSV,3,1,09,05,36,125,44,12,19,035,38,13,13,031,22,23,26,356,47,1*6B
$GPGSV,3,2,09,25,52,020,50,26,27,226,19,28,22,293,17,29,57,147,39,1*61
$GPGSV,3,3,09,31,21,261,28,1*53
$GPGSV,3,1,10,05,36,125,39,12,19,035,28,13,13,031,22,18,67,256,17,6*66
$GPGSV,3,2,10,23,26,356,44,25,52,020,45,26,27,226,25,28,22,293,20,6*65
$GPGSV,3,3,10,29,57,147,28,31,21,261,26,6*63
$GPGSV,2,1,06,13,13,031,23,18,67,256,25,23,26,356,45,25,52,020,52,8*64
$GPGSV,2,2,06,26,27,226,22,28,22,293,26,8*6A
$GPGSV,1,1,04,15,10,059,,16,00,220,,20,02,086,,21,07,142,,0*62
$GLGSV,2,1,08,66,00,155,14,67,16,105,21,68,10,056,11,74,15,210,16,1*79
$GLGSV,2,2,08,80,48,355,48,82,25,144,34,83,53,209,23,84,24,275,15,1*79
$GLGSV,2,1,08,67,16,105,23,68,10,056,07,73,58,245,26,79,00,017,10,3*7E
$GLGSV,2,2,08,80,48,355,43,82,25,144,34,83,53,209,08,84,24,275,11,3*7D
$GAGSV,2,1,08,02,33,221,15,10,36,143,37,11,64,156,28,14,21,090,27,1*7F
$GAGSV,2,2,08,16,38,043,41,25,89,110,34,34,08,311,09,36,58,297,21,1*70
$GAGSV,1,1,03,10,36,143,33,16,38,043,50,25,89,110,36,5*4D
$GAGSV,2,1,07,02,33,221,21,10,36,143,27,11,64,156,23,14,21,090,17,7*78
$GAGSV,2,2,07,16,38,043,45,25,89,110,37,36,58,297,19,7*40
$GAGSV,1,1,01,12,13,138,,0*4E
$GBGSV,3,1,10,12,22,101,24,19,25,072,38,20,15,120,20,22,12,020,07,3*72
$GBGSV,3,2,10,24,25,231,14,26,52,284,21,29,23,119,42,31,36,255,08,3*76
$GBGSV,3,3,10,35,60,180,24,39,30,000,47,3*70
$GBGSV,3,1,09,12,22,101,27,19,25,072,42,20,15,120,20,22,12,020,25,5*72
$GBGSV,3,2,09,24,25,231,29,29,23,119,37,31,36,255,16,35,60,180,22,5*7C
$GBGSV,3,3,09,39,30,000,46,5*40
$GBGSV,3,1,10,12,22,101,21,19,25,072,39,20,15,120,12,22,12,020,30,8*78
$GBGSV,3,2,10,24,25,231,26,26,52,284,20,29,23,119,42,31,36,255,21,8*76
$GBGSV,3,3,10,35,60,180,24,39,30,000,47,8*7B
$GBGSV,1,1,01,11,03,111,,0*44
$GNGLL,3001.74369,S,05112.75103,W,170629.00,A,A*79
$GNRMC,170630.00,A,3001.74369,S,05112.75104,W,0.003,,090926,,,A,V*12
$GNVTG,,T,,M,0.003,N,0.005,K,A*3B
$GNGGA,170630.00,3001.74369,S,05112.75104,W,1,12,0.67,49.2,M,4.8,M,,*42
$GNGSA,M,3,18,23,25,26,28,29,31,05,12,13,,,1.31,0.67,1.13,1*00
$GNGSA,M,3,84,83,82,80,,,,,,,,,1.31,0.67,1.13,2*0A
$GNGSA,M,3,25,36,02,10,11,16,,,,,,,1.31,0.67,1.13,3*08
$GNGSA,M,3,12,19,22,24,26,29,31,35,39,,,,1.31,0.67,1.13,4*05
$GPGSV,3,1,09,05,36,125,44,12,19,035,38,13,13,031,22,23,26,356,47,1*6B
$GPGSV,3,2,09,25,52,020,50,26,27,226,17,28,22,293,16,29,57,147,39,1*6E
$GPGSV,3,3,09,31,21,261,28,1*53
$GPGSV,3,1,10,05,36,125,39,12,19,035,28,13,13,031,21,18,67,256,17,6*65
$GPGSV,3,2,10,23,26,356,44,25,52,020,45,26,27,226,25,28,22,293,20,6*65
$GPGSV,3,3,10,29,57,147,28,31,21,261,26,6*63
$GPGSV,2,1,06,13,13,031,23,18,67,256,25,23,26,356,45,25,52,020,52,8*64
$GPGSV,2,2,06,26,27,226,22,28,22,293,25,8*69
$GPGSV,1,1,04,15,10,059,,16,00,220,,20,02,086,,21,07,142,,0*62
$GLGSV,2,1,08,66,00,155,13,67,16,105,21,68,10,056,14,74,15,210,16,1*7B
$GLGSV,2,2,08,80,48,355,48,82,25,144,34,83,53,209,22,84,24,275,16,1*7B
$GLGSV,2,1,08,67,16,105,23,68,10,056,07,73,58,245,26,79,00,017,09,3*76
$GLGSV,2,2,08,80,48,355,43,82,25,144,34,83,53,209,07,84,24,275,11,3*72
$GAGSV,2,1,08,02,33,221,15,10,36,143,37,11,64,156,28,14,21,090,27,1*7F
$GAGSV,2,2,08,16,38,043,41,25,89,110,34,34,08,311,10,36,58,297,20,1*79
$GAGSV,1,1,03,10,36,143,32,16,38,043,50,25,89,110,36,5*4C
$GAGSV,2,1,07,02,33,221,21,10,36,143,27,11,64,156,22,14,21,090,17,7*79
$GAGSV,2,2,07,16,38,043,45,25,89,110,37,36,58,297,19,7*40
$GAGSV,1,1,01,12,13,138,,0*4E
$GBGSV,3,1,10,12,22,101,23,19,25,072,38,20,15,120,20,22,12,020,13,3*70
$GBGSV,3,2,10,24,25,231,09,26,52,284,21,29,23,119,42,31,36,255,10,3*73
$GBGSV,3,3,10,35,60,178,24,39,30,000,47,3*77
$GBGSV,3,1,09,12,22,101,27,19,25,072,42,20,15,120,21,22,12,020,25,5*73
$GBGSV,3,2,09,24,25,231,29,29,23,119,37,31,36,255,17,35,60,178,22,5*7A
$GBGSV,3,3,09,39,30,000,46,5*40
$GBGSV,3,1,10,12,22,101,21,19,25,072,39,20,15,120,13,22,12,020,29,8*71
$GBGSV,3,2,10,24,25,231,26,26,52,284,20,29,23,119,42,31,36,255,21,8*76
$GBGSV,3,3,10,35,60,178,24,39,30,000,47,8*7C
$GBGSV,1,1,01,11,03,111,,0*44
$GNGLL,3001.74369,S,05112.75104,W,170630.00,A,A*76
$GNRMC,170631.00,A,3001.74369,S,05112.75104,W,0.038,,090926,,,A,V*1B
$GNVTG,,T,,M,0.038,N,0.070,K,A*31
$GNGGA,170631.00,3001.74369,S,05112.75104,W,1,12,0.67,49.2,M,4.8,M,,*43
$GNGSA,M,3,18,23,25,26,28,29,31,05,12,13,,,1.31,0.67,1.13,1*00
$GNGSA,M,3,84,83,82,80,,,,,,,,,1.31,0.67,1.13,2*0A
$GNGSA,M,3,25,36,02,10,11,16,,,,,,,1.31,0.67,1.13,3*08
$GNGSA,M,3,12,19,22,24,26,29,31,35,39,,,,1.31,0.67,1.13,4*05
$GPGSV,3,1,09,05,36,125,44,12,19,035,38,13,13,031,22,23,26,356,47,1*6B
$GPGSV,3,2,09,25,52,020,50,26,27,226,16,28,22,293,16,29,57,147,39,1*6F
$GPGSV,3,3,09,31,21,261,28,1*53
$GPGSV,3,1,10,05,36,125,39,12,19,035,28,13,13,031,22,18,67,256,17,6*66
$GPGSV,3,2,10,23,26,356,44,25,52,020,45,26,27,226,25,28,22,293,20,6*65
$GPGSV,3,3,10,29,57,147,28,31,21,261,26,6*63
$GPGSV,2,1,06,13,13,031,22,18,67,256,24,23,26,356,45,25,52,020,52,8*64
$GPGSV,2,2,06,26,27,226,22,28,22,293,25,8*69
$GPGSV,1,1,04,15,10,059,,16,00,220,,20,02,086,,21,07,142,,0*62
$GLGSV,2,1,08,66,00,155,11,67,16,105,21,68,10,056,16,74,15,210,17,1*7A
$GLGSV,2,2,08,80,48,355,48,82,25,144,34,83,53,209,21,84,24,275,17,1*79
$GLGSV,2,1,08,67,16,105,23,68,10,056,08,73,58,245,26,79,00,017,08,3*78
$GLGSV,2,2,08,80,48,355,43,82,25,144,34,83,53,209,08,84,24,275,04,3*79
$GAGSV,2,1,08,02,33,221,15,10,36,143,37,11,64,156,28,14,21,090,27,1*7F
$GAGSV,2,2,08,16,38,043,41,25,89,110,34,34,08,311,09,36,58,297,19,1*7B
$GAGSV,1,1,03,10,36,143,32,16,38,043,50,25,89,110,36,5*4C
$GAGSV,2,1,07,02,33,221,21,10,36,143,27,11,64,156,23,14,21,090,16,7*79
$GAGSV,2,2,07,16,38,043,45,25,89,110,37,36,58,297,20,7*4A
$GAGSV,1,1,01,12,13,138,,0*4E
$GBGSV,3,1,10,12,22,101,22,19,25,072,38,20,15,120,21,22,12,020,07,3*75
$GBGSV,3,2,10,24,25,231,07,26,52,284,21,29,23,119,42,31,36,255,11,3*7C
$GBGSV,3,3,10,35,60,178,25,39,30,000,47,3*76
$GBGSV,3,1,09,12,22,101,27,19,25,072,42,20,15,120,20,22,12,020,25,5*72
$GBGSV,3,2,09,24,25,231,29,29,23,119,37,31,36,255,17,35,60,178,23,5*7B
$GBGSV,3,3,09,39,30,000,46,5*40
$GBGSV,3,1,10,12,22,101,21,19,25,072,39,20,15,120,12,22,12,020,29,8*70
$GBGSV,3,2,10,24,25,231,26,26,52,284,20,29,23,119,42,31,36,255,20,8*77
$GBGSV,3,3,10,35,60,178,25,39,30,000,47,8*7D
$GBGSV,1,1,01,11,03,111,,0*44
$GNGLL,3001.74369,S,05112.75104,W,170631.00,A,A*77
$GNRMC,170632.00,A,3001.74369,S,05112.75105,W,0.015,,090926,,,A,V*16
$GNVTG,,T,,M,0.015,N,0.027,K,A*3C
$GNGGA,170632.00,3001.74369,S,05112.75105,W,1,12,0.67,49.2,M,4.8,M,,*41
$GNGSA,M,3,18,23,25,26,28,29,31,05,12,13,,,1.31,0.67,1.13,1*00
$GNGSA,M,3,84,83,82,80,,,,,,,,,1.31,0.67,1.13,2*0A
$GNGSA,M,3,25,36,02,10,11,16,,,,,,,1.31,0.67,1.13,3*08
$GNGSA,M,3,12,19,22,24,26,29,31,35,39,,,,1.31,0.67,1.13,4*05
$GPGSV,3,1,09,05,36,125,44,12,19,035,38,13,13,031,22,23,26,356,47,1*6B
$GPGSV,3,2,09,25,52,020,50,26,27,226,16,28,22,293,14,29,57,147,39,1*6D
$GPGSV,3,3,09,31,21,261,28,1*53
$GPGSV,3,1,10,05,36,125,39,12,19,035,28,13,13,031,22,18,67,256,17,6*66
$GPGSV,3,2,10,23,26,356,44,25,52,020,45,26,27,226,25,28,22,293,19,6*6F
$GPGSV,3,3,10,29,57,147,27,31,21,261,25,6*6F
$GPGSV,2,1,06,13,13,031,23,18,67,256,24,23,26,356,45,25,52,020,52,8*65
$GPGSV,2,2,06,26,27,226,21,28,22,293,26,8*69
$GPGSV,1,1,04,15,10,059,,16,00,220,,20,02,086,,21,07,142,,0*62
$GLGSV,2,1,08,66,00,155,10,67,16,105,21,68,10,056,18,74,15,210,17,1*75
$GLGSV,2,2,08,80,48,355,48,82,25,144,34,83,53,209,19,84,24,275,17,1*72
$GLGSV,2,1,08,67,16,105,23,68,10,056,07,73,58,245,26,79,00,017,08,3*77
$GLGSV,2,2,08,80,48,355,43,82,25,144,35,83,53,209,11,84,24,275,06,3*72
$GAGSV,2,1,08,02,33,221,16,10,36,143,37,11,64,156,28,14,21,090,26,1*7D
$GAGSV,2,2,08,16,38,043,41,25,89,110,34,34,08,311,11,36,58,297,20,1*78
$GAGSV,1,1,03,10,36,143,32,16,38,043,50,25,89,110,36,5*4C
$GAGSV,2,1,07,02,33,221,21,10,36,143,27,11,64,156,23,14,21,090,16,7*79
$GAGSV,2,2,07,16,38,043,45,25,89,110,37,36,58,297,19,7*40
$GAGSV,1,1,01,12,13,138,,0*4E
$GBGSV,3,1,11,12,22,101,20,12,22,101,20,19,25,072,38,20,15,120,22,3*72
$GBGSV,3,2,11,22,12,020,09,24,25,231,08,26,52,284,21,29,23,119,42,3*7F
$GBGSV,3,3,11,31,36,255,12,35,60,178,25,39,30,000,47,3*41
$GBGSV,3,1,09,12,22,101,27,19,25,072,42,20,15,120,20,22,12,020,25,5*72
$GBGSV,3,2,09,24,25,231,29,29,23,119,38,31,36,255,17,35,60,178,23,5*74
$GBGSV,3,3,09,39,30,000,46,5*40
$GBGSV,3,1,09,12,22,101,22,19,25,072,40,22,12,020,30,24,25,231,26,8*7E
$GBGSV,3,2,09,26,52,284,20,29,23,119,42,31,36,255,20,35,60,178,25,8*73
$GBGSV,3,3,09,39,30,000,47,8*4C
$GBGSV,1,1,01,11,03,111,,0*44
$GNGLL,3001.74369,S,05112.75105,W,170632.00,A,A*75
$GNRMC,170633.00,A,3001.74369,S,05112.75104,W,0.026,,090926,,,A,V*16
$GNVTG,,T,,M,0.026,N,0.048,K,A*35
$GNGGA,170633.00,3001.74369,S,05112.75104,W,1,12,0.67,49.2,M,4.8,M,,*41
$GNGSA,M,3,18,23,25,26,28,29,31,05,12,13,,,1.31,0.67,1.13,1*00
$GNGSA,M,3,84,83,82,80,,,,,,,,,1.31,0.67,1.13,2*0A
$GNGSA,M,3,25,36,02,10,11,16,,,,,,,1.31,0.67,1.13,3*08
$GNGSA,M,3,12,19,22,24,26,29,31,35,39,,,,1.31,0.67,1.13,4*05
$GPGSV,3,1,09,05,36,125,44,12,19,035,37,13,13,031,23,23,26,356,47,1*65
$GPGSV,3,2,09,25,52,020,50,26,27,226,14,28,22,293,16,29,57,147,39,1*6D
$GPGSV,3,3,09,31,21,261,27,1*5C
$GPGSV,3,1,10,05,36,125,40,12,19,035,28,13,13,031,21,18,67,256,17,6*6B
$GPGSV,3,2,10,23,26,356,44,25,52,020,45,26,27,226,25,28,22,293,19,6*6F
$GPGSV,3,3,10,29,57,147,27,31,21,261,25,6*6F
$GPGSV,2,1,06,13,13,031,23,18,67,256,23,23,26,356,45,25,52,020,52,8*62
$GPGSV,2,2,06,26,27,226,20,28,22,293,26,8*68
$GPGSV,1,1,04,15,10,059,,16,00,220,,20,02,086,,21,07,142,,0*62
$GLGSV,2,1,08,66,00,155,08,67,16,105,20,68,10,056,18,74,15,210,17,1*7D
$GLGSV,2,2,08,80,48,355,48,82,25,144,34,83,53,209,18,84,24,275,18,1*7C
$GLGSV,2,1,08,67,16,105,24,68,10,056,08,73,58,245,26,79,00,017,08,3*7F
$GLGSV,2,2,08,80,48,355,43,82,25,144,34,83,53,209,13,84,24,275,08,3*7F
$GAGSV,2,1,08,02,33,221,16,10,36,143,37,11,64,156,28,14,21,090,27,1*7C
$GAGSV,2,2,08,16,38,043,41,25,89,110,35,34,08,311,10,36,58,297,20,1*78
$GAGSV,1,1,03,10,36,143,33,16,38,043,50,25,89,110,36,5*4D
$GAGSV,2,1,07,02,33,221,20,10,36,143,27,11,64,156,24,14,21,090,16,7*7F
$GAGSV,2,2,07,16,38,043,45,25,89,110,37,36,58,297,19,7*40
$GAGSV,1,1,01,12,13,138,,0*4E
$GBGSV,3,1,10,12,22,101,19,19,25,072,38,20,15,120,21,22,12,020,11,3*7A
$GBGSV,3,2,10,24,25,231,07,26,52,284,21,29,23,119,42,31,36,255,13,3*7E
$GBGSV,3,3,10,35,60,178,25,39,30,000,47,3*76
$GBGSV,3,1,09,12,22,101,27,19,25,072,42,20,15,120,20,22,12,020,26,5*71
$GBGSV,3,2,09,24,25,231,29,29,23,119,38,31,36,255,17,35,60,178,23,5*74
$GBGSV,3,3,09,39,30,000,46,5*40
$GBGSV,3,1,09,12,22,101,22,19,25,072,40,22,12,020,30,24,25,231,25,8*7D
$GBGSV,3,2,09,26,52,284,21,29,23,119,42,31,36,255,20,35,60,178,25,8*72
$GBGSV,3,3,09,39,30,000,47,8*4C
$GBGSV,1,1,01,11,03,111,,0*44
$GNGLL,3001.74369,S,05112.75104,W,170633.00,A,A*75
$GNRMC,170634.00,A,3001.74369,S,05112.75104,W,0.018,,090926,,,A,V*1C
$GNVTG,,T,,M,0.018,N,0.034,K,A*33
$GNGGA,170634.00,3001.74369,S,05112.75104,W,1,12,0.67,49.2,M,4.8,M,,*46
$GNGSA,M,3,18,23,25,26,28,29,31,05,12,13,,,1.31,0.67,1.13,1*00
$GNGSA,M,3,84,83,82,80,,,,,,,,,1.31,0.67,1.13,2*0A
$GNGSA,M,3,25,36,02,10,11,16,,,,,,,1.31,0.67,1.13,3*08
$GNGSA,M,3,12,19,22,24,26,29,31,35,39,,,,1.31,0.67,1.13,4*05
$GPGSV,3,1,09,05,36,125,44,12,19,035,37,13,13,031,23,23,26,356,47,1*65
$GPGSV,3,2,09,25,52,020,50,26,27,226,13,28,22,293,17,29,57,147,39,1*6B
$GPGSV,3,3,09,31,21,261,27,1*5C
$GPGSV,3,1,10,05,36,125,39,12,19,035,28,13,13,031,22,18,67,256,17,6*66
$GPGSV,3,2,10,23,26,356,44,25,52,020,45,26,27,226,25,28,22,293,20,6*65
$GPGSV,3,3,10,29,57,147,27,31,21,261,26,6*6C
$GPGSV,2,1,06,13,13,031,23,18,67,256,23,23,26,356,45,25,52,020,52,8*62
$GPGSV,2,2,06,26,27,226,20,28,22,293,25,8*6B
$GPGSV,1,1,04,15,10,059,,16,00,220,,20,02,086,,21,07,142,,0*62
$GLGSV,2,1,08,66,00,155,09,67,16,105,20,68,10,056,19,74,15,210,17,1*7D
$GLGSV,2,2,08,80,48,355,48,82,25,144,34,83,53,209,17,84,24,275,17,1*7C
$GLGSV,2,1,08,67,16,105,25,68,10,056,08,73,58,245,26,79,00,017,03,3*75
$GLGSV,2,2,08,80,48,355,43,82,25,144,34,83,53,209,13,84,24,275,08,3*7F
$GAGSV,2,1,08,02,33,221,17,10,36,143,37,11,64,156,28,14,21,090,27,1*7D
$GAGSV,2,2,08,16,38,043,41,25,89,110,34,34,08,311,10,36,58,297,20,1*79
$GAGSV,1,1,03,10,36,143,33,16,38,043,50,25,89,110,36,5*4D
$GAGSV,2,1,07,02,33,221,20,10,36,143,27,11,64,156,23,14,21,090,16,7*78
$GAGSV,2,2,07,16,38,043,45,25,89,110,37,36,58,297,19,7*40
$GAGSV,1,1,01,12,13,138,,0*4E
$GBGSV,3,1,10,12,22,101,18,19,25,072,38,20,15,120,22,22,12,020,12,3*7B
$GBGSV,3,2,10,24,25,231,09,26,52,284,22,29,23,119,42,31,36,255,14,3*74
$GBGSV,3,3,10,35,60,178,25,39,29,000,47,3*7E
$GBGSV,3,1,09,12,22,101,27,19,25,072,42,20,15,120,20,22,12,020,25,5*72
$GBGSV,3,2,09,24,25,231,29,29,23,119,38,31,36,255,17,35,60,178,23,5*74
$GBGSV,3,3,09,39,29,000,46,5*48
$GBGSV,3,1,09,12,22,101,23,19,25,072,40,22,12,020,30,24,25,231,25,8*7C
$GBGSV,3,2,09,26,52,284,21,29,23,119,42,31,36,255,20,35,60,178,26,8*71
$GBGSV,3,3,09,39,29,000,47,8*44
$GBGSV,1,1,01,11,03,111,,0*44
$GNGLL,3001.74369,S,05112.75104,W,170634.00,A,A*72
$GNRMC,170635.00,A,3001.74369,S,05112.75103,W,0.007,,090926,,,A,V*14
$GNVTG,,T,,M,0.007,N,0.012,K,A*39
$GNGGA,170635.00,3001.74369,S,05112.75103,W,1,12,0.67,49.2,M,4.8,M,,*40
$GNGSA,M,3,18,23,25,26,28,29,31,05,12,13,,,1.32,0.67,1.13,1*03
$GNGSA,M,3,84,83,82,80,,,,,,,,,1.32,0.67,1.13,2*09
$GNGSA,M,3,25,36,02,10,11,16,,,,,,,1.32,0.67,1.13,3*0B
$GNGSA,M,3,12,19,22,24,26,29,31,35,39,,,,1.32,0.67,1.13,4*06
$GPGSV,3,1,09,05,36,125,44,12,19,035,37,13,13,031,23,23,26,356,47,1*65
$GPGSV,3,2,09,25,52,020,50,26,27,226,11,28,22,293,18,29,57,147,39,1*66
$GPGSV,3,3,09,31,21,261,28,1*53
$GPGSV,3,1,10,05,36,125,39,12,19,035,28,13,13,031,22,18,67,256,16,6*67
$GPGSV,3,2,10,23,26,356,44,25,52,020,45,26,27,226,24,28,22,293,19,6*6E
$GPGSV,3,3,10,29,57,147,27,31,21,261,25,6*6F
$GPGSV,2,1,06,13,13,031,22,18,67,256,24,23,26,356,45,25,52,020,52,8*64
$GPGSV,2,2,06,26,27,226,21,28,22,293,25,8*6A
$GPGSV,1,1,04,15,10,059,,16,00,220,,20,02,086,,21,07,142,,0*62
$GLGSV,2,1,08,66,00,155,12,67,16,105,20,68,10,056,20,74,15,210,17,1*7D
$GLGSV,2,2,08,80,48,355,48,82,25,144,34,83,53,209,16,84,24,275,16,1*7C
$GLGSV,2,1,08,67,16,105,25,68,10,056,09,73,58,245,26,79,00,017,06,3*71
$GLGSV,2,2,08,80,48,355,43,82,25,144,34,83,53,209,13,84,24,275,10,3*76
$GAGSV,2,1,07,02,33,221,17,10,36,143,37,11,64,156,28,14,21,090,27,1*72
$GAGSV,2,2,07,16,38,043,41,25,89,110,35,36,58,297,20,1*4A
$GAGSV,1,1,03,10,36,143,33,16,38,043,50,25,89,110,37,5*4C
$GAGSV,2,1,07,02,33,221,19,10,36,143,27,11,64,156,23,14,21,090,16,7*72
$GAGSV,2,2,07,16,38,043,45,25,89,110,37,36,58,297,20,7*4A
$GAGSV,1,1,02,12,13,138,,34,08,311,,0*71
$GBGSV,3,1,10,12,22,101,16,19,25,072,38,20,15,120,22,22,12,020,12,3*75
$GBGSV,3,2,10,24,25,231,09,26,52,284,22,29,23,119,42,31,36,255,16,3*76
$GBGSV,3,3,10,35,60,178,25,39,29,000,47,3*7E
$GBGSV,3,1,09,12,22,101,27,19,25,072,42,20,15,120,20,22,12,020,26,5*71
$GBGSV,3,2,09,24,25,231,29,29,23,119,37,31,36,255,17,35,60,178,23,5*7B
$GBGSV,3,3,09,39,29,000,46,5*48
$GBGSV,3,1,09,12,22,101,23,19,25,072,39,22,12,020,30,24,25,231,26,8*71
$GBGSV,3,2,09,26,52,284,20,29,23,119,42,31,36,255,21,35,60,178,26,8*71
$GBGSV,3,3,09,39,29,000,47,8*44
$GBGSV,1,1,01,11,03,111,,0*44
$GNGLL,3001.74369,S,05112.75103,W,170635.00,A,A*74
$GNRMC,170636.00,A,3001.74369,S,05112.75104,W,0.005,,090926,,,A,V*12
$GNVTG,,T,,M,0.005,N,0.010,K,A*39
$GNGGA,170636.00,3001.74369,S,05112.75104,W,1,12,0.67,49.2,M,4.8,M,,*44
$GNGSA,M,3,18,23,25,26,28,29,31,05,12,13,,,1.32,0.67,1.13,1*03
$GNGSA,M,3,84,83,82,80,,,,,,,,,1.32,0.67,1.13,2*09
$GNGSA,M,3,25,36,02,10,11,16,,,,,,,1.32,0.67,1.13,3*0B
$GNGSA,M,3,12,19,22,24,26,29,31,35,39,,,,1.32,0.67,1.13,4*06
$GPGSV,3,1,09,05,36,125,44,12,19,035,37,13,13,031,23,23,26,356,47,1*65
$GPGSV,3,2,09,25,52,020,50,26,27,226,08,28,22,293,19,29,57,147,39,1*6F
$GPGSV,3,3,09,31,21,261,27,1*5C
$GPGSV,3,1,10,05,36,125,39,12,19,035,28,13,13,031,21,18,67,256,16,6*64
$GPGSV,3,2,10,23,26,356,44,25,52,020,45,26,27,226,24,28,22,293,20,6*64
$GPGSV,3,3,10,29,57,147,27,31,21,261,25,6*6F
$GPGSV,2,1,06,13,13,031,23,18,67,256,23,23,26,356,45,25,52,020,52,8*62
$GPGSV,2,2,06,26,27,226,21,28,22,293,25,8*6A
$GPGSV,1,1,04,15,10,059,,16,00,220,,20,02,086,,21,07,142,,0*62
$GLGSV,2,1,08,66,00,155,12,67,16,105,20,68,10,056,21,74,15,210,17,1*7C
$GLGSV,2,2,08,80,48,355,48,82,25,144,34,83,53,209,15,84,24,275,17,1*7E
$GLGSV,2,1,08,67,16,105,25,68,10,056,09,73,58,245,26,79,00,017,07,3*70
$GLGSV,2,2,08,80,48,355,43,82,25,144,34,83,53,209,13,84,24,275,14,3*72
$GAGSV,2,1,07,02,33,221,16,10,36,143,37,11,64,156,28,14,21,090,27,1*73
$GAGSV,2,2,07,16,38,043,41,25,89,110,34,36,58,297,19,1*41
$GAGSV,1,1,03,10,36,143,32,16,38,043,50,25,89,110,36,5*4C
$GAGSV,2,1,07,02,33,221,19,10,36,143,28,11,64,156,23,14,21,090,15,7*7E
$GAGSV,2,2,07,16,38,043,45,25,89,110,37,36,58,297,21,7*4B
$GAGSV,1,1,02,12,13,138,,34,08,311,,0*71
$GBGSV,3,1,10,12,22,101,15,19,25,072,38,20,15,120,22,22,12,020,10,3*74
$GBGSV,3,2,10,24,25,231,12,26,52,284,22,29,23,119,42,31,36,255,17,3*7D
$GBGSV,3,3,10,35,60,178,25,39,29,000,47,3*7E
$GBGSV,3,1,10,12,22,101,27,19,25,072,42,20,15,120,20,22,12,020,26,5*79
$GBGSV,3,2,10,24,25,231,28,26,52,284,15,29,23,119,38,31,36,255,16,5*7A
$GBGSV,3,3,10,35,60,178,23,39,29,000,46,5*7F
$GBGSV,3,1,09,12,22,101,23,19,25,072,40,22,12,020,30,24,25,231,25,8*7C
$GBGSV,3,2,09,26,52,284,19,29,23,119,42,31,36,255,21,35,60,178,26,8*7B
$GBGSV,3,3,09,39,29,000,47,8*44
$GBGSV,1,1,01,11,03,111,,0*44
$GNGLL,3001.74369,S,05112.75104,W,170636.00,A,A*70
$GNRMC,170637.00,A,3001.74370,S,05112.75104,W,0.013,,090926,,,A,V*1C
$GNVTG,,T,,M,0.013,N,0.023,K,A*3E
$GNGGA,170637.00,3001.74370,S,05112.75104,W,1,12,0.67,49.2,M,4.8,M,,*4D
$GNGSA,M,3,18,23,25,26,28,29,31,05,12,13,,,1.32,0.67,1.13,1*03
$GNGSA,M,3,84,82,80,,,,,,,,,,1.32,0.67,1.13,2*02
$GNGSA,M,3,25,36,02,10,11,16,,,,,,,1.32,0.67,1.13,3*0B
$GNGSA,M,3,12,19,22,24,26,29,31,35,39,,,,1.32,0.67,1.13,4*06
$GPGSV,3,1,09,05,36,125,44,12,19,035,37,13,13,031,23,23,26,356,47,1*65
$GPGSV,3,2,09,25,52,020,50,26,27,226,08,28,22,293,20,29,57,147,39,1*65
$GPGSV,3,3,09,31,21,261,27,1*5C
$GPGSV,3,1,10,05,36,125,39,12,19,035,28,13,13,031,20,18,67,256,16,6*65
$GPGSV,3,2,10,23,26,356,44,25,52,020,45,26,27,226,23,28,22,293,20,6*63
$GPGSV,3,3,10,29,57,147,27,31,21,261,25,6*6F
$GPGSV,2,1,06,13,13,031,22,18,67,256,23,23,26,356,45,25,52,020,52,8*63
$GPGSV,2,2,06,26,27,226,20,28,22,293,25,8*6B
$GPGSV,1,1,04,15,10,059,,16,00,220,,20,02,086,,21,07,142,,0*62
$GLGSV,2,1,08,66,00,155,10,67,16,105,19,68,10,056,21,74,15,210,16,1*75
$GLGSV,2,2,08,80,48,355,48,82,25,144,33,83,53,209,14,84,24,275,18,1*77
$GLGSV,2,1,07,67,16,105,25,73,58,245,27,79,00,017,08,80,48,355,43,3*74
$GLGSV,2,2,07,82,25,144,34,83,53,209,12,84,24,275,15,3*4D
$GAGSV,2,1,07,02,33,221,16,10,36,143,37,11,64,156,27,14,21,090,26,1*7D
$GAGSV,2,2,07,16,38,043,41,25,89,110,34,36,58,297,19,1*41
$GAGSV,1,1,03,10,36,143,33,16,38,043,50,25,89,110,36,5*4D
$GAGSV,2,1,07,02,33,221,19,10,36,143,28,11,64,156,24,14,21,090,16,7*7A
$GAGSV,2,2,07,16,38,043,45,25,89,110,37,36,58,297,21,7*4B
$GAGSV,1,1,02,12,13,138,,34,08,311,,0*71
$GBGSV,3,1,10,12,22,101,14,19,25,072,38,20,15,120,22,22,12,020,11,3*74
$GBGSV,3,2,10,24,25,231,08,26,52,284,22,29,23,119,42,31,36,255,17,3*76
$GBGSV,3,3,10,35,60,178,25,39,29,000,47,3*7E
$GBGSV,3,1,10,12,22,101,27,19,25,072,42,20,15,120,20,22,12,020,26,5*79
$GBGSV,3,2,10,24,25,231,29,26,52,284,15,29,23,119,38,31,36,255,16,5*7B
$GBGSV,3,3,10,35,60,178,23,39,29,000,46,5*7F
$GBGSV,3,1,09,12,22,101,24,19,25,072,40,22,12,020,30,24,25,231,25,8*7B
$GBGSV,3,2,09,26,52,284,19,29,23,119,42,31,36,255,21,35,60,178,26,8*7B
$GBGSV,3,3,09,39,29,000,47,8*44
$GBGSV,1,1,01,11,03,111,,0*44
$GNGLL,3001.74370,S,05112.75104,W,170637.00,A,A*79
$GNRMC,170638.00,A,3001.74370,S,05112.75105,W,0.027,,090926,,,A,V*15
$GNVTG,,T,,M,0.027,N,0.049,K,A*35
$GNGGA,170638.00,3001.74370,S,05112.75105,W,1,12,0.67,49.2,M,4.8,M,,*43
$GNGSA,M,3,18,23,25,26,28,29,31,05,12,13,,,1.32,0.67,1.13,1*03
$GNGSA,M,3,84,83,82,80,,,,,,,,,1.32,0.67,1.13,2*09
$GNGSA,M,3,25,36,02,10,11,16,,,,,,,1.32,0.67,1.13,3*0B
$GNGSA,M,3,12,19,22,24,26,29,31,35,39,,,,1.32,0.67,1.13,4*06
$GPGSV,3,1,09,05,36,125,44,12,19,035,37,13,13,031,23,23,26,356,47,1*65
$GPGSV,3,2,09,25,52,020,50,26,27,226,10,28,22,293,20,29,57,147,39,1*6C
$GPGSV,3,3,09,31,21,261,27,1*5C
$GPGSV,3,1,10,05,36,125,39,12,19,035,29,13,13,031,20,18,67,256,15,6*67
$GPGSV,3,2,10,23,26,356,44,25,52,020,45,26,27,226,22,28,22,293,19,6*68
$GPGSV,3,3,10,29,57,147,27,31,21,261,25,6*6F
$GPGSV,2,1,06,13,13,031,23,18,67,256,23,23,26,356,45,25,52,020,52,8*62
$GPGSV,2,2,06,26,27,226,21,28,22,293,25,8*6A
$GPGSV,1,1,04,15,10,059,,16,00,220,,20,02,086,,21,07,142,,0*62
$GLGSV,2,1,08,66,00,155,11,67,16,105,18,68,10,056,21,74,15,210,16,1*75
$GLGSV,2,2,08,80,48,355,48,82,25,144,33,83,53,209,16,84,24,275,19,1*74
$GLGSV,2,1,07,67,16,105,25,73,58,245,27,79,00,017,08,80,48,355,43,3*74
$GLGSV,2,2,07,82,25,144,34,83,53,209,12,84,24,275,16,3*4E
$GAGSV,2,1,07,02,33,221,16,10,36,143,37,11,64,156,27,14,21,090,26,1*7D
$GAGSV,2,2,07,16,38,043,41,25,89,110,34,36,58,297,20,1*4B
$GAGSV,1,1,03,10,36,143,32,16,38,043,50,25,89,110,36,5*4C
$GAGSV,2,1,07,02,33,221,19,10,36,143,29,11,64,156,24,14,21,090,15,7*78
$GAGSV,2,2,07,16,38,043,45,25,89,110,37,36,58,297,20,7*4A
$GAGSV,1,1,02,12,13,138,,34,08,311,,0*71
$GBGSV,3,1,10,12,22,101,12,19,25,072,38,20,15,120,22,22,12,020,10,3*73
$GBGSV,3,2,10,24,25,231,09,26,52,284,22,29,23,119,42,31,36,255,18,3*78
$GBGSV,3,3,10,35,60,178,25,39,29,000,47,3*7E
$GBGSV,3,1,10,12,22,101,27,19,25,072,42,20,15,120,20,22,12,020,26,5*79
$GBGSV,3,2,10,24,25,231,29,26,52,284,15,29,23,119,37,31,36,255,16,5*74
$GBGSV,3,3,10,35,60,178,23,39,29,000,46,5*7F
$GBGSV,3,1,09,12,22,101,25,19,25,072,40,22,12,020,30,24,25,231,26,8*79
$GBGSV,3,2,09,26,52,284,19,29,23,119,42,31,36,255,21,35,60,178,26,8*7B
$GBGSV,3,3,09,39,29,000,47,8*44
$GBGSV,1,1,01,11,03,111,,0*44
$GNGLL,3001.74370,S,05112.75105,W,170638.00,A,A*77
$GNRMC,170639.00,A,3001.74370,S,05112.75106,W,0.009,,090926,,,A,V*1B
$GNVTG,,T,,M,0.009,N,0.017,K,A*32
$GNGGA,170639.00,3001.74370,S,05112.75106,W,1,12,0.68,49.2,M,4.8,M,,*4E
$GNGSA,M,3,23,25,26,28,29,31,05,12,13,,,,1.34,0.68,1.16,1*06
$GNGSA,M,3,84,83,82,80,,,,,,,,,1.34,0.68,1.16,2*05
$GNGSA,M,3,25,36,02,10,11,16,,,,,,,1.34,0.68,1.16,3*07
$GNGSA,M,3,12,19,22,24,26,29,31,35,39,,,,1.34,0.68,1.16,4*0A
$GPGSV,3,1,09,05,36,125,44,12,19,035,37,13,13,031,22,23,26,356,47,1*64
$GPGSV,3,2,09,25,52,020,50,26,27,226,13,28,22,293,20,29,57,147,39,1*6F
$GPGSV,3,3,09,31,21,261,27,1*5C
$GPGSV,3,1,10,05,36,125,39,12,19,035,29,13,13,031,19,18,67,256,14,6*6C
$GPGSV,3,2,10,23,26,356,44,25,52,020,45,26,27,226,22,28,22,293,19,6*68
$GPGSV,3,3,10,29,57,147,27,31,21,261,25,6*6F
$GPGSV,2,1,06,13,13,031,23,18,67,256,23,23,26,356,45,25,52,020,52,8*62
$GPGSV,2,2,06,26,27,226,21,28,22,293,25,8*6A
$GPGSV,1,1,04,15,10,059,,16,00,220,,20,02,086,,21,07,142,,0*62
$GLGSV,2,1,08,66,00,155,11,67,16,105,17,68,10,056,20,74,15,210,14,1*79
$GLGSV,2,2,08,80,48,355,48,82,25,144,33,83,53,209,16,84,24,275,18,1*75
$GLGSV,2,1,07,67,16,105,25,73,58,245,27,79,00,017,07,80,48,355,43,3*7B
$GLGSV,2,2,07,82,25,144,34,83,53,209,11,84,24,275,15,3*4E
$GAGSV,2,1,07,02,33,221,16,10,36,143,37,11,64,156,27,14,21,090,26,1*7D
$GAGSV,2,2,07,16,38,043,42,25,89,110,34,36,58,297,19,1*42
$GAGSV,1,1,03,10,36,143,32,16,38,043,50,25,89,110,37,5*4D
$GAGSV,2,1,07,02,33,221,19,10,36,143,28,11,64,156,25,14,21,090,15,7*78
$GAGSV,2,2,07,16,38,043,45,25,89,110,37,36,58,297,20,7*4A
$GAGSV,1,1,02,12,13,138,,34,08,311,,0*71
$GBGSV,3,1,10,12,22,101,12,19,25,072,39,20,15,120,22,22,12,020,10,3*72
$GBGSV,3,2,10,24,25,231,06,26,52,284,22,29,23,119,42,31,36,255,17,3*78
$GBGSV,3,3,10,35,60,178,25,39,29,000,47,3*7E
$GBGSV,3,1,10,12,22,101,27,19,25,072,42,20,15,120,20,22,12,020,26,5*79
$GBGSV,3,2,10,24,25,231,29,26,52,284,16,29,23,119,38,31,36,255,16,5*78
$GBGSV,3,3,10,35,60,178,23,39,29,000,46,5*7F
$GBGSV,3,1,10,12,22,101,25,19,25,072,40,20,15,120,16,22,12,020,30,8*76
$GBGSV,3,2,10,24,25,231,26,26,52,284,18,29,23,119,42,31,36,255,21,8*7D
$GBGSV,3,3,10,35,60,178,26,39,29,000,47,8*76
$GBGSV,1,1,01,11,03,111,,0*44
$GNGLL,3001.74370,S,05112.75106,W,170639.00,A,A*75
$GNRMC,170640.00,A,3001.74370,S,05112.75106,W,0.016,,090926,,,A,V*1B
$GNVTG,,T,,M,0.016,N,0.029,K,A*31
$GNGGA,170640.00,3001.74370,S,05112.75106,W,1,12,0.67,49.2,M,4.8,M,,*4F
$GNGSA,M,3,18,23,25,26,28,29,31,05,12,13,,,1.32,0.67,1.13,1*03
$GNGSA,M,3,84,83,82,80,,,,,,,,,1.32,0.67,1.13,2*09
$GNGSA,M,3,25,36,02,10,11,16,,,,,,,1.32,0.67,1.13,3*0B
$GNGSA,M,3,12,19,22,24,26,29,31,35,39,,,,1.32,0.67,1.13,4*06
$GPGSV,3,1,09,05,36,125,44,12,19,035,37,13,13,031,21,23,26,356,47,1*67
$GPGSV,3,2,09,25,52,020,50,26,27,226,13,28,22,293,20,29,57,147,39,1*6F
$GPGSV,3,3,09,31,21,261,27,1*5C
$GPGSV,3,1,10,05,36,125,39,12,19,035,28,13,13,031,20,18,67,256,16,6*65
$GPGSV,3,2,10,23,26,356,44,25,52,020,45,26,27,226,22,28,22,293,18,6*69
$GPGSV,3,3,10,29,57,147,27,31,21,261,25,6*6F
$GPGSV,2,1,06,13,13,031,23,18,67,256,22,23,26,356,45,25,52,020,52,8*63
$GPGSV,2,2,06,26,27,226,21,28,22,293,25,8*6A
$GPGSV,1,1,04,15,10,059,,16,00,220,,20,02,086,,21,07,142,,0*62
$GLGSV,2,1,08,66,00,156,09,67,16,105,16,68,10,056,20,74,15,210,14,1*72
$GLGSV,2,2,08,80,48,355,48,82,25,144,33,83,53,209,15,84,24,275,19,1*77
$GLGSV,2,1,07,67,16,105,25,73,58,247,27,79,00,017,02,80,48,355,43,3*7C
$GLGSV,2,2,07,82,25,144,34,83,53,209,12,84,24,275,17,3*4F
$GAGSV,2,1,07,02,33,221,16,10,36,143,37,11,64,156,27,14,21,090,26,1*7D
$GAGSV,2,2,07,16,38,043,42,25,89,110,35,36,58,297,19,1*43
$GAGSV,1,1,03,10,36,143,32,16,38,043,50,25,89,110,37,5*4D
$GAGSV,2,1,07,02,33,221,18,10,36,143,29,11,64,156,25,14,21,090,18,7*75
$GAGSV,2,2,07,16,38,043,45,25,89,110,37,36,58,297,19,7*40
$GAGSV,1,1,02,12,13,138,,34,08,311,,0*71
$GBGSV,3,1,10,12,22,101,12,19,25,072,39,20,15,120,22,22,12,020,13,3*71
$GBGSV,3,2,10,24,25,231,09,26,52,284,21,29,23,119,42,31,36,255,17,3*74
$GBGSV,3,3,10,35,60,178,26,39,29,000,47,3*7D
$GBGSV,3,1,10,12,22,101,27,19,25,072,42,20,15,120,21,22,12,020,26,5*78
$GBGSV,3,2,10,24,25,231,29,26,52,284,16,29,23,119,38,31,36,255,16,5*78
$GBGSV,3,3,10,35,60,178,23,39,29,000,46,5*7F
$GBGSV,3,1,10,12,22,101,26,19,25,072,40,20,15,120,14,22,12,020,29,8*7F
$GBGSV,3,2,10,24,25,231,26,26,52,284,19,29,23,119,42,31,36,255,21,8*7C
$GBGSV,3,3,10,35,60,178,26,39,29,000,47,8*76
$GBGSV,1,1,01,11,03,111,,0*44
$GNGLL,3001.74370,S,05112.75106,W,170640.00,A,A*7B
$GNRMC,170641.00,A,3001.74371,S,05112.75107,W,0.022,,090926,,,A,V*1D
$GNVTG,,T,,M,0.022,N,0.041,K,A*38
$GNGGA,170641.00,3001.74371,S,05112.75107,W,1,12,0.60,49.2,M,4.8,M,,*49
$GNGSA,M,3,18,23,25,26,28,29,31,05,12,13,,,1.19,0.60,1.04,1*0B
$GNGSA,M,3,84,82,80,,,,,,,,,,1.19,0.60,1.04,2*0A
$GNGSA,M,3,25,36,02,10,11,16,,,,,,,1.19,0.60,1.04,3*03
$GNGSA,M,3,12,19,22,24,26,29,31,35,39,,,,1.19,0.60,1.04,4*0E
$GPGSV,3,1,09,05,36,125,44,12,19,035,37,13,13,031,22,23,26,356,47,1*64
$GPGSV,3,2,09,25,52,020,50,26,27,226,11,28,22,293,22,29,57,147,39,1*6F
$GPGSV,3,3,09,31,21,261,27,1*5C
$GPGSV,3,1,10,05,36,125,39,12,19,035,28,13,13,031,19,18,67,256,18,6*61
$GPGSV,3,2,10,23,26,356,44,25,52,020,45,26,27,226,22,28,22,293,17,6*66
$GPGSV,3,3,10,29,57,147,27,31,21,261,26,6*6C
$GPGSV,2,1,06,13,13,031,22,18,67,256,22,23,26,356,45,25,52,020,52,8*62
$GPGSV,2,2,06,26,27,226,21,28,22,293,25,8*6A
$GPGSV,1,1,04,15,10,059,,16,00,220,,20,02,086,,21,07,142,,0*62
$GLGSV,2,1,08,66,00,156,09,67,16,106,15,68,10,056,19,74,15,210,14,1*78
$GLGSV,2,2,08,80,48,355,48,82,25,144,33,83,53,209,13,84,24,275,20,1*7B
$GLGSV,2,1,07,67,16,106,25,73,58,247,27,79,00,017,04,80,48,355,43,3*79
$GLGSV,2,2,07,82,25,144,34,83,53,209,14,84,24,275,18,3*46
$GAGSV,2,1,07,02,33,221,16,10,36,143,37,11,64,156,27,14,21,090,27,1*7C
$GAGSV,2,2,07,16,38,043,42,25,89,110,34,36,58,297,19,1*42
$GAGSV,1,1,03,10,36,143,33,16,38,043,50,25,89,110,37,5*4C
$GAGSV,2,1,07,02,33,221,18,10,36,143,28,11,64,156,25,14,21,090,20,7*7F
$GAGSV,2,2,07,16,38,043,45,25,89,110,37,36,58,297,19,7*40
$GAGSV,1,1,02,12,13,138,,34,08,311,,0*71
$GBGSV,3,1,10,12,22,101,17,19,25,072,39,20,15,120,21,22,12,020,09,3*7C
$GBGSV,3,2,10,24,25,231,12,26,52,284,20,29,23,119,42,31,36,255,17,3*7F
$GBGSV,3,3,10,35,60,178,25,39,29,000,47,3*7E
$GBGSV,3,1,10,12,22,101,27,19,25,072,42,20,15,120,21,22,12,020,26,5*78
$GBGSV,3,2,10,24,25,231,29,26,52,284,14,29,23,119,38,31,36,255,16,5*7A
$GBGSV,3,3,10,35,60,178,23,39,29,000,46,5*7F
$GBGSV,3,1,10,12,22,101,26,19,25,072,40,20,15,120,15,22,12,020,30,8*76
$GBGSV,3,2,10,24,25,231,26,26,52,284,19,29,23,119,42,31,36,255,21,8*7C
$GBGSV,3,3,10,35,60,178,26,39,29,000,47,8*76
$GBGSV,1,1,01,11,03,111,,0*44
$GNGLL,3001.74371,S,05112.75107,W,170641.00,A,A*7A
$GNRMC,170642.00,A,3001.74370,S,05112.75106,W,0.003,,090926,,,A,V*1D
$GNVTG,,T,,M,0.003,N,0.006,K,A*38
$GNGGA,170642.00,3001.74370,S,05112.75106,W,1,12,0.55,49.2,M,4.8,M,,*4C
$GNGSA,M,3,18,23,25,26,28,29,31,05,12,13,,,1.12,0.55,0.97,1*0D
$GNGSA,M,3,84,83,82,80,,,,,,,,,1.12,0.55,0.97,2*07
$GNGSA,M,3,25,36,02,10,11,16,,,,,,,1.12,0.55,0.97,3*05
$GNGSA,M,3,12,19,22,24,26,29,31,35,39,,,,1.12,0.55,0.97,4*08
$GPGSV,3,1,09,05,36,125,44,12,19,035,37,13,13,031,22,23,26,356,47,1*64
$GPGSV,3,2,09,25,52,020,50,26,27,226,09,28,22,293,22,29,57,147,39,1*66
$GPGSV,3,3,09,31,21,261,27,1*5C
$GPGSV,3,1,10,05,36,125,39,12,19,035,28,13,13,031,19,18,67,256,17,6*6E
$GPGSV,3,2,10,23,26,356,44,25,52,020,45,26,27,226,23,28,22,293,16,6*66
$GPGSV,3,3,10,29,57,147,27,31,21,261,26,6*6C
$GPGSV,2,1,06,13,13,031,22,18,67,256,21,23,26,356,45,25,52,020,52,8*61
$GPGSV,2,2,06,26,27,226,21,28,22,293,25,8*6A
$GPGSV,1,1,04,15,10,059,,16,00,220,,20,02,086,,21,07,142,,0*62
$GLGSV,2,1,08,66,00,156,10,67,16,106,11,68,11,057,20,74,15,210,14,1*7E
$GLGSV,2,2,08,80,48,355,48,82,25,144,33,83,53,209,13,84,24,275,21,1*7A
$GLGSV,2,1,07,67,16,106,25,73,58,247,27,79,00,017,07,80,48,355,43,3*7A
$GLGSV,2,2,07,82,25,144,34,83,53,209,16,84,24,275,18,3*44
$GAGSV,2,1,07,02,33,221,15,10,36,143,37,11,64,156,27,14,21,090,26,1*7E
$GAGSV,2,2,07,16,38,043,42,25,89,110,34,36,58,297,19,1*42
$GAGSV,1,1,03,10,36,143,33,16,38,043,50,25,89,110,37,5*4C
$GAGSV,2,1,07,02,33,221,18,10,36,143,28,11,64,156,25,14,21,090,19,7*75
$GAGSV,2,2,07,16,38,043,45,25,89,110,37,36,58,297,19,7*40
$GAGSV,1,1,02,12,13,138,,34,08,311,,0*71
$GBGSV,3,1,10,12,22,101,15,19,25,072,39,20,15,120,21,22,12,020,13,3*75
$GBGSV,3,2,10,24,25,231,11,26,52,284,20,29,23,119,42,31,36,255,17,3*7C
$GBGSV,3,3,10,35,60,178,25,39,29,000,47,3*7E
$GBGSV,3,1,10,12,22,101,27,19,25,072,42,20,15,120,21,22,12,020,26,5*78
$GBGSV,3,2,10,24,25,231,29,26,52,284,15,29,23,119,38,31,36,255,17,5*7A
$GBGSV,3,3,10,35,60,178,24,39,29,000,46,5*78
$GBGSV,3,1,10,12,22,101,26,19,25,072,40,20,15,120,17,22,12,020,30,8*74
$GBGSV,3,2,10,24,25,231,27,26,52,284,17,29,23,119,42,31,36,255,21,8*73
$GBGSV,3,3,10,35,60,178,26,39,29,000,47,8*76
$GBGSV,1,1,01,11,03,111,,0*44
$GNGLL,3001.74370,S,05112.75106,W,170642.00,A,A*79
$GNRMC,170643.00,A,3001.74370,S,05112.75105,W,0.018,,090926,,,A,V*15
$GNVTG,,T,,M,0.018,N,0.034,K,A*33
$GNGGA,170643.00,3001.74370,S,05112.75105,W,1,12,0.54,49.2,M,4.8,M,,*4F
$GNGSA,M,3,18,23,25,26,28,29,31,05,12,13,,,1.08,0.54,0.94,1*04
$GNGSA,M,3,84,83,82,80,,,,,,,,,1.08,0.54,0.94,2*0E
$GNGSA,M,3,25,36,02,10,11,16,,,,,,,1.08,0.54,0.94,3*0C
$GNGSA,M,3,12,19,20,22,24,26,29,31,35,39,,,1.08,0.54,0.94,4*03
$GPGSV,3,1,09,05,36,125,44,12,19,035,37,13,13,031,23,23,26,356,47,1*65
$GPGSV,3,2,09,25,52,020,50,26,27,226,09,28,22,293,24,29,57,147,39,1*60
$GPGSV,3,3,09,31,21,261,27,1*5C
$GPGSV,3,1,10,05,36,125,39,12,19,035,28,13,13,031,19,18,67,256,17,6*6E
$GPGSV,3,2,10,23,26,356,44,25,52,020,45,26,27,226,23,28,22,293,15,6*65
$GPGSV,3,3,10,29,57,147,27,31,21,261,26,6*6C
$GPGSV,2,1,06,13,13,031,22,18,67,256,22,23,26,356,45,25,52,020,52,8*62
$GPGSV,2,2,06,26,27,226,22,28,22,293,24,8*68
$GPGSV,1,1,04,15,10,059,,16,00,220,,20,02,086,,21,07,142,,0*62
$GLGSV,2,1,08,66,00,156,12,67,16,106,08,68,11,057,20,74,15,210,13,1*73
$GLGSV,2,2,08,80,48,355,48,82,25,144,33,83,53,209,13,84,24,275,21,1*7A
$GLGSV,2,1,07,67,16,106,25,73,58,247,26,79,00,017,08,80,48,355,43,3*74
$GLGSV,2,2,07,82,25,144,34,83,53,209,16,84,24,275,18,3*44
$GAGSV,2,1,07,02,33,221,16,10,36,143,37,11,64,156,27,14,21,090,27,1*7C
$GAGSV,2,2,07,16,38,043,42,25,89,110,34,36,58,297,20,1*48
$GAGSV,1,1,03,10,36,143,33,16,38,043,50,25,89,110,37,5*4C
$GAGSV,2,1,07,02,33,221,18,10,36,143,29,11,64,156,25,14,21,090,18,7*75
$GAGSV,2,2,07,16,38,043,45,25,89,110,37,36,58,297,20,7*4A
$GAGSV,1,1,02,12,13,138,,34,08,311,,0*71
$GBGSV,3,1,10,12,22,101,18,19,25,072,39,20,15,120,21,22,12,020,15,3*7E
$GBGSV,3,2,10,24,25,231,10,26,52,284,20,29,23,119,42,31,36,255,18,3*72
$GBGSV,3,3,10,35,60,178,25,39,29,000,47,3*7E
$GBGSV,3,1,10,12,22,101,27,19,25,072,42,20,15,120,21,22,12,020,27,5*79
$GBGSV,3,2,10,24,25,231,29,26,52,284,15,29,23,119,38,31,36,255,17,5*7A
$GBGSV,3,3,10,35,60,178,23,39,29,000,46,5*7F
$GBGSV,3,1,10,12,22,101,26,19,25,072,40,20,15,120,18,22,12,020,30,8*7B
$GBGSV,3,2,10,24,25,231,27,26,52,284,18,29,23,119,42,31,36,255,21,8*7C
$GBGSV,3,3,10,35,60,178,26,39,29,000,47,8*76
$GBGSV,1,1,01,11,03,111,,0*44
$GNGLL,3001.74370,S,05112.75105,W,170643.00,A,A*7B
$GNRMC,170644.00,A,3001.74369,S,05112.75103,W,0.060,,090926,,,A,V*13
$GNVTG,,T,,M,0.060,N,0.111,K,A*3A
$GNGGA,170644.00,3001.74369,S,05112.75103,W,1,12,0.51,49.2,M,4.8,M,,*43
$GNGSA,M,3,18,23,25,26,28,29,31,05,12,13,,,1.02,0.51,0.89,1*07
$GNGSA,M,3,84,83,82,80,,,,,,,,,1.02,0.51,0.89,2*0D
$GNGSA,M,3,25,36,02,10,11,16,,,,,,,1.02,0.51,0.89,3*0F
$GNGSA,M,3,12,19,20,22,24,26,29,31,35,39,,,1.02,0.51,0.89,4*00
$GPGSV,3,1,09,05,36,125,44,12,19,035,37,13,13,031,23,23,26,356,47,1*65
$GPGSV,3,2,09,25,52,020,50,26,27,226,12,28,22,293,24,29,57,147,39,1*6A
$GPGSV,3,3,09,31,21,261,27,1*5C
$GPGSV,3,1,10,05,36,125,40,12,19,035,28,13,13,031,20,18,67,256,18,6*65
$GPGSV,3,2,10,23,26,356,44,25,52,020,45,26,27,226,21,28,22,293,16,6*64
$GPGSV,3,3,10,29,57,147,27,31,21,261,27,6*6D
$GPGSV,2,1,06,13,13,031,22,18,67,256,22,23,26,356,45,25,52,020,52,8*62
$GPGSV,2,2,06,26,27,226,22,28,22,293,25,8*69
$GPGSV,1,1,04,15,10,059,,16,00,220,,20,02,086,,21,07,142,,0*62
$GLGSV,2,1,07,66,00,156,13,68,11,057,20,74,15,210,15,80,48,355,48,1*79
$GLGSV,2,2,07,82,25,144,33,83,53,209,12,84,24,275,21,1*4F
$GLGSV,2,1,07,67,16,106,24,73,58,247,27,79,00,017,07,80,48,355,43,3*7B
$GLGSV,2,2,07,82,25,144,34,83,53,209,15,84,24,275,19,3*46
$GAGSV,2,1,07,02,33,221,16,10,36,143,37,11,64,156,27,14,21,090,27,1*7C
$GAGSV,2,2,07,16,38,043,42,25,89,110,35,36,58,297,19,1*43
$GAGSV,1,1,03,10,36,143,33,16,38,043,50,25,89,110,37,5*4C
$GAGSV,2,1,07,02,33,221,18,10,36,143,29,11,64,156,25,14,21,090,19,7*74
$GAGSV,2,2,07,16,38,043,45,25,89,110,37,36,58,297,19,7*40
$GAGSV,1,1,02,12,13,138,,34,08,311,,0*71
$GBGSV,3,1,10,12,22,101,20,19,25,072,39,20,15,120,20,22,12,020,10,3*71
$GBGSV,3,2,10,24,25,231,10,26,52,284,19,29,23,119,42,31,36,255,18,3*78
$GBGSV,3,3,10,35,60,178,25,39,29,000,47,3*7E
$GBGSV,3,1,10,12,22,101,27,19,25,072,43,20,15,120,21,22,12,020,26,5*79
$GBGSV,3,2,10,24,25,231,29,26,52,284,16,29,23,119,38,31,36,255,17,5*79
$GBGSV,3,3,10,35,60,178,24,39,29,000,46,5*78
$GBGSV,3,1,10,12,22,101,26,19,25,072,40,20,15,120,20,22,12,020,30,8*70
$GBGSV,3,2,10,24,25,231,27,26,52,284,18,29,23,119,42,31,36,255,21,8*7C
$GBGSV,3,3,10,35,60,178,26,39,29,000,47,8*76
$GBGSV,1,1,01,11,03,111,,0*44
$GNGLL,3001.74369,S,05112.75103,W,170644.00,A,A*72
$GNRMC,170645.00,A,3001.74368,S,05112.75101,W,0.006,,090926,,,A,V*11
$GNVTG,,T,,M,0.006,N,0.012,K,A*38
$GNGGA,170645.00,3001.74368,S,05112.75101,W,1,12,0.51,49.3,M,4.8,M,,*40
$GNGSA,M,3,18,23,25,26,28,29,31,05,12,13,,,1.02,0.51,0.89,1*07
$GNGSA,M,3,84,83,82,80,,,,,,,,,1.02,0.51,0.89,2*0D
$GNGSA,M,3,25,36,02,10,11,16,,,,,,,1.02,0.51,0.89,3*0F
$GNGSA,M,3,12,19,20,22,24,26,29,31,35,39,,,1.02,0.51,0.89,4*00
$GPGSV,3,1,09,05,36,125,44,12,19,035,37,13,13,031,23,23,26,356,47,1*65
$GPGSV,3,2,09,25,52,020,50,26,27,226,11,28,22,293,24,29,57,147,39,1*69
$GPGSV,3,3,09,31,21,261,27,1*5C
$GPGSV,3,1,10,05,36,125,40,12,19,035,29,13,13,031,20,18,67,256,19,6*65
$GPGSV,3,2,10,23,26,356,44,25,52,020,45,26,27,226,21,28,22,293,15,6*67
$GPGSV,3,3,10,29,57,147,26,31,21,261,26,6*6D
$GPGSV,2,1,05,18,67,256,21,23,26,356,45,25,52,020,52,26,27,226,22,8*67
$GPGSV,2,2,05,28,22,293,24,8*5C
$GPGSV,1,1,04,15,10,059,,16,00,220,,20,02,086,,21,07,142,,0*62
$GLGSV,2,1,07,66,00,156,13,68,11,057,20,74,15,210,16,80,48,355,48,1*7A
$GLGSV,2,2,07,82,25,144,33,83,53,209,11,84,24,275,19,1*47
$GLGSV,2,1,07,67,16,106,24,73,58,247,27,79,00,017,10,80,48,355,43,3*7D
$GLGSV,2,2,07,82,25,144,34,83,53,209,15,84,24,275,18,3*47
$GAGSV,2,1,07,02,33,221,16,10,36,143,37,11,64,156,27,14,21,090,27,1*7C
$GAGSV,2,2,07,16,38,043,42,25,89,110,34,36,58,297,19,1*42
$GAGSV,1,1,03,10,36,143,33,16,38,043,50,25,89,110,37,5*4C
$GAGSV,2,1,07,02,33,221,18,10,36,143,29,11,64,156,25,14,21,090,20,7*7E
$GAGSV,2,2,07,16,38,043,45,25,89,110,37,36,58,297,18,7*41
$GAGSV,1,1,02,12,13,138,,34,08,311,,0*71
$GBGSV,3,1,10,12,22,101,22,19,25,072,39,20,15,120,20,22,12,020,15,3*76
$GBGSV,3,2,10,24,25,231,10,26,52,284,18,29,23,119,42,31,36,255,18,3*79
$GBGSV,3,3,10,35,60,178,25,39,29,000,47,3*7E
$GBGSV,3,1,10,12,22,101,27,19,25,072,42,20,15,120,21,22,12,020,26,5*78
$GBGSV,3,2,10,24,25,231,29,26,52,284,17,29,23,119,38,31,36,255,16,5*79
$GBGSV,3,3,10,35,60,178,23,39,29,000,46,5*7F
$GBGSV,3,1,10,12,22,101,26,19,25,072,40,20,15,120,19,22,12,020,30,8*7A
$GBGSV,3,2,10,24,25,231,27,26,52,284,18,29,23,119,42,31,36,255,21,8*7C
$GBGSV,3,3,10,35,60,178,27,39,29,000,47,8*77
$GBGSV,1,1,01,11,03,111,,0*44
$GNGLL,3001.74368,S,05112.75101,W,170645.00,A,A*70
$GNRMC,170646.00,A,3001.74368,S,05112.75101,W,0.005,,090926,,,A,V*11
$GNVTG,,T,,M,0.005,N,0.010,K,A*39
$GNGGA,170646.00,3001.74368,S,05112.75101,W,1,12,0.51,49.3,M,4.8,M,,*43
$GNGSA,M,3,18,23,25,26,28,29,31,05,12,13,,,1.02,0.51,0.89,1*07
$GNGSA,M,3,84,83,82,80,,,,,,,,,1.02,0.51,0.89,2*0D
$GNGSA,M,3,25,36,02,10,11,16,,,,,,,1.02,0.51,0.89,3*0F
$GNGSA,M,3,12,19,20,22,24,26,29,31,35,39,,,1.02,0.51,0.89,4*00
$GPGSV,3,1,09,05,36,125,44,12,19,035,37,13,13,031,23,23,26,356,47,1*65
$GPGSV,3,2,09,25,52,020,50,26,27,226,10,28,22,293,24,29,57,147,39,1*68
$GPGSV,3,3,09,31,21,261,27,1*5C
$GPGSV,3,1,10,05,36,125,40,12,19,035,29,13,13,031,20,18,67,256,20,6*6F
$GPGSV,3,2,10,23,26,356,44,25,52,020,45,26,27,226,20,28,22,293,15,6*66
$GPGSV,3,3,10,29,57,147,26,31,21,261,27,6*6C
$GPGSV,2,1,05,18,67,256,21,23,26,356,45,25,52,020,52,26,27,226,21,8*64
$GPGSV,2,2,05,28,22,293,25,8*5D
$GPGSV,1,1,04,15,10,059,,16,00,220,,20,02,086,,21,07,142,,0*62
$GLGSV,2,1,07,66,00,156,12,68,11,057,21,74,15,210,15,80,48,355,48,1*79
$GLGSV,2,2,07,82,25,144,33,83,53,209,12,84,24,275,17,1*4A
$GLGSV,2,1,08,67,16,106,23,68,11,057,20,73,58,247,27,79,00,017,09,3*73
$GLGSV,2,2,08,80,48,355,43,82,25,144,34,83,53,209,15,84,24,275,19,3*79
$GAGSV,2,1,07,02,33,221,16,10,36,143,37,11,64,156,27,14,21,090,27,1*7C
$GAGSV,2,2,07,16,38,043,42,25,89,110,34,36,58,297,19,1*42
$GAGSV,1,1,03,10,36,143,33,16,38,043,50,25,89,110,37,5*4C
$GAGSV,2,1,07,02,33,221,18,10,36,143,29,11,64,156,25,14,21,090,20,7*7E
$GAGSV,2,2,07,16,38,043,45,25,89,110,37,36,58,297,18,7*41
$GAGSV,1,1,02,12,13,138,,34,08,311,,0*71
$GBGSV,3,1,10,12,22,101,23,19,25,072,39,20,15,120,20,22,12,020,15,3*77
$GBGSV,3,2,10,24,25,231,13,26,52,284,17,29,23,119,42,31,36,255,17,3*7A
$GBGSV,3,3,10,35,60,178,25,39,29,000,47,3*7E
$GBGSV,3,1,10,12,22,101,27,19,25,072,42,20,15,120,21,22,12,020,26,5*78
$GBGSV,3,2,10,24,25,231,28,26,52,284,16,29,23,119,38,31,36,255,16,5*79
$GBGSV,3,3,10,35,60,178,23,39,29,000,46,5*7F
$GBGSV,3,1,10,12,22,101,26,19,25,072,40,20,15,120,19,22,12,020,30,8*7A
$GBGSV,3,2,10,24,25,231,27,26,52,284,19,29,23,119,42,31,36,255,21,8*7D
$GBGSV,3,3,10,35,60,178,27,39,29,000,47,8*77
$GBGSV,1,1,01,11,03,111,,0*44
$GNGLL,3001.74368,S,05112.75101,W,170646.00,A,A*73
$GNRMC,170647.00,A,3001.74368,S,05112.75100,W,0.011,,090926,,,A,V*14
$GNVTG,,T,,M,0.011,N,0.021,K,A*3E
$GNGGA,170647.00,3001.74368,S,05112.75100,W,1,12,0.51,49.3,M,4.8,M,,*43
$GNGSA,M,3,18,23,25,26,28,29,31,05,12,13,,,1.03,0.51,0.89,1*06
$GNGSA,M,3,84,82,80,,,,,,,,,,1.03,0.51,0.89,2*07
$GNGSA,M,3,25,36,02,10,11,16,,,,,,,1.03,0.51,0.89,3*0E
$GNGSA,M,3,12,19,20,22,24,26,29,31,35,39,,,1.03,0.51,0.89,4*01
$GPGSV,3,1,09,05,36,125,44,12,19,035,37,13,13,031,23,23,26,356,47,1*65
$GPGSV,3,2,09,25,52,020,50,26,27,226,10,28,22,293,24,29,57,147,39,1*68
$GPGSV,3,3,09,31,21,261,27,1*5C
$GPGSV,3,1,10,05,36,125,39,12,19,035,29,13,13,031,20,18,67,256,20,6*61
$GPGSV,3,2,10,23,26,356,44,25,52,020,45,26,27,226,20,28,22,293,15,6*66
$GPGSV,3,3,10,29,57,147,26,31,21,261,26,6*6D
$GPGSV,2,1,05,18,67,256,21,23,26,356,45,25,52,020,52,26,27,226,21,8*64
$GPGSV,2,2,05,28,22,293,25,8*5D
$GPGSV,1,1,04,15,10,059,,16,00,220,,20,02,086,,21,07,142,,0*62
$GLGSV,2,1,07,66,00,156,09,68,11,057,20,74,15,210,14,80,48,355,48,1*73
$GLGSV,2,2,07,82,25,144,33,83,53,209,12,84,24,275,18,1*45
$GLGSV,2,1,08,67,16,106,23,68,11,057,19,73,58,247,26,79,00,017,08,3*79
$GLGSV,2,2,08,80,48,355,43,82,25,144,34,83,53,209,14,84,24,275,19,3*78
$GAGSV,2,1,07,02,33,221,17,10,36,143,37,11,64,156,27,14,21,090,27,1*7D
$GAGSV,2,2,07,16,38,043,42,25,89,110,34,36,58,297,18,1*43
$GAGSV,1,1,03,10,36,143,33,16,38,043,50,25,89,110,37,5*4C
$GAGSV,2,1,07,02,33,221,18,10,36,143,29,11,64,156,25,14,21,090,20,7*7E
$GAGSV,2,2,07,16,38,043,45,25,89,110,37,36,58,297,18,7*41
$GAGSV,1,1,02,12,13,138,,34,08,311,,0*71
$GBGSV,3,1,10,12,22,101,23,19,25,072,39,20,15,120,20,22,12,020,11,3*73
$GBGSV,3,2,10,24,25,231,12,26,52,284,16,29,23,119,42,31,36,255,17,3*7A
$GBGSV,3,3,10,35,60,178,25,39,29,000,47,3*7E
$GBGSV,3,1,10,12,22,101,26,19,25,072,42,20,15,120,22,22,12,020,26,5*7A
$GBGSV,3,2,10,24,25,231,28,26,52,284,16,29,23,119,38,31,36,255,17,5*78
$GBGSV,3,3,10,35,60,178,23,39,29,000,46,5*7F
$GBGSV,3,1,10,12,22,101,26,19,25,072,40,20,15,120,19,22,12,020,30,8*7A
$GBGSV,3,2,10,24,25,231,27,26,52,284,18,29,23,119,42,31,36,255,21,8*7C
$GBGSV,3,3,10,35,60,178,27,39,29,000,47,8*77
$GBGSV,1,1,01,11,03,111,,0*44
$GNGLL,3001.74368,S,05112.75100,W,170647.00,A,A*73
$GNRMC,170648.00,A,3001.74367,S,05112.75099,W,0.002,,090926,,,A,V*17
$GNVTG,,T,,M,0.002,N,0.004,K,A*3B
$GNGGA,170648.00,3001.74367,S,05112.75099,W,1,12,0.51,49.3,M,4.8,M,,*42
$GNGSA,M,3,18,23,25,26,28,29,31,05,12,13,,,1.03,0.51,0.89,1*06
$GNGSA,M,3,84,82,80,,,,,,,,,,1.03,0.51,0.89,2*07
$GNGSA,M,3,25,36,02,10,11,16,,,,,,,1.03,0.51,0.89,3*0E
$GNGSA,M,3,12,19,20,22,24,26,29,31,35,39,,,1.03,0.51,0.89,4*01
$GPGSV,3,1,09,05,36,125,44,12,19,035,37,13,13,031,22,23,26,356,47,1*64
$GPGSV,3,2,09,25,52,020,50,26,27,226,14,28,22,293,24,29,57,147,39,1*6C
$GPGSV,3,3,09,31,21,261,27,1*5C
$GPGSV,3,1,10,05,36,125,40,12,19,035,29,13,13,031,21,18,67,256,20,6*6E
$GPGSV,3,2,10,23,26,356,44,25,52,020,45,26,27,226,19,28,22,293,15,6*6C
$GPGSV,3,3,10,29,57,147,26,31,21,261,26,6*6D
$GPGSV,2,1,05,18,67,256,21,23,26,356,45,25,52,020,52,26,27,226,21,8*64
$GPGSV,2,2,05,28,22,293,25,8*5D
$GPGSV,1,1,04,15,10,059,,16,00,220,,20,02,086,,21,07,142,,0*62
$GLGSV,2,1,07,66,00,156,11,68,11,057,19,74,16,210,14,80,48,355,48,1*73
$GLGSV,2,2,07,82,25,144,33,83,53,209,09,84,24,275,19,1*4E
$GLGSV,2,1,08,67,16,106,22,68,11,057,18,73,58,247,26,79,00,017,11,3*71
$GLGSV,2,2,08,80,48,355,43,82,25,144,34,83,53,209,12,84,24,275,19,3*7E
$GAGSV,2,1,07,02,33,221,18,10,36,143,37,11,64,156,27,14,21,090,27,1*72
$GAGSV,2,2,07,16,38,043,42,25,89,110,34,36,58,297,18,1*43
$GAGSV,1,1,03,10,36,143,33,16,38,043,50,25,89,110,37,5*4C
$GAGSV,2,1,07,02,33,221,17,10,36,143,29,11,64,156,25,14,21,090,21,7*70
$GAGSV,2,2,07,16,38,043,45,25,89,110,37,36,58,297,17,7*4E
$GAGSV,1,1,02,12,13,138,,34,08,311,,0*71
$GBGSV,3,1,10,12,22,101,24,19,25,072,39,20,15,120,19,22,12,020,11,3*7E
$GBGSV,3,2,10,24,25,231,11,26,52,284,15,29,23,119,42,31,36,255,17,3*7A
$GBGSV,3,3,10,35,60,178,25,39,29,000,47,3*7E
$GBGSV,3,1,10,12,22,101,27,19,25,072,42,20,15,120,22,22,12,020,26,5*7B
$GBGSV,3,2,10,24,25,231,28,26,52,284,17,29,23,119,37,31,36,255,18,5*79
$GBGSV,3,3,10,35,60,178,23,39,29,000,46,5*7F
$GBGSV,3,1,10,12,22,101,26,19,25,072,40,20,15,120,20,22,12,020,29,8*78
$GBGSV,3,2,10,24,25,231,27,26,52,284,18,29,23,119,42,31,36,255,21,8*7C
$GBGSV,3,3,10,35,60,178,27,39,29,000,47,8*77
$GBGSV,1,1,01,11,03,111,,0*44
$GNGLL,3001.74367,S,05112.75099,W,170648.00,A,A*72
$GNRMC,170649.00,A,3001.74367,S,05112.75098,W,0.011,,090926,,,A,V*15
$GNVTG,,T,,M,0.011,N,0.021,K,A*3E
$GNGGA,170649.00,3001.74367,S,05112.75098,W,1,12,0.50,49.3,M,4.8,M,,*43
$GNGSA,M,3,18,23,25,26,28,29,31,05,12,13,,,1.02,0.50,0.88,1*07
$GNGSA,M,3,84,82,80,,,,,,,,,,1.02,0.50,0.88,2*06
$GNGSA,M,3,25,36,02,10,11,16,,,,,,,1.02,0.50,0.88,3*0F
$GNGSA,M,3,12,19,20,22,24,26,29,31,35,39,,,1.02,0.50,0.88,4*00
$GPGSV,3,1,09,05,36,125,44,12,19,035,37,13,13,031,22,23,26,356,47,1*64
$GPGSV,3,2,09,25,52,020,50,26,27,226,07,28,22,293,24,29,57,147,39,1*6E
$GPGSV,3,3,09,31,21,261,27,1*5C
$GPGSV,3,1,10,05,36,125,39,12,19,035,29,13,13,031,22,18,67,256,21,6*62
$GPGSV,3,2,10,23,26,356,44,25,52,020,45,26,27,226,19,28,22,293,16,6*6F
$GPGSV,3,3,10,29,57,147,26,31,21,261,26,6*6D
$GPGSV,2,1,05,18,67,256,21,23,26,356,45,25,52,020,52,26,27,226,22,8*67
$GPGSV,2,2,05,28,22,293,24,8*5C
$GPGSV,1,1,04,15,10,059,,16,00,220,,20,02,086,,21,07,142,,0*62
$GLGSV,2,1,07,66,00,156,10,68,11,057,18,74,16,210,15,80,48,355,48,1*72
$GLGSV,2,2,07,82,25,144,33,83,53,209,08,84,24,275,18,1*4E
$GLGSV,2,1,08,67,16,106,22,68,11,057,17,73,58,247,25,79,00,017,07,3*7A
$GLGSV,2,2,08,80,48,355,43,82,25,144,34,83,53,209,11,84,24,275,19,3*7D
$GAGSV,2,1,07,02,33,221,17,10,36,143,37,11,64,156,27,14,21,090,27,1*7D
$GAGSV,2,2,07,16,38,043,42,25,89,110,34,36,58,297,19,1*42
$GAGSV,1,1,03,10,36,143,33,16,38,043,50,25,89,110,37,5*4C
$GAGSV,2,1,07,02,33,221,17,10,36,143,30,11,64,156,25,14,21,090,22,7*7B
$GAGSV,2,2,07,16,38,043,45,25,89,110,37,36,58,297,17,7*4E
$GAGSV,1,1,02,12,13,138,,34,08,311,,0*71
$GBGSV,3,1,10,12,22,101,25,19,25,072,39,20,15,120,19,22,12,020,15,3*7B
$GBGSV,3,2,10,24,25,231,12,26,52,284,15,29,23,119,42,31,36,255,18,3*76
$GBGSV,3,3,10,35,60,178,24,39,29,000,47,3*7F
$GBGSV,3,1,10,12,22,101,27,19,25,072,42,20,15,120,22,22,12,020,26,5*7B
$GBGSV,3,2,10,24,25,231,28,26,52,284,17,29,23,119,38,31,36,255,17,5*79
$GBGSV,3,3,10,35,60,178,23,39,29,000,46,5*7F
$GBGSV,3,1,10,12,22,101,27,19,25,072,40,20,15,120,20,22,12,020,30,8*71
$GBGSV,3,2,10,24,25,231,26,26,52,284,18,29,23,119,42,31,36,255,21,8*7D
$GBGSV,3,3,10,35,60,178,27,39,29,000,47,8*77
$GBGSV,1,1,01,11,03,111,,0*44
$GNGLL,3001.74367,S,05112.75098,W,170649.00,A,A*72
$GNRMC,170650.00,A,3001.74366,S,05112.75098,W,0.007,,090926,,,A,V*1B
$GNVTG,,T,,M,0.007,N,0.013,K,A*38
$GNGGA,170650.00,3001.74366,S,05112.75098,W,1,12,0.50,49.3,M,4.8,M,,*4A
$GNGSA,M,3,18,23,25,26,28,29,31,05,12,13,,,1.02,0.50,0.89,1*06
$GNGSA,M,3,84,82,80,,,,,,,,,,1.02,0.50,0.89,2*07
$GNGSA,M,3,25,36,02,10,11,16,,,,,,,1.02,0.50,0.89,3*0E
$GNGSA,M,3,12,19,20,22,24,26,29,31,35,39,,,1.02,0.50,0.89,4*01
$GPGSV,3,1,09,05,36,125,44,12,19,035,37,13,13,031,23,23,26,356,46,1*64
$GPGSV,3,2,09,25,52,020,50,26,27,226,08,28,22,293,24,29,57,147,39,1*61
$GPGSV,3,3,09,31,21,261,27,1*5C
$GPGSV,3,1,10,05,36,125,39,12,19,035,29,13,13,031,23,18,67,256,21,6*63
$GPGSV,3,2,10,23,26,356,44,25,52,020,45,26,27,226,18,28,22,293,16,6*6E
$GPGSV,3,3,10,29,57,147,26,31,21,261,26,6*6D
$GPGSV,2,1,05,18,67,256,20,23,26,356,45,25,52,020,52,26,27,226,22,8*66
$GPGSV,2,2,05,28,22,293,24,8*5C
$GPGSV,1,1,04,15,10,059,,16,00,220,,20,02,086,,21,07,142,,0*62
$GLGSV,2,1,07,66,00,156,10,68,11,057,17,74,16,210,16,80,48,355,48,1*7E
$GLGSV,2,2,07,82,25,144,33,83,53,209,09,84,24,275,18,1*4F
$GLGSV,2,1,08,67,16,106,21,68,11,057,16,73,58,247,25,79,00,017,09,3*76
$GLGSV,2,2,08,80,48,355,43,82,25,144,34,83,53,209,11,84,24,275,19,3*7D
$GAGSV,2,1,07,02,33,221,17,10,36,143,37,11,64,156,27,14,21,090,27,1*7D
$GAGSV,2,2,07,16,38,043,42,25,89,110,34,36,58,297,19,1*42
$GAGSV,1,1,03,10,36,143,33,16,38,043,50,25,89,110,37,5*4C
$GAGSV,2,1,07,02,33,221,17,10,36,143,30,11,64,156,25,14,21,090,22,7*7B
$GAGSV,2,2,07,16,38,043,45,25,89,110,37,36,58,297,16,7*4F
$GAGSV,1,1,02,12,13,138,,34,08,311,,0*71
$GBGSV,3,1,10,12,22,101,25,19,25,072,39,20,15,120,18,22,12,020,17,3*78
$GBGSV,3,2,10,24,25,231,09,26,52,284,14,29,23,119,42,31,36,255,17,3*72
$GBGSV,3,3,10,35,60,178,25,39,29,000,47,3*7E
$GBGSV,3,1,10,12,22,101,26,19,25,072,42,20,15,120,22,22,12,020,27,5*7B
$GBGSV,3,2,10,24,25,231,28,26,52,284,17,29,23,119,38,31,36,255,16,5*78
$GBGSV,3,3,10,35,60,178,23,39,29,000,46,5*7F
$GBGSV,3,1,10,12,22,101,27,19,25,072,40,20,15,120,20,22,12,020,30,8*71
$GBGSV,3,2,10,24,25,231,27,26,52,284,18,29,23,119,42,31,36,255,21,8*7C
$GBGSV,3,3,10,35,60,178,27,39,29,000,47,8*77
$GBGSV,1,1,01,11,03,111,,0*44
$GNGLL,3001.74366,S,05112.75098,W,170650.00,A,A*7B
$GNRMC,170651.00,A,3001.74366,S,05112.75096,W,0.019,,090926,,,A,V*1B
$GNVTG,,T,,M,0.019,N,0.035,K,A*33
$GNGGA,170651.00,3001.74366,S,05112.75096,W,1,12,0.50,49.3,M,4.8,M,,*45
$GNGSA,M,3,18,23,25,26,28,29,31,05,12,13,,,1.02,0.50,0.89,1*06
$GNGSA,M,3,84,82,80,,,,,,,,,,1.02,0.50,0.89,2*07
$GNGSA,M,3,25,36,02,10,11,16,,,,,,,1.02,0.50,0.89,3*0E
$GNGSA,M,3,12,19,20,22,24,26,29,31,35,39,,,1.02,0.50,0.89,4*01
$GPGSV,3,1,09,05,36,125,44,12,19,035,37,13,13,031,23,23,26,356,46,1*64
$GPGSV,3,2,09,25,52,020,50,26,27,226,11,28,22,293,24,29,57,147,39,1*69
$GPGSV,3,3,09,31,21,261,27,1*5C
$GPGSV,3,1,10,05,36,125,39,12,19,035,29,13,13,031,22,18,67,256,21,6*62
$GPGSV,3,2,10,23,26,356,44,25,52,020,45,26,27,226,18,28,22,293,16,6*6E
$GPGSV,3,3,10,29,57,147,26,31,21,261,26,6*6D
$GPGSV,2,1,05,18,67,256,21,23,26,356,45,25,52,020,52,26,27,226,21,8*64
$GPGSV,2,2,05,28,22,293,23,8*5B
$GPGSV,1,1,04,15,10,059,,16,00,220,,20,02,086,,21,07,142,,0*62
$GLGSV,2,1,07,66,00,156,11,68,11,057,15,74,16,210,16,80,48,355,48,1*7D
$GLGSV,2,2,07,82,25,144,33,83,53,209,06,84,24,275,18,1*40
$GLGSV,2,1,08,67,16,106,21,68,11,057,14,73,58,247,26,79,00,017,08,3*76
$GLGSV,2,2,08,80,48,355,43,82,25,144,34,83,53,209,10,84,24,275,18,3*7D
$GAGSV,2,1,07,02,33,221,16,10,36,143,37,11,64,156,26,14,21,090,26,1*7C
$GAGSV,2,2,07,16,38,043,42,25,89,110,34,36,58,297,19,1*42
$GAGSV,1,1,03,10,36,143,33,16,38,043,50,25,89,110,37,5*4C
$GAGSV,2,1,07,02,33,221,18,10,36,143,30,11,64,156,25,14,21,090,21,7*77
$GAGSV,2,2,07,16,38,043,45,25,89,110,37,36,58,297,15,7*4C
$GAGSV,1,1,02,12,13,138,,34,08,311,,0*71
$GBGSV,3,1,10,12,22,101,26,19,25,072,40,20,15,120,18,22,12,020,15,3*77
$GBGSV,3,2,10,24,25,231,10,26,52,284,14,29,23,119,42,31,36,255,17,3*7A
$GBGSV,3,3,10,35,60,178,25,39,29,000,47,3*7E
$GBGSV,3,1,10,12,22,101,26,19,25,072,43,20,15,120,22,22,12,020,27,5*7A
$GBGSV,3,2,10,24,25,231,29,26,52,284,16,29,23,119,38,31,36,255,18,5*76
$GBGSV,3,3,10,35,60,178,23,39,29,000,46,5*7F
$GBGSV,3,1,10,12,22,101,27,19,25,072,40,20,15,120,20,22,12,020,30,8*71
$GBGSV,3,2,10,24,25,231,27,26,52,284,18,29,23,119,42,31,36,255,22,8*7F
$GBGSV,3,3,10,35,60,178,27,39,29,000,47,8*77
$GBGSV,1,1,01,11,03,111,,0*44
$GNGLL,3001.74366,S,05112.75096,W,170651.00,A,A*74
$GNRMC,170652.00,A,3001.74365,S,05112.75095,W,0.010,,090926,,,A,V*11
$GNVTG,,T,,M,0.010,N,0.019,K,A*34
$GNGGA,170652.00,3001.74365,S,05112.75095,W,1,12,0.49,49.4,M,4.8,M,,*49
$GNGSA,M,3,18,23,25,26,28,29,31,05,12,13,,,1.00,0.49,0.87,1*02
$GNGSA,M,3,84,82,80,,,,,,,,,,1.00,0.49,0.87,2*03
$GNGSA,M,3,25,36,02,10,11,16,,,,,,,1.00,0.49,0.87,3*0A
$GNGSA,M,3,12,19,20,22,24,26,29,31,35,39,,,1.00,0.49,0.87,4*05
$GPGSV,3,1,09,05,36,125,44,12,19,035,37,13,13,031,22,23,26,356,46,1*65
$GPGSV,3,2,09,25,52,020,50,26,27,226,15,28,22,293,24,29,57,147,39,1*6D
$GPGSV,3,3,09,31,21,261,28,1*53
$GPGSV,3,1,10,05,36,125,39,12,19,035,29,13,13,031,22,18,67,256,22,6*61
$GPGSV,3,2,10,23,26,356,44,25,52,020,45,26,27,226,17,28,22,293,16,6*61
$GPGSV,3,3,10,29,57,147,26,31,21,261,27,6*6C
$GPGSV,2,1,05,18,67,256,20,23,26,356,45,25,52,020,52,26,27,226,22,8*66
$GPGSV,2,2,05,28,22,293,23,8*5B
$GPGSV,1,1,04,15,10,059,,16,00,220,,20,02,086,,21,07,142,,0*62
$GLGSV,2,1,08,66,00,156,13,67,16,106,17,68,11,057,15,74,16,210,15,1*7F
$GLGSV,2,2,08,80,48,355,48,82,25,144,33,83,53,209,07,84,24,275,19,1*74
$GLGSV,2,1,08,67,16,106,20,68,11,057,11,73,58,247,26,79,00,017,11,3*7A
$GLGSV,2,2,08,80,48,355,44,82,25,144,34,83,53,209,11,84,24,275,16,3*75
$GAGSV,2,1,07,02,33,221,16,10,36,143,37,11,64,156,26,14,21,090,27,1*7D
$GAGSV,2,2,07,16,38,043,42,25,89,110,34,36,58,297,19,1*42
$GAGSV,1,1,03,10,36,143,33,16,38,043,50,25,89,110,37,5*4C
$GAGSV,2,1,07,02,33,221,19,10,36,143,30,11,64,156,25,14,21,090,21,7*76
$GAGSV,2,2,07,16,38,043,45,25,89,110,37,36,58,297,15,7*4C
$GAGSV,1,1,02,12,13,138,,34,08,311,,0*71
$GBGSV,3,1,10,12,22,101,26,19,25,072,40,20,15,120,17,22,12,020,08,3*74
$GBGSV,3,2,10,24,25,231,09,26,52,284,13,29,23,119,42,31,36,255,17,3*75
$GBGSV,3,3,10,35,60,178,25,39,29,000,47,3*7E
$GBGSV,3,1,10,12,22,101,26,19,25,072,43,20,15,120,22,22,12,020,26,5*7B
$GBGSV,3,2,10,24,25,231,28,26,52,284,16,29,23,119,37,31,36,255,17,5*77
$GBGSV,3,3,10,35,60,178,23,39,29,000,46,5*7F
$GBGSV,3,1,10,12,22,101,27,19,25,072,40,20,15,120,21,22,12,020,30,8*70
$GBGSV,3,2,10,24,25,231,27,26,52,284,18,29,23,119,42,31,36,255,22,8*7F
$GBGSV,3,3,10,35,60,178,27,39,29,000,47,8*77
$GBGSV,1,1,01,11,03,111,,0*44
$GNGLL,3001.74365,S,05112.75095,W,170652.00,A,A*77
$GNRMC,170653.00,A,3001.74365,S,05112.75093,W,0.027,,090926,,,A,V*12
$GNVTG,,T,,M,0.027,N,0.049,K,A*35
$GNGGA,170653.00,3001.74365,S,05112.75093,W,1,12,0.51,49.4,M,4.8,M,,*47
$GNGSA,M,3,18,23,25,26,28,29,31,05,12,13,,,1.02,0.51,0.89,1*07
$GNGSA,M,3,84,82,80,,,,,,,,,,1.02,0.51,0.89,2*06
$GNGSA,M,3,25,36,02,10,11,16,,,,,,,1.02,0.51,0.89,3*0F
$GNGSA,M,3,12,19,20,22,24,26,29,31,35,39,,,1.02,0.51,0.89,4*00
$GPGSV,3,1,09,05,36,125,44,12,19,035,37,13,13,031,22,23,26,356,46,1*65
$GPGSV,3,2,09,25,52,020,50,26,27,226,16,28,22,293,24,29,57,147,39,1*6E
$GPGSV,3,3,09,31,21,261,28,1*53
$GPGSV,3,1,10,05,36,125,39,12,19,035,29,13,13,031,21,18,67,256,22,6*62
$GPGSV,3,2,10,23,26,356,44,25,52,020,45,26,27,226,17,28,22,293,14,6*63
$GPGSV,3,3,10,29,57,147,26,31,21,261,27,6*6C
$GPGSV,2,1,05,18,67,256,20,23,26,356,45,25,52,020,52,26,27,226,22,8*66
$GPGSV,2,2,05,28,22,293,23,8*5B
$GPGSV,1,1,04,15,10,059,,16,00,220,,20,02,086,,21,07,142,,0*62
$GLGSV,2,1,08,66,00,156,13,67,16,106,18,68,11,057,15,74,16,210,14,1*71
$GLGSV,2,2,08,80,48,355,48,82,25,144,33,83,53,209,06,84,24,275,19,1*75
$GLGSV,2,1,07,67,16,106,18,68,11,057,10,73,58,247,25,80,48,355,44,3*73
$GLGSV,2,2,07,82,25,144,34,83,53,209,11,84,24,275,16,3*4D
$GAGSV,2,1,07,02,33,221,16,10,36,143,37,11,64,156,26,14,21,090,27,1*7D
$GAGSV,2,2,07,16,38,043,42,25,89,110,34,36,58,297,19,1*42
$GAGSV,1,1,03,10,36,143,33,16,38,043,50,25,89,110,37,5*4C
$GAGSV,2,1,07,02,33,221,19,10,36,143,30,11,64,156,25,14,21,090,22,7*75
$GAGSV,2,2,07,16,38,043,45,25,89,110,37,36,58,297,16,7*4F
$GAGSV,1,1,02,12,13,138,,34,08,311,,0*71
$GBGSV,3,1,10,12,22,101,27,19,25,072,40,20,15,120,16,22,12,020,09,3*75
$GBGSV,3,2,10,24,25,231,10,26,52,284,12,29,23,119,42,31,36,255,17,3*7C
$GBGSV,3,3,10,35,60,178,25,39,29,000,47,3*7E
$GBGSV,3,1,10,12,22,101,26,19,25,072,43,20,15,120,21,22,12,020,26,5*78
$GBGSV,3,2,10,24,25,231,29,26,52,284,16,29,23,119,38,31,36,255,17,5*79
$GBGSV,3,3,10,35,60,178,23,39,29,000,46,5*7F
$GBGSV,3,1,10,12,22,101,27,19,25,072,40,20,15,120,20,22,12,020,30,8*71
$GBGSV,3,2,10,24,25,231,27,26,52,284,18,29,23,119,42,31,36,255,22,8*7F
$GBGSV,3,3,10,35,60,178,27,39,29,000,47,8*77
$GBGSV,1,1,01,11,03,111,,0*44
$GNGLL,3001.74365,S,05112.75093,W,170653.00,A,A*70
$GNRMC,170654.00,A,3001.74364,S,05112.75091,W,0.022,,090926,,,A,V*13
$GNVTG,,T,,M,0.022,N,0.041,K,A*38
$GNGGA,170654.00,3001.74364,S,05112.75091,W,1,12,0.51,49.4,M,4.8,M,,*43
$GNGSA,M,3,18,23,25,26,28,29,31,05,12,13,,,1.02,0.51,0.89,1*07
$GNGSA,M,3,84,82,80,,,,,,,,,,1.02,0.51,0.89,2*06
$GNGSA,M,3,25,36,02,10,11,16,,,,,,,1.02,0.51,0.89,3*0F
$GNGSA,M,3,12,19,20,22,24,26,29,31,35,39,,,1.02,0.51,0.89,4*00
$GPGSV,3,1,09,05,36,125,44,12,19,035,37,13,13,031,23,23,26,356,46,1*64
$GPGSV,3,2,09,25,52,020,50,26,27,226,17,28,22,293,25,29,57,147,39,1*6E
$GPGSV,3,3,09,31,21,261,27,1*5C
$GPGSV,3,1,10,05,36,125,39,12,19,035,29,13,13,031,22,18,67,256,22,6*61
$GPGSV,3,2,10,23,26,356,44,25,52,020,45,26,27,226,16,28,22,293,13,6*65
$GPGSV,3,3,10,29,57,147,25,31,21,261,27,6*6F
$GPGSV,2,1,05,18,67,256,21,23,26,356,45,25,52,020,52,26,27,226,22,8*67
$GPGSV,2,2,05,28,22,293,23,8*5B
$GPGSV,1,1,04,15,10,059,,16,00,220,,20,02,086,,21,07,142,,0*62
$GLGSV,2,1,08,66,00,156,12,67,16,106,19,68,11,057,15,74,16,210,14,1*71
$GLGSV,2,2,08,80,46,355,48,82,25,144,33,83,53,209,14,84,24,275,20,1*72
$GLGSV,2,1,07,67,16,106,17,68,11,057,11,73,58,247,25,80,46,355,44,3*73
$GLGSV,2,2,07,82,25,144,34,83,53,209,13,84,24,275,13,3*4A
$GAGSV,2,1,07,02,33,221,17,10,36,143,37,11,64,156,27,14,21,090,27,1*7D
$GAGSV,2,2,07,16,38,043,42,25,89,110,34,36,58,297,18,1*43
$GAGSV,1,1,03,10,36,143,33,16,38,043,50,25,89,110,37,5*4C
$GAGSV,2,1,07,02,33,221,20,10,36,143,30,11,64,156,25,14,21,090,22,7*7F
$GAGSV,2,2,07,16,38,043,45,25,89,110,37,36,58,297,16,7*4F
$GAGSV,1,1,02,12,13,138,,34,08,311,,0*71
$GBGSV,3,1,10,12,22,101,27,19,25,072,40,20,15,120,15,22,12,020,12,3*7C
$GBGSV,3,2,10,24,25,231,08,26,52,284,10,29,23,119,42,31,36,255,16,3*76
$GBGSV,3,3,10,35,60,178,25,39,29,000,47,3*7E
$GBGSV,3,1,10,12,22,101,26,19,25,072,43,20,15,120,22,22,12,020,27,5*7A
$GBGSV,3,2,10,24,25,231,28,26,52,284,16,29,23,119,38,31,36,255,18,5*77
$GBGSV,3,3,10,35,60,178,23,39,29,000,47,5*7E
$GBGSV,3,1,10,12,22,101,27,19,25,072,40,20,15,120,20,22,12,020,29,8*79
$GBGSV,3,2,10,24,25,231,27,26,52,284,17,29,23,119,42,31,36,255,22,8*70
$GBGSV,3,3,10,35,60,178,27,39,29,000,47,8*77
$GBGSV,1,1,01,11,03,111,,0*44
$GNGLL,3001.74364,S,05112.75091,W,170654.00,A,A*74
$GNRMC,170655.00,A,3001.74364,S,05112.75090,W,0.003,,090926,,,A,V*10
$GNVTG,,T,,M,0.003,N,0.005,K,A*3B
$GNGGA,170655.00,3001.74364,S,05112.75090,W,1,12,0.51,49.4,M,4.8,M,,*43
$GNGSA,M,3,18,23,25,26,28,29,31,05,12,13,,,1.02,0.51,0.89,1*07
$GNGSA,M,3,84,82,80,,,,,,,,,,1.02,0.51,0.89,2*06
$GNGSA,M,3,25,36,02,10,11,16,,,,,,,1.02,0.51,0.89,3*0F
$GNGSA,M,3,12,19,20,22,24,26,29,31,35,39,,,1.02,0.51,0.89,4*00
$GPGSV,3,1,09,05,36,125,44,12,19,035,37,13,13,031,22,23,26,356,46,1*65
$GPGSV,3,2,09,25,52,020,50,26,27,226,18,28,22,293,25,29,57,147,39,1*61
$GPGSV,3,3,09,31,21,261,27,1*5C
$GPGSV,3,1,10,05,36,125,39,12,19,035,28,13,13,031,21,18,67,256,22,6*63
$GPGSV,3,2,10,23,26,356,44,25,52,020,45,26,27,226,17,28,22,293,12,6*65
$GPGSV,3,3,10,29,57,147,26,31,21,261,27,6*6C
$GPGSV,2,1,05,18,67,256,20,23,26,356,45,25,52,020,52,26,27,226,22,8*66
$GPGSV,2,2,05,28,22,293,23,8*5B
$GPGSV,1,1,04,15,10,059,,16,00,220,,20,02,086,,21,07,142,,0*62
$GLGSV,2,1,08,66,00,156,10,67,16,106,19,68,11,057,17,74,16,210,15,1*70
$GLGSV,2,2,08,80,46,355,48,82,25,144,33,83,53,209,09,84,24,275,21,1*7F
$GLGSV,2,1,07,67,16,106,17,68,11,057,11,73,58,247,25,80,46,355,43,3*74
$GLGSV,2,2,07,82,25,144,34,83,53,209,14,84,24,275,13,3*4D
$GAGSV,2,1,07,02,33,221,17,10,36,143,37,11,64,156,26,14,21,090,27,1*7C
$GAGSV,2,2,07,16,38,043,42,25,89,110,34,36,58,297,18,1*43
$GAGSV,1,1,03,10,36,143,33,16,38,043,50,25,89,110,36,5*4D
$GAGSV,2,1,07,02,33,221,20,10,36,143,30,11,64,156,25,14,21,090,23,7*7E
$GAGSV,2,2,07,16,38,043,45,25,89,110,37,36,58,297,16,7*4F
$GAGSV,1,1,02,12,13,138,,34,08,311,,0*71
$GBGSV,3,1,10,12,22,101,27,19,25,072,40,20,15,120,14,22,12,020,15,3*7A
$GBGSV,3,2,10,24,25,231,12,26,52,284,10,29,23,119,42,31,36,255,15,3*7E
$GBGSV,3,3,10,35,60,178,25,39,29,000,47,3*7E
$GBGSV,3,1,10,12,22,101,26,19,25,072,43,20,15,120,22,22,12,020,27,5*7A
$GBGSV,3,2,10,24,25,231,28,26,52,284,17,29,23,119,38,31,36,255,18,5*76
$GBGSV,3,3,10,35,60,178,24,39,29,000,46,5*78
$GBGSV,3,1,10,12,22,101,27,19,25,072,40,20,15,120,20,22,12,020,30,8*71
$GBGSV,3,2,10,24,25,231,27,26,52,284,18,29,23,119,42,31,36,255,22,8*7F
$GBGSV,3,3,10,35,60,178,27,39,29,000,47,8*77
$GBGSV,1,1,01,11,03,111,,0*44
$GNGLL,3001.74364,S,05112.75090,W,170655.00,A,A*74
$GNRMC,170656.00,A,3001.74363,S,05112.75089,W,0.002,,090926,,,A,V*1D
$GNVTG,,T,,M,0.002,N,0.003,K,A*3C
$GNGGA,170656.00,3001.74363,S,05112.75089,W,1,12,0.50,49.4,M,4.8,M,,*4E
$GNGSA,M,3,18,23,25,26,28,29,31,05,12,13,,,1.02,0.50,0.88,1*07
$GNGSA,M,3,84,83,82,80,,,,,,,,,1.02,0.50,0.88,2*0D
$GNGSA,M,3,25,36,02,10,11,16,,,,,,,1.02,0.50,0.88,3*0F
$GNGSA,M,3,12,19,20,22,24,26,29,31,35,39,,,1.02,0.50,0.88,4*00
$GPGSV,3,1,09,05,36,125,43,12,19,035,37,13,13,031,22,23,26,356,46,1*62
$GPGSV,3,2,09,25,52,020,50,26,27,226,19,28,22,293,25,29,57,147,39,1*60
$GPGSV,3,3,09,31,21,261,26,1*5D
$GPGSV,3,1,10,05,36,125,39,12,19,035,28,13,13,031,21,18,67,256,22,6*63
$GPGSV,3,2,10,23,26,356,44,25,52,020,45,26,27,226,18,28,22,293,12,6*6A
$GPGSV,3,3,10,29,57,147,26,31,21,261,26,6*6D
$GPGSV,2,1,05,18,67,256,20,23,26,356,45,25,52,020,52,26,27,226,22,8*66
$GPGSV,2,2,05,28,22,293,22,8*5A
$GPGSV,1,1,04,15,10,059,,16,00,220,,20,02,086,,21,07,142,,0*62
$GLGSV,2,1,08,66,00,156,10,67,16,106,20,68,11,057,19,74,16,210,15,1*74
$GLGSV,2,2,08,80,46,355,48,82,24,143,33,83,53,209,13,84,24,275,21,1*72
$GLGSV,2,1,07,67,16,106,15,68,11,057,08,73,58,247,25,80,46,355,43,3*7E
$GLGSV,2,2,07,82,24,143,34,83,53,209,15,84,24,275,11,3*48
$GAGSV,2,1,07,02,33,221,17,10,36,143,37,11,64,156,26,14,21,090,27,1*7C
$GAGSV,2,2,07,16,38,043,42,25,89,110,34,36,58,297,18,1*43
$GAGSV,1,1,03,10,36,143,33,16,38,043,50,25,89,110,37,5*4C
$GAGSV,2,1,07,02,33,221,20,10,36,143,30,11,64,156,25,14,21,090,24,7*79
$GAGSV,2,2,07,16,38,043,45,25,89,110,37,36,58,297,17,7*4E
$GAGSV,1,1,02,12,13,138,,34,08,311,,0*71
$GBGSV,3,1,10,12,22,101,28,19,25,072,40,20,15,120,14,22,12,020,15,3*75
$GBGSV,3,2,10,24,25,231,12,26,52,284,16,29,23,119,42,31,36,255,15,3*78
$GBGSV,3,3,10,35,60,178,25,39,29,000,47,3*7E
$GBGSV,3,1,10,12,22,101,26,19,25,072,43,20,15,120,22,22,12,020,27,5*7A
$GBGSV,3,2,10,24,25,231,28,26,52,284,17,29,23,119,38,31,36,255,18,5*76
$GBGSV,3,3,10,35,60,178,24,39,29,000,46,5*78
$GBGSV,3,1,10,12,22,101,27,19,25,072,40,20,15,120,20,22,12,020,29,8*79
$GBGSV,3,2,10,24,25,231,28,26,52,284,17,29,23,119,42,31,36,255,22,8*7F
$GBGSV,3,3,10,35,60,178,27,39,29,000,47,8*77
$GBGSV,1,1,01,11,03,111,,0*44
$GNGLL,3001.74363,S,05112.75089,W,170656.00,A,A*78
$GNRMC,170657.00,A,3001.74363,S,05112.75088,W,0.019,,090926,,,A,V*17
$GNVTG,,T,,M,0.019,N,0.035,K,A*33
$GNGGA,170657.00,3001.74363,S,05112.75088,W,1,12,0.51,49.4,M,4.8,M,,*4F
$GNGSA,M,3,18,23,25,26,28,29,31,05,12,13,,,1.02,0.51,0.89,1*07
$GNGSA,M,3,84,82,80,,,,,,,,,,1.02,0.51,0.89,2*06
$GNGSA,M,3,25,36,02,10,11,16,,,,,,,1.02,0.51,0.89,3*0F
$GNGSA,M,3,12,19,20,22,24,26,29,31,35,39,,,1.02,0.51,0.89,4*00
$GPGSV,3,1,09,05,36,125,43,12,19,035,37,13,13,031,22,23,26,356,46,1*62
$GPGSV,3,2,09,25,52,020,50,26,27,226,19,28,22,293,25,29,57,147,39,1*60
$GPGSV,3,3,09,31,21,261,26,1*5D
$GPGSV,3,1,10,05,36,125,39,12,19,035,28,13,13,031,21,18,67,256,22,6*63
$GPGSV,3,2,10,23,26,356,44,25,52,020,45,26,27,226,17,28,22,293,11,6*66
$GPGSV,3,3,10,29,57,147,26,31,21,261,26,6*6D
$GPGSV,2,1,05,18,67,256,20,23,26,356,45,25,52,020,52,26,27,226,21,8*65
$GPGSV,2,2,05,28,22,293,21,8*59
$GPGSV,1,1,04,15,10,059,,16,00,220,,20,02,086,,21,07,142,,0*62
$GLGSV,2,1,08,66,00,156,10,67,16,106,21,68,11,057,20,74,16,210,16,1*7C
$GLGSV,2,2,08,80,46,355,48,82,24,143,33,83,53,207,13,84,24,275,20,1*7D
$GLGSV,2,1,07,67,16,106,15,68,11,057,08,73,58,247,26,80,46,355,43,3*7D
$GLGSV,2,2,07,82,24,143,34,83,53,207,10,84,24,275,10,3*42
$GAGSV,2,1,07,02,33,221,18,10,36,143,37,11,64,156,26,14,21,090,27,1*73
$GAGSV,2,2,07,16,38,043,42,25,89,110,34,36,58,297,18,1*43
$GAGSV,1,1,03,10,36,143,33,16,38,043,50,25,89,110,37,5*4C
$GAGSV,2,1,07,02,33,221,19,10,36,143,31,11,64,156,25,14,21,090,24,7*72
$GAGSV,2,2,07,16,38,043,45,25,89,110,37,36,58,297,17,7*4E
$GAGSV,1,1,02,12,13,138,,34,08,311,,0*71
$GBGSV,3,1,10,12,22,101,28,19,25,072,40,20,15,120,12,22,12,020,16,3*70
$GBGSV,3,2,10,24,25,231,16,26,52,284,15,29,23,119,42,31,36,255,15,3*7F
$GBGSV,3,3,10,35,60,178,25,39,29,000,47,3*7E
$GBGSV,3,1,10,12,22,101,26,19,25,072,43,20,15,120,22,22,12,020,27,5*7A
$GBGSV,3,2,10,24,25,231,28,26,52,284,17,29,23,119,38,31,36,255,17,5*79
$GBGSV,3,3,10,35,60,178,24,39,29,000,46,5*78
$GBGSV,3,1,10,12,22,101,27,19,25,072,40,20,15,120,19,22,12,020,30,8*7B
$GBGSV,3,2,10,24,25,231,27,26,52,284,17,29,23,119,42,31,36,255,22,8*70
$GBGSV,3,3,10,35,60,178,27,39,29,000,47,8*77
$GBGSV,1,1,01,11,03,111,,0*44
$GNGLL,3001.74363,S,05112.75088,W,170657.00,A,A*78
$GNRMC,170658.00,A,3001.74363,S,05112.75088,W,0.031,,090926,,,A,V*12
$GNVTG,,T,,M,0.031,N,0.058,K,A*32
$GNGGA,170658.00,3001.74363,S,05112.75088,W,1,12,0.53,49.4,M,4.8,M,,*42
$GNGSA,M,3,18,23,25,26,28,29,31,05,12,13,,,1.05,0.53,0.91,1*0B
$GNGSA,M,3,84,82,80,,,,,,,,,,1.05,0.53,0.91,2*0A
$GNGSA,M,3,25,36,02,10,11,16,,,,,,,1.05,0.53,0.91,3*03
$GNGSA,M,3,12,19,20,22,24,26,29,31,35,39,,,1.05,0.53,0.91,4*0C
$GPGSV,3,1,09,05,36,125,43,12,19,035,37,13,13,031,22,23,26,356,46,1*62
$GPGSV,3,2,09,25,52,020,50,26,27,226,19,28,22,293,25,29,57,147,39,1*60
$GPGSV,3,3,09,31,21,261,26,1*5D
$GPGSV,3,1,10,05,36,125,39,12,19,035,28,13,13,031,21,18,67,256,22,6*63
$GPGSV,3,2,10,23,26,356,44,25,52,020,45,26,27,226,18,28,22,293,09,6*60
$GPGSV,3,3,10,29,57,147,26,31,21,261,27,6*6C
$GPGSV,2,1,05,18,67,256,20,23,26,356,45,25,52,020,52,26,27,226,21,8*65
$GPGSV,2,2,05,28,22,293,22,8*5A
$GPGSV,1,1,04,15,10,059,,16,00,220,,20,02,086,,21,07,142,,0*62
$GLGSV,2,1,08,66,00,156,10,67,16,106,21,68,11,057,21,74,16,210,16,1*7D
$GLGSV,2,2,08,80,46,355,48,82,24,143,33,83,53,207,11,84,25,273,20,1*78
$GLGSV,2,1,07,67,16,106,15,68,11,057,08,73,58,247,25,80,46,355,44,3*79
$GLGSV,2,2,07,82,24,143,34,83,53,207,07,84,25,273,12,3*41
$GAGSV,2,1,07,02,33,221,17,10,36,143,37,11,64,156,26,14,21,090,27,1*7C
$GAGSV,2,2,07,16,38,043,42,25,89,110,34,36,58,297,18,1*43
$GAGSV,1,1,03,10,36,143,33,16,38,043,50,25,89,110,36,5*4D
$GAGSV,2,1,07,02,33,221,19,10,36,143,30,11,64,156,25,14,21,090,24,7*73
$GAGSV,2,2,07,16,38,043,45,25,89,110,37,36,58,297,16,7*4F
$GAGSV,1,1,02,12,13,138,,34,08,311,,0*71
$GBGSV,3,1,10,12,22,101,28,19,25,072,40,20,15,120,09,22,12,020,17,3*7B
$GBGSV,3,2,10,24,25,231,14,26,52,284,10,29,23,119,42,31,36,255,16,3*7B
$GBGSV,3,3,10,35,60,178,25,39,29,000,47,3*7E
$GBGSV,3,1,10,12,22,101,26,19,25,072,43,20,15,120,23,22,12,020,27,5*7B
$GBGSV,3,2,10,24,25,231,28,26,52,284,17,29,23,119,38,31,36,255,17,5*79
$GBGSV,3,3,10,35,60,178,23,39,29,000,46,5*7F
$GBGSV,3,1,10,12,22,101,27,19,25,072,40,20,15,120,19,22,12,020,30,8*7B
$GBGSV,3,2,10,24,25,231,27,26,52,284,17,29,23,119,42,31,36,255,22,8*70
$GBGSV,3,3,10,35,60,178,27,39,29,000,47,8*77
$GBGSV,1,1,01,11,03,111,,0*44
$GNGLL,3001.74363,S,05112.75088,W,170658.00,A,A*77
$GNRMC,170659.00,A,3001.74363,S,05112.75088,W,0.020,,090926,,,A,V*13
$GNVTG,,T,,M,0.020,N,0.037,K,A*3B
$GNGGA,170659.00,3001.74363,S,05112.75088,W,1,12,0.53,49.4,M,4.8,M,,*43
$GNGSA,M,3,18,23,25,26,28,29,31,05,12,13,,,1.05,0.53,0.91,1*0B
$GNGSA,M,3,84,82,80,,,,,,,,,,1.05,0.53,0.91,2*0A
$GNGSA,M,3,25,36,02,10,11,16,,,,,,,1.05,0.53,0.91,3*03
$GNGSA,M,3,12,19,20,22,24,26,29,31,35,39,,,1.05,0.53,0.91,4*0C
$GPGSV,3,1,09,05,36,125,43,12,19,035,37,13,13,031,23,23,26,356,46,1*63
$GPGSV,3,2,09,25,52,020,50,26,27,226,20,28,22,293,25,29,57,147,39,1*6A
$GPGSV,3,3,09,31,21,261,26,1*5D
$GPGSV,3,1,10,05,36,125,39,12,19,035,28,13,13,031,21,18,67,256,22,6*63
$GPGSV,3,2,10,23,26,356,44,25,52,020,45,26,27,226,18,28,22,293,11,6*69
$GPGSV,3,3,10,29,57,147,26,31,21,261,27,6*6C
$GPGSV,2,1,05,18,67,256,20,23,26,356,45,25,52,020,52,26,27,226,21,8*65
$GPGSV,2,2,05,28,22,293,21,8*59
$GPGSV,1,1,04,15,10,059,,16,00,220,,20,02,086,,21,07,142,,0*62
$GLGSV,2,1,07,67,16,106,21,68,11,057,21,74,16,210,15,80,46,355,48,1*77
$GLGSV,2,2,07,82,24,143,33,83,53,207,14,84,25,273,19,1*4D
$GLGSV,2,1,06,67,16,106,14,73,58,247,25,80,46,355,44,82,24,143,34,3*70
$GLGSV,2,2,06,83,53,207,08,84,25,273,10,3*70
$GLGSV,1,1,01,66,00,156,,0*4A
$GAGSV,2,1,07,02,33,221,17,10,36,143,37,11,64,156,26,14,21,090,27,1*7C
$GAGSV,2,2,07,16,38,043,42,25,89,110,34,36,58,297,17,1*4C
$GAGSV,1,1,03,10,36,143,33,16,38,043,50,25,89,110,36,5*4D
$GAGSV,2,1,07,02,33,221,19,10,36,143,30,11,64,156,25,14,21,090,24,7*73
$GAGSV,2,2,07,16,38,043,45,25,89,110,37,36,58,297,16,7*4F
$GAGSV,1,1,02,12,13,138,,34,08,311,,0*71
$GBGSV,3,1,10,12,22,101,28,19,25,072,40,20,15,120,11,22,12,020,16,3*73
$GBGSV,3,2,10,24,25,231,14,26,52,284,09,29,23,119,42,31,36,255,15,3*70
$GBGSV,3,3,10,35,60,178,25,39,29,000,47,3*7E
$GBGSV,3,1,10,12,22,101,26,19,25,072,43,20,15,120,22,22,12,020,27,5*7A
$GBGSV,3,2,10,24,25,231,28,26,52,284,17,29,23,119,38,31,36,255,17,5*79
$GBGSV,3,3,10,35,60,178,23,39,29,000,46,5*7F
$GBGSV,3,1,10,12,22,101,27,19,25,072,40,20,15,120,19,22,12,020,30,8*7B
$GBGSV,3,2,10,24,25,231,27,26,52,284,16,29,23,119,42,31,36,255,22,8*71
$GBGSV,3,3,10,35,60,178,27,39,29,000,47,8*77
$GBGSV,1,1,01,11,03,111,,0*44
$GNGLL,3001.74363,S,05112.75088,W,170659.00,A,A*76
$GNRMC,170700.00,A,3001.74363,S,05112.75087,W,0.017,,090926,,,A,V*15
$GNVTG,,T,,M,0.017,N,0.031,K,A*39
$GNGGA,170700.00,3001.74363,S,05112.75087,W,1,12,0.52,49.4,M,4.8,M,,*40
$GNGSA,M,3,18,23,25,26,28,29,31,05,12,13,,,1.05,0.52,0.91,1*0A
$GNGSA,M,3,84,83,82,80,,,,,,,,,1.05,0.52,0.91,2*00
$GNGSA,M,3,25,36,02,10,11,16,,,,,,,1.05,0.52,0.91,3*02
$GNGSA,M,3,12,19,20,22,24,26,29,31,35,39,,,1.05,0.52,0.91,4*0D
$GPGSV,3,1,09,05,36,125,43,12,19,035,37,13,13,031,22,23,26,356,46,1*62
$GPGSV,3,2,09,25,52,020,50,26,27,226,21,28,22,293,25,29,57,147,39,1*6B
$GPGSV,3,3,09,31,21,261,26,1*5D
$GPGSV,3,1,10,05,36,125,39,12,19,035,28,13,13,031,21,18,67,256,22,6*63
$GPGSV,3,2,10,23,26,356,44,25,52,020,45,26,27,226,17,28,22,293,09,6*6F
$GPGSV,3,3,10,29,57,147,26,31,21,261,27,6*6C
$GPGSV,2,1,05,18,67,256,20,23,26,356,45,25,52,020,52,26,27,226,21,8*65
$GPGSV,2,2,05,28,22,293,21,8*59
$GPGSV,1,1,04,15,10,059,,16,00,220,,20,02,086,,21,07,142,,0*62
$GLGSV,2,1,07,67,16,106,21,68,11,057,21,74,16,210,13,80,46,355,48,1*71
$GLGSV,2,2,07,82,24,143,33,83,53,207,16,84,25,273,20,1*45
$GLGSV,2,1,06,67,16,106,14,73,58,247,25,80,46,355,43,82,24,143,34,3*77
$GLGSV,2,2,06,83,53,207,12,84,25,273,11,3*7A
$GLGSV,1,1,01,66,00,156,,0*4A
$GAGSV,2,1,07,02,33,221,16,10,36,143,37,11,64,156,26,14,21,090,27,1*7D
$GAGSV,2,2,07,16,38,043,42,25,89,110,34,36,58,297,17,1*4C
$GAGSV,1,1,03,10,36,143,33,16,38,043,50,25,89,110,36,5*4D
$GAGSV,2,1,07,02,33,221,19,10,36,143,30,11,64,156,25,14,21,090,24,7*73
$GAGSV,2,2,07,16,38,043,45,25,89,110,37,36,58,297,16,7*4F
$GAGSV,1,1,02,12,13,138,,34,08,311,,0*71
$GBGSV,3,1,10,12,22,101,28,19,25,072,40,20,15,120,14,22,12,020,17,3*77
$GBGSV,3,2,10,24,25,231,10,26,52,284,11,29,23,119,42,31,36,255,14,3*7C
$GBGSV,3,3,10,35,60,178,25,39,29,000,47,3*7E
$GBGSV,3,1,10,12,22,101,26,19,25,072,43,20,15,120,22,22,12,020,27,5*7A
$GBGSV,3,2,10,24,25,231,28,26,52,284,17,29,23,119,38,31,36,255,17,5*79
$GBGSV,3,3,10,35,60,178,23,39,29,000,46,5*7F
$GBGSV,3,1,10,12,22,101,27,19,25,072,40,20,15,120,19,22,12,020,30,8*7B
$GBGSV,3,2,10,24,25,231,28,26,52,284,16,29,23,119,42,31,36,255,22,8*7E
$GBGSV,3,3,10,35,60,178,27,39,29,000,47,8*77
$GBGSV,1,1,01,11,03,111,,0*44
$GNGLL,3001.74363,S,05112.75087,W,170700.00,A,A*74
$GNRMC,170701.00,A,3001.74363,S,05112.75086,W,0.016,,090926,,,A,V*14
$GNVTG,,T,,M,0.016,N,0.029,K,A*31
$GNGGA,170701.00,3001.74363,S,05112.75086,W,1,12,0.52,49.3,M,4.8,M,,*47
$GNGSA,M,3,18,23,25,26,28,29,31,05,12,13,,,1.05,0.52,0.91,1*0A
$GNGSA,M,3,84,83,82,80,,,,,,,,,1.05,0.52,0.91,2*00
$GNGSA,M,3,25,36,02,10,11,16,,,,,,,1.05,0.52,0.91,3*02
$GNGSA,M,3,12,19,20,22,24,26,29,31,35,39,,,1.05,0.52,0.91,4*0D
$GPGSV,3,1,09,05,36,125,43,12,19,035,37,13,13,031,22,23,26,356,46,1*62
$GPGSV,3,2,09,25,52,020,50,26,27,226,21,28,22,293,24,29,57,147,39,1*6A
$GPGSV,3,3,09,31,21,261,26,1*5D
$GPGSV,3,1,10,05,36,125,39,12,19,035,28,13,13,031,21,18,67,256,22,6*63
$GPGSV,3,2,10,23,26,356,44,25,52,020,45,26,27,226,18,28,22,293,08,6*61
$GPGSV,3,3,10,29,57,147,26,31,21,261,27,6*6C
$GPGSV,2,1,05,18,67,256,20,23,26,356,45,25,52,020,52,26,27,226,21,8*65
$GPGSV,2,2,05,28,22,293,20,8*58
$GPGSV,1,1,04,15,10,059,,16,00,220,,20,02,086,,21,07,142,,0*62
$GLGSV,2,1,07,67,16,106,20,68,11,057,21,74,16,210,12,80,46,355,48,1*71
$GLGSV,2,2,07,82,24,143,34,83,53,207,10,84,25,273,21,1*45
$GLGSV,2,1,06,67,16,106,15,73,58,247,25,80,46,355,43,82,24,143,33,3*71
$GLGSV,2,2,06,83,53,207,15,84,25,273,10,3*7C
$GLGSV,1,1,01,66,00,156,,0*4A
$GAGSV,2,1,07,02,33,221,16,10,36,143,37,11,64,156,26,14,21,090,26,1*7C
$GAGSV,2,2,07,16,38,043,42,25,89,110,34,36,58,297,16,1*4D
$GAGSV,1,1,03,10,36,143,33,16,38,043,50,25,89,110,36,5*4D
$GAGSV,2,1,07,02,33,221,18,10,36,143,30,11,64,156,25,14,21,090,24,7*72
$GAGSV,2,2,07,16,38,043,45,25,89,110,37,36,58,297,17,7*4E
$GAGSV,1,1,02,12,13,138,,34,08,311,,0*71
$GBGSV,3,1,10,12,22,101,28,19,25,072,40,20,15,120,15,22,12,020,18,3*79
$GBGSV,3,2,10,24,25,231,13,26,52,284,06,29,23,119,41,31,36,255,14,3*7A
$GBGSV,3,3,10,35,60,178,25,39,29,000,47,3*7E
$GBGSV,3,1,10,12,22,101,26,19,25,072,43,20,15,120,22,22,12,020,26,5*7B
$GBGSV,3,2,10,24,25,231,28,26,52,284,17,29,23,119,38,31,36,255,17,5*79
$GBGSV,3,3,10,35,60,178,24,39,29,000,46,5*78
$GBGSV,3,1,10,12,22,101,27,19,25,072,40,20,15,120,19,22,12,020,29,8*73
$GBGSV,3,2,10,24,25,231,28,26,52,284,16,29,23,119,42,31,36,255,22,8*7E
$GBGSV,3,3,10,35,60,178,27,39,29,000,47,8*77
$GBGSV,1,1,01,11,03,111,,0*44
$GNGLL,3001.74363,S,05112.75086,W,170701.00,A,A*74
$GNRMC,170702.00,A,3001.74362,S,05112.75086,W,0.014,,090926,,,A,V*14
$GNVTG,,T,,M,0.014,N,0.026,K,A*3C
$GNGGA,170702.00,3001.74362,S,05112.75086,W,1,12,0.52,49.3,M,4.8,M,,*45
$GNGSA,M,3,18,23,25,26,28,29,31,05,12,13,,,1.05,0.52,0.91,1*0A
$GNGSA,M,3,84,83,82,80,,,,,,,,,1.05,0.52,0.91,2*00
$GNGSA,M,3,25,36,02,10,11,16,,,,,,,1.05,0.52,0.91,3*02
$GNGSA,M,3,12,19,20,22,24,26,29,31,35,39,,,1.05,0.52,0.91,4*0D
$GPGSV,3,1,09,05,36,125,43,12,19,035,37,13,13,031,22,23,26,356,46,1*62
$GPGSV,3,2,09,25,52,020,50,26,27,226,22,28,22,293,24,29,57,147,39,1*69
$GPGSV,3,3,09,31,21,261,26,1*5D
$GPGSV,3,1,09,05,36,125,39,12,19,035,28,13,13,031,21,18,67,256,22,6*6B
$GPGSV,3,2,09,23,26,356,44,25,52,020,45,26,27,226,19,29,57,147,26,6*6D
$GPGSV,3,3,09,31,21,261,27,6*5B
$GPGSV,2,1,05,18,67,256,20,23,26,356,45,25,52,020,52,26,27,226,21,8*65
$GPGSV,2,2,05,28,22,293,19,8*52
$GPGSV,1,1,04,15,10,059,,16,00,220,,20,02,086,,21,07,142,,0*62
$GLGSV,2,1,07,67,16,106,19,68,11,057,20,74,16,210,11,80,46,355,48,1*79
$GLGSV,2,2,07,82,24,143,33,83,53,207,14,84,25,273,20,1*47
$GLGSV,2,1,06,67,16,106,16,73,58,247,25,80,46,355,43,82,24,143,34,3*75
$GLGSV,2,2,06,83,53,207,16,84,25,273,11,3*7E
$GLGSV,1,1,01,66,00,156,,0*4A
$GAGSV,2,1,07,02,33,221,17,10,36,143,37,11,64,156,26,14,21,090,27,1*7C
$GAGSV,2,2,07,16,38,043,42,25,89,110,34,36,58,297,16,1*4D
$GAGSV,1,1,03,10,36,143,33,16,38,043,50,25,89,110,36,5*4D
$GAGSV,2,1,07,02,33,221,18,10,36,143,30,11,64,156,25,14,21,090,25,7*73
$GAGSV,2,2,07,16,38,043,45,25,89,110,37,36,58,297,17,7*4E
$GAGSV,1,1,02,12,13,138,,34,08,311,,0*71
$GBGSV,3,1,10,12,22,101,28,19,25,072,40,20,15,120,17,22,12,020,18,3*7B
$GBGSV,3,2,10,24,25,231,13,26,52,284,10,29,23,119,41,31,36,255,15,3*7C
$GBGSV,3,3,10,35,60,178,24,39,29,000,47,3*7F
$GBGSV,3,1,10,12,22,101,25,19,25,072,43,20,15,120,22,22,12,020,27,5*79
$GBGSV,3,2,10,24,25,231,28,26,52,284,16,29,23,119,38,31,36,255,18,5*77
$GBGSV,3,3,10,35,60,178,24,39,29,000,46,5*78
$GBGSV,3,1,10,12,22,101,27,19,25,072,40,20,15,120,19,22,12,020,29,8*73
$GBGSV,3,2,10,24,25,231,27,26,52,284,17,29,23,119,42,31,36,255,22,8*70
$GBGSV,3,3,10,35,60,178,27,39,29,000,47,8*77
$GBGSV,1,1,01,11,03,111,,0*44
$GNGLL,3001.74362,S,05112.75086,W,170702.00,A,A*76
$GNRMC,170703.00,A,3001.74362,S,05112.75085,W,0.016,,090926,,,A,V*14
$GNVTG,,T,,M,0.016,N,0.029,K,A*31
$GNGGA,170703.00,3001.74362,S,05112.75085,W,1,12,0.54,49.3,M,4.8,M,,*41
$GNGSA,M,3,18,23,25,26,28,29,31,05,12,13,,,1.07,0.54,0.92,1*0D
$GNGSA,M,3,84,83,82,80,,,,,,,,,1.07,0.54,0.92,2*07
$GNGSA,M,3,25,36,02,10,11,16,,,,,,,1.07,0.54,0.92,3*05
$GNGSA,M,3,12,19,20,22,24,26,29,31,35,39,,,1.07,0.54,0.92,4*0A
$GPGSV,3,1,09,05,36,125,43,12,19,035,37,13,13,031,21,23,26,356,46,1*61
$GPGSV,3,2,09,25,52,020,50,26,27,226,23,28,22,293,24,29,57,147,39,1*68
$GPGSV,3,3,09,31,21,261,26,1*5D
$GPGSV,3,1,09,05,36,125,39,12,19,035,28,13,13,031,21,18,67,256,22,6*6B
$GPGSV,3,2,09,23,26,356,44,25,52,020,45,26,27,226,19,29,57,147,27,6*6C
$GPGSV,3,3,09,31,21,261,27,6*5B
$GPGSV,2,1,05,18,67,256,20,23,26,356,45,25,52,020,52,26,27,226,21,8*65
$GPGSV,2,2,05,28,22,293,19,8*52
$GPGSV,1,1,04,15,10,059,,16,00,220,,20,02,086,,21,07,142,,0*62
$GLGSV,2,1,08,66,00,156,17,67,16,106,18,68,11,057,20,74,16,210,13,1*74
$GLGSV,2,2,08,80,46,355,48,82,24,143,33,83,53,207,16,84,25,273,19,1*75
$GLGSV,2,1,06,67,16,106,18,73,58,247,26,80,46,355,44,82,24,143,33,3*78
$GLGSV,2,2,06,83,53,207,16,84,25,273,11,3*7E
$GAGSV,2,1,07,02,33,221,17,10,36,143,37,11,64,156,26,14,21,090,26,1*7D
$GAGSV,2,2,07,16,38,043,42,25,89,110,34,36,58,297,17,1*4C
$GAGSV,1,1,03,10,36,143,33,16,38,043,50,25,89,110,36,5*4D
$GAGSV,2,1,07,02,33,221,18,10,36,143,31,11,64,156,25,14,21,090,25,7*72
$GAGSV,2,2,07,16,38,043,45,25,89,110,37,36,58,297,16,7*4F
$GAGSV,1,1,02,12,13,138,,34,08,311,,0*71
$GBGSV,3,1,10,12,22,101,28,19,25,072,40,20,15,120,17,22,12,020,19,3*7A
$GBGSV,3,2,10,24,25,231,13,26,52,284,08,29,23,119,41,31,36,255,15,3*75
$GBGSV,3,3,10,35,60,178,25,39,29,000,47,3*7E
$GBGSV,3,1,10,12,22,101,25,19,25,072,43,20,15,120,21,22,12,020,27,5*7A
$GBGSV,3,2,10,24,25,231,28,26,52,284,16,29,23,119,38,31,36,255,18,5*77
$GBGSV,3,3,10,35,60,178,24,39,29,000,46,5*78
$GBGSV,3,1,10,12,22,101,27,19,25,072,40,20,15,120,19,22,12,020,30,8*7B
$GBGSV,3,2,10,24,25,231,27,26,52,284,17,29,23,119,42,31,36,255,23,8*71
$GBGSV,3,3,10,35,60,178,27,39,29,000,47,8*77
$GBGSV,1,1,01,11,03,111,,0*44
$GNGLL,3001.74362,S,05112.75085,W,170703.00,A,A*74
$GNRMC,170704.00,A,3001.74362,S,05112.75084,W,0.031,,090926,,,A,V*17
$GNVTG,,T,,M,0.031,N,0.057,K,A*3D
$GNGGA,170704.00,3001.74362,S,05112.75084,W,1,12,0.52,49.3,M,4.8,M,,*41
$GNGSA,M,3,18,23,25,26,28,29,31,05,12,13,,,1.05,0.52,0.91,1*0A
$GNGSA,M,3,84,83,82,80,,,,,,,,,1.05,0.52,0.91,2*00
$GNGSA,M,3,25,36,02,10,11,16,,,,,,,1.05,0.52,0.91,3*02
$GNGSA,M,3,12,19,20,22,24,26,29,31,35,39,,,1.05,0.52,0.91,4*0D
$GPGSV,3,1,09,05,36,125,43,12,19,035,37,13,13,031,22,23,26,356,46,1*62
$GPGSV,3,2,09,25,52,020,50,26,27,226,23,28,22,293,25,29,57,147,39,1*69
$GPGSV,3,3,09,31,21,261,26,1*5D
$GPGSV,3,1,09,05,36,125,40,12,19,035,28,13,13,031,21,18,67,256,22,6*65
$GPGSV,3,2,09,23,26,356,44,25,52,020,45,26,27,226,19,29,57,147,27,6*6C
$GPGSV,3,3,09,31,21,261,27,6*5B
$GPGSV,2,1,05,18,67,256,20,23,26,356,45,25,52,020,52,26,27,226,21,8*65
$GPGSV,2,2,05,28,22,293,19,8*52
$GPGSV,1,1,04,15,10,059,,16,00,220,,20,02,086,,21,07,142,,0*62
$GLGSV,2,1,08,66,00,156,13,67,16,106,17,68,11,057,19,74,16,210,15,1*73
$GLGSV,2,2,08,80,46,355,48,82,24,143,34,83,53,207,16,84,25,273,18,1*73
$GLGSV,2,1,07,67,16,106,20,68,11,057,17,73,58,247,26,80,46,355,44,3*72
$GLGSV,2,2,07,82,24,143,33,83,53,207,16,84,25,273,05,3*40
$GAGSV,2,1,07,02,33,221,17,10,36,143,37,11,64,156,26,14,21,090,26,1*7D
$GAGSV,2,2,07,16,38,043,42,25,89,110,34,36,58,297,17,1*4C
$GAGSV,1,1,03,10,36,143,33,16,38,043,50,25,89,110,36,5*4D
$GAGSV,2,1,07,02,33,221,17,10,36,143,31,11,64,156,25,14,21,090,25,7*7D
$GAGSV,2,2,07,16,38,043,45,25,89,110,36,36,58,297,15,7*4D
$GAGSV,1,1,02,12,13,138,,34,08,311,,0*71
$GBGSV,3,1,10,12,22,101,28,19,25,072,40,20,15,120,18,22,12,020,20,3*7F
$GBGSV,3,2,10,24,25,231,15,26,52,284,08,29,23,119,42,31,36,255,15,3*70
$GBGSV,3,3,10,35,60,178,25,39,29,000,47,3*7E
$GBGSV,3,1,10,12,22,101,25,19,25,072,43,20,15,120,21,22,12,020,27,5*7A
$GBGSV,3,2,10,24,25,231,27,26,52,284,17,29,23,119,38,31,36,255,18,5*79
$GBGSV,3,3,10,35,60,178,23,39,29,000,47,5*7E
$GBGSV,3,1,10,12,22,101,27,19,25,072,40,20,15,120,19,22,12,020,30,8*7B
$GBGSV,3,2,10,24,25,231,27,26,52,284,16,29,23,119,42,31,36,255,23,8*70
$GBGSV,3,3,10,35,60,178,27,39,29,000,47,8*77
$GBGSV,1,1,01,11,03,111,,0*44
$GNGLL,3001.74362,S,05112.75084,W,170704.00,A,A*72
$GNRMC,170705.00,A,3001.74361,S,05112.75082,W,0.004,,090926,,,A,V*15
$GNVTG,,T,,M,0.004,N,0.007,K,A*3E
$GNGGA,170705.00,3001.74361,S,05112.75082,W,1,12,0.52,49.3,M,4.8,M,,*45
$GNGSA,M,3,18,23,25,26,28,29,31,05,12,13,,,1.05,0.52,0.91,1*0A
$GNGSA,M,3,84,83,82,80,,,,,,,,,1.05,0.52,0.91,2*00
$GNGSA,M,3,25,36,02,10,11,16,,,,,,,1.05,0.52,0.91,3*02
$GNGSA,M,3,12,19,20,22,24,26,29,31,35,39,,,1.05,0.52,0.91,4*0D
$GPGSV,3,1,09,05,36,125,43,12,19,035,37,13,13,031,22,23,26,356,46,1*62
$GPGSV,3,2,09,25,52,020,50,26,27,226,22,28,22,293,24,29,57,147,39,1*69
$GPGSV,3,3,09,31,21,261,26,1*5D
$GPGSV,3,1,09,05,36,125,40,12,19,035,28,13,13,031,21,18,67,256,23,6*64
$GPGSV,3,2,09,23,26,356,44,25,52,020,45,26,27,226,18,29,57,147,27,6*6D
$GPGSV,3,3,09,31,21,261,27,6*5B
$GPGSV,2,1,05,18,67,256,20,23,26,356,45,25,52,020,52,26,27,226,21,8*65
$GPGSV,2,2,05,28,22,293,19,8*52
$GPGSV,1,1,04,15,10,059,,16,00,220,,20,02,086,,21,07,142,,0*62
$GLGSV,2,1,08,66,00,156,11,67,16,106,16,68,11,057,19,74,16,210,15,1*70
$GLGSV,2,2,08,80,46,355,48,82,24,143,34,83,53,207,17,84,25,273,19,1*73
$GLGSV,2,1,07,67,16,106,21,68,11,057,18,73,58,247,27,80,46,355,43,3*7A
$GLGSV,2,2,07,82,24,143,34,83,53,207,17,84,25,273,06,3*45
$GAGSV,2,1,07,02,33,221,17,10,36,143,37,11,64,156,26,14,21,090,26,1*7D
$GAGSV,2,2,07,16,38,043,42,25,89,110,34,36,58,297,17,1*4C
$GAGSV,1,1,03,10,36,143,33,16,38,043,50,25,89,110,36,5*4D
$GAGSV,2,1,07,02,33,221,17,10,36,143,31,11,64,156,24,14,21,090,25,7*7C
$GAGSV,2,2,07,16,38,043,45,25,89,110,36,36,58,297,15,7*4D
$GAGSV,1,1,02,12,13,138,,34,08,311,,0*71
$GBGSV,3,1,10,12,22,101,27,19,25,072,41,20,15,120,17,22,12,020,21,3*7F
$GBGSV,3,2,10,24,25,231,13,26,52,284,07,29,23,119,42,31,36,255,15,3*79
$GBGSV,3,3,10,35,60,178,24,39,29,000,47,3*7F
$GBGSV,3,1,10,12,22,101,25,19,25,072,43,20,15,120,22,22,12,020,27,5*79
$GBGSV,3,2,10,24,25,231,27,26,52,284,19,29,23,119,38,31,36,255,18,5*77
$GBGSV,3,3,10,35,60,178,23,39,29,000,46,5*7F
$GBGSV,3,1,10,12,22,101,27,19,25,072,40,20,15,120,18,22,12,020,29,8*72
$GBGSV,3,2,10,24,25,231,27,26,52,284,16,29,23,119,42,31,36,255,22,8*71
$GBGSV,3,3,10,35,60,178,27,39,29,000,47,8*77
$GBGSV,1,1,01,11,03,111,,0*44
$GNGLL,3001.74361,S,05112.75082,W,170705.00,A,A*76
$GNRMC,170706.00,A,3001.74360,S,05112.75081,W,0.014,,090926,,,A,V*15
$GNVTG,,T,,M,0.014,N,0.027,K,A*3D
$GNGGA,170706.00,3001.74360,S,05112.75081,W,1,12,0.52,49.3,M,4.8,M,,*44
$GNGSA,M,3,18,23,25,26,28,29,31,05,12,13,,,1.05,0.52,0.91,1*0A
$GNGSA,M,3,84,83,82,80,,,,,,,,,1.05,0.52,0.91,2*00
$GNGSA,M,3,25,36,02,10,11,16,,,,,,,1.05,0.52,0.91,3*02
$GNGSA,M,3,12,19,20,22,24,26,29,31,35,39,,,1.05,0.52,0.91,4*0D
$GPGSV,3,1,09,05,36,125,43,12,19,035,37,13,13,031,22,23,26,356,46,1*62
$GPGSV,3,2,09,25,52,020,50,26,27,226,22,28,22,293,24,29,57,147,38,1*68
$GPGSV,3,3,09,31,21,261,26,1*5D
$GPGSV,3,1,09,05,36,125,40,12,19,035,28,13,13,031,22,18,67,256,22,6*66
$GPGSV,3,2,09,23,26,356,44,25,52,020,45,26,27,226,17,29,57,147,26,6*63
$GPGSV,3,3,09,31,21,261,27,6*5B
$GPGSV,2,1,05,18,67,256,20,23,26,356,45,25,52,020,52,26,27,226,21,8*65
$GPGSV,2,2,05,28,22,293,19,8*52
$GPGSV,1,1,04,15,10,059,,16,00,220,,20,02,086,,21,07,142,,0*62
$GLGSV,2,1,08,66,00,156,10,67,16,106,16,68,11,057,17,74,16,210,12,1*78
$GLGSV,2,2,08,80,46,355,48,82,24,143,34,83,53,207,17,84,25,273,20,1*79
$GLGSV,2,1,07,67,16,106,21,68,11,057,19,73,58,247,27,80,46,355,43,3*7B
$GLGSV,2,2,07,82,24,143,33,83,53,207,16,84,25,273,08,3*4D
$GAGSV,2,1,07,02,33,221,18,10,36,143,37,11,64,156,26,14,21,090,26,1*72
$GAGSV,2,2,07,16,38,043,42,25,89,110,34,36,58,297,17,1*4C
$GAGSV,1,1,03,10,36,143,33,16,38,043,50,25,89,110,36,5*4D
$GAGSV,2,1,07,02,33,221,17,10,36,143,31,11,64,156,24,14,21,090,25,7*7C
$GAGSV,2,2,07,16,38,043,45,25,89,110,36,36,58,297,15,7*4D
$GAGSV,1,1,02,12,13,138,,34,08,311,,0*71
$GBGSV,3,1,10,12,22,101,27,19,25,072,41,20,15,120,18,22,12,020,20,3*71
$GBGSV,3,2,10,24,25,231,14,26,52,284,11,29,23,119,42,31,36,255,15,3*79
$GBGSV,3,3,10,35,60,178,24,39,29,000,47,3*7F
$GBGSV,3,1,10,12,22,101,25,19,25,072,43,20,15,120,22,22,12,020,26,5*78
$GBGSV,3,2,10,24,25,231,27,26,52,284,18,29,23,119,38,31,36,255,18,5*76
$GBGSV,3,3,10,35,60,178,23,39,29,000,47,5*7E
$GBGSV,3,1,10,12,22,101,27,19,25,072,41,20,15,120,17,22,12,020,29,8*7C
$GBGSV,3,2,10,24,25,231,27,26,52,284,16,29,23,119,42,31,36,255,22,8*71
$GBGSV,3,3,10,35,60,178,27,39,29,000,47,8*77
$GBGSV,1,1,01,11,03,111,,0*44
$GNGLL,3001.74360,S,05112.75081,W,170706.00,A,A*77
$GNRMC,170707.00,A,3001.74360,S,05112.75079,W,0.009,,090926,,,A,V*1F
$GNVTG,,T,,M,0.009,N,0.016,K,A*33
$GNGGA,170707.00,3001.74360,S,05112.75079,W,1,12,0.52,49.3,M,4.8,M,,*42
$GNGSA,M,3,18,23,25,26,28,29,31,05,12,13,,,1.05,0.52,0.91,1*0A
$GNGSA,M,3,84,83,82,80,,,,,,,,,1.05,0.52,0.91,2*00
$GNGSA,M,3,25,36,02,10,11,16,,,,,,,1.05,0.52,0.91,3*02
$GNGSA,M,3,12,19,20,22,24,26,29,31,35,39,,,1.05,0.52,0.91,4*0D
$GPGSV,3,1,09,05,36,125,43,12,19,035,37,13,13,031,22,23,26,356,46,1*62
$GPGSV,3,2,09,25,52,020,50,26,27,226,22,28,22,293,23,29,57,147,38,1*6F
$GPGSV,3,3,09,31,21,261,25,1*5E
$GPGSV,3,1,09,05,36,125,40,12,19,035,28,13,13,031,21,18,67,256,23,6*64
$GPGSV,3,2,09,23,26,356,44,25,52,020,45,26,27,226,18,29,57,147,27,6*6D
$GPGSV,3,3,09,31,21,261,27,6*5B
$GPGSV,2,1,05,18,67,256,21,23,26,356,45,25,52,020,52,26,27,226,21,8*64
$GPGSV,2,2,05,28,22,293,18,8*53
$GPGSV,1,1,04,15,10,059,,16,00,220,,20,02,086,,21,07,142,,0*62
$GLGSV,2,1,08,66,00,156,11,67,16,106,14,68,11,057,15,74,16,210,12,1*79
$GLGSV,2,2,08,80,46,355,48,82,24,143,34,83,53,207,18,84,25,273,19,1*7C
$GLGSV,2,1,07,67,16,106,21,68,11,057,19,73,58,247,27,80,46,355,43,3*7B
$GLGSV,2,2,07,82,24,143,33,83,53,207,16,84,25,273,08,3*4D
$GAGSV,2,1,07,02,33,221,17,10,36,143,37,11,64,156,26,14,21,090,26,1*7D
$GAGSV,2,2,07,16,38,043,42,25,89,110,34,36,58,297,16,1*4D
$GAGSV,1,1,03,10,36,143,33,16,38,043,50,25,89,110,36,5*4D
$GAGSV,2,1,07,02,33,221,16,10,36,143,31,11,64,156,24,14,21,090,25,7*7D
$GAGSV,2,2,07,16,38,043,45,25,89,110,36,36,58,297,15,7*4D
$GAGSV,1,1,02,12,13,138,,34,08,311,,0*71
$GBGSV,3,1,10,12,22,101,27,19,25,072,41,20,15,120,18,22,12,021,21,3*71
$GBGSV,3,2,10,24,25,231,13,26,52,284,09,29,23,119,42,31,36,255,13,3*71
$GBGSV,3,3,10,35,60,178,24,39,29,000,47,3*7F
$GBGSV,3,1,10,12,22,101,24,19,25,072,43,20,15,120,22,22,12,021,26,5*78
$GBGSV,3,2,10,24,25,231,27,26,52,284,18,29,23,119,38,31,36,255,17,5*79
$GBGSV,3,3,10,35,60,178,23,39,29,000,46,5*7F
$GBGSV,3,1,10,12,22,101,27,19,25,072,41,20,15,120,18,22,12,021,29,8*72
$GBGSV,3,2,10,24,25,231,27,26,52,284,16,29,23,119,42,31,36,255,22,8*71
$GBGSV,3,3,10,35,60,178,26,39,29,000,47,8*76
$GBGSV,1,1,01,11,03,111,,0*44
$GNGLL,3001.74360,S,05112.75079,W,170707.00,A,A*71
$GNRMC,170708.00,A,3001.74359,S,05112.75078,W,0.018,,090926,,,A,V*1B
$GNVTG,,T,,M,0.018,N,0.033,K,A*34
$GNGGA,170708.00,3001.74359,S,05112.75078,W,1,12,0.52,49.4,M,4.8,M,,*41
$GNGSA,M,3,18,23,25,26,28,29,31,05,12,13,,,1.05,0.52,0.91,1*0A
$GNGSA,M,3,84,83,82,80,,,,,,,,,1.05,0.52,0.91,2*00
$GNGSA,M,3,25,36,02,10,11,16,,,,,,,1.05,0.52,0.91,3*02
$GNGSA,M,3,12,19,20,22,24,26,29,31,35,39,,,1.05,0.52,0.91,4*0D
$GPGSV,3,1,09,05,36,125,43,12,19,035,37,13,13,031,22,23,26,356,46,1*62
$GPGSV,3,2,09,25,52,020,50,26,27,226,22,28,22,293,23,29,57,147,38,1*6F
$GPGSV,3,3,09,31,21,261,26,1*5D
$GPGSV,3,1,09,05,36,125,40,12,19,035,28,13,13,031,21,18,67,256,23,6*64
$GPGSV,3,2,09,23,26,356,44,25,52,020,45,26,27,226,17,29,57,147,27,6*62
$GPGSV,3,3,09,31,21,261,26,6*5A
$GPGSV,2,1,05,18,67,256,21,23,26,356,45,25,52,020,52,26,27,226,20,8*65
$GPGSV,2,2,05,28,22,293,19,8*52
$GPGSV,1,1,04,15,10,059,,16,00,220,,20,02,086,,21,07,142,,0*62
$GLGSV,2,1,08,66,00,156,11,67,16,106,12,68,11,057,13,74,16,210,14,1*7F
$GLGSV,2,2,08,80,46,355,48,82,24,143,34,83,53,207,19,84,25,273,16,1*72
$GLGSV,2,1,07,67,16,106,21,68,11,057,19,73,58,247,27,80,46,355,43,3*7B
$GLGSV,2,2,07,82,24,143,34,83,53,207,15,84,25,273,08,3*49
$GAGSV,2,1,07,02,33,221,16,10,36,143,37,11,64,156,26,14,21,090,26,1*7C
$GAGSV,2,2,07,16,38,043,42,25,89,110,34,36,58,297,17,1*4C
$GAGSV,1,1,03,10,36,143,33,16,38,043,50,25,89,110,36,5*4D
$GAGSV,2,1,07,02,33,221,15,10,36,143,31,11,64,156,24,14,21,090,25,7*7E
$GAGSV,2,2,07,16,38,043,45,25,89,110,36,36,58,297,16,7*4E
$GAGSV,1,1,02,12,13,138,,34,08,311,,0*71
$GBGSV,3,1,10,12,22,101,26,19,25,072,41,20,15,120,20,22,12,021,21,3*7B
$GBGSV,3,2,10,24,25,231,13,26,52,284,09,29,23,119,42,31,36,255,10,3*72
$GBGSV,3,3,10,35,60,178,24,39,29,000,47,3*7F
$GBGSV,3,1,10,12,22,101,25,19,25,072,43,20,15,120,22,22,12,021,26,5*79
$GBGSV,3,2,10,24,25,231,27,26,52,284,18,29,23,119,38,31,36,255,18,5*76
$GBGSV,3,3,10,35,60,178,23,39,29,000,46,5*7F
$GBGSV,3,1,10,12,22,101,27,19,25,072,41,20,15,120,19,22,12,021,29,8*73
$GBGSV,3,2,10,24,25,231,28,26,52,284,16,29,23,119,42,31,36,255,22,8*7E
$GBGSV,3,3,10,35,60,178,26,39,29,000,47,8*76
$GBGSV,1,1,01,11,03,111,,0*44
$GNGLL,3001.74359,S,05112.75078,W,170708.00,A,A*75
$GNRMC,170709.00,A,3001.74359,S,05112.75076,W,0.017,,090926,,,A,V*1B
$GNVTG,,T,,M,0.017,N,0.032,K,A*3A
$GNGGA,170709.00,3001.74359,S,05112.75076,W,1,12,0.54,49.4,M,4.8,M,,*48
$GNGSA,M,3,18,23,25,26,28,29,31,05,12,13,,,1.07,0.54,0.92,1*0D
$GNGSA,M,3,84,83,82,80,,,,,,,,,1.07,0.54,0.92,2*07
$GNGSA,M,3,25,36,02,10,11,16,,,,,,,1.07,0.54,0.92,3*05
$GNGSA,M,3,12,19,20,22,24,26,29,31,35,39,,,1.07,0.54,0.92,4*0A
$GPGSV,3,1,09,05,36,126,43,12,19,035,37,13,13,031,22,23,26,356,46,1*61
$GPGSV,3,2,09,25,52,020,50,26,27,226,22,28,22,293,23,29,57,147,38,1*6F
$GPGSV,3,3,09,31,21,261,26,1*5D
$GPGSV,3,1,09,05,36,126,40,12,19,035,28,13,13,031,21,18,67,256,23,6*67
$GPGSV,3,2,09,23,26,356,44,25,52,020,45,26,27,226,18,29,57,147,27,6*6D
$GPGSV,3,3,09,31,21,261,26,6*5A
$GPGSV,2,1,05,18,67,256,21,23,26,356,45,25,52,020,52,26,27,226,21,8*64
$GPGSV,2,2,05,28,22,293,19,8*52
$GPGSV,1,1,04,15,10,059,,16,00,220,,20,02,086,,21,07,142,,0*62
$GLGSV,2,1,08,66,00,156,13,67,16,106,09,68,11,057,13,74,16,210,14,1*77
$GLGSV,2,2,08,80,46,355,48,82,24,143,34,83,53,207,19,84,25,273,16,1*72
$GLGSV,2,1,07,67,16,106,22,68,11,057,19,73,58,247,27,80,46,355,43,3*78
$GLGSV,2,2,07,82,24,143,34,83,53,207,15,84,25,273,08,3*49
$GAGSV,2,1,07,02,33,221,17,10,36,143,37,11,64,156,26,14,21,090,26,1*7D
$GAGSV,2,2,07,16,38,043,42,25,89,110,34,36,58,297,16,1*4D
$GAGSV,1,1,03,10,36,143,33,16,38,043,50,25,89,110,36,5*4D
$GAGSV,2,1,07,02,33,221,14,10,36,143,31,11,64,156,24,14,21,090,25,7*7F
$GAGSV,2,2,07,16,38,043,45,25,89,110,36,36,58,297,17,7*4F
$GAGSV,1,1,02,12,13,138,,34,08,311,,0*71
$GBGSV,3,1,10,12,22,101,25,19,25,072,41,20,15,120,20,22,12,021,21,3*78
$GBGSV,3,2,10,24,25,231,11,26,52,284,10,29,23,119,42,31,36,255,10,3*78
$GBGSV,3,3,10,35,60,178,24,39,29,000,47,3*7F
$GBGSV,3,1,10,12,22,101,24,19,25,072,43,20,15,120,22,22,12,021,27,5*79
$GBGSV,3,2,10,24,25,231,27,26,52,284,18,29,23,119,38,31,36,255,18,5*76
$GBGSV,3,3,10,35,60,178,23,39,29,000,46,5*7F
$GBGSV,3,1,10,12,22,101,27,19,25,072,41,20,15,120,18,22,12,021,29,8*72
$GBGSV,3,2,10,24,25,231,28,26,52,284,15,29,23,119,42,31,36,255,23,8*7C
$GBGSV,3,3,10,35,60,178,26,39,29,000,47,8*76
$GBGSV,1,1,01,11,03,111,,0*44
$GNGLL,3001.74359,S,05112.75076,W,170709.00,A,A*7A
$GNRMC,170710.00,A,3001.74358,S,05112.75075,W,0.008,,090926,,,A,V*1F
$GNVTG,,T,,M,0.008,N,0.014,K,A*30
$GNGGA,170710.00,3001.74358,S,05112.75075,W,1,12,0.52,49.4,M,4.8,M,,*44
$GNGSA,M,3,18,23,25,26,28,29,31,05,12,13,,,1.05,0.52,0.91,1*0A
$GNGSA,M,3,84,83,82,80,,,,,,,,,1.05,0.52,0.91,2*00
$GNGSA,M,3,25,36,02,10,11,16,,,,,,,1.05,0.52,0.91,3*02
$GNGSA,M,3,12,19,20,22,24,26,29,31,35,39,,,1.05,0.52,0.91,4*0D
$GPGSV,3,1,09,05,36,126,43,12,19,035,37,13,13,031,22,23,26,356,46,1*61
$GPGSV,3,2,09,25,52,020,50,26,27,226,22,28,22,293,23,29,57,147,38,1*6F
$GPGSV,3,3,09,31,21,261,25,1*5E
$GPGSV,3,1,09,05,36,126,40,12,19,035,28,13,13,031,21,18,67,256,22,6*66
$GPGSV,3,2,09,23,26,356,44,25,52,020,45,26,27,226,17,29,57,147,27,6*62
$GPGSV,3,3,09,31,21,261,26,6*5A
$GPGSV,2,1,05,18,67,256,21,23,26,356,45,25,52,020,52,26,27,226,21,8*64
$GPGSV,2,2,05,28,22,293,20,8*58
$GPGSV,1,1,04,15,10,059,,16,00,220,,20,02,086,,21,07,142,,0*62
$GLGSV,3,1,09,66,00,156,11,67,16,106,08,68,11,057,10,73,58,247,18,1*74
$GLGSV,3,2,09,74,16,210,14,80,46,355,48,82,24,143,34,83,53,207,19,1*7A
$GLGSV,3,3,09,84,25,273,16,1*4B
$GLGSV,2,1,07,67,16,106,23,68,11,057,18,73,58,247,28,80,46,355,43,3*77
$GLGSV,2,2,07,82,24,143,33,83,53,207,15,84,25,273,02,3*44
$GAGSV,2,1,07,02,33,221,18,10,36,143,36,11,64,156,26,14,21,090,26,1*73
$GAGSV,2,2,07,16,38,043,42,25,89,110,34,36,58,297,16,1*4D
$GAGSV,1,1,03,10,36,143,33,16,38,043,50,25,89,110,36,5*4D
$GAGSV,2,1,07,02,33,221,13,10,36,143,31,11,64,156,24,14,21,090,25,7*78
$GAGSV,2,2,07,16,38,043,45,25,89,110,36,36,58,297,17,7*4F
$GAGSV,1,1,02,12,13,138,,34,08,311,,0*71
$GBGSV,3,1,10,12,22,101,25,19,25,072,41,20,15,120,20,22,12,021,21,3*78
$GBGSV,3,2,10,24,25,231,07,26,52,284,09,29,23,119,42,31,36,255,09,3*7F
$GBGSV,3,3,10,35,60,178,24,39,29,000,47,3*7F
$GBGSV,3,1,10,12,22,101,24,19,25,072,43,20,15,120,23,22,12,021,26,5*79
$GBGSV,3,2,10,24,25,231,27,26,52,284,18,29,23,119,38,31,36,255,18,5*76
$GBGSV,3,3,10,35,60,178,23,39,29,000,47,5*7E
$GBGSV,3,1,10,12,22,101,27,19,25,072,41,20,15,120,17,22,12,021,29,8*7D
$GBGSV,3,2,10,24,25,231,28,26,52,284,17,29,23,119,42,31,36,255,23,8*7E
$GBGSV,3,3,10,35,60,178,26,39,29,000,47,8*76
$GBGSV,1,1,01,11,03,111,,0*44
$GNGLL,3001.74358,S,05112.75075,W,170710.00,A,A*70
$GNRMC,170711.00,A,3001.74358,S,05112.75075,W,0.003,,090926,,,A,V*15
$GNVTG,,T,,M,0.003,N,0.006,K,A*38
$GNGGA,170711.00,3001.74358,S,05112.75075,W,1,12,0.52,49.4,M,4.8,M,,*45
$GNGSA,M,3,18,23,25,26,28,29,31,05,12,13,,,1.05,0.52,0.91,1*0A
$GNGSA,M,3,84,83,82,80,,,,,,,,,1.05,0.52,0.91,2*00
$GNGSA,M,3,25,36,02,10,11,16,,,,,,,1.05,0.52,0.91,3*02
$GNGSA,M,3,12,19,20,22,24,26,29,31,35,39,,,1.05,0.52,0.91,4*0D
$GPGSV,3,1,09,05,36,126,43,12,19,035,37,13,13,031,22,23,26,356,46,1*61
$GPGSV,3,2,09,25,52,020,50,26,27,226,21,28,22,293,23,29,57,147,39,1*6D
$GPGSV,3,3,09,31,21,261,25,1*5E
$GPGSV,3,1,09,05,36,126,40,12,19,035,28,13,13,031,21,18,67,256,23,6*67
$GPGSV,3,2,09,23,26,356,44,25,52,020,45,26,27,226,18,29,57,147,27,6*6D
$GPGSV,3,3,09,31,21,261,26,6*5A
$GPGSV,2,1,05,18,67,256,21,23,26,356,45,25,52,020,52,26,27,226,21,8*64
$GPGSV,2,2,05,28,22,293,21,8*59
$GPGSV,1,1,04,15,10,059,,16,00,220,,20,02,086,,21,07,142,,0*62
$GLGSV,2,1,08,66,00,156,10,67,16,106,08,73,58,247,18,74,16,210,15,1*7B
$GLGSV,2,2,08,80,46,355,48,82,24,143,34,83,53,207,19,84,25,273,16,1*72
$GLGSV,2,1,07,67,16,106,23,68,11,057,18,73,58,247,28,80,46,355,43,3*77
$GLGSV,2,2,07,82,24,143,33,83,53,207,14,84,25,273,06,3*41
$GAGSV,2,1,07,02,33,221,17,10,36,143,36,11,64,156,26,14,21,090,26,1*7C
$GAGSV,2,2,07,16,38,043,42,25,89,110,34,36,58,297,15,1*4E
$GAGSV,1,1,03,10,36,143,33,16,38,043,50,25,89,110,36,5*4D
$GAGSV,2,1,07,02,33,221,12,10,36,143,31,11,64,156,24,14,21,090,25,7*79
$GAGSV,2,2,07,16,38,043,45,25,89,110,36,36,58,297,16,7*4E
$GAGSV,1,1,02,12,13,138,,34,08,311,,0*71
$GBGSV,3,1,10,12,22,101,24,19,25,072,41,20,15,120,21,22,12,021,21,3*78
$GBGSV,3,2,10,24,25,231,08,26,52,284,11,29,23,119,41,31,36,255,11,3*73
$GBGSV,3,3,10,35,60,178,24,39,29,000,47,3*7F
$GBGSV,3,1,10,12,22,101,23,19,25,072,43,20,15,120,22,22,12,021,26,5*7F
$GBGSV,3,2,10,24,25,231,27,26,52,284,18,29,23,119,38,31,36,255,17,5*79
$GBGSV,3,3,10,35,60,178,23,39,29,000,46,5*7F
$GBGSV,3,1,10,12,22,101,27,19,25,072,41,20,15,120,17,22,12,021,29,8*7D
$GBGSV,3,2,10,24,25,231,28,26,52,284,17,29,23,119,42,31,36,255,23,8*7E
$GBGSV,3,3,10,35,60,178,26,39,29,000,47,8*76
$GBGSV,1,1,01,11,03,111,,0*44
$GNGLL,3001.74358,S,05112.75075,W,170711.00,A,A*71
$GNRMC,170712.00,A,3001.74358,S,05112.75074,W,0.022,,090926,,,A,V*14
$GNVTG,,T,,M,0.022,N,0.040,K,A*39
$GNGGA,170712.00,3001.74358,S,05112.75074,W,1,12,0.54,49.4,M,4.8,M,,*41
$GNGSA,M,3,18,23,25,26,28,29,31,05,12,13,,,1.07,0.54,0.92,1*0D
$GNGSA,M,3,84,83,82,80,,,,,,,,,1.07,0.54,0.92,2*07
$GNGSA,M,3,25,36,02,10,11,16,,,,,,,1.07,0.54,0.92,3*05
$GNGSA,M,3,12,19,20,22,24,26,29,31,35,39,,,1.07,0.54,0.92,4*0A
$GPGSV,3,1,09,05,36,126,43,12,19,035,37,13,13,031,23,23,26,356,46,1*60
$GPGSV,3,2,09,25,52,020,50,26,27,226,21,28,22,293,23,29,57,147,39,1*6D
$GPGSV,3,3,09,31,21,261,25,1*5E
$GPGSV,1,1,01,28,22,293,15,5*57
$GPGSV,3,1,09,05,36,126,40,12,19,035,28,13,13,031,21,18,67,256,23,6*67
$GPGSV,3,2,09,23,26,356,44,25,52,020,45,26,27,226,16,29,57,147,27,6*63
$GPGSV,3,3,09,31,21,261,26,6*5A
$GPGSV,2,1,05,18,67,256,21,23,26,356,45,25,52,020,52,26,27,226,21,8*64
$GPGSV,2,2,05,28,22,293,21,8*59
$GPGSV,1,1,04,15,10,059,,16,00,220,,20,02,086,,21,07,142,,0*62
$GLGSV,2,1,08,66,00,156,13,67,16,106,08,73,58,247,19,74,16,210,14,1*78
$GLGSV,2,2,08,80,46,355,48,82,24,143,34,83,53,207,18,84,25,273,16,1*73
$GLGSV,2,1,07,67,16,106,22,68,11,057,17,73,58,247,29,80,46,355,43,3*78
$GLGSV,2,2,07,82,24,143,33,83,53,207,15,84,25,273,08,3*4E
$GAGSV,2,1,07,02,33,221,17,10,36,143,36,11,64,156,26,14,21,090,26,1*7C
$GAGSV,2,2,07,16,38,043,42,25,89,110,34,36,58,297,15,1*4E
$GAGSV,1,1,03,10,36,143,33,16,38,043,50,25,89,110,36,5*4D
$GAGSV,2,1,07,02,33,221,11,10,36,143,31,11,64,156,24,14,21,090,24,7*7B
$GAGSV,2,2,07,16,38,043,45,25,89,110,36,36,58,297,15,7*4D
$GAGSV,1,1,02,12,13,138,,34,08,311,,0*71
$GBGSV,3,1,10,12,22,101,22,19,25,072,41,20,15,120,21,22,12,021,21,3*7E
$GBGSV,3,2,10,24,25,231,10,26,52,284,08,29,23,119,41,31,36,255,12,3*71
$GBGSV,3,3,10,35,60,178,24,39,29,000,47,3*7F
$GBGSV,3,1,10,12,22,101,23,19,25,072,43,20,15,120,22,22,12,021,26,5*7F
$GBGSV,3,2,10,24,25,231,27,26,52,284,20,29,23,119,38,31,36,255,17,5*72
$GBGSV,3,3,10,35,60,178,23,39,29,000,46,5*7F
$GBGSV,3,1,10,12,22,101,27,19,25,072,41,20,15,120,18,22,12,021,28,8*73
$GBGSV,3,2,10,24,25,231,28,26,52,284,17,29,23,119,42,31,36,255,23,8*7E
$GBGSV,3,3,10,35,60,178,26,39,29,000,47,8*76
$GBGSV,1,1,01,11,03,111,,0*44
$GNGLL,3001.74358,S,05112.75074,W,170712.00,A,A*73
$GNRMC,170713.00,A,3001.74358,S,05112.75074,W,0.011,,090926,,,A,V*15
$GNVTG,,T,,M,0.011,N,0.020,K,A*3F
$GNGGA,170713.00,3001.74358,S,05112.75074,W,1,12,0.55,49.4,M,4.8,M,,*41
$GNGSA,M,3,18,23,25,26,28,29,31,05,12,13,,,1.08,0.55,0.93,1*02
$GNGSA,M,3,83,82,80,,,,,,,,,,1.08,0.55,0.93,2*04
$GNGSA,M,3,25,36,02,10,11,16,,,,,,,1.08,0.55,0.93,3*0A
$GNGSA,M,3,12,19,20,22,24,26,29,31,35,39,,,1.08,0.55,0.93,4*05
$GPGSV,3,1,09,05,36,126,43,12,19,035,37,13,13,031,23,23,26,356,46,1*60
$GPGSV,3,2,09,25,52,020,50,26,27,226,20,28,22,293,23,29,57,147,39,1*6C
$GPGSV,3,3,09,31,21,261,24,1*5F
$GPGSV,3,1,10,05,36,126,40,12,19,035,28,13,13,031,20,18,67,256,23,6*6E
$GPGSV,3,2,10,23,26,356,44,25,52,020,45,26,27,226,17,28,22,293,15,6*62
$GPGSV,3,3,10,29,57,147,27,31,21,261,26,6*6C
$GPGSV,2,1,05,18,67,256,20,23,26,356,45,25,52,020,52,26,27,226,21,8*65
$GPGSV,2,2,05,28,22,293,22,8*5A
$GPGSV,1,1,04,15,10,059,,16,00,220,,20,02,086,,21,07,142,,0*62
$GLGSV,2,1,08,66,00,156,12,67,16,106,08,73,58,247,19,74,16,210,13,1*7E
$GLGSV,2,2,08,80,46,355,48,82,24,143,34,83,53,207,18,84,25,273,14,1*71
$GLGSV,2,1,07,67,16,106,22,68,11,057,17,73,58,247,29,80,46,355,43,3*78
$GLGSV,2,2,07,82,24,143,33,83,53,207,15,84,25,273,09,3*4F
$GAGSV,2,1,07,02,33,221,17,10,36,143,36,11,64,156,26,14,21,090,26,1*7C
$GAGSV,2,2,07,16,38,043,42,25,89,110,34,36,58,297,16,1*4D
$GAGSV,1,1,03,10,36,143,33,16,38,043,50,25,89,110,36,5*4D
$GAGSV,2,1,07,02,33,221,13,10,36,143,31,11,64,156,24,14,21,090,24,7*79
$GAGSV,2,2,07,16,38,043,45,25,89,110,36,36,58,297,15,7*4D
$GAGSV,1,1,02,12,13,138,,34,08,311,,0*71
$GBGSV,3,1,10,12,22,101,21,19,25,072,41,20,15,120,20,22,12,021,20,3*7D
$GBGSV,3,2,10,24,25,231,10,26,52,284,10,29,23,119,41,31,36,255,12,3*78
$GBGSV,3,3,10,35,60,178,24,39,29,000,47,3*7F
$GBGSV,3,1,10,12,22,101,23,19,25,072,43,20,15,120,22,22,12,021,26,5*7F
$GBGSV,3,2,10,24,25,231,27,26,52,284,20,29,23,119,38,31,36,255,17,5*72
$GBGSV,3,3,10,35,60,178,23,39,29,000,47,5*7E
$GBGSV,3,1,10,12,22,101,27,19,25,072,41,20,15,120,18,22,12,021,28,8*73
$GBGSV,3,2,10,24,25,231,28,26,52,284,16,29,23,119,42,31,36,255,23,8*7F
$GBGSV,3,3,10,35,60,178,25,39,29,000,47,8*75
$GBGSV,1,1,01,11,03,111,,0*44
$GNGLL,3001.74358,S,05112.75074,W,170713.00,A,A*72
$GNRMC,170714.00,A,3001.74358,S,05112.75074,W,0.021,,090926,,,A,V*11
$GNVTG,,T,,M,0.021,N,0.038,K,A*35
$GNGGA,170714.00,3001.74358,S,05112.75074,W,1,12,0.55,49.4,M,4.8,M,,*46
$GNGSA,M,3,18,23,25,26,28,29,31,05,12,13,,,1.08,0.55,0.93,1*02
$GNGSA,M,3,83,82,80,,,,,,,,,,1.08,0.55,0.93,2*04
$GNGSA,M,3,25,36,02,10,11,16,,,,,,,1.08,0.55,0.93,3*0A
$GNGSA,M,3,12,19,20,22,24,26,29,31,35,39,,,1.08,0.55,0.93,4*05
$GPGSV,3,1,10,05,36,126,43,10,00,342,30,12,19,035,37,13,13,031,22,1*69
$GPGSV,3,2,10,23,26,356,46,25,52,020,50,26,27,226,19,28,22,293,23,1*68
$GPGSV,3,3,10,29,57,147,39,31,21,261,24,1*66
$GPGSV,3,1,11,05,36,126,40,10,00,342,34,12,19,035,28,13,13,031,19,6*6E
$GPGSV,3,2,11,18,67,256,23,23,26,356,44,25,52,020,45,26,27,226,16,6*6C
$GPGSV,3,3,11,28,22,293,14,29,57,147,27,31,21,261,26,6*5A
$GPGSV,2,1,06,10,00,342,33,18,67,256,20,23,26,356,45,25,52,020,52,8*66
$GPGSV,2,2,06,26,27,226,22,28,22,293,22,8*6E
$GPGSV,1,1,04,15,10,059,,16,00,220,,20,02,086,,21,07,142,,0*62
$GLGSV,2,1,07,66,00,156,10,73,58,247,19,74,16,210,11,80,46,355,48,1*7D
$GLGSV,2,2,07,82,24,143,34,83,53,207,18,84,25,273,13,1*4C
$GLGSV,2,1,07,67,16,106,23,68,11,057,16,73,58,247,30,80,46,355,43,3*70
$GLGSV,2,2,07,82,24,143,33,83,53,207,16,84,25,273,10,3*44
$GAGSV,2,1,07,02,33,221,17,10,36,143,36,11,64,156,26,14,21,090,26,1*7C
$GAGSV,2,2,07,16,38,043,42,25,89,110,34,36,58,297,17,1*4C
$GAGSV,1,1,03,10,36,143,33,16,38,043,50,25,89,110,36,5*4D
$GAGSV,2,1,07,02,33,221,14,10,36,143,31,11,64,156,25,14,21,090,24,7*7F
$GAGSV,2,2,07,16,38,043,45,25,89,110,36,36,58,297,14,7*4C
$GAGSV,1,1,02,12,13,138,,34,08,311,,0*71
$GBGSV,3,1,10,12,22,101,20,19,25,072,41,20,15,120,21,22,12,021,20,3*7D
$GBGSV,3,2,10,24,25,231,11,26,52,284,08,29,23,119,41,31,36,255,12,3*70
$GBGSV,3,3,10,35,60,178,24,39,29,000,47,3*7F
$GBGSV,3,1,10,12,22,101,22,19,25,072,43,20,15,120,22,22,12,021,26,5*7E
$GBGSV,3,2,10,24,25,231,27,26,52,284,19,29,23,119,38,31,36,255,17,5*78
$GBGSV,3,3,10,35,60,178,23,39,29,000,46,5*7F
$GBGSV,3,1,10,12,22,101,28,19,25,072,41,20,15,120,19,22,12,021,28,8*7D
$GBGSV,3,2,10,24,25,231,28,26,52,284,15,29,23,119,42,31,36,255,23,8*7C
$GBGSV,3,3,10,35,60,178,25,39,29,000,47,8*75
$GBGSV,1,1,01,11,03,111,,0*44
$GNGLL,3001.74358,S,05112.75074,W,170714.00,A,A*75
$GNRMC,170715.00,A,3001.74358,S,05112.75073,W,0.006,,090926,,,A,V*12
$GNVTG,,T,,M,0.006,N,0.011,K,A*3B
$GNGGA,170715.00,3001.74358,S,05112.75073,W,1,12,0.55,49.3,M,4.8,M,,*47
$GNGSA,M,3,18,23,25,26,28,29,31,05,12,13,,,1.08,0.55,0.93,1*02
$GNGSA,M,3,83,82,80,,,,,,,,,,1.08,0.55,0.93,2*04
$GNGSA,M,3,25,36,02,10,11,16,,,,,,,1.08,0.55,0.93,3*0A
$GNGSA,M,3,12,19,20,22,24,26,29,31,35,39,,,1.08,0.55,0.93,4*05
$GPGSV,3,1,11,05,36,126,43,10,00,342,30,12,19,035,37,13,13,031,23,1*69
$GPGSV,3,2,11,18,67,256,20,23,26,356,46,25,52,020,50,26,27,226,19,1*61
$GPGSV,3,3,11,28,22,293,23,29,57,147,39,31,21,261,23,1*53
$GPGSV,3,1,11,05,36,126,40,10,00,342,34,12,19,035,28,13,13,031,20,6*64
$GPGSV,3,2,11,18,67,256,23,23,26,356,44,25,52,020,45,26,27,226,16,6*6C
$GPGSV,3,3,11,28,22,293,15,29,57,147,27,31,21,261,26,6*5B
$GPGSV,2,1,06,10,00,342,34,18,67,256,20,23,26,356,45,25,52,020,52,8*61
$GPGSV,2,2,06,26,27,226,22,28,22,293,23,8*6F
$GPGSV,1,1,04,15,10,059,,16,00,220,,20,02,086,,21,07,142,,0*62
$GLGSV,2,1,07,66,00,156,14,73,58,247,19,74,16,210,10,80,46,355,48,1*78
$GLGSV,2,2,07,82,24,143,34,83,53,207,18,84,25,273,13,1*4C
$GLGSV,2,1,07,67,16,106,22,68,11,057,15,73,58,247,30,80,46,355,43,3*72
$GLGSV,2,2,07,82,24,143,33,83,53,207,18,84,25,273,10,3*4A
$GAGSV,2,1,07,02,33,221,17,10,36,143,36,11,64,156,25,14,21,090,26,1*7F
$GAGSV,2,2,07,16,38,043,42,25,89,110,34,36,58,297,17,1*4C
$GAGSV,1,1,03,10,36,143,33,16,38,043,50,25,89,110,36,5*4D
$GAGSV,2,1,07,02,33,221,13,10,36,143,31,11,64,156,24,14,21,090,24,7*79
$GAGSV,2,2,07,16,38,043,45,25,89,110,36,36,58,297,15,7*4D
$GAGSV,1,1,02,12,13,138,,34,08,311,,0*71
$GBGSV,3,1,10,12,22,101,19,19,25,072,41,20,15,120,21,22,12,021,20,3*77
$GBGSV,3,2,10,24,25,231,10,26,52,284,10,29,23,119,41,31,36,255,07,3*7C
$GBGSV,3,3,10,35,60,178,25,39,29,000,47,3*7E
$GBGSV,3,1,10,12,22,101,22,19,25,072,43,20,15,120,22,22,12,021,26,5*7E
$GBGSV,3,2,10,24,25,231,27,26,52,284,19,29,23,119,38,31,36,255,17,5*78
$GBGSV,3,3,10,35,60,178,23,39,29,000,47,5*7E
$GBGSV,3,1,10,12,22,101,28,19,25,072,41,20,15,120,18,22,12,021,28,8*7C
$GBGSV,3,2,10,24,25,231,27,26,52,284,15,29,23,119,42,31,36,255,23,8*73
$GBGSV,3,3,10,35,60,178,25,39,29,000,47,8*75
$GBGSV,1,1,01,11,03,111,,0*44
$GNGLL,3001.74358,S,05112.75073,W,170715.00,A,A*73
$GNRMC,170716.00,A,3001.74359,S,05112.75074,W,0.028,,090926,,,A,V*1B
$GNVTG,,T,,M,0.028,N,0.051,K,A*33
$GNGGA,170716.00,3001.74359,S,05112.75074,W,1,12,0.55,49.3,M,4.8,M,,*42
$GNGSA,M,3,18,23,25,26,28,29,31,05,12,13,,,1.08,0.55,0.93,1*02
$GNGSA,M,3,83,82,80,,,,,,,,,,1.08,0.55,0.93,2*04
$GNGSA,M,3,25,36,02,10,11,16,,,,,,,1.08,0.55,0.93,3*0A
$GNGSA,M,3,12,19,20,22,24,26,29,31,35,39,,,1.08,0.55,0.93,4*05
$GPGSV,3,1,11,05,36,126,43,10,00,342,29,12,19,035,37,13,13,031,23,1*61
$GPGSV,3,2,11,18,67,256,20,23,26,356,46,25,52,020,50,26,27,226,19,1*61
$GPGSV,3,3,11,28,22,293,23,29,57,147,39,31,21,261,23,1*53
$GPGSV,3,1,11,05,36,126,40,10,00,342,34,12,19,035,28,13,13,031,20,6*64
$GPGSV,3,2,11,18,67,256,23,23,26,356,44,25,52,020,45,26,27,226,15,6*6F
$GPGSV,3,3,11,28,22,293,17,29,57,147,27,31,21,261,26,6*59
$GPGSV,2,1,06,10,00,342,35,18,67,256,21,23,26,356,45,25,52,020,52,8*61
$GPGSV,2,2,06,26,27,226,22,28,22,293,24,8*68
$GPGSV,1,1,04,15,10,059,,16,00,220,,20,02,086,,21,07,142,,0*62
$GLGSV,2,1,07,66,00,156,13,73,58,247,19,74,16,210,08,80,46,355,48,1*76
$GLGSV,2,2,07,82,24,143,34,83,53,207,17,84,25,273,13,1*43
$GLGSV,2,1,07,67,16,106,22,68,11,057,15,73,58,247,31,80,46,355,43,3*73
$GLGSV,2,2,07,82,24,143,33,83,53,207,18,84,25,273,10,3*4A
$GAGSV,2,1,07,02,33,221,17,10,36,143,36,11,64,156,26,14,21,090,25,1*7F
$GAGSV,2,2,07,16,38,043,42,25,89,110,34,36,58,297,16,1*4D
$GAGSV,1,1,03,10,36,143,33,16,38,043,50,25,89,110,36,5*4D
$GAGSV,2,1,07,02,33,221,12,10,36,143,31,11,64,156,24,14,21,090,25,7*79
$GAGSV,2,2,07,16,38,043,45,25,89,110,36,36,58,297,15,7*4D
$GAGSV,1,1,02,12,13,138,,34,08,311,,0*71
$GBGSV,3,1,10,12,22,101,16,19,25,072,41,20,15,120,22,22,12,021,21,3*7A
$GBGSV,3,2,10,24,25,231,08,26,52,284,10,29,23,119,41,31,36,255,10,3*73
$GBGSV,3,3,10,35,60,178,24,39,29,000,47,3*7F
$GBGSV,3,1,10,12,22,101,21,19,25,072,43,20,15,120,23,22,12,021,26,5*7C
$GBGSV,3,2,10,24,25,231,26,26,52,284,18,29,23,119,38,31,36,255,17,5*78
$GBGSV,3,3,10,35,60,178,23,39,29,000,47,5*7E
$GBGSV,3,1,10,12,22,101,28,19,25,072,41,20,15,120,18,22,12,021,28,8*7C
$GBGSV,3,2,10,24,25,231,28,26,52,284,15,29,23,119,42,31,36,255,23,8*7C
$GBGSV,3,3,10,35,60,178,25,39,29,000,47,8*75
$GBGSV,1,1,01,11,03,111,,0*44
$GNGLL,3001.74359,S,05112.75074,W,170716.00,A,A*76
$GNRMC,170717.00,A,3001.74359,S,05112.75073,W,0.010,,090926,,,A,V*16
$GNVTG,,T,,M,0.010,N,0.019,K,A*34
$GNGGA,170717.00,3001.74359,S,05112.75073,W,1,12,0.55,49.3,M,4.8,M,,*44
$GNGSA,M,3,18,23,25,26,28,29,31,05,12,13,,,1.08,0.55,0.93,1*02
$GNGSA,M,3,83,82,80,,,,,,,,,,1.08,0.55,0.93,2*04
$GNGSA,M,3,25,36,02,10,11,16,,,,,,,1.08,0.55,0.93,3*0A
$GNGSA,M,3,12,19,20,22,24,26,29,31,35,39,,,1.08,0.55,0.93,4*05
$GPGSV,3,1,11,05,36,126,43,10,00,342,28,12,19,035,37,13,12,031,23,1*61
$GPGSV,3,2,11,18,67,256,19,23,26,356,46,25,52,020,50,26,27,226,19,1*6B
$GPGSV,3,3,11,28,22,293,23,29,57,147,39,31,21,261,21,1*51
$GPGSV,3,1,11,05,36,126,40,10,00,342,35,12,19,035,28,13,12,031,20,6*64
$GPGSV,3,2,11,18,67,256,23,23,26,356,44,25,52,020,45,26,27,226,15,6*6F
$GPGSV,3,3,11,28,22,293,18,29,57,147,27,31,21,261,26,6*56
$GPGSV,2,1,06,10,00,342,35,18,67,256,20,23,26,356,45,25,52,020,52,8*60
$GPGSV,2,2,06,26,27,226,22,28,22,293,25,8*69
$GPGSV,1,1,04,15,10,059,,16,00,220,,20,02,086,,21,07,142,,0*62
$GLGSV,2,1,06,73,58,247,18,74,16,210,08,80,46,355,48,82,24,143,35,1*7A
$GLGSV,2,2,06,83,53,207,18,84,25,273,11,1*72
$GLGSV,2,1,07,67,16,106,21,68,11,057,13,73,58,247,31,80,46,355,43,3*76
$GLGSV,2,2,07,82,24,143,33,83,53,207,18,84,25,273,08,3*43
$GLGSV,1,1,01,66,00,156,,0*4A
$GAGSV,2,1,07,02,33,221,16,10,36,143,36,11,64,156,25,14,21,090,25,1*7D
$GAGSV,2,2,07,16,38,043,42,25,89,110,34,36,58,297,15,1*4E
$GAGSV,1,1,03,10,36,143,33,16,38,043,50,25,89,110,36,5*4D
$GAGSV,2,1,07,02,33,221,12,10,36,143,31,11,64,156,24,14,21,090,25,7*79
$GAGSV,2,2,07,16,38,043,45,25,89,110,36,36,58,297,16,7*4E
$GAGSV,1,1,02,12,13,138,,34,08,311,,0*71
$GBGSV,3,1,10,12,22,101,13,19,25,072,41,20,15,120,22,22,12,021,21,3*7F
$GBGSV,3,2,10,24,25,231,08,26,52,284,06,29,23,119,41,31,36,255,13,3*77
$GBGSV,3,3,10,35,60,178,24,39,29,000,47,3*7F
$GBGSV,3,1,10,12,22,101,20,19,25,072,43,20,15,120,22,22,12,021,26,5*7C
$GBGSV,3,2,10,24,25,231,26,26,52,284,19,29,23,119,38,31,36,255,17,5*79
$GBGSV,3,3,10,35,60,178,23,39,29,000,47,5*7E
$GBGSV,3,1,10,12,22,101,28,19,25,072,41,20,15,120,18,22,12,021,28,8*7C
$GBGSV,3,2,10,24,25,231,28,26,52,284,15,29,23,119,42,31,36,255,23,8*7C
$GBGSV,3,3,10,35,60,178,24,39,29,000,47,8*74
$GBGSV,1,1,01,11,03,111,,0*44
$GNGLL,3001.74359,S,05112.75073,W,170717.00,A,A*70
$GNRMC,170718.00,A,3001.74358,S,05112.75072,W,0.005,,090926,,,A,V*1D
$GNVTG,,T,,M,0.005,N,0.009,K,A*31
$GNGGA,170718.00,3001.74358,S,05112.75072,W,1,12,0.55,49.3,M,4.8,M,,*4B
$GNGSA,M,3,18,23,25,26,28,29,31,05,12,13,,,1.08,0.55,0.93,1*02
$GNGSA,M,3,83,82,80,,,,,,,,,,1.08,0.55,0.93,2*04
$GNGSA,M,3,25,36,02,10,11,16,,,,,,,1.08,0.55,0.93,3*0A
$GNGSA,M,3,12,19,20,22,24,26,29,31,35,39,,,1.08,0.55,0.93,4*05
$GPGSV,3,1,11,05,36,126,43,10,00,342,27,12,19,035,37,13,12,031,23,1*6E
$GPGSV,3,2,11,18,67,256,19,23,26,356,46,25,52,020,50,26,27,226,19,1*6B
$GPGSV,3,3,11,28,22,293,23,29,57,147,39,31,21,261,21,1*51
$GPGSV,3,1,11,05,36,126,40,10,00,342,35,12,19,035,28,13,12,031,20,6*64
$GPGSV,3,2,11,18,67,256,24,23,26,356,44,25,52,020,45,26,27,226,15,6*68
$GPGSV,3,3,11,28,22,293,19,29,57,147,27,31,21,261,26,6*57
$GPGSV,2,1,06,10,00,342,35,18,67,256,20,23,26,356,45,25,52,020,52,8*60
$GPGSV,2,2,06,26,27,226,22,28,22,293,25,8*69
$GPGSV,1,1,04,15,10,059,,16,00,220,,20,02,086,,21,07,142,,0*62
$GLGSV,2,1,07,68,11,057,19,73,58,247,18,74,16,210,08,80,46,355,48,1*73
$GLGSV,2,2,07,82,24,143,35,83,53,207,17,84,25,273,09,1*49
$GLGSV,2,1,07,67,16,106,21,68,11,057,14,73,58,247,31,80,46,355,43,3*71
$GLGSV,2,2,07,82,24,143,33,83,53,207,20,84,25,273,11,3*40
$GLGSV,1,1,01,66,00,156,,0*4A
$GAGSV,2,1,07,02,33,221,16,10,36,143,37,11,64,156,26,14,21,090,25,1*7F
$GAGSV,2,2,07,16,38,043,42,25,89,110,34,36,58,297,15,1*4E
$GAGSV,1,1,03,10,36,143,33,16,38,043,50,25,89,110,36,5*4D
$GAGSV,2,1,07,02,33,221,11,10,36,143,31,11,64,156,24,14,21,090,25,7*7A
$GAGSV,2,2,07,16,38,043,45,25,89,110,36,36,58,297,17,7*4F
$GAGSV,1,1,02,12,13,138,,34,08,311,,0*71
$GBGSV,3,1,10,12,22,101,11,19,25,072,41,20,15,120,22,22,12,021,21,3*7D
$GBGSV,3,2,10,24,25,231,10,26,52,284,10,29,23,119,41,31,36,255,14,3*7E
$GBGSV,3,3,10,35,60,178,23,39,29,000,47,3*78
$GBGSV,3,1,10,12,22,101,20,19,25,072,43,20,15,120,22,22,12,021,26,5*7C
$GBGSV,3,2,10,24,25,231,27,26,52,284,19,29,23,119,38,31,36,255,17,5*78
$GBGSV,3,3,10,35,60,178,23,39,29,000,47,5*7E
$GBGSV,3,1,10,12,22,101,28,19,25,072,41,20,15,120,18,22,12,021,28,8*7C
$GBGSV,3,2,10,24,25,231,27,26,52,284,15,29,23,119,42,31,36,255,23,8*73
$GBGSV,3,3,10,35,60,178,24,39,29,000,47,8*74
$GBGSV,1,1,01,11,03,111,,0*44
$GNGLL,3001.74358,S,05112.75072,W,170718.00,A,A*7F
$GNRMC,170719.00,A,3001.74358,S,05112.75072,W,0.023,,090926,,,A,V*18
$GNVTG,,T,,M,0.023,N,0.043,K,A*3B
$GNGGA,170719.00,3001.74358,S,05112.75072,W,1,12,0.55,49.3,M,4.8,M,,*4A
$GNGSA,M,3,18,23,25,26,28,29,31,05,12,13,,,1.08,0.55,0.93,1*02
$GNGSA,M,3,83,82,80,,,,,,,,,,1.08,0.55,0.93,2*04
$GNGSA,M,3,25,36,02,10,11,16,,,,,,,1.08,0.55,0.93,3*0A
$GNGSA,M,3,12,19,20,22,24,26,29,31,35,39,,,1.08,0.55,0.93,4*05
$GPGSV,3,1,11,05,36,126,43,10,00,342,27,12,19,035,37,13,12,031,23,1*6E
$GPGSV,3,2,11,18,67,256,19,23,26,356,46,25,52,020,50,26,27,226,18,1*6A
$GPGSV,3,3,11,28,22,293,23,29,57,147,39,31,21,261,20,1*50
$GPGSV,3,1,11,05,36,126,40,10,00,342,35,12,19,035,28,13,12,031,19,6*6E
$GPGSV,3,2,11,18,67,256,23,23,26,356,44,25,52,020,45,26,27,226,15,6*6F
$GPGSV,3,3,11,28,22,293,19,29,57,147,27,31,21,261,26,6*57
$GPGSV,2,1,06,10,00,342,36,18,67,256,20,23,26,356,45,25,52,020,52,8*63
$GPGSV,2,2,06,26,27,226,22,28,22,293,25,8*69
$GPGSV,1,1,04,15,10,060,,16,00,220,,20,02,086,,21,07,142,,0*68
$GLGSV,2,1,07,68,11,057,19,73,58,247,18,74,16,210,10,80,46,355,48,1*7A
$GLGSV,2,2,07,82,24,143,35,83,53,207,17,84,25,273,08,1*48
$GLGSV,2,1,07,67,16,106,21,68,11,057,13,73,58,247,31,80,46,355,43,3*76
$GLGSV,2,2,07,82,24,143,33,83,53,207,20,84,25,273,09,3*49
$GLGSV,1,1,01,66,00,156,,0*4A
$GAGSV,2,1,07,02,33,221,16,10,36,143,37,11,64,156,25,14,21,090,26,1*7F
$GAGSV,2,2,07,16,38,043,42,25,89,110,34,36,58,297,16,1*4D
$GAGSV,1,1,03,10,36,143,33,16,38,043,50,25,89,110,36,5*4D
$GAGSV,2,1,07,02,33,221,08,10,36,143,31,11,64,156,25,14,21,090,25,7*73
$GAGSV,2,2,07,16,38,043,45,25,89,110,36,36,58,297,18,7*40
$GAGSV,1,1,02,12,13,138,,34,08,311,,0*71
$GBGSV,3,1,10,12,22,101,10,19,25,072,41,20,15,120,22,22,12,021,21,3*7C
$GBGSV,3,2,10,24,25,231,09,26,52,284,10,29,23,119,41,31,36,255,11,3*73
$GBGSV,3,3,10,35,60,178,23,39,29,000,47,3*78
$GBGSV,3,1,10,12,22,101,20,19,25,072,43,20,15,120,22,22,12,021,26,5*7C
$GBGSV,3,2,10,24,25,231,26,26,52,284,19,29,23,119,38,31,36,255,18,5*76
$GBGSV,3,3,10,35,60,178,23,39,29,000,47,5*7E
$GBGSV,3,1,10,12,22,101,28,19,25,072,41,20,15,120,18,22,12,021,28,8*7C
$GBGSV,3,2,10,24,25,231,28,26,52,284,16,29,23,119,42,31,36,255,23,8*7F
$GBGSV,3,3,10,35,60,178,23,39,29,000,47,8*73
$GBGSV,1,1,01,11,03,111,,0*44
$GNGLL,3001.74358,S,05112.75072,W,170719.00,A,A*7E
$GNRMC,170720.00,A,3001.74359,S,05112.75072,W,0.022,,090926,,,A,V*12
$GNVTG,,T,,M,0.022,N,0.041,K,A*38
$GNGGA,170720.00,3001.74359,S,05112.75072,W,1,12,0.55,49.3,M,4.8,M,,*41
$GNGSA,M,3,18,23,25,26,28,29,31,05,12,13,,,1.08,0.55,0.93,1*02
$GNGSA,M,3,83,82,80,,,,,,,,,,1.08,0.55,0.93,2*04
$GNGSA,M,3,25,36,02,10,11,16,,,,,,,1.08,0.55,0.93,3*0A
$GNGSA,M,3,12,19,20,22,24,26,29,31,35,39,,,1.08,0.55,0.93,4*05
$GPGSV,3,1,11,05,36,126,43,10,00,342,28,12,19,035,37,13,12,031,23,1*61
$GPGSV,3,2,11,18,67,256,18,23,26,356,46,25,52,020,50,26,27,226,17,1*64
$GPGSV,3,3,11,28,22,293,23,29,57,147,38,31,21,261,20,1*51
$GPGSV,3,1,11,05,36,126,40,10,00,342,34,12,19,035,28,13,12,031,19,6*6F
$GPGSV,3,2,11,18,67,256,24,23,26,356,44,25,52,020,45,26,27,226,14,6*69
$GPGSV,3,3,11,28,22,293,19,29,57,147,27,31,21,261,26,6*57
$GPGSV,2,1,06,10,00,342,36,18,67,256,21,23,26,356,45,25,52,020,52,8*62
$GPGSV,2,2,06,26,27,226,21,28,22,293,25,8*6A
$GPGSV,1,1,04,15,10,060,,16,00,220,,20,02,086,,21,07,142,,0*68
$GLGSV,2,1,07,68,11,057,19,73,58,247,19,74,16,210,11,80,46,355,48,1*7A
$GLGSV,2,2,07,82,24,143,35,83,53,207,16,84,25,273,08,1*49
$GLGSV,2,1,07,67,16,106,21,68,11,057,12,73,58,247,31,80,46,355,43,3*77
$GLGSV,2,2,07,82,24,143,33,83,53,207,21,84,25,273,07,3*46
$GLGSV,1,1,01,66,00,156,,0*4A
$GAGSV,2,1,07,02,33,221,17,10,36,143,37,11,64,156,25,14,21,090,26,1*7E
$GAGSV,2,2,07,16,38,043,42,25,89,110,34,36,58,297,16,1*4D
$GAGSV,1,1,03,10,36,143,33,16,38,043,50,25,89,110,36,5*4D
$GAGSV,2,1,06,10,36,143,31,11,64,156,25,14,21,090,25,16,38,043,45,7*73
$GAGSV,2,2,06,25,89,110,36,36,58,297,18,7*7B
$GAGSV,1,1,02,12,13,138,,34,08,311,,0*71
$GBGSV,3,1,10,12,22,101,11,19,25,072,41,20,15,120,22,22,12,021,21,3*7D
$GBGSV,3,2,10,24,25,231,09,26,52,284,12,29,23,119,41,31,36,255,12,3*72
$GBGSV,3,3,10,35,60,178,23,39,29,000,47,3*78
$GBGSV,3,1,10,12,22,101,20,19,25,072,43,20,15,120,22,22,12,021,25,5*7F
$GBGSV,3,2,10,24,25,231,26,26,52,284,19,29,23,119,38,31,36,255,18,5*76
$GBGSV,3,3,10,35,60,178,23,39,29,000,47,5*7E
$GBGSV,3,1,10,12,22,101,28,19,25,072,41,20,15,120,18,22,12,021,28,8*7C
$GBGSV,3,2,10,24,25,231,28,26,52,284,18,29,23,119,42,31,36,255,23,8*71
$GBGSV,3,3,10,35,60,178,23,39,29,000,47,8*73
$GBGSV,1,1,01,11,03,111,,0*44
$GNGLL,3001.74359,S,05112.75072,W,170720.00,A,A*75
$GNRMC,170721.00,A,3001.74359,S,05112.75071,W,0.018,,090926,,,A,V*19
$GNVTG,,T,,M,0.018,N,0.033,K,A*34
$GNGGA,170721.00,3001.74359,S,05112.75071,W,1,12,0.55,49.3,M,4.8,M,,*43
$GNGSA,M,3,18,23,25,26,28,29,31,05,12,13,,,1.08,0.55,0.93,1*02
$GNGSA,M,3,83,82,80,,,,,,,,,,1.08,0.55,0.93,2*04
$GNGSA,M,3,25,36,02,10,11,16,,,,,,,1.08,0.55,0.93,3*0A
$GNGSA,M,3,12,19,20,22,24,26,29,31,35,39,,,1.08,0.55,0.93,4*05
$GPGSV,3,1,11,05,36,126,43,10,00,342,28,12,19,035,38,13,12,031,23,1*6E
$GPGSV,3,2,11,18,67,256,19,23,26,356,46,25,52,020,50,26,27,226,16,1*64
$GPGSV,3,3,11,28,22,293,23,29,57,147,38,31,21,261,20,1*51
$GPGSV,3,1,11,05,36,126,40,10,00,342,34,12,19,035,28,13,12,031,19,6*6F
$GPGSV,3,2,11,18,67,256,24,23,26,356,44,25,52,020,45,26,27,226,14,6*69
$GPGSV,3,3,11,28,22,293,19,29,57,147,27,31,21,261,26,6*57
$GPGSV,2,1,06,10,00,342,35,18,67,256,21,23,26,356,45,25,52,020,52,8*61
$GPGSV,2,2,06,26,27,226,22,28,22,293,25,8*69
$GPGSV,1,1,04,15,10,060,,16,00,220,,20,02,086,,21,07,142,,0*68
$GLGSV,2,1,07,68,11,057,19,73,58,247,19,74,16,210,11,80,46,355,48,1*7A
$GLGSV,2,2,07,82,24,143,35,83,53,207,16,84,25,273,08,1*49
$GLGSV,2,1,07,67,16,106,21,68,11,057,11,73,58,247,30,80,46,355,43,3*75
$GLGSV,2,2,07,82,24,143,33,83,53,207,21,84,25,273,12,3*42
$GLGSV,1,1,01,66,00,156,,0*4A
$GAGSV,2,1,07,02,33,221,18,10,36,143,37,11,64,156,26,14,21,090,25,1*71
$GAGSV,2,2,07,16,38,043,42,25,89,110,34,36,58,297,17,1*4C
$GAGSV,1,1,03,10,36,143,33,16,38,043,50,25,89,110,36,5*4D
$GAGSV,2,1,06,10,36,143,31,11,64,156,25,14,21,090,25,16,38,043,45,7*73
$GAGSV,2,2,06,25,89,110,36,36,58,297,17,7*74
$GAGSV,1,1,02,12,13,138,,34,08,311,,0*71
$GBGSV,3,1,10,12,22,101,14,19,25,072,41,20,15,120,22,22,12,021,21,3*78
$GBGSV,3,2,10,24,25,231,07,26,52,284,11,29,23,119,41,31,36,255,12,3*7F
$GBGSV,3,3,10,35,60,178,23,39,29,000,47,3*78
$GBGSV,3,1,10,12,22,101,18,19,25,072,43,20,15,120,22,22,12,021,26,5*77
$GBGSV,3,2,10,24,25,231,27,26,52,284,19,29,23,119,38,31,36,255,18,5*77
$GBGSV,3,3,10,35,60,178,23,39,29,000,47,5*7E
$GBGSV,3,1,10,12,22,101,28,19,25,072,41,20,15,120,18,22,12,021,28,8*7C
$GBGSV,3,2,10,24,25,231,28,26,52,284,19,29,23,119,42,31,36,255,23,8*70
$GBGSV,3,3,10,35,60,178,23,39,29,000,47,8*73
$GBGSV,1,1,01,11,03,111,,0*44
$GNGLL,3001.74359,S,05112.75071,W,170721.00,A,A*77
$GNRMC,170722.00,A,3001.74359,S,05112.75071,W,0.007,,090926,,,A,V*14
$GNVTG,,T,,M,0.007,N,0.012,K,A*39
$GNGGA,170722.00,3001.74359,S,05112.75071,W,1,12,0.53,49.3,M,4.8,M,,*46
$GNGSA,M,3,18,23,25,28,29,31,05,12,13,,,,1.06,0.53,0.91,1*0C
$GNGSA,M,3,83,82,80,,,,,,,,,,1.06,0.53,0.91,2*0E
$GNGSA,M,3,25,36,02,10,11,16,,,,,,,1.06,0.53,0.91,3*00
$GNGSA,M,3,12,19,20,22,24,26,29,31,35,39,,,1.06,0.53,0.91,4*0F
$GPGSV,3,1,11,05,36,126,43,10,00,342,27,12,19,035,37,13,12,031,23,1*6E
$GPGSV,3,2,11,18,68,254,19,23,26,356,46,25,52,020,50,26,27,226,14,1*6B
$GPGSV,3,3,11,28,22,293,24,29,57,147,38,31,21,261,20,1*56
$GPGSV,3,1,11,05,36,126,40,10,00,342,33,12,19,035,28,13,12,031,20,6*62
$GPGSV,3,2,11,18,68,254,23,23,26,356,44,25,52,020,45,26,27,226,13,6*64
$GPGSV,3,3,11,28,22,293,20,29,57,147,27,31,21,261,26,6*5D
$GPGSV,2,1,06,10,00,342,35,18,68,254,21,23,26,356,45,25,52,020,52,8*6C
$GPGSV,2,2,06,26,27,226,22,28,22,293,25,8*69
$GPGSV,1,1,04,15,10,060,,16,00,220,,20,02,086,,21,07,142,,0*68
$GLGSV,2,1,07,68,11,057,18,73,58,247,18,74,16,210,10,80,46,355,48,1*7B
$GLGSV,2,2,07,82,24,143,35,83,53,207,16,84,25,273,08,1*49
$GLGSV,2,1,07,67,16,106,21,68,11,057,12,73,58,247,30,80,46,355,43,3*76
$GLGSV,2,2,07,82,24,143,33,83,53,207,21,84,25,273,11,3*41
$GLGSV,1,1,01,66,00,156,,0*4A
$GAGSV,2,1,07,02,33,221,17,10,36,143,36,11,64,156,26,14,21,090,26,1*7C
$GAGSV,2,2,07,16,38,043,42,25,89,110,34,36,58,297,15,1*4E
$GAGSV,1,1,03,10,36,143,33,16,38,043,50,25,89,110,36,5*4D
$GAGSV,2,1,06,10,36,143,31,11,64,156,24,14,21,090,25,16,38,043,45,7*72
$GAGSV,2,2,06,25,89,110,36,36,58,297,18,7*7B
$GAGSV,1,1,02,12,13,138,,34,08,311,,0*71
$GBGSV,3,1,10,12,22,101,15,19,25,072,41,20,15,120,22,22,12,021,21,3*79
$GBGSV,3,2,10,24,25,231,10,26,52,284,11,29,23,119,41,31,36,255,10,3*7B
$GBGSV,3,3,10,35,60,178,23,39,29,000,47,3*78
$GBGSV,3,1,10,12,22,101,17,19,25,072,43,20,15,120,23,22,12,021,25,5*7A
$GBGSV,3,2,10,24,25,231,27,26,52,284,19,29,23,119,38,31,36,255,17,5*78
$GBGSV,3,3,10,35,60,178,23,39,29,000,47,5*7E
$GBGSV,3,1,10,12,22,101,29,19,25,072,41,20,15,120,19,22,12,021,28,8*7C
$GBGSV,3,2,10,24,25,231,28,26,52,284,19,29,23,119,42,31,36,255,23,8*70
$GBGSV,3,3,10,35,60,178,22,39,29,000,47,8*72
$GBGSV,1,1,01,11,03,111,,0*44
$GNGLL,3001.74359,S,05112.75071,W,170722.00,A,A*74
$GNRMC,170723.00,A,3001.74358,S,05112.75070,W,0.006,,090926,,,A,V*14
$GNVTG,,T,,M,0.006,N,0.011,K,A*3B
$GNGGA,170723.00,3001.74358,S,05112.75070,W,1,12,0.53,49.3,M,4.8,M,,*47
$GNGSA,M,3,18,23,25,28,29,31,05,12,13,,,,1.06,0.53,0.91,1*0C
$GNGSA,M,3,83,82,80,,,,,,,,,,1.06,0.53,0.91,2*0E
$GNGSA,M,3,25,36,02,10,11,16,,,,,,,1.06,0.53,0.91,3*00
$GNGSA,M,3,12,19,20,22,24,26,29,31,35,39,,,1.06,0.53,0.91,4*0F
$GPGSV,3,1,11,05,36,126,43,10,00,342,26,12,19,035,37,13,12,031,23,1*6F
$GPGSV,3,2,11,18,68,254,18,23,26,356,46,25,52,020,50,26,27,226,13,1*6D
$GPGSV,3,3,11,28,22,293,24,29,57,147,39,31,21,261,20,1*57
$GPGSV,3,1,11,05,36,126,40,10,00,342,33,12,19,035,28,13,12,031,19,6*68
$GPGSV,3,2,11,18,68,254,23,23,26,356,44,25,52,020,45,26,27,226,12,6*65
$GPGSV,3,3,11,28,22,293,20,29,57,147,27,31,21,261,27,6*5C
$GPGSV,2,1,06,10,00,342,34,18,68,254,21,23,26,356,45,25,52,020,52,8*6D
$GPGSV,2,2,06,26,27,226,23,28,22,293,25,8*68
$GPGSV,1,1,04,15,10,060,,16,00,220,,20,02,086,,21,07,142,,0*68
$GLGSV,2,1,07,68,11,057,18,73,58,247,17,74,16,210,12,80,46,355,48,1*76
$GLGSV,2,2,07,82,24,143,35,83,53,207,15,84,25,273,09,1*4B
$GLGSV,2,1,07,67,16,106,21,68,11,057,13,73,58,247,30,80,46,355,43,3*77
$GLGSV,2,2,07,82,24,143,33,83,53,207,22,84,25,273,08,3*4A
$GLGSV,1,1,01,66,00,156,,0*4A
$GAGSV,2,1,07,02,33,221,17,10,36,143,36,11,64,156,25,14,21,090,25,1*7C
$GAGSV,2,2,07,16,38,043,42,25,89,110,34,36,58,297,15,1*4E
$GAGSV,1,1,03,10,36,143,33,16,38,043,50,25,89,110,36,5*4D
$GAGSV,2,1,06,10,36,143,31,11,64,156,25,14,21,090,24,16,38,043,45,7*72
$GAGSV,2,2,06,25,89,110,36,36,58,297,17,7*74
$GAGSV,1,1,02,12,13,138,,34,08,311,,0*71
$GBGSV,3,1,10,12,22,101,18,19,25,072,41,20,15,120,22,22,12,021,21,3*74
$GBGSV,3,2,10,24,25,231,08,26,52,284,12,29,23,119,41,31,36,255,16,3*77
$GBGSV,3,3,10,35,60,178,23,39,29,000,47,3*78
$GBGSV,3,1,10,12,22,101,17,19,25,072,43,20,15,120,23,22,12,021,26,5*79
$GBGSV,3,2,10,24,25,231,26,26,52,284,19,29,23,119,38,31,36,255,17,5*79
$GBGSV,3,3,10,35,60,178,23,39,29,000,46,5*7F
$GBGSV,3,1,10,12,22,101,29,19,25,072,41,20,15,120,19,22,12,021,28,8*7C
$GBGSV,3,2,10,24,25,231,28,26,52,284,19,29,23,119,42,31,36,255,23,8*70
$GBGSV,3,3,10,35,60,178,22,39,29,000,47,8*72
$GBGSV,1,1,01,11,03,111,,0*44
$GNGLL,3001.74358,S,05112.75070,W,170723.00,A,A*75
$GNRMC,170724.00,A,3001.74358,S,05112.75069,W,0.007,,090926,,,A,V*1A
$GNVTG,,T,,M,0.007,N,0.013,K,A*38
$GNGGA,170724.00,3001.74358,S,05112.75069,W,1,12,0.51,49.3,M,4.8,M,,*4A
$GNGSA,M,3,18,23,25,28,29,31,05,12,13,,,,1.02,0.51,0.89,1*03
$GNGSA,M,3,84,83,82,80,,,,,,,,,1.02,0.51,0.89,2*0D
$GNGSA,M,3,25,36,02,10,11,16,,,,,,,1.02,0.51,0.89,3*0F
$GNGSA,M,3,12,19,20,22,24,26,29,31,35,39,,,1.02,0.51,0.89,4*00
$GPGSV,3,1,11,05,36,126,43,10,00,342,28,12,19,035,38,13,12,031,23,1*6E
$GPGSV,3,2,11,18,68,254,18,23,26,356,46,25,52,020,50,26,27,226,11,1*6F
$GPGSV,3,3,11,28,22,293,23,29,57,147,39,31,21,261,19,1*5A
$GPGSV,3,1,11,05,36,126,40,10,00,342,33,12,19,035,28,13,12,031,19,6*68
$GPGSV,3,2,11,18,68,254,24,23,26,356,44,25,52,020,45,26,27,226,11,6*61
$GPGSV,3,3,11,28,22,293,21,29,57,147,27,31,21,261,27,6*5D
$GPGSV,2,1,05,10,00,342,34,23,26,356,45,25,52,020,52,26,27,226,23,8*6F
$GPGSV,2,2,05,28,22,293,25,8*5D
$GPGSV,1,1,04,15,10,060,,16,00,220,,20,02,087,,21,07,142,,0*69
$GLGSV,2,1,07,68,11,057,18,73,58,247,17,74,16,210,09,80,46,355,48,1*7C
$GLGSV,2,2,07,82,24,143,35,83,53,207,16,84,25,273,10,1*40
$GLGSV,2,1,07,67,16,106,21,68,11,057,15,73,58,247,30,80,46,355,43,3*71
$GLGSV,2,2,07,82,24,143,33,83,53,207,22,84,25,273,16,3*45
$GLGSV,1,1,01,66,00,156,,0*4A
$GAGSV,2,1,07,02,33,221,17,10,36,143,36,11,64,156,25,14,21,090,25,1*7C
$GAGSV,2,2,07,16,38,043,42,25,89,110,34,36,58,297,15,1*4E
$GAGSV,1,1,03,10,36,143,33,16,38,043,50,25,89,110,36,5*4D
$GAGSV,2,1,06,10,36,143,31,11,64,156,25,14,21,090,25,16,38,043,45,7*73
$GAGSV,2,2,06,25,89,110,36,36,58,297,18,7*7B
$GAGSV,1,1,02,12,13,138,,34,08,311,,0*71
$GBGSV,3,1,10,12,22,101,20,19,25,072,41,20,15,120,22,22,12,021,21,3*7F
$GBGSV,3,2,10,24,25,231,12,26,52,284,08,29,23,119,41,31,36,255,13,3*72
$GBGSV,3,3,10,35,60,178,23,39,29,000,47,3*78
$GBGSV,3,1,10,12,22,101,17,19,25,072,43,20,15,120,23,22,12,021,25,5*7A
$GBGSV,3,2,10,24,25,231,26,26,52,284,19,29,23,119,38,31,36,255,18,5*76
$GBGSV,3,3,10,35,60,178,22,39,29,000,46,5*7E
$GBGSV,3,1,10,12,22,101,29,19,25,072,41,20,15,120,18,22,12,021,28,8*7D
$GBGSV,3,2,10,24,25,231,28,26,52,284,19,29,23,119,42,31,36,255,23,8*70
$GBGSV,3,3,10,35,60,178,21,39,29,000,47,8*71
$GBGSV,1,1,01,11,03,111,,0*44
$GNGLL,3001.74358,S,05112.75069,W,170724.00,A,A*7A
$GNRMC,170725.00,A,3001.74358,S,05112.75069,W,0.011,,090926,,,A,V*1C
$GNVTG,,T,,M,0.011,N,0.020,K,A*3F
$GNGGA,170725.00,3001.74358,S,05112.75069,W,1,12,0.53,49.3,M,4.8,M,,*49
$GNGSA,M,3,18,23,25,28,29,31,05,12,13,,,,1.06,0.53,0.91,1*0C
$GNGSA,M,3,83,82,80,,,,,,,,,,1.06,0.53,0.91,2*0E
$GNGSA,M,3,25,36,02,10,11,16,,,,,,,1.06,0.53,0.91,3*00
$GNGSA,M,3,12,19,20,22,24,26,29,31,35,39,,,1.06,0.53,0.91,4*0F
$GPGSV,3,1,11,05,36,126,43,10,00,342,29,12,19,035,37,13,12,031,22,1*61
$GPGSV,3,2,11,18,68,254,18,23,26,356,46,25,52,020,50,26,27,226,09,1*66
$GPGSV,3,3,11,28,22,293,23,29,57,147,39,31,21,261,18,1*5B
$GPGSV,3,1,11,05,36,126,40,10,00,342,33,12,19,035,28,13,12,031,20,6*62
$GPGSV,3,2,11,18,68,254,24,23,26,356,44,25,52,020,45,26,27,226,11,6*61
$GPGSV,3,3,11,28,22,293,21,29,57,147,27,31,21,261,26,6*5C
$GPGSV,2,1,06,10,00,342,34,18,68,254,21,23,26,356,45,25,52,020,52,8*6D
$GPGSV,2,2,06,26,27,226,22,28,22,293,26,8*6A
$GPGSV,1,1,04,15,10,060,,16,00,220,,20,02,087,,21,06,143,,0*69
$GLGSV,2,1,07,68,11,057,17,73,58,247,17,74,16,210,09,80,46,355,48,1*73
$GLGSV,2,2,07,82,24,143,35,83,53,207,16,84,25,273,11,1*41
$GLGSV,2,1,07,67,16,106,20,68,11,057,15,73,58,247,30,80,46,355,43,3*70
$GLGSV,2,2,07,82,24,143,33,83,53,207,22,84,25,273,10,3*43
$GLGSV,1,1,01,66,00,156,,0*4A
$GAGSV,2,1,07,02,33,221,17,10,36,143,36,11,64,156,25,14,21,090,25,1*7C
$GAGSV,2,2,07,16,38,043,42,25,89,110,34,36,58,297,16,1*4D
$GAGSV,1,1,03,10,36,143,33,16,38,043,50,25,89,110,36,5*4D
$GAGSV,2,1,06,10,36,143,31,11,64,156,26,14,21,090,25,16,38,043,45,7*70
$GAGSV,2,2,06,25,89,110,36,36,58,297,18,7*7B
$GAGSV,1,1,02,12,13,138,,34,08,311,,0*71
$GBGSV,3,1,10,12,22,101,19,19,25,072,41,20,15,120,22,22,12,021,21,3*75
$GBGSV,3,2,10,24,25,231,12,26,52,284,08,29,23,119,41,31,36,255,12,3*73
$GBGSV,3,3,10,35,60,178,22,39,29,000,47,3*79
$GBGSV,3,1,10,12,22,101,17,19,25,072,43,20,15,120,23,22,12,021,25,5*7A
$GBGSV,3,2,10,24,25,231,26,26,52,284,19,29,23,119,38,31,36,255,17,5*79
$GBGSV,3,3,10,35,60,178,22,39,29,000,47,5*7F
$GBGSV,3,1,10,12,22,101,29,19,25,072,41,20,15,120,18,22,12,021,28,8*7D
$GBGSV,3,2,10,24,25,231,27,26,52,284,20,29,23,119,42,31,36,255,23,8*75
$GBGSV,3,3,10,35,60,178,20,39,29,000,47,8*70
$GBGSV,1,1,01,11,03,111,,0*44
$GNGLL,3001.74358,S,05112.75069,W,170725.00,A,A*7B
$GNRMC,170726.00,A,3001.74357,S,05112.75068,W,0.028,,090926,,,A,V*1B
$GNVTG,,T,,M,0.028,N,0.051,K,A*33
$GNGGA,170726.00,3001.74357,S,05112.75068,W,1,12,0.51,49.3,M,4.8,M,,*46
$GNGSA,M,3,18,23,25,28,29,31,05,12,13,,,,1.02,0.51,0.89,1*03
$GNGSA,M,3,84,83,82,80,,,,,,,,,1.02,0.51,0.89,2*0D
$GNGSA,M,3,25,36,02,10,11,16,,,,,,,1.02,0.51,0.89,3*0F
$GNGSA,M,3,12,19,20,22,24,26,29,31,35,39,,,1.02,0.51,0.89,4*00
$GPGSV,3,1,11,05,36,126,43,10,00,342,30,12,19,035,38,13,12,031,22,1*66
$GPGSV,3,2,11,18,68,254,18,23,26,356,46,25,52,020,50,26,27,226,11,1*6F
$GPGSV,3,3,11,28,22,293,23,29,57,147,39,31,21,261,18,1*5B
$GPGSV,3,1,11,05,36,126,40,10,00,342,33,12,19,035,28,13,12,031,19,6*68
$GPGSV,3,2,11,18,68,254,24,23,26,356,44,25,52,020,45,26,27,226,12,6*62
$GPGSV,3,3,11,28,22,293,22,29,57,147,27,31,21,261,26,6*5F
$GPGSV,2,1,06,10,00,342,34,18,68,254,21,23,26,356,45,25,52,020,52,8*6D
$GPGSV,2,2,06,26,27,226,22,28,22,293,25,8*69
$GPGSV,1,1,04,15,10,060,,16,00,220,,20,02,087,,21,06,143,,0*69
$GLGSV,2,1,07,68,11,057,16,73,58,247,16,74,16,210,08,80,46,355,48,1*72
$GLGSV,2,2,07,82,24,143,35,83,53,207,15,84,25,273,17,1*44
$GLGSV,2,1,07,67,16,106,20,68,11,057,15,73,58,247,29,80,46,355,43,3*78
$GLGSV,2,2,07,82,24,143,33,83,53,207,22,84,25,273,13,3*40
$GLGSV,1,1,01,66,00,156,,0*4A
$GAGSV,2,1,07,02,33,221,18,10,36,143,36,11,64,156,26,14,21,090,25,1*70
$GAGSV,2,2,07,16,38,043,42,25,89,110,34,36,58,297,16,1*4D
$GAGSV,1,1,03,10,36,143,33,16,38,043,50,25,89,110,36,5*4D
$GAGSV,2,1,06,10,36,143,31,11,64,156,25,14,21,090,25,16,38,043,45,7*73
$GAGSV,2,2,06,25,89,110,36,36,58,297,18,7*7B
$GAGSV,1,1,02,12,13,138,,34,08,311,,0*71
$GBGSV,3,1,10,12,22,101,21,19,25,072,41,20,15,120,22,22,12,021,22,3*7D
$GBGSV,3,2,10,24,25,231,07,26,52,284,12,29,23,119,41,31,36,255,14,3*7A
$GBGSV,3,3,10,35,60,178,23,39,29,000,47,3*78
$GBGSV,3,1,10,12,22,101,16,19,25,072,43,20,15,120,23,22,12,021,25,5*7B
$GBGSV,3,2,10,24,25,231,26,26,52,284,19,29,23,119,38,31,36,255,18,5*76
$GBGSV,3,3,10,35,60,178,23,39,29,000,47,5*7E
$GBGSV,3,1,10,12,22,101,30,19,25,072,41,20,15,120,19,22,12,021,28,8*74
$GBGSV,3,2,10,24,25,231,27,26,52,284,20,29,23,119,42,31,36,255,23,8*75
$GBGSV,3,3,10,35,60,178,20,39,29,000,47,8*70
$GBGSV,1,1,01,11,03,111,,0*44
$GNGLL,3001.74357,S,05112.75068,W,170726.00,A,A*76
$GNRMC,170727.00,A,3001.74357,S,05112.75067,W,0.004,,090926,,,A,V*1B
$GNVTG,,T,,M,0.004,N,0.008,K,A*31
$GNGGA,170727.00,3001.74357,S,05112.75067,W,1,12,0.53,49.3,M,4.8,M,,*4A
$GNGSA,M,3,18,23,25,28,29,31,05,12,13,,,,1.06,0.53,0.91,1*0C
$GNGSA,M,3,83,82,80,,,,,,,,,,1.06,0.53,0.91,2*0E
$GNGSA,M,3,25,36,02,10,11,16,,,,,,,1.06,0.53,0.91,3*00
$GNGSA,M,3,12,19,20,22,24,26,29,31,35,39,,,1.06,0.53,0.91,4*0F
$GPGSV,3,1,11,05,36,126,43,10,00,342,31,12,19,035,38,13,12,031,23,1*66
$GPGSV,3,2,11,18,68,254,16,23,27,356,46,25,52,020,50,26,27,226,12,1*63
$GPGSV,3,3,11,28,22,293,23,29,57,147,39,31,21,261,17,1*54
$GPGSV,3,1,11,05,36,126,40,10,00,342,34,12,19,035,28,13,12,031,19,6*6F
$GPGSV,3,2,11,18,68,254,23,23,27,356,44,25,52,020,45,26,27,226,13,6*65
$GPGSV,3,3,11,28,22,293,22,29,57,147,27,31,21,261,27,6*5E
$GPGSV,2,1,06,10,00,342,35,18,68,254,22,23,27,356,45,25,52,020,52,8*6E
$GPGSV,2,2,06,26,27,226,23,28,22,293,25,8*68
$GPGSV,1,1,04,15,10,060,,16,00,220,,20,02,087,,21,06,143,,0*69
$GLGSV,2,1,07,68,11,057,14,73,58,247,14,74,16,210,11,80,46,355,48,1*7A
$GLGSV,2,2,07,82,24,143,35,83,53,207,13,84,25,273,13,1*46
$GLGSV,2,1,07,67,16,106,20,68,11,057,17,73,58,247,29,80,46,355,43,3*7A
$GLGSV,2,2,07,82,24,143,33,83,53,207,22,84,25,273,12,3*41
$GLGSV,1,1,01,66,00,156,,0*4A
$GAGSV,2,1,07,02,33,221,18,10,36,143,36,11,64,156,25,14,21,090,25,1*73
$GAGSV,2,2,07,16,38,043,42,25,89,110,34,36,58,297,15,1*4E
$GAGSV,1,1,03,10,36,143,33,16,38,043,50,25,89,110,36,5*4D
$GAGSV,2,1,06,10,36,143,31,11,64,156,25,14,21,090,25,16,38,043,45,7*73
$GAGSV,2,2,06,25,89,110,36,36,58,297,18,7*7B
$GAGSV,1,1,02,12,13,138,,34,08,311,,0*71
$GBGSV,3,1,10,12,22,101,23,19,25,072,41,20,15,120,22,22,12,021,22,3*7F
$GBGSV,3,2,10,24,25,231,08,26,52,284,09,29,23,119,41,31,36,255,14,3*7F
$GBGSV,3,3,10,35,60,178,22,39,29,000,47,3*79
$GBGSV,3,1,10,12,22,101,16,19,25,072,43,20,15,120,23,22,12,021,25,5*7B
$GBGSV,3,2,10,24,25,231,27,26,52,284,19,29,23,119,38,31,36,255,18,5*77
$GBGSV,3,3,10,35,60,178,22,39,29,000,47,5*7F
$GBGSV,3,1,10,12,22,101,30,19,25,072,41,20,15,120,19,22,12,021,28,8*74
$GBGSV,3,2,10,24,25,231,27,26,52,284,19,29,23,119,42,31,36,255,23,8*7F
$GBGSV,3,3,10,35,60,178,20,39,29,000,47,8*70
$GBGSV,1,1,01,11,03,111,,0*44
$GNGLL,3001.74357,S,05112.75067,W,170727.00,A,A*78
$GNRMC,170728.00,A,3001.74357,S,05112.75067,W,0.028,,090926,,,A,V*1A
$GNVTG,,T,,M,0.028,N,0.052,K,A*30
$GNGGA,170728.00,3001.74357,S,05112.75067,W,1,12,0.53,49.3,M,4.8,M,,*45
$GNGSA,M,3,18,23,25,28,29,31,05,12,13,,,,1.06,0.53,0.91,1*0C
$GNGSA,M,3,83,82,80,,,,,,,,,,1.06,0.53,0.91,2*0E
$GNGSA,M,3,25,36,02,10,11,16,,,,,,,1.06,0.53,0.91,3*00
$GNGSA,M,3,12,19,20,22,24,26,29,31,35,39,,,1.06,0.53,0.91,4*0F
$GPGSV,3,1,11,05,36,126,43,10,00,342,30,12,19,035,38,13,12,031,23,1*67
$GPGSV,3,2,11,18,68,254,16,23,27,356,46,25,52,020,50,26,27,226,12,1*63
$GPGSV,3,3,11,28,22,293,22,29,57,147,39,31,21,261,17,1*55
$GPGSV,3,1,11,05,36,126,40,10,00,342,34,12,19,035,28,13,12,031,19,6*6F
$GPGSV,3,2,11,18,68,254,23,23,27,356,44,25,52,020,45,26,27,226,14,6*62
$GPGSV,3,3,11,28,22,293,23,29,57,147,27,31,21,261,27,6*5F
$GPGSV,2,1,06,10,00,342,36,18,68,254,22,23,27,356,45,25,52,020,52,8*6D
$GPGSV,2,2,06,26,27,226,23,28,22,293,26,8*6B
$GPGSV,1,1,04,15,10,060,,16,00,220,,20,02,087,,21,06,143,,0*69
$GLGSV,2,1,08,67,16,106,20,68,11,057,13,73,58,247,13,74,16,210,11,1*73
$GLGSV,2,2,08,80,46,355,48,82,24,143,35,83,53,207,13,84,25,273,04,1*7A
$GLGSV,2,1,07,67,16,106,19,68,11,057,18,73,58,247,28,80,46,355,43,3*7E
$GLGSV,2,2,07,82,24,143,33,83,53,207,22,84,25,273,09,3*4B
$GLGSV,1,1,01,66,00,156,,0*4A
$GAGSV,2,1,07,02,33,221,17,10,36,143,36,11,64,156,26,14,21,090,25,1*7F
$GAGSV,2,2,07,16,38,043,42,25,89,110,34,36,58,297,15,1*4E
$GAGSV,1,1,03,10,36,143,33,16,38,043,50,25,89,110,36,5*4D
$GAGSV,2,1,06,10,36,143,31,11,64,156,25,14,21,090,24,16,38,043,45,7*72
$GAGSV,2,2,06,25,89,110,35,36,58,297,18,7*78
$GAGSV,1,1,02,12,13,138,,34,08,311,,0*71
$GBGSV,3,1,10,12,22,101,24,19,25,072,41,20,15,120,22,22,12,021,22,3*78
$GBGSV,3,2,10,24,25,231,09,26,52,284,11,29,23,119,41,31,36,255,13,3*70
$GBGSV,3,3,10,35,60,178,21,39,29,000,47,3*7A
$GBGSV,3,1,10,12,22,101,15,19,25,072,43,20,15,120,23,22,12,021,25,5*78
$GBGSV,3,2,10,24,25,231,26,26,52,284,19,29,23,119,38,31,36,255,18,5*76
$GBGSV,3,3,10,35,60,178,22,39,29,000,47,5*7F
$GBGSV,3,1,10,12,22,101,30,19,25,072,41,20,15,120,19,22,12,021,28,8*74
$GBGSV,3,2,10,24,25,231,27,26,52,284,19,29,23,119,42,31,36,255,24,8*78
$GBGSV,3,3,10,35,60,178,20,39,29,000,48,8*7F
$GBGSV,1,1,01,11,03,111,,0*44
$GNGLL,3001.74357,S,05112.75067,W,170728.00,A,A*77
$GNRMC,170729.00,A,3001.74356,S,05112.75066,W,0.002,,090926,,,A,V*13
$GNVTG,,T,,M,0.002,N,0.005,K,A*3A
$GNGGA,170729.00,3001.74356,S,05112.75066,W,1,12,0.53,49.3,M,4.8,M,,*44
$GNGSA,M,3,18,23,25,28,29,31,05,12,13,,,,1.06,0.53,0.91,1*0C
$GNGSA,M,3,83,82,80,,,,,,,,,,1.06,0.53,0.91,2*0E
$GNGSA,M,3,25,36,02,10,11,16,,,,,,,1.06,0.53,0.91,3*00
$GNGSA,M,3,12,19,20,22,24,26,29,31,35,39,,,1.06,0.53,0.91,4*0F
$GPGSV,3,1,12,05,36,126,43,10,00,342,30,12,19,035,38,13,12,031,23,1*64
$GPGSV,3,2,12,18,68,254,15,23,27,356,46,25,51,020,50,26,27,226,12,1*60
$GPGSV,3,3,12,28,22,293,22,29,57,147,39,31,21,261,18,31,21,261,18,1*64
$GPGSV,3,1,11,05,36,126,40,10,00,342,35,12,19,035,28,13,12,031,18,6*6F
$GPGSV,3,2,11,18,68,254,23,23,27,356,44,25,51,020,45,26,27,226,14,6*61
$GPGSV,3,3,11,28,22,293,23,29,57,147,27,31,21,261,27,6*5F
$GPGSV,2,1,06,10,00,342,36,18,68,254,22,23,27,356,45,25,51,020,52,8*6E
$GPGSV,2,2,06,26,27,226,23,28,22,293,26,8*6B
$GPGSV,1,1,04,15,10,060,,16,00,220,,20,02,087,,21,06,143,,0*69
$GLGSV,2,1,08,67,16,106,19,68,11,057,12,73,58,247,11,74,16,210,11,1*7A
$GLGSV,2,2,08,80,46,355,48,82,24,143,35,83,53,207,11,84,25,273,09,1*75
$GLGSV,2,1,07,67,16,106,19,68,11,057,18,73,58,247,27,80,46,355,43,3*71
$GLGSV,2,2,07,82,24,143,33,83,53,207,23,84,25,273,10,3*42
$GLGSV,1,1,01,66,00,156,,0*4A
$GAGSV,2,1,07,02,33,221,16,10,36,143,36,11,64,156,26,14,21,090,25,1*7E
$GAGSV,2,2,07,16,38,043,42,25,89,110,34,36,58,297,14,1*4F
$GAGSV,1,1,03,10,36,143,33,16,38,043,50,25,89,110,36,5*4D
$GAGSV,2,1,06,10,36,143,31,11,64,156,26,14,21,090,24,16,38,043,45,7*71
$GAGSV,2,2,06,25,89,110,35,36,58,297,19,7*79
$GAGSV,1,1,02,12,13,138,,34,08,311,,0*71
$GBGSV,3,1,10,12,22,101,25,19,25,072,41,20,15,120,22,22,12,021,22,3*79
$GBGSV,3,2,10,24,25,231,08,26,52,284,13,29,23,119,41,31,36,255,12,3*72
$GBGSV,3,3,10,35,60,178,21,39,29,000,47,3*7A
$GBGSV,3,1,10,12,22,101,15,19,25,072,43,20,15,120,23,22,12,021,25,5*78
$GBGSV,3,2,10,24,25,231,26,26,52,284,18,29,23,119,38,31,36,255,17,5*78
$GBGSV,3,3,10,35,60,178,23,39,29,000,47,5*7E
$GBGSV,3,1,10,12,22,101,30,19,25,072,41,20,15,120,19,22,12,021,28,8*74
$GBGSV,3,2,10,24,25,231,27,26,52,284,18,29,23,119,42,31,36,255,23,8*7E
$GBGSV,3,3,10,35,60,178,20,39,29,000,48,8*7F
$GBGSV,1,1,01,11,03,111,,0*44
$GNGLL,3001.74356,S,05112.75066,W,170729.00,A,A*76
$GNRMC,170730.00,A,3001.74357,S,05112.75066,W,0.038,,090926,,,A,V*13
$GNVTG,,T,,M,0.038,N,0.071,K,A*30
$GNGGA,170730.00,3001.74357,S,05112.75066,W,1,12,0.53,49.3,M,4.8,M,,*4D
$GNGSA,M,3,18,23,25,28,29,31,05,12,13,,,,1.06,0.53,0.91,1*0C
$GNGSA,M,3,83,82,80,,,,,,,,,,1.06,0.53,0.91,2*0E
$GNGSA,M,3,25,36,02,10,11,16,,,,,,,1.06,0.53,0.91,3*00
$GNGSA,M,3,12,19,20,22,24,26,29,31,35,39,,,1.06,0.53,0.91,4*0F
$GPGSV,3,1,12,05,36,126,43,10,00,342,30,12,19,035,38,13,12,031,24,1*63
$GPGSV,3,2,12,13,12,031,24,18,68,254,14,23,27,356,46,25,51,020,50,1*60
$GPGSV,3,3,12,26,28,226,11,28,22,293,21,29,57,147,38,31,21,261,17,1*6C
$GPGSV,3,1,11,05,36,126,40,10,00,342,34,12,19,035,28,13,12,031,18,6*6E
$GPGSV,3,2,11,18,68,254,23,23,27,356,44,25,51,020,45,26,28,226,14,6*6E
$GPGSV,3,3,11,28,22,293,24,29,57,147,27,31,21,261,27,6*58
$GPGSV,2,1,06,10,00,342,34,18,68,254,21,23,27,356,45,25,51,020,52,8*6F
$GPGSV,2,2,06,26,28,226,23,28,22,293,25,8*67
$GPGSV,1,1,04,15,10,060,,16,00,220,,20,02,087,,21,06,143,,0*69
$GLGSV,2,1,08,67,16,106,21,68,11,057,10,73,58,247,10,74,16,210,09,1*7B
$GLGSV,2,2,08,80,46,355,48,82,24,143,35,83,53,207,13,84,25,273,13,1*7C
$GLGSV,2,1,07,67,16,106,19,68,11,057,17,73,58,247,26,80,46,355,43,3*7F
$GLGSV,2,2,07,82,24,143,33,83,53,207,23,84,25,273,10,3*42
$GLGSV,1,1,01,66,00,156,,0*4A
$GAGSV,2,1,07,02,33,221,16,10,36,143,36,11,64,156,26,14,21,090,25,1*7E
$GAGSV,2,2,07,16,38,043,42,25,89,110,34,36,58,297,14,1*4F
$GAGSV,1,1,03,10,36,143,33,16,38,043,50,25,89,110,36,5*4D
$GAGSV,2,1,06,10,36,143,31,11,64,156,26,14,21,090,25,16,38,043,45,7*70
$GAGSV,2,2,06,25,89,110,35,36,58,297,18,7*78
$GAGSV,1,1,02,12,13,138,,34,08,311,,0*71
$GBGSV,3,1,10,12,22,101,26,19,25,072,41,20,15,120,22,22,12,021,22,3*7A
$GBGSV,3,2,10,24,25,231,08,26,52,284,12,29,23,119,41,31,36,255,12,3*73
$GBGSV,3,3,10,35,60,178,21,39,29,000,47,3*7A
$GBGSV,3,1,10,12,22,101,15,19,25,072,43,20,15,120,23,22,12,021,25,5*78
$GBGSV,3,2,10,24,25,231,27,26,52,284,18,29,23,119,38,31,36,255,17,5*79
$GBGSV,3,3,10,35,60,178,23,39,29,000,47,5*7E
$GBGSV,3,1,10,12,22,101,30,19,25,072,41,20,15,120,19,22,12,021,28,8*74
$GBGSV,3,2,10,24,25,231,27,26,52,284,18,29,23,119,42,31,36,255,24,8*79
$GBGSV,3,3,10,35,60,178,19,39,29,000,48,8*75
$GBGSV,1,1,01,11,03,111,,0*44
$GNGLL,3001.74357,S,05112.75066,W,170730.00,A,A*7F
$GNRMC,170731.00,A,3001.74357,S,05112.75066,W,0.018,,090926,,,A,V*10
$GNVTG,,T,,M,0.018,N,0.033,K,A*34
$GNGGA,170731.00,3001.74357,S,05112.75066,W,1,12,0.51,49.2,M,4.8,M,,*4F
$GNGSA,M,3,18,23,25,28,29,31,05,12,13,,,,1.02,0.51,0.89,1*03
$GNGSA,M,3,84,83,82,80,,,,,,,,,1.02,0.51,0.89,2*0D
$GNGSA,M,3,25,36,02,10,11,16,,,,,,,1.02,0.51,0.89,3*0F
$GNGSA,M,3,12,19,20,22,24,26,29,31,35,39,,,1.02,0.51,0.89,4*00
$GPGSV,3,1,11,05,36,126,43,10,00,342,29,12,19,035,38,13,12,031,25,1*69
$GPGSV,3,2,11,18,68,254,13,23,27,356,46,25,51,020,50,26,28,226,13,1*6B
$GPGSV,3,3,11,28,22,293,21,29,57,147,39,31,21,261,16,1*57
$GPGSV,3,1,11,05,36,126,40,10,00,342,32,12,19,035,28,13,12,031,18,6*68
$GPGSV,3,2,11,18,68,254,23,23,27,356,44,25,51,020,45,26,28,226,13,6*69
$GPGSV,3,3,11,28,22,293,24,29,57,147,27,31,21,261,27,6*58
$GPGSV,2,1,06,10,00,342,32,18,68,254,21,23,27,356,45,25,51,020,52,8*69
$GPGSV,2,2,06,26,28,226,23,28,22,293,25,8*67
$GPGSV,1,1,04,15,10,060,,16,00,220,,20,02,087,,21,06,143,,0*69
$GLGSV,2,1,08,67,16,106,22,68,11,057,11,73,58,247,09,74,16,210,08,1*70
$GLGSV,2,2,08,80,46,355,48,82,24,143,35,83,53,207,13,84,25,273,16,1*79
$GLGSV,2,1,07,67,16,106,20,68,11,057,16,73,58,247,26,80,46,355,43,3*74
$GLGSV,2,2,07,82,24,143,33,83,53,207,23,84,25,273,09,3*4A
$GLGSV,1,1,01,66,00,156,,0*4A
$GAGSV,2,1,07,02,33,221,17,10,36,143,36,11,64,156,26,14,21,090,25,1*7F
$GAGSV,2,2,07,16,38,043,42,25,89,110,34,36,58,297,13,1*48
$GAGSV,1,1,03,10,36,143,33,16,38,043,50,25,89,110,36,5*4D
$GAGSV,2,1,06,10,36,143,31,11,64,156,26,14,21,090,24,16,38,043,45,7*71
$GAGSV,2,2,06,25,89,110,35,36,58,297,19,7*79
$GAGSV,1,1,02,12,13,138,,34,08,311,,0*71
$GBGSV,3,1,10,12,22,101,27,19,25,072,41,20,15,120,22,22,12,021,22,3*7B
$GBGSV,3,2,10,24,25,231,09,26,52,284,10,29,23,119,41,31,36,255,13,3*71
$GBGSV,3,3,10,35,60,178,21,39,29,000,47,3*7A
$GBGSV,3,1,10,12,22,101,14,19,25,072,43,20,15,120,23,22,12,021,25,5*79
$GBGSV,3,2,10,24,25,231,27,26,52,284,19,29,23,119,38,31,36,255,17,5*78
$GBGSV,3,3,10,35,60,178,22,39,29,000,47,5*7F
$GBGSV,3,1,10,12,22,101,31,19,25,072,41,20,15,120,19,22,12,021,28,8*75
$GBGSV,3,2,10,24,25,231,27,26,52,284,18,29,23,119,42,31,36,255,23,8*7E
$GBGSV,3,3,10,35,60,178,19,39,29,000,48,8*75
$GBGSV,1,1,01,11,03,111,,0*44
$GNGLL,3001.74357,S,05112.75066,W,170731.00,A,A*7E
$GNRMC,170732.00,A,3001.74357,S,05112.75066,W,0.036,,090926,,,A,V*1F
$GNVTG,,T,,M,0.036,N,0.067,K,A*39
$GNGGA,170732.00,3001.74357,S,05112.75066,W,1,12,0.51,49.2,M,4.8,M,,*4C
$GNGSA,M,3,18,23,25,28,29,31,05,12,13,,,,1.02,0.51,0.89,1*03
$GNGSA,M,3,84,83,82,80,,,,,,,,,1.02,0.51,0.89,2*0D
$GNGSA,M,3,25,36,02,10,11,16,,,,,,,1.02,0.51,0.89,3*0F
$GNGSA,M,3,12,19,20,22,24,26,29,31,35,39,,,1.02,0.51,0.89,4*00
$GPGSV,3,1,11,05,36,126,43,10,00,342,27,12,19,035,37,13,12,031,25,1*68
$GPGSV,3,2,11,18,68,254,09,23,27,356,46,25,51,020,50,26,28,226,14,1*67
$GPGSV,3,3,11,28,21,294,21,29,57,147,39,31,21,261,16,1*53
$GPGSV,3,1,11,05,36,126,40,10,00,342,31,12,19,035,28,13,12,031,17,6*64
$GPGSV,3,2,11,18,68,254,23,23,27,356,44,25,51,020,45,26,28,226,13,6*69
$GPGSV,3,3,11,28,21,294,24,29,57,147,27,31,21,261,27,6*5C
$GPGSV,2,1,06,10,00,342,31,18,68,254,21,23,27,356,45,25,51,020,52,8*6A
$GPGSV,2,2,06,26,28,226,24,28,21,294,25,8*64
$GPGSV,1,1,04,15,10,060,,16,00,220,,20,02,087,,21,06,143,,0*69
$GLGSV,2,1,06,67,16,106,23,74,16,210,08,80,46,355,48,82,24,143,35,1*7B
$GLGSV,2,2,06,83,53,207,15,84,25,273,17,1*79
$GLGSV,2,1,07,67,16,106,20,68,11,057,17,73,58,247,25,80,46,355,43,3*76
$GLGSV,2,2,07,82,24,143,33,83,53,207,23,84,25,273,09,3*4A
$GLGSV,1,1,01,66,00,156,,0*4A
$GAGSV,2,1,07,02,33,221,17,10,36,143,36,11,64,156,26,14,21,090,24,1*7E
$GAGSV,2,2,07,16,38,043,42,25,89,110,34,36,58,297,12,1*49
$GAGSV,1,1,03,10,36,143,33,16,38,043,50,25,89,110,36,5*4D
$GAGSV,2,1,06,10,36,143,31,11,64,156,26,14,21,090,24,16,38,043,45,7*71
$GAGSV,2,2,06,25,89,110,35,36,58,297,19,7*79
$GAGSV,1,1,02,12,13,138,,34,08,311,,0*71
$GBGSV,3,1,11,12,22,101,27,19,25,072,41,20,15,120,21,22,12,021,23,3*78
$GBGSV,3,2,11,24,25,231,11,26,52,284,08,29,23,119,40,31,36,255,12,3*70
$GBGSV,3,3,11,35,60,178,21,35,60,178,21,39,29,000,47,3*46
$GBGSV,3,1,10,12,22,101,10,19,25,072,43,20,15,120,23,22,12,021,24,5*7C
$GBGSV,3,2,10,24,25,231,27,26,52,284,19,29,23,119,38,31,36,255,17,5*78
$GBGSV,3,3,10,35,60,178,23,39,29,000,47,5*7E
$GBGSV,3,1,10,12,22,101,31,19,25,072,41,20,15,120,19,22,12,021,28,8*75
$GBGSV,3,2,10,24,25,231,27,26,52,284,19,29,23,119,42,31,36,255,23,8*7F
$GBGSV,3,3,10,35,60,178,17,39,29,000,48,8*7B
$GBGSV,1,1,01,11,03,111,,0*44
$GNGLL,3001.74357,S,05112.75066,W,170732.00,A,A*7D
$GNRMC,170733.00,A,3001.74357,S,05112.75066,W,0.018,,090926,,,A,V*12
$GNVTG,,T,,M,0.018,N,0.034,K,A*33
$GNGGA,170733.00,3001.74357,S,05112.75066,W,1,12,0.49,49.2,M,4.8,M,,*44
$GNGSA,M,3,18,23,25,26,28,29,31,05,12,13,,,1.00,0.49,0.87,1*02
$GNGSA,M,3,84,83,82,80,,,,,,,,,1.00,0.49,0.87,2*08
$GNGSA,M,3,25,36,02,10,11,16,,,,,,,1.00,0.49,0.87,3*0A
$GNGSA,M,3,12,19,20,22,24,26,29,31,35,39,,,1.00,0.49,0.87,4*05
$GPGSV,3,1,11,05,36,126,43,10,00,342,25,12,19,035,37,13,12,031,24,1*6B
$GPGSV,3,2,11,18,68,254,09,23,27,356,46,25,51,020,50,26,28,226,15,1*66
$GPGSV,3,3,11,28,21,294,21,29,57,145,39,31,21,261,16,1*51
$GPGSV,3,1,11,05,36,126,40,10,00,342,30,12,19,035,28,13,12,031,18,6*6A
$GPGSV,3,2,11,18,68,254,23,23,27,356,44,25,51,020,45,26,28,226,13,6*69
$GPGSV,3,3,11,28,21,294,25,29,57,145,27,31,21,261,27,6*5F
$GPGSV,2,1,05,10,00,342,30,23,27,356,45,25,51,020,52,26,28,226,24,8*61
$GPGSV,2,2,05,28,21,294,25,8*59
$GPGSV,1,1,04,15,10,060,,16,00,220,,20,02,087,,21,06,143,,0*69
$GLGSV,2,1,06,67,16,106,23,74,16,210,08,80,46,355,48,82,24,143,35,1*7B
$GLGSV,2,2,06,83,53,207,13,84,25,273,17,1*7F
$GLGSV,2,1,07,67,16,106,21,68,11,057,18,73,58,247,25,80,46,355,43,3*78
$GLGSV,2,2,07,82,24,143,33,83,53,207,23,84,25,273,18,3*4A
$GLGSV,1,1,01,66,00,156,,0*4A
$GAGSV,2,1,07,02,33,221,16,10,36,143,36,11,64,156,26,14,21,090,24,1*7F
$GAGSV,2,2,07,16,38,043,42,25,89,110,34,36,58,297,11,1*4A
$GAGSV,1,1,03,10,36,143,32,16,38,043,50,25,89,110,36,5*4C
$GAGSV,2,1,06,10,36,143,31,11,64,156,26,14,21,090,24,16,38,043,45,7*71
$GAGSV,2,2,06,25,89,110,35,36,58,297,18,7*78
$GAGSV,1,1,02,12,13,138,,34,08,311,,0*71
$GBGSV,3,1,10,12,22,101,28,19,25,072,41,20,15,120,21,22,12,021,22,3*77
$GBGSV,3,2,10,24,25,231,08,26,52,284,10,29,23,119,41,31,36,255,13,3*70
$GBGSV,3,3,10,35,60,178,21,39,29,000,47,3*7A
$GBGSV,3,1,10,12,22,101,09,19,25,072,43,20,15,120,23,22,12,021,24,5*74
$GBGSV,3,2,10,24,25,231,27,26,52,284,18,29,23,119,38,31,36,255,17,5*79
$GBGSV,3,3,10,35,60,178,23,39,29,000,47,5*7E
$GBGSV,3,1,10,12,22,101,31,19,25,072,41,20,15,120,18,22,12,021,28,8*74
$GBGSV,3,2,10,24,25,231,27,26,52,284,19,29,23,119,42,31,36,255,23,8*7F
$GBGSV,3,3,10,35,60,178,17,39,29,000,48,8*7B
$GBGSV,1,1,01,11,03,111,,0*44
$GNGLL,3001.74357,S,05112.75066,W,170733.00,A,A*7C
$GNRMC,170734.00,A,3001.74357,S,05112.75066,W,0.008,,090926,,,A,V*14
$GNVTG,,T,,M,0.008,N,0.015,K,A*31
$GNGGA,170734.00,3001.74357,S,05112.75066,W,1,12,0.49,49.2,M,4.8,M,,*43
$GNGSA,M,3,18,23,25,26,28,29,31,05,12,13,,,1.00,0.49,0.87,1*02
$GNGSA,M,3,84,83,82,80,,,,,,,,,1.00,0.49,0.87,2*08
$GNGSA,M,3,25,36,02,10,11,16,,,,,,,1.00,0.49,0.87,3*0A
$GNGSA,M,3,12,19,20,22,24,26,29,31,35,39,,,1.00,0.49,0.87,4*05
$GPGSV,3,1,11,05,36,126,43,10,00,342,25,12,19,035,38,13,12,031,24,1*64
$GPGSV,3,2,11,18,68,254,08,23,27,356,46,25,51,020,50,26,28,226,16,1*64
$GPGSV,3,3,11,28,21,294,21,29,57,145,39,31,21,261,15,1*52
$GPGSV,3,1,11,05,36,126,40,10,00,342,29,12,19,035,28,13,12,031,17,6*6D
$GPGSV,3,2,11,18,68,254,24,23,27,356,44,25,51,020,45,26,28,226,12,6*6F
$GPGSV,3,3,11,28,21,294,25,29,57,145,27,31,21,261,27,6*5F
$GPGSV,2,1,06,10,00,342,29,18,68,254,23,23,27,356,45,25,51,020,52,8*61
$GPGSV,2,2,06,26,28,226,24,28,21,294,25,8*64
$GPGSV,1,1,04,15,10,060,,16,00,220,,20,02,087,,21,06,143,,0*69
$GLGSV,2,1,06,67,16,106,24,74,16,210,08,80,46,355,48,82,24,143,35,1*7C
$GLGSV,2,2,06,83,53,207,12,84,25,273,16,1*7F
$GLGSV,2,1,07,67,16,106,20,68,11,057,18,73,58,247,24,80,46,355,43,3*78
$GLGSV,2,2,07,82,24,143,33,83,53,207,24,84,25,273,07,3*43
$GLGSV,1,1,01,66,00,156,,0*4A
$GAGSV,2,1,07,02,33,221,16,10,36,143,36,11,64,156,26,14,21,090,24,1*7F
$GAGSV,2,2,07,16,38,043,42,25,89,110,34,36,58,297,13,1*48
$GAGSV,1,1,03,10,36,143,33,16,38,043,50,25,89,110,36,5*4D
$GAGSV,2,1,06,10,36,143,31,11,64,156,26,14,21,090,25,16,38,043,45,7*70
$GAGSV,2,2,06,25,89,110,35,36,58,297,18,7*78
$GAGSV,1,1,02,12,13,138,,34,08,311,,0*71
$GBGSV,3,1,10,12,22,101,28,19,25,072,41,20,15,120,22,22,12,021,22,3*74
$GBGSV,3,2,10,24,25,231,09,26,52,284,09,29,23,119,41,31,36,255,13,3*79
$GBGSV,3,3,10,35,60,178,20,39,29,000,47,3*7B
$GBGSV,3,1,10,12,22,101,09,19,25,072,44,20,15,120,23,22,12,021,24,5*73
$GBGSV,3,2,10,24,25,231,27,26,52,284,19,29,23,119,38,31,36,255,17,5*78
$GBGSV,3,3,10,35,60,178,22,39,29,000,46,5*7E
$GBGSV,3,1,10,12,22,101,31,19,25,072,41,20,15,120,18,22,12,021,28,8*74
$GBGSV,3,2,10,24,25,231,27,26,52,284,18,29,23,119,42,31,36,255,23,8*7E
$GBGSV,3,3,10,35,60,178,16,39,29,000,48,8*7A
$GBGSV,1,1,01,11,03,111,,0*44
$GNGLL,3001.74357,S,05112.75066,W,170734.00,A,A*7B
$GNRMC,170735.00,A,3001.74356,S,05112.75066,W,0.017,,090926,,,A,V*1A
$GNVTG,,T,,M,0.017,N,0.031,K,A*39
$GNGGA,170735.00,3001.74356,S,05112.75066,W,1,12,0.51,49.2,M,4.8,M,,*4A
$GNGSA,M,3,18,23,25,26,28,29,31,05,12,13,,,1.03,0.51,0.89,1*06
$GNGSA,M,3,83,82,80,,,,,,,,,,1.03,0.51,0.89,2*00
$GNGSA,M,3,25,36,02,10,11,16,,,,,,,1.03,0.51,0.89,3*0E
$GNGSA,M,3,12,19,20,22,24,26,29,31,35,39,,,1.03,0.51,0.89,4*01
$GPGSV,3,1,11,05,36,126,43,10,00,342,24,12,19,035,37,13,12,031,24,1*6A
$GPGSV,3,2,11,18,68,254,09,23,27,356,46,25,51,020,50,26,28,226,16,1*65
$GPGSV,3,3,11,28,21,294,21,29,57,145,39,31,20,262,15,1*50
$GPGSV,3,1,11,05,36,126,40,10,00,342,29,12,19,035,28,13,12,031,18,6*62
$GPGSV,3,2,11,18,68,254,24,23,27,356,44,25,51,020,45,26,28,226,13,6*6E
$GPGSV,3,3,11,28,21,294,25,29,57,145,27,31,20,262,27,6*5D
$GPGSV,2,1,06,10,00,342,28,18,68,254,22,23,27,356,45,25,51,020,52,8*61
$GPGSV,2,2,06,26,28,226,23,28,21,294,25,8*63
$GPGSV,1,1,04,15,10,060,,16,00,220,,20,02,087,,21,06,143,,0*69
$GLGSV,2,1,07,67,16,106,24,68,11,057,15,74,16,210,08,80,46,355,48,1*79
$GLGSV,2,2,07,82,24,143,35,83,53,207,12,84,25,273,14,1*40
$GLGSV,2,1,07,67,16,106,20,68,11,057,18,73,58,247,23,80,46,355,42,3*7E
$GLGSV,2,2,07,82,24,143,33,83,53,207,25,84,25,273,09,3*4C
$GLGSV,1,1,01,66,00,156,,0*4A
$GAGSV,2,1,07,02,33,221,15,10,36,143,36,11,64,156,25,14,21,090,24,1*7F
$GAGSV,2,2,07,16,38,043,42,25,89,110,34,36,58,297,15,1*4E
$GAGSV,1,1,03,10,36,143,33,16,38,043,50,25,89,110,36,5*4D
$GAGSV,2,1,06,10,36,143,31,11,64,156,26,14,21,090,24,16,38,043,45,7*71
$GAGSV,2,2,06,25,89,110,35,36,58,297,19,7*79
$GAGSV,1,1,02,12,13,138,,34,08,311,,0*71
$GBGSV,3,1,10,12,22,101,28,19,25,072,42,20,15,120,22,22,12,021,22,3*77
$GBGSV,3,2,10,24,25,231,12,26,52,284,10,29,23,119,40,31,36,255,14,3*7D
$GBGSV,3,3,10,35,60,178,20,39,29,000,47,3*7B
$GBGSV,3,1,10,12,22,101,09,19,25,072,44,20,15,120,23,22,12,021,24,5*73
$GBGSV,3,2,10,24,25,231,27,26,52,284,18,29,23,119,38,31,36,255,18,5*76
$GBGSV,3,3,10,35,60,178,22,39,29,000,46,5*7E
$GBGSV,3,1,10,12,22,101,31,19,25,072,42,20,15,120,18,22,12,021,28,8*77
$GBGSV,3,2,10,24,25,231,27,26,52,284,16,29,23,119,42,31,36,255,23,8*70
$GBGSV,3,3,10,35,60,178,14,39,29,000,48,8*78
$GBGSV,1,1,01,11,03,111,,0*44
$GNGLL,3001.74356,S,05112.75066,W,170735.00,A,A*7B
$GNRMC,170736.00,A,3001.74356,S,05112.75065,W,0.010,,090926,,,A,V*1D
$GNVTG,,T,,M,0.010,N,0.019,K,A*34
$GNGGA,170736.00,3001.74356,S,05112.75065,W,1,12,0.51,49.2,M,4.8,M,,*4A
$GNGSA,M,3,18,23,25,26,28,29,31,05,12,13,,,1.03,0.51,0.89,1*06
$GNGSA,M,3,83,82,80,,,,,,,,,,1.03,0.51,0.89,2*00
$GNGSA,M,3,25,36,02,10,11,16,,,,,,,1.03,0.51,0.89,3*0E
$GNGSA,M,3,12,19,20,22,24,26,29,31,35,39,,,1.03,0.51,0.89,4*01
$GPGSV,3,1,11,05,36,126,43,10,00,342,22,12,19,035,38,13,12,031,24,1*63
$GPGSV,3,2,11,18,68,254,10,23,27,356,46,25,51,020,50,26,28,226,17,1*6C
$GPGSV,3,3,11,28,21,294,22,29,57,145,39,31,20,262,18,1*5E
$GPGSV,3,1,11,05,36,126,40,10,00,342,28,12,19,035,28,13,12,031,17,6*6C
$GPGSV,3,2,11,18,68,254,24,23,27,356,44,25,51,020,45,26,28,226,14,6*69
$GPGSV,3,3,11,28,21,294,25,29,57,145,27,31,20,262,27,6*5D
$GPGSV,2,1,06,10,00,342,27,18,68,254,21,23,27,356,45,25,51,020,52,8*6D
$GPGSV,2,2,06,26,28,226,23,28,21,294,25,8*63
$GPGSV,1,1,04,15,10,060,,16,00,220,,20,02,087,,21,06,143,,0*69
$GLGSV,2,1,07,67,16,106,25,68,11,057,16,74,16,210,08,80,46,355,48,1*7B
$GLGSV,2,2,07,82,24,143,35,83,53,207,13,84,25,273,13,1*46
$GLGSV,2,1,07,67,16,106,21,68,11,057,18,73,58,247,23,80,46,355,42,3*7F
$GLGSV,2,2,07,82,24,143,32,83,53,207,25,84,25,273,13,3*46
$GLGSV,1,1,01,66,00,156,,0*4A
$GAGSV,2,1,07,02,33,221,16,10,36,143,36,11,64,156,26,14,21,090,24,1*7F
$GAGSV,2,2,07,16,38,043,42,25,89,110,34,36,58,297,18,1*43
$GAGSV,1,1,03,10,36,143,33,16,38,043,50,25,89,110,36,5*4D
$GAGSV,2,1,06,10,36,143,31,11,64,156,26,14,21,090,24,16,38,043,45,7*71
$GAGSV,2,2,06,25,89,110,35,36,58,297,19,7*79
$GAGSV,1,1,02,12,13,138,,34,08,311,,0*71
$GBGSV,3,1,10,12,22,101,28,19,25,072,42,20,15,120,22,22,12,021,22,3*77
$GBGSV,3,2,10,24,25,231,09,26,52,284,09,29,23,119,40,31,36,255,13,3*78
$GBGSV,3,3,10,35,60,178,20,39,29,000,46,3*7A
$GBGSV,3,1,10,12,22,101,11,19,25,072,43,20,15,120,23,22,12,021,23,5*7A
$GBGSV,3,2,10,24,25,231,27,26,52,284,17,29,23,119,38,31,36,255,18,5*79
$GBGSV,3,3,10,35,60,178,22,39,29,000,46,5*7E
$GBGSV,3,1,10,12,22,101,31,19,25,072,41,20,15,120,18,22,12,021,28,8*74
$GBGSV,3,2,10,24,25,231,27,26,52,284,18,29,23,119,43,31,36,255,23,8*7F
$GBGSV,3,3,10,35,60,178,10,39,29,000,48,8*7C
$GBGSV,1,1,01,11,03,111,,0*44
$GNGLL,3001.74356,S,05112.75065,W,170736.00,A,A*7B
$GNRMC,170737.00,A,3001.74356,S,05112.75065,W,0.020,,090926,,,A,V*1F
$GNVTG,,T,,M,0.020,N,0.037,K,A*3B
$GNGGA,170737.00,3001.74356,S,05112.75065,W,1,12,0.49,49.2,M,4.8,M,,*42
$GNGSA,M,3,18,23,25,26,28,29,31,05,12,13,,,1.00,0.49,0.87,1*02
$GNGSA,M,3,84,83,82,80,,,,,,,,,1.00,0.49,0.87,2*08
$GNGSA,M,3,25,36,02,10,11,16,,,,,,,1.00,0.49,0.87,3*0A
$GNGSA,M,3,12,19,20,22,24,26,29,31,35,39,,,1.00,0.49,0.87,4*05
$GPGSV,3,1,11,05,36,126,43,10,00,342,20,12,19,035,38,13,12,031,25,1*60
$GPGSV,3,2,11,18,68,254,09,23,27,356,46,25,51,020,50,26,28,226,16,1*65
$GPGSV,3,3,11,28,21,294,21,29,57,145,39,31,20,262,20,1*56
$GPGSV,3,1,11,05,36,126,40,10,00,342,29,12,19,035,27,13,12,031,18,6*6D
$GPGSV,3,2,11,18,68,254,24,23,27,356,44,25,51,020,45,26,28,226,14,6*69
$GPGSV,3,3,11,28,21,294,25,29,57,145,27,31,20,262,27,6*5D
$GPGSV,2,1,06,10,00,342,27,18,68,254,23,23,27,356,45,25,51,020,52,8*6F
$GPGSV,2,2,06,26,28,226,24,28,21,294,24,8*65
$GPGSV,1,1,04,15,10,060,,16,00,220,,20,02,087,,21,06,143,,0*69
$GLGSV,2,1,07,67,16,106,25,68,11,057,17,74,16,210,08,80,46,355,48,1*7A
$GLGSV,2,2,07,82,24,143,35,83,53,207,14,84,25,273,12,1*40
$GLGSV,2,1,07,67,16,106,21,68,11,057,19,73,58,247,23,80,46,355,42,3*7E
$GLGSV,2,2,07,82,24,143,32,83,53,207,25,84,25,273,15,3*40
$GLGSV,1,1,01,66,00,156,,0*4A
$GAGSV,2,1,07,02,33,221,16,10,36,143,36,11,64,156,26,14,21,090,24,1*7F
$GAGSV,2,2,07,16,38,043,42,25,89,110,34,36,58,297,19,1*42
$GAGSV,1,1,03,10,36,143,33,16,38,043,50,25,89,110,36,5*4D
$GAGSV,2,1,06,10,36,143,30,11,64,156,26,14,21,090,24,16,38,043,45,7*70
$GAGSV,2,2,06,25,89,110,35,36,58,297,18,7*78
$GAGSV,1,1,02,12,13,138,,34,08,311,,0*71
$GBGSV,3,1,10,12,22,101,29,19,25,072,42,20,15,120,21,22,12,021,22,3*75
$GBGSV,3,2,10,24,25,231,11,26,52,284,07,29,23,119,41,31,36,255,14,3*79
$GBGSV,3,3,10,35,60,178,19,39,29,000,47,3*71
$GBGSV,3,1,10,12,22,101,10,19,25,072,44,20,15,120,23,22,12,021,23,5*7C
$GBGSV,3,2,10,24,25,231,27,26,52,284,16,29,23,119,38,31,36,255,18,5*78
$GBGSV,3,3,10,35,60,178,22,39,29,000,46,5*7E
$GBGSV,3,1,10,12,22,101,31,19,25,072,42,20,15,120,18,22,12,021,28,8*77
$GBGSV,3,2,10,24,25,231,27,26,52,284,18,29,23,119,43,31,36,255,23,8*7F
$GBGSV,3,3,10,35,60,178,08,39,29,000,48,8*75
$GBGSV,1,1,01,11,03,111,,0*44
$GNGLL,3001.74356,S,05112.75065,W,170737.00,A,A*7A
$GNRMC,170738.00,A,3001.74356,S,05112.75065,W,0.026,,090926,,,A,V*16
$GNVTG,,T,,M,0.026,N,0.049,K,A*34
$GNGGA,170738.00,3001.74356,S,05112.75065,W,1,12,0.49,49.2,M,4.8,M,,*4D
$GNGSA,M,3,18,23,25,26,28,29,31,05,12,13,,,1.00,0.49,0.87,1*02
$GNGSA,M,3,84,83,82,80,,,,,,,,,1.00,0.49,0.87,2*08
$GNGSA,M,3,25,36,02,10,11,16,,,,,,,1.00,0.49,0.87,3*0A
$GNGSA,M,3,12,19,20,22,24,26,29,31,35,39,,,1.00,0.49,0.87,4*05
$GPGSV,3,1,11,05,36,126,43,10,00,342,20,12,19,035,37,13,12,031,25,1*6F
$GPGSV,3,2,11,18,68,254,06,23,27,356,46,25,51,020,50,26,28,226,17,1*6B
$GPGSV,3,3,11,28,21,294,20,29,57,145,39,31,20,262,20,1*57
$GPGSV,3,1,11,05,36,126,40,10,00,342,30,12,19,035,27,13,12,031,17,6*6A
$GPGSV,3,2,11,18,68,254,24,23,27,356,44,25,51,020,45,26,28,226,13,6*6E
$GPGSV,3,3,11,28,21,294,25,29,57,145,27,31,20,262,27,6*5D
$GPGSV,2,1,06,10,00,342,29,18,68,254,21,23,27,356,45,25,51,020,52,8*63
$GPGSV,2,2,06,26,28,226,24,28,21,294,24,8*65
$GPGSV,1,1,04,15,10,060,,16,00,220,,20,02,087,,21,06,143,,0*69
$GLGSV,2,1,07,67,16,106,25,68,11,057,15,74,16,210,08,80,46,355,48,1*78
$GLGSV,2,2,07,82,24,143,35,83,53,207,16,84,25,273,12,1*42
$GLGSV,2,1,07,67,16,106,21,68,11,057,19,73,58,247,22,80,46,355,42,3*7F
$GLGSV,2,2,07,82,24,143,32,83,53,207,25,84,25,273,16,3*43
$GLGSV,1,1,01,66,00,156,,0*4A
$GAGSV,2,1,07,02,33,221,15,10,36,143,36,11,64,156,26,14,21,090,24,1*7C
$GAGSV,2,2,07,16,38,043,42,25,89,110,34,36,58,297,19,1*42
$GAGSV,1,1,03,10,36,143,33,16,38,043,50,25,89,110,36,5*4D
$GAGSV,2,1,06,10,36,143,31,11,64,156,26,14,21,090,23,16,38,043,45,7*76
$GAGSV,2,2,06,25,89,110,35,36,58,297,18,7*78
$GAGSV,1,1,02,12,13,138,,34,08,311,,0*71
$GBGSV,3,1,10,12,22,101,29,19,25,072,42,20,15,120,21,22,12,021,23,3*74
$GBGSV,3,2,10,24,25,231,08,26,52,284,08,29,23,119,40,31,36,255,13,3*78
$GBGSV,3,3,10,35,60,178,19,39,29,000,47,3*71
$GBGSV,3,1,09,19,25,072,44,20,15,120,23,22,12,021,23,24,25,231,27,5*72
$GBGSV,3,2,09,26,52,284,15,29,23,119,38,31,36,255,18,35,60,178,22,5*79
$GBGSV,3,3,09,39,29,000,47,5*49
$GBGSV,3,1,09,12,22,101,32,19,25,072,42,20,15,120,17,22,12,021,28,8*73
$GBGSV,3,2,09,24,25,231,27,26,52,284,19,29,23,119,43,31,36,255,23,8*76
$GBGSV,3,3,09,39,29,000,48,8*4B
$GBGSV,1,1,01,11,03,111,,0*44
$GNGLL,3001.74356,S,05112.75065,W,170738.00,A,A*75
$GNRMC,170739.00,A,3001.74356,S,05112.75065,W,0.012,,090926,,,A,V*10
$GNVTG,,T,,M,0.012,N,0.022,K,A*3E
$GNGGA,170739.00,3001.74356,S,05112.75065,W,1,12,0.49,49.2,M,4.8,M,,*4C
$GNGSA,M,3,18,23,25,26,28,29,31,05,12,13,,,1.00,0.49,0.87,1*02
$GNGSA,M,3,84,83,82,80,,,,,,,,,1.00,0.49,0.87,2*08
$GNGSA,M,3,25,36,02,10,11,16,,,,,,,1.00,0.49,0.87,3*0A
$GNGSA,M,3,12,19,20,22,24,26,29,31,35,39,,,1.00,0.49,0.87,4*05
$GPGSV,3,1,11,05,36,126,43,10,00,342,22,12,19,035,37,13,12,031,25,1*6D
$GPGSV,3,2,11,18,68,254,05,23,27,356,46,25,51,020,50,26,28,226,17,1*68
$GPGSV,3,3,11,28,21,294,19,29,57,145,39,31,20,262,21,1*5C
$GPGSV,3,1,11,05,36,126,39,10,00,342,30,12,19,035,28,13,12,031,17,6*6B
$GPGSV,3,2,11,18,68,254,24,23,27,356,44,25,51,020,45,26,28,226,15,6*68
$GPGSV,3,3,11,28,21,294,25,29,57,145,27,31,20,262,28,6*52
$GPGSV,2,1,05,10,00,342,32,23,27,356,45,25,51,020,52,26,28,226,24,8*63
$GPGSV,2,2,05,28,21,294,24,8*58
$GPGSV,1,1,04,15,10,060,,16,00,220,,20,02,087,,21,06,143,,0*69
$GLGSV,2,1,08,66,00,156,14,67,16,106,24,68,11,057,15,74,16,210,09,1*75
$GLGSV,2,2,08,80,46,355,48,82,24,143,35,83,53,207,16,84,25,273,12,1*78
$GLGSV,2,1,07,67,16,106,20,68,11,057,18,73,58,247,21,80,46,355,42,3*7C
$GLGSV,2,2,07,82,24,143,32,83,53,207,25,84,25,273,16,3*43
$GAGSV,2,1,07,02,34,221,15,10,36,143,36,11,64,156,26,14,21,090,23,1*7C
$GAGSV,2,2,07,16,38,043,42,25,89,110,34,36,58,297,20,1*48
$GAGSV,1,1,03,10,36,143,33,16,38,043,50,25,89,110,36,5*4D
$GAGSV,2,1,06,10,36,143,31,11,64,156,26,14,21,090,23,16,38,043,45,7*76
$GAGSV,2,2,06,25,89,110,35,36,58,297,19,7*79
$GAGSV,1,1,02,12,13,138,,34,08,311,,0*71
$GBGSV,3,1,10,12,22,101,29,19,25,072,42,20,15,120,21,22,12,021,23,3*74
$GBGSV,3,2,10,24,25,231,13,26,52,284,09,29,23,119,40,31,36,255,13,3*73
$GBGSV,3,3,10,35,60,178,19,39,29,000,46,3*70
$GBGSV,3,1,09,19,25,072,44,20,15,120,23,22,12,021,24,24,25,231,27,5*75
$GBGSV,3,2,09,26,52,284,16,29,23,119,38,31,36,255,17,35,60,178,22,5*75
$GBGSV,3,3,09,39,29,000,47,5*49
$GBGSV,3,1,09,12,22,101,32,19,25,072,42,20,15,120,16,22,12,021,28,8*72
$GBGSV,3,2,09,24,25,231,27,26,52,284,18,29,23,119,43,31,36,255,23,8*77
$GBGSV,3,3,09,39,29,000,48,8*4B
$GBGSV,1,1,01,11,03,111,,0*44
$GNGLL,3001.74356,S,05112.75065,W,170739.00,A,A*74
$GNRMC,170740.00,A,3001.74355,S,05112.75065,W,0.005,,090926,,,A,V*1B
$GNVTG,,T,,M,0.005,N,0.010,K,A*39
$GNGGA,170740.00,3001.74355,S,05112.75065,W,1,12,0.52,49.2,M,4.8,M,,*4B
$GNGSA,M,3,18,23,25,26,28,29,31,05,12,13,,,1.05,0.52,0.91,1*0A
$GNGSA,M,3,84,83,82,80,,,,,,,,,1.05,0.52,0.91,2*00
$GNGSA,M,3,25,36,10,11,16,,,,,,,,1.05,0.52,0.91,3*00
$GNGSA,M,3,12,19,22,24,26,29,31,35,39,,,,1.05,0.52,0.91,4*0F
$GPGSV,3,1,11,05,36,126,43,10,00,342,24,12,19,035,37,13,12,031,25,1*6B
$GPGSV,3,2,11,18,68,254,04,23,27,356,46,25,51,020,50,26,28,226,17,1*69
$GPGSV,3,3,11,28,21,294,18,29,57,145,39,31,20,262,22,1*5E
$GPGSV,3,1,11,05,36,126,39,10,00,342,30,12,19,035,28,13,12,031,17,6*6B
$GPGSV,3,2,11,18,68,254,24,23,27,356,44,25,51,020,45,26,28,226,15,6*68
$GPGSV,3,3,11,28,21,294,26,29,57,145,27,31,20,262,28,6*51
$GPGSV,2,1,06,10,00,342,32,18,68,254,21,23,27,356,45,25,51,020,52,8*69
$GPGSV,2,2,06,26,28,226,24,28,21,294,23,8*62
$GPGSV,1,1,04,15,10,060,,16,00,220,,20,02,087,,21,06,143,,0*69
$GLGSV,2,1,07,66,00,156,13,67,16,106,23,68,11,057,15,80,46,355,48,1*71
$GLGSV,2,2,07,82,24,143,35,83,53,207,17,84,25,273,10,1*41
$GLGSV,2,1,07,67,16,106,20,68,11,057,17,73,58,247,21,80,46,355,42,3*73
$GLGSV,2,2,07,82,24,143,32,83,53,207,25,84,25,273,15,3*40
$GLGSV,1,1,01,74,16,210,,0*4F
$GAGSV,2,1,07,02,34,221,14,10,36,143,36,11,64,156,26,14,21,090,23,1*7D
$GAGSV,2,2,07,16,38,043,42,25,89,110,34,36,58,297,20,1*48
$GAGSV,1,1,03,10,36,143,32,16,38,043,50,25,89,110,36,5*4C
$GAGSV,2,1,06,10,36,143,31,11,64,156,26,14,21,090,23,16,38,043,45,7*76
$GAGSV,2,2,06,25,89,110,35,36,58,297,20,7*73
$GAGSV,1,1,02,12,13,138,,34,08,311,,0*71
$GBGSV,3,1,10,12,22,101,30,19,25,072,42,20,15,120,21,22,12,021,23,3*7C
$GBGSV,3,2,10,24,25,231,16,26,52,284,09,29,23,119,40,31,36,255,13,3*76
$GBGSV,3,3,10,35,60,178,19,39,29,000,46,3*70
$GBGSV,3,1,09,19,25,072,44,20,15,120,22,22,12,021,24,24,25,231,27,5*74
$GBGSV,3,2,09,26,52,284,16,29,23,119,38,31,36,255,17,35,60,178,22,5*75
$GBGSV,3,3,09,39,29,000,47,5*49
$GBGSV,3,1,09,12,22,101,32,19,25,072,42,20,15,120,14,22,12,021,28,8*70
$GBGSV,3,2,09,24,25,231,27,26,52,284,18,29,23,119,43,31,36,255,24,8*70
$GBGSV,3,3,09,39,29,000,48,8*4B
$GBGSV,1,1,01,11,03,111,,0*44
$GNGLL,3001.74355,S,05112.75065,W,170740.00,A,A*79
$GNRMC,170741.00,A,3001.74355,S,05112.75064,W,0.026,,090926,,,A,V*1A
$GNVTG,,T,,M,0.026,N,0.048,K,A*35
$GNGGA,170741.00,3001.74355,S,05112.75064,W,1,12,0.54,49.2,M,4.8,M,,*4D
$GNGSA,M,3,18,23,25,26,28,29,31,05,12,13,,,1.08,0.54,0.93,1*03
$GNGSA,M,3,83,82,80,,,,,,,,,,1.08,0.54,0.93,2*05
$GNGSA,M,3,25,36,10,11,16,,,,,,,,1.08,0.54,0.93,3*09
$GNGSA,M,3,12,19,22,24,26,29,31,35,39,,,,1.08,0.54,0.93,4*06
$GPGSV,3,1,11,05,36,126,43,10,00,342,25,12,19,035,37,13,12,031,25,1*6A
$GPGSV,3,2,11,18,68,254,03,23,27,356,46,25,51,020,50,26,28,226,16,1*6F
$GPGSV,3,3,11,28,21,294,17,29,57,145,39,31,20,262,23,1*50
$GPGSV,3,1,11,05,36,126,39,10,00,342,31,12,19,035,28,13,12,031,17,6*6A
$GPGSV,3,2,11,18,68,254,24,23,27,356,44,25,51,020,45,26,28,226,16,6*6B
$GPGSV,3,3,11,28,21,294,26,29,57,145,27,31,20,262,28,6*51
$GPGSV,2,1,05,10,00,342,32,23,27,356,45,25,51,020,52,26,28,226,24,8*63
$GPGSV,2,2,05,28,21,294,23,8*5F
$GPGSV,1,1,04,15,10,060,,16,00,220,,20,02,087,,21,06,143,,0*69
$GLGSV,2,1,07,66,00,156,10,67,16,106,21,68,11,057,15,80,46,355,48,1*70
$GLGSV,2,2,07,82,24,143,35,83,53,207,19,84,25,273,08,1*46
$GLGSV,2,1,07,67,16,106,20,68,11,057,17,73,58,247,20,80,46,355,42,3*72
$GLGSV,2,2,07,82,24,143,32,83,53,207,24,84,25,273,14,3*40
$GLGSV,1,1,01,74,16,210,,0*4F
$GAGSV,2,1,07,02,34,221,14,10,36,143,36,11,64,156,26,14,21,090,23,1*7D
$GAGSV,2,2,07,16,38,043,42,25,89,110,35,36,58,297,20,1*49
$GAGSV,1,1,03,10,36,143,32,16,38,043,50,25,89,110,36,5*4C
$GAGSV,2,1,06,10,36,143,31,11,64,156,26,14,21,090,22,16,38,043,45,7*77
$GAGSV,2,2,06,25,89,110,35,36,58,297,20,7*73
$GAGSV,1,1,02,12,13,138,,34,08,311,,0*71
$GBGSV,3,1,10,12,22,101,30,19,25,072,42,20,15,120,21,22,12,021,23,3*7C
$GBGSV,3,2,10,24,25,231,12,26,52,284,07,29,23,119,40,31,36,255,13,3*7C
$GBGSV,3,3,10,35,60,178,19,39,29,000,47,3*71
$GBGSV,3,1,09,19,25,072,44,20,15,120,22,22,12,021,23,24,25,231,27,5*73
$GBGSV,3,2,09,26,52,284,16,29,23,119,38,31,36,255,17,35,60,178,23,5*74
$GBGSV,3,3,09,39,29,000,47,5*49
$GBGSV,3,1,09,12,22,101,33,19,25,072,42,20,15,120,14,22,12,021,28,8*71
$GBGSV,3,2,09,24,25,231,27,26,52,284,17,29,23,119,42,31,36,255,24,8*7E
$GBGSV,3,3,09,39,29,000,48,8*4B
$GBGSV,1,1,01,11,03,111,,0*44
$GNGLL,3001.74355,S,05112.75064,W,170741.00,A,A*79
$GNRMC,170742.00,A,3001.74355,S,05112.75064,W,0.012,,090926,,,A,V*1E
$GNVTG,,T,,M,0.012,N,0.023,K,A*3F
$GNGGA,170742.00,3001.74355,S,05112.75064,W,1,12,0.52,49.2,M,4.8,M,,*48
$GNGSA,M,3,18,23,25,26,28,29,31,05,12,13,,,1.04,0.52,0.90,1*0A
$GNGSA,M,3,83,82,80,,,,,,,,,,1.04,0.52,0.90,2*0C
$GNGSA,M,3,25,36,10,11,16,,,,,,,,1.04,0.52,0.90,3*00
$GNGSA,M,3,12,19,20,22,24,26,29,31,35,39,,,1.04,0.52,0.90,4*0D
$GPGSV,3,1,11,05,36,126,43,10,00,342,23,12,19,035,37,13,12,031,25,1*6C
$GPGSV,3,2,11,18,68,254,03,23,27,356,46,25,51,020,50,26,28,226,16,1*6F
$GPGSV,3,3,11,28,21,294,17,29,57,145,39,31,20,262,23,1*50
$GPGSV,3,1,11,05,36,126,39,10,00,342,33,12,19,035,28,13,12,031,17,6*68
$GPGSV,3,2,11,18,68,254,24,23,27,356,44,25,51,020,45,26,28,226,15,6*68
$GPGSV,3,3,11,28,21,294,26,29,57,145,27,31,20,262,28,6*51
$GPGSV,2,1,05,10,00,342,33,23,27,356,45,25,51,020,52,26,28,226,24,8*62
$GPGSV,2,2,05,28,21,294,23,8*5F
$GPGSV,1,1,04,15,10,060,,16,00,220,,20,02,087,,21,06,143,,0*69
$GLGSV,2,1,07,66,00,156,10,67,16,106,19,68,11,057,14,74,16,210,17,1*7E
$GLGSV,2,2,07,80,46,355,48,82,24,143,35,83,53,207,18,1*47
$GLGSV,2,1,07,67,16,106,20,68,11,057,16,73,58,247,20,80,46,355,42,3*73
$GLGSV,2,2,07,82,24,143,32,83,53,207,23,84,25,273,10,3*43
$GAGSV,2,1,07,02,34,221,13,10,36,143,36,11,64,156,26,14,21,090,23,1*7A
$GAGSV,2,2,07,16,38,043,42,25,89,110,35,36,58,297,21,1*48
$GAGSV,1,1,03,10,36,143,33,16,38,043,50,25,89,110,36,5*4D
$GAGSV,2,1,06,10,36,143,31,11,64,156,26,14,21,090,22,16,38,043,45,7*77
$GAGSV,2,2,06,25,89,110,34,36,58,297,21,7*73
$GAGSV,1,1,02,12,13,138,,34,08,311,,0*71
$GBGSV,3,1,10,12,22,101,30,19,25,072,42,20,15,120,21,22,12,021,23,3*7C
$GBGSV,3,2,10,24,25,231,15,26,52,284,09,29,23,119,40,31,36,255,13,3*75
$GBGSV,3,3,10,35,60,178,19,39,29,000,47,3*71
$GBGSV,3,1,09,19,25,072,44,20,15,120,22,22,12,021,24,24,25,231,27,5*74
$GBGSV,3,2,09,26,52,284,16,29,23,119,38,31,36,255,18,35,60,178,23,5*7B
$GBGSV,3,3,09,39,29,000,47,5*49
$GBGSV,3,1,09,12,22,101,33,19,25,072,42,20,15,120,15,22,12,021,29,8*71
$GBGSV,3,2,09,24,25,231,27,26,52,284,17,29,23,119,43,31,36,255,24,8*7F
$GBGSV,3,3,09,39,29,000,48,8*4B
$GBGSV,1,1,01,11,03,111,,0*44
$GNGLL,3001.74355,S,05112.75064,W,170742.00,A,A*7A
$GNRMC,170743.00,A,3001.74354,S,05112.75063,W,0.006,,090926,,,A,V*1C
$GNVTG,,T,,M,0.006,N,0.011,K,A*3B
$GNGGA,170743.00,3001.74354,S,05112.75063,W,1,12,0.50,49.2,M,4.8,M,,*4D
$GNGSA,M,3,18,23,25,26,28,29,31,05,12,13,,,1.01,0.50,0.87,1*0B
$GNGSA,M,3,83,82,80,,,,,,,,,,1.01,0.50,0.87,2*0D
$GNGSA,M,3,25,36,10,11,16,,,,,,,,1.01,0.50,0.87,3*01
$GNGSA,M,3,12,19,20,22,24,26,29,31,35,39,,,1.01,0.50,0.87,4*0C
$GPGSV,3,1,11,05,36,126,43,10,00,342,23,12,19,035,37,13,12,031,25,1*6C
$GPGSV,3,2,11,18,68,254,06,23,27,356,46,25,51,020,50,26,28,226,17,1*6B
$GPGSV,3,3,11,28,21,294,17,29,57,145,39,31,20,262,23,1*50
$GPGSV,3,1,11,05,36,126,39,10,00,342,33,12,19,035,28,13,12,031,18,6*67
$GPGSV,3,2,11,18,68,254,24,23,27,356,44,25,51,020,45,26,28,226,15,6*68
$GPGSV,3,3,11,28,21,294,27,29,57,145,27,31,20,262,28,6*50
$GPGSV,2,1,05,10,00,342,33,23,27,356,45,25,51,020,52,26,28,226,24,8*62
$GPGSV,2,2,05,28,21,294,23,8*5F
$GPGSV,1,1,04,15,10,060,,16,00,220,,20,02,087,,21,06,143,,0*69
$GLGSV,2,1,07,66,00,156,10,67,16,106,18,68,11,057,12,74,16,210,16,1*78
$GLGSV,2,2,07,80,46,355,48,82,24,143,35,83,53,207,19,1*46
$GLGSV,2,1,07,67,16,106,21,68,11,057,15,73,58,247,20,80,46,355,42,3*71
$GLGSV,2,2,07,82,24,143,31,83,53,207,22,84,25,273,13,3*42
$GAGSV,2,1,07,02,34,221,12,10,36,143,36,11,64,156,26,14,21,090,23,1*7B
$GAGSV,2,2,07,16,38,043,42,25,89,110,34,36,58,297,21,1*49
$GAGSV,1,1,03,10,36,143,32,16,38,043,50,25,89,110,36,5*4C
$GAGSV,2,1,06,10,36,143,31,11,64,156,27,14,21,090,21,16,38,043,45,7*75
$GAGSV,2,2,06,25,89,110,34,36,58,297,21,7*73
$GAGSV,1,1,02,12,13,138,,34,08,311,,0*71
$GBGSV,3,1,10,12,22,101,30,19,25,072,42,20,15,120,21,22,12,021,23,3*7C
$GBGSV,3,2,10,24,25,231,12,26,52,284,08,29,23,119,40,31,36,255,12,3*72
$GBGSV,3,3,10,35,60,178,19,39,29,000,47,3*71
$GBGSV,3,1,09,19,25,072,44,20,15,120,22,22,12,021,23,24,25,231,27,5*73
$GBGSV,3,2,09,26,52,284,16,29,23,119,38,31,36,255,18,35,60,178,23,5*7B
$GBGSV,3,3,09,39,29,000,47,5*49
$GBGSV,3,1,09,12,22,101,33,19,25,072,42,20,15,120,15,22,12,021,29,8*71
$GBGSV,3,2,09,24,25,231,27,26,52,284,16,29,23,119,43,31,36,255,24,8*7E
$GBGSV,3,3,09,39,29,000,48,8*4B
$GBGSV,1,1,01,11,03,111,,0*44
$GNGLL,3001.74354,S,05112.75063,W,170743.00,A,A*7D
$GNRMC,170744.00,A,3001.74354,S,05112.75062,W,0.006,,090926,,,A,V*1A
$GNVTG,,T,,M,0.006,N,0.011,K,A*3B
$GNGGA,170744.00,3001.74354,S,05112.75062,W,1,12,0.49,49.2,M,4.8,M,,*43
$GNGSA,M,3,18,23,25,26,28,29,31,05,12,13,,,0.99,0.49,0.86,1*02
$GNGSA,M,3,84,83,82,80,,,,,,,,,0.99,0.49,0.86,2*08
$GNGSA,M,3,25,36,10,11,16,,,,,,,,0.99,0.49,0.86,3*08
$GNGSA,M,3,12,19,20,22,24,26,29,31,35,39,,,0.99,0.49,0.86,4*05
$GPGSV,3,1,11,05,36,126,43,10,00,342,24,12,19,035,37,13,12,031,25,1*6B
$GPGSV,3,2,11,18,68,254,07,23,27,356,46,25,51,020,50,26,28,226,18,1*65
$GPGSV,3,3,11,28,21,294,18,29,57,145,39,31,20,262,23,1*5F
$GPGSV,3,1,11,05,36,126,39,10,00,342,32,12,19,035,28,13,12,031,19,6*67
$GPGSV,3,2,11,18,68,254,24,23,27,356,44,25,51,020,45,26,28,226,15,6*68
$GPGSV,3,3,11,28,21,294,27,29,57,145,27,31,20,262,28,6*50
$GPGSV,2,1,06,10,00,342,33,18,68,254,20,23,27,356,45,25,51,020,52,8*69
$GPGSV,2,2,06,26,28,226,24,28,21,294,23,8*62
$GPGSV,1,1,04,15,10,060,,16,00,220,,20,02,087,,21,06,143,,0*69
$GLGSV,2,1,07,66,00,156,10,67,16,106,15,68,11,057,12,74,16,210,15,1*76
$GLGSV,2,2,07,80,46,355,48,82,24,143,35,83,53,207,18,1*47
$GLGSV,2,1,06,67,16,106,20,73,58,247,21,80,46,355,42,82,24,143,31,3*70
$GLGSV,2,2,06,83,53,207,22,84,25,273,16,3*7E
$GAGSV,2,1,07,02,34,221,11,10,36,143,36,11,64,156,26,14,21,090,23,1*78
$GAGSV,2,2,07,16,38,043,42,25,89,110,35,36,58,297,21,1*48
$GAGSV,1,1,03,10,36,143,32,16,38,043,50,25,89,110,36,5*4C
$GAGSV,2,1,06,10,36,143,30,11,64,156,27,14,21,090,20,16,38,043,45,7*75
$GAGSV,2,2,06,25,89,110,34,36,58,297,21,7*73
$GAGSV,1,1,02,12,13,138,,34,08,311,,0*71
$GBGSV,3,1,10,12,22,101,30,19,25,072,42,20,15,120,21,22,12,021,24,3*7B
$GBGSV,3,2,10,24,25,231,14,26,52,284,10,29,23,119,40,31,36,255,13,3*7C
$GBGSV,3,3,10,35,60,178,18,39,29,000,47,3*70
$GBGSV,3,1,09,19,25,072,44,20,15,120,23,22,12,021,24,24,25,231,27,5*75
$GBGSV,3,2,09,26,52,284,16,29,23,119,38,31,36,255,18,35,60,178,23,5*7B
$GBGSV,3,3,09,39,29,000,47,5*49
$GBGSV,3,1,09,12,22,101,33,19,25,072,42,20,15,120,15,22,12,021,29,8*71
$GBGSV,3,2,09,24,25,231,27,26,52,284,16,29,23,119,43,31,36,255,24,8*7E
$GBGSV,3,3,09,39,29,000,48,8*4B
$GBGSV,1,1,01,11,03,111,,0*44
$GNGLL,3001.74354,S,05112.75062,W,170744.00,A,A*7B
$GNRMC,170745.00,A,3001.74353,S,05112.75062,W,0.006,,090926,,,A,V*1C
$GNVTG,,T,,M,0.006,N,0.012,K,A*38
$GNGGA,170745.00,3001.74353,S,05112.75062,W,1,12,0.49,49.2,M,4.8,M,,*45
$GNGSA,M,3,18,23,25,26,28,29,31,05,12,13,,,0.99,0.49,0.86,1*02
$GNGSA,M,3,84,83,82,80,,,,,,,,,0.99,0.49,0.86,2*08
$GNGSA,M,3,25,36,10,11,16,,,,,,,,0.99,0.49,0.86,3*08
$GNGSA,M,3,12,19,20,22,24,26,29,31,35,39,,,0.99,0.49,0.86,4*05
$GPGSV,3,1,11,05,36,126,43,10,00,342,25,12,19,035,37,13,12,031,25,1*6A
$GPGSV,3,2,11,18,68,254,08,23,27,356,46,25,51,020,50,26,28,226,19,1*6B
$GPGSV,3,3,11,28,21,294,18,29,57,145,39,31,20,262,23,1*5F
$GPGSV,3,1,11,05,36,126,39,10,00,342,30,12,19,035,28,13,12,031,19,6*65
$GPGSV,3,2,11,18,68,254,25,23,27,356,44,25,51,020,45,26,28,226,16,6*6A
$GPGSV,3,3,11,28,21,294,27,29,57,145,27,31,20,262,28,6*50
$GPGSV,2,1,05,10,00,342,32,23,27,356,45,25,51,020,52,26,28,226,24,8*63
$GPGSV,2,2,05,28,21,294,22,8*5E
$GPGSV,1,1,04,15,10,060,,16,00,220,,20,02,087,,21,06,143,,0*69
$GLGSV,2,1,07,66,00,156,11,67,16,106,14,68,11,057,12,74,16,210,16,1*75
$GLGSV,2,2,07,80,46,355,48,82,24,143,35,83,53,207,19,1*46
$GLGSV,2,1,06,67,16,106,20,73,58,247,21,80,46,355,42,82,24,143,31,3*70
$GLGSV,2,2,06,83,53,207,21,84,25,273,17,3*7C
$GAGSV,2,1,07,02,34,221,10,10,36,143,36,11,64,156,26,14,21,090,22,1*78
$GAGSV,2,2,07,16,38,043,42,25,89,110,35,36,58,297,21,1*48
$GAGSV,1,1,03,10,36,143,32,16,38,043,50,25,89,110,36,5*4C
$GAGSV,2,1,06,10,36,143,31,11,64,156,27,14,21,090,19,16,38,043,45,7*7E
$GAGSV,2,2,06,25,89,110,34,36,58,297,22,7*70
$GAGSV,1,1,02,12,13,138,,34,08,311,,0*71
$GBGSV,3,1,10,12,22,101,31,19,25,072,42,20,15,120,21,22,12,021,24,3*7A
$GBGSV,3,2,10,24,25,231,15,26,52,284,13,29,23,119,40,31,36,255,12,3*7F
$GBGSV,3,3,10,35,60,178,18,39,29,000,47,3*70
$GBGSV,3,1,09,19,25,072,44,20,15,120,23,22,12,021,24,24,25,231,27,5*75
$GBGSV,3,2,09,26,52,284,16,29,23,119,38,31,36,255,18,35,60,178,22,5*7A
$GBGSV,3,3,09,39,29,000,47,5*49
$GBGSV,3,1,09,12,22,101,33,19,25,072,42,20,15,120,15,22,12,021,29,8*71
$GBGSV,3,2,09,24,25,231,27,26,52,284,16,29,23,119,43,31,36,255,24,8*7E
$GBGSV,3,3,09,39,29,000,48,8*4B
$GBGSV,1,1,01,11,03,111,,0*44
$GNGLL,3001.74353,S,05112.75062,W,170745.00,A,A*7D
$GNRMC,170746.00,A,3001.74353,S,05112.75062,W,0.012,,090926,,,A,V*1A
$GNVTG,,T,,M,0.012,N,0.021,K,A*3D
$GNGGA,170746.00,3001.74353,S,05112.75062,W,1,12,0.49,49.2,M,4.8,M,,*46
$GNGSA,M,3,18,23,25,26,28,29,31,05,12,13,,,0.99,0.49,0.86,1*02
$GNGSA,M,3,84,83,82,80,,,,,,,,,0.99,0.49,0.86,2*08
$GNGSA,M,3,25,36,10,11,16,,,,,,,,0.99,0.49,0.86,3*08
$GNGSA,M,3,12,19,20,22,24,26,29,31,35,39,,,0.99,0.49,0.86,4*05
$GPGSV,3,1,11,05,36,126,43,10,00,342,25,12,19,035,37,13,12,031,25,1*6A
$GPGSV,3,2,11,18,68,254,08,23,27,356,46,25,51,020,50,26,28,226,20,1*61
$GPGSV,3,3,11,28,21,294,20,29,57,145,39,31,20,262,23,1*54
$GPGSV,3,1,11,05,36,126,39,10,00,342,29,12,19,035,28,13,12,031,18,6*6C
$GPGSV,3,2,11,18,68,254,25,23,27,356,44,25,51,020,45,26,28,226,16,6*6A
$GPGSV,3,3,11,28,21,294,27,29,57,145,27,31,20,262,28,6*50
$GPGSV,2,1,06,10,00,342,31,18,68,254,21,23,27,356,45,25,51,020,52,8*6A
$GPGSV,2,2,06,26,28,226,23,28,21,294,22,8*64
$GPGSV,1,1,04,15,10,060,,16,00,220,,20,02,087,,21,06,143,,0*69
$GLGSV,2,1,07,66,00,156,11,67,16,106,10,68,11,057,09,74,16,210,16,1*7B
$GLGSV,2,2,07,80,46,355,48,82,24,143,35,83,53,207,19,1*46
$GLGSV,2,1,06,67,16,106,20,73,58,247,20,80,46,355,42,82,24,143,31,3*71
$GLGSV,2,2,06,83,53,207,19,84,25,273,17,3*77
$GAGSV,2,1,07,02,34,221,10,10,36,143,36,11,64,156,26,14,21,090,23,1*79
$GAGSV,2,2,07,16,38,043,42,25,89,110,35,36,58,297,20,1*49
$GAGSV,1,1,03,10,36,143,32,16,38,043,50,25,89,110,36,5*4C
$GAGSV,2,1,06,10,36,143,31,11,64,156,27,14,21,090,19,16,38,043,45,7*7E
$GAGSV,2,2,06,25,89,110,34,36,58,297,22,7*70
$GAGSV,1,1,02,12,13,138,,34,08,311,,0*71
$GBGSV,3,1,10,12,22,101,31,19,25,072,42,20,15,120,22,22,12,021,24,3*79
$GBGSV,3,2,10,24,25,231,07,26,52,284,09,29,23,119,40,31,36,255,12,3*77
$GBGSV,3,3,10,35,60,178,17,39,29,000,47,3*7F
$GBGSV,3,1,09,19,25,072,44,20,15,120,23,22,12,021,23,24,25,231,27,5*72
$GBGSV,3,2,09,26,52,284,17,29,23,119,38,31,36,255,17,35,60,178,23,5*75
$GBGSV,3,3,09,39,29,000,47,5*49
$GBGSV,3,1,09,12,22,101,33,19,25,072,42,20,15,120,16,22,12,021,29,8*72
$GBGSV,3,2,09,24,25,231,27,26,52,284,16,29,23,119,43,31,36,255,24,8*7E
$GBGSV,3,3,09,39,29,000,48,8*4B
$GBGSV,1,1,01,11,03,111,,0*44
$GNGLL,3001.74353,S,05112.75062,W,170746.00,A,A*7E
$GNRMC,170747.00,A,3001.74353,S,05112.75061,W,0.006,,090926,,,A,V*1D
$GNVTG,,T,,M,0.006,N,0.010,K,A*3A
$GNGGA,170747.00,3001.74353,S,05112.75061,W,1,12,0.50,49.2,M,4.8,M,,*4C
$GNGSA,M,3,18,23,25,26,28,29,31,05,12,13,,,1.02,0.50,0.89,1*06
$GNGSA,M,3,84,83,82,80,,,,,,,,,1.02,0.50,0.89,2*0C
$GNGSA,M,3,25,36,10,11,16,,,,,,,,1.02,0.50,0.89,3*0C
$GNGSA,M,3,12,19,20,22,24,26,29,31,35,39,,,1.02,0.50,0.89,4*01
$GPGSV,3,1,11,05,36,126,43,10,00,342,26,12,19,035,37,13,12,031,25,1*69
$GPGSV,3,2,11,18,68,254,11,23,27,356,46,25,51,020,50,26,28,226,21,1*68
$GPGSV,3,3,11,28,21,294,21,29,57,145,39,31,20,262,23,1*55
$GPGSV,3,1,11,05,36,126,39,10,00,342,29,12,19,035,28,13,12,031,18,6*6C
$GPGSV,3,2,11,18,68,254,25,23,27,356,44,25,51,020,45,26,28,226,16,6*6A
$GPGSV,3,3,11,28,21,294,27,29,57,145,27,31,20,262,28,6*50
$GPGSV,2,1,05,10,00,342,30,23,27,356,45,25,51,020,52,26,28,226,24,8*61
$GPGSV,2,2,05,28,21,294,23,8*5F
$GPGSV,1,1,04,15,10,060,,16,00,220,,20,02,087,,21,06,143,,0*69
$GLGSV,2,1,06,66,00,156,12,68,11,057,10,73,58,247,16,80,46,355,48,1*7B
$GLGSV,2,2,06,82,24,143,35,83,53,207,19,1*72
$GLGSV,2,1,06,67,16,106,19,73,58,247,20,80,46,355,42,82,24,143,31,3*7B
$GLGSV,2,2,06,83,53,207,18,84,25,273,19,3*78
$GLGSV,1,1,01,74,16,210,,0*4F
$GAGSV,2,1,07,02,34,221,11,10,35,143,36,11,64,156,26,14,21,090,23,1*7B
$GAGSV,2,2,07,16,38,043,42,25,89,110,35,36,58,297,20,1*49
$GAGSV,1,1,03,10,35,143,32,16,38,043,50,25,89,110,36,5*4F
$GAGSV,2,1,06,10,35,143,31,11,64,156,27,14,21,090,19,16,38,043,45,7*7D
$GAGSV,2,2,06,25,89,110,34,36,58,297,22,7*70
$GAGSV,1,1,02,12,13,138,,34,08,311,,0*71
$GBGSV,3,1,10,12,22,101,31,19,25,072,42,20,15,120,22,22,12,021,24,3*79
$GBGSV,3,2,10,24,25,231,10,26,52,284,13,29,23,119,40,31,36,255,12,3*7A
$GBGSV,3,3,10,35,60,178,19,39,29,000,47,3*71
$GBGSV,3,1,09,19,25,072,44,20,15,120,23,22,12,021,23,24,25,231,27,5*72
$GBGSV,3,2,09,26,52,284,16,29,23,119,38,31,36,255,17,35,60,178,22,5*75
$GBGSV,3,3,09,39,29,000,47,5*49
$GBGSV,3,1,09,12,22,101,34,19,25,072,42,20,15,120,16,22,12,021,29,8*75
$GBGSV,3,2,09,24,25,231,27,26,52,284,15,29,23,119,43,31,36,255,24,8*7D
$GBGSV,3,3,09,39,29,000,48,8*4B
$GBGSV,1,1,01,11,03,111,,0*44
$GNGLL,3001.74353,S,05112.75061,W,170747.00,A,A*7C
$GNRMC,170748.00,A,3001.74353,S,05112.75061,W,0.003,,090926,,,A,V*17
$GNVTG,,T,,M,0.003,N,0.005,K,A*3B
$GNGGA,170748.00,3001.74353,S,05112.75061,W,1,12,0.52,49.2,M,4.8,M,,*41
$GNGSA,M,3,18,23,25,26,28,29,31,05,12,13,,,1.05,0.52,0.91,1*0A
$GNGSA,M,3,84,83,82,80,,,,,,,,,1.05,0.52,0.91,2*00
$GNGSA,M,3,25,36,10,11,16,,,,,,,,1.05,0.52,0.91,3*00
$GNGSA,M,3,12,19,20,22,24,26,29,31,35,39,,,1.05,0.52,0.91,4*0D
$GPGSV,3,1,11,05,36,126,43,10,00,342,26,12,19,035,37,13,12,031,25,1*69
$GPGSV,3,2,11,18,68,254,13,23,27,356,45,25,51,020,50,26,28,226,22,1*6A
$GPGSV,3,3,11,28,21,294,22,29,57,145,39,31,20,262,24,1*51
$GPGSV,3,1,11,05,36,126,39,10,00,342,30,12,19,035,28,13,12,031,18,6*64
$GPGSV,3,2,11,18,68,254,24,23,27,356,44,25,51,020,45,26,28,226,16,6*6B
$GPGSV,3,3,11,28,21,294,27,29,57,145,27,31,20,262,28,6*50
$GPGSV,2,1,05,10,00,342,31,23,27,356,45,25,51,020,52,26,28,226,24,8*60
$GPGSV,2,2,05,28,21,294,23,8*5F
$GPGSV,1,1,04,15,10,060,,16,00,220,,20,02,087,,21,06,143,,0*69
$GLGSV,2,1,08,66,00,156,12,68,11,057,12,73,58,247,16,74,16,210,19,1*7D
$GLGSV,2,2,08,80,46,355,48,82,24,143,35,83,53,207,20,84,25,273,17,1*78
$GLGSV,2,1,06,67,16,106,20,73,58,247,20,80,46,355,42,82,24,143,32,3*72
$GLGSV,2,2,06,83,53,207,18,84,25,273,20,3*72
$GAGSV,2,1,07,02,34,221,12,10,35,143,36,11,63,156,26,14,21,090,23,1*7F
$GAGSV,2,2,07,16,38,043,42,25,89,110,35,36,58,297,20,1*49
$GAGSV,1,1,03,10,35,143,32,16,38,043,50,25,89,110,36,5*4F
$GAGSV,2,1,06,10,35,143,31,11,63,156,27,14,21,090,18,16,38,043,45,7*7B
$GAGSV,2,2,06,25,89,110,34,36,58,297,23,7*71
$GAGSV,1,1,02,12,13,138,,34,08,311,,0*71
$GBGSV,3,1,10,12,22,101,30,19,25,072,42,20,15,120,22,22,12,021,24,3*78
$GBGSV,3,2,10,24,25,231,12,26,52,284,07,29,23,119,40,31,36,255,12,3*7D
$GBGSV,3,3,10,35,60,178,19,39,29,000,47,3*71
$GBGSV,3,1,09,19,25,072,44,20,15,120,23,22,12,021,23,24,25,231,27,5*72
$GBGSV,3,2,09,26,52,284,17,29,23,119,38,31,36,255,16,35,60,178,22,5*75
$GBGSV,3,3,09,39,29,000,47,5*49
$GBGSV,3,1,09,12,22,101,33,19,25,072,42,20,15,120,16,22,12,021,30,8*7A
$GBGSV,3,2,09,24,25,231,27,26,52,284,14,29,23,119,43,31,36,255,24,8*7C
$GBGSV,3,3,09,39,29,000,48,8*4B
$GBGSV,1,1,01,11,03,111,,0*44
$GNGLL,3001.74353,S,05112.75061,W,170748.00,A,A*73
$GNRMC,170749.00,A,3001.74353,S,05112.75060,W,0.007,,090926,,,A,V*13
$GNVTG,,T,,M,0.007,N,0.014,K,A*3F
$GNGGA,170749.00,3001.74353,S,05112.75060,W,1,12,0.52,49.2,M,4.8,M,,*41
$GNGSA,M,3,18,23,25,26,28,29,31,05,12,13,,,1.08,0.52,0.94,1*02
$GNGSA,M,3,84,83,82,80,,,,,,,,,1.08,0.52,0.94,2*08
$GNGSA,M,3,25,36,10,11,16,,,,,,,,1.08,0.52,0.94,3*08
$GNGSA,M,3,12,19,20,22,24,26,29,31,35,39,,,1.08,0.52,0.94,4*05
$GPGSV,3,1,11,05,36,126,43,10,00,342,25,12,19,035,37,13,12,031,25,1*6A
$GPGSV,3,2,11,18,68,254,12,23,27,356,45,25,51,020,50,26,28,226,22,1*6B
$GPGSV,3,3,11,28,21,294,24,29,57,145,39,31,20,262,24,1*57
$GPGSV,3,1,11,05,36,126,39,10,00,342,31,12,19,035,28,13,12,031,18,6*65
$GPGSV,3,2,11,18,68,254,24,23,27,356,44,25,51,020,45,26,28,226,15,6*68
$GPGSV,3,3,11,28,21,294,27,29,57,145,27,31,20,262,28,6*50
$GPGSV,2,1,06,10,00,342,32,18,68,254,18,23,27,356,45,25,51,020,52,8*63
$GPGSV,2,2,06,26,28,226,25,28,21,294,23,8*63
$GPGSV,1,1,04,15,10,060,,16,00,220,,20,02,087,,21,06,143,,0*69
$GLGSV,2,1,08,66,00,156,11,68,11,057,11,73,58,247,18,74,16,210,18,1*72
$GLGSV,2,2,08,80,46,355,48,82,24,143,35,83,53,207,20,84,25,273,16,1*79
$GLGSV,2,1,06,67,16,106,20,73,58,247,19,80,46,355,42,82,24,143,31,3*7B
$GLGSV,2,2,06,83,53,207,18,84,25,273,20,3*72
$GAGSV,2,1,07,02,34,221,12,10,35,143,36,11,63,156,26,14,21,090,23,1*7F
$GAGSV,2,2,07,16,38,043,42,25,89,110,35,36,58,297,20,1*49
$GAGSV,1,1,03,10,35,143,32,16,38,043,50,25,89,110,36,5*4F
$GAGSV,2,1,06,10,35,143,31,11,63,156,27,14,21,090,18,16,38,043,45,7*7B
$GAGSV,2,2,06,25,89,110,34,36,58,297,23,7*71
$GAGSV,1,1,02,12,12,138,,34,08,311,,0*70
$GBGSV,3,1,10,12,22,101,30,19,25,072,42,20,15,120,21,22,12,021,24,3*7B
$GBGSV,3,2,10,24,25,231,15,26,52,284,11,29,23,119,40,31,36,255,11,3*7E
$GBGSV,3,3,10,35,60,178,19,39,29,000,47,3*71
$GBGSV,3,1,09,19,25,072,44,20,15,120,22,22,12,021,23,24,25,231,28,5*7C
$GBGSV,3,2,09,26,52,284,16,29,23,119,38,31,36,255,16,35,60,178,22,5*74
$GBGSV,3,3,09,39,29,000,47,5*49
$GBGSV,3,1,09,12,22,101,33,19,25,072,42,20,15,120,17,22,12,021,29,8*73
$GBGSV,3,2,09,24,25,231,27,26,52,284,14,29,23,119,43,31,36,255,24,8*7C
$GBGSV,3,3,09,39,29,000,48,8*4B
$GBGSV,1,1,01,11,03,111,,0*44
$GNGLL,3001.74353,S,05112.75060,W,170749.00,A,A*73
$GNRMC,170750.00,A,3001.74353,S,05112.75060,W,0.030,,090926,,,A,V*1F
$GNVTG,,T,,M,0.030,N,0.056,K,A*3D
$GNGGA,170750.00,3001.74353,S,05112.75060,W,1,12,0.52,49.2,M,4.8,M,,*49
$GNGSA,M,3,18,23,25,26,28,29,31,05,12,13,,,1.08,0.52,0.94,1*02
$GNGSA,M,3,84,83,82,80,,,,,,,,,1.08,0.52,0.94,2*08
$GNGSA,M,3,25,36,10,11,16,,,,,,,,1.08,0.52,0.94,3*08
$GNGSA,M,3,12,19,20,22,24,26,29,31,35,39,,,1.08,0.52,0.94,4*05
$GPGSV,3,1,11,05,36,126,43,10,00,342,24,12,19,035,37,13,12,031,25,1*6B
$GPGSV,3,2,11,18,68,254,12,23,27,356,45,25,51,020,50,26,28,226,23,1*6A
$GPGSV,3,3,11,28,21,294,25,29,57,145,39,31,20,262,25,1*57
$GPGSV,3,1,11,05,36,126,39,10,00,342,31,12,19,035,28,13,12,031,18,6*65
$GPGSV,3,2,11,18,68,254,24,23,27,356,44,25,51,020,45,26,28,226,15,6*68
$GPGSV,3,3,11,28,21,294,27,29,57,145,27,31,20,262,29,6*51
$GPGSV,2,1,05,10,00,342,32,23,27,356,45,25,51,020,52,26,28,226,25,8*62
$GPGSV,2,2,05,28,21,294,24,8*58
$GPGSV,1,1,04,15,10,060,,16,00,220,,20,02,087,,21,06,143,,0*69
$GLGSV,2,1,08,66,00,156,09,68,11,057,12,73,58,247,17,74,16,210,17,1*78
$GLGSV,2,2,08,80,46,355,48,82,24,143,35,83,53,207,22,84,25,273,17,1*7A
$GLGSV,2,1,06,67,16,106,20,73,58,247,19,80,46,355,42,82,24,143,31,3*7B
$GLGSV,2,2,06,83,53,207,18,84,25,273,21,3*73
$GAGSV,2,1,07,02,34,221,10,10,35,143,36,11,63,156,26,14,21,090,22,1*7C
$GAGSV,2,2,07,16,38,043,42,25,89,110,35,36,58,297,20,1*49
$GAGSV,1,1,03,10,35,143,33,16,38,043,50,25,89,110,36,5*4E
$GAGSV,2,1,06,10,35,143,31,11,63,156,27,14,21,090,17,16,38,043,45,7*74
$GAGSV,2,2,06,25,89,110,34,36,58,297,25,7*77
$GAGSV,1,1,02,12,12,138,,34,08,311,,0*70
$GBGSV,3,1,10,12,22,101,30,19,25,072,42,20,15,120,22,22,12,021,23,3*7F
$GBGSV,3,2,10,24,25,231,15,26,52,284,12,29,23,119,40,31,36,255,10,3*7C
$GBGSV,3,3,10,35,60,178,19,39,29,000,47,3*71
$GBGSV,3,1,09,19,25,072,44,20,15,120,22,22,12,021,23,24,25,231,27,5*73
$GBGSV,3,2,09,26,52,284,16,29,23,119,38,31,36,255,15,35,60,178,23,5*76
$GBGSV,3,3,09,39,29,000,47,5*49
$GBGSV,3,1,09,12,22,101,33,19,25,072,42,20,15,120,18,22,12,021,29,8*7C
$GBGSV,3,2,09,24,25,231,27,26,52,284,14,29,23,119,43,31,36,255,24,8*7C
$GBGSV,3,3,09,39,29,000,48,8*4B
$GBGSV,1,1,01,11,03,111,,0*44
$GNGLL,3001.74353,S,05112.75060,W,170750.00,A,A*7B
$GNRMC,170751.00,A,3001.74353,S,05112.75060,W,0.031,,090926,,,A,V*1F
$GNVTG,,T,,M,0.031,N,0.058,K,A*32
$GNGGA,170751.00,3001.74353,S,05112.75060,W,1,12,0.52,49.2,M,4.8,M,,*48
$GNGSA,M,3,18,23,25,26,28,29,31,05,12,13,,,1.08,0.52,0.94,1*02
$GNGSA,M,3,84,83,82,80,,,,,,,,,1.08,0.52,0.94,2*08
$GNGSA,M,3,25,36,10,11,16,,,,,,,,1.08,0.52,0.94,3*08
$GNGSA,M,3,12,19,20,22,24,26,29,31,35,39,,,1.08,0.52,0.94,4*05
$GPGSV,3,1,11,05,36,126,43,10,00,342,23,12,19,035,37,13,12,031,25,1*6C
$GPGSV,3,2,11,18,68,254,14,23,27,356,45,25,51,020,50,26,28,226,23,1*6C
$GPGSV,3,3,11,28,21,294,26,29,57,145,39,31,20,262,25,1*54
$GPGSV,3,1,11,05,36,126,39,10,00,342,31,12,19,035,28,13,12,031,19,6*64
$GPGSV,3,2,11,18,68,254,24,23,27,356,44,25,51,020,45,26,28,226,15,6*68
$GPGSV,3,3,11,28,21,294,27,29,57,145,27,31,20,262,29,6*51
$GPGSV,2,1,07,10,00,342,31,18,68,254,19,23,27,356,45,25,51,020,52,8*60
$GPGSV,2,2,07,26,28,226,25,26,28,226,25,28,21,294,24,8*5A
$GPGSV,1,1,04,15,10,060,,16,00,220,,20,02,087,,21,06,143,,0*69
$GLGSV,2,1,08,66,00,156,10,68,11,057,12,73,58,247,18,74,16,210,15,1*7D
$GLGSV,2,2,08,80,46,355,48,82,24,143,35,83,53,207,22,84,25,273,15,1*78
$GLGSV,2,1,06,67,16,106,20,73,58,247,18,80,46,355,42,82,24,143,31,3*7A
$GLGSV,2,2,06,83,53,207,18,84,25,273,21,3*73
$GAGSV,2,1,07,02,34,221,08,10,35,143,36,11,63,156,26,14,21,089,22,1*7D
$GAGSV,2,2,07,16,38,043,42,25,89,110,35,36,58,297,19,1*43
$GAGSV,1,1,03,10,35,143,32,16,38,043,50,25,89,110,36,5*4F
$GAGSV,2,1,06,10,35,143,31,11,63,156,27,14,21,089,16,16,38,043,46,7*7E
$GAGSV,2,2,06,25,89,110,34,36,58,297,25,7*77
$GAGSV,1,1,02,12,12,138,,34,08,311,,0*70
$GBGSV,3,1,10,12,22,101,30,19,25,072,42,20,15,120,22,22,12,021,24,3*78
$GBGSV,3,2,10,24,25,231,14,26,52,284,12,29,23,119,40,31,36,255,11,3*7C
$GBGSV,3,3,10,35,60,178,19,39,29,000,47,3*71
$GBGSV,3,1,09,19,25,072,44,20,15,120,22,22,12,021,23,24,25,231,28,5*7C
$GBGSV,3,2,09,26,52,284,16,29,23,119,38,31,36,255,16,35,60,178,22,5*74
$GBGSV,3,3,09,39,29,000,47,5*49
$GBGSV,3,1,09,12,22,101,34,19,25,072,42,20,15,120,19,22,12,021,29,8*7A
$GBGSV,3,2,09,24,25,231,27,26,52,284,13,29,23,119,43,31,36,255,24,8*7B
$GBGSV,3,3,09,39,29,000,48,8*4B
$GBGSV,1,1,01,11,03,111,,0*44
$GNGLL,3001.74353,S,05112.75060,W,170751.00,A,A*7A
$GNRMC,170752.00,A,3001.74353,S,05112.75060,W,0.018,,090926,,,A,V*17
$GNVTG,,T,,M,0.018,N,0.033,K,A*34
$GNGGA,170752.00,3001.74353,S,05112.75060,W,1,12,0.52,49.2,M,4.8,M,,*4B
$GNGSA,M,3,18,23,25,26,28,29,31,05,12,13,,,1.06,0.52,0.93,1*0B
$GNGSA,M,3,84,83,82,80,,,,,,,,,1.06,0.52,0.93,2*01
$GNGSA,M,3,25,36,10,11,16,,,,,,,,1.06,0.52,0.93,3*01
$GNGSA,M,3,12,19,20,22,24,26,29,31,35,39,,,1.06,0.52,0.93,4*0C
$GPGSV,3,1,11,05,36,126,43,10,00,342,22,12,19,035,37,13,12,031,24,1*6C
$GPGSV,3,2,11,18,68,254,15,23,27,356,45,25,51,020,50,26,28,226,23,1*6D
$GPGSV,3,3,11,28,21,294,26,29,57,145,39,31,20,262,25,1*54
$GPGSV,3,1,11,05,36,126,39,10,00,342,30,12,19,035,28,13,12,031,19,6*65
$GPGSV,3,2,11,18,68,254,24,23,27,356,44,25,51,020,45,26,28,226,16,6*6B
$GPGSV,3,3,11,28,21,294,27,29,57,145,27,31,20,262,29,6*51
$GPGSV,2,1,06,10,00,342,29,18,68,254,19,23,27,356,45,25,51,020,52,8*68
$GPGSV,2,2,06,26,28,226,25,28,21,294,24,8*64
$GPGSV,1,1,04,15,10,060,,16,00,220,,20,02,087,,21,06,143,,0*69
$GLGSV,3,1,09,66,00,156,11,67,16,106,22,68,11,057,12,73,58,247,16,1*70
$GLGSV,3,2,09,74,16,210,14,80,46,355,48,82,24,143,35,83,53,207,22,1*73
$GLGSV,3,3,09,84,25,273,16,1*4B
$GLGSV,2,1,06,67,16,106,19,73,58,247,18,80,46,355,42,82,24,143,31,3*70
$GLGSV,2,2,06,83,53,207,18,84,25,273,21,3*73
$GAGSV,2,1,07,02,34,221,08,10,35,143,36,11,63,156,26,14,21,089,22,1*7D
$GAGSV,2,2,07,16,38,043,42,25,89,110,35,36,58,297,20,1*49
$GAGSV,1,1,03,10,35,143,33,16,38,043,50,25,89,110,36,5*4E
$GAGSV,2,1,06,10,35,143,31,11,63,156,27,14,21,089,15,16,38,043,46,7*7D
$GAGSV,2,2,06,25,89,110,34,36,58,297,25,7*77
$GAGSV,1,1,02,12,12,138,,34,08,311,,0*70
$GBGSV,3,1,10,12,22,101,30,19,25,072,42,20,15,120,22,22,12,021,24,3*78
$GBGSV,3,2,10,24,25,231,14,26,52,284,15,29,23,119,40,31,36,255,13,3*79
$GBGSV,3,3,10,35,60,178,19,39,29,000,47,3*71
$GBGSV,3,1,09,19,25,072,44,20,15,120,22,22,12,021,23,24,25,231,28,5*7C
$GBGSV,3,2,09,26,52,284,16,29,23,119,39,31,36,255,17,35,60,178,23,5*75
$GBGSV,3,3,09,39,29,000,47,5*49
$GBGSV,3,1,09,12,22,101,34,19,25,072,42,20,15,120,20,22,12,021,29,8*70
$GBGSV,3,2,09,24,25,231,28,26,52,284,11,29,23,119,43,31,36,255,24,8*76
$GBGSV,3,3,09,39,29,000,48,8*4B
$GBGSV,1,1,01,11,03,111,,0*44
$GNGLL,3001.74353,S,05112.75060,W,170752.00,A,A*79
$GNRMC,170753.00,A,3001.74353,S,05112.75061,W,0.019,,090926,,,A,V*16
$GNVTG,,T,,M,0.019,N,0.036,K,A*30
$GNGGA,170753.00,3001.74353,S,05112.75061,W,1,12,0.52,49.2,M,4.8,M,,*4B
$GNGSA,M,3,18,23,25,26,28,29,31,05,12,13,,,1.08,0.52,0.94,1*02
$GNGSA,M,3,84,83,82,80,,,,,,,,,1.08,0.52,0.94,2*08
$GNGSA,M,3,25,36,10,11,16,,,,,,,,1.08,0.52,0.94,3*08
$GNGSA,M,3,12,19,20,22,24,26,29,31,35,39,,,1.08,0.52,0.94,4*05
$GPGSV,3,1,11,05,36,126,43,10,00,342,21,12,19,035,37,13,12,031,24,1*6F
$GPGSV,3,2,11,18,68,254,15,23,27,356,45,25,51,020,50,26,28,226,23,1*6D
$GPGSV,3,3,11,28,21,294,26,29,57,145,39,31,20,262,26,1*57
$GPGSV,3,1,11,05,36,126,39,10,00,342,27,12,19,035,28,13,12,031,18,6*62
$GPGSV,3,2,11,18,68,254,24,23,27,356,44,25,51,020,45,26,28,226,15,6*68
$GPGSV,3,3,11,28,21,294,27,29,57,145,27,31,20,262,29,6*51
$GPGSV,2,1,05,10,00,342,27,23,27,356,45,25,51,020,52,26,28,226,25,8*66
$GPGSV,2,2,05,28,21,294,23,8*5F
$GPGSV,1,1,04,15,10,060,,16,00,220,,20,02,087,,21,06,143,,0*69
$GLGSV,3,1,09,66,00,156,09,67,16,106,21,68,11,057,11,73,58,247,16,1*79
$GLGSV,3,2,09,74,16,210,15,80,46,355,48,82,24,143,35,83,53,207,22,1*72
$GLGSV,3,3,09,84,25,273,16,1*4B
$GLGSV,2,1,07,67,16,106,20,68,11,057,16,73,58,247,19,80,46,355,42,3*79
$GLGSV,2,2,07,82,24,143,31,83,53,207,17,84,25,273,20,3*44
$GAGSV,2,1,06,10,35,143,36,11,63,156,27,14,21,089,22,16,37,042,42,1*72
$GAGSV,2,2,06,25,89,110,35,36,58,297,20,1*75
$GAGSV,1,1,03,10,35,143,33,16,37,042,50,25,89,110,36,5*40
$GAGSV,2,1,06,10,35,143,30,11,63,156,27,14,21,089,13,16,37,042,46,7*74
$GAGSV,2,2,06,25,89,110,34,36,58,297,25,7*77
$GAGSV,1,1,03,02,34,221,,12,12,138,,34,08,311,,0*45
$GBGSV,3,1,10,12,22,101,30,19,25,072,42,20,15,120,22,22,12,021,25,3*79
$GBGSV,3,2,10,24,25,231,14,26,52,284,10,29,23,119,40,31,36,255,12,3*7D
$GBGSV,3,3,10,35,60,178,20,39,29,000,47,3*7B
$GBGSV,3,1,09,19,25,072,44,20,15,120,23,22,12,021,23,24,25,231,28,5*7D
$GBGSV,3,2,09,26,52,284,16,29,23,119,39,31,36,255,17,35,60,178,22,5*74
$GBGSV,3,3,09,39,29,000,47,5*49
$GBGSV,2,1,08,12,22,101,34,19,25,072,42,20,15,120,20,22,12,021,29,8*70
$GBGSV,2,2,08,24,25,231,28,29,23,119,43,31,36,255,23,39,29,000,48,8*71
$GBGSV,1,1,01,11,03,111,,0*44
$GNGLL,3001.74353,S,05112.75061,W,170753.00,A,A*79
$GNRMC,170754.00,A,3001.74353,S,05112.75060,W,0.009,,090926,,,A,V*11
$GNVTG,,T,,M,0.009,N,0.017,K,A*32
$GNGGA,170754.00,3001.74353,S,05112.75060,W,1,12,0.52,49.2,M,4.8,M,,*4D
$GNGSA,M,3,18,23,25,26,28,29,31,05,12,13,,,1.08,0.52,0.94,1*02
$GNGSA,M,3,84,83,82,80,,,,,,,,,1.08,0.52,0.94,2*08
$GNGSA,M,3,25,36,10,11,16,,,,,,,,1.08,0.52,0.94,3*08
$GNGSA,M,3,12,19,20,22,24,26,29,31,35,39,,,1.08,0.52,0.94,4*05
$GPGSV,3,1,11,05,36,126,43,10,00,342,20,12,19,035,37,13,12,031,23,1*69
$GPGSV,3,2,11,18,68,254,14,23,27,356,45,25,51,020,50,26,28,226,23,1*6C
$GPGSV,3,3,11,28,21,294,26,29,57,145,39,31,20,262,26,1*57
$GPGSV,3,1,11,05,36,126,39,10,00,342,23,12,19,035,28,13,12,031,17,6*69
$GPGSV,3,2,11,18,68,254,24,23,27,356,44,25,51,020,45,26,28,226,15,6*68
$GPGSV,3,3,11,28,21,294,27,29,57,145,27,31,20,262,29,6*51
$GPGSV,2,1,06,10,00,342,24,18,68,254,19,23,27,356,45,25,51,020,52,8*65
$GPGSV,2,2,06,26,28,226,25,28,21,294,23,8*63
$GPGSV,1,1,04,15,10,060,,16,00,220,,20,02,087,,21,06,143,,0*69
$GLGSV,3,1,09,66,00,156,08,67,16,106,21,68,11,057,11,73,58,247,16,1*78
$GLGSV,3,2,09,74,16,210,15,80,46,355,48,82,24,143,35,83,53,207,22,1*72
$GLGSV,3,3,09,84,25,273,17,1*4A
$GLGSV,2,1,07,67,16,106,20,68,11,057,17,73,58,247,20,80,46,355,42,3*72
$GLGSV,2,2,07,82,24,143,31,83,53,207,17,84,25,273,20,3*44
$GAGSV,2,1,06,10,35,143,36,11,63,156,27,14,21,089,22,16,37,042,42,1*72
$GAGSV,2,2,06,25,89,110,35,36,58,297,20,1*75
$GAGSV,1,1,03,10,35,143,32,16,37,042,50,25,89,110,36,5*41
$GAGSV,2,1,06,10,35,143,30,11,63,156,27,14,21,089,12,16,37,042,46,7*75
$GAGSV,2,2,06,25,89,110,33,36,58,297,25,7*70
$GAGSV,1,1,03,02,34,221,,12,12,138,,34,08,311,,0*45
$GBGSV,3,1,10,12,22,101,30,19,25,072,42,20,15,120,22,22,12,021,24,3*78
$GBGSV,3,2,10,24,25,231,15,26,52,284,13,29,23,119,40,31,36,255,14,3*79
$GBGSV,3,3,10,35,60,178,20,39,29,000,47,3*7B
$GBGSV,3,1,09,19,25,072,44,20,15,120,22,22,12,021,23,24,25,231,28,5*7C
$GBGSV,3,2,09,26,52,284,17,29,23,119,39,31,36,255,17,35,60,178,22,5*75
$GBGSV,3,3,09,39,29,000,47,5*49
$GBGSV,2,1,08,12,22,101,34,19,25,072,42,20,15,120,19,22,12,021,30,8*72
$GBGSV,2,2,08,24,25,231,28,29,23,119,43,31,36,255,23,39,29,000,48,8*71
$GBGSV,1,1,01,11,03,111,,0*44
$GNGLL,3001.74353,S,05112.75060,W,170754.00,A,A*7F
$GNRMC,170755.00,A,3001.74353,S,05112.75061,W,0.033,,090926,,,A,V*18
$GNVTG,,T,,M,0.033,N,0.061,K,A*3A
$GNGGA,170755.00,3001.74353,S,05112.75061,W,1,12,0.52,49.2,M,4.8,M,,*4D
$GNGSA,M,3,18,23,25,26,28,29,31,05,12,13,,,1.08,0.52,0.94,1*02
$GNGSA,M,3,84,83,82,80,,,,,,,,,1.08,0.52,0.94,2*08
$GNGSA,M,3,25,36,10,11,16,,,,,,,,1.08,0.52,0.94,3*08
$GNGSA,M,3,12,19,20,22,24,26,29,31,35,39,,,1.08,0.52,0.94,4*05
$GPGSV,3,1,11,05,36,126,43,10,00,342,21,12,19,035,37,13,12,031,23,1*68
$GPGSV,3,2,11,18,68,254,14,23,27,356,45,25,51,020,50,26,28,226,23,1*6C
$GPGSV,3,3,11,28,21,294,27,29,57,145,39,31,20,262,26,1*56
$GPGSV,3,1,11,05,36,126,39,10,00,342,22,12,19,035,28,13,12,031,18,6*67
$GPGSV,3,2,11,18,68,254,24,23,27,356,44,25,51,020,45,26,28,226,14,6*69
$GPGSV,3,3,11,28,21,294,27,29,57,145,28,31,20,262,29,6*5E
$GPGSV,2,1,06,10,00,342,24,18,68,254,19,23,27,356,45,25,51,020,52,8*65
$GPGSV,2,2,06,26,28,226,25,28,21,294,24,8*64
$GPGSV,1,1,04,15,10,060,,16,00,220,,20,02,087,,21,06,143,,0*69
$GLGSV,3,1,09,66,00,156,08,67,16,106,21,68,11,057,11,73,58,247,16,1*78
$GLGSV,3,2,09,74,16,210,16,80,46,355,48,82,24,143,35,83,53,207,22,1*71
$GLGSV,3,3,09,84,25,273,18,1*45
$GLGSV,2,1,07,67,16,106,20,68,11,057,19,73,58,247,21,80,46,355,42,3*7D
$GLGSV,2,2,07,82,24,143,31,83,53,207,17,84,25,273,20,3*44
$GAGSV,2,1,06,10,35,143,36,11,63,156,27,14,21,089,22,16,37,042,42,1*72
$GAGSV,2,2,06,25,89,110,35,36,58,297,20,1*75
$GAGSV,1,1,03,10,35,143,32,16,37,042,50,25,89,110,36,5*41
$GAGSV,2,1,06,10,35,143,30,11,63,156,27,14,21,089,12,16,37,042,46,7*75
$GAGSV,2,2,06,25,89,110,33,36,58,297,25,7*70
$GAGSV,1,1,03,02,34,221,,12,12,138,,34,08,311,,0*45
$GBGSV,3,1,10,12,22,101,30,19,25,072,42,20,15,120,22,22,12,021,24,3*78
$GBGSV,3,2,10,24,25,231,16,26,52,284,13,29,23,119,40,31,36,255,14,3*7A
$GBGSV,3,3,10,35,60,178,19,39,29,000,47,3*71
$GBGSV,3,1,09,19,25,072,44,20,15,120,23,22,12,021,22,24,25,231,28,5*7C
$GBGSV,3,2,09,26,52,284,16,29,23,119,39,31,36,255,17,35,60,178,22,5*74
$GBGSV,3,3,09,39,29,000,47,5*49
$GBGSV,2,1,08,12,22,101,34,19,25,072,42,20,15,120,19,22,12,021,30,8*72
$GBGSV,2,2,08,24,25,231,28,29,23,119,43,31,36,255,23,39,29,000,48,8*71
$GBGSV,1,1,01,11,03,111,,0*44
$GNGLL,3001.74353,S,05112.75061,W,170755.00,A,A*7F
$GNRMC,170756.00,A,3001.74353,S,05112.75061,W,0.009,,090926,,,A,V*12
$GNVTG,,T,,M,0.009,N,0.016,K,A*33
$GNGGA,170756.00,3001.74353,S,05112.75061,W,1,12,0.52,49.2,M,4.8,M,,*4E
$GNGSA,M,3,18,23,25,26,28,29,31,05,12,13,,,1.06,0.52,0.93,1*0B
$GNGSA,M,3,84,83,82,80,,,,,,,,,1.06,0.52,0.93,2*01
$GNGSA,M,3,25,36,10,11,16,,,,,,,,1.06,0.52,0.93,3*01
$GNGSA,M,3,12,19,20,22,24,26,29,31,35,39,,,1.06,0.52,0.93,4*0C
$GPGSV,3,1,11,05,36,126,43,10,00,342,21,12,19,035,37,13,12,031,23,1*68
$GPGSV,3,2,11,18,68,254,14,23,27,356,45,25,51,020,50,26,28,226,23,1*6C
$GPGSV,3,3,11,28,21,294,27,29,57,145,39,31,20,262,26,1*56
$GPGSV,3,1,11,05,36,126,39,10,00,342,25,12,19,035,28,13,12,031,19,6*61
$GPGSV,3,2,11,18,68,254,24,23,27,356,44,25,51,020,45,26,28,226,13,6*6E
$GPGSV,3,3,11,28,21,294,27,29,57,145,27,31,20,262,29,6*51
$GPGSV,2,1,05,10,00,342,27,23,27,356,45,25,51,020,52,26,28,226,25,8*66
$GPGSV,2,2,05,28,21,294,25,8*59
$GPGSV,1,1,04,15,10,060,,16,00,220,,20,02,087,,21,06,143,,0*69
$GLGSV,3,1,09,66,00,156,08,67,16,106,21,68,11,057,13,73,58,247,16,1*7A
$GLGSV,3,2,09,74,16,210,16,80,46,355,48,82,24,143,35,83,53,207,23,1*70
$GLGSV,3,3,09,84,25,273,19,1*44
$GLGSV,2,1,07,67,16,106,21,68,11,057,20,73,58,247,20,80,46,355,42,3*77
$GLGSV,2,2,07,82,24,143,31,83,53,207,17,84,25,273,19,3*4E
$GAGSV,2,1,06,10,35,143,36,11,63,156,27,14,21,089,22,16,37,042,42,1*72
$GAGSV,2,2,06,25,89,110,35,36,58,297,21,1*74
$GAGSV,1,1,03,10,35,143,32,16,37,042,50,25,89,110,36,5*41
$GAGSV,2,1,06,10,35,143,30,11,63,156,27,14,21,089,10,16,37,042,46,7*77
$GAGSV,2,2,06,25,89,110,33,36,58,297,25,7*70
$GAGSV,1,1,03,02,34,221,,12,12,138,,34,08,311,,0*45
$GBGSV,3,1,10,12,22,101,30,19,25,072,42,20,15,120,22,22,12,021,24,3*78
$GBGSV,3,2,10,24,25,231,17,26,52,284,15,29,23,119,40,31,36,255,14,3*7D
$GBGSV,3,3,10,35,60,178,20,39,29,000,47,3*7B
$GBGSV,3,1,09,19,25,072,44,20,15,120,23,22,12,021,22,24,25,231,28,5*7C
$GBGSV,3,2,09,26,52,284,16,29,23,119,38,31,36,255,16,35,60,178,22,5*74
$GBGSV,3,3,09,39,29,000,47,5*49
$GBGSV,2,1,08,12,22,101,34,19,25,072,42,20,15,120,19,22,12,021,30,8*72
$GBGSV,2,2,08,24,25,231,28,29,23,119,43,31,36,255,23,39,29,000,48,8*71
$GBGSV,1,1,01,11,03,111,,0*44
$GNGLL,3001.74353,S,05112.75061,W,170756.00,A,A*7C
$GNRMC,170757.00,A,3001.74352,S,05112.75060,W,0.008,,090926,,,A,V*12
$GNVTG,,T,,M,0.008,N,0.014,K,A*30
$GNGGA,170757.00,3001.74352,S,05112.75060,W,1,12,0.52,49.2,M,4.8,M,,*4F
$GNGSA,M,3,18,23,25,26,28,29,31,05,12,13,,,1.08,0.52,0.94,1*02
$GNGSA,M,3,84,83,82,80,,,,,,,,,1.08,0.52,0.94,2*08
$GNGSA,M,3,25,36,10,11,16,,,,,,,,1.08,0.52,0.94,3*08
$GNGSA,M,3,12,19,20,22,24,26,29,31,35,39,,,1.08,0.52,0.94,4*05
$GPGSV,3,1,11,05,36,126,43,10,00,342,18,12,19,035,37,13,12,031,23,1*62
$GPGSV,3,2,11,18,68,254,13,23,27,356,45,25,51,020,50,26,28,226,23,1*6B
$GPGSV,3,3,11,28,21,294,27,29,57,145,39,31,20,262,26,1*56
$GPGSV,3,1,11,05,36,126,39,10,00,342,29,12,19,035,28,13,12,031,19,6*6D
$GPGSV,3,2,11,18,68,254,24,23,27,356,44,25,51,020,45,26,28,226,13,6*6E
$GPGSV,3,3,11,28,21,294,27,29,57,145,27,31,20,262,29,6*51
$GPGSV,2,1,05,10,00,342,31,23,27,356,45,25,51,020,52,26,28,226,25,8*61
$GPGSV,2,2,05,28,21,294,24,8*58
$GPGSV,1,1,04,15,10,060,,16,00,220,,20,02,087,,21,06,143,,0*69
$GLGSV,3,1,09,66,00,156,08,67,16,106,20,68,11,057,14,73,58,247,16,1*7C
$GLGSV,3,2,09,74,16,210,15,80,46,355,48,82,24,143,35,83,53,207,22,1*72
$GLGSV,3,3,09,84,25,273,19,1*44
$GLGSV,2,1,07,67,16,106,20,68,11,057,20,73,58,247,21,80,46,355,42,3*77
$GLGSV,2,2,07,82,24,143,31,83,53,207,17,84,25,273,19,3*4E
$GAGSV,2,1,06,10,35,143,36,11,63,156,27,14,21,089,22,16,37,042,42,1*72
$GAGSV,2,2,06,25,89,072,35,36,58,297,20,1*70
$GAGSV,1,1,03,10,35,143,32,16,37,042,50,25,89,072,36,5*44
$GAGSV,2,1,06,10,35,143,30,11,63,156,27,14,21,089,11,16,37,042,46,7*76
$GAGSV,2,2,06,25,89,072,33,36,58,297,25,7*75
$GAGSV,1,1,03,02,34,221,,12,12,138,,34,08,311,,0*45
$GBGSV,3,1,10,12,22,101,29,19,25,072,42,20,15,120,22,22,12,021,23,3*77
$GBGSV,3,2,10,24,25,231,18,26,52,284,08,29,23,119,40,31,36,255,12,3*78
$GBGSV,3,3,10,35,60,178,20,39,29,000,47,3*7B
$GBGSV,3,1,09,19,25,072,44,20,15,120,23,22,12,021,22,24,25,231,28,5*7C
$GBGSV,3,2,09,26,52,284,17,29,23,119,38,31,36,255,16,35,60,178,22,5*75
$GBGSV,3,3,09,39,29,000,47,5*49
$GBGSV,3,1,09,12,22,101,34,19,25,072,42,20,15,120,19,22,12,021,30,8*72
$GBGSV,3,2,09,24,25,231,28,26,52,284,18,29,23,119,43,31,36,255,23,8*78
$GBGSV,3,3,09,39,29,000,48,8*4B
$GBGSV,1,1,01,11,03,111,,0*44
$GNGLL,3001.74352,S,05112.75060,W,170757.00,A,A*7D
$GNRMC,170758.00,A,3001.74353,S,05112.75061,W,0.034,,090926,,,A,V*12
$GNVTG,,T,,M,0.034,N,0.063,K,A*3F
$GNGGA,170758.00,3001.74353,S,05112.75061,W,1,12,0.52,49.2,M,4.8,M,,*40
$GNGSA,M,3,18,23,25,26,28,29,31,05,12,13,,,1.08,0.52,0.94,1*02
$GNGSA,M,3,84,83,82,80,,,,,,,,,1.08,0.52,0.94,2*08
$GNGSA,M,3,25,36,10,11,16,,,,,,,,1.08,0.52,0.94,3*08
$GNGSA,M,3,12,19,20,22,24,26,29,31,35,39,,,1.08,0.52,0.94,4*05
$GPGSV,3,1,11,05,36,126,43,10,00,342,18,12,19,035,37,13,12,031,22,1*63
$GPGSV,3,2,11,18,68,254,13,23,27,356,45,25,51,020,50,26,28,226,23,1*6B
$GPGSV,3,3,11,28,21,294,27,29,57,145,39,31,20,262,26,1*56
$GPGSV,3,1,11,05,36,126,39,10,00,342,32,12,19,035,28,13,12,031,18,6*66
$GPGSV,3,2,11,18,68,254,24,23,27,356,44,25,51,020,45,26,28,226,14,6*69
$GPGSV,3,3,11,28,21,294,27,29,57,145,28,31,20,262,29,6*5E
$GPGSV,2,1,06,10,00,342,33,18,68,254,20,23,27,356,45,25,51,020,52,8*69
$GPGSV,2,2,06,26,28,226,25,28,21,294,25,8*65
$GPGSV,1,1,04,15,10,060,,16,00,220,,20,02,087,,21,06,143,,0*69
$GLGSV,3,1,09,66,00,156,08,67,16,106,19,68,11,057,16,73,58,247,16,1*74
$GLGSV,3,2,09,74,16,210,13,80,46,355,48,82,24,143,35,83,53,207,22,1*74
$GLGSV,3,3,09,84,25,273,18,1*45
$GLGSV,2,1,07,67,16,106,20,68,11,057,21,73,58,247,21,80,46,355,42,3*76
$GLGSV,2,2,07,82,24,143,31,83,53,207,17,84,25,273,19,3*4E
$GAGSV,2,1,06,10,35,143,36,11,63,156,27,14,21,089,21,16,37,042,42,1*71
$GAGSV,2,2,06,25,89,072,35,36,58,297,21,1*71
$GAGSV,1,1,03,10,35,143,32,16,37,042,50,25,89,072,36,5*44
$GAGSV,2,1,06,10,35,143,31,11,63,156,27,14,21,089,10,16,37,042,46,7*76
$GAGSV,2,2,06,25,89,072,33,36,58,297,25,7*75
$GAGSV,1,1,03,02,34,221,,12,12,138,,34,08,311,,0*45
$GBGSV,3,1,10,12,22,101,29,19,25,072,42,20,15,120,22,22,12,021,23,3*77
$GBGSV,3,2,10,24,25,231,19,26,52,284,15,29,23,119,40,31,36,255,11,3*76
$GBGSV,3,3,10,35,60,178,20,39,29,000,47,3*7B
$GBGSV,3,1,09,19,25,072,44,20,15,120,23,22,12,021,21,24,25,231,28,5*7F
$GBGSV,3,2,09,26,52,284,17,29,23,119,39,31,36,255,16,35,60,178,22,5*74
$GBGSV,3,3,09,39,29,000,47,5*49
$GBGSV,3,1,09,12,22,101,34,19,25,072,42,20,15,120,19,22,12,021,30,8*72
$GBGSV,3,2,09,24,25,231,28,26,52,284,18,29,23,119,43,31,36,255,23,8*78
$GBGSV,3,3,09,39,29,000,48,8*4B
$GBGSV,1,1,01,11,03,111,,0*44
$GNGLL,3001.74353,S,05112.75061,W,170758.00,A,A*72
$GNRMC,170759.00,A,3001.74353,S,05112.75061,W,0.018,,090926,,,A,V*1D
$GNVTG,,T,,M,0.018,N,0.033,K,A*34
$GNGGA,170759.00,3001.74353,S,05112.75061,W,1,12,0.52,49.2,M,4.8,M,,*41
$GNGSA,M,3,18,23,25,26,28,29,31,05,12,13,,,1.08,0.52,0.94,1*02
$GNGSA,M,3,84,83,82,80,,,,,,,,,1.08,0.52,0.94,2*08
$GNGSA,M,3,25,36,10,11,16,,,,,,,,1.08,0.52,0.94,3*08
$GNGSA,M,3,12,19,20,22,24,26,29,31,35,39,,,1.08,0.52,0.94,4*05
$GPGSV,3,1,11,05,36,126,43,10,00,342,29,12,19,035,37,13,12,031,23,1*60
$GPGSV,3,2,11,18,68,254,13,23,27,356,45,25,51,020,50,26,28,226,23,1*6B
$GPGSV,3,3,11,28,21,294,28,29,57,145,39,31,20,262,26,1*59
$GPGSV,3,1,11,05,36,126,39,10,00,342,35,12,19,035,28,13,12,031,17,6*6E
$GPGSV,3,2,11,18,68,254,24,23,27,356,44,25,51,020,45,26,28,226,13,6*6E
$GPGSV,3,3,11,28,21,294,27,29,57,145,27,31,20,262,29,6*51
$GPGSV,2,1,06,10,00,342,35,18,68,254,20,23,27,356,45,25,51,020,52,8*6F
$GPGSV,2,2,06,26,28,226,25,28,21,294,25,8*65
$GPGSV,1,1,04,15,10,060,,16,00,220,,20,02,087,,21,06,143,,0*69
$GLGSV,3,1,09,66,00,156,07,67,16,106,19,68,11,057,18,73,58,247,16,1*75
$GLGSV,3,2,09,74,16,210,14,80,46,355,48,82,24,143,35,83,53,207,22,1*73
$GLGSV,3,3,09,84,25,273,17,1*4A
$GLGSV,2,1,07,67,16,106,20,68,11,057,21,73,58,247,21,80,46,355,42,3*76
$GLGSV,2,2,07,82,24,143,30,83,53,207,17,84,25,273,18,3*4E
$GAGSV,2,1,06,10,35,143,36,11,63,156,27,14,21,089,22,16,37,042,42,1*72
$GAGSV,2,2,06,25,89,072,35,36,58,297,21,1*71
$GAGSV,1,1,03,10,35,143,32,16,37,042,50,25,89,072,36,5*44
$GAGSV,2,1,06,10,35,143,30,11,63,156,28,14,21,089,10,16,37,042,46,7*78
$GAGSV,2,2,06,25,89,072,33,36,58,297,25,7*75
$GAGSV,1,1,03,02,34,221,,12,12,138,,34,08,311,,0*45
$GBGSV,3,1,10,12,22,101,28,19,25,072,43,20,15,120,23,22,12,021,23,3*76
$GBGSV,3,2,10,24,25,231,20,26,52,284,13,29,23,119,40,31,36,255,11,3*7A
$GBGSV,3,3,10,35,60,178,20,39,29,000,47,3*7B
$GBGSV,3,1,09,19,25,072,44,20,15,120,23,22,12,021,21,24,25,231,28,5*7F
$GBGSV,3,2,09,26,52,284,18,29,23,119,39,31,36,255,17,35,60,178,23,5*7B
$GBGSV,3,3,09,39,29,000,47,5*49
$GBGSV,3,1,10,12,22,101,34,19,25,072,42,20,15,120,19,22,12,021,30,8*7A
$GBGSV,3,2,10,24,25,231,28,26,52,284,18,29,23,119,43,31,36,255,23,8*70
$GBGSV,3,3,10,35,60,178,15,39,29,000,48,8*79
$GBGSV,1,1,01,11,03,111,,0*44
$GNGLL,3001.74353,S,05112.75061,W,170759.00,A,A*73
$GNRMC,170800.00,A,3001.74352,S,05112.75060,W,0.013,,090926,,,A,V*15
$GNVTG,,T,,M,0.013,N,0.024,K,A*39
$GNGGA,170800.00,3001.74352,S,05112.75060,W,1,12,0.52,49.2,M,4.8,M,,*42
$GNGSA,M,3,18,23,25,26,28,29,31,05,12,13,,,1.08,0.52,0.94,1*02
$GNGSA,M,3,84,83,82,80,,,,,,,,,1.08,0.52,0.94,2*08
$GNGSA,M,3,25,36,10,11,16,,,,,,,,1.08,0.52,0.94,3*08
$GNGSA,M,3,12,19,20,22,24,26,29,31,35,39,,,1.08,0.52,0.94,4*05
$GPGSV,3,1,11,05,36,126,43,10,00,342,32,12,19,035,37,13,12,031,22,1*6B
$GPGSV,3,2,11,18,68,254,14,23,27,356,45,25,51,020,50,26,28,226,22,1*6D
$GPGSV,3,3,11,28,21,294,28,29,57,145,39,31,20,262,26,1*59
$GPGSV,3,1,11,05,36,126,39,10,00,342,37,12,19,035,28,13,12,031,17,6*6C
$GPGSV,3,2,11,18,68,254,24,23,27,356,44,25,51,020,45,26,28,226,14,6*69
$GPGSV,3,3,11,28,21,294,27,29,57,145,27,31,20,262,29,6*51
$GPGSV,2,1,05,10,00,342,37,23,27,356,45,25,51,020,52,26,28,226,25,8*67
$GPGSV,2,2,05,28,21,294,26,8*5A
$GPGSV,1,1,04,15,10,060,,16,00,220,,20,02,087,,21,06,143,,0*69
$GLGSV,3,1,09,66,00,156,08,67,16,106,17,68,11,057,19,73,58,247,15,1*76
$GLGSV,3,2,09,74,16,210,14,80,46,355,48,82,24,143,35,83,53,207,22,1*73
$GLGSV,3,3,09,84,25,273,15,1*48
$GLGSV,2,1,07,67,16,106,20,68,11,057,21,73,58,247,20,80,46,355,42,3*77
$GLGSV,2,2,07,82,24,143,30,83,53,207,18,84,25,273,18,3*41
$GAGSV,2,1,07,02,34,221,14,10,35,143,36,11,63,156,26,14,21,089,22,1*70
$GAGSV,2,2,07,16,37,042,42,25,89,072,35,36,58,297,20,1*42
$GAGSV,1,1,03,10,35,143,32,16,37,042,50,25,89,072,36,5*44
$GAGSV,2,1,06,10,35,143,30,11,63,156,28,14,21,089,13,16,37,042,46,7*7B
$GAGSV,2,2,06,25,89,072,33,36,58,297,25,7*75
$GAGSV,1,1,02,12,12,138,,34,08,311,,0*70
$GBGSV,3,1,10,12,22,101,27,19,25,072,43,20,15,120,23,22,12,021,23,3*79
$GBGSV,3,2,10,24,25,231,22,26,52,284,14,29,23,119,40,31,36,255,12,3*7C
$GBGSV,3,3,10,35,60,178,20,39,29,000,47,3*7B
$GBGSV,3,1,09,19,25,072,44,20,15,120,23,22,12,021,21,24,25,231,28,5*7F
$GBGSV,3,2,09,26,52,284,18,29,23,119,39,31,36,255,17,35,60,178,22,5*7A
$GBGSV,3,3,09,39,29,000,47,5*49
$GBGSV,3,1,10,12,22,101,34,19,25,072,43,20,15,120,20,22,12,021,30,8*71
$GBGSV,3,2,10,24,25,231,28,26,52,284,19,29,23,119,43,31,36,255,23,8*71
$GBGSV,3,3,10,35,60,178,16,39,29,000,48,8*7A
$GBGSV,1,1,01,11,03,111,,0*44
$GNGLL,3001.74352,S,05112.75060,W,170800.00,A,A*70
$GNRMC,170801.00,A,3001.74352,S,05112.75060,W,0.006,,090926,,,A,V*10
$GNVTG,,T,,M,0.006,N,0.011,K,A*3B
$GNGGA,170801.00,3001.74352,S,05112.75060,W,1,12,0.52,49.2,M,4.8,M,,*43
$GNGSA,M,3,18,23,25,26,28,29,31,05,12,13,,,1.08,0.52,0.94,1*02
$GNGSA,M,3,84,83,82,80,,,,,,,,,1.08,0.52,0.94,2*08
$GNGSA,M,3,25,36,10,11,16,,,,,,,,1.08,0.52,0.94,3*08
$GNGSA,M,3,12,19,20,22,24,26,29,31,35,39,,,1.08,0.52,0.94,4*05
$GPGSV,3,1,11,05,36,126,42,10,00,342,34,12,19,035,37,13,12,031,22,1*6C
$GPGSV,3,2,11,18,68,254,15,23,27,356,45,25,51,020,50,26,28,226,22,1*6C
$GPGSV,3,3,11,28,21,294,28,29,57,145,39,31,20,262,25,1*5A
$GPGSV,3,1,11,05,36,126,39,10,00,342,37,12,19,035,28,13,12,031,17,6*6C
$GPGSV,3,2,11,18,68,254,24,23,27,356,44,25,51,020,45,26,28,226,14,6*69
$GPGSV,3,3,11,28,21,294,26,29,57,145,28,31,20,262,29,6*5F
$GPGSV,2,1,06,10,00,342,38,18,68,254,19,23,27,356,45,25,51,020,52,8*68
$GPGSV,2,2,06,26,28,226,24,28,21,294,26,8*67
$GPGSV,1,1,04,15,10,060,,16,00,220,,20,02,087,,21,06,143,,0*69
$GLGSV,3,1,09,66,00,156,09,67,16,106,16,68,11,057,20,73,58,247,14,1*7D
$GLGSV,3,2,09,74,16,210,16,80,46,355,48,82,24,143,35,83,53,207,23,1*70
$GLGSV,3,3,09,84,25,273,14,1*49
$GLGSV,2,1,07,67,16,106,21,68,11,057,21,73,58,247,20,80,46,355,42,3*76
$GLGSV,2,2,07,82,24,143,30,83,53,207,18,84,25,273,16,3*4F
$GAGSV,2,1,07,02,34,221,11,10,35,143,36,11,63,156,26,14,21,089,22,1*75
$GAGSV,2,2,07,16,37,042,42,25,89,072,35,36,58,297,20,1*42
$GAGSV,1,1,03,10,35,143,32,16,37,042,50,25,89,072,36,5*44
$GAGSV,2,1,06,10,35,143,30,11,63,156,28,14,21,089,14,16,37,042,46,7*7C
$GAGSV,2,2,06,25,89,072,33,36,58,297,25,7*75
$GAGSV,1,1,02,12,12,138,,34,08,311,,0*70
$GBGSV,3,1,10,12,22,101,27,19,25,072,43,20,15,120,22,22,12,021,23,3*78
$GBGSV,3,2,10,24,25,231,23,26,52,284,15,29,23,119,40,31,36,255,11,3*7F
$GBGSV,3,3,10,35,60,178,21,39,29,000,47,3*7A
$GBGSV,3,1,09,19,25,072,44,20,15,120,23,22,12,021,21,24,25,231,28,5*7F
$GBGSV,3,2,09,26,52,284,18,29,23,119,39,31,36,255,17,35,60,178,22,5*7A
$GBGSV,3,3,09,39,29,000,47,5*49
$GBGSV,3,1,10,12,22,101,33,19,25,072,43,20,15,120,20,22,12,021,30,8*76
$GBGSV,3,2,10,24,25,231,28,26,52,284,18,29,23,119,43,31,36,255,23,8*70
$GBGSV,3,3,10,35,60,178,16,39,29,000,48,8*7A
$GBGSV,1,1,01,11,03,111,,0*44
$GNGLL,3001.74352,S,05112.75060,W,170801.00,A,A*71
$GNRMC,170802.00,A,3001.74352,S,05112.75059,W,0.018,,090926,,,A,V*16
$GNVTG,,T,,M,0.018,N,0.034,K,A*33
$GNGGA,170802.00,3001.74352,S,05112.75059,W,1,12,0.52,49.2,M,4.8,M,,*4A
$GNGSA,M,3,18,23,25,26,28,29,31,05,12,13,,,1.08,0.52,0.94,1*02
$GNGSA,M,3,84,83,82,80,,,,,,,,,1.08,0.52,0.94,2*08
$GNGSA,M,3,25,36,10,11,16,,,,,,,,1.08,0.52,0.94,3*08
$GNGSA,M,3,12,19,20,22,24,26,29,31,35,39,,,1.08,0.52,0.94,4*05
$GPGSV,3,1,11,05,36,126,43,10,00,342,35,12,19,035,37,13,12,031,22,1*6C
$GPGSV,3,2,11,18,68,254,15,23,27,356,45,25,51,020,50,26,28,226,22,1*6C
$GPGSV,3,3,11,28,21,294,29,29,57,145,39,31,20,262,25,1*5B
$GPGSV,3,1,11,05,36,126,39,10,00,342,37,12,19,035,28,13,12,031,17,6*6C
$GPGSV,3,2,11,18,68,254,24,23,27,356,43,25,51,020,45,26,28,226,15,6*6F
$GPGSV,3,3,11,28,21,294,26,29,57,145,27,31,20,262,29,6*50
$GPGSV,2,1,06,10,00,342,38,18,68,254,19,23,27,356,45,25,51,020,52,8*68
$GPGSV,2,2,06,26,28,226,24,28,21,294,26,8*67
$GPGSV,1,1,04,15,10,060,,16,00,220,,20,02,087,,21,06,143,,0*69
$GLGSV,3,1,09,66,00,156,09,67,16,106,15,68,11,057,20,73,58,247,14,1*7E
$GLGSV,3,2,09,74,16,210,18,80,46,355,48,82,24,143,35,83,53,207,23,1*7E
$GLGSV,3,3,09,84,25,273,15,1*48
$GLGSV,2,1,07,67,16,106,21,68,11,057,21,73,58,247,20,80,46,355,42,3*76
$GLGSV,2,2,07,82,24,143,30,83,53,207,18,84,25,273,17,3*4E
$GAGSV,2,1,07,02,34,221,10,10,35,143,36,11,63,156,26,14,21,089,22,1*74
$GAGSV,2,2,07,16,37,042,42,25,89,072,35,36,58,297,20,1*42
$GAGSV,1,1,03,10,35,143,32,16,37,042,50,25,89,072,36,5*44
$GAGSV,2,1,06,10,35,143,30,11,63,156,27,14,21,089,13,16,37,042,46,7*74
$GAGSV,2,2,06,25,89,072,33,36,58,297,25,7*75
$GAGSV,1,1,02,12,12,138,,34,08,311,,0*70
$GBGSV,3,1,10,12,22,101,27,19,25,072,42,20,15,120,22,22,12,021,23,3*79
$GBGSV,3,2,10,24,25,231,23,26,52,284,13,29,23,119,40,31,36,255,11,3*79
$GBGSV,3,3,10,35,60,178,21,39,29,000,47,3*7A
$GBGSV,3,1,10,12,22,101,18,19,25,072,44,20,15,120,23,22,12,021,20,5*77
$GBGSV,3,2,10,24,25,231,28,26,52,284,18,29,23,119,39,31,36,255,15,5*75
$GBGSV,3,3,10,35,60,178,22,39,29,000,47,5*7F
$GBGSV,3,1,10,12,22,101,33,19,25,072,43,20,15,120,20,22,12,021,30,8*76
$GBGSV,3,2,10,24,25,231,27,26,52,284,18,29,23,119,43,31,36,255,23,8*7F
$GBGSV,3,3,10,35,60,178,16,39,29,000,48,8*7A
$GBGSV,1,1,01,11,03,111,,0*44
$GNGLL,3001.74352,S,05112.75059,W,170802.00,A,A*78
$GNRMC,170803.00,A,3001.74352,S,05112.75059,W,0.012,,090926,,,A,V*1D
$GNVTG,,T,,M,0.012,N,0.022,K,A*3E
$GNGGA,170803.00,3001.74352,S,05112.75059,W,1,12,0.52,49.2,M,4.8,M,,*4B
$GNGSA,M,3,18,23,25,26,28,29,31,05,12,13,,,1.06,0.52,0.93,1*0B
$GNGSA,M,3,84,83,82,80,,,,,,,,,1.06,0.52,0.93,2*01
$GNGSA,M,3,25,36,10,11,16,,,,,,,,1.06,0.52,0.93,3*01
$GNGSA,M,3,12,19,20,22,24,26,29,31,35,39,,,1.06,0.52,0.93,4*0C
$GPGSV,3,1,11,05,36,126,43,10,00,342,35,12,19,035,37,13,12,031,22,1*6C
$GPGSV,3,2,11,18,68,254,15,23,27,356,45,25,51,020,50,26,28,226,22,1*6C
$GPGSV,3,3,11,28,21,294,29,29,57,145,39,31,20,262,25,1*5B
$GPGSV,3,1,11,05,36,126,39,10,00,342,38,12,19,035,28,13,12,031,17,6*63
$GPGSV,3,2,11,18,68,254,23,23,27,356,43,25,51,020,45,26,28,226,16,6*6B
$GPGSV,3,3,11,28,21,294,26,29,57,145,27,31,20,262,29,6*50
$GPGSV,2,1,06,10,00,342,38,18,68,254,20,23,27,356,45,25,51,020,52,8*62
$GPGSV,2,2,06,26,28,226,24,28,21,294,27,8*66
$GPGSV,1,1,04,15,10,060,,16,00,220,,20,02,087,,21,06,143,,0*69
$GLGSV,3,1,09,66,00,156,10,67,16,106,15,68,11,057,20,73,58,247,14,1*76
$GLGSV,3,2,09,74,16,210,18,80,46,355,48,82,24,143,35,83,53,207,23,1*7E
$GLGSV,3,3,09,84,25,273,13,1*4E
$GLGSV,2,1,07,67,16,106,22,68,11,057,20,73,58,247,19,80,46,355,42,3*7E
$GLGSV,2,2,07,82,24,143,30,83,53,207,18,84,25,273,17,3*4E
$GAGSV,2,1,07,02,34,221,12,10,35,143,36,11,63,156,26,14,21,089,22,1*76
$GAGSV,2,2,07,16,37,042,42,25,89,072,35,36,58,297,20,1*42
$GAGSV,1,1,03,10,35,143,32,16,37,042,50,25,89,072,36,5*44
$GAGSV,2,1,06,10,35,143,30,11,63,156,28,14,21,089,09,16,37,042,46,7*70
$GAGSV,2,2,06,25,89,072,33,36,58,297,25,7*75
$GAGSV,1,1,02,12,12,138,,34,08,311,,0*70
$GBGSV,3,1,10,12,22,101,26,19,25,072,42,20,15,120,22,22,12,021,23,3*78
$GBGSV,3,2,10,24,25,231,24,26,52,284,16,29,23,119,40,31,36,255,12,3*78
$GBGSV,3,3,10,35,60,178,21,39,29,000,47,3*7A
$GBGSV,3,1,10,12,22,101,17,19,25,072,44,20,15,120,23,22,12,021,20,5*78
$GBGSV,3,2,10,24,25,231,28,26,52,284,19,29,23,119,39,31,36,255,15,5*74
$GBGSV,3,3,10,35,60,178,22,39,29,000,47,5*7F
$GBGSV,3,1,10,12,22,101,33,19,25,072,43,20,15,120,20,22,12,021,31,8*77
$GBGSV,3,2,10,24,25,231,27,26,52,284,18,29,23,119,43,31,36,255,23,8*7F
$GBGSV,3,3,10,35,60,178,16,39,29,000,48,8*7A
$GBGSV,1,1,01,11,03,111,,0*44
$GNGLL,3001.74352,S,05112.75059,W,170803.00,A,A*79
$GNRMC,170804.00,A,3001.74352,S,05112.75059,W,0.007,,090926,,,A,V*1E
$GNVTG,,T,,M,0.007,N,0.013,K,A*38
$GNGGA,170804.00,3001.74352,S,05112.75059,W,1,12,0.52,49.2,M,4.8,M,,*4C
$GNGSA,M,3,18,23,25,26,28,29,31,05,12,13,,,1.08,0.52,0.94,1*02
$GNGSA,M,3,84,83,82,80,,,,,,,,,1.08,0.52,0.94,2*08
$GNGSA,M,3,25,36,10,11,16,,,,,,,,1.08,0.52,0.94,3*08
$GNGSA,M,3,12,19,20,22,24,26,29,31,35,39,,,1.08,0.52,0.94,4*05
$GPGSV,3,1,11,05,36,126,43,10,00,342,34,12,19,035,37,13,12,031,22,1*6D
$GPGSV,3,2,11,18,68,254,13,23,27,356,45,25,51,020,50,26,28,226,22,1*6A
$GPGSV,3,3,11,28,21,294,29,29,57,145,39,31,20,262,25,1*5B
$GPGSV,3,1,11,05,36,126,40,10,00,342,38,12,19,035,29,13,12,031,16,6*6D
$GPGSV,3,2,11,18,68,254,23,23,27,356,43,25,51,020,45,26,28,226,16,6*6B
$GPGSV,3,3,11,28,21,294,26,29,57,145,27,31,20,262,29,6*50
$GPGSV,2,1,06,10,00,342,37,18,68,254,20,23,27,356,45,25,51,020,52,8*6D
$GPGSV,2,2,06,26,28,226,24,28,21,294,27,8*66
$GPGSV,1,1,04,15,10,060,,16,00,220,,20,02,087,,21,06,143,,0*69
$GLGSV,3,1,09,66,00,156,12,67,16,106,15,68,11,057,20,73,58,247,14,1*74
$GLGSV,3,2,09,74,16,210,19,80,46,355,48,82,24,143,35,83,53,207,23,1*7F
$GLGSV,3,3,09,84,25,273,10,1*4D
$GLGSV,2,1,07,67,16,106,22,68,11,057,20,73,58,247,19,80,46,355,42,3*7E
$GLGSV,2,2,07,82,24,143,30,83,53,207,18,84,25,273,17,3*4E
$GAGSV,2,1,07,02,34,221,10,10,35,143,36,11,63,156,27,14,21,089,22,1*75
$GAGSV,2,2,07,16,37,042,42,25,89,072,35,36,58,297,21,1*43
$GAGSV,1,1,03,10,35,143,32,16,37,042,50,25,89,072,36,5*44
$GAGSV,2,1,06,10,35,143,30,11,63,156,27,14,21,089,08,16,37,042,46,7*7E
$GAGSV,2,2,06,25,89,072,33,36,58,297,24,7*74
$GAGSV,1,1,02,12,12,138,,34,08,311,,0*70
$GBGSV,3,1,10,12,22,101,25,19,25,072,43,20,15,120,22,22,12,021,23,3*7A
$GBGSV,3,2,10,24,25,231,25,26,52,284,09,29,23,119,40,31,36,255,13,3*76
$GBGSV,3,3,10,35,60,178,22,39,29,000,47,3*79
$GBGSV,3,1,10,12,22,101,16,19,25,072,44,20,15,120,23,22,12,021,20,5*79
$GBGSV,3,2,10,24,25,231,28,26,52,284,19,29,23,119,39,31,36,255,16,5*77
$GBGSV,3,3,10,35,60,178,22,39,29,000,47,5*7F
$GBGSV,3,1,10,12,22,101,33,19,25,072,43,20,15,120,19,22,12,021,31,8*7D
$GBGSV,3,2,10,24,25,231,27,26,52,284,19,29,23,119,43,31,36,255,22,8*7F
$GBGSV,3,3,10,35,60,178,16,39,29,000,48,8*7A
$GBGSV,1,1,01,11,03,111,,0*44
$GNGLL,3001.74352,S,05112.75059,W,170804.00,A,A*7E
$GNRMC,170805.00,A,3001.74352,S,05112.75059,W,0.012,,090926,,,A,V*1B
$GNVTG,,T,,M,0.012,N,0.022,K,A*3E
$GNGGA,170805.00,3001.74352,S,05112.75059,W,1,12,0.54,49.2,M,4.8,M,,*4B
$GNGSA,M,3,18,23,25,26,28,29,31,05,12,13,,,1.10,0.54,0.96,1*0F
$GNGSA,M,3,84,83,82,80,,,,,,,,,1.10,0.54,0.96,2*05
$GNGSA,M,3,25,36,10,11,16,,,,,,,,1.10,0.54,0.96,3*05
$GNGSA,M,3,12,19,20,22,24,26,29,31,35,39,,,1.10,0.54,0.96,4*08
$GPGSV,3,1,11,05,36,126,43,10,00,342,32,12,19,035,38,13,12,031,22,1*64
$GPGSV,3,2,11,18,68,254,13,23,27,356,45,25,51,020,50,26,28,226,22,1*6A
$GPGSV,3,3,11,28,21,294,29,29,57,145,39,31,20,262,25,1*5B
$GPGSV,3,1,11,05,36,126,40,10,00,342,37,12,19,035,29,13,12,031,16,6*62
$GPGSV,3,2,11,18,68,254,24,23,27,356,44,25,51,020,45,26,28,226,15,6*68
$GPGSV,3,3,11,28,21,294,25,29,57,145,27,31,20,262,28,6*52
$GPGSV,2,1,06,10,00,342,36,18,68,254,20,23,27,356,45,25,51,020,52,8*6C
$GPGSV,2,2,06,26,28,226,24,28,21,294,27,8*66
$GPGSV,1,1,04,15,10,060,,16,00,220,,20,02,087,,21,06,143,,0*69
$GLGSV,3,1,09,66,00,156,11,67,16,106,16,68,11,057,19,73,58,247,14,1*7E
$GLGSV,3,2,09,74,16,210,17,80,46,355,48,82,24,143,35,83,53,207,23,1*71
$GLGSV,3,3,09,84,25,273,13,1*4E
$GLGSV,2,1,07,67,16,106,22,68,11,057,19,73,58,247,19,80,46,355,42,3*74
$GLGSV,2,2,07,82,24,143,29,83,53,207,18,84,25,273,17,3*46
$GAGSV,2,1,07,02,34,221,11,10,35,143,36,11,63,156,27,14,21,089,22,1*74
$GAGSV,2,2,07,16,37,042,42,25,89,072,35,36,58,297,21,1*43
$GAGSV,1,1,03,10,35,143,32,16,37,042,50,25,89,072,36,5*44
$GAGSV,2,1,06,10,35,143,30,11,63,156,27,14,21,089,11,16,37,042,46,7*76
$GAGSV,2,2,06,25,89,072,33,36,58,297,24,7*74
$GAGSV,1,1,02,12,12,138,,34,09,311,,0*71
$GBGSV,3,1,10,12,22,101,25,19,25,072,43,20,15,120,21,22,12,021,23,3*79
$GBGSV,3,2,10,24,25,231,25,26,52,284,10,29,23,119,40,31,36,255,14,3*79
$GBGSV,3,3,10,35,60,178,22,39,29,000,47,3*79
$GBGSV,3,1,10,12,22,101,16,19,25,072,44,20,15,120,23,22,12,021,20,5*79
$GBGSV,3,2,10,24,25,231,28,26,52,284,17,29,23,119,39,31,36,255,15,5*7A
$GBGSV,3,3,10,35,60,178,22,39,29,000,47,5*7F
$GBGSV,3,1,10,12,22,101,33,19,25,072,43,20,15,120,19,22,12,021,31,8*7D
$GBGSV,3,2,10,24,25,231,28,26,52,284,20,29,23,119,43,31,36,255,23,8*7B
$GBGSV,3,3,10,35,60,178,17,39,29,000,48,8*7B
$GBGSV,1,1,01,11,03,111,,0*44
$GNGLL,3001.74352,S,05112.75059,W,170805.00,A,A*7F
$GNRMC,170806.00,A,3001.74352,S,05112.75060,W,0.032,,090926,,,A,V*10
$GNVTG,,T,,M,0.032,N,0.059,K,A*30
$GNGGA,170806.00,3001.74352,S,05112.75060,W,1,12,0.54,49.2,M,4.8,M,,*42
$GNGSA,M,3,18,23,25,26,28,29,31,05,12,13,,,1.10,0.54,0.96,1*0F
$GNGSA,M,3,84,83,82,80,,,,,,,,,1.10,0.54,0.96,2*05
$GNGSA,M,3,25,36,10,11,16,,,,,,,,1.10,0.54,0.96,3*05
$GNGSA,M,3,12,19,20,22,24,26,29,31,35,39,,,1.10,0.54,0.96,4*08
$GPGSV,3,1,11,05,36,126,43,10,00,342,31,12,19,035,38,13,12,031,22,1*67
$GPGSV,3,2,11,18,68,254,13,23,27,356,45,25,51,020,50,26,28,226,21,1*69
$GPGSV,3,3,11,28,21,294,29,29,57,145,39,31,20,262,25,1*5B
$GPGSV,3,1,11,05,36,126,40,10,00,342,36,12,19,035,29,13,12,031,16,6*63
$GPGSV,3,2,11,18,68,254,24,23,27,356,43,25,51,020,45,26,28,226,14,6*6E
$GPGSV,3,3,11,28,21,294,25,29,57,145,27,31,20,262,28,6*52
$GPGSV,2,1,06,10,00,342,35,18,68,254,20,23,27,356,45,25,51,020,52,8*6F
$GPGSV,2,2,06,26,28,226,24,28,21,294,27,8*66
$GPGSV,1,1,04,15,10,060,,16,00,220,,20,02,087,,21,06,143,,0*69
$GLGSV,3,1,09,66,00,156,12,67,16,106,17,68,11,057,19,73,58,247,13,1*7B
$GLGSV,3,2,09,74,16,210,16,80,46,355,48,82,24,143,35,83,53,207,23,1*70
$GLGSV,3,3,09,84,25,273,10,1*4D
$GLGSV,2,1,07,67,16,106,23,68,11,057,18,73,58,247,18,80,46,355,42,3*75
$GLGSV,2,2,07,82,24,143,29,83,53,207,17,84,25,273,16,3*48
$GAGSV,2,1,07,02,34,221,11,10,35,143,36,11,63,156,26,14,21,089,22,1*75
$GAGSV,2,2,07,16,37,042,42,25,89,072,35,36,59,295,21,1*40
$GAGSV,1,1,03,10,35,143,32,16,37,042,50,25,89,072,36,5*44
$GAGSV,2,1,06,10,35,143,30,11,63,156,27,14,21,089,13,16,37,042,46,7*74
$GAGSV,2,2,06,25,89,072,33,36,59,295,24,7*77
$GAGSV,1,1,02,12,12,138,,34,09,311,,0*71
$GBGSV,3,1,10,12,22,101,25,19,25,072,43,20,15,120,22,22,12,021,23,3*7A
$GBGSV,3,2,10,24,25,231,25,26,52,284,12,29,23,119,40,31,36,255,13,3*7C
$GBGSV,3,3,10,35,60,178,22,39,29,000,47,3*79
$GBGSV,3,1,10,12,22,101,18,19,25,072,44,20,15,120,23,22,12,021,20,5*77
$GBGSV,3,2,10,24,25,231,28,26,52,284,17,29,23,119,38,31,36,255,14,5*7A
$GBGSV,3,3,10,35,60,178,22,39,29,000,47,5*7F
$GBGSV,3,1,10,12,22,101,33,19,25,072,43,20,15,120,19,22,12,021,31,8*7D
$GBGSV,3,2,10,24,25,231,27,26,52,284,20,29,23,119,43,31,36,255,22,8*75
$GBGSV,3,3,10,35,60,178,17,39,29,000,48,8*7B
$GBGSV,1,1,01,11,03,111,,0*44
$GNGLL,3001.74352,S,05112.75060,W,170806.00,A,A*76
$GNRMC,170807.00,A,3001.74352,S,05112.75060,W,0.008,,090926,,,A,V*18
$GNVTG,,T,,M,0.008,N,0.014,K,A*30
$GNGGA,170807.00,3001.74352,S,05112.75060,W,1,12,0.57,49.2,M,4.8,M,,*40
$GNGSA,M,3,18,23,25,26,28,29,31,05,12,13,,,1.14,0.57,0.99,1*07
$GNGSA,M,3,83,82,80,,,,,,,,,,1.14,0.57,0.99,2*01
$GNGSA,M,3,25,36,10,11,16,,,,,,,,1.14,0.57,0.99,3*0D
$GNGSA,M,3,12,19,20,22,24,26,29,31,35,39,,,1.14,0.57,0.99,4*00
$GPGSV,3,1,11,05,36,126,42,10,00,342,28,12,19,035,38,13,12,031,21,1*6D
$GPGSV,3,2,11,18,68,254,13,23,27,356,45,25,51,020,50,26,28,226,21,1*69
$GPGSV,3,3,11,28,21,294,29,29,57,145,39,31,20,262,26,1*58
$GPGSV,3,1,11,05,36,126,40,10,00,342,34,12,19,035,29,13,12,031,16,6*61
$GPGSV,3,2,11,18,68,254,24,23,27,356,43,25,51,020,45,26,28,226,11,6*6B
$GPGSV,3,3,11,28,21,294,24,29,57,145,28,31,20,262,28,6*5C
$GPGSV,2,1,06,10,00,342,33,18,68,254,20,23,27,356,45,25,51,020,52,8*69
$GPGSV,2,2,06,26,28,226,23,28,21,294,28,8*6E
$GPGSV,1,1,04,15,10,060,,16,00,220,,20,02,087,,21,06,143,,0*69
$GLGSV,3,1,09,66,00,156,13,67,16,106,19,68,11,057,18,73,58,247,13,1*75
$GLGSV,3,2,09,74,16,210,16,80,46,355,48,82,24,143,35,83,53,207,23,1*70
$GLGSV,3,3,09,84,25,273,10,1*4D
$GLGSV,2,1,07,67,16,106,23,68,11,057,16,73,58,247,17,80,46,355,42,3*74
$GLGSV,2,2,07,82,24,143,30,83,53,207,17,84,25,273,14,3*42
$GAGSV,2,1,07,02,34,221,13,10,35,143,36,11,63,156,27,14,21,089,22,1*76
$GAGSV,2,2,07,16,37,042,42,25,89,072,35,36,59,295,21,1*40
$GAGSV,1,1,03,10,35,143,32,16,37,042,50,25,89,072,36,5*44
$GAGSV,2,1,06,10,35,143,31,11,63,156,27,14,21,089,14,16,37,042,46,7*72
$GAGSV,2,2,06,25,89,072,33,36,59,295,24,7*77
$GAGSV,1,1,02,12,12,138,,34,09,311,,0*71
$GBGSV,3,1,10,12,22,101,24,19,25,072,43,20,15,120,21,22,12,021,23,3*78
$GBGSV,3,2,10,24,25,231,25,26,52,284,14,29,23,119,40,31,36,255,15,3*7C
$GBGSV,3,3,10,35,60,178,23,39,29,000,47,3*78
$GBGSV,3,1,10,12,22,101,19,19,25,072,44,20,15,120,23,22,12,021,19,5*7C
$GBGSV,3,2,10,24,25,231,28,26,52,284,17,29,23,119,39,31,36,255,15,5*7A
$GBGSV,3,3,10,35,60,178,22,39,29,000,47,5*7F
$GBGSV,3,1,10,12,22,101,32,19,25,072,43,20,15,120,19,22,12,021,31,8*7C
$GBGSV,3,2,10,24,25,231,27,26,52,284,20,29,23,119,43,31,36,255,23,8*74
$GBGSV,3,3,10,35,60,178,17,39,29,000,48,8*7B
$GBGSV,1,1,01,11,03,111,,0*44
$GNGLL,3001.74352,S,05112.75060,W,170807.00,A,A*77
$GNRMC,170808.00,A,3001.74352,S,05112.75060,W,0.010,,090926,,,A,V*1E
$GNVTG,,T,,M,0.010,N,0.018,K,A*35
$GNGGA,170808.00,3001.74352,S,05112.75060,W,1,12,0.54,49.2,M,4.8,M,,*4C
$GNGSA,M,3,18,23,25,26,28,29,31,05,12,13,,,1.10,0.54,0.96,1*0F
$GNGSA,M,3,84,83,82,80,,,,,,,,,1.10,0.54,0.96,2*05
$GNGSA,M,3,25,36,10,11,16,,,,,,,,1.10,0.54,0.96,3*05
$GNGSA,M,3,12,19,20,22,24,26,29,31,35,39,,,1.10,0.54,0.96,4*08
$GPGSV,3,1,11,05,36,126,43,10,00,342,25,12,19,035,38,13,12,031,21,1*61
$GPGSV,3,2,11,18,68,254,12,23,27,356,45,25,51,020,50,26,28,226,21,1*68
$GPGSV,3,3,11,28,21,294,29,29,57,145,39,31,20,262,26,1*58
$GPGSV,3,1,11,05,36,126,40,10,00,342,31,12,19,035,29,13,12,031,17,6*65
$GPGSV,3,2,11,18,68,254,24,23,27,356,43,25,51,020,45,26,28,226,11,6*6B
$GPGSV,3,3,11,28,21,294,24,29,57,145,28,31,20,262,28,6*5C
$GPGSV,2,1,06,10,00,342,31,18,68,254,20,23,27,356,45,25,51,020,52,8*6B
$GPGSV,2,2,06,26,28,226,24,28,21,294,28,8*69
$GPGSV,1,1,04,15,10,060,,16,00,220,,20,02,087,,21,06,143,,0*69
$GLGSV,3,1,09,66,00,156,14,67,16,106,20,68,11,057,17,73,58,247,11,1*75
$GLGSV,3,2,09,74,16,210,18,80,46,355,48,82,24,143,35,83,53,207,22,1*7F
$GLGSV,3,3,09,84,25,273,11,1*4C
$GLGSV,2,1,07,67,16,106,23,68,11,057,16,73,58,247,17,80,46,355,42,3*74
$GLGSV,2,2,07,82,24,143,30,83,53,207,16,84,25,273,15,3*42
$GAGSV,2,1,07,02,34,221,13,10,35,143,36,11,63,156,26,14,21,089,22,1*77
$GAGSV,2,2,07,16,37,042,42,25,89,072,35,36,59,295,21,1*40
$GAGSV,1,1,03,10,35,143,32,16,37,042,50,25,89,072,36,5*44
$GAGSV,2,1,06,10,35,143,31,11,63,156,27,14,21,089,16,16,37,042,46,7*70
$GAGSV,2,2,06,25,89,072,33,36,59,295,23,7*70
$GAGSV,1,1,02,12,12,138,,34,09,311,,0*71
$GBGSV,3,1,10,12,22,101,24,19,25,072,43,20,15,120,21,22,12,021,24,3*7F
$GBGSV,3,2,10,24,25,231,25,26,52,284,14,29,23,119,40,31,36,255,17,3*7E
$GBGSV,3,3,10,35,60,178,23,39,29,000,47,3*78
$GBGSV,3,1,10,12,22,101,19,19,25,072,44,20,15,120,23,22,12,021,20,5*76
$GBGSV,3,2,10,24,25,231,28,26,52,284,16,29,23,119,39,31,36,255,15,5*7B
$GBGSV,3,3,10,35,60,178,22,39,29,000,47,5*7F
$GBGSV,3,1,10,12,22,101,32,19,25,072,43,20,15,120,19,22,12,021,31,8*7C
$GBGSV,3,2,10,24,25,231,27,26,52,284,20,29,23,119,43,31,36,255,23,8*74
$GBGSV,3,3,10,35,60,178,18,39,29,000,48,8*74
$GBGSV,1,1,01,11,03,111,,0*44
$GNGLL,3001.74352,S,05112.75060,W,170808.00,A,A*78
$GNRMC,170809.00,A,3001.74352,S,05112.75060,W,0.010,,090926,,,A,V*1F
$GNVTG,,T,,M,0.010,N,0.019,K,A*34
$GNGGA,170809.00,3001.74352,S,05112.75060,W,1,12,0.53,49.2,M,4.8,M,,*4A
$GNGSA,M,3,18,23,25,26,28,29,31,05,12,13,,,1.09,0.53,0.95,1*03
$GNGSA,M,3,84,83,82,80,,,,,,,,,1.09,0.53,0.95,2*09
$GNGSA,M,3,25,36,10,11,16,,,,,,,,1.09,0.53,0.95,3*09
$GNGSA,M,3,12,19,20,22,24,26,29,31,35,39,,,1.09,0.53,0.95,4*04
$GPGSV,3,1,11,05,36,126,43,10,00,342,24,12,19,035,38,13,12,031,20,1*61
$GPGSV,3,2,11,18,68,254,11,23,27,356,45,25,51,020,50,26,28,226,21,1*6B
$GPGSV,3,3,11,28,21,294,29,29,57,145,39,31,20,262,26,1*58
$GPGSV,3,1,11,05,36,126,40,10,00,342,29,12,19,035,29,13,12,031,16,6*6D
$GPGSV,3,2,11,18,68,254,24,23,27,356,43,25,51,020,45,26,28,226,11,6*6B
$GPGSV,3,3,11,28,21,294,23,29,57,145,28,31,20,262,27,6*54
$GPGSV,2,1,06,10,00,342,25,18,68,254,21,23,27,356,45,25,51,020,52,8*6F
$GPGSV,2,2,06,26,28,226,23,28,21,294,28,8*6E
$GPGSV,1,1,04,15,10,060,,16,00,220,,20,02,087,,21,06,143,,0*69
$GLGSV,3,1,09,66,00,156,12,67,16,106,21,68,11,057,16,73,58,247,12,1*70
$GLGSV,3,2,09,74,16,210,18,80,46,355,48,82,24,143,35,83,53,207,22,1*7F
$GLGSV,3,3,09,84,25,273,11,1*4C
$GLGSV,2,1,07,67,16,106,23,68,11,057,13,73,58,247,18,80,46,355,43,3*7F
$GLGSV,2,2,07,82,24,143,29,83,53,207,16,84,25,273,15,3*4A
$GAGSV,2,1,07,02,34,221,12,10,35,143,36,11,63,156,26,14,21,089,22,1*76
$GAGSV,2,2,07,16,37,042,42,25,89,072,35,36,59,295,21,1*40
$GAGSV,1,1,03,10,35,143,33,16,37,042,50,25,89,072,36,5*45
$GAGSV,2,1,06,10,35,143,30,11,63,156,27,14,21,089,17,16,37,042,46,7*70
$GAGSV,2,2,06,25,89,072,33,36,59,295,23,7*70
$GAGSV,1,1,02,12,12,138,,34,09,311,,0*71
$GBGSV,3,1,10,12,22,101,24,19,25,072,43,20,15,120,20,22,12,021,24,3*7E
$GBGSV,3,2,10,24,25,231,25,26,52,284,15,29,23,119,40,31,36,255,18,3*70
$GBGSV,3,3,10,35,60,178,24,39,29,000,47,3*7F
$GBGSV,3,1,10,12,22,101,20,19,25,072,44,20,15,120,23,22,12,021,19,5*76
$GBGSV,3,2,10,24,25,231,28,26,52,284,16,29,23,119,39,31,36,255,16,5*78
$GBGSV,3,3,10,35,60,178,22,39,29,000,47,5*7F
$GBGSV,3,1,10,12,22,101,32,19,25,072,43,20,15,120,20,22,12,021,31,8*76
$GBGSV,3,2,10,24,25,231,27,26,52,284,20,29,23,119,43,31,36,255,23,8*74
$GBGSV,3,3,10,35,60,178,18,39,29,000,48,8*74
$GBGSV,1,1,01,11,03,111,,0*44
$GNGLL,3001.74352,S,05112.75060,W,170809.00,A,A*79
$GNRMC,170810.00,A,3001.74352,S,05112.75060,W,0.006,,090926,,,A,V*10
$GNVTG,,T,,M,0.006,N,0.011,K,A*3B
$GNGGA,170810.00,3001.74352,S,05112.75060,W,1,12,0.55,49.2,M,4.8,M,,*44
$GNGSA,M,3,18,23,25,26,28,29,31,05,12,13,,,1.09,0.55,0.94,1*04
$GNGSA,M,3,83,82,80,,,,,,,,,,1.09,0.55,0.94,2*02
$GNGSA,M,3,25,36,10,11,16,,,,,,,,1.09,0.55,0.94,3*0E
$GNGSA,M,3,12,19,20,22,24,26,29,31,35,39,,,1.09,0.55,0.94,4*03
$GPGSV,3,1,11,05,36,126,43,10,00,342,23,12,19,035,38,13,12,031,20,1*66
$GPGSV,3,2,11,18,68,254,11,23,27,356,45,25,51,020,50,26,28,226,21,1*6B
$GPGSV,3,3,11,28,21,294,29,29,57,145,39,31,20,262,26,1*58
$GPGSV,3,1,11,05,36,126,40,10,00,342,21,12,19,035,29,13,12,031,16,6*65
$GPGSV,3,2,11,18,68,254,24,23,27,356,43,25,51,020,45,26,28,226,12,6*68
$GPGSV,3,3,11,28,21,294,22,29,57,145,28,31,20,262,27,6*55
$GPGSV,2,1,05,10,00,342,21,23,27,356,45,25,51,020,52,26,28,226,23,8*66
$GPGSV,2,2,05,28,21,294,28,8*54
$GPGSV,1,1,04,15,10,060,,16,00,220,,20,02,087,,21,06,143,,0*69
$GLGSV,3,1,09,66,00,156,14,67,16,106,23,68,11,057,15,73,58,247,10,1*75
$GLGSV,3,2,09,74,16,210,18,80,46,355,48,82,24,143,35,83,53,207,22,1*7F
$GLGSV,3,3,09,84,25,273,07,1*4B
$GLGSV,2,1,07,67,16,106,22,68,11,057,10,73,58,247,17,80,46,355,42,3*73
$GLGSV,2,2,07,82,24,143,29,83,53,207,15,84,25,273,13,3*4F
$GAGSV,2,1,07,02,34,221,14,10,35,143,36,11,63,156,26,14,21,089,21,1*73
$GAGSV,2,2,07,16,37,042,42,25,89,072,35,36,59,295,20,1*41
$GAGSV,1,1,03,10,35,143,32,16,37,042,50,25,89,072,36,5*44
$GAGSV,2,1,06,10,35,143,30,11,63,156,27,14,21,089,17,16,37,042,46,7*70
$GAGSV,2,2,06,25,89,072,33,36,59,295,22,7*71
$GAGSV,1,1,02,12,12,138,,34,09,311,,0*71
$GBGSV,3,1,10,12,22,101,23,19,25,072,43,20,15,120,20,22,12,021,24,3*79
$GBGSV,3,2,10,24,25,231,25,26,52,284,15,29,23,119,40,31,36,255,17,3*7F
$GBGSV,3,3,10,35,60,178,24,39,29,000,47,3*7F
$GBGSV,3,1,10,12,22,101,20,19,25,072,44,20,15,120,24,22,12,021,19,5*71
$GBGSV,3,2,10,24,25,231,28,26,52,284,16,29,23,119,39,31,36,255,16,5*78
$GBGSV,3,3,10,35,60,178,22,39,29,000,47,5*7F
$GBGSV,3,1,10,12,22,101,32,19,25,072,43,20,15,120,20,22,12,021,31,8*76
$GBGSV,3,2,10,24,25,231,27,26,52,284,20,29,23,119,43,31,36,255,22,8*75
$GBGSV,3,3,10,35,60,178,17,39,29,000,48,8*7B
$GBGSV,1,1,01,11,03,111,,0*44
$GNGLL,3001.74352,S,05112.75060,W,170810.00,A,A*71
$GNRMC,170811.00,A,3001.74352,S,05112.75060,W,0.008,,090926,,,A,V*1F
$GNVTG,,T,,M,0.008,N,0.015,K,A*31
$GNGGA,170811.00,3001.74352,S,05112.75060,W,1,12,0.55,49.2,M,4.8,M,,*45
$GNGSA,M,3,18,23,25,26,28,29,31,05,12,13,,,1.09,0.55,0.94,1*04
$GNGSA,M,3,83,82,80,,,,,,,,,,1.09,0.55,0.94,2*02
$GNGSA,M,3,25,36,10,11,16,,,,,,,,1.09,0.55,0.94,3*0E
$GNGSA,M,3,12,19,20,22,24,26,29,31,35,39,,,1.09,0.55,0.94,4*03
$GPGSV,3,1,11,05,36,126,42,10,00,342,26,12,19,035,38,13,12,031,20,1*62
$GPGSV,3,2,11,18,68,254,09,23,27,356,45,25,51,020,50,26,28,226,20,1*63
$GPGSV,3,3,11,28,21,294,29,29,57,145,39,31,20,262,26,1*58
$GPGSV,3,1,11,05,36,126,40,10,00,342,22,12,19,035,29,13,12,031,15,6*65
$GPGSV,3,2,11,18,68,254,24,23,27,356,43,25,51,020,45,26,28,226,10,6*6A
$GPGSV,3,3,11,28,21,294,22,29,57,145,28,31,20,262,27,6*55
$GPGSV,2,1,06,10,00,342,21,18,68,254,20,23,27,356,45,25,51,020,52,8*6A
$GPGSV,2,2,06,26,28,226,23,28,21,294,28,8*6E
$GPGSV,1,1,04,15,10,060,,16,00,220,,20,02,087,,21,06,143,,0*69
$GLGSV,2,1,08,66,00,156,13,67,16,106,23,68,11,057,12,74,16,210,17,1*7D
$GLGSV,2,2,08,80,46,355,48,82,24,143,35,83,53,207,21,84,25,273,09,1*76
$GLGSV,2,1,07,67,16,106,22,68,11,057,07,73,58,247,17,80,46,355,43,3*74
$GLGSV,2,2,07,82,24,143,29,83,53,207,16,84,25,273,14,3*4B
$GAGSV,2,1,07,02,34,221,12,10,35,143,36,11,63,156,27,14,21,089,21,1*74
$GAGSV,2,2,07,16,37,042,42,25,89,072,35,36,59,295,21,1*40
$GAGSV,1,1,03,10,35,143,33,16,37,042,50,25,89,072,36,5*45
$GAGSV,2,1,06,10,35,143,30,11,63,156,27,14,21,089,17,16,37,042,46,7*70
$GAGSV,2,2,06,25,89,072,33,36,59,295,21,7*72
$GAGSV,1,1,02,12,12,138,,34,09,311,,0*71
$GBGSV,3,1,10,12,22,101,23,19,25,072,43,20,15,120,19,22,12,021,24,3*73
$GBGSV,3,2,10,24,25,231,25,26,52,284,16,29,23,119,40,31,36,255,18,3*73
$GBGSV,3,3,10,35,60,178,24,39,29,000,47,3*7F
$GBGSV,3,1,10,12,22,101,21,19,25,072,44,20,15,120,23,22,12,021,19,5*77
$GBGSV,3,2,10,24,25,231,27,26,52,284,16,29,23,119,39,31,36,255,16,5*77
$GBGSV,3,3,10,35,60,178,22,39,29,000,47,5*7F
$GBGSV,3,1,10,12,22,101,31,19,25,072,43,20,15,120,20,22,12,021,31,8*75
$GBGSV,3,2,10,24,25,231,27,26,52,284,20,29,23,119,43,31,36,255,22,8*75
$GBGSV,3,3,10,35,60,178,18,39,29,000,48,8*74
$GBGSV,1,1,01,11,03,111,,0*44
$GNGLL,3001.74352,S,05112.75060,W,170811.00,A,A*70
$GNRMC,170812.00,A,3001.74352,S,05112.75061,W,0.011,,090926,,,A,V*15
$GNVTG,,T,,M,0.011,N,0.020,K,A*3F
$GNGGA,170812.00,3001.74352,S,05112.75061,W,1,12,0.55,49.2,M,4.8,M,,*47
$GNGSA,M,3,18,23,25,26,28,29,31,05,12,13,,,1.09,0.55,0.94,1*04
$GNGSA,M,3,83,82,80,,,,,,,,,,1.09,0.55,0.94,2*02
$GNGSA,M,3,25,36,10,11,16,,,,,,,,1.09,0.55,0.94,3*0E
$GNGSA,M,3,12,19,20,22,24,26,29,31,35,39,,,1.09,0.55,0.94,4*03
$GPGSV,3,1,11,05,36,126,43,10,00,342,27,12,19,035,38,13,12,031,20,1*62
$GPGSV,3,2,11,18,68,254,08,23,27,356,45,25,51,020,50,26,28,226,19,1*68
$GPGSV,3,3,11,28,21,294,29,29,57,145,39,31,20,262,26,1*58
$GPGSV,3,1,11,05,36,126,39,10,00,342,24,12,19,035,29,13,12,031,16,6*6E
$GPGSV,3,2,11,18,68,254,24,23,27,356,43,25,51,020,45,26,28,226,11,6*6B
$GPGSV,3,3,11,28,21,294,22,29,57,145,28,31,20,262,27,6*55
$GPGSV,2,1,06,10,00,342,22,18,68,254,21,23,27,356,45,25,51,020,52,8*68
$GPGSV,2,2,06,26,28,226,23,28,21,294,28,8*6E
$GPGSV,1,1,04,15,10,060,,16,00,220,,20,02,087,,21,06,143,,0*69
$GLGSV,2,1,08,66,00,156,12,67,16,106,24,68,11,057,09,74,16,210,16,1*70
$GLGSV,2,2,08,80,46,355,48,82,24,143,35,83,53,207,21,84,25,273,14,1*7A
$GLGSV,2,1,07,67,16,106,21,68,11,057,08,73,58,247,18,80,46,355,42,3*76
$GLGSV,2,2,07,82,24,143,29,83,53,207,16,84,25,273,10,3*4F
$GAGSV,2,1,07,02,34,221,12,10,35,143,36,11,63,156,26,14,21,089,21,1*75
$GAGSV,2,2,07,16,37,042,42,25,89,072,35,36,59,295,20,1*41
$GAGSV,1,1,03,10,35,143,33,16,37,042,50,25,89,072,36,5*45
$GAGSV,2,1,06,10,35,143,30,11,63,156,27,14,21,089,18,16,37,042,46,7*7F
$GAGSV,2,2,06,25,89,072,33,36,59,295,21,7*72
$GAGSV,1,1,02,12,12,138,,34,09,311,,0*71
$GBGSV,3,1,10,12,22,101,23,19,25,072,43,20,15,120,19,22,12,021,24,3*73
$GBGSV,3,2,10,24,25,231,24,26,52,284,15,29,23,119,40,31,36,255,18,3*71
$GBGSV,3,3,10,35,60,178,24,39,29,000,47,3*7F
$GBGSV,3,1,10,12,22,101,21,19,25,072,44,20,15,120,23,22,12,021,19,5*77
$GBGSV,3,2,10,24,25,231,28,26,52,284,16,29,23,119,39,31,36,255,15,5*7B
$GBGSV,3,3,10,35,60,178,22,39,29,000,47,5*7F
$GBGSV,3,1,10,12,22,101,31,19,25,072,43,20,15,120,20,22,12,021,31,8*75
$GBGSV,3,2,10,24,25,231,27,26,52,284,20,29,23,119,43,31,36,255,23,8*74
$GBGSV,3,3,10,35,60,178,18,39,29,000,48,8*74
$GBGSV,1,1,01,11,03,111,,0*44
$GNGLL,3001.74352,S,05112.75061,W,170812.00,A,A*72
$GNRMC,170813.00,A,3001.74352,S,05112.75060,W,0.013,,090926,,,A,V*17
$GNVTG,,T,,M,0.013,N,0.024,K,A*39
$GNGGA,170813.00,3001.74352,S,05112.75060,W,1,12,0.52,49.2,M,4.8,M,,*40
$GNGSA,M,3,18,23,25,26,28,29,31,05,12,13,,,1.05,0.52,0.91,1*0A
$GNGSA,M,3,84,83,82,80,,,,,,,,,1.05,0.52,0.91,2*00
$GNGSA,M,3,25,36,10,11,16,,,,,,,,1.05,0.52,0.91,3*00
$GNGSA,M,3,12,19,20,22,24,26,29,31,35,39,,,1.05,0.52,0.91,4*0D
$GPGSV,3,1,11,05,36,126,42,10,00,342,27,12,19,035,38,13,12,031,20,1*63
$GPGSV,3,2,11,18,68,254,07,23,27,356,45,25,51,020,50,26,28,226,19,1*67
$GPGSV,3,3,11,28,21,294,29,29,57,145,39,31,20,262,26,1*58
$GPGSV,3,1,11,05,36,126,40,10,00,342,27,12,19,035,29,13,12,031,16,6*63
$GPGSV,3,2,11,18,68,254,24,23,27,356,43,25,51,020,45,26,28,226,12,6*68
$GPGSV,3,3,11,28,21,294,21,29,57,145,28,31,20,262,28,6*59
$GPGSV,2,1,06,10,00,342,25,18,68,254,20,23,27,356,45,25,51,020,52,8*6E
$GPGSV,2,2,06,26,28,226,23,28,21,294,28,8*6E
$GPGSV,1,1,04,15,10,060,,16,00,220,,20,02,087,,21,06,143,,0*69
$GLGSV,2,1,08,66,00,156,12,67,16,106,24,68,11,057,08,74,16,210,14,1*73
$GLGSV,2,2,08,80,46,355,48,82,24,143,35,83,53,207,20,84,25,273,16,1*79
$GLGSV,2,1,07,67,16,106,21,68,11,057,08,73,58,247,18,80,46,355,42,3*76
$GLGSV,2,2,07,82,24,143,29,83,53,207,16,84,25,273,14,3*4B
$GAGSV,2,1,07,02,34,221,14,10,35,143,36,11,63,156,27,14,21,089,22,1*71
$GAGSV,2,2,07,16,37,042,42,25,89,072,35,36,59,295,21,1*40
$GAGSV,1,1,03,10,35,143,32,16,37,042,50,25,89,072,36,5*44
$GAGSV,2,1,06,10,35,143,30,11,63,156,27,14,21,089,18,16,37,042,46,7*7F
$GAGSV,2,2,06,25,89,072,33,36,59,295,21,7*72
$GAGSV,1,1,02,12,12,138,,34,09,311,,0*71
$GBGSV,3,1,10,12,22,101,23,19,25,072,43,20,15,120,19,22,12,021,24,3*73
$GBGSV,3,2,10,24,25,231,24,26,52,284,16,29,23,119,40,31,36,255,19,3*73
$GBGSV,3,3,10,35,60,178,25,39,29,000,47,3*7E
$GBGSV,3,1,10,12,22,101,22,19,25,072,44,20,15,120,23,22,12,021,19,5*74
$GBGSV,3,2,10,24,25,231,28,26,52,284,17,29,23,119,39,31,36,255,16,5*79
$GBGSV,3,3,10,35,60,178,22,39,29,000,47,5*7F
$GBGSV,3,1,10,12,22,101,31,19,25,072,43,20,15,120,20,22,12,021,31,8*75
$GBGSV,3,2,10,24,25,231,27,26,52,284,20,29,23,119,43,31,36,255,23,8*74
$GBGSV,3,3,10,35,60,178,19,39,29,000,48,8*75
$GBGSV,1,1,01,11,03,111,,0*44
$GNGLL,3001.74352,S,05112.75060,W,170813.00,A,A*72
$GNRMC,170814.00,A,3001.74352,S,05112.75061,W,0.031,,090926,,,A,V*11
$GNVTG,,T,,M,0.031,N,0.058,K,A*32
$GNGGA,170814.00,3001.74352,S,05112.75061,W,1,12,0.52,49.2,M,4.8,M,,*46
$GNGSA,M,3,18,23,25,26,28,29,31,05,12,13,,,1.03,0.52,0.89,1*05
$GNGSA,M,3,84,83,82,80,,,,,,,,,1.03,0.52,0.89,2*0F
$GNGSA,M,3,25,36,10,11,16,,,,,,,,1.03,0.52,0.89,3*0F
$GNGSA,M,3,12,19,20,22,24,26,29,31,35,39,,,1.03,0.52,0.89,4*02
$GPGSV,3,1,11,05,36,126,42,10,00,342,27,12,19,035,38,13,12,031,20,1*63
$GPGSV,3,2,11,18,68,254,07,23,27,356,45,25,51,020,50,26,28,226,19,1*67
$GPGSV,3,3,11,28,21,294,28,29,57,145,39,31,20,262,26,1*59
$GPGSV,3,1,10,05,36,126,40,10,00,342,29,12,19,035,29,13,12,031,16,6*6C
$GPGSV,3,2,10,18,68,254,25,23,27,356,43,25,51,020,45,28,21,294,21,6*66
$GPGSV,3,3,10,29,57,145,28,31,20,262,28,6*6D
$GPGSV,2,1,05,10,00,342,28,23,27,356,45,25,51,020,52,26,28,226,23,8*6F
$GPGSV,2,2,05,28,21,294,28,8*54
$GPGSV,1,1,04,15,10,060,,16,00,220,,20,02,087,,21,06,143,,0*69
$GLGSV,2,1,07,66,00,156,12,67,16,106,24,74,16,210,14,80,46,355,48,1*7D
$GLGSV,2,2,07,82,24,143,35,83,53,207,19,84,25,273,18,1*47
$GLGSV,2,1,06,67,16,106,20,73,58,247,18,80,46,355,42,82,24,143,29,3*73
$GLGSV,2,2,06,83,53,207,16,84,25,273,11,3*7E
$GLGSV,1,1,01,68,11,057,,0*44
$GAGSV,2,1,07,02,34,221,14,10,35,143,36,11,63,156,27,14,21,089,21,1*72
$GAGSV,2,2,07,16,37,042,42,25,89,072,35,36,59,295,21,1*40
$GAGSV,1,1,03,10,35,143,32,16,37,042,50,25,89,072,36,5*44
$GAGSV,2,1,06,10,35,143,31,11,63,156,27,14,21,089,18,16,37,042,46,7*7E
$GAGSV,2,2,06,25,89,072,33,36,59,295,20,7*73
$GAGSV,1,1,02,12,12,138,,34,09,311,,0*71
$GBGSV,3,1,10,12,22,101,23,19,25,072,43,20,15,120,18,22,12,021,24,3*72
$GBGSV,3,2,10,24,25,231,24,26,52,284,16,29,23,119,40,31,36,255,19,3*73
$GBGSV,3,3,10,35,60,178,25,39,29,000,47,3*7E
$GBGSV,3,1,10,12,22,101,23,19,25,072,44,20,15,120,23,22,12,021,19,5*75
$GBGSV,3,2,10,24,25,231,28,26,52,284,17,29,23,119,39,31,36,255,16,5*79
$GBGSV,3,3,10,35,60,178,22,39,29,000,47,5*7F
$GBGSV,3,1,10,12,22,101,30,19,25,072,43,20,15,120,20,22,12,021,31,8*74
$GBGSV,3,2,10,24,25,231,26,26,52,284,20,29,23,119,43,31,36,255,23,8*75
$GBGSV,3,3,10,35,60,178,20,39,29,000,48,8*7F
$GBGSV,1,1,01,11,03,111,,0*44
$GNGLL,3001.74352,S,05112.75061,W,170814.00,A,A*74
$GNRMC,170815.00,A,3001.74352,S,05112.75062,W,0.037,,090926,,,A,V*15
$GNVTG,,T,,M,0.037,N,0.069,K,A*36
$GNGGA,170815.00,3001.74352,S,05112.75062,W,1,12,0.55,49.2,M,4.8,M,,*43
$GNGSA,M,3,18,23,25,26,28,29,31,05,12,13,,,1.08,0.55,0.93,1*02
$GNGSA,M,3,84,83,82,80,,,,,,,,,1.08,0.55,0.93,2*08
$GNGSA,M,3,25,36,10,11,16,,,,,,,,1.08,0.55,0.93,3*08
$GNGSA,M,3,12,19,20,22,24,26,29,31,35,39,,,1.08,0.55,0.93,4*05
$GPGSV,3,1,11,05,36,126,42,10,00,342,26,12,19,035,38,13,12,031,20,1*62
$GPGSV,3,2,11,18,68,254,07,23,27,356,45,25,51,020,50,26,28,226,19,1*67
$GPGSV,3,3,11,28,21,294,28,29,57,145,39,31,20,262,26,1*59
$GPGSV,3,1,10,05,36,126,40,10,00,342,30,12,19,035,29,13,12,031,16,6*64
$GPGSV,3,2,10,18,68,254,25,23,27,356,43,25,51,020,45,28,21,294,22,6*65
$GPGSV,3,3,10,29,57,145,28,31,20,262,28,6*6D
$GPGSV,2,1,06,10,00,342,30,18,68,254,21,23,27,356,45,25,51,020,52,8*6B
$GPGSV,2,2,06,26,28,226,23,28,21,294,29,8*6F
$GPGSV,1,1,04,15,10,060,,16,00,220,,20,02,087,,21,06,143,,0*69
$GLGSV,2,1,07,66,00,156,13,67,16,106,22,74,16,210,09,80,46,355,48,1*76
$GLGSV,2,2,07,82,24,143,35,83,53,207,17,84,25,273,20,1*42
$GLGSV,2,1,06,67,16,106,20,73,58,247,18,80,46,355,42,82,24,143,29,3*73
$GLGSV,2,2,06,83,53,207,17,84,25,273,12,3*7C
$GLGSV,1,1,01,68,11,057,,0*44
$GAGSV,2,1,07,02,34,221,13,10,35,143,37,11,63,156,27,14,21,089,22,1*77
$GAGSV,2,2,07,16,37,042,42,25,89,072,35,36,59,295,21,1*40
$GAGSV,1,1,03,10,35,143,32,16,37,042,50,25,89,072,36,5*44
$GAGSV,2,1,06,10,35,143,30,11,63,156,27,14,21,089,18,16,37,042,46,7*7F
$GAGSV,2,2,06,25,89,072,33,36,59,295,19,7*79
$GAGSV,1,1,02,12,12,138,,34,09,311,,0*71
$GBGSV,3,1,10,12,22,101,24,19,25,072,43,20,15,120,17,22,12,021,24,3*7A
$GBGSV,3,2,10,24,25,231,23,26,52,284,17,29,23,119,40,31,36,255,19,3*75
$GBGSV,3,3,10,35,60,178,25,39,29,000,47,3*7E
$GBGSV,3,1,10,12,22,101,23,19,25,072,44,20,15,120,23,22,12,021,19,5*75
$GBGSV,3,2,10,24,25,231,27,26,52,284,16,29,23,119,39,31,36,255,17,5*76
$GBGSV,3,3,10,35,60,178,22,39,29,000,47,5*7F
$GBGSV,3,1,10,12,22,101,30,19,25,072,43,20,15,120,19,22,12,021,31,8*7E
$GBGSV,3,2,10,24,25,231,26,26,52,284,20,29,23,119,43,31,36,255,22,8*74
$GBGSV,3,3,10,35,60,178,20,39,29,000,48,8*7F
$GBGSV,1,1,01,11,03,111,,0*44
$GNGLL,3001.74352,S,05112.75062,W,170815.00,A,A*76
$GNRMC,170816.00,A,3001.74352,S,05112.75063,W,0.010,,090926,,,A,V*12
$GNVTG,,T,,M,0.010,N,0.018,K,A*35
$GNGGA,170816.00,3001.74352,S,05112.75063,W,1,12,0.55,49.2,M,4.8,M,,*41
$GNGSA,M,3,18,23,25,26,28,29,31,05,12,13,,,1.08,0.55,0.93,1*02
$GNGSA,M,3,84,83,82,80,,,,,,,,,1.08,0.55,0.93,2*08
$GNGSA,M,3,25,36,10,11,16,,,,,,,,1.08,0.55,0.93,3*08
$GNGSA,M,3,12,19,20,22,24,26,29,31,35,39,,,1.08,0.55,0.93,4*05
$GPGSV,3,1,11,05,36,126,42,10,00,342,26,12,19,035,38,13,12,031,19,1*68
$GPGSV,3,2,11,18,68,254,08,23,27,356,45,25,51,020,50,26,28,226,19,1*68
$GPGSV,3,3,11,28,21,294,28,29,57,145,39,31,20,262,26,1*59
$GPGSV,3,1,10,05,36,126,39,10,00,342,31,12,19,035,29,13,12,031,16,6*6B
$GPGSV,3,2,10,18,68,254,25,23,27,356,43,25,51,020,45,28,21,294,22,6*65
$GPGSV,3,3,10,29,57,145,28,31,20,262,28,6*6D
$GPGSV,2,1,06,10,00,342,30,18,68,254,21,23,27,356,45,25,51,020,52,8*6B
$GPGSV,2,2,06,26,28,226,23,28,21,294,29,8*6F
$GPGSV,1,1,04,15,10,060,,16,00,220,,20,02,087,,21,06,143,,0*69
$GLGSV,2,1,08,66,00,156,11,67,16,106,21,73,58,247,20,74,16,210,09,1*77
$GLGSV,2,2,08,80,46,355,48,82,24,143,35,83,53,207,15,84,25,273,21,1*7B
$GLGSV,2,1,06,67,16,106,20,73,58,247,17,80,46,355,43,82,24,143,29,3*7D
$GLGSV,2,2,06,83,53,207,17,84,25,273,15,3*7B
$GLGSV,1,1,01,68,11,057,,0*44
$GAGSV,2,1,07,02,34,221,11,10,35,143,37,11,63,156,27,14,21,089,21,1*76
$GAGSV,2,2,07,16,37,042,42,25,89,072,35,36,59,295,20,1*41
$GAGSV,1,1,03,10,35,143,32,16,37,042,50,25,89,072,36,5*44
$GAGSV,2,1,06,10,35,143,30,11,63,156,27,14,21,089,18,16,37,042,46,7*7F
$GAGSV,2,2,06,25,89,072,33,36,59,295,19,7*79
$GAGSV,1,1,02,12,12,138,,34,09,311,,0*71
$GBGSV,3,1,10,12,22,101,24,19,25,072,43,20,15,120,17,22,12,021,25,3*7B
$GBGSV,3,2,10,24,25,231,23,26,52,284,16,29,23,119,40,31,36,255,19,3*74
$GBGSV,3,3,10,35,60,178,25,39,29,000,47,3*7E
$GBGSV,3,1,10,12,22,101,23,19,25,072,44,20,15,120,23,22,12,021,19,5*75
$GBGSV,3,2,10,24,25,231,27,26,52,284,16,29,23,119,39,31,36,255,16,5*77
$GBGSV,3,3,10,35,60,178,22,39,29,000,47,5*7F
$GBGSV,3,1,10,12,22,101,29,19,25,072,43,20,15,120,20,22,12,021,31,8*7C
$GBGSV,3,2,10,24,25,231,26,26,52,284,19,29,23,119,43,31,36,255,22,8*7E
$GBGSV,3,3,10,35,60,178,19,39,29,000,48,8*75
$GBGSV,1,1,01,11,03,110,,0*45
$GNGLL,3001.74352,S,05112.75063,W,170816.00,A,A*74
$GNRMC,170817.00,A,3001.74352,S,05112.75063,W,0.027,,090926,,,A,V*17
$GNVTG,,T,,M,0.027,N,0.050,K,A*3D
$GNGGA,170817.00,3001.74352,S,05112.75063,W,1,12,0.55,49.2,M,4.8,M,,*40
$GNGSA,M,3,18,23,25,26,28,29,31,05,12,13,,,1.08,0.55,0.93,1*02
$GNGSA,M,3,84,83,82,80,,,,,,,,,1.08,0.55,0.93,2*08
$GNGSA,M,3,25,36,10,11,16,,,,,,,,1.08,0.55,0.93,3*08
$GNGSA,M,3,12,19,20,22,24,26,29,31,35,39,,,1.08,0.55,0.93,4*05
$GPGSV,3,1,11,05,36,126,42,10,00,342,25,12,19,035,38,13,12,031,19,1*6B
$GPGSV,3,2,11,18,68,254,07,23,27,356,45,25,51,020,50,26,28,226,20,1*6D
$GPGSV,3,3,11,28,21,294,28,29,57,145,39,31,20,262,26,1*59
$GPGSV,3,1,10,05,36,126,39,10,00,342,31,12,19,035,29,13,12,031,17,6*6A
$GPGSV,3,2,10,18,68,254,25,23,27,356,43,25,51,020,45,28,21,294,22,6*65
$GPGSV,3,3,10,29,57,145,28,31,20,262,28,6*6D
$GPGSV,2,1,06,10,00,342,30,18,68,254,20,23,27,356,45,25,51,020,52,8*6A
$GPGSV,2,2,06,26,28,226,24,28,21,294,29,8*68
$GPGSV,1,1,04,15,10,060,,16,00,220,,20,02,087,,21,06,143,,0*69
$GLGSV,2,1,08,66,00,156,09,67,16,106,21,73,58,247,20,74,16,210,10,1*76
$GLGSV,2,2,08,80,46,355,48,82,24,143,35,83,53,207,14,84,25,273,22,1*79
$GLGSV,2,1,06,67,16,106,20,73,58,247,15,80,46,355,43,82,24,143,29,3*7F
$GLGSV,2,2,06,83,53,207,16,84,25,273,15,3*7A
$GLGSV,1,1,01,68,11,057,,0*44
$GAGSV,2,1,06,10,35,143,36,11,63,156,27,14,21,089,21,16,37,042,42,1*71
$GAGSV,2,2,06,25,89,072,35,36,59,295,20,1*73
$GAGSV,1,1,03,10,35,143,33,16,37,042,50,25,89,072,36,5*45
$GAGSV,2,1,06,10,35,143,30,11,63,156,27,14,21,089,18,16,37,042,46,7*7F
$GAGSV,2,2,06,25,89,072,33,36,59,295,18,7*78
$GAGSV,1,1,03,02,34,221,,12,12,138,,34,09,311,,0*44
$GBGSV,3,1,10,12,22,102,23,19,25,072,43,20,15,120,15,22,12,021,25,3*7D
$GBGSV,3,2,10,24,25,231,23,26,52,284,17,29,23,119,40,31,36,255,19,3*75
$GBGSV,3,3,10,35,60,178,25,39,29,000,47,3*7E
$GBGSV,3,1,10,12,22,102,24,19,25,072,44,20,15,120,23,22,12,021,18,5*70
$GBGSV,3,2,10,24,25,231,28,26,52,284,16,29,23,119,39,31,36,255,14,5*7A
$GBGSV,3,3,10,35,60,178,21,39,29,000,47,5*7C
$GBGSV,3,1,10,12,22,102,30,19,25,072,43,20,15,120,19,22,12,021,31,8*7D
$GBGSV,3,2,10,24,25,231,26,26,52,284,18,29,23,119,42,31,36,255,22,8*7E
$GBGSV,3,3,10,35,60,178,20,39,29,000,48,8*7F
$GBGSV,1,1,01,11,03,110,,0*45
$GNGLL,3001.74352,S,05112.75063,W,170817.00,A,A*75
$GNRMC,170818.00,A,3001.74352,S,05112.75064,W,0.028,,090926,,,A,V*10
$GNVTG,,T,,M,0.028,N,0.052,K,A*30
$GNGGA,170818.00,3001.74352,S,05112.75064,W,1,12,0.55,49.2,M,4.8,M,,*48
$GNGSA,M,3,18,23,25,26,28,29,31,05,12,13,,,1.08,0.55,0.93,1*02
$GNGSA,M,3,84,83,82,80,,,,,,,,,1.08,0.55,0.93,2*08
$GNGSA,M,3,25,36,10,11,16,,,,,,,,1.08,0.55,0.93,3*08
$GNGSA,M,3,12,19,20,22,24,26,29,31,35,39,,,1.08,0.55,0.93,4*05
$GPGSV,3,1,11,05,36,126,42,10,00,342,25,12,19,035,38,13,12,031,18,1*6A
$GPGSV,3,2,11,18,68,254,07,23,27,356,45,25,51,020,50,26,28,226,19,1*67
$GPGSV,3,3,11,28,21,294,28,29,57,145,39,31,20,262,25,1*5A
$GPGSV,3,1,10,05,36,126,39,10,00,342,30,12,19,035,29,13,12,031,17,6*6B
$GPGSV,3,2,10,18,68,254,25,23,27,356,43,25,51,020,45,28,21,294,22,6*65
$GPGSV,3,3,10,29,57,145,28,31,20,262,28,6*6D
$GPGSV,2,1,06,10,00,342,30,18,68,254,20,23,27,356,45,25,51,020,52,8*6A
$GPGSV,2,2,06,26,28,226,24,28,21,294,29,8*68
$GPGSV,1,1,04,15,10,060,,16,00,220,,20,02,087,,21,06,143,,0*69
$GLGSV,2,1,08,66,00,156,25,67,16,106,20,73,58,247,20,74,16,210,11,1*78
$GLGSV,2,2,08,80,46,355,48,82,24,143,35,83,53,207,14,84,25,273,22,1*79
$GLGSV,2,1,07,67,16,106,19,68,11,057,20,73,58,247,12,80,46,355,42,3*7D
$GLGSV,2,2,07,82,24,143,29,83,53,207,17,84,25,273,11,3*4F
$GAGSV,2,1,06,10,35,143,37,11,63,156,27,14,21,089,22,16,37,042,42,1*73
$GAGSV,2,2,06,25,89,072,35,36,59,295,19,1*79
$GAGSV,1,1,03,10,35,143,32,16,37,042,50,25,89,072,36,5*44
$GAGSV,2,1,06,10,35,143,30,11,63,156,27,14,21,089,19,16,37,042,46,7*7E
$GAGSV,2,2,06,25,89,072,33,36,59,295,17,7*77
$GAGSV,1,1,03,02,34,221,,12,12,138,,34,09,311,,0*44
$GBGSV,3,1,10,12,22,102,23,19,25,072,43,20,15,120,15,22,12,021,25,3*7D
$GBGSV,3,2,10,24,25,231,22,26,52,284,16,29,23,119,40,31,36,255,19,3*75
$GBGSV,3,3,10,35,60,178,25,39,29,000,47,3*7E
$GBGSV,3,1,10,12,22,102,25,19,25,072,44,20,15,120,24,22,12,021,19,5*77
$GBGSV,3,2,10,24,25,231,27,26,52,284,16,29,23,119,39,31,36,255,13,5*72
$GBGSV,3,3,10,35,60,178,21,39,29,000,47,5*7C
$GBGSV,3,1,10,12,22,102,29,19,25,072,43,20,15,120,19,22,12,021,32,8*76
$GBGSV,3,2,10,24,25,231,26,26,52,284,18,29,23,119,43,31,36,255,23,8*7E
$GBGSV,3,3,10,35,60,178,20,39,29,000,48,8*7F
$GBGSV,1,1,01,11,03,110,,0*45
$GNGLL,3001.74352,S,05112.75064,W,170818.00,A,A*7D
$GNRMC,170819.00,A,3001.74352,S,05112.75064,W,0.008,,090926,,,A,V*13
$GNVTG,,T,,M,0.008,N,0.016,K,A*32
$GNGGA,170819.00,3001.74352,S,05112.75064,W,1,12,0.55,49.2,M,4.8,M,,*49
$GNGSA,M,3,18,23,25,26,28,29,31,05,12,13,,,1.08,0.55,0.93,1*02
$GNGSA,M,3,84,83,82,80,,,,,,,,,1.08,0.55,0.93,2*08
$GNGSA,M,3,25,36,10,11,16,,,,,,,,1.08,0.55,0.93,3*08
$GNGSA,M,3,12,19,20,22,24,26,29,31,35,39,,,1.08,0.55,0.93,4*05
$GPGSV,3,1,11,05,36,126,42,10,00,342,25,12,19,035,38,13,12,031,18,1*6A
$GPGSV,3,2,11,18,68,254,06,23,27,356,45,25,51,020,50,26,28,226,19,1*66
$GPGSV,3,3,11,28,21,294,28,29,57,145,39,31,20,262,24,1*5B
$GPGSV,3,1,10,05,36,126,39,10,00,342,30,12,19,035,29,13,12,031,17,6*6B
$GPGSV,3,2,10,18,68,254,24,23,27,356,43,25,51,020,45,28,21,294,22,6*64
$GPGSV,3,3,10,29,57,145,28,31,20,262,28,6*6D
$GPGSV,2,1,06,10,00,342,30,18,68,254,21,23,27,356,45,25,51,020,52,8*6B
$GPGSV,2,2,06,26,28,226,24,28,21,294,29,8*68
$GPGSV,1,1,04,15,10,060,,16,00,220,,20,02,087,,21,06,143,,0*69
$GLGSV,2,1,08,66,00,156,21,67,16,106,20,73,58,247,20,74,16,210,10,1*7D
$GLGSV,2,2,08,80,46,355,48,82,24,143,35,83,53,207,14,84,25,273,23,1*78
$GLGSV,2,1,07,67,16,106,20,68,11,057,20,73,58,247,10,80,46,355,42,3*75
$GLGSV,2,2,07,82,24,143,29,83,53,207,18,84,25,273,09,3*49
$GAGSV,2,1,06,10,35,143,36,11,63,156,27,14,21,089,22,16,37,042,42,1*72
$GAGSV,2,2,06,25,89,072,35,36,59,295,19,1*79
$GAGSV,1,1,03,10,35,143,32,16,37,042,50,25,89,072,36,5*44
$GAGSV,2,1,06,10,35,143,30,11,63,156,27,14,21,089,20,16,37,042,46,7*74
$GAGSV,2,2,06,25,89,072,33,36,59,295,18,7*78
$GAGSV,1,1,03,02,34,221,,12,12,138,,34,09,311,,0*44
$GBGSV,3,1,10,12,22,102,24,19,25,072,43,20,15,120,15,22,12,021,24,3*7B
$GBGSV,3,2,10,24,25,231,20,26,52,284,16,29,23,119,40,31,36,255,19,3*77
$GBGSV,3,3,10,35,60,178,25,39,29,000,47,3*7E
$GBGSV,3,1,10,12,22,102,25,19,25,072,44,20,15,120,23,22,12,021,18,5*71
$GBGSV,3,2,10,24,25,231,27,26,52,284,16,29,23,119,39,31,36,255,13,5*72
$GBGSV,3,3,10,35,60,178,21,39,29,000,47,5*7C
$GBGSV,3,1,10,12,22,102,29,19,25,072,43,20,15,120,19,22,12,021,31,8*75
$GBGSV,3,2,10,24,25,231,26,26,52,284,18,29,23,119,43,31,36,255,23,8*7E
$GBGSV,3,3,10,35,60,178,20,39,29,000,48,8*7F
$GBGSV,1,1,01,11,03,110,,0*45
$GNGLL,3001.74352,S,05112.75064,W,170819.00,A,A*7C
