$GNRMC,165546.00,A,3001.74229,S,05112.75046,W,0.012,,090926,,,F,V*11
$GNVTG,,T,,M,0.012,N,0.023,K,D*3A
$GNGGA,165546.00,3001.74229,S,05112.75046,W,5,12,1.21,47.1,M,4.8,M,2.0,0920*6B
$GNGSA,M,3,05,12,13,23,25,28,29,31,,,,,2.24,1.21,1.89,1*0A
$GNGSA,M,3,16,25,36,02,10,11,,,,,,,2.24,1.21,1.89,3*0F
$GNGSA,M,3,12,19,29,31,35,39,,,,,,,2.24,1.21,1.89,4*00
$GPGSV,3,1,10,05,39,120,47,12,23,037,39,13,17,032,19,13,17,032,19,1*64
$GPGSV,3,2,10,23,22,356,44,25,57,022,51,26,23,224,25,28,24,289,21,1*6E
$GPGSV,3,3,10,29,58,155,24,31,21,256,28,1*6E
$GPGSV,3,1,10,05,39,120,43,12,23,037,25,13,17,032,29,18,66,268,16,6*66
$GPGSV,3,2,10,23,22,356,39,25,57,022,47,26,23,224,23,28,24,289,18,6*68
$GPGSV,3,3,10,29,58,155,20,31,21,256,22,6*67
$GPGSV,2,1,06,13,17,032,30,18,66,268,25,23,22,356,43,25,57,022,54,8*6E
$GPGSV,2,2,06,26,23,224,23,28,24,289,22,8*64
$GPGSV,1,1,03,15,07,056,,20,00,082,,21,10,140,,0*59
$GAGSV,2,1,07,02,30,221,22,10,40,143,36,11,68,157,29,14,23,093,27,1*7A
$GAGSV,2,2,07,16,42,047,38,25,85,180,32,36,55,304,16,1*4C
$GAGSV,1,1,02,14,23,093,35,16,42,047,49,5*74
$GAGSV,2,1,05,02,30,221,17,10,40,143,32,14,23,093,28,16,42,047,46,7*75
$GAGSV,2,2,05,25,85,180,34,7*42
$GAGSV,1,1,02,12,16,139,,34,05,314,,0*7D
$GBGSV,2,1,08,12,21,096,25,19,22,067,23,22,08,018,26,24,22,228,24,3*72
$GBGSV,2,2,08,29,26,122,43,31,33,260,10,35,61,187,10,39,34,000,48,3*7D
$GBGSV,3,1,09,12,21,096,23,19,22,067,22,20,15,115,09,22,08,018,22,5*75
$GBGSV,3,2,09,24,22,228,25,29,26,122,44,31,33,260,19,35,61,187,26,5*78
$GBGSV,3,3,09,39,34,000,45,5*47
$GBGSV,3,1,10,12,21,096,29,19,22,067,20,20,15,115,19,22,08,018,20,8*7B
$GBGSV,3,2,10,24,22,228,28,26,54,276,21,29,26,122,46,31,33,260,23,8*75
$GBGSV,3,3,10,35,61,187,24,39,34,000,47,8*79
$GBGSV,1,1,01,11,06,114,,0*44
$GNGLL,3001.74229,S,05112.75046,W,165546.00,A,D*77
$GNRMC,165547.00,A,3001.74228,S,05112.75044,W,0.015,,090926,,,F,V*14
$GNVTG,,T,,M,0.015,N,0.028,K,D*36
$GNGGA,165547.00,3001.74228,S,05112.75044,W,5,12,0.74,47.2,M,4.8,M,2.0,0920*6B
$GNGSA,M,3,05,12,13,18,23,25,26,28,29,31,,,1.40,0.74,1.19,1*0E
$GNGSA,M,3,16,25,36,02,10,11,,,,,,,1.40,0.74,1.19,3*06
$GNGSA,M,3,12,19,24,26,29,31,35,39,,,,,1.40,0.74,1.19,4*0B
$GPGSV,2,1,08,05,39,120,47,12,23,037,39,13,17,032,20,23,22,356,44,1*6A
$GPGSV,2,2,08,25,57,022,51,28,24,289,21,29,58,155,24,31,21,256,28,1*6A
$GPGSV,3,1,10,05,39,120,43,12,23,037,25,13,17,032,29,18,66,268,17,6*67
$GPGSV,3,2,10,23,22,356,39,25,57,022,47,26,23,224,23,28,24,289,17,6*67
$GPGSV,3,3,10,29,58,155,21,31,21,256,22,6*66
$GPGSV,2,1,06,13,17,032,30,18,66,268,25,23,22,356,43,25,57,022,54,8*6E
$GPGSV,2,2,06,26,23,224,22,28,24,289,22,8*65
$GPGSV,1,1,03,15,07,056,,20,00,082,,21,10,140,,0*59
$GAGSV,2,1,07,02,30,221,21,10,40,143,36,11,68,157,29,14,23,093,26,1*78
$GAGSV,2,2,07,16,42,047,38,25,85,180,31,36,55,304,16,1*4F
$GAGSV,1,1,02,14,23,093,35,16,42,047,49,5*74
$GAGSV,2,1,05,02,30,221,15,10,40,143,32,14,23,093,28,16,42,047,46,7*77
$GAGSV,2,2,05,25,85,180,34,7*42
$GAGSV,1,1,02,12,16,139,,34,05,314,,0*7D
$GBGSV,2,1,08,12,21,096,25,19,22,067,24,22,08,018,27,24,22,228,25,3*75
$GBGSV,2,2,08,29,26,122,43,31,33,260,10,35,61,187,14,39,34,000,48,3*79
$GBGSV,3,1,09,12,21,096,22,19,22,067,22,20,15,115,08,22,08,018,22,5*75
$GBGSV,3,2,09,24,22,228,25,29,26,122,44,31,33,260,18,35,61,187,26,5*79
$GBGSV,3,3,09,39,34,000,45,5*47
$GBGSV,3,1,10,12,21,096,29,19,22,067,20,20,15,115,19,22,08,018,19,8*71
$GBGSV,3,2,10,24,22,228,27,26,54,276,21,29,26,122,46,31,33,260,23,8*7A
$GBGSV,3,3,10,35,61,187,24,39,34,000,47,8*79
$GBGSV,1,1,01,11,06,114,,0*44
$GNGLL,3001.74228,S,05112.75044,W,165547.00,A,D*75
$GNRMC,165548.00,A,3001.74228,S,05112.75044,W,0.012,,090926,,,F,V*1C
$GNVTG,,T,,M,0.012,N,0.021,K,D*38
$GNGGA,165548.00,3001.74228,S,05112.75044,W,5,12,0.74,47.2,M,4.8,M,2.0,0920*64
$GNGSA,M,3,05,12,13,18,23,25,26,28,29,31,,,1.40,0.74,1.19,1*0E
$GNGSA,M,3,16,25,36,02,10,11,,,,,,,1.40,0.74,1.19,3*06
$GNGSA,M,3,12,19,24,26,29,31,35,39,,,,,1.40,0.74,1.19,4*0B
$GPGSV,2,1,08,05,39,120,47,12,23,037,39,13,17,032,21,23,22,356,44,1*6B
$GPGSV,2,2,08,25,57,022,51,28,24,289,22,29,58,155,23,31,21,256,28,1*6E
$GPGSV,3,1,10,05,39,120,43,12,23,037,25,13,17,032,29,18,66,268,18,6*68
$GPGSV,3,2,10,23,22,356,39,25,57,022,47,26,23,224,23,28,24,289,17,6*67
$GPGSV,3,3,10,29,58,155,21,31,21,256,22,6*66
$GPGSV,2,1,06,13,17,032,30,18,66,268,25,23,22,356,43,25,57,022,53,8*69
$GPGSV,2,2,06,26,23,224,22,28,24,289,23,8*64
$GPGSV,1,1,03,15,07,056,,20,00,082,,21,10,140,,0*59
$GAGSV,2,1,07,02,30,221,22,10,40,143,36,11,68,157,29,14,23,093,26,1*7B
$GAGSV,2,2,07,16,42,047,38,25,85,180,32,36,55,304,16,1*4C
$GAGSV,1,1,02,14,23,093,36,16,42,047,49,5*77
$GAGSV,2,1,05,02,30,221,16,10,40,143,32,14,23,093,28,16,42,047,46,7*74
$GAGSV,2,2,05,25,85,180,34,7*42
$GAGSV,1,1,02,12,16,139,,34,05,314,,0*7D
$GBGSV,2,1,08,12,21,096,24,19,22,067,25,22,08,018,27,24,22,228,25,3*75
$GBGSV,2,2,08,29,26,122,43,31,33,260,09,35,61,187,17,39,34,000,48,3*72
$GBGSV,2,1,08,12,21,096,22,19,22,067,22,22,08,018,21,24,22,228,25,5*74
$GBGSV,2,2,08,29,26,122,44,31,33,260,18,35,61,187,26,39,34,000,45,5*7C
$GBGSV,3,1,10,12,21,096,29,19,22,067,21,20,15,115,19,22,08,018,20,8*7A
$GBGSV,3,2,10,24,22,228,27,26,54,276,21,29,26,122,46,31,33,260,23,8*7A
$GBGSV,3,3,10,35,61,187,23,39,34,000,47,8*7E
$GBGSV,1,1,01,11,06,114,,0*44
$GNGLL,3001.74228,S,05112.75044,W,165548.00,A,D*7A
$GNRMC,165549.00,A,3001.74228,S,05112.75044,W,0.013,,090926,,,F,V*1C
$GNVTG,,T,,M,0.013,N,0.024,K,D*3C
$GNGGA,165549.00,3001.74228,S,05112.75044,W,5,12,0.74,47.2,M,4.8,M,2.0,0920*65
$GNGSA,M,3,05,12,13,18,23,25,26,28,29,31,,,1.40,0.74,1.19,1*0E
$GNGSA,M,3,16,25,36,02,10,11,,,,,,,1.40,0.74,1.19,3*06
$GNGSA,M,3,12,19,24,26,29,31,35,39,,,,,1.40,0.74,1.19,4*0B
$GPGSV,2,1,08,05,39,120,47,12,23,037,40,13,17,032,21,23,22,356,44,1*65
$GPGSV,2,2,08,25,57,022,51,28,24,289,22,29,58,155,23,31,21,256,28,1*6E
$GPGSV,3,1,10,05,39,120,43,12,23,037,25,13,17,032,29,18,66,268,19,6*69
$GPGSV,3,2,10,23,22,356,39,25,57,022,47,26,23,224,23,28,24,289,17,6*67
$GPGSV,3,3,10,29,58,155,20,31,21,256,22,6*67
$GPGSV,2,1,06,13,17,032,30,18,66,268,25,23,22,356,43,25,57,022,53,8*69
$GPGSV,2,2,06,26,23,224,23,28,24,289,23,8*65
$GPGSV,1,1,03,15,07,056,,20,00,082,,21,10,140,,0*59
$GAGSV,2,1,07,02,30,221,22,10,40,143,36,11,68,157,29,14,23,093,26,1*7B
$GAGSV,2,2,07,16,42,047,38,25,85,180,31,36,55,304,16,1*4F
$GAGSV,1,1,02,14,23,093,36,16,42,047,49,5*77
$GAGSV,2,1,05,02,30,221,17,10,40,143,33,14,23,093,28,16,42,047,46,7*74
$GAGSV,2,2,05,25,85,180,34,7*42
$GAGSV,1,1,02,12,16,139,,34,05,314,,0*7D
$GBGSV,2,1,08,12,21,096,24,19,22,067,25,22,08,018,27,24,22,228,25,3*75
$GBGSV,2,2,08,29,26,122,43,31,33,260,09,35,61,187,15,39,34,000,48,3*70
$GBGSV,2,1,08,12,21,096,22,19,22,067,22,22,08,018,21,24,22,228,25,5*74
$GBGSV,2,2,08,29,26,122,44,31,33,260,18,35,61,187,26,39,34,000,45,5*7C
$GBGSV,3,1,10,12,21,096,29,19,22,067,21,20,15,115,19,22,08,018,20,8*7A
$GBGSV,3,2,10,24,22,228,27,26,54,276,21,29,26,122,46,31,33,260,23,8*7A
$GBGSV,3,3,10,35,61,187,23,39,34,000,47,8*7E
$GBGSV,1,1,01,11,06,114,,0*44
$GNGLL,3001.74228,S,05112.75044,W,165549.00,A,D*7B
$GNRMC,165550.00,A,3001.74228,S,05112.75044,W,0.041,,090926,,,F,V*13
$GNVTG,,T,,M,0.041,N,0.076,K,D*3C
$GNGGA,165550.00,3001.74228,S,05112.75044,W,5,12,0.74,47.2,M,4.8,M,2.0,0920*6D
$GNGSA,M,3,05,12,13,18,23,25,26,28,29,31,,,1.40,0.74,1.19,1*0E
$GNGSA,M,3,16,25,36,02,10,11,,,,,,,1.40,0.74,1.19,3*06
$GNGSA,M,3,12,19,24,26,29,31,35,39,,,,,1.40,0.74,1.19,4*0B
$GPGSV,2,1,08,05,39,120,47,12,23,037,40,23,22,356,44,25,57,022,52,1*61
$GPGSV,2,2,08,26,23,224,24,28,24,289,22,29,58,155,24,31,21,256,29,1*6E
$GPGSV,3,1,10,05,39,120,43,12,23,037,25,13,17,032,29,18,66,268,20,6*63
$GPGSV,3,2,10,23,22,356,39,25,57,022,47,26,23,224,24,28,24,289,17,6*60
$GPGSV,3,3,10,29,58,155,20,31,21,256,22,6*67
$GPGSV,2,1,06,13,17,032,30,18,66,268,25,23,22,356,43,25,57,022,53,8*69
$GPGSV,2,2,06,26,23,224,23,28,24,289,23,8*65
$GPGSV,1,1,03,15,07,056,,20,00,082,,21,10,140,,0*59
$GAGSV,2,1,07,02,30,221,22,10,40,143,36,11,68,157,29,14,23,093,26,1*7B
$GAGSV,2,2,07,16,42,047,38,25,85,180,32,36,55,304,16,1*4C
$GAGSV,1,1,02,14,23,093,36,16,42,047,49,5*77
$GAGSV,2,1,05,02,30,221,15,10,40,143,33,14,23,093,28,16,42,047,46,7*76
$GAGSV,2,2,05,25,85,180,34,7*42
$GAGSV,1,1,02,12,16,139,,34,05,314,,0*7D
$GBGSV,2,1,08,12,21,096,24,19,22,067,25,22,08,018,27,24,22,228,26,3*76
$GBGSV,2,2,08,29,26,122,43,31,33,260,11,35,61,187,15,39,34,000,48,3*79
$GBGSV,2,1,08,12,21,096,22,19,22,067,22,22,08,018,21,24,22,228,25,5*74
$GBGSV,2,2,08,29,26,122,44,31,33,260,18,35,61,187,26,39,34,000,45,5*7C
$GBGSV,3,1,10,12,21,096,29,19,22,067,22,20,15,115,19,22,08,018,20,8*79
$GBGSV,3,2,10,24,22,228,26,26,54,276,21,29,26,122,46,31,33,260,23,8*7B
$GBGSV,3,3,10,35,61,187,23,39,34,000,47,8*7E
$GBGSV,1,1,01,11,06,114,,0*44
$GNGLL,3001.74228,S,05112.75044,W,165550.00,A,D*73
$GNRMC,165551.00,A,3001.74228,S,05112.75042,W,0.035,,090926,,,F,V*17
$GNVTG,,T,,M,0.035,N,0.066,K,D*3E
$GNGGA,165551.00,3001.74228,S,05112.75042,W,5,12,0.74,47.2,M,4.8,M,2.0,0920*6A
$GNGSA,M,3,05,12,13,18,23,25,26,28,29,31,,,1.40,0.74,1.19,1*0E
$GNGSA,M,3,16,25,36,02,10,11,,,,,,,1.40,0.74,1.19,3*06
$GNGSA,M,3,12,19,24,26,29,31,35,39,,,,,1.40,0.74,1.19,4*0B
$GPGSV,2,1,08,05,39,120,47,12,23,037,40,23,22,356,44,25,57,022,52,1*61
$GPGSV,2,2,08,26,23,224,21,28,24,289,21,29,58,155,24,31,21,256,29,1*68
$GPGSV,3,1,10,05,39,120,43,12,23,037,25,13,17,032,29,18,66,268,19,6*69
$GPGSV,3,2,10,23,22,356,39,25,57,022,47,26,23,224,24,28,24,289,16,6*61
$GPGSV,3,3,10,29,58,155,20,31,21,256,22,6*67
$GPGSV,2,1,06,13,17,032,30,18,66,268,25,23,22,356,43,25,57,022,54,8*6E
$GPGSV,2,2,06,26,23,224,23,28,24,289,23,8*65
$GPGSV,1,1,03,15,07,056,,20,00,082,,21,10,140,,0*59
$GAGSV,2,1,07,02,30,221,22,10,40,143,36,11,68,157,29,14,23,093,26,1*7B
$GAGSV,2,2,07,16,42,047,38,25,85,180,32,36,55,304,17,1*4D
$GAGSV,1,1,02,14,23,093,36,16,42,047,49,5*77
$GAGSV,2,1,05,02,30,221,12,10,40,143,33,14,23,093,28,16,42,047,46,7*71
$GAGSV,2,2,05,25,85,180,34,7*42
$GAGSV,1,1,02,12,16,139,,34,05,314,,0*7D
$GBGSV,2,1,08,12,21,096,24,19,22,067,25,22,08,018,27,24,22,228,26,3*76
$GBGSV,2,2,08,29,26,122,43,31,33,260,09,35,61,187,17,39,34,000,48,3*72
$GBGSV,2,1,08,12,21,096,22,19,22,067,22,22,08,018,21,24,22,228,25,5*74
$GBGSV,2,2,08,29,26,122,44,31,33,260,17,35,61,187,26,39,34,000,45,5*73
$GBGSV,3,1,10,12,21,096,29,19,22,067,22,20,15,115,19,22,08,018,21,8*78
$GBGSV,3,2,10,24,22,228,26,26,54,276,21,29,26,122,46,31,33,260,23,8*7B
$GBGSV,3,3,10,35,61,187,23,39,34,000,47,8*7E
$GBGSV,1,1,01,11,06,114,,0*44
$GNGLL,3001.74228,S,05112.75042,W,165551.00,A,D*74
$GNRMC,165552.00,A,3001.74228,S,05112.75042,W,0.021,,090926,,,F,V*11
$GNVTG,,T,,M,0.021,N,0.039,K,D*31
$GNGGA,165552.00,3001.74228,S,05112.75042,W,5,12,0.74,47.2,M,4.8,M,2.0,0920*69
$GNGSA,M,3,05,12,13,18,23,25,26,28,29,31,,,1.40,0.74,1.19,1*0E
$GNGSA,M,3,16,25,36,02,10,11,,,,,,,1.40,0.74,1.19,3*06
$GNGSA,M,3,12,19,24,26,29,31,35,39,,,,,1.40,0.74,1.19,4*0B
$GPGSV,2,1,07,05,39,120,47,12,23,037,40,23,22,356,44,25,57,022,52,1*6E
$GPGSV,2,2,07,28,24,289,21,29,58,155,23,31,21,256,29,1*52
$GPGSV,3,1,10,05,39,120,43,12,23,037,25,13,17,032,29,18,66,268,19,6*69
$GPGSV,3,2,10,23,22,356,39,25,57,022,47,26,23,224,24,28,24,289,17,6*60
$GPGSV,3,3,10,29,58,155,20,31,21,256,22,6*67
$GPGSV,2,1,06,13,17,032,30,18,66,268,25,23,22,356,43,25,57,022,54,8*6E
$GPGSV,2,2,06,26,23,224,23,28,24,289,23,8*65
$GPGSV,1,1,03,15,07,056,,20,00,082,,21,10,140,,0*59
$GAGSV,2,1,07,02,30,221,21,10,40,143,36,11,68,157,29,14,23,093,26,1*78
$GAGSV,2,2,07,16,42,047,38,25,85,180,32,36,55,304,17,1*4D
$GAGSV,1,1,02,14,23,093,36,16,42,047,49,5*77
$GAGSV,2,1,05,02,30,221,09,10,40,143,33,14,23,093,29,16,42,047,46,7*7A
$GAGSV,2,2,05,25,85,180,34,7*42
$GAGSV,1,1,02,12,16,139,,34,05,314,,0*7D
$GBGSV,2,1,08,12,21,096,24,19,22,067,26,22,08,018,27,24,22,228,26,3*75
$GBGSV,2,2,08,29,26,122,43,31,33,260,08,35,61,187,17,39,34,000,48,3*73
$GBGSV,2,1,08,12,21,096,22,19,22,067,22,22,08,018,21,24,22,228,25,5*74
$GBGSV,2,2,08,29,26,122,44,31,33,260,17,35,61,187,26,39,34,000,45,5*73
$GBGSV,3,1,10,12,21,096,29,19,22,067,22,20,15,115,19,22,08,018,20,8*79
$GBGSV,3,2,10,24,22,228,26,26,54,276,20,29,26,122,46,31,33,260,23,8*7A
$GBGSV,3,3,10,35,61,187,23,39,34,000,47,8*7E
$GBGSV,1,1,01,11,06,114,,0*44
$GNGLL,3001.74228,S,05112.75042,W,165552.00,A,D*77
$GNRMC,165553.00,A,3001.74227,S,05112.75042,W,0.041,,090926,,,F,V*19
$GNVTG,,T,,M,0.041,N,0.076,K,D*3C
$GNGGA,165553.00,3001.74227,S,05112.75042,W,5,12,0.74,47.2,M,4.8,M,2.0,0920*67
$GNGSA,M,3,05,12,13,18,23,25,26,28,29,31,,,1.40,0.74,1.19,1*0E
$GNGSA,M,3,16,25,36,02,10,11,,,,,,,1.40,0.74,1.19,3*06
$GNGSA,M,3,12,19,24,26,29,31,35,39,,,,,1.40,0.74,1.19,4*0B
$GPGSV,2,1,07,05,39,120,47,12,23,037,39,23,22,356,44,25,57,022,52,1*60
$GPGSV,2,2,07,28,24,289,21,29,58,155,23,31,21,256,29,1*52
$GPGSV,3,1,10,05,39,120,43,12,23,037,25,13,17,032,29,18,66,268,19,6*69
$GPGSV,3,2,10,23,22,356,39,25,57,022,47,26,23,224,24,28,24,289,15,6*62
$GPGSV,3,3,10,29,58,155,20,31,21,256,21,6*64
$GPGSV,2,1,06,13,17,032,30,18,66,268,25,23,22,356,43,25,57,022,54,8*6E
$GPGSV,2,2,06,26,23,224,23,28,24,289,23,8*65
$GPGSV,1,1,03,15,07,056,,20,00,082,,21,10,140,,0*59
$GAGSV,2,1,07,02,30,221,21,10,39,143,36,11,68,157,29,14,23,093,26,1*76
$GAGSV,2,2,07,16,42,047,38,25,85,180,32,36,55,304,17,1*4D
$GAGSV,1,1,02,14,23,093,36,16,42,047,49,5*77
$GAGSV,2,1,05,02,30,221,08,10,39,143,33,14,23,093,29,16,42,047,46,7*75
$GAGSV,2,2,05,25,85,180,34,7*42
$GAGSV,1,1,02,12,16,139,,34,05,314,,0*7D
$GBGSV,2,1,08,12,21,096,25,19,22,067,26,22,08,018,27,24,22,228,26,3*74
$GBGSV,2,2,08,29,26,122,43,31,33,260,07,35,61,187,17,39,34,000,48,3*7C
$GBGSV,2,1,08,12,21,096,22,19,22,067,21,22,08,018,21,24,22,228,25,5*77
$GBGSV,2,2,08,29,26,122,44,31,33,260,18,35,61,187,26,39,34,000,45,5*7C
$GBGSV,3,1,10,12,21,096,29,19,22,067,23,20,15,115,19,22,08,018,20,8*78
$GBGSV,3,2,10,24,22,228,26,26,54,276,20,29,26,122,46,31,33,260,22,8*7B
$GBGSV,3,3,10,35,61,187,23,39,34,000,47,8*7E
$GBGSV,1,1,01,11,06,114,,0*44
$GNGLL,3001.74227,S,05112.75042,W,165553.00,A,D*79
$GNRMC,165554.00,A,3001.74227,S,05112.75041,W,0.007,,090926,,,F,V*1F
$GNVTG,,T,,M,0.007,N,0.014,K,D*3A
$GNGGA,165554.00,3001.74227,S,05112.75041,W,5,12,0.75,47.2,M,4.8,M,2.0,0920*62
$GNGSA,M,3,05,12,13,18,23,25,26,28,29,31,,,1.42,0.75,1.21,1*06
$GNGSA,M,3,16,25,36,02,10,11,,,,,,,1.42,0.75,1.21,3*0E
$GNGSA,M,3,12,19,24,26,29,31,35,39,,,,,1.42,0.75,1.21,4*03
$GPGSV,2,1,07,05,39,120,47,12,23,037,39,23,22,356,44,25,57,022,52,1*60
$GPGSV,2,2,07,28,24,289,21,29,58,155,24,31,21,256,29,1*55
$GPGSV,3,1,10,05,39,120,43,12,23,037,25,13,17,032,29,18,66,268,20,6*63
$GPGSV,3,2,10,23,22,356,39,25,57,022,47,26,23,224,24,28,24,289,15,6*62
$GPGSV,3,3,10,29,58,155,20,31,21,256,20,6*65
$GPGSV,2,1,06,13,17,032,30,18,66,268,25,23,22,356,43,25,57,022,54,8*6E
$GPGSV,2,2,06,26,23,224,23,28,24,289,22,8*64
$GPGSV,1,1,03,15,07,056,,20,00,082,,21,10,140,,0*59
$GAGSV,2,1,07,02,30,221,21,10,39,143,36,11,68,157,29,14,23,093,25,1*75
$GAGSV,2,2,07,16,42,047,38,25,85,180,31,36,55,304,17,1*4E
$GAGSV,1,1,02,14,23,093,36,16,42,047,49,5*77
$GAGSV,2,1,05,02,30,221,10,10,39,143,33,14,23,093,29,16,42,047,46,7*7C
$GAGSV,2,2,05,25,85,180,34,7*42
$GAGSV,1,1,02,12,16,139,,34,05,314,,0*7D
$GBGSV,2,1,07,12,21,096,24,19,22,067,27,22,08,018,27,24,22,228,26,3*7B
$GBGSV,2,2,07,29,26,122,43,35,61,187,19,39,34,000,48,3*4C
$GBGSV,2,1,08,12,21,096,22,19,22,067,21,22,08,018,22,24,22,228,25,5*74
$GBGSV,2,2,08,29,26,122,44,31,33,260,17,35,61,187,26,39,34,000,45,5*73
$GBGSV,3,1,10,12,21,096,29,19,22,067,23,20,15,115,18,22,08,018,19,8*73
$GBGSV,3,2,10,24,22,228,26,26,54,276,20,29,26,122,46,31,33,260,22,8*7B
$GBGSV,3,3,10,35,61,187,23,39,34,000,47,8*7E
$GBGSV,1,1,01,11,06,114,,0*44
$GNGLL,3001.74227,S,05112.75041,W,165554.00,A,D*7D
$GNRMC,165555.00,A,3001.74227,S,05112.75041,W,0.043,,090926,,,F,V*1E
$GNVTG,,T,,M,0.043,N,0.080,K,D*37
$GNGGA,165555.00,3001.74227,S,05112.75041,W,5,12,0.75,47.2,M,4.8,M,2.0,0920*63
$GNGSA,M,3,05,12,13,18,23,25,26,28,29,31,,,1.42,0.75,1.21,1*06
$GNGSA,M,3,16,25,36,02,10,11,,,,,,,1.42,0.75,1.21,3*0E
$GNGSA,M,3,12,19,24,26,29,35,39,,,,,,1.42,0.75,1.21,4*01
$GPGSV,2,1,08,05,39,120,47,12,23,037,39,13,17,032,21,23,22,356,44,1*6B
$GPGSV,2,2,08,25,57,022,52,28,24,289,22,29,58,155,25,31,21,256,29,1*6A
$GPGSV,3,1,10,05,39,120,43,12,23,037,25,13,17,032,29,18,66,268,20,6*63
$GPGSV,3,2,10,23,22,356,39,25,57,022,47,26,23,224,24,28,24,289,13,6*64
$GPGSV,3,3,10,29,58,155,20,31,21,256,20,6*65
$GPGSV,2,1,06,13,17,032,30,18,66,268,25,23,22,356,43,25,57,022,54,8*6E
$GPGSV,2,2,06,26,23,224,23,28,24,289,22,8*64
$GPGSV,1,1,03,15,07,056,,20,00,082,,21,10,140,,0*59
$GAGSV,2,1,07,02,30,221,21,10,39,143,36,11,68,157,29,14,23,093,25,1*75
$GAGSV,2,2,07,16,42,047,38,25,85,180,31,36,55,304,17,1*4E
$GAGSV,1,1,02,14,23,093,36,16,42,047,49,5*77
$GAGSV,2,1,05,02,30,221,10,10,39,143,33,14,23,093,29,16,42,047,46,7*7C
$GAGSV,2,2,05,25,85,180,34,7*42
$GAGSV,1,1,02,12,16,139,,34,05,314,,0*7D
$GBGSV,2,1,07,12,21,096,25,19,22,067,27,22,08,018,27,24,22,228,26,3*7A
$GBGSV,2,2,07,29,26,122,43,35,61,187,20,39,34,000,48,3*46
$GBGSV,2,1,08,12,21,096,22,19,22,067,21,22,08,018,22,24,22,228,25,5*74
$GBGSV,2,2,08,29,26,122,44,31,33,260,18,35,61,187,26,39,34,000,45,5*7C
$GBGSV,3,1,11,11,06,114,14,12,21,096,29,19,22,067,23,20,15,115,18,8*7C
$GBGSV,3,2,11,22,08,018,19,24,22,228,26,26,54,276,20,29,26,122,46,8*75
$GBGSV,3,3,11,31,33,260,22,35,61,187,23,39,34,000,47,8*49
$GNGLL,3001.74227,S,05112.75041,W,165555.00,A,D*7C
$GNRMC,165556.00,A,3001.74227,S,05112.75040,W,0.005,,090926,,,F,V*1E
$GNVTG,,T,,M,0.005,N,0.009,K,D*34
$GNGGA,165556.00,3001.74227,S,05112.75040,W,5,12,0.75,47.2,M,4.8,M,2.0,0920*61
$GNGSA,M,3,05,12,13,18,23,25,26,28,29,31,,,1.42,0.75,1.21,1*06
$GNGSA,M,3,16,25,36,02,10,11,,,,,,,1.42,0.75,1.21,3*0E
$GNGSA,M,3,12,19,24,26,29,31,35,39,,,,,1.42,0.75,1.21,4*03
$GPGSV,3,1,09,05,39,120,47,12,23,037,39,13,17,032,21,23,22,356,44,1*6B
$GPGSV,3,2,09,25,57,022,52,26,23,224,21,28,24,289,22,29,58,155,25,1*63
$GPGSV,3,3,09,31,21,256,29,1*56
$GPGSV,3,1,10,05,39,120,43,12,23,037,24,13,17,032,29,18,66,268,19,6*68
$GPGSV,3,2,10,23,22,356,39,25,57,022,47,26,23,224,23,28,24,289,13,6*63
$GPGSV,3,3,10,29,58,155,20,31,21,256,20,6*65
$GPGSV,2,1,06,13,17,032,30,18,66,268,25,23,22,356,43,25,57,022,54,8*6E
$GPGSV,2,2,06,26,23,224,24,28,24,289,22,8*63
$GPGSV,1,1,03,15,07,056,,20,00,082,,21,10,140,,0*59
$GAGSV,2,1,07,02,30,221,21,10,39,143,36,11,68,157,29,14,23,093,25,1*75
$GAGSV,2,2,07,16,42,047,38,25,85,180,32,36,55,304,16,1*4C
$GAGSV,1,1,02,14,23,093,36,16,42,047,49,5*77
$GAGSV,2,1,05,02,30,221,10,10,39,143,33,14,23,093,29,16,42,047,46,7*7C
$GAGSV,2,2,05,25,85,180,34,7*42
$GAGSV,1,1,02,12,16,139,,34,05,314,,0*7D
$GBGSV,2,1,07,12,21,096,25,19,22,067,27,22,08,018,27,24,22,228,26,3*7A
$GBGSV,2,2,07,29,26,122,43,35,61,187,21,39,34,000,48,3*47
$GBGSV,3,1,09,12,21,096,22,19,22,067,21,22,08,018,22,24,22,228,25,5*74
$GBGSV,3,2,09,26,54,276,14,29,26,122,44,31,33,260,18,35,61,187,26,5*73
$GBGSV,3,3,09,39,34,000,45,5*47
$GBGSV,3,1,11,11,06,114,15,12,21,096,29,19,22,067,24,20,15,115,18,8*7A
$GBGSV,3,2,11,22,08,018,19,24,22,228,26,26,54,276,20,29,26,122,46,8*75
$GBGSV,3,3,11,31,33,260,21,35,61,187,23,39,34,000,47,8*4A
$GNGLL,3001.74227,S,05112.75040,W,165556.00,A,D*7E
$GNRMC,165557.00,A,3001.74227,S,05112.75040,W,0.029,,090926,,,F,V*11
$GNVTG,,T,,M,0.029,N,0.054,K,D*32
$GNGGA,165557.00,3001.74227,S,05112.75040,W,5,12,0.67,47.2,M,4.8,M,2.0,0920*63
$GNGSA,M,3,05,12,13,18,23,25,26,28,29,31,,,1.28,0.67,1.09,1*03
$GNGSA,M,3,16,25,36,02,10,11,,,,,,,1.28,0.67,1.09,3*0B
$GNGSA,M,3,12,19,24,26,29,31,35,39,,,,,1.28,0.67,1.09,4*06
$GPGSV,3,1,09,05,39,120,47,12,23,037,40,13,17,032,21,23,22,356,44,1*65
$GPGSV,3,2,09,25,57,022,52,26,23,224,22,28,24,289,22,29,58,155,26,1*63
$GPGSV,3,3,09,31,21,256,29,1*56
$GPGSV,3,1,10,05,39,120,43,12,23,037,24,13,17,032,29,18,66,268,18,6*69
$GPGSV,3,2,10,23,22,356,39,25,57,022,47,26,23,224,23,28,24,289,11,6*61
$GPGSV,3,3,10,29,58,155,20,31,21,256,20,6*65
$GPGSV,2,1,06,13,17,032,30,18,66,268,25,23,22,356,43,25,57,022,54,8*6E
$GPGSV,2,2,06,26,23,224,24,28,24,289,22,8*63
$GPGSV,1,1,03,15,07,056,,20,00,082,,21,10,140,,0*59
$GAGSV,2,1,07,02,30,221,22,10,39,143,37,11,68,157,29,14,22,092,25,1*77
$GAGSV,2,2,07,16,42,047,38,25,85,180,32,36,55,304,16,1*4C
$GAGSV,1,1,02,14,22,092,36,16,42,047,49,5*77
$GAGSV,2,1,05,02,30,221,09,10,39,143,33,14,22,092,29,16,42,047,46,7*74
$GAGSV,2,2,05,25,85,180,34,7*42
$GAGSV,1,1,02,12,16,139,,34,05,314,,0*7D
$GBGSV,2,1,07,12,21,096,25,19,22,067,27,22,08,018,27,24,22,228,26,3*7A
$GBGSV,2,2,07,29,26,122,43,35,61,187,22,39,34,000,48,3*44
$GBGSV,2,1,08,12,21,096,22,19,22,067,20,22,08,018,22,24,22,228,25,5*75
$GBGSV,2,2,08,26,54,276,13,29,26,122,44,35,61,187,26,39,34,000,45,5*77
$GBGSV,3,1,11,11,06,114,13,12,21,096,29,19,22,067,25,20,15,115,19,8*7C
$GBGSV,3,2,11,22,08,018,20,24,22,228,26,26,54,276,19,29,26,122,46,8*75
$GBGSV,3,3,11,31,33,260,20,35,61,187,23,39,34,000,47,8*4B
$GNGLL,3001.74227,S,05112.75040,W,165557.00,A,D*7F
$GNRMC,165558.00,A,3001.74227,S,05112.75039,W,0.032,,090926,,,F,V*1A
$GNVTG,,T,,M,0.032,N,0.059,K,D*35
$GNGGA,165558.00,3001.74227,S,05112.75039,W,5,12,0.67,47.2,M,4.8,M,2.0,0920*62
$GNGSA,M,3,05,12,13,18,23,25,26,28,29,31,,,1.28,0.67,1.09,1*03
$GNGSA,M,3,16,25,36,02,10,11,,,,,,,1.28,0.67,1.09,3*0B
$GNGSA,M,3,12,19,24,26,29,31,35,39,,,,,1.28,0.67,1.09,4*06
$GPGSV,3,1,09,05,39,120,47,12,23,037,40,13,17,032,21,23,22,356,44,1*65
$GPGSV,3,2,09,25,57,022,52,26,23,224,22,28,24,289,22,29,58,155,26,1*63
$GPGSV,3,3,09,31,21,256,29,1*56
$GPGSV,3,1,10,05,39,120,43,12,23,037,25,13,17,032,29,18,66,268,17,6*67
$GPGSV,3,2,10,23,22,356,39,25,57,022,47,26,23,224,24,28,24,289,13,6*64
$GPGSV,3,3,10,29,58,155,20,31,21,256,21,6*64
$GPGSV,2,1,06,13,17,032,30,18,66,268,25,23,22,356,43,25,57,022,54,8*6E
$GPGSV,2,2,06,26,23,224,24,28,24,289,23,8*62
$GPGSV,1,1,03,15,07,056,,20,00,082,,21,10,140,,0*59
$GAGSV,2,1,07,02,30,221,21,10,39,143,36,11,68,157,29,14,22,092,25,1*75
$GAGSV,2,2,07,16,42,047,38,25,85,180,32,36,55,304,17,1*4D
$GAGSV,1,1,02,14,22,092,36,16,42,047,49,5*77
$GAGSV,2,1,05,02,30,221,11,10,39,143,33,14,22,092,29,16,42,047,46,7*7D
$GAGSV,2,2,05,25,85,180,34,7*42
$GAGSV,1,1,02,12,16,139,,34,05,314,,0*7D
$GBGSV,2,1,07,12,21,096,25,19,22,067,27,22,08,018,27,24,22,228,26,3*7A
$GBGSV,2,2,07,29,26,122,43,35,61,187,22,39,34,000,48,3*44
$GBGSV,3,1,09,12,21,096,22,19,22,067,21,22,08,018,22,24,22,228,25,5*74
$GBGSV,3,2,09,26,54,276,13,29,26,122,44,31,33,260,18,35,61,187,26,5*74
$GBGSV,3,3,09,39,34,000,45,5*47
$GBGSV,3,1,11,11,06,114,13,12,21,096,29,19,22,067,25,20,15,115,19,8*7C
$GBGSV,3,2,11,22,08,018,19,24,22,228,26,26,54,276,19,29,26,122,46,8*7F
$GBGSV,3,3,11,31,33,260,20,35,61,187,23,39,34,000,47,8*4B
$GNGLL,3001.74227,S,05112.75039,W,165558.00,A,D*7E
$GNRMC,165559.00,A,3001.74227,S,05112.75039,W,0.009,,090926,,,F,V*13
$GNVTG,,T,,M,0.009,N,0.016,K,D*36
$GNGGA,165559.00,3001.74227,S,05112.75039,W,5,12,0.67,47.2,M,4.8,M,2.0,0920*63
$GNGSA,M,3,05,12,13,18,23,25,26,28,29,31,,,1.28,0.67,1.09,1*03
$GNGSA,M,3,16,25,36,02,10,11,,,,,,,1.28,0.67,1.09,3*0B
$GNGSA,M,3,12,19,24,26,29,31,35,39,,,,,1.28,0.67,1.09,4*06
$GPGSV,3,1,09,05,39,120,47,12,23,037,40,13,17,032,21,23,22,356,44,1*65
$GPGSV,3,2,09,25,57,022,52,26,23,224,22,28,24,289,22,29,58,155,26,1*63
$GPGSV,3,3,09,31,21,256,29,1*56
$GPGSV,3,1,10,05,39,120,43,12,23,037,24,13,17,032,29,18,66,268,16,6*67
$GPGSV,3,2,10,23,22,356,38,25,57,022,47,26,23,224,23,28,24,289,12,6*63
$GPGSV,3,3,10,29,58,155,19,31,21,256,20,6*6F
$GPGSV,2,1,06,13,17,032,30,18,66,268,25,23,22,356,43,25,57,022,54,8*6E
$GPGSV,2,2,06,26,23,224,24,28,24,289,23,8*62
$GPGSV,1,1,03,15,07,056,,20,00,082,,21,10,140,,0*59
$GAGSV,2,1,07,02,30,221,21,10,39,143,36,11,68,157,29,14,22,092,24,1*74
$GAGSV,2,2,07,16,41,046,38,25,85,180,32,36,55,304,16,1*4E
$GAGSV,1,1,02,14,22,092,36,16,41,046,49,5*75
$GAGSV,2,1,05,02,30,221,11,10,39,143,33,14,22,092,29,16,41,046,46,7*7F
$GAGSV,2,2,05,25,85,180,34,7*42
$GAGSV,1,1,02,12,16,139,,34,05,314,,0*7D
$GBGSV,2,1,07,12,21,096,25,19,22,067,27,22,08,018,26,24,22,228,26,3*7B
$GBGSV,2,2,07,29,26,122,43,35,61,187,22,39,34,000,48,3*44
$GBGSV,3,1,09,12,21,096,22,19,22,067,21,22,08,018,22,24,22,228,25,5*74
$GBGSV,3,2,09,26,54,276,12,29,26,122,43,31,33,260,19,35,61,187,26,5*73
$GBGSV,3,3,09,39,34,000,45,5*47
$GBGSV,3,1,11,11,06,114,13,12,21,096,29,19,22,067,25,20,15,115,18,8*7D
$GBGSV,3,2,11,22,08,018,19,24,22,228,26,26,54,276,19,29,26,122,46,8*7F
$GBGSV,3,3,11,31,33,260,20,35,61,187,23,39,34,000,47,8*4B
$GNGLL,3001.74227,S,05112.75039,W,165559.00,A,D*7F
$GNRMC,165600.00,A,3001.74227,S,05112.75039,W,0.004,,090926,,,F,V*11
$GNVTG,,T,,M,0.004,N,0.008,K,D*34
$GNGGA,165600.00,3001.74227,S,05112.75039,W,5,12,0.67,47.2,M,4.8,M,2.0,0920*6C
$GNGSA,M,3,05,12,13,23,25,26,28,29,31,,,,1.28,0.67,1.09,1*0A
$GNGSA,M,3,16,25,36,02,10,11,,,,,,,1.28,0.67,1.09,3*0B
$GNGSA,M,3,12,19,24,26,29,31,35,39,,,,,1.28,0.67,1.09,4*06
$GPGSV,2,1,08,05,39,120,47,12,23,037,40,23,22,356,44,25,57,022,51,1*62
$GPGSV,2,2,08,26,23,224,22,28,24,289,22,29,58,155,27,31,21,256,29,1*6B
$GPGSV,3,1,10,05,39,120,43,12,23,037,24,13,17,032,29,18,66,268,14,6*65
$GPGSV,3,2,10,23,22,356,38,25,57,022,47,26,23,224,23,28,24,289,14,6*65
$GPGSV,3,3,10,29,58,155,19,31,21,256,20,6*6F
$GPGSV,2,1,06,13,17,032,30,18,66,268,25,23,22,356,43,25,57,022,54,8*6E
$GPGSV,2,2,06,26,23,224,23,28,24,289,23,8*65
$GPGSV,1,1,03,15,07,056,,20,00,082,,21,10,140,,0*59
$GAGSV,2,1,07,02,30,221,21,10,39,143,37,11,68,157,29,14,22,092,24,1*75
$GAGSV,2,2,07,16,41,046,38,25,85,180,32,36,55,304,16,1*4E
$GAGSV,1,1,03,14,22,092,36,16,41,046,49,25,85,180,34,5*40
$GAGSV,2,1,05,02,30,221,14,10,39,143,33,14,22,092,29,16,41,046,46,7*7A
$GAGSV,2,2,05,25,85,180,33,7*45
$GAGSV,1,1,02,12,16,139,,34,05,314,,0*7D
$GBGSV,2,1,07,12,21,096,25,19,22,067,27,22,08,018,26,24,22,228,26,3*7B
$GBGSV,2,2,07,29,26,122,43,35,61,187,22,39,34,000,48,3*44
$GBGSV,3,1,09,12,21,096,22,19,22,067,21,22,08,018,22,24,22,228,25,5*74
$GBGSV,3,2,09,26,54,276,13,29,26,122,43,31,33,260,19,35,61,187,26,5*72
$GBGSV,3,3,09,39,34,000,45,5*47
$GBGSV,3,1,11,11,06,114,14,12,21,096,29,19,22,067,25,20,15,115,19,8*7B
$GBGSV,3,2,11,22,08,018,20,24,22,228,26,26,54,276,19,29,26,122,46,8*75
$GBGSV,3,3,11,31,33,260,20,35,61,187,23,39,34,000,47,8*4B
$GNGLL,3001.74227,S,05112.75039,W,165600.00,A,D*70
$GNRMC,165601.00,A,3001.74227,S,05112.75039,W,0.027,,090926,,,F,V*11
$GNVTG,,T,,M,0.027,N,0.050,K,D*38
$GNGGA,165601.00,3001.74227,S,05112.75039,W,5,12,0.67,47.2,M,4.8,M,2.0,0920*6D
$GNGSA,M,3,05,12,13,23,25,26,28,29,31,,,,1.28,0.67,1.09,1*0A
$GNGSA,M,3,16,25,36,02,10,11,,,,,,,1.28,0.67,1.09,3*0B
$GNGSA,M,3,12,19,24,26,29,31,35,39,,,,,1.28,0.67,1.09,4*06
$GPGSV,2,1,08,05,39,120,47,12,23,037,40,23,22,356,44,25,57,022,52,1*61
$GPGSV,2,2,08,26,23,224,23,28,24,289,22,29,58,155,27,31,21,256,28,1*6B
$GPGSV,3,1,10,05,39,120,43,12,23,037,25,13,17,032,29,18,66,268,13,6*63
$GPGSV,3,2,10,23,22,356,38,25,57,022,47,26,23,224,23,28,24,289,16,6*67
$GPGSV,3,3,10,29,58,155,19,31,21,256,20,6*6F
$GPGSV,2,1,06,13,17,032,30,18,66,268,24,23,22,356,43,25,57,022,54,8*6F
$GPGSV,2,2,06,26,23,224,23,28,24,289,23,8*65
$GPGSV,1,1,03,15,07,056,,20,00,082,,21,10,140,,0*59
$GAGSV,2,1,07,02,30,221,21,10,39,143,37,11,68,157,29,14,22,092,23,1*72
$GAGSV,2,2,07,16,41,046,38,25,85,180,32,36,55,304,15,1*4D
$GAGSV,1,1,03,14,22,092,36,16,41,046,49,25,85,180,34,5*40
$GAGSV,2,1,05,02,30,221,08,10,39,143,33,14,22,092,29,16,41,046,46,7*77
$GAGSV,2,2,05,25,85,180,33,7*45
$GAGSV,1,1,02,12,16,139,,34,05,314,,0*7D
$GBGSV,2,1,07,12,21,096,25,19,22,067,27,22,08,018,27,24,22,228,26,3*7A
$GBGSV,2,2,07,29,26,122,43,35,61,187,23,39,34,000,48,3*45
$GBGSV,3,1,09,12,21,096,22,19,22,067,21,22,08,018,22,24,22,228,25,5*74
$GBGSV,3,2,09,26,54,276,14,29,26,122,43,31,33,260,18,35,61,187,26,5*74
$GBGSV,3,3,09,39,34,000,45,5*47
$GBGSV,3,1,11,11,06,114,13,12,21,096,29,19,22,067,25,20,15,115,19,8*7C
$GBGSV,3,2,11,22,08,018,20,24,22,228,26,26,54,276,19,29,26,122,46,8*75
$GBGSV,3,3,11,31,33,260,19,35,61,187,22,39,34,000,47,8*40
$GNGLL,3001.74227,S,05112.75039,W,165601.00,A,D*71
$GNRMC,165602.00,A,3001.74227,S,05112.75038,W,0.012,,090926,,,F,V*15
$GNVTG,,T,,M,0.012,N,0.022,K,D*3B
$GNGGA,165602.00,3001.74227,S,05112.75038,W,5,12,0.71,47.2,M,4.8,M,2.0,0920*68
$GNGSA,M,3,05,12,13,23,25,26,28,29,31,,,,1.33,0.71,1.12,1*0D
$GNGSA,M,3,16,25,02,10,11,,,,,,,,1.33,0.71,1.12,3*09
$GNGSA,M,3,12,19,24,26,29,31,35,39,,,,,1.33,0.71,1.12,4*01
$GPGSV,2,1,08,05,39,120,47,12,23,037,40,23,22,356,44,25,57,022,52,1*61
$GPGSV,2,2,08,26,23,224,23,28,24,289,21,29,58,155,27,31,21,256,28,1*68
$GPGSV,3,1,10,05,39,120,43,12,23,037,25,13,17,032,29,18,66,268,12,6*62
$GPGSV,3,2,10,23,22,356,38,25,57,022,47,26,23,224,23,28,24,289,17,6*66
$GPGSV,3,3,10,29,58,155,19,31,21,256,20,6*6F
$GPGSV,2,1,06,13,17,032,30,18,66,268,24,23,22,356,43,25,57,022,54,8*6F
$GPGSV,2,2,06,26,23,224,23,28,24,289,23,8*65
$GPGSV,1,1,03,15,07,056,,20,00,082,,21,10,140,,0*59
$GAGSV,2,1,07,02,30,221,21,10,39,143,36,11,68,157,29,14,22,092,23,1*73
$GAGSV,2,2,07,16,41,046,38,25,85,180,32,36,55,304,14,1*4C
$GAGSV,1,1,03,14,22,092,36,16,41,046,49,25,85,180,35,5*41
$GAGSV,2,1,05,02,30,221,11,10,39,143,33,14,22,092,29,16,41,046,46,7*7F
$GAGSV,2,2,05,25,85,180,33,7*45
$GAGSV,1,1,02,12,16,139,,34,05,314,,0*7D
$GBGSV,2,1,07,12,21,096,25,19,22,067,27,22,08,018,26,24,22,228,26,3*7B
$GBGSV,2,2,07,29,26,122,43,35,61,187,23,39,34,000,48,3*45
$GBGSV,3,1,09,12,21,096,22,19,22,067,20,22,08,018,22,24,22,228,25,5*75
$GBGSV,3,2,09,26,54,276,14,29,26,122,43,31,33,260,19,35,61,187,26,5*75
$GBGSV,3,3,09,39,34,000,45,5*47
$GBGSV,3,1,11,11,06,114,12,12,21,096,29,19,22,067,25,20,15,115,20,8*77
$GBGSV,3,2,11,22,08,018,20,24,22,228,27,26,54,276,18,29,26,122,46,8*75
$GBGSV,3,3,11,31,33,260,18,35,61,187,22,39,34,000,47,8*41
$GNGLL,3001.74227,S,05112.75038,W,165602.00,A,D*73
$GNRMC,165603.00,A,3001.74227,S,05112.75038,W,0.008,,090926,,,F,V*1F
$GNVTG,,T,,M,0.008,N,0.015,K,D*34
$GNGGA,165603.00,3001.74227,S,05112.75038,W,5,12,0.79,47.2,M,4.8,M,2.0,0920*61
$GNGSA,M,3,05,12,13,23,25,26,28,29,31,,,,1.46,0.79,1.22,1*04
$GNGSA,M,3,16,25,02,10,11,,,,,,,,1.46,0.79,1.22,3*00
$GNGSA,M,3,12,19,24,26,29,35,39,,,,,,1.46,0.79,1.22,4*0A
$GPGSV,2,1,08,05,39,120,47,12,23,037,40,23,22,356,44,25,57,022,52,1*61
$GPGSV,2,2,08,26,23,224,24,28,24,289,21,29,58,155,27,31,21,256,28,1*6F
$GPGSV,3,1,10,05,39,120,43,12,23,037,24,13,17,032,28,18,66,268,11,6*61
$GPGSV,3,2,10,23,22,356,39,25,57,022,47,26,23,224,23,28,24,289,18,6*68
$GPGSV,3,3,10,29,58,155,18,31,21,256,20,6*6E
$GPGSV,2,1,06,13,17,032,30,18,66,268,24,23,22,356,43,25,57,022,54,8*6F
$GPGSV,2,2,06,26,23,224,24,28,24,289,23,8*62
$GPGSV,1,1,03,15,07,056,,20,00,082,,21,10,140,,0*59
$GAGSV,2,1,07,02,30,221,21,10,39,143,37,11,68,157,29,14,22,092,22,1*73
$GAGSV,2,2,07,16,41,046,38,25,86,178,32,36,55,304,14,1*48
$GAGSV,1,1,03,14,22,092,36,16,41,046,49,25,86,178,35,5*45
$GAGSV,2,1,05,02,30,221,07,10,39,143,33,14,22,092,29,16,41,046,46,7*78
$GAGSV,2,2,05,25,86,178,33,7*41
$GAGSV,1,1,02,12,16,139,,34,05,314,,0*7D
$GBGSV,2,1,07,12,21,096,25,19,22,067,27,22,08,018,27,24,22,228,27,3*7B
$GBGSV,2,2,07,29,26,122,43,35,61,187,24,39,34,000,48,3*42
$GBGSV,3,1,09,12,21,096,22,19,22,067,21,22,08,018,22,24,22,228,25,5*74
$GBGSV,3,2,09,26,54,276,15,29,26,122,43,31,33,260,19,35,61,187,26,5*74
$GBGSV,3,3,09,39,34,000,45,5*47
$GBGSV,3,1,11,11,06,114,12,12,21,096,29,19,22,067,25,20,15,115,20,8*77
$GBGSV,3,2,11,22,08,018,20,24,22,228,27,26,54,276,18,29,26,122,46,8*75
$GBGSV,3,3,11,31,33,260,17,35,61,187,23,39,34,000,47,8*4F
$GNGLL,3001.74227,S,05112.75038,W,165603.00,A,D*72
$GNRMC,165604.00,A,3001.74227,S,05112.75038,W,0.026,,090926,,,F,V*14
$GNVTG,,T,,M,0.026,N,0.048,K,D*30
$GNGGA,165604.00,3001.74227,S,05112.75038,W,5,12,0.75,47.2,M,4.8,M,2.0,0920*6A
$GNGSA,M,3,05,12,13,23,25,26,28,29,31,,,,1.43,0.75,1.21,1*0E
$GNGSA,M,3,16,25,36,02,10,11,,,,,,,1.43,0.75,1.21,3*0F
$GNGSA,M,3,12,19,24,26,29,31,35,39,,,,,1.43,0.75,1.21,4*02
$GPGSV,2,1,08,05,39,120,47,12,23,037,40,23,22,356,44,25,57,022,52,1*61
$GPGSV,2,2,08,26,23,224,24,28,24,289,21,29,58,155,28,31,21,256,28,1*60
$GPGSV,3,1,10,05,39,120,43,12,23,037,24,13,17,032,28,18,66,268,08,6*69
$GPGSV,3,2,10,23,22,356,39,25,57,022,47,26,23,224,23,28,24,289,18,6*68
$GPGSV,3,3,10,29,58,155,19,31,21,256,20,6*6F
$GPGSV,2,1,06,13,17,032,30,18,66,268,24,23,22,356,43,25,57,022,54,8*6F
$GPGSV,2,2,06,26,23,224,24,28,24,289,23,8*62
$GPGSV,1,1,03,15,07,056,,20,00,082,,21,10,140,,0*59
$GAGSV,2,1,07,02,30,221,21,10,39,143,37,11,68,157,29,14,22,092,22,1*73
$GAGSV,2,2,07,16,41,046,38,25,86,178,32,36,55,304,15,1*49
$GAGSV,1,1,03,14,22,092,36,16,41,046,49,25,86,178,35,5*45
$GAGSV,1,1,04,10,39,143,33,14,22,092,29,16,41,046,46,25,86,178,33,7*7A
$GAGSV,1,1,02,12,16,139,,34,05,314,,0*7D
$GBGSV,2,1,07,12,21,096,25,19,22,067,27,22,08,018,27,24,22,228,26,3*7A
$GBGSV,2,2,07,29,26,122,43,35,61,187,23,39,34,000,48,3*45
$GBGSV,3,1,09,12,21,096,23,19,22,067,20,22,08,018,22,24,22,228,25,5*74
$GBGSV,3,2,09,26,54,276,15,29,26,122,43,31,33,260,19,35,61,187,26,5*74
$GBGSV,3,3,09,39,34,000,45,5*47
$GBGSV,3,1,11,11,06,114,12,12,21,096,29,19,22,067,26,20,15,115,20,8*74
$GBGSV,3,2,11,22,08,018,19,24,22,228,27,26,54,276,18,29,26,122,46,8*7F
$GBGSV,3,3,11,31,33,260,17,35,61,187,23,39,34,000,47,8*4F
$GNGLL,3001.74227,S,05112.75038,W,165604.00,A,D*75
$GNRMC,165605.00,A,3001.74227,S,05112.75038,W,0.021,,090926,,,F,V*12
$GNVTG,,T,,M,0.021,N,0.038,K,D*30
$GNGGA,165605.00,3001.74227,S,05112.75038,W,5,12,0.75,47.3,M,4.8,M,2.0,0920*6A
$GNGSA,M,3,05,12,13,23,25,26,28,29,31,,,,1.43,0.75,1.21,1*0E
$GNGSA,M,3,16,25,36,02,10,11,,,,,,,1.43,0.75,1.21,3*0F
$GNGSA,M,3,12,19,24,26,29,31,35,39,,,,,1.43,0.75,1.21,4*02
$GPGSV,2,1,08,05,39,120,47,12,23,037,40,23,22,356,44,25,57,022,52,1*61
$GPGSV,2,2,08,26,23,224,25,28,24,289,20,29,58,155,28,31,21,256,28,1*60
$GPGSV,3,1,10,05,39,120,43,12,23,037,24,13,17,032,28,18,66,268,08,6*69
$GPGSV,3,2,10,23,22,356,39,25,57,022,47,26,23,224,22,28,24,289,18,6*69
$GPGSV,3,3,10,29,58,155,18,31,21,256,20,6*6E
$GPGSV,2,1,06,13,17,032,30,18,66,268,22,23,22,356,43,25,57,022,54,8*69
$GPGSV,2,2,06,26,23,224,23,28,24,289,23,8*65
$GPGSV,1,1,03,15,07,056,,20,00,082,,21,10,140,,0*59
$GAGSV,2,1,07,02,30,221,22,10,39,143,37,11,68,157,29,14,22,092,21,1*73
$GAGSV,2,2,07,16,41,046,38,25,86,178,32,36,55,304,16,1*4A
$GAGSV,1,1,03,14,22,092,36,16,41,046,49,25,86,178,35,5*45
$GAGSV,1,1,04,10,39,143,33,14,22,092,29,16,41,046,46,25,86,178,33,7*7A
$GAGSV,1,1,02,12,16,139,,34,05,314,,0*7D
$GBGSV,2,1,07,12,21,096,25,19,22,067,27,22,08,018,27,24,22,228,26,3*7A
$GBGSV,2,2,07,29,26,122,43,35,61,187,23,39,34,000,48,3*45
$GBGSV,3,1,09,12,21,096,23,19,22,067,20,22,08,018,22,24,22,228,25,5*74
$GBGSV,3,2,09,26,54,276,14,29,26,122,43,31,33,260,19,35,61,187,26,5*75
$GBGSV,3,3,09,39,34,000,45,5*47
$GBGSV,3,1,11,11,06,114,12,12,21,096,30,19,22,067,26,20,15,115,21,8*7D
$GBGSV,3,2,11,22,08,018,19,24,22,228,27,26,54,276,17,29,26,122,46,8*70
$GBGSV,3,3,11,31,33,260,17,35,61,187,22,39,34,000,47,8*4E
$GNGLL,3001.74227,S,05112.75038,W,165605.00,A,D*74
$GNRMC,165606.00,A,3001.74227,S,05112.75037,W,0.008,,090926,,,F,V*15
$GNVTG,,T,,M,0.008,N,0.015,K,D*34
$GNGGA,165606.00,3001.74227,S,05112.75037,W,5,12,0.75,47.3,M,4.8,M,2.0,0920*66
$GNGSA,M,3,05,12,13,23,25,26,28,29,31,,,,1.43,0.75,1.21,1*0E
$GNGSA,M,3,16,25,36,02,10,11,,,,,,,1.43,0.75,1.21,3*0F
$GNGSA,M,3,12,19,24,26,29,31,35,39,,,,,1.43,0.75,1.21,4*02
$GPGSV,2,1,08,05,39,120,47,12,23,037,40,23,22,356,44,25,57,022,52,1*61
$GPGSV,2,2,08,26,23,224,25,28,24,289,19,29,58,155,28,31,21,256,29,1*6B
$GPGSV,3,1,09,05,39,120,43,12,23,037,24,13,17,032,28,23,22,356,39,6*67
$GPGSV,3,2,09,25,57,022,47,26,23,224,21,28,24,289,17,29,58,155,18,6*68
$GPGSV,3,3,09,31,21,256,19,6*52
$GPGSV,2,1,06,13,17,032,30,18,66,268,22,23,22,356,43,25,57,022,54,8*69
$GPGSV,2,2,06,26,23,224,23,28,24,289,23,8*65
$GPGSV,1,1,03,15,07,056,,20,00,082,,21,10,140,,0*59
$GAGSV,2,1,07,02,30,221,21,10,39,143,37,11,68,157,29,14,22,092,21,1*70
$GAGSV,2,2,07,16,41,046,38,25,86,178,32,36,55,304,17,1*4B
$GAGSV,1,1,03,14,22,092,36,16,41,046,49,25,86,178,35,5*45
$GAGSV,1,1,04,10,39,143,33,14,22,092,29,16,41,046,46,25,86,178,33,7*7A
$GAGSV,1,1,02,12,16,139,,34,05,314,,0*7D
$GBGSV,2,1,07,12,21,096,26,19,22,067,27,22,08,018,27,24,22,228,26,3*79
$GBGSV,2,2,07,29,26,122,43,35,61,187,23,39,34,000,48,3*45
$GBGSV,3,1,09,12,21,096,23,19,22,067,20,22,08,018,22,24,22,228,25,5*74
$GBGSV,3,2,09,26,54,276,15,29,26,122,43,31,33,260,19,35,61,187,25,5*77
$GBGSV,3,3,09,39,34,000,45,5*47
$GBGSV,3,1,11,11,06,114,12,12,21,096,29,19,22,067,26,20,15,115,21,8*75
$GBGSV,3,2,11,22,08,018,19,24,22,228,27,26,54,276,17,29,26,122,46,8*70
$GBGSV,3,3,11,31,33,260,18,35,61,187,22,39,34,000,47,8*41
$GNGLL,3001.74227,S,05112.75037,W,165606.00,A,D*78
$GNRMC,165607.00,A,3001.74227,S,05112.75037,W,0.019,,090926,,,F,V*14
$GNVTG,,T,,M,0.019,N,0.035,K,D*36
$GNGGA,165607.00,3001.74227,S,05112.75037,W,5,12,0.67,47.3,M,4.8,M,2.0,0920*64
$GNGSA,M,3,05,12,13,23,25,26,28,29,31,,,,1.28,0.67,1.09,1*0A
$GNGSA,M,3,16,25,36,02,10,11,,,,,,,1.28,0.67,1.09,3*0B
$GNGSA,M,3,12,19,24,26,29,35,39,,,,,,1.28,0.67,1.09,4*04
$GPGSV,2,1,08,05,39,120,47,12,23,037,40,23,22,356,44,25,57,022,52,1*61
$GPGSV,2,2,08,26,23,224,26,28,24,289,17,29,58,155,28,31,21,256,29,1*66
$GPGSV,3,1,09,05,39,120,43,12,23,037,24,13,17,032,28,23,22,356,39,6*67
$GPGSV,3,2,09,25,57,022,47,26,23,224,21,28,24,289,18,29,58,155,18,6*67
$GPGSV,3,3,09,31,21,256,20,6*58
$GPGSV,2,1,06,13,17,032,30,18,66,268,22,23,22,356,43,25,57,022,54,8*69
$GPGSV,2,2,06,26,23,224,24,28,24,289,22,8*63
$GPGSV,1,1,03,15,07,056,,20,00,082,,21,10,140,,0*59
$GAGSV,2,1,07,02,30,221,21,10,39,143,37,11,68,157,29,14,22,092,21,1*70
$GAGSV,2,2,07,16,41,046,38,25,86,178,32,36,55,304,17,1*4B
$GAGSV,1,1,03,14,22,092,36,16,41,046,49,25,86,178,35,5*45
$GAGSV,1,1,04,10,39,143,33,14,22,092,30,16,41,046,46,25,86,178,33,7*72
$GAGSV,1,1,02,12,16,139,,34,05,314,,0*7D
$GBGSV,2,1,07,12,21,096,26,19,22,067,27,22,08,018,26,24,22,228,27,3*79
$GBGSV,2,2,07,29,26,122,43,35,61,187,24,39,34,000,48,3*42
$GBGSV,3,1,09,12,21,096,23,19,22,067,20,22,08,018,22,24,22,228,25,5*74
$GBGSV,3,2,09,26,54,276,16,29,26,122,43,31,33,260,19,35,61,187,26,5*77
$GBGSV,3,3,09,39,34,000,45,5*47
$GBGSV,3,1,11,11,06,114,12,12,21,096,29,19,22,067,26,20,15,115,21,8*75
$GBGSV,3,2,11,22,08,018,20,24,22,228,27,26,54,276,16,29,26,122,46,8*7B
$GBGSV,3,3,11,31,33,260,18,35,61,187,22,39,34,000,47,8*41
$GNGLL,3001.74227,S,05112.75037,W,165607.00,A,D*79
$GNRMC,165608.00,A,3001.74227,S,05112.75038,W,0.008,,090926,,,F,V*14
$GNVTG,,T,,M,0.008,N,0.016,K,D*37
$GNGGA,165608.00,3001.74227,S,05112.75038,W,5,12,0.79,47.3,M,4.8,M,2.0,0920*6B
$GNGSA,M,3,05,12,13,23,25,26,28,29,31,,,,1.46,0.79,1.22,1*04
$GNGSA,M,3,16,25,36,02,10,11,,,,,,,1.46,0.79,1.22,3*05
$GNGSA,M,3,12,19,24,26,29,31,35,39,,,,,1.46,0.79,1.22,4*08
$GPGSV,2,1,08,05,39,120,47,12,23,037,40,23,22,356,44,25,57,022,52,1*61
$GPGSV,2,2,08,26,23,224,26,28,24,289,16,29,58,155,28,31,21,256,29,1*67
$GPGSV,3,1,09,05,39,120,43,12,23,037,24,13,17,032,28,23,22,356,39,6*67
$GPGSV,3,2,09,25,57,022,47,26,23,224,21,28,24,289,17,29,58,155,18,6*68
$GPGSV,3,3,09,31,21,256,20,6*58
$GPGSV,2,1,06,13,17,032,30,18,66,268,22,23,22,356,43,25,57,022,54,8*69
$GPGSV,2,2,06,26,23,224,23,28,24,289,22,8*64
$GPGSV,1,1,03,15,07,056,,20,00,082,,21,10,140,,0*59
$GAGSV,2,1,07,02,30,221,21,10,39,143,37,11,68,157,29,14,22,092,20,1*71
$GAGSV,2,2,07,16,41,046,38,25,86,178,32,36,55,304,17,1*4B
$GAGSV,1,1,03,14,22,092,36,16,41,046,49,25,86,178,35,5*45
$GAGSV,1,1,04,10,39,143,33,14,22,092,29,16,41,046,46,25,86,178,33,7*7A
$GAGSV,1,1,02,12,16,139,,34,05,314,,0*7D
$GBGSV,2,1,07,12,21,096,26,19,22,067,28,22,08,018,26,24,22,228,27,3*76
$GBGSV,2,2,07,29,26,122,43,35,61,187,24,39,34,000,48,3*42
$GBGSV,3,1,09,12,21,096,24,19,22,067,19,22,08,018,23,24,22,228,25,5*78
$GBGSV,3,2,09,26,54,276,17,29,26,122,43,31,33,260,19,35,61,187,26,5*76
$GBGSV,3,3,09,39,34,000,45,5*47
$GBGSV,3,1,11,11,06,114,11,12,21,096,29,19,22,067,26,20,15,115,21,8*76
$GBGSV,3,2,11,22,08,018,19,24,22,228,28,26,54,276,17,29,26,122,46,8*7F
$GBGSV,3,3,11,31,33,260,17,35,61,187,22,39,34,000,47,8*4E
$GNGLL,3001.74227,S,05112.75038,W,165608.00,A,D*79
$GNRMC,165609.00,A,3001.74227,S,05112.75037,W,0.030,,090926,,,F,V*11
$GNVTG,,T,,M,0.030,N,0.055,K,D*3B
$GNGGA,165609.00,3001.74227,S,05112.75037,W,5,12,0.79,47.3,M,4.8,M,2.0,0920*65
$GNGSA,M,3,05,12,13,23,25,26,28,29,31,,,,1.46,0.79,1.22,1*04
$GNGSA,M,3,16,25,36,02,10,11,,,,,,,1.46,0.79,1.22,3*05
$GNGSA,M,3,12,19,24,26,29,31,35,39,,,,,1.46,0.79,1.22,4*08
$GPGSV,2,1,08,05,39,120,47,12,23,037,40,23,22,356,44,25,57,022,52,1*61
$GPGSV,2,2,08,26,23,224,26,28,24,289,15,29,58,155,28,31,21,256,29,1*64
$GPGSV,3,1,09,05,39,120,43,12,23,037,24,13,17,032,28,23,22,356,39,6*67
$GPGSV,3,2,09,25,57,022,47,26,23,224,22,28,24,289,17,29,58,155,18,6*6B
$GPGSV,3,3,09,31,21,256,20,6*58
$GPGSV,2,1,06,13,17,032,30,18,66,268,22,23,22,356,43,25,57,022,54,8*69
$GPGSV,2,2,06,26,23,224,24,28,24,289,22,8*63
$GPGSV,1,1,03,15,07,056,,20,00,082,,21,10,140,,0*59
$GAGSV,2,1,07,02,30,221,22,10,39,143,37,11,68,157,28,14,22,092,20,1*73
$GAGSV,2,2,07,16,41,046,38,25,86,178,32,36,55,304,17,1*4B
$GAGSV,1,1,03,14,22,092,36,16,41,046,49,25,86,178,35,5*45
$GAGSV,1,1,04,10,39,143,33,14,22,092,30,16,41,046,46,25,86,178,33,7*72
$GAGSV,1,1,02,12,16,139,,34,05,314,,0*7D
$GBGSV,2,1,07,12,21,096,26,19,22,067,28,22,08,018,26,24,22,228,28,3*79
$GBGSV,2,2,07,29,26,122,43,35,61,187,24,39,34,000,48,3*42
$GBGSV,3,1,09,12,21,096,23,19,22,067,20,22,08,018,23,24,22,228,25,5*75
$GBGSV,3,2,09,26,54,276,17,29,26,122,43,31,33,260,20,35,61,187,26,5*7C
$GBGSV,3,3,09,39,34,000,45,5*47
$GBGSV,3,1,11,11,06,114,09,12,21,096,29,19,22,067,25,20,15,115,22,8*7F
$GBGSV,3,2,11,22,08,018,19,24,22,228,28,26,54,276,16,29,26,122,46,8*7E
$GBGSV,3,3,11,31,33,260,17,35,61,187,22,39,34,000,47,8*4E
$GNGLL,3001.74227,S,05112.75037,W,165609.00,A,D*77
$GNRMC,165610.00,A,3001.74227,S,05112.75037,W,0.007,,090926,,,F,V*1D
$GNVTG,,T,,M,0.007,N,0.013,K,D*3D
$GNGGA,165610.00,3001.74227,S,05112.75037,W,5,12,0.75,47.3,M,4.8,M,2.0,0920*61
$GNGSA,M,3,05,12,13,23,25,26,28,29,31,,,,1.43,0.75,1.21,1*0E
$GNGSA,M,3,16,25,36,02,10,11,,,,,,,1.43,0.75,1.21,3*0F
$GNGSA,M,3,12,19,24,26,29,31,35,39,,,,,1.43,0.75,1.21,4*02
$GPGSV,2,1,08,05,39,120,47,12,23,037,40,23,22,356,44,25,57,022,52,1*61
$GPGSV,2,2,08,26,23,224,26,28,24,289,16,29,58,155,28,31,21,256,29,1*67
$GPGSV,3,1,09,05,39,120,43,12,23,037,24,13,17,032,28,23,22,356,39,6*67
$GPGSV,3,2,09,25,57,022,47,26,23,224,21,28,24,289,17,29,58,155,18,6*68
$GPGSV,3,3,09,31,21,256,19,6*52
$GPGSV,2,1,06,13,17,032,30,18,66,268,21,23,22,356,43,25,57,022,54,8*6A
$GPGSV,2,2,06,26,23,224,23,28,24,289,22,8*64
$GPGSV,1,1,03,15,07,056,,20,00,082,,21,10,140,,0*59
$GAGSV,2,1,07,02,30,221,21,10,39,143,37,11,68,157,28,14,22,092,19,1*7A
$GAGSV,2,2,07,16,41,046,38,25,86,178,32,36,55,304,17,1*4B
$GAGSV,1,1,03,14,22,092,36,16,41,046,49,25,86,178,35,5*45
$GAGSV,1,1,04,10,39,143,33,14,22,092,30,16,41,046,46,25,86,178,33,7*72
$GAGSV,1,1,02,12,16,139,,34,05,314,,0*7D
$GBGSV,2,1,07,12,21,096,25,19,22,067,28,22,08,018,26,24,22,228,28,3*7A
$GBGSV,2,2,07,29,26,122,43,35,61,187,25,39,34,000,48,3*43
$GBGSV,3,1,09,12,21,096,24,19,22,067,19,22,08,018,22,24,22,228,25,5*79
$GBGSV,3,2,09,26,54,276,16,29,26,122,43,31,33,260,20,35,61,187,26,5*7D
$GBGSV,3,3,09,39,34,000,45,5*47
$GBGSV,3,1,11,11,06,114,09,12,21,096,29,19,22,067,25,20,15,115,22,8*7F
$GBGSV,3,2,11,22,08,018,19,24,22,228,27,26,54,276,15,29,26,122,46,8*72
$GBGSV,3,3,11,31,33,260,17,35,61,187,22,39,34,000,47,8*4E
$GNGLL,3001.74227,S,05112.75037,W,165610.00,A,D*7F
$GNRMC,165611.00,A,3001.74227,S,05112.75037,W,0.009,,090926,,,F,V*12
$GNVTG,,T,,M,0.009,N,0.016,K,D*36
$GNGGA,165611.00,3001.74227,S,05112.75037,W,5,12,0.75,47.3,M,4.8,M,2.0,0920*60
$GNGSA,M,3,05,12,13,23,25,26,28,29,31,,,,1.43,0.75,1.21,1*0E
$GNGSA,M,3,16,25,36,02,10,11,,,,,,,1.43,0.75,1.21,3*0F
$GNGSA,M,3,12,19,24,26,29,35,39,,,,,,1.43,0.75,1.21,4*00
$GPGSV,2,1,08,05,39,120,47,12,23,037,40,23,22,356,44,25,57,022,52,1*61
$GPGSV,2,2,08,26,23,224,27,28,24,289,16,29,58,155,28,31,21,256,29,1*66
$GPGSV,3,1,09,05,39,120,43,12,23,037,24,13,17,032,28,23,22,356,39,6*67
$GPGSV,3,2,09,25,57,022,47,26,23,224,21,28,24,289,17,29,58,155,18,6*68
$GPGSV,3,3,09,31,21,256,19,6*52
$GPGSV,2,1,06,13,17,032,30,18,66,268,21,23,22,356,43,25,57,022,54,8*6A
$GPGSV,2,2,06,26,23,224,24,28,24,289,22,8*63
$GPGSV,1,1,03,15,07,056,,20,00,082,,21,10,140,,0*59
$GAGSV,2,1,07,02,30,221,21,10,39,143,37,11,68,157,29,14,22,092,18,1*7A
$GAGSV,2,2,07,16,41,046,38,25,86,178,32,36,55,304,17,1*4B
$GAGSV,1,1,03,14,22,092,36,16,41,046,49,25,86,178,35,5*45
$GAGSV,1,1,04,10,39,143,33,14,22,092,29,16,41,046,46,25,86,178,33,7*7A
$GAGSV,1,1,02,12,16,139,,34,06,313,,0*79
$GBGSV,2,1,07,12,21,096,26,19,22,067,28,22,08,018,27,24,22,228,28,3*78
$GBGSV,2,2,07,29,26,122,43,35,61,187,25,39,34,000,48,3*43
$GBGSV,3,1,09,12,21,096,24,19,22,067,19,22,08,018,23,24,22,228,25,5*78
$GBGSV,3,2,09,26,54,276,16,29,26,122,43,31,33,260,21,35,61,187,26,5*7C
$GBGSV,3,3,09,39,34,000,45,5*47
$GBGSV,3,1,11,11,06,114,09,12,21,096,29,19,22,067,25,20,15,115,22,8*7F
$GBGSV,3,2,11,22,08,018,19,24,22,228,27,26,54,276,15,29,26,122,46,8*72
$GBGSV,3,3,11,31,33,260,15,35,61,187,22,39,34,000,47,8*4C
$GNGLL,3001.74227,S,05112.75037,W,165611.00,A,D*7E
$GNRMC,165612.00,A,3001.74227,S,05112.75037,W,0.013,,090926,,,F,V*1A
$GNVTG,,T,,M,0.013,N,0.023,K,D*3B
$GNGGA,165612.00,3001.74227,S,05112.75037,W,5,12,0.79,47.3,M,4.8,M,2.0,0920*6F
$GNGSA,M,3,05,12,13,23,25,26,28,29,31,,,,1.46,0.79,1.23,1*05
$GNGSA,M,3,16,25,36,02,10,11,,,,,,,1.46,0.79,1.23,3*04
$GNGSA,M,3,12,19,24,26,29,35,39,,,,,,1.46,0.79,1.23,4*0B
$GPGSV,2,1,08,05,39,120,47,12,23,037,40,23,22,356,44,25,57,022,52,1*61
$GPGSV,2,2,08,26,23,224,27,28,24,289,16,29,58,155,28,31,21,256,28,1*67
$GPGSV,3,1,09,05,39,120,43,12,23,037,24,13,17,032,28,23,22,356,39,6*67
$GPGSV,3,2,09,25,57,022,46,26,23,224,21,28,24,289,15,29,58,155,18,6*6B
$GPGSV,3,3,09,31,21,256,18,6*53
$GPGSV,2,1,06,13,17,032,30,18,66,268,21,23,22,356,43,25,57,022,54,8*6A
$GPGSV,2,2,06,26,23,224,24,28,24,289,22,8*63
$GPGSV,1,1,03,15,07,056,,20,00,082,,21,10,140,,0*59
$GAGSV,2,1,07,02,30,221,21,10,39,143,37,11,68,157,28,14,22,092,18,1*7B
$GAGSV,2,2,07,16,41,046,38,25,86,178,32,36,55,303,17,1*4C
$GAGSV,1,1,03,14,22,092,36,16,41,046,49,25,86,178,35,5*45
$GAGSV,1,1,04,10,39,143,33,14,22,092,29,16,41,046,46,25,86,178,33,7*7A
$GAGSV,1,1,02,12,16,139,,34,06,313,,0*79
$GBGSV,2,1,07,12,21,096,26,19,22,067,28,22,08,018,27,24,22,228,27,3*77
$GBGSV,2,2,07,29,26,122,43,35,61,187,25,39,34,000,48,3*43
$GBGSV,3,1,09,12,21,096,24,19,22,067,18,22,08,018,23,24,22,228,25,5*79
$GBGSV,3,2,09,26,54,276,16,29,26,122,43,31,33,260,20,35,61,187,26,5*7D
$GBGSV,3,3,09,39,34,000,45,5*47
$GBGSV,3,1,09,12,21,096,29,19,22,067,25,20,15,115,22,22,08,018,18,8*75
$GBGSV,3,2,09,24,22,228,28,26,54,276,15,29,26,122,46,35,61,187,22,8*72
$GBGSV,3,3,09,39,34,000,47,8*48
$GBGSV,1,1,01,11,06,114,,0*44
$GNGLL,3001.74227,S,05112.75037,W,165612.00,A,D*7D
$GNRMC,165613.00,A,3001.74227,S,05112.75037,W,0.005,,090926,,,F,V*1C
$GNVTG,,T,,M,0.005,N,0.009,K,D*34
$GNGGA,165613.00,3001.74227,S,05112.75037,W,5,12,0.79,47.3,M,4.8,M,2.0,0920*6E
$GNGSA,M,3,05,12,13,23,25,26,28,29,31,,,,1.46,0.79,1.23,1*05
$GNGSA,M,3,16,25,36,02,10,11,,,,,,,1.46,0.79,1.23,3*04
$GNGSA,M,3,12,19,24,26,29,35,39,,,,,,1.46,0.79,1.23,4*0B
$GPGSV,2,1,08,05,39,120,47,12,23,037,40,23,22,356,44,25,57,022,52,1*61
$GPGSV,2,2,08,26,23,224,27,28,24,289,16,29,58,155,28,31,21,256,29,1*66
$GPGSV,3,1,09,05,39,120,43,12,23,037,24,13,17,032,28,23,22,356,39,6*67
$GPGSV,3,2,09,25,57,022,47,26,23,224,20,28,24,289,15,29,58,155,18,6*6B
$GPGSV,3,3,09,31,21,256,18,6*53
$GPGSV,2,1,06,13,17,032,30,18,66,268,21,23,22,356,43,25,57,022,54,8*6A
$GPGSV,2,2,06,26,23,224,24,28,24,289,22,8*63
$GPGSV,1,1,03,15,07,056,,20,00,082,,21,10,140,,0*59
$GAGSV,2,1,07,02,30,221,21,10,39,143,37,11,68,157,29,14,22,092,18,1*7A
$GAGSV,2,2,07,16,41,046,38,25,86,178,32,36,55,303,18,1*43
$GAGSV,1,1,03,14,22,092,35,16,41,046,49,25,86,178,35,5*46
$GAGSV,1,1,04,10,39,143,33,14,22,092,29,16,41,046,46,25,86,178,33,7*7A
$GAGSV,1,1,02,12,16,139,,34,06,313,,0*79
$GBGSV,2,1,07,12,21,096,26,19,22,067,28,22,08,018,27,24,22,228,27,3*77
$GBGSV,2,2,07,29,26,122,43,35,61,187,25,39,34,000,48,3*43
$GBGSV,3,1,09,12,21,096,25,19,22,067,19,22,08,018,23,24,22,228,25,5*79
$GBGSV,3,2,09,26,54,276,16,29,26,122,43,31,33,260,20,35,61,187,26,5*7D
$GBGSV,3,3,09,39,34,000,45,5*47
$GBGSV,3,1,09,12,21,096,30,19,22,067,25,20,15,115,23,22,08,018,18,8*7C
$GBGSV,3,2,09,24,22,228,28,26,54,276,14,29,26,122,46,35,61,187,22,8*73
$GBGSV,3,3,09,39,34,000,47,8*48
$GBGSV,1,1,01,11,06,114,,0*44
$GNGLL,3001.74227,S,05112.75037,W,165613.00,A,D*7C
$GNRMC,165614.00,A,3001.74227,S,05112.75036,W,0.022,,090926,,,F,V*1F
$GNVTG,,T,,M,0.022,N,0.041,K,D*3D
$GNGGA,165614.00,3001.74227,S,05112.75036,W,5,12,0.79,47.3,M,4.8,M,2.0,0920*68
$GNGSA,M,3,05,12,13,23,25,26,28,29,31,,,,1.46,0.79,1.23,1*05
$GNGSA,M,3,16,25,36,02,10,11,,,,,,,1.46,0.79,1.23,3*04
$GNGSA,M,3,12,19,24,26,29,35,39,,,,,,1.46,0.79,1.23,4*0B
$GPGSV,2,1,08,05,39,120,47,12,23,037,40,23,22,356,44,25,57,022,52,1*61
$GPGSV,2,2,08,26,23,224,27,28,24,289,17,29,58,155,28,31,21,256,29,1*67
$GPGSV,3,1,09,05,39,120,43,12,23,037,24,13,17,032,28,23,22,356,39,6*67
$GPGSV,3,2,09,25,57,022,46,26,23,224,20,28,24,289,16,29,58,155,18,6*69
$GPGSV,3,3,09,31,21,256,19,6*52
$GPGSV,2,1,06,13,17,032,29,18,66,268,20,23,22,356,42,25,57,022,54,8*62
$GPGSV,2,2,06,26,23,224,24,28,24,289,22,8*63
$GPGSV,1,1,03,15,07,056,,20,00,082,,21,10,140,,0*59
$GAGSV,2,1,07,02,30,221,21,10,39,143,37,11,68,157,29,14,22,092,18,1*7A
$GAGSV,2,2,07,16,41,046,38,25,86,178,32,36,55,303,17,1*4C
$GAGSV,1,1,03,14,22,092,36,16,41,046,49,25,86,178,35,5*45
$GAGSV,1,1,04,10,39,143,33,14,22,092,29,16,41,046,46,25,86,178,33,7*7A
$GAGSV,1,1,02,12,16,139,,34,06,313,,0*79
$GBGSV,2,1,07,12,21,096,26,19,22,067,28,22,08,018,26,24,22,228,27,3*76
$GBGSV,2,2,07,29,26,122,43,35,61,187,25,39,34,000,48,3*43
$GBGSV,3,1,09,12,21,096,25,19,22,067,19,22,08,018,23,24,22,228,25,5*79
$GBGSV,3,2,09,26,54,276,16,29,26,122,43,31,33,260,20,35,61,187,26,5*7D
$GBGSV,3,3,09,39,34,000,45,5*47
$GBGSV,3,1,10,12,21,096,30,19,22,067,25,20,15,115,23,22,08,018,18,8*74
$GBGSV,3,2,10,24,22,228,28,26,54,276,14,29,26,122,46,31,33,260,18,8*7B
$GBGSV,3,3,10,35,61,187,22,39,34,000,47,8*7F
$GBGSV,1,1,01,11,06,114,,0*44
$GNGLL,3001.74227,S,05112.75036,W,165614.00,A,D*7A
$GNRMC,165615.00,A,3001.74227,S,05112.75036,W,0.004,,090926,,,F,V*1A
$GNVTG,,T,,M,0.004,N,0.008,K,D*34
$GNGGA,165615.00,3001.74227,S,05112.75036,W,5,12,0.79,47.3,M,4.8,M,2.0,0920*69
$GNGSA,M,3,05,12,13,23,25,26,28,29,31,,,,1.46,0.79,1.23,1*05
$GNGSA,M,3,16,25,36,02,10,11,,,,,,,1.46,0.79,1.23,3*04
$GNGSA,M,3,12,19,24,26,29,35,39,,,,,,1.46,0.79,1.23,4*0B
$GPGSV,2,1,08,05,39,120,47,12,23,037,40,23,22,356,44,25,57,022,52,1*61
$GPGSV,2,2,08,26,23,224,27,28,24,289,17,29,58,155,28,31,21,256,29,1*67
$GPGSV,3,1,09,05,39,120,43,12,23,037,24,13,17,032,28,23,22,356,39,6*67
$GPGSV,3,2,09,25,57,022,46,26,23,224,18,28,24,289,15,29,58,155,19,6*60
$GPGSV,3,3,09,31,21,256,18,6*53
$GPGSV,2,1,06,13,17,032,29,18,66,268,20,23,22,356,42,25,57,022,54,8*62
$GPGSV,2,2,06,26,23,224,24,28,24,289,22,8*63
$GPGSV,1,1,03,15,07,056,,20,00,082,,21,10,140,,0*59
$GAGSV,2,1,07,02,30,221,21,10,39,143,37,11,68,157,29,14,22,092,17,1*75
$GAGSV,2,2,07,16,41,046,38,25,86,178,32,36,55,303,18,1*43
$GAGSV,1,1,03,14,22,092,36,16,41,046,49,25,86,178,35,5*45
$GAGSV,1,1,04,10,39,143,33,14,22,092,30,16,41,046,46,25,86,178,33,7*72
$GAGSV,1,1,02,12,16,139,,34,06,313,,0*79
$GBGSV,2,1,07,12,21,096,26,19,22,067,28,22,08,018,26,24,22,228,27,3*76
$GBGSV,2,2,07,29,26,122,43,35,61,187,25,39,34,000,48,3*43
$GBGSV,3,1,09,12,21,096,25,19,22,067,19,22,08,018,23,24,22,228,25,5*79
$GBGSV,3,2,09,26,54,276,15,29,26,122,43,31,33,260,20,35,61,187,26,5*7E
$GBGSV,3,3,09,39,34,000,45,5*47
$GBGSV,3,1,10,12,21,096,30,19,22,067,25,20,15,115,23,22,08,018,18,8*74
$GBGSV,3,2,10,24,22,228,27,26,54,276,13,29,26,122,46,31,33,260,17,8*7C
$GBGSV,3,3,10,35,61,187,22,39,34,000,47,8*7F
$GBGSV,1,1,01,11,06,114,,0*44
$GNGLL,3001.74227,S,05112.75036,W,165615.00,A,D*7B
$GNRMC,165616.00,A,3001.74227,S,05112.75036,W,0.005,,090926,,,F,V*18
$GNVTG,,T,,M,0.005,N,0.009,K,D*34
$GNGGA,165616.00,3001.74227,S,05112.75036,W,5,12,0.79,47.3,M,4.8,M,2.0,0920*6A
$GNGSA,M,3,05,12,13,23,25,26,28,29,31,,,,1.46,0.79,1.23,1*05
$GNGSA,M,3,16,25,36,02,10,11,,,,,,,1.46,0.79,1.23,3*04
$GNGSA,M,3,12,19,24,26,29,35,39,,,,,,1.46,0.79,1.23,4*0B
$GPGSV,2,1,08,05,39,120,47,12,23,037,40,23,22,356,44,25,57,022,52,1*61
$GPGSV,2,2,08,26,23,224,27,28,24,289,17,29,58,155,28,31,21,256,29,1*67
$GPGSV,3,1,09,05,39,120,43,12,23,037,24,13,17,032,28,23,22,356,39,6*67
$GPGSV,3,2,09,25,57,022,46,26,23,224,18,28,24,289,15,29,58,155,18,6*61
$GPGSV,3,3,09,31,21,256,18,6*53
$GPGSV,2,1,06,13,17,032,30,18,66,268,20,23,22,356,42,25,57,022,54,8*6A
$GPGSV,2,2,06,26,23,224,24,28,24,289,21,8*60
$GPGSV,1,1,03,15,07,056,,20,00,082,,21,10,140,,0*59
$GAGSV,2,1,07,02,30,221,21,10,39,143,37,11,68,157,29,14,22,092,16,1*74
$GAGSV,2,2,07,16,41,046,38,25,86,178,32,36,55,303,17,1*4C
$GAGSV,1,1,03,14,22,092,36,16,41,046,49,25,86,178,35,5*45
$GAGSV,1,1,04,10,39,143,32,14,22,092,30,16,41,046,46,25,86,178,32,7*72
$GAGSV,1,1,02,12,16,139,,34,06,313,,0*79
$GBGSV,2,1,07,12,21,096,26,19,22,067,28,22,08,018,26,24,22,228,26,3*77
$GBGSV,2,2,07,29,26,122,43,35,61,187,25,39,34,000,48,3*43
$GBGSV,3,1,09,12,21,096,25,19,22,067,19,22,08,018,23,24,22,228,25,5*79
$GBGSV,3,2,09,26,54,276,15,29,26,122,43,31,33,260,20,35,61,187,26,5*7E
$GBGSV,3,3,09,39,34,000,45,5*47
$GBGSV,3,1,10,12,21,096,30,19,22,067,25,20,15,115,23,22,08,018,18,8*74
$GBGSV,3,2,10,24,22,228,27,26,54,276,14,29,26,122,46,31,33,260,16,8*7A
$GBGSV,3,3,10,35,61,187,22,39,34,000,47,8*7F
$GBGSV,1,1,01,11,06,114,,0*44
$GNGLL,3001.74227,S,05112.75036,W,165616.00,A,D*78
$GNRMC,165617.00,A,3001.74227,S,05112.75036,W,0.007,,090926,,,F,V*1B
$GNVTG,,T,,M,0.007,N,0.012,K,D*3C
$GNGGA,165617.00,3001.74227,S,05112.75036,W,5,12,0.79,47.3,M,4.8,M,2.0,0920*6B
$GNGSA,M,3,05,12,13,23,25,26,28,29,31,,,,1.46,0.79,1.23,1*05
$GNGSA,M,3,16,25,36,02,10,11,,,,,,,1.46,0.79,1.23,3*04
$GNGSA,M,3,12,19,24,26,29,31,35,39,,,,,1.46,0.79,1.23,4*09
$GPGSV,2,1,08,05,39,120,47,12,23,037,40,23,22,356,44,25,57,022,52,1*61
$GPGSV,2,2,08,26,23,224,27,28,24,289,16,29,58,155,28,31,21,256,29,1*66
$GPGSV,3,1,09,05,39,120,43,12,23,037,24,13,17,032,28,23,22,356,39,6*67
$GPGSV,3,2,09,25,57,022,46,26,23,224,17,28,24,289,14,29,58,155,17,6*60
$GPGSV,3,3,09,31,21,256,18,6*53
$GPGSV,2,1,06,13,17,032,29,18,66,268,20,23,22,356,42,25,57,022,54,8*62
$GPGSV,2,2,06,26,23,224,24,28,24,289,22,8*63
$GPGSV,1,1,03,15,07,056,,20,00,082,,21,10,140,,0*59
$GAGSV,2,1,07,02,30,221,21,10,39,143,37,11,68,157,28,14,22,092,13,1*70
$GAGSV,2,2,07,16,41,046,38,25,86,178,32,36,55,303,17,1*4C
$GAGSV,1,1,03,14,22,092,36,16,41,046,49,25,86,178,35,5*45
$GAGSV,1,1,04,10,39,143,32,14,22,092,30,16,41,046,46,25,86,178,32,7*72
$GAGSV,1,1,02,12,16,139,,34,06,313,,0*79
$GBGSV,2,1,07,12,21,096,26,19,22,067,28,22,08,018,26,24,22,228,26,3*77
$GBGSV,2,2,07,29,26,122,43,35,61,187,25,39,34,000,48,3*43
$GBGSV,3,1,09,12,21,096,25,19,22,067,19,22,08,018,23,24,22,228,25,5*79
$GBGSV,3,2,09,26,54,276,16,29,26,122,43,31,33,260,21,35,61,187,26,5*7C
$GBGSV,3,3,09,39,34,000,45,5*47
$GBGSV,3,1,10,12,21,096,30,19,22,067,24,20,15,115,23,22,08,018,17,8*7A
$GBGSV,3,2,10,24,22,228,26,26,54,276,14,29,26,122,46,31,33,260,17,8*7A
$GBGSV,3,3,10,35,61,187,22,39,34,000,47,8*7F
$GBGSV,1,1,01,11,06,114,,0*44
$GNGLL,3001.74227,S,05112.75036,W,165617.00,A,D*79
$GNRMC,165618.00,A,3001.74228,S,05112.75036,W,0.008,,090926,,,F,V*14
$GNVTG,,T,,M,0.008,N,0.015,K,D*34
$GNGGA,165618.00,3001.74228,S,05112.75036,W,5,12,0.79,47.3,M,4.8,M,2.0,0920*6B
$GNGSA,M,3,05,12,13,23,25,26,29,31,,,,,1.46,0.79,1.23,1*0F
$GNGSA,M,3,16,25,36,02,10,11,,,,,,,1.46,0.79,1.23,3*04
$GNGSA,M,3,12,19,24,26,29,31,35,39,,,,,1.46,0.79,1.23,4*09
$GPGSV,2,1,08,05,39,120,47,12,23,037,40,23,22,356,44,25,57,022,52,1*61
$GPGSV,2,2,08,26,23,224,28,28,24,289,14,29,58,155,28,31,21,256,29,1*6B
$GPGSV,3,1,09,05,39,120,43,12,23,037,24,13,17,032,28,23,22,356,39,6*67
$GPGSV,3,2,09,25,57,022,46,26,23,224,16,28,24,289,13,29,58,155,17,6*66
$GPGSV,3,3,09,31,21,256,18,6*53
$GPGSV,2,1,06,13,17,032,30,18,66,268,20,23,22,356,42,25,57,022,54,8*6A
$GPGSV,2,2,06,26,23,224,24,28,24,289,22,8*63
$GPGSV,1,1,03,15,07,056,,20,00,082,,21,10,140,,0*59
$GAGSV,2,1,07,02,30,221,21,10,39,143,37,11,68,157,28,14,22,092,13,1*70
$GAGSV,2,2,07,16,41,046,38,25,86,178,32,36,55,303,17,1*4C
$GAGSV,1,1,03,14,22,092,36,16,41,046,48,25,86,178,35,5*44
$GAGSV,1,1,04,10,39,143,32,14,22,092,30,16,41,046,46,25,86,178,33,7*73
$GAGSV,1,1,02,12,16,139,,34,06,313,,0*79
$GBGSV,2,1,07,12,21,096,27,19,22,067,28,22,08,018,26,24,22,228,25,3*75
$GBGSV,2,2,07,29,26,122,43,35,61,187,25,39,34,000,48,3*43
$GBGSV,3,1,09,12,21,096,26,19,22,067,18,22,08,018,23,24,22,228,25,5*7B
$GBGSV,3,2,09,26,54,276,17,29,26,122,43,31,33,260,21,35,61,187,26,5*7D
$GBGSV,3,3,09,39,34,000,45,5*47
$GBGSV,3,1,10,12,21,096,30,19,22,067,25,20,15,115,23,22,08,018,17,8*7B
$GBGSV,3,2,10,24,22,228,26,26,54,276,15,29,26,122,46,31,33,260,17,8*7B
$GBGSV,3,3,10,35,61,187,23,39,34,000,47,8*7E
$GBGSV,1,1,01,11,06,114,,0*44
$GNGLL,3001.74228,S,05112.75036,W,165618.00,A,D*79
$GNRMC,165619.00,A,3001.74228,S,05112.75036,W,0.015,,090926,,,F,V*19
$GNVTG,,T,,M,0.015,N,0.028,K,D*36
$GNGGA,165619.00,3001.74228,S,05112.75036,W,5,12,0.79,47.3,M,4.8,M,2.0,0920*6A
$GNGSA,M,3,05,12,13,23,25,26,29,31,,,,,1.46,0.79,1.23,1*0F
$GNGSA,M,3,16,25,36,02,10,11,,,,,,,1.46,0.79,1.23,3*04
$GNGSA,M,3,12,19,24,26,29,35,39,,,,,,1.46,0.79,1.23,4*0B
$GPGSV,2,1,08,05,39,120,47,12,23,037,40,23,22,356,44,25,57,022,52,1*61
$GPGSV,2,2,08,26,23,224,28,28,24,289,13,29,58,155,29,31,21,256,29,1*6D
$GPGSV,3,1,09,05,39,120,43,12,23,037,24,13,17,032,28,23,22,356,39,6*67
$GPGSV,3,2,09,25,57,022,46,26,23,224,16,28,24,289,13,29,58,155,17,6*66
$GPGSV,3,3,09,31,21,256,18,6*53
$GPGSV,2,1,06,13,17,032,30,18,66,268,20,23,22,356,42,25,57,022,54,8*6A
$GPGSV,2,2,06,26,23,224,24,28,24,289,23,8*62
$GPGSV,1,1,03,15,07,056,,20,00,082,,21,10,140,,0*59
$GAGSV,2,1,07,02,30,221,21,10,39,143,37,11,68,157,28,14,22,092,11,1*72
$GAGSV,2,2,07,16,41,046,38,25,86,178,32,36,55,303,17,1*4C
$GAGSV,1,1,03,14,22,092,36,16,41,046,48,25,86,178,35,5*44
$GAGSV,1,1,04,10,39,143,32,14,22,092,30,16,41,046,46,25,86,178,32,7*72
$GAGSV,1,1,02,12,16,139,,34,06,313,,0*79
$GBGSV,2,1,07,12,21,096,27,19,22,067,28,22,08,018,26,24,22,228,25,3*75
$GBGSV,2,2,07,29,26,122,43,35,61,187,25,39,34,000,48,3*43
$GBGSV,3,1,09,12,21,096,26,19,22,067,18,22,08,018,23,24,22,228,25,5*7B
$GBGSV,3,2,09,26,54,276,16,29,26,122,43,31,33,260,21,35,61,187,26,5*7C
$GBGSV,3,3,09,39,34,000,45,5*47
$GBGSV,3,1,09,12,21,096,30,19,22,067,25,20,15,115,23,22,08,018,17,8*73
$GBGSV,3,2,09,24,22,228,26,26,54,276,15,29,26,122,46,35,61,187,23,8*7D
$GBGSV,3,3,09,39,34,000,47,8*48
$GBGSV,1,1,01,11,06,114,,0*44
$GNGLL,3001.74228,S,05112.75036,W,165619.00,A,D*78
$GNRMC,165620.00,A,3001.74228,S,05112.75036,W,0.002,,090926,,,F,V*15
$GNVTG,,T,,M,0.002,N,0.004,K,D*3E
$GNGGA,165620.00,3001.74228,S,05112.75036,W,5,12,0.79,47.3,M,4.8,M,2.0,0920*60
$GNGSA,M,3,05,12,13,23,25,26,29,31,,,,,1.46,0.79,1.23,1*0F
$GNGSA,M,3,16,25,36,02,10,11,,,,,,,1.46,0.79,1.23,3*04
$GNGSA,M,3,12,19,24,26,29,35,39,,,,,,1.46,0.79,1.23,4*0B
$GPGSV,2,1,08,05,39,120,47,12,23,037,40,23,22,356,44,25,57,022,52,1*61
$GPGSV,2,2,08,26,23,224,28,28,24,289,12,29,58,155,29,31,21,256,29,1*6C
$GPGSV,3,1,09,05,39,120,43,12,23,037,24,13,17,032,28,23,22,356,39,6*67
$GPGSV,3,2,09,25,57,022,46,26,23,224,16,28,24,289,14,29,58,155,16,6*60
$GPGSV,3,3,09,31,21,256,19,6*52
$GPGSV,2,1,06,13,17,032,29,18,66,268,20,23,22,356,42,25,57,022,54,8*62
$GPGSV,2,2,06,26,23,224,24,28,24,289,23,8*62
$GPGSV,1,1,03,15,07,056,,20,00,082,,21,10,140,,0*59
$GAGSV,2,1,07,02,30,221,21,10,39,143,38,11,68,157,28,14,22,092,11,1*7D
$GAGSV,2,2,07,16,41,046,38,25,86,178,32,36,55,303,17,1*4C
$GAGSV,1,1,03,14,22,092,35,16,41,046,48,25,86,178,35,5*47
$GAGSV,1,1,04,10,39,143,32,14,22,092,30,16,41,046,46,25,86,178,32,7*72
$GAGSV,1,1,02,12,16,139,,34,06,313,,0*79
$GBGSV,2,1,07,12,21,096,27,19,22,067,28,22,08,018,26,24,22,228,25,3*75
$GBGSV,2,2,07,29,26,122,43,35,61,187,24,39,34,000,48,3*42
$GBGSV,3,1,09,12,21,096,26,19,22,067,18,22,08,018,23,24,22,228,25,5*7B
$GBGSV,3,2,09,26,54,276,17,29,26,122,43,31,33,260,21,35,61,187,26,5*7D
$GBGSV,3,3,09,39,34,000,45,5*47
$GBGSV,3,1,10,12,21,096,30,19,22,067,24,20,15,115,23,22,08,018,17,8*7A
$GBGSV,3,2,10,24,22,228,25,26,54,276,14,29,26,122,46,31,33,260,17,8*79
$GBGSV,3,3,10,35,61,187,23,39,34,000,47,8*7E
$GBGSV,1,1,01,11,06,114,,0*44
$GNGLL,3001.74228,S,05112.75036,W,165620.00,A,D*72
$GNRMC,165621.00,A,3001.74227,S,05112.75036,W,0.003,,090926,,,F,V*1A
$GNVTG,,T,,M,0.003,N,0.006,K,D*3D
$GNGGA,165621.00,3001.74227,S,05112.75036,W,5,12,0.79,47.3,M,4.8,M,2.0,0920*6E
$GNGSA,M,3,05,12,13,23,25,26,28,29,31,,,,1.46,0.79,1.23,1*05
$GNGSA,M,3,16,25,36,02,10,11,,,,,,,1.46,0.79,1.23,3*04
$GNGSA,M,3,12,19,24,26,29,35,39,,,,,,1.46,0.79,1.23,4*0B
$GPGSV,2,1,08,05,39,120,47,12,23,037,40,23,22,356,44,25,57,022,52,1*61
$GPGSV,2,2,08,26,23,224,28,28,24,289,15,29,58,155,29,31,21,256,29,1*6B
$GPGSV,3,1,09,05,39,120,43,12,23,037,24,13,17,032,28,23,22,356,39,6*67
$GPGSV,3,2,09,25,57,022,46,26,23,224,15,28,24,289,14,29,58,155,16,6*63
$GPGSV,3,3,09,31,21,256,17,6*5C
$GPGSV,2,1,06,13,17,032,29,18,66,268,21,23,22,356,43,25,57,022,54,8*62
$GPGSV,2,2,06,26,23,224,24,28,24,289,23,8*62
$GPGSV,1,1,03,15,07,056,,20,00,082,,21,10,140,,0*59
$GAGSV,2,1,07,02,30,221,21,10,39,143,38,11,68,157,28,14,22,092,10,1*7C
$GAGSV,2,2,07,16,41,046,38,25,86,178,32,36,55,303,16,1*4D
$GAGSV,1,1,03,14,22,092,35,16,41,046,48,25,86,178,35,5*47
$GAGSV,2,1,05,10,39,143,33,11,68,157,24,14,22,092,30,16,41,046,46,7*7C
$GAGSV,2,2,05,25,86,178,32,7*40
$GAGSV,1,1,02,12,16,139,,34,06,313,,0*79
$GBGSV,2,1,07,12,21,096,27,19,22,067,28,22,08,018,26,24,22,228,25,3*75
$GBGSV,2,2,07,29,26,122,43,35,61,187,25,39,34,000,48,3*43
$GBGSV,3,1,09,12,21,096,26,19,22,067,18,22,08,018,23,24,22,228,24,5*7A
$GBGSV,3,2,09,26,54,276,17,29,26,122,43,31,33,260,21,35,61,187,26,5*7D
$GBGSV,3,3,09,39,34,000,45,5*47
$GBGSV,3,1,10,12,21,096,30,19,22,067,24,20,15,115,23,22,08,018,17,8*7A
$GBGSV,3,2,10,24,22,228,25,26,54,276,15,29,26,122,46,31,33,260,16,8*79
$GBGSV,3,3,10,35,61,187,23,39,34,000,47,8*7E
$GBGSV,1,1,01,11,06,114,,0*44
$GNGLL,3001.74227,S,05112.75036,W,165621.00,A,D*7C
$GNRMC,165622.00,A,3001.74227,S,05112.75036,W,0.025,,090926,,,F,V*1D
$GNVTG,,T,,M,0.025,N,0.047,K,D*3C
$GNGGA,165622.00,3001.74227,S,05112.75036,W,5,12,0.79,47.3,M,4.8,M,2.0,0920*6D
$GNGSA,M,3,05,12,13,23,25,26,29,31,,,,,1.46,0.79,1.23,1*0F
$GNGSA,M,3,16,25,36,02,10,11,,,,,,,1.46,0.79,1.23,3*04
$GNGSA,M,3,12,19,24,26,29,35,39,,,,,,1.46,0.79,1.23,4*0B
$GPGSV,2,1,08,05,39,120,47,12,23,037,40,23,22,356,44,25,57,022,52,1*61
$GPGSV,2,2,08,26,23,224,28,28,24,289,14,29,58,155,29,31,21,256,29,1*6A
$GPGSV,3,1,09,05,39,120,43,12,23,037,24,13,17,032,28,23,22,356,39,6*67
$GPGSV,3,2,09,25,57,022,46,26,23,224,15,28,24,289,14,29,58,155,17,6*62
$GPGSV,3,3,09,31,21,256,17,6*5C
$GPGSV,2,1,06,13,17,032,29,18,66,268,21,23,22,356,42,25,57,022,54,8*63
$GPGSV,2,2,06,26,23,224,24,28,24,289,23,8*62
$GPGSV,1,1,03,15,07,056,,20,00,082,,21,10,140,,0*59
$GAGSV,2,1,07,02,30,221,21,10,39,143,38,11,68,157,28,14,22,092,11,1*7D
$GAGSV,2,2,07,16,41,046,39,25,86,178,32,36,55,303,17,1*4D
$GAGSV,1,1,03,14,22,092,35,16,41,046,48,25,86,178,35,5*47
$GAGSV,2,1,05,10,39,143,32,11,68,157,23,14,22,092,30,16,41,046,46,7*7A
$GAGSV,2,2,05,25,86,178,32,7*40
$GAGSV,1,1,02,12,16,139,,34,06,313,,0*79
$GBGSV,2,1,07,12,21,096,27,19,22,067,27,22,08,018,26,24,22,228,24,3*7B
$GBGSV,2,2,07,29,26,122,43,35,61,187,25,39,34,000,48,3*43
$GBGSV,3,1,09,12,21,096,26,19,22,067,18,22,08,018,22,24,22,228,24,5*7B
$GBGSV,3,2,09,26,54,276,17,29,26,122,43,31,33,260,21,35,61,187,26,5*7D
$GBGSV,3,3,09,39,34,000,45,5*47
$GBGSV,3,1,10,12,21,096,30,19,22,067,24,20,15,115,24,22,08,018,17,8*7D
$GBGSV,3,2,10,24,22,228,24,26,54,276,17,29,26,122,46,31,33,260,17,8*7B
$GBGSV,3,3,10,35,61,187,23,39,34,000,47,8*7E
$GBGSV,1,1,01,11,06,113,,0*43
$GNGLL,3001.74227,S,05112.75036,W,165622.00,A,D*7F
$GNRMC,165623.00,A,3001.74228,S,05112.75036,W,0.010,,090926,,,F,V*15
$GNVTG,,T,,M,0.010,N,0.019,K,D*31
$GNGGA,165623.00,3001.74228,S,05112.75036,W,5,12,0.79,47.3,M,4.8,M,2.0,0920*63
$GNGSA,M,3,05,12,13,23,25,26,29,31,,,,,1.46,0.79,1.23,1*0F
$GNGSA,M,3,16,25,36,02,10,11,,,,,,,1.46,0.79,1.23,3*04
$GNGSA,M,3,12,19,24,26,29,35,39,,,,,,1.46,0.79,1.23,4*0B
$GPGSV,2,1,08,05,39,120,47,12,23,037,40,23,22,356,44,25,57,022,52,1*61
$GPGSV,2,2,08,26,23,224,28,28,24,289,12,29,58,155,28,31,21,256,29,1*6D
$GPGSV,3,1,09,05,39,120,43,12,23,037,24,13,17,032,28,23,22,356,39,6*67
$GPGSV,3,2,09,25,57,022,46,26,23,224,14,28,24,289,13,29,58,155,17,6*64
$GPGSV,3,3,09,31,21,256,19,6*52
$GPGSV,2,1,06,13,17,032,30,18,66,268,21,23,22,356,43,25,57,022,54,8*6A
$GPGSV,2,2,06,26,23,224,23,28,24,289,23,8*65
$GPGSV,1,1,03,15,07,056,,20,00,082,,21,10,140,,0*59
$GAGSV,2,1,07,02,30,221,20,10,39,143,38,11,68,157,29,14,22,092,12,1*7E
$GAGSV,2,2,07,16,41,046,39,25,86,178,32,36,55,303,17,1*4D
$GAGSV,1,1,03,14,22,092,35,16,41,046,48,25,86,178,35,5*47
$GAGSV,2,1,05,10,39,143,33,11,68,157,21,14,22,092,30,16,41,046,46,7*79
$GAGSV,2,2,05,25,86,178,32,7*40
$GAGSV,1,1,02,12,16,139,,34,06,313,,0*79
$GBGSV,2,1,07,12,21,097,27,19,22,067,27,22,08,018,26,24,22,228,23,3*7D
$GBGSV,2,2,07,29,26,122,43,35,61,187,25,39,34,000,48,3*43
$GBGSV,3,1,09,12,21,097,26,19,22,067,19,22,08,018,23,24,22,228,25,5*7B
$GBGSV,3,2,09,26,54,276,18,29,26,122,43,31,33,260,22,35,61,187,26,5*71
$GBGSV,3,3,09,39,34,000,45,5*47
$GBGSV,3,1,10,12,21,097,30,19,22,067,23,20,15,115,24,22,08,018,17,8*7B
$GBGSV,3,2,10,24,22,228,25,26,54,276,17,29,26,122,46,31,33,260,18,8*75
$GBGSV,3,3,10,35,61,187,24,39,34,000,47,8*79
$GBGSV,1,1,01,11,06,113,,0*43
$GNGLL,3001.74228,S,05112.75036,W,165623.00,A,D*71
$GNRMC,165624.00,A,3001.74228,S,05112.75036,W,0.019,,090926,,,F,V*1B
$GNVTG,,T,,M,0.019,N,0.036,K,D*35
$GNGGA,165624.00,3001.74228,S,05112.75036,W,5,12,0.79,47.3,M,4.8,M,2.0,0920*64
$GNGSA,M,3,05,12,13,23,25,26,29,31,,,,,1.46,0.79,1.23,1*0F
$GNGSA,M,3,16,25,36,02,10,11,,,,,,,1.46,0.79,1.23,3*04
$GNGSA,M,3,12,19,24,26,29,31,35,39,,,,,1.46,0.79,1.23,4*09
$GPGSV,2,1,08,05,39,120,47,12,23,037,40,23,22,356,44,25,57,022,52,1*61
$GPGSV,2,2,08,26,23,224,28,28,24,289,10,29,58,155,29,31,21,256,30,1*66
$GPGSV,3,1,09,05,39,120,43,12,23,037,24,13,17,032,28,23,22,356,39,6*67
$GPGSV,3,2,09,25,57,022,46,26,23,224,13,28,24,289,13,29,58,155,16,6*62
$GPGSV,3,3,09,31,21,256,19,6*52
$GPGSV,2,1,06,13,17,032,30,18,66,268,21,23,22,356,42,25,57,022,54,8*6B
$GPGSV,2,2,06,26,23,224,23,28,24,289,23,8*65
$GPGSV,1,1,03,15,07,056,,20,00,082,,21,10,140,,0*59
$GAGSV,2,1,07,02,30,221,20,10,39,143,38,11,68,157,28,14,22,092,11,1*7C
$GAGSV,2,2,07,16,41,046,39,25,86,178,32,36,55,303,16,1*4C
$GAGSV,1,1,03,14,22,092,35,16,41,046,48,25,86,178,35,5*47
$GAGSV,2,1,05,10,39,143,33,11,68,157,20,14,22,092,30,16,41,046,46,7*78
$GAGSV,2,2,05,25,86,178,32,7*40
$GAGSV,1,1,02,12,16,139,,34,06,313,,0*79
$GBGSV,2,1,07,12,21,097,27,19,22,067,27,22,08,018,26,24,22,228,22,3*7C
$GBGSV,2,2,07,29,26,122,43,35,61,187,25,39,34,000,48,3*43
$GBGSV,3,1,09,12,21,097,26,19,22,067,19,22,08,018,23,24,22,228,25,5*7B
$GBGSV,3,2,09,26,54,276,18,29,26,122,43,31,33,260,22,35,61,187,26,5*71
$GBGSV,3,3,09,39,34,000,45,5*47
$GBGSV,3,1,10,12,21,097,30,19,22,067,24,20,15,115,23,22,08,018,16,8*7A
$GBGSV,3,2,10,24,22,228,24,26,54,276,17,29,26,122,46,31,33,260,18,8*74
$GBGSV,3,3,10,35,61,187,25,39,34,000,47,8*78
$GBGSV,1,1,01,11,06,113,,0*43
$GNGLL,3001.74228,S,05112.75036,W,165624.00,A,D*76
$GNRMC,165625.00,A,3001.74228,S,05112.75035,W,0.002,,090926,,,F,V*13
$GNVTG,,T,,M,0.002,N,0.004,K,D*3E
$GNGGA,165625.00,3001.74228,S,05112.75035,W,5,12,0.79,47.3,M,4.8,M,2.0,0920*66
$GNGSA,M,3,05,12,13,23,25,26,28,29,31,,,,1.46,0.79,1.23,1*05
$GNGSA,M,3,16,25,36,02,10,11,,,,,,,1.46,0.79,1.23,3*04
$GNGSA,M,3,12,19,24,26,29,35,39,,,,,,1.46,0.79,1.23,4*0B
$GPGSV,2,1,08,05,39,120,47,12,23,037,40,23,22,356,44,25,57,022,52,1*61
$GPGSV,2,2,08,26,23,224,28,28,24,289,11,29,58,155,29,31,21,256,30,1*67
$GPGSV,3,1,09,05,39,120,43,12,23,037,24,13,17,032,28,23,22,356,39,6*67
$GPGSV,3,2,09,25,57,022,46,26,23,224,14,28,24,289,15,29,58,155,16,6*63
$GPGSV,3,3,09,31,21,256,20,6*58
$GPGSV,2,1,06,13,17,032,29,18,66,268,21,23,22,356,42,25,57,022,54,8*63
$GPGSV,2,2,06,26,23,224,23,28,24,289,23,8*65
$GPGSV,1,1,03,15,07,056,,20,00,082,,21,10,140,,0*59
$GAGSV,2,1,07,02,30,221,21,10,39,143,38,11,68,157,28,14,22,092,11,1*7D
$GAGSV,2,2,07,16,41,046,39,25,86,178,32,36,55,303,17,1*4D
$GAGSV,1,1,03,14,22,092,35,16,41,046,48,25,86,178,35,5*47
$GAGSV,2,1,05,10,39,143,33,11,68,157,20,14,22,092,30,16,41,046,46,7*78
$GAGSV,2,2,05,25,86,178,32,7*40
$GAGSV,1,1,02,12,16,139,,34,06,313,,0*79
$GBGSV,2,1,07,12,21,097,27,19,22,067,27,22,08,018,26,24,22,228,21,3*7F
$GBGSV,2,2,07,29,26,122,43,35,61,187,25,39,34,000,48,3*43
$GBGSV,3,1,09,12,21,097,26,19,22,067,19,22,08,018,23,24,22,228,25,5*7B
$GBGSV,3,2,09,26,54,276,18,29,26,122,43,31,33,260,21,35,61,187,26,5*72
$GBGSV,3,3,09,39,34,000,45,5*47
$GBGSV,3,1,10,12,21,097,30,19,22,067,24,20,15,115,23,22,08,018,16,8*7A
$GBGSV,3,2,10,24,22,228,25,26,54,276,18,29,26,122,46,31,33,260,17,8*75
$GBGSV,3,3,10,35,61,187,24,39,34,000,47,8*79
$GBGSV,1,1,01,11,06,113,,0*43
$GNGLL,3001.74228,S,05112.75035,W,165625.00,A,D*74
$GNRMC,165626.00,A,3001.74227,S,05112.75035,W,0.006,,090926,,,F,V*1B
$GNVTG,,T,,M,0.006,N,0.011,K,D*3E
$GNGGA,165626.00,3001.74227,S,05112.75035,W,5,12,0.79,47.3,M,4.8,M,2.0,0920*6A
$GNGSA,M,3,05,12,13,23,25,26,28,29,31,,,,1.46,0.79,1.23,1*05
$GNGSA,M,3,16,25,36,02,10,11,,,,,,,1.46,0.79,1.23,3*04
$GNGSA,M,3,12,19,24,26,29,31,35,39,,,,,1.46,0.79,1.23,4*09
$GPGSV,3,1,09,05,39,120,47,12,23,037,40,23,22,356,44,25,57,022,52,1*61
$GPGSV,3,2,09,26,23,224,28,26,23,224,28,28,24,289,13,29,58,155,29,1*6D
$GPGSV,3,3,09,31,21,256,30,1*5E
$GPGSV,3,1,09,05,39,120,43,12,23,037,24,13,17,032,27,23,22,356,39,6*68
$GPGSV,3,2,09,25,57,022,46,26,23,224,14,28,24,289,15,29,58,155,16,6*63
$GPGSV,3,3,09,31,21,256,19,6*52
$GPGSV,2,1,06,13,17,032,29,18,66,268,22,23,22,356,42,25,57,022,54,8*60
$GPGSV,2,2,06,26,23,224,23,28,24,289,23,8*65
$GPGSV,1,1,03,15,07,056,,20,00,082,,21,10,140,,0*59
$GAGSV,2,1,07,02,30,221,22,10,39,143,38,11,68,157,28,14,22,092,08,1*76
$GAGSV,2,2,07,16,41,046,38,25,86,178,32,36,55,303,17,1*4C
$GAGSV,1,1,03,14,22,092,35,16,41,046,48,25,86,178,35,5*47
$GAGSV,2,1,05,10,39,143,33,11,68,157,20,14,22,092,30,16,41,046,46,7*78
$GAGSV,2,2,05,25,86,178,32,7*40
$GAGSV,1,1,02,12,16,139,,34,06,313,,0*79
$GBGSV,2,1,07,12,21,097,28,19,23,068,27,22,08,018,26,24,22,228,20,3*7F
$GBGSV,2,2,07,29,26,122,43,35,61,187,25,39,34,000,49,3*42
$GBGSV,3,1,09,12,21,097,26,19,23,068,19,22,08,018,23,24,22,228,25,5*75
$GBGSV,3,2,09,26,54,276,17,29,26,122,43,31,33,260,21,35,61,187,26,5*7D
$GBGSV,3,3,09,39,34,000,45,5*47
$GBGSV,3,1,10,12,21,097,30,19,23,068,24,20,15,115,23,22,08,018,16,8*74
$GBGSV,3,2,10,24,22,228,24,26,54,276,18,29,26,122,46,31,33,260,18,8*7B
$GBGSV,3,3,10,35,61,187,24,39,34,000,47,8*79
$GBGSV,1,1,01,11,06,113,,0*43
$GNGLL,3001.74227,S,05112.75035,W,165626.00,A,D*78
$GNRMC,165627.00,A,3001.74227,S,05112.75035,W,0.021,,090926,,,F,V*1F
$GNVTG,,T,,M,0.021,N,0.039,K,D*31
$GNGGA,165627.00,3001.74227,S,05112.75035,W,5,12,0.79,47.3,M,4.8,M,2.0,0920*6B
$GNGSA,M,3,05,12,13,23,25,26,28,29,31,,,,1.46,0.79,1.23,1*05
$GNGSA,M,3,16,25,36,02,10,11,,,,,,,1.46,0.79,1.23,3*04
$GNGSA,M,3,12,19,24,26,29,31,35,39,,,,,1.46,0.79,1.23,4*09
$GPGSV,2,1,08,05,39,120,48,12,23,037,40,23,22,356,44,25,57,022,52,1*6E
$GPGSV,2,2,08,26,23,224,28,28,24,289,09,29,58,155,29,31,21,256,30,1*6E
$GPGSV,3,1,09,05,39,120,43,12,23,037,24,13,17,032,27,23,22,356,39,6*68
$GPGSV,3,2,09,25,57,022,46,26,23,224,12,28,24,289,16,29,58,155,15,6*65
$GPGSV,3,3,09,31,21,256,19,6*52
$GPGSV,2,1,06,13,17,032,29,18,66,268,22,23,22,356,43,25,57,022,54,8*61
$GPGSV,2,2,06,26,23,224,24,28,24,289,23,8*62
$GPGSV,1,1,03,15,07,056,,20,00,082,,21,10,140,,0*59
$GAGSV,2,1,06,02,30,221,22,10,39,143,38,11,68,157,28,16,41,046,38,1*7A
$GAGSV,2,2,06,25,86,178,32,36,55,303,17,1*76
$GAGSV,1,1,03,14,22,092,35,16,41,046,48,25,86,178,35,5*47
$GAGSV,2,1,05,10,39,143,32,11,68,157,19,14,22,092,30,16,41,046,46,7*73
$GAGSV,2,2,05,25,86,178,32,7*40
$GAGSV,1,1,02,12,16,139,,34,06,313,,0*79
$GBGSV,2,1,07,12,21,097,28,19,23,068,27,22,08,018,26,24,22,228,18,3*74
$GBGSV,2,2,07,29,26,122,43,35,61,187,25,39,34,000,49,3*42
$GBGSV,3,1,09,12,21,097,26,19,23,068,19,22,08,018,22,24,22,228,25,5*74
$GBGSV,3,2,09,26,54,276,16,29,26,122,43,31,33,260,22,35,61,187,26,5*7F
$GBGSV,3,3,09,39,34,000,45,5*47
$GBGSV,3,1,10,12,21,097,30,19,23,068,24,20,15,116,23,22,08,018,16,8*77
$GBGSV,3,2,10,24,22,228,24,26,54,276,19,29,26,122,46,31,33,260,18,8*7A
$GBGSV,3,3,10,35,61,187,24,39,34,000,47,8*79
$GBGSV,1,1,01,11,06,113,,0*43
$GNGLL,3001.74227,S,05112.75035,W,165627.00,A,D*79
$GNRMC,165628.00,A,3001.74227,S,05112.75034,W,0.040,,090926,,,F,V*16
$GNVTG,,T,,M,0.040,N,0.073,K,D*38
$GNGGA,165628.00,3001.74227,S,05112.75034,W,5,12,0.79,47.3,M,4.8,M,2.0,0920*65
$GNGSA,M,3,05,12,13,23,25,26,28,29,31,,,,1.46,0.79,1.23,1*05
$GNGSA,M,3,16,25,36,02,10,11,,,,,,,1.46,0.79,1.23,3*04
$GNGSA,M,3,12,19,24,26,29,31,35,39,,,,,1.46,0.79,1.23,4*09
$GPGSV,2,1,08,05,39,120,48,12,23,037,40,23,22,356,44,25,57,022,52,1*6E
$GPGSV,2,2,08,26,23,224,28,28,24,289,13,29,58,155,29,31,21,256,30,1*65
$GPGSV,3,1,09,05,39,120,43,12,23,037,25,13,17,032,27,23,22,356,39,6*69
$GPGSV,3,2,09,25,57,022,46,26,23,224,09,28,24,289,16,29,58,155,15,6*6F
$GPGSV,3,3,09,31,21,256,18,6*53
$GPGSV,2,1,06,13,17,032,29,18,66,268,23,23,22,356,42,25,57,022,54,8*61
$GPGSV,2,2,06,26,23,224,23,28,24,289,23,8*65
$GPGSV,1,1,03,15,07,056,,20,00,082,,21,10,140,,0*59
$GAGSV,2,1,06,02,30,221,21,10,39,143,38,11,68,157,28,16,41,046,39,1*78
$GAGSV,2,2,06,25,86,178,32,36,55,303,16,1*77
$GAGSV,1,1,03,14,22,092,35,16,41,046,48,25,86,178,35,5*47
$GAGSV,2,1,05,10,39,143,33,11,68,157,19,14,22,092,30,16,41,046,46,7*72
$GAGSV,2,2,05,25,86,178,32,7*40
$GAGSV,1,1,02,12,16,139,,34,06,313,,0*79
$GBGSV,2,1,07,12,21,097,28,19,23,068,27,22,08,018,26,24,22,228,17,3*7B
$GBGSV,2,2,07,29,26,122,43,35,61,187,25,39,34,000,49,3*42
$GBGSV,3,1,09,12,21,097,27,19,23,068,19,22,08,018,22,24,22,228,25,5*75
$GBGSV,3,2,09,26,54,276,18,29,26,122,43,31,33,260,21,35,61,187,26,5*72
$GBGSV,3,3,09,39,34,000,45,5*47
$GBGSV,3,1,10,12,21,097,29,19,23,068,24,20,15,116,23,22,08,018,15,8*7C
$GBGSV,3,2,10,24,22,228,24,26,54,276,19,29,26,122,46,31,33,260,19,8*7B
$GBGSV,3,3,10,35,61,187,24,39,34,000,47,8*79
$GBGSV,1,1,01,11,06,113,,0*43
$GNGLL,3001.74227,S,05112.75034,W,165628.00,A,D*77
$GNRMC,165629.00,A,3001.74227,S,05112.75034,W,0.006,,090926,,,F,V*15
$GNVTG,,T,,M,0.006,N,0.011,K,D*3E
$GNGGA,165629.00,3001.74227,S,05112.75034,W,5,12,0.79,47.3,M,4.8,M,2.0,0920*64
$GNGSA,M,3,05,12,13,23,25,26,28,29,31,,,,1.46,0.79,1.23,1*05
$GNGSA,M,3,16,25,36,02,10,11,,,,,,,1.46,0.79,1.23,3*04
$GNGSA,M,3,12,19,24,26,29,31,35,39,,,,,1.46,0.79,1.23,4*09
$GPGSV,2,1,08,05,39,120,47,12,23,037,40,23,22,356,44,25,57,022,52,1*61
$GPGSV,2,2,08,26,23,224,28,28,24,289,08,29,58,155,30,31,21,256,30,1*67
$GPGSV,3,1,09,05,39,120,43,12,23,037,25,13,17,032,27,23,22,356,39,6*69
$GPGSV,3,2,09,25,57,022,46,26,23,224,08,28,24,289,16,29,58,155,16,6*6D
$GPGSV,3,3,09,31,21,256,18,6*53
$GPGSV,2,1,06,13,17,032,29,18,66,268,23,23,22,356,42,25,57,022,54,8*61
$GPGSV,2,2,06,26,23,224,24,28,24,289,22,8*63
$GPGSV,1,1,03,15,07,056,,20,00,082,,21,10,140,,0*59
$GAGSV,2,1,06,02,30,221,21,10,39,143,38,11,68,157,28,16,41,046,39,1*78
$GAGSV,2,2,06,25,86,178,32,36,55,303,16,1*77
$GAGSV,1,1,03,14,22,092,35,16,41,046,48,25,86,178,35,5*47
$GAGSV,2,1,05,10,39,143,32,11,68,157,19,14,22,092,30,16,41,046,46,7*73
$GAGSV,2,2,05,25,86,178,32,7*40
$GAGSV,1,1,02,12,16,139,,34,06,313,,0*79
$GBGSV,2,1,07,12,21,097,27,19,23,068,27,22,09,018,26,24,22,228,16,3*74
$GBGSV,2,2,07,29,26,122,43,35,61,187,25,39,34,000,49,3*42
$GBGSV,3,1,09,12,21,097,26,19,23,068,18,22,09,018,23,24,22,228,25,5*75
$GBGSV,3,2,09,26,54,276,18,29,26,122,43,31,33,260,21,35,61,187,26,5*72
$GBGSV,3,3,09,39,34,000,45,5*47
$GBGSV,3,1,10,12,21,097,30,19,23,068,24,20,15,116,23,22,09,018,16,8*76
$GBGSV,3,2,10,24,22,228,24,26,54,276,19,29,26,122,46,31,33,260,19,8*7B
$GBGSV,3,3,10,35,61,187,24,39,34,000,47,8*79
$GBGSV,1,1,01,11,06,113,,0*43
$GNGLL,3001.74227,S,05112.75034,W,165629.00,A,D*76
$GNRMC,165630.00,A,3001.74227,S,05112.75034,W,0.011,,090926,,,F,V*1B
$GNVTG,,T,,M,0.011,N,0.021,K,D*3B
$GNGGA,165630.00,3001.74227,S,05112.75034,W,5,12,0.79,47.3,M,4.8,M,2.0,0920*6C
$GNGSA,M,3,05,12,13,23,25,26,29,31,,,,,1.46,0.79,1.23,1*0F
$GNGSA,M,3,16,25,36,02,10,11,,,,,,,1.46,0.79,1.23,3*04
$GNGSA,M,3,12,19,24,26,29,31,35,39,,,,,1.46,0.79,1.23,4*09
$GPGSV,2,1,08,05,39,120,47,12,23,037,40,23,22,356,44,25,57,022,51,1*62
$GPGSV,2,2,08,26,23,224,27,28,24,289,08,29,58,155,30,31,21,256,30,1*68
$GPGSV,2,1,08,05,39,120,43,12,23,037,25,13,17,032,27,23,22,356,39,6*69
$GPGSV,2,2,08,25,57,022,46,28,24,289,14,29,58,155,16,31,21,256,17,6*60
$GPGSV,2,1,06,13,17,032,29,18,66,268,23,23,22,356,42,25,57,022,54,8*61
$GPGSV,2,2,06,26,23,224,23,28,24,289,22,8*64
$GPGSV,1,1,03,15,07,056,,20,00,082,,21,10,140,,0*59
$GAGSV,2,1,07,02,30,221,21,10,39,143,38,11,68,157,28,16,41,046,39,1*79
$GAGSV,2,2,07,25,86,178,32,34,06,313,15,36,55,303,17,1*43
$GAGSV,1,1,03,14,22,092,35,16,41,046,48,25,86,178,35,5*47
$GAGSV,2,1,05,10,39,143,32,11,68,157,19,14,22,092,30,16,41,046,46,7*73
$GAGSV,2,2,05,25,86,178,32,7*40
$GAGSV,1,1,01,12,16,139,,0*4A
$GBGSV,2,1,07,12,21,097,27,19,23,068,27,22,09,018,26,24,22,228,13,3*71
$GBGSV,2,2,07,29,26,122,43,35,61,187,26,39,34,000,49,3*41
$GBGSV,3,1,09,12,21,097,26,19,23,068,18,22,09,018,22,24,22,228,24,5*75
$GBGSV,3,2,09,26,54,276,18,29,26,122,43,31,33,260,21,35,61,187,26,5*72
$GBGSV,3,3,09,39,34,000,45,5*47
$GBGSV,3,1,10,12,21,097,30,19,23,068,24,20,15,116,24,22,09,018,16,8*71
$GBGSV,3,2,10,24,22,228,24,26,54,276,19,29,26,122,46,31,33,260,19,8*7B
$GBGSV,3,3,10,35,61,187,24,39,34,000,47,8*79
$GBGSV,1,1,01,11,06,113,,0*43
$GNGLL,3001.74227,S,05112.75034,W,165630.00,A,D*7E
$GNRMC,165631.00,A,3001.74227,S,05112.75034,W,0.009,,090926,,,F,V*13
$GNVTG,,T,,M,0.009,N,0.017,K,D*37
$GNGGA,165631.00,3001.74227,S,05112.75034,W,5,12,1.36,47.3,M,4.8,M,2.0,0920*67
$GNGSA,M,3,05,12,13,23,25,26,28,29,31,,,,2.37,1.36,1.94,1*06
$GNGSA,M,3,16,25,36,02,10,11,,,,,,,2.37,1.36,1.94,3*07
$GNGSA,M,3,12,19,24,26,29,31,35,39,,,,,2.37,1.36,1.94,4*0A
$GPGSV,2,1,08,05,39,120,47,12,23,037,40,23,22,356,44,25,57,022,52,1*61
$GPGSV,2,2,08,26,23,224,27,28,24,289,10,29,58,155,30,31,21,256,30,1*61
$GPGSV,2,1,08,05,39,120,43,12,23,037,25,13,17,032,26,23,22,356,39,6*68
$GPGSV,2,2,08,25,57,022,46,28,24,289,15,29,58,155,17,31,21,256,15,6*62
$GPGSV,2,1,06,13,17,032,29,18,66,268,23,23,22,356,42,25,57,022,54,8*61
$GPGSV,2,2,06,26,23,224,23,28,24,289,23,8*65
$GPGSV,1,1,03,15,07,056,,20,00,082,,21,10,140,,0*59
$GAGSV,2,1,07,02,30,221,21,10,39,143,38,11,68,157,28,16,41,046,39,1*79
$GAGSV,2,2,07,25,86,178,32,34,06,313,16,36,55,303,18,1*4F
$GAGSV,1,1,03,14,22,092,34,16,41,046,48,25,86,178,35,5*46
$GAGSV,2,1,05,10,39,143,33,11,68,157,19,14,22,092,30,16,41,046,46,7*72
$GAGSV,2,2,05,25,86,178,32,7*40
$GAGSV,1,1,01,12,16,139,,0*4A
$GBGSV,2,1,07,12,21,097,27,19,23,068,26,22,09,018,26,24,23,228,10,3*72
$GBGSV,2,2,07,29,26,122,43,35,61,187,26,39,34,000,49,3*41
$GBGSV,3,1,09,12,21,097,27,19,23,068,18,22,09,018,22,24,23,228,24,5*75
$GBGSV,3,2,09,26,54,276,17,29,26,122,43,31,33,260,21,35,61,187,26,5*7D
$GBGSV,3,3,09,39,34,000,45,5*47
$GBGSV,3,1,10,12,21,097,29,19,23,068,24,20,15,116,23,22,09,018,16,8*7E
$GBGSV,3,2,10,24,23,228,24,26,54,276,19,29,26,122,46,31,33,260,20,8*70
$GBGSV,3,3,10,35,61,187,25,39,34,000,47,8*78
$GBGSV,1,1,01,11,06,113,,0*43
$GNGLL,3001.74227,S,05112.75034,W,165631.00,A,D*7F
$GNRMC,165632.00,A,3001.74228,S,05112.75035,W,0.011,,090926,,,F,V*17
$GNVTG,,T,,M,0.011,N,0.021,K,D*3B
$GNGGA,165632.00,3001.74228,S,05112.75035,W,5,12,1.36,47.3,M,4.8,M,2.0,0920*6A
$GNGSA,M,3,05,12,13,23,25,26,29,31,,,,,2.37,1.36,1.94,1*0C
$GNGSA,M,3,16,25,36,02,10,11,,,,,,,2.37,1.36,1.94,3*07
$GNGSA,M,3,12,19,24,26,29,31,35,39,,,,,2.37,1.36,1.94,4*0A
$GPGSV,2,1,08,05,39,120,47,12,23,037,40,23,22,356,44,25,57,022,52,1*61
$GPGSV,2,2,08,26,23,224,27,28,24,289,09,29,58,155,30,31,21,256,30,1*69
$GPGSV,2,1,08,05,39,120,43,12,23,037,25,13,17,032,26,23,22,356,39,6*68
$GPGSV,2,2,08,25,57,022,46,28,24,289,13,29,58,155,18,31,21,256,15,6*6B
$GPGSV,2,1,06,13,17,032,29,18,66,268,24,23,22,356,42,25,57,022,54,8*66
$GPGSV,2,2,06,26,23,224,23,28,24,289,22,8*64
$GPGSV,1,1,03,15,07,056,,20,00,082,,21,10,140,,0*59
$GAGSV,2,1,07,02,30,221,21,10,39,143,38,11,68,157,28,16,41,046,39,1*79
$GAGSV,2,2,07,25,86,178,32,34,06,313,16,36,55,303,17,1*40
$GAGSV,1,1,03,14,22,092,35,16,41,046,48,25,86,178,35,5*47
$GAGSV,2,1,05,10,39,143,33,11,68,157,18,14,22,092,30,16,41,046,46,7*73
$GAGSV,2,2,05,25,86,178,32,7*40
$GAGSV,1,1,01,12,16,139,,0*4A
$GBGSV,2,1,07,12,21,097,27,19,23,068,26,22,09,018,25,24,23,228,08,3*78
$GBGSV,2,2,07,29,26,122,43,35,61,187,26,39,34,000,49,3*41
$GBGSV,3,1,09,12,21,097,27,19,23,068,18,22,09,018,22,24,23,228,24,5*75
$GBGSV,3,2,09,26,54,276,17,29,26,122,43,31,33,260,22,35,61,187,26,5*7E
$GBGSV,3,3,09,39,34,000,45,5*47
$GBGSV,3,1,10,12,21,097,29,19,23,068,24,20,15,116,24,22,09,018,16,8*79
$GBGSV,3,2,10,24,23,228,24,26,54,276,20,29,26,122,46,31,33,260,19,8*70
$GBGSV,3,3,10,35,61,187,25,39,34,000,46,8*79
$GBGSV,1,1,01,11,06,113,,0*43
$GNGLL,3001.74228,S,05112.75035,W,165632.00,A,D*72
$GNRMC,165633.00,A,3001.74228,S,05112.75036,W,0.017,,090926,,,F,V*13
$GNVTG,,T,,M,0.017,N,0.031,K,D*3C
$GNGGA,165633.00,3001.74228,S,05112.75036,W,5,12,1.36,47.3,M,4.8,M,2.0,0920*68
$GNGSA,M,3,05,12,13,23,25,26,29,31,,,,,2.37,1.36,1.94,1*0C
$GNGSA,M,3,16,25,36,02,10,11,,,,,,,2.37,1.36,1.94,3*07
$GNGSA,M,3,12,19,24,26,29,31,35,39,,,,,2.37,1.36,1.94,4*0A
$GPGSV,2,1,07,05,39,120,47,12,23,037,40,23,22,356,44,25,57,022,52,1*6E
$GPGSV,2,2,07,26,23,224,27,29,58,155,31,31,21,256,30,1*51
$GPGSV,2,1,08,05,39,120,43,12,23,037,25,13,17,032,26,23,22,356,39,6*68
$GPGSV,2,2,08,25,57,022,46,28,24,289,13,29,58,155,17,31,21,256,14,6*65
$GPGSV,2,1,06,13,17,032,29,18,66,268,24,23,22,356,42,25,57,022,54,8*66
$GPGSV,2,2,06,26,23,224,23,28,24,289,22,8*64
$GPGSV,1,1,03,15,07,056,,20,00,082,,21,10,140,,0*59
$GAGSV,2,1,07,02,30,221,21,10,39,143,38,11,68,157,28,16,41,046,39,1*79
$GAGSV,2,2,07,25,86,178,32,34,06,313,15,36,55,303,16,1*42
$GAGSV,1,1,03,14,22,092,34,16,41,046,48,25,86,178,35,5*46
$GAGSV,2,1,05,10,39,143,33,11,68,157,18,14,22,092,30,16,41,046,46,7*73
$GAGSV,2,2,05,25,86,178,32,7*40
$GAGSV,1,1,01,12,16,139,,0*4A
$GBGSV,2,1,06,12,21,097,27,19,23,068,26,22,09,018,25,29,26,122,43,3*77
$GBGSV,2,2,06,35,61,187,26,39,34,000,49,3*79
$GBGSV,3,1,09,12,21,097,27,19,23,068,18,22,09,018,22,24,23,228,24,5*75
$GBGSV,3,2,09,26,53,277,18,29,26,122,43,31,33,260,22,35,61,187,26,5*77
$GBGSV,3,3,09,39,34,000,45,5*47
$GBGSV,3,1,10,12,21,097,29,19,23,068,25,20,15,116,23,22,09,018,16,8*7F
$GBGSV,3,2,10,24,23,228,25,26,53,277,20,29,26,122,46,31,33,260,19,8*77
$GBGSV,3,3,10,35,61,187,25,39,34,000,46,8*79
$GBGSV,1,1,01,11,06,113,,0*43
$GNGLL,3001.74228,S,05112.75036,W,165633.00,A,D*70
$GNRMC,165634.00,A,3001.74228,S,05112.75036,W,0.004,,090926,,,F,V*16
$GNVTG,,T,,M,0.004,N,0.008,K,D*34
$GNGGA,165634.00,3001.74228,S,05112.75036,W,5,12,1.36,47.3,M,4.8,M,2.0,0920*6F
$GNGSA,M,3,05,12,13,23,25,26,29,31,,,,,2.37,1.36,1.94,1*0C
$GNGSA,M,3,16,25,36,02,10,11,,,,,,,2.37,1.36,1.94,3*07
$GNGSA,M,3,12,19,24,26,29,31,35,39,,,,,2.37,1.36,1.94,4*0A
$GPGSV,2,1,07,05,39,120,47,12,23,037,40,23,22,356,44,25,57,022,52,1*6E
$GPGSV,2,2,07,26,23,224,27,29,58,155,31,31,21,256,30,1*51
$GPGSV,2,1,08,05,39,120,43,12,23,037,25,13,17,032,26,23,22,356,39,6*68
$GPGSV,2,2,08,25,57,022,46,28,24,289,12,29,58,155,17,31,21,256,13,6*63
$GPGSV,2,1,06,13,17,032,29,18,66,268,25,23,22,356,42,25,57,022,54,8*67
$GPGSV,2,2,06,26,23,224,23,28,24,289,21,8*67
$GPGSV,1,1,03,15,07,056,,20,00,082,,21,10,140,,0*59
$GAGSV,2,1,07,02,30,221,21,10,39,143,38,11,68,157,28,16,41,046,39,1*79
$GAGSV,2,2,07,25,86,178,33,34,06,313,15,36,55,303,16,1*43
$GAGSV,1,1,03,14,22,092,34,16,41,046,48,25,86,178,35,5*46
$GAGSV,2,1,05,10,39,143,33,11,68,157,18,14,22,092,30,16,41,046,46,7*73
$GAGSV,2,2,05,25,86,178,32,7*40
$GAGSV,1,1,01,12,16,139,,0*4A
$GBGSV,2,1,06,12,21,097,28,19,23,068,25,22,09,018,25,29,26,122,43,3*7B
$GBGSV,2,2,06,35,61,187,26,39,34,000,49,3*79
$GBGSV,3,1,09,12,21,097,27,19,23,068,19,22,09,018,22,24,23,228,24,5*74
$GBGSV,3,2,09,26,53,277,18,29,26,122,43,31,33,260,21,35,61,187,26,5*74
$GBGSV,3,3,09,39,34,000,45,5*47
$GBGSV,3,1,10,12,21,097,29,19,23,068,25,20,15,116,23,22,09,018,16,8*7F
$GBGSV,3,2,10,24,23,228,25,26,53,277,20,29,26,122,46,31,33,260,20,8*7D
$GBGSV,3,3,10,35,61,187,25,39,34,000,47,8*78
$GBGSV,1,1,01,11,06,113,,0*43
$GNGLL,3001.74228,S,05112.75036,W,165634.00,A,D*77
$GNRMC,165635.00,A,3001.74228,S,05112.75036,W,0.008,,090926,,,F,V*1B
$GNVTG,,T,,M,0.008,N,0.015,K,D*34
$GNGGA,165635.00,3001.74228,S,05112.75036,W,5,12,1.36,47.3,M,4.8,M,2.0,0920*6E
$GNGSA,M,3,05,12,13,23,25,26,29,31,,,,,2.37,1.36,1.94,1*0C
$GNGSA,M,3,16,25,36,02,10,11,,,,,,,2.37,1.36,1.94,3*07
$GNGSA,M,3,12,19,24,26,29,35,39,,,,,,2.37,1.36,1.94,4*08
$GPGSV,2,1,07,05,39,120,47,12,23,037,40,23,22,356,44,25,57,022,52,1*6E
$GPGSV,2,2,07,26,23,224,27,29,58,155,30,31,21,256,30,1*50
$GPGSV,2,1,08,05,39,120,43,12,23,037,25,13,17,032,26,23,22,356,39,6*68
$GPGSV,2,2,08,25,57,022,46,28,24,289,10,29,58,155,16,31,21,256,13,6*60
$GPGSV,2,1,06,13,17,032,29,18,66,268,25,23,22,356,42,25,57,022,54,8*67
$GPGSV,2,2,06,26,23,224,23,28,24,289,21,8*67
$GPGSV,1,1,03,15,07,056,,20,00,082,,21,10,140,,0*59
$GAGSV,2,1,07,02,30,221,21,10,39,143,38,11,68,157,28,16,41,046,39,1*79
$GAGSV,2,2,07,25,86,178,32,34,06,313,15,36,55,303,17,1*43
$GAGSV,1,1,03,14,22,092,34,16,41,046,48,25,86,178,35,5*46
$GAGSV,2,1,05,10,39,143,33,11,68,157,17,14,22,092,30,16,41,046,46,7*7C
$GAGSV,2,2,05,25,86,178,31,7*43
$GAGSV,1,1,01,12,16,139,,0*4A
$GBGSV,2,1,06,12,21,097,27,19,23,068,25,22,09,018,25,29,26,122,43,3*74
$GBGSV,2,2,06,35,61,187,27,39,34,000,49,3*78
$GBGSV,3,1,09,12,21,097,27,19,23,068,18,22,09,018,22,24,23,228,23,5*72
$GBGSV,3,2,09,26,53,277,19,29,26,122,43,31,33,260,21,35,61,187,26,5*75
$GBGSV,3,3,09,39,34,000,45,5*47
$GBGSV,3,1,10,12,21,097,29,19,23,068,25,20,15,116,23,22,09,018,17,8*7E
$GBGSV,3,2,10,24,23,228,25,26,53,277,20,29,26,122,46,31,33,260,18,8*76
$GBGSV,3,3,10,35,61,187,25,39,34,000,46,8*79
$GBGSV,1,1,01,11,06,113,,0*43
$GNGLL,3001.74228,S,05112.75036,W,165635.00,A,D*76
$GNRMC,165636.00,A,3001.74228,S,05112.75036,W,0.017,,090926,,,F,V*16
$GNVTG,,T,,M,0.017,N,0.031,K,D*3C
$GNGGA,165636.00,3001.74228,S,05112.75036,W,5,12,1.36,47.3,M,4.8,M,2.0,0920*6D
$GNGSA,M,3,05,12,13,23,25,26,29,31,,,,,2.37,1.36,1.94,1*0C
$GNGSA,M,3,16,25,36,02,10,11,,,,,,,2.37,1.36,1.94,3*07
$GNGSA,M,3,12,19,24,26,29,31,35,39,,,,,2.37,1.36,1.94,4*0A
$GPGSV,2,1,07,05,39,120,47,12,23,037,40,23,22,356,44,25,57,022,52,1*6E
$GPGSV,2,2,07,26,23,224,27,29,58,155,31,31,21,256,30,1*51
$GPGSV,2,1,08,05,39,120,43,12,23,037,25,13,17,032,26,23,22,356,39,6*68
$GPGSV,2,2,08,25,57,022,46,28,24,289,08,29,58,155,15,31,21,256,14,6*6D
$GPGSV,2,1,06,13,17,032,29,18,66,268,25,23,22,356,42,25,57,022,54,8*67
$GPGSV,2,2,06,26,23,224,23,28,24,289,21,8*67
$GPGSV,1,1,03,15,07,056,,20,00,082,,21,10,140,,0*59
$GAGSV,2,1,08,02,30,221,20,10,39,143,38,11,68,157,28,14,22,092,18,1*7A
$GAGSV,2,2,08,16,41,046,39,25,86,178,32,34,06,313,14,36,55,303,16,1*76
$GAGSV,1,1,03,14,22,092,34,16,41,046,48,25,86,178,35,5*46
$GAGSV,2,1,05,10,39,143,33,11,68,157,17,14,22,092,29,16,41,046,46,7*74
$GAGSV,2,2,05,25,86,178,32,7*40
$GAGSV,1,1,01,12,16,139,,0*4A
$GBGSV,2,1,07,12,21,097,27,19,23,068,25,22,09,018,25,24,23,228,21,3*70
$GBGSV,2,2,07,29,25,122,43,35,61,187,27,39,34,000,49,3*43
$GBGSV,3,1,09,12,21,097,27,19,23,068,17,22,09,018,21,24,23,228,23,5*7E
$GBGSV,3,2,09,26,53,277,19,29,25,122,43,31,33,260,21,35,61,187,25,5*75
$GBGSV,3,3,09,39,34,000,45,5*47
$GBGSV,3,1,10,12,21,097,29,19,23,068,25,20,15,116,23,22,09,018,15,8*7C
$GBGSV,3,2,10,24,23,228,25,26,53,277,20,29,25,122,46,31,33,260,19,8*74
$GBGSV,3,3,10,35,61,187,25,39,34,000,46,8*79
$GBGSV,1,1,01,11,06,113,,0*43
$GNGLL,3001.74228,S,05112.75036,W,165636.00,A,D*75
$GNRMC,165637.00,A,3001.74228,S,05112.75036,W,0.014,,090926,,,F,V*14
$GNVTG,,T,,M,0.014,N,0.025,K,D*3A
$GNGGA,165637.00,3001.74228,S,05112.75036,W,5,12,1.36,47.3,M,4.8,M,2.0,0920*6C
$GNGSA,M,3,05,12,13,23,25,26,29,31,,,,,2.37,1.36,1.94,1*0C
$GNGSA,M,3,16,25,36,02,10,11,,,,,,,2.37,1.36,1.94,3*07
$GNGSA,M,3,12,19,24,26,29,31,35,39,,,,,2.37,1.36,1.94,4*0A
$GPGSV,2,1,07,05,39,120,47,12,23,037,40,23,22,356,44,25,57,022,52,1*6E
$GPGSV,2,2,07,26,23,224,26,29,58,155,31,31,21,256,30,1*50
$GPGSV,2,1,07,05,39,120,43,12,23,037,25,13,17,032,26,23,22,356,39,6*67
$GPGSV,2,2,07,25,57,022,46,29,58,155,14,31,21,256,13,6*53
$GPGSV,2,1,06,13,17,032,29,18,66,268,25,23,22,356,42,25,57,022,54,8*67
$GPGSV,2,2,06,26,23,224,23,28,24,289,22,8*64
$GPGSV,1,1,03,15,07,056,,20,00,082,,21,10,140,,0*59
$GAGSV,2,1,08,02,30,221,20,10,39,143,38,11,68,157,27,14,22,092,18,1*75
$GAGSV,2,2,08,16,41,046,39,25,86,178,32,34,06,313,14,36,55,303,15,1*75
$GAGSV,1,1,03,14,22,092,34,16,41,046,48,25,86,178,35,5*46
$GAGSV,2,1,05,10,39,143,33,11,68,157,17,14,22,092,29,16,41,046,46,7*74
$GAGSV,2,2,05,25,86,178,31,7*43
$GAGSV,1,1,01,12,16,139,,0*4A
$GBGSV,2,1,07,12,21,097,27,19,23,068,25,22,09,018,25,24,23,228,20,3*71
$GBGSV,2,2,07,29,25,122,43,35,61,187,27,39,34,000,49,3*43
$GBGSV,3,1,09,12,21,097,27,19,23,068,17,22,09,018,21,24,23,228,24,5*79
$GBGSV,3,2,09,26,53,277,18,29,25,122,43,31,33,260,21,35,61,187,25,5*74
$GBGSV,3,3,09,39,34,000,45,5*47
$GBGSV,3,1,10,12,21,097,29,19,23,068,25,20,15,116,23,22,09,018,16,8*7F
$GBGSV,3,2,10,24,23,228,25,26,53,277,20,29,25,122,46,31,33,260,19,8*74
$GBGSV,3,3,10,35,61,187,26,39,34,000,46,8*7A
$GBGSV,1,1,01,11,06,113,,0*43
$GNGLL,3001.74228,S,05112.75036,W,165637.00,A,D*74
$GNRMC,165638.00,A,3001.74228,S,05112.75036,W,0.009,,090926,,,F,V*17
$GNVTG,,T,,M,0.009,N,0.017,K,D*37
$GNGGA,165638.00,3001.74228,S,05112.75036,W,5,12,1.36,47.3,M,4.8,M,2.0,0920*63
$GNGSA,M,3,05,12,13,23,25,26,29,31,,,,,2.37,1.36,1.94,1*0C
$GNGSA,M,3,16,25,36,02,10,11,,,,,,,2.37,1.36,1.94,3*07
$GNGSA,M,3,12,19,24,26,29,35,39,,,,,,2.37,1.36,1.94,4*08
$GPGSV,2,1,07,05,39,120,47,12,23,037,40,23,22,356,44,25,57,022,52,1*6E
$GPGSV,2,2,07,26,23,224,26,29,58,155,31,31,21,256,30,1*50
$GPGSV,2,1,07,05,39,120,43,12,23,037,25,13,17,032,25,23,22,356,39,6*64
$GPGSV,2,2,07,25,57,022,46,26,23,224,17,29,58,155,14,6*56
$GPGSV,2,1,06,13,17,032,29,18,66,268,26,23,22,356,42,25,57,022,54,8*64
$GPGSV,2,2,06,26,23,224,22,28,24,289,22,8*65
$GPGSV,1,1,03,15,07,056,,20,00,082,,21,10,140,,0*59
$GAGSV,2,1,08,02,30,221,20,10,39,143,38,11,68,157,27,14,22,092,19,1*74
$GAGSV,2,2,08,16,41,046,39,25,86,178,33,34,06,313,13,36,55,303,16,1*70
$GAGSV,1,1,03,14,22,092,34,16,41,046,48,25,86,178,35,5*46
$GAGSV,2,1,05,10,39,143,33,11,68,157,17,14,22,092,29,16,41,046,46,7*74
$GAGSV,2,2,05,25,86,178,31,7*43
$GAGSV,1,1,01,12,16,139,,0*4A
$GBGSV,2,1,07,12,21,097,27,19,23,068,25,22,09,018,25,24,23,228,20,3*71
$GBGSV,2,2,07,29,25,122,43,35,61,187,27,39,34,000,49,3*43
$GBGSV,3,1,09,12,21,097,27,19,23,068,15,22,09,018,21,24,23,228,24,5*7B
$GBGSV,3,2,09,26,53,277,18,29,25,122,43,31,34,259,21,35,61,187,25,5*79
$GBGSV,3,3,09,39,34,000,45,5*47
$GBGSV,3,1,10,12,21,097,29,19,23,068,25,20,15,116,23,22,09,018,15,8*7C
$GBGSV,3,2,10,24,23,228,25,26,53,277,20,29,25,122,47,31,34,259,20,8*72
$GBGSV,3,3,10,35,61,187,26,39,34,000,46,8*7A
$GBGSV,1,1,01,11,06,113,,0*43
$GNGLL,3001.74228,S,05112.75036,W,165638.00,A,D*7B
$GNRMC,165639.00,A,3001.74228,S,05112.75036,W,0.005,,090926,,,F,V*1A
$GNVTG,,T,,M,0.005,N,0.010,K,D*3C
$GNGGA,165639.00,3001.74228,S,05112.75036,W,5,12,1.36,47.3,M,4.8,M,2.0,0920*62
$GNGSA,M,3,05,12,13,23,25,26,29,31,,,,,2.37,1.36,1.94,1*0C
$GNGSA,M,3,16,25,36,02,10,11,,,,,,,2.37,1.36,1.94,3*07
$GNGSA,M,3,12,19,24,26,29,31,35,39,,,,,2.37,1.36,1.94,4*0A
$GPGSV,2,1,07,05,39,120,47,12,23,037,40,23,22,356,44,25,57,022,52,1*6E
$GPGSV,2,2,07,26,23,224,26,29,58,155,31,31,21,256,30,1*50
$GPGSV,2,1,07,05,39,120,43,12,23,037,25,13,17,032,25,23,22,356,39,6*64
$GPGSV,2,2,07,25,57,022,46,26,23,224,16,29,58,155,14,6*57
$GPGSV,2,1,06,13,17,032,29,18,66,268,26,23,22,356,42,25,57,022,54,8*64
$GPGSV,2,2,06,26,23,224,23,28,24,289,22,8*64
$GPGSV,1,1,03,15,07,056,,20,00,082,,21,10,140,,0*59
$GAGSV,2,1,08,02,30,221,20,10,39,143,38,11,68,157,28,14,22,092,18,1*7A
$GAGSV,2,2,08,16,41,046,39,25,86,178,32,34,06,313,14,36,55,303,16,1*76
$GAGSV,1,1,03,14,22,092,34,16,41,046,48,25,86,178,35,5*46
$GAGSV,2,1,05,10,39,143,33,11,68,157,18,14,22,092,29,16,41,046,46,7*7B
$GAGSV,2,2,05,25,86,178,31,7*43
$GAGSV,1,1,01,12,16,139,,0*4A
$GBGSV,2,1,07,12,21,097,27,19,23,068,25,22,09,018,25,24,23,228,21,3*70
$GBGSV,2,2,07,29,25,122,43,35,61,187,27,39,34,000,49,3*43
$GBGSV,3,1,09,12,21,097,27,19,23,068,16,22,09,018,21,24,23,228,24,5*78
$GBGSV,3,2,09,26,53,277,18,29,25,122,43,31,34,259,22,35,61,187,25,5*7A
$GBGSV,3,3,09,39,34,000,45,5*47
$GBGSV,3,1,10,12,21,097,28,19,23,068,25,20,15,116,22,22,09,018,15,8*7C
$GBGSV,3,2,10,24,23,228,25,26,53,277,19,29,25,122,46,31,34,259,20,8*79
$GBGSV,3,3,10,35,61,187,26,39,34,000,46,8*7A
$GBGSV,1,1,01,11,06,113,,0*43
$GNGLL,3001.74228,S,05112.75036,W,165639.00,A,D*7A
$GNRMC,165640.00,A,3001.74228,S,05112.75036,W,0.026,,090926,,,F,V*15
$GNVTG,,T,,M,0.026,N,0.048,K,D*30
$GNGGA,165640.00,3001.74228,S,05112.75036,W,5,12,1.24,47.3,M,4.8,M,2.0,0920*6F
$GNGSA,M,3,05,12,13,18,23,25,26,29,31,,,,2.28,1.24,1.92,1*0E
$GNGSA,M,3,16,25,36,02,10,11,,,,,,,2.28,1.24,1.92,3*0C
$GNGSA,M,3,12,19,24,26,29,35,39,,,,,,2.28,1.24,1.92,4*03
$GPGSV,2,1,08,05,39,120,48,12,23,037,40,18,66,268,21,23,22,356,43,1*6D
$GPGSV,2,2,08,25,57,022,52,26,23,224,26,29,58,155,31,31,21,256,30,1*6D
$GPGSV,2,1,07,05,39,120,43,12,23,037,25,13,17,032,25,23,22,356,39,6*64
$GPGSV,2,2,07,25,57,022,46,26,23,224,15,29,58,155,15,6*55
$GPGSV,2,1,06,13,17,032,29,18,66,268,26,23,22,356,42,25,57,022,54,8*64
$GPGSV,2,2,06,26,23,224,23,28,24,289,22,8*64
$GPGSV,1,1,03,15,07,056,,20,00,082,,21,10,140,,0*59
$GAGSV,2,1,08,02,30,221,20,10,39,143,38,11,68,157,28,14,22,092,17,1*75
$GAGSV,2,2,08,16,41,046,39,25,86,178,33,34,06,313,14,36,55,303,17,1*76
$GAGSV,1,1,03,14,22,092,34,16,41,046,48,25,86,178,35,5*46
$GAGSV,2,1,05,10,39,143,33,11,68,157,18,14,22,092,29,16,41,046,46,7*7B
$GAGSV,2,2,05,25,86,178,31,7*43
$GAGSV,1,1,01,12,16,139,,0*4A
$GBGSV,2,1,07,12,21,097,27,19,23,068,25,22,09,018,25,24,23,228,22,3*73
$GBGSV,2,2,07,29,25,122,43,35,61,187,27,39,34,000,49,3*43
$GBGSV,3,1,09,12,21,097,28,19,23,068,16,22,09,018,21,24,23,228,24,5*77
$GBGSV,3,2,09,26,53,277,18,29,25,122,43,31,34,259,21,35,61,187,25,5*79
$GBGSV,3,3,09,39,34,000,45,5*47
$GBGSV,3,1,10,12,21,097,28,19,23,068,25,20,15,116,22,22,09,018,14,8*7D
$GBGSV,3,2,10,24,23,228,26,26,53,277,18,29,25,122,47,31,34,259,20,8*7A
$GBGSV,3,3,10,35,61,187,26,39,34,000,46,8*7A
$GBGSV,1,1,01,11,06,113,,0*43
$GNGLL,3001.74228,S,05112.75036,W,165640.00,A,D*74
$GNRMC,165641.00,A,3001.74228,S,05112.75036,W,0.022,,090926,,,F,V*10
$GNVTG,,T,,M,0.022,N,0.040,K,D*3C
$GNGGA,165641.00,3001.74228,S,05112.75036,W,5,12,1.16,47.3,M,4.8,M,2.0,0920*6F
$GNGSA,M,3,05,12,13,18,23,25,26,29,31,,,,2.21,1.16,1.89,1*0C
$GNGSA,M,3,16,25,36,02,10,11,,,,,,,2.21,1.16,1.89,3*0E
$GNGSA,M,3,12,19,24,26,29,31,35,39,,,,,2.21,1.16,1.89,4*03
$GPGSV,2,1,08,05,39,120,47,12,23,037,40,18,66,268,21,23,22,356,43,1*62
$GPGSV,2,2,08,25,57,022,52,26,23,224,26,29,58,155,31,31,21,256,30,1*6D
$GPGSV,2,1,07,05,39,120,43,12,23,037,25,13,17,032,25,23,22,356,39,6*64
$GPGSV,2,2,07,25,57,022,46,26,23,224,15,29,58,155,14,6*54
$GPGSV,2,1,06,13,17,032,28,18,66,268,26,23,22,356,42,25,57,022,54,8*65
$GPGSV,2,2,06,26,23,224,22,28,24,289,22,8*65
$GPGSV,1,1,03,15,07,056,,20,00,082,,21,10,140,,0*59
$GAGSV,2,1,08,02,30,221,20,10,39,143,38,11,68,157,28,14,22,092,18,1*7A
$GAGSV,2,2,08,16,41,046,39,25,86,178,33,34,06,313,13,36,55,303,16,1*70
$GAGSV,1,1,03,14,22,092,34,16,41,046,48,25,86,178,35,5*46
$GAGSV,2,1,05,10,39,143,33,11,68,157,18,14,22,092,29,16,41,046,46,7*7B
$GAGSV,2,2,05,25,86,178,31,7*43
$GAGSV,1,1,01,12,16,139,,0*4A
$GBGSV,2,1,07,12,21,097,27,19,23,068,25,22,09,018,25,24,23,228,22,3*73
$GBGSV,2,2,07,29,25,122,43,35,61,187,27,39,34,000,49,3*43
$GBGSV,3,1,09,12,21,097,27,19,23,068,17,22,09,018,21,24,23,228,24,5*79
$GBGSV,3,2,09,26,53,277,19,29,25,122,43,31,34,259,21,35,61,187,25,5*78
$GBGSV,3,3,09,39,34,000,45,5*47
$GBGSV,3,1,10,12,21,097,28,19,23,068,25,20,15,116,22,22,09,018,15,8*7C
$GBGSV,3,2,10,24,23,228,25,26,53,277,18,29,25,122,46,31,34,259,19,8*72
$GBGSV,3,3,10,35,61,187,26,39,34,000,46,8*7A
$GBGSV,1,1,01,11,06,113,,0*43
$GNGLL,3001.74228,S,05112.75036,W,165641.00,A,D*75
$GNRMC,165642.00,A,3001.74228,S,05112.75036,W,0.009,,090926,,,F,V*1A
$GNVTG,,T,,M,0.009,N,0.016,K,D*36
$GNGGA,165642.00,3001.74228,S,05112.75036,W,5,12,1.22,47.3,M,4.8,M,2.0,0920*6B
$GNGSA,M,3,05,12,13,18,23,25,26,29,31,,,,2.25,1.22,1.90,1*07
$GNGSA,M,3,16,25,36,02,10,11,,,,,,,2.25,1.22,1.90,3*05
$GNGSA,M,3,12,19,24,26,29,35,39,,,,,,2.25,1.22,1.90,4*0A
$GPGSV,2,1,08,05,39,120,47,12,23,037,40,18,66,268,21,23,22,356,44,1*65
$GPGSV,2,2,08,25,57,022,52,26,23,224,26,29,58,155,31,31,21,256,30,1*6D
$GPGSV,2,1,07,05,39,120,43,12,23,037,25,13,17,032,25,23,22,356,40,6*6A
$GPGSV,2,2,07,25,57,022,46,26,23,224,16,29,58,155,15,6*56
$GPGSV,2,1,06,13,17,032,28,18,66,268,26,23,22,356,42,25,57,022,54,8*65
$GPGSV,2,2,06,26,23,224,23,28,24,289,21,8*67
$GPGSV,1,1,03,15,07,056,,20,00,082,,21,10,140,,0*59
$GAGSV,2,1,08,02,30,221,20,10,39,143,38,11,68,157,28,14,22,092,19,1*7B
$GAGSV,2,2,08,16,41,046,39,25,86,178,33,34,06,313,11,36,55,303,16,1*72
$GAGSV,1,1,03,14,22,092,34,16,41,046,48,25,86,178,35,5*46
$GAGSV,2,1,05,10,39,143,33,11,68,157,19,14,22,092,29,16,41,046,46,7*7A
$GAGSV,2,2,05,25,86,178,31,7*43
$GAGSV,1,1,01,12,16,139,,0*4A
$GBGSV,2,1,07,12,21,097,26,19,23,068,25,22,09,018,25,24,23,228,22,3*72
$GBGSV,2,2,07,29,25,122,43,35,61,186,28,39,34,000,49,3*4D
$GBGSV,3,1,09,12,21,097,28,19,23,068,16,22,09,018,21,24,23,228,24,5*77
$GBGSV,3,2,09,26,53,277,18,29,25,122,43,31,34,259,21,35,61,186,25,5*78
$GBGSV,3,3,09,39,34,000,45,5*47
$GBGSV,3,1,10,12,21,097,28,19,23,068,25,20,15,116,22,22,09,018,15,8*7C
$GBGSV,3,2,10,24,23,228,25,26,53,277,17,29,25,122,47,31,34,259,19,8*7C
$GBGSV,3,3,10,35,61,186,26,39,34,000,47,8*7A
$GBGSV,1,1,01,11,06,113,,0*43
$GNGLL,3001.74228,S,05112.75036,W,165642.00,A,D*76
$GNRMC,165643.00,A,3001.74228,S,05112.75036,W,0.007,,090926,,,F,V*15
$GNVTG,,T,,M,0.007,N,0.013,K,D*3D
$GNGGA,165643.00,3001.74228,S,05112.75036,W,5,12,1.16,47.3,M,4.8,M,2.0,0920*6D
$GNGSA,M,3,05,12,13,18,23,25,26,29,31,,,,2.22,1.16,1.89,1*0F
$GNGSA,M,3,16,25,36,02,10,11,,,,,,,2.22,1.16,1.89,3*0D
$GNGSA,M,3,12,19,24,26,29,31,35,39,,,,,2.22,1.16,1.89,4*00
$GPGSV,2,1,08,05,39,120,47,12,23,037,40,18,66,268,20,23,22,356,43,1*63
$GPGSV,2,2,08,25,57,022,52,26,23,224,26,29,58,155,31,31,21,256,30,1*6D
$GPGSV,2,1,07,05,39,120,43,12,23,037,25,13,17,032,25,23,22,356,40,6*6A
$GPGSV,2,2,07,25,57,022,46,26,23,224,17,29,58,155,16,6*54
$GPGSV,2,1,06,13,17,032,28,18,66,268,26,23,22,356,42,25,57,022,54,8*65
$GPGSV,2,2,06,26,23,224,23,28,24,289,21,8*67
$GPGSV,1,1,03,15,07,056,,20,00,082,,21,10,140,,0*59
$GAGSV,2,1,08,02,30,221,20,10,39,143,38,11,68,157,28,14,22,092,19,1*7B
$GAGSV,2,2,08,16,41,046,39,25,86,178,33,34,06,313,10,36,55,303,16,1*73
$GAGSV,1,1,03,14,22,092,34,16,41,046,48,25,86,178,35,5*46
$GAGSV,2,1,05,10,39,143,33,11,68,157,19,14,22,092,28,16,41,046,46,7*7B
$GAGSV,2,2,05,25,86,178,31,7*43
$GAGSV,1,1,01,12,16,139,,0*4A
$GBGSV,2,1,07,12,21,097,26,19,23,068,24,22,09,018,25,24,23,228,22,3*73
$GBGSV,2,2,07,29,25,122,43,35,61,186,28,39,34,000,49,3*4D
$GBGSV,3,1,09,12,21,097,27,19,23,068,16,22,09,018,20,24,23,228,23,5*7E
$GBGSV,3,2,09,26,53,277,18,29,25,122,43,31,34,259,21,35,61,186,25,5*78
$GBGSV,3,3,09,39,34,000,45,5*47
$GBGSV,3,1,10,12,21,097,28,19,23,068,25,20,15,116,23,22,09,018,16,8*7E
$GBGSV,3,2,10,24,23,228,25,26,53,277,17,29,25,122,47,31,34,259,19,8*7C
$GBGSV,3,3,10,35,61,186,26,39,34,000,47,8*7A
$GBGSV,1,1,01,11,06,113,,0*43
$GNGLL,3001.74228,S,05112.75036,W,165643.00,A,D*77
$GNRMC,165644.00,A,3001.74228,S,05112.75036,W,0.023,,090926,,,F,V*14
$GNVTG,,T,,M,0.023,N,0.042,K,D*3F
$GNGGA,165644.00,3001.74228,S,05112.75036,W,5,12,1.16,47.4,M,4.8,M,2.0,0920*6D
$GNGSA,M,3,05,12,13,18,23,25,26,29,31,,,,2.22,1.16,1.89,1*0F
$GNGSA,M,3,16,25,36,02,10,11,,,,,,,2.22,1.16,1.89,3*0D
$GNGSA,M,3,12,19,24,26,29,31,35,39,,,,,2.22,1.16,1.89,4*00
$GPGSV,2,1,08,05,39,120,47,12,23,037,40,18,66,268,21,23,22,356,44,1*65
$GPGSV,2,2,08,25,57,022,52,26,23,224,26,29,58,155,31,31,21,256,30,1*6D
$GPGSV,1,1,01,28,24,289,15,5*5A
$GPGSV,2,1,07,05,39,120,43,12,23,037,25,13,17,032,24,23,22,356,39,6*65
$GPGSV,2,2,07,25,57,022,46,26,23,224,18,29,58,155,15,6*58
$GPGSV,2,1,06,13,17,032,28,18,66,268,27,23,22,356,42,25,57,022,54,8*64
$GPGSV,2,2,06,26,23,224,23,28,24,289,20,8*66
$GPGSV,1,1,03,15,07,056,,20,00,082,,21,10,140,,0*59
$GAGSV,2,1,07,02,30,221,21,10,39,143,38,11,68,157,28,14,22,092,19,1*75
$GAGSV,2,2,07,16,41,046,39,25,86,178,33,36,55,303,17,1*4C
$GAGSV,1,1,03,14,22,092,33,16,41,046,48,25,86,178,35,5*41
$GAGSV,2,1,05,10,39,143,33,11,68,157,18,14,22,092,28,16,41,046,46,7*7A
$GAGSV,2,2,05,25,86,178,31,7*43
$GAGSV,1,1,02,12,16,139,,34,06,313,,0*79
$GBGSV,2,1,07,12,21,097,26,19,23,068,24,22,09,018,25,24,23,228,22,3*73
$GBGSV,2,2,07,29,25,122,43,35,61,186,28,39,34,000,49,3*4D
$GBGSV,3,1,09,12,21,097,28,19,23,068,16,22,09,018,21,24,23,228,24,5*77
$GBGSV,3,2,09,26,53,277,18,29,25,122,43,31,34,259,21,35,61,186,24,5*79
$GBGSV,3,3,09,39,34,000,45,5*47
$GBGSV,3,1,10,12,21,097,27,19,23,068,25,20,15,116,23,22,09,018,15,8*72
$GBGSV,3,2,10,24,23,228,25,26,53,277,17,29,25,122,47,31,34,259,19,8*7C
$GBGSV,3,3,10,35,61,186,27,39,34,000,46,8*7A
$GBGSV,1,1,01,11,06,113,,0*43
$GNGLL,3001.74228,S,05112.75036,W,165644.00,A,D*70
$GNRMC,165645.00,A,3001.74228,S,05112.75036,W,0.003,,090926,,,F,V*17
$GNVTG,,T,,M,0.003,N,0.005,K,D*3E
$GNGGA,165645.00,3001.74228,S,05112.75036,W,5,12,1.37,47.4,M,4.8,M,2.0,0920*6F
$GNGSA,M,3,05,12,13,18,23,25,26,29,31,,,,2.37,1.37,1.94,1*04
$GNGSA,M,3,16,25,36,02,10,11,,,,,,,2.37,1.37,1.94,3*06
$GNGSA,M,3,12,19,24,26,29,31,35,39,,,,,2.37,1.37,1.94,4*0B
$GPGSV,2,1,08,05,39,120,47,12,23,037,40,18,66,268,21,23,22,356,44,1*65
$GPGSV,2,2,08,25,57,022,52,26,23,224,26,29,58,155,31,31,21,256,30,1*6D
$GPGSV,1,1,01,28,24,289,15,5*5A
$GPGSV,2,1,07,05,39,120,43,12,23,037,26,13,17,032,24,23,22,356,40,6*68
$GPGSV,2,2,07,25,57,022,46,26,23,224,19,29,58,155,15,6*59
$GPGSV,2,1,06,13,17,032,28,18,66,268,26,23,22,356,42,25,57,022,54,8*65
$GPGSV,2,2,06,26,23,224,22,28,24,289,20,8*67
$GPGSV,1,1,03,15,07,056,,20,00,082,,21,10,140,,0*59
$GAGSV,2,1,07,02,30,221,20,10,39,143,38,11,68,157,28,14,22,092,20,1*7E
$GAGSV,2,2,07,16,41,046,39,25,86,178,33,36,55,303,17,1*4C
$GAGSV,1,1,03,14,22,092,33,16,41,046,48,25,86,178,35,5*41
$GAGSV,2,1,05,10,39,143,33,11,68,157,18,14,22,092,28,16,41,046,46,7*7A
$GAGSV,2,2,05,25,86,178,31,7*43
$GAGSV,1,1,02,12,16,139,,34,06,313,,0*79
$GBGSV,2,1,07,12,21,097,26,19,23,068,24,22,09,018,25,24,23,228,22,3*73
$GBGSV,2,2,07,29,25,122,43,35,61,186,28,39,34,000,49,3*4D
$GBGSV,3,1,09,12,21,097,28,19,23,068,16,22,09,018,21,24,23,228,23,5*70
$GBGSV,3,2,09,26,53,277,19,29,25,122,43,31,34,259,21,35,61,186,24,5*78
$GBGSV,3,3,09,39,34,000,45,5*47
$GBGSV,3,1,10,12,21,097,27,19,23,068,25,20,15,116,23,22,09,018,15,8*72
$GBGSV,3,2,10,24,23,228,24,26,53,277,17,29,25,122,47,31,34,259,19,8*7D
$GBGSV,3,3,10,35,61,186,27,39,34,000,46,8*7A
$GBGSV,1,1,01,11,06,113,,0*43
$GNGLL,3001.74228,S,05112.75036,W,165645.00,A,D*71
$GNRMC,165646.00,A,3001.74227,S,05112.75035,W,0.011,,090926,,,F,V*1B
$GNVTG,,T,,M,0.011,N,0.020,K,D*3A
$GNGGA,165646.00,3001.74227,S,05112.75035,W,5,12,1.22,47.4,M,4.8,M,2.0,0920*64
$GNGSA,M,3,05,12,13,18,23,25,26,29,31,,,,2.25,1.22,1.90,1*07
$GNGSA,M,3,16,25,36,02,10,11,,,,,,,2.25,1.22,1.90,3*05
$GNGSA,M,3,12,19,24,26,29,31,35,39,,,,,2.25,1.22,1.90,4*08
$GPGSV,2,1,08,05,39,120,47,12,23,037,40,18,66,268,21,23,22,356,44,1*65
$GPGSV,2,2,08,25,57,022,52,26,23,224,26,29,58,155,31,31,21,256,30,1*6D
$GPGSV,2,1,08,05,39,120,43,12,23,037,26,13,17,032,25,23,22,356,40,6*66
$GPGSV,2,2,08,25,57,022,46,26,23,224,19,28,24,289,15,29,58,155,14,6*6C
$GPGSV,2,1,06,13,17,032,28,18,66,268,26,23,22,356,42,25,57,022,54,8*65
$GPGSV,2,2,06,26,23,224,22,28,24,289,20,8*67
$GPGSV,1,1,03,15,07,056,,20,00,082,,21,10,140,,0*59
$GAGSV,2,1,07,02,30,221,21,10,39,143,38,11,68,157,27,14,22,092,19,1*7A
$GAGSV,2,2,07,16,41,046,39,25,86,178,33,36,55,303,17,1*4C
$GAGSV,1,1,03,14,22,092,33,16,41,046,48,25,86,178,35,5*41
$GAGSV,2,1,05,10,39,143,33,11,68,157,18,14,22,092,28,16,41,046,46,7*7A
$GAGSV,2,2,05,25,86,178,31,7*43
$GAGSV,1,1,02,12,16,139,,34,06,313,,0*79
$GBGSV,2,1,07,12,21,097,25,19,23,068,24,22,09,018,25,24,23,228,23,3*71
$GBGSV,2,2,07,29,25,122,43,35,61,186,28,39,33,000,49,3*4A
$GBGSV,3,1,09,12,21,097,28,19,23,068,15,22,09,018,21,24,23,228,23,5*73
$GBGSV,3,2,09,26,53,277,18,29,25,122,43,31,34,259,21,35,61,186,23,5*7E
$GBGSV,3,3,09,39,33,000,45,5*40
$GBGSV,3,1,10,12,21,097,26,19,23,068,26,20,15,116,23,22,09,018,16,8*73
$GBGSV,3,2,10,24,23,228,22,26,53,277,16,29,25,122,47,31,34,259,18,8*7B
$GBGSV,3,3,10,35,61,186,27,39,33,000,46,8*7D
$GBGSV,1,1,01,11,06,113,,0*43
$GNGLL,3001.74227,S,05112.75035,W,165646.00,A,D*7E
$GNRMC,165647.00,A,3001.74228,S,05112.75035,W,0.007,,090926,,,F,V*12
$GNVTG,,T,,M,0.007,N,0.013,K,D*3D
$GNGGA,165647.00,3001.74228,S,05112.75035,W,5,12,1.37,47.4,M,4.8,M,2.0,0920*6E
$GNGSA,M,3,05,12,13,18,23,25,26,29,31,,,,2.37,1.37,1.94,1*04
$GNGSA,M,3,16,25,36,02,10,11,,,,,,,2.37,1.37,1.94,3*06
$GNGSA,M,3,12,19,24,26,29,31,35,39,,,,,2.37,1.37,1.94,4*0B
$GPGSV,2,1,08,05,39,120,47,12,23,037,40,18,66,268,21,23,22,356,44,1*65
$GPGSV,2,2,08,25,57,022,52,26,23,224,26,29,58,155,31,31,21,256,30,1*6D
$GPGSV,2,1,08,05,39,120,43,12,23,037,26,13,17,032,24,23,22,356,40,6*67
$GPGSV,2,2,08,25,57,022,46,26,23,224,20,28,24,289,15,29,58,155,14,6*66
$GPGSV,2,1,06,13,17,032,28,18,66,268,27,23,22,356,42,25,57,022,54,8*64
$GPGSV,2,2,06,26,23,224,23,28,24,289,20,8*66
$GPGSV,1,1,03,15,07,056,,20,00,082,,21,10,140,,0*59
$GAGSV,2,1,07,02,30,221,21,10,39,143,38,11,68,157,28,14,22,092,19,1*75
$GAGSV,2,2,07,16,41,046,39,25,86,178,33,36,55,303,15,1*4E
$GAGSV,1,1,03,14,22,092,33,16,41,046,48,25,86,178,35,5*41
$GAGSV,2,1,05,10,39,143,33,11,68,157,18,14,22,092,28,16,41,046,46,7*7A
$GAGSV,2,2,05,25,86,178,31,7*43
$GAGSV,1,1,02,12,16,139,,34,06,313,,0*79
$GBGSV,2,1,07,12,21,097,25,19,23,068,23,22,09,018,25,24,23,228,25,3*70
$GBGSV,2,2,07,29,25,122,43,35,61,186,28,39,33,000,49,3*4A
$GBGSV,3,1,09,12,21,097,28,19,23,068,16,22,09,018,21,24,23,228,23,5*70
$GBGSV,3,2,09,26,53,277,18,29,25,122,43,31,34,259,21,35,61,186,23,5*7E
$GBGSV,3,3,09,39,33,000,45,5*40
$GBGSV,3,1,10,12,21,097,26,19,23,068,26,20,15,116,23,22,09,018,16,8*73
$GBGSV,3,2,10,24,23,228,22,26,53,277,15,29,25,122,47,31,34,259,18,8*78
$GBGSV,3,3,10,35,61,186,27,39,33,000,46,8*7D
$GBGSV,1,1,01,11,06,113,,0*43
$GNGLL,3001.74228,S,05112.75035,W,165647.00,A,D*70
$GNRMC,165648.00,A,3001.74228,S,05112.75035,W,0.010,,090926,,,F,V*1B
$GNVTG,,T,,M,0.010,N,0.018,K,D*30
$GNGGA,165648.00,3001.74228,S,05112.75035,W,5,12,1.37,47.4,M,4.8,M,2.0,0920*61
$GNGSA,M,3,05,12,13,18,23,25,26,28,29,31,,,2.37,1.37,1.94,1*0E
$GNGSA,M,3,16,25,36,02,10,11,,,,,,,2.37,1.37,1.94,3*06
$GNGSA,M,3,12,19,24,26,29,35,39,,,,,,2.37,1.37,1.94,4*09
$GPGSV,2,1,08,05,39,120,47,12,23,037,40,18,66,268,20,23,22,356,44,1*64
$GPGSV,2,2,08,25,57,022,52,26,23,224,26,29,58,155,31,31,21,256,30,1*6D
$GPGSV,1,1,01,31,21,256,15,5*55
$GPGSV,2,1,08,05,39,120,43,12,23,037,25,13,17,032,24,23,22,356,40,6*64
$GPGSV,2,2,08,25,57,022,46,26,23,224,20,28,24,289,16,29,58,155,13,6*62
$GPGSV,2,1,06,13,17,032,28,18,66,268,27,23,22,356,42,25,57,022,54,8*64
$GPGSV,2,2,06,26,23,224,23,28,24,289,19,8*6C
$GPGSV,1,1,03,15,07,056,,20,00,082,,21,10,140,,0*59
$GAGSV,2,1,07,02,30,221,21,10,39,143,38,11,68,157,28,14,22,092,19,1*75
$GAGSV,2,2,07,16,41,046,39,25,86,178,33,36,55,303,15,1*4E
$GAGSV,1,1,03,14,22,092,33,16,41,046,48,25,86,178,35,5*41
$GAGSV,2,1,05,10,39,143,33,11,68,157,19,14,22,092,27,16,41,046,46,7*74
$GAGSV,2,2,05,25,86,178,31,7*43
$GAGSV,1,1,02,12,16,139,,34,06,313,,0*79
$GBGSV,2,1,07,12,21,097,25,19,23,068,23,22,09,018,25,24,23,228,25,3*70
$GBGSV,2,2,07,29,25,122,43,35,61,186,28,39,33,000,49,3*4A
$GBGSV,3,1,09,12,21,097,28,19,23,068,16,22,09,018,21,24,23,228,23,5*70
$GBGSV,3,2,09,26,53,277,18,29,25,122,43,31,34,259,21,35,61,186,23,5*7E
$GBGSV,3,3,09,39,33,000,45,5*40
$GBGSV,3,1,10,12,21,097,26,19,23,068,26,20,15,116,23,22,09,018,17,8*72
$GBGSV,3,2,10,24,23,228,21,26,53,277,13,29,25,122,47,31,34,259,18,8*7D
$GBGSV,3,3,10,35,61,186,27,39,33,000,46,8*7D
$GBGSV,1,1,01,11,06,113,,0*43
$GNGLL,3001.74228,S,05112.75035,W,165648.00,A,D*7F
$GNRMC,165649.00,A,3001.74228,S,05112.75035,W,0.008,,090926,,,F,V*13
$GNVTG,,T,,M,0.008,N,0.015,K,D*34
$GNGGA,165649.00,3001.74228,S,05112.75035,W,5,12,1.37,47.4,M,4.8,M,2.0,0920*60
$GNGSA,M,3,05,12,13,18,23,25,26,28,29,31,,,2.37,1.37,1.94,1*0E
$GNGSA,M,3,16,25,36,02,10,11,,,,,,,2.37,1.37,1.94,3*06
$GNGSA,M,3,12,19,24,26,29,35,39,,,,,,2.37,1.37,1.94,4*09
$GPGSV,2,1,08,05,39,120,47,12,23,037,40,18,66,268,19,23,22,356,44,1*6E
$GPGSV,2,2,08,25,57,022,52,26,23,224,26,29,58,155,31,31,21,256,29,1*65
$GPGSV,3,1,09,05,39,120,43,12,23,037,25,13,17,032,24,23,22,356,39,6*6A
$GPGSV,3,2,09,25,57,022,46,26,23,224,21,28,24,289,16,29,58,155,15,6*65
$GPGSV,3,3,09,31,21,256,17,6*5C
$GPGSV,2,1,06,13,17,032,28,18,66,268,27,23,22,356,42,25,57,022,54,8*64
$GPGSV,2,2,06,26,23,224,22,28,24,289,19,8*6D
$GPGSV,1,1,03,15,07,056,,20,00,082,,21,10,140,,0*59
$GAGSV,2,1,07,02,30,221,21,10,39,143,39,11,68,157,27,14,22,092,20,1*71
$GAGSV,2,2,07,16,41,046,39,25,86,178,33,36,55,303,15,1*4E
$GAGSV,1,1,03,14,22,092,33,16,41,046,48,25,86,178,35,5*41
$GAGSV,2,1,05,10,39,143,33,11,68,157,18,14,22,092,27,16,41,046,46,7*75
$GAGSV,2,2,05,25,86,178,31,7*43
$GAGSV,1,1,02,12,16,139,,34,06,313,,0*79
$GBGSV,2,1,07,12,21,097,25,19,23,068,24,22,09,018,25,24,23,228,26,3*74
$GBGSV,2,2,07,29,25,122,43,35,61,186,29,39,33,000,49,3*4B
$GBGSV,3,1,09,12,21,097,28,19,23,068,16,22,09,018,20,24,23,228,23,5*71
$GBGSV,3,2,09,26,53,277,18,29,25,122,43,31,34,259,21,35,61,186,24,5*79
$GBGSV,3,3,09,39,33,000,45,5*40
$GBGSV,3,1,10,12,21,097,26,19,23,068,26,20,15,116,23,22,09,018,17,8*72
$GBGSV,3,2,10,24,23,228,21,26,53,277,13,29,25,122,47,31,34,259,18,8*7D
$GBGSV,3,3,10,35,61,186,27,39,33,000,46,8*7D
$GBGSV,1,1,01,11,06,113,,0*43
$GNGLL,3001.74228,S,05112.75035,W,165649.00,A,D*7E
$GNRMC,165650.00,A,3001.74228,S,05112.75035,W,0.014,,090926,,,F,V*16
$GNVTG,,T,,M,0.014,N,0.026,K,D*39
$GNGGA,165650.00,3001.74228,S,05112.75035,W,5,12,1.37,47.4,M,4.8,M,2.0,0920*68
$GNGSA,M,3,05,12,13,18,23,25,26,28,29,31,,,2.37,1.37,1.94,1*0E
$GNGSA,M,3,16,25,36,02,10,11,,,,,,,2.37,1.37,1.94,3*06
$GNGSA,M,3,12,19,24,26,29,31,35,39,,,,,2.37,1.37,1.94,4*0B
$GPGSV,2,1,08,05,39,120,47,12,23,037,40,18,66,268,19,23,22,356,44,1*6E
$GPGSV,2,2,08,25,57,022,52,26,23,224,26,29,58,155,30,31,21,256,29,1*64
$GPGSV,3,1,09,05,39,120,43,12,23,037,25,13,17,032,24,23,22,356,40,6*64
$GPGSV,3,2,09,25,57,022,46,26,23,224,21,28,24,289,16,29,58,155,14,6*64
$GPGSV,3,3,09,31,21,256,18,6*53
$GPGSV,2,1,06,13,17,032,28,18,66,268,27,23,22,356,42,25,57,022,54,8*64
$GPGSV,2,2,06,26,23,224,22,28,24,289,19,8*6D
$GPGSV,1,1,03,15,07,056,,20,00,082,,21,10,140,,0*59
$GAGSV,2,1,07,02,30,221,21,10,39,143,39,11,68,157,27,14,22,092,20,1*71
$GAGSV,2,2,07,16,41,046,39,25,86,178,33,36,55,303,16,1*4D
$GAGSV,1,1,03,14,22,092,32,16,41,046,48,25,86,178,34,5*41
$GAGSV,2,1,05,10,39,143,33,11,68,157,19,14,22,092,27,16,41,046,46,7*74
$GAGSV,2,2,05,25,86,178,31,7*43
$GAGSV,1,1,02,12,16,139,,34,06,313,,0*79
$GBGSV,2,1,07,12,21,097,25,19,23,068,24,22,09,018,25,24,23,228,27,3*75
$GBGSV,2,2,07,29,25,122,43,35,61,186,29,39,33,000,49,3*4B
$GBGSV,3,1,09,12,21,097,28,19,23,068,16,22,09,018,21,24,23,228,23,5*70
$GBGSV,3,2,09,26,53,277,19,29,25,122,43,31,34,259,21,35,61,186,23,5*7F
$GBGSV,3,3,09,39,33,000,45,5*40
$GBGSV,3,1,10,12,21,097,26,19,23,068,26,20,15,116,23,22,09,018,16,8*73
$GBGSV,3,2,10,24,23,228,22,26,53,277,11,29,25,122,47,31,34,259,18,8*7C
$GBGSV,3,3,10,35,61,186,27,39,33,000,46,8*7D
$GBGSV,1,1,01,11,06,113,,0*43
$GNGLL,3001.74228,S,05112.75035,W,165650.00,A,D*76
$GNRMC,165651.00,A,3001.74228,S,05112.75035,W,0.007,,090926,,,F,V*15
$GNVTG,,T,,M,0.007,N,0.014,K,D*3A
$GNGGA,165651.00,3001.74228,S,05112.75035,W,5,12,1.37,47.4,M,4.8,M,2.0,0920*69
$GNGSA,M,3,05,12,13,18,23,25,26,29,31,,,,2.37,1.37,1.94,1*04
$GNGSA,M,3,16,25,36,02,10,11,,,,,,,2.37,1.37,1.94,3*06
$GNGSA,M,3,12,19,24,26,29,31,35,39,,,,,2.37,1.37,1.94,4*0B
$GPGSV,2,1,08,05,39,120,47,12,23,037,40,18,66,268,18,23,22,356,44,1*6F
$GPGSV,2,2,08,25,57,022,52,26,23,224,26,29,58,155,30,31,21,256,30,1*6C
$GPGSV,3,1,09,05,39,120,43,12,23,037,25,13,17,032,23,23,22,356,39,6*6D
$GPGSV,3,2,09,25,57,022,46,26,23,224,21,28,24,289,14,29,58,155,13,6*61
$GPGSV,3,3,09,31,21,256,18,6*53
$GPGSV,2,1,06,13,17,032,28,18,66,268,27,23,22,356,42,25,57,022,54,8*64
$GPGSV,2,2,06,26,23,224,22,28,24,289,18,8*6C
$GPGSV,1,1,03,15,07,056,,20,00,082,,21,10,140,,0*59
$GAGSV,2,1,07,02,30,221,20,10,39,143,39,11,68,157,27,14,22,092,20,1*70
$GAGSV,2,2,07,16,41,046,39,25,86,178,33,36,55,303,15,1*4E
$GAGSV,1,1,03,14,22,092,32,16,41,046,48,25,86,178,34,5*41
$GAGSV,2,1,05,10,39,143,33,11,68,157,18,14,22,092,27,16,41,046,46,7*75
$GAGSV,2,2,05,25,86,178,30,7*42
$GAGSV,1,1,02,12,16,139,,34,06,313,,0*79
$GBGSV,2,1,07,12,21,097,25,19,23,068,23,22,09,018,25,24,23,228,27,3*72
$GBGSV,2,2,07,29,25,122,43,35,61,186,29,39,33,000,49,3*4B
$GBGSV,3,1,09,12,21,097,28,19,23,068,16,22,09,018,21,24,23,228,23,5*70
$GBGSV,3,2,09,26,53,277,18,29,25,122,43,31,34,259,21,35,61,186,23,5*7E
$GBGSV,3,3,09,39,33,000,45,5*40
$GBGSV,3,1,09,12,21,097,25,19,23,068,27,20,15,116,23,22,09,018,15,8*7A
$GBGSV,3,2,09,24,23,228,22,29,25,122,47,31,34,259,18,35,61,186,27,8*7F
$GBGSV,3,3,09,39,33,000,46,8*4E
$GBGSV,1,1,01,11,06,113,,0*43
$GNGLL,3001.74228,S,05112.75035,W,165651.00,A,D*77
$GNRMC,165652.00,A,3001.74227,S,05112.75034,W,0.033,,090926,,,F,V*1F
$GNVTG,,T,,M,0.033,N,0.060,K,D*3E
$GNGGA,165652.00,3001.74227,S,05112.75034,W,5,12,1.24,47.4,M,4.8,M,2.0,0920*66
$GNGSA,M,3,05,12,13,18,23,25,26,29,31,,,,2.29,1.24,1.92,1*0F
$GNGSA,M,3,16,25,02,10,11,,,,,,,,2.29,1.24,1.92,3*08
$GNGSA,M,3,12,19,24,26,29,31,35,39,,,,,2.29,1.24,1.92,4*00
$GPGSV,2,1,08,05,39,120,47,12,23,037,40,18,66,268,18,23,22,356,44,1*6F
$GPGSV,2,2,08,25,57,022,52,26,23,224,26,29,58,155,30,31,21,256,29,1*64
$GPGSV,3,1,09,05,39,120,43,12,23,037,25,13,17,032,23,23,22,356,40,6*63
$GPGSV,3,2,09,25,57,022,46,26,23,224,21,28,24,289,14,29,58,155,13,6*61
$GPGSV,3,3,09,31,21,256,17,6*5C
$GPGSV,2,1,06,13,17,032,28,18,66,268,27,23,22,356,42,25,57,022,54,8*64
$GPGSV,2,2,06,26,23,224,22,28,24,289,17,8*63
$GPGSV,1,1,03,15,07,056,,20,00,082,,21,10,140,,0*59
$GAGSV,2,1,07,02,30,221,20,10,39,143,38,11,68,157,27,14,22,092,20,1*71
$GAGSV,2,2,07,16,41,046,39,25,86,178,33,36,55,303,13,1*48
$GAGSV,1,1,03,14,22,092,32,16,41,046,48,25,86,178,34,5*41
$GAGSV,2,1,05,10,39,143,33,11,68,157,18,14,22,092,26,16,41,046,46,7*74
$GAGSV,2,2,05,25,86,178,31,7*43
$GAGSV,1,1,02,12,16,139,,34,06,313,,0*79
$GBGSV,2,1,07,12,21,097,25,19,23,068,23,22,09,018,25,24,23,228,27,3*72
$GBGSV,2,2,07,29,25,122,43,35,61,186,29,39,33,000,49,3*4B
$GBGSV,3,1,09,12,21,097,28,19,23,068,16,22,09,018,20,24,23,228,22,5*70
$GBGSV,3,2,09,26,53,277,18,29,25,122,42,31,34,259,21,35,61,186,23,5*7F
$GBGSV,3,3,09,39,33,000,45,5*40
$GBGSV,3,1,09,12,21,097,25,19,23,068,26,20,15,116,23,22,09,018,15,8*7B
$GBGSV,3,2,09,24,23,228,22,29,25,122,47,31,34,259,17,35,61,186,27,8*70
$GBGSV,3,3,09,39,33,000,46,8*4E
$GBGSV,1,1,01,11,06,113,,0*43
$GNGLL,3001.74227,S,05112.75034,W,165652.00,A,D*7A
$GNRMC,165653.00,A,3001.74227,S,05112.75034,W,0.020,,090926,,,F,V*1C
$GNVTG,,T,,M,0.020,N,0.037,K,D*3E
$GNGGA,165653.00,3001.74227,S,05112.75034,W,5,12,1.24,47.4,M,4.8,M,2.0,0920*67
$GNGSA,M,3,05,12,13,18,23,25,26,29,31,,,,2.29,1.24,1.92,1*0F
$GNGSA,M,3,16,25,02,10,11,,,,,,,,2.29,1.24,1.92,3*08
$GNGSA,M,3,12,19,24,26,29,35,39,,,,,,2.29,1.24,1.92,4*02
$GPGSV,2,1,08,05,39,120,47,12,23,037,40,18,66,268,18,23,22,356,44,1*6F
$GPGSV,2,2,08,25,57,022,52,26,23,224,27,29,58,155,30,31,21,256,29,1*65
$GPGSV,3,1,09,05,39,120,43,12,23,037,25,13,17,032,23,23,22,356,40,6*63
$GPGSV,3,2,09,25,57,022,46,26,23,224,21,28,24,289,14,29,58,155,14,6*66
$GPGSV,3,3,09,31,21,256,17,6*5C
$GPGSV,2,1,06,13,17,032,28,18,66,268,27,23,22,356,42,25,57,022,54,8*64
$GPGSV,2,2,06,26,23,224,22,28,24,289,17,8*63
$GPGSV,1,1,03,15,07,056,,20,00,082,,21,10,140,,0*59
$GAGSV,2,1,07,02,30,221,20,10,39,143,39,11,68,157,27,14,22,092,20,1*70
$GAGSV,2,2,07,16,41,046,39,25,86,178,33,36,55,303,13,1*48
$GAGSV,1,1,03,14,22,092,32,16,41,046,48,25,86,178,34,5*41
$GAGSV,2,1,05,10,39,143,33,11,68,157,17,14,22,092,26,16,41,046,46,7*7B
$GAGSV,2,2,05,25,86,178,30,7*42
$GAGSV,1,1,02,12,16,139,,34,06,313,,0*79
$GBGSV,2,1,07,12,21,097,25,19,23,068,23,22,09,018,25,24,23,228,27,3*72
$GBGSV,2,2,07,29,25,122,43,35,61,186,29,39,33,000,49,3*4B
$GBGSV,3,1,09,12,21,097,28,19,23,068,16,22,09,018,19,24,23,228,22,5*7A
$GBGSV,3,2,09,26,53,277,18,29,25,122,42,31,34,259,21,35,61,186,22,5*7E
$GBGSV,3,3,09,39,33,000,45,5*40
$GBGSV,3,1,09,12,21,097,24,19,23,068,27,20,15,116,23,22,09,018,14,8*7A
$GBGSV,3,2,09,24,23,228,23,29,25,122,47,31,34,259,18,35,61,186,27,8*7E
$GBGSV,3,3,09,39,33,000,46,8*4E
$GBGSV,1,1,01,11,06,113,,0*43
$GNGLL,3001.74227,S,05112.75034,W,165653.00,A,D*7B
$GNRMC,165654.00,A,3001.74227,S,05112.75034,W,0.008,,090926,,,F,V*11
$GNVTG,,T,,M,0.008,N,0.015,K,D*34
$GNGGA,165654.00,3001.74227,S,05112.75034,W,5,12,1.24,47.4,M,4.8,M,2.0,0920*60
$GNGSA,M,3,05,12,13,18,23,25,26,28,29,31,,,2.29,1.24,1.92,1*05
$GNGSA,M,3,16,25,02,10,11,,,,,,,,2.29,1.24,1.92,3*08
$GNGSA,M,3,12,19,24,26,29,31,35,39,,,,,2.29,1.24,1.92,4*00
$GPGSV,2,1,08,05,39,120,47,12,23,037,40,18,66,268,18,23,22,356,44,1*6F
$GPGSV,2,2,08,25,57,022,52,26,23,224,26,29,58,155,30,31,21,256,29,1*64
$GPGSV,3,1,09,05,39,120,43,12,23,037,25,13,17,032,23,23,22,356,40,6*63
$GPGSV,3,2,09,25,57,022,46,26,23,224,21,28,24,289,16,29,58,155,13,6*63
$GPGSV,3,3,09,31,21,256,17,6*5C
$GPGSV,2,1,06,13,17,032,28,18,66,268,27,23,22,356,42,25,57,022,54,8*64
$GPGSV,2,2,06,26,23,224,22,28,24,289,17,8*63
$GPGSV,1,1,03,15,07,056,,20,00,082,,21,10,140,,0*59
$GAGSV,2,1,07,02,30,221,20,10,39,143,39,11,68,157,27,14,22,092,20,1*70
$GAGSV,2,2,07,16,41,046,39,25,86,178,33,36,55,303,13,1*48
$GAGSV,1,1,03,14,22,092,32,16,41,046,48,25,86,178,34,5*41
$GAGSV,2,1,05,10,39,143,34,11,68,157,17,14,22,092,26,16,41,046,46,7*7C
$GAGSV,2,2,05,25,86,178,30,7*42
$GAGSV,1,1,02,12,16,139,,34,06,313,,0*79
$GBGSV,2,1,07,12,21,097,25,19,23,068,22,22,09,018,25,24,23,228,28,3*7C
$GBGSV,2,2,07,29,25,122,43,35,61,186,30,39,33,000,49,3*43
$GBGSV,3,1,09,12,21,097,28,19,23,068,16,22,09,018,19,24,23,228,23,5*7B
$GBGSV,3,2,09,26,53,277,18,29,25,122,42,31,34,259,21,35,61,186,22,5*7E
$GBGSV,3,3,09,39,33,000,45,5*40
$GBGSV,3,1,10,12,21,097,24,19,23,068,27,20,15,116,24,22,09,018,14,8*75
$GBGSV,3,2,10,24,23,228,23,26,53,277,18,29,25,122,47,31,34,259,17,8*7B
$GBGSV,3,3,10,35,61,186,27,39,33,000,46,8*7D
$GBGSV,1,1,01,11,06,113,,0*43
$GNGLL,3001.74227,S,05112.75034,W,165654.00,A,D*7C
$GNRMC,165655.00,A,3001.74228,S,05112.75034,W,0.014,,090926,,,F,V*12
$GNVTG,,T,,M,0.014,N,0.026,K,D*39
$GNGGA,165655.00,3001.74228,S,05112.75034,W,5,12,1.24,47.4,M,4.8,M,2.0,0920*6E
$GNGSA,M,3,05,12,13,18,23,25,26,28,29,31,,,2.29,1.24,1.92,1*05
$GNGSA,M,3,16,25,02,10,11,,,,,,,,2.29,1.24,1.92,3*08
$GNGSA,M,3,12,19,24,26,29,31,35,39,,,,,2.29,1.24,1.92,4*00
$GPGSV,2,1,08,05,39,120,47,12,23,037,40,18,66,268,18,23,22,356,44,1*6F
$GPGSV,2,2,08,25,57,022,52,26,23,224,26,29,58,155,30,31,21,256,29,1*64
$GPGSV,3,1,09,05,39,120,43,12,23,037,25,13,17,032,23,23,22,356,40,6*63
$GPGSV,3,2,09,25,57,022,46,26,23,224,21,28,24,289,16,29,58,155,14,6*64
$GPGSV,3,3,09,31,21,256,17,6*5C
$GPGSV,2,1,06,13,17,032,28,18,66,268,27,23,22,356,42,25,57,022,54,8*64
$GPGSV,2,2,06,26,23,224,22,28,24,289,17,8*63
$GPGSV,1,1,03,15,07,056,,20,00,082,,21,10,140,,0*59
$GAGSV,2,1,07,02,30,221,19,10,39,143,39,11,68,157,27,14,22,092,20,1*7A
$GAGSV,2,2,07,16,41,046,39,25,86,178,33,36,55,303,12,1*49
$GAGSV,1,1,03,14,22,092,32,16,41,046,48,25,86,178,34,5*41
$GAGSV,2,1,05,10,39,143,34,11,68,157,16,14,22,092,26,16,41,046,46,7*7D
$GAGSV,2,2,05,25,86,178,30,7*42
$GAGSV,1,1,02,12,16,139,,34,06,313,,0*79
$GBGSV,2,1,07,12,21,097,25,19,23,068,21,22,09,018,25,24,23,228,28,3*7F
$GBGSV,2,2,07,29,25,122,43,35,61,186,30,39,33,000,49,3*43
$GBGSV,3,1,09,12,21,097,28,19,23,068,16,22,09,018,20,24,23,228,23,5*71
$GBGSV,3,2,09,26,53,277,17,29,25,122,42,31,34,259,22,35,61,186,22,5*72
$GBGSV,3,3,09,39,33,000,45,5*40
$GBGSV,3,1,10,12,21,097,23,19,23,068,27,20,15,116,24,22,09,018,12,8*74
$GBGSV,3,2,10,24,23,228,24,26,53,277,18,29,25,122,47,31,34,259,17,8*7C
$GBGSV,3,3,10,35,61,186,27,39,33,000,46,8*7D
$GBGSV,1,1,01,11,06,113,,0*43
$GNGLL,3001.74228,S,05112.75034,W,165655.00,A,D*72
$GNRMC,165656.00,A,3001.74227,S,05112.75033,W,0.003,,090926,,,F,V*1F
$GNVTG,,T,,M,0.003,N,0.006,K,D*3D
$GNGGA,165656.00,3001.74227,S,05112.75033,W,5,12,1.24,47.4,M,4.8,M,2.0,0920*65
$GNGSA,M,3,05,12,13,18,23,25,26,29,31,,,,2.29,1.24,1.92,1*0F
$GNGSA,M,3,16,25,02,10,11,,,,,,,,2.29,1.24,1.92,3*08
$GNGSA,M,3,12,19,24,26,29,35,39,,,,,,2.29,1.24,1.92,4*02
$GPGSV,2,1,08,05,39,120,47,12,23,037,40,18,66,268,17,23,22,356,44,1*60
$GPGSV,2,2,08,25,57,022,52,26,23,224,26,29,58,155,30,31,21,256,29,1*64
$GPGSV,3,1,09,05,39,120,43,12,23,037,25,13,17,032,23,23,22,356,40,6*63
$GPGSV,3,2,09,25,57,022,46,26,23,224,21,28,24,289,14,29,58,155,14,6*66
$GPGSV,3,3,09,31,21,256,17,6*5C
$GPGSV,2,1,06,13,17,032,28,18,66,268,27,23,22,356,42,25,57,022,54,8*64
$GPGSV,2,2,06,26,23,224,22,28,24,289,17,8*63
$GPGSV,1,1,03,15,07,056,,20,00,082,,21,10,140,,0*59
$GAGSV,2,1,07,02,30,221,20,10,39,143,39,11,68,157,27,14,22,092,20,1*70
$GAGSV,2,2,07,16,41,046,39,25,86,178,33,36,55,303,13,1*48
$GAGSV,1,1,03,14,22,092,32,16,41,046,48,25,86,178,34,5*41
$GAGSV,2,1,05,10,39,143,34,11,68,157,17,14,22,092,25,16,41,046,45,7*7C
$GAGSV,2,2,05,25,86,178,31,7*43
$GAGSV,1,1,02,12,16,139,,34,06,313,,0*79
$GBGSV,2,1,07,12,21,097,25,19,23,068,22,22,09,018,25,24,23,228,28,3*7C
$GBGSV,2,2,07,29,25,122,43,35,61,186,30,39,33,000,49,3*43
$GBGSV,3,1,09,12,21,097,28,19,23,068,16,22,09,018,20,24,23,228,23,5*71
$GBGSV,3,2,09,26,53,277,18,29,25,122,42,31,34,259,21,35,61,186,22,5*7E
$GBGSV,3,3,09,39,33,000,45,5*40
$GBGSV,3,1,10,12,21,097,23,19,23,068,27,20,15,116,23,22,09,018,12,8*73
$GBGSV,3,2,10,24,23,228,24,26,53,277,18,29,25,122,47,31,34,259,17,8*7C
$GBGSV,3,3,10,35,61,186,27,39,33,000,46,8*7D
$GBGSV,1,1,01,11,06,113,,0*43
$GNGLL,3001.74227,S,05112.75033,W,165656.00,A,D*79
$GNRMC,165657.00,A,3001.74227,S,05112.75033,W,0.019,,090926,,,F,V*15
$GNVTG,,T,,M,0.019,N,0.035,K,D*36
$GNGGA,165657.00,3001.74227,S,05112.75033,W,5,12,1.07,47.5,M,4.8,M,2.0,0920*64
$GNGSA,M,3,05,12,13,18,23,25,26,29,31,,,,2.09,1.07,1.80,1*0F
$GNGSA,M,3,16,25,02,10,11,,,,,,,,2.09,1.07,1.80,3*08
$GNGSA,M,3,12,19,24,26,29,31,35,39,,,,,2.09,1.07,1.80,4*00
$GPGSV,2,1,08,05,39,120,47,12,23,037,40,18,66,268,16,23,22,356,44,1*61
$GPGSV,2,2,08,25,57,022,52,26,23,224,26,29,58,155,30,31,21,256,30,1*6C
$GPGSV,3,1,09,05,39,120,43,12,23,037,24,13,17,032,22,23,22,356,40,6*63
$GPGSV,3,2,09,25,57,022,46,26,23,224,21,28,24,289,14,29,58,155,15,6*67
$GPGSV,3,3,09,31,21,256,17,6*5C
$GPGSV,2,1,06,13,17,032,28,18,66,268,26,23,22,356,42,25,57,022,54,8*65
$GPGSV,2,2,06,26,23,224,22,28,24,289,17,8*63
$GPGSV,1,1,03,15,07,056,,20,00,082,,21,10,140,,0*59
$GAGSV,2,1,07,02,30,221,20,10,39,143,39,11,68,157,27,14,22,092,21,1*71
$GAGSV,2,2,07,16,41,046,39,25,86,178,33,36,55,303,14,1*4F
$GAGSV,1,1,03,14,22,092,31,16,41,046,48,25,86,178,34,5*42
$GAGSV,2,1,05,10,39,143,34,11,68,157,17,14,22,092,25,16,41,046,46,7*7F
$GAGSV,2,2,05,25,86,178,30,7*42
$GAGSV,1,1,02,12,16,139,,34,06,313,,0*79
$GBGSV,2,1,07,12,21,097,25,19,23,068,22,22,09,018,25,24,23,228,28,3*7C
$GBGSV,2,2,07,29,25,122,43,35,61,186,31,39,33,000,49,3*42
$GBGSV,3,1,09,12,21,097,28,19,23,068,16,22,09,018,20,24,23,228,22,5*70
$GBGSV,3,2,09,26,53,277,17,29,25,122,42,31,34,259,22,35,61,186,22,5*72
$GBGSV,3,3,09,39,33,000,46,5*43
$GBGSV,3,1,10,12,21,097,22,19,23,068,27,20,15,116,23,22,09,018,13,8*73
$GBGSV,3,2,10,24,23,228,25,26,53,277,17,29,25,122,47,31,34,259,17,8*72
$GBGSV,3,3,10,35,61,186,27,39,33,000,46,8*7D
$GBGSV,1,1,01,11,06,113,,0*43
$GNGLL,3001.74227,S,05112.75033,W,165657.00,A,D*78
$GNRMC,165658.00,A,3001.74227,S,05112.75033,W,0.012,,090926,,,F,V*11
$GNVTG,,T,,M,0.012,N,0.022,K,D*3B
$GNGGA,165658.00,3001.74227,S,05112.75033,W,5,12,1.04,47.4,M,4.8,M,2.0,0920*69
$GNGSA,M,3,05,12,13,18,23,25,26,29,31,,,,2.07,1.04,1.80,1*02
$GNGSA,M,3,16,25,36,02,10,11,,,,,,,2.07,1.04,1.80,3*00
$GNGSA,M,3,12,19,24,26,29,35,39,,,,,,2.07,1.04,1.80,4*0F
$GPGSV,2,1,08,05,39,120,47,12,23,037,40,18,66,268,15,23,22,356,44,1*62
$GPGSV,2,2,08,25,57,022,52,26,23,224,26,29,58,155,30,31,21,256,30,1*6C
$GPGSV,3,1,09,05,39,120,42,12,23,037,24,13,17,032,22,23,22,356,40,6*62
$GPGSV,3,2,09,25,57,022,46,26,23,224,20,28,24,289,14,29,58,155,16,6*65
$GPGSV,3,3,09,31,21,256,16,6*5D
$GPGSV,2,1,06,13,17,032,28,18,66,268,26,23,22,356,42,25,57,022,54,8*65
$GPGSV,2,2,06,26,23,224,22,28,24,289,17,8*63
$GPGSV,1,1,03,15,07,056,,20,00,082,,21,10,140,,0*59
$GAGSV,2,1,07,02,30,221,20,10,39,143,39,11,68,157,27,14,22,092,21,1*71
$GAGSV,2,2,07,16,41,046,39,25,86,178,33,36,55,303,16,1*4D
$GAGSV,1,1,03,14,22,092,31,16,41,046,48,25,86,178,34,5*42
$GAGSV,2,1,05,10,39,143,34,11,68,157,16,14,22,092,25,16,41,046,46,7*7E
$GAGSV,2,2,05,25,86,178,30,7*42
$GAGSV,1,1,02,12,16,139,,34,06,313,,0*79
$GBGSV,2,1,07,12,21,097,25,19,23,068,22,22,09,018,24,24,23,228,28,3*7D
$GBGSV,2,2,07,29,25,122,43,35,61,186,31,39,33,000,49,3*42
$GBGSV,3,1,09,12,21,097,28,19,23,068,15,22,09,018,20,24,23,228,22,5*73
$GBGSV,3,2,09,26,53,277,17,29,25,122,42,31,34,259,22,35,61,186,23,5*73
$GBGSV,3,3,09,39,33,000,45,5*40
$GBGSV,3,1,10,12,21,097,22,19,23,068,26,20,15,116,24,22,09,018,15,8*73
$GBGSV,3,2,10,24,23,228,25,26,53,277,18,29,25,122,47,31,34,259,17,8*7D
$GBGSV,3,3,10,35,61,186,27,39,33,000,46,8*7D
$GBGSV,1,1,01,11,06,113,,0*43
$GNGLL,3001.74227,S,05112.75033,W,165658.00,A,D*77
$GNRMC,165659.00,A,3001.74227,S,05112.75033,W,0.012,,090926,,,F,V*10
$GNVTG,,T,,M,0.012,N,0.023,K,D*3A
$GNGGA,165659.00,3001.74227,S,05112.75033,W,5,12,1.06,47.5,M,4.8,M,2.0,0920*6B
$GNGSA,M,3,05,12,13,23,25,26,28,29,31,,,,2.09,1.06,1.80,1*0D
$GNGSA,M,3,16,25,36,02,10,11,,,,,,,2.09,1.06,1.80,3*0C
$GNGSA,M,3,12,19,24,26,29,35,39,,,,,,2.09,1.06,1.80,4*03
$GPGSV,3,1,09,05,38,121,47,12,23,037,40,18,66,268,14,23,22,356,44,1*63
$GPGSV,3,2,09,25,57,022,52,26,23,224,27,28,24,289,22,29,58,155,30,1*61
$GPGSV,3,3,09,31,21,256,30,1*5E
$GPGSV,3,1,09,05,38,121,42,12,23,037,24,13,17,032,22,23,22,356,40,6*62
$GPGSV,3,2,09,25,57,022,46,26,23,224,20,28,24,289,13,29,58,155,16,6*62
$GPGSV,3,3,09,31,21,256,17,6*5C
$GPGSV,2,1,06,13,17,032,28,18,66,268,26,23,22,356,42,25,57,022,54,8*65
$GPGSV,2,2,06,26,23,224,21,28,24,289,17,8*60
$GPGSV,1,1,03,15,07,056,,20,00,082,,21,10,140,,0*59
$GAGSV,2,1,07,02,30,221,20,10,39,143,39,11,68,157,27,14,22,092,21,1*71
$GAGSV,2,2,07,16,41,046,39,25,86,178,33,36,55,303,16,1*4D
$GAGSV,1,1,03,14,22,092,32,16,41,046,48,25,86,178,34,5*41
$GAGSV,2,1,05,10,39,143,34,11,68,157,16,14,22,092,25,16,41,046,46,7*7E
$GAGSV,2,2,05,25,86,178,31,7*43
$GAGSV,1,1,02,12,16,139,,34,06,313,,0*79
$GBGSV,2,1,07,12,21,097,25,19,23,068,22,22,09,018,24,24,23,228,28,3*7D
$GBGSV,2,2,07,29,25,122,43,35,61,186,31,39,33,000,49,3*42
$GBGSV,3,1,09,12,21,097,28,19,23,068,15,22,09,018,21,24,23,228,22,5*72
$GBGSV,3,2,09,26,53,277,17,29,25,122,42,31,34,259,22,35,61,186,23,5*73
$GBGSV,3,3,09,39,33,000,46,5*43
$GBGSV,3,1,10,12,21,097,22,19,23,068,27,20,15,116,24,22,09,018,15,8*72
$GBGSV,3,2,10,24,23,228,26,26,53,277,18,29,25,122,47,31,34,259,16,8*7F
$GBGSV,3,3,10,35,61,186,27,39,33,000,46,8*7D
$GBGSV,1,1,01,11,06,113,,0*43
$GNGLL,3001.74227,S,05112.75033,W,165659.00,A,D*76
$GNRMC,165700.00,A,3001.74227,S,05112.75033,W,0.029,,090926,,,F,V*15
$GNVTG,,T,,M,0.029,N,0.053,K,D*35
$GNGGA,165700.00,3001.74227,S,05112.75033,W,5,12,1.06,47.5,M,4.8,M,2.0,0920*66
$GNGSA,M,3,05,12,13,23,25,26,28,29,31,,,,2.09,1.06,1.80,1*0D
$GNGSA,M,3,16,25,36,02,10,11,,,,,,,2.09,1.06,1.80,3*0C
$GNGSA,M,3,12,19,24,26,29,31,35,39,,,,,2.09,1.06,1.80,4*01
$GPGSV,3,1,09,05,38,121,47,12,23,037,40,18,66,268,14,23,22,356,44,1*63
$GPGSV,3,2,09,25,57,022,52,26,23,224,26,28,24,289,22,29,58,155,30,1*60
$GPGSV,3,3,09,31,21,256,30,1*5E
$GPGSV,3,1,09,05,38,121,42,12,23,037,24,13,17,032,22,23,22,356,40,6*62
$GPGSV,3,2,09,25,57,022,46,26,23,224,20,28,24,289,11,29,58,155,16,6*60
$GPGSV,3,3,09,31,21,256,17,6*5C
$GPGSV,2,1,06,13,17,032,27,18,66,268,26,23,22,356,42,25,57,022,54,8*6A
$GPGSV,2,2,06,26,23,224,21,28,24,289,17,8*60
$GPGSV,1,1,03,15,07,056,,20,00,082,,21,10,140,,0*59
$GAGSV,2,1,07,02,30,221,20,10,39,143,39,11,68,157,27,14,22,092,20,1*70
$GAGSV,2,2,07,16,41,046,40,25,86,178,33,36,55,303,16,1*43
$GAGSV,1,1,03,14,22,092,31,16,41,046,48,25,86,178,34,5*42
$GAGSV,2,1,05,10,39,143,34,11,68,157,16,14,22,092,25,16,41,046,46,7*7E
$GAGSV,2,2,05,25,86,178,31,7*43
$GAGSV,1,1,02,12,16,139,,34,06,313,,0*79
$GBGSV,2,1,07,12,21,097,25,19,23,068,22,22,09,018,25,24,23,228,28,3*7C
$GBGSV,2,2,07,29,25,122,43,35,61,186,31,39,33,000,49,3*42
$GBGSV,3,1,09,12,21,097,28,19,23,068,16,22,09,018,20,24,23,228,23,5*71
$GBGSV,3,2,09,26,53,277,18,29,25,122,42,31,34,259,22,35,61,186,23,5*7C
$GBGSV,3,3,09,39,33,000,45,5*40
$GBGSV,3,1,10,12,21,097,20,19,23,068,27,20,15,116,24,22,09,018,16,8*73
$GBGSV,3,2,10,24,23,228,26,26,53,277,18,29,25,122,47,31,34,259,16,8*7F
$GBGSV,3,3,10,35,61,186,28,39,33,000,46,8*72
$GBGSV,1,1,01,11,06,113,,0*43
$GNGLL,3001.74227,S,05112.75033,W,165700.00,A,D*7B
$GNRMC,165701.00,A,3001.74227,S,05112.75032,W,0.018,,090926,,,F,V*17
$GNVTG,,T,,M,0.018,N,0.033,K,D*31
$GNGGA,165701.00,3001.74227,S,05112.75032,W,5,12,1.06,47.5,M,4.8,M,2.0,0920*66
$GNGSA,M,3,05,12,13,23,25,26,28,29,31,,,,2.09,1.06,1.80,1*0D
$GNGSA,M,3,16,25,36,02,10,11,,,,,,,2.09,1.06,1.80,3*0C
$GNGSA,M,3,12,19,24,26,29,35,39,,,,,,2.09,1.06,1.80,4*03
$GPGSV,3,1,09,05,38,121,47,12,23,037,40,18,66,268,14,23,22,356,44,1*63
$GPGSV,3,2,09,25,57,022,52,26,23,224,26,28,24,289,22,29,58,155,30,1*60
$GPGSV,3,3,09,31,21,256,30,1*5E
$GPGSV,3,1,09,05,38,121,42,12,23,037,24,13,17,032,22,23,22,356,40,6*62
$GPGSV,3,2,09,25,57,022,46,26,23,224,20,28,24,289,10,29,58,155,16,6*61
$GPGSV,3,3,09,31,21,256,16,6*5D
$GPGSV,2,1,06,13,17,032,27,18,66,268,26,23,22,356,42,25,57,022,54,8*6A
$GPGSV,2,2,06,26,23,224,22,28,24,289,18,8*6C
$GPGSV,1,1,03,15,07,056,,20,00,082,,21,10,140,,0*59
$GAGSV,2,1,07,02,30,221,20,10,39,143,39,11,68,157,27,14,22,092,21,1*71
$GAGSV,2,2,07,16,41,046,40,25,86,178,33,36,55,303,16,1*43
$GAGSV,1,1,03,14,22,092,31,16,41,046,49,25,86,178,34,5*43
$GAGSV,2,1,05,10,39,143,34,11,68,157,17,14,22,092,24,16,41,046,46,7*7E
$GAGSV,2,2,05,25,86,178,31,7*43
$GAGSV,1,1,02,12,16,139,,34,06,313,,0*79
$GBGSV,2,1,07,12,21,097,25,19,23,068,22,22,09,018,25,24,23,228,28,3*7C
$GBGSV,2,2,07,29,25,122,43,35,61,186,31,39,33,000,49,3*42
$GBGSV,3,1,09,12,21,097,28,19,23,068,16,22,09,018,20,24,23,228,23,5*71
$GBGSV,3,2,09,26,53,277,17,29,25,122,42,31,34,259,22,35,61,186,22,5*72
$GBGSV,3,3,09,39,33,000,46,5*43
$GBGSV,3,1,10,12,21,097,20,19,23,068,27,20,15,116,24,22,09,018,16,8*73
$GBGSV,3,2,10,24,23,228,26,26,53,277,18,29,25,122,47,31,34,259,16,8*7F
$GBGSV,3,3,10,35,61,186,28,39,33,000,46,8*72
$GBGSV,1,1,01,11,06,113,,0*43
$GNGLL,3001.74227,S,05112.75032,W,165701.00,A,D*7B
$GNRMC,165702.00,A,3001.74227,S,05112.75032,W,0.003,,090926,,,F,V*1E
$GNVTG,,T,,M,0.003,N,0.005,K,D*3E
$GNGGA,165702.00,3001.74227,S,05112.75032,W,5,12,1.04,47.5,M,4.8,M,2.0,0920*67
$GNGSA,M,3,05,12,13,18,23,25,26,28,29,31,,,2.07,1.04,1.80,1*08
$GNGSA,M,3,16,25,36,02,10,11,,,,,,,2.07,1.04,1.80,3*00
$GNGSA,M,3,12,19,24,26,29,35,39,,,,,,2.07,1.04,1.80,4*0F
$GPGSV,3,1,09,05,38,121,47,12,23,037,40,18,66,268,15,23,22,356,44,1*62
$GPGSV,3,2,09,25,57,022,52,26,23,224,26,28,24,289,22,29,58,155,30,1*60
$GPGSV,3,3,09,31,21,256,30,1*5E
$GPGSV,3,1,09,05,38,121,42,12,23,037,25,13,17,032,21,23,22,356,39,6*6E
$GPGSV,3,2,09,25,57,022,46,26,23,224,19,28,24,289,10,29,58,155,16,6*6B
$GPGSV,3,3,09,31,21,256,15,6*5E
$GPGSV,2,1,06,13,17,032,27,18,66,268,26,23,22,356,42,25,57,022,54,8*6A
$GPGSV,2,2,06,26,23,224,22,28,24,289,17,8*63
$GPGSV,1,1,03,15,07,056,,20,00,082,,21,10,140,,0*59
$GAGSV,2,1,07,02,30,221,20,10,39,143,39,11,68,157,27,14,22,092,20,1*70
$GAGSV,2,2,07,16,41,046,40,25,86,178,33,36,55,303,16,1*43
$GAGSV,1,1,03,14,22,092,31,16,41,046,48,25,86,178,34,5*42
$GAGSV,2,1,05,10,39,143,34,11,68,157,16,14,22,092,23,16,41,046,46,7*78
$GAGSV,2,2,05,25,86,178,30,7*42
$GAGSV,1,1,02,12,16,139,,34,06,313,,0*79
$GBGSV,2,1,07,12,21,097,25,19,23,068,22,22,09,018,25,24,23,228,28,3*7C
$GBGSV,2,2,07,29,25,122,43,35,61,186,31,39,33,000,49,3*42
$GBGSV,3,1,09,12,21,097,28,19,23,068,17,22,09,018,20,24,23,228,22,5*71
$GBGSV,3,2,09,26,53,277,17,29,25,122,42,31,34,259,21,35,61,186,22,5*71
$GBGSV,3,3,09,39,33,000,45,5*40
$GBGSV,3,1,10,12,21,097,19,19,23,068,27,20,15,116,24,22,09,018,16,8*79
$GBGSV,3,2,10,24,23,228,26,26,53,277,18,29,25,122,47,31,34,259,17,8*7E
$GBGSV,3,3,10,35,61,186,28,39,33,000,46,8*72
$GBGSV,1,1,01,11,06,113,,0*43
$GNGLL,3001.74227,S,05112.75032,W,165702.00,A,D*78
$GNRMC,165703.00,A,3001.74227,S,05112.75032,W,0.015,,090926,,,F,V*18
$GNVTG,,T,,M,0.015,N,0.028,K,D*36
$GNGGA,165703.00,3001.74227,S,05112.75032,W,5,12,1.04,47.5,M,4.8,M,2.0,0920*66
$GNGSA,M,3,05,12,13,18,23,25,26,28,29,31,,,2.07,1.04,1.80,1*08
$GNGSA,M,3,16,25,36,02,10,11,,,,,,,2.07,1.04,1.80,3*00
$GNGSA,M,3,12,19,24,26,29,31,35,39,,,,,2.07,1.04,1.80,4*0D
$GPGSV,2,1,08,05,38,121,47,12,23,037,40,18,66,268,15,23,22,356,44,1*62
$GPGSV,2,2,08,25,57,022,52,28,24,289,23,29,58,155,30,31,21,256,30,1*67
$GPGSV,3,1,09,05,38,121,42,12,23,037,25,13,17,032,21,23,22,356,39,6*6E
$GPGSV,3,2,09,25,57,022,46,26,23,224,19,28,24,289,11,29,58,155,17,6*6B
$GPGSV,3,3,09,31,21,256,16,6*5D
$GPGSV,2,1,06,13,17,032,27,18,66,268,26,23,22,356,42,25,57,022,54,8*6A
$GPGSV,2,2,06,26,23,224,21,28,24,289,17,8*60
$GPGSV,1,1,03,15,07,056,,20,00,082,,21,10,140,,0*59
$GAGSV,2,1,07,02,30,221,20,10,39,143,39,11,68,157,27,14,22,092,21,1*71
$GAGSV,2,2,07,16,41,046,39,25,86,178,33,36,55,303,16,1*4D
$GAGSV,1,1,03,14,22,092,31,16,41,046,48,25,86,178,34,5*42
$GAGSV,2,1,05,10,39,143,34,11,68,157,16,14,22,092,23,16,41,046,45,7*7B
$GAGSV,2,2,05,25,86,178,30,7*42
$GAGSV,1,1,02,12,16,139,,34,06,313,,0*79
$GBGSV,2,1,07,12,21,097,25,19,23,068,21,22,09,018,24,24,23,228,28,3*7E
$GBGSV,2,2,07,29,25,122,43,35,61,186,31,39,33,000,49,3*42
$GBGSV,3,1,09,12,21,097,28,19,23,068,17,22,09,018,20,24,23,228,22,5*71
$GBGSV,3,2,09,26,53,277,17,29,25,122,42,31,34,259,21,35,61,186,22,5*71
$GBGSV,3,3,09,39,33,000,45,5*40
$GBGSV,3,1,10,12,21,097,18,19,23,068,27,20,15,116,24,22,09,018,17,8*79
$GBGSV,3,2,10,24,23,228,26,26,53,277,18,29,25,122,47,31,34,259,17,8*7E
$GBGSV,3,3,10,35,61,186,28,39,33,000,46,8*72
$GBGSV,1,1,01,11,06,113,,0*43
$GNGLL,3001.74227,S,05112.75032,W,165703.00,A,D*79
$GNRMC,165704.00,A,3001.74227,S,05112.75031,W,0.023,,090926,,,F,V*19
$GNVTG,,T,,M,0.023,N,0.042,K,D*3F
$GNGGA,165704.00,3001.74227,S,05112.75031,W,5,12,1.04,47.5,M,4.8,M,2.0,0920*62
$GNGSA,M,3,05,12,13,18,23,25,26,28,29,31,,,2.08,1.04,1.80,1*07
$GNGSA,M,3,16,25,36,02,10,11,,,,,,,2.08,1.04,1.80,3*0F
$GNGSA,M,3,12,19,24,26,29,35,39,,,,,,2.08,1.04,1.80,4*00
$GPGSV,2,1,08,05,38,121,47,12,23,037,40,18,66,268,15,23,22,356,44,1*62
$GPGSV,2,2,08,25,57,022,52,28,24,289,22,29,58,155,31,31,21,256,30,1*67
$GPGSV,3,1,09,05,38,121,42,12,23,037,25,13,17,032,21,23,22,356,39,6*6E
$GPGSV,3,2,09,25,57,022,46,26,23,224,19,28,24,289,11,29,58,155,16,6*6A
$GPGSV,3,3,09,31,21,256,18,6*53
$GPGSV,2,1,06,13,17,032,27,18,66,268,25,23,22,356,42,25,57,022,54,8*69
$GPGSV,2,2,06,26,23,224,21,28,24,289,18,8*6F
$GPGSV,1,1,03,15,07,056,,20,00,082,,21,10,140,,0*59
$GAGSV,2,1,07,02,30,221,19,10,39,143,39,11,68,157,27,14,22,092,21,1*7B
$GAGSV,2,2,07,16,41,046,40,25,86,178,33,36,55,303,18,1*4D
$GAGSV,1,1,03,14,22,092,31,16,41,046,49,25,86,178,34,5*43
$GAGSV,2,1,05,10,39,143,34,11,68,157,15,14,22,092,23,16,41,046,46,7*7B
$GAGSV,2,2,05,25,86,178,30,7*42
$GAGSV,1,1,02,12,16,139,,34,06,313,,0*79
$GBGSV,2,1,07,12,21,097,26,19,23,068,22,22,09,018,24,24,23,228,28,3*7E
$GBGSV,2,2,07,29,25,122,43,35,61,186,31,39,33,000,49,3*42
$GBGSV,3,1,09,12,21,097,28,19,23,068,17,22,09,018,19,24,23,228,22,5*7B
$GBGSV,3,2,09,26,53,277,16,29,25,122,42,31,34,259,22,35,61,186,22,5*73
$GBGSV,3,3,09,39,33,000,46,5*43
$GBGSV,3,1,10,12,21,097,18,19,23,068,26,20,15,116,24,22,09,018,17,8*78
$GBGSV,3,2,10,24,23,228,26,26,53,277,19,29,25,122,47,31,34,259,17,8*7F
$GBGSV,3,3,10,35,61,186,28,39,33,000,46,8*72
$GBGSV,1,1,01,11,06,113,,0*43
$GNGLL,3001.74227,S,05112.75031,W,165704.00,A,D*7D
$GNRMC,165705.00,A,3001.74226,S,05112.75031,W,0.016,,090926,,,F,V*1F
$GNVTG,,T,,M,0.016,N,0.030,K,D*3C
$GNGGA,165705.00,3001.74226,S,05112.75031,W,5,12,1.06,47.5,M,4.8,M,2.0,0920*60
$GNGSA,M,3,05,12,13,23,25,26,28,29,31,,,,2.09,1.06,1.80,1*0D
$GNGSA,M,3,16,25,36,02,10,11,,,,,,,2.09,1.06,1.80,3*0C
$GNGSA,M,3,12,19,24,26,29,31,35,39,,,,,2.09,1.06,1.80,4*01
$GPGSV,3,1,09,05,38,121,47,12,23,037,40,18,66,268,14,23,22,356,44,1*63
$GPGSV,3,2,09,25,57,022,52,28,24,289,23,28,24,289,23,29,58,155,30,1*6A
$GPGSV,3,3,09,31,21,256,31,1*5F
$GPGSV,2,1,08,05,38,121,42,12,23,037,25,13,17,032,22,23,22,356,39,6*6D
$GPGSV,2,2,08,25,57,022,46,26,23,224,18,29,58,155,16,31,21,256,19,6*6C
$GPGSV,2,1,06,13,17,032,27,18,66,268,25,23,22,356,42,25,57,022,54,8*69
$GPGSV,2,2,06,26,23,224,21,28,24,289,18,8*6F
$GPGSV,1,1,03,15,07,056,,20,00,082,,21,10,140,,0*59
$GAGSV,2,1,07,02,30,221,20,10,39,143,39,11,68,157,26,14,22,092,21,1*70
$GAGSV,2,2,07,16,41,046,40,25,86,178,33,36,55,303,18,1*4D
$GAGSV,1,1,03,14,22,092,31,16,41,046,49,25,86,178,34,5*43
$GAGSV,2,1,05,10,39,143,34,11,68,157,16,14,22,092,22,16,41,046,46,7*79
$GAGSV,2,2,05,25,86,178,30,7*42
$GAGSV,1,1,02,12,16,139,,34,06,313,,0*79
$GBGSV,2,1,07,12,21,097,26,19,23,068,22,22,09,018,24,24,23,228,28,3*7E
$GBGSV,2,2,07,29,25,122,43,35,61,186,31,39,33,000,49,3*42
$GBGSV,3,1,09,12,21,097,28,19,23,068,17,22,09,018,19,24,23,228,22,5*7B
$GBGSV,3,2,09,26,53,277,16,29,25,122,42,31,34,259,22,35,61,186,22,5*73
$GBGSV,3,3,09,39,33,000,46,5*43
$GBGSV,3,1,10,12,21,097,17,19,23,068,27,20,15,116,24,22,09,018,16,8*77
$GBGSV,3,2,10,24,23,228,27,26,53,277,19,29,25,122,47,31,34,259,18,8*71
$GBGSV,3,3,10,35,61,186,28,39,33,000,46,8*72
$GBGSV,1,1,01,11,06,113,,0*43
$GNGLL,3001.74226,S,05112.75031,W,165705.00,A,D*7D
$GNRMC,165706.00,A,3001.74227,S,05112.75031,W,0.018,,090926,,,F,V*13
$GNVTG,,T,,M,0.018,N,0.034,K,D*36
$GNGGA,165706.00,3001.74227,S,05112.75031,W,5,12,1.06,47.5,M,4.8,M,2.0,0920*62
$GNGSA,M,3,05,12,13,23,25,26,28,29,31,,,,2.09,1.06,1.80,1*0D
$GNGSA,M,3,16,25,36,02,10,11,,,,,,,2.09,1.06,1.80,3*0C
$GNGSA,M,3,12,19,24,26,29,31,35,39,,,,,2.09,1.06,1.80,4*01
$GPGSV,2,1,08,05,38,121,47,12,23,037,40,18,66,268,14,23,22,356,44,1*63
$GPGSV,2,2,08,25,57,022,52,28,24,289,23,29,58,155,31,31,21,256,31,1*67
$GPGSV,2,1,08,05,38,121,42,12,23,037,25,13,17,032,21,23,22,356,39,6*6E
$GPGSV,2,2,08,25,57,022,46,26,23,224,18,29,58,155,17,31,21,256,19,6*6D
$GPGSV,2,1,06,13,17,032,27,18,66,268,25,23,22,356,42,25,57,022,54,8*69
$GPGSV,2,2,06,26,23,224,21,28,24,289,18,8*6F
$GPGSV,1,1,03,15,07,056,,20,00,082,,21,10,140,,0*59
$GAGSV,2,1,07,02,30,221,19,10,39,143,39,11,68,157,26,14,22,092,21,1*7A
$GAGSV,2,2,07,16,41,046,40,25,86,178,33,36,55,303,17,1*42
$GAGSV,1,1,03,14,22,092,31,16,41,046,48,25,86,178,34,5*42
$GAGSV,2,1,05,10,39,143,34,11,68,157,15,14,22,092,22,16,41,046,46,7*7A
$GAGSV,2,2,05,25,86,178,30,7*42
$GAGSV,1,1,02,12,16,139,,34,06,313,,0*79
$GBGSV,2,1,07,12,21,097,26,19,23,068,22,22,09,018,24,24,23,228,27,3*71
$GBGSV,2,2,07,29,25,122,43,35,61,186,31,39,33,000,49,3*42
$GBGSV,3,1,09,12,21,097,28,19,23,068,17,22,09,018,20,24,23,228,22,5*71
$GBGSV,3,2,09,26,53,277,16,29,25,122,42,31,34,259,22,35,61,186,21,5*70
$GBGSV,3,3,09,39,33,000,46,5*43
$GBGSV,3,1,10,12,21,097,18,19,23,068,26,20,15,116,24,22,09,018,17,8*78
$GBGSV,3,2,10,24,23,228,27,26,53,277,19,29,25,122,47,31,34,259,18,8*71
$GBGSV,3,3,10,35,61,186,28,39,33,000,46,8*72
$GBGSV,1,1,01,11,06,113,,0*43
$GNGLL,3001.74227,S,05112.75031,W,165706.00,A,D*7F
$GNRMC,165707.00,A,3001.74226,S,05112.75031,W,0.020,,090926,,,F,V*18
$GNVTG,,T,,M,0.020,N,0.038,K,D*31
$GNGGA,165707.00,3001.74226,S,05112.75031,W,5,12,1.04,47.6,M,4.8,M,2.0,0920*63
$GNGSA,M,3,05,12,13,18,23,25,26,28,29,31,,,2.08,1.04,1.80,1*07
$GNGSA,M,3,16,25,36,02,10,11,,,,,,,2.08,1.04,1.80,3*0F
$GNGSA,M,3,12,19,24,26,29,31,35,39,,,,,2.08,1.04,1.80,4*02
$GPGSV,2,1,08,05,38,121,47,12,23,037,40,18,66,268,15,23,22,356,44,1*62
$GPGSV,2,2,08,25,57,022,52,28,24,289,22,29,58,155,31,31,21,256,31,1*66
$GPGSV,2,1,08,05,38,121,42,12,23,037,25,13,17,032,22,23,22,356,39,6*6D
$GPGSV,2,2,08,25,57,022,46,26,23,224,18,29,58,155,18,31,21,256,19,6*62
$GPGSV,2,1,06,13,17,032,27,18,66,268,25,23,22,356,42,25,57,022,54,8*69
$GPGSV,2,2,06,26,23,224,21,28,24,289,19,8*6E
$GPGSV,1,1,03,15,07,056,,20,00,082,,21,10,140,,0*59
$GAGSV,2,1,07,02,30,221,19,10,39,143,39,11,68,157,26,14,22,092,21,1*7A
$GAGSV,2,2,07,16,41,046,40,25,86,178,33,36,55,303,16,1*43
$GAGSV,1,1,03,14,22,092,31,16,41,046,48,25,86,178,34,5*42
$GAGSV,2,1,05,10,39,143,34,11,68,157,15,14,22,092,22,16,41,046,46,7*7A
$GAGSV,2,2,05,25,86,178,30,7*42
$GAGSV,1,1,02,12,16,139,,34,06,313,,0*79
$GBGSV,2,1,07,12,21,097,26,19,23,068,22,22,09,018,24,24,23,228,27,3*71
$GBGSV,2,2,07,29,25,122,43,35,61,186,32,39,33,000,49,3*41
$GBGSV,3,1,09,12,21,097,28,19,23,068,16,22,09,018,20,24,23,228,22,5*70
$GBGSV,3,2,09,26,53,277,16,29,25,122,42,31,34,259,21,35,61,186,22,5*70
$GBGSV,3,3,09,39,33,000,45,5*40
$GBGSV,3,1,10,12,21,097,18,19,23,068,26,20,15,116,24,22,09,018,17,8*78
$GBGSV,3,2,10,24,23,228,26,26,53,277,20,29,25,122,46,31,34,259,18,8*7B
$GBGSV,3,3,10,35,61,186,28,39,33,000,46,8*72
$GBGSV,1,1,01,11,06,113,,0*43
$GNGLL,3001.74226,S,05112.75031,W,165707.00,A,D*7F
$GNRMC,165708.00,A,3001.74226,S,05112.75030,W,0.014,,090926,,,F,V*11
$GNVTG,,T,,M,0.014,N,0.026,K,D*39
$GNGGA,165708.00,3001.74226,S,05112.75030,W,5,12,1.06,47.6,M,4.8,M,2.0,0920*6F
$GNGSA,M,3,05,12,13,23,25,26,28,29,31,,,,2.09,1.06,1.80,1*0D
$GNGSA,M,3,16,25,36,02,10,11,,,,,,,2.09,1.06,1.80,3*0C
$GNGSA,M,3,12,19,24,26,29,35,39,,,,,,2.09,1.06,1.80,4*03
$GPGSV,2,1,08,05,38,121,47,12,23,037,40,18,66,268,14,23,22,356,44,1*63
$GPGSV,2,2,08,25,57,022,52,28,24,289,22,29,58,155,31,31,21,256,31,1*66
$GPGSV,2,1,08,05,38,121,42,12,23,037,25,13,17,032,22,23,22,356,39,6*6D
$GPGSV,2,2,08,25,57,022,46,26,23,224,18,29,58,155,18,31,21,256,19,6*62
$GPGSV,2,1,06,13,17,032,27,18,66,268,25,23,22,356,42,25,57,022,54,8*69
$GPGSV,2,2,06,26,23,224,21,28,24,289,19,8*6E
$GPGSV,1,1,03,15,07,056,,20,00,082,,21,10,140,,0*59
$GAGSV,2,1,07,02,30,221,19,10,39,143,39,11,68,157,26,14,22,092,21,1*7A
$GAGSV,2,2,07,16,41,046,40,25,86,178,33,36,55,303,15,1*40
$GAGSV,1,1,03,14,22,092,31,16,41,046,48,25,86,178,34,5*42
$GAGSV,2,1,05,10,39,143,34,11,68,157,15,14,22,092,21,16,41,046,45,7*7A
$GAGSV,2,2,05,25,86,178,30,7*42
$GAGSV,1,1,02,12,16,139,,34,06,313,,0*79
$GBGSV,2,1,07,12,21,097,26,19,23,068,22,22,09,018,23,24,23,228,26,3*77
$GBGSV,2,2,07,29,25,122,43,35,61,186,31,39,33,000,49,3*42
$GBGSV,3,1,09,12,21,097,28,19,23,068,15,22,09,018,20,24,23,228,22,5*73
$GBGSV,3,2,09,26,53,277,15,29,25,122,42,31,34,259,21,35,61,186,22,5*73
$GBGSV,3,3,09,39,33,000,45,5*40
$GBGSV,3,1,11,11,06,113,16,12,21,097,17,19,23,068,27,20,15,116,24,8*73
$GBGSV,3,2,11,22,09,018,18,24,23,228,26,26,53,277,20,29,25,122,46,8*71
$GBGSV,3,3,11,31,34,259,18,35,61,186,28,39,33,000,46,8*41
$GNGLL,3001.74226,S,05112.75030,W,165708.00,A,D*71
$GNRMC,165709.00,A,3001.74226,S,05112.75030,W,0.003,,090926,,,F,V*16
$GNVTG,,T,,M,0.003,N,0.005,K,D*3E
$GNGGA,165709.00,3001.74226,S,05112.75030,W,5,12,1.06,47.6,M,4.8,M,2.0,0920*6E
$GNGSA,M,3,05,12,13,23,25,26,28,29,31,,,,2.09,1.06,1.80,1*0D
$GNGSA,M,3,16,25,36,02,10,11,,,,,,,2.09,1.06,1.80,3*0C
$GNGSA,M,3,12,19,24,26,29,31,35,39,,,,,2.09,1.06,1.80,4*01
$GPGSV,3,1,09,05,38,121,47,12,23,037,40,18,66,268,12,23,22,356,44,1*65
$GPGSV,3,2,09,25,57,022,52,26,23,224,23,28,24,289,22,29,58,155,31,1*64
$GPGSV,3,3,09,31,21,256,31,1*5F
$GPGSV,2,1,08,05,38,121,42,12,23,037,25,13,17,032,22,23,22,356,39,6*6D
$GPGSV,2,2,08,25,57,022,46,26,23,224,18,29,58,155,18,31,21,256,19,6*62
$GPGSV,2,1,06,13,17,032,27,18,66,268,24,23,22,356,42,25,57,022,54,8*68
$GPGSV,2,2,06,26,23,224,21,28,24,289,19,8*6E
$GPGSV,1,1,03,15,08,056,,20,00,082,,21,10,140,,0*56
$GAGSV,2,1,07,02,30,221,20,10,39,143,39,11,68,157,26,14,22,092,21,1*70
$GAGSV,2,2,07,16,41,046,40,25,86,178,33,36,55,303,16,1*43
$GAGSV,1,1,03,14,22,092,31,16,41,046,48,25,86,178,34,5*42
$GAGSV,2,1,06,10,39,143,34,11,68,157,15,14,22,092,21,14,22,092,21,7*75
$GAGSV,2,2,06,16,41,046,45,25,86,178,31,7*71
$GAGSV,1,1,02,12,16,139,,34,06,313,,0*79
$GBGSV,2,1,07,12,21,097,26,19,23,068,21,22,09,018,23,24,23,228,26,3*74
$GBGSV,2,2,07,29,25,122,43,35,61,186,32,39,33,000,49,3*41
$GBGSV,3,1,09,12,21,097,28,19,23,068,15,22,09,018,19,24,23,228,22,5*79
$GBGSV,3,2,09,26,53,277,14,29,25,122,42,31,34,259,22,35,61,186,22,5*71
$GBGSV,3,3,09,39,33,000,45,5*40
$GBGSV,3,1,11,11,06,113,14,12,21,097,16,19,23,068,27,20,15,116,24,8*70
$GBGSV,3,2,11,22,09,018,17,24,23,228,26,26,53,277,20,29,25,122,46,8*7E
$GBGSV,3,3,11,31,34,259,18,35,61,186,28,39,33,000,46,8*41
$GNGLL,3001.74226,S,05112.75030,W,165709.00,A,D*70
$GNRMC,165710.00,A,3001.74226,S,05112.75030,W,0.029,,090926,,,F,V*16
$GNVTG,,T,,M,0.029,N,0.054,K,D*32
$GNGGA,165710.00,3001.74226,S,05112.75030,W,5,12,1.06,47.6,M,4.8,M,2.0,0920*66
$GNGSA,M,3,05,12,13,23,25,26,28,29,31,,,,2.09,1.06,1.80,1*0D
$GNGSA,M,3,16,25,36,02,10,11,,,,,,,2.09,1.06,1.80,3*0C
$GNGSA,M,3,12,19,24,26,29,31,35,39,,,,,2.09,1.06,1.80,4*01
$GPGSV,3,1,09,05,38,121,47,12,23,037,40,18,66,268,08,23,22,356,44,1*6E
$GPGSV,3,2,09,25,57,022,52,26,23,224,23,28,24,289,22,29,58,155,31,1*64
$GPGSV,3,3,09,31,21,256,31,1*5F
$GPGSV,1,1,01,28,24,289,13,5*5C
$GPGSV,2,1,08,05,38,121,42,12,23,037,25,13,17,032,22,23,22,356,39,6*6D
$GPGSV,2,2,08,25,57,022,46,26,23,224,18,29,58,155,19,31,21,256,19,6*63
$GPGSV,2,1,06,13,17,032,27,18,66,268,24,23,22,356,42,25,57,022,54,8*68
$GPGSV,2,2,06,26,23,224,21,28,24,289,19,8*6E
$GPGSV,1,1,03,15,08,056,,20,00,082,,21,10,140,,0*56
$GAGSV,2,1,07,02,30,221,20,10,39,143,39,11,68,157,26,14,22,092,21,1*70
$GAGSV,2,2,07,16,41,046,40,25,86,178,33,36,55,303,16,1*43
$GAGSV,1,1,03,14,22,092,30,16,41,046,48,25,86,178,34,5*43
$GAGSV,2,1,05,10,39,143,34,11,68,157,14,14,22,092,20,16,41,046,45,7*7A
$GAGSV,2,2,05,25,86,178,30,7*42
$GAGSV,1,1,02,12,16,139,,34,06,313,,0*79
$GBGSV,2,1,07,12,21,097,26,19,23,068,22,22,09,018,23,24,23,228,25,3*74
$GBGSV,2,2,07,29,25,122,43,35,61,186,32,39,33,000,49,3*41
$GBGSV,3,1,09,12,21,097,28,19,23,068,16,22,09,018,20,24,23,228,22,5*70
$GBGSV,3,2,09,26,53,277,14,29,25,122,42,31,34,259,22,35,61,186,21,5*72
$GBGSV,3,3,09,39,33,000,45,5*40
$GBGSV,3,1,11,11,06,113,13,12,21,097,16,19,23,068,27,20,15,116,24,8*77
$GBGSV,3,2,11,22,09,018,16,24,23,228,26,26,53,277,20,29,25,122,46,8*7F
$GBGSV,3,3,11,31,34,259,18,35,61,186,28,39,33,000,46,8*41
$GNGLL,3001.74226,S,05112.75030,W,165710.00,A,D*78
$GNRMC,165711.00,A,3001.74226,S,05112.75029,W,0.024,,090926,,,F,V*12
$GNVTG,,T,,M,0.024,N,0.045,K,D*3F
$GNGGA,165711.00,3001.74226,S,05112.75029,W,5,12,1.11,47.6,M,4.8,M,2.0,0920*69
$GNGSA,M,3,05,12,13,23,25,26,28,29,31,,,,2.11,1.11,1.80,1*02
$GNGSA,M,3,16,25,02,10,11,,,,,,,,2.11,1.11,1.80,3*06
$GNGSA,M,3,12,19,24,26,29,31,35,39,,,,,2.11,1.11,1.80,4*0E
$GPGSV,3,1,09,05,38,121,47,12,23,037,40,18,66,268,07,23,22,356,44,1*61
$GPGSV,3,2,09,25,57,022,52,26,23,224,23,28,24,289,22,29,58,155,31,1*64
$GPGSV,3,3,09,31,21,256,31,1*5F
$GPGSV,3,1,09,05,38,121,42,12,23,037,25,13,17,032,22,23,22,356,39,6*6D
$GPGSV,3,2,09,25,57,022,46,26,23,224,17,28,24,289,10,29,58,155,18,6*6B
$GPGSV,3,3,09,31,21,256,19,6*52
$GPGSV,2,1,06,13,17,032,27,18,66,268,24,23,22,356,42,25,57,022,54,8*68
$GPGSV,2,2,06,26,23,224,21,28,24,289,19,8*6E
$GPGSV,1,1,03,15,08,056,,20,00,082,,21,10,140,,0*56
$GAGSV,2,1,07,02,30,221,20,10,39,143,39,11,68,157,26,14,22,092,21,1*70
$GAGSV,2,2,07,16,41,046,40,25,86,178,33,36,55,303,16,1*43
$GAGSV,1,1,03,14,22,092,30,16,41,046,48,25,86,178,34,5*43
$GAGSV,2,1,05,10,39,143,34,11,68,157,14,14,22,092,20,16,41,046,45,7*7A
$GAGSV,2,2,05,25,86,178,30,7*42
$GAGSV,1,1,02,12,16,139,,34,06,313,,0*79
$GBGSV,2,1,07,12,21,097,26,19,23,068,22,22,09,018,23,24,23,228,25,3*74
$GBGSV,2,2,07,29,25,122,43,35,61,186,32,39,33,000,49,3*41
$GBGSV,3,1,09,12,21,097,28,19,23,068,16,22,09,018,20,24,23,228,21,5*73
$GBGSV,3,2,09,26,53,277,14,29,25,122,42,31,34,259,22,35,61,186,21,5*72
$GBGSV,3,3,09,39,33,000,46,5*43
$GBGSV,3,1,11,11,06,113,14,12,21,097,17,19,23,068,26,20,15,116,24,8*70
$GBGSV,3,2,11,22,09,018,15,24,23,228,26,26,53,277,20,29,25,122,46,8*7C
$GBGSV,3,3,11,31,34,259,18,35,61,186,27,39,33,000,46,8*4E
$GNGLL,3001.74226,S,05112.75029,W,165711.00,A,D*71
$GNRMC,165712.00,A,3001.74226,S,05112.75029,W,0.013,,090926,,,F,V*15
$GNVTG,,T,,M,0.013,N,0.025,K,D*3D
$GNGGA,165712.00,3001.74226,S,05112.75029,W,5,12,1.11,47.6,M,4.8,M,2.0,0920*6A
$GNGSA,M,3,05,12,13,23,25,26,28,29,31,,,,2.11,1.11,1.80,1*02
$GNGSA,M,3,16,25,02,10,11,,,,,,,,2.11,1.11,1.80,3*06
$GNGSA,M,3,12,19,24,26,29,31,35,39,,,,,2.11,1.11,1.80,4*0E
$GPGSV,3,1,09,05,38,121,47,12,23,037,40,18,66,266,09,23,22,356,44,1*61
$GPGSV,3,2,09,25,57,022,52,26,23,224,23,28,24,289,22,29,58,155,31,1*64
$GPGSV,3,3,09,31,21,256,31,1*5F
$GPGSV,3,1,09,05,38,121,42,12,23,037,24,13,17,032,22,23,22,356,39,6*6C
$GPGSV,3,2,09,25,57,022,46,26,23,224,16,28,24,289,10,29,58,155,18,6*6A
$GPGSV,3,3,09,31,21,256,19,6*52
$GPGSV,2,1,06,13,17,032,27,18,66,266,24,23,22,356,42,25,57,022,54,8*66
$GPGSV,2,2,06,26,23,224,21,28,24,289,20,8*64
$GPGSV,1,1,03,15,08,056,,20,00,082,,21,10,140,,0*56
$GAGSV,2,1,06,02,30,221,19,10,39,143,39,11,68,157,26,14,22,092,21,1*7B
$GAGSV,2,2,06,16,41,046,40,25,86,178,33,1*70
$GAGSV,1,1,03,14,22,092,30,16,41,046,48,25,86,178,34,5*43
$GAGSV,2,1,05,10,39,143,34,11,68,157,14,14,22,092,20,16,41,046,45,7*7A
$GAGSV,2,2,05,25,86,178,30,7*42
$GAGSV,1,1,03,12,16,139,,34,06,313,,36,55,303,,0*4D
$GBGSV,2,1,07,12,21,097,26,19,23,068,22,22,09,018,23,24,23,228,23,3*72
$GBGSV,2,2,07,29,25,122,43,35,61,186,32,39,33,000,49,3*41
$GBGSV,3,1,09,12,21,097,28,19,23,068,16,22,09,018,20,24,23,228,22,5*70
$GBGSV,3,2,09,26,53,277,14,29,25,122,42,31,34,259,22,35,61,186,21,5*72
$GBGSV,3,3,09,39,33,000,46,5*43
$GBGSV,3,1,11,11,06,113,13,12,21,097,19,19,23,068,26,20,15,116,25,8*78
$GBGSV,3,2,11,22,09,018,14,24,23,228,26,26,53,277,20,29,25,122,46,8*7D
$GBGSV,3,3,11,31,34,259,17,35,61,186,27,39,33,000,46,8*41
$GNGLL,3001.74226,S,05112.75029,W,165712.00,A,D*72
$GNRMC,165713.00,A,3001.74226,S,05112.75029,W,0.005,,090926,,,F,V*13
$GNVTG,,T,,M,0.005,N,0.010,K,D*3C
$GNGGA,165713.00,3001.74226,S,05112.75029,W,5,12,1.11,47.7,M,4.8,M,2.0,0920*6A
$GNGSA,M,3,05,12,13,23,25,26,28,29,31,,,,2.11,1.11,1.80,1*02
$GNGSA,M,3,16,25,02,10,11,,,,,,,,2.11,1.11,1.80,3*06
$GNGSA,M,3,12,19,24,26,29,31,35,39,,,,,2.11,1.11,1.80,4*0E
$GPGSV,2,1,08,05,38,121,47,12,23,037,40,23,22,356,44,25,57,022,52,1*61
$GPGSV,2,2,08,26,23,224,22,28,24,289,23,29,58,155,31,31,21,256,31,1*64
$GPGSV,3,1,09,05,38,121,42,12,23,037,24,13,17,032,22,23,22,356,39,6*6C
$GPGSV,3,2,09,25,57,022,46,26,23,224,16,28,24,289,11,29,58,155,19,6*6A
$GPGSV,3,3,09,31,21,256,20,6*58
$GPGSV,2,1,06,13,17,032,26,18,66,266,24,23,22,356,42,25,57,022,54,8*67
$GPGSV,2,2,06,26,23,224,21,28,24,289,20,8*64
$GPGSV,1,1,03,15,08,056,,20,00,082,,21,10,140,,0*56
$GAGSV,2,1,06,02,30,221,19,10,39,143,39,11,68,157,26,14,22,092,20,1*7A
$GAGSV,2,2,06,16,41,046,40,25,86,178,33,1*70
$GAGSV,1,1,03,14,22,092,30,16,41,046,48,25,86,178,34,5*43
$GAGSV,2,1,05,10,39,143,34,11,68,157,15,14,22,092,20,16,41,046,45,7*7B
$GAGSV,2,2,05,25,86,178,30,7*42
$GAGSV,1,1,03,12,16,139,,34,06,313,,36,55,303,,0*4D
$GBGSV,2,1,07,12,21,097,26,19,23,068,23,22,09,018,23,24,23,228,22,3*72
$GBGSV,2,2,07,29,25,122,43,35,61,186,32,39,33,000,49,3*41
$GBGSV,3,1,09,12,21,097,28,19,23,068,16,22,09,018,20,24,23,228,21,5*73
$GBGSV,3,2,09,26,53,277,15,29,25,122,42,31,34,259,21,35,61,186,21,5*70
$GBGSV,3,3,09,39,33,000,46,5*43
$GBGSV,3,1,11,11,06,113,13,12,21,097,19,19,23,068,26,20,15,116,25,8*78
$GBGSV,3,2,11,22,09,018,15,24,23,228,25,26,53,277,20,29,25,122,46,8*7F
$GBGSV,3,3,11,31,34,259,17,35,61,186,27,39,33,000,46,8*41
$GNGLL,3001.74226,S,05112.75029,W,165713.00,A,D*73
$GNRMC,165714.00,A,3001.74225,S,05112.75028,W,0.009,,090926,,,F,V*1A
$GNVTG,,T,,M,0.009,N,0.017,K,D*37
$GNGGA,165714.00,3001.74225,S,05112.75028,W,5,12,1.11,47.7,M,4.8,M,2.0,0920*6F
$GNGSA,M,3,05,12,13,23,25,26,28,29,31,,,,2.12,1.11,1.80,1*01
$GNGSA,M,3,16,25,02,10,11,,,,,,,,2.12,1.11,1.80,3*05
$GNGSA,M,3,12,19,24,26,29,35,39,,,,,,2.12,1.11,1.80,4*0F
$GPGSV,2,1,08,05,38,121,47,12,23,037,40,23,22,356,44,25,57,022,52,1*61
$GPGSV,2,2,08,26,23,224,22,28,24,289,24,29,58,155,31,31,21,256,31,1*63
$GPGSV,3,1,09,05,38,121,42,12,23,037,24,13,17,032,22,23,22,356,39,6*6C
$GPGSV,3,2,09,25,57,022,46,26,23,224,16,28,24,289,12,29,58,155,19,6*69
$GPGSV,3,3,09,31,21,256,20,6*58
$GPGSV,2,1,06,13,17,032,26,18,66,266,24,23,22,356,42,25,57,022,54,8*67
$GPGSV,2,2,06,26,23,224,21,28,24,289,20,8*64
$GPGSV,1,1,03,15,08,056,,20,00,083,,21,10,140,,0*57
$GAGSV,2,1,06,02,30,221,19,10,39,143,39,11,68,157,26,14,22,092,21,1*7B
$GAGSV,2,2,06,16,41,046,40,25,86,178,33,1*70
$GAGSV,1,1,03,14,22,092,30,16,41,046,48,25,86,178,34,5*43
$GAGSV,2,1,05,10,39,143,34,11,68,157,15,14,22,092,17,16,41,046,45,7*7F
$GAGSV,2,2,05,25,86,178,30,7*42
$GAGSV,1,1,03,12,16,139,,34,06,313,,36,55,303,,0*4D
$GBGSV,2,1,07,12,21,097,26,19,23,068,23,22,09,018,22,24,23,228,21,3*70
$GBGSV,2,2,07,29,25,122,43,35,61,186,32,39,33,000,49,3*41
$GBGSV,3,1,09,12,21,097,28,19,23,068,16,22,09,018,20,24,23,228,22,5*70
$GBGSV,3,2,09,26,53,277,15,29,25,122,42,31,34,259,21,35,61,186,21,5*70
$GBGSV,3,3,09,39,33,000,46,5*43
$GBGSV,3,1,11,11,06,113,12,12,21,097,20,19,23,068,26,20,15,116,24,8*72
$GBGSV,3,2,11,22,09,018,16,24,23,228,25,26,53,277,20,29,25,122,46,8*7C
$GBGSV,3,3,11,31,34,259,17,35,61,186,27,39,33,000,46,8*41
$GNGLL,3001.74225,S,05112.75028,W,165714.00,A,D*76
$GNRMC,165715.00,A,3001.74226,S,05112.75028,W,0.022,,090926,,,F,V*11
$GNVTG,,T,,M,0.022,N,0.041,K,D*3D
$GNGGA,165715.00,3001.74226,S,05112.75028,W,5,12,1.11,47.6,M,4.8,M,2.0,0920*6C
$GNGSA,M,3,05,12,13,23,25,26,28,29,31,,,,2.12,1.11,1.80,1*01
$GNGSA,M,3,16,25,02,10,11,,,,,,,,2.12,1.11,1.80,3*05
$GNGSA,M,3,12,19,24,26,29,31,35,39,,,,,2.12,1.11,1.80,4*0D
$GPGSV,3,1,09,05,38,121,47,12,23,037,40,13,17,032,26,23,22,356,44,1*62
$GPGSV,3,2,09,25,57,022,52,26,23,224,22,28,24,289,24,29,58,155,31,1*63
$GPGSV,3,3,09,31,21,256,31,1*5F
$GPGSV,1,1,01,18,66,266,17,5*5C
$GPGSV,3,1,09,05,38,121,42,12,23,037,24,13,17,032,22,23,22,356,39,6*6C
$GPGSV,3,2,09,25,57,022,46,26,23,224,15,28,24,289,12,29,58,155,19,6*6A
$GPGSV,3,3,09,31,21,256,20,6*58
$GPGSV,2,1,06,13,17,032,26,18,66,266,24,23,22,356,42,25,57,022,54,8*67
$GPGSV,2,2,06,26,23,224,21,28,24,289,21,8*65
$GPGSV,1,1,03,15,08,056,,20,00,083,,21,10,141,,0*56
$GAGSV,2,1,06,02,30,221,19,10,39,143,39,11,68,157,26,14,22,092,21,1*7B
$GAGSV,2,2,06,16,41,046,40,25,86,178,33,1*70
$GAGSV,1,1,03,14,22,092,30,16,41,046,48,25,86,178,34,5*43
$GAGSV,2,1,05,10,39,143,34,11,68,157,14,14,22,092,17,16,41,046,45,7*7E
$GAGSV,2,2,05,25,86,178,30,7*42
$GAGSV,1,1,03,12,16,139,,34,06,313,,36,55,303,,0*4D
$GBGSV,2,1,07,12,21,097,26,19,23,068,23,22,09,018,21,24,23,228,20,3*72
$GBGSV,2,2,07,29,25,122,44,35,61,186,32,39,33,000,49,3*46
$GBGSV,3,1,09,12,21,097,28,19,23,068,17,22,09,018,20,24,23,228,23,5*70
$GBGSV,3,2,09,26,53,277,15,29,25,122,42,31,34,259,21,35,61,186,21,5*70
$GBGSV,3,3,09,39,33,000,46,5*43
$GBGSV,3,1,11,11,06,113,12,12,21,097,21,19,23,068,26,20,15,116,24,8*73
$GBGSV,3,2,11,22,09,018,16,24,23,228,25,26,53,277,20,29,25,122,46,8*7C
$GBGSV,3,3,11,31,34,259,17,35,61,186,27,39,33,000,46,8*41
$GNGLL,3001.74226,S,05112.75028,W,165715.00,A,D*74
$GNRMC,165716.00,A,3001.74226,S,05112.75028,W,0.032,,090926,,,F,V*13
$GNVTG,,T,,M,0.032,N,0.059,K,D*35
$GNGGA,165716.00,3001.74226,S,05112.75028,W,5,12,1.11,47.6,M,4.8,M,2.0,0920*6F
$GNGSA,M,3,05,12,13,23,25,26,28,29,31,,,,2.12,1.11,1.80,1*01
$GNGSA,M,3,16,25,02,10,11,,,,,,,,2.12,1.11,1.80,3*05
$GNGSA,M,3,12,19,24,26,29,31,35,39,,,,,2.12,1.11,1.80,4*0D
$GPGSV,3,1,09,05,38,121,47,12,23,037,40,13,17,032,25,23,22,356,44,1*61
$GPGSV,3,2,09,25,57,022,52,26,23,224,22,28,24,289,24,29,58,155,31,1*63
$GPGSV,3,3,09,31,21,256,31,1*5F
$GPGSV,2,1,08,05,38,121,42,12,23,037,24,13,17,032,22,18,66,266,17,6*6A
$GPGSV,2,2,08,23,22,356,39,25,57,022,46,29,58,155,18,31,21,256,20,6*6B
$GPGSV,2,1,06,13,17,032,26,18,66,266,24,23,22,356,42,25,57,022,54,8*67
$GPGSV,2,2,06,26,23,224,21,28,24,289,21,8*65
$GPGSV,1,1,03,15,08,056,,20,00,083,,21,10,141,,0*56
$GAGSV,2,1,06,02,30,221,19,10,39,143,39,11,68,157,25,14,22,092,21,1*78
$GAGSV,2,2,06,16,41,046,40,25,86,178,33,1*70
$GAGSV,1,1,03,14,22,092,30,16,41,046,48,25,86,178,34,5*43
$GAGSV,2,1,05,10,39,143,34,11,68,157,14,14,22,092,17,16,41,046,45,7*7E
$GAGSV,2,2,05,25,86,178,30,7*42
$GAGSV,1,1,03,12,16,139,,34,06,313,,36,55,303,,0*4D
$GBGSV,2,1,07,12,21,097,26,19,23,068,23,22,09,018,22,24,23,228,20,3*71
$GBGSV,2,2,07,29,25,122,44,35,61,186,32,39,33,000,49,3*46
$GBGSV,3,1,09,12,21,097,29,19,23,068,17,22,09,018,20,24,23,228,22,5*70
$GBGSV,3,2,09,26,53,277,16,29,25,122,42,31,34,259,21,35,61,186,21,5*73
$GBGSV,3,3,09,39,33,000,46,5*43
$GBGSV,3,1,11,11,06,113,12,12,21,097,22,19,23,068,25,20,15,116,24,8*73
$GBGSV,3,2,11,22,09,018,16,24,23,228,24,26,53,277,20,29,25,122,47,8*7C
$GBGSV,3,3,11,31,34,259,17,35,61,186,27,39,33,000,46,8*41
$GNGLL,3001.74226,S,05112.75028,W,165716.00,A,D*77
$GNRMC,165717.00,A,3001.74226,S,05112.75028,W,0.011,,090926,,,F,V*13
$GNVTG,,T,,M,0.011,N,0.021,K,D*3B
$GNGGA,165717.00,3001.74226,S,05112.75028,W,5,12,1.11,47.7,M,4.8,M,2.0,0920*6F
$GNGSA,M,3,05,12,13,23,25,26,28,29,31,,,,2.12,1.11,1.80,1*01
$GNGSA,M,3,16,25,02,10,11,,,,,,,,2.12,1.11,1.80,3*05
$GNGSA,M,3,12,19,24,26,29,35,39,,,,,,2.12,1.11,1.80,4*0F
$GPGSV,3,1,09,05,38,121,47,12,23,037,40,13,17,032,25,23,22,356,44,1*61
$GPGSV,3,2,09,25,57,022,52,26,23,224,22,28,24,289,24,29,58,155,31,1*63
$GPGSV,3,3,09,31,21,256,31,1*5F
$GPGSV,2,1,08,05,38,121,42,12,23,037,24,13,17,032,22,18,66,266,18,6*65
$GPGSV,2,2,08,23,22,356,39,25,57,022,46,29,58,155,18,31,21,256,21,6*6A
$GPGSV,2,1,06,13,17,032,27,18,66,266,23,23,22,356,42,25,57,022,54,8*61
$GPGSV,2,2,06,26,23,224,20,28,24,289,21,8*64
$GPGSV,1,1,03,15,08,056,,20,00,083,,21,10,141,,0*56
$GAGSV,2,1,06,02,30,221,19,10,39,143,39,11,68,157,26,14,22,092,21,1*7B
$GAGSV,2,2,06,16,41,046,40,25,86,178,33,1*70
$GAGSV,1,1,03,14,22,092,30,16,41,046,48,25,86,178,34,5*43
$GAGSV,2,1,05,10,39,143,34,11,68,157,15,14,22,092,16,16,41,046,45,7*7E
$GAGSV,2,2,05,25,86,178,30,7*42
$GAGSV,1,1,03,12,16,139,,34,06,313,,36,55,303,,0*4D
$GBGSV,2,1,07,12,21,097,26,19,23,068,23,22,09,018,22,24,23,228,19,3*7B
$GBGSV,2,2,07,29,25,122,44,35,61,186,32,39,33,000,49,3*46
$GBGSV,3,1,09,12,21,097,29,19,23,068,17,22,09,018,21,24,23,228,23,5*70
$GBGSV,3,2,09,26,53,277,16,29,25,122,42,31,34,259,21,35,61,186,21,5*73
$GBGSV,3,3,09,39,33,000,46,5*43
$GBGSV,3,1,11,11,06,113,11,12,21,097,22,19,23,068,25,20,15,116,23,8*77
$GBGSV,3,2,11,22,09,018,15,24,23,228,24,26,53,277,20,29,25,122,47,8*7F
$GBGSV,3,3,11,31,34,259,18,35,61,186,28,39,33,000,46,8*41
$GNGLL,3001.74226,S,05112.75028,W,165717.00,A,D*76
$GNRMC,165718.00,A,3001.74226,S,05112.75028,W,0.021,,090926,,,F,V*1F
$GNVTG,,T,,M,0.021,N,0.040,K,D*3F
$GNGGA,165718.00,3001.74226,S,05112.75028,W,5,12,1.07,47.7,M,4.8,M,2.0,0920*67
$GNGSA,M,3,05,12,13,18,23,25,26,28,29,31,,,2.10,1.07,1.80,1*0D
$GNGSA,M,3,16,25,02,10,11,,,,,,,,2.10,1.07,1.80,3*00
$GNGSA,M,3,12,19,24,26,29,35,39,,,,,,2.10,1.07,1.80,4*0A
$GPGSV,3,1,09,05,38,121,47,12,23,037,40,13,17,032,25,23,22,356,44,1*61
$GPGSV,3,2,09,25,57,022,52,26,23,224,21,28,24,289,25,29,58,155,31,1*61
$GPGSV,3,3,09,31,21,256,31,1*5F
$GPGSV,2,1,08,05,38,121,42,12,23,037,23,13,17,032,22,18,66,266,18,6*62
$GPGSV,2,2,08,23,22,356,39,25,57,022,46,29,58,155,18,31,21,256,21,6*6A
$GPGSV,2,1,06,13,17,032,27,18,66,266,23,23,22,356,42,25,57,022,54,8*61
$GPGSV,2,2,06,26,23,224,21,28,24,289,22,8*66
$GPGSV,1,1,03,15,08,056,,20,00,083,,21,10,141,,0*56
$GAGSV,2,1,06,02,30,221,20,10,39,143,39,11,68,157,26,14,22,092,21,1*71
$GAGSV,2,2,06,16,41,046,40,25,86,178,33,1*70
$GAGSV,1,1,03,14,22,092,30,16,41,046,48,25,86,178,34,5*43
$GAGSV,2,1,05,10,39,143,34,11,68,157,16,14,22,092,15,16,41,046,45,7*7E
$GAGSV,2,2,05,25,86,178,30,7*42
$GAGSV,1,1,03,12,16,139,,34,06,313,,36,55,303,,0*4D
$GBGSV,2,1,07,12,21,097,26,19,23,068,23,22,09,018,21,24,23,228,19,3*78
$GBGSV,2,2,07,29,25,122,44,35,61,186,32,39,33,000,49,3*46
$GBGSV,3,1,09,12,21,097,29,19,23,068,17,22,09,018,21,24,23,228,22,5*71
$GBGSV,3,2,09,26,53,277,16,29,25,122,42,31,34,259,21,35,61,186,22,5*70
$GBGSV,3,3,09,39,33,000,46,5*43
$GBGSV,3,1,11,11,06,113,13,12,21,097,23,19,23,068,25,20,15,116,23,8*74
$GBGSV,3,2,11,22,09,018,16,24,23,228,24,26,53,277,21,29,25,122,46,8*7C
$GBGSV,3,3,11,31,34,259,18,35,61,186,28,39,33,000,46,8*41
$GNGLL,3001.74226,S,05112.75028,W,165718.00,A,D*79
$GNRMC,165719.00,A,3001.74226,S,05112.75028,W,0.027,,090926,,,F,V*18
$GNVTG,,T,,M,0.027,N,0.050,K,D*38
$GNGGA,165719.00,3001.74226,S,05112.75028,W,5,12,1.07,47.7,M,4.8,M,2.0,0920*66
$GNGSA,M,3,05,12,13,18,23,25,26,28,29,31,,,2.10,1.07,1.80,1*0D
$GNGSA,M,3,16,25,02,10,11,,,,,,,,2.10,1.07,1.80,3*00
$GNGSA,M,3,12,19,24,26,29,35,39,,,,,,2.10,1.07,1.80,4*0A
$GPGSV,3,1,09,05,38,121,47,12,23,037,40,13,17,032,25,23,22,356,44,1*61
$GPGSV,3,2,09,25,56,022,52,26,23,224,21,28,24,289,24,29,58,155,31,1*61
$GPGSV,3,3,09,31,21,256,31,1*5F
$GPGSV,2,1,08,05,38,121,42,12,23,037,23,13,17,032,22,18,66,266,18,6*62
$GPGSV,2,2,08,23,22,356,39,25,56,022,46,29,58,155,18,31,21,256,21,6*6B
$GPGSV,2,1,06,13,17,032,27,18,66,266,22,23,22,356,42,25,56,022,54,8*61
$GPGSV,2,2,06,26,23,224,20,28,24,289,21,8*64
$GPGSV,1,1,03,15,08,056,,20,00,083,,21,10,141,,0*56
$GAGSV,2,1,07,02,30,221,19,10,39,143,39,11,68,157,25,14,22,092,21,1*79
$GAGSV,2,2,07,16,41,046,40,25,86,178,33,36,55,303,18,1*4D
$GAGSV,1,1,03,14,22,092,30,16,41,046,48,25,86,178,34,5*43
$GAGSV,2,1,05,10,39,143,34,11,68,157,16,14,22,092,15,16,41,046,45,7*7E
$GAGSV,2,2,05,25,86,178,30,7*42
$GAGSV,1,1,02,12,16,139,,34,06,313,,0*79
$GBGSV,2,1,07,12,21,097,26,19,23,068,23,22,09,018,21,24,23,228,19,3*78
$GBGSV,2,2,07,29,25,122,43,35,61,186,32,39,33,000,49,3*41
$GBGSV,3,1,09,12,21,097,29,19,23,068,18,22,09,018,20,24,23,228,22,5*7F
$GBGSV,3,2,09,26,53,277,15,29,25,122,42,31,34,259,21,35,61,186,22,5*73
$GBGSV,3,3,09,39,33,000,46,5*43
$GBGSV,3,1,11,11,06,113,13,12,21,097,24,19,23,068,25,20,15,116,24,8*74
$GBGSV,3,2,11,22,09,018,16,24,23,228,24,26,53,277,21,29,25,122,46,8*7C
$GBGSV,3,3,11,31,34,259,18,35,61,186,27,39,33,000,46,8*4E
$GNGLL,3001.74226,S,05112.75028,W,165719.00,A,D*78
$GNRMC,165720.00,A,3001.74225,S,05112.75029,W,0.038,,090926,,,F,V*1E
$GNVTG,,T,,M,0.038,N,0.071,K,D*35
$GNGGA,165720.00,3001.74225,S,05112.75029,W,5,12,1.07,47.7,M,4.8,M,2.0,0920*6E
$GNGSA,M,3,05,12,13,18,23,25,28,29,31,,,,2.10,1.07,1.80,1*09
$GNGSA,M,3,16,25,02,10,11,,,,,,,,2.10,1.07,1.80,3*00
$GNGSA,M,3,12,19,24,26,29,31,35,39,,,,,2.10,1.07,1.80,4*08
$GPGSV,3,1,09,05,38,121,47,12,23,037,40,13,17,032,25,23,22,356,44,1*61
$GPGSV,3,2,09,25,56,022,52,26,24,225,20,28,24,289,24,29,58,155,31,1*66
$GPGSV,3,3,09,31,21,256,31,1*5F
$GPGSV,2,1,08,05,38,121,42,12,23,037,23,13,17,032,22,18,66,266,18,6*62
$GPGSV,2,2,08,23,22,356,39,25,56,022,46,29,58,155,19,31,21,256,20,6*6B
$GPGSV,2,1,06,13,17,032,27,18,66,266,22,23,22,356,42,25,56,022,54,8*61
$GPGSV,2,2,06,26,24,225,20,28,24,289,21,8*62
$GPGSV,1,1,03,15,08,056,,20,00,083,,21,10,141,,0*56
$GAGSV,2,1,07,02,30,221,18,10,39,143,39,11,68,157,26,14,22,092,21,1*7B
$GAGSV,2,2,07,16,41,046,40,25,86,178,33,36,55,303,18,1*4D
$GAGSV,1,1,03,14,22,092,30,16,41,046,48,25,86,178,34,5*43
$GAGSV,2,1,05,10,39,143,34,11,68,157,17,14,22,092,13,16,41,046,45,7*79
$GAGSV,2,2,05,25,86,178,29,7*4A
$GAGSV,1,1,02,12,16,139,,34,06,313,,0*79
$GBGSV,2,1,07,12,21,097,26,19,23,068,23,22,09,018,21,24,23,228,20,3*72
$GBGSV,2,2,07,29,25,122,44,35,61,186,32,39,33,000,49,3*46
$GBGSV,3,1,09,12,21,097,29,19,23,068,19,22,09,018,21,24,23,228,22,5*7F
$GBGSV,3,2,09,26,53,277,13,29,25,122,42,31,34,259,21,35,61,186,22,5*75
$GBGSV,3,3,09,39,33,000,46,5*43
$GBGSV,3,1,10,12,21,097,24,19,23,068,25,20,15,116,24,22,09,018,15,8*76
$GBGSV,3,2,10,24,23,228,24,26,53,277,21,29,25,122,46,31,34,259,18,8*78
$GBGSV,3,3,10,35,61,186,27,39,33,000,46,8*7D
$GBGSV,1,1,01,11,06,113,,0*43
$GNGLL,3001.74225,S,05112.75029,W,165720.00,A,D*70
$GNRMC,165721.00,A,3001.74225,S,05112.75028,W,0.005,,090926,,,F,V*10
$GNVTG,,T,,M,0.005,N,0.010,K,D*3C
$GNGGA,165721.00,3001.74225,S,05112.75028,W,5,12,1.07,47.7,M,4.8,M,2.0,0920*6E
$GNGSA,M,3,05,12,13,18,23,25,28,29,31,,,,2.10,1.07,1.80,1*09
$GNGSA,M,3,16,25,02,10,11,,,,,,,,2.10,1.07,1.80,3*00
$GNGSA,M,3,12,19,24,26,29,31,35,39,,,,,2.10,1.07,1.80,4*08
$GPGSV,2,1,08,05,38,121,47,12,23,037,40,13,17,032,25,23,22,356,44,1*61
$GPGSV,2,2,08,25,56,022,52,28,24,289,23,29,58,155,31,31,21,256,31,1*66
$GPGSV,2,1,08,05,38,121,42,12,23,037,23,13,17,032,22,18,66,266,20,6*69
$GPGSV,2,2,08,23,22,356,39,25,56,022,46,29,58,155,19,31,21,256,20,6*6B
$GPGSV,2,1,06,13,17,032,26,18,66,266,23,23,22,356,42,25,56,022,54,8*61
$GPGSV,2,2,06,26,24,225,20,28,24,289,21,8*62
$GPGSV,1,1,03,15,08,056,,20,00,083,,21,10,141,,0*56
$GAGSV,2,1,07,02,30,221,19,10,39,143,39,11,68,157,25,14,22,092,21,1*79
$GAGSV,2,2,07,16,41,046,40,25,86,178,33,36,55,303,17,1*42
$GAGSV,1,1,03,14,22,092,30,16,41,046,48,25,86,178,34,5*43
$GAGSV,2,1,05,10,39,143,34,11,68,157,18,14,22,092,10,16,41,046,45,7*75
$GAGSV,2,2,05,25,86,178,29,7*4A
$GAGSV,1,1,02,12,16,139,,34,06,313,,0*79
$GBGSV,2,1,07,12,21,097,26,19,23,068,23,22,09,018,21,24,23,228,20,3*72
$GBGSV,2,2,07,29,25,122,44,35,61,186,32,39,33,000,49,3*46
$GBGSV,3,1,09,12,21,097,29,19,23,068,19,22,09,018,20,24,23,228,22,5*7E
$GBGSV,3,2,09,26,53,277,13,29,25,122,42,31,34,259,21,35,61,186,22,5*75
$GBGSV,3,3,09,39,33,000,46,5*43
$GBGSV,3,1,10,12,21,097,25,19,23,068,25,20,15,116,24,22,09,018,14,8*76
$GBGSV,3,2,10,24,23,228,25,26,53,277,21,29,25,122,46,31,34,259,18,8*79
$GBGSV,3,3,10,35,61,186,27,39,33,000,46,8*7D
$GBGSV,1,1,01,11,06,113,,0*43
$GNGLL,3001.74225,S,05112.75028,W,165721.00,A,D*70
$GNRMC,165722.00,A,3001.74225,S,05112.75028,W,0.010,,090926,,,F,V*17
$GNVTG,,T,,M,0.010,N,0.019,K,D*31
$GNGGA,165722.00,3001.74225,S,05112.75028,W,5,12,1.07,47.7,M,4.8,M,2.0,0920*6D
$GNGSA,M,3,05,12,13,18,23,25,28,29,31,,,,2.10,1.07,1.80,1*09
$GNGSA,M,3,16,25,02,10,11,,,,,,,,2.10,1.07,1.80,3*00
$GNGSA,M,3,12,19,24,26,29,35,39,,,,,,2.10,1.07,1.80,4*0A
$GPGSV,2,1,08,05,38,121,47,12,23,037,40,13,17,032,25,23,22,356,44,1*61
$GPGSV,2,2,08,25,56,022,52,28,24,290,24,29,58,155,31,31,21,256,31,1*69
$GPGSV,2,1,08,05,38,121,42,12,23,037,23,13,17,032,22,18,66,266,20,6*69
$GPGSV,2,2,08,23,22,356,39,25,56,022,46,29,58,155,19,31,21,256,20,6*6B
$GPGSV,2,1,06,13,17,032,26,18,66,266,22,23,22,356,42,25,56,022,54,8*60
$GPGSV,2,2,06,26,24,225,20,28,24,290,21,8*6A
$GPGSV,1,1,03,15,08,056,,20,00,083,,21,10,141,,0*56
$GAGSV,2,1,07,02,30,221,19,10,39,143,39,11,68,157,25,14,22,092,21,1*79
$GAGSV,2,2,07,16,41,046,40,25,86,178,33,36,55,303,17,1*42
$GAGSV,1,1,03,14,22,092,30,16,41,046,48,25,86,178,34,5*43
$GAGSV,2,1,05,10,39,143,34,11,68,157,18,14,22,092,10,16,41,046,45,7*75
$GAGSV,2,2,05,25,86,178,30,7*42
$GAGSV,1,1,02,12,16,139,,34,06,313,,0*79
$GBGSV,2,1,07,12,21,097,26,19,23,068,23,22,09,018,21,24,23,228,21,3*73
$GBGSV,2,2,07,29,25,122,44,35,61,186,32,39,33,000,49,3*46
$GBGSV,3,1,09,12,21,097,29,19,23,068,19,22,09,018,20,24,23,228,21,5*7D
$GBGSV,3,2,09,26,53,277,12,29,25,122,42,31,34,259,21,35,61,186,22,5*74
$GBGSV,3,3,09,39,33,000,46,5*43
$GBGSV,3,1,10,12,21,097,25,19,23,068,24,20,15,116,24,22,09,018,13,8*70
$GBGSV,3,2,10,24,23,228,25,26,53,277,21,29,25,122,46,31,34,259,17,8*76
$GBGSV,3,3,10,35,61,186,27,39,33,000,46,8*7D
$GBGSV,1,1,01,11,06,113,,0*43
$GNGLL,3001.74225,S,05112.75028,W,165722.00,A,D*73
$GNRMC,165723.00,A,3001.74225,S,05112.75027,W,0.027,,090926,,,F,V*1D
$GNVTG,,T,,M,0.027,N,0.050,K,D*38
$GNGGA,165723.00,3001.74225,S,05112.75027,W,5,12,1.04,47.8,M,4.8,M,2.0,0920*6F
$GNGSA,M,3,05,12,13,18,23,25,28,29,31,,,,2.08,1.04,1.80,1*03
$GNGSA,M,3,16,25,36,02,10,11,,,,,,,2.08,1.04,1.80,3*0F
$GNGSA,M,3,12,19,24,26,29,31,35,39,,,,,2.08,1.04,1.80,4*02
$GPGSV,2,1,08,05,38,121,47,12,23,037,40,13,17,032,26,23,22,356,44,1*62
$GPGSV,2,2,08,25,56,022,52,28,24,290,25,29,58,153,30,31,21,256,31,1*6F
$GPGSV,2,1,08,05,38,121,42,12,23,037,23,13,17,032,22,18,66,266,20,6*69
$GPGSV,2,2,08,23,22,356,39,25,56,022,46,29,58,153,19,31,21,256,19,6*67
$GPGSV,2,1,06,13,17,032,26,18,66,266,22,23,22,356,42,25,56,022,54,8*60
$GPGSV,2,2,06,26,24,225,20,28,24,290,21,8*6A
$GPGSV,1,1,03,15,08,056,,20,00,083,,21,10,141,,0*56
$GAGSV,2,1,07,02,30,221,20,10,39,143,39,11,67,157,25,14,22,092,20,1*7D
$GAGSV,2,2,07,16,41,046,40,25,86,178,33,36,55,303,17,1*42
$GAGSV,1,1,03,14,22,092,30,16,41,046,48,25,86,178,34,5*43
$GAGSV,2,1,05,10,39,143,34,11,67,157,18,14,22,092,10,16,41,046,45,7*7A
$GAGSV,2,2,05,25,86,178,30,7*42
$GAGSV,1,1,02,12,16,139,,34,06,313,,0*79
$GBGSV,2,1,07,12,21,097,26,19,23,068,23,22,09,018,21,24,23,228,22,3*70
$GBGSV,2,2,07,29,25,122,44,35,61,186,32,39,33,000,49,3*46
$GBGSV,3,1,09,12,21,097,29,19,23,068,19,22,09,018,20,24,23,228,21,5*7D
$GBGSV,3,2,09,26,53,277,14,29,25,122,42,31,34,259,22,35,61,186,22,5*71
$GBGSV,3,3,09,39,33,000,46,5*43
$GBGSV,3,1,10,12,21,097,25,19,23,068,24,20,15,116,24,22,09,018,14,8*77
$GBGSV,3,2,10,24,23,228,26,26,53,277,21,29,25,122,46,31,34,259,17,8*75
$GBGSV,3,3,10,35,61,186,27,39,33,000,46,8*7D
$GBGSV,1,1,01,11,06,113,,0*43
$GNGLL,3001.74225,S,05112.75027,W,165723.00,A,D*7D
$GNRMC,165724.00,A,3001.74225,S,05112.75027,W,0.008,,090926,,,F,V*17
$GNVTG,,T,,M,0.008,N,0.014,K,D*35
$GNGGA,165724.00,3001.74225,S,05112.75027,W,5,12,1.04,47.7,M,4.8,M,2.0,0920*67
$GNGSA,M,3,05,12,13,18,23,25,28,29,31,,,,2.08,1.04,1.80,1*03
$GNGSA,M,3,16,25,36,02,10,11,,,,,,,2.08,1.04,1.80,3*0F
$GNGSA,M,3,12,19,24,26,29,31,35,39,,,,,2.08,1.04,1.80,4*02
$GPGSV,2,1,08,05,38,121,47,12,23,037,40,13,17,032,25,23,22,356,44,1*61
$GPGSV,2,2,08,25,56,022,52,28,24,290,24,29,58,153,30,31,21,256,31,1*6E
$GPGSV,2,1,08,05,38,121,42,12,23,037,22,13,17,032,21,18,66,266,20,6*6B
$GPGSV,2,2,08,23,22,356,39,25,56,022,46,29,58,153,18,31,21,256,19,6*66
$GPGSV,2,1,06,13,17,032,26,18,66,266,22,23,22,356,42,25,56,022,54,8*60
$GPGSV,2,2,06,26,24,225,20,28,24,290,21,8*6A
$GPGSV,1,1,03,15,08,056,,20,00,083,,21,10,141,,0*56
$GAGSV,2,1,07,02,30,221,20,10,39,143,39,11,67,157,25,14,22,092,20,1*7D
$GAGSV,2,2,07,16,41,046,40,25,86,178,33,36,55,303,16,1*43
$GAGSV,1,1,03,14,22,092,30,16,41,046,48,25,86,178,34,5*43
$GAGSV,2,1,05,10,39,143,34,11,67,157,18,14,22,092,09,16,41,046,45,7*72
$GAGSV,2,2,05,25,86,178,29,7*4A
$GAGSV,1,1,02,12,16,139,,34,06,313,,0*79
$GBGSV,2,1,07,12,21,097,26,19,23,068,23,22,09,018,21,24,23,228,22,3*70
$GBGSV,2,2,07,29,25,122,44,35,61,186,32,39,33,000,49,3*46
$GBGSV,3,1,09,12,21,097,29,19,23,068,19,22,09,018,20,24,23,228,21,5*7D
$GBGSV,3,2,09,26,53,277,14,29,25,122,42,31,34,259,22,35,61,186,22,5*71
$GBGSV,3,3,09,39,33,000,46,5*43
$GBGSV,3,1,10,12,21,097,26,19,23,068,24,20,15,116,25,22,09,018,15,8*74
$GBGSV,3,2,10,24,23,228,26,26,53,277,21,29,25,122,46,31,34,259,17,8*75
$GBGSV,3,3,10,35,61,186,27,39,33,000,46,8*7D
$GBGSV,1,1,01,11,06,113,,0*43
$GNGLL,3001.74225,S,05112.75027,W,165724.00,A,D*7A
$GNRMC,165725.00,A,3001.74225,S,05112.75027,W,0.006,,090926,,,F,V*18
$GNVTG,,T,,M,0.006,N,0.012,K,D*3D
$GNGGA,165725.00,3001.74225,S,05112.75027,W,5,12,1.04,47.8,M,4.8,M,2.0,0920*69
$GNGSA,M,3,05,12,13,18,23,25,28,29,31,,,,2.08,1.04,1.80,1*03
$GNGSA,M,3,16,25,36,02,10,11,,,,,,,2.08,1.04,1.80,3*0F
$GNGSA,M,3,12,19,24,26,29,35,39,,,,,,2.08,1.04,1.80,4*00
$GPGSV,3,1,09,05,38,121,47,12,23,037,40,13,17,032,25,13,17,032,25,1*62
$GPGSV,3,2,09,23,22,356,44,25,56,022,52,28,24,290,23,29,58,153,30,1*6A
$GPGSV,3,3,09,31,21,257,31,1*5E
$GPGSV,2,1,08,05,38,121,42,12,23,037,23,13,17,032,21,18,66,266,20,6*6A
$GPGSV,2,2,08,23,22,356,39,25,56,022,46,29,58,153,18,31,21,257,20,6*6D
$GPGSV,2,1,06,13,17,032,26,18,66,266,23,23,22,356,42,25,56,022,54,8*61
$GPGSV,2,2,06,26,24,225,20,28,24,290,21,8*6A
$GPGSV,1,1,03,15,08,056,,20,00,083,,21,10,141,,0*56
$GAGSV,2,1,07,02,30,221,20,10,39,143,39,11,67,157,25,14,22,092,21,1*7C
$GAGSV,2,2,07,16,41,046,40,25,86,178,33,36,55,303,18,1*4D
$GAGSV,1,1,03,14,22,092,30,16,41,046,48,25,86,178,34,5*43
$GAGSV,2,1,05,10,39,143,34,11,67,157,18,14,22,092,10,16,41,046,45,7*7A
$GAGSV,2,2,05,25,86,178,30,7*42
$GAGSV,1,1,02,12,15,139,,34,06,313,,0*7A
$GBGSV,2,1,07,12,21,097,26,19,23,068,23,22,09,018,21,24,23,228,23,3*71
$GBGSV,2,2,07,29,25,122,44,35,61,186,32,39,33,000,49,3*46
$GBGSV,3,1,09,12,21,097,29,19,23,068,20,22,09,018,20,24,23,228,21,5*77
$GBGSV,3,2,09,26,53,277,14,29,25,122,42,31,34,259,22,35,61,186,22,5*71
$GBGSV,3,3,09,39,33,000,46,5*43
$GBGSV,3,1,10,12,21,097,26,19,23,068,24,20,15,116,25,22,09,018,15,8*74
$GBGSV,3,2,10,24,23,228,26,26,53,277,20,29,25,122,46,31,34,259,18,8*7B
$GBGSV,3,3,10,35,61,186,27,39,33,000,46,8*7D
$GBGSV,1,1,01,11,06,113,,0*43
$GNGLL,3001.74225,S,05112.75027,W,165725.00,A,D*7B
$GNRMC,165726.00,A,3001.74225,S,05112.75027,W,0.013,,090926,,,F,V*1F
$GNVTG,,T,,M,0.013,N,0.025,K,D*3D
$GNGGA,165726.00,3001.74225,S,05112.75027,W,5,12,1.04,47.8,M,4.8,M,2.0,0920*6A
$GNGSA,M,3,05,12,13,18,23,25,28,29,31,,,,2.08,1.04,1.80,1*03
$GNGSA,M,3,16,25,36,02,10,11,,,,,,,2.08,1.04,1.80,3*0F
$GNGSA,M,3,12,19,24,26,29,31,35,39,,,,,2.08,1.04,1.80,4*02
$GPGSV,2,1,08,05,38,121,47,12,23,037,40,13,17,032,25,23,22,356,44,1*61
$GPGSV,2,2,08,25,56,022,52,28,24,290,23,29,58,153,31,31,21,257,31,1*69
$GPGSV,2,1,08,05,38,121,42,12,23,037,23,13,17,032,20,18,66,266,20,6*6B
$GPGSV,2,2,08,23,22,356,39,25,56,022,46,29,58,153,19,31,21,257,21,6*6D
$GPGSV,2,1,06,13,17,032,26,18,66,266,23,23,22,356,42,25,56,022,54,8*61
$GPGSV,2,2,06,26,24,225,20,28,24,290,21,8*6A
$GPGSV,1,1,03,15,08,056,,20,00,083,,21,10,141,,0*56
$GAGSV,2,1,07,02,30,221,20,10,39,143,39,11,67,157,25,14,22,092,20,1*7D
$GAGSV,2,2,07,16,41,046,40,25,86,178,33,36,55,303,18,1*4D
$GAGSV,1,1,03,14,22,092,30,16,41,046,48,25,86,178,34,5*43
$GAGSV,2,1,05,10,39,143,34,11,67,157,19,14,22,092,10,16,41,046,45,7*7B
$GAGSV,2,2,05,25,86,178,29,7*4A
$GAGSV,1,1,02,12,15,139,,34,06,313,,0*7A
$GBGSV,2,1,07,12,21,097,26,19,23,068,24,22,09,018,21,24,23,228,25,3*70
$GBGSV,2,2,07,29,25,122,44,35,61,186,32,39,33,000,49,3*46
$GBGSV,3,1,09,12,21,097,29,19,23,068,20,22,09,018,20,24,23,228,21,5*77
$GBGSV,3,2,09,26,53,277,13,29,25,122,42,31,34,259,22,35,61,186,22,5*76
$GBGSV,3,3,09,39,33,000,46,5*43
$GBGSV,3,1,10,12,21,097,27,19,23,068,23,20,15,116,25,22,09,018,16,8*71
$GBGSV,3,2,10,24,23,228,26,26,53,277,20,29,25,122,46,31,34,259,18,8*7B
$GBGSV,3,3,10,35,61,186,27,39,33,000,46,8*7D
$GBGSV,1,1,01,11,06,113,,0*43
$GNGLL,3001.74225,S,05112.75027,W,165726.00,A,D*78
$GNRMC,165727.00,A,3001.74225,S,05112.75027,W,0.010,,090926,,,F,V*1D
$GNVTG,,T,,M,0.010,N,0.018,K,D*30
$GNGGA,165727.00,3001.74225,S,05112.75027,W,5,12,1.04,47.8,M,4.8,M,2.0,0920*6B
$GNGSA,M,3,05,12,13,18,23,25,28,29,31,,,,2.08,1.04,1.80,1*03
$GNGSA,M,3,16,25,36,02,10,11,,,,,,,2.08,1.04,1.80,3*0F
$GNGSA,M,3,12,19,24,26,29,31,35,39,,,,,2.08,1.04,1.80,4*02
$GPGSV,2,1,08,05,38,121,47,12,23,037,40,13,17,032,26,23,22,356,44,1*62
$GPGSV,2,2,08,25,56,022,52,28,24,290,23,29,58,153,30,31,21,257,31,1*68
$GPGSV,2,1,08,05,38,121,42,12,23,037,23,13,17,032,20,18,66,266,20,6*6B
$GPGSV,2,2,08,23,22,356,39,25,56,022,46,29,58,153,20,31,21,257,20,6*66
$GPGSV,2,1,06,13,17,032,26,18,66,266,23,23,22,356,42,25,56,022,54,8*61
$GPGSV,2,2,06,26,24,225,20,28,24,290,22,8*69
$GPGSV,1,1,03,15,08,056,,20,00,083,,21,10,141,,0*56
$GAGSV,2,1,07,02,30,221,19,10,39,143,39,11,67,157,25,14,22,092,20,1*77
$GAGSV,2,2,07,16,41,046,40,25,86,178,33,36,55,303,18,1*4D
$GAGSV,1,1,03,14,22,092,30,16,41,046,48,25,86,178,34,5*43
$GAGSV,2,1,05,10,39,143,34,11,67,157,19,14,22,092,09,16,41,046,45,7*73
$GAGSV,2,2,05,25,86,178,29,7*4A
$GAGSV,1,1,02,12,15,139,,34,06,313,,0*7A
$GBGSV,2,1,07,12,21,097,26,19,23,068,24,22,09,018,20,24,23,228,26,3*72
$GBGSV,2,2,07,29,25,122,44,35,61,186,32,39,33,000,49,3*46
$GBGSV,3,1,09,12,21,097,29,19,23,068,21,22,09,018,20,24,23,228,22,5*75
$GBGSV,3,2,09,26,53,277,14,29,25,122,42,31,34,259,22,35,61,186,23,5*70
$GBGSV,3,3,09,39,33,000,46,5*43
$GBGSV,3,1,10,12,21,097,27,19,23,068,23,20,15,116,25,22,09,018,15,8*72
$GBGSV,3,2,10,24,23,228,26,26,53,277,20,29,25,122,46,31,34,259,18,8*7B
$GBGSV,3,3,10,35,61,186,27,39,33,000,46,8*7D
$GBGSV,1,1,01,11,06,113,,0*43
$GNGLL,3001.74225,S,05112.75027,W,165727.00,A,D*79
$GNRMC,165728.00,A,3001.74225,S,05112.75027,W,0.016,,090926,,,F,V*14
$GNVTG,,T,,M,0.016,N,0.030,K,D*3C
$GNGGA,165728.00,3001.74225,S,05112.75027,W,5,12,1.04,47.8,M,4.8,M,2.0,0920*64
$GNGSA,M,3,05,12,13,18,23,25,28,29,31,,,,2.08,1.04,1.80,1*03
$GNGSA,M,3,16,25,36,02,10,11,,,,,,,2.08,1.04,1.80,3*0F
$GNGSA,M,3,12,19,24,26,29,35,39,,,,,,2.08,1.04,1.80,4*00
$GPGSV,2,1,08,05,38,121,47,12,23,037,40,13,17,032,25,23,22,356,44,1*61
$GPGSV,2,2,08,25,56,022,52,28,24,290,23,29,58,153,30,31,21,257,31,1*68
$GPGSV,2,1,08,05,38,121,42,12,23,037,24,13,17,032,20,18,66,266,20,6*6C
$GPGSV,2,2,08,23,22,356,39,25,56,022,46,29,58,153,20,31,21,257,21,6*67
$GPGSV,2,1,06,13,17,032,26,18,66,266,23,23,22,356,42,25,56,022,54,8*61
$GPGSV,2,2,06,26,24,225,20,28,24,290,22,8*69
$GPGSV,1,1,03,15,08,056,,20,00,083,,21,10,141,,0*56
$GAGSV,2,1,07,02,30,221,20,10,39,143,39,11,67,157,25,14,22,092,19,1*77
$GAGSV,2,2,07,16,41,046,40,25,86,178,33,36,55,303,17,1*42
$GAGSV,1,1,04,10,39,143,33,14,22,092,30,16,41,046,48,25,86,178,34,5*79
$GAGSV,2,1,05,10,39,143,34,11,67,157,19,14,22,092,10,16,41,046,45,7*7B
$GAGSV,2,2,05,25,86,178,29,7*4A
$GAGSV,1,1,02,12,15,139,,34,06,313,,0*7A
$GBGSV,2,1,07,12,21,097,26,19,23,068,25,22,09,018,20,24,23,228,27,3*72
$GBGSV,2,2,07,29,25,122,44,35,61,186,32,39,33,000,49,3*46
$GBGSV,3,1,09,12,21,097,29,19,23,068,21,22,09,018,20,24,23,228,21,5*76
$GBGSV,3,2,09,26,53,277,15,29,25,122,42,31,34,259,22,35,61,186,23,5*71
$GBGSV,3,3,09,39,33,000,46,5*43
$GBGSV,3,1,10,12,21,097,27,19,23,068,23,20,15,116,25,22,09,018,15,8*72
$GBGSV,3,2,10,24,23,228,26,26,53,277,20,29,25,122,46,31,34,259,19,8*7A
$GBGSV,3,3,10,35,61,186,27,39,33,000,46,8*7D
$GBGSV,1,1,01,11,06,113,,0*43
$GNGLL,3001.74225,S,05112.75027,W,165728.00,A,D*76
$GNRMC,165729.00,A,3001.74225,S,05112.75026,W,0.012,,090926,,,F,V*10
$GNVTG,,T,,M,0.012,N,0.022,K,D*3B
$GNGGA,165729.00,3001.74225,S,05112.75026,W,5,12,1.06,47.8,M,4.8,M,2.0,0920*66
$GNGSA,M,3,05,12,13,18,23,25,28,29,31,,,,2.09,1.06,1.80,1*00
$GNGSA,M,3,16,25,36,02,10,11,,,,,,,2.09,1.06,1.80,3*0C
$GNGSA,M,3,12,19,24,26,29,31,35,39,,,,,2.09,1.06,1.80,4*01
$GPGSV,2,1,08,05,38,121,47,12,23,037,40,13,17,032,26,23,22,356,44,1*62
$GPGSV,2,2,08,25,56,022,52,28,24,290,22,29,58,153,31,31,21,257,31,1*68
$GPGSV,2,1,08,05,38,121,42,12,23,037,24,13,17,032,20,18,66,266,21,6*6D
$GPGSV,2,2,08,23,22,356,39,25,56,022,46,29,58,153,20,31,21,257,21,6*67
$GPGSV,2,1,06,13,17,032,26,18,66,266,23,23,22,356,42,25,56,022,54,8*61
$GPGSV,2,2,06,26,24,225,20,28,24,290,23,8*68
$GPGSV,1,1,03,15,08,056,,20,00,083,,21,10,141,,0*56
$GAGSV,2,1,07,02,30,221,19,10,39,143,39,11,67,157,25,14,22,092,19,1*7D
$GAGSV,2,2,07,16,41,046,40,25,86,178,33,36,55,303,16,1*43
$GAGSV,1,1,04,10,39,143,33,14,22,092,30,16,41,046,48,25,86,178,34,5*79
$GAGSV,2,1,05,10,39,143,34,11,67,157,19,14,22,092,10,16,41,046,45,7*7B
$GAGSV,2,2,05,25,86,178,29,7*4A
$GAGSV,1,1,02,12,15,139,,34,06,313,,0*7A
$GBGSV,2,1,07,12,21,097,25,19,23,068,25,22,09,018,20,24,23,228,27,3*71
$GBGSV,2,2,07,29,25,122,44,35,61,186,32,39,33,000,49,3*46
$GBGSV,3,1,09,12,21,097,28,19,23,068,21,22,09,018,20,24,23,228,20,5*76
$GBGSV,3,2,09,26,53,277,16,29,25,122,42,31,34,259,23,35,61,186,23,5*73
$GBGSV,3,3,09,39,33,000,46,5*43
$GBGSV,3,1,10,12,21,097,27,19,23,068,22,20,15,116,24,22,09,018,15,8*72
$GBGSV,3,2,10,24,23,228,26,26,53,277,21,29,25,122,46,31,34,259,18,8*7A
$GBGSV,3,3,10,35,61,186,27,39,33,000,46,8*7D
$GBGSV,1,1,01,11,06,113,,0*43
$GNGLL,3001.74225,S,05112.75026,W,165729.00,A,D*76
$GNRMC,165730.00,A,3001.74225,S,05112.75026,W,0.017,,090926,,,F,V*1D
$GNVTG,,T,,M,0.017,N,0.032,K,D*3F
$GNGGA,165730.00,3001.74225,S,05112.75026,W,5,12,1.06,47.8,M,4.8,M,2.0,0920*6E
$GNGSA,M,3,05,12,13,18,23,25,28,29,31,,,,2.09,1.06,1.80,1*00
$GNGSA,M,3,16,25,36,02,10,11,,,,,,,2.09,1.06,1.80,3*0C
$GNGSA,M,3,12,19,24,26,29,35,39,,,,,,2.09,1.06,1.80,4*03
$GPGSV,2,1,08,05,38,121,47,12,23,037,40,13,17,032,26,23,22,356,44,1*62
$GPGSV,2,2,08,25,56,022,52,28,24,290,21,29,58,153,31,31,21,257,31,1*6B
$GPGSV,2,1,08,05,38,121,42,12,23,037,23,13,17,032,20,18,66,266,20,6*6B
$GPGSV,2,2,08,23,22,356,39,25,56,022,46,29,58,153,19,31,21,257,22,6*6E
$GPGSV,2,1,06,13,17,032,26,18,66,266,23,23,22,356,42,25,56,022,54,8*61
$GPGSV,2,2,06,26,24,225,20,28,24,290,23,8*68
$GPGSV,1,1,03,15,08,056,,20,00,083,,21,10,141,,0*56
$GAGSV,2,1,07,02,30,221,19,10,39,143,39,11,67,157,25,14,22,092,19,1*7D
$GAGSV,2,2,07,16,41,046,40,25,86,178,33,36,55,303,17,1*42
$GAGSV,1,1,04,10,39,143,33,14,22,092,30,16,41,046,48,25,86,178,34,5*79
$GAGSV,2,1,05,10,39,143,34,11,67,157,19,14,22,092,07,16,41,046,45,7*7D
$GAGSV,2,2,05,25,86,178,29,7*4A
$GAGSV,1,1,02,12,15,139,,34,06,313,,0*7A
$GBGSV,2,1,07,12,21,097,25,19,23,068,25,22,09,018,20,24,23,228,28,3*7E
$GBGSV,2,2,07,29,25,122,44,35,61,186,32,39,33,000,49,3*46
$GBGSV,3,1,09,12,21,097,28,19,23,068,22,22,09,018,19,24,23,228,20,5*7F
$GBGSV,3,2,09,26,53,277,18,29,25,122,42,31,34,259,22,35,61,186,23,5*7C
$GBGSV,3,3,09,39,33,000,46,5*43
$GBGSV,3,1,10,12,21,097,27,19,23,068,22,20,15,116,25,22,09,018,15,8*73
$GBGSV,3,2,10,24,23,228,26,26,53,277,21,29,25,122,46,31,34,259,17,8*75
$GBGSV,3,3,10,35,61,186,27,39,33,000,46,8*7D
$GBGSV,1,1,01,11,06,113,,0*43
$GNGLL,3001.74225,S,05112.75026,W,165730.00,A,D*7E
$GNRMC,165731.00,A,3001.74225,S,05112.75026,W,0.007,,090926,,,F,V*1D
$GNVTG,,T,,M,0.007,N,0.013,K,D*3D
$GNGGA,165731.00,3001.74225,S,05112.75026,W,5,12,1.06,47.8,M,4.8,M,2.0,0920*6F
$GNGSA,M,3,05,12,13,18,23,25,28,29,31,,,,2.09,1.06,1.80,1*00
$GNGSA,M,3,16,25,36,02,10,11,,,,,,,2.09,1.06,1.80,3*0C
$GNGSA,M,3,12,19,24,26,29,31,35,39,,,,,2.09,1.06,1.80,4*01
$GPGSV,2,1,07,05,38,121,47,12,23,037,40,23,22,356,44,25,56,022,52,1*6F
$GPGSV,2,2,07,28,24,290,21,29,58,153,31,31,21,257,31,1*57
$GPGSV,2,1,08,05,38,121,42,12,23,037,24,13,17,032,19,18,66,266,20,6*66
$GPGSV,2,2,08,23,22,356,39,25,56,022,46,29,58,153,19,31,21,257,23,6*6F
$GPGSV,2,1,06,13,17,032,25,18,66,266,24,23,22,356,42,25,56,022,54,8*65
$GPGSV,2,2,06,26,24,225,19,28,24,290,23,8*62
$GPGSV,1,1,03,15,08,056,,20,00,083,,21,10,141,,0*56
$GAGSV,2,1,07,02,30,221,19,10,39,143,39,11,67,157,25,14,22,092,19,1*7D
$GAGSV,2,2,07,16,41,046,40,25,86,178,33,36,55,303,17,1*42
$GAGSV,1,1,04,10,39,143,33,14,22,092,30,16,41,046,48,25,86,178,34,5*79
$GAGSV,2,1,05,10,39,143,34,11,67,157,19,14,22,092,14,16,41,046,45,7*7F
$GAGSV,2,2,05,25,86,178,29,7*4A
$GAGSV,1,1,02,12,15,139,,34,06,313,,0*7A
$GBGSV,2,1,07,12,21,097,25,19,23,068,25,22,09,018,20,24,23,228,28,3*7E
$GBGSV,2,2,07,29,25,122,44,35,61,186,32,39,33,000,49,3*46
$GBGSV,3,1,09,12,21,097,28,19,23,068,22,22,09,018,20,24,23,228,21,5*74
$GBGSV,3,2,09,26,53,277,19,29,25,122,42,31,34,259,23,35,61,186,24,5*7B
$GBGSV,3,3,09,39,33,000,46,5*43
$GBGSV,3,1,10,12,21,097,27,19,23,068,22,20,15,116,25,22,09,018,15,8*73
$GBGSV,3,2,10,24,23,228,26,26,53,277,21,29,25,122,46,31,34,259,18,8*7A
$GBGSV,3,3,10,35,61,186,26,39,33,000,46,8*7C
$GBGSV,1,1,01,11,06,113,,0*43
$GNGLL,3001.74225,S,05112.75026,W,165731.00,A,D*7F
$GNRMC,165732.00,A,3001.74225,S,05112.75026,W,0.009,,090926,,,F,V*10
$GNVTG,,T,,M,0.009,N,0.017,K,D*37
$GNGGA,165732.00,3001.74225,S,05112.75026,W,5,12,1.06,47.8,M,4.8,M,2.0,0920*6C
$GNGSA,M,3,05,12,13,18,23,25,28,29,31,,,,2.09,1.06,1.80,1*00
$GNGSA,M,3,16,25,36,02,10,11,,,,,,,2.09,1.06,1.80,3*0C
$GNGSA,M,3,12,19,24,26,29,31,35,39,,,,,2.09,1.06,1.80,4*01
$GPGSV,2,1,07,05,38,121,47,12,23,037,40,23,22,356,44,25,56,022,52,1*6F
$GPGSV,2,2,07,28,24,290,21,29,58,153,31,31,21,257,30,1*56
$GPGSV,3,1,09,05,38,121,42,12,23,037,23,13,17,032,20,18,66,266,21,6*6A
$GPGSV,3,2,09,23,22,356,39,25,56,022,46,28,24,290,17,29,58,153,19,6*6E
$GPGSV,3,3,09,31,21,257,23,6*5A
$GPGSV,2,1,06,13,17,032,26,18,66,266,24,23,22,356,42,25,56,022,54,8*66
$GPGSV,2,2,06,26,24,225,20,28,24,290,23,8*68
$GPGSV,1,1,03,15,08,056,,20,00,083,,21,10,141,,0*56
$GAGSV,2,1,07,02,30,221,19,10,39,143,39,11,67,157,25,14,22,092,19,1*7D
$GAGSV,2,2,07,16,41,046,40,25,86,178,33,36,55,303,16,1*43
$GAGSV,1,1,04,10,39,143,33,14,22,092,29,16,41,046,48,25,86,178,34,5*71
$GAGSV,2,1,05,10,39,143,34,11,67,157,19,14,22,092,15,16,41,046,45,7*7E
$GAGSV,2,2,05,25,86,178,28,7*4B
$GAGSV,1,1,02,12,15,139,,34,06,313,,0*7A
$GBGSV,2,1,07,12,21,097,25,19,23,068,26,22,09,018,20,24,23,228,29,3*7C
$GBGSV,2,2,07,29,25,122,44,35,61,186,32,39,33,000,49,3*46
$GBGSV,3,1,09,12,21,097,28,19,23,068,22,22,09,018,20,24,23,228,21,5*74
$GBGSV,3,2,09,26,53,277,19,29,25,122,42,31,34,259,23,35,61,186,24,5*7B
$GBGSV,3,3,09,39,33,000,46,5*43
$GBGSV,3,1,10,12,21,097,28,19,23,068,22,20,15,116,25,22,09,018,14,8*7D
$GBGSV,3,2,10,24,23,228,25,26,53,277,20,29,25,122,46,31,34,259,17,8*77
$GBGSV,3,3,10,35,61,186,26,39,33,000,46,8*7C
$GBGSV,1,1,01,11,06,113,,0*43
$GNGLL,3001.74225,S,05112.75026,W,165732.00,A,D*7C
$GNRMC,165733.00,A,3001.74225,S,05112.75027,W,0.007,,090926,,,F,V*1E
$GNVTG,,T,,M,0.007,N,0.013,K,D*3D
$GNGGA,165733.00,3001.74225,S,05112.75027,W,5,12,1.06,47.8,M,4.8,M,2.0,0920*6C
$GNGSA,M,3,05,12,13,18,23,25,28,29,31,,,,2.09,1.06,1.80,1*00
$GNGSA,M,3,16,25,36,02,10,11,,,,,,,2.09,1.06,1.80,3*0C
$GNGSA,M,3,12,19,24,26,29,31,35,39,,,,,2.09,1.06,1.80,4*01
$GPGSV,2,1,07,05,38,121,47,12,23,037,40,23,22,356,44,25,56,022,52,1*6F
$GPGSV,2,2,07,28,24,290,21,29,58,153,31,31,21,257,31,1*57
$GPGSV,3,1,09,05,38,121,42,12,23,037,24,13,17,032,20,18,66,266,21,6*6D
$GPGSV,3,2,09,23,22,356,39,25,56,022,46,28,24,290,17,29,58,153,19,6*6E
$GPGSV,3,3,09,31,21,257,23,6*5A
$GPGSV,2,1,06,13,17,032,25,18,66,266,24,23,22,356,42,25,56,022,54,8*65
$GPGSV,2,2,06,26,24,225,20,28,24,290,23,8*68
$GPGSV,1,1,03,15,08,056,,20,00,083,,21,10,141,,0*56
$GAGSV,2,1,07,02,30,221,19,10,39,143,39,11,67,157,25,14,22,092,18,1*7C
$GAGSV,2,2,07,16,41,046,40,25,86,178,33,36,55,303,16,1*43
$GAGSV,1,1,04,10,39,143,33,14,22,092,30,16,41,046,48,25,86,178,34,5*79
$GAGSV,1,1,04,10,39,143,34,11,67,157,19,16,41,046,45,25,86,178,28,7*7B
$GAGSV,1,1,02,12,15,139,,34,06,313,,0*7A
$GBGSV,2,1,07,12,21,097,25,19,23,068,26,22,09,018,19,24,23,228,29,3*76
$GBGSV,2,2,07,29,25,122,44,35,61,186,32,39,33,000,49,3*46
$GBGSV,3,1,09,12,21,097,28,19,23,068,22,22,09,018,20,24,23,228,21,5*74
$GBGSV,3,2,09,26,53,277,19,29,25,122,42,31,34,259,22,35,61,186,23,5*7D
$GBGSV,3,3,09,39,33,000,46,5*43
$GBGSV,3,1,10,12,21,097,28,19,23,068,22,20,15,116,25,22,09,018,13,8*7A
$GBGSV,3,2,10,24,23,228,25,26,53,277,20,29,25,122,46,31,34,259,17,8*77
$GBGSV,3,3,10,35,61,186,26,39,33,000,46,8*7C
$GBGSV,1,1,01,11,06,113,,0*43
$GNGLL,3001.74225,S,05112.75027,W,165733.00,A,D*7C
$GNRMC,165734.00,A,3001.74225,S,05112.75027,W,0.027,,090926,,,F,V*1B
$GNVTG,,T,,M,0.027,N,0.050,K,D*38
$GNGGA,165734.00,3001.74225,S,05112.75027,W,5,12,1.06,47.8,M,4.8,M,2.0,0920*6B
$GNGSA,M,3,05,12,13,18,23,25,28,29,31,,,,2.09,1.06,1.80,1*00
$GNGSA,M,3,16,25,36,02,10,11,,,,,,,2.09,1.06,1.80,3*0C
$GNGSA,M,3,12,19,24,26,29,35,39,,,,,,2.09,1.06,1.80,4*03
$GPGSV,2,1,08,05,38,121,47,12,23,037,40,13,17,032,27,23,22,356,44,1*63
$GPGSV,2,2,08,25,56,022,52,28,24,290,22,29,58,153,32,31,21,257,30,1*6A
$GPGSV,3,1,09,05,38,121,42,12,23,037,24,13,17,032,20,18,66,266,21,6*6D
$GPGSV,3,2,09,23,22,356,39,25,56,022,46,28,24,290,17,29,58,153,19,6*6E
$GPGSV,3,3,09,31,21,257,23,6*5A
$GPGSV,2,1,06,13,17,032,26,18,66,266,24,23,22,356,42,25,56,022,54,8*66
$GPGSV,2,2,06,26,24,225,20,28,24,290,23,8*68
$GPGSV,1,1,03,15,08,056,,20,00,083,,21,10,141,,0*56
$GAGSV,2,1,07,02,30,221,19,10,39,143,39,11,67,157,25,14,22,092,18,1*7C
$GAGSV,2,2,07,16,41,046,40,25,86,178,33,36,55,303,17,1*42
$GAGSV,1,1,04,10,39,143,33,14,22,092,30,16,41,046,48,25,86,178,34,5*79
$GAGSV,1,1,04,10,39,143,34,11,67,157,19,16,41,046,45,25,86,178,28,7*7B
$GAGSV,1,1,02,12,15,139,,34,06,313,,0*7A
$GBGSV,2,1,07,12,21,097,24,19,23,068,25,22,09,018,20,24,23,228,29,3*7E
$GBGSV,2,2,07,29,25,122,44,35,61,186,32,39,33,000,49,3*46
$GBGSV,3,1,09,12,21,097,28,19,23,068,22,22,09,018,20,24,23,228,21,5*74
$GBGSV,3,2,09,26,53,277,18,29,25,122,42,31,34,259,22,35,61,186,24,5*7B
$GBGSV,3,3,09,39,33,000,46,5*43
$GBGSV,3,1,10,12,21,097,28,19,23,068,22,20,15,116,25,22,09,018,12,8*7B
$GBGSV,3,2,10,24,23,228,25,26,53,277,20,29,25,122,46,31,34,259,18,8*78
$GBGSV,3,3,10,35,61,186,26,39,33,000,46,8*7C
$GBGSV,1,1,01,11,06,113,,0*43
$GNGLL,3001.74225,S,05112.75027,W,165734.00,A,D*7B
$GNRMC,165735.00,A,3001.74225,S,05112.75026,W,0.007,,090926,,,F,V*19
$GNVTG,,T,,M,0.007,N,0.013,K,D*3D
$GNGGA,165735.00,3001.74225,S,05112.75026,W,5,12,1.06,47.8,M,4.8,M,2.0,0920*6B
$GNGSA,M,3,05,12,13,18,23,25,28,29,31,,,,2.09,1.06,1.80,1*00
$GNGSA,M,3,16,25,36,02,10,11,,,,,,,2.09,1.06,1.80,3*0C
$GNGSA,M,3,12,19,24,26,29,31,35,39,,,,,2.09,1.06,1.80,4*01
$GPGSV,2,1,08,05,38,121,47,12,23,037,40,13,17,032,26,23,22,356,44,1*62
$GPGSV,2,2,08,25,56,022,52,28,24,290,23,29,58,153,32,31,21,257,31,1*6A
$GPGSV,3,1,09,05,38,121,42,12,23,037,24,13,17,032,20,18,66,266,21,6*6D
$GPGSV,3,2,09,23,22,356,39,25,56,022,46,28,24,290,18,29,58,153,19,6*61
$GPGSV,3,3,09,31,21,257,23,6*5A
$GPGSV,2,1,06,13,17,032,26,18,66,266,25,23,22,356,42,25,56,022,54,8*67
$GPGSV,2,2,06,26,24,225,20,28,24,290,23,8*68
$GPGSV,1,1,03,15,08,056,,20,00,083,,21,10,141,,0*56
$GAGSV,2,1,07,02,30,221,20,10,39,143,39,11,67,157,25,14,22,092,17,1*79
$GAGSV,2,2,07,16,41,046,40,25,86,178,33,36,55,303,16,1*43
$GAGSV,1,1,04,10,39,143,33,14,22,092,30,16,41,046,48,25,86,178,34,5*79
$GAGSV,1,1,04,10,39,143,34,11,67,157,19,16,41,046,45,25,86,178,28,7*7B
$GAGSV,1,1,02,12,15,139,,34,06,313,,0*7A
$GBGSV,2,1,07,12,21,097,23,19,23,068,25,22,09,018,20,24,23,228,29,3*79
$GBGSV,2,2,07,29,25,122,44,35,61,186,32,39,33,000,49,3*46
$GBGSV,3,1,09,12,21,097,28,19,23,068,23,22,09,018,19,24,23,228,20,5*7E
$GBGSV,3,2,09,26,53,277,19,29,25,122,42,31,34,259,22,35,61,186,24,5*7A
$GBGSV,3,3,09,39,33,000,46,5*43
$GBGSV,3,1,10,12,21,097,28,19,23,068,22,20,15,116,25,22,09,018,12,8*7B
$GBGSV,3,2,10,24,23,228,26,26,53,277,20,29,25,122,46,31,34,259,18,8*7B
$GBGSV,3,3,10,35,61,186,26,39,33,000,46,8*7C
$GBGSV,1,1,01,11,06,113,,0*43
$GNGLL,3001.74225,S,05112.75026,W,165735.00,A,D*7B
$GNRMC,165736.00,A,3001.74225,S,05112.75027,W,0.000,,090926,,,F,V*1C
$GNVTG,,T,,M,0.000,N,0.001,K,D*39
$GNGGA,165736.00,3001.74225,S,05112.75027,W,5,12,1.06,47.8,M,4.8,M,2.0,0920*69
$GNGSA,M,3,05,12,13,18,23,25,28,29,31,,,,2.09,1.06,1.80,1*00
$GNGSA,M,3,16,25,36,02,10,11,,,,,,,2.09,1.06,1.80,3*0C
$GNGSA,M,3,12,19,24,26,29,31,35,39,,,,,2.09,1.06,1.80,4*01
$GPGSV,2,1,08,05,38,121,47,12,23,037,40,13,17,032,26,23,22,356,44,1*62
$GPGSV,2,2,08,25,56,022,52,28,24,290,23,29,58,153,32,31,21,257,31,1*6A
$GPGSV,3,1,09,05,38,121,42,12,23,037,25,13,17,032,20,18,66,266,21,6*6C
$GPGSV,3,2,09,23,22,356,39,25,56,022,46,28,24,290,17,29,58,153,19,6*6E
$GPGSV,3,3,09,31,21,257,23,6*5A
$GPGSV,2,1,06,13,17,032,26,18,66,266,25,23,22,356,42,25,56,022,54,8*67
$GPGSV,2,2,06,26,24,225,20,28,24,290,23,8*68
$GPGSV,1,1,03,15,08,056,,20,00,083,,21,10,141,,0*56
$GAGSV,2,1,07,02,30,221,20,10,39,143,39,11,67,157,25,14,22,092,17,1*79
$GAGSV,2,2,07,16,41,046,40,25,86,178,33,36,55,303,16,1*43
$GAGSV,1,1,04,10,39,143,33,14,22,092,30,16,41,046,48,25,86,178,34,5*79
$GAGSV,1,1,04,10,39,143,34,11,67,157,19,16,41,046,45,25,86,178,28,7*7B
$GAGSV,1,1,02,12,15,139,,34,06,313,,0*7A
$GBGSV,2,1,07,12,21,097,24,19,23,068,25,22,09,018,20,24,23,228,30,3*76
$GBGSV,2,2,07,29,25,122,44,35,61,186,32,39,33,000,49,3*46
$GBGSV,3,1,09,12,21,097,27,19,23,068,23,22,09,018,20,24,23,228,20,5*7B
$GBGSV,3,2,09,26,53,277,19,29,25,122,42,31,34,259,23,35,61,186,23,5*7C
$GBGSV,3,3,09,39,33,000,46,5*43
$GBGSV,3,1,10,12,21,097,28,19,23,068,22,20,15,116,25,22,09,018,14,8*7D
$GBGSV,3,2,10,24,23,228,26,26,53,277,21,29,25,122,46,31,34,259,18,8*7A
$GBGSV,3,3,10,35,61,186,26,39,33,000,46,8*7C
$GBGSV,1,1,01,11,06,113,,0*43
$GNGLL,3001.74225,S,05112.75027,W,165736.00,A,D*79
$GNRMC,165737.00,A,3001.74225,S,05112.75027,W,0.011,,090926,,,F,V*1D
$GNVTG,,T,,M,0.011,N,0.021,K,D*3B
$GNGGA,165737.00,3001.74225,S,05112.75027,W,5,12,1.06,47.8,M,4.8,M,2.0,0920*68
$GNGSA,M,3,05,12,13,18,23,25,28,29,31,,,,2.09,1.06,1.80,1*00
$GNGSA,M,3,16,25,36,02,10,11,,,,,,,2.09,1.06,1.80,3*0C
$GNGSA,M,3,12,19,24,26,29,31,35,39,,,,,2.09,1.06,1.80,4*01
$GPGSV,2,1,08,05,38,121,47,12,23,037,40,13,17,032,26,23,22,356,44,1*62
$GPGSV,2,2,08,25,56,022,52,28,24,290,24,29,58,153,32,31,21,257,30,1*6C
$GPGSV,3,1,09,05,38,121,42,12,23,037,24,13,17,032,19,18,66,266,20,6*66
$GPGSV,3,2,09,23,22,356,39,25,56,022,46,28,24,290,18,29,58,153,19,6*61
$GPGSV,3,3,09,31,21,257,23,6*5A
$GPGSV,2,1,06,13,17,032,25,18,66,266,25,23,22,356,42,25,56,022,54,8*64
$GPGSV,2,2,06,26,24,225,20,28,24,290,23,8*68
$GPGSV,1,1,03,15,08,056,,20,00,083,,21,10,141,,0*56
$GAGSV,2,1,07,02,30,221,20,10,38,143,39,11,67,157,25,14,22,092,17,1*78
$GAGSV,2,2,07,16,41,046,40,25,86,178,33,36,55,303,17,1*42
$GAGSV,1,1,04,10,38,143,33,14,22,092,30,16,41,046,48,25,86,178,34,5*78
$GAGSV,1,1,04,10,38,143,34,11,67,157,19,16,41,046,45,25,86,178,28,7*7A
$GAGSV,1,1,02,12,15,139,,34,06,313,,0*7A
$GBGSV,2,1,07,12,21,097,23,19,23,068,25,22,09,018,19,24,23,228,30,3*7B
$GBGSV,2,2,07,29,25,122,44,35,61,186,32,39,33,000,49,3*46
$GBGSV,3,1,09,12,21,097,27,19,23,068,23,22,09,018,20,24,23,228,20,5*7B
$GBGSV,3,2,09,26,53,277,18,29,25,122,42,31,34,259,23,35,61,186,23,5*7D
$GBGSV,3,3,09,39,33,000,46,5*43
$GBGSV,3,1,10,12,21,097,29,19,23,068,23,20,15,116,25,22,09,018,15,8*7C
$GBGSV,3,2,10,24,23,228,26,26,53,277,20,29,25,122,46,31,34,259,19,8*7A
$GBGSV,3,3,10,35,61,186,27,39,33,000,46,8*7D
$GBGSV,1,1,01,11,06,113,,0*43
$GNGLL,3001.74225,S,05112.75027,W,165737.00,A,D*78
$GNRMC,165738.00,A,3001.74225,S,05112.75026,W,0.031,,090926,,,F,V*11
$GNVTG,,T,,M,0.031,N,0.057,K,D*38
$GNGGA,165738.00,3001.74225,S,05112.75026,W,5,12,1.06,47.8,M,4.8,M,2.0,0920*66
$GNGSA,M,3,05,12,13,18,23,25,28,29,31,,,,2.09,1.06,1.80,1*00
$GNGSA,M,3,16,25,36,02,10,11,,,,,,,2.09,1.06,1.80,3*0C
$GNGSA,M,3,12,19,24,26,29,31,35,39,,,,,2.09,1.06,1.80,4*01
$GPGSV,2,1,08,05,38,121,47,12,23,037,40,13,17,032,26,23,22,356,44,1*62
$GPGSV,2,2,08,25,56,022,52,28,24,290,24,29,58,153,32,31,21,257,30,1*6C
$GPGSV,3,1,09,05,38,121,42,12,23,037,24,13,17,032,19,18,66,266,20,6*66
$GPGSV,3,2,09,23,22,356,39,25,56,022,46,28,24,290,17,29,58,153,18,6*6F
$GPGSV,3,3,09,31,21,257,22,6*5B
$GPGSV,2,1,06,13,17,032,26,18,66,266,25,23,22,356,42,25,56,022,54,8*67
$GPGSV,2,2,06,26,24,225,19,28,24,290,23,8*62
$GPGSV,1,1,03,15,08,056,,20,00,083,,21,10,141,,0*56
$GAGSV,2,1,07,02,30,221,19,10,38,143,39,11,67,157,25,14,22,092,17,1*72
$GAGSV,2,2,07,16,41,046,40,25,86,178,33,36,55,303,17,1*42
$GAGSV,1,1,04,10,38,143,33,14,22,092,30,16,41,046,48,25,86,178,34,5*78
$GAGSV,1,1,04,10,38,143,34,11,67,157,19,16,41,046,45,25,86,178,28,7*7A
$GAGSV,1,1,02,12,15,139,,34,06,313,,0*7A
$GBGSV,2,1,07,12,21,097,23,19,23,068,25,22,09,018,19,24,23,228,30,3*7B
$GBGSV,2,2,07,29,25,122,44,35,61,186,31,39,33,000,49,3*45
$GBGSV,3,1,09,12,21,097,27,19,23,068,23,22,09,018,20,24,23,228,20,5*7B
$GBGSV,3,2,09,26,53,277,18,29,25,122,42,31,34,259,22,35,61,186,24,5*7B
$GBGSV,3,3,09,39,33,000,46,5*43
$GBGSV,3,1,10,12,21,097,29,19,23,068,22,20,15,116,25,22,09,018,13,8*7B
$GBGSV,3,2,10,24,23,228,26,26,53,277,21,29,25,122,46,31,34,259,19,8*7B
$GBGSV,3,3,10,35,61,186,26,39,33,000,46,8*7C
$GBGSV,1,1,01,11,06,113,,0*43
$GNGLL,3001.74225,S,05112.75026,W,165738.00,A,D*76
$GNRMC,165739.00,A,3001.74225,S,05112.75026,W,0.026,,090926,,,F,V*16
$GNVTG,,T,,M,0.026,N,0.049,K,D*31
$GNGGA,165739.00,3001.74225,S,05112.75026,W,5,12,1.06,47.8,M,4.8,M,2.0,0920*67
$GNGSA,M,3,05,12,13,18,23,25,28,29,31,,,,2.09,1.06,1.80,1*00
$GNGSA,M,3,16,25,36,02,10,11,,,,,,,2.09,1.06,1.80,3*0C
$GNGSA,M,3,12,19,24,26,29,31,35,39,,,,,2.09,1.06,1.80,4*01
$GPGSV,2,1,08,05,38,121,47,12,23,037,40,13,17,032,26,23,22,356,44,1*62
$GPGSV,2,2,08,25,56,022,52,28,24,290,24,29,58,153,32,31,21,257,31,1*6D
$GPGSV,1,1,01,26,24,225,15,5*52
$GPGSV,3,1,09,05,38,121,42,12,23,037,24,13,17,032,19,18,66,266,21,6*67
$GPGSV,3,2,09,23,22,356,39,25,56,022,46,28,24,290,17,29,58,153,18,6*6F
$GPGSV,3,3,09,31,21,257,22,6*5B
$GPGSV,2,1,06,13,17,032,26,18,66,266,25,23,22,356,42,25,56,022,53,8*60
$GPGSV,2,2,06,26,24,225,19,28,24,290,22,8*63
$GPGSV,1,1,03,15,08,056,,20,00,083,,21,10,141,,0*56
$GAGSV,2,1,07,02,30,221,19,10,38,143,39,11,67,157,25,14,22,092,17,1*72
$GAGSV,2,2,07,16,41,046,40,25,86,178,33,36,55,303,18,1*4D
$GAGSV,1,1,04,10,38,143,33,14,22,092,30,16,41,046,48,25,86,178,34,5*78
$GAGSV,1,1,04,10,38,143,34,11,67,157,18,16,41,046,45,25,86,178,28,7*7B
$GAGSV,1,1,02,12,15,139,,34,06,313,,0*7A
$GBGSV,2,1,07,12,21,097,22,19,23,068,25,22,09,018,19,24,23,228,30,3*7A
$GBGSV,2,2,07,29,25,122,44,35,61,186,32,39,33,000,49,3*46
$GBGSV,3,1,09,12,21,097,27,19,23,068,24,22,09,018,20,24,23,228,20,5*7C
$GBGSV,3,2,09,26,53,277,17,29,25,122,42,31,34,259,22,35,61,186,24,5*74
$GBGSV,3,3,09,39,33,000,46,5*43
$GBGSV,3,1,10,12,21,097,29,19,23,068,22,20,15,116,25,22,09,018,14,8*7C
$GBGSV,3,2,10,24,23,228,26,26,53,277,21,29,25,122,46,31,34,259,19,8*7B
$GBGSV,3,3,10,35,61,186,26,39,33,000,46,8*7C
$GBGSV,1,1,01,11,06,113,,0*43
$GNGLL,3001.74225,S,05112.75026,W,165739.00,A,D*77
$GNRMC,165740.00,A,3001.74225,S,05112.75026,W,0.019,,090926,,,F,V*14
$GNVTG,,T,,M,0.019,N,0.034,K,D*37
$GNGGA,165740.00,3001.74225,S,05112.75026,W,5,12,1.06,47.8,M,4.8,M,2.0,0920*69
$GNGSA,M,3,05,12,13,18,23,25,28,29,31,,,,2.09,1.06,1.80,1*00
$GNGSA,M,3,16,25,36,02,10,11,,,,,,,2.09,1.06,1.80,3*0C
$GNGSA,M,3,12,19,24,26,29,31,35,39,,,,,2.09,1.06,1.80,4*01
$GPGSV,2,1,08,05,38,121,47,12,23,037,40,13,17,032,26,23,22,356,44,1*62
$GPGSV,2,2,08,25,56,022,52,28,24,290,24,29,58,153,32,31,21,257,30,1*6C
$GPGSV,3,1,10,05,38,121,42,12,23,037,24,13,17,032,19,18,66,266,21,6*6F
$GPGSV,3,2,10,23,22,356,39,25,56,022,46,26,24,225,16,28,24,290,17,6*6F
$GPGSV,3,3,10,29,58,153,19,31,21,257,22,6*6A
$GPGSV,2,1,06,13,17,032,26,18,66,266,25,23,22,356,42,25,56,022,54,8*67
$GPGSV,2,2,06,26,24,225,20,28,24,290,22,8*69
$GPGSV,1,1,03,15,08,056,,20,00,083,,21,10,141,,0*56
$GAGSV,2,1,07,02,30,221,20,10,38,143,39,11,67,157,25,14,22,092,17,1*78
$GAGSV,2,2,07,16,41,046,40,25,86,178,33,36,55,303,18,1*4D
$GAGSV,1,1,04,10,38,143,33,14,22,092,30,16,41,046,48,25,86,178,34,5*78
$GAGSV,1,1,04,10,38,143,34,11,67,157,18,16,41,046,45,25,86,178,28,7*7B
$GAGSV,1,1,02,12,15,139,,34,06,313,,0*7A
$GBGSV,2,1,07,12,21,097,22,19,23,068,25,22,09,018,20,24,23,228,30,3*70
$GBGSV,2,2,07,29,25,122,44,35,61,186,32,39,33,000,49,3*46
$GBGSV,3,1,09,12,21,097,27,19,23,068,24,22,09,018,20,24,23,228,19,5*76
$GBGSV,3,2,09,26,53,277,18,29,25,122,42,31,34,259,22,35,61,186,24,5*7B
$GBGSV,3,3,09,39,33,000,46,5*43
$GBGSV,3,1,10,12,21,097,29,19,23,068,22,20,15,116,25,22,09,018,13,8*7B
$GBGSV,3,2,10,24,23,228,26,26,53,277,21,29,25,122,46,31,34,259,19,8*7B
$GBGSV,3,3,10,35,61,186,26,39,33,000,46,8*7C
$GBGSV,1,1,01,11,06,113,,0*43
$GNGLL,3001.74225,S,05112.75026,W,165740.00,A,D*79
$GNRMC,165741.00,A,3001.74225,S,05112.75026,W,0.026,,090926,,,F,V*19
$GNVTG,,T,,M,0.026,N,0.049,K,D*31
$GNGGA,165741.00,3001.74225,S,05112.75026,W,5,12,1.06,47.8,M,4.8,M,2.0,0920*68
$GNGSA,M,3,05,12,13,18,23,25,28,29,31,,,,2.09,1.06,1.80,1*00
$GNGSA,M,3,16,25,36,02,10,11,,,,,,,2.09,1.06,1.80,3*0C
$GNGSA,M,3,12,19,24,26,29,31,35,39,,,,,2.09,1.06,1.80,4*01
$GPGSV,2,1,08,05,38,121,47,12,23,037,40,13,17,032,27,23,22,356,44,1*63
$GPGSV,2,2,08,25,56,022,52,28,24,290,25,29,58,153,32,31,21,257,30,1*6D
$GPGSV,3,1,10,05,38,121,42,12,23,037,24,13,17,032,19,18,66,266,20,6*6E
$GPGSV,3,2,10,23,22,356,39,25,56,022,46,26,24,225,17,28,24,290,17,6*6E
$GPGSV,3,3,10,29,58,153,18,31,21,257,23,6*6A
$GPGSV,2,1,06,13,17,032,26,18,66,266,25,23,22,356,42,25,56,022,54,8*67
$GPGSV,2,2,06,26,24,225,20,28,24,290,23,8*68
$GPGSV,1,1,03,15,08,056,,20,00,083,,21,10,141,,0*56
$GAGSV,2,1,07,02,30,221,19,10,38,143,39,11,67,157,25,14,22,092,18,1*7D
$GAGSV,2,2,07,16,41,046,40,25,86,178,33,36,55,303,17,1*42
$GAGSV,1,1,04,10,38,143,33,14,22,092,30,16,41,046,48,25,86,178,34,5*78
$GAGSV,1,1,04,10,38,143,33,11,67,157,18,16,41,046,45,25,86,178,28,7*7C
$GAGSV,1,1,02,12,15,139,,34,06,313,,0*7A
$GBGSV,2,1,07,12,21,097,21,19,23,068,25,22,09,018,20,24,23,228,30,3*73
$GBGSV,2,2,07,29,25,122,44,35,61,186,32,39,33,000,49,3*46
$GBGSV,3,1,09,12,21,097,26,19,23,068,24,22,09,018,20,24,23,228,20,5*7D
$GBGSV,3,2,09,26,53,277,18,29,25,122,42,31,34,259,22,35,61,186,23,5*7C
$GBGSV,3,3,09,39,33,000,46,5*43
$GBGSV,3,1,10,12,21,097,29,19,23,068,22,20,15,116,25,22,09,018,13,8*7B
$GBGSV,3,2,10,24,23,228,26,26,53,277,21,29,25,122,46,31,34,259,19,8*7B
$GBGSV,3,3,10,35,61,186,26,39,33,000,46,8*7C
$GBGSV,1,1,01,11,06,113,,0*43
$GNGLL,3001.74225,S,05112.75026,W,165741.00,A,D*78
$GNRMC,165742.00,A,3001.74225,S,05112.75026,W,0.011,,090926,,,F,V*1E
$GNVTG,,T,,M,0.011,N,0.021,K,D*3B
$GNGGA,165742.00,3001.74225,S,05112.75026,W,5,12,1.06,47.8,M,4.8,M,2.0,0920*6B
$GNGSA,M,3,05,12,13,18,23,25,26,28,29,31,,,2.09,1.06,1.80,1*04
$GNGSA,M,3,16,25,36,02,10,11,,,,,,,2.09,1.06,1.80,3*0C
$GNGSA,M,3,12,19,24,26,29,35,39,,,,,,2.09,1.06,1.80,4*03
$GPGSV,2,1,08,05,38,121,47,12,23,037,40,13,17,032,27,23,22,356,44,1*63
$GPGSV,2,2,08,25,56,022,52,28,24,290,25,29,58,153,32,31,21,257,30,1*6D
$GPGSV,3,1,10,05,38,121,42,12,23,037,24,13,17,032,20,18,66,266,20,6*64
$GPGSV,3,2,10,23,22,356,39,25,56,022,46,26,24,225,17,28,24,290,17,6*6E
$GPGSV,3,3,10,29,58,153,18,31,21,257,24,6*6D
$GPGSV,2,1,06,13,17,032,26,18,66,266,25,23,22,356,42,25,56,022,54,8*67
$GPGSV,2,2,06,26,24,225,20,28,24,290,22,8*69
$GPGSV,1,1,03,15,08,056,,20,00,083,,21,10,141,,0*56
$GAGSV,2,1,07,02,30,221,20,10,38,143,39,11,67,157,25,14,22,092,17,1*78
$GAGSV,2,2,07,16,41,046,40,25,86,178,33,36,55,303,18,1*4D
$GAGSV,1,1,04,10,38,143,33,14,22,092,30,16,41,046,48,25,86,178,34,5*78
$GAGSV,1,1,04,10,38,143,33,11,67,157,18,16,41,046,45,25,86,178,29,7*7D
$GAGSV,1,1,02,12,15,139,,34,06,313,,0*7A
$GBGSV,2,1,07,12,21,097,20,19,23,068,25,22,09,018,19,24,23,228,30,3*78
$GBGSV,2,2,07,29,25,122,44,35,61,186,32,39,33,000,49,3*46
$GBGSV,3,1,09,12,21,097,26,19,23,068,24,22,09,018,19,24,23,228,20,5*77
$GBGSV,3,2,09,26,53,277,18,29,25,122,42,31,34,259,22,35,61,186,24,5*7B
$GBGSV,3,3,09,39,33,000,46,5*43
$GBGSV,3,1,10,12,21,097,29,19,23,068,22,20,15,116,25,22,09,018,14,8*7C
$GBGSV,3,2,10,24,23,228,26,26,53,277,21,29,25,122,46,31,34,259,19,8*7B
$GBGSV,3,3,10,35,61,186,26,39,33,000,46,8*7C
$GBGSV,1,1,01,11,06,113,,0*43
$GNGLL,3001.74225,S,05112.75026,W,165742.00,A,D*7B
$GNRMC,165743.00,A,3001.74225,S,05112.75026,W,0.025,,090926,,,F,V*18
$GNVTG,,T,,M,0.025,N,0.047,K,D*3C
$GNGGA,165743.00,3001.74225,S,05112.75026,W,5,12,1.06,47.8,M,4.8,M,2.0,0920*6A
$GNGSA,M,3,05,12,13,18,23,25,26,28,29,31,,,2.09,1.06,1.80,1*04
$GNGSA,M,3,16,25,36,02,10,11,,,,,,,2.09,1.06,1.80,3*0C
$GNGSA,M,3,12,19,24,26,29,31,35,39,,,,,2.09,1.06,1.80,4*01
$GPGSV,2,1,08,05,38,121,47,12,23,037,40,13,17,032,27,23,22,356,44,1*63
$GPGSV,2,2,08,25,56,022,52,28,24,290,26,29,58,153,32,31,21,257,30,1*6E
$GPGSV,3,1,10,05,38,121,42,12,23,037,24,13,17,032,20,18,66,266,18,6*6F
$GPGSV,3,2,10,23,22,356,39,25,56,022,46,26,24,225,17,28,24,290,16,6*6F
$GPGSV,3,3,10,29,58,153,18,31,21,257,24,6*6D
$GPGSV,2,1,06,13,17,032,26,18,66,266,25,23,22,356,42,25,56,022,54,8*67
$GPGSV,2,2,06,26,24,225,21,28,24,290,23,8*69
$GPGSV,1,1,03,15,08,056,,20,00,083,,21,10,141,,0*56
$GAGSV,2,1,07,02,30,221,20,10,38,143,39,11,67,157,25,14,22,092,16,1*79
$GAGSV,2,2,07,16,41,046,40,25,86,178,33,36,55,303,18,1*4D
$GAGSV,1,1,04,10,38,143,33,14,22,092,30,16,41,046,48,25,86,178,34,5*78
$GAGSV,1,1,04,10,38,143,33,11,67,157,18,16,41,046,45,25,86,178,29,7*7D
$GAGSV,1,1,02,12,15,139,,34,06,313,,0*7A
$GBGSV,2,1,07,12,21,097,19,19,23,068,25,22,09,018,19,24,23,228,30,3*72
$GBGSV,2,2,07,29,25,122,44,35,61,186,32,39,33,000,49,3*46
$GBGSV,3,1,09,12,21,097,26,19,23,068,24,22,09,018,20,24,23,228,20,5*7D
$GBGSV,3,2,09,26,53,277,18,29,25,122,42,31,34,259,22,35,61,186,24,5*7B
$GBGSV,3,3,09,39,33,000,46,5*43
$GBGSV,3,1,10,12,21,097,29,19,23,068,22,20,15,116,25,22,09,018,13,8*7B
$GBGSV,3,2,10,24,23,228,26,26,53,277,21,29,25,122,46,31,34,259,19,8*7B
$GBGSV,3,3,10,35,61,186,26,39,33,000,46,8*7C
$GBGSV,1,1,01,11,06,113,,0*43
$GNGLL,3001.74225,S,05112.75026,W,165743.00,A,D*7A
$GNRMC,165744.00,A,3001.74225,S,05112.75026,W,0.019,,090926,,,F,V*10
$GNVTG,,T,,M,0.019,N,0.035,K,D*36
$GNGGA,165744.00,3001.74225,S,05112.75026,W,5,12,1.06,47.8,M,4.8,M,2.0,0920*6D
$GNGSA,M,3,05,12,13,18,23,25,26,28,29,31,,,2.09,1.06,1.80,1*04
$GNGSA,M,3,16,25,36,02,10,11,,,,,,,2.09,1.06,1.80,3*0C
$GNGSA,M,3,12,19,24,26,29,31,35,39,,,,,2.09,1.06,1.80,4*01
$GPGSV,2,1,08,05,38,121,47,12,23,037,40,13,17,032,27,23,22,356,44,1*63
$GPGSV,2,2,08,25,56,022,52,28,24,290,26,29,58,153,32,31,21,257,30,1*6E
$GPGSV,3,1,10,05,38,121,42,12,23,037,24,13,17,032,19,18,66,266,18,6*65
$GPGSV,3,2,10,23,22,356,39,25,56,022,46,26,24,225,16,28,24,290,16,6*6E
$GPGSV,3,3,10,29,58,153,17,31,21,257,23,6*65
$GPGSV,2,1,06,13,17,032,26,18,66,266,25,23,22,356,42,25,56,022,54,8*67
$GPGSV,2,2,06,26,24,225,20,28,24,290,23,8*68
$GPGSV,1,1,03,15,08,056,,20,00,083,,21,10,141,,0*56
$GAGSV,2,1,07,02,30,221,20,10,38,143,39,11,67,157,25,14,22,092,16,1*79
$GAGSV,2,2,07,16,41,046,40,25,86,178,33,36,55,303,18,1*4D
$GAGSV,1,1,04,10,38,143,33,14,22,092,30,16,41,046,48,25,86,178,34,5*78
$GAGSV,1,1,04,10,38,143,33,11,67,157,18,16,41,046,45,25,86,178,29,7*7D
$GAGSV,1,1,02,12,15,139,,34,06,313,,0*7A
$GBGSV,2,1,07,12,21,097,19,19,23,068,25,22,09,018,19,24,23,228,30,3*72
$GBGSV,2,2,07,29,25,122,44,35,61,186,32,39,33,000,49,3*46
$GBGSV,3,1,09,12,21,097,26,19,23,068,25,22,09,018,19,24,23,228,20,5*76
$GBGSV,3,2,09,26,53,277,17,29,25,122,42,31,34,259,22,35,61,186,25,5*75
$GBGSV,3,3,09,39,33,000,46,5*43
$GBGSV,3,1,10,12,21,097,29,19,23,068,22,20,15,116,25,22,09,018,13,8*7B
$GBGSV,3,2,10,24,23,228,26,26,53,277,21,29,25,122,46,31,34,259,19,8*7B
$GBGSV,3,3,10,35,61,186,26,39,33,000,46,8*7C
$GBGSV,1,1,01,11,06,113,,0*43
$GNGLL,3001.74225,S,05112.75026,W,165744.00,A,D*7D
$GNRMC,165745.00,A,3001.74225,S,05112.75026,W,0.059,,090926,,,F,V*15
$GNVTG,,T,,M,0.059,N,0.109,K,D*3C
$GNGGA,165745.00,3001.74225,S,05112.75026,W,5,12,1.06,47.8,M,4.8,M,2.0,0920*6C
$GNGSA,M,3,05,12,13,18,23,25,26,28,29,31,,,2.09,1.06,1.80,1*04
$GNGSA,M,3,16,25,36,02,10,11,,,,,,,2.09,1.06,1.80,3*0C
$GNGSA,M,3,12,19,24,26,29,31,35,39,,,,,2.09,1.06,1.80,4*01
$GPGSV,2,1,08,05,38,121,47,12,23,037,40,13,17,032,28,23,22,356,44,1*6C
$GPGSV,2,2,08,25,56,022,52,28,24,290,26,29,58,153,33,31,21,257,30,1*6F
$GPGSV,3,1,10,05,38,121,42,12,23,037,24,13,17,032,19,18,66,266,18,6*65
$GPGSV,3,2,10,23,22,356,39,25,56,022,46,26,24,225,15,28,24,290,16,6*6D
$GPGSV,3,3,10,29,58,153,18,31,21,257,23,6*6A
$GPGSV,2,1,06,13,17,032,26,18,66,266,26,23,22,356,42,25,56,022,54,8*64
$GPGSV,2,2,06,26,24,225,21,28,24,290,24,8*6E
$GPGSV,1,1,03,15,08,056,,20,00,083,,21,10,141,,0*56
$GAGSV,2,1,07,02,30,221,20,10,38,143,39,11,67,157,25,14,22,092,16,1*79
$GAGSV,2,2,07,16,41,046,40,25,86,178,33,36,55,303,18,1*4D
$GAGSV,1,1,04,10,38,143,33,14,22,092,30,16,41,046,48,25,86,178,34,5*78
$GAGSV,1,1,04,10,38,143,33,11,67,157,18,16,41,046,45,25,86,178,29,7*7D
$GAGSV,1,1,02,12,15,139,,34,06,313,,0*7A
$GBGSV,2,1,07,12,21,097,18,19,23,068,26,22,09,018,20,24,23,228,29,3*72
$GBGSV,2,2,07,29,25,122,44,35,61,186,32,39,33,000,49,3*46
$GBGSV,3,1,09,12,21,097,26,19,23,068,25,22,09,018,19,24,23,228,19,5*7C
$GBGSV,3,2,09,26,53,277,17,29,25,122,42,31,34,259,22,35,61,186,25,5*75
$GBGSV,3,3,09,39,33,000,46,5*43
$GBGSV,3,1,10,12,21,097,29,19,23,068,23,20,15,116,25,22,09,018,12,8*7B
$GBGSV,3,2,10,24,23,228,27,26,53,277,21,29,25,122,46,31,34,259,19,8*7A
$GBGSV,3,3,10,35,61,186,26,39,33,000,46,8*7C
$GBGSV,1,1,01,11,06,113,,0*43
$GNGLL,3001.74225,S,05112.75026,W,165745.00,A,D*7C
$GNRMC,165746.00,A,3001.74225,S,05112.75025,W,0.024,,090926,,,F,V*1F
$GNVTG,,T,,M,0.024,N,0.045,K,D*3F
$GNGGA,165746.00,3001.74225,S,05112.75025,W,5,12,0.72,47.9,M,4.8,M,2.0,0920*6F
$GNGSA,M,3,05,12,13,18,23,25,26,28,29,31,,,1.41,0.72,1.22,1*01
$GNGSA,M,3,16,25,36,02,10,11,,,,,,,1.41,0.72,1.22,3*09
$GNGSA,M,3,12,19,24,26,29,31,35,39,,,,,1.41,0.72,1.22,4*04
$GPGSV,2,1,08,05,38,121,47,12,23,037,40,13,17,032,28,23,22,356,44,1*6C
$GPGSV,2,2,08,25,56,022,52,28,24,290,26,29,58,153,32,31,21,257,30,1*6E
$GPGSV,3,1,10,05,38,121,42,12,23,037,24,13,17,032,20,18,66,266,17,6*60
$GPGSV,3,2,10,23,22,356,39,25,56,022,46,26,24,225,15,28,24,290,15,6*6E
$GPGSV,3,3,10,29,58,153,17,31,21,257,24,6*62
$GPGSV,2,1,06,13,17,032,26,18,66,266,25,23,22,356,42,25,56,022,54,8*67
$GPGSV,2,2,06,26,24,225,21,28,24,290,24,8*6E
$GPGSV,1,1,03,15,08,056,,20,00,083,,21,10,141,,0*56
$GAGSV,2,1,07,02,30,221,19,10,38,143,39,11,67,157,25,14,22,092,16,1*73
$GAGSV,2,2,07,16,41,046,40,25,86,178,33,36,55,303,17,1*42
$GAGSV,1,1,04,10,38,143,33,14,22,092,30,16,41,046,48,25,86,178,34,5*78
$GAGSV,1,1,04,10,38,143,34,11,67,157,17,16,41,046,45,25,86,178,29,7*75
$GAGSV,1,1,02,12,15,139,,34,06,313,,0*7A
$GBGSV,2,1,07,12,21,097,17,19,23,068,26,22,09,018,20,24,23,228,29,3*7D
$GBGSV,2,2,07,29,25,122,44,35,61,186,32,39,33,000,49,3*46
$GBGSV,3,1,09,12,21,097,25,19,23,068,25,22,09,018,19,24,23,228,19,5*7F
$GBGSV,3,2,09,26,53,277,16,29,25,122,42,31,34,259,22,35,61,186,25,5*74
$GBGSV,3,3,09,39,33,000,46,5*43
$GBGSV,3,1,10,12,21,097,29,19,23,068,23,20,15,116,25,22,09,018,11,8*78
$GBGSV,3,2,10,24,23,228,27,26,53,277,21,29,25,122,46,31,34,259,19,8*7A
$GBGSV,3,3,10,35,61,186,26,39,33,000,46,8*7C
$GBGSV,1,1,01,11,06,113,,0*43
$GNGLL,3001.74225,S,05112.75025,W,165746.00,A,D*7C
$GNRMC,165747.00,A,3001.74225,S,05112.75025,W,0.027,,090926,,,F,V*1D
$GNVTG,,T,,M,0.027,N,0.050,K,D*38
$GNGGA,165747.00,3001.74225,S,05112.75025,W,5,12,0.72,47.9,M,4.8,M,2.0,0920*6E
$GNGSA,M,3,05,12,13,18,23,25,26,28,29,31,,,1.41,0.72,1.22,1*01
$GNGSA,M,3,16,25,36,02,10,11,,,,,,,1.41,0.72,1.22,3*09
$GNGSA,M,3,12,19,24,26,29,35,39,,,,,,1.41,0.72,1.22,4*06
$GPGSV,2,1,08,05,38,121,47,12,23,037,40,13,17,032,28,23,22,356,44,1*6C
$GPGSV,2,2,08,25,56,022,52,28,24,290,27,29,58,153,32,31,21,257,30,1*6F
$GPGSV,3,1,10,05,38,121,42,12,23,037,23,13,17,032,20,18,66,266,16,6*66
$GPGSV,3,2,10,23,22,356,39,25,56,022,46,26,24,225,15,28,24,290,14,6*6F
$GPGSV,3,3,10,29,58,153,16,31,21,257,24,6*63
$GPGSV,2,1,06,13,17,032,26,18,66,266,26,23,22,356,42,25,56,022,54,8*64
$GPGSV,2,2,06,26,24,225,21,28,24,290,24,8*6E
$GPGSV,1,1,03,15,08,056,,20,00,083,,21,10,141,,0*56
$GAGSV,2,1,07,02,30,221,19,10,38,143,39,11,67,157,25,14,22,092,16,1*73
$GAGSV,2,2,07,16,41,046,40,25,86,174,33,36,55,303,18,1*41
$GAGSV,1,1,04,10,38,143,33,14,22,092,30,16,41,046,48,25,86,174,34,5*74
$GAGSV,1,1,04,10,38,143,33,11,67,157,17,16,41,046,45,25,86,174,29,7*7E
$GAGSV,1,1,02,12,15,139,,34,06,313,,0*7A
$GBGSV,2,1,07,12,21,097,17,19,23,068,27,22,09,018,20,24,23,228,29,3*7C
$GBGSV,2,2,07,29,25,122,44,35,61,186,32,39,33,000,49,3*46
$GBGSV,3,1,09,12,21,097,25,19,23,068,26,22,09,018,20,24,23,228,19,5*76
$GBGSV,3,2,09,26,53,277,15,29,25,122,42,31,34,259,22,35,61,186,24,5*76
$GBGSV,3,3,09,39,33,000,46,5*43
$GBGSV,3,1,10,12,21,097,29,19,23,068,23,20,15,116,25,22,09,018,10,8*79
$GBGSV,3,2,10,24,23,228,27,26,53,277,21,29,25,122,46,31,34,259,18,8*7B
$GBGSV,3,3,10,35,61,186,25,39,33,000,46,8*7F
$GBGSV,1,1,01,11,06,113,,0*43
$GNGLL,3001.74225,S,05112.75025,W,165747.00,A,D*7D
$GNRMC,165748.00,A,3001.74225,S,05112.75026,W,0.033,,090926,,,F,V*14
$GNVTG,,T,,M,0.033,N,0.061,K,D*3F
$GNGGA,165748.00,3001.74225,S,05112.75026,W,5,12,0.72,47.9,M,4.8,M,2.0,0920*62
$GNGSA,M,3,05,12,13,23,25,26,28,29,31,,,,1.41,0.72,1.22,1*08
$GNGSA,M,3,16,25,36,02,10,11,,,,,,,1.41,0.72,1.22,3*09
$GNGSA,M,3,12,19,24,26,29,31,35,39,,,,,1.41,0.72,1.22,4*04
$GPGSV,2,1,08,05,38,121,47,12,23,037,40,13,17,032,28,23,22,356,44,1*6C
$GPGSV,2,2,08,25,56,022,52,28,24,290,26,29,58,153,32,31,21,257,30,1*6E
$GPGSV,3,1,10,05,38,121,42,12,23,037,23,13,17,032,20,18,66,266,14,6*64
$GPGSV,3,2,10,23,22,356,39,25,56,022,46,26,24,225,16,28,24,290,14,6*6C
$GPGSV,3,3,10,29,58,153,15,31,21,257,24,6*60
$GPGSV,2,1,06,13,17,032,26,18,66,266,25,23,22,356,42,25,56,022,53,8*60
$GPGSV,2,2,06,26,24,225,21,28,24,290,24,8*6E
$GPGSV,1,1,03,15,08,056,,20,00,083,,21,10,141,,0*56
$GAGSV,2,1,07,02,30,221,18,10,38,143,39,11,67,157,25,14,22,092,17,1*73
$GAGSV,2,2,07,16,41,046,40,25,86,174,33,36,55,303,18,1*41
$GAGSV,1,1,04,10,38,143,33,14,22,092,30,16,41,046,48,25,86,174,34,5*74
$GAGSV,1,1,04,10,38,143,33,11,67,157,17,16,41,046,45,25,86,174,29,7*7E
$GAGSV,1,1,02,12,15,139,,34,06,313,,0*7A
$GBGSV,2,1,07,12,21,097,17,19,23,068,27,22,09,018,20,24,23,228,28,3*7D
$GBGSV,2,2,07,29,25,122,44,35,61,186,32,39,33,000,49,3*46
$GBGSV,3,1,09,12,21,097,25,19,23,068,26,22,09,018,20,24,23,228,20,5*7C
$GBGSV,3,2,09,26,53,277,15,29,25,122,42,31,34,259,22,35,61,186,25,5*77
$GBGSV,3,3,09,39,33,000,46,5*43
$GBGSV,3,1,10,12,21,097,30,19,23,068,23,20,15,116,25,22,09,018,11,8*70
$GBGSV,3,2,10,24,23,228,27,26,53,277,21,29,25,122,46,31,34,259,18,8*7B
$GBGSV,3,3,10,35,61,186,25,39,33,000,46,8*7F
$GBGSV,1,1,01,11,06,113,,0*43
$GNGLL,3001.74225,S,05112.75026,W,165748.00,A,D*71
$GNRMC,165749.00,A,3001.74225,S,05112.75026,W,0.022,,090926,,,F,V*15
$GNVTG,,T,,M,0.022,N,0.041,K,D*3D
$GNGGA,165749.00,3001.74225,S,05112.75026,W,5,12,0.72,47.9,M,4.8,M,2.0,0920*63
$GNGSA,M,3,05,12,13,23,25,26,28,29,31,,,,1.41,0.72,1.22,1*08
$GNGSA,M,3,16,25,36,02,10,11,,,,,,,1.41,0.72,1.22,3*09
$GNGSA,M,3,12,19,24,26,29,31,35,39,,,,,1.41,0.72,1.22,4*04
$GPGSV,3,1,10,05,38,121,47,12,23,037,40,13,17,032,28,18,66,266,19,1*66
$GPGSV,3,2,10,18,66,266,19,23,22,356,44,25,56,022,52,28,24,290,26,1*66
$GPGSV,3,3,10,29,58,153,32,31,21,257,30,1*67
$GPGSV,3,1,10,05,38,121,42,12,23,037,24,13,17,032,20,18,66,266,13,6*64
$GPGSV,3,2,10,23,22,356,39,25,56,022,46,26,24,225,16,28,24,290,15,6*6D
$GPGSV,3,3,10,29,58,153,14,31,21,257,24,6*61
$GPGSV,2,1,06,13,17,032,26,18,66,266,25,23,22,356,42,25,56,022,53,8*60
$GPGSV,2,2,06,26,24,225,21,28,24,290,23,8*69
$GPGSV,1,1,03,15,08,056,,20,00,083,,21,10,141,,0*56
$GAGSV,2,1,07,02,30,221,18,10,38,143,39,11,67,157,25,14,22,092,17,1*73
$GAGSV,2,2,07,16,41,046,40,25,86,174,33,36,55,303,18,1*41
$GAGSV,1,1,04,10,38,143,32,14,22,092,30,16,41,046,48,25,86,174,34,5*75
$GAGSV,1,1,04,10,38,143,33,11,67,157,17,16,41,046,45,25,86,174,29,7*7E
$GAGSV,1,1,02,12,15,139,,34,06,313,,0*7A
$GBGSV,2,1,07,12,21,097,15,19,23,068,27,22,09,018,20,24,23,228,28,3*7F
$GBGSV,2,2,07,29,25,122,44,35,61,186,32,39,33,000,49,3*46
$GBGSV,3,1,09,12,21,097,25,19,23,068,26,22,09,018,20,24,23,228,20,5*7C
$GBGSV,3,2,09,26,53,277,15,29,25,122,42,31,34,259,23,35,61,186,25,5*76
$GBGSV,3,3,09,39,33,000,46,5*43
$GBGSV,3,1,10,12,21,097,30,19,23,068,24,20,15,116,25,22,09,018,13,8*75
$GBGSV,3,2,10,24,23,228,27,26,53,277,20,29,25,122,46,31,34,259,18,8*7A
$GBGSV,3,3,10,35,61,186,25,39,33,000,46,8*7F
$GBGSV,1,1,01,11,06,113,,0*43
$GNGLL,3001.74225,S,05112.75026,W,165749.00,A,D*70
$GNRMC,165750.00,A,3001.74225,S,05112.75025,W,0.034,,090926,,,F,V*19
$GNVTG,,T,,M,0.034,N,0.062,K,D*3B
$GNGGA,165750.00,3001.74225,S,05112.75025,W,5,12,0.72,47.9,M,4.8,M,2.0,0920*68
$GNGSA,M,3,05,12,13,23,25,26,28,29,31,,,,1.41,0.72,1.22,1*08
$GNGSA,M,3,16,25,36,02,10,11,,,,,,,1.41,0.72,1.22,3*09
$GNGSA,M,3,12,19,24,26,29,31,35,39,,,,,1.41,0.72,1.22,4*04
$GPGSV,3,1,09,05,38,121,47,12,23,037,40,13,17,032,28,18,66,266,18,1*6F
$GPGSV,3,2,09,23,22,356,44,25,56,022,52,28,24,290,26,29,58,153,32,1*6D
$GPGSV,3,3,09,31,21,257,30,1*5F
$GPGSV,3,1,09,05,38,121,42,12,23,037,24,13,17,032,20,23,22,356,39,6*6E
$GPGSV,3,2,09,25,56,022,46,26,24,225,16,28,24,290,15,29,58,153,14,6*6A
$GPGSV,3,3,09,31,21,257,25,6*5C
$GPGSV,2,1,06,13,17,032,26,18,66,266,25,23,22,356,42,25,56,022,53,8*60
$GPGSV,2,2,06,26,24,225,21,28,24,290,23,8*69
$GPGSV,1,1,03,15,08,056,,20,00,083,,21,10,141,,0*56
$GAGSV,2,1,07,02,30,221,19,10,38,143,39,11,67,157,25,14,22,092,17,1*72
$GAGSV,2,2,07,16,41,046,40,25,86,174,33,36,55,303,17,1*4E
$GAGSV,1,1,04,10,38,143,33,14,22,092,31,16,41,046,48,25,86,174,34,5*75
$GAGSV,1,1,04,10,38,143,33,11,67,157,16,16,41,046,45,25,86,174,29,7*7F
$GAGSV,1,1,02,12,15,139,,34,06,313,,0*7A
$GBGSV,2,1,07,12,21,097,14,19,23,068,27,22,09,018,20,24,23,228,28,3*7E
$GBGSV,2,2,07,29,25,122,44,35,61,186,32,39,33,000,49,3*46
$GBGSV,3,1,09,12,21,097,25,19,23,068,26,22,09,018,19,24,23,228,20,5*76
$GBGSV,3,2,09,26,53,277,13,29,25,122,42,31,34,259,22,35,61,186,25,5*71
$GBGSV,3,3,09,39,33,000,46,5*43
$GBGSV,3,1,10,12,21,097,30,19,23,068,23,20,15,116,25,22,09,018,14,8*75
$GBGSV,3,2,10,24,23,228,27,26,53,277,20,29,25,122,46,31,34,259,18,8*7A
$GBGSV,3,3,10,35,61,186,25,39,33,000,46,8*7F
$GBGSV,1,1,01,11,06,113,,0*43
$GNGLL,3001.74225,S,05112.75025,W,165750.00,A,D*7B
$GNRMC,165751.00,A,3001.74225,S,05112.75025,W,0.039,,090926,,,F,V*15
$GNVTG,,T,,M,0.039,N,0.072,K,D*37
$GNGGA,165751.00,3001.74225,S,05112.75025,W,5,12,0.72,47.9,M,4.8,M,2.0,0920*69
$GNGSA,M,3,05,12,13,23,25,26,28,29,31,,,,1.42,0.72,1.22,1*0B
$GNGSA,M,3,16,25,36,02,10,11,,,,,,,1.42,0.72,1.22,3*0A
$GNGSA,M,3,12,19,24,26,29,35,39,,,,,,1.42,0.72,1.22,4*05
$GPGSV,3,1,09,05,38,121,47,12,23,037,40,13,17,032,28,18,66,266,19,1*6E
$GPGSV,3,2,09,23,22,356,44,25,56,022,52,28,24,290,26,29,58,153,32,1*6D
$GPGSV,3,3,09,31,21,257,31,1*5E
$GPGSV,3,1,09,05,38,121,42,12,23,037,24,13,17,032,20,23,22,356,39,6*6E
$GPGSV,3,2,09,25,56,022,46,26,24,225,17,28,24,290,15,29,58,153,15,6*6A
$GPGSV,3,3,09,31,21,257,25,6*5C
$GPGSV,2,1,06,13,17,032,26,18,66,266,25,23,22,356,42,25,56,022,54,8*67
$GPGSV,2,2,06,26,24,225,21,28,24,290,22,8*68
$GPGSV,1,1,03,15,08,056,,20,00,083,,21,10,141,,0*56
$GAGSV,2,1,07,02,30,221,18,10,38,143,39,11,67,157,25,14,22,092,18,1*7C
$GAGSV,2,2,07,16,41,046,40,25,86,174,33,36,55,303,17,1*4E
$GAGSV,1,1,04,10,38,143,33,14,22,092,30,16,41,046,48,25,86,174,34,5*74
$GAGSV,1,1,04,10,38,143,33,11,67,157,15,16,41,046,45,25,86,174,29,7*7C
$GAGSV,1,1,02,12,15,139,,34,06,313,,0*7A
$GBGSV,2,1,07,12,21,097,11,19,23,068,27,22,09,018,20,24,23,228,27,3*74
$GBGSV,2,2,07,29,25,122,44,35,61,186,32,39,33,000,49,3*46
$GBGSV,3,1,09,12,21,097,24,19,23,068,26,22,09,018,19,24,23,228,20,5*77
$GBGSV,3,2,09,26,53,277,13,29,25,122,42,31,34,259,22,35,61,186,25,5*71
$GBGSV,3,3,09,39,33,000,46,5*43
$GBGSV,3,1,10,12,21,097,30,19,23,068,23,20,15,116,25,22,09,018,15,8*74
$GBGSV,3,2,10,24,23,228,27,26,53,277,20,29,25,122,46,31,34,259,18,8*7A
$GBGSV,3,3,10,35,61,186,25,39,33,000,46,8*7F
$GBGSV,1,1,01,11,06,113,,0*43
$GNGLL,3001.74225,S,05112.75025,W,165751.00,A,D*7A
$GNRMC,165752.00,A,3001.74225,S,05112.75026,W,0.010,,090926,,,F,V*1E
$GNVTG,,T,,M,0.010,N,0.019,K,D*31
$GNGGA,165752.00,3001.74225,S,05112.75026,W,5,12,0.72,47.9,M,4.8,M,2.0,0920*69
$GNGSA,M,3,05,12,13,18,23,25,26,28,29,31,,,1.42,0.72,1.22,1*02
$GNGSA,M,3,16,25,36,02,10,11,,,,,,,1.42,0.72,1.22,3*0A
$GNGSA,M,3,12,19,24,26,29,35,39,,,,,,1.42,0.72,1.22,4*05
$GPGSV,3,1,09,05,38,121,47,12,23,037,40,13,17,032,27,18,66,266,19,1*61
$GPGSV,3,2,09,23,22,356,44,25,56,022,52,28,24,290,25,29,58,153,32,1*6E
$GPGSV,3,3,09,31,21,257,31,1*5E
$GPGSV,3,1,09,05,38,121,42,12,23,037,24,13,17,032,20,23,22,356,39,6*6E
$GPGSV,3,2,09,25,56,022,46,26,24,225,17,28,24,290,14,29,58,153,16,6*68
$GPGSV,3,3,09,31,21,257,26,6*5F
$GPGSV,2,1,06,13,17,032,26,18,66,266,25,23,22,356,42,25,56,022,54,8*67
$GPGSV,2,2,06,26,24,225,21,28,24,290,22,8*68
$GPGSV,1,1,03,15,08,056,,20,00,083,,21,10,141,,0*56
$GAGSV,2,1,07,02,30,221,19,10,38,143,39,11,67,157,25,14,22,092,18,1*7D
$GAGSV,2,2,07,16,41,046,40,25,86,174,33,36,55,303,17,1*4E
$GAGSV,1,1,04,10,38,143,32,14,22,092,30,16,41,046,48,25,86,174,34,5*75
$GAGSV,1,1,04,10,38,143,33,11,67,157,15,16,41,046,45,25,86,174,29,7*7C
$GAGSV,1,1,02,12,15,139,,34,06,313,,0*7A
$GBGSV,2,1,07,12,21,097,12,19,23,068,27,22,09,018,20,24,23,228,26,3*76
$GBGSV,2,2,07,29,25,122,44,35,61,186,32,39,33,000,49,3*46
$GBGSV,3,1,09,12,21,097,24,19,23,068,26,22,09,018,19,24,23,228,19,5*7D
$GBGSV,3,2,09,26,53,277,12,29,25,122,42,31,34,259,22,35,61,186,25,5*70
$GBGSV,3,3,09,39,33,000,46,5*43
$GBGSV,3,1,10,12,21,097,29,19,23,068,24,20,15,116,26,22,09,018,14,8*79
$GBGSV,3,2,10,24,23,228,27,26,53,277,20,29,25,122,46,31,34,259,18,8*7A
$GBGSV,3,3,10,35,61,186,25,39,33,000,46,8*7F
$GBGSV,1,1,01,11,06,113,,0*43
$GNGLL,3001.74225,S,05112.75026,W,165752.00,A,D*7A
$GNRMC,165753.00,A,3001.74225,S,05112.75025,W,0.013,,090926,,,F,V*1F
$GNVTG,,T,,M,0.013,N,0.025,K,D*3D
$GNGGA,165753.00,3001.74225,S,05112.75025,W,5,12,0.72,47.9,M,4.8,M,2.0,0920*6B
$GNGSA,M,3,05,12,13,18,23,25,26,28,29,31,,,1.39,0.72,1.20,1*0C
$GNGSA,M,3,16,25,36,02,10,11,,,,,,,1.39,0.72,1.20,3*04
$GNGSA,M,3,12,19,24,26,29,35,39,,,,,,1.39,0.72,1.20,4*0B
$GPGSV,3,1,09,05,38,121,47,12,23,037,40,13,17,032,27,18,66,266,19,1*61
$GPGSV,3,2,09,23,22,356,44,25,56,022,52,28,24,290,24,29,58,153,31,1*6C
$GPGSV,3,3,09,31,21,257,31,1*5E
$GPGSV,3,1,09,05,38,121,42,12,23,037,24,13,17,032,21,23,22,356,39,6*6F
$GPGSV,3,2,09,25,56,022,46,26,24,225,17,28,24,290,13,29,58,153,16,6*6F
$GPGSV,3,3,09,31,21,257,26,6*5F
$GPGSV,2,1,06,13,17,032,25,18,66,266,25,23,22,356,42,25,56,022,54,8*64
$GPGSV,2,2,06,26,24,225,21,28,24,290,22,8*68
$GPGSV,1,1,03,15,08,056,,20,00,083,,21,10,141,,0*56
$GAGSV,2,1,07,02,30,221,18,10,38,143,39,11,67,157,25,14,22,092,18,1*7C
$GAGSV,2,2,07,16,41,046,40,25,86,174,33,36,55,303,18,1*41
$GAGSV,1,1,04,10,38,143,32,14,22,092,31,16,41,046,48,25,86,174,34,5*74
$GAGSV,1,1,04,10,38,143,33,11,67,157,15,16,41,046,45,25,86,174,29,7*7C
$GAGSV,1,1,02,12,15,139,,34,06,313,,0*7A
$GBGSV,2,1,07,12,21,097,10,19,23,068,28,22,09,018,20,24,23,228,25,3*78
$GBGSV,2,2,07,29,25,122,44,35,61,186,32,39,33,000,49,3*46
$GBGSV,2,1,08,12,21,097,23,19,23,068,26,22,09,018,20,24,23,228,20,5*7A
$GBGSV,2,2,08,29,25,122,42,31,34,259,22,35,61,186,24,39,33,000,46,5*7A
$GBGSV,3,1,10,12,21,097,29,19,23,068,24,20,15,116,25,22,09,018,13,8*7D
$GBGSV,3,2,10,24,23,228,28,26,53,277,21,29,25,122,46,31,34,259,19,8*75
$GBGSV,3,3,10,35,61,186,25,39,33,000,46,8*7F
$GBGSV,1,1,01,11,06,113,,0*43
$GNGLL,3001.74225,S,05112.75025,W,165753.00,A,D*78
$GNRMC,165754.00,A,3001.74225,S,05112.75025,W,0.008,,090926,,,F,V*12
$GNVTG,,T,,M,0.008,N,0.015,K,D*34
$GNGGA,165754.00,3001.74225,S,05112.75025,W,5,12,0.72,47.9,M,4.8,M,2.0,0920*6C
$GNGSA,M,3,05,12,13,18,23,25,26,28,29,31,,,1.39,0.72,1.20,1*0C
$GNGSA,M,3,16,25,36,02,10,11,,,,,,,1.39,0.72,1.20,3*04
$GNGSA,M,3,12,19,24,26,29,31,35,39,,,,,1.39,0.72,1.20,4*09
$GPGSV,3,1,09,05,38,121,47,12,23,037,40,13,17,032,27,18,66,266,21,1*6A
$GPGSV,3,2,09,23,22,356,44,25,56,022,52,28,24,290,24,29,58,153,31,1*6C
$GPGSV,3,3,09,31,21,257,30,1*5F
$GPGSV,3,1,09,05,38,121,42,12,23,037,24,13,17,032,20,23,22,356,39,6*6E
$GPGSV,3,2,09,25,56,022,46,26,24,225,17,28,24,290,13,29,58,153,17,6*6E
$GPGSV,3,3,09,31,21,257,26,6*5F
$GPGSV,2,1,05,13,17,032,25,18,66,266,25,23,22,356,42,25,56,022,54,8*67
$GPGSV,2,2,05,26,24,225,21,8*5C
$GPGSV,1,1,03,15,08,056,,20,00,083,,21,10,141,,0*56
$GAGSV,2,1,07,02,30,221,18,10,38,143,39,11,67,157,25,14,22,092,18,1*7C
$GAGSV,2,2,07,16,41,046,40,25,86,174,34,36,55,303,18,1*46
$GAGSV,1,1,04,10,38,143,33,14,22,092,31,16,41,046,48,25,86,174,34,5*75
$GAGSV,1,1,04,10,38,143,33,11,67,157,14,16,41,046,45,25,86,174,29,7*7D
$GAGSV,1,1,02,12,15,139,,34,06,313,,0*7A
$GBGSV,2,1,07,12,21,097,11,19,23,068,28,22,09,018,20,24,23,228,25,3*79
$GBGSV,2,2,07,29,25,122,44,35,61,186,32,39,33,000,49,3*46
$GBGSV,2,1,08,12,21,097,23,19,23,068,27,22,09,018,20,24,23,228,19,5*71
$GBGSV,2,2,08,29,25,122,42,31,34,259,22,35,61,186,24,39,33,000,46,5*7A
$GBGSV,3,1,10,12,21,097,29,19,23,068,24,20,15,116,26,22,09,018,13,8*7E
$GBGSV,3,2,10,24,23,228,27,26,53,277,20,29,25,122,46,31,34,259,18,8*7A
$GBGSV,3,3,10,35,61,186,25,39,33,000,46,8*7F
$GBGSV,1,1,01,11,06,113,,0*43
$GNGLL,3001.74225,S,05112.75025,W,165754.00,A,D*7F
$GNRMC,165755.00,A,3001.74225,S,05112.75025,W,0.004,,090926,,,F,V*1F
$GNVTG,,T,,M,0.004,N,0.007,K,D*3B
$GNGGA,165755.00,3001.74225,S,05112.75025,W,5,12,0.72,47.9,M,4.8,M,2.0,0920*6D
$GNGSA,M,3,05,12,13,18,23,25,26,28,29,31,,,1.39,0.72,1.20,1*0C
$GNGSA,M,3,16,25,36,02,10,11,,,,,,,1.39,0.72,1.20,3*04
$GNGSA,M,3,12,19,24,26,29,31,35,39,,,,,1.39,0.72,1.20,4*09
$GPGSV,3,1,09,05,38,121,47,12,23,037,40,13,17,032,27,18,66,266,21,1*6A
$GPGSV,3,2,09,23,22,356,44,25,56,022,52,28,24,290,23,29,58,153,32,1*68
$GPGSV,3,3,09,31,21,257,31,1*5E
$GPGSV,3,1,09,05,38,121,42,12,23,037,25,13,17,032,20,23,22,356,39,6*6F
$GPGSV,3,2,09,25,56,022,46,26,24,225,17,28,24,290,13,29,58,153,18,6*61
$GPGSV,3,3,09,31,21,257,26,6*5F
$GPGSV,2,1,06,13,17,032,25,18,66,266,25,23,22,356,42,25,56,022,54,8*64
$GPGSV,2,2,06,26,24,225,21,28,24,290,22,8*68
$GPGSV,1,1,03,15,08,056,,20,00,083,,21,10,141,,0*56
$GAGSV,2,1,07,02,30,221,18,10,38,143,39,11,67,157,25,14,22,092,18,1*7C
$GAGSV,2,2,07,16,41,046,40,25,86,174,33,36,55,303,19,1*40
$GAGSV,1,1,04,10,38,143,32,14,22,092,31,16,41,046,48,25,86,174,34,5*74
$GAGSV,1,1,04,10,38,143,34,11,67,157,14,16,41,046,45,25,86,174,29,7*7A
$GAGSV,1,1,02,12,15,139,,34,06,313,,0*7A
$GBGSV,2,1,07,12,21,097,10,19,23,068,28,22,09,018,20,24,23,228,24,3*79
$GBGSV,2,2,07,29,25,122,44,35,61,186,32,39,33,000,49,3*46
$GBGSV,2,1,08,12,21,097,23,19,23,068,27,22,09,018,19,24,23,228,20,5*71
$GBGSV,2,2,08,29,25,122,42,31,34,259,22,35,61,186,25,39,33,000,46,5*7B
$GBGSV,3,1,10,12,21,097,29,19,23,068,24,20,15,116,26,22,09,018,14,8*79
$GBGSV,3,2,10,24,23,228,27,26,53,277,20,29,25,122,46,31,34,259,19,8*7B
$GBGSV,3,3,10,35,61,186,25,39,33,000,46,8*7F
$GBGSV,1,1,01,11,06,113,,0*43
$GNGLL,3001.74225,S,05112.75025,W,165755.00,A,D*7E
$GNRMC,165756.00,A,3001.74225,S,05112.75025,W,0.020,,090926,,,F,V*1A
$GNVTG,,T,,M,0.020,N,0.037,K,D*3E
$GNGGA,165756.00,3001.74225,S,05112.75025,W,5,12,0.72,47.9,M,4.8,M,2.0,0920*6E
$GNGSA,M,3,05,12,13,18,23,25,26,28,29,31,,,1.39,0.72,1.20,1*0C
$GNGSA,M,3,16,25,36,02,10,11,,,,,,,1.39,0.72,1.20,3*04
$GNGSA,M,3,12,19,24,26,29,31,35,39,,,,,1.39,0.72,1.20,4*09
$GPGSV,3,1,09,05,38,121,47,12,23,037,40,13,17,032,27,18,66,266,22,1*69
$GPGSV,3,2,09,23,22,356,44,25,56,022,52,28,24,290,23,29,58,153,32,1*68
$GPGSV,3,3,09,31,21,257,30,1*5F
$GPGSV,3,1,09,05,38,121,42,12,23,037,25,13,17,032,20,23,22,356,39,6*6F
$GPGSV,3,2,09,25,56,022,46,26,24,225,17,28,24,290,13,29,58,153,19,6*60
$GPGSV,3,3,09,31,21,257,26,6*5F
$GPGSV,2,1,06,13,17,032,25,18,66,266,24,23,22,356,42,25,56,022,54,8*65
$GPGSV,2,2,06,26,24,225,21,28,24,290,21,8*6B
$GPGSV,1,1,03,15,08,056,,20,00,083,,21,10,141,,0*56
$GAGSV,2,1,07,02,30,221,19,10,38,143,39,11,67,157,26,14,22,092,18,1*7E
$GAGSV,2,2,07,16,41,046,40,25,86,174,33,36,56,302,18,1*43
$GAGSV,1,1,04,10,38,143,32,14,22,092,31,16,41,046,48,25,86,174,34,5*74
$GAGSV,1,1,04,10,38,143,33,11,67,157,15,16,41,046,45,25,86,174,28,7*7D
$GAGSV,1,1,02,12,15,139,,34,06,313,,0*7A
$GBGSV,2,1,06,19,23,068,28,22,09,018,20,24,23,228,23,29,25,122,44,3*7D
$GBGSV,2,2,06,35,61,186,32,39,33,000,49,3*7A
$GBGSV,2,1,08,12,21,097,22,19,23,068,27,22,09,018,19,24,23,228,20,5*70
$GBGSV,2,2,08,29,25,122,42,31,34,259,23,35,61,186,25,39,33,000,46,5*7A
$GBGSV,3,1,10,12,21,097,29,19,23,068,24,20,15,116,26,22,09,018,13,8*7E
$GBGSV,3,2,10,24,23,228,27,26,53,277,20,29,25,122,46,31,34,259,18,8*7A
$GBGSV,3,3,10,35,61,186,25,39,33,000,46,8*7F
$GBGSV,1,1,01,11,06,113,,0*43
$GNGLL,3001.74225,S,05112.75025,W,165756.00,A,D*7D
$GNRMC,165757.00,A,3001.74225,S,05112.75025,W,0.009,,090926,,,F,V*10
$GNVTG,,T,,M,0.009,N,0.016,K,D*36
$GNGGA,165757.00,3001.74225,S,05112.75025,W,5,12,0.66,47.9,M,4.8,M,2.0,0920*6A
$GNGSA,M,3,05,12,13,18,23,25,26,28,29,31,,,1.29,0.66,1.11,1*0A
$GNGSA,M,3,16,25,36,02,10,11,,,,,,,1.29,0.66,1.11,3*02
$GNGSA,M,3,12,19,24,26,29,31,35,39,,,,,1.29,0.66,1.11,4*0F
$GPGSV,3,1,09,05,38,121,47,12,23,037,40,13,17,032,27,18,66,266,23,1*68
$GPGSV,3,2,09,23,22,356,44,25,56,022,52,28,24,290,22,29,58,153,31,1*6A
$GPGSV,3,3,09,31,21,257,31,1*5E
$GPGSV,3,1,09,05,38,121,42,12,23,037,25,13,17,032,21,23,22,356,39,6*6E
$GPGSV,3,2,09,25,56,022,46,26,24,225,17,28,24,290,11,29,58,153,19,6*62
$GPGSV,3,3,09,31,21,257,26,6*5F
$GPGSV,2,1,06,13,17,032,26,18,66,266,24,23,22,356,42,25,56,022,54,8*66
$GPGSV,2,2,06,26,24,225,22,28,24,290,21,8*68
$GPGSV,1,1,03,15,08,056,,20,00,083,,21,10,141,,0*56
$GAGSV,2,1,07,02,30,221,18,10,38,143,39,11,67,157,25,14,22,092,18,1*7C
$GAGSV,2,2,07,16,41,046,40,25,86,174,33,36,56,302,18,1*43
$GAGSV,1,1,04,10,38,143,32,14,22,092,31,16,41,046,48,25,86,174,34,5*74
$GAGSV,1,1,04,10,38,143,33,11,67,157,15,16,41,046,45,25,86,174,28,7*7D
$GAGSV,1,1,02,12,15,139,,34,06,313,,0*7A
$GBGSV,2,1,06,19,23,068,28,22,09,018,19,24,23,228,23,29,25,122,44,3*77
$GBGSV,2,2,06,35,61,186,32,39,33,000,49,3*7A
$GBGSV,2,1,08,12,21,097,21,19,23,068,27,22,09,018,20,24,23,228,20,5*79
$GBGSV,2,2,08,29,25,122,42,31,34,259,22,35,61,186,25,39,33,000,46,5*7B
$GBGSV,3,1,10,12,21,097,29,19,23,068,24,20,15,116,26,22,09,018,12,8*7F
$GBGSV,3,2,10,24,23,228,27,26,53,277,19,29,25,122,46,31,34,259,18,8*70
$GBGSV,3,3,10,35,61,186,25,39,33,000,46,8*7F
$GBGSV,1,1,01,11,06,113,,0*43
$GNGLL,3001.74225,S,05112.75025,W,165757.00,A,D*7C
$GNRMC,165758.00,A,3001.74225,S,05112.75026,W,0.007,,090926,,,F,V*12
$GNVTG,,T,,M,0.007,N,0.014,K,D*3A
$GNGGA,165758.00,3001.74225,S,05112.75026,W,5,12,0.64,47.9,M,4.8,M,2.0,0920*64
$GNGSA,M,3,05,12,13,18,23,25,26,28,29,31,,,1.25,0.64,1.08,1*0C
$GNGSA,M,3,16,25,36,02,10,11,,,,,,,1.25,0.64,1.08,3*04
$GNGSA,M,3,12,19,24,26,29,35,39,,,,,,1.25,0.64,1.08,4*0B
$GPGSV,3,1,09,05,38,121,47,12,23,037,40,13,17,032,27,18,66,266,23,1*68
$GPGSV,3,2,09,23,22,356,44,25,56,022,52,28,24,290,22,29,58,153,32,1*69
$GPGSV,3,3,09,31,21,257,30,1*5F
$GPGSV,2,1,08,05,38,121,42,12,23,037,25,13,17,032,21,23,22,356,39,6*6E
$GPGSV,2,2,08,25,56,022,46,26,24,225,16,29,58,153,18,31,21,257,26,6*60
$GPGSV,2,1,06,13,17,032,25,18,66,266,24,23,22,356,42,25,56,022,54,8*65
$GPGSV,2,2,06,26,24,225,22,28,24,290,21,8*68
$GPGSV,1,1,03,15,08,056,,20,00,083,,21,10,141,,0*56
$GAGSV,2,1,07,02,30,221,18,10,38,143,39,11,67,157,25,14,22,092,19,1*7D
$GAGSV,2,2,07,16,41,046,40,25,86,174,33,36,56,302,18,1*43
$GAGSV,1,1,04,10,38,143,32,14,22,092,31,16,41,046,48,25,86,174,34,5*74
$GAGSV,1,1,04,10,38,143,34,11,67,157,14,16,41,046,45,25,86,174,29,7*7A
$GAGSV,1,1,02,12,15,139,,34,06,313,,0*7A
$GBGSV,2,1,06,19,23,068,28,22,09,018,19,24,23,228,22,29,25,122,44,3*76
$GBGSV,2,2,06,35,61,186,32,39,33,000,49,3*7A
$GBGSV,2,1,08,12,21,097,21,19,23,068,27,22,09,018,20,24,23,228,20,5*79
$GBGSV,2,2,08,29,25,122,42,31,34,259,22,35,61,186,25,39,33,000,46,5*7B
$GBGSV,3,1,10,12,21,097,29,19,23,068,24,20,15,116,26,22,09,018,12,8*7F
$GBGSV,3,2,10,24,23,228,27,26,53,277,20,29,25,122,46,31,34,259,18,8*7A
$GBGSV,3,3,10,35,61,186,25,39,33,000,46,8*7F
$GBGSV,1,1,01,11,06,113,,0*43
$GNGLL,3001.74225,S,05112.75026,W,165758.00,A,D*70
$GNRMC,165759.00,A,3001.74225,S,05112.75026,W,0.020,,090926,,,F,V*16
$GNVTG,,T,,M,0.020,N,0.036,K,D*3F
$GNGGA,165759.00,3001.74225,S,05112.75026,W,5,12,0.65,47.9,M,4.8,M,2.0,0920*64
$GNGSA,M,3,05,12,13,18,23,25,26,28,29,31,,,1.24,0.65,1.06,1*02
$GNGSA,M,3,16,25,36,02,10,11,,,,,,,1.24,0.65,1.06,3*0A
$GNGSA,M,3,12,19,24,26,29,35,39,,,,,,1.24,0.65,1.06,4*05
$GPGSV,3,1,09,05,38,121,47,12,23,037,40,13,17,032,27,18,66,266,23,1*68
$GPGSV,3,2,09,23,22,356,44,25,56,022,52,28,24,290,21,29,58,153,32,1*6A
$GPGSV,3,3,09,31,21,257,30,1*5F
$GPGSV,2,1,08,05,38,121,42,12,23,037,25,13,17,032,21,23,22,356,39,6*6E
$GPGSV,2,2,08,25,56,022,46,26,24,225,17,29,58,153,18,31,21,257,26,6*61
$GPGSV,2,1,05,13,17,032,25,18,66,266,24,23,22,356,42,25,56,022,54,8*66
$GPGSV,2,2,05,26,24,225,22,8*5F
$GPGSV,1,1,03,15,08,056,,20,00,083,,21,10,141,,0*56
$GAGSV,2,1,07,02,30,221,18,10,38,143,39,11,67,157,25,14,22,092,20,1*77
$GAGSV,2,2,07,16,41,046,40,25,86,174,34,36,56,302,18,1*44
$GAGSV,1,1,04,10,38,143,32,14,22,092,31,16,41,046,48,25,86,174,34,5*74
$GAGSV,1,1,04,10,38,143,33,11,67,157,15,16,41,046,45,25,86,174,29,7*7C
$GAGSV,1,1,02,12,15,139,,34,06,313,,0*7A
$GBGSV,2,1,06,19,23,068,28,22,09,018,19,24,23,228,21,29,25,122,44,3*75
$GBGSV,2,2,06,35,61,186,32,39,33,000,49,3*7A
$GBGSV,2,1,08,12,21,097,21,19,23,068,27,22,09,018,20,24,23,228,20,5*79
$GBGSV,2,2,08,29,25,122,42,31,34,259,22,35,61,186,24,39,33,000,46,5*7A
$GBGSV,3,1,10,12,21,097,29,19,23,068,25,20,15,116,26,22,09,018,11,8*7D
$GBGSV,3,2,10,24,23,228,27,26,53,277,20,29,25,122,46,31,34,259,18,8*7A
$GBGSV,3,3,10,35,61,186,25,39,33,000,46,8*7F
$GBGSV,1,1,01,11,06,113,,0*43
$GNGLL,3001.74225,S,05112.75026,W,165759.00,A,D*71
$GNRMC,165800.00,A,3001.74225,S,05112.75026,W,0.005,,090926,,,F,V*12
$GNVTG,,T,,M,0.005,N,0.009,K,D*34
$GNGGA,165800.00,3001.74225,S,05112.75026,W,5,12,0.65,47.9,M,4.8,M,2.0,0920*67
$GNGSA,M,3,05,12,13,18,23,25,26,28,29,31,,,1.24,0.65,1.06,1*02
$GNGSA,M,3,16,25,36,02,10,11,,,,,,,1.24,0.65,1.06,3*0A
$GNGSA,M,3,12,19,24,26,29,35,39,,,,,,1.24,0.65,1.06,4*05
$GPGSV,3,1,09,05,38,121,47,12,23,037,40,13,17,032,27,18,66,266,23,1*68
$GPGSV,3,2,09,23,22,356,44,25,56,022,52,28,24,290,21,29,58,153,32,1*6A
$GPGSV,3,3,09,31,21,257,30,1*5F
$GPGSV,2,1,08,05,38,121,42,12,23,037,25,13,17,032,21,23,22,356,40,6*60
$GPGSV,2,2,08,25,56,022,46,26,24,225,17,29,58,153,17,31,21,257,26,6*6E
$GPGSV,2,1,06,13,17,032,25,18,66,266,24,23,22,356,42,25,56,022,54,8*65
$GPGSV,2,2,06,26,24,225,22,28,24,290,19,8*63
$GPGSV,1,1,03,15,08,056,,20,00,083,,21,10,141,,0*56
$GAGSV,2,1,07,02,30,221,17,10,38,143,39,11,67,157,25,14,22,092,20,1*78
$GAGSV,2,2,07,16,41,046,40,25,86,174,33,36,56,302,17,1*4C
$GAGSV,1,1,04,10,38,143,32,14,22,092,31,16,41,046,48,25,86,174,34,5*74
$GAGSV,1,1,04,10,38,143,34,11,67,157,13,16,41,046,45,25,86,174,29,7*7D
$GAGSV,1,1,02,12,15,139,,34,06,313,,0*7A
$GBGSV,2,1,06,19,23,068,28,22,09,018,19,24,23,228,21,29,25,122,44,3*75
$GBGSV,2,2,06,35,61,186,32,39,33,000,49,3*7A
$GBGSV,2,1,08,12,21,097,21,19,23,068,27,22,09,018,20,24,23,228,20,5*79
$GBGSV,2,2,08,29,25,122,42,31,34,259,22,35,61,186,24,39,33,000,46,5*7A
$GBGSV,3,1,10,12,21,097,28,19,23,068,24,20,15,116,26,22,09,018,12,8*7E
$GBGSV,3,2,10,24,23,228,27,26,53,277,21,29,25,122,46,31,34,259,19,8*7A
$GBGSV,3,3,10,35,61,186,24,39,33,000,46,8*7E
$GBGSV,1,1,01,11,06,113,,0*43
$GNGLL,3001.74225,S,05112.75026,W,165800.00,A,D*72
$GNRMC,165801.00,A,3001.74225,S,05112.75026,W,0.021,,090926,,,F,V*15
$GNVTG,,T,,M,0.021,N,0.039,K,D*31
$GNGGA,165801.00,3001.74225,S,05112.75026,W,5,12,0.66,47.9,M,4.8,M,2.0,0920*65
$GNGSA,M,3,05,12,13,18,23,25,26,28,29,31,,,1.29,0.66,1.11,1*0A
$GNGSA,M,3,16,25,36,02,10,11,,,,,,,1.29,0.66,1.11,3*02
$GNGSA,M,3,12,19,24,26,29,31,35,39,,,,,1.29,0.66,1.11,4*0F
$GPGSV,3,1,09,05,38,121,47,12,23,037,40,13,17,032,27,18,66,266,24,1*6F
$GPGSV,3,2,09,23,22,356,44,25,56,022,52,28,24,290,20,29,58,153,32,1*6B
$GPGSV,3,3,09,31,21,257,30,1*5F
$GPGSV,2,1,08,05,38,121,42,12,23,037,25,13,17,032,21,23,22,356,40,6*60
$GPGSV,2,2,08,25,56,022,46,26,24,225,17,29,58,153,17,31,21,257,26,6*6E
$GPGSV,2,1,06,13,17,032,25,18,66,266,24,23,22,356,42,25,56,022,54,8*65
$GPGSV,2,2,06,26,24,225,22,28,24,290,19,8*63
$GPGSV,1,1,03,15,08,056,,20,00,083,,21,10,141,,0*56
$GAGSV,2,1,07,02,30,221,17,10,38,143,39,11,67,157,25,14,22,092,19,1*72
$GAGSV,2,2,07,16,41,046,40,25,86,174,33,36,56,302,17,1*4C
$GAGSV,1,1,04,10,38,143,32,14,22,092,31,16,41,046,48,25,86,174,35,5*75
$GAGSV,1,1,04,10,38,143,34,11,67,157,13,16,41,046,45,25,86,174,29,7*7D
$GAGSV,1,1,02,12,15,139,,34,06,313,,0*7A
$GBGSV,2,1,06,19,23,068,28,22,09,018,19,24,23,228,22,29,25,122,44,3*76
$GBGSV,2,2,06,35,61,186,32,39,33,000,49,3*7A
$GBGSV,2,1,08,12,21,097,21,19,23,068,28,22,09,018,20,24,23,228,19,5*7C
$GBGSV,2,2,08,29,25,122,42,31,34,259,22,35,61,186,25,39,33,000,46,5*7B
$GBGSV,3,1,10,12,21,097,28,19,23,068,24,20,15,116,26,22,09,018,13,8*7F
$GBGSV,3,2,10,24,23,228,27,26,53,277,20,29,25,122,46,31,34,259,19,8*7B
$GBGSV,3,3,10,35,61,186,24,39,33,000,46,8*7E
$GBGSV,1,1,01,11,06,113,,0*43
$GNGLL,3001.74225,S,05112.75026,W,165801.00,A,D*73
$GNRMC,165802.00,A,3001.74225,S,05112.75026,W,0.007,,090926,,,F,V*12
$GNVTG,,T,,M,0.007,N,0.014,K,D*3A
$GNGGA,165802.00,3001.74225,S,05112.75026,W,5,12,0.66,47.9,M,4.8,M,2.0,0920*66
$GNGSA,M,3,05,12,13,18,23,25,26,28,29,31,,,1.29,0.66,1.11,1*0A
$GNGSA,M,3,16,25,36,02,10,11,,,,,,,1.29,0.66,1.11,3*02
$GNGSA,M,3,12,19,24,26,29,31,35,39,,,,,1.29,0.66,1.11,4*0F
$GPGSV,3,1,09,05,38,121,47,12,23,037,40,13,17,032,28,18,66,266,24,1*60
$GPGSV,3,2,09,23,22,356,44,25,56,022,52,28,24,290,20,29,58,153,32,1*6B
$GPGSV,3,3,09,31,21,257,30,1*5F
$GPGSV,2,1,08,05,38,121,42,12,23,037,25,13,17,032,21,23,22,356,40,6*60
$GPGSV,2,2,08,25,56,022,46,26,24,225,17,29,58,153,18,31,21,257,26,6*61
$GPGSV,2,1,05,13,17,032,25,18,66,266,24,23,22,356,42,25,56,022,54,8*66
$GPGSV,2,2,05,26,24,225,21,8*5C
$GPGSV,1,1,03,15,08,056,,20,00,083,,21,10,141,,0*56
$GAGSV,2,1,07,02,30,221,17,10,38,143,39,11,67,157,25,14,22,092,19,1*72
$GAGSV,2,2,07,16,41,046,40,25,86,174,33,36,56,302,17,1*4C
$GAGSV,1,1,04,10,38,143,32,14,22,092,31,16,41,046,48,25,86,174,35,5*75
$GAGSV,1,1,04,10,38,143,34,11,67,157,13,16,41,046,45,25,86,174,29,7*7D
$GAGSV,1,1,02,12,15,139,,34,06,313,,0*7A
$GBGSV,2,1,06,19,23,068,29,22,09,018,20,24,23,228,23,29,25,122,44,3*7C
$GBGSV,2,2,06,35,61,186,32,39,33,000,49,3*7A
$GBGSV,2,1,08,12,21,097,21,19,23,068,28,22,09,018,20,24,23,228,19,5*7C
$GBGSV,2,2,08,29,25,122,42,31,34,259,22,35,61,186,25,39,33,000,46,5*7B
$GBGSV,3,1,10,12,21,097,27,19,23,068,24,20,15,116,26,22,09,018,12,8*71
$GBGSV,3,2,10,24,23,228,27,26,53,277,20,29,25,122,46,31,34,259,18,8*7A
$GBGSV,3,3,10,35,61,186,24,39,33,000,46,8*7E
$GBGSV,1,1,01,11,06,113,,0*43
$GNGLL,3001.74225,S,05112.75026,W,165802.00,A,D*70
$GNRMC,165803.00,A,3001.74225,S,05112.75025,W,0.009,,090926,,,F,V*1E
$GNVTG,,T,,M,0.009,N,0.017,K,D*37
$GNGGA,165803.00,3001.74225,S,05112.75025,W,5,12,0.66,47.9,M,4.8,M,2.0,0920*64
$GNGSA,M,3,05,12,13,18,23,25,26,28,29,31,,,1.29,0.66,1.11,1*0A
$GNGSA,M,3,16,25,36,02,10,11,,,,,,,1.29,0.66,1.11,3*02
$GNGSA,M,3,12,19,24,26,29,35,39,,,,,,1.29,0.66,1.11,4*0D
$GPGSV,3,1,09,05,38,121,47,12,23,037,40,13,17,032,28,18,66,266,24,1*60
$GPGSV,3,2,09,23,22,356,44,25,56,022,52,28,24,290,20,29,58,153,33,1*6A
$GPGSV,3,3,09,31,21,257,30,1*5F
$GPGSV,2,1,08,05,38,121,42,12,23,037,24,13,17,032,21,23,22,356,40,6*61
$GPGSV,2,2,08,25,56,022,46,26,24,225,16,29,58,153,18,31,21,257,26,6*60
$GPGSV,2,1,06,13,17,032,25,18,66,266,24,23,22,356,42,25,56,022,54,8*65
$GPGSV,2,2,06,26,24,225,21,28,24,290,19,8*60
$GPGSV,1,1,03,15,08,056,,20,00,083,,21,10,141,,0*56
$GAGSV,2,1,07,02,30,221,17,10,38,143,39,11,67,157,25,14,22,092,19,1*72
$GAGSV,2,2,07,16,41,046,40,25,86,174,33,36,56,302,17,1*4C
$GAGSV,1,1,04,10,38,143,32,14,22,092,31,16,41,046,48,25,86,174,35,5*75
$GAGSV,1,1,04,10,38,143,33,11,67,157,13,16,41,046,45,25,86,174,29,7*7A
$GAGSV,1,1,02,12,15,139,,34,06,313,,0*7A
$GBGSV,2,1,06,19,23,068,29,22,09,018,20,24,23,228,23,29,25,122,44,3*7C
$GBGSV,2,2,06,35,61,186,32,39,33,000,49,3*7A
$GBGSV,2,1,08,12,21,097,21,19,23,068,28,22,09,018,20,24,23,228,19,5*7C
$GBGSV,2,2,08,29,25,122,42,31,34,259,22,35,61,186,25,39,33,000,46,5*7B
$GBGSV,3,1,10,12,21,097,27,19,23,068,24,20,15,116,26,22,09,018,13,8*70
$GBGSV,3,2,10,24,23,228,27,26,53,277,20,29,25,122,46,31,34,259,19,8*7B
$GBGSV,3,3,10,35,61,186,24,39,33,000,46,8*7E
$GBGSV,1,1,01,11,06,113,,0*43
$GNGLL,3001.74225,S,05112.75025,W,165803.00,A,D*72
$GNRMC,165804.00,A,3001.74225,S,05112.75026,W,0.013,,090926,,,F,V*11
$GNVTG,,T,,M,0.013,N,0.024,K,D*3C
$GNGGA,165804.00,3001.74225,S,05112.75026,W,5,12,0.66,47.9,M,4.8,M,2.0,0920*60
$GNGSA,M,3,05,12,13,18,23,25,28,29,31,,,,1.29,0.66,1.11,1*0E
$GNGSA,M,3,16,25,36,02,10,11,,,,,,,1.29,0.66,1.11,3*02
$GNGSA,M,3,12,19,24,26,29,35,39,,,,,,1.29,0.66,1.11,4*0D
$GPGSV,3,1,09,05,38,121,47,12,23,037,40,13,17,032,27,18,66,266,25,1*6E
$GPGSV,3,2,09,23,22,356,44,25,56,022,52,28,24,290,20,29,58,153,33,1*6A
$GPGSV,3,3,09,31,21,257,30,1*5F
$GPGSV,2,1,08,05,38,121,42,12,23,037,24,13,17,032,21,23,22,356,40,6*61
$GPGSV,2,2,08,25,56,022,46,26,24,225,14,29,58,153,17,31,21,257,26,6*6D
$GPGSV,2,1,06,13,17,032,25,18,66,266,23,23,22,356,42,25,56,022,53,8*65
$GPGSV,2,2,06,26,24,225,22,28,24,290,19,8*63
$GPGSV,1,1,03,15,08,056,,20,00,083,,21,10,141,,0*56
$GAGSV,2,1,07,02,30,221,18,10,38,143,39,11,67,157,25,14,22,092,19,1*7D
$GAGSV,2,2,07,16,41,046,40,25,86,174,33,36,56,302,18,1*43
$GAGSV,1,1,04,10,38,143,32,14,22,092,31,16,41,046,48,25,86,174,34,5*74
$GAGSV,1,1,04,10,38,143,33,11,67,157,13,16,41,046,45,25,86,174,29,7*7A
$GAGSV,1,1,02,12,15,139,,34,06,313,,0*7A
$GBGSV,2,1,06,19,23,068,29,22,09,018,20,24,23,228,23,29,25,122,44,3*7C
$GBGSV,2,2,06,35,61,186,32,39,33,000,49,3*7A
$GBGSV,2,1,08,12,21,097,21,19,23,068,28,22,09,018,20,24,23,228,19,5*7C
$GBGSV,2,2,08,29,25,122,42,31,34,259,22,35,61,186,25,39,33,000,46,5*7B
$GBGSV,3,1,10,12,21,097,27,19,23,068,23,20,15,116,26,22,09,018,13,8*77
$GBGSV,3,2,10,24,23,228,27,26,53,277,20,29,25,122,46,31,34,259,19,8*7B
$GBGSV,3,3,10,35,61,186,24,39,33,000,46,8*7E
$GBGSV,1,1,01,11,06,113,,0*43
$GNGLL,3001.74225,S,05112.75026,W,165804.00,A,D*76
$GNRMC,165805.00,A,3001.74225,S,05112.75026,W,0.016,,090926,,,F,V*15
$GNVTG,,T,,M,0.016,N,0.030,K,D*3C
$GNGGA,165805.00,3001.74225,S,05112.75026,W,5,12,0.66,47.9,M,4.8,M,2.0,0920*61
$GNGSA,M,3,05,12,13,18,23,25,28,29,31,,,,1.29,0.66,1.11,1*0E
$GNGSA,M,3,16,25,36,02,10,11,,,,,,,1.29,0.66,1.11,3*02
$GNGSA,M,3,12,19,24,26,29,31,35,39,,,,,1.29,0.66,1.11,4*0F
$GPGSV,3,1,09,05,38,121,47,12,23,037,40,13,17,032,27,18,66,266,25,1*6E
$GPGSV,3,2,09,23,22,356,44,25,56,022,52,28,24,290,20,29,58,153,33,1*6A
$GPGSV,3,3,09,31,21,257,30,1*5F
$GPGSV,2,1,08,05,38,121,42,12,23,037,25,13,17,032,21,23,22,356,39,6*6E
$GPGSV,2,2,08,25,56,022,46,26,24,225,14,29,58,153,17,31,21,257,25,6*6E
$GPGSV,2,1,06,13,17,032,25,18,66,266,23,23,22,356,42,25,56,022,53,8*65
$GPGSV,2,2,06,26,24,225,22,28,24,290,19,8*63
$GPGSV,1,1,03,15,08,056,,20,00,083,,21,10,141,,0*56
$GAGSV,2,1,07,02,30,221,18,10,38,143,39,11,67,157,25,14,22,092,20,1*77
$GAGSV,2,2,07,16,41,046,40,25,86,174,33,36,56,302,17,1*4C
$GAGSV,1,1,04,10,38,143,32,14,22,092,31,16,41,046,48,25,86,174,35,5*75
$GAGSV,1,1,04,10,38,143,33,11,67,157,14,16,41,046,45,25,86,174,29,7*7D
$GAGSV,1,1,02,12,15,139,,34,06,313,,0*7A
$GBGSV,2,1,06,19,23,068,29,22,09,018,19,24,23,228,23,29,25,122,44,3*76
$GBGSV,2,2,06,35,61,186,32,39,33,000,49,3*7A
$GBGSV,2,1,08,12,21,097,20,19,23,068,28,22,09,018,20,24,23,228,19,5*7D
$GBGSV,2,2,08,29,25,122,42,31,34,259,22,35,61,186,24,39,33,000,46,5*7A
$GBGSV,3,1,10,12,21,097,26,19,23,068,23,20,15,116,26,22,09,018,13,8*76
$GBGSV,3,2,10,24,23,228,27,26,53,277,20,29,25,122,46,31,34,259,19,8*7B
$GBGSV,3,3,10,35,61,186,24,39,33,000,46,8*7E
$GBGSV,1,1,01,11,06,113,,0*43
$GNGLL,3001.74225,S,05112.75026,W,165805.00,A,D*77
$GNRMC,165806.00,A,3001.74226,S,05112.75026,W,0.011,,090926,,,F,V*12
$GNVTG,,T,,M,0.011,N,0.021,K,D*3B
$GNGGA,165806.00,3001.74226,S,05112.75026,W,5,12,0.66,47.9,M,4.8,M,2.0,0920*61
$GNGSA,M,3,05,12,13,18,23,25,26,28,29,31,,,1.29,0.66,1.11,1*0A
$GNGSA,M,3,16,25,36,02,10,11,,,,,,,1.29,0.66,1.11,3*02
$GNGSA,M,3,12,19,24,26,29,35,39,,,,,,1.29,0.66,1.11,4*0D
$GPGSV,3,1,09,05,38,121,47,12,23,037,40,13,17,032,27,18,66,266,25,1*6E
$GPGSV,3,2,09,23,22,356,44,25,56,022,52,28,24,290,21,29,58,153,33,1*6B
$GPGSV,3,3,09,31,21,257,30,1*5F
$GPGSV,2,1,08,05,38,121,42,12,23,037,25,13,17,032,22,23,22,356,39,6*6D
$GPGSV,2,2,08,25,56,022,46,26,24,225,15,29,58,153,17,31,21,257,26,6*6C
$GPGSV,2,1,06,13,17,032,25,18,66,266,23,23,22,356,42,25,56,022,53,8*65
$GPGSV,2,2,06,26,24,225,22,28,24,290,19,8*63
$GPGSV,1,1,03,15,08,056,,20,00,083,,21,10,141,,0*56
$GAGSV,2,1,07,02,30,221,17,10,38,143,39,11,67,157,25,14,22,092,20,1*78
$GAGSV,2,2,07,16,41,046,40,25,86,174,33,36,56,302,18,1*43
$GAGSV,1,1,04,10,38,143,32,14,22,092,32,16,41,046,48,25,86,174,35,5*76
$GAGSV,2,1,05,10,38,143,34,11,67,157,15,14,22,092,26,16,41,046,45,7*73
$GAGSV,2,2,05,25,86,174,30,7*4E
$GAGSV,1,1,02,12,15,139,,34,06,313,,0*7A
$GBGSV,2,1,06,19,23,068,30,22,09,018,19,24,23,228,24,29,25,122,44,3*79
$GBGSV,2,2,06,35,61,186,32,39,33,000,49,3*7A
$GBGSV,2,1,08,12,21,097,20,19,23,068,28,22,09,018,19,24,23,228,20,5*7D
$GBGSV,2,2,08,29,25,122,42,31,34,259,22,35,61,186,24,39,33,000,46,5*7A
$GBGSV,3,1,10,12,21,097,26,19,23,068,23,20,15,116,26,22,09,018,13,8*76
$GBGSV,3,2,10,24,23,228,27,26,53,277,20,29,25,122,46,31,34,259,19,8*7B
$GBGSV,3,3,10,35,61,186,24,39,33,000,46,8*7E
$GBGSV,1,1,01,11,05,113,,0*40
$GNGLL,3001.74226,S,05112.75026,W,165806.00,A,D*77
$GNRMC,165807.00,A,3001.74226,S,05112.75026,W,0.009,,090926,,,F,V*1A
$GNVTG,,T,,M,0.009,N,0.016,K,D*36
$GNGGA,165807.00,3001.74226,S,05112.75026,W,5,12,0.66,47.9,M,4.8,M,2.0,0920*60
$GNGSA,M,3,05,12,13,18,23,25,26,28,29,31,,,1.29,0.66,1.11,1*0A
$GNGSA,M,3,16,25,36,02,10,11,,,,,,,1.29,0.66,1.11,3*02
$GNGSA,M,3,12,19,24,26,29,31,35,39,,,,,1.29,0.66,1.11,4*0F
$GPGSV,3,1,09,05,38,121,47,12,23,037,40,13,17,032,27,18,66,266,25,1*6E
$GPGSV,3,2,09,23,22,356,44,25,56,022,52,28,24,290,21,29,58,153,33,1*6B
$GPGSV,3,3,09,31,21,257,30,1*5F
$GPGSV,1,1,01,28,24,290,17,5*50
$GPGSV,2,1,08,05,38,121,42,12,23,037,25,13,17,032,22,23,22,356,39,6*6D
$GPGSV,2,2,08,25,56,022,46,26,24,225,15,29,58,153,17,31,21,257,25,6*6F
$GPGSV,2,1,06,13,17,032,25,18,66,266,23,23,22,356,42,25,56,022,53,8*65
$GPGSV,2,2,06,26,24,225,22,28,24,290,19,8*63
$GPGSV,1,1,03,15,08,056,,20,00,083,,21,10,141,,0*56
$GAGSV,2,1,07,02,30,221,17,10,38,143,39,11,67,157,25,14,22,092,20,1*78
$GAGSV,2,2,07,16,41,046,40,25,86,174,33,36,56,302,18,1*43
$GAGSV,1,1,04,10,38,143,32,14,22,092,32,16,41,046,48,25,86,174,35,5*76
$GAGSV,2,1,05,10,38,143,34,11,67,157,14,14,22,092,25,16,41,046,45,7*71
$GAGSV,2,2,05,25,86,174,30,7*4E
$GAGSV,1,1,02,12,15,139,,34,06,313,,0*7A
$GBGSV,2,1,06,19,23,068,30,22,09,018,18,24,23,228,25,29,25,122,44,3*79
$GBGSV,2,2,06,35,61,186,32,39,33,000,49,3*7A
$GBGSV,2,1,08,12,21,097,20,19,23,068,28,22,09,018,19,24,23,228,20,5*7D
$GBGSV,2,2,08,29,25,122,42,31,34,259,22,35,61,186,24,39,33,000,46,5*7A
$GBGSV,3,1,10,12,21,097,25,19,23,068,24,20,15,116,27,22,09,018,13,8*73
$GBGSV,3,2,10,24,23,228,27,26,53,277,20,29,25,122,46,31,34,259,19,8*7B
$GBGSV,3,3,10,35,61,186,24,39,33,000,46,8*7E
$GBGSV,1,1,01,11,05,113,,0*40
$GNGLL,3001.74226,S,05112.75026,W,165807.00,A,D*76
$GNRMC,165808.00,A,3001.74226,S,05112.75026,W,0.011,,090926,,,F,V*1C
$GNVTG,,T,,M,0.011,N,0.021,K,D*3B
$GNGGA,165808.00,3001.74226,S,05112.75026,W,5,12,0.66,47.9,M,4.8,M,2.0,0920*6F
$GNGSA,M,3,05,12,13,18,23,25,26,28,29,31,,,1.29,0.66,1.11,1*0A
$GNGSA,M,3,16,25,36,02,10,11,,,,,,,1.29,0.66,1.11,3*02
$GNGSA,M,3,12,19,24,26,29,31,35,39,,,,,1.29,0.66,1.11,4*0F
$GPGSV,3,1,09,05,38,121,47,12,23,037,40,13,17,032,27,18,66,266,24,1*6F
$GPGSV,3,2,09,23,22,356,44,25,56,022,52,28,24,290,21,29,58,153,33,1*6B
$GPGSV,3,3,09,31,21,257,30,1*5F
$GPGSV,3,1,09,05,38,121,42,12,23,037,25,13,17,032,21,23,22,356,39,6*6E
$GPGSV,3,2,09,25,56,022,46,26,24,225,15,28,24,290,16,29,58,153,17,6*69
$GPGSV,3,3,09,31,21,257,26,6*5F
$GPGSV,2,1,06,13,17,032,25,18,66,266,23,23,22,356,42,25,56,022,54,8*62
$GPGSV,2,2,06,26,24,225,22,28,24,290,19,8*63
$GPGSV,1,1,03,15,08,056,,20,00,083,,21,10,141,,0*56
$GAGSV,2,1,07,02,30,221,16,10,38,143,39,11,67,157,26,14,22,092,20,1*7A
$GAGSV,2,2,07,16,41,046,40,25,86,174,33,36,56,302,18,1*43
$GAGSV,1,1,04,10,38,143,32,14,22,092,32,16,41,046,48,25,86,174,35,5*76
$GAGSV,2,1,05,10,38,143,34,11,67,157,14,14,22,092,25,16,41,046,45,7*71
$GAGSV,2,2,05,25,86,174,29,7*46
$GAGSV,1,1,02,12,15,139,,34,06,313,,0*7A
$GBGSV,2,1,06,19,23,068,31,22,09,018,18,24,23,228,25,29,25,122,44,3*78
$GBGSV,2,2,06,35,61,186,32,39,33,000,49,3*7A
$GBGSV,2,1,08,12,21,097,20,19,23,068,28,22,09,018,19,24,23,228,19,5*77
$GBGSV,2,2,08,29,25,122,42,31,34,259,22,35,61,186,25,39,33,000,46,5*7B
$GBGSV,3,1,10,12,21,097,25,19,23,068,24,20,15,116,27,22,09,018,13,8*73
$GBGSV,3,2,10,24,23,228,27,26,53,277,20,29,25,122,46,31,34,259,18,8*7A
$GBGSV,3,3,10,35,61,186,24,39,33,000,46,8*7E
$GBGSV,1,1,01,11,05,113,,0*40
$GNGLL,3001.74226,S,05112.75026,W,165808.00,A,D*79
$GNRMC,165809.00,A,3001.74226,S,05112.75026,W,0.004,,090926,,,F,V*19
$GNVTG,,T,,M,0.004,N,0.008,K,D*34
$GNGGA,165809.00,3001.74226,S,05112.75026,W,5,12,0.66,47.9,M,4.8,M,2.0,0920*6E
$GNGSA,M,3,05,12,13,18,23,25,28,29,31,,,,1.29,0.66,1.11,1*0E
$GNGSA,M,3,16,25,36,02,10,11,,,,,,,1.29,0.66,1.11,3*02
$GNGSA,M,3,12,19,24,26,29,31,35,39,,,,,1.29,0.66,1.11,4*0F
$GPGSV,3,1,09,05,38,121,46,12,23,037,40,13,17,032,27,18,66,266,24,1*6E
$GPGSV,3,2,09,23,22,356,44,25,56,022,52,28,24,290,21,29,58,153,33,1*6B
$GPGSV,3,3,09,31,21,257,30,1*5F
$GPGSV,3,1,09,05,38,121,42,12,23,037,25,13,17,032,22,23,22,356,39,6*6D
$GPGSV,3,2,09,25,56,022,46,26,24,225,14,28,24,290,16,29,58,153,17,6*68
$GPGSV,3,3,09,31,21,257,26,6*5F
$GPGSV,2,1,06,13,17,032,25,18,66,266,23,23,22,356,42,25,56,022,54,8*62
$GPGSV,2,2,06,26,24,225,21,28,24,290,19,8*60
$GPGSV,1,1,03,15,08,056,,20,00,083,,21,10,141,,0*56
$GAGSV,2,1,07,02,30,221,16,10,38,143,39,11,67,157,26,14,22,092,20,1*7A
$GAGSV,2,2,07,16,41,046,40,25,86,174,34,36,56,302,18,1*44
$GAGSV,1,1,04,10,38,143,32,14,22,092,32,16,41,046,48,25,86,174,35,5*76
$GAGSV,2,1,05,10,38,143,34,11,67,157,15,14,22,092,25,16,41,046,45,7*70
$GAGSV,2,2,05,25,86,174,29,7*46
$GAGSV,1,1,02,12,15,139,,34,06,313,,0*7A
$GBGSV,2,1,06,19,23,068,31,22,09,018,18,24,23,228,25,29,25,122,44,3*78
$GBGSV,2,2,06,35,61,186,32,39,33,000,49,3*7A
$GBGSV,2,1,08,12,21,097,20,19,23,068,28,22,09,018,19,24,23,228,19,5*77
$GBGSV,2,2,08,29,25,122,42,31,34,259,22,35,61,186,24,39,33,000,46,5*7A
$GBGSV,3,1,10,12,21,097,24,19,23,068,24,20,15,116,26,22,09,018,13,8*73
$GBGSV,3,2,10,24,23,228,27,26,53,277,20,29,25,122,46,31,34,259,18,8*7A
$GBGSV,3,3,10,35,61,186,23,39,33,000,46,8*79
$GBGSV,1,1,01,11,05,113,,0*40
$GNGLL,3001.74226,S,05112.75026,W,165809.00,A,D*78
$GNRMC,165810.00,A,3001.74226,S,05112.75026,W,0.033,,090926,,,F,V*15
$GNVTG,,T,,M,0.033,N,0.060,K,D*3E
$GNGGA,165810.00,3001.74226,S,05112.75026,W,5,12,0.66,47.9,M,4.8,M,2.0,0920*66
$GNGSA,M,3,05,12,13,18,23,25,26,28,29,31,,,1.29,0.66,1.11,1*0A
$GNGSA,M,3,16,25,36,02,10,11,,,,,,,1.29,0.66,1.11,3*02
$GNGSA,M,3,12,19,24,26,29,35,39,,,,,,1.29,0.66,1.11,4*0D
$GPGSV,3,1,09,05,38,121,47,12,23,037,40,13,17,032,27,18,66,266,24,1*6F
$GPGSV,3,2,09,23,22,356,44,25,56,022,52,28,24,290,21,29,58,153,33,1*6B
$GPGSV,3,3,09,31,21,257,30,1*5F
$GPGSV,3,1,09,05,38,121,42,12,23,037,25,13,17,032,22,23,22,356,39,6*6D
$GPGSV,3,2,09,25,56,022,46,26,24,225,15,28,24,290,18,29,58,153,17,6*67
$GPGSV,3,3,09,31,21,257,26,6*5F
$GPGSV,2,1,06,13,17,032,25,18,66,266,23,23,22,356,42,25,56,022,54,8*62
$GPGSV,2,2,06,26,24,225,22,28,24,290,19,8*63
$GPGSV,1,1,03,15,08,056,,20,00,083,,21,10,141,,0*56
$GAGSV,2,1,07,02,30,221,16,10,38,143,39,11,67,157,26,14,22,092,20,1*7A
$GAGSV,2,2,07,16,41,046,40,25,86,174,33,36,56,302,19,1*42
$GAGSV,1,1,04,10,38,143,32,14,22,092,32,16,41,046,48,25,86,174,35,5*76
$GAGSV,2,1,05,10,38,143,34,11,67,157,15,14,22,092,25,16,41,046,45,7*70
$GAGSV,2,2,05,25,86,174,29,7*46
$GAGSV,1,1,02,12,15,139,,34,06,313,,0*7A
$GBGSV,2,1,06,19,23,069,31,22,09,018,18,24,23,228,26,29,25,122,44,3*7A
$GBGSV,2,2,06,35,61,186,32,39,33,000,49,3*7A
$GBGSV,2,1,08,12,21,097,19,19,23,069,29,22,09,018,20,24,23,228,18,5*76
$GBGSV,2,2,08,29,25,122,42,31,34,259,22,35,61,186,24,39,33,000,46,5*7A
$GBGSV,3,1,10,12,21,097,24,19,23,069,24,20,15,116,27,22,09,018,13,8*73
$GBGSV,3,2,10,24,23,228,27,26,53,277,20,29,25,122,46,31,34,259,18,8*7A
$GBGSV,3,3,10,35,61,186,23,39,33,000,46,8*79
$GBGSV,1,1,01,11,05,113,,0*40
$GNGLL,3001.74226,S,05112.75026,W,165810.00,A,D*70
$GNRMC,165811.00,A,3001.74226,S,05112.75026,W,0.016,,090926,,,F,V*13
$GNVTG,,T,,M,0.016,N,0.030,K,D*3C
$GNGGA,165811.00,3001.74226,S,05112.75026,W,5,12,0.66,47.9,M,4.8,M,2.0,0920*67
$GNGSA,M,3,05,12,13,18,23,25,26,28,29,31,,,1.29,0.66,1.11,1*0A
$GNGSA,M,3,16,25,36,02,10,11,,,,,,,1.29,0.66,1.11,3*02
$GNGSA,M,3,12,19,24,26,29,31,35,39,,,,,1.29,0.66,1.11,4*0F
$GPGSV,3,1,09,05,38,121,47,12,23,037,40,13,17,032,28,18,66,266,24,1*60
$GPGSV,3,2,09,23,22,356,44,25,56,022,52,28,24,290,22,29,58,153,33,1*68
$GPGSV,3,3,09,31,21,257,29,1*57
$GPGSV,3,1,09,05,38,121,42,12,23,037,25,13,17,032,22,23,22,356,39,6*6D
$GPGSV,3,2,09,25,56,022,46,26,24,225,15,28,24,290,18,29,58,153,18,6*68
$GPGSV,3,3,09,31,21,257,26,6*5F
$GPGSV,2,1,06,13,17,032,25,18,66,266,23,23,22,356,42,25,56,022,54,8*62
$GPGSV,2,2,06,26,24,225,22,28,24,290,19,8*63
$GPGSV,1,1,03,15,08,056,,20,00,083,,21,10,141,,0*56
$GAGSV,2,1,07,02,30,221,16,10,38,143,39,11,67,157,26,14,22,092,20,1*7A
$GAGSV,2,2,07,16,41,046,40,25,86,174,33,36,56,302,19,1*42
$GAGSV,1,1,04,10,38,143,32,14,22,092,32,16,41,046,48,25,86,174,35,5*76
$GAGSV,2,1,05,10,38,143,34,11,67,157,13,14,22,092,25,16,41,046,45,7*76
$GAGSV,2,2,05,25,86,174,29,7*46
$GAGSV,1,1,02,12,15,139,,34,06,313,,0*7A
$GBGSV,2,1,06,19,23,069,31,22,09,018,18,24,23,228,26,29,25,122,44,3*7A
$GBGSV,2,2,06,35,61,186,32,39,33,000,49,3*7A
$GBGSV,2,1,08,12,21,097,19,19,23,069,29,22,09,018,20,24,23,228,19,5*77
$GBGSV,2,2,08,29,25,122,42,31,34,259,22,35,61,186,24,39,33,000,46,5*7A
$GBGSV,3,1,10,12,21,097,23,19,23,069,23,20,15,116,26,22,09,018,14,8*75
$GBGSV,3,2,10,24,23,228,27,26,53,277,20,29,25,122,46,31,34,259,19,8*7B
$GBGSV,3,3,10,35,61,186,23,39,33,000,46,8*79
$GBGSV,1,1,01,11,05,113,,0*40
$GNGLL,3001.74226,S,05112.75026,W,165811.00,A,D*71
$GNRMC,165812.00,A,3001.74226,S,05112.75027,W,0.021,,090926,,,F,V*15
$GNVTG,,T,,M,0.021,N,0.039,K,D*31
$GNGGA,165812.00,3001.74226,S,05112.75027,W,5,12,0.66,48.0,M,4.8,M,2.0,0920*63
$GNGSA,M,3,05,12,13,18,23,25,28,29,31,,,,1.29,0.66,1.11,1*0E
$GNGSA,M,3,16,25,36,02,10,11,,,,,,,1.29,0.66,1.11,3*02
$GNGSA,M,3,12,19,24,26,29,31,35,39,,,,,1.29,0.66,1.11,4*0F
$GPGSV,3,1,09,05,38,121,47,12,23,037,41,13,17,032,28,18,66,266,24,1*61
$GPGSV,3,2,09,23,22,356,44,25,56,022,52,28,24,290,22,29,58,153,33,1*68
$GPGSV,3,3,09,31,21,257,29,1*57
$GPGSV,3,1,09,05,38,121,42,12,23,037,25,13,17,032,22,23,22,356,39,6*6D
$GPGSV,3,2,09,25,56,022,46,26,24,225,13,28,24,290,18,29,58,153,18,6*6E
$GPGSV,3,3,09,31,21,257,26,6*5F
$GPGSV,2,1,06,13,17,032,25,18,66,266,23,23,22,356,42,25,56,022,54,8*62
$GPGSV,2,2,06,26,24,225,22,28,24,290,19,8*63
$GPGSV,1,1,03,15,08,056,,20,00,083,,21,10,141,,0*56
$GAGSV,2,1,07,02,30,221,16,10,38,143,39,11,67,157,26,14,22,092,20,1*7A
$GAGSV,2,2,07,16,41,046,40,25,86,174,34,36,56,302,19,1*45
$GAGSV,1,1,04,10,38,143,32,14,22,092,32,16,41,046,48,25,86,174,35,5*76
$GAGSV,2,1,05,10,38,143,34,11,67,157,12,14,22,092,25,16,41,046,45,7*77
$GAGSV,2,2,05,25,86,174,29,7*46
$GAGSV,1,1,02,12,15,139,,34,06,313,,0*7A
$GBGSV,2,1,06,19,23,069,31,22,09,018,17,24,23,228,27,29,25,122,44,3*74
$GBGSV,2,2,06,35,61,186,32,39,33,000,49,3*7A
$GBGSV,2,1,08,12,21,097,19,19,23,069,29,22,09,018,20,24,23,228,19,5*77
$GBGSV,2,2,08,29,25,122,42,31,34,259,22,35,61,186,24,39,33,000,46,5*7A
$GBGSV,3,1,10,12,21,097,23,19,23,069,23,20,15,116,27,22,09,018,14,8*74
$GBGSV,3,2,10,24,23,228,28,26,53,277,20,29,25,122,46,31,34,259,18,8*75
$GBGSV,3,3,10,35,61,186,23,39,33,000,46,8*79
$GBGSV,1,1,01,11,05,113,,0*40
$GNGLL,3001.74226,S,05112.75027,W,165812.00,A,D*73
$GNRMC,165813.00,A,3001.74226,S,05112.75027,W,0.011,,090926,,,F,V*17
$GNVTG,,T,,M,0.011,N,0.021,K,D*3B
$GNGGA,165813.00,3001.74226,S,05112.75027,W,5,12,0.66,48.0,M,4.8,M,2.0,0920*62
$GNGSA,M,3,05,12,13,18,23,25,28,29,31,,,,1.29,0.66,1.11,1*0E
$GNGSA,M,3,16,25,36,02,10,11,,,,,,,1.29,0.66,1.11,3*02
$GNGSA,M,3,12,19,24,26,29,35,39,,,,,,1.29,0.66,1.11,4*0D
$GPGSV,3,1,09,05,38,121,47,12,23,037,41,13,17,032,27,18,66,266,23,1*69
$GPGSV,3,2,09,23,22,356,44,25,56,022,52,28,24,290,21,29,58,153,33,1*6B
$GPGSV,3,3,09,31,21,257,29,1*57
$GPGSV,2,1,08,05,38,121,42,12,23,037,25,13,17,032,23,23,22,356,39,6*6C
$GPGSV,2,2,08,25,56,022,46,28,24,290,17,29,58,153,18,31,21,257,26,6*61
$GPGSV,2,1,06,13,17,032,25,18,66,266,22,23,22,356,42,25,56,022,54,8*63
$GPGSV,2,2,06,26,24,225,22,28,24,290,18,8*62
$GPGSV,1,1,03,15,08,056,,20,00,083,,21,10,141,,0*56
$GAGSV,2,1,07,02,30,221,16,10,38,143,39,11,67,157,26,14,22,092,20,1*7A
$GAGSV,2,2,07,16,41,046,40,25,86,174,34,36,56,302,18,1*44
$GAGSV,1,1,04,10,38,143,32,14,22,092,32,16,41,046,48,25,86,174,35,5*76
$GAGSV,2,1,05,10,38,143,34,11,67,157,14,14,22,092,25,16,41,046,45,7*71
$GAGSV,2,2,05,25,86,174,29,7*46
$GAGSV,1,1,02,12,15,139,,34,06,313,,0*7A
$GBGSV,2,1,06,19,23,069,32,22,09,018,18,24,23,228,27,29,25,122,44,3*78
$GBGSV,2,2,06,35,61,186,32,39,33,000,49,3*7A
$GBGSV,2,1,08,12,21,097,19,19,23,069,29,22,09,018,20,24,23,228,19,5*77
$GBGSV,2,2,08,29,25,122,42,31,34,259,22,35,61,186,24,39,33,000,46,5*7A
$GBGSV,3,1,10,12,21,097,22,19,23,069,23,20,15,116,26,22,09,018,15,8*75
$GBGSV,3,2,10,24,23,228,28,26,53,277,20,29,25,122,46,31,34,259,17,8*7A
$GBGSV,3,3,10,35,61,186,23,39,33,000,46,8*79
$GBGSV,1,1,01,11,05,113,,0*40
$GNGLL,3001.74226,S,05112.75027,W,165813.00,A,D*72
$GNRMC,165814.00,A,3001.74226,S,05112.75026,W,0.013,,090926,,,F,V*13
$GNVTG,,T,,M,0.013,N,0.025,K,D*3D
$GNGGA,165814.00,3001.74226,S,05112.75026,W,5,12,0.66,48.0,M,4.8,M,2.0,0920*64
$GNGSA,M,3,05,12,13,18,23,25,28,29,31,,,,1.29,0.66,1.11,1*0E
$GNGSA,M,3,16,25,36,02,10,11,,,,,,,1.29,0.66,1.11,3*02
$GNGSA,M,3,12,19,24,26,29,35,39,,,,,,1.29,0.66,1.11,4*0D
$GPGSV,3,1,09,05,38,121,46,12,23,037,41,13,17,032,27,18,66,266,23,1*68
$GPGSV,3,2,09,23,22,356,44,25,56,022,52,28,24,290,21,29,58,153,34,1*6C
$GPGSV,3,3,09,31,21,257,29,1*57
$GPGSV,2,1,08,05,38,121,42,12,23,037,26,13,17,032,23,23,22,356,39,6*6F
$GPGSV,2,2,08,25,56,022,46,28,24,290,17,29,58,153,18,31,21,257,26,6*61
$GPGSV,2,1,06,13,17,032,25,18,66,266,22,23,22,356,42,25,56,022,54,8*63
$GPGSV,2,2,06,26,24,225,22,28,24,290,19,8*63
$GPGSV,1,1,03,15,08,056,,20,00,083,,21,10,141,,0*56
$GAGSV,2,1,07,02,30,221,16,10,38,143,39,11,67,157,26,14,22,092,20,1*7A
$GAGSV,2,2,07,16,41,046,40,25,86,174,34,36,56,302,19,1*45
$GAGSV,1,1,04,10,38,143,32,14,22,092,32,16,41,046,48,25,86,174,35,5*76
$GAGSV,2,1,05,10,38,143,34,11,67,157,15,14,22,092,25,16,41,046,45,7*70
$GAGSV,2,2,05,25,86,174,30,7*4E
$GAGSV,1,1,02,12,15,139,,34,06,313,,0*7A
$GBGSV,2,1,06,19,23,069,32,22,09,018,18,24,23,228,27,29,25,122,44,3*78
$GBGSV,2,2,06,35,61,186,32,39,33,000,49,3*7A
$GBGSV,2,1,08,12,21,097,18,19,23,069,29,22,09,018,20,24,23,228,19,5*76
$GBGSV,2,2,08,29,25,122,42,31,34,259,22,35,61,186,24,39,33,000,46,5*7A
$GBGSV,3,1,10,12,21,097,21,19,23,069,23,20,15,116,27,22,09,018,15,8*77
$GBGSV,3,2,10,24,23,228,28,26,53,277,20,29,25,122,46,31,34,259,17,8*7A
$GBGSV,3,3,10,35,61,186,23,39,33,000,46,8*79
$GBGSV,1,1,01,11,05,113,,0*40
$GNGLL,3001.74226,S,05112.75026,W,165814.00,A,D*74
$GNRMC,165815.00,A,3001.74226,S,05112.75027,W,0.012,,090926,,,F,V*12
$GNVTG,,T,,M,0.012,N,0.022,K,D*3B
$GNGGA,165815.00,3001.74226,S,05112.75027,W,5,12,0.63,48.0,M,4.8,M,2.0,0920*61
$GNGSA,M,3,05,12,13,18,23,25,28,29,31,,,,1.22,0.63,1.04,1*04
$GNGSA,M,3,16,25,36,02,10,11,,,,,,,1.22,0.63,1.04,3*08
$GNGSA,M,3,12,19,20,24,26,29,35,39,,,,,1.22,0.63,1.04,4*05
$GPGSV,3,1,09,05,38,121,46,12,23,037,41,13,17,032,27,18,66,266,23,1*68
$GPGSV,3,2,09,23,22,356,44,25,56,022,52,28,24,290,21,29,58,153,33,1*6B
$GPGSV,3,3,09,31,21,257,28,1*56
$GPGSV,2,1,08,05,38,121,42,12,23,037,26,13,17,032,23,23,22,356,39,6*6F
$GPGSV,2,2,08,25,56,022,46,28,24,290,17,29,58,153,18,31,21,257,27,6*60
$GPGSV,2,1,06,13,17,032,24,18,66,266,23,23,22,356,42,25,56,022,54,8*63
$GPGSV,2,2,06,26,24,225,22,28,24,290,19,8*63
$GPGSV,1,1,03,15,08,056,,20,00,083,,21,10,141,,0*56
$GAGSV,2,1,07,02,30,221,16,10,38,143,39,11,67,157,26,14,22,092,21,1*7B
$GAGSV,2,2,07,16,41,046,40,25,86,174,33,36,56,302,18,1*43
$GAGSV,1,1,04,10,38,143,32,14,22,092,32,16,41,046,48,25,86,174,34,5*77
$GAGSV,2,1,05,10,38,143,34,11,67,157,15,14,22,092,25,16,41,046,45,7*70
$GAGSV,2,2,05,25,86,174,30,7*4E
$GAGSV,1,1,02,12,15,139,,34,06,313,,0*7A
$GBGSV,2,1,07,12,21,097,25,19,23,069,32,22,09,018,18,24,23,229,28,3*73
$GBGSV,2,2,07,29,25,122,44,35,61,186,32,39,33,000,49,3*46
$GBGSV,2,1,08,12,21,097,18,19,23,069,29,22,09,018,20,24,23,229,19,5*77
$GBGSV,2,2,08,29,25,122,42,31,34,259,22,35,61,186,24,39,33,000,46,5*7A
$GBGSV,3,1,10,12,21,097,21,19,23,069,23,20,15,116,27,22,09,018,16,8*74
$GBGSV,3,2,10,24,23,229,28,26,53,277,20,29,25,122,46,31,34,259,16,8*7A
$GBGSV,3,3,10,35,61,186,23,39,33,000,46,8*79
$GBGSV,1,1,01,11,05,113,,0*40
$GNGLL,3001.74226,S,05112.75027,W,165815.00,A,D*74
$GNRMC,165816.00,A,3001.74227,S,05112.75027,W,0.015,,090926,,,F,V*17
$GNVTG,,T,,M,0.015,N,0.027,K,D*39
$GNGGA,165816.00,3001.74227,S,05112.75027,W,5,12,0.63,48.0,M,4.8,M,2.0,0920*63
$GNGSA,M,3,05,12,13,18,23,25,28,29,31,,,,1.22,0.63,1.04,1*04
$GNGSA,M,3,16,25,36,02,10,11,,,,,,,1.22,0.63,1.04,3*08
$GNGSA,M,3,12,19,20,24,26,29,31,35,39,,,,1.22,0.63,1.04,4*07
$GPGSV,3,1,09,05,38,121,46,12,23,037,41,13,17,032,28,18,66,266,23,1*67
$GPGSV,3,2,09,23,22,356,44,25,56,022,52,28,24,290,20,29,58,153,33,1*6A
$GPGSV,3,3,09,31,21,257,28,1*56
$GPGSV,2,1,08,05,38,121,42,12,23,037,26,13,17,032,22,23,22,356,39,6*6E
$GPGSV,2,2,08,25,56,022,46,28,24,290,16,29,58,153,18,31,21,257,27,6*61
$GPGSV,2,1,06,13,17,032,24,18,66,266,23,23,22,356,42,25,56,022,54,8*63
$GPGSV,2,2,06,26,24,225,22,28,24,290,18,8*62
$GPGSV,1,1,03,15,08,056,,20,00,083,,21,10,141,,0*56
$GAGSV,2,1,07,02,30,221,16,10,38,143,39,11,67,157,26,14,22,092,20,1*7A
$GAGSV,2,2,07,16,41,046,40,25,86,174,33,36,56,302,17,1*4C
$GAGSV,1,1,04,10,38,143,32,14,22,092,32,16,41,046,48,25,86,174,34,5*77
$GAGSV,2,1,05,10,38,143,34,11,67,157,16,14,22,092,25,16,41,046,45,7*73
$GAGSV,2,2,05,25,86,174,30,7*4E
$GAGSV,1,1,02,12,15,139,,34,06,313,,0*7A
$GBGSV,2,1,07,12,21,097,26,19,23,069,32,22,09,018,18,24,23,229,28,3*70
$GBGSV,2,2,07,29,25,122,44,35,61,186,32,39,33,000,49,3*46
$GBGSV,3,1,09,12,21,097,19,19,23,069,29,20,15,117,19,22,09,018,20,5*79
$GBGSV,3,2,09,24,23,229,19,29,25,122,42,31,34,259,22,35,61,186,24,5*74
$GBGSV,3,3,09,39,33,000,46,5*43
$GBGSV,3,1,10,12,21,097,21,19,23,069,23,20,15,117,27,22,09,018,16,8*75
$GBGSV,3,2,10,24,23,229,28,26,53,277,19,29,25,122,46,31,34,259,16,8*70
$GBGSV,3,3,10,35,61,186,23,39,33,000,46,8*79
$GBGSV,1,1,01,11,05,113,,0*40
$GNGLL,3001.74227,S,05112.75027,W,165816.00,A,D*76
$GNRMC,165817.00,A,3001.74227,S,05112.75027,W,0.006,,090926,,,F,V*14
$GNVTG,,T,,M,0.006,N,0.011,K,D*3E
$GNGGA,165817.00,3001.74227,S,05112.75027,W,5,12,0.63,48.0,M,4.8,M,2.0,0920*62
$GNGSA,M,3,05,12,13,18,23,25,28,29,31,,,,1.22,0.63,1.04,1*04
$GNGSA,M,3,16,25,36,02,10,11,,,,,,,1.22,0.63,1.04,3*08
$GNGSA,M,3,12,19,20,24,26,29,31,35,39,,,,1.22,0.63,1.04,4*07
$GPGSV,3,1,09,05,38,121,47,12,23,037,41,13,17,032,28,18,66,266,22,1*67
$GPGSV,3,2,09,23,22,356,44,25,56,022,52,28,24,290,21,29,58,153,33,1*6B
$GPGSV,3,3,09,31,21,257,28,1*56
$GPGSV,3,1,09,05,38,121,42,12,23,037,26,13,17,032,22,18,66,266,14,6*6B
$GPGSV,3,2,09,23,22,356,39,25,56,022,46,28,24,290,16,29,58,153,18,6*6E
$GPGSV,3,3,09,31,21,257,27,6*5E
$GPGSV,2,1,06,13,17,032,24,18,66,266,23,23,22,356,42,25,56,022,54,8*63
$GPGSV,2,2,06,26,24,225,22,28,24,290,19,8*63
$GPGSV,1,1,03,15,08,056,,20,00,083,,21,10,141,,0*56
$GAGSV,2,1,07,02,30,221,16,10,38,143,39,11,67,157,26,14,22,092,21,1*7B
$GAGSV,2,2,07,16,41,046,40,25,86,174,34,36,56,302,17,1*4B
$GAGSV,1,1,04,10,38,143,32,14,22,092,32,16,41,046,48,25,86,174,34,5*77
$GAGSV,2,1,05,10,38,143,34,11,67,157,17,14,22,092,25,16,41,046,45,7*72
$GAGSV,2,2,05,25,86,174,30,7*4E
$GAGSV,1,1,02,12,15,139,,34,06,313,,0*7A
$GBGSV,2,1,07,12,21,097,26,19,23,069,32,22,09,018,17,24,23,229,28,3*7F
$GBGSV,2,2,07,29,25,122,44,35,61,186,32,39,33,000,49,3*46
$GBGSV,3,1,09,12,21,097,20,19,23,069,29,20,15,117,18,22,09,018,20,5*72
$GBGSV,3,2,09,24,23,229,18,29,25,122,42,31,34,259,23,35,61,186,24,5*74
$GBGSV,3,3,09,39,33,000,46,5*43
$GBGSV,3,1,10,12,21,097,20,19,23,069,24,20,15,117,27,22,09,018,16,8*73
$GBGSV,3,2,10,24,23,229,29,26,53,278,20,29,25,122,46,31,34,259,17,8*75
$GBGSV,3,3,10,35,61,186,23,39,33,000,46,8*79
$GBGSV,1,1,01,11,05,113,,0*40
$GNGLL,3001.74227,S,05112.75027,W,165817.00,A,D*77
$GNRMC,165818.00,A,3001.74227,S,05112.75027,W,0.012,,090926,,,F,V*1E
$GNVTG,,T,,M,0.012,N,0.022,K,D*3B
$GNGGA,165818.00,3001.74227,S,05112.75027,W,5,12,0.63,48.0,M,4.8,M,2.0,0920*6D
$GNGSA,M,3,05,12,13,18,23,25,28,29,31,,,,1.22,0.63,1.04,1*04
$GNGSA,M,3,16,25,36,02,10,11,,,,,,,1.22,0.63,1.04,3*08
$GNGSA,M,3,12,19,20,24,26,29,35,39,,,,,1.22,0.63,1.04,4*05
$GPGSV,3,1,09,05,38,121,46,12,23,037,41,13,17,032,28,18,66,266,22,1*66
$GPGSV,3,2,09,23,22,356,44,25,56,022,52,28,24,290,21,29,58,153,33,1*6B
$GPGSV,3,3,09,31,21,257,28,1*56
$GPGSV,3,1,09,05,38,121,42,12,23,037,26,13,17,032,23,18,66,266,14,6*6A
$GPGSV,3,2,09,23,22,356,39,25,56,022,46,28,24,290,15,29,58,153,19,6*6C
$GPGSV,3,3,09,31,21,257,27,6*5E
$GPGSV,2,1,06,13,17,032,24,18,66,266,23,23,22,356,42,25,56,022,54,8*63
$GPGSV,2,2,06,26,24,225,23,28,24,290,19,8*62
$GPGSV,1,1,03,15,08,056,,20,00,083,,21,10,141,,0*56
$GAGSV,2,1,07,02,30,221,15,10,38,143,39,11,67,157,25,14,22,092,21,1*7B
$GAGSV,2,2,07,16,41,046,40,25,86,174,33,36,56,302,17,1*4C
$GAGSV,1,1,04,10,38,143,31,14,22,092,32,16,41,046,48,25,86,174,34,5*74
$GAGSV,2,1,05,10,38,143,34,11,67,157,17,14,22,092,25,16,41,046,45,7*72
$GAGSV,2,2,05,25,86,174,30,7*4E
$GAGSV,1,1,02,12,15,139,,34,06,313,,0*7A
$GBGSV,2,1,07,12,21,097,27,19,23,069,32,22,09,018,17,24,23,229,28,3*7E
$GBGSV,2,2,07,29,25,122,44,35,61,186,32,39,33,000,49,3*46
$GBGSV,3,1,09,12,21,097,20,19,23,069,29,20,15,117,17,22,09,018,20,5*7D
$GBGSV,3,2,09,24,23,229,19,29,25,122,42,31,34,259,22,35,61,186,24,5*74
$GBGSV,3,3,09,39,33,000,46,5*43
$GBGSV,3,1,10,12,21,097,20,19,23,069,24,20,15,117,27,22,09,018,16,8*73
$GBGSV,3,2,10,24,23,229,29,26,53,278,20,29,25,122,46,31,34,259,17,8*75
$GBGSV,3,3,10,35,61,186,23,39,33,000,45,8*7A
$GBGSV,1,1,01,11,05,113,,0*40
$GNGLL,3001.74227,S,05112.75027,W,165818.00,A,D*78
$GNRMC,165819.00,A,3001.74227,S,05112.75027,W,0.012,,090926,,,F,V*1F
$GNVTG,,T,,M,0.012,N,0.022,K,D*3B
$GNGGA,165819.00,3001.74227,S,05112.75027,W,5,12,0.63,48.0,M,4.8,M,2.0,0920*6C
$GNGSA,M,3,05,12,13,18,23,25,28,29,31,,,,1.22,0.63,1.04,1*04
$GNGSA,M,3,16,25,36,10,11,,,,,,,,1.22,0.63,1.04,3*0A
$GNGSA,M,3,12,19,20,24,26,29,31,35,39,,,,1.22,0.63,1.04,4*07
$GPGSV,3,1,09,05,38,121,46,12,23,037,41,13,17,032,28,18,66,266,22,1*66
$GPGSV,3,2,09,23,22,356,44,25,56,022,52,28,24,290,21,29,58,153,33,1*6B
$GPGSV,3,3,09,31,21,257,27,1*59
$GPGSV,3,1,09,05,38,121,42,12,23,037,26,13,17,032,22,18,66,266,15,6*6A
$GPGSV,3,2,09,23,22,356,39,25,56,022,46,28,24,290,18,29,58,153,19,6*61
$GPGSV,3,3,09,31,21,257,27,6*5E
$GPGSV,2,1,06,13,17,032,24,18,66,266,23,23,22,356,42,25,56,022,54,8*63
$GPGSV,2,2,06,26,24,225,23,28,24,290,19,8*62
$GPGSV,1,1,03,15,08,056,,20,00,083,,21,10,141,,0*56
$GAGSV,2,1,07,02,30,221,14,10,38,143,38,11,67,157,25,14,22,092,21,1*7B
$GAGSV,2,2,07,16,41,046,40,25,86,174,33,36,56,302,18,1*43
$GAGSV,1,1,04,10,38,143,32,14,22,092,32,16,41,046,48,25,86,174,34,5*77
$GAGSV,2,1,05,10,38,143,34,11,67,157,16,14,22,092,25,16,41,046,45,7*73
$GAGSV,2,2,05,25,86,174,30,7*4E
$GAGSV,1,1,02,12,15,139,,34,06,313,,0*7A
$GBGSV,2,1,07,12,21,097,27,19,23,069,32,22,09,018,18,24,23,229,29,3*70
$GBGSV,2,2,07,29,25,122,44,35,61,186,31,39,33,000,49,3*45
$GBGSV,3,1,09,12,21,097,20,19,23,069,29,20,15,117,17,22,09,018,20,5*7D
$GBGSV,3,2,09,24,23,229,19,29,25,122,42,31,34,259,22,35,61,186,24,5*74
$GBGSV,3,3,09,39,33,000,46,5*43
$GBGSV,3,1,10,12,21,097,20,19,23,069,24,20,15,117,27,22,09,018,17,8*72
$GBGSV,3,2,10,24,23,229,29,26,53,278,20,29,25,122,46,31,34,259,17,8*75
$GBGSV,3,3,10,35,61,186,23,39,33,000,46,8*79
$GBGSV,1,1,01,11,05,113,,0*40
$GNGLL,3001.74227,S,05112.75027,W,165819.00,A,D*79
$GNRMC,165820.00,A,3001.74227,S,05112.75027,W,0.011,,090926,,,F,V*16
$GNVTG,,T,,M,0.011,N,0.021,K,D*3B
$GNGGA,165820.00,3001.74227,S,05112.75027,W,5,12,0.63,48.0,M,4.8,M,2.0,0920*66
$GNGSA,M,3,05,12,13,18,23,25,28,29,31,,,,1.22,0.63,1.04,1*04
$GNGSA,M,3,16,25,36,10,11,,,,,,,,1.22,0.63,1.04,3*0A
$GNGSA,M,3,12,19,20,24,26,29,31,35,39,,,,1.22,0.63,1.04,4*07
$GPGSV,3,1,09,05,38,121,46,12,23,037,41,13,17,032,28,18,66,266,22,1*66
$GPGSV,3,2,09,23,22,356,44,25,56,022,52,28,24,290,20,29,58,153,33,1*6A
$GPGSV,3,3,09,31,21,257,27,1*59
$GPGSV,3,1,09,05,38,121,42,12,23,037,26,13,17,032,23,18,66,266,16,6*68
$GPGSV,3,2,09,23,22,356,39,25,56,022,46,28,24,290,18,29,58,153,18,6*60
$GPGSV,3,3,09,31,21,257,27,6*5E
$GPGSV,2,1,06,13,17,032,24,18,66,266,23,23,22,356,42,25,56,022,54,8*63
$GPGSV,2,2,06,26,24,225,23,28,24,290,19,8*62
$GPGSV,1,1,03,15,08,056,,20,00,083,,21,10,141,,0*56
$GAGSV,2,1,07,02,30,221,14,10,38,143,39,11,67,157,25,14,22,092,21,1*7A
$GAGSV,2,2,07,16,41,046,40,25,86,174,34,36,56,302,18,1*44
$GAGSV,1,1,04,10,38,143,32,14,22,092,32,16,41,046,48,25,86,174,34,5*77
$GAGSV,2,1,05,10,38,143,34,11,67,157,16,14,22,092,25,16,41,046,45,7*73
$GAGSV,2,2,05,25,86,174,30,7*4E
$GAGSV,1,1,02,12,15,139,,34,06,313,,0*7A
$GBGSV,2,1,07,12,21,097,27,19,23,069,32,22,09,018,19,24,23,229,29,3*71
$GBGSV,2,2,07,29,25,121,44,35,61,186,31,39,33,000,49,3*46
$GBGSV,3,1,09,12,21,097,21,19,23,069,30,20,15,117,17,22,09,018,19,5*7E
$GBGSV,3,2,09,24,23,229,19,29,25,121,42,31,34,259,22,35,61,186,23,5*70
$GBGSV,3,3,09,39,33,000,46,5*43
$GBGSV,3,1,10,12,21,097,19,19,23,069,23,20,15,117,27,22,09,018,17,8*7F
$GBGSV,3,2,10,24,23,229,29,26,53,278,20,29,25,121,46,31,34,259,17,8*76
$GBGSV,3,3,10,35,61,186,23,39,33,000,46,8*79
$GBGSV,1,1,01,11,05,113,,0*40
$GNGLL,3001.74227,S,05112.75027,W,165820.00,A,D*73
$GNRMC,165821.00,A,3001.74227,S,05112.75028,W,0.013,,090926,,,F,V*1A
$GNVTG,,T,,M,0.013,N,0.024,K,D*3C
$GNGGA,165821.00,3001.74227,S,05112.75028,W,5,12,0.62,48.0,M,4.8,M,2.0,0920*69
$GNGSA,M,3,05,12,13,18,23,25,28,29,31,,,,1.18,0.62,1.01,1*09
$GNGSA,M,3,16,25,36,10,11,,,,,,,,1.18,0.62,1.01,3*07
$GNGSA,M,3,12,19,20,24,26,29,35,39,,,,,1.18,0.62,1.01,4*08
$GPGSV,3,1,09,05,38,121,46,12,23,037,41,13,17,032,28,18,66,266,22,1*66
$GPGSV,3,2,09,23,22,356,44,25,56,022,52,28,24,290,21,29,58,153,33,1*6B
$GPGSV,3,3,09,31,21,257,27,1*59
$GPGSV,3,1,09,05,38,121,42,12,23,037,26,13,17,032,23,18,66,266,16,6*68
$GPGSV,3,2,09,23,22,356,39,25,56,022,46,28,24,290,18,29,58,153,17,6*6F
$GPGSV,3,3,09,31,21,257,27,6*5E
$GPGSV,2,1,06,13,17,032,24,18,66,266,23,23,22,356,42,25,56,022,54,8*63
$GPGSV,2,2,06,26,24,225,23,28,24,290,17,8*6C
$GPGSV,1,1,03,15,08,056,,20,00,083,,21,10,141,,0*56
$GAGSV,2,1,07,02,30,221,13,10,38,143,39,11,67,157,26,14,22,092,21,1*7E
$GAGSV,2,2,07,16,41,046,40,25,86,174,34,36,56,302,18,1*44
$GAGSV,1,1,04,10,38,143,32,14,22,092,32,16,41,046,48,25,86,174,34,5*77
$GAGSV,2,1,05,10,38,143,34,11,67,157,16,14,22,092,25,16,41,046,45,7*73
$GAGSV,2,2,05,25,86,174,30,7*4E
$GAGSV,1,1,02,12,15,139,,34,06,313,,0*7A
$GBGSV,2,1,07,12,21,097,27,19,23,069,32,22,09,018,19,24,23,229,29,3*71
$GBGSV,2,2,07,29,25,121,44,35,61,186,31,39,33,000,49,3*46
$GBGSV,3,1,09,12,21,097,22,19,23,069,30,20,15,117,18,22,09,018,19,5*72
$GBGSV,3,2,09,24,23,229,19,29,25,121,42,31,34,259,22,35,61,186,23,5*70
$GBGSV,3,3,09,39,33,000,46,5*43
$GBGSV,3,1,10,12,21,097,19,19,23,069,23,20,15,117,27,22,09,018,18,8*70
$GBGSV,3,2,10,24,23,229,29,26,53,278,20,29,25,121,46,31,34,259,17,8*76
$GBGSV,3,3,10,35,61,186,23,39,33,000,46,8*79
$GBGSV,1,1,01,11,05,113,,0*40
$GNGLL,3001.74227,S,05112.75028,W,165821.00,A,D*7D
$GNRMC,165822.00,A,3001.74227,S,05112.75028,W,0.015,,090926,,,F,V*1F
$GNVTG,,T,,M,0.015,N,0.028,K,D*36
$GNGGA,165822.00,3001.74227,S,05112.75028,W,5,12,0.62,48.0,M,4.8,M,2.0,0920*6A
$GNGSA,M,3,05,12,13,18,23,25,28,29,31,,,,1.18,0.62,1.01,1*09
$GNGSA,M,3,16,25,36,02,10,11,,,,,,,1.18,0.62,1.01,3*05
$GNGSA,M,3,12,19,20,24,26,29,31,35,39,,,,1.18,0.62,1.01,4*0A
$GPGSV,3,1,09,05,38,121,47,12,23,037,41,13,17,032,28,18,66,266,22,1*67
$GPGSV,3,2,09,23,22,356,44,25,56,022,52,28,24,290,21,29,58,153,33,1*6B
$GPGSV,3,3,09,31,21,257,26,1*58
$GPGSV,3,1,09,05,38,121,42,12,23,037,26,13,17,032,23,18,66,266,16,6*68
$GPGSV,3,2,09,23,22,356,40,25,56,022,46,28,24,290,18,29,58,153,17,6*61
$GPGSV,3,3,09,31,21,257,27,6*5E
$GPGSV,2,1,06,13,17,032,24,18,66,266,23,23,22,356,42,25,56,022,54,8*63
$GPGSV,2,2,06,26,24,225,23,28,24,290,17,8*6C
$GPGSV,1,1,03,15,08,056,,20,00,083,,21,10,141,,0*56
$GAGSV,2,1,07,02,30,221,15,10,38,143,39,11,67,157,26,14,22,092,21,1*78
$GAGSV,2,2,07,16,41,046,40,25,86,174,34,36,56,302,17,1*4B
$GAGSV,1,1,04,10,38,143,32,14,22,092,32,16,41,046,48,25,86,174,34,5*77
$GAGSV,2,1,05,10,38,143,34,11,67,157,16,14,22,092,26,16,41,046,45,7*70
$GAGSV,2,2,05,25,86,174,30,7*4E
$GAGSV,1,1,02,12,15,139,,34,06,313,,0*7A
$GBGSV,2,1,07,12,21,097,28,19,23,069,32,22,09,018,18,24,23,229,30,3*77
$GBGSV,2,2,07,29,25,121,44,35,61,186,31,39,33,000,49,3*46
$GBGSV,3,1,09,12,21,097,22,19,23,069,30,20,15,117,18,22,09,018,19,5*72
$GBGSV,3,2,09,24,23,229,19,29,25,121,42,31,34,259,22,35,61,186,23,5*70
$GBGSV,3,3,09,39,33,000,46,5*43
$GBGSV,3,1,10,12,21,097,19,19,23,069,23,20,15,117,27,22,09,018,19,8*71
$GBGSV,3,2,10,24,23,229,29,26,53,278,20,29,25,121,46,31,34,259,17,8*76
$GBGSV,3,3,10,35,61,186,23,39,33,000,46,8*79
$GBGSV,1,1,01,11,05,113,,0*40
$GNGLL,3001.74227,S,05112.75028,W,165822.00,A,D*7E
$GNRMC,165823.00,A,3001.74227,S,05112.75028,W,0.006,,090926,,,F,V*1C
$GNVTG,,T,,M,0.006,N,0.011,K,D*3E
$GNGGA,165823.00,3001.74227,S,05112.75028,W,5,12,0.62,48.0,M,4.8,M,2.0,0920*6B
$GNGSA,M,3,05,12,13,18,23,25,28,29,31,,,,1.18,0.62,1.01,1*09
$GNGSA,M,3,16,25,36,02,10,11,,,,,,,1.18,0.62,1.01,3*05
$GNGSA,M,3,12,19,20,24,26,29,31,35,39,,,,1.18,0.62,1.01,4*0A
$GPGSV,3,1,09,05,38,121,47,12,23,037,41,13,17,032,28,18,66,266,22,1*67
$GPGSV,3,2,09,23,22,356,44,25,56,022,52,28,24,290,20,29,58,153,33,1*6A
$GPGSV,3,3,09,31,21,257,26,1*58
$GPGSV,3,1,09,05,38,121,42,12,23,037,25,13,17,032,23,18,66,266,16,6*6B
$GPGSV,3,2,09,23,22,356,40,25,56,022,46,28,24,290,18,29,58,153,17,6*61
$GPGSV,3,3,09,31,21,257,27,6*5E
$GPGSV,2,1,06,13,17,032,23,18,66,266,24,23,22,356,42,25,56,022,54,8*63
$GPGSV,2,2,06,26,24,225,23,28,24,290,17,8*6C
$GPGSV,1,1,03,15,08,056,,20,00,083,,21,10,141,,0*56
$GAGSV,2,1,07,02,30,221,15,10,38,143,39,11,67,157,25,14,22,092,21,1*7B
$GAGSV,2,2,07,16,41,046,40,25,86,174,34,36,56,302,17,1*4B
$GAGSV,1,1,04,10,38,143,32,14,22,092,32,16,41,046,48,25,86,174,34,5*77
$GAGSV,2,1,05,10,38,143,34,11,67,157,14,14,22,092,26,16,41,046,45,7*72
$GAGSV,2,2,05,25,86,174,30,7*4E
$GAGSV,1,1,02,12,15,139,,34,06,313,,0*7A
$GBGSV,2,1,07,12,21,097,28,19,23,069,32,22,09,018,19,24,23,229,30,3*76
$GBGSV,2,2,07,29,25,121,44,35,61,186,31,39,33,000,49,3*46
$GBGSV,3,1,09,12,21,097,22,19,23,069,30,20,15,117,19,22,09,018,20,5*79
$GBGSV,3,2,09,24,23,229,19,29,25,121,42,31,34,259,23,35,61,186,23,5*71
$GBGSV,3,3,09,39,33,000,46,5*43
$GBGSV,3,1,10,12,21,097,18,19,23,069,23,20,15,117,27,22,09,018,19,8*70
$GBGSV,3,2,10,24,23,229,29,26,53,278,20,29,25,121,46,31,34,259,17,8*76
$GBGSV,3,3,10,35,61,186,23,39,33,000,46,8*79
$GBGSV,1,1,01,11,05,113,,0*40
$GNGLL,3001.74227,S,05112.75028,W,165823.00,A,D*7F
$GNRMC,165824.00,A,3001.74227,S,05112.75028,W,0.009,,090926,,,F,V*14
$GNVTG,,T,,M,0.009,N,0.016,K,D*36
$GNGGA,165824.00,3001.74227,S,05112.75028,W,5,12,0.62,48.0,M,4.8,M,2.0,0920*6C
$GNGSA,M,3,05,12,13,18,23,25,28,29,31,,,,1.18,0.62,1.01,1*09
$GNGSA,M,3,16,25,36,02,10,11,,,,,,,1.18,0.62,1.01,3*05
$GNGSA,M,3,12,19,20,24,26,29,31,35,39,,,,1.18,0.62,1.01,4*0A
$GPGSV,3,1,09,05,38,121,47,12,23,037,40,13,17,032,28,18,66,266,21,1*65
$GPGSV,3,2,09,23,22,356,44,25,56,022,52,28,24,290,19,29,58,153,34,1*67
$GPGSV,3,3,09,31,21,257,26,1*58
$GPGSV,3,1,09,05,38,121,42,12,23,037,25,13,17,032,23,18,66,266,16,6*6B
$GPGSV,3,2,09,23,22,356,40,25,56,022,46,28,24,290,19,29,58,153,18,6*6F
$GPGSV,3,3,09,31,21,257,27,6*5E
$GPGSV,2,1,06,13,17,032,23,18,66,266,24,23,22,356,42,25,56,022,54,8*63
$GPGSV,2,2,06,26,24,225,22,28,24,290,16,8*6C
$GPGSV,1,1,03,15,08,056,,20,00,083,,21,10,141,,0*56
$GAGSV,2,1,07,02,30,221,16,10,38,143,39,11,67,157,26,14,22,092,20,1*7A
$GAGSV,2,2,07,16,41,046,40,25,86,174,34,36,56,302,17,1*4B
$GAGSV,1,1,04,10,38,143,32,14,22,092,32,16,41,046,48,25,86,174,34,5*77
$GAGSV,2,1,05,10,38,143,34,11,67,157,14,14,22,092,26,16,41,046,44,7*73
$GAGSV,2,2,05,25,86,174,30,7*4E
$GAGSV,1,1,02,12,15,139,,34,06,313,,0*7A
$GBGSV,2,1,07,12,21,097,27,19,23,069,32,22,09,018,20,24,23,229,30,3*73
$GBGSV,2,2,07,29,25,121,44,35,61,186,31,39,33,000,49,3*46
$GBGSV,3,1,09,12,21,097,23,19,23,069,30,20,15,117,19,22,09,018,20,5*78
$GBGSV,3,2,09,24,23,229,19,29,25,121,42,31,34,259,22,35,61,186,23,5*70
$GBGSV,3,3,09,39,33,000,46,5*43
$GBGSV,3,1,10,12,21,097,19,19,23,069,23,20,15,117,27,22,09,018,20,8*7B
$GBGSV,3,2,10,24,23,229,29,26,53,278,20,29,25,121,46,31,34,259,17,8*76
$GBGSV,3,3,10,35,61,186,23,39,33,000,46,8*79
$GBGSV,1,1,01,11,05,113,,0*40
$GNGLL,3001.74227,S,05112.75028,W,165824.00,A,D*78
$GNRMC,165825.00,A,3001.74228,S,05112.75029,W,0.007,,090926,,,F,V*15
$GNVTG,,T,,M,0.007,N,0.012,K,D*3C
$GNGGA,165825.00,3001.74228,S,05112.75029,W,5,12,0.62,48.0,M,4.8,M,2.0,0920*63
$GNGSA,M,3,05,12,13,18,23,25,28,29,31,,,,1.18,0.62,1.01,1*09
$GNGSA,M,3,16,25,36,10,11,,,,,,,,1.18,0.62,1.01,3*07
$GNGSA,M,3,12,19,20,24,26,29,31,35,39,,,,1.18,0.62,1.01,4*0A
$GPGSV,3,1,10,05,38,121,47,12,23,037,40,13,17,032,28,18,66,266,20,1*6C
$GPGSV,3,2,10,23,22,356,44,25,56,022,52,26,24,225,18,28,24,290,18,1*66
$GPGSV,3,3,10,29,58,153,34,31,21,257,26,1*66
$GPGSV,3,1,09,05,38,121,42,12,23,037,25,13,17,032,23,18,66,266,16,6*6B
$GPGSV,3,2,09,23,22,356,40,25,56,022,46,28,24,290,18,29,58,153,17,6*61
$GPGSV,3,3,09,31,21,257,26,6*5F
$GPGSV,2,1,06,13,17,032,24,18,66,266,23,23,22,356,42,25,56,022,54,8*63
$GPGSV,2,2,06,26,24,225,23,28,24,290,16,8*6D
$GPGSV,1,1,03,15,08,056,,20,00,083,,21,10,141,,0*56
$GAGSV,2,1,07,02,30,221,13,10,38,143,39,11,67,157,26,14,22,092,20,1*7F
$GAGSV,2,2,07,16,41,046,40,25,86,174,34,36,56,302,17,1*4B
$GAGSV,1,1,04,10,38,143,32,14,22,092,32,16,41,046,48,25,86,174,34,5*77
$GAGSV,2,1,05,10,38,143,34,11,67,157,14,14,22,092,26,16,41,046,44,7*73
$GAGSV,2,2,05,25,86,174,30,7*4E
$GAGSV,1,1,02,12,15,139,,34,06,313,,0*7A
$GBGSV,2,1,07,12,21,097,28,19,23,069,32,22,09,018,20,24,23,229,30,3*7C
$GBGSV,2,2,07,29,25,121,44,35,61,186,31,39,33,000,49,3*46
$GBGSV,3,1,09,12,21,097,23,19,23,069,30,20,15,117,18,22,09,018,21,5*78
$GBGSV,3,2,09,24,23,229,17,29,25,121,42,31,34,259,22,35,61,186,23,5*7E
$GBGSV,3,3,09,39,33,000,46,5*43
$GBGSV,3,1,10,12,21,097,18,19,23,069,23,20,15,117,27,22,09,018,19,8*70
$GBGSV,3,2,10,24,23,229,29,26,53,278,20,29,25,121,46,31,34,259,17,8*76
$GBGSV,3,3,10,35,61,186,23,39,33,000,46,8*79
$GBGSV,1,1,01,11,05,113,,0*40
$GNGLL,3001.74228,S,05112.75029,W,165825.00,A,D*77
$GNRMC,165826.00,A,3001.74228,S,05112.75029,W,0.002,,090926,,,F,V*13
$GNVTG,,T,,M,0.002,N,0.004,K,D*3E
$GNGGA,165826.00,3001.74228,S,05112.75029,W,5,12,0.62,48.0,M,4.8,M,2.0,0920*60
$GNGSA,M,3,05,12,13,18,23,25,28,29,31,,,,1.18,0.62,1.01,1*09
$GNGSA,M,3,16,25,36,10,11,,,,,,,,1.18,0.62,1.01,3*07
$GNGSA,M,3,12,19,20,24,26,29,31,35,39,,,,1.18,0.62,1.01,4*0A
$GPGSV,3,1,10,05,38,121,47,12,23,037,40,13,17,032,28,18,66,266,20,1*6C
$GPGSV,3,2,10,23,22,356,44,25,56,022,52,26,24,225,18,28,24,290,18,1*66
$GPGSV,3,3,10,29,58,153,33,31,21,257,25,1*62
$GPGSV,3,1,09,05,38,121,42,12,23,037,25,13,17,032,23,18,66,266,15,6*68
$GPGSV,3,2,09,23,22,356,40,25,56,022,46,28,24,290,18,29,58,153,17,6*61
$GPGSV,3,3,09,31,21,257,26,6*5F
$GPGSV,2,1,06,13,17,032,24,18,66,266,24,23,22,356,42,25,56,022,54,8*64
$GPGSV,2,2,06,26,24,225,23,28,24,290,16,8*6D
$GPGSV,1,1,03,15,08,056,,20,00,083,,21,10,141,,0*56
$GAGSV,2,1,07,02,30,221,11,10,38,143,39,11,67,157,25,14,22,092,21,1*7F
$GAGSV,2,2,07,16,41,046,40,25,86,174,34,36,56,302,17,1*4B
$GAGSV,1,1,04,10,38,143,32,14,22,092,32,16,41,046,48,25,86,174,34,5*77
$GAGSV,2,1,05,10,38,143,34,11,67,157,15,14,22,092,26,16,41,046,44,7*72
$GAGSV,2,2,05,25,86,174,30,7*4E
$GAGSV,1,1,02,12,15,139,,34,06,313,,0*7A
$GBGSV,2,1,07,12,21,097,28,19,23,069,32,22,09,018,20,24,23,229,30,3*7C
$GBGSV,2,2,07,29,25,121,44,35,61,185,31,39,33,000,49,3*45
$GBGSV,3,1,09,12,21,097,23,19,23,069,30,20,15,117,18,22,09,018,20,5*79
$GBGSV,3,2,09,24,23,229,15,29,25,121,42,31,34,259,22,35,61,185,23,5*7F
$GBGSV,3,3,09,39,33,000,46,5*43
$GBGSV,3,1,10,12,21,097,16,19,23,069,23,20,15,117,27,22,09,018,20,8*74
$GBGSV,3,2,10,24,23,229,28,26,53,278,21,29,25,121,46,31,34,259,16,8*77
$GBGSV,3,3,10,35,61,185,23,39,33,000,46,8*7A
$GBGSV,1,1,01,11,05,113,,0*40
$GNGLL,3001.74228,S,05112.75029,W,165826.00,A,D*74
$GNRMC,165827.00,A,3001.74228,S,05112.75029,W,0.021,,090926,,,F,V*13
$GNVTG,,T,,M,0.021,N,0.038,K,D*30
$GNGGA,165827.00,3001.74228,S,05112.75029,W,5,12,0.73,48.0,M,4.8,M,2.0,0920*61
$GNGSA,M,3,05,12,13,18,23,25,28,29,31,,,,1.37,0.73,1.16,1*02
$GNGSA,M,3,16,25,36,10,11,,,,,,,,1.37,0.73,1.16,3*0C
$GNGSA,M,3,12,19,20,24,26,29,31,35,39,,,,1.37,0.73,1.16,4*01
$GPGSV,3,1,10,05,38,121,47,12,23,037,40,13,17,032,28,18,66,266,20,1*6C
$GPGSV,3,2,10,23,22,356,44,25,56,022,52,26,24,225,17,28,24,290,18,1*69
$GPGSV,3,3,10,29,58,153,34,31,21,257,25,1*65
$GPGSV,3,1,09,05,38,121,42,12,23,037,25,13,17,032,23,18,66,266,14,6*69
$GPGSV,3,2,09,23,22,356,40,25,56,022,46,28,24,290,18,29,58,153,17,6*61
$GPGSV,3,3,09,31,21,257,26,6*5F
$GPGSV,2,1,06,13,17,032,24,18,66,266,24,23,22,356,43,25,56,022,54,8*65
$GPGSV,2,2,06,26,24,225,23,28,24,290,17,8*6C
$GPGSV,1,1,03,15,08,056,,20,00,083,,21,10,141,,0*56
$GAGSV,2,1,07,02,30,221,12,10,38,143,39,11,67,157,26,14,22,092,21,1*7F
$GAGSV,2,2,07,16,41,046,40,25,86,174,34,36,56,302,17,1*4B
$GAGSV,1,1,04,10,38,143,32,14,22,092,32,16,41,046,48,25,86,174,34,5*77
$GAGSV,2,1,05,10,38,143,34,11,67,157,16,14,22,092,26,16,41,046,44,7*71
$GAGSV,2,2,05,25,86,174,30,7*4E
$GAGSV,1,1,02,12,15,139,,34,06,313,,0*7A
$GBGSV,2,1,07,12,21,097,28,19,23,069,33,22,09,018,19,24,23,229,30,3*77
$GBGSV,2,2,07,29,25,121,44,35,61,185,31,39,33,000,49,3*45
$GBGSV,3,1,09,12,21,097,23,19,23,069,31,20,15,117,18,22,09,018,21,5*79
$GBGSV,3,2,09,24,23,229,15,29,25,121,42,31,34,259,22,35,61,185,23,5*7F
$GBGSV,3,3,09,39,33,000,46,5*43
$GBGSV,3,1,10,12,21,097,17,19,23,069,23,20,15,117,27,22,09,018,20,8*75
$GBGSV,3,2,10,24,23,229,28,26,53,278,20,29,25,121,46,31,34,259,17,8*77
$GBGSV,3,3,10,35,61,185,23,39,33,000,45,8*79
$GBGSV,1,1,01,11,05,113,,0*40
$GNGLL,3001.74228,S,05112.75029,W,165827.00,A,D*75
$GNRMC,165828.00,A,3001.74228,S,05112.75029,W,0.026,,090926,,,F,V*1B
$GNVTG,,T,,M,0.026,N,0.049,K,D*31
$GNGGA,165828.00,3001.74228,S,05112.75029,W,5,12,0.73,48.0,M,4.8,M,2.0,0920*6E
$GNGSA,M,3,05,12,13,18,23,25,26,28,29,31,,,1.37,0.73,1.16,1*06
$GNGSA,M,3,16,25,36,10,11,,,,,,,,1.37,0.73,1.16,3*0C
$GNGSA,M,3,12,19,20,24,26,29,31,35,39,,,,1.37,0.73,1.16,4*01
$GPGSV,3,1,10,05,38,121,47,12,23,037,40,13,17,032,29,18,66,266,21,1*6C
$GPGSV,3,2,10,23,22,356,44,25,56,022,52,26,24,225,18,28,24,290,17,1*69
$GPGSV,3,3,10,29,58,153,34,31,21,257,25,1*65
$GPGSV,3,1,09,05,38,121,42,12,23,037,25,13,17,032,23,18,66,266,14,6*69
$GPGSV,3,2,09,23,22,356,40,25,56,022,46,28,24,290,18,29,58,153,17,6*61
$GPGSV,3,3,09,31,21,257,26,6*5F
$GPGSV,2,1,06,13,17,032,24,18,66,266,24,23,22,356,42,25,56,022,54,8*64
$GPGSV,2,2,06,26,24,225,23,28,24,290,17,8*6C
$GPGSV,1,1,03,15,08,056,,20,00,083,,21,10,141,,0*56
$GAGSV,2,1,07,02,30,221,12,10,38,143,39,11,67,157,25,14,22,092,21,1*7C
$GAGSV,2,2,07,16,41,046,40,25,86,174,34,36,56,302,17,1*4B
$GAGSV,1,1,04,10,38,143,31,14,22,092,32,16,41,046,48,25,86,174,34,5*74
$GAGSV,2,1,05,10,38,143,34,11,67,157,16,14,22,092,26,16,41,046,44,7*71
$GAGSV,2,2,05,25,86,174,30,7*4E
$GAGSV,1,1,02,12,15,139,,34,06,313,,0*7A
$GBGSV,2,1,07,12,21,097,28,19,23,069,32,22,09,018,19,24,23,229,29,3*7E
$GBGSV,2,2,07,29,25,121,44,35,61,185,31,39,33,000,49,3*45
$GBGSV,3,1,10,12,21,097,23,19,23,069,30,20,15,117,19,22,09,018,20,5*70
$GBGSV,3,2,10,24,23,229,20,26,53,278,14,29,25,121,42,31,34,259,22,5*77
$GBGSV,3,3,10,35,61,185,24,39,33,000,46,5*70
$GBGSV,3,1,10,12,21,097,16,19,23,069,23,20,15,117,27,22,09,018,21,8*75
$GBGSV,3,2,10,24,23,229,27,26,53,278,20,29,25,121,46,31,34,259,17,8*78
$GBGSV,3,3,10,35,61,185,23,39,33,000,45,8*79
$GBGSV,1,1,01,11,05,113,,0*40
$GNGLL,3001.74228,S,05112.75029,W,165828.00,A,D*7A
$GNRMC,165829.00,A,3001.74228,S,05112.75029,W,0.008,,090926,,,F,V*16
$GNVTG,,T,,M,0.008,N,0.015,K,D*34
$GNGGA,165829.00,3001.74228,S,05112.75029,W,5,12,0.73,48.0,M,4.8,M,2.0,0920*6F
$GNGSA,M,3,05,12,13,18,23,25,26,28,29,31,,,1.37,0.73,1.16,1*06
$GNGSA,M,3,16,25,36,10,11,,,,,,,,1.37,0.73,1.16,3*0C
$GNGSA,M,3,12,19,20,24,26,29,31,35,39,,,,1.37,0.73,1.16,4*01
$GPGSV,3,1,10,05,38,121,47,12,23,037,40,13,17,032,29,18,66,266,21,1*6C
$GPGSV,3,2,10,23,22,356,44,25,56,022,52,26,24,225,20,28,24,290,15,1*60
$GPGSV,3,3,10,29,58,153,34,31,21,257,24,1*64
$GPGSV,3,1,10,05,38,121,42,12,23,037,25,13,17,032,23,18,66,266,14,6*61
$GPGSV,3,2,10,23,22,356,40,25,56,022,46,26,24,225,15,28,24,290,19,6*6C
$GPGSV,3,3,10,29,58,153,18,31,21,257,26,6*6F
$GPGSV,2,1,06,13,17,032,23,18,66,266,24,23,22,356,42,25,56,022,54,8*63
$GPGSV,2,2,06,26,24,225,24,28,24,290,16,8*6A
$GPGSV,1,1,03,15,08,056,,20,00,083,,21,10,141,,0*56
$GAGSV,2,1,06,10,38,143,39,11,67,157,25,14,22,092,20,16,41,046,40,1*7B
$GAGSV,2,2,06,25,86,174,34,36,56,302,17,1*7E
$GAGSV,1,1,04,10,38,143,32,14,22,092,32,16,41,046,48,25,86,174,34,5*77
$GAGSV,2,1,05,10,38,143,34,11,67,157,14,14,22,092,27,16,41,046,44,7*72
$GAGSV,2,2,05,25,86,174,30,7*4E
$GAGSV,1,1,03,02,30,221,,12,15,139,,34,06,313,,0*4B
$GBGSV,2,1,07,12,21,097,28,19,23,069,32,22,09,018,20,24,23,229,29,3*74
$GBGSV,2,2,07,29,25,121,44,35,61,185,31,39,33,000,49,3*45
$GBGSV,3,1,10,12,21,097,24,19,23,069,31,20,15,117,19,22,09,018,21,5*77
$GBGSV,3,2,10,24,23,229,26,26,53,278,15,29,25,121,42,31,34,259,22,5*70
$GBGSV,3,3,10,35,61,185,24,39,33,000,46,5*70
$GBGSV,3,1,10,12,21,097,16,19,23,069,24,20,15,117,27,22,09,018,21,8*72
$GBGSV,3,2,10,24,23,229,27,26,53,278,20,29,25,121,46,31,34,259,17,8*78
$GBGSV,3,3,10,35,61,185,23,39,33,000,46,8*7A
$GBGSV,1,1,01,11,05,113,,0*40
$GNGLL,3001.74228,S,05112.75029,W,165829.00,A,D*7B
$GNRMC,165830.00,A,3001.74228,S,05112.75029,W,0.004,,090926,,,F,V*12
$GNVTG,,T,,M,0.004,N,0.007,K,D*3B
$GNGGA,165830.00,3001.74228,S,05112.75029,W,5,12,0.70,48.0,M,4.8,M,2.0,0920*64
$GNGSA,M,3,05,12,13,18,23,25,26,28,29,31,,,1.34,0.70,1.14,1*04
$GNGSA,M,3,16,25,36,10,11,,,,,,,,1.34,0.70,1.14,3*0E
$GNGSA,M,3,12,19,20,24,26,29,31,35,39,,,,1.34,0.70,1.14,4*03
$GPGSV,3,1,10,05,38,121,47,12,23,037,41,13,17,032,29,18,66,266,20,1*6C
$GPGSV,3,2,10,23,22,356,44,25,56,022,52,26,24,225,21,28,24,290,10,1*64
$GPGSV,3,3,10,29,58,153,34,31,21,257,24,1*64
$GPGSV,3,1,10,05,38,121,41,12,23,037,24,13,17,032,23,18,66,266,15,6*62
$GPGSV,3,2,10,23,22,356,39,25,56,022,46,26,24,225,12,28,24,290,19,6*65
$GPGSV,3,3,10,29,58,153,17,31,21,257,25,6*63
$GPGSV,2,1,06,13,17,032,23,18,66,266,24,23,22,356,42,25,56,022,54,8*63
$GPGSV,2,2,06,26,24,225,23,28,24,290,15,8*6E
$GPGSV,1,1,03,15,08,056,,20,00,083,,21,10,141,,0*56
$GAGSV,2,1,06,10,38,143,39,11,67,157,25,14,22,092,21,16,41,046,40,1*7A
$GAGSV,2,2,06,25,86,174,34,36,56,302,17,1*7E
$GAGSV,1,1,04,10,38,143,32,14,22,092,32,16,41,046,48,25,86,174,34,5*77
$GAGSV,2,1,05,10,38,143,34,11,67,157,13,14,22,092,26,16,41,046,44,7*74
$GAGSV,2,2,05,25,86,174,31,7*4F
$GAGSV,1,1,03,02,30,221,,12,15,139,,34,06,313,,0*4B
$GBGSV,2,1,07,12,21,097,27,19,23,069,32,22,09,018,20,24,23,229,29,3*7B
$GBGSV,2,2,07,29,25,121,44,35,61,185,30,39,32,000,49,3*45
$GBGSV,3,1,10,12,21,097,24,19,23,069,31,20,15,117,19,22,09,018,21,5*77
$GBGSV,3,2,10,24,23,229,27,26,53,278,16,29,25,121,42,31,34,259,22,5*72
$GBGSV,3,3,10,35,61,185,23,39,32,000,46,5*76
$GBGSV,3,1,10,12,21,097,16,19,23,069,23,20,15,117,27,22,09,018,21,8*75
$GBGSV,3,2,10,24,23,229,27,26,53,278,20,29,25,121,46,31,34,259,17,8*78
$GBGSV,3,3,10,35,61,185,23,39,32,000,46,8*7B
$GBGSV,1,1,01,11,05,113,,0*40
$GNGLL,3001.74228,S,05112.75029,W,165830.00,A,D*73
$GNRMC,165831.00,A,3001.74229,S,05112.75030,W,0.046,,090926,,,F,V*1C
$GNVTG,,T,,M,0.046,N,0.085,K,D*37
$GNGGA,165831.00,3001.74229,S,05112.75030,W,5,12,0.71,48.0,M,4.8,M,2.0,0920*6D
$GNGSA,M,3,05,12,13,18,23,25,26,28,29,31,,,1.35,0.71,1.15,1*05
$GNGSA,M,3,16,25,36,10,11,,,,,,,,1.35,0.71,1.15,3*0F
$GNGSA,M,3,12,19,20,24,26,29,31,35,39,,,,1.35,0.71,1.15,4*02
$GPGSV,3,1,10,05,38,121,47,12,23,037,41,13,17,032,29,18,66,266,20,1*6C
$GPGSV,3,2,10,23,22,356,44,25,56,022,52,26,24,225,20,28,24,290,16,1*63
$GPGSV,3,3,10,29,58,153,34,31,21,257,23,1*63
$GPGSV,3,1,10,05,38,121,42,12,23,037,25,13,17,032,23,18,66,266,14,6*61
$GPGSV,3,2,10,23,22,356,39,25,56,022,46,26,24,225,10,28,24,290,20,6*6D
$GPGSV,3,3,10,29,58,153,18,31,21,257,25,6*6C
$GPGSV,2,1,06,13,17,032,24,18,66,266,24,23,22,356,42,25,56,022,54,8*64
$GPGSV,2,2,06,26,24,225,23,28,24,290,14,8*6F
$GPGSV,1,1,03,15,08,056,,20,00,083,,21,10,141,,0*56
$GAGSV,2,1,06,10,38,143,39,11,67,157,25,14,22,092,21,16,41,046,40,1*7A
$GAGSV,2,2,06,25,86,174,34,36,56,302,17,1*7E
$GAGSV,1,1,04,10,38,143,31,14,22,092,32,16,41,046,48,25,86,174,34,5*74
$GAGSV,2,1,05,10,38,143,34,11,67,157,10,14,22,092,26,16,41,046,44,7*77
$GAGSV,2,2,05,25,86,174,31,7*4F
$GAGSV,1,1,03,02,30,221,,12,15,139,,34,06,313,,0*4B
$GBGSV,2,1,07,12,21,097,27,19,23,069,32,22,09,018,21,24,23,229,28,3*7B
$GBGSV,2,2,07,29,25,121,44,35,61,185,30,39,32,000,49,3*45
$GBGSV,3,1,10,12,21,097,25,19,23,069,31,20,15,117,19,22,09,018,21,5*76
$GBGSV,3,2,10,24,23,229,28,26,53,278,16,29,25,121,42,31,34,259,22,5*7D
$GBGSV,3,3,10,35,61,185,23,39,32,000,46,5*76
$GBGSV,3,1,10,12,21,097,15,19,23,069,23,20,15,117,27,22,09,018,20,8*77
$GBGSV,3,2,10,24,23,229,27,26,53,278,20,29,25,121,46,31,34,259,18,8*77
$GBGSV,3,3,10,35,61,185,23,39,32,000,46,8*7B
$GBGSV,1,1,01,11,05,113,,0*40
$GNGLL,3001.74229,S,05112.75030,W,165831.00,A,D*7B
$GNRMC,165832.00,A,3001.74229,S,05112.75030,W,0.026,,090926,,,F,V*19
$GNVTG,,T,,M,0.026,N,0.049,K,D*31
$GNGGA,165832.00,3001.74229,S,05112.75030,W,5,12,0.71,48.0,M,4.8,M,2.0,0920*6E
$GNGSA,M,3,05,12,13,18,23,25,26,28,29,31,,,1.35,0.71,1.15,1*05
$GNGSA,M,3,16,25,36,10,11,,,,,,,,1.35,0.71,1.15,3*0F
$GNGSA,M,3,12,19,20,24,26,29,31,35,39,,,,1.35,0.71,1.15,4*02
$GPGSV,3,1,10,05,38,121,47,12,23,037,41,13,17,032,29,18,66,266,20,1*6C
$GPGSV,3,2,10,23,22,356,44,25,56,022,52,26,24,225,20,28,24,290,10,1*65
$GPGSV,3,3,10,29,58,153,34,31,21,257,23,1*63
$GPGSV,3,1,10,05,38,121,42,12,23,037,24,13,17,032,23,18,66,266,13,6*67
$GPGSV,3,2,10,23,22,356,39,25,56,022,46,26,24,225,12,28,24,290,20,6*6F
$GPGSV,3,3,10,29,58,153,18,31,21,257,25,6*6C
$GPGSV,2,1,06,13,17,032,24,18,66,266,25,23,22,356,42,25,56,022,54,8*65
$GPGSV,2,2,06,26,24,225,24,28,24,290,15,8*69
$GPGSV,1,1,03,15,08,056,,20,00,083,,21,10,141,,0*56
$GAGSV,2,1,07,02,30,221,15,10,38,143,39,11,67,157,25,14,22,092,22,1*78
$GAGSV,2,2,07,16,41,046,40,25,86,174,34,36,56,302,17,1*4B
$GAGSV,1,1,04,10,38,143,31,14,22,092,32,16,41,046,48,25,86,174,34,5*74
$GAGSV,2,1,05,10,38,143,34,11,67,157,10,14,22,092,26,16,41,046,44,7*77
$GAGSV,2,2,05,25,86,174,31,7*4F
$GAGSV,1,1,02,12,15,139,,34,06,313,,0*7A
$GBGSV,2,1,07,12,21,097,27,19,23,069,32,22,09,018,21,24,23,229,28,3*7B
$GBGSV,2,2,07,29,25,121,44,35,61,185,30,39,32,000,49,3*45
$GBGSV,3,1,10,12,21,097,26,19,23,069,31,20,15,117,19,22,09,018,20,5*74
$GBGSV,3,2,10,24,23,229,28,26,53,278,16,29,25,121,42,31,34,259,22,5*7D
$GBGSV,3,3,10,35,61,185,23,39,32,000,46,5*76
$GBGSV,3,1,10,12,21,097,17,19,23,069,23,20,15,117,27,22,09,018,21,8*74
$GBGSV,3,2,10,24,23,229,26,26,53,278,20,29,25,121,46,31,34,259,18,8*76
$GBGSV,3,3,10,35,61,185,22,39,32,000,46,8*7A
$GBGSV,1,1,01,11,05,113,,0*40
$GNGLL,3001.74229,S,05112.75030,W,165832.00,A,D*78
$GNRMC,165833.00,A,3001.74229,S,05112.75030,W,0.015,,090926,,,F,V*18
$GNVTG,,T,,M,0.015,N,0.027,K,D*39
$GNGGA,165833.00,3001.74229,S,05112.75030,W,5,12,0.71,48.0,M,4.8,M,2.0,0920*6F
$GNGSA,M,3,05,12,13,18,23,25,26,28,29,31,,,1.35,0.71,1.15,1*05
$GNGSA,M,3,16,25,36,10,11,,,,,,,,1.35,0.71,1.15,3*0F
$GNGSA,M,3,12,19,20,24,26,29,31,35,39,,,,1.35,0.71,1.15,4*02
$GPGSV,3,1,10,05,38,121,47,12,23,037,41,13,17,032,29,18,66,266,21,1*6D
$GPGSV,3,2,10,23,22,356,44,25,56,022,52,26,24,225,21,28,24,290,10,1*64
$GPGSV,3,3,10,29,58,153,34,31,21,257,22,1*62
$GPGSV,3,1,10,05,38,121,41,12,23,037,24,13,17,032,23,18,66,266,11,6*66
$GPGSV,3,2,10,23,22,356,39,25,56,022,46,26,24,225,14,28,24,290,20,6*69
$GPGSV,3,3,10,29,58,153,17,31,21,257,25,6*63
$GPGSV,2,1,06,13,17,032,23,18,66,266,25,23,22,356,42,25,56,022,54,8*62
$GPGSV,2,2,06,26,24,225,24,28,24,290,15,8*69
$GPGSV,1,1,03,15,08,056,,20,00,083,,21,10,141,,0*56
$GAGSV,2,1,07,02,30,221,16,10,38,143,39,11,67,157,25,14,22,092,21,1*78
$GAGSV,2,2,07,16,41,046,40,25,86,174,34,36,56,302,18,1*44
$GAGSV,1,1,04,10,38,143,32,14,22,092,32,16,41,046,48,25,86,174,34,5*77
$GAGSV,2,1,05,10,38,143,34,11,67,157,11,14,22,092,26,16,41,046,44,7*76
$GAGSV,2,2,05,25,86,174,31,7*4F
$GAGSV,1,1,02,12,15,139,,34,06,313,,0*7A
$GBGSV,2,1,07,12,21,097,28,19,23,069,32,22,09,018,21,24,23,229,27,3*7B
$GBGSV,2,2,07,29,25,121,44,35,61,185,30,39,32,000,49,3*45
$GBGSV,3,1,10,12,21,097,26,19,23,069,31,20,15,117,19,22,09,018,20,5*74
$GBGSV,3,2,10,24,23,229,28,26,53,278,15,29,25,121,42,31,34,259,22,5*7E
$GBGSV,3,3,10,35,61,185,23,39,32,000,46,5*76
$GBGSV,3,1,10,12,21,097,18,19,23,069,23,20,15,117,27,22,09,018,22,8*78
$GBGSV,3,2,10,24,23,229,25,26,53,278,20,29,25,121,46,31,34,259,18,8*75
$GBGSV,3,3,10,35,61,185,23,39,32,000,46,8*7B
$GBGSV,1,1,01,11,05,113,,0*40
$GNGLL,3001.74229,S,05112.75030,W,165833.00,A,D*79
$GNRMC,165834.00,A,3001.74229,S,05112.75031,W,0.007,,090926,,,F,V*1D
$GNVTG,,T,,M,0.007,N,0.014,K,D*3A
$GNGGA,165834.00,3001.74229,S,05112.75031,W,5,12,0.71,48.1,M,4.8,M,2.0,0920*68
$GNGSA,M,3,05,12,13,18,23,25,26,28,29,31,,,1.35,0.71,1.15,1*05
$GNGSA,M,3,16,25,36,10,11,,,,,,,,1.35,0.71,1.15,3*0F
$GNGSA,M,3,12,19,20,24,26,29,31,35,39,,,,1.35,0.71,1.15,4*02
$GPGSV,3,1,10,05,38,121,47,12,23,037,41,13,17,032,29,18,66,266,20,1*6C
$GPGSV,3,2,10,23,22,356,44,25,56,022,52,26,24,225,21,28,24,290,10,1*64
$GPGSV,3,3,10,29,58,153,35,31,21,257,22,1*63
$GPGSV,3,1,10,05,38,121,41,12,23,037,25,13,17,032,24,18,66,266,12,6*63
$GPGSV,3,2,10,23,22,356,39,25,56,022,46,26,24,225,13,28,24,290,19,6*64
$GPGSV,3,3,10,29,58,153,17,31,21,257,25,6*63
$GPGSV,2,1,06,13,17,032,23,18,66,266,25,23,22,356,42,25,56,022,54,8*62
$GPGSV,2,2,06,26,24,225,24,28,24,290,14,8*68
$GPGSV,1,1,03,15,08,056,,20,00,083,,21,10,141,,0*56
$GAGSV,2,1,07,02,30,221,17,10,38,143,38,11,67,157,25,14,22,092,21,1*78
$GAGSV,2,2,07,16,41,046,40,25,86,174,34,36,56,302,18,1*44
$GAGSV,1,1,04,10,38,143,32,14,22,092,32,16,41,046,48,25,86,174,34,5*77
$GAGSV,2,1,05,10,38,143,34,11,67,157,12,14,22,092,26,16,41,046,44,7*75
$GAGSV,2,2,05,25,86,174,31,7*4F
$GAGSV,1,1,02,12,15,139,,34,06,313,,0*7A
$GBGSV,2,1,07,12,21,097,27,19,23,069,32,22,09,018,21,24,23,229,27,3*74
$GBGSV,2,2,07,29,25,121,44,35,61,185,30,39,32,000,49,3*45
$GBGSV,3,1,10,12,21,097,26,19,23,069,31,20,15,117,19,22,09,018,21,5*75
$GBGSV,3,2,10,24,23,229,29,26,53,278,15,29,25,121,42,31,34,259,22,5*7F
$GBGSV,3,3,10,35,61,185,23,39,32,000,46,5*76
$GBGSV,3,1,10,12,21,097,19,19,23,069,23,20,15,117,27,22,09,018,21,8*7A
$GBGSV,3,2,10,24,23,229,25,26,53,278,20,29,25,121,46,31,34,259,18,8*75
$GBGSV,3,3,10,35,61,185,23,39,32,000,45,8*78
$GBGSV,1,1,01,11,05,113,,0*40
$GNGLL,3001.74229,S,05112.75031,W,165834.00,A,D*7F
$GNRMC,165835.00,A,3001.74229,S,05112.75031,W,0.032,,090926,,,F,V*1A
$GNVTG,,T,,M,0.032,N,0.059,K,D*35
$GNGGA,165835.00,3001.74229,S,05112.75031,W,5,12,0.71,48.0,M,4.8,M,2.0,0920*68
$GNGSA,M,3,05,12,13,18,23,25,26,28,29,31,,,1.35,0.71,1.15,1*05
$GNGSA,M,3,16,25,36,10,11,,,,,,,,1.35,0.71,1.15,3*0F
$GNGSA,M,3,12,19,20,24,26,29,31,35,39,,,,1.35,0.71,1.15,4*02
$GPGSV,3,1,09,05,38,121,47,12,23,037,41,13,17,032,29,18,66,266,20,1*64
$GPGSV,3,2,09,23,22,356,44,25,56,022,52,26,24,225,21,29,58,153,35,1*6D
$GPGSV,3,3,09,31,21,257,22,1*5C
$GPGSV,3,1,10,05,38,121,41,12,23,037,24,13,17,032,24,18,66,266,12,6*62
$GPGSV,3,2,10,23,22,356,39,25,56,022,46,26,24,225,12,28,24,290,19,6*65
$GPGSV,3,3,10,29,58,153,17,31,21,257,25,6*63
$GPGSV,2,1,06,13,17,032,22,18,66,266,25,23,22,356,42,25,56,022,54,8*63
$GPGSV,2,2,06,26,24,225,24,28,24,290,15,8*69
$GPGSV,1,1,03,15,08,056,,20,00,083,,21,10,141,,0*56
$GAGSV,2,1,07,02,30,221,16,10,38,143,38,11,67,157,25,14,22,092,21,1*79
$GAGSV,2,2,07,16,41,046,40,25,86,174,34,36,56,302,19,1*45
$GAGSV,1,1,04,10,38,143,32,14,22,092,32,16,41,046,48,25,86,174,34,5*77
$GAGSV,2,1,05,10,38,143,34,11,67,157,12,14,22,092,26,16,41,046,44,7*75
$GAGSV,2,2,05,25,86,174,31,7*4F
$GAGSV,1,1,02,12,15,139,,34,06,313,,0*7A
$GBGSV,2,1,07,12,21,097,27,19,23,069,32,22,09,018,21,24,23,229,26,3*75
$GBGSV,2,2,07,29,25,121,44,35,61,185,30,39,32,000,49,3*45
$GBGSV,3,1,10,12,21,097,26,19,23,069,31,20,15,117,19,22,09,018,21,5*75
$GBGSV,3,2,10,24,23,229,29,26,53,278,14,29,25,121,42,31,34,259,22,5*7E
$GBGSV,3,3,10,35,61,185,23,39,32,000,46,5*76
$GBGSV,3,1,10,12,21,097,18,19,23,069,23,20,15,117,27,22,09,018,21,8*7B
$GBGSV,3,2,10,24,23,229,25,26,53,278,20,29,25,121,46,31,34,259,19,8*74
$GBGSV,3,3,10,35,61,185,23,39,32,000,46,8*7B
$GBGSV,1,1,01,11,05,113,,0*40
$GNGLL,3001.74229,S,05112.75031,W,165835.00,A,D*7E
$GNRMC,165836.00,A,3001.74229,S,05112.75032,W,0.006,,090926,,,F,V*1D
$GNVTG,,T,,M,0.006,N,0.012,K,D*3D
$GNGGA,165836.00,3001.74229,S,05112.75032,W,5,12,0.62,48.0,M,4.8,M,2.0,0920*6A
$GNGSA,M,3,05,12,13,18,23,25,26,28,29,31,,,1.19,0.62,1.02,1*0F
$GNGSA,M,3,16,25,36,02,10,11,,,,,,,1.19,0.62,1.02,3*07
$GNGSA,M,3,12,19,20,24,26,29,31,35,39,,,,1.19,0.62,1.02,4*08
$GPGSV,3,1,09,05,38,121,47,12,23,037,41,13,17,032,29,18,66,266,21,1*65
$GPGSV,3,2,09,23,22,356,44,25,56,022,52,26,24,225,22,29,58,153,35,1*6E
$GPGSV,3,3,09,31,21,257,23,1*5D
$GPGSV,3,1,10,05,38,121,41,12,23,037,24,13,17,032,25,18,66,266,13,6*62
$GPGSV,3,2,10,23,22,356,39,25,56,022,46,26,24,225,13,28,24,290,18,6*65
$GPGSV,3,3,10,29,58,153,17,31,21,257,26,6*60
$GPGSV,2,1,06,13,17,032,22,18,66,266,25,23,22,356,42,25,56,022,54,8*63
$GPGSV,2,2,06,26,24,225,24,28,24,290,15,8*69
$GPGSV,1,1,03,15,08,056,,20,00,083,,21,10,141,,0*56
$GAGSV,2,1,07,02,30,221,18,10,38,143,38,11,67,157,25,14,22,092,21,1*77
$GAGSV,2,2,07,16,41,046,40,25,86,174,34,36,56,302,19,1*45
$GAGSV,1,1,04,10,38,143,32,14,22,092,32,16,41,046,48,25,86,174,34,5*77
$GAGSV,2,1,05,10,38,143,34,11,67,157,12,14,22,092,26,16,41,046,44,7*75
$GAGSV,2,2,05,25,86,174,31,7*4F
$GAGSV,1,1,02,12,15,139,,34,06,313,,0*7A
$GBGSV,2,1,07,12,21,097,27,19,23,069,32,22,09,018,21,24,23,229,25,3*76
$GBGSV,2,2,07,29,25,121,44,35,61,185,29,39,32,000,49,3*4D
$GBGSV,3,1,10,12,21,097,27,19,23,069,31,20,15,117,19,22,09,018,21,5*74
$GBGSV,3,2,10,24,23,229,29,26,53,278,13,29,25,121,42,31,34,259,22,5*79
$GBGSV,3,3,10,35,61,185,23,39,32,000,46,5*76
$GBGSV,3,1,10,12,21,097,18,19,23,069,23,20,15,117,27,22,09,018,21,8*7B
$GBGSV,3,2,10,24,23,229,25,26,53,278,21,29,25,121,46,31,34,259,19,8*75
$GBGSV,3,3,10,35,61,185,23,39,32,000,46,8*7B
$GBGSV,1,1,01,11,05,113,,0*40
$GNGLL,3001.74229,S,05112.75032,W,165836.00,A,D*7E
$GNRMC,165837.00,A,3001.74230,S,05112.75033,W,0.015,,090926,,,F,V*17
$GNVTG,,T,,M,0.015,N,0.029,K,D*37
$GNGGA,165837.00,3001.74230,S,05112.75033,W,5,12,0.62,48.0,M,4.8,M,2.0,0920*62
$GNGSA,M,3,05,12,13,18,23,25,26,28,29,31,,,1.19,0.62,1.02,1*0F
$GNGSA,M,3,16,25,36,02,10,11,,,,,,,1.19,0.62,1.02,3*07
$GNGSA,M,3,12,19,20,24,26,29,31,35,39,,,,1.19,0.62,1.02,4*08
$GPGSV,3,1,09,05,38,121,47,12,23,037,41,13,17,032,29,18,66,266,20,1*64
$GPGSV,3,2,09,23,22,356,44,25,56,022,52,26,24,225,22,29,58,153,35,1*6E
$GPGSV,3,3,09,31,21,257,22,1*5C
$GPGSV,3,1,10,05,38,121,41,12,23,037,24,13,17,032,24,18,66,266,13,6*63
$GPGSV,3,2,10,23,22,356,39,25,56,022,46,26,24,225,14,28,24,290,17,6*6D
$GPGSV,3,3,10,29,58,153,17,31,21,257,26,6*60
$GPGSV,2,1,06,13,17,032,22,18,66,266,26,23,22,356,42,25,56,022,54,8*60
$GPGSV,2,2,06,26,24,225,24,28,24,290,15,8*69
$GPGSV,1,1,03,15,08,056,,20,00,083,,21,10,141,,0*56
$GAGSV,2,1,07,02,30,221,17,10,38,143,38,11,67,157,25,14,22,092,21,1*78
$GAGSV,2,2,07,16,41,046,40,25,86,174,34,36,56,302,19,1*45
$GAGSV,1,1,04,10,38,143,32,14,22,092,31,16,41,046,48,25,86,174,34,5*74
$GAGSV,2,1,05,10,38,143,34,11,67,157,11,14,22,092,26,16,41,046,44,7*76
$GAGSV,2,2,05,25,86,174,31,7*4F
$GAGSV,1,1,02,12,15,139,,34,06,313,,0*7A
$GBGSV,2,1,07,12,21,097,27,19,23,069,32,22,09,018,21,24,23,229,24,3*77
$GBGSV,2,2,07,29,25,121,44,35,61,185,29,39,32,000,49,3*4D
$GBGSV,3,1,10,12,21,097,27,19,23,069,31,20,15,117,19,22,09,018,21,5*74
$GBGSV,3,2,10,24,23,229,29,26,53,278,11,29,25,121,42,31,34,259,22,5*7B
$GBGSV,3,3,10,35,61,185,23,39,32,000,46,5*76
$GBGSV,3,1,10,12,21,097,18,19,23,069,23,20,15,117,27,22,09,018,21,8*7B
$GBGSV,3,2,10,24,23,229,25,26,53,278,21,29,25,121,46,31,34,259,20,8*7F
$GBGSV,3,3,10,35,61,185,22,39,32,000,45,8*79
$GBGSV,1,1,01,11,05,113,,0*40
$GNGLL,3001.74230,S,05112.75033,W,165837.00,A,D*76
$GNRMC,165838.00,A,3001.74230,S,05112.75033,W,0.015,,090926,,,F,V*18
$GNVTG,,T,,M,0.015,N,0.028,K,D*36
$GNGGA,165838.00,3001.74230,S,05112.75033,W,5,12,0.62,48.0,M,4.8,M,2.0,0920*6D
$GNGSA,M,3,05,12,13,18,23,25,26,28,29,31,,,1.19,0.62,1.02,1*0F
$GNGSA,M,3,16,25,36,02,10,11,,,,,,,1.19,0.62,1.02,3*07
$GNGSA,M,3,12,19,20,24,26,29,31,35,39,,,,1.19,0.62,1.02,4*08
$GPGSV,3,1,09,05,38,121,47,12,23,037,41,13,17,032,29,18,66,266,20,1*64
$GPGSV,3,2,09,23,22,356,44,25,56,022,52,26,24,225,23,29,58,153,35,1*6F
$GPGSV,3,3,09,31,21,257,21,1*5F
$GPGSV,3,1,10,05,38,121,41,12,23,037,25,13,17,032,24,18,66,266,11,6*60
$GPGSV,3,2,10,23,22,356,39,25,56,022,46,26,24,225,14,28,24,290,17,6*6D
$GPGSV,3,3,10,29,58,153,16,31,21,257,26,6*61
$GPGSV,2,1,06,13,17,032,22,18,66,266,26,23,22,356,43,25,56,022,54,8*61
$GPGSV,2,2,06,26,24,225,24,28,24,290,15,8*69
$GPGSV,1,1,03,15,08,056,,20,00,083,,21,10,141,,0*56
$GAGSV,2,1,07,02,30,221,18,10,38,143,38,11,67,157,25,14,22,092,22,1*74
$GAGSV,2,2,07,16,41,046,40,25,86,174,34,36,56,302,19,1*45
$GAGSV,1,1,04,10,38,143,32,14,22,092,31,16,41,046,48,25,86,174,34,5*74
$GAGSV,2,1,05,10,38,143,34,11,67,157,11,14,22,092,26,16,41,046,44,7*76
$GAGSV,2,2,05,25,86,174,31,7*4F
$GAGSV,1,1,02,12,15,139,,34,06,313,,0*7A
$GBGSV,2,1,07,12,21,097,26,19,23,069,32,22,09,018,22,24,23,229,23,3*72
$GBGSV,2,2,07,29,25,121,44,35,61,185,29,39,32,000,49,3*4D
$GBGSV,3,1,10,12,21,097,27,19,23,069,31,20,15,117,19,22,09,018,21,5*74
$GBGSV,3,2,10,24,23,229,29,26,53,278,11,29,25,121,42,31,34,259,22,5*7B
$GBGSV,3,3,10,35,61,185,23,39,32,000,46,5*76
$GBGSV,3,1,10,12,21,097,18,19,23,069,22,20,15,117,26,22,09,018,21,8*7B
$GBGSV,3,2,10,24,23,229,25,26,53,278,21,29,25,121,46,31,34,259,20,8*7F
$GBGSV,3,3,10,35,61,185,22,39,32,000,46,8*7A
$GBGSV,1,1,01,11,05,113,,0*40
$GNGLL,3001.74230,S,05112.75033,W,165838.00,A,D*79
$GNRMC,165839.00,A,3001.74230,S,05112.75034,W,0.025,,090926,,,F,V*1D
$GNVTG,,T,,M,0.025,N,0.045,K,D*3E
$GNGGA,165839.00,3001.74230,S,05112.75034,W,5,12,0.62,48.0,M,4.8,M,2.0,0920*6B
$GNGSA,M,3,05,12,13,18,23,25,26,28,29,31,,,1.19,0.62,1.02,1*0F
$GNGSA,M,3,16,25,36,02,10,11,,,,,,,1.19,0.62,1.02,3*07
$GNGSA,M,3,12,19,20,24,26,29,35,39,,,,,1.19,0.62,1.02,4*0A
$GPGSV,3,1,09,05,38,121,47,12,23,037,41,13,17,032,29,18,66,266,20,1*64
$GPGSV,3,2,09,23,22,356,44,25,56,022,52,26,24,225,23,29,58,153,35,1*6F
$GPGSV,3,3,09,31,21,257,22,1*5C
$GPGSV,3,1,10,05,38,121,41,12,23,037,25,13,17,032,24,18,66,266,09,6*69
$GPGSV,3,2,10,23,22,356,40,25,56,022,46,26,24,225,14,28,24,290,16,6*62
$GPGSV,3,3,10,29,58,153,17,31,21,257,26,6*60
$GPGSV,2,1,06,13,17,032,22,18,66,266,25,23,22,356,43,25,56,022,54,8*62
$GPGSV,2,2,06,26,24,225,23,28,24,290,15,8*6E
$GPGSV,1,1,03,15,08,056,,20,00,083,,21,10,141,,0*56
$GAGSV,2,1,07,02,30,221,18,10,38,143,39,11,67,157,25,14,22,092,22,1*75
$GAGSV,2,2,07,16,41,046,40,25,86,174,34,36,56,302,18,1*44
$GAGSV,1,1,04,10,38,143,31,14,22,092,32,16,41,046,48,25,86,174,34,5*74
$GAGSV,2,1,05,10,38,143,34,11,67,157,09,14,22,092,26,16,41,046,44,7*7F
$GAGSV,2,2,05,25,86,174,31,7*4F
$GAGSV,1,1,02,12,15,139,,34,06,313,,0*7A
$GBGSV,2,1,07,12,21,097,26,19,23,069,32,22,09,018,22,24,23,229,22,3*73
$GBGSV,2,2,07,29,25,121,44,35,61,185,29,39,32,000,49,3*4D
$GBGSV,3,1,10,12,21,097,28,19,23,069,31,20,15,117,19,22,09,018,21,5*7B
$GBGSV,3,2,10,24,23,229,29,26,53,278,12,29,25,121,42,31,34,259,22,5*78
$GBGSV,3,3,10,35,61,185,23,39,32,000,46,5*76
$GBGSV,3,1,10,12,21,097,18,19,23,069,22,20,15,117,26,22,09,018,21,8*7B
$GBGSV,3,2,10,24,23,229,25,26,53,278,21,29,25,121,46,31,34,259,19,8*75
$GBGSV,3,3,10,35,61,185,23,39,32,000,46,8*7B
$GBGSV,1,1,01,11,05,113,,0*40
$GNGLL,3001.74230,S,05112.75034,W,165839.00,A,D*7F
$GNRMC,165840.00,A,3001.74230,S,05112.75034,W,0.037,,090926,,,F,V*10
$GNVTG,,T,,M,0.037,N,0.069,K,D*33
$GNGGA,165840.00,3001.74230,S,05112.75034,W,5,12,0.71,48.1,M,4.8,M,2.0,0920*66
$GNGSA,M,3,05,12,13,18,23,25,26,28,29,31,,,1.35,0.71,1.16,1*06
$GNGSA,M,3,16,25,36,02,10,11,,,,,,,1.35,0.71,1.16,3*0E
$GNGSA,M,3,12,19,20,24,26,29,31,35,39,,,,1.35,0.71,1.16,4*01
$GPGSV,3,1,09,05,38,121,47,12,23,037,41,13,17,032,29,18,66,266,21,1*65
$GPGSV,3,2,09,23,22,356,44,25,56,022,52,26,24,225,23,29,58,153,35,1*6F
$GPGSV,3,3,09,31,21,257,22,1*5C
$GPGSV,3,1,10,05,38,121,42,12,23,037,25,13,17,032,24,18,66,266,08,6*6B
$GPGSV,3,2,10,23,22,356,40,25,56,022,46,26,24,225,14,28,24,290,16,6*62
$GPGSV,3,3,10,29,58,153,17,31,21,257,25,6*63
$GPGSV,2,1,06,13,17,032,22,18,66,266,26,23,22,356,43,25,56,022,54,8*61
$GPGSV,2,2,06,26,24,225,23,28,24,290,15,8*6E
$GPGSV,1,1,03,15,08,056,,20,00,083,,21,10,141,,0*56
$GAGSV,2,1,07,02,30,221,17,10,38,143,39,11,67,157,25,14,22,092,22,1*7A
$GAGSV,2,2,07,16,41,046,40,25,86,174,34,36,56,302,18,1*44
$GAGSV,1,1,04,10,38,143,31,14,22,092,32,16,41,046,48,25,86,174,34,5*74
$GAGSV,2,1,05,10,38,143,34,11,67,157,09,14,22,092,26,16,41,046,44,7*7F
$GAGSV,2,2,05,25,86,174,31,7*4F
$GAGSV,1,1,02,12,15,139,,34,06,313,,0*7A
$GBGSV,2,1,07,12,21,097,26,19,23,069,32,22,09,018,22,24,23,229,21,3*70
$GBGSV,2,2,07,29,25,121,44,35,61,185,29,39,32,000,49,3*4D
$GBGSV,3,1,10,12,21,097,28,19,23,069,31,20,15,117,19,22,09,018,21,5*7B
$GBGSV,3,2,10,24,23,229,30,26,53,278,11,29,25,121,42,31,34,259,22,5*73
$GBGSV,3,3,10,35,61,185,24,39,32,000,46,5*71
$GBGSV,3,1,10,12,21,097,17,19,23,069,23,20,15,117,26,22,09,018,20,8*74
$GBGSV,3,2,10,24,23,229,26,26,53,278,21,29,25,121,46,31,34,259,21,8*7D
$GBGSV,3,3,10,35,61,185,23,39,32,000,46,8*7B
$GBGSV,1,1,01,11,05,113,,0*40
$GNGLL,3001.74230,S,05112.75034,W,165840.00,A,D*71
$GNRMC,165841.00,A,3001.74230,S,05112.75034,W,0.019,,090926,,,F,V*1D
$GNVTG,,T,,M,0.019,N,0.036,K,D*35
$GNGGA,165841.00,3001.74230,S,05112.75034,W,5,12,0.71,48.1,M,4.8,M,2.0,0920*67
$GNGSA,M,3,05,12,13,18,23,25,26,28,29,31,,,1.35,0.71,1.16,1*06
$GNGSA,M,3,16,25,36,02,10,11,,,,,,,1.35,0.71,1.16,3*0E
$GNGSA,M,3,12,19,20,24,26,29,31,35,39,,,,1.35,0.71,1.16,4*01
$GPGSV,3,1,09,05,38,121,47,12,23,037,41,13,17,032,29,18,66,266,21,1*65
$GPGSV,3,2,09,23,22,356,44,25,56,022,52,26,24,225,25,29,58,153,35,1*69
$GPGSV,3,3,09,31,21,257,22,1*5C
$GPGSV,3,1,10,05,38,121,41,12,23,037,25,13,17,032,25,18,66,266,08,6*69
$GPGSV,3,2,10,23,22,356,40,25,56,022,46,26,24,225,13,28,24,290,18,6*6B
$GPGSV,3,3,10,29,58,153,17,31,21,257,25,6*63
$GPGSV,2,1,06,13,17,032,22,18,66,266,26,23,22,356,43,25,56,022,54,8*61
$GPGSV,2,2,06,26,24,225,22,28,24,290,15,8*6F
$GPGSV,1,1,03,15,08,056,,20,00,083,,21,10,141,,0*56
$GAGSV,2,1,07,02,30,221,17,10,38,143,39,11,67,157,26,14,22,092,22,1*79
$GAGSV,2,2,07,16,41,046,40,25,86,174,34,36,56,302,18,1*44
$GAGSV,1,1,04,10,38,143,32,14,22,092,32,16,41,046,48,25,86,174,34,5*77
$GAGSV,2,1,05,10,38,143,34,11,67,157,11,14,22,092,26,16,41,046,44,7*76
$GAGSV,2,2,05,25,86,174,31,7*4F
$GAGSV,1,1,02,12,15,139,,34,06,313,,0*7A
$GBGSV,2,1,07,12,21,097,26,19,23,069,32,22,09,018,22,24,23,229,20,3*71
$GBGSV,2,2,07,29,25,121,44,35,61,185,29,39,32,000,49,3*4D
$GBGSV,3,1,10,12,21,097,28,19,23,069,31,20,15,117,19,22,09,018,21,5*7B
$GBGSV,3,2,10,24,23,229,30,26,53,278,09,29,25,121,42,31,34,259,22,5*7A
$GBGSV,3,3,10,35,61,185,24,39,32,000,46,5*71
$GBGSV,3,1,10,12,21,097,16,19,23,069,24,20,15,117,27,22,09,018,20,8*73
$GBGSV,3,2,10,24,23,229,26,26,53,278,21,29,25,121,46,31,34,259,20,8*7C
$GBGSV,3,3,10,35,61,185,23,39,32,000,45,8*78
$GBGSV,1,1,01,11,05,113,,0*40
$GNGLL,3001.74230,S,05112.75034,W,165841.00,A,D*70
$GNRMC,165842.00,A,3001.74230,S,05112.75034,W,0.021,,090926,,,F,V*15
$GNVTG,,T,,M,0.021,N,0.040,K,D*3F
$GNGGA,165842.00,3001.74230,S,05112.75034,W,5,12,0.71,48.1,M,4.8,M,2.0,0920*64
$GNGSA,M,3,05,12,13,18,23,25,26,28,29,31,,,1.35,0.71,1.16,1*06
$GNGSA,M,3,16,25,36,02,10,11,,,,,,,1.35,0.71,1.16,3*0E
$GNGSA,M,3,12,19,20,24,26,29,35,39,,,,,1.35,0.71,1.16,4*03
$GPGSV,3,1,09,05,38,121,47,12,23,037,41,13,17,032,30,18,66,266,21,1*6D
$GPGSV,3,2,09,23,22,356,44,25,56,022,52,26,24,225,25,29,58,153,35,1*69
$GPGSV,3,3,09,31,21,257,23,1*5D
$GPGSV,3,1,10,05,38,121,41,12,23,037,25,13,17,032,25,18,66,266,07,6*66
$GPGSV,3,2,10,23,22,356,40,25,56,022,46,26,24,225,14,28,24,290,18,6*6C
$GPGSV,3,3,10,29,58,153,16,31,21,257,25,6*62
$GPGSV,2,1,06,13,17,032,21,18,66,266,26,23,22,356,43,25,56,022,54,8*62
$GPGSV,2,2,06,26,24,225,23,28,24,290,15,8*6E
$GPGSV,1,1,03,15,08,056,,20,00,083,,21,10,141,,0*56
$GAGSV,2,1,07,02,30,221,18,10,38,143,38,11,67,157,25,14,22,092,22,1*74
$GAGSV,2,2,07,16,41,046,40,25,86,174,34,36,56,302,17,1*4B
$GAGSV,1,1,04,10,38,143,31,14,22,092,32,16,41,046,48,25,86,174,34,5*74
$GAGSV,2,1,05,10,38,143,34,11,67,157,12,14,22,092,26,16,41,046,44,7*75
$GAGSV,2,2,05,25,86,174,31,7*4F
$GAGSV,1,1,02,12,15,139,,34,06,313,,0*7A
$GBGSV,2,1,07,12,21,097,26,19,23,069,32,22,09,018,22,24,23,229,19,3*7B
$GBGSV,2,2,07,29,25,121,44,35,61,185,29,39,32,000,49,3*4D
$GBGSV,3,1,10,12,21,097,29,19,23,069,31,20,15,117,19,22,09,018,21,5*7A
$GBGSV,3,2,10,24,23,229,30,26,53,278,11,29,25,121,42,31,34,259,22,5*73
$GBGSV,3,3,10,35,61,185,24,39,32,000,46,5*71
$GBGSV,3,1,10,12,21,097,17,19,23,069,24,20,15,117,27,22,09,018,20,8*72
$GBGSV,3,2,10,24,23,229,27,26,53,278,21,29,25,121,46,31,34,259,21,8*7C
$GBGSV,3,3,10,35,61,185,23,39,32,000,45,8*78
$GBGSV,1,1,01,11,05,113,,0*40
$GNGLL,3001.74230,S,05112.75034,W,165842.00,A,D*73
$GNRMC,165843.00,A,3001.74230,S,05112.75035,W,0.041,,090926,,,F,V*13
$GNVTG,,T,,M,0.041,N,0.075,K,D*3F
$GNGGA,165843.00,3001.74230,S,05112.75035,W,5,12,0.71,48.1,M,4.8,M,2.0,0920*64
$GNGSA,M,3,05,12,13,18,23,25,26,28,29,31,,,1.35,0.71,1.16,1*06
$GNGSA,M,3,16,25,36,02,10,11,,,,,,,1.35,0.71,1.16,3*0E
$GNGSA,M,3,12,19,20,24,26,29,31,35,39,,,,1.35,0.71,1.16,4*01
$GPGSV,3,1,09,05,38,122,47,12,23,037,41,13,17,032,29,18,66,266,21,1*66
$GPGSV,3,2,09,23,22,356,44,25,56,022,52,26,24,225,25,29,58,153,35,1*69
$GPGSV,3,3,09,31,21,257,22,1*5C
$GPGSV,3,1,09,05,38,122,41,12,23,037,25,13,17,032,24,23,22,356,40,6*65
$GPGSV,3,2,09,25,56,022,46,26,24,225,13,28,24,290,18,29,58,153,16,6*60
$GPGSV,3,3,09,31,21,257,25,6*5C
$GPGSV,2,1,06,13,17,032,22,18,66,266,26,23,22,356,43,25,56,022,54,8*61
$GPGSV,2,2,06,26,24,225,23,28,24,290,15,8*6E
$GPGSV,1,1,03,15,08,056,,20,00,083,,21,10,141,,0*56
$GAGSV,2,1,07,02,30,221,18,10,38,143,39,11,67,157,25,14,22,092,22,1*75
$GAGSV,2,2,07,16,41,046,40,25,86,174,34,36,56,302,18,1*44
$GAGSV,1,1,04,10,38,143,31,14,22,092,32,16,41,046,48,25,86,174,34,5*74
$GAGSV,2,1,05,10,38,143,34,11,67,157,07,14,22,092,26,16,41,046,44,7*71
$GAGSV,2,2,05,25,86,174,31,7*4F
$GAGSV,1,1,02,12,15,139,,34,06,313,,0*7A
$GBGSV,2,1,07,12,21,097,25,19,23,069,32,22,09,018,22,24,23,229,18,3*79
$GBGSV,2,2,07,29,25,121,44,35,61,185,29,39,32,000,49,3*4D
$GBGSV,3,1,10,12,21,097,29,19,23,069,32,20,15,117,18,22,09,018,21,5*78
$GBGSV,3,2,10,24,23,229,30,26,53,278,11,29,25,121,42,31,34,259,22,5*73
$GBGSV,3,3,10,35,61,185,24,39,32,000,46,5*71
$GBGSV,3,1,10,12,21,097,16,19,23,069,24,20,15,117,27,22,09,018,20,8*73
$GBGSV,3,2,10,24,23,229,27,26,53,278,21,29,25,121,46,31,34,259,21,8*7C
$GBGSV,3,3,10,35,61,185,23,39,32,000,45,8*78
$GBGSV,1,1,01,11,05,113,,0*40
$GNGLL,3001.74230,S,05112.75035,W,165843.00,A,D*73
$GNRMC,165844.00,A,3001.74231,S,05112.75035,W,0.008,,090926,,,F,V*18
$GNVTG,,T,,M,0.008,N,0.015,K,D*34
$GNGGA,165844.00,3001.74231,S,05112.75035,W,5,12,0.71,48.1,M,4.8,M,2.0,0920*62
$GNGSA,M,3,05,12,13,18,23,25,26,28,29,31,,,1.35,0.71,1.16,1*06
$GNGSA,M,3,16,25,36,02,10,11,,,,,,,1.35,0.71,1.16,3*0E
$GNGSA,M,3,12,19,20,24,26,29,31,35,39,,,,1.35,0.71,1.16,4*01
$GPGSV,3,1,09,05,38,122,47,12,23,037,41,13,17,032,29,18,66,266,21,1*66
$GPGSV,3,2,09,23,22,356,44,25,56,022,52,26,24,225,25,29,58,153,35,1*69
$GPGSV,3,3,09,31,21,257,23,1*5D
$GPGSV,3,1,09,05,38,122,41,12,23,037,25,13,17,032,25,23,22,356,39,6*6A
$GPGSV,3,2,09,25,56,022,46,26,24,225,13,28,24,290,18,29,58,153,15,6*63
$GPGSV,3,3,09,31,21,257,25,6*5C
$GPGSV,2,1,06,13,17,032,22,18,66,266,26,23,22,356,42,25,56,022,54,8*60
$GPGSV,2,2,06,26,24,225,23,28,24,290,14,8*6F
$GPGSV,1,1,03,15,08,056,,20,00,083,,21,10,141,,0*56
$GAGSV,2,1,07,02,30,221,18,10,38,143,38,11,67,157,25,14,22,092,22,1*74
$GAGSV,2,2,07,16,41,046,40,25,86,174,34,36,56,302,19,1*45
$GAGSV,1,1,04,10,38,143,31,14,22,092,32,16,41,046,48,25,86,174,34,5*74
$GAGSV,2,1,05,10,38,143,34,11,67,157,10,14,22,092,26,16,41,046,44,7*77
$GAGSV,2,2,05,25,86,174,31,7*4F
$GAGSV,1,1,02,12,15,139,,34,06,313,,0*7A
$GBGSV,2,1,07,12,21,097,25,19,23,069,31,22,09,018,22,24,23,229,17,3*75
$GBGSV,2,2,07,29,25,121,44,35,61,185,29,39,32,000,49,3*4D
$GBGSV,3,1,10,12,21,097,29,19,23,069,32,20,15,117,19,22,09,018,21,5*79
$GBGSV,3,2,10,24,23,229,30,26,53,278,12,29,25,121,42,31,34,259,22,5*70
$GBGSV,3,3,10,35,61,185,24,39,32,000,46,5*71
$GBGSV,3,1,10,12,21,097,17,19,23,069,23,20,15,117,27,22,09,018,21,8*74
$GBGSV,3,2,10,24,23,229,28,26,53,278,21,29,25,121,46,31,34,259,20,8*72
$GBGSV,3,3,10,35,61,185,23,39,32,000,45,8*78
$GBGSV,1,1,01,11,05,113,,0*40
$GNGLL,3001.74231,S,05112.75035,W,165844.00,A,D*75
$GNRMC,165845.00,A,3001.74231,S,05112.75035,W,0.026,,090926,,,F,V*15
$GNVTG,,T,,M,0.026,N,0.048,K,D*30
$GNGGA,165845.00,3001.74231,S,05112.75035,W,5,12,0.71,48.1,M,4.8,M,2.0,0920*63
$GNGSA,M,3,05,12,13,18,23,25,26,28,29,31,,,1.35,0.71,1.16,1*06
$GNGSA,M,3,16,25,36,02,10,11,,,,,,,1.35,0.71,1.16,3*0E
$GNGSA,M,3,12,19,20,24,26,29,31,35,39,,,,1.35,0.71,1.16,4*01
$GPGSV,3,1,09,05,38,122,47,12,23,037,41,13,17,032,29,18,66,266,21,1*66
$GPGSV,3,2,09,23,22,356,44,25,56,022,52,26,24,225,26,29,58,153,35,1*6A
$GPGSV,3,3,09,31,21,257,23,1*5D
$GPGSV,3,1,09,05,38,122,41,12,23,037,25,13,17,032,24,23,22,356,40,6*65
$GPGSV,3,2,09,25,56,022,46,26,24,225,13,28,24,290,19,29,58,153,14,6*63
$GPGSV,3,3,09,31,21,257,24,6*5D
$GPGSV,2,1,06,13,17,032,21,18,66,266,26,23,22,356,42,25,56,022,54,8*63
$GPGSV,2,2,06,26,24,225,24,28,24,290,13,8*6F
$GPGSV,1,1,03,15,08,056,,20,00,083,,21,10,141,,0*56
$GAGSV,2,1,07,02,30,221,18,10,38,143,38,11,67,157,25,14,22,092,23,1*75
$GAGSV,2,2,07,16,41,046,40,25,86,174,34,36,56,302,18,1*44
$GAGSV,1,1,04,10,38,143,32,14,22,092,32,16,41,046,48,25,86,174,34,5*77
$GAGSV,2,1,05,10,38,143,34,11,67,157,11,14,22,092,26,16,41,046,44,7*76
$GAGSV,2,2,05,25,86,174,31,7*4F
$GAGSV,1,1,02,12,15,139,,34,06,313,,0*7A
$GBGSV,2,1,07,12,21,097,25,19,23,069,32,22,09,018,22,24,23,229,17,3*76
$GBGSV,2,2,07,29,25,121,44,35,61,185,28,39,32,000,49,3*4C
$GBGSV,3,1,10,12,21,097,29,19,23,069,32,20,15,117,20,22,09,018,21,5*73
$GBGSV,3,2,10,24,23,229,30,26,53,278,09,29,25,121,43,31,34,259,22,5*7B
$GBGSV,3,3,10,35,61,185,24,39,32,000,46,5*71
$GBGSV,3,1,10,12,21,097,16,19,23,069,23,20,15,117,27,22,09,018,20,8*74
$GBGSV,3,2,10,24,23,229,28,26,53,278,20,29,25,121,46,31,34,259,20,8*73
$GBGSV,3,3,10,35,61,185,22,39,32,000,45,8*79
$GBGSV,1,1,01,11,05,113,,0*40
$GNGLL,3001.74231,S,05112.75035,W,165845.00,A,D*74
$GNRMC,165846.00,A,3001.74231,S,05112.75035,W,0.040,,090926,,,F,V*16
$GNVTG,,T,,M,0.040,N,0.074,K,D*3F
$GNGGA,165846.00,3001.74231,S,05112.75035,W,5,12,0.71,48.1,M,4.8,M,2.0,0920*60
$GNGSA,M,3,05,12,13,18,23,25,26,28,29,31,,,1.35,0.71,1.16,1*06
$GNGSA,M,3,16,25,36,02,10,11,,,,,,,1.35,0.71,1.16,3*0E
$GNGSA,M,3,12,19,20,24,26,29,35,39,,,,,1.35,0.71,1.16,4*03
$GPGSV,3,1,09,05,38,122,47,12,23,037,41,13,17,032,29,18,66,266,22,1*65
$GPGSV,3,2,09,23,22,356,44,25,56,022,52,26,24,225,26,29,58,153,35,1*6A
$GPGSV,3,3,09,31,21,257,23,1*5D
$GPGSV,3,1,09,05,38,122,41,12,23,037,25,13,17,032,24,23,22,356,40,6*65
$GPGSV,3,2,09,25,56,022,46,26,24,225,13,28,24,290,19,29,58,153,13,6*64
$GPGSV,3,3,09,31,21,257,24,6*5D
$GPGSV,2,1,06,13,17,032,21,18,66,266,26,23,22,356,42,25,56,022,54,8*63
$GPGSV,2,2,06,26,24,225,25,28,24,290,12,8*6F
$GPGSV,1,1,03,15,08,056,,20,00,083,,21,10,141,,0*56
$GAGSV,2,1,07,02,30,221,18,10,38,143,38,11,67,157,25,14,22,092,23,1*75
$GAGSV,2,2,07,16,41,046,40,25,86,174,34,36,56,302,19,1*45
$GAGSV,1,1,04,10,38,143,32,14,22,092,32,16,41,046,48,25,86,174,34,5*77
$GAGSV,2,1,05,10,38,143,34,11,67,157,09,14,22,092,26,16,41,046,44,7*7F
$GAGSV,2,2,05,25,86,174,32,7*4C
$GAGSV,1,1,02,12,15,139,,34,06,313,,0*7A
$GBGSV,2,1,07,12,21,097,25,19,23,069,32,22,09,018,23,24,23,229,18,3*78
$GBGSV,2,2,07,29,25,121,44,35,61,185,28,39,32,000,49,3*4C
$GBGSV,3,1,09,12,21,097,29,19,23,069,32,20,15,117,20,22,09,018,22,5*78
$GBGSV,3,2,09,24,23,229,30,29,25,121,43,31,34,259,22,35,61,185,24,5*7E
$GBGSV,3,3,09,39,32,000,46,5*42
$GBGSV,3,1,10,12,21,097,17,19,23,069,24,20,15,117,26,22,09,018,20,8*73
$GBGSV,3,2,10,24,23,229,29,26,53,278,21,29,25,121,46,31,34,259,20,8*73
$GBGSV,3,3,10,35,61,185,22,39,32,000,45,8*79
$GBGSV,1,1,01,11,05,113,,0*40
$GNGLL,3001.74231,S,05112.75035,W,165846.00,A,D*77
$GNRMC,165847.00,A,3001.74231,S,05112.75035,W,0.005,,090926,,,F,V*16
$GNVTG,,T,,M,0.005,N,0.010,K,D*3C
$GNGGA,165847.00,3001.74231,S,05112.75035,W,5,12,0.71,48.1,M,4.8,M,2.0,0920*61
$GNGSA,M,3,05,12,13,18,23,25,26,28,29,31,,,1.35,0.71,1.16,1*06
$GNGSA,M,3,16,25,36,02,10,11,,,,,,,1.35,0.71,1.16,3*0E
$GNGSA,M,3,12,19,20,24,26,29,31,35,39,,,,1.35,0.71,1.16,4*01
$GPGSV,3,1,09,05,38,122,47,12,23,037,41,13,17,032,29,18,66,266,21,1*66
$GPGSV,3,2,09,23,22,356,44,25,56,022,52,26,24,225,26,29,58,153,35,1*6A
$GPGSV,3,3,09,31,21,257,22,1*5C
$GPGSV,3,1,09,05,38,122,41,12,23,037,25,13,17,032,24,23,22,356,40,6*65
$GPGSV,3,2,09,25,56,022,46,26,24,225,11,28,24,290,19,29,58,153,11,6*64
$GPGSV,3,3,09,31,21,257,25,6*5C
$GPGSV,2,1,06,13,17,032,21,18,66,266,26,23,22,356,43,25,56,022,54,8*62
$GPGSV,2,2,06,26,24,225,25,28,24,290,12,8*6F
$GPGSV,1,1,03,15,08,056,,20,00,083,,21,10,141,,0*56
$GAGSV,2,1,07,02,30,221,17,10,38,143,38,11,67,157,25,14,22,092,22,1*7B
$GAGSV,2,2,07,16,41,046,40,25,86,174,34,36,56,302,18,1*44
$GAGSV,1,1,04,10,38,143,32,14,22,092,32,16,41,046,48,25,86,174,34,5*77
$GAGSV,2,1,05,10,38,143,34,11,67,157,06,14,22,092,26,16,41,046,44,7*70
$GAGSV,2,2,05,25,86,174,32,7*4C
$GAGSV,1,1,02,12,15,139,,34,06,313,,0*7A
$GBGSV,2,1,07,12,21,097,25,19,23,069,32,22,09,018,23,24,23,229,20,3*73
$GBGSV,2,2,07,29,25,121,44,35,61,185,28,39,32,000,49,3*4C
$GBGSV,3,1,09,12,21,097,29,19,23,069,32,20,15,117,20,22,09,018,22,5*78
$GBGSV,3,2,09,24,23,229,30,29,25,121,43,31,34,259,22,35,61,185,24,5*7E
$GBGSV,3,3,09,39,32,000,46,5*42
$GBGSV,3,1,10,12,21,097,17,19,23,069,24,20,15,117,27,22,09,018,21,8*73
$GBGSV,3,2,10,24,23,229,30,26,53,278,21,29,25,121,46,31,34,259,20,8*7B
$GBGSV,3,3,10,35,61,185,22,39,32,000,45,8*79
$GBGSV,1,1,01,11,05,113,,0*40
$GNGLL,3001.74231,S,05112.75035,W,165847.00,A,D*76
$GNRMC,165848.00,A,3001.74231,S,05112.75035,W,0.016,,090926,,,F,V*1B
$GNVTG,,T,,M,0.016,N,0.030,K,D*3C
$GNGGA,165848.00,3001.74231,S,05112.75035,W,5,12,0.71,48.1,M,4.8,M,2.0,0920*6E
$GNGSA,M,3,05,12,13,18,23,25,26,28,29,31,,,1.35,0.71,1.16,1*06
$GNGSA,M,3,16,25,36,02,10,11,,,,,,,1.35,0.71,1.16,3*0E
$GNGSA,M,3,12,19,20,24,26,29,35,39,,,,,1.35,0.71,1.16,4*03
$GPGSV,3,1,09,05,38,122,47,12,23,037,41,13,17,032,29,18,66,266,20,1*67
$GPGSV,3,2,09,23,22,356,44,25,56,022,52,26,24,225,26,29,58,153,35,1*6A
$GPGSV,3,3,09,31,21,257,22,1*5C
$GPGSV,3,1,09,05,38,122,41,12,23,037,26,13,17,032,25,23,22,356,40,6*67
$GPGSV,3,2,09,25,56,022,46,26,24,225,11,28,24,290,20,29,58,153,11,6*6E
$GPGSV,3,3,09,31,21,257,24,6*5D
$GPGSV,2,1,06,13,17,032,21,18,66,266,26,23,22,356,43,25,56,022,54,8*62
$GPGSV,2,2,06,26,24,225,25,28,24,290,12,8*6F
$GPGSV,1,1,03,15,08,056,,20,00,083,,21,10,141,,0*56
$GAGSV,2,1,07,02,30,221,18,10,38,143,38,11,67,157,25,14,22,092,22,1*74
$GAGSV,2,2,07,16,41,046,40,25,86,174,34,36,56,302,18,1*44
$GAGSV,1,1,04,10,38,143,32,14,22,092,32,16,41,046,48,25,86,174,34,5*77
$GAGSV,2,1,05,10,38,143,34,11,67,157,11,14,22,092,26,16,41,046,44,7*76
$GAGSV,2,2,05,25,86,174,32,7*4C
$GAGSV,1,1,02,12,15,139,,34,06,313,,0*7A
$GBGSV,2,1,08,12,21,097,25,19,23,069,32,20,15,117,21,22,09,018,23,3*72
$GBGSV,2,2,08,24,23,229,22,29,25,121,44,35,61,185,28,39,32,000,49,3*7D
$GBGSV,3,1,09,12,21,097,29,19,23,069,32,20,15,117,20,22,09,018,22,5*78
$GBGSV,3,2,09,24,23,229,30,29,25,121,43,31,34,259,22,35,61,185,25,5*7F
$GBGSV,3,3,09,39,32,000,46,5*42
$GBGSV,3,1,10,12,21,097,18,19,23,069,25,20,15,117,27,22,09,018,20,8*7C
$GBGSV,3,2,10,24,23,229,30,26,53,278,21,29,25,121,46,31,34,259,20,8*7B
$GBGSV,3,3,10,35,61,185,23,39,32,000,45,8*78
$GBGSV,1,1,01,11,05,113,,0*40
$GNGLL,3001.74231,S,05112.75035,W,165848.00,A,D*79
$GNRMC,165849.00,A,3001.74231,S,05112.75035,W,0.006,,090926,,,F,V*1B
$GNVTG,,T,,M,0.006,N,0.011,K,D*3E
$GNGGA,165849.00,3001.74231,S,05112.75035,W,5,12,0.71,48.1,M,4.8,M,2.0,0920*6F
$GNGSA,M,3,05,12,13,18,23,25,26,28,29,31,,,1.35,0.71,1.16,1*06
$GNGSA,M,3,16,25,36,02,10,11,,,,,,,1.35,0.71,1.16,3*0E
$GNGSA,M,3,12,19,20,24,26,29,31,35,39,,,,1.35,0.71,1.16,4*01
$GPGSV,3,1,09,05,38,122,47,12,23,037,41,13,17,032,29,18,66,266,20,1*67
$GPGSV,3,2,09,23,22,356,44,25,56,022,52,26,24,225,26,29,58,153,35,1*6A
$GPGSV,3,3,09,31,21,257,22,1*5C
$GPGSV,3,1,09,05,38,122,41,12,23,037,26,13,17,032,25,23,22,356,40,6*67
$GPGSV,3,2,09,25,56,022,46,26,24,225,09,28,24,290,20,29,58,153,10,6*66
$GPGSV,3,3,09,31,21,257,25,6*5C
$GPGSV,2,1,05,13,17,032,21,18,66,266,27,23,22,356,43,25,56,022,54,8*60
$GPGSV,2,2,05,26,24,225,25,8*58
$GPGSV,1,1,03,15,08,056,,20,00,083,,21,10,141,,0*56
$GAGSV,2,1,07,02,30,221,18,10,38,143,38,11,67,157,25,14,22,092,22,1*74
$GAGSV,2,2,07,16,41,046,40,25,86,174,34,36,56,302,18,1*44
$GAGSV,1,1,04,10,38,143,32,14,22,092,32,16,41,046,48,25,86,174,34,5*77
$GAGSV,2,1,05,10,38,143,34,11,67,157,07,14,22,092,26,16,41,046,44,7*71
$GAGSV,2,2,05,25,86,174,32,7*4C
$GAGSV,1,1,02,12,15,139,,34,06,313,,0*7A
$GBGSV,2,1,08,12,21,097,25,19,23,069,32,20,15,117,19,22,09,018,23,3*79
$GBGSV,2,2,08,24,23,229,22,29,25,121,45,35,61,185,28,39,32,000,49,3*7C
$GBGSV,3,1,09,12,21,097,30,19,23,069,32,20,15,117,20,22,09,018,22,5*70
$GBGSV,3,2,09,24,23,229,30,29,25,121,42,31,34,259,22,35,61,185,24,5*7F
$GBGSV,3,3,09,39,32,000,46,5*42
$GBGSV,3,1,10,12,21,097,18,19,23,069,25,20,15,117,26,22,09,018,20,8*7D
$GBGSV,3,2,10,24,23,229,31,26,53,278,20,29,25,121,46,31,34,259,20,8*7B
$GBGSV,3,3,10,35,61,185,23,39,32,000,45,8*78
$GBGSV,1,1,01,11,05,113,,0*40
$GNGLL,3001.74231,S,05112.75035,W,165849.00,A,D*78
$GNRMC,165850.00,A,3001.74231,S,05112.75035,W,0.010,,090926,,,F,V*14
$GNVTG,,T,,M,0.010,N,0.019,K,D*31
$GNGGA,165850.00,3001.74231,S,05112.75035,W,5,12,0.71,48.1,M,4.8,M,2.0,0920*67
$GNGSA,M,3,05,12,13,18,23,25,26,28,29,31,,,1.35,0.71,1.16,1*06
$GNGSA,M,3,16,25,36,02,10,11,,,,,,,1.35,0.71,1.16,3*0E
$GNGSA,M,3,12,19,20,24,26,29,31,35,39,,,,1.35,0.71,1.16,4*01
$GPGSV,3,1,09,05,38,122,47,12,22,036,41,13,17,032,29,18,66,266,20,1*67
$GPGSV,3,2,09,23,22,356,44,25,56,022,52,26,24,225,25,29,58,153,35,1*69
$GPGSV,3,3,09,31,21,257,23,1*5D
$GPGSV,3,1,09,05,38,122,41,12,22,036,26,13,17,032,25,23,22,356,40,6*67
$GPGSV,3,2,09,25,56,022,46,26,24,225,10,28,24,290,21,29,58,153,10,6*6F
$GPGSV,3,3,09,31,21,257,25,6*5C
$GPGSV,2,1,05,13,17,032,21,18,66,266,27,23,22,356,43,25,56,022,54,8*60
$GPGSV,2,2,05,26,24,225,24,8*59
$GPGSV,1,1,03,15,08,056,,20,00,083,,21,10,141,,0*56
$GAGSV,2,1,07,02,30,221,18,10,38,143,38,11,67,157,25,14,22,092,22,1*74
$GAGSV,2,2,07,16,41,046,40,25,86,174,34,36,56,302,19,1*45
$GAGSV,1,1,04,10,38,143,31,14,22,092,31,16,41,046,48,25,86,174,34,5*77
$GAGSV,2,1,05,10,38,143,34,11,67,157,09,14,22,092,26,16,41,046,44,7*7F
$GAGSV,2,2,05,25,86,174,32,7*4C
$GAGSV,1,1,02,12,15,139,,34,06,313,,0*7A
$GBGSV,2,1,08,12,21,097,24,19,23,069,32,20,15,117,18,22,09,018,23,3*79
$GBGSV,2,2,08,24,23,229,23,29,25,121,45,35,61,185,28,39,32,000,49,3*7D
$GBGSV,3,1,09,12,21,097,29,19,23,069,32,20,15,117,19,22,09,018,22,5*72
$GBGSV,3,2,09,24,23,229,30,29,25,121,42,31,34,259,22,35,61,185,25,5*7E
$GBGSV,3,3,09,39,32,000,46,5*42
$GBGSV,3,1,10,12,21,097,18,19,23,069,25,20,15,117,26,22,09,018,19,8*77
$GBGSV,3,2,10,24,23,229,31,26,53,278,20,29,25,121,46,31,34,259,20,8*7B
$GBGSV,3,3,10,35,61,185,23,39,32,000,45,8*78
$GBGSV,1,1,01,11,05,113,,0*40
$GNGLL,3001.74231,S,05112.75035,W,165850.00,A,D*70
$GNRMC,165851.00,A,3001.74231,S,05112.75036,W,0.040,,090926,,,F,V*13
$GNVTG,,T,,M,0.040,N,0.074,K,D*3F
$GNGGA,165851.00,3001.74231,S,05112.75036,W,5,12,0.71,48.1,M,4.8,M,2.0,0920*65
$GNGSA,M,3,05,12,13,18,23,25,26,28,29,31,,,1.35,0.71,1.16,1*06
$GNGSA,M,3,16,25,36,02,10,11,,,,,,,1.35,0.71,1.16,3*0E
$GNGSA,M,3,12,19,20,24,26,29,31,35,39,,,,1.35,0.71,1.16,4*01
$GPGSV,3,1,09,05,38,122,47,12,22,036,41,13,16,032,29,18,66,266,19,1*6C
$GPGSV,3,2,09,23,22,356,44,25,56,022,52,26,24,225,25,29,58,153,35,1*69
$GPGSV,3,3,09,31,21,257,23,1*5D
$GPGSV,3,1,09,05,38,122,41,12,22,036,26,13,16,032,25,23,22,356,40,6*66
$GPGSV,3,2,09,25,56,022,46,26,24,225,09,28,24,290,20,29,58,153,10,6*66
$GPGSV,3,3,09,31,21,257,24,6*5D
$GPGSV,2,1,06,13,16,032,21,18,66,266,27,23,22,356,42,25,56,022,54,8*63
$GPGSV,2,2,06,26,24,225,24,28,24,290,19,8*65
$GPGSV,1,1,03,15,08,056,,20,00,083,,21,10,141,,0*56
$GAGSV,2,1,07,02,30,221,19,10,38,143,38,11,67,157,24,14,22,092,22,1*74
$GAGSV,2,2,07,16,41,046,40,25,86,174,34,36,56,302,19,1*45
$GAGSV,1,1,04,10,38,143,32,14,22,092,32,16,41,046,48,25,86,174,34,5*77
$GAGSV,2,1,05,10,38,143,34,11,67,157,10,14,22,092,26,16,41,046,44,7*77
$GAGSV,2,2,05,25,86,174,32,7*4C
$GAGSV,1,1,02,12,15,139,,34,06,313,,0*7A
$GBGSV,2,1,08,12,21,097,24,19,23,069,32,20,15,117,18,22,09,018,23,3*79
$GBGSV,2,2,08,24,23,229,24,29,25,121,45,35,61,185,28,39,32,000,49,3*7A
$GBGSV,3,1,09,12,21,097,30,19,23,069,32,20,15,117,20,22,09,018,21,5*73
$GBGSV,3,2,09,24,23,229,30,29,25,121,42,31,34,259,22,35,61,185,25,5*7E
$GBGSV,3,3,09,39,32,000,46,5*42
$GBGSV,3,1,10,12,21,097,18,19,23,069,25,20,15,117,27,22,09,018,19,8*76
$GBGSV,3,2,10,24,23,229,31,26,53,278,20,29,25,121,46,31,34,259,20,8*7B
$GBGSV,3,3,10,35,61,185,23,39,32,000,45,8*78
$GBGSV,1,1,01,11,05,113,,0*40
$GNGLL,3001.74231,S,05112.75036,W,165851.00,A,D*72
$GNRMC,165852.00,A,3001.74231,S,05112.75036,W,0.046,,090926,,,F,V*16
$GNVTG,,T,,M,0.046,N,0.085,K,D*37
$GNGGA,165852.00,3001.74231,S,05112.75036,W,5,12,0.71,48.1,M,4.8,M,2.0,0920*66
$GNGSA,M,3,05,12,13,18,23,25,26,28,29,31,,,1.35,0.71,1.16,1*06
$GNGSA,M,3,16,25,36,02,10,11,,,,,,,1.35,0.71,1.16,3*0E
$GNGSA,M,3,12,19,20,24,26,29,31,35,39,,,,1.35,0.71,1.16,4*01
$GPGSV,3,1,09,05,38,122,47,12,22,036,41,13,16,032,29,18,66,266,20,1*66
$GPGSV,3,2,09,23,22,356,44,25,56,022,52,26,24,225,26,29,58,153,35,1*6A
$GPGSV,3,3,09,31,21,257,23,1*5D
$GPGSV,2,1,08,05,38,122,41,12,22,036,25,13,16,032,24,23,22,356,40,6*64
$GPGSV,2,2,08,25,56,022,46,28,24,290,20,29,58,153,12,31,21,257,23,6*6A
$GPGSV,2,1,06,13,16,032,20,18,66,266,27,23,22,356,42,25,56,022,54,8*62
$GPGSV,2,2,06,26,24,225,24,28,24,290,16,8*6A
$GPGSV,1,1,03,15,08,056,,20,00,083,,21,10,141,,0*56
$GAGSV,2,1,07,02,30,221,19,10,38,143,38,11,67,157,24,14,22,092,22,1*74
$GAGSV,2,2,07,16,41,046,40,25,86,174,34,36,56,302,19,1*45
$GAGSV,1,1,04,10,38,143,32,14,22,092,32,16,41,046,48,25,86,174,34,5*77
$GAGSV,2,1,05,10,38,143,34,11,67,157,11,14,22,092,26,16,41,046,44,7*76
$GAGSV,2,2,05,25,86,174,32,7*4C
$GAGSV,1,1,02,12,15,139,,34,06,313,,0*7A
$GBGSV,2,1,08,12,21,097,24,19,23,069,32,20,15,117,18,22,09,018,23,3*79
$GBGSV,2,2,08,24,23,229,25,29,25,121,44,35,61,185,28,39,32,000,49,3*7A
$GBGSV,3,1,09,12,21,097,30,19,23,069,32,20,15,117,21,22,09,018,22,5*71
$GBGSV,3,2,09,24,23,229,30,29,25,121,42,31,34,259,22,35,61,185,24,5*7F
$GBGSV,3,3,09,39,32,000,46,5*42
$GBGSV,3,1,10,12,21,097,18,19,23,069,25,20,15,117,27,22,09,018,18,8*77
$GBGSV,3,2,10,24,23,229,30,26,53,278,21,29,25,121,46,31,34,259,20,8*7B
$GBGSV,3,3,10,35,61,185,23,39,32,000,45,8*78
$GBGSV,1,1,01,11,05,113,,0*40
$GNGLL,3001.74231,S,05112.75036,W,165852.00,A,D*71
$GNRMC,165853.00,A,3001.74231,S,05112.75036,W,0.013,,090926,,,F,V*17
$GNVTG,,T,,M,0.013,N,0.024,K,D*3C
$GNGGA,165853.00,3001.74231,S,05112.75036,W,5,12,0.71,48.1,M,4.8,M,2.0,0920*67
$GNGSA,M,3,05,12,13,18,23,25,26,28,29,31,,,1.35,0.71,1.16,1*06
$GNGSA,M,3,16,25,36,02,10,11,,,,,,,1.35,0.71,1.16,3*0E
$GNGSA,M,3,12,19,20,24,26,29,31,35,39,,,,1.35,0.71,1.16,4*01
$GPGSV,3,1,09,05,38,122,47,12,22,036,41,13,16,032,29,18,66,266,20,1*66
$GPGSV,3,2,09,23,22,356,44,25,56,022,52,26,24,225,26,29,58,153,35,1*6A
$GPGSV,3,3,09,31,21,257,24,1*5A
$GPGSV,2,1,08,05,38,122,41,12,22,036,25,13,16,032,23,23,22,356,40,6*63
$GPGSV,2,2,08,25,56,022,46,28,24,290,20,29,58,153,14,31,21,257,23,6*6C
$GPGSV,2,1,06,13,16,032,21,18,66,266,27,23,22,356,43,25,56,022,54,8*62
$GPGSV,2,2,06,26,24,225,24,28,24,290,15,8*69
$GPGSV,1,1,03,15,08,057,,20,00,083,,21,10,141,,0*57
$GAGSV,2,1,07,02,30,221,19,10,38,143,38,11,67,157,24,14,22,092,22,1*74
$GAGSV,2,2,07,16,41,046,40,25,86,174,34,36,56,302,19,1*45
$GAGSV,1,1,04,10,38,143,32,14,22,092,31,16,41,046,48,25,86,174,34,5*74
$GAGSV,2,1,05,10,38,143,34,11,67,157,11,14,22,092,26,16,41,046,44,7*76
$GAGSV,2,2,05,25,86,174,32,7*4C
$GAGSV,1,1,02,12,15,139,,34,06,313,,0*7A
$GBGSV,2,1,08,12,21,097,24,19,23,069,32,20,15,117,19,22,09,018,23,3*78
$GBGSV,2,2,08,24,23,229,25,29,25,121,44,35,61,185,28,39,32,000,49,3*7A
$GBGSV,3,1,09,12,21,097,30,19,23,069,32,20,15,117,21,22,09,018,22,5*71
$GBGSV,3,2,09,24,23,229,30,29,25,121,42,31,34,259,22,35,61,185,24,5*7F
$GBGSV,3,3,09,39,32,000,46,5*42
$GBGSV,3,1,10,12,21,097,18,19,23,069,25,20,15,117,27,22,09,018,19,8*76
$GBGSV,3,2,10,24,23,229,31,26,53,278,21,29,25,121,46,31,34,259,20,8*7A
$GBGSV,3,3,10,35,61,185,22,39,32,000,45,8*79
$GBGSV,1,1,01,11,05,113,,0*40
$GNGLL,3001.74231,S,05112.75036,W,165853.00,A,D*70
$GNRMC,165854.00,A,3001.74231,S,05112.75035,W,0.032,,090926,,,F,V*10
$GNVTG,,T,,M,0.032,N,0.059,K,D*35
$GNGGA,165854.00,3001.74231,S,05112.75035,W,5,12,0.71,48.1,M,4.8,M,2.0,0920*63
$GNGSA,M,3,05,12,13,18,23,25,26,28,29,31,,,1.35,0.71,1.16,1*06
$GNGSA,M,3,16,25,36,02,10,11,,,,,,,1.35,0.71,1.16,3*0E
$GNGSA,M,3,12,19,20,24,26,29,31,35,39,,,,1.35,0.71,1.16,4*01
$GPGSV,3,1,09,05,38,122,47,12,22,036,41,13,16,032,30,18,66,266,19,1*64
$GPGSV,3,2,09,23,22,356,44,25,56,022,52,26,24,225,25,29,58,153,35,1*69
$GPGSV,3,3,09,31,21,257,24,1*5A
$GPGSV,2,1,08,05,38,122,41,12,22,036,26,13,16,032,24,23,22,356,40,6*67
$GPGSV,2,2,08,25,56,022,46,28,24,290,20,29,58,153,14,31,21,257,23,6*6C
$GPGSV,2,1,06,13,16,032,20,18,66,266,27,23,22,356,43,25,56,022,54,8*63
$GPGSV,2,2,06,26,24,225,23,28,24,290,12,8*69
$GPGSV,1,1,03,15,08,057,,20,00,083,,21,10,141,,0*57
$GAGSV,2,1,07,02,30,221,18,10,38,143,38,11,67,157,24,14,22,092,22,1*75
$GAGSV,2,2,07,16,41,046,40,25,86,174,34,36,56,302,19,1*45
$GAGSV,1,1,04,10,38,143,31,14,22,092,32,16,41,046,48,25,86,174,34,5*74
$GAGSV,2,1,05,10,38,143,34,11,67,157,11,14,22,092,25,16,41,046,44,7*75
$GAGSV,2,2,05,25,86,174,31,7*4F
$GAGSV,1,1,02,12,15,139,,34,06,313,,0*7A
$GBGSV,2,1,08,12,21,097,24,19,23,069,32,20,15,117,19,22,09,018,22,3*79
$GBGSV,2,2,08,24,23,229,26,29,25,121,44,35,61,185,28,39,32,000,49,3*79
$GBGSV,3,1,09,12,21,097,30,19,23,069,32,20,15,117,20,22,09,018,22,5*70
$GBGSV,3,2,09,24,23,229,31,29,25,121,42,31,34,259,22,35,61,185,24,5*7E
$GBGSV,3,3,09,39,32,000,46,5*42
$GBGSV,3,1,10,12,21,097,19,19,23,069,26,20,15,117,26,22,09,018,18,8*74
$GBGSV,3,2,10,24,23,229,31,26,53,278,21,29,25,121,46,31,34,259,20,8*7A
$GBGSV,3,3,10,35,61,185,22,39,32,000,45,8*79
$GBGSV,1,1,01,11,05,113,,0*40
$GNGLL,3001.74231,S,05112.75035,W,165854.00,A,D*74
$GNRMC,165855.00,A,3001.74231,S,05112.75035,W,0.036,,090926,,,F,V*15
$GNVTG,,T,,M,0.036,N,0.067,K,D*3C
$GNGGA,165855.00,3001.74231,S,05112.75035,W,5,12,0.71,48.1,M,4.8,M,2.0,0920*62
$GNGSA,M,3,05,12,13,18,23,25,26,28,29,31,,,1.35,0.71,1.16,1*06
$GNGSA,M,3,16,25,36,02,10,11,,,,,,,1.35,0.71,1.16,3*0E
$GNGSA,M,3,12,19,20,24,26,29,31,35,39,,,,1.35,0.71,1.16,4*01
$GPGSV,3,1,09,05,38,122,47,12,22,036,41,13,16,032,29,18,66,266,19,1*6C
$GPGSV,3,2,09,23,22,356,44,25,56,022,52,26,24,225,25,29,58,153,35,1*69
$GPGSV,3,3,09,31,21,257,24,1*5A
$GPGSV,1,1,01,18,66,266,19,5*52
$GPGSV,2,1,08,05,38,122,41,12,22,036,25,13,16,032,24,23,22,356,40,6*64
$GPGSV,2,2,08,25,56,022,46,28,24,290,20,29,58,153,13,31,21,257,22,6*6A
$GPGSV,2,1,06,13,16,032,20,18,66,266,27,23,22,356,43,25,56,022,54,8*63
$GPGSV,2,2,06,26,24,225,24,28,24,290,10,8*6C
$GPGSV,1,1,03,15,08,057,,20,00,083,,21,10,141,,0*57
$GAGSV,2,1,07,02,30,221,18,10,38,143,38,11,67,157,24,14,22,092,22,1*75
$GAGSV,2,2,07,16,40,045,40,25,86,174,34,36,56,302,19,1*47
$GAGSV,1,1,04,10,38,143,32,14,22,092,32,16,40,045,48,25,86,174,34,5*75
$GAGSV,2,1,05,10,38,143,34,11,67,157,11,14,22,092,25,16,40,045,44,7*77
$GAGSV,2,2,05,25,86,174,31,7*4F
$GAGSV,1,1,02,12,15,139,,34,06,313,,0*7A
$GBGSV,2,1,08,12,21,097,24,19,23,069,32,20,15,117,19,22,09,018,22,3*79
$GBGSV,2,2,08,24,23,229,26,29,25,121,44,35,61,185,28,39,32,000,49,3*79
$GBGSV,3,1,10,12,21,097,30,19,23,069,32,20,15,117,20,22,09,018,22,5*78
$GBGSV,3,2,10,24,23,229,30,26,53,278,14,29,25,121,42,31,34,259,22,5*76
$GBGSV,3,3,10,35,61,185,25,39,32,000,46,5*70
$GBGSV,3,1,10,12,21,097,20,19,23,069,26,20,15,117,27,22,09,018,17,8*70
$GBGSV,3,2,10,24,23,229,30,26,53,278,21,29,25,121,46,31,34,259,19,8*71
$GBGSV,3,3,10,35,61,185,22,39,32,000,45,8*79
$GBGSV,1,1,01,11,05,113,,0*40
$GNGLL,3001.74231,S,05112.75035,W,165855.00,A,D*75
$GNRMC,165856.00,A,3001.74231,S,05112.75035,W,0.005,,090926,,,F,V*16
$GNVTG,,T,,M,0.005,N,0.009,K,D*34
$GNGGA,165856.00,3001.74231,S,05112.75035,W,5,12,0.71,48.1,M,4.8,M,2.0,0920*61
$GNGSA,M,3,05,12,13,18,23,25,26,28,29,31,,,1.36,0.71,1.16,1*05
$GNGSA,M,3,16,25,36,02,10,11,,,,,,,1.36,0.71,1.16,3*0D
$GNGSA,M,3,12,19,20,24,26,29,31,35,39,,,,1.36,0.71,1.16,4*02
$GPGSV,3,1,09,05,38,122,47,12,22,036,41,13,16,032,29,18,66,264,19,1*6E
$GPGSV,3,2,09,23,22,356,44,25,56,022,52,26,24,225,25,29,58,153,35,1*69
$GPGSV,3,3,09,31,21,257,25,1*5B
$GPGSV,3,1,09,05,38,122,41,12,22,036,26,13,16,032,23,18,66,264,17,6*6A
$GPGSV,3,2,09,23,22,356,40,25,56,022,46,28,24,290,20,29,58,153,13,6*6E
$GPGSV,3,3,09,31,21,257,22,6*5B
$GPGSV,2,1,06,13,16,032,21,18,66,264,27,23,22,356,43,25,56,022,54,8*60
$GPGSV,2,2,06,26,24,225,23,28,24,290,10,8*6B
$GPGSV,1,1,03,15,08,057,,20,00,083,,21,10,141,,0*57
$GAGSV,2,1,07,02,30,221,19,10,38,143,38,11,67,157,23,14,22,092,22,1*73
$GAGSV,2,2,07,16,40,045,40,25,86,174,34,36,56,302,19,1*47
$GAGSV,1,1,04,10,38,143,31,14,22,092,31,16,40,045,48,25,86,174,34,5*75
$GAGSV,2,1,05,10,38,143,34,11,67,157,12,14,22,092,25,16,40,045,44,7*74
$GAGSV,2,2,05,25,86,174,32,7*4C
$GAGSV,1,1,02,12,15,139,,34,06,313,,0*7A
$GBGSV,2,1,08,12,21,097,24,19,23,069,32,20,15,117,18,22,09,018,22,3*78
$GBGSV,2,2,08,24,23,229,27,29,25,121,44,35,61,185,28,39,32,000,49,3*78
$GBGSV,3,1,10,12,21,097,30,19,23,069,32,20,15,117,20,22,09,018,22,5*78
$GBGSV,3,2,10,24,23,229,30,26,53,278,14,29,25,121,42,31,34,259,22,5*76
$GBGSV,3,3,10,35,61,185,25,39,32,000,46,5*70
$GBGSV,3,1,10,12,21,097,20,19,23,069,26,20,15,117,27,22,09,018,18,8*7F
$GBGSV,3,2,10,24,23,229,30,26,53,278,21,29,25,121,46,31,34,259,19,8*71
$GBGSV,3,3,10,35,61,185,23,39,32,000,45,8*78
$GBGSV,1,1,01,11,05,113,,0*40
$GNGLL,3001.74231,S,05112.75035,W,165856.00,A,D*76
$GNRMC,165857.00,A,3001.74231,S,05112.75035,W,0.005,,090926,,,F,V*17
$GNVTG,,T,,M,0.005,N,0.010,K,D*3C
$GNGGA,165857.00,3001.74231,S,05112.75035,W,5,12,0.73,48.1,M,4.8,M,2.0,0920*62
$GNGSA,M,3,05,12,13,18,23,25,26,28,29,31,,,1.37,0.73,1.16,1*06
$GNGSA,M,3,16,25,36,02,10,11,,,,,,,1.37,0.73,1.16,3*0E
$GNGSA,M,3,12,19,20,24,26,29,35,39,,,,,1.37,0.73,1.16,4*03
$GPGSV,3,1,09,05,38,122,47,12,22,036,41,13,16,032,30,18,66,264,21,1*6D
$GPGSV,3,2,09,23,22,356,44,25,56,022,52,26,24,225,25,29,58,153,34,1*68
$GPGSV,3,3,09,31,21,257,25,1*5B
$GPGSV,2,1,08,05,38,122,41,12,22,036,26,13,16,032,24,18,66,264,16,6*6C
$GPGSV,2,2,08,23,22,356,40,25,56,022,46,28,24,290,20,31,21,257,22,6*6C
$GPGSV,2,1,06,13,16,032,21,18,66,264,27,23,22,356,43,25,56,022,54,8*60
$GPGSV,2,2,06,26,24,225,23,28,24,290,11,8*6A
$GPGSV,1,1,03,15,08,057,,20,00,083,,21,10,141,,0*57
$GAGSV,2,1,07,02,30,221,18,10,38,143,38,11,67,157,24,14,22,092,22,1*75
$GAGSV,2,2,07,16,40,045,40,25,86,174,34,36,56,302,19,1*47
$GAGSV,1,1,04,10,38,143,31,14,22,092,32,16,40,045,48,25,86,174,34,5*76
$GAGSV,2,1,05,10,38,143,34,11,67,157,11,14,22,092,26,16,40,045,44,7*74
$GAGSV,2,2,05,25,86,174,32,7*4C
$GAGSV,1,1,02,12,15,139,,34,06,313,,0*7A
$GBGSV,2,1,08,12,21,097,24,19,23,069,32,20,15,117,18,22,09,018,22,3*78
$GBGSV,2,2,08,24,23,229,28,29,25,121,44,35,61,185,27,39,32,000,49,3*78
$GBGSV,3,1,10,12,21,097,30,19,23,069,32,20,15,117,20,22,09,018,22,5*78
$GBGSV,3,2,10,24,23,229,31,26,53,278,12,29,25,121,42,31,34,259,22,5*71
$GBGSV,3,3,10,35,61,185,25,39,32,000,46,5*70
$GBGSV,3,1,10,12,21,097,21,19,23,069,26,20,15,117,27,22,09,018,18,8*7E
$GBGSV,3,2,10,24,23,229,30,26,53,278,22,29,25,121,46,31,34,259,19,8*72
$GBGSV,3,3,10,35,61,185,22,39,32,000,45,8*79
$GBGSV,1,1,01,11,05,113,,0*40
$GNGLL,3001.74231,S,05112.75035,W,165857.00,A,D*77
$GNRMC,165858.00,A,3001.74231,S,05112.75035,W,0.025,,090926,,,F,V*1A
$GNVTG,,T,,M,0.025,N,0.046,K,D*3D
$GNGGA,165858.00,3001.74231,S,05112.75035,W,5,12,0.73,48.1,M,4.8,M,2.0,0920*6D
$GNGSA,M,3,05,12,13,18,23,25,26,28,29,31,,,1.37,0.73,1.16,1*06
$GNGSA,M,3,16,25,36,02,10,11,,,,,,,1.37,0.73,1.16,3*0E
$GNGSA,M,3,12,19,20,24,26,29,31,35,39,,,,1.37,0.73,1.16,4*01
$GPGSV,3,1,09,05,38,122,47,12,22,036,41,13,16,032,29,18,66,264,21,1*65
$GPGSV,3,2,09,23,22,356,44,25,56,022,52,26,24,225,25,29,58,153,35,1*69
$GPGSV,3,3,09,31,21,257,25,1*5B
$GPGSV,2,1,08,05,38,122,41,12,22,036,26,13,16,032,23,18,66,264,17,6*6A
$GPGSV,2,2,08,23,22,356,40,25,56,022,46,28,24,290,20,31,21,257,22,6*6C
$GPGSV,2,1,06,13,16,032,20,18,66,264,27,23,22,356,43,25,56,022,54,8*61
$GPGSV,2,2,06,26,24,225,23,28,24,290,11,8*6A
$GPGSV,1,1,03,15,08,057,,20,01,084,,21,10,141,,0*51
$GAGSV,2,1,07,02,30,221,17,10,38,143,38,11,67,157,24,14,22,092,23,1*7B
$GAGSV,2,2,07,16,40,045,40,25,86,174,34,36,56,302,20,1*4D
$GAGSV,1,1,04,10,38,143,31,14,22,092,31,16,40,045,48,25,86,174,34,5*75
$GAGSV,2,1,05,10,38,143,34,11,67,157,15,14,22,092,26,16,40,045,44,7*70
$GAGSV,2,2,05,25,86,174,31,7*4F
$GAGSV,1,1,02,12,15,139,,34,06,313,,0*7A
$GBGSV,2,1,08,12,21,097,24,19,23,069,32,20,15,117,18,22,09,018,21,3*7B
$GBGSV,2,2,08,24,23,229,28,29,25,121,44,35,61,185,27,39,32,000,49,3*78
$GBGSV,3,1,10,12,21,097,30,19,23,069,32,20,15,117,21,22,09,018,22,5*79
$GBGSV,3,2,10,24,23,229,31,26,53,278,09,29,25,121,42,31,34,259,22,5*7B
$GBGSV,3,3,10,35,61,185,25,39,32,000,46,5*70
$GBGSV,3,1,10,12,21,097,22,19,23,069,26,20,15,117,27,22,09,018,18,8*7D
$GBGSV,3,2,10,24,23,229,30,26,53,278,22,29,25,121,46,31,34,259,19,8*72
$GBGSV,3,3,10,35,61,185,22,39,32,000,45,8*79
$GBGSV,1,1,01,11,05,113,,0*40
$GNGLL,3001.74231,S,05112.75035,W,165858.00,A,D*78
$GNRMC,165859.00,A,3001.74231,S,05112.75035,W,0.008,,090926,,,F,V*14
$GNVTG,,T,,M,0.008,N,0.015,K,D*34
$GNGGA,165859.00,3001.74231,S,05112.75035,W,5,12,0.72,48.1,M,4.8,M,2.0,0920*6D
$GNGSA,M,3,05,12,13,18,23,25,26,28,29,31,,,1.35,0.72,1.14,1*07
$GNGSA,M,3,16,25,36,02,10,11,,,,,,,1.35,0.72,1.14,3*0F
$GNGSA,M,3,12,19,20,24,26,29,31,35,39,,,,1.35,0.72,1.14,4*00
$GPGSV,3,1,09,05,38,122,47,12,22,036,41,13,16,032,29,18,66,264,22,1*66
$GPGSV,3,2,09,23,22,356,44,25,56,022,52,26,24,225,24,29,58,153,35,1*68
$GPGSV,3,3,09,31,21,257,25,1*5B
$GPGSV,2,1,08,05,38,122,41,12,22,036,26,13,16,032,23,18,66,264,18,6*65
$GPGSV,2,2,08,23,22,356,40,25,56,022,46,28,24,290,20,31,21,257,22,6*6C
$GPGSV,2,1,06,13,16,032,20,18,66,264,27,23,22,356,43,25,56,022,54,8*61
$GPGSV,2,2,06,26,24,225,23,28,24,290,09,8*63
$GPGSV,1,1,03,15,08,057,,20,01,084,,21,09,141,,0*59
$GAGSV,2,1,07,02,30,221,16,10,38,143,38,11,67,157,24,14,22,092,23,1*7A
$GAGSV,2,2,07,16,40,045,40,25,86,174,34,36,56,302,20,1*4D
$GAGSV,1,1,04,10,38,143,32,14,22,092,31,16,40,045,48,25,86,174,34,5*76
$GAGSV,2,1,05,10,38,143,34,11,67,157,09,14,22,092,26,16,40,045,44,7*7D
$GAGSV,2,2,05,25,86,174,32,7*4C
$GAGSV,1,1,02,12,15,139,,34,06,313,,0*7A
$GBGSV,2,1,08,12,21,097,24,19,23,069,32,20,15,117,19,22,09,018,22,3*79
$GBGSV,2,2,08,24,23,229,28,29,25,121,44,35,61,185,27,39,32,000,49,3*78
$GBGSV,3,1,10,12,21,097,30,19,23,069,32,20,15,117,20,22,09,018,22,5*78
$GBGSV,3,2,10,24,23,229,31,26,53,278,09,29,25,121,42,31,34,259,22,5*7B
$GBGSV,3,3,10,35,61,185,24,39,32,000,46,5*71
$GBGSV,3,1,10,12,21,097,23,19,23,069,26,20,15,117,27,22,09,018,17,8*73
$GBGSV,3,2,10,24,23,229,29,26,53,278,22,29,25,121,46,31,34,259,20,8*70
$GBGSV,3,3,10,35,61,185,22,39,32,000,45,8*79
$GBGSV,1,1,01,11,05,113,,0*40
$GNGLL,3001.74231,S,05112.75035,W,165859.00,A,D*79
$GNRMC,165900.00,A,3001.74231,S,05112.75035,W,0.009,,090926,,,F,V*18
$GNVTG,,T,,M,0.009,N,0.016,K,D*36
$GNGGA,165900.00,3001.74231,S,05112.75035,W,5,12,0.72,48.1,M,4.8,M,2.0,0920*60
$GNGSA,M,3,05,12,13,18,23,25,26,28,29,31,,,1.35,0.72,1.14,1*07
$GNGSA,M,3,16,25,36,02,10,11,,,,,,,1.35,0.72,1.14,3*0F
$GNGSA,M,3,12,19,20,24,26,29,35,39,,,,,1.35,0.72,1.14,4*02
$GPGSV,3,1,09,05,38,122,47,12,22,036,41,13,16,032,29,18,66,264,22,1*66
$GPGSV,3,2,09,23,22,356,44,25,56,022,52,26,24,225,24,29,58,153,35,1*68
$GPGSV,3,3,09,31,21,257,25,1*5B
$GPGSV,2,1,08,05,38,122,41,12,22,036,26,13,16,032,23,18,66,264,18,6*65
$GPGSV,2,2,08,23,22,356,40,25,56,022,46,28,24,290,20,31,21,257,23,6*6D
$GPGSV,2,1,06,13,16,032,20,18,66,264,27,23,22,356,43,25,56,022,54,8*61
$GPGSV,2,2,06,26,24,225,22,28,24,290,10,8*6A
$GPGSV,1,1,03,15,08,057,,20,01,084,,21,09,141,,0*59
$GAGSV,2,1,07,02,30,221,16,10,38,143,38,11,67,157,24,14,22,092,23,1*7A
$GAGSV,2,2,07,16,40,045,40,25,86,174,34,36,56,302,20,1*4D
$GAGSV,1,1,04,10,38,143,31,14,22,092,31,16,40,045,48,25,86,174,34,5*75
$GAGSV,2,1,05,10,38,143,34,11,67,157,12,14,22,092,26,16,40,045,44,7*77
$GAGSV,2,2,05,25,86,174,31,7*4F
$GAGSV,1,1,02,12,15,139,,34,06,313,,0*7A
$GBGSV,2,1,08,12,21,097,25,19,23,069,32,20,15,117,20,22,09,018,21,3*71
$GBGSV,2,2,08,24,23,229,28,29,25,121,44,35,61,185,28,39,32,000,49,3*77
$GBGSV,3,1,10,12,21,097,30,19,23,069,32,20,15,117,21,22,09,018,22,5*79
$GBGSV,3,2,10,24,23,229,31,26,53,278,09,29,25,121,42,31,34,259,22,5*7B
$GBGSV,3,3,10,35,61,185,24,39,32,000,46,5*71
$GBGSV,3,1,10,12,21,097,23,19,23,069,26,20,15,117,27,22,09,018,18,8*7C
$GBGSV,3,2,10,24,23,229,28,26,53,278,22,29,25,121,46,31,34,259,20,8*71
$GBGSV,3,3,10,35,61,185,22,39,32,000,45,8*79
$GBGSV,1,1,01,11,05,113,,0*40
$GNGLL,3001.74231,S,05112.75035,W,165900.00,A,D*74
$GNRMC,165901.00,A,3001.74231,S,05112.75035,W,0.023,,090926,,,F,V*11
$GNVTG,,T,,M,0.023,N,0.043,K,D*3E
$GNGGA,165901.00,3001.74231,S,05112.75035,W,5,12,0.72,48.1,M,4.8,M,2.0,0920*61
$GNGSA,M,3,05,12,13,18,23,25,26,28,29,31,,,1.35,0.72,1.14,1*07
$GNGSA,M,3,16,25,36,02,10,11,,,,,,,1.35,0.72,1.14,3*0F
$GNGSA,M,3,12,19,20,24,26,29,31,35,39,,,,1.35,0.72,1.14,4*00
$GPGSV,3,1,10,05,38,122,47,12,22,036,41,13,16,032,30,15,08,057,21,1*62
$GPGSV,3,2,10,18,66,264,22,23,23,356,44,25,56,022,52,26,24,225,23,1*68
$GPGSV,3,3,10,29,58,153,35,31,21,257,24,1*65
$GPGSV,2,1,08,05,38,122,41,12,22,036,26,13,16,032,23,18,66,264,19,6*64
$GPGSV,2,2,08,23,23,356,40,25,56,022,46,28,24,290,20,31,21,257,23,6*6C
$GPGSV,2,1,06,13,16,032,20,18,66,264,28,23,23,356,43,25,56,022,54,8*6F
$GPGSV,2,2,06,26,24,225,23,28,24,290,13,8*68
$GPGSV,1,1,02,20,01,084,,21,09,141,,0*66
$GAGSV,2,1,07,02,30,221,16,10,38,143,38,11,67,157,24,14,22,092,23,1*7A
$GAGSV,2,2,07,16,40,045,40,25,86,174,34,36,56,302,20,1*4D
$GAGSV,1,1,04,10,38,143,32,14,22,092,31,16,40,045,48,25,86,174,34,5*76
$GAGSV,2,1,05,10,38,143,34,11,67,157,09,14,22,092,25,16,40,045,44,7*7E
$GAGSV,2,2,05,25,86,174,32,7*4C
$GAGSV,1,1,02,12,15,139,,34,06,313,,0*7A
$GBGSV,2,1,08,12,21,097,25,19,23,069,32,20,15,117,20,22,09,018,22,3*72
$GBGSV,2,2,08,24,23,229,28,29,25,121,44,35,61,185,27,39,32,000,49,3*78
$GBGSV,3,1,10,12,21,097,30,19,23,069,33,20,15,117,21,22,09,018,22,5*78
$GBGSV,3,2,10,24,23,229,31,26,53,278,08,29,25,121,42,31,34,259,22,5*7A
$GBGSV,3,3,10,35,61,185,24,39,32,000,46,5*71
$GBGSV,3,1,10,12,21,097,23,19,23,069,26,20,15,117,27,22,09,018,19,8*7D
$GBGSV,3,2,10,24,23,229,28,26,53,278,22,29,25,121,46,31,34,259,21,8*70
$GBGSV,3,3,10,35,61,185,22,39,32,000,45,8*79
$GBGSV,1,1,01,11,05,113,,0*40
$GNGLL,3001.74231,S,05112.75035,W,165901.00,A,D*75
$GNRMC,165902.00,A,3001.74231,S,05112.75035,W,0.024,,090926,,,F,V*15
$GNVTG,,T,,M,0.024,N,0.045,K,D*3F
$GNGGA,165902.00,3001.74231,S,05112.75035,W,5,12,0.72,48.1,M,4.8,M,2.0,0920*62
$GNGSA,M,3,05,12,13,18,23,25,26,28,29,31,,,1.35,0.72,1.14,1*07
$GNGSA,M,3,16,25,36,02,10,11,,,,,,,1.35,0.72,1.14,3*0F
$GNGSA,M,3,12,19,20,24,26,29,31,35,39,,,,1.35,0.72,1.14,4*00
$GPGSV,3,1,09,05,38,122,47,12,22,036,41,13,16,032,30,18,66,264,21,1*6D
$GPGSV,3,2,09,23,23,356,44,25,56,022,52,26,24,225,22,29,58,153,35,1*6F
$GPGSV,3,3,09,31,21,257,25,1*5B
$GPGSV,2,1,08,05,38,122,41,12,22,036,26,13,16,032,23,18,66,264,20,6*6E
$GPGSV,2,2,08,23,23,356,40,25,56,022,46,28,24,290,21,31,21,257,23,6*6D
$GPGSV,2,1,06,13,16,032,20,18,66,264,27,23,23,356,43,25,56,022,54,8*60
$GPGSV,2,2,06,26,24,225,23,28,24,290,15,8*6E
$GPGSV,1,1,03,15,08,057,,20,01,084,,21,09,141,,0*59
$GAGSV,2,1,07,02,30,221,17,10,38,143,38,11,67,157,24,14,22,092,22,1*7A
$GAGSV,2,2,07,16,40,045,40,25,86,174,34,36,56,302,20,1*4D
$GAGSV,1,1,04,10,38,143,32,14,22,092,31,16,40,045,48,25,86,174,34,5*76
$GAGSV,2,1,05,10,38,143,34,11,67,157,14,14,22,092,25,16,40,045,44,7*72
$GAGSV,2,2,05,25,86,174,32,7*4C
$GAGSV,1,1,02,12,15,139,,34,06,313,,0*7A
$GBGSV,2,1,08,12,21,097,25,19,23,069,32,20,15,117,19,22,09,018,22,3*78
$GBGSV,2,2,08,24,23,229,28,29,25,121,44,35,61,185,27,39,32,000,49,3*78
$GBGSV,3,1,10,12,21,097,30,19,23,069,33,20,15,117,22,22,09,018,21,5*78
$GBGSV,3,2,10,24,23,229,31,26,53,278,09,29,25,121,42,31,34,259,23,5*7A
$GBGSV,3,3,10,35,61,185,24,39,32,000,46,5*71
$GBGSV,3,1,10,12,21,097,24,19,23,069,27,20,15,117,27,22,09,018,18,8*7A
$GBGSV,3,2,10,24,23,229,27,26,53,278,22,29,25,121,46,31,34,259,21,8*7F
$GBGSV,3,3,10,35,61,185,22,39,32,000,45,8*79
$GBGSV,1,1,01,11,05,113,,0*40
$GNGLL,3001.74231,S,05112.75035,W,165902.00,A,D*76
$GNRMC,165903.00,A,3001.74231,S,05112.75035,W,0.023,,090926,,,F,V*13
$GNVTG,,T,,M,0.023,N,0.043,K,D*3E
$GNGGA,165903.00,3001.74231,S,05112.75035,W,5,12,0.72,48.2,M,4.8,M,2.0,0920*60
$GNGSA,M,3,05,12,13,18,23,25,26,28,29,31,,,1.35,0.72,1.14,1*07
$GNGSA,M,3,16,25,36,02,10,11,,,,,,,1.35,0.72,1.14,3*0F
$GNGSA,M,3,12,19,20,24,26,29,35,39,,,,,1.35,0.72,1.14,4*02
$GPGSV,3,1,09,05,38,122,47,12,22,036,41,13,16,032,29,18,66,264,21,1*65
$GPGSV,3,2,09,23,23,356,44,25,55,021,52,26,24,225,21,29,58,153,35,1*6C
$GPGSV,3,3,09,31,21,257,25,1*5B
$GPGSV,2,1,08,05,38,122,41,12,22,036,26,13,16,032,23,18,66,264,20,6*6E
$GPGSV,2,2,08,23,23,356,40,25,55,021,46,28,24,290,22,31,21,257,23,6*6E
$GPGSV,2,1,05,13,16,032,20,18,66,264,27,23,23,356,43,25,55,021,54,8*63
$GPGSV,2,2,05,26,24,225,23,8*5E
$GPGSV,1,1,03,15,08,057,,20,01,084,,21,09,141,,0*59
$GAGSV,2,1,07,02,30,221,16,10,38,143,38,11,67,157,24,14,22,092,22,1*7B
$GAGSV,2,2,07,16,40,045,40,25,86,174,34,36,56,302,21,1*4C
$GAGSV,1,1,04,10,38,143,31,14,22,092,31,16,40,045,48,25,86,174,34,5*75
$GAGSV,2,1,05,10,38,143,34,11,67,157,11,14,22,092,25,16,40,045,44,7*77
$GAGSV,2,2,05,25,86,174,31,7*4F
$GAGSV,1,1,02,12,15,139,,34,06,313,,0*7A
$GBGSV,2,1,08,12,21,097,25,19,23,069,32,20,15,117,19,22,09,018,21,3*7B
$GBGSV,2,2,08,24,23,229,28,29,25,121,44,35,61,185,26,39,32,000,49,3*79
$GBGSV,3,1,10,12,21,097,30,19,23,069,32,20,15,117,22,22,09,018,22,5*7A
$GBGSV,3,2,10,24,23,229,31,26,53,278,09,29,25,121,42,31,34,259,23,5*7A
$GBGSV,3,3,10,35,61,185,24,39,32,000,46,5*71
$GBGSV,3,1,10,12,21,097,25,19,23,069,27,20,15,117,27,22,09,018,17,8*74
$GBGSV,3,2,10,24,23,229,26,26,53,278,22,29,25,121,46,31,34,259,20,8*7F
$GBGSV,3,3,10,35,61,185,22,39,32,000,45,8*79
$GBGSV,1,1,01,11,05,113,,0*40
$GNGLL,3001.74231,S,05112.75035,W,165903.00,A,D*77
$GNRMC,165904.00,A,3001.74231,S,05112.75035,W,0.009,,090926,,,F,V*1C
$GNVTG,,T,,M,0.009,N,0.016,K,D*36
$GNGGA,165904.00,3001.74231,S,05112.75035,W,5,12,0.73,48.2,M,4.8,M,2.0,0920*66
$GNGSA,M,3,05,12,13,18,23,25,26,28,29,31,,,1.37,0.73,1.16,1*06
$GNGSA,M,3,16,25,36,02,10,11,,,,,,,1.37,0.73,1.16,3*0E
$GNGSA,M,3,12,19,20,24,26,29,31,35,39,,,,1.37,0.73,1.16,4*01
$GPGSV,3,1,10,05,38,122,47,12,22,036,41,13,16,032,29,18,66,264,20,1*6C
$GPGSV,3,2,10,23,23,356,44,25,55,021,52,26,25,225,20,28,24,290,22,1*64
$GPGSV,3,3,10,29,58,153,35,31,21,257,25,1*64
$GPGSV,2,1,08,05,38,122,41,12,22,036,26,13,16,032,23,18,66,264,20,6*6E
$GPGSV,2,2,08,23,23,356,39,25,55,021,46,28,24,290,23,31,21,257,22,6*60
$GPGSV,2,1,05,13,16,032,20,18,66,264,27,23,23,356,43,25,55,021,54,8*63
$GPGSV,2,2,05,26,25,225,24,8*58
$GPGSV,1,1,03,15,08,057,,20,01,084,,21,09,141,,0*59
$GAGSV,2,1,07,02,30,221,16,10,38,143,38,11,67,157,24,14,22,092,22,1*7B
$GAGSV,2,2,07,16,40,045,40,25,86,174,34,36,56,302,21,1*4C
$GAGSV,1,1,04,10,38,143,31,14,22,092,31,16,40,045,48,25,86,174,34,5*75
$GAGSV,2,1,05,10,38,143,34,11,67,157,12,14,22,092,25,16,40,045,44,7*74
$GAGSV,2,2,05,25,86,174,31,7*4F
$GAGSV,1,1,02,12,15,139,,34,06,313,,0*7A
$GBGSV,2,1,08,12,21,097,25,19,23,069,32,20,15,117,20,22,09,018,21,3*71
$GBGSV,2,2,08,24,23,229,29,29,25,121,44,35,61,185,26,39,32,000,49,3*78
$GBGSV,3,1,10,12,21,097,30,19,23,069,33,20,15,117,21,22,09,018,21,5*7B
$GBGSV,3,2,10,24,23,229,31,26,53,278,10,29,25,121,42,31,34,259,22,5*73
$GBGSV,3,3,10,35,61,185,25,39,32,000,46,5*70
$GBGSV,3,1,10,12,21,097,25,19,23,069,27,20,15,117,27,22,09,018,18,8*7B
$GBGSV,3,2,10,24,23,229,25,26,53,278,22,29,25,121,46,31,34,259,21,8*7D
$GBGSV,3,3,10,35,61,185,22,39,32,000,45,8*79
$GBGSV,1,1,01,11,05,113,,0*40
$GNGLL,3001.74231,S,05112.75035,W,165904.00,A,D*70
$GNRMC,165905.00,A,3001.74231,S,05112.75035,W,0.014,,090926,,,F,V*11
$GNVTG,,T,,M,0.014,N,0.026,K,D*39
$GNGGA,165905.00,3001.74231,S,05112.75035,W,5,12,0.73,48.1,M,4.8,M,2.0,0920*64
$GNGSA,M,3,05,12,13,18,23,25,26,28,29,31,,,1.37,0.73,1.16,1*06
$GNGSA,M,3,16,25,36,02,10,11,,,,,,,1.37,0.73,1.16,3*0E
$GNGSA,M,3,12,19,20,24,26,29,31,35,39,,,,1.37,0.73,1.16,4*01
$GPGSV,3,1,10,05,38,122,47,12,22,036,41,13,16,032,29,18,66,264,20,1*6C
$GPGSV,3,2,10,23,23,356,44,25,55,021,51,26,25,225,20,28,24,290,22,1*67
$GPGSV,3,3,10,29,58,153,35,31,21,257,25,1*64
$GPGSV,2,1,08,05,38,122,41,12,22,036,26,13,16,032,23,18,66,264,20,6*6E
$GPGSV,2,2,08,23,23,356,39,25,55,021,46,28,24,290,23,31,21,257,23,6*61
$GPGSV,2,1,05,13,16,032,20,18,66,264,27,23,23,356,43,25,55,021,54,8*63
$GPGSV,2,2,05,26,25,225,23,8*5F
$GPGSV,1,1,03,15,08,057,,20,01,084,,21,09,141,,0*59
$GAGSV,2,1,07,02,30,221,15,10,38,143,38,11,67,157,24,14,22,092,23,1*79
$GAGSV,2,2,07,16,40,045,40,25,86,174,34,36,56,302,20,1*4D
$GAGSV,1,1,04,10,38,143,31,14,22,092,31,16,40,045,48,25,86,174,33,5*72
$GAGSV,2,1,05,10,38,143,34,11,67,157,11,14,22,092,25,16,40,045,44,7*77
$GAGSV,2,2,05,25,86,174,31,7*4F
$GAGSV,1,1,02,12,15,139,,34,06,313,,0*7A
$GBGSV,2,1,08,12,21,097,25,19,23,069,32,20,15,117,20,22,09,018,21,3*71
$GBGSV,2,2,08,24,23,229,29,29,25,121,44,35,61,185,26,39,32,000,49,3*78
$GBGSV,3,1,10,12,21,097,29,19,23,069,33,20,15,117,21,22,09,018,21,5*73
$GBGSV,3,2,10,24,23,229,31,26,53,278,09,29,25,121,42,31,34,259,22,5*7B
$GBGSV,3,3,10,35,61,185,24,39,32,000,46,5*71
$GBGSV,3,1,10,12,21,097,25,19,23,069,27,20,15,117,27,22,09,018,19,8*7A
$GBGSV,3,2,10,24,23,229,25,26,53,278,22,29,25,121,46,31,34,259,21,8*7D
$GBGSV,3,3,10,35,61,185,22,39,32,000,45,8*79
$GBGSV,1,1,01,11,05,113,,0*40
$GNGLL,3001.74231,S,05112.75035,W,165905.00,A,D*71
$GNRMC,165906.00,A,3001.74231,S,05112.75035,W,0.013,,090926,,,F,V*15
$GNVTG,,T,,M,0.013,N,0.023,K,D*3B
$GNGGA,165906.00,3001.74231,S,05112.75035,W,5,12,0.73,48.1,M,4.8,M,2.0,0920*67
$GNGSA,M,3,05,12,13,18,23,25,26,28,29,31,,,1.37,0.73,1.16,1*06
$GNGSA,M,3,16,25,36,02,10,11,,,,,,,1.37,0.73,1.16,3*0E
$GNGSA,M,3,12,19,20,24,26,29,35,39,,,,,1.37,0.73,1.16,4*03
$GPGSV,3,1,10,05,38,122,47,12,22,036,41,13,16,032,30,18,66,264,21,1*65
$GPGSV,3,2,10,23,23,356,43,25,55,021,51,26,25,225,19,28,24,291,23,1*6A
$GPGSV,3,3,10,29,58,153,35,31,21,257,24,1*65
$GPGSV,2,1,08,05,38,122,41,12,22,036,26,13,16,032,23,18,66,264,20,6*6E
$GPGSV,2,2,08,23,23,356,39,25,55,021,46,28,24,291,23,31,21,257,23,6*60
$GPGSV,2,1,05,13,16,032,21,18,66,264,27,23,23,356,43,25,55,021,54,8*62
$GPGSV,2,2,05,26,25,225,23,8*5F
$GPGSV,1,1,03,15,08,057,,20,01,084,,21,09,141,,0*59
$GAGSV,2,1,07,02,30,221,15,10,38,143,38,11,67,157,24,14,22,092,23,1*79
$GAGSV,2,2,07,16,40,045,40,25,86,174,34,36,56,302,20,1*4D
$GAGSV,1,1,04,10,38,143,31,14,22,092,31,16,40,045,48,25,86,174,33,5*72
$GAGSV,2,1,05,10,38,143,34,11,67,157,15,14,22,092,25,16,40,045,44,7*73
$GAGSV,2,2,05,25,86,174,32,7*4C
$GAGSV,1,1,02,12,15,139,,34,06,313,,0*7A
$GBGSV,2,1,08,12,21,097,25,19,23,069,32,20,15,117,20,22,09,018,21,3*71
$GBGSV,2,2,08,24,23,229,28,29,25,121,44,35,61,185,26,39,32,000,49,3*79
$GBGSV,3,1,10,12,21,097,29,19,23,069,32,20,15,117,22,22,09,018,21,5*71
$GBGSV,3,2,10,24,23,229,31,26,53,278,09,29,25,121,42,31,34,259,23,5*7A
$GBGSV,3,3,10,35,61,185,25,39,32,000,46,5*70
$GBGSV,3,1,10,12,21,097,26,19,23,069,27,20,15,117,26,22,09,018,18,8*79
$GBGSV,3,2,10,24,23,229,25,26,53,278,22,29,25,121,46,31,34,259,21,8*7D
$GBGSV,3,3,10,35,61,185,22,39,32,000,45,8*79
$GBGSV,1,1,01,11,05,113,,0*40
$GNGLL,3001.74231,S,05112.75035,W,165906.00,A,D*72
$GNRMC,165907.00,A,3001.74231,S,05112.75035,W,0.021,,090926,,,F,V*15
$GNVTG,,T,,M,0.021,N,0.039,K,D*31
$GNGGA,165907.00,3001.74231,S,05112.75035,W,5,12,0.73,48.1,M,4.8,M,2.0,0920*66
$GNGSA,M,3,05,12,13,18,23,25,26,28,29,31,,,1.37,0.73,1.16,1*06
$GNGSA,M,3,16,25,36,10,11,,,,,,,,1.37,0.73,1.16,3*0C
$GNGSA,M,3,12,19,20,24,26,29,31,35,39,,,,1.37,0.73,1.16,4*01
$GPGSV,3,1,10,05,38,122,47,12,22,036,41,13,16,032,30,18,66,264,21,1*65
$GPGSV,3,2,10,23,23,356,43,25,55,021,51,26,25,225,18,28,24,291,24,1*6C
$GPGSV,3,3,10,29,58,152,35,31,21,257,25,1*65
$GPGSV,2,1,08,05,38,122,41,12,22,036,26,13,16,032,22,18,66,264,21,6*6E
$GPGSV,2,2,08,23,23,356,39,25,55,021,46,28,24,291,23,31,21,257,23,6*60
$GPGSV,2,1,05,13,16,032,21,18,66,264,27,23,23,356,43,25,55,021,54,8*62
$GPGSV,2,2,05,26,25,225,22,8*5E
$GPGSV,1,1,03,15,08,057,,20,01,084,,21,09,141,,0*59
$GAGSV,2,1,07,02,30,221,13,10,38,143,38,11,67,157,24,14,22,092,23,1*7F
$GAGSV,2,2,07,16,40,045,40,25,86,174,34,36,56,302,21,1*4C
$GAGSV,1,1,04,10,38,143,31,14,22,092,31,16,40,045,48,25,86,174,33,5*72
$GAGSV,2,1,05,10,38,143,34,11,67,157,13,14,22,092,25,16,40,045,44,7*75
$GAGSV,2,2,05,25,86,174,32,7*4C
$GAGSV,1,1,02,12,15,139,,34,06,313,,0*7A
$GBGSV,2,1,08,12,21,097,26,19,23,069,32,20,15,117,20,22,09,018,22,3*71
$GBGSV,2,2,08,24,23,229,28,29,25,121,44,35,61,185,26,39,32,000,49,3*79
$GBGSV,3,1,10,12,21,097,29,19,23,069,33,20,15,117,22,22,09,018,21,5*70
$GBGSV,3,2,10,24,23,229,31,26,53,278,09,29,25,121,42,31,34,259,23,5*7A
$GBGSV,3,3,10,35,61,185,24,39,32,000,46,5*71
$GBGSV,3,1,10,12,21,097,26,19,23,069,27,20,15,117,27,22,09,018,17,8*77
$GBGSV,3,2,10,24,23,229,24,26,53,278,22,29,25,121,46,31,34,259,21,8*7C
$GBGSV,3,3,10,35,61,185,22,39,32,000,45,8*79
$GBGSV,1,1,01,11,05,113,,0*40
$GNGLL,3001.74231,S,05112.75035,W,165907.00,A,D*73
$GNRMC,165908.00,A,3001.74231,S,05112.75035,W,0.020,,090926,,,F,V*1B
$GNVTG,,T,,M,0.020,N,0.037,K,D*3E
$GNGGA,165908.00,3001.74231,S,05112.75035,W,5,12,0.73,48.2,M,4.8,M,2.0,0920*6A
$GNGSA,M,3,05,12,13,18,23,25,26,28,29,31,,,1.37,0.73,1.16,1*06
$GNGSA,M,3,16,25,36,10,11,,,,,,,,1.37,0.73,1.16,3*0C
$GNGSA,M,3,12,19,20,24,26,29,31,35,39,,,,1.37,0.73,1.16,4*01
$GPGSV,3,1,10,05,38,122,47,12,22,036,41,13,16,032,30,18,66,264,22,1*66
$GPGSV,3,2,10,23,23,356,44,25,55,021,52,26,25,225,17,28,24,291,25,1*66
$GPGSV,3,3,10,29,58,152,35,31,21,257,25,1*65
$GPGSV,2,1,08,05,38,122,41,12,22,036,26,13,16,032,23,18,66,264,21,6*6F
$GPGSV,2,2,08,23,23,356,39,25,55,021,46,28,24,291,23,31,21,257,24,6*67
$GPGSV,2,1,05,13,16,032,20,18,66,264,27,23,23,356,43,25,55,021,54,8*63
$GPGSV,2,2,05,26,25,225,22,8*5E
$GPGSV,1,1,03,15,08,057,,20,01,084,,21,09,141,,0*59
$GAGSV,2,1,07,02,30,221,13,10,38,143,38,11,67,157,24,14,22,092,23,1*7F
$GAGSV,2,2,07,16,40,045,40,25,86,174,34,36,56,302,21,1*4C
$GAGSV,1,1,04,10,38,143,31,14,22,092,30,16,40,045,47,25,86,174,33,5*7C
$GAGSV,2,1,05,10,38,143,34,11,67,157,10,14,22,092,25,16,40,045,44,7*76
$GAGSV,2,2,05,25,86,174,32,7*4C
$GAGSV,1,1,02,12,15,139,,34,06,313,,0*7A
$GBGSV,2,1,08,12,21,097,25,19,23,069,32,20,15,117,19,22,09,018,22,3*78
$GBGSV,2,2,08,24,23,229,28,29,25,121,44,35,61,185,26,39,32,000,49,3*79
$GBGSV,3,1,10,12,21,097,29,19,23,069,33,20,15,117,22,22,09,018,21,5*70
$GBGSV,3,2,10,24,23,229,31,26,53,278,08,29,25,121,42,31,34,259,22,5*7A
$GBGSV,3,3,10,35,61,185,24,39,32,000,46,5*71
$GBGSV,3,1,10,12,21,097,26,19,23,069,27,20,15,117,26,22,09,018,18,8*79
$GBGSV,3,2,10,24,23,229,24,26,53,278,23,29,25,121,46,31,34,259,21,8*7D
$GBGSV,3,3,10,35,61,185,22,39,32,000,45,8*79
$GBGSV,1,1,01,11,05,113,,0*40
$GNGLL,3001.74231,S,05112.75035,W,165908.00,A,D*7C
$GNRMC,165909.00,A,3001.74231,S,05112.75036,W,0.022,,090926,,,F,V*1B
$GNVTG,,T,,M,0.022,N,0.040,K,D*3C
$GNGGA,165909.00,3001.74231,S,05112.75036,W,5,12,0.73,48.1,M,4.8,M,2.0,0920*6B
$GNGSA,M,3,05,12,13,18,23,25,26,28,29,31,,,1.37,0.73,1.16,1*06
$GNGSA,M,3,16,25,36,10,11,,,,,,,,1.37,0.73,1.16,3*0C
$GNGSA,M,3,12,19,20,24,26,29,31,35,39,,,,1.37,0.73,1.16,4*01
$GPGSV,3,1,10,05,38,122,47,12,22,036,41,13,16,032,30,18,66,264,21,1*65
$GPGSV,3,2,10,23,23,356,43,25,55,021,51,26,25,225,18,28,24,291,25,1*6D
$GPGSV,3,3,10,29,58,152,35,31,21,258,24,1*6B
$GPGSV,2,1,08,05,38,122,41,12,22,036,26,13,16,032,23,18,66,264,21,6*6F
$GPGSV,2,2,08,23,23,356,39,25,55,021,46,28,24,291,23,31,21,258,24,6*68
$GPGSV,2,1,06,13,16,032,20,18,66,264,27,23,23,356,43,25,55,021,54,8*60
$GPGSV,2,2,06,26,25,225,22,28,24,291,18,8*62
$GPGSV,1,1,03,15,08,057,,20,01,084,,21,09,141,,0*59
$GAGSV,2,1,07,02,30,221,14,10,38,143,38,11,67,157,24,14,22,092,23,1*78
$GAGSV,2,2,07,16,40,045,40,25,86,174,34,36,56,302,21,1*4C
$GAGSV,1,1,04,10,38,143,31,14,22,092,30,16,40,045,47,25,86,174,33,5*7C
$GAGSV,2,1,05,10,38,143,34,11,67,157,12,14,22,092,25,16,40,045,44,7*74
$GAGSV,2,2,05,25,86,174,32,7*4C
$GAGSV,1,1,02,12,15,139,,34,06,313,,0*7A
$GBGSV,2,1,08,12,21,097,25,19,23,069,32,20,15,117,18,22,09,018,22,3*79
$GBGSV,2,2,08,24,23,229,28,29,25,121,45,35,61,185,26,39,32,000,49,3*78
$GBGSV,3,1,10,12,21,097,29,19,23,069,33,20,15,117,22,22,09,018,21,5*70
$GBGSV,3,2,10,24,23,229,31,26,53,278,08,29,25,121,42,31,34,259,22,5*7A
$GBGSV,3,3,10,35,61,185,24,39,32,000,46,5*71
$GBGSV,3,1,10,12,21,097,27,19,23,069,27,20,15,117,26,22,09,018,18,8*78
$GBGSV,3,2,10,24,23,229,24,26,53,278,23,29,25,121,46,31,34,259,21,8*7D
$GBGSV,3,3,10,35,61,185,22,39,32,000,45,8*79
$GBGSV,1,1,01,11,05,113,,0*40
$GNGLL,3001.74231,S,05112.75036,W,165909.00,A,D*7E
$GNRMC,165910.00,A,3001.74231,S,05112.75036,W,0.016,,090926,,,F,V*14
$GNVTG,,T,,M,0.016,N,0.030,K,D*3C
$GNGGA,165910.00,3001.74231,S,05112.75036,W,5,12,0.73,48.1,M,4.8,M,2.0,0920*63
$GNGSA,M,3,05,12,13,18,23,25,26,28,29,31,,,1.37,0.73,1.16,1*06
$GNGSA,M,3,16,25,36,10,11,,,,,,,,1.37,0.73,1.16,3*0C
$GNGSA,M,3,12,19,20,24,26,29,31,35,39,,,,1.37,0.73,1.16,4*01
$GPGSV,3,1,10,05,38,122,47,12,22,036,41,13,16,032,30,18,66,264,22,1*66
$GPGSV,3,2,10,23,23,356,43,25,55,021,51,26,25,225,18,28,24,291,25,1*6D
$GPGSV,3,3,10,29,58,152,35,31,21,258,24,1*6B
$GPGSV,2,1,08,05,38,122,41,12,22,036,26,13,16,032,22,18,66,264,21,6*6E
$GPGSV,2,2,08,23,23,356,39,25,55,021,46,28,24,291,22,31,21,258,24,6*69
$GPGSV,2,1,06,13,16,032,20,18,66,264,27,23,23,356,43,25,55,021,54,8*60
$GPGSV,2,2,06,26,25,225,22,28,24,291,16,8*6C
$GPGSV,1,1,03,15,08,057,,20,01,084,,21,09,141,,0*59
$GAGSV,2,1,07,02,30,221,14,10,38,143,38,11,67,157,24,14,22,092,24,1*7F
$GAGSV,2,2,07,16,40,045,40,25,86,174,34,36,56,302,22,1*4F
$GAGSV,1,1,04,10,38,143,31,14,22,092,30,16,40,045,47,25,86,174,34,5*7B
$GAGSV,2,1,05,10,38,143,34,11,67,157,13,14,22,092,25,16,40,045,44,7*75
$GAGSV,2,2,05,25,86,174,32,7*4C
$GAGSV,1,1,02,12,15,139,,34,06,313,,0*7A
$GBGSV,2,1,08,12,21,097,26,19,23,069,32,20,15,117,18,22,09,018,22,3*7A
$GBGSV,2,2,08,24,23,229,27,29,25,121,44,35,61,185,25,39,32,000,49,3*75
$GBGSV,3,1,09,12,21,097,28,19,23,069,33,20,15,117,22,22,09,018,21,5*79
$GBGSV,3,2,09,24,23,229,30,29,25,121,43,31,34,259,22,35,61,185,25,5*7F
$GBGSV,3,3,09,39,32,000,46,5*42
$GBGSV,3,1,10,12,21,097,27,19,23,069,27,20,15,117,26,22,09,018,19,8*79
$GBGSV,3,2,10,24,23,229,25,26,53,278,22,29,25,121,46,31,34,259,21,8*7D
$GBGSV,3,3,10,35,61,185,22,39,32,000,45,8*79
$GBGSV,1,1,01,11,05,113,,0*40
$GNGLL,3001.74231,S,05112.75036,W,165910.00,A,D*76
$GNRMC,165911.00,A,3001.74231,S,05112.75036,W,0.008,,090926,,,F,V*1A
$GNVTG,,T,,M,0.008,N,0.014,K,D*35
$GNGGA,165911.00,3001.74231,S,05112.75036,W,5,12,0.73,48.2,M,4.8,M,2.0,0920*61
$GNGSA,M,3,05,12,13,18,23,25,26,28,29,31,,,1.37,0.73,1.16,1*06
$GNGSA,M,3,16,25,36,10,11,,,,,,,,1.37,0.73,1.16,3*0C
$GNGSA,M,3,12,19,20,24,26,29,31,35,39,,,,1.37,0.73,1.16,4*01
$GPGSV,3,1,10,05,38,122,47,12,22,036,41,13,16,032,30,18,66,264,21,1*65
$GPGSV,3,2,10,23,23,356,43,25,55,021,51,26,25,225,19,28,24,291,25,1*6C
$GPGSV,3,3,10,29,58,152,35,31,21,258,23,1*6C
$GPGSV,2,1,08,05,38,122,41,12,22,036,26,13,16,032,22,18,66,264,20,6*6F
$GPGSV,2,2,08,23,23,356,39,25,55,021,46,28,24,291,22,31,21,258,24,6*69
$GPGSV,2,1,06,13,16,032,20,18,66,264,27,23,23,356,43,25,55,021,53,8*67
$GPGSV,2,2,06,26,25,225,23,28,24,291,16,8*6D
$GPGSV,1,1,03,15,08,057,,20,01,084,,21,09,141,,0*59
$GAGSV,2,1,07,02,30,221,13,10,38,143,38,11,67,157,24,14,22,092,23,1*7F
$GAGSV,2,2,07,16,40,045,40,25,86,174,34,36,56,302,21,1*4C
$GAGSV,1,1,04,10,38,143,32,14,22,092,30,16,40,045,47,25,86,174,33,5*7F
$GAGSV,2,1,05,10,38,143,34,11,67,157,12,14,22,092,25,16,40,045,43,7*73
$GAGSV,2,2,05,25,86,174,32,7*4C
$GAGSV,1,1,02,12,15,139,,34,06,313,,0*7A
$GBGSV,2,1,08,12,21,097,26,19,23,069,32,20,15,117,18,22,09,018,22,3*7A
$GBGSV,2,2,08,24,23,229,27,29,25,121,44,35,61,185,25,39,32,000,49,3*75
$GBGSV,3,1,09,12,21,097,28,19,23,069,33,20,15,117,22,22,09,018,21,5*79
$GBGSV,3,2,09,24,23,229,30,29,25,121,43,31,34,259,22,35,61,185,24,5*7E
$GBGSV,3,3,09,39,32,000,46,5*42
$GBGSV,3,1,10,12,21,097,27,19,23,069,27,20,15,117,26,22,09,018,19,8*79
$GBGSV,3,2,10,24,23,229,26,26,53,278,23,29,25,121,46,31,34,259,21,8*7F
$GBGSV,3,3,10,35,61,185,22,39,32,000,45,8*79
$GBGSV,1,1,01,11,05,113,,0*40
$GNGLL,3001.74231,S,05112.75036,W,165911.00,A,D*77
$GNRMC,165912.00,A,3001.74231,S,05112.75036,W,0.028,,090926,,,F,V*1B
$GNVTG,,T,,M,0.028,N,0.053,K,D*34
$GNGGA,165912.00,3001.74231,S,05112.75036,W,5,12,0.65,48.2,M,4.8,M,2.0,0920*65
$GNGSA,M,3,05,12,13,18,23,25,26,28,29,31,,,1.25,0.65,1.07,1*02
$GNGSA,M,3,16,25,36,10,11,,,,,,,,1.25,0.65,1.07,3*08
$GNGSA,M,3,12,19,20,24,26,29,31,35,39,,,,1.25,0.65,1.07,4*05
$GPGSV,3,1,10,05,38,122,47,12,22,036,41,13,16,032,30,18,66,264,21,1*65
$GPGSV,3,2,10,23,23,356,43,25,55,021,51,26,25,225,19,28,24,291,25,1*6C
$GPGSV,3,3,10,29,58,152,35,31,21,258,23,1*6C
$GPGSV,2,1,08,05,38,122,41,12,22,036,26,13,16,032,22,18,66,264,19,6*65
$GPGSV,2,2,08,23,23,356,39,25,55,021,46,28,24,291,21,31,21,258,25,6*6B
$GPGSV,2,1,06,13,16,032,21,18,66,264,27,23,23,356,43,25,55,021,54,8*61
$GPGSV,2,2,06,26,25,225,23,28,24,291,15,8*6E
$GPGSV,1,1,03,15,08,057,,20,01,084,,21,09,141,,0*59
$GAGSV,2,1,07,02,30,221,12,10,38,143,38,11,67,157,24,14,22,092,23,1*7E
$GAGSV,2,2,07,16,40,045,40,25,86,174,34,36,56,302,22,1*4F
$GAGSV,1,1,04,10,38,143,31,14,22,092,30,16,40,045,47,25,86,174,33,5*7C
$GAGSV,2,1,05,10,38,143,34,11,67,157,11,14,22,092,25,16,40,045,43,7*70
$GAGSV,2,2,05,25,86,174,32,7*4C
$GAGSV,1,1,02,12,15,139,,34,06,313,,0*7A
$GBGSV,2,1,08,12,21,097,26,19,23,069,32,20,15,117,17,22,09,018,22,3*75
$GBGSV,2,2,08,24,23,229,26,29,25,121,44,35,61,185,25,39,32,000,49,3*74
$GBGSV,3,1,10,12,21,097,28,19,23,069,33,20,15,117,22,22,09,018,21,5*71
$GBGSV,3,2,10,24,23,229,30,26,53,278,18,29,25,121,42,31,34,259,23,5*7B
$GBGSV,3,3,10,35,61,185,24,39,32,000,46,5*71
$GBGSV,3,1,10,12,21,097,28,19,23,069,28,20,15,117,26,22,09,018,19,8*79
$GBGSV,3,2,10,24,23,229,27,26,53,278,23,29,25,121,46,31,34,259,21,8*7E
$GBGSV,3,3,10,35,61,185,22,39,32,000,45,8*79
$GBGSV,1,1,01,11,05,113,,0*40
$GNGLL,3001.74231,S,05112.75036,W,165912.00,A,D*74
$GNRMC,165913.00,A,3001.74231,S,05112.75037,W,0.039,,090926,,,F,V*1B
$GNVTG,,T,,M,0.039,N,0.072,K,D*37
$GNGGA,165913.00,3001.74231,S,05112.75037,W,5,12,0.65,48.2,M,4.8,M,2.0,0920*65
$GNGSA,M,3,05,12,13,18,23,25,26,28,29,31,,,1.25,0.65,1.07,1*02
$GNGSA,M,3,16,25,36,10,11,,,,,,,,1.25,0.65,1.07,3*08
$GNGSA,M,3,12,19,20,24,26,29,31,35,39,,,,1.25,0.65,1.07,4*05
$GPGSV,3,1,10,05,38,122,46,12,22,036,41,13,16,032,30,18,66,264,21,1*64
$GPGSV,3,2,10,23,23,356,43,25,55,021,51,26,25,225,19,28,24,291,26,1*6F
$GPGSV,3,3,10,29,58,152,35,31,21,258,23,1*6C
$GPGSV,2,1,08,05,38,122,41,12,22,036,26,13,16,032,22,18,66,264,19,6*65
$GPGSV,2,2,08,23,23,356,39,25,55,021,46,28,24,291,21,31,21,258,25,6*6B
$GPGSV,2,1,06,13,16,032,20,18,66,264,27,23,23,356,43,25,55,021,53,8*67
$GPGSV,2,2,06,26,25,225,23,28,24,291,16,8*6D
$GPGSV,1,1,03,15,08,057,,20,01,084,,21,09,141,,0*59
$GAGSV,2,1,07,02,31,221,12,10,38,143,38,11,67,157,23,14,22,092,23,1*78
$GAGSV,2,2,07,16,40,045,40,25,86,174,34,36,56,302,22,1*4F
$GAGSV,1,1,04,10,38,143,31,14,22,092,30,16,40,045,47,25,86,174,33,5*7C
$GAGSV,2,1,05,10,38,143,34,11,67,157,15,14,22,092,25,16,40,045,44,7*73
$GAGSV,2,2,05,25,86,174,32,7*4C
$GAGSV,1,1,02,12,15,139,,34,06,313,,0*7A
$GBGSV,2,1,08,12,21,097,26,19,23,069,32,20,15,117,18,22,09,018,22,3*7A
$GBGSV,2,2,08,24,23,229,27,29,25,121,44,35,61,185,25,39,32,000,49,3*75
$GBGSV,3,1,10,12,21,097,28,19,23,069,33,20,15,117,22,22,09,018,20,5*70
$GBGSV,3,2,10,24,23,229,30,26,53,278,18,29,25,121,43,31,34,259,23,5*7A
$GBGSV,3,3,10,35,61,185,24,39,32,000,46,5*71
$GBGSV,3,1,10,12,21,097,28,19,23,069,28,20,15,117,26,22,09,018,18,8*78
$GBGSV,3,2,10,24,23,229,28,26,53,278,23,29,25,121,46,31,34,259,21,8*71
$GBGSV,3,3,10,35,61,185,22,39,32,000,45,8*79
$GBGSV,1,1,01,11,05,113,,0*40
$GNGLL,3001.74231,S,05112.75037,W,165913.00,A,D*74
$GNRMC,165914.00,A,3001.74231,S,05112.75037,W,0.035,,090926,,,F,V*10
$GNVTG,,T,,M,0.035,N,0.066,K,D*3E
$GNGGA,165914.00,3001.74231,S,05112.75037,W,5,12,0.65,48.1,M,4.8,M,2.0,0920*61
$GNGSA,M,3,05,12,13,18,23,25,26,28,29,31,,,1.25,0.65,1.07,1*02
$GNGSA,M,3,16,25,36,10,11,,,,,,,,1.25,0.65,1.07,3*08
$GNGSA,M,3,12,19,20,24,26,29,31,35,39,,,,1.25,0.65,1.07,4*05
$GPGSV,3,1,10,05,38,122,47,12,22,036,41,13,16,032,30,18,66,264,21,1*65
$GPGSV,3,2,10,23,23,356,43,25,55,021,51,26,25,225,19,28,24,291,26,1*6F
$GPGSV,3,3,10,29,58,152,35,31,21,258,23,1*6C
$GPGSV,2,1,08,05,38,122,41,12,22,036,26,13,16,032,22,18,66,264,19,6*65
$GPGSV,2,2,08,23,23,356,39,25,55,021,46,28,24,291,22,31,21,258,25,6*68
$GPGSV,2,1,06,13,16,032,20,18,66,264,27,23,23,356,43,25,55,021,53,8*67
$GPGSV,2,2,06,26,25,225,23,28,24,291,16,8*6D
$GPGSV,1,1,03,15,08,057,,20,01,084,,21,09,141,,0*59
$GAGSV,2,1,07,02,31,221,13,10,38,143,38,11,67,157,23,14,22,092,23,1*79
$GAGSV,2,2,07,16,40,045,40,25,86,174,34,36,56,302,22,1*4F
$GAGSV,1,1,04,10,38,143,31,14,22,092,30,16,40,045,47,25,86,174,33,5*7C
$GAGSV,2,1,05,10,38,143,34,11,67,157,15,14,22,092,25,16,40,045,44,7*73
$GAGSV,2,2,05,25,86,174,32,7*4C
$GAGSV,1,1,02,12,15,139,,34,06,313,,0*7A
$GBGSV,2,1,08,12,21,097,26,19,23,069,32,20,15,117,18,22,09,018,23,3*7B
$GBGSV,2,2,08,24,23,229,26,29,25,121,44,35,61,185,24,39,32,000,49,3*75
$GBGSV,3,1,10,12,21,097,28,19,23,069,33,20,15,117,22,22,09,018,20,5*70
$GBGSV,3,2,10,24,23,229,31,26,53,278,18,29,25,121,43,31,34,259,23,5*7B
$GBGSV,3,3,10,35,61,185,24,39,32,000,46,5*71
$GBGSV,3,1,10,12,21,097,28,19,23,069,28,20,15,117,25,22,09,018,18,8*7B
$GBGSV,3,2,10,24,23,229,29,26,53,278,23,29,25,121,46,31,34,259,21,8*70
$GBGSV,3,3,10,35,61,185,22,39,32,000,45,8*79
$GBGSV,1,1,01,11,05,113,,0*40
$GNGLL,3001.74231,S,05112.75037,W,165914.00,A,D*73
$GNRMC,165915.00,A,3001.74231,S,05112.75037,W,0.027,,090926,,,F,V*12
$GNVTG,,T,,M,0.027,N,0.051,K,D*39
$GNGGA,165915.00,3001.74231,S,05112.75037,W,5,12,0.65,48.1,M,4.8,M,2.0,0920*60
$GNGSA,M,3,05,12,13,18,23,25,26,28,29,31,,,1.25,0.65,1.07,1*02
$GNGSA,M,3,16,25,36,10,11,,,,,,,,1.25,0.65,1.07,3*08
$GNGSA,M,3,12,19,20,24,26,29,31,35,39,,,,1.25,0.65,1.07,4*05
$GPGSV,3,1,10,05,38,122,47,12,22,036,41,13,16,032,30,18,66,264,20,1*64
$GPGSV,3,2,10,23,23,356,43,25,55,021,51,26,25,225,20,28,24,291,25,1*66
$GPGSV,3,3,10,29,58,152,35,31,21,258,23,1*6C
$GPGSV,2,1,08,05,38,122,41,12,22,036,26,13,16,032,23,18,66,264,19,6*64
$GPGSV,2,2,08,23,23,356,39,25,55,021,46,28,24,291,23,31,21,258,25,6*69
$GPGSV,2,1,06,13,16,032,20,18,66,264,27,23,23,356,43,25,55,021,53,8*67
$GPGSV,2,2,06,26,25,225,23,28,24,291,14,8*6F
$GPGSV,1,1,03,15,08,057,,20,01,084,,21,09,141,,0*59
$GAGSV,2,1,07,02,31,221,13,10,38,143,38,11,67,157,23,14,22,092,24,1*7E
$GAGSV,2,2,07,16,40,045,40,25,86,174,34,36,56,302,22,1*4F
$GAGSV,1,1,04,10,38,143,31,14,22,092,30,16,40,045,47,25,86,174,33,5*7C
$GAGSV,1,1,04,10,38,143,35,14,22,092,25,16,40,045,43,25,86,174,32,7*7B
$GAGSV,1,1,02,12,15,139,,34,06,313,,0*7A
$GBGSV,2,1,08,12,21,097,26,19,23,069,32,20,15,117,16,22,09,018,22,3*74
$GBGSV,2,2,08,24,23,229,26,29,25,121,44,35,61,185,24,39,32,000,49,3*75
$GBGSV,3,1,10,12,21,097,27,19,23,069,33,20,15,117,22,22,09,018,20,5*7F
$GBGSV,3,2,10,24,23,229,31,26,53,278,17,29,25,121,43,31,34,259,23,5*74
$GBGSV,3,3,10,35,61,185,24,39,32,000,46,5*71
$GBGSV,3,1,10,12,21,097,29,19,23,069,28,20,15,117,25,22,09,018,18,8*7A
$GBGSV,3,2,10,24,23,229,30,26,53,278,23,29,25,121,46,31,34,259,22,8*7B
$GBGSV,3,3,10,35,61,185,22,39,32,000,45,8*79
$GBGSV,1,1,01,11,05,113,,0*40
$GNGLL,3001.74231,S,05112.75037,W,165915.00,A,D*72
$GNRMC,165916.00,A,3001.74231,S,05112.75037,W,0.005,,090926,,,F,V*11
$GNVTG,,T,,M,0.005,N,0.009,K,D*34
$GNGGA,165916.00,3001.74231,S,05112.75037,W,5,12,0.65,48.1,M,4.8,M,2.0,0920*63
$GNGSA,M,3,05,12,13,18,23,25,26,28,29,31,,,1.25,0.65,1.07,1*02
$GNGSA,M,3,16,25,36,10,11,,,,,,,,1.25,0.65,1.07,3*08
$GNGSA,M,3,12,19,20,24,26,29,31,35,39,,,,1.25,0.65,1.07,4*05
$GPGSV,3,1,10,05,38,122,46,12,22,036,41,13,16,032,30,18,66,264,21,1*64
$GPGSV,3,2,10,23,23,356,43,25,55,021,51,26,25,225,21,28,24,291,25,1*67
$GPGSV,3,3,10,29,58,152,35,31,21,258,24,1*6B
$GPGSV,2,1,08,05,38,122,41,12,22,036,27,13,16,032,23,18,66,264,19,6*65
$GPGSV,2,2,08,23,23,356,39,25,55,021,46,28,24,291,23,31,21,258,24,6*68
$GPGSV,2,1,06,13,16,032,20,18,66,264,27,23,23,356,43,25,55,021,53,8*67
$GPGSV,2,2,06,26,25,225,23,28,24,291,19,8*62
$GPGSV,1,1,03,15,08,057,,20,01,084,,21,09,141,,0*59
$GAGSV,2,1,07,02,31,221,12,10,38,143,38,11,67,157,24,14,22,092,24,1*78
$GAGSV,2,2,07,16,40,045,40,25,86,174,34,36,56,302,22,1*4F
$GAGSV,1,1,04,10,38,143,31,14,22,092,30,16,40,045,47,25,86,174,33,5*7C
$GAGSV,1,1,04,10,38,143,35,14,22,092,25,16,40,045,43,25,86,174,32,7*7B
$GAGSV,1,1,02,12,15,139,,34,06,313,,0*7A
$GBGSV,2,1,08,12,21,097,26,19,23,069,32,20,15,117,14,22,09,018,22,3*76
$GBGSV,2,2,08,24,23,229,26,29,25,121,44,35,61,185,24,39,32,000,49,3*75
$GBGSV,3,1,10,12,21,097,28,19,23,069,33,20,15,117,22,22,09,018,20,5*70
$GBGSV,3,2,10,24,23,229,30,26,53,278,17,29,25,121,43,31,34,259,22,5*74
$GBGSV,3,3,10,35,61,185,24,39,32,000,46,5*71
$GBGSV,3,1,10,12,21,097,29,19,23,069,28,20,15,117,25,22,09,018,19,8*7B
$GBGSV,3,2,10,24,23,229,31,26,53,278,23,29,25,121,46,31,34,259,21,8*79
$GBGSV,3,3,10,35,61,185,22,39,32,000,45,8*79
$GBGSV,1,1,01,11,05,113,,0*40
$GNGLL,3001.74231,S,05112.75037,W,165916.00,A,D*71
$GNRMC,165917.00,A,3001.74231,S,05112.75037,W,0.004,,090926,,,F,V*11
$GNVTG,,T,,M,0.004,N,0.007,K,D*3B
$GNGGA,165917.00,3001.74231,S,05112.75037,W,5,12,0.73,48.1,M,4.8,M,2.0,0920*65
$GNGSA,M,3,05,12,13,18,23,25,26,28,29,31,,,1.37,0.73,1.16,1*06
$GNGSA,M,3,16,25,36,10,11,,,,,,,,1.37,0.73,1.16,3*0C
$GNGSA,M,3,12,19,20,24,26,29,35,39,,,,,1.37,0.73,1.16,4*03
$GPGSV,3,1,10,05,38,122,46,12,22,036,41,13,16,032,31,18,66,264,21,1*65
$GPGSV,3,2,10,23,23,356,43,25,55,021,51,26,25,225,21,28,24,291,24,1*66
$GPGSV,3,3,10,29,58,152,35,31,21,258,24,1*6B
$GPGSV,2,1,08,05,38,122,41,12,22,036,26,13,16,032,23,18,66,264,18,6*65
$GPGSV,2,2,08,23,23,356,40,25,55,021,46,28,24,291,24,31,21,258,25,6*60
$GPGSV,2,1,06,13,16,032,20,18,66,264,27,23,23,356,43,25,55,021,53,8*67
$GPGSV,2,2,06,26,25,225,23,28,24,291,18,8*63
$GPGSV,1,1,03,15,08,057,,20,01,084,,21,09,141,,0*59
$GAGSV,2,1,07,02,31,221,11,10,38,143,38,11,67,157,23,14,22,092,23,1*7B
$GAGSV,2,2,07,16,40,045,40,25,86,174,34,36,56,302,22,1*4F
$GAGSV,1,1,04,10,38,143,31,14,22,092,30,16,40,045,47,25,86,174,33,5*7C
$GAGSV,1,1,04,10,38,143,35,14,22,092,25,16,40,045,43,25,86,174,32,7*7B
$GAGSV,1,1,02,12,15,139,,34,06,313,,0*7A
$GBGSV,2,1,08,12,21,097,26,19,23,069,32,20,15,117,14,22,09,018,22,3*76
$GBGSV,2,2,08,24,23,229,25,29,25,121,44,35,61,185,24,39,32,000,49,3*76
$GBGSV,3,1,10,12,21,097,27,19,23,069,33,20,15,117,22,22,09,018,20,5*7F
$GBGSV,3,2,10,24,23,229,30,26,53,278,16,29,25,121,42,31,34,259,23,5*75
$GBGSV,3,3,10,35,61,185,24,39,32,000,46,5*71
$GBGSV,3,1,10,12,21,097,29,19,23,069,28,20,15,117,25,22,09,018,19,8*7B
$GBGSV,3,2,10,24,23,229,31,26,53,278,23,29,25,121,46,31,34,259,21,8*79
$GBGSV,3,3,10,35,61,185,22,39,32,000,45,8*79
$GBGSV,1,1,01,11,05,113,,0*40
$GNGLL,3001.74231,S,05112.75037,W,165917.00,A,D*70
$GNRMC,165918.00,A,3001.74232,S,05112.75037,W,0.005,,090926,,,F,V*1C
$GNVTG,,T,,M,0.005,N,0.009,K,D*34
$GNGGA,165918.00,3001.74232,S,05112.75037,W,5,12,0.73,48.2,M,4.8,M,2.0,0920*6A
$GNGSA,M,3,05,12,13,18,23,25,26,28,29,31,,,1.37,0.73,1.16,1*06
$GNGSA,M,3,16,25,36,10,11,,,,,,,,1.37,0.73,1.16,3*0C
$GNGSA,M,3,12,19,20,24,26,29,31,35,39,,,,1.37,0.73,1.16,4*01
$GPGSV,3,1,10,05,38,122,47,12,22,036,41,13,16,032,30,18,66,264,20,1*64
$GPGSV,3,2,10,23,23,356,43,25,55,021,51,26,25,225,22,28,24,291,23,1*62
$GPGSV,3,3,10,29,58,152,35,31,21,258,25,1*6A
$GPGSV,2,1,08,05,38,122,41,12,22,036,27,13,16,032,24,18,66,264,18,6*63
$GPGSV,2,2,08,23,23,356,40,25,55,021,46,28,24,291,24,31,21,258,25,6*60
$GPGSV,2,1,06,13,16,032,20,18,66,264,27,23,23,356,43,25,55,021,53,8*67
$GPGSV,2,2,06,26,25,225,22,28,24,291,17,8*6D
$GPGSV,1,1,03,15,08,057,,20,01,084,,21,09,141,,0*59
$GAGSV,2,1,07,02,31,221,09,10,38,143,38,11,67,157,24,14,22,092,23,1*75
$GAGSV,2,2,07,16,40,045,40,25,86,174,34,36,56,302,22,1*4F
$GAGSV,1,1,04,10,38,143,31,14,22,092,30,16,40,045,47,25,86,174,33,5*7C
$GAGSV,1,1,04,10,38,143,35,14,22,092,25,16,40,045,43,25,86,174,32,7*7B
$GAGSV,1,1,02,12,15,139,,34,06,313,,0*7A
$GBGSV,2,1,08,12,21,097,27,19,23,069,31,20,15,117,14,22,09,018,22,3*74
$GBGSV,2,2,08,24,23,229,25,29,25,121,44,35,61,185,24,39,32,000,49,3*76
$GBGSV,3,1,10,12,21,097,27,19,23,069,33,20,15,117,22,22,09,018,20,5*7F
$GBGSV,3,2,10,24,23,229,30,26,53,278,16,29,25,121,42,31,34,259,23,5*75
$GBGSV,3,3,10,35,61,185,24,39,32,000,46,5*71
$GBGSV,3,1,10,12,21,097,29,19,23,069,28,20,15,117,24,22,09,018,18,8*7B
$GBGSV,3,2,10,24,23,229,32,26,53,278,23,29,25,121,46,31,34,259,21,8*7A
$GBGSV,3,3,10,35,61,185,22,39,32,000,45,8*79
$GBGSV,1,1,01,11,05,113,,0*40
$GNGLL,3001.74232,S,05112.75037,W,165918.00,A,D*7C
$GNRMC,165919.00,A,3001.74232,S,05112.75038,W,0.010,,090926,,,F,V*16
$GNVTG,,T,,M,0.010,N,0.018,K,D*30
$GNGGA,165919.00,3001.74232,S,05112.75038,W,5,12,0.73,48.2,M,4.8,M,2.0,0920*64
$GNGSA,M,3,05,12,13,18,23,25,26,28,29,31,,,1.37,0.73,1.16,1*06
$GNGSA,M,3,16,25,36,10,11,,,,,,,,1.37,0.73,1.16,3*0C
$GNGSA,M,3,12,19,20,24,26,29,31,35,39,,,,1.37,0.73,1.16,4*01
$GPGSV,3,1,10,05,38,122,47,12,22,036,41,13,16,032,30,18,66,264,21,1*65
$GPGSV,3,2,10,23,23,356,43,25,55,021,51,26,25,225,23,28,24,291,23,1*63
$GPGSV,3,3,10,29,58,152,35,31,21,258,25,1*6A
$GPGSV,2,1,08,05,38,122,41,12,22,036,26,13,16,032,24,18,66,264,17,6*6D
$GPGSV,2,2,08,23,23,356,40,25,55,021,46,28,24,291,25,31,21,258,25,6*61
$GPGSV,2,1,06,13,16,032,20,18,66,264,26,23,23,356,43,25,55,021,53,8*66
$GPGSV,2,2,06,26,25,225,22,28,24,291,16,8*6C
$GPGSV,1,1,03,15,08,057,,20,01,084,,21,09,141,,0*59
$GAGSV,2,1,06,10,38,143,38,11,67,157,23,14,22,092,23,16,40,045,40,1*7D
$GAGSV,2,2,06,25,86,174,34,36,56,302,22,1*78
$GAGSV,1,1,04,10,38,143,31,14,22,092,30,16,40,045,47,25,86,174,33,5*7C
$GAGSV,1,1,04,10,38,143,35,14,22,092,25,16,40,045,43,25,86,174,32,7*7B
$GAGSV,1,1,03,02,31,221,,12,15,139,,34,06,313,,0*4A
$GBGSV,2,1,08,12,21,097,26,19,23,069,31,20,15,117,14,22,09,018,22,3*75
$GBGSV,2,2,08,24,23,229,25,29,25,121,44,35,61,185,23,39,32,000,49,3*71
$GBGSV,3,1,10,12,21,097,26,19,23,069,33,20,15,117,22,22,09,018,19,5*74
$GBGSV,3,2,10,24,23,229,30,26,53,278,16,29,25,121,43,31,34,259,23,5*74
$GBGSV,3,3,10,35,61,185,24,39,32,000,46,5*71
$GBGSV,3,1,10,12,21,097,29,19,23,069,29,20,15,117,24,22,09,018,18,8*7A
$GBGSV,3,2,10,24,23,229,32,26,53,278,23,29,25,121,46,31,34,259,21,8*7A
$GBGSV,3,3,10,35,61,185,22,39,32,000,45,8*79
$GBGSV,1,1,01,11,05,113,,0*40
$GNGLL,3001.74232,S,05112.75038,W,165919.00,A,D*72
$GNRMC,165920.00,A,3001.74232,S,05112.75038,W,0.006,,090926,,,F,V*1B
$GNVTG,,T,,M,0.006,N,0.012,K,D*3D
$GNGGA,165920.00,3001.74232,S,05112.75038,W,5,12,0.73,48.2,M,4.8,M,2.0,0920*6E
$GNGSA,M,3,05,12,13,18,23,25,26,28,29,31,,,1.37,0.73,1.16,1*06
$GNGSA,M,3,16,25,36,10,11,,,,,,,,1.37,0.73,1.16,3*0C
$GNGSA,M,3,12,19,20,24,26,29,31,35,39,,,,1.37,0.73,1.16,4*01
$GPGSV,3,1,10,05,38,122,47,12,22,036,41,13,16,032,30,18,66,264,21,1*65
$GPGSV,3,2,10,23,23,356,43,25,55,021,51,26,25,225,24,28,24,291,22,1*65
$GPGSV,3,3,10,29,58,152,35,31,21,258,24,1*6B
$GPGSV,2,1,08,05,38,122,41,12,22,036,26,13,16,032,24,18,66,264,17,6*6D
$GPGSV,2,2,08,23,23,356,39,25,55,021,46,28,24,291,25,31,21,258,25,6*6F
$GPGSV,2,1,06,13,16,032,20,18,66,264,26,23,23,356,43,25,55,021,53,8*66
$GPGSV,2,2,06,26,25,225,22,28,24,291,18,8*62
$GPGSV,1,1,03,15,08,057,,20,01,084,,21,09,141,,0*59
$GAGSV,2,1,06,10,38,143,38,11,67,157,23,14,22,092,24,16,40,045,40,1*7A
$GAGSV,2,2,06,25,86,174,34,36,56,302,22,1*78
$GAGSV,1,1,04,10,38,143,31,14,22,092,30,16,40,045,47,25,86,174,33,5*7C
$GAGSV,1,1,04,10,38,143,35,14,22,092,25,16,40,045,43,25,86,174,32,7*7B
$GAGSV,1,1,03,02,31,221,,12,15,139,,34,06,313,,0*4A
$GBGSV,2,1,08,12,21,097,26,19,23,069,31,20,15,117,12,22,09,018,22,3*73
$GBGSV,2,2,08,24,23,229,25,29,25,121,44,35,61,185,23,39,32,000,49,3*71
$GBGSV,3,1,10,12,21,097,26,19,23,069,33,20,15,117,22,22,09,018,18,5*75
$GBGSV,3,2,10,24,23,229,30,26,53,278,16,29,25,121,43,31,34,259,23,5*74
$GBGSV,3,3,10,35,61,185,23,39,32,000,46,5*76
$GBGSV,3,1,10,12,21,097,29,19,23,069,29,20,15,117,24,22,09,018,17,8*75
$GBGSV,3,2,10,24,23,229,32,26,53,278,24,29,25,121,46,31,34,259,21,8*7D
$GBGSV,3,3,10,35,61,185,22,39,32,000,45,8*79
$GBGSV,1,1,01,11,05,113,,0*40
$GNGLL,3001.74232,S,05112.75038,W,165920.00,A,D*78
$GNRMC,165921.00,A,3001.74232,S,05112.75038,W,0.013,,090926,,,F,V*1E
$GNVTG,,T,,M,0.013,N,0.025,K,D*3D
$GNGGA,165921.00,3001.74232,S,05112.75038,W,5,12,0.73,48.1,M,4.8,M,2.0,0920*6C
$GNGSA,M,3,05,12,13,18,23,25,26,28,29,31,,,1.37,0.73,1.17,1*07
$GNGSA,M,3,16,25,36,10,11,,,,,,,,1.37,0.73,1.17,3*0D
$GNGSA,M,3,12,19,20,24,26,29,31,35,39,,,,1.37,0.73,1.17,4*00
$GPGSV,3,1,10,05,38,122,47,12,22,036,41,13,16,032,30,18,66,264,20,1*64
$GPGSV,3,2,10,23,23,356,43,25,55,021,52,26,25,225,24,28,24,291,21,1*65
$GPGSV,3,3,10,29,58,152,35,31,21,258,24,1*6B
$GPGSV,2,1,08,05,38,122,41,12,22,036,26,13,16,032,24,18,66,264,18,6*62
$GPGSV,2,2,08,23,23,356,39,25,55,021,46,28,24,291,25,31,21,258,25,6*6F
$GPGSV,2,1,06,13,16,032,20,18,66,264,26,23,23,356,43,25,55,021,53,8*66
$GPGSV,2,2,06,26,25,225,21,28,24,291,17,8*6E
$GPGSV,1,1,03,15,08,057,,20,01,084,,21,09,141,,0*59
$GAGSV,2,1,06,10,38,143,38,11,67,157,23,14,22,092,24,16,40,045,40,1*7A
$GAGSV,2,2,06,25,86,174,34,36,56,302,22,1*78
$GAGSV,1,1,04,10,38,143,31,14,22,092,29,16,40,045,48,25,86,174,33,5*7B
$GAGSV,1,1,04,10,38,143,35,14,22,092,25,16,40,045,43,25,86,174,32,7*7B
$GAGSV,1,1,03,02,31,221,,12,15,139,,34,06,313,,0*4A
$GBGSV,2,1,08,12,21,097,26,19,23,069,31,20,15,117,10,22,09,018,22,3*71
$GBGSV,2,2,08,24,23,229,26,29,25,121,45,35,61,185,23,39,32,000,49,3*73
$GBGSV,3,1,10,12,21,097,25,19,23,069,33,20,15,117,22,22,09,018,19,5*77
$GBGSV,3,2,10,24,23,229,30,26,53,278,15,29,25,121,42,31,34,259,23,5*76
$GBGSV,3,3,10,35,61,185,23,39,32,000,46,5*76
$GBGSV,3,1,10,12,21,097,29,19,23,069,29,20,15,117,23,22,09,018,17,8*72
$GBGSV,3,2,10,24,23,229,33,26,53,278,24,29,25,121,46,31,34,259,21,8*7C
$GBGSV,3,3,10,35,61,185,23,39,32,000,45,8*78
$GBGSV,1,1,01,11,05,113,,0*40
$GNGLL,3001.74232,S,05112.75038,W,165921.00,A,D*79
$GNRMC,165922.00,A,3001.74232,S,05112.75038,W,0.006,,090926,,,F,V*19
$GNVTG,,T,,M,0.006,N,0.012,K,D*3D
$GNGGA,165922.00,3001.74232,S,05112.75038,W,5,12,0.73,48.1,M,4.8,M,2.0,0920*6F
$GNGSA,M,3,05,12,13,18,23,25,26,28,29,31,,,1.37,0.73,1.17,1*07
$GNGSA,M,3,16,25,36,10,11,,,,,,,,1.37,0.73,1.17,3*0D
$GNGSA,M,3,12,19,20,24,26,29,35,39,,,,,1.37,0.73,1.17,4*02
$GPGSV,3,1,10,05,38,122,47,12,22,036,41,13,16,032,30,18,66,264,21,1*65
$GPGSV,3,2,10,23,23,356,43,25,55,021,52,26,25,225,25,28,24,291,21,1*64
$GPGSV,3,3,10,29,58,152,35,31,21,258,24,1*6B
$GPGSV,2,1,08,05,38,122,41,12,22,036,26,13,16,032,24,18,66,264,18,6*62
$GPGSV,2,2,08,23,23,356,40,25,55,021,46,28,24,291,25,31,21,258,24,6*60
$GPGSV,2,1,06,13,16,032,20,18,66,264,26,23,23,356,43,25,55,021,53,8*66
$GPGSV,2,2,06,26,25,225,22,28,24,291,19,8*63
$GPGSV,1,1,03,15,08,057,,20,01,084,,21,09,141,,0*59
$GAGSV,2,1,06,10,38,143,38,11,67,157,23,14,22,092,24,16,40,045,40,1*7A
$GAGSV,2,2,06,25,86,174,34,36,56,302,23,1*79
$GAGSV,1,1,04,10,38,143,31,14,22,092,29,16,40,045,48,25,86,174,33,5*7B
$GAGSV,1,1,04,10,38,143,35,14,22,092,24,16,40,045,43,25,86,174,32,7*7A
$GAGSV,1,1,03,02,31,221,,12,15,139,,34,06,313,,0*4A
$GBGSV,2,1,08,12,21,097,26,19,23,069,31,20,15,117,10,22,09,018,22,3*71
$GBGSV,2,2,08,24,23,229,26,29,25,121,45,35,61,185,23,39,32,000,49,3*73
$GBGSV,3,1,10,12,21,097,25,19,23,069,33,20,15,117,22,22,09,018,19,5*77
$GBGSV,3,2,10,24,23,229,30,26,53,278,16,29,25,121,42,31,34,259,23,5*75
$GBGSV,3,3,10,35,61,185,23,39,32,000,46,5*76
$GBGSV,3,1,10,12,21,097,30,19,23,069,29,20,15,117,23,22,09,018,16,8*7B
$GBGSV,3,2,10,24,23,229,32,26,53,278,24,29,25,121,46,31,34,259,22,8*7E
$GBGSV,3,3,10,35,61,185,22,39,32,000,45,8*79
$GBGSV,1,1,01,11,05,113,,0*40
$GNGLL,3001.74232,S,05112.75038,W,165922.00,A,D*7A
$GNRMC,165923.00,A,3001.74232,S,05112.75038,W,0.026,,090926,,,F,V*1A
$GNVTG,,T,,M,0.026,N,0.048,K,D*30
$GNGGA,165923.00,3001.74232,S,05112.75038,W,5,12,0.73,48.1,M,4.8,M,2.0,0920*6E
$GNGSA,M,3,05,12,13,18,23,25,26,28,29,31,,,1.37,0.73,1.17,1*07
$GNGSA,M,3,16,25,36,10,11,,,,,,,,1.37,0.73,1.17,3*0D
$GNGSA,M,3,12,19,20,24,26,29,31,35,39,,,,1.37,0.73,1.17,4*00
$GPGSV,3,1,10,05,38,122,47,12,22,036,41,13,16,032,30,18,66,264,21,1*65
$GPGSV,3,2,10,23,23,356,43,25,55,021,52,26,25,225,25,28,24,291,21,1*64
$GPGSV,3,3,10,29,58,152,35,31,21,258,24,1*6B
$GPGSV,2,1,08,05,38,122,41,12,22,036,26,13,16,032,24,18,66,264,19,6*63
$GPGSV,2,2,08,23,23,356,39,25,55,021,46,28,24,291,25,31,21,258,25,6*6F
$GPGSV,2,1,06,13,16,032,20,18,66,264,26,23,23,356,43,25,55,021,53,8*66
$GPGSV,2,2,06,26,25,225,22,28,24,291,20,8*69
$GPGSV,1,1,03,15,08,057,,20,01,084,,21,09,141,,0*59
$GAGSV,2,1,06,10,38,143,38,11,67,157,23,14,22,092,25,16,40,045,40,1*7B
$GAGSV,2,2,06,25,86,174,34,36,56,302,22,1*78
$GAGSV,1,1,04,10,38,143,31,14,22,092,29,16,40,045,48,25,86,174,33,5*7B
$GAGSV,1,1,04,10,38,143,35,14,22,092,24,16,40,045,43,25,86,174,32,7*7A
$GAGSV,1,1,03,02,31,221,,12,15,139,,34,06,313,,0*4A
$GBGSV,2,1,08,12,21,097,26,19,23,069,31,20,15,117,12,22,09,018,22,3*73
$GBGSV,2,2,08,24,23,229,26,29,25,121,44,35,61,185,23,39,32,000,49,3*72
$GBGSV,3,1,10,12,21,097,25,19,23,069,33,20,15,117,22,22,09,018,19,5*77
$GBGSV,3,2,10,24,23,229,30,26,53,278,16,29,25,121,43,31,34,259,22,5*75
$GBGSV,3,3,10,35,61,185,23,39,32,000,46,5*76
$GBGSV,3,1,10,12,21,097,30,19,23,069,29,20,15,117,23,22,09,018,16,8*7B
$GBGSV,3,2,10,24,23,229,32,26,53,278,24,29,25,121,46,31,34,259,22,8*7E
$GBGSV,3,3,10,35,61,185,23,39,32,000,45,8*78
$GBGSV,1,1,01,11,05,113,,0*40
$GNGLL,3001.74232,S,05112.75038,W,165923.00,A,D*7B
$GNRMC,165924.00,A,3001.74232,S,05112.75038,W,0.019,,090926,,,F,V*11
$GNVTG,,T,,M,0.019,N,0.036,K,D*35
$GNGGA,165924.00,3001.74232,S,05112.75038,W,5,12,0.73,48.2,M,4.8,M,2.0,0920*6A
$GNGSA,M,3,05,12,13,18,23,25,26,28,29,31,,,1.37,0.73,1.17,1*07
$GNGSA,M,3,16,25,36,10,11,,,,,,,,1.37,0.73,1.17,3*0D
$GNGSA,M,3,12,19,20,24,26,29,31,35,39,,,,1.37,0.73,1.17,4*00
$GPGSV,3,1,10,05,38,122,47,12,22,036,41,13,16,032,30,18,66,264,21,1*65
$GPGSV,3,2,10,23,23,356,43,25,55,021,52,26,25,225,25,28,24,291,20,1*65
$GPGSV,3,3,10,29,58,152,36,31,21,258,24,1*68
$GPGSV,2,1,08,05,38,122,41,12,22,036,26,13,16,032,24,18,66,264,18,6*62
$GPGSV,2,2,08,23,23,356,40,25,55,021,46,28,24,291,26,31,21,258,25,6*62
$GPGSV,2,1,06,13,16,032,21,18,66,264,26,23,23,356,43,25,55,021,53,8*67
$GPGSV,2,2,06,26,25,225,21,28,24,291,20,8*6A
$GPGSV,1,1,03,15,08,057,,20,01,084,,21,09,141,,0*59
$GAGSV,2,1,06,10,38,143,39,11,67,157,23,14,22,092,25,16,40,045,40,1*7A
$GAGSV,2,2,06,25,86,174,34,36,56,302,22,1*78
$GAGSV,1,1,04,10,38,143,31,14,22,092,29,16,40,045,48,25,86,174,33,5*7B
$GAGSV,1,1,04,10,38,143,35,14,22,092,25,16,40,045,43,25,86,174,32,7*7B
$GAGSV,1,1,03,02,31,221,,12,15,139,,34,06,313,,0*4A
$GBGSV,2,1,08,12,21,097,26,19,23,069,30,20,15,117,15,22,09,018,22,3*75
$GBGSV,2,2,08,24,23,229,26,29,25,121,45,35,61,185,22,39,32,000,49,3*72
$GBGSV,3,1,10,12,21,097,24,19,23,069,33,20,15,117,22,22,09,018,20,5*7C
$GBGSV,3,2,10,24,23,229,30,26,53,278,16,29,25,121,43,31,34,259,23,5*74
$GBGSV,3,3,10,35,61,185,23,39,32,000,46,5*76
$GBGSV,3,1,10,12,21,097,30,19,23,069,29,20,15,117,23,22,09,018,16,8*7B
$GBGSV,3,2,10,24,23,229,32,26,53,278,24,29,25,121,46,31,34,259,21,8*7D
$GBGSV,3,3,10,35,61,185,23,39,32,000,45,8*78
$GBGSV,1,1,01,11,05,113,,0*40
$GNGLL,3001.74232,S,05112.75038,W,165924.00,A,D*7C
$GNRMC,165925.00,A,3001.74232,S,05112.75039,W,0.016,,090926,,,F,V*1E
$GNVTG,,T,,M,0.016,N,0.029,K,D*34
$GNGGA,165925.00,3001.74232,S,05112.75039,W,5,12,0.73,48.2,M,4.8,M,2.0,0920*6A
$GNGSA,M,3,05,12,13,18,23,25,26,28,29,31,,,1.37,0.73,1.17,1*07
$GNGSA,M,3,16,25,36,10,11,,,,,,,,1.37,0.73,1.17,3*0D
$GNGSA,M,3,12,19,20,24,26,29,31,35,39,,,,1.37,0.73,1.17,4*00
$GPGSV,3,1,10,05,38,122,47,12,22,036,41,13,16,032,30,18,66,264,20,1*64
$GPGSV,3,2,10,23,23,356,43,25,55,021,52,26,25,225,25,28,24,291,20,1*65
$GPGSV,3,3,10,29,58,152,35,31,21,258,24,1*6B
$GPGSV,2,1,08,05,38,122,41,12,22,036,26,13,16,032,24,18,66,264,18,6*62
$GPGSV,2,2,08,23,23,356,40,25,55,021,46,28,24,291,26,31,21,258,25,6*62
$GPGSV,2,1,06,13,16,032,20,18,66,264,26,23,23,356,43,25,55,021,53,8*66
$GPGSV,2,2,06,26,25,225,20,28,24,291,20,8*6B
$GPGSV,1,1,03,15,08,057,,20,01,084,,21,09,141,,0*59
$GAGSV,2,1,06,10,38,143,38,11,67,157,24,14,22,091,25,16,40,045,40,1*7F
$GAGSV,2,2,06,25,86,174,34,36,56,302,23,1*79
$GAGSV,1,1,04,10,38,143,31,14,22,091,29,16,40,045,48,25,86,174,33,5*78
$GAGSV,1,1,04,10,38,143,35,14,22,091,24,16,40,045,43,25,86,174,33,7*78
$GAGSV,1,1,03,02,31,221,,12,15,139,,34,06,313,,0*4A
$GBGSV,2,1,08,12,21,097,26,19,23,069,30,20,15,117,15,22,09,018,22,3*75
$GBGSV,2,2,08,24,23,229,25,29,25,121,45,35,61,185,22,39,32,000,49,3*71
$GBGSV,3,1,10,12,21,097,23,19,23,069,33,20,15,117,22,22,09,018,19,5*71
$GBGSV,3,2,10,24,23,229,30,26,53,278,17,29,25,121,42,31,34,259,23,5*74
$GBGSV,3,3,10,35,61,185,23,39,32,000,46,5*76
$GBGSV,3,1,10,12,21,097,31,19,23,069,29,20,15,117,22,22,09,018,16,8*7B
$GBGSV,3,2,10,24,23,229,32,26,53,278,24,29,25,121,46,31,34,259,21,8*7D
$GBGSV,3,3,10,35,61,185,23,39,32,000,45,8*78
$GBGSV,1,1,01,11,05,113,,0*40
$GNGLL,3001.74232,S,05112.75039,W,165925.00,A,D*7C
$GNRMC,165926.00,A,3001.74232,S,05112.75039,W,0.020,,090926,,,F,V*18
$GNVTG,,T,,M,0.020,N,0.036,K,D*3F
$GNGGA,165926.00,3001.74232,S,05112.75039,W,5,12,0.73,48.2,M,4.8,M,2.0,0920*69
$GNGSA,M,3,05,12,13,18,23,25,26,28,29,31,,,1.37,0.73,1.17,1*07
$GNGSA,M,3,16,25,36,10,11,,,,,,,,1.37,0.73,1.17,3*0D
$GNGSA,M,3,12,19,20,24,26,29,35,39,,,,,1.37,0.73,1.17,4*02
$GPGSV,3,1,10,05,38,122,47,12,22,036,41,13,16,032,30,18,66,264,20,1*64
$GPGSV,3,2,10,23,23,356,43,25,55,021,52,26,25,225,25,28,24,291,20,1*65
$GPGSV,3,3,10,29,58,152,35,31,21,258,23,1*6C
$GPGSV,2,1,08,05,38,122,41,12,22,036,26,13,16,032,24,18,66,264,18,6*62
$GPGSV,2,2,08,23,23,356,40,25,55,021,46,28,24,291,26,31,21,258,26,6*61
$GPGSV,2,1,06,13,16,032,20,18,66,264,26,23,23,356,43,25,55,021,53,8*66
$GPGSV,2,2,06,26,25,225,20,28,24,291,20,8*6B
$GPGSV,1,1,03,15,08,057,,20,01,084,,21,09,141,,0*59
$GAGSV,2,1,06,10,38,143,39,11,67,157,24,14,22,091,25,16,40,045,40,1*7E
$GAGSV,2,2,06,25,86,174,34,36,56,302,23,1*79
$GAGSV,1,1,03,10,38,143,31,16,40,045,47,25,86,174,33,5*46
$GAGSV,1,1,04,10,38,143,35,14,22,091,24,16,40,045,43,25,86,174,33,7*78
$GAGSV,1,1,03,02,31,221,,12,15,139,,34,06,313,,0*4A
$GBGSV,3,1,09,12,21,097,25,19,23,069,30,20,15,117,17,22,09,018,22,3*74
$GBGSV,3,2,09,24,23,229,25,29,25,121,45,35,61,185,22,35,61,185,22,3*7A
$GBGSV,3,3,09,39,32,000,49,3*4B
$GBGSV,3,1,10,12,21,097,22,19,23,069,33,20,15,117,22,22,09,018,20,5*7A
$GBGSV,3,2,10,24,23,229,30,26,53,278,17,29,25,121,42,31,34,259,23,5*74
$GBGSV,3,3,10,35,61,185,23,39,32,000,46,5*76
$GBGSV,3,1,10,12,21,097,31,19,23,069,29,20,15,117,22,22,09,018,15,8*78
$GBGSV,3,2,10,24,23,229,32,26,53,278,24,29,25,121,46,31,34,259,21,8*7D
$GBGSV,3,3,10,35,61,185,24,39,32,000,45,8*7F
$GBGSV,1,1,01,11,05,113,,0*40
$GNGLL,3001.74232,S,05112.75039,W,165926.00,A,D*7F
$GNRMC,165927.00,A,3001.74232,S,05112.75039,W,0.013,,090926,,,F,V*19
$GNVTG,,T,,M,0.013,N,0.025,K,D*3D
$GNGGA,165927.00,3001.74232,S,05112.75039,W,5,12,0.73,48.2,M,4.8,M,2.0,0920*68
$GNGSA,M,3,05,12,13,18,23,25,26,28,29,31,,,1.37,0.73,1.17,1*07
$GNGSA,M,3,16,25,36,10,11,,,,,,,,1.37,0.73,1.17,3*0D
$GNGSA,M,3,12,19,20,24,26,29,31,35,39,,,,1.37,0.73,1.17,4*00
$GPGSV,3,1,10,05,38,122,47,12,22,036,41,13,16,032,30,18,66,264,21,1*65
$GPGSV,3,2,10,23,23,356,43,25,55,021,52,26,25,225,25,28,24,291,20,1*65
$GPGSV,3,3,10,29,58,152,35,31,21,258,23,1*6C
$GPGSV,2,1,08,05,38,122,41,12,22,036,26,13,16,032,25,18,66,264,19,6*62
$GPGSV,2,2,08,23,23,356,40,25,55,021,46,28,24,291,26,31,21,258,26,6*61
$GPGSV,2,1,06,13,16,032,20,18,66,264,26,23,23,356,43,25,55,021,53,8*66
$GPGSV,2,2,06,26,25,225,20,28,24,291,20,8*6B
$GPGSV,1,1,03,15,08,057,,20,01,084,,21,09,141,,0*59
$GAGSV,2,1,06,10,38,143,38,11,67,157,24,14,22,091,25,16,40,045,40,1*7F
$GAGSV,2,2,06,25,86,174,34,36,56,302,23,1*79
$GAGSV,1,1,03,10,38,143,31,16,40,045,47,25,86,174,33,5*46
$GAGSV,1,1,04,10,38,143,35,14,22,091,24,16,40,045,43,25,86,174,33,7*78
$GAGSV,1,1,03,02,31,221,,12,15,139,,34,06,313,,0*4A
$GBGSV,2,1,08,12,21,097,25,19,23,069,30,20,15,117,19,22,09,018,22,3*7A
$GBGSV,2,2,08,24,23,229,24,29,25,121,45,35,61,185,21,39,32,000,49,3*73
$GBGSV,3,1,10,12,21,097,22,19,23,069,33,20,15,117,22,22,09,018,20,5*7A
$GBGSV,3,2,10,24,23,229,30,26,53,278,17,29,25,121,43,31,34,259,23,5*75
$GBGSV,3,3,10,35,61,185,23,39,32,000,46,5*76
$GBGSV,3,1,10,12,21,097,31,19,23,069,29,20,15,117,21,22,09,018,13,8*7D
$GBGSV,3,2,10,24,23,229,31,26,53,278,25,29,25,121,46,31,34,259,21,8*7F
$GBGSV,3,3,10,35,61,185,23,39,32,000,45,8*78
$GBGSV,1,1,01,11,05,113,,0*40
$GNGLL,3001.74232,S,05112.75039,W,165927.00,A,D*7E
$GNRMC,165928.00,A,3001.74232,S,05112.75039,W,0.007,,090926,,,F,V*13
$GNVTG,,T,,M,0.007,N,0.012,K,D*3C
$GNGGA,165928.00,3001.74232,S,05112.75039,W,5,12,0.73,48.1,M,4.8,M,2.0,0920*64
$GNGSA,M,3,05,12,13,18,23,25,26,28,29,31,,,1.37,0.73,1.17,1*07
$GNGSA,M,3,16,25,36,10,11,,,,,,,,1.37,0.73,1.17,3*0D
$GNGSA,M,3,12,19,20,24,26,29,31,35,39,,,,1.37,0.73,1.17,4*00
$GPGSV,3,1,10,05,38,122,47,12,22,036,41,13,16,032,30,18,66,264,21,1*65
$GPGSV,3,2,10,23,23,356,43,25,55,021,52,26,25,225,25,28,24,291,20,1*65
$GPGSV,3,3,10,29,58,152,35,31,21,258,23,1*6C
$GPGSV,2,1,08,05,38,122,41,12,22,036,26,13,16,032,25,18,66,264,19,6*62
$GPGSV,2,2,08,23,23,356,40,25,55,021,46,28,24,291,25,31,21,258,26,6*62
$GPGSV,2,1,06,13,16,032,20,18,66,264,26,23,23,356,43,25,55,021,53,8*66
$GPGSV,2,2,06,26,25,225,20,28,24,291,21,8*6A
$GPGSV,1,1,03,15,08,057,,20,01,084,,21,09,141,,0*59
$GAGSV,2,1,06,10,38,143,38,11,67,157,24,14,22,091,25,16,40,045,40,1*7F
$GAGSV,2,2,06,25,86,174,34,36,56,302,23,1*79
$GAGSV,1,1,03,10,38,143,31,16,40,045,48,25,86,174,33,5*49
$GAGSV,1,1,04,10,38,143,35,14,22,091,23,16,40,045,43,25,86,174,33,7*7F
$GAGSV,1,1,03,02,31,221,,12,15,139,,34,06,313,,0*4A
$GBGSV,2,1,08,12,21,097,25,19,23,069,30,20,15,117,20,22,09,018,23,3*71
$GBGSV,2,2,08,24,23,229,24,29,25,121,45,35,61,185,21,39,32,000,49,3*73
$GBGSV,3,1,10,12,21,097,21,19,23,069,33,20,15,117,22,22,09,018,20,5*79
$GBGSV,3,2,10,24,23,229,30,26,53,278,18,29,25,121,42,31,34,259,23,5*7B
$GBGSV,3,3,10,35,61,185,23,39,32,000,46,5*76
$GBGSV,3,1,09,12,21,097,31,19,23,069,29,20,15,117,21,24,23,229,30,8*7A
$GBGSV,3,2,09,26,53,278,24,29,25,121,46,31,34,259,21,35,61,185,24,8*71
$GBGSV,3,3,09,39,32,000,45,8*4C
$GBGSV,1,1,01,11,05,113,,0*40
$GNGLL,3001.74232,S,05112.75039,W,165928.00,A,D*71
$GNRMC,165929.00,A,3001.74232,S,05112.75039,W,0.042,,090926,,,F,V*13
$GNVTG,,T,,M,0.042,N,0.077,K,D*3E
$GNGGA,165929.00,3001.74232,S,05112.75039,W,5,12,0.73,48.1,M,4.8,M,2.0,0920*65
$GNGSA,M,3,05,12,13,18,23,25,26,28,29,31,,,1.37,0.73,1.17,1*07
$GNGSA,M,3,16,25,36,10,11,,,,,,,,1.37,0.73,1.17,3*0D
$GNGSA,M,3,12,19,20,24,26,29,31,35,39,,,,1.37,0.73,1.17,4*00
$GPGSV,3,1,10,05,38,122,47,12,22,036,41,13,16,032,30,18,66,264,21,1*65
$GPGSV,3,2,10,23,23,356,43,25,55,021,52,26,25,225,25,28,24,291,21,1*64
$GPGSV,3,3,10,29,58,152,35,31,21,258,23,1*6C
$GPGSV,2,1,08,05,38,122,41,12,22,036,26,13,16,032,25,18,66,264,19,6*62
$GPGSV,2,2,08,23,23,356,40,25,55,021,46,28,24,291,26,31,21,258,26,6*61
$GPGSV,2,1,06,13,16,032,19,18,66,264,26,23,23,356,43,25,55,021,53,8*6C
$GPGSV,2,2,06,26,25,225,21,28,24,291,21,8*6B
$GPGSV,1,1,03,15,08,057,,20,01,084,,21,09,141,,0*59
$GAGSV,2,1,06,10,38,143,39,11,67,157,23,14,22,091,25,16,40,045,40,1*79
$GAGSV,2,2,06,25,86,174,34,36,56,302,23,1*79
$GAGSV,1,1,03,10,38,143,31,16,40,045,48,25,86,174,33,5*49
$GAGSV,1,1,04,10,38,143,35,14,22,091,23,16,40,045,43,25,86,174,33,7*7F
$GAGSV,1,1,03,02,31,221,,12,15,139,,34,06,313,,0*4A
$GBGSV,2,1,08,12,21,097,25,19,23,069,30,20,15,117,20,22,09,018,23,3*71
$GBGSV,2,2,08,24,23,229,23,29,25,121,45,35,61,185,21,39,32,000,49,3*74
$GBGSV,3,1,10,12,21,097,20,19,23,069,33,20,15,117,22,22,09,018,20,5*78
$GBGSV,3,2,10,24,23,229,29,26,53,278,18,29,25,121,43,31,34,259,23,5*72
$GBGSV,3,3,10,35,61,185,23,39,32,000,46,5*76
$GBGSV,3,1,09,12,21,097,31,19,23,069,29,20,15,117,20,24,23,229,30,8*7B
$GBGSV,3,2,09,26,53,278,24,29,25,121,46,31,34,259,22,35,61,185,23,8*75
$GBGSV,3,3,09,39,32,000,45,8*4C
$GBGSV,1,1,01,11,05,113,,0*40
$GNGLL,3001.74232,S,05112.75039,W,165929.00,A,D*70
$GNRMC,165930.00,A,3001.74232,S,05112.75039,W,0.018,,090926,,,F,V*14
$GNVTG,,T,,M,0.018,N,0.034,K,D*36
$GNGGA,165930.00,3001.74232,S,05112.75039,W,5,12,0.59,48.2,M,4.8,M,2.0,0920*66
$GNGSA,M,3,05,12,13,18,23,25,26,28,29,31,,,1.18,0.59,1.02,1*06
$GNGSA,M,3,16,25,36,10,11,,,,,,,,1.18,0.59,1.02,3*0C
$GNGSA,M,3,12,19,20,24,26,29,31,35,39,,,,1.18,0.59,1.02,4*01
$GPGSV,3,1,10,05,38,122,47,12,22,036,41,13,16,032,31,18,66,264,20,1*65
$GPGSV,3,2,10,23,23,356,43,25,55,021,52,26,25,225,25,28,24,291,21,1*64
$GPGSV,3,3,10,29,58,152,35,31,21,258,23,1*6C
$GPGSV,1,1,01,21,09,141,18,5*56
$GPGSV,2,1,08,05,38,122,41,12,22,036,26,13,16,032,24,18,66,264,19,6*63
$GPGSV,2,2,08,23,23,356,40,25,55,021,46,28,24,291,26,31,21,258,26,6*61
$GPGSV,2,1,06,13,16,032,19,18,66,264,26,23,23,356,43,25,55,021,53,8*6C
$GPGSV,2,2,06,26,25,225,21,28,24,291,22,8*68
$GPGSV,1,1,02,15,08,057,,20,01,084,,0*66
$GAGSV,2,1,06,10,38,143,39,11,67,157,23,14,22,091,25,16,40,045,40,1*79
$GAGSV,2,2,06,25,86,174,34,36,56,302,23,1*79
$GAGSV,1,1,03,10,38,143,31,16,40,045,47,25,86,174,33,5*46
$GAGSV,1,1,04,10,38,143,35,14,22,091,23,16,40,045,43,25,86,174,33,7*7F
$GAGSV,1,1,03,02,31,221,,12,15,139,,34,06,313,,0*4A
$GBGSV,2,1,08,12,21,097,25,19,23,069,30,20,15,117,20,22,09,018,23,3*71
$GBGSV,2,2,08,24,23,229,22,29,25,121,45,35,61,185,20,39,32,000,49,3*74
$GBGSV,3,1,10,12,21,097,19,19,23,069,33,20,15,117,22,22,09,018,20,5*72
$GBGSV,3,2,10,24,23,229,29,26,53,278,18,29,25,121,42,31,34,259,23,5*73
$GBGSV,3,3,10,35,61,185,23,39,32,000,46,5*76
$GBGSV,3,1,09,12,21,097,31,19,23,069,29,20,15,117,20,24,23,229,29,8*73
$GBGSV,3,2,09,26,53,278,25,29,25,121,46,31,34,259,21,35,61,185,23,8*77
$GBGSV,3,3,09,39,32,000,45,8*4C
$GBGSV,1,1,01,11,05,113,,0*40
$GNGLL,3001.74232,S,05112.75039,W,165930.00,A,D*78
$GNRMC,165931.00,A,3001.74232,S,05112.75039,W,0.034,,090926,,,F,V*1B
$GNVTG,,T,,M,0.034,N,0.063,K,D*3A
$GNGGA,165931.00,3001.74232,S,05112.75039,W,5,12,0.59,48.2,M,4.8,M,2.0,0920*67
$GNGSA,M,3,05,12,13,18,23,25,26,28,29,31,,,1.18,0.59,1.02,1*06
$GNGSA,M,3,16,25,36,10,11,,,,,,,,1.18,0.59,1.02,3*0C
$GNGSA,M,3,12,19,20,24,26,29,31,35,39,,,,1.18,0.59,1.02,4*01
$GPGSV,3,1,10,05,38,122,47,12,22,036,41,13,16,032,30,18,66,264,20,1*64
$GPGSV,3,2,10,23,23,356,43,25,55,021,52,26,25,225,25,28,24,291,21,1*64
$GPGSV,3,3,10,29,58,152,35,31,21,258,23,1*6C
$GPGSV,1,1,01,26,25,225,14,5*52
$GPGSV,3,1,09,05,38,122,41,12,22,036,26,13,16,032,24,18,66,264,19,6*63
$GPGSV,3,2,09,21,09,141,15,23,23,356,40,25,55,021,46,28,24,291,26,6*61
$GPGSV,3,3,09,31,21,258,26,6*50
$GPGSV,2,1,06,13,16,032,20,18,66,264,26,23,23,356,43,25,55,021,53,8*66
$GPGSV,2,2,06,26,25,225,21,28,24,291,23,8*69
$GPGSV,1,1,02,15,08,057,,20,01,084,,0*66
$GAGSV,2,1,06,10,38,143,39,11,67,157,23,14,22,091,25,16,40,045,40,1*79
$GAGSV,2,2,06,25,87,170,34,36,56,302,23,1*7C
$GAGSV,1,1,03,10,38,143,31,16,40,045,47,25,87,170,33,5*43
$GAGSV,1,1,04,10,38,143,35,14,22,091,22,16,40,045,43,25,87,170,32,7*7A
$GAGSV,1,1,03,02,31,221,,12,15,139,,34,06,313,,0*4A
$GBGSV,2,1,08,12,21,097,26,19,23,069,29,20,15,117,20,22,09,018,23,3*7A
$GBGSV,2,2,08,24,23,229,20,29,25,121,45,35,61,185,20,39,32,000,49,3*76
$GBGSV,3,1,10,12,21,097,18,19,23,069,33,20,15,117,21,22,09,018,20,5*70
$GBGSV,3,2,10,24,23,229,29,26,53,278,18,29,25,121,42,31,34,259,23,5*73
$GBGSV,3,3,10,35,61,185,23,39,32,000,46,5*76
$GBGSV,3,1,09,12,21,097,31,19,23,069,29,20,15,117,21,24,23,229,28,8*73
$GBGSV,3,2,09,26,53,278,24,29,25,121,46,31,34,259,22,35,61,185,23,8*75
$GBGSV,3,3,09,39,32,000,45,8*4C
$GBGSV,1,1,01,11,05,113,,0*40
$GNGLL,3001.74232,S,05112.75039,W,165931.00,A,D*79
$GNRMC,165932.00,A,3001.74232,S,05112.75039,W,0.006,,090926,,,F,V*19
$GNVTG,,T,,M,0.006,N,0.011,K,D*3E
$GNGGA,165932.00,3001.74232,S,05112.75039,W,5,12,0.59,48.1,M,4.8,M,2.0,0920*67
$GNGSA,M,3,05,12,13,18,23,25,26,28,29,31,,,1.18,0.59,1.02,1*06
$GNGSA,M,3,16,25,36,10,11,,,,,,,,1.18,0.59,1.02,3*0C
$GNGSA,M,3,12,19,20,24,26,29,31,35,39,,,,1.18,0.59,1.02,4*01
$GPGSV,3,1,10,05,38,122,47,12,22,036,41,13,16,032,31,18,66,264,20,1*65
$GPGSV,3,2,10,23,23,356,43,25,55,021,52,26,25,225,25,28,24,291,20,1*65
$GPGSV,3,3,10,29,58,152,35,31,21,258,23,1*6C
$GPGSV,3,1,09,05,38,122,41,12,22,036,25,13,16,032,25,18,66,264,20,6*6B
$GPGSV,3,2,09,23,23,356,40,25,55,021,46,26,25,225,16,28,24,291,26,6*6A
$GPGSV,3,3,09,31,21,258,26,6*50
$GPGSV,2,1,06,13,16,032,20,18,66,264,26,23,23,356,43,25,55,021,53,8*66
$GPGSV,2,2,06,26,25,225,21,28,24,291,23,8*69
$GPGSV,1,1,03,15,08,057,,20,01,084,,21,09,141,,0*59
$GAGSV,2,1,06,10,38,143,39,11,67,157,23,14,22,091,25,16,40,045,40,1*79
$GAGSV,2,2,06,25,87,170,34,36,56,302,23,1*7C
$GAGSV,1,1,03,10,38,143,31,16,40,045,47,25,87,170,33,5*43
$GAGSV,1,1,04,10,38,143,35,14,22,091,22,16,40,045,43,25,87,170,33,7*7B
$GAGSV,1,1,03,02,31,221,,12,15,139,,34,06,313,,0*4A
$GBGSV,2,1,08,12,21,097,26,19,23,069,29,20,15,117,21,22,09,018,24,3*7C
$GBGSV,2,2,08,24,23,229,19,29,25,121,45,35,61,185,19,39,32,000,49,3*76
$GBGSV,3,1,10,12,21,097,16,19,23,069,33,20,15,117,21,22,09,018,19,5*74
$GBGSV,3,2,10,24,23,229,29,26,53,278,18,29,25,121,42,31,34,259,23,5*73
$GBGSV,3,3,10,35,61,185,23,39,32,000,46,5*76
$GBGSV,3,1,09,12,21,097,31,19,23,069,29,20,15,117,20,24,23,229,27,8*7D
$GBGSV,3,2,09,26,53,278,24,29,25,121,46,31,34,259,22,35,61,185,23,8*75
$GBGSV,3,3,09,39,32,000,45,8*4C
$GBGSV,1,1,01,11,05,113,,0*40
$GNGLL,3001.74232,S,05112.75039,W,165932.00,A,D*7A
$GNRMC,165933.00,A,3001.74232,S,05112.75039,W,0.019,,090926,,,F,V*16
$GNVTG,,T,,M,0.019,N,0.036,K,D*35
$GNGGA,165933.00,3001.74232,S,05112.75039,W,5,12,0.59,48.2,M,4.8,M,2.0,0920*65
$GNGSA,M,3,05,12,13,18,23,25,26,28,29,31,,,1.18,0.59,1.02,1*06
$GNGSA,M,3,16,25,36,10,11,,,,,,,,1.18,0.59,1.02,3*0C
$GNGSA,M,3,12,19,20,24,26,29,31,35,39,,,,1.18,0.59,1.02,4*01
$GPGSV,3,1,10,05,38,122,47,12,22,036,41,13,16,032,31,18,66,264,20,1*65
$GPGSV,3,2,10,23,23,356,43,25,55,021,52,26,25,225,25,28,24,291,21,1*64
$GPGSV,3,3,10,29,58,152,35,31,21,258,23,1*6C
$GPGSV,3,1,09,05,38,122,41,12,22,036,26,13,16,032,25,18,66,264,21,6*69
$GPGSV,3,2,09,23,23,356,40,25,55,021,46,26,25,225,15,28,24,291,26,6*69
$GPGSV,3,3,09,31,21,258,27,6*51
$GPGSV,2,1,06,13,16,032,20,18,66,264,26,23,23,356,43,25,55,021,53,8*66
$GPGSV,2,2,06,26,25,225,21,28,24,291,23,8*69
$GPGSV,1,1,03,15,08,057,,20,01,084,,21,09,141,,0*59
$GAGSV,2,1,06,10,38,143,39,11,67,157,24,14,22,091,25,16,40,045,40,1*7E
$GAGSV,2,2,06,25,87,170,34,36,56,302,23,1*7C
$GAGSV,1,1,03,10,38,143,31,16,40,045,47,25,87,170,33,5*43
$GAGSV,1,1,04,10,38,143,35,14,22,091,22,16,40,045,43,25,87,170,33,7*7B
$GAGSV,1,1,03,02,31,221,,12,15,139,,34,06,313,,0*4A
$GBGSV,2,1,08,12,21,097,26,19,23,069,29,20,15,117,21,22,09,018,24,3*7C
$GBGSV,2,2,08,24,23,229,20,29,25,121,45,35,61,185,19,39,32,000,49,3*7C
$GBGSV,3,1,10,12,21,097,14,19,23,069,33,20,15,117,21,22,09,018,19,5*76
$GBGSV,3,2,10,24,23,229,29,26,53,278,18,29,25,121,43,31,34,259,23,5*72
$GBGSV,3,3,10,35,61,185,23,39,32,000,46,5*76
$GBGSV,3,1,09,12,21,097,31,19,23,069,29,20,15,117,20,24,23,229,26,8*7C
$GBGSV,3,2,09,26,53,278,24,29,25,121,46,31,34,259,22,35,61,185,23,8*75
$GBGSV,3,3,09,39,32,000,45,8*4C
$GBGSV,1,1,01,11,05,113,,0*40
$GNGLL,3001.74232,S,05112.75039,W,165933.00,A,D*7B
$GNRMC,165934.00,A,3001.74232,S,05112.75039,W,0.038,,090926,,,F,V*12
$GNVTG,,T,,M,0.038,N,0.070,K,D*34
$GNGGA,165934.00,3001.74232,S,05112.75039,W,5,12,0.65,48.2,M,4.8,M,2.0,0920*6D
$GNGSA,M,3,05,12,13,18,23,25,26,28,29,31,,,1.26,0.65,1.08,1*0E
$GNGSA,M,3,16,25,36,10,11,,,,,,,,1.26,0.65,1.08,3*04
$GNGSA,M,3,12,19,20,24,26,29,31,35,39,,,,1.26,0.65,1.08,4*09
$GPGSV,3,1,10,05,38,122,47,12,22,036,41,13,16,032,30,18,66,264,21,1*65
$GPGSV,3,2,10,23,23,356,43,25,55,021,52,26,25,225,25,28,24,291,22,1*67
$GPGSV,3,3,10,29,58,152,35,31,21,258,23,1*6C
$GPGSV,3,1,09,05,38,122,41,12,22,036,25,13,16,032,25,18,66,264,22,6*69
$GPGSV,3,2,09,23,23,356,40,25,55,021,46,26,25,225,15,28,24,291,27,6*68
$GPGSV,3,3,09,31,21,258,27,6*51
$GPGSV,2,1,06,13,16,032,20,18,66,264,26,23,23,356,43,25,55,021,53,8*66
$GPGSV,2,2,06,26,25,225,21,28,24,291,23,8*69
$GPGSV,1,1,03,15,08,057,,20,01,084,,21,09,141,,0*59
$GAGSV,2,1,06,10,38,143,39,11,67,157,24,14,22,091,25,16,40,045,40,1*7E
$GAGSV,2,2,06,25,87,170,34,36,56,302,23,1*7C
$GAGSV,1,1,03,10,38,143,31,16,40,045,47,25,87,170,33,5*43
$GAGSV,1,1,04,10,38,143,35,14,22,091,22,16,40,045,43,25,87,170,33,7*7B
$GAGSV,1,1,03,02,31,221,,12,15,139,,34,06,313,,0*4A
$GBGSV,2,1,08,12,21,097,26,19,23,069,29,20,15,117,21,22,09,018,24,3*7C
$GBGSV,2,2,08,24,23,229,22,29,25,121,44,35,61,185,18,39,32,000,49,3*7E
$GBGSV,3,1,09,19,23,069,33,20,15,117,21,22,09,018,19,24,23,229,29,5*70
$GBGSV,3,2,09,26,53,278,17,29,25,121,43,31,34,259,23,35,61,185,22,5*7D
$GBGSV,3,3,09,39,32,000,46,5*42
$GBGSV,3,1,09,12,21,097,31,19,23,069,29,20,15,117,18,24,23,229,25,8*74
$GBGSV,3,2,09,26,53,278,24,29,25,121,46,31,34,259,21,35,61,185,23,8*76
$GBGSV,3,3,09,39,32,000,45,8*4C
$GBGSV,1,1,01,11,05,113,,0*40
$GNGLL,3001.74232,S,05112.75039,W,165934.00,A,D*7C
$GNRMC,165935.00,A,3001.74233,S,05112.75040,W,0.012,,090926,,,F,V*14
$GNVTG,,T,,M,0.012,N,0.021,K,D*38
$GNGGA,165935.00,3001.74233,S,05112.75040,W,5,12,0.65,48.2,M,4.8,M,2.0,0920*63
$GNGSA,M,3,05,12,13,18,23,25,26,28,29,31,,,1.26,0.65,1.08,1*0E
$GNGSA,M,3,16,25,36,10,11,,,,,,,,1.26,0.65,1.08,3*04
$GNGSA,M,3,12,19,20,24,26,29,31,35,39,,,,1.26,0.65,1.08,4*09
$GPGSV,3,1,10,05,38,122,47,12,22,036,41,13,16,032,31,18,66,264,21,1*64
$GPGSV,3,2,10,23,23,356,43,25,55,021,52,26,25,225,25,28,24,291,22,1*67
$GPGSV,3,3,10,29,58,152,35,31,21,258,23,1*6C
$GPGSV,3,1,09,05,38,122,41,12,22,036,26,13,16,032,25,18,66,264,22,6*6A
$GPGSV,3,2,09,23,23,356,40,25,55,021,46,26,25,225,14,28,24,291,26,6*68
$GPGSV,3,3,09,31,21,258,27,6*51
$GPGSV,2,1,06,13,16,032,20,18,66,264,26,23,23,356,43,25,55,021,53,8*66
$GPGSV,2,2,06,26,25,225,22,28,24,291,23,8*6A
$GPGSV,1,1,03,15,08,057,,20,01,084,,21,09,141,,0*59
$GAGSV,2,1,06,10,38,143,39,11,67,157,24,14,22,091,25,16,40,045,40,1*7E
$GAGSV,2,2,06,25,87,170,34,36,56,302,23,1*7C
$GAGSV,1,1,03,10,38,143,31,16,40,045,47,25,87,170,32,5*42
$GAGSV,1,1,04,10,38,143,35,14,22,091,21,16,40,045,43,25,87,170,33,7*78
$GAGSV,1,1,03,02,31,221,,12,15,139,,34,06,313,,0*4A
$GBGSV,2,1,08,12,21,097,26,19,23,069,29,20,15,117,21,22,09,018,24,3*7C
$GBGSV,2,2,08,24,23,229,23,29,25,121,44,35,61,185,18,39,32,000,49,3*7F
$GBGSV,3,1,09,19,23,069,33,20,15,117,22,22,09,018,18,24,23,229,29,5*72
$GBGSV,3,2,09,26,53,278,17,29,25,121,43,31,34,259,22,35,61,185,22,5*7C
$GBGSV,3,3,09,39,32,000,46,5*42
$GBGSV,3,1,09,12,21,097,31,19,23,069,29,20,15,117,19,24,23,229,23,8*73
$GBGSV,3,2,09,26,53,278,24,29,25,121,46,31,34,259,21,35,61,185,23,8*76
$GBGSV,3,3,09,39,32,000,45,8*4C
$GBGSV,1,1,01,11,05,113,,0*40
$GNGLL,3001.74233,S,05112.75040,W,165935.00,A,D*72
$GNRMC,165936.00,A,3001.74232,S,05112.75040,W,0.004,,090926,,,F,V*11
$GNVTG,,T,,M,0.004,N,0.008,K,D*34
$GNGGA,165936.00,3001.74232,S,05112.75040,W,5,12,0.60,48.2,M,4.8,M,2.0,0920*64
$GNGSA,M,3,05,12,13,18,23,25,26,28,29,31,,,1.18,0.60,1.02,1*0C
$GNGSA,M,3,16,25,36,10,11,,,,,,,,1.18,0.60,1.02,3*06
$GNGSA,M,3,12,19,20,24,26,29,31,35,39,,,,1.18,0.60,1.02,4*0B
$GPGSV,3,1,10,05,38,122,47,12,22,036,41,13,16,032,31,18,66,264,21,1*64
$GPGSV,3,2,10,23,23,356,43,25,55,021,52,26,25,225,25,28,24,291,24,1*61
$GPGSV,3,3,10,29,58,152,35,31,21,258,23,1*6C
$GPGSV,3,1,09,05,38,122,41,12,22,036,26,13,16,032,24,18,66,264,22,6*6B
$GPGSV,3,2,09,23,23,356,40,25,55,021,46,26,25,225,16,28,24,291,26,6*6A
$GPGSV,3,3,09,31,21,258,27,6*51
$GPGSV,2,1,06,13,16,032,20,18,66,264,26,23,23,356,43,25,55,021,53,8*66
$GPGSV,2,2,06,26,25,225,22,28,24,291,23,8*6A
$GPGSV,1,1,03,15,08,057,,20,01,084,,21,09,141,,0*59
$GAGSV,2,1,06,10,38,143,39,11,67,157,24,14,22,091,25,16,40,045,39,1*70
$GAGSV,2,2,06,25,87,170,34,36,56,302,23,1*7C
$GAGSV,1,1,03,10,38,143,31,16,40,045,47,25,87,170,32,5*42
$GAGSV,1,1,04,10,38,143,35,14,22,091,21,16,40,045,43,25,87,170,33,7*78
$GAGSV,1,1,03,02,31,221,,12,15,139,,34,06,313,,0*4A
$GBGSV,2,1,08,12,21,097,26,19,23,069,28,20,15,117,21,22,09,018,24,3*7D
$GBGSV,2,2,08,24,23,229,25,29,25,121,44,35,61,185,17,39,32,000,49,3*76
$GBGSV,3,1,09,19,23,069,33,20,15,117,22,22,09,018,18,24,23,229,28,5*73
$GBGSV,3,2,09,26,53,278,17,29,25,121,43,31,34,259,23,35,61,185,22,5*7D
$GBGSV,3,3,09,39,32,000,46,5*42
$GBGSV,3,1,09,12,21,097,31,19,23,069,29,20,15,117,19,24,23,229,19,8*7A
$GBGSV,3,2,09,26,53,278,24,29,25,121,46,31,34,259,21,35,61,185,23,8*76
$GBGSV,3,3,09,39,32,000,45,8*4C
$GBGSV,1,1,01,11,05,113,,0*40
$GNGLL,3001.74232,S,05112.75040,W,165936.00,A,D*70
$GNRMC,165937.00,A,3001.74233,S,05112.75040,W,0.019,,090926,,,F,V*1D
$GNVTG,,T,,M,0.019,N,0.035,K,D*36
$GNGGA,165937.00,3001.74233,S,05112.75040,W,5,12,0.65,48.2,M,4.8,M,2.0,0920*61
$GNGSA,M,3,05,12,13,18,23,25,26,28,29,31,,,1.26,0.65,1.08,1*0E
$GNGSA,M,3,16,25,36,10,11,,,,,,,,1.26,0.65,1.08,3*04
$GNGSA,M,3,12,19,20,24,26,29,31,35,39,,,,1.26,0.65,1.08,4*09
$GPGSV,3,1,10,05,38,122,47,12,22,036,41,13,16,032,31,18,66,264,21,1*64
$GPGSV,3,2,10,23,23,356,43,25,55,021,52,26,25,225,24,28,24,291,25,1*61
$GPGSV,3,3,10,29,58,152,35,31,21,258,24,1*6B
$GPGSV,3,1,09,05,38,122,41,12,22,036,26,13,16,032,25,18,66,264,21,6*69
$GPGSV,3,2,09,23,23,356,40,25,55,021,46,26,25,225,16,28,24,291,27,6*6B
$GPGSV,3,3,09,31,21,258,28,6*5E
$GPGSV,2,1,06,13,16,032,20,18,66,264,26,23,23,356,43,25,55,021,53,8*66
$GPGSV,2,2,06,26,25,225,22,28,24,291,24,8*6D
$GPGSV,1,1,03,15,08,057,,20,01,084,,21,09,141,,0*59
$GAGSV,2,1,06,10,38,143,39,11,67,157,23,14,22,091,25,16,40,045,40,1*79
$GAGSV,2,2,06,25,87,170,34,36,56,302,24,1*7B
$GAGSV,1,1,03,10,38,143,31,16,40,045,47,25,87,170,33,5*43
$GAGSV,1,1,04,10,38,143,35,14,22,091,21,16,40,045,43,25,87,170,33,7*78
$GAGSV,1,1,03,02,31,221,,12,15,139,,34,06,313,,0*4A
$GBGSV,2,1,08,12,21,097,26,19,23,069,28,20,15,117,21,22,09,018,24,3*7D
$GBGSV,2,2,08,24,23,229,26,29,25,121,44,35,61,185,17,39,32,000,49,3*75
$GBGSV,3,1,09,19,23,069,34,20,15,117,21,22,09,018,19,24,23,229,28,5*76
$GBGSV,3,2,09,26,53,278,18,29,25,121,43,31,34,259,23,35,61,185,22,5*72
$GBGSV,3,3,09,39,32,000,46,5*42
$GBGSV,3,1,09,12,21,097,31,19,23,069,29,20,15,117,19,24,23,229,20,8*70
$GBGSV,3,2,09,26,53,278,24,29,25,121,46,31,34,259,21,35,61,185,23,8*76
$GBGSV,3,3,09,39,32,000,45,8*4C
$GBGSV,1,1,01,11,05,113,,0*40
$GNGLL,3001.74233,S,05112.75040,W,165937.00,A,D*70
$GNRMC,165938.00,A,3001.74233,S,05112.75040,W,0.021,,090926,,,F,V*19
$GNVTG,,T,,M,0.021,N,0.038,K,D*30
$GNGGA,165938.00,3001.74233,S,05112.75040,W,5,12,0.60,48.2,M,4.8,M,2.0,0920*6B
$GNGSA,M,3,05,12,13,18,23,25,26,28,29,31,,,1.18,0.60,1.02,1*0C
$GNGSA,M,3,16,25,36,10,11,,,,,,,,1.18,0.60,1.02,3*06
$GNGSA,M,3,12,19,20,24,26,29,31,35,39,,,,1.18,0.60,1.02,4*0B
$GPGSV,3,1,10,05,38,122,47,12,22,036,41,13,16,032,31,18,66,264,21,1*64
$GPGSV,3,2,10,23,23,356,43,25,55,021,52,26,25,225,25,28,24,291,26,1*63
$GPGSV,3,3,10,29,58,152,35,31,21,258,24,1*6B
$GPGSV,3,1,09,05,38,122,41,12,22,036,26,13,16,032,25,18,66,264,21,6*69
$GPGSV,3,2,09,23,23,356,40,25,55,021,46,26,25,225,17,28,24,291,27,6*6A
$GPGSV,3,3,09,31,21,258,28,6*5E
$GPGSV,2,1,06,13,16,032,20,18,66,264,26,23,23,356,43,25,55,021,53,8*66
$GPGSV,2,2,06,26,25,225,22,28,24,291,25,8*6C
$GPGSV,1,1,03,15,08,057,,20,01,084,,21,09,141,,0*59
$GAGSV,2,1,06,10,38,143,39,11,67,157,23,14,22,091,25,16,40,045,39,1*77
$GAGSV,2,2,06,25,87,170,34,36,56,302,24,1*7B
$GAGSV,1,1,03,10,38,143,31,16,40,045,47,25,87,170,32,5*42
$GAGSV,1,1,04,10,38,143,35,14,22,091,21,16,40,045,43,25,87,170,33,7*78
$GAGSV,1,1,03,02,31,221,,12,15,139,,34,06,313,,0*4A
$GBGSV,2,1,08,12,21,097,26,19,23,069,28,20,15,117,22,22,09,018,24,3*7E
$GBGSV,2,2,08,24,23,229,27,29,25,121,44,35,61,185,17,39,32,000,49,3*74
$GBGSV,3,1,09,19,23,069,34,20,15,117,21,22,09,018,19,24,23,229,28,5*76
$GBGSV,3,2,09,26,53,278,18,29,25,121,43,31,34,259,23,35,61,185,22,5*72
$GBGSV,3,3,09,39,32,000,46,5*42
$GBGSV,3,1,09,12,21,097,31,19,23,069,29,20,15,117,19,24,23,229,21,8*71
$GBGSV,3,2,09,26,53,278,24,29,25,121,46,31,34,259,22,35,61,185,24,8*72
$GBGSV,3,3,09,39,32,000,45,8*4C
$GBGSV,1,1,01,11,05,113,,0*40
$GNGLL,3001.74233,S,05112.75040,W,165938.00,A,D*7F
$GNRMC,165939.00,A,3001.74233,S,05112.75041,W,0.004,,090926,,,F,V*1E
$GNVTG,,T,,M,0.004,N,0.007,K,D*3B
$GNGGA,165939.00,3001.74233,S,05112.75041,W,5,12,0.60,48.2,M,4.8,M,2.0,0920*6B
$GNGSA,M,3,05,12,13,18,23,25,26,28,29,31,,,1.18,0.60,1.02,1*0C
$GNGSA,M,3,16,25,36,10,11,,,,,,,,1.18,0.60,1.02,3*06
$GNGSA,M,3,12,19,20,24,26,29,31,35,39,,,,1.18,0.60,1.02,4*0B
$GPGSV,3,1,10,05,38,122,47,12,22,036,41,13,16,032,31,18,66,264,21,1*64
$GPGSV,3,2,10,23,23,356,43,25,55,021,52,26,25,225,24,28,24,291,26,1*62
$GPGSV,3,3,10,29,58,152,35,31,21,258,24,1*6B
$GPGSV,3,1,09,05,38,122,41,12,22,036,26,13,16,032,24,18,66,264,20,6*69
$GPGSV,3,2,09,23,23,356,40,25,55,021,46,26,25,225,17,28,24,291,27,6*6A
$GPGSV,3,3,09,31,21,258,28,6*5E
$GPGSV,2,1,06,13,16,032,19,18,66,264,26,23,23,356,43,25,55,021,53,8*6C
$GPGSV,2,2,06,26,25,225,22,28,24,291,25,8*6C
$GPGSV,1,1,03,15,08,057,,20,01,084,,21,09,141,,0*59
$GAGSV,2,1,06,10,38,143,39,11,67,157,23,14,22,091,26,16,40,045,39,1*74
$GAGSV,2,2,06,25,87,170,34,36,56,302,24,1*7B
$GAGSV,1,1,03,10,38,143,31,16,40,045,47,25,87,170,33,5*43
$GAGSV,1,1,04,10,38,143,35,14,22,091,21,16,40,045,43,25,87,170,33,7*78
$GAGSV,1,1,03,02,31,221,,12,15,139,,34,07,313,,0*4B
$GBGSV,2,1,08,12,21,097,26,19,23,069,28,20,15,117,22,22,09,018,24,3*7E
$GBGSV,2,2,08,24,23,229,28,29,25,121,44,35,61,185,18,39,32,000,49,3*74
$GBGSV,3,1,09,19,23,069,34,20,15,117,21,22,09,018,19,24,23,229,28,5*76
$GBGSV,3,2,09,26,53,278,18,29,25,121,42,31,34,259,23,35,61,185,23,5*72
$GBGSV,3,3,09,39,32,000,46,5*42
$GBGSV,3,1,09,12,21,097,31,19,23,069,29,20,15,117,19,24,23,229,22,8*72
$GBGSV,3,2,09,26,53,278,24,29,25,121,46,31,34,259,22,35,61,185,24,8*72
$GBGSV,3,3,09,39,32,000,45,8*4C
$GBGSV,1,1,01,11,05,113,,0*40
$GNGLL,3001.74233,S,05112.75041,W,165939.00,A,D*7F
$GNRMC,165940.00,A,3001.74233,S,05112.75040,W,0.032,,090926,,,F,V*14
$GNVTG,,T,,M,0.032,N,0.059,K,D*35
$GNGGA,165940.00,3001.74233,S,05112.75040,W,5,12,0.65,48.2,M,4.8,M,2.0,0920*61
$GNGSA,M,3,05,12,13,18,23,25,26,28,29,31,,,1.26,0.65,1.08,1*0E
$GNGSA,M,3,16,25,36,10,11,,,,,,,,1.26,0.65,1.08,3*04
$GNGSA,M,3,12,19,20,24,26,29,31,35,39,,,,1.26,0.65,1.08,4*09
$GPGSV,3,1,10,05,38,122,47,12,22,036,41,13,16,032,30,18,66,264,22,1*66
$GPGSV,3,2,10,23,23,356,43,25,55,021,52,26,25,225,24,28,24,291,27,1*63
$GPGSV,3,3,10,29,58,152,35,31,21,258,24,1*6B
$GPGSV,3,1,09,05,38,122,40,12,22,036,26,13,16,032,25,18,66,264,19,6*63
$GPGSV,3,2,09,23,23,356,40,25,55,021,46,26,25,225,17,28,24,291,27,6*6A
$GPGSV,3,3,09,31,21,258,28,6*5E
$GPGSV,2,1,06,13,16,032,20,18,66,264,26,23,23,356,43,25,55,021,53,8*66
$GPGSV,2,2,06,26,25,225,21,28,24,291,25,8*6F
$GPGSV,1,1,03,15,08,057,,20,01,084,,21,09,141,,0*59
$GAGSV,2,1,06,10,38,143,39,11,67,157,23,14,22,091,26,16,40,045,39,1*74
$GAGSV,2,2,06,25,87,170,34,36,56,301,24,1*78
$GAGSV,1,1,03,10,38,143,31,16,40,045,47,25,87,170,33,5*43
$GAGSV,1,1,04,10,38,143,35,14,22,091,22,16,40,045,43,25,87,170,33,7*7B
$GAGSV,1,1,03,02,31,221,,12,15,139,,34,07,313,,0*4B
$GBGSV,2,1,08,12,21,097,25,19,23,069,27,20,15,117,22,22,09,018,23,3*75
$GBGSV,2,2,08,24,23,229,29,29,25,121,44,35,61,185,17,39,32,000,49,3*7A
$GBGSV,3,1,09,19,23,069,33,20,15,117,22,22,09,018,18,24,23,229,28,5*73
$GBGSV,3,2,09,26,53,278,18,29,25,121,43,31,34,259,23,35,61,185,22,5*72
$GBGSV,3,3,09,39,32,000,46,5*42
$GBGSV,3,1,09,12,21,097,31,19,23,069,29,20,15,117,18,24,23,229,25,8*74
$GBGSV,3,2,09,26,53,278,23,29,25,121,46,31,34,259,21,35,61,185,24,8*76
$GBGSV,3,3,09,39,32,000,45,8*4C
$GBGSV,1,1,01,11,05,113,,0*40
$GNGLL,3001.74233,S,05112.75040,W,165940.00,A,D*70
$GNRMC,165941.00,A,3001.74233,S,05112.75041,W,0.010,,090926,,,F,V*14
$GNVTG,,T,,M,0.010,N,0.018,K,D*30
$GNGGA,165941.00,3001.74233,S,05112.75041,W,5,12,0.65,48.2,M,4.8,M,2.0,0920*61
$GNGSA,M,3,05,12,13,18,23,25,26,28,29,31,,,1.26,0.65,1.08,1*0E
$GNGSA,M,3,16,25,36,10,11,,,,,,,,1.26,0.65,1.08,3*04
$GNGSA,M,3,12,19,20,24,26,29,31,35,39,,,,1.26,0.65,1.08,4*09
$GPGSV,3,1,10,05,38,122,47,12,22,036,41,13,16,032,30,18,66,264,22,1*66
$GPGSV,3,2,10,23,23,356,43,25,55,021,52,26,25,225,24,28,24,291,28,1*6C
$GPGSV,3,3,10,29,58,152,35,31,21,258,24,1*6B
$GPGSV,3,1,09,05,38,122,41,12,22,036,26,13,16,032,25,18,66,264,19,6*62
$GPGSV,3,2,09,23,23,356,40,25,55,021,46,26,25,225,17,28,24,291,27,6*6A
$GPGSV,3,3,09,31,21,258,28,6*5E
$GPGSV,2,1,06,13,16,032,19,18,66,264,26,23,23,356,43,25,55,021,53,8*6C
$GPGSV,2,2,06,26,25,225,22,28,24,291,25,8*6C
$GPGSV,1,1,03,15,08,057,,20,01,084,,21,09,141,,0*59
$GAGSV,2,1,06,10,38,143,39,11,67,157,23,14,22,091,25,16,40,045,39,1*77
$GAGSV,2,2,06,25,87,170,34,36,56,301,25,1*79
$GAGSV,1,1,03,10,38,143,31,16,40,045,47,25,87,170,33,5*43
$GAGSV,1,1,04,10,38,143,35,14,22,091,22,16,40,045,43,25,87,170,33,7*7B
$GAGSV,1,1,03,02,31,221,,12,15,139,,34,07,313,,0*4B
$GBGSV,2,1,08,12,21,097,26,19,23,069,27,20,15,117,22,22,09,018,23,3*76
$GBGSV,2,2,08,24,23,229,29,29,25,121,44,35,61,185,17,39,32,000,49,3*7A
$GBGSV,3,1,10,12,21,097,20,19,23,069,34,20,15,117,22,22,09,018,18,5*74
$GBGSV,3,2,10,24,23,229,28,26,53,278,17,29,25,121,43,31,34,259,23,5*7C
$GBGSV,3,3,10,35,61,185,22,39,32,000,46,5*77
$GBGSV,3,1,09,12,21,097,31,19,23,069,29,20,15,117,19,24,23,229,26,8*76
$GBGSV,3,2,09,26,53,278,24,29,25,121,46,31,34,259,21,35,61,185,24,8*71
$GBGSV,3,3,09,39,32,000,45,8*4C
$GBGSV,1,1,01,11,05,113,,0*40
$GNGLL,3001.74233,S,05112.75041,W,165941.00,A,D*70
$GNRMC,165942.00,A,3001.74233,S,05112.75041,W,0.006,,090926,,,F,V*10
$GNVTG,,T,,M,0.006,N,0.010,K,D*3F
$GNGGA,165942.00,3001.74233,S,05112.75041,W,5,12,0.65,48.2,M,4.8,M,2.0,0920*62
$GNGSA,M,3,05,12,13,18,23,25,26,28,29,31,,,1.26,0.65,1.08,1*0E
$GNGSA,M,3,16,25,36,10,11,,,,,,,,1.26,0.65,1.08,3*04
$GNGSA,M,3,12,19,20,24,26,29,31,35,39,,,,1.26,0.65,1.08,4*09
$GPGSV,3,1,10,05,38,122,47,12,22,036,41,13,16,032,31,18,66,264,22,1*67
$GPGSV,3,2,10,23,23,356,43,25,55,021,52,26,25,225,23,28,24,291,28,1*6B
$GPGSV,3,3,10,29,58,152,35,31,21,258,24,1*6B
$GPGSV,1,1,01,29,58,152,13,5*53
$GPGSV,3,1,09,05,38,122,41,12,22,036,26,13,16,032,25,18,66,264,19,6*62
$GPGSV,3,2,09,23,23,356,40,25,55,021,46,26,25,225,17,28,24,291,28,6*65
$GPGSV,3,3,09,31,21,258,28,6*5E
$GPGSV,2,1,06,13,16,032,20,18,66,264,26,23,23,356,43,25,55,021,53,8*66
$GPGSV,2,2,06,26,25,225,23,28,24,291,26,8*6E
$GPGSV,1,1,03,15,08,057,,20,01,084,,21,09,141,,0*59
$GAGSV,2,1,07,02,31,221,17,10,38,143,39,11,67,157,24,14,22,091,25,1*7E
$GAGSV,2,2,07,16,40,045,39,25,87,170,34,36,56,301,24,1*41
$GAGSV,1,1,03,10,38,143,31,16,40,045,47,25,87,170,33,5*43
$GAGSV,1,1,04,10,38,143,35,14,22,091,22,16,40,045,43,25,87,170,33,7*7B
$GAGSV,1,1,02,12,15,139,,34,07,313,,0*7B
$GBGSV,2,1,08,12,21,097,25,19,23,069,27,20,15,117,22,22,09,018,23,3*75
$GBGSV,2,2,08,24,23,229,30,29,25,121,45,35,61,185,18,39,32,000,49,3*7C
$GBGSV,3,1,10,12,21,097,20,19,23,069,34,20,15,117,22,22,09,018,18,5*74
$GBGSV,3,2,10,24,23,229,28,26,53,278,18,29,25,121,43,31,34,259,24,5*74
$GBGSV,3,3,10,35,61,185,22,39,32,000,46,5*77
$GBGSV,3,1,09,12,21,097,30,19,23,069,29,20,15,117,18,24,23,229,28,8*78
$GBGSV,3,2,09,26,53,278,24,29,25,121,46,31,34,259,22,35,61,185,24,8*72
$GBGSV,3,3,09,39,32,000,45,8*4C
$GBGSV,1,1,01,11,05,113,,0*40
$GNGLL,3001.74233,S,05112.75041,W,165942.00,A,D*73
$GNRMC,165943.00,A,3001.74233,S,05112.75041,W,0.008,,090926,,,F,V*1F
$GNVTG,,T,,M,0.008,N,0.015,K,D*34
$GNGGA,165943.00,3001.74233,S,05112.75041,W,5,12,0.65,48.2,M,4.8,M,2.0,0920*63
$GNGSA,M,3,05,12,13,18,23,25,26,28,29,31,,,1.26,0.65,1.08,1*0E
$GNGSA,M,3,16,25,36,10,11,,,,,,,,1.26,0.65,1.08,3*04
$GNGSA,M,3,12,19,20,24,26,29,31,35,39,,,,1.26,0.65,1.08,4*09
$GPGSV,3,1,10,05,38,122,47,12,22,036,41,13,16,032,31,18,66,264,22,1*67
$GPGSV,3,2,10,23,23,356,43,25,55,021,52,26,25,225,23,28,24,291,28,1*6B
$GPGSV,3,3,10,29,58,152,35,31,21,258,24,1*6B
$GPGSV,3,1,10,05,38,122,40,12,22,036,26,13,16,032,25,18,66,264,19,6*6B
$GPGSV,3,2,10,23,23,356,40,25,55,021,46,26,25,225,18,28,24,291,28,6*62
$GPGSV,3,3,10,29,58,152,12,31,21,258,28,6*65
$GPGSV,2,1,06,13,16,032,20,18,66,264,26,23,23,356,43,25,55,021,53,8*66
$GPGSV,2,2,06,26,25,225,22,28,24,291,26,8*6F
$GPGSV,1,1,03,15,08,057,,20,01,084,,21,09,141,,0*59
$GAGSV,2,1,07,02,31,221,16,10,38,143,39,11,67,157,24,14,22,091,25,1*7F
$GAGSV,2,2,07,16,40,045,39,25,87,170,34,36,56,301,24,1*41
$GAGSV,1,1,03,10,38,143,31,16,40,045,47,25,87,170,33,5*43
$GAGSV,1,1,04,10,38,143,35,14,22,091,22,16,40,045,43,25,87,170,33,7*7B
$GAGSV,1,1,02,12,15,139,,34,07,313,,0*7B
$GBGSV,2,1,08,12,21,097,25,19,23,069,26,20,15,117,22,22,09,018,23,3*74
$GBGSV,2,2,08,24,23,229,31,29,25,121,45,35,61,185,17,39,32,000,49,3*72
$GBGSV,3,1,10,12,21,097,20,19,23,069,34,20,15,117,21,22,09,018,19,5*76
$GBGSV,3,2,10,24,23,229,28,26,53,278,18,29,25,121,43,31,34,259,24,5*74
$GBGSV,3,3,10,35,61,185,22,39,32,000,46,5*77
$GBGSV,3,1,09,12,21,097,31,19,23,069,30,20,15,117,19,24,23,229,29,8*71
$GBGSV,3,2,09,26,53,278,24,29,25,121,46,31,34,259,22,35,61,185,24,8*72
$GBGSV,3,3,09,39,32,000,45,8*4C
$GBGSV,1,1,01,11,05,113,,0*40
$GNGLL,3001.74233,S,05112.75041,W,165943.00,A,D*72
$GNRMC,165944.00,A,3001.74233,S,05112.75041,W,0.006,,090926,,,F,V*16
$GNVTG,,T,,M,0.006,N,0.011,K,D*3E
$GNGGA,165944.00,3001.74233,S,05112.75041,W,5,12,0.59,48.2,M,4.8,M,2.0,0920*6B
$GNGSA,M,3,05,12,13,18,23,25,26,28,29,31,,,1.18,0.59,1.02,1*06
$GNGSA,M,3,16,25,36,10,11,,,,,,,,1.18,0.59,1.02,3*0C
$GNGSA,M,3,12,19,20,24,26,29,35,39,,,,,1.18,0.59,1.02,4*03
$GPGSV,3,1,10,05,38,122,47,12,22,036,41,13,16,032,31,18,66,264,23,1*66
$GPGSV,3,2,10,23,23,356,43,25,55,021,52,26,25,225,23,28,24,291,28,1*6B
$GPGSV,3,3,10,29,58,152,35,31,21,258,23,1*6C
$GPGSV,3,1,10,05,38,122,40,12,22,036,26,13,16,032,25,18,66,264,19,6*6B
$GPGSV,3,2,10,23,23,356,40,25,55,021,46,26,25,225,17,28,24,291,27,6*62
$GPGSV,3,3,10,29,58,152,11,31,21,258,28,6*66
$GPGSV,2,1,06,13,16,032,20,18,66,264,26,23,23,356,44,25,55,021,53,8*61
$GPGSV,2,2,06,26,25,225,22,28,24,291,26,8*6F
$GPGSV,1,1,03,15,08,057,,20,01,084,,21,09,141,,0*59
$GAGSV,2,1,07,02,31,221,15,10,38,143,39,11,67,157,24,14,22,091,26,1*7F
$GAGSV,2,2,07,16,40,045,39,25,87,170,34,36,56,301,24,1*41
$GAGSV,1,1,03,10,38,143,31,16,40,045,47,25,87,170,33,5*43
$GAGSV,1,1,04,10,38,143,35,14,22,091,22,16,40,045,43,25,87,170,33,7*7B
$GAGSV,1,1,02,12,15,139,,34,07,313,,0*7B
$GBGSV,2,1,08,12,21,097,25,19,23,069,26,20,15,117,22,22,09,018,23,3*74
$GBGSV,2,2,08,24,23,229,31,29,25,121,44,35,61,185,17,39,32,000,49,3*73
$GBGSV,3,1,10,12,21,097,20,19,23,069,34,20,15,117,21,22,09,018,19,5*76
$GBGSV,3,2,10,24,23,229,27,26,53,278,19,29,25,121,43,31,34,259,24,5*7A
$GBGSV,3,3,10,35,61,185,22,39,32,000,46,5*77
$GBGSV,3,1,09,12,21,097,31,19,23,069,30,20,15,117,18,24,23,229,30,8*78
$GBGSV,3,2,09,26,53,278,24,29,25,121,46,31,34,259,21,35,61,185,24,8*71
$GBGSV,3,3,09,39,32,000,45,8*4C
$GBGSV,1,1,01,11,05,113,,0*40
$GNGLL,3001.74233,S,05112.75041,W,165944.00,A,D*75
$GNRMC,165945.00,A,3001.74233,S,05112.75042,W,0.030,,090926,,,F,V*11
$GNVTG,,T,,M,0.030,N,0.056,K,D*38
$GNGGA,165945.00,3001.74233,S,05112.75042,W,5,12,0.59,48.2,M,4.8,M,2.0,0920*69
$GNGSA,M,3,05,12,13,18,23,25,26,28,29,31,,,1.18,0.59,1.02,1*06
$GNGSA,M,3,16,25,36,10,11,,,,,,,,1.18,0.59,1.02,3*0C
$GNGSA,M,3,12,19,20,24,26,29,35,39,,,,,1.18,0.59,1.02,4*03
$GPGSV,3,1,10,05,38,122,47,12,22,036,41,13,16,032,31,18,66,264,23,1*66
$GPGSV,3,2,10,23,23,356,43,25,55,021,52,26,25,225,22,28,24,291,28,1*6A
$GPGSV,3,3,10,29,58,152,35,31,21,258,24,1*6B
$GPGSV,3,1,10,05,38,122,40,12,22,036,26,13,16,032,25,18,66,264,18,6*6A
$GPGSV,3,2,10,23,23,356,40,25,55,021,46,26,25,225,17,28,24,291,27,6*62
$GPGSV,3,3,10,29,58,152,10,31,21,258,28,6*67
$GPGSV,2,1,06,13,16,032,20,18,66,264,26,23,23,356,44,25,55,021,53,8*61
$GPGSV,2,2,06,26,25,225,22,28,24,291,26,8*6F
$GPGSV,1,1,03,15,08,057,,20,01,084,,21,09,141,,0*59
$GAGSV,2,1,07,02,31,221,16,10,38,143,39,11,67,157,23,14,22,091,25,1*78
$GAGSV,2,2,07,16,40,045,39,25,87,170,34,36,56,301,25,1*40
$GAGSV,1,1,03,10,38,143,32,16,40,045,47,25,87,170,33,5*40
$GAGSV,1,1,04,10,38,143,35,14,22,091,22,16,40,045,43,25,87,170,33,7*7B
$GAGSV,1,1,02,12,15,139,,34,07,313,,0*7B
$GBGSV,2,1,08,12,21,097,25,19,23,069,25,20,15,117,22,22,09,018,23,3*77
$GBGSV,2,2,08,24,23,229,31,29,25,121,44,35,61,185,17,39,32,000,49,3*73
$GBGSV,3,1,10,12,21,097,20,19,23,069,34,20,15,117,21,22,09,018,19,5*76
$GBGSV,3,2,10,24,23,229,28,26,53,278,18,29,25,121,43,31,34,259,23,5*73
$GBGSV,3,3,10,35,61,185,22,39,32,000,46,5*77
$GBGSV,3,1,09,12,21,097,30,19,23,069,30,20,15,117,19,24,23,229,31,8*79
$GBGSV,3,2,09,26,53,278,24,29,25,121,46,31,34,259,21,35,61,185,24,8*71
$GBGSV,3,3,09,39,32,000,45,8*4C
$GBGSV,1,1,01,11,05,113,,0*40
$GNGLL,3001.74233,S,05112.75042,W,165945.00,A,D*77
$GNRMC,165946.00,A,3001.74233,S,05112.75041,W,0.039,,090926,,,F,V*18
$GNVTG,,T,,M,0.039,N,0.072,K,D*37
$GNGGA,165946.00,3001.74233,S,05112.75041,W,5,12,0.59,48.2,M,4.8,M,2.0,0920*69
$GNGSA,M,3,05,12,13,18,23,25,26,28,29,31,,,1.18,0.59,1.02,1*06
$GNGSA,M,3,16,25,36,02,10,11,,,,,,,1.18,0.59,1.02,3*0E
$GNGSA,M,3,12,19,20,24,26,29,31,35,39,,,,1.18,0.59,1.02,4*01
$GPGSV,3,1,10,05,38,122,47,12,22,036,41,13,16,032,30,18,66,264,22,1*66
$GPGSV,3,2,10,23,23,356,43,25,55,021,52,26,25,225,23,28,24,291,29,1*6A
$GPGSV,3,3,10,29,58,152,35,31,21,258,24,1*6B
$GPGSV,3,1,10,05,38,122,40,12,22,036,26,13,16,032,25,18,66,264,19,6*6B
$GPGSV,3,2,10,23,23,356,40,25,55,021,46,26,25,225,16,28,24,291,27,6*63
$GPGSV,3,3,10,29,58,152,08,31,21,258,27,6*61
$GPGSV,2,1,06,13,16,032,21,18,66,264,26,23,23,356,44,25,55,021,53,8*60
$GPGSV,2,2,06,26,25,225,22,28,24,291,27,8*6E
$GPGSV,1,1,03,15,08,057,,20,01,084,,21,09,141,,0*59
$GAGSV,2,1,07,02,31,221,17,10,38,143,39,11,67,157,23,14,22,091,25,1*79
$GAGSV,2,2,07,16,40,045,39,25,87,170,34,36,56,301,24,1*41
$GAGSV,1,1,03,10,38,143,31,16,40,045,47,25,87,170,33,5*43
$GAGSV,1,1,04,10,38,143,35,14,22,091,22,16,40,045,43,25,87,170,33,7*7B
$GAGSV,1,1,02,12,15,139,,34,07,313,,0*7B
$GBGSV,2,1,08,12,21,097,25,19,23,069,25,20,15,117,22,22,09,018,23,3*77
$GBGSV,2,2,08,24,23,229,31,29,25,121,44,35,61,185,17,39,32,000,49,3*73
$GBGSV,3,1,10,12,21,097,21,19,23,069,33,20,15,117,21,22,09,018,19,5*70
$GBGSV,3,2,10,24,23,229,27,26,53,278,18,29,25,121,43,31,34,259,23,5*7C
$GBGSV,3,3,10,35,61,185,22,39,32,000,46,5*77
$GBGSV,3,1,09,12,21,097,30,19,23,069,30,20,15,117,19,24,23,229,32,8*7A
$GBGSV,3,2,09,26,53,278,24,29,25,121,46,31,34,259,21,35,61,185,24,8*71
$GBGSV,3,3,09,39,32,000,45,8*4C
$GBGSV,1,1,01,11,05,113,,0*40
$GNGLL,3001.74233,S,05112.75041,W,165946.00,A,D*77
$GNRMC,165947.00,A,3001.74234,S,05112.75041,W,0.021,,090926,,,F,V*17
$GNVTG,,T,,M,0.021,N,0.038,K,D*30
$GNGGA,165947.00,3001.74234,S,05112.75041,W,5,12,0.59,48.3,M,4.8,M,2.0,0920*6E
$GNGSA,M,3,05,12,13,18,23,25,26,28,29,31,,,1.18,0.59,1.02,1*06
$GNGSA,M,3,16,25,36,02,10,11,,,,,,,1.18,0.59,1.02,3*0E
$GNGSA,M,3,12,19,20,24,26,29,31,35,39,,,,1.18,0.59,1.02,4*01
$GPGSV,3,1,10,05,38,122,47,12,22,036,41,13,16,032,30,18,66,264,22,1*66
$GPGSV,3,2,10,23,23,356,43,25,55,021,52,26,25,225,22,28,24,291,29,1*6B
$GPGSV,3,3,10,29,58,152,35,31,21,258,25,1*6A
$GPGSV,3,1,10,05,38,122,40,12,22,036,26,13,16,032,25,18,66,264,19,6*6B
$GPGSV,3,2,10,23,23,356,40,25,55,021,46,26,25,225,16,28,24,291,27,6*63
$GPGSV,3,3,10,29,58,152,08,31,21,258,27,6*61
$GPGSV,2,1,06,13,16,032,20,18,66,264,26,23,23,356,44,25,55,021,53,8*61
$GPGSV,2,2,06,26,25,225,22,28,24,291,27,8*6E
$GPGSV,1,1,03,15,08,057,,20,01,084,,21,09,141,,0*59
$GAGSV,2,1,07,02,31,221,16,10,38,143,39,11,67,157,23,14,22,091,25,1*78
$GAGSV,2,2,07,16,40,045,39,25,87,170,34,36,56,301,25,1*40
$GAGSV,1,1,03,10,38,143,31,16,40,045,47,25,87,170,32,5*42
$GAGSV,1,1,04,10,38,143,35,14,22,091,22,16,40,045,43,25,87,170,34,7*7C
$GAGSV,1,1,02,12,15,139,,34,07,313,,0*7B
$GBGSV,2,1,08,12,21,097,25,19,23,069,24,20,15,117,22,22,09,018,22,3*77
$GBGSV,2,2,08,24,23,229,31,29,25,121,44,35,61,185,16,39,32,000,49,3*72
$GBGSV,3,1,10,12,21,097,21,19,23,069,33,20,15,117,21,22,09,018,19,5*70
$GBGSV,3,2,10,24,23,229,27,26,53,278,18,29,25,121,43,31,34,259,23,5*7C
$GBGSV,3,3,10,35,61,185,22,39,32,000,46,5*77
$GBGSV,3,1,09,12,21,097,30,19,23,069,30,20,15,117,19,24,23,229,32,8*7A
$GBGSV,3,2,09,26,53,278,23,29,25,121,46,31,34,259,21,35,61,185,24,8*76
$GBGSV,3,3,09,39,32,000,45,8*4C
$GBGSV,1,1,01,11,05,113,,0*40
$GNGLL,3001.74234,S,05112.75041,W,165947.00,A,D*71
$GNRMC,165948.00,A,3001.74234,S,05112.75041,W,0.018,,090926,,,F,V*12
$GNVTG,,T,,M,0.018,N,0.033,K,D*31
$GNGGA,165948.00,3001.74234,S,05112.75041,W,5,12,0.59,48.3,M,4.8,M,2.0,0920*61
$GNGSA,M,3,05,12,13,18,23,25,26,28,29,31,,,1.18,0.59,1.02,1*06
$GNGSA,M,3,16,25,36,02,10,11,,,,,,,1.18,0.59,1.02,3*0E
$GNGSA,M,3,12,19,20,24,26,29,35,39,,,,,1.18,0.59,1.02,4*03
$GPGSV,3,1,10,05,38,122,47,12,22,036,41,13,16,032,30,18,66,264,21,1*65
$GPGSV,3,2,10,23,23,356,43,25,55,021,52,26,25,225,22,28,24,291,28,1*6A
$GPGSV,3,3,10,29,58,152,35,31,21,258,25,1*6A
$GPGSV,3,1,09,05,38,122,40,12,22,036,26,13,16,032,25,18,66,264,20,6*69
$GPGSV,3,2,09,23,23,356,40,25,55,021,46,26,25,225,16,28,24,291,27,6*6B
$GPGSV,3,3,09,31,21,258,27,6*51
$GPGSV,2,1,06,13,16,032,20,18,66,264,26,23,23,356,44,25,55,021,53,8*61
$GPGSV,2,2,06,26,25,225,22,28,24,291,27,8*6E
$GPGSV,1,1,03,15,08,057,,20,01,084,,21,09,141,,0*59
$GAGSV,2,1,07,02,31,221,16,10,38,143,39,11,67,157,23,14,22,091,25,1*78
$GAGSV,2,2,07,16,40,045,39,25,87,170,34,36,56,301,24,1*41
$GAGSV,1,1,03,10,38,143,31,16,40,045,48,25,87,170,33,5*4C
$GAGSV,1,1,04,10,38,143,35,14,22,091,23,16,40,045,43,25,87,170,34,7*7D
$GAGSV,1,1,02,12,15,139,,34,07,313,,0*7B
$GBGSV,2,1,08,12,21,097,24,19,23,069,24,20,15,117,22,22,09,018,23,3*77
$GBGSV,2,2,08,24,23,229,31,29,25,121,44,35,61,185,16,39,32,000,49,3*72
$GBGSV,3,1,10,12,21,097,21,19,23,069,33,20,15,117,20,22,09,018,19,5*71
$GBGSV,3,2,10,24,23,229,27,26,53,278,19,29,25,121,42,31,34,259,23,5*7C
$GBGSV,3,3,10,35,61,185,22,39,32,000,46,5*77
$GBGSV,3,1,09,12,21,097,30,19,23,069,30,20,15,117,20,24,23,229,32,8*70
$GBGSV,3,2,09,26,53,278,23,29,25,121,46,31,34,259,21,35,61,185,24,8*76
$GBGSV,3,3,09,39,32,000,45,8*4C
$GBGSV,1,1,01,11,05,113,,0*40
$GNGLL,3001.74234,S,05112.75041,W,165948.00,A,D*7E
$GNRMC,165949.00,A,3001.74234,S,05112.75041,W,0.010,,090926,,,F,V*1B
$GNVTG,,T,,M,0.010,N,0.019,K,D*31
$GNGGA,165949.00,3001.74234,S,05112.75041,W,5,12,0.59,48.3,M,4.8,M,2.0,0920*60
$GNGSA,M,3,05,12,13,18,23,25,26,28,29,31,,,1.18,0.59,1.02,1*06
$GNGSA,M,3,16,25,36,02,10,11,,,,,,,1.18,0.59,1.02,3*0E
$GNGSA,M,3,12,19,20,24,26,29,35,39,,,,,1.18,0.59,1.02,4*03
$GPGSV,3,1,10,05,38,122,47,12,22,036,41,13,16,032,30,18,66,264,21,1*65
$GPGSV,3,2,10,23,23,356,43,25,55,021,52,26,25,225,22,28,24,291,29,1*6B
$GPGSV,3,3,10,29,58,152,35,31,21,258,24,1*6B
$GPGSV,3,1,09,05,38,122,40,12,22,036,26,13,16,032,25,18,66,264,20,6*69
$GPGSV,3,2,09,23,23,356,41,25,55,021,46,26,25,225,17,28,24,291,27,6*6B
$GPGSV,3,3,09,31,21,258,27,6*51
$GPGSV,2,1,06,13,16,032,20,18,66,264,26,23,23,356,44,25,55,021,53,8*61
$GPGSV,2,2,06,26,25,225,22,28,24,291,27,8*6E
$GPGSV,1,1,03,15,08,057,,20,01,084,,21,09,141,,0*59
$GAGSV,2,1,07,02,31,221,17,10,38,143,39,11,67,157,23,14,22,091,25,1*79
$GAGSV,2,2,07,16,40,045,39,25,87,170,34,36,56,301,24,1*41
$GAGSV,1,1,03,10,38,143,31,16,40,045,48,25,87,170,33,5*4C
$GAGSV,1,1,04,10,38,143,35,14,22,091,23,16,40,045,43,25,87,170,34,7*7D
$GAGSV,1,1,02,12,15,139,,34,07,313,,0*7B
$GBGSV,2,1,08,12,21,097,23,19,23,069,24,20,15,117,22,22,09,018,22,3*71
$GBGSV,2,2,08,24,23,229,31,29,25,121,45,35,61,185,16,39,32,000,49,3*73
$GBGSV,3,1,10,12,21,097,21,19,23,069,33,20,15,117,20,22,09,018,18,5*70
$GBGSV,3,2,10,24,23,229,27,26,53,278,19,29,25,121,43,31,34,259,23,5*7D
$GBGSV,3,3,10,35,61,185,22,39,32,000,46,5*77
$GBGSV,3,1,09,12,21,097,30,19,23,069,30,20,15,117,20,24,23,229,33,8*71
$GBGSV,3,2,09,26,53,278,23,29,25,121,46,31,34,259,22,35,61,185,25,8*74
$GBGSV,3,3,09,39,32,000,45,8*4C
$GBGSV,1,1,01,11,05,113,,0*40
$GNGLL,3001.74234,S,05112.75041,W,165949.00,A,D*7F
$GNRMC,165950.00,A,3001.74234,S,05112.75041,W,0.023,,090926,,,F,V*13
$GNVTG,,T,,M,0.023,N,0.043,K,D*3E
$GNGGA,165950.00,3001.74234,S,05112.75041,W,5,12,0.59,48.3,M,4.8,M,2.0,0920*68
$GNGSA,M,3,05,12,13,18,23,25,26,28,29,31,,,1.18,0.59,1.02,1*06
$GNGSA,M,3,16,25,36,02,10,11,,,,,,,1.18,0.59,1.02,3*0E
$GNGSA,M,3,12,19,20,24,26,29,31,35,39,,,,1.18,0.59,1.02,4*01
$GPGSV,3,1,10,05,38,122,47,12,22,036,41,13,16,032,30,18,66,264,21,1*65
$GPGSV,3,2,10,23,23,356,43,25,55,021,52,26,25,225,22,28,24,291,29,1*6B
$GPGSV,3,3,10,29,58,152,35,31,21,258,24,1*6B
$GPGSV,3,1,09,05,38,122,40,12,22,036,25,13,16,032,25,18,66,264,20,6*6A
$GPGSV,3,2,09,23,23,356,41,25,55,021,46,26,25,225,17,28,24,291,27,6*6B
$GPGSV,3,3,09,31,21,258,27,6*51
$GPGSV,2,1,06,13,16,032,21,18,66,264,26,23,23,356,44,25,55,021,53,8*60
$GPGSV,2,2,06,26,25,225,22,28,24,291,28,8*61
$GPGSV,1,1,03,15,08,057,,20,01,084,,21,09,141,,0*59
$GAGSV,2,1,07,02,31,221,17,10,38,143,39,11,67,157,23,14,22,091,25,1*79
$GAGSV,2,2,07,16,40,045,39,25,87,170,34,36,56,301,24,1*41
$GAGSV,1,1,03,10,38,143,31,16,40,045,47,25,87,170,33,5*43
$GAGSV,1,1,04,10,38,143,35,14,22,091,23,16,40,045,43,25,87,170,34,7*7D
$GAGSV,1,1,02,12,15,139,,34,07,313,,0*7B
$GBGSV,2,1,08,12,21,097,22,19,23,069,23,20,15,117,22,22,09,018,23,3*76
$GBGSV,2,2,08,24,23,229,30,29,25,121,44,35,61,185,16,39,32,000,49,3*73
$GBGSV,3,1,10,12,21,097,21,19,23,069,34,20,15,117,20,22,09,018,19,5*76
$GBGSV,3,2,10,24,23,229,27,26,53,278,19,29,25,121,42,31,34,259,23,5*7C
$GBGSV,3,3,10,35,61,185,22,39,32,000,46,5*77
$GBGSV,3,1,09,12,21,097,30,19,23,069,30,20,15,117,19,24,23,229,33,8*7B
$GBGSV,3,2,09,26,53,278,23,29,25,121,46,31,34,259,22,35,61,185,25,8*74
$GBGSV,3,3,09,39,32,000,45,8*4C
$GBGSV,1,1,01,11,05,112,,0*41
$GNGLL,3001.74234,S,05112.75041,W,165950.00,A,D*77
$GNRMC,165951.00,A,3001.74234,S,05112.75041,W,0.012,,090926,,,F,V*10
$GNVTG,,T,,M,0.012,N,0.022,K,D*3B
$GNGGA,165951.00,3001.74234,S,05112.75041,W,5,12,0.56,48.3,M,4.8,M,2.0,0920*66
$GNGSA,M,3,05,12,13,18,23,25,26,28,29,31,,,1.14,0.56,0.99,1*06
$GNGSA,M,3,16,25,36,02,10,11,,,,,,,1.14,0.56,0.99,3*0E
$GNGSA,M,3,12,19,20,24,26,29,31,35,39,,,,1.14,0.56,0.99,4*01
$GPGSV,3,1,10,05,38,122,47,12,22,036,41,13,16,032,30,18,66,264,21,1*65
$GPGSV,3,2,10,23,23,356,43,25,55,021,52,26,25,225,22,28,24,291,29,1*6B
$GPGSV,3,3,10,29,58,152,35,31,21,258,24,1*6B
$GPGSV,3,1,09,05,38,122,40,12,22,036,25,13,16,032,25,18,66,264,20,6*6A
$GPGSV,3,2,09,23,23,356,41,25,55,021,46,26,25,225,17,28,24,291,27,6*6B
$GPGSV,3,3,09,31,21,258,27,6*51
$GPGSV,2,1,06,13,16,032,21,18,66,264,26,23,23,356,44,25,55,021,53,8*60
$GPGSV,2,2,06,26,25,225,22,28,24,291,28,8*61
$GPGSV,1,1,03,15,08,057,,20,01,084,,21,09,141,,0*59
$GAGSV,2,1,07,02,31,221,17,10,38,143,39,11,67,157,23,14,22,091,25,1*79
$GAGSV,2,2,07,16,40,045,39,25,87,170,34,36,56,301,24,1*41
$GAGSV,1,1,03,10,38,143,31,16,40,045,47,25,87,170,32,5*42
$GAGSV,1,1,04,10,38,143,35,14,22,091,23,16,40,045,43,25,87,170,34,7*7D
$GAGSV,1,1,02,12,15,139,,34,07,313,,0*7B
$GBGSV,2,1,08,12,21,098,21,19,23,069,23,20,15,117,23,22,09,018,22,3*7A
$GBGSV,2,2,08,24,23,229,30,29,25,121,44,35,61,185,14,39,32,000,49,3*71
$GBGSV,3,1,10,12,21,098,21,19,23,069,33,20,15,117,20,22,09,018,19,5*7E
$GBGSV,3,2,10,24,23,229,27,26,53,278,19,29,25,121,43,31,34,259,22,5*7C
$GBGSV,3,3,10,35,61,185,22,39,32,000,46,5*77
$GBGSV,3,1,09,12,21,098,29,19,23,069,30,20,15,117,19,24,23,229,33,8*7C
$GBGSV,3,2,09,26,53,278,24,29,25,121,46,31,34,259,22,35,61,185,25,8*73
$GBGSV,3,3,09,39,32,000,45,8*4C
$GBGSV,1,1,01,11,05,112,,0*41
$GNGLL,3001.74234,S,05112.75041,W,165951.00,A,D*76
$GNRMC,165952.00,A,3001.74234,S,05112.75041,W,0.013,,090926,,,F,V*12
$GNVTG,,T,,M,0.013,N,0.025,K,D*3D
$GNGGA,165952.00,3001.74234,S,05112.75041,W,5,12,0.56,48.3,M,4.8,M,2.0,0920*65
$GNGSA,M,3,05,12,13,18,23,25,26,28,29,31,,,1.14,0.56,0.99,1*06
$GNGSA,M,3,16,25,36,02,10,11,,,,,,,1.14,0.56,0.99,3*0E
$GNGSA,M,3,12,19,20,24,26,29,31,35,39,,,,1.14,0.56,0.99,4*01
$GPGSV,3,1,10,05,38,122,47,12,22,036,41,13,16,032,30,18,66,264,21,1*65
$GPGSV,3,2,10,23,23,356,43,25,55,021,52,26,25,225,23,28,24,291,29,1*6A
$GPGSV,3,3,10,29,58,152,35,31,21,258,24,1*6B
$GPGSV,3,1,09,05,38,122,40,12,22,036,25,13,16,032,25,18,66,264,21,6*6B
$GPGSV,3,2,09,23,23,356,41,25,55,021,46,26,25,225,17,28,24,291,27,6*6B
$GPGSV,3,3,09,31,21,258,27,6*51
$GPGSV,2,1,06,13,16,032,21,18,66,264,26,23,23,356,44,25,55,021,53,8*60
$GPGSV,2,2,06,26,25,225,22,28,24,291,28,8*61
$GPGSV,1,1,03,15,08,057,,20,01,084,,21,09,141,,0*59
$GAGSV,2,1,07,02,31,221,18,10,38,143,39,11,67,157,23,14,22,091,25,1*76
$GAGSV,2,2,07,16,40,045,39,25,87,170,34,36,56,301,25,1*40
$GAGSV,1,1,03,10,38,143,31,16,40,045,47,25,87,170,33,5*43
$GAGSV,1,1,04,10,38,143,35,14,22,091,23,16,40,045,43,25,87,170,34,7*7D
$GAGSV,1,1,02,12,15,139,,34,07,313,,0*7B
$GBGSV,2,1,08,12,21,098,21,19,23,069,23,20,15,117,23,22,09,018,23,3*7B
$GBGSV,2,2,08,24,23,229,30,29,25,121,44,35,61,185,13,39,32,000,49,3*76
$GBGSV,3,1,10,12,21,098,21,19,23,069,34,20,15,117,20,22,09,018,20,5*73
$GBGSV,3,2,10,24,23,229,27,26,53,278,18,29,25,121,43,31,34,259,22,5*7D
$GBGSV,3,3,10,35,61,185,21,39,32,000,46,5*74
$GBGSV,3,1,09,12,21,098,29,19,23,069,30,20,15,117,19,24,23,229,33,8*7C
$GBGSV,3,2,09,26,53,278,24,29,25,121,46,31,34,259,22,35,61,185,24,8*72
$GBGSV,3,3,09,39,32,000,45,8*4C
$GBGSV,1,1,01,11,05,112,,0*41
$GNGLL,3001.74234,S,05112.75041,W,165952.00,A,D*75
$GNRMC,165953.00,A,3001.74234,S,05112.75041,W,0.012,,090926,,,F,V*12
$GNVTG,,T,,M,0.012,N,0.022,K,D*3B
$GNGGA,165953.00,3001.74234,S,05112.75041,W,5,12,0.56,48.3,M,4.8,M,2.0,0920*64
$GNGSA,M,3,05,12,13,18,23,25,26,28,29,31,,,1.14,0.56,0.99,1*06
$GNGSA,M,3,16,25,36,02,10,11,,,,,,,1.14,0.56,0.99,3*0E
$GNGSA,M,3,12,19,20,24,26,29,31,35,39,,,,1.14,0.56,0.99,4*01
$GPGSV,3,1,10,05,38,122,47,12,22,036,41,13,16,032,30,18,66,264,21,1*65
$GPGSV,3,2,10,23,23,356,43,25,55,021,52,26,25,225,22,28,24,291,28,1*6A
$GPGSV,3,3,10,29,58,152,35,31,21,258,24,1*6B
$GPGSV,3,1,09,05,38,122,40,12,22,036,25,13,16,032,25,18,66,264,21,6*6B
$GPGSV,3,2,09,23,23,356,41,25,55,021,46,26,25,225,17,28,24,291,27,6*6B
$GPGSV,3,3,09,31,21,258,27,6*51
$GPGSV,2,1,06,13,16,032,20,18,66,264,26,23,23,356,44,25,55,021,53,8*61
$GPGSV,2,2,06,26,25,225,22,28,24,291,28,8*61
$GPGSV,1,1,03,15,08,057,,20,01,084,,21,09,141,,0*59
$GAGSV,2,1,07,02,31,221,18,10,38,143,39,11,67,157,23,14,22,091,25,1*76
$GAGSV,2,2,07,16,40,045,39,25,87,170,34,36,56,301,25,1*40
$GAGSV,1,1,03,10,38,143,32,16,40,045,48,25,87,170,33,5*4F
$GAGSV,1,1,04,10,38,143,35,14,22,091,23,16,40,045,43,25,87,170,34,7*7D
$GAGSV,1,1,02,12,15,139,,34,07,313,,0*7B
$GBGSV,2,1,08,12,21,098,20,19,23,069,23,20,15,117,24,22,09,018,23,3*7D
$GBGSV,2,2,08,24,23,229,29,29,25,121,44,35,61,185,13,39,32,000,49,3*7E
$GBGSV,3,1,10,12,21,098,21,19,23,069,33,20,15,117,19,22,09,018,20,5*7E
$GBGSV,3,2,10,24,23,229,27,26,53,278,19,29,25,121,43,31,34,259,23,5*7D
$GBGSV,3,3,10,35,61,185,22,39,32,000,46,5*77
$GBGSV,3,1,09,12,21,098,29,19,23,069,30,20,15,117,20,24,23,229,33,8*76
$GBGSV,3,2,09,26,53,278,24,29,25,121,46,31,34,259,22,35,61,185,24,8*72
$GBGSV,3,3,09,39,32,000,45,8*4C
$GBGSV,1,1,01,11,05,112,,0*41
$GNGLL,3001.74234,S,05112.75041,W,165953.00,A,D*74
$GNRMC,165954.00,A,3001.74234,S,05112.75041,W,0.008,,090926,,,F,V*1E
$GNVTG,,T,,M,0.008,N,0.016,K,D*37
$GNGGA,165954.00,3001.74234,S,05112.75041,W,5,12,0.56,48.3,M,4.8,M,2.0,0920*63
$GNGSA,M,3,05,12,13,18,23,25,26,28,29,31,,,1.14,0.56,0.99,1*06
$GNGSA,M,3,16,25,36,02,10,11,,,,,,,1.14,0.56,0.99,3*0E
$GNGSA,M,3,12,19,20,24,26,29,31,35,39,,,,1.14,0.56,0.99,4*01
$GPGSV,3,1,10,05,38,122,47,12,22,036,41,13,16,032,30,18,66,264,20,1*64
$GPGSV,3,2,10,23,23,356,43,25,55,021,52,26,25,225,22,28,24,291,28,1*6A
$GPGSV,3,3,10,29,58,152,35,31,21,258,24,1*6B
$GPGSV,3,1,09,05,38,122,40,12,22,036,25,13,16,032,24,18,66,264,21,6*6A
$GPGSV,3,2,09,23,23,356,41,25,55,021,46,26,25,225,16,28,24,291,27,6*6A
$GPGSV,3,3,09,31,21,258,27,6*51
$GPGSV,2,1,06,13,16,032,21,18,66,264,27,23,23,356,44,25,55,021,53,8*61
$GPGSV,2,2,06,26,25,225,22,28,24,291,28,8*61
$GPGSV,1,1,03,15,08,057,,20,01,084,,21,09,141,,0*59
$GAGSV,2,1,07,02,31,221,18,10,38,143,39,11,67,157,23,14,22,091,25,1*76
$GAGSV,2,2,07,16,40,045,39,25,87,170,34,36,56,301,24,1*41
$GAGSV,1,1,03,10,38,143,32,16,40,045,48,25,87,170,33,5*4F
$GAGSV,1,1,04,10,38,143,35,14,22,091,23,16,40,045,43,25,87,170,34,7*7D
$GAGSV,1,1,02,12,15,139,,34,07,313,,0*7B
$GBGSV,2,1,08,12,21,098,19,19,24,069,23,20,15,117,24,22,09,018,23,3*70
$GBGSV,2,2,08,24,23,229,29,29,25,121,44,35,61,185,10,39,32,000,49,3*7D
$GBGSV,3,1,10,12,21,098,21,19,24,069,34,20,15,117,20,22,09,018,20,5*74
$GBGSV,3,2,10,24,23,229,26,26,53,278,19,29,25,121,43,31,34,259,22,5*7D
$GBGSV,3,3,10,35,61,185,22,39,32,000,46,5*77
$GBGSV,3,1,10,12,21,098,29,19,24,069,30,20,15,117,20,22,09,018,18,8*7E
$GBGSV,3,2,10,24,23,229,32,26,53,278,23,29,25,121,46,31,34,259,22,8*79
$GBGSV,3,3,10,35,61,185,25,39,32,000,45,8*7E
$GBGSV,1,1,01,11,05,112,,0*41
$GNGLL,3001.74234,S,05112.75041,W,165954.00,A,D*73
$GNRMC,165955.00,A,3001.74234,S,05112.75041,W,0.040,,090926,,,F,V*13
$GNVTG,,T,,M,0.040,N,0.074,K,D*3F
$GNGGA,165955.00,3001.74234,S,05112.75041,W,5,12,0.56,48.3,M,4.8,M,2.0,0920*62
$GNGSA,M,3,05,12,13,18,23,25,26,28,29,31,,,1.14,0.56,0.99,1*06
$GNGSA,M,3,16,25,36,02,10,11,,,,,,,1.14,0.56,0.99,3*0E
$GNGSA,M,3,12,19,20,24,26,29,35,39,,,,,1.14,0.56,0.99,4*03
$GPGSV,3,1,10,05,38,122,47,12,22,036,41,13,16,032,30,18,66,264,19,1*6E
$GPGSV,3,2,10,23,23,356,43,25,55,021,52,26,25,225,22,28,24,291,28,1*6A
$GPGSV,3,3,10,29,58,152,35,31,21,258,23,1*6C
$GPGSV,3,1,09,05,38,122,40,12,22,036,25,13,16,032,24,18,66,264,22,6*69
$GPGSV,3,2,09,23,23,356,41,25,55,021,46,26,25,225,15,28,24,291,27,6*69
$GPGSV,3,3,09,31,21,258,27,6*51
$GPGSV,2,1,06,13,16,032,21,18,66,264,27,23,23,356,44,25,55,021,53,8*61
$GPGSV,2,2,06,26,25,225,22,28,24,291,29,8*60
$GPGSV,1,1,03,15,08,057,,20,01,084,,21,09,141,,0*59
$GAGSV,2,1,07,02,31,221,19,10,38,143,39,11,67,157,24,14,22,091,25,1*70
$GAGSV,2,2,07,16,40,045,39,25,87,170,34,36,56,301,24,1*41
$GAGSV,1,1,03,10,38,143,32,16,40,045,48,25,87,170,33,5*4F
$GAGSV,1,1,04,10,38,143,35,14,22,091,23,16,40,045,43,25,87,170,34,7*7D
$GAGSV,1,1,02,12,15,139,,34,07,313,,0*7B
$GBGSV,2,1,08,12,21,098,18,19,24,069,23,20,15,117,23,22,09,018,23,3*76
$GBGSV,2,2,08,24,23,229,29,29,25,121,45,35,61,185,13,39,32,000,49,3*7F
$GBGSV,3,1,11,11,05,112,13,12,21,098,22,19,24,069,34,20,15,117,20,5*71
$GBGSV,3,2,11,22,09,018,19,24,23,229,26,26,53,278,19,29,25,121,43,5*7F
$GBGSV,3,3,11,31,34,259,22,35,61,185,21,39,32,000,46,5*4E
$GBGSV,3,1,10,12,21,098,29,19,24,069,30,20,15,117,19,22,09,018,19,8*75
$GBGSV,3,2,10,24,23,229,32,26,53,278,23,29,25,121,46,31,34,259,21,8*7A
$GBGSV,3,3,10,35,61,185,25,39,32,000,45,8*7E
$GNGLL,3001.74234,S,05112.75041,W,165955.00,A,D*72
$GNRMC,165956.00,A,3001.74234,S,05112.75041,W,0.019,,090926,,,F,V*1C
$GNVTG,,T,,M,0.019,N,0.036,K,D*35
$GNGGA,165956.00,3001.74234,S,05112.75041,W,5,12,0.56,48.3,M,4.8,M,2.0,0920*61
$GNGSA,M,3,05,12,13,18,23,25,26,28,29,31,,,1.14,0.56,0.99,1*06
$GNGSA,M,3,16,25,36,02,10,11,,,,,,,1.14,0.56,0.99,3*0E
$GNGSA,M,3,12,19,20,24,26,29,31,35,39,,,,1.14,0.56,0.99,4*01
$GPGSV,3,1,10,05,38,122,47,12,22,036,41,13,16,032,30,18,66,264,19,1*6E
$GPGSV,3,2,10,23,23,356,43,25,55,021,52,26,25,225,23,28,24,291,27,1*64
$GPGSV,3,3,10,29,58,152,35,31,21,258,22,1*6D
$GPGSV,3,1,09,05,38,122,40,12,22,036,25,13,16,032,25,18,66,264,22,6*68
$GPGSV,3,2,09,23,23,356,41,25,55,021,46,26,25,225,15,28,24,291,27,6*69
$GPGSV,3,3,09,31,21,258,27,6*51
$GPGSV,2,1,06,13,16,032,21,18,66,264,27,23,23,356,44,25,55,021,53,8*61
$GPGSV,2,2,06,26,25,225,22,28,24,291,29,8*60
$GPGSV,1,1,03,15,08,057,,20,01,084,,21,09,141,,0*59
$GAGSV,2,1,07,02,31,221,19,10,38,143,39,11,67,157,24,14,22,091,25,1*70
$GAGSV,2,2,07,16,40,045,39,25,87,170,34,36,56,301,24,1*41
$GAGSV,1,1,03,10,38,143,32,16,40,045,48,25,87,170,33,5*4F
$GAGSV,1,1,04,10,38,143,35,14,22,091,24,16,40,045,43,25,87,170,34,7*7A
$GAGSV,1,1,02,12,15,139,,34,07,313,,0*7B
$GBGSV,2,1,08,12,21,098,16,19,24,069,23,20,15,117,23,22,09,018,22,3*79
$GBGSV,2,2,08,24,23,229,28,29,25,121,45,35,61,185,10,39,32,000,49,3*7D
$GBGSV,3,1,11,11,05,112,14,12,21,098,22,19,24,069,34,20,15,117,20,5*76
$GBGSV,3,2,11,22,09,018,19,24,23,229,26,26,53,278,20,29,25,121,43,5*75
$GBGSV,3,3,11,31,34,259,22,35,61,185,22,39,32,000,46,5*4D
$GBGSV,3,1,10,12,21,098,29,19,24,069,30,20,15,117,19,22,09,018,19,8*75
$GBGSV,3,2,10,24,23,229,32,26,53,278,24,29,25,121,46,31,34,259,21,8*7D
$GBGSV,3,3,10,35,61,185,24,39,32,000,45,8*7F
$GNGLL,3001.74234,S,05112.75041,W,165956.00,A,D*71
$GNRMC,165957.00,A,3001.74234,S,05112.75041,W,0.016,,090926,,,F,V*12
$GNVTG,,T,,M,0.016,N,0.029,K,D*34
$GNGGA,165957.00,3001.74234,S,05112.75041,W,5,12,0.56,48.3,M,4.8,M,2.0,0920*60
$GNGSA,M,3,05,12,13,18,23,25,26,28,29,31,,,1.14,0.56,0.99,1*06
$GNGSA,M,3,16,25,36,02,10,11,,,,,,,1.14,0.56,0.99,3*0E
$GNGSA,M,3,12,19,20,24,26,29,31,35,39,,,,1.14,0.56,0.99,4*01
$GPGSV,3,1,10,05,38,122,47,12,22,036,41,13,16,032,30,18,66,264,21,1*65
$GPGSV,3,2,10,23,23,356,43,25,55,021,52,26,25,225,23,28,24,291,27,1*64
$GPGSV,3,3,10,29,58,152,35,31,21,258,22,1*6D
$GPGSV,3,1,09,05,38,122,40,12,22,036,25,13,16,032,25,18,66,264,22,6*68
$GPGSV,3,2,09,23,23,356,41,25,55,021,46,26,25,225,16,28,24,291,27,6*6A
$GPGSV,3,3,09,31,21,258,27,6*51
$GPGSV,2,1,06,13,16,032,21,18,66,264,27,23,23,356,44,25,55,021,53,8*61
$GPGSV,2,2,06,26,25,225,22,28,24,291,29,8*60
$GPGSV,1,1,03,15,08,057,,20,01,084,,21,09,141,,0*59
$GAGSV,2,1,07,02,31,221,19,10,38,143,39,11,67,157,24,14,22,091,25,1*70
$GAGSV,2,2,07,16,40,045,39,25,87,170,34,36,56,301,24,1*41
$GAGSV,1,1,03,10,38,143,32,16,40,045,48,25,87,170,33,5*4F
$GAGSV,1,1,04,10,38,143,35,14,22,091,24,16,40,045,43,25,87,170,34,7*7A
$GAGSV,1,1,02,12,15,139,,34,07,313,,0*7B
$GBGSV,2,1,08,12,21,098,15,19,24,069,22,20,15,117,24,22,10,019,21,3*76
$GBGSV,2,2,08,24,23,229,27,29,25,121,44,35,61,185,12,39,32,000,49,3*71
$GBGSV,3,1,11,11,05,112,14,12,21,098,22,19,24,069,34,20,15,117,19,5*7C
$GBGSV,3,2,11,22,10,019,19,24,23,229,26,26,53,278,19,29,25,121,42,5*77
$GBGSV,3,3,11,31,34,259,22,35,61,185,22,39,32,000,46,5*4D
$GBGSV,3,1,10,12,21,098,29,19,24,069,31,20,15,117,18,22,10,019,20,8*76
$GBGSV,3,2,10,24,23,229,31,26,53,278,23,29,25,121,46,31,34,259,21,8*79
$GBGSV,3,3,10,35,61,185,24,39,32,000,45,8*7F
$GNGLL,3001.74234,S,05112.75041,W,165957.00,A,D*70
$GNRMC,165958.00,A,3001.74234,S,05112.75041,W,0.009,,090926,,,F,V*13
$GNVTG,,T,,M,0.009,N,0.017,K,D*37
$GNGGA,165958.00,3001.74234,S,05112.75041,W,5,12,0.56,48.3,M,4.8,M,2.0,0920*6F
$GNGSA,M,3,05,12,13,18,23,25,26,28,29,31,,,1.14,0.56,0.99,1*06
$GNGSA,M,3,16,25,36,02,10,11,,,,,,,1.14,0.56,0.99,3*0E
$GNGSA,M,3,12,19,20,24,26,29,31,35,39,,,,1.14,0.56,0.99,4*01
$GPGSV,3,1,10,05,38,122,47,12,22,036,41,13,16,032,30,18,66,264,21,1*65
$GPGSV,3,2,10,23,23,356,43,25,55,021,52,26,25,225,24,28,24,291,26,1*62
$GPGSV,3,3,10,29,58,152,35,31,21,258,22,1*6D
$GPGSV,1,1,01,29,58,152,14,5*54
$GPGSV,3,1,09,05,38,122,40,12,22,036,25,13,16,032,25,18,66,264,22,6*68
$GPGSV,3,2,09,23,23,356,41,25,55,021,46,26,25,225,17,28,24,291,27,6*6B
$GPGSV,3,3,09,31,21,258,27,6*51
$GPGSV,2,1,06,13,16,032,21,18,66,264,27,23,23,356,44,25,55,021,53,8*61
$GPGSV,2,2,06,26,25,225,22,28,24,291,29,8*60
$GPGSV,1,1,03,15,08,057,,20,01,084,,21,09,141,,0*59
$GAGSV,2,1,07,02,31,221,19,10,38,143,39,11,67,157,23,14,22,091,25,1*77
$GAGSV,2,2,07,16,40,045,39,25,87,170,34,36,56,301,24,1*41
$GAGSV,1,1,03,10,38,143,32,16,40,045,48,25,87,170,33,5*4F
$GAGSV,1,1,04,10,38,143,35,14,22,091,24,16,40,045,43,25,87,170,34,7*7A
$GAGSV,1,1,02,12,15,139,,34,07,313,,0*7B
$GBGSV,2,1,08,12,21,098,13,19,24,069,22,20,15,117,25,22,10,019,22,3*72
$GBGSV,2,2,08,24,23,229,26,29,25,121,44,35,61,185,10,39,32,000,49,3*72
$GBGSV,3,1,11,11,05,112,13,12,21,098,22,19,24,069,33,20,15,117,18,5*7D
$GBGSV,3,2,11,22,10,019,18,24,23,229,26,26,53,278,19,29,25,121,42,5*76
$GBGSV,3,3,11,31,34,259,22,35,61,185,22,39,32,000,46,5*4D
$GBGSV,3,1,10,12,21,098,29,19,24,069,31,20,15,117,17,22,10,019,20,8*79
$GBGSV,3,2,10,24,23,229,30,26,53,278,23,29,25,121,46,31,34,259,21,8*78
$GBGSV,3,3,10,35,61,185,25,39,32,000,45,8*7E
$GNGLL,3001.74234,S,05112.75041,W,165958.00,A,D*7F
$GNRMC,165959.00,A,3001.74234,S,05112.75041,W,0.005,,090926,,,F,V*1E
$GNVTG,,T,,M,0.005,N,0.009,K,D*34
$GNGGA,165959.00,3001.74234,S,05112.75041,W,5,12,0.56,48.3,M,4.8,M,2.0,0920*6E
$GNGSA,M,3,05,12,13,18,23,25,26,28,29,31,,,1.14,0.56,0.99,1*06
$GNGSA,M,3,16,25,36,02,10,11,,,,,,,1.14,0.56,0.99,3*0E
$GNGSA,M,3,12,19,20,24,26,29,31,35,39,,,,1.14,0.56,0.99,4*01
$GPGSV,3,1,10,05,38,122,47,12,22,036,41,13,16,032,30,18,66,264,21,1*65
$GPGSV,3,2,10,23,23,356,43,25,55,021,52,26,25,225,24,28,24,291,25,1*61
$GPGSV,3,3,10,29,58,152,35,31,21,258,21,1*6E
$GPGSV,3,1,10,05,38,122,40,12,22,036,26,13,16,032,25,18,66,264,22,6*63
$GPGSV,3,2,10,23,23,356,41,25,55,021,46,26,25,225,17,28,24,291,26,6*62
$GPGSV,3,3,10,29,58,152,14,31,21,258,26,6*6D
$GPGSV,2,1,06,13,16,032,21,18,66,264,27,23,23,356,44,25,55,021,53,8*61
$GPGSV,2,2,06,26,25,225,22,28,24,291,29,8*60
$GPGSV,1,1,03,15,08,057,,20,01,084,,21,09,141,,0*59
$GAGSV,2,1,07,02,31,221,19,10,38,143,39,11,67,157,23,14,22,091,25,1*77
$GAGSV,2,2,07,16,40,045,39,25,87,170,34,36,56,301,25,1*40
$GAGSV,1,1,03,10,38,143,32,16,40,045,48,25,87,170,33,5*4F
$GAGSV,1,1,04,10,38,143,35,14,22,091,24,16,40,045,43,25,87,170,34,7*7A
$GAGSV,1,1,02,12,15,139,,34,07,313,,0*7B
$GBGSV,2,1,08,12,21,098,12,19,24,069,22,20,15,117,24,22,10,019,22,3*72
$GBGSV,2,2,08,24,24,229,25,29,25,121,44,35,61,185,12,39,32,000,49,3*74
$GBGSV,3,1,11,11,05,112,13,12,21,098,22,19,24,069,34,20,15,117,18,5*7A
$GBGSV,3,2,11,22,10,019,18,24,24,229,26,26,53,278,20,29,25,121,42,5*7B
$GBGSV,3,3,11,31,34,259,22,35,61,185,21,39,32,000,46,5*4E
$GBGSV,3,1,10,12,21,098,28,19,24,069,31,20,15,117,18,22,10,019,20,8*77
$GBGSV,3,2,10,24,24,229,29,26,53,278,23,29,25,121,46,31,34,259,21,8*77
$GBGSV,3,3,10,35,61,185,25,39,32,000,45,8*7E
$GNGLL,3001.74234,S,05112.75041,W,165959.00,A,D*7E
$GNRMC,170000.00,A,3001.74235,S,05112.75042,W,0.031,,090926,,,F,V*1A
$GNVTG,,T,,M,0.031,N,0.058,K,D*37
$GNGGA,170000.00,3001.74235,S,05112.75042,W,5,12,0.56,48.3,M,4.8,M,2.0,0920*6D
$GNGSA,M,3,05,12,13,18,23,25,26,28,29,31,,,1.14,0.56,0.99,1*06
$GNGSA,M,3,16,25,36,02,10,11,,,,,,,1.14,0.56,0.99,3*0E
$GNGSA,M,3,12,19,20,24,26,29,31,35,39,,,,1.14,0.56,0.99,4*01
$GPGSV,3,1,11,05,38,122,47,12,22,036,41,13,16,032,30,18,66,264,21,1*64
$GPGSV,3,2,11,21,09,141,25,23,23,356,43,25,55,021,52,26,25,225,25,1*69
$GPGSV,3,3,11,28,24,291,25,29,58,152,35,31,21,258,20,1*5F
$GPGSV,3,1,10,05,38,122,40,12,22,036,26,13,16,032,25,18,66,264,23,6*62
$GPGSV,3,2,10,23,23,356,41,25,55,021,46,26,25,225,17,28,24,291,26,6*62
$GPGSV,3,3,10,29,58,152,13,31,21,258,26,6*6A
$GPGSV,2,1,06,13,16,032,21,18,66,264,27,23,23,356,44,25,55,021,53,8*61
$GPGSV,2,2,06,26,25,225,22,28,24,291,29,8*60
$GPGSV,1,1,02,15,08,057,,20,01,084,,0*66
$GAGSV,2,1,07,02,31,221,20,10,38,143,39,11,67,157,23,14,22,091,25,1*7D
$GAGSV,2,2,07,16,40,045,38,25,87,170,34,36,56,301,25,1*41
$GAGSV,1,1,03,10,38,143,32,16,40,045,48,25,87,170,33,5*4F
$GAGSV,1,1,04,10,38,143,35,14,22,091,24,16,40,045,43,25,87,170,35,7*7B
$GAGSV,1,1,02,12,15,139,,34,07,313,,0*7B
$GBGSV,2,1,08,12,21,098,11,19,24,069,21,20,15,117,24,22,10,019,22,3*72
$GBGSV,2,2,08,24,24,229,24,29,25,121,44,35,61,185,13,39,32,000,49,3*74
$GBGSV,3,1,11,11,05,112,13,12,21,098,22,19,24,069,34,20,15,117,18,5*7A
$GBGSV,3,2,11,22,10,019,18,24,24,229,26,26,53,278,20,29,25,121,43,5*7A
$GBGSV,3,3,11,31,34,259,22,35,61,185,22,39,32,000,46,5*4D
$GBGSV,3,1,10,12,21,098,28,19,24,069,30,20,15,117,17,22,10,019,21,8*78
$GBGSV,3,2,10,24,24,229,29,26,53,278,23,29,25,121,46,31,34,259,20,8*76
$GBGSV,3,3,10,35,61,185,25,39,32,000,45,8*7E
$GNGLL,3001.74235,S,05112.75042,W,170000.00,A,D*7D
$GNRMC,170001.00,A,3001.74234,S,05112.75041,W,0.014,,090926,,,F,V*1E
$GNVTG,,T,,M,0.014,N,0.027,K,D*38
$GNGGA,170001.00,3001.74234,S,05112.75041,W,5,12,0.56,48.3,M,4.8,M,2.0,0920*6E
$GNGSA,M,3,05,12,13,18,23,25,26,28,29,31,,,1.14,0.56,0.99,1*06
$GNGSA,M,3,16,25,36,02,10,11,,,,,,,1.14,0.56,0.99,3*0E
$GNGSA,M,3,12,19,20,24,26,29,31,35,39,,,,1.14,0.56,0.99,4*01
$GPGSV,3,1,10,05,38,122,47,12,22,036,41,13,16,032,30,18,66,264,21,1*65
$GPGSV,3,2,10,23,23,356,43,25,55,021,52,26,25,225,25,28,24,291,25,1*60
$GPGSV,3,3,10,29,58,152,35,31,21,258,21,1*6E
$GPGSV,3,1,10,05,38,122,40,12,22,036,26,13,16,032,25,18,66,264,23,6*62
$GPGSV,3,2,10,23,23,356,41,25,55,021,46,26,25,225,17,28,24,291,25,6*61
$GPGSV,3,3,10,29,58,152,12,31,21,258,26,6*6B
$GPGSV,2,1,06,13,16,032,21,18,66,264,27,23,23,356,44,25,55,021,53,8*61
$GPGSV,2,2,06,26,25,225,22,28,24,291,29,8*60
$GPGSV,1,1,03,15,08,057,,20,01,084,,21,09,141,,0*59
$GAGSV,2,1,07,02,31,221,20,10,38,143,39,11,67,157,23,14,22,091,25,1*7D
$GAGSV,2,2,07,16,40,045,38,25,87,170,34,36,56,301,25,1*41
$GAGSV,1,1,03,10,38,143,32,16,40,045,48,25,87,170,33,5*4F
$GAGSV,1,1,04,10,38,143,35,14,22,091,25,16,40,045,43,25,87,170,35,7*7A
$GAGSV,1,1,02,12,15,139,,34,07,313,,0*7B
$GBGSV,2,1,08,12,21,098,11,19,24,069,20,20,15,117,24,22,10,019,21,3*70
$GBGSV,2,2,08,24,24,229,23,29,25,121,44,35,61,185,09,39,32,000,49,3*78
$GBGSV,3,1,11,11,05,112,14,12,21,098,21,19,24,069,34,20,15,117,18,5*7E
$GBGSV,3,2,11,22,10,019,18,24,24,229,26,26,53,280,20,29,25,121,42,5*7C
$GBGSV,3,3,11,31,34,259,22,35,61,185,22,39,32,000,46,5*4D
$GBGSV,3,1,10,12,21,098,27,19,24,069,31,20,15,117,16,22,10,019,21,8*77
$GBGSV,3,2,10,24,24,229,28,26,53,280,23,29,25,121,46,31,34,259,20,8*70
$GBGSV,3,3,10,35,61,185,25,39,32,000,45,8*7E
$GNGLL,3001.74234,S,05112.75041,W,170001.00,A,D*7E
$GNRMC,170002.00,A,3001.74235,S,05112.75041,W,0.014,,090926,,,F,V*1C
$GNVTG,,T,,M,0.014,N,0.025,K,D*3A
$GNGGA,170002.00,3001.74235,S,05112.75041,W,5,12,0.56,48.3,M,4.8,M,2.0,0920*6C
$GNGSA,M,3,05,12,13,18,23,25,26,28,29,31,,,1.14,0.56,0.99,1*06
$GNGSA,M,3,16,25,36,02,10,11,,,,,,,1.14,0.56,0.99,3*0E
$GNGSA,M,3,12,19,20,24,26,29,31,35,39,,,,1.14,0.56,0.99,4*01
$GPGSV,3,1,10,05,38,122,47,12,22,036,42,13,16,032,30,18,66,264,21,1*66
$GPGSV,3,2,10,23,23,356,43,25,55,021,52,26,25,225,25,28,24,291,24,1*61
$GPGSV,3,3,10,29,58,152,34,31,21,258,20,1*6E
$GPGSV,3,1,10,05,38,122,40,12,22,036,26,13,16,032,24,18,66,264,23,6*63
$GPGSV,3,2,10,23,23,356,41,25,55,021,46,26,25,225,17,28,24,291,25,6*61
$GPGSV,3,3,10,29,58,152,13,31,21,258,26,6*6A
$GPGSV,2,1,06,13,16,032,21,18,66,264,27,23,23,356,44,25,55,021,53,8*61
$GPGSV,2,2,06,26,25,225,22,28,24,291,29,8*60
$GPGSV,1,1,03,15,08,057,,20,01,084,,21,09,141,,0*59
$GAGSV,2,1,07,02,31,221,20,10,38,143,39,11,67,157,23,14,22,091,25,1*7D
$GAGSV,2,2,07,16,40,045,38,25,87,170,34,36,56,301,25,1*41
$GAGSV,1,1,03,10,38,143,32,16,40,045,48,25,87,170,33,5*4F
$GAGSV,1,1,04,10,38,143,35,14,22,091,25,16,40,045,43,25,87,170,35,7*7A
$GAGSV,1,1,02,12,15,139,,34,07,313,,0*7B
$GBGSV,2,1,08,12,21,098,10,19,24,069,19,20,15,117,24,22,10,019,21,3*7B
$GBGSV,2,2,08,24,24,229,22,29,25,121,44,35,61,185,12,39,32,000,49,3*73
$GBGSV,3,1,11,11,05,112,14,12,21,098,21,19,24,069,34,20,15,117,19,5*7F
$GBGSV,3,2,11,22,10,019,18,24,24,229,26,26,53,280,20,29,25,121,42,5*7C
$GBGSV,3,3,11,31,34,259,22,35,61,185,22,39,32,000,46,5*4D
$GBGSV,3,1,10,12,21,098,27,19,24,069,31,20,15,117,15,22,10,019,21,8*74
$GBGSV,3,2,10,24,24,229,26,26,53,280,23,29,25,121,46,31,34,259,20,8*7E
$GBGSV,3,3,10,35,61,185,25,39,32,000,45,8*7E
$GNGLL,3001.74235,S,05112.75041,W,170002.00,A,D*7C
$GNRMC,170003.00,A,3001.74234,S,05112.75041,W,0.014,,090926,,,F,V*1C
$GNVTG,,T,,M,0.014,N,0.025,K,D*3A
$GNGGA,170003.00,3001.74234,S,05112.75041,W,5,12,0.62,48.3,M,4.8,M,2.0,0920*6B
$GNGSA,M,3,05,12,13,18,23,25,26,28,29,31,,,1.26,0.62,1.09,1*08
$GNGSA,M,3,16,25,36,02,10,11,,,,,,,1.26,0.62,1.09,3*00
$GNGSA,M,3,12,19,20,24,26,29,31,35,39,,,,1.26,0.62,1.09,4*0F
$GPGSV,3,1,10,05,38,122,47,12,22,036,42,13,16,032,30,18,66,264,20,1*67
$GPGSV,3,2,10,23,23,356,43,25,55,021,52,26,25,225,26,28,24,291,23,1*65
$GPGSV,3,3,10,29,58,152,34,31,21,258,20,1*6E
$GPGSV,3,1,10,05,38,122,40,12,22,036,26,13,16,032,24,18,66,264,23,6*63
$GPGSV,3,2,10,23,23,356,41,25,55,021,46,26,25,225,18,28,24,291,25,6*6E
$GPGSV,3,3,10,29,58,152,12,31,21,258,26,6*6B
$GPGSV,2,1,06,13,16,032,22,18,66,264,27,23,23,356,44,25,55,021,53,8*62
$GPGSV,2,2,06,26,25,225,22,28,24,291,29,8*60
$GPGSV,1,1,03,15,08,057,,20,01,084,,21,09,141,,0*59
$GAGSV,2,1,07,02,31,221,20,10,38,143,39,11,67,157,23,14,22,091,25,1*7D
$GAGSV,2,2,07,16,40,045,38,25,87,170,34,36,56,301,25,1*41
$GAGSV,1,1,03,10,38,143,32,16,40,045,48,25,87,170,32,5*4E
$GAGSV,1,1,04,10,38,143,35,14,22,091,25,16,40,045,43,25,87,170,35,7*7A
$GAGSV,1,1,02,12,15,139,,34,07,313,,0*7B
$GBGSV,2,1,08,12,21,098,09,19,24,069,18,20,15,117,24,22,10,019,21,3*72
$GBGSV,2,2,08,24,24,229,22,29,25,121,44,35,61,185,11,39,32,000,49,3*70
$GBGSV,3,1,11,11,05,112,12,12,21,098,20,19,24,069,34,20,15,117,18,5*79
$GBGSV,3,2,11,22,10,019,18,24,24,229,26,26,53,280,20,29,25,121,42,5*7C
$GBGSV,3,3,11,31,34,259,22,35,61,185,21,39,32,000,46,5*4E
$GBGSV,3,1,10,12,21,098,27,19,24,069,31,20,15,117,15,22,10,019,21,8*74
$GBGSV,3,2,10,24,24,229,24,26,53,280,23,29,25,121,46,31,34,259,20,8*7C
$GBGSV,3,3,10,35,61,185,25,39,32,000,45,8*7E
$GNGLL,3001.74234,S,05112.75041,W,170003.00,A,D*7C
$GNRMC,170004.00,A,3001.74234,S,05112.75041,W,0.009,,090926,,,F,V*17
$GNVTG,,T,,M,0.009,N,0.017,K,D*37
$GNGGA,170004.00,3001.74234,S,05112.75041,W,5,12,0.60,48.3,M,4.8,M,2.0,0920*6E
$GNGSA,M,3,05,12,13,18,23,25,26,28,29,31,,,1.18,0.60,1.02,1*0C
$GNGSA,M,3,16,25,36,02,10,11,,,,,,,1.18,0.60,1.02,3*04
$GNGSA,M,3,12,19,20,24,26,29,31,35,39,,,,1.18,0.60,1.02,4*0B
$GPGSV,3,1,10,05,38,122,47,12,22,036,42,13,16,032,30,18,66,264,19,1*6D
$GPGSV,3,2,10,23,23,356,43,25,55,021,52,26,25,225,26,28,24,291,22,1*64
$GPGSV,3,3,10,29,58,152,34,31,21,258,20,1*6E
$GPGSV,3,1,10,05,38,122,40,12,22,036,26,13,16,032,24,18,66,264,23,6*63
$GPGSV,3,2,10,23,23,356,41,25,55,021,46,26,25,225,18,28,24,291,24,6*6F
$GPGSV,3,3,10,29,58,152,13,31,21,258,26,6*6A
$GPGSV,2,1,06,13,16,032,21,18,66,264,27,23,23,356,44,25,55,021,53,8*61
$GPGSV,2,2,06,26,25,225,22,28,24,291,29,8*60
$GPGSV,1,1,03,15,08,057,,20,01,084,,21,09,141,,0*59
$GAGSV,2,1,07,02,31,221,20,10,38,143,39,11,67,157,23,14,22,091,25,1*7D
$GAGSV,2,2,07,16,40,045,38,25,87,170,34,36,56,301,25,1*41
$GAGSV,1,1,03,10,38,143,32,16,40,045,48,25,87,170,32,5*4E
$GAGSV,1,1,04,10,38,143,35,14,22,091,25,16,40,045,43,25,87,170,35,7*7A
$GAGSV,1,1,02,12,15,139,,34,07,313,,0*7B
$GBGSV,2,1,08,12,21,098,07,19,24,069,18,20,15,117,24,22,10,019,21,3*7C
$GBGSV,2,2,08,24,24,229,22,29,24,121,44,35,61,185,09,39,32,000,49,3*78
$GBGSV,3,1,11,11,05,112,14,12,21,098,20,19,24,069,34,20,15,117,17,5*70
$GBGSV,3,2,11,22,10,019,18,24,24,229,26,26,53,280,20,29,24,121,42,5*7D
$GBGSV,3,3,11,31,34,259,22,35,61,185,22,39,32,000,46,5*4D
$GBGSV,3,1,10,12,21,098,27,19,24,069,31,20,15,117,15,22,10,019,21,8*74
$GBGSV,3,2,10,24,24,229,23,26,53,280,23,29,24,121,46,31,34,259,20,8*7A
$GBGSV,3,3,10,35,61,185,25,39,32,000,45,8*7E
$GNGLL,3001.74234,S,05112.75041,W,170004.00,A,D*7B
$GNRMC,170005.00,A,3001.74234,S,05112.75042,W,0.013,,090926,,,F,V*1E
$GNVTG,,T,,M,0.013,N,0.023,K,D*3B
$GNGGA,170005.00,3001.74234,S,05112.75042,W,5,12,0.62,48.3,M,4.8,M,2.0,0920*6E
$GNGSA,M,3,05,12,13,18,23,25,26,28,29,31,,,1.26,0.62,1.09,1*08
$GNGSA,M,3,16,25,36,02,10,11,,,,,,,1.26,0.62,1.09,3*00
$GNGSA,M,3,12,19,24,26,29,31,35,39,,,,,1.26,0.62,1.09,4*0D
$GPGSV,3,1,10,05,38,122,47,12,22,036,42,13,16,032,30,18,66,264,18,1*6C
$GPGSV,3,2,10,23,23,356,43,25,55,021,52,26,25,225,26,28,24,291,22,1*64
$GPGSV,3,3,10,29,58,152,34,31,21,258,20,1*6E
$GPGSV,3,1,10,05,38,122,40,12,22,036,26,13,16,032,24,18,66,264,22,6*62
$GPGSV,3,2,10,23,23,356,41,25,55,021,46,26,25,225,18,28,24,291,24,6*6F
$GPGSV,3,3,10,29,58,152,13,31,21,258,25,6*69
$GPGSV,2,1,07,13,16,032,22,13,16,032,22,18,66,264,27,23,23,356,44,8*65
$GPGSV,2,2,07,25,55,021,53,26,25,225,22,28,24,291,29,8*53
$GPGSV,1,1,03,15,08,057,,20,01,084,,21,09,141,,0*59
$GAGSV,2,1,07,02,31,221,20,10,38,143,39,11,67,157,23,14,22,091,25,1*7D
$GAGSV,2,2,07,16,40,045,38,25,87,170,34,36,56,301,25,1*41
$GAGSV,1,1,03,10,38,143,32,16,40,045,48,25,87,170,32,5*4E
$GAGSV,1,1,04,10,38,143,35,14,22,091,25,16,40,045,43,25,87,170,35,7*7A
$GAGSV,1,1,02,12,15,139,,34,07,313,,0*7B
$GBGSV,3,1,09,12,21,098,09,19,24,069,18,19,24,069,18,20,15,117,24,3*70
$GBGSV,3,2,09,22,10,019,21,24,24,229,23,29,24,121,44,35,61,185,10,3*7D
$GBGSV,3,3,09,39,32,000,49,3*4B
$GBGSV,3,1,11,11,05,112,13,12,21,098,20,19,24,069,34,20,15,117,17,5*77
$GBGSV,3,2,11,22,10,019,17,24,24,229,26,26,53,280,20,29,24,121,42,5*72
$GBGSV,3,3,11,31,34,259,22,35,61,185,21,39,32,000,46,5*4E
$GBGSV,3,1,10,12,21,098,27,19,24,069,31,20,15,117,14,22,10,019,22,8*76
$GBGSV,3,2,10,24,24,229,22,26,53,280,23,29,24,121,46,31,34,259,20,8*7B
$GBGSV,3,3,10,35,61,185,24,39,32,000,45,8*7F
$GNGLL,3001.74234,S,05112.75042,W,170005.00,A,D*79
$GNRMC,170006.00,A,3001.74235,S,05112.75042,W,0.057,,090926,,,F,V*1C
$GNVTG,,T,,M,0.057,N,0.106,K,D*3D
$GNGGA,170006.00,3001.74235,S,05112.75042,W,5,12,0.74,48.3,M,4.8,M,2.0,0920*6B
$GNGSA,M,3,05,12,13,18,23,25,26,28,29,31,,,1.40,0.74,1.19,1*0E
$GNGSA,M,3,16,25,36,02,10,11,,,,,,,1.40,0.74,1.19,3*06
$GNGSA,M,3,12,19,20,24,26,29,31,35,39,,,,1.40,0.74,1.19,4*09
$GPGSV,3,1,10,05,38,122,47,12,22,036,42,13,16,032,30,18,66,264,18,1*6C
$GPGSV,3,2,10,23,23,356,43,25,55,021,52,26,25,225,26,28,24,291,21,1*67
$GPGSV,3,3,10,29,58,152,34,31,21,258,21,1*6F
$GPGSV,3,1,10,05,38,122,40,12,22,036,25,13,16,032,25,18,66,264,22,6*60
$GPGSV,3,2,10,23,23,356,41,25,55,021,46,26,25,225,19,28,24,291,23,6*69
$GPGSV,3,3,10,29,58,152,13,31,21,258,25,6*69
$GPGSV,2,1,06,13,16,032,22,18,66,264,28,23,23,356,44,25,55,021,53,8*6D
$GPGSV,2,2,06,26,25,225,22,28,24,291,29,8*60
$GPGSV,1,1,03,15,08,057,,20,01,084,,21,09,141,,0*59
$GAGSV,2,1,07,02,31,221,20,10,38,143,39,11,67,157,23,14,22,091,25,1*7D
$GAGSV,2,2,07,16,40,045,38,25,87,170,34,36,56,301,25,1*41
$GAGSV,1,1,03,10,38,143,32,16,40,045,48,25,87,170,32,5*4E
$GAGSV,1,1,04,10,38,143,35,14,22,091,25,16,40,045,43,25,87,170,35,7*7A
$GAGSV,1,1,02,12,15,139,,34,07,313,,0*7B
$GBGSV,2,1,08,12,21,098,10,19,24,069,18,20,15,117,24,22,10,019,21,3*7A
$GBGSV,2,2,08,24,24,229,23,29,24,121,44,35,61,185,12,39,32,000,49,3*73
$GBGSV,3,1,11,11,05,112,12,12,21,098,19,19,24,069,34,20,15,117,16,5*7D
$GBGSV,3,2,11,22,10,019,17,24,24,229,26,26,53,280,21,29,24,121,42,5*73
$GBGSV,3,3,11,31,34,258,21,35,61,185,21,39,32,000,46,5*4C
$GBGSV,3,1,10,12,21,098,26,19,24,069,32,20,15,117,16,22,10,019,23,8*77
$GBGSV,3,2,10,24,24,229,23,26,53,280,23,29,24,121,46,31,34,258,20,8*7B
$GBGSV,3,3,10,35,61,185,24,39,32,000,45,8*7F
$GNGLL,3001.74235,S,05112.75042,W,170006.00,A,D*7B
$GNRMC,170007.00,A,3001.74235,S,05112.75042,W,0.026,,090926,,,F,V*1B
$GNVTG,,T,,M,0.026,N,0.048,K,D*30
$GNGGA,170007.00,3001.74235,S,05112.75042,W,5,12,0.76,48.3,M,4.8,M,2.0,0920*68
$GNGSA,M,3,05,12,13,18,23,25,26,28,29,31,,,1.47,0.76,1.26,1*07
$GNGSA,M,3,16,25,36,02,10,11,,,,,,,1.47,0.76,1.26,3*0F
$GNGSA,M,3,12,19,20,24,26,29,31,35,39,,,,1.47,0.76,1.26,4*00
$GPGSV,3,1,10,05,38,122,47,12,22,036,42,13,16,032,30,18,66,264,18,1*6C
$GPGSV,3,2,10,23,23,356,43,25,55,021,52,26,25,225,26,28,24,291,20,1*66
$GPGSV,3,3,10,29,58,152,34,31,21,258,21,1*6F
$GPGSV,3,1,10,05,38,122,40,12,22,036,26,13,16,032,25,18,66,264,23,6*62
$GPGSV,3,2,10,23,23,356,41,25,55,021,46,26,25,225,19,28,24,291,22,6*68
$GPGSV,3,3,10,29,58,152,11,31,21,258,25,6*6B
$GPGSV,2,1,06,13,16,032,21,18,66,264,28,23,23,356,44,25,55,021,53,8*6E
$GPGSV,2,2,06,26,25,225,22,28,24,291,29,8*60
$GPGSV,1,1,03,15,08,057,,20,01,084,,21,09,141,,0*59
$GAGSV,2,1,08,02,31,221,20,10,38,143,39,11,67,157,24,14,22,091,25,1*75
$GAGSV,2,2,08,16,40,045,38,25,87,170,34,36,56,301,25,36,56,301,25,1*7D
$GAGSV,1,1,03,10,38,143,32,16,40,045,48,25,87,170,32,5*4E
$GAGSV,1,1,04,10,38,143,35,14,22,091,25,16,40,045,43,25,87,170,35,7*7A
$GAGSV,1,1,02,12,15,139,,34,07,313,,0*7B
$GBGSV,3,1,09,12,21,098,10,19,24,069,19,20,15,117,24,22,10,019,21,3*7B
$GBGSV,3,2,09,24,24,229,23,24,24,229,23,29,24,121,44,35,61,185,10,3*7F
$GBGSV,3,3,09,39,32,000,49,3*4B
$GBGSV,3,1,11,11,05,112,12,12,21,098,19,19,24,069,34,20,15,117,16,5*7D
$GBGSV,3,2,11,22,10,019,16,24,24,229,26,26,53,280,20,29,24,121,42,5*73
$GBGSV,3,3,11,31,34,258,21,35,61,185,21,39,32,000,46,5*4C
$GBGSV,3,1,10,12,21,098,26,19,24,069,32,20,15,117,16,22,10,019,24,8*70
$GBGSV,3,2,10,24,24,229,23,26,53,280,23,29,24,121,46,31,34,258,20,8*7B
$GBGSV,3,3,10,35,61,185,24,39,32,000,45,8*7F
$GNGLL,3001.74235,S,05112.75042,W,170007.00,A,D*7A
$GNRMC,170008.00,A,3001.74235,S,05112.75042,W,0.008,,090926,,,F,V*18
$GNVTG,,T,,M,0.008,N,0.014,K,D*35
$GNGGA,170008.00,3001.74235,S,05112.75042,W,5,12,0.76,48.3,M,4.8,M,2.0,0920*67
$GNGSA,M,3,05,12,13,18,23,25,26,28,29,31,,,1.47,0.76,1.26,1*07
$GNGSA,M,3,16,25,36,02,10,11,,,,,,,1.47,0.76,1.26,3*0F
$GNGSA,M,3,12,19,20,24,26,29,31,35,39,,,,1.47,0.76,1.26,4*00
$GPGSV,3,1,10,05,38,122,47,12,22,036,42,13,16,032,30,18,66,264,17,1*63
$GPGSV,3,2,10,23,23,356,43,25,55,021,52,26,25,225,26,28,24,291,19,1*6C
$GPGSV,3,3,10,29,58,152,34,31,21,258,22,1*6C
$GPGSV,3,1,10,05,38,122,40,12,22,036,25,13,16,032,25,18,66,264,23,6*61
$GPGSV,3,2,10,23,23,356,41,25,55,021,46,26,25,225,20,28,24,291,22,6*62
$GPGSV,3,3,10,29,58,152,09,31,21,258,26,6*61
$GPGSV,2,1,06,13,16,032,22,18,66,264,28,23,23,356,44,25,55,021,53,8*6D
$GPGSV,2,2,06,26,25,225,22,28,24,291,28,8*61
$GPGSV,1,1,03,15,08,057,,20,01,084,,21,09,141,,0*59
$GAGSV,2,1,07,02,31,221,21,10,38,143,39,11,67,157,24,14,22,091,25,1*7B
$GAGSV,2,2,07,16,40,045,38,25,87,170,34,36,56,301,25,1*41
$GAGSV,1,1,03,10,38,143,32,16,40,045,48,25,87,170,32,5*4E
$GAGSV,1,1,04,10,38,143,35,14,22,091,25,16,40,045,43,25,87,170,35,7*7A
$GAGSV,1,1,02,12,15,139,,34,07,313,,0*7B
$GBGSV,2,1,08,12,21,098,10,19,24,069,19,20,15,117,25,22,10,019,21,3*7A
$GBGSV,2,2,08,24,24,229,23,29,24,121,44,35,61,185,12,39,32,000,49,3*73
$GBGSV,3,1,11,11,05,112,13,12,21,098,18,19,24,069,34,20,15,117,17,5*7C
$GBGSV,3,2,11,22,10,019,17,24,24,229,26,26,53,280,20,29,24,121,43,5*73
$GBGSV,3,3,11,31,34,258,22,35,61,185,21,39,32,000,46,5*4F
$GBGSV,3,1,10,12,21,098,25,19,24,069,32,20,15,117,16,22,10,019,24,8*73
$GBGSV,3,2,10,24,24,229,23,26,53,280,23,29,24,121,46,31,34,258,20,8*7B
$GBGSV,3,3,10,35,61,185,25,39,32,000,45,8*7E
$GNGLL,3001.74235,S,05112.75042,W,170008.00,A,D*75
$GNRMC,170009.00,A,3001.74235,S,05112.75042,W,0.011,,090926,,,F,V*11
$GNVTG,,T,,M,0.011,N,0.021,K,D*3B
$GNGGA,170009.00,3001.74235,S,05112.75042,W,5,12,0.76,48.3,M,4.8,M,2.0,0920*66
$GNGSA,M,3,05,12,13,18,23,25,26,28,29,31,,,1.47,0.76,1.26,1*07
$GNGSA,M,3,16,25,36,02,10,11,,,,,,,1.47,0.76,1.26,3*0F
$GNGSA,M,3,12,19,20,24,26,29,31,35,39,,,,1.47,0.76,1.26,4*00
$GPGSV,3,1,10,05,38,122,47,12,22,036,42,13,16,032,30,18,66,264,17,1*63
$GPGSV,3,2,10,23,23,356,43,25,55,021,52,26,25,225,26,28,24,291,17,1*62
$GPGSV,3,3,10,29,58,152,34,31,21,258,22,1*6C
$GPGSV,3,1,10,05,38,122,40,12,22,036,25,13,16,032,24,18,66,264,23,6*60
$GPGSV,3,2,10,23,23,356,41,25,55,021,46,26,25,225,20,28,24,291,21,6*61
$GPGSV,3,3,10,29,58,152,08,31,21,258,26,6*60
$GPGSV,2,1,06,13,16,032,21,18,66,264,27,23,23,356,44,25,55,021,53,8*61
$GPGSV,2,2,06,26,25,225,22,28,24,291,28,8*61
$GPGSV,1,1,03,15,08,057,,20,01,084,,21,09,141,,0*59
$GAGSV,2,1,07,02,31,221,21,10,38,143,39,11,67,157,23,14,22,091,25,1*7C
$GAGSV,2,2,07,16,40,045,38,25,87,170,34,36,56,301,25,1*41
$GAGSV,1,1,03,10,38,143,32,16,40,045,48,25,87,170,32,5*4E
$GAGSV,1,1,04,10,38,143,35,14,22,091,25,16,40,045,43,25,87,170,35,7*7A
$GAGSV,1,1,02,12,15,139,,34,07,313,,0*7B
$GBGSV,2,1,08,12,21,098,13,19,24,069,20,20,15,117,25,22,10,019,21,3*73
$GBGSV,2,2,08,24,24,229,24,29,24,121,44,35,61,185,12,39,32,000,49,3*74
$GBGSV,3,1,11,11,05,112,15,12,21,098,18,19,24,069,34,20,15,117,17,5*7A
$GBGSV,3,2,11,22,10,019,17,24,24,229,26,26,53,280,20,29,24,121,43,5*73
$GBGSV,3,3,11,31,34,258,22,35,61,185,21,39,32,000,46,5*4F
$GBGSV,3,1,10,12,21,098,25,19,24,069,32,20,15,117,16,22,10,019,24,8*73
$GBGSV,3,2,10,24,24,229,24,26,53,280,23,29,24,121,47,31,34,258,19,8*77
$GBGSV,3,3,10,35,61,185,25,39,32,000,45,8*7E
$GNGLL,3001.74235,S,05112.75042,W,170009.00,A,D*74
$GNRMC,170010.00,A,3001.74234,S,05112.75042,W,0.025,,090926,,,F,V*1F
$GNVTG,,T,,M,0.025,N,0.047,K,D*3C
$GNGGA,170010.00,3001.74234,S,05112.75042,W,5,12,0.76,48.3,M,4.8,M,2.0,0920*6F
$GNGSA,M,3,05,12,13,18,23,25,26,28,29,31,,,1.47,0.76,1.26,1*07
$GNGSA,M,3,16,25,36,02,10,11,,,,,,,1.47,0.76,1.26,3*0F
$GNGSA,M,3,12,19,20,24,26,29,31,35,39,,,,1.47,0.76,1.26,4*00
$GPGSV,3,1,10,05,38,122,47,12,22,036,42,13,16,032,30,18,66,264,18,1*6C
$GPGSV,3,2,10,23,23,356,43,25,55,021,52,26,25,225,26,28,24,291,16,1*63
$GPGSV,3,3,10,29,58,152,34,31,21,258,22,1*6C
$GPGSV,3,1,09,05,38,122,40,12,22,036,25,13,16,032,24,18,66,264,22,6*69
$GPGSV,3,2,09,23,23,356,41,25,55,021,46,26,25,225,20,28,24,291,21,6*69
$GPGSV,3,3,09,31,21,258,25,6*53
$GPGSV,2,1,06,13,16,032,21,18,66,264,28,23,23,356,44,25,55,021,53,8*6E
$GPGSV,2,2,06,26,25,225,22,28,24,291,28,8*61
$GPGSV,1,1,03,15,08,057,,20,01,084,,21,09,141,,0*59
$GAGSV,2,1,07,02,31,221,21,10,38,143,39,11,67,157,23,14,22,091,25,1*7C
$GAGSV,2,2,07,16,40,045,38,25,87,170,34,36,56,301,25,1*41
$GAGSV,1,1,03,10,38,143,32,16,40,045,48,25,87,170,32,5*4E
$GAGSV,1,1,04,10,38,143,35,14,22,091,25,16,40,045,43,25,87,170,36,7*79
$GAGSV,1,1,02,12,15,139,,34,07,313,,0*7B
$GBGSV,2,1,08,12,21,098,12,19,24,070,20,20,15,117,25,22,10,019,21,3*7A
$GBGSV,2,2,08,24,24,229,24,29,24,121,44,35,61,183,16,39,32,000,49,3*76
$GBGSV,3,1,11,11,05,112,14,12,21,098,17,19,24,070,34,20,15,117,16,5*7D
$GBGSV,3,2,11,22,10,019,17,24,24,229,25,26,53,280,20,29,24,121,43,5*70
$GBGSV,3,3,11,31,34,258,22,35,61,183,21,39,32,000,46,5*49
$GBGSV,3,1,10,12,21,098,24,19,24,070,32,20,15,117,15,22,10,019,24,8*79
$GBGSV,3,2,10,24,24,229,24,26,53,280,23,29,24,121,46,31,34,258,19,8*76
$GBGSV,3,3,10,35,61,183,25,39,32,000,45,8*78
$GNGLL,3001.74234,S,05112.75042,W,170010.00,A,D*7D
$GNRMC,170011.00,A,3001.74234,S,05112.75041,W,0.021,,090926,,,F,V*19
$GNVTG,,T,,M,0.021,N,0.038,K,D*30
$GNGGA,170011.00,3001.74234,S,05112.75041,W,5,12,0.76,48.3,M,4.8,M,2.0,0920*6D
$GNGSA,M,3,05,12,13,18,23,25,26,28,29,31,,,1.47,0.76,1.26,1*07
$GNGSA,M,3,16,25,36,02,10,11,,,,,,,1.47,0.76,1.26,3*0F
$GNGSA,M,3,12,19,20,24,26,29,31,35,39,,,,1.47,0.76,1.26,4*00
$GPGSV,3,1,10,05,38,122,47,12,22,036,42,13,16,032,30,18,66,264,19,1*6D
$GPGSV,3,2,10,23,23,356,44,25,55,021,52,26,25,225,25,28,24,291,16,1*67
$GPGSV,3,3,10,29,58,152,34,31,21,258,22,1*6C
$GPGSV,3,1,09,05,38,122,40,12,22,036,25,13,16,032,25,18,66,264,22,6*68
$GPGSV,3,2,09,23,23,356,41,25,55,021,46,26,25,225,21,28,24,291,21,6*68
$GPGSV,3,3,09,31,21,258,25,6*53
$GPGSV,2,1,06,13,16,032,21,18,66,264,28,23,23,356,44,25,55,021,53,8*6E
$GPGSV,2,2,06,26,25,225,22,28,24,291,28,8*61
$GPGSV,1,1,03,15,08,057,,20,01,084,,21,09,141,,0*59
$GAGSV,2,1,07,02,31,221,21,10,38,143,39,11,67,157,23,14,22,091,25,1*7C
$GAGSV,2,2,07,16,40,045,38,25,87,170,34,36,56,301,25,1*41
$GAGSV,1,1,03,10,38,143,33,16,40,045,48,25,87,170,32,5*4F
$GAGSV,1,1,04,10,38,143,35,14,22,091,25,16,40,045,43,25,87,170,36,7*79
$GAGSV,1,1,02,12,15,139,,34,07,313,,0*7B
$GBGSV,2,1,08,12,21,098,16,19,24,070,20,20,15,117,25,22,10,019,20,3*7F
$GBGSV,2,2,08,24,24,229,23,29,24,121,44,35,61,183,17,39,32,000,49,3*70
$GBGSV,3,1,11,11,05,112,15,12,21,098,16,19,24,070,34,20,15,117,15,5*7E
$GBGSV,3,2,11,22,10,019,18,24,24,229,26,26,53,280,21,29,24,121,43,5*7D
$GBGSV,3,3,11,31,34,258,22,35,61,183,21,39,32,000,46,5*49
$GBGSV,3,1,10,12,21,098,24,19,24,070,32,20,15,117,15,22,10,019,24,8*79
$GBGSV,3,2,10,24,24,229,24,26,53,280,23,29,24,121,47,31,34,258,19,8*77
$GBGSV,3,3,10,35,61,183,25,39,32,000,45,8*78
$GNGLL,3001.74234,S,05112.75041,W,170011.00,A,D*7F
$GNRMC,170012.00,A,3001.74235,S,05112.75041,W,0.012,,090926,,,F,V*1B
$GNVTG,,T,,M,0.012,N,0.022,K,D*3B
$GNGGA,170012.00,3001.74235,S,05112.75041,W,5,12,0.76,48.3,M,4.8,M,2.0,0920*6F
$GNGSA,M,3,05,12,13,18,23,25,26,28,29,31,,,1.47,0.76,1.26,1*07
$GNGSA,M,3,16,25,36,02,10,11,,,,,,,1.47,0.76,1.26,3*0F
$GNGSA,M,3,12,19,20,24,26,29,31,35,39,,,,1.47,0.76,1.26,4*00
$GPGSV,3,1,10,05,38,122,47,12,22,036,42,13,16,032,30,18,66,264,19,1*6D
$GPGSV,3,2,10,23,23,356,44,25,55,021,52,26,25,225,25,28,24,291,15,1*64
$GPGSV,3,3,10,29,58,152,34,31,21,258,21,1*6F
$GPGSV,3,1,09,05,38,122,40,12,22,036,25,13,16,032,25,18,66,264,22,6*68
$GPGSV,3,2,09,23,23,356,41,25,55,021,46,26,25,225,21,28,24,291,21,6*68
$GPGSV,3,3,09,31,21,258,26,6*50
$GPGSV,2,1,06,13,16,032,22,18,66,264,28,23,23,356,44,25,55,021,53,8*6D
$GPGSV,2,2,06,26,25,225,22,28,24,291,28,8*61
$GPGSV,1,1,03,15,08,057,,20,01,084,,21,09,141,,0*59
$GAGSV,2,1,07,02,31,221,21,10,38,143,39,11,67,157,23,14,22,091,25,1*7C
$GAGSV,2,2,07,16,40,045,38,25,87,170,34,36,56,301,25,1*41
$GAGSV,1,1,03,10,38,143,32,16,40,045,48,25,87,170,32,5*4E
$GAGSV,1,1,04,10,38,143,35,14,22,091,25,16,40,045,43,25,87,170,36,7*79
$GAGSV,1,1,02,12,15,139,,34,07,313,,0*7B
$GBGSV,2,1,07,12,21,098,08,19,24,070,21,20,15,117,25,22,10,019,19,3*74
$GBGSV,2,2,07,24,24,229,23,29,24,121,44,39,32,000,49,3*42
$GBGSV,3,1,11,11,05,112,14,12,21,098,15,19,24,070,34,20,15,117,15,5*7C
$GBGSV,3,2,11,22,10,019,17,24,24,229,26,26,53,280,21,29,24,121,43,5*72
$GBGSV,3,3,11,31,34,258,22,35,61,183,21,39,32,000,46,5*49
$GBGSV,3,1,10,12,21,098,23,19,24,070,32,20,15,117,15,22,10,019,25,8*7F
$GBGSV,3,2,10,24,24,229,24,26,53,280,23,29,24,121,47,31,34,258,19,8*77
$GBGSV,3,3,10,35,61,183,25,39,32,000,45,8*78
$GNGLL,3001.74235,S,05112.75041,W,170012.00,A,D*7D
$GNRMC,170013.00,A,3001.74235,S,05112.75042,W,0.003,,090926,,,F,V*19
$GNVTG,,T,,M,0.003,N,0.005,K,D*3E
$GNGGA,170013.00,3001.74235,S,05112.75042,W,5,12,0.76,48.3,M,4.8,M,2.0,0920*6D
$GNGSA,M,3,05,12,13,18,23,25,26,28,29,31,,,1.47,0.76,1.26,1*07
$GNGSA,M,3,16,25,36,02,10,11,,,,,,,1.47,0.76,1.26,3*0F
$GNGSA,M,3,12,19,20,24,26,29,31,35,39,,,,1.47,0.76,1.26,4*00
$GPGSV,3,1,10,05,38,122,47,12,22,036,42,13,16,032,30,18,66,264,20,1*67
$GPGSV,3,2,10,23,23,356,44,25,55,021,52,26,25,225,25,28,24,291,16,1*67
$GPGSV,3,3,10,29,58,152,34,31,21,258,22,1*6C
$GPGSV,3,1,09,05,38,122,40,12,22,036,25,13,16,032,25,18,66,264,23,6*69
$GPGSV,3,2,09,23,23,356,41,25,55,021,46,26,25,225,21,28,24,291,21,6*68
$GPGSV,3,3,09,31,21,258,25,6*53
$GPGSV,2,1,06,13,16,032,22,18,66,264,28,23,23,356,44,25,55,021,53,8*6D
$GPGSV,2,2,06,26,25,225,23,28,24,291,28,8*60
$GPGSV,1,1,03,15,08,057,,20,01,084,,21,09,141,,0*59
$GAGSV,2,1,07,02,31,221,21,10,38,143,39,11,67,157,23,14,22,091,25,1*7C
$GAGSV,2,2,07,16,40,045,38,25,87,170,34,36,56,301,25,1*41
$GAGSV,1,1,03,10,38,143,32,16,40,045,48,25,87,170,32,5*4E
$GAGSV,1,1,04,10,38,143,35,14,22,091,25,16,40,045,43,25,87,170,36,7*79
$GAGSV,1,1,02,12,15,139,,34,07,313,,0*7B
$GBGSV,2,1,08,12,21,098,11,19,24,070,21,20,15,117,24,22,10,019,19,3*72
$GBGSV,2,2,08,24,24,229,24,26,53,280,23,29,24,121,44,39,32,000,49,3*73
$GBGSV,3,1,11,11,05,112,15,12,21,098,14,19,24,070,34,20,15,117,16,5*7F
$GBGSV,3,2,11,22,10,019,18,24,24,229,26,26,53,280,21,29,24,121,43,5*7D
$GBGSV,3,3,11,31,34,258,22,35,61,183,21,39,32,000,46,5*49
$GBGSV,3,1,10,12,21,098,23,19,24,070,32,20,15,117,15,22,10,019,25,8*7F
$GBGSV,3,2,10,24,24,229,24,26,53,280,23,29,24,121,47,31,34,258,18,8*76
$GBGSV,3,3,10,35,61,183,25,39,32,000,45,8*78
$GNGLL,3001.74235,S,05112.75042,W,170013.00,A,D*7F
$GNRMC,170014.00,A,3001.74235,S,05112.75042,W,0.050,,090926,,,F,V*18
$GNVTG,,T,,M,0.050,N,0.093,K,D*37
$GNGGA,170014.00,3001.74235,S,05112.75042,W,5,12,0.76,48.3,M,4.8,M,2.0,0920*6A
$GNGSA,M,3,05,12,13,18,23,25,26,28,29,31,,,1.47,0.76,1.26,1*07
$GNGSA,M,3,16,25,36,02,10,11,,,,,,,1.47,0.76,1.26,3*0F
$GNGSA,M,3,12,19,20,24,26,29,31,35,39,,,,1.47,0.76,1.26,4*00
$GPGSV,3,1,10,05,38,122,46,12,22,036,42,13,16,032,31,18,66,264,20,1*67
$GPGSV,3,2,10,23,23,356,44,25,55,021,52,26,25,225,25,28,24,291,16,1*67
$GPGSV,3,3,10,29,58,152,34,31,21,258,22,1*6C
$GPGSV,3,1,09,05,38,122,40,12,22,036,25,13,16,032,25,18,66,264,23,6*69
$GPGSV,3,2,09,23,23,356,41,25,55,021,46,26,25,225,21,28,24,291,20,6*69
$GPGSV,3,3,09,31,21,258,26,6*50
$GPGSV,2,1,06,13,16,032,22,18,66,264,28,23,23,356,44,25,55,021,53,8*6D
$GPGSV,2,2,06,26,25,225,23,28,24,291,28,8*60
$GPGSV,1,1,03,15,08,057,,20,01,084,,21,09,141,,0*59
$GAGSV,2,1,07,02,31,221,21,10,38,143,39,11,67,157,23,14,22,091,25,1*7C
$GAGSV,2,2,07,16,40,045,38,25,87,170,34,36,56,301,25,1*41
$GAGSV,1,1,03,10,38,143,32,16,40,045,48,25,87,170,32,5*4E
$GAGSV,1,1,04,10,38,143,35,14,22,091,25,16,40,045,43,25,87,170,36,7*79
$GAGSV,1,1,02,12,15,139,,34,07,313,,0*7B
$GBGSV,2,1,08,12,21,098,14,19,24,070,21,20,15,117,24,22,10,019,19,3*77
$GBGSV,2,2,08,24,24,229,24,26,53,280,23,29,24,121,44,39,32,000,49,3*73
$GBGSV,3,1,11,11,05,112,13,12,21,098,13,19,24,070,34,20,15,117,15,5*7D
$GBGSV,3,2,11,22,10,019,17,24,24,229,26,26,53,280,21,29,24,121,43,5*72
$GBGSV,3,3,11,31,34,258,21,35,61,183,21,39,32,000,46,5*4A
$GBGSV,3,1,10,12,21,098,22,19,24,070,32,20,15,117,15,22,10,019,25,8*7E
$GBGSV,3,2,10,24,24,229,24,26,53,280,23,29,24,121,47,31,34,258,18,8*76
$GBGSV,3,3,10,35,61,183,25,39,32,000,45,8*78
$GNGLL,3001.74235,S,05112.75042,W,170014.00,A,D*78
$GNRMC,170015.00,A,3001.74235,S,05112.75042,W,0.051,,090926,,,F,V*18
$GNVTG,,T,,M,0.051,N,0.095,K,D*30
$GNGGA,170015.00,3001.74235,S,05112.75042,W,5,12,0.76,48.3,M,4.8,M,2.0,0920*6B
$GNGSA,M,3,05,12,13,18,23,25,26,28,29,31,,,1.47,0.76,1.26,1*07
$GNGSA,M,3,16,25,36,02,10,11,,,,,,,1.47,0.76,1.26,3*0F
$GNGSA,M,3,12,19,24,26,29,31,35,39,,,,,1.47,0.76,1.26,4*02
$GPGSV,3,1,10,05,38,122,46,12,22,036,42,13,16,032,31,18,66,264,20,1*67
$GPGSV,3,2,10,23,23,356,44,25,55,021,52,26,25,225,25,28,24,291,15,1*64
$GPGSV,3,3,10,29,58,152,34,31,21,258,21,1*6F
$GPGSV,3,1,09,05,38,122,40,12,22,036,25,13,16,032,25,18,66,264,23,6*69
$GPGSV,3,2,09,23,23,356,41,25,55,021,46,26,25,225,22,28,24,291,19,6*60
$GPGSV,3,3,09,31,21,258,26,6*50
$GPGSV,2,1,06,13,16,032,21,18,66,264,28,23,23,356,44,25,55,021,53,8*6E
$GPGSV,2,2,06,26,25,225,22,28,24,291,28,8*61
$GPGSV,1,1,03,15,08,057,,20,01,084,,21,09,141,,0*59
$GAGSV,2,1,07,02,31,221,22,10,38,143,39,11,67,157,23,14,22,091,25,1*7F
$GAGSV,2,2,07,16,40,045,38,25,87,170,34,36,56,301,25,1*41
$GAGSV,1,1,03,10,38,143,32,16,40,045,48,25,87,170,32,5*4E
$GAGSV,1,1,04,10,38,143,35,14,22,091,25,16,40,045,43,25,87,170,36,7*79
$GAGSV,1,1,02,12,15,139,,34,07,313,,0*7B
$GBGSV,2,1,08,12,21,098,17,19,24,070,21,20,15,117,23,22,10,019,19,3*73
$GBGSV,2,2,08,24,24,229,25,26,53,280,22,29,24,121,44,39,32,000,49,3*73
$GBGSV,3,1,11,11,05,112,12,12,21,098,10,19,24,070,34,20,15,117,15,5*7F
$GBGSV,3,2,11,22,10,019,17,24,24,229,26,26,53,280,21,29,24,121,42,5*73
$GBGSV,3,3,11,31,34,258,21,35,61,183,21,39,32,000,46,5*4A
$GBGSV,3,1,10,12,21,098,22,19,24,070,32,20,15,117,14,22,10,019,25,8*7F
$GBGSV,3,2,10,24,24,229,24,26,53,280,23,29,24,121,47,31,34,258,18,8*76
$GBGSV,3,3,10,35,61,183,25,39,32,000,45,8*78
$GNGLL,3001.74235,S,05112.75042,W,170015.00,A,D*79
$GNRMC,170016.00,A,3001.74235,S,05112.75042,W,0.029,,090926,,,F,V*14
$GNVTG,,T,,M,0.029,N,0.054,K,D*32
$GNGGA,170016.00,3001.74235,S,05112.75042,W,5,12,0.76,48.3,M,4.8,M,2.0,0920*68
$GNGSA,M,3,05,12,13,18,23,25,26,28,29,31,,,1.47,0.76,1.26,1*07
$GNGSA,M,3,16,25,36,02,10,11,,,,,,,1.47,0.76,1.26,3*0F
$GNGSA,M,3,12,19,24,26,29,31,35,39,,,,,1.47,0.76,1.26,4*02
$GPGSV,3,1,10,05,38,122,46,12,22,036,42,13,16,032,31,18,66,264,21,1*66
$GPGSV,3,2,10,23,23,356,44,25,55,021,51,26,25,225,24,28,24,291,14,1*67
$GPGSV,3,3,10,29,58,152,34,31,21,258,22,1*6C
$GPGSV,3,1,09,05,38,122,39,12,22,036,25,13,16,032,24,18,66,264,24,6*61
$GPGSV,3,2,09,23,23,356,41,25,55,021,46,26,25,225,21,28,24,291,19,6*63
$GPGSV,3,3,09,31,21,258,25,6*53
$GPGSV,2,1,06,13,16,032,22,18,66,264,28,23,23,356,44,25,55,021,53,8*6D
$GPGSV,2,2,06,26,25,225,22,28,24,291,28,8*61
$GPGSV,1,1,03,15,08,057,,20,01,084,,21,09,141,,0*59
$GAGSV,2,1,07,02,31,221,22,10,38,143,39,11,67,157,23,14,22,091,25,1*7F
$GAGSV,2,2,07,16,40,045,38,25,87,170,34,36,56,301,25,1*41
$GAGSV,1,1,03,10,38,143,33,16,40,045,48,25,87,170,32,5*4F
$GAGSV,1,1,04,10,38,143,35,14,22,091,24,16,40,045,43,25,87,170,36,7*78
$GAGSV,1,1,02,12,15,139,,34,07,313,,0*7B
$GBGSV,2,1,08,12,21,098,17,19,24,070,21,20,15,117,24,22,10,019,19,3*74
$GBGSV,2,2,08,24,24,229,25,26,53,280,22,29,24,121,44,39,32,000,49,3*73
$GBGSV,3,1,10,11,05,112,12,19,24,070,34,20,15,117,15,22,10,019,17,5*71
$GBGSV,3,2,10,24,24,229,26,26,53,280,21,29,24,121,42,31,34,258,21,5*74
$GBGSV,3,3,10,35,61,183,21,39,32,000,46,5*72
$GBGSV,3,1,10,12,21,098,21,19,24,070,32,20,15,117,14,22,10,019,25,8*7C
$GBGSV,3,2,10,24,24,229,24,26,53,280,23,29,24,121,47,31,34,258,17,8*79
$GBGSV,3,3,10,35,61,183,25,39,32,000,45,8*78
$GNGLL,3001.74235,S,05112.75042,W,170016.00,A,D*7A
$GNRMC,170017.00,A,3001.74235,S,05112.75042,W,0.023,,090926,,,F,V*1F
$GNVTG,,T,,M,0.023,N,0.043,K,D*3E
$GNGGA,170017.00,3001.74235,S,05112.75042,W,5,12,0.76,48.3,M,4.8,M,2.0,0920*69
$GNGSA,M,3,05,12,13,18,23,25,26,28,29,31,,,1.47,0.76,1.26,1*07
$GNGSA,M,3,16,25,36,02,10,11,,,,,,,1.47,0.76,1.26,3*0F
$GNGSA,M,3,12,19,24,26,29,35,39,,,,,,1.47,0.76,1.26,4*00
$GPGSV,3,1,10,05,38,122,46,12,22,036,42,13,16,032,31,18,66,264,21,1*66
$GPGSV,3,2,10,23,23,356,44,25,55,021,51,26,25,225,22,28,24,291,15,1*60
$GPGSV,3,3,10,29,58,152,34,31,21,258,21,1*6F
$GPGSV,3,1,09,05,38,122,40,12,22,036,25,13,16,032,24,18,66,264,24,6*6F
$GPGSV,3,2,09,23,23,356,41,25,55,021,46,26,25,225,22,28,24,291,19,6*60
$GPGSV,3,3,09,31,21,258,25,6*53
$GPGSV,2,1,06,13,16,032,21,18,66,264,28,23,23,356,44,25,55,021,53,8*6E
$GPGSV,2,2,06,26,25,225,22,28,24,291,28,8*61
$GPGSV,1,1,03,15,08,057,,20,01,084,,21,09,141,,0*59
$GAGSV,2,1,07,02,31,221,22,10,38,143,39,11,67,157,23,14,22,091,25,1*7F
$GAGSV,2,2,07,16,40,045,38,25,87,170,34,36,56,301,25,1*41
$GAGSV,1,1,03,10,38,143,32,16,40,045,48,25,87,170,32,5*4E
$GAGSV,1,1,04,10,38,143,35,14,22,091,25,16,40,045,43,25,87,170,36,7*79
$GAGSV,1,1,02,12,15,139,,34,07,313,,0*7B
$GBGSV,2,1,08,12,21,098,18,19,24,070,21,20,15,117,23,22,10,019,19,3*7C
$GBGSV,2,2,08,24,24,229,25,26,53,280,23,29,24,121,44,39,32,000,49,3*72
$GBGSV,3,1,10,11,05,112,12,19,24,070,34,20,15,117,16,22,10,019,16,5*73
$GBGSV,3,2,10,24,24,229,26,26,53,280,21,29,24,121,42,31,34,258,21,5*74
$GBGSV,3,3,10,35,61,183,21,39,32,000,46,5*72
$GBGSV,3,1,10,12,21,098,21,19,24,070,32,20,15,117,14,22,10,019,25,8*7C
$GBGSV,3,2,10,24,24,229,24,26,53,280,23,29,24,121,47,31,34,258,17,8*79
$GBGSV,3,3,10,35,61,183,25,39,32,000,45,8*78
$GNGLL,3001.74235,S,05112.75042,W,170017.00,A,D*7B
$GNRMC,170018.00,A,3001.74235,S,05112.75042,W,0.021,,090926,,,F,V*12
$GNVTG,,T,,M,0.021,N,0.040,K,D*3F
$GNGGA,170018.00,3001.74235,S,05112.75042,W,5,12,0.76,48.3,M,4.8,M,2.0,0920*66
$GNGSA,M,3,05,12,13,18,23,25,26,28,29,31,,,1.47,0.76,1.26,1*07
$GNGSA,M,3,16,25,36,02,10,11,,,,,,,1.47,0.76,1.26,3*0F
$GNGSA,M,3,12,19,24,26,29,31,35,39,,,,,1.47,0.76,1.26,4*02
$GPGSV,3,1,10,05,38,122,46,12,22,036,42,13,16,032,31,18,66,264,21,1*66
$GPGSV,3,2,10,23,23,356,44,25,55,021,51,26,25,225,22,28,24,291,15,1*60
$GPGSV,3,3,10,29,58,152,34,31,21,258,21,1*6F
$GPGSV,3,1,09,05,38,122,40,12,22,036,25,13,16,032,25,18,66,264,25,6*6F
$GPGSV,3,2,09,23,23,356,41,25,55,021,46,26,25,225,22,28,24,291,17,6*6E
$GPGSV,3,3,09,31,21,258,25,6*53
$GPGSV,2,1,06,13,16,032,21,18,66,264,28,23,23,356,44,25,55,021,53,8*6E
$GPGSV,2,2,06,26,25,225,22,28,24,291,28,8*61
$GPGSV,1,1,03,15,08,057,,20,01,084,,21,09,141,,0*59
$GAGSV,2,1,07,02,31,221,22,10,38,143,39,11,67,157,23,14,22,091,25,1*7F
$GAGSV,2,2,07,16,40,045,38,25,87,170,34,36,56,301,25,1*41
$GAGSV,1,1,03,10,38,143,32,16,40,045,48,25,87,170,32,5*4E
$GAGSV,1,1,04,10,38,143,35,14,22,091,24,16,40,045,43,25,87,170,36,7*78
$GAGSV,1,1,02,12,15,139,,34,07,313,,0*7B
$GBGSV,2,1,08,12,21,098,18,19,24,070,21,20,15,117,23,22,10,019,19,3*7C
$GBGSV,2,2,08,24,24,229,25,26,53,280,23,29,24,121,44,39,32,000,49,3*72
$GBGSV,3,1,10,11,05,112,13,19,24,070,34,20,15,117,17,22,10,019,16,5*73
$GBGSV,3,2,10,24,24,229,26,26,53,280,20,29,24,121,43,31,34,258,21,5*74
$GBGSV,3,3,10,35,61,183,21,39,32,000,46,5*72
$GBGSV,3,1,10,12,21,098,19,19,24,070,32,20,15,117,14,22,10,019,25,8*77
$GBGSV,3,2,10,24,24,229,23,26,53,280,22,29,24,121,46,31,34,258,17,8*7E
$GBGSV,3,3,10,35,61,183,25,39,32,000,45,8*78
$GNGLL,3001.74235,S,05112.75042,W,170018.00,A,D*74
$GNRMC,170019.00,A,3001.74235,S,05112.75043,W,0.038,,090926,,,F,V*1A
$GNVTG,,T,,M,0.038,N,0.071,K,D*35
$GNGGA,170019.00,3001.74235,S,05112.75043,W,5,12,0.76,48.3,M,4.8,M,2.0,0920*66
$GNGSA,M,3,05,12,13,18,23,25,26,29,31,,,,1.47,0.76,1.26,1*0D
$GNGSA,M,3,16,25,36,02,10,11,,,,,,,1.47,0.76,1.26,3*0F
$GNGSA,M,3,12,19,20,24,26,29,35,39,,,,,1.47,0.76,1.26,4*02
$GPGSV,3,1,11,05,38,122,46,12,22,036,42,13,16,032,31,15,08,057,24,1*65
$GPGSV,3,2,11,18,66,264,21,23,23,356,44,25,55,021,51,26,25,225,22,1*69
$GPGSV,3,3,11,28,24,291,14,29,58,152,34,31,21,258,20,1*5C
$GPGSV,2,1,08,05,38,122,40,12,22,036,25,13,16,032,24,18,66,264,25,6*6E
$GPGSV,2,2,08,23,23,356,41,25,55,021,46,26,25,225,23,31,21,258,25,6*66
$GPGSV,2,1,06,13,16,032,21,18,66,264,28,23,23,356,44,25,55,021,53,8*6E
$GPGSV,2,2,06,26,25,225,22,28,24,291,28,8*61
$GPGSV,1,1,02,20,01,084,,21,09,141,,0*66
$GAGSV,2,1,07,02,31,221,22,10,38,143,39,11,67,157,23,14,22,091,25,1*7F
$GAGSV,2,2,07,16,40,045,38,25,87,170,34,36,56,301,25,1*41
$GAGSV,1,1,03,10,38,143,33,16,40,045,48,25,87,170,32,5*4F
$GAGSV,1,1,04,10,38,143,35,14,22,091,25,16,40,045,43,25,87,170,36,7*79
$GAGSV,1,1,02,12,15,139,,34,07,313,,0*7B
$GBGSV,2,1,08,12,21,098,18,19,24,070,20,20,15,117,23,22,10,019,18,3*7C
$GBGSV,2,2,08,24,24,229,26,26,53,280,22,29,24,121,44,39,32,000,49,3*70
$GBGSV,3,1,10,11,05,112,10,19,24,070,34,20,15,117,17,22,10,019,17,5*71
$GBGSV,3,2,10,24,24,229,26,26,53,280,20,29,24,121,42,31,34,258,21,5*75
$GBGSV,3,3,10,35,61,183,21,39,32,000,46,5*72
$GBGSV,3,1,10,12,21,098,18,19,24,070,32,20,15,117,15,22,10,019,25,8*77
$GBGSV,3,2,10,24,24,229,24,26,53,280,23,29,24,121,47,31,34,258,17,8*79
$GBGSV,3,3,10,35,61,183,25,39,32,000,45,8*78
$GNGLL,3001.74235,S,05112.75043,W,170019.00,A,D*74
$GNRMC,170020.00,A,3001.74235,S,05112.75042,W,0.062,,090926,,,F,V*1E
$GNVTG,,T,,M,0.062,N,0.116,K,D*3A
$GNGGA,170020.00,3001.74235,S,05112.75042,W,5,12,1.12,48.3,M,4.8,M,2.0,0920*6E
$GNGSA,M,3,05,12,13,18,23,25,26,29,31,,,,2.13,1.12,1.81,1*01
$GNGSA,M,3,16,25,36,02,10,11,,,,,,,2.13,1.12,1.81,3*03
$GNGSA,M,3,12,19,20,24,26,29,31,35,39,,,,2.13,1.12,1.81,4*0C
$GPGSV,3,1,10,05,38,122,46,12,22,036,42,13,16,032,31,18,66,264,21,1*66
$GPGSV,3,2,10,23,23,356,44,25,55,021,52,26,25,225,21,28,24,291,12,1*67
$GPGSV,3,3,10,29,58,152,34,31,21,258,20,1*6E
$GPGSV,2,1,08,05,38,122,39,12,22,036,25,13,16,032,24,18,66,264,25,6*60
$GPGSV,2,2,08,23,23,356,41,25,55,021,46,26,25,225,23,31,21,258,25,6*66
$GPGSV,2,1,06,13,16,032,21,18,66,264,28,23,23,356,44,25,55,021,53,8*6E
$GPGSV,2,2,06,26,25,225,22,28,24,291,28,8*61
$GPGSV,1,1,03,15,08,057,,20,01,084,,21,09,141,,0*59
$GAGSV,2,1,07,02,31,221,22,10,38,143,39,11,67,157,23,14,22,091,25,1*7F
$GAGSV,2,2,07,16,40,045,38,25,87,170,34,36,56,301,25,1*41
$GAGSV,1,1,03,10,38,143,33,16,40,045,48,25,87,170,32,5*4F
$GAGSV,1,1,04,10,38,143,35,14,22,091,25,16,40,045,43,25,87,170,36,7*79
$GAGSV,1,1,02,12,15,139,,34,07,313,,0*7B
$GBGSV,2,1,08,12,21,098,18,19,24,070,20,20,15,117,22,22,10,019,17,3*72
$GBGSV,2,2,08,24,24,229,27,26,53,280,22,29,24,121,44,39,32,000,49,3*71
$GBGSV,3,1,10,11,05,112,09,19,24,070,34,20,15,117,17,22,10,019,16,5*78
$GBGSV,3,2,10,24,24,229,26,26,53,280,20,29,24,121,42,31,34,258,20,5*74
$GBGSV,3,3,10,35,61,183,21,39,32,000,46,5*72
$GBGSV,3,1,10,12,21,098,17,19,24,070,32,20,15,117,16,22,10,019,25,8*7B
$GBGSV,3,2,10,24,24,229,25,26,53,280,23,29,24,121,47,31,34,258,17,8*78
$GBGSV,3,3,10,35,61,183,25,39,32,000,45,8*78
$GNGLL,3001.74235,S,05112.75042,W,170020.00,A,D*7F
$GNRMC,170021.00,A,3001.74235,S,05112.75043,W,0.012,,090926,,,F,V*19
$GNVTG,,T,,M,0.012,N,0.021,K,D*38
$GNGGA,170021.00,3001.74235,S,05112.75043,W,5,12,1.12,48.3,M,4.8,M,2.0,0920*6E
$GNGSA,M,3,05,12,13,18,23,25,26,29,31,,,,2.13,1.12,1.81,1*01
$GNGSA,M,3,16,25,36,02,10,11,,,,,,,2.13,1.12,1.81,3*03
$GNGSA,M,3,12,19,24,26,29,31,35,39,,,,,2.13,1.12,1.81,4*0E
$GPGSV,3,1,10,05,38,122,46,12,22,036,42,13,16,032,31,18,66,264,21,1*66
$GPGSV,3,2,10,23,23,356,44,25,55,021,52,26,25,225,22,28,24,291,12,1*64
$GPGSV,3,3,10,29,58,152,34,31,21,258,21,1*6F
$GPGSV,2,1,08,05,38,122,39,12,22,036,25,13,16,032,24,18,66,264,26,6*63
$GPGSV,2,2,08,23,23,356,41,25,55,021,46,26,25,225,24,31,21,258,25,6*61
$GPGSV,2,1,06,13,16,032,21,18,66,264,28,23,23,356,44,25,55,021,53,8*6E
$GPGSV,2,2,06,26,25,225,22,28,24,291,28,8*61
$GPGSV,1,1,03,15,08,057,,20,01,084,,21,09,141,,0*59
$GAGSV,2,1,07,02,31,221,22,10,38,143,39,11,67,157,23,14,22,091,25,1*7F
$GAGSV,2,2,07,16,40,045,38,25,87,170,34,36,56,301,25,1*41
$GAGSV,1,1,03,10,38,143,32,16,40,045,48,25,87,170,32,5*4E
$GAGSV,1,1,04,10,38,143,35,14,22,091,25,16,40,045,43,25,87,170,36,7*79
$GAGSV,1,1,02,12,15,139,,34,07,313,,0*7B
$GBGSV,3,1,09,12,21,098,19,19,24,070,21,20,15,117,22,22,10,019,16,3*73
$GBGSV,3,2,09,24,24,229,27,26,53,280,22,29,24,121,44,35,61,183,23,3*7D
$GBGSV,3,3,09,39,32,000,49,3*4B
$GBGSV,3,1,10,11,05,112,08,19,24,070,34,20,15,117,18,22,10,019,17,5*77
$GBGSV,3,2,10,24,24,229,26,26,53,280,21,29,24,121,42,31,34,258,20,5*75
$GBGSV,3,3,10,35,61,183,21,39,32,000,46,5*72
$GBGSV,3,1,10,12,21,098,17,19,24,070,32,20,15,117,15,22,10,019,25,8*78
$GBGSV,3,2,10,24,24,229,25,26,53,280,23,29,24,121,47,31,34,258,17,8*78
$GBGSV,3,3,10,35,61,183,25,39,32,000,45,8*78
$GNGLL,3001.74235,S,05112.75043,W,170021.00,A,D*7F
$GNRMC,170022.00,A,3001.74235,S,05112.75043,W,0.011,,090926,,,F,V*19
$GNVTG,,T,,M,0.011,N,0.021,K,D*3B
$GNGGA,170022.00,3001.74235,S,05112.75043,W,5,12,1.12,48.3,M,4.8,M,2.0,0920*6D
$GNGSA,M,3,05,12,13,18,23,25,26,28,29,31,,,2.13,1.12,1.81,1*0B
$GNGSA,M,3,16,25,36,02,10,11,,,,,,,2.13,1.12,1.81,3*03
$GNGSA,M,3,12,19,20,24,26,29,31,35,39,,,,2.13,1.12,1.81,4*0C
$GPGSV,3,1,10,05,38,122,46,12,22,036,42,13,16,032,31,18,66,264,21,1*66
$GPGSV,3,2,10,23,23,356,44,25,55,021,51,26,25,225,20,28,24,291,15,1*62
$GPGSV,3,3,10,29,58,152,34,31,21,258,21,1*6F
$GPGSV,2,1,08,05,38,122,39,12,22,036,25,13,16,032,24,18,66,264,25,6*60
$GPGSV,2,2,08,23,23,356,41,25,55,021,46,26,25,225,24,31,21,258,25,6*61
$GPGSV,2,1,06,13,16,032,21,18,66,264,28,23,23,356,44,25,55,021,53,8*6E
$GPGSV,2,2,06,26,25,225,22,28,24,291,28,8*61
$GPGSV,1,1,03,15,08,057,,20,01,084,,21,09,141,,0*59
$GAGSV,2,1,07,02,31,221,22,10,38,143,39,11,67,157,23,14,22,091,25,1*7F
$GAGSV,2,2,07,16,40,045,38,25,87,170,34,36,56,301,25,1*41
$GAGSV,1,1,03,10,38,143,33,16,40,045,48,25,87,170,32,5*4F
$GAGSV,1,1,04,10,38,143,35,14,22,091,25,16,40,045,43,25,87,170,36,7*79
$GAGSV,1,1,02,12,15,139,,34,07,313,,0*7B
$GBGSV,3,1,09,12,21,098,19,19,24,070,21,20,15,117,22,22,10,019,16,3*73
$GBGSV,3,2,09,24,24,229,27,26,53,280,22,29,24,121,44,35,61,183,23,3*7D
$GBGSV,3,3,09,39,32,000,49,3*4B
$GBGSV,3,1,10,11,05,112,08,19,24,070,34,20,15,117,18,22,10,019,17,5*77
$GBGSV,3,2,10,24,24,229,26,26,53,280,21,29,24,121,42,31,34,258,20,5*75
$GBGSV,3,3,10,35,61,183,21,39,32,000,46,5*72
$GBGSV,3,1,10,12,21,098,17,19,24,070,32,20,15,117,16,22,10,019,25,8*7B
$GBGSV,3,2,10,24,24,229,25,26,53,280,23,29,24,121,47,31,34,258,16,8*79
$GBGSV,3,3,10,35,61,183,25,39,32,000,45,8*78
$GNGLL,3001.74235,S,05112.75043,W,170022.00,A,D*7C
$GNRMC,170023.00,A,3001.74235,S,05112.75043,W,0.021,,090926,,,F,V*1B
$GNVTG,,T,,M,0.021,N,0.038,K,D*30
$GNGGA,170023.00,3001.74235,S,05112.75043,W,5,12,1.12,48.3,M,4.8,M,2.0,0920*6C
$GNGSA,M,3,05,12,13,18,23,25,26,28,29,31,,,2.13,1.12,1.81,1*0B
$GNGSA,M,3,16,25,36,02,10,11,,,,,,,2.13,1.12,1.81,3*03
$GNGSA,M,3,12,19,20,24,26,29,31,35,39,,,,2.13,1.12,1.81,4*0C
$GPGSV,3,1,10,05,38,122,46,12,22,036,42,13,16,032,31,18,66,264,21,1*66
$GPGSV,3,2,10,23,23,356,44,25,55,021,51,26,25,225,20,28,24,291,16,1*61
$GPGSV,3,3,10,29,58,152,34,31,21,258,21,1*6F
$GPGSV,2,1,08,05,38,122,39,12,22,036,25,13,16,032,24,18,66,264,26,6*63
$GPGSV,2,2,08,23,23,356,40,25,55,021,46,26,25,225,24,31,21,258,26,6*63
$GPGSV,2,1,06,13,16,032,21,18,66,264,28,23,23,356,44,25,55,021,53,8*6E
$GPGSV,2,2,06,26,25,225,22,28,24,291,27,8*6E
$GPGSV,1,1,03,15,08,057,,20,01,084,,21,09,141,,0*59
$GAGSV,2,1,07,02,31,221,22,10,38,143,39,11,67,157,23,14,22,091,25,1*7F
$GAGSV,2,2,07,16,40,045,38,25,87,170,34,36,56,301,25,1*41
$GAGSV,1,1,03,10,38,143,33,16,40,045,48,25,87,170,32,5*4F
$GAGSV,1,1,04,10,38,143,35,14,22,091,25,16,40,045,43,25,87,170,36,7*79
$GAGSV,1,1,02,12,15,139,,34,07,313,,0*7B
$GBGSV,3,1,09,12,21,098,19,19,24,070,21,20,15,117,21,22,10,019,15,3*73
$GBGSV,3,2,09,24,24,229,28,26,53,280,22,29,24,121,44,35,61,183,22,3*73
$GBGSV,3,3,09,39,32,000,49,3*4B
$GBGSV,3,1,09,19,24,070,34,20,15,117,18,22,10,019,17,24,24,229,26,5*7D
$GBGSV,3,2,09,26,53,280,21,29,24,121,42,31,34,258,20,35,61,183,21,5*78
$GBGSV,3,3,09,39,32,000,46,5*42
$GBGSV,3,1,10,12,21,098,16,19,24,070,32,20,15,117,15,22,10,019,25,8*79
$GBGSV,3,2,10,24,24,229,25,26,53,280,24,29,24,121,47,31,34,258,16,8*7E
$GBGSV,3,3,10,35,61,183,25,39,32,000,45,8*78
$GBGSV,1,1,01,11,05,112,,0*41
$GNGLL,3001.74235,S,05112.75043,W,170023.00,A,D*7D
$GNRMC,170024.00,A,3001.74234,S,05112.75042,W,0.033,,090926,,,F,V*1F
$GNVTG,,T,,M,0.033,N,0.061,K,D*3F
$GNGGA,170024.00,3001.74234,S,05112.75042,W,5,12,1.12,48.3,M,4.8,M,2.0,0920*6B
$GNGSA,M,3,05,12,13,18,23,25,26,28,29,31,,,2.13,1.12,1.81,1*0B
$GNGSA,M,3,16,25,36,02,10,11,,,,,,,2.13,1.12,1.81,3*03
$GNGSA,M,3,12,19,20,24,26,29,35,39,,,,,2.13,1.12,1.81,4*0E
$GPGSV,3,1,10,05,38,122,46,12,22,036,42,13,16,032,31,18,66,264,21,1*66
$GPGSV,3,2,10,23,23,356,44,25,55,021,51,26,25,225,19,28,24,291,17,1*6A
$GPGSV,3,3,10,29,58,152,34,31,21,258,21,1*6F
$GPGSV,2,1,08,05,38,122,39,12,22,036,25,13,16,032,24,18,66,264,26,6*63
$GPGSV,2,2,08,23,23,356,41,25,55,021,46,26,25,225,25,31,21,258,26,6*63
$GPGSV,2,1,06,13,16,032,21,18,66,264,28,23,23,356,44,25,55,021,53,8*6E
$GPGSV,2,2,06,26,25,225,23,28,24,291,28,8*60
$GPGSV,1,1,03,15,08,057,,20,01,084,,21,09,141,,0*59
$GAGSV,2,1,07,02,31,221,22,10,38,143,39,11,67,157,23,14,22,091,25,1*7F
$GAGSV,2,2,07,16,40,045,38,25,87,170,34,36,56,301,25,1*41
$GAGSV,1,1,03,10,38,143,33,16,40,045,48,25,87,170,32,5*4F
$GAGSV,1,1,04,10,38,143,35,14,22,091,25,16,40,045,43,25,87,170,36,7*79
$GAGSV,1,1,02,12,15,139,,34,07,313,,0*7B
$GBGSV,3,1,09,12,21,098,19,19,24,070,21,20,15,117,20,22,10,019,16,3*71
$GBGSV,3,2,09,24,24,229,28,26,53,280,21,29,24,121,44,35,61,183,22,3*70
$GBGSV,3,3,09,39,32,000,49,3*4B
$GBGSV,3,1,10,12,21,098,20,19,24,070,34,20,15,117,17,22,10,019,16,5*75
$GBGSV,3,2,10,24,24,229,26,26,53,280,22,29,24,121,42,31,34,258,19,5*7C
$GBGSV,3,3,10,35,61,183,20,39,32,000,46,5*73
$GBGSV,3,1,10,12,21,098,16,19,24,070,32,20,15,117,15,22,10,019,25,8*79
$GBGSV,3,2,10,24,24,229,25,26,53,280,23,29,24,121,47,31,34,258,16,8*79
$GBGSV,3,3,10,35,61,183,25,39,32,000,45,8*78
$GBGSV,1,1,01,11,05,112,,0*41
$GNGLL,3001.74234,S,05112.75042,W,170024.00,A,D*7A
$GNRMC,170025.00,A,3001.74234,S,05112.75042,W,0.011,,090926,,,F,V*1E
$GNVTG,,T,,M,0.011,N,0.021,K,D*3B
$GNGGA,170025.00,3001.74234,S,05112.75042,W,5,12,1.12,48.3,M,4.8,M,2.0,0920*6A
$GNGSA,M,3,05,12,13,18,23,25,26,28,29,31,,,2.13,1.12,1.81,1*0B
$GNGSA,M,3,16,25,36,02,10,11,,,,,,,2.13,1.12,1.81,3*03
$GNGSA,M,3,12,19,20,24,26,29,35,39,,,,,2.13,1.12,1.81,4*0E
$GPGSV,3,1,10,05,38,122,46,12,22,036,42,13,16,032,31,18,66,264,21,1*66
$GPGSV,3,2,10,23,23,356,44,25,55,021,51,26,25,225,18,28,24,291,17,1*6B
$GPGSV,3,3,10,29,58,152,34,31,21,258,20,1*6E
$GPGSV,2,1,08,05,38,122,39,12,22,036,26,13,16,032,24,18,66,264,25,6*63
$GPGSV,2,2,08,23,23,356,41,25,55,021,46,26,25,225,25,31,21,258,26,6*63
$GPGSV,2,1,06,13,16,032,21,18,66,264,28,23,23,356,44,25,55,021,53,8*6E
$GPGSV,2,2,06,26,25,225,23,28,24,291,28,8*60
$GPGSV,1,1,03,15,08,057,,20,01,084,,21,09,141,,0*59
$GAGSV,2,1,07,02,31,221,22,10,38,143,39,11,67,157,23,14,22,091,25,1*7F
$GAGSV,2,2,07,16,40,045,38,25,87,170,34,36,56,301,25,1*41
$GAGSV,1,1,03,10,38,143,33,16,40,045,48,25,87,170,32,5*4F
$GAGSV,1,1,04,10,38,143,35,14,22,091,25,16,40,045,43,25,87,170,36,7*79
$GAGSV,1,1,02,12,15,139,,34,07,313,,0*7B
$GBGSV,3,1,09,12,21,098,19,19,24,070,21,20,15,117,21,22,10,019,15,3*73
$GBGSV,3,2,09,24,24,229,28,26,53,280,20,29,24,121,44,35,61,183,22,3*71
$GBGSV,3,3,09,39,32,000,49,3*4B
$GBGSV,3,1,10,12,21,098,20,19,24,070,34,20,15,117,17,22,10,019,16,5*75
$GBGSV,3,2,10,24,24,229,26,26,53,280,21,29,24,121,42,31,34,258,20,5*75
$GBGSV,3,3,10,35,61,183,21,39,32,000,46,5*72
$GBGSV,3,1,10,12,21,098,15,19,24,070,32,20,15,117,15,22,10,019,25,8*7A
$GBGSV,3,2,10,24,24,229,25,26,53,280,23,29,24,121,47,31,34,258,15,8*7A
$GBGSV,3,3,10,35,61,183,25,39,32,000,45,8*78
$GBGSV,1,1,01,11,05,112,,0*41
$GNGLL,3001.74234,S,05112.75042,W,170025.00,A,D*7B
$GNRMC,170026.00,A,3001.74234,S,05112.75042,W,0.010,,090926,,,F,V*1C
$GNVTG,,T,,M,0.010,N,0.018,K,D*30
$GNGGA,170026.00,3001.74234,S,05112.75042,W,5,12,1.12,48.3,M,4.8,M,2.0,0920*69
$GNGSA,M,3,05,12,13,18,23,25,26,28,29,31,,,2.13,1.12,1.81,1*0B
$GNGSA,M,3,16,25,36,02,10,11,,,,,,,2.13,1.12,1.81,3*03
$GNGSA,M,3,12,19,24,26,29,35,39,,,,,,2.13,1.12,1.81,4*0C
$GPGSV,3,1,10,05,38,122,46,12,22,036,42,13,16,032,31,18,66,264,21,1*66
$GPGSV,3,2,10,23,23,356,44,25,55,021,51,26,25,225,17,28,24,291,17,1*64
$GPGSV,3,3,10,29,58,152,34,31,21,258,22,1*6C
$GPGSV,1,1,01,28,24,291,19,5*5F
$GPGSV,2,1,08,05,38,122,39,12,22,036,26,13,16,032,24,18,66,264,25,6*63
$GPGSV,2,2,08,23,23,356,41,25,55,021,46,26,25,225,25,31,21,258,26,6*63
$GPGSV,2,1,06,13,16,032,21,18,66,264,28,23,23,356,44,25,55,021,53,8*6E
$GPGSV,2,2,06,26,25,225,23,28,24,291,28,8*60
$GPGSV,1,1,03,15,08,057,,20,01,084,,21,09,141,,0*59
$GAGSV,2,1,07,02,31,221,22,10,38,143,39,11,67,157,23,14,22,091,25,1*7F
$GAGSV,2,2,07,16,40,045,38,25,87,170,34,36,56,301,25,1*41
$GAGSV,1,1,03,10,38,143,32,16,40,045,48,25,87,170,32,5*4E
$GAGSV,1,1,04,10,38,143,35,14,22,091,25,16,40,045,43,25,87,170,36,7*79
$GAGSV,1,1,02,12,15,139,,34,07,313,,0*7B
$GBGSV,3,1,10,12,21,098,19,19,24,070,22,20,15,117,21,20,15,117,21,3*77
$GBGSV,3,2,10,22,10,019,17,24,24,229,29,26,53,280,20,29,24,121,44,3*7C
$GBGSV,3,3,10,35,61,183,23,39,32,000,49,3*79
$GBGSV,3,1,10,12,21,098,21,19,24,070,34,20,15,117,16,22,10,019,17,5*74
$GBGSV,3,2,10,24,24,229,26,26,53,280,21,29,24,121,42,31,34,258,20,5*75
$GBGSV,3,3,10,35,61,183,20,39,32,000,46,5*73
$GBGSV,3,1,10,12,21,098,15,19,24,070,32,20,15,117,14,22,10,019,25,8*7B
$GBGSV,3,2,10,24,24,229,25,26,53,280,23,29,24,121,47,31,34,258,14,8*7B
$GBGSV,3,3,10,35,61,183,25,39,32,000,45,8*78
$GBGSV,1,1,01,11,05,112,,0*41
$GNGLL,3001.74234,S,05112.75042,W,170026.00,A,D*78
$GNRMC,170027.00,A,3001.74235,S,05112.75043,W,0.038,,090926,,,F,V*17
$GNVTG,,T,,M,0.038,N,0.070,K,D*34
$GNGGA,170027.00,3001.74235,S,05112.75043,W,5,12,1.12,48.3,M,4.8,M,2.0,0920*68
$GNGSA,M,3,05,12,13,18,23,25,26,28,29,31,,,2.13,1.12,1.81,1*0B
$GNGSA,M,3,16,25,36,02,10,11,,,,,,,2.13,1.12,1.81,3*03
$GNGSA,M,3,12,19,20,24,26,29,35,39,,,,,2.13,1.12,1.81,4*0E
$GPGSV,3,1,10,05,37,123,46,12,22,036,42,13,16,032,31,18,66,264,21,1*68
$GPGSV,3,2,10,23,23,356,44,25,55,021,51,26,25,225,17,28,24,291,17,1*64
$GPGSV,3,3,10,29,58,152,33,31,21,258,22,1*6B
$GPGSV,1,1,01,28,24,291,19,5*5F
$GPGSV,2,1,08,05,37,123,39,12,22,036,25,13,16,032,24,18,66,264,25,6*6E
$GPGSV,2,2,08,23,23,356,41,25,55,021,46,26,25,225,25,31,21,258,26,6*63
$GPGSV,2,1,06,13,16,032,21,18,66,264,28,23,23,356,44,25,55,021,53,8*6E
$GPGSV,2,2,06,26,25,225,23,28,24,291,28,8*60
$GPGSV,1,1,03,15,08,057,,20,01,084,,21,09,141,,0*59
$GAGSV,2,1,07,02,31,221,22,10,38,143,39,11,67,157,23,14,22,091,25,1*7F
$GAGSV,2,2,07,16,40,045,38,25,87,170,34,36,56,301,25,1*41
$GAGSV,1,1,03,10,38,143,33,16,40,045,48,25,87,170,31,5*4C
$GAGSV,1,1,04,10,38,143,35,14,22,091,25,16,40,045,43,25,87,170,36,7*79
$GAGSV,1,1,02,12,15,139,,34,07,313,,0*7B
$GBGSV,3,1,10,12,21,098,19,19,24,070,22,20,15,117,21,20,15,117,21,3*77
$GBGSV,3,2,10,22,10,019,15,24,24,229,29,26,53,280,19,29,24,121,44,3*74
$GBGSV,3,3,10,35,61,183,23,39,32,000,49,3*79
$GBGSV,3,1,10,12,21,098,22,19,24,070,34,20,15,117,16,22,10,019,18,5*78
$GBGSV,3,2,10,24,24,229,26,26,53,280,22,29,24,121,42,31,34,258,20,5*76
$GBGSV,3,3,10,35,61,183,20,39,32,000,46,5*73
$GBGSV,3,1,10,12,21,098,14,19,24,070,32,20,15,117,15,22,10,019,26,8*78
$GBGSV,3,2,10,24,24,229,25,26,53,280,23,29,24,121,47,31,34,258,13,8*7C
$GBGSV,3,3,10,35,61,183,25,39,32,000,45,8*78
$GBGSV,1,1,01,11,05,112,,0*41
$GNGLL,3001.74235,S,05112.75043,W,170027.00,A,D*79
$GNRMC,170028.00,A,3001.74234,S,05112.75042,W,0.028,,090926,,,F,V*19
$GNVTG,,T,,M,0.028,N,0.051,K,D*36
$GNGGA,170028.00,3001.74234,S,05112.75042,W,5,12,1.12,48.3,M,4.8,M,2.0,0920*67
$GNGSA,M,3,05,12,13,18,23,25,26,28,29,31,,,2.13,1.12,1.81,1*0B
$GNGSA,M,3,16,25,36,02,10,11,,,,,,,2.13,1.12,1.81,3*03
$GNGSA,M,3,12,19,20,24,26,29,35,39,,,,,2.13,1.12,1.81,4*0E
$GPGSV,3,1,10,05,37,123,46,12,22,036,42,13,16,032,31,18,66,264,21,1*68
$GPGSV,3,2,10,23,23,356,44,25,55,021,51,26,25,225,16,28,24,291,17,1*65
$GPGSV,3,3,10,29,58,152,33,31,21,258,22,1*6B
$GPGSV,1,1,01,29,58,152,17,5*57
$GPGSV,3,1,09,05,37,123,39,12,22,036,26,13,16,032,24,18,66,264,24,6*6C
$GPGSV,3,2,09,23,23,356,41,25,55,021,46,26,25,225,25,28,24,291,19,6*67
$GPGSV,3,3,09,31,21,258,26,6*50
$GPGSV,2,1,06,13,16,032,22,18,66,264,28,23,23,356,44,25,55,021,53,8*6D
$GPGSV,2,2,06,26,25,225,23,28,24,291,28,8*60
$GPGSV,1,1,03,15,08,057,,20,01,084,,21,09,141,,0*59
$GAGSV,2,1,07,02,31,221,22,10,38,143,39,11,67,157,23,14,22,091,25,1*7F
$GAGSV,2,2,07,16,40,045,37,25,87,170,34,36,56,301,24,1*4F
$GAGSV,1,1,03,10,38,143,33,16,40,045,48,25,87,170,31,5*4C
$GAGSV,1,1,04,10,38,143,34,14,22,091,25,16,40,045,43,25,87,170,35,7*7B
$GAGSV,1,1,02,12,15,139,,34,07,313,,0*7B
$GBGSV,3,1,09,12,21,098,18,19,24,070,21,20,15,117,19,22,10,019,14,3*78
$GBGSV,3,2,09,24,24,229,28,26,53,280,17,29,24,121,43,35,61,183,23,3*73
$GBGSV,3,3,09,39,32,000,48,3*4A
$GBGSV,3,1,10,12,21,098,22,19,24,070,34,20,15,117,16,22,10,019,18,5*78
$GBGSV,3,2,10,24,24,229,27,26,53,280,22,29,24,121,42,31,34,258,19,5*7D
$GBGSV,3,3,10,35,61,183,20,39,32,000,46,5*73
$GBGSV,3,1,10,12,21,098,15,19,24,070,31,20,15,117,16,22,10,019,26,8*79
$GBGSV,3,2,10,24,24,229,25,26,53,280,22,29,24,121,46,31,34,258,11,8*7E
$GBGSV,3,3,10,35,61,183,25,39,32,000,45,8*78
$GBGSV,1,1,01,11,05,112,,0*41
$GNGLL,3001.74234,S,05112.75042,W,170028.00,A,D*76
$GNRMC,170029.00,A,3001.74234,S,05112.75042,W,0.018,,090926,,,F,V*1B
$GNVTG,,T,,M,0.018,N,0.033,K,D*31
$GNGGA,170029.00,3001.74234,S,05112.75042,W,5,12,1.12,48.3,M,4.8,M,2.0,0920*66
$GNGSA,M,3,05,12,13,18,23,25,26,28,29,31,,,2.13,1.12,1.81,1*0B
$GNGSA,M,3,16,25,36,02,10,11,,,,,,,2.13,1.12,1.81,3*03
$GNGSA,M,3,12,19,20,24,26,29,35,39,,,,,2.13,1.12,1.81,4*0E
$GPGSV,3,1,10,05,37,123,46,12,22,036,42,13,16,032,31,18,66,264,21,1*68
$GPGSV,3,2,10,23,23,356,44,25,55,021,51,26,25,225,16,28,24,291,18,1*6A
$GPGSV,3,3,10,29,58,152,33,31,21,258,23,1*6A
$GPGSV,3,1,10,05,37,123,39,12,22,036,25,13,16,032,24,18,66,264,24,6*67
$GPGSV,3,2,10,23,23,356,41,25,55,021,46,26,25,225,25,28,24,291,20,6*65
$GPGSV,3,3,10,29,58,152,17,31,21,258,26,6*6E
$GPGSV,2,1,06,13,16,032,21,18,66,264,28,23,23,356,44,25,55,021,53,8*6E
$GPGSV,2,2,06,26,25,225,23,28,24,291,28,8*60
$GPGSV,1,1,03,15,08,057,,20,01,084,,21,09,141,,0*59
$GAGSV,2,1,07,02,31,221,22,10,38,143,39,11,67,157,23,14,22,091,25,1*7F
$GAGSV,2,2,07,16,40,045,37,25,87,170,34,36,56,301,24,1*4F
$GAGSV,1,1,03,10,38,143,32,16,40,045,48,25,87,170,31,5*4D
$GAGSV,1,1,04,10,38,143,34,14,22,091,24,16,40,045,43,25,87,170,35,7*7A
$GAGSV,1,1,02,12,15,139,,34,07,313,,0*7B
$GBGSV,3,1,09,12,21,098,18,19,24,070,22,20,15,117,19,22,10,019,12,3*7D
$GBGSV,3,2,09,24,24,229,28,26,53,280,16,29,24,121,43,35,61,183,23,3*72
$GBGSV,3,3,09,39,32,000,48,3*4A
$GBGSV,3,1,10,12,21,098,23,19,24,070,34,20,15,117,17,22,10,019,18,5*78
$GBGSV,3,2,10,24,24,229,27,26,53,280,22,29,24,121,42,31,34,258,19,5*7D
$GBGSV,3,3,10,35,61,183,21,39,32,000,46,5*72
$GBGSV,3,1,10,12,21,098,17,19,24,070,32,20,15,117,17,22,10,019,26,8*79
$GBGSV,3,2,10,24,24,229,25,26,53,280,22,29,24,121,46,31,34,258,11,8*7E
$GBGSV,3,3,10,35,61,183,25,39,32,000,45,8*78
$GBGSV,1,1,01,11,05,112,,0*41
$GNGLL,3001.74234,S,05112.75042,W,170029.00,A,D*77
$GNRMC,170030.00,A,3001.74234,S,05112.75042,W,0.020,,090926,,,F,V*18
$GNVTG,,T,,M,0.020,N,0.038,K,D*31
$GNGGA,170030.00,3001.74234,S,05112.75042,W,5,12,1.12,48.3,M,4.8,M,2.0,0920*6E
$GNGSA,M,3,05,12,13,18,23,25,26,28,29,31,,,2.13,1.12,1.81,1*0B
$GNGSA,M,3,16,25,36,02,10,11,,,,,,,2.13,1.12,1.81,3*03
$GNGSA,M,3,12,19,20,24,26,29,35,39,,,,,2.13,1.12,1.81,4*0E
$GPGSV,3,1,10,05,37,123,46,12,22,036,42,13,16,032,31,18,66,264,22,1*6B
$GPGSV,3,2,10,23,23,356,44,25,55,021,51,26,25,225,16,28,24,291,19,1*6B
$GPGSV,3,3,10,29,58,152,33,31,21,258,23,1*6A
$GPGSV,3,1,10,05,37,123,39,12,22,036,26,13,16,032,24,18,66,264,24,6*64
$GPGSV,3,2,10,23,23,356,41,25,55,021,46,26,25,225,25,28,24,291,21,6*64
$GPGSV,3,3,10,29,58,152,18,31,21,258,26,6*61
$GPGSV,2,1,06,13,16,032,21,18,66,264,28,23,23,356,44,25,55,021,53,8*6E
$GPGSV,2,2,06,26,25,225,23,28,24,291,28,8*60
$GPGSV,1,1,03,15,08,057,,20,01,084,,21,09,141,,0*59
$GAGSV,2,1,07,02,31,221,22,10,38,143,39,11,67,157,23,14,22,091,25,1*7F
$GAGSV,2,2,07,16,40,045,38,25,87,170,34,36,56,301,24,1*40
$GAGSV,1,1,03,10,38,143,32,16,40,045,48,25,87,170,31,5*4D
$GAGSV,1,1,04,10,38,143,35,14,22,091,25,16,40,045,43,25,87,170,36,7*79
$GAGSV,1,1,02,12,15,139,,34,07,313,,0*7B
$GBGSV,3,1,09,12,21,098,19,19,24,070,23,20,15,117,20,22,10,019,11,3*74
$GBGSV,3,2,09,24,24,229,29,26,53,280,17,29,24,121,44,35,61,183,24,3*72
$GBGSV,3,3,09,39,32,000,49,3*4B
$GBGSV,3,1,10,12,21,098,24,19,24,070,34,20,15,117,17,22,10,019,17,5*70
$GBGSV,3,2,10,24,24,229,27,26,53,280,21,29,24,121,43,31,34,258,19,5*7F
$GBGSV,3,3,10,35,61,183,21,39,32,000,46,5*72
$GBGSV,3,1,10,12,21,098,17,19,24,070,32,20,15,117,17,22,10,019,26,8*79
$GBGSV,3,2,10,24,24,229,24,26,53,280,22,29,24,121,46,31,34,258,10,8*7E
$GBGSV,3,3,10,35,61,183,25,39,32,000,45,8*78
$GBGSV,1,1,01,11,05,112,,0*41
$GNGLL,3001.74234,S,05112.75042,W,170030.00,A,D*7F
$GNRMC,170031.00,A,3001.74234,S,05112.75043,W,0.022,,090926,,,F,V*1A
$GNVTG,,T,,M,0.022,N,0.040,K,D*3C
$GNGGA,170031.00,3001.74234,S,05112.75043,W,5,12,1.12,48.3,M,4.8,M,2.0,0920*6E
$GNGSA,M,3,05,12,13,18,23,25,26,28,29,31,,,2.13,1.12,1.81,1*0B
$GNGSA,M,3,16,25,36,02,10,11,,,,,,,2.13,1.12,1.81,3*03
$GNGSA,M,3,12,19,20,24,26,29,35,39,,,,,2.13,1.12,1.81,4*0E
$GPGSV,3,1,10,05,37,123,46,12,22,036,42,13,16,032,31,18,66,264,22,1*6B
$GPGSV,3,2,10,23,23,356,44,25,55,021,51,26,25,225,15,28,24,291,19,1*68
$GPGSV,3,3,10,29,58,152,33,31,21,258,22,1*6B
$GPGSV,3,1,10,05,37,123,39,12,22,036,26,13,16,032,24,18,66,264,23,6*63
$GPGSV,3,2,10,23,23,356,40,25,55,021,46,26,25,225,25,28,24,291,22,6*66
$GPGSV,3,3,10,29,58,152,18,31,21,258,26,6*61
$GPGSV,2,1,06,13,16,032,21,18,66,264,28,23,23,356,44,25,55,021,53,8*6E
$GPGSV,2,2,06,26,25,225,23,28,24,291,28,8*60
$GPGSV,1,1,03,15,08,057,,20,01,084,,21,09,141,,0*59
$GAGSV,2,1,07,02,31,221,23,10,38,143,39,11,67,157,23,14,22,091,25,1*7E
$GAGSV,2,2,07,16,40,045,37,25,87,170,34,36,56,301,24,1*4F
$GAGSV,1,1,03,10,38,143,33,16,40,045,48,25,87,170,32,5*4F
$GAGSV,1,1,04,10,38,143,35,14,22,091,25,16,40,045,43,25,87,170,36,7*79
$GAGSV,1,1,02,12,15,139,,34,07,313,,0*7B
$GBGSV,3,1,09,12,21,098,18,19,24,070,22,20,15,117,20,22,10,019,09,3*7D
$GBGSV,3,2,09,24,24,229,29,26,53,280,16,29,24,121,44,35,61,183,23,3*74
$GBGSV,3,3,09,39,32,000,49,3*4B
$GBGSV,3,1,10,12,21,098,24,19,24,070,34,20,15,117,16,22,10,019,17,5*71
$GBGSV,3,2,10,24,24,229,27,26,53,280,21,29,24,121,42,31,34,258,20,5*74
$GBGSV,3,3,10,35,61,183,21,39,32,000,46,5*72
$GBGSV,3,1,10,12,21,098,17,19,24,070,32,20,15,117,17,22,10,019,26,8*79
$GBGSV,3,2,10,24,24,229,24,26,53,280,23,29,24,121,46,31,34,258,09,8*77
$GBGSV,3,3,10,35,61,183,25,39,32,000,45,8*78
$GBGSV,1,1,01,11,05,112,,0*41
$GNGLL,3001.74234,S,05112.75043,W,170031.00,A,D*7F
$GNRMC,170032.00,A,3001.74234,S,05112.75043,W,0.015,,090926,,,F,V*1D
$GNVTG,,T,,M,0.015,N,0.028,K,D*36
$GNGGA,170032.00,3001.74234,S,05112.75043,W,5,12,1.12,48.3,M,4.8,M,2.0,0920*6D
$GNGSA,M,3,05,12,13,18,23,25,26,28,29,31,,,2.13,1.12,1.81,1*0B
$GNGSA,M,3,16,25,36,02,10,11,,,,,,,2.13,1.12,1.81,3*03
$GNGSA,M,3,12,19,20,24,26,29,35,39,,,,,2.13,1.12,1.81,4*0E
$GPGSV,3,1,10,05,37,123,47,12,22,036,42,13,16,032,31,18,66,264,21,1*69
$GPGSV,3,2,10,23,23,356,44,25,55,021,51,26,25,225,15,28,24,291,20,1*62
$GPGSV,3,3,10,29,58,152,33,31,21,258,23,1*6A
$GPGSV,3,1,10,05,37,123,39,12,22,036,27,13,16,032,24,18,66,264,23,6*62
$GPGSV,3,2,10,23,23,356,40,25,55,021,46,26,25,225,25,28,24,291,22,6*66
$GPGSV,3,3,10,29,58,152,18,31,21,258,27,6*60
$GPGSV,2,1,06,13,16,032,22,18,66,264,28,23,23,356,44,25,55,021,53,8*6D
$GPGSV,2,2,06,26,25,225,23,28,24,291,28,8*60
$GPGSV,1,1,03,15,08,057,,20,01,084,,21,09,141,,0*59
$GAGSV,2,1,07,02,31,221,22,10,38,143,39,11,67,157,23,14,22,091,25,1*7F
$GAGSV,2,2,07,16,40,045,37,25,87,170,34,36,56,301,24,1*4F
$GAGSV,1,1,03,10,38,143,33,16,40,045,48,25,87,170,31,5*4C
$GAGSV,1,1,04,10,38,143,35,14,22,091,26,16,40,045,44,25,87,170,36,7*7D
$GAGSV,1,1,02,12,15,139,,34,07,313,,0*7B
$GBGSV,3,1,09,12,21,098,18,19,24,070,23,20,15,117,21,22,10,019,09,3*7D
$GBGSV,3,2,09,24,24,229,29,26,53,280,15,29,24,121,44,35,61,183,23,3*77
$GBGSV,3,3,09,39,32,000,49,3*4B
$GBGSV,3,1,10,12,21,098,25,19,24,070,34,20,15,117,16,22,10,019,17,5*70
$GBGSV,3,2,10,24,24,229,27,26,53,280,21,29,24,121,43,31,34,258,20,5*75
$GBGSV,3,3,10,35,61,183,20,39,32,000,46,5*73
$GBGSV,3,1,09,12,21,098,18,19,24,070,31,20,15,117,16,22,10,019,25,8*7F
$GBGSV,3,2,09,24,24,229,23,26,53,280,22,29,24,121,46,35,61,183,24,8*77
$GBGSV,3,3,09,39,32,000,44,8*4D
$GBGSV,1,1,01,11,05,112,,0*41
$GNGLL,3001.74234,S,05112.75043,W,170032.00,A,D*7C
$GNRMC,170033.00,A,3001.74234,S,05112.75042,W,0.039,,090926,,,F,V*13
$GNVTG,,T,,M,0.039,N,0.073,K,D*36
$GNGGA,170033.00,3001.74234,S,05112.75042,W,5,12,1.12,48.3,M,4.8,M,2.0,0920*6D
$GNGSA,M,3,05,12,13,18,23,25,26,28,29,31,,,2.13,1.12,1.81,1*0B
$GNGSA,M,3,16,25,36,02,10,11,,,,,,,2.13,1.12,1.81,3*03
$GNGSA,M,3,12,19,20,24,26,29,35,39,,,,,2.13,1.12,1.81,4*0E
$GPGSV,3,1,10,05,37,123,47,12,22,036,42,13,16,032,31,18,66,264,21,1*69
$GPGSV,3,2,10,23,23,356,44,25,55,021,51,26,25,225,14,28,24,291,20,1*63
$GPGSV,3,3,10,29,58,152,33,31,21,258,24,1*6D
$GPGSV,3,1,10,05,37,123,39,12,22,036,26,13,16,032,24,18,66,264,23,6*63
$GPGSV,3,2,10,23,23,356,40,25,55,021,46,26,25,225,26,28,24,291,22,6*65
$GPGSV,3,3,10,29,58,152,19,31,21,258,27,6*61
$GPGSV,2,1,06,13,16,032,22,18,66,264,28,23,23,356,44,25,55,021,53,8*6D
$GPGSV,2,2,06,26,25,225,23,28,24,291,28,8*60
$GPGSV,1,1,03,15,08,057,,20,01,084,,21,09,141,,0*59
$GAGSV,2,1,07,02,31,221,22,10,38,143,39,11,67,157,23,14,22,091,25,1*7F
$GAGSV,2,2,07,16,40,045,37,25,87,170,34,36,56,301,24,1*4F
$GAGSV,1,1,03,10,38,143,33,16,40,045,48,25,87,170,31,5*4C
$GAGSV,1,1,04,10,38,143,35,14,22,091,25,16,40,045,44,25,87,170,36,7*7E
$GAGSV,1,1,02,12,15,139,,34,07,313,,0*7B
$GBGSV,3,1,09,12,21,098,16,19,24,070,24,20,15,117,21,22,10,019,07,3*7A
$GBGSV,3,2,09,24,24,229,29,26,53,280,14,29,24,121,44,35,61,183,24,3*71
$GBGSV,3,3,09,39,32,000,49,3*4B
$GBGSV,3,1,10,12,21,098,25,19,24,070,34,20,15,117,15,22,10,019,17,5*73
$GBGSV,3,2,10,24,24,229,27,26,53,280,22,29,24,121,42,31,34,258,19,5*7D
$GBGSV,3,3,10,35,61,183,20,39,32,000,46,5*73
$GBGSV,3,1,09,12,21,098,20,19,24,070,31,20,15,117,16,22,10,019,25,8*74
$GBGSV,3,2,09,24,24,229,23,26,53,280,22,29,24,121,46,35,61,183,25,8*76
$GBGSV,3,3,09,39,32,000,44,8*4D
$GBGSV,1,1,01,11,05,112,,0*41
$GNGLL,3001.74234,S,05112.75042,W,170033.00,A,D*7C
$GNRMC,170034.00,A,3001.74234,S,05112.75041,W,0.008,,090926,,,F,V*15
$GNVTG,,T,,M,0.008,N,0.016,K,D*37
$GNGGA,170034.00,3001.74234,S,05112.75041,W,5,12,1.12,48.3,M,4.8,M,2.0,0920*69
$GNGSA,M,3,05,12,13,18,23,25,26,28,29,31,,,2.13,1.12,1.81,1*0B
$GNGSA,M,3,16,25,36,02,10,11,,,,,,,2.13,1.12,1.81,3*03
$GNGSA,M,3,12,19,20,24,26,29,35,39,,,,,2.13,1.12,1.81,4*0E
$GPGSV,3,1,10,05,37,123,47,12,21,036,42,13,16,032,31,18,66,264,21,1*6A
$GPGSV,3,2,10,23,23,356,44,25,55,021,51,26,25,225,15,28,24,291,20,1*62
$GPGSV,3,3,10,29,58,152,33,31,21,258,25,1*6C
$GPGSV,3,1,10,05,37,123,39,12,21,036,27,13,16,032,24,18,66,264,24,6*66
$GPGSV,3,2,10,23,23,356,40,25,55,021,46,26,25,225,25,28,24,291,23,6*67
$GPGSV,3,3,10,29,58,152,19,31,21,258,27,6*61
$GPGSV,2,1,06,13,16,032,22,18,66,264,28,23,23,356,44,25,55,021,53,8*6D
$GPGSV,2,2,06,26,25,225,23,28,24,291,28,8*60
$GPGSV,1,1,03,15,08,057,,20,01,084,,21,09,141,,0*59
$GAGSV,2,1,07,02,31,221,22,10,38,143,39,11,67,157,23,14,22,091,25,1*7F
$GAGSV,2,2,07,16,40,045,37,25,87,170,34,36,56,301,24,1*4F
$GAGSV,1,1,03,10,38,143,33,16,40,045,48,25,87,170,31,5*4C
$GAGSV,1,1,04,10,38,143,35,14,22,091,25,16,40,045,43,25,87,170,36,7*79
$GAGSV,1,1,02,12,15,139,,34,07,313,,0*7B
$GBGSV,3,1,09,12,21,098,17,19,24,070,23,20,15,117,22,22,10,019,10,3*79
$GBGSV,3,2,09,24,24,229,29,26,53,280,11,29,24,121,44,35,61,183,25,3*75
$GBGSV,3,3,09,39,32,000,49,3*4B
$GBGSV,3,1,10,12,21,098,26,19,24,070,34,20,15,117,14,22,10,019,17,5*71
$GBGSV,3,2,10,24,24,229,27,26,53,280,22,29,24,121,42,31,34,258,19,5*7D
$GBGSV,3,3,10,35,61,183,19,39,32,000,46,5*79
$GBGSV,3,1,09,12,21,098,19,19,24,070,31,20,15,117,17,22,10,019,25,8*7F
$GBGSV,3,2,09,24,24,229,23,26,53,280,22,29,24,121,46,35,61,183,24,8*77
$GBGSV,3,3,09,39,32,000,44,8*4D
$GBGSV,1,1,01,11,05,112,,0*41
$GNGLL,3001.74234,S,05112.75041,W,170034.00,A,D*78
$GNRMC,170035.00,A,3001.74234,S,05112.75042,W,0.010,,090926,,,F,V*1E
$GNVTG,,T,,M,0.010,N,0.019,K,D*31
$GNGGA,170035.00,3001.74234,S,05112.75042,W,5,12,1.12,48.3,M,4.8,M,2.0,0920*6B
$GNGSA,M,3,05,12,13,18,23,25,26,28,29,31,,,2.13,1.12,1.81,1*0B
$GNGSA,M,3,16,25,36,02,10,11,,,,,,,2.13,1.12,1.81,3*03
$GNGSA,M,3,12,19,20,24,26,29,35,39,,,,,2.13,1.12,1.81,4*0E
$GPGSV,3,1,10,05,37,123,46,12,21,036,42,13,15,031,31,18,66,264,20,1*6A
$GPGSV,3,2,10,23,23,356,44,25,55,021,51,26,25,225,16,28,24,291,20,1*61
$GPGSV,3,3,10,29,58,152,33,31,21,258,25,1*6C
$GPGSV,3,1,10,05,37,123,39,12,21,036,27,13,15,031,24,18,66,264,24,6*66
$GPGSV,3,2,10,23,23,356,40,25,55,021,46,26,25,225,25,28,24,291,24,6*60
$GPGSV,3,3,10,29,58,152,19,31,21,258,27,6*61
$GPGSV,2,1,06,13,15,031,22,18,66,264,28,23,23,356,44,25,55,021,53,8*6D
$GPGSV,2,2,06,26,25,225,22,28,24,291,29,8*60
$GPGSV,1,1,03,15,08,057,,20,01,084,,21,09,141,,0*59
$GAGSV,2,1,07,02,31,221,22,10,38,143,39,11,67,157,23,14,22,091,25,1*7F
$GAGSV,2,2,07,16,40,045,37,25,87,170,34,36,56,301,24,1*4F
$GAGSV,1,1,03,10,38,143,32,16,40,045,48,25,87,170,31,5*4D
$GAGSV,1,1,04,10,38,143,35,14,22,091,25,16,40,045,43,25,87,170,36,7*79
$GAGSV,1,1,02,12,15,139,,34,07,313,,0*7B
$GBGSV,3,1,09,12,21,098,16,19,24,070,23,20,15,117,22,22,10,019,07,3*7E
$GBGSV,3,2,09,24,24,229,29,26,53,280,08,29,24,121,44,35,61,183,25,3*7D
$GBGSV,3,3,09,39,32,000,49,3*4B
$GBGSV,3,1,10,12,21,098,26,19,24,070,34,20,15,117,15,22,10,019,18,5*7F
$GBGSV,3,2,10,24,24,229,27,26,53,280,22,29,24,121,43,31,34,258,19,5*7C
$GBGSV,3,3,10,35,61,183,19,39,32,000,46,5*79
$GBGSV,3,1,10,12,21,098,19,19,24,070,31,20,15,117,17,22,10,019,25,8*77
$GBGSV,3,2,10,24,24,229,24,26,53,280,21,29,24,121,46,31,34,258,16,8*7B
$GBGSV,3,3,10,35,61,183,24,39,32,000,44,8*78
$GBGSV,1,1,01,11,05,112,,0*41
$GNGLL,3001.74234,S,05112.75042,W,170035.00,A,D*7A
$GNRMC,170036.00,A,3001.74234,S,05112.75042,W,0.039,,090926,,,F,V*16
$GNVTG,,T,,M,0.039,N,0.073,K,D*36
$GNGGA,170036.00,3001.74234,S,05112.75042,W,5,12,1.08,48.3,M,4.8,M,2.0,0920*63
$GNGSA,M,3,05,12,13,18,23,25,26,28,29,31,,,1.97,1.08,1.64,1*04
$GNGSA,M,3,16,25,36,02,10,11,,,,,,,1.97,1.08,1.64,3*0C
$GNGSA,M,3,12,19,20,24,26,29,35,39,,,,,1.97,1.08,1.64,4*01
$GPGSV,3,1,10,05,37,123,46,12,21,036,42,13,15,031,31,18,66,264,20,1*6A
$GPGSV,3,2,10,23,23,356,44,25,55,021,51,26,25,225,16,28,24,291,20,1*61
$GPGSV,3,3,10,29,58,152,33,31,21,258,26,1*6F
$GPGSV,3,1,10,05,37,123,39,12,21,036,27,13,15,031,24,18,66,264,24,6*66
$GPGSV,3,2,10,23,23,356,40,25,55,021,46,26,25,225,25,28,24,291,25,6*61
$GPGSV,3,3,10,29,58,152,18,31,21,258,27,6*60
$GPGSV,2,1,06,13,15,031,22,18,66,264,28,23,23,356,44,25,55,021,53,8*6D
$GPGSV,2,2,06,26,25,225,23,28,24,291,29,8*61
$GPGSV,1,1,03,15,08,057,,20,01,084,,21,09,141,,0*59
$GAGSV,2,1,07,02,31,221,22,10,38,143,39,11,67,157,23,14,22,091,25,1*7F
$GAGSV,2,2,07,16,40,045,37,25,87,170,34,36,56,301,24,1*4F
$GAGSV,1,1,03,10,38,143,33,16,40,045,48,25,87,170,31,5*4C
$GAGSV,1,1,04,10,38,143,35,14,22,091,25,16,40,045,43,25,87,170,36,7*79
$GAGSV,1,1,02,12,15,139,,34,07,313,,0*7B
$GBGSV,3,1,09,12,21,098,17,19,24,070,23,20,15,117,22,22,10,019,11,3*78
$GBGSV,3,2,09,24,24,229,29,26,53,280,09,29,24,121,44,35,61,183,25,3*7C
$GBGSV,3,3,09,39,32,000,49,3*4B
$GBGSV,3,1,10,12,21,098,26,19,24,070,34,20,15,117,15,22,10,019,18,5*7F
$GBGSV,3,2,10,24,24,229,28,26,53,280,22,29,24,121,42,31,34,258,19,5*72
$GBGSV,3,3,10,35,61,183,20,39,32,000,46,5*73
$GBGSV,3,1,10,12,21,098,20,19,24,070,30,20,15,117,18,22,10,019,25,8*73
$GBGSV,3,2,10,24,24,229,24,26,53,280,22,29,24,121,45,31,34,258,14,8*79
$GBGSV,3,3,10,35,61,183,23,39,32,000,44,8*7F
$GBGSV,1,1,01,11,05,112,,0*41
$GNGLL,3001.74234,S,05112.75042,W,170036.00,A,D*79
$GNRMC,170037.00,A,3001.74234,S,05112.75042,W,0.033,,090926,,,F,V*1D
$GNVTG,,T,,M,0.033,N,0.060,K,D*3E
$GNGGA,170037.00,3001.74234,S,05112.75042,W,5,12,1.12,48.3,M,4.8,M,2.0,0920*69
$GNGSA,M,3,05,12,13,18,23,25,26,28,29,31,,,2.13,1.12,1.81,1*0B
$GNGSA,M,3,16,25,36,02,10,11,,,,,,,2.13,1.12,1.81,3*03
$GNGSA,M,3,12,19,24,26,29,35,39,,,,,,2.13,1.12,1.81,4*0C
$GPGSV,3,1,10,05,37,123,46,12,21,036,42,13,15,031,31,18,66,264,20,1*6A
$GPGSV,3,2,10,23,23,356,44,25,55,021,51,26,25,225,17,28,24,291,19,1*6A
$GPGSV,3,3,10,29,58,152,33,31,21,258,27,1*6E
$GPGSV,3,1,10,05,37,123,39,12,21,036,27,13,15,031,24,18,66,264,24,6*66
$GPGSV,3,2,10,23,23,356,40,25,55,021,46,26,25,225,25,28,24,291,24,6*60
$GPGSV,3,3,10,29,58,152,18,31,21,258,26,6*61
$GPGSV,2,1,06,13,15,031,22,18,66,264,28,23,23,356,44,25,55,021,53,8*6D
$GPGSV,2,2,06,26,25,225,23,28,24,291,29,8*61
$GPGSV,1,1,03,15,08,057,,20,01,084,,21,09,141,,0*59
$GAGSV,2,1,07,02,31,221,22,10,38,143,39,11,67,157,23,14,22,091,26,1*7C
$GAGSV,2,2,07,16,40,045,37,25,87,170,34,36,56,301,23,1*48
$GAGSV,1,1,03,10,38,143,33,16,40,045,48,25,87,170,31,5*4C
$GAGSV,1,1,04,10,38,143,35,14,22,091,25,16,40,045,43,25,87,170,36,7*79
$GAGSV,1,1,02,12,15,139,,34,07,313,,0*7B
$GBGSV,3,1,09,12,21,098,15,19,24,070,23,20,15,117,23,22,10,019,10,3*7A
$GBGSV,3,2,09,24,24,229,29,26,53,280,07,29,24,121,44,35,61,183,24,3*73
$GBGSV,3,3,09,39,32,000,49,3*4B
$GBGSV,3,1,10,12,21,098,26,19,24,070,34,20,15,117,15,22,10,019,18,5*7F
$GBGSV,3,2,10,24,24,229,27,26,53,280,22,29,24,121,42,31,34,258,19,5*7D
$GBGSV,3,3,10,35,61,183,20,39,32,000,46,5*73
$GBGSV,3,1,10,12,21,098,20,19,24,070,30,20,15,117,19,22,10,019,25,8*72
$GBGSV,3,2,10,24,24,229,23,26,53,280,22,29,24,121,45,31,34,258,14,8*7E
$GBGSV,3,3,10,35,61,183,23,39,32,000,44,8*7F
$GBGSV,1,1,01,11,05,112,,0*41
$GNGLL,3001.74234,S,05112.75042,W,170037.00,A,D*78
$GNRMC,170038.00,A,3001.74234,S,05112.75042,W,0.022,,090926,,,F,V*12
$GNVTG,,T,,M,0.022,N,0.040,K,D*3C
$GNGGA,170038.00,3001.74234,S,05112.75042,W,5,12,1.12,48.3,M,4.8,M,2.0,0920*66
$GNGSA,M,3,05,12,13,18,23,25,26,28,29,31,,,2.13,1.12,1.81,1*0B
$GNGSA,M,3,16,25,36,02,10,11,,,,,,,2.13,1.12,1.81,3*03
$GNGSA,M,3,12,19,24,26,29,35,39,,,,,,2.13,1.12,1.81,4*0C
$GPGSV,3,1,10,05,37,123,46,12,21,036,42,13,15,031,31,18,66,264,21,1*6B
$GPGSV,3,2,10,23,23,356,44,25,55,021,51,26,25,225,17,28,24,291,18,1*6B
$GPGSV,3,3,10,29,58,152,33,31,21,258,26,1*6F
$GPGSV,3,1,10,05,37,123,39,12,21,036,26,13,15,031,24,18,66,264,24,6*67
$GPGSV,3,2,10,23,23,356,40,25,55,021,46,26,25,225,25,28,24,291,22,6*66
$GPGSV,3,3,10,29,58,152,19,31,21,258,27,6*61
$GPGSV,2,1,06,13,15,031,22,18,66,264,28,23,23,356,44,25,55,021,53,8*6D
$GPGSV,2,2,06,26,25,225,23,28,24,291,29,8*61
$GPGSV,1,1,03,15,08,057,,20,01,084,,21,09,141,,0*59
$GAGSV,2,1,07,02,31,221,23,10,38,143,39,11,67,157,23,14,22,091,25,1*7E
$GAGSV,2,2,07,16,40,045,37,25,87,170,34,36,56,301,23,1*48
$GAGSV,1,1,03,10,38,143,32,16,40,045,48,25,87,170,31,5*4D
$GAGSV,1,1,04,10,38,143,35,14,22,091,25,16,40,045,43,25,87,170,36,7*79
$GAGSV,1,1,02,12,15,139,,34,07,313,,0*7B
$GBGSV,3,1,09,12,21,098,16,19,24,070,23,20,15,117,22,22,10,019,13,3*7B
$GBGSV,3,2,09,24,24,229,28,26,53,280,10,29,24,121,44,35,61,183,25,3*75
$GBGSV,3,3,09,39,32,000,49,3*4B
$GBGSV,3,1,10,12,21,098,26,19,24,070,34,20,15,117,15,22,10,019,17,5*70
$GBGSV,3,2,10,24,24,229,28,26,53,280,21,29,24,121,42,31,34,258,19,5*71
$GBGSV,3,3,10,35,61,183,20,39,32,000,46,5*73
$GBGSV,3,1,10,12,21,098,20,19,24,070,30,20,15,117,19,22,10,019,25,8*72
$GBGSV,3,2,10,24,24,229,23,26,53,280,22,29,24,121,45,31,34,258,12,8*78
$GBGSV,3,3,10,35,61,183,23,39,32,000,44,8*7F
$GBGSV,1,1,01,11,05,112,,0*41
$GNGLL,3001.74234,S,05112.75042,W,170038.00,A,D*77
$GNRMC,170039.00,A,3001.74234,S,05112.75042,W,0.036,,090926,,,F,V*16
$GNVTG,,T,,M,0.036,N,0.067,K,D*3C
$GNGGA,170039.00,3001.74234,S,05112.75042,W,5,12,1.12,48.3,M,4.8,M,2.0,0920*67
$GNGSA,M,3,05,12,13,18,23,25,26,28,29,31,,,2.13,1.12,1.81,1*0B
$GNGSA,M,3,16,25,36,02,10,11,,,,,,,2.13,1.12,1.81,3*03
$GNGSA,M,3,12,19,24,26,29,35,39,,,,,,2.13,1.12,1.81,4*0C
$GPGSV,3,1,10,05,37,123,46,12,21,036,42,13,15,031,31,18,66,264,20,1*6A
$GPGSV,3,2,10,23,23,356,44,25,55,021,51,26,25,225,17,28,24,291,18,1*6B
$GPGSV,3,3,10,29,58,152,33,31,21,258,26,1*6F
$GPGSV,3,1,10,05,37,123,39,12,21,036,27,13,15,031,24,18,66,264,24,6*66
$GPGSV,3,2,10,23,23,356,40,25,55,021,46,26,25,225,25,28,24,291,23,6*67
$GPGSV,3,3,10,29,58,152,18,31,21,258,26,6*61
$GPGSV,2,1,06,13,15,031,22,18,66,264,28,23,23,356,44,25,55,021,53,8*6D
$GPGSV,2,2,06,26,25,225,23,28,24,291,29,8*61
$GPGSV,1,1,03,15,08,057,,20,01,084,,21,09,141,,0*59
$GAGSV,2,1,07,02,31,221,22,10,38,143,39,11,67,157,23,14,22,091,25,1*7F
$GAGSV,2,2,07,16,40,045,37,25,87,170,34,36,56,301,22,1*49
$GAGSV,1,1,03,10,38,143,33,16,40,045,48,25,87,170,31,5*4C
$GAGSV,1,1,04,10,38,143,35,14,22,091,24,16,40,045,43,25,87,170,36,7*78
$GAGSV,1,1,02,12,15,139,,34,07,313,,0*7B
$GBGSV,3,1,09,12,21,098,15,19,24,070,23,20,15,117,23,22,10,019,09,3*72
$GBGSV,3,2,09,24,24,229,27,26,53,280,11,29,24,121,44,35,61,183,25,3*7B
$GBGSV,3,3,09,39,32,000,49,3*4B
$GBGSV,3,1,10,12,21,098,26,19,24,070,34,20,15,117,15,22,10,019,17,5*70
$GBGSV,3,2,10,24,24,229,28,26,53,280,22,29,24,121,42,31,34,258,19,5*72
$GBGSV,3,3,10,35,61,183,20,39,32,000,46,5*73
$GBGSV,3,1,10,12,21,098,20,19,24,070,30,20,15,117,20,22,10,019,25,8*78
$GBGSV,3,2,10,24,24,229,23,26,53,280,22,29,24,121,45,31,34,258,12,8*78
$GBGSV,3,3,10,35,61,183,23,39,32,000,44,8*7F
$GBGSV,1,1,01,11,05,112,,0*41
$GNGLL,3001.74234,S,05112.75042,W,170039.00,A,D*76
$GNRMC,170040.00,A,3001.74234,S,05112.75042,W,0.038,,090926,,,F,V*16
$GNVTG,,T,,M,0.038,N,0.070,K,D*34
$GNGGA,170040.00,3001.74234,S,05112.75042,W,5,12,1.12,48.3,M,4.8,M,2.0,0920*69
$GNGSA,M,3,05,12,13,18,23,25,26,28,29,31,,,2.13,1.12,1.81,1*0B
$GNGSA,M,3,16,25,36,02,10,11,,,,,,,2.13,1.12,1.81,3*03
$GNGSA,M,3,12,19,24,26,29,35,39,,,,,,2.13,1.12,1.81,4*0C
$GPGSV,3,1,10,05,37,123,46,12,21,036,42,13,15,031,31,18,67,262,19,1*67
$GPGSV,3,2,10,23,23,356,44,25,55,021,51,26,25,225,18,28,24,291,18,1*64
$GPGSV,3,3,10,29,58,152,33,31,21,258,26,1*6F
$GPGSV,3,1,10,05,37,123,39,12,21,036,27,13,15,031,24,18,67,262,24,6*61
$GPGSV,3,2,10,23,23,356,40,25,55,021,46,26,25,225,25,28,24,291,23,6*67
$GPGSV,3,3,10,29,58,152,19,31,21,258,26,6*60
$GPGSV,2,1,06,13,15,031,22,18,67,262,28,23,23,356,44,25,55,021,53,8*6A
$GPGSV,2,2,06,26,25,225,23,28,24,291,28,8*60
$GPGSV,1,1,03,15,08,057,,20,01,084,,21,09,141,,0*59
$GAGSV,2,1,07,02,31,221,22,10,38,143,39,11,67,157,23,14,22,091,25,1*7F
$GAGSV,2,2,07,16,40,045,37,25,87,170,34,36,56,301,23,1*48
$GAGSV,1,1,03,10,38,143,32,16,40,045,48,25,87,170,31,5*4D
$GAGSV,1,1,04,10,38,143,35,14,22,091,25,16,40,045,43,25,87,170,36,7*79
$GAGSV,1,1,02,12,15,139,,34,07,313,,0*7B
$GBGSV,3,1,09,12,21,098,16,19,24,070,22,20,15,117,22,22,10,019,12,3*7B
$GBGSV,3,2,09,24,24,229,27,26,53,280,10,29,24,121,44,35,61,183,26,3*79
$GBGSV,3,3,09,39,32,000,49,3*4B
$GBGSV,3,1,10,12,21,098,27,19,24,070,34,20,15,117,12,22,10,019,16,5*77
$GBGSV,3,2,10,24,24,229,28,26,53,280,21,29,24,121,42,31,34,258,18,5*70
$GBGSV,3,3,10,35,61,183,20,39,32,000,46,5*73
$GBGSV,3,1,10,12,21,098,21,19,24,070,30,20,15,117,21,22,10,019,25,8*78
$GBGSV,3,2,10,24,24,229,23,26,53,280,21,29,24,121,45,31,34,258,11,8*78
$GBGSV,3,3,10,35,61,183,23,39,32,000,44,8*7F
$GBGSV,1,1,01,11,05,112,,0*41
$GNGLL,3001.74234,S,05112.75042,W,170040.00,A,D*78
$GNRMC,170041.00,A,3001.74234,S,05112.75042,W,0.020,,090926,,,F,V*1E
$GNVTG,,T,,M,0.020,N,0.038,K,D*31
$GNGGA,170041.00,3001.74234,S,05112.75042,W,5,12,1.12,48.3,M,4.8,M,2.0,0920*68
$GNGSA,M,3,05,12,13,18,23,25,26,28,29,31,,,2.13,1.12,1.81,1*0B
$GNGSA,M,3,16,25,36,02,10,11,,,,,,,2.13,1.12,1.81,3*03
$GNGSA,M,3,12,19,24,26,29,35,39,,,,,,2.13,1.12,1.81,4*0C
$GPGSV,3,1,10,05,37,123,46,12,21,036,42,13,15,031,31,18,67,262,20,1*6D
$GPGSV,3,2,10,23,23,356,44,25,55,021,51,26,25,225,17,28,24,291,18,1*6B
$GPGSV,3,3,10,29,58,152,33,31,21,258,26,1*6F
$GPGSV,3,1,10,05,37,123,39,12,21,036,27,13,15,031,24,18,67,262,24,6*61
$GPGSV,3,2,10,23,23,356,40,25,55,021,46,26,25,225,25,28,24,291,22,6*66
$GPGSV,3,3,10,29,58,152,18,31,21,258,26,6*61
$GPGSV,2,1,06,13,15,031,22,18,67,262,28,23,23,356,44,25,55,021,53,8*6A
$GPGSV,2,2,06,26,25,225,23,28,24,291,28,8*60
$GPGSV,1,1,03,15,08,057,,20,01,084,,21,09,141,,0*59
$GAGSV,2,1,07,02,31,221,22,10,38,143,39,11,67,157,23,14,22,091,26,1*7C
$GAGSV,2,2,07,16,40,045,37,25,87,170,34,36,56,301,23,1*48
$GAGSV,1,1,03,10,38,143,33,16,40,045,48,25,87,170,31,5*4C
$GAGSV,1,1,04,10,38,143,35,14,22,091,25,16,40,045,43,25,87,170,36,7*79
$GAGSV,1,1,02,12,15,139,,34,07,313,,0*7B
$GBGSV,3,1,09,12,21,098,17,19,24,070,22,20,15,117,23,22,10,019,08,3*70
$GBGSV,3,2,09,24,24,229,26,26,53,280,08,29,24,121,44,35,61,183,26,3*71
$GBGSV,3,3,09,39,32,000,49,3*4B
$GBGSV,3,1,10,12,21,098,27,19,24,070,34,20,15,117,11,22,10,019,17,5*75
$GBGSV,3,2,10,24,24,229,28,26,53,280,21,29,24,121,42,31,34,258,18,5*70
$GBGSV,3,3,10,35,61,183,19,39,32,000,46,5*79
$GBGSV,3,1,10,12,21,098,21,19,24,070,30,20,15,117,21,22,10,019,25,8*78
$GBGSV,3,2,10,24,24,229,23,26,53,280,21,29,24,121,45,31,34,258,09,8*71
$GBGSV,3,3,10,35,61,183,23,39,32,000,44,8*7F
$GBGSV,1,1,01,11,05,112,,0*41
$GNGLL,3001.74234,S,05112.75042,W,170041.00,A,D*79
$GNRMC,170042.00,A,3001.74234,S,05112.75042,W,0.021,,090926,,,F,V*1C
$GNVTG,,T,,M,0.021,N,0.039,K,D*31
$GNGGA,170042.00,3001.74234,S,05112.75042,W,5,12,1.12,48.3,M,4.8,M,2.0,0920*6B
$GNGSA,M,3,05,12,13,18,23,25,26,28,29,31,,,2.13,1.12,1.81,1*0B
$GNGSA,M,3,16,25,36,02,10,11,,,,,,,2.13,1.12,1.81,3*03
$GNGSA,M,3,12,19,24,26,29,35,39,,,,,,2.13,1.12,1.81,4*0C
$GPGSV,3,1,10,05,37,123,47,12,21,036,42,13,15,031,31,18,67,262,20,1*6C
$GPGSV,3,2,10,23,23,356,44,25,55,021,51,26,25,225,18,28,24,291,19,1*65
$GPGSV,3,3,10,29,58,152,33,31,21,258,26,1*6F
$GPGSV,3,1,10,05,37,123,39,12,21,036,27,13,15,031,24,18,67,262,24,6*61
$GPGSV,3,2,10,23,23,356,40,25,55,021,46,26,25,225,24,28,24,291,23,6*66
$GPGSV,3,3,10,29,58,152,18,31,21,258,26,6*61
$GPGSV,2,1,06,13,15,031,21,18,67,262,28,23,23,356,44,25,55,021,53,8*69
$GPGSV,2,2,06,26,25,225,23,28,24,291,28,8*60
$GPGSV,1,1,03,15,08,057,,20,01,084,,21,09,141,,0*59
$GAGSV,2,1,07,02,31,221,22,10,38,143,39,11,67,157,23,14,22,091,26,1*7C
$GAGSV,2,2,07,16,40,045,37,25,87,170,34,36,56,301,22,1*49
$GAGSV,1,1,03,10,38,143,33,16,40,045,48,25,87,170,31,5*4C
$GAGSV,1,1,04,10,38,143,35,14,22,091,25,16,40,045,43,25,87,170,36,7*79
$GAGSV,1,1,02,12,15,139,,34,07,313,,0*7B
$GBGSV,3,1,09,12,21,098,17,19,24,070,22,20,15,117,23,22,10,019,09,3*71
$GBGSV,3,2,09,24,24,229,26,26,53,280,09,29,24,121,44,35,61,183,26,3*70
$GBGSV,3,3,09,39,32,000,49,3*4B
$GBGSV,3,1,09,12,21,098,27,19,24,070,34,22,10,019,16,24,24,229,29,5*7F
$GBGSV,3,2,09,26,53,280,21,29,24,121,42,31,34,258,18,35,61,183,19,5*78
$GBGSV,3,3,09,39,32,000,46,5*42
$GBGSV,3,1,10,12,21,098,20,19,24,070,30,20,15,117,20,22,10,019,25,8*78
$GBGSV,3,2,10,24,24,229,23,26,53,280,20,29,24,121,45,31,34,258,08,8*71
$GBGSV,3,3,10,35,61,183,23,39,32,000,44,8*7F
$GBGSV,1,1,01,11,05,112,,0*41
$GNGLL,3001.74234,S,05112.75042,W,170042.00,A,D*7A
$GNRMC,170043.00,A,3001.74234,S,05112.75043,W,0.034,,090926,,,F,V*18
$GNVTG,,T,,M,0.034,N,0.062,K,D*3B
$GNGGA,170043.00,3001.74234,S,05112.75043,W,5,12,1.12,48.3,M,4.8,M,2.0,0920*6B
$GNGSA,M,3,05,12,13,18,23,25,26,28,29,31,,,2.13,1.12,1.81,1*0B
$GNGSA,M,3,16,25,36,02,10,11,,,,,,,2.13,1.12,1.81,3*03
$GNGSA,M,3,12,19,24,26,29,35,39,,,,,,2.13,1.12,1.81,4*0C
$GPGSV,3,1,10,05,37,123,47,12,21,036,42,13,15,031,31,18,67,262,20,1*6C
$GPGSV,3,2,10,23,23,356,44,25,55,021,51,26,25,225,19,28,24,291,19,1*64
$GPGSV,3,3,10,29,58,152,33,31,21,258,26,1*6F
$GPGSV,3,1,10,05,37,123,39,12,21,036,27,13,15,031,23,18,67,262,24,6*66
$GPGSV,3,2,10,23,23,356,40,25,55,021,46,26,25,225,24,28,24,291,23,6*66
$GPGSV,3,3,10,29,58,152,18,31,21,258,26,6*61
$GPGSV,2,1,06,13,15,031,21,18,67,262,28,23,23,356,44,25,55,021,53,8*69
$GPGSV,2,2,06,26,25,225,23,28,24,291,28,8*60
$GPGSV,1,1,03,15,08,057,,20,01,084,,21,09,142,,0*5A
$GAGSV,2,1,07,02,31,221,22,10,38,143,39,11,67,157,23,14,22,091,26,1*7C
$GAGSV,2,2,07,16,40,045,37,25,87,170,34,36,56,301,23,1*48
$GAGSV,1,1,03,10,38,143,32,16,40,045,48,25,87,170,31,5*4D
$GAGSV,1,1,04,10,38,143,35,14,22,091,25,16,40,045,43,25,87,170,36,7*79
$GAGSV,1,1,02,12,15,139,,34,07,313,,0*7B
$GBGSV,3,1,09,12,21,098,17,19,24,070,23,20,15,117,23,22,10,019,11,3*79
$GBGSV,3,2,09,24,24,229,25,26,53,280,09,29,24,121,44,35,61,183,27,3*72
$GBGSV,3,3,09,39,32,000,49,3*4B
$GBGSV,3,1,09,12,21,098,27,19,24,070,34,22,10,019,16,24,24,229,29,5*7F
$GBGSV,3,2,09,26,53,280,21,29,24,121,42,31,34,258,18,35,61,183,20,5*72
$GBGSV,3,3,09,39,32,000,46,5*42
$GBGSV,3,1,10,12,21,098,21,19,24,070,30,20,15,117,21,22,10,019,25,8*78
$GBGSV,3,2,10,24,24,229,22,26,53,280,20,29,24,121,45,31,34,258,07,8*7F
$GBGSV,3,3,10,35,61,183,23,39,32,000,44,8*7F
$GBGSV,1,1,01,11,05,112,,0*41
$GNGLL,3001.74234,S,05112.75043,W,170043.00,A,D*7A
$GNRMC,170044.00,A,3001.74234,S,05112.75042,W,0.027,,090926,,,F,V*1C
$GNVTG,,T,,M,0.027,N,0.050,K,D*38
$GNGGA,170044.00,3001.74234,S,05112.75042,W,5,12,1.41,48.3,M,4.8,M,2.0,0920*6B
$GNGSA,M,3,05,12,13,18,23,25,26,28,29,31,,,2.42,1.41,1.96,1*0F
$GNGSA,M,3,16,25,36,02,10,11,,,,,,,2.42,1.41,1.96,3*07
$GNGSA,M,3,12,19,24,26,29,35,39,,,,,,2.42,1.41,1.96,4*08
$GPGSV,3,1,10,05,37,123,46,12,21,036,42,13,15,031,30,18,67,262,20,1*6C
$GPGSV,3,2,10,23,23,356,44,25,55,021,51,26,25,225,20,28,24,291,19,1*6E
$GPGSV,3,3,10,29,58,152,32,31,21,258,26,1*6E
$GPGSV,3,1,10,05,37,123,39,12,21,036,27,13,15,031,24,18,67,262,24,6*61
$GPGSV,3,2,10,23,23,356,40,25,55,021,46,26,25,225,24,28,24,291,23,6*66
$GPGSV,3,3,10,29,58,152,18,31,21,258,26,6*61
$GPGSV,2,1,06,13,15,031,21,18,67,262,28,23,23,356,45,25,55,021,53,8*68
$GPGSV,2,2,06,26,25,225,23,28,24,291,28,8*60
$GPGSV,1,1,03,15,08,057,,20,01,084,,21,09,142,,0*5A
$GAGSV,2,1,07,02,31,221,22,10,38,143,39,11,67,157,23,14,22,091,26,1*7C
$GAGSV,2,2,07,16,40,045,37,25,87,170,34,36,56,301,22,1*49
$GAGSV,1,1,03,10,38,143,32,16,40,045,48,25,87,170,31,5*4D
$GAGSV,1,1,04,10,38,143,35,14,22,091,25,16,40,045,43,25,87,170,36,7*79
$GAGSV,1,1,02,12,15,139,,34,07,313,,0*7B
$GBGSV,3,1,09,12,21,098,17,19,24,070,23,20,15,117,23,22,10,019,14,3*7C
$GBGSV,3,2,09,24,24,229,23,26,53,280,09,29,24,121,43,35,61,183,26,3*72
$GBGSV,3,3,09,39,32,000,49,3*4B
$GBGSV,3,1,09,12,21,098,27,19,24,070,34,22,10,019,15,24,24,229,29,5*7C
$GBGSV,3,2,09,26,53,280,21,29,24,121,42,31,34,258,18,35,61,183,20,5*72
$GBGSV,3,3,09,39,32,000,46,5*42
$GBGSV,3,1,10,12,21,098,21,19,24,070,30,20,15,117,22,22,10,019,25,8*7B
$GBGSV,3,2,10,24,24,229,22,26,53,280,21,29,24,121,45,31,34,258,07,8*7E
$GBGSV,3,3,10,35,61,183,24,39,32,000,44,8*78
$GBGSV,1,1,01,11,05,112,,0*41
$GNGLL,3001.74234,S,05112.75042,W,170044.00,A,D*7C
$GNRMC,170045.00,A,3001.74234,S,05112.75043,W,0.012,,090926,,,F,V*1A
$GNVTG,,T,,M,0.012,N,0.023,K,D*3A
$GNGGA,170045.00,3001.74234,S,05112.75043,W,5,12,1.12,48.3,M,4.8,M,2.0,0920*6D
$GNGSA,M,3,05,12,13,18,23,25,26,28,29,31,,,2.13,1.12,1.81,1*0B
$GNGSA,M,3,16,25,36,02,10,11,,,,,,,2.13,1.12,1.81,3*03
$GNGSA,M,3,12,19,24,26,29,35,39,,,,,,2.13,1.12,1.81,4*0C
$GPGSV,3,1,10,05,37,123,46,12,21,036,42,13,15,031,30,18,67,262,20,1*6C
$GPGSV,3,2,10,23,24,356,44,25,55,021,51,26,25,225,20,28,24,291,20,1*63
$GPGSV,3,3,10,29,58,152,33,31,21,258,27,1*6E
$GPGSV,3,1,10,05,37,123,39,12,21,036,26,13,15,031,24,18,67,262,24,6*60
$GPGSV,3,2,10,23,24,356,40,25,55,021,46,26,25,225,24,28,24,291,23,6*61
$GPGSV,3,3,10,29,58,152,17,31,21,258,26,6*6E
$GPGSV,2,1,06,13,15,031,22,18,67,262,28,23,24,356,45,25,55,021,53,8*6C
$GPGSV,2,2,06,26,25,225,24,28,24,291,28,8*67
$GPGSV,1,1,03,15,08,057,,20,01,084,,21,09,142,,0*5A
$GAGSV,2,1,07,02,31,221,22,10,38,143,39,11,67,157,23,14,22,091,26,1*7C
$GAGSV,2,2,07,16,40,045,37,25,87,170,34,36,56,301,22,1*49
$GAGSV,1,1,03,10,38,143,32,16,40,045,48,25,87,170,31,5*4D
$GAGSV,1,1,04,10,38,143,35,14,22,091,24,16,40,045,43,25,87,170,36,7*78
$GAGSV,1,1,02,12,15,139,,34,07,313,,0*7B
$GBGSV,3,1,09,12,21,098,16,19,24,070,24,20,15,117,23,22,10,019,13,3*7D
$GBGSV,3,2,09,24,24,229,22,26,53,280,10,29,24,121,44,35,61,183,26,3*7C
$GBGSV,3,3,09,39,32,000,48,3*4A
$GBGSV,3,1,09,12,21,098,26,19,24,070,34,22,10,019,15,24,24,229,29,5*7D
$GBGSV,3,2,09,26,53,280,21,29,24,121,42,31,34,258,18,35,61,183,20,5*72
$GBGSV,3,3,09,39,32,000,46,5*42
$GBGSV,3,1,10,12,21,098,22,19,24,070,30,20,15,117,22,22,10,019,26,8*7B
$GBGSV,3,2,10,24,24,229,22,26,53,280,21,29,24,121,45,31,34,258,08,8*71
$GBGSV,3,3,10,35,61,183,23,39,32,000,44,8*7F
$GBGSV,1,1,01,11,05,112,,0*41
$GNGLL,3001.74234,S,05112.75043,W,170045.00,A,D*7C
