$GPGGA,015138.10,3001.72992,S,05112.72391,W,1,04,4.81,99.86,M,,M,,*49
$GPGLL,3001.72992,S,05112.72391,W,015138.10,A,A*65
$GPGSA,A,3,01,02,28,31,,,,,,,,,5.87,4.81,3.35,1*16
$GPGSV,3,1,12,1,67,350,36,2,41,004,49,3,,,27,5,,,25,1*6C
$GPGSV,3,2,12,9,,,28,11,,,29,13,,,26,14,,,25,1*5A
$GPGSV,3,3,12,18,,,28,26,,,25,28,19,138,33,31,44,121,47,1*6C
$GPRMC,015138.10,A,3001.72992,S,05112.72391,W,0.89,0.00,090926,,,A,V*2D
$GPGGA,015139.10,3001.72976,S,05112.72368,W,1,04,4.81,99.77,M,,M,,*4A
$GPGLL,3001.72976,S,05112.72368,W,015139.10,A,A*68
$GPGSA,A,3,01,02,28,31,,,,,,,,,5.87,4.81,3.35,1*16
$GPGSV,3,1,12,1,67,350,36,2,41,004,49,3,,,27,5,,,25,1*6C
$GPGSV,3,2,12,9,,,28,11,,,26,13,,,25,14,,,25,1*56
$GPGSV,3,3,12,18,,,26,26,,,25,28,19,138,32,31,44,121,47,1*63
$GPRMC,015139.10,A,3001.72976,S,05112.72368,W,0.47,0.00,090926,,,A,V*22
$GPGGA,015140.10,3001.72964,S,05112.72323,W,1,04,4.81,99.83,M,,M,,*43
$GPGLL,3001.72964,S,05112.72323,W,015140.10,A,A*6A
$GPGSA,A,3,01,02,28,31,,,,,,,,,5.87,4.81,3.35,1*16
$GPGSV,3,1,11,1,67,350,36,2,41,004,49,3,,,27,5,,,24,1*6E
$GPGSV,3,2,11,9,,,28,13,,,25,14,,,25,22,,,29,1*5A
$GPGSV,3,3,11,26,,,25,28,19,138,32,31,44,121,47,1*6D
$GPRMC,015140.10,A,3001.72964,S,05112.72323,W,0.77,0.00,090926,,,A,V*23
$GPGGA,015141.10,3001.72953,S,05112.72293,W,1,04,4.81,100.23,M,,M,,*77
$GPGLL,3001.72953,S,05112.72293,W,015141.10,A,A*65
$GPGSA,A,3,01,02,28,31,,,,,,,,,5.87,4.81,3.35,1*16
$GPGSV,2,1,8,1,67,350,36,2,41,004,49,3,,,27,9,,,28,1*57
$GPGSV,2,2,8,14,,,25,22,,,25,28,19,138,32,31,44,121,47,1*53
$GPRMC,015141.10,A,3001.72953,S,05112.72293,W,0.04,0.00,090926,,,A,V*28
$GPGGA,015142.10,3001.72950,S,05112.72272,W,1,04,4.82,100.08,M,,M,,*72
$GPGLL,3001.72950,S,05112.72272,W,015142.10,A,A*6A
$GPGSA,A,3,01,02,28,31,,,,,,,,,5.87,4.82,3.35,1*15
$GPGSV,2,1,8,1,67,350,36,2,41,004,49,3,,,27,9,,,28,1*57
$GPGSV,2,2,8,15,,,30,22,,,25,28,19,138,32,31,44,121,47,1*56
$GPRMC,015142.10,A,3001.72950,S,05112.72272,W,0.03,0.00,090926,,,A,V*20
$GPGGA,015143.10,3001.72935,S,05112.72245,W,1,04,4.82,99.96,M,,M,,*42
$GPGLL,3001.72935,S,05112.72245,W,015143.10,A,A*6C
$GPGSA,A,3,01,02,28,31,,,,,,,,,5.87,4.82,3.35,1*15
$GPGSV,3,1,11,1,67,350,36,2,41,004,49,3,,,26,9,,,28,1*6F
$GPGSV,3,2,11,12,,,27,15,,,26,22,,,25,23,,,30,1*66
$GPGSV,3,3,11,26,,,28,28,19,138,32,31,44,121,47,1*60
$GPRMC,015143.10,A,3001.72935,S,05112.72245,W,0.61,0.00,090926,,,A,V*22
$GPGGA,015144.10,3001.72935,S,05112.72226,W,1,04,4.82,100.23,M,,M,,*7F
$GPGLL,3001.72935,S,05112.72226,W,015144.10,A,A*6E
$GPGSA,A,3,01,02,28,31,,,,,,,,,5.87,4.82,3.35,1*15
$GPGSV,2,1,7,1,66,350,36,2,40,004,49,3,,,26,9,,,28,1*59
$GPGSV,2,2,7,11,,,26,28,18,138,32,31,44,121,47,1*5C
$GPRMC,015144.10,A,3001.72935,S,05112.72226,W,0.39,0.00,090926,,,A,V*2D
$GPGGA,015145.10,3001.72925,S,05112.72195,W,1,04,4.82,100.28,M,,M,,*7F
$GPGLL,3001.72925,S,05112.72195,W,015145.10,A,A*65
$GPGSA,A,3,01,02,28,31,,,,,,,,,5.87,4.82,3.35,1*15
$GPGSV,2,1,7,1,66,350,36,2,40,004,48,3,,,26,9,,,28,1*58
$GPGSV,2,2,7,11,,,25,28,18,138,32,31,44,121,46,1*5E
$GPRMC,015145.10,A,3001.72925,S,05112.72195,W,0.10,0.00,090926,,,A,V*2D
$GPGGA,015146.10,3001.72911,S,05112.72156,W,1,04,4.82,100.37,M,,M,,*7A
$GPGLL,3001.72911,S,05112.72156,W,015146.10,A,A*6E
$GPGSA,A,3,01,02,28,31,,,,,,,,,5.87,4.82,3.35,1*15
$GPGSV,2,1,8,1,66,350,36,2,40,004,49,3,,,26,9,,,29,1*57
$GPGSV,2,2,8,11,,,26,16,,,29,28,18,138,32,31,44,121,47,1*5F
$GPRMC,015146.10,A,3001.72911,S,05112.72156,W,0.19,0.00,090926,,,A,V*2F
$GPGGA,015147.10,3001.72904,S,05112.72137,W,1,04,4.82,100.33,M,,M,,*7C
$GPGLL,3001.72904,S,05112.72137,W,015147.10,A,A*6C
$GPGSA,A,3,01,02,28,31,,,,,,,,,5.87,4.82,3.35,1*15
$GPGSV,2,1,8,1,66,350,36,2,40,004,49,3,,,25,8,,,28,1*54
$GPGSV,2,2,8,9,,,29,11,,,28,28,18,138,32,31,44,121,46,1*6E
$GPRMC,015147.10,A,3001.72904,S,05112.72137,W,0.21,0.00,090926,,,A,V*26
$GPGGA,015148.10,3001.72891,S,05112.72103,W,1,04,4.82,100.39,M,,M,,*73
$GPGLL,3001.72891,S,05112.72103,W,015148.10,A,A*69
$GPGSA,A,3,01,02,28,31,,,,,,,,,5.87,4.82,3.35,1*15
$GPGSV,3,1,10,1,66,350,36,2,40,004,48,3,,,25,9,,,29,1*6D
$GPGSV,3,2,10,11,,,27,13,,,27,16,,,29,27,,,27,1*6A
$GPGSV,3,3,10,28,18,138,32,31,44,121,46,1*6F
$GPRMC,015148.10,A,3001.72891,S,05112.72103,W,0.14,0.00,090926,,,A,V*25
$GPGGA,015149.10,3001.72874,S,05112.72072,W,1,04,4.82,100.33,M,,M,,*74
$GPGLL,3001.72874,S,05112.72072,W,015149.10,A,A*64
$GPGSA,A,3,01,02,28,31,,,,,,,,,5.87,4.82,3.35,1*15
$GPGSV,3,1,11,1,66,350,36,2,40,004,48,3,,,25,5,,,26,1*6F
$GPGSV,3,2,11,6,,,26,9,,,29,13,,,25,16,,,26,1*63
$GPGSV,3,3,11,27,,,25,28,18,138,32,31,44,121,46,1*6C
$GPRMC,015149.10,A,3001.72874,S,05112.72072,W,0.64,0.00,090926,,,A,V*2F
$GPGGA,015150.10,3001.72860,S,05112.72040,W,1,04,4.82,100.53,M,,M,,*7E
$GPGLL,3001.72860,S,05112.72040,W,015150.10,A,A*68
$GPGSA,A,3,01,02,28,31,,,,,,,,,5.87,4.82,3.35,1*15
$GPGSV,3,1,9,1,66,350,36,2,40,004,48,3,,,25,9,,,29,1*55
$GPGSV,3,2,9,13,,,25,16,,,25,20,,,29,28,18,138,32,1*68
$GPGSV,3,3,9,31,44,121,46,1*6F
$GPRMC,015150.10,A,3001.72860,S,05112.72040,W,0.08,0.00,090926,,,A,V*29
$GPGGA,015151.10,3001.72846,S,05112.72015,W,1,04,4.82,100.41,M,,M,,*78
$GPGLL,3001.72846,S,05112.72015,W,015151.10,A,A*6D
$GPGSA,A,3,01,02,28,31,,,,,,,,,5.87,4.82,3.35,1*15
$GPGSV,2,1,8,1,66,350,36,2,40,004,48,3,,,25,9,,,29,1*55
$GPGSV,2,2,8,10,,,30,20,,,25,28,18,138,31,31,44,121,46,1*52
$GPRMC,015151.10,A,3001.72846,S,05112.72015,W,0.12,0.00,090926,,,A,V*27
$GPGGA,015152.10,3001.72832,S,05112.71966,W,1,04,4.83,100.62,M,,M,,*76
$GPGLL,3001.72832,S,05112.71966,W,015152.10,A,A*63
$GPGSA,A,3,01,02,28,31,,,,,,,,,5.87,4.83,3.35,1*14
$GPGSV,3,1,11,1,66,350,36,2,40,004,48,3,,,25,9,,,30,1*64
$GPGSV,3,2,11,10,,,27,11,,,29,17,,,27,20,,,25,1*6C
$GPGSV,3,3,11,26,,,28,28,18,138,31,31,44,121,46,1*63
$GPRMC,015152.10,A,3001.72832,S,05112.71966,W,0.27,0.00,090926,,,A,V*2F
$GPGGA,015153.10,3001.72827,S,05112.71967,W,1,04,4.83,100.28,M,,M,,*7C
$GPGLL,3001.72827,S,05112.71967,W,015153.10,A,A*67
$GPGSA,A,3,01,02,28,31,,,,,,,,,5.87,4.83,3.35,1*14
$GPGSV,3,1,11,1,66,350,36,2,40,004,49,3,,,25,9,,,29,1*6D
$GPGSV,3,2,11,11,,,27,12,,,29,18,,,28,20,,,24,1*6F
$GPGSV,3,3,11,26,,,25,28,18,138,31,31,44,121,46,1*6E
$GPRMC,015153.10,A,3001.72827,S,05112.71967,W,0.07,0.00,090926,,,A,V*29
$GPGGA,015154.10,3001.72818,S,05112.71935,W,1,04,4.83,100.60,M,,M,,*7C
$GPGLL,3001.72818,S,05112.71935,W,015154.10,A,A*6B
$GPGSA,A,3,01,02,28,31,,,,,,,,,5.87,4.83,3.35,1*14
$GPGSV,3,1,11,1,66,350,36,2,40,004,48,3,,,26,9,,,29,1*6F
$GPGSV,3,2,11,11,,,25,12,,,26,17,,,26,18,,,25,1*69
$GPGSV,3,3,11,26,,,25,28,18,138,31,31,44,121,46,1*6E
$GPRMC,015154.10,A,3001.72818,S,05112.71935,W,1.15,0.00,090926,,,A,V*27
$GPGGA,015155.10,3001.72808,S,05112.71917,W,1,04,4.83,100.12,M,,M,,*79
$GPGLL,3001.72808,S,05112.71917,W,015155.10,A,A*6B
$GPGSA,A,3,01,02,28,31,,,,,,,,,5.87,4.83,3.35,1*14
$GPGSV,2,1,8,1,66,350,36,2,40,004,47,3,,,25,9,,,29,1*5A
$GPGSV,2,2,8,11,,,25,17,,,25,28,18,138,31,31,44,121,45,1*50
$GPRMC,015155.10,A,3001.72808,S,05112.71917,W,0.22,0.00,090926,,,A,V*22
$GPGGA,015156.10,3001.72786,S,05112.71866,W,1,04,4.83,100.24,M,,M,,*71
$GPGLL,3001.72786,S,05112.71866,W,015156.10,A,A*66
$GPGSA,A,3,01,02,28,31,,,,,,,,,5.87,4.83,3.34,1*15
$GPGSV,2,1,8,1,66,350,36,2,40,004,47,3,,,26,9,,,30,1*51
$GPGSV,2,2,8,11,,,24,17,,,25,28,18,138,31,31,44,121,45,1*51
$GPRMC,015156.10,A,3001.72786,S,05112.71866,W,0.39,0.00,090926,,,A,V*25
$GPGGA,015157.10,3001.72764,S,05112.71817,W,1,04,4.83,100.40,M,,M,,*78
$GPGLL,3001.72764,S,05112.71817,W,015157.10,A,A*6D
$GPGSA,A,3,01,02,28,31,,,,,,,,,5.87,4.83,3.34,1*15
$GPGSV,3,1,9,1,66,350,36,2,40,004,48,3,,,26,8,,,28,1*56
$GPGSV,3,2,9,9,,,30,12,,,29,17,,,24,28,18,138,31,1*55
$GPGSV,3,3,9,31,44,121,45,1*6C
$GPRMC,015157.10,A,3001.72764,S,05112.71817,W,0.71,0.00,090926,,,A,V*22
$GPGGA,015158.10,3001.72773,S,05112.71848,W,1,04,4.83,100.40,M,,M,,*7B
$GPGLL,3001.72773,S,05112.71848,W,015158.10,A,A*6E
$GPGSA,A,3,01,02,28,31,,,,,,,,,5.88,4.83,3.34,1*1A
$GPGSV,3,1,10,1,66,350,36,2,40,004,48,3,,,26,8,,,25,1*63
$GPGSV,3,2,10,9,,,29,11,,,30,12,,,25,19,,,26,1*5D
$GPGSV,3,3,10,28,18,138,31,31,44,121,46,1*6C
$GPRMC,015158.10,A,3001.72773,S,05112.71848,W,0.16,0.00,090926,,,A,V*20
$GPGGA,015159.10,3001.72768,S,05112.71843,W,1,04,4.83,100.33,M,,M,,*7F
$GPGLL,3001.72768,S,05112.71843,W,015159.10,A,A*6E
$GPGSA,A,3,01,02,28,31,,,,,,,,,5.88,4.83,3.34,1*1A
$GPGSV,3,1,12,1,66,350,36,2,40,004,48,3,,,26,6,,,30,1*6B
$GPGSV,3,2,12,9,,,29,11,,,26,12,,,25,13,,,27,1*53
$GPGSV,3,3,12,17,,,26,18,,,28,28,18,138,31,31,44,121,46,1*6F
$GPRMC,015159.10,A,3001.72768,S,05112.71843,W,0.17,0.00,090926,,,A,V*21
$GPGGA,015200.10,3001.72751,S,05112.71806,W,1,04,4.83,100.54,M,,M,,*7A
$GPGLL,3001.72751,S,05112.71806,W,015200.10,A,A*6A
$GPGSA,A,3,01,02,28,31,,,,,,,,,5.88,4.83,3.34,1*1A
$GPGSV,3,1,10,1,66,350,36,2,40,004,48,3,,,27,6,,,25,1*6C
$GPGSV,3,2,10,9,,,29,11,,,26,17,,,24,18,,,26,1*5F
$GPGSV,3,3,10,28,18,138,31,31,44,121,46,1*6C
$GPRMC,015200.10,A,3001.72751,S,05112.71806,W,0.49,0.00,090926,,,A,V*2E
$GPGGA,015201.10,3001.72824,S,05112.72009,W,1,05,1.82,98.59,M,,M,,*4A
$GPGLL,3001.72824,S,05112.72009,W,015201.10,A,A*62
$GPGSA,A,3,01,02,09,28,31,,,,,,,,3.33,1.82,2.79,1*19
$GPGSV,2,1,8,1,66,350,36,2,40,004,48,3,,,27,9,21,282,29,1*6C
$GPGSV,2,2,8,17,,,24,18,,,22,28,18,138,31,31,44,121,46,1*5C
$GPRMC,015201.10,A,3001.72824,S,05112.72009,W,0.14,0.00,090926,,,A,V*2E
$GPGGA,015202.10,3001.72880,S,05112.72143,W,1,05,1.82,97.07,M,,M,,*4C
$GPGLL,3001.72880,S,05112.72143,W,015202.10,A,A*60
$GPGSA,A,3,01,02,09,28,31,,,,,,,,3.33,1.82,2.79,1*19
$GPGSV,2,1,8,1,66,350,36,2,40,004,48,3,,,27,9,21,282,29,1*6C
$GPGSV,2,2,8,16,,,29,17,,,25,28,18,138,31,31,44,121,45,1*5B
$GPRMC,015202.10,A,3001.72880,S,05112.72143,W,0.07,0.00,090926,,,A,V*2E
$GPGGA,015203.10,3001.72922,S,05112.72242,W,1,05,1.82,95.92,M,,M,,*48
$GPGLL,3001.72922,S,05112.72242,W,015203.10,A,A*6A
$GPGSA,A,3,01,02,09,28,31,,,,,,,,3.33,1.82,2.79,1*19
$GPGSV,3,1,9,1,66,350,36,2,40,004,48,3,,,27,8,,,26,1*59
$GPGSV,3,2,9,9,21,282,29,11,,,27,16,,,26,28,18,138,31,1*68
$GPGSV,3,3,9,31,44,121,46,1*6F
$GPRMC,015203.10,A,3001.72922,S,05112.72242,W,0.14,0.00,090926,,,A,V*26
$GPGGA,015204.10,3001.72951,S,05112.72306,W,1,05,1.82,95.07,M,,M,,*46
$GPGLL,3001.72951,S,05112.72306,W,015204.10,A,A*68
$GPGSA,A,3,01,02,09,28,31,,,,,,,,3.33,1.82,2.79,1*19
$GPGSV,3,1,10,1,66,350,37,2,40,004,48,3,,,27,8,,,29,1*6F
$GPGSV,3,2,10,9,21,282,29,11,,,25,12,,,28,13,,,28,1*6B
$GPGSV,3,3,10,28,18,138,31,31,44,121,46,1*6C
$GPRMC,015204.10,A,3001.72951,S,05112.72306,W,0.24,0.00,090926,,,A,V*27
$GPGGA,015205.10,3001.72977,S,05112.72379,W,1,05,1.82,94.46,M,,M,,*4F
$GPGLL,3001.72977,S,05112.72379,W,015205.10,A,A*65
$GPGSA,A,3,01,02,09,28,31,,,,,,,,3.33,1.82,2.79,1*19
$GPGSV,3,1,9,1,66,350,36,2,40,004,48,3,,,28,8,,,25,1*55
$GPGSV,3,2,9,9,21,282,29,12,,,24,18,,,24,28,18,138,31,1*64
$GPGSV,3,3,9,31,44,121,46,1*6F
$GPRMC,015205.10,A,3001.72977,S,05112.72379,W,0.39,0.00,090926,,,A,V*26
$GPGGA,015206.10,3001.72999,S,05112.72422,W,1,05,1.82,94.05,M,,M,,*42
$GPGLL,3001.72999,S,05112.72422,W,015206.10,A,A*6F
$GPGSA,A,3,01,02,09,28,31,,,,,,,,3.33,1.82,2.79,1*19
$GPGSV,3,1,9,1,66,350,36,2,40,004,48,3,,,28,6,,,27,1*59
$GPGSV,3,2,9,9,21,282,29,12,,,19,13,,,28,28,18,138,31,1*6D
$GPGSV,3,3,9,31,44,121,46,1*6F
$GPRMC,015206.10,A,3001.72999,S,05112.72422,W,0.41,0.00,090926,,,A,V*23
$GPGGA,015207.10,3001.73011,S,05112.72446,W,1,05,1.82,93.75,M,,M,,*49
$GPGLL,3001.73011,S,05112.72446,W,015207.10,A,A*64
$GPGSA,A,3,01,02,09,28,31,,,,,,,,3.33,1.82,2.79,1*19
$GPGSV,3,1,9,1,66,350,37,2,40,004,48,3,,,27,9,21,282,29,1*6D
$GPGSV,3,2,9,11,,,28,13,,,26,26,,,26,28,18,138,31,1*6B
$GPGSV,3,3,9,31,44,121,46,1*6F
$GPRMC,015207.10,A,3001.73011,S,05112.72446,W,0.29,0.00,090926,,,A,V*26
$GPGGA,015208.10,3001.73021,S,05112.72462,W,1,05,1.82,93.44,M,,M,,*41
$GPGLL,3001.73021,S,05112.72462,W,015208.10,A,A*6E
$GPGSA,A,3,01,02,09,28,31,,,,,,,,3.33,1.82,2.79,1*19
$GPGSV,3,1,9,1,66,350,37,2,40,004,48,3,,,28,9,21,282,28,1*63
$GPGSV,3,2,9,11,,,26,13,,,25,26,,,25,28,18,138,31,1*65
$GPGSV,3,3,9,31,44,121,46,1*6F
$GPRMC,015208.10,A,3001.73021,S,05112.72462,W,0.16,0.00,090926,,,A,V*20
$GPGGA,015209.10,3001.73035,S,05112.72497,W,1,05,1.82,92.96,M,,M,,*41
$GPGLL,3001.73035,S,05112.72497,W,015209.10,A,A*60
$GPGSA,A,3,01,02,09,28,31,,,,,,,,3.33,1.82,2.79,1*19
$GPGSV,3,1,10,1,66,350,37,2,40,004,49,3,,,28,9,21,282,28,1*5A
$GPGSV,3,2,10,11,,,25,12,,,29,13,,,25,26,,,25,1*6D
$GPGSV,3,3,10,28,18,138,30,31,44,121,46,1*6D
$GPRMC,015209.10,A,3001.73035,S,05112.72497,W,0.04,0.00,090926,,,A,V*2D
$GPGGA,015210.10,3001.73043,S,05112.72517,W,1,05,1.82,92.79,M,,M,,*40
$GPGLL,3001.73043,S,05112.72517,W,015210.10,A,A*60
$GPGSA,A,3,01,02,09,28,31,,,,,,,,3.33,1.82,2.79,1*19
$GPGSV,3,1,11,1,66,350,37,2,40,004,49,3,,,28,9,21,282,28,1*5B
$GPGSV,3,2,11,11,,,25,12,,,26,17,,,31,26,,,25,1*62
$GPGSV,3,3,11,28,18,138,30,30,,,25,31,44,121,46,1*68
$GPRMC,015210.10,A,3001.73043,S,05112.72517,W,0.22,0.00,090926,,,A,V*29
$GPGGA,015211.10,3001.73061,S,05112.72540,W,1,05,1.82,92.66,M,,M,,*4D
$GPGLL,3001.73061,S,05112.72540,W,015211.10,A,A*63
$GPGSA,A,3,01,02,09,28,31,,,,,,,,3.33,1.82,2.79,1*19
$GPGSV,3,1,10,1,66,350,37,2,40,004,49,3,,,28,9,21,282,28,1*5A
$GPGSV,3,2,10,12,,,25,17,,,24,20,,,25,28,18,138,30,1*5F
$GPGSV,3,3,10,30,,,25,31,44,121,46,1*53
$GPRMC,015211.10,A,3001.73061,S,05112.72540,W,0.35,0.00,090926,,,A,V*2C
$GPGGA,015212.10,3001.73064,S,05112.72539,W,1,05,1.81,92.52,M,,M,,*41
$GPGLL,3001.73064,S,05112.72539,W,015212.10,A,A*6B
$GPGSA,A,3,01,02,09,28,31,,,,,,,,3.33,1.81,2.79,1*1A
$GPGSV,3,1,10,1,66,350,37,2,40,004,48,3,,,28,9,21,282,28,1*5B
$GPGSV,3,2,10,12,,,25,17,,,21,20,,,25,28,18,138,31,1*5B
$GPGSV,3,3,10,30,,,25,31,44,121,46,1*53
$GPRMC,015212.10,A,3001.73064,S,05112.72539,W,0.13,0.00,090926,,,A,V*20
$GPGGA,015213.10,3001.73075,S,05112.72548,W,1,05,1.81,92.28,M,,M,,*4B
$GPGLL,3001.73075,S,05112.72548,W,015213.10,A,A*6C
$GPGSA,A,3,01,02,09,28,31,,,,,,,,3.33,1.81,2.79,1*1A
$GPGSV,3,1,9,1,66,350,37,2,40,004,48,3,,,28,8,,,27,1*56
$GPGSV,3,2,9,9,21,282,28,20,,,25,28,18,138,31,30,,,25,1*6E
$GPGSV,3,3,9,31,44,121,45,1*6C
$GPRMC,015213.10,A,3001.73075,S,05112.72548,W,0.05,0.00,090926,,,A,V*20
$GPGGA,015214.10,3001.73070,S,05112.72533,W,1,05,1.81,92.33,M,,M,,*4F
$GPGLL,3001.73070,S,05112.72533,W,015214.10,A,A*62
$GPGSA,A,3,01,02,09,28,31,,,,,,,,3.33,1.81,2.79,1*1A
$GPGSV,3,1,10,1,66,350,37,2,40,004,48,3,,,27,5,,,28,1*63
$GPGSV,3,2,10,8,,,25,9,22,282,28,10,,,26,20,,,25,1*50
$GPGSV,3,3,10,28,18,138,31,31,44,121,46,1*6C
$GPRMC,015214.10,A,3001.73070,S,05112.72533,W,0.05,0.00,090926,,,A,V*2E
$GPGGA,015215.10,3001.73076,S,05112.72541,W,1,05,1.81,92.09,M,,M,,*44
$GPGLL,3001.73076,S,05112.72541,W,015215.10,A,A*60
$GPGSA,A,3,01,02,09,28,31,,,,,,,,3.32,1.81,2.79,1*1B
$GPGSV,3,1,11,1,66,350,37,2,40,004,48,3,,,27,5,,,25,1*6F
$GPGSV,3,2,11,9,22,282,28,11,,,27,12,,,29,13,,,26,1*65
$GPGSV,3,3,11,18,,,28,28,18,138,31,31,44,121,46,1*6E
$GPRMC,015215.10,A,3001.73076,S,05112.72541,W,0.42,0.00,090926,,,A,V*2F
$GPGGA,015216.10,3001.73078,S,05112.72538,W,1,05,1.81,92.09,M,,M,,*47
$GPGLL,3001.73078,S,05112.72538,W,015216.10,A,A*63
$GPGSA,A,3,01,02,09,28,31,,,,,,,,3.32,1.81,2.79,1*1B
$GPGSV,3,1,11,1,66,350,37,2,40,004,48,3,,,27,5,,,24,1*6E
$GPGSV,3,2,11,9,22,282,28,11,,,25,12,,,25,18,,,27,1*61
$GPGSV,3,3,11,20,,,26,28,18,138,31,31,44,121,46,1*6B
$GPRMC,015216.10,A,3001.73078,S,05112.72538,W,0.15,0.00,090926,,,A,V*2E
$GPGGA,015217.10,3001.73087,S,05112.72550,W,1,05,1.81,92.00,M,,M,,*41
$GPGLL,3001.73087,S,05112.72550,W,015217.10,A,A*6C
$GPGSA,A,3,01,02,09,28,31,,,,,,,,3.32,1.81,2.79,1*1B
$GPGSV,3,1,10,1,66,350,37,2,40,004,48,3,,,27,5,,,25,1*6E
$GPGSV,3,2,10,6,,,25,9,22,282,28,11,,,25,18,,,20,1*52
$GPGSV,3,3,10,28,18,138,31,31,44,121,46,1*6C
$GPRMC,015217.10,A,3001.73087,S,05112.72550,W,0.15,0.00,090926,,,A,V*21
$GPGGA,015218.10,3001.73101,S,05112.72578,W,1,05,1.81,91.69,M,,M,,*47
$GPGLL,3001.73101,S,05112.72578,W,015218.10,A,A*66
$GPGSA,A,3,01,02,09,28,31,,,,,,,,3.32,1.81,2.79,1*1B
$GPGSV,3,1,9,1,66,350,37,2,40,004,48,3,,,26,6,,,25,1*54
$GPGSV,3,2,9,9,22,282,27,11,,,25,18,,,14,28,18,138,30,1*69
$GPGSV,3,3,9,31,44,121,46,1*6F
$GPRMC,015218.10,A,3001.73101,S,05112.72578,W,0.36,0.00,090926,,,A,V*2A
$GPGGA,015219.10,3001.73103,S,05112.72572,W,1,05,1.81,91.59,M,,M,,*4D
$GPGLL,3001.73103,S,05112.72572,W,015219.10,A,A*6F
$GPGSA,A,3,01,02,09,28,31,,,,,,,,3.32,1.81,2.79,1*1B
$GPGSV,2,1,8,1,66,350,37,2,40,004,48,3,,,26,9,22,282,28,1*6E
$GPGSV,2,2,8,17,,,30,18,,,13,28,18,138,30,31,44,121,46,1*5A
$GPRMC,015219.10,A,3001.73103,S,05112.72572,W,0.18,0.00,090926,,,A,V*2F
$GPGGA,015220.10,3001.73099,S,05112.72557,W,1,05,1.81,91.41,M,,M,,*4B
$GPGLL,3001.73099,S,05112.72557,W,015220.10,A,A*60
$GPGSA,A,3,01,02,09,28,31,,,,,,,,3.32,1.81,2.79,1*1B
$GPGSV,3,1,11,1,66,350,37,2,40,004,49,3,,,26,8,,,26,1*61
$GPGSV,3,2,11,9,22,282,27,11,,,28,17,,,25,18,,,05,1*66
$GPGSV,3,3,11,20,,,27,28,18,138,30,31,44,121,46,1*6B
$GPRMC,015220.10,A,3001.73099,S,05112.72557,W,0.45,0.00,090926,,,A,V*28
$GPGGA,015221.10,3001.73100,S,05112.72567,W,1,05,1.81,91.26,M,,M,,*49
$GPGLL,3001.73100,S,05112.72567,W,015221.10,A,A*63
$GPGSA,A,3,01,02,09,28,31,,,,,,,,3.32,1.81,2.79,1*1B
$GPGSV,3,1,12,1,66,350,36,2,40,004,48,3,,,26,9,22,282,27,1*5A
$GPGSV,3,2,12,11,,,25,13,,,28,17,,,29,18,,,06,1*6B
$GPGSV,3,3,12,20,,,25,25,,,28,28,18,138,30,31,44,121,46,1*67
$GPRMC,015221.10,A,3001.73100,S,05112.72567,W,0.15,0.00,090926,,,A,V*2E
$GPGGA,015222.10,3001.73108,S,05112.72585,W,1,05,1.81,90.98,M,,M,,*4A
$GPGLL,3001.73108,S,05112.72585,W,015222.10,A,A*64
$GPGSA,A,3,01,02,09,28,31,,,,,,,,3.32,1.81,2.79,1*1B
$GPGSV,3,1,10,1,66,350,36,2,40,004,48,3,,,27,9,22,282,27,1*59
$GPGSV,3,2,10,11,,,25,13,,,25,17,,,25,20,,,25,1*62
$GPGSV,3,3,10,28,18,138,30,31,44,121,46,1*6D
$GPRMC,015222.10,A,3001.73108,S,05112.72585,W,0.13,0.00,090926,,,A,V*2F
$GPGGA,015223.10,3001.73102,S,05112.72574,W,1,05,1.81,91.04,M,,M,,*4B
$GPGLL,3001.73102,S,05112.72574,W,015223.10,A,A*61
$GPGSA,A,3,01,02,09,28,31,,,,,,,,3.32,1.81,2.79,1*1B
$GPGSV,3,1,10,1,66,350,36,2,40,004,49,3,,,26,9,22,282,27,1*59
$GPGSV,3,2,10,11,,,25,13,,,25,17,,,25,20,,,25,1*62
$GPGSV,3,3,10,28,18,138,30,31,44,121,46,1*6D
$GPRMC,015223.10,A,3001.73102,S,05112.72574,W,0.11,0.00,090926,,,A,V*28
$GPGGA,015224.10,3001.73127,S,05112.72589,W,1,06,1.30,91.29,M,,M,,*4F
$GPGLL,3001.73127,S,05112.72589,W,015224.10,A,A*63
$GPGSA,A,3,01,02,03,09,28,31,,,,,,,2.33,1.30,1.94,1*12
$GPGSV,2,1,8,1,66,350,37,2,40,004,49,3,57,186,27,9,22,282,27,1*5C
$GPGSV,2,2,8,17,,,25,20,,,25,28,18,138,30,31,44,121,46,1*50
$GPRMC,015224.10,A,3001.73127,S,05112.72589,W,0.12,0.00,090926,,,A,V*29
$GPGGA,015225.10,3001.73157,S,05112.72654,W,1,06,1.30,92.18,M,,M,,*4B
$GPGLL,3001.73157,S,05112.72654,W,015225.10,A,A*66
$GPGSA,A,3,01,02,03,09,28,31,,,,,,,2.33,1.30,1.94,1*12
$GPGSV,2,1,8,1,66,350,36,2,40,004,49,3,57,186,27,9,22,282,27,1*5D
$GPGSV,2,2,8,13,,,27,20,,,25,28,18,138,31,31,44,121,46,1*57
$GPRMC,015225.10,A,3001.73157,S,05112.72654,W,0.24,0.00,090926,,,A,V*29
$GPGGA,015226.10,3001.73175,S,05112.72673,W,1,06,1.30,92.48,M,,M,,*48
$GPGLL,3001.73175,S,05112.72673,W,015226.10,A,A*60
$GPGSA,A,3,01,02,03,09,28,31,,,,,,,2.33,1.30,1.94,1*12
$GPGSV,3,1,11,1,66,350,36,2,40,004,49,3,57,186,26,6,,,26,1*53
$GPGSV,3,2,11,9,22,282,26,11,,,27,13,,,25,17,,,25,1*61
$GPGSV,3,3,11,20,,,24,28,18,138,31,31,44,121,46,1*69
$GPRMC,015226.10,A,3001.73175,S,05112.72673,W,0.03,0.00,090926,,,A,V*2A
$GPGGA,015227.10,3001.73204,S,05112.72730,W,1,06,1.30,92.84,M,,M,,*4A
$GPGLL,3001.73204,S,05112.72730,W,015227.10,A,A*62
$GPGSA,A,3,01,02,03,09,28,31,,,,,,,2.33,1.30,1.94,1*12
$GPGSV,3,1,12,1,66,350,36,2,40,004,49,3,57,186,27,6,,,25,1*52
$GPGSV,3,2,12,8,,,26,9,22,282,26,11,,,25,13,,,24,1*5C
$GPGSV,3,3,12,17,,,25,20,,,25,28,18,138,31,31,44,121,46,1*6A
$GPRMC,015227.10,A,3001.73204,S,05112.72730,W,1.06,0.00,090926,,,A,V*2C
$GPGGA,015228.10,3001.73238,S,05112.72805,W,1,06,1.30,92.14,M,,M,,*4A
$GPGLL,3001.73238,S,05112.72805,W,015228.10,A,A*6B
$GPGSA,A,3,01,02,03,09,28,31,,,,,,,2.33,1.30,1.94,1*12
$GPGSV,3,1,9,1,66,350,36,2,40,004,48,3,57,186,27,8,,,25,1*67
$GPGSV,3,2,9,9,22,282,26,11,,,26,13,,,25,28,18,138,31,1*63
$GPGSV,3,3,9,31,44,121,45,1*6C
$GPRMC,015228.10,A,3001.73238,S,05112.72805,W,0.29,0.00,090926,,,A,V*29
$GPGGA,015229.10,3001.73249,S,05112.72826,W,1,06,1.30,92.49,M,,M,,*44
$GPGLL,3001.73249,S,05112.72826,W,015229.10,A,A*6D
$GPGSA,A,3,01,02,03,09,28,31,,,,,,,2.33,1.30,1.94,1*12
$GPGSV,2,1,8,1,66,350,36,2,40,004,48,3,57,186,27,8,,,25,1*67
$GPGSV,2,2,8,9,22,282,25,11,,,25,28,18,138,32,31,44,121,46,1*57
$GPRMC,015229.10,A,3001.73249,S,05112.72826,W,0.18,0.00,090926,,,A,V*2D
$GPGGA,015230.10,3001.73273,S,05112.72877,W,1,06,1.30,92.47,M,,M,,*4F
$GPGLL,3001.73273,S,05112.72877,W,015230.10,A,A*68
$GPGSA,A,3,01,02,03,09,28,31,,,,,,,2.33,1.30,1.94,1*12
$GPGSV,3,1,9,1,66,350,35,2,40,004,48,3,57,186,28,8,,,25,1*6B
$GPGSV,3,2,9,9,22,282,25,18,,,27,20,,,29,28,18,138,32,1*67
$GPGSV,3,3,9,31,44,121,46,1*6F
$GPRMC,015230.10,A,3001.73273,S,05112.72877,W,0.19,0.00,090926,,,A,V*29
$GPGGA,015231.10,3001.73295,S,05112.72920,W,1,06,1.30,92.73,M,,M,,*42
$GPGLL,3001.73295,S,05112.72920,W,015231.10,A,A*62
$GPGSA,A,3,01,02,03,09,28,31,,,,,,,2.33,1.30,1.94,1*12
$GPGSV,3,1,10,1,66,350,36,2,40,004,48,3,57,186,28,9,22,282,25,1*69
$GPGSV,3,2,10,12,,,26,13,,,29,18,,,25,20,,,27,1*63
$GPGSV,3,3,10,28,18,138,32,31,44,121,46,1*6F
$GPRMC,015231.10,A,3001.73295,S,05112.72920,W,0.72,0.00,090926,,,A,V*2E
$GPGGA,015232.10,3001.73317,S,05112.72957,W,1,06,1.30,93.01,M,,M,,*4E
$GPGLL,3001.73317,S,05112.72957,W,015232.10,A,A*6A
$GPGSA,A,3,01,02,03,09,28,31,,,,,,,2.33,1.30,1.94,1*12
$GPGSV,3,1,11,1,66,350,36,2,40,004,48,3,57,186,28,9,22,282,25,1*68
$GPGSV,3,2,11,10,,,27,11,,,29,12,,,25,13,,,26,1*68
$GPGSV,3,3,11,20,,,27,28,18,138,31,31,44,121,46,1*6A
$GPRMC,015232.10,A,3001.73317,S,05112.72957,W,0.39,0.00,090926,,,A,V*29
$GPGGA,015233.10,3001.73342,S,05112.72987,W,1,06,1.30,93.59,M,,M,,*4F
$GPGLL,3001.73342,S,05112.72987,W,015233.10,A,A*66
$GPGSA,A,3,01,02,03,09,28,31,,,,,,,2.33,1.30,1.94,1*12
$GPGSV,3,1,12,1,66,350,36,2,40,004,48,3,57,186,28,9,22,282,25,1*6B
$GPGSV,3,2,12,10,,,25,11,,,26,12,,,24,13,,,25,1*64
$GPGSV,3,3,12,19,,,27,20,,,25,28,18,138,31,31,44,121,45,1*65
$GPRMC,015233.10,A,3001.73342,S,05112.72987,W,1.14,0.00,090926,,,A,V*2B
$GPGGA,015234.10,3001.73354,S,05112.73017,W,1,06,1.30,93.14,M,,M,,*47
$GPGLL,3001.73354,S,05112.73017,W,015234.10,A,A*67
$GPGSA,A,3,01,02,03,09,28,31,,,,,,,2.33,1.30,1.94,1*12
$GPGSV,3,1,10,1,66,350,36,2,40,004,48,3,57,186,28,9,22,282,25,1*69
$GPGSV,3,2,10,10,,,25,11,,,25,12,,,24,13,,,25,1*65
$GPGSV,3,3,10,28,18,138,31,31,44,121,45,1*6F
$GPRMC,015234.10,A,3001.73354,S,05112.73017,W,0.04,0.00,090926,,,A,V*2A
$GPGGA,015235.10,3001.73363,S,05112.73032,W,1,06,1.30,93.46,M,,M,,*42
$GPGLL,3001.73363,S,05112.73032,W,015235.10,A,A*65
$GPGSA,A,3,01,02,03,09,28,31,,,,,,,2.33,1.30,1.94,1*12
$GPGSV,3,1,9,1,66,350,36,2,40,004,48,3,57,186,29,5,,,29,1*68
$GPGSV,3,2,9,9,22,282,24,10,,,25,11,,,25,28,18,138,31,1*61
$GPGSV,3,3,9,31,44,121,45,1*6C
$GPRMC,015235.10,A,3001.73363,S,05112.73032,W,0.03,0.00,090926,,,A,V*2F
$GPGGA,015236.10,3001.73377,S,05112.73060,W,1,06,1.30,93.71,M,,M,,*47
$GPGLL,3001.73377,S,05112.73060,W,015236.10,A,A*64
$GPGSA,A,3,01,02,03,09,28,31,,,,,,,2.33,1.30,1.94,1*12
$GPGSV,3,1,9,1,66,350,36,2,40,004,48,3,57,186,29,5,,,24,1*65
$GPGSV,3,2,9,9,22,282,24,18,,,28,20,,,29,28,18,138,31,1*6A
$GPGSV,3,3,9,31,44,121,46,1*6F
$GPRMC,015236.10,A,3001.73377,S,05112.73060,W,0.04,0.00,090926,,,A,V*29
$GPGGA,015237.10,3001.73379,S,05112.73062,W,1,06,1.30,93.71,M,,M,,*4A
$GPGLL,3001.73379,S,05112.73062,W,015237.10,A,A*69
$GPGSA,A,3,01,02,03,09,28,31,,,,,,,2.33,1.30,1.94,1*12
$GPGSV,3,1,11,1,66,350,36,2,40,004,49,3,57,186,29,5,,,24,1*5D
$GPGSV,3,2,11,9,22,282,24,13,,,28,18,,,25,19,,,27,1*69
$GPGSV,3,3,11,20,,,26,28,18,138,31,31,44,121,46,1*6B
$GPRMC,015237.10,A,3001.73379,S,05112.73062,W,0.21,0.00,090926,,,A,V*23
$GPGGA,015238.10,3001.73407,S,05112.73107,W,1,06,1.30,93.70,M,,M,,*48
$GPGLL,3001.73407,S,05112.73107,W,015238.10,A,A*6A
$GPGSA,A,3,01,02,03,09,28,31,,,,,,,2.33,1.30,1.94,1*12
$GPGSV,3,1,12,1,66,350,36,2,40,004,49,3,57,186,29,6,,,26,1*5F
$GPGSV,3,2,12,9,22,282,25,12,,,27,13,,,25,18,,,25,1*6D
$GPGSV,3,3,12,19,,,25,21,,,26,28,18,138,31,31,44,121,46,1*66
$GPRMC,015238.10,A,3001.73407,S,05112.73107,W,1.25,0.00,090926,,,A,V*25
$GPGGA,015239.10,3001.73428,S,05112.73144,W,1,06,1.30,93.73,M,,M,,*40
$GPGLL,3001.73428,S,05112.73144,W,015239.10,A,A*61
$GPGSA,A,3,01,02,03,09,28,31,,,,,,,2.33,1.30,1.94,1*12
$GPGSV,2,1,8,1,66,350,36,2,40,004,48,3,57,186,29,9,22,282,24,1*51
$GPGSV,2,2,8,12,,,25,21,,,26,28,18,138,31,31,44,121,45,1*55
$GPRMC,015239.10,A,3001.73428,S,05112.73144,W,0.39,0.00,090926,,,A,V*22
$GPGGA,015240.10,3001.73446,S,05112.73176,W,1,06,1.30,93.94,M,,M,,*4E
$GPGLL,3001.73446,S,05112.73176,W,015240.10,A,A*66
$GPGSA,A,3,01,02,03,09,28,31,,,,,,,2.33,1.30,1.94,1*12
$GPGSV,2,1,8,1,66,350,36,2,40,004,48,3,57,186,29,9,22,282,24,1*51
$GPGSV,2,2,8,12,,,24,21,,,25,28,18,138,32,31,44,121,46,1*57
$GPRMC,015240.10,A,3001.73446,S,05112.73176,W,0.13,0.00,090926,,,A,V*2D
$GPGGA,015241.10,3001.73464,S,05112.73208,W,1,06,1.30,94.10,M,,M,,*4E
$GPGLL,3001.73464,S,05112.73208,W,015241.10,A,A*6D
$GPGSA,A,3,01,02,03,09,28,31,,,,,,,2.33,1.30,1.94,1*12
$GPGSV,3,1,10,1,66,350,35,2,40,004,48,3,57,186,29,9,22,282,25,1*6B
$GPGSV,3,2,10,10,,,28,12,,,25,19,,,30,21,,,24,1*65
$GPGSV,3,3,10,28,18,138,32,31,44,121,46,1*6F
$GPRMC,015241.10,A,3001.73464,S,05112.73208,W,0.10,0.00,090926,,,A,V*25
$GPGGA,015242.10,3001.73467,S,05112.73222,W,1,06,1.30,94.38,M,,M,,*4C
$GPGLL,3001.73467,S,05112.73222,W,015242.10,A,A*65
$GPGSA,A,3,01,02,03,09,28,31,,,,,,,2.33,1.30,1.94,1*12
$GPGSV,3,1,10,1,66,350,35,2,40,004,48,3,57,186,28,9,22,282,25,1*6A
$GPGSV,3,2,10,10,,,25,13,,,27,16,,,26,19,,,25,1*69
$GPGSV,3,3,10,28,18,138,32,31,44,121,46,1*6F
$GPRMC,015242.10,A,3001.73467,S,05112.73222,W,0.49,0.00,090926,,,A,V*21
$GPGGA,015243.10,3001.73481,S,05112.73244,W,1,06,1.30,94.54,M,,M,,*4F
$GPGLL,3001.73481,S,05112.73244,W,015243.10,A,A*6C
$GPGSA,A,3,01,02,03,09,28,31,,,,,,,2.33,1.30,1.94,1*12
$GPGSV,3,1,12,1,66,350,35,2,40,004,48,3,57,186,28,6,,,27,1*5D
$GPGSV,3,2,12,9,22,282,24,10,,,27,11,,,26,12,,,26,1*66
$GPGSV,3,3,12,13,,,26,16,,,25,28,18,138,32,31,44,121,46,1*6B
$GPRMC,015243.10,A,3001.73481,S,05112.73244,W,0.06,0.00,090926,,,A,V*23
$GPGGA,015244.10,3001.73500,S,05112.73283,W,1,06,1.30,94.82,M,,M,,*40
$GPGLL,3001.73500,S,05112.73283,W,015244.10,A,A*68
$GPGSA,A,3,01,02,03,09,28,31,,,,,,,2.33,1.30,1.94,1*12
$GPGSV,2,1,8,1,66,351,35,2,40,004,48,3,57,186,28,9,22,282,24,1*52
$GPGSV,2,2,8,12,,,25,16,05,050,,28,18,138,32,31,44,121,46,1*65
$GPRMC,015244.10,A,3001.73500,S,05112.73283,W,0.66,0.00,090926,,,A,V*21
$GPGGA,015245.10,3001.73515,S,05112.73305,W,1,06,1.30,95.06,M,,M,,*47
$GPGLL,3001.73515,S,05112.73305,W,015245.10,A,A*62
$GPGSA,A,3,01,02,03,09,28,31,,,,,,,2.33,1.30,1.94,1*12
$GPGSV,2,1,8,1,66,351,35,2,40,004,48,3,57,186,28,9,22,282,24,1*52
$GPGSV,2,2,8,12,,,24,16,05,050,,28,18,138,32,31,44,121,45,1*67
$GPRMC,015245.10,A,3001.73515,S,05112.73305,W,0.07,0.00,090926,,,A,V*2C
$GPGGA,015246.10,3001.73529,S,05112.73332,W,1,06,1.30,95.19,M,,M,,*41
$GPGLL,3001.73529,S,05112.73332,W,015246.10,A,A*6A
$GPGSA,A,3,01,02,03,09,28,31,,,,,,,2.33,1.30,1.94,1*12
$GPGSV,2,1,8,1,66,351,35,2,40,004,48,3,57,186,28,9,22,282,24,1*52
$GPGSV,2,2,8,12,,,24,16,05,050,,28,18,138,32,31,44,121,45,1*67
$GPRMC,015246.10,A,3001.73529,S,05112.73332,W,0.12,0.00,090926,,,A,V*20
$GPGGA,015247.10,3001.73556,S,05112.73359,W,1,06,1.30,95.08,M,,M,,*45
$GPGLL,3001.73556,S,05112.73359,W,015247.10,A,A*6E
$GPGSA,A,3,01,02,03,09,28,31,,,,,,,2.33,1.30,1.94,1*12
$GPGSV,3,1,9,1,66,351,35,2,40,004,48,3,57,186,28,4,,,29,1*6A
$GPGSV,3,2,9,5,,,25,9,22,282,24,16,05,050,,28,18,138,32,1*66
$GPGSV,3,3,9,31,44,121,45,1*6C
$GPRMC,015247.10,A,3001.73556,S,05112.73359,W,0.53,0.00,090926,,,A,V*21
$GPGGA,015248.10,3001.73575,S,05112.73404,W,1,06,1.30,94.70,M,,M,,*4A
$GPGLL,3001.73575,S,05112.73404,W,015248.10,A,A*6F
$GPGSA,A,3,01,02,03,09,28,31,,,,,,,2.33,1.30,1.94,1*12
$GPGSV,3,1,11,1,66,351,35,2,40,004,48,3,57,186,28,4,,,25,1*5F
$GPGSV,3,2,11,5,,,25,6,,,27,9,22,282,24,16,05,050,,1*54
$GPGSV,3,3,11,20,,,27,28,18,138,32,31,44,121,45,1*6A
$GPRMC,015248.10,A,3001.73575,S,05112.73404,W,0.03,0.00,090926,,,A,V*25
$GPGGA,015249.10,3001.73588,S,05112.73425,W,1,06,1.30,94.74,M,,M,,*4E
$GPGLL,3001.73588,S,05112.73425,W,015249.10,A,A*6F
$GPGSA,A,3,01,02,03,09,28,31,,,,,,,2.33,1.30,1.94,1*12
$GPGSV,4,1,13,1,66,351,35,2,40,004,48,3,57,186,28,4,,,25,1*5A
$GPGSV,4,2,13,5,,,24,6,,,25,7,,,28,8,,,30,1*64
$GPGSV,4,3,13,9,22,282,24,16,05,050,,20,,,25,28,18,138,32,1*6C
$GPGSV,4,4,13,31,44,121,45,1*57
$GPRMC,015249.10,A,3001.73588,S,05112.73425,W,0.28,0.00,090926,,,A,V*2C
$GPGGA,015250.10,3001.73594,S,05112.73443,W,1,06,1.30,94.88,M,,M,,*48
$GPGLL,3001.73594,S,05112.73443,W,015250.10,A,A*6A
$GPGSA,A,3,01,02,03,09,28,31,,,,,,,2.33,1.30,1.94,1*12
$GPGSV,3,1,11,1,66,351,35,2,40,004,48,3,57,186,28,4,,,25,1*5F
$GPGSV,3,2,11,5,,,24,8,,,25,9,22,282,24,16,05,050,,1*59
$GPGSV,3,3,11,20,,,25,28,18,138,32,31,44,121,45,1*68
$GPRMC,015250.10,A,3001.73594,S,05112.73443,W,0.49,0.00,090926,,,A,V*2E
$GPGGA,015251.10,3001.73608,S,05112.73471,W,1,06,1.30,95.16,M,,M,,*48
$GPGLL,3001.73608,S,05112.73471,W,015251.10,A,A*6C
$GPGSA,A,3,01,02,03,09,28,31,,,,,,,2.33,1.30,1.94,1*12
$GPGSV,2,1,8,1,66,351,34,2,40,004,47,3,57,186,28,8,,,25,1*64
$GPGSV,2,2,8,9,22,282,24,16,05,050,,28,18,138,32,31,44,121,45,1*65
$GPRMC,015251.10,A,3001.73608,S,05112.73471,W,0.23,0.00,090926,,,A,V*24
$GPGGA,015252.10,3001.73619,S,05112.73503,W,1,06,1.30,95.06,M,,M,,*4E
$GPGLL,3001.73619,S,05112.73503,W,015252.10,A,A*6B
$GPGSA,A,3,01,02,03,09,28,31,,,,,,,2.33,1.30,1.94,1*12
$GPGSV,2,1,8,1,66,351,34,2,40,004,48,3,57,186,28,8,,,25,1*6B
$GPGSV,2,2,8,9,22,282,24,16,05,050,,28,18,138,32,31,44,121,45,1*65
$GPRMC,015252.10,A,3001.73619,S,05112.73503,W,0.21,0.00,090926,,,A,V*21
$GPGGA,015253.10,3001.73627,S,05112.73529,W,1,06,1.30,95.20,M,,M,,*4E
$GPGLL,3001.73627,S,05112.73529,W,015253.10,A,A*6F
$GPGSA,A,3,01,02,03,09,28,31,,,,,,,2.33,1.30,1.94,1*12
$GPGSV,2,1,8,1,66,351,34,2,40,004,48,3,57,186,28,9,22,282,24,1*53
$GPGSV,2,2,8,16,05,050,,17,,,29,28,18,138,32,31,44,121,45,1*6F
$GPRMC,015253.10,A,3001.73627,S,05112.73529,W,0.10,0.00,090926,,,A,V*27
$GPGGA,015254.10,3001.73627,S,05112.73533,W,1,06,1.30,95.31,M,,M,,*42
$GPGLL,3001.73627,S,05112.73533,W,015254.10,A,A*63
$GPGSA,A,3,01,02,03,09,28,31,,,,,,,2.33,1.30,1.94,1*12
$GPGSV,3,1,9,1,66,351,34,2,40,004,49,3,57,186,28,4,,,28,1*6B
$GPGSV,3,2,9,9,22,282,24,16,05,050,,17,,,25,28,18,138,32,1*55
$GPGSV,3,3,9,31,44,121,45,1*6C
$GPRMC,015254.10,A,3001.73627,S,05112.73533,W,0.05,0.00,090926,,,A,V*2F
$GPGGA,015255.10,3001.73623,S,05112.73535,W,1,06,1.30,95.21,M,,M,,*40
$GPGLL,3001.73623,S,05112.73535,W,015255.10,A,A*60
$GPGSA,A,3,01,02,03,09,28,31,,,,,,,2.33,1.30,1.94,1*12
$GPGSV,3,1,11,1,66,351,34,2,40,004,49,3,57,186,29,4,,,25,1*5E
$GPGSV,3,2,11,5,,,26,9,22,282,24,11,,,26,16,05,050,,1*60
$GPGSV,3,3,11,17,,,25,28,18,138,32,31,44,121,45,1*6C
$GPRMC,015255.10,A,3001.73623,S,05112.73535,W,0.10,0.00,090926,,,A,V*28
$GPGGA,015256.10,3001.73613,S,05112.73528,W,1,06,1.30,95.29,M,,M,,*44
$GPGLL,3001.73613,S,05112.73528,W,015256.10,A,A*6C
$GPGSA,A,3,01,02,03,09,28,31,,,,,,,2.33,1.30,1.94,1*12
$GPGSV,3,1,12,1,66,351,34,2,40,004,48,3,57,186,29,4,,,29,1*50
$GPGSV,3,2,12,5,,,25,7,,,27,8,,,28,9,22,282,24,1*53
$GPGSV,3,3,12,11,,,25,16,05,050,,28,18,138,32,31,44,121,45,1*5E
$GPRMC,015256.10,A,3001.73613,S,05112.73528,W,0.24,0.00,090926,,,A,V*23
$GPGGA,015257.10,3001.73602,S,05112.73518,W,1,06,1.30,95.42,M,,M,,*4B
$GPGLL,3001.73602,S,05112.73518,W,015257.10,A,A*6E
$GPGSA,A,3,01,02,03,09,28,31,,,,,,,2.33,1.30,1.94,1*12
$GPGSV,3,1,11,1,66,351,33,2,40,004,48,3,57,186,29,4,,,26,1*5B
$GPGSV,3,2,11,5,,,25,8,,,25,9,22,282,24,13,,,27,1*68
$GPGSV,3,3,11,16,05,050,,28,18,138,32,31,44,121,45,1*5A
$GPRMC,015257.10,A,3001.73602,S,05112.73518,W,0.09,0.00,090926,,,A,V*2E
$GPGGA,015258.10,3001.73601,S,05112.73532,W,1,06,1.30,96.28,M,,M,,*40
$GPGLL,3001.73601,S,05112.73532,W,015258.10,A,A*6A
$GPGSA,A,3,01,02,03,09,28,31,,,,,,,2.33,1.30,1.94,1*12
$GPGSV,3,1,10,1,66,351,33,2,40,004,48,3,57,186,30,4,,,25,1*51
$GPGSV,3,2,10,5,,,25,9,22,282,24,13,,,24,16,05,050,,1*62
$GPGSV,3,3,10,28,18,138,32,31,44,121,45,1*6C
$GPRMC,015258.10,A,3001.73601,S,05112.73532,W,0.07,0.00,090926,,,A,V*24
$GPGGA,015259.10,3001.73598,S,05112.73538,W,1,06,1.30,97.10,M,,M,,*42
$GPGLL,3001.73598,S,05112.73538,W,015259.10,A,A*62
$GPGSA,A,3,01,02,03,09,28,31,,,,,,,2.33,1.30,1.94,1*12
$GPGSV,3,1,9,1,66,351,33,2,40,004,48,3,57,186,30,4,,,24,1*68
$GPGSV,3,2,9,9,22,282,24,13,,,26,16,05,050,,28,18,138,32,1*52
$GPGSV,3,3,9,31,44,121,45,1*6C
$GPRMC,015259.10,A,3001.73598,S,05112.73538,W,0.19,0.00,090926,,,A,V*23
$GPGGA,015300.10,3001.73612,S,05112.73593,W,1,06,1.30,97.44,M,,M,,*4E
$GPGLL,3001.73612,S,05112.73593,W,015300.10,A,A*6F
$GPGSA,A,3,01,02,03,09,28,31,,,,,,,2.33,1.30,1.94,1*12
$GPGSV,2,1,8,1,66,351,33,2,40,004,48,3,57,186,30,5,,,30,1*6C
$GPGSV,2,2,8,9,22,282,23,16,05,050,,28,18,138,32,31,44,121,45,1*62
$GPRMC,015300.10,A,3001.73612,S,05112.73593,W,0.54,0.00,090926,,,A,V*27
$GPGGA,015301.10,3001.73605,S,05112.73598,W,1,06,1.30,98.06,M,,M,,*4B
$GPGLL,3001.73605,S,05112.73598,W,015301.10,A,A*63
$GPGSA,A,3,01,02,03,09,28,31,,,,,,,2.33,1.30,1.94,1*12
$GPGSV,3,1,10,1,66,351,33,2,40,004,48,3,57,186,30,5,,,25,1*50
$GPGSV,3,2,10,9,22,282,24,10,,,29,16,05,050,,19,,,26,1*52
$GPGSV,3,3,10,28,18,138,32,31,44,121,45,1*6C
$GPRMC,015301.10,A,3001.73605,S,05112.73598,W,0.34,0.00,090926,,,A,V*2D
$GPGGA,015302.10,3001.73600,S,05112.73607,W,1,06,1.30,98.48,M,,M,,*42
$GPGLL,3001.73600,S,05112.73607,W,015302.10,A,A*60
$GPGSA,A,3,01,02,03,09,28,31,,,,,,,2.33,1.30,1.94,1*12
$GPGSV,4,1,13,1,66,351,33,2,40,004,48,3,57,186,31,4,,,30,1*50
$GPGSV,4,2,13,5,,,25,9,22,282,23,10,,,25,11,,,28,1*5E
$GPGSV,4,3,13,16,05,050,,19,,,25,23,,,28,28,18,138,32,1*6A
$GPGSV,4,4,13,31,44,121,45,1*57
$GPRMC,015302.10,A,3001.73600,S,05112.73607,W,0.11,0.00,090926,,,A,V*29
$GPGGA,015303.10,3001.73588,S,05112.73591,W,1,06,1.30,99.26,M,,M,,*45
$GPGLL,3001.73588,S,05112.73591,W,015303.10,A,A*6E
$GPGSA,A,3,01,02,03,09,28,31,,,,,,,2.33,1.30,1.94,1*12
$GPGSV,3,1,11,1,66,351,33,2,40,004,48,3,57,186,30,5,,,24,1*50
$GPGSV,3,2,11,9,22,282,23,11,,,26,16,05,050,,19,,,25,1*59
$GPGSV,3,3,11,23,,,25,28,18,138,32,31,44,121,45,1*6B
$GPRMC,015303.10,A,3001.73588,S,05112.73591,W,0.63,0.00,090926,,,A,V*22
$GPGGA,015304.10,3001.73581,S,05112.73591,W,1,06,1.30,99.93,M,,M,,*45
$GPGLL,3001.73581,S,05112.73591,W,015304.10,A,A*60
$GPGSA,A,3,01,02,03,09,28,31,,,,,,,2.33,1.30,1.94,1*12
$GPGSV,3,1,9,1,66,351,32,2,40,004,48,3,57,186,30,9,22,282,23,1*5B
$GPGSV,3,2,9,11,,,26,16,05,050,,23,,,25,28,18,138,32,1*51
$GPGSV,3,3,9,31,44,121,45,1*6C
$GPRMC,015304.10,A,3001.73581,S,05112.73591,W,0.52,0.00,090926,,,A,V*2E
$GPGGA,015305.10,3001.73574,S,05112.73585,W,1,06,1.30,101.09,M,,M,,*78
$GPGLL,3001.73574,S,05112.73585,W,015305.10,A,A*6E
$GPGSA,A,3,01,02,03,09,28,31,,,,,,,2.33,1.30,1.94,1*12
$GPGSV,2,1,8,1,66,351,33,2,40,004,48,3,57,186,30,9,22,282,23,1*5A
$GPGSV,2,2,8,16,05,050,,23,,,25,28,18,138,32,31,44,121,45,1*64
$GPRMC,015305.10,A,3001.73574,S,05112.73585,W,0.04,0.00,090926,,,A,V*23
$GPGGA,015306.10,3001.73571,S,05112.73597,W,1,06,1.30,101.95,M,,M,,*78
$GPGLL,3001.73571,S,05112.73597,W,015306.10,A,A*6B
$GPGSA,A,3,01,02,03,09,28,31,,,,,,,2.33,1.30,1.94,1*12
$GPGSV,2,1,7,1,66,351,33,2,40,004,49,3,57,186,30,9,22,282,23,1*54
$GPGSV,2,2,7,16,05,050,,28,18,138,32,31,44,121,45,1*6D
$GPRMC,015306.10,A,3001.73571,S,05112.73597,W,0.39,0.00,090926,,,A,V*28
$GPGGA,015307.10,3001.73570,S,05112.73608,W,1,06,1.30,102.63,M,,M,,*77
$GPGLL,3001.73570,S,05112.73608,W,015307.10,A,A*6E
$GPGSA,A,3,01,02,03,09,28,31,,,,,,,2.33,1.30,1.93,1*15
$GPGSV,2,1,8,1,66,351,32,2,40,004,49,3,57,186,30,4,,,29,1*65
$GPGSV,2,2,8,9,22,282,22,16,05,050,,28,18,138,32,31,44,121,45,1*63
$GPRMC,015307.10,A,3001.73570,S,05112.73608,W,0.33,0.00,090926,,,A,V*27
$GPGGA,015308.10,3001.73581,S,05112.73650,W,1,06,1.30,103.13,M,,M,,*7D
$GPGLL,3001.73581,S,05112.73650,W,015308.10,A,A*62
$GPGSA,A,3,01,02,03,09,28,31,,,,,,,2.33,1.30,1.93,1*15
$GPGSV,2,1,8,1,66,351,33,2,40,004,49,3,57,186,30,4,,,26,1*6B
$GPGSV,2,2,8,9,22,282,23,16,05,050,,28,18,138,32,31,44,121,45,1*62
$GPRMC,015308.10,A,3001.73581,S,05112.73650,W,0.63,0.00,090926,,,A,V*2E
$GPGGA,015309.10,3001.73582,S,05112.73670,W,1,06,1.30,103.79,M,,M,,*71
$GPGLL,3001.73582,S,05112.73670,W,015309.10,A,A*62
$GPGSA,A,3,01,02,03,09,28,31,,,,,,,2.33,1.30,1.93,1*15
$GPGSV,2,1,7,1,66,351,32,2,40,004,48,3,57,186,30,9,22,282,23,1*54
$GPGSV,2,2,7,16,05,050,,28,18,138,32,31,44,121,45,1*6D
$GPRMC,015309.10,A,3001.73582,S,05112.73670,W,0.41,0.00,090926,,,A,V*2E
$GPGGA,015310.10,3001.73584,S,05112.73690,W,1,06,1.30,104.33,M,,M,,*78
$GPGLL,3001.73584,S,05112.73690,W,015310.10,A,A*62
$GPGSA,A,3,01,02,03,09,28,31,,,,,,,2.33,1.30,1.93,1*15
$GPGSV,3,1,9,1,66,351,32,2,40,004,48,3,57,186,30,6,,,26,1*69
$GPGSV,3,2,9,9,22,282,22,10,,,28,16,05,050,,28,18,138,32,1*59
$GPGSV,3,3,9,31,44,121,45,1*6C
$GPRMC,015310.10,A,3001.73584,S,05112.73690,W,0.20,0.00,090926,,,A,V*29
$GPGGA,015311.10,3001.73603,S,05112.73725,W,1,06,1.30,104.54,M,,M,,*7B
$GPGLL,3001.73603,S,05112.73725,W,015311.10,A,A*60
$GPGSA,A,3,01,02,03,09,28,31,,,,,,,2.33,1.30,1.93,1*15
$GPGSV,3,1,11,1,66,351,32,2,40,004,48,3,57,186,29,4,,,26,1*5A
$GPGSV,3,2,11,6,,,25,9,22,282,22,10,,,25,13,,,26,1*55
$GPGSV,3,3,11,16,05,050,,28,18,138,32,31,44,121,45,1*5A
$GPRMC,015311.10,A,3001.73603,S,05112.73725,W,0.37,0.00,090926,,,A,V*2D
$GPGGA,015312.10,3001.73610,S,05112.73755,W,1,06,1.30,105.11,M,,M,,*7D
$GPGLL,3001.73610,S,05112.73755,W,015312.10,A,A*66
$GPGSA,A,3,01,02,03,09,28,31,,,,,,,2.33,1.30,1.93,1*15
$GPGSV,3,1,10,1,66,351,32,2,40,004,48,3,57,186,29,4,,,25,1*58
$GPGSV,3,2,10,6,,,27,9,22,282,22,13,,,25,16,05,050,,1*64
$GPGSV,3,3,10,28,18,138,31,31,44,121,45,1*6F
$GPRMC,015312.10,A,3001.73610,S,05112.73755,W,0.05,0.00,090926,,,A,V*2A
$GPGGA,015313.10,3001.73627,S,05112.73805,W,1,06,1.30,105.86,M,,M,,*7C
$GPGLL,3001.73627,S,05112.73805,W,015313.10,A,A*69
$GPGSA,A,3,01,02,03,09,28,31,,,,,,,2.33,1.30,1.93,1*15
$GPGSV,3,1,10,1,66,351,32,2,40,004,48,3,57,186,28,4,,,25,1*59
$GPGSV,3,2,10,6,,,25,9,22,282,22,13,,,25,16,05,050,,1*66
$GPGSV,3,3,10,28,18,138,32,31,44,121,45,1*6C
$GPRMC,015313.10,A,3001.73627,S,05112.73805,W,0.47,0.00,090926,,,A,V*23
$GPGGA,015314.10,3001.73638,S,05112.73842,W,1,06,1.30,106.28,M,,M,,*71
$GPGLL,3001.73638,S,05112.73842,W,015314.10,A,A*63
$GPGSA,A,3,01,02,03,09,28,31,,,,,,,2.33,1.30,1.93,1*15
$GPGSV,3,1,11,1,66,351,33,2,39,004,48,3,57,185,29,4,,,25,1*55
$GPGSV,3,2,11,9,22,281,21,11,,,25,13,,,25,16,05,050,,1*51
$GPGSV,3,3,11,17,13,262,,28,18,138,32,31,43,122,45,1*5B
$GPRMC,015314.10,A,3001.73638,S,05112.73842,W,0.07,0.00,090926,,,A,V*2D
$GPGGA,015315.10,3001.73639,S,05112.73841,W,1,06,1.30,106.50,M,,M,,*7D
$GPGLL,3001.73639,S,05112.73841,W,015315.10,A,A*60
$GPGSA,A,3,01,02,03,09,28,31,,,,,,,2.33,1.30,1.93,1*15
$GPGSV,3,1,9,1,66,351,33,2,39,004,48,3,57,185,28,9,22,281,21,1*5F
$GPGSV,3,2,9,11,,,25,16,05,050,,17,13,262,,28,18,138,32,1*66
$GPGSV,3,3,9,31,43,122,44,1*69
$GPRMC,015315.10,A,3001.73639,S,05112.73841,W,0.04,0.00,090926,,,A,V*2D
$GPGGA,015316.10,3001.73643,S,05112.73864,W,1,06,1.30,106.82,M,,M,,*7B
$GPGLL,3001.73643,S,05112.73864,W,015316.10,A,A*69
$GPGSA,A,3,01,02,03,09,28,31,,,,,,,2.33,1.30,1.93,1*15
$GPGSV,3,1,9,1,66,351,33,2,39,004,49,3,57,185,28,9,22,281,20,1*5F
$GPGSV,3,2,9,11,,,25,16,05,050,,17,13,262,,28,18,138,32,1*66
$GPGSV,3,3,9,31,43,122,44,1*69
$GPRMC,015316.10,A,3001.73643,S,05112.73864,W,0.30,0.00,090926,,,A,V*23
$GPGGA,015317.10,3001.73647,S,05112.73887,W,1,06,1.30,106.94,M,,M,,*74
$GPGLL,3001.73647,S,05112.73887,W,015317.10,A,A*61
$GPGSA,A,3,01,02,03,09,28,31,,,,,,,2.33,1.30,1.93,1*15
$GPGSV,3,1,9,1,66,351,33,2,39,004,48,3,57,185,28,9,22,281,20,1*5E
$GPGSV,3,2,9,11,,,24,16,05,050,,17,13,262,,28,18,138,32,1*67
$GPGSV,3,3,9,31,43,122,45,1*68
$GPRMC,015317.10,A,3001.73647,S,05112.73887,W,0.32,0.00,090926,,,A,V*29
$GPGGA,015318.10,3001.73659,S,05112.73926,W,1,06,1.30,107.08,M,,M,,*7A
$GPGLL,3001.73659,S,05112.73926,W,015318.10,A,A*6B
$GPGSA,A,3,01,02,03,09,28,31,,,,,,,2.33,1.30,1.93,1*15
$GPGSV,2,1,8,1,66,351,33,2,39,004,48,3,57,185,28,9,22,281,20,1*5E
$GPGSV,2,2,8,16,05,050,,17,13,262,,28,18,138,32,31,43,122,45,1*54
$GPRMC,015318.10,A,3001.73659,S,05112.73926,W,0.11,0.00,090926,,,A,V*22
$GPGGA,015319.10,3001.73654,S,05112.73918,W,1,06,1.30,107.06,M,,M,,*75
$GPGLL,3001.73654,S,05112.73918,W,015319.10,A,A*6A
$GPGSA,A,3,01,02,03,09,28,31,,,,,,,2.33,1.30,1.93,1*15
$GPGSV,3,1,9,1,66,351,33,2,39,004,48,3,57,185,28,9,22,281,20,1*5E
$GPGSV,3,2,9,16,05,050,,17,13,262,,19,,,26,28,18,138,31,1*6E
$GPGSV,3,3,9,31,43,122,45,1*68
$GPRMC,015319.10,A,3001.73654,S,05112.73918,W,0.67,0.00,090926,,,A,V*22
$GPGGA,015320.10,3001.73661,S,05112.73921,W,1,06,1.30,106.75,M,,M,,*76
$GPGLL,3001.73661,S,05112.73921,W,015320.10,A,A*6C
$GPGSA,A,3,01,02,03,09,28,31,,,,,,,2.33,1.30,1.93,1*15
$GPGSV,3,1,9,1,66,351,33,2,39,004,48,3,57,185,28,9,22,281,20,1*5E
$GPGSV,3,2,9,16,05,050,,17,13,262,,19,,,25,28,18,138,31,1*6D
$GPGSV,3,3,9,31,43,122,44,1*69
$GPRMC,015320.10,A,3001.73661,S,05112.73921,W,0.39,0.00,090926,,,A,V*2F
$GPGGA,015321.10,3001.73663,S,05112.73927,W,1,06,1.30,106.13,M,,M,,*73
$GPGLL,3001.73663,S,05112.73927,W,015321.10,A,A*69
$GPGSA,A,3,01,02,03,09,28,31,,,,,,,2.33,1.30,1.93,1*15
$GPGSV,3,1,9,1,66,351,33,2,39,004,48,3,57,185,29,9,22,281,20,1*5F
$GPGSV,3,2,9,16,05,050,,17,13,262,,18,,,28,28,18,138,31,1*61
$GPGSV,3,3,9,31,43,122,44,1*69
$GPRMC,015321.10,A,3001.73663,S,05112.73927,W,0.02,0.00,090926,,,A,V*22
$GPGGA,015322.10,3001.73667,S,05112.73932,W,1,06,1.30,105.82,M,,M,,*7B
$GPGLL,3001.73667,S,05112.73932,W,015322.10,A,A*6A
$GPGSA,A,3,01,02,03,09,28,31,,,,,,,2.33,1.30,1.93,1*15
$GPGSV,3,1,10,1,66,351,34,2,39,004,48,3,57,185,29,4,,,28,1*5E
$GPGSV,3,2,10,9,22,281,20,16,05,050,,17,13,262,,18,,,26,1*6C
$GPGSV,3,3,10,28,18,138,31,31,43,122,44,1*6A
$GPRMC,015322.10,A,3001.73667,S,05112.73932,W,0.45,0.00,090926,,,A,V*22
$GPGGA,015323.10,3001.73676,S,05112.73945,W,1,06,1.30,105.31,M,,M,,*72
$GPGLL,3001.73676,S,05112.73945,W,015323.10,A,A*6B
$GPGSA,A,3,01,02,03,09,28,31,,,,,,,2.33,1.30,1.93,1*15
$GPGSV,2,1,8,1,66,351,34,2,39,004,48,3,57,185,29,9,22,281,21,1*59
$GPGSV,2,2,8,16,05,050,,17,13,262,,28,18,138,31,31,43,122,44,1*56
$GPRMC,015323.10,A,3001.73676,S,05112.73945,W,0.57,0.00,090926,,,A,V*20
$GPGGA,015324.10,3001.73672,S,05112.73951,W,1,06,1.30,104.80,M,,M,,*7F
$GPGLL,3001.73672,S,05112.73951,W,015324.10,A,A*6D
$GPGSA,A,3,01,02,03,09,28,31,,,,,,,2.33,1.30,1.93,1*15
$GPGSV,2,1,8,1,66,351,34,2,39,004,48,3,57,185,29,9,22,281,21,1*59
$GPGSV,2,2,8,16,05,050,,17,13,262,,28,18,138,31,31,43,122,44,1*56
$GPRMC,015324.10,A,3001.73672,S,05112.73951,W,0.12,0.00,090926,,,A,V*27
$GPGGA,015325.10,3001.73666,S,05112.73947,W,1,06,1.30,104.18,M,,M,,*7D
$GPGLL,3001.73666,S,05112.73947,W,015325.10,A,A*6E
$GPGSA,A,3,01,02,03,09,28,31,,,,,,,2.33,1.30,1.93,1*15
$GPGSV,2,1,8,1,66,351,34,2,39,004,48,3,57,185,29,9,22,281,22,1*5A
$GPGSV,2,2,8,16,05,050,,17,13,262,,28,18,138,31,31,43,122,44,1*56
$GPRMC,015325.10,A,3001.73666,S,05112.73947,W,0.19,0.00,090926,,,A,V*2F
$GPGGA,015326.10,3001.73660,S,05112.73938,W,1,06,1.30,104.39,M,,M,,*73
$GPGLL,3001.73660,S,05112.73938,W,015326.10,A,A*63
$GPGSA,A,3,01,02,03,09,28,31,,,,,,,2.33,1.30,1.93,1*15
$GPGSV,2,1,8,1,66,351,34,2,39,004,48,3,57,185,29,9,22,281,22,1*5A
$GPGSV,2,2,8,16,05,050,,17,13,262,,28,18,138,31,31,43,122,45,1*57
$GPRMC,015326.10,A,3001.73660,S,05112.73938,W,0.32,0.00,090926,,,A,V*2B
$GPGGA,015327.10,3001.73667,S,05112.73944,W,1,06,1.30,103.89,M,,M,,*72
$GPGLL,3001.73667,S,05112.73944,W,015327.10,A,A*6E
$GPGSA,A,3,01,02,03,09,28,31,,,,,,,2.33,1.30,1.93,1*15
$GPGSV,3,1,9,1,66,351,34,2,39,004,48,3,57,185,30,6,,,26,1*62
$GPGSV,3,2,9,9,22,281,22,16,05,050,,17,13,262,,28,18,138,31,1*60
$GPGSV,3,3,9,31,43,122,45,1*68
$GPRMC,015327.10,A,3001.73667,S,05112.73944,W,0.14,0.00,090926,,,A,V*22
$GPGGA,015328.10,3001.73661,S,05112.73926,W,1,06,1.30,103.88,M,,M,,*7E
$GPGLL,3001.73661,S,05112.73926,W,015328.10,A,A*63
$GPGSA,A,3,01,02,03,09,28,31,,,,,,,2.33,1.30,1.93,1*15
$GPGSV,3,1,9,1,66,351,34,2,39,004,48,3,57,185,30,6,,,25,1*61
$GPGSV,3,2,9,9,22,281,23,16,05,050,,17,13,262,,28,18,138,31,1*61
$GPGSV,3,3,9,31,43,122,44,1*69
$GPRMC,015328.10,A,3001.73661,S,05112.73926,W,0.12,0.00,090926,,,A,V*29
$GPGGA,015329.10,3001.73657,S,05112.73917,W,1,06,1.30,103.52,M,,M,,*7F
$GPGLL,3001.73657,S,05112.73917,W,015329.10,A,A*65
$GPGSA,A,3,01,02,03,09,28,31,,,,,,,2.33,1.30,1.93,1*15
$GPGSV,3,1,9,1,66,351,34,2,39,004,48,3,57,185,30,6,,,24,1*60
$GPGSV,3,2,9,9,22,281,22,16,05,050,,17,13,262,,28,18,138,31,1*60
$GPGSV,3,3,9,31,43,122,44,1*69
$GPRMC,015329.10,A,3001.73657,S,05112.73917,W,0.03,0.00,090926,,,A,V*2F
$GPGGA,015330.10,3001.73649,S,05112.73911,W,1,06,1.30,103.96,M,,M,,*76
$GPGLL,3001.73649,S,05112.73911,W,015330.10,A,A*64
$GPGSA,A,3,01,02,03,09,28,31,,,,,,,2.33,1.30,1.93,1*15
$GPGSV,4,1,13,1,66,351,34,2,39,004,48,3,57,185,30,4,,,29,1*53
$GPGSV,4,2,13,5,,,29,6,,,24,9,22,281,23,13,,,29,1*64
$GPGSV,4,3,13,16,05,050,,17,13,262,,21,,,29,28,18,138,31,1*57
$GPGSV,4,4,13,31,43,122,44,1*52
$GPRMC,015330.10,A,3001.73649,S,05112.73911,W,0.21,0.00,090926,,,A,V*2E
$GPGGA,015331.10,3001.73649,S,05112.73913,W,1,06,1.30,103.60,M,,M,,*7C
$GPGLL,3001.73649,S,05112.73913,W,015331.10,A,A*67
$GPGSA,A,3,01,02,03,09,28,31,,,,,,,2.33,1.30,1.93,1*15
$GPGSV,3,1,12,1,66,351,35,2,39,004,47,3,57,185,30,9,22,281,22,1*66
$GPGSV,3,2,12,11,,,26,12,,,29,13,,,26,16,05,050,,1*5B
$GPGSV,3,3,12,17,13,262,,21,,,26,28,18,138,31,31,43,122,44,1*5D
$GPRMC,015331.10,A,3001.73649,S,05112.73913,W,0.05,0.00,090926,,,A,V*2B
$GPGGA,015332.10,3001.73637,S,05112.73900,W,1,06,1.30,103.90,M,,M,,*7B
$GPGLL,3001.73637,S,05112.73900,W,015332.10,A,A*6F
$GPGSA,A,3,01,02,03,09,28,31,,,,,,,2.33,1.30,1.93,1*15
$GPGSV,4,1,13,1,66,351,35,2,39,004,47,3,57,185,30,9,22,281,21,1*63
$GPGSV,4,2,13,11,,,26,12,,,26,13,,,25,16,05,050,,1*51
$GPGSV,4,3,13,17,13,262,,28,18,138,30,30,,,30,31,43,122,44,1*5D
$GPGSV,4,4,13,193,,,29,1*56
$GPRMC,015332.10,A,3001.73637,S,05112.73900,W,0.61,0.00,090926,,,A,V*21
$GPGGA,015333.10,3001.73633,S,05112.73908,W,1,06,1.30,104.28,M,,M,,*72
$GPGLL,3001.73633,S,05112.73908,W,015333.10,A,A*62
$GPGSA,A,3,01,02,03,09,28,31,,,,,,,2.33,1.30,1.93,1*15
$GPGSV,4,1,14,1,66,351,35,2,39,004,48,3,57,185,30,5,,,28,1*55
$GPGSV,4,2,14,9,22,281,21,11,,,25,12,,,25,13,,,25,1*60
$GPGSV,4,3,14,16,05,050,,17,13,262,,28,18,138,30,30,,,26,1*5E
$GPGSV,4,4,14,31,43,122,44,193,,,25,1*69
$GPRMC,015333.10,A,3001.73633,S,05112.73908,W,0.18,0.00,090926,,,A,V*22
$GPGGA,015334.10,3001.73627,S,05112.73908,W,1,06,1.30,104.54,M,,M,,*7B
$GPGLL,3001.73627,S,05112.73908,W,015334.10,A,A*60
$GPGSA,A,3,01,02,03,09,28,31,,,,,,,2.33,1.30,1.93,1*15
$GPGSV,3,1,10,1,66,351,35,2,39,004,47,3,57,185,30,9,22,281,21,1*67
$GPGSV,3,2,10,12,,,24,16,05,050,,17,13,262,,28,18,138,30,1*5E
$GPGSV,3,3,10,31,43,122,44,193,,,25,1*6D
$GPRMC,015334.10,A,3001.73627,S,05112.73908,W,0.22,0.00,090926,,,A,V*29
$GPGGA,015335.10,3001.73623,S,05112.73920,W,1,06,1.30,104.84,M,,M,,*79
$GPGLL,3001.73623,S,05112.73920,W,015335.10,A,A*6F
$GPGSA,A,3,01,02,03,09,28,31,,,,,,,2.33,1.30,1.93,1*15
$GPGSV,3,1,9,1,66,351,35,2,39,004,48,3,57,185,29,9,22,281,21,1*58
$GPGSV,3,2,9,16,05,050,,17,13,262,,28,18,138,31,31,43,122,44,1*56
$GPGSV,3,3,9,193,,,25,1*61
$GPRMC,015335.10,A,3001.73623,S,05112.73920,W,0.83,0.00,090926,,,A,V*2D
$GPGGA,015336.10,3001.73617,S,05112.73923,W,1,06,1.30,104.82,M,,M,,*78
$GPGLL,3001.73617,S,05112.73923,W,015336.10,A,A*68
$GPGSA,A,3,01,02,03,09,28,31,,,,,,,2.33,1.30,1.93,1*15
$GPGSV,2,1,8,1,66,351,35,2,39,004,48,3,57,185,29,9,22,281,19,1*53
$GPGSV,2,2,8,16,05,050,,17,13,262,,28,18,138,30,31,43,122,44,1*57
$GPRMC,015336.10,A,3001.73617,S,05112.73923,W,0.20,0.00,090926,,,A,V*23
$GPGGA,015337.10,3001.73613,S,05112.73921,W,1,06,1.29,104.82,M,,M,,*77
$GPGLL,3001.73613,S,05112.73921,W,015337.10,A,A*6F
$GPGSA,A,3,01,02,03,09,28,31,,,,,,,2.33,1.29,1.93,1*1D
$GPGSV,2,1,8,1,66,351,35,2,39,004,48,3,57,185,29,9,22,281,19,1*53
$GPGSV,2,2,8,16,05,050,,17,13,262,,28,18,138,31,31,43,122,44,1*56
$GPRMC,015337.10,A,3001.73613,S,05112.73921,W,0.48,0.00,090926,,,A,V*2A
$GPGGA,015338.10,3001.73639,S,05112.73969,W,1,06,1.29,104.10,M,,M,,*77
$GPGLL,3001.73639,S,05112.73969,W,015338.10,A,A*64
$GPGSA,A,3,01,02,03,09,28,31,,,,,,,2.33,1.29,1.93,1*1D
$GPGSV,3,1,9,1,66,351,35,2,39,004,48,3,57,185,28,4,,,27,1*69
$GPGSV,3,2,9,9,22,281,18,16,05,050,,17,13,262,,28,18,138,31,1*69
$GPGSV,3,3,9,31,43,122,44,1*69
$GPRMC,015338.10,A,3001.73639,S,05112.73969,W,0.27,0.00,090926,,,A,V*28
$GPGGA,015339.10,3001.73661,S,05112.74019,W,1,06,1.29,104.14,M,,M,,*76
$GPGLL,3001.73661,S,05112.74019,W,015339.10,A,A*61
$GPGSA,A,3,01,02,03,09,28,31,,,,,,,2.33,1.29,1.93,1*1D
$GPGSV,3,1,9,1,66,351,35,2,39,004,48,3,57,185,28,4,,,25,1*6B
$GPGSV,3,2,9,9,22,281,18,16,05,050,,17,13,262,,28,18,138,31,1*69
$GPGSV,3,3,9,31,43,122,44,1*69
$GPRMC,015339.10,A,3001.73661,S,05112.74019,W,0.76,0.00,090926,,,A,V*29
$GPGGA,015340.10,3001.73665,S,05112.74030,W,1,06,1.29,104.24,M,,M,,*74
$GPGLL,3001.73665,S,05112.74030,W,015340.10,A,A*60
$GPGSA,A,3,01,02,03,09,28,31,,,,,,,2.33,1.29,1.93,1*1D
$GPGSV,3,1,10,1,66,351,36,2,39,004,47,3,57,185,28,4,,,29,1*53
$GPGSV,3,2,10,9,22,281,18,11,,,27,16,05,050,,17,13,262,,1*6F
$GPGSV,3,3,10,28,18,138,30,31,43,122,44,1*6B
$GPRMC,015340.10,A,3001.73665,S,05112.74030,W,0.60,0.00,090926,,,A,V*2F
$GPGGA,015341.10,3001.73678,S,05112.74055,W,1,06,1.29,103.98,M,,M,,*7A
$GPGLL,3001.73678,S,05112.74055,W,015341.10,A,A*6E
$GPGSA,A,3,01,02,03,09,28,31,,,,,,,2.33,1.29,1.93,1*1D
$GPGSV,3,1,11,1,66,351,36,2,39,004,47,3,57,185,27,4,,,26,1*52
$GPGSV,3,2,11,9,22,281,18,11,,,25,16,05,050,,17,13,262,,1*6C
$GPGSV,3,3,11,22,,,29,28,18,138,30,31,43,122,44,1*61
$GPRMC,015341.10,A,3001.73678,S,05112.74055,W,0.30,0.00,090926,,,A,V*24
$GPGGA,015342.10,3001.73690,S,05112.74087,W,1,06,1.29,104.17,M,,M,,*70
$GPGLL,3001.73690,S,05112.74087,W,015342.10,A,A*64
$GPGSA,A,3,01,02,03,09,28,31,,,,,,,2.33,1.29,1.93,1*1D
$GPGSV,3,1,12,1,66,351,36,2,39,004,47,3,57,185,27,4,,,25,1*52
$GPGSV,3,2,12,9,22,281,18,10,,,28,11,,,25,16,05,050,,1*56
$GPGSV,3,3,12,17,13,262,,22,,,25,28,18,138,30,31,43,122,44,1*5C
$GPRMC,015342.10,A,3001.73690,S,05112.74087,W,0.26,0.00,090926,,,A,V*29
$GPGGA,015343.10,3001.73694,S,05112.74099,W,1,06,1.29,104.16,M,,M,,*7B
$GPGLL,3001.73694,S,05112.74099,W,015343.10,A,A*6E
$GPGSA,A,3,01,02,03,09,28,31,,,,,,,2.33,1.29,1.93,1*1D
$GPGSV,3,1,11,1,66,351,36,2,39,004,47,3,57,185,26,9,22,281,18,1*68
$GPGSV,3,2,11,10,,,25,11,,,25,16,05,050,,17,13,262,,1*61
$GPGSV,3,3,11,22,,,25,28,18,138,31,31,43,122,44,1*6C
$GPRMC,015343.10,A,3001.73694,S,05112.74099,W,0.13,0.00,090926,,,A,V*25
$GPGGA,015344.10,3001.73691,S,05112.74087,W,1,06,1.29,104.27,M,,M,,*74
$GPGLL,3001.73691,S,05112.74087,W,015344.10,A,A*63
$GPGSA,A,3,01,02,03,09,28,31,,,,,,,2.33,1.29,1.93,1*1D
$GPGSV,3,1,9,1,65,351,36,2,39,004,47,3,57,185,26,6,,,26,1*6B
$GPGSV,3,2,9,9,22,281,18,16,05,050,,17,12,262,26,28,18,138,31,1*6C
$GPGSV,3,3,9,31,43,122,44,1*69
$GPRMC,015344.10,A,3001.73691,S,05112.74087,W,0.22,0.00,090926,,,A,V*2A
$GPGGA,015345.10,3001.73699,S,05112.74100,W,1,06,1.29,104.22,M,,M,,*76
$GPGLL,3001.73699,S,05112.74100,W,015345.10,A,A*64
$GPGSA,A,3,01,02,03,09,28,31,,,,,,,2.33,1.29,1.93,1*1D
$GPGSV,3,1,9,1,65,351,36,2,39,004,47,3,57,185,26,6,,,26,1*6B
$GPGSV,3,2,9,9,22,281,16,16,05,050,,17,12,262,25,28,18,138,31,1*61
$GPGSV,3,3,9,31,43,122,44,1*69
$GPRMC,015345.10,A,3001.73699,S,05112.74100,W,0.46,0.00,090926,,,A,V*2F
$GPGGA,015346.10,3001.73707,S,05112.74111,W,1,06,1.29,104.26,M,,M,,*77
$GPGLL,3001.73707,S,05112.74111,W,015346.10,A,A*61
$GPGSA,A,3,01,02,03,09,28,31,,,,,,,2.33,1.29,1.93,1*1D
$GPGSV,3,1,10,1,65,351,37,2,39,004,48,3,57,185,26,5,,,41,1*5F
$GPGSV,3,2,10,6,,,25,9,22,281,16,16,05,050,,17,12,262,25,1*53
$GPGSV,3,3,10,28,18,138,31,31,43,122,44,1*6A
$GPRMC,015346.10,A,3001.73707,S,05112.74111,W,0.55,0.00,090926,,,A,V*28
$GPGGA,015347.10,3001.73711,S,05112.74117,W,1,06,1.29,104.29,M,,M,,*78
$GPGLL,3001.73711,S,05112.74117,W,015347.10,A,A*61
$GPGSA,A,3,01,02,03,09,28,31,,,,,,,2.33,1.29,1.93,1*1D
$GPGSV,3,1,10,1,65,351,37,2,39,004,48,3,57,185,26,5,,,29,1*51
$GPGSV,3,2,10,6,,,25,9,22,281,17,16,05,050,,17,12,262,26,1*51
$GPGSV,3,3,10,28,18,138,31,31,43,122,44,1*6A
$GPRMC,015347.10,A,3001.73711,S,05112.74117,W,0.36,0.00,090926,,,A,V*2D
$GPGGA,015348.10,3001.73702,S,05112.74097,W,1,06,1.29,104.41,M,,M,,*72
$GPGLL,3001.73702,S,05112.74097,W,015348.10,A,A*65
$GPGSA,A,3,01,02,03,09,28,31,,,,,,,2.33,1.29,1.93,1*1D
$GPGSV,3,1,10,1,65,351,37,2,39,004,48,3,57,185,26,5,,,25,1*5D
$GPGSV,3,2,10,9,22,281,15,16,05,050,,17,12,262,26,22,,,30,1*61
$GPGSV,3,3,10,28,18,138,31,31,43,122,44,1*6A
$GPRMC,015348.10,A,3001.73702,S,05112.74097,W,0.39,0.00,090926,,,A,V*26
$GPGGA,015349.10,3001.73720,S,05112.74125,W,1,06,1.29,104.16,M,,M,,*79
$GPGLL,3001.73720,S,05112.74125,W,015349.10,A,A*6C
$GPGSA,A,3,01,02,03,09,28,31,,,,,,,2.33,1.29,1.93,1*1D
$GPGSV,3,1,11,1,65,351,37,2,39,004,48,3,57,185,26,5,,,25,1*5C
$GPGSV,3,2,11,9,22,281,16,16,05,050,,17,12,262,26,22,,,26,1*64
$GPGSV,3,3,11,26,,,26,28,18,138,31,31,43,122,43,1*6C
$GPRMC,015349.10,A,3001.73720,S,05112.74125,W,0.20,0.00,090926,,,A,V*27
$GPGGA,015350.10,3001.73701,S,05112.74063,W,1,06,1.29,104.39,M,,M,,*7C
$GPGLL,3001.73701,S,05112.74063,W,015350.10,A,A*64
$GPGSA,A,3,01,02,03,09,28,31,,,,,,,2.33,1.29,1.93,1*1D
$GPGSV,3,1,10,1,65,351,37,2,39,004,48,3,57,185,27,9,22,281,16,1*6B
$GPGSV,3,2,10,16,05,050,,17,12,262,24,22,,,25,26,,,25,1*62
$GPGSV,3,3,10,28,18,138,30,31,43,122,44,1*6B
$GPRMC,015350.10,A,3001.73701,S,05112.74063,W,0.82,0.00,090926,,,A,V*27
$GPGGA,015351.10,3001.73690,S,05112.74033,W,1,06,1.29,104.47,M,,M,,*78
$GPGLL,3001.73690,S,05112.74033,W,015351.10,A,A*69
$GPGSA,A,3,01,02,03,09,28,31,,,,,,,2.33,1.29,1.93,1*1D
$GPGSV,3,1,11,1,65,351,38,2,39,004,48,3,57,185,27,9,22,281,16,1*65
$GPGSV,3,2,11,16,05,050,,17,12,262,23,22,,,25,26,,,25,1*64
$GPGSV,3,3,11,28,18,138,30,30,,,26,31,43,122,44,1*6D
$GPRMC,015351.10,A,3001.73690,S,05112.74033,W,0.35,0.00,090926,,,A,V*26
$GPGGA,015352.10,3001.73682,S,05112.74007,W,1,06,1.29,104.55,M,,M,,*7C
$GPGLL,3001.73682,S,05112.74007,W,015352.10,A,A*6E
$GPGSA,A,3,01,02,03,09,28,31,,,,,,,2.33,1.29,1.93,1*1D
$GPGSV,3,1,11,1,65,351,38,2,39,004,47,3,57,185,27,9,22,281,15,1*69
$GPGSV,3,2,11,16,05,050,,17,12,262,30,20,,,26,26,,,25,1*67
$GPGSV,3,3,11,28,18,138,30,30,,,25,31,43,122,44,1*6E
$GPRMC,015352.10,A,3001.73682,S,05112.74007,W,0.07,0.00,090926,,,A,V*20
$GPGGA,015353.10,3001.73667,S,05112.73959,W,1,06,1.29,104.74,M,,M,,*70
$GPGLL,3001.73667,S,05112.73959,W,015353.10,A,A*61
$GPGSA,A,3,01,02,03,09,28,31,,,,,,,2.33,1.29,1.93,1*1D
$GPGSV,2,1,8,1,65,351,38,2,39,004,48,3,57,185,27,9,22,281,14,1*5E
$GPGSV,2,2,8,16,05,050,,17,12,262,26,28,18,138,30,31,43,122,44,1*52
$GPRMC,015353.10,A,3001.73667,S,05112.73959,W,0.36,0.00,090926,,,A,V*2D
$GPGGA,015354.10,3001.73652,S,05112.73924,W,1,06,1.29,104.74,M,,M,,*7B
$GPGLL,3001.73652,S,05112.73924,W,015354.10,A,A*6A
$GPGSA,A,3,01,02,03,09,28,31,,,,,,,2.33,1.29,1.93,1*1D
$GPGSV,2,1,8,1,65,351,38,2,39,004,48,3,57,185,28,9,22,281,16,1*53
$GPGSV,2,2,8,16,05,050,,17,12,262,26,28,18,138,30,31,43,122,43,1*55
$GPRMC,015354.10,A,3001.73652,S,05112.73924,W,0.44,0.00,090926,,,A,V*23
$GPGGA,015355.10,3001.73638,S,05112.73874,W,1,06,1.29,104.96,M,,M,,*7E
$GPGLL,3001.73638,S,05112.73874,W,015355.10,A,A*63
$GPGSA,A,3,01,02,03,09,28,31,,,,,,,2.33,1.29,1.93,1*1D
$GPGSV,2,1,8,1,65,351,38,2,39,004,48,3,57,185,28,9,22,281,17,1*52
$GPGSV,2,2,8,16,05,050,,17,12,262,23,28,18,138,30,31,43,122,43,1*50
$GPRMC,015355.10,A,3001.73638,S,05112.73874,W,0.36,0.00,090926,,,A,V*2F
$GPGGA,015356.10,3001.73627,S,05112.73847,W,1,06,1.29,105.05,M,,M,,*78
$GPGLL,3001.73627,S,05112.73847,W,015356.10,A,A*6E
$GPGSA,A,3,01,02,03,09,28,31,,,,,,,2.33,1.29,1.93,1*1D
$GPGSV,3,1,9,1,65,351,38,2,39,004,47,3,57,185,28,9,22,281,18,1*52
$GPGSV,3,2,9,11,,,27,16,05,050,,17,12,262,,28,18,138,30,1*67
$GPGSV,3,3,9,31,43,122,43,1*6E
$GPRMC,015356.10,A,3001.73627,S,05112.73847,W,0.15,0.00,090926,,,A,V*23
$GPGGA,015357.10,3001.73617,S,05112.73812,W,1,06,1.29,105.14,M,,M,,*7A
$GPGLL,3001.73617,S,05112.73812,W,015357.10,A,A*6C
$GPGSA,A,3,01,02,03,09,28,31,,,,,,,2.33,1.29,1.93,1*1D
$GPGSV,3,1,9,1,65,351,38,2,39,004,47,3,57,185,28,9,22,281,19,1*53
$GPGSV,3,2,9,11,,,25,16,05,050,,17,12,262,,28,18,138,30,1*65
$GPGSV,3,3,9,31,43,122,43,1*6E
$GPRMC,015357.10,A,3001.73617,S,05112.73812,W,0.38,0.00,090926,,,A,V*2E
$GPGGA,015358.10,3001.73601,S,05112.73769,W,1,06,1.29,105.34,M,,M,,*73
$GPGLL,3001.73601,S,05112.73769,W,015358.10,A,A*67
$GPGSA,A,3,01,02,03,09,28,31,,,,,,,2.33,1.29,1.93,1*1D
$GPGSV,3,1,9,1,65,351,38,2,39,004,47,3,57,185,28,9,22,281,19,1*53
$GPGSV,3,2,9,16,05,050,,17,12,262,26,28,18,138,30,31,43,122,43,1*55
$GPGSV,3,3,9,201,,,30,1*6D
$GPRMC,015358.10,A,3001.73601,S,05112.73769,W,0.23,0.00,090926,,,A,V*2F
$GPGGA,015359.10,3001.73581,S,05112.73727,W,1,06,1.29,105.23,M,,M,,*75
$GPGLL,3001.73581,S,05112.73727,W,015359.10,A,A*67
$GPGSA,A,3,01,02,03,09,28,31,,,,,,,2.33,1.29,1.93,1*1D
$GPGSV,3,1,12,1,65,351,38,2,39,004,47,3,57,185,28,5,,,29,1*5D
$GPGSV,3,2,12,9,22,281,19,13,,,26,16,05,050,,17,12,262,25,1*69
$GPGSV,3,3,12,22,,,29,28,18,138,30,31,43,122,43,201,,,26,1*52
$GPRMC,015359.10,A,3001.73581,S,05112.73727,W,0.81,0.00,090926,,,A,V*27
$GPGGA,015400.10,3001.73569,S,05112.73701,W,1,06,1.29,105.39,M,,M,,*77
$GPGLL,3001.73569,S,05112.73701,W,015400.10,A,A*6E
$GPGSA,A,3,01,02,03,09,28,31,,,,,,,2.33,1.29,1.93,1*1D
$GPGSV,3,1,11,1,65,351,38,2,39,004,48,3,57,185,28,9,22,281,19,1*65
$GPGSV,3,2,11,13,,,25,16,05,050,,17,12,262,24,21,,,30,1*62
$GPGSV,3,3,11,28,18,138,30,31,43,122,43,201,,,25,1*59
$GPRMC,015400.10,A,3001.73569,S,05112.73701,W,0.01,0.00,090926,,,A,V*26
$GPGGA,015401.10,3001.73580,S,05112.73731,W,1,06,1.29,105.16,M,,M,,*7F
$GPGLL,3001.73580,S,05112.73731,W,015401.10,A,A*6B
$GPGSA,A,3,01,02,03,09,28,31,,,,,,,2.32,1.29,1.93,1*1C
$GPGSV,3,1,12,1,65,351,38,2,39,004,48,3,57,185,27,8,,,28,1*51
$GPGSV,3,2,12,9,22,281,19,13,,,25,16,05,050,,17,12,262,24,1*6B
$GPGSV,3,3,12,21,,,25,28,18,138,30,31,43,122,43,201,,,25,1*5E
$GPRMC,015401.10,A,3001.73580,S,05112.73731,W,0.39,0.00,090926,,,A,V*28
$GPGGA,015402.10,3001.73584,S,05112.73737,W,1,06,1.29,105.23,M,,M,,*78
$GPGLL,3001.73584,S,05112.73737,W,015402.10,A,A*6A
$GPGSA,A,3,01,02,03,09,28,31,,,,,,,2.32,1.29,1.93,1*1C
$GPGSV,3,1,11,1,65,351,39,2,39,004,48,3,57,185,27,8,,,25,1*5E
$GPGSV,3,2,11,9,22,281,20,13,,,25,16,05,050,,17,12,262,24,1*62
$GPGSV,3,3,11,28,18,138,30,31,43,122,43,201,,,25,1*59
$GPRMC,015402.10,A,3001.73584,S,05112.73737,W,0.46,0.00,090926,,,A,V*21
$GPGGA,015403.10,3001.73602,S,05112.73781,W,1,06,1.29,104.70,M,,M,,*7E
$GPGLL,3001.73602,S,05112.73781,W,015403.10,A,A*6B
$GPGSA,A,3,01,02,03,09,28,31,,,,,,,2.32,1.29,1.93,1*1C
$GPGSV,3,1,10,1,65,351,39,2,39,004,47,3,57,185,27,8,,,24,1*51
$GPGSV,3,2,10,9,22,281,20,16,05,050,,17,12,262,25,23,,,26,1*62
$GPGSV,3,3,10,28,18,138,30,31,43,122,43,1*6C
$GPRMC,015403.10,A,3001.73602,S,05112.73781,W,0.33,0.00,090926,,,A,V*22
$GPGGA,015404.10,3001.73596,S,05112.73768,W,1,06,1.29,104.45,M,,M,,*76
$GPGLL,3001.73596,S,05112.73768,W,015404.10,A,A*65
$GPGSA,A,3,01,02,03,09,28,31,,,,,,,2.32,1.29,1.93,1*1C
$GPGSV,3,1,10,1,65,351,39,2,39,004,47,3,57,185,26,8,,,25,1*51
$GPGSV,3,2,10,9,22,281,20,16,05,050,,17,12,262,25,23,,,25,1*61
$GPGSV,3,3,10,28,18,138,30,31,43,122,43,1*6C
$GPRMC,015404.10,A,3001.73596,S,05112.73768,W,0.17,0.00,090926,,,A,V*2A
$GPGGA,015405.10,3001.73606,S,05112.73796,W,1,06,1.29,104.38,M,,M,,*76
$GPGLL,3001.73606,S,05112.73796,W,015405.10,A,A*6F
$GPGSA,A,3,01,02,03,09,28,31,,,,,,,2.32,1.29,1.93,1*1C
$GPGSV,3,1,9,1,65,351,39,2,39,004,48,3,57,185,26,9,22,281,20,1*59
$GPGSV,3,2,9,16,05,050,,17,12,262,24,23,,,25,28,18,138,30,1*62
$GPGSV,3,3,9,31,43,122,43,1*6E
$GPRMC,015405.10,A,3001.73606,S,05112.73796,W,0.42,0.00,090926,,,A,V*20
$GPGGA,015406.10,3001.73621,S,05112.73831,W,1,06,1.29,104.11,M,,M,,*79
$GPGLL,3001.73621,S,05112.73831,W,015406.10,A,A*6B
$GPGSA,A,3,01,02,03,09,28,31,,,,,,,2.32,1.29,1.93,1*1C
$GPGSV,3,1,10,1,65,351,39,2,39,004,48,3,57,185,26,9,22,281,21,1*60
$GPGSV,3,2,10,16,05,050,,17,12,262,24,23,,,25,28,18,138,30,1*5A
$GPGSV,3,3,10,31,43,122,44,197,,,28,1*64
$GPRMC,015406.10,A,3001.73621,S,05112.73831,W,0.40,0.00,090926,,,A,V*26
$GPGGA,015407.10,3001.73637,S,05112.73861,W,1,06,1.29,103.73,M,,M,,*79
$GPGLL,3001.73637,S,05112.73861,W,015407.10,A,A*68
$GPGSA,A,3,01,02,03,09,28,31,,,,,,,2.32,1.29,1.93,1*1C
$GPGSV,3,1,9,1,65,351,39,2,39,004,47,3,57,185,25,9,22,281,21,1*54
$GPGSV,3,2,9,16,05,050,,17,12,262,24,28,18,138,30,31,43,122,44,1*50
$GPGSV,3,3,9,197,,,25,1*65
$GPRMC,015407.10,A,3001.73637,S,05112.73861,W,0.23,0.00,090926,,,A,V*20
$GPGGA,015408.10,3001.73655,S,05112.73893,W,1,06,1.29,103.36,M,,M,,*7E
$GPGLL,3001.73655,S,05112.73893,W,015408.10,A,A*6E
$GPGSA,A,3,01,02,03,09,28,31,,,,,,,2.32,1.29,1.93,1*1C
$GPGSV,3,1,9,1,65,351,39,2,39,004,47,3,57,185,24,9,22,281,21,1*55
$GPGSV,3,2,9,16,05,050,,17,12,262,24,28,18,138,29,31,43,122,43,1*5F
$GPGSV,3,3,9,197,,,25,1*65
$GPRMC,015408.10,A,3001.73655,S,05112.73893,W,0.05,0.00,090926,,,A,V*22
$GPGGA,015409.10,3001.73664,S,05112.73906,W,1,06,1.29,103.21,M,,M,,*76
$GPGLL,3001.73664,S,05112.73906,W,015409.10,A,A*60
$GPGSA,A,3,01,02,03,09,28,31,,,,,,,2.32,1.29,1.93,1*1C
$GPGSV,3,1,9,1,65,351,39,2,39,004,47,3,57,185,24,5,,,33,1*61
$GPGSV,3,2,9,9,22,281,20,16,05,050,,17,12,262,24,28,18,138,29,1*6C
$GPGSV,3,3,9,31,43,122,43,1*6E
$GPRMC,015409.10,A,3001.73664,S,05112.73906,W,0.05,0.00,090926,,,A,V*2C
$GPGGA,015410.10,3001.73675,S,05112.73919,W,1,06,1.29,103.18,M,,M,,*7A
$GPGLL,3001.73675,S,05112.73919,W,015410.10,A,A*66
$GPGSA,A,3,01,02,03,09,28,31,,,,,,,2.32,1.29,1.93,1*1C
$GPGSV,3,1,10,1,65,351,39,2,39,004,47,3,57,185,24,5,,,25,1*5E
$GPGSV,3,2,10,9,22,281,20,16,05,050,,17,12,262,25,22,,,27,1*62
$GPGSV,3,3,10,28,18,138,29,31,43,122,43,1*64
$GPRMC,015410.10,A,3001.73675,S,05112.73919,W,0.22,0.00,090926,,,A,V*2F
$GPGGA,015411.10,3001.73679,S,05112.73924,W,1,06,1.29,103.13,M,,M,,*72
$GPGLL,3001.73679,S,05112.73924,W,015411.10,A,A*65
$GPGSA,A,3,01,02,03,09,28,31,,,,,,,2.32,1.29,1.93,1*1C
$GPGSV,3,1,11,1,65,351,39,2,39,004,48,3,57,185,23,4,,,27,1*54
$GPGSV,3,2,11,5,,,25,9,22,281,20,16,05,050,,17,12,262,24,1*55
$GPGSV,3,3,11,22,,,27,28,18,138,28,31,43,122,43,1*61
$GPRMC,015411.10,A,3001.73679,S,05112.73924,W,0.41,0.00,090926,,,A,V*29
$GPGGA,015412.10,3001.73700,S,05112.73969,W,1,06,1.29,102.80,M,,M,,*7C
$GPGLL,3001.73700,S,05112.73969,W,015412.10,A,A*60
$GPGSA,A,3,01,02,03,09,28,31,,,,,,,2.32,1.29,1.93,1*1C
$GPGSV,3,1,12,1,65,351,39,2,39,004,48,3,57,185,23,4,,,27,1*57
$GPGSV,3,2,12,5,,,25,7,,,26,9,22,281,21,16,05,050,,1*51
$GPGSV,3,3,12,17,12,262,23,28,18,138,28,31,43,122,44,200,,,26,1*64
$GPRMC,015412.10,A,3001.73700,S,05112.73969,W,0.27,0.00,090926,,,A,V*2C
$GPGGA,015413.10,3001.73708,S,05112.73968,W,1,06,1.29,102.90,M,,M,,*75
$GPGLL,3001.73708,S,05112.73968,W,015413.10,A,A*68
$GPGSA,A,3,01,02,03,09,28,31,,,,,,,2.32,1.29,1.93,1*1C
$GPGSV,3,1,10,1,65,351,39,2,39,004,48,3,57,185,23,7,,,25,1*54
$GPGSV,3,2,10,9,22,281,21,16,05,050,,17,12,262,23,28,18,138,29,1*52
$GPGSV,3,3,10,31,43,122,44,200,,,26,1*67
$GPRMC,015413.10,A,3001.73708,S,05112.73968,W,0.03,0.00,090926,,,A,V*22
$GPGGA,015414.10,3001.73730,S,05112.74008,W,1,06,1.29,102.55,M,,M,,*78
$GPGLL,3001.73730,S,05112.74008,W,015414.10,A,A*6C
$GPGSA,A,3,01,02,03,09,28,31,,,,,,,2.32,1.29,1.93,1*1C
$GPGSV,3,1,10,1,65,351,39,2,39,004,48,3,57,185,23,7,,,24,1*55
$GPGSV,3,2,10,9,22,281,21,16,05,050,,17,12,262,23,28,18,138,28,1*53
$GPGSV,3,3,10,31,43,122,44,200,,,25,1*64
$GPRMC,015414.10,A,3001.73730,S,05112.74008,W,0.03,0.00,090926,,,A,V*26
$GPGGA,015415.10,3001.73755,S,05112.74060,W,1,06,1.29,102.12,M,,M,,*77
$GPGLL,3001.73755,S,05112.74060,W,015415.10,A,A*60
$GPGSA,A,3,01,02,03,09,28,31,,,,,,,2.32,1.29,1.93,1*1C
$GPGSV,3,1,10,1,65,351,39,2,39,004,48,3,57,185,23,7,,,25,1*54
$GPGSV,3,2,10,9,22,281,21,16,05,050,,17,12,262,22,28,18,138,28,1*52
$GPGSV,3,3,10,31,43,122,44,200,,,25,1*64
$GPRMC,015415.10,A,3001.73755,S,05112.74060,W,0.58,0.00,090926,,,A,V*24
$GPGGA,015416.10,3001.73765,S,05112.74075,W,1,06,1.29,101.78,M,,M,,*7C
$GPGLL,3001.73765,S,05112.74075,W,015416.10,A,A*64
$GPGSA,A,3,01,02,03,09,28,31,,,,,,,2.32,1.29,1.93,1*1C
$GPGSV,3,1,10,1,65,351,39,2,39,004,48,3,57,185,23,9,22,281,21,1*65
$GPGSV,3,2,10,13,,,25,16,05,050,,17,12,262,21,22,,,29,1*6D
$GPGSV,3,3,10,28,18,138,28,31,43,122,44,1*62
$GPRMC,015416.10,A,3001.73765,S,05112.74075,W,0.30,0.00,090926,,,A,V*2E
$GPGGA,015417.10,3001.73781,S,05112.74098,W,1,06,1.29,101.47,M,,M,,*78
$GPGLL,3001.73781,S,05112.74098,W,015417.10,A,A*6C
$GPGSA,A,3,01,02,03,09,28,31,,,,,,,2.32,1.29,1.93,1*1C
$GPGSV,3,1,10,1,65,351,39,2,39,004,48,3,57,185,23,9,22,281,20,1*64
$GPGSV,3,2,10,13,,,25,16,05,050,,17,12,262,21,22,,,25,1*61
$GPGSV,3,3,10,28,18,138,28,31,43,122,43,1*65
$GPRMC,015417.10,A,3001.73781,S,05112.74098,W,0.58,0.00,090926,,,A,V*28
$GPGGA,015418.10,3001.73789,S,05112.74096,W,1,06,1.29,101.58,M,,M,,*7F
$GPGLL,3001.73789,S,05112.74096,W,015418.10,A,A*65
$GPGSA,A,3,01,02,03,09,28,31,,,,,,,2.32,1.29,1.93,1*1C
$GPGSV,3,1,12,1,65,351,39,2,39,004,48,3,57,185,24,6,,,27,1*52
$GPGSV,3,2,12,9,22,281,20,11,,,28,13,,,24,16,05,050,,1*5F
$GPGSV,3,3,12,17,12,262,20,22,,,25,28,18,138,28,31,43,122,43,1*51
$GPRMC,015418.10,A,3001.73789,S,05112.74096,W,0.06,0.00,090926,,,A,V*2A
$GPGGA,015419.10,3001.73795,S,05112.74092,W,1,06,1.29,101.14,M,,M,,*7F
$GPGLL,3001.73795,S,05112.74092,W,015419.10,A,A*6D
$GPGSA,A,3,01,02,03,09,28,31,,,,,,,2.32,1.29,1.93,1*1C
$GPGSV,4,1,13,1,65,351,39,2,39,004,48,3,57,185,24,6,,,25,1*56
$GPGSV,4,2,13,8,,,26,9,22,281,20,11,,,25,13,,,24,1*5F
$GPGSV,4,3,13,16,05,050,,17,12,262,20,22,,,25,28,18,138,28,1*53
$GPGSV,4,4,13,31,43,122,43,1*55
$GPRMC,015419.10,A,3001.73795,S,05112.74092,W,0.16,0.00,090926,,,A,V*23
$GPGGA,015420.10,3001.73800,S,05112.74106,W,1,06,1.29,100.71,M,,M,,*78
$GPGLL,3001.73800,S,05112.74106,W,015420.10,A,A*68
$GPGSA,A,3,01,02,03,09,28,31,,,,,,,2.32,1.29,1.93,1*1C
$GPGSV,3,1,10,1,65,351,39,2,39,004,48,3,57,185,24,8,,,25,1*5C
$GPGSV,3,2,10,9,22,281,19,11,,,25,16,05,050,,17,12,262,20,1*6F
$GPGSV,3,3,10,28,18,138,28,31,43,122,43,1*65
$GPRMC,015420.10,A,3001.73800,S,05112.74106,W,0.03,0.00,090926,,,A,V*22
$GPGGA,015421.10,3001.73792,S,05112.74086,W,1,06,1.29,100.40,M,,M,,*76
$GPGLL,3001.73792,S,05112.74086,W,015421.10,A,A*64
$GPGSA,A,3,01,02,03,09,28,31,,,,,,,2.32,1.29,1.93,1*1C
$GPGSV,3,1,10,1,65,351,39,2,39,004,48,3,57,185,25,8,,,25,1*5D
$GPGSV,3,2,10,9,22,281,18,11,,,25,16,05,050,,17,12,262,20,1*6E
$GPGSV,3,3,10,28,18,138,28,31,43,122,44,1*62
$GPRMC,015421.10,A,3001.73792,S,05112.74086,W,0.05,0.00,090926,,,A,V*28
$GPGGA,015422.10,3001.73809,S,05112.74118,W,1,06,1.29,100.08,M,,M,,*72
$GPGLL,3001.73809,S,05112.74118,W,015422.10,A,A*6C
$GPGSA,A,3,01,02,03,09,28,31,,,,,,,2.32,1.29,1.93,1*1C
$GPGSV,3,1,9,1,65,351,39,2,39,004,48,3,57,185,25,8,,,25,1*65
$GPGSV,3,2,9,9,22,281,18,16,05,050,,17,12,262,20,28,18,138,27,1*6D
$GPGSV,3,3,9,31,43,122,43,1*6E
$GPRMC,015422.10,A,3001.73809,S,05112.74118,W,0.60,0.00,090926,,,A,V*23
$GPGGA,015423.10,3001.73810,S,05112.74125,W,1,06,1.29,99.71,M,,M,,*4A
$GPGLL,3001.73810,S,05112.74125,W,015423.10,A,A*6B
$GPGSA,A,3,01,02,03,09,28,31,,,,,,,2.32,1.29,1.93,1*1C
$GPGSV,3,1,9,1,65,351,40,2,39,004,48,3,57,185,25,9,22,281,19,1*5E
$GPGSV,3,2,9,16,05,050,,17,12,262,20,20,,,29,28,18,138,28,1*60
$GPGSV,3,3,9,31,43,122,43,1*6E
$GPRMC,015423.10,A,3001.73810,S,05112.74125,W,0.45,0.00,090926,,,A,V*23
$GPGGA,015424.10,3001.73810,S,05112.74122,W,1,06,1.29,99.37,M,,M,,*48
$GPGLL,3001.73810,S,05112.74122,W,015424.10,A,A*6B
$GPGSA,A,3,01,02,03,09,28,31,,,,,,,2.32,1.29,1.93,1*1C
$GPGSV,3,1,9,1,65,351,40,2,39,004,48,3,57,185,25,9,22,281,18,1*5F
$GPGSV,3,2,9,16,05,050,,17,12,262,19,20,,,25,28,18,138,28,1*66
$GPGSV,3,3,9,31,43,122,44,1*69
$GPRMC,015424.10,A,3001.73810,S,05112.74122,W,0.09,0.00,090926,,,A,V*2B
$GPGGA,015425.10,3001.73800,S,05112.74102,W,1,06,1.29,99.20,M,,M,,*4C
$GPGLL,3001.73800,S,05112.74102,W,015425.10,A,A*69
$GPGSA,A,3,01,02,03,09,28,31,,,,,,,2.32,1.29,1.93,1*1C
$GPGSV,3,1,11,1,65,351,40,2,39,004,48,3,57,185,26,4,,,30,1*59
$GPGSV,3,2,11,7,,,26,9,22,281,17,16,05,050,,17,12,262,19,1*5E
$GPGSV,3,3,11,20,,,25,28,18,138,28,31,43,122,43,1*61
$GPRMC,015425.10,A,3001.73800,S,05112.74102,W,0.12,0.00,090926,,,A,V*23
$GPGGA,015426.10,3001.73787,S,05112.74075,W,1,06,1.29,99.22,M,,M,,*4C
$GPGLL,3001.73787,S,05112.74075,W,015426.10,A,A*6B
$GPGSA,A,3,01,02,03,09,28,31,,,,,,,2.32,1.29,1.93,1*1C
$GPGSV,3,1,11,1,65,351,40,2,39,004,48,3,57,185,26,4,,,26,1*5E
$GPGSV,3,2,11,7,,,26,9,22,281,17,16,05,050,,17,12,262,18,1*5F
$GPGSV,3,3,11,20,,,25,28,18,138,28,31,43,122,43,1*61
$GPRMC,015426.10,A,3001.73787,S,05112.74075,W,0.02,0.00,090926,,,A,V*20
$GPGGA,015427.10,3001.73776,S,05112.74051,W,1,06,1.29,99.19,M,,M,,*4D
$GPGLL,3001.73776,S,05112.74051,W,015427.10,A,A*62
$GPGSA,A,3,01,02,03,09,28,31,,,,,,,2.32,1.29,1.93,1*1C
$GPGSV,3,1,10,1,65,351,40,2,39,004,48,3,57,185,25,4,,,25,1*5F
$GPGSV,3,2,10,6,,,27,9,22,281,16,16,05,050,,17,12,262,19,1*5E
$GPGSV,3,3,10,28,18,138,28,31,43,122,43,1*65
$GPRMC,015427.10,A,3001.73776,S,05112.74051,W,0.17,0.00,090926,,,A,V*2D
$GPGGA,015428.10,3001.73774,S,05112.74041,W,1,06,1.29,98.95,M,,M,,*44
$GPGLL,3001.73774,S,05112.74041,W,015428.10,A,A*6E
$GPGSA,A,3,01,02,03,09,28,31,,,,,,,2.32,1.29,1.93,1*1C
$GPGSV,3,1,10,1,65,351,40,2,39,004,48,3,57,185,25,4,,,25,1*5F
$GPGSV,3,2,10,6,,,26,9,22,281,16,16,05,050,,17,12,262,18,1*5E
$GPGSV,3,3,10,28,18,138,28,31,43,122,43,1*65
$GPRMC,015428.10,A,3001.73774,S,05112.74041,W,0.08,0.00,090926,,,A,V*2F
$GPGGA,015429.10,3001.73761,S,05112.74001,W,1,06,1.29,98.86,M,,M,,*47
$GPGLL,3001.73761,S,05112.74001,W,015429.10,A,A*6F
$GPGSA,A,3,01,02,03,09,28,31,,,,,,,2.32,1.29,1.93,1*1C
$GPGSV,3,1,10,1,65,351,40,2,39,004,48,3,57,185,25,6,,,24,1*5C
$GPGSV,3,2,10,9,22,281,16,13,,,28,16,05,050,,17,12,262,16,1*6A
$GPGSV,3,3,10,28,18,138,27,31,43,122,43,1*6A
$GPRMC,015429.10,A,3001.73761,S,05112.74001,W,0.24,0.00,090926,,,A,V*20
$GPGGA,015430.10,3001.73750,S,05112.73971,W,1,06,1.29,98.76,M,,M,,*4B
$GPGLL,3001.73750,S,05112.73971,W,015430.10,A,A*6C
$GPGSA,A,3,01,02,03,09,28,31,,,,,,,2.32,1.29,1.93,1*1C
$GPGSV,3,1,10,1,65,351,40,2,39,004,48,3,57,185,25,6,,,25,1*5D
$GPGSV,3,2,10,9,22,281,16,13,,,26,16,05,050,,17,12,262,17,1*65
$GPGSV,3,3,10,28,18,138,27,31,43,122,43,1*6A
$GPRMC,015430.10,A,3001.73750,S,05112.73971,W,0.08,0.00,090926,,,A,V*2D
$GPGGA,015431.10,3001.73743,S,05112.73952,W,1,06,1.29,98.51,M,,M,,*4C
$GPGLL,3001.73743,S,05112.73952,W,015431.10,A,A*6E
$GPGSA,A,3,01,02,03,09,28,31,,,,,,,2.32,1.29,1.93,1*1C
$GPGSV,3,1,9,1,65,351,40,2,39,004,48,3,57,185,24,9,22,281,16,1*50
$GPGSV,3,2,9,13,,,24,16,05,050,,17,12,262,16,28,18,138,27,1*67
$GPGSV,3,3,9,31,43,122,43,1*6E
$GPRMC,015431.10,A,3001.73743,S,05112.73952,W,0.31,0.00,090926,,,A,V*25
$GPGGA,015432.10,3001.73742,S,05112.73947,W,1,06,1.29,98.46,M,,M,,*4C
$GPGLL,3001.73742,S,05112.73947,W,015432.10,A,A*68
$GPGSA,A,3,01,02,03,09,28,31,,,,,,,2.32,1.29,1.93,1*1C
$GPGSV,3,1,9,1,65,351,40,2,39,004,48,3,57,185,24,9,22,281,16,1*50
$GPGSV,3,2,9,13,,,25,16,05,050,,17,12,262,17,28,18,138,27,1*67
$GPGSV,3,3,9,31,43,122,43,1*6E
$GPRMC,015432.10,A,3001.73742,S,05112.73947,W,0.07,0.00,090926,,,A,V*26
$GPGGA,015433.10,3001.73743,S,05112.73954,W,1,06,1.29,97.93,M,,M,,*49
$GPGLL,3001.73743,S,05112.73954,W,015433.10,A,A*6A
$GPGSA,A,3,01,02,03,09,28,31,,,,,,,2.32,1.29,1.93,1*1C
$GPGSV,3,1,9,1,65,351,40,2,39,004,48,3,57,185,24,9,22,281,16,1*50
$GPGSV,3,2,9,16,05,050,,17,12,262,18,28,18,138,27,30,,,29,1*65
$GPGSV,3,3,9,31,43,122,43,1*6E
$GPRMC,015433.10,A,3001.73743,S,05112.73954,W,0.40,0.00,090926,,,A,V*27
$GPGGA,015434.10,3001.73744,S,05112.73956,W,1,06,1.29,97.42,M,,M,,*47
$GPGLL,3001.73744,S,05112.73956,W,015434.10,A,A*68
$GPGSA,A,3,01,02,03,09,28,31,,,,,,,2.32,1.29,1.93,1*1C
$GPGSV,3,1,9,1,65,351,40,2,39,004,48,3,57,185,24,9,22,281,16,1*50
$GPGSV,3,2,9,16,05,050,,17,12,262,18,28,18,138,27,30,,,25,1*69
$GPGSV,3,3,9,31,43,122,43,1*6E
$GPRMC,015434.10,A,3001.73744,S,05112.73956,W,0.19,0.00,090926,,,A,V*29
$GPGGA,015435.10,3001.73732,S,05112.73927,W,1,06,1.29,97.65,M,,M,,*44
$GPGLL,3001.73732,S,05112.73927,W,015435.10,A,A*6E
$GPGSA,A,3,01,02,03,09,28,31,,,,,,,2.32,1.29,1.93,1*1C
$GPGSV,3,1,10,1,65,351,40,2,39,004,48,3,57,185,24,9,22,281,16,1*68
$GPGSV,3,2,10,16,05,050,,17,12,262,18,23,,,29,28,18,138,27,1*5F
$GPGSV,3,3,10,30,,,25,31,43,122,43,1*52
$GPRMC,015435.10,A,3001.73732,S,05112.73927,W,0.51,0.00,090926,,,A,V*23
$GPGGA,015436.10,3001.73737,S,05112.73967,W,1,06,1.29,97.03,M,,M,,*46
$GPGLL,3001.73737,S,05112.73967,W,015436.10,A,A*6C
$GPGSA,A,3,01,02,03,09,28,31,,,,,,,2.32,1.29,1.93,1*1C
$GPGSV,3,1,11,1,65,351,40,2,39,004,48,3,57,185,23,9,22,281,14,1*6C
$GPGSV,3,2,11,16,05,050,,17,12,262,20,20,,,27,23,,,24,1*63
$GPGSV,3,3,11,28,18,138,27,30,,,25,31,43,122,43,1*6F
$GPRMC,015436.10,A,3001.73737,S,05112.73967,W,0.29,0.00,090926,,,A,V*2E
$GPGGA,015437.10,3001.73735,S,05112.73953,W,1,06,1.29,97.10,M,,M,,*40
$GPGLL,3001.73735,S,05112.73953,W,015437.10,A,A*68
$GPGSA,A,3,01,02,03,09,28,31,,,,,,,2.32,1.29,1.93,1*1C
$GPGSV,3,1,9,1,65,351,40,2,39,004,48,3,57,185,23,4,,,28,1*6C
$GPGSV,3,2,9,9,22,281,15,16,05,050,,17,12,262,21,28,18,138,27,1*61
$GPGSV,3,3,9,31,43,122,43,1*6E
$GPRMC,015437.10,A,3001.73735,S,05112.73953,W,0.35,0.00,090926,,,A,V*27
$GPGGA,015438.10,3001.73752,S,05112.73996,W,1,06,1.29,96.55,M,,M,,*47
$GPGLL,3001.73752,S,05112.73996,W,015438.10,A,A*6F
$GPGSA,A,3,01,02,03,09,28,31,,,,,,,2.32,1.29,1.93,1*1C
$GPGSV,3,1,10,1,65,351,40,2,39,004,48,3,57,185,23,4,,,25,1*59
$GPGSV,3,2,10,8,,,27,9,22,281,16,16,05,050,,17,12,262,21,1*5B
$GPGSV,3,3,10,28,18,138,27,31,43,122,43,1*6A
$GPRMC,015438.10,A,3001.73752,S,05112.73996,W,0.24,0.00,090926,,,A,V*20
$GPGGA,015439.10,3001.73764,S,05112.74026,W,1,06,1.29,96.07,M,,M,,*41
$GPGLL,3001.73764,S,05112.74026,W,015439.10,A,A*6E
$GPGSA,A,3,01,02,03,09,28,31,,,,,,,2.32,1.29,1.93,1*1C
$GPGSV,3,1,9,1,65,351,40,2,39,004,48,3,57,185,23,8,,,25,1*6D
$GPGSV,3,2,9,9,22,281,14,16,05,050,,17,12,262,20,28,18,138,27,1*61
$GPGSV,3,3,9,31,43,122,43,1*6E
$GPRMC,015439.10,A,3001.73764,S,05112.74026,W,0.21,0.00,090926,,,A,V*24
$GPGGA,015440.10,3001.73767,S,05112.74035,W,1,05,2.71,95.76,M,,M,,*46
$GPGLL,3001.73767,S,05112.74035,W,015440.10,A,A*61
$GPGSA,A,3,01,02,03,28,31,,,,,,,,4.25,2.71,3.27,1*16
$GPGSV,3,1,9,1,65,351,40,2,39,004,48,3,57,185,22,8,,,25,1*6C
$GPGSV,3,2,9,9,22,281,13,16,05,050,,17,12,262,21,28,18,138,27,1*67
$GPGSV,3,3,9,31,43,122,43,1*6E
$GPRMC,015440.10,A,3001.73767,S,05112.74035,W,0.50,0.00,090926,,,A,V*2D
$GPGGA,015441.10,3001.73770,S,05112.74056,W,1,06,1.29,95.26,M,,M,,*4C
$GPGLL,3001.73770,S,05112.74056,W,015441.10,A,A*63
$GPGSA,A,3,01,02,03,09,28,31,,,,,,,2.32,1.29,1.93,1*1C
$GPGSV,3,1,10,1,65,351,40,2,39,004,48,3,57,185,22,5,,,33,1*5E
$GPGSV,3,2,10,8,,,26,9,22,281,13,16,05,050,,17,12,262,21,1*5F
$GPGSV,3,3,10,28,18,138,27,31,43,122,43,1*6A
$GPRMC,015441.10,A,3001.73770,S,05112.74056,W,0.09,0.00,090926,,,A,V*23
$GPGGA,015442.10,3001.73774,S,05112.74057,W,1,06,1.29,95.11,M,,M,,*4E
$GPGLL,3001.73774,S,05112.74057,W,015442.10,A,A*65
$GPGSA,A,3,01,02,03,09,28,31,,,,,,,2.32,1.29,1.93,1*1C
$GPGSV,3,1,9,1,65,351,40,2,39,004,48,3,57,185,22,5,,,26,1*62
$GPGSV,3,2,9,9,22,281,15,16,05,050,,17,12,262,21,28,18,138,27,1*61
$GPGSV,3,3,9,31,43,122,43,1*6E
$GPRMC,015442.10,A,3001.73774,S,05112.74057,W,0.18,0.00,090926,,,A,V*25
$GPGGA,015443.10,3001.73783,S,05112.74084,W,1,06,1.29,94.72,M,,M,,*4D
$GPGLL,3001.73783,S,05112.74084,W,015443.10,A,A*62
$GPGSA,A,3,01,02,03,09,28,31,,,,,,,2.32,1.29,1.93,1*1C
$GPGSV,3,1,10,1,65,351,40,2,39,004,48,3,57,185,22,5,,,24,1*58
$GPGSV,3,2,10,6,,,26,9,22,281,14,16,05,050,,17,12,262,21,1*56
$GPGSV,3,3,10,28,18,138,27,31,43,122,43,1*6A
$GPRMC,015443.10,A,3001.73783,S,05112.74084,W,0.13,0.00,090926,,,A,V*29
$GPGGA,015444.10,3001.73781,S,05112.74096,W,1,06,1.29,94.34,M,,M,,*49
$GPGLL,3001.73781,S,05112.74096,W,015444.10,A,A*64
$GPGSA,A,3,01,02,03,09,28,31,,,,,,,2.32,1.29,1.93,1*1C
$GPGSV,3,1,11,1,65,351,40,2,39,004,48,3,58,184,23,5,,,24,1*56
$GPGSV,3,2,11,6,,,25,7,,,26,9,22,281,15,16,05,051,,1*57
$GPGSV,3,3,11,17,12,263,21,28,17,139,27,31,43,122,43,1*54
$GPRMC,015444.10,A,3001.73781,S,05112.74096,W,0.37,0.00,090926,,,A,V*29
$GPGGA,015445.10,3001.73772,S,05112.74069,W,1,06,1.29,94.77,M,,M,,*43
$GPGLL,3001.73772,S,05112.74069,W,015445.10,A,A*69
$GPGSA,A,3,01,02,03,09,28,31,,,,,,,2.32,1.29,1.93,1*1C
$GPGSV,3,1,9,1,65,351,40,2,39,004,48,3,58,184,23,9,22,281,17,1*58
$GPGSV,3,2,9,16,05,051,,17,12,263,21,28,17,139,28,31,43,122,43,1*55
$GPGSV,3,3,9,200,,,27,1*6A
$GPRMC,015445.10,A,3001.73772,S,05112.74069,W,0.54,0.00,090926,,,A,V*21
$GPGGA,015446.10,3001.73772,S,05112.74081,W,1,06,1.29,94.32,M,,M,,*47
$GPGLL,3001.73772,S,05112.74081,W,015446.10,A,A*6C
$GPGSA,A,3,01,02,03,09,28,31,,,,,,,2.32,1.29,1.93,1*1C
$GPGSV,3,1,10,1,65,351,40,2,39,004,48,3,58,184,23,9,22,281,17,1*60
$GPGSV,3,2,10,11,,,28,16,05,051,,17,12,263,21,28,17,139,28,1*54
$GPGSV,3,3,10,31,43,122,43,200,,,26,1*60
$GPRMC,015446.10,A,3001.73772,S,05112.74081,W,0.08,0.00,090926,,,A,V*2D
$GPGGA,015447.10,3001.73773,S,05112.74089,W,1,06,1.29,94.20,M,,M,,*4C
$GPGLL,3001.73773,S,05112.74089,W,015447.10,A,A*64
$GPGSA,A,3,01,02,03,09,28,31,,,,,,,2.32,1.29,1.93,1*1C
$GPGSV,3,1,11,1,65,351,40,2,39,004,48,3,58,184,23,9,22,281,18,1*6E
$GPGSV,3,2,11,11,,,25,16,05,051,,17,12,263,21,24,,,25,1*64
$GPGSV,3,3,11,28,17,139,28,31,43,122,43,200,,,25,1*5F
$GPRMC,015447.10,A,3001.73773,S,05112.74089,W,0.02,0.00,090926,,,A,V*2F
$GPGGA,015448.10,3001.73747,S,05112.74022,W,1,06,1.29,94.28,M,,M,,*4D
$GPGLL,3001.73747,S,05112.74022,W,015448.10,A,A*6D
$GPGSA,A,3,01,02,03,09,28,31,,,,,,,2.32,1.29,1.93,1*1C
$GPGSV,4,1,13,1,65,351,40,2,39,004,48,3,58,184,24,9,22,281,19,1*6D
$GPGSV,4,2,13,11,,,25,16,05,051,,17,12,263,21,19,,,26,1*6C
$GPGSV,4,3,13,22,,,26,24,,,24,28,17,139,27,31,43,122,43,1*64
$GPGSV,4,4,13,200,,,24,1*52
$GPRMC,015448.10,A,3001.73747,S,05112.74022,W,1.15,0.00,090926,,,A,V*21
$GPGGA,015449.10,3001.73712,S,05112.73950,W,1,06,1.29,95.02,M,,M,,*4E
$GPGLL,3001.73712,S,05112.73950,W,015449.10,A,A*67
$GPGSA,A,3,01,02,03,09,28,31,,,,,,,2.32,1.29,1.93,1*1C
$GPGSV,3,1,12,1,65,351,40,2,39,004,47,3,58,184,24,9,22,281,18,1*65
$GPGSV,3,2,12,11,,,24,16,05,051,,17,12,263,21,19,,,25,1*68
$GPGSV,3,3,12,22,,,25,24,,,25,28,17,139,27,31,43,122,43,1*60
$GPRMC,015449.10,A,3001.73712,S,05112.73950,W,0.42,0.00,090926,,,A,V*28
$GPGGA,015450.10,3001.73720,S,05112.73974,W,1,06,1.29,94.94,M,,M,,*4F
$GPGLL,3001.73720,S,05112.73974,W,015450.10,A,A*68
$GPGSA,A,3,01,02,03,09,28,31,,,,,,,2.32,1.29,1.93,1*1C
$GPGSV,3,1,11,1,65,351,40,2,39,004,48,3,58,184,24,9,22,281,18,1*69
$GPGSV,3,2,11,16,05,051,,17,12,263,21,19,,,25,22,,,25,1*6A
$GPGSV,3,3,11,24,,,25,28,17,139,27,31,43,122,43,1*64
$GPRMC,015450.10,A,3001.73720,S,05112.73974,W,0.65,0.00,090926,,,A,V*22
$GPGGA,015451.10,3001.73709,S,05112.73971,W,1,06,1.29,94.70,M,,M,,*4A
$GPGLL,3001.73709,S,05112.73971,W,015451.10,A,A*67
$GPGSA,A,3,01,02,03,09,28,31,,,,,,,2.32,1.29,1.93,1*1C
$GPGSV,3,1,10,1,65,351,40,2,39,004,48,3,58,184,24,9,22,281,20,1*63
$GPGSV,3,2,10,16,05,051,,17,12,263,20,19,,,25,22,,,24,1*6B
$GPGSV,3,3,10,28,17,139,27,31,43,122,43,1*64
$GPRMC,015451.10,A,3001.73709,S,05112.73971,W,0.49,0.00,090926,,,A,V*23
$GPGGA,015452.10,3001.73697,S,05112.73942,W,1,06,1.29,94.56,M,,M,,*4B
$GPGLL,3001.73697,S,05112.73942,W,015452.10,A,A*62
$GPGSA,A,3,01,02,03,09,28,31,,,,,,,2.32,1.29,1.93,1*1C
$GPGSV,2,1,8,1,65,351,40,2,39,004,48,3,58,184,24,9,22,281,19,1*51
$GPGSV,2,2,8,16,05,051,,17,12,263,21,28,17,139,27,31,43,122,43,1*5A
$GPRMC,015452.10,A,3001.73697,S,05112.73942,W,0.09,0.00,090926,,,A,V*22
$GPGGA,015453.10,3001.73674,S,05112.73886,W,1,06,1.29,94.71,M,,M,,*4B
$GPGLL,3001.73674,S,05112.73886,W,015453.10,A,A*67
$GPGSA,A,3,01,02,03,09,28,31,,,,,,,2.32,1.29,1.93,1*1C
$GPGSV,3,1,9,1,65,351,40,2,39,004,48,3,58,184,25,5,,,26,1*6B
$GPGSV,3,2,9,9,22,281,19,16,05,051,,17,12,263,20,28,17,139,28,1*6D
$GPGSV,3,3,9,31,43,122,43,1*6E
$GPRMC,015453.10,A,3001.73674,S,05112.73886,W,0.34,0.00,090926,,,A,V*29
$GPGGA,015454.10,3001.73648,S,05112.73840,W,1,06,1.29,94.91,M,,M,,*47
$GPGLL,3001.73648,S,05112.73840,W,015454.10,A,A*65
$GPGSA,A,3,01,02,03,09,28,31,,,,,,,2.32,1.29,1.93,1*1C
$GPGSV,3,1,11,1,65,351,40,2,39,004,48,3,58,184,25,5,,,24,1*50
$GPGSV,3,2,11,6,,,26,9,22,281,18,10,,,27,16,05,051,,1*6E
$GPGSV,3,3,11,17,12,263,20,28,17,139,28,31,43,122,43,1*5A
$GPRMC,015454.10,A,3001.73648,S,05112.73840,W,0.16,0.00,090926,,,A,V*2B
$GPGGA,015455.10,3001.73631,S,05112.73806,W,1,06,1.29,94.75,M,,M,,*40
$GPGLL,3001.73631,S,05112.73806,W,015455.10,A,A*68
$GPGSA,A,3,01,02,03,09,28,31,,,,,,,2.32,1.29,1.93,1*1C
$GPGSV,4,1,13,1,65,351,40,2,39,004,48,3,58,184,25,4,,,28,1*58
$GPGSV,4,2,13,5,,,24,6,,,24,9,22,281,19,10,,,25,1*6F
$GPGSV,4,3,13,13,,,26,16,05,051,,17,12,263,19,28,17,139,28,1*56
$GPGSV,4,4,13,31,43,122,43,1*55
$GPRMC,015455.10,A,3001.73631,S,05112.73806,W,0.66,0.00,090926,,,A,V*21
$GPGGA,015456.10,3001.73602,S,05112.73745,W,1,06,1.29,94.93,M,,M,,*43
$GPGLL,3001.73602,S,05112.73745,W,015456.10,A,A*63
$GPGSA,A,3,01,02,03,09,28,31,,,,,,,2.32,1.29,1.93,1*1C
$GPGSV,4,1,13,1,65,351,40,2,39,004,48,3,58,184,26,4,,,25,1*56
$GPGSV,4,2,13,5,,,24,6,,,25,9,22,281,20,10,,,25,1*64
$GPGSV,4,3,13,13,,,25,16,05,051,,17,12,263,19,28,17,139,28,1*55
$GPGSV,4,4,13,31,43,122,43,1*55
$GPRMC,015456.10,A,3001.73602,S,05112.73745,W,1.08,0.00,090926,,,A,V*23
$GPGGA,015457.10,3001.73573,S,05112.73698,W,1,06,1.29,95.28,M,,M,,*47
$GPGLL,3001.73573,S,05112.73698,W,015457.10,A,A*66
$GPGSA,A,3,01,02,03,09,28,31,,,,,,,2.32,1.29,1.93,1*1C
$GPGSV,3,1,12,1,65,351,40,2,39,004,48,3,58,184,26,4,,,25,1*50
$GPGSV,3,2,12,6,,,24,9,22,281,20,10,,,24,13,,,24,1*55
$GPGSV,3,3,12,16,05,051,,17,12,263,19,28,17,139,28,31,43,122,43,1*65
$GPRMC,015457.10,A,3001.73573,S,05112.73698,W,0.13,0.00,090926,,,A,V*2D
$GPGGA,015458.10,3001.73556,S,05112.73658,W,1,06,1.29,95.34,M,,M,,*4E
$GPGLL,3001.73556,S,05112.73658,W,015458.10,A,A*62
$GPGSA,A,3,01,02,03,09,28,31,,,,,,,2.32,1.29,1.93,1*1C
$GPGSV,3,1,9,1,65,351,40,2,39,004,48,3,58,184,26,9,22,281,20,1*59
$GPGSV,3,2,9,13,,,25,16,05,051,,17,12,263,19,28,17,139,28,1*68
$GPGSV,3,3,9,31,43,122,43,1*6E
$GPRMC,015458.10,A,3001.73556,S,05112.73658,W,0.35,0.00,090926,,,A,V*2D
$GPGGA,015459.10,3001.73530,S,05112.73606,W,1,06,1.29,95.32,M,,M,,*42
$GPGLL,3001.73530,S,05112.73606,W,015459.10,A,A*68
$GPGSA,A,3,01,02,03,09,28,31,,,,,,,2.32,1.29,1.93,1*1C
$GPGSV,2,1,8,1,65,351,40,2,39,004,48,3,58,184,26,9,22,281,20,1*59
$GPGSV,2,2,8,16,05,051,,17,12,263,18,28,17,139,28,31,43,122,43,1*5F
$GPRMC,015459.10,A,3001.73530,S,05112.73606,W,0.10,0.00,090926,,,A,V*20
$GPGGA,015500.10,3001.73508,S,05112.73565,W,1,06,1.29,95.35,M,,M,,*45
$GPGLL,3001.73508,S,05112.73565,W,015500.10,A,A*68
$GPGSA,A,3,01,02,03,09,28,31,,,,,,,2.32,1.29,1.93,1*1C
$GPGSV,2,1,8,1,65,351,40,2,39,004,48,3,58,184,26,9,22,281,21,1*58
$GPGSV,2,2,8,16,05,051,,17,12,263,19,28,17,139,28,31,43,122,43,1*5E
$GPRMC,015500.10,A,3001.73508,S,05112.73565,W,0.21,0.00,090926,,,A,V*22
$GPGGA,015501.10,3001.73499,S,05112.73548,W,1,06,1.29,95.21,M,,M,,*47
$GPGLL,3001.73499,S,05112.73548,W,015501.10,A,A*6F
$GPGSA,A,3,01,02,03,09,28,31,,,,,,,2.32,1.29,1.93,1*1C
$GPGSV,3,1,9,1,65,351,40,2,39,004,48,3,58,184,26,9,22,281,21,1*58
$GPGSV,3,2,9,16,05,051,,17,12,263,17,22,,,31,28,17,139,28,1*61
$GPGSV,3,3,9,31,43,122,43,1*6E
$GPRMC,015501.10,A,3001.73499,S,05112.73548,W,0.24,0.00,090926,,,A,V*20
$GPGGA,015502.10,3001.73495,S,05112.73530,W,1,06,1.29,95.18,M,,M,,*4D
$GPGLL,3001.73495,S,05112.73530,W,015502.10,A,A*6F
$GPGSA,A,3,01,02,03,09,28,31,,,,,,,2.32,1.29,1.93,1*1C
$GPGSV,3,1,10,1,65,351,40,2,39,004,48,3,58,184,26,4,,,30,1*56
$GPGSV,3,2,10,9,22,281,21,16,05,051,,17,12,263,18,22,,,26,1*6C
$GPGSV,3,3,10,28,17,139,28,31,43,122,43,1*6B
$GPRMC,015502.10,A,3001.73495,S,05112.73530,W,0.03,0.00,090926,,,A,V*25
$GPGGA,015503.10,3001.73503,S,05112.73554,W,1,06,1.29,94.68,M,,M,,*46
$GPGLL,3001.73503,S,05112.73554,W,015503.10,A,A*62
$GPGSA,A,3,01,02,03,09,28,31,,,,,,,2.32,1.29,1.93,1*1C
$GPGSV,3,1,12,1,65,351,40,2,39,004,48,3,58,184,26,4,,,26,1*53
$GPGSV,3,2,12,5,,,30,9,22,281,21,11,,,27,16,05,051,,1*62
$GPGSV,3,3,12,17,12,263,19,22,,,24,28,17,139,28,31,43,122,43,1*55
$GPRMC,015503.10,A,3001.73503,S,05112.73554,W,0.05,0.00,090926,,,A,V*2E
$GPGGA,015504.10,3001.73489,S,05112.73530,W,1,06,1.29,94.59,M,,M,,*42
$GPGLL,3001.73489,S,05112.73530,W,015504.10,A,A*64
$GPGSA,A,3,01,02,03,09,28,31,,,,,,,2.32,1.29,1.93,1*1C
$GPGSV,3,1,10,1,65,351,40,2,39,004,48,3,58,184,26,4,,,25,1*52
$GPGSV,3,2,10,5,,,26,9,22,281,21,16,05,051,,17,12,263,18,1*59
$GPGSV,3,3,10,28,17,139,28,31,43,122,43,1*6B
$GPRMC,015504.10,A,3001.73489,S,05112.73530,W,0.21,0.00,090926,,,A,V*2E
$GPGGA,015505.10,3001.73472,S,05112.73480,W,1,06,1.29,94.69,M,,M,,*4E
$GPGLL,3001.73472,S,05112.73480,W,015505.10,A,A*6B
$GPGSA,A,3,01,02,03,09,28,31,,,,,,,2.32,1.29,1.93,1*1C
$GPGSV,3,1,12,1,65,351,40,2,39,004,48,3,58,184,26,4,,,24,1*51
$GPGSV,3,2,12,5,,,25,7,,,26,9,22,281,21,13,,,26,1*60
$GPGSV,3,3,12,16,05,051,,17,12,263,18,28,17,139,28,31,43,122,43,1*64
$GPRMC,015505.10,A,3001.73472,S,05112.73480,W,0.45,0.00,090926,,,A,V*23
$GPGGA,015506.10,3001.73458,S,05112.73454,W,1,06,1.29,94.87,M,,M,,*4C
$GPGLL,3001.73458,S,05112.73454,W,015506.10,A,A*69
$GPGSA,A,3,01,02,03,09,28,31,,,,,,,2.32,1.29,1.93,1*1C
$GPGSV,3,1,10,1,65,351,40,2,39,004,48,3,58,184,26,5,,,25,1*53
$GPGSV,3,2,10,9,22,281,21,13,,,25,16,05,051,,17,12,263,17,1*62
$GPGSV,3,3,10,28,17,139,28,31,43,122,43,1*6B
$GPRMC,015506.10,A,3001.73458,S,05112.73454,W,0.25,0.00,090926,,,A,V*27
$GPGGA,015507.10,3001.73447,S,05112.73435,W,1,06,1.29,94.76,M,,M,,*4A
$GPGLL,3001.73447,S,05112.73435,W,015507.10,A,A*61
$GPGSA,A,3,01,02,03,09,28,31,,,,,,,2.32,1.29,1.93,1*1C
$GPGSV,3,1,9,1,65,351,40,2,39,004,48,3,58,184,26,9,22,281,22,1*5B
$GPGSV,3,2,9,13,,,24,16,05,051,,17,12,263,15,28,17,139,28,1*65
$GPGSV,3,3,9,31,43,122,43,1*6E
$GPRMC,015507.10,A,3001.73447,S,05112.73435,W,0.07,0.00,090926,,,A,V*2F
$GPGGA,015508.10,3001.73455,S,05112.73439,W,1,06,1.29,94.40,M,,M,,*4F
$GPGLL,3001.73455,S,05112.73439,W,015508.10,A,A*61
$GPGSA,A,3,01,02,03,09,28,31,,,,,,,2.32,1.29,1.93,1*1C
$GPGSV,3,1,9,1,65,351,40,2,39,004,48,3,58,184,26,9,22,281,21,1*58
$GPGSV,3,2,9,13,,,25,16,05,051,,17,12,263,14,28,17,139,28,1*65
$GPGSV,3,3,9,31,43,122,43,1*6E
$GPRMC,015508.10,A,3001.73455,S,05112.73439,W,0.05,0.00,090926,,,A,V*2D
$GPGGA,015509.10,3001.73472,S,05112.73472,W,1,06,1.29,94.12,M,,M,,*43
$GPGLL,3001.73472,S,05112.73472,W,015509.10,A,A*6A
$GPGSA,A,3,01,02,03,09,28,31,,,,,,,2.32,1.29,1.93,1*1C
$GPGSV,2,1,8,1,65,351,40,2,39,004,48,3,58,184,26,9,22,281,21,1*58
$GPGSV,2,2,8,16,05,051,,17,12,263,13,28,17,139,28,31,43,122,43,1*54
$GPRMC,015509.10,A,3001.73472,S,05112.73472,W,0.33,0.00,090926,,,A,V*23
$GPGGA,015510.10,3001.73489,S,05112.73512,W,1,06,1.29,93.95,M,,M,,*40
$GPGLL,3001.73489,S,05112.73512,W,015510.10,A,A*61
$GPGSA,A,3,01,02,03,09,28,31,,,,,,,2.32,1.29,1.93,1*1C
$GPGSV,2,1,8,1,65,351,40,2,39,004,48,3,58,184,26,9,22,281,20,1*59
$GPGSV,2,2,8,16,05,051,,17,12,263,12,28,17,139,28,31,43,122,43,1*55
$GPRMC,015510.10,A,3001.73489,S,05112.73512,W,0.44,0.00,090926,,,A,V*28
$GPGGA,015511.10,3001.73507,S,05112.73550,W,1,06,1.29,93.61,M,,M,,*4B
$GPGLL,3001.73507,S,05112.73550,W,015511.10,A,A*61
$GPGSA,A,3,01,02,03,09,28,31,,,,,,,2.32,1.29,1.93,1*1C
$GPGSV,2,1,8,1,65,351,40,2,39,004,48,3,58,184,26,9,22,281,20,1*59
$GPGSV,2,2,8,16,05,051,,17,12,263,10,28,17,139,28,31,43,122,43,1*57
$GPRMC,015511.10,A,3001.73507,S,05112.73550,W,0.24,0.00,090926,,,A,V*2E
$GPGGA,015512.10,3001.73518,S,05112.73573,W,1,06,1.29,93.29,M,,M,,*4B
$GPGLL,3001.73518,S,05112.73573,W,015512.10,A,A*6D
$GPGSA,A,3,01,02,03,09,28,31,,,,,,,2.32,1.29,1.93,1*1C
$GPGSV,3,1,9,1,65,351,40,2,39,004,48,3,58,184,26,5,,,27,1*69
$GPGSV,3,2,9,9,22,281,20,16,05,051,,17,12,263,13,28,17,139,28,1*67
$GPGSV,3,3,9,31,43,122,43,1*6E
$GPRMC,015512.10,A,3001.73518,S,05112.73573,W,0.28,0.00,090926,,,A,V*2E
$GPGGA,015513.10,3001.73516,S,05112.73554,W,1,06,1.29,93.36,M,,M,,*4F
$GPGLL,3001.73516,S,05112.73554,W,015513.10,A,A*67
$GPGSA,A,3,01,02,03,09,28,31,,,,,,,2.32,1.29,1.93,1*1C
$GPGSV,3,1,10,1,65,351,40,2,39,004,48,3,58,184,26,4,,,27,1*50
$GPGSV,3,2,10,5,,,26,9,22,281,19,16,05,051,,17,12,263,13,1*59
$GPGSV,3,3,10,28,17,139,28,31,43,122,43,1*6B
$GPRMC,015513.10,A,3001.73516,S,05112.73554,W,0.34,0.00,090926,,,A,V*29
$GPGGA,015514.10,3001.73528,S,05112.73568,W,1,06,1.29,93.19,M,,M,,*47
$GPGLL,3001.73528,S,05112.73568,W,015514.10,A,A*62
$GPGSA,A,3,01,02,03,09,28,31,,,,,,,2.32,1.29,1.93,1*1C
$GPGSV,3,1,12,1,65,351,39,2,38,005,48,3,58,184,26,4,,,33,1*59
$GPGSV,3,2,12,5,,,25,8,,,28,9,22,281,19,16,06,051,,1*59
$GPGSV,3,3,12,17,12,263,05,28,17,139,28,31,43,123,43,32,,,26,1*5A
$GPRMC,015514.10,A,3001.73528,S,05112.73568,W,0.12,0.00,090926,,,A,V*28
$GPGGA,015515.10,3001.73525,S,05112.73548,W,1,06,1.29,93.03,M,,M,,*42
$GPGLL,3001.73525,S,05112.73548,W,015515.10,A,A*6C
$GPGSA,A,3,01,02,03,09,28,31,,,,,,,2.32,1.29,1.93,1*1C
$GPGSV,3,1,11,1,65,351,39,2,38,005,47,3,58,184,26,4,,,25,1*52
$GPGSV,3,2,11,5,,,25,9,22,281,18,16,06,051,,17,12,263,08,1*53
$GPGSV,3,3,11,28,17,139,28,31,43,123,43,32,,,25,1*6D
$GPRMC,015515.10,A,3001.73525,S,05112.73548,W,0.31,0.00,090926,,,A,V*27
$GPGGA,015516.10,3001.73522,S,05112.73539,W,1,06,1.29,92.93,M,,M,,*48
$GPGLL,3001.73522,S,05112.73539,W,015516.10,A,A*6E
$GPGSA,A,3,01,02,03,09,28,31,,,,,,,2.32,1.29,1.93,1*1C
$GPGSV,3,1,12,1,65,351,39,2,38,005,47,3,58,184,26,4,,,25,1*51
$GPGSV,3,2,12,5,,,25,9,22,281,16,11,,,33,16,06,051,,1*64
$GPGSV,3,3,12,17,12,263,06,28,17,139,28,31,43,123,42,32,,,25,1*5B
$GPRMC,015516.10,A,3001.73522,S,05112.73539,W,0.04,0.00,090926,,,A,V*23
$GPGGA,015517.10,3001.73508,S,05112.73503,W,1,06,1.29,93.05,M,,M,,*46
$GPGLL,3001.73508,S,05112.73503,W,015517.10,A,A*6E
$GPGSA,A,3,01,02,03,09,28,31,,,,,,,2.32,1.29,1.93,1*1C
$GPGSV,3,1,10,1,65,351,39,2,38,005,48,3,58,184,26,4,,,25,1*5C
$GPGSV,3,2,10,9,22,281,17,11,,,26,16,06,051,,17,12,263,12,1*60
$GPGSV,3,3,10,28,17,139,28,31,43,123,42,1*6B
$GPRMC,015517.10,A,3001.73508,S,05112.73503,W,0.08,0.00,090926,,,A,V*2F
$GPGGA,015518.10,3001.73510,S,05112.73514,W,1,06,1.29,93.10,M,,M,,*42
$GPGLL,3001.73510,S,05112.73514,W,015518.10,A,A*6E
$GPGSA,A,3,01,02,03,09,28,31,,,,,,,2.32,1.29,1.93,1*1C
$GPGSV,3,1,9,1,65,351,39,2,38,005,48,3,58,184,26,9,22,281,16,1*52
$GPGSV,3,2,9,11,,,25,16,06,051,,17,12,263,08,28,17,139,28,1*69
$GPGSV,3,3,9,31,43,123,42,1*6E
$GPRMC,015518.10,A,3001.73510,S,05112.73514,W,0.72,0.00,090926,,,A,V*22
$GPGGA,015519.10,3001.73509,S,05112.73510,W,1,06,1.29,92.95,M,,M,,*43
$GPGLL,3001.73509,S,05112.73510,W,015519.10,A,A*63
$GPGSA,A,3,01,02,03,09,28,31,,,,,,,2.32,1.29,1.93,1*1C
$GPGSV,3,1,10,1,65,351,39,2,38,005,48,3,58,184,26,6,,,27,1*5C
$GPGSV,3,2,10,9,22,281,15,11,,,25,16,06,051,,17,12,263,00,1*62
$GPGSV,3,3,10,28,17,139,28,31,43,123,42,1*6B
$GPRMC,015519.10,A,3001.73509,S,05112.73510,W,0.12,0.00,090926,,,A,V*29
$GPGGA,015520.10,3001.73536,S,05112.73561,W,1,06,1.29,92.43,M,,M,,*48
$GPGLL,3001.73536,S,05112.73561,W,015520.10,A,A*63
$GPGSA,A,3,01,02,03,09,28,31,,,,,,,2.32,1.29,1.93,1*1C
$GPGSV,3,1,10,1,65,351,39,2,38,005,48,3,58,184,26,6,,,25,1*5E
$GPGSV,3,2,10,7,,,28,9,22,281,16,16,06,051,,17,12,263,07,1*5C
$GPGSV,3,3,10,28,17,139,28,31,43,123,42,1*6B
$GPRMC,015520.10,A,3001.73536,S,05112.73561,W,0.17,0.00,090926,,,A,V*2C
$GPGGA,015521.10,3001.73520,S,05112.73534,W,1,06,1.29,92.51,M,,M,,*4D
$GPGLL,3001.73520,S,05112.73534,W,015521.10,A,A*65
$GPGSA,A,3,01,02,03,09,28,31,,,,,,,2.32,1.29,1.93,1*1C
$GPGSV,3,1,11,1,65,351,39,2,38,005,48,3,58,184,26,6,,,25,1*5F
$GPGSV,3,2,11,7,,,25,9,22,281,16,16,06,051,,17,12,263,08,1*5F
$GPGSV,3,3,11,28,17,139,28,31,43,123,42,201,,,27,1*5C
$GPRMC,015521.10,A,3001.73520,S,05112.73534,W,0.03,0.00,090926,,,A,V*2F
$GPGGA,015522.10,3001.73512,S,05112.73514,W,1,06,1.29,92.53,M,,M,,*4F
$GPGLL,3001.73512,S,05112.73514,W,015522.10,A,A*65
$GPGSA,A,3,01,02,03,09,28,31,,,,,,,2.32,1.29,1.93,1*1C
$GPGSV,3,1,11,1,65,351,39,2,38,005,48,3,58,184,26,6,,,25,1*5F
$GPGSV,3,2,11,7,,,25,9,22,281,16,11,,,26,16,06,051,,1*61
$GPGSV,3,3,11,17,12,263,09,28,17,139,28,31,43,123,42,1*51
$GPRMC,015522.10,A,3001.73512,S,05112.73514,W,0.12,0.00,090926,,,A,V*2F
$GPGGA,015523.10,3001.73504,S,05112.73472,W,1,06,1.29,92.85,M,,M,,*43
$GPGLL,3001.73504,S,05112.73472,W,015523.10,A,A*62
$GPGSA,A,3,01,02,03,09,28,31,,,,,,,2.32,1.29,1.93,1*1C
$GPGSV,3,1,12,1,65,351,39,2,38,005,48,3,58,184,26,4,,,26,1*5D
$GPGSV,3,2,12,7,,,25,9,22,281,15,11,,,25,16,06,051,,1*62
$GPGSV,3,3,12,17,12,263,10,19,,,27,28,17,139,28,31,43,123,42,1*57
$GPRMC,015523.10,A,3001.73504,S,05112.73472,W,0.14,0.00,090926,,,A,V*2E
$GPGGA,015524.10,3001.73496,S,05112.73456,W,1,06,1.28,92.94,M,,M,,*49
$GPGLL,3001.73496,S,05112.73456,W,015524.10,A,A*69
$GPGSA,A,3,01,02,03,09,28,31,,,,,,,2.32,1.28,1.93,1*1D
$GPGSV,4,1,13,1,65,351,39,2,38,005,48,3,58,184,26,4,,,25,1*58
$GPGSV,4,2,13,5,,,27,7,,,25,9,22,281,14,11,,,33,1*67
$GPGSV,4,3,13,16,06,051,,17,12,263,14,19,,,25,28,17,139,28,1*51
$GPGSV,4,4,13,31,43,123,42,1*55
$GPRMC,015524.10,A,3001.73496,S,05112.73456,W,0.11,0.00,090926,,,A,V*20
$GPGGA,015525.10,3001.73486,S,05112.73424,W,1,06,1.28,93.06,M,,M,,*46
$GPGLL,3001.73486,S,05112.73424,W,015525.10,A,A*6C
$GPGSA,A,3,01,02,03,09,28,31,,,,,,,2.32,1.28,1.93,1*1D
$GPGSV,4,1,13,1,65,351,39,2,38,005,48,3,58,184,26,4,,,25,1*58
$GPGSV,4,2,13,5,,,25,8,,,28,9,22,281,14,11,,,25,1*60
$GPGSV,4,3,13,16,06,051,,17,12,263,15,19,,,25,28,17,139,28,1*50
$GPGSV,4,4,13,31,43,123,42,1*55
$GPRMC,015525.10,A,3001.73486,S,05112.73424,W,0.40,0.00,090926,,,A,V*21
$GPGGA,015526.10,3001.73470,S,05112.73398,W,1,06,1.28,93.23,M,,M,,*4B
$GPGLL,3001.73470,S,05112.73398,W,015526.10,A,A*66
$GPGSA,A,3,01,02,03,09,28,31,,,,,,,2.32,1.28,1.93,1*1D
$GPGSV,3,1,12,1,65,351,39,2,38,005,47,3,58,184,26,5,,,25,1*50
$GPGSV,3,2,12,8,,,25,9,22,281,15,11,,,24,16,06,051,,1*6C
$GPGSV,3,3,12,17,12,263,16,19,,,24,28,17,139,28,31,43,123,42,1*52
$GPRMC,015526.10,A,3001.73470,S,05112.73398,W,0.12,0.00,090926,,,A,V*2C
$GPGGA,015527.10,3001.73473,S,05112.73404,W,1,06,1.28,92.93,M,,M,,*41
$GPGLL,3001.73473,S,05112.73404,W,015527.10,A,A*66
$GPGSA,A,3,01,02,03,09,28,31,,,,,,,2.32,1.28,1.93,1*1D
$GPGSV,3,1,11,1,65,351,39,2,38,005,47,3,58,184,26,5,,,25,1*53
$GPGSV,3,2,11,8,,,25,9,22,281,16,11,,,25,16,06,051,,1*6D
$GPGSV,3,3,11,17,12,263,16,28,17,139,28,31,43,123,42,1*5F
$GPRMC,015527.10,A,3001.73473,S,05112.73404,W,0.20,0.00,090926,,,A,V*2D
$GPGGA,015528.10,3001.73479,S,05112.73427,W,1,06,1.28,92.88,M,,M,,*4F
$GPGLL,3001.73479,S,05112.73427,W,015528.10,A,A*62
$GPGSA,A,3,01,02,03,09,28,31,,,,,,,2.32,1.28,1.93,1*1D
$GPGSV,3,1,9,1,65,351,39,2,38,005,48,3,58,184,26,8,,,25,1*68
$GPGSV,3,2,9,9,22,281,16,16,06,051,,17,12,263,16,28,17,139,28,1*64
$GPGSV,3,3,9,31,43,123,43,1*6F
$GPRMC,015528.10,A,3001.73479,S,05112.73427,W,0.72,0.00,090926,,,A,V*2E
$GPGGA,015529.10,3001.73469,S,05112.73419,W,1,06,1.28,92.90,M,,M,,*4B
$GPGLL,3001.73469,S,05112.73419,W,015529.10,A,A*6F
$GPGSA,A,3,01,02,03,09,28,31,,,,,,,2.32,1.28,1.93,1*1D
$GPGSV,3,1,9,1,65,351,39,2,38,005,48,3,58,184,26,8,,,25,1*68
$GPGSV,3,2,9,9,22,281,16,16,06,051,,17,12,263,16,28,17,139,28,1*64
$GPGSV,3,3,9,31,43,123,43,1*6F
$GPRMC,015529.10,A,3001.73469,S,05112.73419,W,0.26,0.00,090926,,,A,V*22
$GPGGA,015530.10,3001.73459,S,05112.73397,W,1,06,1.28,92.98,M,,M,,*49
$GPGLL,3001.73459,S,05112.73397,W,015530.10,A,A*65
$GPGSA,A,3,01,02,03,09,28,31,,,,,,,2.32,1.28,1.93,1*1D
$GPGSV,3,1,9,1,65,351,39,2,38,005,48,3,58,184,26,4,,,28,1*69
$GPGSV,3,2,9,9,22,281,18,16,06,051,,17,12,263,17,28,17,139,28,1*6B
$GPGSV,3,3,9,31,43,123,43,1*6F
$GPRMC,015530.10,A,3001.73459,S,05112.73397,W,0.13,0.00,090926,,,A,V*2E
$GPGGA,015531.10,3001.73469,S,05112.73419,W,1,06,1.28,92.82,M,,M,,*41
$GPGLL,3001.73469,S,05112.73419,W,015531.10,A,A*66
$GPGSA,A,3,01,02,03,09,28,31,,,,,,,2.32,1.28,1.93,1*1D
$GPGSV,3,1,9,1,65,351,39,2,38,005,48,3,58,184,25,4,,,25,1*67
$GPGSV,3,2,9,9,22,281,19,16,06,051,,17,12,263,16,28,17,139,29,1*6A
$GPGSV,3,3,9,31,43,123,43,1*6F
$GPRMC,015531.10,A,3001.73469,S,05112.73419,W,0.52,0.00,090926,,,A,V*28
$GPGGA,015532.10,3001.73473,S,05112.73429,W,1,06,1.28,92.60,M,,M,,*46
$GPGLL,3001.73473,S,05112.73429,W,015532.10,A,A*6D
$GPGSA,A,3,01,02,03,09,28,31,,,,,,,2.32,1.28,1.93,1*1D
$GPGSV,3,1,11,1,65,351,39,2,38,005,48,3,58,184,25,4,,,25,1*5E
$GPGSV,3,2,11,7,,,27,9,22,281,19,16,06,051,,17,12,263,16,1*5D
$GPGSV,3,3,11,23,,,27,28,17,139,28,31,43,123,43,1*6F
$GPRMC,015532.10,A,3001.73473,S,05112.73429,W,0.08,0.00,090926,,,A,V*2C
$GPGGA,015533.10,3001.73468,S,05112.73427,W,1,06,1.28,93.01,M,,M,,*45
$GPGLL,3001.73468,S,05112.73427,W,015533.10,A,A*68
$GPGSA,A,3,01,02,03,09,28,31,,,,,,,2.32,1.28,1.93,1*1D
$GPGSV,4,1,13,1,65,351,38,2,38,005,48,3,58,184,25,4,,,24,1*5B
$GPGSV,4,2,13,7,,,25,9,22,281,20,11,,,27,16,06,051,,1*60
$GPGSV,4,3,13,17,12,263,17,23,,,25,24,,,29,28,17,139,28,1*63
$GPGSV,4,4,13,31,43,123,43,1*54
$GPRMC,015533.10,A,3001.73468,S,05112.73427,W,0.05,0.00,090926,,,A,V*24
$GPGGA,015534.10,3001.73460,S,05112.73422,W,1,06,1.28,93.02,M,,M,,*4C
$GPGLL,3001.73460,S,05112.73422,W,015534.10,A,A*62
$GPGSA,A,3,01,02,03,09,28,31,,,,,,,2.32,1.28,1.93,1*1D
$GPGSV,3,1,9,1,65,351,38,2,38,005,48,3,58,184,25,9,22,281,20,1*55
$GPGSV,3,2,9,16,06,051,,17,12,263,17,24,,,25,28,17,139,28,1*61
$GPGSV,3,3,9,31,43,123,43,1*6F
$GPRMC,015534.10,A,3001.73460,S,05112.73422,W,0.72,0.00,090926,,,A,V*2E
$GPGGA,015535.10,3001.73450,S,05112.73393,W,1,06,1.28,93.17,M,,M,,*47
$GPGLL,3001.73450,S,05112.73393,W,015535.10,A,A*6D
$GPGSA,A,3,01,02,03,09,28,31,,,,,,,2.32,1.28,1.93,1*1D
$GPGSV,3,1,9,1,65,351,38,2,38,005,48,3,58,184,25,9,22,281,20,1*55
$GPGSV,3,2,9,16,06,051,,17,12,263,17,24,,,25,28,17,139,28,1*61
$GPGSV,3,3,9,31,43,123,43,1*6F
$GPRMC,015535.10,A,3001.73450,S,05112.73393,W,0.31,0.00,090926,,,A,V*26
$GPGGA,015536.10,3001.73452,S,05112.73411,W,1,06,1.28,93.03,M,,M,,*4E
$GPGLL,3001.73452,S,05112.73411,W,015536.10,A,A*61
$GPGSA,A,3,01,02,03,09,28,31,,,,,,,2.32,1.28,1.93,1*1D
$GPGSV,3,1,9,1,65,351,38,2,38,005,48,3,58,184,25,9,22,281,21,1*54
$GPGSV,3,2,9,16,06,051,,17,12,263,16,24,,,25,28,17,139,28,1*60
$GPGSV,3,3,9,31,43,123,43,1*6F
$GPRMC,015536.10,A,3001.73452,S,05112.73411,W,0.50,0.00,090926,,,A,V*2D
$GPGGA,015537.10,3001.73465,S,05112.73457,W,1,06,1.28,93.60,M,,M,,*4C
$GPGLL,3001.73465,S,05112.73457,W,015537.10,A,A*66
$GPGSA,A,3,01,02,03,09,28,31,,,,,,,2.32,1.28,1.93,1*1D
$GPGSV,2,1,8,1,65,351,38,2,38,005,48,3,58,184,25,9,22,281,22,1*57
$GPGSV,2,2,8,16,06,051,,17,12,263,17,28,17,139,28,31,43,123,43,1*52
$GPRMC,015537.10,A,3001.73465,S,05112.73457,W,0.65,0.00,090926,,,A,V*2C
$GPGGA,015538.10,3001.73474,S,05112.73491,W,1,06,1.28,93.17,M,,M,,*49
$GPGLL,3001.73474,S,05112.73491,W,015538.10,A,A*63
$GPGSA,A,3,01,02,03,09,28,31,,,,,,,2.32,1.28,1.93,1*1D
$GPGSV,3,1,10,1,65,351,38,2,38,005,48,3,58,184,24,9,22,281,22,1*6E
$GPGSV,3,2,10,10,,,26,16,06,051,,17,12,263,17,25,,,29,1*6C
$GPGSV,3,3,10,28,17,139,28,31,43,123,43,1*6A
$GPRMC,015538.10,A,3001.73474,S,05112.73491,W,0.18,0.00,090926,,,A,V*23
$GPGGA,015539.10,3001.73470,S,05112.73471,W,1,06,1.28,93.69,M,,M,,*4B
$GPGLL,3001.73470,S,05112.73471,W,015539.10,A,A*68
$GPGSA,A,3,01,02,03,09,28,31,,,,,,,2.32,1.28,1.93,1*1D
$GPGSV,3,1,12,1,65,351,38,2,38,005,48,3,58,184,24,9,22,281,22,1*6C
$GPGSV,3,2,12,10,,,25,16,06,051,,17,12,263,17,22,,,28,1*6B
$GPGSV,3,3,12,23,,,30,25,,,26,28,17,139,28,31,43,123,43,1*69
$GPRMC,015539.10,A,3001.73470,S,05112.73471,W,0.14,0.00,090926,,,A,V*24
$GPGGA,015540.10,3001.73483,S,05112.73496,W,1,06,1.28,94.37,M,,M,,*4C
$GPGLL,3001.73483,S,05112.73496,W,015540.10,A,A*63
$GPGSA,A,3,01,02,03,09,28,31,,,,,,,2.32,1.28,1.93,1*1D
$GPGSV,3,1,9,1,65,351,37,2,38,005,48,3,58,184,24,9,22,281,22,1*59
$GPGSV,3,2,9,13,,,27,16,06,051,,17,12,263,18,28,17,139,28,1*68
$GPGSV,3,3,9,31,43,123,43,1*6F
$GPRMC,015540.10,A,3001.73483,S,05112.73496,W,0.87,0.00,090926,,,A,V*25
$GPGGA,015541.10,3001.73489,S,05112.73512,W,1,06,1.28,95.03,M,,M,,*4C
$GPGLL,3001.73489,S,05112.73512,W,015541.10,A,A*65
$GPGSA,A,3,01,02,03,09,28,31,,,,,,,2.31,1.28,1.93,1*1E
$GPGSV,3,1,10,1,65,351,37,2,38,005,48,3,58,184,24,7,,,26,1*50
$GPGSV,3,2,10,9,22,281,22,13,,,26,16,06,051,,17,12,263,18,1*6E
$GPGSV,3,3,10,28,17,139,28,31,43,123,43,1*6A
$GPRMC,015541.10,A,3001.73489,S,05112.73512,W,0.07,0.00,090926,,,A,V*2B
$GPGGA,015542.10,3001.73485,S,05112.73491,W,1,06,1.28,95.69,M,,M,,*45
$GPGLL,3001.73485,S,05112.73491,W,015542.10,A,A*60
$GPGSA,A,3,01,02,03,09,28,31,,,,,,,2.31,1.28,1.93,1*1E
$GPGSV,3,1,9,1,65,351,37,2,38,005,48,3,58,184,24,9,22,281,22,1*59
$GPGSV,3,2,9,11,,,27,16,06,051,,17,12,263,20,28,17,139,28,1*61
$GPGSV,3,3,9,31,43,123,43,1*6F
$GPRMC,015542.10,A,3001.73485,S,05112.73491,W,0.32,0.00,090926,,,A,V*28
$GPGGA,015543.10,3001.73485,S,05112.73471,W,1,06,1.28,96.13,M,,M,,*44
$GPGLL,3001.73485,S,05112.73471,W,015543.10,A,A*6F
$GPGSA,A,3,01,02,03,09,28,31,,,,,,,2.31,1.28,1.93,1*1E
$GPGSV,3,1,10,1,65,351,37,2,38,005,48,3,58,184,24,7,,,34,1*53
$GPGSV,3,2,10,9,22,281,22,11,,,25,16,06,051,,17,12,263,19,1*6E
$GPGSV,3,3,10,28,17,139,28,31,43,123,43,1*6A
$GPRMC,015543.10,A,3001.73485,S,05112.73471,W,0.09,0.00,090926,,,A,V*2F
$GPGGA,015544.10,3001.73480,S,05112.73470,W,1,06,1.28,96.85,M,,M,,*48
$GPGLL,3001.73480,S,05112.73470,W,015544.10,A,A*6C
$GPGSA,A,3,01,02,03,09,28,31,,,,,,,2.31,1.28,1.93,1*1E
$GPGSV,3,1,10,1,65,351,36,2,38,005,48,3,58,184,24,7,,,26,1*51
$GPGSV,3,2,10,9,22,281,22,11,,,25,16,06,051,,17,12,263,19,1*6E
$GPGSV,3,3,10,28,17,139,28,31,43,123,43,1*6A
$GPRMC,015544.10,A,3001.73480,S,05112.73470,W,0.08,0.00,090926,,,A,V*2D
$GPGGA,015545.10,3001.73479,S,05112.73474,W,1,06,1.28,97.39,M,,M,,*4D
$GPGLL,3001.73479,S,05112.73474,W,015545.10,A,A*6F
$GPGSA,A,3,01,02,03,09,28,31,,,,,,,2.31,1.28,1.93,1*1E
$GPGSV,3,1,10,1,65,351,36,2,38,005,48,3,58,184,24,7,,,24,1*53
$GPGSV,3,2,10,9,22,281,22,11,,,25,16,06,051,,17,12,263,18,1*6F
$GPGSV,3,3,10,28,17,139,28,31,43,123,43,1*6A
$GPRMC,015545.10,A,3001.73479,S,05112.73474,W,0.08,0.00,090926,,,A,V*2E
$GPGGA,015546.10,3001.73480,S,05112.73464,W,1,06,1.28,97.66,M,,M,,*43
$GPGLL,3001.73480,S,05112.73464,W,015546.10,A,A*6B
$GPGSA,A,3,01,02,03,09,28,31,,,,,,,2.31,1.28,1.93,1*1E
$GPGSV,3,1,9,1,65,351,36,2,38,005,48,3,58,184,24,7,,,25,1*6A
$GPGSV,3,2,9,9,22,281,22,16,06,051,,17,12,263,18,28,17,139,28,1*6D
$GPGSV,3,3,9,31,43,123,43,1*6F
$GPRMC,015546.10,A,3001.73480,S,05112.73464,W,0.36,0.00,090926,,,A,V*27
$GPGGA,015547.10,3001.73492,S,05112.73495,W,1,06,1.28,98.08,M,,M,,*48
$GPGLL,3001.73492,S,05112.73495,W,015547.10,A,A*67
$GPGSA,A,3,01,02,03,09,28,31,,,,,,,2.31,1.28,1.93,1*1E
$GPGSV,2,1,8,1,65,351,36,2,38,005,48,3,58,184,24,9,22,281,22,1*58
$GPGSV,2,2,8,16,06,051,,17,12,263,17,28,17,139,28,31,43,123,43,1*52
$GPRMC,015547.10,A,3001.73492,S,05112.73495,W,0.52,0.00,090926,,,A,V*29
$GPGGA,015548.10,3001.73500,S,05112.73501,W,1,06,1.28,98.82,M,,M,,*43
$GPGLL,3001.73500,S,05112.73501,W,015548.10,A,A*6E
$GPGSA,A,3,01,02,03,09,28,31,,,,,,,2.31,1.28,1.93,1*1E
$GPGSV,3,1,10,1,65,351,36,2,38,005,48,3,58,184,24,4,,,29,1*5D
$GPGSV,3,2,10,9,22,281,21,16,06,051,,17,12,263,16,28,17,139,28,1*58
$GPGSV,3,3,10,31,43,123,43,195,,,29,1*61
$GPRMC,015548.10,A,3001.73500,S,05112.73501,W,0.36,0.00,090926,,,A,V*22
$GPGGA,015549.10,3001.73503,S,05112.73507,W,1,06,1.28,99.51,M,,M,,*48
$GPGLL,3001.73503,S,05112.73507,W,015549.10,A,A*6A
$GPGSA,A,3,01,02,03,09,28,31,,,,,,,2.31,1.28,1.93,1*1E
$GPGSV,3,1,10,1,65,351,36,2,38,005,48,3,58,184,24,4,,,26,1*52
$GPGSV,3,2,10,9,22,281,21,16,06,051,,17,12,263,16,28,17,139,28,1*58
$GPGSV,3,3,10,31,43,123,43,195,,,25,1*6D
$GPRMC,015549.10,A,3001.73503,S,05112.73507,W,0.50,0.00,090926,,,A,V*26
$GPGGA,015550.10,3001.73506,S,05112.73507,W,1,06,1.28,100.06,M,,M,,*76
$GPGLL,3001.73506,S,05112.73507,W,015550.10,A,A*67
$GPGSA,A,3,01,02,03,09,28,31,,,,,,,2.31,1.28,1.93,1*1E
$GPGSV,3,1,12,1,65,351,36,2,38,005,48,3,58,184,25,4,,,25,1*52
$GPGSV,3,2,12,5,,,28,9,22,281,21,16,06,051,,17,12,263,16,1*58
$GPGSV,3,3,12,25,,,26,28,17,139,28,31,43,123,43,195,,,25,1*51
$GPRMC,015550.10,A,3001.73506,S,05112.73507,W,0.16,0.00,090926,,,A,V*29
$GPGGA,015551.10,3001.73498,S,05112.73495,W,1,06,1.28,100.75,M,,M,,*7F
$GPGLL,3001.73498,S,05112.73495,W,015551.10,A,A*6A
$GPGSA,A,3,01,02,03,09,28,31,,,,,,,2.31,1.28,1.93,1*1E
$GPGSV,3,1,12,1,65,351,36,2,38,005,48,3,58,184,25,4,,,25,1*52
$GPGSV,3,2,12,5,,,26,9,22,281,21,16,06,051,,17,12,263,16,1*56
$GPGSV,3,3,12,25,,,25,28,17,139,28,31,43,123,43,195,,,24,1*53
$GPRMC,015551.10,A,3001.73498,S,05112.73495,W,0.25,0.00,090926,,,A,V*24
$GPGGA,015552.10,3001.73505,S,05112.73492,W,1,06,1.28,100.99,M,,M,,*7C
$GPGLL,3001.73505,S,05112.73492,W,015552.10,A,A*6B
$GPGSA,A,3,01,02,03,09,28,31,,,,,,,2.31,1.28,1.93,1*1E
$GPGSV,3,1,10,1,65,351,36,2,38,005,48,3,58,184,25,5,,,25,1*51
$GPGSV,3,2,10,9,22,281,21,16,06,051,,17,12,263,17,25,,,25,1*64
$GPGSV,3,3,10,28,17,139,28,31,43,123,43,1*6A
$GPRMC,015552.10,A,3001.73505,S,05112.73492,W,0.60,0.00,090926,,,A,V*24
$GPGGA,015553.10,3001.73511,S,05112.73497,W,1,06,1.28,100.94,M,,M,,*70
$GPGLL,3001.73511,S,05112.73497,W,015553.10,A,A*6A
$GPGSA,A,3,01,02,03,09,28,31,,,,,,,2.31,1.28,1.93,1*1E
$GPGSV,3,1,10,1,65,351,36,2,38,005,48,3,58,184,25,5,,,25,1*51
$GPGSV,3,2,10,9,22,281,20,16,06,051,,17,12,263,17,25,,,25,1*65
$GPGSV,3,3,10,28,17,139,28,31,43,123,43,1*6A
$GPRMC,015553.10,A,3001.73511,S,05112.73497,W,0.12,0.00,090926,,,A,V*20
$GPGGA,015554.10,3001.73504,S,05112.73494,W,1,06,1.28,100.99,M,,M,,*7D
$GPGLL,3001.73504,S,05112.73494,W,015554.10,A,A*6A
$GPGSA,A,3,01,02,03,09,28,31,,,,,,,2.31,1.28,1.93,1*1E
$GPGSV,2,1,8,1,65,351,36,2,38,005,48,3,58,184,26,9,22,281,20,1*58
$GPGSV,2,2,8,16,06,051,,17,12,263,17,28,17,139,27,31,43,123,43,1*5D
$GPRMC,015554.10,A,3001.73504,S,05112.73494,W,0.55,0.00,090926,,,A,V*23
$GPGGA,015555.10,3001.73509,S,05112.73503,W,1,06,1.28,100.68,M,,M,,*70
$GPGLL,3001.73509,S,05112.73503,W,015555.10,A,A*69
$GPGSA,A,3,01,02,03,09,28,31,,,,,,,2.31,1.28,1.93,1*1E
$GPGSV,2,1,8,1,65,351,36,2,38,005,48,3,58,184,25,9,22,281,19,1*51
$GPGSV,2,2,8,16,06,051,,17,12,263,18,28,17,139,27,31,43,123,43,1*52
$GPRMC,015555.10,A,3001.73509,S,05112.73503,W,0.11,0.00,090926,,,A,V*20
$GPGGA,015556.10,3001.73502,S,05112.73493,W,1,06,1.28,100.76,M,,M,,*7F
$GPGLL,3001.73502,S,05112.73493,W,015556.10,A,A*69
$GPGSA,A,3,01,02,03,09,28,31,,,,,,,2.31,1.28,1.93,1*1E
$GPGSV,2,1,8,1,65,351,36,2,38,005,48,3,58,184,25,9,22,281,18,1*50
$GPGSV,2,2,8,16,06,051,,17,12,263,18,28,17,139,27,31,43,123,43,1*52
$GPRMC,015556.10,A,3001.73502,S,05112.73493,W,0.05,0.00,090926,,,A,V*25
$GPGGA,015557.10,3001.73505,S,05112.73502,W,1,06,1.28,100.43,M,,M,,*76
$GPGLL,3001.73505,S,05112.73502,W,015557.10,A,A*66
$GPGSA,A,3,01,02,03,09,28,31,,,,,,,2.31,1.28,1.93,1*1E
$GPGSV,3,1,9,1,65,351,36,2,38,005,48,3,58,184,25,6,,,26,1*69
$GPGSV,3,2,9,9,22,281,19,16,06,051,,17,12,263,18,28,17,139,27,1*6A
$GPGSV,3,3,9,31,43,123,43,1*6F
$GPRMC,015557.10,A,3001.73505,S,05112.73502,W,0.02,0.00,090926,,,A,V*2D
$GPGGA,015558.10,3001.73513,S,05112.73533,W,1,06,1.28,99.67,M,,M,,*4B
$GPGLL,3001.73513,S,05112.73533,W,015558.10,A,A*6C
$GPGSA,A,3,01,02,03,09,28,31,,,,,,,2.31,1.28,1.93,1*1E
$GPGSV,3,1,9,1,65,351,36,2,38,005,48,3,58,184,25,6,,,25,1*6A
$GPGSV,3,2,9,9,22,281,17,16,06,051,,17,12,263,19,28,17,139,27,1*65
$GPGSV,3,3,9,31,43,123,43,1*6F
$GPRMC,015558.10,A,3001.73513,S,05112.73533,W,0.41,0.00,090926,,,A,V*20
$GPGGA,015559.10,3001.73502,S,05112.73496,W,1,06,1.28,99.51,M,,M,,*41
$GPGLL,3001.73502,S,05112.73496,W,015559.10,A,A*63
$GPGSA,A,3,01,02,03,09,28,31,,,,,,,2.31,1.28,1.93,1*1E
$GPGSV,4,1,13,1,65,351,36,2,38,005,48,3,58,184,25,6,,,24,1*57
$GPGSV,4,2,13,7,,,25,9,22,281,16,13,,,26,16,06,051,,1*66
$GPGSV,4,3,13,17,12,263,18,20,,,29,28,17,139,27,30,,,25,1*65
$GPGSV,4,4,13,31,43,123,43,1*54
$GPRMC,015559.10,A,3001.73502,S,05112.73496,W,0.98,0.00,090926,,,A,V*2B
$GPGGA,015600.10,3001.73486,S,05112.73455,W,1,06,1.28,99.85,M,,M,,*45
$GPGLL,3001.73486,S,05112.73455,W,015600.10,A,A*6E
$GPGSA,A,3,01,02,03,09,28,31,,,,,,,2.31,1.28,1.93,1*1E
$GPGSV,3,1,11,1,65,351,36,2,38,005,48,3,58,184,24,6,,,24,1*53
$GPGSV,3,2,11,9,22,281,16,16,06,051,,17,12,263,18,20,,,26,1*68
$GPGSV,3,3,11,28,17,139,27,30,,,24,31,43,123,43,1*61
$GPRMC,015600.10,A,3001.73486,S,05112.73455,W,0.73,0.00,090926,,,A,V*23
$GPGGA,015601.10,3001.73490,S,05112.73463,W,1,06,1.28,99.92,M,,M,,*40
$GPGLL,3001.73490,S,05112.73463,W,015601.10,A,A*6D
$GPGSA,A,3,01,02,03,09,28,31,,,,,,,2.31,1.28,1.93,1*1E
$GPGSV,3,1,10,1,65,351,36,2,38,005,48,3,58,184,24,9,22,281,16,1*67
$GPGSV,3,2,10,16,06,051,,17,12,263,18,20,,,25,28,17,139,27,1*5D
$GPGSV,3,3,10,30,,,24,31,43,123,43,1*52
$GPRMC,015601.10,A,3001.73490,S,05112.73463,W,0.14,0.00,090926,,,A,V*21
$GPGGA,015602.10,3001.73492,S,05112.73465,W,1,06,1.28,99.89,M,,M,,*4D
$GPGLL,3001.73492,S,05112.73465,W,015602.10,A,A*6A
$GPGSA,A,3,01,02,03,09,28,31,,,,,,,2.31,1.28,1.93,1*1E
$GPGSV,3,1,10,1,65,351,35,2,38,005,48,3,58,184,23,9,22,281,16,1*63
$GPGSV,3,2,10,16,06,051,,17,12,263,16,20,,,25,28,17,139,27,1*53
$GPGSV,3,3,10,30,,,25,31,43,123,43,1*53
$GPRMC,015602.10,A,3001.73492,S,05112.73465,W,0.21,0.00,090926,,,A,V*20
$GPGGA,015603.10,3001.73493,S,05112.73453,W,1,06,1.28,99.92,M,,M,,*42
$GPGLL,3001.73493,S,05112.73453,W,015603.10,A,A*6F
$GPGSA,A,3,01,02,03,09,28,31,,,,,,,2.31,1.28,1.93,1*1E
$GPGSV,3,1,9,1,65,351,35,2,38,005,48,3,58,184,23,9,22,281,14,1*59
$GPGSV,3,2,9,16,06,051,,17,12,263,15,27,,,29,28,17,139,27,1*63
$GPGSV,3,3,9,31,43,123,43,1*6F
$GPRMC,015603.10,A,3001.73493,S,05112.73453,W,0.05,0.00,090926,,,A,V*23
$GPGGA,015604.10,3001.73501,S,05112.73483,W,1,06,1.28,100.34,M,,M,,*7F
$GPGLL,3001.73501,S,05112.73483,W,015604.10,A,A*6F
$GPGSA,A,3,01,02,03,09,28,31,,,,,,,2.31,1.28,1.93,1*1E
$GPGSV,3,1,11,1,65,351,35,2,38,005,48,3,58,184,22,6,,,26,1*54
$GPGSV,3,2,11,9,22,281,14,16,06,051,,17,12,263,16,20,,,29,1*6B
$GPGSV,3,3,11,27,,,25,28,17,139,27,31,43,123,43,1*66
$GPRMC,015604.10,A,3001.73501,S,05112.73483,W,0.34,0.00,090926,,,A,V*21
$GPGGA,015605.10,3001.73506,S,05112.73505,W,1,05,2.78,101.02,M,,M,,*77
$GPGLL,3001.73506,S,05112.73505,W,015605.10,A,A*66
$GPGSA,A,3,01,02,03,28,31,,,,,,,,4.26,2.78,3.23,1*18
$GPGSV,3,1,12,1,65,351,35,2,38,005,48,3,58,184,22,6,,,25,1*54
$GPGSV,3,2,12,9,22,281,12,16,06,051,,17,12,263,17,20,,,25,1*63
$GPGSV,3,3,12,23,,,29,27,,,25,28,17,139,27,31,43,123,43,1*6F
$GPRMC,015605.10,A,3001.73506,S,05112.73505,W,0.13,0.00,090926,,,A,V*2D
$GPGGA,015606.10,3001.73500,S,05112.73499,W,1,05,2.78,101.27,M,,M,,*71
$GPGLL,3001.73500,S,05112.73499,W,015606.10,A,A*67
$GPGSA,A,3,01,02,03,28,31,,,,,,,,4.26,2.78,3.23,1*18
$GPGSV,3,1,11,1,65,351,35,2,38,005,48,3,58,184,21,9,22,281,13,1*65
$GPGSV,3,2,11,16,06,051,,17,12,263,17,20,,,25,22,,,28,1*6B
$GPGSV,3,3,11,23,,,26,28,17,139,27,31,43,123,43,1*61
$GPRMC,015606.10,A,3001.73500,S,05112.73499,W,0.46,0.00,090926,,,A,V*2C
$GPGGA,015607.10,3001.73513,S,05112.73540,W,1,05,2.78,101.77,M,,M,,*72
$GPGLL,3001.73513,S,05112.73540,W,015607.10,A,A*61
$GPGSA,A,3,01,02,03,28,31,,,,,,,,4.26,2.78,3.23,1*18
$GPGSV,3,1,9,1,65,351,35,2,38,005,48,3,58,184,21,9,22,281,11,1*5E
$GPGSV,3,2,9,16,06,051,,17,12,263,18,20,,,25,28,17,139,27,1*65
$GPGSV,3,3,9,31,43,123,43,1*6F
$GPRMC,015607.10,A,3001.73513,S,05112.73540,W,0.46,0.00,090926,,,A,V*2A
$GPGGA,015608.10,3001.73528,S,05112.73584,W,1,05,2.78,101.87,M,,M,,*72
$GPGLL,3001.73528,S,05112.73584,W,015608.10,A,A*6E
$GPGSA,A,3,01,02,03,28,31,,,,,,,,4.26,2.78,3.23,1*18
$GPGSV,2,1,8,1,65,351,35,2,38,005,48,3,58,184,21,9,22,281,13,1*5C
$GPGSV,2,2,8,16,06,051,,17,12,263,18,28,17,139,27,31,43,123,43,1*52
$GPRMC,015608.10,A,3001.73528,S,05112.73584,W,0.63,0.00,090926,,,A,V*22
$GPGGA,015609.10,3001.73529,S,05112.73576,W,1,05,2.78,101.86,M,,M,,*7E
$GPGLL,3001.73529,S,05112.73576,W,015609.10,A,A*63
$GPGSA,A,3,01,02,03,28,31,,,,,,,,4.26,2.78,3.23,1*18
$GPGSV,2,1,8,1,65,351,35,2,38,005,48,3,58,184,21,9,22,281,14,1*5B
$GPGSV,2,2,8,16,06,051,,17,12,263,19,28,17,139,26,31,43,123,43,1*52
$GPRMC,015609.10,A,3001.73529,S,05112.73576,W,0.39,0.00,090926,,,A,V*20
$GPGGA,015610.10,3001.73555,S,05112.73644,W,1,06,1.28,101.62,M,,M,,*70
$GPGLL,3001.73555,S,05112.73644,W,015610.10,A,A*62
$GPGSA,A,3,01,02,03,09,28,31,,,,,,,2.31,1.28,1.92,1*1F
$GPGSV,2,1,8,1,65,351,36,2,38,005,48,3,58,184,20,9,22,281,16,1*5B
$GPGSV,2,2,8,16,06,051,,17,12,263,19,28,17,139,26,31,43,123,43,1*52
$GPRMC,015610.10,A,3001.73555,S,05112.73644,W,0.43,0.00,090926,,,A,V*2C
$GPGGA,015611.10,3001.73557,S,05112.73648,W,1,06,1.28,101.84,M,,M,,*77
$GPGLL,3001.73557,S,05112.73648,W,015611.10,A,A*6D
$GPGSA,A,3,01,02,03,09,28,31,,,,,,,2.31,1.28,1.92,1*1F
$GPGSV,3,1,10,1,65,351,36,2,38,005,48,3,58,184,21,5,,,26,1*56
$GPGSV,3,2,10,9,22,281,16,16,06,051,,17,12,263,19,22,,,29,1*65
$GPGSV,3,3,10,28,17,139,26,31,43,123,43,1*64
$GPRMC,015611.10,A,3001.73557,S,05112.73648,W,0.59,0.00,090926,,,A,V*28
$GPGGA,015612.10,3001.73560,S,05112.73665,W,1,06,1.28,101.31,M,,M,,*71
$GPGLL,3001.73560,S,05112.73665,W,015612.10,A,A*65
$GPGSA,A,3,01,02,03,09,28,31,,,,,,,2.31,1.28,1.92,1*1F
$GPGSV,3,1,11,1,65,351,36,2,38,005,48,3,58,184,21,5,,,25,1*54
$GPGSV,3,2,11,9,22,281,17,16,06,051,,17,12,263,19,22,,,27,1*6B
$GPGSV,3,3,11,28,17,139,26,31,43,123,42,32,,,27,1*60
$GPRMC,015612.10,A,3001.73560,S,05112.73665,W,0.03,0.00,090926,,,A,V*2F
$GPGGA,015613.10,3001.73565,S,05112.73653,W,1,06,1.28,101.39,M,,M,,*78
$GPGLL,3001.73565,S,05112.73653,W,015613.10,A,A*64
$GPGSA,A,3,01,02,03,09,28,31,,,,,,,2.31,1.28,1.92,1*1F
$GPGSV,4,1,13,1,65,351,36,2,38,005,48,3,58,184,21,5,,,25,1*51
$GPGSV,4,2,13,7,,,27,9,22,281,17,16,06,051,,17,12,263,19,1*59
$GPGSV,4,3,13,22,,,25,24,,,28,28,17,139,26,31,43,123,43,1*6B
$GPGSV,4,4,13,32,,,26,1*63
$GPRMC,015613.10,A,3001.73565,S,05112.73653,W,0.30,0.00,090926,,,A,V*2E
$GPGGA,015614.10,3001.73563,S,05112.73645,W,1,06,1.28,101.83,M,,M,,*7F
$GPGLL,3001.73563,S,05112.73645,W,015614.10,A,A*62
$GPGSA,A,3,01,02,03,09,28,31,,,,,,,2.31,1.28,1.92,1*1F
$GPGSV,3,1,11,1,64,352,36,2,38,005,48,3,58,183,22,5,,,25,1*52
$GPGSV,3,2,11,7,,,25,9,23,280,17,16,06,051,,17,12,264,19,1*59
$GPGSV,3,3,11,28,17,139,26,31,43,123,43,32,,,25,1*63
$GPRMC,015614.10,A,3001.73563,S,05112.73645,W,0.39,0.00,090926,,,A,V*21
$GPGGA,015615.10,3001.73555,S,05112.73632,W,1,06,1.28,101.79,M,,M,,*7E
$GPGLL,3001.73555,S,05112.73632,W,015615.10,A,A*66
$GPGSA,A,3,01,02,03,09,28,31,,,,,,,2.31,1.28,1.92,1*1F
$GPGSV,3,1,10,1,64,352,36,2,38,005,48,3,58,183,21,7,,,25,1*52
$GPGSV,3,2,10,9,23,280,16,16,06,051,,17,12,264,18,28,17,139,26,1*5B
$GPGSV,3,3,10,31,43,123,43,32,,,25,1*51
$GPRMC,015615.10,A,3001.73555,S,05112.73632,W,0.10,0.00,090926,,,A,V*2E
$GPGGA,015616.10,3001.73560,S,05112.73648,W,1,06,1.28,102.39,M,,M,,*71
$GPGLL,3001.73560,S,05112.73648,W,015616.10,A,A*6E
$GPGSA,A,3,01,02,03,09,28,31,,,,,,,2.31,1.28,1.92,1*1F
$GPGSV,3,1,9,1,64,352,36,2,38,005,48,3,58,183,20,7,,,25,1*6B
$GPGSV,3,2,9,9,23,280,15,16,06,051,,17,12,264,18,28,17,139,26,1*60
$GPGSV,3,3,9,31,43,123,43,1*6F
$GPRMC,015616.10,A,3001.73560,S,05112.73648,W,0.06,0.00,090926,,,A,V*21
$GPGGA,015617.10,3001.73569,S,05112.73657,W,1,06,1.28,102.47,M,,M,,*7E
$GPGLL,3001.73569,S,05112.73657,W,015617.10,A,A*68
$GPGSA,A,3,01,02,03,09,28,31,,,,,,,2.31,1.28,1.92,1*1F
$GPGSV,3,1,9,1,64,352,36,2,38,005,48,3,58,183,20,7,,,24,1*6A
$GPGSV,3,2,9,9,23,280,15,16,06,051,,17,12,264,18,28,17,139,26,1*60
$GPGSV,3,3,9,31,43,123,43,1*6F
$GPRMC,015617.10,A,3001.73569,S,05112.73657,W,0.05,0.00,090926,,,A,V*24
$GPGGA,015618.10,3001.73568,S,05112.73638,W,1,06,1.28,102.59,M,,M,,*76
$GPGLL,3001.73568,S,05112.73638,W,015618.10,A,A*6F
$GPGSA,A,3,01,02,03,09,28,31,,,,,,,2.31,1.28,1.92,1*1F
$GPGSV,3,1,10,1,64,352,35,2,38,005,48,3,58,183,20,7,,,26,1*53
$GPGSV,3,2,10,9,23,280,14,16,06,051,,17,12,264,19,19,,,28,1*69
$GPGSV,3,3,10,28,17,139,25,31,43,123,43,1*67
$GPRMC,015618.10,A,3001.73568,S,05112.73638,W,0.09,0.00,090926,,,A,V*2F
$GPGGA,015619.10,3001.73568,S,05112.73621,W,1,06,1.28,102.60,M,,M,,*75
$GPGLL,3001.73568,S,05112.73621,W,015619.10,A,A*66
$GPGSA,A,3,01,02,03,09,28,31,,,,,,,2.31,1.28,1.92,1*1F
$GPGSV,3,1,12,1,64,352,36,2,38,005,48,3,58,183,20,5,,,29,1*5F
$GPGSV,3,2,12,7,,,25,9,23,280,13,10,,,29,16,06,051,,1*69
$GPGSV,3,3,12,17,12,264,19,19,,,25,28,17,139,25,31,43,123,43,1*57
$GPRMC,015619.10,A,3001.73568,S,05112.73621,W,0.45,0.00,090926,,,A,V*2E
$GPGGA,015620.10,3001.73557,S,05112.73593,W,1,05,2.79,102.97,M,,M,,*75
$GPGLL,3001.73557,S,05112.73593,W,015620.10,A,A*6A
$GPGSA,A,3,01,02,03,28,31,,,,,,,,4.26,2.79,3.22,1*18
$GPGSV,3,1,12,1,64,352,36,2,38,005,48,3,58,183,21,5,,,27,1*50
$GPGSV,3,2,12,7,,,25,9,23,280,12,10,,,26,16,06,051,,1*67
$GPGSV,3,3,12,17,12,264,19,19,,,25,28,17,139,25,31,43,123,43,1*57
$GPRMC,015620.10,A,3001.73557,S,05112.73593,W,0.30,0.00,090926,,,A,V*20
$GPGGA,015621.10,3001.73562,S,05112.73600,W,1,05,2.79,102.92,M,,M,,*7E
$GPGLL,3001.73562,S,05112.73600,W,015621.10,A,A*64
$GPGSA,A,3,01,02,03,28,31,,,,,,,,4.26,2.79,3.22,1*18
$GPGSV,3,1,12,1,64,352,36,2,38,005,48,3,58,183,21,5,,,25,1*52
$GPGSV,3,2,12,7,,,25,9,23,280,12,16,06,051,,17,12,264,19,1*5F
$GPGSV,3,3,12,19,,,25,20,,,26,28,17,139,25,31,43,123,43,1*6C
$GPRMC,015621.10,A,3001.73562,S,05112.73600,W,0.25,0.00,090926,,,A,V*2A
$GPGGA,015622.10,3001.73568,S,05112.73576,W,1,05,2.79,103.15,M,,M,,*7B
$GPGLL,3001.73568,S,05112.73576,W,015622.10,A,A*6F
$GPGSA,A,3,01,02,03,28,31,,,,,,,,4.26,2.79,3.22,1*18
$GPGSV,3,1,10,1,64,352,36,2,38,005,48,3,58,183,21,5,,,25,1*50
$GPGSV,3,2,10,9,23,280,08,16,06,051,,17,12,264,19,20,,,25,1*63
$GPGSV,3,3,10,28,17,139,25,31,43,123,43,1*67
$GPRMC,015622.10,A,3001.73568,S,05112.73576,W,0.32,0.00,090926,,,A,V*27
$GPGGA,015623.10,3001.73566,S,05112.73564,W,1,05,2.79,103.10,M,,M,,*72
$GPGLL,3001.73566,S,05112.73564,W,015623.10,A,A*63
$GPGSA,A,3,01,02,03,28,31,,,,,,,,4.26,2.79,3.22,1*18
$GPGSV,3,1,10,1,64,352,36,2,38,005,48,3,58,183,20,5,,,24,1*50
$GPGSV,3,2,10,9,23,280,13,16,06,051,,17,12,264,20,20,,,24,1*62
$GPGSV,3,3,10,28,17,139,24,31,43,123,43,1*66
$GPRMC,015623.10,A,3001.73566,S,05112.73564,W,0.13,0.00,090926,,,A,V*28
$GPGGA,015624.10,3001.73551,S,05112.73536,W,1,05,2.79,103.18,M,,M,,*7E
$GPGLL,3001.73551,S,05112.73536,W,015624.10,A,A*67
$GPGSA,A,3,01,02,03,28,31,,,,,,,,4.26,2.79,3.22,1*18
$GPGSV,3,1,9,1,64,352,36,2,38,005,48,3,58,183,20,9,23,280,14,1*5C
$GPGSV,3,2,9,16,06,051,,17,12,264,20,20,,,24,28,17,139,25,1*6A
$GPGSV,3,3,9,31,43,123,43,1*6F
$GPRMC,015624.10,A,3001.73551,S,05112.73536,W,0.11,0.00,090926,,,A,V*2E
$GPGGA,015625.10,3001.73532,S,05112.73492,W,1,05,2.79,103.16,M,,M,,*7B
$GPGLL,3001.73532,S,05112.73492,W,015625.10,A,A*6C
$GPGSA,A,3,01,02,03,28,31,,,,,,,,4.26,2.79,3.22,1*18
$GPGSV,2,1,8,1,64,352,36,2,38,005,48,3,58,183,20,9,23,280,12,1*5A
$GPGSV,2,2,8,16,06,051,,17,12,264,19,28,17,139,24,31,43,123,43,1*57
$GPRMC,015625.10,A,3001.73532,S,05112.73492,W,0.47,0.00,090926,,,A,V*26
$GPGGA,015626.10,3001.73530,S,05112.73481,W,1,05,2.79,103.56,M,,M,,*7C
$GPGLL,3001.73530,S,05112.73481,W,015626.10,A,A*6F
$GPGSA,A,3,01,02,03,28,31,,,,,,,,4.26,2.79,3.22,1*18
$GPGSV,3,1,9,1,64,352,36,2,38,005,48,3,58,183,20,8,,,29,1*68
$GPGSV,3,2,9,9,23,280,12,16,06,051,,17,12,264,20,28,17,139,24,1*6E
$GPGSV,3,3,9,31,43,123,43,1*6F
$GPRMC,015626.10,A,3001.73530,S,05112.73481,W,0.21,0.00,090926,,,A,V*25
$GPGGA,015627.10,3001.73524,S,05112.73468,W,1,05,2.80,103.57,M,,M,,*78
$GPGLL,3001.73524,S,05112.73468,W,015627.10,A,A*6C
$GPGSA,A,3,01,02,03,28,31,,,,,,,,4.26,2.80,3.22,1*1E
$GPGSV,3,1,11,1,64,352,36,2,38,005,48,3,58,183,20,5,,,29,1*5C
$GPGSV,3,2,11,8,,,26,9,23,280,12,16,06,051,,17,12,264,20,1*5A
$GPGSV,3,3,11,23,,,26,28,17,139,24,31,43,123,43,1*62
$GPRMC,015627.10,A,3001.73524,S,05112.73468,W,0.41,0.00,090926,,,A,V*20
$GPGGA,015628.10,3001.73519,S,05112.73456,W,1,05,2.80,103.90,M,,M,,*7F
$GPGLL,3001.73519,S,05112.73456,W,015628.10,A,A*60
$GPGSA,A,3,01,02,03,28,31,,,,,,,,4.26,2.80,3.22,1*1E
$GPGSV,3,1,11,1,64,352,36,2,38,005,48,3,58,183,20,5,,,26,1*53
$GPGSV,3,2,11,8,,,24,9,23,280,11,16,06,051,,17,12,264,20,1*5B
$GPGSV,3,3,11,23,,,25,28,17,139,24,31,43,123,43,1*61
$GPRMC,015628.10,A,3001.73519,S,05112.73456,W,0.20,0.00,090926,,,A,V*2B
$GPGGA,015629.10,3001.73513,S,05112.73459,W,1,05,2.80,103.69,M,,M,,*7D
$GPGLL,3001.73513,S,05112.73459,W,015629.10,A,A*64
$GPGSA,A,3,01,02,03,28,31,,,,,,,,4.27,2.80,3.22,1*1F
$GPGSV,3,1,12,1,64,352,36,2,38,005,48,3,58,183,19,5,,,24,1*58
$GPGSV,3,2,12,6,,,26,8,,,24,9,23,280,13,16,06,051,,1*5F
$GPGSV,3,3,12,17,12,264,19,23,,,26,28,17,139,23,31,43,123,43,1*5B
$GPRMC,015629.10,A,3001.73513,S,05112.73459,W,0.08,0.00,090926,,,A,V*25
$GPGGA,015630.10,3001.73505,S,05112.73454,W,1,05,2.80,103.74,M,,M,,*73
$GPGLL,3001.73505,S,05112.73454,W,015630.10,A,A*66
$GPGSA,A,3,01,02,03,28,31,,,,,,,,4.27,2.80,3.22,1*1F
$GPGSV,3,1,12,1,64,352,36,2,38,005,48,3,58,183,18,5,,,25,1*58
$GPGSV,3,2,12,6,,,25,7,,,27,9,23,280,14,16,06,051,,1*57
$GPGSV,3,3,12,17,12,264,20,23,,,25,28,17,139,24,31,43,123,43,1*55
$GPRMC,015630.10,A,3001.73505,S,05112.73454,W,0.04,0.00,090926,,,A,V*2B
$GPGGA,015631.10,3001.73497,S,05112.73446,W,1,05,2.80,103.89,M,,M,,*79
$GPGLL,3001.73497,S,05112.73446,W,015631.10,A,A*6E
$GPGSA,A,3,01,02,03,28,31,,,,,,,,4.27,2.80,3.22,1*1F
$GPGSV,3,1,10,1,64,352,36,2,38,005,48,3,58,183,19,6,,,25,1*58
$GPGSV,3,2,10,7,,,25,9,23,280,15,16,06,051,,17,12,264,20,1*50
$GPGSV,3,3,10,28,17,139,24,31,43,123,43,1*66
$GPRMC,015631.10,A,3001.73497,S,05112.73446,W,0.21,0.00,090926,,,A,V*24
$GPGGA,015632.10,3001.73493,S,05112.73443,W,1,05,2.80,103.92,M,,M,,*71
$GPGLL,3001.73493,S,05112.73443,W,015632.10,A,A*6C
$GPGSA,A,3,01,02,03,28,31,,,,,,,,4.27,2.80,3.22,1*1F
$GPGSV,3,1,9,1,64,352,36,2,38,005,48,3,58,183,19,6,,,25,1*60
$GPGSV,3,2,9,9,23,280,11,16,06,051,,17,12,264,21,28,17,139,24,1*6C
$GPGSV,3,3,9,31,43,123,43,1*6F
$GPRMC,015632.10,A,3001.73493,S,05112.73443,W,0.40,0.00,090926,,,A,V*21
$GPGGA,015633.10,3001.73500,S,05112.73464,W,1,05,2.80,103.71,M,,M,,*73
$GPGLL,3001.73500,S,05112.73464,W,015633.10,A,A*63
$GPGSA,A,3,01,02,03,28,31,,,,,,,,4.27,2.80,3.22,1*1F
$GPGSV,2,1,8,1,64,352,36,2,38,005,48,3,58,183,20,9,23,280,10,1*58
$GPGSV,2,2,8,16,06,051,,17,12,264,20,28,17,139,24,31,43,123,43,1*5D
$GPRMC,015633.10,A,3001.73500,S,05112.73464,W,0.63,0.00,090926,,,A,V*2F
$GPGGA,015634.10,3001.73504,S,05112.73463,W,1,05,2.80,103.29,M,,M,,*7A
$GPGLL,3001.73504,S,05112.73463,W,015634.10,A,A*67
$GPGSA,A,3,01,02,03,28,31,,,,,,,,4.27,2.80,3.22,1*1F
$GPGSV,2,1,8,1,64,352,36,2,38,005,48,3,58,183,19,9,23,280,16,1*54
$GPGSV,2,2,8,16,06,051,,17,12,264,20,28,17,139,24,31,43,123,43,1*5D
$GPRMC,015634.10,A,3001.73504,S,05112.73463,W,0.16,0.00,090926,,,A,V*29
$GPGGA,015635.10,3001.73482,S,05112.73423,W,1,05,2.80,103.41,M,,M,,*7E
$GPGLL,3001.73482,S,05112.73423,W,015635.10,A,A*6D
$GPGSA,A,3,01,02,03,28,31,,,,,,,,4.27,2.80,3.22,1*1F
$GPGSV,3,1,9,1,64,352,36,2,38,005,48,3,58,183,19,9,23,280,00,1*53
$GPGSV,3,2,9,10,,,31,16,06,051,,17,12,264,20,28,17,139,24,1*6C
$GPGSV,3,3,9,31,43,123,43,1*6F
$GPRMC,015635.10,A,3001.73482,S,05112.73423,W,0.16,0.00,090926,,,A,V*23
$GPGGA,015636.10,3001.73474,S,05112.73421,W,1,05,2.80,103.06,M,,M,,*75
$GPGLL,3001.73474,S,05112.73421,W,015636.10,A,A*65
$GPGSA,A,3,01,02,03,28,31,,,,,,,,4.27,2.80,3.22,1*1F
$GPGSV,3,1,11,1,64,352,36,2,38,005,47,3,58,183,20,5,,,26,1*5C
$GPGSV,3,2,11,9,23,280,08,10,,,25,12,,,30,16,06,051,,1*5C
$GPGSV,3,3,11,17,12,264,20,28,17,139,24,31,43,123,43,1*50
$GPRMC,015636.10,A,3001.73474,S,05112.73421,W,0.21,0.00,090926,,,A,V*2F
$GPGGA,015637.10,3001.73455,S,05112.73381,W,1,05,2.80,103.17,M,,M,,*7A
$GPGLL,3001.73455,S,05112.73381,W,015637.10,A,A*6A
$GPGSA,A,3,01,02,03,28,31,,,,,,,,4.27,2.80,3.22,1*1F
$GPGSV,3,1,11,1,64,352,36,2,38,005,48,3,58,183,20,5,,,25,1*50
$GPGSV,3,2,11,9,23,280,05,10,,,24,12,,,26,16,06,051,,1*57
$GPGSV,3,3,11,17,12,264,20,28,17,139,24,31,43,123,43,1*50
$GPRMC,015637.10,A,3001.73455,S,05112.73381,W,0.54,0.00,090926,,,A,V*22
$GPGGA,015638.10,3001.73431,S,05112.73326,W,1,05,2.80,103.39,M,,M,,*76
$GPGLL,3001.73431,S,05112.73326,W,015638.10,A,A*6A
$GPGSA,A,3,01,02,03,28,31,,,,,,,,4.27,2.80,3.22,1*1F
$GPGSV,3,1,12,1,64,352,36,2,38,005,48,3,58,183,20,5,,,24,1*52
$GPGSV,3,2,12,9,23,280,05,10,,,25,12,,,25,13,,,27,1*64
$GPGSV,3,3,12,16,06,051,,17,12,264,21,28,17,139,24,31,43,123,43,1*67
$GPRMC,015638.10,A,3001.73431,S,05112.73326,W,0.65,0.00,090926,,,A,V*20
$GPGGA,015639.10,3001.73407,S,05112.73252,W,1,05,2.81,103.84,M,,M,,*77
$GPGLL,3001.73407,S,05112.73252,W,015639.10,A,A*6C
$GPGSA,A,3,01,02,03,28,31,,,,,,,,4.27,2.81,3.22,1*1E
$GPGSV,3,1,12,1,64,352,36,2,38,005,48,3,58,183,20,5,,,25,1*53
$GPGSV,3,2,12,7,,,26,9,23,280,08,12,,,25,13,,,25,1*5E
$GPGSV,3,3,12,16,06,051,,17,12,264,21,28,17,139,24,31,43,123,43,1*67
$GPRMC,015639.10,A,3001.73407,S,05112.73252,W,0.87,0.00,090926,,,A,V*2A
$GPGGA,015640.10,3001.73389,S,05112.73202,W,1,05,2.81,104.14,M,,M,,*73
$GPGLL,3001.73389,S,05112.73202,W,015640.10,A,A*66
$GPGSA,A,3,01,02,03,28,31,,,,,,,,4.27,2.81,3.22,1*1E
$GPGSV,3,1,10,1,64,352,37,2,38,005,48,3,58,183,21,7,,,25,1*53
$GPGSV,3,2,10,9,23,280,07,13,,,25,16,06,051,,17,12,264,21,1*67
$GPGSV,3,3,10,28,17,139,24,31,43,123,43,1*66
$GPRMC,015640.10,A,3001.73389,S,05112.73202,W,0.29,0.00,090926,,,A,V*24
$GPGGA,015641.10,3001.73379,S,05112.73174,W,1,05,2.81,104.23,M,,M,,*7B
$GPGLL,3001.73379,S,05112.73174,W,015641.10,A,A*6A
$GPGSA,A,3,01,02,03,28,31,,,,,,,,4.27,2.81,3.22,1*1E
$GPGSV,3,1,10,1,64,352,36,2,38,005,48,3,58,183,21,7,,,19,1*5D
$GPGSV,3,2,10,9,23,280,07,13,,,25,16,06,051,,17,12,264,20,1*66
$GPGSV,3,3,10,28,17,139,24,31,43,123,43,1*66
$GPRMC,015641.10,A,3001.73379,S,05112.73174,W,0.09,0.00,090926,,,A,V*2A
$GPGGA,015642.10,3001.73374,S,05112.73168,W,1,05,2.81,104.30,M,,M,,*7A
$GPGLL,3001.73374,S,05112.73168,W,015642.10,A,A*69
$GPGSA,A,3,01,02,03,28,31,,,,,,,,4.27,2.81,3.21,1*1D
$GPGSV,2,1,8,1,64,352,36,2,38,005,48,3,58,183,22,9,23,280,09,1*52
$GPGSV,2,2,8,16,06,051,,17,12,264,21,28,17,139,25,31,43,123,43,1*5D
$GPRMC,015642.10,A,3001.73374,S,05112.73168,W,0.78,0.00,090926,,,A,V*2F
$GPGGA,015643.10,3001.73382,S,05112.73183,W,1,05,2.81,104.06,M,,M,,*72
$GPGLL,3001.73382,S,05112.73183,W,015643.10,A,A*64
$GPGSA,A,3,01,02,03,28,31,,,,,,,,4.27,2.81,3.21,1*1D
$GPGSV,2,1,8,1,64,352,36,2,38,005,48,3,58,183,21,9,23,280,03,1*5B
$GPGSV,2,2,8,16,06,051,,17,12,264,21,28,17,139,25,31,43,123,43,1*5D
$GPRMC,015643.10,A,3001.73382,S,05112.73183,W,0.47,0.00,090926,,,A,V*2E
$GPGGA,015644.10,3001.73378,S,05112.73167,W,1,05,2.81,103.98,M,,M,,*7A
$GPGLL,3001.73378,S,05112.73167,W,015644.10,A,A*6C
$GPGSA,A,3,01,02,03,28,31,,,,,,,,4.27,2.81,3.21,1*1D
$GPGSV,3,1,10,1,64,352,36,2,38,005,48,3,58,183,21,9,23,280,06,1*66
$GPGSV,3,2,10,16,06,051,,17,12,264,21,22,,,31,23,,,26,1*60
$GPGSV,3,3,10,28,17,139,24,31,43,123,43,1*66
$GPRMC,015644.10,A,3001.73378,S,05112.73167,W,0.30,0.00,090926,,,A,V*26
$GPGGA,015645.10,3001.73360,S,05112.73127,W,1,05,2.81,103.94,M,,M,,*7A
$GPGLL,3001.73360,S,05112.73127,W,015645.10,A,A*60
$GPGSA,A,3,01,02,03,28,31,,,,,,,,4.27,2.81,3.21,1*1D
$GPGSV,3,1,11,1,64,352,36,2,38,005,48,3,58,183,21,8,,,26,1*5F
$GPGSV,3,2,11,9,23,280,04,16,06,051,,17,12,264,20,22,,,25,1*66
$GPGSV,3,3,11,23,,,25,28,17,139,24,31,43,123,43,1*61
$GPRMC,015645.10,A,3001.73360,S,05112.73127,W,0.54,0.00,090926,,,A,V*28
$GPGGA,015646.10,3001.73343,S,05112.73083,W,1,05,2.81,104.59,M,,M,,*71
$GPGLL,3001.73343,S,05112.73083,W,015646.10,A,A*6D
$GPGSA,A,3,01,02,03,28,31,,,,,,,,4.27,2.81,3.21,1*1D
$GPGSV,4,1,13,1,64,352,36,2,38,005,48,3,58,183,21,4,,,27,1*57
$GPGSV,4,2,13,7,,,26,8,,,25,9,23,280,04,16,06,051,,1*5F
$GPGSV,4,3,13,17,12,264,20,22,,,25,23,,,24,28,17,139,25,1*66
$GPGSV,4,4,13,31,43,123,42,1*55
$GPRMC,015646.10,A,3001.73343,S,05112.73083,W,0.06,0.00,090926,,,A,V*22
$GPGGA,015647.10,3001.73342,S,05112.73077,W,1,05,2.81,104.42,M,,M,,*70
$GPGLL,3001.73342,S,05112.73077,W,015647.10,A,A*66
$GPGSA,A,3,01,02,03,28,31,,,,,,,,4.27,2.81,3.21,1*1D
$GPGSV,3,1,11,1,64,352,37,2,38,005,48,3,58,183,21,4,,,26,1*52
$GPGSV,3,2,11,7,,,25,8,,,25,9,23,280,00,16,06,051,,1*5D
$GPGSV,3,3,11,17,12,264,20,28,17,139,25,31,43,123,42,1*50
$GPRMC,015647.10,A,3001.73342,S,05112.73077,W,0.18,0.00,090926,,,A,V*26
$GPGGA,015648.10,3001.73356,S,05112.73090,W,1,05,2.81,104.02,M,,M,,*77
$GPGLL,3001.73356,S,05112.73090,W,015648.10,A,A*65
$GPGSA,A,3,01,02,03,28,31,,,,,,,,4.27,2.81,3.21,1*1D
$GPGSV,3,1,12,1,64,352,37,2,38,005,48,3,58,183,21,4,,,25,1*52
$GPGSV,3,2,12,7,,,26,8,,,26,9,23,280,00,16,06,051,,1*5E
$GPGSV,3,3,12,17,12,264,19,19,,,27,28,17,139,25,31,43,123,42,1*54
$GPRMC,015648.10,A,3001.73356,S,05112.73090,W,0.19,0.00,090926,,,A,V*24
$GPGGA,015649.10,3001.73346,S,05112.73063,W,1,05,2.81,104.35,M,,M,,*7F
$GPGLL,3001.73346,S,05112.73063,W,015649.10,A,A*69
$GPGSA,A,3,01,02,03,28,31,,,,,,,,4.27,2.81,3.21,1*1D
$GPGSV,3,1,9,1,64,352,37,2,38,005,48,3,58,183,21,9,23,280,09,1*50
$GPGSV,3,2,9,16,06,051,,17,12,264,19,19,,,25,28,17,139,25,1*6B
$GPGSV,3,3,9,31,43,123,43,1*6F
$GPRMC,015649.10,A,3001.73346,S,05112.73063,W,0.23,0.00,090926,,,A,V*21
$GPGGA,015650.10,3001.73334,S,05112.73056,W,1,05,2.81,103.94,M,,M,,*78
$GPGLL,3001.73334,S,05112.73056,W,015650.10,A,A*62
$GPGSA,A,3,01,02,03,28,31,,,,,,,,4.27,2.81,3.21,1*1D
$GPGSV,3,1,9,1,64,352,36,2,38,005,48,3,58,183,21,9,23,280,02,1*5A
$GPGSV,3,2,9,16,06,051,,17,12,264,20,19,,,25,28,17,139,24,1*60
$GPGSV,3,3,9,31,43,123,42,1*6E
$GPRMC,015650.10,A,3001.73334,S,05112.73056,W,0.17,0.00,090926,,,A,V*2D
$GPGGA,015651.10,3001.73325,S,05112.73040,W,1,05,2.82,104.07,M,,M,,*70
$GPGLL,3001.73325,S,05112.73040,W,015651.10,A,A*64
$GPGSA,A,3,01,02,03,28,31,,,,,,,,4.27,2.82,3.21,1*1E
$GPGSV,3,1,10,1,64,352,37,2,38,005,48,3,58,183,21,9,23,280,12,1*62
$GPGSV,3,2,10,16,06,051,,17,12,264,20,19,,,25,26,,,27,1*68
$GPGSV,3,3,10,28,17,139,25,31,43,123,43,1*67
$GPRMC,015651.10,A,3001.73325,S,05112.73040,W,0.13,0.00,090926,,,A,V*2F
$GPGGA,015652.10,3001.73316,S,05112.73034,W,1,05,2.82,103.82,M,,M,,*7A
$GPGLL,3001.73316,S,05112.73034,W,015652.10,A,A*64
$GPGSA,A,3,01,02,03,28,31,,,,,,,,4.27,2.82,3.21,1*1E
$GPGSV,3,1,11,1,64,352,37,2,38,005,48,3,58,183,21,4,,,28,1*5C
$GPGSV,3,2,11,9,23,280,,16,06,051,,17,12,264,19,24,,,29,1*62
$GPGSV,3,3,11,26,,,26,28,17,139,25,31,43,123,43,1*66
$GPRMC,015652.10,A,3001.73316,S,05112.73034,W,0.23,0.00,090926,,,A,V*2C
$GPGGA,015653.10,3001.73293,S,05112.73002,W,1,05,2.82,104.05,M,,M,,*7A
$GPGLL,3001.73293,S,05112.73002,W,015653.10,A,A*6C
$GPGSA,A,3,01,02,03,28,31,,,,,,,,4.27,2.82,3.21,1*1E
$GPGSV,3,1,11,1,64,352,37,2,38,005,46,3,58,183,20,4,,,25,1*5E
$GPGSV,3,2,11,9,23,280,,16,06,051,,17,12,264,20,24,,,26,1*67
$GPGSV,3,3,11,26,,,25,28,17,139,25,31,43,123,43,1*65
$GPRMC,015653.10,A,3001.73293,S,05112.73002,W,0.06,0.00,090926,,,A,V*23
$GPGGA,015654.10,3001.73292,S,05112.73012,W,1,05,2.82,103.59,M,,M,,*73
$GPGLL,3001.73292,S,05112.73012,W,015654.10,A,A*6B
$GPGSA,A,3,01,02,03,28,31,,,,,,,,4.27,2.82,3.21,1*1E
$GPGSV,3,1,12,1,64,352,37,2,38,005,47,3,58,183,21,4,,,25,1*5D
$GPGSV,3,2,12,5,,,27,9,23,280,,16,06,051,,17,12,264,20,1*56
$GPGSV,3,3,12,24,,,25,26,,,25,28,17,139,25,31,43,123,43,1*67
$GPRMC,015654.10,A,3001.73292,S,05112.73012,W,0.46,0.00,090926,,,A,V*20
$GPGGA,015655.10,3001.73298,S,05112.73028,W,1,05,2.82,103.44,M,,M,,*7D
$GPGLL,3001.73298,S,05112.73028,W,015655.10,A,A*69
$GPGSA,A,3,01,02,03,28,31,,,,,,,,4.27,2.82,3.21,1*1E
$GPGSV,3,1,12,1,64,352,37,2,38,005,47,3,58,183,21,4,,,25,1*5D
$GPGSV,3,2,12,5,,,25,6,,,25,7,,,27,9,23,280,,1*55
$GPGSV,3,3,12,16,06,051,,17,12,264,21,28,17,139,25,31,43,123,43,1*66
$GPRMC,015655.10,A,3001.73298,S,05112.73028,W,0.11,0.00,090926,,,A,V*20
$GPGGA,015656.10,3001.73312,S,05112.73068,W,1,05,2.82,102.64,M,,M,,*7A
$GPGLL,3001.73312,S,05112.73068,W,015656.10,A,A*6D
$GPGSA,A,3,01,02,03,28,31,,,,,,,,4.27,2.82,3.21,1*1E
$GPGSV,3,1,11,1,64,352,37,2,38,005,48,3,58,183,20,5,,,25,1*51
$GPGSV,3,2,11,6,,,25,7,,,25,9,23,280,,16,06,051,,1*53
$GPGSV,3,3,11,17,12,264,21,28,17,139,25,31,43,123,43,1*50
$GPRMC,015656.10,A,3001.73312,S,05112.73068,W,0.57,0.00,090926,,,A,V*26
$GPGGA,015657.10,3001.73293,S,05112.73034,W,1,05,2.82,102.85,M,,M,,*75
$GPGLL,3001.73293,S,05112.73034,W,015657.10,A,A*6D
$GPGSA,A,3,01,02,03,28,31,,,,,,,,4.27,2.82,3.21,1*1E
$GPGSV,3,1,9,1,64,352,37,2,38,005,48,3,58,183,20,5,,,25,1*68
$GPGSV,3,2,9,9,23,280,,16,06,051,,17,12,264,21,28,17,139,25,1*6D
$GPGSV,3,3,9,31,43,123,43,1*6F
$GPRMC,015657.10,A,3001.73293,S,05112.73034,W,0.22,0.00,090926,,,A,V*24
$GPGGA,015658.10,3001.73272,S,05112.73003,W,1,05,2.82,102.89,M,,M,,*7D
$GPGLL,3001.73272,S,05112.73003,W,015658.10,A,A*69
$GPGSA,A,3,01,02,03,28,31,,,,,,,,4.27,2.82,3.21,1*1E
$GPGSV,2,1,8,1,64,352,37,2,38,005,47,3,58,183,20,9,23,280,,1*57
$GPGSV,2,2,8,16,06,051,,17,12,264,21,28,17,139,25,31,43,123,43,1*5D
$GPRMC,015658.10,A,3001.73272,S,05112.73003,W,0.09,0.00,090926,,,A,V*29
$GPGGA,015659.10,3001.73274,S,05112.73030,W,1,05,2.82,102.28,M,,M,,*71
$GPGLL,3001.73274,S,05112.73030,W,015659.10,A,A*6E
$GPGSA,A,3,01,02,03,28,31,,,,,,,,4.27,2.82,3.21,1*1E
$GPGSV,3,1,9,1,64,352,37,2,38,005,47,3,58,183,20,6,,,26,1*67
$GPGSV,3,2,9,9,23,280,,16,06,051,,17,12,264,22,28,17,139,26,1*6D
$GPGSV,3,3,9,31,43,123,42,1*6E
$GPRMC,015659.10,A,3001.73274,S,05112.73030,W,0.04,0.00,090926,,,A,V*23
$GPGGA,015700.10,3001.73284,S,05112.73078,W,1,05,2.82,101.73,M,,M,,*72
$GPGLL,3001.73284,S,05112.73078,W,015700.10,A,A*60
$GPGSA,A,3,01,02,03,28,31,,,,,,,,4.27,2.82,3.21,1*1E
$GPGSV,3,1,9,1,64,352,37,2,38,005,47,3,58,183,20,6,,,25,1*64
$GPGSV,3,2,9,9,23,280,,16,06,051,,17,12,264,22,28,17,139,26,1*6D
$GPGSV,3,3,9,31,43,123,43,1*6F
$GPRMC,015700.10,A,3001.73284,S,05112.73078,W,0.41,0.00,090926,,,A,V*2C
$GPGGA,015701.10,3001.73304,S,05112.73129,W,1,05,2.82,101.02,M,,M,,*79
$GPGLL,3001.73304,S,05112.73129,W,015701.10,A,A*6D
$GPGSA,A,3,01,02,03,28,31,,,,,,,,4.27,2.82,3.21,1*1E
$GPGSV,3,1,9,1,64,352,37,2,38,005,47,3,58,183,21,6,,,25,1*65
$GPGSV,3,2,9,9,23,280,,16,06,051,,17,12,264,22,28,17,139,26,1*6D
$GPGSV,3,3,9,31,43,123,43,1*6F
$GPRMC,015701.10,A,3001.73304,S,05112.73129,W,0.48,0.00,090926,,,A,V*28
$GPGGA,015702.10,3001.73321,S,05112.73176,W,1,05,2.82,100.27,M,,M,,*71
$GPGLL,3001.73321,S,05112.73176,W,015702.10,A,A*63
$GPGSA,A,3,01,02,03,28,31,,,,,,,,4.27,2.82,3.21,1*1E
$GPGSV,3,1,9,1,64,352,37,2,38,005,47,3,58,183,21,6,,,24,1*64
$GPGSV,3,2,9,9,23,280,,16,06,051,,17,12,264,22,28,17,139,25,1*6E
$GPGSV,3,3,9,31,43,123,43,1*6F
$GPRMC,015702.10,A,3001.73321,S,05112.73176,W,0.26,0.00,090926,,,A,V*2E
$GPGGA,015703.10,3001.73331,S,05112.73211,W,1,05,2.83,99.94,M,,M,,*4B
$GPGLL,3001.73331,S,05112.73211,W,015703.10,A,A*61
$GPGSA,A,3,01,02,03,28,31,,,,,,,,4.27,2.83,3.21,1*1F
$GPGSV,3,1,10,1,64,352,37,2,38,005,48,3,58,183,20,4,,,26,1*52
$GPGSV,3,2,10,5,,,31,9,23,280,,16,06,051,,17,12,264,23,1*50
$GPGSV,3,3,10,28,17,139,25,31,43,123,43,1*67
$GPRMC,015703.10,A,3001.73331,S,05112.73211,W,0.63,0.00,090926,,,A,V*2D
$GPGGA,015704.10,3001.73338,S,05112.73231,W,1,05,2.83,99.56,M,,M,,*49
$GPGLL,3001.73338,S,05112.73231,W,015704.10,A,A*6D
$GPGSA,A,3,01,02,03,28,31,,,,,,,,4.27,2.83,3.21,1*1F
$GPGSV,3,1,11,1,64,352,37,2,38,005,48,3,58,183,20,4,,,24,1*51
$GPGSV,3,2,11,5,,,26,9,23,280,,12,,,29,16,06,051,,1*6B
$GPGSV,3,3,11,17,12,264,23,28,17,139,25,31,43,123,43,1*52
$GPRMC,015704.10,A,3001.73338,S,05112.73231,W,0.45,0.00,090926,,,A,V*25
$GPGGA,015705.10,3001.73344,S,05112.73245,W,1,05,2.83,99.53,M,,M,,*45
$GPGLL,3001.73344,S,05112.73245,W,015705.10,A,A*64
$GPGSA,A,3,01,02,03,28,31,,,,,,,,4.27,2.83,3.21,1*1F
$GPGSV,3,1,11,1,64,352,37,2,38,005,48,3,58,183,20,4,,,25,1*50
$GPGSV,3,2,11,5,,,25,9,23,280,,12,,,25,16,06,051,,1*64
$GPGSV,3,3,11,17,12,264,23,28,17,139,25,31,43,123,43,1*52
$GPRMC,015705.10,A,3001.73344,S,05112.73245,W,0.62,0.00,090926,,,A,V*29
$GPGGA,015706.10,3001.73365,S,05112.73298,W,1,05,2.83,98.85,M,,M,,*4F
$GPGLL,3001.73365,S,05112.73298,W,015706.10,A,A*64
$GPGSA,A,3,01,02,03,28,31,,,,,,,,4.27,2.83,3.20,1*1E
$GPGSV,4,1,13,1,64,352,37,2,38,005,48,3,58,183,20,4,,,25,1*55
$GPGSV,4,2,13,5,,,24,9,23,280,,12,,,25,16,06,051,,1*60
$GPGSV,4,3,13,17,12,264,23,26,,,29,28,17,139,25,29,,,26,1*65
$GPGSV,4,4,13,31,43,123,43,1*54
$GPRMC,015706.10,A,3001.73365,S,05112.73298,W,0.05,0.00,090926,,,A,V*28
$GPGGA,015707.10,3001.73378,S,05112.73310,W,1,05,2.83,98.91,M,,M,,*46
$GPGLL,3001.73378,S,05112.73310,W,015707.10,A,A*68
$GPGSA,A,3,01,02,03,28,31,,,,,,,,4.27,2.83,3.20,1*1E
$GPGSV,3,1,10,1,64,352,37,2,38,005,48,3,58,183,20,5,,,25,1*50
$GPGSV,3,2,10,9,23,280,,16,06,051,,17,12,264,22,26,,,26,1*66
$GPGSV,3,3,10,28,17,139,25,31,43,123,43,1*67
$GPRMC,015707.10,A,3001.73378,S,05112.73310,W,0.49,0.00,090926,,,A,V*2C
$GPGGA,015708.10,3001.73379,S,05112.73310,W,1,05,2.83,98.67,M,,M,,*41
$GPGLL,3001.73379,S,05112.73310,W,015708.10,A,A*66
$GPGSA,A,3,01,02,03,28,31,,,,,,,,4.27,2.83,3.20,1*1E
$GPGSV,3,1,9,1,64,352,37,2,38,005,48,3,58,183,20,9,23,280,,1*58
$GPGSV,3,2,9,16,06,051,,17,12,264,22,26,,,25,28,17,139,26,1*6C
$GPGSV,3,3,9,31,43,123,43,1*6F
$GPRMC,015708.10,A,3001.73379,S,05112.73310,W,0.36,0.00,090926,,,A,V*2A
$GPGGA,015709.10,3001.73376,S,05112.73310,W,1,05,2.83,98.34,M,,M,,*49
$GPGLL,3001.73376,S,05112.73310,W,015709.10,A,A*68
$GPGSA,A,3,01,02,03,28,31,,,,,,,,4.27,2.83,3.20,1*1E
$GPGSV,3,1,9,1,64,352,37,2,38,005,48,3,58,183,20,9,23,280,,1*58
$GPGSV,3,2,9,16,06,051,,17,12,264,22,26,,,25,28,17,139,26,1*6C
$GPGSV,3,3,9,31,43,123,43,1*6F
$GPRMC,015709.10,A,3001.73376,S,05112.73310,W,0.04,0.00,090926,,,A,V*25
$GPGGA,015710.10,3001.73376,S,05112.73324,W,1,05,2.83,98.05,M,,M,,*44
$GPGLL,3001.73376,S,05112.73324,W,015710.10,A,A*67
$GPGSA,A,3,01,02,03,28,31,,,,,,,,4.27,2.83,3.20,1*1E
$GPGSV,2,1,8,1,64,352,37,2,38,005,48,3,58,183,20,9,23,280,,1*58
$GPGSV,2,2,8,16,06,051,,17,12,264,21,28,17,139,26,31,43,123,43,1*5E
$GPRMC,015710.10,A,3001.73376,S,05112.73324,W,0.31,0.00,090926,,,A,V*2C
$GPGGA,015711.10,3001.73372,S,05112.73323,W,1,05,2.83,97.66,M,,M,,*4C
$GPGLL,3001.73372,S,05112.73323,W,015711.10,A,A*65
$GPGSA,A,3,01,02,03,28,31,,,,,,,,4.28,2.83,3.20,1*11
$GPGSV,2,1,8,1,64,352,37,2,38,005,48,3,58,183,20,9,23,280,,1*58
$GPGSV,2,2,8,16,06,051,,17,12,264,21,28,17,139,26,31,43,123,43,1*5E
$GPRMC,015711.10,A,3001.73372,S,05112.73323,W,0.12,0.00,090926,,,A,V*2F
$GPGGA,015712.10,3001.73354,S,05112.73279,W,1,05,2.83,97.83,M,,M,,*4E
$GPGLL,3001.73354,S,05112.73279,W,015712.10,A,A*6C
$GPGSA,A,3,01,02,03,28,31,,,,,,,,4.28,2.83,3.20,1*11
$GPGSV,3,1,9,1,64,352,37,2,38,005,48,3,58,183,20,6,,,23,1*6D
$GPGSV,3,2,9,9,23,280,,16,06,051,,17,12,264,21,28,17,139,26,1*6E
$GPGSV,3,3,9,31,43,123,44,1*68
$GPRMC,015712.10,A,3001.73354,S,05112.73279,W,0.06,0.00,090926,,,A,V*23
$GPGGA,015713.10,3001.73336,S,05112.73219,W,1,05,2.83,98.17,M,,M,,*4F
$GPGLL,3001.73336,S,05112.73219,W,015713.10,A,A*6F
$GPGSA,A,3,01,02,03,28,31,,,,,,,,4.28,2.83,3.20,1*11
$GPGSV,3,1,10,1,64,352,37,2,38,005,48,3,58,183,20,6,,,18,1*5D
$GPGSV,3,2,10,9,23,280,,11,,,26,16,06,051,,17,12,264,21,1*61
$GPGSV,3,3,10,28,17,139,26,31,43,123,44,1*63
$GPRMC,015713.10,A,3001.73336,S,05112.73219,W,0.26,0.00,090926,,,A,V*22
$GPGGA,015714.10,3001.73321,S,05112.73186,W,1,05,2.83,98.26,M,,M,,*49
$GPGLL,3001.73321,S,05112.73186,W,015714.10,A,A*6B
$GPGSA,A,3,01,02,03,28,31,,,,,,,,4.28,2.83,3.20,1*11
$GPGSV,3,1,11,1,64,352,37,2,37,005,48,3,58,183,20,6,,,08,1*52
$GPGSV,3,2,11,7,,,28,9,23,280,,11,,,25,16,06,052,,1*6B
$GPGSV,3,3,11,17,12,264,22,28,17,139,26,31,42,124,44,1*51
$GPRMC,015714.10,A,3001.73321,S,05112.73186,W,0.27,0.00,090926,,,A,V*27
$GPGGA,015715.10,3001.73320,S,05112.73188,W,1,05,2.84,98.09,M,,M,,*4D
$GPGLL,3001.73320,S,05112.73188,W,015715.10,A,A*65
$GPGSA,A,3,01,02,03,28,31,,,,,,,,4.28,2.84,3.20,1*16
$GPGSV,3,1,12,1,64,352,37,2,37,005,48,3,58,183,20,4,,,32,1*5A
$GPGSV,3,2,12,6,,,07,7,,,25,9,23,280,,11,,,25,1*62
$GPGSV,3,3,12,16,06,052,,17,12,264,22,28,17,139,26,31,42,124,44,1*64
$GPRMC,015715.10,A,3001.73320,S,05112.73188,W,0.23,0.00,090926,,,A,V*2D
$GPGGA,015716.10,3001.73315,S,05112.73177,W,1,05,2.84,98.05,M,,M,,*44
$GPGLL,3001.73315,S,05112.73177,W,015716.10,A,A*60
$GPGSA,A,3,01,02,03,28,31,,,,,,,,4.28,2.84,3.20,1*16
$GPGSV,3,1,11,1,64,352,37,2,37,005,48,3,58,183,20,4,,,26,1*5C
$GPGSV,3,2,11,9,23,280,,12,,,30,16,06,052,,17,12,264,22,1*64
$GPGSV,3,3,11,23,,,28,28,17,139,26,31,42,124,44,1*6F
$GPRMC,015716.10,A,3001.73315,S,05112.73177,W,0.25,0.00,090926,,,A,V*2E
$GPGGA,015717.10,3001.73342,S,05112.73228,W,1,05,2.84,97.13,M,,M,,*46
$GPGLL,3001.73342,S,05112.73228,W,015717.10,A,A*6A
$GPGSA,A,3,01,02,03,28,31,,,,,,,,4.28,2.84,3.20,1*16
$GPGSV,3,1,12,1,64,352,37,2,37,005,48,3,58,183,20,5,,,26,1*5E
$GPGSV,3,2,12,7,,,26,9,23,280,,12,,,25,16,06,052,,1*65
$GPGSV,3,3,12,17,12,264,21,23,,,25,28,17,139,26,31,42,124,44,1*57
$GPRMC,015717.10,A,3001.73342,S,05112.73228,W,0.11,0.00,090926,,,A,V*23
$GPGGA,015718.10,3001.73332,S,05112.73207,W,1,05,2.84,97.33,M,,M,,*41
$GPGLL,3001.73332,S,05112.73207,W,015718.10,A,A*6F
$GPGSA,A,3,01,02,03,28,31,,,,,,,,4.28,2.84,3.20,1*16
$GPGSV,3,1,11,1,64,352,37,2,37,005,48,3,58,183,20,5,,,25,1*5E
$GPGSV,3,2,11,7,,,26,9,23,280,,12,,,25,16,06,052,,1*66
$GPGSV,3,3,11,17,12,264,22,28,17,139,26,31,42,124,44,1*51
$GPRMC,015718.10,A,3001.73332,S,05112.73207,W,0.11,0.00,090926,,,A,V*26
$GPGGA,015719.10,3001.73335,S,05112.73204,W,1,05,2.84,97.20,M,,M,,*46
$GPGLL,3001.73335,S,05112.73204,W,015719.10,A,A*6A
$GPGSA,A,3,01,02,03,28,31,,,,,,,,4.28,2.84,3.20,1*16
$GPGSV,3,1,11,1,64,352,37,2,37,005,48,3,58,183,20,7,,,25,1*5C
$GPGSV,3,2,11,9,23,280,,12,,,25,16,06,052,,17,12,264,21,1*63
$GPGSV,3,3,11,28,17,139,25,31,42,124,44,201,,,27,1*51
$GPRMC,015719.10,A,3001.73335,S,05112.73204,W,0.13,0.00,090926,,,A,V*21
$GPGGA,015720.10,3001.73345,S,05112.73230,W,1,05,2.84,96.65,M,,M,,*4C
$GPGLL,3001.73345,S,05112.73230,W,015720.10,A,A*60
$GPGSA,A,3,01,02,03,28,31,,,,,,,,4.28,2.84,3.20,1*16
$GPGSV,3,1,10,1,64,352,37,2,37,005,48,3,58,183,20,7,,,25,1*5D
$GPGSV,3,2,10,9,23,280,20,16,06,052,,17,12,264,22,28,17,139,25,1*57
$GPGSV,3,3,10,31,42,124,44,201,,,25,1*62
$GPRMC,015720.10,A,3001.73345,S,05112.73230,W,0.20,0.00,090926,,,A,V*2B
$GPGGA,015721.10,3001.73356,S,05112.73249,W,1,05,2.84,96.63,M,,M,,*47
$GPGLL,3001.73356,S,05112.73249,W,015721.10,A,A*6D
$GPGSA,A,3,01,02,03,28,31,,,,,,,,4.28,2.84,3.20,1*16
$GPGSV,3,1,9,1,64,352,37,2,37,005,48,3,58,183,20,9,23,280,12,1*54
$GPGSV,3,2,9,16,06,052,,17,12,264,22,28,17,139,25,31,42,124,44,1*5C
$GPGSV,3,3,9,32,,,29,1*57
$GPRMC,015721.10,A,3001.73356,S,05112.73249,W,0.03,0.00,090926,,,A,V*27
$GPGGA,015722.10,3001.73360,S,05112.73251,W,1,05,2.84,96.56,M,,M,,*4E
$GPGLL,3001.73360,S,05112.73251,W,015722.10,A,A*62
$GPGSA,A,3,01,02,03,28,31,,,,,,,,4.28,2.84,3.20,1*16
$GPGSV,3,1,10,1,64,352,37,2,37,005,48,3,58,183,19,9,23,280,08,1*6D
$GPGSV,3,2,10,16,06,052,,17,12,264,21,28,17,139,25,31,42,124,44,1*67
$GPGSV,3,3,10,32,,,25,193,,,26,1*5C
$GPRMC,015722.10,A,3001.73360,S,05112.73251,W,0.05,0.00,090926,,,A,V*2E
$GPGGA,015723.10,3001.73364,S,05112.73246,W,1,05,2.84,96.63,M,,M,,*4B
$GPGLL,3001.73364,S,05112.73246,W,015723.10,A,A*61
$GPGSA,A,3,01,02,03,28,31,,,,,,,,4.28,2.84,3.20,1*16
$GPGSV,3,1,10,1,64,352,37,2,37,005,48,3,58,183,19,9,23,280,07,1*62
$GPGSV,3,2,10,16,06,052,,17,12,264,21,28,17,139,25,31,42,124,44,1*67
$GPGSV,3,3,10,32,,,24,193,,,25,1*5E
$GPRMC,015723.10,A,3001.73364,S,05112.73246,W,0.31,0.00,090926,,,A,V*2A
$GPGGA,015724.10,3001.73371,S,05112.73248,W,1,05,2.84,96.58,M,,M,,*4E
$GPGLL,3001.73371,S,05112.73248,W,015724.10,A,A*6C
$GPGSA,A,3,01,02,03,28,31,,,,,,,,4.28,2.84,3.20,1*16
$GPGSV,3,1,10,1,64,352,37,2,37,005,48,3,58,183,18,9,23,280,,1*64
$GPGSV,3,2,10,16,06,052,,17,12,264,22,28,17,139,25,31,42,124,44,1*64
$GPGSV,3,3,10,32,,,24,193,,,25,1*5E
$GPRMC,015724.10,A,3001.73371,S,05112.73248,W,0.27,0.00,090926,,,A,V*20
$GPGGA,015725.10,3001.73383,S,05112.73260,W,1,05,2.84,96.40,M,,M,,*41
$GPGLL,3001.73383,S,05112.73260,W,015725.10,A,A*6A
$GPGSA,A,3,01,02,03,28,31,,,,,,,,4.28,2.84,3.20,1*16
$GPGSV,3,1,10,1,64,352,37,2,37,005,48,3,58,183,19,9,23,280,,1*65
$GPGSV,3,2,10,16,06,052,,17,12,264,22,28,17,139,25,31,42,124,44,1*64
$GPGSV,3,3,10,32,,,24,193,,,25,1*5E
$GPRMC,015725.10,A,3001.73383,S,05112.73260,W,0.30,0.00,090926,,,A,V*20
$GPGGA,015726.10,3001.73391,S,05112.73273,W,1,05,2.84,96.42,M,,M,,*41
$GPGLL,3001.73391,S,05112.73273,W,015726.10,A,A*68
$GPGSA,A,3,01,02,03,28,31,,,,,,,,4.28,2.84,3.20,1*16
$GPGSV,2,1,8,1,64,352,36,2,37,005,48,3,58,183,19,9,23,280,,1*5C
$GPGSV,2,2,8,16,06,052,,17,12,264,22,28,17,139,24,31,42,124,44,1*5D
$GPRMC,015726.10,A,3001.73391,S,05112.73273,W,0.69,0.00,090926,,,A,V*2E
$GPGGA,015727.10,3001.73389,S,05112.73273,W,1,05,2.85,95.97,M,,M,,*43
$GPGLL,3001.73389,S,05112.73273,W,015727.10,A,A*60
$GPGSA,A,3,01,02,03,28,31,,,,,,,,4.28,2.85,3.20,1*17
$GPGSV,3,1,9,1,64,352,36,2,37,005,48,3,58,183,19,9,23,280,,1*5C
$GPGSV,3,2,9,16,06,052,,17,12,264,21,22,,,29,28,17,139,24,1*66
$GPGSV,3,3,9,31,42,124,44,1*6E
$GPRMC,015727.10,A,3001.73389,S,05112.73273,W,0.13,0.00,090926,,,A,V*2B
$GPGGA,015728.10,3001.73388,S,05112.73260,W,1,05,2.85,96.36,M,,M,,*47
$GPGLL,3001.73388,S,05112.73260,W,015728.10,A,A*6C
$GPGSA,A,3,01,02,03,28,31,,,,,,,,4.28,2.85,3.20,1*17
$GPGSV,3,1,10,1,64,352,36,2,37,005,48,3,58,183,20,4,,,27,1*5D
$GPGSV,3,2,10,9,23,280,,16,06,052,,17,12,264,20,22,,,23,1*66
$GPGSV,3,3,10,28,17,139,25,31,42,124,43,1*61
$GPRMC,015728.10,A,3001.73388,S,05112.73260,W,0.43,0.00,090926,,,A,V*22
$GPGGA,015729.10,3001.73422,S,05112.73325,W,1,05,2.85,95.58,M,,M,,*4A
$GPGLL,3001.73422,S,05112.73325,W,015729.10,A,A*6A
$GPGSA,A,3,01,02,03,28,31,,,,,,,,4.28,2.85,3.20,1*17
$GPGSV,3,1,10,1,64,352,37,2,37,005,48,3,58,183,20,4,,,24,1*5F
$GPGSV,3,2,10,8,,,26,9,23,280,,16,06,052,,17,12,264,20,1*5B
$GPGSV,3,3,10,28,17,139,25,31,42,124,43,1*61
$GPRMC,015729.10,A,3001.73422,S,05112.73325,W,0.34,0.00,090926,,,A,V*24
$GPGGA,015730.10,3001.73415,S,05112.73289,W,1,05,2.85,95.94,M,,M,,*41
$GPGLL,3001.73415,S,05112.73289,W,015730.10,A,A*61
$GPGSA,A,3,01,02,03,28,31,,,,,,,,4.28,2.85,3.20,1*17
$GPGSV,3,1,10,1,64,352,37,2,37,005,48,3,58,183,20,6,,,27,1*5E
$GPGSV,3,2,10,8,,,25,9,23,280,,16,06,052,,17,12,264,19,1*52
$GPGSV,3,3,10,28,17,139,25,31,42,124,43,1*61
$GPRMC,015730.10,A,3001.73415,S,05112.73289,W,0.06,0.00,090926,,,A,V*2E
$GPGGA,015731.10,3001.73404,S,05112.73231,W,1,05,2.85,96.30,M,,M,,*4E
$GPGLL,3001.73404,S,05112.73231,W,015731.10,A,A*63
$GPGSA,A,3,01,02,03,28,31,,,,,,,,4.28,2.85,3.19,1*1D
$GPGSV,3,1,12,1,64,352,37,2,37,005,48,3,58,183,20,6,,,26,1*5D
$GPGSV,3,2,12,7,,,29,8,,,25,9,23,280,,13,,,25,1*62
$GPGSV,3,3,12,16,06,052,,17,12,264,19,28,17,139,24,31,42,124,43,1*69
$GPRMC,015731.10,A,3001.73404,S,05112.73231,W,0.67,0.00,090926,,,A,V*2B
$GPGGA,015732.10,3001.73393,S,05112.73196,W,1,05,2.85,96.83,M,,M,,*42
$GPGLL,3001.73393,S,05112.73196,W,015732.10,A,A*67
$GPGSA,A,3,01,02,03,28,31,,,,,,,,4.28,2.85,3.19,1*1D
$GPGSV,3,1,12,1,64,352,36,2,37,005,48,3,58,183,20,7,,,24,1*5F
$GPGSV,3,2,12,8,,,25,9,23,280,,11,,,28,13,,,25,1*54
$GPGSV,3,3,12,16,06,052,,17,12,264,20,28,17,139,25,31,42,124,43,1*62
$GPRMC,015732.10,A,3001.73393,S,05112.73196,W,0.24,0.00,090926,,,A,V*28
$GPGGA,015733.10,3001.73384,S,05112.73173,W,1,05,2.85,97.00,M,,M,,*44
$GPGLL,3001.73384,S,05112.73173,W,015733.10,A,A*6B
$GPGSA,A,3,01,02,03,28,31,,,,,,,,4.28,2.85,3.19,1*1D
$GPGSV,3,1,10,1,64,352,36,2,37,005,48,3,58,183,21,9,23,280,,1*6F
$GPGSV,3,2,10,11,,,25,16,06,052,,17,12,264,19,20,,,26,1*6E
$GPGSV,3,3,10,28,17,139,25,31,42,124,43,1*61
$GPRMC,015733.10,A,3001.73384,S,05112.73173,W,0.16,0.00,090926,,,A,V*25
$GPGGA,015734.10,3001.73376,S,05112.73135,W,1,05,2.85,97.16,M,,M,,*4B
$GPGLL,3001.73376,S,05112.73135,W,015734.10,A,A*63
$GPGSA,A,3,01,02,03,28,31,,,,,,,,4.28,2.85,3.19,1*1D
$GPGSV,3,1,10,1,64,352,36,2,37,005,48,3,58,183,21,9,23,280,,1*6F
$GPGSV,3,2,10,11,,,25,16,06,052,,17,12,264,19,20,,,25,1*6D
$GPGSV,3,3,10,28,17,139,24,31,42,124,43,1*60
$GPRMC,015734.10,A,3001.73376,S,05112.73135,W,0.52,0.00,090926,,,A,V*2D
$GPGGA,015735.10,3001.73359,S,05112.73086,W,1,05,2.85,97.68,M,,M,,*47
$GPGLL,3001.73359,S,05112.73086,W,015735.10,A,A*66
$GPGSA,A,3,01,02,03,28,31,,,,,,,,4.28,2.85,3.19,1*1D
$GPGSV,3,1,10,1,64,352,36,2,37,005,48,3,58,183,22,9,23,280,,1*6C
$GPGSV,3,2,10,11,,,25,16,06,052,,17,12,264,18,20,,,25,1*6C
$GPGSV,3,3,10,28,17,139,24,31,42,124,43,1*60
$GPRMC,015735.10,A,3001.73359,S,05112.73086,W,0.14,0.00,090926,,,A,V*2A
$GPGGA,015736.10,3001.73396,S,05112.73151,W,1,05,2.85,96.40,M,,M,,*47
$GPGLL,3001.73396,S,05112.73151,W,015736.10,A,A*6D
$GPGSA,A,3,01,02,03,28,31,,,,,,,,4.28,2.85,3.19,1*1D
$GPGSV,3,1,9,1,64,352,36,2,37,005,48,3,58,183,21,9,23,280,,1*57
$GPGSV,3,2,9,16,06,052,,17,12,264,19,20,,,24,28,17,139,24,1*62
$GPGSV,3,3,9,31,42,124,43,1*69
$GPRMC,015736.10,A,3001.73396,S,05112.73151,W,0.08,0.00,090926,,,A,V*2C
$GPGGA,015737.10,3001.73423,S,05112.73217,W,1,05,2.85,96.33,M,,M,,*4A
$GPGLL,3001.73423,S,05112.73217,W,015737.10,A,A*64
$GPGSA,A,3,01,02,03,28,31,,,,,,,,4.28,2.85,3.19,1*1D
$GPGSV,2,1,8,1,64,352,36,2,37,005,48,3,58,183,21,9,23,280,,1*57
$GPGSV,2,2,8,16,06,052,,17,12,264,19,28,17,139,24,31,42,124,43,1*52
$GPRMC,015737.10,A,3001.73423,S,05112.73217,W,0.31,0.00,090926,,,A,V*2F
$GPGGA,015738.10,3001.73434,S,05112.73237,W,1,05,2.85,96.18,M,,M,,*48
$GPGLL,3001.73434,S,05112.73237,W,015738.10,A,A*6F
$GPGSA,A,3,01,02,03,28,31,,,,,,,,4.28,2.85,3.19,1*1D
$GPGSV,2,1,8,1,64,352,36,2,37,005,48,3,58,183,22,9,23,280,,1*54
$GPGSV,2,2,8,16,06,052,,17,12,264,19,28,17,139,24,31,42,124,43,1*52
$GPRMC,015738.10,A,3001.73434,S,05112.73237,W,0.52,0.00,090926,,,A,V*21
$GPGGA,015739.10,3001.73423,S,05112.73219,W,1,05,2.86,96.14,M,,M,,*4C
$GPGLL,3001.73423,S,05112.73219,W,015739.10,A,A*64
$GPGSA,A,3,01,02,03,28,31,,,,,,,,4.28,2.86,3.19,1*1E
$GPGSV,2,1,8,1,64,352,36,2,37,005,48,3,58,183,22,9,23,280,,1*54
$GPGSV,2,2,8,16,06,052,,17,12,264,19,28,17,139,24,31,42,124,43,1*52
$GPRMC,015739.10,A,3001.73423,S,05112.73219,W,0.17,0.00,090926,,,A,V*2B
$GPGGA,015740.10,3001.73414,S,05112.73192,W,1,05,2.86,96.20,M,,M,,*41
$GPGLL,3001.73414,S,05112.73192,W,015740.10,A,A*6E
$GPGSA,A,3,01,02,03,28,31,,,,,,,,4.28,2.86,3.19,1*1E
$GPGSV,2,1,8,1,64,352,36,2,37,005,48,3,58,183,23,9,23,280,,1*55
$GPGSV,2,2,8,16,06,052,,17,12,264,20,28,17,139,25,31,42,124,43,1*59
$GPRMC,015740.10,A,3001.73414,S,05112.73192,W,0.53,0.00,090926,,,A,V*21
$GPGGA,015741.10,3001.73415,S,05112.73204,W,1,05,2.86,95.60,M,,M,,*4A
$GPGLL,3001.73415,S,05112.73204,W,015741.10,A,A*62
$GPGSA,A,3,01,02,03,28,31,,,,,,,,4.28,2.86,3.19,1*1E
$GPGSV,3,1,10,1,64,352,36,2,37,005,48,3,58,183,23,4,,,26,1*5F
$GPGSV,3,2,10,5,,,29,9,23,280,,16,06,052,,17,12,264,19,1*53
$GPGSV,3,3,10,28,17,139,24,31,42,124,43,1*60
$GPRMC,015741.10,A,3001.73415,S,05112.73204,W,0.58,0.00,090926,,,A,V*26
$GPGGA,015742.10,3001.73424,S,05112.73224,W,1,05,2.86,95.45,M,,M,,*4E
$GPGLL,3001.73424,S,05112.73224,W,015742.10,A,A*61
$GPGSA,A,3,01,02,03,28,31,,,,,,,,4.28,2.86,3.19,1*1E
$GPGSV,3,1,11,1,64,352,36,2,37,005,48,3,58,183,23,4,,,25,1*5D
$GPGSV,3,2,11,5,,,25,7,,,25,9,23,280,,16,06,052,,1*53
$GPGSV,3,3,11,17,12,264,18,28,17,139,24,31,42,124,43,1*5D
$GPRMC,015742.10,A,3001.73424,S,05112.73224,W,0.17,0.00,090926,,,A,V*2E
$GPGGA,015743.10,3001.73425,S,05112.73216,W,1,05,2.86,95.50,M,,M,,*4B
$GPGLL,3001.73425,S,05112.73216,W,015743.10,A,A*60
$GPGSA,A,3,01,02,03,28,31,,,,,,,,4.28,2.86,3.19,1*1E
$GPGSV,3,1,11,1,64,352,36,2,37,005,48,3,58,183,23,4,,,25,1*5D
$GPGSV,3,2,11,5,,,25,7,,,25,9,23,280,,16,06,052,,1*53
$GPGSV,3,3,11,17,12,264,18,28,17,139,24,31,42,124,43,1*5D
$GPRMC,015743.10,A,3001.73425,S,05112.73216,W,0.08,0.00,090926,,,A,V*21
$GPGGA,015744.10,3001.73452,S,05112.73280,W,1,05,2.86,94.68,M,,M,,*49
$GPGLL,3001.73452,S,05112.73280,W,015744.10,A,A*68
$GPGSA,A,3,01,02,03,28,31,,,,,,,,4.28,2.86,3.19,1*1E
$GPGSV,3,1,11,1,64,352,36,2,37,005,48,3,58,183,24,4,,,25,1*5A
$GPGSV,3,2,11,5,,,25,7,,,25,9,23,280,,16,06,052,,1*53
$GPGSV,3,3,11,17,12,264,19,28,17,139,24,31,42,124,43,1*5C
$GPRMC,015744.10,A,3001.73452,S,05112.73280,W,0.07,0.00,090926,,,A,V*26
$GPGGA,015745.10,3001.73466,S,05112.73298,W,1,05,2.86,94.57,M,,M,,*4A
$GPGLL,3001.73466,S,05112.73298,W,015745.10,A,A*67
$GPGSA,A,3,01,02,03,28,31,,,,,,,,4.28,2.86,3.19,1*1E
$GPGSV,3,1,9,1,64,352,36,2,37,005,48,3,58,183,23,5,,,24,1*64
$GPGSV,3,2,9,9,23,280,,16,06,052,,17,12,264,19,28,17,139,25,1*65
$GPGSV,3,3,9,31,42,124,43,1*69
$GPRMC,015745.10,A,3001.73466,S,05112.73298,W,0.53,0.00,090926,,,A,V*28
$GPGGA,015746.10,3001.73479,S,05112.73316,W,1,05,2.86,94.24,M,,M,,*44
$GPGLL,3001.73479,S,05112.73316,W,015746.10,A,A*6D
$GPGSA,A,3,01,02,03,28,31,,,,,,,,4.28,2.86,3.19,1*1E
$GPGSV,2,1,8,1,64,352,36,2,37,005,48,3,58,183,24,9,23,280,,1*52
$GPGSV,2,2,8,16,06,052,,17,12,264,19,28,17,139,24,31,42,124,43,1*52
$GPRMC,015746.10,A,3001.73479,S,05112.73316,W,0.68,0.00,090926,,,A,V*2A
$GPGGA,015747.10,3001.73461,S,05112.73266,W,1,05,2.86,94.38,M,,M,,*47
$GPGLL,3001.73461,S,05112.73266,W,015747.10,A,A*63
$GPGSA,A,3,01,02,03,28,31,,,,,,,,4.28,2.86,3.19,1*1E
$GPGSV,2,1,8,1,64,352,37,2,37,005,47,3,58,183,24,9,23,280,,1*5C
$GPGSV,2,2,8,16,06,052,,17,12,264,19,28,17,139,24,31,42,124,43,1*52
$GPRMC,015747.10,A,3001.73461,S,05112.73266,W,0.15,0.00,090926,,,A,V*2E
$GPGGA,015748.10,3001.73444,S,05112.73210,W,1,05,2.86,94.86,M,,M,,*4B
$GPGLL,3001.73444,S,05112.73210,W,015748.10,A,A*6A
$GPGSA,A,3,01,02,03,28,31,,,,,,,,4.29,2.86,3.19,1*1F
$GPGSV,2,1,8,1,64,352,36,2,37,005,47,3,58,183,25,9,23,280,,1*5C
$GPGSV,2,2,8,16,06,052,,17,12,264,17,28,17,139,24,31,42,124,43,1*5C
$GPRMC,015748.10,A,3001.73444,S,05112.73210,W,0.05,0.00,090926,,,A,V*26
$GPGGA,015749.10,3001.73432,S,05112.73176,W,1,05,2.86,94.88,M,,M,,*46
$GPGLL,3001.73432,S,05112.73176,W,015749.10,A,A*69
$GPGSA,A,3,01,02,03,28,31,,,,,,,,4.29,2.86,3.19,1*1F
$GPGSV,2,1,8,1,64,352,36,2,37,005,48,3,58,183,25,9,23,280,,1*53
$GPGSV,2,2,8,16,06,052,,17,12,264,17,28,17,139,25,31,42,124,43,1*5D
$GPRMC,015749.10,A,3001.73432,S,05112.73176,W,0.37,0.00,090926,,,A,V*24
$GPGGA,015750.10,3001.73440,S,05112.73185,W,1,05,2.87,94.56,M,,M,,*45
$GPGLL,3001.73440,S,05112.73185,W,015750.10,A,A*68
$GPGSA,A,3,01,02,03,28,31,,,,,,,,4.29,2.87,3.19,1*1E
$GPGSV,2,1,8,1,64,352,36,2,37,005,48,3,58,183,25,9,23,280,,1*53
$GPGSV,2,2,8,16,06,052,,17,12,264,16,28,17,139,25,31,42,124,43,1*5C
$GPRMC,015750.10,A,3001.73440,S,05112.73185,W,0.39,0.00,090926,,,A,V*2B
$GPGGA,015751.10,3001.73424,S,05112.73146,W,1,05,2.87,94.69,M,,M,,*45
$GPGLL,3001.73424,S,05112.73146,W,015751.10,A,A*64
$GPGSA,A,3,01,02,03,28,31,,,,,,,,4.29,2.87,3.19,1*1E
$GPGSV,2,1,8,1,64,352,36,2,37,005,48,3,58,183,26,9,23,280,,1*50
$GPGSV,2,2,8,16,06,052,,17,12,264,15,28,17,139,24,31,42,124,43,1*5E
$GPRMC,015751.10,A,3001.73424,S,05112.73146,W,0.21,0.00,090926,,,A,V*2E
$GPGGA,015752.10,3001.73413,S,05112.73111,W,1,05,2.87,94.81,M,,M,,*46
$GPGLL,3001.73413,S,05112.73111,W,015752.10,A,A*61
$GPGSA,A,3,01,02,03,28,31,,,,,,,,4.29,2.87,3.19,1*1E
$GPGSV,2,1,8,1,64,352,36,2,37,005,48,3,58,183,26,9,23,280,,1*50
$GPGSV,2,2,8,16,06,052,,17,12,264,14,28,17,139,24,31,42,124,43,1*5F
$GPRMC,015752.10,A,3001.73413,S,05112.73111,W,0.07,0.00,090926,,,A,V*2F
$GPGGA,015753.10,3001.73401,S,05112.73091,W,1,05,2.87,95.00,M,,M,,*45
$GPGLL,3001.73401,S,05112.73091,W,015753.10,A,A*6A
$GPGSA,A,3,01,02,03,28,31,,,,,,,,4.29,2.87,3.19,1*1E
$GPGSV,2,1,8,1,64,352,36,2,37,005,48,3,58,183,26,9,23,280,,1*50
$GPGSV,2,2,8,16,06,052,,17,12,264,14,28,17,139,24,31,42,124,43,1*5F
$GPRMC,015753.10,A,3001.73401,S,05112.73091,W,0.17,0.00,090926,,,A,V*25
$GPGGA,015754.10,3001.73396,S,05112.73094,W,1,05,2.87,96.08,M,,M,,*45
$GPGLL,3001.73396,S,05112.73094,W,015754.10,A,A*61
$GPGSA,A,3,01,02,03,28,31,,,,,,,,4.29,2.87,3.19,1*1E
$GPGSV,2,1,8,1,64,352,36,2,37,005,48,3,58,183,26,9,23,280,,1*50
$GPGSV,2,2,8,16,06,052,,17,12,264,14,28,17,139,24,31,42,124,43,1*5F
$GPRMC,015754.10,A,3001.73396,S,05112.73094,W,0.02,0.00,090926,,,A,V*2A
$GPGGA,015755.10,3001.73393,S,05112.73095,W,1,05,2.87,97.22,M,,M,,*49
$GPGLL,3001.73393,S,05112.73095,W,015755.10,A,A*64
$GPGSA,A,3,01,02,03,28,31,,,,,,,,4.29,2.87,3.19,1*1E
$GPGSV,2,1,8,1,64,352,36,2,37,005,47,3,58,183,26,9,23,280,,1*5F
$GPGSV,2,2,8,16,06,052,,17,12,264,11,28,17,139,24,31,42,124,43,1*5A
$GPRMC,015755.10,A,3001.73393,S,05112.73095,W,0.27,0.00,090926,,,A,V*28
$GPGGA,015756.10,3001.73394,S,05112.73075,W,1,05,2.87,97.03,M,,M,,*40
$GPGLL,3001.73394,S,05112.73075,W,015756.10,A,A*6E
$GPGSA,A,3,01,02,03,28,31,,,,,,,,4.29,2.87,3.18,1*1F
$GPGSV,3,1,9,1,64,352,36,2,37,005,48,3,58,183,26,4,,,30,1*65
$GPGSV,3,2,9,9,23,280,,16,06,052,,17,12,264,10,28,17,139,24,1*6D
$GPGSV,3,3,9,31,42,124,43,1*69
$GPRMC,015756.10,A,3001.73394,S,05112.73075,W,0.36,0.00,090926,,,A,V*22
$GPGGA,015757.10,3001.73382,S,05112.73029,W,1,05,2.87,97.67,M,,M,,*4D
$GPGLL,3001.73382,S,05112.73029,W,015757.10,A,A*61
$GPGSA,A,3,01,02,03,28,31,,,,,,,,4.29,2.87,3.18,1*1F
$GPGSV,3,1,11,1,64,352,36,2,37,005,48,3,58,183,27,4,,,25,1*59
$GPGSV,3,2,11,5,,,27,6,,,28,9,23,280,,16,06,052,,1*5D
$GPGSV,3,3,11,17,12,264,10,28,17,139,24,31,42,124,43,1*55
$GPRMC,015757.10,A,3001.73382,S,05112.73029,W,0.14,0.00,090926,,,A,V*2D
$GPGGA,015758.10,3001.73371,S,05112.73015,W,1,05,2.87,98.46,M,,M,,*4D
$GPGLL,3001.73371,S,05112.73015,W,015758.10,A,A*6D
$GPGSA,A,3,01,02,03,28,31,,,,,,,,4.29,2.87,3.18,1*1F
$GPGSV,3,1,11,1,64,352,35,2,37,005,47,3,58,183,27,5,,,25,1*54
$GPGSV,3,2,11,6,,,26,9,23,280,,16,06,052,,17,12,264,07,1*51
$GPGSV,3,3,11,19,,,26,28,17,139,24,31,42,124,43,1*6D
$GPRMC,015758.10,A,3001.73371,S,05112.73015,W,0.12,0.00,090926,,,A,V*27
$GPGGA,015759.10,3001.73364,S,05112.73006,W,1,05,2.87,98.72,M,,M,,*4D
$GPGLL,3001.73364,S,05112.73006,W,015759.10,A,A*6A
$GPGSA,A,3,01,02,03,28,31,,,,,,,,4.29,2.87,3.18,1*1F
$GPGSV,3,1,11,1,64,352,35,2,37,005,48,3,58,183,27,5,,,25,1*5B
$GPGSV,3,2,11,6,,,25,9,23,280,,16,06,052,,17,12,264,08,1*5D
$GPGSV,3,3,11,19,,,25,28,17,139,24,31,42,124,43,1*6E
$GPRMC,015759.10,A,3001.73364,S,05112.73006,W,0.49,0.00,090926,,,A,V*2E
$GPGGA,015800.10,3001.73355,S,05112.73004,W,1,05,2.87,100.02,M,,M,,*79
$GPGLL,3001.73355,S,05112.73004,W,015800.10,A,A*69
$GPGSA,A,3,01,02,03,28,31,,,,,,,,4.29,2.87,3.18,1*1F
$GPGSV,3,1,11,1,64,352,35,2,37,005,48,3,58,183,27,5,,,25,1*5B
$GPGSV,3,2,11,6,,,25,9,23,280,,16,06,052,,17,12,264,03,1*56
$GPGSV,3,3,11,19,,,25,28,17,139,24,31,42,124,43,1*6E
$GPRMC,015800.10,A,3001.73355,S,05112.73004,W,0.24,0.00,090926,,,A,V*26
$GPGGA,015801.10,3001.73354,S,05112.73010,W,1,05,2.87,100.70,M,,M,,*79
$GPGLL,3001.73354,S,05112.73010,W,015801.10,A,A*6C
$GPGSA,A,3,01,02,03,28,31,,,,,,,,4.29,2.87,3.18,1*1F
$GPGSV,3,1,10,1,64,352,35,2,37,005,48,3,58,183,27,6,,,24,1*58
$GPGSV,3,2,10,9,23,280,,16,06,052,,17,12,264,10,19,,,25,1*6B
$GPGSV,3,3,10,28,17,139,24,31,42,124,43,1*60
$GPRMC,015801.10,A,3001.73354,S,05112.73010,W,0.06,0.00,090926,,,A,V*23
$GPGGA,015802.10,3001.73347,S,05112.73002,W,1,05,2.88,101.48,M,,M,,*7E
$GPGLL,3001.73347,S,05112.73002,W,015802.10,A,A*6E
$GPGSA,A,3,01,02,03,28,31,,,,,,,,4.29,2.88,3.18,1*10
$GPGSV,3,1,9,1,64,352,35,2,37,005,48,3,58,183,27,6,,,25,1*61
$GPGSV,3,2,9,9,23,280,,16,06,052,,17,12,264,00,28,17,139,24,1*6C
$GPGSV,3,3,9,31,42,124,43,1*69
$GPRMC,015802.10,A,3001.73347,S,05112.73002,W,0.24,0.00,090926,,,A,V*21
$GPGGA,015803.10,3001.73354,S,05112.73008,W,1,05,2.88,101.51,M,,M,,*7F
$GPGLL,3001.73354,S,05112.73008,W,015803.10,A,A*67
$GPGSA,A,3,01,02,03,28,31,,,,,,,,4.29,2.88,3.18,1*10
$GPGSV,3,1,9,1,64,352,35,2,37,005,48,3,58,183,27,6,,,25,1*61
$GPGSV,3,2,9,9,23,280,,16,06,052,,17,12,264,06,28,17,139,24,1*6A
$GPGSV,3,3,9,31,42,124,43,1*69
$GPRMC,015803.10,A,3001.73354,S,05112.73008,W,0.17,0.00,090926,,,A,V*28
$GPGGA,015804.10,3001.73355,S,05112.73012,W,1,05,2.88,101.27,M,,M,,*73
$GPGLL,3001.73355,S,05112.73012,W,015804.10,A,A*6A
$GPGSA,A,3,01,02,03,28,31,,,,,,,,4.29,2.88,3.18,1*10
$GPGSV,3,1,9,1,64,352,35,2,37,005,48,3,58,183,26,6,,,24,1*61
$GPGSV,3,2,9,9,23,280,,16,06,052,,17,12,264,09,28,17,139,24,1*65
$GPGSV,3,3,9,31,42,124,43,1*69
$GPRMC,015804.10,A,3001.73355,S,05112.73012,W,0.04,0.00,090926,,,A,V*27
$GPGGA,015805.10,3001.73344,S,05112.72990,W,1,05,2.88,101.66,M,,M,,*75
$GPGLL,3001.73344,S,05112.72990,W,015805.10,A,A*69
$GPGSA,A,3,01,02,03,28,31,,,,,,,,4.29,2.88,3.18,1*10
$GPGSV,3,1,9,1,64,352,35,2,37,005,48,3,58,183,26,7,,,41,1*63
$GPGSV,3,2,9,9,23,280,,16,06,052,,17,12,264,10,28,17,139,24,1*6D
$GPGSV,3,3,9,31,42,124,43,1*69
$GPRMC,015805.10,A,3001.73344,S,05112.72990,W,0.33,0.00,090926,,,A,V*20
$GPGGA,015806.10,3001.73337,S,05112.72985,W,1,05,2.88,101.53,M,,M,,*70
$GPGLL,3001.73337,S,05112.72985,W,015806.10,A,A*6A
$GPGSA,A,3,01,02,03,28,31,,,,,,,,4.29,2.88,3.18,1*10
$GPGSV,3,1,9,1,64,352,36,2,37,005,48,3,58,183,26,7,,,27,1*60
$GPGSV,3,2,9,9,23,280,,16,06,052,,17,12,264,06,28,17,139,24,1*6A
$GPGSV,3,3,9,31,42,124,43,1*69
$GPRMC,015806.10,A,3001.73337,S,05112.72985,W,0.24,0.00,090926,,,A,V*25
$GPGGA,015807.10,3001.73315,S,05112.72955,W,1,05,2.88,101.76,M,,M,,*7B
$GPGLL,3001.73315,S,05112.72955,W,015807.10,A,A*66
$GPGSA,A,3,01,02,03,28,31,,,,,,,,4.29,2.88,3.18,1*10
$GPGSV,3,1,9,1,64,352,35,2,37,005,48,3,58,183,26,7,,,25,1*61
$GPGSV,3,2,9,9,23,280,,16,06,052,,17,12,264,09,28,17,139,24,1*65
$GPGSV,3,3,9,31,42,124,43,1*69
$GPRMC,015807.10,A,3001.73315,S,05112.72955,W,0.13,0.00,090926,,,A,V*2D
$GPGGA,015808.10,3001.73306,S,05112.72958,W,1,05,2.88,102.32,M,,M,,*78
$GPGLL,3001.73306,S,05112.72958,W,015808.10,A,A*66
$GPGSA,A,3,01,02,03,28,31,,,,,,,,4.29,2.88,3.18,1*10
$GPGSV,3,1,9,1,63,352,35,2,37,005,48,3,59,182,26,7,,,24,1*67
$GPGSV,3,2,9,9,23,279,,16,06,052,,17,12,264,02,28,16,139,24,1*69
$GPGSV,3,3,9,31,42,124,43,1*69
$GPRMC,015808.10,A,3001.73306,S,05112.72958,W,0.10,0.00,090926,,,A,V*2E
$GPGGA,015809.10,3001.73310,S,05112.72971,W,1,05,2.88,102.23,M,,M,,*75
$GPGLL,3001.73310,S,05112.72971,W,015809.10,A,A*6B
$GPGSA,A,3,01,02,03,28,31,,,,,,,,4.29,2.88,3.18,1*10
$GPGSV,2,1,8,1,63,352,35,2,37,005,48,3,59,182,25,9,23,279,,1*51
$GPGSV,2,2,8,16,06,052,,17,12,264,05,28,16,139,25,31,42,124,43,1*5F
$GPRMC,015809.10,A,3001.73310,S,05112.72971,W,0.42,0.00,090926,,,A,V*24
$GPGGA,015810.10,3001.73320,S,05112.73001,W,1,05,2.88,101.68,M,,M,,*7D
$GPGLL,3001.73320,S,05112.73001,W,015810.10,A,A*6F
$GPGSA,A,3,01,02,03,28,31,,,,,,,,4.29,2.88,3.18,1*10
$GPGSV,2,1,8,1,63,352,35,2,37,005,48,3,59,182,25,9,23,279,,1*51
$GPGSV,2,2,8,16,06,052,,17,12,264,05,28,16,139,24,31,42,124,43,1*5E
$GPRMC,015810.10,A,3001.73320,S,05112.73001,W,0.10,0.00,090926,,,A,V*27
$GPGGA,015811.10,3001.73331,S,05112.73032,W,1,05,2.88,101.55,M,,M,,*72
$GPGLL,3001.73331,S,05112.73032,W,015811.10,A,A*6E
$GPGSA,A,3,01,02,03,28,31,,,,,,,,4.29,2.88,3.18,1*10
$GPGSV,2,1,8,1,63,352,35,2,37,005,47,3,59,182,25,9,23,279,,1*5E
$GPGSV,2,2,8,16,06,052,,17,12,264,00,28,16,139,24,31,42,124,43,1*5B
$GPRMC,015811.10,A,3001.73331,S,05112.73032,W,0.32,0.00,090926,,,A,V*26
$GPGGA,015812.10,3001.73321,S,05112.73006,W,1,05,2.88,101.07,M,,M,,*70
$GPGLL,3001.73321,S,05112.73006,W,015812.10,A,A*6B
$GPGSA,A,3,01,02,03,28,31,,,,,,,,4.29,2.88,3.18,1*10
$GPGSV,3,1,10,1,63,352,35,2,37,005,47,3,59,182,24,4,,,27,1*52
$GPGSV,3,2,10,5,,,30,9,23,279,,16,06,052,,17,12,264,00,1*55
$GPGSV,3,3,10,28,16,139,23,31,42,124,43,1*66
$GPRMC,015812.10,A,3001.73321,S,05112.73006,W,0.89,0.00,090926,,,A,V*23
$GPGGA,015813.10,3001.73338,S,05112.73055,W,1,05,2.89,100.29,M,,M,,*73
$GPGLL,3001.73338,S,05112.73055,W,015813.10,A,A*64
$GPGSA,A,3,01,02,03,28,31,,,,,,,,4.29,2.89,3.18,1*11
$GPGSV,3,1,11,1,63,352,35,2,37,005,48,3,59,182,24,4,,,25,1*5E
$GPGSV,3,2,11,5,,,24,7,,,26,9,23,279,18,16,06,052,,1*5E
$GPGSV,3,3,11,17,12,264,11,28,16,139,23,31,42,124,43,1*52
$GPRMC,015813.10,A,3001.73338,S,05112.73055,W,0.40,0.00,090926,,,A,V*29
$GPGGA,015814.10,3001.73331,S,05112.73051,W,1,05,2.89,100.21,M,,M,,*71
$GPGLL,3001.73331,S,05112.73051,W,015814.10,A,A*6E
$GPGSA,A,3,01,02,03,28,31,,,,,,,,4.29,2.89,3.18,1*11
$GPGSV,3,1,11,1,63,352,35,2,37,005,48,3,59,182,24,4,,,25,1*5E
$GPGSV,3,2,11,7,,,25,9,23,279,10,16,06,052,,17,12,264,07,1*54
$GPGSV,3,3,11,19,,,25,28,16,139,23,31,42,124,43,1*68
$GPRMC,015814.10,A,3001.73331,S,05112.73051,W,0.27,0.00,090926,,,A,V*22
$GPGGA,015815.10,3001.73323,S,05112.73050,W,1,05,2.89,100.11,M,,M,,*71
$GPGLL,3001.73323,S,05112.73050,W,015815.10,A,A*6D
$GPGSA,A,3,01,02,03,28,31,,,,,,,,4.29,2.89,3.18,1*11
$GPGSV,3,1,11,1,63,352,35,2,37,005,48,3,59,182,24,4,,,24,1*5F
$GPGSV,3,2,11,7,,,25,9,23,279,09,16,06,052,,17,12,264,08,1*53
$GPGSV,3,3,11,19,,,25,28,16,139,24,31,42,124,43,1*6F
$GPRMC,015815.10,A,3001.73323,S,05112.73050,W,0.15,0.00,090926,,,A,V*20
$GPGGA,015816.10,3001.73317,S,05112.73041,W,1,05,2.89,100.23,M,,M,,*74
$GPGLL,3001.73317,S,05112.73041,W,015816.10,A,A*69
$GPGSA,A,3,01,02,03,28,31,,,,,,,,4.29,2.89,3.18,1*11
$GPGSV,3,1,10,1,63,352,36,2,37,005,48,3,59,182,23,7,,,25,1*58
$GPGSV,3,2,10,9,23,279,13,16,06,052,,17,12,264,08,19,,,25,1*66
$GPGSV,3,3,10,28,16,139,24,31,42,124,44,1*66
$GPRMC,015816.10,A,3001.73317,S,05112.73041,W,0.15,0.00,090926,,,A,V*24
$GPGGA,015817.10,3001.73303,S,05112.73026,W,1,05,2.89,100.96,M,,M,,*7F
$GPGLL,3001.73303,S,05112.73026,W,015817.10,A,A*6C
$GPGSA,A,3,01,02,03,28,31,,,,,,,,4.29,2.89,3.18,1*11
$GPGSV,2,1,8,1,63,352,36,2,37,005,48,3,59,182,23,9,23,279,,1*54
$GPGSV,2,2,8,16,06,052,,17,12,264,07,28,16,139,24,31,42,124,44,1*5B
$GPRMC,015817.10,A,3001.73303,S,05112.73026,W,0.64,0.00,090926,,,A,V*27
$GPGGA,015818.10,3001.73317,S,05112.73075,W,1,05,2.89,100.92,M,,M,,*77
$GPGLL,3001.73317,S,05112.73075,W,015818.10,A,A*60
$GPGSA,A,3,01,02,03,28,31,,,,,,,,4.29,2.89,3.18,1*11
$GPGSV,2,1,8,1,63,352,35,2,37,005,48,3,59,182,22,9,23,279,20,1*54
$GPGSV,2,2,8,16,06,052,,17,12,264,05,28,16,139,24,31,42,124,44,1*59
$GPRMC,015818.10,A,3001.73317,S,05112.73075,W,0.14,0.00,090926,,,A,V*2C
$GPGGA,015819.10,3001.73321,S,05112.73084,W,1,05,2.89,101.43,M,,M,,*70
$GPGLL,3001.73321,S,05112.73084,W,015819.10,A,A*6A
$GPGSA,A,3,01,02,03,28,31,,,,,,,,4.29,2.89,3.18,1*11
$GPGSV,2,1,8,1,63,352,35,2,37,005,48,3,59,182,22,9,23,279,12,1*55
$GPGSV,2,2,8,16,06,052,,17,12,264,00,28,16,139,24,31,42,124,44,1*5C
$GPRMC,015819.10,A,3001.73321,S,05112.73084,W,0.39,0.00,090926,,,A,V*29
$GPGGA,015820.10,3001.73329,S,05112.73106,W,1,05,2.89,102.10,M,,M,,*7C
$GPGLL,3001.73329,S,05112.73106,W,015820.10,A,A*63
$GPGSA,A,3,01,02,03,28,31,,,,,,,,4.29,2.89,3.18,1*11
$GPGSV,2,1,8,1,63,352,35,2,37,005,47,3,59,182,21,9,23,279,01,1*5B
$GPGSV,2,2,8,16,06,052,,17,12,264,06,28,16,139,24,31,42,124,43,1*5D
$GPRMC,015820.10,A,3001.73329,S,05112.73106,W,0.13,0.00,090926,,,A,V*28
$GPGGA,015821.10,3001.73312,S,05112.73072,W,1,05,2.89,102.96,M,,M,,*79
$GPGLL,3001.73312,S,05112.73072,W,015821.10,A,A*68
$GPGSA,A,3,01,02,03,28,31,,,,,,,,4.29,2.89,3.17,1*1E
$GPGSV,2,1,8,1,63,352,35,2,37,005,48,3,59,182,21,9,23,279,12,1*56
$GPGSV,2,2,8,16,06,052,,17,12,264,06,28,16,139,24,31,42,124,44,1*5A
$GPRMC,015821.10,A,3001.73312,S,05112.73072,W,0.38,0.00,090926,,,A,V*2A
$GPGGA,015822.10,3001.73328,S,05112.73115,W,1,05,2.89,102.95,M,,M,,*70
$GPGLL,3001.73328,S,05112.73115,W,015822.10,A,A*62
$GPGSA,A,3,01,02,03,28,31,,,,,,,,4.30,2.89,3.17,1*16
$GPGSV,2,1,8,1,63,352,35,2,37,005,47,3,59,182,20,9,23,279,00,1*5B
$GPGSV,2,2,8,16,06,052,,17,12,264,06,28,16,139,24,31,42,124,44,1*5A
$GPRMC,015822.10,A,3001.73328,S,05112.73115,W,0.62,0.00,090926,,,A,V*2F
$GPGGA,015823.10,3001.73342,S,05112.73158,W,1,05,2.89,102.76,M,,M,,*79
$GPGLL,3001.73342,S,05112.73158,W,015823.10,A,A*66
$GPGSA,A,3,01,02,03,28,31,,,,,,,,4.30,2.89,3.17,1*16
$GPGSV,2,1,8,1,63,352,35,2,37,005,48,3,59,182,20,9,23,279,03,1*57
$GPGSV,2,2,8,16,06,052,,17,12,264,05,28,16,139,24,31,42,124,44,1*59
$GPRMC,015823.10,A,3001.73342,S,05112.73158,W,0.32,0.00,090926,,,A,V*2E
$GPGGA,015824.10,3001.73353,S,05112.73187,W,1,05,2.89,102.71,M,,M,,*7B
$GPGLL,3001.73353,S,05112.73187,W,015824.10,A,A*63
$GPGSA,A,3,01,02,03,28,31,,,,,,,,4.30,2.89,3.17,1*16
$GPGSV,3,1,9,1,63,352,35,2,37,005,48,3,59,182,20,9,23,279,09,1*5D
$GPGSV,3,2,9,16,06,052,,17,12,264,11,28,16,139,24,31,42,124,44,1*5C
$GPGSV,3,3,9,193,,,27,1*63
$GPRMC,015824.10,A,3001.73353,S,05112.73187,W,0.75,0.00,090926,,,A,V*28
$GPGGA,015825.10,3001.73362,S,05112.73210,W,1,05,2.90,102.84,M,,M,,*77
$GPGLL,3001.73362,S,05112.73210,W,015825.10,A,A*6D
$GPGSA,A,3,01,02,03,28,31,,,,,,,,4.30,2.90,3.17,1*1E
$GPGSV,2,1,8,1,63,352,35,2,37,005,48,3,59,182,19,9,23,279,07,1*59
$GPGSV,2,2,8,16,06,052,,17,12,264,06,28,16,139,24,31,42,124,44,1*5A
$GPRMC,015825.10,A,3001.73362,S,05112.73210,W,0.14,0.00,090926,,,A,V*21
$GPGGA,015826.10,3001.73371,S,05112.73241,W,1,05,2.90,102.79,M,,M,,*70
$GPGLL,3001.73371,S,05112.73241,W,015826.10,A,A*68
$GPGSA,A,3,01,02,03,28,31,,,,,,,,4.30,2.90,3.17,1*1E
$GPGSV,3,1,9,1,63,352,35,2,37,005,47,3,59,182,19,4,,,29,1*6A
$GPGSV,3,2,9,9,23,279,05,16,06,052,,17,12,264,00,28,16,139,24,1*6E
$GPGSV,3,3,9,31,42,124,43,1*69
$GPRMC,015826.10,A,3001.73371,S,05112.73241,W,0.51,0.00,090926,,,A,V*25
$GPGGA,015827.10,3001.73366,S,05112.73229,W,1,05,2.90,102.81,M,,M,,*7E
$GPGLL,3001.73366,S,05112.73229,W,015827.10,A,A*61
$GPGSA,A,3,01,02,03,28,31,,,,,,,,4.30,2.90,3.17,1*1E
$GPGSV,3,1,10,1,63,352,35,2,37,005,48,3,59,182,19,4,,,25,1*51
$GPGSV,3,2,10,9,23,279,07,16,06,052,,17,12,264,,28,16,139,24,1*54
$GPGSV,3,3,10,31,42,124,44,201,,,26,1*61
$GPRMC,015827.10,A,3001.73366,S,05112.73229,W,0.18,0.00,090926,,,A,V*21
$GPGGA,015828.10,3001.73368,S,05112.73214,W,1,05,2.90,102.94,M,,M,,*75
$GPGLL,3001.73368,S,05112.73214,W,015828.10,A,A*6E
$GPGSA,A,3,01,02,03,28,31,,,,,,,,4.30,2.90,3.17,1*1E
$GPGSV,3,1,12,1,63,352,35,2,37,005,48,3,59,182,18,4,,,24,1*53
$GPGSV,3,2,12,5,,,25,6,,,27,9,23,279,03,16,06,052,,1*56
$GPGSV,3,3,12,17,12,264,,28,16,139,24,31,42,124,43,201,,,25,1*62
$GPRMC,015828.10,A,3001.73368,S,05112.73214,W,0.35,0.00,090926,,,A,V*21
$GPGGA,015829.10,3001.73354,S,05112.73187,W,1,05,2.90,103.15,M,,M,,*7A
$GPGLL,3001.73354,S,05112.73187,W,015829.10,A,A*69
$GPGSA,A,3,01,02,03,28,31,,,,,,,,4.30,2.90,3.17,1*1E
$GPGSV,4,1,14,1,63,352,36,2,37,005,48,3,59,182,18,4,,,24,1*51
$GPGSV,4,2,14,5,,,25,6,,,26,7,,,26,9,23,279,02,1*52
$GPGSV,4,3,14,16,06,052,,17,12,264,,28,16,139,24,31,42,124,44,1*66
$GPGSV,4,4,14,200,,,28,201,,,25,1*6D
$GPRMC,015829.10,A,3001.73354,S,05112.73187,W,0.78,0.00,090926,,,A,V*2F
$GPGGA,015830.10,3001.73327,S,05112.73119,W,1,05,2.90,104.26,M,,M,,*76
$GPGLL,3001.73327,S,05112.73119,W,015830.10,A,A*62
$GPGSA,A,3,01,02,03,28,31,,,,,,,,4.30,2.90,3.17,1*1E
$GPGSV,3,1,10,1,63,352,35,2,37,005,48,3,59,182,17,9,23,279,04,1*6C
$GPGSV,3,2,10,16,06,052,,17,12,264,,28,16,139,23,31,42,124,44,1*63
$GPGSV,3,3,10,200,,,26,201,,,24,1*66
$GPRMC,015830.10,A,3001.73327,S,05112.73119,W,0.39,0.00,090926,,,A,V*21
$GPGGA,015831.10,3001.73310,S,05112.73084,W,1,05,2.90,104.05,M,,M,,*77
$GPGLL,3001.73310,S,05112.73084,W,015831.10,A,A*62
$GPGSA,A,3,01,02,03,28,31,,,,,,,,4.30,2.90,3.17,1*1E
$GPGSV,3,1,10,1,63,352,36,2,37,005,47,3,59,182,17,9,23,279,11,1*64
$GPGSV,3,2,10,12,,,26,16,06,052,,17,12,264,,28,16,139,23,1*57
$GPGSV,3,3,10,31,42,124,44,200,,,25,1*63
$GPRMC,015831.10,A,3001.73310,S,05112.73084,W,0.65,0.00,090926,,,A,V*28
$GPGGA,015832.10,3001.73327,S,05112.73129,W,1,05,2.90,104.00,M,,M,,*73
$GPGLL,3001.73327,S,05112.73129,W,015832.10,A,A*63
$GPGSA,A,3,01,02,03,28,31,,,,,,,,4.30,2.90,3.17,1*1E
$GPGSV,3,1,10,1,63,352,36,2,37,005,47,3,59,182,18,9,23,279,07,1*6C
$GPGSV,3,2,10,12,,,25,16,06,052,,17,12,264,,28,16,139,23,1*54
$GPGSV,3,3,10,31,42,124,44,200,,,25,1*63
$GPRMC,015832.10,A,3001.73327,S,05112.73129,W,0.09,0.00,090926,,,A,V*23
$GPGGA,015833.10,3001.73324,S,05112.73112,W,1,05,2.90,103.86,M,,M,,*70
$GPGLL,3001.73324,S,05112.73112,W,015833.10,A,A*69
$GPGSA,A,3,01,02,03,28,31,,,,,,,,4.30,2.90,3.17,1*1E
$GPGSV,3,1,9,1,63,352,36,2,37,005,48,3,59,182,18,9,23,279,10,1*5D
$GPGSV,3,2,9,12,,,24,16,06,052,,17,12,264,,28,16,139,24,1*6A
$GPGSV,3,3,9,31,42,124,44,1*6E
$GPRMC,015833.10,A,3001.73324,S,05112.73112,W,0.38,0.00,090926,,,A,V*2B
$GPGGA,015834.10,3001.73322,S,05112.73113,W,1,05,2.90,103.60,M,,M,,*78
$GPGLL,3001.73322,S,05112.73113,W,015834.10,A,A*69
$GPGSA,A,3,01,02,03,28,31,,,,,,,,4.30,2.90,3.17,1*1E
$GPGSV,3,1,12,1,63,352,36,2,37,005,48,3,59,182,19,9,23,279,00,1*67
$GPGSV,3,2,12,11,,,26,12,,,25,16,06,052,,17,12,264,,1*65
$GPGSV,3,3,12,28,16,139,24,31,42,124,44,193,,,43,194,,,42,1*62
$GPRMC,015834.10,A,3001.73322,S,05112.73113,W,0.37,0.00,090926,,,A,V*24
$GPGGA,015835.10,3001.73326,S,05112.73129,W,1,05,2.90,103.28,M,,M,,*78
$GPGLL,3001.73326,S,05112.73129,W,015835.10,A,A*65
$GPGSA,A,3,01,02,03,28,31,,,,,,,,4.30,2.90,3.17,1*1E
$GPGSV,3,1,11,1,63,352,36,2,37,005,48,3,59,182,19,9,23,279,07,1*63
$GPGSV,3,2,11,11,,,25,16,06,052,,17,12,264,,28,16,139,24,1*51
$GPGSV,3,3,11,31,42,124,44,193,,,27,194,,,27,1*50
$GPRMC,015835.10,A,3001.73326,S,05112.73129,W,0.40,0.00,090926,,,A,V*28
$GPGGA,015836.10,3001.73315,S,05112.73110,W,1,05,2.91,103.55,M,,M,,*7A
$GPGLL,3001.73315,S,05112.73110,W,015836.10,A,A*6C
$GPGSA,A,3,01,02,03,28,31,,,,,,,,4.30,2.91,3.17,1*1F
$GPGSV,3,1,11,1,63,352,36,2,37,005,48,3,59,182,19,9,23,279,00,1*64
$GPGSV,3,2,11,11,,,24,16,06,052,,17,12,264,,28,16,139,24,1*50
$GPGSV,3,3,11,31,42,124,44,193,,,25,194,,,25,1*50
$GPRMC,015836.10,A,3001.73315,S,05112.73110,W,0.09,0.00,090926,,,A,V*2C
$GPGGA,015837.10,3001.73310,S,05112.73093,W,1,05,2.91,103.69,M,,M,,*7B
$GPGLL,3001.73310,S,05112.73093,W,015837.10,A,A*62
$GPGSA,A,3,01,02,03,28,31,,,,,,,,4.30,2.91,3.17,1*1F
$GPGSV,3,1,12,1,63,352,36,2,37,005,48,3,59,182,19,9,23,279,06,1*61
$GPGSV,3,2,12,11,,,25,12,,,26,16,06,052,,17,12,264,,1*65
$GPGSV,3,3,12,28,16,139,23,31,42,124,44,193,,,25,194,,,24,1*65
$GPRMC,015837.10,A,3001.73310,S,05112.73093,W,0.05,0.00,090926,,,A,V*2E
$GPGGA,015838.10,3001.73304,S,05112.73092,W,1,05,2.91,103.68,M,,M,,*71
$GPGLL,3001.73304,S,05112.73092,W,015838.10,A,A*69
$GPGSA,A,3,01,02,03,28,31,,,,,,,,4.30,2.91,3.17,1*1F
$GPGSV,3,1,12,1,63,352,36,2,37,005,48,3,59,182,20,4,,,26,1*59
$GPGSV,3,2,12,5,,,27,9,23,279,,11,,,24,12,,,25,1*50
$GPGSV,3,3,12,16,06,052,,17,12,264,,28,16,139,24,31,42,124,44,1*67
$GPRMC,015838.10,A,3001.73304,S,05112.73092,W,0.13,0.00,090926,,,A,V*22
$GPGGA,015839.10,3001.73290,S,05112.73064,W,1,05,2.91,104.10,M,,M,,*7D
$GPGLL,3001.73290,S,05112.73064,W,015839.10,A,A*6D
$GPGSA,A,3,01,02,03,28,31,,,,,,,,4.30,2.91,3.17,1*1F
$GPGSV,3,1,11,1,63,352,36,2,37,005,48,3,59,182,19,5,,,25,1*52
$GPGSV,3,2,11,9,23,279,,11,,,42,12,,,24,16,06,052,,1*54
$GPGSV,3,3,11,17,12,264,,28,16,139,24,31,42,124,44,1*52
$GPRMC,015839.10,A,3001.73290,S,05112.73064,W,0.07,0.00,090926,,,A,V*23
$GPGGA,015840.10,3001.73299,S,05112.73097,W,1,05,2.91,103.90,M,,M,,*79
$GPGLL,3001.73299,S,05112.73097,W,015840.10,A,A*66
$GPGSA,A,3,01,02,03,28,31,,,,,,,,4.30,2.91,3.17,1*1F
$GPGSV,3,1,9,1,63,352,36,2,37,005,48,3,59,182,20,9,23,279,,1*57
$GPGSV,3,2,9,11,,,27,16,06,052,,17,12,264,18,28,16,139,23,1*64
$GPGSV,3,3,9,31,42,124,44,1*6E
$GPRMC,015840.10,A,3001.73299,S,05112.73097,W,0.31,0.00,090926,,,A,V*2D
$GPGGA,015841.10,3001.73297,S,05112.73115,W,1,05,2.91,104.61,M,,M,,*74
$GPGLL,3001.73297,S,05112.73115,W,015841.10,A,A*62
$GPGSA,A,3,01,02,03,28,31,,,,,,,,4.30,2.91,3.17,1*1F
$GPGSV,3,1,9,1,63,352,36,2,37,005,48,3,59,182,19,9,23,279,,1*5D
$GPGSV,3,2,9,11,,,25,16,06,052,,17,12,264,10,28,16,139,24,1*69
$GPGSV,3,3,9,31,42,124,44,1*6E
$GPRMC,015841.10,A,3001.73297,S,05112.73115,W,0.13,0.00,090926,,,A,V*29
$GPGGA,015842.10,3001.73286,S,05112.73096,W,1,05,2.91,104.56,M,,M,,*79
$GPGLL,3001.73286,S,05112.73096,W,015842.10,A,A*6B
$GPGSA,A,3,01,02,03,28,31,,,,,,,,4.30,2.91,3.17,1*1F
$GPGSV,3,1,10,1,63,352,36,2,37,005,48,3,59,182,19,9,23,279,,1*65
$GPGSV,3,2,10,11,,,25,16,06,052,,17,12,264,08,28,16,139,23,1*5F
$GPGSV,3,3,10,30,,,26,31,42,124,44,1*51
$GPRMC,015842.10,A,3001.73286,S,05112.73096,W,0.07,0.00,090926,,,A,V*25
$GPGGA,015843.10,3001.73272,S,05112.73072,W,1,05,2.91,104.87,M,,M,,*75
$GPGLL,3001.73272,S,05112.73072,W,015843.10,A,A*6B
$GPGSA,A,3,01,02,03,28,31,,,,,,,,4.30,2.91,3.17,1*1F
$GPGSV,3,1,9,1,63,352,36,2,37,005,48,3,59,182,19,9,23,279,,1*5D
$GPGSV,3,2,9,16,06,052,,17,12,264,07,28,16,139,23,30,,,25,1*6B
$GPGSV,3,3,9,31,42,124,44,1*6E
$GPRMC,015843.10,A,3001.73272,S,05112.73072,W,0.48,0.00,090926,,,A,V*2E
$GPGGA,015844.10,3001.73278,S,05112.73083,W,1,05,2.91,105.36,M,,M,,*7D
$GPGLL,3001.73278,S,05112.73083,W,015844.10,A,A*68
$GPGSA,A,3,01,02,03,28,31,,,,,,,,4.30,2.91,3.17,1*1F
$GPGSV,3,1,9,1,63,352,36,2,37,005,48,3,59,182,19,9,23,279,,1*5D
$GPGSV,3,2,9,16,06,052,,17,12,264,04,28,16,139,23,30,,,24,1*69
$GPGSV,3,3,9,31,42,124,44,1*6E
$GPRMC,015844.10,A,3001.73278,S,05112.73083,W,0.31,0.00,090926,,,A,V*23
$GPGGA,015845.10,3001.73294,S,05112.73126,W,1,05,2.91,104.66,M,,M,,*74
$GPGLL,3001.73294,S,05112.73126,W,015845.10,A,A*65
$GPGSA,A,3,01,02,03,28,31,,,,,,,,4.30,2.91,3.17,1*1F
$GPGSV,3,1,9,1,63,352,36,2,37,005,48,3,59,182,20,9,23,279,,1*57
$GPGSV,3,2,9,16,06,052,,17,12,264,00,28,16,139,22,30,,,25,1*6D
$GPGSV,3,3,9,31,42,124,44,1*6E
$GPRMC,015845.10,A,3001.73294,S,05112.73126,W,0.48,0.00,090926,,,A,V*20
$GPGGA,015846.10,3001.73318,S,05112.73178,W,1,05,2.91,103.95,M,,M,,*72
$GPGLL,3001.73318,S,05112.73178,W,015846.10,A,A*68
$GPGSA,A,3,01,02,03,28,31,,,,,,,,4.30,2.91,3.17,1*1F
$GPGSV,2,1,8,1,63,352,36,2,37,005,48,3,59,182,21,9,23,279,,1*56
$GPGSV,2,2,8,16,06,052,,17,12,264,04,28,16,139,22,31,42,124,44,1*5E
$GPRMC,015846.10,A,3001.73318,S,05112.73178,W,0.64,0.00,090926,,,A,V*23
$GPGGA,015847.10,3001.73331,S,05112.73207,W,1,05,2.92,103.35,M,,M,,*7A
$GPGLL,3001.73331,S,05112.73207,W,015847.10,A,A*69
$GPGSA,A,3,01,02,03,28,31,,,,,,,,4.30,2.92,3.16,1*1D
$GPGSV,2,1,8,1,63,352,36,2,37,005,48,3,59,182,19,9,23,279,,1*5D
$GPGSV,2,2,8,16,06,052,,17,12,264,03,28,16,139,22,31,42,124,44,1*59
$GPRMC,015847.10,A,3001.73331,S,05112.73207,W,0.65,0.00,090926,,,A,V*23
$GPGGA,015848.10,3001.73321,S,05112.73185,W,1,05,2.92,103.55,M,,M,,*7B
$GPGLL,3001.73321,S,05112.73185,W,015848.10,A,A*6E
$GPGSA,A,3,01,02,03,28,31,,,,,,,,4.30,2.92,3.16,1*1D
$GPGSV,2,1,8,1,63,352,36,2,37,005,48,3,59,182,20,9,23,279,,1*57
$GPGSV,2,2,8,16,06,052,,17,12,264,02,28,16,139,22,31,42,124,44,1*58
$GPRMC,015848.10,A,3001.73321,S,05112.73185,W,0.64,0.00,090926,,,A,V*25
$GPGGA,015849.10,3001.73315,S,05112.73174,W,1,05,2.92,103.81,M,,M,,*7A
$GPGLL,3001.73315,S,05112.73174,W,015849.10,A,A*66
$GPGSA,A,3,01,02,03,28,31,,,,,,,,4.30,2.92,3.16,1*1D
$GPGSV,2,1,8,1,63,352,36,2,37,005,48,3,59,182,20,9,23,279,,1*57
$GPGSV,2,2,8,16,06,052,,17,12,264,02,28,16,139,21,31,42,124,44,1*5B
$GPRMC,015849.10,A,3001.73315,S,05112.73174,W,0.30,0.00,090926,,,A,V*2C
$GPGGA,015850.10,3001.73327,S,05112.73174,W,1,05,2.92,103.66,M,,M,,*7A
$GPGLL,3001.73327,S,05112.73174,W,015850.10,A,A*6F
$GPGSA,A,3,01,02,03,28,31,,,,,,,,4.30,2.92,3.16,1*1D
$GPGSV,2,1,8,1,63,352,36,2,37,005,48,3,59,182,20,9,23,279,,1*57
$GPGSV,2,2,8,16,06,052,,17,12,264,05,28,16,139,21,31,42,124,44,1*5C
$GPRMC,015850.10,A,3001.73327,S,05112.73174,W,0.24,0.00,090926,,,A,V*20
$GPGGA,015851.10,3001.73350,S,05112.73232,W,1,05,2.92,103.57,M,,M,,*78
$GPGLL,3001.73350,S,05112.73232,W,015851.10,A,A*6F
$GPGSA,A,3,01,02,03,28,31,,,,,,,,4.30,2.92,3.16,1*1D
$GPGSV,2,1,8,1,63,352,36,2,37,005,48,3,59,182,20,9,23,279,,1*57
$GPGSV,2,2,8,16,06,052,,17,12,264,05,28,16,139,21,31,42,124,44,1*5C
$GPRMC,015851.10,A,3001.73350,S,05112.73232,W,0.37,0.00,090926,,,A,V*22
$GPGGA,015852.10,3001.73381,S,05112.73290,W,1,05,2.92,102.76,M,,M,,*7D
$GPGLL,3001.73381,S,05112.73290,W,015852.10,A,A*68
$GPGSA,A,3,01,02,03,28,31,,,,,,,,4.30,2.92,3.16,1*1D
$GPGSV,2,1,8,1,63,352,36,2,37,005,48,3,59,182,20,9,23,279,,1*57
$GPGSV,2,2,8,16,06,052,,17,12,264,04,28,16,139,21,31,42,124,44,1*5D
$GPRMC,015852.10,A,3001.73381,S,05112.73290,W,0.35,0.00,090926,,,A,V*27
$GPGGA,015853.10,3001.73394,S,05112.73297,W,1,05,2.92,102.44,M,,M,,*7E
$GPGLL,3001.73394,S,05112.73297,W,015853.10,A,A*6A
$GPGSA,A,3,01,02,03,28,31,,,,,,,,4.30,2.92,3.16,1*1D
$GPGSV,3,1,9,1,63,352,36,2,37,005,48,3,59,182,20,5,,,26,1*62
$GPGSV,3,2,9,9,23,279,,16,06,052,,17,12,264,06,28,16,139,21,1*68
$GPGSV,3,3,9,31,42,124,44,1*6E
$GPRMC,015853.10,A,3001.73394,S,05112.73297,W,0.28,0.00,090926,,,A,V*29
$GPGGA,015854.10,3001.73408,S,05112.73316,W,1,05,2.92,101.98,M,,M,,*71
$GPGLL,3001.73408,S,05112.73316,W,015854.10,A,A*67
$GPGSA,A,3,01,02,03,28,31,,,,,,,,4.31,2.92,3.16,1*1C
$GPGSV,3,1,11,1,63,352,36,2,37,005,48,3,59,182,19,4,,,28,1*5E
$GPGSV,3,2,11,5,,,25,6,,,28,9,23,279,,16,06,052,,1*59
$GPGSV,3,3,11,17,12,264,03,28,16,139,21,31,42,124,44,1*54
$GPRMC,015854.10,A,3001.73408,S,05112.73316,W,0.12,0.00,090926,,,A,V*2D
$GPGGA,015855.10,3001.73400,S,05112.73284,W,1,05,2.92,101.97,M,,M,,*7D
$GPGLL,3001.73400,S,05112.73284,W,015855.10,A,A*64
$GPGSA,A,3,01,02,03,28,31,,,,,,,,4.31,2.92,3.16,1*1C
$GPGSV,3,1,12,1,63,352,36,2,37,005,48,3,59,182,20,4,,,25,1*5A
$GPGSV,3,2,12,5,,,25,6,,,26,9,23,279,,16,06,052,,1*54
$GPGSV,3,3,12,17,12,264,00,19,,,28,28,16,139,21,31,42,124,44,1*56
$GPRMC,015855.10,A,3001.73400,S,05112.73284,W,0.66,0.00,090926,,,A,V*2D
$GPGGA,015856.10,3001.73391,S,05112.73244,W,1,05,2.92,102.41,M,,M,,*75
$GPGLL,3001.73391,S,05112.73244,W,015856.10,A,A*64
$GPGSA,A,3,01,02,03,28,31,,,,,,,,4.31,2.92,3.16,1*1C
$GPGSV,3,1,12,1,63,352,36,2,37,005,48,3,59,182,19,4,,,25,1*50
$GPGSV,3,2,12,5,,,25,6,,,25,9,23,279,,16,06,052,,1*57
$GPGSV,3,3,12,17,12,264,00,19,,,26,28,16,139,21,31,42,124,44,1*58
$GPRMC,015856.10,A,3001.73391,S,05112.73244,W,0.20,0.00,090926,,,A,V*2F
$GPGGA,015857.10,3001.73390,S,05112.73219,W,1,05,2.92,102.65,M,,M,,*7B
$GPGLL,3001.73390,S,05112.73219,W,015857.10,A,A*6C
$GPGSA,A,3,01,02,03,28,31,,,,,,,,4.31,2.92,3.16,1*1C
$GPGSV,3,1,9,1,63,352,36,2,37,005,48,3,59,182,20,6,,,25,1*62
$GPGSV,3,2,9,9,23,279,,16,06,052,,17,12,264,00,28,16,139,21,1*6E
$GPGSV,3,3,9,31,42,124,44,1*6E
$GPRMC,015857.10,A,3001.73390,S,05112.73219,W,0.40,0.00,090926,,,A,V*21
$GPGGA,015858.10,3001.73389,S,05112.73202,W,1,05,2.93,102.52,M,,M,,*73
$GPGLL,3001.73389,S,05112.73202,W,015858.10,A,A*61
$GPGSA,A,3,01,02,03,28,31,,,,,,,,4.31,2.93,3.16,1*1D
$GPGSV,3,1,9,1,63,352,36,2,37,005,48,3,59,182,19,9,23,279,,1*5D
$GPGSV,3,2,9,16,06,052,,17,12,264,00,19,,,26,28,16,139,21,1*66
$GPGSV,3,3,9,31,42,124,44,1*6E
$GPRMC,015858.10,A,3001.73389,S,05112.73202,W,0.02,0.00,090926,,,A,V*2A
$GPGGA,015859.10,3001.73404,S,05112.73243,W,1,05,2.93,102.31,M,,M,,*70
$GPGLL,3001.73404,S,05112.73243,W,015859.10,A,A*67
$GPGSA,A,3,01,02,03,28,31,,,,,,,,4.31,2.93,3.16,1*1D
$GPGSV,3,1,10,1,63,352,36,2,37,005,49,3,59,182,19,6,,,26,1*52
$GPGSV,3,2,10,9,23,279,,16,06,052,,17,12,264,00,19,,,25,1*6C
$GPGSV,3,3,10,28,16,139,20,31,42,124,44,1*62
$GPRMC,015859.10,A,3001.73404,S,05112.73243,W,0.09,0.00,090926,,,A,V*27
$GPGGA,015900.10,3001.73419,S,05112.73250,W,1,05,2.93,102.01,M,,M,,*70
$GPGLL,3001.73419,S,05112.73250,W,015900.10,A,A*64
$GPGSA,A,3,01,02,03,28,31,,,,,,,,4.31,2.93,3.16,1*1D
$GPGSV,3,1,10,1,63,352,36,2,37,005,48,3,59,182,20,6,,,25,1*5A
$GPGSV,3,2,10,9,23,279,,16,06,052,,17,12,264,00,28,16,139,20,1*57
$GPGSV,3,3,10,31,42,124,44,193,,,29,1*66
$GPRMC,015900.10,A,3001.73419,S,05112.73250,W,0.01,0.00,090926,,,A,V*2C
$GPGGA,015901.10,3001.73425,S,05112.73254,W,1,05,2.93,101.87,M,,M,,*77
$GPGLL,3001.73425,S,05112.73254,W,015901.10,A,A*6E
$GPGSA,A,3,01,02,03,28,31,,,,,,,,4.31,2.93,3.16,1*1D
$GPGSV,3,1,10,1,63,352,36,2,37,005,49,3,59,182,20,6,,,25,1*5B
$GPGSV,3,2,10,9,23,279,,16,06,052,,17,12,264,08,28,16,139,20,1*5F
$GPGSV,3,3,10,31,42,124,44,193,,,26,1*69
$GPRMC,015901.10,A,3001.73425,S,05112.73254,W,0.18,0.00,090926,,,A,V*2E
$GPGGA,015902.10,3001.73437,S,05112.73267,W,1,05,2.93,101.39,M,,M,,*72
$GPGLL,3001.73437,S,05112.73267,W,015902.10,A,A*6E
$GPGSA,A,3,01,02,03,28,31,,,,,,,,4.31,2.93,3.16,1*1D
$GPGSV,3,1,10,1,63,352,37,2,37,005,49,3,59,182,20,6,,,25,1*5A
$GPGSV,3,2,10,9,23,279,,16,06,052,,17,12,264,02,28,16,139,20,1*55
$GPGSV,3,3,10,31,42,124,44,193,,,24,1*6B
$GPRMC,015902.10,A,3001.73437,S,05112.73267,W,0.18,0.00,090926,,,A,V*2E
$GPGGA,015903.10,3001.73444,S,05112.73257,W,1,05,2.93,101.40,M,,M,,*7A
$GPGLL,3001.73444,S,05112.73257,W,015903.10,A,A*68
$GPGSA,A,3,01,02,03,28,31,,,,,,,,4.31,2.93,3.16,1*1D
$GPGSV,3,1,10,1,63,352,37,2,37,005,48,3,59,182,20,9,23,279,,1*6E
$GPGSV,3,2,10,16,06,052,,17,12,264,00,28,16,139,20,31,42,124,44,1*60
$GPGSV,3,3,10,193,,,25,194,,,31,1*67
$GPRMC,015903.10,A,3001.73444,S,05112.73257,W,0.14,0.00,090926,,,A,V*24
$GPGGA,015904.10,3001.73436,S,05112.73223,W,1,05,2.93,101.35,M,,M,,*79
$GPGLL,3001.73436,S,05112.73223,W,015904.10,A,A*69
$GPGSA,A,3,01,02,03,28,31,,,,,,,,4.31,2.93,3.16,1*1D
$GPGSV,3,1,9,1,63,352,37,2,37,005,49,3,59,182,20,9,23,279,21,1*54
$GPGSV,3,2,9,16,06,052,,17,12,264,01,28,16,139,20,31,42,124,44,1*59
$GPGSV,3,3,9,194,,,26,1*65
$GPRMC,015904.10,A,3001.73436,S,05112.73223,W,0.62,0.00,090926,,,A,V*24
$GPGGA,015905.10,3001.73434,S,05112.73208,W,1,05,2.93,101.37,M,,M,,*71
$GPGLL,3001.73434,S,05112.73208,W,015905.10,A,A*63
$GPGSA,A,3,01,02,03,28,31,,,,,,,,4.31,2.93,3.16,1*1D
$GPGSV,3,1,9,1,63,352,37,2,37,005,48,3,59,182,20,9,23,279,15,1*52
$GPGSV,3,2,9,16,06,052,,17,12,264,09,28,16,139,20,31,42,124,44,1*51
$GPGSV,3,3,9,194,,,25,1*66
$GPRMC,015905.10,A,3001.73434,S,05112.73208,W,0.48,0.00,090926,,,A,V*26
$GPGGA,015906.10,3001.73430,S,05112.73191,W,1,05,2.93,101.43,M,,M,,*76
$GPGLL,3001.73430,S,05112.73191,W,015906.10,A,A*67
$GPGSA,A,3,01,02,03,28,31,,,,,,,,4.31,2.93,3.16,1*1D
$GPGSV,3,1,10,1,63,352,37,2,37,005,48,3,59,182,19,9,23,279,05,1*61
$GPGSV,3,2,10,16,06,052,,17,12,264,03,28,16,139,20,31,42,124,43,1*64
$GPGSV,3,3,10,194,,,24,200,,,28,1*67
$GPRMC,015906.10,A,3001.73430,S,05112.73191,W,0.13,0.00,090926,,,A,V*2C
$GPGGA,015907.10,3001.73428,S,05112.73177,W,1,05,2.93,101.42,M,,M,,*77
$GPGLL,3001.73428,S,05112.73177,W,015907.10,A,A*67
$GPGSA,A,3,01,02,03,28,31,,,,,,,,4.31,2.93,3.16,1*1D
$GPGSV,3,1,9,1,63,352,37,2,37,005,48,3,59,182,20,9,23,279,00,1*56
$GPGSV,3,2,9,16,06,052,,17,12,264,05,28,16,139,20,31,42,124,44,1*5D
$GPGSV,3,3,9,200,,,25,1*68
$GPRMC,015907.10,A,3001.73428,S,05112.73177,W,0.06,0.00,090926,,,A,V*28
$GPGGA,015908.10,3001.73411,S,05112.73141,W,1,05,2.93,101.89,M,,M,,*70
$GPGLL,3001.73411,S,05112.73141,W,015908.10,A,A*67
$GPGSA,A,3,01,02,03,28,31,,,,,,,,4.31,2.93,3.16,1*1D
$GPGSV,3,1,10,1,63,352,37,2,36,005,49,3,59,181,20,9,23,279,,1*6D
$GPGSV,3,2,10,16,07,052,,17,12,265,07,27,,,26,28,16,139,20,1*55
$GPGSV,3,3,10,31,42,124,43,200,,,26,1*67
$GPRMC,015908.10,A,3001.73411,S,05112.73141,W,0.68,0.00,090926,,,A,V*20
$GPGGA,015909.10,3001.73401,S,05112.73116,W,1,05,2.94,101.94,M,,M,,*79
$GPGLL,3001.73401,S,05112.73116,W,015909.10,A,A*65
$GPGSA,A,3,01,02,03,28,31,,,,,,,,4.31,2.94,3.16,1*1A
$GPGSV,3,1,11,1,63,352,37,2,36,005,48,3,59,181,19,9,23,279,,1*67
$GPGSV,3,2,11,16,07,052,,17,12,265,01,27,,,25,28,16,139,20,1*51
$GPGSV,3,3,11,30,,,42,31,42,124,43,200,,,25,1*60
$GPRMC,015909.10,A,3001.73401,S,05112.73116,W,0.54,0.00,090926,,,A,V*2D
$GPGGA,015910.10,3001.73415,S,05112.73136,W,1,05,2.94,101.21,M,,M,,*78
$GPGLL,3001.73415,S,05112.73136,W,015910.10,A,A*6A
$GPGSA,A,3,01,02,03,28,31,,,,,,,,4.31,2.94,3.16,1*1A
$GPGSV,3,1,10,1,63,352,37,2,36,005,48,3,59,181,20,9,23,279,,1*6C
$GPGSV,3,2,10,16,07,052,,17,12,265,00,27,,,25,28,16,139,20,1*51
$GPGSV,3,3,10,30,,,26,31,42,124,43,1*56
$GPRMC,015910.10,A,3001.73415,S,05112.73136,W,0.18,0.00,090926,,,A,V*2A
$GPGGA,015911.10,3001.73425,S,05112.73149,W,1,05,2.94,100.73,M,,M,,*74
$GPGLL,3001.73425,S,05112.73149,W,015911.10,A,A*60
$GPGSA,A,3,01,02,03,28,31,,,,,,,,4.31,2.94,3.16,1*1A
$GPGSV,3,1,11,1,63,352,38,2,36,005,48,3,59,181,20,9,23,279,,1*62
$GPGSV,3,2,11,13,,,27,16,07,052,,17,12,265,03,27,,,25,1*60
$GPGSV,3,3,11,28,16,139,20,30,,,25,31,42,124,43,1*60
$GPRMC,015911.10,A,3001.73425,S,05112.73149,W,0.06,0.00,090926,,,A,V*2F
$GPGGA,015912.10,3001.73429,S,05112.73134,W,1,05,2.94,100.77,M,,M,,*75
$GPGLL,3001.73429,S,05112.73134,W,015912.10,A,A*65
$GPGSA,A,3,01,02,03,28,31,,,,,,,,4.31,2.94,3.16,1*1A
$GPGSV,3,1,12,1,63,352,38,2,36,005,48,3,59,181,20,4,,,26,1*55
$GPGSV,3,2,12,5,,,30,9,23,279,,13,,,25,16,07,052,,1*66
$GPGSV,3,3,12,17,12,265,,28,16,139,20,30,,,24,31,42,124,43,1*56
$GPRMC,015912.10,A,3001.73429,S,05112.73134,W,0.25,0.00,090926,,,A,V*2B
$GPGGA,015913.10,3001.73425,S,05112.73109,W,1,05,2.94,100.62,M,,M,,*72
$GPGLL,3001.73425,S,05112.73109,W,015913.10,A,A*66
$GPGSA,A,3,01,02,03,28,31,,,,,,,,4.31,2.94,3.15,1*19
$GPGSV,3,1,12,1,63,352,38,2,36,005,49,3,59,181,20,4,,,25,1*57
$GPGSV,3,2,12,5,,,27,8,,,26,9,23,279,,13,,,25,1*6B
$GPGSV,3,3,12,16,07,052,,17,12,265,,28,16,139,21,31,42,124,44,1*62
$GPRMC,015913.10,A,3001.73425,S,05112.73109,W,0.13,0.00,090926,,,A,V*2D
$GPGGA,015914.10,3001.73418,S,05112.73067,W,1,05,2.94,100.76,M,,M,,*77
$GPGLL,3001.73418,S,05112.73067,W,015914.10,A,A*66
$GPGSA,A,3,01,02,03,28,31,,,,,,,,4.31,2.94,3.15,1*19
$GPGSV,3,1,11,1,63,352,38,2,36,005,49,3,59,181,20,4,,,25,1*54
$GPGSV,3,2,11,8,,,25,9,23,279,,13,,,24,16,07,052,,1*6D
$GPGSV,3,3,11,17,12,265,,28,16,139,20,31,42,124,43,1*50
$GPRMC,015914.10,A,3001.73418,S,05112.73067,W,0.32,0.00,090926,,,A,V*2E
$GPGGA,015915.10,3001.73421,S,05112.73058,W,1,05,2.94,100.62,M,,M,,*75
$GPGLL,3001.73421,S,05112.73058,W,015915.10,A,A*61
$GPGSA,A,3,01,02,03,28,31,,,,,,,,4.31,2.94,3.15,1*19
$GPGSV,3,1,9,1,63,352,38,2,36,005,49,3,59,181,19,8,,,25,1*6B
$GPGSV,3,2,9,9,23,279,,16,07,052,,17,12,265,,28,16,139,19,1*65
$GPGSV,3,3,9,31,42,124,43,1*69
$GPRMC,015915.10,A,3001.73421,S,05112.73058,W,0.27,0.00,090926,,,A,V*2D
$GPGGA,015916.10,3001.73430,S,05112.73064,W,1,05,2.94,99.88,M,,M,,*4C
$GPGLL,3001.73430,S,05112.73064,W,015916.10,A,A*6D
$GPGSA,A,3,01,02,03,28,31,,,,,,,,4.31,2.94,3.15,1*19
$GPGSV,3,1,10,1,63,352,38,2,36,005,49,3,59,181,19,6,,,26,1*5E
$GPGSV,3,2,10,8,,,25,9,23,279,,16,07,052,,17,12,265,22,1*5C
$GPGSV,3,3,10,28,16,139,19,31,42,124,43,1*6F
$GPRMC,015916.10,A,3001.73430,S,05112.73064,W,0.54,0.00,090926,,,A,V*25
$GPGGA,015917.10,3001.73442,S,05112.73079,W,1,05,2.94,99.62,M,,M,,*40
$GPGLL,3001.73442,S,05112.73079,W,015917.10,A,A*65
$GPGSA,A,3,01,02,03,28,31,,,,,,,,4.31,2.94,3.15,1*19
$GPGSV,3,1,9,1,63,352,38,2,36,005,48,3,59,181,19,6,,,25,1*64
$GPGSV,3,2,9,9,23,279,,16,07,052,,17,12,265,16,28,16,139,18,1*63
$GPGSV,3,3,9,31,42,124,43,1*69
$GPRMC,015917.10,A,3001.73442,S,05112.73079,W,0.12,0.00,090926,,,A,V*2F
$GPGGA,015918.10,3001.73438,S,05112.73068,W,1,05,2.94,99.65,M,,M,,*45
$GPGLL,3001.73438,S,05112.73068,W,015918.10,A,A*67
$GPGSA,A,3,01,02,03,28,31,,,,,,,,4.31,2.94,3.15,1*19
$GPGSV,3,1,9,1,63,352,38,2,36,005,48,3,59,181,20,6,,,24,1*6F
$GPGSV,3,2,9,9,23,279,,16,07,052,,17,12,265,14,28,16,139,19,1*60
$GPGSV,3,3,9,31,42,124,43,1*69
$GPRMC,015918.10,A,3001.73438,S,05112.73068,W,0.10,0.00,090926,,,A,V*2F
$GPGGA,015919.10,3001.73427,S,05112.73035,W,1,05,2.94,99.54,M,,M,,*40
$GPGLL,3001.73427,S,05112.73035,W,015919.10,A,A*60
$GPGSA,A,3,01,02,03,28,31,,,,,,,,4.31,2.94,3.15,1*19
$GPGSV,3,1,9,1,63,352,38,2,36,005,48,3,59,181,20,6,,,25,1*6E
$GPGSV,3,2,9,9,23,279,,16,07,052,,17,12,265,06,28,16,139,19,1*63
$GPGSV,3,3,9,31,42,124,43,1*69
$GPRMC,015919.10,A,3001.73427,S,05112.73035,W,0.32,0.00,090926,,,A,V*28
$GPGGA,015920.10,3001.73408,S,05112.72982,W,1,05,2.95,100.09,M,,M,,*7B
$GPGLL,3001.73408,S,05112.72982,W,015920.10,A,A*63
$GPGSA,A,3,01,02,03,28,31,,,,,,,,4.31,2.95,3.15,1*18
$GPGSV,2,1,8,1,63,352,38,2,36,005,48,3,59,181,20,9,23,279,,1*5B
$GPGSV,2,2,8,16,07,052,,17,12,265,,28,16,139,18,31,42,124,43,1*54
$GPRMC,015920.10,A,3001.73408,S,05112.72982,W,0.60,0.00,090926,,,A,V*2C
$GPGGA,015921.10,3001.73428,S,05112.73017,W,1,05,2.95,99.59,M,,M,,*48
$GPGLL,3001.73428,S,05112.73017,W,015921.10,A,A*64
$GPGSA,A,3,01,02,03,28,31,,,,,,,,4.31,2.95,3.15,1*18
$GPGSV,2,1,8,1,63,352,38,2,36,005,48,3,59,181,20,9,23,279,24,1*5D
$GPGSV,2,2,8,16,07,052,,17,12,265,,28,16,139,19,31,42,124,42,1*54
$GPRMC,015921.10,A,3001.73428,S,05112.73017,W,1.27,0.00,090926,,,A,V*29
$GPGGA,015922.10,3001.73408,S,05112.72957,W,1,06,1.26,99.91,M,,M,,*49
$GPGLL,3001.73408,S,05112.72957,W,015922.10,A,A*69
$GPGSA,A,3,01,02,03,09,28,31,,,,,,,2.29,1.26,1.91,1*1B
$GPGSV,2,1,8,1,63,352,38,2,36,005,47,3,59,181,20,9,23,279,21,1*57
$GPGSV,2,2,8,16,07,052,,17,12,265,,28,16,139,20,31,42,124,42,1*5E
$GPRMC,015922.10,A,3001.73408,S,05112.72957,W,0.80,0.00,090926,,,A,V*28
$GPGGA,015923.10,3001.73392,S,05112.72925,W,1,06,1.26,100.18,M,,M,,*79
$GPGLL,3001.73392,S,05112.72925,W,015923.10,A,A*69
$GPGSA,A,3,01,02,03,09,28,31,,,,,,,2.29,1.26,1.91,1*1B
$GPGSV,2,1,8,1,63,352,38,2,36,005,48,3,59,181,20,9,23,279,19,1*53
$GPGSV,2,2,8,16,07,052,,17,12,265,,28,16,139,19,31,42,124,43,1*55
$GPRMC,015923.10,A,3001.73392,S,05112.72925,W,0.88,0.00,090926,,,A,V*20
$GPGGA,015924.10,3001.73408,S,05112.72940,W,1,06,1.26,99.60,M,,M,,*47
$GPGLL,3001.73408,S,05112.72940,W,015924.10,A,A*69
$GPGSA,A,3,01,02,03,09,28,31,,,,,,,2.29,1.26,1.91,1*1B
$GPGSV,2,1,8,1,63,352,38,2,36,005,48,3,59,181,20,9,23,279,19,1*53
$GPGSV,2,2,8,16,07,052,,17,12,265,,28,16,139,19,31,42,124,43,1*55
$GPRMC,015924.10,A,3001.73408,S,05112.72940,W,0.80,0.00,090926,,,A,V*28
$GPGGA,015925.10,3001.73416,S,05112.72948,W,1,06,1.26,99.12,M,,M,,*44
$GPGLL,3001.73416,S,05112.72948,W,015925.10,A,A*6F
$GPGSA,A,3,01,02,03,09,28,31,,,,,,,2.29,1.26,1.91,1*1B
$GPGSV,2,1,8,1,63,352,38,2,36,005,48,3,59,181,20,9,23,279,17,1*5D
$GPGSV,2,2,8,16,07,052,,17,12,265,,28,16,139,20,31,42,124,43,1*5F
$GPRMC,015925.10,A,3001.73416,S,05112.72948,W,0.67,0.00,090926,,,A,V*27
$GPGGA,015926.10,3001.73428,S,05112.72984,W,1,06,1.26,98.53,M,,M,,*4E
$GPGLL,3001.73428,S,05112.72984,W,015926.10,A,A*61
$GPGSA,A,3,01,02,03,09,28,31,,,,,,,2.29,1.26,1.91,1*1B
$GPGSV,2,1,8,1,63,352,38,2,36,005,48,3,59,181,20,9,23,279,18,1*52
$GPGSV,2,2,8,16,07,052,,17,12,265,,28,16,139,18,31,42,124,43,1*54
$GPRMC,015926.10,A,3001.73428,S,05112.72984,W,0.83,0.00,090926,,,A,V*23
$GPGGA,015927.10,3001.73449,S,05112.73024,W,1,06,1.26,97.73,M,,M,,*47
$GPGLL,3001.73449,S,05112.73024,W,015927.10,A,A*65
$GPGSA,A,3,01,02,03,09,28,31,,,,,,,2.29,1.26,1.91,1*1B
$GPGSV,2,1,8,1,63,352,38,2,36,005,48,3,59,181,20,9,23,279,17,1*5D
$GPGSV,2,2,8,16,07,052,,17,12,265,,28,16,139,18,31,42,124,43,1*54
$GPRMC,015927.10,A,3001.73449,S,05112.73024,W,0.67,0.00,090926,,,A,V*2D
$GPGGA,015928.10,3001.73455,S,05112.73042,W,1,06,1.26,97.43,M,,M,,*46
$GPGLL,3001.73455,S,05112.73042,W,015928.10,A,A*67
$GPGSA,A,3,01,02,03,09,28,31,,,,,,,2.29,1.26,1.91,1*1B
$GPGSV,2,1,8,1,63,352,39,2,36,005,48,3,59,181,20,9,23,279,16,1*5D
$GPGSV,2,2,8,16,07,052,,17,12,265,,28,16,139,19,31,42,124,43,1*55
$GPRMC,015928.10,A,3001.73455,S,05112.73042,W,1.18,0.00,090926,,,A,V*26
$GPGGA,015929.10,3001.73477,S,05112.73093,W,1,06,1.26,96.52,M,,M,,*4A
$GPGLL,3001.73477,S,05112.73093,W,015929.10,A,A*6A
$GPGSA,A,3,01,02,03,09,28,31,,,,,,,2.29,1.26,1.91,1*1B
$GPGSV,3,1,9,1,63,352,39,2,36,005,48,3,59,181,21,4,,,27,1*6E
$GPGSV,3,2,9,9,23,279,16,16,07,052,,17,12,265,,28,16,139,18,1*63
$GPGSV,3,3,9,31,42,124,43,1*69
$GPRMC,015929.10,A,3001.73477,S,05112.73093,W,0.98,0.00,090926,,,A,V*22
$GPGGA,015930.10,3001.73486,S,05112.73105,W,1,06,1.26,95.89,M,,M,,*47
$GPGLL,3001.73486,S,05112.73105,W,015930.10,A,A*62
$GPGSA,A,3,01,02,03,09,28,31,,,,,,,2.29,1.26,1.91,1*1B
$GPGSV,3,1,11,1,63,352,39,2,36,005,48,3,59,181,20,4,,,24,1*55
$GPGSV,3,2,11,5,,,27,7,,,27,9,23,279,17,16,07,052,,1*52
$GPGSV,3,3,11,17,12,265,,28,16,139,18,31,42,124,43,1*5B
$GPRMC,015930.10,A,3001.73486,S,05112.73105,W,0.49,0.00,090926,,,A,V*26
$GPGGA,015931.10,3001.73497,S,05112.73144,W,1,06,1.26,95.21,M,,M,,*41
$GPGLL,3001.73497,S,05112.73144,W,015931.10,A,A*66
$GPGSA,A,3,01,02,03,09,28,31,,,,,,,2.29,1.26,1.91,1*1B
$GPGSV,3,1,11,1,63,352,38,2,36,005,48,3,59,181,20,4,,,24,1*54
$GPGSV,3,2,11,7,,,25,9,23,279,16,16,07,052,,17,12,265,,1*55
$GPGSV,3,3,11,19,,,26,28,16,139,18,31,42,124,43,1*63
$GPRMC,015931.10,A,3001.73497,S,05112.73144,W,0.46,0.00,090926,,,A,V*2D
$GPGGA,015932.10,3001.73521,S,05112.73210,W,1,06,1.26,94.33,M,,M,,*4E
$GPGLL,3001.73521,S,05112.73210,W,015932.10,A,A*6B
$GPGSA,A,3,01,02,03,09,28,31,,,,,,,2.29,1.26,1.91,1*1B
$GPGSV,3,1,11,1,63,352,38,2,36,005,48,3,59,181,21,4,,,25,1*54
$GPGSV,3,2,11,7,,,24,9,23,279,17,16,07,052,,17,12,265,,1*55
$GPGSV,3,3,11,19,,,24,28,16,139,18,31,42,124,43,1*61
$GPRMC,015932.10,A,3001.73521,S,05112.73210,W,0.67,0.00,090926,,,A,V*23
$GPGGA,015933.10,3001.73535,S,05112.73232,W,1,06,1.26,93.62,M,,M,,*49
$GPGLL,3001.73535,S,05112.73232,W,015933.10,A,A*6F
$GPGSA,A,3,01,02,03,09,28,31,,,,,,,2.29,1.26,1.91,1*1B
$GPGSV,3,1,9,1,63,352,39,2,36,005,48,3,59,181,21,9,23,279,18,1*52
$GPGSV,3,2,9,16,07,052,,17,12,265,,19,,,24,28,16,139,18,1*6E
$GPGSV,3,3,9,31,42,124,43,1*69
$GPRMC,015933.10,A,3001.73535,S,05112.73232,W,0.37,0.00,090926,,,A,V*22
$GPGGA,015934.10,3001.73538,S,05112.73252,W,1,06,1.26,93.16,M,,M,,*46
$GPGLL,3001.73538,S,05112.73252,W,015934.10,A,A*63
$GPGSA,A,3,01,02,03,09,28,31,,,,,,,2.29,1.26,1.91,1*1B
$GPGSV,3,1,10,1,63,352,38,2,36,005,48,3,59,181,22,9,23,279,17,1*67
$GPGSV,3,2,10,16,07,052,,17,12,265,,19,,,25,20,,,27,1*6F
$GPGSV,3,3,10,28,16,139,17,31,42,124,43,1*61
$GPRMC,015934.10,A,3001.73538,S,05112.73252,W,0.62,0.00,090926,,,A,V*2E
$GPGGA,015935.10,3001.73540,S,05112.73270,W,1,06,1.26,92.46,M,,M,,*4C
$GPGLL,3001.73540,S,05112.73270,W,015935.10,A,A*6D
$GPGSA,A,3,01,02,03,09,28,31,,,,,,,2.29,1.26,1.91,1*1B
$GPGSV,3,1,9,1,63,352,39,2,36,005,48,3,59,181,22,9,23,279,18,1*51
$GPGSV,3,2,9,16,07,052,,17,12,265,,20,,,25,28,16,139,17,1*6A
$GPGSV,3,3,9,31,42,124,43,1*69
$GPRMC,015935.10,A,3001.73540,S,05112.73270,W,0.56,0.00,090926,,,A,V*27
$GPGGA,015936.10,3001.73546,S,05112.73303,W,1,06,1.26,91.32,M,,M,,*4C
$GPGLL,3001.73546,S,05112.73303,W,015936.10,A,A*6D
$GPGSA,A,3,01,02,03,09,28,31,,,,,,,2.29,1.26,1.91,1*1B
$GPGSV,3,1,9,1,63,352,39,2,36,005,48,3,59,181,22,9,23,279,19,1*50
$GPGSV,3,2,9,16,07,052,,17,12,265,,20,,,25,28,16,139,17,1*6A
$GPGSV,3,3,9,31,42,124,43,1*69
$GPRMC,015936.10,A,3001.73546,S,05112.73303,W,0.08,0.00,090926,,,A,V*2C
$GPGGA,015937.10,3001.73533,S,05112.73292,W,1,06,1.26,91.23,M,,M,,*46
$GPGLL,3001.73533,S,05112.73292,W,015937.10,A,A*67
$GPGSA,A,3,01,02,03,09,28,31,,,,,,,2.29,1.26,1.91,1*1B
$GPGSV,3,1,9,1,63,352,38,2,36,005,48,3,59,181,22,9,23,279,19,1*51
$GPGSV,3,2,9,16,07,052,,17,12,265,,20,,,25,28,16,139,17,1*6A
$GPGSV,3,3,9,31,42,124,44,1*6E
$GPRMC,015937.10,A,3001.73533,S,05112.73292,W,0.39,0.00,090926,,,A,V*24
$GPGGA,015938.10,3001.73514,S,05112.73258,W,1,06,1.26,91.26,M,,M,,*4F
$GPGLL,3001.73514,S,05112.73258,W,015938.10,A,A*6B
$GPGSA,A,3,01,02,03,09,28,31,,,,,,,2.29,1.26,1.91,1*1B
$GPGSV,3,1,9,1,63,352,38,2,36,005,48,3,59,181,23,9,23,279,20,1*5A
$GPGSV,3,2,9,16,07,052,,17,12,265,,20,,,25,28,16,139,17,1*6A
$GPGSV,3,3,9,31,42,124,44,1*6E
$GPRMC,015938.10,A,3001.73514,S,05112.73258,W,0.41,0.00,090926,,,A,V*27
$GPGGA,015939.10,3001.73489,S,05112.73214,W,1,06,1.26,91.44,M,,M,,*47
$GPGLL,3001.73489,S,05112.73214,W,015939.10,A,A*67
$GPGSA,A,3,01,02,03,09,28,31,,,,,,,2.29,1.26,1.91,1*1B
$GPGSV,3,1,9,1,63,352,38,2,36,005,48,3,59,181,23,9,23,279,20,1*5A
$GPGSV,3,2,9,16,07,052,,17,12,265,,20,,,25,28,16,139,17,1*6A
$GPGSV,3,3,9,31,42,124,43,1*69
$GPRMC,015939.10,A,3001.73489,S,05112.73214,W,0.38,0.00,090926,,,A,V*25
$GPGGA,015940.10,3001.73483,S,05112.73212,W,1,06,1.26,91.09,M,,M,,*4C
$GPGLL,3001.73483,S,05112.73212,W,015940.10,A,A*65
$GPGSA,A,3,01,02,03,09,28,31,,,,,,,2.29,1.26,1.91,1*1B
$GPGSV,3,1,9,1,63,352,38,2,36,005,48,3,59,181,23,9,23,279,20,1*5A
$GPGSV,3,2,9,16,07,052,,17,12,265,,20,,,24,28,16,139,17,1*6B
$GPGSV,3,3,9,31,42,124,43,1*69
$GPRMC,015940.10,A,3001.73483,S,05112.73212,W,0.03,0.00,090926,,,A,V*2F
$GPGGA,015941.10,3001.73484,S,05112.73226,W,1,06,1.26,91.01,M,,M,,*45
$GPGLL,3001.73484,S,05112.73226,W,015941.10,A,A*64
$GPGSA,A,3,01,02,03,09,28,31,,,,,,,2.29,1.26,1.91,1*1B
$GPGSV,3,1,9,1,63,352,38,2,36,005,48,3,59,181,24,9,23,279,19,1*57
$GPGSV,3,2,9,16,07,052,,17,12,265,,20,,,24,28,16,139,16,1*6A
$GPGSV,3,3,9,31,42,124,44,1*6E
$GPRMC,015941.10,A,3001.73484,S,05112.73226,W,1.00,0.00,090926,,,A,V*2C
$GPGGA,015942.10,3001.73477,S,05112.73230,W,1,06,1.26,90.56,M,,M,,*4E
$GPGLL,3001.73477,S,05112.73230,W,015942.10,A,A*6C
$GPGSA,A,3,01,02,03,09,28,31,,,,,,,2.29,1.26,1.91,1*1B
$GPGSV,3,1,9,1,63,352,38,2,36,005,48,3,59,181,23,9,23,279,20,1*5A
$GPGSV,3,2,9,16,07,052,,17,12,265,,19,,,26,28,16,139,17,1*63
$GPGSV,3,3,9,31,42,124,43,1*69
$GPRMC,015942.10,A,3001.73477,S,05112.73230,W,0.60,0.00,090926,,,A,V*23
$GPGGA,015943.10,3001.73481,S,05112.73257,W,1,06,1.26,90.04,M,,M,,*40
$GPGLL,3001.73481,S,05112.73257,W,015943.10,A,A*65
$GPGSA,A,3,01,02,03,09,28,31,,,,,,,2.29,1.26,1.91,1*1B
$GPGSV,3,1,9,1,63,352,38,2,36,005,48,3,59,181,24,9,23,279,21,1*5C
$GPGSV,3,2,9,16,07,052,,17,12,265,,19,,,25,28,16,139,16,1*61
$GPGSV,3,3,9,31,42,124,43,1*69
$GPRMC,015943.10,A,3001.73481,S,05112.73257,W,0.64,0.00,090926,,,A,V*2E
$GPGGA,015944.10,3001.73510,S,05112.73336,W,1,06,1.26,88.92,M,,M,,*4E
$GPGLL,3001.73510,S,05112.73336,W,015944.10,A,A*6D
$GPGSA,A,3,01,02,03,09,28,31,,,,,,,2.29,1.26,1.91,1*1B
$GPGSV,3,1,9,1,63,352,38,2,36,005,48,3,59,181,24,9,23,279,21,1*5C
$GPGSV,3,2,9,16,07,052,,17,12,265,,19,,,25,28,16,139,16,1*61
$GPGSV,3,3,9,31,42,124,43,1*69
$GPRMC,015944.10,A,3001.73510,S,05112.73336,W,0.75,0.00,090926,,,A,V*26
$GPGGA,015945.10,3001.73504,S,05112.73335,W,1,06,1.26,88.28,M,,M,,*48
$GPGLL,3001.73504,S,05112.73335,W,015945.10,A,A*6A
$GPGSA,A,3,01,02,03,09,28,31,,,,,,,2.29,1.26,1.91,1*1B
$GPGSV,3,1,9,1,63,352,38,2,36,005,48,3,59,181,24,9,23,279,21,1*5C
$GPGSV,3,2,9,16,07,052,,17,12,265,,19,,,25,28,16,139,16,1*61
$GPGSV,3,3,9,31,42,124,43,1*69
$GPRMC,015945.10,A,3001.73504,S,05112.73335,W,0.03,0.00,090926,,,A,V*20
$GPGGA,015946.10,3001.73505,S,05112.73349,W,1,06,1.26,88.13,M,,M,,*49
$GPGLL,3001.73505,S,05112.73349,W,015946.10,A,A*63
$GPGSA,A,3,01,02,03,09,28,31,,,,,,,2.29,1.26,1.91,1*1B
$GPGSV,3,1,9,1,63,352,38,2,36,005,48,3,59,181,25,4,,,27,1*6B
$GPGSV,3,2,9,9,23,279,21,16,07,052,,17,12,265,,28,16,139,16,1*69
$GPGSV,3,3,9,31,42,124,44,1*6E
$GPRMC,015946.10,A,3001.73505,S,05112.73349,W,0.56,0.00,090926,,,A,V*29
$GPGGA,015947.10,3001.73517,S,05112.73378,W,1,06,1.26,87.41,M,,M,,*41
$GPGLL,3001.73517,S,05112.73378,W,015947.10,A,A*63
$GPGSA,A,3,01,02,03,09,28,31,,,,,,,2.29,1.26,1.91,1*1B
$GPGSV,3,1,9,1,63,352,38,2,36,005,48,3,59,181,25,4,,,25,1*69
$GPGSV,3,2,9,9,23,279,22,16,07,052,,17,12,265,,28,16,139,17,1*6B
$GPGSV,3,3,9,31,42,124,44,1*6E
$GPRMC,015947.10,A,3001.73517,S,05112.73378,W,0.36,0.00,090926,,,A,V*2F
$GPGGA,015948.10,3001.73508,S,05112.73365,W,1,06,1.26,87.51,M,,M,,*4D
$GPGLL,3001.73508,S,05112.73365,W,015948.10,A,A*6E
$GPGSA,A,3,01,02,03,09,28,31,,,,,,,2.29,1.26,1.91,1*1B
$GPGSV,3,1,9,1,63,352,38,2,36,005,48,3,59,181,25,4,,,25,1*69
$GPGSV,3,2,9,9,23,279,22,16,07,052,,17,12,265,,28,16,139,17,1*6B
$GPGSV,3,3,9,31,42,124,44,1*6E
$GPRMC,015948.10,A,3001.73508,S,05112.73365,W,0.50,0.00,090926,,,A,V*22
$GPGGA,015949.10,3001.73509,S,05112.73381,W,1,06,1.26,86.78,M,,M,,*4D
$GPGLL,3001.73509,S,05112.73381,W,015949.10,A,A*64
$GPGSA,A,3,01,02,03,09,28,31,,,,,,,2.29,1.26,1.91,1*1B
$GPGSV,3,1,9,1,63,352,38,2,36,005,48,3,59,181,25,4,,,26,1*6A
$GPGSV,3,2,9,9,23,279,22,16,07,052,,17,12,265,,28,16,139,17,1*6B
$GPGSV,3,3,9,31,42,124,44,1*6E
$GPRMC,015949.10,A,3001.73509,S,05112.73381,W,0.31,0.00,090926,,,A,V*2F
$GPGGA,015950.10,3001.73499,S,05112.73368,W,1,06,1.26,86.65,M,,M,,*46
$GPGLL,3001.73499,S,05112.73368,W,015950.10,A,A*63
$GPGSA,A,3,01,02,03,09,28,31,,,,,,,2.29,1.26,1.91,1*1B
$GPGSV,2,1,8,1,63,352,38,2,36,005,49,3,59,181,26,9,23,279,23,1*5D
$GPGSV,2,2,8,16,07,052,,17,12,265,,28,16,139,16,31,42,124,44,1*5D
$GPRMC,015950.10,A,3001.73499,S,05112.73368,W,0.42,0.00,090926,,,A,V*2C
$GPGGA,015951.10,3001.73515,S,05112.73411,W,1,06,1.26,86.02,M,,M,,*4A
$GPGLL,3001.73515,S,05112.73411,W,015951.10,A,A*6E
$GPGSA,A,3,01,02,03,09,28,31,,,,,,,2.29,1.26,1.91,1*1B
$GPGSV,2,1,8,1,63,352,38,2,36,005,49,3,59,181,26,9,23,279,23,1*5D
$GPGSV,2,2,8,16,07,052,,17,12,265,,28,16,139,18,31,42,124,44,1*53
$GPRMC,015951.10,A,3001.73515,S,05112.73411,W,0.34,0.00,090926,,,A,V*20
$GPGGA,015952.10,3001.73535,S,05112.73464,W,1,06,1.26,85.22,M,,M,,*48
$GPGLL,3001.73535,S,05112.73464,W,015952.10,A,A*6D
$GPGSA,A,3,01,02,03,09,28,31,,,,,,,2.29,1.26,1.91,1*1B
$GPGSV,2,1,8,1,63,352,38,2,36,005,49,3,59,181,26,9,23,279,22,1*5C
$GPGSV,2,2,8,16,07,052,,17,12,265,,28,16,139,18,31,42,124,44,1*53
$GPRMC,015952.10,A,3001.73535,S,05112.73464,W,0.25,0.00,090926,,,A,V*23
$GPGGA,015953.10,3001.73544,S,05112.73495,W,1,06,1.26,84.73,M,,M,,*44
$GPGLL,3001.73544,S,05112.73495,W,015953.10,A,A*64
$GPGSA,A,3,01,02,03,09,28,31,,,,,,,2.29,1.26,1.91,1*1B
$GPGSV,3,1,9,1,63,352,38,2,36,005,48,3,59,181,26,9,23,279,22,1*5D
$GPGSV,3,2,9,12,,,31,16,07,052,,17,12,265,,28,16,139,19,1*60
$GPGSV,3,3,9,31,42,124,44,1*6E
$GPRMC,015953.10,A,3001.73544,S,05112.73495,W,0.04,0.00,090926,,,A,V*29
$GPGGA,015954.10,3001.73553,S,05112.73524,W,1,06,1.26,84.54,M,,M,,*4B
$GPGLL,3001.73553,S,05112.73524,W,015954.10,A,A*6E
$GPGSA,A,3,01,02,03,09,28,31,,,,,,,2.29,1.26,1.91,1*1B
$GPGSV,3,1,9,1,63,352,38,2,36,005,48,3,59,181,26,9,23,279,23,1*5C
$GPGSV,3,2,9,12,,,26,16,07,052,,17,12,265,,28,16,139,19,1*66
$GPGSV,3,3,9,31,42,124,44,1*6E
$GPRMC,015954.10,A,3001.73553,S,05112.73524,W,0.47,0.00,090926,,,A,V*24
$GPGGA,015955.10,3001.73546,S,05112.73522,W,1,06,1.26,84.82,M,,M,,*43
$GPGLL,3001.73546,S,05112.73522,W,015955.10,A,A*6D
$GPGSA,A,3,01,02,03,09,28,31,,,,,,,2.29,1.26,1.91,1*1B
$GPGSV,3,1,9,1,63,352,38,2,36,005,48,3,59,181,26,9,23,279,23,1*5C
$GPGSV,3,2,9,12,,,25,16,07,052,,17,12,265,,28,16,139,19,1*65
$GPGSV,3,3,9,31,42,124,44,1*6E
$GPRMC,015955.10,A,3001.73546,S,05112.73522,W,0.52,0.00,090926,,,A,V*23
$GPGGA,015956.10,3001.73530,S,05112.73489,W,1,06,1.26,85.10,M,,M,,*4B
$GPGLL,3001.73530,S,05112.73489,W,015956.10,A,A*6F
$GPGSA,A,3,01,02,03,09,28,31,,,,,,,2.29,1.26,1.91,1*1B
$GPGSV,3,1,9,1,63,352,38,2,36,005,48,3,59,181,26,9,23,279,24,1*5B
$GPGSV,3,2,9,12,,,25,16,07,052,,17,12,265,,28,16,139,18,1*64
$GPGSV,3,3,9,31,42,124,44,1*6E
$GPRMC,015956.10,A,3001.73530,S,05112.73489,W,0.36,0.00,090926,,,A,V*23
$GPGGA,015957.10,3001.73517,S,05112.73451,W,1,06,1.26,85.57,M,,M,,*49
$GPGLL,3001.73517,S,05112.73451,W,015957.10,A,A*6E
$GPGSA,A,3,01,02,03,09,28,31,,,,,,,2.29,1.26,1.91,1*1B
$GPGSV,3,1,9,1,63,352,38,2,36,005,48,3,59,181,26,4,,,42,1*6B
$GPGSV,3,2,9,9,23,279,24,16,07,052,,17,12,265,,28,16,139,18,1*62
$GPGSV,3,3,9,31,42,124,44,1*6E
$GPRMC,015957.10,A,3001.73517,S,05112.73451,W,0.51,0.00,090926,,,A,V*23
$GPGGA,015958.10,3001.73536,S,05112.73486,W,1,06,1.26,85.03,M,,M,,*4E
$GPGLL,3001.73536,S,05112.73486,W,015958.10,A,A*68
$GPGSA,A,3,01,02,03,09,28,31,,,,,,,2.29,1.26,1.91,1*1B
$GPGSV,3,1,9,1,63,352,38,2,36,005,49,3,59,181,26,4,,,29,1*67
$GPGSV,3,2,9,9,23,279,24,16,07,052,,17,12,265,,28,16,139,17,1*6D
$GPGSV,3,3,9,31,42,124,44,1*6E
$GPRMC,015958.10,A,3001.73536,S,05112.73486,W,0.07,0.00,090926,,,A,V*26
$GPGGA,015959.10,3001.73536,S,05112.73483,W,1,06,1.26,85.07,M,,M,,*4E
$GPGLL,3001.73536,S,05112.73483,W,015959.10,A,A*6C
$GPGSA,A,3,01,02,03,09,28,31,,,,,,,2.29,1.26,1.91,1*1B
$GPGSV,3,1,10,1,63,352,38,2,36,005,48,3,59,181,27,4,,,26,1*50
$GPGSV,3,2,10,9,23,279,25,16,07,052,,17,12,265,,28,16,139,18,1*5B
$GPGSV,3,3,10,30,,,30,31,42,124,44,1*56
$GPRMC,015959.10,A,3001.73536,S,05112.73483,W,0.51,0.00,090926,,,A,V*21
$GPGGA,020000.10,3001.73527,S,05112.73464,W,1,06,1.26,85.40,M,,M,,*47
$GPGLL,3001.73527,S,05112.73464,W,020000.10,A,A*66
$GPGSA,A,3,01,02,03,09,28,31,,,,,,,2.29,1.26,1.91,1*1B
$GPGSV,3,1,10,1,63,352,38,2,36,005,48,3,59,181,27,4,,,25,1*53
$GPGSV,3,2,10,9,23,279,24,16,07,052,,17,12,265,,28,16,139,19,1*5B
$GPGSV,3,3,10,30,,,25,31,42,124,44,1*52
$GPRMC,020000.10,A,3001.73527,S,05112.73464,W,0.23,0.00,090926,,,A,V*2E
$GPGGA,020001.10,3001.73543,S,05112.73497,W,1,06,1.26,85.01,M,,M,,*4D
$GPGLL,3001.73543,S,05112.73497,W,020001.10,A,A*69
$GPGSA,A,3,01,02,03,09,28,31,,,,,,,2.29,1.26,1.91,1*1B
$GPGSV,3,1,10,1,63,352,39,2,36,005,48,3,59,181,27,4,,,24,1*53
$GPGSV,3,2,10,9,23,279,24,16,07,052,,17,12,265,,28,16,139,19,1*5B
$GPGSV,3,3,10,30,,,25,31,42,124,44,1*52
$GPRMC,020001.10,A,3001.73543,S,05112.73497,W,0.31,0.00,090926,,,A,V*22
$GPGGA,020002.10,3001.73520,S,05112.73448,W,1,06,1.26,85.94,M,,M,,*45
$GPGLL,3001.73520,S,05112.73448,W,020002.10,A,A*6D
$GPGSA,A,3,01,02,03,09,28,31,,,,,,,2.29,1.26,1.91,1*1B
$GPGSV,3,1,11,1,63,352,38,2,36,005,48,3,59,181,27,7,,,26,1*52
$GPGSV,3,2,11,9,23,279,24,13,,,28,16,07,052,,17,12,265,,1*6C
$GPGSV,3,3,11,28,16,139,19,30,,,24,31,42,124,44,1*6C
$GPRMC,020002.10,A,3001.73520,S,05112.73448,W,0.18,0.00,090926,,,A,V*2D
$GPGGA,020003.10,3001.73508,S,05112.73427,W,1,06,1.26,86.31,M,,M,,*4B
$GPGLL,3001.73508,S,05112.73427,W,020003.10,A,A*6F
$GPGSA,A,3,01,02,03,09,28,31,,,,,,,2.28,1.26,1.91,1*1A
$GPGSV,3,1,12,1,63,352,38,2,36,005,49,3,59,181,27,5,,,30,1*55
$GPGSV,3,2,12,7,,,25,9,23,279,24,13,,,25,16,07,052,,1*66
$GPGSV,3,3,12,17,12,265,,28,16,139,18,29,,,25,31,42,124,45,1*52
$GPRMC,020003.10,A,3001.73508,S,05112.73427,W,0.04,0.00,090926,,,A,V*22
$GPGGA,020004.10,3001.73507,S,05112.73432,W,1,06,1.26,86.83,M,,M,,*4E
$GPGLL,3001.73507,S,05112.73432,W,020004.10,A,A*63
$GPGSA,A,3,01,02,03,09,28,31,,,,,,,2.28,1.26,1.91,1*1A
$GPGSV,2,1,8,1,63,352,39,2,36,005,49,3,59,181,27,9,23,279,24,1*5A
$GPGSV,2,2,8,16,07,052,,17,12,265,,28,16,139,19,31,42,124,45,1*53
$GPRMC,020004.10,A,3001.73507,S,05112.73432,W,0.61,0.00,090926,,,A,V*2D
$GPGGA,020005.10,3001.73508,S,05112.73430,W,1,06,1.26,86.57,M,,M,,*4B
$GPGLL,3001.73508,S,05112.73430,W,020005.10,A,A*6F
$GPGSA,A,3,01,02,03,09,28,31,,,,,,,2.28,1.26,1.91,1*1A
$GPGSV,2,1,8,1,63,352,39,2,36,005,48,3,59,181,27,9,23,279,25,1*5A
$GPGSV,2,2,8,16,07,052,,17,12,265,,28,16,139,19,31,42,124,44,1*52
$GPRMC,020005.10,A,3001.73508,S,05112.73430,W,0.26,0.00,090926,,,A,V*22
$GPGGA,020006.10,3001.73496,S,05112.73418,W,1,06,1.26,86.59,M,,M,,*4A
$GPGLL,3001.73496,S,05112.73418,W,020006.10,A,A*60
$GPGSA,A,3,01,02,03,09,28,31,,,,,,,2.28,1.26,1.91,1*1A
$GPGSV,2,1,8,1,63,352,39,2,36,005,48,3,59,181,27,9,23,279,25,1*5A
$GPGSV,2,2,8,16,07,052,,17,12,265,,28,16,139,19,31,42,124,44,1*52
$GPRMC,020006.10,A,3001.73496,S,05112.73418,W,0.49,0.00,090926,,,A,V*24
$GPGGA,020007.10,3001.73497,S,05112.73412,W,1,06,1.26,86.30,M,,M,,*4F
$GPGLL,3001.73497,S,05112.73412,W,020007.10,A,A*6A
$GPGSA,A,3,01,02,03,09,28,31,,,,,,,2.28,1.26,1.91,1*1A
$GPGSV,2,1,8,1,63,352,39,2,36,005,48,3,59,181,27,9,23,279,24,1*5B
$GPGSV,2,2,8,16,07,052,,17,12,265,,28,16,139,18,31,42,124,44,1*53
$GPRMC,020007.10,A,3001.73497,S,05112.73412,W,0.04,0.00,090926,,,A,V*27
$GPGGA,020008.10,3001.73478,S,05112.73383,W,1,06,1.26,86.52,M,,M,,*4A
$GPGLL,3001.73478,S,05112.73383,W,020008.10,A,A*6B
$GPGSA,A,3,01,02,03,09,28,31,,,,,,,2.28,1.26,1.91,1*1A
$GPGSV,3,1,9,1,62,353,39,2,36,005,48,3,59,180,27,9,24,278,24,1*5C
$GPGSV,3,2,9,16,07,053,,17,12,265,,28,15,139,18,31,42,125,44,1*50
$GPGSV,3,3,9,194,,,29,1*6A
$GPRMC,020008.10,A,3001.73478,S,05112.73383,W,0.03,0.00,090926,,,A,V*21
$GPGGA,020009.10,3001.73458,S,05112.73354,W,1,06,1.26,86.52,M,,M,,*43
$GPGLL,3001.73458,S,05112.73354,W,020009.10,A,A*62
$GPGSA,A,3,01,02,03,09,28,31,,,,,,,2.28,1.26,1.91,1*1A
$GPGSV,3,1,10,1,62,353,39,2,36,005,48,3,59,180,27,8,,,27,1*5D
$GPGSV,3,2,10,9,24,278,25,16,07,053,,17,12,265,,28,15,139,18,1*5F
$GPGSV,3,3,10,31,42,125,44,194,,,26,1*6F
$GPRMC,020009.10,A,3001.73458,S,05112.73354,W,0.09,0.00,090926,,,A,V*22
$GPGGA,020010.10,3001.73444,S,05112.73329,W,1,06,1.26,86.43,M,,M,,*4C
$GPGLL,3001.73444,S,05112.73329,W,020010.10,A,A*6D
$GPGSA,A,3,01,02,03,09,28,31,,,,,,,2.28,1.26,1.91,1*1A
$GPGSV,3,1,11,1,62,353,39,2,36,005,48,3,59,180,27,8,,,25,1*5E
$GPGSV,3,2,11,9,24,278,24,16,07,053,,17,12,265,,24,,,33,1*65
$GPGSV,3,3,11,28,15,139,18,31,42,125,44,194,,,24,1*50
$GPRMC,020010.10,A,3001.73444,S,05112.73329,W,0.44,0.00,090926,,,A,V*24
$GPGGA,020011.10,3001.73438,S,05112.73304,W,1,06,1.26,86.49,M,,M,,*43
$GPGLL,3001.73438,S,05112.73304,W,020011.10,A,A*68
$GPGSA,A,3,01,02,03,09,28,31,,,,,,,2.28,1.26,1.91,1*1A
$GPGSV,3,1,12,1,62,353,39,2,36,005,48,3,59,180,27,8,,,25,1*5D
$GPGSV,3,2,12,9,24,278,24,16,07,053,,17,12,265,,24,,,25,1*61
$GPGSV,3,3,12,28,15,139,18,31,42,125,45,194,,,24,201,,,27,1*64
$GPRMC,020011.10,A,3001.73438,S,05112.73304,W,0.41,0.00,090926,,,A,V*24
$GPGGA,020012.10,3001.73433,S,05112.73292,W,1,06,1.26,86.66,M,,M,,*48
$GPGLL,3001.73433,S,05112.73292,W,020012.10,A,A*6E
$GPGSA,A,3,01,02,03,09,28,31,,,,,,,2.28,1.26,1.91,1*1A
$GPGSV,4,1,13,1,62,353,39,2,36,005,48,3,59,180,27,8,,,25,1*5B
$GPGSV,4,2,13,9,24,278,24,12,,,30,16,07,053,,17,12,265,,1*66
$GPGSV,4,3,13,24,,,24,28,15,139,17,31,42,125,45,194,,,25,1*5A
$GPGSV,4,4,13,201,,,25,1*52
$GPRMC,020012.10,A,3001.73433,S,05112.73292,W,0.07,0.00,090926,,,A,V*20
$GPGGA,020013.10,3001.73427,S,05112.73287,W,1,06,1.26,86.38,M,,M,,*43
$GPGLL,3001.73427,S,05112.73287,W,020013.10,A,A*6E
$GPGSA,A,3,01,02,03,09,28,31,,,,,,,2.28,1.26,1.91,1*1A
$GPGSV,4,1,14,1,62,353,40,2,36,005,48,3,59,180,26,4,,,29,1*53
$GPGSV,4,2,14,9,24,278,24,12,,,26,16,07,053,,17,12,265,,1*66
$GPGSV,4,3,14,19,,,26,24,,,25,28,15,139,17,31,42,125,44,1*6A
$GPGSV,4,4,14,200,,,30,201,,,25,1*64
$GPRMC,020013.10,A,3001.73427,S,05112.73287,W,0.11,0.00,090926,,,A,V*27
$GPGGA,020014.10,3001.73430,S,05112.73298,W,1,06,1.26,86.36,M,,M,,*42
$GPGLL,3001.73430,S,05112.73298,W,020014.10,A,A*61
$GPGSA,A,3,01,02,03,09,28,31,,,,,,,2.28,1.26,1.90,1*1B
$GPGSV,3,1,12,1,62,353,40,2,36,005,48,3,59,180,26,6,00,214,,1*6C
$GPGSV,3,2,12,9,24,278,24,12,,,25,16,07,053,,17,12,265,,1*64
$GPGSV,3,3,12,19,,,25,28,15,139,17,31,42,125,44,201,,,25,1*5D
$GPRMC,020014.10,A,3001.73430,S,05112.73298,W,0.23,0.00,090926,,,A,V*29
$GPGGA,020015.10,3001.73445,S,05112.73334,W,1,06,1.26,85.94,M,,M,,*4D
$GPGLL,3001.73445,S,05112.73334,W,020015.10,A,A*65
$GPGSA,A,3,01,02,03,09,28,31,,,,,,,2.28,1.26,1.90,1*1B
$GPGSV,3,1,11,1,62,353,40,2,36,005,48,3,59,180,26,6,00,214,,1*6F
$GPGSV,3,2,11,9,24,278,24,12,,,25,16,07,053,,17,12,265,,1*67
$GPGSV,3,3,11,19,,,24,28,15,139,18,31,42,125,44,1*64
$GPRMC,020015.10,A,3001.73445,S,05112.73334,W,0.33,0.00,090926,,,A,V*2C
$GPGGA,020016.10,3001.73458,S,05112.73368,W,1,06,1.26,85.46,M,,M,,*44
$GPGLL,3001.73458,S,05112.73368,W,020016.10,A,A*63
$GPGSA,A,3,01,02,03,09,28,31,,,,,,,2.28,1.26,1.90,1*1B
$GPGSV,3,1,10,1,62,353,40,2,36,005,48,3,59,180,26,6,00,214,,1*6E
$GPGSV,3,2,10,9,24,278,24,16,07,053,,17,12,265,,19,,,25,1*6D
$GPGSV,3,3,10,28,15,139,17,31,42,125,44,1*64
$GPRMC,020016.10,A,3001.73458,S,05112.73368,W,0.32,0.00,090926,,,A,V*2B
$GPGGA,020017.10,3001.73466,S,05112.73387,W,1,06,1.26,85.16,M,,M,,*4C
$GPGLL,3001.73466,S,05112.73387,W,020017.10,A,A*6E
$GPGSA,A,3,01,02,03,09,28,31,,,,,,,2.28,1.26,1.90,1*1B
$GPGSV,3,1,9,1,62,353,40,2,36,005,48,3,59,180,25,6,00,214,,1*55
$GPGSV,3,2,9,9,24,278,24,16,07,053,,17,12,265,,28,15,139,17,1*69
$GPGSV,3,3,9,31,42,125,44,1*6F
$GPRMC,020017.10,A,3001.73466,S,05112.73387,W,0.13,0.00,090926,,,A,V*25
$GPGGA,020018.10,3001.73476,S,05112.73396,W,1,06,1.26,84.88,M,,M,,*44
$GPGLL,3001.73476,S,05112.73396,W,020018.10,A,A*60
$GPGSA,A,3,01,02,03,09,28,31,,,,,,,2.28,1.26,1.90,1*1B
$GPGSV,3,1,11,1,62,353,40,2,36,005,48,3,59,180,25,6,00,214,,1*6C
$GPGSV,3,2,11,8,,,27,9,24,278,24,16,07,053,,17,12,265,,1*5E
$GPGSV,3,3,11,28,15,139,17,30,,,29,31,42,125,44,1*6D
$GPRMC,020018.10,A,3001.73476,S,05112.73396,W,0.10,0.00,090926,,,A,V*28
$GPGGA,020019.10,3001.73483,S,05112.73392,W,1,06,1.26,84.87,M,,M,,*44
$GPGLL,3001.73483,S,05112.73392,W,020019.10,A,A*6F
$GPGSA,A,3,01,02,03,09,28,31,,,,,,,2.28,1.26,1.90,1*1B
$GPGSV,4,1,13,1,62,353,40,2,36,005,48,3,59,180,25,6,00,214,,1*69
$GPGSV,4,2,13,8,,,26,9,24,278,24,16,07,053,,17,12,265,,1*5A
$GPGSV,4,3,13,19,,,27,20,,,28,28,15,139,17,30,,,25,1*53
$GPGSV,4,4,13,31,42,125,44,1*54
$GPRMC,020019.10,A,3001.73483,S,05112.73392,W,0.11,0.00,090926,,,A,V*26
$GPGGA,020020.10,3001.73477,S,05112.73384,W,1,06,1.26,84.90,M,,M,,*44
$GPGLL,3001.73477,S,05112.73384,W,020020.10,A,A*69
$GPGSA,A,3,01,02,03,09,28,31,,,,,,,2.28,1.26,1.90,1*1B
$GPGSV,3,1,12,1,62,353,40,2,36,005,48,3,59,180,25,6,00,214,,1*6F
$GPGSV,3,2,12,9,24,278,24,10,,,28,16,07,053,,17,12,265,,1*6B
$GPGSV,3,3,12,20,,,25,28,15,139,18,30,,,25,31,42,125,44,1*68
$GPRMC,020020.10,A,3001.73477,S,05112.73384,W,0.13,0.00,090926,,,A,V*22
$GPGGA,020021.10,3001.73492,S,05112.73399,W,1,06,1.26,84.73,M,,M,,*4F
$GPGLL,3001.73492,S,05112.73399,W,020021.10,A,A*6F
$GPGSA,A,3,01,02,03,09,28,31,,,,,,,2.28,1.26,1.90,1*1B
$GPGSV,3,1,12,1,62,353,40,2,36,005,48,3,59,180,25,6,00,214,,1*6F
$GPGSV,3,2,12,9,24,278,24,10,,,25,16,07,053,,17,12,265,,1*66
$GPGSV,3,3,12,20,,,25,28,15,139,19,30,,,25,31,42,125,44,1*69
$GPRMC,020021.10,A,3001.73492,S,05112.73399,W,0.07,0.00,090926,,,A,V*21
$GPGGA,020022.10,3001.73504,S,05112.73407,W,1,06,1.26,84.50,M,,M,,*43
$GPGLL,3001.73504,S,05112.73407,W,020022.10,A,A*62
$GPGSA,A,3,01,02,03,09,28,31,,,,,,,2.28,1.26,1.90,1*1B
$GPGSV,3,1,10,1,62,353,40,2,36,005,48,3,59,180,25,6,00,214,,1*6D
$GPGSV,3,2,10,9,24,278,25,10,,,24,16,07,053,,17,12,265,,1*64
$GPGSV,3,3,10,28,15,139,19,31,42,125,44,1*6A
$GPRMC,020022.10,A,3001.73504,S,05112.73407,W,0.01,0.00,090926,,,A,V*2A
$GPGGA,020023.10,3001.73515,S,05112.73417,W,1,06,1.26,84.54,M,,M,,*47
$GPGLL,3001.73515,S,05112.73417,W,020023.10,A,A*62
$GPGSA,A,3,01,02,03,09,28,31,,,,,,,2.28,1.26,1.90,1*1B
$GPGSV,3,1,10,1,62,353,40,2,36,005,49,3,59,180,25,6,00,214,,1*6C
$GPGSV,3,2,10,9,24,278,25,10,,,24,16,07,053,,17,12,265,,1*64
$GPGSV,3,3,10,28,15,139,18,31,42,125,45,1*6A
$GPRMC,020023.10,A,3001.73515,S,05112.73417,W,0.34,0.00,090926,,,A,V*2C
$GPGGA,020024.10,3001.73523,S,05112.73423,W,1,06,1.26,84.32,M,,M,,*42
$GPGLL,3001.73523,S,05112.73423,W,020024.10,A,A*67
$GPGSA,A,3,01,02,03,09,28,31,,,,,,,2.28,1.26,1.90,1*1B
$GPGSV,3,1,9,1,62,353,40,2,36,005,49,3,59,180,25,6,00,214,,1*54
$GPGSV,3,2,9,9,24,278,25,16,07,053,,17,12,265,,28,15,139,18,1*67
$GPGSV,3,3,9,31,42,125,45,1*6E
$GPRMC,020024.10,A,3001.73523,S,05112.73423,W,0.19,0.00,090926,,,A,V*26
$GPGGA,020025.10,3001.73516,S,05112.73396,W,1,06,1.26,84.59,M,,M,,*41
$GPGLL,3001.73516,S,05112.73396,W,020025.10,A,A*69
$GPGSA,A,3,01,02,03,09,28,31,,,,,,,2.28,1.26,1.90,1*1B
$GPGSV,3,1,9,1,62,353,40,2,36,005,49,3,59,180,24,6,00,214,,1*55
$GPGSV,3,2,9,9,24,278,25,16,07,053,,17,12,265,,28,15,139,18,1*67
$GPGSV,3,3,9,31,42,125,44,1*6F
$GPRMC,020025.10,A,3001.73516,S,05112.73396,W,0.07,0.00,090926,,,A,V*27
$GPGGA,020026.10,3001.73521,S,05112.73399,W,1,06,1.26,84.65,M,,M,,*46
$GPGLL,3001.73521,S,05112.73399,W,020026.10,A,A*61
$GPGSA,A,3,01,02,03,09,28,31,,,,,,,2.28,1.26,1.90,1*1B
$GPGSV,3,1,9,1,62,353,40,2,36,005,48,3,59,180,24,6,00,214,,1*54
$GPGSV,3,2,9,9,24,278,25,16,07,053,,17,12,265,,28,15,139,19,1*66
$GPGSV,3,3,9,31,42,125,44,1*6F
$GPRMC,020026.10,A,3001.73521,S,05112.73399,W,0.29,0.00,090926,,,A,V*23
$GPGGA,020027.10,3001.73519,S,05112.73375,W,1,06,1.26,84.61,M,,M,,*4A
$GPGLL,3001.73519,S,05112.73375,W,020027.10,A,A*69
$GPGSA,A,3,01,02,03,09,28,31,,,,,,,2.28,1.26,1.90,1*1B
$GPGSV,3,1,10,1,62,353,40,2,36,005,48,3,59,180,25,6,00,214,,1*6D
$GPGSV,3,2,10,9,24,278,25,12,,,27,16,07,053,,17,12,265,,1*65
$GPGSV,3,3,10,28,15,139,19,31,42,125,44,1*6A
$GPRMC,020027.10,A,3001.73519,S,05112.73375,W,0.13,0.00,090926,,,A,V*22
$GPGGA,020028.10,3001.73519,S,05112.73366,W,1,06,1.26,84.59,M,,M,,*4C
$GPGLL,3001.73519,S,05112.73366,W,020028.10,A,A*64
$GPGSA,A,3,01,02,03,09,28,31,,,,,,,2.28,1.26,1.90,1*1B
$GPGSV,3,1,12,1,62,353,40,2,36,005,48,3,59,180,25,6,00,214,,1*6F
$GPGSV,3,2,12,9,24,278,25,12,,,25,13,,,26,16,07,053,,1*57
$GPGSV,3,3,12,17,12,265,,19,,,29,28,15,139,19,31,42,125,44,1*5F
$GPRMC,020028.10,A,3001.73519,S,05112.73366,W,0.59,0.00,090926,,,A,V*21
$GPGGA,020029.10,3001.73499,S,05112.73322,W,1,06,1.26,85.25,M,,M,,*4E
$GPGLL,3001.73499,S,05112.73322,W,020029.10,A,A*6C
$GPGSA,A,3,01,02,03,09,28,31,,,,,,,2.28,1.26,1.90,1*1B
$GPGSV,3,1,10,1,62,353,40,2,36,005,48,3,59,180,25,6,00,214,,1*6D
$GPGSV,3,2,10,9,24,278,25,16,07,053,,17,12,265,,19,,,26,1*6F
$GPGSV,3,3,10,28,15,139,19,31,42,125,44,1*6A
$GPRMC,020029.10,A,3001.73499,S,05112.73322,W,0.38,0.00,090926,,,A,V*2E
$GPGGA,020030.10,3001.73504,S,05112.73316,W,1,06,1.26,85.30,M,,M,,*40
$GPGLL,3001.73504,S,05112.73316,W,020030.10,A,A*66
$GPGSA,A,3,01,02,03,09,28,31,,,,,,,2.28,1.26,1.90,1*1B
$GPGSV,3,1,10,1,62,353,40,2,36,005,48,3,59,180,25,6,00,214,,1*6D
$GPGSV,3,2,10,9,24,278,25,16,07,053,,17,12,265,,19,,,25,1*6C
$GPGSV,3,3,10,28,15,139,19,31,42,125,44,1*6A
$GPRMC,020030.10,A,3001.73504,S,05112.73316,W,0.13,0.00,090926,,,A,V*2D
$GPGGA,020031.10,3001.73513,S,05112.73316,W,1,06,1.26,85.25,M,,M,,*43
$GPGLL,3001.73513,S,05112.73316,W,020031.10,A,A*61
$GPGSA,A,3,01,02,03,09,28,31,,,,,,,2.28,1.26,1.90,1*1B
$GPGSV,3,1,9,1,62,353,40,2,36,005,48,3,59,180,25,6,00,214,,1*55
$GPGSV,3,2,9,9,24,278,24,16,07,053,,17,12,265,,28,15,139,17,1*69
$GPGSV,3,3,9,31,42,125,44,1*6F
$GPRMC,020031.10,A,3001.73513,S,05112.73316,W,0.11,0.00,090926,,,A,V*28
$GPGGA,020032.10,3001.73504,S,05112.73301,W,1,06,1.26,85.22,M,,M,,*47
$GPGLL,3001.73504,S,05112.73301,W,020032.10,A,A*62
$GPGSA,A,3,01,02,03,09,28,31,,,,,,,2.28,1.26,1.90,1*1B
$GPGSV,3,1,9,1,62,353,40,2,36,005,49,3,59,180,25,6,00,214,,1*54
$GPGSV,3,2,9,9,24,278,25,16,07,053,,17,12,265,,28,15,139,18,1*67
$GPGSV,3,3,9,31,42,125,44,1*6F
$GPRMC,020032.10,A,3001.73504,S,05112.73301,W,0.08,0.00,090926,,,A,V*23
$GPGGA,020033.10,3001.73503,S,05112.73279,W,1,06,1.26,85.36,M,,M,,*4A
$GPGLL,3001.73503,S,05112.73279,W,020033.10,A,A*6A
$GPGSA,A,3,01,02,03,09,28,31,,,,,,,2.28,1.26,1.90,1*1B
$GPGSV,3,1,9,1,62,353,40,2,36,005,49,3,59,180,24,6,00,214,,1*55
$GPGSV,3,2,9,9,24,278,24,16,07,053,,17,12,265,,28,15,139,19,1*67
$GPGSV,3,3,9,31,42,125,45,1*6E
$GPRMC,020033.10,A,3001.73503,S,05112.73279,W,0.23,0.00,090926,,,A,V*22
$GPGGA,020034.10,3001.73498,S,05112.73244,W,1,06,1.26,85.57,M,,M,,*47
$GPGLL,3001.73498,S,05112.73244,W,020034.10,A,A*60
$GPGSA,A,3,01,02,03,09,28,31,,,,,,,2.28,1.26,1.90,1*1B
$GPGSV,3,1,10,1,62,353,39,2,36,005,49,3,59,180,24,6,00,214,,1*63
$GPGSV,3,2,10,7,,,33,9,24,278,24,16,07,053,,17,12,265,,1*55
$GPGSV,3,3,10,28,15,139,19,31,42,125,45,1*6B
$GPRMC,020034.10,A,3001.73498,S,05112.73244,W,0.29,0.00,090926,,,A,V*22
$GPGGA,020035.10,3001.73497,S,05112.73239,W,1,06,1.26,85.71,M,,M,,*47
$GPGLL,3001.73497,S,05112.73239,W,020035.10,A,A*64
$GPGSA,A,3,01,02,03,09,28,31,,,,,,,2.28,1.26,1.90,1*1B
$GPGSV,3,1,10,1,62,353,39,2,36,005,48,3,59,180,24,6,00,214,,1*62
$GPGSV,3,2,10,7,,,26,9,24,278,24,16,07,053,,17,12,265,,1*51
$GPGSV,3,3,10,28,15,139,18,31,42,125,44,1*6B
$GPRMC,020035.10,A,3001.73497,S,05112.73239,W,0.34,0.00,090926,,,A,V*2A
$GPGGA,020036.10,3001.73495,S,05112.73233,W,1,06,1.26,86.18,M,,M,,*40
$GPGLL,3001.73495,S,05112.73233,W,020036.10,A,A*6F
$GPGSA,A,3,01,02,03,09,28,31,,,,,,,2.28,1.26,1.90,1*1B
$GPGSV,3,1,10,1,62,353,39,2,36,005,48,3,59,180,24,6,00,214,,1*62
$GPGSV,3,2,10,7,,,25,9,24,278,24,16,07,053,,17,12,265,,1*52
$GPGSV,3,3,10,28,15,139,18,31,42,125,44,1*6B
$GPRMC,020036.10,A,3001.73495,S,05112.73233,W,0.19,0.00,090926,,,A,V*2E
$GPGGA,020037.10,3001.73497,S,05112.73238,W,1,06,1.26,86.12,M,,M,,*42
$GPGLL,3001.73497,S,05112.73238,W,020037.10,A,A*67
$GPGSA,A,3,01,02,03,09,28,31,,,,,,,2.28,1.26,1.90,1*1B
$GPGSV,4,1,13,1,62,353,39,2,36,005,48,3,59,180,23,6,00,214,,1*61
$GPGSV,4,2,13,7,,,25,8,,,26,9,24,278,24,10,,,29,1*62
$GPGSV,4,3,13,11,,,30,16,07,053,,17,12,265,,28,15,139,19,1*5D
$GPGSV,4,4,13,31,42,125,44,1*54
$GPRMC,020037.10,A,3001.73497,S,05112.73238,W,0.49,0.00,090926,,,A,V*23
$GPGGA,020038.10,3001.73504,S,05112.73246,W,1,06,1.26,86.58,M,,M,,*41
$GPGLL,3001.73504,S,05112.73246,W,020038.10,A,A*6A
$GPGSA,A,3,01,02,03,09,28,31,,,,,,,2.28,1.26,1.90,1*1B
$GPGSV,4,1,13,1,62,353,39,2,36,005,48,3,59,180,23,4,,,28,1*5E
$GPGSV,4,2,13,6,00,214,,8,,,24,9,24,278,24,16,07,053,,1*6D
$GPGSV,4,3,13,17,12,265,,24,,,29,28,15,140,19,31,41,125,44,1*5A
$GPGSV,4,4,13,193,,,26,1*59
$GPRMC,020038.10,A,3001.73504,S,05112.73246,W,0.37,0.00,090926,,,A,V*27
$GPGGA,020039.10,3001.73496,S,05112.73245,W,1,06,1.26,87.34,M,,M,,*42
$GPGLL,3001.73496,S,05112.73245,W,020039.10,A,A*62
$GPGSA,A,3,01,02,03,09,28,31,,,,,,,2.28,1.26,1.90,1*1B
$GPGSV,3,1,11,1,62,353,39,2,36,005,48,3,59,180,22,6,00,214,,1*65
$GPGSV,3,2,11,8,,,24,9,24,278,24,16,07,053,,17,12,265,,1*5D
$GPGSV,3,3,11,28,15,140,18,31,41,125,44,193,,,25,1*5B
$GPRMC,020039.10,A,3001.73496,S,05112.73245,W,0.20,0.00,090926,,,A,V*29
$GPGGA,020040.10,3001.73487,S,05112.73225,W,1,06,1.26,87.57,M,,M,,*4F
$GPGLL,3001.73487,S,05112.73225,W,020040.10,A,A*6A
$GPGSA,A,3,01,02,03,09,28,31,,,,,,,2.28,1.26,1.90,1*1B
$GPGSV,3,1,11,1,62,353,39,2,36,005,49,3,59,180,22,6,00,214,,1*64
$GPGSV,3,2,11,8,,,25,9,24,278,24,16,07,053,,17,12,265,,1*5C
$GPGSV,3,3,11,28,15,140,19,31,41,125,44,193,,,25,1*5A
$GPRMC,020040.10,A,3001.73487,S,05112.73225,W,0.02,0.00,090926,,,A,V*21
$GPGGA,020041.10,3001.73491,S,05112.73236,W,1,06,1.26,88.01,M,,M,,*47
$GPGLL,3001.73491,S,05112.73236,W,020041.10,A,A*6E
$GPGSA,A,3,01,02,03,09,28,31,,,,,,,2.28,1.26,1.90,1*1B
$GPGSV,3,1,10,1,62,353,39,2,36,005,49,3,59,180,22,6,00,214,,1*65
$GPGSV,3,2,10,9,24,278,24,16,07,053,,17,12,265,,28,15,140,18,1*50
$GPGSV,3,3,10,31,41,125,44,193,,,24,1*69
$GPRMC,020041.10,A,3001.73491,S,05112.73236,W,0.25,0.00,090926,,,A,V*20
$GPGGA,020042.10,3001.73493,S,05112.73243,W,1,06,1.26,88.50,M,,M,,*40
$GPGLL,3001.73493,S,05112.73243,W,020042.10,A,A*6D
$GPGSA,A,3,01,02,03,09,28,31,,,,,,,2.28,1.26,1.90,1*1B
$GPGSV,3,1,9,1,62,353,39,2,36,005,48,3,59,180,22,6,00,214,,1*5C
$GPGSV,3,2,9,9,24,278,24,16,07,053,,17,12,265,,28,15,140,18,1*68
$GPGSV,3,3,9,31,41,125,44,1*6C
$GPRMC,020042.10,A,3001.73493,S,05112.73243,W,0.11,0.00,090926,,,A,V*24
$GPGGA,020043.10,3001.73493,S,05112.73244,W,1,06,1.26,88.56,M,,M,,*40
$GPGLL,3001.73493,S,05112.73244,W,020043.10,A,A*6B
$GPGSA,A,3,01,02,03,09,28,31,,,,,,,2.28,1.26,1.90,1*1B
$GPGSV,3,1,12,1,62,353,39,2,36,005,49,3,59,180,21,5,,,29,1*5B
$GPGSV,3,2,12,6,00,214,,8,,,29,9,24,278,24,12,,,26,1*57
$GPGSV,3,3,12,16,07,053,,17,12,265,,28,15,140,17,31,41,125,44,1*69
$GPRMC,020043.10,A,3001.73493,S,05112.73244,W,0.30,0.00,090926,,,A,V*21
$GPGGA,020044.10,3001.73490,S,05112.73237,W,1,06,1.26,89.05,M,,M,,*47
$GPGLL,3001.73490,S,05112.73237,W,020044.10,A,A*6B
$GPGSA,A,3,01,02,03,09,28,31,,,,,,,2.28,1.26,1.90,1*1B
$GPGSV,3,1,11,1,62,353,39,2,36,005,49,3,59,180,21,6,00,214,,1*67
$GPGSV,3,2,11,8,,,25,9,24,278,23,16,07,053,,17,12,265,,1*5B
$GPGSV,3,3,11,22,,,28,28,15,140,17,31,41,125,45,1*63
$GPRMC,020044.10,A,3001.73490,S,05112.73237,W,0.47,0.00,090926,,,A,V*21
$GPGGA,020045.10,3001.73485,S,05112.73233,W,1,06,1.26,89.41,M,,M,,*46
$GPGLL,3001.73485,S,05112.73233,W,020045.10,A,A*6A
$GPGSA,A,3,01,02,03,09,28,31,,,,,,,2.28,1.26,1.90,1*1B
$GPGSV,3,1,11,1,62,353,39,2,36,005,49,3,59,180,21,6,00,214,,1*67
$GPGSV,3,2,11,8,,,25,9,24,278,23,16,07,053,,17,12,265,,1*5B
$GPGSV,3,3,11,22,,,25,28,15,140,17,31,41,125,44,1*6F
$GPRMC,020045.10,A,3001.73485,S,05112.73233,W,0.12,0.00,090926,,,A,V*20
$GPGGA,020046.10,3001.73487,S,05112.73241,W,1,06,1.26,89.69,M,,M,,*48
$GPGLL,3001.73487,S,05112.73241,W,020046.10,A,A*6E
$GPGSA,A,3,01,02,03,09,28,31,,,,,,,2.28,1.26,1.90,1*1B
$GPGSV,3,1,11,1,62,353,39,2,36,005,49,3,59,180,21,6,00,214,,1*67
$GPGSV,3,2,11,8,,,24,9,24,278,22,16,07,053,,17,12,265,,1*5B
$GPGSV,3,3,11,22,,,25,28,15,140,17,31,41,125,44,1*6F
$GPRMC,020046.10,A,3001.73487,S,05112.73241,W,0.07,0.00,090926,,,A,V*20
$GPGGA,020047.10,3001.73493,S,05112.73262,W,1,06,1.26,89.80,M,,M,,*4A
$GPGLL,3001.73493,S,05112.73262,W,020047.10,A,A*6B
$GPGSA,A,3,01,02,03,09,28,31,,,,,,,2.28,1.26,1.90,1*1B
$GPGSV,3,1,10,1,62,353,39,2,36,005,49,3,59,180,21,6,00,214,,1*66
$GPGSV,3,2,10,9,24,278,22,16,07,053,,17,12,265,,22,,,25,1*63
$GPGSV,3,3,10,28,15,140,16,31,41,125,44,1*68
$GPRMC,020047.10,A,3001.73493,S,05112.73262,W,0.56,0.00,090926,,,A,V*21
$GPGGA,020048.10,3001.73505,S,05112.73303,W,1,06,1.26,89.87,M,,M,,*4A
$GPGLL,3001.73505,S,05112.73303,W,020048.10,A,A*6C
$GPGSA,A,3,01,02,03,09,28,31,,,,,,,2.28,1.26,1.90,1*1B
$GPGSV,3,1,10,1,62,353,39,2,36,005,49,3,59,180,21,6,00,214,,1*66
$GPGSV,3,2,10,9,24,278,22,16,07,053,,17,12,265,,22,,,26,1*60
$GPGSV,3,3,10,28,15,140,18,31,41,125,45,1*67
$GPRMC,020048.10,A,3001.73505,S,05112.73303,W,0.67,0.00,090926,,,A,V*24
$GPGGA,020049.10,3001.73495,S,05112.73292,W,1,06,1.26,89.91,M,,M,,*4D
$GPGLL,3001.73495,S,05112.73292,W,020049.10,A,A*6C
$GPGSA,A,3,01,02,03,09,28,31,,,,,,,2.28,1.26,1.90,1*1B
$GPGSV,3,1,10,1,62,353,38,2,36,005,49,3,59,180,21,6,00,214,,1*67
$GPGSV,3,2,10,9,24,278,22,16,07,053,,17,12,265,,22,,,25,1*63
$GPGSV,3,3,10,28,15,140,18,31,41,125,45,1*67
$GPRMC,020049.10,A,3001.73495,S,05112.73292,W,0.20,0.00,090926,,,A,V*27
$GPGGA,020050.10,3001.73485,S,05112.73291,W,1,06,1.26,90.53,M,,M,,*41
$GPGLL,3001.73485,S,05112.73291,W,020050.10,A,A*66
$GPGSA,A,3,01,02,03,09,28,31,,,,,,,2.28,1.26,1.90,1*1B
$GPGSV,3,1,10,1,62,353,38,2,36,005,49,3,59,180,21,6,00,214,,1*67
$GPGSV,3,2,10,9,24,278,21,16,07,053,,17,12,265,,22,,,25,1*60
$GPGSV,3,3,10,28,15,140,18,31,41,125,45,1*67
$GPRMC,020050.10,A,3001.73485,S,05112.73291,W,0.10,0.00,090926,,,A,V*2E
$GPGGA,020051.10,3001.73480,S,05112.73287,W,1,06,1.26,90.76,M,,M,,*45
$GPGLL,3001.73480,S,05112.73287,W,020051.10,A,A*65
$GPGSA,A,3,01,02,03,09,28,31,,,,,,,2.28,1.26,1.90,1*1B
$GPGSV,3,1,10,1,62,353,39,2,36,005,49,3,59,180,21,6,00,214,,1*66
$GPGSV,3,2,10,9,24,278,21,16,07,053,,17,12,265,,22,,,25,1*60
$GPGSV,3,3,10,28,15,140,18,31,41,125,45,1*67
$GPRMC,020051.10,A,3001.73480,S,05112.73287,W,0.47,0.00,090926,,,A,V*2F
$GPGGA,020052.10,3001.73473,S,05112.73288,W,1,06,1.26,91.20,M,,M,,*47
$GPGLL,3001.73473,S,05112.73288,W,020052.10,A,A*65
$GPGSA,A,3,01,02,03,09,28,31,,,,,,,2.28,1.26,1.90,1*1B
$GPGSV,3,1,9,1,62,353,39,2,36,005,49,3,59,180,22,6,00,214,,1*5D
$GPGSV,3,2,9,9,24,278,20,16,07,053,,17,12,265,,28,15,140,18,1*6C
$GPGSV,3,3,9,31,41,125,45,1*6D
$GPRMC,020052.10,A,3001.73473,S,05112.73288,W,0.21,0.00,090926,,,A,V*2F
$GPGGA,020053.10,3001.73473,S,05112.73304,W,1,06,1.26,91.76,M,,M,,*40
$GPGLL,3001.73473,S,05112.73304,W,020053.10,A,A*61
$GPGSA,A,3,01,02,03,09,28,31,,,,,,,2.28,1.26,1.90,1*1B
$GPGSV,3,1,10,1,62,353,38,2,36,005,49,3,59,180,21,6,00,214,,1*67
$GPGSV,3,2,10,8,,,28,9,24,278,20,16,07,053,,17,12,265,,1*54
$GPGSV,3,3,10,28,15,140,17,31,41,125,45,1*68
$GPRMC,020053.10,A,3001.73473,S,05112.73304,W,0.19,0.00,090926,,,A,V*20
$GPGGA,020054.10,3001.73463,S,05112.73297,W,1,06,1.26,91.84,M,,M,,*40
$GPGLL,3001.73463,S,05112.73297,W,020054.10,A,A*6C
$GPGSA,A,3,01,02,03,09,28,31,,,,,,,2.28,1.26,1.90,1*1B
$GPGSV,3,1,11,1,62,353,39,2,36,005,48,3,59,180,21,6,00,214,,1*66
$GPGSV,3,2,11,7,,,31,8,,,27,9,24,278,20,16,07,053,,1*5B
$GPGSV,3,3,11,17,12,265,,28,15,140,18,31,41,125,45,1*52
$GPRMC,020054.10,A,3001.73463,S,05112.73297,W,0.24,0.00,090926,,,A,V*23
$GPGGA,020055.10,3001.73453,S,05112.73284,W,1,06,1.26,92.45,M,,M,,*4E
$GPGLL,3001.73453,S,05112.73284,W,020055.10,A,A*6C
$GPGSA,A,3,01,02,03,09,28,31,,,,,,,2.28,1.26,1.90,1*1B
$GPGSV,3,1,12,1,62,353,39,2,36,005,48,3,59,180,22,6,00,214,,1*66
$GPGSV,3,2,12,7,,,26,8,,,25,9,24,278,20,16,07,053,,1*5C
$GPGSV,3,3,12,17,12,265,,19,,,27,28,15,140,18,31,41,125,45,1*5C
$GPRMC,020055.10,A,3001.73453,S,05112.73284,W,0.20,0.00,090926,,,A,V*27
$GPGGA,020056.10,3001.73445,S,05112.73283,W,1,06,1.26,93.07,M,,M,,*4A
$GPGLL,3001.73445,S,05112.73283,W,020056.10,A,A*6F
$GPGSA,A,3,01,02,03,09,28,31,,,,,,,2.28,1.26,1.90,1*1B
$GPGSV,3,1,12,1,62,353,39,2,36,005,49,3,59,180,21,6,00,214,,1*64
$GPGSV,3,2,12,7,,,25,8,,,25,9,24,278,21,16,07,053,,1*5E
$GPGSV,3,3,12,17,12,265,,19,,,25,28,15,140,18,31,41,125,45,1*5E
$GPRMC,020056.10,A,3001.73445,S,05112.73283,W,0.08,0.00,090926,,,A,V*2E
$GPGGA,020057.10,3001.73435,S,05112.73271,W,1,06,1.26,93.21,M,,M,,*45
$GPGLL,3001.73435,S,05112.73271,W,020057.10,A,A*64
$GPGSA,A,3,01,02,03,09,28,31,,,,,,,2.28,1.26,1.90,1*1B
$GPGSV,3,1,11,1,62,353,39,2,36,005,49,3,59,180,21,6,00,214,,1*67
$GPGSV,3,2,11,7,,,24,9,24,278,20,16,07,053,,17,12,265,,1*56
$GPGSV,3,3,11,19,,,24,28,15,140,17,31,41,125,45,1*67
$GPRMC,020057.10,A,3001.73435,S,05112.73271,W,0.14,0.00,090926,,,A,V*28
$GPGGA,020058.10,3001.73438,S,05112.73293,W,1,06,1.26,93.62,M,,M,,*4C
$GPGLL,3001.73438,S,05112.73293,W,020058.10,A,A*6A
$GPGSA,A,3,01,02,03,09,28,31,,,,,,,2.28,1.26,1.90,1*1B
$GPGSV,3,1,11,1,62,353,39,2,36,005,49,3,59,180,21,6,00,214,,1*67
$GPGSV,3,2,11,9,24,278,19,16,07,053,,17,12,265,,19,,,24,1*63
$GPGSV,3,3,11,22,,,26,28,15,140,17,31,41,125,45,1*6D
$GPRMC,020058.10,A,3001.73438,S,05112.73293,W,0.12,0.00,090926,,,A,V*20
$GPGGA,020059.10,3001.73433,S,05112.73288,W,1,06,1.26,93.69,M,,M,,*47
$GPGLL,3001.73433,S,05112.73288,W,020059.10,A,A*6A
$GPGSA,A,3,01,02,03,09,28,31,,,,,,,2.28,1.26,1.90,1*1B
$GPGSV,3,1,10,1,62,353,39,2,36,005,49,3,59,180,21,6,00,214,,1*66
$GPGSV,3,2,10,9,24,278,19,16,07,053,,17,12,265,,22,,,25,1*6B
$GPGSV,3,3,10,28,15,140,16,31,41,125,45,1*69
$GPRMC,020059.10,A,3001.73433,S,05112.73288,W,0.36,0.00,090926,,,A,V*26
$GPGGA,020100.10,3001.73439,S,05112.73312,W,1,06,1.26,93.34,M,,M,,*4A
$GPGLL,3001.73439,S,05112.73312,W,020100.10,A,A*6F
$GPGSA,A,3,01,02,03,09,28,31,,,,,,,2.28,1.26,1.90,1*1B
$GPGSV,3,1,9,1,62,353,39,2,36,005,49,3,59,180,21,6,00,214,,1*5E
$GPGSV,3,2,9,9,24,278,19,16,07,053,,17,12,265,,28,15,140,15,1*6B
$GPGSV,3,3,9,31,41,125,45,1*6D
$GPRMC,020100.10,A,3001.73439,S,05112.73312,W,0.57,0.00,090926,,,A,V*24
$GPGGA,020101.10,3001.73457,S,05112.73346,W,1,06,1.26,92.61,M,,M,,*43
$GPGLL,3001.73457,S,05112.73346,W,020101.10,A,A*67
$GPGSA,A,3,01,02,03,09,28,31,,,,,,,2.28,1.26,1.90,1*1B
$GPGSV,3,1,10,1,62,353,39,2,36,005,48,3,59,180,20,6,00,214,,1*66
$GPGSV,3,2,10,8,,,30,9,24,278,19,16,07,053,,17,12,265,,1*57
$GPGSV,3,3,10,28,15,140,16,31,41,125,45,1*69
$GPRMC,020101.10,A,3001.73457,S,05112.73346,W,0.34,0.00,090926,,,A,V*29
$GPGGA,020102.10,3001.73471,S,05112.73384,W,1,06,1.26,92.10,M,,M,,*4C
$GPGLL,3001.73471,S,05112.73384,W,020102.10,A,A*6E
$GPGSA,A,3,01,02,03,09,28,31,,,,,,,2.28,1.26,1.90,1*1B
$GPGSV,3,1,10,1,62,353,39,2,36,005,48,3,59,180,21,6,00,214,,1*67
$GPGSV,3,2,10,8,,,26,9,24,278,18,16,07,053,,17,12,265,,1*51
$GPGSV,3,3,10,28,15,140,14,31,41,125,45,1*6B
$GPRMC,020102.10,A,3001.73471,S,05112.73384,W,0.35,0.00,090926,,,A,V*21
$GPGGA,020103.10,3001.73479,S,05112.73408,W,1,06,1.26,91.72,M,,M,,*41
$GPGLL,3001.73479,S,05112.73408,W,020103.10,A,A*64
$GPGSA,A,3,01,02,03,09,28,31,,,,,,,2.28,1.26,1.90,1*1B
$GPGSV,3,1,10,1,62,353,39,2,36,005,48,3,59,180,20,6,00,214,,1*66
$GPGSV,3,2,10,8,,,25,9,24,278,17,16,07,053,,17,12,265,,1*5D
$GPGSV,3,3,10,28,15,140,14,31,41,125,44,1*6A
$GPRMC,020103.10,A,3001.73479,S,05112.73408,W,0.35,0.00,090926,,,A,V*2B
$GPGGA,020104.10,3001.73504,S,05112.73451,W,1,05,1.43,91.02,M,,M,,*46
$GPGLL,3001.73504,S,05112.73451,W,020104.10,A,A*64
$GPGSA,A,3,01,02,03,09,31,,,,,,,,3.28,1.43,2.96,1*16
$GPGSV,3,1,10,1,62,353,39,2,36,005,48,3,59,180,20,6,00,214,,1*66
$GPGSV,3,2,10,9,24,278,17,16,07,053,,17,12,265,,19,,,28,1*60
$GPGSV,3,3,10,28,15,140,10,31,41,125,44,1*6E
$GPRMC,020104.10,A,3001.73504,S,05112.73451,W,0.33,0.00,090926,,,A,V*2D
$GPGGA,020105.10,3001.73523,S,05112.73482,W,1,05,1.43,90.28,M,,M,,*45
$GPGLL,3001.73523,S,05112.73482,W,020105.10,A,A*6E
$GPGSA,A,3,01,02,03,09,31,,,,,,,,3.28,1.43,2.96,1*16
$GPGSV,3,1,12,1,62,353,39,2,36,005,48,3,59,180,20,6,00,214,,1*64
$GPGSV,3,2,12,8,,,29,9,24,278,16,16,07,053,,17,12,265,,1*52
$GPGSV,3,3,12,19,,,25,28,15,140,12,31,41,125,44,200,,,31,1*51
$GPRMC,020105.10,A,3001.73523,S,05112.73482,W,0.09,0.00,090926,,,A,V*2E
$GPGGA,020106.10,3001.73540,S,05112.73504,W,1,05,1.43,89.80,M,,M,,*46
$GPGLL,3001.73540,S,05112.73504,W,020106.10,A,A*67
$GPGSA,A,3,01,02,03,09,31,,,,,,,,3.28,1.43,2.96,1*16
$GPGSV,4,1,13,1,62,353,40,2,36,005,48,3,59,180,20,4,,,28,1*53
$GPGSV,4,2,13,6,00,214,,8,,,25,9,24,278,17,16,07,053,,1*6C
$GPGSV,4,3,13,17,12,265,,19,,,24,28,15,140,13,31,41,125,44,1*53
$GPGSV,4,4,13,200,,,26,1*50
$GPRMC,020106.10,A,3001.73540,S,05112.73504,W,0.10,0.00,090926,,,A,V*2F
$GPGGA,020107.10,3001.73546,S,05112.73503,W,1,05,1.43,89.94,M,,M,,*43
$GPGLL,3001.73546,S,05112.73503,W,020107.10,A,A*67
$GPGSA,A,3,01,02,03,09,31,,,,,,,,3.28,1.43,2.96,1*16
$GPGSV,3,1,11,1,62,353,40,2,36,005,48,3,59,180,18,6,00,214,,1*62
$GPGSV,3,2,11,9,24,278,17,13,,,25,16,07,053,,17,12,265,,1*66
$GPGSV,3,3,11,28,15,140,06,31,41,125,44,200,,,25,1*5D
$GPRMC,020107.10,A,3001.73546,S,05112.73503,W,0.71,0.00,090926,,,A,V*28
$GPGGA,020108.10,3001.73559,S,05112.73536,W,1,05,1.42,89.51,M,,M,,*4C
$GPGLL,3001.73559,S,05112.73536,W,020108.10,A,A*60
$GPGSA,A,3,01,02,03,09,31,,,,,,,,3.28,1.42,2.96,1*17
$GPGSV,3,1,12,1,62,353,40,2,36,005,48,3,59,180,18,6,00,214,,1*61
$GPGSV,3,2,12,7,,,29,9,24,278,17,13,,,25,16,07,053,,1*6D
$GPGSV,3,3,12,17,12,265,,28,15,140,11,31,41,125,44,200,,,25,1*6C
$GPRMC,020108.10,A,3001.73559,S,05112.73536,W,0.46,0.00,090926,,,A,V*2B
$GPGGA,020109.10,3001.73579,S,05112.73583,W,1,05,1.42,89.23,M,,M,,*44
$GPGLL,3001.73579,S,05112.73583,W,020109.10,A,A*6D
$GPGSA,A,3,01,02,03,09,31,,,,,,,,3.28,1.42,2.96,1*17
$GPGSV,4,1,13,1,62,353,40,2,36,005,48,3,59,180,17,4,,,30,1*5E
$GPGSV,4,2,13,6,00,214,,7,,,26,9,24,278,16,13,,,24,1*53
$GPGSV,4,3,13,16,07,053,,17,12,265,,28,15,140,13,31,41,125,44,1*6B
$GPGSV,4,4,13,200,,,25,1*53
$GPRMC,020109.10,A,3001.73579,S,05112.73583,W,0.17,0.00,090926,,,A,V*22
$GPGGA,020110.10,3001.73581,S,05112.73594,W,1,05,1.42,89.04,M,,M,,*48
$GPGLL,3001.73581,S,05112.73594,W,020110.10,A,A*64
$GPGSA,A,3,01,02,03,09,31,,,,,,,,3.28,1.42,2.96,1*17
$GPGSV,3,1,12,1,62,353,40,2,36,005,48,3,59,180,17,4,,,26,1*5F
$GPGSV,3,2,12,6,00,214,,7,,,25,9,24,278,15,13,,,25,1*54
$GPGSV,3,3,12,16,07,053,,17,12,265,,28,15,140,02,31,41,125,44,1*6D
$GPRMC,020110.10,A,3001.73581,S,05112.73594,W,0.17,0.00,090926,,,A,V*2B
$GPGGA,020111.10,3001.73593,S,05112.73621,W,1,04,3.94,89.06,M,,M,,*4D
$GPGLL,3001.73593,S,05112.73621,W,020111.10,A,A*6B
$GPGSA,A,3,01,02,03,31,,,,,,,,,8.03,3.94,6.99,1*1E
$GPGSV,3,1,10,1,62,353,40,2,36,005,48,3,59,180,18,6,00,214,,1*63
$GPGSV,3,2,10,9,24,278,12,16,07,053,,17,12,265,,28,15,140,12,1*5F
$GPGSV,3,3,10,31,41,125,44,200,,,26,1*62
$GPRMC,020111.10,A,3001.73593,S,05112.73621,W,0.52,0.00,090926,,,A,V*25
$GPGGA,020112.10,3001.73619,S,05112.73680,W,1,05,1.42,88.48,M,,M,,*47
$GPGLL,3001.73619,S,05112.73680,W,020112.10,A,A*62
$GPGSA,A,3,01,02,03,09,31,,,,,,,,3.28,1.42,2.96,1*17
$GPGSV,3,1,10,1,62,353,40,2,36,005,48,3,59,180,18,6,00,214,,1*63
$GPGSV,3,2,10,9,24,278,13,16,07,053,,17,12,265,,28,15,140,12,1*5E
$GPGSV,3,3,10,31,41,125,44,200,,,25,1*61
$GPRMC,020112.10,A,3001.73619,S,05112.73680,W,0.65,0.00,090926,,,A,V*28
$GPGGA,020113.10,3001.73628,S,05112.73697,W,1,04,3.95,88.02,M,,M,,*45
$GPGLL,3001.73628,S,05112.73697,W,020113.10,A,A*67
$GPGSA,A,3,01,02,03,31,,,,,,,,,8.03,3.95,6.99,1*1F
$GPGSV,3,1,10,1,62,353,40,2,36,005,48,3,59,180,18,6,00,214,,1*63
$GPGSV,3,2,10,9,24,278,13,16,07,053,,17,12,265,,28,15,140,00,1*5D
$GPGSV,3,3,10,31,41,125,44,200,,,25,1*61
$GPRMC,020113.10,A,3001.73628,S,05112.73697,W,0.41,0.00,090926,,,A,V*2B
$GPGGA,020114.10,3001.73630,S,05112.73707,W,1,05,1.42,87.53,M,,M,,*41
$GPGLL,3001.73630,S,05112.73707,W,020114.10,A,A*61
$GPGSA,A,3,01,02,03,09,31,,,,,,,,3.28,1.42,2.96,1*17
$GPGSV,3,1,11,1,62,353,40,2,36,005,48,3,59,180,18,6,00,214,,1*62
$GPGSV,3,2,11,9,24,278,13,16,07,053,,17,12,265,,28,15,140,12,1*5F
$GPGSV,3,3,11,31,41,125,44,200,,,25,201,,,25,1*54
$GPRMC,020114.10,A,3001.73630,S,05112.73707,W,0.05,0.00,090926,,,A,V*2D
$GPGGA,020115.10,3001.73625,S,05112.73688,W,1,05,1.42,87.55,M,,M,,*44
$GPGLL,3001.73625,S,05112.73688,W,020115.10,A,A*62
$GPGSA,A,3,01,02,03,09,31,,,,,,,,3.28,1.42,2.96,1*17
$GPGSV,3,1,11,1,62,353,40,2,36,005,48,3,59,180,18,6,00,214,,1*62
$GPGSV,3,2,11,8,,,29,9,24,278,14,16,07,053,,17,12,265,,1*53
$GPGSV,3,3,11,28,15,140,14,31,41,125,45,201,,,25,1*5E
$GPRMC,020115.10,A,3001.73625,S,05112.73688,W,0.13,0.00,090926,,,A,V*29
$GPGGA,020116.10,3001.73635,S,05112.73703,W,1,06,1.25,86.98,M,,M,,*46
$GPGLL,3001.73635,S,05112.73703,W,020116.10,A,A*62
$GPGSA,A,3,01,02,03,09,28,31,,,,,,,2.28,1.25,1.90,1*18
$GPGSV,3,1,12,1,62,353,40,2,36,005,48,3,59,180,18,4,,,29,1*5F
$GPGSV,3,2,12,6,00,214,,8,,,25,9,24,278,14,16,07,053,,1*69
$GPGSV,3,3,12,17,12,265,,28,15,140,17,31,41,125,45,201,,,24,1*6B
$GPRMC,020116.10,A,3001.73635,S,05112.73703,W,0.07,0.00,090926,,,A,V*2C
$GPGGA,020117.10,3001.73642,S,05112.73728,W,1,06,1.25,86.53,M,,M,,*49
$GPGLL,3001.73642,S,05112.73728,W,020117.10,A,A*6A
$GPGSA,A,3,01,02,03,09,28,31,,,,,,,2.28,1.25,1.90,1*18
$GPGSV,3,1,11,1,62,353,40,2,36,005,48,3,59,180,19,5,,,29,1*5C
$GPGSV,3,2,11,6,00,214,,9,24,278,13,16,07,053,,17,12,265,,1*66
$GPGSV,3,3,11,28,15,140,16,31,41,125,45,201,,,25,1*5C
$GPRMC,020117.10,A,3001.73642,S,05112.73728,W,0.09,0.00,090926,,,A,V*2A
$GPGGA,020118.10,3001.73633,S,05112.73717,W,1,06,1.25,86.40,M,,M,,*4E
$GPGLL,3001.73633,S,05112.73717,W,020118.10,A,A*6F
$GPGSA,A,3,01,02,03,09,28,31,,,,,,,2.28,1.25,1.90,1*18
$GPGSV,3,1,11,1,62,353,40,2,36,005,48,3,59,180,20,5,,,25,1*5A
$GPGSV,3,2,11,6,00,214,,9,24,278,13,16,07,053,,17,12,265,,1*66
$GPGSV,3,3,11,22,,,27,28,15,140,15,31,41,125,45,1*6E
$GPRMC,020118.10,A,3001.73633,S,05112.73717,W,0.29,0.00,090926,,,A,V*2D
$GPGGA,020119.10,3001.73632,S,05112.73725,W,1,06,1.25,86.09,M,,M,,*42
$GPGLL,3001.73632,S,05112.73725,W,020119.10,A,A*6E
$GPGSA,A,3,01,02,03,09,28,31,,,,,,,2.28,1.25,1.90,1*18
$GPGSV,3,1,10,1,62,353,40,2,36,005,48,3,59,180,21,5,,,24,1*5B
$GPGSV,3,2,10,6,00,214,,9,24,278,15,16,07,053,,17,12,265,,1*61
$GPGSV,3,3,10,28,15,140,15,31,41,125,45,1*6A
$GPRMC,020119.10,A,3001.73632,S,05112.73725,W,0.60,0.00,090926,,,A,V*21
$GPGGA,020120.10,3001.73635,S,05112.73746,W,1,06,1.25,85.59,M,,M,,*4C
$GPGLL,3001.73635,S,05112.73746,W,020120.10,A,A*66
$GPGSA,A,3,01,02,03,09,28,31,,,,,,,2.28,1.25,1.90,1*18
$GPGSV,3,1,10,1,62,353,40,2,36,005,48,3,59,180,21,5,,,24,1*5B
$GPGSV,3,2,10,6,00,214,,9,24,278,16,16,07,053,,17,12,265,,1*62
$GPGSV,3,3,10,28,15,140,15,31,41,125,45,1*6A
$GPRMC,020120.10,A,3001.73635,S,05112.73746,W,0.70,0.00,090926,,,A,V*28
$GPGGA,020121.10,3001.73654,S,05112.73801,W,1,06,1.25,84.81,M,,M,,*42
$GPGLL,3001.73654,S,05112.73801,W,020121.10,A,A*6C
$GPGSA,A,3,01,02,03,09,28,31,,,,,,,2.27,1.25,1.90,1*17
$GPGSV,3,1,10,1,62,353,40,2,36,005,48,3,59,180,21,4,,,26,1*58
$GPGSV,3,2,10,6,00,214,,9,24,278,17,16,07,053,,17,12,265,,1*63
$GPGSV,3,3,10,28,15,140,16,31,41,125,45,1*69
$GPRMC,020121.10,A,3001.73654,S,05112.73801,W,0.83,0.00,090926,,,A,V*2E
$GPGGA,020122.10,3001.73661,S,05112.73821,W,1,05,1.42,84.25,M,,M,,*49
$GPGLL,3001.73661,S,05112.73821,W,020122.10,A,A*6B
$GPGSA,A,3,01,02,03,09,31,,,,,,,,3.28,1.42,2.96,1*17
$GPGSV,3,1,10,1,62,353,40,2,36,005,48,3,59,180,21,4,,,26,1*58
$GPGSV,3,2,10,6,00,214,,9,24,278,18,16,07,053,,17,12,265,,1*6C
$GPGSV,3,3,10,28,15,140,12,31,41,125,45,1*6D
$GPRMC,020122.10,A,3001.73661,S,05112.73821,W,0.60,0.00,090926,,,A,V*24
$GPGGA,020123.10,3001.73670,S,05112.73853,W,1,06,1.25,83.70,M,,M,,*48
$GPGLL,3001.73670,S,05112.73853,W,020123.10,A,A*6F
$GPGSA,A,3,01,02,03,09,28,31,,,,,,,2.27,1.25,1.90,1*17
$GPGSV,3,1,10,1,62,353,40,2,36,005,48,3,59,180,22,4,,,25,1*58
$GPGSV,3,2,10,6,00,214,,9,24,278,17,16,07,053,,17,12,265,,1*63
$GPGSV,3,3,10,28,15,140,14,31,41,125,45,1*6B
$GPRMC,020123.10,A,3001.73670,S,05112.73853,W,0.50,0.00,090926,,,A,V*23
$GPGGA,020124.10,3001.73667,S,05112.73849,W,1,06,1.25,83.58,M,,M,,*48
$GPGLL,3001.73667,S,05112.73849,W,020124.10,A,A*65
$GPGSA,A,3,01,02,03,09,28,31,,,,,,,2.27,1.25,1.90,1*17
$GPGSV,3,1,11,1,62,353,40,2,36,005,48,3,59,180,22,4,,,25,1*59
$GPGSV,3,2,11,6,00,214,,9,24,278,16,16,07,053,,17,12,265,,1*63
$GPGSV,3,3,11,24,,,25,28,15,140,14,31,41,125,45,1*6B
$GPRMC,020124.10,A,3001.73667,S,05112.73849,W,0.46,0.00,090926,,,A,V*2E
$GPGGA,020125.10,3001.73673,S,05112.73872,W,1,05,1.42,83.12,M,,M,,*48
$GPGLL,3001.73673,S,05112.73872,W,020125.10,A,A*69
$GPGSA,A,3,01,02,03,09,31,,,,,,,,3.28,1.42,2.96,1*17
$GPGSV,3,1,10,1,62,353,40,2,36,005,49,3,59,180,22,6,00,214,,1*6B
$GPGSV,3,2,10,9,24,278,18,16,07,053,,17,12,265,,24,,,24,1*6D
$GPGSV,3,3,10,28,15,140,11,31,41,125,45,1*6E
$GPRMC,020125.10,A,3001.73673,S,05112.73872,W,0.45,0.00,090926,,,A,V*21
$GPGGA,020126.10,3001.73663,S,05112.73848,W,1,05,1.42,83.10,M,,M,,*41
$GPGLL,3001.73663,S,05112.73848,W,020126.10,A,A*62
$GPGSA,A,3,01,02,03,09,31,,,,,,,,3.28,1.42,2.96,1*17
$GPGSV,3,1,10,1,62,353,40,2,36,005,48,3,59,180,22,6,00,214,,1*6A
$GPGSV,3,2,10,9,24,278,19,16,07,053,,17,12,265,,24,,,25,1*6D
$GPGSV,3,3,10,28,15,140,12,31,41,125,45,1*6D
$GPRMC,020126.10,A,3001.73663,S,05112.73848,W,0.11,0.00,090926,,,A,V*2B
$GPGGA,020127.10,3001.73665,S,05112.73837,W,1,05,1.42,83.01,M,,M,,*4E
$GPGLL,3001.73665,S,05112.73837,W,020127.10,A,A*6D
$GPGSA,A,3,01,02,03,09,31,,,,,,,,3.28,1.42,2.96,1*17
$GPGSV,3,1,12,1,62,353,40,2,36,005,48,3,59,180,22,5,,,27,1*59
$GPGSV,3,2,12,6,00,214,,9,24,278,18,16,07,053,,17,12,265,,1*6E
$GPGSV,3,3,12,19,,,28,24,,,25,28,15,140,15,31,41,125,45,1*6B
$GPRMC,020127.10,A,3001.73665,S,05112.73837,W,0.05,0.00,090926,,,A,V*21
$GPGGA,020128.10,3001.73656,S,05112.73821,W,1,06,1.25,83.04,M,,M,,*41
$GPGLL,3001.73656,S,05112.73821,W,020128.10,A,A*65
$GPGSA,A,3,01,02,03,09,28,31,,,,,,,2.27,1.25,1.90,1*17
$GPGSV,3,1,9,1,62,353,41,2,36,005,48,3,59,180,23,6,00,214,,1*52
$GPGSV,3,2,9,9,24,278,19,16,07,053,,17,12,265,,28,15,140,17,1*69
$GPGSV,3,3,9,31,41,125,44,1*6C
$GPRMC,020128.10,A,3001.73656,S,05112.73821,W,0.25,0.00,090926,,,A,V*2B
$GPGGA,020129.10,3001.73670,S,05112.73843,W,1,06,1.25,82.56,M,,M,,*46
$GPGLL,3001.73670,S,05112.73843,W,020129.10,A,A*64
$GPGSA,A,3,01,02,03,09,28,31,,,,,,,2.27,1.25,1.90,1*17
$GPGSV,3,1,10,1,62,353,41,2,36,005,48,3,59,180,22,4,,,26,1*5A
$GPGSV,3,2,10,6,00,214,,9,24,278,19,16,07,053,,17,12,265,,1*6D
$GPGSV,3,3,10,28,15,140,16,31,41,125,45,1*69
$GPRMC,020129.10,A,3001.73670,S,05112.73843,W,0.25,0.00,090926,,,A,V*2A
$GPGGA,020130.10,3001.73671,S,05112.73846,W,1,06,1.25,82.59,M,,M,,*45
$GPGLL,3001.73671,S,05112.73846,W,020130.10,A,A*68
$GPGSA,A,3,01,02,03,09,28,31,,,,,,,2.27,1.25,1.90,1*17
$GPGSV,3,1,9,1,62,353,41,2,36,005,48,3,59,180,22,6,00,214,,1*53
$GPGSV,3,2,9,9,24,278,18,16,07,053,,17,12,265,,28,15,140,14,1*6B
$GPGSV,3,3,9,31,41,125,44,1*6C
$GPRMC,020130.10,A,3001.73671,S,05112.73846,W,0.72,0.00,090926,,,A,V*24
$GPGGA,020131.10,3001.73669,S,05112.73840,W,1,06,1.25,82.21,M,,M,,*44
$GPGLL,3001.73669,S,05112.73840,W,020131.10,A,A*66
$GPGSA,A,3,01,02,03,09,28,31,,,,,,,2.27,1.25,1.90,1*17
$GPGSV,3,1,9,1,62,353,41,2,36,005,48,3,59,180,22,6,00,214,,1*53
$GPGSV,3,2,9,9,24,278,18,16,07,053,,17,12,265,,28,15,140,16,1*69
$GPGSV,3,3,9,31,41,125,44,1*6C
$GPRMC,020131.10,A,3001.73669,S,05112.73840,W,0.24,0.00,090926,,,A,V*29
$GPGGA,020132.10,3001.73679,S,05112.73856,W,1,06,1.25,81.84,M,,M,,*4D
$GPGLL,3001.73679,S,05112.73856,W,020132.10,A,A*63
$GPGSA,A,3,01,02,03,09,28,31,,,,,,,2.27,1.25,1.90,1*17
$GPGSV,3,1,10,1,62,353,41,2,36,005,48,3,59,180,21,6,00,214,,1*68
$GPGSV,3,2,10,9,24,278,18,16,07,053,,17,12,265,,24,,,28,1*61
$GPGSV,3,3,10,28,15,140,16,31,41,125,44,1*68
$GPRMC,020132.10,A,3001.73679,S,05112.73856,W,0.01,0.00,090926,,,A,V*2B
$GPGGA,020133.10,3001.73683,S,05112.73867,W,1,06,1.25,81.67,M,,M,,*46
$GPGLL,3001.73683,S,05112.73867,W,020133.10,A,A*65
$GPGSA,A,3,01,02,03,09,28,31,,,,,,,2.27,1.25,1.90,1*17
$GPGSV,3,1,11,1,62,353,41,2,36,005,49,3,59,180,21,6,00,214,,1*68
$GPGSV,3,2,11,9,24,278,18,12,,,26,16,07,053,,17,12,265,,1*6B
$GPGSV,3,3,11,24,,,25,28,15,140,16,31,41,125,44,1*68
$GPRMC,020133.10,A,3001.73683,S,05112.73867,W,0.03,0.00,090926,,,A,V*2F
$GPGGA,020134.10,3001.73685,S,05112.73867,W,1,06,1.25,81.68,M,,M,,*48
$GPGLL,3001.73685,S,05112.73867,W,020134.10,A,A*64
$GPGSA,A,3,01,02,03,09,28,31,,,,,,,2.27,1.25,1.90,1*17
$GPGSV,3,1,9,1,62,353,41,2,36,005,49,3,59,180,20,6,00,214,,1*50
$GPGSV,3,2,9,9,24,278,16,16,07,053,,17,12,265,,28,15,140,16,1*67
$GPGSV,3,3,9,31,41,125,44,1*6C
$GPRMC,020134.10,A,3001.73685,S,05112.73867,W,0.56,0.00,090926,,,A,V*2E
$GPGGA,020135.10,3001.73693,S,05112.73868,W,1,06,1.25,81.29,M,,M,,*44
$GPGLL,3001.73693,S,05112.73868,W,020135.10,A,A*6D
$GPGSA,A,3,01,02,03,09,28,31,,,,,,,2.27,1.25,1.90,1*17
$GPGSV,3,1,10,1,62,353,41,2,36,005,49,3,59,180,20,6,00,214,,1*68
$GPGSV,3,2,10,9,24,278,16,16,07,053,,17,12,265,,22,,,29,1*68
$GPGSV,3,3,10,28,15,140,16,31,41,125,44,1*68
$GPRMC,020135.10,A,3001.73693,S,05112.73868,W,0.09,0.00,090926,,,A,V*2D
$GPGGA,020136.10,3001.73702,S,05112.73877,W,1,06,1.25,81.12,M,,M,,*48
$GPGLL,3001.73702,S,05112.73877,W,020136.10,A,A*69
$GPGSA,A,3,01,02,03,09,28,31,,,,,,,2.27,1.25,1.90,1*17
$GPGSV,3,1,11,1,62,353,41,2,36,005,49,3,59,180,19,6,00,214,,1*63
$GPGSV,3,2,11,9,24,278,17,12,,,26,16,07,053,,17,12,265,,1*64
$GPGSV,3,3,11,22,,,24,28,15,140,16,31,41,125,44,1*6F
$GPRMC,020136.10,A,3001.73702,S,05112.73877,W,0.21,0.00,090926,,,A,V*23
$GPGGA,020137.10,3001.73718,S,05112.73900,W,1,06,1.25,80.80,M,,M,,*49
$GPGLL,3001.73718,S,05112.73900,W,020137.10,A,A*62
$GPGSA,A,3,01,02,03,09,28,31,,,,,,,2.27,1.25,1.90,1*17
$GPGSV,3,1,11,1,62,353,41,2,36,005,49,3,59,180,19,6,00,214,,1*63
$GPGSV,3,2,11,9,24,278,17,12,,,25,16,07,053,,17,12,265,,1*67
$GPGSV,3,3,11,22,,,25,28,15,140,16,31,41,125,44,1*6E
$GPRMC,020137.10,A,3001.73718,S,05112.73900,W,0.48,0.00,090926,,,A,V*27
$GPGGA,020138.10,3001.73726,S,05112.73908,W,1,06,1.25,80.53,M,,M,,*4D
$GPGLL,3001.73726,S,05112.73908,W,020138.10,A,A*68
$GPGSA,A,3,01,02,03,09,28,31,,,,,,,2.27,1.25,1.90,1*17
$GPGSV,3,1,11,1,61,353,41,2,35,005,49,3,59,179,19,6,00,214,,1*65
$GPGSV,3,2,11,9,24,278,17,12,,,25,16,07,053,,17,12,266,,1*64
$GPGSV,3,3,11,22,,,24,28,15,140,16,31,41,126,44,1*6C
$GPRMC,020138.10,A,3001.73726,S,05112.73908,W,0.30,0.00,090926,,,A,V*22
$GPGGA,020139.10,3001.73737,S,05112.73917,W,1,06,1.25,80.31,M,,M,,*46
$GPGLL,3001.73737,S,05112.73917,W,020139.10,A,A*67
$GPGSA,A,3,01,02,03,09,28,31,,,,,,,2.27,1.25,1.90,1*17
$GPGSV,3,1,10,1,61,353,41,2,35,005,49,3,59,179,18,6,00,214,,1*65
$GPGSV,3,2,10,9,24,278,18,12,,,24,16,07,053,,17,12,266,,1*6B
$GPGSV,3,3,10,28,15,140,16,31,41,126,44,1*6B
$GPRMC,020139.10,A,3001.73737,S,05112.73917,W,0.48,0.00,090926,,,A,V*22
$GPGGA,020140.10,3001.73740,S,05112.73919,W,1,06,1.25,80.02,M,,M,,*46
$GPGLL,3001.73740,S,05112.73919,W,020140.10,A,A*67
$GPGSA,A,3,01,02,03,09,28,31,,,,,,,2.27,1.25,1.90,1*17
$GPGSV,3,1,9,1,61,353,41,2,35,005,49,3,59,179,18,6,00,214,,1*5D
$GPGSV,3,2,9,9,24,278,18,16,07,053,,17,12,266,,28,15,140,17,1*6B
$GPGSV,3,3,9,31,41,126,44,1*6F
$GPRMC,020140.10,A,3001.73740,S,05112.73919,W,0.59,0.00,090926,,,A,V*22
$GPGGA,020141.10,3001.73750,S,05112.73945,W,1,06,1.25,79.36,M,,M,,*4E
$GPGLL,3001.73750,S,05112.73945,W,020141.10,A,A*6E
$GPGSA,A,3,01,02,03,09,28,31,,,,,,,2.27,1.25,1.90,1*17
$GPGSV,3,1,10,1,61,353,41,2,35,005,49,3,59,179,19,6,00,214,,1*64
$GPGSV,3,2,10,7,,,41,9,24,278,17,16,07,053,,17,12,266,,1*53
$GPGSV,3,3,10,28,15,140,18,31,41,126,44,1*65
$GPRMC,020141.10,A,3001.73750,S,05112.73945,W,0.07,0.00,090926,,,A,V*20
$GPGGA,020142.10,3001.73745,S,05112.73931,W,1,06,1.25,79.23,M,,M,,*4E
$GPGLL,3001.73745,S,05112.73931,W,020142.10,A,A*6A
$GPGSA,A,3,01,02,03,09,28,31,,,,,,,2.27,1.25,1.90,1*17
$GPGSV,3,1,10,1,61,353,41,2,35,005,49,3,59,179,19,6,00,214,,1*64
$GPGSV,3,2,10,7,,,29,9,24,278,16,16,07,053,,17,12,266,,1*5C
$GPGSV,3,3,10,28,15,140,17,31,41,126,44,1*6A
$GPRMC,020142.10,A,3001.73745,S,05112.73931,W,0.04,0.00,090926,,,A,V*27
$GPGGA,020143.10,3001.73746,S,05112.73927,W,1,06,1.25,79.07,M,,M,,*4D
$GPGLL,3001.73746,S,05112.73927,W,020143.10,A,A*6F
$GPGSA,A,3,01,02,03,09,28,31,,,,,,,2.27,1.25,1.90,1*17
$GPGSV,3,1,10,1,61,353,42,2,35,005,49,3,59,179,20,6,00,214,,1*6D
$GPGSV,3,2,10,7,,,25,9,24,278,17,16,07,053,,17,12,266,,1*51
$GPGSV,3,3,10,28,15,140,18,31,41,126,44,1*65
$GPRMC,020143.10,A,3001.73746,S,05112.73927,W,0.31,0.00,090926,,,A,V*24
$GPGGA,020144.10,3001.73748,S,05112.73932,W,1,06,1.25,78.82,M,,M,,*4C
$GPGLL,3001.73748,S,05112.73932,W,020144.10,A,A*62
$GPGSA,A,3,01,02,03,09,28,31,,,,,,,2.27,1.25,1.90,1*17
$GPGSV,3,1,10,1,61,353,41,2,35,005,48,3,59,179,20,6,00,214,,1*6F
$GPGSV,3,2,10,7,,,25,9,24,278,17,16,07,053,,17,12,266,,1*51
$GPGSV,3,3,10,28,15,140,17,31,41,126,44,1*6A
$GPRMC,020144.10,A,3001.73748,S,05112.73932,W,0.34,0.00,090926,,,A,V*2C
$GPGGA,020145.10,3001.73771,S,05112.73978,W,1,06,1.25,77.95,M,,M,,*40
$GPGLL,3001.73771,S,05112.73978,W,020145.10,A,A*67
$GPGSA,A,3,01,02,03,09,28,31,,,,,,,2.27,1.25,1.90,1*17
$GPGSV,3,1,9,1,61,353,42,2,35,005,48,3,59,179,21,6,00,214,,1*55
$GPGSV,3,2,9,9,24,278,17,16,07,053,,17,12,266,,28,15,140,17,1*64
$GPGSV,3,3,9,31,41,126,44,1*6F
$GPRMC,020145.10,A,3001.73771,S,05112.73978,W,0.07,0.00,090926,,,A,V*29
$GPGGA,020146.10,3001.73794,S,05112.74022,W,1,06,1.25,77.39,M,,M,,*4F
$GPGLL,3001.73794,S,05112.74022,W,020146.10,A,A*6E
$GPGSA,A,3,01,02,03,09,28,31,,,,,,,2.27,1.25,1.90,1*17
$GPGSV,3,1,9,1,61,353,42,2,35,005,49,3,59,179,21,6,00,214,,1*54
$GPGSV,3,2,9,9,24,278,16,16,07,053,,17,12,266,,28,15,140,17,1*65
$GPGSV,3,3,9,31,41,126,44,1*6F
$GPRMC,020146.10,A,3001.73794,S,05112.74022,W,0.39,0.00,090926,,,A,V*2D
$GPGGA,020147.10,3001.73791,S,05112.74015,W,1,06,1.25,77.09,M,,M,,*4C
$GPGLL,3001.73791,S,05112.74015,W,020147.10,A,A*6E
$GPGSA,A,3,01,02,03,09,28,31,,,,,,,2.27,1.25,1.90,1*17
$GPGSV,3,1,9,1,61,353,42,2,35,005,49,3,59,179,21,6,00,214,,1*54
$GPGSV,3,2,9,9,24,278,14,16,07,053,,17,12,266,,28,15,140,16,1*66
$GPGSV,3,3,9,31,41,126,44,1*6F
$GPRMC,020147.10,A,3001.73791,S,05112.74015,W,0.30,0.00,090926,,,A,V*24
$GPGGA,020148.10,3001.73793,S,05112.74009,W,1,06,1.25,76.81,M,,M,,*4D
$GPGLL,3001.73793,S,05112.74009,W,020148.10,A,A*6E
$GPGSA,A,3,01,02,03,09,28,31,,,,,,,2.27,1.25,1.90,1*17
$GPGSV,3,1,9,1,61,353,42,2,35,005,49,3,59,179,22,6,00,214,,1*57
$GPGSV,3,2,9,9,24,278,14,16,07,053,,17,12,266,,28,15,140,16,1*66
$GPGSV,3,3,9,31,41,126,44,1*6F
$GPRMC,020148.10,A,3001.73793,S,05112.74009,W,0.27,0.00,090926,,,A,V*22
$GPGGA,020149.10,3001.73788,S,05112.74005,W,1,06,1.25,76.81,M,,M,,*4A
$GPGLL,3001.73788,S,05112.74005,W,020149.10,A,A*69
$GPGSA,A,3,01,02,03,09,28,31,,,,,,,2.27,1.25,1.90,1*17
$GPGSV,3,1,9,1,61,353,41,2,35,005,49,3,59,179,22,6,00,214,,1*54
$GPGSV,3,2,9,9,24,278,15,16,07,053,,17,12,266,,28,15,140,16,1*67
$GPGSV,3,3,9,31,41,126,44,1*6F
$GPRMC,020149.10,A,3001.73788,S,05112.74005,W,0.32,0.00,090926,,,A,V*21
$GPGGA,020150.10,3001.73805,S,05112.74049,W,1,06,1.25,75.99,M,,M,,*4A
$GPGLL,3001.73805,S,05112.74049,W,020150.10,A,A*63
$GPGSA,A,3,01,02,03,09,28,31,,,,,,,2.27,1.25,1.90,1*17
$GPGSV,3,1,10,1,61,353,41,2,35,005,48,3,59,179,22,6,00,214,,1*6D
$GPGSV,3,2,10,9,24,278,15,12,,,27,16,07,053,,17,12,266,,1*65
$GPGSV,3,3,10,28,15,140,16,31,41,126,44,1*6B
$GPRMC,020150.10,A,3001.73805,S,05112.74049,W,0.10,0.00,090926,,,A,V*2B
$GPGGA,020151.10,3001.73823,S,05112.74087,W,1,06,1.25,75.48,M,,M,,*41
$GPGLL,3001.73823,S,05112.74087,W,020151.10,A,A*64
$GPGSA,A,3,01,02,03,09,28,31,,,,,,,2.27,1.25,1.90,1*17
$GPGSV,3,1,11,1,61,353,41,2,35,005,48,3,59,179,22,4,,,28,1*53
$GPGSV,3,2,11,6,00,214,,9,24,278,15,16,07,053,,17,12,266,,1*63
$GPGSV,3,3,11,24,,,27,28,15,140,16,31,41,126,44,1*69
$GPRMC,020151.10,A,3001.73823,S,05112.74087,W,0.03,0.00,090926,,,A,V*2E
$GPGGA,020152.10,3001.73810,S,05112.74048,W,1,06,1.25,75.48,M,,M,,*41
$GPGLL,3001.73810,S,05112.74048,W,020152.10,A,A*64
$GPGSA,A,3,01,02,03,09,28,31,,,,,,,2.27,1.25,1.90,1*17
$GPGSV,3,1,12,1,61,353,42,2,35,005,48,3,59,179,22,4,,,25,1*5E
$GPGSV,3,2,12,6,00,214,,9,24,278,14,13,,,29,16,07,053,,1*5F
$GPGSV,3,3,12,17,12,266,,24,,,25,28,15,140,16,31,41,126,44,1*5F
$GPRMC,020152.10,A,3001.73810,S,05112.74048,W,0.38,0.00,090926,,,A,V*26
$GPGGA,020153.10,3001.73806,S,05112.74040,W,1,06,1.25,75.65,M,,M,,*40
$GPGLL,3001.73806,S,05112.74040,W,020153.10,A,A*6A
$GPGSA,A,3,01,02,03,09,28,31,,,,,,,2.27,1.25,1.90,1*17
$GPGSV,3,1,12,1,61,353,42,2,35,005,48,3,59,179,22,4,,,25,1*5E
$GPGSV,3,2,12,5,,,27,6,00,214,,9,24,278,14,13,,,25,1*55
$GPGSV,3,3,12,16,07,053,,17,12,266,,28,15,140,16,31,41,126,44,1*68
$GPRMC,020153.10,A,3001.73806,S,05112.74040,W,0.36,0.00,090926,,,A,V*26
$GPGGA,020154.10,3001.73834,S,05112.74101,W,1,06,1.25,74.72,M,,M,,*45
$GPGLL,3001.73834,S,05112.74101,W,020154.10,A,A*68
$GPGSA,A,3,01,02,03,09,28,31,,,,,,,2.27,1.25,1.90,1*17
$GPGSV,4,1,13,1,61,353,42,2,35,005,48,3,59,179,22,4,,,25,1*58
$GPGSV,4,2,13,5,,,25,6,00,214,,9,24,278,15,13,,,25,1*50
$GPGSV,4,3,13,16,07,053,,17,12,266,,28,15,140,15,31,41,126,44,1*6D
$GPGSV,4,4,13,195,,,29,1*50
$GPRMC,020154.10,A,3001.73834,S,05112.74101,W,0.10,0.00,090926,,,A,V*20
$GPGGA,020155.10,3001.73851,S,05112.74153,W,1,06,1.25,74.02,M,,M,,*47
$GPGLL,3001.73851,S,05112.74153,W,020155.10,A,A*6D
$GPGSA,A,3,01,02,03,09,28,31,,,,,,,2.27,1.25,1.90,1*17
$GPGSV,3,1,12,1,61,353,42,2,35,005,48,3,59,179,23,5,,,25,1*5E
$GPGSV,3,2,12,6,00,214,,9,24,278,16,13,,,25,16,07,053,,1*51
$GPGSV,3,3,12,17,12,266,,28,15,140,15,31,41,126,44,195,,,25,1*67
$GPRMC,020155.10,A,3001.73851,S,05112.74153,W,0.16,0.00,090926,,,A,V*23
$GPGGA,020156.10,3001.73839,S,05112.74115,W,1,06,1.25,74.38,M,,M,,*41
$GPGLL,3001.73839,S,05112.74115,W,020156.10,A,A*62
$GPGSA,A,3,01,02,03,09,28,31,,,,,,,2.27,1.25,1.89,1*1F
$GPGSV,3,1,10,1,61,353,42,2,35,005,49,3,59,179,23,5,,,25,1*5D
$GPGSV,3,2,10,6,00,214,,9,24,278,15,16,07,053,,17,12,266,,1*62
$GPGSV,3,3,10,28,15,140,15,31,41,126,44,1*68
$GPRMC,020156.10,A,3001.73839,S,05112.74115,W,0.45,0.00,090926,,,A,V*2A
$GPGGA,020157.10,3001.73849,S,05112.74124,W,1,06,1.25,73.96,M,,M,,*46
$GPGLL,3001.73849,S,05112.74124,W,020157.10,A,A*66
$GPGSA,A,3,01,02,03,09,28,31,,,,,,,2.27,1.25,1.89,1*1F
$GPGSV,3,1,9,1,61,353,42,2,35,005,49,3,59,179,22,6,00,214,,1*57
$GPGSV,3,2,9,9,24,278,16,16,07,053,,17,12,266,,28,15,140,14,1*66
$GPGSV,3,3,9,31,41,126,44,1*6F
$GPRMC,020157.10,A,3001.73849,S,05112.74124,W,0.41,0.00,090926,,,A,V*2A
$GPGGA,020158.10,3001.73848,S,05112.74110,W,1,06,1.25,73.77,M,,M,,*40
$GPGLL,3001.73848,S,05112.74110,W,020158.10,A,A*6F
$GPGSA,A,3,01,02,03,09,28,31,,,,,,,2.27,1.25,1.89,1*1F
$GPGSV,3,1,10,1,61,353,42,2,35,005,49,3,59,179,23,5,,,26,1*5E
$GPGSV,3,2,10,6,00,214,,9,24,278,18,16,07,053,,17,12,266,,1*6F
$GPGSV,3,3,10,28,15,140,15,31,41,126,44,1*68
$GPRMC,020158.10,A,3001.73848,S,05112.74110,W,0.31,0.00,090926,,,A,V*24
$GPGGA,020159.10,3001.73846,S,05112.74092,W,1,06,1.25,73.74,M,,M,,*47
$GPGLL,3001.73846,S,05112.74092,W,020159.10,A,A*6B
$GPGSA,A,3,01,02,03,09,28,31,,,,,,,2.27,1.25,1.89,1*1F
$GPGSV,3,1,11,1,61,353,42,2,35,005,49,3,59,179,23,5,,,25,1*5C
$GPGSV,3,2,11,6,00,214,,9,24,278,19,16,07,053,,17,12,266,,1*6F
$GPGSV,3,3,11,24,,,28,28,15,140,15,31,41,126,44,1*65
$GPRMC,020159.10,A,3001.73846,S,05112.74092,W,0.23,0.00,090926,,,A,V*23
$GPGGA,020200.10,3001.73848,S,05112.74099,W,1,06,1.25,73.38,M,,M,,*45
$GPGLL,3001.73848,S,05112.74099,W,020200.10,A,A*61
$GPGSA,A,3,01,02,03,09,28,31,,,,,,,2.27,1.25,1.89,1*1F
$GPGSV,3,1,12,1,61,353,42,2,35,005,48,3,59,179,24,5,,,25,1*59
$GPGSV,3,2,12,6,00,214,,9,24,278,20,16,07,053,,17,12,266,,1*66
$GPGSV,3,3,12,20,,,25,24,,,25,28,15,140,16,31,41,126,44,1*6D
$GPRMC,020200.10,A,3001.73848,S,05112.74099,W,0.14,0.00,090926,,,A,V*2D
$GPGGA,020201.10,3001.73825,S,05112.74047,W,1,06,1.25,73.78,M,,M,,*48
$GPGLL,3001.73825,S,05112.74047,W,020201.10,A,A*68
$GPGSA,A,3,01,02,03,09,28,31,,,,,,,2.27,1.25,1.89,1*1F
$GPGSV,3,1,11,1,61,353,42,2,35,005,48,3,59,179,24,5,,,25,1*5A
$GPGSV,3,2,11,6,00,214,,9,24,278,20,16,07,053,,17,12,266,,1*65
$GPGSV,3,3,11,20,,,25,28,15,140,14,31,41,126,44,1*6D
$GPRMC,020201.10,A,3001.73825,S,05112.74047,W,0.15,0.00,090926,,,A,V*25
$GPGGA,020202.10,3001.73805,S,05112.73983,W,1,06,1.25,73.92,M,,M,,*4B
$GPGLL,3001.73805,S,05112.73983,W,020202.10,A,A*6F
$GPGSA,A,3,01,02,03,09,28,31,,,,,,,2.27,1.25,1.89,1*1F
$GPGSV,3,1,11,1,61,353,42,2,35,005,48,3,59,179,24,4,,,33,1*5C
$GPGSV,3,2,11,6,00,214,,9,24,278,20,16,07,053,,17,12,266,,1*65
$GPGSV,3,3,11,20,,,25,28,15,140,15,31,41,126,44,1*6C
$GPRMC,020202.10,A,3001.73805,S,05112.73983,W,0.43,0.00,090926,,,A,V*21
$GPGGA,020203.10,3001.73795,S,05112.73953,W,1,06,1.25,74.14,M,,M,,*48
$GPGLL,3001.73795,S,05112.73953,W,020203.10,A,A*65
$GPGSA,A,3,01,02,03,09,28,31,,,,,,,2.27,1.25,1.89,1*1F
$GPGSV,3,1,11,1,61,353,42,2,35,005,48,3,59,179,25,4,,,26,1*59
$GPGSV,3,2,11,6,00,214,,9,24,278,20,16,07,053,,17,12,266,,1*65
$GPGSV,3,3,11,20,,,24,28,15,140,15,31,41,126,44,1*6D
$GPRMC,020203.10,A,3001.73795,S,05112.73953,W,0.11,0.00,090926,,,A,V*2C
$GPGGA,020204.10,3001.73787,S,05112.73929,W,1,06,1.25,74.20,M,,M,,*46
$GPGLL,3001.73787,S,05112.73929,W,020204.10,A,A*6C
$GPGSA,A,3,01,02,03,09,28,31,,,,,,,2.27,1.25,1.89,1*1F
$GPGSV,3,1,10,1,61,353,42,2,35,005,48,3,59,179,25,4,,,24,1*5A
$GPGSV,3,2,10,6,00,214,,9,24,278,20,16,07,053,,17,12,266,,1*64
$GPGSV,3,3,10,28,15,140,13,31,41,126,44,1*6E
$GPRMC,020204.10,A,3001.73787,S,05112.73929,W,0.14,0.00,090926,,,A,V*20
$GPGGA,020205.10,3001.73804,S,05112.73961,W,1,06,1.25,73.57,M,,M,,*48
$GPGLL,3001.73804,S,05112.73961,W,020205.10,A,A*65
$GPGSA,A,3,01,02,03,09,28,31,,,,,,,2.27,1.25,1.89,1*1F
$GPGSV,3,1,11,1,61,353,42,2,35,005,48,3,59,179,25,4,,,24,1*5B
$GPGSV,3,2,11,5,,,28,6,00,214,,9,24,278,21,16,07,053,,1*6C
$GPGSV,3,3,11,17,12,266,,28,15,140,15,31,41,126,44,1*5E
$GPRMC,020205.10,A,3001.73804,S,05112.73961,W,0.02,0.00,090926,,,A,V*2E
$GPGGA,020206.10,3001.73809,S,05112.73963,W,1,06,1.25,73.33,M,,M,,*46
$GPGLL,3001.73809,S,05112.73963,W,020206.10,A,A*69
$GPGSA,A,3,01,02,03,09,28,31,,,,,,,2.27,1.25,1.89,1*1F
$GPGSV,3,1,10,1,61,353,42,2,35,005,48,3,59,179,25,5,,,25,1*5A
$GPGSV,3,2,10,6,00,214,,9,24,278,21,16,07,053,,17,12,266,,1*65
$GPGSV,3,3,10,28,15,140,16,31,41,126,44,1*6B
$GPRMC,020206.10,A,3001.73809,S,05112.73963,W,0.11,0.00,090926,,,A,V*20
$GPGGA,020207.10,3001.73818,S,05112.73987,W,1,06,1.25,72.85,M,,M,,*41
$GPGLL,3001.73818,S,05112.73987,W,020207.10,A,A*62
$GPGSA,A,3,01,02,03,09,28,31,,,,,,,2.27,1.25,1.89,1*1F
$GPGSV,3,1,12,1,61,353,42,2,35,005,48,3,59,179,25,4,,,27,1*5B
$GPGSV,3,2,12,5,,,25,6,00,214,,7,,,25,9,24,278,21,1*64
$GPGSV,3,3,12,16,07,053,,17,12,266,,28,15,140,16,31,41,126,44,1*68
$GPRMC,020207.10,A,3001.73818,S,05112.73987,W,0.24,0.00,090926,,,A,V*2D
$GPGGA,020208.10,3001.73833,S,05112.74014,W,1,06,1.25,72.40,M,,M,,*4A
$GPGLL,3001.73833,S,05112.74014,W,020208.10,A,A*60
$GPGSA,A,3,01,02,03,09,28,31,,,,,,,2.27,1.25,1.89,1*1F
$GPGSV,3,1,11,1,61,353,43,2,35,005,48,3,60,179,26,5,,,25,1*53
$GPGSV,3,2,11,6,00,214,,7,,,25,9,24,278,21,16,07,053,,1*63
$GPGSV,3,3,11,17,11,266,,28,15,140,15,31,41,126,44,1*5D
$GPRMC,020208.10,A,3001.73833,S,05112.74014,W,0.04,0.00,090926,,,A,V*2D
$GPGGA,020209.10,3001.73842,S,05112.74045,W,1,06,1.25,72.06,M,,M,,*4B
$GPGLL,3001.73842,S,05112.74045,W,020209.10,A,A*63
$GPGSA,A,3,01,02,03,09,28,31,,,,,,,2.27,1.25,1.89,1*1F
$GPGSV,3,1,12,1,61,353,43,2,35,005,48,3,60,179,26,6,00,214,,1*63
$GPGSV,3,2,12,7,,,25,9,24,278,21,16,07,053,,17,11,266,,1*55
$GPGSV,3,3,12,19,,,25,28,15,140,16,31,41,126,44,194,,,30,1*59
$GPRMC,020209.10,A,3001.73842,S,05112.74045,W,0.41,0.00,090926,,,A,V*2F
$GPGGA,020210.10,3001.73829,S,05112.74025,W,1,06,1.25,71.92,M,,M,,*46
$GPGLL,3001.73829,S,05112.74025,W,020210.10,A,A*60
$GPGSA,A,3,01,02,03,09,28,31,,,,,,,2.27,1.25,1.89,1*1F
$GPGSV,3,1,12,1,61,353,42,2,35,005,48,3,60,179,26,6,00,214,,1*62
$GPGSV,3,2,12,7,,,24,9,24,278,21,16,07,053,,17,11,266,,1*54
$GPGSV,3,3,12,19,,,24,28,15,140,15,31,41,126,44,194,,,26,1*5C
$GPRMC,020210.10,A,3001.73829,S,05112.74025,W,0.35,0.00,090926,,,A,V*2F
$GPGGA,020211.10,3001.73809,S,05112.73982,W,1,06,1.25,72.21,M,,M,,*4D
$GPGLL,3001.73809,S,05112.73982,W,020211.10,A,A*60
$GPGSA,A,3,01,02,03,09,28,31,,,,,,,2.27,1.25,1.89,1*1F
$GPGSV,3,1,11,1,61,353,43,2,35,005,48,3,60,179,26,6,00,214,,1*60
$GPGSV,3,2,11,9,24,278,20,16,07,053,,17,11,266,,19,,,24,1*69
$GPGSV,3,3,11,28,15,140,16,31,41,126,44,194,,,25,1*51
$GPRMC,020211.10,A,3001.73809,S,05112.73982,W,0.08,0.00,090926,,,A,V*21
$GPGGA,020212.10,3001.73816,S,05112.74001,W,1,06,1.25,71.69,M,,M,,*4A
$GPGLL,3001.73816,S,05112.74001,W,020212.10,A,A*68
$GPGSA,A,3,01,02,03,09,28,31,,,,,,,2.27,1.25,1.89,1*1F
$GPGSV,3,1,12,1,61,353,42,2,35,005,48,3,60,179,26,6,00,214,,1*62
$GPGSV,3,2,12,9,24,278,20,16,07,053,,17,11,266,,19,,,24,1*6A
$GPGSV,3,3,12,26,,,28,28,15,140,14,31,41,126,44,194,,,25,1*5E
$GPRMC,020212.10,A,3001.73816,S,05112.74001,W,0.18,0.00,090926,,,A,V*28
$GPGGA,020213.10,3001.73796,S,05112.73974,W,1,06,1.25,71.77,M,,M,,*4F
$GPGLL,3001.73796,S,05112.73974,W,020213.10,A,A*62
$GPGSA,A,3,01,02,03,09,28,31,,,,,,,2.27,1.25,1.89,1*1F
$GPGSV,3,1,10,1,61,353,43,2,35,005,48,3,60,179,26,6,00,214,,1*61
$GPGSV,3,2,10,9,24,278,19,16,07,053,,17,11,266,,26,,,25,1*6F
$GPGSV,3,3,10,28,15,140,16,31,41,126,44,1*6B
$GPRMC,020213.10,A,3001.73796,S,05112.73974,W,0.21,0.00,090926,,,A,V*28
$GPGGA,020214.10,3001.73784,S,05112.73961,W,1,06,1.25,71.72,M,,M,,*4A
$GPGLL,3001.73784,S,05112.73961,W,020214.10,A,A*62
$GPGSA,A,3,01,02,03,09,28,31,,,,,,,2.27,1.25,1.89,1*1F
$GPGSV,3,1,10,1,61,353,43,2,35,005,48,3,60,179,26,6,00,214,,1*61
$GPGSV,3,2,10,9,24,278,19,16,07,053,,17,11,266,,26,,,25,1*6F
$GPGSV,3,3,10,28,15,140,15,31,41,126,44,1*68
$GPRMC,020214.10,A,3001.73784,S,05112.73961,W,0.32,0.00,090926,,,A,V*2A
$GPGGA,020215.10,3001.73770,S,05112.73946,W,1,06,1.25,71.47,M,,M,,*43
$GPGLL,3001.73770,S,05112.73946,W,020215.10,A,A*6D
$GPGSA,A,3,01,02,03,09,28,31,,,,,,,2.27,1.25,1.89,1*1F
$GPGSV,3,1,10,1,61,353,43,2,35,005,48,3,60,179,26,6,00,214,,1*61
$GPGSV,3,2,10,9,24,278,18,16,07,053,,17,11,266,,26,,,25,1*6E
$GPGSV,3,3,10,28,15,140,17,31,41,126,44,1*6A
$GPRMC,020215.10,A,3001.73770,S,05112.73946,W,0.01,0.00,090926,,,A,V*25
$GPGGA,020216.10,3001.73750,S,05112.73923,W,1,06,1.25,71.15,M,,M,,*46
$GPGLL,3001.73750,S,05112.73923,W,020216.10,A,A*6F
$GPGSA,A,3,01,02,03,09,28,31,,,,,,,2.27,1.25,1.89,1*1F
$GPGSV,3,1,10,1,61,353,43,2,35,005,48,3,60,179,27,6,00,214,,1*60
$GPGSV,3,2,10,9,24,278,19,16,07,053,,17,11,266,,23,,,27,1*68
$GPGSV,3,3,10,28,15,140,17,31,41,126,44,1*6A
$GPRMC,020216.10,A,3001.73750,S,05112.73923,W,0.46,0.00,090926,,,A,V*24
$GPGGA,020217.10,3001.73731,S,05112.73885,W,1,06,1.25,71.57,M,,M,,*4B
$GPGLL,3001.73731,S,05112.73885,W,020217.10,A,A*64
$GPGSA,A,3,01,02,03,09,28,31,,,,,,,2.27,1.25,1.89,1*1F
$GPGSV,3,1,11,1,61,353,42,2,35,005,48,3,60,179,27,6,00,214,,1*60
$GPGSV,3,2,11,9,24,278,18,16,07,053,,17,11,266,,23,,,25,1*6A
$GPGSV,3,3,11,28,15,140,18,31,41,126,44,201,,,29,1*5C
$GPRMC,020217.10,A,3001.73731,S,05112.73885,W,0.21,0.00,090926,,,A,V*2E
$GPGGA,020218.10,3001.73720,S,05112.73873,W,1,06,1.25,71.47,M,,M,,*4C
$GPGLL,3001.73720,S,05112.73873,W,020218.10,A,A*62
$GPGSA,A,3,01,02,03,09,28,31,,,,,,,2.27,1.25,1.89,1*1F
$GPGSV,3,1,11,1,61,353,43,2,35,005,48,3,60,179,27,6,00,214,,1*61
$GPGSV,3,2,11,9,24,278,18,16,07,053,26,17,11,266,,23,,,24,1*6F
$GPGSV,3,3,11,28,15,140,16,31,41,126,44,201,,,26,1*5D
$GPRMC,020218.10,A,3001.73720,S,05112.73873,W,0.19,0.00,090926,,,A,V*23
$GPGGA,020219.10,3001.73704,S,05112.73850,W,1,06,1.25,71.53,M,,M,,*4F
$GPGLL,3001.73704,S,05112.73850,W,020219.10,A,A*64
$GPGSA,A,3,01,02,03,09,28,31,,,,,,,2.27,1.25,1.89,1*1F
$GPGSV,3,1,11,1,61,353,43,2,35,005,48,3,60,179,27,6,00,214,,1*61
$GPGSV,3,2,11,9,24,278,17,16,07,053,25,17,11,266,,23,,,25,1*62
$GPGSV,3,3,11,28,15,140,17,31,41,126,44,201,,,25,1*5F
$GPRMC,020219.10,A,3001.73704,S,05112.73850,W,0.20,0.00,090926,,,A,V*2F
$GPGGA,020220.10,3001.73690,S,05112.73833,W,1,06,1.25,71.53,M,,M,,*4C
$GPGLL,3001.73690,S,05112.73833,W,020220.10,A,A*67
$GPGSA,A,3,01,02,03,09,28,31,,,,,,,2.27,1.25,1.89,1*1F
$GPGSV,3,1,11,1,61,353,43,2,35,005,48,3,60,179,27,6,00,214,,1*61
$GPGSV,3,2,11,9,24,278,17,16,07,053,25,17,11,266,,19,,,26,1*68
$GPGSV,3,3,11,28,15,140,16,31,41,126,44,201,,,25,1*5E
$GPRMC,020220.10,A,3001.73690,S,05112.73833,W,0.09,0.00,090926,,,A,V*27
$GPGGA,020221.10,3001.73676,S,05112.73814,W,1,06,1.25,71.54,M,,M,,*47
$GPGLL,3001.73676,S,05112.73814,W,020221.10,A,A*6B
$GPGSA,A,3,01,02,03,09,28,31,,,,,,,2.27,1.25,1.89,1*1F
$GPGSV,3,1,11,1,61,353,43,2,35,005,48,3,60,179,27,6,00,214,,1*61
$GPGSV,3,2,11,9,24,278,16,13,,,26,16,07,053,24,17,11,266,,1*62
$GPGSV,3,3,11,19,,,25,28,15,140,16,31,41,126,44,1*65
$GPRMC,020221.10,A,3001.73676,S,05112.73814,W,0.02,0.00,090926,,,A,V*20
$GPGGA,020222.10,3001.73678,S,05112.73816,W,1,05,3.12,71.33,M,,M,,*4C
$GPGLL,3001.73678,S,05112.73816,W,020222.10,A,A*64
$GPGSA,A,3,01,02,03,28,31,,,,,,,,4.39,3.12,3.09,1*13
$GPGSV,3,1,11,1,61,353,43,2,35,005,48,3,60,179,27,6,00,214,,1*61
$GPGSV,3,2,11,9,24,278,09,13,,,25,16,07,053,,17,11,266,,1*69
$GPGSV,3,3,11,19,,,25,28,15,140,15,31,41,126,44,1*66
$GPRMC,020222.10,A,3001.73678,S,05112.73816,W,0.21,0.00,090926,,,A,V*2E
$GPGGA,020223.10,3001.73680,S,05112.73829,W,1,05,3.12,70.86,M,,M,,*49
$GPGLL,3001.73680,S,05112.73829,W,020223.10,A,A*6E
$GPGSA,A,3,01,02,03,28,31,,,,,,,,4.39,3.12,3.09,1*13
$GPGSV,4,1,13,1,61,353,42,2,35,005,48,3,60,179,27,4,,,27,1*55
$GPGSV,4,2,13,6,00,214,,9,24,278,12,13,,,25,16,07,053,,1*53
$GPGSV,4,3,13,17,11,266,,19,,,25,22,,,27,28,15,140,16,1*63
$GPGSV,4,4,13,31,41,126,44,1*54
$GPRMC,020223.10,A,3001.73680,S,05112.73829,W,0.06,0.00,090926,,,A,V*21
$GPGGA,020224.10,3001.73667,S,05112.73811,W,1,05,3.12,70.91,M,,M,,*4A
$GPGLL,3001.73667,S,05112.73811,W,020224.10,A,A*6B
$GPGSA,A,3,01,02,03,28,31,,,,,,,,4.39,3.12,3.09,1*13
$GPGSV,3,1,9,1,61,353,42,2,35,005,48,3,60,179,27,6,00,214,,1*59
$GPGSV,3,2,9,9,24,278,13,16,07,053,,17,11,266,,28,15,140,17,1*63
$GPGSV,3,3,9,31,41,126,44,1*6F
$GPRMC,020224.10,A,3001.73667,S,05112.73811,W,0.27,0.00,090926,,,A,V*27
$GPGGA,020225.10,3001.73662,S,05112.73796,W,1,05,3.12,70.88,M,,M,,*46
$GPGLL,3001.73662,S,05112.73796,W,020225.10,A,A*6F
$GPGSA,A,3,01,02,03,28,31,,,,,,,,4.39,3.12,3.09,1*13
$GPGSV,3,1,9,1,61,353,42,2,35,005,48,3,60,179,27,6,00,214,,1*59
$GPGSV,3,2,9,9,24,278,09,16,07,053,,17,11,266,,28,15,140,18,1*67
$GPGSV,3,3,9,31,41,126,44,1*6F
$GPRMC,020225.10,A,3001.73662,S,05112.73796,W,0.49,0.00,090926,,,A,V*2B
$GPGGA,020226.10,3001.73657,S,05112.73798,W,1,05,3.13,70.70,M,,M,,*4B
$GPGLL,3001.73657,S,05112.73798,W,020226.10,A,A*64
$GPGSA,A,3,01,02,03,28,31,,,,,,,,4.39,3.13,3.09,1*12
$GPGSV,3,1,10,1,61,353,42,2,35,005,48,3,60,179,27,6,00,214,,1*61
$GPGSV,3,2,10,9,24,278,12,16,07,053,,17,11,266,,24,,,29,1*6A
$GPGSV,3,3,10,28,15,140,18,31,41,126,44,1*65
$GPRMC,020226.10,A,3001.73657,S,05112.73798,W,0.05,0.00,090926,,,A,V*28
$GPGGA,020227.10,3001.73642,S,05112.73766,W,1,05,3.13,70.88,M,,M,,*48
$GPGLL,3001.73642,S,05112.73766,W,020227.10,A,A*60
$GPGSA,A,3,01,02,03,28,31,,,,,,,,4.39,3.13,3.09,1*12
$GPGSV,3,1,10,1,61,353,43,2,35,005,48,3,60,179,26,6,00,214,,1*61
$GPGSV,3,2,10,9,24,278,09,16,07,053,,17,11,266,,28,15,140,18,1*5F
$GPGSV,3,3,10,30,,,27,31,41,126,45,1*50
$GPRMC,020227.10,A,3001.73642,S,05112.73766,W,0.03,0.00,090926,,,A,V*2A
$GPGGA,020228.10,3001.73636,S,05112.73757,W,1,05,3.13,70.62,M,,M,,*42
$GPGLL,3001.73636,S,05112.73757,W,020228.10,A,A*6E
$GPGSA,A,3,01,02,03,28,31,,,,,,,,4.39,3.13,3.09,1*12
$GPGSV,3,1,10,1,61,353,43,2,35,005,48,3,60,179,26,6,00,214,,1*61
$GPGSV,3,2,10,9,24,278,00,16,07,053,,17,11,266,,28,15,140,18,1*56
$GPGSV,3,3,10,30,,,25,31,41,126,45,1*52
$GPRMC,020228.10,A,3001.73636,S,05112.73757,W,0.10,0.00,090926,,,A,V*26
$GPGGA,020229.10,3001.73627,S,05112.73722,W,1,05,3.13,70.82,M,,M,,*4F
$GPGLL,3001.73627,S,05112.73722,W,020229.10,A,A*6D
$GPGSA,A,3,01,02,03,28,31,,,,,,,,4.39,3.13,3.09,1*12
$GPGSV,3,1,10,1,61,353,43,2,35,005,48,3,60,179,26,6,00,214,,1*61
$GPGSV,3,2,10,9,24,278,07,16,07,053,,17,11,266,,28,15,140,18,1*51
$GPGSV,3,3,10,30,,,25,31,41,126,45,1*52
$GPRMC,020229.10,A,3001.73627,S,05112.73722,W,0.12,0.00,090926,,,A,V*27
$GPGGA,020230.10,3001.73635,S,05112.73723,W,1,05,3.13,70.52,M,,M,,*48
$GPGLL,3001.73635,S,05112.73723,W,020230.10,A,A*67
$GPGSA,A,3,01,02,03,28,31,,,,,,,,4.39,3.13,3.08,1*13
$GPGSV,3,1,10,1,61,353,43,2,35,005,48,3,60,179,25,6,00,214,,1*62
$GPGSV,3,2,10,9,24,278,07,16,07,053,,17,11,266,,28,15,140,19,1*50
$GPGSV,3,3,10,30,,,25,31,41,126,44,1*53
$GPRMC,020230.10,A,3001.73635,S,05112.73723,W,0.21,0.00,090926,,,A,V*2D
$GPGGA,020231.10,3001.73637,S,05112.73736,W,1,05,3.13,70.47,M,,M,,*4B
$GPGLL,3001.73637,S,05112.73736,W,020231.10,A,A*60
$GPGSA,A,3,01,02,03,28,31,,,,,,,,4.39,3.13,3.08,1*13
$GPGSV,3,1,11,1,61,353,43,2,35,005,48,3,60,179,26,6,00,214,,1*60
$GPGSV,3,2,11,9,24,278,08,16,07,053,,17,11,266,,24,,,29,1*60
$GPGSV,3,3,11,27,,,42,28,15,140,18,31,41,126,44,1*67
$GPRMC,020231.10,A,3001.73637,S,05112.73736,W,0.21,0.00,090926,,,A,V*2A
$GPGGA,020232.10,3001.73659,S,05112.73796,W,1,05,3.13,69.82,M,,M,,*4B
$GPGLL,3001.73659,S,05112.73796,W,020232.10,A,A*61
$GPGSA,A,3,01,02,03,28,31,,,,,,,,4.40,3.13,3.08,1*1D
$GPGSV,3,1,12,1,61,353,43,2,35,005,48,3,60,179,26,6,00,214,,1*63
$GPGSV,3,2,12,9,24,278,05,12,,,25,16,07,053,,17,11,266,,1*67
$GPGSV,3,3,12,24,,,26,27,,,26,28,15,140,18,31,41,126,44,1*64
$GPRMC,020232.10,A,3001.73659,S,05112.73796,W,0.26,0.00,090926,,,A,V*2C
$GPGGA,020233.10,3001.73659,S,05112.73803,W,1,05,3.13,69.52,M,,M,,*44
$GPGLL,3001.73659,S,05112.73803,W,020233.10,A,A*63
$GPGSA,A,3,01,02,03,28,31,,,,,,,,4.40,3.13,3.08,1*1D
$GPGSV,3,1,12,1,61,353,43,2,35,005,48,3,60,179,25,6,00,214,,1*60
$GPGSV,3,2,12,9,24,278,07,12,,,25,16,07,053,,17,11,266,,1*65
$GPGSV,3,3,12,24,,,25,27,,,25,28,15,140,18,31,41,126,44,1*64
$GPRMC,020233.10,A,3001.73659,S,05112.73803,W,0.04,0.00,090926,,,A,V*2E
$GPGGA,020234.10,3001.73679,S,05112.73845,W,1,05,3.13,68.99,M,,M,,*45
$GPGLL,3001.73679,S,05112.73845,W,020234.10,A,A*64
$GPGSA,A,3,01,02,03,28,31,,,,,,,,4.40,3.13,3.08,1*1D
$GPGSV,3,1,12,1,61,353,43,2,35,005,48,3,60,179,25,6,00,214,,1*60
$GPGSV,3,2,12,9,24,278,02,12,,,25,16,07,053,,17,11,266,,1*60
$GPGSV,3,3,12,24,,,24,27,,,25,28,15,140,18,31,41,126,44,1*65
$GPRMC,020234.10,A,3001.73679,S,05112.73845,W,0.10,0.00,090926,,,A,V*2C
$GPGGA,020235.10,3001.73680,S,05112.73822,W,1,05,3.13,68.93,M,,M,,*49
$GPGLL,3001.73680,S,05112.73822,W,020235.10,A,A*62
$GPGSA,A,3,01,02,03,28,31,,,,,,,,4.40,3.13,3.08,1*1D
$GPGSV,3,1,12,1,61,353,43,2,35,005,48,3,60,179,25,5,,,25,1*53
$GPGSV,3,2,12,6,00,214,,9,24,278,02,12,,,25,13,,,34,1*66
$GPGSV,3,3,12,16,07,053,,17,11,266,,28,15,140,19,31,41,126,44,1*64
$GPRMC,020235.10,A,3001.73680,S,05112.73822,W,0.55,0.00,090926,,,A,V*2B
$GPGGA,020236.10,3001.73684,S,05112.73826,W,1,05,3.14,69.08,M,,M,,*4E
$GPGLL,3001.73684,S,05112.73826,W,020236.10,A,A*61
$GPGSA,A,3,01,02,03,28,31,,,,,,,,4.40,3.14,3.08,1*1A
$GPGSV,3,1,12,1,61,353,43,2,35,005,48,3,60,179,24,4,,,26,1*50
$GPGSV,3,2,12,5,,,25,6,00,214,,9,24,278,00,13,,,27,1*50
$GPGSV,3,3,12,16,07,053,,17,11,266,,28,15,140,19,31,41,126,44,1*64
$GPRMC,020236.10,A,3001.73684,S,05112.73826,W,0.20,0.00,090926,,,A,V*2A
$GPGGA,020237.10,3001.73686,S,05112.73822,W,1,05,3.14,68.95,M,,M,,*4C
$GPGLL,3001.73686,S,05112.73822,W,020237.10,A,A*66
$GPGSA,A,3,01,02,03,28,31,,,,,,,,4.40,3.14,3.08,1*1A
$GPGSV,3,1,11,1,61,353,43,2,35,005,48,3,60,179,24,6,00,214,,1*62
$GPGSV,3,2,11,9,24,278,04,13,,,25,16,07,053,,17,11,266,,1*64
$GPGSV,3,3,11,28,15,140,19,31,41,126,44,197,,,26,1*5E
$GPRMC,020237.10,A,3001.73686,S,05112.73822,W,0.32,0.00,090926,,,A,V*2E
$GPGGA,020238.10,3001.73718,S,05112.73884,W,1,05,3.14,67.96,M,,M,,*45
$GPGLL,3001.73718,S,05112.73884,W,020238.10,A,A*63
$GPGSA,A,3,01,02,03,28,31,,,,,,,,4.40,3.14,3.08,1*1A
$GPGSV,3,1,11,1,61,353,43,2,35,005,48,3,60,179,24,6,00,214,,1*62
$GPGSV,3,2,11,9,24,278,08,13,,,25,16,07,053,,17,11,266,,1*68
$GPGSV,3,3,11,28,15,140,18,31,41,126,44,197,,,25,1*5C
$GPRMC,020238.10,A,3001.73718,S,05112.73884,W,0.20,0.00,090926,,,A,V*28
$GPGGA,020239.10,3001.73732,S,05112.73922,W,1,05,3.14,67.87,M,,M,,*41
$GPGLL,3001.73732,S,05112.73922,W,020239.10,A,A*67
$GPGSA,A,3,01,02,03,28,31,,,,,,,,4.40,3.14,3.08,1*1A
$GPGSV,3,1,9,1,61,353,43,2,35,005,48,3,60,179,25,6,00,214,,1*5A
$GPGSV,3,2,9,9,24,278,04,16,07,053,,17,11,266,,28,15,140,18,1*6A
$GPGSV,3,3,9,31,41,126,44,1*6F
$GPRMC,020239.10,A,3001.73732,S,05112.73922,W,0.60,0.00,090926,,,A,V*28
$GPGGA,020240.10,3001.73759,S,05112.73980,W,1,05,3.14,67.11,M,,M,,*45
$GPGLL,3001.73759,S,05112.73980,W,020240.10,A,A*6C
$GPGSA,A,3,01,02,03,28,31,,,,,,,,4.40,3.14,3.08,1*1A
$GPGSV,3,1,9,1,61,353,43,2,35,005,48,3,60,179,25,6,00,214,,1*5A
$GPGSV,3,2,9,9,24,278,09,16,07,053,,17,11,266,,28,15,140,18,1*67
$GPGSV,3,3,9,31,41,126,44,1*6F
$GPRMC,020240.10,A,3001.73759,S,05112.73980,W,0.97,0.00,090926,,,A,V*2B
$GPGGA,020241.10,3001.73774,S,05112.74010,W,1,05,3.14,66.57,M,,M,,*4F
$GPGLL,3001.73774,S,05112.74010,W,020241.10,A,A*65
$GPGSA,A,3,01,02,03,28,31,,,,,,,,4.40,3.14,3.08,1*1A
$GPGSV,3,1,9,1,61,353,43,2,35,005,48,3,60,179,25,6,00,214,,1*5A
$GPGSV,3,2,9,9,24,278,11,16,07,053,,17,11,266,,28,15,140,17,1*61
$GPGSV,3,3,9,31,41,126,44,1*6F
$GPRMC,020241.10,A,3001.73774,S,05112.74010,W,0.60,0.00,090926,,,A,V*2A
$GPGGA,020242.10,3001.73780,S,05112.74019,W,1,05,3.14,66.35,M,,M,,*4A
$GPGLL,3001.73780,S,05112.74019,W,020242.10,A,A*64
$GPGSA,A,3,01,02,03,28,31,,,,,,,,4.40,3.14,3.08,1*1A
$GPGSV,3,1,10,1,61,353,43,2,35,005,48,3,60,179,24,6,00,214,,1*63
$GPGSV,3,2,10,9,24,278,08,16,07,053,,17,11,266,,24,,,29,1*61
$GPGSV,3,3,10,28,15,140,18,31,41,126,44,1*65
$GPRMC,020242.10,A,3001.73780,S,05112.74019,W,0.36,0.00,090926,,,A,V*28
$GPGGA,020243.10,3001.73784,S,05112.74028,W,1,05,3.14,66.11,M,,M,,*4B
$GPGLL,3001.73784,S,05112.74028,W,020243.10,A,A*63
$GPGSA,A,3,01,02,03,28,31,,,,,,,,4.40,3.14,3.08,1*1A
$GPGSV,3,1,10,1,61,353,43,2,35,005,48,3,60,179,24,6,00,214,,1*63
$GPGSV,3,2,10,9,24,278,06,16,07,053,,17,11,266,,24,,,26,1*60
$GPGSV,3,3,10,28,15,140,18,31,41,126,44,1*65
$GPRMC,020243.10,A,3001.73784,S,05112.74028,W,0.53,0.00,090926,,,A,V*2C
$GPGGA,020244.10,3001.73782,S,05112.74037,W,1,05,3.14,66.36,M,,M,,*41
$GPGLL,3001.73782,S,05112.74037,W,020244.10,A,A*6C
$GPGSA,A,3,01,02,03,28,31,,,,,,,,4.40,3.14,3.08,1*1A
$GPGSV,3,1,10,1,61,353,43,2,35,005,48,3,60,179,25,6,00,214,,1*62
$GPGSV,3,2,10,9,24,278,09,16,07,053,,17,11,266,,24,,,24,1*6D
$GPGSV,3,3,10,28,15,140,18,31,41,126,44,1*65
$GPRMC,020244.10,A,3001.73782,S,05112.74037,W,0.44,0.00,090926,,,A,V*25
$GPGGA,020245.10,3001.73800,S,05112.74070,W,1,05,3.14,66.20,M,,M,,*41
$GPGLL,3001.73800,S,05112.74070,W,020245.10,A,A*6B
$GPGSA,A,3,01,02,03,28,31,,,,,,,,4.40,3.14,3.08,1*1A
$GPGSV,3,1,11,1,61,353,43,2,35,005,48,3,60,179,25,5,,,36,1*52
$GPGSV,3,2,11,6,00,214,,9,24,278,05,16,07,053,,17,11,266,,1*61
$GPGSV,3,3,11,24,,,25,28,15,140,17,31,41,126,44,1*6A
$GPRMC,020245.10,A,3001.73800,S,05112.74070,W,0.74,0.00,090926,,,A,V*21
$GPGGA,020246.10,3001.73832,S,05112.74145,W,1,05,3.15,65.19,M,,M,,*4C
$GPGLL,3001.73832,S,05112.74145,W,020246.10,A,A*6E
$GPGSA,A,3,01,02,03,28,31,,,,,,,,4.40,3.15,3.08,1*1B
$GPGSV,3,1,10,1,61,353,43,2,35,005,48,3,60,179,25,5,,,31,1*54
$GPGSV,3,2,10,6,00,214,,9,24,278,14,16,07,053,,17,11,266,,1*60
$GPGSV,3,3,10,28,15,140,16,31,41,126,44,1*6B
$GPRMC,020246.10,A,3001.73832,S,05112.74145,W,0.68,0.00,090926,,,A,V*29
$GPGGA,020247.10,3001.73829,S,05112.74147,W,1,05,3.15,65.13,M,,M,,*4F
$GPGLL,3001.73829,S,05112.74147,W,020247.10,A,A*67
$GPGSA,A,3,01,02,03,28,31,,,,,,,,4.40,3.15,3.08,1*1B
$GPGSV,3,1,11,1,61,353,43,2,35,005,48,3,60,179,25,5,,,28,1*5D
$GPGSV,3,2,11,6,00,214,,9,24,278,10,13,,,26,16,07,053,,1*57
$GPGSV,3,3,11,17,11,266,,28,15,140,13,31,41,126,44,1*5B
$GPRMC,020247.10,A,3001.73829,S,05112.74147,W,0.23,0.00,090926,,,A,V*2F
$GPGGA,020248.10,3001.73821,S,05112.74125,W,1,05,3.15,65.70,M,,M,,*49
$GPGLL,3001.73821,S,05112.74125,W,020248.10,A,A*64
$GPGSA,A,3,01,02,03,28,31,,,,,,,,4.40,3.15,3.08,1*1B
$GPGSV,3,1,10,1,61,353,42,2,35,005,48,3,60,179,25,6,00,214,,1*63
$GPGSV,3,2,10,9,24,278,16,13,,,25,16,07,053,,17,11,266,,1*66
$GPGSV,3,3,10,28,15,140,14,31,41,126,44,1*69
$GPRMC,020248.10,A,3001.73821,S,05112.74125,W,0.73,0.00,090926,,,A,V*29
$GPGGA,020249.10,3001.73817,S,05112.74120,W,1,05,3.15,65.89,M,,M,,*4E
$GPGLL,3001.73817,S,05112.74120,W,020249.10,A,A*65
$GPGSA,A,3,01,02,03,28,31,,,,,,,,4.40,3.15,3.08,1*1B
$GPGSV,3,1,9,1,61,353,42,2,35,005,48,3,60,179,25,6,00,214,,1*5B
$GPGSV,3,2,9,9,24,278,14,16,07,053,,17,11,266,,28,15,140,16,1*65
$GPGSV,3,3,9,31,41,126,44,1*6F
$GPRMC,020249.10,A,3001.73817,S,05112.74120,W,0.46,0.00,090926,,,A,V*2E
$GPGGA,020250.10,3001.73823,S,05112.74138,W,1,06,1.25,65.58,M,,M,,*46
$GPGLL,3001.73823,S,05112.74138,W,020250.10,A,A*63
$GPGSA,A,3,01,02,03,09,28,31,,,,,,,2.26,1.25,1.89,1*1E
$GPGSV,3,1,10,1,61,353,42,2,35,005,48,3,60,179,25,6,00,214,,1*63
$GPGSV,3,2,10,9,24,278,16,16,07,053,,17,11,266,,28,15,140,17,1*5E
$GPGSV,3,3,10,31,41,126,44,193,,,27,1*69
$GPRMC,020250.10,A,3001.73823,S,05112.74138,W,0.44,0.00,090926,,,A,V*2A
$GPGGA,020251.10,3001.73850,S,05112.74212,W,1,06,1.25,65.39,M,,M,,*4F
$GPGLL,3001.73850,S,05112.74212,W,020251.10,A,A*6D
$GPGSA,A,3,01,02,03,09,28,31,,,,,,,2.26,1.25,1.89,1*1E
$GPGSV,3,1,12,1,61,353,42,2,35,005,48,3,60,179,24,6,00,214,,1*60
$GPGSV,3,2,12,9,24,278,17,16,07,053,,17,11,266,,20,,,30,1*61
$GPGSV,3,3,12,28,15,140,17,30,,,26,31,41,126,44,193,,,25,1*53
$GPRMC,020251.10,A,3001.73850,S,05112.74212,W,0.61,0.00,090926,,,A,V*23
$GPGGA,020252.10,3001.73857,S,05112.74244,W,1,06,1.25,65.27,M,,M,,*47
$GPGLL,3001.73857,S,05112.74244,W,020252.10,A,A*6A
$GPGSA,A,3,01,02,03,09,28,31,,,,,,,2.26,1.25,1.89,1*1E
$GPGSV,3,1,12,1,61,353,42,2,35,005,48,3,60,179,24,6,00,214,,1*60
$GPGSV,3,2,12,9,24,278,17,16,07,053,,17,11,266,,20,,,26,1*66
$GPGSV,3,3,12,28,15,140,16,30,,,25,31,41,126,44,193,,,25,1*51
$GPRMC,020252.10,A,3001.73857,S,05112.74244,W,0.26,0.00,090926,,,A,V*27
$GPGGA,020253.10,3001.73896,S,05112.74348,W,1,06,1.25,64.30,M,,M,,*41
$GPGLL,3001.73896,S,05112.74348,W,020253.10,A,A*6B
$GPGSA,A,3,01,02,03,09,28,31,,,,,,,2.26,1.25,1.89,1*1E
$GPGSV,4,1,13,1,61,353,42,2,35,005,48,3,60,179,24,6,00,214,,1*66
$GPGSV,4,2,13,9,24,278,18,16,07,053,,17,11,266,,20,,,25,1*6C
$GPGSV,4,3,13,23,,,29,28,15,140,16,30,,,24,31,41,126,44,1*60
$GPGSV,4,4,13,193,,,25,1*5A
$GPRMC,020253.10,A,3001.73896,S,05112.74348,W,0.55,0.00,090926,,,A,V*22
$GPGGA,020254.10,3001.73896,S,05112.74356,W,1,06,1.25,64.35,M,,M,,*4C
$GPGLL,3001.73896,S,05112.74356,W,020254.10,A,A*63
$GPGSA,A,3,01,02,03,09,28,31,,,,,,,2.26,1.25,1.89,1*1E
$GPGSV,3,1,12,1,61,353,42,2,35,005,48,3,60,179,24,6,00,214,,1*60
$GPGSV,3,2,12,9,24,278,18,16,07,053,,17,11,266,,20,,,25,1*6A
$GPGSV,3,3,12,23,,,25,28,15,140,16,30,,,25,31,41,126,44,1*6B
$GPRMC,020254.10,A,3001.73896,S,05112.74356,W,0.88,0.00,090926,,,A,V*2A
$GPGGA,020255.10,3001.73907,S,05112.74389,W,1,06,1.25,64.14,M,,M,,*45
$GPGLL,3001.73907,S,05112.74389,W,020255.10,A,A*69
$GPGSA,A,3,01,02,03,09,28,31,,,,,,,2.26,1.25,1.89,1*1E
$GPGSV,3,1,12,1,61,353,42,2,35,005,48,3,60,179,24,6,00,214,,1*60
$GPGSV,3,2,12,9,24,278,19,13,,,26,16,07,053,,17,11,266,,1*68
$GPGSV,3,3,12,20,,,24,23,,,25,28,15,140,16,31,41,126,44,1*6B
$GPRMC,020255.10,A,3001.73907,S,05112.74389,W,0.15,0.00,090926,,,A,V*24
$GPGGA,020256.10,3001.73908,S,05112.74396,W,1,06,1.25,64.51,M,,M,,*46
$GPGLL,3001.73908,S,05112.74396,W,020256.10,A,A*6B
$GPGSA,A,3,01,02,03,09,28,31,,,,,,,2.26,1.25,1.89,1*1E
$GPGSV,3,1,11,1,61,353,42,2,35,005,48,3,60,179,23,6,00,214,,1*64
$GPGSV,3,2,11,9,24,278,19,13,,,26,16,07,053,,17,11,266,,1*6B
$GPGSV,3,3,11,23,,,25,28,15,140,15,31,41,126,44,1*6F
$GPRMC,020256.10,A,3001.73908,S,05112.74396,W,0.74,0.00,090926,,,A,V*21
$GPGGA,020257.10,3001.73926,S,05112.74433,W,1,06,1.25,64.40,M,,M,,*43
$GPGLL,3001.73926,S,05112.74433,W,020257.10,A,A*6E
$GPGSA,A,3,01,02,03,09,28,31,,,,,,,2.26,1.25,1.89,1*1E
$GPGSV,3,1,11,1,61,353,42,2,35,005,48,3,60,179,23,6,00,214,,1*64
$GPGSV,3,2,11,9,24,278,19,11,,,26,13,,,26,16,07,053,,1*5B
$GPGSV,3,3,11,17,11,266,,28,15,140,13,31,41,126,44,1*5B
$GPRMC,020257.10,A,3001.73926,S,05112.74433,W,0.93,0.00,090926,,,A,V*2D
$GPGGA,020258.10,3001.73957,S,05112.74496,W,1,06,1.25,64.01,M,,M,,*40
$GPGLL,3001.73957,S,05112.74496,W,020258.10,A,A*68
$GPGSA,A,3,01,02,03,09,28,31,,,,,,,2.26,1.25,1.89,1*1E
$GPGSV,3,1,11,1,61,353,42,2,35,005,48,3,60,179,23,6,00,214,,1*64
$GPGSV,3,2,11,9,24,278,19,11,,,25,13,,,25,16,07,053,,1*5B
$GPGSV,3,3,11,17,11,266,,28,15,140,13,31,41,126,44,1*5B
$GPRMC,020258.10,A,3001.73957,S,05112.74496,W,0.60,0.00,090926,,,A,V*27
$GPGGA,020259.10,3001.73962,S,05112.74518,W,1,06,1.25,64.47,M,,M,,*42
$GPGLL,3001.73962,S,05112.74518,W,020259.10,A,A*68
$GPGSA,A,3,01,02,03,09,28,31,,,,,,,2.26,1.25,1.89,1*1E
$GPGSV,3,1,10,1,61,353,42,2,35,005,48,3,60,179,23,6,00,214,,1*65
$GPGSV,3,2,10,9,24,278,19,11,,,25,16,07,053,,17,11,266,,1*6B
$GPGSV,3,3,10,28,15,140,15,31,41,126,44,1*68
$GPRMC,020259.10,A,3001.73962,S,05112.74518,W,0.70,0.00,090926,,,A,V*26
$GPGGA,020300.10,3001.73957,S,05112.74509,W,1,06,1.25,64.61,M,,M,,*4D
$GPGLL,3001.73957,S,05112.74509,W,020300.10,A,A*63
$GPGSA,A,3,01,02,03,09,28,31,,,,,,,2.26,1.25,1.89,1*1E
$GPGSV,3,1,10,1,61,353,42,2,35,005,48,3,60,179,23,6,00,214,,1*65
$GPGSV,3,2,10,9,24,278,19,11,,,25,16,07,053,,17,11,266,,1*6B
$GPGSV,3,3,10,28,15,140,14,31,41,126,44,1*69
$GPRMC,020300.10,A,3001.73957,S,05112.74509,W,0.68,0.00,090926,,,A,V*24
$GPGGA,020301.10,3001.73969,S,05112.74538,W,1,06,1.25,64.42,M,,M,,*42
$GPGLL,3001.73969,S,05112.74538,W,020301.10,A,A*6D
$GPGSA,A,3,01,02,03,09,28,31,,,,,,,2.26,1.25,1.89,1*1E
$GPGSV,3,1,9,1,61,353,42,2,35,005,48,3,60,179,23,6,00,214,,1*5D
$GPGSV,3,2,9,9,24,278,19,16,07,053,,17,11,266,,28,15,140,14,1*6A
$GPGSV,3,3,9,31,41,126,43,1*68
$GPRMC,020301.10,A,3001.73969,S,05112.74538,W,0.49,0.00,090926,,,A,V*29
$GPGGA,020302.10,3001.73981,S,05112.74561,W,1,05,1.41,64.49,M,,M,,*41
$GPGLL,3001.73981,S,05112.74561,W,020302.10,A,A*64
$GPGSA,A,3,01,02,03,09,31,,,,,,,,3.27,1.41,2.95,1*18
$GPGSV,3,1,10,1,61,353,42,2,35,005,48,3,60,179,23,6,00,214,,1*65
$GPGSV,3,2,10,9,24,278,20,16,07,053,,17,11,266,,19,,,27,1*6B
$GPGSV,3,3,10,28,15,140,13,31,41,126,44,1*6E
$GPRMC,020302.10,A,3001.73981,S,05112.74561,W,0.51,0.00,090926,,,A,V*29
$GPGGA,020303.10,3001.73982,S,05112.74573,W,1,05,1.41,64.52,M,,M,,*4A
$GPGLL,3001.73982,S,05112.74573,W,020303.10,A,A*65
$GPGSA,A,3,01,02,03,09,31,,,,,,,,3.27,1.41,2.95,1*18
$GPGSV,3,1,11,1,61,353,42,2,35,005,48,3,60,179,23,5,,,29,1*5B
$GPGSV,3,2,11,6,00,214,,9,24,278,20,16,07,053,,17,11,266,,1*66
$GPGSV,3,3,11,19,,,25,28,15,140,10,31,41,126,44,1*63
$GPRMC,020303.10,A,3001.73982,S,05112.74573,W,0.72,0.00,090926,,,A,V*29
$GPGGA,020304.10,3001.73977,S,05112.74570,W,1,05,1.41,65.11,M,,M,,*42
$GPGLL,3001.73977,S,05112.74570,W,020304.10,A,A*6B
$GPGSA,A,3,01,02,03,09,31,,,,,,,,3.27,1.41,2.95,1*18
$GPGSV,3,1,12,1,61,353,42,2,35,005,48,3,60,179,23,5,,,27,1*56
$GPGSV,3,2,12,6,00,214,,9,24,278,19,16,07,053,,17,11,266,,1*6F
$GPGSV,3,3,12,19,,,25,23,,,28,28,15,140,12,31,41,126,44,1*69
$GPRMC,020304.10,A,3001.73977,S,05112.74570,W,0.28,0.00,090926,,,A,V*28
$GPGGA,020305.10,3001.73982,S,05112.74582,W,1,05,1.41,65.28,M,,M,,*4E
$GPGLL,3001.73982,S,05112.74582,W,020305.10,A,A*6D
$GPGSA,A,3,01,02,03,09,31,,,,,,,,3.27,1.41,2.95,1*18
$GPGSV,3,1,12,1,61,353,42,2,35,005,48,3,60,179,23,5,,,22,1*53
$GPGSV,3,2,12,6,00,214,,9,24,278,19,16,07,053,,17,11,266,,1*6F
$GPGSV,3,3,12,19,,,25,23,,,26,28,15,140,13,31,41,126,44,1*66
$GPRMC,020305.10,A,3001.73982,S,05112.74582,W,0.33,0.00,090926,,,A,V*24
$GPGGA,020306.10,3001.73968,S,05112.74558,W,1,05,1.41,65.72,M,,M,,*41
$GPGLL,3001.73968,S,05112.74558,W,020306.10,A,A*6D
$GPGSA,A,3,01,02,03,09,31,,,,,,,,3.27,1.41,2.95,1*18
$GPGSV,3,1,10,1,61,353,42,2,35,005,48,3,60,179,24,6,00,214,,1*62
$GPGSV,3,2,10,9,24,278,18,13,,,27,16,07,053,,17,11,266,,1*6A
$GPGSV,3,3,10,28,15,140,14,31,41,126,44,1*69
$GPRMC,020306.10,A,3001.73968,S,05112.74558,W,0.25,0.00,090926,,,A,V*23
$GPGGA,020307.10,3001.73971,S,05112.74563,W,1,05,1.41,65.83,M,,M,,*4E
$GPGLL,3001.73971,S,05112.74563,W,020307.10,A,A*6C
$GPGSA,A,3,01,02,03,09,31,,,,,,,,3.27,1.41,2.95,1*18
$GPGSV,3,1,11,1,61,353,42,2,35,005,48,3,60,179,24,6,00,214,,1*63
$GPGSV,3,2,11,9,24,278,18,13,,,25,16,07,053,,17,11,266,,1*69
$GPGSV,3,3,11,22,,,26,28,15,140,01,31,41,126,44,1*68
$GPRMC,020307.10,A,3001.73971,S,05112.74563,W,0.33,0.00,090926,,,A,V*25
$GPGGA,020308.10,3001.73965,S,05112.74562,W,1,05,1.41,66.05,M,,M,,*48
$GPGLL,3001.73965,S,05112.74562,W,020308.10,A,A*67
$GPGSA,A,3,01,02,03,09,31,,,,,,,,3.27,1.41,2.95,1*18
$GPGSV,3,1,11,1,61,353,42,2,35,005,48,3,60,179,24,6,00,214,,1*63
$GPGSV,3,2,11,9,24,278,18,13,,,25,16,07,053,,17,11,266,,1*69
$GPGSV,3,3,11,22,,,26,28,15,140,14,31,41,126,44,1*6C
$GPRMC,020308.10,A,3001.73965,S,05112.74562,W,0.22,0.00,090926,,,A,V*2E
$GPGGA,020309.10,3001.73953,S,05112.74533,W,1,05,1.41,66.49,M,,M,,*40
$GPGLL,3001.73953,S,05112.74533,W,020309.10,A,A*67
$GPGSA,A,3,01,02,03,09,31,,,,,,,,3.27,1.41,2.95,1*18
$GPGSV,3,1,10,1,61,353,42,2,35,005,48,3,60,179,24,6,00,214,,1*62
$GPGSV,3,2,10,9,24,278,18,16,07,053,,17,11,266,,22,,,25,1*6A
$GPGSV,3,3,10,28,15,140,08,31,41,126,44,1*64
$GPRMC,020309.10,A,3001.73953,S,05112.74533,W,0.62,0.00,090926,,,A,V*2A
$GPGGA,020310.10,3001.73946,S,05112.74507,W,1,05,1.41,66.52,M,,M,,*41
$GPGLL,3001.73946,S,05112.74507,W,020310.10,A,A*6C
$GPGSA,A,3,01,02,03,09,31,,,,,,,,3.27,1.41,2.95,1*18
$GPGSV,3,1,10,1,61,353,42,2,35,005,48,3,60,179,25,6,00,214,,1*63
$GPGSV,3,2,10,9,24,278,17,16,07,053,,17,11,266,,22,,,24,1*64
$GPGSV,3,3,10,28,15,140,08,31,41,126,44,1*64
$GPRMC,020310.10,A,3001.73946,S,05112.74507,W,0.28,0.00,090926,,,A,V*2F
$GPGGA,020311.10,3001.73944,S,05112.74505,W,1,05,1.41,66.49,M,,M,,*4A
$GPGLL,3001.73944,S,05112.74505,W,020311.10,A,A*6D
$GPGSA,A,3,01,02,03,09,31,,,,,,,,3.27,1.41,2.95,1*18
$GPGSV,3,1,9,1,61,353,42,2,35,005,48,3,60,179,25,6,00,214,,1*5B
$GPGSV,3,2,9,9,24,278,18,16,07,053,,17,11,266,,28,15,140,09,1*67
$GPGSV,3,3,9,31,41,126,44,1*6F
$GPRMC,020311.10,A,3001.73944,S,05112.74505,W,0.20,0.00,090926,,,A,V*26
$GPGGA,020312.10,3001.73935,S,05112.74486,W,1,05,1.41,66.68,M,,M,,*46
$GPGLL,3001.73935,S,05112.74486,W,020312.10,A,A*62
$GPGSA,A,3,01,02,03,09,31,,,,,,,,3.27,1.41,2.95,1*18
$GPGSV,3,1,11,1,61,353,42,2,35,005,48,3,60,179,25,6,00,214,,1*62
$GPGSV,3,2,11,9,24,278,18,13,,,26,16,07,053,,17,11,266,,1*6A
$GPGSV,3,3,11,20,,,27,28,15,140,06,31,41,126,44,1*6C
$GPRMC,020312.10,A,3001.73935,S,05112.74486,W,0.04,0.00,090926,,,A,V*2F
$GPGGA,020313.10,3001.73919,S,05112.74454,W,1,05,1.41,66.90,M,,M,,*41
$GPGLL,3001.73919,S,05112.74454,W,020313.10,A,A*62
$GPGSA,A,3,01,02,03,09,31,,,,,,,,3.27,1.41,2.95,1*18
$GPGSV,4,1,13,1,61,353,42,2,35,005,48,3,60,179,25,6,00,214,,1*67
$GPGSV,4,2,13,9,24,278,18,13,,,25,16,07,053,,17,11,266,,1*6C
$GPGSV,4,3,13,20,,,25,24,,,29,28,15,140,08,31,41,126,44,1*68
$GPGSV,4,4,13,200,,,30,1*57
$GPRMC,020313.10,A,3001.73919,S,05112.74454,W,0.48,0.00,090926,,,A,V*27
$GPGGA,020314.10,3001.73900,S,05112.74405,W,1,05,1.41,67.34,M,,M,,*45
$GPGLL,3001.73900,S,05112.74405,W,020314.10,A,A*69
$GPGSA,A,3,01,02,03,09,31,,,,,,,,3.27,1.41,2.95,1*18
$GPGSV,3,1,12,1,60,353,41,2,34,005,48,3,60,178,26,6,00,214,,1*60
$GPGSV,3,2,12,9,24,277,18,13,,,25,16,07,054,,17,11,267,,1*63
$GPGSV,3,3,12,22,,,29,24,,,25,28,14,140,19,31,41,126,44,1*6D
$GPRMC,020314.10,A,3001.73900,S,05112.74405,W,0.32,0.00,090926,,,A,V*21
$GPGGA,020315.10,3001.73885,S,05112.74377,W,1,05,1.41,67.79,M,,M,,*43
$GPGLL,3001.73885,S,05112.74377,W,020315.10,A,A*66
$GPGSA,A,3,01,02,03,09,31,,,,,,,,3.27,1.41,2.95,1*18
$GPGSV,3,1,12,1,60,353,41,2,34,005,48,3,60,178,26,6,00,214,,1*60
$GPGSV,3,2,12,9,24,277,17,13,,,25,16,07,054,,17,11,267,,1*6C
$GPGSV,3,3,12,22,,,27,24,,,25,28,14,140,11,31,41,126,44,1*6B
$GPRMC,020315.10,A,3001.73885,S,05112.74377,W,0.46,0.00,090926,,,A,V*2D
$GPGGA,020316.10,3001.73872,S,05112.74326,W,1,05,1.41,68.35,M,,M,,*4B
$GPGLL,3001.73872,S,05112.74326,W,020316.10,A,A*69
$GPGSA,A,3,01,02,03,09,31,,,,,,,,3.27,1.41,2.95,1*18
$GPGSV,3,1,11,1,60,353,41,2,34,005,48,3,60,178,25,6,00,214,,1*60
$GPGSV,3,2,11,9,24,277,17,16,07,054,,17,11,267,,22,,,23,1*6B
$GPGSV,3,3,11,24,,,25,28,14,140,06,31,41,126,44,1*6B
$GPRMC,020316.10,A,3001.73872,S,05112.74326,W,0.11,0.00,090926,,,A,V*20
$GPGGA,020317.10,3001.73864,S,05112.74299,W,1,05,1.41,68.61,M,,M,,*49
$GPGLL,3001.73864,S,05112.74299,W,020317.10,A,A*6A
$GPGSA,A,3,01,02,03,09,31,,,,,,,,3.27,1.41,2.95,1*18
$GPGSV,3,1,9,1,60,353,41,2,34,005,48,3,60,178,25,6,00,214,,1*59
$GPGSV,3,2,9,9,24,277,16,16,07,054,,17,11,267,,28,14,140,05,1*6D
$GPGSV,3,3,9,31,41,126,44,1*6F
$GPRMC,020317.10,A,3001.73864,S,05112.74299,W,0.03,0.00,090926,,,A,V*20
$GPGGA,020318.10,3001.73847,S,05112.74262,W,1,05,1.41,69.00,M,,M,,*45
$GPGLL,3001.73847,S,05112.74262,W,020318.10,A,A*60
$GPGSA,A,3,01,02,03,09,31,,,,,,,,3.27,1.41,2.95,1*18
$GPGSV,3,1,9,1,60,353,41,2,34,005,48,3,60,178,25,6,00,214,,1*59
$GPGSV,3,2,9,9,24,277,15,16,07,054,,17,11,267,,28,14,140,,1*6B
$GPGSV,3,3,9,31,41,126,44,1*6F
$GPRMC,020318.10,A,3001.73847,S,05112.74262,W,0.21,0.00,090926,,,A,V*2A
$GPGGA,020319.10,3001.73839,S,05112.74222,W,1,05,1.41,69.12,M,,M,,*4A
$GPGLL,3001.73839,S,05112.74222,W,020319.10,A,A*6C
$GPGSA,A,3,01,02,03,09,31,,,,,,,,3.27,1.41,2.95,1*18
$GPGSV,3,1,9,1,60,353,41,2,34,005,48,3,60,178,26,6,00,214,,1*5A
$GPGSV,3,2,9,9,24,277,14,16,07,054,,17,11,267,,28,14,140,,1*6A
$GPGSV,3,3,9,31,41,126,43,1*68
$GPRMC,020319.10,A,3001.73839,S,05112.74222,W,0.18,0.00,090926,,,A,V*2C
$GPGGA,020320.10,3001.73832,S,05112.74206,W,1,04,4.27,69.27,M,,M,,*4F
$GPGLL,3001.73832,S,05112.74206,W,020320.10,A,A*6B
$GPGSA,A,3,01,02,03,31,,,,,,,,,8.31,4.27,7.13,1*13
$GPGSV,3,1,9,1,60,353,41,2,34,005,48,3,60,178,26,6,00,214,,1*5A
$GPGSV,3,2,9,9,24,277,13,16,07,054,,17,11,267,,28,14,140,,1*6D
$GPGSV,3,3,9,31,41,126,43,1*68
$GPRMC,020320.10,A,3001.73832,S,05112.74206,W,0.56,0.00,090926,,,A,V*21
$GPGGA,020321.10,3001.73831,S,05112.74204,W,1,04,4.27,68.83,M,,M,,*40
$GPGLL,3001.73831,S,05112.74204,W,020321.10,A,A*6B
$GPGSA,A,3,01,02,03,31,,,,,,,,,8.31,4.27,7.13,1*13
$GPGSV,3,1,10,1,60,353,42,2,34,005,48,3,60,178,26,6,00,214,,1*61
$GPGSV,3,2,10,9,24,277,08,16,07,054,,17,11,267,,28,14,140,,1*5F
$GPGSV,3,3,10,31,41,126,43,197,,,27,1*6A
$GPRMC,020321.10,A,3001.73831,S,05112.74204,W,0.08,0.00,090926,,,A,V*2A
$GPGGA,020322.10,3001.73822,S,05112.74168,W,1,04,4.28,69.34,M,,M,,*4A
$GPGLL,3001.73822,S,05112.74168,W,020322.10,A,A*63
$GPGSA,A,3,01,02,03,31,,,,,,,,,8.31,4.28,7.13,1*1C
$GPGSV,3,1,12,1,60,353,42,2,34,005,48,3,60,178,25,6,00,214,,1*60
$GPGSV,3,2,12,8,,,30,9,24,277,05,13,,,28,16,07,054,,1*6C
$GPGSV,3,3,12,17,11,267,,28,14,140,,31,41,126,43,197,,,25,1*65
$GPRMC,020322.10,A,3001.73822,S,05112.74168,W,0.06,0.00,090926,,,A,V*2C
$GPGGA,020323.10,3001.73814,S,05112.74158,W,1,04,4.28,69.46,M,,M,,*48
$GPGLL,3001.73814,S,05112.74158,W,020323.10,A,A*64
$GPGSA,A,3,01,02,03,31,,,,,,,,,8.31,4.28,7.13,1*1C
$GPGSV,4,1,13,1,60,353,42,2,34,005,48,3,60,178,25,6,00,214,,1*66
$GPGSV,4,2,13,7,,,27,8,,,25,9,24,277,10,13,,,25,1*64
$GPGSV,4,3,13,16,07,054,,17,11,267,,28,14,140,,31,41,126,43,1*6A
$GPGSV,4,4,13,197,,,24,1*5F
$GPRMC,020323.10,A,3001.73814,S,05112.74158,W,0.35,0.00,090926,,,A,V*2B
$GPGGA,020324.10,3001.73808,S,05112.74124,W,1,04,4.28,69.72,M,,M,,*4E
$GPGLL,3001.73808,S,05112.74124,W,020324.10,A,A*65
$GPGSA,A,3,01,02,03,31,,,,,,,,,8.32,4.28,7.13,1*1F
$GPGSV,4,1,15,1,60,353,42,2,34,005,48,3,60,178,25,6,00,214,,1*60
$GPGSV,4,2,15,7,,,25,8,,,25,9,24,277,11,13,,,21,1*65
$GPGSV,4,3,15,16,07,054,,17,11,267,,22,,,30,27,,,25,1*62
$GPGSV,4,4,15,28,14,140,,31,41,126,43,197,,,25,1*57
$GPRMC,020324.10,A,3001.73808,S,05112.74124,W,0.40,0.00,090926,,,A,V*28
$GPGGA,020325.10,3001.73801,S,05112.74098,W,1,04,4.28,70.03,M,,M,,*4E
$GPGLL,3001.73801,S,05112.74098,W,020325.10,A,A*6B
$GPGSA,A,3,01,02,03,31,,,,,,,,,8.32,4.28,7.13,1*1F
$GPGSV,4,1,14,1,60,353,42,2,34,005,48,3,60,178,26,6,00,214,,1*62
$GPGSV,4,2,14,7,,,25,8,,,24,9,24,277,13,13,,,12,1*67
$GPGSV,4,3,14,16,07,054,,17,11,267,,22,,,27,27,,,25,1*65
$GPGSV,4,4,14,28,14,140,,31,41,126,44,1*69
$GPRMC,020325.10,A,3001.73801,S,05112.74098,W,0.24,0.00,090926,,,A,V*24
$GPGGA,020326.10,3001.73821,S,05112.74154,W,1,04,4.29,69.65,M,,M,,*47
$GPGLL,3001.73821,S,05112.74154,W,020326.10,A,A*6B
$GPGSA,A,3,01,02,03,31,,,,,,,,,8.32,4.29,7.13,1*1E
$GPGSV,4,1,13,1,60,353,42,2,34,005,48,3,60,178,25,6,00,214,,1*66
$GPGSV,4,2,13,7,,,25,9,24,277,11,16,07,054,,17,11,267,,1*59
$GPGSV,4,3,13,22,,,27,27,,,24,28,14,140,,31,41,126,44,1*6F
$GPGSV,4,4,13,200,,,30,1*57
$GPRMC,020326.10,A,3001.73821,S,05112.74154,W,0.11,0.00,090926,,,A,V*22
$GPGGA,020327.10,3001.73809,S,05112.74140,W,1,04,4.29,69.97,M,,M,,*44
$GPGLL,3001.73809,S,05112.74140,W,020327.10,A,A*65
$GPGSA,A,3,01,02,03,31,,,,,,,,,8.32,4.29,7.13,1*1E
$GPGSV,3,1,10,1,60,353,42,2,34,005,48,3,60,178,25,6,00,214,,1*62
$GPGSV,3,2,10,9,24,277,12,16,07,054,,17,11,267,,27,,,24,1*6D
$GPGSV,3,3,10,28,14,140,,31,41,126,44,1*6D
$GPRMC,020327.10,A,3001.73809,S,05112.74140,W,0.36,0.00,090926,,,A,V*29
$GPGGA,020328.10,3001.73801,S,05112.74126,W,1,04,4.29,69.99,M,,M,,*4D
$GPGLL,3001.73801,S,05112.74126,W,020328.10,A,A*62
$GPGSA,A,3,01,02,03,31,,,,,,,,,8.33,4.29,7.13,1*1F
$GPGSV,3,1,9,1,60,353,42,2,34,005,48,3,60,178,25,6,00,214,,1*5A
$GPGSV,3,2,9,9,24,277,03,16,07,054,,17,11,267,,28,14,140,,1*6C
$GPGSV,3,3,9,31,41,126,44,1*6F
$GPRMC,020328.10,A,3001.73801,S,05112.74126,W,0.11,0.00,090926,,,A,V*2B
$GPGGA,020329.10,3001.73807,S,05112.74140,W,1,04,4.30,69.67,M,,M,,*43
$GPGLL,3001.73807,S,05112.74140,W,020329.10,A,A*65
$GPGSA,A,3,01,02,03,31,,,,,,,,,8.33,4.30,7.14,1*10
$GPGSV,3,1,9,1,60,353,42,2,34,005,48,3,60,178,25,6,00,214,,1*5A
$GPGSV,3,2,9,9,24,277,06,16,07,054,,17,11,267,,28,14,140,,1*69
$GPGSV,3,3,9,31,41,126,44,1*6F
$GPRMC,020329.10,A,3001.73807,S,05112.74140,W,0.04,0.00,090926,,,A,V*28
$GPGGA,020330.10,3001.73802,S,05112.74148,W,1,04,4.30,70.45,M,,M,,*4E
$GPGLL,3001.73802,S,05112.74148,W,020330.10,A,A*60
$GPGSA,A,3,01,02,03,31,,,,,,,,,8.33,4.30,7.14,1*10
$GPGSV,3,1,9,1,60,353,42,2,34,005,48,3,60,178,25,6,00,214,,1*5A
$GPGSV,3,2,9,9,24,277,07,16,07,054,,17,11,267,,28,14,140,,1*68
$GPGSV,3,3,9,31,41,126,44,1*6F
$GPRMC,020330.10,A,3001.73802,S,05112.74148,W,0.03,0.00,090926,,,A,V*2A
$GPGGA,020331.10,3001.73798,S,05112.74131,W,1,04,4.30,71.01,M,,M,,*4C
$GPGLL,3001.73798,S,05112.74131,W,020331.10,A,A*63
$GPGSA,A,3,01,02,03,31,,,,,,,,,8.33,4.30,7.14,1*10
$GPGSV,3,1,10,1,60,353,42,2,34,005,48,3,60,178,26,6,00,214,,1*61
$GPGSV,3,2,10,9,24,277,05,13,,,26,16,07,054,,17,11,267,,1*6E
$GPGSV,3,3,10,28,14,140,,31,41,126,44,1*6D
$GPRMC,020331.10,A,3001.73798,S,05112.74131,W,0.04,0.00,090926,,,A,V*2E
$GPGGA,020332.10,3001.73792,S,05112.74121,W,1,04,4.30,71.67,M,,M,,*44
$GPGLL,3001.73792,S,05112.74121,W,020332.10,A,A*6B
$GPGSA,A,3,01,02,03,31,,,,,,,,,8.34,4.30,7.14,1*17
$GPGSV,3,1,11,1,60,353,41,2,34,005,48,3,60,178,26,6,00,214,,1*63
$GPGSV,3,2,11,9,24,277,05,13,,,26,16,07,054,,17,11,267,,1*6F
$GPGSV,3,3,11,22,,,28,28,14,140,,31,41,126,44,1*66
$GPRMC,020332.10,A,3001.73792,S,05112.74121,W,0.00,0.00,090926,,,A,V*22
$GPGGA,020333.10,3001.73811,S,05112.74166,W,1,04,4.31,71.35,M,,M,,*44
$GPGLL,3001.73811,S,05112.74166,W,020333.10,A,A*6D
$GPGSA,A,3,01,02,03,31,,,,,,,,,8.34,4.31,7.14,1*16
$GPGSV,3,1,12,1,60,353,41,2,34,005,48,3,60,178,26,6,00,214,,1*60
$GPGSV,3,2,12,9,24,277,11,13,,,24,16,07,054,,17,11,267,,1*6B
$GPGSV,3,3,12,19,,,27,22,,,25,28,14,140,,31,41,126,44,1*65
$GPRMC,020333.10,A,3001.73811,S,05112.74166,W,0.13,0.00,090926,,,A,V*26
$GPGGA,020334.10,3001.73797,S,05112.74142,W,1,04,4.31,72.18,M,,M,,*48
$GPGLL,3001.73797,S,05112.74142,W,020334.10,A,A*6D
$GPGSA,A,3,01,02,03,31,,,,,,,,,8.34,4.31,7.14,1*16
$GPGSV,3,1,10,1,60,353,41,2,34,005,48,3,60,178,26,6,00,214,,1*62
$GPGSV,3,2,10,9,24,277,08,13,,,24,16,07,054,,17,11,267,,1*61
$GPGSV,3,3,10,28,14,140,,31,41,126,44,1*6D
$GPRMC,020334.10,A,3001.73797,S,05112.74142,W,0.11,0.00,090926,,,A,V*24
$GPGGA,020335.10,3001.73791,S,05112.74128,W,1,04,4.31,72.43,M,,M,,*4D
$GPGLL,3001.73791,S,05112.74128,W,020335.10,A,A*66
$GPGSA,A,3,01,02,03,31,,,,,,,,,8.34,4.31,7.14,1*16
$GPGSV,3,1,9,1,60,353,41,2,34,005,48,3,60,178,26,6,00,214,,1*5A
$GPGSV,3,2,9,9,24,277,12,16,07,054,,17,11,267,,28,14,140,,1*6C
$GPGSV,3,3,9,31,41,126,44,1*6F
$GPRMC,020335.10,A,3001.73791,S,05112.74128,W,0.19,0.00,090926,,,A,V*27
$GPGGA,020336.10,3001.73780,S,05112.74108,W,1,04,4.32,72.83,M,,M,,*43
$GPGLL,3001.73780,S,05112.74108,W,020336.10,A,A*67
$GPGSA,A,3,01,02,03,31,,,,,,,,,8.35,4.32,7.14,1*14
$GPGSV,3,1,10,1,60,353,41,2,34,005,48,3,60,178,26,6,00,214,,1*62
$GPGSV,3,2,10,7,,,33,9,24,277,12,16,07,054,,17,11,267,,1*59
$GPGSV,3,3,10,28,14,140,,31,41,126,44,1*6D
$GPRMC,020336.10,A,3001.73780,S,05112.74108,W,0.24,0.00,090926,,,A,V*28
$GPGGA,020337.10,3001.73768,S,05112.74080,W,1,04,4.32,72.95,M,,M,,*42
$GPGLL,3001.73768,S,05112.74080,W,020337.10,A,A*61
$GPGSA,A,3,01,02,03,31,,,,,,,,,8.35,4.32,7.15,1*15
$GPGSV,3,1,11,1,60,353,41,2,34,005,48,3,60,178,27,6,00,214,,1*62
$GPGSV,3,2,11,7,,,25,9,24,277,08,16,07,054,,17,11,267,,1*54
$GPGSV,3,3,11,22,,,26,28,14,140,,31,41,126,44,1*68
$GPRMC,020337.10,A,3001.73768,S,05112.74080,W,0.68,0.00,090926,,,A,V*26
$GPGGA,020338.10,3001.73755,S,05112.74044,W,1,04,4.32,73.41,M,,M,,*43
$GPGLL,3001.73755,S,05112.74044,W,020338.10,A,A*68
$GPGSA,A,3,01,02,03,31,,,,,,,,,8.35,4.32,7.15,1*15
$GPGSV,3,1,12,1,60,353,41,2,34,005,48,3,60,178,26,6,00,214,,1*60
$GPGSV,3,2,12,7,,,25,9,24,277,12,13,,,25,16,07,054,,1*6C
$GPGSV,3,3,12,17,11,267,,22,,,26,28,14,140,,31,41,126,44,1*5E
$GPRMC,020338.10,A,3001.73755,S,05112.74044,W,0.62,0.00,090926,,,A,V*25
$GPGGA,020339.10,3001.73745,S,05112.74024,W,1,04,4.32,73.86,M,,M,,*4E
$GPGLL,3001.73745,S,05112.74024,W,020339.10,A,A*6E
$GPGSA,A,3,01,02,03,31,,,,,,,,,8.35,4.32,7.15,1*15
$GPGSV,4,1,13,1,60,353,41,2,34,005,48,3,60,178,26,6,00,214,,1*66
$GPGSV,4,2,13,7,,,25,9,24,277,10,13,,,25,16,07,054,,1*68
$GPGSV,4,3,13,17,11,267,,20,,,26,22,,,26,28,14,140,,1*6C
$GPGSV,4,4,13,31,41,126,44,1*54
$GPRMC,020339.10,A,3001.73745,S,05112.74024,W,0.45,0.00,090926,,,A,V*26
$GPGGA,020340.10,3001.73735,S,05112.74012,W,1,04,4.33,74.65,M,,M,,*49
$GPGLL,3001.73735,S,05112.74012,W,020340.10,A,A*62
$GPGSA,A,3,01,02,03,31,,,,,,,,,8.36,4.33,7.15,1*17
$GPGSV,3,1,10,1,60,353,41,2,34,005,48,3,60,178,26,6,00,214,,1*62
$GPGSV,3,2,10,9,24,277,07,16,07,054,,17,11,267,,20,,,25,1*6F
$GPGSV,3,3,10,28,14,140,,31,41,126,44,1*6D
$GPRMC,020340.10,A,3001.73735,S,05112.74012,W,0.23,0.00,090926,,,A,V*2A
$GPGGA,020341.10,3001.73731,S,05112.73982,W,1,04,4.33,74.75,M,,M,,*4A
$GPGLL,3001.73731,S,05112.73982,W,020341.10,A,A*60
$GPGSA,A,3,01,02,03,31,,,,,,,,,8.36,4.33,7.15,1*17
$GPGSV,3,1,11,1,60,353,41,2,34,005,48,3,60,178,27,6,00,214,,1*62
$GPGSV,3,2,11,8,,,26,9,24,277,10,16,07,054,,17,11,267,,1*51
$GPGSV,3,3,11,20,,,25,28,14,140,,31,41,126,43,1*6E
$GPRMC,020341.10,A,3001.73731,S,05112.73982,W,0.26,0.00,090926,,,A,V*2D
$GPGGA,020342.10,3001.73722,S,05112.73953,W,1,04,4.33,75.27,M,,M,,*41
$GPGLL,3001.73722,S,05112.73953,W,020342.10,A,A*6D
$GPGSA,A,3,01,02,03,31,,,,,,,,,8.36,4.33,7.15,1*17
$GPGSV,3,1,12,1,60,353,41,2,34,005,48,3,60,178,27,6,00,214,,1*61
$GPGSV,3,2,12,8,,,25,9,24,277,11,16,07,054,,17,11,267,,1*50
$GPGSV,3,3,12,19,,,26,20,,,25,28,14,140,,31,41,126,44,1*66
$GPRMC,020342.10,A,3001.73722,S,05112.73953,W,0.32,0.00,090926,,,A,V*25
$GPGGA,020343.10,3001.73711,S,05112.73926,W,1,04,4.33,75.78,M,,M,,*48
$GPGLL,3001.73711,S,05112.73926,W,020343.10,A,A*6E
$GPGSA,A,3,01,02,03,31,,,,,,,,,8.36,4.33,7.15,1*17
$GPGSV,3,1,11,1,60,353,41,2,34,005,48,3,60,178,27,6,00,214,,1*62
$GPGSV,3,2,11,8,,,24,9,24,277,12,16,07,054,,17,11,267,,1*51
$GPGSV,3,3,11,19,,,25,28,14,140,,31,41,126,44,1*63
$GPRMC,020343.10,A,3001.73711,S,05112.73926,W,0.25,0.00,090926,,,A,V*20
$GPGGA,020344.10,3001.73697,S,05112.73897,W,1,04,4.34,76.42,M,,M,,*46
$GPGLL,3001.73697,S,05112.73897,W,020344.10,A,A*6D
$GPGSA,A,3,01,02,03,31,,,,,,,,,8.37,4.34,7.15,1*11
$GPGSV,3,1,9,1,60,354,41,2,34,005,48,3,60,178,27,6,00,214,,1*5C
$GPGSV,3,2,9,9,25,277,12,16,08,054,,17,11,267,,28,14,140,,1*62
$GPGSV,3,3,9,31,40,126,44,1*6E
$GPRMC,020344.10,A,3001.73697,S,05112.73897,W,0.09,0.00,090926,,,A,V*2D
$GPGGA,020345.10,3001.73689,S,05112.73886,W,1,04,4.34,77.00,M,,M,,*4F
$GPGLL,3001.73689,S,05112.73886,W,020345.10,A,A*63
$GPGSA,A,3,01,02,03,31,,,,,,,,,8.37,4.34,7.15,1*11
$GPGSV,3,1,10,1,60,354,41,2,34,005,48,3,60,178,27,6,00,214,,1*64
$GPGSV,3,2,10,9,25,277,16,16,08,054,,17,11,267,,22,,,27,1*61
$GPGSV,3,3,10,28,14,140,,31,40,126,44,1*6C
$GPRMC,020345.10,A,3001.73689,S,05112.73886,W,0.13,0.00,090926,,,A,V*28
$GPGGA,020346.10,3001.73678,S,05112.73854,W,1,05,1.40,77.44,M,,M,,*4A
$GPGLL,3001.73678,S,05112.73854,W,020346.10,A,A*61
$GPGSA,A,3,01,02,03,09,31,,,,,,,,3.26,1.40,2.95,1*18
$GPGSV,3,1,10,1,60,354,41,2,34,005,48,3,60,178,26,6,00,214,,1*65
$GPGSV,3,2,10,9,25,277,17,16,08,054,,17,11,267,,22,,,25,1*62
$GPGSV,3,3,10,28,14,140,,31,40,126,44,1*6C
$GPRMC,020346.10,A,3001.73678,S,05112.73854,W,0.03,0.00,090926,,,A,V*2B
$GPGGA,020347.10,3001.73670,S,05112.73829,W,1,05,1.40,77.98,M,,M,,*48
$GPGLL,3001.73670,S,05112.73829,W,020347.10,A,A*62
$GPGSA,A,3,01,02,03,09,31,,,,,,,,3.26,1.40,2.95,1*18
$GPGSV,3,1,10,1,60,354,41,2,34,005,48,3,60,178,26,6,00,214,,1*65
$GPGSV,3,2,10,9,25,277,18,16,08,054,,17,11,267,,22,,,25,1*6D
$GPGSV,3,3,10,28,14,140,,31,40,126,44,1*6C
$GPRMC,020347.10,A,3001.73670,S,05112.73829,W,0.45,0.00,090926,,,A,V*2A
$GPGGA,020348.10,3001.73662,S,05112.73814,W,1,05,1.40,78.71,M,,M,,*42
$GPGLL,3001.73662,S,05112.73814,W,020348.10,A,A*60
$GPGSA,A,3,01,02,03,09,31,,,,,,,,3.26,1.40,2.95,1*18
$GPGSV,3,1,10,1,60,354,41,2,34,005,48,3,60,178,26,6,00,214,,1*65
$GPGSV,3,2,10,9,25,277,17,16,08,054,,17,11,267,,22,,,25,1*62
$GPGSV,3,3,10,28,14,140,,31,40,126,44,1*6C
$GPRMC,020348.10,A,3001.73662,S,05112.73814,W,0.45,0.00,090926,,,A,V*28
$GPGGA,020349.10,3001.73652,S,05112.73781,W,1,05,1.40,79.27,M,,M,,*41
$GPGLL,3001.73652,S,05112.73781,W,020349.10,A,A*61
$GPGSA,A,3,01,02,03,09,31,,,,,,,,3.26,1.40,2.95,1*18
$GPGSV,3,1,10,1,60,354,41,2,34,005,48,3,60,178,26,6,00,214,,1*65
$GPGSV,3,2,10,9,25,277,17,16,08,054,,17,11,267,,22,,,25,1*62
$GPGSV,3,3,10,28,14,140,,31,40,126,44,1*6C
$GPRMC,020349.10,A,3001.73652,S,05112.73781,W,0.20,0.00,090926,,,A,V*2A
$GPGGA,020350.10,3001.73646,S,05112.73775,W,1,05,1.40,79.76,M,,M,,*43
$GPGLL,3001.73646,S,05112.73775,W,020350.10,A,A*67
$GPGSA,A,3,01,02,03,09,31,,,,,,,,3.26,1.40,2.95,1*18
$GPGSV,3,1,10,1,60,354,41,2,34,005,48,3,60,178,25,6,00,214,,1*66
$GPGSV,3,2,10,9,25,277,18,16,08,054,,17,11,267,,22,,,25,1*6D
$GPGSV,3,3,10,28,14,140,,31,40,126,44,1*6C
$GPRMC,020350.10,A,3001.73646,S,05112.73775,W,0.17,0.00,090926,,,A,V*28
$GPGGA,020351.10,3001.73647,S,05112.73770,W,1,05,1.40,80.15,M,,M,,*45
$GPGLL,3001.73647,S,05112.73770,W,020351.10,A,A*62
$GPGSA,A,3,01,02,03,09,31,,,,,,,,3.26,1.40,2.95,1*18
$GPGSV,3,1,10,1,60,354,41,2,34,005,48,3,60,178,25,6,00,214,,1*66
$GPGSV,3,2,10,9,25,277,19,16,08,054,,17,11,267,,22,,,25,1*6C
$GPGSV,3,3,10,28,14,140,,31,40,126,44,1*6C
$GPRMC,020351.10,A,3001.73647,S,05112.73770,W,0.43,0.00,090926,,,A,V*2C
$GPGGA,020352.10,3001.73656,S,05112.73772,W,1,05,1.40,80.21,M,,M,,*43
$GPGLL,3001.73656,S,05112.73772,W,020352.10,A,A*63
$GPGSA,A,3,01,02,03,09,31,,,,,,,,3.26,1.40,2.95,1*18
$GPGSV,3,1,10,1,60,354,41,2,34,005,48,3,60,178,25,6,00,214,,1*66
$GPGSV,3,2,10,9,25,277,20,16,08,054,,17,11,267,,22,,,25,1*66
$GPGSV,3,3,10,28,14,140,,31,40,126,44,1*6C
$GPRMC,020352.10,A,3001.73656,S,05112.73772,W,0.43,0.00,090926,,,A,V*2D
$GPGGA,020353.10,3001.73639,S,05112.73720,W,1,05,1.40,80.98,M,,M,,*4E
$GPGLL,3001.73639,S,05112.73720,W,020353.10,A,A*6C
$GPGSA,A,3,01,02,03,09,31,,,,,,,,3.26,1.40,2.95,1*18
$GPGSV,3,1,10,1,60,354,41,2,34,005,49,3,60,178,25,4,,,28,1*58
$GPGSV,3,2,10,6,00,214,,9,25,277,21,16,08,054,,17,11,267,,1*61
$GPGSV,3,3,10,28,14,140,,31,40,126,44,1*6C
$GPRMC,020353.10,A,3001.73639,S,05112.73720,W,0.33,0.00,090926,,,A,V*25
$GPGGA,020354.10,3001.73644,S,05112.73715,W,1,05,1.40,80.86,M,,M,,*4A
$GPGLL,3001.73644,S,05112.73715,W,020354.10,A,A*67
$GPGSA,A,3,01,02,03,09,31,,,,,,,,3.26,1.40,2.95,1*18
$GPGSV,3,1,10,1,60,354,41,2,34,005,48,3,60,178,25,4,,,25,1*54
$GPGSV,3,2,10,6,00,214,,9,25,277,21,16,08,054,,17,11,267,,1*61
$GPGSV,3,3,10,28,14,140,,31,40,126,43,1*6B
$GPRMC,020354.10,A,3001.73644,S,05112.73715,W,0.31,0.00,090926,,,A,V*2C
$GPGGA,020355.10,3001.73630,S,05112.73691,W,1,05,1.40,81.64,M,,M,,*48
$GPGLL,3001.73630,S,05112.73691,W,020355.10,A,A*68
$GPGSA,A,3,01,02,03,09,31,,,,,,,,3.26,1.40,2.95,1*18
$GPGSV,3,1,10,1,60,354,41,2,34,005,48,3,60,178,25,4,,,25,1*54
$GPGSV,3,2,10,6,00,214,,9,25,277,22,16,08,054,,17,11,267,,1*62
$GPGSV,3,3,10,28,14,140,,31,40,126,43,1*6B
$GPRMC,020355.10,A,3001.73630,S,05112.73691,W,0.22,0.00,090926,,,A,V*21
$GPGGA,020356.10,3001.73619,S,05112.73653,W,1,05,1.40,82.13,M,,M,,*4D
$GPGLL,3001.73619,S,05112.73653,W,020356.10,A,A*6E
$GPGSA,A,3,01,02,03,09,31,,,,,,,,3.26,1.40,2.95,1*18
$GPGSV,3,1,11,1,60,354,41,2,34,005,48,3,60,178,25,4,,,25,1*55
$GPGSV,3,2,11,6,00,214,,8,,,27,9,25,277,22,16,08,054,,1*6B
$GPGSV,3,3,11,17,11,267,,28,14,140,,31,40,126,43,1*5F
$GPRMC,020356.10,A,3001.73619,S,05112.73653,W,0.12,0.00,090926,,,A,V*24
$GPGGA,020357.10,3001.73622,S,05112.73649,W,1,05,1.40,82.24,M,,M,,*4B
$GPGLL,3001.73622,S,05112.73649,W,020357.10,A,A*6C
$GPGSA,A,3,01,02,03,09,31,,,,,,,,3.26,1.40,2.95,1*18
$GPGSV,4,1,13,1,60,354,41,2,34,005,48,3,60,178,25,4,,,27,1*52
$GPGSV,4,2,13,6,00,214,,8,,,25,9,25,277,22,16,08,054,,1*6C
$GPGSV,4,3,13,17,11,267,,22,,,29,24,,,26,28,14,140,,1*67
$GPGSV,4,4,13,31,40,126,43,1*52
$GPRMC,020357.10,A,3001.73622,S,05112.73649,W,0.23,0.00,090926,,,A,V*24
$GPGGA,020358.10,3001.73633,S,05112.73674,W,1,05,1.40,82.48,M,,M,,*40
$GPGLL,3001.73633,S,05112.73674,W,020358.10,A,A*6D
$GPGSA,A,3,01,02,03,09,31,,,,,,,,3.26,1.40,2.95,1*18
$GPGSV,4,1,13,1,60,354,41,2,34,005,48,3,60,178,24,4,,,26,1*52
$GPGSV,4,2,13,6,00,214,,8,,,26,9,25,277,23,16,08,054,,1*6E
$GPGSV,4,3,13,17,11,267,,22,,,25,24,,,25,28,14,140,,1*68
$GPGSV,4,4,13,31,40,126,43,1*52
$GPRMC,020358.10,A,3001.73633,S,05112.73674,W,0.03,0.00,090926,,,A,V*27
$GPGGA,020359.10,3001.73648,S,05112.73699,W,1,05,1.40,82.47,M,,M,,*41
$GPGLL,3001.73648,S,05112.73699,W,020359.10,A,A*63
$GPGSA,A,3,01,02,03,09,31,,,,,,,,3.26,1.40,2.95,1*18
$GPGSV,3,1,11,1,60,354,40,2,34,005,48,3,60,178,25,6,00,214,,1*66
$GPGSV,3,2,11,9,25,277,23,16,08,054,,17,11,267,,22,,,25,1*64
$GPGSV,3,3,11,24,,,25,28,14,140,,31,40,126,43,1*6B
$GPRMC,020359.10,A,3001.73648,S,05112.73699,W,0.40,0.00,090926,,,A,V*2E
$GPGGA,020400.10,3001.73648,S,05112.73697,W,1,05,1.40,82.37,M,,M,,*43
$GPGLL,3001.73648,S,05112.73697,W,020400.10,A,A*66
$GPGSA,A,3,01,02,03,09,31,,,,,,,,3.26,1.40,2.95,1*18
$GPGSV,3,1,12,1,60,354,40,2,34,005,48,3,60,178,24,6,00,214,,1*64
$GPGSV,3,2,12,8,,,26,9,25,277,22,16,08,054,,17,11,267,,1*5D
$GPGSV,3,3,12,22,,,25,24,,,25,28,14,140,,31,40,126,43,1*6F
$GPRMC,020400.10,A,3001.73648,S,05112.73697,W,0.15,0.00,090926,,,A,V*2B
$GPGGA,020401.10,3001.73652,S,05112.73704,W,1,05,1.40,82.78,M,,M,,*49
$GPGLL,3001.73652,S,05112.73704,W,020401.10,A,A*67
$GPGSA,A,3,01,02,03,09,31,,,,,,,,3.26,1.40,2.95,1*18
$GPGSV,3,1,10,1,60,354,40,2,34,005,48,3,60,178,24,6,00,214,,1*66
$GPGSV,3,2,10,8,,,25,9,25,277,23,16,08,054,,17,11,267,,1*5D
$GPGSV,3,3,10,28,14,140,,31,40,126,43,1*6B
$GPRMC,020401.10,A,3001.73652,S,05112.73704,W,0.38,0.00,090926,,,A,V*25
$GPGGA,020402.10,3001.73666,S,05112.73739,W,1,05,1.40,82.89,M,,M,,*4D
$GPGLL,3001.73666,S,05112.73739,W,020402.10,A,A*6D
$GPGSA,A,3,01,02,03,09,31,,,,,,,,3.26,1.40,2.95,1*18
$GPGSV,3,1,11,1,60,354,40,2,34,005,48,3,60,178,25,6,00,214,,1*66
$GPGSV,3,2,11,8,,,25,9,25,277,23,16,08,054,,17,11,267,,1*5C
$GPGSV,3,3,11,27,,,26,28,14,140,,31,40,126,43,1*6B
$GPRMC,020402.10,A,3001.73666,S,05112.73739,W,0.62,0.00,090926,,,A,V*20
$GPGGA,020403.10,3001.73668,S,05112.73755,W,1,05,1.40,83.30,M,,M,,*4B
$GPGLL,3001.73668,S,05112.73755,W,020403.10,A,A*68
$GPGSA,A,3,01,02,03,09,31,,,,,,,,3.26,1.40,2.95,1*18
$GPGSV,3,1,9,1,60,354,40,2,34,005,48,3,60,178,25,6,00,214,,1*5F
$GPGSV,3,2,9,9,25,277,23,16,08,054,,17,11,267,,28,14,140,,1*60
$GPGSV,3,3,9,31,40,126,43,1*69
$GPRMC,020403.10,A,3001.73668,S,05112.73755,W,0.83,0.00,090926,,,A,V*2A
$GPGGA,020404.10,3001.73670,S,05112.73751,W,1,05,1.40,83.50,M,,M,,*47
$GPGLL,3001.73670,S,05112.73751,W,020404.10,A,A*62
$GPGSA,A,3,01,02,03,09,31,,,,,,,,3.26,1.40,2.95,1*18
$GPGSV,3,1,10,1,60,354,40,2,34,005,48,3,60,178,25,6,00,214,,1*67
$GPGSV,3,2,10,9,25,277,23,16,08,054,,17,11,267,,22,,,28,1*68
$GPGSV,3,3,10,28,14,140,,31,40,126,43,1*6B
$GPRMC,020404.10,A,3001.73670,S,05112.73751,W,0.20,0.00,090926,,,A,V*29
$GPGGA,020405.10,3001.73656,S,05112.73725,W,1,05,1.40,84.07,M,,M,,*44
$GPGLL,3001.73656,S,05112.73725,W,020405.10,A,A*64
$GPGSA,A,3,01,02,03,09,31,,,,,,,,3.26,1.40,2.94,1*19
$GPGSV,3,1,10,1,60,354,40,2,34,005,48,3,60,178,25,6,00,214,,1*67
$GPGSV,3,2,10,9,25,277,23,16,08,054,,17,11,267,,22,,,26,1*66
$GPGSV,3,3,10,28,14,140,,31,40,126,43,1*6B
$GPRMC,020405.10,A,3001.73656,S,05112.73725,W,0.26,0.00,090926,,,A,V*29
$GPGGA,020406.10,3001.73647,S,05112.73705,W,1,05,1.40,84.45,M,,M,,*43
$GPGLL,3001.73647,S,05112.73705,W,020406.10,A,A*65
$GPGSA,A,3,01,02,03,09,31,,,,,,,,3.26,1.40,2.94,1*19
$GPGSV,3,1,10,1,60,354,41,2,34,005,48,3,60,178,25,6,00,214,,1*66
$GPGSV,3,2,10,9,25,277,23,16,08,054,,17,11,267,,22,,,25,1*65
$GPGSV,3,3,10,28,14,140,,31,40,126,43,1*6B
$GPRMC,020406.10,A,3001.73647,S,05112.73705,W,0.29,0.00,090926,,,A,V*27
$GPGGA,020407.10,3001.73639,S,05112.73676,W,1,05,1.40,84.87,M,,M,,*40
$GPGLL,3001.73639,S,05112.73676,W,020407.10,A,A*68
$GPGSA,A,3,01,02,03,09,31,,,,,,,,3.26,1.40,2.94,1*19
$GPGSV,3,1,10,1,60,354,41,2,34,005,48,3,60,178,25,6,00,214,,1*66
$GPGSV,3,2,10,9,25,277,23,16,08,054,,17,11,267,,22,,,25,1*65
$GPGSV,3,3,10,28,14,140,,31,40,126,43,1*6B
$GPRMC,020407.10,A,3001.73639,S,05112.73676,W,0.11,0.00,090926,,,A,V*21
$GPGGA,020408.10,3001.73630,S,05112.73649,W,1,05,1.40,85.24,M,,M,,*42
$GPGLL,3001.73630,S,05112.73649,W,020408.10,A,A*62
$GPGSA,A,3,01,02,03,09,31,,,,,,,,3.26,1.40,2.94,1*19
$GPGSV,3,1,10,1,60,354,41,2,34,005,48,3,60,178,25,6,00,214,,1*66
$GPGSV,3,2,10,9,25,277,23,16,08,054,,17,11,267,,19,,,27,1*6F
$GPGSV,3,3,10,28,14,140,,31,40,126,43,1*6B
$GPRMC,020408.10,A,3001.73630,S,05112.73649,W,0.10,0.00,090926,,,A,V*2A
$GPGGA,020409.10,3001.73642,S,05112.73669,W,1,05,1.40,85.19,M,,M,,*4A
$GPGLL,3001.73642,S,05112.73669,W,020409.10,A,A*64
$GPGSA,A,3,01,02,03,09,31,,,,,,,,3.26,1.40,2.94,1*19
$GPGSV,3,1,10,1,60,354,41,2,34,005,48,3,60,178,25,5,,,28,1*58
$GPGSV,3,2,10,6,00,214,,9,25,277,23,16,08,054,,17,11,267,,1*63
$GPGSV,3,3,10,28,14,140,,31,40,126,43,1*6B
$GPRMC,020409.10,A,3001.73642,S,05112.73669,W,0.23,0.00,090926,,,A,V*2C
$GPGGA,020410.10,3001.73649,S,05112.73683,W,1,05,1.40,85.10,M,,M,,*44
$GPGLL,3001.73649,S,05112.73683,W,020410.10,A,A*63
$GPGSA,A,3,01,02,03,09,31,,,,,,,,3.26,1.40,2.94,1*19
$GPGSV,3,1,10,1,60,354,41,2,34,005,48,3,60,178,25,5,,,25,1*55
$GPGSV,3,2,10,6,00,214,,9,25,277,23,16,08,054,,17,11,267,,1*63
$GPGSV,3,3,10,28,14,140,,31,40,126,43,1*6B
$GPRMC,020410.10,A,3001.73649,S,05112.73683,W,0.65,0.00,090926,,,A,V*29
$GPGGA,020411.10,3001.73651,S,05112.73693,W,1,05,1.40,85.10,M,,M,,*4D
$GPGLL,3001.73651,S,05112.73693,W,020411.10,A,A*6A
$GPGSA,A,3,01,02,03,09,31,,,,,,,,3.26,1.40,2.94,1*19
$GPGSV,3,1,12,1,60,354,41,2,34,005,48,3,60,178,26,4,,,27,1*57
$GPGSV,3,2,12,5,,,25,6,00,214,,9,25,277,22,16,08,054,,1*67
$GPGSV,3,3,12,17,11,267,,22,,,28,28,14,140,,31,40,126,44,1*51
$GPRMC,020411.10,A,3001.73651,S,05112.73693,W,0.15,0.00,090926,,,A,V*27
$GPGGA,020412.10,3001.73664,S,05112.73720,W,1,05,1.40,85.22,M,,M,,*40
$GPGLL,3001.73664,S,05112.73720,W,020412.10,A,A*66
$GPGSA,A,3,01,02,03,09,31,,,,,,,,3.26,1.40,2.94,1*19
$GPGSV,3,1,11,1,60,354,41,2,34,005,48,3,60,178,26,5,,,25,1*57
$GPGSV,3,2,11,6,00,214,,9,25,277,23,16,08,054,,17,11,267,,1*62
$GPGSV,3,3,11,22,,,26,28,14,140,,31,40,126,43,1*6E
$GPRMC,020412.10,A,3001.73664,S,05112.73720,W,0.71,0.00,090926,,,A,V*29
$GPGGA,020413.10,3001.73664,S,05112.73715,W,1,05,1.40,85.17,M,,M,,*41
$GPGLL,3001.73664,S,05112.73715,W,020413.10,A,A*61
$GPGSA,A,3,01,02,03,09,31,,,,,,,,3.26,1.40,2.94,1*19
$GPGSV,3,1,11,1,60,354,41,2,34,005,48,3,60,178,26,6,00,214,,1*64
$GPGSV,3,2,11,9,25,277,23,16,08,054,,17,11,267,,22,,,25,1*64
$GPGSV,3,3,11,27,,,26,28,14,140,,31,40,126,43,1*6B
$GPRMC,020413.10,A,3001.73664,S,05112.73715,W,0.61,0.00,090926,,,A,V*2F
$GPGGA,020414.10,3001.73672,S,05112.73716,W,1,05,1.40,84.85,M,,M,,*48
$GPGLL,3001.73672,S,05112.73716,W,020414.10,A,A*62
$GPGSA,A,3,01,02,03,09,31,,,,,,,,3.26,1.40,2.94,1*19
$GPGSV,3,1,11,1,60,354,41,2,34,005,48,3,60,178,25,6,00,214,,1*67
$GPGSV,3,2,11,9,25,277,23,16,08,054,,17,11,267,,22,,,25,1*64
$GPGSV,3,3,11,27,,,25,28,14,140,,31,40,126,43,1*68
$GPRMC,020414.10,A,3001.73672,S,05112.73716,W,0.21,0.00,090926,,,A,V*28
$GPGGA,020415.10,3001.73664,S,05112.73710,W,1,05,1.40,85.23,M,,M,,*45
$GPGLL,3001.73664,S,05112.73710,W,020415.10,A,A*62
$GPGSA,A,3,01,02,03,09,31,,,,,,,,3.26,1.40,2.94,1*19
$GPGSV,3,1,11,1,60,354,40,2,34,005,48,3,60,178,25,6,00,214,,1*66
$GPGSV,3,2,11,9,25,277,23,16,08,054,,17,11,267,,22,,,28,1*69
$GPGSV,3,3,11,27,,,25,28,14,140,,31,40,126,43,1*68
$GPRMC,020415.10,A,3001.73664,S,05112.73710,W,0.57,0.00,090926,,,A,V*29
$GPGGA,020416.10,3001.73661,S,05112.73679,W,1,05,1.40,84.97,M,,M,,*43
$GPGLL,3001.73661,S,05112.73679,W,020416.10,A,A*6A
$GPGSA,A,3,01,02,03,09,31,,,,,,,,3.26,1.40,2.94,1*19
$GPGSV,3,1,12,1,60,354,41,2,34,005,48,3,60,178,25,6,00,214,,1*64
$GPGSV,3,2,12,7,,,28,9,25,277,23,16,08,054,,17,11,267,,1*5D
$GPGSV,3,3,12,22,,,26,27,,,25,28,14,140,,31,40,126,42,1*6E
$GPRMC,020416.10,A,3001.73661,S,05112.73679,W,0.11,0.00,090926,,,A,V*23
$GPGGA,020417.10,3001.73661,S,05112.73665,W,1,05,1.40,85.00,M,,M,,*40
$GPGLL,3001.73661,S,05112.73665,W,020417.10,A,A*66
$GPGSA,A,3,01,02,03,09,31,,,,,,,,3.26,1.40,2.94,1*19
$GPGSV,3,1,11,1,60,354,41,2,34,005,49,3,60,178,25,6,00,214,,1*66
$GPGSV,3,2,11,7,,,25,9,25,277,23,16,08,054,,17,11,267,,1*53
$GPGSV,3,3,11,22,,,25,28,14,140,,31,40,126,42,1*6C
$GPRMC,020417.10,A,3001.73661,S,05112.73665,W,0.36,0.00,090926,,,A,V*2A
$GPGGA,020418.10,3001.73667,S,05112.73651,W,1,05,1.40,84.79,M,,M,,*41
$GPGLL,3001.73667,S,05112.73651,W,020418.10,A,A*68
$GPGSA,A,3,01,02,03,09,31,,,,,,,,3.26,1.40,2.94,1*19
$GPGSV,3,1,11,1,60,354,41,2,34,005,48,3,60,178,25,6,00,214,,1*67
$GPGSV,3,2,11,7,,,25,9,25,277,23,16,08,054,,17,11,267,,1*53
$GPGSV,3,3,11,22,,,25,28,14,140,,31,40,126,42,1*6C
$GPRMC,020418.10,A,3001.73667,S,05112.73651,W,0.12,0.00,090926,,,A,V*22
$GPGGA,020419.10,3001.73683,S,05112.73673,W,1,05,1.40,84.50,M,,M,,*41
$GPGLL,3001.73683,S,05112.73673,W,020419.10,A,A*63
$GPGSA,A,3,01,02,03,09,31,,,,,,,,3.26,1.40,2.94,1*19
$GPGSV,3,1,10,1,60,354,41,2,34,005,49,3,60,178,25,6,00,214,,1*67
$GPGSV,3,2,10,7,,,25,9,25,277,23,16,08,054,,17,11,267,,1*52
$GPGSV,3,3,10,28,14,140,,31,40,126,42,1*6A
$GPRMC,020419.10,A,3001.73683,S,05112.73673,W,0.38,0.00,090926,,,A,V*21
$GPGGA,020420.10,3001.73688,S,05112.73670,W,1,05,1.40,84.43,M,,M,,*41
$GPGLL,3001.73688,S,05112.73670,W,020420.10,A,A*61
$GPGSA,A,3,01,02,03,09,31,,,,,,,,3.26,1.40,2.94,1*19
$GPGSV,3,1,9,1,60,354,41,2,34,005,48,3,60,178,25,6,00,214,,1*5E
$GPGSV,3,2,9,9,25,277,23,16,08,054,,17,11,267,,28,14,140,,1*60
$GPGSV,3,3,9,31,40,126,42,1*68
$GPRMC,020420.10,A,3001.73688,S,05112.73670,W,0.74,0.00,090926,,,A,V*2B
$GPGGA,020421.10,3001.73693,S,05112.73684,W,1,05,1.40,84.14,M,,M,,*43
$GPGLL,3001.73693,S,05112.73684,W,020421.10,A,A*61
$GPGSA,A,3,01,02,03,09,31,,,,,,,,3.26,1.40,2.94,1*19
$GPGSV,3,1,10,1,60,354,41,2,34,005,48,3,60,178,25,6,00,214,,1*66
$GPGSV,3,2,10,9,25,277,23,16,08,054,,17,11,267,,28,14,140,,1*58
$GPGSV,3,3,10,31,40,126,43,200,,,28,1*69
$GPRMC,020421.10,A,3001.73693,S,05112.73684,W,0.37,0.00,090926,,,A,V*2C
$GPGGA,020422.10,3001.73686,S,05112.73672,W,1,05,1.40,83.89,M,,M,,*4E
$GPGLL,3001.73686,S,05112.73672,W,020422.10,A,A*6F
$GPGSA,A,3,01,02,03,09,31,,,,,,,,3.26,1.40,2.94,1*19
$GPGSV,3,1,11,1,60,354,41,2,34,005,49,3,60,178,25,6,00,214,,1*66
$GPGSV,3,2,11,9,25,277,23,16,08,054,,17,11,267,,20,,,27,1*64
$GPGSV,3,3,11,28,14,140,,31,40,126,43,200,,,25,1*5F
$GPRMC,020422.10,A,3001.73686,S,05112.73672,W,0.09,0.00,090926,,,A,V*2F
$GPGGA,020423.10,3001.73687,S,05112.73671,W,1,05,1.40,83.67,M,,M,,*4D
$GPGLL,3001.73687,S,05112.73671,W,020423.10,A,A*6C
$GPGSA,A,3,01,02,03,09,31,,,,,,,,3.26,1.40,2.94,1*19
$GPGSV,4,1,13,1,60,354,41,2,34,005,49,3,60,178,24,6,00,214,,1*62
$GPGSV,4,2,13,7,,,25,9,25,277,23,16,08,054,,17,11,267,,1*56
$GPGSV,4,3,13,20,,,25,22,,,26,28,14,140,,31,40,126,43,1*6E
$GPGSV,4,4,13,200,,,25,1*53
$GPRMC,020423.10,A,3001.73687,S,05112.73671,W,0.70,0.00,090926,,,A,V*22
$GPGGA,020424.10,3001.73697,S,05112.73686,W,1,05,1.40,83.71,M,,M,,*44
$GPGLL,3001.73697,S,05112.73686,W,020424.10,A,A*62
$GPGSA,A,3,01,02,03,09,31,,,,,,,,3.26,1.40,2.94,1*19
$GPGSV,3,1,11,1,60,354,41,2,34,005,49,3,60,178,25,6,00,214,,1*66
$GPGSV,3,2,11,7,,,24,9,25,277,23,16,08,054,,17,11,267,,1*52
$GPGSV,3,3,11,20,,,25,28,14,140,,31,40,126,43,1*6F
$GPRMC,020424.10,A,3001.73697,S,05112.73686,W,0.38,0.00,090926,,,A,V*20
$GPGGA,020425.10,3001.73700,S,05112.73694,W,1,05,1.40,83.35,M,,M,,*49
$GPGLL,3001.73700,S,05112.73694,W,020425.10,A,A*6F
$GPGSA,A,3,01,02,03,09,31,,,,,,,,3.26,1.40,2.94,1*19
$GPGSV,3,1,12,1,60,354,41,2,34,005,48,3,60,178,24,4,,,26,1*54
$GPGSV,3,2,12,6,00,214,,7,,,25,9,25,277,22,16,08,054,,1*65
$GPGSV,3,3,12,17,11,267,,20,,,25,28,14,140,,31,40,126,43,1*59
$GPRMC,020425.10,A,3001.73700,S,05112.73694,W,0.09,0.00,090926,,,A,V*2F
$GPGGA,020426.10,3001.73698,S,05112.73691,W,1,05,1.40,83.43,M,,M,,*4E
$GPGLL,3001.73698,S,05112.73691,W,020426.10,A,A*69
$GPGSA,A,3,01,02,03,09,31,,,,,,,,3.26,1.40,2.94,1*19
$GPGSV,3,1,11,1,60,354,41,2,34,005,48,3,60,178,24,6,00,214,,1*66
$GPGSV,3,2,11,7,,,25,9,25,277,22,16,08,054,,17,11,267,,1*52
$GPGSV,3,3,11,20,,,28,28,14,140,,31,40,126,43,1*62
$GPRMC,020426.10,A,3001.73698,S,05112.73691,W,0.54,0.00,090926,,,A,V*21
$GPGGA,020427.10,3001.73699,S,05112.73703,W,1,05,1.40,83.05,M,,M,,*46
$GPGLL,3001.73699,S,05112.73703,W,020427.10,A,A*63
$GPGSA,A,3,01,02,03,09,31,,,,,,,,3.26,1.40,2.94,1*19
$GPGSV,3,1,11,1,60,354,42,2,34,005,48,3,60,178,24,6,00,214,,1*65
$GPGSV,3,2,11,9,25,277,22,16,08,054,,17,11,267,,20,,,25,1*67
$GPGSV,3,3,11,22,,,27,28,14,140,,31,40,126,44,1*68
$GPRMC,020427.10,A,3001.73699,S,05112.73703,W,0.13,0.00,090926,,,A,V*28
$GPGGA,020428.10,3001.73696,S,05112.73707,W,1,05,1.40,82.75,M,,M,,*44
$GPGLL,3001.73696,S,05112.73707,W,020428.10,A,A*67
$GPGSA,A,3,01,02,03,09,31,,,,,,,,3.26,1.40,2.94,1*19
$GPGSV,3,1,12,1,60,354,42,2,34,005,49,3,60,178,24,6,00,214,,1*67
$GPGSV,3,2,12,9,25,277,21,16,08,054,,17,11,267,,20,,,25,1*67
$GPGSV,3,3,12,22,,,25,28,14,140,,31,40,126,44,200,,,31,1*59
$GPRMC,020428.10,A,3001.73696,S,05112.73707,W,0.10,0.00,090926,,,A,V*2F
$GPGGA,020429.10,3001.73687,S,05112.73689,W,1,05,1.40,82.46,M,,M,,*42
$GPGLL,3001.73687,S,05112.73689,W,020429.10,A,A*61
$GPGSA,A,3,01,02,03,09,31,,,,,,,,3.26,1.40,2.94,1*19
$GPGSV,3,1,12,1,60,354,42,2,34,005,49,3,60,178,25,6,00,214,,1*66
$GPGSV,3,2,12,9,25,277,21,16,08,054,,17,11,267,,20,,,24,1*66
$GPGSV,3,3,12,22,,,25,28,14,140,,31,40,126,44,200,,,27,1*5E
$GPRMC,020429.10,A,3001.73687,S,05112.73689,W,0.10,0.00,090926,,,A,V*29
$GPGGA,020430.10,3001.73681,S,05112.73681,W,1,05,1.40,82.40,M,,M,,*42
$GPGLL,3001.73681,S,05112.73681,W,020430.10,A,A*67
$GPGSA,A,3,01,02,03,09,31,,,,,,,,3.26,1.40,2.94,1*19
$GPGSV,3,1,11,1,60,354,42,2,34,005,49,3,60,178,25,6,00,214,,1*65
$GPGSV,3,2,11,9,25,277,21,12,,,26,16,08,054,,17,11,267,,1*66
$GPGSV,3,3,11,22,,,24,28,14,140,,31,40,126,44,1*6B
$GPRMC,020430.10,A,3001.73681,S,05112.73681,W,0.00,0.00,090926,,,A,V*2E
$GPGGA,020431.10,3001.73675,S,05112.73659,W,1,05,1.40,82.45,M,,M,,*48
$GPGLL,3001.73675,S,05112.73659,W,020431.10,A,A*68
$GPGSA,A,3,01,02,03,09,31,,,,,,,,3.26,1.40,2.94,1*19
$GPGSV,3,1,10,1,60,354,42,2,34,005,49,3,60,178,25,6,00,214,,1*64
$GPGSV,3,2,10,9,25,277,22,12,,,25,16,08,054,,17,11,267,,1*67
$GPGSV,3,3,10,28,14,140,,31,40,126,44,1*6C
$GPRMC,020431.10,A,3001.73675,S,05112.73659,W,0.38,0.00,090926,,,A,V*2A
$GPGGA,020432.10,3001.73674,S,05112.73652,W,1,05,1.40,82.08,M,,M,,*48
$GPGLL,3001.73674,S,05112.73652,W,020432.10,A,A*61
$GPGSA,A,3,01,02,03,09,31,,,,,,,,3.26,1.40,2.94,1*19
$GPGSV,3,1,11,1,60,354,42,2,34,005,49,3,60,178,25,5,,,26,1*55
$GPGSV,3,2,11,6,00,214,,9,25,277,21,12,,,25,16,08,054,,1*51
$GPGSV,3,3,11,17,11,267,,28,14,140,,31,40,126,44,1*58
$GPRMC,020432.10,A,3001.73674,S,05112.73652,W,0.19,0.00,090926,,,A,V*20
$GPGGA,020433.10,3001.73679,S,05112.73667,W,1,05,1.40,81.48,M,,M,,*45
$GPGLL,3001.73679,S,05112.73667,W,020433.10,A,A*6B
$GPGSA,A,3,01,02,03,09,31,,,,,,,,3.26,1.40,2.94,1*19
$GPGSV,3,1,12,1,60,354,42,2,34,005,49,3,60,178,26,5,,,25,1*56
$GPGSV,3,2,12,6,00,214,,9,25,277,21,12,,,25,16,08,054,,1*52
$GPGSV,3,3,12,17,11,267,,19,,,26,28,14,140,,31,40,126,44,1*57
$GPRMC,020433.10,A,3001.73679,S,05112.73667,W,0.11,0.00,090926,,,A,V*22
$GPGGA,020434.10,3001.73670,S,05112.73657,W,1,05,1.40,81.37,M,,M,,*40
$GPGLL,3001.73670,S,05112.73657,W,020434.10,A,A*66
$GPGSA,A,3,01,02,03,09,31,,,,,,,,3.26,1.40,2.94,1*19
$GPGSV,3,1,10,1,60,354,42,2,34,005,49,3,60,178,26,6,00,214,,1*67
$GPGSV,3,2,10,9,25,277,20,16,08,054,,17,11,267,,22,,,29,1*6A
$GPGSV,3,3,10,28,14,140,,31,40,126,44,1*6C
$GPRMC,020434.10,A,3001.73670,S,05112.73657,W,0.74,0.00,090926,,,A,V*2C
$GPGGA,020435.10,3001.73680,S,05112.73694,W,1,05,1.40,80.50,M,,M,,*41
$GPGLL,3001.73680,S,05112.73694,W,020435.10,A,A*67
$GPGSA,A,3,01,02,03,09,31,,,,,,,,3.26,1.40,2.94,1*19
$GPGSV,3,1,10,1,60,354,42,2,34,005,48,3,60,178,26,6,00,214,,1*66
$GPGSV,3,2,10,9,25,277,20,16,08,054,,17,11,267,,22,,,25,1*66
$GPGSV,3,3,10,28,14,140,,31,40,126,43,1*6B
$GPRMC,020435.10,A,3001.73680,S,05112.73694,W,0.53,0.00,090926,,,A,V*28
$GPGGA,020436.10,3001.73683,S,05112.73698,W,1,05,1.40,80.20,M,,M,,*4A
$GPGLL,3001.73683,S,05112.73698,W,020436.10,A,A*6B
$GPGSA,A,3,01,02,03,09,31,,,,,,,,3.26,1.40,2.94,1*19
$GPGSV,3,1,10,1,60,354,42,2,34,005,49,3,60,178,26,4,,,28,1*58
$GPGSV,3,2,10,6,00,214,,9,25,277,20,16,08,054,,17,11,267,,1*60
$GPGSV,3,3,10,28,14,140,,31,40,126,43,1*6B
$GPRMC,020436.10,A,3001.73683,S,05112.73698,W,0.54,0.00,090926,,,A,V*23
$GPGGA,020437.10,3001.73681,S,05112.73704,W,1,05,1.39,79.83,M,,M,,*4C
$GPGLL,3001.73681,S,05112.73704,W,020437.10,A,A*6C
$GPGSA,A,3,01,02,03,09,31,,,,,,,,3.26,1.39,2.94,1*17
$GPGSV,3,1,10,1,60,354,42,2,34,005,49,3,60,178,26,4,,,25,1*55
$GPGSV,3,2,10,6,00,214,,9,25,277,20,16,08,054,27,17,11,267,,1*65
$GPGSV,3,3,10,28,14,140,,31,40,126,43,1*6B
$GPRMC,020437.10,A,3001.73681,S,05112.73704,W,0.24,0.00,090926,,,A,V*23
$GPGGA,020438.10,3001.73684,S,05112.73711,W,1,05,1.39,79.59,M,,M,,*45
$GPGLL,3001.73684,S,05112.73711,W,020438.10,A,A*62
$GPGSA,A,3,01,02,03,09,31,,,,,,,,3.26,1.39,2.94,1*17
$GPGSV,3,1,11,1,60,354,42,2,34,005,49,3,60,178,26,4,,,24,1*55
$GPGSV,3,2,11,6,00,214,,9,25,277,19,16,08,054,25,17,11,267,,1*6C
$GPGSV,3,3,11,23,,,26,28,14,140,,31,40,126,43,1*6F
$GPRMC,020438.10,A,3001.73684,S,05112.73711,W,0.06,0.00,090926,,,A,V*2D
$GPGGA,020439.10,3001.73687,S,05112.73718,W,1,05,1.39,79.15,M,,M,,*46
$GPGLL,3001.73687,S,05112.73718,W,020439.10,A,A*69
$GPGSA,A,3,01,02,03,09,31,,,,,,,,3.26,1.39,2.94,1*17
$GPGSV,3,1,11,1,60,354,41,2,34,005,49,3,60,178,26,4,,,24,1*56
$GPGSV,3,2,11,6,00,214,,9,25,277,19,16,08,054,24,17,11,267,,1*6D
$GPGSV,3,3,11,23,,,25,28,14,140,,31,40,126,44,1*6B
$GPRMC,020439.10,A,3001.73687,S,05112.73718,W,0.14,0.00,090926,,,A,V*25
$GPGGA,020440.10,3001.73683,S,05112.73713,W,1,05,1.39,78.94,M,,M,,*4F
$GPGLL,3001.73683,S,05112.73713,W,020440.10,A,A*68
$GPGSA,A,3,01,02,03,09,31,,,,,,,,3.26,1.39,2.94,1*17
$GPGSV,3,1,11,1,60,354,41,2,34,005,49,3,60,178,26,6,00,214,,1*65
$GPGSV,3,2,11,9,25,277,20,16,08,054,24,17,11,267,,23,,,25,1*60
$GPGSV,3,3,11,28,14,140,,31,40,126,44,201,,,26,1*5A
$GPRMC,020440.10,A,3001.73683,S,05112.73713,W,0.19,0.00,090926,,,A,V*29
$GPGGA,020441.10,3001.73692,S,05112.73736,W,1,05,1.39,78.40,M,,M,,*40
$GPGLL,3001.73692,S,05112.73736,W,020441.10,A,A*6E
$GPGSA,A,3,01,02,03,09,31,,,,,,,,3.26,1.39,2.94,1*17
$GPGSV,3,1,12,1,60,354,41,2,34,005,49,3,60,178,26,6,00,214,,1*66
$GPGSV,3,2,12,9,25,277,19,16,08,054,,17,11,267,,22,,,27,1*6C
$GPGSV,3,3,12,23,,,25,28,14,140,,31,40,126,44,201,,,25,1*5C
$GPRMC,020441.10,A,3001.73692,S,05112.73736,W,0.45,0.00,090926,,,A,V*26
$GPGGA,020442.10,3001.73683,S,05112.73704,W,1,05,1.39,78.59,M,,M,,*4A
$GPGLL,3001.73683,S,05112.73704,W,020442.10,A,A*6C
$GPGSA,A,3,01,02,03,09,31,,,,,,,,3.26,1.39,2.94,1*17
$GPGSV,3,1,12,1,60,354,41,2,34,005,49,3,60,178,25,4,,,26,1*54
$GPGSV,3,2,12,6,00,214,,9,25,277,19,16,08,054,,17,11,267,,1*68
$GPGSV,3,3,12,22,,,25,28,14,140,,31,40,126,44,201,,,24,1*5C
$GPRMC,020442.10,A,3001.73683,S,05112.73704,W,0.17,0.00,090926,,,A,V*23
$GPGGA,020443.10,3001.73686,S,05112.73707,W,1,05,1.39,78.15,M,,M,,*45
$GPGLL,3001.73686,S,05112.73707,W,020443.10,A,A*6B
$GPGSA,A,3,01,02,03,09,31,,,,,,,,3.26,1.39,2.94,1*17
$GPGSV,3,1,12,1,60,354,41,2,34,005,49,3,60,178,25,4,,,25,1*57
$GPGSV,3,2,12,6,00,214,,9,25,277,18,16,08,054,,17,11,267,,1*69
$GPGSV,3,3,12,22,,,25,28,14,140,,31,40,126,44,201,,,25,1*5D
$GPRMC,020443.10,A,3001.73686,S,05112.73707,W,0.19,0.00,090926,,,A,V*2A
$GPGGA,020444.10,3001.73689,S,05112.73716,W,1,05,1.39,77.86,M,,M,,*48
$GPGLL,3001.73689,S,05112.73716,W,020444.10,A,A*63
$GPGSA,A,3,01,02,03,09,31,,,,,,,,3.25,1.39,2.94,1*14
$GPGSV,3,1,11,1,60,354,42,2,34,005,49,3,60,177,25,4,,,25,1*58
$GPGSV,3,2,11,6,00,214,,9,25,277,19,16,08,054,,17,11,267,,1*6B
$GPGSV,3,3,11,22,,,25,28,14,140,,31,40,127,44,1*6B
$GPRMC,020444.10,A,3001.73689,S,05112.73716,W,0.27,0.00,090926,,,A,V*2F
$GPGGA,020445.10,3001.73712,S,05112.73764,W,1,05,1.39,77.09,M,,M,,*48
$GPGLL,3001.73712,S,05112.73764,W,020445.10,A,A*64
$GPGSA,A,3,01,02,03,09,31,,,,,,,,3.25,1.39,2.94,1*14
$GPGSV,3,1,11,1,60,354,42,2,34,005,49,3,60,177,25,4,,,25,1*58
$GPGSV,3,2,11,6,00,214,,9,25,277,18,16,08,054,,17,11,267,,1*6A
$GPGSV,3,3,11,22,,,25,28,14,140,26,31,40,127,44,1*6F
$GPRMC,020445.10,A,3001.73712,S,05112.73764,W,0.42,0.00,090926,,,A,V*2B
$GPGGA,020446.10,3001.73710,S,05112.73766,W,1,05,1.39,76.88,M,,M,,*43
$GPGLL,3001.73710,S,05112.73766,W,020446.10,A,A*67
$GPGSA,A,3,01,02,03,09,31,,,,,,,,3.25,1.39,2.94,1*14
$GPGSV,3,1,10,1,60,354,42,2,34,005,49,3,60,177,24,6,00,214,,1*6A
$GPGSV,3,2,10,9,25,277,19,16,08,054,,17,11,267,,22,,,25,1*6C
$GPGSV,3,3,10,28,14,140,14,31,40,127,44,1*68
$GPRMC,020446.10,A,3001.73710,S,05112.73766,W,0.41,0.00,090926,,,A,V*2B
$GPGGA,020447.10,3001.73717,S,05112.73785,W,1,05,1.39,76.32,M,,M,,*49
$GPGLL,3001.73717,S,05112.73785,W,020447.10,A,A*6C
$GPGSA,A,3,01,02,03,09,31,,,,,,,,3.25,1.39,2.94,1*14
$GPGSV,3,1,10,1,60,354,42,2,34,005,49,3,60,177,24,6,00,214,,1*6A
$GPGSV,3,2,10,9,25,277,20,16,08,054,,17,11,267,,22,,,25,1*66
$GPGSV,3,3,10,28,14,140,02,31,40,127,44,1*6F
$GPRMC,020447.10,A,3001.73717,S,05112.73785,W,0.29,0.00,090926,,,A,V*2E
$GPGGA,020448.10,3001.73715,S,05112.73767,W,1,05,1.39,76.11,M,,M,,*49
$GPGLL,3001.73715,S,05112.73767,W,020448.10,A,A*6D
$GPGSA,A,3,01,02,03,09,31,,,,,,,,3.25,1.39,2.94,1*14
$GPGSV,3,1,10,1,60,354,42,2,34,005,49,3,60,177,25,6,00,214,,1*6B
$GPGSV,3,2,10,9,25,277,20,16,08,054,,17,11,267,,22,,,25,1*66
$GPGSV,3,3,10,28,14,140,00,31,40,127,44,1*6D
$GPRMC,020448.10,A,3001.73715,S,05112.73767,W,0.56,0.00,090926,,,A,V*27
$GPGGA,020449.10,3001.73723,S,05112.73790,W,1,05,1.39,75.71,M,,M,,*40
$GPGLL,3001.73723,S,05112.73790,W,020449.10,A,A*61
$GPGSA,A,3,01,02,03,09,31,,,,,,,,3.25,1.39,2.94,1*14
$GPGSV,3,1,9,1,60,354,42,2,34,005,49,3,60,177,25,6,00,214,,1*53
$GPGSV,3,2,9,9,25,277,21,16,08,054,,17,11,267,,28,14,140,,1*62
$GPGSV,3,3,9,31,40,127,44,1*6F
$GPRMC,020449.10,A,3001.73723,S,05112.73790,W,0.71,0.00,090926,,,A,V*2E
$GPGGA,020450.10,3001.73731,S,05112.73805,W,1,05,1.39,74.99,M,,M,,*4F
$GPGLL,3001.73731,S,05112.73805,W,020450.10,A,A*69
$GPGSA,A,3,01,02,03,09,31,,,,,,,,3.25,1.39,2.94,1*14
$GPGSV,3,1,10,1,60,354,42,2,34,005,49,3,60,177,24,6,00,214,,1*6A
$GPGSV,3,2,10,9,25,277,21,16,08,054,,17,11,267,,28,14,140,,1*5A
$GPGSV,3,3,10,31,40,127,44,193,,,26,1*68
$GPRMC,020450.10,A,3001.73731,S,05112.73805,W,0.22,0.00,090926,,,A,V*20
$GPGGA,020451.10,3001.73746,S,05112.73846,W,1,05,1.39,74.51,M,,M,,*4D
$GPGLL,3001.73746,S,05112.73846,W,020451.10,A,A*6F
$GPGSA,A,3,01,02,03,09,31,,,,,,,,3.25,1.39,2.94,1*14
$GPGSV,3,1,10,1,60,354,42,2,34,005,49,3,60,177,25,6,00,214,,1*6B
$GPGSV,3,2,10,9,25,277,21,16,08,054,,17,11,267,,28,14,140,,1*5A
$GPGSV,3,3,10,31,40,127,44,193,,,25,1*6B
$GPRMC,020451.10,A,3001.73746,S,05112.73846,W,0.13,0.00,090926,,,A,V*24
$GPGGA,020452.10,3001.73758,S,05112.73879,W,1,05,1.39,73.93,M,,M,,*44
$GPGLL,3001.73758,S,05112.73879,W,020452.10,A,A*6F
$GPGSA,A,3,01,02,03,09,31,,,,,,,,3.25,1.39,2.94,1*14
$GPGSV,3,1,12,1,60,354,42,2,34,005,49,3,60,177,25,4,,,27,1*59
$GPGSV,3,2,12,6,00,214,,7,,,29,9,25,277,21,16,08,054,,1*6A
$GPGSV,3,3,12,17,11,267,,28,14,140,,31,40,127,44,193,,,24,1*67
$GPRMC,020452.10,A,3001.73758,S,05112.73879,W,0.15,0.00,090926,,,A,V*22
$GPGGA,020453.10,3001.73748,S,05112.73856,W,1,05,1.39,73.87,M,,M,,*4C
$GPGLL,3001.73748,S,05112.73856,W,020453.10,A,A*62
$GPGSA,A,3,01,02,03,09,31,,,,,,,,3.25,1.39,2.94,1*14
$GPGSV,4,1,13,1,60,354,42,2,34,005,49,3,60,177,25,4,,,25,1*5D
$GPGSV,4,2,13,6,00,214,,7,,,26,9,25,277,22,11,,,26,1*5A
$GPGSV,4,3,13,16,08,054,,17,11,267,,28,14,140,,31,40,127,44,1*62
$GPGSV,4,4,13,193,,,24,1*5B
$GPRMC,020453.10,A,3001.73748,S,05112.73856,W,0.36,0.00,090926,,,A,V*2E
$GPGGA,020454.10,3001.73745,S,05112.73854,W,1,05,1.39,73.75,M,,M,,*49
$GPGLL,3001.73745,S,05112.73854,W,020454.10,A,A*6A
$GPGSA,A,3,01,02,03,09,31,,,,,,,,3.25,1.39,2.94,1*14
$GPGSV,3,1,10,1,60,354,41,2,34,005,49,3,60,177,25,4,,,25,1*5A
$GPGSV,3,2,10,6,00,214,,9,25,277,22,16,08,054,,17,11,267,,1*62
$GPGSV,3,3,10,28,14,140,17,31,40,127,44,1*6B
$GPRMC,020454.10,A,3001.73745,S,05112.73854,W,0.24,0.00,090926,,,A,V*25
$GPGGA,020455.10,3001.73738,S,05112.73827,W,1,05,1.39,73.92,M,,M,,*4F
$GPGLL,3001.73738,S,05112.73827,W,020455.10,A,A*65
$GPGSA,A,3,01,02,03,09,31,,,,,,,,3.25,1.39,2.94,1*14
$GPGSV,3,1,12,1,60,354,41,2,34,005,48,3,60,177,25,4,,,24,1*58
$GPGSV,3,2,12,5,,,29,6,00,214,,9,25,277,22,11,,,27,1*50
$GPGSV,3,3,12,16,08,054,,17,11,267,,28,14,140,14,31,40,127,44,1*61
$GPRMC,020455.10,A,3001.73738,S,05112.73827,W,0.25,0.00,090926,,,A,V*2B
$GPGGA,020456.10,3001.73732,S,05112.73821,W,1,05,1.39,73.92,M,,M,,*40
$GPGLL,3001.73732,S,05112.73821,W,020456.10,A,A*6A
$GPGSA,A,3,01,02,03,09,31,,,,,,,,3.25,1.39,2.94,1*14
$GPGSV,3,1,11,1,60,354,41,2,34,005,49,3,60,177,25,5,,,25,1*5A
$GPGSV,3,2,11,6,00,214,,9,25,277,23,11,,,25,16,08,054,,1*50
$GPGSV,3,3,11,17,11,267,,28,14,140,05,31,40,127,44,1*5C
$GPRMC,020456.10,A,3001.73732,S,05112.73821,W,0.10,0.00,090926,,,A,V*22
$GPGGA,020457.10,3001.73735,S,05112.73833,W,1,05,1.39,73.76,M,,M,,*4F
$GPGLL,3001.73735,S,05112.73833,W,020457.10,A,A*6F
$GPGSA,A,3,01,02,03,09,31,,,,,,,,3.25,1.39,2.94,1*14
$GPGSV,3,1,11,1,60,354,41,2,34,005,49,3,60,177,26,5,,,25,1*59
$GPGSV,3,2,11,6,00,214,,9,25,277,23,11,,,25,16,08,054,,1*50
$GPGSV,3,3,11,17,11,267,,28,14,140,06,31,40,127,44,1*5F
$GPRMC,020457.10,A,3001.73735,S,05112.73833,W,0.09,0.00,090926,,,A,V*2F
$GPGGA,020458.10,3001.73729,S,05112.73827,W,1,05,1.39,73.90,M,,M,,*40
$GPGLL,3001.73729,S,05112.73827,W,020458.10,A,A*68
$GPGSA,A,3,01,02,03,09,31,,,,,,,,3.25,1.39,2.94,1*14
$GPGSV,3,1,10,1,60,354,41,2,34,005,49,3,60,177,26,6,00,214,,1*6B
$GPGSV,3,2,10,9,25,277,23,11,,,25,16,08,054,,17,11,267,,1*65
$GPGSV,3,3,10,28,14,140,,31,40,127,44,1*6D
$GPRMC,020458.10,A,3001.73729,S,05112.73827,W,0.83,0.00,090926,,,A,V*2A
$GPGGA,020459.10,3001.73728,S,05112.73828,W,1,05,1.39,73.36,M,,M,,*43
$GPGLL,3001.73728,S,05112.73828,W,020459.10,A,A*67
$GPGSA,A,3,01,02,03,09,31,,,,,,,,3.25,1.39,2.94,1*14
$GPGSV,3,1,12,1,60,354,41,2,34,005,48,3,60,177,26,6,00,214,,1*68
$GPGSV,3,2,12,8,,,28,9,25,277,23,12,,,28,16,08,054,,1*6E
$GPGSV,3,3,12,17,11,267,,23,,,26,28,14,140,,31,40,127,44,1*5F
$GPRMC,020459.10,A,3001.73728,S,05112.73828,W,0.15,0.00,090926,,,A,V*2A
$GPGGA,020500.10,3001.73705,S,05112.73789,W,1,05,1.39,73.19,M,,M,,*48
$GPGLL,3001.73705,S,05112.73789,W,020500.10,A,A*61
$GPGSA,A,3,01,02,03,09,31,,,,,,,,3.25,1.39,2.94,1*14
$GPGSV,3,1,12,1,60,354,41,2,34,005,49,3,60,177,25,6,00,214,,1*6A
$GPGSV,3,2,12,8,,,26,9,25,277,23,12,,,26,16,08,054,,1*6E
$GPGSV,3,3,12,17,11,267,,23,,,25,28,14,140,18,31,40,127,44,1*55
$GPRMC,020500.10,A,3001.73705,S,05112.73789,W,1.26,0.00,090926,,,A,V*2D
$GPGGA,020501.10,3001.73682,S,05112.73748,W,1,05,1.39,73.89,M,,M,,*43
$GPGLL,3001.73682,S,05112.73748,W,020501.10,A,A*63
$GPGSA,A,3,01,02,03,09,31,,,,,,,,3.25,1.39,2.94,1*14
$GPGSV,4,1,14,1,60,354,41,2,34,005,48,3,60,177,25,4,,,27,1*5A
$GPGSV,4,2,14,6,00,214,,7,,,29,8,,,25,9,25,277,23,1*68
$GPGSV,4,3,14,12,,,25,16,08,054,,17,11,267,,23,,,25,1*6F
$GPGSV,4,4,14,28,14,140,15,31,40,127,44,1*6D
$GPRMC,020501.10,A,3001.73682,S,05112.73748,W,0.41,0.00,090926,,,A,V*2F
$GPGGA,020502.10,3001.73665,S,05112.73720,W,1,05,1.39,74.26,M,,M,,*45
$GPGLL,3001.73665,S,05112.73720,W,020502.10,A,A*67
$GPGSA,A,3,01,02,03,09,31,,,,,,,,3.25,1.39,2.94,1*14
$GPGSV,4,1,14,1,60,354,41,2,34,005,49,3,60,177,26,4,,,26,1*59
$GPGSV,4,2,14,6,00,214,,7,,,26,8,,,25,9,25,277,24,1*60
$GPGSV,4,3,14,16,08,054,,17,11,267,,23,,,24,24,,,28,1*66
$GPGSV,4,4,14,28,14,140,07,31,40,127,44,1*6E
$GPRMC,020502.10,A,3001.73665,S,05112.73720,W,0.11,0.00,090926,,,A,V*2E
$GPGGA,020503.10,3001.73666,S,05112.73725,W,1,05,1.39,74.36,M,,M,,*43
$GPGLL,3001.73666,S,05112.73725,W,020503.10,A,A*60
$GPGSA,A,3,01,02,03,09,31,,,,,,,,3.25,1.39,2.94,1*14
$GPGSV,3,1,9,1,60,354,41,2,34,005,49,3,60,177,26,6,00,214,,1*53
$GPGSV,3,2,9,9,25,277,24,16,08,054,,17,11,267,,28,14,140,00,1*67
$GPGSV,3,3,9,31,40,127,45,1*6E
$GPRMC,020503.10,A,3001.73666,S,05112.73725,W,1.03,0.00,090926,,,A,V*2B
$GPGGA,020504.10,3001.73659,S,05112.73711,W,1,05,1.39,74.05,M,,M,,*4F
$GPGLL,3001.73659,S,05112.73711,W,020504.10,A,A*6C
$GPGSA,A,3,01,02,03,09,31,,,,,,,,3.25,1.39,2.94,1*14
$GPGSV,3,1,10,1,60,354,41,2,34,005,49,3,60,177,25,6,00,214,,1*68
$GPGSV,3,2,10,9,25,277,24,16,08,054,,17,11,267,,24,,,29,1*68
$GPGSV,3,3,10,28,14,140,05,31,40,127,45,1*69
$GPRMC,020504.10,A,3001.73659,S,05112.73711,W,0.17,0.00,090926,,,A,V*23
$GPGGA,020505.10,3001.73669,S,05112.73734,W,1,05,1.39,74.02,M,,M,,*4D
$GPGLL,3001.73669,S,05112.73734,W,020505.10,A,A*69
$GPGSA,A,3,01,02,03,09,31,,,,,,,,3.25,1.39,2.94,1*14
$GPGSV,3,1,12,1,60,354,42,2,34,005,49,3,60,177,25,5,,,29,1*56
$GPGSV,3,2,12,6,00,214,,8,,,28,9,25,277,24,16,08,054,,1*61
$GPGSV,3,3,12,17,11,267,,24,,,25,28,14,140,08,31,40,127,45,1*52
$GPRMC,020505.10,A,3001.73669,S,05112.73734,W,0.01,0.00,090926,,,A,V*21
$GPGGA,020506.10,3001.73654,S,05112.73717,W,1,05,1.39,74.78,M,,M,,*4C
$GPGLL,3001.73654,S,05112.73717,W,020506.10,A,A*65
$GPGSA,A,3,01,02,03,09,31,,,,,,,,3.25,1.39,2.94,1*14
$GPGSV,3,1,12,1,60,354,41,2,34,005,49,3,60,177,25,5,,,25,1*59
$GPGSV,3,2,12,6,00,214,,8,,,26,9,25,277,24,16,08,054,,1*6F
$GPGSV,3,3,12,17,11,267,,24,,,24,28,14,140,11,31,40,127,45,1*5B
$GPRMC,020506.10,A,3001.73654,S,05112.73717,W,0.36,0.00,090926,,,A,V*29
$GPGGA,020507.10,3001.73646,S,05112.73705,W,1,05,1.39,75.04,M,,M,,*47
$GPGLL,3001.73646,S,05112.73705,W,020507.10,A,A*64
$GPGSA,A,3,01,02,03,09,31,,,,,,,,3.25,1.39,2.94,1*14
$GPGSV,3,1,11,1,60,354,41,2,34,005,49,3,60,177,25,4,,,26,1*58
$GPGSV,3,2,11,6,00,214,,8,,,24,9,25,277,24,16,08,054,,1*6E
$GPGSV,3,3,11,17,11,267,,28,14,140,09,31,40,127,45,1*51
$GPRMC,020507.10,A,3001.73646,S,05112.73705,W,0.46,0.00,090926,,,A,V*2F
$GPGGA,020508.10,3001.73637,S,05112.73688,W,1,05,1.39,75.07,M,,M,,*49
$GPGLL,3001.73637,S,05112.73688,W,020508.10,A,A*69
$GPGSA,A,3,01,02,03,09,31,,,,,,,,3.25,1.39,2.94,1*14
$GPGSV,4,1,13,1,60,354,41,2,34,005,49,3,60,177,24,4,,,25,1*5F
$GPGSV,4,2,13,6,00,214,,8,,,24,9,25,277,24,11,,,27,1*50
$GPGSV,4,3,13,16,08,054,,17,11,267,,19,,,27,28,14,140,08,1*55
$GPGSV,4,4,13,31,40,127,44,1*54
$GPRMC,020508.10,A,3001.73637,S,05112.73688,W,0.15,0.00,090926,,,A,V*24
$GPGGA,020509.10,3001.73620,S,05112.73661,W,1,05,1.39,75.71,M,,M,,*48
$GPGLL,3001.73620,S,05112.73661,W,020509.10,A,A*69
$GPGSA,A,3,01,02,03,09,31,,,,,,,,3.25,1.39,2.94,1*14
$GPGSV,3,1,12,1,60,354,41,2,34,005,49,3,60,177,24,4,,,25,1*59
$GPGSV,3,2,12,6,00,214,,9,25,277,24,11,,,25,16,08,054,,1*54
$GPGSV,3,3,12,17,11,267,,19,,,26,28,14,140,00,31,40,127,45,1*57
$GPRMC,020509.10,A,3001.73620,S,05112.73661,W,0.15,0.00,090926,,,A,V*24
$GPGGA,020510.10,3001.73616,S,05112.73650,W,1,05,1.39,75.74,M,,M,,*42
$GPGLL,3001.73616,S,05112.73650,W,020510.10,A,A*66
$GPGSA,A,3,01,02,03,09,31,,,,,,,,3.25,1.39,2.94,1*14
$GPGSV,3,1,12,1,60,354,41,2,34,005,49,3,60,177,24,4,,,25,1*59
$GPGSV,3,2,12,6,00,214,,9,25,277,24,11,,,24,16,08,054,27,1*50
$GPGSV,3,3,12,17,11,267,,19,,,25,28,14,140,04,31,40,127,44,1*51
$GPRMC,020510.10,A,3001.73616,S,05112.73650,W,0.07,0.00,090926,,,A,V*28
$GPGGA,020511.10,3001.73626,S,05112.73666,W,1,05,1.39,75.42,M,,M,,*40
$GPGLL,3001.73626,S,05112.73666,W,020511.10,A,A*61
$GPGSA,A,3,01,02,03,09,31,,,,,,,,3.25,1.39,2.94,1*14
$GPGSV,3,1,12,1,60,354,41,2,34,005,48,3,60,177,23,5,,,28,1*53
$GPGSV,3,2,12,6,00,214,,9,25,277,24,11,,,25,16,08,054,25,1*53
$GPGSV,3,3,12,17,11,267,,28,14,140,05,31,40,127,44,197,,,26,1*64
$GPRMC,020511.10,A,3001.73626,S,05112.73666,W,0.09,0.00,090926,,,A,V*21
$GPGGA,020512.10,3001.73632,S,05112.73679,W,1,05,1.39,75.93,M,,M,,*44
$GPGLL,3001.73632,S,05112.73679,W,020512.10,A,A*69
$GPGSA,A,3,01,02,03,09,31,,,,,,,,3.25,1.39,2.94,1*14
$GPGSV,3,1,11,1,60,354,41,2,34,005,49,3,60,177,23,5,,,25,1*5C
$GPGSV,3,2,11,6,00,214,,9,25,277,23,16,08,054,24,17,11,267,,1*64
$GPGSV,3,3,11,28,14,140,04,31,40,127,44,197,,,25,1*50
$GPRMC,020512.10,A,3001.73632,S,05112.73679,W,0.26,0.00,090926,,,A,V*24
$GPGGA,020513.10,3001.73642,S,05112.73709,W,1,05,1.39,75.54,M,,M,,*4F
$GPGLL,3001.73642,S,05112.73709,W,020513.10,A,A*69
$GPGSA,A,3,01,02,03,09,31,,,,,,,,3.25,1.39,2.94,1*14
$GPGSV,3,1,11,1,60,354,41,2,34,005,49,3,60,177,23,5,,,26,1*5F
$GPGSV,3,2,11,6,00,214,,9,25,277,24,16,08,054,24,17,11,267,,1*63
$GPGSV,3,3,11,28,14,140,03,31,40,127,44,197,,,25,1*57
$GPRMC,020513.10,A,3001.73642,S,05112.73709,W,0.33,0.00,090926,,,A,V*20
$GPGGA,020514.10,3001.73650,S,05112.73729,W,1,05,1.39,75.53,M,,M,,*4E
$GPGLL,3001.73650,S,05112.73729,W,020514.10,A,A*6F
$GPGSA,A,3,01,02,03,09,31,,,,,,,,3.25,1.39,2.94,1*14
$GPGSV,4,1,13,1,60,354,41,2,34,005,49,3,60,177,22,4,,,27,1*5B
$GPGSV,4,2,13,5,,,25,6,00,214,,9,25,277,24,16,08,054,,1*67
$GPGSV,4,3,13,17,11,267,,22,,,27,28,14,140,01,31,40,127,44,1*58
$GPGSV,4,4,13,197,,,24,1*5F
$GPRMC,020514.10,A,3001.73650,S,05112.73729,W,0.38,0.00,090926,,,A,V*2D
$GPGGA,020515.10,3001.73653,S,05112.73742,W,1,05,1.39,75.57,M,,M,,*45
$GPGLL,3001.73653,S,05112.73742,W,020515.10,A,A*60
$GPGSA,A,3,01,02,03,09,31,,,,,,,,3.25,1.39,2.94,1*14
$GPGSV,3,1,11,1,60,354,41,2,34,005,49,3,60,177,22,4,,,26,1*5F
$GPGSV,3,2,11,6,00,214,,9,25,277,24,12,,,26,16,08,054,,1*57
$GPGSV,3,3,11,17,11,267,,28,14,140,00,31,40,127,44,1*59
$GPRMC,020515.10,A,3001.73653,S,05112.73742,W,0.50,0.00,090926,,,A,V*2C
$GPGGA,020516.10,3001.73652,S,05112.73737,W,1,05,1.39,75.68,M,,M,,*49
$GPGLL,3001.73652,S,05112.73737,W,020516.10,A,A*60
$GPGSA,A,3,01,02,03,09,31,,,,,,,,3.25,1.39,2.94,1*14
$GPGSV,3,1,11,1,60,354,41,2,34,005,49,3,60,177,21,4,,,26,1*5C
$GPGSV,3,2,11,6,00,214,,9,25,277,23,12,,,25,16,08,054,,1*53
$GPGSV,3,3,11,17,11,267,,28,14,140,04,31,40,127,44,1*5D
$GPRMC,020516.10,A,3001.73652,S,05112.73737,W,0.12,0.00,090926,,,A,V*2A
$GPGGA,020517.10,3001.73646,S,05112.73722,W,1,05,1.39,75.82,M,,M,,*4D
$GPGLL,3001.73646,S,05112.73722,W,020517.10,A,A*60
$GPGSA,A,3,01,02,03,09,31,,,,,,,,3.25,1.39,2.94,1*14
$GPGSV,3,1,12,1,60,354,41,2,34,005,49,3,60,177,21,4,,,25,1*5C
$GPGSV,3,2,12,6,00,214,,9,25,277,23,12,,,25,16,08,054,,1*50
$GPGSV,3,3,12,17,11,267,,28,14,140,03,30,,,29,31,40,127,44,1*51
$GPRMC,020517.10,A,3001.73646,S,05112.73722,W,0.05,0.00,090926,,,A,V*2C
$GPGGA,020518.10,3001.73651,S,05112.73726,W,1,05,1.39,75.74,M,,M,,*49
$GPGLL,3001.73651,S,05112.73726,W,020518.10,A,A*6D
$GPGSA,A,3,01,02,03,09,31,,,,,,,,3.25,1.39,2.94,1*14
$GPGSV,4,1,13,1,60,354,41,2,34,005,49,3,60,177,21,4,,,25,1*5A
$GPGSV,4,2,13,6,00,214,,9,25,277,23,12,,,24,16,08,054,,1*57
$GPGSV,4,3,13,17,11,267,,28,14,140,07,30,,,25,31,40,127,45,1*5E
$GPGSV,4,4,13,201,,,26,1*51
$GPRMC,020518.10,A,3001.73651,S,05112.73726,W,0.08,0.00,090926,,,A,V*2C
$GPGGA,020519.10,3001.73649,S,05112.73724,W,1,05,1.39,75.83,M,,M,,*4B
$GPGLL,3001.73649,S,05112.73724,W,020519.10,A,A*67
$GPGSA,A,3,01,02,03,09,31,,,,,,,,3.25,1.39,2.94,1*14
$GPGSV,3,1,12,1,60,354,41,2,34,005,49,3,60,177,21,4,,,25,1*5C
$GPGSV,3,2,12,6,00,214,,9,25,277,23,16,08,054,,17,11,267,,1*61
$GPGSV,3,3,12,28,14,140,00,30,,,25,31,40,127,45,201,,,25,1*5E
$GPRMC,020519.10,A,3001.73649,S,05112.73724,W,0.13,0.00,090926,,,A,V*2C
$GPGGA,020520.10,3001.73650,S,05112.73743,W,1,05,1.39,76.20,M,,M,,*42
$GPGLL,3001.73650,S,05112.73743,W,020520.10,A,A*64
$GPGSA,A,3,01,02,03,09,31,,,,,,,,3.25,1.39,2.94,1*14
$GPGSV,3,1,12,1,60,354,41,2,34,005,49,3,60,177,21,4,,,24,1*5D
$GPGSV,3,2,12,6,00,214,,9,25,277,24,16,08,054,,17,11,267,,1*66
$GPGSV,3,3,12,28,14,140,10,30,,,24,31,40,127,45,201,,,25,1*5E
$GPRMC,020520.10,A,3001.73650,S,05112.73743,W,0.20,0.00,090926,,,A,V*2F
$GPGGA,020521.10,3001.73644,S,05112.73735,W,1,05,1.39,76.17,M,,M,,*43
$GPGLL,3001.73644,S,05112.73735,W,020521.10,A,A*61
$GPGSA,A,3,01,02,03,09,31,,,,,,,,3.25,1.39,2.94,1*14
$GPGSV,3,1,12,1,60,354,41,2,34,005,49,3,60,177,21,4,,,24,1*5D
$GPGSV,3,2,12,5,,,26,6,00,214,,9,25,277,24,16,08,054,,1*62
$GPGSV,3,3,12,17,11,267,,28,14,140,04,31,40,127,44,201,,,25,1*6A
$GPRMC,020521.10,A,3001.73644,S,05112.73735,W,0.07,0.00,090926,,,A,V*2F
$GPGGA,020522.10,3001.73641,S,05112.73734,W,1,05,1.39,76.39,M,,M,,*48
$GPGLL,3001.73641,S,05112.73734,W,020522.10,A,A*66
$GPGSA,A,3,01,02,03,09,31,,,,,,,,3.25,1.39,2.94,1*14
$GPGSV,3,1,11,1,60,354,41,2,34,005,49,3,60,177,21,4,,,24,1*5E
$GPGSV,3,2,11,5,,,25,6,00,214,,9,25,277,24,16,08,054,,1*62
$GPGSV,3,3,11,17,11,267,,28,14,140,06,31,40,127,44,1*5F
$GPRMC,020522.10,A,3001.73641,S,05112.73734,W,0.24,0.00,090926,,,A,V*29
$GPGGA,020523.10,3001.73647,S,05112.73743,W,1,05,1.39,76.74,M,,M,,*46
$GPGLL,3001.73647,S,05112.73743,W,020523.10,A,A*61
$GPGSA,A,3,01,02,03,09,31,,,,,,,,3.25,1.39,2.94,1*14
$GPGSV,3,1,9,1,60,354,41,2,34,005,49,3,60,177,21,6,00,214,,1*54
$GPGSV,3,2,9,9,25,277,23,16,08,054,,17,11,267,,28,14,140,02,1*62
$GPGSV,3,3,9,31,40,127,45,1*6E
$GPRMC,020523.10,A,3001.73647,S,05112.73743,W,0.56,0.00,090926,,,A,V*2B
$GPGGA,020524.10,3001.73651,S,05112.73763,W,1,05,1.39,76.82,M,,M,,*4D
$GPGLL,3001.73651,S,05112.73763,W,020524.10,A,A*63
$GPGSA,A,3,01,02,03,09,31,,,,,,,,3.25,1.39,2.94,1*14
$GPGSV,3,1,11,1,60,354,41,2,34,005,49,3,60,177,21,5,,,27,1*5C
$GPGSV,3,2,11,6,00,214,,9,25,277,23,16,08,054,,17,11,267,,1*62
$GPGSV,3,3,11,20,,,27,28,14,140,06,31,40,127,45,1*6C
$GPRMC,020524.10,A,3001.73651,S,05112.73763,W,0.35,0.00,090926,,,A,V*2C
$GPGGA,020525.10,3001.73647,S,05112.73767,W,1,05,1.39,77.60,M,,M,,*42
$GPGLL,3001.73647,S,05112.73767,W,020525.10,A,A*61
$GPGSA,A,3,01,02,03,09,31,,,,,,,,3.25,1.39,2.94,1*14
$GPGSV,3,1,10,1,60,354,41,2,34,005,49,3,60,177,22,5,,,24,1*5D
$GPGSV,3,2,10,6,00,214,,9,25,277,22,16,08,054,,17,11,267,,1*62
$GPGSV,3,3,10,28,14,140,00,31,40,127,44,1*6D
$GPRMC,020525.10,A,3001.73647,S,05112.73767,W,0.54,0.00,090926,,,A,V*29
$GPGGA,020526.10,3001.73664,S,05112.73789,W,1,05,1.39,77.29,M,,M,,*4D
$GPGLL,3001.73664,S,05112.73789,W,020526.10,A,A*63
$GPGSA,A,3,01,02,03,09,31,,,,,,,,3.25,1.39,2.94,1*14
$GPGSV,3,1,9,1,60,354,41,2,34,005,49,3,60,177,21,6,00,214,,1*54
$GPGSV,3,2,9,9,25,277,22,16,08,054,,17,11,267,,28,14,140,06,1*67
$GPGSV,3,3,9,31,40,127,44,1*6F
$GPRMC,020526.10,A,3001.73664,S,05112.73789,W,0.57,0.00,090926,,,A,V*28
$GPGGA,020527.10,3001.73673,S,05112.73793,W,1,05,1.39,77.46,M,,M,,*48
$GPGLL,3001.73673,S,05112.73793,W,020527.10,A,A*6F
$GPGSA,A,3,01,02,03,09,31,,,,,,,,3.25,1.39,2.94,1*14
$GPGSV,3,1,10,1,60,354,41,2,34,005,49,3,60,177,21,6,00,214,,1*6C
$GPGSV,3,2,10,8,,,25,9,25,277,22,16,08,054,,17,11,267,,1*5C
$GPGSV,3,3,10,28,14,140,04,31,40,127,44,1*69
$GPRMC,020527.10,A,3001.73673,S,05112.73793,W,0.44,0.00,090926,,,A,V*26
$GPGGA,020528.10,3001.73679,S,05112.73784,W,1,05,1.39,77.56,M,,M,,*4A
$GPGLL,3001.73679,S,05112.73784,W,020528.10,A,A*6C
$GPGSA,A,3,01,02,03,09,31,,,,,,,,3.25,1.39,2.94,1*14
$GPGSV,3,1,11,1,60,354,41,2,34,005,49,3,60,177,21,4,,,26,1*5C
$GPGSV,3,2,11,6,00,214,,8,,,25,9,25,277,22,16,08,054,,1*69
$GPGSV,3,3,11,17,11,267,,28,14,140,06,31,40,127,44,1*5F
$GPRMC,020528.10,A,3001.73679,S,05112.73784,W,0.53,0.00,090926,,,A,V*23
$GPGGA,020529.10,3001.73678,S,05112.73787,W,1,05,1.39,78.22,M,,M,,*45
$GPGLL,3001.73678,S,05112.73787,W,020529.10,A,A*6F
$GPGSA,A,3,01,02,03,09,31,,,,,,,,3.25,1.39,2.94,1*14
$GPGSV,3,1,11,1,60,354,41,2,34,005,49,3,60,177,21,4,,,25,1*5F
$GPGSV,3,2,11,6,00,214,,8,,,24,9,25,277,22,16,08,054,,1*68
$GPGSV,3,3,11,17,11,267,,28,14,140,04,31,40,127,44,1*5D
$GPRMC,020529.10,A,3001.73678,S,05112.73787,W,0.03,0.00,090926,,,A,V*25
$GPGGA,020530.10,3001.73682,S,05112.73798,W,1,05,1.39,78.83,M,,M,,*4D
$GPGLL,3001.73682,S,05112.73798,W,020530.10,A,A*6C
$GPGSA,A,3,01,02,03,09,31,,,,,,,,3.25,1.39,2.94,1*14
$GPGSV,3,1,11,1,60,354,41,2,34,005,49,3,60,177,20,4,,,25,1*5E
$GPGSV,3,2,11,6,00,214,,8,,,24,9,25,277,21,16,08,054,,1*6B
$GPGSV,3,3,11,17,11,267,,28,14,140,01,31,40,127,44,1*58
$GPRMC,020530.10,A,3001.73682,S,05112.73798,W,0.41,0.00,090926,,,A,V*20
$GPGGA,020531.10,3001.73685,S,05112.73799,W,1,05,1.39,78.96,M,,M,,*4E
$GPGLL,3001.73685,S,05112.73799,W,020531.10,A,A*6B
$GPGSA,A,3,01,02,03,09,31,,,,,,,,3.25,1.39,2.94,1*14
$GPGSV,3,1,11,1,60,354,41,2,34,005,49,3,60,177,20,4,,,25,1*5E
$GPGSV,3,2,11,5,,,30,6,00,214,,9,25,277,21,16,08,054,,1*63
$GPGSV,3,3,11,17,11,267,,28,14,140,08,31,40,127,44,1*51
$GPRMC,020531.10,A,3001.73685,S,05112.73799,W,0.39,0.00,090926,,,A,V*28
$GPGGA,020532.10,3001.73690,S,05112.73809,W,1,05,1.39,79.16,M,,M,,*46
$GPGLL,3001.73690,S,05112.73809,W,020532.10,A,A*6A
$GPGSA,A,3,01,02,03,09,31,,,,,,,,3.25,1.39,2.94,1*14
$GPGSV,3,1,11,1,60,354,41,2,34,005,49,3,60,177,21,5,,,24,1*5F
$GPGSV,3,2,11,6,00,214,,9,25,277,21,16,08,054,,17,11,267,,1*60
$GPGSV,3,3,11,22,,,30,28,14,140,07,31,40,127,44,1*68
$GPRMC,020532.10,A,3001.73690,S,05112.73809,W,0.51,0.00,090926,,,A,V*27
$GPGGA,020533.10,3001.73697,S,05112.73830,W,1,05,1.39,79.20,M,,M,,*4F
$GPGLL,3001.73697,S,05112.73830,W,020533.10,A,A*66
$GPGSA,A,3,01,02,03,09,31,,,,,,,,3.25,1.39,2.94,1*14
$GPGSV,3,1,10,1,60,354,41,2,34,005,49,3,60,177,20,6,00,214,,1*6D
$GPGSV,3,2,10,9,25,277,20,16,08,054,,17,11,267,,22,,,25,1*66
$GPGSV,3,3,10,28,14,140,,31,40,127,44,1*6D
$GPRMC,020533.10,A,3001.73697,S,05112.73830,W,0.84,0.00,090926,,,A,V*23
$GPGGA,020534.10,3001.73711,S,05112.73865,W,1,05,1.39,78.79,M,,M,,*4A
$GPGLL,3001.73711,S,05112.73865,W,020534.10,A,A*6E
$GPGSA,A,3,01,02,03,09,31,,,,,,,,3.25,1.39,2.94,1*14
$GPGSV,3,1,11,1,60,354,41,2,34,005,49,3,60,177,20,5,,,25,1*5F
$GPGSV,3,2,11,6,00,214,,9,25,277,20,16,08,054,,17,11,267,,1*61
$GPGSV,3,3,11,22,,,25,28,14,140,,31,40,127,44,1*6B
$GPRMC,020534.10,A,3001.73711,S,05112.73865,W,0.58,0.00,090926,,,A,V*2A
$GPGGA,020535.10,3001.73715,S,05112.73869,W,1,05,1.39,78.54,M,,M,,*4C
$GPGLL,3001.73715,S,05112.73869,W,020535.10,A,A*67
$GPGSA,A,3,01,02,03,09,31,,,,,,,,3.25,1.39,2.94,1*14
$GPGSV,3,1,11,1,60,354,41,2,34,005,49,3,60,177,19,5,,,25,1*55
$GPGSV,3,2,11,6,00,214,,9,25,277,20,16,08,054,,17,11,267,,1*61
$GPGSV,3,3,11,22,,,25,28,14,140,,31,40,127,44,1*6B
$GPRMC,020535.10,A,3001.73715,S,05112.73869,W,0.33,0.00,090926,,,A,V*2E
$GPGGA,020536.10,3001.73712,S,05112.73870,W,1,05,1.39,78.43,M,,M,,*46
$GPGLL,3001.73712,S,05112.73870,W,020536.10,A,A*6B
$GPGSA,A,3,01,02,03,09,31,,,,,,,,3.25,1.39,2.94,1*14
$GPGSV,3,1,10,1,60,354,41,2,34,005,49,3,60,177,19,5,,,25,1*54
$GPGSV,3,2,10,6,00,214,,9,25,277,20,16,08,054,,17,11,267,,1*60
$GPGSV,3,3,10,28,14,140,,31,40,127,44,1*6D
$GPRMC,020536.10,A,3001.73712,S,05112.73870,W,0.39,0.00,090926,,,A,V*28
$GPGGA,020537.10,3001.73714,S,05112.73880,W,1,05,1.39,78.46,M,,M,,*4B
$GPGLL,3001.73714,S,05112.73880,W,020537.10,A,A*63
$GPGSA,A,3,01,02,03,09,31,,,,,,,,3.25,1.39,2.94,1*14
$GPGSV,3,1,11,1,60,354,41,2,34,005,49,3,60,177,19,5,,,24,1*54
$GPGSV,3,2,11,6,00,214,,9,25,277,20,16,08,054,,17,11,267,,1*61
$GPGSV,3,3,11,20,,,27,28,14,140,,31,40,127,44,1*6B
$GPRMC,020537.10,A,3001.73714,S,05112.73880,W,0.39,0.00,090926,,,A,V*20
$GPGGA,020538.10,3001.73710,S,05112.73875,W,1,05,1.39,78.50,M,,M,,*4D
$GPGLL,3001.73710,S,05112.73875,W,020538.10,A,A*62
$GPGSA,A,3,01,02,03,09,31,,,,,,,,3.25,1.39,2.94,1*14
$GPGSV,3,1,12,1,60,354,41,2,34,005,49,3,60,177,20,4,,,28,1*50
$GPGSV,3,2,12,6,00,214,,9,25,277,19,12,,,25,16,08,054,,1*59
$GPGSV,3,3,12,17,11,267,,20,,,25,28,14,140,,31,40,127,45,1*5E
$GPRMC,020538.10,A,3001.73710,S,05112.73875,W,0.19,0.00,090926,,,A,V*23
$GPGGA,020539.10,3001.73718,S,05112.73896,W,1,05,1.39,78.71,M,,M,,*4A
$GPGLL,3001.73718,S,05112.73896,W,020539.10,A,A*66
$GPGSA,A,3,01,02,03,09,31,,,,,,,,3.25,1.39,2.94,1*14
$GPGSV,3,1,10,1,60,354,41,2,34,005,49,3,60,177,20,6,00,214,,1*6D
$GPGSV,3,2,10,9,25,277,19,12,,,25,16,08,054,,17,11,267,,1*6F
$GPGSV,3,3,10,28,14,140,,31,40,127,44,1*6D
$GPRMC,020539.10,A,3001.73718,S,05112.73896,W,0.77,0.00,090926,,,A,V*2F
$GPGGA,020540.10,3001.73734,S,05112.73931,W,1,05,1.39,78.61,M,,M,,*47
$GPGLL,3001.73734,S,05112.73931,W,020540.10,A,A*6A
$GPGSA,A,3,01,02,03,09,31,,,,,,,,3.25,1.39,2.94,1*14
$GPGSV,3,1,11,1,60,354,41,2,34,005,49,3,60,177,20,6,00,214,,1*6C
$GPGSV,3,2,11,9,25,277,19,12,,,24,16,08,054,,17,11,267,,1*6F
$GPGSV,3,3,11,22,,,25,28,14,140,,31,40,127,44,1*6B
$GPRMC,020540.10,A,3001.73734,S,05112.73931,W,0.72,0.00,090926,,,A,V*26
$GPGGA,020541.10,3001.73745,S,05112.73948,W,1,05,1.39,78.62,M,,M,,*4D
$GPGLL,3001.73745,S,05112.73948,W,020541.10,A,A*63
$GPGSA,A,3,01,02,03,09,31,,,,,,,,3.25,1.39,2.94,1*14
$GPGSV,3,1,10,1,60,354,41,2,34,005,49,3,60,177,20,6,00,214,,1*6D
$GPGSV,3,2,10,9,25,277,19,12,,,25,16,08,054,,17,11,267,,1*6F
$GPGSV,3,3,10,28,14,140,,31,40,127,44,1*6D
$GPRMC,020541.10,A,3001.73745,S,05112.73948,W,0.82,0.00,090926,,,A,V*20
$GPGGA,020542.10,3001.73754,S,05112.73960,W,1,05,1.39,78.24,M,,M,,*46
$GPGLL,3001.73754,S,05112.73960,W,020542.10,A,A*6A
$GPGSA,A,3,01,02,03,09,31,,,,,,,,3.25,1.39,2.93,1*13
$GPGSV,3,1,10,1,60,354,41,2,34,005,49,3,60,177,19,4,,,27,1*57
$GPGSV,3,2,10,6,00,214,,9,25,277,19,16,08,054,,17,11,267,,1*6A
$GPGSV,3,3,10,28,14,140,,31,40,127,44,1*6D
$GPRMC,020542.10,A,3001.73754,S,05112.73960,W,0.60,0.00,090926,,,A,V*25
$GPGGA,020543.10,3001.73768,S,05112.73990,W,1,05,1.39,78.01,M,,M,,*40
$GPGLL,3001.73768,S,05112.73990,W,020543.10,A,A*6B
$GPGSA,A,3,01,02,03,09,31,,,,,,,,3.25,1.39,2.93,1*13
$GPGSV,3,1,10,1,60,354,41,2,34,005,49,3,60,177,20,4,,,25,1*5F
$GPGSV,3,2,10,6,00,214,,9,25,277,19,16,08,054,,17,11,267,,1*6A
$GPGSV,3,3,10,28,14,140,,31,40,127,44,1*6D
$GPRMC,020543.10,A,3001.73768,S,05112.73990,W,0.78,0.00,090926,,,A,V*2D
$GPGGA,020544.10,3001.73770,S,05112.74004,W,1,05,1.39,77.85,M,,M,,*4E
$GPGLL,3001.73770,S,05112.74004,W,020544.10,A,A*66
$GPGSA,A,3,01,02,03,09,31,,,,,,,,3.25,1.39,2.93,1*13
$GPGSV,3,1,10,1,59,354,41,2,33,005,48,3,61,176,20,6,01,214,,1*60
$GPGSV,3,2,10,9,25,276,18,16,08,055,,17,11,268,,22,,,29,1*6E
$GPGSV,3,3,10,28,13,140,,31,40,127,44,1*6A
$GPRMC,020544.10,A,3001.73770,S,05112.74004,W,0.66,0.00,090926,,,A,V*2F
$GPGGA,020545.10,3001.73772,S,05112.74011,W,1,05,1.39,77.75,M,,M,,*46
$GPGLL,3001.73772,S,05112.74011,W,020545.10,A,A*61
$GPGSA,A,3,01,02,03,09,31,,,,,,,,3.25,1.39,2.93,1*13
$GPGSV,3,1,10,1,59,354,41,2,33,005,49,3,61,176,21,6,01,214,,1*60
$GPGSV,3,2,10,9,25,276,18,16,08,055,,17,11,268,,22,,,26,1*61
$GPGSV,3,3,10,28,13,140,22,31,40,127,44,1*6A
$GPRMC,020545.10,A,3001.73772,S,05112.74011,W,0.45,0.00,090926,,,A,V*29
$GPGGA,020546.10,3001.73750,S,05112.73970,W,1,06,1.23,78.97,M,,M,,*47
$GPGLL,3001.73750,S,05112.73970,W,020546.10,A,A*6B
$GPGSA,A,3,01,02,03,09,28,31,,,,,,,2.24,1.23,1.87,1*14
$GPGSV,3,1,10,1,59,354,41,2,33,005,48,3,61,176,20,6,01,214,,1*60
$GPGSV,3,2,10,9,25,276,19,16,08,055,,17,11,268,,22,,,25,1*63
$GPGSV,3,3,10,28,13,140,19,31,40,127,44,1*62
$GPRMC,020546.10,A,3001.73750,S,05112.73970,W,0.45,0.00,090926,,,A,V*23
$GPGGA,020547.10,3001.73747,S,05112.73956,W,1,06,1.23,78.98,M,,M,,*4B
$GPGLL,3001.73747,S,05112.73956,W,020547.10,A,A*68
$GPGSA,A,3,01,02,03,09,28,31,,,,,,,2.24,1.23,1.87,1*14
$GPGSV,3,1,11,1,59,354,41,2,33,005,48,3,61,176,21,6,01,214,,1*60
$GPGSV,3,2,11,9,25,276,18,16,08,055,,17,11,268,,19,,,27,1*69
$GPGSV,3,3,11,22,,,25,28,13,140,19,31,40,127,44,1*64
$GPRMC,020547.10,A,3001.73747,S,05112.73956,W,0.03,0.00,090926,,,A,V*22
$GPGGA,020548.10,3001.73733,S,05112.73928,W,1,06,1.23,79.51,M,,M,,*4A
$GPGLL,3001.73733,S,05112.73928,W,020548.10,A,A*6D
$GPGSA,A,3,01,02,03,09,28,31,,,,,,,2.24,1.23,1.87,1*14
$GPGSV,3,1,10,1,59,354,40,2,33,005,49,3,61,176,20,6,01,214,,1*60
$GPGSV,3,2,10,9,25,276,19,16,08,055,,17,11,268,,19,,,26,1*68
$GPGSV,3,3,10,28,13,140,18,31,40,127,43,1*64
$GPRMC,020548.10,A,3001.73733,S,05112.73928,W,0.17,0.00,090926,,,A,V*22
$GPGGA,020549.10,3001.73724,S,05112.73910,W,1,06,1.23,79.73,M,,M,,*46
$GPGLL,3001.73724,S,05112.73910,W,020549.10,A,A*61
$GPGSA,A,3,01,02,03,09,28,31,,,,,,,2.24,1.23,1.87,1*14
$GPGSV,3,1,10,1,59,354,40,2,33,005,48,3,61,176,20,6,01,214,,1*61
$GPGSV,3,2,10,9,25,276,18,16,08,055,,17,11,268,,19,,,25,1*6A
$GPGSV,3,3,10,28,13,140,16,31,40,127,43,1*6A
$GPRMC,020549.10,A,3001.73724,S,05112.73910,W,0.35,0.00,090926,,,A,V*2E
$GPGGA,020550.10,3001.73727,S,05112.73912,W,1,06,1.23,80.08,M,,M,,*45
$GPGLL,3001.73727,S,05112.73912,W,020550.10,A,A*68
$GPGSA,A,3,01,02,03,09,28,31,,,,,,,2.24,1.23,1.87,1*14
$GPGSV,3,1,10,1,59,354,40,2,33,005,49,3,61,176,21,6,01,214,,1*61
$GPGSV,3,2,10,9,25,276,17,16,08,055,,17,11,268,,19,,,25,1*65
$GPGSV,3,3,10,28,13,140,15,31,40,127,44,1*6E
$GPRMC,020550.10,A,3001.73727,S,05112.73912,W,0.03,0.00,090926,,,A,V*22
$GPGGA,020551.10,3001.73714,S,05112.73890,W,1,06,1.23,80.53,M,,M,,*41
$GPGLL,3001.73714,S,05112.73890,W,020551.10,A,A*62
$GPGSA,A,3,01,02,03,09,28,31,,,,,,,2.24,1.23,1.87,1*14
$GPGSV,3,1,9,1,59,354,40,2,33,005,49,3,61,176,21,6,01,214,,1*59
$GPGSV,3,2,9,9,25,276,17,16,08,055,,17,11,268,,28,13,140,15,1*6B
$GPGSV,3,3,9,31,40,127,44,1*6F
$GPRMC,020551.10,A,3001.73714,S,05112.73890,W,0.09,0.00,090926,,,A,V*22
$GPGGA,020552.10,3001.73714,S,05112.73893,W,1,06,1.23,80.59,M,,M,,*4B
$GPGLL,3001.73714,S,05112.73893,W,020552.10,A,A*62
$GPGSA,A,3,01,02,03,09,28,31,,,,,,,2.24,1.23,1.87,1*14
$GPGSV,3,1,9,1,59,354,40,2,33,005,48,3,61,176,21,6,01,214,,1*58
$GPGSV,3,2,9,9,25,276,18,16,08,055,,17,11,268,,28,13,140,15,1*64
$GPGSV,3,3,9,31,40,127,44,1*6F
$GPRMC,020552.10,A,3001.73714,S,05112.73893,W,0.07,0.00,090926,,,A,V*2C
$GPGGA,020553.10,3001.73704,S,05112.73881,W,1,06,1.23,80.68,M,,M,,*4A
$GPGLL,3001.73704,S,05112.73881,W,020553.10,A,A*61
$GPGSA,A,3,01,02,03,09,28,31,,,,,,,2.24,1.23,1.87,1*14
$GPGSV,3,1,10,1,59,354,40,2,33,005,49,3,61,176,22,6,01,214,,1*62
$GPGSV,3,2,10,9,25,276,17,16,08,055,,17,11,268,,20,,,27,1*6D
$GPGSV,3,3,10,28,13,140,15,31,40,127,44,1*6E
$GPRMC,020553.10,A,3001.73704,S,05112.73881,W,0.12,0.00,090926,,,A,V*2B
$GPGGA,020554.10,3001.73693,S,05112.73859,W,1,06,1.23,80.85,M,,M,,*44
$GPGLL,3001.73693,S,05112.73859,W,020554.10,A,A*6C
$GPGSA,A,3,01,02,03,09,28,31,,,,,,,2.24,1.23,1.87,1*14
$GPGSV,3,1,10,1,59,354,40,2,33,005,49,3,61,176,22,6,01,214,,1*62
$GPGSV,3,2,10,9,25,276,17,16,08,055,,17,11,268,,20,,,24,1*6E
$GPGSV,3,3,10,28,13,140,14,31,40,127,44,1*6F
$GPRMC,020554.10,A,3001.73693,S,05112.73859,W,0.07,0.00,090926,,,A,V*22
$GPGGA,020555.10,3001.73686,S,05112.73839,W,1,06,1.23,80.83,M,,M,,*41
$GPGLL,3001.73686,S,05112.73839,W,020555.10,A,A*6F
$GPGSA,A,3,01,02,03,09,28,31,,,,,,,2.24,1.23,1.87,1*14
$GPGSV,3,1,12,1,59,354,40,2,33,005,49,3,61,176,22,6,01,214,,1*60
$GPGSV,3,2,12,9,25,276,18,16,08,055,,17,11,268,,20,,,25,1*62
$GPGSV,3,3,12,22,,,28,23,,,25,28,13,140,14,31,40,127,44,1*61
$GPRMC,020555.10,A,3001.73686,S,05112.73839,W,0.31,0.00,090926,,,A,V*24
$GPGGA,020556.10,3001.73696,S,05112.73830,W,1,06,1.23,80.75,M,,M,,*43
$GPGLL,3001.73696,S,05112.73830,W,020556.10,A,A*64
$GPGSA,A,3,01,02,03,09,28,31,,,,,,,2.24,1.23,1.87,1*14
$GPGSV,3,1,12,1,59,354,41,2,33,005,49,3,61,176,22,6,01,214,,1*61
$GPGSV,3,2,12,9,25,276,17,16,08,055,,17,11,268,,20,,,25,1*6D
$GPGSV,3,3,12,22,,,25,23,,,24,28,13,140,15,31,40,127,44,1*6C
$GPRMC,020556.10,A,3001.73696,S,05112.73830,W,0.10,0.00,090926,,,A,V*2C
$GPGGA,020557.10,3001.73696,S,05112.73829,W,1,05,1.38,80.67,M,,M,,*40
$GPGLL,3001.73696,S,05112.73829,W,020557.10,A,A*6D
$GPGSA,A,3,01,02,03,09,31,,,,,,,,3.24,1.38,2.93,1*13
$GPGSV,3,1,11,1,59,354,40,2,33,005,49,3,61,176,22,6,01,214,,1*63
$GPGSV,3,2,11,9,25,276,17,16,08,055,,17,11,268,,22,,,25,1*6C
$GPGSV,3,3,11,23,,,25,28,13,140,12,31,40,127,44,1*6E
$GPRMC,020557.10,A,3001.73696,S,05112.73829,W,0.04,0.00,090926,,,A,V*20
$GPGGA,020558.10,3001.73692,S,05112.73817,W,1,06,1.23,80.62,M,,M,,*4A
$GPGLL,3001.73692,S,05112.73817,W,020558.10,A,A*6B
$GPGSA,A,3,01,02,03,09,28,31,,,,,,,2.24,1.23,1.87,1*14
$GPGSV,3,1,12,1,59,354,40,2,33,005,49,3,61,176,22,6,01,214,,1*60
$GPGSV,3,2,12,9,25,276,18,16,08,055,,17,11,268,,19,,,27,1*6A
$GPGSV,3,3,12,22,,,25,23,,,25,28,13,140,13,31,40,127,44,1*6B
$GPRMC,020558.10,A,3001.73692,S,05112.73817,W,0.39,0.00,090926,,,A,V*28
$GPGGA,020559.10,3001.73705,S,05112.73849,W,1,06,1.23,80.56,M,,M,,*48
$GPGLL,3001.73705,S,05112.73849,W,020559.10,A,A*6E
$GPGSA,A,3,01,02,03,09,28,31,,,,,,,2.24,1.23,1.87,1*14
$GPGSV,3,1,11,1,59,354,40,2,33,005,49,3,61,176,22,6,01,214,,1*63
$GPGSV,3,2,11,7,,,26,9,25,276,19,16,08,055,,17,11,268,,1*56
$GPGSV,3,3,11,19,,,25,28,13,140,14,31,40,127,44,1*61
$GPRMC,020559.10,A,3001.73705,S,05112.73849,W,0.29,0.00,090926,,,A,V*2C
$GPGGA,020600.10,3001.73721,S,05112.73885,W,1,06,1.23,80.44,M,,M,,*42
$GPGLL,3001.73721,S,05112.73885,W,020600.10,A,A*67
$GPGSA,A,3,01,02,03,09,28,31,,,,,,,2.24,1.23,1.87,1*14
$GPGSV,3,1,11,1,59,354,40,2,33,005,48,3,61,176,22,6,01,214,,1*62
$GPGSV,3,2,11,7,,,25,9,25,276,19,16,08,055,,17,11,268,,1*55
$GPGSV,3,3,11,19,,,25,28,13,140,14,31,40,127,44,1*61
$GPRMC,020600.10,A,3001.73721,S,05112.73885,W,0.05,0.00,090926,,,A,V*2B
$GPGGA,020601.10,3001.73707,S,05112.73855,W,1,06,1.23,80.91,M,,M,,*42
$GPGLL,3001.73707,S,05112.73855,W,020601.10,A,A*6F
$GPGSA,A,3,01,02,03,09,28,31,,,,,,,2.24,1.23,1.87,1*14
$GPGSV,3,1,11,1,59,354,40,2,33,005,49,3,61,176,22,6,01,214,,1*63
$GPGSV,3,2,11,7,,,25,9,25,276,19,16,08,055,,17,11,268,,1*55
$GPGSV,3,3,11,19,,,25,28,13,140,14,31,40,127,44,1*61
$GPRMC,020601.10,A,3001.73707,S,05112.73855,W,0.31,0.00,090926,,,A,V*24
$GPGGA,020602.10,3001.73702,S,05112.73854,W,1,06,1.23,81.07,M,,M,,*4B
$GPGLL,3001.73702,S,05112.73854,W,020602.10,A,A*68
$GPGSA,A,3,01,02,03,09,28,31,,,,,,,2.24,1.23,1.87,1*14
$GPGSV,3,1,12,1,59,354,40,2,33,005,49,3,61,176,22,6,01,214,,1*60
$GPGSV,3,2,12,7,,,25,9,25,276,18,16,08,055,,17,11,268,,1*57
$GPGSV,3,3,12,19,,,25,28,13,140,13,31,40,127,44,193,,,26,1*5A
$GPRMC,020602.10,A,3001.73702,S,05112.73854,W,0.05,0.00,090926,,,A,V*24
$GPGGA,020603.10,3001.73703,S,05112.73860,W,1,05,1.38,81.12,M,,M,,*41
$GPGLL,3001.73703,S,05112.73860,W,020603.10,A,A*6F
$GPGSA,A,3,01,02,03,09,31,,,,,,,,3.24,1.38,2.93,1*13
$GPGSV,4,1,13,1,59,354,40,2,33,005,49,3,61,176,22,5,,,27,1*56
$GPGSV,4,2,13,6,01,214,,9,25,276,18,16,08,055,,17,11,268,,1*61
$GPGSV,4,3,13,19,,,25,22,,,28,28,13,140,12,31,40,127,44,1*68
$GPGSV,4,4,13,193,,,25,1*5A
$GPRMC,020603.10,A,3001.73703,S,05112.73860,W,0.40,0.00,090926,,,A,V*22
$GPGGA,020604.10,3001.73697,S,05112.73845,W,1,05,1.38,81.42,M,,M,,*48
$GPGLL,3001.73697,S,05112.73845,W,020604.10,A,A*63
$GPGSA,A,3,01,02,03,09,31,,,,,,,,3.24,1.38,2.93,1*13
$GPGSV,4,1,13,1,59,354,40,2,33,005,49,3,61,176,21,5,,,26,1*54
$GPGSV,4,2,13,6,01,214,,9,25,276,18,16,08,055,,17,11,268,,1*61
$GPGSV,4,3,13,19,,,25,22,,,25,28,13,140,13,31,40,127,44,1*64
$GPGSV,4,4,13,193,,,25,1*5A
$GPRMC,020604.10,A,3001.73697,S,05112.73845,W,0.29,0.00,090926,,,A,V*21
$GPGGA,020605.10,3001.73687,S,05112.73828,W,1,05,1.38,81.68,M,,M,,*4B
$GPGLL,3001.73687,S,05112.73828,W,020605.10,A,A*68
$GPGSA,A,3,01,02,03,09,31,,,,,,,,3.24,1.38,2.93,1*13
$GPGSV,4,1,14,1,59,354,40,2,33,005,49,3,61,176,22,5,,,26,1*50
$GPGSV,4,2,14,6,01,214,,9,25,276,19,16,08,055,,17,11,268,,1*67
$GPGSV,4,3,14,19,,,25,20,,,27,22,,,25,28,13,140,09,1*5D
$GPGSV,4,4,14,31,40,127,44,193,,,24,1*6E
$GPRMC,020605.10,A,3001.73687,S,05112.73828,W,0.66,0.00,090926,,,A,V*21
$GPGGA,020606.10,3001.73682,S,05112.73818,W,1,05,1.38,81.89,M,,M,,*41
$GPGLL,3001.73682,S,05112.73818,W,020606.10,A,A*6D
$GPGSA,A,3,01,02,03,09,31,,,,,,,,3.24,1.38,2.93,1*13
$GPGSV,3,1,12,1,59,354,40,2,33,005,49,3,61,176,22,5,,,26,1*51
$GPGSV,3,2,12,6,01,214,,9,25,276,19,16,08,055,,17,11,268,,1*66
$GPGSV,3,3,12,20,,,24,22,,,24,28,13,140,11,31,40,127,44,1*6A
$GPRMC,020606.10,A,3001.73682,S,05112.73818,W,0.06,0.00,090926,,,A,V*22
$GPGGA,020607.10,3001.73700,S,05112.73857,W,1,05,1.38,81.49,M,,M,,*4C
$GPGLL,3001.73700,S,05112.73857,W,020607.10,A,A*6C
$GPGSA,A,3,01,02,03,09,31,,,,,,,,3.24,1.38,2.93,1*13
$GPGSV,3,1,10,1,59,354,39,2,33,005,49,3,61,176,22,6,01,214,,1*6C
$GPGSV,3,2,10,9,25,276,20,16,08,055,,17,11,268,,20,,,25,1*6B
$GPGSV,3,3,10,28,13,140,10,31,40,127,44,1*6B
$GPRMC,020607.10,A,3001.73700,S,05112.73857,W,0.34,0.00,090926,,,A,V*22
$GPGGA,020608.10,3001.73694,S,05112.73847,W,1,05,1.38,81.51,M,,M,,*47
$GPGLL,3001.73694,S,05112.73847,W,020608.10,A,A*6E
$GPGSA,A,3,01,02,03,09,31,,,,,,,,3.24,1.38,2.93,1*13
$GPGSV,3,1,11,1,59,354,39,2,33,005,49,3,61,176,22,6,01,214,,1*6D
$GPGSV,3,2,11,9,25,276,20,16,08,055,,17,11,268,,19,,,28,1*6D
$GPGSV,3,3,11,20,,,24,28,13,140,07,31,40,127,44,1*68
$GPRMC,020608.10,A,3001.73694,S,05112.73847,W,0.34,0.00,090926,,,A,V*20
$GPGGA,020609.10,3001.73694,S,05112.73855,W,1,05,1.38,81.95,M,,M,,*4D
$GPGLL,3001.73694,S,05112.73855,W,020609.10,A,A*6C
$GPGSA,A,3,01,02,03,09,31,,,,,,,,3.24,1.38,2.93,1*13
$GPGSV,3,1,10,1,59,354,40,2,33,005,49,3,61,176,22,6,01,214,,1*62
$GPGSV,3,2,10,9,25,276,20,16,08,055,,17,11,268,,19,,,26,1*62
$GPGSV,3,3,10,28,13,140,08,31,40,127,44,1*62
$GPRMC,020609.10,A,3001.73694,S,05112.73855,W,0.42,0.00,090926,,,A,V*23
$GPGGA,020610.10,3001.73693,S,05112.73852,W,1,05,1.38,82.10,M,,M,,*4B
$GPGLL,3001.73693,S,05112.73852,W,020610.10,A,A*64
$GPGSA,A,3,01,02,03,09,31,,,,,,,,3.24,1.38,2.93,1*13
$GPGSV,3,1,11,1,59,354,40,2,33,005,49,3,61,176,22,6,01,214,,1*63
$GPGSV,3,2,11,9,25,276,21,16,08,055,,17,11,268,,19,,,26,1*62
$GPGSV,3,3,11,20,,,27,28,13,140,08,31,40,127,44,1*64
$GPRMC,020610.10,A,3001.73693,S,05112.73852,W,0.57,0.00,090926,,,A,V*2F
$GPGGA,020611.10,3001.73685,S,05112.73839,W,1,05,1.38,82.23,M,,M,,*40
$GPGLL,3001.73685,S,05112.73839,W,020611.10,A,A*6F
$GPGSA,A,3,01,02,03,09,31,,,,,,,,3.24,1.38,2.93,1*13
$GPGSV,3,1,10,1,59,354,40,2,33,005,49,3,61,176,22,6,01,214,,1*62
$GPGSV,3,2,10,9,25,276,21,16,08,055,,17,11,268,,22,,,27,1*6A
$GPGSV,3,3,10,28,13,140,08,31,40,127,44,1*62
$GPRMC,020611.10,A,3001.73685,S,05112.73839,W,0.56,0.00,090926,,,A,V*25
$GPGGA,020612.10,3001.73679,S,05112.73827,W,1,05,1.38,82.37,M,,M,,*4A
$GPGLL,3001.73679,S,05112.73827,W,020612.10,A,A*60
$GPGSA,A,3,01,02,03,09,31,,,,,,,,3.24,1.38,2.93,1*13
$GPGSV,3,1,10,1,59,354,40,2,33,005,49,3,61,176,22,6,01,214,,1*62
$GPGSV,3,2,10,9,25,276,20,16,08,055,,17,11,268,,22,,,25,1*69
$GPGSV,3,3,10,28,13,140,07,31,40,127,44,1*6D
$GPRMC,020612.10,A,3001.73679,S,05112.73827,W,0.58,0.00,090926,,,A,V*24
$GPGGA,020613.10,3001.73671,S,05112.73811,W,1,05,1.38,82.56,M,,M,,*41
$GPGLL,3001.73671,S,05112.73811,W,020613.10,A,A*6C
$GPGSA,A,3,01,02,03,09,31,,,,,,,,3.24,1.38,2.93,1*13
$GPGSV,3,1,10,1,59,354,40,2,33,005,49,3,61,176,22,6,01,214,,1*62
$GPGSV,3,2,10,9,25,276,21,16,08,055,,17,11,268,,22,,,25,1*68
$GPGSV,3,3,10,28,13,140,05,31,40,127,44,1*6F
$GPRMC,020613.10,A,3001.73671,S,05112.73811,W,0.49,0.00,090926,,,A,V*28
$GPGGA,020614.10,3001.73656,S,05112.73787,W,1,05,1.38,83.01,M,,M,,*40
$GPGLL,3001.73656,S,05112.73787,W,020614.10,A,A*6E
$GPGSA,A,3,01,02,03,09,31,,,,,,,,3.24,1.38,2.93,1*13
$GPGSV,3,1,10,1,59,354,40,2,33,005,49,3,61,176,22,6,01,214,,1*62
$GPGSV,3,2,10,9,25,276,22,16,08,055,,17,11,268,,19,,,28,1*6E
$GPGSV,3,3,10,28,13,140,05,31,40,127,45,1*6E
$GPRMC,020614.10,A,3001.73656,S,05112.73787,W,0.60,0.00,090926,,,A,V*21
$GPGGA,020615.10,3001.73647,S,05112.73772,W,1,05,1.38,83.16,M,,M,,*4D
$GPGLL,3001.73647,S,05112.73772,W,020615.10,A,A*65
$GPGSA,A,3,01,02,03,09,31,,,,,,,,3.24,1.38,2.93,1*13
$GPGSV,3,1,10,1,59,354,40,2,33,005,49,3,61,176,22,6,01,214,,1*62
$GPGSV,3,2,10,9,25,276,21,16,08,055,,17,11,268,,23,,,27,1*6B
$GPGSV,3,3,10,28,13,140,10,31,40,127,45,1*6A
$GPRMC,020615.10,A,3001.73647,S,05112.73772,W,0.73,0.00,090926,,,A,V*28
$GPGGA,020616.10,3001.73638,S,05112.73764,W,1,05,1.38,83.16,M,,M,,*41
$GPGLL,3001.73638,S,05112.73764,W,020616.10,A,A*69
$GPGSA,A,3,01,02,03,09,31,,,,,,,,3.24,1.38,2.93,1*13
$GPGSV,3,1,10,1,59,354,40,2,33,005,49,3,61,176,22,6,01,214,,1*62
$GPGSV,3,2,10,9,25,276,21,16,08,055,,17,11,268,,23,,,25,1*69
$GPGSV,3,3,10,28,13,140,06,31,40,127,45,1*6D
$GPRMC,020616.10,A,3001.73638,S,05112.73764,W,0.64,0.00,090926,,,A,V*22
$GPGGA,020617.10,3001.73627,S,05112.73742,W,1,05,1.38,83.63,M,,M,,*48
$GPGLL,3001.73627,S,05112.73742,W,020617.10,A,A*62
$GPGSA,A,3,01,02,03,09,31,,,,,,,,3.24,1.38,2.93,1*13
$GPGSV,3,1,10,1,59,354,40,2,33,005,49,3,61,176,21,6,01,214,,1*61
$GPGSV,3,2,10,9,25,276,21,16,08,055,,17,11,268,,23,,,24,1*68
$GPGSV,3,3,10,28,13,140,07,31,40,127,45,1*6C
$GPRMC,020617.10,A,3001.73627,S,05112.73742,W,0.70,0.00,090926,,,A,V*2C
$GPGGA,020618.10,3001.73632,S,05112.73758,W,1,05,1.38,83.65,M,,M,,*4E
$GPGLL,3001.73632,S,05112.73758,W,020618.10,A,A*62
$GPGSA,A,3,01,02,03,09,31,,,,,,,,3.24,1.38,2.93,1*13
$GPGSV,3,1,11,1,59,354,40,2,33,005,49,3,61,176,21,6,01,214,,1*60
$GPGSV,3,2,11,9,25,276,21,16,08,055,,17,11,268,,22,,,27,1*6B
$GPGSV,3,3,11,23,,,25,28,13,140,07,31,40,127,45,1*6B
$GPRMC,020618.10,A,3001.73632,S,05112.73758,W,0.54,0.00,090926,,,A,V*2A
$GPGGA,020619.10,3001.73648,S,05112.73794,W,1,05,1.38,83.19,M,,M,,*49
$GPGLL,3001.73648,S,05112.73794,W,020619.10,A,A*6E
$GPGSA,A,3,01,02,03,09,31,,,,,,,,3.24,1.38,2.93,1*13
$GPGSV,3,1,11,1,59,354,40,2,33,005,49,3,61,176,21,6,01,214,,1*60
$GPGSV,3,2,11,7,,,27,9,25,276,21,16,08,055,,17,11,268,,1*5C
$GPGSV,3,3,11,22,,,25,28,13,140,12,31,40,127,44,1*6F
$GPRMC,020619.10,A,3001.73648,S,05112.73794,W,0.57,0.00,090926,,,A,V*25
$GPGGA,020620.10,3001.73655,S,05112.73799,W,1,05,1.38,82.94,M,,M,,*46
$GPGLL,3001.73655,S,05112.73799,W,020620.10,A,A*65
$GPGSA,A,3,01,02,03,09,31,,,,,,,,3.24,1.38,2.93,1*13
$GPGSV,3,1,10,1,59,354,40,2,33,005,49,3,61,176,21,6,01,214,,1*61
$GPGSV,3,2,10,7,,,26,9,25,276,21,16,08,055,,17,11,268,,1*5C
$GPGSV,3,3,10,28,13,140,01,31,40,127,44,1*6B
$GPRMC,020620.10,A,3001.73655,S,05112.73799,W,0.50,0.00,090926,,,A,V*29
$GPGGA,020621.10,3001.73659,S,05112.73814,W,1,05,1.38,82.60,M,,M,,*4A
$GPGLL,3001.73659,S,05112.73814,W,020621.10,A,A*62
$GPGSA,A,3,01,02,03,09,31,,,,,,,,3.24,1.38,2.93,1*13
$GPGSV,3,1,10,1,59,354,40,2,33,005,49,3,61,176,21,6,01,214,,1*61
$GPGSV,3,2,10,7,,,25,9,25,276,21,16,08,055,,17,11,268,,1*5F
$GPGSV,3,3,10,28,13,140,01,31,40,127,44,1*6B
$GPRMC,020621.10,A,3001.73659,S,05112.73814,W,0.58,0.00,090926,,,A,V*26
$GPGGA,020622.10,3001.73665,S,05112.73830,W,1,05,1.38,82.21,M,,M,,*45
$GPGLL,3001.73665,S,05112.73830,W,020622.10,A,A*68
$GPGSA,A,3,01,02,03,09,31,,,,,,,,3.24,1.38,2.93,1*13
$GPGSV,3,1,12,1,59,354,40,2,33,005,49,3,61,176,20,6,01,214,,1*62
$GPGSV,3,2,12,7,,,25,9,25,276,21,16,08,055,,17,11,268,,1*5D
$GPGSV,3,3,12,28,13,140,06,30,,,25,31,40,127,44,193,,,28,1*5B
$GPRMC,020622.10,A,3001.73665,S,05112.73830,W,0.28,0.00,090926,,,A,V*2B
$GPGGA,020623.10,3001.73645,S,05112.73797,W,1,05,1.38,82.24,M,,M,,*41
$GPGLL,3001.73645,S,05112.73797,W,020623.10,A,A*69
$GPGSA,A,3,01,02,03,09,31,,,,,,,,3.24,1.38,2.93,1*13
$GPGSV,4,1,13,1,59,354,40,2,33,005,49,3,61,176,19,6,01,214,,1*6E
$GPGSV,4,2,13,7,,,25,9,25,276,21,16,08,055,,17,11,268,,1*5B
$GPGSV,4,3,13,22,,,26,28,13,140,07,30,,,25,31,40,127,44,1*69
$GPGSV,4,4,13,193,,,25,1*5A
$GPRMC,020623.10,A,3001.73645,S,05112.73797,W,0.28,0.00,090926,,,A,V*2A
$GPGGA,020624.10,3001.73627,S,05112.73767,W,1,05,1.38,82.59,M,,M,,*47
$GPGLL,3001.73627,S,05112.73767,W,020624.10,A,A*65
$GPGSA,A,3,01,02,03,09,31,,,,,,,,3.24,1.38,2.93,1*13
$GPGSV,3,1,12,1,59,354,40,2,33,005,49,3,61,176,18,6,01,214,,1*69
$GPGSV,3,2,12,9,25,276,21,16,08,055,,17,11,268,,22,,,25,1*6A
$GPGSV,3,3,12,28,13,140,12,30,,,24,31,40,127,44,193,,,25,1*52
$GPRMC,020624.10,A,3001.73627,S,05112.73767,W,0.19,0.00,090926,,,A,V*24
$GPGGA,020625.10,3001.73615,S,05112.73757,W,1,05,1.38,82.39,M,,M,,*42
$GPGLL,3001.73615,S,05112.73757,W,020625.10,A,A*66
$GPGSA,A,3,01,02,03,09,31,,,,,,,,3.24,1.38,2.93,1*13
$GPGSV,4,1,13,1,59,354,40,2,33,005,49,3,61,176,19,6,01,214,,1*6E
$GPGSV,4,2,13,9,25,276,20,12,,,27,16,08,055,,17,11,268,,1*6C
$GPGSV,4,3,13,22,,,25,28,13,140,12,30,,,25,31,40,127,44,1*6E
$GPGSV,4,4,13,193,,,25,1*5A
$GPRMC,020625.10,A,3001.73615,S,05112.73757,W,0.14,0.00,090926,,,A,V*2A
$GPGGA,020626.10,3001.73605,S,05112.73736,W,1,05,1.38,82.73,M,,M,,*49
$GPGLL,3001.73605,S,05112.73736,W,020626.10,A,A*63
$GPGSA,A,3,01,02,03,09,31,,,,,,,,3.24,1.38,2.93,1*13
$GPGSV,3,1,11,1,59,354,40,2,33,005,49,3,61,176,20,6,01,214,,1*61
$GPGSV,3,2,11,9,25,276,19,12,,,25,16,08,055,,17,11,268,,1*61
$GPGSV,3,3,11,22,,,25,28,13,140,14,31,40,127,44,1*69
$GPRMC,020626.10,A,3001.73605,S,05112.73736,W,0.41,0.00,090926,,,A,V*2F
$GPGGA,020627.10,3001.73607,S,05112.73733,W,1,05,1.38,82.37,M,,M,,*4F
$GPGLL,3001.73607,S,05112.73733,W,020627.10,A,A*65
$GPGSA,A,3,01,02,03,09,31,,,,,,,,3.24,1.38,2.93,1*13
$GPGSV,3,1,11,1,59,354,40,2,33,005,49,3,61,176,20,4,,,26,1*51
$GPGSV,3,2,11,6,01,214,,9,25,276,19,12,,,25,16,08,055,,1*5B
$GPGSV,3,3,11,17,11,268,,28,13,140,10,31,40,127,44,1*50
$GPRMC,020627.10,A,3001.73607,S,05112.73733,W,0.33,0.00,090926,,,A,V*2C
$GPGGA,020628.10,3001.73613,S,05112.73747,W,1,05,1.38,82.30,M,,M,,*41
$GPGLL,3001.73613,S,05112.73747,W,020628.10,A,A*6C
$GPGSA,A,3,01,02,03,09,31,,,,,,,,3.24,1.38,2.93,1*13
$GPGSV,3,1,10,1,59,354,40,2,33,005,49,3,61,176,20,6,01,214,,1*60
$GPGSV,3,2,10,9,25,276,19,12,,,25,16,08,055,,17,11,268,,1*60
$GPGSV,3,3,10,28,13,140,13,31,40,127,45,1*69
$GPRMC,020628.10,A,3001.73613,S,05112.73747,W,0.89,0.00,090926,,,A,V*24
$GPGGA,020629.10,3001.73611,S,05112.73755,W,1,05,1.38,81.96,M,,M,,*4E
$GPGLL,3001.73611,S,05112.73755,W,020629.10,A,A*6C
$GPGSA,A,3,01,02,03,09,31,,,,,,,,3.24,1.38,2.93,1*13
$GPGSV,3,1,9,1,59,354,41,2,33,005,49,3,61,176,19,6,01,214,,1*53
$GPGSV,3,2,9,9,25,276,18,16,08,055,,17,11,268,,28,13,140,10,1*61
$GPGSV,3,3,9,31,40,127,44,1*6F
$GPRMC,020629.10,A,3001.73611,S,05112.73755,W,0.55,0.00,090926,,,A,V*25
$GPGGA,020630.10,3001.73603,S,05112.73742,W,1,05,1.38,81.92,M,,M,,*47
$GPGLL,3001.73603,S,05112.73742,W,020630.10,A,A*61
$GPGSA,A,3,01,02,03,09,31,,,,,,,,3.24,1.38,2.93,1*13
$GPGSV,3,1,11,1,59,354,41,2,33,005,49,3,61,176,19,4,,,26,1*5A
$GPGSV,3,2,11,6,01,214,,9,25,276,19,16,08,055,,17,11,268,,1*65
$GPGSV,3,3,11,22,,,28,28,13,140,03,31,40,127,45,1*63
$GPRMC,020630.10,A,3001.73603,S,05112.73742,W,0.23,0.00,090926,,,A,V*29
$GPGGA,020631.10,3001.73597,S,05112.73731,W,1,05,1.38,81.98,M,,M,,*46
$GPGLL,3001.73597,S,05112.73731,W,020631.10,A,A*6A
$GPGSA,A,3,01,02,03,09,31,,,,,,,,3.24,1.38,2.93,1*13
$GPGSV,3,1,11,1,59,354,41,2,33,005,49,3,61,176,20,4,,,24,1*52
$GPGSV,3,2,11,6,01,214,,9,25,276,18,16,08,055,,17,11,268,,1*64
$GPGSV,3,3,11,22,,,25,28,13,140,04,31,40,127,44,1*68
$GPRMC,020631.10,A,3001.73597,S,05112.73731,W,0.02,0.00,090926,,,A,V*21
$GPGGA,020632.10,3001.73589,S,05112.73706,W,1,05,1.38,82.05,M,,M,,*49
$GPGLL,3001.73589,S,05112.73706,W,020632.10,A,A*62
$GPGSA,A,3,01,02,03,09,31,,,,,,,,3.24,1.38,2.93,1*13
$GPGSV,3,1,11,1,59,354,41,2,33,005,49,3,61,176,20,6,01,214,,1*60
$GPGSV,3,2,11,9,25,276,18,16,08,055,,17,11,268,,19,,,27,1*69
$GPGSV,3,3,11,22,,,25,28,13,140,09,31,40,127,44,1*65
$GPRMC,020632.10,A,3001.73589,S,05112.73706,W,0.09,0.00,090926,,,A,V*22
$GPGGA,020633.10,3001.73580,S,05112.73672,W,1,05,1.38,82.10,M,,M,,*47
$GPGLL,3001.73580,S,05112.73672,W,020633.10,A,A*68
$GPGSA,A,3,01,02,03,09,31,,,,,,,,3.24,1.38,2.93,1*13
$GPGSV,3,1,11,1,59,354,41,2,33,005,49,3,61,176,19,6,01,214,,1*6A
$GPGSV,3,2,11,9,25,276,18,16,08,055,,17,11,268,,19,,,26,1*68
$GPGSV,3,3,11,22,,,24,28,13,140,12,31,40,127,44,1*6E
$GPRMC,020633.10,A,3001.73580,S,05112.73672,W,0.09,0.00,090926,,,A,V*28
$GPGGA,020634.10,3001.73567,S,05112.73644,W,1,05,1.38,82.34,M,,M,,*4A
$GPGLL,3001.73567,S,05112.73644,W,020634.10,A,A*63
$GPGSA,A,3,01,02,03,09,31,,,,,,,,3.24,1.38,2.93,1*13
$GPGSV,3,1,9,1,59,354,41,2,33,005,49,3,61,176,19,6,01,214,,1*53
$GPGSV,3,2,9,9,25,276,17,16,08,055,,17,11,268,,28,13,140,09,1*66
$GPGSV,3,3,9,31,40,127,44,1*6F
$GPRMC,020634.10,A,3001.73567,S,05112.73644,W,0.45,0.00,090926,,,A,V*2B
$GPGGA,020635.10,3001.73564,S,05112.73642,W,1,05,1.38,82.43,M,,M,,*4E
$GPGLL,3001.73564,S,05112.73642,W,020635.10,A,A*67
$GPGSA,A,3,01,02,03,09,31,,,,,,,,3.24,1.38,2.93,1*13
$GPGSV,3,1,9,1,59,354,41,2,33,005,49,3,61,176,19,6,01,214,,1*53
$GPGSV,3,2,9,9,25,276,17,16,08,055,,17,11,268,,28,13,140,,1*6F
$GPGSV,3,3,9,31,40,127,44,1*6F
$GPRMC,020635.10,A,3001.73564,S,05112.73642,W,0.71,0.00,090926,,,A,V*28
$GPGGA,020636.10,3001.73565,S,05112.73643,W,1,05,1.38,82.34,M,,M,,*4D
$GPGLL,3001.73565,S,05112.73643,W,020636.10,A,A*64
$GPGSA,A,3,01,02,03,09,31,,,,,,,,3.24,1.38,2.93,1*13
$GPGSV,3,1,9,1,59,354,41,2,33,005,49,3,61,176,20,6,01,214,,1*59
$GPGSV,3,2,9,9,25,276,18,16,08,055,,17,11,268,,28,13,140,,1*60
$GPGSV,3,3,9,31,40,127,44,1*6F
$GPRMC,020636.10,A,3001.73565,S,05112.73643,W,0.84,0.00,090926,,,A,V*21
$GPGGA,020637.10,3001.73548,S,05112.73607,W,1,05,1.38,82.22,M,,M,,*44
$GPGLL,3001.73548,S,05112.73607,W,020637.10,A,A*6A
$GPGSA,A,3,01,02,03,09,31,,,,,,,,3.24,1.38,2.93,1*13
$GPGSV,3,1,9,1,59,354,41,2,33,005,49,3,61,176,20,6,01,214,,1*59
$GPGSV,3,2,9,9,25,276,17,16,08,055,,17,11,268,,28,13,140,,1*6F
$GPGSV,3,3,9,31,40,127,44,1*6F
$GPRMC,020637.10,A,3001.73548,S,05112.73607,W,0.21,0.00,090926,,,A,V*20
