:020000040000FA
:1000000000AA0020E1DD01000D380300CDDD010074
:10001000CDDD0100CDDD0100CDDD0100CDDD010034
:10002000000000000000000000000000B1DE010040
:10003000CDDD0100000000007DE00100CDDD01000C
:10004000FDE00100FDE00100FDE00100FDE0010038
:10005000FDE00100FDE00100FDE00100FDE0010028
:10006000FDE00100FDE00100FDE00100FDE0010018
:10007000FDE00100FDE00100FDE00100FDE0010008
:10008000FDE00100FDE00100FDE00100FDE00100F8
:10009000FDE00100FDE00100FDE00100FDE00100E8
:1000A000FDE00100FDE00100FDE00100FDE00100D8
:1000B000FDE00100FDE00100FDE00100FDE00100C8
:1000C000FDE00100FDE00100FDE00100FDE00100B8
:1000D000FDE00100FDE00100FDE00100FDE00100A8
:1000E000FDE00100FDE00100FDE00100FDE0010098
:1000F000FDE00100FDE00100FDE00100FDE0010088
:10010000FDE00100FDE00100FDE00100FDE0010077
:10011000FDE00100FDE00100FDE00100FDE0010067
:10012000FDE00100FDE00100FDE00100FDE0010057
:10013000FDE00100FDE00100FDE00100FDE0010047
:10014000FDE00100FDE00100FDE00100FDE0010037
:10015000FDE00100FDE00100FDE00100FDE0010027
:10016000FDE00100FDE00100FDE00100FDE0010017
:10017000FDE00100FDE00100FDE00100FDE0010007
:10018000FDE00100FDE00100FDE00100FDE00100F7
:10019000FDE00100FDE00100FDE00100FDE00100E7
:1001A000FDE00100FDE00100FDE00100FDE00100D7
:1001B000FDE00100FDE00100FDE00100FDE00100C7
:1001C000FDE00100FDE00100FDE00100FDE00100B7
:1001D000FDE00100FDE00100FDE00100FDE00100A7
:1001E000FDE00100FDE00100FDE00100FDE0010097
:1001F000FDE00100FDE00100FDE00100FDE0010087
:10020000FDE00100FDE00100FDE00100FDE0010076
:10021000FDE00100FDE00100FDE00100FDE0010066
:10022000FDE00100FDE00100FDE00100FDE0010056
:10023000FDE00100FDE00100FDE00100FDE0010046
:10024000FDE00100FDE00100FDE00100FDE0010036
:10025000FDE00100CB590300FDE00100FDE00100DD
:10026000FDE00100FDE00100B5590300FDE00100E3
:10027000FDE00100FDE00100FDE00100FDE0010006
:10028000FDE00100FDE00100FDE00100FDE00100F6
:10029000FDE00100FDE00100FDE00100FDE00100E6
:1002A000FDE00100FDE00100FDE00100FDE00100D6
:1002B000FDE00100FDE00100FDE00100FDE00100C6
:1002C000FDE00100FDE00100FDE00100FDE00100B6
:1002D000FDE00100FDE00100FDE00100FDE00100A6
:1002E000FDE00100FDE00100FDE00100FDE0010096
:1002F000FDE00100FDE00100FDE00100FDE0010086
:10030000FDE00100FDE00100FDE00100FDE0010075
:10031000FDE00100FDE00100FDE00100FDE0010065
:10032000FDE00100FDE00100FDE00100FDE0010055
:10033000FDE00100FDE00100FDE00100FDE0010045
:10034000FDE00100FDE00100FDE00100FDE0010035
:10035000FDE00100FDE00100FDE00100FDE0010025
:10036000FDE00100FDE00100FDE00100FDE0010015
:10037000FDE00100FDE00100FDE00100FDE0010005
:10038000FDE00100FDE00100FDE00100FDE00100F5
:10039000FDE00100FDE00100FDE00100FDE00100E5
:1003A000FDE00100FDE00100FDE00100FDE00100D5
:1003B000FDE00100FDE00100FDE00100FDE00100C5
:1003C000FDE00100FDE00100FDE00100FDE00100B5
:1003D000FDE00100E1590300FDE00100FDE0010046
:1003E000FDE00100FDE00100FDE00100FDE0010095
:1003F000FDE00100FDE00100FDE00100FDE0010085
:10040000FDE00100FDE00100FDE00100FDE0010074
:10041000FDE00100FDE00100FDE00100FDE0010064
:10042000FDE00100FDE00100FDE00100FDE0010054
:10043000FDE00100FDE00100FDE00100FDE0010044
:10044000FDE00100FDE00100FDE00100FDE0010034
:10045000FDE00100FDE00100FDE00100FDE0010024
:10046000FDE00100FDE00100FDE00100FDE0010014
:0C047000FDE00100FDE00100FDE00100E6
:10048000064A074B02604FF44472DB7882800822F0
:10049000C371002382710372704700BF479101004E
:1004A000881A0020064A074B02604FF4B072DB7ACC
:1004B00082800822C371FF2382710372704700BFDC
:1004C000058B0100881A0020084B094A1B7892F816
:1004D00028201B020749C27103F52E730160838037
:1004E00008238371FF230372704700BFB41B0020F1
:1004F000881A002095430100074A9378D278134464
:10050000064A02604FF4BA72C371FF23828004224C
:1005100003728271704700BF881A0020AB4301004C
:10052000064A9378D2781344002282600260044A1B
:100530004260C371FF230372704700BF881A002016
:100540007000080008B502F0EDF804F081F90549E3
:100550000D2000F07DFC04490E20BDE8084000F0AD
:1005600077BC00BFC9040000F90400002DE9F34185
:10057000C41D0028064624F007040CBF00202046B6
:1005800000F078FC071E04DA6FF00B0002B0BDE843
:10059000F081374DE988A88803316B7A03302A7AD5
:1005A00089B280B213F01AFA0028EDDB3C44A97836
:1005B000EB78002E04F10304194424F0030400FB3B
:1005C00001F10CBF0020204600F002FE20440EB9CD
:1005D0000028D9DBEA7A0446B2B1EB7B697C13448C
:1005E0001944FF29D0D80330002EAA89C9B220F0BF
:1005F00003040CBF0020204600F05CFE0028C3DB93
:1006000004440EB9002CBFDB012000F029FCB0B17E
:10061000A97BA1B195F82A3033B340234FF48172FE
:100620000734002E24F007040CBF0020204601F000
:100630009DFE0028A8DB04440EB9002CA4DBAB7A95
:10064000FBB1EB7AB3B10734002EA97A24F007048A
:100650000CBF0020204606F071F9002894DB04440A
:100660007EB9002C0DDA8FE725232822D8E700BFBA
:10067000881A0020012000F0F3FB10B1AB7B002BA7
:10068000E1D1734B1B6893B1A97D81B10334002E76
:10069000EA7D24F003040CBF002020469847002880
:1006A000FFF672AF044416B9002CFFF66DAF694B2C
:1006B0001B688BB1297C79B10334002E24F003042C
:1006C0000CBF0020204698470028FFF65DAF044489
:1006D00016B9002CFFF658AF5F4B1F68B7B1697CA5
:1006E000A1B10334002E2B7D24F0030408BF0020A9
:1006F000009318BF2046EB7CAA7CB8470028FFF681
:1007000043AF044416B9002CFFF63EAF072000F0BB
:10071000A7FB98B1A97D89B10334002E2A7E24F06D
:1007200003040CBF0020204600F0B2FE0028FFF6B4
:100730002BAF044416B9002CFFF626AFB6FA86F7A5
:1007400095F823007F09A0B103346B7FA97E24F0C4
:10075000070419443B4644F00404C9B2224600F0A1
:10076000D7FE0028FFF610AF044416B9002CFFF6A0
:100770000BAF95F8241000294CD004F10708002E87
:10078000EA8C28F007080CBF0020404613F03AF925
:10079000041EFFF6F9AE4444002E3ED1002CFFF6B5
:1007A000F3AEA97F002945D095F82230002B41D027
:1007B0002A8C0734002E02F1240224F007080CBF13
:1007C0000020404692B213F01DF90028FFF6DCAE7F
:1007D000404416B90028FFF6D7AE03302B7FA97E20
:1007E00020F0070019443B4640F0040495F822002D
:1007F000C9B2224600F07EFE0028FFF6C5AE0444D2
:1008000086B9002CFFF6C0AEEB6AF3B1C6B1EC625C
:100810000020BBE6002EC4D08846E98C40460BF091
:10082000B9FCBEE72A8C4046A97F083292B20BF091
:10083000B7FCE9E7002EE7D0002211461046F6E7A4
:1008400028343FF5A1AE2046A0E6002EE0D1FAE71D
:10085000E4270020E8270020EC2700201FB572B60F
:10086000194B1C6BECB9BFF34F8F1849184BCA6872
:1008700002F4E0621343CB60BFF34F8F00BFFDE78C
:10088000B2FBF6F22B465D1C002AF9D1DBB203F174
:1008900010056D4405F80C2C0A2233B901A8A047B5
:1008A000E1E7024600230A26EDE7013BDBB203F154
:1008B00010050DEB0506B0FBF2F502FB150030301C
:1008C00006F80C0C2846E8E7881A002000ED00E046
:1008D0000400FA0513B5124C68462389ADF80030C0
:1008E000E388ADF80430A388ADF8023003F062FB72
:1008F00018B1FA219C20FFF7B1FF207D03F08AFB9D
:1009000008B1FD21F6E7E07C03F07EFB08B1FE2193
:10091000F0E794F8290009F0DFFB02B010BD00BF3A
:10092000881A002070B50546002855D012F0D0F97D
:1009300018B94FF0FF34204670BD10F059FDB0F5E6
:10094000FA7FF6D8264C012625630025284684F830
:100950003450257084F82A50E5620AF01DFF1A22EF
:10096000294604F10F0019F0EBFD1B230821032297
:10097000A3802846E3800223A1721F216372E375DE
:10098000F72322722384FB23A2734922E3840A23E0
:10099000A1812946E27484F82930A670E670E672D7
:1009A000A674267601F0FCFE2A463146304601F058
:1009B000C9FE044620B140F2B5319C20FFF74EFF3E
:1009C000014601F0DBFEEFF3108572B600F0C6FDC4
:1009D000002DB0D162B6AEE76FF01504ABE700BFF3
:1009E000881A002038B51446002840F0EE80784D73
:1009F00095F83430032B00F0E58019B312B96FF08D
:100A0000150038BD0139172900F2DF80DFE811F049
:100A1000180029002C0042006C007500940048006A
:100A200078007B008E004E005400620067009A0040
:100A30009D00AC00AF00B200A300B500B900D20029
:100A40001378AB700020FFF791FD0028B7BF01239A
:100A500002236FF00B0085F83430A8BF85F83430DE
:100A6000CFE71378EB70EDE71379002BC7D05379FC
:100A7000002BC4D01288FB2AC1D863881B3B9BB2D1
:100A8000E02BBCD81A2ABAD92368A2886B60514BD4
:100A90009A80D7E71378EA7B9342B0D3EB72D1E721
:100AA0001378EA7A9342AAD8EB73CBE71378EA7A01
:100AB0009342A4D86B74C5E71378002B9FD053786A
:100AC000013BDBB2F82B9AD8138892786B82424BA9
:100AD0009A70B7E71078687509F06CF9B2E7137887
:100AE000002B8CD02B76ADE7012000F0B9F92378EC
:100AF00008B1012B83D9AB73A4E71388AB81A1E7BD
:100B00001378AB759EE7072000F0AAF918B923788F
:100B1000012B7FF674AF072000F0A2F918B12378FB
:100B2000002B3FF46CAF2378EB758BE71378082B21
:100B30003FF665AF2B7485E71388FF2B3FF65FAF59
:100B4000AB727FE713786B767CE713780E2B3FF65A
:100B500056AFAB7676E72368204AC5F81E30636847
:100B60005360238913816DE71378EB766AE7137876
:100B70006B7767E713782B7764E7137885F828306D
:100B800060E701F0D9FD98B1007900F001026178C9
:100B9000207801F0D7FD00287FF433AF6378012B74
:100BA0007FF650AF0BF060FA00287FF44BAF26E7DA
:100BB0000246ECE713785A1E092A3FF620AF85F863
:100BC00029303FE74FF0FF301BE76FF02C0018E7AC
:100BD000881A00208C1A00209A1A0020A61A0020D9
:100BE000F8B50D46064630B329B311F0070422D1FB
:100BF000124F97F83430012B02D16FF00B00F8BD83
:100C0000032B02D14FF0FF30F9E700F0DDFC0028A4
:100C1000F8D02846FFF7AAFC0028EEDB18F0C3FE48
:100C20003046F96A03F032FEFFF754FE03232046F4
:100C300087F83430E3E76FF01500E0E7881A00200A
:100C400010B5074C94F83430032B03D103F036FE73
:100C500004F0ECFC12F0FAFF002084F8340010BD20
:100C6000881A002008B503F0A9FD03490320BDE858
:100C7000084000F0EDB800BFA504000008B503F07F
:100C8000B1FD03490220BDE8084000F0E1B800BF13
:100C90008104000008B503F0C7FD03F0D7F903494C
:100CA0000F20BDE8084000F0D3B800BF21050000C8
:100CB000074B4FF0FF3141F6FF72C3E900120549BF
:100CC0000022C1E900221F21C3E90212704700BFC0
:100CD00020110020C01A00203F280CD801380B4BEF
:100CE000C0F3421200F01F0053F8223023FA00F044
:100CF00000F001007047FF2806D04038044BC0F3D5
:100D0000421200F01F00EFE7012070472011002081
:100D1000C01A0020074B0146006849681A4603C202
:100D200040F48C2200201A6041F0107242F4FF62FD
:100D30005A607047201100200246034B006851683A
:100D400003C30020704700BFC01A00200246034BB7
:100D50000068516803C30020704700BF28110020BD
:100D60000138064BC0F3421200F01F0003EB820370
:100D70009B6823FA00F000F001007047201100206A
:100D80000A8870B595B2C67CC2F30E02048802369A
:100D900002F118033444C35AA4B233442344013B40
:100DA000B3FBF4F303FB0422438892B29342044B57
:100DB0008BBF2B40AB4313439BB20B8070BD00BF76
:100DC0000080FFFF4A1E062A08B50346084604D8DD
:100DD0004FF4D1711520FFF741FD094A914202D924
:100DE00040F2A311F6E711B903B1196008BD2BB1A8
:100DF0001B680022C3E901211A1D1A600430F5E7BF
:100E0000FAFFFF7F10B5114B00EB41041A7863899C
:100E1000B3FBF2F303FB0223013A1A44B2F5706FFD
:100E20000279807828BF00231A440B18B2FBF0F136
:100E300000FB11215B1AB3FBF0F100FB11331344EB
:100E40006FEA43436FEA5343638110BDC81A002021
:100E5000024B03EB80035960704700BFC81A0020A3
:100E6000034B03EB80035868003818BF012070471C
:100E7000C81A00202DE9F04F10F0070A85B005468A
:100E800004D040F26F111720FFF7E8FC534F0446DF
:100E90004FF0010B07F15406B146B04657F8043B3A
:100EA0008DF80BA03BB101A898479DF80A30082B9C
:100EB00001D9F521E7E79DF80B1041BB05B1316081
:100EC0004F4506F10406E9D1002D6FD00022DFF86E
:100ED00010911427964689F8002058F827A0013F62
:100EE000BAF1000F55D09AF804609AF802C0FF2EAC
:100EF00060D039460023481C38D19C44BCF1FF0F18
:100F00003FD90AB189F800E04FF49A71BBE79DF828
:100F10000AC04B1D60465A0004EB4303022838BF49
:100F20000220441E40422344BDF808406444CCF1F2
:100F3000000C0340013C04EA0C04B4F5803F02D3EA
:100F400040F205119FE775B19A1A326091701480D2
:100F500082F803B09DF80C00107101984FEA104C14
:100F60001081A2F806C004FB0134A9E758F821005B
:100F700028B190F804B0B34504BF80781B1801393C
:100F8000B9E7DBB2E6458AF804303CBF5FFA8CFE75
:100F900001227B1CA1D10AB189F800E0142640F699
:100FA000FF6A58F82670B7B9013EFAD2601B05B047
:100FB000BDE8F08F0023E5E707EB410309F10109E4
:100FC0003846A3F80AA0FFF71DFF5FFA89F1BB7846
:100FD0008B42F1D8E8E74FF00009F6E7CC1A002081
:100FE000C81A002038B54FF6FF7302460380184B2D
:100FF00003EB8103986DA8B184780379B3FBF4F116
:1010000004FB1133DBB2194600EB4105B5F90A5078
:10101000002D0EDB0131B1FBF4F504FB1511C9B253
:101020008B42F1D1002038BD6381BDE8384012F019
:10103000A2BC00EB41046389C3F30E031380C278A2
:10104000002AF1D14FF4E5711720FFF707FC00BF2C
:10105000C81A00201C4B03EB810370B59C6D05463C
:1010600044B3030404D54FF4EC711720FFF7F6FBEB
:101070000146204612F062FCFF28014604D02046BB
:10108000BDE8704012F077BCA078B5FBF0F300FB30
:101090001353DBB219460A1D04EB4206B6F902608F
:1010A000002E09DB0131B1FBF0F200FB1211C9B2D5
:1010B0008B42F0D1002070BD8B4201D00023E37041
:1010C00004EB42025580DAE7C81A0020094B03EB13
:1010D0008103014610B59C6D204612F02FFCFF28BD
:1010E000014604D02046BDE8104012F044BC002068
:1010F00010BD00BFC81A0020F8B5104B074603EB1F
:10110000810301469C6D204612F018FCFF2805461D
:1011100011D0E288238953EA024606D001462046D0
:1011200012F029FC01463846B04720462946FFF711
:1011300069FE0020F8BD0520FCE700BFC81A0020AA
:1011400038B50E4B0446827903EB8203986D08B9DB
:10115000052038BD8278E1799142F9D24B1CE371C8
:1011600000EB41035D89B3F90A30002BF3DBA58066
:1011700012F001FC20600020EBE700BFC81A00203D
:1011800008B5124B03EB81039A6D22B940F2462158
:101190001720FFF763FB9178831A481DA3EB4003E8
:1011A0001088B3FBF0F3002B01DB994202DC40F224
:1011B0004921EDE702EB4302B2F90A305089002BD6
:1011C00002DA40F24B21E3E708BD00BFC81A002055
:1011D00070B5044610F003000E4603D04E211820CF
:1011E000FFF73CFBFFF7EEFD054624B1034831460F
:1011F0000460FFF7E7FD284670BD00BF741B0020A8
:101200002DE9F14FDFF870B01E4607460D46DBF8BA
:10121000003090469DF828A09DF82C901BB96021C5
:101220001820FFF71BFB52460921404612F00AFA2C
:101230004A4684B20921304612F004FA81B2DBF842
:101240000000214412F04EFB386018B9286001B04C
:10125000BDE8F08F04445346414609222C603868AB
:1012600012F0B3F94B4609223146286801B0BDE8B7
:10127000F04F12F0AAB900BF741B002070B50E46E3
:10128000044612F0F2F90546304612F0EEF9044B2E
:101290002A1821461868BDE8704012F048BB00BF0C
:1012A000741B0020024B186808B112F00FBB704786
:1012B000741B00201F2AF8B5044613460ED892006E
:1012C000033222F00303B3F5803F2DD2184DACB1A9
:1012D000A00710D068210920FFF7C0FAFF2B4FEAC2
:1012E000420204D9FF339A42A8BF1A46E8E77C2A93
:1012F000B8BF7C22E4E729706C602B8122F00302E6
:1013000028230127120403FB01F06B680025120C4F
:10131000EEB2B14200D8F8BD14B126181F705E605D
:10132000104401352833F3E74FF0FF30F3E700BFF7
:10133000781B0020154A002170B553681578C8B293
:10134000854203D8BA210920FFF788FA1C461846BF
:10135000013114F8286B0EB92346F0E7002199708B
:1013600001241289996103F126055C709208D96104
:1013700003F11E04596824F8022FA54243F8041F04
:101380001144F8D100234361037070BD781B002025
:101390000A4B1B89B3F5FF7F4FEA930006D25A0828
:1013A0009B1A9BB2984238BF18467047B3F5EE6F50
:1013B00001D8FF22F4E740F27263F3E7781B0020C4
:1013C0004B782DE9F04106460C4602F0040702F086
:1013D000FB05E3B1A5BBFF23A3707B0804EB570714
:1013E0003A7D032A02D1022D18BF0133E2180121F0
:1013F000117503F10C01002204EB830324F8112082
:101400005B68A27030463360B280BDE8F081002D89
:10141000E1D1012301F11E028D6120464B7004F1E0
:10142000260C1A4BCD611B8949689B0822F8023FA4
:10143000944540F8041F1944F8D100236361CAE7BA
:10144000D1F8048014220021A018617019F078F8F6
:101450000E4B1B89B3F5FF7F0FD25A089B1A9BB224
:1014600008EB0301C4F804802384A1606284C4F8FB
:101470000C80A3842161E284ADE7B3F5EE6F4FF0F9
:10148000FF02EBD940F27263EAE700BF781B00204D
:101490002DE9F84305460C46F7200521914612F048
:1014A000D1F8061E21DB1DB906FB04F0BDE8F88368
:1014B00015F0030703D098211920FFF7CFF9DFF8C3
:1014C0003080C8F81050A8F81460BBB29C42EBD929
:1014D000B8F814504B46D8F810000522F72107FB46
:1014E0000500013712F071F8EFE74FF0FF30DDE74C
:1014F0008C1B002007B5CDE900230B4603490246AB
:10150000081D12F07DFB03B05DF804FBA41B002056
:1015100013B5064CCDE900230B46024604F1080141
:1015200004F10C0012F06CFB02B010BDA41B0020F3
:1015300008B54B1E032B03D923219020FFF78EF90A
:101540000028054A0CBF05230C2303EB8103053358
:1015500023F00103137008BDB41B0020114B0122BE
:101560004FF0FF3000215A60C3F80803C3F800159C
:10157000C3F804255A6040F6FE72C3F80803402001
:10158000C3F8001503F570330749C3F80825C1F8FF
:101590008800BFF34F8FBFF36F8FC1F88801C3F886
:1015A000082570470060045000E100E00268002058
:1015B000014B1A60704700BFB81B0020014B1B682D
:1015C000184700BFB81B0020024B1868003818BF2E
:1015D00001207047B81B00200A4606489C2302F8E9
:1015E000033BC368C1F803300369536043699360E8
:1015F000704700BFBC1B0020024B5A8C02435A8428
:101600005B6A1847BC1B0020014B00215B6A18472E
:10161000BC1B002010B5154C09F054FD0AF07EF8F3
:10162000208DFFF7F1FF237E63B12246104904F1BC
:10163000190052F80C3BE36063685360A368936041
:1016400016F03FF9218DE06A05F0D2F9E36AB3F8AC
:10165000AA0005F00DF9636B94F8301094F831008E
:101660009847002384F8383010BD00BFBC1B002011
:10167000D9150000034B93F838300BB1FFF7CABF00
:10168000704700BFBC1B00202DE9F041DFF88080CF
:1016900005460E4608F12C0014F0FAF8044618B17D
:1016A00001242046BDE8F081D8F82C3093F8A870CA
:1016B0004FB1012D07D1B8F822301A0703D598F899
:1016C0003930002BECD1012EEAD8D8F83C3028462E
:1016D00098470028E4D098F83030002BE0D167B963
:1016E000012DDED1B8F82230002BD9D198F8403046
:1016F000002BD6D198F8414007E0002DD1D1B8F8A1
:1017000022309B07EED598F8394084F00104C8E7F1
:10171000BC1B002070B5204C0646636DE56A63640F
:101720004FF4817394F85800A4F848302B7D95F855
:10173000211100EB83002EB9FF2803D195F8203149
:101740008B4201D009F068F92B7DFBB1E06D09F007
:10175000F7FBE16D606C09F067FF66B995F8213120
:10176000033B012BB5F8E4308CBF0020282018443F
:1017700080B209F033FCB5F8E00009F00DF9002063
:1017800009F06AFC022384F8383070BD606C09F0FF
:10179000D7FB09F0C3FFE0E7BC1B002008B5094BED
:1017A00093F83820022A04D040F257312720FFF75F
:1017B00055F8DA7A42F00102DA72BDE80840FFF724
:1017C00029BF00BFBC1B002010B590F86A1086B07E
:1017D000D1B9C2880B4605910021CDE903110C490E
:1017E00091F85840029400F190040194C96A91F86C
:1017F000A810003918BF0121009100F180010220DA
:1018000009F022FE06B010BDD0E91E23E3E700BFB9
:10181000BC1B00202DE9F041274C06460F4694F8EA
:101820003830012B5FFA83F804D040F60C112720E2
:10183000FFF714F8E56A2B7953B1002104202971D0
:10184000FFF7DAFEE36A93F8A8300BB185F805805C
:1018500094F860308BB92B7A052B0ED117490220F2
:10186000FFF7CAFEE36A93F8A83033B1E36E1B7842
:101870009A1E5342534184F839301EB1BDE8F041FD
:10188000FFF7C8BE002FF9D031463046FFF7FCFE07
:101890000028F3D12B7DE46A13B12846FFF794FFAB
:1018A00094F821210120B4F8E21018F0A4F80020E7
:1018B000BDE8F041FFF72EBFBC1B0020281C002014
:1018C0007FB590F86A10D1B9C2880B460591002106
:1018D000CDE90311FB21029100F190010191094929
:1018E000C96A91F8A810B1FA81F14909009100F193
:1018F0008001042009F0A8FD07B05DF804FBD0E9E1
:101900001C23E3E7BC1B00201E4A10B5546E41782F
:101910002378C90003F0F30301F008010B43817839
:10192000890001F004010B43C178090103F0EC03C5
:1019300001F010010B43017801F003010B43237008
:10194000B2F8703063700223516EA2F868300479E7
:101950000B786001012C23F0200300F0200043EA03
:1019600000030B700CD1D36A93F8BA2093F8BB3004
:10197000032A03F01F0308BF002243EA82138B707F
:1019800010BD00BFBC1B0020F7B5184C0646656FA4
:101990000DB1E36C23B940F6C4012720FEF75EFFCA
:1019A000B4F8503001F003012F466B702B7823F010
:1019B00003030B4307F8033B3846B4F85020E16CAF
:1019C00011F0F0FA0DF1020201A9A06F6564E7645D
:1019D00011F072FF019811F05DFF0122B4F8501070
:1019E0003060A06F11F001FF03B0F0BDBC1B002000
:1019F0002DE9F04FAC4C87B0D4F82C8098F820112A
:101A000058B998F8142094F8583003EB8203FF2B50
:101A100003D198F821318B4202D0FF2008F0FCFF5F
:101A2000002304AA02A9A14804938DF8143084F875
:101A3000603001AB13F021FF0746002845D0029A21
:101A4000BDF8043022B940F213412720FEF706FF0B
:101A50006266A4F8703003B1D31CE366012384F8F6
:101A600060309DF8133004A8003B18BF012384F8B0
:101A7000403098F81330002B00F01C81B4F870301F
:101A8000002B00F01781FFF73FFFE06D09F058FAD7
:101A90009DF81420E16D003A606E18BF012209F034
:101AA000D9FB18B9616EE06D09F048FDB8F8E200A5
:101AB00008F072FF012009F0CFFA012384F8883082
:101AC00084F8383007B0BDE8F08FE66A8DF803007F
:101AD000337AADF80600062B00F2CA80DFE803F087
:101AE00004CBA1A1C8B8B80094F87F300DF106016D
:101AF00003A8A6F81031ADF8063003F005F938B1A7
:101B0000039D2DB1012384F88030052333729CE0BE
:101B1000E36A93F85130002B6BD10DF103020DF104
:101B20000601D4F8840011F0C7FD0546002860D0F6
:101B30009DF80370FFB10146D4F8840011F0A6FEB1
:101B400011F0A8FED0F800B0D0F804A081465BEAFE
:101B50000A0348D1002389F8003089F8013089F858
:101B6000023089F8033089F8043089F8053089F8A3
:101B7000063089F80730BDF80630002B40D101232C
:101B800033720123002784F88030BDF80630656683
:101B9000A4F8703003B1EB1CE366727A357A8DF8E5
:101BA0001120022DB27A8DF8122004D0053D012DAE
:101BB0008CBF012503258DF81050002F5ED000202A
:101BC0009DF810308DF81300032B6BD1E36E1B785A
:101BD0001B2B67D1012106F1BA0008F065FF012334
:101BE0008DF814303DE718F00AF983457AEB0101CE
:101BF000B0D2002301222E4DADF806303272C6E776
:101C00009DF803301BB92B80AB700323B8E72B780A
:101C100003F00303012BF8D0022333720023B375C2
:101C2000AFE7B6F810310DF103020DF10601D4F85B
:101C30008400ADF8063011F03FFD054610B940F2C2
:101C4000C35102E7012384F88030BDF806309EE7D7
:101C50000DF1060103A803F057F808B1039D15B96B
:101C600040F2D251F1E6012384F8803006234DE79B
:101C700040F2DC51E9E60E4D002388E7032D02D146
:101C80001B78022B9BD0D4F8840011F06DFD38B97D
:101C9000032D94D003F054F880F00100C0B28FE718
:101CA00001208DE700239BE7BC1B0020E81B0020E0
:101CB000381C0020FFF728FE606E09F041F909F09A
:101CC0002DFD9DF81410606E003918BF012117F02A
:101CD0009FFEEBE62DE9F04FB04C87B00027804621
:101CE00094F83830E56A022B019105F1A80ACDE994
:101CF000027704D040F6AD112720FEF7AFFD616CEE
:101D000003200B784A780144A4F84800E16403EA10
:101D10000001A4F850208DF81010C3F3C0018DF815
:101D20001110C3F380018DF81210C3F30011C3F337
:101D300040138DF813108DF81430B8F1000F00F037
:101D40000C8104A904F12C0013F099FD064630B96A
:101D5000B4F8501009B3A06F11F027FD0746238D8A
:101D60009DF8121043F40073676723856B7A013383
:101D7000DAB203F0010399424AD12B7A33B3032B31
:101D80006A720CD8012B21D002A9D4F8840011F07A
:101D9000B5FCA0B940F2D471AEE70746DFE7053BDA
:101DA000012B02D940F2B371A6E702F0BBFF10B9D4
:101DB00040F2DE71A0E700210820FFF71DFCD5E905
:101DC0001C32013342F10002C5E91C320021E36AF2
:101DD000297293F8A8302BB16B791BB1102069716F
:101DE000FFF70AFC238D4FF0000B43F400632385BB
:101DF0002B7DDBB1B4F85030C3B109F0ADFC032842
:101E0000FBD0022806D1FFF705FC07B0BDE8F08F34
:101E1000C346EDE750B9AB7A9DF8112003F00103FA
:101E20009A4203D1012384F83130ECE7B4F85070C2
:101E3000E6B19DF81330591E4B424B4184F84130B6
:101E4000002F40F0B7800027B946019B002B00F01F
:101E5000B88009F037F9B9F1000F00F01E819DF844
:101E6000101003A8FFF790FD0127C9E0AB7A9DF899
:101E7000112003F001039A4223D19DF810307FB363
:101E80005A1E012A2CD8238D95F8149043F48053C0
:101E9000238508F097FD032894F8893007D1B9F11C
:101EA000000F0CBF1F221B22934228BF1346B4F819
:101EB00050209A4208D994F8303043F0100384F847
:101EC00030304FF000091EE0636F002BF9D094F81A
:101ED0008A301BB12020FFF797FBF2E79DF8103006
:101EE000AA7A032B02F10102AA722CD05A1E012AEF
:101EF0001DD8002FE5D0C146D5E91E32013342F18D
:101F00000002C5E91E32626F9DF81310002A56D1F7
:101F1000B4F85020B2FA82F25209012914BF00220B
:101F200002F001023746002684F841208DE7002F99
:101F3000C7D0002BC5D1D5E91E32013342F10002D2
:101F4000C5E91E32BDE7238D0120154943F48053B6
:101F500028712385FFF750FBEDE72B7D0BB109F0CE
:101F600015FC94F88B30013384F88B30238D43F4C7
:101F70008063238595F82131033B012B12D808F0AB
:101F800021FD032812D1B4F850604FF000091B2E38
:101F9000CB4694BF00260126B5E700BFBC1B00203E
:101FA000081C002003F0B0FC0028E8D10026B14650
:101FB000B346A8E7238D43F48053238543E70122EA
:101FC000ABE794F88B100120FFF75EFB00287FF44D
:101FD00040AFEA7C12B12846FFF772FC002095F86A
:101FE0002021B5F8E01017F006FD0020FFF700FDF6
:101FF000B9F1000F5AD09DF8101003A8FFF7C4FCE8
:10200000238D5A0606D44020FFF7FEFA238D43F0B5
:1020100040032385BBF1000F10D0EB884BB9E36A76
:1020200093F8A8302BB1B4F80530B4F80720134367
:1020300004D0B4F809300133A4F80930B8F1000F26
:102040003CD0B4F805300133A4F80530002384F8FF
:102050008B301D4804F070FB029830B111F01AFC6F
:1020600000220272514603F0FBFB039B33B10022B6
:102070001A720C225146039803F0C0FB002F7FF424
:10208000C2AE238D1B063FF5C0AE8020FFF7BCFA21
:10209000238D43F080032385B7E6002E3FF4E4AEA2
:1020A0000A49A1F1200013F0ECFBDDE6002EA7D0D9
:1020B0000649A1F1200013F0E4FBA1E7B4F80730D2
:1020C0000133A4F80730C4E7E81B0020081C0020F7
:1020D000064B10B593F8382002F0FF0422B91C76A5
:1020E00004F07EFC204610BD0C24FBE7BC1B002046
:1020F000094B0A4A10B51A60FFF7EAFF20B14FF406
:10210000B1712720FEF7AAFB054C02F0F3FB6065D6
:1021100002F0F4FBE06510BDF02700205C23000016
:10212000BC1B0020F8B5794C054694F8386006F0E1
:10213000FF0016B909B102B123B94FF4207127206D
:10214000FEF78CFB63639DF81830616284F88A3077
:10215000E26384F8300084F88B0084F8310084F85E
:1021600088006084208584F8400084F8410084F869
:10217000800084F839006066E066A4F8700060644E
:10218000E064A4F85000E56208F0B0FC09F0C6FA7B
:1021900095F9280108F00EFDD5F8D460D5F8CC00EB
:1021A00008F00EFD304608F0AFFE95F8250008F067
:1021B00011FDB5F8E030622B03D9B5F8E230622B9F
:1021C00001D808F0EFFBE36A93F8A860002E40F016
:1021D000858016F05BF995F820214D4B4FF47A710C
:1021E00053F8223003F5FA73B3FBF1F352331918A5
:1021F000304608F0FDFC474B186808F08BFED5F818
:10220000C030C4F88430D5F8C430A367AB7B243B1E
:10221000072B6BD9EB7B243B072B67D9B5F8F23042
:10222000B5F8F80095F82011984228BF18460429FF
:1022300008BF032114F0E5FE034695F8F400984228
:1022400028BF184695F8F03080B2984200D3C3B248
:1022500095F8211105F1E80084F87F3015F0E0FBD6
:1022600095F821112F7D0329B5F8FC6008BF0421E2
:1022700014F0C7FE0FB9043080B2864228BF06466C
:10228000F6B284F8896003F03FFB28B103F042FB0B
:10229000864238BF0646F6B284F8586013F0F4FA66
:1022A000E36A93F8A8301BBBEB7C13B12846FFF719
:1022B00007FB0120FFF79CFB002323606360A36002
:1022C000EB886380B5F8AA30238095F82530237118
:1022D000D5F824310BB101221A60F8BD16F0D6F8FA
:1022E00095F8212100F17101012082E71B23AFE75E
:1022F0002B7D13B12846FFF767FA0120FFF70AFA92
:10230000E36AD3F8F00108F037FED5E7BC1B0020E4
:10231000A48B0300F0270020014B93F8880070473E
:10232000BC1B0020054A138D92F8800003F48051F5
:1023300010B113F4C06F00D1080B7047BC1B002014
:10234000024B93F82900C0F3C0007047BC1B00206B
:10235000014B93F88B007047BC1B00209D170000B9
:10236000D51C00001518000075160000343270B539
:10237000054692B20C461E4611F044FB25B1034AB5
:10238000556014745674147070BD00BF601C00203A
:102390000138C0B2032808B504D94FF43F710620B4
:1023A000FEF75CFA014B185C08BD00BFD88803003B
:1023B0000138C0B2032808B504D94FF43F71062094
:1023C000FEF74CFA014B185C08BD00BFF58803000E
:1023D0000138C0B2032808B504D94FF43F71062074
:1023E000FEF73CFA014B185C08BD00BF588903009A
:1023F0000138C0B2032808B504D94FF43F71062054
:10240000FEF72CFA014B185C08BD00BF518A03008F
:10241000F0B5284AA7B004460D4610686B465168CF
:1024200002AE0F2203C300210DF1890018F088F8D5
:1024300000211022304618F083F816ABDDE90001C8
:1024400083E80300234618AC03F128071868083313
:1024500053F8041C2246BB4203C21446F6D1802323
:1024600006AA8DF88830002302F8013B0133102BB7
:10247000FAD196E80F0012AC84E80F000AAA2146B0
:1024800006A811F0FEFB01230EAA214606A88DF82E
:102490004B3011F0F6FB2A460EA90AA8042317F0C8
:1024A00092FF042305F1100229460AA817F08BFFBA
:1024B00027B0F0BDDC88030008B50AF0D9FB28B9C5
:1024C000034B1868BDE8084011F0A1BD08BD00BF6E
:1024D000241D0020F7B50446052900F20C81DFE831
:1024E00011F00600A900AC000A010A01A50090F84D
:1024F000623223B903B0BDE8F0400FF0E5BE90F8BA
:102500006232052B05D10F220021204611F0B2FDC9
:10251000F0E74FF40C7180680EF01EFFA368283BB3
:10252000184417F0B8FB94F86232032B08D094F8E3
:102530006232022B04D04FF4AE718E20FEF78EF97A
:10254000032384F86232D4F8D4300D21B4F8642225
:102550002046B3F847301344A381FEF711FE064628
:102560000E21FEF7B3FD01A90546304614F0AFFD7C
:1025700008B18D21E1E794F85D3240F2712E95F8B3
:102580003E710199B5F83821D1F8C810B5F850015D
:102590004A43B5F83A110EFB00F0B3FBF7F607FB20
:1025A00016335643DBB203F1010C4B430EFB0363BE
:1025B000834201D99721C0E7BC45A0EB030300D0BB
:1025C000F1B93244904202D8042284F86222D5F84C
:1025D0004C21934218D2042284F8622223F07F43D4
:1025E000D4F85022204663F31702C4F850220AF0B0
:1025F00091F960B9204603B0BDE8F04011F007BD85
:102600000EFB01F18B42DEE722F07F43E8E7204634
:102610000AF09CFA0028EDD038480FF097FD3748B3
:102620000FF0A2FD364B1C6003B0F0BD0AF030FB8A
:10263000032269E740F2F7117FE7FF2380F8673252
:1026400090F8623203F0FF0213B980F86722EBE7DB
:1026500090F86232052B07D10322002111F00AFD08
:10266000002384F86732F2E7302301A980F8203292
:10267000B0F86032ADF804300AF00AF8BDF8043062
:102680000228B4F86022A3EB020384F8B030E7D04C
:1026900001282CD1042384F862320D212046FEF754
:1026A0006FFD0E21FEF712FD94F85D3290F83E2189
:1026B000B3FBF2F102FB11330133DBB29A4202D0D9
:1026C000042384F86232D4F8D4302046B3F847109B
:1026D000B4F86432194489B2A1810AF0FBFA94F883
:1026E0006232042BBCD1204611F069FBB8E72046CA
:1026F0000CF024FED1E740F2FD111EE7B9240000E2
:10270000241D0020014B024A5A607047241D0020FE
:10271000D5240000024B02461830596817F0ECBB74
:10272000241D0020024B034A1A60528B9A80704786
:102730002C1D0020E6110020014B1868704700BFD7
:102740002C1D002008B5034610465A1E032A10D837
:102750004A1E032A0DD8084A012951700CBF0021D6
:102760000A211071937091721946FEF7E1FE002064
:1027700008BD6FF01500FBE7E6110020074A537A09
:1027800040B143F00403002953720CBF0023072318
:102790005371704703F0FB03F5E700BFE61100201B
:1027A00040EA4100014BD870704700BFE61100209D
:1027B00014280BD028280BD00A280BD10323064A53
:1027C0000020528B1340054A938070470223F6E79E
:1027D0000023F4E71E207047E61100202C1D002086
:1027E000014B9888704700BF2C1D002070B506680B
:1027F0000D4604460E21B6F8AA00FEF767FC07490D
:1028000080F8BD50B43015F053F8002386F84D31F0
:102810002046BDE8704015F092BA00BFA92900001B
:102820002DE9F0410768054688460E21B7F8AA0051
:10283000FEF74CFC0D210446B7F8AA00FEF746FC53
:10284000002680F86262094904F1B40084F8BD8072
:1028500084F8BE60A4F8C06015F02AF887F84E61CD
:102860002846BDE8F04115F06ABA00BFEB4301000D
:102870002DE9F041056806460F460E2195F8A8801F
:10288000B5F8AA00FEF722FC0D210446B5F8AA000F
:10289000FEF71CFCB8F1000F02D0EB7B452B15D0E6
:1028A000002384F84571A4F84831A4F84631A8B94A
:1028B00094F8453104F1B4000B4984F8BD3000238D
:1028C00084F8BE30A4F8C03014F0F2FF002385F87D
:1028D0004F313046BDE8F04115F031BA90F8623220
:1028E000002BE5D0F2E700BFEB43010038B50368E9
:1028F00014460D460E21B3F8AA00FEF7E7FBB4B963
:10290000B0F84831B0F84621A0F848419B1AA0F829
:1029100046411BB290F8A4205AB980F8A5509C30CB
:10292000847283810349BDE8384014F0C1BF00239D
:10293000F0E738BDEB43010010B540880C460E218E
:10294000FEF7C4FB90F872305BB980F8734014B99D
:10295000FF2380F8C23003496A30BDE8104014F00C
:10296000A7BF10BDBD45010070B5066804460D4601
:102970000E21B6F8AA00FEF7A9FB90F87C304BB9FF
:1029800080F87D5015B9FF2380F8C53005497430B3
:1029900014F08EFF002386F84C312046BDE87040CD
:1029A00015F0CDB96B4B010070B50C460E210546F4
:1029B000FEF7E6FB0E210646FEF788FB002280F8B4
:1029C000C6203E22A6802270222262702F22A27090
:1029D0006A7AE27090F8162102F03F02A27190F834
:1029E000F820012AE2714CD190F80421227290F86B
:1029F0000821627290F80521A27290F80621E27215
:102A000090F80721227390F80921627390F80C2145
:102A1000A27390F80B21E27390F80A21013AD2B226
:102A2000072A96BF1749FF228A5C2274D0F8F92042
:102A3000C4F81120D0F8FD20C4F81520B0F8012109
:102A4000A4F8192090F80321E27690F80D2122775E
:102A500090F80E21627790F80F21A27790F8152157
:102A6000E27790F8122184F8202090F8132184F85E
:102A7000212090F8102184F8222090F8113184F858
:102A8000233070BDE4880300502808B51DD018D845
:102A900028280CD8092806D9A0F10A020C4BD2B27A
:102AA000D340DB0707D43221D620FDF7D7FE3228EA
:102AB00001D03C28F7D10A23B0FBF3F00138C0B2B3
:102AC00008BD9128EFD10720FAE70620F8E700BFFC
:102AD0000104104038B50B6804460E21B3F8AA0073
:102AE000FEF7F4FA90F8163190F8F820054603F056
:102AF0003F0343EA8213227D637022F0800203F0D9
:102B0000C00322750022402BE27640F09380D0F87B
:102B1000F930C4F80230D0F8FD30C4F80630B0F80F
:102B20000131638190F80331237390F804316373AA
:102B300090F80831FF2BA3731FBF90F80531E373A2
:102B400090F80631237490F80731637490F80931D6
:102B5000A37490F80A31E37490F80C3190F80B21CB
:102B60001B0190F80D1102F00F0203F03003134324
:102B7000227D22F03F0213432375637D61F303033B
:102B8000DAB2637503F00F03012B08D1134690F8F6
:102B90000E2162F30713637590F80F31A37595F852
:102BA0001201FFF771FFE07595F81301FFF76CFF55
:102BB000207695F81031642B2BD024D8502B2AD0B6
:102BC0003C2B05D81D2B07D80F2B0CD0142B0AD06B
:102BD0005D21D620FDF742FEA3F11E01184AC9B2BD
:102BE000CA40D107F4D50A22B3FBF2F3013BDBB2B2
:102BF000637695F81131142B11D0282B1CD00A2B99
:102C00001CD04321E5E7782B07D0962BE0D1092390
:102C1000EEE70723ECE70623EAE70823E8E70123CA
:102C2000A37695F815315A1E53425341227D63F322
:102C3000861222751C2038BD0223F1E70023EFE73E
:102C400001041040036810B50C46B3F8AA000E2129
:102C5000FEF73CFA034980F887407E30BDE810401B
:102C600014F02FBEA92900002DE9F84F076880460F
:102C70000D460E21B7F8AA0097F8A890FEF726FA9D
:102C8000044690F8C2A05FFA8AFAB9F1000F07D0A3
:102C90003E6816F480660BD001263046BDE8F88FFA
:102CA000FB7B002BF8D13021B87B11F0F5FB0646F9
:102CB00001F06CFE0B0401F4004B40F1F880D8F8F1
:102CC0000030DA7C002A00F0EE801B7D002B00F043
:102CD000EA80AEB90D21B7F8AA00FEF7F7F950B9AE
:102CE000BAF1000F0BD005F1010A504612F02EF890
:102CF000D0B91E2604E090F86232002BF0D00C26EA
:102D0000B9F1000F05D0FB7B002BC5D1BBF1000F43
:102D100003D031464046FFF795FF3246404630210A
:102D2000BDE8F84F15F039B86B7803F0C003402BBD
:102D300040F0A3802146504612F078F8002800F0B9
:102D4000B4806B78C3F3050203F03F0103F0C003C6
:102D5000402B40F0928094F817311BB994F816314B
:102D60008B42C6D1012384F8162184F8F830002361
:102D700084F81731DAF80130C4F8F930DAF80530A0
:102D8000C4F8FD30BAF80930A4F801312B7B84F87F
:102D900003316B7B84F80431AB7B84F80831EB7B27
:102DA00084F805312B7C84F806316B7C84F807317C
:102DB000AB7C84F80931EB7C84F80A312B7DC3F3BA
:102DC000030384F80B312B7D03F03003B3FA83F354
:102DD0005B0984F80C316B7DC3F3030384F80D3178
:102DE0006B7DC3F3031384F80E31AB7D84F80F3190
:102DF000EB7D052B35D8013303EB83035B00DBB29E
:102E000084F812312B7E052B30D8013303EB83037A
:102E10005B00DBB284F813316A7E082A97BF274B28
:102E200096239B181B7A84F81031AB7E1BB3012BC1
:102E30000CBF1423282384F8113101F0ADFD036881
:102E400013F400631CBF2B7DC3F3801384F815318A
:102E5000B9F1000F22D13A23FB73404614F077FFFB
:102E60001BE7062B0CBF50239123C9E7062B0CBF91
:102E700050239123CEE70A23DDE76B7894F81621DF
:102E800003F03F0393427FF434AF0023012284F820
:102E9000F83084F8172184F81831D9E73B6843F4F7
:102EA00080633B60D9E72F262AE7202628E71A26E9
:102EB000B9F1000F7FF427AF2FE700BFE4880300CC
:102EC0002DE9F041D0F8008004460F4698F80F60D5
:102ED00076BB01F05BFD0B0406D41A222046392193
:102EE000BDE8F04114F059BF2368DA7CF2B11A7DD5
:102EF000E2B10E21B3F8AA00FEF7E8F8054600F1AA
:102F0000E20300F1DA0200F1CA01384614F0B5FB21
:102F100005F18800074914F0D1FC3C23204688F8CD
:102F20000F3014F014FF3046BDE8F0812F22D5E7B2
:102F30000126F8E7B54F0100036810B50C46B3F859
:102F4000AA000E21FEF7C2F8034980F89A4091309A
:102F5000BDE8104014F0ACBC334F01002DE9F74F31
:102F60001E4613688346154637680093BB4204D952
:102F70004FF48D71D320FDF771FCD1F800A09AF8C1
:102F80002B0102F021FA04460AF1E80014F046FD94
:102F9000DAF8E830610098421FFA81F838BF184625
:102FA000414600F2BF1948460EF0D6F99AF82021A2
:102FB0002D4B00F11004DAF8C800414653F82230D6
:102FC0004FF47A724C4403F2E733B3FBF2F3DBF8CD
:102FD0004C2190332732AF2B024438BFAF23B2FBD2
:102FE000F0F2504301930EF0B7F99BF83E21814671
:102FF000BBF83A014146019B5043DBF84C2102F1FA
:10300000480B40F2712202FB00BBDAF8C8009B4477
:103010000EF0A2F9DAF8C810D944484481429CBFA6
:10302000B0FBF1F301FB1300009B081A0139814248
:1030300028BF01468C4228BF0C46A34238BF234616
:10304000BB421C4628BF3C46A1422C6038BF2146EB
:10305000B94228BF39468C42316002D94FF4B2716F
:1030600088E703B0BDE8F08FA48B030070B5441E61
:10307000E5B21F2D0ED8A1F2E2460D4DAE4209D8A1
:1030800040F27126012806FB02F505D001F19602F7
:10309000954203D2002009E0002AFBD106FB03F091
:1030A00005FB0411884234BF0020012070BD00BF21
:1030B0001D043D0073B5066805460E21B6F8AA004A
:1030C000FEF704F82F4B4FF4FA72044690F82C11D7
:1030D000CDE90023D0F8282111F0ADFFC4F84C0150
:1030E0000DF0E4FA84F83E010DF0E6FA294601AB52
:1030F0006A46A4F83A012046FFF730FF009B019A88
:1031000023F07F43D6F8C80094F83E11C4F830315C
:1031100022F07F433D32B4F83A510139D4F84C6182
:103120000244C4F83431694340F27125324405FB4E
:103130000122B4F81C11B2FBF0F20132A4F85011D4
:10314000A4F83821B4F82221012A18D09533034479
:1031500005FB0133B4F82011B3FBF0F39BB28B42B3
:1031600038BF0B46A4F8523194F82C31A4F85421FE
:1031700084F856310F2384F85A3102B070BD002311
:10318000F0E700BFFF083D002DE9F04FD0F800B098
:103190008FB007460C46BBF8AA000E21FDF796FF3C
:1031A0000D210546BBF8AA00FDF790FF3B6882465B
:1031B0009BF80E0093F8A890B9F1000F20D13221AE
:1031C00011F06AF9064695F8C8305BB302AA05F516
:1031D000AE7105F1F8000DF01FF89BF80F30002BD1
:1031E00040F0458101F0D2FB0B0425D41A22322194
:1031F000384614F0D2FD064630460FB0BDE8F08FD9
:1032000033280CBF2A260026BAF1000F08D09AF8FE
:10321000629209F1FF32D2F1000949EB0209D2E7CB
:10322000D146D0E702ABD5F8F900D5F8FD10B5F8D6
:10323000012103C31A80D0E795F8C4300BB92F22BF
:10324000D5E70EB13246D2E7637895F8162103F040
:103250003F03934245D195F8F830012B41D195F8C1
:103260001761002E3DD13A686388D1885B1A1BB282
:10327000002BB8BF5B429BB2B3F5804F31D261796E
:1032800023797C4843EA0123A17943EA014303F10E
:103290008071A1F5FA7121F07F41814221D8217A14
:1032A00094F8078048EA0128617A48EA01484345D2
:1032B00017D8D2F8C8304345019312D9A27C617C5B
:1032C000E07C41EA02216389B4F80F2041EA004121
:1032D000A07BFFF7CBFE20B1E18AA28A012902D1AF
:1032E0005AB11E2283E7019908F196084A4340F239
:1032F000712101FB03884245F3D3A389002BF0D051
:10330000237F03F00F02042A01D90F2AE9D14F2BA2
:1033100003D903F0F003F02BE3D1237E072BE0D891
:10332000A07E14F0AAFC0128DBD1A37E082BD8D8FC
:10333000607E0F28D5D814F0A0FC8046FFF7FCF97A
:1033400043784345CDD395F80C11207E0CF084FCD6
:103350008045C6D302A80DF00FF808B9482246E709
:10336000A28A47F6FE739A4216D8FFF7E5F92222A1
:103370008046002105A817F0E3F83F4B4246217E26
:10338000059305AB95F80C0112F032F820B1A17E3F
:10339000386811F0D5FE08B9202228E7BAF1000FED
:1033A00007D09AF8623223B1B9F1000F01D10C2293
:1033B0001DE73F2328468BF80F306279237943EAD3
:1033C0000223A27943EA0243227AC5F83031E37935
:1033D00043EA0223627A43EA0243C5F83431227C8D
:1033E000E37B43EA0223A5F83A31A37B85F83E311B
:1033F000627B237B43EA0223A5F83831A378E27885
:1034000043EA0223A27CA5F83C31637C43EA022311
:10341000E27C43EA0243C5F84C31627D237D43EAF6
:103420000223A5F85231E27DA37D43EA0223A5F8E9
:103430005431E27AA37A43EA0223A5F85031A37EFD
:1034400085F85731E37E85F85831237E85F856316B
:10345000637E85F85A31396811F03EFE05F1AA0005
:10346000064914F02BFA384614F071FCC4E6012624
:10347000C2E600BF0B073D000004040069500100D4
:1034800003682DE9F047DA7B06460C46422A40F0F5
:103490009D800027DF7314F06CFC33680E21B3F8B5
:1034A000AA00FDF713FE637890F81621054603F095
:1034B0003F03934240F0958090F8F830012B40F0A4
:1034C000908090F81731002B40F08B803168628833
:1034D000CB88D31A1BB2002BB8BF5B429BB2B3F5AB
:1034E000804F7ED2B0F83C31D21A130479D462797D
:1034F0002379634843EA0223A27943EA024303F1B2
:103500008072A2F5FA7222F07F42824269D8D1F825
:10351000C8209A4265D9D5F83021934261D3D5F8B5
:10352000342193425DD8637B217BA07B41EA032158
:103530006289B5F8503141EA0041607AFFF796FDA3
:1035400000284ED0B4F80730002B4AD0E07B072883
:1035500047D895F80C8195F856A141460CF07CFBB4
:103560008146414650460CF077FB814539D1B8FA87
:1035700088F8E07B4FEA581841460CF06DFB814615
:10358000414650460CF068FB81452AD8207C14F057
:1035900074FB012825D1217C082922D8627B237B5A
:1035A00043EA0223A27B43EA0243D5F84C2193422B
:1035B00017D86289B5F83A319A4212D3306811F0BF
:1035C000BFFDB0B96FB1002220210CE09B7B3E2BE8
:1035D00054D114F0B4FB3368002283F84E21012744
:1035E0005BE700221E213046FFF780F90020BDE88E
:1035F000F087227C4FB995F857319342F1D195F974
:10360000581194F911309942EBD161793046237900
:1036100043EA0123A17943EA0143C5E94C33E17A46
:10362000A37A43EA0123A5F83A31637A85F83E315B
:10363000217AE37943EA0123A5F83831A378E178C8
:1036400043EA0123617BA5F83C31237B43EA012354
:10365000A17B85F85721012243EA01430021C5F8E7
:103660004C31637C85F85831E37B85F85631FFF7A0
:103670003DF93168284611F02FFDB7E70120B6E784
:103680000B073D00304BF0B5B0F86C700C4611469E
:10369000DA88B0F86A6085B097421D8928BF17465E
:1036A000964228BF16461B2E2ED0B5F5A47F2DD0EE
:1036B00040F6480301AA9D4228BF1D4612F002F9B8
:1036C000BDF80A30BB4228BF3B46E380BDF80C3052
:1036D000AB4228BF2B462381BDF80630B34228BF3A
:1036E00033466380BDF80830AB4228BF2B46A38029
:1036F000FF232370E3881B3B9BB2E02B08D940F2E9
:1037000009513920FDF7AAF81B2FCED105B0F0BD25
:1037100063881B3B9BB2E02B02D940F20B51F0E7D0
:10372000238940F64812A3F5A4739BB2934202D9B1
:1037300040F20D51E5E7A388A3F5A4739BB2934231
:10374000E4D940F20F51DCE7381D0020F7B5002323
:1037500004460E461746CDE900336846FDF7F0FCF7
:1037600008B100201AE0009DA542F6D0304605F1D0
:10377000AD0312F091F8394695F8AC2013F0B9FB7F
:103780000028EAD005F1B40395F8B32004F1B401A0
:1037900094F8B30013F0ADFB0028DED003B0F0BD09
:1037A000054A516A02F11D03127F11F8030BC0F3A1
:1037B000801013F09EBB00BFA822002010B503218B
:1037C0000020FDF783FC044670B90321FDF742FC9D
:1037D000044620B940F225313920FDF73FF8034B6C
:1037E00093F9701015F052F9204610BD381D0020D5
:1037F000014B5888704700BF381D0020044BD87B10
:10380000C0F3400080F0010000F00100704700BFED
:10381000381D002038B513F06BFB002501F030FC9B
:10382000214C01F0CBF814F024F803F099F801F0E2
:1038300025FE06F049FC012001F064F81B4B1C4AF0
:1038400029461D604FF01B13A4F86850A58184F829
:103850003650E573C4E900234FF4A4731022A3602B
:103860004FF479432361134B58681B89A06304F11B
:103870004000A38716F064FE012342F2107204F1A7
:103880005E0084F840306375C4E9112216F056F8E2
:1038900004F1500016F078F80022002384F88050DC
:1038A000C4E91E2338BD00BF381D0020F4270020C6
:1038B00003021B00F5880300064B41F64C521B2106
:1038C0001A629973C3E9062241F288325A62FFF7FD
:1038D000A1BF00BF381D0020F0B53D4D85B000F1FF
:1038E000A8070446AB69C0F8E8302B7C003B18BF42
:1038F000012380F82931374BC0F8C830384614F01E
:10390000D1FE064601F042F88306A97B53BF1B2374
:103910006B88AA881A46A4F812312F4BA4F81421F8
:103920001B6884F8F010A4F8F26023B194F9281110
:10393000B4F8AA00984703A8039411F0ABFF274BF3
:103940001B681BB12649B4F8AA0098472549384698
:1039500013F03EF90123A4F8DE30234B1B681BB1A2
:103960000021B4F8AA009847204B1B681BB1002126
:10397000B4F8AA0098471E4B1B6813B1B4F8AA000C
:1039800098471C4B1B6813B1B4F8AA009847AB8842
:1039900004F1C0006A8869780333033201919BB255
:1039A000297892B2009104F1C401FDF729FCD4F802
:1039B000C03023B940F2E2413920FCF74FFFD4F880
:1039C000C43013B940F2E341F6E705B0F0BD00BFE3
:1039D000381D002000093D0008280020FC27002099
:1039E000601D0020421D00201C28002010280020FF
:1039F00014280020182800202DE9F34104460E4623
:103A000015F085F8002800F09680204615F0B7F9EB
:103A100040B1B6F80130013B7F2B03D9122002B030
:103A2000BDE8F081204615F0AEF908B90C20F6E7A4
:103A3000204614F0EEFE0028F8D1204615F010F8CC
:103A400080460028F2D1204604F0E6FC0028E5D0AC
:103A500042F21073B6F80170F17820465F4315F01A
:103A600079F904213078FDF731FB054606213078DD
:103A7000FDF72CFB2DB140B141F676213920FCF742
:103A8000EDFE18B3054690F8E5802C4E3368EBB197
:103A90004035284614F0ADFCC0B1284614F09AFC1D
:103AA000A0B9B8F1000F07D0254B28461B689847EE
:103AB00060B141F68A21E1E722494246336828464F
:103AC000096A984710B141F68F21D7E7204615F0D3
:103AD0004EF9014638B93A46204603F087FC40B318
:103AE00041F69821CAE702210DF10600FDF77AFAA6
:103AF000054608B90D2092E7BDF8061013F018FB33
:103B00002946204615F06FF92846FFF7E5FE3A46AC
:103B10002946204603F06AFC024610B141F6B42162
:103B2000ACE7084BDB6E23B105F5977105F1A800F2
:103B30009847002073E7422071E700BFF827002074
:103B400000280020381D0020024B1B6803B11847D5
:103B50000C207047F4270020034B5A8802801B7802
:103B600083700020704700BF381D002073B5837834
:103B700006461A2B08D8042B04D9334A22FA03F339
:103B8000DB0705D412251AE0292B01D03B2BF9D1F4
:103B90003088B0F5706FF5D2694613F098FA88B99D
:103BA000009B93F82C2102F0FF05C2B9B27883F88C
:103BB0002D21FF2283F82C21684612F037F8284681
:103BC00002B070BD09213088FDF780FA0446002854
:103BD00037D001A9B0F8AC0113F079FA08B10C257F
:103BE000EDE70821B4F8AE01FDF770FA20B94FF403
:103BF00004613920FCF732FE03781BB994F8C83110
:103C0000032BECD1019B93F84221002AE7D194F8D1
:103C1000F02102F0FF05002AE1D1B4F8B021A3F8A9
:103C2000442194F8B82183F84621027D83F8472186
:103C3000B27883F8482184F8F021FF2283F84221EA
:103C4000BDE70225BBE700BF200038040188A1F1D1
:103C50001B039BB2E02B0CD8428844F24810A2F51B
:103C6000A4739BB2834204D8034B0020D9801A81ED
:103C700070471220704700BF381D002038B5027809
:103C8000447802F0010302F0020254EA030101D178
:103C9000112038BDBAB98578002DF9D0002B18BF96
:103CA000002400E01D46204611F0ACFE0028EFD0B5
:103CB000284611F0A7FE0028EAD0054B00209C7290
:103CC000DD729881E5E7002BECD000242546EAE779
:103CD000381D002013B5008801A913F01AFA044614
:103CE00020B9019890F83E311BB13A24204602B029
:103CF00010BD90F85C3003F0FF04002BF5D190F874
:103D000053309B0706D1FF2380F83E3101A811F004
:103D10008DFFEBE70249543013F0D3FDE6E700BF17
:103D200013830100F7B5067804460F46EF2E03D93A
:103D30001226304603B0F0BD90F901204378002AE6
:103D4000F6DB82789207F3D113F010001DD19D06A7
:103D500003F0030216D5002AEAD11907E8D4217925
:103D6000E278E57942EA0122617942EA0142A179E9
:103D700041EA0521257A41EA05418A42D8D81F2A1D
:103D800012D8D5E7032AE8D1D2E713F0600FCFD1DC
:103D900003F00702052A05D003F00F010D22CA40E7
:103DA000D207C5D51D07DAD5627A013A062ABFD8EF
:103DB000A27A032ABCD813F0040302D1023A012AE2
:103DC00003D8E27A012AB3D813B9A37C032BAFD866
:103DD000237DF8B1012BABD1237E012BA8D818B3DA
:103DE0006378D90702D500F019FD20B36378227DEE
:103DF00003F01803082B2ED1022A1CD103213046D0
:103E0000FDF764F9054660B314F003FD002834D0D3
:103E10000C268EE7022B8BD0A37D013B022B87D88B
:103E2000E37D0F2BD8D983E700F0BAFD820707D4D2
:103E3000237D022B01D111267BE7A37D022BFAD033
:103E400000F0AEFD4307CBD4237D032BF3D0A37D3D
:103E5000032BC5D1EFE7022AD0D0237F002BCDD092
:103E6000E9E703213046FDF7F5F80546002843D081
:103E7000224B93F9701014F009FE0021304615F022
:103E8000DFF928BB284614F06FFF21463870E07434
:103E9000284614F06AFEE37E0646002B3FF449AF45
:103EA00000287FF446AF0246E96C6846FDF788FAC1
:103EB0003246E86C01210FF0FAFDE96C68460422F5
:103EC000FDF77EFA32463146E86C0FF0F0FD30E740
:103ED000403014F08EFA0028D4D0637813F0330FFA
:103EE0007FF426AFA67D2846296A14F05BFFFEF713
:103EF0005FFA8642C6D08BE707261AE7381D0020F6
:103F000030B502798BB00346042A4FD84088B0F50B
:103F1000804F4BD8264900241144ADF800408DF85D
:103F200008408A7C4D7B42F010028DF8244042EA22
:103F30004502CD7D097F42EA850242EAC102694617
:103F400002F01F028DF80020BDF80020ADF8092016
:103F50001A888DF80E00000A8DF80B20120A8DF8D1
:103F60000D408DF80C208DF80F008DF810405A7B15
:103F7000D3F807008DF811205A79059002A88DF822
:103F800012209A798DF81320B3F80B209B7BADF8A3
:103F900018208DF81A307F238DF81B304FF0011355
:103FA000CDE90734FFF7BEFE0BB030BD1220FBE7B2
:103FB000F58803000278034672B1427862B1428804
:103FC0001A2A09D982881A2A06D90068034A106079
:103FD00000209B889380704712207047381D002076
:103FE00002680020014B9A61704700BF381D002015
:103FF0000378A3F10A02112A9BBF024A0020122073
:1040000093737047381D0020014B5874002070478F
:10401000381D0020014B987400207047381D002087
:10402000024B1B6803B1184711207047202800205D
:1040300008B5052000F072FC05F062FE014B024A53
:10404000DA6608BD381D00208536000008B521203D
:1040500000F064FC222000F061FC05F05DFE054BE1
:10406000054A1A60054B064A1A60064B064A1A6052
:1040700008BD00BF042800208D97010008280020FB
:10408000FD9E00000C280020B996010037B50446BB
:1040900000F07CFC090403D40C24204603B030BD9E
:1040A000258801A9284613F034F804460028F4D1E5
:1040B000019BDA7C002A36D01A7DA2B393F86520E2
:1040C0001207E9D593F86730DB09E5D00E212846C1
:1040D000FCF7FCFF054690F8C230002BDCD0B0F8AE
:1040E0005A309B0713D590F87C30002BD5D1112383
:1040F0004822214680F87D3016F022FAFF2385F809
:10410000C5300B4905F1740013F0D2FBC5E70198E7
:10411000492210F8A81F01F003FC30B9019BFF22CF
:1041200083F84C21B9E72F24B7E74524B5E700BF52
:104130006B4B01002DE9F04FB0F8008091B00446C0
:104140000FA9404612F0E5FF064638BB0F981C2227
:1041500010F8A81F01F0E4FB18B1E378012B00F080
:1041600082810E214046FCF7B1FF054690F8C6302B
:1041700003F0FF06002B40F078810F9BDA7C002AC9
:1041800000F075811A7D002A00F0718193F8673084
:10419000DB0907D1E378012B04D10C26304611B09E
:1041A000BDE8F08F95F8C230002BF6D0617904F1AC
:1041B0000D07A0780D91217BE27D0139237994F8D8
:1041C00006E0C9B294F8079094F808A0022994F880
:1041D00009B097BFDFF8A0C2FF218C449CF82110E2
:1041E00094F81AC0CDF828C094F819C0CDF824C0AE
:1041F00094F818C0CDF820C094F80AC0CDF81CC0BF
:1042000094F80BC0CDE9051C0D99CDE903AB0091E5
:104210003946CDE901E910F03DFD002800F0298183
:10422000E378012B00F22581A37AA3B995F8F23047
:1042300013F0010F00F01D81FEF77EFA237E814608
:104240000193237B0093E37A6279217910F0BEFD1C
:1042500040B91126A2E7012BEED195F8F23013F008
:10426000020FE7E7237E05F148000193237B0093CB
:10427000E37A6279217910F0A9FD0028E9D0A27AC9
:10428000002A7CD195F84B3013F0020FE1D005F1F4
:10429000F80011F007FB20B195F81611A3789942A8
:1042A000D7D1E37ED90705D5012A6FD1B9F81230ED
:1042B000DB06CED50D214046FCF708FF11F0FBFAD6
:1042C00000287FF46AAFA37885F81631D4F80D3052
:1042D000C5F8F9307B68C5F8FD303B89A5F8013198
:1042E000E37D85F80331237985F804316379FF2B69
:1042F00085F8083117BFA37985F8050185F80531E0
:10430000E07985F80601237A85F80731637A85F824
:104310000931237B013BDBB2022B96BF564AFF23B8
:104320009B184FF0070298BF93F8213085F80A31A7
:10433000E37A85F80B31A37A85F80C31237E85F872
:104340000D31637EB5F85C1085F80E31A37E85F8DB
:104350000F31E37E03F0010385F81531B9F814003D
:1043600010F0F2F995F815318046002B5ED0A37A53
:10437000072283B9B5F86410B9F816000FE0012AD6
:1043800085D195F84B3013F0010F7FE7002A91D1CA
:10439000B5F85A308CE7B5F85E10B9F81C0010F08B
:1043A000D3F90922B5F860100746B9F8180010F0E3
:1043B000CBF98146FEF714FA0222B5F8621010F02C
:1043C000C3F9B8F1050F35D808F1010808EB8808E2
:1043D0004FEA48085FFA88F8052F85F8128131D82E
:1043E000013707EB87077F00FFB2B9F1080F85F8A7
:1043F000137197BF204B96234B4493F8243085F8D4
:10440000103120B301280CBF1423282385F8113163
:10441000FF2285F8C620E378012B1AD185F8F83001
:1044200085F817310F9B83F84D21B7E60722B5F8C1
:104430005E10A1E7B8F1060F0CBF4FF050084FF027
:104440009108C9E7062F0CBF50279127CDE70A2313
:10445000DCE7012300210FA885F8F83085F8171153
:10446000FEF7F0FB9AE6452698E63A2696E62F26D2
:1044700094E6122692E600BFF588030073B5044661
:104480000BF07AFF00285FD015F003FC304A92F859
:10449000803053B12F4ED2E91E35C31A61EB0505AA
:1044A0009E424FF00003AB4150D2012382F880308E
:1044B0000023C2E91E01CDE900336846FCF740FE47
:1044C000D0B100204FF40033CDE900036846FCF77B
:1044D00037FEC8B10023CDE900336846FCF730FE53
:1044E000C0B100224FF40033CDE900236846FCF749
:1044F00027FEE0B1002005E0009B93F85031002B2F
:10450000DBD03A2002B070BD009B93F85031002BF5
:10451000DCD0F6E7009890F867305906DDD52346E1
:1045200000F59672B0F8AA1011F079FAD5E7009864
:1045300090F867305B06D9D5234600F59672B0F83F
:10454000AA1011F06CFAD1E71220DBE70C20D9E7B2
:10455000381D00203F420F0003882DE9F7439FB22A
:1045600004460B80B7F5706F04D31226304603B0B3
:10457000BDE8F08301A9384612F0CBFD06460028BD
:10458000F4D10E213846FCF7A1FDA37890F816214E
:1045900005469A42E9D1F83011F084F90028E4D0B8
:1045A000032AE2D8B4F80330002BDED0B4F8093087
:1045B000012B09D0B4F80520002AD6D0B4F8073072
:1045C000002BD2D09A42D0D8237BE27AE17B42EA18
:1045D0000322637B42EA0342A37B43EA0123217C5B
:1045E00043EA01439A42C0D802F180725C49A2F2C8
:1045F000E24222F07F428A42B7D803F18073A3F2ED
:10460000E24323F07F438B42AFD8637C072BACD8C7
:10461000A37C013B032BA8D8207D0F28A5D895F8B3
:104620000C9113F02AFB8046607CB9FA89F14909A4
:104630000BF012FB804598D3637D053BDBB2F92B71
:1046400093D9A37D053BDBB2F92B8ED90D213846DA
:10465000FCF73CFD11F02FF900287FD1FEF76CF834
:104660000746207D13F009FB95F84930834201D2BB
:104670000D267BE705F148033A46617C95F80C016D
:1046800010F0B6FE0028F3D0B4F8037040F27123A6
:10469000B4F80900BAB25A4383B2012B5BD0019B34
:1046A000B4F805C0D3F8C8E0BCF57A7F61460EF1D6
:1046B000FF3328BF4FF47A711344B3FBFEF3013389
:1046C000B4F807E0B3F57A7F28BF4FF47A739BB252
:1046D000734528BF7346634538BF634694F80CC0E2
:1046E00094F80BE094F80F804EEA0C2E94F80DC06D
:1046F0004EEA0C4E94F80EC04CEA082C94F8108048
:10470000A5F81E1147F6FE714CEA084CA5F81C717D
:104710008B42A5F8220128BF0B46964594BFC5F8E9
:1047200024E1C5F82421944594BFC5F828C1C5F8F3
:104730002821A5F82031637C85F82C31A37C85F8ED
:104740002D31E37C85F82E31237D85F82F31FF2331
:1047500085F818310AE700210B46BFE70C2605E76C
:104760001E043D0008B50378012B08D0022B0BD0A6
:104770007BB9D0F80120084B5A62002008BD407870
:10478000BDE80840FEF714B8B0F901000BF06EFF69
:10479000F3E71E20F2E700BF381D002008B5012214
:1047A000054B1A7103F022FE04F04AFC12F0F6F9F0
:1047B000BDE8084000F04ABFBC1D002010B5064C03
:1047C000064904F1080012F08FF904F10C000449C5
:1047D000BDE8104012F088B9BC1D002090110020E7
:1047E0009811002010B5094C094904F1080012F095
:1047F0007BF904F10C00074912F076F904F110007E
:104800000549BDE8104012F06FB900BFBC1D002083
:10481000A0110020A8110020B0110020014B187930
:10482000704700BFBC1D002010B5064C064904F1BE
:10483000080012F059F904F10C000449BDE81040D9
:1048400012F052B9BC1D0020B8110020C011002088
:1048500010B52E200A4C00F061F8302000F05EF810
:104860004B2000F05BF804F10800064912F03CF917
:1048700004F110000449BDE8104012F035B900BF42
:10488000BC1D0020C8110020D011002038B5074CF5
:104890000D4600F0B7FEA068256012F01DF9FFF785
:1048A0000BF801F0AFF80123237538BDBC1D0020C3
:1048B000014B187D704700BFBC1D002010B50C4C8B
:1048C000E06812F009F9206912F006F9FEF7A2FF7C
:1048D000202000F037F82F2000F034F8262000F0D8
:1048E00031F8292000F02EF80023237510BD00BFF9
:1048F000BC1D002000487047D11D002000487047B3
:10490000D31E0020014B83F819027047BC1D002004
:10491000014B93F819027047BC1D0020C2080749DB
:1049200000F0070001238340885C03438B54044953
:104930000B78934238BF13460B7070473811002034
:10494000D61F00200F4B012110B503EBD002C40885
:1049500000F0070001FA00F0195D21EA0001195585
:1049600009490B78A34205D1002012F8014914B17E
:1049700000B10B7010BD002BFAD0013B0120DBB25F
:10498000F3E700BF38110020D61F0020014BD3E908
:104990000001704738110020004870474011002086
:1049A000054B1868C0F3C022C0F30020400040EA65
:1049B000820040F0010070473811002008B50CF06B
:1049C00017FD0023074A32F82310814205D302EB7A
:1049D00083029378044A137008BD01330C2BF2D183
:1049E0000023F7E728890300D71F0020024B18781F
:1049F000072828BF07207047D71F00202DE9F04F58
:104A0000046898460F4685B094F86330164604F162
:104A1000A80994F80FA043EAD303D90702D4BAF146
:104A2000260F5FD194F8A850002F55D1FFF7B8FF9B
:104A30008DF80B00002E51D1FFF7B2FF2B4B8DF8F4
:104A40000C00D3F800B0BBF1000F0CD0AAF1260285
:104A500028464946534253410DF10B02009303ABE4
:104A6000D847054630B99DF80B3013B19DF80C00BE
:104A700028B90925BAF1260F2AD10020034694F857
:104A8000292132B19B0700F002002DD560B302202E
:104A90000346FF2284F8392194F8382102F0FF05FB
:104AA000F2B99DF8382003A984F83B01484684F800
:104AB000382184F83A31A4F83C818DF80C708DF8D7
:104AC0000D60ADF80E8012F083F8002384F83931C0
:104AD000284605B0BDE8F08F3846A9E73046ADE777
:104AE0003A25F2E71A25F3E70925F1E72428002003
:104AF00010B50468B4F8AA3084F88411A4F885319C
:104B000094F82001FDF764FC84F8870194F82101F2
:104B1000FDF75EFC044984F8880104F27B10BDE8CF
:104B2000104012F0CEBE00BFBB6B01002DE9FF4765
:104B300004688946054694F80EA0AAF12503594257
:104B40005941052A35D1E37B272B37D104F10F07D3
:104B500099F8018099F8026008F0070806F0070646
:104B600008F1FF33721E03EA0803324013431FD1DA
:104B7000304612F0C5F860B394F82031984228D03E
:104B800094F83A21164213D0BAF1250F21D094F8A7
:104B9000192116421DD10138013B474AC0B2DBB290
:104BA0001044032B00790FD81A441379834210D98B
:104BB000284604B0BDE8F04712F06AB8BAF1250FF4
:104BC00077D104F10E07C3E74FF4DD710620FBF740
:104BD00045FE404612F094F840B194F821318342EA
:104BE00004D094F83B3118EA030FE1D0B9F80390F0
:104BF00003AB20463246009341464B4612F08DF8F7
:104C00002C6878BB94F83831012B28D1E38804F55F
:104C1000367294F82011B4F83C0112F0DFF8064621
:104C2000D0B901462846FFF763FF2B6883F8386147
:104C30003E702B6803F10F02974201D10022DA7314
:104C40002B6803F10F0297422FD1284613F091F8F9
:104C5000002004B0BDE8F0872C23A373E9E784F8B3
:104C60003801E6E7E388A4F8D89209F1FF39A9EB07
:104C7000030947F6FD731FFA89F9994506D92823D8
:104C8000284684F8313001F0B3FAD9E7E37B0D2BE5
:104C900002D00A3B012B01D82A23F1E7BDF80C30E2
:104CA000A4F8DA3229233B70CAE7002283F84A20AD
:104CB000CEE70220CDE700BF58890300034B002256
:104CC00083F85020A3F85220704700BFDA1F00205D
:104CD000044B93F85020012A1ABF036001200020E2
:104CE000704700BFDA1F0020064B024693F85010B1
:104CF00001291BBF0120A3F85220002083F8500097
:104D0000704700BFDA1F0020054B024693F85000A1
:104D100028B1136011B1B3F852300B8001207047F5
:104D2000DA1F0020054B002293F85000A3F8522010
:104D300010B1012083F85020704700BFDA1F002017
:104D4000034B93F85000B0FA80F04009704700BF61
:104D5000DA1F002050B90A4A0120134603F8010B5C
:104D60000868C2F801008A889A807047012805D136
:104D7000034B0A68D8719A608A889A81704700BF8D
:104D80002E20002050B90B4B187888B1D3F80120A1
:104D9000B3F805300A6001208B807047012806D1E6
:104DA000044BD87920B19A689B890A60F3E7002008
:104DB000704700BF2E20002010B9044B18787047B0
:104DC000012806BF014BD879002070472E20002013
:104DD000F7B58A8800238DF80600ADF8042008682E
:104DE0000B4A8DF807300146147802F5A872019D30
:104DF000D8B2844201D8082007E052F8087F013376
:104E00005668AE4208BF8F42F2D103B0F0BD00BF7A
:104E100040200020084B0146002230B55C7803F2A8
:104E20000113D0B2844201D8082004E013F8015FD6
:104E300001328D42F5D130BD40200020F8B52D4C17
:104E400063782218013B92F80251DBB2834263700F
:104E500030D01A010101961C8F1C2644274406F10C
:104E6000100C56F804EB664547F804EBF9D1823292
:104E700082312244214402F1100652F8047BB242EE
:104E800041F8047BF9D1E118221891F8026182F807
:104E9000026106267343704303F5857300F5857040
:104EA000E618E35827182350B388BB8091F83A31AD
:104EB00082F83A312846FFF7ADFF082818D1237849
:104EC000013BDBB29D42237012D02B3305F12B0244
:104ED00004EBC30304EBC20293E8030082E803007F
:104EE0002078FFF797FF08281CBF241884F8025188
:104EF000F8BD00BF40200020F0B5254D89B095F8E1
:104F0000984105F29911684622460EF04BF8214669
:104F1000684612F00CF80446B8B300EB400102A852
:104F2000C9B2FCF74BFB631E95F8A1610124DBB20B
:104F300095F8981105E0721CB2FBF1F001FB10220C
:104F4000D6B206F120020DEB020010F8202C002A48
:104F5000F1D103EB430100F8204C06EB460220316F
:104F60002A44694411F8187C82F8A27111F8177C60
:104F700011F8161C82F8A37182F8A411013BAA193A
:104F8000DBB282F89941FF2BD2D109B0F0BD00BF4E
:104F90004020002070B5064688B00C46002A4ED04E
:104FA000294A92F8A131D01890F8991119B9FF2126
:104FB0002820FBF753FC03EB43010133114491F824
:104FC000A251E57091F8A35191F8A4112571617176
:104FD000002180F8991192F89811B3FBF1F001FBD0
:104FE000103382F8A13192F8C23123B9174902F582
:104FF000DD7012F063FC65790D220021684605F032
:105000003F0545F04005657115F09AFAE37804AA6A
:1050100069468DF80F30304623798DF80D508DF8A4
:105020000E30042315F0CFF99DF81F3023709DF842
:105030001E3063709DF81D30A37008B070BD032151
:105040006018FCF7BBFAD6E740200020F94E0000BC
:10505000044B5A78824286BF1B1893F84A010020FD
:10506000704700BF40200020044B5A78824286BF20
:105070001B1893F842010020704700BF4020002019
:10508000064B00224FF461711A8083F8C32183F824
:10509000C421A3F8C61183F8C22170474020002024
:1050A0002DE9F0478246894617469846FFF790FE5D
:1050B00008280546064603D0FFF7ACFE082860D155
:1050C000324C6378072B5ED8082D15D12678731CD7
:1050D000072E237003D96C212820FBF7BFFB06F1B4
:1050E0002B02D9F8000004EBC20344F83200B9F8EF
:1050F000042083F806A09A80657807F110026B1CE3
:10510000290163704B1C234412F8010DBA4203F8C5
:10511000010FF9D1813108F11003214413F8012D59
:10512000984501F8012FF9D125441021404611F08E
:105130002EFF102185F84201384611F028FF85F82E
:1051400002616678002385F84A013146104885F8E7
:105150003A3111F0ECFE0128054607D831460D48DA
:1051600011F0E5FE002818BF0135EDB284F8985122
:105170000025284684F8A151FFF7BEFE2846BDE869
:10518000F0871220FBE70720F9E700BF402000204E
:10519000822100208A210020064B10B55878013862
:1051A00040B2002800DA10BDC4B22046FFF746FE28
:1051B000601EF5E740200020014B83F8C3017047D3
:1051C00040200020014B93F8C3017047402000208D
:1051D000431E4AF2B7129BB293429DBF024BA3F803
:1051E000C60101200020704740200020014BB3F889
:1051F000C6017047402000200A4B30B55C788442DD
:105200000ED9184490F802012B3003EBC004A579A5
:105210000D7053F8300010600120A388938030BDDA
:105220000020FCE7402000200246074810B590F817
:10523000C34124B1417821B1023004F06DFF204612
:1052400010BD0C46FBE700BF402000202DE9F74FC2
:105250002F4C9A46804689466378834256D9231854
:1052600093F8425185F00105F9B193F84A31E3B959
:1052700045F002070135BAF1000F18D1FA070AD537
:10528000062104EB0810524601FB0841823001F56B
:105290008571FFF77FFEBB0734D504EB081052463B
:1052A00049460230FFF776FE2CE02F46E3E794F8FC
:1052B000A1614FF0010B002DE0D0A31993F89911D3
:1052C000019399B90092DAB100F06CFB019B06EBF7
:1052D0004601009A4FEA102C83F899B1214481F8D5
:1052E000A201000C81F8A3C181F8A401013694F851
:1052F0009831013DB6FBF3F103FB1166F6B2DAE734
:1053000047F00407384603B0BDE8F08F0027F9E7FF
:1053100040200020074B5A78824209D91A1892F887
:1053200042212AB9062202FB003000F58570704741
:105330000020704740200020064B5A78824281BFEF
:105340001B1893F83A01B0FA80F0400998BF00208A
:10535000704700BF40200020F8B50E4607460621E2
:105360001546304611F013FE044670B10C4B002276
:10537000587803F23913D1B2884202D8012420466A
:10538000F8BD013203F8015FF5E73146384611F008
:10539000EAFD0828F3D0024B034483F83A51EDE7C5
:1053A00040200020034B80F880101B680BB1408820
:1053B0001847704728280020014B024A1A6070479E
:1053C00028280020519401000B2808B504D940F288
:1053D00029112920FBF742FA014B33F8100008BDD0
:1053E00060890300036830B50024D3F8C80042F296
:1053F0001075A3F84040B3F844404443B4FBF1F4C3
:10540000A3F844404C1E05FB0242B2FBF1F2A3F8A4
:105410004220094AB2FBF1F20132A3F848209A8FE8
:1054200005FB02445A6B5043B4FBF1F4B0FBF1F0BE
:105430009C63586330BD00BF005A6202054B1B7865
:1054400033B9054B1A681B7902600371012070475C
:10545000002070470822002048110020054BFF2241
:105460001A70054A016811600179117100221A70E1
:10547000704700BF082200204811002007B5064AE7
:1054800010681279009068468DF80420FFF7E6FF57
:1054900003B05DF804FB00BF15F80300034608469F
:1054A00071B13F2B0BD8074AD35C03F07F029142C6
:1054B00005D08CBF0120002000EAD31070470120E6
:1054C000704700BF78890300FF230B7002234B70E5
:1054D00083238B70014B1B78CB7070470C2200200C
:1054E0002DE9F84FD0F804800C46D8F81C603046FF
:1054F0000EF0BAF9054620B94FF4AA711020FBF757
:10550000ADF9014630460EF0BDF9B5F800B082465F
:105510001FFA8BF717B94FF4AC71EFE7224B00F18C
:1055200003091B68D3B998F8023098F80320237058
:10553000637802F00F02A4F802B023F00F031343C4
:1055400023F0C00363709AF8003003F00303012BCB
:105550000FD0022B0DD04FF4BB71CFE73A4649462E
:10556000B8F80200984705460028DCD12846BDE877
:10557000F88F6278304663F3051262700EF08CF992
:10558000054610B94FF4C071B8E7FB2F02D940F2BD
:105590008F11B3E73A464946201D0DF003FD304612
:1055A0000EF0D1F8E2E700BF2C28002038B5134CEC
:1055B00010220021201D14F0C3FF0125257404F1E1
:1055C00008031022002104F11400C4E9013314F08F
:1055D000B7FF84F8205004F11803094AC4E90533E1
:1055E00000236362A36284F82C30C4F82D30C4F821
:1055F000313084F835301360A36338BD0C220020AD
:105600002C28002010B5084C2378FF2B04D040F242
:1056100099111020FBF722F90DF030FC2070BDE845
:105620001040FFF7C3BF00BF4D11002010B5034C61
:1056300020780DF03DFCFF23237010BD4D1100209C
:10564000014B18780DF044BC4D110020014B024A6B
:105650001A60704734280020E15400002DE9F3411E
:10566000DFF88881054608F11407D8F80830D8F823
:105670001840227A012A22D1D8F8382052B1137A60
:105680001BB9BF211020FBF7E9F8D8F83840C4B99E
:10569000002093E01A7A012AFAD01C46544AEFF30C
:1056A000108172B650680068506001B962B6A342BA
:1056B00008BFC8F83840237A1BB9EE21E2E73A4622
:1056C000EDE7267AF6B205232372731E0B2B7ED8E4
:1056D000DFE803F07A062336773F4E3F3F3F3F6BCC
:1056E000636813B94FF40371CCE720462946984705
:1056F0000420EFF3108272B6237A052BD9B24FF053
:10570000000369D12372D8F83810A14201D1C8F83A
:105710003830002A45D162B643E0636813B940F2DD
:105720001521AFE72946204698470346ADF8040007
:10573000C0B2C3F30723012B3ED0022BD9D129E0FD
:10574000636813B940F21D219CE72046984700206A
:10575000CFE7284B1B68002BF9D0324660682946FA
:105760009847A6F10A020420534253415B00E4E744
:1057700063680BB9FE2185E786222A7001225988C9
:10578000AA706A7100229869A5F80310AA710DF039
:10579000DAFF0420D8F83830A34202D10023C8F839
:1057A000383000283FF461AF08E0134B294620460B
:1057B0001B689847034668B9267298B102B0BDE8E5
:1057C000F0814FF415715DE740F257215AE740F23E
:1057D0005A2157E70220DDE711B940F27B2151E75A
:1057E000184696E7002B7FF440AF51E70C220020CB
:1057F000102200203028002034280020134610B545
:10580000027A22B140F202311020FBF727F80A4653
:1058100001460248BDE8104012F02DB810220020C9
:10582000044890F82C301BB90349243012F040B8DA
:10583000704700BF0C22002067780100034606482D
:1058400090F83C203AB190F8352022B9034900F88D
:105850002D3B12F02DB870470C220020C9540000D7
:105860000A4610B5037A23B140F20A311020FAF744
:10587000F5FF014607230248BDE8104011F0FBBFC9
:10588000202200201346027A0AB1037270470A46AA
:105890000146014811F0EFBF10220020014912F02B
:1058A00010B800BFDF7801000B8BA2F8090010468A
:1058B000A2F80B304B8BA2F80D308B8BA2F80F3077
:1058C000CB8B0249A2F8113011F0F5BF89790100A4
:1058D00008B50B4A0B460B4970B1492B04D940F26D
:1058E000DA212C20FAF7BAFF0120087011789942CA
:1058F00038BF1946117008BD08701B21FAE700BFB8
:105900004E11002049220020014B1878704700BF3B
:1059100049220020014B1878704700BF4E1100202B
:105920002DE9F0470446174690F878908A4690F89B
:105930007980858F59BB468F043613216088B6B2B3
:10594000FBF7C4FB40B3BAF1000F22D194F87810F2
:1059500011F0F4FFB0F804A04946384611F0D6FF24
:105960000F4B0746B4F854001B7806354146984261
:10597000354438BF1846554411F0C8FF3844054433
:10598000206AA8422CBF00200120BDE8F087068FC6
:10599000D2E794F87910DBE74FF0960ADCE700BF16
:1059A0004E110020094AD2E90003434083EAB011B6
:1059B00081EA43214FEAF34311605360044B58439B
:1059C0004FEAF06000EB8000704700BF4C220020DF
:1059D000BB79379E094AD2E90003434083EAB011FC
:1059E00081EA43214FEAF34311605360044B58436B
:1059F0004FEAF06000EB8000704700BF50110020BC
:105A0000BB79379E10B50A4C08210948FBF7D6FD33
:105A1000D4E900321343F7D0064CFFF7DBFF2060D8
:105A2000FFF7D8FF236860601843F6D010BD00BFB1
:105A3000501100204C22002038B5A0F10B03144671
:105A40000D46DBB22046432B96BF0C4AFE21D15CAB
:105A500012F035F988B985B12978342909D03F2960
:105A600009D0272908BF26212046BDE8384012F07A
:105A700026B93221F8E73E21F6E738BDB8890300A0
:105A80000A4B0B4A1A600B4BC0F88C300A4BC0F81B
:105A900090300A4BC0F89430094BC1F88C30094B58
:105AA000C1F89030084BC1F894307047482A002064
:105AB0007B94010075980100719F0000559E0000C5
:105AC00047980100CD98010015990100284B294AFB
:105AD0001A60294B294A1A60294B2A4A1A602A4B14
:105AE0002A4A1A602A4B2B4A1A602B4B2B4A1A60FF
:105AF0002B4B2C4A1A602C4B2C4A1A602C4BC0F8AA
:105B0000E0302C4BC1F8B8302B4BC0F8BC302B4BDD
:105B1000C1F8D8302A4BC0F8DC302A4BC1F8C0306D
:105B2000294BC0F8C430294BC1F8E030284BC1F8EC
:105B3000C830284BC1F8D430274BC0F8E830274B89
:105B4000C1F8BC30264BC0F8B830264BC0F8D8306E
:105B5000254BC1F8C430254BC0F8C030244BC0F8E9
:105B6000C830244BC1F8E830234BC0F8D43070471C
:105B70004C2A0020CF490100502A0020474A01004A
:105B8000542A0020D52A0000582A0020274C010062
:105B90005C2A002089510100602A00205D57010025
:105BA000642A002039540100682A0020A55501000C
:105BB000DF570100094A0100ED4A0100D94B0100FD
:105BC000EF4B0100454C0100C34E0100C9570100D5
:105BD000595201009D54010061560100854A01009F
:105BE0009D490100A34B01005B4C0100692C0000A2
:105BF0008931000009560100C9540100174B184AA9
:105C00009A60184A5A60184A1A60184A9A62184AE2
:105C1000DA62184ADA60184A9A61184A1A63184A0E
:105C20001A62184ADA64184A9A64184A5A62184B77
:105C3000184A9A60184A5A62184ADA62184A1A616F
:105C4000184A5A61184A9A61184A1A63184A9A649B
:105C5000184ADA64184A9A63704700BF382800204F
:105C6000397E01005F7E01008B7F010029810100E8
:105C7000858101001963000097810100E165000042
:105C800039640000698201008F8201009564000080
:105C9000382900204F7E01002F820100B5810100CC
:105CA00065810100D5810100C963000035830100D1
:105CB000D3820100BF82010019820100044B054A12
:105CC0005A65054B054A1A65054A5A65704700BF73
:105CD000382800201585010038290020FF840100A4
:105CE0003F850100054B064A9A65064A1A66064B2F
:105CF000064A9A65064ADA65704700BF38280020D0
:105D00008F6E01002D4B000038290020E96C010046
:105D1000D16E010001490248FFF7B2BE38290020C8
:105D20003828002008B50B4A0B4B0C491A600C4B65
:105D30000C4A0D481A60FFF7C9FE0C4BC0F8D03072
:105D40000B4BC0F8E4300B4BC1F8B4300A4BC1F830
:105D5000CC3008BDDD4F0100742A00203829002016
:105D6000782A00200B5301003828002081340000DD
:105D7000C12E000003500100D5530100F7B50446C1
:105D800001A80F46FEF7A4FF20B94FF4AA615120E5
:105D9000FAF764FD50220021019814F0D1FB019D17
:105DA0003F2F2E4606F8037F43D83F2F44D8DFE825
:105DB00017F046004C006C0075008D0074017401F2
:105DC0009A00B3009E0074017401A300AF00B300F9
:105DD00043004300B70074017401CC00CC00E30021
:105DE000E300EA00430043007401EF00FC000001FF
:105DF00004010B010D010F0111011B0125015401CB
:105E00005601430043002D015E015C0146013C0147
:105E10003E014001420148014C014A015001740118
:105E200043004E01440152016001620143005801E8
:105E30005A01FF2F00F0258140F24451A7E7214687
:105E4000304612F00FF9C0B9BBE02668D6F83832F8
:105E50006B6096F83C322B72206890F89F3033B913
:105E600011F0D7FF2368DB881844A6F83E02B6F885
:105E70003E3208206B721B0AAB72FEF735FF00281A
:105E800040F00D8140F2575181E7236893F8A82034
:105E900052BB93F82D3102202B71EEE723681720B7
:105EA000D3F880226A60D3F88422AA60B3F88822EB
:105EB000AA81D3F86022C5F80E20D3F86422C5F871
:105EC0001220D3F89030C5F81630D6E722680D209E
:105ED000D2F8FE316B60D2F80232AB602368D3F89F
:105EE0009430EB60C9E7236893F8A030D3E73146DC
:105EF000204600F03BFBA6E7112306202B71592317
:105F00006B710023AB713923EB7130232B72B4E733
:105F1000236893F89A30BEE7304600F015FB92E70D
:105F2000236893F8A82052B993F8A0203AB193F8C7
:105F30009D202A7193F89C3003206B719DE793F8A4
:105F40009B202A7193F89A30F6E723680920B3F86A
:105F50000C212A71120A6A71B3F8A220AA71120ADE
:105F6000EA71B3F808212A72120A6A72B3F8A030F3
:105F7000AB721B0AEB7280E7236893F83A212A710F
:105F800093F83B31D8E72146304610F043FF5AE7FB
:105F900023681121B3F8AA00FBF798F800F15B0120
:105FA000304611F03FFB232067E7304613F0B4FC86
:105FB00049E7304613F0B9FC45E73A4B1B68002B24
:105FC0005BD140F24951E2E6374BF7E7374BF5E753
:105FD000374BF3E7374B1B68002BF2D023202246C8
:105FE00031469847042048E7324B1B68002BE8D025
:105FF000224631462420984705203EE72D4B1B685A
:10600000002BDED0224631462520F4E723681121FB
:10601000B3F8AA00FBF75AF800F17D0200F15B012A
:10602000304611F00BFB2B2027E7234BC6E7234B11
:10603000C4E7234BC2E7234BC0E7234BBEE7234B08
:10604000BCE7234BBAE7234BB8E7234BB6E7234B18
:10605000B4E7234BB2E7234BB0E7234BAEE7234B28
:10606000ACE7234BAAE7234BA8E7234BA6E7234B38
:10607000A4E7234BA2E7234BA0E7214630469847ED
:10608000E1E62368304693F8CF22D3F8D01211F01E
:1060900096FA236893F8CF02D5E60120EDE603B027
:1060A000F0BD00BF382A0020402A00203C2A0020F2
:1060B000442A0020482A00204C2A0020502A002090
:1060C000542A0020582A00206C2A0020742A00201C
:1060D0005C2A0020702A0020782A0020602A0020F4
:1060E000642A0020682A0020842A0020882A0020B0
:1060F0008C2A0020902A00207C2A0020802A002060
:10610000942A0020982A00203F289ABF024B53F877
:1061100020000020704700BF382800203F289ABF89
:10612000024B53F820000020704700BF38290020A0
:1061300030F8023CF7B504460E46B0F8825073B111
:1061400001226846ADF801508DF80020ADF803300B
:10615000FDF7FAFC18B195216320FAF77FFB1C4B81
:106160001B6813B1A4F1280098471A4B1B680BB1A8
:1061700028469847184B1B680BB12846984783233D
:106180000027A6F803503370B770637AD4F89C00E8
:1061900073710DF0E2FA08B9BA21DDE739462846F5
:1061A000FAF7AAFF02212846FAF7A6FF18B90B4B07
:1061B0001B6803B198474FF40173002003F00402F9
:1061C0001B0A62F3070063F30F2003B0F0BD00BFAA
:1061D0009C2A0020A02A0020A82A0020A42A00200F
:1061E000014B024A1A607047A82A0020B3430100FD
:1061F000F7B5056804464FF6FF77D5F8C0600DF196
:1062000002010DF101023046ADF802700DF054FAB2
:1062100001A930460DF072FA48B101980DF03AFB31
:106220002168A83100220272FFF71AFBE7E7044950
:1062300005F1280003B0BDE8F04011F03CBB00BF01
:1062400031610000F0B5044685B00D46FF2600F828
:10625000E96C10F8EA3CF3B1174F3B781BB16221AF
:106260001F20FAF7FBFA0C21381DFBF7A7F93E7047
:10627000002304F8E93C8A232A4602F8033BD4F8B9
:106280000930C5F80330D4F80D305360D4F811301C
:10629000936005B0F0BD01A80C21FBF78FF9A4F5C0
:1062A0001773039A1A6001AB03CB44F8F20C44F85D
:1062B000EE1C04F8EA6CDBE75422002010B5054C14
:1062C00023782BB90C21201DFBF778F9FF232370CD
:1062D00010BD00BF54220020024690F80632BBB920
:1062E00090F8073203F0FF010BB100207047094B13
:1062F00018780028F9D01970D9680433C2F89410BE
:1063000003CBC2F8FE01C2F80212FF2382F8063264
:106310000120704754220020026870B5D37B0446E8
:106320000D463BB1132B05D0113B0F2B8CBF012029
:10633000082070BDD2F8A430002B3BD192F8523027
:1063400013B9204611F003FDD5F80B302268C2F8CE
:10635000F631D5F80F30C2F8FA312368D5F813209A
:10636000C3F89020B3F8AA20A3F8F922D5F80120A9
:10637000C3F8FB22D5F80520C3F8FF222368B5F83F
:1063800009200025A3F80323236883F8BE5183F86E
:10639000065220680B4900F53C7011F089FA266816
:1063A00020460FF06FFA162286F86A002846236806
:1063B000DA73BEE720460C220321BDE8704011F0DD
:1063C000ECBC00BF45620000036810B5DA7B0446F0
:1063D000202A04D040F29D211F20FAF73FFA002125
:1063E00093F85220B3F8AA0083F8511082B1C3F891
:1063F000C91183F85210A3F8CD11A3F8CA0103F50F
:10640000E0700B4911F054FA23680022DA7310BDD2
:106410000121A3F8B90183F8B82103F2AF1083F882
:10642000BB1183F8BF210349A3F8BC21EAE700BFF1
:1064300011810100F980010038B5046894F8A85072
:106440001DB9E37B23B101201AE02368DB07FAD4EE
:10645000D1F801200D4BD1F8051013400C4AC4F8B7
:106460006230C3F307630A4043F00803C4F86620B0
:1064700084F8653011F06BFC1DB90423E373002030
:1064800038BD236843F001032360F8E72FC904F700
:106490006FDB008038B503689A7B042A34D1D1F8C9
:1064A00001204C1CD1F80550C3F86220C2F30762EA
:1064B000C3F8665042F0080283F86520002283F892
:1064C0004A209A73026892F8A8200AB983F83F21FB
:1064D00093F84021B2B993F8912102F0FF008AB9F4
:1064E000B3F8AA2083F8920103F28910A3F893214C
:1064F000D1F801200549C3F895216268C3F89921B4
:1065000011F0D6F9002038BD0120FCE7EF81010031
:10651000036893F8402112B1094B1B68184793F8A0
:1065200091215AB9B3F8AA2003F289100549A3F8BA
:1065300093211A2283F8922111F0BAB9704700BF53
:10654000AC2A0020EF81010010B50446FEF71EFAC8
:10655000044A054B024009200B40C4F80120C4F84E
:10656000053010BD2FC904F76FDB008037B50C462E
:106570000568FEF70BFA0A4B0A4A03400A4095F8F1
:10658000621000930B4001928DF800306B4603CBF4
:10659000C4F801000920C4F8051003B030BD00BFE5
:1065A0002FC904F76FDB008038B5DB04154604D52E
:1065B000037D13B10023436338BD446B013444634E
:1065C00011F097FE836B9C42F6D30023034943638B
:1065D0002846BDE8384011F074B900BF5D82010063
:1065E00070B504680546A37B94F8A860012B07D01A
:1065F0001EB9E37B23B1012038E023689807FAD461
:1066000094F853309A0713D44A78D80784F85D2059
:106610004A88A4F85E208A88A4F8602043F0020229
:1066200084F853200FD5164904F1540011F049F9AC
:1066300094F85330D90710D4CEB9E37B43B153213A
:106640004020FAF70BF994F83E31002BEBD1EFE73D
:106650000123E373284611F07AFBA37B0020012B72
:106660004FF0000304BFA37384F84A3070BD236861
:106670009A0701D55821E3E743F002032360E9E7D5
:106680001383010000F50060104A031392F9001013
:1066900040F3073081420BDD92F901005B425BB2AF
:1066A00018447F280DDC10F1800F0CDB40B27047DE
:1066B00092F90210814202DA92F90300EEE700201B
:1066C00070477F2070476FF07F0070476422002082
:1066D00070B5044650F84D0CFFF7D4FF064640B3A2
:1066E00054F8551C6FF0004354F8512CA4F1550593
:1066F0009A4208BFB1F1FF3F1BD013F0CAFA54F819
:10670000552C54F8513C9042994112D30223324601
:106710002021284612F0FDFF58B9064B9E8813F041
:10672000B8FA4FF47A73E6FB030144F8550C44F8C9
:10673000511C70BD6422002070B50568044603F04A
:10674000A1FC054B0146E8721B681BB12046BDE861
:106750007040184770BD00BFB42A0020044B9B68EE
:106760005843C3F580534B4303EB2030704700BFC1
:106770006422002038B503680D460F21B3F8AA0043
:10678000FAF7A4FC044604F01DF97F2DE07321D034
:10679000A0682946FFF7E2FF0F4BA0601B7BCBB13F
:1067A000FFF770FFB0B16FF00043D4E900129A42D6
:1067B00008BFB1F1FF3F0DD013F06BFAD4E900230D
:1067C0009042994106D304F155000449BDE8384090
:1067D00011F07DB838BD00BF64220020D1660000F2
:1067E000F8B547880346B7F5805F23D20689B2B271
:1067F00002B30578012D1DD890F9042090F90510F9
:10680000104611F0BFFDA8B193F90640A24211DA7B
:10681000A1420FDD93F9070082420BDA814209DDC4
:10682000054BD87000201A7099709F605C709E8034
:106830001D73F8BD1220FCE7642200200B4B00F50D
:1068400000601B7840F307305B425BB218447F283E
:1068500007DC10F1800F06DB40B220EAE070C0B226
:1068600070477F20F9E76FF07F00F6E76422002091
:10687000024B1B6803B11847704700BFB02A0020C5
:10688000014B024A1A607047B42A00207567000065
:10689000084BBA221A70E2229A704FF400629A6092
:1068A000BF225A70DD22DA7041F288329A800022CB
:1068B0001A73704764220020F0B51F4D00242B7816
:1068C00014709BB1013B6D68DBB21E1B012E0FDC07
:1068D00005EBC40655F8347076688E4208BF8742CF
:1068E00027D0B84271EB060612D214700020F0BD1A
:1068F0001E197710C6F3470655F837C005EBC70ECB
:106900008445DEF804708F412CBF33463446DCE703
:1069100005EBC30455F8335064688C4208BF8542C8
:1069200006D0A84271EB040428BF01331370DDE7E1
:106930001C4601201470DAE77422002010F00702D0
:1069400008B503D063214820F9F788FF18B1034B3D
:10695000197258601A70C80008BD00BF7422002068
:10696000014B00221A70704774220020024B1879E4
:10697000003818BF012070478422002030B50D4A2E
:10698000FF231371D0E9065373B1D0E902149D615E
:106990000C44D9682144D960816939B1CB610023A5
:1069A000C0E90633137130BD1560F5E7002BF6D052
:1069B000D960F4E784220020FF23084A0B700D23DE
:1069C0004B7082238B701368C1F803305368C1F891
:1069D00007309368C1F80B30704700BF8A2200204F
:1069E00016220021014813F0ABBD00BF8A2200200F
:1069F000F8B51C4D04466B7D9BB390F8A83023BBC3
:106A0000D0E9787611F042FD94F82021164B5230EF
:106A100053F822304FF47A7203F2E733B3FBF2F308
:106A2000DB19B4F8AA2046F100061B182A8046F1AB
:106A300000066B60AE60E38805F10C0002220B4992
:106A40006B80BDE8F840FEF71DBF4B0609D5B0F8D6
:106A5000AA302B80D0F880326B60D0F88432AB60E3
:106A6000E9E7F8BD8A220020A48B0300B969000081
:106A7000094B53F8203003F5224370B5B133164665
:106A80004FF47A720C46B3FBF2F5344404F0D2FBB7
:106A90002C44204470BD00BF908B03002DE9F04FC3
:106AA00098468BB0002304460F460392069390F855
:106AB00021B110F080F8064694F82B01FEF784FC13
:106AC000064411F0E3FCE37B00F14805B6B2472B26
:106AD00047D00D2B45D094F80E90A9F14701D1F184
:106AE000000949EB0109039B002B40F08580637B83
:106AF000032B40F08180B9F1000F6AD0B4F8D8328E
:106B0000BB4266D1D4F820322046B4F8F421C4F850
:106B10001032D4F8C830C4F81432B4F892321344A6
:106B2000C4F8183203F078F894F829A1BAF1000FEC
:106B300009D0D4F8E02241F64B539A428CBF4FF073
:106B4000000A4FF0010A94F8EC326BB9D4F8C8206F
:106B5000D4F8E0329A4221D0B4F8AA0012F0FBFE39
:106B60001CE04FF00109BEE7B4F8AA0012F0F0FEF5
:106B700020B940F242713020F9F770FEB4F8E832E3
:106B80004FF0000AA4F8DE30B4F8EA328381B4F89A
:106B9000D832A0F80EA04381013B038294F82A3139
:106BA000002B4ED1BAF1000F4ED1D4F8DC3284F86C
:106BB0002AA1C4F8D830B4F8DA32A4F8DC30D4F81A
:106BC000E032C4F8C830D4F8E432C4F8D03002233C
:106BD0006373A17B292946D0A1F12C025142514176
:106BE000E27B292A00D039B1B4F8D832FB1A1B0451
:106BF00002D4204602F0CAF9B4F890A204F5187342
:106C000094F82101A7EB0A0A0293E3880FFA8AFAA3
:106C1000FB1ABAF1000F0FFA83FC26DAE246D4E938
:106C20009E23C4E9A223002384F833320123627B2C
:106C3000032A00F2B581DFE812F01A002A01700081
:106C40004E01BAF1000F07D04FF04D13C4F8E030F9
:106C50000023A4F8E430A8E74FF09613A4F8E4A0CA
:106C6000C4F8E030A1E70121BAE74346DFE7014677
:106C700094F8ED0110F0E6F98246D4F8D8003146D8
:106C800050440AF069FB3146C4F81C02D4F8C8002D
:106C90000AF062FB07A9C4F8200208A804F022FA4F
:106CA000079B0093DDE90823D4E9A20112F0F9FF64
:106CB000064604F1A80011F072FCD4F8943294F85E
:106CC0002101D4F8D8B0069304F0BCFA069B00F575
:106CD0002240D4F81C124FF47A72203BB1305B444E
:106CE0005B1A30315B1BB0FBF2F053442A469B1B0E
:106CF0001B1A94F821010693B4F8DC3003EB410130
:106D0000FFF7B6FED4F89422069BC4F824029B1A1F
:106D1000B92B5CD840F2C7412DE7D4F8D8303146C2
:106D2000D4F8140218440AF017FB3146C4F81C02C8
:106D3000D4F8C8000AF010FBC4F8200204F1A8003F
:106D400011F02DFCD4F8D830D4F814621E44B4F8F5
:106D5000F431002B40F09780B8F1000F00F09380E1
:106D600094F8210104F06EFAD4F81C12D4F88032A1
:106D700000F52240761A94F82121B130203E1E44BD
:106D8000A44B53F822204FF47A7302F2E732D4E98D
:106D90009EABB2FBF3F2A6EB0A06B0FBF3F016448F
:106DA000761B361AD4F81032D4F8182294F8210140
:106DB00002FB0311B4F8DC302A460696303103EBAF
:106DC0004101FFF755FE0123C4F824026373D4F890
:106DD000C83004F1E800D4F82022723B06999B1ACF
:106DE0005D1BD4F824329D4228BF1D46002384F841
:106DF0006032C4F8F051D4E9A2325B1842F10002CB
:106E0000C4E99C3210F00AFE04232844A4F89072CE
:106E100084F86932C4F86402D4E99C23C4E9A2234B
:106E200002F0CAF920B1D4F864321E33C4F86432D7
:106E3000B4F8E031DB1B18B20028D4BF00230123D3
:106E40005B0084F86832B9F1000F40F0AC80B8F113
:106E5000000F40F0AB80637B002B00F0C380D4F8C0
:106E6000C81004F51870D4F82032C91A10F09BF835
:106E700080B2002800F0B680149B03B11880012076
:106E80000BB0BDE8F08FD4F81C12761A8AE7D4F85C
:106E90002022D4F8C830D4F818129B1AD4F8106203
:106EA0000AFB03F30693B4F8F4319C44D4F81C3283
:106EB000ACEB010C30330CF1FF3C06FB0133B4F8B2
:106EC000DC1002FB0C332A4601EB4301FFF7D0FD37
:106ED000C4F824027BE7D4F8C82002FB0AF2069229
:106EE000B8F1000F1CD0B4F8F411C9B984F833120A
:106EF000D4F8201201FB1A2EB4F8F4A10291CDF8B7
:106F000018E06BB3BAF1000F2AD1D4E9A061D4E93B
:106F10009E23B24273EB010108D340F20E512AE6E0
:106F200094F8331200297FF452AFE1E7394B203E49
:106F300053F82B104FF47A7BD4E99E23CDE9042338
:106F400001F2E73301F52241049AB131B61AB3FBDD
:106F5000FBF3B1FBFBF11E44761A761B76440696D2
:106F6000029BE2442A4603FB0AFA0AF1300A4FEA7E
:106F70004A0A5146FFF77CFD41F64B53C4F8240200
:106F8000D4F8C80098423FF622AF06AB2A465146D5
:106F9000009304F5097310F071F884F8330216E7D2
:106FA00040F22651E7E5B8F1000F1BD0B4F8081203
:106FB00039B3B4F80A2294F80C32551CA4F80A220A
:106FC00002FB033399420DDD00280BDD0023A4F8FA
:106FD0000A5284F86832FEF7E5FC00F00700013041
:106FE00084F80C02394608A808940EF050FC04F509
:106FF000187104F50E700BF07BF920B940F2765150
:10700000B9E50A46D7E7039B83F0010384F83032E1
:10701000002035E7908B0300F0B5044685B018B921
:10702000A5213020F9F71AFC052900F2DA80DFE803
:1070300011F00600D30038003300D800CE0090F8DD
:107040003032C288FBB1B0F82E32934208BFB0F89C
:10705000E4319A1AA0F8E621E3802046D4E99C2383
:10706000C4E99E2301F0FAFF94F84C30002B00F0A5
:10707000AC805D4B1B68002B00F0A780204605B05C
:10708000BDE8F0401847B0F82C329B1AA0F8E63162
:10709000B0F82C329BB2DFE705B0BDE8F04004F059
:1070A0002DB812F0F6FDD4E99E23801A61EB03019E
:1070B000012871F1000302DA40F20161B1E76FF0DB
:1070C000010383424FF000038B4102DA40F2026178
:1070D000A7E7D4F8C8300BB1B0FBF3F3E07BB4F80A
:1070E0002E2247280ED0A17B463901290AD90D2826
:1070F00008D0E1880B449BB2D11A0D0443D501336B
:107100009BB242E00132A4F82E22B4F8923203AED0
:10711000E5880133354FA4F89232B4F842301D446B
:10712000B4F84030013DED1AADB23B685BB1B4F844
:107130002E1200222046013989B29847B4F82E3227
:107140001844A4F82E02B4F82E126B1A18042CD48A
:107150000023204600961A46FFF7A0FC012834D1F0
:10716000B4F82E22B4F8E011BDF80C301344521AD2
:1071700012049BB204D5EA1A12F4004F18BF0B4652
:10718000A4F82E32D1E7013293B2A4F82E3294F84B
:107190003132002BB9D1B4F8E431B4F82E22934245
:1071A00004BF0133A4F82E32AFE7A37C304603942A
:1071B000002B14BF08233E2384F83130FFF718F862
:1071C000204611F0EBFF0023637305B0F0BD05B05E
:1071D000BDE8F0400CF03CBD437B042BF3D0C6214E
:1071E0001FE7CB211DE700BFB82A0020C02A0020DE
:1071F000D0E9A02373B5D0E99E45944275EB030115
:1072000004D240F2F9713020F9F728FBD0E99E450D
:10721000D0F8C8601946A41A0190A830B4FBF6F45F
:10722000009001341046E4FB06010CF03EFF02B072
:1072300070BD000073B50446D0E9786511F026F9F9
:1072400094F820210C4B52300194A83453F822209A
:107250004FF47A73009402F2E732B2FBF3F2921920
:1072600045F10003121843F10003104619460CF0D3
:107270001CFF02B070BD00BFA48B03002DE9F843D2
:107280000E46044618B9D3213020F9F7E7FA05294C
:1072900000F2A780DFE801F00376413DA52E12F051
:1072A000AEFDC4E95001204601F06AFAD4F8340179
:1072B000A43812F0F0FC204611F061FD054600BB39
:1072C0000146204611F028FC00F1AE06D4F8340146
:1072D000B04209D2301A0321192838BF192012F000
:1072E00056FD60B112F0D9FCC4F83461204611F0AB
:1072F00088FD45B12046BDE8F84311F083BD012566
:10730000F2E70025F2E7D4E95023C4E94A23BDE8B7
:10731000F883BDE8F84303F0F1BE11F023FC042329
:107320008146884684F8393112F0B3FC07220F46B3
:10733000A9FB023102FB0811D4E94A525B1941EB67
:107340000205D4F810213AB159EA080204D0984253
:1073500077EB050228BF012684F83861D4E952266C
:10736000121A66EB070694F8581139B9012A76F11A
:1073700000010BDA204601F00BFA03E0012A76F156
:107380000006F7DB002384F85031C0E7984277EB22
:1073900005010FD259EA08080CD01B1A65EB07014A
:1073A0009A4276EB010005DB012B71F10000A4BFCE
:1073B0001A460E460C49012304F1E800914284F874
:1073C00051314FF0000384F83031B341B8BF0A4661
:1073D00004F598710BF038F8002898D140F2B261AA
:1073E00052E7EF2150E700BF0040420F2DE9F8437C
:1073F00004460E46154690F8503103F0FF07002B67
:1074000040F0948000F1E80839467822404613F0B5
:1074100097F822464649404612F06EFDC4F81061C6
:10742000FF2384F8503166B1FEF7D4FA00F007006C
:1074300032464049013086F80C0206F50E7012F013
:107440005BFD40F202434FF00009A4F8383184F8A4
:10745000309109F0D7FF00F14906204611F08FFC6A
:107460000146B6B2C0B30FF0A6FB00F128012846D2
:1074700089B209F071FF2844AE3DC4F8340112F01E
:1074800008FC3018A4F8269041F10001C4E950012D
:10749000012084F8140111F04CFD2D1AC4F8185184
:1074A0004FF0FF356FF000414046D4E95023C4E966
:1074B0005251002504F59871C4E94823C4E94A23D0
:1074C00084F8515142F210720AF0BEFF38BB40F20C
:1074D000B9113020F9F7C2F92046DFF85C9011F0BD
:1074E0001BFBAE30C4F83401B9F8000048B1E08CA1
:1074F00038B1FEF76FFAB9F80030B0FBF3F202FBD7
:107500001300064412F0C5FB361841F10001C4E92E
:107510005061002DC4D0AD1941F10001C4E72946E6
:10752000204611F071FC3846BDE8F8830C27FAE7D5
:107530007D72000019700000A0220020F0B5002329
:1075400085B0CDE9003303238DF806306846F9F79E
:10755000F7FD88B10123114EB3700023CDE902334A
:1075600002238DF80E3002A8F9F7EAFD044638B17F
:107570000023B37005B0F0BD009811F066F8E5E7A0
:10758000029D6B7B002BEED005F50E77384612F08E
:10759000A5FB384612F0AEFB6C73E4E7A022002096
:1075A000044B0022DA709A7042F210721A80FFF7D0
:1075B000C5BF00BFA0220020014BD870704700BF9C
:1075C000A022002008B503F003FA044B5A68824257
:1075D0002ABF9878002080F0010008BDA02200207A
:1075E000F0B5044685B090F84C3003F0FF05002B51
:1075F00068D1437B032B65D112F04BFBD4E99E236A
:10760000801A61EB0301012871F100035ADB6FF06E
:107610000103834275EB010104DA40F2AA513020E4
:10762000F9F71CF9D4F8C820E3880AB1B0FBF2F2EC
:10763000013313449BB2A4F82C32B4F8E431B4F80B
:107640002C229B1A1BB2002B3CDD04F50E7012F0AD
:1076500045FB002836D0FF2384F83132B4F842309D
:107660000DF10E07E588184E1D44B4F84030013D79
:10767000ED1AADB2336863B1B4F82C120022204683
:10768000013989B29847B4F82C32184480B2A4F872
:107690002C02B4F82C32EB1A1B0413D4B4F82C12BD
:1076A00000230122204689B20097FFF7F7F901284D
:1076B00008D1B4F82C32BDF80E2013449BB2A4F8C4
:1076C0002C32D7E705B0F0BDC02A00202DE9F743E2
:1076D0000446062900F2A980DFE801F004251422FF
:1076E000282DA100524B9B7803F0FF0253B9009262
:1076F0000123B0F8E411FFF7D1F928B140F2CE61CF
:10770000302031E00423637303F06AFB0AF0DCFDF0
:107710000023E288A4F89232A4F82E2284F83132B1
:1077200003B0BDE8F08303234373F9E712F059F97E
:10773000C4E9A001F4E73F4B00F1A8081B681BB1A6
:107740004246D0E9A00198471321B4F8AA00F9F7FE
:10775000BDFC002861D094F82131022B5BD005D804
:10776000012B08D0DC21B420F9F778F8033B012B7A
:10777000F8D81E3000E00A30858894F82101DFF83F
:10778000B090C31E012B8CBF0027282710F0F0FEFD
:107790006430D4F82022373FA842FFB234BF2B1AFE
:1077A0000023D4F8C85099188D428ABFAD1A00251D
:1077B000ED1A99F8033023B9D4F8E8309D4228BF78
:1077C0001D46D4F8F06104F1E80010F027F90644F2
:1077D000022012F0B2FA0221AD1B25EAE5758542BE
:1077E00028BF0546284612F0D2FA10B12E4412F0F6
:1077F00054FA01233A463146404610F01BFAD4F8B9
:10780000F031C9F80400D4F8C800184403B0BDE84A
:10781000F04312F040BA1430AEE79625ADE7A83039
:1078200003B0BDE8F04310F0BABE40F29C7167E7C8
:10783000A0220020BC2A0020014B1880704700BF06
:10784000A0220020034B044A1A60044B044A1A6029
:10785000704700BFB82A0020F1710000BC2A002048
:10786000C1410100044B1A78012AD0B203D0187824
:10787000831E584258417047A82200200C4B4FF4F9
:107880007A7253F82130023903F2E733C9B2B3FBFD
:10789000F2F3022900F1FF3210B54FEAC21296BF8F
:1078A000044CF02134F81110134400FB013010BDDA
:1078B000A48B0300FC890300D928F0B5054628BF36
:1078C000D925BDF814600446303501F5A57006F0E1
:1078D0000207ADB2FF2D28BFFF2516F0010621D10A
:1078E0000FBB002B00F0C580911EC9B2022996BFC4
:1078F0007B4D40F6480135F811100844D92C7FD94A
:10790000D93C951EF721A4B2EDB2002B00F0CF8038
:10791000F634022DB4FBF1F400F2C680714B33F85B
:1079200015306BE0EFB1911EC9B2022997BF6E4DC1
:107930004FF4147105EB4101C9880144D01E0128A0
:1079400037D801F614409830002E3BD0023AD2B21C
:10795000022A97BF644BC02303EB42035B8A18449F
:107960004EE053B1911EC9B2022997BF5E4D40F659
:10797000480105EB41018989DFE7032A05D1691D2B
:1079800089B2890101F5C871D7E7042A05D1691DBB
:1079900089B2090101F5BF71CFE7022A0BBF05F1DA
:1079A0000B0105F10A0189B289B20CBF8900C90037
:1079B000C3E7022A01F19C0114BF4FF4B070B42058
:1079C0000844C0E7EBB1911EC9B2022996BF474DEA
:1079D00040F6480135F81110D92C084410D9D93C8B
:1079E000951EF721A4B2EDB24BB3F634022DB4FBD1
:1079F000F1F459D83C4B03EB45031B8B03FB04000C
:107A0000F0BDF12C214628BFF121032A05D1133105
:107A100089B2890101F5C871DEE7042A05D1133165
:107A200089B2090101F5BF71D6E7022A0BBF1931EE
:107A3000183189B289B20CBF8900C900CCE7B4FB08
:107A4000F1F3022DDBB239D8294931F8151001FBC9
:107A50000300C3EB4311C3EBC103E41AA3B2002B31
:107A6000CED00833032A9BB22BD19B0103F21A43D9
:107A700075E7032A06D10535ADB2AD0105F5C87528
:107A800028443BE7042A05D10535ADB22D0105F5A3
:107A9000BF75F5E7022A0BBF0B350A35ADB2ADB2A3
:107AA0000CBFAD00ED00EBE740F69213A6E7B4FB88
:107AB000F1F3022DDBB201D80E49C6E740F6921170
:107AC000C5E7042A03D11B0103F5467347E7022AE1
:107AD0000BBF9B00DB0003F5BB7303F5CD733EE7E3
:107AE000088A0300148A0300FC890300088A030043
:107AF000148A0300148A0300294B5A6A10B5D2F87D
:107B00000F30C0F8CC30537D117D1B0443EA0123B4
:107B1000D17C0B436FF45061C0F8D430B2F8193007
:107B2000591806298DBF40F2E241A3F550634FF486
:107B30007A714B438EBF00214B430121C0F8C830FE
:107B400080F82A11937DF9B103EB830303EB8303E0
:107B50009B00A0F8DC30B2F81730F1B164214B4340
:107B6000C0F8D830B2F81B30A0F8D030B2F81D30D1
:107B7000A0F8D23092F8243003F01F025B0980F89D
:107B8000232080F82B3110BDC3EB431403EB840397
:107B900003EB83035B009BB2DBE740F2E241DEE7ED
:107BA000A82200200346074A506AD3F86920C0F88B
:107BB0000320B3F86D20A0F8072093F868100FF0A9
:107BC000CCBB00BFA8220020D0F8803073B50BB129
:107BD00001221A604388DB0727D50023144E056A6B
:107BE000CDE9003302238DF80630FF233377684652
:107BF000F9F7A6FAC8B9009CA542F8D005F1B4037C
:107C000095F8B32004F1B40194F8B3000FF071F9C2
:107C10000028ECD094F8AC30B4F8B1203377D4F825
:107C2000AD30C6F81D30034B9A8002B070BD00BF66
:107C3000A8220020C522002038B5084D044600F1D6
:107C400069010623686A00220FF066FC94F8681048
:107C5000686ABDE838400FF080BB00BFA822002052
:107C600070B504460E461346407F6588324615F0CF
:107C7000040118BF04F17701FDF7E8FA4107054652
:107C800021D4C2070BD50123607F84F86830FDF74B
:107C900041FB0368C4F869308388A4F86D30AB07F2
:107CA00001D4012070BD094B0121586AD4F8773006
:107CB00084F87610C0F80930B4F87B30A0F80D30A5
:107CC0000FF054FBEDE70020ECE700BFA8220020F6
:107CD00010B50446084694F8D8306BBB23780829C1
:107CE00004F1DB0284F8D93016D004F1DA01FDF793
:107CF00083FA20B94FF477612D20F8F7AFFD94F89F
:107D0000DA3043F0020384F8DA3004F1D0000B4992
:107D1000BDE810400FF0CCBD094B586A034613F87C
:107D2000031BC1F3801184F8DA10D0F80310C4F8F3
:107D3000DB109B889380E8E710BD00BF3588010009
:107D4000A822002070B504460E461546FCF7E0FD5B
:107D500098B92378A4F8C16084F8C030637C84F8B3
:107D6000BF500BB194F8483004F1B60084F8C3302A
:107D70000249BDE870400FF09BBD70BD118A010043
:107D800038B5B0F8483004461A4D0133C3F30E033A
:107D9000A0F848302B7B2BB103F044F902F014FA21
:107DA00000232B7300232B7094F889302BB1012111
:107DB0002046BDE8384010F0AABC637CBBB1B4F8E3
:107DC00048209A4213D30121204610F0A0FC63887A
:107DD0002046DB0747BF236A432243224FF6FF7149
:107DE00048BFB3F8AA10BDE83840FFF7ABBF002189
:107DF000DEE700BFA822002010B5FFF733FD064CD8
:107E000028B1237B1BB103F00DF902F0DDF9A06A64
:107E1000BDE81040FFF7B4BFA82200202DE9F041D3
:107E20000746FFF71FFD054620B940F682412D2089
:107E3000F8F714FD214CA26A166A0EB196F8296172
:107E40001FB3616A02F1690392F8682011F8097B97
:107E5000F8090FF04EF8C0B13146606A0FF0ABFA86
:107E600098B1A56AFFF7FEFC10B940F65C41DEE769
:107E700023782846E26A07F00F0103F18043526934
:107E8000013B52F8233098470546237B1BB103F092
:107E9000C9F802F099F97DB1A06A10F0F1FB30B198
:107EA00002F042FFE36ABDE8F0419B681847A06A10
:107EB000BDE8F041FFF764BFBDE8F081A8220020D3
:107EC0000346074A906A03B909B9FFF759BF137807
:107ED000D26A03F180431269033B52F823301847FA
:107EE000A822002003292DE9F043054685B0174656
:107EF00007D14388980723D40024204605B0BDE865
:107F0000F083428890F88830D107DBB2F4D5002B9B
:107F1000F2D14FF00108DFF8D49099F80C60C6B1A7
:107F20000FF02BF80828387016D002AA0DF10701BF
:107F3000FDF762F938B940F6F7612D20F8F78EFCAD
:107F40004FF00208E7E702A99DF8070010F038FAA1
:107F500006463B78082B08D1D9F8241011F8030BFA
:107F6000C0F3801010F02CFA0646D9F8241005F161
:107F7000700395F86F2011F8030BC0F380100EF01A
:107F8000B8FFD9F82410044611F8030BC0F3801091
:107F90000EF0E9FF8146FDF7CFF940B1B9F1080FC6
:107FA0001BD04846FDF754F880F00103D8B23A7868
:107FB000082A14D01CB96C7FA21A544254416A8812
:107FC00053079AD4002897D176B9EC7C444518BF62
:107FD000002C0CBF012400248FE70020E7E780F08D
:107FE00001022240D4B2EAE7344686E7A822002004
:107FF0002DE9FF4108230DF10702052104468DF804
:108000000730FFF76FFF054620B90025284604B06A
:10801000BDE8F081FBF7C4FB06460028F5D1344FDC
:108020000DF10808216A7A6A91F817C0104610F815
:10803000033BC3F3401303EA0C03CB75D2F80330C0
:10804000C1F8AD308388A1F8B1301146D4F820C012
:1080500011F81F3BC3F380138CF8AC30D2F81F002B
:108060000B79029060468DF80C30FFF745FD4346D2
:1080700094F912200121206A10F040FC216A84F852
:1080800095602046B1F8AA309DF80720A4F89630F4
:10809000FF2384F8B3304FF6FF73A4F8B43010F028
:1080A00058FC144904F18C000FF002FCFCF730FC82
:1080B00060B9236A04F1C4000F49B3F8AA20A4F8F8
:1080C000CD20DB7D84F8CF300FF0F2FB236A002255
:1080D0002046B3F8AA10FFF735FE084B00221B68B4
:1080E0003A70002B92D02146206A98478EE700BF55
:1080F000A82200209F8801001F880100C82A0020B4
:10810000032973B5044604D005292BD0012002B001
:1081100070BD08230DF107028DF80730FFF7E2FE6E
:108120000028F3D0237C23B19DF807102046FFF7E9
:10813000CFFD114D0622042620466B6A5A701E7030
:10814000FFF730FDA16D94F85C20686A0FF024F908
:10815000686A2E7002F0F4FE0021686A11F058FC83
:108160000020D4E7054B1B68002BF9D0984780F01E
:108170000100C0B2CBE700BFA8220020C42A002023
:10818000F8B504460F4619B300F13005284610F043
:10819000ADFEA0B963881A072ED5284610F0BBFEA5
:1081A0000646284610F0A2FE301AC0B210F0C1FEFA
:1081B000494A536803442846536010F076FE284627
:1081C00010F078FE02F006FD2179252002F024FC53
:1081D000414E002394F87620706A037043706388E0
:1081E000103B0D2B68D8DFE803F063675F0C674432
:1081F00067676767676767442046BDE8F840FFF731
:10820000BFBD06234370202303702046FFF7CAFC3E
:10821000638823F008039BB2152B05D094F85420F3
:10822000216D706A0FF0A9F8706A02F089FE0021D2
:10823000706A11F0EDFB032321790020337002F006
:10824000EBFC054607B9B06063881B0704D510F046
:108250006DFE0544C4F81C516388103B0D2B36D8C5
:10826000DFE803F038352F2F352F353535353535E7
:10827000352F0C2321214370034603F8091B52B10B
:10828000D4F877200121C0F80920B4F87B209A8027
:108290000FF06CF8B9E7226FC0F80920B4F8742029
:1082A0009A8094F86F10F3E7062303704370ACE7ED
:1082B000022303700623F9E740F259612D20F8F7F5
:1082C000CDFA21790120BDE8F84002F0DFBE40F68A
:1082D000F541F3E7F8BD00BFA822002038B5438878
:1082E0000446102B04D10121BDE83840FFF748BFF8
:1082F0000B4D2B7B23B101F041FF402002F086FEA5
:10830000686A02F01DFE608810F0040002D1217935
:1083100002F0BCFE002002F061FE01232B7038BD8C
:10832000A8220020024B0121986AFFF729BF00BF55
:10833000A822002010B5144C237B1BB102F072FE62
:1083400001F042FFA06A10F09BF9A16A18B14B88B6
:1083500003F0180323B90846BDE81040FFF710BD2D
:10836000FFF780FA20B940F686312D20F8F776FA2B
:1083700023780846E26A03F18043D268013BBDE8F6
:10838000104052F823301847A8220020064810B5A4
:10839000037803F0FF042BB92422214612F0D0F811
:1083A000204610BD0C24FBE7A822002010B50023B6
:1083B000094C2370FCF79EFA6062FFF7E7FF20B1DB
:1083C0004FF442712D20F8F749FAE36A13B940F2ED
:1083D0000B31F7E710BD00BFA8220020014B024A75
:1083E000DA627047A8220020F4870000044B054A97
:1083F0001A60054B054A1A60054B064A1A60704719
:10840000C42A0020F17F0000C82A0020CF86010086
:10841000CC2A0020DD8400002DE9F041067D0446D1
:10842000B31E06F0FD06DBB2012B8CBF4FF0000837
:108430004FF00108371E18BF0127012B1AD800F191
:10844000700190F86F000EF08EFD054663889B0664
:1084500017D4082D10D186B3FCF75AFAB8BBE37EC7
:1084600093B3D4F81530C4F86930B4F81930A4F8CF
:108470006D3006E00825E9E72846FCF7F5FD002801
:10848000E9D1657784F81C8084F86870FCF7AEFE4B
:10849000054611F0FEFB00220F4B84F87620E5FB29
:1084A0000301C4E9180111462046FFF7D9FB60B962
:1084B00040F2A3412D20F8F7D1F904F169013046CB
:1084C000FCF760FC0028DCD10020BDE8F08104F15D
:1084D00069010120F4E700BF40420F002DE9F0439D
:1084E00085B00823052104460DF107028DF80730F9
:1084F000FFF7F8FC00287DD0FBF752F9002879D16E
:108500003E4D02AF206AFFF7F7FA6B6AD3F81F00FF
:1085100093F8232002903A71226AD3F80310C2F82C
:10852000AD10B3F80710A2F8B1101B78206AC3F39E
:10853000801380F8AC30324B1B6813B10122214606
:108540009847D4F820800E23686A082698F8AC90E3
:10855000002243704FF00301C378067003F03F031D
:10856000C3700EF0F8FF2046FFF766FB4946686AC5
:108570000EF0FCFE0623012208F1AD01686A0EF040
:10858000CBFF6179FF2002F047FA686A02F0D8FC5D
:108590000021686A11F03CFAD4F820802046414658
:1085A00010F000FC3B46014694F91220404610F0C2
:1085B000A5F9216A00239DF80720204684F895300C
:1085C000B1F8AA30A4F89630FF2384F8B3304FF600
:1085D000FF73A4F8B43010F0BCF9236A2E70B3F81E
:1085E000AA20A4F8CD20DB7D84F8CF30012005B08F
:1085F000BDE8F0832046FFF7C3FBF7E7A822002081
:10860000C82A00202DE9FF41564F04463A7802F06F
:10861000FF0312B90278FF2A04D140F6DD112D20A4
:10862000F8F71CF97B60FB817B7380F889304E4B37
:10863000684604F1300500934C4B01934C4B029378
:10864000FB6A5B68039302F065FC02F04FFA02F0EC
:10865000E9FC01F0B9FD474802F0B2FA464802F0E1
:1086600053FC284610F021FC284610F023FC02F0B1
:10867000B1FA2179252002F0CFF994F9120002F025
:1086800099FA04F15001E06C0BF02FFA064604F160
:108690005801E06C0BF050FA8046002E3AD094F866
:1086A0002430BBB3B4F94850ED43ED0F237F13B929
:1086B00063885B0709D56FF00043D4E918129A422A
:1086C00008BFB1F1FF3F2FD1ADBB94F88B301BB980
:1086D00046EA0806F6B2AEB1638813F0100511D170
:1086E000606CC0F30B2010F068FB94F8463084F8FF
:1086F0004500C0F3032023F00F03034384F8463002
:1087000084F88B50786A0330FCF78EFD387304B020
:10871000BDE8F081B8F1000F04D094F82550002D89
:10872000C0D1C3E74546C1E711F0B3FAD4E9182335
:1087300090429941C8D3012229462046FFF790FA7A
:1087400050B1FCF753FD054611F0A3FA0B4BE5FBC6
:108750000301C4E91801B8E7002DB6D040F61C218A
:108760005DE700BFA8220020358300001D7E0000C9
:10877000C17E0000D6BE898E5555550040420F007F
:10878000024B9862DB6A1B68184700BFA8220020D2
:1087900043881A0710B504460FD5036A3C221049D6
:1087A0008C304272B3F8AA304381FF2380F827301F
:1087B0004FF6FF7303850FF07BF863882046DB07D5
:1087C00047BF236A3C223C224FF6FF7148BFB3F8F3
:1087D000AA10FFF7B7FAFF2384F8893010BD00BF55
:1087E0009F880100578A0100DD8200005D8A010038
:1087F00001810000CD8D0100F97D0000258300007E
:10880000E4870000E8870000F087000001380228B4
:1088100008B503D9C4212F20F8F720F813290A4BF3
:1088200005D811290CD8102907D0D221F3E7152932
:10883000FBD103EB4003D88801E033F8100008BDFA
:1088400003EB40039889FAE71E8A03002C4A38B5E7
:108850000346948810681C43402B948004D1042163
:10886000BDE83840FEF732BF802B01D10521F7E784
:1088700003F00304032C04D140F6A4313120F7F7B0
:10888000EDFFDD0706D50C6891602478062C1AD020
:108890000B2C22D09C0711D50C6821780729117365
:1088A00029D00B2922D0052908D1C17B182905D14F
:1088B000002400250121C0E91E4501759B0644BF27
:1088C0000823537338BDC47B1C2CE3D1002400253E
:1088D000C0E91C450124C474DCE7C47B122C01BF31
:1088E0000024C474012480F85240D3E7C17B1129CD
:1088F000E4D10021E1E7617880F8A010DEE700BF55
:10890000D82200200C4A0346517B89B910683BB934
:10891000B0F81011B0F8F420914209D8FEF752BE19
:1089200093881B0706D5007C083818BF01207047C4
:108930000020704701207047D822002073B50446FC
:1089400000680D46036813F0300F49D1B1F80510E7
:108950001A2904D9B5F80730B3F5A47F06D22978CF
:10896000204602B0BDE870400FF033BAB5F80120E0
:108970001A2AF4D9B5F80360B6F5A47FEFD3E8302E
:1089800000960FF080F8174B9A8892070DD51B7B45
:10899000142B0AD12268136843F010031360204699
:1089A0000FF0D5F9002002B070BD23689A7B212A10
:1089B000F0D093F82F31002BECD1236893F82E31AF
:1089C000002BE7D123681A6803F1E801B3F8AA0085
:1089D00042F020021A6003F5B472FCF765FFDEE78F
:1089E0000120E0E7D82200202DE9F843894D064612
:1089F0002C68002840F0CC80AB8819074FD594F83C
:108A00009E302A2B16D00CD81C2B13D0222B18D01A
:108A100094F89E30FE2B20D140F2FB513120F7F725
:108A20001DFF3C2BF4D17C4B1B68002BF0D028465B
:108A30009847EDE7002384F8413176480FF07FF93D
:108A4000E6E784F84201754B1B68002BF5D004F56E
:108A5000A17104F1A4009847EFE7FE2384F89E304B
:108A6000E37B1E2B06D100276A4884F851700FF073
:108A700080F9E773A37B372B33D0432B39D0242BDA
:108A800006D1E37B243B072B94BF2B232523A37321
:108A9000237C082B02BF0223AB7384F89E30AB8883
:108AA000DA074ED5D5F80080A96898F80F30D1F8CC
:108AB0000090113B99F800700F2B0BD8BB1EDBB256
:108AC000092B00F2A58040F2333222FA03F3DB07D0
:108AD00040F19E8009793846FCF7E0FC80B93946C0
:108AE0007FE0012384F8CD320023A37384F84A3059
:108AF000CEE7002384F8503146480FF020F9C7E74D
:108B0000012F01D9162F4ED198F80E000FF051F910
:108B100040B198F80E30242B04D0252B34D12B23D0
:108B200088F80E303846FDF7EFFA0346002849D1A1
:108B3000FF2FD4D12B69002B51D02B68012283F851
:108B4000CE22AB88580704D5227C072A04BF012215
:108B5000AA7399074CD5287B01222B680D2883F82E
:108B60009F2042D011284CD007284CD0FDF7D6FAD0
:108B7000034600283AD12A7BFF2A46D12A683721AA
:108B800082F8CC02917333E0162F14BF0226202600
:108B90006B7B1B0704D5E37B113B0F2B98BF08268B
:108BA0003046BDE8F883112F15D005D8072F14D013
:108BB0000D2FB7D11A4B05E0142FB3D1194B1B68F9
:108BC000002B8CD0AA684946124812799847002891
:108BD000B7D00646DCE7144BF4E7144BF2E799F8FC
:108BE00000100C480FF0F5F8F1E7114B09489847D1
:108BF000AB88DA06CCD5E37B0A2BC9D10B23E37310
:108C0000C6E70C4BF2E70C4BF0E740F2EE5105E7FC
:108C10000826BDE7D8220020302B0020F42A0020AF
:108C2000298D0000D42A00202D910100818D0000A3
:108C30008D8F0100D98F0100479001000029034664
:108C400008BF1F21252870B514461AD8222846D8F7
:108C50001D2812D80D2801D8002070BDA0F10E06E5
:108C60000125F6B2B54040F2512635401CD11628F8
:108C70001FD01D28F0D1254A32E02028ECD1244A0B
:108C80002EE0262836D0A0F12E02D2B2102AE3D848
:108C9000012040F295159040284233D10D2A33D05F
:108CA000102AD9D11B4B26E00021BDE8704010F0FE
:108CB000F1B91668B37B252B09D12046FBF718FFC5
:108CC00086F838510023B37386F84A30C4E72B2B5B
:108CD000C2D1F37B243B072BF4D92A21EDE70E4ABE
:108CE0001568002DB8D00A46204619462B46BDE827
:108CF00070401847094B1B68002BADD02046BDE8DB
:108D000070401847064AEBE7064BF4E7E42A0020D8
:108D1000EC2A00201C2B0020D82A0020F82A002052
:108D2000042B0020382B0020024600684978837B02
:108D3000212B17D00ED8042B16D00F2B16D0C07BAA
:108D4000272817D0333BDBB21C2B15D80B48C05C4F
:108D5000FFF774BF2B2B03D02D2B09D0252BEED181
:108D60001620F5E71420F3E70E20F1E71220EFE7D5
:108D70002320EDE71720EBE7FE20E9E7308A030028
:108D800013B54C7802683E2C937B6DD8222C07D803
:108D9000A4F10E02D1B20F2940D9002002B010BDBB
:108DA000233C1B2CF9D801A252F824F0D38E0000EA
:108DB0009B8D00009B8D0000F18E00009B8D0000BC
:108DC0009B8D00009B8D00009B8D0000638F000039
:108DD0009B8D00009B8D0000F98E00009B8D000094
:108DE000278F00009B8D00003B8F00009B8D0000B3
:108DF0009B8D00004F8F0000138F00009B8D0000A3
:108E00009B8D00009B8D00009B8D0000678F0000F4
:108E10009B8D00009B8D0000F58E00000F2ABCD8B2
:108E200001A151F822F000BF7D8E00009B8D000053
:108E30009B8D00009B8D00007D8E00009B8D0000AF
:108E40007D8E00009B8D00008D8E00007D8E0000C9
:108E50009B8D00009B8D00009B8D00009B8D000072
:108E60009B8D0000E78E0000FF2C96D13F4B1B69C5
:108E7000002B92D0012382F8CE328EE702460121E8
:108E8000204602B0BDE8104010F004B9252B01D0F7
:108E90002B2B82D101900EF052FF01980368DA7BF0
:108EA000262A3FF47AAF93F863201A2122F00102B8
:108EB00083F86320026892F8633023F0080382F895
:108EC0006330FBF715FE01980022036883F8382110
:108ED00063E72D2B7FF461AF254B1B68002B3FF41C
:108EE0005CAF984759E7362B7FF457AF214BF4E737
:108EF000214BF2E7214BF0E7382B02D04F2B7FF4C8
:108F00004CAF1F4B1B68002B3FF447AF2E219847F7
:108F100043E7392B7FF441AF194B1B68002B3FF41B
:108F20003CAF3621F3E73A2B7FF437AF144B1B6885
:108F3000002B3FF432AF3021E9E73E2B7FF42DAF19
:108F40000F4B1B68002B3FF428AF3221DFE7442B87
:108F50007FF423AF0A4B1B68002B3FF41EAF352173
:108F6000D5E7084BB9E7084BB7E700BFD822002088
:108F7000DC2A0020E82A0020FC2A0020202B0020E8
:108F8000082B0020282B00203C2B00202DE9F34744
:108F900090F8DA8204460D4690F8DB62B8F1000FD3
:108FA0003BD190F82071002E39D194F821A184F89A
:108FB000207184F821A1FF2384F822311A4B04F197
:108FC000A8091B6813B1394648469847174B1B68D8
:108FD00023B13A46514601A80194984794F8383194
:108FE000012B02D058EA060603D0237B43F001038D
:108FF000237348460EF066FD18B1237B43F002034D
:10900000237306212046FEF761FB002384F83831E4
:109010003DB1A37302B0BDE8F0874746C3E7B2464F
:10902000C5E7E573F6E700BFE02A00202C2B0020FF
:10903000024B0020C3E90400704700BFD822002083
:1090400008B50022044BC3E90422FCF7D7FDBDE8B4
:109050000840FDF733B900BFD822002073B5514D49
:10906000002604462860AE806E73AE73FF2380F83E
:109070004C30B0F8E231002B00F0828090F89E3046
:10908000FE2B7DD190F82C31002B79D0037C073B4F
:10909000012B75D990F82D310221A0F844600122EE
:1090A00080F8A0300FF07FFF0221284684F8EA61A3
:1090B000FCF764FEB4F8E6112046B4F8DE3001395E
:1090C000B4F8E82189B2B1FBF3F31344A4F8E83112
:1090D000B4F840300B44A4F840300FF092FF10B1C8
:1090E000636B0B446363B4F8E2310026012B9CBF31
:1090F0000133A4F8E23109B184F8EE61E37B84F82E
:10910000EA610A3B012B0FD8E388B4F8D8229B1AF6
:10911000190409D404F2DA2104F117000EF07AF8E8
:10912000E673FF2384F84B30B4F8E62104F1A8017C
:1091300020460EF0B6F8E37B1B49113B1B4A0F2B70
:109140008CBF002301230093194B2868F8F7EAFF2E
:10915000696911B1002010F05AFC2C68237BDA07F2
:1091600003D500210F48FBF7C3FC237B9B0703D5E6
:1091700004F25F10FCF792FB0023237302B070BD72
:1091800094F89E10FE2901D0064891E7094B1E680D
:10919000002E8FD010F033FE02460B460148B04738
:1091A00088E700BFD82200204D8800000589000014
:1091B000C9910000402B0020024B1869003818BFED
:1091C00001207047D82200202DE9F04FDFF8E4811C
:1091D0000F4687B08146B8F80410D8F800408D05D6
:1091E000204655BFB4F8402000230132A4F8403097
:1091F0004CBF84F8EE31A4F840200FF002FF38B1E4
:109200000B4604F5AB7204F1A8012046FDF7CCF93A
:10921000B8F8043003F4C06333B1A37C002B00F032
:10922000A080032B00F0A380A27CB8F80430012AB0
:1092300003D1180544BF0222A274B9F1000F40F017
:109240000381590657BFB4F808224A46013292B248
:10925000A4F8082203F00A020A2A0FD198F80C2079
:10926000022A0BD123F008033846A8F80430FFF790
:10927000BBFB38430823C7B2A8F804303846FFF7D1
:10928000B3FBD8F810303843C7B2002B50D01422AB
:10929000002101A811F054F994F8210101F0D2FF46
:1092A000054694F8210101F0C5FF05F5FA754FF464
:1092B0007A7394F82911B5FBF3F5B4F8AA30054494
:1092C000D4F8C800ADF80430E388ADF80A50ADF822
:1092D00008300DF0E8FE94F8CE32ADF8060033B158
:1092E000D8F808301A689B8804928DF8143094F8E6
:1092F000CD2201A89DF80C3062F300038DF80C30EC
:10930000D8F8103098470023049A84F8CE3284F8B5
:10931000CD326AB194F8CC3253B9A37B372B07D046
:109320009DF8143023B11178FF2924D11B2B29D9A2
:10933000D8F8006096F89E30FE2B4BD1002F49D113
:10934000337C073B012B45D996F82C3113B396F8A3
:109350002D3101220221A6F8447086F8A030304653
:1093600080E10121A1742046FEF7B0F95CE70223F9
:109370000121A374F7E70729DAD1022BD8D151785C
:10938000FF29D5D10121C4F8D02284F8CF3284F846
:10939000CC12CDE796F80FA0AAF1100A5FFA8AFA6C
:1093A000BAF1100F40F21B813368DA0704D53A4650
:1093B0000921D4E7D82200209D0740F1A3803A4636
:1093C0000C2130460FF0EFFD96F8533043F00103C7
:1093D00086F85330B4F8E83194F8EB510133A4F82F
:1093E000E831002D00F02283F8F7AAFF10B1002326
:1093F000A4F8E831B4F8AA0010F0AAFAA37C8246D7
:10940000012B40F25483237C082B40F02783B4F8CF
:109410004030022B40F24B83B4F842500135ADB2DC
:10942000E38801A920462B44A4F8E0310123ADF8DC
:1094300004300CF02AFA002800F03D83BDF8043017
:10944000E2881344A4F8E431B8F80430D8F80050A6
:109450005E0657BFB5F8F4310023B5F8E6219B1836
:1094600058BF9BB2A5F8F43195F82C311BB92B7C71
:10947000073B012B06D8B5F84430B5F8E621134474
:10948000A5F8443095F84A1031B1B5F84630B5F832
:10949000E6211344A5F8463095F95020002AC1BFB3
:1094A000B5F84E30B5F8E6011B18A5F84E3095F822
:1094B00031306BB9B9F1000F40F0A48398F80E3049
:1094C000022B40F05B8395F8A030062B18BF1623C3
:1094D00095F8302022B9AB4885F83130FCF788FE8A
:1094E00028460FF05BFEA84B1B681BB1A74A20461D
:1094F00011689847002384F84C3007B0BDE8F04F5E
:10950000FBF710BC580702D53A46132127E7190785
:1095100006D596F898303A4686F8A03007211EE71F
:109520001A0602D500221B2119E713F0300138D0AA
:1095300096F82F31002B72D196F82E31C3B1F37B00
:1095400006F1A80006F5977106F2DA22292B26D03B
:10955000B37BA3F129056B426B410EF068FA3368C7
:1095600023F0200343F010033360002386F82E31EC
:109570003368DA0653D506F1A8000EF0A3FA18B145
:1095800006F25F10FCF78AF9B6F80A3100221521BD
:10959000A6F8A030B6F80E31A6F8A230DFE6012317
:1095A000DBE713F0400202D00A462421D7E613F489
:1095B000807101D01E21D2E613F4007202D00A4657
:1095C0002F21CCE613F40051FAD113F4806202D0BB
:1095D0000A463121C3E6DB0421D52C21BFE6D8F8A9
:1095E0000050EB7B182B49D014D8112B37D0162BF9
:1095F0003BD0B37B002B40F08880F37B103B102BDB
:1096000040F28B8096F83E30002B00F086800122DD
:109610001221A4E6202BECD13A46062121E0D8F80D
:109620000050EB7B3D2B64D00CD82F2B67D0352B13
:1096300053D0262BDDD195F83831022B50D10022A2
:1096400017210EE0452B57D04E2B5BD0402BD0D1AD
:109650004F4B4C481B6898470022332101E03A46A3
:109660000B2128460FF09FFCB4E62846FCF734FE99
:1096700000283FF4AFAE00220421F2E795F8C8328B
:10968000012B07D13A46052128460FF08CFC85F8BE
:10969000C8729FE695F8C832022BD9B27FF49AAE11
:1096A00095F8523053B106233A4685F8A030284643
:1096B0000FF079FC002385F8C832EAE7D8F80030CB
:1096C00040F20632A3F89A203A4695F8623013F039
:1096D000040F0CBF0D211121E9E700221121C0E781
:1096E00095F83831012B84D195F83931002BA6D06B
:1096F0007FE700222D21B4E700223A21B1E70022C2
:109700002021AEE700223C21ABE7092B05D196F8DA
:109710009930012286F8A03000E7BAF1100F7FF6E9
:1097200059AED8F8005095F80EA0BAF1000F40F0ED
:10973000C28095F83F313BB101220E2128460FF03F
:1097400032FC85F83FA1A4E795F83E3183B195F846
:1097500053A01AF0030B0BD14AF0010A01220C218D
:1097600028460FF020FC85F853A085F83EB190E71D
:1097700095F84031B3B195F86930DB090AD0012280
:109780002B216EE7D8220020F02A0020581100205B
:10979000182B00209D4B1B68002B00F08C809C48F0
:1097A000984788E095F82E312BB395F82F3113BBED
:1097B000EB7B05F1A80005F5977105F2DA22292B5C
:1097C00017D0AB7BA3F12906734273410EF02FF93A
:1097D000002385F82E310122142128460FF0E3FBE7
:1097E000B5F80A31A5F8A030B5F80E31A5F8A230C9
:1097F000F0E50123EAE795F83831012B6FD195F8B0
:109800003931002B6BD1E87BA0F12403072B66D9FB
:1098100095F820114B1EDBB2032B0AD8DFF8F4C1F8
:10982000634493F81DE095F82131013BDBB2032B33
:1098300004D94FF43F710620F7F710F8BEF1020F7C
:1098400095F83A2114D0BEF1030F13D0BEF1010FE9
:1098500004D1012A14BF002201226AB9A0F14703F2
:10986000012B28D90A38042825D901221621F8E627
:10987000022AEFE7042AF1D163445A7F95F83B317D
:10988000022A24D0032A24D0012AE7D1012B14BFB5
:1098900000230123002BE1D0EB8805F53672B5F8E3
:1098A0003C010DF09BFA8246B0B901465848FBF7DF
:1098B0001FF985F838A1B37B002B7FF48BAD96F8A8
:1098C000CC32002B3FF486AD0122FF2147E5022B6D
:1098D000DDE7042BE0D0C1E72C23AB737AE595F8E4
:1098E000423113B101222221BBE695F8413143B147
:1098F000494B47481B689847FE280146DBD00122A8
:10990000AFE695F84A3113B101221D21A9E695F879
:109910004B316BB195F86730DB0902D001222E2163
:109920009FE63E4B01220C2139481B68984751E5C0
:1099300095F84C3113B10122362192E695F84D315C
:1099400013B1012230218CE695F8503113B1012278
:10995000382186E695F84E3133B1314B2C481B68DF
:109960009847012232217CE695F84F3113B101224C
:10997000352176E695F8513113B10122262170E6A2
:1099800095F8D43213B101223E216AE695F852319E
:10999000B3B1DFF87CA01221DAF80030B3F8AA00E6
:1099A000F7F794FB03699B0706D51E4B50461B68CF
:1099B000984701223B2154E61B4B50461B68EFE6BB
:1099C00095F854318BB195F8393173B9EB7BA3F12C
:1099D0002402072A09D9AA7B3E3A042A05D93E3B2C
:1099E000042B02D9012223213BE695F85331012BA8
:1099F00005D1002385F853310122252131E695F860
:109A00005331022B7FF457AFF3E700BF282B002020
:109A1000D8220020308A0300D02A00200C2B0020FE
:109A2000142B0020342B00203C2B0020F8F774FC72
:109A300008B1A4F8E851F8F78BFC00283FF4DAAC41
:109A400094F8EE310133DBB2022B84F8EE3182BFA1
:109A50000023A4F8E83184F8EE31CBE494F83E30EA
:109A600013B1A37B0F2B22D1B4F842502046B4F897
:109A700040200135B4F8DE30AD1A9900A5EB83051E
:109A80000FF0BFFAA8B1A36B626B01339B1A5B1A8C
:109A90009D42A8BF1D46BAF1000F05D0BAF80E309E
:109AA000043B9D42B8BF1D46012D3FF7B8AC0125D0
:109AB000B6E42B46ECE7DFF858B1B4F8DE60DBF82B
:109AC000003073B1012E0CD9F8F72CFCDBF8003014
:109AD0000246E18820469847BDF804301844ADF8A6
:109AE000040094F8EC31002B3CD1012D3AD9E37BF2
:109AF0000BB10B2B36D1A37BA3BB237C93BBA37CE5
:109B0000022B2FD194F8EE3163BBD4F8C00009F0DA
:109B100024FE38B394F89E30FE2B23D1B4F8E23102
:109B2000012B1FD9B4F8E821B4F8D0309A4219D2E9
:109B3000BAF1000F02D0BAF80E1099B9013D9B1A84
:109B4000ADB29BB2B5FBF6F59D4228BF1D46BDF8F0
:109B5000043005FB0633003D18BF0125ADF8043085
:109B600084F8EA512B4B1B68002B3FF467ACBDF81F
:109B7000041020469847ADF804005FE4012B08D19B
:109B80006B7C002B7FF4A4AC00212846FDF79EFDE2
:109B9000A9E45FB1F80633D4390733D4BA0633D415
:109BA000BB0733D14FF43161312045E639B1B5F807
:109BB0004610B5F84830994201D3222388E4002AA0
:109BC00005DDB5F84E20B5F848309A42F5D2B5F823
:109BD0004420B5F842309A4209D2AA7CB5F8403008
:109BE00052B1B5F842209A42CED8082370E495F8D5
:109BF0002C31002BE1D1F0E7052BC5D93E2367E4DA
:109C00001E2365E43D2363E4232361E42A235FE408
:109C1000002B0020102B002073B504460190D0F8D3
:109C2000E002D4F8C830984214D1D4F8E462D4F8F1
:109C3000D030F61A18BF012694F8EC32002B3ED033
:109C4000B4F8AA000FF084FE30B940F66851312014
:109C5000F6F704FE0126EFE7B4F8E822B4F8DE30A8
:109C60009A421AD1B4F8EA3282899B1A18BF0123AA
:109C7000A57B472D15D0E27B472A10D00025B4F8EC
:109C8000E62201A8D4F8E012FBF7ACFB8DB3002369
:109C9000A3730323A37402B070BD0123E8E7334329
:109CA000ECD0154B1B6813B940F67351CFE7A5F103
:109CB0004702002101A8554255419847DFE7002E91
:109CC000DCD0B4F8AA3094F82911A4F8A7310DF02B
:109CD000EAF9B4F8E432A4F8A90104F29D10A4F85A
:109CE000AB31B4F8E6320549A4F8AD310DF0E9FD29
:109CF000C4E7E573CDE700BF242B00206B7F010094
:109D000008B5FBF7DBFF024B024A1A6008BD00BF33
:109D1000D42A00203D89000008B5FBF7FBFF054B66
:109D2000054A1A60054B064A1A60064B064A1A6035
:109D300008BD00BFD82A0020798F0100DC2A00204E
:109D4000678F0100E02A00209796010008B5FBF715
:109D5000E9FF094B094A1A60094B0A4A1A600A4B83
:109D60000A4A1A600A4B0B4A1A600B4B0B4A1A60DC
:109D70000B4B0C4A1A6008BD042B0020DD44010087
:109D8000082B0020514501000C2B0020CB4A01007C
:109D9000102B00203B8F0100142B0020B530000059
:109DA000182B002071520100014B5870704700BF02
:109DB000F0220020014B1874704700BF8023002060
:109DC000F8B584461E465BBB92F82C30002B3ED083
:109DD00092F93030DBB302F12F0392F82F0002F139
:109DE000180502F14404374688B3B2F86C2084F8B1
:109DF00009C0628160735B7823740FF04EFA05EB43
:109E0000400595F901000EB900F02AF9A07320462B
:109E10002B780F49E3732773BDE8F8400DF054BD6C
:109E2000096802F1310392F8310002F1200502F1D4
:109E3000330491F85411012907D092F82D1031B153
:109E400092F9321019B10127CEE70227CCE7F8BD0D
:109E5000B99201002DE9F041066807460D460F2131
:109E6000B6F8AA00F7F732F990F82E300446DB076F
:109E70003FD595F801800FF003FA10EA080338D0B7
:109E8000A97895F903C001F0030195F904503A68E7
:109E900092F8540100F0FF0270B9204643FA02F72D
:109EA00001320230FF0744BFC5778177042AF5D11C
:109EB00084F832C084F8313094F82D20CAB1BCF156
:109EC000000F16D0B6F8AA2004F1330084F8403011
:109ED0000123A4F83D20002284F8421084F83C209D
:109EE000054984F843C084F8415084F83F300DF0B0
:109EF000EBFC0020BDE8F081B992010070B50D4681
:109F00000F210646F7F7A6F8044620B940F2AD2126
:109F1000AC20F6F7A3FC7022002110F011FB7F2388
:109F20002946204684F8213084F8233084F82530EF
:109F300084F82730A4F86C600FF00EFA4FF0FF336E
:109F40000022A362024BA3600023C4E9002370BD7A
:109F500000E0FCFF08B5FCF793FCFBF72DFAFCF7DB
:109F600097FC024B00221A7008BD00BFEC230020B2
:109F70002DE9F341D0F8008005460F4698F80E30E1
:109F80002D2B59D10F21B8F8AA00F7F79FF80446F6
:109F900090F831000FF081F97B7804EB400206461F
:109FA00003F0030382F82030BB7884F83230FB786A
:109FB00082F8213023183A7983F828201F4B19782A
:109FC00049B35B789A4226D9FF2A24D0D11A0906D0
:109FD00004F1180154BF9B1A8023024608F1A8001F
:109FE00058BFDBB28DF807300DF107030FF0AFFA61
:109FF0009DF907307BB184F830300123B34084F8F9
:10A000002F302B68022283F8532100232246294651
:10A010001846FFF7D5FE0123224629460020FFF708
:10A02000CFFE2B68002483F8544128460DF087FEAC
:10A03000204602B0BDE8F0810120FAE7EC230020C1
:10A04000012808D8054B10B918700020704701226C
:10A0500059701A70F9E71220704700BFEC230020F6
:10A06000074B93F900301844142804DC10F17F0FDB
:10A0700003DB40B27047142070476FF07E007047DA
:10A08000EE2300207F2307B50DF107008DF8073080
:10A0900000F0D6FF03469DF9070053B1094B5B78EA
:10A0A0005B425BB21844142806DC10F17F0F05DB1D
:10A0B00040B203B05DF804FB1420FAE76FF07E00B5
:10A0C000F7E700BFEE230020024B00221A705A70FF
:10A0D000704700BFEE230020014B1870704700BF8F
:10A0E000F0230020064BD3F8000138B1D3F8040167
:10A0F00020B1D3F80801B0FA80F04009704700BFE2
:10A1000000600450034B00221A705A7010229A709B
:10A11000704700BFF4230020F8B50646022014461D
:10A120000D4600F0CBF8114B114A01275C60191D58
:10A130009A6002F1807203342D011F70DC601D8370
:10A14000C3E904260022243303F80A2C0D2203F865
:10A15000092C084AC2F83015074903C983E80300EF
:10A16000C2F80875C2F83835F8BD00BFF4230020E6
:10A170000300000B00600450F48A030008B50220BD
:10A1800000F09CF80D4B01221A7000220C4BC3F812
:10A190000021C3F80421C3F808210A4AC3F880202B
:10A1A00003F57433C3F88C20A3F58023C3F88C2106
:10A1B000A3F580530822C3F8042508BDF42300202A
:10A1C0000060045003000080154A08B51378FBB105
:10A1D00000231449C1F8803001F57431C1F88C3086
:10A1E000A1F58021C1F88C3108210F4BC3F8081567
:10A1F000FFF778FF88B101235370938EFF2B03D9AB
:10A20000BC213B20F6F72AFBDBB2937000231370CE
:10A210000020BDE8084000F051B810235070F4E76A
:10A22000F42300200060045000200450094B1A78E9
:10A2300062B1094BD3F8002152B1D3F8040140B107
:10A24000D3F80801B0FA80F0400970475878704799
:10A2500002207047F423002000600450064A08B52D
:10A2600013782BB1FFF73EFF20B192F8340008BD00
:10A270009078FCE71020FAE7F423002038B5084C6A
:10A280000025D4F80035032B04BF01236360C4F814
:10A290000055C4F8005501F041FAC4F8805038BDAB
:10A2A00000600450044B4022C3F88820BFF34F8F56
:10A2B000BFF36F8FFFF7E2BF00E100E010B5044687
:10A2C000FFF7DCFF012C06D0022C09D03CB18C2119
:10A2D0003D20F6F7C3FA074B0222C3F8002510BD54
:10A2E000044B0322C3F8002502F10042C3F880208A
:10A2F000F5E700BF00600450024BD3F8A00300F064
:10A300000100704700C0FF00084BD3F8A423D3F826
:10A31000A833511C9BB203D14FF6FF718B4203D07F
:10A3200002608380012070470020704700C0FF005A
:10A330000B4B30B5D3F89053D3F89443D3F898131C
:10A34000D3F89C2305EA04030B401340013317BFE5
:10A3500005600020446081601CBFC260012030BDE8
:10A3600000C0FF000B4B30B5D3F88053D3F88443C3
:10A37000D3F88813D3F88C2305EA04030B40134069
:10A38000013317BF05600020446081601CBFC260BC
:10A39000012030BD00C0FF00074B0022C3F800229F
:10A3A000C3F81822C3F82022C3F80C22C3F81422E1
:10A3B000C3F81C22704700BF00A0085010B50D4C18
:10A3C00001F03F01D4F8203E41F40C3123F4702316
:10A3D00041F4207143EA0243074AC4F8203E53681F
:10A3E00023F0030318435060C4F8000DC4F8101D97
:10A3F00010BD00BF00A0085030240020064B10B54F
:10A400000024C3F87043224621462046FFF7D6FFBA
:10A41000024B83F83C4010BD00A0085030240020BF
:10A42000094B0022C3F84825C3F84425C3F840254A
:10A43000C3F84C25C3F85025C3F850214FF48012BF
:10A44000C3F80823704700BF00500850EFF3108294
:10A4500072B60D4B93F83D1021B15B78012B04D0FF
:10A46000022B0ED002B962B6704710F0040FF9D17A
:10A47000064B0021C3F8401503F5A04301211961E3
:10A48000F0E710F0020FF2E73024002000500850EF
:10A4900008B5104B187201380F4B072815D8DFE8A4
:10A4A00000F004080C0A140E10120322C3F8002551
:10A4B00008BD0422FAE70622F8E70522F6E70022A3
:10A4C000F4E70122F2E70F22F0E740F645513E2083
:10A4D000F6F7C4F93024002000A00850002814BF6B
:10A4E0000223042307B58DF8043000238DF80630CD
:10A4F0000FF089FC01284FF0FF3088BF00208DF855
:10A50000050001A808F0D4FD20B140F65C313E20E2
:10A51000F6F7A4F908F0E4FD58B15723ADF802307E
:10A52000BDF802309BB25A1E92B2ADF80220002B49
:10A53000F6D1034B012283F83D2003B05DF804FB04
:10A540003024002070B5134D034608466E7F26B9AF
:10A5500040F6C1013E20F6F781F963B9012EAC69DE
:10A56000297F05D100F024FF20442B69C01A70BD5B
:10A570000FF054FAF8E7012B09D1012EAC69297FBD
:10A5800002D100F0FFFEEFE70FF053FAECE70020F6
:10A59000EBE700BF30240020124B93F82900F8B1FC
:10A5A00093F82820EAB193F82A200F4B52B10F4AB2
:10A5B000C3F80821A3F5A043D3F84001B0FA80F016
:10A5C00040097047D3F8002442F00102C3F8002488
:10A5D000D3F8200500F0F600023818BF01207047BC
:10A5E000012070473024002000A008500B0000809C
:10A5F00013B50B4C01AB94F9092001F07BFD9DF8DC
:10A60000050006F029FA20B140F2E3513E20F6F7AA
:10A6100025F921469DF9040000F050FE02B010BD5E
:10A620003024002008B5134BDB89952B21D970B954
:10A63000114B28311846D960104906F0F5F9013060
:10A64000012816D940F2C2613E20F6F707F9012829
:10A650000CD1094B29311846D960084906F0EAF9AE
:10A660000130012805D940F2CC61EDE74FF4DA6101
:10A67000EAE708BD3024002064110020FC8A0300B2
:10A68000074BD3F8502110B532B10022054CC3F866
:10A690005021D4F8203203B110BD0FF09EFEF8E730
:10A6A0000050085000A0085008B50E4BDA89952AD2
:10A6B00016D95B78012B09D106F0C2F901300128C7
:10A6C0000ED940F611113E20F6F7C8F8022B07D13B
:10A6D00006F0BCF90130012802D940F61711F2E763
:10A6E00008BD00BF302400200A4B40F409000A4A8C
:10A6F0009B8940F04000B3F5166F36BFA3F63813C0
:10A70000A3F5166343F48073C2F80837C2F8400516
:10A71000704700BF3024002000A0085010B50C4640
:10A72000FFF7B6FE2046FFF7DFFF0D4BD3F80024FE
:10A7300042F01002C3F800240A4A127A082A0BBF1A
:10A7400040F2022240F20312C3F8442EC3F8442E12
:10A7500014BF40F25B62044AC3F8482E10BD00BF2C
:10A7600000A00850302400202110010007B50DF191
:10A77000070008F0A9FC20B140F69F313E20F6F713
:10A780006DF80D4A9DF807305278012A04D0022A4C
:10A790000ED003B05DF804FB13F0040FF9D1074BA2
:10A7A0000022C3F8402503F5A04301221A61F0E717
:10A7B00013F0020FF2E700BF3024002000500850D1
:10A7C00038B50C460546FFF763FE20462146FFF7E5
:10A7D0008BFF2846FFF70CFF094B1B7A082B094B10
:10A7E0000BBF40F2022240F20312C3F8442EC3F81A
:10A7F000442E14BF40F25B62034AC3F8482E38BDB2
:10A800003024002000A00850211001002DE9F04163
:10A8100006460C461746FFF761FE0FF046FA002881
:10A82000FBD0524D002E56D14FF0010895F828303C
:10A8300085F80180002B3BD1A97A3846FFF7C0FF8D
:10A8400095F82A30002B37D0494BC3F80080494B8C
:10A850004FF47A7233F8173003F5FA73B3FBF2F35F
:10A86000E41A012385F828302B691C44424BC3F8B5
:10A87000404595F83E302BB1032B57D0022B51D1D8
:10A88000002E53D03D4B3C49C1F8C031FFF784FE48
:10A890000546002865D00123CB64D1F84C35A3428E
:10A8A0005FDA21463046FFF7BDFEFFF75FFF59E054
:10A8B00095F82A30002BCAD1314B4FF47A7253F8F5
:10A8C000273003F5FA73B3FBF2F32C4AE41A284B52
:10A8D000C3F80021C5E7012E1FD102236B7095F844
:10A8E000283083B9A97A3846FFF718FF95F82A303F
:10A8F0006BB11F4B5E601E4AD2F8003443F0100368
:10A90000C2F80034ADE795F82A30002BF3D1184B8C
:10A91000293C1A4AC3F80421A3E740F634013E203B
:10A92000F5F79CFF012BADD1002EABD02F6C4FF46F
:10A930008013114D4FF00008E71B1248C5F85081F5
:10A94000C5F85075C5F8043307F00EFC0123EB641D
:10A95000D5F84C359F4295D80720C5F85085FAF7B1
:10A960006DFF00252846BDE8F08100BF302400209F
:10A9700000A00850C88B0300005008500B00008056
:10A98000A48B030081A600004822002101480FF09B
:10A99000D7BD00BF30240020014BD881704700BFD5
:10A9A00030240020024B012283F82A20704700BF88
:10A9B00030240020024B0344187D00F516607047D8
:10A9C000FC8A0300014B187F704700BF3024002031
:10A9D000024B98691B69C01A704700BF30240020E1
:10A9E0000A4B1A7FD3E90430C01A094B03EB8203E8
:10A9F000DB6BC01A074B53F822304FF47A7203F224
:10AA0000F313B3FBF2F3C01A704700BF30240020E9
:10AA1000FC8A0300908B0300FF2810B504D940F294
:10AA2000CB213E20F5F71AFF013907292AD8DFE8A4
:10AA300001F02C310404292C2C22002403220121B2
:10AA40004FF0C743234340EA024043EA015340F03A
:10AA5000007043EA0123134943F00803C1F8203E84
:10AA6000C1F8280ED1F8203503F0F703032B17D1D6
:10AA700040F25631D5E700224FF080644FF000736A
:10AA80001146DFE74FF44F71CBE700240322012189
:10AA90002346D7E70024032201214FF08073D1E73A
:10AAA00010BD00BF00A0085008B50A4603460C4977
:10AAB0000C48C1F870031878032804D040F2AB3179
:10AAC0003E20F5F7CBFE012A59780CBF0822002260
:10AAD000FFF774FC044B012283F83C2008BD00BF43
:10AAE00000A008500600008030240020F8B5284E51
:10AAF0004FF48067C6F89070BFF34F8FBFF36F8F2E
:10AB00000FF0CDF80546234C0FF079F90121401BD9
:10AB1000214D2061C5F8A410FFF73EFC4FF400233F
:10AB2000C5F8401EC5F800341C4B187C05F0A6FF84
:10AB300008F00EFA1A4B1B4AC5F838331A4BC3F803
:10AB4000C820013AC3F8C42040F6FE72174BC5F87E
:10AB50001433174BC3F8042500239622A383A36163
:10AB6000238584F82A30E281D5F8002D84F83C3022
:10AB70004FF480736260C6F89071C5F88834A36C96
:10AB8000376103B19847BDE8F84005F041BF00BF09
:10AB900000E100E03024002000A0085064110020F3
:10ABA0000300008006000080005008500100008073
:10ABB00000200850014B5872704700BF302400201D
:10ABC000020E034B0002C3F8342EC3F82C0E70475C
:10ABD00000A00850044B054A034490721B7D03F506
:10ABE00016639381704700BFFC8A03003024002065
:10ABF00008B5FFF70BFE58B9064B0122C3F8400514
:10AC000003F5A04302201A61BDE80840FAF716BE1A
:10AC100008BD00BF00500850F8B53F4F05460E462E
:10AC200097F8293023B940F206713E20F5F716FE59
:10AC300097F83E40FCB10FF038F80028FBD0374BB6
:10AC40000122DA64D3F84C459DB9354B4FF47A7242
:10AC5000323453F8263003F5FA73B3FBF2F31C4495
:10AC60003B6932462846E41A2146FFF7C1FF2046D9
:10AC7000F8BD5B34F4E7FFF731FC0123294A87F87C
:10AC80002830D2F8003443F00103C2F8003487F8CA
:10AC90002A400FF00AF80028FBD03DBB0123B97A07
:10ACA00030467B70FFF78CFD7B78012B02D04FF490
:10ACB000E961BAE7194AD36402F5A0421360174B61
:10ACC0002846D3F84C452146FFF7ACFCFFF74EFD74
:10ACD0003B69E41AF5B9124B4FF47A7253F82630F7
:10ACE00003F5FA73B3FBF2F31C44C0E7012DE6D180
:10ACF0000223B97A30467B70FFF710FD7B78022B78
:10AD000002D040F2517190E7044BDD6403F5A0439B
:10AD10005D60D4E72934AAE73024002000500850B1
:10AD2000A48B030000A0085073B5294B4FF4806139
:10AD3000284A4FF0FF30D3F88854C3F89004C2F883
:10AD400090114FF40022244C05F48075C3F80024C0
:10AD500000222249228584F82A20C1F84025C3F820
:10AD60000821C3F80021C3F80421D3F82015C9B283
:10AD7000D1B18DF80700C3F8202201221A619DF895
:10AD8000072012B1D3F820223AB19DF807305BB901
:10AD900040F6FF013E20F5F761FD9DF80720013ADE
:10ADA000D2B28DF80720EAE7FFF77EFC084E0023B9
:10ADB000C6F82032238094F83C300BB1FFF71EFB1D
:10ADC0001DB14FF48073C6F8883402B070BD00BF67
:10ADD00000A0085000E100E030240020005008509E
:10ADE000F8B52A4FFFF71CFBFFF79EFF05F016FE94
:10ADF00097F83D304BB108F061F920B140F2AE4117
:10AE00003E20F5F72BFD87F83D00002008F062F9A1
:10AE1000044610B140F2B141F2E71D4D1D4EC5F898
:10AE2000C401C6F80801C6F80001C6F80401C5F857
:10AE3000C800C5F8C400C6F80401C6F8000108F04F
:10AE40009FF8154B40F6FE72C6F83843C6F8144317
:10AE5000C5F8C041C3F80825FC70C7E90544FFF7F1
:10AE6000DFFA0E4B4FF48062C5F84841C5F8444103
:10AE7000C5F84041C5F84C41C3F89020BFF34F8F4F
:10AE8000BFF36F8FC3F89021F8BD00BF30240020BE
:10AE90000050085000A008500020085000E100E0D9
:10AEA00070B5174C0646257865B994F82A20657068
:10AEB000E5701AB1134AC2F8405170BD228584F87A
:10AEC0002A20FAE718B1BDE87040FFF72DBF013D19
:10AED000E189A27818BF01252846FFF733FB94F8D3
:10AEE0002A300146268043B1064BC3F84061A27860
:10AEF0002846BDE87040FFF77BBE84F82830F6E7AF
:10AF00003024002000500850014BC3F84C0E70470D
:10AF100000A0085038B50446074808F0DBF820B117
:10AF200040F668113E20F5F799FC044D94E80F00B7
:10AF300085E80F0038BD00BF4DA400007C24002030
:10AF40000A490B4B10B50124C1F8D00E586283F8A2
:10AF50002940FFF721FB40B9064BC3F84005032009
:10AF60000C61BDE81040FAF769BC10BD00A00850A4
:10AF70003024002000500850144A13691844936983
:10AF8000834210B5124C09D30220FAF757FC002374
:10AF90000122C4F840350F4B1A6110BD0123D37054
:10AFA0006364D4F844250532824206D3094AD2F8B4
:10AFB0000C120029F1D11361EFE70023C4F84431EA
:10AFC000054BC4F84405C4F8C431E6E7302400203A
:10AFD0000050085000A008500900008038B50A4C05
:10AFE0000346657F217F012D227AE08909D100F097
:10AFF000EDF9A36922699B1A1844BDE83840FFF7B0
:10B00000BBBF00F0FDF9F4E730240020044BC3F887
:10B01000940ED3F8002442F04002C3F80024704795
:10B0200000A00850054BD3F8002422F04002C3F8DA
:10B0300000240022C3F8942E704700BF00A00850DF
:10B04000044BD3F8183703F07F035B4203700120F1
:10B05000704700BF00A00850094B93F82A206AB13E
:10B060000128084A084902D1C2F804117047C2F801
:10B07000001118B9997A187AFFF7BABA704700BF69
:10B080003024002000A0085007000080002808B5E8
:10B0900018BF02220A4B08BF012299701A7093F858
:10B0A0002A205AB11B7A8B4204D040F6C7213E2099
:10B0B000F5F7D4FBBDE80840FFF7CEBF08BD00BFE1
:10B0C00030240020054B0022C3F84025044AD2F862
:10B0D0002035DBB20BB101231361704700500850DB
:10B0E00000A00850044B30B5D3E90C459B6BC0E978
:10B0F00000450B6030BD00BF302400202DE9F04139
:10B100000EF0C7FD484C494D0123C4E90C01EB6426
:10B11000D5F84C35A363FFF7C7FA454B0022C3F8B7
:10B120000821C3F80021C3F80421C3F80421C3F89F
:10B130000021D3F8001421F01D01C3F8001494F885
:10B140003C3084F829200BB1FFF758F9D5F8483581
:10B15000A361D5F84435636163786377344BD3F8E2
:10B160001872D3F82002FFF717F96678022E40D143
:10B17000E3784BB1D5F8443133B10120FFF790FEAD
:10B18000E36CBDE8F0411847002F45D0237A23B97E
:10B1900040F24D213E20F5F761FBDA1E012A24D84A
:10B1A000234BD3F81C3E13F006031DD0022B1ED0F8
:10B1B0000323002500202377FFF772FE1C4B85F048
:10B1C0000101D3F80C2ED2074CBFD3F81C0E01207E
:10B1D000236D44BF00F00100084300F0010080F03F
:10B1E0000100BDE8F041184703230125E2E70423ED
:10B1F000FBE7012E10D1237A237737B10020FFF728
:10B200004FFE636D31460020EBE758B13046FFF743
:10B2100047FE636D3946F6E720B10120FFF740FE97
:10B22000A36DAEE7BDE8F081302400200050085047
:10B2300000A00850024B03EB8003D86B704700BF9F
:10B24000FC8A0300024B03EB8003186D704700BFBC
:10B25000FC8A0300F7B501230D4647780146437089
:10B2600004462846164600F069F94FF47A73124AEC
:10B27000ADF80630BDF806309BB243B9BDF80630D4
:10B280009BB27BB940F65F513E20F5F7E7FAD2F862
:10B290000431002BF2D1BDF80630013B9BB2ADF872
:10B2A0000630E7E7677016B9EB78A370AB707B1ECA
:10B2B0005842584103B0F0BD006004502E3008B52C
:10B2C000362854D8DFE800F05053535353534D53AE
:10B2D000535353535353535353534B535353535346
:10B2E000585358534953475345534353413F3D3BAC
:10B2F00039373533312F2D2B29272523215A1C008F
:10B300003F231F4AC2F8103708BD3323F9E72D2326
:10B31000F7E72823F5E72323F3E71F23F1E71B23B0
:10B32000EFE71823EDE71523EBE71323E9E71123F4
:10B33000E7E70F23E5E70D23E3E70B23E1E70A2324
:10B34000DFE70923DDE70823DBE70723D9E7062347
:10B35000D7E70523D5E70423D3E70323D1E7012368
:10B36000CFE74FF49873CCE74FF48873C9E74FF4F5
:10B370008E713F20F5F772FA0223C2E73923C0E746
:10B3800000A008504FF47A73033A5843012A10B5CD
:10B39000064C00F2E73034F911100844B0FBF3F02A
:10B3A0008CBF02230A23C01A10BD00BF7C8B030090
:10B3B0004FF47A73044A00FB033032F91120104431
:10B3C000B0FBF3F0704700BF7C8B030038B51D461F
:10B3D0000A4B33F9114003EB820305355B691C44CA
:10B3E0004FF47A7304F6B73403FB00441046B4FB01
:10B3F000F3F42544FFF71EFF284438BD7C8B03007F
:10B4000070B5064608461546FFF71CFF094B03EBCF
:10B4100085035C694FF47A7304F6B73403FB064482
:10B42000241A2846B4FBF3F4FFF704FF0530204448
:10B4300070BD00BF7C8B0300024B00221A705A7053
:10B440009A7070478C2400202DE9F04707460120B0
:10B4500015469DF834400E469846DDF824A09DF828
:10B460003090FEF72BFF314AD47014B93B1F5C4279
:10B470005C4107F00303002143EA04632C4CC4F849
:10B4800004352C4BC4F88010C3F88410A3F5802336
:10B49000C3F88411A3F580530221C3F80815BDF841
:10B4A000283031689380F36809BA93FA83FCB36853
:10B4B00018BA7368C4F810C51BBAC4F81405C4F8E8
:10B4C00018352B0AC4F81C152D069DF8206043EA98
:10B4D0000863DAF804102DBA003E23F00043DAF8CE
:10B4E000000009BA18BF0126B9F1020F00BAC4F86A
:10B4F000201543EAC673C4F824051BBAC4F82835DE
:10B50000C4F82C550CD80C4B022F13F80930C4F892
:10B5100048354FF00103537000D11370BDE8F08738
:10B520004FF49B716C20F5F799F900BF8C24002033
:10B530000060045000300850DC8B03002DE9F84F08
:10B54000334B04460D465A7822B94FF4A8716C204B
:10B55000F5F784F94A7893F803801A81B8F1000F5F
:10B5600051D14A7803F1060B42702A4A4FF0000C81
:10B57000294E4FF00E09DFF8A4A006F1080706F1E6
:10B58000300EC3F844B006F1400BDD61C3F820A0D3
:10B5900083F82AC083F82B9092E80300C3E90BCC10
:10B5A00086E80300D2E90201C3E9154A87E80300EF
:10B5B000E91C1F8959621F85D2E904018EE8030046
:10B5C00017499964D2E90601E21CDA6507EB080223
:10B5D000A3F86020C2F307428BE8030083F86220DF
:10B5E000012183F86390C3E919CCAA78A2700D4AAF
:10B5F000C2F83065C2F838E599701970C2F804C114
:10B600001160BDE8F88F00F1010B4FF00408ACE7C2
:10B610008C240020E08B0300982400200100000D02
:10B620000100000C00600450334B5A782DE9F041C2
:10B6300005460E4622B94FF4BD716C20F5F70EF9A0
:10B640002E4A03F13C0C03F14C0403F10C07DFF824
:10B65000B080DFF8B0E0C3F848805E65C3F858E01A
:10B6600092E80300C3E9095E8CE80300711C596489
:10B67000D2E9080184E80300F11C0024D9652249BD
:10B680009C6683F83240C3E91814D2E9040187E8C4
:10B690000300691CC3E90518D2E90601EA1C03F19D
:10B6A0001C08DA629A881A860E2288E8030083F85A
:10B6B00033200121C3E90D44B278AA70134AC2F8BD
:10B6C00030C5C2F8387599701B780BB9A921B4E759
:10B6D0000F4BC2F80441C2F80841C2F880300D4A4D
:10B6E000C2F88430A2F58022C2F8843102220A4BCB
:10B6F000C3F80425BDE8F0818C240020E08B030012
:10B700000100000C0100000DE803000E0060045071
:10B710000100008000300850002004500C4B1A78C3
:10B720008AB100220B490220C1F8802001F5743152
:10B73000C1F88420A1F58021C1F88421A1F58051B0
:10B74000C1F808051A7000225A709A70704700BF3D
:10B750008C2400200060045008B50B4BD3F808215E
:10B7600022B10420FAF76AF8022008BDD3F80421B8
:10B7700022B90520FAF762F80320F6E7D3F80004AF
:10B78000003818BF0120F0E700600450014B01228F
:10B790005A60704700600450014B1860704700BF4A
:10B7A000FC240020014BC3F804057047002008501A
:10B7B000014BC3F80805704700200850164840F6B2
:10B7C0002E731649C0F808350023154AC1F8C03158
:10B7D000C2F80031C1F8C431C2F80431C1F8C8312F
:10B7E000C2F80831C1F8CC31C2F81031C1F8D031FB
:10B7F000C1F8D431C2F8A031C2F8BC33C1F88C30E2
:10B80000C1F8C430C2F85833C2F814314FF47C7315
:10B81000C0F8083507F0B4BB0020085000500850AD
:10B8200000A00850064BD3F82C283AB940F04070DD
:10B83000C3F800080120C3F87C0870470020704757
:10B8400000A00850054BD3F8002420B142F00102BB
:10B85000C3F80024704722F00102F9E700A0085065
:10B86000054BD3F8002420B142F40022C3F8002491
:10B87000704722F40022F9E700A00850024B002292
:10B88000C3F80024704700BF00A00850034BD3F852
:10B890002002003818BF0120704700BF00A00850E8
:10B8A000024B0022C3F82022704700BF00A00850BE
:10B8B000024B0022C3F8BC22704700BF00A0085012
:10B8C000034BD3F8BC02003818BF0120704700BFFB
:10B8D00000A00850024B0022C3F80022704700BFAE
:10B8E00000A00850034BD3F80002003818BF012015
:10B8F000704700BF00A00850034B01225A6000228D
:10B90000C3F80022704700BF0050085000F5A8702F
:10B91000014B43F82010704700500850024B00F5CF
:10B92000A87053F82000704700500850034B800067
:10B930001858003818BF0120704700BF4051085008
:10B940008000024B00221A50704700BF405108503F
:10B95000024B4FF48002C3F8042370470050085094
:10B96000024B4FF48002C3F8082370470050085080
:10B97000024B0022C3F8C822704700BF00A0085045
:10B98000024B0022C3F80422704700BF00A00850F9
:10B99000024B0222C3F88824704700BF00A0085061
:10B9A000024B0222C3F89024704700BF00A0085049
:10B9B000034BD3F80402003818BF0120704700BFC2
:10B9C00000A00850024B0022C3F80822704700BFB5
:10B9D00000A00850024B0422C3F88824704700BF1F
:10B9E00000A00850024B0422C3F89024704700BF07
:10B9F00000A00850034BD3F80802003818BF0120FC
:10BA0000704700BF00A00850034BD3F8C8020038AD
:10BA100018BF0120704700BF00A00850012804D1C2
:10BA2000094B0322C3F800257047022802D1064BB8
:10BA30000422F7E7082806D1034B0422C3F80025A7
:10BA40000322C3F81028704700A008500230024BB0
:10BA5000C3F80807704700BF00A00850064B020E4D
:10BA60000002C3F8342E0A0E0902C3F82C0EC3F8E4
:10BA7000382EC3F8301E704700A008500138074B1D
:10BA8000074A18BF012043EA0123000640F4802042
:10BA9000C2F8200EC2F8283E704700BF1000030015
:10BAA00000A00850014BC3F8D00E704700A008500A
:10BAB000034BD3F8180700F07F004042704700BFE7
:10BAC00000A00850034B044AC3F8C420C3F88C20DC
:10BAD000704700BF0050085005000080034B002253
:10BAE000C3F8C420C3F88C20704700BF0050085032
:10BAF000064B0022C3F80022C3F80C22C3F8182218
:10BB0000C3F82022C3F81C22704700BF00A00850D1
:10BB100008B50DF0A5FF014B185C08BD90A8010009
:10BB200008B50DF09DFF024B034493F82B0008BDB0
:10BB300090A80100084AD2F8D43723F0875323F4A1
:10BB4000F013C2F8D437D2F8D43743EA404343F075
:10BB50008053C2F8D437704700A008501C4B002215
:10BB6000C3F8202201221A61D3F82022002AFBD038
:10BB7000002240F22141C3F82022C3F8181501F138
:10BB8000004101F5911101F6A241C3F8D417114902
:10BB9000C3F80428C3F80819D3F8401B21F0FF01AB
:10BBA000C3F8401BD3F8401B41F09001C3F8401B81
:10BBB0000221C3F810180121C3F8A410C3F84825C6
:10BBC000C3F85425C3F85025C3F85825704700BF63
:10BBD00000A0085005008010024A136D43F00103D5
:10BBE0001365704700B0085008B5134B2629186D2F
:10BBF00040F0010018654FF0030018604FEA410063
:10BC0000586015D008D808290AD012290DD040F262
:10BC1000A7418920F4F722FEA229F8D1002101E0F2
:10BC20004FF6FF71D9619A6108BD47F2C711F9E774
:10BC300043F2E551F6E700BF00B00850014B012286
:10BC40009A63704700B00850014B586A80B2704741
:10BC500000B00850014B586A000C704700B0085003
:10BC6000024B1B6A1A0C0A800380704700B0085010
:10BC7000064B586B7D23000100B20028B8BF0F307F
:10BC80000011584300EBD0704010704700B00850CE
:10BC900008B50E4BDA6AFFF7EBFF0028C2F30B1270
:10BCA000B8BF4042122A05D843F69823984203DCD5
:10BCB000002007E0162A06D847F230539842D4BF36
:10BCC0000120022008BD0220FCE700BF00B00850A0
:10BCD00001F662114BF6BC6348430028CBBF00F568
:10BCE000BE42A0F5BE425E325E3ACCBFB2FBF3F379
:10BCF00092FBF3F3064AC3F30C01C2F80418054A99
:10BD000002FB0300642390FBF3F000B2704700BF16
:10BD100000A008504441FFFF024B4FF40042C3F81B
:10BD20008C24704700A00850024B4FF40042C3F827
:10BD30009424704700A00850024B4FF48072C3F85F
:10BD40008824704700A00850024B4FF48072C3F85B
:10BD50009024704700A00850024B0122C3F88824A9
:10BD6000704700BF00A00850024B0122C3F8902486
:10BD7000704700BF00A00850034B4FF48022012001
:10BD8000C3F88C24704700BF00A00850024B4FF44A
:10BD90008022C3F89424704700A00850074B4FF04E
:10BDA000FF32C3F890240022C3F884244FF4806249
:10BDB000034BC3F890211A61704700BF00A00850E0
:10BDC00000E100E0094B4FF0FF32C3F8902400225D
:10BDD000C3F884244FF48062054BC3F89020BFF36E
:10BDE0004F8FBFF36F8FC3F89021704700A00850AA
:10BDF00000E100E0024B1879003818BF01207047BD
:10BE0000FC24002010B50C4CD4F8483543F007034F
:10BE1000C4F848350123C4F8503500F0FE03C4F8D7
:10BE2000541503EB50030933012A08BF0133DBB279
:10BE3000C4F8583510BD00BF00A00850014B0122C6
:10BE40009A63704700A00850024B034AC3F80829C0
:10BE5000704700BF00A008500500901000384FEA5E
:10BE60008203094A18BF0120012903F0780314BF97
:10BE700040214FF4807143EA012343EA800343F0F9
:10BE800002031365704700BF00B008502DE9FF475B
:10BE9000484D0C4698464FF0010A04230021C5F88E
:10BEA000A4A08146C5F840AE2046C5F83C3E1746E2
:10BEB000FFF7E4FD4FF4807310226846C5F8443E56
:10BEC0000E46C5F8481E0EF03BFB5146484604F0AE
:10BED0004FFE6946FFF7F2F9C5F81865C5F800642A
:10BEE0003A460C994046FFF78DFF424621463846B8
:10BEF000FFF7B4FF304C07F02BF8304A4FF47C7357
:10BF00000127C2F804352E4BC4F8C031C5F8003102
:10BF10000133C4F8C431C5F804310133C4F8C83161
:10BF2000C5F808310633C4F8CC31C5F810310133F7
:10BF3000C4F8D031C4F8D431C5F8A031053BC5F8F8
:10BF4000BC330633C5F85833C5F8143140F62E73A8
:10BF5000C2F804352022D4F8043523F00303C4F8D2
:10BF600004356760D4F8083543F00303C4F8083596
:10BF70004FF0FF33C4F81065E760C4F80833114B85
:10BF8000C4F84065C4F84465C4F84865C4F84C6515
:10BF9000C4F85065C4F85465C4F858651A610DF0CA
:10BFA00078FE054627600DF02AFF281A04B0BDE888
:10BFB000F08700BF00A00850005008500020085033
:10BFC0000100008000E100E0064BD3F8402B22F096
:10BFD000FF02C3F8402BD3F8402B42F08802C3F88D
:10BFE000402B704700A00850032912D90268072986
:10BFF000084B12BA5A650CD942680B2912BA9A65D5
:10C0000007D982680F2912BADA6582BFC26812BAEC
:10C010001A66704700B00850034BD3F8C0020038CE
:10C0200018BF0120704700BF00A00850024B00223B
:10C03000C3F8C022704700BF00A00850024BD3F8DD
:10C04000000BC0F30030704700A00850024B1B6883
:10C0500003B11847704700BFFC240020014B587102
:10C06000FFF7F4BFFC240020024B1868003818BF0B
:10C0700001207047FC240020014B5879FFF7E6BFF0
:10C08000FC24002038B5194B0C46054611461B7E92
:10C0900033B1174B1B681BB12046984743001BB2B6
:10C0A000012C9BB207D11DB903F5F3500C3007E00A
:10C0B00003F5F750FAE7022C08D11DB903F6EE702C
:10C0C00080B238BD03F583500830F9E7082C07D15A
:10C0D00015B903F58050E9E703F584500630EFE722
:10C0E0004FF41B71B620F4F7B9FB00BF0425002004
:10C0F000442B00202DE9F04F254C85B0054698468D
:10C100000F46164604F0F8FC23788146AB4211D165
:10C110006378BB420ED194F90230B3420AD1E3787E
:10C12000834207D1A388A8F8003094F9060005B02F
:10C13000BDE8F08F082D1CD18DF80F6028469DF9C1
:10C140000FB00DF0A4FC82463846FEF733FC002207
:10C150000346414600925846524604F083FCB8F824
:10C160000030A071A38025706770A67084F80390DA
:10C17000DBE728460DF08BFC0DF10F033246394604
:10C1800004F0C0FC0028D9D04621A920F4F766FBB2
:10C190007A110020014B18609980704720250020FB
:10C1A000024BD86019745A82704700BF4C2500209A
:10C1B0002DE9F843089D1C4606461B884078174623
:10C1C0008846E854238801339BB223803078E854B2
:10C1D000B4F8009009F101091FFA89F9A4F8009058
:10C1E00070780DF06DFC05F80900238801339BB2CF
:10C1F00023807278032A00F2D180DFE802F0022E59
:10C20000507DB279EA54238801339BB22380F279BE
:10C21000EA54238801339BB22380327AEA54B8F17E
:10C22000000F39D122885F49013292B22280B6F9DB
:10C2300004308B42B8BF0B4642F210718B42A8BF4C
:10C240000B46C3F30E03AB541B0A22882A445370D7
:10C25000238802332380BDE8F883B279EA54238827
:10C2600001339BB22380F279EA54238801339BB2D5
:10C270002380327AEA54238801339BB22380B28828
:10C28000EA54238896F905202B445A7023880233F8
:10C290009BB22380727AEA5423880133DAE7327939
:10C2A000EA540022238801339BB2238006EB8201EB
:10C2B000013248799742E854238888792B44587092
:10C2C0002388C8792B449870238803F103039BB219
:10C2D0002380087AC0F30300E8540B7A208803F027
:10C2E000F003295C43EA01032B54238803F1010383
:10C2F0009BB22380DADAAEE7B279EA5423880133BD
:10C300009BB22380F279EA54238801339BB22380C5
:10C31000327AEA54238801339BB22380B288EA54EC
:10C32000238896F905202B445A70238802339BB248
:10C330002380727AEA54238801339BB22380B27A35
:10C34000EA540022238801339BB2238006EB82014A
:10C350000132C87A9742E854238888892B44587060
:10C3600088892388C0F30F202B449870238803F119
:10C3700003039BB22380887BC0F30300E8548B7BCC
:10C38000208803F0F003295C43EA01032B5423883F
:10C3900003F101039BB22380D8DA5CE7CA2187202E
:10C3A000F4F75CFAF0D8FFFF2DE9F04F002387B0D7
:10C3B00004460D46174690F8978200F52D76DFF873
:10C3C000B490ADF81630B4F8A232FF2B07D899F824
:10C3D000000003FB006042780AB9827822B904F5B4
:10C3E0002D79DFF890A02BE0D4F8D4304246D97CE8
:10C3F0000DF116030097FFF7DBFEB4F8A23201330C
:10C40000A4F8A232DFE7D4F8D4304246D97C0391B5
:10C410000DF056FBCBF1FF0303305B1B00B21BB2E8
:10C4200083421ADB0DF1160342460399304600970A
:10C43000FFF7BEFEB4F8A23201339BB2A4F8A232D9
:10C44000FF2BBDF816B008D89AF8006003FB0696DB
:10C45000707810B1B378002BD5D15D44FF2D04DD89
:10C4600040F205118720F4F7F9F9584607B0BDE806
:10C47000F08F00BFB41B00202DE9F3470C460646A1
:10C4800020B94FF4E9718720F4F7E8F90D21DFF8BE
:10C49000F491F4F775FE0D21F4F718FEB389B0F8A6
:10C4A000A42200F52D7705460D219A4299F8002027
:10C4B0001EBFA0F8A4320023A0F8A232B0F8A23226
:10C4C00002FB037393F80180B8F1000F40F09480F1
:10C4D000F4F756FED5F8D430A4F803005A7F627101
:10C4E000DA7A012A14BF95F897124146012A21747D
:10C4F0007189E180B189218103D19A7C013A012AB5
:10C5000040D896F90E202273DB7C002B3CD1B6F983
:10C5100010305D4A9342B8BF134642F21072934204
:10C52000A8BF1346C3F30E030020B5F8A2A263818F
:10C530006074B37C0F2B03D903F0F003202B3FD1A1
:10C54000102104F112022846FFF72EFFB5F8A212BF
:10C55000A1EB0A036374B37C0F2B31D8B1F5807F54
:10C5600005D099F8002001FB0272517871B90022C0
:10C5700013F00F03A27338D00F236373002396F8D0
:10C5800012800EE07F22BEE7404BCDE7937813B9CF
:10C5900040F22D1177E70123A3736373A27B0F2A67
:10C5A000EDD01030312284F80F80C0B260700420CA
:10C5B0003E21A27040EA0320217002B0BDE8F0875E
:10C5C000B27C3F2A4FEA121304D8012B04D84FF44F
:10C5D000AC7158E70F2BFAD1F37C0F229A44A5F8DF
:10C5E000A2A2A273B37C134004D1327D82F0010277
:10C5F0006273D3E76273C1E7F4F7C2FDD5F8D430B4
:10C60000A4F8030009215A7F2846627104F10B0245
:10C61000DB7A012B14BF95F8973200236372B5F8CB
:10C62000A282FFF7C1FEB5F8A232A3EB0808B3F56A
:10C63000807F84F80A8005D099F8002003FB0277F8
:10C640007B78BBB9B27C002312F00F01E37109D1F2
:10C65000327D0B4682F00102A271E2790F2A03D0EB
:10C66000002202E00F22A271B27C09302272322233
:10C67000C0B29BE7BB78002B8AD001221346E2713F
:10C68000EAE700BFB41B0020F0D8FFFF00C0FFFFA7
:10C690002DE9F84F00F51576D0F8D43004460D4654
:10C6A000D87A314603F07AFBD4F8D430314680464C
:10C6B000D87B03F073FBD4F8D4C094F8A032814641
:10C6C0009CF80E209CF810709A42DFF820A128BF39
:10C6D0001A462B889AF80010F818FF2826DD01FB6F
:10C6E00003440022FF2B02D90220BDE8F88F01335A
:10C6F00084F8B5220C449BB2F4E7B4F85402013339
:10C700000644288801FB004B01308BF8B5E22880F5
:10C71000D8B28742F1D80020C3B293420AD317445B
:10C720004FF0FE0B9F2F20D90020DEE700231E468E
:10C730009E46EDE7D4F850324644C3F31703B342A4
:10C7400003D2EC218820F4F789F82B8801309CF87B
:10C750000BB001FB034E01339BB28EF8B5B2B3F5BB
:10C76000807F2B80D8D10120BFE7D4F8503294F8D5
:10C770005C02C3F31703C0B94E449E42B5D89AF881
:10C78000002084F85CB22B8802FB0343D4F8D42049
:10C79000D27B83F8B5222B8801339BB2B3F5807F1F
:10C7A0002B80E0D00137BFB2BCE746449E42BBD8E5
:10C7B000D4F8D4C09CF80F30FF2B0DD0FE2808D140
:10C7C00004F1DA032A889CF80D109CF80C0002F0A2
:10C7D000EBFB013884F85C029AF800202B8802FBFE
:10C7E0000343D4F8D420D27AD3E700BFB41B00208F
:10C7F00038B500F2A625044628460BF06BF848B978
:10C80000B4F8643228460449A4F8B032BDE8384090
:10C810000BF054B838BD00BF8D9B010090F8C531B6
:10C8200090F8C41199420BD003F1010C5FFA8CFC13
:10C83000034480F8C5C1012093F8C63113707047D6
:10C84000002390F8B21280F8C53129B101394FF0B8
:10C85000010C80F8B212EBE70846704790F87B3184
:10C8600090F87A219A4207D05A1C0344D2B280F839
:10C870007B2193F87C01704700230122034480F858
:10C880007B2193F87C01704738B5044690F8C53198
:10C8900090F8C4011546984208D05A1C2344012040
:10C8A00084F8C52193F8C6312B7038BD94F8B202D4
:10C8B0000028FAD0013804F1DA0284F8B20204F553
:10C8C000E27002F081F894F8C531E6E710B590F80F
:10C8D0007B31044690F87A219A4206D05A1C2344B0
:10C8E00084F87B2193F87C0110BD00F1DA0200F599
:10C8F000BD7001F07BFF94F87B315A1C234484F80F
:10C900007B2193F87C0110BD5E21A62008B5F3F7CA
:10C91000A5FF00BF2DE9F04F0023054687B000F5C5
:10C920000670B5F81842C5F8C830C5F8C030A5F88B
:10C93000CC30C5F8D03003F093FEB5F86032A5F8DE
:10C9400018420DF116012846ADF81630FFF7A0FE8B
:10C95000B5F86042BDF816800228A8EB04085FFA1B
:10C9600088F800F0D980012804D1042385F86232C8
:10C97000B5F86042D5F8D49099F81430022B00F045
:10C98000C6806D4BDFF8B4A1009399F81030002BEE
:10C9900000F0CB8005F52D76694F334656469A4612
:10C9A00097F800B02146284604FB0BFBB047013442
:10C9B0000AF80B00B5F86002A4B299F8103084466A
:10C9C00003449C42ECDB99F80EA0002295F8A032BB
:10C9D00085F8A0229A4528BF9A46431E54449BB22C
:10C9E000A4B2BAF1000F1AD0D5F8D41005F52D76FF
:10C9F000534FC97ACDE902800191397803F1FF3BA9
:10CA0000019801FB03FE06EB0E0898F801808045B3
:10CA10003AD092451FFA8BF3EFD8DDE9028008EB9C
:10CA20000C03A34240F3848005F52D76444F12E0B9
:10CA3000009B9847002858D0D34504D095F8A032E1
:10CA4000013385F8A0320134B5F86032A4B203EBAB
:10CA50000802944229DA97F800C0214699F80FA0FD
:10CA6000284604FB0CFC06EB0C0292F801B0D345FF
:10CA7000DED1BAF1010FDBD195F8C5312B4493F823
:10CA8000C53106F80C30DEE7013216F80EE01FFA69
:10CA90008BF3D2B2A4EB020892451FFA88F801FB8F
:10CAA00008F106F801E0A8D8B7E7E41AE4B295F86F
:10CAB000C52195F8C4319A4232D0D5F8D43085F8E2
:10CAC000B0401B7CA3421ED2B5F860321C44A4B215
:10CAD000FF2C06D81A4A0023127804FB025585F869
:10CAE000B532012007B0BDE8F08FB5F86032E31A27
:10CAF000DCB2042385F86232D5F8D43085F8B04032
:10CB00001B7CA342E0D3002007B0BDE8F08F0D4BA3
:10CB1000DFF834A0009338E7002085F8B080F3E711
:10CB200095F8B232002BC8D1E3E7A44620464AE785
:10CB3000201AC4B2BBE700BF89C80000CDC80000FE
:10CB4000B41B00201DC800005DC80000D0F8D43020
:10CB50002DE9F04190F8B02084B01B7C9A4271D945
:10CB60000446414806F0B6FA002866D106238DF83F
:10CB70000E0003A8ADF80C3006F09AFA002866D132
:10CB8000D4F8D4300121394A5E7CDF7C94F9D95045
:10CB900094F87182117003F01BFF434600903A46EF
:10CBA00031462846FFF772F9B0F5D57F0DDB94F8D2
:10CBB0002032032262F3071384F82032042384F81E
:10CBC0006232002004B0BDE8F08140F2A9131B1AC4
:10CBD0005B01C4F8BC30FFF7E1F803A806F074FA73
:10CBE000C8BB9DF80C3003F00603062B0ED094F85A
:10CBF0002032032262F3071384F8203294F8623261
:10CC0000042BDED0204602F015FFDAE7204601F0C3
:10CC1000E5FA28B1012822D1012004B0BDE8F08155
:10CC200001F012FB0028FBD00128F5D00228C8D063
:10CC30004FF4CE71A620F3F711FE4FF4AB71A6208E
:10CC4000F3F70CFE4FF4A971A620F3F707FE552168
:10CC5000A620F3F703FE6421A620F3F7FFFD40F2C0
:10CC60008511A620F3F7FAFD09C900006925002007
:10CC700008B501F0E9FA0028FBD0012802D002280B
:10CC800001D1002008BD4FF4CE71A620F3F7E6FDD8
:10CC900010B50F4CFEF730FEFEF790FDFEF75EFF7D
:10CCA000FFF790F8FFF7E8F923781BB106F006FAD2
:10CCB00028B92070002006F00DFA20B910BD6C21B3
:10CCC000A620F3F7CBFD6F21A620F3F7C7FD00BF29
:10CCD000692500202DE9F04390F85D3283B090F88B
:10CCE0005E22044601330D46DBB29A4280F85D3283
:10CCF00002D8042380F86232B4F860220D2194F83F
:10CD0000B03020461344A4F86032F4F739FA0E210B
:10CD10000746F4F7DBF9D4F8D4300646B4F86022BD
:10CD20001B7C1344FF2B00F3938040F6FF739F425C
:10CD300066D001A938460AF0CAF9002840F0B98047
:10CD400096F83E314FF0000E94F85D22B6F83A1195
:10CD5000B6F85081B2FBF3FC03FB1C22019B5FFA87
:10CD60008CFCD2B2D3F8C870A2FB012193009B18AF
:10CD700041EB0E0EDB004FEACE0E9B1A6EEB010E5E
:10CD80004FEA0E1E4EEA137E1B019B18B6F838219F
:10CD9000B4F8546241EB0E0ED4F8D41002FB07F73E
:10CDA000D4F8C42091F81090C9FB0620ECFB0720B2
:10CDB000D71840F271234FF0000903FB08F840EB4D
:10CDC0000E06474576EB090342D2C87BFF280BD0FD
:10CDD00091F80EC094F8A02294F85C32944594BF68
:10CDE00043EA0C03134303B1C87A04F5157102F04A
:10CDF000D5FFC01946F10006804579EB060627D31A
:10CE000094F8B030A4F81A5284F8213294F86232BF
:10CE1000DBB294F86622042BD2B21DD004F509755A
:10CE200028460AF057FD88B304F23A2528460AF04E
:10CE300051FD50B3302384F82032042384F8623249
:10CE40001E4904F20E2003B0BDE8F0430AF03CBDD9
:10CE5000042384F86232D3E7012384F82232002AC3
:10CE6000DCD0D4F8D42092F84B20162A04D0282AFB
:10CE700009D0132A18BF0F2394F8202263F303026A
:10CE800084F82022CAE70323F6E70120162204F5DE
:10CE9000067302FB004407CBC4F82E022846C4F8F0
:10CEA00032120649C4F8362203B0BDE8F0430AF056
:10CEB00002BD4FF4F371A620F3F7D0FC79C4000053
:10CEC0002DE9F047DFF81C81154604460F46FEF7B2
:10CED000DFFE0646D8F80000D0F8D430DA7C012A0C
:10CEE0001ED11B7FE3B1002F58D0FEF7B3FE63784D
:10CEF000C0F30F10022B00F400623FD0002A5CD177
:10CF0000C0F30A0006F00F0604EB8505020A0023B1
:10CF100046EA0716E8722A73AE736B73BDE8F087B2
:10CF2000B0F9CC2006F00F06217807F00F0703F0C8
:10CF3000EFFB637820F07F40022B0FD004EB8504D9
:10CF4000C0F307232373A37BE072000C66F3030393
:10CF5000607367F30713A373BDE8F08704EB8505DF
:10CF6000C0F30723AB712B7A6871000C66F30303DF
:10CF7000E87167F307132B72BDE8F08702B340F244
:10CF8000FF7006F00F0604EB8505020A002346EA4F
:10CF900007166871AA712E72EB71DDE7FEF754FE79
:10CFA000814685B1B8F80430A8F8040008EB4508BC
:10CFB000A0EB0309A8F8089097E740F2FF70A1E7FB
:10CFC000C0F30A00DDE794F800A003F069FBC0F1AC
:10CFD0002A00A8F8049000FB0AFA09EB4A09A8F80D
:10CFE000089082E76C25002070B5174E346894F8DD
:10CFF0009A32022B0BD0012B94F89B5217D0D4F805
:10D00000B4305A78022A0CBF1D719D7270BDB4F8FD
:10D01000CE1004F1DA02B4F86032194489B201F09A
:10D020003FFE84F89B02346894F89B52E7E7013591
:10D0300002F02AFE3468B5FBF0F303FB1055EDB2A5
:10D0400084F89B52DBE700BF6C25002070B51D4EB5
:10D05000346894F8703223BB94F8710208B3B4F8C2
:10D060006032C000B4F8CE10C5B21944D4F8D43040
:10D07000DB7C89B2B3B104F5217304F1DA022846EE
:10D0800002F010F93268B4F8CE102846B2F86042C7
:10D0900002F273232144DA3289B2BDE8704002F013
:10D0A00001B970BD04F2732304F1DA02284602F0DC
:10D0B000F9F83268B4F8CE102846B2F8604202F5AA
:10D0C0002173E7E76C250020F8B5294E3568D5F8BF
:10D0D000D420B5F86032147C1C449C4245DD2549BF
:10D0E000D27C91F800C0F2B1012A39D16FF07F02F1
:10D0F00003FB0C5191F9BB128A4202DA7F2918BF57
:10D100000A4601339BB29C42F2DC5242D4B2204622
:10D11000FEF7FEFC3368C5F8D000D3F8D000FEF768
:10D1200009FD2046F8BD6FF07F0205F52D7E124FF8
:10D130000CFB03E090F9071091420CDD7F290AD027
:10D14000B0F9040020B100EB8002520097FBF2F02E
:10D150000A46C5F8C80001339BB29C42E8DCD4E71C
:10D1600040F2B2418320F3F779FB8024CFE700BF80
:10D170006C250020B41B002000CA9A3B10B5FEF7B6
:10D1800039FC68B1094CFEF72DFC0CF067FC84F803
:10D190003000FEF7EDFBFEF7EFFD054BA36210BD7F
:10D1A00040F23B718320F3F759FB00BF6C25002050
:10D1B000BDDF000010B5FEF7FBFBE0B1104CFEF741
:10D1C000EFFB0CF04BFC236884F8310093F89632A7
:10D1D000012B08D90620FEF7B3FBFEF7B9FB094B7C
:10D1E0000120A36210BDFEF75BFBFEF7A5FD064B19
:10D1F0000120A36210BD40F29D718320F3F72EFB46
:10D200006C250020EDDC0000D1D7000010B5FEF742
:10D21000F1FB80B10A4CFEF7E5FB206800F27220BA
:10D22000FEF740FC0020FEF70DFBFEF785FD054BE9
:10D230000120A36210BD40F2AB318320F3F70EFB57
:10D240006C25002081DB000010B5FEF74BFB90B190
:10D250000B4CFEF789FD206800F27220FEF722FCDD
:10D260000020FEF7EFFAFEF71BFBFEF765FD054B0E
:10D270000120A36210BD40F2CB518320F3F7EEFAF8
:10D280006C25002075E0000010B5314C82B0236899
:10D29000D3F86C12D3F868C293F8992293F89802E5
:10D2A000CDE900C122BB0138C0B2FEF7CFFEDDE9F7
:10D2B000003213432CD02368D3F8D430DB7C002B0E
:10D2C00038D0012B3ED1DDE90001FEF7C7FB019903
:10D2D0002368009A0029B4BF0A210521002A83F897
:10D2E0007212B4BF0A22052283F8832202B010BD55
:10D2F00093F89622B0FBF2F102FB1100C0B2421C7F
:10D3000083F89822FEF7A2FEDDE900321343D2D162
:10D31000216801AB6A46B1F8CE00DA31B1F886C1B6
:10D32000604480B201F030FC2368D3F8D430DB7C59
:10D33000002BC6D1DDE90010FEF790FB00992368B1
:10D34000019AC7E74FF420718320F3F787FA00BFF3
:10D350006C2500202DE9F0472A4D2C68D4F8D460C4
:10D36000707C012846D04FF07408274F4FF02009F9
:10D370004FF01A0AFEF752FBD4F8B4301878FEF7D3
:10D3800065FB2969F37D0120A1F5AC6101EB431137
:10D39000FEF7BCFA1D48FEF785FBFFF775FF01207D
:10D3A000FEF750FAFEF70EFBFEF782FAFEF778FA68
:10D3B000F47D737E0020544405341C442B69F91815
:10D3C000660101EB44114444FEF7A0FA29690220EA
:10D3D000A1EB09013144FEF799FA2969032001EB19
:10D3E0004411FEF793FAFEF7F5FA094B0120AB6200
:10D3F000BDE8F0874FF08608064F4FF034094FF034
:10D400002C0AB7E76C250020E0FDFFFF80250020F7
:10D410000DD20000CCFDFFFF70B5224C2668D6F877
:10D42000D450687CFEF7FAFAD6F8B4301878FEF7D4
:10D430000DFB2369E97D0120A3F5AC6303EB4111EA
:10D44000FEF764FAFEF73EFB0A20FEF7B1F904F19D
:10D450001400FEF727FBFEF72BFAFEF721FA012056
:10D46000FEF7F0F9FFF710FF2268D6F8C400D2F8F3
:10D47000D420EB7D527C03EB40032169012A4FF05D
:10D48000030014BF1C223122134401EB4311FEF7A9
:10D490003DFA054BA362FEF74FFCFEF73DFC012071
:10D4A00070BD00BF6C250020FDD800002DE9F84FAD
:10D4B0003C4D2B68D3F8D44093F8717294F81180E6
:10D4C000B8F1010F65D0BF00DFF8DC904FF0200A03
:10D4D0001A26FFB24046FEF7A1FA2B68D3F8B43003
:10D4E0001878FEF7B3FA94F817B029690120ABF168
:10D4F000020BA1F5A46101EB4B11FEF707FAFEF751
:10D500006BFB0120FEF79EF9647E2B690020073437
:10D5100009EB03015C4434443E443C4401EB4411B8
:10D520002644FEF7F3F929694FEA44190220A1EBDA
:10D530000A014944FEF7EAF92969032001EB461183
:10D54000FEF7E4F9FFF7A0FE1848FEF7ABFA2B68E8
:10D55000404693F87112FEF791FAFFF777FD2C68B9
:10D56000FEF772FCFEF730FD04F5217094F871129D
:10D57000FEF73AFDFEF75AFDFEF760FCFEF7AAF94A
:10D58000FEF796F9FEF7E8FB094B0120AB62BDE818
:10D59000F88FFF00DFF81C904FF0340A2C26FFB202
:10D5A00098E700BF6C250020E0FDFFFF80250020EC
:10D5B00049D20000CCFDFFFFF0B51E4F83B0FEF74F
:10D5C0007FF90646FEF728FD0546384650F8144B0D
:10D5D00094F8712204F2832101320CF08AFF97F84B
:10D5E0002E20B0FA80F30020023A66F307005B09B0
:10D5F000012AD4F8B42065F30F208CBF0121022149
:10D6000063F317405378012B61F31F6007D0032B9E
:10D6100005D04BB994F89832137203B0F0BD94F86A
:10D620009832537203B0F0BD4FF40B718320F3F7BF
:10D6300015F900BF6C2500202DE9F0415F4D012355
:10D640002C68D4F8B4209370B4F8CE30C4F8B82065
:10D6500001339BB2A4F8CE3078BB94F8B0209A4244
:10D6600026D994F82062FEF7C5FB0F2E20D8F8B912
:10D670002968B4F8CE30B1F8600201F52D72D1F806
:10D68000D41003444E489BB2007800FB0323C4F837
:10D69000B430CF7C5E78FEF7F1F8002F55D0012F23
:10D6A0007BD1032E00F28380DFE806F047413B3553
:10D6B00000230220AB62BDE8F0815278032A7BD8B8
:10D6C000DFE802F025211D02B4F85A225201D4F8F5
:10D6D000C0100A44D4F8D410C4F8C020C87C002874
:10D6E00031D1097C994205D8D4F8C81011B192FB08
:10D6F000F1F1521AD4F8BC1011442961ADE7B4F825
:10D7000058225201E3E7B4F856225201DFE7B4F899
:10D7100054225201DBE72B4B1B68BDE8F0415B68EC
:10D720001847294B1B68BDE8F041DB681847264BBA
:10D730001B68BDE8F0419B681847234B1B68BDE898
:10D74000F0415B6818472A6187E72D68D4F8B43048
:10D75000B5F91E021978FEF7BBFAA5F8CC00032E26
:10D7600020D8DFE806F0140E0802164B1B68BDE84F
:10D77000F0411B681847154B1B68BDE8F041DB689A
:10D780001847124B1B68BDE8F0419B6818470F4BC8
:10D790001B68BDE8F0415B68184740F622318320E2
:10D7A000F3F75CF840F605318320F3F757F840F6BD
:10D7B0001B318320F3F752F8002288E76C25002004
:10D7C000B41B0020502B00204C2B0020482B0020A5
:10D7D00070B5FEF75BF8002800F08980FEF7B4FA18
:10D7E0000120FFF729FF444B93F83020AABB1B68A8
:10D7F000D3F8B84093F897526278A5F10903022A4A
:10D80000DBB22FD0F52B57D8013504F10B034FF0C5
:10D81000000CEEB2C5F3460519680CF1010C5A680C
:10D82000083321F070615FFA8CFE22F0706241F0E3
:10D830000071AE4542F0007243F8081C43F8042C16
:10D84000EAD3F30708D506F0FE06022204EB8606AB
:10D85000B37B62F30303B37370BD93F83120002AE6
:10D86000FAD1C4E7F52B35D80135631D4FF0000C14
:10D87000EEB2C5F3460519680CF1010C5A6808337D
:10D8800021F070615FFA8CFE22F0706241F000714D
:10D89000AE4542F0007243F8081C43F8042CEAD36A
:10D8A000F207D9D506F0FE06022204EB8606337A8B
:10D8B00062F30303337270BD00220226134604EBA9
:10D8C00083030132997B66F303019973D3B29D42BE
:10D8D000F5D270BD00210B4604EB830301311E7AA3
:10D8E00062F303061E72CBB29D42F5D270BD40F2C8
:10D8F000D5718320F2F7B2FF6C2500202DE9F04F9F
:10D9000085B0FEF711FAFDF7DBFF002800F08E80EE
:10D9100000210320FDF7FAFFFDF7B8FF002840F0D3
:10D920001681914C2568D5F8D49099F81130012BC7
:10D9300000F0F3806FF43E734FF01A086FF05F0B46
:10D940008A4F01931333404603936FF057030293BA
:10D950002023009399F8193003F15F0603F1050ABB
:10D960000644FEF76BFB2368D3F8D43093F811C05C
:10D97000002800F0C480BCF1010F00F0CB80DDF87E
:10D9800008B007EB4A1700204FEA4A1AC4F810B053
:10D9900007EB0B01FDF7BAFF2369009A02205344FD
:10D9A000991AFDF7B3FF2169032001EB4611002608
:10D9B000FDF7ACFF99F8193022690A20434464331B
:10D9C00002EB43122261FDF7EDFEFEF787F801201E
:10D9D000FDF7A4FF2168B5F8CE200346B1F85472D4
:10D9E000012007FB02F2A3EB4213C5F8C8304E74C6
:10D9F0003146FDF78BFF206800F27220FEF752F8E7
:10DA00003046FDF71FFF3046FDF72AFFD5F8B4700A
:10DA1000FEF74EF8F871D5F8B4309E71FDF740FF6F
:10DA2000534B0120A36205B0BDE8F08FFDF72EFF38
:10DA3000002800F087804C4C012047F602712368D3
:10DA4000D3F8B42090705078D180012823D00328D7
:10DA500021D0002840F0838093F89812B3F85452F4
:10DA60001172D3F8C410B5EB410F1ED293F82022E7
:10DA7000022161F3071283F8202293F86232042B0B
:10DA800044D10020FFF7D8FD2268537C0133537442
:10DA900005B0BDE8F08F93F898125172D3F8C41016
:10DAA000B3F85452B5EB410FE0D3B3F8CE10D3F82E
:10DAB000D4600131367CB142D8DA032826694BD0D4
:10DAC00001283CD006EB45152A4889B2C3F8B82096
:10DAD000256103F52D72B3F86042A3F8CE102144FE
:10DAE0000078C3F8C05089B200FB012222490968BE
:10DAF000C3F8B4200B6805B0BDE8F04F1847BCF17F
:10DB0000010F7FF43EAFDDF804B03AE7206801F082
:10DB100091FFB6E7039B0193F5E76FF0B8034FF071
:10DB20002C084FF4F07B154F01936FF0A50340468E
:10DB3000039340F2E7130293342300930AE7B3F808
:10DB40005652BFE740F277418320F2F787FE4FF449
:10DB50008E618320F2F782FEB3F85A52B2E74FF497
:10DB60000B718320F2F77AFE6C250020E0FDFFFFA9
:10DB700049DC0000B41B00204C2B0020CCFDFFFF33
:10DB8000F8B5FDF783FE002856D02E4CFEF7DCF8E2
:10DB90002368D3F8B450FDF793FE50BB236847F6D3
:10DBA0000272D3F8B430DA80FDF7A2FF2568B5F829
:10DBB000CE30D5F8D4200133127C934222D0D5F850
:10DBC000B4305A78012A0BD0032A09D07ABB2268D4
:10DBD000012092F898221A72BDE8F840FFF72CBD98
:10DBE0002268012092F898225A72BDE8F840FFF7A7
:10DBF00023BDFDF75DFF2368E8710022D3F8B43040
:10DC00009A71D1E7FFF760FA064627680BF034FFF8
:10DC1000802E87F81C02D2D12068022290F8203290
:10DC200062F3071380F8203201F004FFC7E74FF4D6
:10DC30000B718320F2F712FE4FF46F718320F2F71D
:10DC40000DFE00BF6C250020F8B5FDF71FFE002873
:10DC500044D0254DFEF778F8FDF74AFF2C68296976
:10DC6000B4F8CE30D4F8D4200133C4F8C010127CFC
:10DC7000934219D0D4F8B4305A78012A0BD0032A31
:10DC800009D032BB2A68002092F898221A72BDE8A7
:10DC9000F840FFF7D1BC2A68002092F898225A7207
:10DCA000BDE8F840FFF7C8BCFFF70EFA06462F683C
:10DCB0000BF0E2FE802E87F81C02DBD128680222DE
:10DCC00090F8203262F3071380F8203201F0B2FEA0
:10DCD000D0E74FF40B718320F2F7C0FD4FF4906151
:10DCE0008320F2F7BBFD00BF6C25002038B52B4D1B
:10DCF00095F82D10286801F0D9FFFEF7A7F995F8DF
:10DD00002D300620013385F82D30FDF70FFE002859
:10DD100039D00620FDF714FE2B6895F82DC093F836
:10DD20009742A44525D0D3F8D420137F5BB105EBEF
:10DD30004C0CBCF80600FDF775FD48B32B6895F850
:10DD40002DC0D3F8D420137ED07ED17D1844927E8E
:10DD500004FB00030B4429690533134400FB0C3317
:10DD6000062001EB4311FDF7D1FD0D4B0120AB6205
:10DD700038BDFDF7F5FDFDF793FDFDF7DDFF094B20
:10DD80000120AB6238BD40F2B9718320F2F766FD25
:10DD90004FF4F9618320F2F761FD00BF6C2500208C
:10DDA000EDDC0000D1D7000010B5FDF72DFE0028F6
:10DDB0003AD0254CFDF7EAFF94F82E3094F82C2049
:10DDC000032B3BD8DFE803F0290229022368022154
:10DDD000D3F8B400FFF774F80021206884F82D1000
:10DDE00001F064FFFEF732F994F82D302268013318
:10DDF000D2F8D420DBB2127F84F82D302AB104EBA4
:10DE00004303D888FDF70EFD98B1FDF7B9FDFDF786
:10DE1000BFFD0E4B0120A36210BD23680121D3F882
:10DE2000B400FFF74DF8D7E74FF4EF618320F2F726
:10DE300015FD40F292718320F2F710FD40F28971D6
:10DE40008320F2F70BFD00BF6C250020B5D1000048
:10DE50002DE9F843574C012000252368D3F8B4205E
:10DE6000D3F8D4601778FDF7D9FD3846FDF7EEFDFD
:10DE7000236884F82C5093F89782FDF7DFFE206822
:10DE8000D0F8D4301A7F002A00F085802A46317EEF
:10DE9000012008F101070239C9B2FDF7A5FE216989
:10DEA00096F817900120A1F5A46101EB4911FDF747
:10DEB0002DFDF57E216904204D444031013501EBF3
:10DEC0004511FDF723FD327EF37E052021691344C1
:10DED00040312B4401EB4311FDF718FD337EF57EF5
:10DEE000002021691D44B37EA1F500714B4408FB5D
:10DEF000055505331D4401EB4511FDF707FD40466F
:10DF0000FFF772F80021206884F82D1001F0CEFE92
:10DF1000FEF79CF894F82D302168013384F82D30F9
:10DF200091F89632012B0AD9F37E0620327E2169C0
:10DF300013442B4401EB4311FDF7E8FC216891F8F1
:10DF40009402FF282CD0042804D194F82E0001302C
:10DF500000F0030084F82E000238F37EC0B2327E57
:10DF600021691344012803FB07550ED9ED1A03203C
:10DF700001EB4511FDF7CAFCFDF724FDFDF72AFD75
:10DF80000D4B0120A362BDE8F88301EB451103208E
:10DF9000FDF7BCFCF0E7394602F094FB024676E759
:10DFA000B1F8CE00DA31B1F88631184480B201F010
:10DFB000D1F8CFE76C2500207DD10000F8B52A4CC0
:10DFC00094F82C302068013390F89772DBB2BB4292
:10DFD00084F82C3003D290F89632012B33D8FDF719
:10DFE00013FD00283BD0FDF7C3FC94F82C50FDF73F
:10DFF000C3FE94F82C20013D0646BA42EDB20AD386
:10E000001A4923682A46A1620021D3F8B400FEF71A
:10E0100057FF3046F8BD23682169D3F8D40040315A
:10E02000C77E037EC07D3B44013002FB033338448E
:10E03000034401EB4311D30754BF05200420FDF72F
:10E0400065FC0B49DDE794F82D1001F02FFEFDF77C
:10E05000FDFF94F82D30013384F82D30BFE740F2F6
:10E0600053718320F2F7FAFB6C250020A9DD000034
:10E07000BDDF00002DE9F04383B0FDF707FC002869
:10E0800000F0A380FDF760FE524FFFF795FA0346BC
:10E0900001200093FFF7D0FA3E6805464FF6027163
:10E0A0007F20D6F8D4404FF400429DF8003094F819
:10E0B0001190D6F8B8409DF801C09DF802E09DF897
:10E0C00003802072E180A280002B4DD0BCF1000FB4
:10E0D0004AD0BEF1000F47D0FDF7B0FF002843D073
:10E0E0003A68D2F8D430DB7C002B45D1B9F1010F6E
:10E0F00096F871325FD09B001A21DBB20B44D2F844
:10E10000C890DEB202F070FC01A903683868984735
:10E11000012829D061783B680129D3F8D42027D081
:10E1200093F8971206F11907D37E107E08EB410190
:10E13000927E0344174401FB0377274B019803FBAE
:10E14000070602F051FC0346494638465B6898478B
:10E15000304400F50043B3F5803F05D2A080FDF7C1
:10E16000A7FC00232072A371284603B0BDE8F0830A
:10E17000731D527E9F18E0E702F03CFC01A9036882
:10E18000386898470128EFD061783B6801290198E9
:10E19000D3F8D42013D093F89732117E08EB4308BC
:10E1A000D37E927E0B4408FB03F3193313440A4ACF
:10E1B00002FB0300CDE7DB002C21DBB29EE7537EA0
:10E1C000054A053302FB0300C3E740F2DB5183201D
:10E1D000F2F744FB6C25002030F8FFFF164A0023BD
:10E1E000D0F8BCC01549C2F810C04FF0070CA0F819
:10E1F000CE30C0F8B83000F52D730978106082F881
:10E200002EC0B0F8602201FB0233D0F8D420C0F851
:10E21000B430D37C2BB1012B07D1094B1B681B6891
:10E220001847084B1B685B68184740F63E3183204F
:10E2300010B5F2F713FB00BF6C250020B41B0020C3
:10E240004C2B0020482B0020044B9B6A03B118473D
:10E2500040F64B31832010B5F2F700FB6C2500200F
:10E26000014B024A1A6070474C2B002070E20000FC
:10E2700019D4000055D30000ADD4000051DE0000D9
:10E28000F0B504468DB0006961696D46A269E36925
:10E290000FC59DF80E202B462146002009328DF82F
:10E2A0000E206A4605F010FDAE4608AD4FF0FF3C6B
:10E2B000BEE80F004FF0000E20606160A260E360D6
:10E2C000C4F84BE0C4F84FE084F853E0C4F842C00F
:10E2D000C4F846C084F84AC0C4F830C0C4F834C09A
:10E2E000C4F838C0C4F83CC0A4F840C084F854C096
:10E2F0000FCD20616161A261E3610DB0F0BD00BF8F
:10E300002DE9F04F5F181C46944687B097F84230CD
:10E310000E4605461A18802A00F283805FFA82F9B9
:10E3200094F854208A4238D001F118030DF10808FE
:10E33000616934F813C0C646A269E3692069AEE892
:10E340000F0097F84B309DF817109DF815200B44DF
:10E350005FFA8CF18DF817309DF8163033448DF844
:10E3600016309DF8143003EB1C2394440A44DBB2AE
:10E370008DF815C0FF2A01D90133DBB28DF81430B6
:10E3800041464E4B04F12002204601930433009392
:10E3900004230BF0C9FF97F8423084F85460DE087C
:10E3A00013F0070313D00122C3F108032644AA4047
:10E3B0005B1B96F82010013A9A400A4042FA03F398
:10E3C000109A137087F8429007B0BDE8F08F4FEABB
:10E3D000D50805F00705B8F1010F1AD1A319109A55
:10E3E00093F820301370002DECD001234444AB404F
:10E3F0003444C5F10805013B94F82020AB4013409C
:10E40000109A2B4102F8083087F8429007B0BDE817
:10E41000F08F06F1200142461098214404F0C2FD1D
:10E42000E1E797F84BE00DF1080804EB410B4FF0E2
:10E43000000A0EF1010EC1465FFA8EFE87F84BE02E
:10E44000E36920696169A26987F842A0A9E80F0021
:10E45000BBF83030634504D0D64687F84BA0ABF804
:10E4600030C09DF817305FFA8CF19DF815209E445E
:10E470009DF8163033448DF817E08DF816309DF86E
:10E48000143003EB1C2394440A44DBB28DF815C00E
:10E49000FF2A01D90133DBB28DF814304146074B16
:10E4A00004F120022046A94601930433009304237B
:10E4B0000BF03AFF97F842306FE700BF841100205D
:10E4C0002DE9F04F8BB0BDF8504003920594159C98
:10E4D000002800F0E480984601F1FF3B0125002769
:10E4E000049074E004EB080696F8423003F1080249
:10E4F000802A77D85FFA82F994F85420424538D0C0
:10E5000008F118030DF1180A616934F813E0D446D4
:10E51000A269E3692069ACE80F0096F84B309DF8DA
:10E5200027109DF825200B445FFA8EF18DF82730D7
:10E530009DF8263043448DF826309DF8243003EBB7
:10E540001E2396440A44DBB28DF825E0FF2A01D948
:10E550000133DBB28DF824305146524B04F12002D6
:10E56000204601930433009304230BF0DDFE96F85C
:10E5700042305A0784F8548030D104EBD30393F827
:10E58000203005FB03F21FFA82FAD2B28DF8183060
:10E590004FF4807386F84290B3FBF5F305FB03F369
:10E5A000C3F58073934269DC4FEA1A2AFBB20399E0
:10E5B0009A4501EB0A0202D011F80A30CB55029BB2
:10E5C000013713706B1C049A954268D01D461BF8E6
:10E5D000013F012D029385D1039AF0E70022924674
:10E5E0001346D3E796F84BC00DF1180A4FF0000917
:10E5F0000CF1010CD6465FFA8CFC86F84BC06169C1
:10E60000A269E369206986F84290AEE80F0004EB46
:10E6100048020599138E8B4203D0CC4686F84B9066
:10E6200011869DF8273005989C449DF826309DF86A
:10E630002520C1B243448DF827C0114402448DF80F
:10E6400026309DF82430FF298DF8252003EB102378
:10E65000DBB201D90133DBB28DF824305146114BC6
:10E6600004F1200220464FF008090193043300937F
:10E6700004230BF059FE96F842307AE706AB059A70
:10E680004146082000932346FFF73AFE9DF81830D4
:10E6900005FB03F30AEB0323C3F3074A86E70BB03A
:10E6A000BDE8F08F8411002010B51C4692B0C37BEA
:10E6B00090F801C08DF80830837B8DF80930437BDA
:10E6C0008DF80A30037B8DF80B30C37A8DF80C304F
:10E6D000837A8DF80D30437A8DF80E30037A8DF8F9
:10E6E0000F30C3798DF8103083798DF8113043796C
:10E6F0008DF8123003798DF81330C3788DF814300B
:10E7000083788DF8153003788DF816C08DF81730A2
:10E71000CB798DF800308B798DF801304B798DF8FD
:10E7200002300B798DF80330CB788DF804308B787C
:10E730008DF805304B7809788DF80630D37B8DF84D
:10E7400007108DF81830917B537B8DF819108DF8D8
:10E750001A30117BD37A8DF81B108DF81C30917A0A
:10E76000537A8DF81D108DF81E300AAB117A50784F
:10E770008DF81F10D1798DF8260002A88DF8201091
:10E7800091798DF8211051798DF8221011798DF839
:10E790002310D1788DF8241091788DF825101178F8
:10E7A00006AA8DF82710694605F0D0FA0DF1280C5D
:10E7B000BCE80F0020606160A260E360BCE80F006D
:10E7C00020614FF0FF306161A261E361206360630B
:10E7D000A063E063A4F84000C4F84200C4F8460017
:10E7E00084F84A0084F8540012B010BD00232DE9CB
:10E7F000F04F144689B0437092F85520002A00F07B
:10E8000083808B4600F1020A04F156080125CDE908
:10E8100002206EE094F8433003F10807802F7AD885
:10E8200094F85420FFB2012A35D00DF1100E616921
:10E83000A269E36976462069B4F832C00FC694F83D
:10E840004C309DF81F109DF81D200B445FFA8CF191
:10E850008DF81F309DF81E3001338DF81E309DF865
:10E860001C3003EB1C2394440A44DBB28DF81DC01A
:10E87000FF2A01D90133DBB28DF81C307146514BB0
:10E8800004F12002204601930433009304230BF08B
:10E890004BFD94F84330012284F854205A0736D1B6
:10E8A00004EBD30393F8203005FB03F296B2D2B207
:10E8B0008DF810304FF4807384F84370B3FBF5F398
:10E8C00005FB03F3C3F58073934269DC360A6B1EC4
:10E8D0000AEB0602DBB29E4204D0039B1AF8061034
:10E8E0000133595582F800906B1C029A95420BD067
:10E8F0001D46012D18F8019F8CD152466B1C82F8E1
:10E900000090029A9542F3D109B0BDE8F08F002241
:10E9100016461346CCE70DF1100E94F84C60A26930
:10E92000E3697746206901366169F6B20FC7628EE6
:10E93000002384F84C605A4584F8433004D01E46C6
:10E9400084F84C30A4F832B09DF81F305FFA8BF198
:10E950009DF81D201E449DF81E3011445A44013379
:10E960008DF81F60FF298DF81D208DF81E309DF851
:10E970001C3003EB1B23DBB201D90133DBB28DF872
:10E980001C3071460F4B04F12002204608270193EA
:10E990000433009304230BF0C7FC94F843307AE768
:10E9A00004AB5A460121082000932346FFF7A8FC38
:10E9B0009DF8103005FB03F306EB0323C3F3074672
:10E9C00085E700BF8411002000232DE9F04F144695
:10E9D00089B0437092F85520002A7CD08B4600F114
:10E9E000020A04F156080125CDE9022068E094F8F6
:10E9F000423003F10807802F73D894F85420FFB2F7
:10EA000082B30DF1100E6169A269E369764620694F
:10EA1000B4F830C00FC694F84B309DF81F109DF825
:10EA20001D200B445FFA8CF18DF81F309DF81C30CF
:10EA300003EB1C2394440A44DBB28DF81DC0FF2A6B
:10EA400001D90133DBB28DF81C3071464D4B04F116
:10EA50002002204601930433009304230BF064FC4E
:10EA600094F842300022590784F8542036D104EB40
:10EA7000D30393F8203005FB03F296B2D2B28DF89F
:10EA800010304FF4807384F84270B3FBF5F305FB4C
:10EA900003F3C3F58073934263DC360A6B1E0AEB03
:10EAA0000602DBB29E4204D0039B1AF80610013323
:10EAB000595582F800906B1C029A95420BD01D4666
:10EAC000012D18F8019F92D152466B1C82F80090DC
:10EAD000029A9542F3D109B0BDE8F08F164613466D
:10EAE000CDE70DF1100E94F84B60A269E36977460B
:10EAF000206901366169F6B20FC7228E002384F8BF
:10EB00004B605A4584F8423004D01E4684F84B309E
:10EB1000A4F830B09DF81D205FFA8BF19DF81F30EE
:10EB200011445A441E449DF81C30FF298DF81D20C5
:10EB300003EB1B238DF81F60DBB201D90133DBB27D
:10EB40008DF81C3071460F4B04F120022046082737
:10EB500001930433009304230BF0E6FB94F8423056
:10EB600080E704AB5A460021082000932346FFF7B4
:10EB7000C7FB9DF8103005FB03F306EB0323C3F33B
:10EB800007468BE7841100202DE9F0411E4691F8DD
:10EB9000473086B00C461746002B48D191F85430C8
:10EBA000052B42D002ADB1F83AE00869A269AC4643
:10EBB0004969E369ACE80F0094F850305FFA8EF0D1
:10EBC0009DF817209DF81510134401EB0E02014427
:10EBD0008DF817309DF81630FF298DF8152003F1B8
:10EBE00005038DF816309DF8143003EB1E23DBB2BD
:10EBF00001D90133DBB22946284D8DF8143004F1D8
:10EC000020022B1D20460195009304230BF08CFB62
:10EC1000052384F85430802384F847306B683B60C8
:10EC20002B68336006B0BDE8F0811C4DF0E791F829
:10EC300050E002AD844608690EF1010EA8465FFA65
:10EC40008EFE81F850E04969A269E369A8E80F00E7
:10EC5000628F0023624584F8473004D09E4684F8D2
:10EC60005030A4F83AC09DF817305FFA8CF19DF847
:10EC700015209E449DF8163005338DF817E08DF869
:10EC800016309DF8143003EB1C2394440A44DBB285
:10EC90008DF815C0FF2AAED9ABE700BF8411002064
:10ECA0000138F0B50E4687B01446032800F275818E
:10ECB000DFE800F002791905002007B0F0BD02AFCF
:10ECC000134608200A4600970421FFF719FB9DF818
:10ECD000085005EB4505ED0015F0F00F00F0F6804B
:10ECE000280A07B0F0BD92F8463003F10802802AE6
:10ECF000174600F2FA8094F85420FFB2042A35D067
:10ED000002AD6169A269E369AC462069B4F838E0F4
:10ED1000ACE80F0094F84F309DF817109DF81520BF
:10ED20000B445FFA8EF18DF817309DF816300433DE
:10ED30008DF816309DF8143003EB1E2396440A44D8
:10ED4000DBB28DF815E0FF2A01D90133DBB28DF873
:10ED500014302946934B04F12002204601930433DA
:10ED6000009304230BF0E0FA94F84630042284F870
:10ED700054205A0700F0FC80002384F846701D469A
:10ED80008DF8083002A8234632460421009008205E
:10ED9000FFF7B6FA9DF8083003EB430305EB432079
:10EDA000C0F3074089E792F8463003F10802802A51
:10EDB000114648D894F85420CEB2042A34D002AD7B
:10EDC0006169A269E3692F462069B4F838C00FC7AA
:10EDD00094F84F309DF817109DF815200B445FFAFA
:10EDE0008CF18DF817309DF8163004338DF81630FD
:10EDF0009DF8143003EB1C2394440A44DBB28DF8D5
:10EE000015C0FF2A01D90133DBB2664A29468DF8C5
:10EE100014302046019204320423009204F12002AF
:10EE20000BF082FA94F846300422590784F85420F3
:10EE300040F0AF8004EBD30393F82000C00984F8BE
:10EE4000466007B0F0BD02AD94F84F70A269E36967
:10EE5000AC46206901376169FFB2ACE80F00228F30
:10EE6000002384F84F70B24284F8463003D01F4626
:10EE700084F84F3026879DF817309DF815201F44E1
:10EE80009DF8163004338DF817708DF816309319ED
:10EE90008DF815309DF8143003EB1623F6B2DBB273
:10EEA0003244FF2A01D90133DBB23E4A29468DF8AC
:10EEB00014300423101D0826CDE9000204F12002BD
:10EEC00020460BF031FA94F84630ADE7234608208F
:10EED000324604210097FFF713FA9DF8083003EB40
:10EEE000430305EBC320000CE7E602AD94F84F7036
:10EEF000A269E369AC46206901376169FFB2ACE8F9
:10EF00000F00228F002384F84F70B24284F84630FD
:10EF100003D01F4684F84F3026879DF81730F1B292
:10EF20009DF815201F449DF8163004338DF8177096
:10EF30008DF8163093190A448DF815309DF8143069
:10EF4000FF2A03EB1623DBB201D90133DBB2154AEA
:10EF500029468DF8143020460192043204230827F4
:10EF6000009204F120020BF0DFF994F84630FDE640
:10EF700004EBD30393F8203084F8467003EB43008E
:10EF80008DF80830400010F0FC0F04D0000A07B0E4
:10EF9000F0BD002053E70546F4E640F2E6218C2060
:10EFA000F1F75CFC841100202DE9F0430D1A87B0C5
:10EFB00006460135EDB2012D63D01C4693F844306E
:10EFC000174603F10802802A5ED85FFA82F994F8A6
:10EFD0005420022A35D00DF1080C6169A269E36959
:10EFE000E0462069B4F834E0A8E80F0094F84D300A
:10EFF0009DF817109DF815200B445FFA8EF18DF8DF
:10F0000017309DF8163002338DF816309DF8143005
:10F0100003EB1E2396440A44DBB28DF815E0FF2A69
:10F0200000F292808DF814306146494B04F12002C1
:10F03000204601930433009304230BF075F994F8F0
:10F040004430022284F854205A0768D104EBD303D9
:10F0500093F8203003FB05F85FFA88F28DF808304A
:10F060004FF4807384F84490B3FBF5F305FB03F38E
:10F07000C3F58073934256DC4FEA1828B0445FFA18
:10F0800088F007B0BDE8F0830DF1080C94F84DE06E
:10F09000A269E369E04620690EF1010E61695FFA39
:10F0A0008EFEA8E80F00A28E002384F84DE0BA423D
:10F0B00084F8443003D09E4684F84D30A7869DF8EE
:10F0C0001730F9B29DF815209E449DF81630114472
:10F0D0003A4402338DF817E0FF298DF815208DF89A
:10F0E00016309DF8143003EB1723DBB201D901333E
:10F0F000DBB28DF8143004F12002154B6146204636
:10F100004FF0080901930433009304230BF00CF92A
:10F11000022294F8443084F854205A0796D00022F2
:10F12000904613469AE702A923463A4608200091E2
:10F130000221FFF7E5F89DF8083005FB03F308EB23
:10F140000323C3F3074899E70133DBB26AE700BF43
:10F150008411002070B591F8453086B00C469A1C99
:10F16000802A56D8154691F85420032AEDB234D09F
:10F170000DF1080ECE8E0869A269F4464969E3696B
:10F18000ACE80F0094F84E309DF817109DF815204C
:10F190000B44F1B28DF817309DF8163003338DF81B
:10F1A00016309DF8143003EB162316440A44DBB2E4
:10F1B0008DF81560FF2A01D90133DBB2384A714658
:10F1C0008DF814302046019204320423009204F199
:10F1D00020020BF0A9F894F8453004EBD301032288
:10F1E00013F0070384F8542091F820000FD0C3F1E6
:10F1F00006039A4010401841C3B2C0F3460084F899
:10F20000455040EA430000F0030006B070BD80099D
:10F21000F2E791F84E500DF1080E84460869013569
:10F220007646EDB281F84E504969A269E3690FC68E
:10F23000E28E0023624584F8453004D01D4684F8F0
:10F240004E30A4F836C09DF817309DF815201D44A7
:10F250009DF8163003338DF817508DF8163002EBF9
:10F260000C038DF815309DF8143003EB1C235FFA66
:10F270008CFCDBB26244FF2A01D90133DBB2084ABD
:10F2800071468DF814300423101D0225CDE90002CB
:10F2900004F1200220460BF047F894F845309CE733
:10F2A0008411002030B51C4600F0BF0383B0054632
:10F2B000202B03D0402801D080283AD1134628467D
:10F2C0000A4600940821FFF71BF82078EB082D0967
:10F2D000591E9A1E022D14F801C084F800C0605413
:10F2E0006178A05C6070A15421D0D91EA0781A1F4B
:10F2F000042D14F801C084F802C06054E178A05CC9
:10F30000E070A15413D05A1F2179063B062DA05C52
:10F310002071A1546279E15C6171E25407D0A17956
:10F32000607AE379227AA0716172E271237203B08C
:10F3300030BD40F223318C20F1F790FA2DE9F04FE7
:10F340008FB090F86232042B00F0EF8290F87B319E
:10F3500000F1DA0290F87A11044602928B4200F032
:10F3600095828B4280F0DC82D4F8D49099F81020FA
:10F370001344DBB28B4200F2688284F87B3194F84C
:10F38000C43104F52D75B4F8601294F8C5C1A4F821
:10F39000CE200A44A3EB0C0CB04994F8B20292B20E
:10F3A0005FFA8CFC0978069503FB00CA284601FB2E
:10F3B00002535B78002B00F0BD82B2F5807F00F233
:10F3C0009E824FF0000B01325E465F46CDF80CB0D6
:10F3D00095B2A3464C46814636E001369A42F6B2D3
:10F3E00003D1039B0133DBB203931FFA85F8B8F511
:10F3F000807F35D0B24533D901FB05F209EB02031A
:10F400005B78022B4CD0032B31D0012B11D1A37C84
:10F41000022B40F2F880032B0BD10AAB42460821A5
:10F4200020200093029BFEF76BFF8C4B197801FBA9
:10F4300005F24A4401355378002B4DD040F20112B9
:10F44000904549D0DBF8D440E27B012AC5D1012B9D
:10F45000CBD01FFA85F80136B8F5807FF6B2C9D156
:10F460005C46042384F862320FB0BDE8F08F029A44
:10F4700041469BF897020493FFF712FC049B0AA8ED
:10F4800042468DF8287019460090029B0220FEF734
:10F4900037FFA37C022B40F2AE80032BBDD0C4E724
:10F4A000029C41469BF8970222460493FFF7F8FB23
:10F4B000049B4246032118460AAB8DF8287000933E
:10F4C0002346FEF71DFF654B197801FB05F2013558
:10F4D0004A445378002BB1D1FF2E5C46DDF80CB0C6
:10F4E000BFD0D4F8D49099F80E2094F8A0329A4264
:10F4F00028BF1A46B242924600F25C82B61A94F8CD
:10F50000C5210023F7B20893A7EB0B0094F8C4B110
:10F510008DF82430934584F8A00200F0CB81934508
:10F5200040F21282ABEB0205ADB2AB45C0F06E8289
:10F53000BD4270D33A44D2B2B4F8CE30D4F8D4E05D
:10F540009A4484F8C52107EB0A03A4F8CE3094F856
:10F55000A0329EF80E509EF80F609D4228BF1D46B7
:10F56000FF2E00F09181002D3FF47EAFA91CC9B29F
:10F5700094F8B03012B2B4F8600203449BB2002990
:10F580003FF472AF9DF820009DF821C050EA0C00B6
:10F5900000F0DF81A3EB010C069F1FFA8CFC09E051
:10F5A000214491F8C6113954002D3FF45DAF6345F5
:10F5B0003FF45AAF2949013B08789BB203FB00F0A6
:10F5C000391891F80180464500F039819EF80B907A
:10F5D000013A013DC14591B2EDB212B240F09681BF
:10F5E000002ADDDA0531C9B2042900F294816944A8
:10F5F00091F82010D7E7002B3FF417AF40F25D11D0
:10F600008C20F1F72BF9002B3FF413AF4FF4A171CD
:10F610008C20F1F723F9B4F860327A1B53445A4531
:10F620009BB205EB03081FFA88F840F36C8194F84D
:10F630002F61ABEB03034FF00009CDF81CA005933D
:10F64000CDE9037B3746002F00F0BC80012F00F08E
:10F65000B98002254FF4807A1BE000BFB41B002064
:10F6600004EBD30393F8FA3005FB03F2D2B28DF822
:10F67000283084F81C61BAFBF5F305FB03F3C3F5EE
:10F680008073934200F39180AF4240F2998001353C
:10F69000EDB294F81C3103F10802802A40D8D6B2AA
:10F6A00094F82E21AAB30DF1280BD4F8EE10D4F85B
:10F6B000F220D4F8F630DC46D4F8EA00B4F80AE1D7
:10F6C000ACE80F0094F825319DF837109DF83520EF
:10F6D0000B445FFA8EF18DF837309DF8343003EB30
:10F6E0001E2396440A44DBB28DF835E0FF2A01D987
:10F6F0000133DBB28DF834305946C94B04F1FA02BC
:10F70000029801930433009304230AF00DFE94F849
:10F710001C315A0784F82E91A2D000221346A6E786
:10F720000DF1280B94F82561D4F8F630D4F8EA00EE
:10F73000DC46D4F8EE100136D4F8F220F6B284F8A4
:10F740001C91ACE80F00B4F80A3184F825614345F8
:10F7500004D0002684F82591A4F80A819DF835206C
:10F760005FFA88F19DF83730114442441E449DF8F9
:10F770003430FF298DF8352003EB18238DF83760DE
:10F78000DBB201D90133DBB28DF834305946A44BDA
:10F7900004F1FA020298082601930433009304232B
:10F7A0000AF0C2FD94F81C31B3E70AAB42460021CF
:10F7B00008200093029BFEF7A3FDAF423FF667AF20
:10F7C00094F82F71059B049A08EB0305039B904462
:10F7D000ADB21FFA88F85B1B9A42FFF634AF3E4683
:10F7E000DDF81CA09346039FD4F8D41094F8A0022F
:10F7F0008B7B834228BF0346002B77D10B7C30469E
:10F80000029A04F231114344019204F5E3729BB26F
:10F810000093002384F8C531FEF752FE94F8B2320B
:10F82000002B00F0F880013BAF4284F8B232C0F008
:10F83000FB8094F8C5213A44521BD2B27CE6012EDB
:10F840003FF4B5AE013A12B2B1E604F1DA0001902C
:10F85000B4F8600202440A44591AD21A0023CDB205
:10F8600004F23111D2B284F87B310123009204F505
:10F87000BE7294F82F01FEF723FED4F8D49084F8DA
:10F880007B5199F810207AE5294671E6002100F5B0
:10F89000BE72DA300123019084F87B11009104F2EA
:10F8A000311194F82F01FEF70BFE94F87B3194F898
:10F8B0007A1156E5029999F8102084F8C531019122
:10F8C000B4F860120A4404F2311192B2009204F5C5
:10F8D000E37294F82F01FEF7F3FD94F8B23273B39C
:10F8E000013B94F8C52184F8B23218E6A344DBF852
:10F8F000C1019BF8C53108908DF824307EE74FF0A8
:10F90000000B5E46EFE594F82F616DE740F20121B0
:10F910008C20F0F7A3FF40F20E218C20F0F79EFF21
:10F9200040F223218C20F0F799FF40F236318C20F1
:10F93000F0F794FF4FF4BE718C20F0F78FFF40F288
:10F940009D118C20F0F78AFF40F2A1118C20F0F776
:10F9500085FF012E33D0013A591ADDF818C092B252
:10F9600088B20CE0A11891F8C6110CF80710002D10
:10F970003FF47AAD013A984292B23FF475AD29490D
:10F98000013B0F789BB203FB07F70CEB07014978AB
:10F990008E42EFD09EF80B90013D0FFA82F8894518
:10F9A000EDB2B3D1B8F1000FDCDA40F20A218C20BD
:10F9B000F0F754FF40F2D1118C20F0F74FFF591AA5
:10F9C000DDF818C088B20AE0214491F8C6110CF89D
:10F9D0000710002D3FF448AD98423FF445AD114962
:10F9E000013B0F789BB203FB07F70CEB07014E7846
:10F9F000012EF1D09EF80B80013A013DB04591B245
:10FA0000EDB212B282D1002ADEDACEE740F2A511C1
:10FA10008C20F0F723FF4FF4DC718C20F0F71EFFF1
:10FA200084110020B41B002040F2BB118C20F0F7A1
:10FA300015FF00BF2DE9F04F85B090F86232042B1E
:10FA400000F0EC8090F8B0200546B0F86042131941
:10FA5000FF2B45DC002A46D00026DFF8D48100F1D8
:10FA6000DA07B1461AE0012B12D19AF81230022BB4
:10FA700040F2CC80032B0BD10DF10C0B2246CDF8BC
:10FA800000B03B4608212020FEF73AFC95F8B02054
:10FA90000136B3B29A4226D9B5F86042344498F898
:10FAA0000030A4B204FB035393F8B532022B0DD0FF
:10FAB000032BD5F8D4A0D6D195F89732013B032B70
:10FAC00000F2B180DFE803F0978C795295F8973215
:10FAD000013B032B00F2A780DFE803F0453A27083B
:10FAE000042380F8623205B0BDE8F08F0DF10C0BF5
:10FAF0003B46224604210820CDF800B0FEF700FC6A
:10FB00009DF80C3003EB4303DB0013F0F00F21D022
:10FB100022463B4603210220CDF800B08DF80C9020
:10FB2000FEF7EEFB95F8B020B2E70DF10C0B3B466B
:10FB3000224604210820CDF800B0FEF7E1FB9DF835
:10FB40000C3003EB43035B0013F0FC0FE0D101E04A
:10FB50000DF10C0B3B46224604210820CDF800B0E5
:10FB6000FEF7CEFBD4E70DF10C0BD1E70DF10C0B3A
:10FB70003B46224604210820CDF800B0FEF7C0FB2A
:10FB80009DF80C3003EB4303DB0013F0F00F29D09A
:10FB90003B46224603210220CDF800B08DF80C90A0
:10FBA000FEF7AEFB9AF81230022B27D9032B7FF415
:10FBB0006DAF2246CDF800B063E70DF10C0B3B466C
:10FBC000224604210820CDF800B0FEF799FB9DF8ED
:10FBD0000C3003EB43035B0013F0FC0FD8D101E0C2
:10FBE0000DF10C0B3B46224604210820CDF800B055
:10FBF000FEF786FBCCE70DF10C0BC9E7002B3FF4B9
:10FC000045AF40F25D118C20F0F728FE002B3FF449
:10FC10003FAF4FF4A1718C20F0F720FE40F23D3150
:10FC20008C20F0F71BFE40F2E6218C20F0F716FE48
:10FC3000B41B00204FF4D2718B2008B5F0F70EFEF4
:10FC4000072808B502D8034B185C08BD71218B202A
:10FC5000F0F704FE1C8C030008B529B9072809D861
:10FC6000084B0344187A08BD072807D8054B0344FE
:10FC7000187C08BD89218B20F0F7F0FD9E218B2098
:10FC8000F0F7ECFD1C8C0300431E032B00B583B082
:10FC900006D8054B68440193C07803B05DF804FBB7
:10FCA000AC218B20F0F7DAFD0102061890F89632AD
:10FCB000012B1BD0134B490090F89BC290F8952262
:10FCC0006344072A1B7E43FA01F3D9B203F003030E
:10FCD00003D0184490F89C027047D0F8D420D27C0E
:10FCE0004AB95B08184490F89C02704700231844F6
:10FCF00090F89C02704701F00103184490F89C02B0
:10FD0000704700BF1C8C030038B5847C062C41D89A
:10FD1000214B2344447C012C93F8303031D0022C09
:10FD20004FEA530301D0082C30D14FF03E0E4FF074
:10FD30001A0C047E9C44C37E457E5FFA8CFC2344EF
:10FD4000847E01FB0331C37D89B25819234400240A
:10FD50004D1D0F3161440CF1050C03EB450500EB23
:10FD60004C0C5A3003EB41032146864465F30F01E6
:10FD70006EF30F0463F31F416CF31F445160146072
:10FD800038BD4FF0620E4FF02C0CD2E7E8218B20EB
:10FD9000F0F764FDFFF74EFF1C8C0300032808B545
:10FDA00006D80138022812D8DFE800F00A06080059
:10FDB000FF2807D1002008BD888808BDC88808BD75
:10FDC000488808BD4FF486718B20F0F747FD0888FE
:10FDD00008BD00BFF8B5847C062C00F2BC80764BD1
:10FDE0002344447C012C93F8303034D0022C4FEA69
:10FDF000530302D0082C40F0A3804FF03E0E4FF08A
:10FE00001A0C9C44047EC37E857E5FFA8CFC2344DE
:10FE1000447E01FB033399B2C37D1C442B4401F1A2
:10FE20000F05053165440CF1050C03EB410104EBB2
:10FE30004C0C5A3403EB4503057CA644C47A89B2C2
:10FE4000032C9BB20CD8013C022C00F29280DFE81C
:10FE500004F020131E004FF0620E4FF02C0CD0E780
:10FE6000FF2C73D1C47B032C6ED8013C022C76D8B6
:10FE7000DFE804F057555D000C46C67B032E44D8DE
:10FE8000013E022E71D8DFE806F0361024001C4631
:10FE9000F3E7C67B6446032E31D8013E022E64D8B8
:10FEA000DFE806F04803170074468C4214D99542E7
:10FEB00029D2521B837B467BD01A731CB0FBF3F014
:10FEC000131A01FB00F005FB0E0003FB0400F8BD54
:10FED0007446A3421946EAD3954214D2521B8C426F
:10FEE00013463AD2027BD0180132B0FBF2F01B1A53
:10FEF00001FB00F0E7E761466445D8D8ECE7FF2E48
:10FF000024D1954208D30020F8BDFF2E1ED1002C2D
:10FF1000F7D19542F7D20024531B0020D3E70024E9
:10FF2000DAE79542EFD26146531B0024DAE719461F
:10FF30000024D1E79542E6D26146521B0023BAE77E
:10FF4000E8218B20F0F78AFCFF2CE2D04FF4867179
:10FF50008B20F0F783FCFFF76DFE0023ABE79542A3
:10FF6000D1D2531B71460024BCE7A64515D2714679
:10FF70009DE7C47B032C0BD8013C022C14D801A6AE
:10FF800056F824F0A3FF0000A9FE0000D1FE0000F7
:10FF9000FF2C08BF7446B4D0D8E79542B3D271465F
:10FFA0009CE761467446A7E79542ACD27446521B63
:10FFB000714600237FE700BF1C8C03002DE9F84346
:10FFC00090F8B24290F8C431D0F8D42090F8C5111E
:10FFD00004FB033392F80EC05B1A157C90F8A01254
:10FFE0009BB2D47B614594BF6E1805EB0C06012CC7
:10FFF0001E44B6B205D1117B0B44B3FBF1F333447D
:020000040001F9
:100000009EB2B0F8601290F89702C1F5807189B283
:10001000A02928BFA021B14228BF3146967C062ED8
:10002000CFB200F2C2807B4B3344567C012E93F852
:10003000303036D0022E4FEA530302D0082E40F063
:10004000A9803E264FF01A08984492F818E0D37E13
:1000500092F817905FFA88F8734492F81AE000FB60
:100060000333507E9BB24844F14403F10F0E053335
:10007000C64408F1050809EB430300EB48085A3071
:1000800009EB4E0E0644D07A9BB203281FFA8EFE6F
:100090000BD80138022800F29B80DFE800F01D1128
:1000A0001B0062264FF02C08CEE7FF2878D1032CE6
:1000B00074D8013C022C7DD8DFE804F05A57610067
:1000C0009946032C45D8013C022C7AD8DFE804F08D
:1000D000360F2400F146F4E7032CC14632D8013C28
:1000E000022C6ED8DFE804F04F031800B1464B45F0
:1000F00015D2AF422AD9491B527BA1EB0C00013229
:10010000B0FBF2F0091A03FB00F005FB060001FB4F
:100110000900BDE8F883B146CE457346E9D3AF4246
:1001200014D9491B99450C4641D2127B1019013252
:10013000B0FBF2F0211A03FB00F0E6E74346C145AD
:10014000EDD9D6E7FF2C2BD1AF420BD80020BDE86C
:10015000F883FF2C24D1B9F1000FF5D1AF42F5D9C6
:100160004FF00009491B0020CFE74FF00009D6E708
:10017000AF42EBD943464C1B4FF00009D5E773461D
:100180004FF00009CBE7AF42E0D94346491B4FF09F
:10019000000CB1E7E8218B20F0F760FBFF2CDDD0ED
:1001A0004FF486718B20F0F759FBFFF743FD4FF0BA
:1001B000000CA1E7AF42C9D94C1B33464FF00009F0
:1001C000B3E74E4517D2AF42C0D9491B334693E738
:1001D000032C0BD8013C022C14D801A050F824F0B9
:1001E000FF010100ED00010017010100FF2C08BF15
:1001F000B146A9D0D4E7AF42A8D9334691E74346E8
:10020000B1469CE7AF42A1D9B146491B33464FF0F6
:10021000000C71E71C8C0300531E5B1A022B1BD9C8
:10022000931E1B1A022B17D9D0F801C00B6803EAE2
:100230000C031360D0F80530D1F804C003EA0C03B6
:1002400053600B7A90F809C003EA0C0313724B7ADF
:10025000817A0B405372704790F801C00B7803EA23
:100260000C03137090F802C04B7803EA0C03537030
:1002700090F803C08B7803EA0C03937090F804C0E5
:10028000CB7803EA0C03D37090F805C00B7903EA2E
:100290000C03137190F806C04B7903EA0C035371F9
:1002A00090F807C08B7903EA0C039371CB7990F82F
:1002B00008C003EA0C03D371C3E700BFF0B50546DD
:1002C00085B00F4690F8D8302BB191F8C73013B1F4
:1002D00001F5B37305E095F8D830002B44D007F151
:1002E000F9031A680126D7F8F9101140D7F8FD2054
:1002F000009159680A40197A5B7A019297F80121B6
:10030000114097F802211A4000238DF808109E46EC
:100310008DF80920C3F3C40C03F00702D8B20EF124
:100320000104EC4406FA02F2013305EB0E019CF8DD
:1003300000C01CEA020F03D05FFA84FE81F831018D
:100340004F2BE7D1002285F82FE1134685F83021A5
:100350006EF307036EF30F23A5F87A31A5F8C431C5
:1003600087F8722105B0F0BD97F8C830002BB6D0E1
:1003700007F5AE73B5E700BF037813F0030301D0B0
:100380000020704790F90220002AF9DBC27812F0B1
:100390000302F5D170B5437A13F0600401D0104622
:1003A00070BD1B060FD4461E00F1090516F8010F9B
:1003B00007F063FC2044B542C4B2F7D10E2C94BFC1
:1003C0000020012070BD204670BD00BF2DE9F04126
:1003D000C77C04461546E7B1072945D8254B0B4491
:1003E0001E7A93F81080F2F7A7F9217F0346B8F13F
:1003F000010F18BF012EA87A14BF01220022012983
:1004000036D19B7F12B3984238BF1846C0B2BDE8C0
:10041000F081072921D8174B0B441E7C93F80880E4
:10042000F2F78AF9227F0346012A1AD1A87F012E0A
:100430009B7A04D0B8F1010FE5D1012EE7D1B8F1D4
:10044000010F08D0002ADED11846E0E7012EDAD1EC
:10045000B8F1010FF8D10020D9E79E218B20F0F7E9
:10046000FDF9A87A3A46E2E789218B20F0F7F6F900
:100470000022DCE71C8C0300064A4FF48073002145
:100480001278013B80F8B61210449BB2002BF8D1D1
:10049000704700BFB41B00202DE9F0430546B9B0FA
:1004A00000F1DA09A0222C460E4610A8494602F0B7
:1004B00079FD6F460FCC0FC70FCC0FC70FCC0FC7FE
:1004C00094E80F0087E80F004FF42E7200212846B1
:1004D00095F8D8800AF034F810A94846A02202F016
:1004E00061FDEE46AC465FFA88F8BEE80F00ACE866
:1004F0000F00BEE80F00ACE80F00BEE80F00ACE84C
:100500000F0097E80F0084E80F0085F8D8800223D9
:1005100085F86232B6F83C3106F1F907EB81C5F88F
:10052000D47096F80321D5F8503285F8B222D6F867
:100530004C2162F317032022C5F85032002385F8BE
:100540005E2285F8A03296F8593185F8D93096F8B0
:100550005611072985F8951279D83F4C14F8018077
:1005600085F8978296F80C31002B65D063181A7CB9
:10057000002385F8962285F8993296F8F330FE2B01
:100580005DD0FF2B08BF012385F89832022306F1C6
:100590004802384685F89A32FFF718FF96F80B3173
:1005A00086F81401062B50D81C44414605F51572F7
:1005B000384694F830304FF48074DB0885F8713297
:1005C000FFF7A2FB00220023FF21C5E99A23FE23A7
:1005D000224A85F8941292F800C0002285F85C3215
:1005E0002B46013C83F8B6226344A4B2002CF8D118
:1005F00028463146FFF762FE96F85A2112F00103B1
:1006000018BF85F89C42900705D5E91801330120F1
:10061000DBB281F89C02510705D5E91801330220AD
:10062000DBB281F89C02120703D51D44032385F831
:100630009C3239B0BDE8F08363181A7A98E7012339
:1006400085F8982285F89932A0E7FFF7F3FA71212F
:100650008B20F0F703F900BF1C8C0300B41B0020B3
:100660000023036043608360704700BF80EAE0734B
:10067000094A0028A3EBE0739BB24FEA033303F26D
:10068000A933A2FB0323054AC3F34E23C8BF5B4231
:100690001BB21380704700BF73B2E7459E25002050
:1006A000014BB3F9000070479E250020014B1878DC
:1006B000704700BF8C110020014B5888704700BF65
:1006C0009E25002038B50D46D0F8D41090F897023A
:1006D00052420B7ECC7E897E234400FB033041F2E4
:1006E000C7030530084402FB00F003FB00F00028BC
:1006F00002DA00F57F40FF300414FFF7D1FFC0F1AC
:100700002A0000FB05F504EB450000B238BD00BF30
:1007100000B583B001A80DF10601FBF7A1FABDF900
:100720000620054BBDF8040003EA022343EA10103B
:1007300003B05DF804FB00BF00F0FF00D0F8D43038
:100740002DE9F04F90F8710283B05A7C4008012ADD
:1007500000F101005BD0554A94881389D588A342E3
:100760001A4638BF2246954240F29880C3EB4505B1
:1007700001221B1B2D1B01264D4C4FF0000CA6F136
:100780000207B4F800E00136B7FA87F77F0901EBFA
:10079000871101F58071AEEB010E8EEAEE77A7EBC3
:1007A000EE77022F17DCB4F8088002F10109B4F8E3
:1007B00004A0E788C245D34638BFC3465F45C8EBAF
:1007C0004707A8EB0A08A7EB0A0704D9F4444344F7
:1007D0003D445FFA89F2B04204F10C04CFDA002DF7
:1007E0005ADD4FEA450B4FF47A704FEACB0103FB19
:1007F00000F090FBF1F03AB14FF4FA63520103FBC1
:100800000CF393FBF2F3184403B0BDE8F08F274CD0
:100810002389A5881E46E488AB4238BF2E46B442E1
:1008200040D9C3EB44045B1BA4EB050B4FF0010E56
:100830001F4C4FF0000CAEF102050EF1010EB5FA9F
:1008400085F56D0901EBC511258801F500716D1A5B
:1008500085EAE576A6EBE576042E16DC571C26899C
:10086000B4F806900197B246A788C6EB4908BE4285
:10087000A8EB0708A6EB070638BFBA46D14504D94E
:10088000AC44C34433449DF80420704504F10C0487
:10089000D1DABBF1000FA6DC0020ACE700231D4637
:1008A0001A4668E700239B461A46BFE75C2B0020E8
:1008B000682B00202DE9F843D0F8D4200C4690F89E
:1008C00071320646517C002B60D1012914BF4FF4D0
:1008D0007A654FF4FA55D6F8D0200120FBF7D2FB09
:1008E000D6F8D430384A0746597C938901294FD02D
:1008F000A3F58073002BB8BF5B42022BD4BF00234B
:100900000123002B3FD196F871325B080133B3F11C
:10091000010C03EB43004FEA031318BF4FF0010C27
:10092000C0B2012903EB8C0332F820803AD01B01BE
:100930009BB2A8EB030888EAE873A3EBE873022BE9
:10094000D4BF00230123F3B9C31CDBB252F82390B8
:100950001E4B09EA0303B3F1004F30D0B9F5803FD5
:1009600011D230460021FFF7E9FEC1444FF4FA628C
:1009700003467F1B002002FB09F9C3EB59133B44DC
:100980002360BDE8F8830120BDE8F8830025A2E7D5
:10099000A3F50073002BB8BF5B42042BD4BF002328
:1009A0000123AEE75B019BB2A8EB030888EAE8737A
:1009B000A3EBE873042BD4BF00230123C3E7063065
:1009C000C0B252F82090C9E75C2B00200000FFFF66
:1009D000004870475C2B0020014B024A1A607047A8
:1009E000582B0020000A0100014B1868704700BF17
:1009F000542B0020014B1868704700BF582B002073
:100A0000B5080100014B1B681B681847D81100206E
:100A1000014B1B685B681847D8110020014B1B680D
:100A20009B681847D8110020014B1B681B691847A9
:100A3000D8110020014B1B685B691847D8110020B2
:100A4000014B1B689B691847D8110020014B1B689C
:100A5000DB691847D8110020014B1B689B6A1847B7
:100A6000D811002030B4044C9DF808502468029539
:100A7000E468A44630BC6047D811002000220D492C
:100A8000134610B540FA02F4E40744BFCA545C1C94
:100A900002F1010248BFE3B2042AF3D1054AFF2460
:100AA000D118032B01D9107110BD013301F8014B8E
:100AB000DBB2F6E7F02B00201B9C0100219C01001B
:100AC000239C0100499C0100279C0100539C0100CC
:100AD0002D9C01005D9C0100339C0100699C01007C
:100AE0003F9C0100439C0100359C01003B9C0100A0
:100AF000599C0100639C0100014B187D704700BFA9
:100B0000B0250020042810B511D883B104280CBFEB
:100B100010242824A1420AD2064C54F8200018B10F
:100B200041568A42A8BF0A4600201A7010BD6FF0D5
:100B30001500FBE7B02500200728034611DC10F163
:100B40002D0F10DB094A101890F82E0002EBC0029E
:100B500092F93C209A4207D0002918BF0130C0B258
:100B600070471B2070470020704700BF608C030057
:100B7000072808B507DCFFF7DFFF044B03EBC003D2
:100B800093F93C0008BD0820FCE700BF608C03001F
:100B9000C0B208B520B9044B01229A601A6008BDA2
:100BA0004D21B52002F002F800E0105010F0FF00D7
:100BB00008B513D10B4B01225A60DA600A4AC3F818
:100BC00000011070D3F8082412F0010205D1C3F817
:100BD0001021C3F81821C3F8142108BD7C21B520C9
:100BE00001F0E4FF00E01050C5250020014B012278
:100BF0001A707047C525002008B540B9064BD3F8D8
:100C0000103113B9054B187808BD0120FCE7C2214B
:100C1000B52001F0CBFF00BF00E01050C52500203B
:100C2000024BD3F8080400F00100704700E01050B8
:100C3000024BD3F8480400F00100704700E0105068
:100C4000024BD3F84004C0B2704700BF00E0105020
:100C500007490246D1F84C04D1F84C1410F4803006
:100C600005D0D0B201F003031B1A58425841704717
:100C700000E0105038B51A4BD3F80C34DA0304D422
:100C800040F279116D2001F091FF164A0124164BB4
:100C9000106A536620F03F0094645464136CDB03C5
:100CA000FCD4136A116C03F03F03C1F30A01C1F5D0
:100CB000806181EAE1750B29A5EBE17509DD3F2B28
:100CC00004D0013303431362172DE6DC0023936441
:100CD00038BD0B31F8DA002BF8D0013BF2E700BF4A
:100CE00000E01050000812500100008038B50B4C95
:100CF00023781BB100232370FFF7BCFFEFF31085AF
:100D000072B6637803F0FF000BB9FFF74FFF05B928
:100D100062B6034B00225A6638BD00BFC8250020CA
:100D200000081250F8B5104E012704460D4633183E
:100D3000DF7008F09BFF60B934B90C4B112277715A
:100D4000B560C3F80423F8BD40F225116D2001F011
:100D50002DFF002DF7D01CB90220A847B460F2E7A0
:100D60004FF4A071F2E700BFC825002000E010504A
:100D7000044B0022191803EB80034A719A60CA7071
:100D8000704700BFC8250020014B1882704700BF84
:100D9000C8250020014B588A704700BFC825002095
:100DA000014B188A704700BFC825002010B5EFF32B
:100DB000108472B6064B03445A780132D2B25A708C
:100DC0005B78012B01D1FFF7E3FE04B962B610BDD9
:100DD000C8250020034610B5EFF3108472B6114900
:100DE0000B445A7822B940F257216D2001F0DEFE03
:100DF0005A78013AD2B25A705B7883B90B7D43B10D
:100E0000094BD3F80C34DB0306D44B7803F0FF0016
:100E10002BB9FFF7CBFE02E0487D02F059F804B988
:100E200062B610BDC825002000E0105010B508F0D3
:100E300020FF0C4C08F01AFF60B1A37D3BB90A4BB0
:100E400001229A610423E3750023237610BD08F084
:100E500013FFF9E703230122E375034BC3F80423CF
:100E6000F2E700BFC825002000E01050014B01222E
:100E70001A62704700E01050044B587E28B1044BB2
:100E8000D3F81001B0FA80F040097047C82500205F
:100E900000E0105038B50C4B5D7E5DB901245C76E6
:100EA00008F0E7FE094B1022C3F81051C3F80423E1
:100EB000DC6138BDFFF7E0FF0028FAD040F2932153
:100EC0006D2001F073FE00BFC825002000E0105027
:100ED000024BD87D003818BF01207047C82500207C
:100EE00038B5174C237D23B940F206316D2001F04F
:100EF0005DFE01232370A37DC3B9A37EB3B1227E1F
:100F0000013B9A4212DA08F0B1FE054601F07AFF81
:100F1000A37E012B82BF237E0133237655B1E36983
:100F2000C31A0133022B09D935B1E061BDE838405D
:100F3000FFF77CBF236AF3E72062F7E738BD00BF05
:100F4000C825002037B5184CA37D63B9606A00F04E
:100F50000300FFF77DFE30B1EFF3108372B6E27D40
:100F60001AB103B962B603B030BD0122E27503B90C
:100F700062B608230D4DC5F808334FF42073ADF861
:100F80000630BDF806309BB25A1E92B2ADF806206C
:100F9000002BF6D1C5F80C3184F82830FFF746FF56
:100FA0000823C5F80433DEE7C825002000E0105010
:100FB0002DE9F74F4E4C237D002B00F09680032344
:100FC000ADF804304B4BD3F80051D3F80891D3F867
:100FD000142112B9D3F818216AB10026C3F814619C
:100FE000C3F81861C3F81061637E0BB108F044FECA
:100FF000667608F0A7FF3F4BD3F81031002B59D08D
:10100000637E1BB108F038FE00236376637913B169
:1010100002238DF80430003D18BF012545F010056E
:10102000354E0DF1040A334B4FF00008F71EC3F89C
:1010300008531AF8010B03280AD03B7843B14FF04C
:10104000000B336887F800B013B19847C6F800B0BA
:1010500008F10103043601374FF00108022BE8D1F3
:10106000B9F1000F08D0234B0022C3F80821042255
:10107000C3F80823FFF766FF94F82860EA071D4BC2
:10108000F6B2D3F80C7108D5E27D032A05D1A27D12
:10109000A2B90422E27501229A61C7B1154B002260
:1010A000C3F80C21E37D042B0DD040F269316D2093
:1010B00001F07CFD002DD3D00125B1E708F0DCFD67
:1010C0000223E375E9E70223E37508F0D5FD66B175
:1010D000002384F82830E37D022B01D1FFF7A6FE20
:1010E00003B0BDE8F04F08F0C7BD03B0BDE8F08F16
:1010F000C825002000E01050D025002010B5054C78
:10110000606A00F00300FFF7A3FD0028F8D000207C
:1011100010BD00BFC8250020F8B5054650B10278C3
:10112000022A07D8437842B9013B1F2B02D88378A3
:10113000212B07D96FF0150088E0002BFAD18378B6
:10114000002BF7D1634B2022C3F8A020BFF34F8FB1
:10115000BFF36F8F604EC3F8A0217D235F4CC6F8AC
:1011600008330023C6F80031C6F80831C6F80C3140
:101170006370A370AB886382FFF752FD10B1012347
:10118000E3706370D6F80C0440F2563310F48030EC
:1011900023821BD0FFF72AFD514801F06FFE4E4E0F
:1011A000602360750022C6F804332B78A978012BE0
:1011B00062766262A375A176227620D0022B17D0C8
:1011C000F3B140F21E516D2001F0F0FCC6F81001A1
:1011D000FFF7DEFC404AD2F81031002BFBD0FFF7BE
:1011E00049FD0020FFF7E2FC3E4B00225A66D3E7A0
:1011F00008F03FFDD6F80C34D903FBD50223636217
:10120000FFF716FD40B3FFF71BFD636A03F003030E
:10121000984221D1AB79D3B9FFF770FFA37E63B1B8
:101220002B7853B908F022FD054601F0EBFD6FF075
:101230000043002D4BD0C4E90703012320220020E6
:101240002375244BE075C3F8A0211A62F8BD224B28
:101250000422C3F80423E1E71F4B012200215A6155
:10126000C3F8081194F82410C3F840141A6104223A
:10127000C3F80423AA79002AD0D1D3F80423520753
:1012800002D440F2D1419EE7174A1769116907F06D
:10129000100741F010011161D3F808310BB909F0C2
:1012A0009EF80D4ED6F8083173B1FFF727FF27B926
:1012B0000D4A136923F0100313610423C6F80833A1
:1012C0000023C6F80831A9E709F087F8EAE7C4E97E
:1012D0000730B2E700E100E000E01050C825002030
:1012E000ED0C01000008125000ED00E038B50C4B89
:1012F0000C46197919B183216F2001F057FC60B9B0
:101300005D790DB1002038BD01225A71FFF74EFD05
:1013100021462846FFF706FDF4E76FF01500F2E7D7
:10132000F425002038B50B4D04462B791BB19A21CA
:101330006F2001F03BFC50B96B790BB9002038BD30
:10134000FFF716FD20466C71FFF744FDF6E76FF0DE
:101350001500F4E7F425002010B501B3F0B14FF00B
:10136000FF33104A1C46E0FB0134944203D9DB21D1
:101370006F2001F01BFC1A0DC3F30F100A4B42EA59
:1013800004324FF22444B2FBF4F100EB024003FBC1
:101390001100B0FBF4F040EA0140013010BD0846F6
:1013A000FCE700BF3F420F00000024F4014B9B68A4
:1013B000184700BFF4250020014BDB68184700BF29
:1013C000F4250020014B1B69184700BFF4250020BD
:1013D00008B5064B1B7923B140F237116F2001F09D
:1013E000E5FBBDE80840FFF77BBD00BFF42500200A
:1013F000034B1A790AB9FFF7CDBC988D704700BF2F
:10140000F4250020034B1A790AB9FFF7C9BC988A62
:10141000704700BFF4250020024B1B790BB9FFF782
:1014200091BD7047F4250020014B9B69184700BF10
:10143000F425002038B51D4C237933B3FFF7C2FFE4
:1014400050B91B4DC5F81001FFF7B0FFD5F81031AA
:10145000002BFBD0FFF7B0FF154B6022C3F804232D
:10146000636A9847002806DB94F82E3023B10123E5
:10147000002084F8303038BDFFF7D6FF0028F6DAB8
:1014800040F28D116F2001F091FB0A4BA3610A4BD2
:10149000E3610A4B23620A4BA3600A4BE3600A4BE9
:1014A0002361FFF739FE0028E1D0E4E7F4250020AE
:1014B00000E01050FD100100859C0100D10E0100DC
:1014C000739C0100799C01007F9C010038B5084B9A
:1014D00004461D7925B140F2E1116F2001F066FB51
:1014E00000F0EAFD2046FFF74FFC284638BD00BF5C
:1014F000F425002008B5074800F0CCFD054800F0B1
:1015000019F801F023F901F041F800F0E5F90120A4
:1015100008BD00BF2826002008B5054B1A781AB16F
:101520002721032001F042FB5860197008BD00BF5D
:1015300030260020024B986000221A705A607047D3
:1015400030260020F7B51E4C2378012BDAB204D0E8
:10155000022A2ED0012003B0F0BD0DF10701606812
:1015600000F0D8F965686B7DDB071CD5AB7F042BD9
:1015700019D000F023FE0646A8B100F025FE2B6925
:10158000D5E900279A18B36847F100070A332CBF42
:10159000012500251B1845EB01059342BD4102D3EF
:1015A000606800F0BBFA0023636023709DF80700B9
:1015B000D1E70DF10701606800F0B6F9F3E700BF6D
:1015C0003026002073B505460C4600F0F7FD0646B0
:1015D000AB7F012B1AD021462B4604F1180251F89B
:1015E000040B914243F8040BF9D101230DF10701DB
:1015F0002846AB7700F08EF916B1012002B070BD1D
:10160000034B0421986808F056FEF6E70020F5E742
:1016100030260020024B0621986808F04CBE00BF1F
:1016200030260020174B1868F0B560B150F8102C28
:1016300050E9063418380A3344F100049B188269D3
:1016400044F1000402B9F0BD52E90615994275EB68
:101650000406F8D2077D12F8046CB7420BD00FD9FC
:101660000A3152F8103CA2F1180045F100055B1850
:1016700045F1000404E09688878BF61B3604EFD40E
:101680001268DFE73C260020F8B5244C00232371C4
:101690006371A371E371EFF3108272B6A168E36026
:1016A0006160A36002B962B600261D4D636803B98C
:1016B000F8BD9A79A3F11800032A07D11A6801210D
:1016C0009E7153F80C3C62609847EFE71B6863B16A
:1016D000183B07462A46997F04290ED09B7F032B8F
:1016E00004D063219F2001F061FA2A461368022189
:1016F0001B681360C3688677E6E7B0F81CC0998B57
:10170000A1EB0C010904996944BF07F118021846BE
:101710000029EBD01F46A1F11803DCE73C2600208E
:1017200040260020042300F118028377002303766B
:1017300043768376C376044B996811B99A60DA6070
:101740007047D9680A60FAE73C2600202DE9F0418D
:10175000134C06460F460020236833B9E8B1114BFD
:10176000BDE8F041187801F0B3BB53E9061553F812
:10177000082CD3F80080521845F10005B242BD4153
:1017800009D22268A3F1180012682260FFF7CAFF8D
:1017900001204346E1E71C46FBE7BDE8F08100BFBE
:1017A0003C260020DC110020494B1B682DE9F74F37
:1017B000044682838B46D0E9002003B1183B94F89D
:1017C00015C0DFF80CE10CF0010C002B3BD0D3E985
:1017D0000056AA4270EB060135D3BCF1000F2CD0A5
:1017E000277D197D8F4228D399684D1946F100064F
:1017F00015F10A0846F1000E424570EB0E0119D2B0
:101800002169891840F1000788457EEB070901D25C
:1018100041467746A942B7410FD22046FFF782FFE3
:101820002C4B187801F054FB00238BF8003003B0E8
:10183000BDE8F08F11460746ECE703F1180E9B69EF
:101840000BB1183BC3E7BCF1000F34D0A168891875
:1018500040F10009019173B30199D3E9007611F1C8
:101860000A0549F10001AF4276EB010123D2257D43
:10187000197D8D4218D39D68ED1946F1000615F1CA
:101880000A0A46F10008524570EB080110D221699E
:10189000891840F100078A4578EB070C01D25146C0
:1018A0004746A942B741B8D39B6923B1183BD3E758
:1018B00011460746F5E7DEF80020234643F8182FC7
:1018C000CEF80030FFF7AEFE8442ADD10123ACE785
:1018D0003C260020DC11002010B50B4C2378FF2B98
:1018E00004D04FF48D719F2001F060F9074801F09A
:1018F000C5FA074B002220701A705A709A70DA707D
:101900009A60DA601A8210BDDC110020891601008D
:101910003C260020034B1A8A10B4541C1C8210BCB5
:10192000FFF742BF3C26002038B504460D46FFF7BE
:1019300079FE231A04F118015842584128700448CE
:1019400008F0DFFC10B100230120A37738BD00BFF1
:101950003C26002038B5114B044600F118019A6866
:10196000B2B19A6800209AB191420ED108B1A5692E
:1019700005609D68A94204BF12689A60DA689142C6
:1019800000D1D8600023A37707E010461268EAE789
:10199000034808F0B6FC0028F4D138BD3C260020EE
:1019A000402600202DE9F041264E04460D46FFF763
:1019B000CDFE3068002843D0A0F1180C50E9063164
:1019C000A34271EB050250F8102C3CBF2346294678
:1019D0000A322CBF012700279B1841EB070207683A
:1019E000604627B900F118037361BDE8F08157E93B
:1019F00006EC9E457CEB0201F4D290F8148017F8B7
:101A0000041C884513D019D9744523462A46A7F1EA
:101A1000180075EB0C0157F8101C3CBF734662466A
:101A20005B1842F100020A3342F1000206E0B98875
:101A3000B0F81C80A1EB08010904E5D43F68D0E7A9
:101A40000346D1E73C26002010B5054C61692046CD
:101A500008F057FC18B1606900231838636110BDA5
:101A60003C2600209C46144BF0B51D68FDB115F8CE
:101A7000043C183D834218D812F10A04D5E9003617
:101A80004CF10001A34276EB01070BD22F69FF183E
:101A900046F10006A7428E4107D3B4F10A0041F196
:101AA000FF31F0BD1C463146F7E7AD69DEE74FF088
:101AB000FF300146F5E700BF3C26002008B5837FD4
:101AC000022B1CD1437D13F0020302D00023837745
:101AD00008BD0322037643768376C3760D4B827767
:101AE00000F11802996839B99A60DA600A4B1878DF
:101AF000BDE8084001F0ECB9D9680A60F5E7837FDA
:101B0000012BE5D0837F042BE2D04FF4FF719F209F
:101B100001F04CF83C260020DC11002010B500F14B
:101B200018010446084808F0ECFB20B94FF4027194
:101B30009F2001F03BF82046FFF7F4FD034BBDE882
:101B40001040187801F0C4B93C260020DC110020B8
:101B50002DE9F74FD0F810E0BEF1000F04D040F2AD
:101B600027219F2001F022F8836890F814800193C8
:101B7000D0E90014EFF3108972B6274BB3F810C008
:101B80001B686BB1019D183B0A35D3E900264EF165
:101B9000000A6D1844EB0A0A95427AEB060707D251
:101BA000B9F1000F35D0C0E9001403B0BDE8F08FE3
:101BB0008A4276EB04070CD31F69BF1846F1000B6D
:101BC000AF427BEB0A0B34BF0125002575B99B6939
:101BD000D7E712F10A0A9D6846F1000715EB0A05DE
:101BE00047F10007A94274EB0707ECE71D7DA84504
:101BF00009D0ECD912F10A019D6846F10004691878
:101C000044F10004E3E79D8BA5EB0C052D04DED524
:101C1000F0E762B6C7E700BF3C260020F7B50646EE
:101C20000C46878B00F118010D4808F06AFB20B9BB
:101C300040F251219F2000F0B9FF00233546B377D1
:101C40000FCC0FC594E803003A4685E80300304600
:101C50000DF10701FFF7A8FD012003B0F0BD00BFA3
:101C60003C260020024B0521186808F024BB00BF69
:101C700058260020064B586810B520B94FF41B7148
:101C8000B02000F093FFC3680521BDE8104018475D
:101C9000582600202DE9F84F274C8146237BA66863
:101CA000A3BB94F80D8018F0010803D0E3899E428D
:101CB00038BF1E4600F088FD10EB060B05460F46A8
:101CC00041F1000A58465146FFF76CFE08B3D0E9CF
:101CD00000329B457AEB020104D29D1B9B46924643
:101CE00062F100070023154A284639462362C4E9F9
:101CF00004BAC4E9065700F03BFDB8F1000F02D06A
:101D0000E3899E4216D002230D4A0DE04FF00008F1
:101D1000D0E7237B2BB1637B9B0702D5636A01204D
:101D200098470023074A237384F82830C9F8002015
:101D3000BDE8F88F0123E7E758260020651C010065
:101D4000551E0100CB9E01002DE9F04717463D4C82
:101D5000002B67D0E289D3E900656432864275EBD7
:101D600001034FF000033CBF06460D462362B6EB6D
:101D7000000A65EB010952451A4672EB0902C4E9F3
:101D8000046527DA237B3BB1637B9A0702D5636A3C
:101D9000012098470023237394F80D8008F0010870
:101DA000A36803F5E1739A4579F100011DDAB8F1F2
:101DB000000F11D0E089244A301A65F10001C4E90E
:101DC000060100F0D5FC0623204A84F828303A604A
:101DD000BDE8F0879846E3E71B4A30462946C4E948
:101DE000066500F0C5FC0523EEE7FFF7E5FAE0899C
:101DF000A368B8F1000F0BD0984209D9301A124AE3
:101E000065F10001C4E9060100F0B2FC0123DBE743
:101E1000F01A0D4A65F10001C4E9060100F0A8FCC2
:101E20000223D1E7237B2BB1637B9B0702D5636A37
:101E30000120984700252573FFF7BEFA2B46044A78
:101E4000C3E700BF58260020651C0100551E010095
:101E5000CB9E0100023970B50546032900F2D480FB
:101E6000DFE801F006020840694B002283F82920D0
:101E7000002024E0664C94F82830042B09D8022B6B
:101E800028D8013B012B1BD94FF4CD71B02000F0B5
:101E90008DFE053B012BF7D8FFF754FB0028E7D058
:101EA00000F082FC00F090FC06460C46FFF77AFD3D
:101EB0002A46034621463046FFF746FF022070BD02
:101EC000FFF740FB0028D3D000F06EFC2846FFF758
:101ED000E1FEF3E7FFF736FB0028C9D0012384F8C1
:101EE0002930C5E74A4C94F828301A1F012A2AD80D
:101EF000042B94F829600CD100F096FB48B900201F
:101F00000021FFF74FFD08B1FFF708FEFFF754FA75
:101F1000DCE7002EC6D1FFF797FD0028C2D0606035
:101F2000C4E90B6600F050FB6068022331468377FA
:101F3000C3689847D4E9040107F0C5FF354B84F81E
:101F400028602B60BAE700F03FFCA369C01A236A3F
:101F50009842ACBF2062236294F82830022B19D13A
:101F6000FFF724FA94F82830022BD4E904012CD18D
:101F7000637BDB071BD5237BCBB9E389264AC01AD9
:101F800061F10001C4E9060100F0F2FB032384F8CB
:101F900028306DE7637BDA0701D5207B10B140F272
:101FA000B31173E7636A984701232373DAE7323882
:101FB000236A194A41F1FF31C01841EBE371C4E9CA
:101FC000060100F0D5FB0423E1E7012B0AD1A36849
:101FD000114AC01A61F10001C4E9060100F0C8FB12
:101FE0000223D4E7236A32380B4A41F1FF31181833
:101FF00041EBE371C4E9060100F0BAFB94F8283024
:10200000062BE0D10523C2E740F2F1113EE700BF05
:10201000582600201D200100651C010002392DE911
:10202000F041064604292ED8DFE801F003090B2D04
:102030000E00174A537B003B18BF01231373002087
:102040001FE0FFF77FFAFAE7DFF8448000F0CCFAF0
:1020500000F0BAFB0C460546FFF7A4FC0746D8F88B
:102060000400FFF72BFD002300222846C8F80430A7
:1020700000232146C8E904233B463246FFF764FEAD
:102080000220BDE8F08140F21721B02000F08EFD63
:1020900058260020064A002310B5064C0260206036
:1020A00084F828306373FFF7ADF93230A06010BDBB
:1020B000CB9E01005826002008B5074B1A6811680E
:1020C000064A914204D040F25121B02000F06EFD4A
:1020D0003230986008BD00BF58260020CB9E01001A
:1020E00010B5EFF3108472B6034B0421186808F0A2
:1020F000E2F804B962B610BD5826002008B5094BB5
:102100005A6822B940F27221B02000F04FFDD3E9A5
:102110000421BDE808408018034A41F1000100F0A5
:1021200027BB00BF58260020751C010008B5064BD0
:102130005B6823B94FF41E71B02000F037FDBDE895
:10214000084000F031BB00BF5826002008B5054B01
:102150005A6822B940F27E21B02000F027FDD862F3
:1021600008BD00BF5826002008B5054B5A6822B9A3
:102170004FF42171B02000F019FD186308BD00BFB5
:1021800058260020054B1B6B10B523B940F28A215D
:10219000B02000F00BFDBDE8104018475826002085
:1021A000054BDB6A10B523B94FF42471B02000F061
:1021B000FDFCBDE81040184758260020014B586828
:1021C000704700BF5826002008B5054B5A6822B951
:1021D00040F29B21B02000F0E9FCD3E9040108BDE6
:1021E00058260020034B587B10F0010018BFD889F7
:1021F000704700BF582600200028ADBF00F16040A6
:1022000000F00F00044B00F56140B4BF185C90F87B
:1022100000034009704700BF14ED00E02DE9F041D4
:1022200005460E46E1B9114F3B681BB1862145209A
:1022300000F0BCFC38600E48FFF788FF0D48FFF740
:1022400093FF07F0DCFD6B7D04465B0708D507F0C4
:1022500026FD0A34241A7C6000F0C8FA0028FBD05E
:102260002B6A3146686ABDE8F04118479026002085
:102270009922010079220100064B1B6810B51BB999
:102280007221452000F092FC1A6A0421586ABDE8C8
:102290001040104790260020064B1B6810B51BB954
:1022A0006C21452000F082FC1A6A0321586ABDE8BF
:1022B0001040104790260020024B00221A601A811D
:1022C000704700BF9026002008B5074B1A681AB95E
:1022D000B921452000F06AFC0449D16000221A604F
:1022E000BDE80840FFF796B9902600201D220100A6
:1022F00030B587B00C46182200210546684608F024
:102300001FF9637A4FF000026168C3F38003029102
:1023100083F0010363F38202237A8DF81430224B99
:102320008DF81520039323785BBB9DF81500D4E945
:1023300004324007CDE9003207D50A3B01F10A011A
:1023400042F1FF320291CDE90032637A69469DF88D
:102350001520C3F3400322F003025B0043F00103A6
:1023600013438DF81530114B5868C0F30800B8B10D
:102370001038FFF741FF98B92846FFF723F907B057
:1023800030BD2369049307F084FC9DF815305B078A
:1023900044BF029B0A33CDE9000148BF0293D4E752
:1023A000284607F084FCEAE71D22010000ED00E06A
:1023B000174B10B50446586886B0C0F3080010B932
:1023C000002006B010BD1038FFF716FF0028F7D127
:1023D000D1E90423CDE90400CDE900234B68029341
:1023E0000B7A8DF814300B4B03934B7A6946C3F389
:1023F00040035B0043F00102C0F30723204623F0B3
:10240000030313438DF8153007F0EFFCD9E700BF45
:1024100000ED00E01D22010008B50A4B1B6823B93E
:102420004FF4EE71452000F0C1FB5B7D5B0703D4E8
:10243000BDE8084007F0E3BC07F0E1FC0A3041F1D9
:10244000000108BD9026002070B50B7886B023B13E
:1024500040F21F21452000F0A9FB4C7A4FF0000606
:102460000593C4F380034D6883F00103029563F381
:1024700082060B7A8DF814300F4B8DF815607607B5
:102480000393D1E90431CDE9003107D50A3B05F1C9
:102490000A0541F1FF310295CDE900319DF8153073
:1024A000C4F340046946049264F341038DF8153087
:1024B00007F0FDFB06B070BD1D2201007FB507F0DF
:1024C000E8FB002305930B4B039340F21E2302937A
:1024D0004FF0FF33CDE90001694607480493FFF749
:1024E00071F818B99B21432000F060FB07B05DF83C
:1024F00004FB00BF21250100C826002010B5074CB1
:1025000094F820304BB9FEF75DFF30B9012384F811
:102510002030BDE81040FFF7D1BF10BDC826002015
:1025200008B505292DD8DFE801F0032E282C2C0D45
:1025300007F0ABFB144807F064FC1E38BDE8084008
:1025400007F0A9BBFEF73EFF38B10F4B002283F81E
:102550002020BDE80840FFF75DB807F098FB08B9F8
:1025600007F093FB00214FF4007007F010FC0028E7
:10257000E0D1B921432000F019FBBDE80840FFF786
:102580009DBFC521F6E708BDC82600204FF00043D7
:102590000B4A0021C2F88030A2F58022C2F88031B7
:1025A000012302F57832C2F80435A2F58022C2F880
:1025B00004352022034B184683F8201007F0C0BFD3
:1025C00000400C50C826002008B517F089FE054AC7
:1025D000D2F8583743F00103C2F85837BDE8084035
:1025E000FFF78CBF00200E5008B517F089FE0B4A8C
:1025F000D2F8583723F00103C2F858370122084BAC
:102600005A604FF0FF32C3F808232022054BC3F86D
:102610009021BDE8084000F0C7B800BF00200E5070
:102620000050085000E100E008B5FEF7CBFEB0B95D
:102630000D4BD3F800314BB90C4A536A0133312B9F
:1026400053620BD96C21432000F0B0FA07F01FFB56
:1026500008B17021F7E707F016FB012008BD034B16
:1026600000225A62F9E700BF00E01050C82600209F
:1026700040F20251014808B500F08EFA36F8030026
:102680001848202208B5C0F89020BFF34F8FBFF341
:102690006F8F154BC0F89021D3F8041521F003017A
:1026A000C3F80415D3F8081541F00301C3F8081561
:1026B00092FAA2F1B1FA81F1092904DD40F29F31C9
:1026C0000A4800F069FAC3F8101501215960D96071
:1026D0004FF00041C3F880104FF0FF31C3F80813EA
:1026E000026108BD00E100E00050085036F8030028
:1026F000134A4FF4E0632021C2F838330023C2F8B4
:10270000AC35C2F8BC35C2F8CC35C2F82031C2F8BD
:102710002431C2F828310B4AC2F89C11C2F89C102F
:10272000BFF34F8FBFF36F8FC2F89010BFF34F8F7F
:10273000BFF36F8FC2F89011034A1360704700BF58
:1027400000200E5000E100E0F026002008B5FFF761
:10275000CFFF054B4FF4A062C3F834232022034B74
:10276000C3F89C21DA6108BD00200E5000E100E0B2
:102770000B4B10B51C681CB14C21042000F016FA5C
:10278000B1F5801F1A6001D3FFF772FF054B0122DC
:10279000C3F8A005C3F8A415C3F8AC2510BD00BF4D
:1027A000F026002000200E50054A136833B10023A4
:1027B0000449C1F8AC35C1F820311360704700BF3F
:1027C000F026002000200E5030B54FF0FF30064CB0
:1027D0006FF04041D4E90023904271EB0305F9D337
:1027E0001046C3F3130130BD40270E5008B5FFF764
:1027F000EBFF044BD3E90223904299412CBF012007
:10280000002008BDF026002008B5FFF739FF024B75
:1028100001221A6008BD00BF0050085010B5FFF734
:102820002FFF0F4C0023C4F8BC35C4F82431FFF748
:10283000CBFF0A3041F10001B1F5801F01D1FFF754
:1028400017FF4FF00043C4F8B005C4F8B415C4F83E
:10285000A4310123C4F8BC35024BC3E9020110BD09
:1028600000200E50F0260020144BD3F8342312F42D
:10287000A06F10B503D1FB21042000F097F9D3F825
:10288000202162B100220E49C3F8AC25C3F82021F3
:102890000B6813B940F20311EEE70A609847074B43
:1028A000D3F828214AB10022C3F8CC25C3F8282147
:1028B000034BBDE810401B69184710BD00200E50A7
:1028C000F0260020034610B3007888B91A79012A4F
:1028D0001ED85A79012A1BD89A680E49643A8A424E
:1028E00016D8D8680C4B98422CBF002001207047A6
:1028F00001280CD11A79012A09D85A79012A06D857
:10290000DA680449643A8A4201D89868EAE7002004
:10291000704700BF3C8601000040420F70B504467E
:1029200007F0B7F940F2F966656AD4E906329633E2
:1029300042F100025B1905F5DF6542F10002B5FBCB
:10294000F6F55B1942F1000283428A410ED294F8F7
:102950002A30052B03D0B3216A2000F027F90A2181
:10296000236A94F858009847B621F5E7044C236889
:1029700013B1984700232360BDE87040FFF7A4BC63
:102980000427002070B504460D4639B9012380F8AC
:102990005930FFF7C3FF0226304670BD0E78032E74
:1029A00070D801A353F826F097290100B929010036
:1029B000232A0100DB2901004868C72801D8002626
:1029C000EAE7042107F0E3F90028F8D007F065F9F9
:1029D0006968204607F0DAFADEE790F8286006BB5F
:1029E0004D682846FFF76EFF00284BD02B78D3B9EF
:1029F000012121702B796A79003B18BF0123002A3D
:102A000014BF0422022243F004032272AA68A532F2
:102A10006260EA6863720323226184F82A3084F8D2
:102A200029102046B5E794F82A30052B04D040F24F
:102A300093116A2000F0BAF8267004F130002B7967
:102A40006A79003B18BF0123002A14BF0422022226
:102A500043F004032272EA686372A532A9686260D7
:102A6000D4E906325B1842EBE1722146C4E9043234
:102A7000042384F82A30FFF73BFC0028D1D140F230
:102A80009511D6E7012384F85930CAE72DE9F843B8
:102A90008846074658B300F02FF84FF00009044667
:102AA0005FFA89F6B44203D86FF00B00BDE8F883F3
:102AB000304609F1010900F025F890F82A50002D60
:102AC000EED1304600F01EF80A490446058580F82C
:102AD0002A50024680F85860303007F00DFA012382
:102AE0002762284684F82A3088F80060DEE76FF015
:102AF0001500DBE79B9F0100014B1879704700BF71
:102B000008270020044B1A79824283BF1B68602289
:102B100002FB003000207047082700200A4610F012
:102B2000030110B50AD1074C2271206008B90020BA
:102B300010BD60235A4307F003FDF8E76FF00D0066
:102B4000F6E700BF08270020BFF34F8F0549064B6B
:102B5000CA6802F4E0621343CB60BFF34F8F00BF3B
:102B6000FDE700BF00ED00E00400FA05084B01227C
:102B70005A604FF0FF32C3F808238022054BC3F898
:102B80008820BFF34F8FBFF36F8FC3F88821704742
:102B90000070045000E100E008B572B6024B5B68BB
:102BA00003B19847FFF7D0FF102700201FB572B67A
:102BB000144B5C6894B9FFF7C7FFB2FBF6F22B46E3
:102BC0005D1C002AF9D1DBB203F110056D4405F854
:102BD0000C2C0A2233B901A8A047ECE702460023D7
:102BE0000A26EDE7013BDBB203F110050DEB05060C
:102BF000B0FBF2F502FB1500303006F80C0C28464D
:102C0000E8E700BF10270020F8B5234F05460C4623
:102C100016463B78002B3CD107F027F87E601F4B0F
:102C200001263C814FF48062C3F8A4601C4BC3F8BA
:102C30009020BFF34F8FBFF36F8FC3F89021FFF742
:102C400095FF184B002D14BF28461846FEF7F2FBDF
:102C50000546E0B9FFF730FBFEF7DEFB07F07AFA36
:102C6000FEF748FC18B9B8211120FFF79FFF002C90
:102C70000BDB04F01F036409A4009E4004F16044D0
:102C800004F56144C4F88061266001233B70284646
:102C9000F8BD4FF0FF35FAE71027002000A00850DC
:102CA00000E100E0788D0300074BB3F90830002BFA
:102CB00009DB5A09012103F01F03994002F1400387
:102CC000024A42F8231070471027002000E100E07C
:102CD000014B1878704700BF1027002050B1074BF8
:102CE00003F1140253F8041B934240F8041BF9D17A
:102CF000002070476FF01500704700BF64F80300B4
:102D00002DE9F84F0746894693469846374CDFF839
:102D1000E0A0384D2E780136F6B2D5E84F3F0133AA
:102D2000DBB2C5E8403F0028F7D101216160C4F85B
:102D30000001C4F80401EFF3108072B62E4BC5F801
:102D40000490AB60C5E905B33B68C4F810357B68F7
:102D5000C4F81435BB68C4F81835FB68C4F81C35D2
:102D6000264BC4F830351033C4F83835216000B92B
:102D700062B6D4F800312BB9D4F8043113B92B78EA
:102D80009E421CD0B8F1000F09D00A9B3BB1D4F889
:102D900040350A9AC8F80030D4F83C351360D4F8AE
:102DA0000431002BB5D12978B142B2D1C4F8003139
:102DB000C4F804310323C4F80833BDE8F88FDAF807
:102DC0001030DB06D5D503238021C4F804330C4B27
:102DD000C3F88811D4F80031002BCAD1D4F80431DB
:102DE000002BC6D107F0F9FAC3E700BF007004500A
:102DF00000ED00E01C2700201000000B2027002021
:102E000000E100E01A4B4FF4000270B5C3F89820BF
:102E1000BFF34F8FBFF36F8F164C0021164DC4F8D0
:102E20000011C3F898212E692B6906F0100643F0B3
:102E300010032B610123C4F804332360D4F800315C
:102E40009BB11EB92B6923F010032B610123D4F829
:102E500008054FF400026360C4F808330023C4F887
:102E60000031034BC3F8982170BD07F0B6FAE5E7CF
:102E700000E100E000700D5000ED00E038B50B49B6
:102E8000042301EBC302157905F0FF042DB1013BCA
:102E9000F7D240216920FFF789FE41F83300012174
:102EA0005471D8B29471117138BD00BF4027002011
:102EB000042808B503D947216920FFF777FE034BA3
:102EC000002203EBC0031A7108BD00BF4027002099
:102ED000042808B503D950216920FFF767FE094B84
:102EE00003EBC0000379012B01D05121F4E74379B2
:102EF00082790133DBB29A4218BF4371BDE80840C2
:102F0000FFF7D2BE4027002038B505240F4D95F8B5
:102F1000281005EBC1031A79012A09D158799A7949
:102F2000904205D05A79D2B29A7155F8313098470B
:102F300095F82830013C0133DBB2052B28BF002374
:102F400014F0FF0485F82830E1D138BD4027002077
:102F5000094B0A4AC3F800230132C3F80C2301329B
:102F6000C3F818230132C3F820230132C3F81C230D
:102F70000132C3F81021704700A0085004000080FF
:102F8000074B0022C3F80023C3F80C23C3F818230F
:102F9000C3F82023C3F81C23C3F81021704700BFD7
:102FA00000A00850844641EA000313F0030359D1FE
:102FB000403A33D3F0B4F0C9F0C0F0C9F0C0F0C962
:102FC000F0C0F0C9F0C0403AF5D2F0BC26E0403A7B
:102FD00024D300BF0B6803604B6843608B68836039
:102FE000CB68C3600B6903614B6943618B69836183
:102FF000CB69C3610B6A03624B6A43628B6A83626B
:10300000CB6AC3620B6B03634B6B43638B6B836352
:10301000CB6BC36340304031403ADBD230320BD30C
:103020000B6803604B6843608B688360CB68C36048
:1030300010301031103AF3D20C3205D351F8043B62
:1030400040F8043B043AF9D2043208D0D2071CBF3E
:1030500011F8013B00F8013B01D30B880380604667
:10306000704700BF082A13D38B07B0D010F00303BA
:10307000ADD0C3F10403D21ADB071CBF11F8013B2A
:1030800000F8013BA3D331F8023B20F8023B9EE756
:10309000043AD9D3013A11F8013B00F8013BF9D2C7
:1030A0000B7803704B7843708B7883706046704761
:1030B000014B1B681B681847E0110020014B1B687F
:1030C0005B681847E0110020014B1B689B6818479C
:1030D000E0110020014B1B681B691847E01100201C
:1030E000034B1868034BC01A18BF0120704700BF7C
:1030F000E0110020F830010083A501008FA5010038
:1031000093A501009BA501009FA5010053B94AB9F1
:10311000002908BF00281CBF4FF0FF314FF0FF30DF
:1031200000F00CB8ADF1080C6DE904CE07F053FACD
:10313000DDF804E0DDE9022304B07047704700BF0A
:1031400008B5EFF7F9FA0121C0780840EFF728FB3E
:10315000FBF786F8BDE80840FDF73EBC08B5EDF783
:10316000A7FDF1F7ABFBEDF7B5FB002008BDFFF7BE
:10317000B5BDF8F711BBF0F75BBF03F06BB903F017
:103180006CB903F064B908B5EDF7DCF903F067F941
:10319000BDE80840FFF7D4BF10B586B0044601A8CB
:1031A000FFF79CFD02230020237005236070A370AD
:1031B0009DF80430E0706371BDF805302071E38044
:1031C000DDF80730A36006B010BD02F0F6BD70B5A3
:1031D0000446F7F791F8012805461AD1601CF7F765
:1031E00093F8B0B1A3790020E61D63F03F03A3710B
:1031F000F1F7E2FD38B110220021304607F0A0F9C6
:103200000020257070BD3046F7F792F80028F2D004
:10321000F6E70025F4E710B504461022002107F078
:103220008FF904F1100310220021184607F088F9E5
:10323000F7F798F80020F1F7BFFD20B12046F7F727
:1032400077F8002010BDF7F757F80028F6D0F8E718
:1032500010B50446FFF7D6FDB0F5007F09DA10F58A
:10326000007F08DD031EB8BF03339B1000202370CE
:1032700010BD7F23FAE76FF07E03F7E781780088BF
:1032800003F048B837B505460C4600880DF1060135
:1032900002F07BFE2B882380BDF80630638003B0EC
:1032A00030BD38B505460C46EDF716FD30B13E2D64
:1032B00004D12046BDE83840EDF752BD38BD37B5E2
:1032C00004462046F2F7CAF9022805460FD0042822
:1032D0000DD123788A2B0DD0942B21D0204600F0DD
:1032E00038F8A1782078FFF7DCFF0028E9D02846DD
:1032F00003B030BD05213E20FFF7D3FF0028EDD1FC
:10330000E37801A92279684643EA0223ADF8003048
:1033100002F0DFFE0028D4D053210820EDF79EFAFA
:103320001A213E20FFF7BDFF0028D7D163796946F7
:10333000A27901A843EA0223ADF8043011238DF8E5
:103340000630F0F76DFE0028BBD06521E5E704F0FC
:1033500056BA10B503780446813B1B2B43D8DFE8EF
:1033600013F0430049005500590063007B008100C1
:103370001C0075004F008F0095006F0085008900CC
:103380009B00A900C300CE00DC00E20001010701A0
:103390000D0113014200FB00F5002920EDF7E0FCD0
:1033A00030B13E232370222363702923A3701AE0D7
:1033B0000A20EDF7D5FC3E23237018B11F2363705C
:1033C0000A23F3E70123A37013236370E37903F067
:1033D0000103E371D4F81A30C4F80E30E38B638232
:1033E00094F82030237510BD3E23037004234370EE
:1033F0001423DBE73E2303700A2343700323D5E73E
:103400003E2303700D2343700523CFE7052323706C
:10341000042307E05A20EDF75FFC08230028F6D0CC
:103420005A2222706370DEE75B20EDF755FC18B17D
:103430005B2323700623F5E7302323700323F1E792
:103440003E2303700B2343700723AFE73E23037033
:10345000062343700C23A9E71323037083789B0092
:103460000133DFE7572303700223DBE73E230370BA
:103470000D239BE73E23037001234370112395E73F
:103480003E2303700623437012238FE73E2303700D
:1034900009234370132389E73E2303702420EDF7AB
:1034A0005FFC18B12423A3701423BBE70E23A37081
:1034B0001023B7E73E2303702520EDF751FC227B54
:1034C00020B125230B32A37062708CE70F2304F127
:1034D0000B0104F10800A37002F1080302326370CB
:1034E000BDE8104007F015B83E2303702620EDF725
:1034F00037FC18230028D6D02622A27092E73E235C
:1035000003702A20EDF72CFC18B12B2363702A23BB
:103510004CE71D236370192348E73E2303700723FC
:1035200043701A2342E73E2303703820EDF718FC5E
:1035300018B13823A370262374E72C23A37020230B
:103540006370E38A03F00F03E3824CE7FF23037009
:103550000D234370802329E7FF2303702923437041
:10356000812323E73E2303700C23437023231DE7AD
:103570003E2303700E234370372317E73E23037067
:103580000A234370352311E73E230370FE23437063
:103590002B230BE708B510B96FF0150008BDFFF736
:1035A000D6FE0028F8D00020F8E710B50C4648B148
:1035B00041B1FFF784FE002820700CBF6FF022009D
:1035C000002010BD6FF01500FBE7F8B5941C0E4607
:1035D000054617460C446343B3F5004FA8BF4FF0B0
:1035E000FF3310F003019CB203D0B0211420EDF79B
:1035F00035F9B4F5004F01D9B121F7E714220430B1
:1036000006F09EFFEF746C802E80F8BD38B50388FD
:10361000C4888B420589C4F30E0203D2D121142041
:10362000EDF71CF984EA0503C3F30E030BB9AC42B2
:1036300006D102F118030122C1528274184438BD28
:103640001846FCE7023101444A43B2F5004FA8BFD7
:103650004FF0FF3290B21B3020F00300B0F5004F66
:1036600034BF00B24FF0FF30704740881B3020F06D
:103670000300B0F5004F34BF00B24FF0FF3080B20E
:10368000704738B503888B4203D2F7211420EDF739
:10369000E5F8857C65B1C388C3F30E031833C25ABD
:1036A0008A4207D3C152811DEDF76AFB0023837460
:1036B000284638BD0025FBE703461830F0B59E8844
:1036C000DD88B4B2C6F30E06A54214D05F89DD7C56
:1036D000845B3D44E41B0235A4B2354428440D8884
:1036E000A54284BF0C8025465989B1FA81F1490968
:1036F0001170DD81F0BD00252846FAE7F8B5828813
:103700000026C38904460D4692B20E60CBB14189B2
:10371000C2F30E020B4418329BB28718825A4381BF
:10372000934204D94FF4A2711420EDF797F804D115
:10373000011DEDF725FB46812F6000230120E38169
:10374000F8BD1846FCE78388014602899BB29A427D
:1037500002D00831EDF714BB70478388C0889BB254
:10376000C31A584258417047828873B595B2C488CD
:10377000C2F30E02AC4202F1180212D04189C6898E
:10378000835A314499420EDB0DF10601ADF8065023
:10379000EDF7F6FABDF80600001B18BF012002B0D5
:1037A00070BD0020FBE70120F9E770B5C48803462F
:1037B00006891830C4F30E0584EA0602C2F30E022D
:1037C0000AB9B4420FD19C891A880CB1465B921B8E
:1037D000914207DCDA7C2C440232224410440A462F
:1037E0001A8270BD00221046FAE7F8B5038A002B52
:1037F00038D08B4236D3C48800F118038589C4F3CE
:103800000E041E1995B91D55757085891E5B0D44F2
:103810003144ADB285811953D2B1811DEDF7B0FAB3
:1038200000238381002303820120F8BD1E5BAE428A
:1038300004D04FF4F6711420EDF710F8C57C26443F
:10384000878A023535445E195F53857DB570DCE7A4
:10385000C27C254402322A4499189B5A83828B7871
:103860008375DFE70020E0E78388C2889BB29A4235
:1038700006D0428922B9C3F30E03183318447047A7
:1038800000207047C37C0233C8187047C37C0233E2
:10389000C81A70470230704738B58388C2889BB217
:1038A0009A4207D045892DB9011DEDF769FAC58106
:1038B000012038BD0020FCE703881380C388C3F3D0
:1038C0000E031833034480890B607047036800229D
:1038D00023B9C0E90132031D0360704759681B68B2
:1038E0000A44F5E70729034670B504D84FF4EC7194
:1038F0001520ECF7B3FF0068C0B1446806461A68AB
:103900008C4210D0106860B901F10805AC420DD3AB
:10391000546850501868651A541800686560505013
:1039200002E01346E9E7146830461C6070BD0023CE
:10393000C1E9003203680B600160704730B590B197
:103940008478B1FBF4F304FB131300EB43025289B8
:103950008A4201D1D8B230BDC27822B900F1080341
:10396000D0B2844201D8FF20F5E733F8025F01327C
:103970008D42F5D1EFE78278038805324B4303EBA4
:10398000420318447047002307B5CDE900338DF892
:1039900006006846EDF7D4FBB0FA80F0400903B0AA
:1039A0005DF804FB37B500240546CDE900448DF8E9
:1039B00006006846ADF80440EDF7C2FBBDF80440D0
:1039C00008B103B030BD29462046EDF795FB00282D
:1039D000EFD040F235211720ECF740FF70B51E46BE
:1039E0000D460921FFF72EFE0446324609212846DE
:1039F000FFF728FE40EA04031B0454BF00194FF0F0
:103A0000FF3070BDD31D23F0070370B5083390B1AC
:103A100010F0070403D058212220ECF71FFF0460A8
:103A20004FF6FF75C28000F108040A468180013A12
:103A300092B2AA4203D103FB01F0083070BD0668C0
:103A4000266004601C44F2E7012303707047F8B558
:103A50000C46054611461E4684F001046400E4B29B
:103A6000FF23837003191B7D012B05D00134E4B2C1
:103A700003191B7D012B0AD105EB44073B8B3A8CC4
:103A80009819904205DD00232C443B8323750020C8
:103A9000F8BD05EB8404324660681844FFF782FAEB
:103AA0003B8B1E443E830023AB700120F0E781F086
:103AB0000101490010B5C9B2FF23837043181C7D72
:103AC000012C07D10C3120F8112002221A75002395
:103AD000837010BD0131C9B243181C7D012CF1D097
:103AE0004FF499710920ECF7B9FE024630B583789E
:103AF00003F0FF00F3B9137D022B19D0537D022B85
:103B000015D10346012089B10024D5180C332C753A
:103B100022F81340131803241C7502EB80035B6822
:103B20000B6000F10C0332F813308B80012030BDA4
:103B30000123E8E70020FAE7034630B5827802F077
:103B4000FF00E2B99A7D022A17D0DC7D022C13D146
:103B5000032281B11D1900200C34287523F81400AC
:103B600098180324047503EB82000C32406833F884
:103B7000123008608B80012030BD0324E9E700206B
:103B8000FAE7037D012B01D1008B7047437D012BA8
:103B90000CBF408B00207047837D012B01D1808BAF
:103BA0007047C37D012B0CBFC08B00207047838BF7
:103BB00023B9C08B003818BF01207047012070471F
:103BC000027D022A01D1008B7047437D022B01D177
:103BD000408B7047032AF6D0032BF9D000207047A2
:103BE000827D022A01D1808B7047C37D022B01D1D7
:103BF000C08B7047032AF6D0032BF9D00020704702
:103C00002DE9F0410646069898460D4643071146B1
:103C10009DF81C7002D010F0030003D025214C2029
:103C2000ECF71CFE4FF48B72FFF7ECFE002F06AB97
:103C3000044600FB08F114BF00201846EDF7C2F857
:103C400017B9069B33602C60BDE8F081EDF786BCA8
:103C5000EDF7E0BC08B501210020EDF737FA20B9F7
:103C600040F64A313220ECF7F9FD90F89400003824
:103C700018BF012008BD90F86C00003818BF012063
:103C800070472DE9F0411446002507460E4604F121
:103C90000F0810220021204606F052FC631E711905
:103CA00013F8010F11F8012B434582EA00021A7044
:103CB000F6D11035042322462146384606F083FB10
:103CC000502DEBD1BDE8F0812DE9F0411D46D37BAD
:103CD00088B014468846013307462146D3734046D0
:103CE00004236A4606F06FFBE37B04AE21460133F2
:103CF00040463246E373042306F065FB57B17B1E52
:103D00006A461F37117813F8010F4140BB4202F891
:103D1000011BF7D16B462C461A46083403CAB2423F
:103D200044F8080C44F8041C1346F5D105F11003BF
:103D30003246083303CA43F8041C08A943F8080CA8
:103D400016468A42F4D108B0BDE8F081F0B59BB0C8
:103D500004460E4615460021102268461F4606F00E
:103D6000EFFB102200210DEB020006F0E9FB10AA88
:103D700004F1100C2068083454F8041C1346644500
:103D800003C31A46F6D114AA3068716816AB03C291
:103D90002A4610351068083252F8041C1C46AA4204
:103DA00003C42346F6D108A910A8EEF731FB3B4621
:103DB00004AA694608A8FFF787FF1BB0F0BD10B53D
:103DC0000D210446EDF7DCF90E21EDF77FF9B4F88B
:103DD0006422B0F85431013294F8201292B2A4F85F
:103DE00064221BB193428CBF0023012394F8662206
:103DF000D2B21BB901F00F031A4307D0062384F88F
:103E000062322046BDE81040F8F7F2BC052384F882
:103E10006232B0F85211B0F83C31B4F8642201FBC0
:103E20000233E381EDE72DE9F04F934690F85D72A0
:103E300091F83E2189468BB00025044640F2712A54
:103E40008DF8183006238DF810508DF81930B7FB17
:103E5000F2F102FB1177B9F83A210D21FFB2574375
:103E6000D0F8C4200092EDF78BF90E210190EDF708
:103E70002DF9D4F8D4100AFB07F68046C97C012935
:103E800035D103A9019803F022F918B14A218E20F7
:103E9000ECF7E4FC039A019202F08DFE019A0546CC
:103EA00092F82B01F1F790FA94F85D2298F83E1100
:103EB000B2FBF1FC01FB1C2212F0FF0261D094F86E
:103EC00011C0B8F83A11624505BF4A43D8F830111D
:103ED0000CFB01110AFB021218BF0AFB01F22918A0
:103EE0000BEB020089B2FDF737FA00F11005C4F8B8
:103EF000C4502046D8F84CA16D00FCF75FF8D4F808
:103F0000D430824594BF55442D18DB7C05F2DB1577
:103F1000012B059504F118056DD1002F6BD0637C42
:103F200093B3284605F068FF40F27122B9F83A31A0
:103F3000009E534340F2A91216EB02082CBF012247
:103F4000002213EB080342F100021B1842EB0101AF
:103F5000D4F8C4006FF4D472121A34BF6FF00100A9
:103F60004FF0FF30D218059B41EB0001A3602846BB
:103F7000CDE9082104A9FEF7BBF9002844D1FF21AF
:103F800085E7D8F83021AAE7D4F8BC3040F2A9166A
:103F9000A6EB531605F033FFD4F8C830D4F8D4E0BC
:103FA000F717002BB8BF1F334FEA63184FEAE37CC3
:103FB0009EF811309EF817E0012BB9F83A3140F223
:103FC000712914BF1022202209FB03F313EB08030D
:103FD0004CF1000C083B4CF1FF3CB3EB0E036CF1D1
:103FE000000C9B1947EB0C071B1841EB07019B1AB0
:103FF00061F10001ACE7D9F83031D4E90021334454
:104000009B1841F10001A3E70BB0BDE8F08F2DE94B
:10401000F0410D210446EDF7B3F80E21EDF756F807
:1040200094F85D52064690F83E71F8F731FE96F826
:104030003F3103F0FF0853B9A1892046F8F74AFE43
:1040400094F86232042B06D12046FFF7B8FEBDE893
:10405000F041FEF739B9B5FBF7F307FB135501350E
:10406000EDB2AF42F3D00123424631462046FFF77E
:10407000DAFEECE738B5D0F8D4300446B0F8645234
:10408000B3F847302B448381042380F8623201F077
:104090000F0141EA0212818980F82022F8F71AFE06
:1040A0002046BDE83840FFF78ABE2DE9F14FDDE933
:1040B0000A5B0746894668880D2192469846EDF7C7
:1040C00005F804460E216888EDF700F80646E4B3CB
:1040D00090F83F31CBBB94F86732B3BB94F86232AF
:1040E000022B11D190F8723173B1BBF80630B0F8E1
:1040F0007051ED1A47F6FD73013DADB29D4203D9F3
:1041000001462046FCF7DAF894F86232032B14D10A
:10411000BBF80630E589AB4241D194F82F210E2A35
:1041200016D894F86232052B0FD00F2202212046B8
:1041300001B0BDE8F04FFFF79DBF94F86232022B4B
:10414000E6D094F86232052BE2D001B0BDE8F08FE2
:10415000B6F83821A4F818321344B7EB0A02E38109
:1041600069EB080352EA030114BF012100215745FE
:10417000217479EB0808C4E9007904D240F23E21A9
:104180008E20ECF76BFB13B140F23F21F8E70223DE
:104190003146204601B0BDE8F04FFFF744BEED1AAE
:1041A00047F6FD73013DADB29D42CED994F862321F
:1041B000052BCAD0E38903220021A4F81832B6E700
:1041C0002DE9F047914686B00746884650880D2174
:1041D000ECF77CFF04460E21B9F80200ECF776FFFD
:1041E0000646002C4DD0237C002B4AD00025D4F865
:1041F000D4302574DB7C012B0ED102F0DCFC0546AB
:1042000099F88300F1F7E0F82918D6F8300189B25F
:10421000FDF7A2F800F110056FF4D472D6F8303132
:10422000D6F84C612046BA1868F1000A9B184AF18A
:10423000000AB3EB05096AF1000AFBF7BFFE8642EC
:104240004FF00003694628BF06468DF8003040F263
:10425000026304F1180006EB4506ADF8083006F2DB
:10426000DB16CDE9049A0196FEF7A2F848B1D4F81E
:10427000D430A660C4E90078DB7C012B08BFC4F809
:10428000C45006B0BDE8F08770B50D210546ECF7C7
:1042900077FF0E21ECF71AFF0446FF2380F83F3129
:1042A00005F11806304605F019FD304605F022FDEF
:1042B000002385F8623284F83F3170BDD0F8D420F5
:1042C00090F86232022B20D1D0F8D43093F84B30E2
:1042D000162B16D0282B16D0132B14BF0F23012317
:1042E00090F8201263F3030180F82012002380F875
:1042F0006232B2F84730B0F864120B44A2F847308B
:1043000070470123ECE70323EAE7FF2380F86632D6
:10431000704738B50D210546ECF7D8FE0446F8B9CC
:104320000D212846ECF796FE0446C8B100214FF453
:104330002E7206F005F90E212846ECF7C7FE40B1B3
:1043400000F1E20200F1DA0104F1DA03CA30FAF70F
:10435000ABF940F6FF739D4202D02046EEF7DAF942
:10436000204638BD10B50E21ECF774FE044618B98E
:104370005E215320ECF772FA4FF4BA72002106F076
:10438000DFF80123142284F8F33084F8F42084F851
:10439000173110BD40F6FF73984203D101F1400080
:1043A00004F058B80846FFF76FBF002381F8C23009
:1043B000704710B50446F0F7E9FA4B0414D50D2107
:1043C0002046ECF783FE40B10D212046ECF794FE29
:1043D00018B180215320ECF741FA0E212046ECF76A
:1043E0008BFE08B18321F5E710BD2DE9F0410C46A5
:1043F0000E210746ECF7C4FE80460E21ECF766FE60
:104400000D2105464046ECF761FE3E23064623702B
:10441000162363703023A3707B7AA4F80480E370C2
:1044200095F81631A37197F80A80B8F1010F84F856
:10443000078028D12946FCF72FF8414696F9D90084
:10444000FCF796FB96F8953260722372D6F85032DC
:10445000C3F30722A372C3F30743E272237395F8F1
:104460003E316373B5F83A31E381B5F838312382D0
:10447000B5F852316382B5F85431A382B5F85031A2
:10448000E382BDE8F081002380F86232B7F90C10B6
:10449000BDE8F04101F04CB937B504460D4601A81E
:1044A0000021F0F731FC014628B1019B0DF1030119
:1044B000DB788DF803302A462046F1F7BDFA03B0C9
:1044C00030BD38B504460568EEF736FD002385F8A3
:1044D00091322046BDE8384003F031BC10B50C469F
:1044E00011460368A4F12E020B2A2FD8DFE802F050
:1044F000062E162E222E2E28102E2E1C9B7B382B9D
:1045000001D04F2B22D1012200F0DFFA002010BD94
:104510009B7B392B1AD1EEF727FAF7E79B7B3A2BD7
:1045200014D1EEF763F9F1E79B7B3B2B0ED1FFF73C
:10453000C8FFEBE79B7B3E2B08D1EEF771F9E5E76F
:104540009B7B442B02D1EEF793F9DFE70220DEE7F5
:104550002E390B291AD8DFE801F006190D191319A5
:1045600019160A19191001221A2100F0AEBA1A21DF
:10457000EEF7FAB91A21EEF739B91A21FFF7A1BF00
:104580001A21EEF74DB91A21EEF772B9704737B517
:104590000C4601A9154602F09AFD68B9019AD37B31
:1045A000443B012B08D9937B443B012B04D92A4679
:1045B000214601A8EEF79AF903B030BD70B50C465C
:1045C0000E210546ECF7DCFD0E210646ECF77EFDDC
:1045D0009522A68022706A7AE270002A53D190F860
:1045E0004820A271B0F85420A4F8072090F8492080
:1045F000627290F84A20A27290F84B20E27290F812
:104600004C20227390F84D20627390F84E20A273D4
:1046100090F84F20E27390F850202274B0F85620A2
:10462000A4F81120B0F85820A4F8132090F85120D5
:104630006275B0F85A20E282B0F85C202283B0F8AC
:104640005E206283B0F86020A283B0F86220E2832B
:1046500090F8522084F8202090F8532084F82120EC
:10466000B0F86420628490F8662084F8242090F8E2
:10467000672084F8252090F8682084F8262090F898
:10468000693084F8273070BDF8B504460D46EEF762
:1046900053F8027903462270427962708279A270DF
:1046A000C279E270027A2271C289A4F80520028AD6
:1046B000A4F80720427A62721E7841788778C2781F
:1046C00001F00F01408A267341EA07119E8902F02A
:1046D0000302A4F80D609E7AE6739E8A2682DE8A23
:1046E00066821E8BA6825E8BE682DE7AA172C0F3A2
:1046F0000011760042EA8102C0F34001267642EAC8
:10470000C102C0F38001C0F3C00042EA011242EAD4
:104710004012E27265B19A8BA4F819209A7FE27672
:10472000DA7F227793F82020627793F82130A377FD
:10473000F8BD08B51221B0F8AA00ECF7C7FC10B11B
:10474000407CC0F3C00008BD0140002310B5D8B2C2
:10475000824201D8104605E041FA03F4013314F017
:10476000010FF4D010BD0138032810B59DF80840A2
:1047700010D8481E03280DD8501E03280AD891428D
:1047800008D83BB10A2C05D840F21740E04000F0B1
:10479000010010BD0020FCE7F7B5C77A0D46C37BCA
:1047A0000446817A067B0A09009301F00F0107F0A5
:1047B00003033046FFF7D7FF3DB17D0705D520B194
:1047C000E07E00903046FFF7CEFF03B0F0BD30B57D
:1047D000002A7BD04B7E8C7ECA7A43EA0423C2F344
:1047E0008002A0F86430CB7E80F866300B7F80F8C2
:1047F00067304B7F80F868308B7F80F869300B7BA7
:1048000080F848308C7B4B7B43EA0423A0F854307B
:104810008B7AC3F3030380F849308B7AC3F3031315
:1048200080F84A30CB7AC3F3010380F84B300B7821
:1048300080F84C304B7880F84D308B7880F84E30D3
:10484000CB7880F84F300B7980F850308C794B79E9
:1048500043EA0423A0F856300C7ACB7943EA0423C8
:10486000A0F858304B7A80F85130CC7AC4F300135A
:10487000C4F3C005C4F340149B0043EA450343EA74
:10488000C40343EA0213A0F85A300B7C4A7C43EA83
:104890000223A0F85C30CA7C8B7C43EA0223A0F898
:1048A0005E304A7D0B7D43EA0223A0F860308B7DA9
:1048B000CA7D43EA0223A0F86230CB7B80F85230F5
:1048C0000B7EC3F3460380F8533030BD1346426677
:1048D00080F8682091E72DE9F8430568044688468A
:1048E000164695F8A890B9F1000F06D02B6813F47E
:1048F000085F05D00120BDE8F883EB7B002BF9D1E0
:1049000031464046FFF748FF0746F0F73FF80B04F3
:104910000CD4B9F1000F02D0EB7B002BEAD11A22A4
:1049200020462E21BDE8F84303F037BA2368DA7C2D
:104930000AB11A7D0AB92F22F2E70FB91E22EFE75A
:104940000E21B3F8AA00ECF7C1FB074690F8C93076
:1049500073B12368FF2283F84B21B9F1000F0ED108
:104960005EB14F23EB73204603F0F1F90020C2E75C
:1049700032464146FFF72BFFEFE73823F2E72B687B
:1049800036B143F400532B60FF2387F8C330EAE7C6
:1049900043F400732B6087F8C360F8E7202A70B4F3
:1049A00001F1010604D10122314670BCFFF793BF2B
:1049B0001A2A01D10022F7E7046894F8A84014B934
:1049C00070BC03F017BA097870BC03F002BAF8B5EE
:1049D0000F68461C0D463846FFF7ABFE044650B143
:1049E0002B68202207F1A80093F8A810F0F798FF91
:1049F00080F00104E4B230462146FFF745FE002C6A
:104A00000CBF1A202020F8BD70B50568044620228E
:104A1000284610F8A81FF0F783FF06462068FFF726
:104A200088FEAB7B30B12EB943B14FF4FB71D5207A
:104A3000EBF714FF2BB140F2FB11F8E74F23AB73F8
:104A400070BD3823FBE738B50B68451C93F8A820E8
:104A50006AB9DC7BA4F14F035C425C4128462146E5
:104A6000FFF712FE002C0CBF1A20202038BD0E21AB
:104A7000B3F8AA00ECF72AFB90F8C340003C18BF3B
:104A80000124EBE738B50468054694F8A83033B93B
:104A9000E37B43B140F29711D520EBF7DFFE2368AB
:104AA00013F4085FF6D0002104F1A800EDF744FFED
:104AB0002B6893F8A8301BB1236823F408532360B4
:104AC0002846BDE8384003F054B970B5066815466D
:104AD000044606F1A800EDF72FFF15B1002386F874
:104AE0004B312046BDE8704003F029B9202AF8B5C3
:104AF00005460C4607680DD01A2A28D097F8A8302A
:104B00001BB9BDE8F84003F075B90978BDE8F84075
:104B100003F05FB90126BB7B382B01D04F2B22D18C
:104B2000013431462046FFF737FEC8B10E21B7F8F1
:104B3000AA00ECF7CBFA90F8C93003F0FF0743B1B5
:104B400000223A212846FFF7C0FF0020F8BD0026CA
:104B5000E1E732462146FFF73AFE01223946F1E706
:104B600001221E21EEE70120F0E770B50C460E2170
:104B70000546ECF705FB0E210646ECF7A7FA3E23A7
:104B8000A680014623704C2363702D23A3706B7A9B
:104B9000E3702BB9A01D4822BDE87040FEF702BAB1
:104BA00070BD036810B5DB7B04469BB9EFF7EEFEE2
:104BB0000B0406D41A2220463621BDE8104003F02B
:104BC000ECB82368DA7C1AB11B7D0BB11122F2E735
:104BD0002F22F0E7012010BD08B503689A7B1AB1B7
:104BE0008621D820EBF73AFE39229A7308BD38B5F2
:104BF0000446084623689B7B392B12D102F02AFD1C
:104C0000236805460E21B3F8AA00ECF75FFA4822A4
:104C10002946FEF7C7F920460021EDF7A5FE002042
:104C200038BD0120FCE70B680E2110B50446B3F82F
:104C3000AA00ECF74BFA90F81631022003F03F037C
:104C4000637010BD08B503689A7B1AB1DC21D620C9
:104C5000EBF704FE3A229A7308BD70B50568044666
:104C600095F8A8602EB9EB7B33B1E421D620EBF7A1
:104C7000F5FD2B685B05F8D500212046EDF7E2FF36
:104C80001EB12B6823F480632B602046BDE8704082
:104C900003F06FB803282DE9F843154699469DF8AF
:104CA00020409DF824809DF834709DF8406002D922
:104CB0000020BDE8F8830846FBF75EFB0028F7D02C
:104CC000002DF5D009F1FF33022BF1D8002CEFD0E5
:104CD000221FD2B2FA2AEBD9FF2C10D0B9F1010F62
:104CE000E6D0B9F1020F2FD104F0FD04012CDFD181
:104CF000B8F1000FDCD09DF828309845D8D89DF841
:104D00002C30032BD4D89DF83030013B022BCFD868
:104D10007B1E012B01D9082FCAD19DF83830062BF4
:104D2000C6D89DF83C303343012BC1D8012EC0D1E9
:104D30009DF84430012BBBD89DF848000238062866
:104D40008CBF00200120B4E7022CD0E703787F2B32
:104D500010B504468CB002D900200CB010BD3F2B1A
:104D600003F03F0004D803288CBF00200120F4E7A3
:104D7000637D611C0A93237D1A0903F00F030992D6
:104D80000893E37CC3F3011203F00F030792069329
:104D9000A37C0593637C0493237C0393E37B0293BE
:104DA000A37B0193637B0093237BE27AFFF772FF7F
:104DB0000028D1D0A37D072BCED8E37D072BCBD8FD
:104DC000237E092BC8D8607E0228CDE7032930B5A1
:104DD00004469DF80C50184601D0032A03D12379CC
:104DE00013F001031ED010B9A3793BB930BD0138CF
:104DF000012894BFE079207A0028F7D0022D0BD14A
:104E0000637A13F00200F1D09DF81030012B0BD122
:104E1000A07CC0F38000E9E7082DF5D1637A13F098
:104E20000400F0E71846E1E70120DFE72DE9F34150
:104E300004468846EDF780FC0546E67C98F8F2309B
:104E400006F03007B7FA87F25209134113F0010355
:104E500035D0237D03F00F030193A37C009306F06C
:104E60000F03627B217BFFF7B1FF28B3A27D062AE7
:104E700004D8AB8A134113F0010320D0E27D062A47
:104E800004D8EB8A134113F0010318D0227E082ABC
:104E900004D82B8B134113F0010310D0627E012A3A
:104EA00004D86B8B134113F0010308D0730603D5AC
:104EB00017B9A87CC0F3001002B0BDE8F081184615
:104EC000FAE770B5066804460D46B37B3A2B2ED13F
:104ED0000E21B6F8AA00ECF7F9F86A7890F81611E6
:104EE00002F03F0290F8F830914214D001227BB9D1
:104EF00080F8173180F8F8201E212046EDF7A2FE39
:104F0000002586F84D51204602F019FF284670BD55
:104F100080F81721F0E733B9012280F8172180F8D3
:104F200018310021E9E7002380F81731F9E7012063
:104F3000EDE770B50C460E210646ECF721F93E234D
:104F400005462370042363702E23A370767AA08015
:104F5000E670BEB90E21ECF7B9F80D210446A0F8B1
:104F600040612846ECF7B2F848B100F1DA0304F1E9
:104F7000E20204F1DA0104F1CA00F9F795FBFF231C
:104F800084F8C43070BD7FB505460E4601A80C21DB
:104F90001446ECF713FB01AB03CB039B696028605D
:104FA0003360F0F717FD0546F0F714FD60602560EB
:104FB00004B070BD10B5A0F1880400F1620200F1E8
:104FC00056014A30FFF7DFFF0E212046ECF7D8F8F4
:104FD0000221ECF77BF83D23C37310BD0B680E2153
:104FE00010B50446B3F8AA00ECF770F800F1EA0334
:104FF00000F1DE0200F1D201204602F04FFB152045
:1050000010BD38B505680446EB7B3B3B022B03D94A
:10501000B221D420EBF722FC02F0ABFE00212046A7
:10502000E973BDE83840EDF787BF3E3804288CBFF0
:10503000002001207047F8B500F1F9070E4604463C
:10504000154600F148023846FBF7C0F984F8140110
:105050003046FAF7F5FDA02201463846FAF7BAFEC7
:10506000A84228BF2846F8BD73B50E21AA38ECF730
:1050700087F801A9064602F02AF8044650B93046DE
:10508000019DFFF746F938B943F20723A5F89A3096
:105090003523EB7302B070BD012380F8623280F8D3
:1050A000D8404023F5E738B50B780C4615461BB1C0
:1050B00092F90020803209D190F8790004F0D2F9F9
:1050C00001238340237000232B7038BD013B012254
:1050D00002FA03F30B70F8E738B5044691F82001A3
:1050E0000D4604F0BFF9012394F857218340934201
:1050F00023D0B5F8AA000F21EBF7E8FF054620B949
:105100004FF4C171D320EBF7A9FB94F8570104F0D9
:10511000C4F805EB400595F9193094F9582113446A
:105120006FF07E029342B8BF134694F9F420934285
:10513000A8BF134684F8593138BD95F92831ECE7FA
:1051400038B5044690F820010D4604F08BF9012390
:1051500003FA00F0A84215D0B4F8AA000F21EBF72B
:10516000B5FF044608B9002038BD284604F095F87C
:1051700004EB400494F921307D2BF4DCBDE8384089
:1051800004F0C6B81846EFE7F7B50E6804460E21DE
:10519000B6F8AA0006F1A807EBF798FF96F89F303B
:1051A00005461BB9F3880633A0F83C3195F82D313C
:1051B0000DF1070238460DF106018DF8063095F81D
:1051C0002E318DF80730FFF76EFFB5F83C211D201A
:1051D00095F81631628095F8302103F03F03227173
:1051E00095F83121627195F83221A27195F8342138
:1051F000E27195F83521227295F836216272B5F880
:1052000050216281B5F83821A28195F83E21A27320
:10521000B5F83A21A4F80F2095F84C21627495F85E
:105220004D21A27495F84E21E274B5F85221A28264
:10523000B5F85421E28295F85621227695F82F216F
:10524000637062769DF80620A2769DF80720E276CC
:10525000FF22227703B0F0BD08B503689A7B22B124
:105260004FF4F871D320EBF7F9FA3E229A7308BD98
:105270000368F7B50E210746B3F8AA00EBF726FF3F
:105280000446D0F84C2190F85611FFF7D4FE94F85C
:105290003E310546C4F84C01012B1CD9B4F83A61E3
:1052A0001EB9E321D320EBF7D9FA40F271235E4314
:1052B00001F081FC00F5FA71304689B2FCF74CF838
:1052C00000F2F7102B189E4205D2351A40F2E24345
:1052D0009D4238BF1D46D4F830316A4639462046D3
:1052E0000093D4F83431C4F84C51019301ABEDF77D
:1052F00035FE009B23F07F43C4F83031019B23F03F
:105300007F43C4F8343103B0F0BDF7B50F680546EC
:105310000E21B7F8AA0007F1A806EBF7D7FE97F819
:105320009F30044663B9FA88B0F83C11C2F57F4358
:10533000FA330B441BB2002BDCBF0632A0F83C2131
:1053400094F82D310DF1070230460DF106018DF86C
:10535000063094F82E318DF80730FFF7A4FEB4F82C
:105360003C21162094F816316A8094F8302103F01D
:105370003F032A7194F831216A7194F83221AA719D
:1053800094F83421EA7194F835212A7294F8362180
:105390006A72B4F838216A8194F83E212A73B4F80D
:1053A0003A21A5F80D2094F84C21EA7394F84D2188
:1053B0002A7494F84E216A7494F85621AA749DF8C0
:1053C0000620EA749DF807202A756B7000236B7520
:1053D00003B0F0BD08B50368D87BFFF726FE20B9FF
:1053E00040F2CE21D320EBF739FA4222DA7308BD1E
:1053F000F8B517461D46064608460C46FAF720FC47
:10540000AB78BA78934228BF1346984201D900205E
:10541000F8BD31462046FAF71FFC7B788342F6D36D
:10542000B6FA86F120464909FAF716FC6B788342F2
:1054300034BF00200120EBE773B50E6805460E214E
:10544000B6F8AA00EBF742FE0D210446B6F8AA0012
:10545000EBF73CFE18B93521D220EBF7FFF9B37B0F
:1054600001A9D0F8D420442B18BF8389284618BF3F
:10547000A4F846314FF00003527F62F305038DF824
:105480000430B4F84631ADF8053094F844318DF865
:10549000073002F005F9052002B070BD10B50468B0
:1054A0000D21B4F8AA00EBF711FE18B94D21D22056
:1054B000EBF7D4F9A37B0BB14F21F8E74423A37397
:1054C000BDE81040FEF7FABEF7B5076805460E4680
:1054D000FC7B002C64D197F8A83023B93521B87B28
:1054E000FEF7DAFF0446EFF751FA0B0452D52B68AA
:1054F000DA7C002A50D01B7D002B4DD0C4B9304639
:1055000001A902F0DBF82E680E21B6F8AA00EBF72D
:10551000DDFD0D210446B6F8AA00EBF7D7FD9DF896
:10552000043094F8162103F03F03934209D00C2471
:1055300022463521284602F030FC0646304603B0AC
:10554000F0BD0028F3D090F86232012BEFD090F834
:10555000663203F0FF060BBBBDF80520B4F854110A
:1055600093B231B1B4F840C1A3EB0C039BB29942A2
:10557000DDD99DF80730A4F8482184F8443190F82B
:1055800062320BB1FEF79AFE45232846FB7302F008
:10559000DEFBD3E71A24CBE72F24C9E73A24C7E779
:1055A0000126CBE773B50E6805460E21B6F8AA00B2
:1055B000EBF78CFD0D210446B6F8AA00EBF786FD4B
:1055C00018B9D2210846EBF749F9F37B01A9D0F8C5
:1055D000D420452B08BF8389284608BFA4F846314C
:1055E0004FF00003527F62F305038DF80430B4F8E6
:1055F0004631ADF8053094F844318DF8073002F0AB
:1056000068F8052002B070BD70B505680446EB7BF4
:10561000443B012B03D9E721D220EBF71FF90E21E0
:10562000B5F8AA00EBF752FD0D210646B5F8AA0021
:10563000EBF74CFD002386F8453160B9002296F85F
:1056400045112046EDF752F900232046EB73BDE8E3
:10565000704002F08EBB90F86232002BEED0F3E780
:10566000F7B5066805460F46B37B443B012B3ED891
:105670000E21B6F8AA00EBF729FD0D210446B6F875
:10568000AA00EBF723FD01A90646384602F02FF8E1
:105690009DF8043094F8162103F03F0393424FF035
:1056A00000030BBF84F845311E22019B84F845217D
:1056B0000DBFC3F30F23A4F84831A4F84631A4F872
:1056C00048317EB9002294F845112846EDF70EF9CD
:1056D0002B68002483F84F41284602F030FB204617
:1056E00003B0F0BD96F86232002BEBD0F0E701205A
:1056F000F6E770B512680446B0F8545192F84F01BD
:1057000008B13A2070BD91F8666206F0FF00002EE5
:10571000F7D1012D0AD003D9B1F86412A94205D2FC
:10572000FF2182F84F1184F84431EBE70C20E9E7C0
:105730000029F8B511DDD0F8D4708CB2002600F144
:10574000DA0501362846F8F79BFDB3B2A342F8D339
:10575000B7F847301C44A7F84740F8BD7FB50D683F
:1057600006460E21B5F8AA00EBF7B0FC04460D2161
:10577000B5F8AA00EBF7AAFCD4F86A11034601AA0F
:10578000D4F8660103C2B4F86E111180AA7B432AD3
:105790000FD0EA880632A4F870214322AA7343B1DD
:1057A00093F862222AB193F8D83013B1012384F818
:1057B0007231B4F87031304601A9ADF80E3001F005
:1057C000A1FF0D2004B070BD08B503680E21B3F829
:1057D000AA00EBF77BFCFF2380F8C73008BD2DE95A
:1057E000FF41D0F800800F4606460E21B8F8AA0007
:1057F000EBF76CFC0D210446B8F8AA00EBF766FC49
:1058000001A90546384601F08CFF98F80F7097BB48
:105810003368DA7C2AB31B7D1BB301AB03CB1B8837
:10582000C4F85C01C4F86011A4F86431B5B195F80E
:1058300062329BB195F8D83083B9BDF80E20B8F824
:105840000610531E5B1A47F6FD719BB28B420CD9B2
:105850002823324629462046FFF74BFFFF2384F8D2
:10586000C830384604B0BDE8F0810123A4F87021A7
:1058700084F87231F2E70127F3E700207047002037
:10588000704770470120704770470020704770478D
:10589000002070477047704700F0FD00003818BFC7
:1058A000012070470378012B03BFC07FB0FA80F05E
:1058B00040090020704720B190F86202003818BFFC
:1058C000012070472DE9F0411646B0F86A70B0F833
:1058D0006C5071B303F09FFC0446022101F091FB70
:1058E00080460221204601F08CFB474528BF4746F1
:1058F000BFB21B2F38BF1B27FB2F28BFFB278542BA
:1059000028BF05467780ADB21B2D38BF1B25FB2D68
:1059100028BFFB25B4F5A47F38BF4FF4A474F580ED
:10592000B4F5296F28BF4FF42964B4803481BDE8F1
:10593000F08102F0B7FECFE7002307B5CDE90033D1
:1059400003238DF806306846EBF7FAFB08B1002018
:1059500004E0009802F05DFF0028F4D003B05DF889
:1059600004FB13B501210020EBF7B0FBC0B9012106
:105970000846EBF7ABFBF8B9FFF7DEFFA0B906234B
:105980006C46019000908DF806302046EBF7D8FB6E
:10599000C0B100230093636007238DF806301FE039
:1059A000A830FEF768F910B1012002B010BDFEF773
:1059B00051F90028DBD0F7E7A830FEF75CF90028A2
:1059C000DAD0F1E70098403002F004FD0028DCD086
:1059D000EAE7009B586F503002F0FCFC0028E4D14D
:1059E0002046EBF7ADFB0028F3D00020DDE71FB524
:1059F000002240F6881303A90092FBF733F805B0A4
:105A00005DF804FB10B5044638B1EEF7C9FF24EA8F
:105A10000000B0FA80F0400910BD0120FCE770B52D
:105A200005461C4608461646EB7C83B12B7D73B1B8
:105A30000E21EBF74BFB2368C0F866316368C0F8B2
:105A40006A312389A0F86E31FF2386F8243070BDB7
:105A500038B5044603F05BF8D8B1204602F0D9FE11
:105A600008B9002038BD204602F0ECFD054620466E
:105A700002F0EBFD78B9002DF3D00221B5F8AA00B1
:105A8000EBF73AFB0028ECD041F6D6213920EAF7B3
:105A9000E5FE4220E6E70C20E4E7F0B587B00546D6
:105AA000008802A901F013FB044600287CD1029B68
:105AB00093F87021029ED11E4A424A418DF8062079
:105AC00096F8A820002A72D1DA7B222A72D19DF89A
:105AD000062082F0010293F862308DF807209B06C1
:105AE00003D49DF80730002B68D0EB881B3B9BB29A
:105AF000E02B65D8298944F24810A1F5A4739BB224
:105B000083425DD86B881B3B9BB2E02B58D8AA8898
:105B1000A2F5A4739BB2834252D8B1F5296F51D834
:105B2000B2F5296F4ED8FF2786F82F719DF8063001
:105B3000002B41D1029B03AA06F1A80093F8A810FC
:105B4000B1FA81F14909FFF7BDFE6A88BDF812304C
:105B500040F64800BDF814109342B5F806C028BFBF
:105B600013468142AA88A6F8343128BF0146BDF801
:105B70000E30634528BF6346A6F83031BDF81030BB
:105B8000834228BF03462889834228BF03468A42AE
:105B9000A6F83231134628BF0B46A6F8363186F8F0
:105BA0002E71002386F82F31204607B0F0BD1A6809
:105BB00092068CD422468EE73A24F2E71A24F3E7C1
:105BC0001224F1E71124EFE710B50446FFF7B4FE05
:105BD00058B901210020EBF779FAD0B90121084624
:105BE000EBF774FAD8B9012009E0EEF791FE68B13D
:105BF000EDF7E4FD044603F0BEF808B1002010BD47
:105C0000204603F0B4F80028E3D0F7E7002CE0D1F9
:105C1000F4E7A830FEF72FF80028DFD0EEE7A83031
:105C2000FEF729F880F00100C0B2E8E7006890F8BC
:105C3000A8303BB190F8EA3123B1002380F8EA3173
:105C4000F1F7CEBC704710B503780446012B01D99B
:105C5000122010BDFFF785FE60B92078FFF71CFE0B
:105C600001280DD004F11703E21D611CBDE81040AE
:105C7000EFF716BAEFF7A6FA0028EED00C20E8E707
:105C8000A37903F0C003C02BE2D1EBE710B5037892
:105C90000446012B0AD8FFF764FE48B9214611F8E3
:105CA000010BFFF7F9FD01F04FF938B9122010BDD3
:105CB000EFF788FA0028F1D00C20F8E70020F6E78B
:105CC00008B50088EFF784FA00280CBF30200020C8
:105CD00008BD38B50546FFF744FE044638B92878B4
:105CE000003818BF0120EFF767FA204638BD0C20B6
:105CF000FCE708B5FFF735FE18B9EFF74DFA0020BD
:105D000008BDEFF75FFA0028F7D00C20F8E708236A
:105D1000037000207047112243F239030270C270F1
:105D20005922A0F801308280C380002070470821EA
:105D300008B5EBF743FC002008BD73B506460088A4
:105D40000C46088001A980B201F0C1F9054640B9AE
:105D5000B3784BB9019B93F92801A070F4F780F94F
:105D6000A070284602B070BD7F20FFF740FEF4E728
:105D700010B504466FF07F00FFF739FEF4F770F9B5
:105D800020707F20FFF733FEF4F76AF9607000207F
:105D900010BD0A4600F1100108B5072304F013FBFB
:105DA000002008BD10B5014604460020EEF7EAFFCA
:105DB00008B92060A080002010BD10B50446EEF7A1
:105DC00077FD28B900202146EEF7C4FF002010BD62
:105DD0000020FFF7F9FE0028F4D10C20F7E710B5FA
:105DE00004460120FFF7F0FE28B101202146EEF71E
:105DF000B1FF002010BD0C20FCE7FFF74EBE1FB521
:105E000002880A8044F2902183888B4215D8B3F52A
:105E1000296FADF80420428801A828BF4FF42963F8
:105E2000ADF80620ADF80830ADF80A20ADF80C301A
:105E3000FFF733FE05B05DF804FB1220FAE737B533
:105E400008800D4601A901F042F9044640B90198C5
:105E50002A4610F8A81FB1FA81F14909FFF732FD6F
:105E6000204603B030BD03466FF06F0100200A22C8
:105E700010B56FF00404587099701C70DA701C71C2
:105E800058719971DA7110BD10B50446FFF769FDBC
:105E900058B92078611CFFF7FFFCE279EFF75CFA54
:105EA00080F001004000C0B210BDEFF78BF9002870
:105EB000EFD00C20F8E773B500880D46088001A9E3
:105EC00080B201F004F9044680B9019E86F82241AF
:105ED00096F82001ECF76CFAA87096F82101ECF71F
:105EE00067FAE87096F82231002BEFD1204602B015
:105EF00070BD1FB5044603A9008801F0E8F838B961
:105F0000A388022B14D8E078FFF77CFD10B911208C
:105F100004B010BDA078FFF775FD0028F7D001236D
:105F200003A80093A388E278A178EEF767FDEFE776
:105F30001220EDE737B58378C17803F001040279C8
:105F400003F0020351EA04051DD052EA03051AD0FA
:105F5000002C18BF0021002B037818BF00228DF8F9
:105F600002108DF80320427843EA0223ADF8003096
:105F700043798279684643EA0223ADF80430FFF79B
:105F8000B8FF03B030BD1120FBE713B50C4601A9E3
:105F900001F09DF828B9019B93F8A820DB8812B97D
:105FA000238002B010BD0133FAE707B5008801A9CC
:105FB00001F0AFF830B9019B93F83F2112B9FF22ED
:105FC00083F83F2103B05DF804FB10B50446EEF7FB
:105FD000DDFC20600020616010BD37B50446EDF7A0
:105FE000EDFB054623781F2B18D8C16C04226846A8
:105FF000EBF7E6F922460021E86C12F8013BFDF7C9
:1060000026FD68B1EC6C2046FDF7C6FD0021024676
:106010002046FDF74CFD002003B030BD1220FBE709
:106020000720F9E737B50446EDF7C8FB05462378A6
:106030001F2B18D8C16C00226846EBF7C1F9224625
:106040000121E86C12F8013BFDF701FD68B1EC6C31
:106050002046FDF796FD012102462046FDF727FD6B
:10606000002003B030BD1220FBE70720F9E773B52D
:1060700005460026EDF7A2FB04468DF8046002F009
:106080007EFE2B78C0018DF80760012BADF805006E
:1060900005D101A92046EDF7AFFC02B070BD2BB9C8
:1060A000204602B0BDE87040FFF7D2BC1220F4E7F2
:1060B00010B5044634F8020B0880022180B2EBF7D9
:1060C00005F820B12146BDE8104003F072B8022067
:1060D00010BD008808B50880022180B2EAF7F6FFFB
:1060E00020B10021BDE8084003F063B8022008BDDC
:1060F00037B5044600880D460880092180B2EAF7CA
:10610000E5FF10B10C2003B030BD0B212088EAF769
:10611000DDFF0028F6D10C212088EAF7D7FF002800
:10612000F0D101A9208800F0D2FF0028EBD1019B1B
:106130009B8F6B80E7E737B504460088088009210C
:1061400080B2EAF7C3FF10B10C2003B030BD0B21C1
:106150002088EAF7BBFF0028F6D10C212088EAF757
:10616000B5FF0028F0D163880BB91220EDE701A933
:10617000208800F0ACFF0028E7D1658842F2107259
:10618000019BA9B2D3F8C8405143B3F8DE20624363
:10619000B3F8D04004FB02229142E6D3D3F8C820E2
:1061A000D3F8C8409442F9D100229D875A63621EF9
:1061B0000A44B2FBF4F29A63C7E738B50388054690
:1061C0000C460B8080780138C0B203F0A1F8B8B15A
:1061D0000F212888EAF77AFFA0B1AB785D1EA37083
:1061E000EDB200EB450090F91900F3F739FFE070CC
:1061F000284603F0A8F8F3F733FF2071002038BDDC
:106200001120FCE70220FAE710B504468078013837
:10621000C0B203F07DF880B10F212088EAF756FF65
:1062200068B1A178012300220139C9B203FA01F152
:10623000BDE81040C9B203F06CBA112010BD0220B5
:10624000FCE7038810B504460B8098B2A378012BB5
:1062500022D8E378012B1FD80F21EAF737FFE8B1E6
:10626000A278003A18BF012280F82C20E278111E93
:1062700018BF0121012A80F82D1004D190F82E209A
:1062800012F0010201D0002010BD0223202103F0F2
:1062900040FA3A28F8D1F6E71120F5E70220F3E7B3
:1062A00010B5044680780138C0B203F031F888B1E7
:1062B0000F212088EAF70AFF70B1A178012394F931
:1062C00003200139C9B203FA01F1BDE81040C9B297
:1062D00003F01FBA112010BD0220FCE710B50446E0
:1062E000F0F77EFA28B9A17A6078BDE81040F3F79C
:1062F000A7BE10BD008810B508800C4680B20F21E3
:10630000EAF7E4FE20B102F049F8A070002010BDC9
:106310000220FCE710B50C460221EAF7D7FE90B147
:10632000022C12D804F00102C4F3400480F8EC21DE
:1063300080F8EB4112B190F8EA310BB9002010BDA2
:10634000F1F74EF9FAE70220F9E71220F7E710B566
:1063500004460078FF280AD00321EAF7B7FE58B1B7
:106360006378A27843EA0223C384002010BDB4F806
:106370000100F1F761FAF8E74220F7E710B50446AB
:106380000078003818BF0120F3F70EFD20780038A0
:1063900018BF0120F1F710F9002010BD38B583783F
:1063A0000446012B07D80388292B39D005D8202B88
:1063B0000BD0262B2FD011202CE02F2B10D0492BC7
:1063C000F9D1EEF7E9FA417807E0EEF7DFFA054692
:1063D000EEF7DCFA010F41EA557101F0010103E02B
:1063E000EEF7D4FAC1F38031A378012B01D1002953
:1063F000E1D00020FDF7C7FA05460220FDF7C3FAF9
:10640000B5B9A8B9A3782088012BC0B20DD1EEF799
:1064100085FA002038BDEEF7B9FAC1F34011E3E781
:10642000EEF7B4FAC1F30021DEE7EEF78BFAF0E7FE
:106430000C20EFE707B50378ADF80430437801A8E6
:106440008DF80630FFF7AAFF03B05DF804FB0620C5
:10645000EEF764BA0820EEF761BA02F0DABE08B5CA
:1064600049210120EFF734FAEFF7BAFEF3F76EFC9B
:10647000BDE80840F1F7E6B92DE9F04F89B00446D0
:10648000EEF784FA0B0449D5ECF756F9837990F8C6
:1064900005C00193C379878A0293037AC68A03935E
:1064A000C389058B0493038A418B0593437A827ACF
:1064B0000693438AB0F80CB090F801A090F80290CF
:1064C00090F8038090F804E00793C37A0078A4F86A
:1064D00001B0207084F803A084F8049084F805804B
:1064E00084F806E0019884F807C020720298678259
:1064F00060720398A682A0720498E582A4F80B004B
:1065000005982183A4F80D000698A276E0730798F9
:10651000E3762082002009B0BDE8F08F0C20FAE776
:106520002DE9F04F8DB00446EEF730FA0B0461D53B
:10653000ECF702F98379B0F80CB00093C37990F8C6
:1065400001A00193037A90F802900293C38990F816
:1065500003800393038A90F804E00493437A90F84D
:1065600005C00593438AC77A0693838A868B07936F
:10657000C38A0893038B0993438B0A93837A0B9303
:10658000857FC17F90F8202090F821300078A4F812
:1065900001B02070009884F803A02072019884F85C
:1065A00004906072029884F80580A072039884F8C1
:1065B00006E0A4F80B00049884F807C0A4F80D00C6
:1065C0000598E07306982082079860820898A08258
:1065D0000998E0820A98E77620830B98A683A07634
:1065E0000020A577E17784F8202084F821300DB0D1
:1065F000BDE8F08F0C20FAE7F7B50446EEF7C6F9D0
:106600000B0403D40C25284603B0F0BD278801A94C
:10661000384600F07EFD05460028F4D1019CE37C5D
:106620005BB3237D4BB394F86560EEF7B5F903686F
:10663000C6F3C00603F400634EB9FF2284F83F217D
:106640000BB184F84021FF2384F84B31DBE794F849
:106650006720D209D6D0002BF5D094F86930DB0939
:10666000F1D012213846EAF731FD0028EBD0037B48
:10667000FF2BE8D184F84031E5E72F25C3E7F7B5D4
:1066800005460C46ECF758F801A92B8806469FB240
:106690002380384600F03DFD0446A8BB38460E2155
:1066A000EAF714FDAF780246032F30D8214647FAA7
:1066B00001F3D80705D5F3780B41DB070AD4112481
:1066C00022E002F1F800FFF7EDF818B192F80C3172
:1066D0008B421CD04B1C0121022BE8D1EB78FD2B07
:1066E00005D8591E032912D871789942E7D395F934
:1066F000040000F17F01C9B2932908D882F8F27032
:1067000082F8F33082F8F400204603B0F0BD122482
:10671000FAE7038873B59CB20B8040F6FF73064618
:106720009C423BD001A9204600F0F3FC054628B965
:10673000019B93F86520120703D40C25284602B06C
:1067400070BD93F86730DB09F7D00E212046EAF7D9
:10675000BDFC044690F8C230002BEED0B0F85A30A1
:106760009B0708D54822294603F0EAFEFF2384F858
:10677000C5301125E2E790F8C530002BDDD1F830A7
:10678000FFF790F80028D8D14822B11C2046FCF72A
:1067900009FCFF2384F8C5300025CFE720460E21F1
:1067A000EAF758FC04460028EED10725C6E78B78A7
:1067B00080F848300A79CB7843EA0223A0F85430B5
:1067C0004B7980F849308B7980F84A30CB7980F862
:1067D0004B300B7A80F84C304B7A80F84D308B7A06
:1067E00080F84E30CB7A80F84F300B7B80F85030F9
:1067F0008A7B4B7B43EA0223A0F856300A7CCB7B92
:1068000043EA0223A0F858304B7C80F85130CA7C10
:106810008B7C43EA0223A0F85A300B7D4A7D43EA81
:106820000223A0F85C30CA7D8B7D43EA0223A0F8E6
:106830005E304A7E0B7E43EA0223A0F86030CA7EB7
:106840008B7E43EA0223A0F862300B7F80F852303F
:106850004B7F80F853308B7FCA7F43EA0223A0F836
:10686000643091F8203080F8663070477FB5038837
:1068700004460B809EB2EEF789F80B0427D503A9D6
:10688000304600F046FC054610BB237F0093E379B9
:10689000A2796179A078FDF766FF28B30E21304612
:1068A000EAF714FC024620B943F217613920E9F7F0
:1068B000D5FFF830FEF7F6FF48B9FF2682F8C96029
:1068C00092F8C23003EA06052BB182F8C9000C2504
:1068D000284604B070BD21461046FFF768FF80F8D7
:1068E000C26080F8C950F3E71E25F1E770B58AB0A1
:1068F0000D46034600F1180601AA1868083353F83C
:10690000041C1446B34203C42246F6D11868002280
:106910002946206001A89B88A380BDF81630ADF8F9
:10692000222023F010038DF82420ADF81630FFF755
:106930009DFF0AB070BD37B50588044601A92846F9
:1069400000F0E7FB18BB0D212846EAF7BFFBFEF776
:10695000B2FFF0B90E212846EAF7B8FBA378024649
:10696000032B18D890F81611994214D1F830FEF77D
:1069700099FF80B192F8C63003F0FF006BB982F83E
:10698000F8000199FF2381F84D3182F8C63003B039
:1069900030BD0C20FBE71220F9E73A20F7E72DE99C
:1069A000F043078885B00646B7F5706F04D312250B
:1069B000284605B0BDE8F0838378032BF7D8C37869
:1069C000012BF4D86946384600F0A3FB05460028A1
:1069D000EED10E213846EAF779FBB37890F816210C
:1069E00004469A42E3D100F1F8094846FEF75AFFFF
:1069F0000028DCD0DDF8008098F86730DB0901D191
:106A00000C25D5E7B4F85A309B073AD594F8C23034
:106A1000002BF5D094F8C430002BF1D0F378012B83
:106A200044D100981D2210F8A81FEEF779FF002826
:106A300036D13846FDF76DFC064698B3FEF73BFFAE
:106A40000028DDD194F81831002BD9D094F8C73044
:106A5000E3B101AA04F5B3714846F9F7DDFB01A8DB
:106A6000F9F78AFC00B398F80E30332BC8D0009A9F
:106A7000FF2382F84E31012286F8622286F8D83050
:106A800096E794F8C530002BC0D1B9E701ABD4F834
:106A9000F900D4F8FD10B4F8012103C31A80DEE731
:106AA000452585E7072583E7482581E70D213846F9
:106AB000EAF70CFB01460028A2D090F86232012BC5
:106AC0009ED0FEF7F8FE00289AD013236A4620468F
:106AD000FEF70FFE05466BE710B5044604B910BD7E
:106AE000236898476468F9E703680BB90160704749
:106AF0001A465B6813B18A42FAD170478A4218BFBE
:106B0000516070470D2008B5FCF74CFF0E20BDE822
:106B10000840FCF747BF08B5EBF7F4FD0020BDE8DF
:106B20000840F5F79BBA08B5F0F708FDF1F72EFC21
:106B300020B140F263119320E9F790FE0320BDE8F5
:106B40000840FCF72FBF08B50220FCF72BFF002000
:106B5000FCF728FFEAF7A6FBEEF7B0F8EBF7B8FA78
:106B600020B140F243119320E9F778FE08BDFFF70A
:106B7000EABF08B5FFF7D7FFF2F75AFA20B14FF492
:106B8000BC719320E9F76AFE08BD08B5F1F726FC51
:106B9000F0F706FDBDE80840F1F708BC08B500F0C5
:106BA000A5F9EBF7A5FA0220FCF7FCFE0020BDE8F2
:106BB0000840FCF7F7BEFAF71BBC0B46892203F826
:106BC000032BD0F80920C1F80320427B1A717047CB
:106BD00038B50D460446EDF7E3FE2B78002B08BFD1
:106BE000034684F874306B78002B08BF034684F8A2
:106BF00075306B88A4F8763038BD37B58B7805468C
:106C0000046803F0070384F819314B7803F0070395
:106C100084F818312623E37394F8393113BB94F8C0
:106C20003831012B1ED094F8213194F81821D91E47
:106C3000012998BF04239A42B4F81E3118D194F860
:106C4000202194F81901D11E0129B4F81C1198BF14
:106C5000042290420CD10222A4F83A11A4F83C314B
:106C600084F83821284603B0BDE8304001F06FB801
:106C7000022094F81D2194F81C1100902846EDF78D
:106C8000BDFE0028EED04FF46671AE20E9F7E6FDB8
:106C900038B5036804460D4693F83831012B02D10C
:106CA0001E21EDF725FF2368002083F8380165B128
:106CB000182283F8992009229A7393F84A3093B9DD
:106CC00040F25B41AE20E9F7C9FDDA7B243A072A9E
:106CD00003D82046DD7301F04CF820461821BDE8AA
:106CE000384001F076B838BD08B503689A7B22B108
:106CF0004FF4E671AE20E9F7B1FD24229A7308BD86
:106D0000034610F0010007D19A0704D413F00400E1
:106D100018BF03207047022070472DE9F34B164639
:106D2000054610461F4646EA0104FFF7E9FF834681
:106D30000846FFF7E5FF89464BEA0404DDF82880A2
:106D400001900443E4B2003C18BF0124EDF728FE93
:106D5000064018BF5E46EDF723FE95F8202110EAA5
:106D60000901019B18BF1946B24214BF33460023E4
:106D700088F8003095F821218A4208BF00210B4392
:106D800088F801100AD1EB88013FFF1A47F6FD731E
:106D9000BFB29F428CBF002404F00104C6B995F82D
:106DA0002001EBF715FB03280ED195F83831012BA4
:106DB0000AD1B5F83C2195F82031012A0AD1042BDB
:106DC0000AD0042388F80030204602B0BDE8F08BDA
:106DD000032EE9E7032BF7D00323F3E7032906D1BA
:106DE00001280AD104210120518013807047042911
:106DF00003D1012801D00321F5E7002070470128C5
:106E000007D0022805D0033801288CBF00200120BC
:106E1000800070472DE9F0410C6805460F4694F854
:106E20004222D31E012B2DD894F82031D91E0129DE
:106E300028D8D31A18BF012394F84302FFF7DFFFC5
:106E400006460BBB1046FFF7DAFF804694F89F30EA
:106E50006BB948EA060313F0FF0306D0204600F0A2
:106E6000D8FF3B68DB8803449BB2A4F84032B4F8F7
:106E700040320520AE70EB701B0A85F801802B7143
:106E8000BDE8F0810023D7E74FF00008DEE770B5DA
:106E9000056802460B46EC7BA4F12406072E15D9A3
:106EA00094B9AD7B292D11D04D786E0706D08D7821
:106EB0006D0703D0FFF7A1FE204670BD197810467C
:106EC000BDE8704000F085BF0124F5E72024F3E71A
:106ED00008B50368DA7B262A05D022B140F2D351E7
:106EE000AE20E9F7BBFC2722DA7308BDEDF7E6BE5A
:106EF000704730B542401C7808785D7860404C7827
:106F00006C409D7820448C786C40DD782044CC78AF
:106F10006C401D795B7920440C7949796C404B4079
:106F2000204418441044B0FA80F0400930BD0246B5
:106F300000200139C9B2FF2900D17047535C83F0AA
:106F400001030344D8B2F4E708B5EDF741FF082880
:106F500007D0EDF75FFF082803D0EDF76FFF0120A2
:106F600008BD0020FCE708B5EDF732FF082803D084
:106F7000BDE80840EDF74EBF08BD08B502F01EFDA4
:106F800018B1BDE80840F3F769B9082008BD01440D
:106F90000023884203D1B3FA83F04009704710F808
:106FA000012B1343F5E7F8B505460C46D0E9047606
:106FB00002F0A8FF18B952212920E9F74FFCE4B1EB
:106FC000D5E90423D21B63EB0603012A73F1000108
:106FD0004FF0000113DB6FF001009042994101DA9C
:106FE0005C21E9E7631E1344B3FBF4F35C43E4194B
:106FF00046F10006C5E904461C462046F8BD0C468D
:10700000FBE7022905D13C281AD980100F3880B23D
:107010007047CB1E012B0ED804290BBF96234FF4CB
:1070200016731022402203F5BC73984208D9C01A87
:1070300090FBF2F0EBE7702802D9C0100E38E6E7BB
:1070400000207047022908B5034614D005D801294D
:1070500009D0E7212920E9F701FC03390129F8D8F3
:1070600040F6A66008BD40F6C41040F2E242002B94
:1070700008BF1046F6E740F6C410F3E7801A7238EE
:1070800010B58842029C94BF091A491A2268012946
:1070900002EB510294BF0020012022601A68A2EB8B
:1070A00051021A6010BD69B1A0F57A7241F2707395
:1070B0009A4207D84FF47A73B0FBF3F000F55060B2
:1070C00080B2704740F2E243B0FBF3F0F8E738B526
:1070D0000C4600210546E9F7F9FF206048B9022176
:1070E0002846E9F7F3FF2060B0FA80F0400940003D
:1070F00038BD0020FCE70368587BC0B293F83030FD
:107100002BB900F0FB00003818BF012070470020A9
:10711000704710B50C46FFF7DAFF38B92046FFF785
:10712000EAFF80F001004000C0B210BD0220FCE781
:1071300038B54FF444720D460021044603F000FABE
:107140006FF036020123A4F8AA5084F863200422C9
:10715000E37584F864206FF03B0284F86A3084F8A9
:1071600065206F2284F8A83084F86620032284F812
:107170006720002284F868206FF07F0284F869207D
:107180002B2284F86220FE2284F89E207F22E27265
:1071900038BD40F6B83307B5B0F8D220D0F8C810E3
:1071A0000190838701A8EEF71DF903B05DF804FB99
:1071B000C2B292FAA2F2030A93FAA3F31B0E100EC4
:1071C00040EA03207047013105300022C9B270B592
:1071D00010F8013F8B4216D310F8054C002301250F
:1071E00005FA03F626421CBF01F1FF31C9B269B1AD
:1071F0000133082BF4D10132D2B2052AE8D19B2108
:107200004620E9F72BFBC91AC9B2F4E703EBC20029
:10721000C0B270BD0B6870B5C0F8013004460B7980
:107220000546461D03F01F0343710023C37215F882
:10723000010F00F022FD6871B542E37A1844E07254
:10724000F5D170BD81EA114170B58CB20546C17AA5
:10725000032682EA0400FFF7ABFF013E00EB0010BB
:1072600016F0FF0604EB000290B2F4D14440252250
:10727000B4FBF2F302FB1343C3F3C402D8B203F02E
:1072800007032A445678012202FA03F31E4207D16B
:1072900061432846C1F30741BDE87040FFF793BF43
:1072A00070BDF8B590F8225004466B1E242B03D90C
:1072B000E1214620E9F7D2FADAB1C07D002843D1B6
:1072C00094F8243094F8231002FB01322523B2FBFA
:1072D000F3F103FB1123DBB204EBD30203F0070647
:1072E00084F82430117E0122B240114202D084F889
:1072F0002530F8BDB3FBF5F205FB123304F11C0198
:10730000013303F0FF0311F8012F9A4219D311F84A
:10731000055C0022012606FA02F72F4208D0013B45
:1073200013F0FF0304D102EBC00284F82520E0E74C
:107330000132082AEFD10130C0B20528E3D1D721AC
:10734000B7E79B1ADBB2F6E7E28804F11700496A57
:10735000FFF778FF84F82500CBE70378890123F055
:10736000400301F040010B4303707047037803F0C2
:107370007F0343EAC113037070471F2A38B50546DF
:10738000144603D9A8212A20E9F768FA06340930FF
:10739000FBF708FE6C7038BD1F2A38B50546144649
:1073A00003D9CA212A20E9F759FA06340930FBF734
:1073B000F9FD6C7038BD0378024603F00F03032B10
:1073C0003ED0052B42D1C37F90F82000034392F8B2
:1073D0002100034392F82200034392F8230000F0B7
:1073E0001F00184333D05378222B2FD1B2F8193015
:1073F000B1B1B3F5506F13D940F607518B4225D880
:10740000B2F81B30B3F5FA7F20D2B2F81D0040F677
:1074100076430A3880B298428CBF00200120704722
:10742000991F40F67A4089B281420FD8917D481E5B
:1074300007280BD8994209D2B2F817109942DEE713
:107440004078A0F10C035842584170470020704723
:10745000C37813F03F035DD007295BD8DFE801F064
:10746000040B1E29343F4A55037913F0010F0CBF5A
:10747000002005207047027912F002004BD0052051
:1074800002F00102072902EB420200EB4200C0B207
:1074900041D1021F9A42C8BF00207047027912F002
:1074A000040038D0052012F0020F1CBF0630C0B215
:1074B000E6E7027912F008002DD0052012F0040F43
:1074C0001CBF0130C0B2EEE7027912F0100022D0EA
:1074D000052012F0080F1CBF0230C0B2EEE702799F
:1074E00012F0200017D0084612F0100F1CBF033016
:1074F000C0B2EEE7027912F040000CD0052012F085
:10750000200F1CBF1230C0B2EEE702795006F5D54D
:107510000620F4E70020704770B50C460646114679
:107520001D4624B94FF41F712A20E9F797F9FFF798
:107530008FFF10B940F27D21F6E7031F2B443F2B4C
:1075400002DD40F27E21EFE72A4621463044BDE8C5
:107550007040FBF727BD30B5C1F38003C1F3801441
:10756000C1F340052344C1F3001404EB4404234455
:10757000C1F3401404EBC40403EB4403C1F300045F
:107580002C44C1F3C005134404EB44042C4403EB26
:10759000440313F0FF031CBF01330171C17818BF0E
:1075A000DBB221F03F0103F03F042143C170591CBD
:1075B00041701AB104339B1A013AC25430BD1B2AE0
:1075C00008B504D940F299312A20E9F747F9BDE816
:1075D0000840FBF7E7BC8388A1B1B3F5506F11D920
:1075E00040F6075293421BD8C388B3F5FA7F17D2EF
:1075F000008940F676430A3880B298428CBF00205A
:10760000012070479A420BD8B3F5486F08D84278EA
:10761000511E072904D89A4202D242889A42E2E7D0
:1076200000207047013001F1200351F8042B9942EA
:1076300040F8042BF9D10B880380704738B5154604
:107640000446FFF7EFFF2B68C4F823306B68C4F8DB
:10765000273038BD0130704710B50C68C0F80140C4
:107660004C68C0F805401268C0F809201A68C0F8D4
:107670000D205A68C0F8112010BD10B5D0F8014097
:107680000C60D0F805404C60D0F809101160D0F8BB
:107690000D201A60D0F811205A6010BDFFF7DCBF32
:1076A0000B78C3F305034370B1F801308370B1F870
:1076B00001301B0AC370CB780371704742780B7896
:1076C00062F305030B704388A1F801300379CB7096
:1076D00070470B78C3F305034370B1F80130837032
:1076E000B1F801301B0AC370CB7803717047427840
:1076F0000B7862F305030B704388A1F8013003791E
:10770000CB7070470B68C0F801304B68C0F805308B
:107710000B89A0F809304B89C3724B891B0A03738C
:107720007047D0F801300B60D0F805304B60B0F8EE
:1077300009300B81B0F80B304B8170472DE9F04FC9
:1077400085B08846154603A99DF838400193FFF798
:10775000BEFC814618B9039E2DB901237375012023
:1077600005B0BDE8F08FD6F8C0A029465046FBF71B
:107770004DFF074608B90020F2E7ECF739F88542DB
:10778000F9D839465046FCF77DF8727D8346A0F85B
:107790000190002A18BF4FF0020880F80080384698
:1077A000FCF778F80746DCB1B6F8E640C4B102F061
:1077B00070FA40F271225443241841F100017960BB
:1077C0002A4601990BF103003C60FBF7EBFB2946CD
:1077D0005046FBF756FF28B983212B20E9F73EF8E6
:1077E0002146ECE7039B93F8A83033B103A8FEF7DA
:1077F0001DFA039B0022A3F8E2210023AEE74378A1
:1078000037B5C3F301120446032A03D8DFE802F0B8
:10781000050E1D05002003B030BD057803F00F00F4
:10782000002300930221231D628807E0057803F0FE
:107830000F00002301210093231D628845EA0020E8
:10784000FFF77CFF60B10120E5E7EDF7A5F80368DD
:107850005B05DFD560780123257800F00F00E0E7B5
:10786000EDF7DEFFEFE71A230B7001234B708B70EF
:107870007047EDF79BBE10B521B940F2A921102049
:10788000E8F7ECFF4A600B72EFF3108472B6031D49
:107890000B6042681AB1127A012A08BF03600368BC
:1078A0001960016004B962B6BDE81040EDF7C8BECA
:1078B0000222EDF7A3BF0322EDF7A0BF0422EDF7EC
:1078C0009DBF0222EDF7DEBF0322EDF7DBBF0422EE
:1078D000EDF7D8BF007A003818BF012070478D231C
:1078E0000B7030F8B53CA1F8033030F86B3CA1F8D0
:1078F000053030F8673CA1F8073030F8693CA1F852
:10790000093030F8653CA1F80B30704708B5CB1E44
:10791000012B04D8800100F5747080B208BD0129E4
:1079200002D10E30C000F8E7022902D10F308000EA
:10793000F3E74FF40C710620E8F790FF022908B531
:107940000DD005D8012908D0DC21B420E8F786FF46
:1079500003390129F8D81E3000E00A3008BD143080
:10796000FCE7022908B50DD005D8012908D0DC2193
:10797000B420E8F773FF03390129F8D81E3000E07E
:107980000A3008BD1430FCE730B587B004460D4618
:10799000EBF734FF80B334F8BE4C69462046FEF75F
:1079A0004EFA18B1FB212C20E8F758FFBDF806303D
:1079B00003A8ADF80C40ADF80E30BDF80830ADF8B6
:1079C0001030BDF80230ADF81230BDF80430ADF81B
:1079D0001430FEF712FA10B14FF48271E3E7ADF8FC
:1079E0000C009DF80C30002063F307009DF80D306B
:1079F00063F30F2007B030BD2B469A2203F8032B08
:107A0000D4F80920C5F80320D4F80D205A60B4F842
:107A100011201A810423ADF80C30E2E7406870476A
:107A2000033901298CBFC08A4FF42960704770B5B3
:107A300090F878608D88033E0C89012E04D943B1FB
:107A40001678033E012E04D8B5F5296F38BF4FF4E0
:107A5000296590F87960033E012E04D943B153782B
:107A6000033B012B04D8B4F5296F38BF4FF42964C8
:107A7000CB884A88A0F86430A0F86020A0F8625053
:107A8000A0F8664070BD8383BDF800300183428357
:107A9000C38370471B2200294FF01B110CBF4FF40A
:107AA000A4734FF4296382840284028502F1A472D4
:107AB000C160C3844384C383838343820382C0E958
:107AC000052170470346B3F85810B3F86420F0B5A9
:107AD000914293F87940B3F85C5028BF1146033CBB
:107AE000B3F86620E4B2B0F84E70AA42B0F8520083
:107AF000A3F84E1028BF2A46012CB3F8544087BF84
:107B0000B3F8566015464FF429664FF429658C4248
:107B1000A3F8525038BF0C46B24238BF32468F42AB
:107B2000A3F85440A3F8562026D1401B18BF0120CB
:107B3000B3F86020B3F85A10B3F84C509142B3F840
:107B4000504028BF114693F87820033A012A15D9EE
:107B5000B3F85E20B3F86260B24228BF32468D426D
:107B6000A3F84C10A3F850200BD1944218BF40F05A
:107B7000010000F00100F0BD0120D9E74FF42962B7
:107B8000EDE70120F5E738B5CB1E0446012B10D9EF
:107B9000C58B438C9D4228BF1D46207AFFF7B6FE59
:107BA0006389AB4228BF2B46984238BF184680B243
:107BB00038BD4FF42965F0E72DE9F84399460746AB
:107BC0000D46808919461446FFF7A0FE06469DF82B
:107BD000208049463846FFF7D6FF86424146A8F145
:107BE000030828BF0646B88AFFF790FEB8F1010FD8
:107BF0000346B6B28CBFFA8A4FF42962904204F170
:107C0000060028BF134628449BB233441844BDE8FD
:107C1000F8830346828F13B5403049B9598F93F8E2
:107C20007940009493F87830FFF7C6FF02B010BD9A
:107C3000198FF4E770B50C46154619464BB9068FF7
:107C4000FFF7E7FF28443044A04294BF201A0020E9
:107C500070BD468FF4E738B50D4611460446FFF770
:107C6000D8FF2844606438BD01F19C0383423DBFC6
:107C70009C38401A40080020704700F05503400827
:107C800000F05500034403F033009B0803F0330376
:107C9000034403F00F0000EB1310704732280CD0A0
:107CA00006D8162818BF012894BF0120002070476D
:107CB000A0F13E035842584170470120704708B573
:107CC0000246FFF7EBFF40B10846FFF7E7FF20B1A0
:107CD0008A420CBF23202A2008BD8A420AD1A2F181
:107CE0003003DBB20B2B0FD840F6210020FA03F350
:107CF000DB071ED4322901D1262A03D0322A03D130
:107D0000262918D12A20E7E73E2907D1262AF9D0CB
:107D10003E2A12D03B2A10D11F2902E03E2A04D16C
:107D200026290CBF2A200020D6E73B29F2D11F2AA2
:107D3000F7E72320D0E73E29F7D10020CCE70368FE
:107D400000229A7383F84A20A3F8462070470268FD
:107D500092F8A8302BB9A2F84E30012382F85030A7
:107D600070470023A2F84E3092F8503001335BB2D6
:107D7000F4E7026808B592F8A83013B982F85030D9
:107D800008BD92F85030013B5BB2002B82F85030B6
:107D9000F6DA52214A20E8F761FD08B5036883F856
:107DA0009B1083F89A203522DA73FFF7D0FF00206A
:107DB00008BDA0F10A03042B09D9A0F14703012B48
:107DC00005D9243807288CBF0020012070470120E6
:107DD00070470268136810B513F0080408D143F027
:107DE000080382F898101360FFF7B1FF204610BD1A
:107DF0000120FCE7036810B5DC7B44B90A7883F8FE
:107E000098200322DA73FFF7A2FF204610BD012459
:107E1000FBE7D0F8C82041F64B539A4296BF4AF68A
:107E2000C8730623B3FBF2F3B0F8D020B0F8DE003D
:107E30001344584380B27047036800201A7C073A05
:107E4000012A81BF4A785A7407221A74704702685F
:107E5000137C073B012B84BF08231374704702680F
:107E600070B5D57BE5B9CB88D688A2F8D832013B6E
:107E70009B1B47F6FD769BB2B34206D9282382F8B6
:107E80003130EEF7B5F9284670BDD1F80130C2F8AF
:107E9000DA324B7982F8DE320A220368DA73F2E7CB
:107EA0000125F0E72DE9F74F0646894690460193F4
:107EB000FFF7AFFFD6F8FC71044657B90023C8F8A6
:107EC0000030F38823449CB2019B1C8003B0BDE8C2
:107ED000F08FEEF74BFD0028F0D1D6F8C8C0D6E9F8
:107EE00078320CFB04FE1EEB030ED7E9021342F1BD
:107EF00000020B44D7E900155B1845F100057345F6
:107F000075EB020114D2BEEB03016FF0010B62EBC3
:107F1000050A8B4570EB0A0A03D23D215620E8F78B
:107F20009DFC3869471E3944B1FBF0F1E0FB013597
:107F3000B3EB0E0365EB02056FF001029A424FF0BE
:107F40000002AA4101D24821E8E7B3FBF9F209FB9C
:107F50001233B3FBFCF291B20CFB1133C8F80030C2
:107F6000F3881C441444A4B2AEE70B46822203F803
:107F7000032BD0F80920C1F80320D0F80D205A6057
:107F8000427C1A720023CB7070470368F7B5DD7B23
:107F900006460C46002D63D193F8297106230DF196
:107FA00007018DF80730FDF776FC9DF8072039466C
:107FB0002046FFF710FB38B921783046FFF709FF5C
:107FC0000546284603B0F0BD32686389D188A2F81F
:107FD000D832013B5B1A47F6FD719BB28B4206D942
:107FE0002823304682F83130EEF702F9E9E7A3881A
:107FF0006FF450615918062995BFA3F5506340F2FC
:10800000E2414FF47A7128468CBF4B434B43C2F890
:10801000E0326378C0B103EB830303EB83039B007F
:10802000A2F8DA326388C0B164214B43C2F8DC3273
:10803000E388A2F8E4322389A2F8E632002382F82A
:10804000EC320D23D373BCE7C3EB431103EB810385
:1080500003EB83035B009BB2E2E740F2E241E4E71B
:108060000125AEE7F8B50D6804460F46D5F84C0279
:1080700095F82911FFF717F86FF45062B5F84632FA
:1080800082182071000A92B26071062A8BBF40F2FA
:10809000E2426422002601268CBFB3FBF2F3B3FB5D
:1080A000F2F36370B5F85032A3711B0AE371B5F8AF
:1080B000523223721B0A6372386890F89F303BB9C2
:1080C00005F5117305F51272D5F84C12FFF7EAFEAB
:1080D000B5F84432A3721B0AE372D5F8483246B1B0
:1080E00064220C20B3FBF2F3A370C3F30723E37005
:1080F000F8BD40F2E242F4E70B46842203F8022B7B
:10810000D0F80920C1F80220D0F80D205A6070473D
:108110000B46852203F8022BD0F80920C1F8022073
:10812000B0F80D209A80704738B503680546DC7BAF
:1081300034B1113C0F2C8CBF01240824204638BDDB
:108140001A7D002AFAD0D3F8A4302BB9FFF7FFFD2F
:108150002B681122DA73F1E70C220A21BDE83840BE
:10816000FFF71BBE08B50368DA7B162A04D040F27D
:1081700053211F20E8F772FB012283F851201822B7
:10818000DA7308BD0368DA7B122A05BF13220020C8
:108190000220DA737047036810B5DB7B04461C2BA2
:1081A00006D1FFF7E6FD236820220020DA7310BD18
:1081B0000220FCE708B50368DA7B112A04D040F2FC
:1081C0007E211F20E8F74AFB012283F8512012226A
:1081D000DA7308BD08B50368DA7B182A04D040F2C8
:1081E0008A211F20E8F73AFB1C22DA7308BD3E23E0
:1081F0000B700C234B7004238B70D0F80930C1F83E
:108200000330D0F80D30C1F80730B0F81130A1F8C4
:108210000B30C37C4B73704708B503689A7B1AB167
:10822000CF211C20E8F71AFB04229A7308BD08B579
:10823000036893F8A82032B9DA73A3F84E20BDE89A
:108240000840FFF796BD1A68D10703D4DD211C2032
:10825000E8F704FB22F001021A60F0E787230B70B5
:1082600030F8AC3C4B807047036893F8A8109A7BB9
:1082700059B9052A08BF00224FF0000002BF83F859
:108280003E2083F84A209A7370470F2AF2E738B5E8
:10829000046894F8A85045B9E37B4BB9FFF757FD44
:1082A00045B90223E373002038BD23685B07F5D589
:1082B0000120F9E7236843F004032360F3E7036830
:1082C00093F8A8201AB11A6822F004021A60FFF786
:1082D00050BD08B503689A7B1AB172214B20E8F7AC
:1082E000BDFA93F8A820002A14BF0F2205229A7322
:1082F00008BD10B5D0E90D42A24206D30B8D121B6A
:10830000C98E05334B43934202D3012380F83E309C
:1083100010BD0C230B7008234B7000238B70B0F83A
:108320005630A1F80330437A4B714389CB8083895F
:108330000B81704710B5046894F853309A070CD439
:10834000A37B1BB177214020E8F788FA0122A4F82B
:108350004630A27384F84A2010BD94F8A8303BB987
:10836000E37B0BB9FFF705FD002384F83E31F3E70B
:1083700023689B07F8D5FFF7FCFC236823F0020372
:108380002360F1E710F1800F06D0142904DC884245
:10839000ACBF00200120704700207047806800F5C6
:1083A000006040F30730704710B50B7901284C7915
:1083B0000A6843EA0421104608BF41F4803110BD29
:1083C00007B5FFF7F1FF0DF10702EEF775FA03B0FD
:1083D0005DF804FB90F838300BB90020704790F836
:1083E0003830012BF9D090F83800073818BF012039
:1083F000704790F83830012BDAB201D0FFF7EABFAE
:108400001046704770B50446FFF7F3FF08B394F8C1
:108410003830022B1BD094F83850EB1E5D425D4182
:1084200001290AD1072384F8383004F108063046C0
:1084300001F054FC304601F05DFC012384F8383033
:108440003DB104F14800BDE87040EEF797BA012550
:10845000E6E770BD10B50446FFF7CBFF30B1012150
:108460002046FFF7CFFF002384F83830002010BDEE
:10847000002307B501A80193F8F7C4FA019810F09A
:10848000030018BF012003B05DF804FB10B5FFF72F
:10849000EFFF002814BF14240024FAF721FE404205
:1084A00000F01400204410BD73B50C46B1F805105F
:1084B00005461A2921D9B4F80730B3F5A47F1CD397
:1084C000B4F801201A2A18D9B4F80340B4F5A47FEF
:1084D00013D30068009400F1A806E830FFF7D3FA40
:1084E0002C683046FFF7EEFA10B9012002B070BDDB
:1084F00004F25F10EDF7D2F9F7E70020F6E708B5D0
:1085000003689A7B1AB12621A320E8F7A7F9212254
:108510009A7308BD38B505680446AB7B213B022B36
:108520000BD8FFF7C1FF18B106212068EFF7CEF88E
:10853000002085F84A00A87338BD0120FCE70268D6
:108540001368D90610B5044603D4B821A320E8F770
:1085500085F9990601D5B921F8E723F010031360D6
:10856000FFF707FC20680621BDE81040EFF7AEB822
:1085700038B50546F2F766FE00F544434FF47A72CB
:10858000033D4933B3FBF2F4FFF780FF012D00F107
:10859000A4038CBF002028202344184438BD10B504
:1085A000044690F87900FFF7E3FF012201462046D8
:1085B000BDE81040FFF74FBB002313B51A464373C5
:1085C000A0F89032194600930446EEF767FA20B1FE
:1085D00040F2E7113020E8F741F90123C4F818020E
:1085E000C4F810026373A4F82E02A4F82C0284F8D5
:1085F0003102E388A4F89202013BE38002B010BD8F
:10860000F8B50D460023D0F81011044680F8143157
:10861000D0E9506781F8ED2180F85031D0F8100191
:10862000FEF7B7FDD4F81001C0E99E67C0F8945278
:10863000C0E9A267FFF7C0FFF2F7D2FBBDE8F84040
:10864000F9F742BED0F81001704738B5044690F8EB
:1086500050319BB1FF2380F85831012100F0D4FB49
:1086600094F8503153B104F1E805284601F036FB87
:10867000284601F03FFB002384F85031002038BD2C
:1086800008B590F8582142B990F8142142B1D0E9C8
:108690004631994202D9F0F77BF80022104608BD16
:1086A0000122FBE710B50446FFF7F0FE00F2591176
:1086B000226A236C9A4228BF1A461046FFF7D4FA62
:1086C000B0F5296F28BF4FF4296080B210BD012A90
:1086D00070B506460D4614460BD0022A0ED08AB954
:1086E000F2F776F9224601462846BDE87040FFF7CA
:1086F00087BFF2F76DF9C6F8940270BD0122D0F879
:108700009412F1E740F2C3713020E8F7A7F870B592
:10871000044621B1012978D040F2D37172E000F013
:1087200021FA94F8513105460E46DBB150EA0103B7
:1087300018D0D4E94832D4E95001C01A334661EB6D
:1087400002012A4601F08CFE05FB01F300FB063313
:10875000A5FB00021344D4E94821121843EB01039E
:10876000C4E94823E08C30B1EDF71CF9E38CB0FB91
:10877000F3F202FB1300D4E94832ED184FF0000386
:1087800046EB02062D1840F2024284F8303146F1E1
:10879000000684F85131A4F83821C4E94856C4E9E8
:1087A000505694F8583103F0FF01DBB96FF00043E5
:1087B000D4E952029A4208BFB0F1FF3F18D02046D8
:1087C000D4E9505600F0A8F9AE30D4E952325B1B20
:1087D00062EB06021B1A62F10002002A08DA204648
:1087E000EFF7D6FFF2F7FCFABDE87040F9F76CBD81
:1087F00004F5987104F1E800F9F77AFD0028F1D149
:108800004FF4E0613020E8F729F8002380F81431B4
:10881000E8E790F85001003818BF012070470B4678
:10882000812203F8032BB0F80920A1F80320C27AB3
:108830009A7070470B468C2203F8032BD0F809205E
:10884000C1F80320D0F80D205A6070478B88F7B527
:1088500013F0180506460C461FD1086820B940F2EF
:10886000EA312D20E7F7FAFF00F055FB217CEFF706
:1088700005F8677CA38801463A46304600932B46AC
:10888000EFF71AF8A430D4E90223824273F100030F
:108890002CBF0120002003B0F0BD0120FBE738B55C
:1088A00088220B460C4603F8032B00F109022930FD
:1088B00052F8041B824243F8041BF9D112780221BA
:1088C0001A700123A588A3712846E8F7FFFBA0B121
:1088D000E3784BB102212846E8F70EFC68B140F27C
:1088E00033212D20E7F7BAFFECF750F84B0404D5FD
:1088F0002846BDE83840FBF735BD38BD70B50446A5
:108900000D46173019461646FEF784FC84F82051B0
:1089100084F82151FF2384F82231E91E04F1E80094
:1089200001298CBF00210121FFF7B4F8314604F181
:10893000A800ECF737FD94F82A31002B14BF4D2323
:108940009623A4F8E230A4F8E0300023A4F8E43041
:1089500070BD70B50D46044691F829111646D5F83C
:10896000C800FEF7A0FBB5F8D030A4F8AC0004F1C5
:10897000A002A4F8AE30B5F8D230A4F8B03095F823
:108980002B3184F8B230237F73B394F86830012B15
:108990002AD194F86E3003F0C003402B24D1D4F8D0
:1089A0006930C4F8A030B4F86D309380082E236A83
:1089B00004F1A60193F8AC2003F1AD0084F89920EE
:1089C00004F19A02D3F8AD3019D0C4F8A6308388E8
:1089D00030468B8004F19901ECF70EFC40B940F66B
:1089E000E2312D20E7F73AFF0023C4F8A030DCE79E
:1089F00094F8993043F0020384F8993070BDC4F8BC
:108A00009A30838893800023C4F8A6308B80F5E7E2
:108A10000B468B2210B503F8032BD0F80920C1F8C0
:108A20000320427B1A71CB78A3B130F8B43C1B070A
:108A300010D4B1F8054002212046E8F747FB48B1C1
:108A400002212046E8F758FB20B140F276212D2084
:108A5000E7F704FF10BD0121EFF792BBFFF7FBBF63
:108A600008B590F894300BB1012008BD90F8CC30D7
:108A7000002BF9D190F8BE3003F0FF00002BF4D0AA
:108A8000EBF746FF80F00100C0B2EEE730B54FF4DF
:108A9000B07285B00D460021044601F051FDFF2360
:108AA00023701323638042F21073E384E8F742FCDF
:108AB00000220146E0646846E8F782FC00220121BA
:108AC000E06CFAF7F4FF0422E16C6846E8F778FC02
:108AD0000022E06C1146FAF7EAFF04F13000A574B9
:108AE00000F0C9F902A8ECF7A9FC20B94FF44971CC
:108AF0002D20E7F7B3FE02A904F13600FEF78AFB4A
:108B000005B030BDFF23C86C0B70FAF79DBF00782D
:108B1000FF3818BF01207047F7B5044630300E46C5
:108B200000F0F9F961880746CA0605D52822EFF753
:108B30006DFE6D3003B0F0BD8B07E06C0FD5FBF719
:108B40004FF8217905463846EEF798FE63880146CE
:108B50002846009333466279EEF7AEFEE9E7FBF76D
:108B60002FF8EEE7D0E9020170472DE9F04F0746F4
:108B70009DB00C46054610AE0DF120080FCF0FC674
:108B80000FCF0FC697E80F0086E80F0040466E79BA
:108B900000F071F9A37A277D039323787A1E04935A
:108BA000022A637803F07F0AD14600F28380D90657
:108BB00003D4A67D731E022B7CD8637E03F0FD03D5
:108BC000012B02D1032F08BF0427A37E03F0FD036E
:108BD000012B02D1032E08BF0426617A404600F023
:108BE00051F9237D227F4046022B02F101020CBF86
:108BF000617D0121D2B204BF0131C9B200F044F954
:108C00001AF0080F6CD1404600F085F9637883466E
:108C1000DA0654D4E8F7BCFB824639465846EEF7EC
:108C20002DFE0123014632465046CDF80090EEF766
:108C300043FE40F27122217900F28620E378B0FBF6
:108C4000F2F043EA01236179504343EA014353437D
:108C5000984239D84FF0000B94F818A00793A37CE2
:108C6000E86C05930AF1FF33D3F1000A4AEB030ADB
:108C7000FAF7A6FF0690E86CFAF7B2FF0699079B91
:108C8000814238BF014688B268B308A90C930693A5
:108C90000A910AA9ADF82C90CDF834B08DF838704F
:108CA0008DF83960FFF7D2FD069BE0B945201DB075
:108CB000BDE8F08F40F212310620E7F7CFFD282201
:108CC0004946EFF7A3FDB4E7E179A37943EA01232D
:108CD000217A43EA01435343834228BF0346B9E75D
:108CE00000239B46B8E7CDE9123B059B049A8DF81B
:108CF00053308DF8447010AF039B8DF845602E46BD
:108D00008DF850A08DF854308DF84020ADF8429089
:108D10000FCF0FC60FCF0FC697E80F0086E80F00E2
:108D200098E8030028630020A986E37A03F0FD0396
:108D3000003B18BF012385F86F30E3682B67238A57
:108D4000A5F8743095F84630E27D62F3071385F894
:108D50004630ACE74FF40043A0F8483043881D2B61
:108D600008BF00214174704790F912007047408895
:108D700000F0010070478078C0F3400070478078B1
:108D8000C0F3C000704710B54488C06CE30654BF00
:108D9000C4F340040024FAF70AFF84F001042043DE
:108DA000C0B210BD4079C31E012B05D8B1F81E31E9
:108DB000012B14BF03200420704710B50446ECF7C4
:108DC000F1FDC0F30B00A042F9D010BD10B5044670
:108DD000EFF718FC00212046EFF7D2F92046BDE856
:108DE0001040EEF7F1BE90F86830016281F8B330C0
:108DF000D0F86930C1F8B430B0F86D30A1F8B830AF
:108E000070477047EEF7BCBF80F8881070478278D3
:108E1000034612F0010002D0D978C90710D5900797
:108E200002D5D97889070AD512F0040008D0D8787D
:108E3000C0F3800080F001008000C0B270470220C3
:108E40007047C0F34002C0F3800300F001001344F8
:108E500018447047022808B507D0042807D0012815
:108E600007D039212E20E7F7F9FC262008BD27205E
:108E7000FCE72520FAE70023C0F802300123437005
:108E8000037070478170704710B5427014460170CE
:108E90008078FFF7D6FF484304FB00F2FE2A03DD8B
:108EA0005C212E20E7F7DAFC10BD0023C37043716C
:108EB0000371704710B50446FFF7A9FF6379627824
:108EC0000133DBB29A4263710CD1E3780022A178BE
:108ED00003436271DBB29942E37001BF2379E27010
:108EE00001332371BDE81040FFF7B4BF38B5044625
:108EF0008078FFF7A6FF0146E078FFF7A2FF23780E
:108F0000227965789B1A6B4359436379C91A00FB30
:108F10001510C0B238BD014608B58078FFF791FF43
:108F20004A780B7853435843C0B208BD40F2EE2054
:108F3000704740F25A335843704738B505460C46DF
:108F4000B0F8AA000D21E8F7C1F850B190F86232EC
:108F50003BB1C389EA889B1A9BB213B19C4228BFDC
:108F60001C46204638BD10B50446FEF7E8FE2046F4
:108F7000BDE8104000F014BA10B5044600F029FA1C
:108F800010B92046FEF7DBFE002010BD08B50368CF
:108F9000DA7B182A04D040F27E513120E7F75EFCDC
:108FA0001E22DA7308BD08B590F89E30FE2B04D05F
:108FB00040F66F113120E7F751FC002380F89E1036
:108FC00080F89F3012B9A0F84E2008BDA0F84630B6
:108FD000012380F84A30F8E708B50368DA7B352AC0
:108FE00005D10022DA73BDE80840FEF7C2BE182A98
:108FF00002D11E22DA7308BD40F293513120E7F707
:109000002DFC037D63B9C37BA3F11002032A07D9AA
:1090100090F8520028B1202B8CBF0020012070470F
:1090200001207047037D63B9837BA3F11002032AFB
:1090300007D990F8520028B1202B8CBF00200120C6
:10904000704701207047036810B59A7B93F8A01011
:10905000092A08D193F899208A4204D100229A73F0
:1090600083F84A2010BD1A6812F0080406D022F0D6
:109070000802BDE810401A60FEF77BBEFF2904D14C
:10908000372283F8CC429A73ECE74FF4AF6131207A
:10909000E7F7E4FB38B50E38136814460D469A7BA3
:1090A00009283ED8DFE800F0053D3D3D0F3D183D65
:1090B0003D27042A05D12046FEF741FE2046EDF764
:1090C00027FA002038BD0F2AFBD100222046114686
:1090D000BDE83840FFF7C8B8212AF2D12046FEF794
:1090E0002EFE002DEDD0226892F8623023F020038E
:1090F00082F86230E5E7DA7B272AE2D100252046B4
:10910000DD73FEF736FE236893F83831012B03D167
:1091100029462046EBF7ECFC2368002283F838212F
:10912000CFE740F262213120E7F798FB0246006862
:109130000B4690F8621041F0040180F862109978B3
:109140005878EFF77BBD38B50C460546D1E93001BC
:10915000E8F794F8637B3BB104F50E74204600F009
:10916000BDFD204600F0C6FD0F212846E7F7C4FFED
:1091700010212846E7F7C0FF12212846E7F7BCFF79
:1091800011212846E7F7B8FF13212846E7F7B4FF77
:1091900028461421BDE83840E7F7AEBF0022C2815F
:1091A000827490F84C3013B10221EEF78FBA03218C
:1091B000FBE738B504460846E37B162B09D0A3F13C
:1091C00018025342534194F8C82222B10C25284674
:1091D00038BD0123F7E7002BF8D094F8F83203F0FC
:1091E000FF05002BF2D190B194F8063223B940F676
:1091F0006C313120E7F732FB052304F1800204F5DE
:10920000FB7101F0E0F8012384F8C832DFE70223A4
:10921000FAE7ECF767BD10B50446FFF737F900F53C
:109220008A71226A236C9A4228BF1A461046FEF7BA
:109230001BFDB0F5296F28BF4FF4296080B210BD27
:1092400070B50D4604210646E7F740FF044648B9CD
:1092500006213046E7F73AFF20B115B190F8E53026
:1092600003B90446204670BD1FB501230A4603A971
:10927000009340F68813F7F7F5FB05B05DF804FBA3
:1092800008B5EBF783FB0346C2054CBF0320012062
:109290001B0548BF40F00C0008BD08B5002320FAAC
:1092A00003F2D20706D40133042BF8D14B21AC20B2
:1092B000E7F7D4FAD8B208BD73B50C46064618B91C
:1092C000A921AC20E7F7CAFA457B2846FFF7E5FF5E
:1092D0003E232370092363702123A370D6F809303D
:1092E000C4F80330D6F80D30C4F80730431CE371DE
:1092F00001238340002025EA030504237573003D04
:1093000063F3070018BF012565F30F2002B070BD9D
:1093100010B50446EBF73AFB032C11D8C1054CBF3E
:109320000323012302054FF0010000FA04F048BFB7
:1093300043F00C03C0B21840003818BF012010BD24
:1093400000200346F7E701467F20FFF78DBF014667
:109350006FF07F00FFF788BF2DE9F84304460E4603
:109360000025FFF78DFF07465FFA85F9023448466E
:10937000FFF7E9FF80464846FFF7E9FF811B27FA20
:1093800005F201354B424B41B04508BF43F00203A3
:10939000D20744BFE675A375042DE5D1BDE8F88377
:1093A00003680F2110B593F866200446B3F8AA00AD
:1093B00022F0060283F86620E7F788FE01230246C2
:1093C00021461A20F0F7FCFC2368002283F8542180
:1093D00010BD232938B50446154613D103689A7B7E
:1093E0002D2A0FD10F21B3F8AA00E7F76FFE012352
:1093F000024621462846F0F7E3FC2368002083F864
:10940000540138BD0220FCE7F8B5066896F86640BE
:10941000A70717D592F82E40A40715D596F85371D3
:1094200007F0FF0497B982F82F1082F830309DF8CA
:10943000183086F85331014623462046F0F7C0FC29
:109440002046F8BD1A24FBE70C24F9E73A24F7E795
:1094500010B50C460F21E7F739FE2146BDE8104054
:10946000FFF77ABF0138C0B2032808B504D940F22B
:10947000F221AC20E7F7F2F908BD2DE9F041D2F86E
:10948000008006460D460F21B8F8AA001746E7F7F8
:109490001DFE242E04461FD0252E40D0232E51D150
:1094A00090F83160B30607D50126C07BFFF7DAFFDD
:1094B0008640F6B284F831603046FFF7EEFE6E70FB
:1094C00004EB400094F83230AB7090F91900F0F7DB
:1094D000C7FDE870BDE8F08190F82F00FFF7DDFED2
:1094E00098F80E3006462D2B16D0A068EDF7A6F999
:1094F000804604EB46031A7E6A7094F83020AA7006
:1095000093F91900F0F7ACFD85F80480E8703B682A
:10951000002283F85321DDE74FF0FF08E9E790F8D8
:109520002F603046FFF7B9FE6E7004EB4000037EFB
:10953000AB7094F83030EB7090F91900F0F790FDB3
:109540002871E4E74FF4A371AC20E7F787F92DE920
:10955000F84F074693F900000E46154698464FEA25
:10956000420900283DD001EB09037F2893F901A0AF
:1095700006D050447F282FDC10F1800F2EDB40B244
:109580002946FFF771FE04462846FFF7DCFE231A42
:109590002846D3F1000B4BEB030BFFF7D8FE8442B8
:1095A000A4EB0A044FEA4B0BE3B208BF4BF0010BEC
:1095B00060B206F815B04E4488F8000072789C1826
:1095C00064B2747097F87800FFF74CFFA84208BFA8
:1095D00087F88040BDE8F88F7F20D1E76FF07F00EB
:1095E000CEE70346E7E72DE9F74345780E46837853
:1095F000D1F80080C4788DF80730FFF741FE28428B
:1096000045D06F1E2F4042D17E2C4FFA84F940D0B6
:109610003268937B3E3B042B03D83A2003B0BDE86D
:10962000F083D37B3E3B042BF7D90F21B8F8AA0077
:10963000E7F74CFD90F82E30044643F0020380F823
:109640002E302846FFF729FE024604EB400393F92B
:10965000211049451CBF83F8219083F8207033689E
:1096600093F853110129D8D8032183F853110DF130
:10967000070308F1A80004F1180184F82F50FFF740
:1096800066FF9DF80730002084F83030C6E72020C0
:10969000C4E71E20C2E770B505460E4640880F217C
:1096A000E7F714FD04463046FFF7DCFE04EB400408
:1096B000637E85F8803070BD2DE9F341056804466E
:1096C0000E460F21B5F8AA009046E7F7FFFC236885
:1096D000074693F85331D3B995F92851751B6BB2EE
:1096E0009D4204D040F20931AC20E7F7B7F831468B
:1096F000FFF732FEFFF7C4FD2B4601463A462046EF
:10970000CDF80080FFF780FE02B0BDE8F0813A207E
:10971000FAE72DE9F34104460D46B0F86C0001A9C3
:1097200090461F46FDF7D3FC20B140F21631AC2025
:10973000E7F794F8A806019E12D42846FFF7ADFD7E
:10974000D6F86230D9054CBF032101211A054FF02C
:10975000010348BF41F00C0103FA00F0014211D0AF
:1097600096F866309B070DD596F8543103F0FF004C
:1097700053B984F8315084F8328086F8547102B0BD
:10978000BDE8F0811A20FAE73A20F8E72DE9F04F1A
:10979000002689B04FF400730DF11009B246029013
:1097A000ADF8103019F8013B4FF00108CDE906AAD9
:1097B0008DF81E3006A8E7F7C3FC044630B1731CD1
:1097C0000126022BEED109B0BDE8F08F05A9BDF846
:1097D0001C00FDF77CFC20B14FF46171AC20E7F771
:1097E0003DF8059D0F21B5F8AA00E7F76FFC834609
:1097F00095F82001FFF736FE08FA00F50BEB400361
:10980000E9B293F919700391FFF73AFD20EA0502D6
:1098100003990BF11905D2B222FA04F0C30707D558
:1098200015F91400B84202BF08FA04F00843C1B2A7
:109830000134042CF0D1029B5A4605A8CDF80080D3
:10984000FFF7E2FDB6E708B503689A7B22B14FF453
:109850006471AC20E7F702F82D22B3F8AA000F21BB
:109860009A73E7F733FC90F82E3043F0010380F849
:109870002E3008BDF8B506460846346894F8A8703E
:109880002FB123685B0605D501252846F8BDE37B8B
:10989000002BF9D13146FFF7A6FE054650B117B1AE
:1098A000E37B002BF0D12A4630462321BDE8F84067
:1098B000FEF773BA2FB92D23E3733046FEF747FA4C
:1098C000E3E7236843F040032360F6E770B50468DC
:1098D000054694F8A8308BB9E373A4F84E30FEF730
:1098E00048FA0F21B4F8AA00E7F7F0FB002302467C
:1098F00029461846BDE87040F0F762BA23685A0658
:1099000004D440F2E231AC20E6F7A8FF23F0400394
:109910002360E4E7FEF713BA1D2310B50446037075
:10992000EBF764F86070022010BD1E2310B50446EA
:109930000370EBF75BF86070022010BD01234380D9
:10994000038000238380C3804FF448630381704702
:109950001021E7F7BBBB73B501A90546FDF7B7FBBF
:10996000044618B121215420E6F778FF2846019ECD
:10997000FFF7EEFF30B10123A6F8DE308481448189
:109980000482C48102B070BD3C2303804FF4FA43CB
:1099900043800123C38083800023038143814FF4EC
:1099A00048638381704708B5F0F7EEFFF0F77AFC63
:1099B000F0F7A8FBBDE80840F1F73EBD10B5C8249C
:1099C000F0F734FC022808D1013C14F0FF04F7D171
:1099D0000620EBF733FF204610BD431E5842584186
:1099E000FAE710B5F0F7FCFF044600F008FA20187B
:1099F00041F1000110BD38B504461546F0F7A2FD4F
:109A000001462A462046BDE83840F1F7F1B87047D4
:109A100019B943780BB1C3788370704710B5044609
:109A20000846F1F70FFC4FF47A73B0FBF3F0201AFD
:109A300010BD38B5044608461546F1F703FC4FF44F
:109A40007A7300F2E730033DB0FBF3F0012DA4EB95
:109A500000048CBF02200A20201A38BD0120704764
:109A6000831C212B04DD4C2B04DC2038C0B2704752
:109A7000002070472A2070477F2808B5034604D08D
:109A8000F2F74EF8C0F11003DBB258B208BD01384E
:109A900008B507280BD8DFE800F00F1106040A0FFD
:109AA0000F08032008BD0220FCE70420FAE740F27B
:109AB00089410620E6F7D2FE0020F3E70120F1E716
:109AC00008B503280FD8DFE800F00212070B0029C1
:109AD00014BF0320052008BD90000530C0B2FAE78E
:109AE00090000B30FAE75C218720E6F7B7FE0620EE
:109AF000F1E72DE9F04104460F461646F6F7BCFCA7
:109B000094F86232062B08D094F86232052B04D008
:109B100040F275218820E6F7A1FEFE22002304F121
:109B2000DA08A4F85C221D46D4F8D420A4F86032E8
:109B300084F8B03084F8A0326374927A84F8B22248
:109B4000AF4212D194F82F3184F87B3184F8C531BB
:109B5000002384F8663294F86222052A0AD14EB9AD
:109B6000022384F86232BDE8F08140460135F4F703
:109B700087FBE5E784F86232D4F8D420B4F86412A5
:109B8000B2F847300B44A2F84730ECE70023F7B5B2
:109B90000646A0F2A624CDE900330D238DF8063049
:109BA0006846E7F7CDFA054608B103B0F0BD009B63
:109BB000A342F5D116F8403C002B14BF0127002723
:109BC0000DD00D212046E7F7DBFA06460E21E7F718
:109BD0007DFA2A4690F845113046FAF7D8FCB4F8D9
:109BE00064123A46B4F8B0322046C91A89B201313B
:109BF000FFF77FFFD9E700F038B8801A00F30700BD
:109C000038B50D46144659B240B2F6F7B1FF0023FD
:109C1000287020446B7040B238BD00230360704749
:109C20007047002070474FF0FF3070474FF0FF3013
:109C3000704770474FF0FF3070470020704700209A
:109C400070470023037070479DF800300022FFF733
:109C5000D4BF4FF0FF307047002070474FF0FF3007
:109C600070474FF0FF307047704770470020F6F79D
:109C7000C3BF0020F7F79AB80020F7F7ABB8002071
:109C8000F6F7BABF7047F7F7F1B8F7F703B9F7F788
:109C9000F3B8F8F799BDF8F731BAF8F747BAF8F71B
:109CA000BDBD00F051B9F8F7AFBDF8F79FBD10B5D5
:109CB000837F8BB9034601F1180251F8044B91429E
:109CC00043F8044BF9D1012484772146F7F724FCAB
:109CD000F8F706FA204610BD0020FCE710B5044650
:109CE0000221F7F719FCF8F7FBF9A07FB0FA80F032
:109CF000400910BD38B50446A37F03B938BDA37F22
:109D0000032B02D0A37F042B0ED1EFF3108572B684
:109D10002046F7F71FFE05B962B6A37F002BEDD0F2
:109D2000FF210320F8F742FFA37F012B02D14FF45C
:109D30008271F6E700F051FBDEE7F8B50746F8F769
:109D40003DFA044620B940F229110320F8F72EFF0E
:109D5000F8F73AFAA46800252418384641F10006BD
:109D600022463346F7F77EFEA04271EB060309D385
:109D7000001B6FF0010361EB0601834275EB0101EB
:109D800002D3F8BD2846FCE74FF0FF30F9E72DE994
:109D9000F04104460F46F8F711FA064620B94FF491
:109DA000A3710320F8F702FF8568002362195B4165
:109DB00013B10020BDE8F081F8F706FA2A183846FA
:109DC00041F1000314EB020843F10005F7F74AFEE6
:109DD0004045A941EDD3F8F7F7FC00F074F8B368FB
:109DE000012037752344B360E4E7837F012B01D161
:109DF000F7F714BF00207047D0E900017047F8F76B
:109E0000E3B98068704708B5F8F7D8F920B940F28F
:109E10009B110320F8F7CAFE007D08BDF8B5036961
:109E2000044623B14FF4D1710320F8F7BFFEF8F7D1
:109E3000CBFC05460E46F7F7C5FA70B36435D4E996
:109E4000003246F10001AB4272EB010001D22B4619
:109E50000A46C4E90032EFF3108572B6F8F7AEF99E
:109E6000064698B1F8F7B0F9B3680B332CBF01225E
:109E700000221B18D4E9006042EB0101B34271EBF0
:109E800000023CBF33460146C4E9003105B962B661
:109E90002046BDE8F840F7F75BBEF7F7B3FA074690
:109EA000F8F7A0F9B84238BF3846963546F10002B7
:109EB0004319D4E9000142F10002834272EB01052B
:109EC000C7D20346C4E7F7F741BC032910B50446DF
:109ED00006D801290ED840F25D11B020F8F766FED1
:109EE0000429F8D1F7F72EFB20B12046F7F7D2FE70
:109EF000022010BD0020FCE7C0E90812202200214A
:109F000000F01EBB10B5037886B0044623B14FF4B1
:109F1000AB714520F8F74AFE0593CDE90333D0E94C
:109F20000423CDE9002343680293037A68468DF841
:109F30001430FFF773FF0120DDE90023C4E9042397
:109F400006B010BDF8F7DABA10B5029C241841F13A
:109F50000001A01A61EB0301B0F1004F71F10001A3
:109F600003DBAA210420F8F721FE10BD08B5002369
:109F70000B8581F82A300B6A0921984728B10378AC
:109F80001BB1E9216A20F8F711FE08BD436A1944A4
:109F90004162A1F19600FFF77EBEF8B5044620B9F4
:109FA00040F2AD116A20F8F701FE90F858500529EB
:109FB00000F2C780DFE801F0038043656F7990F815
:109FC0002A30033B012B02D94FF4DC71EAE7052369
:109FD00080F82A30002380F859300378EBB12378D9
:109FE000012B24D1F8F718FA636894F828606362AB
:109FF000C4E90601F6B9FFF756FE31462046FFF7E1
:10A00000C5FF236A31462846984701462046F8F79F
:10A01000B9FC022840F09880F8BDFFF73AFE0746E9
:10A020000E46F8F7F9F987428E41F6D3D7E7D4E91F
:10A030000401D9E72046BDE8F840F8F76FBC90F876
:10A040002A30DA1E012A02D940F2ED11AAE790F86F
:10A0500028202AB121462846BDE8F840FFF786BFF0
:10A06000042B036A18BF012180F82A100521284615
:10A0700098470028D0D00378002BCDD04FF4007142
:10A0800090E790F82A30052B02D040F2062189E7AC
:10A09000036A0221B7E790F82A30052B02D04FF46B
:10A0A00003717FE7036A0121ADE790F82A30052BA1
:10A0B000C0D040F2122175E790F82A30052B07D066
:10A0C00090F829200AB1032B02D040F2172169E74A
:10A0D00094F82820002ABDD194F8593083B1022386
:10A0E0000821284684F8592084F82A30236A9847A2
:10A0F000002891D00378002B8ED040F2232151E725
:10A1000094F8292062B1214604F1300084F8293006
:10A11000F8F7EEF800287FF47FAF4FF40A7141E7BB
:10A1200002230721284684F82A30236A984700280A
:10A130003FF472AF0378002B3FF46EAF40F22F2153
:10A1400030E74FF40D712DE70128236A0CBF04217D
:10A15000032158E770B50024F8F7CEFC05462646E3
:10A16000E0B2854200D870BDF8F7CCFC013406851A
:10A1700080F82A60F4E7F8B504460D460027F8F7A2
:10A18000BBFC0646F8B2864204D8082D0CD96FF005
:10A19000150008E0F8F7B6FC90F82A300137002BDC
:10A1A000F0D04FF0FF30F8BD2CB129462046BDE875
:10A1B000F840F8F7B3BC21462046F8E710B504464E
:10A1C000F8F7A0FC014688B190F828308BB990F8D8
:10A1D0002A3073B1013B012B04D82046FFF7C6FE9D
:10A1E000002010BD012380F82830F9E76FF001004E
:10A1F000F7E76FF02200F4E770B50D46F8F782FC40
:10A20000044600284CD090F82A60731E012B4DD8CC
:10A21000002D48D02846F8F755FB002843D02B786E
:10A220000BBB012323702B796A79003B18BF0123F4
:10A23000002A14BF0422022243F004032272AA68F7
:10A24000A5326260EA68637203232261214604F149
:10A25000300084F82A30F8F74BF850BB40F2C121A7
:10A260006A20F8F7A3FC022E20D1002323702B795B
:10A270006A79003B18BF0123002A18BF042643F067
:10A2800004032672EA686372A532A9686260D4E9A1
:10A2900006325B1842EBE172C4E904320423D5E7CD
:10A2A0006FF0010070BD6FF01500FBE76FF022004A
:10A2B000F8E70020F6E7F8B5037904461BB11B2147
:10A2C0009D20F8F773FC4679017126B9012343718B
:10A2D000217909B96171F8BD276820462671B84710
:10A2E00002280546F4D103212046B84708B12F21A2
:10A2F000E6E723682946204698470028E8D0302121
:10A30000DEE70346006800B970478842F9D1026869
:10A310001A60704701F11003013813F8012D8B42C8
:10A3200000F8012FF9D170472DE9F04713F0010F24
:10A330008EB004460D4617469A46DDE9168924D0AC
:10A3400006A8FFF7E7FFA30735D002AA04F110051E
:10A350002068083454F8041C1346AC4203C31A4660
:10A36000F6D106AD02AC1AF0020F4346CDF80090CC
:10A3700023D0294620460AAAF8F7C2FC0AA9384683
:10A38000FFF7C8FF0EB0BDE8F08713F0040F0DD142
:10A3900006AB0E4601F1100C1D463068083656F823
:10A3A000041C1A46664503C21346F6D1214602A88C
:10A3B000FFF7B0FFD6E706ADD5E73A462946204677
:10A3C000F8F79EFCDEE713B50024CDE90044FFF763
:10A3D000ABFF02B010BDF8F797BD20BF704720BF9C
:10A3E00070479142F8B503D373219620F8F7DEFB4E
:10A3F000B2FA82F33BB1C3F1200499409A4020FAAB
:10A4000004F4984021434FEA124C93B2040C87B2F3
:10A41000B1FBFCF50CFB151E05FB03F64FEA0E4ED7
:10A420000EEB1040864205D9361A964294BF01269B
:10A430000226AD1B04EB0141280405FB1211B1FB00
:10A44000FCF40CFB1411634307EB0147BB4205D935
:10A45000DB1B934294BF01230223E41A2043F8BD7F
:10A460002DE9F0411D4607460C46164652EA050303
:10A4700003D1A6219620F8F799FB85B9914204D221
:10A48000FFF7AFFF2946BDE8F08108462946FFF7F0
:10A49000A8FF05463246384606FB1541F0E7B5FAF7
:10A4A00085F80123400803FA08F3C8F11F0840EAC1
:10A4B000C470A3FB0212610803FB0522FFF791FFA2
:10A4C00030FA08F04FF0000102D0013861EB0101D1
:10A4D00000FB05F3A0FB062C06FB0133BF1A634407
:10A4E00064EB0304B742AC41CDD3013041F100012C
:10A4F000C9E762B1013910B5841810F8012B11F8C1
:10A50000013FA04201D09A42F7D0D01A10BD1046A8
:10A510007047431A934200EB020310B508D3013988
:10A5200002469A420BD011F8014F02F8014BF8E7AE
:10A530000A4412F8014D8A4203F8014DF9D110BDC9
:10A54000F0B5C9B20446A30726460ED14FF0013537
:10A5500022F003034D43E718BC420CD1334402F010
:10A5600003021A44934209D1F0BD002AFCD0013AFB
:10A5700004F8011BE7E744F8045BEDE703F8011B6F
:10A58000F0E700280CBF6FF0150000207047002096
:10A590007047072303700020704700207047002099
:10A5A000704710F8012B11F8013B012A28BF9A428D
:10A5B000F7D0D01A7047034611F8012B03F8012B8E
:10A5C000002AF9D17047034613F8012B002AFBD16A
:10A5D000181A013870472DE9F0478C468E46089EC0
:10A5E000154604461946002B40F0D080724547D9E5
:10A5F000B2FA82F74FB1C7F120030EFA07FCBD4053
:10A60000BC4020FA03F343EA0C0C4FEA154EA8B203
:10A61000230CBCFBFEF80EFB18CC08FB00F943EA48
:10A620000C43994528D9EB1808F1FF3204D299451B
:10A6300002D9A8F102022B44A3EB0903A4B2B3FB95
:10A64000FEFC0EFB1C330CFB00F044EA0344A0426A
:10A6500014D92C190CF1FF3304D2A04202D9ACF169
:10A6600002032C44241A43EA02401EB1FC4000239A
:10A6700034607360BDE8F0874246DDE76346F1E78A
:10A68000002A79D0B2FA82F3002B3FD01946C1F1EB
:10A69000200302FA01F500FA01F42EFA03F20EFA91
:10A6A00001FE20FA03F3AFB243EA0E034FEA154E60
:10A6B000B2FBFEFC0EFB1C201A0C0CFB07F842EA56
:10A6C000004290455AD9AA180CF1FF3004D29045A7
:10A6D00002D9ACF102002A44A2EB08029BB2B2FB01
:10A6E000FEFC0EFB1C220CFB07F743EA02439F42D1
:10A6F00046D9EB180CF1FF3204D29F4202D9ACF1DB
:10A7000002022B44DB1B42EA004202E0AEEB0203F2
:10A7100001224FEA154EAFB2200CB3FBFEFC0EFB3C
:10A720001C330CFB07F840EA034398452AD9EB1881
:10A730000CF1FF3004D2984502D9ACF102002B4451
:10A74000A3EB0803A4B2B3FBFEFC0EFB1C330CFB13
:10A7500007F744EA0344A74216D92C190CF1FF333A
:10A7600004D2A74202D9ACF102032C44E41B43EA11
:10A7700000400F46114678E71F2188E76046ABE7A7
:10A780006246BFE76046DBE76346EFE7734506D9FD
:10A7900016B9002108466DE7C6E9000EF9E7B3FADD
:10A7A00083F787B9734501D3824207D8841A6EEBC9
:10A7B000030301209C461EB900215BE73846FAE7F7
:10A7C000C6E9004CF8E7C7F1200CBB4000FA07F4DB
:10A7D00022FA0CF520FA0CF1BA401D432EFA0CF3C4
:10A7E0000EFA07FE4FEA154941EA0E011FFA85FEEF
:10A7F000B3FBF9F809FB18300B0C08FB0EFA43EA1F
:10A8000000439A4540D9EB1808F1FF3004D29A452D
:10A8100002D9A8F102002B44A3EB0A0389B2B3FBCF
:10A82000F9F809FB183308FB0EFE41EA03418E4597
:10A830002CD9691808F1FF3304D28E4502D9A8F14A
:10A840000203294443EA0040A1EB0E01A0FB029859
:10A850004145CE46434602D306D14C4504D2013889
:10A86000B9EB020E68EB0503002EA5D0B4EB0E0287
:10A8700061EB030101FA0CFC22FA07F3F9404CEA00
:10A880000303C6E9003197E74046C5E74346D9E7E9
:10A89000000000002020020240402222606061612E
:10A8A00024246262636335356464656537376666A0
:10A8B00067673939686869696969791C1C1C1C20DB
:10A8C0002022222424262628282A2A2C2C2E2E3008
:10A8D0003032323434363638383A3A3C3C3E3E40F8
:10A8E00040424242424600000022F0B5114640F686
:10A8F000034087B005F0F6FB0446002858D105F068
:10A9000047F8214641F2030005AA05F0EBFB044697
:10A9100000284DD1059A854DD16805F17803D1F80D
:10A920000100D1F8051003C3104604F05FF821467A
:10A9300041F2010005AA05F0D5FB0446002837D1F5
:10A940000598C3685A7885F870205A88A5F872204F
:10A950001A7985F87120B3F80720A5F87420B3F8A8
:10A960000530A5F8763004F041F8214641F20200A6
:10A9700005AA05F0B7FB0446D0B9059F05F180068E
:10A98000FA68531C4132344618685968083303C4C6
:10A9900093422646F7D1384604F028F895F87C30E3
:10A9A000580608D44521624818F017FD6FF01204CC
:10A9B000204607B0F0BD002142F2030005AA05F0D1
:10A9C00091FB04460028F3D1059A5A4BD168D1F87F
:10A9D0000100D1F8051003C3104604F007F8214622
:10A9E00042F2020005AA05F07DFB04460028DFD1F3
:10A9F000059EF468B4F801309AB282B1E27872B17F
:10AA0000A5F8FC30E278032A04D0032357214A48F2
:10AA100018F0E3FCE278494811461BF00DFA304685
:10AA200003F0E4FF1F2395F87C60A5F8103116F0C1
:10AA3000200618D14FF0FF304FF0FF3105F09EF99E
:10AA4000044600286FD002210C3004F095F8012351
:10AA5000214603704670324640F66D4005F042FBD9
:10AA600004460028A4D195F89C30190712D500217E
:10AA700042F21C0005AA05F035FB0446002897D1D8
:10AA80000598C368D3F80120D3F80530C5E9382309
:10AA900003F0ACFF95F8D8309A0623D50DF11201DA
:10AAA00004A805F0A5FB0446002881D14FF0FF3033
:10AAB0004FF0FF3105F062F90646A0B304210C30D7
:10AAC00004F05AF8BDF8103022460380BDF8123069
:10AAD0003146438042F2240005F004FB044600287E
:10AAE0007FF466AF95F8D8305B0610D5002142F2AE
:10AAF0002A0005AA05F0F6FA044600287FF458AFAC
:10AB00000598C3685B7885F8123103F06FFF95F8FC
:10AB1000DD305F0626D54FF0FF304FF0FF3105F0F6
:10AB20002DF9044660B96FF0680441E7081200206F
:10AB300060C90300E012002089C903000813002047
:10AB400002210C3004F018F82F2303700123214652
:10AB50004370002242F2740005F0C4FA0446002853
:10AB60007FF426AF4FF0FF304FF0FF3105F006F9CC
:10AB700004460028D7D008210C3003F0FDFF95F8DB
:10AB8000D81040F2022311F0400F08BF03238E07B4
:10AB90004CBF43F02C0343F00C030246880695F8A3
:10ABA000D90048BF43F0400310F0090F18BF43F429
:10ABB0000063C90754BF184643F0100095F8DD3014
:10ABC00001215F0608D595F8B1305E0754BF40F605
:10ABD00001018B4941F4FE2118F0ECFF21460022CF
:10ABE00042F2010005F07EFA044600287FF4E0AE50
:10ABF00095F87C30B5F8FC10980660D4C9B941F2DC
:10AC0000050005AA05F06EFA044600287FF4D0AED0
:10AC1000B5F8FC30059C4BB9E368B3F80120A5F802
:10AC2000FC209A88774811461BF006F9204603F06D
:10AC3000DDFE4FF0FF304FF0FF3105F09FF8044686
:10AC400000283FF470AF08210C3003F095FF95F811
:10AC5000D8300246D9073BD44FF000516A4818F06B
:10AC6000A9FF2146002240F6014005F03BFA0446C8
:10AC700000287FF49DAE014605AA4FF6014005F07D
:10AC800031FA48B35721614818F0A7FBEB79002B44
:10AC900040F0818019F026F9044600287FF488AE40
:10ACA00008F0E0F8044600287FF482AEEB79002B30
:10ACB00040F098804921564818F08FFB78E600292B
:10ACC000B7D14521534818F088FB6FF004046FE6B4
:10ACD00049A1D1E90001C2E7059E4921F4684E4827
:10ACE000B4F80130042B96BF4C4A4D4A52F8232049
:10ACF00018F073FBB4F80120B4F80330022A2AD10B
:10AD0000052B28D8474A52F823204921464818F0F5
:10AD100064FBD4F8091063790291B4F80710032B8F
:10AD2000019198BF414AA17994BF52F823203C4A2F
:10AD30003F480091492118F050FB304603F056FE81
:10AD400000214FF6024005AA05F0CCF9044620B1D7
:10AD50005721384898E7324AD7E70598C368B3F8CF
:10AD60000130A5F8C13003F041FE95F8C1305A0713
:10AD70008CD521464FF6034005AA05F0B3F910B172
:10AD800057212D4880E70598C3685B7885F8C03067
:10AD900003F02CFE7AE72E78002E7FF47BAF95F837
:10ADA000C1309B0625D54FF0FF304FF0FF3104F046
:10ADB000E5FF044600283FF4B6AE06210C3003F050
:10ADC000DBFED5F80130214603601C4B32469B88E0
:10ADD00083804FF6064005F085F9044600283FF4CD
:10ADE00059AFE5E50821164818F0BCFE05F0A8F8B3
:10ADF000DEE56FF08504DBE590880002008000202E
:10AE0000010880000813002010880002FCC903001C
:10AE1000EECA0300D4C9030025CA0300EC90030066
:10AE2000BDC70300D490030043CA0300C4900300CD
:10AE300060CA030092CA0300C0CA030009120020BE
:10AE4000DC1200200000000008B5094BD3E8AF3F3A
:10AE500043B1F6F7BDFA04A1D1E90001BDE808400D
:10AE60000FF008BA08BD00BF389C1C0000000000AD
:10AE7000506A00200000000013B500246FF00903A1
:10AE80004FF4806212491348009412F02DF81249D1
:10AE900010481BF048F81149114811F055FE2246A0
:10AEA00004211C2003F038F801220E4BD3E8EF1FD9
:10AEB000C3E8E02F0028F9D103A1D1E900010FF088
:10AEC000D9F9204602B010BD389C1C0000000000DB
:10AED000C08E0020B8540020D8F003003DA202002C
:10AEE000B86A0020506A002070B4174E0C46B04279
:10AEF000154608D00136B0420FD0023EB04210D005
:10AF000070BC16F067BA0AA3D3E90023C5E9002391
:10AF10000E4B0020236070BC704707A3D3E90023C9
:10AF2000F4E707A3D3E90023F0E700BFAFF3008005
:10AF300002C0FF7F0000000003C0FF7F0000000090
:10AF400001C0FF7F0000000002C0FF7F03004E80B1
:10AF500004460A4608B54921064818F03EFA20463C
:10AF600006F044FF0020044B18601AF06BFC01202F
:10AF700000F0B0FB88AB03000058002000B510467D
:10AF800089B00A4619BB4378012B19D1438A49215C
:10AF90000793038A0693C38905938389049343899E
:10AFA0000393037A02934368019390F9033000936B
:10AFB00083780278094818F010FA09B05DF804FBAC
:10AFC0004921074809B05DF804EB18F006BA57218B
:10AFD000044809B05DF804EB18F0FFB9AAAB030010
:10AFE000C3AC0300E0AC03000A4619B94921034889
:10AFF00018F0F3B95721024818F0EFB916AD030065
:10B0000030AD03000A4619B94921034818F0E5B9E3
:10B010005721024818F0E1B964AD03008BAD03007D
:10B02000F0B593B007460E4619F035F8037804469C
:10B0300007AD032B2DD8DFE803F00226282A1D498F
:10B040002846FFF7B8FAA379059562781E21049285
:10B05000A2780AA80392E278029222790192627998
:10B06000154C0092154A17F00BFA15483346492142
:10B070000AAA18F0B2F938468EB106F0B7FE0023DE
:10B08000236013B0F0BD0F49DAE70F49D8E70F4945
:10B09000D6E70A2128460E4A17F0F2F9D3E706F060
:10B0A00081FE20600B4811F04FFA30461AF0C7FBC2
:10B0B000E7E700BFC3AD030000580020E5AD030083
:10B0C00008AE030069B10300CAAD0300D4AD0300AC
:10B0D000DEAD0300E0180020F0B51446ADB00A461E
:10B0E000002940F08880474D1FAE0FCD0FC62B467C
:10B0F00053F8042B05F11007326012AE93E80700F5
:10B1000086E807000FCF24AE0FC697E80F0086E849
:10B110000F001BAE05F130030FCB86E80F0015AB17
:10B1200005F1400207CA4C3583E8070095E807009F
:10B1300018AB83E8070062782CAE531E022BA3796C
:10B1400088BF0422022B28BF02231846E379072B6D
:10B1500028BF07231D46237A591E02292CA901EB7B
:10B160008201628A88BF00231192626906EB830321
:10B170001092A2690F92627C0E92227C0D92E27B69
:10B180000C92A27B0B92227B0A92E27A022A28BFBF
:10B19000022206EB820252F8502C0992A27A022A6D
:10B1A00028BF022206EB820252F85C2C0892627AD7
:10B1B000079253F8443C069306EB850353F8203C72
:10B1C000059306EB800353F8683C0F4804936379BA
:10B1D000039323790293E3780193A378009351F8C2
:10B1E000343C2278492118F0F8F808482DB0BDE821
:10B1F000F04011F0A9B9572105482DB0BDE8F04045
:10B2000018F0EBB8C08703002AAE0300D018002066
:10B21000C9AF0300F0B5492191B0294818F0DDF815
:10B220000EF012F8002005F02BF9064638B1452142
:10B230000246244818F0D1F8002011B0F0BD224D8C
:10B2400004AC18F047F90FCD0FC42B68032223601C
:10B250001E493346009604A805F052FF024660BB23
:10B260001B4F1C4E4FF0FF324FF0FF331A4811F0C6
:10B27000CFF9306803A903971AF0C4F8024618B151
:10B280004521164818F0A9F8154D4FF0FF324FF040
:10B29000FF33144809AC11F0BBF90FCD0FC495E88A
:10B2A000070084E80700306809A91AF0D5F80246BB
:10B2B0000028D7D045210C48BCE745210B48B9E709
:10B2C000FDAF03002DB0030028880300D88D0300D4
:10B2D0000001FE1400580020E01800207BB003009D
:10B2E0003C880300D0180020B1B0030051B0030027
:10B2F0002DE9F84300EBC103DF880446B94202F1AF
:10B3000004080BD1012303FA02F2C36823EA020303
:10B31000C360002340F82830BDE8F883B3F80490F8
:10B32000FD004FEAC9060636835B04358B4202D125
:10B33000425B9A420BD04521084818F04EF8002392
:10B3400083F31188BFF36F8F0423184602DF44F89C
:10B350002870A75324F80590DEE700BFEFB1030083
:10B360002DE9F84F044617F06CFBB0FA80F0C0F1FD
:10B370001F0004EB8006D6F81090CD0005F1040AFA
:10B380000B4606358FB2B9F1000F0AD10121E268F0
:10B3900081400A43E260336124F80A706753BDE8D4
:10B3A000F88F4FEAC906043634F806B04FEACB08E6
:10B3B00008F1060834F8083099450BD045210948B2
:10B3C00018F00BF8002383F31188BFF36F8F042369
:10B3D000184602DF24F80AB024F8059024F8087013
:10B3E000A753DCE7EFB1030010B500EBC1035B88A6
:10B3F0000446DB070A460ED417F028FB34F8303039
:10B40000C01A814207D134F831102046511A17F082
:10B410001DFB82420BD04521054817F0DEFF0023BB
:10B4200083F31188BFF36F8F0423184602DF10BD2A
:10B4300018B203002DE9F8430F4600297AD00468BA
:10B440000E1F361BF50826F0070604EB0608B8F8B1
:10B45000023013F001090BD10A463748452117F095
:10B46000BCFF89F31188BFF36F8F0423184602DFF6
:10B470002946204617F0EAFA34F83030C01AA842BC
:10B480000CD03A4645212D4817F0A7FF002383F33F
:10B490001188BFF36F8F0423184602DFA15B20469B
:10B4A000691A17F0D3FAA8420CD03A46452124482D
:10B4B00017F093FF002383F31188BFF36F8F0423EA
:10B4C000184602DFB8F80230294623F00103A8F835
:10B4D0000230204617F0BAFA04EBC0035B88074637
:10B4E000DA070CD401462046FFF77EFF3946204696
:10B4F00017F0B1FA3A462946204617F0F8FAA65B4B
:10B50000AE1B04EBC6035B88DB070DD43146204637
:10B51000FFF76AFF3146204617F09DFA2A4631466A
:10B52000204617F0E4FA354629462046BDE8F843A0
:10B53000FFF716BFBDE8F883C5B203006BB2030086
:10B5400099B20300B2F5802F2DE9F8430AD33649AA
:10B550004FF43772354817F043FB4FF437713248D8
:10B5600017F035FB042A08D82F4940F2E3222F4870
:10B5700017F036FB40F2E321F1E7043ACD1D114408
:10B5800025F0070521F00706A6EB0508B8F1170F0F
:10B590004FEAD80708D824494FF43B72234817F0E4
:10B5A0001FFB4FF43B71DAE7B7FA87F44FF000095D
:10B5B000C4F12002C4F12404A4000734E408631C8D
:10B5C000BB420560AF60C5F80C9008D9164940F23F
:10B5D0000232164817F004FB40F20231BFE7494639
:10B5E000920005F110001CF076F9A2B2530043F06E
:10B5F00001036B803B1B9BB205EBC4015800A5F80F
:10B600000090488025F83420A6F8029025F80830EC
:10B6100005EBC7035A88214642F001025A802846AA
:10B62000BDE8F843FFF79CBEEFB2030012B303007E
:10B63000014B1B68184700BF20140020014B186005
:10B64000704700BF2014002030B5044685B00D4679
:10B650001022002168461CF03EF902238DF80230CA
:10B66000044B2A4621466846019316F099FF05B01F
:10B6700030BD00BF31B6010080B505460E46174605
:10B68000984612F0C3FD034602F04AFDDFF83490FD
:10B69000044649F80030424639463046A8470A4B2E
:10B6A0001B7853B909490A4840F2463217F098FA14
:10B6B00040F24631054817F08AFA54F8090002F0C2
:10B6C000C7FC00BF08000000B975002043B30300A9
:10B6D00012B30300044608B5EFF31183402383F34C
:10B6E0001288BFF36F8FEFF3108372B60DF05EFC1C
:10B6F000204603F019FB034817F05CFA18F09FF896
:10B70000FCE700BF6EB303002DE9F84F838B0446BE
:10B710001807904613D501290CBF43F0100343F0DE
:10B720002003A38304F1140013F000F8002800F0B4
:10B730009A8088F31188BFF36F8FBDE8F88F0229D4
:10B7400003F0070A40F04B81204617F0C7FA05289E
:10B7500000F2F08001A353F820F000BF25B70100EC
:10B76000DFB9010035B90100EBB701007BB801007A
:10B77000D7B8010002F00702531F012B1AD800238B
:10B78000062A256889B2C4E9003309D12B4603E0B3
:10B79000E28B0132E2831B68002BF9D141F00201F8
:10B7A0002046A18317F09AFA002800F0268141F084
:10B7B000200121E1042A0DD189B22046A18317F08E
:10B7C0008DFA0546002800F0188141F0200100257F
:10B7D000A18312E1944940F21B12944817F000FA39
:10B7E00040F21B11904817F0F2F9BAF1000F08D09F
:10B7F0008D494FF4AB728D4817F0F2F94FF4AB71ED
:10B80000F0E7236843B9884940F25712874817F098
:10B81000E7F940F25711E5E723691F6847B9824904
:10B820004FF4AD72814817F0DBF94FF4AD71D9E7F1
:10B83000564655464FF00609A18B21F0070141F00D
:10B84000060189B2A183A368002B00F0DD804FF0D0
:10B85000010B41F0080104F1140A5046A18312F0D3
:10B8600065FF00286FD172494FF499726F4817F045
:10B87000B7F94FF499716E48B5E7BAF1020F08D0E5
:10B88000694940F25D12694817F0AAF940F25D116A
:10B89000A8E7E68B46B164494FF4AF72634817F0EE
:10B8A0009FF94FF4AF719DE723695F6847B95E491F
:10B8B00040F261125D4817F093F940F2611191E78F
:10B8C000A18B354621F0070141F0040189B24FF008
:10B8D0000409A183B7E7BAF1010F08D052494FF428
:10B8E000B272524817F07CF94FF4B2717AE72368CC
:10B8F00043B94D4940F265124C4817F071F940F2D6
:10B9000065116FE723699F6847B947494FF4B472DF
:10B91000464817F065F94FF4B47163E70026A18B30
:10B92000354621F0070141F0050189B24FF00509C4
:10B93000A18388E73C4940F26B123C4817F050F96C
:10B9400040F26B114EE788F31188BFF36F8FBBF1A4
:10B95000000F16D165BB17B120463649B847EFF343
:10B960001188402383F31288BFF36F8F504612F083
:10B97000CFFE28BB2E4984222C4817F031F98421B0
:10B9800079E7A1680029E5D0D1F800800029E1D04D
:10B9900033464A462046D1F804B0D847B8F1000FE4
:10B9A00004D0D8F8003041469846EFE74346FAE71E
:10B9B000294633464A4620462D6817F0BBF9C9E7A9
:10B9C000504612F0C9FEA18B21F0080189B2A18373
:10B9D000CA061FD521F01003A38301F0070AA66948
:10B9E000A28B002E22F00701BFF6C4AE002325680B
:10B9F000C4E9003341F00101A18301F00709D145F9
:10BA00004FF000077FF41FAF0DB9002FE0D04FF0CB
:10BA1000000B1EE78B067FF585AE21F02003A38384
:10BA200001F0070A90E600BFA2B3030012B30300BF
:10BA3000C7B3030039BA0100F8B504460D4600F15A
:10BA40001406EFF31187402383F31288BFF36F8F3F
:10BA5000304612F05DFE40B909490A48842217F0C9
:10BA6000BFF88421064817F0B2F8304612F074FE91
:10BA7000A5613A462046BDE8F8400121FFF744BEE3
:10BA8000C7B3030012B303002DE9F04704460E4686
:10BA900017F040F9051E5ADB04F11409EFF3118A7F
:10BAA000402383F31288BFF36F8F484612F030FEB5
:10BAB000804638B931498422314817F091F8842101
:10BAC0002E483CE0484612F047FE4FF6FF72E38BEB
:10BAD000A78B934207F007073CD0062F26D8DFE854
:10BAE00007F0193C0925190419006FF085054FF07E
:10BAF000000802E002250133E383484612F016FEF7
:10BB000070BB1E494FF499721D4817F069F84FF445
:10BB10009971D5E700233360636823B9C4E90066EF
:10BB20007FB13D46E3E71E606660F9E715491448BA
:10BB30004FF4E47217F054F84FF4E471114817F021
:10BB400046F8524602212046FFF7DEFD3D462846D4
:10BB5000BDE8F0876FF00A05C9E76FF00405C6E796
:10BB60008AF31188BFF36F8FB8F1000FEFD0002375
:10BB70003A463146204617F0DDF8E8E7C7B3030040
:10BB800012B30300A2B30300F8B5054600F1140692
:10BB9000EFF31187402383F31288BFF36F8F304692
:10BBA00012F0B6FD38B920498422204817F018F861
:10BBB00084211D4825E0304612F0CEFDAC8B04F008
:10BBC0000704022C12D0012C0CBF6FF004046FF09C
:10BBD0008504304612F0AAFD08BB13494FF4997250
:10BBE000124816F0FDFF4FF49971E2E7EB8B53B961
:10BBF0000F490E4840F2EF1216F0F2FF40F2EF113B
:10BC00000B4816F0E4FF013B9BB2EB83002BE0D125
:10BC10003A4621462846FFF777FD2046F8BD87F3D0
:10BC20001188BFF36F8FF8E7C7B3030012B30300A7
:10BC3000A2B3030008B54268034602F00302032AD8
:10BC4000816009D062B907490748452216F0C8FF4C
:10BC50004521044816F0BBFF006800225A6008BD69
:10BC60000020FAE7F4B3030012B3030037B504462B
:10BC70000821C06A17F0A6F900234FF6FF72104D95
:10BC8000ADF804306368ADF800208DF80620E26856
:10BC900019182B401344181A60606846ADF802105A
:10BCA00017F0E8F86946204617F0ABF92046211D49
:10BCB00017F0BAF863682B40A36003B030BD00BF33
:10BCC0000000FFFF2DE9F7430F4681460821C06AB7
:10BCD00017F078F980463C68124D241A3C6004EA5B
:10BCE0000506B4421CD3A0B210B903B0BDE8F0837E
:10BCF00008236A462146484617F05DF80028F4D12B
:10BD00006946A0B217F04AF938B1BDF80230BDF863
:10BD100004202E4013441E443C60A4EB0804E0E7DA
:10BD20000020E2E70000FFFF2DE9F047044688B05D
:10BD300000F1140738461AF04AF8A06A8368DB68F5
:10BD40009847E06248B945219B4817F046FB6FF0E1
:10BD50001505284608B0BDE8F087A06A8368DB684F
:10BD600098470368013B1F2B02D945219348ECE714
:10BD7000E268B2F5803F06D94FF480334521904800
:10BD800017F02BFBE3E7A06A216805AA19F0B8FCBD
:10BD900010B145218B48D8E7E5682DB1069BB5FB6E
:10BDA000F3F203FB125515B145218748CDE7238AED
:10BDB000012B02D845218548C7E7E36A009593F82F
:10BDC00005804FF0FF334FF0FF32384610F02CF96A
:10BDD0000821E06A17F0F6F8A9460646238A1FFAFA
:10BDE00085FA534544D8238A4B4500F024815345B6
:10BDF0000BD10099082342462046891B16F0E9FF23
:10BE000018B96946204617F00FF869462046FFF733
:10BE100059FF0546002840F0B18000994FEA1149CA
:10BE20004FEA09496160C4F80890A3688B420DD8B5
:10BE30000823204601AA16F0BEFFB8B901AB13F8DB
:10BE4000012B904532D101300828F8D1636869464A
:10BE50006FF30F032046009316F0E6FF424620469C
:10BE6000E368009916F0B5FF00283CDA054685E046
:10BE7000E1682B04891B13FA81F14246082320460E
:10BE8000009116F0A6FF78B16946204616F0CCFF67
:10BE900009F1010908234246204600991FFA89F951
:10BEA00016F097FF00289ED0013597E7A08801A9DA
:10BEB00017F074F8626810B9911B6160B5E7BDF8BE
:10BEC00008A0BDF80610E06AC4F80890514417F0C5
:10BED00079F848448242A060EED1BAF1000FEBD06D
:10BEE0006FF01C054AE000F082804FF6FF7963682E
:10BEF00006EB0308E3681FFA88F29B1B9A42CDF811
:10BF0000008022D34921324817F067FA6168204641
:10BF100016F097FF014680BB63682E4AE068134025
:10BF20000344A3EB4603636013402046A36017F06D
:10BF300009F900289AD1E368A288A3EB46039A4244
:10BF40001CD1204617F07AF890E708234146204696
:10BF500003AA16F030FF002888D103A91FFA88F041
:10BF600017F01CF838B1BDF80C304B4503D1BDF8C3
:10BF70001030002B62D0B044BCE70D46384610F0BC
:10BF800001F9002D7FF4E5AE0123228AA374492133
:10BF9000E368114817F021FA6268492193B20F480B
:10BFA000120C17F01AFAA268492193B20C48120C2D
:10BFB00017F013FACDE600BF33B403005AB4030000
:10BFC0007CB40300AAB40300C7B40300E0B40300C8
:10BFD0006BB503000000FFFF08B5030024B50300A4
:10BFE0003BB50300E26AA36812681344A360D4E976
:10BFF00001318B4208D9424620465B1A16F0E9FE11
:10C000000028FFF633AFEDD16168E36801EB46022B
:10C010009A4290D1124BA06801EA030290428AD062
:10C02000204616F00EFF00287FF420AF62680C4B0C
:10C030001A40A2607FE76FF02C059FE7492109486D
:10C0400017F0CBF96368694620466FF30F0300933E
:10C0500016F0EAFE2046009916F0F3FE69E700BFED
:10C060000000FFFF51B503002DE9F04F1E46837C11
:10C0700004468946904695B04BB94521694817F06A
:10C08000ACF96FF00C05284615B0BDE8F08FC26A18
:10C090000821104616F096FFB1B20190104616F036
:10C0A00091FFE368019A0746A3EB8203984200F2EE
:10C0B000B6801EB1B8F1000F00F0B180D4F804A032
:10C0C000CDF810A0204605AA04A916F0F1FF0546F8
:10C0D0000028D8D1BDF814304B4507D0DDF810A0AA
:10C0E00063685345EED1002E39D1CCE705A91FFA7C
:10C0F0008AF016F053FF0028F0D0BDF8183066B370
:10C100009E422CD1B3464FEA1A43BDF816A01B0439
:10C110009A44E36ACDF800801B685B4203F0200379
:10C120000293029B51465B4528BF5B4620460CAA02
:10C13000039316F040FE00284DD1039B00981A4649
:10C140000CA91BF0D7FB50B9039B009ABBEB030B68
:10C150001A449A440092E4D195E7002B93D0002F23
:10C160003CD1BA4604F1140B4FF0FF324FF0FF33CD
:10C1700058460FF059FF238A9D424DD0D4E9013231
:10C180000AEB02018B422ED39BB263B3FF23002143
:10C19000ADF81E200CA818228DF82230ADF81C90A6
:10C1A000ADF820601BF097FB20460CA9CDE90E8668
:10C1B00016F012FF074648B907A816F05BFE2046A6
:10C1C00007A916F01EFF074600B9374658460FF07C
:10C1D000D9FF3D4657E7C2DC054654E7019B1F44A3
:10C1E0001FFA87FABEE72046FFF740FD3DB9ADF8DC
:10C1F0002490CDF82880ADF82C608DF82E50204684
:10C2000009A916F09FFF07460028DFD19DF82E30C0
:10C210000135002BAFD0D8E76FF01B07D6E76FF0E2
:10C22000150530E71AB403002DE9FF471E46837C4D
:10C2300004460F469046BDF8309043B92748452143
:10C2400017F0CBF86FF00C0004B0BDE8F0870821C0
:10C25000C06A16F0B7FEE368A3EB40039E423AD8EB
:10C260004FF0000A65680195204602AA01A916F060
:10C270001FFF0028E8D1BDF80830BB4206D102A953
:10C28000A8B216F08BFE50441FFA80FA019B626838
:10C290009A4219D0D14515D2BDF80C30C3B1D14561
:10C2A00016D8BDF80A10B3426FF30F0528BF334606
:10C2B00042462046294416F07EFD0028C4D1BDF830
:10C2C0000C00C1E71D46CFE7BDF80830BB42E3D004
:10C2D0006FF00100B8E76FF01500B5E71AB403007E
:10C2E0002DE9F0478146884617461446DFF878A0C6
:10C2F00008EB0706361B0CB9BDE8F08709F1FF33E0
:10C30000032B8CBF3F211AF80310184816F052FC7B
:10C310000025AC421FD9715D154816F04BFC013564
:10C32000082DF6D1134816F045FC0025AC4216D96D
:10C33000715D1148A1F120035F2B28BF2E2116F05B
:10C3400039FC0135082DF1D10C4816F033FC072CCF
:10C35000D2D9083CCCE70A4816F02CFCDFE70948A4
:10C3600016F028FCEDE700BF88F803009EB5030037
:10C37000A3B50300ADB50300AFB50300C7AF03001D
:10C38000A9B50300ABB50300014B03600020704763
:10C39000F08D030070B5104B0D461C68B4B10F4B07
:10C3A000196800238B4202DB6FF0010070BD22464A
:10C3B00012F8106B864202D014460133F2E7E068AF
:10C3C00019F0C6FC28B100202C60EFE76FF00C00DC
:10C3D000ECE76FF01200E9E724140020F08D030071
:10C3E00010B5436888B0029383680C46CDE90332E8
:10C3F00000230A68C068CDE90623054901AA059310
:10C4000019F082F9079808B9059B236008B010BDA0
:10C41000F733030010B54FF42814DFF820C086B0BE
:10C42000CDE904C40824029404AC0194BDF8204072
:10C43000009418F066FC06B010BD00BF180028007C
:10C440002DE9F0410C4B05461C680E4617467CB1A1
:10C4500000F076F963682046D3F8108032463B46F8
:10C460002946C047044600F075F92046BDE8F08132
:10C470006FF00104F9E700BF0458002000230360B7
:10C48000044B5A6812B9C3E9000070471060586045
:10C49000704700BF08580020014B1860704700BF6C
:10C4A00004580020002330B585B0CDE9023305469D
:10C4B000019000F045F9094B1C6844B9284600F08A
:10C4C000D1F8044600F046F9204605B030BD636857
:10C4D00020461B6801A998472468EEE70858002009
:10C4E0001FB5CDE90101039200F02AF9074B1C6842
:10C4F00024B900F02FF9204604B010BD636820462F
:10C500001B6801A998472468F2E700BF085800207B
:10C510000022024BC3E90022704700BF08580020E8
:10C520000022024BC3E90022FFF7F2BF105800209F
:10C530002DE9F74307460C4609B100230B6000269E
:10C54000234DDFF890904D4520D9234923489D2263
:10C5500016F046FB9D21204816F039FBD5F80080E7
:10C560003846414601AA16F0BCFF50B116B954B97D
:10C570002E4606E000224046316816F0B2FF002841
:10C58000F5D11835DFE7019B2360F1E7E6D3144BC3
:10C590001D68C5B155F8188C3846414601AA183DAA
:10C5A00016F09FFF50B116B954B92E4606E000228E
:10C5B0004046316816F095FF0028F5D1AD69E8E7EF
:10C5C000019B2360F1E7304603B0BDE8F08300BF74
:10C5D0002C870300BC870300B2B5030012B303002D
:10C5E000105800202DE9F341DDF8208004460D4667
:10C5F00016461F460190B8F1000F07D0D8F800107A
:10C60000C1B9D8F804E0BEF1000F1CD1204601A941
:10C61000FFF78EFF98B13B46D0F80C803246294692
:10C620000198C047034650B1224645210C4816F0F8
:10C63000D4FE04E001AA16F054FF0028E1D1002046
:10C6400002B0BDE8F081D8F8083032460893294698
:10C650003B46F446019802B0BDE8F041604700BF98
:10C66000E4B503002DE9F04780464FF0004700266F
:10C67000DFF8B890DFF8B8A03D462E4C4C452BD9DA
:10C680002D492E484FF4897216F0AAFA4FF4897199
:10C69000294816F09CFA2F46EEE7B8F1000F03D1B7
:10C6A00022694AB91834E9E700224146206816F0A9
:10C6B00018FF0028F4D1F5E76368BB4206DDAF42FE
:10C6C00002D0AB42A8BF2B461D46EBE7EAD190470C
:10C6D000002E08BF0646E5E7DFD3DAF80040FCB1DC
:10C6E000183CB8F1000F03D122694AB9A469F6E7F2
:10C6F00000224146206816F0F4FE0028F4D1F5E748
:10C700006368BB4206DDAF4202D0AB42A8BF2B46F6
:10C710001D46EBE7EAD19047002E08BF0646E5E745
:10C72000AF42B8D13046BDE8F08700BFBC870300F8
:10C73000105800202C870300B2B5030012B3030089
:10C740004FF0FF324FF0FF3301480FF06DBC00BFD8
:10C75000AC18002001480FF015BD00BFAC18002038
:10C7600038B5094DFFF7ECFF2B785BB9FFF7D8FE22
:10C7700000F068F8044608B901232B70FFF7EAFFC0
:10C78000204638BD0024F9E7906F00202DE9F043E2
:10C7900006460F46048F99B00134A4B200F1080890
:10C7A000651EADB2B5F5004F47D04A23294605AA0C
:10C7B000404616F00BFE04F57F543F34A4B2814688
:10C7C0002146012340460DF10B0216F0FFFDB9F1A1
:10C7D000000F014610DC002810DC338FAB4209D17A
:10C7E00032466B1E22F8383F4FF400410223404688
:10C7F000FFF73AFC2C46D3E7002808DC29464046E0
:10C8000016F0E0FD2146404616F0DCFDE5E709F1B3
:10C8100060030DEB03090023094A09F84C3C05A805
:10C82000009703ABCDF80C80ADF81040FFF7DAFEAF
:10C830000028DFD019B0BDE8F0830020FAE700BF80
:10C84000533503007FB50123694603200193FFF7A9
:10C85000A1FD044660BB032002AA01A916F0EDFD6C
:10C86000044610B110F10C0F22D10399B1F5803FAD
:10C8700023D200231846009A9468084484421AD3AD
:10C880000133082BF9D10E4D69612B83536828467B
:10C89000AB60D368EB6316F0F2FE044640B9094E74
:10C8A00028466E60FFF7EAFD28466E60FFF7F4FD4C
:10C8B000204604B070BD9BB2E5E76FF02004F7E7B7
:10C8C00018580020C08E03002DE9F04FD0F808A0C2
:10C8D0001E4689B0DAF80C30904607460D46984758
:10C8E0000268202A09D945211D4816F076FD6FF00F
:10C8F0001505284609B0BDE8F08FB8F1000F02DA3F
:10C9000045211848F1E748EA0604531E1C4004D0AC
:10C910004521154816F061FDE9E7294620226846C1
:10C920001AF0D9FF2546A642E3D9A6EB0409B9F1CE
:10C93000200F28BF4FF0200908EB040BDAF8045051
:10C940004B466A4659463846A847051E06DA5B46F6
:10C950003A464521054816F040FDCAE74C44E2E757
:10C960000EB6030039B603005BB6030092B60300AF
:10C9700008B5044816F01EF9034816F01BF900200C
:10C9800008BD00BFC4B60300F9B60300034B1A6824
:10C9900082420CBF18460020704700BFA02C002028
:10C9A00010B557210446064816F017FD012384F8F8
:10C9B0009130A4F110010348BDE8104019F09DBA70
:10C9C00026B70300F82B002008B5FFF7DFFF30B1D2
:10C9D000BDE8084000F10801014819F08EBA08BD11
:10C9E000F82B002008B5FFF7D1FF30B1BDE80840B3
:10C9F00000F10801014819F080BA08BDF82B0020A9
:10CA000013B5044612B9022002B010BD002142F64F
:10CA1000164301AA08488DF80410ADF8063008F056
:10CA20003BFE03220146204608F05CFE0028EAD0C7
:10CA30006FF0FC00E8E700BFDC8E030013B504468E
:10CA400012B9022002B010BD002142F6154301AA1E
:10CA500008488DF80410ADF8063008F01DFE0322DA
:10CA60000146204608F03EFE0028EAD06FF0FC00A8
:10CA7000E8E700BFDC8E030073B50646FFF786FFCC
:10CA80000D4642F616430021044601AA0C488DF8D3
:10CA90000410ADF8063008F0FFFD014674B1032222
:10CAA000304608F01FFE48B101230648A4F8C050E4
:10CAB00084F8C83004F1280119F01FFA02B070BDE3
:10CAC000DC8E0300F82B0020F7B5002542F6174353
:10CAD00004460F462048294601AA8DF80450ADF8B7
:10CAE000063008F0D9FD064650B91C4940F28222B2
:10CAF0001B4816F075F840F28221184816F067F8C6
:10CB000001460222204608F0EDFDE8B12046FFF77D
:10CB10003DFF40B9114940F28722114816F060F8F4
:10CB200040F28721E9E7C0E922563A6800F188011E
:10CB3000C0F89820BA88C0E92455A0F89C20204667
:10CB400008F004FF03B0F0BD0648572116F045FC7D
:10CB50006FF01500F6E700BFDC8E03003AB7030064
:10CB600012B3030078B70300F7B50546FFF70EFFD1
:10CB70000E460446D8B1002142F616436A461F48C5
:10CB80008DF80010ADF8023008F086FD0322014652
:10CB9000284608F0A7FD014658B10123A4F8BE605D
:10CBA00084F8C73004F12801154819F0A6F903B03C
:10CBB000F0BD42F615438DF8040001AA0F48ADF808
:10CBC000063008F069FD03220146284608F08AFD78
:10CBD0000028ECD094F8C670002FE8D131462846E2
:10CBE00016F0EAFD01236060A4F8C470A4F8C270D6
:10CBF00084F8C63004F10801D6E700BFDC8E0300DC
:10CC0000F82B002030B585B04FF400326B460D464E
:10CC10000446022101A8CDE90223CDF804D016F084
:10CC20006FFE294601A816F06BFE204601A9FFF70A
:10CC30004BFF024618B15721024816F0CEFB05B053
:10CC400030BD00BF9FB70300F0B587B000F1A00171
:10CC500090F8A520044603A816F039FE03A816F0A4
:10CC600066FE94F8AE10054619B1072154F8180C69
:10CC70005FE042F6154302AA50488DF80810ADF85F
:10CC80000A30BDF8107008F007FD0322014654F881
:10CC9000180C08F027FD064628B15721484816F021
:10CCA0009CFB0321E2E7042F3A4628BF042245B14A
:10CCB000012D62D049212A46424816F08EFB0221FE
:10CCC000D4E7022F04D057213F4816F086FBE8E74F
:10CCD00003A816F034FE42F616432946064601AA7A
:10CCE00036488DF80450ADF8063008F0D5FC0546FE
:10CCF00050B93649364840F2F52215F071FF40F23E
:10CD0000F521324815F063FF01463A4654F8180CF5
:10CD100008F0E8FC48B90122294654F8180C08F03C
:10CD2000E1FC10B957212B48B9E754E906051DB1BC
:10CD30000721FFF767FF1EE0314616F034FD03467A
:10CD400054F8180C0BB90821F3E70121FFF75AFF3B
:10CD5000314654F8180C16F02FFD012344F8140C3A
:10CD6000A4F8AC501C48A4F8AA5084F8AE30A4F142
:10CD7000100119F0C2F807B0F0BD022FA3D103A82B
:10CD800016F0DDFD54F8143C13B19B88834201D0AA
:10CD900008216BE704F1200012F02AF854F8143C43
:10CDA00084F8B1609D7354F8140C16F015FD2946F3
:10CDB00044F8146CA4F8AC6058E700BFDC8E0300A4
:10CDC000C2B7030058B8030008B803003AB703001D
:10CDD00012B303001FB80300F82B00201FB5042472
:10CDE0000294044C0194BDF81840009417F089FF98
:10CDF00004B010BDF4140020F8B516460222054612
:10CE00001C4608F06FFCF8B12846FFF7BFFD054649
:10CE100010B96FF0FB00F8BD00F1180738460FF0AD
:10CE2000FFFE0028F5D1631E042B10D822463146A0
:10CE300005F1B8001AF042FD3946064885F8BD40B4
:10CE400019F05BF82046E6E76FF0FC00E3E76FF0CF
:10CE50000C00E0E7F82B002010B500240B4B86B047
:10CE60000B480393CDE9044410F028F803AB4FF4CA
:10CE700080620849009306480E2310F035F80648F2
:10CE800000F096FC204606B010BD00BF7EB803003F
:10CE9000F82B0020C07500204014002070B588B029
:10CEA000ADF8062004460A462B48002108F0F4FBA2
:10CEB000054650B929494FF42772294815F090FECC
:10CEC0004FF42771254815F082FE014602222046C4
:10CED00008F008FC064608B32046FFF757FD40B9A6
:10CEE0001E4940F2A1221E4815F07AFE40F2A1210F
:10CEF000E8E70DF106020023C0F8B0200222C0E9E5
:10CF00002A33C0F8A450C0F8A030A0F8B42000F133
:10CF1000A001204608F01AFD08B070BD0122294684
:10CF2000204608F0DFFB80B13146182202A81AF033
:10CF3000D2FC0DF1060304930223204602A90395B7
:10CF4000ADF8143008F054FEE6E70648572116F015
:10CF500044FA6FF01500DFE7DC8E03003AB70300F8
:10CF600012B303008DB8030013B590F8A130044646
:10CF700053B150F8240C16F02FFC002344F8243C45
:10CF8000A4F89C3084F8A13094F8A030B3B1002309
:10CF90008DF8043042F61943B4F8982054F8280C60
:10CFA00001A9ADF80630FFF779FF024618B1572105
:10CFB000104816F012FA002384F8A03094F89F303D
:10CFC000B3B100238DF8043042F61843B4F896202C
:10CFD00054F8280C01A9ADF80630FFF75FFF0246B0
:10CFE00018B15721044816F0F8F9002384F89F304F
:10CFF00002B010BDC3B80300E6B803002DE9F04746
:10D0000090F8BE3004468CB0002B00F0E88050F859
:10D01000043C002B00F0E38050F8080C50B9B149F3
:10D0200040F24F12B04815F0DBFD40F24F11AD4811
:10D0300015F0CDFD17F02BFF042802460CD8572120
:10D04000AA4816F0CAF9002554F8040C84F8BE501A
:10D05000002840F04081C2E04FF00009A44FC11EFB
:10D06000BB68A0F1040889B23846A7F804903B6079
:10D0700001F082FD1FFA88F8054668B945219D48F0
:10D0800016F0ABF96FF00B052A4657219A480CB001
:10D09000BDE8F04716F0A1B923460DF10F0233F8B1
:10D0A000BCAF0092411C424654F8040C00F090FBC7
:10D0B00086B2002E00F08C80BAFA8AFA2B784FEAFA
:10D0C0005A1A6AF300032B709DF80F20DBB262F34B
:10D0D00041032B70B4F8BA20A8EB060162F3870372
:10D0E00038462B7001F064FD54F8088C4046FFF779
:10D0F0004DFC40B97B4940F252227B4815F070FD4F
:10D1000040F2522193E742F61543494605AA7B486F
:10D11000ADF816308DF8149008F0BEFA03220146DF
:10D120000546404608F0DEFA014650B942F616437D
:10D130008DF8180006AA7148ADF81A3008F0ACFA5C
:10D14000054603222946404608F0CCFAA8B95721E3
:10D150006B4816F042F96FF015052A4657216948C9
:10D1600016F03BF9B4F8BC3015F1800FA3EB0603C1
:10D17000A4F8BC303FF467AF86E745B959494FF48E
:10D180001872594815F02CFD4FF418714FE7012221
:10D190002946404608F0A6FA814618B31822002115
:10D1A0000DEB02001AF097FB3B6840460893BB88E2
:10D1B00006A9ADF82430544B07950A9308F018FDE2
:10D1C00005460028C9D1B4F8BA300133A4F8BA3002
:10D1D0009DF80F305BBB21464C4818F08EFE0CB01A
:10D1E000BDE8F08702222946404608F07BFA002875
:10D1F000B1D04046FFF7CAFB40B93A4940F26F222E
:10D20000394815F0EDFC40F26F2110E73B68C0E9AA
:10D210001C95C0F88030BB8800F17001A0F8843004
:10D220003B4BC0E91E39404608F090FBC8E700269A
:10D23000204684F8BE600FF0F1FD42F616433146F9
:10D2400005AA2E48ADF816308DF8146008F024FABF
:10D250000322014654F8080C08F044FA054628B3A6
:10D2600054E902534FF440329F88314604AB06A87C
:10D27000CDE90723069316F043FB394606A816F0BE
:10D2800046FB284606A9FFF71FFC024618B15721A6
:10D29000204816F0A2F80022002304F13000CDE966
:10D2A000002300231C4A11F047FD98E742F615437E
:10D2B00001468DF8180006AA1048ADF81A3008F09B
:10D2C000EBF90322014654F8080C08F00BFA002889
:10D2D00085D054F8040C16F07FFA44F8045CA4F8E6
:10D2E000BC507CE73AB7030012B3030003B9030054
:10D2F000F814002018B90300AEB90300DC8E030057
:10D300003CB903007BB90300E5C90100F82B0020FC
:10D31000C9C901009FB703005A62020070B50378C3
:10D320008AB004460E4607AD032B20D8DFE803F091
:10D3300002191B1D11492846FDF73DF90595637833
:10D340001E210493A37830460393E3780C4A02939A
:10D350002379019363790093A37915F091F80AB0CA
:10D3600070BD0849E7E70849E5E70849E3E70A210E
:10D370002846074A15F084F8E0E700BFC3AD030074
:10D38000E5AD030069B10300CAAD0300D4AD0300ED
:10D39000DEAD030070B50646FFF7F8FA18B36FF07C
:10D3A00077001FE0D022214628461AF094FA304632
:10D3B00004F0F8FC034628460E4940F8083B0FF0FD
:10D3C000C3FB0D4905F118000FF0BEFB0B4905F139
:10D3D00028000FF0B9FB05F138002246084918F083
:10D3E00072FE204670BD074D2C68002CDAD06FF01D
:10D3F0000B00F7E7FDCF010049CC010069CF010028
:10D40000A1C90100A02C002010B5FFF7BFFA044607
:10D41000B8B108300FF002FD04F118000FF0FEFC67
:10D4200004F128000FF0FAFC04F1380011F0E0FCE0
:10D43000002104480FF0BEFD206804F0D7FC002353
:10D44000236010BDF82B0020F0B5084C2768A68893
:10D45000874207D18E4205D1217B914202D1627B66
:10D460009A4201D00020F0BD2046FCE7645800201D
:10D4700070B50546CB88AA785E1CB0B212FA86F663
:10D48000B6B2B6F5706F0C4619D9086804F008FEFC
:10D49000054640B112491348B02215F0A1FBB02156
:10D4A0000F4815F094FB4FF4706332460E48452147
:10D4B00015F093FF2846A2880C4B1A6070BD2A789D
:10D4C0000B44DA74C8801330AA78696820441AF0D3
:10D4D000F5F9AB78E28801201344E380EEE700BF62
:10D4E000D7B9030012B303001ABA03006058002032
:10D4F00038B50D46144604F0D3FD40B1084909483B
:10D500009E2215F06DFB9E21054815F060FB35B994
:10D51000E278054B1A704FF0FF32044B1A6038BDA9
:10D52000D7B9030012B30300916F002060580020A8
:10D53000034B1A68824202D1184616F01EB9704792
:10D54000645800202DE9F74FB1F804A00D46CAF346
:10D550000B080123002241460746FFF775FF0446EA
:10D56000384604F09DFD40B188498948CB2215F02A
:10D5700037FBCB21854815F02AFB6A7AAB880F2A46
:10D58000DFF810920AD1C9F80030002C00F0A88012
:10D59000204603B0BDE8F04F16F0EFB8D9F80020F0
:10D5A0009A42F2D04FF0FF33C9F80030002C41D13D
:10D5B000794B1A68974204D026464FF6FF7B2246E5
:10D5C00006E01A7B002A4AD100264FF6FF7B012293
:10D5D0001968714B002908BF1C46002A4FD13846F4
:10D5E000019204F0DFFB4FF48073019AA381206065
:10D5F000A4F80480A273E28004F10803D3E8EF1FCB
:10D60000C3E8E02F0028F9D1237C84F80FA023F091
:10D610000F03CAF3032A43EA0A0323742A7862F346
:10D62000071323745D4B1B78637401236A7B93405B
:10D63000013BA374E28802F11303083292B2B2F5FF
:10D64000706F04EB0306E2804DD94FF470634521FF
:10D65000534815F0C2FEA388C9F8003098E75A7BFA
:10D66000002AB1D19A8803F10801D1E8AF1F00293F
:10D67000AAD19045A8D01E46B3F804B0A7E73EB3A0
:10D68000B37BC3B1304616F078F8384604F08AFB15
:10D690004FF48073B38100233060A6F80480B37325
:10D6A000F38006F10802D2E8EF1FC2E8E03F00284D
:10D6B000F9D13446A8E73B4B1C68002CE2D054F863
:10D6C000043C083C13B1594638469847A468F4E72F
:10D6D0004921AA88344815F080FEAB88C9F800308B
:10D6E00003B0BDE8F08F6A88E252EB8873806A7AF3
:10D6F000337962F303033371AA7A62F30713337148
:10D70000EA7A737962F3030373712A7B62F3071376
:10D71000737195F90830B371AB7A0F2B1ED10023CA
:10D72000F371AB88D9F800209A423FF431AF48F248
:10D730000103327902F00F02D340DB07D0D5012379
:10D74000A381184B1C68002CCAD054F8083C083C34
:10D7500013B1414638469847A468F4E7AB7BF371B0
:10D7600028690028DDD0026883681049A2EB030A0B
:10D770002246B0F804B00AF047FD2B699A68A3F876
:10D7800004B012FA8AF21A60CBE700BFD7B90300DF
:10D7900012B303006058002064580020916F0020ED
:10D7A0001ABA03005858002061BA030071D401006E
:10D7B00000238360054B00F10802596811B9C3E9E1
:10D7C000002270470A605A60704700BF5858002016
:10D7D00084462DE9F0419CF80C40084690461F46CF
:10D7E00034B3BCF806601B880436B6B2F51AADB285
:10D7F00095422C4628BF1446B3420AD90E490F4819
:10D8000040F26F1215F0ECF940F26F110A4815F072
:10D81000DEF903F10F01224661441AF04FF8454545
:10D820008CBF002501253B8823443B80069B1D704F
:10D830002046BDE8F08100BFD7B9030012B3030052
:10D8400008B50348034A0021121A15F0D7FF08BD96
:10D85000881A0020BC750020074808B5074A084907
:10D86000121A15F0CDFFBDE808400648064A0749E0
:10D87000121A15F0C5BF00BF20110020841A002025
:10D88000C8FA03001811002020110020C0FA03007C
:10D8900037B505460C46C9B18B6814480093D1E9E9
:10D8A0000023452115F099FD636945210093D4E9D2
:10D8B00003230F4815F091FD4521E2690D4815F04D
:10D8C0008CFD4521A2690C4815F087FD012D06D17C
:10D8D000EFF3058245210948103A15F07EFD2146F7
:10D8E000284603B0BDE830400EF056B891BA0300A8
:10D8F000C5BA0300F9BA03000DBB030040BB030027
:10D9000030BFFFF7FDBF00BF2DE9F04105460B4ECC
:10D91000DFF82C80324606EB0807CC1B204609496D
:10D9200019F0CCFFA01942460021083C19F0D3FFA2
:10D93000AC6707F10800BDE8F08100BF00000000FF
:10D9400008000000BC87030010B5244C4521244882
:10D9500015F043FDA36A99013ED52248452115F0F3
:10D960003CFD1E20A36ADA0104D51F48452115F0AD
:10D9700034FD1F20194CA36ADB0204D51B48452146
:10D9800015F02BFD0220A36A1C0304D5184845217D
:10D9900015F023FD2120114CA36A590304D5154825
:10D9A000452115F01AFD2220A36A9A0304D51248D6
:10D9B000452115F012FD2320084CA36ADB0304D592
:10D9C0000E48452115F009FD2420A36A6FEA0343A0
:10D9D0006FEA1343A36210BD1D20C3E700ED00E012
:10D9E00058BB030075BB03008DBB0300ACBB030039
:10D9F000DBBB0300FEBB030028BC030047BC0300E5
:10DA000070B5284C06460D462748452115F0E5FC23
:10DA1000A36AD9043BD52548452115F0DEFC172023
:10DA2000A36A1A0504D52248452115F0D6FC182012
:10DA30001C4CA36A9B0511D51E48452115F0CDFC51
:10DA4000A26BA36A180408D545211B4815F0C5FC34
:10DA50001EB1A36A23F40043A3621920114CA36AE8
:10DA6000590504D51548452115F0B7FC1A20A36ABD
:10DA7000DA050ED51248452115F0AFFC1B20094AE6
:10DA8000936A43F47F43936200232B7070BD16208A
:10DA9000C6E7A36A9B04F2D50A48452115F09DFC10
:10DAA0001C20ECE700ED00E077BC030092BC030013
:10DAB000A8BC0300C0BC0300DEBC0300F8BC03002C
:10DAC00018BD030035BD030070B5324C06460D4647
:10DAD0003148452115F081FCA36AD90648D52F4865
:10DAE000452115F07AFC1120A36A1A0704D52C48A9
:10DAF000452115F072FC1220264CA36A9B0711D514
:10DB00004521284815F069FC626BA36A190608D5FF
:10DB10004521254815F061FC1EB1A36A23F080035E
:10DB2000A36213201B4CA36ADA0704D51F484521C2
:10DB300015F053FC1420A36A9B0604D51C4845210C
:10DB400015F04BFC1520134B9A6AD60602D49A6A3C
:10DB500094070FD59B6AD9060CD51649164840F292
:10DB60002D1215F03DF840F22D11124815F02FF846
:10DB70001020B9E7074B9A6A920642BF5A6A22F40C
:10DB800000525A629A6A42F0FF029A6200232B7096
:10DB900070BD00BF00ED00E069BD030084BD03005F
:10DBA000A8BC0300BCBD0300D9BD0300F4BD030045
:10DBB00035BD030018BE030012B30300F0B56E4B71
:10DBC0000446586800258BB0C0F3080385F311881C
:10DBD000BFF36F8F02F07F46B6F17F4F07D102F09F
:10DBE0000C06082E0ED14521644815F0F6FB644959
:10DBF00040F21B42634814F0F3FF40F21B416048BF
:10DC000014F0E5FF16074CBF0C460125002CEED0A2
:10DC10000026DA1E8DF80760092A00F29D80DFE8F1
:10DC200002F00590947B9B9B9B9B9B9845215648BB
:10DC300015F0D3FB8DF807604F4EF36A9A0705D5B0
:10DC40004521524815F0C9FB00232DE0F36A002B53
:10DC500002DA45214E48F5E7F36A5B0068D54521B5
:10DC60004C4815F0BAFB7369A26943F48073736181
:10DC7000BFF34F8FBFF36F8F32F8023C726922F40B
:10DC800080727261BFF34F8FBFF36F8F03F47F42D7
:10DC9000B2F55F4F27D1DBB2022B24D14521226898
:10DCA0003D4815F09AFB23689DF80720CAB902AEDB
:10DCB00004F12007324620686168083403C2BC4280
:10DCC0001646F7D1099A002D52D0C2F3080121B9A6
:10DCD0006FEA52226FEA42220992184602A9FFF720
:10DCE000D7FD0BB0F0BD244B9A6AD2B232B10120FD
:10DCF0000DF10701FFF7E8FE0346D5E79A6A12F433
:10DD00007F4F05D001200DF10701FFF779FEF3E702
:10DD10009B6AB3F5803F02D3FFF716FEECE7184984
:10DD200040F2ED22174814F05BFF40F2ED2166E768
:10DD300013494FF43C72134814F052FF4FF43C71F6
:10DD40005DE700200DF10701D4E700200DF1070188
:10DD5000DBE74521114875E7114910F4F87F114AB6
:10DD6000114818BF0A46103B452115F036FB6BE7FA
:10DD70006FF30802B0E700BF00ED00E078BE0300DB
:10DD800018BE030012B30300A8BE0300C4BE030004
:10DD9000EABE0300FDBE030021BF030042BF030033
:10DDA0005FBE03004ABE03006BBF0300064B5A6907
:10DDB00042F010025A615A6942F480625A615A690B
:10DDC00022F008025A61704700ED00E0EFF308808E
:10DDD000EFF3098101B57246FFF7F0FE01BD00BF08
:10DDE000002080F31488BFF36F8F002080F30A882F
:10DDF00080F30B880F4880F308880CF01FFC00208C
:10DE00000D490860BFF34F8F00F02CF8402080F3DD
:10DE100011880A484FF40061401880F30988EFF335
:10DE200014800221084380F31488BFF36F8F00F041
:10DE3000A9F8000000AA002094ED00E0C0920020A4
:10DE4000002318460649D1F89020C2F307229342D6
:10DE500000DB7047C1F89830C1F8A0000133F6E745
:10DE600000ED00E010B572B6002484F31388FFF7CC
:10DE7000E7FF23464FF0FF300C4A03F12001013346
:10DE8000102B42F82100F8D100234FF0FF30074A51
:10DE900003F160010133102B42F82100F8D162B682
:10DEA000BFF34F8FBFF36F8F10BD00BF00E100E0E5
:10DEB0001EF0040F0CBFEFF30880EFF309808169B7
:10DEC00011F8021C0229FFD001B5724615F09AFC28
:10DED00001BD00BF00B2002807DB01234109034A4E
:10DEE00000F01F00834042F82130704700E100E05D
:10DEF00000B200280CDB01220649430900F01F0094
:10DF00008240203341F82320BFF34F8FBFF36F8F40
:10DF1000704700BF00E100E008B5D3070BD4023121
:10DF2000072909D90D490E486B2214F059FE6B21BF
:10DF30000A4814F04CFE002100B20028ACBF00F1EA
:10DF40006040084B4FEA4111C9B2ABBF00F56140D8
:10DF500000F00F0080F80013195408BD83BF0300C0
:10DF600012B3030014ED00E0044B054A23F07F03D5
:10DF70009360BFF34F8FBFF36F8F704700000000B7
:10DF800000ED00E008B5FFF7EFFF074AD2F8883050
:10DF900023F47003C2F88830FFF752FCFFF75CFCF3
:10DFA00000F09CF80DF016FE00ED00E042F8203C79
:10DFB000009B0B4942F81C3C019B21F0010142F8F7
:10DFC000183C029B42F8081C42F8143C4FF0807346
:10DFD00042F8043C0023203A0265C367704700BF43
:10DFE00079B6010000B50D4B15469860826F0C4B59
:10DFF0000E461A60836E83F30B882C4686F30988DD
:10E000000020044B98472046002100220023024CA8
:10E01000204700003138030079B60100086B00206A
:10E02000786700201022014B1A61704700ED00E074
:10E03000054B5A699B689A421FBF044A536843F0D4
:10E0400080535360704700BF086B002000ED00E074
:10E05000084B9B6883420BD1EFF3058343B1064B1A
:10E060005A6842F080525A605A6A22F400425A6258
:10E0700010F0D2B8086B002000ED00E014498A6867
:10E080004FF030001044EFF3098C80E8F01F40207F
:10E0900080F31288BFF36F8F0E4F4FF000664A690E
:10E0A0008A603E60906F0C4C2060D06F0023D36775
:10E0B00080F3118802F1300090E8F01F8CF309889A
:10E0C00002F1000004B515F0ACFBBDE80440704758
:10E0D000086B002004ED00E078670020002340205A
:10E0E00040F20F1210B5044CE1180133934281F84D
:10E0F0000003F9D110BD00BF00E100E008B5EFF367
:10E100000583064A103B02EBC30152F8330049680D
:10E110008847BDE80840FFF78BBF00BFA47B030022
:10E120000148006870470000786700201FB5012192
:10E13000094B0A4A0A4800F00BF90023064A0393E8
:10E14000084B0121019301A8D31A029300F01AF998
:10E1500005B05DF804FB00BF0000042000000020B3
:10E1600044900300881A00200A7A0B6810B562F305
:10E1700004031C46CB68520923F01F0343EA420301
:10E18000044A43F00103C2F89800C2F89C40C2F868
:10E19000A03010BD00ED00E010B50A4B0446D3F8E6
:10E1A0009030C3F30723013B984208D9024645212A
:10E1B000054815F012F96FF01504204610BDFFF761
:10E1C000D3FFFAE700ED00E0BEBF03002DE9F04FFA
:10E1D0008946144606464FF000084F4D85B0C845A5
:10E1E00027DAD6F804A0BAF1000F44D0BAF11F0F15
:10E1F00018D91AF01F0F15D1D6F800B01BF01F0F59
:10E2000010D1584615F037FB07460AEB0B000138D2
:10E2100015F031FB874210D06FF015073A464521C3
:10E220003E4802E0424645213D4815F0D6F86FF0E1
:10E230001504204605B0BDE8F08F17F1160FEDD09C
:10E24000BC42EBDDC5F89870D5F89C10C5F8987005
:10E25000D5F8A03021F01F0143F01F0BD6E90032A2
:10E260001A44994202F1FF3A1AD1D34507D13146F7
:10E27000F8B215F009FB08F101080C36AFE731469A
:10E28000C5F89870D5F89C30E0B263F30402C5F885
:10E290009C2015F0F9FA10F1160FC8D0441CEAE7DB
:10E2A000C5F89870D5F8A020013B23F01F0302F0B9
:10E2B0001F021343D3453146E0B2C5F8A030E8D081
:10E2C00015F0E2FA10F1160FB1D0C5F89870D5F834
:10E2D0009C209DF808300BF1FF3B62F304038DF89E
:10E2E0000830D5F8A0309DF808205B0863F347128A
:10E2F0008DF80820D6E900321344009323F01F0361
:10E300005B44A3EB0A03013023F01F036946C0B24C
:10E310000393FFF741FFBEE700ED00E014C00300E8
:10E32000E9BF03000522044BC3F89420BFF34F8FCD
:10E33000BFF36F8F704700BF00ED00E0BFF35F8F4A
:10E340000022024BC3F89420704700BF00ED00E0AC
:10E3500010B5094C2278FFF739FF207016300AD12A
:10E360000649074840F2891214F03AFC40F289113C
:10E37000024814F02CFC10BD926F00203CC003003A
:10E3800012B303002DE9F74F2E4D8A4606464FF093
:10E390000008AB462C4FD04502DB03B0BDE8F08F40
:10E3A000D6F80490B9F1000F47D0316808460191C2
:10E3B00015F061FA0199044609EB0100013815F0E6
:10E3C0005AFA84424FF01402204B10D002FB08F39B
:10E3D0006FF015024BF803201D491E4840F29912B8
:10E3E00014F0FEFB40F29911194814F0F0FB14F1FF
:10E3F000160F2C60F0D01978A142EDDD02FB08B0B9
:10E40000C7F89840C7F89840D7F89C4000F1080139
:10E41000007B64F304000871D7F8A0000C79400871
:10E4200060F347140C71D7F89C1021F01F0169604C
:10E43000D7F8A01021F01F01296108F10108143557
:10E440000C36A8E77C67002000ED00E0926F00200A
:10E450003CC0030012B303002DE9F0416249634D53
:10E46000D1F890302C68C3F307239C4286B00AD9B8
:10E470005F4940F202225F4814F0B2FB40F20221F1
:10E480005B4814F0A4FB0020FFF758FF5A4BC1F87B
:10E49000C03084421BD1594D01A82C70FDF774FF88
:10E4A000002607464FF06108554CB74216D10020B0
:10E4B0002B784D49D1F89020C2F307229342C0F245
:10E4C0008D800020FFF72EFF06B0BDE8F08169685F
:10E4D00001EB0011FFF748FE0130DAE7019A300145
:10E4E00002EB0613D3F80CC00CEA0401B1F1807FF3
:10E4F00053D00AD8B1F5001F29D0B1F5800F3FD015
:10E50000B1F5801F14D00136CFE7B1F1006F44D0D0
:10E51000B1F1805FF7D159689B681258013B21F037
:10E520001F000344CDE9021223F01F0301220BE078
:10E53000596812589B68CDE902122122013B21F053
:10E540001F00034423F01F038DF8102032E05968A8
:10E5500012589B68CDE902124122013B21F01F00B5
:10E56000034423F01F031CF0010F8DF810200593C6
:10E5700021D01F4984221F4814F032FB84217FE7F9
:10E5800059689B681258013B21F01F000344CDE9F4
:10E59000021223F01F030222D6E7596812589B6823
:10E5A00021F01F00013BCDE90212034423F01F03B9
:10E5B0008DF810800593287802A9FFF7EDFD00285B
:10E5C00008DA0B4940F235220A4814F009FB40F200
:10E5D000352155E72B7801332B7094E7C1F898303B
:10E5E000C1F8A000013365E700ED00E050900300A2
:10E5F0003CC0030012B30300AAFF4400926F002046
:10E600000000F0FF044905481B2208B514F0E8FAA1
:10E610001B21014814F0DBFA7AC0030012B3030097
:10E6200008B5024813F00CFFFEE700BFA8C00300C6
:10E6300008B5024B1B689847002008BD9067002072
:10E64000034B044A1860937843F0020393707047B9
:10E65000906700200415002008B50649064821F0FF
:10E660000701C1F1005202F58022FCF76BFF002088
:10E6700008BD00BFEDE900209467002070B5416936
:10E680000446867A0A4D59B1437ADB0706D42C2317
:10E6900003FB06535B6A1B689B6898470023636112
:10E6A0002C20214600FB0650BDE8704017F0B6BB99
:10E6B000241900202C22024B02FB0030704700BFBF
:10E6C000241900202C21827A054B01FB02339A6A1F
:10E6D0001B7F801A1B3323F00303B0FBF3F070475A
:10E6E0002419002038B52C24827A064B04FB02330F
:10E6F0005B6AD3E901240C601568FFF7E3FF04FBB4
:10E70000005038BD2419002008B5436843B10649BC
:10E7100006485A2214F064FA5A21034814F057FAB2
:10E7200003824369C36008BDADC0030012B3030098
:10E730002DE9FF470546684691461C46039117F0B0
:10E740007CFCDDE900674DB9564940F2011256489C
:10E7500014F046FA40F20111524813E005F1140892
:10E76000EFF3118A402383F31288BFF36F8F404683
:10E770000FF0CEFF40B94D4984224B4814F030FAD7
:10E7800084214A4814F023FA40460FF0E5FF6B8BD2
:10E79000002B54D02A8B9A4233D9002200232846DA
:10E7A0000DF05AFE044660B340460FF0BFFF40B97B
:10E7B0003E494FF499723C4814F012FA4FF49971A3
:10E7C000DFE78AF31188BFF36F8F039D002D58D0C8
:10E7D00032463B46684617F055FC2C21A27A344B52
:10E7E000204601FB02335B6A03A91B681E68DDE952
:10E7F0000023B0476061002837D12046FFF73EFF75
:10E800002EE06C8B4046631E6B830FF08FFF002859
:10E81000CED08AF31188BFF36F8F2B7F2A8B1B33E7
:10E82000121BAC6A23F0030302FB0344204B214A72
:10E83000EB1A9B105343A3722B7FE372C5E740464C
:10E840000FF074FF0028B3D08AF31188BFF36F8FE5
:10E8500023464A4628460DF0FFFD04460028B4D161
:10E860000024204604B0BDE8F087039B9D420AD9EE
:10E870000C494FF4AB720C4814F0B2F94FF4AB7181
:10E880006AE72B4665610021012261602281638273
:10E89000E27A04F1180019F01EF82046FFF734FF61
:10E8A000DFE700BFADC0030012B30300C7B303002E
:10E8B00024190020A38B2EBA70B50C46054650B91A
:10E8C000224940F29D12224814F08AF940F29D112B
:10E8D0001E4814F07CF941B91C494FF4CF721C4812
:10E8E00014F07EF94FF4CF71F2E7EFF31186402375
:10E8F00083F31288BFF36F8F16480FF009FF38B902
:10E9000015498422124814F06BF984211248E0E77B
:10E9100010480FF021FF002323606B6873B9C5E92D
:10E9200000440C480FF002FF58B90B494FF499729C
:10E93000074814F055F94FF49971E7E71C606C60D3
:10E94000EFE786F31188BFF36F8F70BDADC0030092
:10E9500012B30300A0670020C7B3030070B50446DC
:10E9600050B91E491E484FF4D57214F039F94FF4CE
:10E97000D5711A4814F02BF9EFF31186402383F375
:10E980001288BFF36F8F17480FF0C2FE38B91649CF
:10E990008422134814F024F984211348EAE711482B
:10E9A0000FF0DAFE25682DB162682B68954223606E
:10E9B00008BF63600B480FF0B9FE40B90A494FF435
:10E9C0009972074814F00CF94FF49971E5E786F352
:10E9D0001188BFF36F8F284670BD00BFADC0030024
:10E9E00012B30300A0670020C7B3030070B504464C
:10E9F00070B12C26154D2046037A64689BB91449E2
:10EA000040F2C112134814F0EBF840F2C11107E0D4
:10EA10000F4940F2BB120F4814F0E2F840F2BB116C
:10EA20000B4814F0D4F8013BDBB203724BB9C3605E
:10EA30004360837A06FB03531B6A1BB19847002C83
:10EA4000D9D170BDFFF71AFEF9E700BF24190020E5
:10EA5000ADC0030012B3030008B550B90749084818
:10EA60004FF4F37214F0BCF84FF4F371034814F050
:10EA7000AEF8027A0132027208BD00BFADC00300D9
:10EA800012B3030008B5034650B90849084840F2DC
:10EA9000312214F0A5F840F23121044814F097F81F
:10EAA00018465B68002BFBD108BD00BFADC003005A
:10EAB00012B3030070B50D46044650B90E494FF429
:10EAC0000F720E4814F08CF84FF40F710A4814F0CE
:10EAD0007EF841B9084940F23D22084814F080F818
:10EAE00040F23D21F2E746681EB10846FFF7CAFF33
:10EAF0004660656070BD00BFADC0030012B3030087
:10EB000038B505460C4651B90B490C484FF4127202
:10EB100014F066F84FF41271074814F058F820B951
:10EB2000BDE838400846FFF797BFFFF7ABFF214627
:10EB3000FFF7C0FF284638BDADC0030012B3030085
:10EB400008B540B90A492B220A4814F049F82B218C
:10EB5000074814F03CF8838833B105492C22054856
:10EB600014F03EF82C21F3E783680B44036008BDE2
:10EB7000DAC0030012B30300034670B5DC880568F1
:10EB800082889E68A818A41AAD1B641BA14208D9EC
:10EB9000054906483E2214F023F83E21024814F0AD
:10EBA00016F80A449A8070BDDAC0030012B303005D
:10EBB00008B583888B4208D207490848B02214F070
:10EBC0000FF8B021044814F002F85B1A9BB283805E
:10EBD0000068184408BD00BFDAC0030012B3030088
:10EBE00008B5034600689A68821A91420AD9084912
:10EBF000084840F2551213F0F3FF40F25511044853
:10EC000013F0E5FF9A88401A11441860998008BDF6
:10EC1000DAC0030012B3030008B5828803468A42B3
:10EC20000AD20849084840F2C31213F0D9FF40F253
:10EC3000C311044813F0CBFF521A828000680844C5
:10EC4000186008BDDAC0030012B3030008B503461C
:10EC50009A8800688A420AD20749084840F2CF12CF
:10EC600013F0BEFF40F2CF11034813F0B0FF521A69
:10EC700001449A80196008BDDAC0030012B3030092
:10EC800008B5244A244B1A6009F012FC4FF47A614B
:10EC90002248D0F82436C3F30802C3F309434B4398
:10ECA00082F480721E49883201FB02334FF4FA214C
:10ECB0005B00B3FBF1F201FB12331A49B3F57A3F63
:10ECC00028BF0132C1F80429D0F820364FF47A6009
:10ECD000C3F30802C3F30943434340F6C41082F46C
:10ECE000807202F2172200FB02334FF47A701B0A83
:10ECF000B3FBF0F200FB12330020B3F5FA7F4FF0C4
:10ED0000010328BF0132C1F81C27C1F80009C1F86E
:10ED1000003608BD0020A1071C17002000C0FF001E
:10ED2000B80B008000001250BFF34F8F0549064B0F
:10ED3000CA6802F4E0621343CB60BFF34F8F00BF99
:10ED4000FDE700BF00ED00E00400FA0570B50B78A8
:10ED500092B006460C4607AD032B31D8DFE803F02E
:10ED6000022A2C2E19492846FBF725FC05956378C5
:10ED7000174A0493A3781E210393E3780AA8029309
:10ED8000237910AD019363790093A37913F078FB95
:10ED900032460AAB1C4603CCAC421060516023469D
:10EDA00002F10802F6D1206810603046A3889380F3
:10EDB00012B070BD0749D6E70749D4E70749D2E743
:10EDC0000A212846064A13F05BFBCFE7C3AD0300D8
:10EDD000E5AD030069B10300CAAD0300D4AD030083
:10EDE000DEAD03000E4B402928BF402170B51D4603
:10EDF0000C4C4618B04203F1020304D1002305F87D
:10EE00001130074870BD02781209A25C03F8022C89
:10EE100010F8012B02F00F02A25C03F8012CE9E7C5
:10EE2000936F0020A6F803002DE9F341044617462E
:10EE300098461F4DD5E8AF3FDA071DD530B94521BB
:10EE40001C4814F0CAFA6FF0010016E001A914F092
:10EE50006CFB02280246F6D12046174918F04AFDFD
:10EE60000028F0D1D5E8AF3FC3F3C0061B0707D594
:10EE70005721124814F0B1FA002002B0BDE8F08129
:10EE8000A5F1D404072221464046B847062809D8F0
:10EE900045210B4814F0A1FA45F8D46CE671C4F88A
:10EEA0000360E9E70723B0FBF3F0E071E4E700BF9C
:10EEB000DC12002020C10300D1AD030046C10300D5
:10EEC0006FC103002DE9F04389B0DDF840909D79D2
:10EED0005E791F7993F803C093F802E093F80180FC
:10EEE0000C461B78B9F1000F15D0CDE90639CDE9F4
:10EEF00004E81346CDE9027CCDE900560D4A13F033
:10EF0000BFFA002813DBA0422CBF6FF015000020D1
:10EF100009B0BDE8F083CDE90583CDE903CE134602
:10EF2000CDE90167044A009513F0AAFAE9E76FF00A
:10EF30001500EDE799C10300BDC1030010B5FDF751
:10EF40000FFC044620B102464521024814F045FA60
:10EF5000204610BDDEC1030070B504461E461546AE
:10EF60008CB0AAB129B10A4602A8042113F045FECB
:10EF700002A900912B462246242103A8FFF7A2FFF5
:10EF800070B93146109A03A8FDF75AFA0CB070BD5B
:10EF900003462421044A03A813F072FA2328F0D967
:10EFA0006FF01500F2E700BF08C2030007B50B4B76
:10EFB0000B48DA79C2EBC202009200221146FFF739
:10EFC000CBFF024630B14521064803B05DF804EBA3
:10EFD00014F003BA03B05DF804FB00BF0812002070
:10EFE000D1AD03000EC2030030B5044615468DB006
:10EFF0009AB129B10A4602A8042113F0FEFD02A924
:10F0000000912B462246242103A8FFF75BFF60B93D
:10F0100003A814F062FA0DB030BD03462421044A5F
:10F0200003A813F02DFA2328F2D96FF01500F2E7A8
:10F0300008C2030007B5009313460A460146034879
:10F04000FFF78AFF03B05DF804FB00BFDFDE0300BB
:10F050000A4601460148FFF7C7BF00BFDFDE0300D5
:10F0600007B5009313460A4601460348FFF774FFAD
:10F0700003B05DF804FB00BFD9DE030007B50093C1
:10F0800013460A4601460348FFF766FF03B05DF8E2
:10F0900004FB00BFC8DD030007B500220346009152
:10F0A00003481146FFF758FF03B05DF804FB00BFAB
:10F0B000D1DE030008B502480DF03AFE002008BD7D
:10F0C00004160020F8B5184DD5E8AF3F13F0010F36
:10F0D0002E4627D015F8CD3CA5F1D40783B901F011
:10F0E000A1FE044628B14521104814F076F92046C7
:10F0F000F8BDFB7923B901F0A5FE04460028F2D142
:10F10000D5E8AF3F5A0701D400F01AFFD6E8EF3F29
:10F1100023F40062C6E8E12F0029F7D11B0501D5D1
:10F12000FFF7C8FF0024E2E7DC1200202EC2030034
:10F1300007B5009313460A4601460348FFF70CFF44
:10F1400003B05DF804FB00BF0AE503000A46014670
:10F150000148FFF749BF00BF0AE5030010B50024CE
:10F16000094B86B009480393CDE904440DF0A6FE8F
:10F1700003AB009340F638020A23054903480DF01B
:10F18000B3FE204606B010BD66C20300702D0020FD
:10F19000C0790020014601480DF0A2BF702D00206B
:10F1A0000146014816F0A9BE702D0020884208B51E
:10F1B00001F110030CD998420FD20C490C4840F2CF
:10F1C000B32213F00DFD40F2B321084813F0FFFC09
:10F1D000F3D000F110029142EEE7013813F8012D4F
:10F1E0008B4200F8012FF9D108BD00BF6FC20300A8
:10F1F00012B30300034630B41A780846012A11D02E
:10F20000022A20D062B9124A02F1100452F8045BBB
:10F21000A24241F8045BF9D15B881A0A8270C3707C
:10F2200030BC70470A4A02F1100452F8045BA24253
:10F2300041F8045BF9D15B681A0C190E4270017039
:10F24000C3F30722EAE7591C30BCFFF7AFBF00BF8A
:10F25000B7F8030010B514F03AFC16F05EFE044651
:10F2600008B90EF091FD064BD3E8AF3F0BB10A2071
:10F2700098471CB9BDE810400EF0D8BD10BD00BFC6
:10F28000A4670020811EC9B21E2938B5044604D8DF
:10F29000184820FA01F1C90708D4174917487A22FB
:10F2A00013F09EFC7A21144813F091FC144814F0DA
:10F2B0000AFB0546C8B1082C19D00BD8022C0FD078
:10F2C000042C14D00F490D48522213F089FC52210E
:10F2D0000C48E9E7102C01D0202CF3D1052100E0E7
:10F2E000042105F10C0014F00BFB284638BD022167
:10F2F000F7E700BF41000040A1C2030012B30300C2
:10F30000001A0020D0C20300034BD3E8EF2FC3E85C
:10F31000E10F0029F9D17047A46700200F2810B52C
:10F320000CD80D280CD90A4814F0CDFA044618B1AF
:10F3300004210C3014F0E4FA204610BD1328F2D05A
:10F3400009B10448F0E70220BDE81040FFF79ABF7A
:10F35000581A00207C19002038B50B6805460C4669
:10F3600043B90D490D48FA2213F03AFCFA210A4834
:10F3700013F02DFC4A68DA600B684A895A820868E3
:10F38000FFF734FB20461022002118F0A4FA28468B
:10F39000BDE8384014F09BBBA1C2030012B30300C8
:10F3A0002DE9F84305460C461F46164642B9244946
:10F3B000D622244813F014FCD621214813F007FC70
:10F3C00030B91F49D7221F4813F00AFCD721F4E7B0
:10F3D000CA684B699A4206D11949DB22194813F0D1
:10F3E000FFFBDB21E9E7084614F089FB804630B1DA
:10F3F0001349DD22134813F0F3FBDD21DDE701F1B2
:10F400000C09484605F10C0114F067FAE3686269DB
:10F4100031469B1A13FA86F36B82012348466B72BE
:10F420002E82FFF7F9FBE36828467B60638AC4F805
:10F430000C807B81A4F812803C60BDE8F88300BF9B
:10F44000A1C2030012B30300C36857211A78014810
:10F4500013F0C3BF11C3030038B505461446084670
:10F4600002EBC3039C4202D16FF05E000FE0224624
:10F4700012F8081BA9420FD1028A6378934207D978
:10F4800006482B46452113F0A8FF6FF0150038BD44
:10F49000636898470020FAE71446E3E73EC3030099
:10F4A00038B5C5682B7893B9B5F801400F212046CF
:10F4B00002F0D2FDEB78054650B90A4A118831B9FD
:10F4C0006FEA04506FEA10501080074A137038BD7D
:10F4D0000373012102F000FD2846BDE8384002F028
:10F4E00085BC00BF706F00201470002070B5C36829
:10F4F0001D78B5B9B3F801600F21304602F0ACFDBC
:10F50000044630B93246BDE870404521054813F045
:10F5100064BF294602F0E0FC2046BDE8704002F0DE
:10F5200065BC70BD65C3030010B5C3680121B3F8A5
:10F530000140204602F090FD30B92246BDE810405F
:10F540004521034813F049BFBDE8104002F04EBC0E
:10F5500090C3030010B5C36801211C88204602F047
:10F560007BFD30B92246BDE810404521034813F029
:10F5700034BFBDE8104002F039BC00BF90C30300A7
:10F5800037B508210C30FFF761FB01210446B0F8C4
:10F59000010002F061FD054640B94521B4F80120A3
:10F5A0000F4803B0BDE8304013F017BFE3788DF883
:10F5B000003023798DF8013063798DF80230A3791A
:10F5C0008DF80330E3798DF8043002AB13E90600BF
:10F5D00003F0E0F9284603B0BDE8304002F006BC75
:10F5E000B9C30300012108B50C30FFF72FFBBDE8BC
:10F5F000084002784521014813F0EFBEF3C3030031
:10F60000014608B50748FFF757F90749074816F0BC
:10F6100074FC021E05DABDE808404521044813F0D9
:10F62000DCBE08BD3C13002024160020C02E0020A4
:10F630001AC4030073B5C5680121B5F801603046EE
:10F6400002F00AFD044638B9324645212B4802B083
:10F65000BDE8704013F0C1BE2B781A2B19D1C378C6
:10F66000012B47D14FF48041043014F07BFA43045E
:10F670000FD4D4F88C3069460093D4F894302046E7
:10F68000019303F045FE204602B0BDE8704002F051
:10F69000ADBB2B7873BB40F2E243B5F803201849A9
:10F6A0005A43C4F88820B5F80530A4F89030B5F86E
:10F6B0000730A4F89230A2F5EA530C3B8B4203D9F1
:10F6C0005721104813F089FEB4F89020B2F5FA7F64
:10F6D00003D357210C4813F080FE40F67641B4F86E
:10F6E0009220A2F10A039BB28B4203D9572107480B
:10F6F00013F073FE204602F045FFC4E790C30300F9
:10F7000095F03C003CC4030068C4030094C40300AB
:10F7100010B5002486B003AB00934FF462724FF033
:10F72000FF3305490548CDE9034405940DF0DCFBA2
:10F73000204606B010BD00BFF8810020182E002022
:10F7400010B5084C0146062294F86F0003F0A6F8A5
:10F7500038B994F86F000522BDE81040024903F063
:10F760009DB810BD081200208CF8030073B5054643
:10F770000C46FFF771FE5F300BD1268AE0683146F8
:10F78000FFF730FB334600902A465721024813F01A
:10F7900024FE02B070BD00BFC5C4030010B5012136
:10F7A00004460C30FFF752FA2146BDE81040022310
:10F7B000014A0078FFF7DABF3091030070B53B488B
:10F7C000FFF7CCF8044600286FD000F10C0528465E
:10F7D00014F0ADF80228024604D0042844D0452194
:10F7E000334804E0228A032A04D84521314813F023
:10F7F000F4FD11E004212846FFF728FAFF22438890
:10F8000006882276228AC6F30B009342608307D0D3
:10F810004521294813F0E1FD2046FFF7E7F813E002
:10F820000F2102F019FC054618B94521628B2348C7
:10F83000DDE702F035FC21462076320B284602F047
:10F8400041FA284602F0D2FA1D4BD3F8343163B3A3
:10F850001C491D4816F051FB021E26DABDE8704017
:10F8600045211A4813F0B9BD28460221FFF7EEF9E9
:10F87000054600783E2811D014F062F910F0020617
:10F880000CD140F69A421249124813F0A9F986F3B6
:10F890001188BFF36F8F0323184602DF062321462A
:10F8A0000D4A2878FFF762FFB6E770BD3C130020D1
:10F8B00096C50300ECC4030012C503003BC503005A
:10F8C0000812002024160020C02E00201AC40300B5
:10F8D00062C5030012B303004091030010B501217B
:10F8E00004460C30FFF7B2F92146BDE81040112361
:10F8F000014A0078FFF73ABF7091030073B50446E0
:10F9000001210C30FFF7A2F9057800232146284693
:10F91000094AFFF7A1FD5F300BD1268AE068314626
:10F92000FFF760FA334600902A465721034813F048
:10F9300054FD02B070BD00BFF8910300AFC50300D5
:10F9400070B5C5680121B5F80160304602F084FB4E
:10F95000044630B93246BDE8704045210B4813F0EB
:10F960003CBD2B783BB9D5F80330C0F89830D5F8BA
:10F970000730C0F89C30201D4FF4803114F0F2F8AD
:10F980002046BDE8704002F031BA00BF90C30300CA
:10F99000054BD3E8AF2F02F00B02D3E8EF1FC3E80B
:10F9A000E02F0028F9D17047DC1200203C2870B508
:10F9B00004461AD101F0A0FB6FF48071103014F0EE
:10F9C000DCF80020FFF7BCFE054628B9BDE8704012
:10F9D00045210A4813F001BD0473002102F07CFAAE
:10F9E0002846BDE8704002F001BA0246BDE870400A
:10F9F0005721034B034813F0F0BC00BFE6C50300DA
:10FA0000C8AF03000CC603002DE9F0470C460EF00A
:10FA1000BBF9E5682A78022A73D0042A09D0452167
:10FA20003C4813F0DAFC2046FEF7E0FF6FF01504C7
:10FA30000DE0B4F81080B8F1020F0DD84246452110
:10FA4000354813F0CAFC2046FEF7D0FF00240EF024
:10FA5000EDF92046BDE8F08768783E280DD1B8F171
:10FA6000030F03D1424645212C48EAE7EB78012BEE
:10FA700001D00A2B45D1032704E014F061F80746B2
:10FA8000F8073ED504F10C0601213046D4F814A045
:10FA9000FFF7C2F802213046FFF7D8F88146007818
:10FAA0003E2807D1E3681B78012B01D00A2B06D131
:10FAB000032613E014F044F8C10706460ED441F2C1
:10FAC00068121749174813F08BF8002383F3118845
:10FAD000BFF36F8F0323184602DF0226124A062364
:10FAE000214699F80000FFF741FEB2070DD5636982
:10FAF000A5EB0A0513FA85F5E560A4F81080BB07AD
:10FB0000A4D52046FFF77CFDA0E72046FEF76EFF58
:10FB1000F5E700BF73C603002DC603004EC6030001
:10FB200062C5030012B30300009103002DE9F04702
:10FB3000884617460646002800F082800023DFF83A
:10FB40000491D9E8EF4FC9E8E23F002AF9D134B96E
:10FB50003246BDE8F04745213B4813F03EBC204605
:10FB6000FEF7B0FD4FF00C0A384D0AFB00504388F9
:10FB7000B3421DD02046FEF7A5FD0AFB00503246D9
:10FB800043884521324813F028FCD9E8EF3FC9E803
:10FB9000E24F002AF9D1002B52D02E492E4840F6D0
:10FBA000EE1213F01DF840F6EE112A4813F00FF88C
:10FBB000A74208D02046FEF7A7FD3A8AF96804F16B
:10FBC0000C0013F091FE2046FEF77CFD0C2606FB90
:10FBD00000504368ABB1B8F1000F12D12046FEF7D8
:10FBE00071FD012106FB00504268536803F01F00BD
:10FBF000814010685B0900EB8300137AE3B113F0D6
:10FC0000B1FF2046FEF75EFD0C2606FB0050836820
:10FC10006BB12046FEF756FD704305F80080204684
:10FC2000FEF750FD06FB0055A8680CF08DFC204641
:10FC3000BDE8F047FEF7DABEC94313F09EFFE0E7E8
:10FC4000BDE8F087381300208CC60300A8670020A9
:10FC5000B9C6030062C5030012B303002DE9F347E0
:10FC6000D0F80C80018A98F80020930001338B4271
:10FC700064D900913348452113F0AFFB02B0BDE8D1
:10FC8000F0872A464521304813F0A7FB013698F843
:10FC900000309E42F2DA08EB8603B3F801500F21E0
:10FCA0002846B3F8037002F0D7F904460028E8D0DC
:10FCB00000F1BC091FB9204602F098F8E6E7656933
:10FCC00075B94521214813F088FB214940F287226C
:10FCD000204812F085FF40F287211D4812F077FF7F
:10FCE000A2692B6895422046636108BFA36101F0B9
:10FCF0007FFF0CF029FCC5F800A0236A7BB9C4E99A
:10FD00000755D9E8AF3F013FBFB25BB910494FF487
:10FD10002472104812F064FF4FF42471DDE71D6077
:10FD20002562EEE7D9E8EF3F013BC9E8E23F002A50
:10FD3000F8D10021204601F067FFBBE70026B2465C
:10FD4000A5E700BFF1C6030021C7030042C70300B7
:10FD500062C5030012B3030010B5C1E900239DF88A
:10FD600008300C460B72FEF7ADFC0C22024B02FB76
:10FD700000335C6010BD00BFA8670020F8B50246E4
:10FD80000B46104813F09FFD0446C0B104210C300F
:10FD9000FEF7D6FE2046FEF795FC0C2700260A4DFE
:10FDA00007FB005046802046FEF78CFC07FB005006
:10FDB00086602046FEF786FC07FB00556E602046F5
:10FDC000F8BD00BFD4190020A867002029289ABFD9
:10FDD000014B185C09207047D1F8030070B5C36867
:10FDE0000F21B3F801601D78304602F035F9044662
:10FDF00030B93246BDE870404521174813F0EDBADE
:10FE000065B12846FFF7E2FF29460246204602F088
:10FE1000A1FC2046BDE8704001F0E8BF8378012BCB
:10FE200007D107F031FA204613F072FE002808BF10
:10FE300005252846FFF7CAFF29460246204602F05C
:10FE400089FC002DE5D04521044813F0C6FA0521B0
:10FE5000204602F09FF9DCE765C303005EC703009C
:10FE6000F8B5C6680F21B6F801703578384602F04B
:10FE7000F3F8044630B93A46BDE8F84045211D483C
:10FE800013F0ABBA65B12846FFF7A0FF294602463A
:10FE9000204602F05FFC2046BDE8F84001F0A6BF16
:10FEA000F378C27A9A4204D15721134813F095FA95
:10FEB000F1E78278C372012A08D10BB107F0E4F9A7
:10FEC000204613F025FE002808BF05252846FFF729
:10FED0007DFF29460246204602F03CFC002DDAD088
:10FEE0004521064813F079FA0521204602F052F91F
:10FEF000D1E700BF65C3030089C703005EC70300E5
:10FF000010B5044692B048226846064917F0D6FC60
:10FF1000112C9DBF12AB03EB840454F8480C02482B
:10FF200012B010BD58880300BDC70300034B014643
:10FF3000D3F8500182689268104700BF0812002071
:10FF400070B5042192B0264C264813F00BFE4921CF
:10FF5000254A264813F041FA254DE179254A0AA899
:10FF6000012998BF15462146FEF7F0FE2A46492191
:10FF700021480AAB13F031FA26460125E37907360A
:10FF80009D4220DB94F870502846FFF7B9FFB4F883
:10FF9000763002460193B4F8723049210093174835
:10FFA0002B4613F01AFA94F871502846FFF7A8FF71
:10FFB000B4F874300246009349212B46104813F0E0
:10FFC0000CFA12B070BD314602A8FEF7BFFE2A46F9
:10FFD00049210C4802AB13F000FA0135CEE700BF0F
:10FFE00008120020DC120020C9C70300CDC703009F
:10FFF000C5C70300C8AF0300E4C703000EC8030071
:020000040002F8
:1000000051C80300F8C7030000487047D4B103008B
:1000100008B50949094815F070FF00280ADA0849AF
:10002000084841F25F4212F0DBFD41F25F410448B3
:1000300012F0CDFD08BD00BF14160020182E0020C0
:1000400062C5030012B3030070B505460C4639B112
:10005000CB684A699B1A032B0ED86FF0150509E08F
:100060004FF0FF304FF0FF31FFF788FE044618B91C
:100070006FF06805284670BD2046FEF723FB0C2272
:10008000154BA61802FB0033032130465D80FEF7B6
:10009000A7FD0580238A0121033B8370304613F0BE
:1000A0003FFC40F635439D420ED12046FFF73EFF10
:1000B00005460028DED002464521084813F08DF998
:1000C0002046FEF793FCD5E72146054815F09BFE38
:1000D0000025FFF79DFFCDE7A86700207DC803003E
:1000E000441300202DE9F043804617460C4687B0A4
:1000F00069B94FF0FF304FF0FF31FFF73FFE044684
:10010000B0B96FF06805284607B0BDE8F083887A7B
:10011000FEF7D0FA2E4B83420AD02E492E484FF4D8
:10012000D77212F05DFD4FF4D7712A4812F04FFDDF
:1001300002AE01220021304615F07EFE2046FEF779
:10014000C1FA0C23DFF8949003FB009086602046F0
:10015000FEF782FC01464046FFF776FF054618B1E0
:100160002046FEF743FCCEE7002330461C4A0CF045
:100170004FFA60B14FF4F1721649174812F030FD92
:1001800085F31188BFF36F8F0323184602DF2046E3
:10019000FEF798FA0C23584319F800608EB1114B02
:1001A00042465721104800933346093E13F015F993
:1001B000F6B22046FEF71AFC092E06D80B4B9D57C7
:1001C000A1E7002FCCD03C609DE76FF004059AE7D3
:1001D000D419002062C5030012B30300A8670020F1
:1001E000B4C40400C8AF0300A4C80300C7F80300E8
:1001F00073B506460D4642F22F00002101AAFFF713
:1002000071FF044630B14521124813F0E6F820464C
:1002100002B070BD0198C368B3F801203280B3F812
:1002200003302B80FEF7E2FB3288A2F11B03E02BA8
:1002300003D95721084813F0D0F844F248112A880E
:10024000A2F5A4739BB28B42E1D95721034813F066
:10025000C4F8DCE7C8C80300EDC8030017C90300F1
:100260002DE9F047047805468CB054B159495A48F5
:1002700040F2815212F0B4FC40F28151554812F024
:10028000A6FC564BB0F80190198849F4704291428F
:1002900005BF1C80524BA04693F8008000F0C2FBC3
:1002A000EB782F1D012B08BF4E4B384608BF93F843
:1002B0006F4013F008FC02AE3946F8B14FF0010A66
:1002C000304613F0F5FBD5F81130CDF80130B5F814
:1002D0001530ADF80530EB78012B24D0394604A851
:1002E000FEF734FD4521404804AA13F076F81321A7
:1002F000484613F0A4FC0CB0BDE8F087204613F08C
:10030000B2FD0346006895F804A002909A889B7994
:100310006868B280B371BA88BB790090ADF80420E8
:100320008DF80630D7E73046FFF70AFA0446002872
:10033000D4D00346B5F8012023F8702BB279029887
:10034000B18820679A7140F2E2429980B5F817307F
:1003500053430022C4F88830B5F81930A4F890301F
:10036000B5F81B30A4F89230EB782273012BE370C0
:100370001CD18DF800A0BDF804209DF8063000982F
:10038000A4F87B2084F87D30C4F8770000F0B4FE38
:10039000237A1449C3EBC3035A18CB58C4F87E30F0
:1003A0009388A4F88230937984F88430072120461A
:1003B00001F092FDB8F1000F05D00121204684F82C
:1003C0000C8001F089FD204601F0D4FE204601F0AA
:1003D0000DFD90E762C5030012B30300706F0020AB
:1003E00014700020081200203FC9030000B5C36844
:1003F00089B0187820B109B05DF804EBFFF7D6BAE0
:10040000B3F801208DF80000ADF80120DA788DF8FE
:100410000320B3F80B20ADF81720B3F80D20ADF88A
:100420001920B3F80F20ADF81B205A7C8DF81D2041
:10043000586801901A899B7AADF808208DF80A3027
:10044000084B68461A689B88CDF80B20ADF80F3032
:10045000CDF81120ADF81530FFF702FF09B05DF8B7
:1004600004FB00BFA0F8030010B5FAF73DFA034BF8
:100470001B6813B1BDE81040184710BDCC670020C1
:1004800073B52C4D0646D5F8500115F061FC40B906
:100490004521294812F0A1FF6FF01204204602B056
:1004A00070BD6FF0020105F1D40013F066FB01216D
:1004B00013F058FBC30739D4FEF740FD044600286B
:1004C000ECD11E4B1E60012205F59070114615F00F
:1004D000B3FC05F59E7015F08DFC19480CF0EEFC90
:1004E0006FF0070340F698021649154800940CF087
:1004F000FBFC1549124815F016FDD5F850011349BB
:1005000083681B689847044628B102464521104875
:1005100012F063FFC2E726B902B0BDE87040FAF7F7
:10052000E3B905F1C4000CF003FCB7E76FF0770402
:10053000B4E700BF0812002020CB0300CC670020E6
:10054000C02E0020808500203DCB030009FA010069
:1005500046CB0300F0B5C56801212F8887B0BCB237
:10056000204601F079FD064638B922464521264845
:1005700007B0BDE8F04012F030BF02ACD5F8022061
:10058000D5F8063001946989009114F044FE40B317
:100590004FF0FF304FF0FF31FFF7F0FB054640B959
:1005A00045211A4812F019FF304601F01FFC07B030
:1005B000F0BD12210C30FEF7DFFA0346224623F885
:1005C000027B144603CC596006A98C42186022466F
:1005D00003F10803F5D1294642F21A00FFF734FD72
:1005E000E2E74FF0FF304FF0FF31FFF7C7FB044663
:1005F0000028D5D002210C30FEF7BEFA2146078034
:1006000042F21B00EAE700BF90C3030067CB030080
:1006100070B506460D464FF0FF304FF0FF31FFF743
:10062000ADFB044628B9BDE870404521074812F0EB
:10063000D4BE03210C30FEF79FFA06808570214658
:10064000BDE8704042F22100FFF7FEBC83CB0300FF
:1006500073B5C368D9789A781E8842EA0122ADF84A
:10066000002059791A79B4B242EA0122ADF8022089
:10067000D9799A79204642EA0122ADF804201A7A03
:100680005B7A012142EA0323ADF8063001F0E4FC75
:10069000054650B945211C48224612F09EFE022113
:1006A0002046FFF7B5FF02B070BD694601F0C6FFF6
:1006B00038B91E212046FFF7ABFF284601F096FB14
:1006C000F1E74FF0FF304FF0FF31FFF757FB0446E3
:1006D0000028F2D00E210C30FEF74EFA00230680DF
:1006E000C0F80A30BDF8003021464380BDF8023022
:1006F0008380BDF80430C380BDF80630038142F228
:100700002000FFF7A1FCD8E790C3030070B50446B2
:1007100003210C30FEF79AFAE2680346117840F69E
:100720003542B0F80100904207D1BDE870400A465A
:10073000084B5721084812F050BE1D782246FFF79B
:10074000F5F935B105480BF0FFFEBDE87040FFF745
:100750005FBC70BDC8AF0300A2CB0300281300200C
:1007600038B50DF011FB2D4DD5F83C31002B52D092
:100770000022002305F590700BF04AFF00284AD1B3
:100780000022002305F59E700BF066FE044660B95A
:1007900040F6AA422249234812F022FA84F3118833
:1007A000BFF36F8F0323184602DFD5F8303153B102
:1007B00045211D4812F011FED5F83001FEF716F95B
:1007C0000023C5F830312046FEF746F9C5F8300160
:1007D0002046FFF7ABFB0246B8B14521134812F0A3
:1007E000FCFD13480BF0B0FE2046FDF76BFF0C221A
:1007F000104B1F2102FB003022464088FFF796F97C
:100800002046FEF7F3F8FFF703FCFFF701FCBDE815
:1008100038400DF00BBB01F0EFFCF8E708120020A8
:1008200062C5030012B30300DFCB03007DC80300E1
:1008300028130020A867002038B5042104460C3096
:10084000FEF704FA4578017822464088FFF76EF9F2
:1008500035B104480BF078FEBDE83840FFF7D8BB4F
:1008600038BD00BF28130020F8B506460024094D06
:10087000EF79E3B29F4202D86FF0010007E029460A
:10088000304613F03AFA0735631C08B12046F8BD2C
:100890001C46EEE70812002037B504460D46B9B1F4
:1008A0002846164913F029FA90B929461448C4EB92
:1008B000C404204413F029FA124813F02DFA430718
:1008C00003D5FEF7F7FB13F096F8002003B030BD18
:1008D000684613F0DFF80028F8D16846FFF7C4FF38
:1008E0000028F5DA064BC4EBC4006946184413F03F
:1008F0000CFA002DE0D001462846DBE793F8030010
:1009000008120020DC12002070B5194E0622314674
:10091000054616F0EFFF30B34FF0FF304FF0FF31D8
:10092000FFF72CFA044600B3062229460C3012F0D9
:10093000DBFF2146002242F20500FFF7D3FB04460D
:1009400040B110F10D0F03D157210A4812F045FDB7
:10095000204670BD33462A6843F86929AA88B280C8
:10096000012283F868200024F2E76FF06804EFE7C3
:100970007112002024CD030038B505460C4651B94C
:100980001E4940F2DD321E4812F02AF940F2DD31F4
:100990001A4812F01CF9086840B9184940F2DE32D2
:1009A000174812F01DF940F2DE31F1E745B913495D
:1009B00040F2DF32124812F013F940F2DF31E7E77C
:1009C000037A5A0708D50D4940F2E1320C4812F07B
:1009D00007F940F2E131DBE74B686BB90B7A13B9E9
:1009E0002B7A5B0708D52A7803789A4204D02946E7
:1009F00013F0FEF900B1656038BD00BF38CD0300CB
:100A000012B30300064BD3E8EFCF4CF4806CC3E87D
:100A1000E2CF002AF7D1037A19430172704700BF71
:100A2000DC120020084BD3E8EF2F22F48061C3E8EA
:100A3000E01F0028F7D1530504D500220220034906
:100A400006F020BD704700BFDC120020C53E030049
:100A50001FB500230190CDE9023302208DF80C1060
:100A600001AA034906F00EFD029805B05DF804FBEB
:100A700079090200F7B5044670B14B4D95F8122183
:100A800095F813310AB19A4208D2013385F813312F
:100A9000237A43F00403237203B0F0BD0021022245
:100AA000084601F0FBFE064648B120460121FFF74B
:100AB000A9FF304603B0BDE8F04001F097B9014608
:100AC0003A4800F013FB95F8133173B1304613F038
:100AD00063F950B15721364812F07FFC00213548A8
:100AE00003B0BDE8F04000F001BB95F8132195F884
:100AF00012319A4217D157212F4812F06EFC002272
:100B000042F229001146FFF7EDFA10B145212B48BA
:100B1000E2E795F81331013385F81331237A43F076
:100B200004032372DAE72246671C394612F82E0BBB
:100B300013F0F5F8064638B14521214812F04DFC76
:100B4000012013F029F9C9E795F81331013385F82D
:100B50001331237A43F00403237295F8A7305B071F
:100B600002D457211748E9E73946684613F0CDF813
:100B700001234FF0FF304FF0FF318DF80730FFF7C2
:100B8000FDF8044660B1082269460C3012F0ACFE54
:100B90003246214642F24E00FFF7A4FA0028CFD099
:100BA00045210948CAE700BF08120020373E03006C
:100BB00066CD0300CB3D030090CD0300C6CD0300FE
:100BC000EBCD030010CE03003FCE03002DE9F04132
:100BD000044658B3404D95F8122195F8133192B15F
:100BE000013293421BDC00210222084601F056FE2E
:100BF0000646E8B120460221FFF704FF3046BDE873
:100C0000F04101F0F3B853B93449354840F2E542B8
:100C100011F0E6FF40F2E541304811F0D8FF013B0A
:100C200085F81331237A23F004032372BDE8F081A1
:100C300001462C4800F05AFA304613F0ADF806464B
:100C400080B102464521284812F0C7FB95F81331C0
:100C500013B1012013F0A0F8BDE8F04100212348B2
:100C600000F044BA95F8133195F812219A420CD24B
:100C7000013B85F81331237A024623F00403022056
:100C80001B49237206F0FEFBE0E74FF0FF304FF008
:100C9000FF31FFF773F804F10108074668B1072137
:100CA0000C30FDF769FF414613F02FF83246394604
:100CB00042F22800FFF716FA20B145210D4812F044
:100CC0008CFBC3E795F81331013B85F81331237A88
:100CD00023F004032372B9E70812002038CD030083
:100CE00012B30300373E03005FCE0300CB3D030089
:100CF000833D030091CE030070B5044609BB18B3D1
:100D0000244912F0FAFFF8B92046FFF7ADFD00289C
:100D10003ADA237853B92048C279002A34D12146DF
:100D200012F0F3FF0123C371104670BD012B04D1F3
:100D3000A37903F0C003C02B06D04521174812F059
:100D40004CFB6FF01500F0E7134DEB79012B1ED033
:100D500005F1D40012F0E0FFC30707D4002CF0D057
:100D600020460C4912F0C9FF0028EAD1EE7921464D
:100D7000731C3046EB71FFF78FFD08B93046D4E79E
:100D8000EB79013BEB71D0E76FF07700CDE76FF0C7
:100D90000B00CAE793F8030008120020BBCE030043
:100DA0002DE9F341044638B957211A4812F015FBD2
:100DB000002002B0BDE8F081002141F2090001AA43
:100DC000FFF790F9054610B157211348EEE7019E51
:100DD0000622D6F80C80114908F10107384616F0B2
:100DE00089FD28B1062238460D4916F083FD18B951
:100DF0003046FDF7FBFDDBE7D8F801303046C4F89C
:100E00000130BB882570A4F80530FDF7EFFD012007
:100E1000CFE700BFEECE03000CCF0300A0F8030025
:100E20009AF8030007B56846FFF7BAFF044BD8717C
:100E300018B169460020FFF72FFD03B05DF804FBF1
:100E4000081200202DE9F041304E88B0F1790029D8
:100E500055D196F8C24014F0010410D157212C4806
:100E600012F0BBFA0024F471162500240127F3794F
:100E7000E0B283422DD8002B41D000203CE06A46EE
:100E80004FF60940FFF72EF910B157212148E7E747
:100E9000DDF800C0DCF80C5095F80180B8F1000FC7
:100EA0000ED0AB1C02AA12351746186859680833D1
:100EB00003C7AB423A46F7D1186838609B88BB80BD
:100EC0006046FDF793FDB8F1000FCCD157211248D1
:100ED000C6E708AB05FB003353F8182C33F8143C75
:100EE0006946CDF80120ADF805308DF80070FFF7A8
:100EF000D3FC01340028BAD008B0BDE8F08100214D
:100F0000084608B0BDE8F041FFF7F6BE0812002021
:100F10002FCF030060CF030085CF03002DE9F04100
:100F20001D460E461746034640B13DB10A0310D593
:100F30004C0707D54521274812F04FFA6FF01500EE
:100F4000BDE8F08112F0A3FF0028F9D101232B7036
:100F5000F6E7B107047824D01F492FB1B20603D5B4
:100F600091F8D820500632D5C4EBC40411F804809F
:100F7000B8F1010F09D101341846214412F07FFF66
:100F80000028DDD185F8008002E0B8F1000FF9D02B
:100F90002FB1B30642BF2B7843F002032B70002021
:100FA000CEE7720710D50C49C4EBC4040F5D012FC6
:100FB00007D10134214412F062FF0028C0D12F7004
:100FC000E7E7002FE5D1FAE712F061FFBEE76FF027
:100FD0008500B5E7B3CF0300081200202DE9F74FD5
:100FE000884601904FF0FF314FF0FF30FEF7C6FE0C
:100FF000044600284DD020210C30FDF7BDFD002710
:1010000006460021202216F066FC3946D8F800502A
:1010100006F1010BD8F804309F4208D3317000224A
:101020002146019803B0BDE8F04FFFF75BB86A783E
:10103000881C13181F2B95F800C05FFA80F914D98B
:10104000BCF1090FC9F11F0201D1002A0BDC4521B7
:10105000114812F0C2F92046FDF7C8FC6FF01500E8
:1010600003B0BDE8F08F4FF0080C5FFA82FA0AF186
:10107000010E0BF801E00131C9B20BF801C069683B
:101080005844D14416F01AFC01375FFA89F108354B
:10109000C0E76FF06800E3E7DDCF0300F7B5CDE907
:1010A0000001694642F2080016461D469DF8207070
:1010B000FFF794FF044648B95FB90B4BD3E8EF1F25
:1010C00041F00401C3E8E21F002AF7D1204603B033
:1010D000F0BD694642F20900CDE90065FFF77EFFE9
:1010E0000028EAD00446F1E7301200200346014808
:1010F000184700BF2012002000487047201200202F
:101100002DE9F04FD0F8109089B0B9F100040546F0
:10111000B34818BF01240291039312F0E5FE46077D
:10112000924640F189816E6870050CD56FF0150408
:10113000002240F20110029B924540F08681204639
:1011400009B0BDE8F08FD5F81080B8F1000F01D0DC
:10115000B107EBD0A34F2878FB798342E6D9C0EBE7
:10116000C0000722A049384416F0C4FB0028DDD097
:10117000B20706D197F87030082B02D8AB689F2BC6
:10118000D4D916F0300F7AD0B8F1000FCED0F306D4
:1011900078D406F46036B6F5603FC7D0284612F022
:1011A0008DFE80460028C1D0904812F09DFE10F4BC
:1011B000807F8E4E40F0438106F1AC0012F094FE29
:1011C00010F4806F06F1AC0B01D0FFF72BFC00236D
:1011D000CDE90533CDF81B30AB686A68ADF8103047
:1011E000EB6812F4004FADF8123014BF062307234A
:1011F000D00348BF03F00503910348BF03F0FB038E
:101200008DF81D30DBE8EF3F23F48073CBE8E23F3D
:10121000002AF7D12B7822463B7687F86F30696831
:1012200073480DF11503FFF779FE044600287FF49B
:101230007FAF704BB9F1000F31D02A6911684BF8BC
:10124000B31C9188998092799A716B689A0728D01B
:10125000B9F1000F2CD013F0100F0CBF01230423A1
:101260008DF814302B691A68CDF816209A88ADF8DD
:101270001A209B798DF81C304FF000081BE0B8F164
:10128000000F86D1D5E902239A423FF64FAF1F2ABD
:101290007FF64CAFB3F5804F7FF67BAF46E7524AFF
:1012A000CCE79B0502D4039B002B3BD0022300E03C
:1012B0004B468DF814304FF0FF304FF0FF31FEF702
:1012C0005DFD0446002800F0BD800F2204A90C300B
:1012D00012F00AFB2146002242F20600FEF702FF4E
:1012E000044600287FF424AFB9F1000F1ED06868CF
:1012F00010F0030026D1074601213D4812F0F7FD0A
:101300000446002844D045213B4812F066F8002FDF
:101310003FF40EAF3846002100F0DEFD384600F005
:1013200065FD05E703238DF81430A5E75146129BB0
:10133000039A0298CDF80080FFF7B0FE044600281B
:10134000D5D0F5E63C7E072227492A4887F86F402A
:1013500016F0D0FA60B92046284901F033FA074662
:1013600010B96FF00B04E3E6052100F0B5FDC3E70B
:101370002046204901F06CFA00287FF4D7AE387E71
:101380001C4901F01FFA07460028EAD00621ECE7C5
:1013900017B1384600F02AFD6B689F0730D0D6E8B9
:1013A000EF3F43F40073C6E8E23F002AF7D1B8F1FB
:1013B000000F2ED0D6E8EF3F43F48063C6E8E23F4B
:1013C000002AF7D16B6858072CD5D6E8EF3F43F4D5
:1013D0008053C6E8E23F002A3FF4AAAEF5E700BF1B
:1013E000DC1200200812002093F8030030120020C5
:1013F0002012002029120020FBCF03008CF80300EC
:10140000D6E8EF3F23F40073C6E8E23F002ACED0CF
:10141000F6E7D6E8EF3F23F48063C6E8E23F002A10
:10142000D0D0F6E7D6E8EF3F23F48053C6E8E23F9A
:10143000002A3FF47DAEF5E76FF00A0478E66FF01E
:10144000770475E66FF0680472E61988814204D16A
:10145000596811B10978C90702D4013208336BE623
:10146000044905480BF016FE0023044A02480BF01D
:1014700013FF64E6FD140200381200201C4E0E001B
:1014800010B5184812F05BFD174812F02DFD034609
:10149000DA05C0F3002023D5134812F025FD83059B
:1014A00015D512490722124816F024FA03461149AD
:1014B000087E93B90522104901F0F0F9044630B1D5
:1014C0000021017300F008FD204600F08FFCBDE80C
:1014D00010400021034812F00ABD06222131EBE73B
:1014E00010BD00BF201200203012002093F803002E
:1014F00029120020081200208CF8030008B5FFF71D
:10150000BFFF024628B1BDE808405721014811F04D
:1015100064BF08BD1BD00300884208B501F1200359
:101520000CD998420FD20C490C4840F2B32211F06A
:1015300057FB40F2B321084811F049FBF3D000F10A
:1015400020029142EEE7013813F8012D8B4200F89A
:10155000012FF9D108BD00BF6FC2030012B3030011
:1015600070B59AB01822002103A816F0B4F947F21A
:101570001213ADF808304FF4807344F20102ADF855
:101580000A30374B694602A8CDE904230EF09CFAD5
:10159000024610B34521334811F01FFF1F25324B7F
:1015A000D3E8EF1F21F00101C3E8E21F002AF7D1C1
:1015B0002E4E0CF0E9FB346804B1043C002D2C4D98
:1015C00018BF0025002C44D023680BB1284698474B
:1015D0006468002C3DD0043CF6E74122009801AB42
:1015E00009A914F023FF024610B145212148D3E791
:1015F000214A0DF125030DF1650153F8040B8B42CF
:1016000042F8040BF9D120221C49009801AB14F0D8
:10161000EAFE024610B145211948BDE700980EF0D8
:101620003BF9054618B1024645211648B4E7124970
:101630000F48FFF771FF14491448FFF76DFF144B73
:10164000D3E8EF1F41F01001C3E8E21F002AA6D043
:10165000F6E70023C6E900330CF0E8FB1AB070BDD2
:101660000000020946D00300D0670020D8670020A0
:101670007570002069D003003570002015700020BF
:1016800091D00300BAD0030055700020957000205F
:10169000DC12002030B5A7B01822002107A816F0F0
:1016A0001AF904233D22002116A8159316F013F908
:1016B00047F21213ADF818304FF4807344F2010270
:1016C000ADF81A30294B2A49CDE9082306A8202273
:1016D00004AB0EF02DF90246D8B14521254811F092
:1016E0007CFE6FF004040CF04FFB234B1D6865B1CA
:1016F00000201860214BD3E8EF1F21F00201C3E85E
:10170000E21F002AF7D154B3A8470CF08FFB27B093
:1017100030BD1B4B0DF15502194603F1400053F843
:10172000044B834242F8044BF9D105AB02932023CA
:1017300015AACDE900130D484123049914F045FF83
:10174000024610B145210F48C9E704980EF0A4F8ED
:1017500004460028C7D0024645210B48BFE70DA824
:101760000749FFF7D9FE0DA8CEE700BF0000020928
:1017700015700020DFD00300D4670020D067002060
:10178000357000201AD103003BD10300402208B578
:10179000034916F0AFF8B0FA80F0400908BD00BF69
:1017A000FBF8030010B59AB004461822002103A8E4
:1017B00016F091F844F21213ADF808304FF480732C
:1017C0004FF48042ADF80A30144B2146CDE9042392
:1017D00004230DF125008DF82430FFF79DFE04F160
:1017E00020010DF14500FFF797FE412201AB09A949
:1017F00002A80EF09DF8044602A814F032FF2CB99E
:1018000001980EF049F801201AB010BD0448224694
:10181000452111F0E2FD0020F6E700BF00000209BB
:101820005DD1030010B5002833D01D4A136823B1E1
:10183000043B984230D05B68F9E71A4BD3E8AF1FFE
:10184000890706D51848572111F0C7FD6FF00F0022
:1018500010BD1468011D44605068116000B95160EA
:10186000D3E8EF2F42F00101C3E8E01F0028F7D1D1
:10187000D30701D50020EBE70C4BD3E8EF1F21F095
:101880001001C3E8E21F002AF7D10948FDF788FCE0
:10189000F0E76FF01500DBE76FF07700D8E700BFE7
:1018A000D8670020D067002086D10300DC1200201A
:1018B00044160020044BD3E8AF3F13F0100F034849
:1018C00008BF0020704700BFDC12002075700020A8
:1018D00070B50546194803688B4228D0184BD3E8E9
:1018E000AF3FDA0626D5036813B16FF00F0070BD65
:1018F000144AD2E8AF3FDB07F7D4D2E8EF3F43F01A
:101900000204C2E8E64F002EF7D113F00204ECD136
:10191000016029460C48FFF7FFFD0C4805F1200146
:10192000FFF7FAFD0A48FDF73BFC2046DFE76FF0C2
:101930007700DCE76FF07C00D9E700BFD4670020B8
:10194000DC120020D0670020357000205570002088
:101950003416002010B50446FCF7B4FE044901EB30
:1019600000112046FDF7F8FCBDE81040FEF750BB23
:10197000E067002070B50546114B1C6844B154F86F
:101980003C3C3C3C13B12846297B9847E46BF5E787
:101990000C4C0D4EB44211D90C490D4840F2B672B0
:1019A00011F01EF940F2B671084811F010F92368E1
:1019B00013B12846297B98474034EBE7F7D370BD35
:1019C0001468002094840300D4850300B9D1030077
:1019D00012B3030008B5094B1B7853B908490948ED
:1019E00040F2463211F0FCF840F24631044811F062
:1019F000EEF8FCF795FB044B185808BDB9750020AC
:101A000043B3030012B303000800000010B50C46F6
:101A1000817801290AD00B490B4840F2EE3211F0CF
:101A2000DFF840F2EE31074811F0D1F8A16904F176
:101A300018001160E26900211A60E27ABDE81040E6
:101A400015F049BFB9D1030012B3030070B50546C4
:101A50000022002314480AF0DBFD18BB134B1C685E
:101A600034B154F8343C3C3C03B19847E46BF7E79D
:101A70000F4C104EB4420FD90F49104840F27C620F
:101A800011F0AEF840F27C610B4811F0A0F8A368A9
:101A900003B198474034EDE7F9D32846BDE87040DC
:101AA0000BF046B970BD00BFC018002014680020BC
:101AB00094840300D4850300B9D1030012B303005A
:101AC0002DE9F0410446FFF785FF1B4BD3F8883022
:101AD000834223D140270025EFF3118287F3128838
:101AE000BFF36F8FE16929B1206A0B688142E3611E
:101AF00008BF236282F31188BFF36F8FC9B1D1E9A8
:101B000001680E48C1E9015514F07DF91EB10022AB
:101B100041462046B047FEF77BFADDE70849094811
:101B20004FF4937211F05CF84FF49371044811F084
:101B30004EF8BDE8F08100BF70560020101900205B
:101B4000B9D1030012B3030037B5437B0446072B1A
:101B500043D1031DD3E8EF2F42F48061C3E8E51FB2
:101B6000002DF7D1550538D4D3E8AF3FD90324D59C
:101B7000E2781AB957211A4811F02FFC637B072B22
:101B80002BD1184B93F8D8309B0626D512F02AF8A3
:101B900018B30DF1060101A8FEF72AFBE8B9BDF85C
:101BA00006202046BDF8041012F088F80246A0B1C5
:101BB00045210D4811F011FC0FE00A4B93F8D83085
:101BC0001A07D5D512F05FF8024618B1452107482B
:101BD00011F003FC637B072BCAD003B030BD00BFFC
:101BE0000FD20300081200202DD20300E9D1030018
:101BF0000448B0F8FC3000F58070002B08BF0020CE
:101C0000704700BF0812002030B589B004460D4669
:101C1000FFF7E0FE114BD3F88820824205D1204621
:101C200009B0BDE83040FFF74BBF243421461846C9
:101C300014F063F900280ADA09490A484FF4AF7230
:101C400010F0CEFF4FF4AF71054810F0C0FF1DB18A
:101C5000694620460BF072F809B030BD705600207E
:101C6000B9D1030012B3030038B5002204468A42FA
:101C700002D10024204638BD012004F1C403D3E87A
:101C8000EF5F002D04D1C3E8EC0FBCF1000FF6D1DB
:101C900002D0C8340244EAE7002CEAD0C422002172
:101CA000204615F018FE04F1400004490BF0F2F94B
:101CB000034904F124000AF047FFDBE7512D02003D
:101CC000653F030070B516460D4601210446FFF737
:101CD0009BFF012E1FD0022E4BD1236933B12C481C
:101CE000452111F07AFB204612F05AF9256121694D
:101CF0000A8A012A4BD9CB681B8804339BB29A42CB
:101D000045D33CD92348452111F067FB2046BDE867
:101D1000704012F045B9206938B945211E4811F0CC
:101D20005CFB204612F03CF901E02A8A22B92846E1
:101D3000BDE87040FCF75ABE018A438A46695B1AC7
:101D4000C168891B5B1A9A420BD94521134811F0CF
:101D500044FB00222046216901F0B2FA00232361EE
:101D6000E5E7E9680C3011F0BFFD2846FCF73EFEC0
:101D7000BDE7324645210A4811F02FFBD1E7002389
:101D800023612046BDE87040012201F099BA70BD80
:101D90004ED20300E2D2030070D2030093D20300BC
:101DA000BFD2030010B580B100F1C402D2E8AF3F4A
:101DB000B3B1591CD2E8EF4F9C4204D1C2E8EC1FEA
:101DC000BCF1000FF6D1F1D110BD0649064840F232
:101DD000B55210F005FF40F2B551024810F0F7FE81
:101DE0001846F1E7B9D1030012B3030038B5044631
:101DF00050B9224940F2DF52214810F0F1FE40F282
:101E0000DF511E4810F0E3FE24300AF009FF04F110
:101E1000C403D3E8EF2F511EC3E8E51F002DF8D10E
:101E2000002A08DC15494FF4BE62154810F0D8FEB0
:101E30004FF4BE61E5E7012A1FD140B10F4940F2DE
:101E4000F9520F4810F0CCFE40F2F951D9E70D4B92
:101E50009C4212D303F1C80294420ED2E41AC82362
:101E6000B4FBF3F203FB12443CB907480AF06CFBE5
:101E7000BDE8384005480AF05BBF38BDB9D1030062
:101E800012B30300682F0020C01800206416002041
:101E900010B50446FFF786FF0BF076FF0C4B04F1FC
:101EA000B801D3F8143143B90A4812F04BF80BF0DB
:101EB000BDFFBDE81040FEF7ABB8994201D01B68EA
:101EC000F1E70BF0B3FF2046FFF790FFF1E700BF0B
:101ED000081200201C1300202DE9F041467B044627
:101EE0008E420D460BD15721082E96BF414B424AD8
:101EF00053F826204148BDE8F04111F06EBA417315
:101F00000EB9FFF74FFF637B082B6CD8DFE803F0B7
:101F1000133D6F6F6F6F6F056F000023C4E90D33C2
:101F2000E378012B63D104F140000023BDE8F041C8
:101F3000334A0BF041B9082E59D8DFE806F02205E4
:101F4000181D1D1D1822220004F1400528460BF023
:101F5000A9F920460121FFF757FE204612F020F88C
:101F60002846BDE8F041002200230BF095B9237B01
:101F700013B12046FFF7FEFC2046BDE8F041FFF715
:101F800035BF2A4657211F48B5E7237B3E2B04D196
:101F9000224657211C4811F020FA1C4D05F5807788
:101FA000616919B9BDE8F041FEF732B8A2690B6862
:101FB000914208BFA36163610023D1E9016814481D
:101FC000C1E9013313F01FFF26B16FF06D024146E6
:101FD0002046B047B5F8FC30002B14BF384600202F
:101FE0000AF0B2FADCE72A4657210A4883E7BDE83F
:101FF000F08100BF0C92030002D303000CD3030056
:102000005A62020022D303003ED3030008120020CC
:10201000101900206AD30300F8B5074609480D4699
:102020001646FFF7BFFE044650B183781F4203D126
:10203000BDE8F840FFF7DABE3146A8472046F7E78B
:10204000F8BD00BF682F0020002201200149FFF7E2
:10205000E3BF00BF491B020070B505460E480E469F
:10206000FFF7A0FE044698B1437B012B02D0073B4B
:10207000012B0BD82388AB4207D1A3781E4208D18D
:102080002A465721054811F0A8F92046FFF7AEFE71
:102090000024204670BD00BF682F00208BD30300B2
:1020A00008B50F4B98420AD303F1C802904206D2FA
:1020B000C822C01AB0FBF2F302FB130353B1094963
:1020C000094840F21B6210F08BFD40F21B6105488D
:1020D00010F07DFD054BC0105843C0B208BD00BFD5
:1020E000682F0020B9D1030012B30300295C8FC20E
:1020F0002DE9F84305460F4616461C46904699467C
:1021000013F00BFF50B11649164840F2376210F039
:1021100067FD40F23761124810F059FD34430AD090
:10212000FFF758FC104BD3F88830834206D1572173
:102130000E4811F052F94FF00008C1460C494246D2
:102140004B46002D14BF2846084611F0BCFB044640
:1021500018B1791D0C30FCF7F3FC2046BDE8F8837C
:10216000B9D1030012B3030070560020A7D30300B7
:102170002419002010B5044605480AF0D9FD204670
:1021800000F0D4FF2046BDE81040FFF7F3BB00BFCE
:102190005416002010B5437B0446023B062B24D87E
:1021A000DFE803F00B042323231909000173002146
:1021B0002046FFF791FE002010BD8378012BFAD056
:1021C0000B490C484FF4F46210F00AFD4FF4F4612F
:1021D000074810F0FCFC008811F031FD0028EBD11D
:1021E000637B072BE7D10821E2E76FF07F00E3E78D
:1021F000B9D1030012B3030000232DE9F04F85B0DD
:1022000001930393914B5A8B32B1914DD5F8144100
:1022100034B905B0BDE8F08F1B68002BF5D1F8E7A5
:1022200054F8B83903B1B83B00268A4913E0134685
:10223000B5F8FC20002A00F09681D5F80821BAB93B
:1022400004F1B806002BE4D0D3F8B8201C46002ACD
:10225000EDD0A2F1B8039C42EAD17F4940F2B932F5
:102260007E4810F0BDFC40F2B9317B4810F0AFFC65
:102270000A68002AE4D0D4F8A420002AE0D0D4F8D8
:10228000A820002ADCD0D4F8AC20002AD8D0637B68
:10229000072B3AD120469047002836D004F1BC03E2
:1022A000D3E8AF3F022B30DC2046FFF77BFD04462E
:1022B0000028AED0637B072B40F052812046D4F833
:1022C000A430B5F8FC1002AA98470746002800F091
:1022D0003A81B5F8FC20029B9A4206D30146D4F815
:1022E000A860204603AB01AAB047DDE9019A3B8A0A
:1022F000DDF80C80002B39D157494FF42472574830
:1023000010F06EFC4FF42471AFE704F1B803B34250
:1023100008D1514940F2D632504810F061FC40F2E9
:10232000D631A2E7D4F8B820C6B9D5F81811C5F847
:1023300014218B4201D1C5F8182100232046C4F88E
:10234000B830D4F8AC3098470028B3D0637B072B63
:1023500040F006812046FFF79BFDABE73260D5F8E1
:102360001821934208BFC5F81861E6E7384611F016
:10237000C6FB40B1384940F29722384810F030FC93
:1023800040F2972171E7B5F8FC303548002B08BFC3
:102390000020002200230AF03BF940B12E4940F210
:1023A000A7222E4810F01CFC40F2A7215DE7002276
:1023B000002328480AF050F8064640B9264940F262
:1023C000B222264810F00CFC40F2B2214DE7C0E9E1
:1023D0000198B5F8FCB03B7ADA4503F1FF3398BFBA
:1023E0001FFA8AFB012B08D91B4940F2D2221B4855
:1023F00010F0F6FB40F2D22137E7384611F07FFBB0
:10240000814630B11449AC22144810F0E9FBAC21EC
:102410002BE70146002200230C48FCF789F980468F
:1024200058B1FCF74FF90F4B394603EB00135A46EE
:102430004046FCF7B5FF0746B0B9074940F2DB223A
:10244000064810F0CDFB40F2DB210EE7A819002072
:102450000812002010190020B9D1030012B30300A4
:1024600008130020E0670020B5F8FC3094F8C08025
:102470009A458CBF4FF0010908F1020884F8C0901A
:1024800098BF5FFA88F804F1BC09D9E8EF3F01333F
:10249000C9E8E23F002AF8D104F1140A3146504657
:1024A00011F050FDA378012B51D107F10C0B042141
:1024B0005846FCF795FB238808F0FD0843EA0833EB
:1024C00003803B8A0221043B4380584611F028FADE
:1024D0003846FDF72BFD8046002841D0D9E8EF3F74
:1024E000013BC9E8E23F002AF8D13146504611F0DD
:1024F0003CFD424645211D4810F06FFF3846FCF771
:1025000075FAD6E9017800233146C6E90133184847
:1025100013F079FC27B16FF06D0241462046B847B1
:10252000B5F8FC301348002B08BF00200AF00CF867
:102530004521114823466FF0040210F04EFF13218D
:102540002046FFF727FE2046FFF750FC61E60B49C7
:1025500040F2FF220A4810F043FB40F2FF2184E6DC
:10256000FDF756FDEFE79368FFDE00BF7DC803006F
:102570001019002008130020D5D30300B9D103009F
:1025800012B3030040F2E2432DE9F041D0F8886035
:102590000446B6FBF3F6031DB6B2D3E8AF2F9204A0
:1025A00013D5B0F88C20B2420FD8B0F88E20B242CA
:1025B0000BD3D0E92412914207D1D3E8EF1F21F4C5
:1025C0000051C3E8E21F002AF7D1174B1D6865B11F
:1025D00055F82C7C3C3D37B131462046B4F892305A
:1025E000B4F89020B847ED6BF1E7104DDFF840806C
:1025F000454515D90F49104840F2FC7210F0F0FA29
:1026000040F2FC710B4810F0E2FA2F6937B1314605
:102610002046B4F89230B4F89020B8474035E7E748
:10262000F3D3BDE8F08100BF146800209484030058
:10263000D4850300B9D1030012B303002DE9F041A2
:10264000074608460D4611F0CFFA064618B900268F
:102650003046BDE8F0811A4B1C6884B154F8303C18
:102660003C3C0BB9E46BF8E729463846984700280C
:10267000EDD0284611F0B8FA0028F3D1E7E7114C65
:10268000DFF84480444514D91049114840F63D0212
:1026900010F0A6FA40F63D010C4810F098FA2946D1
:1026A000384698470028D2D0284611F09DFA20B924
:1026B000CDE7CDD2E368002BF1D14034E2E700BF93
:1026C0001468002094840300D4850300B9D103006A
:1026D00012B303002DE9F041C37804468BB900F131
:1026E0007E06174B1D687DB13C3D04F170076B6998
:1026F0001BB13A46314620469847ED6B25B13C3D2B
:10270000F5E700F17706ECE70E4D0F4F04F1700886
:10271000BD4212D90D490E4840F6C51210F060FABC
:1027200040F6C511094810F052FA6B691BB14246D8
:102730003146204698474035EAE7F6D3BDE8F081B8
:102740001468002094840300D4850300B9D10300E9
:1027500012B30300F8B5437A05468372164611F0AA
:1027600047FD134B1C684CB154F8243C3C3C1BB156
:1027700032462846697A9847E46BF4E70D4C0E4FD1
:10278000BC4212D90D490E4840F61E2210F028FA1C
:1027900040F61E21094810F01AFAA3691BB132460F
:1027A0002846697A98474034EAE7F6D3F8BD00BF77
:1027B0001468002094840300D4850300B9D1030079
:1027C00012B3030038B505460C460F480121FFF748
:1027D0004BFAC0B1057223680367A388A0F8743070
:1027E000A37980F876300123437283728370074B9C
:1027F000C0F8A430064BC0F8A830064BC0F8AC3087
:10280000054BC0F88C3038BD682F00201530020011
:102810000D1A0200593F03001800280070B5054644
:102820000A480E46FFF7BEFA044620B18378012B12
:1028300004D0FFF7DBFA0024204670BD324629465B
:1028400011F009FC0028F7D12046F2E7682F00209C
:1028500030B58BB00D46FFF7E1FF0446A8B129461D
:1028600002A8FCF773FA637B5721082B96BF084A2E
:10287000084B52F8233008482246009302AB10F070
:10288000ACFD2046FFF7B2FA01200BB030BD00BF0F
:102890000C92030002D30300FDD30300F8B50546F4
:1028A0000E480E461746FFF77DFA044620B183789E
:1028B000012B03D0FFF79AFA00240DE036B132461F
:1028C000294611F0C8FB08B92046F3E7637BBB42F9
:1028D000FAD1237AAB42F7D12046F8BD682F002009
:1028E00070B58B780646012B0C4692B042D191F818
:1028F000703007AD032B37D8DFE803F002303234F5
:102900001E492846F7F757FE059594F871301E21A9
:10291000049394F872301A4A039394F873300AA817
:10292000029394F87430019394F87530009394F8FE
:1029300076300FF0A5FD32460AAB10AD1C4603CC35
:10294000AC4210605160234602F10802F6D12068C3
:1029500010603046A388938012B070BD0949D0E75B
:102960000949CEE70949CCE70A212846084A0FF071
:1029700087FDC9E700238DF82830DCE7C3AD0300ED
:10298000E5AD030069B10300CAAD0300D4AD030097
:10299000DEAD0300F7B505466E46134BCDE90012D8
:1029A0001C6844B154F8203C3C3C13B131462846E5
:1029B0009847E46BF5E70D4C0D4FBC4211D90D491A
:1029C0000D484FF4406210F00BF94FF44061094894
:1029D00010F0FDF8E36913B13146284698474034BA
:1029E000EBE7F7D303B0F0BD146800209484030034
:1029F000D4850300B9D1030012B303002DE9F041DF
:102A000005460E461746144B1C684CB154F81C3C46
:102A10003C3C1BB13A46314628469847E46BF4E704
:102A20000E4CDFF83C80444512D90E490E4840F662
:102A3000766210F0D5F840F676610A4810F0C7F8D3
:102A4000236A1BB13A463146284698474034EAE7A4
:102A5000F6D3BDE8F08100BF146800209484030021
:102A6000D4850300B9D1030012B303002DE9F0416E
:102A700005460E461746144B1C684CB154F8183CDA
:102A80003C3C1BB13A46314628469847E46BF4E794
:102A90000E4CDFF83C80444512D90E490E4840F6F2
:102AA000876210F09DF840F687610A4810F08FF8B1
:102AB000636A1BB13A463146284698474034EAE7F4
:102AC000F6D3BDE8F08100BF1468002094840300B1
:102AD000D4850300B9D1030012B303002DE9F041FE
:102AE00005460E461746144B1C684CB154F8143C6E
:102AF0003C3C1BB13A46314628469847E46BF4E724
:102B00000E4CDFF83C80444512D90E490E4840F681
:102B1000976210F065F840F697610A4810F057F890
:102B2000A36A1BB13A463146284698474034EAE743
:102B3000F6D3BDE8F08100BF146800209484030040
:102B4000D4850300B9D1030012B30300F8B50546DC
:102B50000E46124B1C6844B154F8103C3C3C13B177
:102B6000314628469847E46BF5E70D4C0D4FBC42C3
:102B700011D90D490D4840F6A66210F031F840F623
:102B8000A661094810F023F8E36A13B131462846DC
:102B900098474034EBE7F7D3F8BD00BF1468002036
:102BA00094840300D4850300B9D1030012B3030059
:102BB000F8B505460E46124B1C6844B154F8083C63
:102BC0003C3C13B1314628469847E46BF5E70D4C81
:102BD0000D4FBC4211D90D490D4840F6B5620FF0BA
:102BE000FFFF40F6B56109480FF0F1FF636B13B1C9
:102BF0003146284698474034EBE7F7D3F8BD00BF8D
:102C00001468002094840300D4850300B9D1030024
:102C100012B303002DE9F04105460E461746144B4A
:102C20001C684CB154F8043C3C3C1BB13A4631465C
:102C300028469847E46BF4E70E4CDFF83C804445A7
:102C400012D90E490E4840F6C5620FF0C9FF40F692
:102C5000C5610A480FF0BBFFA36B1BB13A46314672
:102C6000284698474034EAE7F6D3BDE8F08100BF34
:102C70001468002094840300D4850300B9D10300B4
:102C800012B30300F8B505460E46124B1C6844B15A
:102C900054F80C3C3C3C13B1314628469847E46B51
:102CA000F5E70D4C0D4FBC4211D90D490D4840F6CA
:102CB000D5620FF095FF40F6D56109480FF087FF08
:102CC000236B13B13146284698474034EBE7F7D3DE
:102CD000F8BD00BF1468002094840300D48503006D
:102CE000B9D1030012B3030038B5044608460D46B7
:102CF00010F07AFF38B3154B93F8D830990707D402
:102D0000E37873B129462046BDE8384000F000BBA7
:102D100094F898309A07F3D5231DD3E8AF3F5B04AE
:102D2000EED42946204611F0BCF958B92B88A4F8F6
:102D30008C306B88A4F88E30AB88A4F89430EB8884
:102D4000A4F8963038BD6FF01500FBE7081200209C
:102D5000F7B510F8333C0446A0F140066BBB304693
:102D600011F0E9F92D4B1D684DB155F8383C3C3D4B
:102D70001BB1304614F8341C9847ED6BF4E7284D2E
:102D8000284FBD4212D92849284840F2C5720FF099
:102D900027FF40F2C57124480FF019FF6B681BB183
:102DA000304614F8341C98474035EAE7F6D33046ED
:102DB00003B0BDE8F040FFF719B810F83E3C012B16
:102DC00025D1A0F13C05D5E8EF3F23F40052C5E83A
:102DD000E12F0029F7D19B0411D5E36C69460093DC
:102DE000636D30460193FFF77FFF024688B9D5E84F
:102DF000EF3F23F48053C5E8E23F002AF7D1D5E83E
:102E0000EF3F43F40063C5E8E23F002AF7D103B087
:102E1000F0BD5721064810F0E0FAF0E714680020F2
:102E200094840300D4850300B9D1030012B30300D6
:102E30003BD4030008B568B1094B00F10C011A68D6
:102E400022B9074811F07EF8104605E0914204D0FF
:102E50001268F5E76FF0150008BD6FF07700FBE72B
:102E60001C68002010B50E4812F0C4FF0D490C4834
:102E700012F0C9FF0C490A4812F0C5FF0B49084877
:102E800012F0C1FF11F05BFD03F080F8044628B991
:102E900004F090FA044608B911F0F2F9204610BD8A
:102EA00010190020F0670020FC670020086800204F
:102EB00010B50268D2F8B03053B90C490C484FF441
:102EC0003C720FF08DFE4FF43C7108480FF07FFE0E
:102ED000D2F8B4401968A34200F1440008BFC2F818
:102EE000B4108342C2F8B010E7D110BDEED4030095
:102EF00012B3030008B502460748036823B9074A1E
:102F000042600860184608BD0548452110F065FA82
:102F10006FF00B00F7E700BF28680020589203000D
:102F20001FD5030070B5044652EA030007D1002202
:102F300013462046BDE870400431FFF7D9B80C486D
:102F4000007850B90B490C4840F246320FF048FE69
:102F500040F2463107480FF03AFEFBF7E1F8074D23
:102F6000074ED5F8885030588542E2D1DFE700BFE0
:102F7000B975002043B3030012B30300705600205C
:102F800008000000F8B50F4600210546164600234C
:102F90004FF224420846FFF7C5FF044630B92A46DF
:102FA0004521064810F019FA2046F8BD04210C30DE
:102FB000FBF7E2FD057047704680F5E74BD503004F
:102FC00070B505461E462B681046F3B15B7B072B98
:102FD0001BD1002A0CBF012202220B7A934206DD8C
:102FE00045210B4810F0F9F96FF0150070BDCB7A50
:102FF000072BF9D98861CE6105F1300012F003FF8B
:10300000284611F078F80020F0E76FF07F00EDE738
:1030100078D503002DE9F04706460F469046D0F8D4
:10302000B0403CB1443C236B53B92046FFF740FF0E
:10303000646CF6E7FCF7ECFF00263046BDE8F0874D
:1030400004F13009484612F0F3FE05460028F1D09D
:10305000737B072B0AD0314940F2D63230480FF04B
:10306000BFFD40F2D6312D480FF0B1FD10F047FD05
:1030700028B12A4645212B4810F0AFF9DCE7284655
:10308000FBF7EAFCA56C06469DB9A38C058A403B7C
:103090009BB23F2B03D8238D9D4228BF1D460421A0
:1030A00006F10C00FBF79CFD0580A38C04354380E2
:1030B000A564AF4229D3B6F810A0AA4511D10022C9
:1030C0000023484609F0C8F9864208D013494FF456
:1030D000816213480FF084FD4FF48161C3E7FBF771
:1030E00085FCA38CA3F140023F2A06D8AA451ABF4B
:1030F000002213460C4AF361B2612046FFF7D8FE66
:10310000236B13B1204610F0F6FFA36C9F422CBF37
:103110000027DF1BC8F80030A7648EE7EED4030059
:1031200012B303009DD50300334203002DE9F341A0
:1031300004464FF00008364E364FBE4263D936493A
:103140004FF4D37235480FF04BFD4FF4D3710BE0C1
:1031500031884B1E3E2B0AD92F4940F2A9122F4825
:103160000FF03EFD40F2A9112B480FF030FD204634
:1031700011F056F80546019040B1274940F2AD12D2
:1031800026480FF02DFD40F2AD11EDE720467368A3
:1031900001A99847002831DB019B32889A829A84E2
:1031A00003F11002D2E8EF1FC2E8E05F0028F9D176
:1031B0005D649D649D60A16B03F1080201BBC4E9DD
:1031C0000D221C60C3F80C8003F1300012F012FED7
:1031D000019843681B6803B19847019B1033D3E8FB
:1031E000EF1F41F00101C3E8E21F002AF7D1019867
:1031F0004368DB6913B100F11001984708369CE77A
:103200000A60A263DDE7A3D302B0BDE8F08100BF8E
:103210007C84030094840300EED4030012B3030003
:1032200070B50B8A0646032B0D4605D845211F486D
:1032300010F0D3F8002070BD042105F10C00FBF75D
:1032400005FD2A8A41880446914205D00B46452156
:10325000174810F0C2F8EDE7437813B94521154837
:10326000E6E70278012AE5D0132A06D10229E1D047
:103270000A46022345211048EBE757210F4810F07A
:10328000ACF86178022201203568FFF77BFE044626
:103290000028CFD002210C30FBF76EFC0023214622
:1032A00003704370284610F0D1FFC3E7BAD503007E
:1032B000DDD5030003D6030029D6030059D6030049
:1032C00038B50B8A0546032B0C4608D845210E4815
:1032D00010F083F82046BDE83840FBF787BB042197
:1032E00004F10C00FBF7B2FC42882846114610F0AE
:1032F000BEFF20B95721054810F06FF8EAE7436890
:1033000021465B699847E5E786D60300A8D6030007
:1033100070B5134A0C4613780646013313F0FF01CB
:103320000ABF01230B461946137012200822FFF72B
:1033300029FE054688B108210C30FBF71DFC2288C8
:103340002946028062884280A2888280E288C28008
:103350003046BDE8704010F079BF6FF00B0070BDD3
:10336000B570002023281FD81A2804D8431E182B14
:103370000ED906207047A0F11B03082B1ED8DFE8EA
:1033800003F0051D1B231D19251D05000320704793
:1033900001230F4A83401A40C2B90E4A1A40002A3C
:1033A0000CBF06200120704700F07F03522B05D18F
:1033B00000207047012070470520704710F0400F33
:1033C00014BF002006207047042070470220704779
:1033D000AAAA8A025455450138B50446EFF311856F
:1033E000402383F31288BFF36F8F1E480BF090F9D0
:1033F00040B91D4984221D480FF0F2FB84211A4870
:103400000FF0E5FB17480BF0A7F900232360184BDA
:103410005A6872B9C3E9004412480BF087F958B9E9
:1034200011494FF4997211480FF0DAFB4FF499717A
:10343000E5E714605C60EFE785F31188BFF36F8FF9
:103440000C4809F075FC021E0BDA45210A480FF002
:10345000C4FF002383F31188BFF36F8F0323184643
:1034600002DF38BD7C680020C7B3030012B303003D
:10347000746800209C160020E9D60300011F014853
:1034800008F01EBDF417002008B5094B1B7853B98E
:103490000849094840F246320FF0A2FB40F246319B
:1034A00004480FF094FBFAF73BFE044B185808BD94
:1034B000B975002043B3030012B3030008000000F5
:1034C00010B50446807AFBF7F5F80B4B83420AD01F
:1034D0000A490B484FF4B5720FF082FB4FF4B571F7
:1034E00006480FF074FB2046FBF7ECF81822054B5A
:1034F00002FB003010BD00BF5019002017D7030099
:1035000012B30300806800202DE9F84F07460846F3
:103510000C46FFF7D5FFE3680646D0F8089007F1A0
:103520005002D2E8AF2FD20708D4452127480FF028
:1035300054FF6FF015052846BDE8F88F228A52B96E
:10354000234924484FF4DA720FF04AFB4FF4DA7142
:103550001F480FF03CFBE268127802710022026003
:103560001B78D22B0ED13B682146186811F0C0FEA3
:10357000054638B1452118480FF02FFF2046FBF7CC
:1035800035FAD8E70023D4F80C80D4F814B0B4F896
:1035900010A01A462146B760381DFFF711FD0546F9
:1035A0000028C8D010F1690F03D145210B480FF056
:1035B00014FF6369A8EB0B0813FA88F3E360A4F81F
:1035C00010A0C6F808903560B5E700BF46D70300E5
:1035D00017D7030012B3030065D703007DD703009C
:1035E00070B5531C0E46428D418B05468A4228BF5A
:1035F0000A46934206D9572118480FF0EEFE0024E0
:10360000204670BD3046FFF7ADFE6FF01403034156
:1036100013F001030ED0FFF737FF114BD3F88830BA
:10362000834219D00F4B1B681A1A18BF4FF0FF3294
:10363000134600E00C4A00210C48FFF773FC0446D7
:103640000028DDD0FFF73CFF0121856004F10C006C
:10365000FBF792FA0670D3E70022E9E7A5D703004B
:1036600070560020C86800201C4E0E005019002023
:10367000F8B5104A074600230F480D4610F023F90D
:10368000044630B92A4645210C480FF0A6FE2046D4
:10369000F8BD00F10C0609213046FBF751FA20462F
:1036A000FFF70EFF012187603046FBF765FA0570D2
:1036B000EDE700BF1C4E0E00501900204BD5030053
:1036C0002DE9F041064690461F460D46C9B1042239
:1036D0000121FFF785FF044628B9BDE8F0414521E7
:1036E00009480FF07ABE04210C30FBF745FA05704B
:1036F000A0F80180C77021463046BDE8F04110F0C7
:103700001ABFBDE8F08100BFCFD703002DE9F0411B
:103710000B8A04460D4633B9452127480FF05DFE5C
:103720000020BDE8F0810768012105F10C00FBF7DE
:103730008DFA7B7B0646072BF2D154F8043C002B14
:10374000EED0002103781D4F043C17F831204FEADA
:10375000C1089A4207EBC10011D12A8A41789142EF
:1037600023D9452116480FF038FE04234744BA7880
:10377000012AD5D1002BD3D00022317811E00131BC
:103780000C29E2D11A4657210E480FF026FE317857
:103790000846FFF7E7FD2122C24012F00102BFD127
:1037A00006232046FFF78CFFBAE7436829462046E8
:1037B00098470346DAE700BFF1D703008092030081
:1037C00030D8030011D803007FB5CB6804461D88AC
:1037D0008DB15E8876B1B5420DD8102200216846C1
:1037E00014F079F805212046FFF742FF019058B9FF
:1037F000112007E0354601232A4604212046FFF721
:103800005FFF002004B070BD6B4631462846084A71
:10381000009410F0C4FEDDE9011323B90846FBF75C
:10382000E5F80A23E8E7204610F085FEE9E700BF47
:103830003943030010B5044600F14C03D3E8EF1FF1
:1038400041F00101C3E8E21F002AF7D1201F10F068
:10385000CFFD04F16C00044909F01CFC2068BDE8B0
:10386000104002F0DBBA00BF71450200F0B51D4602
:1038700003680E460039044618BF012187B0186856
:10388000174611F078FB40B904F1500010F0ABFE80
:10389000002845D0002007B0F0BD002D42D01822EE
:1038A0000021684614F017F867B100221321204662
:1038B000FFF796FE019028B91B4845210FF08DFDBA
:1038C0001120E8E7236829461B6828460093002357
:1038D000ADF812300C9B154A0393BDF834308DF8C7
:1038E0000860ADF8103001238DF814306B4610F0ED
:1038F00056FE9DF8143063B1002FCBD00198FBF732
:1039000075F82A46314620469DF81430FFF7D8FE58
:10391000C0E701990029BDD0204610F00CFEB9E7A0
:103920001220B8E70120B6E754D80300C7420300CD
:10393000F0B51D46036804460E4685B0012118689F
:10394000174611F018FB38B904F1500010F04BFE87
:1039500050BB122005B0F0BD65B3102200216846AF
:1039600013F0B9FF39462046FFF782FE029018B3E4
:10397000BDF828302946ADF80430012328468DF8DB
:103980000C300E4A6B46009410F009FE9DF80C3086
:1039900002995BB10846FBF729F82A4631462046D2
:1039A0009DF80C30FFF78CFE0020D3E7204610F086
:1039B000C2FDF9E70120CDE71120CBE74148030024
:1039C0002DE9FF41036804460D461868012111F0F6
:1039D000D2FA40B904F1500010F005FEA0BB12204D
:1039E00004B0BDE8F08110220021684613F073FF97
:1039F0000F212046FFF73CFE029038B34FF001083C
:103A0000009405F10C072B8A012B04D8204602995B
:103A100010F091FD18E038460FF091FF6B4601461B
:103A20000B4A06468DF80C8010F0B9FD9DF80C305D
:103A3000002BE8D00298FAF7D9FF32460E21204633
:103A40009DF80C30FFF73CFE0020C9E71120C7E7C6
:103A5000414803002DE9FF41036804460D461868FC
:103A6000012111F088FA40B904F1500010F0BBFDBB
:103A7000A0BB122004B0BDE8F081102200216846EE
:103A800013F029FF21212046FFF7F2FD029038B301
:103A90004FF00108009405F10C072B8A012B04D884
:103AA0002046029910F047FD18E038460FF047FF16
:103AB0006B4601460B4A06468DF80C8010F06FFDF0
:103AC0009DF80C30002BE8D00298FAF78FFF3246B1
:103AD000202120469DF80C30FFF7F2FD0020C9E7B9
:103AE0001120C7E7BD4703002DE9F0430F46044608
:103AF000062187B007F10C00FBF7A8F80588EDB1A7
:103B0000B0F80280B8F1000F17D0454516D8002351
:103B100082888DF800308DF804304FF420536846C9
:103B200001A9D7F80C90ADF80220ADF806300FF0DF
:103B300064FF064660B10A2301E0454601232A4698
:103B400006212046FFF7BCFD002007B0BDE8F0834A
:103B50000146142201A83F7C13F0BDFE0721204638
:103B6000FFF786FD0290D8B10A2341468DF8153043
:103B7000284601AB0B4ACDE9036901948DF8147016
:103B800010F00DFD9DF8153002992BB10846FAF79B
:103B90002DFF9DF81530D2E7204610F0CCFCD3E77E
:103BA0001120D2E7AD3D02002DE9F0410E8A044616
:103BB000043EF6B2022E08468CB001D0102E76D10B
:103BC00004210C30FBF742F80DF104080588478802
:103BD000011D324640460FF03DFF002869D085B3F5
:103BE00077B3BD422DD80121606811F0C4F90646B3
:103BF00078BB42F602038DF8000069464046ADF8F6
:103C000002300FF0FAFE20B342F60303404606A945
:103C10008DF81860ADF81A300FF0EFFEC8B1012D25
:103C200003D14FF6FF739F4213D004F1500010F000
:103C3000DAFC002814BF002012200CB0BDE8F0818F
:103C40003D4601232A4608212046FFF739FD002082
:103C5000F3E7182200210DEB020013F03CFE0921CE
:103C60002046FFF705FD0890F8B101210C30CDE9A1
:103C70000648FAF781FF0023099003700A233946AA
:103C80008DF82C30284606AB0B4A10F088FC9DF8C6
:103C90002C3008992BB10846FAF7A8FE9DF82C3075
:103CA000D0E7204610F047FCD1E71120C5E70420FB
:103CB000C3E70E20C1E700BFB93F02002DE9F04184
:103CC0000E8A0446043EF6B2022E08468CB001D09D
:103CD000102E64D104210C30FAF7B8FF0DF108085A
:103CE00005884788011D324640460FF0B3FE002884
:103CF00057D0A5B300268FB3AF4230D34FF4205333
:103D0000404601A98DF80460ADF806300FF075FE4D
:103D100048BB1422002107A813F0DDFD1121204625
:103D2000FFF7A6FC0990002837D001210C30CDE91F
:103D30000748FAF721FF00230A90394603701A4A10
:103D40000B93284607AB10F02AFCDDE909131B781A
:103D5000FBB90846FAF74AFE0A2301E03D46012373
:103D60002A4610210EE042F60103404607A98DF8CD
:103D70001C60ADF81E300FF040FE0028C9D01023A3
:103D80002A4619462046FFF79BFC00200CB0BDE8F0
:103D9000F081204610F0CFFBF7E71120F6E7042072
:103DA000F4E70E20F2E700BF013F02002DE9F043E7
:103DB00042F60103002591B0D2F8008007460E4676
:103DC00000680BA9D8F8049014468DF82C50ADF873
:103DD0002E300FF012FE00286CD04FF420533868BC
:103DE0000BA98DF82C50ADF82E300FF006FE38B12F
:103DF000A3681BB15A88B24200D25E80012010E055
:103E00006168084610F047FAB8F81A20B8F82A3066
:103E10009A4294BFC0EB0200C0EB0300032803D812
:103E2000002011B0BDE8F0830846FAF72BFE0546E6
:103E30006168084610F02FFA6B8A2A8AA3EB020CFD
:103E40006B69EA68D21AACEB0203B8F82AC0B8F87A
:103E50001A20944594BFC0EB0C00C0EB02008342D3
:103E600028BF03466BB9887AFAF724FC00220023A6
:103E70000FF029FD05460028D2D001466068FAF708
:103E80003FFE002300933946D7F8048010234846AC
:103E900002AAC047071E0DDB227CE068BA4227D089
:103EA00001460BA80FF0D6FD38B95721227C1248E5
:103EB0000FF093FA0023A360A0E7FAB202A906A8C4
:103EC0000FF0C8FD18B93A4657210C48F0E706A98B
:103ED0000BA80FF092FD0028ECD10023042163749D
:103EE00005F10C00FAF748FEA0600680A36884E79D
:103EF00002A913F0FFFCEEE772D8030096D8030086
:103F00002DE9FF414FF000084FF4205305460E46BF
:103F1000006802A9144617688DF80880ADF80A30C9
:103F20000FF06BFDA0B142F60103286803A98DF8DC
:103F30000C80ADF80E300FF060FD48B123691BB165
:103F40005A88B24200D25E80012004B0BDE8F08100
:103F5000616828680FF051FD10B100232361F3E779
:103F6000E368A0681A786AB1B7F81AC0798D038A35
:103F70008C4594BFC3EB0C03C3EB0103934201DAFE
:103F80000020E2E704210C30FAF7F6FD20610680FC
:103F9000236929465E80074B01940093384600232D
:103FA000A26810F082FB0028EADB2069003818BF05
:103FB0000120CAE7594403002DE9F3471768054675
:103FC0008946006851681446D7F804A00FF015FD23
:103FD000804600284BD195222946504610F059FFC3
:103FE0000646207540B1E3681B780BB184F8148055
:103FF000002002B0BDE8F0872946504610F0F5FFDA
:1040000010B908232375F3E7A0682675FAF73AFD7F
:1040100002210C30FAF7B0FD164B2061A0F8009099
:1040200000930194334629463846A26810F03DFBC0
:10403000002807DA10F1FF0F32BF0E204042C0B255
:104040002075D5E72369002BD2D0A06810F023F9A2
:104050007B8D7A8B9A4294BFC0EB0200C0EB0300C9
:10406000E3681B78984294BF00200120C1E701203B
:10407000BFE700BFA7420300F7B5002304460E4682
:10408000002269462B4807F0A9FE054648B12246A2
:10409000452129480FF0A1F96FF00B05284603B020
:1040A000F0BDFFF7F1F9254B29461860282200984A
:1040B00013F011FC009B00221C60009C0023C4E94B
:1040C0000155C4E908551E4801A9019507F086FE6F
:1040D000054618B1572122681A48DBE70146A82295
:1040E000019813F0F8FB0198174B8360583011F0DA
:1040F00081FE019B5033D3E8EF2FC3E8E15F002935
:10410000F9D1019B1C60236A019F1BB904F10C00CB
:1041100011F070FE226A07F1A003C7F8A020626ABE
:10412000236202B963621722019B5A855A830433C2
:104130003360B3E7D4170020BAD80300C868002062
:10414000F4170020E4D803007416002008B5437B60
:10415000072B05D057210C480FF03FF9002008BD70
:10416000042110F084F810B945210848F4E700F163
:104170004C03D3E8AF3FDB0702D445210448EBE70B
:1041800050F8040CEBE700BF0ED9030021D903005F
:1041900046D703002DE9F74F0646EFF3118740237A
:1041A00083F31288BFF36F8F5C480AF0B1FA40B90D
:1041B0005B4984225B480EF013FD842158480EF0C1
:1041C00006FD594D55480AF0C7FA284610F059F82F
:1041D0002B680446514800930AF0A8FA40B95049A8
:1041E0004FF499724F480EF0FBFC4FF49971E5E7DC
:1041F00087F31188BFF36F8F002C4AD02046FFF75A
:104200005FF903690021D0E9025718220193D0F821
:10421000009090F80480B0F806B013F05CFBA07A30
:10422000FAF748FA6169824651B1627AD00705D43B
:10423000DAF82420204612689268904700226261D2
:104240002146504611F0EAFDB8F1000F0CD05DB1E7
:104250002B684BB11B683BB1B9F1000F1CD04A462B
:10426000452132480FF0B9F8009B93B13146002048
:1042700011F043FE031E0CDA45212D4A2D480FF0A4
:10428000ACF8002383F31188BFF36F8F0323184624
:1042900002DF03B0BDE8F08F281D10F001FB40469F
:1042A000FFF760F8012303FA00F010F01404DBD1EB
:1042B00010F0090F05F1500315D110F0220F22D094
:1042C000D3E8AF3FDA0704D445211B480FF085F847
:1042D000CAE76B6D002BC7D00023184A05F17000A8
:1042E00008F0DAFFC0E72A681568D3E8AF3FDB07BC
:1042F000EAD5002FB8D0A3B25B45B5D228460199C4
:10430000B8470134F7E70E49064840F216320EF07E
:1043100067FC40F216310A4851E700BF7C68002074
:10432000C7B3030012B303007468002041D903002F
:104330003BF9030065D9030046D703001C4E0E006D
:1043400017D70300F8B50F461646FFF7FFFEB0B1CA
:10435000036A18461BB150F8A03903B1A03B741C86
:10436000214638B1428B458DAA4228BF2A46A24237
:1043700007D263B92246572109480FF02EF80020D2
:10438000F8BD32463946BDE8F840FFF729B9D3F801
:10439000A05005B1A03D18460C462B46E2E700BFF1
:1043A00085D90300002337B5054601930C46FFF776
:1043B0006BF80E4B1B68834204D00D4BD3F888304A
:1043C000834201D100252C4601A92A4623460948EB
:1043D00007F004FD014630B91C22019813F07BFA66
:1043E000019803B030BD0020FBE700BFC868002083
:1043F000705600201418002010B50446806818B1CB
:10440000FAF7F4FA0023A3602146BDE81040014802
:1044100007F056BD141800202DE9F743044670300C
:104420000F4690461E4608F03DFF606D48B9572183
:1044300013480EF0D2FF204603B0BDE8F04300F071
:1044400083B8104B98424FF0000317D04568436083
:10445000606DD0F81890FFF7CFFF002320686365E8
:1044600010F039F83DB12068CDF8009043463A4647
:1044700031460068A84703B0BDE8F0831D46ECE76D
:10448000A5D90300CC680020F7B550F8044C0546C8
:10449000002C55D000F19C0104F1200010F08AF8A6
:1044A0002E1F05F1540700220023384607F0D4FFE1
:1044B000024658BB2B6D2BB101466FF067033046A7
:1044C000FFF7AAFF002345F8043C05F14C03D3E8AD
:1044D000EF1F21F00101C3E8E21F002AF7D1236A90
:1044E00073BB04F10C0600220023304607F0B4FF32
:1044F00078B9666886B921461248266007F0E0FC64
:10450000286803B0BDE8F04001F004BDFAF76EFA88
:10451000C9E7FAF76BFAE6E7A26833689642636088
:1045200008BFA36077683FB1B3696FF0670100937C
:10453000002320681A46B8473046FFF75DFFD8E7EA
:1045400003B0F0BDD417002010B504460430FFF7C7
:104550009BFF13216068FDF71DFE024628B1BDE8F0
:104560001040452101480EF038BF10BDC1D90300ED
:1045700010B5044654F8703D88B019686846FEF7D7
:10458000AFF96A46452104480EF027FF2046FFF7A1
:10459000DBFF08B010BD00BFE4D9030070B550F8D0
:1045A000043C0446061F002B3AD039B1036D002BA2
:1045B00036D01B7CDA0733D505231BE00568284677
:1045C00001F090FC6B7A012B2AD0246D44B3237C3C
:1045D000DB0725D5E368002BEED030466269617CAD
:1045E000FEF7FEFF054660B94521627C0D480EF0DE
:1045F000F4FE0E2300223046BDE870401146FFF75E
:104600000BBFE368D4E90512984718B12846FAF7BA
:10461000EDF9EEE729463046FEF776FF0028F5D1A2
:1046200070BD00BF15DA030070B50D4650B92149C1
:1046300040F6CA7220480EF0D3FA40F6CA711D48FF
:104640000EF0C5FA41B91B4940F6CB721A480EF07C
:10465000C7FA40F6CB71F2E7FFF778FD044628B9B8
:104660002846FAF7C3F96FF07F0070BD00F10C0621
:104670002946304611F0C7FB246AC4B154F8A0594A
:1046800005B1A03D0022104607E022467DB1D5F8D5
:10469000A03003B1A03B2C461D46831C01D1002A4B
:1046A000F4D1314620460FF0E7FF0028EDD100207D
:1046B000DBE700BF17D7030012B3030038B50C4681
:1046C000054650B9174940F6DF7217480EF088FAD0
:1046D00040F6DF7113480EF07AFA41B911494FF4F0
:1046E0007E6211480EF07CFA4FF47E61F2E709F029
:1046F0004BFB2846FFF72AFD20B909F097FB6FF026
:104700007F0038BD0023236083683BB9C0E90144C2
:104710000FF0E1FE09F08AFB0020F2E71C608460E4
:10472000F6E700BF17D7030012B3030008B511F076
:1047300000FF30B10246452102480EF04EFE6FF0F8
:10474000040008BD41DA030010B5184614460749B5
:104750001022A047041E06DA2246452104480EF026
:104760003CFE204610BD0024FBE700BF883000203F
:104770005CDA030070B50D4C064623780D46834283
:1047800004D12846611C10F0A8F958B9237CB34223
:104790000AD12846064910F0A0F910B1012004EB17
:1047A000001070BD0020FAE70020FAE70069002041
:1047B0001169002070B50D4C064623780D468342E2
:1047C00004D12846611C10F088F958B9237BB34204
:1047D0000AD12846064910F080F90028054808BF8C
:1047E000002070BD2046FCE70020FAE730300020B2
:1047F0003D3000203C30002070B50E4C054623783B
:104800000E46834203D1601C10F067F968B9237B20
:10481000AB420CD13146084810F05FF920B10120BD
:10482000404200F00C00204470BD0020F8E700205A
:10483000FAE700BF766F0020836F002070B5204B31
:10484000144682689A420FD1A568C66875B9227964
:104850003046216810F049F9024628B11949013063
:1048600010F068F915701581012070BDE06800280E
:10487000FBD02B888B420AD0F6D2E068A3680138BF
:104880000433E060003818BF0120A360EDE725681D
:1048900022792946304610F028F9024660B93046A0
:1048A000084910F022F902460028E6D029460130D6
:1048B00010F040F923791370A3685B881381DCE75B
:1048C000394F020093F80300102108B50548FAF7A4
:1048D000E3FB024628B1BDE80840452102480EF03E
:1048E0007CBD08BD7830002082DA030038B505466B
:1048F00048B1154B1A4613F8011C5C1E0FF0ABFBB8
:1049000058B1204606E011490F4810F0E6F878B19A
:104910000D4B581E38BD0020FCE72846217C04F1D1
:1049200011020FF098FB0028F5D004F11000F1E718
:10493000054B064903F1100010F0CFF80028EAD02B
:10494000014B03F10F00E5E70169002093F8030034
:1049500010B54A1C0C4628B109780FF07CFB30B129
:10496000204610BD1046034910F0B7F8F7E70020C5
:10497000F7E700BF93F803002DE9F04707468946A3
:1049800090460FF053F900283AD049463846FFF7D1
:1049900011FF0546C0B91B4810F0D3F81A4E044663
:1049A00008B306F1140010F0CCF8F0B9012406F1B8
:1049B0000C05604200F00C0001304946304410F014
:1049C000B9F80C235C433755012105F1080001FAC1
:1049D00008F110F099F8BDE8F04747F612220023DD
:1049E0000A4808F059BC3546E3E70949094840F24E
:1049F0002A520EF0F5F840F22A5105480EF0E7F879
:104A0000BDE8F087383000203030002048300020EA
:104A1000ADDA030012B303000246014608B50832BE
:104A2000042311F8010BFAF705FB024628B1BDE893
:104A30000840452101480EF0D0BC08BDDDDA030076
:104A40002DE9F04180460F4616461D46FFF7D4FE7D
:104A5000044678B91749FFF7CFFE044628B9BDE8E8
:104A6000F041452114480EF0B8BC394600F8018BDE
:104A700010F060F8238973B9628972B92681658163
:104A8000214611F8010B0FF0D1F880B12046BDE8A6
:104A9000F041FFF7C1BF9E4204D36289AA4206D209
:104AA0009E42ECD263892681AB42E9D2E7E7BDE8BA
:104AB000F08100BF93F80300FEDA03002DE9FF4107
:104AC0000E4617469846044648B9452128480EF038
:104AD00084FC6FF01505284604B0BDE8F08102A9FA
:104AE0000EF065FF054628B12246452121480EF00B
:104AF00074FCEEE7204601A90EF017FD019840B1C5
:104B00000A2229460DF0E6FC024610B145211A485A
:104B1000EDE7002002A9FFF76FFE044608BB002E58
:104B2000D9D01649FFF768FE044630B9452114482C
:104B30000EF053FC6FF00B05CDE7002302A900F83F
:104B4000013B0FF0F7FF04F1080104224046B8478B
:104B5000041EC0DA224645210A480EF03EFC2546D6
:104B6000B9E7002EEFD1066046608660B3E700BF6C
:104B700020C1030022DB030043DB030093F80300A2
:104B800063DB03005CDA030038B514460F4B826820
:104B90000D469A4217D122792168C0680FF0A5FF0F
:104BA00088B1D4F8C8302F2B05D9094845210EF01B
:104BB00014FC002038BD04EB830215810189013308
:104BC0005181C4F8C8300120F4E700BF394F02001A
:104BD0008ADB03002DE9F0419846BDF818300646FF
:104BE000012B174635D84344012B454634DCFFF7EB
:104BF0007DFE044660B9FFF779FE044640B95721AF
:104C000018480EF0EAFB6FF010052846BDE8F08169
:104C1000B8F1000F11D00023217A21FA03F2D00756
:104C200003D53A78DA40D20719D50133032BF4D1F2
:104C30003B7803F007031943217206F17001601CF1
:104C40000FF078FF337A0121204623700FF0A4FF84
:104C5000DBE76FF00605D8E76FF00C05D5E76FF0DE
:104C60001205D2E7E3DB030010B56FF00201044642
:104C70000E480FF054FF0D480FF063FFC20704D534
:104C8000002200230A4808F007FB20460FF081FEAF
:104C900058B12046FFF72AFE38B1037ADB0704D566
:104CA000BDE8104001210FF077BF10BD3831002062
:104CB0000831002038B51546084B82689A420AD15F
:104CC000C4682968013420460FF007FF18B1204658
:104CD00069680FF02FFF012038BD00BF394F020077
:104CE00008B513468168074A914209D11A791968B3
:104CF000C0680FF0FAFE18B100230360436003811F
:104D0000012008BD394F020040F23912002301484A
:104D100008F0C2BA0831002008B5042108480FF095
:104D2000F3FE6FF0020106480FF0F9FE04480FF0A1
:104D300008FFC30701D5FFF7E7FF002008BD00BF4C
:104D400038310020024608B5074901300FF0F2FE65
:104D500000230C3202F8043CD2E8EF1FC2E8E03F27
:104D60000028F9D108BD00BF93F803002DE9FF41E9
:104D7000884616461F46044648B9452135480EF078
:104D80002CFB6FF01505284604B0BDE8F08102A9A0
:104D90000EF00DFE054628B1224645212E480EF0A4
:104DA0001CFBEEE7204601A90EF0BFFB019840B1C5
:104DB0000A2229460DF08EFB024610B145212748F4
:104DC000EDE7002002A9FFF7D5FC044680B9FFF704
:104DD0008DFD044630B9452121480EF0FEFA6FF0F2
:104DE0000B05D0E7002302A900F8013B0FF0A2FE5B
:104DF000B8F1000F29D0022269463846B047061E96
:104E000006DA3246452117480EF0E7FA3546BAE78A
:104E10009DF80030022E237208D0572112480EF060
:104E2000DCFA002120460FF0B7FEACE79DF8012028
:104E3000012A04D957210D480EF0CFFAF1E7204698
:104E400002F001010FF098FE9DE72046FFF77AFF80
:104E500099E700BF20C1030022DB030043DB03000E
:104E600014DC03005CDA03003BDC030094DC030089
:104E700010B5FFF7C1FC044670B1014611F8010BF3
:104E8000FAF7E6F8024618B1452104480EF0A5FAF3
:104E9000002323606360A36010BD00BFEADC030051
:104EA0002DE9F041214B1546826807469A4202D10E
:104EB000C4686389E3B90120BDE8F08105F1700899
:104EC0004146287A0EF0B2FE68B9194B9C4202D1D5
:104ED00028460FF0F0FE304616490FF02BFE002357
:104EE0002370238119E0414630460FF023FE14E081
:104EF000238993B1264616F8011B284632460FF047
:104F0000AAF80028DAD131462078FDF787FC20B1D5
:104F1000457BFCF76BFF072DCDD00021E368618155
:104F2000002BC8D038469847C5E700BF394F02006C
:104F3000D416002093F803002DE9F0471F46BDF872
:104F4000203006468846D1F80C90002B4DD17B1EB0
:104F5000012B4DD8012F49460CBF15781588FFF756
:104F6000F7FC0446B0B915B93846BDE8F0874946A4
:104F7000FFF7EEFC044630B91F4857210EF02DFA1A
:104F80006FF01000F1E706F1700101300FF0D2FD73
:104F9000337A2370D9F81030DBB9B4F808A0258132
:104FA000B9F80A30AB4203D0494640460FF0CCFD79
:104FB000AA4505D00022307A06F17001FFF7DCFC2B
:104FC000002DD1D10D49601C0FF0B4FD2570258155
:104FD000CAE72A464146304698470028C5DB0138D3
:104FE0000128DAD96FF00D00BFE76FF00600BCE7CB
:104FF0006FF00C00B9E700BF0CDD030093F803006D
:1050000008B5012111480FF07FFD10F0010F104B82
:105010000AD1104A9A610D480FF093FD830713D40B
:10502000BDE80840FFF770BE1A8B588B012A4FF677
:10503000FF7205D8904207D04FF6FF725A83EAE715
:1050400090421983E7D0F7E708BD00BF3831002050
:10505000E83000200100FFFF37B504460D46FFF79A
:1050600089FB0246C8B1037A0C308DF804300FF08A
:1050700068FD10F0010318BF01238DF805300223ED
:1050800001AA29462046F9F7EBFF024618B145214F
:1050900003480EF0A2F903B030BD0346F1E700BFAC
:1050A0002BDD0300104908B510480FF016FD01462E
:1050B00040B90E4B581E0FF05FFD0C4911F8010C62
:1050C000FFF7CAFF08490A480FF007FD014650B92B
:1050D00008480FF051FD084B187C03F11101BDE8A1
:1050E0000840FFF7B9BF08BD93F80300016900202D
:1050F000116900201069002000690020012110B50D
:1051000021480FF001FDC3073CD402211E480FF0D7
:10511000FBFC08401BD11D491D4A0B881D4CA242B7
:1051200012D900B10B801C491C4840F26B520DF0A3
:1051300057FD40F26B5118480DF049FD5068083298
:1051400003449BB20120EAE7F8D300B10B80144975
:10515000144807F09FFF40F2391200231148FAF774
:1051600019F81149114807F095FF022110480FF076
:10517000CBFC1048104907F08DFFBDE810400F48E8
:10518000FDF758BE10BD00BF206900208E6F0020C3
:10519000D4850300EC850300ADDA030012B30300ED
:1051A000DF4D030098300020755A020008310020BE
:1051B00038310020483000206F4E0300AC1600202C
:1051C00003462DE9F04178B3008A68BB01244FF013
:1051D000140C1749DFF85CE0714524D916491748CB
:1051E00040F2E7620DF0FCFC40F2E76112480DF07E
:1051F000EEFCD1E90076BB4204D30CFB0672143AF4
:1052000093420ED93444A2B214460831E4E70CFBB1
:10521000057843450AD001356219B54292B2F6D1FC
:10522000F2E70025F8E7E4D3BDE8F0811046FBE79C
:10523000D4850300EC850300ADDA030012B303004C
:105240002DE9F74F99464FF6FF73BDF830500746EA
:10525000002D08BF1D46294B90461B8800918342B4
:1052600032D203B0BDE8F08F4046895801930EF06A
:10527000C4FB019B90B101340AF1010AA4B2736826
:1052800053452CD9009B9C42EBD8BC42F3D30BFB7B
:105290000AF231688B18B8F1000FE5D1B9F1000FAF
:1052A0000BD1013D1846ADB221460E9A0D9B984791
:1052B000002DD6D00028DED1D3E7DA689145DAD1C7
:1052C000EFE74FF0000ADAE701244FF0140B0C4E21
:1052D00006E0C6D273682344BB42F2D29CB20836C1
:1052E000084B9E42F5D90849084840F2AF720DF0CC
:1052F00077FC40F2AF7104480DF069FC8E6F00201E
:10530000D4850300EC850300ADDA030012B303007B
:1053100030B5F1B010220021684612F0DCFA1822F4
:10532000002105A812F0D7FA4FF41053ADF8103051
:1053300080231022ADF812304FF48063254C69466B
:10534000CDE906340DEB02006EAB0AF0F1FA0BADBD
:10535000014630B1452102461F480EF03EF871B0BB
:1053600030BD4FF4C672284612F0B5FA22462846E0
:10537000D5F88C1111F0DAF8024610B14521174822
:10538000EBE72B464FF6FF710120154A0FF01CFD8D
:1053900010222846134904AB11F0DDF80446D5F875
:1053A0008C010AF079FA1CB1224645210E48D4E757
:1053B00021460C4B03F11002187812F8014D01310F
:1053C000082903F8014B1070F6D108480FF09CFB38
:1053D000C5E700BF0002C00359DD030087DD0300FD
:1053E0002F4A030078300020AADD03003831002066
:1053F0002DE9F04118490446A1F1300015461E463A
:10540000BDF8187007F094FF14480FF09AFB0107DD
:1054100005D4FFF77DFFFFF745FEFFF755FA20465D
:10542000FFF764FA68B1037ADA070AD500F10C04D1
:1054300020460FF086FBC30703D4022120460FF05D
:1054400063FB10233A46069331462846BDE8F041F7
:10545000034B0FF0CCBB00BFC83000203831002018
:105460007830002010B51A480FF06BFBC0F3C00075
:1054700080F0010408B9FFF74BFF15480FF061FBFE
:10548000034613480FF05DFBDA061FD5830606D5E9
:10549000E4B1FFF707FEBDE81040FFF715BA202181
:1054A0000B480FF031FB10220A49881812F022FA3B
:1054B00048B9094807F0F6FEBDE810406FF0010159
:1054C00003480FF02CBBFFF79BFDE2E710BD00BFC8
:1054D00038310020783000200831002008B5102134
:1054E00003480FF011FBFFF7BDFF002008BD00BF10
:1054F000383100202DE9F043B9B00C4617462C494D
:105500006A46409898460DF0ECFF48B94521294875
:105510000DF063FF6FF01505284639B0BDE8F08344
:10552000009E01A930460EF000F836B94521224808
:105530000DF053FF6FF015042AE0019870B90023B5
:105540000DF10809494630468DF814300EF02FFA57
:10555000054678B132464521184808E00A22002164
:105560000CF0B8FF02460028E9D0452114480DF0A0
:1055700034FFDFE7CDF81090C4B1C022404608A93F
:10558000B847041E06DA224645210E480DF025FFD5
:105590002546C1E7A40808ABCDE906344FF6FF71F4
:1055A0000120094A04AB0FF00FFCB5E72346F3E7EF
:1055B000C5DD0300CCDD030020C1030022DB0300B6
:1055C00043DB03005CDA03003D480200002330B5F2
:1055D000B5B001918DF808003393044601AB0D4638
:1055E00001204FF6FF710A4A0FF0EEFB339B6BB1BF
:1055F0009B0003AA29462046F9F740FD024618B150
:10560000452104480DF0E9FE35B030BD1A46F1E7FA
:10561000894B0200DDDD03002DE9F34100F1700844
:10562000CDE9001204460F46007A414616460EF0B8
:10563000FDFA05466B464FF6FF7101200C4A0FF04C
:10564000C3FB1DB14146207AFFF7C0FF3946207ADF
:10565000FFF790F840B1314601300FF06BFA1DB101
:105660004146207AFFF7F8FC02B0BDE8F08100BFA8
:10567000B54C0200002307B50193FFF7A1FD411CC3
:1056800089B20846034A01AB0FF09EFB019803B0B4
:105690005DF804FBEF490300002370B586B00646B1
:1056A0000C4615460593FFF78BFDA0B14FF6FF7131
:1056B00024B103198B42A8BF0B4699B205AB0293E4
:1056C000074B2A460193012300930023FFF7B8FDFF
:1056D000059806B070BD002EFBD14FF6FF71EDE7C7
:1056E000EF4903002DE9F0410C461546064686B009
:1056F00050B9654940F60E5264480DF071FA40F613
:105700000E5161480DF063FA41B95F4940F60F52FE
:105710005E480DF065FA40F60F51F2E7437B072B28
:1057200040F0AD8000238DF8143042F6030320686A
:1057300005A9ADF816300EF060F970BB676827B99F
:10574000452153480DF049FE99E001232146009080
:1057500004AAB847031E05DA224645214D480DF03C
:105760003CFE8CE0012B05D01A4645214A480DF03D
:1057700034FE84E09DF8103013F0300F7FD02046C7
:10578000FFF778FF044640B93F4940F62D523F48A5
:105790000DF026FA40F62D51B3E7002320688DF86E
:1057A000143042F6021305A9ADF816300EF025F9B3
:1057B00068B12046FFF75EFF044640B9324940F623
:1057C000335232480DF00CFA40F6335199E7002776
:1057D00042F60218206802A98DF80870ADF80A8018
:1057E0000EF00BF908BB002320688DF8143042F648
:1057F000021305A9ADF816300EF0FFF800283ED1CF
:105800006768002F9CD0022300902146304605AAED
:10581000B847031EA0DB022BA6D1BDF8143005EA61
:105820000300003818BF01202AE042F60303206875
:1058300003A98DF80C70ADF80E300EF0DEF80028DC
:10584000D1D04FF42053206804A98DF81070ADF822
:1058500012300EF0D2F80028C5D042F601032068BD
:1058600005A98DF81470ADF816300EF0C6F80028B2
:10587000B9D02046FFF7FEFE04460028AAD100203A
:1058800006B0BDE8F08100BFADDA030012B303003B
:1058900000DE030019DE030044DE03002DE9F843B7
:1058A000154689469422696806460FF0F2FA80464A
:1058B000002841D1022230466968FFF713FF002813
:1058C0003DD000211F48AF8AFEF76CFD0237044629
:1058D00080B11D211C4B47613A464174C0F80C80D1
:1058E000436085613046FEF72DFD074638B92046F6
:1058F000FEF782FD6FF00B052846BDE8F883012313
:10590000424641460FF067F8A98A07F10C000231C0
:10591000F9F732F920F8029BAA8A296911F0CEFF23
:1059200021463046A760FEF7C9FE05460028E3D0B1
:105930002046FEF761FDDFE74FF0FF35DCE76FF053
:105940001505D9E71C4E0E00F549030030B5054694
:105950000C468BB051B9424940F6B33241480DF084
:105960003FF940F6B3313E480DF031F94B6853B979
:105970000B6843B93A4940F6B4323A480DF030F971
:1059800040F6B431EFE738480FF0DBF8420761D555
:1059900015B16B7B072B60D160680590FFF710FC99
:1059A0002268ADF818003AB305A902912F490023E7
:1059B0000191012100914FF6FF710593FFF740FC23
:1059C000059B1BB96FF001000BB030BD6360059BF8
:1059D00004A9186800238DF8103042F60303ADF8CF
:1059E00012300EF00AF870B90598C3689B799B06CF
:1059F00005D46FF01500E7E70028E8D1E2E70FF0E3
:105A00009CF9ADF81800BDF818003DB1012301461E
:105A100022462846A375FFF741FFD5E76FF07F03C5
:105A200007930223ADF8203042F60213ADF812308E
:105A300005ABA57502930E4B4FF6FF710193012341
:105A400004AA00932B4609948DF81050FFF7F8FB39
:105A50000798B9E76FF00A00B6E76FF07F00B3E789
:105A6000ADDA030012B30300DC120020234A030066
:105A7000115D0200F7B500F130050446A0F12007E2
:105A800028460FF05EF88307C0F340060AD5174991
:105A9000174840F2BA420DF0A3F840F2BA41134859
:105AA0000DF095F854F8083C6FF001012846019379
:105AB0000FF035F80F4B394644F81C3C0E4B30467E
:105AC00044F8183C01AB44F8103C042324F8086C5B
:105AD00024F8066C24F80C3CFFF738FF18B90221B3
:105AE00028460FF011F803B0F0BD00BFADDA030097
:105AF00012B303001C930300694C02002DE9F0412E
:105B0000334B1646826805469A4218D1C7683468F6
:105B10003B89A3B13A46204612F8011B0EF09BFACE
:105B200068B14FF49572294620460FF0B2F9D0B112
:105B3000032807D12A46572126480DF04EFC0120A4
:105B4000BDE8F081052820460CBF4FF003084FF058
:105B500002080EF07AFA804505D933794345EED232
:105B600086F80480EBE7394628460EF0EDFF1A4B25
:105B70009F42E4D1207A04F17001FEF73DFE054614
:105B80000028DCD0038913B94389002BD7D02046E5
:105B9000FCF786FA2A89114B114923F820206A89DB
:105BA00003EB80035A80182202FB00110B610423CF
:105BB0000C4A20464A600C4A8B828A60FFF7C6FE78
:105BC0000028BCD0452109480DF007FCB7E700BF0D
:105BD000394F020062DE0300D4160020726F0020ED
:105BE000E86800201C930300B54B03007BDE030034
:105BF00030B505460C468BB051B9404940F6D2222B
:105C00003F480CF0EDFF40F6D2213C480CF0DFFF9E
:105C10004B6853B90B6843B9384940F6D32238482A
:105C20000CF0DEFF40F6D321EFE736480EF089FF97
:105C300042075DD515B16B7B072B5CD16068059081
:105C4000FFF7BEFA2268ADF818003AB305A9029131
:105C50002D4900230191012100914FF6FF71059319
:105C6000FFF7EEFA059B1BB96FF001000BB030BDDA
:105C70006360059B04A9186800238DF8103042F674
:105C80000303ADF812300DF0B8FE70B90598C36883
:105C90009B79DB0605D46FF01500E7E70028E8D113
:105CA000E2E70FF04AF8ADF81800BDF818002DB182
:105CB0000146224628460FF027F9D7E76FF07F0309
:105CC00042F6021207930123ADF8122005AA0292B0
:105CD0000E4AADF82030CDE900324FF6FF712B4669
:105CE00004AA09948DF81050FFF7AAFA0798BDE7A7
:105CF0006FF00A00BAE76FF07F00B7E7ADDA030094
:105D000012B30300DC120020234A0300115D0200DD
:105D10002DE9F0413D4B1546826807469A4203D073
:105D200001273846BDE8F081D0F80C80384B984503
:105D300012D0B8F80820AB899A42F1D1414611F847
:105D4000010BFCF76BFD06460028E9D0437B072BCF
:105D500024D0FCF74BF8E3E700262E4C20462E49D2
:105D60000EF0BBFE78B90722214614F8010CFCF7AF
:105D700095FD80B92B6921461A6914F8010C5388E6
:105D80001288FEF75DFE731C022B4FF0010604F132
:105D90000C04E3D1CDE7FCF729F8F4E7D8F8143088
:105DA00023B13946984708B93046D2E7394694229C
:105DB00030460FF06EF807460028F5D1AB89022B6C
:105DC00015D1B8F808309A071ED530462A69A98837
:105DD000FFF764FD044618B92A69937D0133937572
:105DE0003046FCF703F8002CAC609ADB98E7012BF7
:105DF0000AD1B8F80830DB0706D530462A69A988E9
:105E00000FF082F80446EBE73C46E9E7394F020021
:105E1000D4160020776F002093F80300012370B59B
:105E200000F170058EB0044603902946007A8DF883
:105E300010300DF0FBFE90B1227A4AB302AE04217D
:105E400030460CF0DAFE00962421124A2B4605A8B3
:105E5000F9F738F805AA10460F49F6F741FB4FF657
:105E6000FF7101200D4A03AB0EF0AEFF20460EF08D
:105E7000ECF89DF81010884208D220460EF0B0F8D9
:105E8000024618B1572106480DF0A7FA0EB070BDB2
:105E90000092D9E7C8DD0300F5540200FD5A020064
:105EA0009DDE03002DE9F0410D4B06461B680F46B1
:105EB000904623B153F8044904B1043C0BB9BDE842
:105EC000F0811B681BB142463946304698472CB1D9
:105ED000656805B1043D23462C46EFE72546FAE701
:105EE0002469002013B50446009001204FF6FF718D
:105EF0006B46074A8DF804000EF066FF002120462D
:105F00000FF039F808B9FFF77BF802B010BD00BFF9
:105F1000FD5A020073B5044603464FF6FF71012097
:105F2000184A04F170060EF04FFF3146207A0EF049
:105F300068FF3146207A0DF079FE50B1237A4FF692
:105F4000FF718DF8043001206B460F4A00960EF069
:105F50003BFF2046FEF7CAFC054688B13146207A51
:105F60000DF064FE28B9284602B0BDE87040FEF787
:105F7000E9BE3146681C02B0BDE870400EF0DABDE3
:105F800002B070BDA14E0200E14C02007FB54FF49B
:105F900020520023ADF8162004AA02920A4A0120DA
:105FA000CDE900324FF6FF7105AA04938DF8143045
:105FB000FFF746F9049B012B14BF6FF0150000207A
:105FC00007B05DF804FB00BFF34F0300014608B5BE
:105FD00005480FF025F8044B0028A3F1040314BF73
:105FE0001846002008BD00BF44310020084B00F5D2
:105FF000B4701A68074BD0E8EF1F994204D1C0E88B
:10600000EC2FBCF1000FF6D1D0E8AF0F704700BF06
:10601000246800204031002008B5FFF7E7FFB8B141
:10602000036843B1426832B1826812B90B4A1278F0
:106030003AB904200BE0094A127812B10BB1826818
:1060400042B9426842B9002B14BF0020032008BDAA
:106050000320FCE70120FAE70220F8E7B6700020F1
:1060600010B506210EF003F9044628B9452104486D
:106070000DF0B3F9204610BDA0F1EC04FAE700BF23
:10608000EADE030010B5084C0246D4F8EC0020B953
:10609000064AEC3462600C6010BD054845210DF0E5
:1060A0009CF96FF00B00F7E7403100209493030058
:1060B0000ADF0300002370B51A460446EC300D4693
:1060C000FCF77EFF50B1693003D1452107480DF040
:1060D00084F92846BDE87040F8F788BC04F59C7048
:1060E0000023BDE87040024A07F0D6B87DD7030010
:1060F0001C4E0E0038B50446051D082128460EF03A
:10610000D7FF084904F15700FBF7E2FB40B1082133
:1061100028460EF0C0FF044845210DF05EF9082026
:1061200038BD00BFF752030034DF030038B5054621
:10613000EC22002111F0CFFB102105F1270003F024
:106140001FFF044648B9052128460EF0B1FFFBF7B2
:10615000B1FB034B1860204638BD0824FBE700BFA5
:106160002C69002070B50B46054688B00D2104301F
:106170000EF056FF08B3DC68D5F8EC30022003F1CE
:1061800070063246197A01F055FA58B93146684618
:10619000F8F7DCFD0C486A4645210DF01EF9082091
:1061A00008B070BD224600F12E0304F1100152F830
:1061B000040B8A4243F8040BF9D1284609210EF05A
:1061C00077FF0020ECE700BF52DF030070B5051D2C
:1061D0000E46284604210EF023FF68B1002200215C
:1061E00000230846FCF79EFE044638B904212846E1
:1061F0000EF05EFF204670BD034AF0E701210C302F
:10620000F8F7BAFC0670F5E71C4E0E0070B50446B0
:106210000E4686B0FFF7EAFE04F137021146F36836
:10622000054603F1100053F8046B834241F8046BF8
:10623000F9D1237A052B00F29480DFE803F01723CD
:106240002303926902AB4B490093096804F12703C9
:1062500004F1570002F0A2F850BB0A21201D0EF0F5
:1062600027FFAB680299D4F8EC00984720460D212F
:106270000EF01EFF201D10210EF01AFF20460EF01A
:1062800027FF16E094F8DC10D4F8D83002ADCB40EC
:10629000384903F001030095096843F0800304F1D5
:1062A00057000FF02CF930B1452133480DF095F827
:1062B000082006B070BD1022294604F1170011F025
:1062C00019FB08B10420F4E7032120460EF0F0FE8C
:1062D0000EF0FEFE0028EBD194F8DC300133DBB287
:1062E000142B84F8DC3009D10D2120460EF0E0FE9D
:1062F0001021201D0EF0DCFE0020DAE7102104F151
:10630000270003F03DFE003818BF0120C000D0E791
:10631000102104F1270003F033FE0028C8D135B363
:10632000EB6823B3154BE27A1B8812F0010FADF82E
:106330000830A37C08BF0320DB0703D5002814BF67
:106340000120022000238DF80900C4E93833201D04
:106350000C210EF0ADFEEB68D4F8EC0002A99847D2
:10636000CAE71A46452106480DF037F8A0E7022093
:106370009FE700BF2C69002071DF0300808D0300C0
:106380008FDF03002DE9F047044690B00CAD1022DA
:106390000021284611F09FFA227A052A33D8DFE837
:1063A00002F0060303063222D4F8D8300C93D4F856
:1063B000EC3004F1470204F1C707CDE9017204F1A2
:1063C000370803F17E0204F12709009241464A464C
:1063D000773304F1970001F079FFE0B1452145489A
:1063E0000CF0FBFF13E0D4F8E430002BDFD02E4696
:1063F00003F11007324618685968083303C2BB42DC
:106400001646F7D1D3E745213B480CF0E6FF0820BC
:1064100010B0BDE8F087D4F8EC3008AE03F1770295
:106420007E33019304F111030292009342462B46FE
:106430004946384603960FF087F810B145212F489A
:10644000CEE7237A052B0ED1D4F8E01019B30B4612
:10645000AC4601F1100E624618685968083303C251
:1064600073459446F7D1D4F8EC300DF1100A03F1DE
:106470007E027733019304F10A03029200934A46A5
:106480002B4641463846CDF80CA00FF05DF838B1E8
:1064900045211B48A4E71022284611F01CFAE2E728
:1064A0001022514604F1B70011F024FAF8B90D2179
:1064B0002046FFF78BFE07460028A8D010210C309D
:1064C000F8F75AFB32460346164603CEAE42186032
:1064D0005960324603F10803F6D139462046FFF7EA
:1064E000E9FD201D01210EF0E3FD002090E70B20C7
:1064F0008EE700BFB0DF03008FDF0300CADF0300B9
:10650000F2DF030073B5047A0546022C23D844B1A8
:1065100090F8DC30D0F8D840DC4004F0010444F0BE
:10652000800403212846FFF751FE0646D0B1102112
:106530000C30F8F721FB009012482346006805F163
:10654000270205F157010EF0DAFF044678B1304614
:10655000F8F74CFA06E0032C07D0224645210A48FA
:106560000CF03BFF082002B070BD0024D9E7314693
:106570002846FFF79FFD281D21460EF08CFD204682
:10658000F1E700BF2C6900208FDF030070B5061D06
:10659000CD6804460B2130460EF07DFD2B4604F1FC
:1065A000170205F1100153F8040B8B4242F8040B5B
:1065B000F9D1227A012A09D0022A13D120460421D6
:1065C0000EF076FDBDE87040FFF79CBF0A21304613
:1065D0000EF026FD0028F1D0304600210EF068FDB7
:1065E000002070BD024845210CF0F7FE0820F8E7B6
:1065F0008FDF0300F7B50446FFF7F8FC261D0546BC
:106600000E2130460EF00CFD70B94D4B202219685A
:1066100004F1570011F06EF930B9572149480CF0D8
:10662000DCFE082003B0F0BD0C212046FFF7CEFDB4
:1066300007460028F5D040210C30F8F79DFA404B72
:1066400002461B68014603F1200053F804CB834245
:1066500041F804CBF9D1203203F1200153F8040BA7
:106660008B4242F8040BF9D139462046FFF722FD50
:10667000227A052A5DD8DFE802F003491A035C5943
:10668000042120460EF014FDFFF73CFF0028C8D17E
:10669000304607210EF00CFD0820FFF797FC00287C
:1066A0004CD1204603B0BDE8F040FFF723BD2046A3
:1066B000D4F8EC70FFF79AFC04214FF0FF33054645
:1066C0000DEB0100019303F05BFC0028A9D1019BB5
:1066D0001D4A84F8DC00B3FBF2F102FB1133019395
:1066E000C4F8D83055B12B6843B10B2130460EF0B9
:1066F000DFFC38462B68D4F8D81098470321204691
:106700000EF0D6FC0E210EF0D3FCC1E7204603218B
:106710000EF0CEFC0E210EF0CBFC30460A210EF01E
:10672000C7FC6B68D4F8EC009847B1E70421204619
:10673000E9E7452105480CF050FE72E7002071E7BB
:106740002C6900201BE0030040420F008FDF030094
:1067500070B505460E4605F15704FFF747FC224683
:10676000F36803F1200153F8040B8B4242F8040B49
:10677000F9D105F1770203F1200153F8040B8B42A4
:1067800042F8040BF9D12046FBF700F8E8B14921A3
:106790001B480CF022FE281D0E210EF089FCD5F8B6
:1067A000EC40D4F8A00038B9207A04F1700100F070
:1067B00055FEC4F8A00090B1438A03F0240373B1DE
:1067C000437C9B070BD4032070BD2046FAF7EAFFF9
:1067D00028B90C4857210CF000FE0B20F4E70A4BB7
:1067E0001C682CB9281D06210EF062FC2046EBE740
:1067F0002846FFF7FFFE003818BF0120C000E3E77E
:106800003BE0030061E003002C69002038B504463A
:106810000D49A0F1EC054C3006F03CFC28460EF08A
:10682000BBFC0A4A04F17C03D3E8EF1FC3E8E02F66
:106830000028F9D14FF0FF338034D4E8EF2FC4E8BB
:10684000E13F0029F9D138BD5572020040310020E6
:1068500038B5134B05461B78E3B101F00F04284609
:10686000FFF7DAFB0F4B03281B780CBF04F00B0477
:1068700044F0040405F5B670D0E8EF2F013203D1DF
:10688000C0E8E13F0029F7D1D0E8AF3F2BB144F099
:10689000010038BD01F00704E1E704F0FE00F8E76D
:1068A000B6700020BF170020F8B50D460446D0F89A
:1068B000EC70FFF79BFBED68EB78102B01D0062006
:1068C000F8BDD7F8A030002B73D0261D0F2130461D
:1068D0000EF0A6FB20B92046FFF728FC002871D156
:1068E000012363722B682046C4F80A30AB88E38129
:1068F00002232374A978FFF7ABFFE0742046FFF76B
:106900008BFB1023607423752B7903F003036375ED
:106910006B7903F00103A375E37C1A0754D40521B6
:1069200030460EF07DFB00285CD0574B1B78A374DB
:10693000E37C980606D5AB78990603D5142130463A
:106940000EF0B6FBE37CDA074ED5AB78DB074BD510
:106950000D2130460EF0ACFBA37D032184F8E83016
:10696000637D304684F8E9300EF0A2FB237BE17CA6
:106970002D7803EA0102100704D5E27AA07C0243D5
:10698000D20735D4042D35D80B4313F0040307D0B8
:106990002046FFF741FB3D4B05EB85052B441B5C77
:1069A00023722046D7F8A0100EF040FB20BB032036
:1069B00086E7387A07F1700100F050FDC7F8A000B3
:1069C000002882D108207BE7AB781B07A7D50521DB
:1069D00030460EF06DFB637D03F002036375002308
:1069E000A3759CE72A4BA1E700236375A375B3E762
:1069F0000523D5E70023D3E7D4F8EC309B7A032BAB
:106A000033D022D8013B012BDCD8052130460EF0D3
:106A100007FB0028CBD00C2120460EF049FB0221B9
:106A2000FFF7D4FB05460028CCD006210C30F8F740
:106A3000A3F8D4F8113029460360B4F815308380E8
:106A40002046FFF737FB00203AE7042BBAD1237D1D
:106A5000627B934228BF1346102B7FF430AF052191
:106A600030460EF0DDFA0028A1D0237A002B9ED00C
:106A7000052130460EF0D4FA0028C6D1237A013B16
:106A8000012BC2D893E700BFB870002077F903004C
:106A9000B77000202DE9F041C7780446012F04D0DB
:106AA0006FF015042046BDE8F081FFF7D9FA0546DE
:106AB000002800F0A980061D042130460EF0B0FA2F
:106AC000002840F0A480032130460EF0A9FA10B14E
:106AD0006FF00F04E6E7394630460EF0A1FA0028C1
:106AE000F6D12846FFF782FAD5F8EC3007469B7AB4
:106AF000032B40D030D8013B012B46D90F21201D5C
:106B00000EF08EFA0028CBD1D4F8A00090B904F191
:106B100070073A462020217A00F0E0FCC4F8A0007B
:106B200040B93A460420217A00F0D8FCC4F8A0000D
:106B30000028B5D0438A13F0240FB1D0A27A022ADC
:106B400023D9417CC907ABD5032A1ED09B06A7D504
:106B5000037C102BA4D118E0042BCFD12846FFF7DB
:106B60005BFA032804D1002FC8D0FB68002BC5D0E6
:106B7000284B1B7807E02846FFF74EFA032804D17C
:106B8000002FBBD0FB68002BB8D0D4F8A0303BB1AD
:106B90002846FFF7CBFA044670B16FF0680481E72E
:106BA000207A04F1700100F059FCC4F8A00000281C
:106BB000EED16FF00B0475E70B212846FFF706FBBB
:106BC00007460028E9D001210C30F7F7D5FF09214D
:106BD00080462846FFF73CFE2346224688F8000000
:106BE000394605F1EC00FCF7EBF9044618B13846DC
:106BF000F7F7FCFE56E730460F210EF059FA012157
:106C000028460EF055FA4DE76FF07F044AE76FF023
:106C1000040447E7B6700020F8B5D0F8EC4005460C
:106C2000D4F8A030061D002B3CD157213E480CF073
:106C3000D4FB07213D4B5F5CD4F8A0304BB11B7CEB
:106C4000002B66D1D4F8A00000F016FD0023C4F894
:106C5000A030022130460EF0E3F948B9072F94BF67
:106C6000334B1F213A46204698BFD95DFBF772FD92
:106C7000032130460EF0D4F940B32E4B1B682BB3E2
:106C800053F80C6906B10C3E03B35B6813B1394687
:106C900020469847002E43D0F26802B10C3A3346A2
:106CA0001646F1E779BB0D2130460EF0B9F90746DB
:106CB00020B1D4F8A00008B100F0ECFD1D4B1B681A
:106CC00023B153F80C6906B10C3E73B928460EF097
:106CD00063FA637B072B25D1627AA37A9A4221D08B
:106CE0002046BDE8F840FFF7D5BE1B6813B1394612
:106CF000204698472EB1F26802B10C3A3346164648
:106D0000E3E73246FAE70139C9B20E2992D90927D9
:106D100092E7022130460EF083F9002892D198E7DD
:106D20003246BCE7F8BD00BF06E1030068F9030086
:106D300057F903001C680020F8B5031D06460F46EE
:106D4000184602210EF06CF9044620B1B6F8E8406E
:106D5000B4FA84F46409032118460EF061F978B19D
:106D600039463046FFF758FFBCB1572118480CF0A0
:106D700034FB0521D6F8EC00FBF70CFA0020F8BD37
:106D8000012118460EF04CF90028E9D10F211846D0
:106D90000EF046F90028E3D1E6E705213046FFF77B
:106DA00015FA054688B101210C30F7F7E5FE2346B8
:106DB00007702246294606F1EC00FCF701F900288D
:106DC000DCD02846F7F712FED8E76FF06800D6E768
:106DD00035E103001E4B10B5044618604FF0FF323A
:106DE0004FF0FF331B4805F01FF950B11A4941F22B
:106DF0003B321A480BF0F4FE41F23B3116480BF0DF
:106E0000E6FE174806F028FB124805F0BBF940B132
:106E100011494FF49A5211480BF0E2FE4FF49A5187
:106E2000ECE72CB10F4CD4E8AF3F5B0606D410BDA5
:106E30005721BDE810400C480CF0CFBA201FFFF7D7
:106E4000D9FB0028F3D00821201FFFF775FFEEE7DC
:106E50002C690020EC16002082E0030012B303002E
:106E6000001700204431002092E103002DE9F04199
:106E70000B8A04460E4633B945212A480CF0ADFA78
:106E80000020BDE8F081012106F10C00F7F7DEFEDD
:106E9000A4F1EC05E83C0746042120460EF0C0F8BA
:106EA0003A7820B1572120480CF097FAE8E70E2AEB
:106EB00002D957211D48F7E7DFF8748058F83230BF
:106EC00043B957211B480CF088FA07212846FFF7E1
:106ED00033FFD5E7114628460EF04BF93B7860B9F1
:106EE000572115481A460CF078FA032120460EF077
:106EF00097F80028C4D00821E8E708EBC301328ADC
:106F00000979914205D045210C480CF066FA0A2116
:106F1000DCE73146284658F83330984701460028C8
:106F2000AED0D3E7B0E10300D0E1030006E20300F6
:106F3000BC9303002DE203004CE2030030D80300B1
:106F40002DE9F04190F8E930CF6823F0020398B0C2
:106F500080F8E930D0F8EC603B78044606F1700820
:106F6000D3B1BB7903F0C003C02B15D039466846B6
:106F7000F7F7ECFE6A46452155480CF02EFA4146DB
:106F800008A8F7F7E3FE5348452108AA0CF025FAB4
:106F90000A2018B0BDE8F08107223946404610F0BB
:106FA000A9FC68B13946307A00F00CFB054638B1CF
:106FB000014620460EF03AF8C0B1284600F05CFBCE
:106FC0000D21201D0EF02CF800286FD04246022023
:106FD000317A00F02FFB054650B9414610A8F7F76B
:106FE000B5FE45213C4810AA0CF0F7F90820D0E77F
:106FF000F378002B3CD106F17E031878012827D1C5
:107000009A7902F0C002402A22D1D3F80120C5F8B3
:107010003E20B3F80530A5F8423096F87030BBB189
:1070200096F8763003F0C003C02B11D02B4910AA7C
:10703000CDE910871295FAF7EFFF3B683046C5F8A7
:107040000130BB88A5F80530BB79EB71FBF742FB3B
:1070500094F8E91011F002010DD0214941F2280203
:1070600020480BF0BDFD41F228011D480BF0AFFD9B
:1070700006F17703C1E72846F9F7EAFC014628B193
:10708000194857210CF0A9F9032082E72846F9F79F
:10709000DFFC40B1124941F24C0212480BF0A0FD56
:1070A00041F24C01E1E72846F9F7E4FC94F8E930B5
:1070B0005B0703D50A2120460DF0FAFFB4F8E8106B
:1070C00009B1002065E72046FFF7A6FDF9E700BFFC
:1070D0006CE2030085E2030052DF0300CF5103009E
:1070E00082E0030012B3030092E203002DE9F041B5
:1070F0000E460446D0F8EC80FEF778FFF66845218E
:10710000054632780E48271D0CF067F90A213846EB
:107110000EF02FF838B16DB920463178FFF77CFDBD
:107120000020BDE8F0810B2138460EF022F800283F
:10713000F1D1F1E72B69002BEED040469847EBE701
:10714000D2E203002DE9F0410546A0F1E80604462D
:107150000F4688B00121304655F8EC890EF009F849
:1071600000285DD0E7B1032130460DF059FF00281B
:1071700056D03846F8F72AFE0138C0B208288CBF2E
:107180000024324B4FF0020198BF1C5C30460DF0DA
:107190008FFF2146284608B0BDE8F041FFF73CBD0F
:1071A00098F80B30002B3BD0032130460DF038FF10
:1071B00028B9284608B0BDE8F0410DF0EDBF052123
:1071C00030460DF02DFFB8B114F8043C1F0707D569
:1071D00014F8033C180703D5112130460DF068FF61
:1071E00014F8043C23F0080304F8043C14F8033CAE
:1071F00023F0080304F8033C14F8033CD90712D524
:10720000062128460DF054FF022130460DF050FFB4
:107210002168D1F8A03073B134F8041C0029B9D02A
:1072200008B0BDE8F0819A0701D50821E9E75B07BE
:10723000EAD50A21E5E768467031F7F787FD6A4627
:10724000452103480CF0C9F8EAE700BF5FF90300E5
:10725000F9E2030038B5A0F59C75A0F59A74D4E85E
:10726000AF2FD5E8AF3F452106480CF0B6F82846C9
:107270000821FFF7D1FC2046BDE8384004210DF07D
:1072800017BF00BF13E30300F0B589B00446FEF753
:10729000E7FE054600B3061D032130460DF0C0FE93
:1072A000D0B1D4F8A00008B100F0E6F904F17007FD
:1072B0003946207A00F0D2F8C4F8A00070B93946F7
:1072C0006846F7F743FD452139486A460CF085F8D2
:1072D00008212846FFF730FD09B0F0BD0E213046E9
:1072E0000DF09EFE28B1D4F8A020537C43F0020399
:1072F00053742B7A032B0DD8002B4DD1D4F8A0203A
:10730000537C23F020035374D4F8A020537C23F043
:1073100001030DE0053B012BF0D8D4F8A020537CED
:1073200043F020035374D4F8A020537C43F00103AE
:1073300053742B7D697BD4F8A0208B4228BF0B4669
:107340003046137405210DF06BFED4F8A020537C59
:1073500048B343F010030D21304653740DF060FE26
:107360000028B9D02021D4F8A00000F04DF9D4F8BD
:10737000A03005F147021E33573552F8041BAA42CC
:1073800043F8041BF9D10023D4F8A0205361936182
:10739000D4F8A02093839FE7052130460DF040FEEE
:1073A0000028ABD0BFE723F01003537494E700BF6D
:1073B00052DF0300012208B5034B04481A70FAF7A4
:1073C00031FA002008BD00BFB67000200817002069
:1073D00008B550B909490A4840F249220BF000FCAF
:1073E00040F2492105480BF0F2FB437C5B0604D4D4
:1073F000BDE808400121F9F705BB08BD4EE30300D5
:1074000012B3030070B5054611480C4603780126F7
:10741000AB4204D10722304410F06CFAA0B12EB177
:1074200007220C490C4810F065FA78B9084A13464F
:1074300003F8015B2168C2F80110A1889980A17945
:10744000997140F21123D360014870BD0020FCE720
:107450003069002093F803003169002008B541B974
:107460000649074871220BF0BBFB712103480BF062
:10747000AEFBBDE80840FFF7C5BF00BF4EE3030009
:1074800012B30300F8B5054616460C4691B90B49F0
:107490000B48CD220BF0A4FBCD2108480BF097FB45
:1074A0003BB131463846A04701227B8A2B40002A57
:1074B000F6D0F8BD0022034FF7E700BF4EE303000C
:1074C00012B303003069002008B5002202200249EF
:1074D000FFF7D8FF002008BDD173020070B50D463C
:1074E00011463AB10D4C0026638A227803400AD136
:1074F000184670BD0A490B48DA220BF071FBDA21FD
:1075000007480BF064FB954204D10722601C10F081
:10751000F1F908B13046ECE72046EAE7306900208F
:107520004EE3030012B30300F8B506460C4651B90A
:107530001F49204840F203120BF052FB40F20311A6
:107540001B480BF044FB0B78012B01D00020F8BD49
:107550008B7903F0C003402BF8D1174D0023294647
:107560006F8A11F83E2BBF0704F1010006D5B24225
:1075700004D1062210F0BEF9B8B10023002BE5D1EA
:107580006B8A9B07E2D52B78B342DFD1661C31466C
:107590000A480CF0F9F90028D8D0D4F80130C5F821
:1075A0003E30B4F80520064B9A800348CFE700BF71
:1075B0004EE3030012B30300306900205E6900202F
:1075C0006E69002010B529B10C4C237883420CD091
:1075D000002010BD0A490B484FF49A720BF000FBD3
:1075E0004FF49A7106480BF0F2FA0722601C10F073
:1075F00081F900280CBF20460020EAE7306900200E
:107600004EE3030012B3030008B550B90749084818
:107610004FF4A2720BF0E4FA4FF4A27103480BF09E
:10762000D6FA438A1943418208BD00BF4EE30300E6
:1076300012B30300F8B506460F46154642B90C4989
:107640000C48EC220BF0CCFAEC2109480BF0BFFA05
:10765000FFF744FF044640B929463846FFF7FEFECF
:10766000044610B13146FFF7CFFF2046F8BD00BFFA
:107670004EE3030012B3030010B5044650B90E499F
:107680000E484FF4AA720BF0ABFA4FF4AA710A48F5
:107690000BF09DFA037A5B0701D5F9F797FA2146BB
:1076A00011F8010BF7F752FD2046BDE810404422C7
:1076B000002110F010B900BF4EE3030012B3030025
:1076C000F0B5044615461846BBB034B945216748A5
:1076D0000BF083FE6FF015062EE038222CA9A84788
:1076E000051E05DA2A46452161480BF076FEF1E7D2
:1076F000204602A90CF05BF9064618B12246452146
:107700005C48F2E7204601A90BF00FFF019840B159
:107710000A2231460AF0DEFE024610B145215648E3
:10772000E3E7B5B929463F2002AAFFF7D7FE30B1FB
:107730004422294610F0CFF830463BB0F0BD02A9F4
:1077400004A8F7F703FB57214C4804AA0BF045FEA9
:10775000F2E7002002A9FFF755FE044658B902A936
:107760000CA8F7F7F3FA452145480CAA0BF035FEB3
:107770006FF00B06E0E7382D9DF8B0303AD0102BB3
:107780002ED8342D2CD140F211232CADC36038AF4C
:1077900000F110032A4603CABA4218605960154620
:1077A00003F10803F6D110681860E27BB4F80D30DD
:1077B00043EA0243022B51D1637CDA07BCD513F0B4
:1077C000300FB9D102A924A8F7F7C0FA57212D48E4
:1077D00024AA0BF002FE637C23F001036374ABE781
:1077E00038232A46452128480BF0F7FD2046FFF7AD
:1077F00043FF6FE7102B21D840F211232CADC3605B
:1078000038AF00F110032A4603CABA421860596023
:10781000154603F10803F6D110681860638A03F077
:10782000220299066282C0D402A914A8F7F78EFA40
:107830005721164814AA0BF0D0FDD7E72CAB00F166
:107840000C051A4603CA69603AA98A4228601346A1
:1078500005F10805F5D1237B112BA6D002A91CA8A0
:10786000F7F774FA45210A481CAAE4E720C103008F
:107870007EE3030022DB030043DB0300A2E30300FB
:10788000CAE303007BE40300EEE3030011E403001A
:1078900036E40300024610B550B90D490D4840F2D8
:1078A00089120BF09DF940F2891109480BF08FF90C
:1078B0000146382311F8010B0C32F7F739FC044666
:1078C00020B10246452104480BF087FD204610BD3B
:1078D0004EE3030012B30300E5E4030070B506466F
:1078E0000E4B1C686CB951B1002200230C480BF000
:1078F000EAFF054650B945210A480BF06EFD2046C7
:1079000070BD238BB342FAD02468EBE701460683AF
:107910000248F6F7D1FF2C46F1E700BF8869002046
:107920002C1A002017E5030010B5044628B945219C
:107930001648BDE810400BF050BD036813B957213D
:107940001348F6E70020134A116821B9572112485D
:107950000BF043FD0AE08B4214D1196860B95068FE
:107960001160834200D1516000221A602068F7F74D
:107970003DF80023236010BD016051688B4208BFB1
:107980005060F1E708460968DFE700BF45E50300FE
:1079900093E5030088690020C3E5030038B5048A35
:1079A000438A45691B1BC468641B1B1B9A4205D98B
:1079B000054845210BF011FD002038BD0C300BF0BF
:1079C00093FF0120F9E700BFE7E5030030B5038A24
:1079D0008BB01E2B06D8452156480BB0BDE8304071
:1079E0000BF0FBBC1F210C30F7F730F9027804468E
:1079F0001AB1572150480BF0F0FC0121B4F80100F6
:107A0000FAF72AFB054610B945214C48E5E72178ED
:107A1000002940F08C80E3788DF80030627923797A
:107A200043EA0223ADF80230A3798DF80430E379FC
:107A30008DF80530237A03F00102C3F340038DF87B
:107A40000730637A8DF8062003F001038DF80830C3
:107A5000E37A8DF80C30237B8DF80D30627B8DF846
:107A60000E20E37A2BB1A37A03F00103C3F10203E2
:107A7000DBB28DF80930237B2BB1A37A13F0020F10
:107A800014BF012302238DF80A302AB1A37A13F020
:107A9000040F14BF012202228DF80B20E38900217C
:107AA00003F001038DF80F30238A284603F0010309
:107AB0008DF81030A37CC3F340028DF81120C3F37E
:107AC00080036A468DF81230B4F81330C3F34003D4
:107AD0008DF81330B4F81330C3F380038DF81430ED
:107AE000B4F81330C3F3C0038DF81530B4F8153073
:107AF000ADF81830B4F81730ADF81A30B4F81930C2
:107B0000ADF81C30B4F81B30ADF81E30637F8DF833
:107B10002030A37FADF822108DF821308DF824108D
:107B2000FAF76CFF2846FAF761F90BB030BD002276
:107B3000F6E700BF23E6030041E6030080E603000A
:107B400030B5038A8BB0212B06D845215A480BB09B
:107B5000BDE830400BF041BC22210C30F7F776F83D
:107B6000027804461AB1572154480BF036FC012123
:107B7000B4F80100FAF770FA054610B945215048EB
:107B8000E5E7217839B10022FAF738FF2846FAF7FD
:107B90002DF90BB030BDE3788DF800306279237990
:107BA00043EA0223ADF80230A3798DF80430E3797B
:107BB0008DF80530237A03F00102C3F340038DF8FA
:107BC0000730637A8DF8062003F001038DF8083042
:107BD000E37A8DF80C30237B8DF80D30627B8DF8C5
:107BE0000E20E37A2BB1A37A03F00103C3F1020361
:107BF000DBB28DF80930237B2BB1A37A13F0020F8F
:107C000014BF012302238DF80A302AB1A37A13F09E
:107C1000040F14BF012202228DF80B20E3890021FA
:107C200003F001038DF80F30238A284603F0010387
:107C30008DF81030A37CC3F34002C3F380038DF8AA
:107C400011208DF81230B4F813306A46C3F34003A4
:107C50008DF81330B4F81330C3F380038DF814306B
:107C6000B4F81330C3F3C0038DF81530B4F81330F3
:107C7000C3F300138DF81630B4F81530ADF8183092
:107C8000B4F81730ADF81A30B4F81930ADF81C302C
:107C9000B4F81B30ADF81E30637F8DF82030A37F21
:107CA0008DF82130B4F81F30ADF8223094F821302F
:107CB0008DF8243068E700BF23E6030041E60300A7
:107CC00080E6030037B5038A4A2B06D845211448BD
:107CD00003B0BDE830400BF080BB4B210C30F6F711
:107CE000B5FF027804461AB157210E480BF075FB18
:107CF0000121B4F80100FAF7AFF9054610B94521A2
:107D00000948E5E7217849B90334019401AAFAF753
:107D1000ADFE2846FAF76AF803B030BD0022F6E758
:107D200023E60300CCE6030001E703002DE9F0435E
:107D30004FF00008038A8BB00E2B0546CDF8048067
:107D400006D845214C480BB0BDE8F0430BF045BBCD
:107D50000F210C30F6F77AFF0788044601213846D8
:107D6000FAF77AF9064610B945214448EBE7E37A79
:107D7000012B45D0CDF82480A37B002B35D105A95C
:107D8000B4F805308B80B4F80730CB80A37A4B72FF
:107D9000E37A8B72237BC3F30303CB72237BC3F39E
:107DA00003130B73637A0B72637B4B73A37B8B732D
:107DB000E37A0F3B18BF4FF0FF33CB7300230B70F8
:107DC0004B80A3780B70B4F803304B80E37A012B1F
:107DD00002D03046FAF756FFA37A012B17D130466E
:107DE000FAF704F80BB0BDE8F0830DF1080840463F
:107DF0002A8A04F10F010BF06AFDCDF82480BEE75A
:107E0000A17A012911D057211D480BF0E6FA30461E
:107E1000F9F7ECFF00213846FFF760FD01900028DC
:107E2000E0D001A8FFF780FDDCE7A37B13B9572161
:107E30001448EAE73846B5F81090FFF74FFD04F113
:107E40000F08054610B945210F48DEE7038A1BB12C
:107E500057210E480BF0C1FA2846F6F755FC4A4662
:107E600041462846FFF79AFD0028D0D008490195E1
:107E70000C350D6184E700BF23E6030047E70300EC
:107E800087E70300DFE7030011E8030044E803008D
:107E90007469002000232DE9F3410193038A06460B
:107EA000072B06D845213F4802B0BDE8F0410BF052
:107EB00094BA08210C30F6F7C9FEB0F800800446E9
:107EC00001214046FAF7C8F8074610B9452136485F
:107ED000EAE7E57905B1358A00214046FFF7FEFC67
:107EE000064628B9452131480BF077FA002646E0CE
:107EF000038A13B957212E48F6E735B12A4604F113
:107F00000801FFF74BFD0028F0D0E378294D0196DA
:107F10006B722379AB726379C3F30303EB726379FA
:107F2000C3F303132B73A2796B7B9A4203D05721BF
:107F300021480BF052FA2279AB7B0F2A03D1EA7B5E
:107F40009A4288BFEB73E2791344AB732379012B18
:107F50000BD018493846FAF795FE3046F6F7D4FBB1
:107F60001422002113480FF0B6FCE378012B13D044
:107F70002379012B0DD1572110480BF02EFA3846EA
:107F8000F9F734FF16B101A8FFF7CEFC02B0BDE847
:107F9000F08101A8FFF7C8FC384602B0BDE8F04107
:107FA000F9F724BF23E6030047E7030075E8030061
:107FB000F3E80300746900202BE9030087E703005E
:107FC00030B5038A89B0202B06D845213D4809B039
:107FD000BDE830400BF001BA21210C30F6F736FE37
:107FE000027804461AB1572137480BF0F6F90121FF
:107FF000B4F80100FAF730F8054610B945213348C6
:10800000E5E7217800295AD12379E1783BB9FAF7DD
:108010009DFD284609B0BDE83040F9F7E7BEA279DA
:108020006379FF2A1CBF43EA0213DBB28DF80530E7
:10803000E3798DF804108DF80630237A00218DF84D
:108040000730637A01AA8DF80830A37A8DF80930D9
:10805000E37A8DF80A30237B8DF80B30637B8DF843
:108060000C30237E8DF80D30637E8DF80E30A37EAC
:108070008DF80F30E37E8DF81030237F8DF81130AE
:10808000637F8DF81230A37F8DF81330E37F8DF876
:10809000143094F820308DF81530D4F80E30CDF827
:1080A0001630D4F81230CDF81A30E38AADF81E300D
:1080B000FAF714FD2846F9F799FE09B030BD002201
:1080C000F6E700BF23E603008FE90300B5E90300EC
:1080D00038B5038A022B05D845211148BDE8384040
:1080E0000BF07BB903210C30F6F7B0FD02780446A3
:1080F0001AB157210B480BF070F90121B4F80100B7
:10810000F9F7AAFF054610B945210748E6E72178A7
:10811000FAF74EFD2846BDE83840F9F767BE00BFC4
:1081200023E60300FBE903002AEA030030B5038AD3
:1081300087B0142B06D845212F4807B0BDE8304042
:108140000BF04BB915210C30F6F780FD0278044690
:108150001AB1572129480BF040F90121B4F8010068
:10816000F9F77AFF054610B945212548E5E7217959
:1081700059B90088FFF7B2FB019030B1214857216F
:108180000BF02BF901A8FFF7CFFB217889BBE3782F
:108190008DF8043023798DF8053063798DF8063039
:1081A000A3798DF80730627AB4F8073043EA0243C6
:1081B0000293A37A01AA8DF80C30B4F80B30ADF815
:1081C0000E30B4F80D30ADF81030B4F80F30ADF813
:1081D0001230B4F81130ADF81430B4F81330ADF8F3
:1081E00016302846FAF716FD2846F9F7FFFD07B0C6
:1081F00030BD0022F5E700BF23E6030074EA030068
:10820000A4EA0300EFEA030073B50D4616460446E0
:10821000B8B94921184802B0BDE870400BF0DDB88C
:1082200023680193A388834202D2572113481EE09A
:1082300031466846A847E0B120469DF80210F6F79F
:10824000EBFCA388012B14D920460BF070FB8DF8B2
:10825000000020460BF06BFB8DF8010020460BF070
:1082600066FB8DF802000028DAD1572104480BF094
:10827000B4F802B070BD00BF1FEB03006CEB03004D
:1082800044EB0300884210B500EB02030DD98C18B3
:10829000A0420DD20B490C4840F2B3220AF0A0FCD8
:1082A00040F2B32107480AF092FCF3D09942F0E77C
:1082B000013A114411F8012900F8012B8342F9D148
:1082C00010BD00BF6FC2030012B303002DE9F043DD
:1082D0008446894616462F4C9BB01D46DDE9238710
:1082E0000CAB04F1300E1A4620686168083403C2F2
:1082F00074451346F7D1206861461060227904A8BE
:108300001A712022FFF7BEFF6B462022224804A9E3
:1083100000F072F80446C0BB102249460DF135004A
:10832000FFF7B0FF102231460DF14500FFF7AAFF1D
:10833000294611F8013B06220DF156008DF8553003
:10834000FFF7A0FF2299062211F8013B0DF15D0015
:108350008DF85C30FFF796FF4346352268460CA93E
:1083600000F04AF8044680B940460DF0BAF80123FF
:1083700035228DF8303068463B460CA900F03CF8B9
:10838000044610B938460DF0ACF820461BB0BDE8E5
:10839000F08300BF828D030090F9030070B50E4694
:1083A0001D46144698B00146202204A8FFF76AFF34
:1083B000202231460CA8FFF765FF1022294614A899
:1083C000FFF760FF102221466846FFF75BFF6B4610
:1083D0005022684604A900F00FF840B9039B054AF3
:1083E0001BBAB3FBF2F102FB11331C9A136018B0F5
:1083F00070BD00BF40420F002DE9F0418EB007462E
:108400000C4615460021182208A81E460FF063FAF4
:108410004FF41053ADF81C308023ADF81E304FF4EC
:108420004063DFF854801022CDE90938394605ABA6
:1084300007A807F07DFA024640B145210F480AF02F
:10844000CCFF6FF004000EB0BDE8F08106AB0293E4
:10845000102322464146CDE9006305982B460EF0D5
:10846000A7F80446059807F017FA2043EBD02246F8
:1084700045210348E3E700BF0002C0039EEB030071
:10848000BFEB030010B5094C0A44914200D110BD66
:1084900011F8013B58400309E35C0001C0B24340BE
:1084A0001809205C1B01DBB25840EEE7A0F903007D
:1084B0000122024BC3F80424704700BF002008E0EB
:1084C00037B540230C460A490093411A4911054625
:1084D0002346084A08480DF087F8014628B1284687
:1084E000234603B0BDE83040184703B030BD00BF9D
:1084F000A469002055560300E07A0300C9B201299F
:1085000008B508D9084909487E220AF069FB7E218E
:1085100005480AF05CFB0C22036901FB0233986CEE
:1085200000F0070008BD00BFE8EB030012B3030032
:1085300070B5C9B20129034600690AD9174918481C
:108540004FF4E8720AF04CFB4FF4E87113480AF05C
:108550003EFBEFF31186402484F31288BFF36F8F44
:108560000C2505FB0104A46C14F0C00401D0A24248
:1085700011D1012205FB01008264002086F31188DD
:10858000BFF36F8F30B90C225B6802FB01335B686D
:108590009847002070BD4FF0FF30EFE7E8EB030095
:1085A00012B3030070B50D4606490446411A49113D
:1085B00040220548FFF7BCFF2B4601462046BDE898
:1085C00070401847A4690020E07A0300F8B5002243
:1085D0000121054640F20510F5F79EFC0F4801F019
:1085E000EDFE0446B8B90DF00FFA2F690C49384674
:1085F0000AF0B6FB031E09DB0126BE642D6908499B
:1086000005F120000AF0ACFB031E02DA1C462046EE
:10861000F8BD6E65FBE76FF00404F8E7D58602004D
:10862000489403001FB5002201236C46CDE90223C4
:108630006B46074ACDE900440DF005F828B943F62A
:1086400009520023684603F0E3FF04B010BD00BFE9
:108650006156030010B5EFF31184402383F31288B1
:10866000BFF36F8F074A136823F00201DB07116025
:1086700002D4012001F08AFE84F31188BFF36F8FCA
:1086800010BD00BFFC6900200C22104B014602FB0C
:108690000033002030B4D3E910521864EFF3118096
:1086A000402484F31288BFF36F8F9C6C04F0C004E5
:1086B00044F002049C6480F31188BFF36F8F1DB1F6
:1086C0002B4630BC0248184730BC7047A4690020D4
:1086D000E07A030008B506281BD8DFE800F0232362
:1086E0000D0F04232300104B986C10F0070019D1D4
:1086F000BDE80840FFF7C8BF0120F9E70B4940F289
:10870000FA220B480AF06CFA40F2FA2107480AF004
:108710005EFA06494FF4417205480AF061FA4FF4D7
:108720004171F3E708BD00BFA4690020E8EB030036
:1087300012B3030010B4EFF31180402282F31288C9
:10874000BFF36F8F16490B6843F0020413F0010367
:108750000C6017D0134BD3F80C3413F4803311D0C2
:10876000EFF3118182F31288BFF36F8F0E4A936C7F
:1087700003F0C00343F00203936481F31188BFF355
:108780006F8F012380F31188BFF36F8F1BB100201F
:1087900010BCFFF779BF012010BC01F0D5BD00BFB0
:1087A000FC69002000E01050A4690020024BC0B218
:1087B00003EB4010704700BFA46900202DE9F04191
:1087C000012206463F49D1E8EF3FC1E8E02F0028EB
:1087D000F9D19BB93C493D484B60CB608A60F3F7C7
:1087E00053F900280ADA3A4940F2A32239480AF03C
:1087F000F7F940F2A32136480AF0E9F9002E4CD0EF
:10880000731E012B55D8012E06D1334BD3F85034AB
:1088100003F00303012B40D00DF07FFB054650B160
:10882000EFF31188402383F31288BFF36F8F012584
:10883000294C2A4F20E02A4B1B78002BF0D0042231
:10884000254B8046C3F80823F2E745B340460BF0BA
:1088500003F8D4F8403413F0FF030DD1D4F8082105
:1088600052B1C4F80831D4F8083120220123C4F8E9
:108870004034C7F8A0212361D4F84C24D4F84C34F8
:10888000D203E2D503F00303012B01D0012EDCD18A
:1088900055B188F31188BFF36F8FBDE8F0810021D7
:1088A000202005F03FFCD4E704220B4BC3F804233F
:1088B000F3E7074940F2B52206480AF091F940F281
:1088C000B52198E7A069002090690020C4690020C4
:1088D000E8EB030012B3030000E0105000E100E0F9
:1088E000B975002008B50448F2F7A8FE0248F5F76C
:1088F000A7FE002008BD00BFFD88020073B5044636
:1089000003250F4E8DF80700012200200DF107010D
:1089100002F0E6FF20B101233370204602B070BDA3
:108920003378002BF9D0013D08D00DF0F6FA00287D
:10893000EAD100213F2005F0F5FBE5E73570ECE7D3
:10894000B97000200023024A0020C1E900237047CB
:1089500000D01700004870476C940300024B0B6076
:1089600001231360704700BF7494030008B501220F
:10897000054811460DF060FA01F088FD034B044AEA
:108980000020C3F80C2508BD006A002000B0045088
:108990008000008010B50C1E10461A460CDB084BF8
:1089A0009C4209D8C4F5BE1404F58054A24203D8F1
:1089B0000EF084FF002010BD6FF01500FBE700BF34
:1089C000FFCF170038B542F201030F4D1446C5F82A
:1089D0000035A1B10EF072FFBFF35F8FD5F81834E8
:1089E000DB0706D4C4F308041CB10123AB60BFF35A
:1089F0005F8F4FF40052044BC3F8002538BDFF21B0
:108A00000EF069FFE8E700BF00B00450F0B5051EA6
:108A10000F46144687B033DB1B4B9D4230D8C5F55B
:108A2000BE1303F580539A422AD8FAB14FF0FF32B1
:108A30004FF0FF33154803F0EBFD0CF0E8FF06465E
:108A4000B8B101238DF81430114B4FF4FA50009354
:108A500002AB04940193CDE9027501F01FFD684655
:108A600001F022FD0446094803F06EFD204607B0E0
:108A7000F0BD224639462846FFF7A4FF3446F2E708
:108A80006FF01504F2E700BFFFCF1700006A002067
:108A90006157030038B5036941B91D4964221D4877
:108AA0000AF09EF864211A480AF091F8486830B933
:108AB0001749652217480AF093F86521F3E75868CB
:108AC00000B30024884219D108688CB99C685860AA
:108AD000A14200D19860002008602AB15A680A605B
:108AE0009A68596002B9996000200FE02846E9E7CA
:108AF00020609868814208BF9C60ECE705680446E6
:108B0000002DF3D1002AE9D16FF0150038BD00BF68
:108B10007CEC030012B3030008B503685F2B4FEA37
:108B2000531107D80B4A03F01F0352F82120DA40F3
:108B3000D2070AD4084909484FF482620AF050F873
:108B40004FF4826104480AF042F80360044B53F882
:108B5000210008BD88940300B8EC030012B30300A1
:108B60007C94030070B5446801F01F05207C86B03A
:108B700045EA4015A068002871D0B2F5001F04D165
:108B8000294602F0A5F900204EE06068667CB2F547
:108B9000800F46624FF0000601A80196466032D170
:108BA000B3F1007F14BF052304238DF804300023A4
:108BB000CDE904030393E3686E46CB4013F0010F45
:108BC00034D1B2F1A07F31D168460095FFF7A4FF00
:108BD000009B203350F82330DB0727D46A46294610
:108BE000A06802F023F8163018D002962946A06833
:108BF00003AA01F0C3FE002816DB01222946A06863
:108C000002F0EEF8BFE7B3F1C06F05D0B3F1007F1B
:108C100014BF01230223C8E70323C6E76946A068FF
:108C200002F0BEF80028E0DA06B070BD32462946F0
:108C3000A06801F0FBFF0028D8D19DF80010A068C3
:108C400002F092F80028D1D00649074840F2F1120C
:108C500009F0C6FF40F2F111024809F0B8FF6FF0C9
:108C60008500E1E7EBEC030012B303002DE9F043CC
:108C7000466840F20635337CD00601F01F0747EA0C
:108C8000431748BF032302EA050558BFC2F3401348
:108C900087B0B5F5837F14468DF8033043D00DD8E7
:108CA000062D42D005D8A5B1022D12D06FF01500C7
:108CB00036E0B5F5807FF9D101250AE040F20222C5
:108CC000954234D0B5F5407F33D0B5F5007FEDD176
:108CD000042522032FD5012372688B405360B068AE
:108CE00080BB03A80397FFF717FF039B00EB8300EC
:108CF000C4F3004383F00103C4F34044D0F8802060
:108D000044EA43049DF8033022F4706244EA830489
:108D100022F00F0244EA05231343C0F880300020FC
:108D200007B0BDE8F0830925D3E70825D1E706257C
:108D3000CFE70525CDE7630341BF012372688B4070
:108D40009360CCE739460DF1020201F06FFF14F495
:108D5000403F804616D13946B06801F0EFFFB8F1C8
:108D6000000FDCD19DF80210B06801F0FDFF002873
:108D7000D5D01E491E48FC2209F032FFFC211B48B9
:108D800009F025FF4FF0000901ABCDE90199CDE9CC
:108D90000439CDF80C903946B06803AA01F0EEFD15
:108DA0004845BCDB14F4003314D09DF80330C4F301
:108DB000004484F001048DF80E308DF80C508DF8CD
:108DC0000D404B463946B06803AA01F097FE0028D3
:108DD000C5DAA4E7CDE904330DF103030393394663
:108DE000B06803AA01F0CAFDF1E700BFEBEC030095
:108DF00012B303004209022A034670B503D0012AC8
:108E00001BD0E2B170BD134E326951680029F9D010
:108E1000012503F01F030C689D400029F2D08A68E9
:108E20002A4010D04B6863B90B490C48892209F0DD
:108E3000D7FE8921084809F0CAFE094EE4E7094E29
:108E4000E2E7304698471CB1236821461C46E4E718
:108E50002346FAE7347B03007CEC030012B30300E3
:108E6000187B0300FC7A030038B54568A868C0B1D8
:108E700001F04CFF0146A0B9A86801F005FF0446C7
:108E800088B902460949A86801F0BCFE22460121C2
:108E9000DB20F5F741F82246012140F20D10F5F7ED
:108EA0003BF8002038BD6FF00400FBE7F58D0200B1
:108EB00070B50F48D0E90015541A63EB0506640934
:108EC00044EAC6642026E4FB0615C0E900150949FA
:108ED0000020C1E900230021074BC3E9000105F090
:108EE00013FE01462046BDE8704005F087BD00BF77
:108EF000D0320020B8320020C832002008B500224D
:108F00000121E420F5F708F8164A0020D2F81837B6
:108F100023F44033C2F8183702F002FA002820DBAD
:108F20000120114902F0ACFA00281ADB02F0BEF968
:108F30000E4B20F01F00C3E900010D4B0022C3E9D6
:108F400000014FF0FF304FF0FF310A4BC3E9000141
:108F5000094B0A49187A02F0CDF967220020084B24
:108F60001A6008BD00200E5018170020D0320020D3
:108F7000B0320020B832002010170020B18E02005D
:108F8000346A002008B502F091F9064AD2E90032AD
:108F9000C01A054B61EB0201C3E90001400940EA38
:108FA000C16008BDD0320020C832002010B502F0E8
:108FB000CDFA0120FFF7FAFBF2F7E6FD00280ADA06
:108FC0000C490D4840F2072209F00AFE40F2072141
:108FD000084809F0FCFD094B094A1B684FF47A70F8
:108FE000BDE81040B3FBF2F35843064B43F00103D6
:108FF000184700BF39ED030012B303001C1700200F
:1090000040420F00C08D0300F7B5224B0146224FAE
:10901000187A224BD7E90056D3E900239E4208BFB5
:10902000954211D1B1F1806F0ED24901012938BFAB
:10903000012101224D1946F10006C7E9005603B08F
:10904000BDE8F04002F020BB154BDFF858C0D3E973
:109050000043DCE9002CA41843EB0C0C4FF0200E6D
:1090600022466346C1FB0E23954276EB0301C7E916
:1090700000230DD2291B66EB0C04C82974F10004EF
:10908000B4BF01210021009102F0C0FA03B0F0BD8D
:109090000021F8E710170020C0320020B83200206D
:1090A000D0320020C83200202DE9F04112F0FC6FD0
:1090B0001346D0E9014706690AD037494FF47D725B
:1090C000364809F08DFD4FF47D71334809F07FFD7E
:1090D00002F03002302A08D12F4940F2F7322F48EF
:1090E00009F07EFD40F2F731EFE72D4A2D4D1A4091
:1090F000AA4208D1284940F2FB32284809F070FD05
:1091000040F2FB31E1E703F00602042A08D12249CC
:1091100040F2FE32214809F063FD40F2FE31D4E70F
:1091200013F4402216D09D0308D41B4940F201429B
:109130001A4809F055FD40F20141C6E7B2F5402F4B
:1091400008D1154940F20542144809F049FD40F2A2
:109150000541BAE7DD0205D522B143F3000202F46E
:1091600040225340012524688D40254223F480127B
:1091700008D1094940F21142084809F031FD40F296
:109180001141A2E73468DB074CBF2C43AC43346089
:109190003B68BDE8F04118476BED030012B30300D4
:1091A0000200030002000100012310B503FA01F1DF
:1091B000436804691B6819420AD10C490C4840F203
:1091C000A26209F00DFD40F2A261084809F0FFFC1F
:1091D0002368194203D022B183681B6903E0002A87
:1091E000FAD08368DB68BDE8104018476BED0300D8
:1091F00012B303002DE9F041074688460025104EC2
:1092000027FA05F212F0010210D128FA05F3DB0764
:109210000ED531793068FFF7C7FF044640B14521CC
:1092200008480AF0DAF82046BDE8F0810122F0E7AC
:109230000135062D06F10806E2D10024F3E700BF50
:10924000D09403009CED030070B500260C4CE2881E
:109250002068217942F40032FFF726FF054648B91D
:109260000136062E04F10804F1D1BDE870400F214B
:10927000FFF7C0BF452103480AF0AFF8284670BD8C
:10928000D0940300B7ED030005280A4610B507D9AE
:1092900045210B480AF0A1F86FF01504204610BDD7
:1092A000084B03EBC001097953F83000FFF77CFF4E
:1092B00004460028F2D0452103480AF08EF8EDE775
:1092C000D6ED0300D09403009CED030002460B464C
:1092D000014802F0A9BE00BF98180020014802F022
:1092E00051BF00BF981800200348452108B50AF077
:1092F00074F80020F5F718FD0AEE03001FB50024EE
:109300000A2201940294CDF80B400091014601A875
:109310000EF000FB4521009B064801AA0AF05DF80B
:1093200084F31188BFF36F8F0323184602DF04B064
:1093300010BD00BF2CEE030070B506468EB00D4682
:109340003F48404903F000FC09A8E9F710FF492114
:109350003D4A3E480AF041F81422032009A9F2F7D9
:10936000BFFF3B480CF0F4FC40B9452139480AF0F6
:1093700034F86FF0120420460EB070BD364B01A8D1
:109380000193D8F713F9024630B1452133480AF06A
:1093900024F86FF01504EEE74FF0FF304FF0FF3187
:1093A000FFF794FF04460028E5D12D492D48D7F753
:1093B00017FC044610B1FFF791FFDCE76FF077036D
:1093C0008DF80D3013238DF80C008DF80F008DF8FB
:1093D000100003A88DF80E30DBF7C4F920B1FFF7B9
:1093E0007DFF6FF08504C6E740F6012305A80593CD
:1093F0008DF81840DBF7B6F90028F0D1022307A852
:10940000CDF81D408DF81C30DBF7ACF90028E6D113
:1094100040F2E24302A80293DAF7E2FD0028DED12F
:10942000012368468DF80030ECF7A8FF0028D6D15C
:10943000FFF754FF33690C481D60F5F765FF9AE7A5
:109440003C6A0020F358030056EE03007DEE030053
:10945000507B030085EE03006D940200AAEE03002A
:10946000D8320020359602000996020003460A46CB
:1094700010B50D4881680C6844B90C490C48662247
:1094800009F0AEFB6621094809F0A1FB1946A04787
:1094900048B1084906484FF4367209F0A1FB4FF471
:1094A00036710448F0E710BD507B0300D3EE030093
:1094B00012B3030007EF030030B5434885B0D7F778
:1094C00031FA0446002879D1D7F7CCFBD7F7D6FB81
:1094D000E9F751FEE9F751FEE9F751FED7F7DAFB5C
:1094E0003A48E9F746FE00F0C9FDE9F74CFEE9F716
:1094F00048FE0121204601AA8DF80440D7F772FAF0
:10950000031E5ADB01250221204601AA8DF80450D2
:10951000D7F768FA031E50DB08230721204601AA6B
:10952000ADF80430D7F75EFA031E46DB4FF0FB13AD
:10953000019340F203230321204601AAADF808302D
:10954000D7F750FA031E38DB0421204601AA8DF814
:109550000450D7F747FA031E2FDB1F2306212046AE
:1095600001AAADF80430D7F73DFA031E25DB16211A
:10957000204601AA8DF80450D7F734FA031E1CDBED
:1095800040F202231721204601AAADF80430D7F794
:1095900029FA031E11DB42F2DA12934211D9452156
:1095A0000B4809F01AFF002383F31188BFF36F8F74
:1095B0000423184602DF6FF00B031C46204605B05B
:1095C00030BD0023F9E700BFFD9202001DA002009C
:1095D00040EF030008B5084908480CF08EFC00284D
:1095E00008DA074907482F2209F0FAFA2F21044820
:1095F00009F0EDFA08BD00BF3C6A0020B854002015
:1096000068EF030012B30300094B93F8FB31042BFE
:1096100002D1810709D47047022B02D1020704D47A
:109620007047082B03D1830601D5FFF7D3BF7047DE
:10963000BA70002070B53A4C94F8FB31CBB194F875
:10964000FB21042A36D120783E2824D1A678B31EE7
:109650005E425E41002200233146F5F75FFE05467B
:10966000D8B9BEB1002384F8FB31BDE87040FFF7E4
:10967000B1BF4FF0FF304FF0FF31FFF727FE48B981
:10968000204604F2FB1100F065FC0546FFF726FEBC
:10969000002DD4D070BD0026DCE76278023220496C
:1096A00005F10C000AF020F91E4B29461B681E48E4
:1096B0009847D7E7022A21D1002200230820F5F796
:1096C000E1FD05460028E5D062880432B2F5FE7F50
:1096D000E5D340F2FB134521144809F07EFE6FF0FC
:1096E0000B024521124809F078FE002383F311880C
:1096F000BFF36F8F0423184602DFB3E7082A09D1AE
:10970000002200232020F5F7BDFD628805460028D1
:10971000DBD1BFE74521074809F05FFEA2E700BFA4
:10972000BA700020386A00206C7B030091EF0300C0
:10973000F5EF0300B7EF03002DE9F341C84C0746EE
:109740002678002E40F0FF8304238DF80730C54BA8
:109750000588D3F80080B8F1000F19D1B5F5105F76
:109760004FEA95230FD2002B5BD0013B072B00F271
:10977000AC83DFE813F02A00AA0342008500AA03A5
:10978000AA03AA03C3003F2B00F0048301203AE39D
:109790000DF106030DF10702611CC0470128DDD061
:1097A0009DF8063013B9012840F0C3830F2363707E
:1097B0000423A3700123E0702371A4F80550012352
:1097C0000020237002B0BDE8F081384640F2064226
:1097D00030F9033B93420AD040F21D42934209D034
:1097E000012040F206439D4200F09E83C8E1DAF773
:1097F000BDF9F6E7DAF76EFAF3E7384640F663426A
:1098000030F9033B93422FD00DDC40F603429342E4
:109810001ED040F62D4293421DD040F601429342A5
:1098200012D0012012E040F67B4293421FD040F656
:109830007C429342F5D19DF807308B4902338DF875
:109840000730ECF778FC01E0D7F764FA01266BE308
:10985000E9F784FCFAE79DF80730834903338DF874
:109860000730ECF76AFAF1E7D7F766FAEEE79DF80A
:1098700007307D4904338DF80730ECF739FCE5E714
:109880003B88A3F58053013B082B00F21E83DFE8E1
:1098900013F0090012001C001C031C031C031C0312
:1098A0001C032C009DF807306F4808338DF80730F3
:1098B000ECF731FACAE79DF807306B4840338DF872
:1098C00007300CF018F80020C0E700229DF80730A0
:1098D00008338DF80730644B1A605A60E37A23F03E
:1098E000600343F06003E372EDE79DF807305E48E4
:1098F00006338DF80730ECF755FAA7E7384642F201
:109900004E0130F8033B1AB28A4200F3AF80B2F541
:10991000005F01DC01201FE1A3F50053013B4D2B4B
:10992000F8D801A252F823F0559B02008D9B02004B
:109930009F9B020015990200B19B0200B79B020099
:1099400015990200BD9B0200C39B0200C99B020047
:109950001599020015990200159902001599020047
:109960001599020015990200159902001599020037
:10997000159902001599020015990200CF9B02006B
:10998000D59B0200E79B020015990200F99B02009B
:109990000B9C02001D9C0200159902001599020003
:1099A000159902001599020015990200339C0200D6
:1099B00015990200459C02001599020015990200B4
:1099C0004B9C0200519C0200579C02005D9C0200CF
:1099D00015990200159902006F9C0200759C020007
:1099E0007B9C02008D9C02009F9C0200A59C0200B3
:1099F00015990200159902001599020015990200A7
:109A00001599020015990200159902001599020096
:109A10001599020015990200159902001599020086
:109A20001599020015990200159902001599020076
:109A30001599020015990200159902001599020066
:109A40001599020015990200159902001599020056
:109A5000AB9C02001599020015990200BD9C020002
:109A6000B67200204C6A0020BD720020A3F501539D
:109A7000343B9AB2322A3FF64DAF322B3FF64AAF13
:109A800001A252F823F000BFED9C020015990200DC
:109A9000C39C0200D59C0200159902001599020092
:109AA000DB9C02001599020015990200159902002D
:109AB00015990200159902001599020015990200E6
:109AC00015990200159902001599020015990200D6
:109AD000159902001599020015990200F39C0200E5
:109AE000059D02000B9D0200159902001D9D0200BC
:109AF0002F9D0200359D0200479D02004D9D0200F2
:109B0000539D0200599D02006B9D020015990200B1
:109B10001599020015990200159902001599020085
:109B20001599020015990200159902001599020075
:109B30001599020015990200159902001599020065
:109B4000159902001599020015990200719D0200F5
:109B5000839D0200D7F7FAF842F26D039D4200F2AE
:109B6000CF8142F263039D4200F2B18142F21903B8
:109B70009D4200F2BA8142F20C039D4200F2AE8196
:109B800040F21D439D4200F0CF815FE69DF8073013
:109B9000B94803338DF80730D9F7DEFFDCE79DF8CD
:109BA0000730B54808338DF80730ECF70EFAD3E7E5
:109BB000ECF715F9D0E7DAF7A3F9CDE7ECF732FACD
:109BC000CAE7ECF70AFAC7E7ECF751FAC4E7ECF793
:109BD000ECF9C1E79DF80730A74910338DF807303D
:109BE000ECF7D7F8B8E79DF80730A34808338DF8AD
:109BF0000730ECF79CF8AFE79DF807309E49023339
:109C00008DF80730ECF754FAA6E79DF807309A492B
:109C100002338DF80730ECF75CFA9DE79DF80730CA
:109C2000002008338DF807308F23E371C023E372DF
:109C300092E79DF80730904902338DF80730ECF732
:109C4000DEF889E7DAF702F886E7EBF7FCFF83E74F
:109C5000ECF71CF880E7ECF74CF87DE79DF807304F
:109C6000854801338DF80730ECF751F874E7ECF7CD
:109C700030F871E7ECF724F86EE79DF807307E487E
:109C800008338DF80730ECF7EEF865E79DF80730FC
:109C9000794904338DF80730ECF70DF95CE7D9F713
:109CA000EDFF59E7ECF746F956E79DF807307248A3
:109CB00002338DF80730ECF75BF84DE7ECF7E4F88A
:109CC0004AE79DF807306C4905338DF80730ECF70B
:109CD00074FA41E7ECF798FA3EE79DF807306649D9
:109CE00002338DF80730ECF7ACFA35E7ECF7A2FB5E
:109CF00032E79DF8073060481C338DF80730ECF7E9
:109D0000BBFB29E7ECF778FC26E79DF807305A49BA
:109D100002338DF80730ECF7E9FD1DE79DF80730B9
:109D2000554902338DF80730ECF7A9FC14E7DAF750
:109D3000ADF911E79DF807304F4902338DF8073030
:109D4000ECF7E7FC08E7DAF7F5F905E7ECF7F3FDE0
:109D500002E7DAF793FBFFE69DF807304649023346
:109D60008DF80730DAF7F8FBF6E6ECF718FEF3E6C5
:109D70009DF80730404822338DF80730ECF7D0FBD0
:109D8000EAE69DF807303C4902338DF80730ECF7DE
:109D90006DFDE1E638464FF60B4230F8033B934247
:109DA00011D8B3F57C4F7FF6F1ACA3F57C43013BB2
:109DB0000A2B00F2A480DFE803F01E2CA2A2A2531B
:109DC000A2A2414A560003F2FD2292B2132A3FF6A4
:109DD000DDACA3F57D43033B132B00F29080DFE85D
:109DE00003F04D8E508E8E8E53598E568E8E8E5C15
:109DF0005F8E8E688E719DF807301F480C338DF88A
:109E00000730E9F7C9F94FF6025225F008039342EB
:109E1000B9E600209DF8073040338DF80730164B27
:109E20001880E37923F0230343F02303E371237ABB
:109E300023F0070343F007032372E4E79DF807309C
:109E40000D4817338DF80730E9F7C1F9DBE79DF8C6
:109E50000730094820338DF80730E9F7DCF9D2E7FD
:109E6000E9F7B3F9CFE79DF80730034801338DF8E0
:109E70000730E9F7EDF9C6E7BD720020ECF77EFA8E
:109E8000C1E7DAF7ADF8BEE7E9F7F8F9BBE7ECF7B9
:109E90005EFAB8E7ECF704FAB5E7ECF71FFAB2E7B9
:109EA0009DF80730294903338DF80730ECF722FA83
:109EB000A9E79DF80730254904338DF80730E9F705
:109EC000E1F9A0E7DAF794F89DE7012049E6A5F566
:109ED0000153243B40F2F5229BB220E0A5F500534C
:109EE0000D3B41F241229BB219E042F232039D4206
:109EF0001AD0A5F50153033B012B15D9A6E4012087
:109F000042F294039D423FF67EAF42F276039D42B9
:109F10007FF69CACA5F50153373B0D4A9BB222FA64
:109F200003F3DB077FF592AC86F001068DF806603F
:109F300036E49DF807300E22A37001236270E370AF
:109F4000A580A0713BE44FF0FF303BE4BD720020E0
:109F50008140882638B5094C0D4623781BB9BDE8E9
:109F60003840E9F722BBA278611C02320DF0A6FC52
:109F70000020042320702B7038BD00BFB672002073
:109F800070B506460C460D4D28460BF0E1FE88B133
:109F9000A2B2AB681B6843B909490A48662208F0B7
:109FA0001FFE6621064808F012FE31462846BDE82D
:109FB000704018476FF0120070BD00BF507B030067
:109FC000D3EE030012B30300034610B50A46197915
:109FD0000123006803FA01F1436804691B68194210
:109FE0000AD10C490C4840F2A26208F0F9FD40F297
:109FF000A261084808F0EBFD2368194218BF82F0FF
:10A00000010222B18368DB68BDE81040184783680D
:10A010001B69F9E76BED030012B3030070B504464A
:10A02000124D2878A0421ED0FF28114E0ED00021DC
:10A0300006EBC000FFF7C8FF40B10E4959220E4899
:10A0400008F0CEFD59210B4808F0C1FD012106EBB7
:10A05000C400FFF7B9FF30B106495D22064808F099
:10A06000BFFD5D21EFE72C7070BD00BFC017002061
:10A070000C95030052F0030012B303002DE9F041E8
:10A0800000274FF001082B4C20682179E38803F06A
:10A090003002302AD0F810C0D0E9015E0AD126493A
:10A0A00040F2F732254808F09BFD40F2F731224894
:10A0B00008F08DFD03F00602042A08D11E4940F283
:10A0C000FE321E4808F08CFD40F2FE31EFE72D68AD
:10A0D000DA0708FA01F654BF43F4B01383F4D0133F
:10A0E0002E4223F4801208D1134940F21142134842
:10A0F00008F076FD40F21141D9E7DCF80050DB07AB
:10A100004CBF3543B543CCF80050DEF800309847DB
:10A1100038B10B4909486A2208F062FD6A210848F3
:10A12000C6E77B1C022B4FF0010704F10804ABD1FA
:10A13000BDE8F0810C9503006BED030012B3030042
:10A1400052F00300002108B50A48FFF73DFF014621
:10A1500038B90948FFF738FF18B9FF22074B1A70C2
:10A1600008BD07490748742208F03AFD74210448E5
:10A1700008F02DFD0C95030014950300C017002076
:10A1800052F0030012B303004FF40071014805F0D0
:10A190004FB800BFB97300201FB500240A220194F4
:10A1A0000294CDF80B400091014601A80DF0B2FBDE
:10A1B0004521009B064801AA09F00FF984F3118894
:10A1C000BFF36F8F0323184602DF04B010BD00BF3A
:10A1D00092F00300322337B50125ADF80430002397
:10A1E0001C216846134A8DF80630ADF800508DF8F2
:10A1F0000230E8F709FD0446C8B90BF03BFA80B21B
:10A20000E7F764F929460C48EFF7B5FF044670B943
:10A2100001462A468520F3F77FFE2A462146E5209F
:10A22000F3F77AFE2A4621468A20F3F775FE204688
:10A2300003B030BD99A10200546A002008B54FF068
:10A24000FF304FF0FF31FFF741F840B107490848B0
:10A25000E62208F0C5FCE621044808F0B8FCF0F757
:10A26000BAF8BDE80840FFF739B800BFABF003000B
:10A2700012B30300024608B508480B46084902F02D
:10A280002FFF002808DA07490748472208F0A8FCF2
:10A290004721044808F09BFC08BD00BFB8540020CB
:10A2A0006013002068EF030012B3030008B50849EB
:10A2B00008480BF022FE002808DA074907482F2239
:10A2C00008F08EFC2F21044808F081FC08BD00BF77
:10A2D000B86A0020B854002068EF030012B30300EE
:10A2E0000122054B05491A63A3F54323D3F818054A
:10A2F0000860C3F81825704700E01050B46A0020C9
:10A300000122044B5A63044B1A68044BC3F8182506
:10A31000704700BF00E01050B46A002000B0045045
:10A32000024628B1022806D10420054B1B681847B5
:10A33000034B1B68FBE75721024809F04EB800BFEA
:10A34000C86A0020ECF0030010B538B101280BD129
:10A35000BDE8104000200949E6F7C8BF084B0220BD
:10A36000BDE810401B681847064907484C2208F012
:10A3700037FC4C21034808F02AFC00BF21A302004F
:10A38000C86A00200DF1030012B3030008B578B1CC
:10A39000012804D1BDE808400020E6F7C3BF054905
:10A3A00005485F2208F01CFC5F21024808F00FFC02
:10A3B00008BD00BF0DF1030012B30300014B18608C
:10A3C00000207047C86A002010B5294C237C8342C6
:10A3D00008D028496022284808F002FC602125485E
:10A3E00008F0F5FB04F13803D3E8AF3F2BBB092994
:10A3F00037D8DFE801F0053636363624241F3622FA
:10A40000A369D3E900209047012808D01B4B98424C
:10A4100003D00223606384F82C3019480EE042F226
:10A420001073A362032384F82C30164B84F82100A8
:10A430002363F2E70E4802F087F8002010BD0023E6
:10A4400084F82130104B0F49207CA362EFF7D4FE33
:10A450000028F2D007495822074808F0C1FB5821CC
:10A46000BDE704499322044808F0BAFB9321B6E7FC
:10A47000CC6A00205AF1030012B303001F64660285
:10A48000F86A0020E86A0020FF3F420F0122002105
:10A4900001480BF0D1BC00BFCC6A0020014B5861D1
:10A4A000704700BFCC6A002070B54FF0FF31064600
:10A4B0004FF0FF30FEF70AFF054640B14249BF2288
:10A4C000424808F08DFBBF213F4808F080FB40491F
:10A4D0004048E8F7DBFA0446FEF700FF002C07DAF5
:10A4E0003D482246452108F078FF6FF00B0070BD13
:10A4F00040F20113394C23846369A66164336362BB
:10A5000042F21073A3626FF073032577636304F163
:10A510003806D6E8EF3FC6E8E25F002AF9D1A36823
:10A52000354633B12849D522284808F059FBD521B2
:10A53000CAE74FF0FF304FF0FF31FEF7C7FE30B1F2
:10A540002149D822214808F04BFBD821BCE7207CC8
:10A5500004F11C01EFF750FE30B11B49DA221B4811
:10A5600008F03EFBDA21AFE7FEF7B8FE00232046F5
:10A570001B4A02F04DF800280ADA4521194808F074
:10A580002CFF0123D5E8EF2FC5E8E13F0029F9D1E1
:10A590004FF0FF304FF0FF31FEF798FE30B10A491F
:10A5A000E5220A4808F01CFBE5218DE7207CEFF747
:10A5B00005FEFEF793FED6E8AF3F13B1074802F061
:10A5C00087F8606B93E700BF5AF1030012B30300F2
:10A5D000DC6A0020C9A3020094F10300CC6A0020C9
:10A5E0000E720B00BFF10300064BD3F840231C2A68
:10A5F00005D1D3F84403431E584258417047002008
:10A60000704700BF00C0FF0003689A070CD50368BD
:10A61000DB070DD50922074BC3F80C250F22C3F821
:10A62000042501221A60FEE7034B0360EF3B036041
:10A63000704700BF00801050F000FA5008B50123A9
:10A64000424A4348C2F80038424AD2F840231C2A02
:10A6500004BF414AC2F80C34FFF7D6FF0830FFF7B9
:10A66000D3FF0830FFF7D0FF0830FFF7CDFF00F52C
:10A67000F470FFF7C9FF394AD2F88C3043F44063D5
:10A68000C2F88C300022D30003F57F0303F540436A
:10A69000D3F8001401310AD0D3F8001439B1D3F83B
:10A6A00000140132D3F80434402A0B60EBD1274B5D
:10A6B000D3F84024002A44D0FFF796FF48B1254B39
:10A6C000D3F83423264B9A429EBF204B254AC3F829
:10A6D0004026FFF789FF18B1234B244AC3F8AC2763
:10A6E000FFF782FF48B13422184BC3F82426D3F871
:10A6F0003C2622F40022C3F83C261D4B1749D3F810
:10A700000026D20744BF6FF00102C3F80026194BA0
:10A71000D3F8182522F00302C3F81825D3F818251A
:10A7200042F00302C3F81825D1F88C2042F44062AD
:10A73000C1F88C2000221049C1F8D426C3F8A02506
:10A7400008BDC822C3F84024B6E700BF000012507D
:10A7500000C50D5000C0FF000030055000ED00E0C6
:10A76000001D0A1840E0A91E00A0085078000A0445
:10A7700000E0105000B0045000600D505F2898BFFA
:10A78000074B4FEA50129FBF53F8223000F01F00D2
:10A7900023FA00F000F0010088BF0020704700BFDE
:10A7A00038950300034A4309D35C00F01F001844A6
:10A7B000C0B27047B0F9030010B504460846FFF771
:10A7C000F1FF04EB4000838ADA051CD5C3F3432173
:10A7D00023F4F853838204F1120204F1580032F892
:10A7E000023F13F4807F03D0C3F3432399420AD07E
:10A7F0009042F4D1002204EBC1035A6004F16000DE
:10A800000BF031F900B910BD054906484FF4DB7271
:10A8100008F0E6F94FF4DB71014808F0D8F900BF01
:10A82000DCF1030012B3030010B5016804460846CA
:10A83000FFF7A4FF50B90F494FF482620E4808F0A9
:10A84000CFF94FF482610B4808F0C1F901F01F0302
:10A850005F2923604FEA511208D9064940F2194294
:10A86000054808F0BDF940F21941ECE7034B53F8F5
:10A87000220010BDB8EC030012B303002C950300B6
:10A88000072808B50AD90749074840F2A73208F057
:10A89000A7F940F2A731034808F099F9800000F5C4
:10A8A000807008BD1AF2030012B30300F0B506462B
:10A8B000002487B0114F019117F8012B06AB03EB71
:10A8C000D20313F8143C02F00702D34013F0010343
:10A8D00006D10134032CEFD10023184607B0F0BD98
:10A8E000074A03AD07CA85E8070055F824100A6A2D
:10A8F00046F824200A62002AEBD0EEE7C0F90300F4
:10A90000A0880300F7B504460846FFF74BFF04EBA9
:10A910004006B38A0D46DB072AD520460BF09CF98A
:10A92000294620460BF0B8F850B120460BF0E3F86A
:10A930000023276807EB8000C0F81035C0F81035F9
:10A94000204600242946FFF737FFB48201A801956D
:10A95000FFF76AFF019B00EB8300D0F88020064BD5
:10A96000134043F00203C0F88030204603B0F0BD2E
:10A970006FF01500FAE700BFF0F0FCFF2DE9F0439F
:10A980000E461746044685B050B95A495A4840F217
:10A990005E4208F025F940F25E41564808F017F98A
:10A9A0000846FFF7FFFED7F800800546B8F1000F14
:10A9B00019D020460BF094F818BB4346CDE90000AF
:10A9C0008DF80E008DF80F000DF10F0230460DF1DD
:10A9D0000E010BF0B9F804EB4502938A23F0020351
:10A9E00043F0010393827B689BB33146204693F882
:10A9F0000080D3F804900BF068F828B1B9F1000F8B
:10AA00001FD06FF0150027E004EB4500838A23F484
:10AA1000604323F020038382B9F1000F11D0B8F115
:10AA2000030FEED87B6821685B6893F800C04FEA9B
:10AA30008C031944B8F1000F11D1C1F81085C1F889
:10AA4000108504EB4502938A23F01C0343EA880334
:10AA50009382BB684BBB002005B0BDE8F083D1F802
:10AA6000102522F00302C1F8102522681344D3F800
:10AA7000102522F4473222F47C72C3F8102541F6E7
:10AA8000F072D3F8101502EA061242EA08420A43AD
:10AA9000C3F8102504EB4C03A3F86460838A43EAEF
:10AAA0004C3343F020038382CBE73146D3E900786F
:10AAB0002046FFF781FE002FCDD063689F4206D06D
:10AAC00004F160000AF0B5FF002804DAC4E7A368C7
:10AAD0009845F5D1002004EBC003C3E9017804EBED
:10AAE0004505AB8AC0B243EA402343F48073AB828E
:10AAF000B1E700BFDCF1030012B303002DE9FF4111
:10AB00000D4616461F46044650B93B493B484FF494
:10AB10008D6208F065F84FF48D61374808F057F8FA
:10AB20000846FFF73FFE804616B320460AF0CDFFE9
:10AB300018B920460AF0B0FF08BB294620460AF0A3
:10AB4000B6FF10B17378012B19D001238DF80F30A7
:10AB50000023721CCDE900632846B31C0DF10F01E0
:10AB60000AF0F2FF04EB4802938A43F00303938256
:10AB7000002F3ED0294620460AF0A7FF20B96FF0EB
:10AB8000150004B0BDE8F08100223E78236804EB94
:10AB9000480003EB8603C3F81025C3F81025838A09
:10ABA0004FEA860C23F4604323F0200383827978F4
:10ABB000F9B12268124B6244D2F81045BF782340A5
:10ABC000C2F8103541F6F073090401F4403103EA8C
:10ABD00005130B433905D2F8104501F480110B43DE
:10ABE0002343C2F81035838A43EA463343F02003F7
:10ABF00083820020C5E700BFDCF1030012B303002D
:10AC00000FE0ECFF08B550B90649074840F2714221
:10AC100007F0E6FF40F27141024807F0D8FFC0E9B3
:10AC2000031208BDDCF1030012B3030070B5154632
:10AC3000044650B9124940F27A42124807F0D0FF58
:10AC400040F27A410E4807F0C2FF42B90C4940F287
:10AC500023320C4807F0C4FF40F22331F2E70AF038
:10AC60001BFF48B10846FFF79DFD04EB40040020A0
:10AC7000A38A5B0B2B7070BD6FF01500FBE700BF64
:10AC8000DCF1030012B30300F8B5044650B91B49C8
:10AC90001B484FF4916207F0A3FF4FF491611748EE
:10ACA00007F095FF90F8745090F8757015BB462228
:10ACB000294614300CF00FFE124B266853F83770FB
:10ACC000AF4212D1002540F20D10C6F84451D6F81B
:10ACD00044310D4B9E4208BFDB20F3F7FBF8012304
:10ACE000284684F874302366F8BDE8B2FFF7C8FD43
:10ACF0000135E5E76FF07700F6E700BFDCF1030010
:10AD000012B303004495030000A00D5008B550B9DC
:10AD10000849094840F28F4207F062FF40F28F4134
:10AD2000044807F054FF90F87400003818BF012061
:10AD300008BD00BFDCF1030012B3030008B550B931
:10AD40000749084840F29D4207F04AFF40F29D4102
:10AD5000034807F03CFFBDE80840FFF7D3BD00BF44
:10AD6000DCF1030012B3030008B550B909490A48E1
:10AD700040F2A44207F034FF40F2A441054807F036
:10AD800026FF064B90F8750003EB8000BDE80840F5
:10AD90000AF069BEDCF1030012B3030020170020A3
:10ADA00010B50C4650B90B490B4840F2AB4207F0C6
:10ADB00017FF40F2AB41074807F009FF074B90F837
:10ADC000750003EB80000AF034FE0028A4BF207059
:10ADD000002010BDDCF1030012B303002017002097
:10ADE0002DE9F3410D461646044650B936494FF455
:10ADF000A562364807F0F4FE4FF4A561324807F02B
:10AE0000E6FE0AF054FE40B92F4940F235422F4881
:10AE100007F0E6FE40F23541F0E720460AF03CFE3E
:10AE20002768F8B120460AF050FE8046D0B9204687
:10AE30000AF061FE0546FFF723FD47F800803B5806
:10AE4000236803EB8503D3F8102542F00102C3F811
:10AE5000102526B101232268AB40C2F8143302B09A
:10AE6000BDE8F081D7F814339B035CBF4FF4003387
:10AE7000C7F8143346B9144940F24F42134807F05B
:10AE8000AFFE40F24F41B9E72846FFF78BFC04EBD9
:10AE90004004A38AC3F38203042B11D0052B11D0E5
:10AEA00001A80195FFF7C0FC019BC168D94001F0E2
:10AEB00001010231284602B0BDE8F0410AF091BE1E
:10AEC0000321F7E70221F5E7DCF1030012B30300E9
:10AED00008B550B90749084840F22F5207F080FEE4
:10AEE00040F22F51034807F072FEBDE808400AF017
:10AEF000B3BE00BFDCF1030012B303002DE9F04F35
:10AF000007468DB050B97349734840F25C6207F050
:10AF100067FE40F25C616F4807F059FE804658F8C2
:10AF200004BB90F87540DBF814136C4BC9B253F8AE
:10AF30003420584641F400310AF062FE820305468F
:10AF400039D50023CDE909330B93644BE60003EBBD
:10AF5000C404636809A819460193FFF7A7FC331DD1
:10AF600004934FF0000A5E4B0DF124090393039AFA
:10AF70005A4912F8013B0392049A02EBD3028A5C0D
:10AF800003F0070322FA03F3DB071AD40AF1010ADC
:10AF9000BAF1030F09F10409E9D14FF4003100229D
:10AFA00058460AF02DFE019909A8FFF77FFC0028FA
:10AFB000D7D125F400350124002D74D10DB0BDE8A2
:10AFC000F08F484B53440593D9F800100029DDD089
:10AFD00091FAA1F1B1FA81F1059B1C7841EA441480
:10AFE0002046FFF7DFFB07EB4000828AC808C2F368
:10AFF0008203CDE906230293012319F8006001F0D2
:10B00000070103FA01F126EA010109F8001008A876
:10B010000894FFF709FC0899069A203150F821603E
:10B0200012F0100F079BC6F3014623D0214640467D
:10B03000029A0AF06AFD08A80894FFF7F5FB089B3E
:10B04000F6B2203350F82330C3F301439E4207D1B8
:10B05000002120460AF0C5FD314620460AF0C1FD18
:10B0600008A80894FFF7E0FB0122089B02FA03F30B
:10B070000362A9E7022E14BF022103212046069392
:10B080000AF0AFFD069B032B03D0022E07D1012B44
:10B09000E6D121464046029A0AF037FDE0E7032E4A
:10B0A000DED1022BF4E795FAA5F3B3FA83F304FAA1
:10B0B00003F225EA020503F5A2725BF8222007EBF2
:10B0C00043034046B3F86410C2F301420AF01DFD89
:10B0D00072E700BFDCF1030012B3030044950300E4
:10B0E000C0F90300C0F903000123034A03FA00F08A
:10B0F0009368034393607047901300200123044A30
:10B1000003FA00F0936823EA00039360704700BFDE
:10B110009013002073B504460191EFF3118640238C
:10B1200083F31288BFF36F8F0B4D019B6A6801A8F0
:10B13000134001930AF07DFC002807DB01226B68B5
:10B14000824023EA02036B602070002086F311889E
:10B15000BFF36F8F02B070BD9013002008B5144B81
:10B16000027AD3F8101521F001010A43C3F8102523
:10B170000268B2F5803F0AD30E4940F2B9720E4818
:10B1800007F02EFD40F2B9710A4807F020FDC3F820
:10B19000A4264268FF2A08D9064940F2C47206482C
:10B1A00007F01EFD40F2C471EEE7C3F8AC2608BDFF
:10B1B00000200E504FF2030012B303000B2808B515
:10B1C0000AD90A490A4840F2447207F009FD40F2E0
:10B1D0004471064807F0FBFC0023000100F1A04089
:10B1E00000F56220C0F82C3508BD00BF4FF2030007
:10B1F00012B303000B2808B501D800290ADA0A495E
:10B200000A4840F2165207F0EBFC40F2165106488D
:10B2100007F0DDFC000100F1A04041EAC27100F539
:10B220006220C0F8281508BD4FF2030012B30300D6
:10B230000B2808B50AD910494FF4A0620F4807F04F
:10B24000CFFC4FF4A0610C4807F0C1FCB3F5801FA0
:10B2500008D3094940F20252084807F0C1FC40F205
:10B260000251F0E7000100F1A04000F56220C0F8B3
:10B270002025C0F8243508BD4FF2030012B30300A7
:10B28000012303FA00F010F0670F0AD0064B5B6849
:10B29000DB4303F0670303420CBF6FF0150000208F
:10B2A00070474FF0FF3070479013002038B50D4BBA
:10B2B0001B78012B0BD14FF0FF326FF040430A4C4B
:10B2C000D4E90001824273EB0105F9D338BD074987
:10B2D000074840F2191207F083FC40F219110348A5
:10B2E00007F075FC9013002040270E5082F20300F7
:10B2F00012B3030030B50C25074B1C1894F85440CA
:10B3000005FB0433C3E9031218750123034A834084
:10B31000C2F8243330BD00BF9013002000200E502F
:10B32000F0B5504D85B02C78002C40F095804E4AF9
:10B3300001AB07CA83E807004C491846D1F810252D
:10B3400022F00202C1F81025FFF708FF0723672249
:10B3500002F001012144013BCCB24FEA5202F7D185
:10B36000052C7CD119464FF0010C3E4E002467207D
:10B37000CFB204E00CFA02F220EA0200013490FAA3
:10B38000A0F25FFA84FE7745B2FA82F2F2D8013178
:10B39000327505292A4482F8547006F10C06E5D16D
:10B3A0000121002432489A0801FA02F212F0670FD4
:10B3B00018BF1C500433302BF5D1E420F2F78AFD7E
:10B3C0002A4B0024D3F81025012622F00202C3F8EC
:10B3D000102540F6FF72C3F82823C3F88041C3F854
:10B3E0008040C3F88441C3F88440C3F88841C3F85F
:10B3F0008840C3F88C41C3F88C40C3F89041C3F82F
:10B400009040C3F89441C3F89440C3F89841C3F8FE
:10B410009840C3F89C41C3F89C40C3F8A041C3F8CE
:10B42000A040C3F8A441C3F8A440C3F8A841C3F89E
:10B43000A840C3F8AC41C3F8AC401E660D4B0E4AA1
:10B440001B685D20B3FBF2F358430C4B3343984722
:10B4500020462E7005B0F0BD6FF07700FAE76FF070
:10B460008B00F7E790130020AC88030000200E50FB
:10B4700000210E501C17002040420F00D08D030009
:10B4800038B52C4B0D461B78012B0AD02A492B4886
:10B4900040F2062207F0A4FB40F20621264807F0FE
:10B4A00096FB274BD3F8102594073CD4D3F81025EE
:10B4B00042F00202C3F81025C0B1D3F8482712F0B9
:10B4C000010202BFD3F8481741F00101C3F8481741
:10B4D0001B4BD3F84017D3F844174800F9D42AB9C6
:10B4E000D3F8482722F00102C3F84827154B164A23
:10B4F0001B68B3FBF2F3124A03EB4313B3B1D2F868
:10B500004017D2F8441749000BD44FF0FF312846BA
:10B51000FFF700FE044610B92878FFF7E5FD204646
:10B5200038BD013BEAE76FF07704F8E76FF073048A
:10B53000F5E700BF9013002082F2030012B303006E
:10B5400000200E501C17002040420F002DE9F04152
:10B55000294D6C682B78E44304F0670453B92749FC
:10B5600027484FF4117207F03BFB4FF41171234849
:10B5700007F02DFB672200264FF00108214BC3F88E
:10B580002823F7B2DCB9E420F2F7B2FC1D4BD3F864
:10B59000482722F00102C3F84827D3F8102522F0EB
:10B5A0000102C3F81025D3F8102522F00202C3F8D7
:10B5B000102501225A669A662C70BDE8F081AB68AE
:10B5C00008FA06F10B4013F0670F02D03846FFF778
:10B5D00095FD6B68DB4303F067030B4208D03846E8
:10B5E000FFF7ECFDE30703D5394607480AF03BFABD
:10B5F00064080136C5E700BF9013002082F2030003
:10B6000012B3030000200E50941300202DE9F041E6
:10B6100004461D46FFF734FE904607469DF8186025
:10B6200050B11549154840F2BB2207F0D9FA40F253
:10B63000BB21114807F0CBFA11490B1993F854308C
:10B640000C3301EBC30041F8332045602B46204604
:10B650006EB10C4EA400FFF7EBFD33592BB1FFF791
:10B6600025FE4045A94100D23751BDE8F081BDE833
:10B67000F041FFF7DDBD00BF82F2030012B303000B
:10B680009013002000210E50F8B50546FFF7F8FD95
:10B6900050B11149114840F2193207F0A1FA40F2B5
:10B6A00019310D4807F093FA0D48431993F85430B7
:10B6B0000C3350F8334000EBC30CDCF80460641822
:10B6C00046F1000640F83340CCF804602846BDE857
:10B6D000F840FFF78FBD00BF82F2030012B30300F2
:10B6E00090130020F7B5374B374CD3F82C5304F1A7
:10B6F00088060DB903B0F0BD95FAA5F00123B0FAA4
:10B7000080F08340DF4325EA0305231893F85410A3
:10B710000C2303FB01431A7D82420AD02B492C489B
:10B7200040F2B73207F05CFA40F2B731274807F031
:10B730004EFADA684FEA800C002A3BD0D6E8EF3F99
:10B7400003EA0702C6E8EE2FBEF1000FF6D1C340B0
:10B75000DB0727D50B2809DD1E491D4840F20B5297
:10B7600007F03EFA40F20B511A48E0E7020102F1FD
:10B77000A04202F56222D2F82435D2F82025164FD5
:10B780006744D7F800C0BCF1000FB2D04FF0000CF6
:10B79000C7F800C00C2707FB01410F690097C96873
:10B7A0008847A6E701F10C0304EBC30754F83320E4
:10B7B0007B68E4E7084B53F80C10002999D043F854
:10B7C0000C2096E700200E509013002082F2030018
:10B7D00012B303004FF2030000210E500549064842
:10B7E00040F2D62208B507F0FBF940F2D621014815
:10B7F00007F0EDF9BEF2030012B30300202908B5EB
:10B8000001D9FFF7EBFF054B40EA0120C3F8000523
:10B81000D3F80024D207FBD508BD00BF00B0045008
:10B8200008B5144BA822002118460CF054F8032246
:10B83000114902614261114A8161C2614FF4805233
:10B840000262002282624262C26201660C490346C1
:10B850004166102181660267C2664267BFF35F8F4F
:10B86000084911F8010D98540132102AF9D1BFF39B
:10B870005F8F08BD70100020F2F2030070000020FE
:10B8800060000020D3F90300F8B5182700FB077506
:10B89000124B0E461D4407FB0033DB6A1446012B96
:10B8A0000AD0022B14D023B928460AF0FAF98442B0
:10B8B00008D900242046F8BD28460AF0F2F984424F
:10B8C00028BF04462246314628460AF0F3F9F1E73C
:10B8D0002846BDE8F8400AF00ABA00BF7010002000
:10B8E000F8B50B4B04461B780D46532B164601D07A
:10B8F000FFF796FFEFF311874FF0200181F31188D6
:10B90000324629462046FFF7BFFF87F31188F8BD6E
:10B910007010002010B4BFF35F8F00230A4A0B4958
:10B92000C85C12F8014D844209D10133102BF7D1C4
:10B930000023BFF35F8F23B110BCFFF771BF01235A
:10B94000F7E710BC704700BFD3F903007010002068
:10B9500010B5436904463BB90020E2684042537881
:10B9600043F00103537010BD98470028F4D000F154
:10B97000FF03FE2B08D906490648212207F030F9BB
:10B980002121034807F023F9E36840421870E4E7F7
:10B99000FBF2030012B30300F7B504460D46EFF3C4
:10B9A0001187402383F31288BFF36F8F1F4A042847
:10B9B000966898BF1E4B127C94BF53F820301D4BE5
:10B9C0000092452102461C4807F007FD3DB1EB6996
:10B9D000C3F308031BB14521184807F0FEFC36B13C
:10B9E00030460AF0A3FA034608B1027802B9144BB4
:10B9F00032464521134807F0F0FC29462046FDF762
:10BA000073FC042C08D110491048872207F0E8F88D
:10BA100087210D4807F0DBF887F31188BFF36F8F9C
:10BA2000304603B0BDE8F040F2F712BB086B0020CF
:10BA3000549503001EF303002CF3030059F3030095
:10BA4000BDC703007FF303009CF3030012B30300A0
:10BA500038B50A4B53F82040013053F82050A54226
:10BA600000D838BD606830B1037EDB0701D4FFF732
:10BA70006FFF0834F3E723689847FAE768950300F7
:10BA8000012270B5324B86B003201A70FFF7E0FF39
:10BA90000AF02CFB0420FFF7DBFF2E4C2E4DAC42AE
:10BAA000264624D92D4944222D4807F099F84421EF
:10BAB0002A4807F08CF854F80C3C059354F8103CD5
:10BAC000049354F8143C039354F8183C029354F82C
:10BAD0001C3C019354F8203C009354E90A2354E998
:10BAE0000C0101F033FD54F8303C5E65D7E7AE42FF
:10BAF00004F13004DFD302F047F9164CAC421BD9F5
:10BB000016496822164807F06BF86821D0E7D4E997
:10BB10000A23B3F1FF3F08BFB2F1FF3F05D052EA5D
:10BB20000301206803D102F02BFB3034E6E70D4916
:10BB3000183002F047FEF8E7E9D302F077F9EFF7A3
:10BB400069FB094A938923F00103938106B070BD14
:10BB5000B97500201C8403001C84030008F4030052
:10BB600012B3030029DA0200E8550020882370B5DB
:10BB7000134E012203FB0066002386B0CDE90423A7
:10BB80000F220193CDE9023214234FF4A0720D4D20
:10BB90000D4903FB0055044602FB00110B4B3046D8
:10BBA000009501F0D3FC337C2C7423F00403337430
:10BBB000074B013403EBC423EE606B6006B070BD2D
:10BBC00060550020086B0020C09A0020E9BF0200E9
:10BBD000C09200207FB50020FFF73AFF314B03F5FC
:10BBE000006282F3088883F30A88E0232E4C84F8ED
:10BBF00022302023E377002323766376A37684F82C
:10BC00002030626A42F4E022626284F82330F2F764
:10BC1000CDF8F2F707FA4FF0FF33A362E362F2F7D1
:10BC20001BFCF2F783FA214801F026FD204B214A44
:10BC300093420AD920492148CC2206F0D1FFCC21D9
:10BC40001D4806F0C4FF1C33F2E7FCD30120FFF7C8
:10BC5000FFFE02201A4CFFF7FBFE02F077F9194BAA
:10BC600000255C61184B4FF460620593012317496E
:10BC7000CDE903532046164BCDE90155009501F05F
:10BC800065FC0646237C204623F00403237401F060
:10BC900061FE2846FFF76AFF314620460C4AF2F75C
:10BCA000A1F900BFC092002000ED00E0185700206D
:10BCB000E07A0300A47B030008F4030012B303003E
:10BCC000E8550020086B0020EAB10300009C00202A
:10BCD00081BA020038B50B4C0B4DAC420FD90B4961
:10BCE0000B48252206F07CFF2521084806F06FFF4F
:10BCF0002046D4E901120AF036F81834EDE7F7D3FC
:10BD0000002038BD34180020341800202CF4030023
:10BD100012B30300F8B504460E4600F11405EFF324
:10BD20001187402383F31288BFF36F8F284602F0F8
:10BD3000EFFC40B916498422164806F051FF8421D1
:10BD4000134806F044FF284602F006FD204631461F
:10BD5000EFF770FB04F10C0002F0C2F828B139468D
:10BD60002846BDE8F8400AF025B9284602F0DEFC76
:10BD700040B907494FF49972064806F031FF4FF475
:10BD80009971DDE787F31188BFF36F8FF8BD00BFAE
:10BD9000C7B3030012B3030038B50C4C0C4DAC42D2
:10BDA0000ED90C490C48A22206F01AFFA22109481C
:10BDB00006F00DFF204609F0E0FF20B92034EEE741
:10BDC000F8D3002038BD6FF01500FBE7D417002032
:10BDD000341800204EF4030012B303002DE9F7439A
:10BDE00005460E4691461C4600F10807EFF3118800
:10BDF000402383F31288BFF36F8F384602F088FC2C
:10BE000038B92B4984222B4806F0EAFE84212848C1
:10BE100022E0384602F0A0FC2B69FBB133601C68BD
:10BE2000EB692C610133EB6114B96A6993421BD051
:10BE3000EB68E41A09D4D5E905235A43A24204D990
:10BE4000B4FBF3F203FB124474B11B491948F72207
:10BE500006F0C6FEF721184806F0B9FE59EA0402BA
:10BE60000FD16FF00B043360384602F05FFCC8B9A5
:10BE70000F494FF499720F4806F0B2FE4FF49971D2
:10BE8000C5E7CDE900942A464146384601F002FE56
:10BE9000044618B9094B9B685B693360204603B0C0
:10BEA000BDE8F08388F31188BFF36F8FF6E700BF1A
:10BEB000C7B3030012B303004EF40300086B002065
:10BEC0002DE9F843C3680546CB1A0E461ED4D0E9C7
:10BED00005125143994219D9B3FBF2F102FB113318
:10BEE000A3B900F10808EFF31189402484F3128804
:10BEF000BFF36F8F404602F00BFC90B936498422A5
:10BF0000364806F06DFE8421334808E03449334852
:10BF100040F21F1206F064FE40F21F11304806F096
:10BF200056FE404602F018FC2F69002F3AD1EFF37D
:10BF3000118384F31288BFF36F8F83F31188BFF3EB
:10BF40006F8F3BB92749BB22244806F049FEBB212D
:10BF50002448E4E72C68A54224D01CB3A36833B975
:10BF60002049A4221D4806F03BFEA421F0E7D4E9B5
:10BF7000003213605A60237CC4E9007723F0020387
:10BF80002374A76004F1180002F0DEFC2046C4F818
:10BF90008070666101F0DEFC49464046BDE8F8432A
:10BFA0000AF008B82B6940463360EB692E61013B0B
:10BFB000EB6102F0BBFB40B907494FF499720748A7
:10BFC00006F00EFE4FF499719EE789F31188BFF3D6
:10BFD0006F8FBDE8F88300BFC7B3030012B303003F
:10BFE0004EF4030073F4030008B50C4B9B6893F9FF
:10BFF0000E30002B09DB4024EFF3118384F3128809
:10C00000BFF36F8F07F01BFCF6E7054905481C22BC
:10C0100006F0E6FD1C21024806F0D9FD086B002061
:10C020009EF4030012B303002DE9F34104461746C2
:10C030001E46EFF3058545B14D494E48732206F083
:10C04000CFFD73214A4806F0C2FDEFF3118840236B
:10C0500083F31288BFF36F8F474802F059FB38B95A
:10C0600046498422434806F0BBFD84214348EAE761
:10C07000414802F071FB424BE2689B6892B1A068B4
:10C08000984222D057EA060227D13B4802F04EFBE5
:10C0900090B188F31188BFF36F8F6FF00F0002B07B
:10C0A000BDE8F08193F90E100132C4E90232324842
:10C0B000216102F03BFB50B930494FF499722D4891
:10C0C00006F08EFD4FF49971D0E72169ECE788F313
:10C0D0001188BFF36F8F0020E1E793F90E1090F9FC
:10C0E0000E30994205DA9942A8BF194609F067FE59
:10C0F000054622464146CDE900761F4801F0CAFCBC
:10C100000028E8D0EFF31186402383F31288BFF3B1
:10C110006F8F194802F0FCFA0028A1D0164802F0EF
:10C120001BFBA068C0B1236821699C420AD04BB1B7
:10C1300093F90E309942A8BF19466FF07F039942D8
:10C14000B8BF194609F03BFE30B131460A4809F044
:10C1500031FF6FF00A00A2E7002DF6D1064802F089
:10C16000E5FA0028A8D086F31188BFF36F8FF0E7B7
:10C17000BFF4030012B30300286B0020C7B3030011
:10C18000086B0020F8B50546EFF3058343B14B4932
:10C19000EA224B4806F024FDEA21484806F017FD44
:10C1A0008368002B00F08480464A9268934240F0F6
:10C1B0008280C36843B941494FF48172404806F018
:10C1C0000FFD4FF48171E8E7012B03D0013BC36001
:10C1D0000020F8BDEFF31187402484F31288BFF3E9
:10C1E0006F8F394802F094FA38B9384984223448BC
:10C1F00006F0F6FC84213548D0E7334802F0ACFA6B
:10C200002969A86809F0DBFDEFF3118384F3128834
:10C21000BFF36F8F83F31188BFF36F8F3BB92C4946
:10C22000BB22274806F0DCFCBB212948B6E72C6876
:10C23000AC420FD100232448C5E9023302F076FA5C
:10C2400088BB22494FF499721D4806F0C9FC4FF48F
:10C250009971D0E7002CEDD0A36833B91C49A42212
:10C26000174806F0BDFCA421DFE70026D4E9003220
:10C2700013605A60237CC4E9006623F00203237430
:10C28000A66004F1180002F05FFBAC6094F90E3078
:10C2900020462B61C4F8806001F05CFB39460A48F7
:10C2A00009F088FE94E787F31188BFF36F8F8FE75B
:10C2B0006FF015008DE74FF0FF308AE7BFF4030001
:10C2C00012B30300086B0020286B0020C7B30300E3
:10C2D00073F4030008B5836843B90B490B48A422E3
:10C2E00006F07EFCA421084806F071FCD0E900327B
:10C2F00013605A600023027CC0E9003322F002027E
:10C300000274836008BD00BF73F4030012B303001E
:10C310002DE9F04704460D4691469A469DF8206067
:10C3200000F10807EFF31188402383F31288BFF36D
:10C330006F8F384602F0ECF938B9444984224448FA
:10C3400006F04EFC8421414817E0384602F004FA1A
:10C3500006B16568EFF31183402282F31288BFF3C0
:10C360006F8F83F31188BFF36F8F43B93949384812
:10C37000BB2206F035FCBB21364806F028FC2346DC
:10C3800053F80C6F9E4216D0AEB100243046FFF732
:10C39000A1FF06F1180002F0D7FA3046C6F8804037
:10C3A000C6F8149001F0D6FA4146384609F002FE6C
:10C3B0002046BDE8F087BAF1000F14D0082002F043
:10C3C000DDFD00283AD00122C0F804900260016827
:10C3D00001F003015DB922680A43026062682060CF
:10C3E0006AB960600BE04846C9F800A0EFE72A6828
:10C3F000032A18D80160616879B9C4E900000024F3
:10C40000384602F093F9E0B910494FF49972104898
:10C4100006F0E6FB4FF4997195E70A6802F0030213
:10C4200002430A60DDE722F003020A4302602A6841
:10C4300002F0030240EA02032B60E0E76FF00B0416
:10C44000DEE788F31188BFF36F8FB1E7C7B303004E
:10C4500012B3030073F403002DE9F7430546904639
:10C460001F4600F10806EFF31189402383F3128879
:10C47000BFF36F8F304602F04BF940B92049842258
:10C48000204806F0ADFB84211D4806F0A0FB304695
:10C4900002F062F92C68D4B123686A6823F00303C0
:10C4A000944220464FF001012B6008BF6B6009F0F9
:10C4B00095FC0446304602F039F9C0B910494FF4F2
:10C4C0009972104806F08CFB4FF49971DCE758EA3A
:10C4D0000703EFD049463046CDE9008705F10C024D
:10C4E00001F0D8FA38B9084B9B685C6903E089F31E
:10C4F0001188BFF36F8F204603B0BDE8F08300BF03
:10C50000C7B3030012B30300086B002008B58368AB
:10C5100043B90B490B48A42206F062FBA42108484A
:10C5200006F055FBD0E9003213605A600023027C0C
:10C53000C0E9003322F002020274836008BD00BF2C
:10C5400073F4030012B3030070B50446EFF31186D1
:10C55000402585F31288BFF36F8F294802F0D8F881
:10C5600038B928498422284806F03AFB8421254816
:10C5700014E0234802F0F0F8EFF3118385F31288FA
:10C58000BFF36F8F83F31188BFF36F8F43B91F49D8
:10C590001D48BB2206F024FBBB211C4806F017FBFC
:10C5A0002568AC4213D095B12846FFF7AFFF05F1DF
:10C5B000180002F0C9F900232846C5F8803001F0C0
:10C5C000C9F93146BDE870400D4809F0F3BCD4E923
:10C5D00002329A4218BF01330948A36002F0A6F85C
:10C5E00040B908494FF49972074806F0F9FA4FF438
:10C5F0009971BCE786F31188BFF36F8F70BD00BFE0
:10C600002C6B0020C7B3030012B3030073F40300C4
:10C61000F7B5044616461D46EFF305835BB152EAB3
:10C62000050308D026492748882206F0D9FA882130
:10C63000234806F0CCFAEFF31187402383F31288E6
:10C64000BFF36F8F204802F063F838B91F49842286
:10C650001C4806F0C5FA84211C48EAE71A4802F093
:10C660007BF8A368ABB1013B1748A36002F05EF80A
:10C6700040B916494FF49972124806F0B1FA4FF4D6
:10C680009971E9E787F31188BFF36F8F002003B03A
:10C69000F0BD56EA05030BD10B4802F047F800281D
:10C6A000E7D087F31188BFF36F8F6FF00F00EEE7CD
:10C6B00022463946CDE90065034801F0EBF9E6E78B
:10C6C000E1F4030012B303002C6B0020C7B3030096
:10C6D0002DE9F0410546EFF31188402787F31288D2
:10C6E000BFF36F8F2A4802F013F8064638B929497C
:10C6F0008422294806F074FA8421264815E024484B
:10C7000002F02AF80023EFF3118287F31288BFF3B7
:10C710006F8F82F31188BFF36F8F42B91F491E4894
:10C72000BB2206F05DFABB211C4806F050FA2C68CB
:10C73000A54210D07CB12046FFF7E8FE04F11800B6
:10C7400002F002F96FF00A032046C4F8803001F0CD
:10C7500001F93346D7E70022AA6063B90C4801F01B
:10C76000E5FF70B90B494FF499720B4806F038FA9F
:10C770004FF49971C1E74146BDE8F041044809F022
:10C7800019BC88F31188BFF36F8FBDE8F08100BF3B
:10C790002C6B0020C7B3030012B3030073F4030033
:10C7A00007B5074B4FF40062009306494FF0FF3383
:10C7B000054800F099FB002003B05DF804FB00BFC2
:10C7C0008095030000AA0020705600202DE9FF414B
:10C7D0000446734EEFF31187402383F31288BFF3AF
:10C7E0006F8F704801F094FF40B96F4984226F4801
:10C7F00006F0F6F984216C4806F0E9F9694801F081
:10C80000ABFFD4F88C50F5B9022104F1A40009F073
:10C810001FFB00283BD004F19C0500220121284683
:10C8200001F000FE0028F8D100234FF0FF32029300
:10C830004FF0FF333946CDE900235A4804F1940202
:10C8400001F03CFEC6E7D4F890202B68954208BF63
:10C85000C4F89030C4F88C30D4F8A430514843F078
:10C860000203C4F8A430EB68D5F8048023F0040375
:10C8700043F00103EB6001F059FFD0B94A494FF48E
:10C8800099724A4806F0ACF94FF49971B3E7D4F8BD
:10C89000A430DD06C8D5C4F8A400424801F046FF24
:10C8A0000028EBD087F31188BFF36F8F04B0BDE889
:10C8B000F08187F31188BFF36F8FB8F1000F09D1B2
:10C8C0003B493A4840F2F32206F08AF940F2F3215C
:10C8D000374891E72846C047EFF31187402383F399
:10C8E0001288BFF36F8F2F4801F012FF00283FF42A
:10C8F0007CAF2C4801F030FFEB68D90623F0010231
:10C9000036D4EA60EB689A0716D5306823F0020344
:10C91000EB6088B10022036870B141688D4235D167
:10C9200003686ABB72683360904200D17360002371
:10C9300040F8083BFFF708FED4F8A43023F00203C8
:10C94000C4F8A430DB0529D4D4F88C50003D18BFBE
:10C950000125144801F0EAFE00288FD087F31188E2
:10C96000BFF36F8F002D3FF435AF01F0F7FA31E7D9
:10C9700023F01103EB6005F11000FFF7E5FDC1E7BF
:10C9800013607368984208BF7260D0E702461BB11B
:10C99000196818460B46BFE71946FAE70025D8E79D
:10C9A000306B0020386B0020C7B3030012B30300C4
:10C9B0000AF5030070B5C3680546C3F340069B073C
:10C9C0000C460DD50122002104F1080009F034FACB
:10C9D00000232360054B65605A681AB9C3E9004417
:10C9E000304670BD14605C60FAE700BF306B002019
:10C9F000F8B5C36804469A070E46C3F340054ED403
:10CA00005F074ED40B680BB983680B60E368D807E7
:10CA100035D5A36853B92449244840F2571206F08B
:10CA2000DFF840F25711204806F0D1F802253360B4
:10CA3000376867B31E4B9A68D7F888309A4220D17E
:10CA400009F06BFA80F00100C0B2D7F8A430D90722
:10CA5000C3F380021ED502B308B300232360D7F8C6
:10CA6000903083B9C7E92344384609F00CFAE368EB
:10CA700043F00403E3603368A3602846F8BD012552
:10CA8000D6E70020E1E71C60C7F89040ECE76FF0C4
:10CA9000150506E06FF0120503E01B07DDD56FF00A
:10CAA0000F0500233360E8E70AF5030012B3030023
:10CAB000086B002073B50446EFF31185402383F320
:10CAC0001288BFF36F8F1D4801F022FE40B91C4948
:10CAD00084221C4806F084F88421194806F077F86F
:10CAE000164801F039FE00230193D4E90423B3F181
:10CAF000004F08BF012A0CD0104801F017FEB8B94A
:10CB00000F494FF499720F4806F06AF84FF4997183
:10CB1000E3E70321201FA4F1100609F099F900288A
:10CB2000EAD0A369304601A90193FFF761FFE3E76B
:10CB300085F31188BFF36F8F02B070BD386B002092
:10CB4000C7B3030012B3030038B50D46044640B91D
:10CB50000B499C220B4806F043F89C21084806F03C
:10CB600036F831B906499D22064806F039F89D216C
:10CB7000F4E7102200210AF0AEFE656038BD00BF68
:10CB80000AF5030012B30300F8B5C368064603F0C4
:10CB90000503002B0C4614BF0127002728D0856809
:10CBA00055B91C491C4840F2C11206F019F840F270
:10CBB000C111184806F00BF80122002104F1100001
:10CBC00009F03AF920461549FFF7BEFFE36843F044
:10CBD0001003E360F3685B0712D5336823606BB919
:10CBE000D5F8903033B9C5E92344284609F04BF90C
:10CBF0003846F8BD1C60C5F89040F6E73460F4E7AD
:10CC0000D5F88C302360D5F89030C5F88C40002BD7
:10CC1000EBD1F0E70AF5030012B30300675E0300EF
:10CC200038B50446EFF31185402383F31288BFF330
:10CC30006F8F134801F06CFD40B9124984221248ED
:10CC400005F0CEFF84210F4805F0C1FF0C4801F02C
:10CC500083FDE4680A4804F01F0401F067FD40B951
:10CC600008494FF49972084805F0BAFF4FF49971DA
:10CC7000E9E785F31188BFF36F8F204638BD00BF09
:10CC8000386B0020C7B3030012B3030037B50C465E
:10CC9000019051B9224940F27D12224805F0A0FFCF
:10CCA00040F27D111E4805F092FF4B6843B91C49C4
:10CCB0004FF4BF721B4805F093FF4FF4BF71F1E7CB
:10CCC000EFF31185402383F31288BFF36F8F16486B
:10CCD00001F01EFD38B915498422124805F080FF85
:10CCE00084211248DFE7104801F036FD204601A9F3
:10CCF000FFF77EFE04460C4801F018FD40B90B49D1
:10CD00004FF49972074805F06BFF4FF49971E8E70B
:10CD100085F31188BFF36F8F204603B030BD00BF8D
:10CD20000AF5030012B30300386B0020C7B30300F9
:10CD30000146014809F0E1B87056002070B50C4674
:10CD4000054650B9314940F2CD12314805F048FF4F
:10CD500040F2CD112D4805F03AFFC368DB0508D538
:10CD60002A494FF4E7722A4805F03AFF4FF4E77179
:10CD7000F0E709F0D2F840B1244940F2CF1224483C
:10CD800005F02EFF40F2CF11E4E744B91F494FF4FC
:10CD9000E8721F4805F024FF4FF4E871DAE7EFF37B
:10CDA0001186402383F31288BFF36F8F194801F077
:10CDB000AFFC38B918498422154805F011FF8421C9
:10CDC0001548C8E7134801F0C7FC28462146FFF77D
:10CDD000DBFE05460F4801F0A9FC40B90E494FF4AF
:10CDE00099720B4805F0FCFE4FF49971E8E786F361
:10CDF0001188BFF36F8F3DB14FF0FF324FF0FF331B
:10CE000004F11000FFF704FC284670BD0AF503008A
:10CE100012B30300386B0020C7B3030038B50446D3
:10CE200050B9224940F22B22214805F0D9FE40F2A8
:10CE30002B211E4805F0CBFEC368DB0508D51B4936
:10CE40004FF40B721A4805F0CBFE4FF40B71F0E76C
:10CE5000EFF31185402383F31288BFF36F8F1548DA
:10CE600001F056FC38B914498422114805F0B8FE87
:10CE700084211148DEE70F4801F06EFC204609F0DE
:10CE800009F804460B4801F051FC40B90A494FF437
:10CE90009972074805F0A4FE4FF49971E9E785F30C
:10CEA0001188BFF36F8F204638BD00BF0AF503001D
:10CEB00012B30300386B0020C7B3030008B550B9A4
:10CEC0000749084840F2263205F08AFE40F2263132
:10CED000034805F07CFEA82200210AF0FCFC08BDF6
:10CEE0000AF5030012B30300F0B589B004460E9DA5
:10CEF00050B92D4940F253322C4805F071FE40F2F2
:10CF00005331294805F063FE41B927494FF4557262
:10CF1000264805F065FE4FF45571F2E7D0F8A400FD
:10CF200010F0010008D0204940F255321F4805F0AA
:10CF300057FE40F25531E4E7C4E9230004F19400C0
:10CF4000C4E9250004F19C00C4E9270055B3287901
:10CF5000002840F2011008BF0120C4F8A4000020FE
:10CF60004FF0FF364FF0FF37CDE90330CDE9010038
:10CF7000CDE9066720460E4B009400F03FFB55B10B
:10CF8000296811B1204608F0CEFF6B791BB1A38947
:10CF900043F00103A381204601F0F2F8C4F8884071
:10CFA00009B0F0BD0120D8E70AF5030012B3030071
:10CFB000CDC702007FB50D46044650B9314940F255
:10CFC0008632314805F00CFE40F286312D4805F0DE
:10CFD000FEFD08F0A2FF40B12A4940F287322A48FC
:10CFE00005F0FEFD40F28731F0E7EFF311864023B4
:10CFF00083F31288BFF36F8F244801F089FB38B99F
:10D0000023498422204805F0EBFD84212048DEE7F7
:10D010001E4801F0A1FBD4F8A43013F0060F10D184
:10D020003DBBD4F88C506DB9184801F07FFB18BB9C
:10D0300017494FF49972144805F0D2FD4FF49971D5
:10D04000E4E7B5B943F004032046C4F8A43008F07F
:10D050001AFF00234FF0FF3202934FF0FF333146A7
:10D06000CDE90023094804F19C0201F027FA04B03D
:10D0700070BD43F00C03E7E786F31188BFF36F8FB1
:10D080002846F4E70AF5030012B30300386B0020CA
:10D09000C7B3030038B50D46044650B90E4940F2F7
:10D0A0000F420E4805F09CFD40F20F410A4805F082
:10D0B0008EFD41B908494FF48262084805F090FDA1
:10D0C0004FF48261F2E7302200210AF004FC4FF4B1
:10D0D00080736560E36038BD0AF5030012B3030096
:10D0E000F7B50C4616461D46019050B92D4940F241
:10D0F00086422D4805F074FD40F28641294805F02E
:10D1000066FD41B9274940F28742274805F068FD8E
:10D1100040F28741F2E7EFF31187402383F312884F
:10D12000BFF36F8F214801F0F3FA38B92049842208
:10D130001D4805F055FD84211D48E0E71B4801F01E
:10D140000BFBE36813F01E0F22D155EA060211D142
:10D15000204601A9FFF74CFC0446144801F0E6FA0A
:10D16000C0B913494FF499720F4805F039FD4FF4D7
:10D170009971E1E743F00803E360019B04F11000BB
:10D18000A36232462B460B4901F01CFB0124E4E765
:10D190000024E2E787F31188BFF36F8F204603B0C6
:10D1A000F0BD00BF0AF5030012B30300386B002086
:10D1B000C7B30300B5CA020001460148FFF790BF9C
:10D1C00070560020F7B50C4616461D46019050B922
:10D1D0002C4940F2A9422C4805F002FD40F2A94139
:10D1E000284805F0F4FC41B9264940F2AA422648F5
:10D1F00005F0F6FC40F2AA41F2E7EFF31187402375
:10D2000083F31288BFF36F8F204801F081FA38B999
:10D210001F4984221C4805F0E3FC84211C48E0E7F8
:10D220001A4801F099FA204608F01EFE55EA060356
:10D2300011D1204601A9FFF7DBFB0446134801F09A
:10D2400075FAB8B912494FF499720F4805F0C8FC45
:10D250004FF49971E2E7E36804F1100043F008032A
:10D26000E360019B3246A3620A492B4601F0AAFA09
:10D270000124E3E787F31188BFF36F8F204603B0E3
:10D28000F0BD00BF0AF5030012B30300386B0020A5
:10D29000C7B30300B5CA020001460148FFF792BFB9
:10D2A0007056002038B5044650B91D491D4840F25B
:10D2B000CB4205F095FC40F2CB41194805F087FCC4
:10D2C000EFF31185402383F31288BFF36F8F164865
:10D2D00001F01EFA38B915498422124805F080FC85
:10D2E00084211248EAE7104801F036FA204608F097
:10D2F000BBFD204608F0CEFD04460B4801F016FAAF
:10D3000040B90A494FF49972064805F069FC4FF498
:10D310009971E6E785F31188BFF36F8F204638BD1A
:10D320000AF5030012B30300386B0020C7B30300F3
:10D330002DE9F0410E46054650B9344940F2DC4231
:10D34000334805F04DFC40F2DC41304805F03FFC2D
:10D3500041B92E4940F2DD422D4805F041FC40F232
:10D36000DD41F2E708F0D9FD044640B1274940F21B
:10D37000DE42274805F034FC40F2DE41E5E7EFF3FA
:10D380001188402383F31288BFF36F8F214801F087
:10D39000BFF938B9204984221D4805F021FC8421B9
:10D3A0001D48D3E71B4801F0D7F9EB6803F01F03D2
:10D3B000002B14BF012700270AD0284608F054FD8F
:10D3C000284608F067FD31462846FFF7F3FA044681
:10D3D000104801F0ABF940B90F494FF499720C486D
:10D3E00005F0FEFB4FF49971DAE788F31188BFF37B
:10D3F0006F8F3CB14FF0FF324FF0FF3306F1080062
:10D40000FFF706F93846BDE8F08100BF0AF50300D2
:10D4100012B30300386B0020C7B3030008B583685C
:10D4200043B90B490B48A42205F0DAFBA4210848B4
:10D4300005F0CDFBD0E9003213605A600023027C76
:10D44000C0E9003322F002020274836008BD00BF0D
:10D4500073F4030012B303002DE9F8430546EFF31C
:10D460001188402787F31288BFF36F8F334801F08C
:10D470004FF938B932498422324805F0B1FB842192
:10D480002F4814E02D4801F067F9EFF3118387F37B
:10D490001288BFF36F8F83F31188BFF36F8F43B987
:10D4A00029492848BB2205F09BFBBB21264805F0F3
:10D4B0008EFB2C68A54227D034B300262046FFF708
:10D4C000ADFF04F1180001F03FFAB1462046C4F860
:10D4D000809000F03FFA0136EFF3118387F3128852
:10D4E000BFF36F8F83F31188BFF36F8F002BD7D0FB
:10D4F0002C68A5421DD0E4B12046FFF78FFF04F150
:10D50000180001F021FAE1E70C4801F00FF940B9E9
:10D510000B494FF499720B4805F062FB4FF4997177
:10D52000AEE788F31188BFF36F8F00263046BDE861
:10D53000F8834146014808F03DFDF7E73C6B0020C9
:10D54000C7B3030012B3030073F403002DE9F043E3
:10D5500085B098460F9B04460F2B0E4637D12349C2
:10D56000884538D104F15801C4E9161110990027F3
:10D57000A1810421073222F0070506EB0509217479
:10D58000A37349462046C4E90677A760E773F0F71E
:10D59000BBF90E9B073020F007002067C4E91A652D
:10D5A00002930D9BA9EB000901930C9B4A46009343
:10D5B000314643462046F0F7F9FC0D4B67659B6802
:10D5C00003B15B6F4846636705B0BDE8F08303F1C4
:10D5D00010011E29C6D90749074840F24B2205F021
:10D5E000FFFA40F24B21034805F0F1FAE9BF0200CF
:10D5F000086B00202BF5030012B30300F0B587B0D1
:10D600000446DDE91276EFF3058555B11749184850
:10D6100040F2173205F0E4FA40F21731134805F0F2
:10D62000D6FA0595109D04950F9D03950E9D0295C4
:10D630000D9D01950C9D0095FFF788FFB6F1FF3F0A
:10D6400008BFB7F1FF3F05D056EA070305D12046D2
:10D6500000F096FD204607B0F0BD3A46334604F18F
:10D660001800044901F0AEF8F4E700BF2BF5030001
:10D6700012B3030029DA020001230374838100231B
:10D68000C0E91A334367014B98607047086B00206C
:10D6900070B590F91020037C002A44DBD90642D1F2
:10D6A00063F07F030374244B984208D12349244834
:10D6B000522205F095FA5221204805F088FA214CB3
:10D6C000224652F8183FE169934207D1C0E9002190
:10D6D0000860E0610FE08B42F8D01B68002BF5D0AA
:10D6E00093F90E6090F90E50AE42F4DD5968C0E92E
:10D6F000003108605860A569954200D005B9E56819
:10D70000A3683BB910490E48EA2205F069FAEA21FC
:10D710000D48D2E71A7CD20606D1DA897F2A03D9CE
:10D72000AA690AB9636170BDAB4202D0284600F015
:10D730007BFF6561F7E700BF605500204EF50300F1
:10D7400012B30300086B002070F5030038B590F9A0
:10D7500010200146002A037C19DA1F4A03F07F03D8
:10D760009042037408D11D495A221D4805F038FA29
:10D770005A211A4805F02BFADC0706D517495B2217
:10D78000174805F02DFA5B21F3E708F0D1FB154DA2
:10D790002A4652F8184FAB68944200D004B9EC689E
:10D7A0008B4210D03BB910490D48EA2205F018FA17
:10D7B000EA210D48DEE71A7CD20604D1DA897F2AF5
:10D7C00001D9A2692AB1A34202D0204600F02CFF61
:10D7D00023466B6138BD00BF605500204EF5030045
:10D7E00012B30300086B002070F5030008B5114A5E
:10D7F000936860B1197C11F0090F08D10E490F48E8
:10D80000D92205F0EDF9D9210B4805F0E0F96FF0C8
:10D810000A01C3F880100A49D8674B6843F0805367
:10D820004B60002383F31188BFF36F8F9368D3F8A5
:10D83000800008BD086B00209CF5030012B30300B4
:10D8400000ED00E038B503460C46D1B9EFF305858D
:10D85000BDB9154A51699268914212D000F066FF35
:10D8600050B9124940F26D12114805F0B9F940F271
:10D870006D110E4805F0ABF92846BDE83840FFF7BA
:10D88000B5BF184600F052FF40B908494FF49972ED
:10D89000074805F0A5F94FF49971EAE784F3118878
:10D8A000BFF36F8F38BD00BF086B0020C7B3030004
:10D8B00012B3030008B5836843B909490948A42293
:10D8C00005F08EF9A421064805F081F908F030FB37
:10D8D000037C23F0020303740023836008BD00BFB0
:10D8E00073F4030012B3030038B5184CA168E06963
:10D8F0000B68814214BF1A46002249680B605960C8
:10D90000A368E1692AB9124AC3E900210B60E36107
:10D910000AE092F90E5093F90E00854212DD51682B
:10D92000C3E900210B605360A569094B9D4200D0FB
:10D9300005B9E568A3689D4202D0284600F074FE50
:10D94000656138BD8A42DED01268DBE7086B0020D3
:10D95000206B002038B50446EFF31185402383F394
:10D960001288BFF36F8F124800F0D2FE40B9114900
:10D970008422114805F034F984210E4805F027F976
:10D980000B4800F0E9FE2046FFF782FE084800F051
:10D99000CDFE40B907494FF49972074805F020F9C8
:10D9A0004FF49971E9E785F31188BFF36F8F38BDA4
:10D9B000406B0020C7B3030012B3030038B5044620
:10D9C000EFF31185402383F31288BFF36F8F134861
:10D9D00000F09EFE40B912498422124805F000F979
:10D9E00084210F4805F0F3F80C4800F0B5FEA36859
:10D9F00013B12046FFF75EFF084800F097FE40B9DC
:10DA000007494FF49972074805F0EAF84FF4997105
:10DA1000E7E785F31188BFF36F8F38BD406B0020B7
:10DA2000C7B3030012B3030038B5A0F11804EFF335
:10DA30001185402383F31288BFF36F8F124800F0E3
:10DA400067FE40B911498422114805F0C9F88421C4
:10DA50000E4805F0BCF80C4800F07EFE204608F0A9
:10DA600095FA094800F062FE40B908494FF49972EE
:10DA7000074805F0B5F84FF49971E9E785F3118887
:10DA8000BFF36F8F38BD00BF406B0020C7B30300EA
:10DA900012B303002DE9F047DFF8B0A02C4F164673
:10DAA000DDE90898DAF808202A4BB84204460D460A
:10DAB0001A600AD12849294840F2B92205F090F8A5
:10DAC00040F2B921244805F082F8EFF31183402396
:10DAD00083F31288BFF36F8F384600F019FE38B910
:10DAE0001F4984221D4805F07BF884211C48EAE781
:10DAF000384600F031FEDAF808703146384608F052
:10DB00001FFAB8F1FF3F08BFB9F1FF3F06D04A4600
:10DB10004346144907F1180000F054FE204600F077
:10DB200005FE40B90E4940F26D120C4805F058F858
:10DB300040F26D11DAE7064800F0F8FD0028F1D058
:10DB40002846BDE8F047FFF751BE00BF086B002034
:10DB5000406B0020446B00204EF5030012B303001D
:10DB6000C7B3030029DA020070B50546EFF311864A
:10DB7000402383F31288BFF36F8F164800F0C8FD6F
:10DB800040B915498422154805F02AF88421124825
:10DB900005F01DF80F4800F0DFFD2C68A54210D0FD
:10DBA00014B12046FFF786FE0A4800F0BFFD50B9C9
:10DBB00009494FF49972094805F012F84FF4997128
:10DBC000E5E70024F0E786F31188BFF36F8F204666
:10DBD00070BD00BF406B0020C7B3030012B3030049
:10DBE0002DE9F04104460D46EFF31187402383F3FE
:10DBF0001288BFF36F8F534800F08AFD38B952493D
:10DC00008422524804F0ECFF84214F4817E04D482D
:10DC100000F0A2FD237C03F01F02002A0CBF0126A6
:10DC200000265BD103F07F032374494B9C4208D14B
:10DC300048495A22454804F0D3FF5A21454804F088
:10DC4000C6FF204608F074F9237C6DB243F08003D0
:10DC5000DA07A573237406D53E4953223B4804F0E6
:10DC6000BFFF5321EAE7DFF8F080424652F8183F41
:10DC7000D8F81C10934208D1C4E900210C60C8F800
:10DC80001C400DE08B42F7D01B68002BF4D093F9B9
:10DC90000E00A842F6DD5968C4E900310C605C60F2
:10DCA000D8F81840944200D00CB9D8F80C40D8F8F5
:10DCB00008309C4202D0204600F0B6FCC8F8144060
:10DCC000204800F033FD002834D11F494FF49972E9
:10DCD0001E4804F085FF4FF4997196E79B0727D5FE
:10DCE000A16839B91D491948A42204F079FFA4217B
:10DCF0001A48A4E720466DB208F01AF9A5730B681C
:10DD0000994209D14B68C4E900131C604C60D7E705
:10DD10004A689342F6D01B68002BF3D093F90E208B
:10DD2000AA42F5DD5A68C4E9003214605C60C7E7B6
:10DD3000A573C5E787F31188BFF36F8F3046BDE841
:10DD4000F08100BF406B0020C7B3030012B3030093
:10DD5000605500204EF50300086B002073F40300AB
:10DD6000034648B9EFF3058232B9064A5169926811
:10DD7000914201D0FFF73ABD83F31188BFF36F8F53
:10DD8000704700BF086B002010B5EFF311844023EB
:10DD900083F31288BFF36F8F1F4800F0B9FC38B9C6
:10DDA0001E4984221E4804F01BFF84211B480EE0FC
:10DDB000194800F0D1FCEFF3058353B1194940F243
:10DDC0003B32174804F00CFF40F23B31154804F099
:10DDD000FEFE154B9A68D37B012B08D111494FF4F5
:10DDE0004F720F4804F0FCFE4FF44F71EEE7013B19
:10DDF000D373094800F09AFC40B908494FF499726E
:10DE0000074804F0EDFE4FF49971CFE784F31188D1
:10DE1000BFF36F8F10BD00BF406B0020C7B303007E
:10DE200012B303004EF50300086B002070B5EFF34A
:10DE30001186402383F31288BFF36F8F234800F0CD
:10DE400067FC40B922492348842204F0C9FE84219A
:10DE50001F4804F0BCFE204D1C4800F07DFCAB6860
:10DE6000DA7B4AB91D4940F24D321A4804F0B8FE37
:10DE700040F24D311948ECE7EFF3058141B1174904
:10DE800040F24E32134804F0ABFE40F24E31F1E75F
:10DE90000132DA732A4652F8184F944200D004B97E
:10DEA000EC681A7CD20604D1DA897F2A01D9A269EA
:10DEB0002AB19C4202D0204600F0B6FB23466B619B
:10DEC0003146BDE870400148FFF7BCBC406B002004
:10DED000C7B3030012B30300086B00204EF5030024
:10DEE00038B50446EFF31185402383F31288BFF35E
:10DEF0006F8F134800F00CFC40B91249842212487D
:10DF000004F06EFE84210F4804F061FE0C4800F01E
:10DF100023FC204608F050F80446094800F006FCAF
:10DF200040B908494FF49972074804F059FE4FF47C
:10DF30009971E8E785F31188BFF36F8F204638BDEC
:10DF4000406B0020C7B3030012B30300024B03F180
:10DF50001802C3E906227047086B002070B5EFF382
:10DF6000058353B1314932484FF4906204F038FED2
:10DF70004FF490612D4804F02AFEEFF31186402300
:10DF800083F31288BFF36F8F2A4800F0C1FB38B9C2
:10DF900029498422264804F023FE84212648EAE702
:10DFA000264C244800F0D8FBA168E0690B68814248
:10DFB00014BF1A46002249680B605960A368E169E2
:10DFC0002AB91F4AC3E900210B60E3610AE092F914
:10DFD0000E5093F90E0085421EDD5168C3E9002101
:10DFE0000B605360A569164B9D4200D005B9E568EA
:10DFF000A3689D4202D0284600F016FB0D486561DB
:10E0000000F094FB60B90C4940F26D12084804F02E
:10E01000E7FD40F26D11C1E78A42D2D01268CFE726
:10E020003046BDE87040FFF7E1BB00BF4EF503008E
:10E0300012B30300406B0020C7B30300086B00203D
:10E04000206B00202DE9F04106460C46EFF30587D2
:10E0500057B12D492D484FF4936204F0C1FD4FF4A0
:10E060009361294804F0B3FD50EA010304D1FFF79E
:10E0700075FF0020BDE8F081EFF31188402383F3A2
:10E080001288BFF36F8F224800F042FB38B9214954
:10E0900084221E4804F0A4FD84211E48E2E71E4DA0
:10E0A0001B4800F059FBA8681C4B1860FFF74EFB9B
:10E0B000A868234632461A49183000F083FBAA6844
:10E0C0000446137C124843F00403137400F02EFB43
:10E0D00040B9104940F26D120C4804F081FD40F245
:10E0E0006D11DAE74046FFF781FBAB68D3E90A23FD
:10E0F000B3F1004F08BFBA42BBD107F098FF201A16
:10E1000020EAE070B6E700BF4EF5030012B303004B
:10E11000406B0020C7B30300086B0020446B002055
:10E1200029DA0200F8B507460E46EFF3058454B12C
:10E130001149124840F2C64204F052FD40F2C64175
:10E140000D4804F044FDFFF77DFFB6F1FF3F08BF27
:10E15000B7F1FF3F05460CD0214647F611204FF49A
:10E160007A7447F612220023E5FB0401E4F7CEFFA0
:10E17000F8BD4FF0FF30FBE74EF5030012B303008C
:10E1800038B50446EFF31185402383F31288BFF3BB
:10E190006F8F1B4800F0BCFA40B91A4984221A4814
:10E1A00004F01EFD8421174804F011FD144800F00E
:10E1B000D3FA237C5B0710D504F1180000F0C4FBF0
:10E1C000237C204623F004032374FFF761FA2946D9
:10E1D000BDE838400A48FFF735BB094800F0A6FA09
:10E1E00040B908494FF49972074804F0F9FC4FF41C
:10E1F0009971D8E785F31188BFF36F8F38BD00BFE1
:10E20000406B0020C7B3030012B30300014B9868B2
:10E21000704700BF086B00202DE9F843044687894A
:10E22000EFF31185402383F31288BFF36F8F754896
:10E2300000F06EFA40B974498422744804F0D0FCAE
:10E240008421714804F0C3FC6E4800F085FA237CF9
:10E25000180712D56B4800F069FA40B96A494FF4C3
:10E2600099726A4804F0BCFC4FF49971E9E785F3B0
:10E270001188BFF36F8FBDE8F883D90943F0080216
:10E280007DD12274A36813B12046FFF713FB04F17C
:10E29000180000F059FBA66D04F15808B04511D0E4
:10E2A0004FF0000976B13046FFF704FB06F1180085
:10E2B00000F04AFB3046C6F88090FFF7E9F9A66DFA
:10E2C000B045EFD1DFF84881D8F808309C4273D1CF
:10E2D000EFF30589B9F1000918BF4FF00109D8F82B
:10E2E00018604C4A964200D00EB9D8F80C60B34280
:10E2F00002D0304600F098F92046C8F8146005F0C6
:10E3000094FAB9F1000F02D04348FFF7B5F9D8F8F5
:10E3100008309C425FD1EFF30586002E5BD1A389C4
:10E32000DA071FD5374800F001FA002896D085F3A8
:10E330001188BFF36F8F86F31188BFF36F8F0423AB
:10E34000184602DFEFF31185402383F31288BFF3F1
:10E350006F8F2C4800F0DCF900283FF46CAF29489F
:10E3600000F0FAF9274800F0E1F940BB264940F2F5
:10E370006D12264804F034FC40F26D1161E7274A23
:10E3800003F07F0343F008039442237407D1244928
:10E390005A221E4804F024FC5A21214852E7D9078A
:10E3A00006D51F495B22194804F01AFC5B21F4E7EB
:10E3B000204607F0BDFD65E74FF000098FE72846CE
:10E3C000FFF714FA16494FF4EE72104804F008FCF7
:10E3D0004FF4EE71E1E70B4800F0A8F900283FF494
:10E3E0003DAF85F31188BFF36F8FFB077FF543AF18
:10E3F0000B4940F2A252054804F0F2FB40F2A25150
:10E40000CBE700BF406B0020C7B3030012B303008B
:10E41000086B0020206B002018570020605500205A
:10E420004EF503002DE9F843064688461746EFF3FC
:10E430001189402383F31288BFF36F8F1C4800F0CB
:10E4400067F9054640B91B4984221B4804F0C8FB04
:10E450008421184804F0BBFB154800F07DF93468AE
:10E46000A6421AD0DCB12046C4F880806761FFF76D
:10E4700021FA04F1180000F067FA2046FFF708F9C6
:10E480000B4800F053F960B90A494FF499720A48F1
:10E4900004F0A6FB4FF49971DBE70025F0E7254671
:10E4A000EEE789F31188BFF36F8F2846BDE8F88344
:10E4B000406B0020C7B3030012B30300D3B5DDE9FE
:10E4C0000667089CCDE90067FFF7E4FA1CB1034B2F
:10E4D0009B685B69236002B0D0BD00BF086B002061
:10E4E0002DE9F0470546884616461F46EFF3118989
:10E4F000402383F31288BFF36F8F234800F008F99D
:10E5000040B922498422224804F06AFB84211F4832
:10E5100004F05DFB1C4800F01FF92868854208D014
:10E5200038B16B6898420CBF4FF0000AD0F800A0D9
:10E5300088B9002416B139462046B047124800F089
:10E54000F5F8D0B911494FF49972114804F048FB1D
:10E550004FF49971DBE73946C04704460028E9D1FA
:10E56000BAF1000F07D06B68534501D0DAF80040CC
:10E570005046A246DCE75446FAE789F31188BFF318
:10E580006F8F2046BDE8F087406B0020C7B30300C3
:10E5900012B30300027C034612F01F0210D10A4995
:10E5A00088420DD00949086868B1D9897F2909D8FE
:10E5B00093F90E20064B1B689A42B8BF00207047A3
:10E5C0000020704710467047605500202817002033
:10E5D000486B002008B568B10E4B98420AD303F18E
:10E5E0001802904206D21822C01AB0FBF2F302FBC6
:10E5F000130343B1084909483F2204F0F1FA3F21CF
:10E60000054804F0E4FA0122054BC0105843054BBD
:10E610001A5408BDA0570020C6F5030012B303002A
:10E62000ABAAAAAABA75002070B50C4B0C4D1E7C83
:10E63000FFF7B0FF182303FB06550446284600F0F9
:10E6400083F90022074B9A553CB1621E2846BDE86B
:10E6500070400549D31700F0B5B870BD086B0020B5
:10E66000A0570020BA750020D5E5020038B5EFF3B9
:10E670001185402383F31288BFF36F8F1E4800F08B
:10E6800047F840B91D4984221D4804F0A9FA8421A5
:10E690001A4804F09CFA184800F05EF8194B1A4A20
:10E6A0009C681068A0420ED1FFF7BEFF124800F030
:10E6B0003DF8D8B911494FF49972114804F090FA15
:10E6C0004FF49971E4E700211B7C11600F4AD35C81
:10E6D000002BEBD02046FFF75DFF0028E6D0237C1F
:10E6E000DB0601D1FFF700F92046DDE785F311884D
:10E6F000BFF36F8F38BD00BF406B0020C7B303006E
:10E7000012B30300086B0020446B0020BA75002090
:10E71000006838B1044B00F003001B7CC01A18BF1E
:10E720000120704701207047086B00200023026819
:10E730000360EFF30581074B986811B1017CC907AD
:10E7400005D41B7C1843831A584258417047012056
:10E75000704700BF086B0020024B1A7C9B68134374
:10E7600003607047086B0020024B1868984208BF8E
:10E77000002070472C170020034B1B680BB9FAF7D9
:10E7800001BC0020704700BF4C6B002030B570B159
:10E790000B4B5B6898420AD0036843B1D3E904216C
:10E7A000D0E90445121941EB0501C3E90421D0E980
:10E7B000003213605A600023C0E9003330BD00BF4F
:10E7C0002C170020B3F1FF3F08BFB2F1FF3F2DE946
:10E7D000F84F04469B4615461F4600F0A480D0F82B
:10E7E0000090B9F1000F08D050495148642204F05C
:10E7F000F7F964214D4804F0EAF98160EFF31188DC
:10E80000402383F31288BFF36F8F4A48FFF780FFDE
:10E81000824638B948498422454804F0E1F9842108
:10E820004548E8E74348FFF797FFBBF1000F434A2D
:10E830001FDBFFF7A1FF064601354BF1000B3F4AF6
:10E840002D184BEBE073D2E90017C4E904536D189F
:10E8500043EB0707FFF788FF0346DFF8E4E0DEF845
:10E860000490EBB9C4E900E9C9F80040CEF80440CF
:10E8700028E06FF00103D2E900125B1A4FF0FF317C
:10E8800061EB02025B1B62EB0B02012B72F10001D8
:10E89000BCBF01234A464FF0000AC4E90432D9E75D
:10E8A000D3E9041CD4E904208A4270EB0C0B29DA6A
:10E8B000891A5A686CEB0000C3E90410C4E90032FD
:10E8C00014605C60FFF750FF84420ED11D4B1B6843
:10E8D0005BB9BAF1000F02D1FFF74EFF0646304692
:10E8E00007F08EFB0021FAF78FFB1248FFF71EFF9F
:10E8F00088B911494FF499720D4804F071F94FF439
:10E9000099718DE7521A60EB0C004B45C4E9042065
:10E91000A8D01B68A5E788F31188BFF36F8F28463E
:10E920003946BDE8F88F00252F46F8E7EEF50300DD
:10E9300012B30300506B0020C7B30300B857002088
:10E940002C1700204C6B002070B50446EFF31186A5
:10E95000402383F31288BFF36F8F2548FFF7D8FE5B
:10E9600040B924498422244804F03AF984212148FA
:10E9700004F02DF91E48FFF7EFFE236813B3FFF7ED
:10E98000F3FE05462046FFF701FF00224FF000434B
:10E99000A542C4E904230DD000241548FFF7C6FEA4
:10E9A000F8B914494FF49972134804F019F94FF467
:10E9B0009971DCE7FFF7E0FE07F022FB0021FAF790
:10E9C00023FBE9E7D4E90423B3F1004F08BF012A90
:10E9D00004D100224FF00043C4E904236FF0150472
:10E9E000DBE786F31188BFF36F8F204670BD00BF51
:10E9F000506B0020C7B3030012B303002DE9F047AA
:10EA0000DFF8F0900246C9F80000FFF7ADFE884637
:10EA1000044600260027DFF8E0A04FEAE27CDAE9AE
:10EA2000001354B1D4E90450AA427CEB000E1EDA64
:10EA3000AD1A60EB0C00C4E904500024521843EBFB
:10EA40000C032046CAE90023C9F8004007F0D8FAB1
:10EA50002146FAF7D9FA2948FFF768FED0B188F3C2
:10EA60001188BFF36F8FBDE8F047FFF7FFBD69184E
:10EA700043EBE5732046C4E90467CAE90013FFF7D6
:10EA800085FE01224FF000431C48C4E90423FFF730
:10EA90004DFE50B91A494FF499721A4804F0A0F883
:10EAA0004FF49971164804F092F888F31188BFF377
:10EAB0006F8F2046A3689847EFF31188402383F3B4
:10EAC0001288BFF36F8F0D48FFF722FE30B90C4953
:10EAD00084220C4804F084F88421E3E70748FFF718
:10EAE0003BFED9F80020521BC9F80020FFF73CFE7E
:10EAF000044692E74C6B0020B8570020506B002072
:10EB0000C7B3030012B3030010B5EFF31184402321
:10EB100083F31288BFF36F8F0848FFF7F9FD40B900
:10EB200007490848842204F05BF88421044804F073
:10EB30004EF80248FFF710FE204610BD506B002033
:10EB4000C7B3030012B3030070B5EFF3118640237F
:10EB500083F31288BFF36F8F1548FFF7D9FD40B9D3
:10EB600014498422144804F03BF88421114804F02D
:10EB70002EF80F48FFF7F0FDFFF7FEFD0F4AD2E930
:10EB80000045041945EBE0750948FFF7CFFD40B992
:10EB900008494FF49972084804F022F84FF499712B
:10EBA000E4E786F31188BFF36F8F2046294670BDD6
:10EBB000506B0020C7B3030012B30300B857002006
:10EBC000F8B50446EFF31187402383F31288BFF3AF
:10EBD0006F8F5548FFF79CFD40B954498422544833
:10EBE00003F0FEFF8421514803F0F1FF4E48FFF788
:10EBF000B3FDD4E90423B3F1004F08BF012A0ED0BE
:10EC00004948FFF793FD002840F0898047494FF4B9
:10EC10009972474803F0E4FF4FF49971E3E7D4E9B0
:10EC20000A566A1C46F10003022A73F1000334D32A
:10EC3000013D46F1FF36002EBCBF00252E4607F0F1
:10EC4000FAF9013041F10001401946EB01010128B8
:10EC500071F100015ADB07F0EEF96FF002030130A9
:10EC600041F10001401946EB010183426FF000437E
:10EC70008B4150DB07F0DFF9013041F100016FF00B
:10EC80000102401946EB01034FF0FF31121A61EB0C
:10EC9000030320462749FFF795FD236B256A0133BF
:10ECA0002363CDB12048FFF741FD0028AED087F3A4
:10ECB0001188BFF36F8F2046A847EFF311874023D9
:10ECC00083F31288BFF36F8F1748FFF721FD0028E9
:10ECD00083D01548FFF740FD54F8185FA5428FD048
:10ECE000002D8DD02846FEF769FE00230E48C5F89A
:10ECF0008030FFF71BFD002888D087F31188BFF311
:10ED00006F8F2846BDE8F840FEF724BE6FF0010281
:10ED10004FF0FF33BDE700224FF00043B9E787F320
:10ED20001188BFF36F8FF8BD546B0020C7B3030089
:10ED300012B30300C1EB02002DE9F8430646144666
:10ED40001D4691469846EFF31187402383F31288BE
:10ED5000BFF36F8F2248FFF7DBFC40B921498422C3
:10ED6000214803F03DFF84211E4803F030FF1C487A
:10ED7000FFF7F2FCB5F1FF3F08BFB4F1FF3F0CD144
:10ED80001748FFF7D3FC28BB16494FF49972164871
:10ED900003F026FF4FF49971E6E7002D0ADB012C02
:10EDA00075F100032246BCBF0122002512F1FF3994
:10EDB00045F1FF383046FFF7C7FDDDE90823C6E916
:10EDC0000A2300234A463363304643460749FFF788
:10EDD000F9FCD5E787F31188BFF36F8FBDE8F8839F
:10EDE000546B0020C7B3030012B30300C1EB020051
:10EDF00070B50546EFF31184402686F31288BFF301
:10EE00006F8F2848FFF784FC40B9274984222748A0
:10EE100003F0E6FE8421244803F0D9FE2148FFF7E1
:10EE20009BFC2846FFF790FD68B11E48FFF77EFC6B
:10EE3000002832D11C494FF499721C4803F0D0FECF
:10EE40004FF49971E7E76B6ACBB11648FFF76EFC98
:10EE50000028EFD084F31188BFF36F8F28466B6AC8
:10EE60009847EFF3118486F31288BFF36F8F0D4834
:10EE7000FFF74EFC0028C8D00A48FFF76DFC05F1EB
:10EE80001800FEF771FE0028CFD0FEF763FD214683
:10EE9000BDE87040034807F08DB884F31188BFF3D4
:10EEA0006F8F70BD546B0020C7B3030012B3030013
:10EEB0002DE9F84F05460C46924607F02EF800283B
:10EEC00050D12A4B9B685E6F002E4BD06F1E3D4287
:10EED00007D027491822274803F082FE182124482A
:10EEE00017E004343ED245F0040B06F11408EFF3AA
:10EEF0001189402383F31288BFF36F8F4046FFF7D9
:10EF000007FC40B91C4984221A4803F069FE842199
:10EF1000194803F05CFE4046FFF71EFC22465946A6
:10EF20003046D04704464046FFF700FC40B912493E
:10EF30004FF499720F4803F053FE4FF49971E7E7CD
:10EF400089F31188BFF36F8F64B1204640F8046BDA
:10EF50004DB1384207D006493522064803F040FE3D
:10EF60003521BCE70020BDE8F88F00BF086B00200A
:10EF700012F6030012B30300C7B303000146024AAE
:10EF80000020FFF795BF00BFAB2B030001680E4ABE
:10EF90000346914215D1C169A2F11022A2F1EF12EC
:10EFA00091420ED18268012A0BD8C26812B1016960
:10EFB0008A4206D0586928B19B691B1A58425841A9
:10EFC00070470120704700BF55AA00FF70B50E4B77
:10EFD0009E68B6B13046FFF7D9FF044618B9F3680A
:10EFE0007BB935690DB9204670BD2846FFF7CEFFC5
:10EFF00028B9EB68B34204D12E462D69F2E70446E6
:10F00000F1E70124EFE700BF586B00202DE9F04144
:10F01000404D06466869884607F06BF818B1002431
:10F020002046BDE8F0812C68DCB1AC68CCB1002E84
:10F030006AD0B8F1000F69D008FB06F7B7FBF6F607
:10F04000B04565D1391D63D8BA0710D027F0030247
:10F050000432EC6803E0616891420AD2A469002C92
:10F06000F9D1686907F04BF80028D9D0D7E73A46BC
:10F07000EFE7D4F808C0BCF1000F02D0012008F07F
:10F0800032FC891A232904F120061CD80123A3602D
:10F09000D4E90523AAB19361A3690BB162695A61EE
:10F0A0000023C4E905332B69DB0703D5FFF78EFF87
:10F0B0000028E3D13A4600213046344608F00BFCE4
:10F0C000CFE7EB60E8E702F1200023182039C3E91D
:10F0D000011CDC602169DFF840C0196144F800C000
:10F0E0000E48D86101B1CB6061695961A06998612E
:10F0F00041B18B61996901B14B6101212361C4E97F
:10F100000121CDE7EB60F5E73446AAE74446A8E7DE
:10F110000446A6E7586B002055AA00FF669911EE39
:10F1200070B5424E0546706906F0E3FF00287BD1BA
:10F13000002D5FD03368002B5CD0B268002A59D014
:10F140009D4203D3726813449D4202D3012008F00C
:10F15000CAFBA5F120042046FFF718FF0028F5D1CF
:10F1600055F8183C012BF1D155F8143C45F8180C12
:10F17000C3B19A68002A42D155F81C2C02F1200133
:10F180005A680A445A6055E905321A6155F8145C08
:10F190002B6903B1DD6020462022002108F09BFB93
:10F1A00023462C462069002836D08268002A33D1B5
:10F1B0006368426820331344636003692361D4E9C0
:10F1C0000523F2B923BB436963618269A2610BB372
:10F1D0009C61A36903B15C61236903B1DC602022F7
:10F1E000002108F078FB33699B0703D5FFF7EEFE9B
:10F1F0000028ABD17069BDE8704006F080BF0023E5
:10F20000D0E79361A369002BDDD062695A61DAE728
:10F21000F360F7E7F460DCE7002BE4D1F368A36167
:10F2200003B15C61F460DEE770BD00BF586B002085
:10F2300070B50C46164E142200210546304608F0E3
:10F240004AFB1448706106F052FF1349134800F05E
:10F2500035F8232C1BD915F003031FBF043CE41819
:10F26000C3F10403ED1822460021284608F033FBC1
:10F27000C6E90054203CB5606C60B368084A1A6067
:10F28000B368A2F11022A2F1EF12DA61F36070BD4F
:10F29000586B00203417002021F102000DF002000D
:10F2A00055AA00FF014B1B68184700BF98170020A4
:10F2B000014B1B68184700BF94170020024B1860D1
:10F2C000024B002019607047981700209417002007
:10F2D00010B50A46044619B1024B00211B68984735
:10F2E00010BD00BF8C9503000E4B0340B3F1607F4F
:10F2F00006D1B1F5885F0CBF00206FF08600704723
:10F30000B3F1707F0BD101F4E043B3F5005F06D198
:10F3100011F4E06F14BF00206FF0860070476FF0AB
:10F32000860070470000C07F8A42F8B506460D4649
:10F3300000F00A8101F0FE41B1F1C06F61D1884C4B
:10F3400022F4FF7121F00101A14222F0FF0014D04C
:10F3500004F58854A04210D022F47F7626F00306EC
:10F36000A4F57064A64208D004F5A064A04204D0BD
:10F3700004F57454A14240F0EB80D1B2784E19B933
:10F3800022F48061B14224D125F4FF7424F00104F9
:10F39000B44225F0FF0112D0724EB1420FD025F4D5
:10F3A0007F7727F00307A6F57066B74207D006F50A
:10F3B000A066B14203D006F57456B44209D115F0E7
:10F3C000FF0406D0684E44F00074B44204BF024605
:10F3D0000D468BB122F4FF7323F00103B3F1062F26
:10F3E00006D0624B22F4FF6121F00701994203D15C
:10F3F00022F4807225F48075954214BF002001200C
:10F40000F8BDB1F1A06F16D102F0FE43B3F1A06FC9
:10F4100040F0888082EA050333F47E1340F0828056
:10F4200028047FD5C5F30540C2F3054290428CBF46
:10F4300000200120E4E74E4B9D4209D1A3F5004393
:10F440009A4200F081804B4B22F47E109842D4E720
:10F45000B1F1407F60D102F0FE43B3F1407F5BD158
:10F4600082EA050030F47E1456D131462846FFF773
:10F470003BFF00286AD1404912F47C1701EA0201DF
:10F4800013D0B1F1607FC2F3054333D1D1B241F063
:10F49000007101F17E410339122901D83748445CDB
:10F4A00015F47C1F2DD19C42A7E7B1F1607F0AD1F2
:10F4B000D3B243F0007303F17E43033B122B4BD8CE
:10F4C0002F49CB5CE2E7B1F1707F17D106F4E0433E
:10F4D000B3F5005F42D10123C6F302218B4006F44D
:10F4E000E041B1F5005FDBD10120C6F3022600FA4E
:10F4F00006F4D5E7B1F1707FD2D1F0E700242346BE
:10F50000CEE71FB9C5F30541A1421DD0290403D59B
:10F51000C5F3054098428AE71A4B9D4202D1B2F1E9
:10F52000082F6AE725F0004323F47F03B3F1106F3F
:10F530000CD102F0FE43B3F1106F07D11248104016
:10F5400040F01060A84258E7012059E7002057E733
:10F55000002B7FF446AF4FE7002397E70023BEE779
:10F560000002000600130006FF0000020040000633
:10F570000093C004000140050000C07FD4F90300DF
:10F58000D4F903000002C0030000FFF670B5054681
:10F590000F480E4606F0ADFD044618B16FF08F041B
:10F5A000204670BD6B6933602B7F012B0ABF02239D
:10F5B00030602B77064818BF6FF0960406F09FFD69
:10F5C0000028EDD0002CE9D06FF09604E8E700BFEA
:10F5D0007C17002038B50C4C0C4806F08AFD657885
:10F5E0000A4806F08CFD0A4806F083FD022D08D17A
:10F5F0002478E31F5C425C41054806F080FD20460C
:10F6000038BD0024F8E700BF706B00204C170020C5
:10F61000641700202DE9F047894615461C4600F086
:10F62000C5FC0646002851D1D9F80070B7F800A0F3
:10F630000AF4E043B3F5804FBB6808BF25F001052D
:10F6400035EA03033AD1002C40D0B5F5006F40D025
:10F65000A5F5005255425541284A24F4FF7323F082
:10F660000103934213D0264924F0FF028A420ED0B0
:10F6700024F47F7020F00300A1F57061884206D069
:10F6800001F5A0618A4202D01E4A934223D114F0B0
:10F69000FF0304D01C4A43F00073934222D02B4650
:10F6A00022465046F968FFF73FFE804670B92B4668
:10F6B000224650463969FFF737FEE0B96FF08406FD
:10F6C00000233846C9F8003000F03AFD3046BDE866
:10F6D000F0870125C0E704F0FE43B3F1407F04D179
:10F6E0002304DCD56FF08606EAE7B3F1A06FF7D00C
:10F6F000054B9C42D2E74646E8E700BF0002000601
:10F700000013000600460006FF00000238B500F0B6
:10F71000FE43B3F1407F04460D4602D06FF08600F1
:10F7200038BDFFF7E1FD0028F8D114F47C1F18D094
:10F73000C4F30543032B137022D9224A2240B2F1AD
:10F74000607F31D1E4B244F0007404F17E44033CA4
:10F75000122CE3D81C4A125D9342DFD8202BDFD94C
:10F760000EE0184B2340B3F1607F0FD1E3B243F0BA
:10F77000007303F17E43033B122B04D90023137063
:10F780006FF08500CCE71149CB5CD3E7B3F1707F14
:10F79000F4D101F4E043B3F5005FEFD10123C1F3ED
:10F7A00002218B40DBB2C5E7B2F1707FB6D105F420
:10F7B000E042B2F5005FB1D10122C5F30225AA40B3
:10F7C000CAE700BF0000C07FD4F90300D4F90300EA
:10F7D0002DE9F3414768D0F81480044638460E46B8
:10F7E00006F065FF0546E8B9FFB22FB9B8F1000F82
:10F7F00005D06FF0860515E0B8F1000FF9D0A368C9
:10F8000023F0031323F47F43002BF2D14FF6F87358
:10F8100062889A4228D81648277906F06AFC28B1EF
:10F820006FF08F05284602B0BDE8F08107B901A846
:10F83000314600F071FB05460D4806F060FC10B142
:10F84000002DEFD1ECE7002DECD10FCCD6F800C0A5
:10F8500066460FC694E8070086E80700002FE1D14E
:10F86000019BCCF81430DDE76FF08505DAE700BFC7
:10F870007C17002010B5044650B1064806F039FC4C
:10F88000204606F06DFDBDE81040024806F037BC8A
:10F8900010BD00BF7C17002013B5044610B301A9AA
:10F8A00000F084FB0446E8B91F4806F022FC58B17A
:10F8B0000024019806F0E6FE002818BF04461A4806
:10F8C00006F01DFC70B10AE00198037F032B11D1F3
:10F8D00006F0D8FE0446144806F011FC28B10CB915
:10F8E0006FF08F04204602B010BD002C08BF6FF0EF
:10F8F0008704F7E7022B10D1032303770379FF2B4B
:10F900000ED04369094A03F14043A3F58053934263
:10F91000CED800F0BFFD0446CBE76FF09604C8E7F1
:10F920006FF08404C5E700BF7C170020FFDFFF3FB6
:10F930002DE9F04190461E46002288B00388054616
:10F940000F460592CDF81C803260B8F1000F65D0EB
:10F95000B8F1005F80F0A18023F0FF03B3F5E24F20
:10F9600002D0B3F5824F25D1284606F0D7FB0446D6
:10F97000002840F08680EB6883B16A8872B12B88DA
:10F9800003F44F41B1F5824F02D0B1F5884F05D154
:10F99000DBB2222B36D02CD8122B38D03A4600239B
:10F9A00008EB070112F8010B8A4243EA0003F9D180
:10F9B000002B33D0284605A9FFF70AFF0446A0B95B
:10F9C000059B9B6A6BB3059B39465A88284606926D
:10F9D00006AA029203F1280201929A6A00925B6AD7
:10F9E000424600F01BFC044680B30598FFF742FF37
:10F9F00047E0273BDBB21B2BD0D8294921FA03F380
:10FA0000DB07CBD50732B8EBD20FC7D206E040F206
:10FA100009239A42F6D1B8F1400FBFD86FF086049F
:10FA20002FE06B681B0A07D10799059806F058FC70
:10FA300004460028C7D0D8E742463946284607ABD7
:10FA400000F094FB04460028EED0CEE70599069B13
:10FA50004A88D2B94B804FF6F873069A9A4219D861
:10FA60002B88059813B102889A4210D16B8813B184
:10FA700042889A420BD13146FFF788FD04460028A0
:10FA8000B3D1204608B0BDE8F0819A42E3D06FF0D0
:10FA90008604AAE76FF08504A7E76FF08504F0E716
:10FAA0000102000C38B504460D46FFF793FD30B156
:10FAB0002A462146BDE83840024806F022BE6FF0D3
:10FAC000880038BD746B0020002273B503880A607B
:10FAD0000092428804460D46002A00F0FF8002880A
:10FAE00002F4E042B2F5804F00F0F88023F0FF030B
:10FAF000B3F5E24F02D0B3F5824F04D1204606F0B1
:10FB00000DFB0646D0B969462046FFF761FE064662
:10FB100060BB009B9B6AA3B10099204601F12803BA
:10FB2000D1E9091200F052FB06460098002E40F081
:10FB3000D2802946FFF72AFD0646B8B9304602B002
:10FB400070BD63681B0A40F0BD802288618802F4A2
:10FB5000E043B3F5805F0DD0B3F5005F0AD002F447
:10FB60004F40B0F5824F1ED06FF085060098FFF72A
:10FB700081FEE3E7104606F084FB06460028F5D137
:10FB800047F201039A4220D14B080133DB0803EB13
:10FB9000C3033B330193DDE9000106F0A1FB0646F8
:10FBA0000028B9D0E2E7B3F5E04FDDD147F2010319
:10FBB0009A42E9D022F0FF03B3F5884F15D1CB1D4F
:10FBC000DB0803EB43030133E4E744F201039A4209
:10FBD00002D1CB081033DDE722F0FF03B3F5E84F85
:10FBE000EAD1CB1DDB085B00D4E7B3F5EE4F67D05D
:10FBF000B3F58E4F02D1CB1DDB08CBE702F44F40AB
:10FC0000B0F5824F02D0B0F5884F06D1D0B242286D
:10FC100001D1CB08D7E74128EDD0B3F5E24FEAD0C8
:10FC2000B3F5824F03D1CB1DDB085B00CBE744F279
:10FC30000D039A4224D844F201039A42DBD9A2F57B
:10FC40008042023A0B2AD6D801A353F822F000BF13
:10FC500095FC0200F7FB0200A1FC0200F7FB02008A
:10FC6000F7FB0200A9FC0200B1FC0200F7FB020056
:10FC7000F7FB0200B9FC0200F7FB0200B9FC02002E
:10FC800047F202039A421BD047F204039A42B2D1D0
:10FC900040237FE74FF4A0724B095343203379E7A9
:10FCA0004FF4C0720B0AF8E7CB1DDB08183371E77D
:10FCB000CB1DDB081C336DE7CB1DDB08023392E75D
:10FCC000202367E7204601A900F068FA06460028CD
:10FCD0003FF461AF4AE706F038FB47E76FF086066E
:10FCE0002CE700BF10B51B4C1B4806F002FA237826
:10FCF000590744BF03F0FB0323709A0705D500F0B2
:10FD0000F1F8237823F002032370134806F0F7F983
:10FD1000124806F0EEF9637813B1114806F0F4FCCE
:10FD2000002304210E486370FFF7D2FA0B4806F057
:10FD3000E6F9094806F0DDF92378DB0705D506F07A
:10FD4000BFFC237823F0010323700348BDE8104073
:10FD500006F0D5B9706B0020641700204C17002006
:10FD6000746B002070B5FFF735FC10B100242046FD
:10FD700070BD344806F0BDF9044620B16FF08F0421
:10FD8000FFF7B0FFF3E7304D2B789E0706D400F065
:10FD9000A1F804462B7843F002032B70294806F0A3
:10FDA000AEF910B1002CE9D0EAE7002CE8D12548E3
:10FDB00006F09FF904460028E0D12B78D80706D436
:10FDC00006F07CFC04462B7843F001032B701D48A1
:10FDD00006F095F90028E5D1002CD1D1194806F09C
:10FDE00088F90028CAD117482E7806F088F900282B
:10FDF000C4D1164806F07DF904460028BED16B78C0
:10FE00003BB9F10705D5124806F078FC02230446F9
:10FE10006B700E4806F073F90028C3D1002CAFD1E7
:10FE2000084806F066F90028A8D12B7805485A073B
:10FE30005CBF43F004032B7006F061F9002895D0F5
:10FE40009CE700BF64170020706B00204C17002057
:10FE5000746B002038B500F140430F2B0CD82C22D6
:10FE60001A4C02FB0344237F022B02D163698342B5
:10FE700024D06FF08B001AE06FF04042441E944291
:10FE80000ED2124B00221C461D7F022D02D15D694D
:10FE9000854210D00132102A03F12C03F4D1E8E797
:10FEA0000B4AA3F580539342EBD96FF0870038BD1E
:10FEB0006FF09600FBE72C2303FB0244204606F07C
:10FEC000D4FB0028F4D10C60F1E700BF786B002070
:10FED000FFDFFF3F0122024B002083F8C022704762
:10FEE000786B00202DE9F0410A4C002526464FF0A2
:10FEF000010803272046C4F820802777013506F043
:10FF00002FFA102D04F12C04F4D1002386F8C0320E
:10FF1000BDE8F081786B0020F8B5214D06462148F8
:10FF20000F4606F0E6F895F8C0421E4806F0E7F8DE
:10FF30007CB300242B462246197FD1B13CB902295B
:10FF400005D1196A19B91979002918BF1C4601325F
:10FF5000102A03F12C03EFD114B96FF08C0006E0E6
:10FF6000204606F082FB204606F0FAF910B1002484
:10FF70000DE01C46237F7BB90123237736B10A4B62
:10FF8000651BAD105D4305F18045356000203C6088
:10FF9000F8BD6FF08800EAE76FF09600E7E700BF72
:10FFA000786B002064170020A38B2EBA0023F0B5D5
:10FFB000054691B05E480B600E4606F09AF85D4B20
:10FFC0005B4893F8C04206F09AF8002C00F0AC8031
:10FFD000594806F08EF8074620B16FF08F0420468E
:10FFE00011B0F0BD31462846FFF734FF10F18C0FF9
:10FFF000044607D0504806F082F80028EFD0002CC5
:020000040003F7
:10000000EDD1EAE73846FFF787FF074620B14A48B7
:1000100006F075F83C46E2E70122336801465D616F
:10002000336809A85A601C22356807F054FC002286
:1000300000236869CDE90623404A00F14043A3F557
:1000400080539342CDE9047703971DD806AA03A9EC
:1000500006F05DFB0446B8B9039B6A690A93DBB2FC
:10006000002B08BF00220346CDE90000DDE90601B0
:100070000E9209AA00F060F910F18A0F04460ED022
:10008000002808BF6FF09604306806F069F914F193
:100090008C0F08BF6FF0870400233360AAE704A920
:1000A00009A800F07BF804460028EDD12846049901
:1000B00006F016F904460028E6D1DDE9060105AB95
:1000C0000193AB6A09AA00936B6A00F035F9044604
:1000D00018B1284606F039F9D6E72C46059BAB62E5
:1000E00009AD0FCD0FC495E8070084E8070032681A
:1000F0009368D80414D4990444BF43F40063936014
:1001000033681A7F012A04BF02221A77306806F08A
:10011000ACFA044600283FF46DAF6FF09604BBE7DD
:1001200043F480639360E6E76FF0880457E700BF0D
:1001300064170020786B00207C170020FFDFFF3F52
:1001400010B50446084805F0D4FF40B9204606F033
:1001500099FA0446044805F0D2FF10B10CB96FF0CB
:100160008F04204610BD00BF7C17002010B4194634
:10017000002443680C60074C1A0AB4EB132F02D01A
:10018000054B9A4202D110BC00F026BB6FF08600EE
:1001900010BC7047004E80004B4E800010B400240D
:1001A00043680C60074C1A0AB4EB132F02D0064BBD
:1001B0009A4202D110BC00F00FBB6FF0860010BC59
:1001C000704700BF004E80004B4E80002DE9F0418B
:1001D000456804462D0A0E461746984606D00E4C32
:1001E000A54214D06FF08600BDE8F08105886D044B
:1001F00007D443463A4631462046BDE8F04106F072
:100200001FBA00F041FE10F1860FEDD1F1E7BDE815
:10021000F04100F039BE00BF4B4E80002DE9F04F99
:10022000DFF880B0D0F804E085B0BBEB1E2F0446A9
:10023000DDE90E890D4616461F46DDF840A04FEA5F
:100240001E2C1CD0DFF860E0F44518D0BCF1000F84
:1002500022D1CDE9019ACDF8008000F091FD10F196
:10026000860F1BD13B46324629462046CDE90F9AE0
:10027000CDF8388005B0BDE8F04F06F044B83B46F5
:10028000324629462046CDE90F9ACDF8388005B090
:10029000BDE8F04F00F074BD6FF0860005B0BDE81A
:1002A000F08F00BF004E80004B4E800030B4446899
:1002B000240A06D0064DAC4206D030BC6FF0860052
:1002C000704730BC06F069B830BC06F0E3BB00BF35
:1002D0004B4E80002DE9F7430D46DDE90A891646AD
:1002E000134942681F46B1EB122F04464FEA12230E
:1002F0000ED0104A934200D0ABB93B463246294655
:100300002046CDE9008900F0F7FC10F1860F0CD1F2
:100310003B46324629462046CDE90A8903B0BDE86E
:10032000F04300F0E9BC6FF0860003B0BDE8F08355
:10033000004E80004B4E8000F0B4DFF82CC05468B3
:10034000DDE90456BCEB142F4FEA142702D0074C0A
:10035000A74204D1CDE90456F0BC00F001BE6FF015
:100360008B00F0BC704700BF004E80004B4E8000F9
:100370002DE9F043DFF84490DDB2446845F00075A4
:100380004D45DDF82C804FEA1424DDE90767DDE9EF
:1003900009CE0CD014B10A4DAC420CD1CDE90AE81B
:1003A000CDE9087C0796BDE8F04306F083BA6FF00C
:1003B0008500BDE8F0836FF08600FAE705000002D3
:1003C0004B4E8000F7B5089E0E4FF5B2044645F03F
:1003D00000754868BD424FEA10200DD010B10A4D9B
:1003E000A8420CD1009604F1080006F058FA08B9AA
:1003F0000523236003B0F0BD6FF08500FAE76FF0CE
:100400008600F7E7050000024B4E8000F7B5089E16
:100410000E4FF5B2044645F000754868BD424FEAFC
:1004200010200DD010B10A4DA8420CD1009604F155
:10043000080006F036FA08B90523236003B0F0BDC2
:100440006FF08500FAE76FF08600F7E7050000021D
:100450004B4E80002DE9F04144681D46DDE9087CE3
:10046000DDE90636240ADDF828E003D0DFF8208035
:10047000444508D1CDE909E5CDE9077C0696BDE8FC
:10048000F04101F0CBB86FF08600BDE8F08100BF0D
:100490004B4E80004268044BB3EB122F01D106F0A3
:1004A00030BB6FF0850070474B4E800010B50C4C90
:1004B000206801F0BFFE0B4A1368591C11604BB94C
:1004C000094A4820D2F8003443F00703C2F8003448
:1004D000EDF700FD2068BDE8104001F0C1BE00BF8F
:1004E000A01700203C6E00200080045038B5164D47
:1004F000286801F09FFE154B1C68013C1C60ECB99C
:100500004820EDF7F5FC0722114BC3F80823D3F878
:10051000002422F00702C3F80024C3F80041D3F8F6
:100520000021C3F80441D3F804214FF48072C3F8CA
:100530000841D3F80831074BC3F888212868BDE883
:10054000384001F08DBE00BFA01700203C6E002097
:100550000080045000E100E070B5154D154E2B6889
:10056000B34222D0FFF7A2FF01F0E8FA124A134B80
:10057000134952F8040B43F8040B8B42F9D101F0F4
:100580002DFB38B106F0C5F80446FFF7AFFF3CB9C4
:100590002E6005E000F0E0FE044618B1FFF7A6FF6C
:1005A000204670BD06F04CFBEEE70024F8E700BFE4
:1005B0009C170020117365009095030000C08051C6
:1005C0001CD38051F8B505460E4618461C21174627
:1005D0001C4607F03CF96B6821491A0AB1EB132F4E
:1005E0001BD1204A337822611F4A13F00303E260D3
:1005F00066610CD0023303F00303012B26D86B880D
:100600000733DB086360194B23600020F8BD6B885B
:100610000733DB086360164BF6E7164B9A4212D19C
:100620006A69154B1344022B13D90023224642F862
:10063000183FC4E9033362616A69104B9A4201D1E1
:100640002023E7E747B1C4E90067DEE76FF08400E5
:10065000DCE76FF08500D9E76FF09600D6E700BFC2
:100660004B4E8000D10F0300096C030000000020F6
:1006700040008151004E8000FF3F008004C0FF7F9A
:100680000022074BC3F81021C3F80C21C3F8002146
:10069000C3F80421C3F80821C3F81421704700BF30
:1006A0000050045008B5FFF7EBFF01230360104B27
:1006B0000A6832B9D3F80C211AB9D3F80821002AF4
:1006C000F6D00B687BB90B4B99420ED0A3F584731F
:1006D000D3F80831002B14BF6FF002004FF0FF3049
:1006E000FFF7CEFF08BD0020FAE74FF0FF30F7E735
:1006F000005004500851045070B506460D46F9B13B
:100700004B6913F00F0408D00F491048552202F02E
:1007100067FA55210C4802F05AFA2146012005F0EB
:10072000BDFA0B480B49C0F80065C0F80455FFF747
:10073000B9FF21460546204605F0B0FA284670BDAF
:100740006FF00105FAE700BF3DF6030012B30300A6
:100750000050045000510450034B0449C3F80005F5
:100760000348FFF79FBF00BF0050045004510450DE
:100770000450045010B504460021012005F08EFA03
:10078000064B0749C3F800450648FFF78BFF0021D9
:100790000446084605F082FA204610BD0050045079
:1007A000085104500850045038B50C4659B1074D53
:1007B0000749C5F800050748FFF774FF10B9D5F8D9
:1007C0000835236038BD6FF00100FBE7005004508E
:1007D000105104500C50045070B51C4E44680288EF
:1007E000B6EB142F43884FEA142514D14069184BF7
:1007F00098420CD003F5FF437D330344012B22D8EC
:10080000B2F5105F1FD1022300200B6070BD47F2CC
:1008100012139A42F6E70F48854214D102F44F4072
:10082000B0F5824F09D144F21210073382424FEAE9
:10083000D303E9D15B000133E6E7B2F5885FE2D18B
:100840000733DB08E0E76FF08600DFE7004E80004B
:1008500001C0FF7F4B4E800000212DE9F04306468A
:1008600095B0084601F0E2F80DF12705044625F0A1
:100870001F0520B115B0BDE8F04305F04ABF4FF0A9
:100880001009DFF88080012210211F4805F0ADFF1C
:100890001D4A2B19009320211023CDF80490A2F1BA
:1008A000200000F019FF074650B1002001F0ACF81D
:1008B000384605F02EFF0746384615B0BDE8F083F0
:1008C000D8E90C321034013342F10002302CC8E96F
:1008D0000C32D8D101F098F826B12246314628468C
:1008E00005F076FF2E46074C0FCE0FC496E80F009A
:1008F000203584E80F0095E80F00103484E80F00DD
:10090000DAE700BFC0570020E0570020F0B5194DCE
:10091000194FAB6B8DB0BB4229D0184E306801F037
:1009200089FC402300221946284606F085FF302125
:10093000684605F08AFF044678B96846FFF78CFFE1
:10094000044690B9302302461946684606F074FF03
:1009500001220023C5E90C23AF63306801F080FC5D
:10096000204605F0D6FE0DB0F0BD0E24F5E70020C0
:10097000F9E700BFC0570020B4A5B4A5A417002014
:100980002DE9F04F99B00DF1570902F10F0A044615
:100990008846154629F01F094FEA1A1A32B1002974
:1009A00000F08580B2F5803F00F28180414F424ED9
:1009B000386801F03FFCD6E90C32134308D12046D9
:1009C000FFF7A4FF044618B1386801F049FC5AE06B
:1009D000D6E90C231AEB020243F10003B3F5803F82
:1009E00014D3302102A805F030FFF8B902A8FFF7B0
:1009F00033FF04460028E7D130230246194602A8F7
:100A000006F01AFF00220023C6E90C230021084645
:100A100001F00CF8044660B910249DB9284600F096
:100A2000F3FF2846FFF718FF0446CDE76FF0920466
:100A3000CAE7386801F014FC204619B0BDE8F04F51
:100A400005F067BE102D4FF001024FF010011B485A
:100A5000AB4628BF4FF0100B05F0C7FE174A102316
:100A60002021CDE90094A2F1200000F035FE82465D
:100A700068B1002000F0C8FF386801F0F1FB504673
:100A800005F047FE0446204619B0BDE8F08F5A46EF
:100A90004046494606F012FFD6E90C32013342F1D6
:100AA0000002C6E90C32A5EB0B05D844B5E76FF0A0
:100AB0008604E8E7A4170020C0570020E057002074
:100AC0002DE9F041069C04F0FE45B5F1407F08D0C9
:100AD0001F4920481A2202F083F81A211C4802F00C
:100AE00076F805686DBB14F47C1604600BD0C4F373
:100AF0000546194D24F47E14AC42466025D1BDE86C
:100B0000F04100F079B8154D2540B5F1607F0AD16C
:100B1000E5B245F0007505F17E45033D122DE8D89C
:100B20000F4E765DE5E7B5F1707FE2D10D8805F4F3
:100B3000E047B7F5005F02BF0126C5F30225AE40CE
:100B4000D7E76FF08800BDE8F0816FF08500FAE725
:100B500090F6030012B303000002C0030000C07F40
:100B6000E7F9030010B4046844B15AB1084B24F407
:100B70007E149C4208D110BC05F0D4BE6FF08800F2
:100B800010BC70471046FBE76FF08500F8E700BF28
:100B90000002C003F8B51E46036805460F4603B3BE
:100BA00011B34168914222D8124A23F47E13934232
:100BB00011D105F037FF044678B905F10C0138462C
:100BC0006A6806F07BFE6B684FF4C271284633609A
:100BD00006F03DFE03E06FF09604002333602046EC
:100BE000F8BD6FF08804FAE76FF08604F7E76FF05E
:100BF0008904F4E70002C0032DE9F0410E461C46CB
:100C000033880546B3F5105F11463DD10F2C0BD844
:100C100073681F481A0AB0EB132F07D01D4B9A4276
:100C200004D06FF086042CE0202CFAD805F5B277BA
:100C30002246384605F5A47806F040FE2246434693
:100C400039463046FFF7BEFC0446D0B905F16406CC
:100C50000121304600F0EAFE18B1BDE8F04105F090
:100C600058BD414605F1500000F084FD0446304671
:100C700000F0CAFE0CB12046EFE7102385F84C4087
:100C8000AB602046BDE8F0816FF08504F9E700BF56
:100C90004B4E8000004E8000602A2DE9F041054651
:100CA0000F4616461FD8DFF84880D8F8000001F03C
:100CB000C1FA284605F0A8FF044620B93246384656
:100CC0000C4906F0FBFD284600F082F90546D8F8ED
:100CD000000001F0C5FA002D14BF28462046BDE8EB
:100CE000F04105F016BD6FF08900BDE8F08100BF4E
:100CF000A8170020000000202DE9F0410E46DDE994
:100D000006EC17461C4643B91B4920221B4801F03C
:100D100067FF2021184801F05AFFBCF1000F06D1EF
:100D200015492122154801F05BFF2121F2E74FF020
:100D300000080588CCF80080BEF1000F15D025F022
:100D4000FF05B5F5E24F03D1BDE8F04101F02CB944
:100D5000B5F5824F0DD17346224639463046CDF85F
:100D600018C0BDE8F04106F0CFBA6FF08600BDE8CC
:100D7000F0816FF08500FAE7E6F6030012B3030096
:100D80002DE9F04F8DB00446DDE91678894692468C
:100D90001D46189E43B939497822394801F020FF91
:100DA0007821364801F013FFB8F1000F06D133491E
:100DB0007922334801F014FF7921F2E736B92F493F
:100DC0007A222F4801F00CFF7A21EAE74FF0000C5D
:100DD000B0F800E0C6F800C0C8F800C0002F47D047
:100DE000D0F804C0DFF89CB04FEA1C2CCDF80CC042
:100DF000D0F804C0BBEB1C2F26D104A9D0F814B046
:100E0000FFF7EAFC0146C0B9049B9F4219D35FFA81
:100E10008BFB594653464A46204600F037F90146B7
:100E200058B92B465846CDE9007805AA00F0F4FAE7
:100E3000014610B9BDF81630336008460DB0BDE864
:100E4000F08F6FF08901F8E7039CA4B92EF0FF043E
:100E5000B4F5E24F04D10DB0BDE8F04F06F0E2B9B1
:100E6000B4F5824F07D10DB0BDE8F04F06F001BADE
:100E70006FF08601E1E76FF08501DEE7E6F603003B
:100E800012B303004B4E80002DE9F0430546164691
:100E900098460F4693B041B92E49EA222E4801F0F8
:100EA0009FFEEA212B4801F092FE33B92949EB223B
:100EB000294801F095FEEB21F4E7D0F804C0DFF8F3
:100EC0009C900488B9EB1C2F4FEA1C2E2DD1428830
:100ED0000732B2F5C47F4FEAD20937D224F0FF02BD
:100EE000B2F5E24F11D14A4606A906F02FF948B9EA
:100EF00005ABCDE901834A463B462846009606A944
:100F0000FFF73EFF13B0BDE8F083B4F5105F06D0E5
:100F1000B4F5885F03D042F204039C4216D14A46DE
:100F200006A90020FFF72CFDE1E7BEF1000F0DD16F
:100F30004AB124F0FF04B4F5E24F07D113B0BDE885
:100F4000F04306F003B96FF08600DBE76FF0850031
:100F5000D8E700BFE6F6030012B303004B4E800053
:100F600030B4074C041961F10005032C75F100053C
:100F700002D330BC00F050BA6FF0850030BC70472F
:100F8000FF3F00806029F8B505460E4618D80E4F81
:100F9000386801F04FF9284605F036FE05F0B9FB38
:100FA000044640B909493246284606F087FC6021CC
:100FB000064806F04CFC386801F052F92046F8BDAE
:100FC0006FF08904FAE700BFA81700200000002096
:100FD00008B503789B0705D00548602106F037FC6B
:100FE000002008BD05F02CFE0028F5D00220F8E70F
:100FF00000000020F7B5244943680446B1EB132FE5
:10100000DAB23DD1032A03D16FF0840003B0F0BD02
:10101000466901A9F5B2284605F0A0FD0028F5D1E2
:1010200021466A46019805F06EFD044610BB009FFC
:10103000A74218D89DF8043007F0070223F01F03D9
:1010400043EA820301A88DF804308DF80560FFF7AC
:10105000BFFF3946284605F09CFD70B903B0BDE8D6
:10106000F04005F0AEBD6019FFF776FB0028CBD14C
:101070000134DCE76FF09800C8E76FF09200C5E735
:101080006FF08B00C2E700BF4B4E80002DE9F04FA0
:1010900089B005460E4617461C4605F092FD00280D
:1010A00040F030816B690090C3F3013262F30510A8
:1010B0008DF8000010F0300008D1A968890710D021
:1010C0006FF08608404609B0BDE8F08F102808D1BF
:1010D000BDF8023023F4F87343F4A873ADF802307E
:1010E00089E0E96801F0FE4CBCF1A06F0BD0DFF89D
:1010F0004CC261450AD0DFF848C2614515D0DFF81F
:1011000044C261450ED0DBB2F82B07E01421009BEE
:1011100061F3933300932B88B3F5105F1BD06FF00E
:101120008508CFE72421009BF2E7AB685B04F6D586
:101130002B8803F44F41B1F5824F02D0B1F5884FAF
:10114000EDD1DBB2122B01D0412BE8D13821009B2D
:1011500061F39333009300234FF0010B9846194637
:101160009C46D5F808E0DFF8E09159F804AB1EEA98
:101170000A0F08D00BFA0CF343EA080303F07F08C8
:10118000012341EA0A010CF1010CBCF1070FECD17B
:101190002BB19DF8033068F347038DF803303EEA26
:1011A0000101BCD16B88FF2B39D005D8802B38D0FA
:1011B000C02BB4D1022306E0B3F5807F33D0B3F562
:1011C000C07FACD106239DF8021063F306118DF8A1
:1011D000021018B91EF0030F7FF472AF2B79022BA7
:1011E0002ED022D8012B7FF46BAFBDF8021063F331
:1011F000C811ADF80210012A3AD0032A25D0002ADE
:101200007FF45EAF2B88B3F5105F88D1182C04D023
:10121000202C02D0102C7FF453AF4C4D2CE0032334
:10122000D1E70123CFE70423CDE7032B02D0FF2B27
:101230007FF446AF0221BDF8023061F3C8134DE7D9
:10124000BDF8023043F4C07348E7202C05D006D81F
:10125000102C02D0182C7FF433AF3D4D0CE024F05D
:101260002003412B01D0302CF5E70137013CF4E796
:10127000302C7FF425AF374D4FF000080F344FEA84
:10128000141906EB080005F0D6FA002852D008F130
:101290000108C145F5D11F2C2ED11C22002101A827
:1012A00006F019FB4FF0000B4FF0FF3A05EB0B1265
:1012B0004FEA0B130692BBF1000F26D1009A07925A
:1012C000BDF802203B44C2F3C11205920DF1040C9B
:1012D00003F1100E624618685968083303C273455B
:1012E0009446F7D101A906EB0B00FFF705FA8046FB
:1012F00070B105F066FC05E04946304605F049FC52
:101300000028CAD06FF09208DCE6CDF81CA0D7E721
:101310001C2101A80BF1010B06F099FAD945C5D1A2
:101320001F2C3FF4CFAEBA20FFF724FA00283FF479
:10133000C9AEE7E76FF08A08C4E600BF0044400486
:10134000000002090002C003ACA803004000815164
:10135000000000201084045010B590B01C22002121
:1013600001A806F0B8FAF82005F065FA00B32022CB
:1013700000200DEB0201FFF703FB0446F0B94FF428
:101380008071104A104B01A8CDE901230F4BCDE924
:1013900003130F4BF821069320230DEB0302FFF7F5
:1013A00075FE202104460DEB010006F050FA05E021
:1013B000F92005F040FA0028D9D10446204610B0A3
:1013C00010BD00BF00240001014B4E800010C0047E
:1013D000F800FF7F73B5C5B20E46284601A9144632
:1013E00005F0BCFB88B9BDF80630C3F3C113013B5F
:1013F000DBB2022B8FBF6FF08600054AD25C054B33
:101400009EBF13433360C4E9005002B070BD00BFFB
:10141000FAF90300004B4E802DE9FF41884601A9EF
:10142000064614461D460A9F05F098FB48B9B6F1DA
:10143000F80348F1FF38022B78F1000804D26FF06E
:10144000860004B0BDE8F08105F0BBFB002861D147
:10145000002CF4D09DF8041011F00F0240F0C3806E
:10146000BDF80630C3F3C113013BDBB2022B00F21F
:10147000BD80634801F03008C05C624BB8F1100FCA
:1014800043EA000363602AD15F4B2360204602A930
:10149000FFF7A2F90028D4D1029BBB4200F2AC8036
:1014A00044F2121221880198914204BF042205F8E7
:1014B000012B0B9A214613609DF804302A78C3F360
:1014C000011363F301022A7003AA08BF07F1FF3773
:1014D00005F019FB002870D06FF09800B1E71346B3
:1014E0009DF807C0DFF824E14FEA5C00A8B9D004FA
:1014F00054BF134642F48063990448BF43F4006329
:10150000A360019BC3F38533242B35D0382B0ED039
:10151000142B35D06FF0920093E7C10704D5062B4A
:1015200067D85EF823100A4340080133DEE747F22C
:10153000121347F2411C9DF8060000F0700030289D
:1015400008BF63463248E0609DF806002380C0F380
:10155000021001380528BFD80FF2040C5CF820F007
:10156000B715030089150300A7150300AB15030089
:10157000D9140300B11503004FF410532548E2E7D6
:101580004FF410532448DEE7C0206080B8F1000F0C
:101590007FF47CAFB3F5105F02D193073FF476AFD1
:1015A0006FF096004DE7FF20EFE74FF48070ECE717
:1015B0004FF4C070E9E78020E7E72B78039A6E705C
:1015C00062F384032B70238803F44F42B2F5824FF9
:1015D00004D139462846FFF7D5FC32E7B3F5885FDA
:1015E0007FF42FAFF5E76FF088002AE76FF09100E6
:1015F00027E76FF0830024E76FF0890021E700BF41
:10160000FAF90300004B4E8001108001ACA80300E2
:10161000000002090002C003004440042DE9F04725
:101620000688174606F44F4286B0B2F5824F9946B7
:10163000DDE911A3884602D0B2F5884F1DD1F6B27C
:101640000024224D41881D4023F0004323F47F03F2
:10165000B3F1106FCAF800401D4B45F010650ED174
:101660009D420ED1038823F0FF03B3F5E24F0ED065
:101670006FF0860006B0BDE8F0870026E0E79D42E7
:1016800002D0144B9D42F3D16FF08500F2E7304653
:1016900005AA00F079FBB8B9059B5B68BB42E7D1AE
:1016A000304600F0B1FB0028EED0109B3A46029382
:1016B0000F9B414601930E9B05980093CDF80CA01B
:1016C0004B4600F0CDFCD5E72046D3E70000FFF6FF
:1016D000000002090000010937B54FF4807401943D
:1016E000214C41F00051A16140F6110143F000533B
:1016F000A3622123E16104F12001616101212262E1
:10170000E362069A194B01AD1A60079A256042F010
:1017100000521125C3E901122022DFF854C02061D4
:10172000C4E902C504F1100565606162DA60BFF3C7
:101730005F8F4FF0A3421460BFF35F8FBFF35F8FE3
:101740001361BFF35F8FBFF35F8F03235363BFF357
:101750005F8FBFF35F8F9363BFF35F8F05F0FBFA7B
:10176000431CFBD003B030BD506E0020406E002003
:101770000400002038B504460D4619B10A688B688C
:101780001AB953B96FF0210029E033B94B6823F03F
:101790000802102A01D0202B36D12561EB68D3B97D
:1017A0001B4B04F17801236001236360AB6804F1F3
:1017B00014009A069B01DBB202F0E0421A4342F4A5
:1017C0008032112300F026F8AB684BB100201023C3
:1017D000C4E9020303E0686998470028E0D038BDF7
:1017E0002A68A3691A606B68A26943F0005393608A
:1017F0002268A36992699268DA60A3691033A361D1
:10180000636801336360E1E76FF04100E7E700BF21
:10181000C8A80300026100F11402826000F1100206
:101820004160C2600A604268034991604268D360C7
:10183000436810334360704704000020BFF35F8F9C
:10184000094A1368BFF35F8F43F48071BFF35F8F62
:101850001160BFF35F8F23F48073BFF35F8F13605A
:10186000BFF35F8F704700BF0010805108B5FFF7CE
:10187000E5FFBFF35F8F064A1368BFF35F8F43F046
:101880000103BFF35F8F1360BFF35F8F08BD00BF1D
:101890000010805170B50026C0E9006605460C4670
:1018A000FEF704FE01232B70FFF7C8FFBFF35F8F25
:1018B000204BDB68BFF35F8F9B08013BACB3226812
:1018C00042B19A4205D9FEF711FE6FF03F002E702B
:1018D00070BD1346D4E90115E068002908BF4FF434
:1018E0000071002808BFF1202469BFF35F8F114AFF
:1018F0009360BFF35F8FBFF35F8F1564BFF35F8F9C
:10190000BFF35F8F5064BFF35F8FBFF35F8F51638F
:10191000BFF35F8F44F4802444F00104BFF35F8F72
:101920001460BFF35F8F0020D2E74FF40071F12005
:101930002546DAE70010805170B503780D4614464D
:10194000002B52D0BFF35F8F2C4A136BBFF35F8F16
:1019500003F00E010A294BD013F00C0F02D14FF007
:10196000FF3070BD4368D3B9BFF35F8F5368BFF3D7
:101970005F8F032BF3D9224B2249BFF35F8FD2F83D
:101980008060BFF35F8FBFF35F8F43F8046BBFF3DB
:101990005F8F8B42F1D1FFF769FF01234360BFF3F3
:1019A0005F8F164B9A68BFF35F8F0132B4EB021F53
:1019B00021D8BFF35F8F5A68BFF35F8FB4EB820FFC
:1019C000CDD884B1BFF35F8FD3F88020BFF35F8F92
:1019D000291D05F8012BA9424FEA122204F1FF3418
:1019E000EFD0002CF5D10020BBE76FF02000B8E766
:1019F0006FF05100B5E76FF03F00B2E70010805183
:101A0000101080512010805110B5044608B10378A1
:101A100043B1FEF76BFD044B186800F021FC0CB1DC
:101A20000023237010BD00BFA817002073B50D461A
:101A30000646FEF73BFD15F0010509D001A800F0B0
:101A40007FF9044620B1FEF751FD204602B070BD7B
:101A5000184B186800F0EEFB0EB101233370BFF392
:101A60005F8F4FF0A3430022DA61BFF35F8FBFF3B4
:101A70005F8F4FF0FF321A63BFF35F8FBFF35F8F4B
:101A80003422DA61BFF35F8F01220B4BC3F80423CA
:101A900075B1019805F049FC042104460DEB0100E5
:101AA00005F0D5FE002CD0D03046FFF7ADFFCCE7D7
:101AB0002C46CAE7A81700200080045038B51A4CFD
:101AC000D4F80051C5B1BFF35F8F4FF0A343996ABB
:101AD000BFF35F8FBFF35F8F4FF0FF321A63BFF327
:101AE0005F8F0023C4F80031D4F800310F4B186821
:101AF000BDE8384005F075BED4F8083153B100F0A8
:101B0000B5F805F0E0FAC4F80851D4F8083101211D
:101B1000074BECE707490848502201F061F85021D3
:101B2000044801F054F800BF00800450B0170020B2
:101B3000AC17002047F7030012B3030008B5074BAA
:101B4000186805F03DFE064B186805F039FEBDE843
:101B50000840002248201146ECF7DEB9B0170020FB
:101B6000AC17002038B5094B1C7864B1084B4FF016
:101B7000FF311D68284605F025FE4FF0FF31044671
:101B8000284605F02CFE204638BD00BFB975002060
:101B9000B017002038B5074B4FF0FF311D682846BD
:101BA00005F010FE04464FF0FF31284605F017FE01
:101BB000204638BDAC17002010B5064CE36C3BB98D
:101BC000214651F84C3B986905F09AFA0123E364E9
:101BD000014810BD806E0020CC6E002010B50A4B6D
:101BE0000A4C236003F5C04363602461FFF7E4FF00
:101BF000236D0020B3F5007FCCBF4FF480634FF41A
:101C00000073A36010BD00BF00208051806E0020D3
:101C100010B50446114B186800F00CFB104B1A6805
:101C2000236122605A6862609A68A2600D4A126855
:101C30009A660023A364FEF739FC04220A4BC3F81A
:101C40000423204605F030FA20B9204605F031FA89
:101C500000B910BDFFF79EFFF3E700BFB4170020E7
:101C6000806E0020F4A803000080045000487047F4
:101C7000806E0020042210B50446084BC3F80823E8
:101C8000FEF734FC064A236912689A6600236364EF
:101C9000044BBDE81040186800F0E2BA0080045020
:101CA000F4A80300B4170020244B0340B3F5806F61
:101CB00030D016DC402B2FD008DC102B2ED0202B60
:101CC0002ED0181E18BF012040007047B3F5807F4A
:101CD00028D0B3F5007F27D0802B14BF02200B2023
:101CE0007047B3F5804F21D00BDCB3F5805F1FD078
:101CF000B3F5005F1ED0B3F5006F14BF02200620BD
:101D00007047B3F5004F17D0B3F5803F14BF0220E2
:101D100003207047112070470A2070470C2070473D
:101D2000092070470820704707207047142070472B
:101D300005207047042070470F207047F0FF010016
:101D400070B50E4D0E4E0446286800F073FA3068E8
:101D500028B980220B49FEF713FE60B92020094AFA
:101D6000013852F82020306022600024286800F0FA
:101D700077FA204670BD0224F8E700BFB8170020AC
:101D8000EC6E0020F06E002012281BD0A0F1120390
:101D9000302B2DD826280DD81738C3B20B2B27D8B7
:101DA0001648184100F00100C0F1FF2000F57F0047
:101DB0007A3070472738C3B21148D84000F001008C
:101DC00087387047B1F5807F0ED006D8E02914BF60
:101DD0006FF086006FF085007047B1F5C07F0AD0C4
:101DE00040F209239942F2E7064B00201360704746
:101DF0006FF0860070476FF085007047EEF7FFFFC9
:101E00001102000C88AA0300A0F11203DBB21E2B02
:101E10009DBF0348D84000F001000020704700BF7C
:101E20002102214270B50446A4B0466811A80D46AF
:101E3000FFF7EEFE174B11A8196805F05BF9214674
:101E40006B46002211A805F0C0FB044680B911A81A
:101E500005F05FFBDDE900120346284605F0C5FAF0
:101E600011A805F015FC11A805F035F9044648B194
:101E700011A8FFF7FFFE204604F04BFC0446204665
:101E800024B070BD11A8FFF7F5FE3146684605F095
:101E9000DEFCF4E798AA030070B5D51D1C78ED08A8
:101EA0000646042C084611464FEA450286B002F168
:101EB00001021DD10A9C94421AD1104C104A3440A0
:101EC00044F0106494424FF0000414D15A1CCDE940
:101ED00002526A1C134401AACDE904530194FFF78E
:101EE00053FF18B9019802A9FFF79CFF06B070BD17
:101EF0006FF08600FAE72046F8E700BF0000FFF623
:101F0000000002092DE9F041038803F44F44B4F5C1
:101F1000824F02D0B4F5884F22D1DEB2C56803F4F7
:101F2000E0401F4B00241F4693F800C0B4451BD16E
:101F3000D2F80080B0F5804F0CBFD3F80CC0D3F8B6
:101F400008C0D3F804E0B8F1000F0BD18C4509D1DB
:101F5000C2F800E08C450DD06FF08600BDE8F0813E
:101F60000026DBE7F045F5D00134132C03F1140310
:101F7000DAD1F1E7142303FB04773B7C13B96FF04C
:101F80008500EBE7422E09D1064B9D4206D003F2B5
:101F90000B139D4202D00A339D42DDD10020DDE7C4
:101FA0000CA90300000800062DE9F34105881F462F
:101FB00005F44F43B3F5824F0E468046418802D068
:101FC000B3F5884F1BD1EDB2422D3DD8402D13D82B
:101FD000A5F11203DBB21E2B36D81E4A42FA03F3D8
:101FE000DA0731D4CC1DE40864000134089BA34215
:101FF00007D26FF0890024E0CC1DE408F6E7002446
:102000002546284601AAFFF7BFFED0B9D8F804201C
:10201000114BB3EB122F19D0123DEDB21E2D15D876
:102020000E4BEB40DB0711D539460423019A01F82A
:10203000013B304600F0A6F804F06BFB08B9099BA1
:102040001C6002B0BDE8F0810024DAE76FF0850083
:10205000F7E700BFDEFFFFBF004E80002100004019
:102060002DE9F0411546C4B003AC1E460DF104083D
:102070000FABC8E90021C4E90132226020AB102275
:102080000746002107A8E36005F025FC4A9A6B008B
:1020900001339A426DD13378042B6AD14C9B9D4217
:1020A0006AD8731CCDE907536B1C1E44384607A938
:1020B000CDE90956FFF7B6FE0546002855D131A8EF
:1020C000FFF7A6FD2E4B31A8196805F013F80A2674
:1020D000002239460BAB31A805F077FA05460028F7
:1020E00034D131A805F015FA054602460B99404651
:1020F00005F052F9DDE90C122B4607A805F075F939
:1021000031A805F0C5FA31A804F0E5FF0546E8B9A5
:10211000013EDDD131A805F039FA064631A805F0B7
:10212000F8F923460246D6E9000105F04EF9636846
:1021300022680C93A3684B990D93E3680BA80B924C
:102140000E9305F029F94D9B0B9A1A60D4E9001003
:1021500005F07DFBD4E9021005F079FB284604F078
:10216000D8FA054631A8FFF785FD284644B0BDE8FA
:10217000F0816FF08605F8E76FF08905F5E700BF9D
:10218000B0AA03002DE9F04796B0814603A80E4699
:1021900015465768FFF73CFD254B03A8D3F800A070
:1021A0004FF00008514604F0A5FF6B460022294677
:1021B00003A805F00AFA044618B103A8FFF75AFD70
:1021C00021E03A464946009805F03AF9DDE9012355
:1021D000294603A805F0C8F903A805F059FA03A891
:1021E00004F079FF0628044611D108F10108B8F17E
:1021F0000A0F04D0514603A804F07CFFD5E703A8DA
:10220000FFF738FD6A24204616B0BDE8F0870028A5
:10221000D3D103A805F0BAF905463A46016830461D
:1022200005F04CFB3A466968F01905F047FBC4E736
:10223000B0AA030008B54FF0FF324FF0FF33F9F7B3
:10224000F3FE40B104490548172200F0C9FC1721EC
:10225000014800F0BCFC08BDADF7030012B3030059
:1022600008B5F9F78FFF40B1044905481F2200F077
:10227000B7FC1F21014800F0AAFC08BDADF7030020
:1022800012B303002DE9F74305460C46914600F1D1
:102290000C06EFF31188402383F31288BFF36F8F8E
:1022A0003046FCF735FA40B913491448842200F04F
:1022B00097FC8421104800F08AFC3046FCF74CFA69
:1022C000AB6828465C4004EA090203EA0907534068
:1022D000002200930A496B460192FCF701F9DDE9FF
:1022E000003223EA020330464146AB6003F062FE4F
:1022F000384603B0BDE8F083C7B3030012B3030050
:10230000677803002DE9F04F85B00F46DDE90E1B1D
:1023100004461646EFF305836BB151EA0B030AD06E
:1023200039493A4840F2211200F05AFC40F221119A
:10233000354800F04CFC0291002F4CD006F0010310
:102340000393FBF763FF04F10C098046EFF3118A56
:10235000402383F31288BFF36F8F4846FCF7D8F908
:10236000029938B92A498422284800F039FC84218E
:102370002748DEE748460291FCF7EEF916F0020F17
:102380001CBF0023A360A36806F00102029903EAC0
:10239000070592B1AF4212D1720744BFAB43A360AD
:1023A0004846FCF7C3F9C0B919494FF49972174868
:1023B00000F016FC4FF49971DAE7002DECD151EAE8
:1023C0000B0312D14846FCF7B1F90028ECD08AF390
:1023D0001188BFF36F8F002503E08AF31188BFF3E4
:1023E0006F8F284605B0BDE8F08FC8E91876224601
:1023F000CDE9001B48465146FBF74CFB0028EAD1CB
:10240000D8F86050EDE700BFF2F7030012B3030005
:10241000C7B3030008B5EFF3058343B10649074886
:102420003A2200F0DDFB3A21034800F0D0FBC0E97E
:102430000233C0E9000008BDF2F7030012B3030045
:10244000F8B50E4B06461D68AB789B0712D56F6832
:1024500016F8014B29462CB90A20B847002805DB9D
:10246000204609E02046B8470028F1DAAB7843F06F
:102470000403AB704FF0FF30F8BD00BF789003004D
:102480000CB430B58BB004460D462022002102A8C2
:1024900005F021FA0223002D06948DF80A300C4B2A
:1024A000039312DB01D06B1E1C440FAA0E9902A8E5
:1024B0000794019200F074F815B1069B00221A707F
:1024C0000BB0BDE8304002B070470024EDE700BF1C
:1024D000FF790300242AF0B5044601D8012A40D12F
:1024E0002E4B1622EBF71CFE1A5001B10C60002097
:1024F000F0BD2F463D4615F8010B2028F9D0A0F17C
:1025000009060346042EF4D92B282CD02D282CD1D3
:1025100001262B78BD1C302B2DD1287840F02000CF
:10252000782824D132F0100021D16B782C4610226B
:1025300002350020392B82BF03F1FF3343F0200323
:10254000263B303B9A421AD9A0FB02040CB9C018B2
:1025500001D346F002062F462C4617F8013B3D46B4
:10256000E8E70746C6E70026D3E70026D3E7002AB8
:1025700008BF0822DDE7002A08BF0A22D9E701B117
:102580000C60F20748BF4042B307B1D5034B22228B
:10259000EBF7C6FD1A504FF0FF30A9E70C00000022
:1025A0002DE9F04F43688BB08046924600938378C4
:1025B0009C0740F1F98000250878002800F0F6809B
:1025C00025280AD04B1C019301354146009B9847B2
:1025D0000028C0F2E3800199EEE74E788B1C252E8F
:1025E0000193F1D000270A22B9463C461F2C22D87D
:1025F000A6F12003102B20D8DFE803F0141F1F1AC8
:102600001F1F1F0B1F1F1F121F171F1F090044F042
:102610000104019B13F8016B0193002EE6D13AE00F
:1026200044F0020444F00404F3E744F00804F0E743
:1026300044F01004EDE77F2C24D8A6F13003092BD9
:1026400008D860064EBF02FB073744F0200402FBA7
:102650000939DEE72A2E0DD161065AF8043B53D41E
:10266000002BA7BF44F020049946C3F1000944F0B1
:102670002804CEE72E2E05D1630600F1978044F0A2
:102680004004C6E76C2E2ED028D8682E32D06A2E91
:1026900037D04C2E35D0002F46F02003B8BF24F0A1
:1026A0004004A3F16502BCBF0027A4B2022A01D9ED
:1026B000612B2BD10AF1070A07279D4E2AF0070A42
:1026C0000AF1080A210760D506EB070B34465C4582
:1026D0005DD1AE1BA9EB0709A21959E1742E98D060
:1026E0007A2E96D0D7E7260648BF44F4007444F00B
:1026F00080048EE7E00548BF44F4007444F480741D
:1027000087E744F4207484E71F4682E7A6F163025A
:10271000122A00F2D880DFE812F013004D00D60034
:10272000D600D600D6004D00D600D600D600D60082
:10273000D600E800D100D600D6001A00D600A000CE
:102740005AF8043B012704AE8DF81030BAE75AF866
:10275000046B784B002E08BF1E4614F0400F304625
:1027600014BF39464FF0FF3105F0E7F80746A9E7F7
:1027700041462020009B984700280FDB013CA742E0
:10278000F6D34D44A1462D1B9EE74C46F7E7414644
:1027900014F8010B009B9847002898DA98F802304B
:1027A00043F0040388F802304FF0FF3528460BB0A1
:1027B000BDE8F08F220630D5A3052AD50AF1070A15
:1027C0002AF007039A4659685AF8080B24F0100BB0
:1027D00000291FFA8BFB2FDA40424BF4806B61EB30
:1027E000410104AC0A23224605F0B3F81BF0400F68
:1027F000A0EB040200F08E802BF001049742A4B2FB
:1028000040F38F80002E40F08E802BF01104A4B294
:102810001DE05AF8040BC117D8E7E0055AF8041B6D
:1028200001D40846F7E7A20547BF48B241F3C011FB
:1028300008B241F3C031C9E750EA0103D1D16306C0
:10284000CFD5002FCDD124F011043A46A4B23B4697
:1028500040F206410C4262D124E024F010040A2325
:10286000A4B214F0800243D014F4007117BF0AF12F
:10287000070A5AF8040B2AF0070292461CBF516857
:102880005AF8080B50EA01023ED124F0160B6206FA
:102890001FFA8BFB3CD5002F3AD124F017043A469F
:1028A0003B46A4B221075AD4E10705D5994572DD0C
:1028B000A9EB03039F184B469B464AE044F01004E3
:1028C00010237826CDE7782B04D1C6F1780343F0A6
:1028D0001003C6E741462520009B98470028FFF6D5
:1028E0005DAF02354146304670E608230026B8E762
:1028F00014F480715AF8040BC4D014F400711ABF98
:10290000C0B2114680B2BDE724F006041FFA84FB72
:1029100004AC68E713465C46E10699D52EB901334D
:10292000C0E71346F8E73B46F6E70233BAE700BFD5
:1029300080F8030079F80300CDE9023241462020F7
:10294000009B98470028FFF629AF0BF1010BDDE94A
:102950000232D945F0DCEB1A03EB0B055B46E106CE
:1029600027D541463020CDE90232009B9847002808
:10297000FFF614AFDDE902327EB901352F44791B31
:102980008A4229DB144604AE94BB2A44A9EB03090E
:102990001546914440E017468EE7023541463046E1
:1029A000CDE90232009B98470028DDE90232E5DAE2
:1029B000F4E640F206410C42E0D014F0020F05F1BB
:1029C0000105414614BF2B20202014F4806FCDE96F
:1029D000023218BF2D20E5E7CDE902324146009BC7
:1029E0003020013598470028DDE90232C7DAD5E604
:1029F000013C4146CDE90232305D009B98470028FA
:102A0000DDE90232C0DAC9E641462020009B0135EB
:102A100098470028FFF6C2AEA9EB0503002BF3DCB4
:102A2000D9E500BF38B5044C044DAC4200D138BDE7
:102A300054F8043D9847F8E700000000000000004B
:102A4000704700EBC10040884008704708B5FFF7A9
:102A5000F8FF084408BD08B50346FFF7F2FFB0FAD7
:102A600080F21846BDE80840C2F11F02E8F740BCFA
:102A70002DE9F843B1FA81F3C3F11F0800EB88098F
:102A8000D9F8106005460A46A6B94FF0FF34C3F1E5
:102A900020039C40EB681C401CD094FAA4F6B6FAC4
:102AA00086F6331D55F8234028462146E8F79CFC5E
:102AB00032460BE03446032721462846FFF7C1FF84
:102AC00082420AD82846E8F78FFC4246214628462B
:102AD000E8F70EFC2046BDE8F88305EBC404E48863
:102AE000013FC9F81040D0D0B442E5D1CDE738B5A8
:102AF0000446FFF7A6FF0D46034611462046FFF7A2
:102B0000A0FF1A1892B2530004EBC50520466B8053
:102B1000FFF79CFF24F8302038BD70B50B46054602
:102B2000FFF78FFF511A89B205EBC3049B1A0344C8
:102B30004E0066809CB2600005EBC203588025F809
:102B4000321028461146FFF781FF25F8304070BD4E
:102B500070B509B9002070BD056801F007030B339B
:102B6000CC0804EBD304AB6828469C4228BF1C4623
:102B70002146FFF77DFF06460028EBD00146284698
:102B8000FFF75FFFA04207D928463219FFF7C5FFBC
:102B900011462846E8F7E4FB05EBC60210465388C9
:102BA000043043F001035380D5E71146FFF7D0BF4F
:102BB000002070470FB407B504A951F8040B019128
:102BC000E8F742FD03B05DF804EB04B07047002362
:102BD00083F31188BFF36F8F0423184602DF704719
:102BE0000FB407B504A951F8040B0191E8F72CFDC7
:102BF00003B05DF804EB04B07047F0B564230446FD
:102C0000042500204FF00A0C11B1013D01D12570BF
:102C1000F0BDB2FBF3F79A42FEB202D2012B00D014
:102C200030B130360139013004F8016BC9B2C0B29D
:102C300003FB1722B3FBFCF3D2B2E5E7A0F13003AC
:102C4000DBB2092B02D80B7000207047A0F16103A2
:102C5000052B02D857380870F6E7A0F14103052B81
:102C600001D83738F7E76FF015007047F7B505461C
:102C700001F0010000EB51069E424FEA510703D9D3
:102C80000026304603B0F0BD58B128780DF1070199
:102C9000FFF7D4FF0028F3D19DF80730013502F883
:102CA000013B01351744BA42EBD015F8010C0DF188
:102CB0000701FFF7C3FF0028E2D19DF80740240178
:102CC000E4B2147015F8020BFFF7B8FF0028D7D153
:102CD0009DF807301C4402F8014BE4E7838B13F0A6
:102CE000070306D10368002B18BF032008BF00208C
:102CF0007047022B05D1C08BB0FA80F040098000EC
:102D00007047012B04D10368002B18BF0520EDE7A5
:102D10000020704710B50C4600B111B96FF01500D6
:102D200010BD081D00F02FF80028F9D1A368032B6F
:102D3000F6D9F3E72DE9F0410D4607461946281D5F
:102D400090461E46E8F776FF044638B133464246C1
:102D500029463846A446BDE8F0416047BDE8F08109
:102D600038B50C46054658B151B10B6843B14B68B4
:102D700033B12022002104F0AEFD00202C6138BDCB
:102D80006FF01500FBE7034658B1426802F00302FA
:102D9000012A03D0032A04D1026812B100209860EE
:102DA00070476FF015007047704710B4846864680E
:102DB000A44610BC604770B4C66804680D0C06FBDE
:102DC0000544806A14FA81F184682468A44670BCC2
:102DD00060472DE9F0430646884617461C46C36AFD
:102DE00089B01D686D4205F020051CB9204609B068
:102DF000BDE8F083AC42A14628BFA9466A464B46CF
:102E000041463046FFF7D7FF0028F0D16B464845D2
:102E100002D1241A8044E8E713F8012BBA4201D109
:102E20000130F4E70120E2E70B6803F580330B6023
:102E3000008A1A0CB0EB134F04BFA3EB02430B60E4
:102E4000704738B5C26803680D0C090C044602FBD4
:102E50000131806A2D0400F033FC50B9E26A294642
:102E60002046E3685279FFF7B4FF002818BF6FF0DF
:102E7000050038BD014610B507220446FF20F5F7CE
:102E800001FBE07110BD2DE9F04F07465368D06893
:102E900093B003445069C34203D1002013B0BDE88E
:102EA000F08FFC683B68080C04FB00330024A1464B
:102EB000D7F82CB013FA81F504AB92E80300DBF8E5
:102EC000008083E80300D2E9020106AB83E8030037
:102ED000D2E9040108AB83E80300C8F100030193C1
:102EE00012AB03EBC90A5AF8346C4FEAC901AEB908
:102EF00009F10109B9F1030FF2D1002CCDD00AAECE
:102F00009BF80510A8EB0402301904F0E4FC4346DA
:102F100032462946B86AFFF748FFBFE7B4B9019BBC
:102F2000334013D05AF8382C2946B86ACDE9022329
:102F3000FFF73BFF0028B1D1DDE902231A44F61A5E
:102F40004AF8382C4AF8346C1D44C9E7A8EB04024F
:102F5000B24228BF3246A2B101F148030DEB030A89
:102F60005AF8381C0AAB1819CDE9021204F0A6FC75
:102F7000DDE902121144B61A4AF8381C4AF8346CDA
:102F800014444445ACD123462946B86A0AAAFFF73F
:102F90000CFF002882D125440446A1E7F8B50D4670
:102FA00006460722FF204C888F88F5F76BFAEB79ED
:102FB000834205D13C44B4428CBF00200120F8BDBF
:102FC0000020FCE70368012B81BFC91801F1FF3124
:102FD0005B4219400846704738B50D460A4681687D
:102FE0000446FFF750FFEB686968024619446B69B5
:102FF000E06A1944FFF7E6FFA3680344A3601046A4
:1030000038BD70B50D4686B00446466818220021CA
:10301000684604F060FC029508256A463146204661
:103020000395FFF730FF29460246E06AFFF7CAFF23
:1030300063681B1A1046636006B070BD4FF6FF73DD
:1030400013B500220446ADF800308DF806308368D1
:103050006846ADF80420ADF80230FFF70BFF694673
:103060002046FFF7CEFF02B010BD70B506460C46F5
:10307000C06A0821FFF7A6FF0546F0682146401BFD
:1030800080B2FFF78BFF80B1A08878B94FF6FF734D
:1030900022889A4209D16288F3689B1AB3FBF5F241
:1030A00005FB1230B0FA80F0400970BD0020FCE74B
:1030B000F7B504460D46C06A0821FFF783FF0823D1
:1030C000074629682046FFF776FE0646002836D1D7
:1030D0002B683B442B60E26899B2D21B91422ED1FF
:1030E0001A0C09BF228AA3F5803102F1FF3203EBEB
:1030F0000241204608236A462960FFF75CFEE8B9D2
:10310000E36A5A796B4613F8011B8A420CD10130ED
:103110000828F8D1636805E02B68BDF802206FF33A
:103120000F0313442B600AE069462046FFF79DFF1A
:103130000028F1D129462046E8F7C4FD064630466E
:1031400003B0F0BD2DE9F04F0446A1B024220D4696
:1031500017A8002104F0BFFB0821E06AFFF732FF47
:103160008146636820466FF30F0306A90693FFF7B5
:103170005BFE069BE66801931E44A6EB0906082346
:103180003146204609AA0796FFF715FE0028C0F22F
:103190001681E36A09AA5979002312F8010B8142CA
:1031A00040F0FC800133082BF7D1A36862684B44E0
:1031B0009A4280F0EC8020460199FFF742FEFEE043
:1031C000BDF826306FF30F061E44079620460BAA63
:1031D00007A9DDF81CA0FFF76BFF002840F0EF8087
:1031E0000BA91FFA8AF0FFF7D9FE48BB039B9A454B
:1031F000ECD11022002113A804F06DFB1F9E17AB29
:103200001193129695B1D4F82C8008214046FFF70F
:10321000D9FE2F890246F1194046FFF7D3FEA16877
:10322000636802440A44934280F09280002EBCD02E
:10323000204611A9FFF7D0FE002840F0C080B4E777
:103240006668089620460DAA08A9FFF731FF0028F6
:1032500040F0B580BDF83420BDF82C309A4245D0FE
:10326000089B62689A423FD15645BFD1BDF8306095
:10327000002EBBD03DB12A88BDF82C309A4202D135
:103280002B89B342B2D9BDF82E804FEA1A431B04F2
:103290009844E36A1F9A1B681644591E5B4203F068
:1032A00020030493A36801EA06001344009026EA71
:1032B0000106ADF82E3006BB009B5BB11F9A17A923
:1032C0009B1A20460A444146FFF775FD002876D137
:1032D000009B1F930BA8FFF7CDFD20460BA9FFF71E
:1032E00090FE002882D06AE01E46ABE70DA9B0B27E
:1032F000FFF754FE0028B3D0B6E7049B1F9FB342EC
:1033000028BF334617AAA3EB070B029341465B463F
:1033100020463A44FFF74FFD002850D11F9B01463D
:103320005B44182211A8059304F0D5FA17AB139348
:10333000059B204611A91493FFF74EFE00283ED1AD
:103340001F9BD844FF1A029B3744FE1A1F90B2E716
:1033500031446B68ADF83E10204611A9CDE9133712
:10336000FFF73AFE58BB2B880FA8ADF83C302B89ED
:10337000ADF84030FF238DF84230FFF77BFD20464B
:103380000FA9FFF73EFED0B90123AB720DE720462F
:10339000FFF754FE00283FF40EAF10E0A6EB090340
:1033A000204609A90393FFF760FE00287FF408AFC9
:1033B000204607A9E8F786FC00283FF407AF21B0B4
:1033C000BDE8F08F00231A46E8F74EBE13B500247F
:1033D0000094E8F729FF02B010BD0FB407B504A9A7
:1033E00051F8040B0191E8F72FF903B05DF804EBF5
:1033F00004B07047704730B54C680368A34201D2EF
:10340000012030BD8A682244934201D30020F8E7AE
:10341000D1E90452954203D36FF00B038B61F5E7BA
:10342000CA681B1B42F835304368086902EBC002CA
:1034300053600B6901330B61E2E737B50C46C0B24C
:1034400001A91546E8F7A6FF00280CDB019850B14A
:1034500021462A46E8F7C4FF04460198FFF7CAFF51
:10346000204603B030BD6FF01504F9E7F0B587B022
:103470001F4604460D46164600F0D6FB0223029373
:103480000DF116030193BDF83030ADF8160000932E
:1034900032463B462946204601F033FC07B0F0BDDA
:1034A0002DE9FF411F460D4616460446ECF7ACFDDC
:1034B0008046E7F788F8BDF8283080B2CDE9018072
:1034C000009332463B462946204601F01AFC04B0E0
:1034D000BDE8F0810020E8F7E5BF00221146E8F7DB
:1034E000AFBF034610B508460AB10021116053B1C1
:1034F000D0B1411E11F8010F80B113F8014BA04269
:1035000001D13D28F6D100200EE0013313600AE01E
:103510003D2808D0B0FA80F0400905E018782F283F
:10352000F6D1002AF1D1012010BD10B509B1002358
:103530000B6058B103461A781C4601332AB13D2A64
:1035400003D02F2AF7D101B10B60201A10BD08302B
:10355000704710B5134614460A4681880068FFF785
:1035600035FFA042A8BF204610BD2DE9F04F97B00F
:1035700004469A468946019200297AD0DAB1BAFA0D
:103580008AF67609258F04F1080B0135ADB2A846FD
:103590006F1EBFB2B7F5004F39D04A23394658469F
:1035A00003AAFFF713FF002807DA10F1020F08BF84
:1035B000B8463D46ECE70126E4E700F158030DEB81
:1035C0000300002303A900F84C3C4846E6F7E9FF56
:1035D0000028EED106BBB846B8F5404F4CD0238F3B
:1035E00004F10805434538D308F580415346284681
:1035F000019A89B2E8F738FD00280ADB46B148464F
:10360000E6F7E1FF4A460346414628461EE016B368
:10361000002017B0BDE8F08F39465846FFF7D2FEBC
:103620000028F6DB05F57F513F31584689B2FFF798
:10363000C9FE0028EDDB238FBB42E9D12246013BC6
:1036400022F8383F4FF4004102235846E8F70CFDBA
:1036500000EAE070DDE70126BEE7224602234FF4D0
:103660000041284622F8388FE8F7FEFC0028BBDA34
:10367000CFE76FF01500CCE76FF00B00C9E773B52B
:10368000C36B04460363C3B100F108063046E8F794
:103690004BFB054670B902234FF4004130460DF153
:1036A0000602FFF793FE0028B4BF4FF40043BDF8B5
:1036B00006302387284602B070BD6FF01205F9E787
:1036C00070B583680D46DB68044616469847417915
:1036D00033462A462046BDE87040E9F7F5B8704702
:1036E000EFB5054616461F46E9F750F968B10223C3
:1036F0000293BDF82030C0300190009332463B4623
:10370000284601F0FEFA04B0E0BD6FF00100FAE7D0
:10371000EFB5054616461F46E9F738F968B10223AA
:103720000293BDF82030BE300190009332463B46F4
:10373000284601F0E6FA04B0E0BD6FF00100FAE7B8
:103740007047704710B5044688B039B900F0A3FC43
:103750006946E9F7E3FD2046E9F71CFE08B010BD15
:1037600010B5044688B000F096FC6946E9F7D6FD2E
:103770002046E9F749FE08B010BD10B504460068C0
:1037800008B1EEF733FB0023083444F8083C24F872
:10379000023C2360A380A371D4E8EF2FC4E8E13F8B
:1037A0000029F9D110BD08B501220023E9F74CFE2C
:1037B000C01A18BF012008BD08B501220023E9F78F
:1037C00043FE40B100F10803D3E8EF1F0131C3E825
:1037D000E21F002AF8D108BD10B96FF0150070473C
:1037E0000830D0E8AF3F002BF7D0D0E8EF3F013BE7
:1037F000C0E8E23F002AF8D10020704704F06BB81F
:1038000004F05CB801460068EAF742B808B5EAF788
:1038100077F8BDE80840EAF70BBC00210120EAF781
:1038200037B8836E83F30B8870476FF0850070475D
:1038300061B662B680F31188BFF36F8F704772B6BE
:10384000002383F31188BFF36F8FBFF34F8F30BF17
:1038500062B6BFF36F8F704772B6002383F311888F
:10386000BFF36F8FBFF34F8F20BF80F31188BFF37B
:103870006F8F62B6704740E800F313F4803FD8B210
:1038800008BF6FF01500704730B50C684B6885B005
:103890000A894D890094013B24F01F04234402F05F
:1038A0001F0242EA451223F01F0369468DF80820E3
:1038B0000393EAF771FC05B030BD08B5EAF7B8FE2E
:1038C000002008BD7047416A8968EAF731BF92B2AB
:1038D00081600160C2808280704703680B6043682A
:1038E0004B6083688B60704738B50D4614461146AF
:1038F000EBF742F922462946BDE8384003F0DEBF27
:1039000010B50C460121EBF737F9047010BD10B566
:103910000C460221EBF730F90470240A447010BD04
:1039200010B50C460121EBF75BF9047010BD10B522
:10393000036801211C78EBF76FF9204610BD10B524
:10394000036802211C88EBF767F9204610BD7FB59C
:10395000064614460A888B78ADF8002000210D2217
:103960000DF103008DF8023003F0B5FF6A46694699
:10397000304602F005F828B9BDF800209DF8023065
:103980002280A37004B070BD13B50C4601AA0331A8
:10399000FFF7DDFF48B90322204601A903F0AAFF83
:1039A000B0FA80F0400902B010BD0020FBE770B50E
:1039B0000D4600210446FFF7B8FD0D2818D1237BE2
:1039C000302B13D1002305F8063B04F10C062A46E0
:1039D0002046012302210234FFF748F9B44205F1E1
:1039E000FF35F4D1002070BD0123ECE7312BFBD073
:1039F0006FF01500F7E70020704710B50C4601780E
:103A0000227888B08A420ED06946EBF7F3FB204655
:103A100004A9EBF7EFFB102268460DEB020103F05F
:103A200069FF08B010BD012A06D0022A07D072B97A
:103A300040886388C01AF4E740686368FAE7102298
:103A4000611C013008B0BDE8104003F053BF6FF0B7
:103A50001500E6E7042A0AD0102A0DD0022A4FF0FA
:103A6000000315D103700B884380012070470123A8
:103A700003700B684360F8E7022300F8013B01F193
:103A8000100351F8042B994240F8042BF9D1ECE7CC
:103A900018467047012310B50621044600F8013B83
:103AA000F6F76EFA18B9A37963F03F03A37110BD5E
:103AB0000B6803608B8883808B798371037823F094
:103AC0000203037070470078C0F34000704738B5B8
:103AD0000446807AEAF7EEFD6169054649B1637AEA
:103AE000DB0704D4436A20461B689B689847002381
:103AF000636121462846BDE8384002F08FB9438A09
:103B000023B9C068B0FA80F04009704700207047C0
:103B1000D0F8A03083B15A7CD1070DD5D2060DD58F
:103B20001B7C102B0CBF042303234372807A984222
:103B30008CBF0020012070470223F6E70323F4E73F
:103B40000F2806D80D280BD8052814BF0220032003
:103B50007047132804D01A2814BF02200120704790
:103B600001207047034610B5D3E8EF0F40EA010289
:103B7000C3E8E42F002CF7D110BDD0E8EF3F0B4095
:103B8000C0E8E23F002AF8D1704710B5EDF7B4FA6B
:103B900004466FF480711030FFF7EFFF2046BDE858
:103BA000104000F0CCB9C368DB78012B01D1FFF7DE
:103BB000ECBF7047C0F3072353700023117193705B
:103BC000C1F30723090C10709171000E090AD0701F
:103BD0005371D1717047C368DB78012B01D1FFF7B6
:103BE000D4BF70470020704710B5028843889A42BE
:103BF00018D8052A16D9B3F5486F13D88488B4F5B8
:103C0000FA7F0FD2C18840F67640A1F10A0292B243
:103C1000824207D804FB0333B3EB810F34BF01208A
:103C2000002010BD0020FCE70020704708B5F3F726
:103C3000C9FC18B1408A003818BF012008BD70B512
:103C400006460D464FF0FF304FF0FF31ECF796F887
:103C5000044668B103210C30EAF78EFF06808570B8
:103C60002146BDE87040002240F20640ECF73ABA27
:103C70006FF0680070BDC368187808B1EBF796BEA6
:103C80001846ECF7EDBA38B54FF0FF3105464FF066
:103C9000FF30ECF773F8044668B102210C30EAF704
:103CA0006BFF2B88214603800022BDE8384042F29A
:103CB0001600ECF717BA6FF0680038BDF8B5074684
:103CC0000E464FF0FF304FF0FF311546ECF756F837
:103CD000044678B106210C30EAF74EFF3B88468057
:103CE000038085802146BDE8F840002242F2220090
:103CF000ECF7F8B96FF06800F8BD072208B503F0DB
:103D0000F9FDB0FA80F0400908BD0B6803608B88AC
:103D100083808B7983717047D0E8AF0F7047F8B517
:103D20000F46144638BB4FF0FF304FF0FF31ECF731
:103D300025F8054610B327210C30EAF71DFF22466F
:103D400006463946FFF7E1FFC31D04F1100152F8A2
:103D5000040B8A4243F8040BF9D11022002106F12A
:103D6000170003F0B8FD2946BDE8F840002242F2F2
:103D70002700ECF7B7B96FF01500F8BD6FF06800D9
:103D8000FBE7037A02465B0705D501462E3211F8A0
:103D9000010BFFF7C4BF704738B54FF0FF31054640
:103DA0004FF0FF30EBF7EAFF044658B129460C30DC
:103DB000FFF7A6FD2146BDE83840002242F22D0063
:103DC000ECF790B96FF0680038BD10B400F1100343
:103DD000D3E8EF2F22F40051C3E8E41F002CF7D101
:103DE000930403D5012110BC00F0A7B810BC7047A4
:103DF00070B5044686B00E4601300131FFF77DFFF5
:103E00002E34162200210546684603F064FD102278
:103E10006946204603F06EFD40B11022204606F1AF
:103E20002E0103F067FDB0FA80F04009284300F04E
:103E3000010006B070BD00F1100208B5034610463F
:103E4000FFF76AFFC1050DD5D2E8EF0F40F400502F
:103E5000C2E8E10F0029F7D11846BDE8084000216B
:103E600000F06BB808BD10B50C4630B919B1F3F7C6
:103E70005BFB00B1441C204610BD0024FBE718B1D9
:103E800011B10846ECF740BD6FF01500704713B54F
:103E9000044680B106216846F6F772F848B99DF8E5
:103EA0000530694603F03F0320468DF80530FFF7E3
:103EB000E6FF02B010BD6FF01500FAE7003818BF3A
:103EC00001207047037AD90704D523F00103037258
:103ED000ECF7D0BD990704D523F002030372ECF789
:103EE00075BE704700207047D0E8AF0F704770B5BF
:103EF00006460D464FF0FF304FF0FF3186B0EBF72E
:103F00003DFF0446B0B10C3095B10121FFF7F8FC3C
:103F1000204606F1100203A908230095EBF71CFFC9
:103F20000022214642F20A00ECF7DCF806B070BD30
:103F30002946EBE76FF06800F8E7FFF7D8BF1830C5
:103F4000F9F7B0B900230B60436813B9C0E9001159
:103F50007047196041607047D0F8B000003818BF52
:103F6000012070472438EDF7ABBD002203680BB980
:103F7000184670478B4210D10B6842B94268036003
:103F8000914200D14360002301200B607047136011
:103F90004368994208BF4260F5E71A461B68E6E7A6
:103FA00010B50446006918B1EAF720FD002323612B
:103FB00010BD10B50446D0F8A00028B9207A04F14D
:103FC0007001F3F7FFFA38B1E278438A2AB903F0B7
:103FD0002100003818BF012010BD03F02400F8E7CD
:103FE00010B583780446012B27D1437B072B27D1BB
:103FF0000A0601F07F0310D5021DD2E8EF0F40F44E
:104000000040C2E8E10F0029F7D12046A372F2F781
:1040100041FD08B1637AA37210BD427A9A4212D26E
:10402000827A9A420FD2021DD2E8EF0F20F40040AC
:10403000C2E8E10F0029E8D0F6E76FF01500EBE7E2
:104040006FF07F00E8E70020E6E78378012B0CBFE4
:10405000407A0020704738B5037A04468B421546F3
:1040600015D100F170010722284603F043FC80B10E
:10407000E378072243B904F17E01284603F03AFCB5
:10408000B0FA80F0400938BD04F17701F5E700206F
:10409000F9E70120F7E78378012B0CBF703000208F
:1040A0007047F8B507460D464FF0FF304FF0FF312F
:1040B000EBF764FE0646D0B10E210C30EAF75CFD4A
:1040C00004460E22002103F006FC3B883146238083
:1040D0002B88002263806B8842F21300A380AB8898
:1040E000E380EB882381BDE8F840EBF7FBBF6FF07E
:1040F0006800F8BD704710B50446F9F745FE234641
:1041000053F8442BD2F8B01061B96164D2F8B410FE
:1041100061B9C2E92C33F9F789FE2068BDE8104087
:10412000EDF7B6BE8B42F6D00968EDE70B60C2F83A
:10413000B430F0E770472DE9F843446B2CB154F8E4
:10414000085905B1083D00270CB9BDE8F883D4E94A
:1041500000682EB3F9F718FE0022D6F8B03004F14B
:10416000440163B1994233D1636C4ABBD6F8B420A1
:10417000C6F8B030914201D1C6F8B4306764F9F79F
:1041800055FE04F13009002200234846F8F764F98F
:10419000064600BBD8F804300BB12046984727608C
:1041A000E3680BB120469847D8F820300BB1204681
:1041B0009847DDB1AB6803B1083B2C461D46C3E709
:1041C0001360D6F8B430994208BFC6F8B420D5E7DA
:1041D0001A461B68C5E7B36923B16FF06D02F16938
:1041E000206898473046EAF701FCCCE72B46E4E725
:1041F00038B5406B0D4620B150F8084904B1083C71
:1042000000B938BD43689B680BB1294698472CB16B
:10421000A36803B1083B20461C46F1E72346FAE7B2
:10422000406B28B1838B08388B4201D08068F8E757
:10423000704710B54AB989B2FFF7F2FF28B1436859
:104240009B6913B1BDE81040184710BD38B50D4645
:104250000521FFF7E5FF002329461A46EEF7B0FED9
:10426000044610B12846EAF7C1FB204638BD406B32
:1042700028B1838908388B4201D08068F8E77047FD
:1042800070470346006828B15968026888421A607E
:1042900008BF5A6070470346002003B970471A8A66
:1042A0005B681044F9E710B5D4680231237813B97C
:1042B0002170012010BD8B42FBD0038A023B038298
:1042C00000201061F6E773B51446014605464FF429
:1042D0009572206800F0DDFD207530B92946206810
:1042E00000F085FE20B908232375002002B070BDC0
:1042F000237AB3B1A3F11802534253419B000193B7
:10430000638A29460093AE68238AE2682068B04732
:10431000002808DB238A98420CD100230120237552
:10432000E4E70223EBE710F1FF0F03D34042C0B2F2
:104330002075DAE70E20FBE7F8B5936805460F46CF
:104340001446166863B9506801210C30EAF714FC72
:10435000A0602B681B78002B14BF0223012303707D
:10436000A3681B78012B03D0022B1FD000201CE078
:104370002B681B78002BF9D1606804210C30EAF718
:10438000FBFBE06007802A68E36852885A80616816
:10439000728D738B088A9A4294BFC0EB0200C0EB07
:1043A0000300042894BF00200120F8BD2B681B786F
:1043B000022BDBD1606812210C30EAF7DDFBE060F4
:1043C00007802B68E268591C0232113351F8040B44
:1043D000994242F8040BF9D16168728D738B088A97
:1043E0009A4294BFC0EB0200C0EB03001228D9E749
:1043F00070B40668326A5AB3144654F8A03903B14F
:10440000A03B002211467CB9438D408B8B4201D8E2
:1044100090421FD9824238BF02469942306838BF65
:10442000194670BCF1F73EBD844207D0658D648BA0
:10443000A94238BF2946A24238BF224633B1D3F839
:10444000A05005B1A03D1C462B46DCE71D46FAE70F
:104450001146D9E770BC7047D0680431037813B9AE
:104460000170012070478B42FBD0002091680B8ABD
:10447000043B0B82106170472DE9F04104468868C7
:10448000FFF709FF638D628B0D46934228BF1346E9
:1044900083421DD300276165D1F808808F60F9F74A
:1044A00073FC41462046EFF72FF8064638B1C5F8B1
:1044B00008806765F9F7BAFC3046BDE8F081618D88
:1044C000638B2846994228BF194600F08DFDF1E71D
:1044D0006FF07906F0E72DE9F041046A074644B130
:1044E00054F8A06906B1A03E0022154607F1040861
:1044F0000CB9BDE8F081636D9BB905B98AB9404636
:10450000FFF7BFFE054658B101462046FFF7B4FF4E
:104510000028EED07B682B60BB687D6003B9BD606E
:10452000224636B1D6F8A03003B1A03B34461E4631
:10453000DEE73346FAE738B504460D46EEF7E4FF0A
:1045400030B1294604F15800BDE8384001F05BBCA9
:1045500038BD70B5CB6804461E88B3B2162B1AD985
:104560000321EFF785F80546B8B102210C30EAF7D0
:1045700003FB6FF00D0303700123294643702046AF
:10458000FFF7D9FF4FF4F973204663836685FFF781
:104590002FFF002070BD0420FCE70E20FAE71FB5B6
:1045A000CDE9012300231A460093F0F749FE05B038
:1045B0005DF804FB0022036803B970478B420FD1FA
:1045C0000B683AB942680360914200D1436000230E
:1045D0000B60704713604368994208BF4260F6E77A
:1045E0001A461B68E8E7D0E8EF3F43F00802C0E84E
:1045F000E12F0029F7D1C3F3C000704737B50C464F
:10460000054601F10C00FFF79AF9228A0346019250
:10461000E2681221009228461322EFF727F903B02F
:1046200030BD37B50C46054601F10C00FFF787F9A0
:10463000228A03460192E26828460092002211462F
:10464000EFF714F903B030BD07B5CA680C21138821
:10465000528800920D22EFF76BF903B05DF804FB6E
:1046600007B50022CB680A211B8800920B22EFF7C6
:104670005FF903B05DF804FB70B504460E460022F6
:1046800000230846F7F7E8FE054658B101462046E4
:10469000EEF73AFF044618B12946304601F0BEFB5A
:1046A000204670BD6FF00104FAE72DE9F04F064691
:1046B00085B0104690469946FFF7EDFD738B728DDD
:1046C0008B46934228BF1346834275D97368404690
:1046D0000393EAF7D7F94FF0000A04464046FFF784
:1046E000DAFDE168228A658A6369AD1ACB1AED1A90
:1046F000778B738D9F4294BFC0EB0700C0EB030024
:10470000854228BF054625BB98F80A00E9F7D2FF85
:1047100000220023FFF7D7F8044608B9574627E0E0
:1047200001464046EAF7ECF94046FFF7B4FDE16880
:10473000228A658A6369AD1ACB1AED1A778D738B5D
:104740009F4294BFC0EB0700C0EB0300854228BF27
:104750000546CDF80090DBF804700A4403985946EA
:10476000ABB2B847071E07DABAF1000F18BF5746B9
:10477000384605B0BDE8F08F0E9BABB9394604F161
:104780000C00EAF7F9F94046FFF785FD738D728B4F
:10479000B944934228BF13468342BA441FFA89F9A9
:1047A000BCD9AF429AD0B9E7394620460F9A0E9B42
:1047B00098470028E2D1B1E70027D9E700232DE987
:1047C000F34117681446D7F8048001461373064670
:1047D0009522404600F05DFB0546207330B9314616
:1047E000404600F002FC28B908232373002002B0E1
:1047F000BDE8F081A068798D7A8B038A914294BFDD
:10480000C3EB0103C3EB0203012BEFDD02210C30EC
:10481000EAF7B2F9CDE900558046A388314638461B
:10482000A268FFF742FF031E06DA13F1FF0F2ABF4B
:104830005B420E23DBB2D8E70120A8F80030D6E7B0
:1048400000232DE9F34117681446D7F80480014688
:10485000137306469522404600F01BFB0546207365
:1048600030B93146404600F0C0FB28B90823237315
:10487000002002B0BDE8F081CDE900553146384650
:10488000A388A268FFF711FF002807DA10F1FF0FD5
:1048900032BF0E204042C0B22073E9E70120E8E7B2
:1048A000F8B5054650F8044C071F00F14C03D3E857
:1048B000EF1F21F00401C3E8E21F002AF7D1FCB189
:1048C0002B6D83B9636873B1201DFFF7DAFC0646D0
:1048D00001463846FFF7D0FD90B163683360A368A6
:1048E000666003B9A660384605F15401FFF7C4FEBF
:1048F00030B1384604F10C01BDE8F840FFF7BCBE0A
:10490000F8BD38B50546D1E8AF3FDB0716D550F8FE
:10491000040C98B12B6D8BB90430FFF7B2FC044640
:1049200060B10146281FFFF7A7FD38B155F8043CD8
:104930005A6822609A685C6002B99C6038BDF0F7E2
:10494000DDBB08B5EFF702FC40B1006A30B10246AA
:1049500052F8A03903B1A03B002002B908BD518B29
:10496000528D8A4228BF0A46904238BF104633B162
:10497000D3F8A01001B1A0391A460B46EDE719464D
:10498000FAE708B500230A8AC968EFF745FD002059
:1049900008BD0120704708B5EFF7D8FB78B1036A6E
:1049A0006BB1A03B03F15002D2E8EF0F20F00800FA
:1049B000C2E8E10F0029F7D1D3F8A030F0E708BD35
:1049C00008B50421FFF753FC20B14C30D0E8AF0FFD
:1049D000C0F3C00008BD70B51C460E461546EEF784
:1049E0006FFD0123C0E90365C380047570BD1060CD
:1049F0000020704710B5029CA36833B1B1F5807FE9
:104A000028BF0E21CAB221469847A37DE268013B28
:104A1000DBB2A37522B11BB92046BDE81040104798
:104A200010BD106091800020704700207047F0B5E5
:104A3000076806463D78144689B0E5B97B88B3F52A
:104A4000245F04D011D8A3F52053032B13D8ADF85D
:104A50000A10022220460DF10A01EFF767FE70B13D
:104A60006FF01503C4F8903106E003F55643FF33A9
:104A70009BB2042B20D90125284609B0F0BD7B88C4
:104A8000022220460DF10A01ADF80A30EFF74EFE82
:104A90000028E5D1009003AA132331467768B84770
:104AA000021E02DAC4F89021E6E703A92046EFF7D8
:104AB0003DFE0028DFD0D3E7ADF80A1002222046E1
:104AC0000DF10A01EFF732FE0028C9D17B880222DE
:104AD000ADF80A300DF10A01E8E7072208B502F047
:104AE00009FFB0FA80F0400908BD10B5037804460C
:104AF000934207D10130FFF7F0FF002814BF204692
:104B0000002010BD0020FCE7034610B5D3E8EF0FEE
:104B100040EA0102C3E8E42F002CF7D110BD0346A0
:104B200010B5D3E8EF0F00EA0102C3E8E42F002C30
:104B3000F7D110BD0B6803608B8883808B798371FC
:104B40007047D0E8AF0F704770B50D46064611F8B4
:104B5000010BEDF763FE044610B12C89EDF746F921
:104B60006B89A34207D0EB686C8123B121463046A4
:104B7000BDE87040184770BD08B50C3029B101215F
:104B8000FFF7C2FFC043084008BD6FF00101FFF707
:104B9000C6FF00F00100F7E710B50446FFF7ECFF91
:104BA00038B12146BDE81040012211F8010BEFF7A2
:104BB000E3BE10BD38B504461546FFF7EAFE48B11E
:104BC0002046EFF793FE28B1037ADB0702D50121D7
:104BD000FFF7E2FF55B9207A04F17001EFF70CFE00
:104BE00020B18560BDE83840EFF716BF38BD38B555
:104BF000BDF810401546A2420CD84CB16BB1A41AB6
:104C00008C42A8BF0C46A4B22246591902F056FEA7
:104C1000204638BD6FF00604FAE76FF00D04F7E7A1
:104C200030B585B0C96814461D46EFF791FE00B156
:104C300000890223ADF80E00009329462046BDF8F6
:104C400020200DF10E03FFF7D2FF05B030BD1FB5D8
:104C50000C461946E36810461C78BDF818203CB194
:104C600010240133069404B0BDE81040FFF7BFBF25
:104C70005B88ADF80E30022300930DF10E03FFF7B1
:104C8000B6FF04B010BD30B51D46002385B01446F4
:104C90008DF80C30EFF72AFE10B1037A8DF80C3046
:104CA0000123294600932046BDF8202003ABFFF7DF
:104CB0009EFF05B030BD70B500F170060546314667
:104CC000007AFEF7B3FF04463146287A1CB1BDE8EE
:104CD0007040F0F7CDB8EFF78FFD10B1046044607D
:104CE000846070BD022A10B508D1002300F1700164
:104CF0001A46007AEFF7A4FE022010BDFFF7DBFF93
:104D0000FAE738B5BDF81010BDF818401046A142BA
:104D1000059D0CD84CB16DB1641A9C42A8BF1C46CD
:104D2000A4B22246294402F0C9FD204638BD6FF0E6
:104D30000604FAE76FF00D04F7E713B5044610B95F
:104D4000002002B010BD00238DF8043042F60303AA
:104D5000006801A9ADF80630FEF74FFE0028EFD13C
:104D6000E36898880028ECD12046F0F729FA013052
:104D700080B2E6E770B5CC681E46A37988B00846D5
:104D80008DF80C301546FFF7D8FFADF80D002468FC
:104D900023786BB96388ADF80F3005230093314653
:104DA0002846BDF8302003ABFFF721FF08B070BDE7
:104DB000631C0DF10F02113453F8041BA34242F897
:104DC000041BF9D11323E9E71FB5CDE90123002323
:104DD0001A460093F0F734FA05B05DF804FBF0F7DB
:104DE00041BB38B5044659B100F170052946007A37
:104DF000F0F7ECFB2946207ABDE83840F0F72CB9F3
:104E000038BDF8B506460F46EFF7D4FC39460446E0
:104E10003046FEF70BFF48B344B304F108056FF0CA
:104E200001012846FFF77BFEC20703D5394630460D
:104E3000F0F7CCFB6FF002012846FFF770FE830706
:104E400003D539463046F0F707F92846FFF779FED3
:104E500060B9234603F8010BC4F80100C3F803004E
:104E6000D5E8EF3FC5E8E20F002AF9D1F8BD10B54B
:104E70000446A0F1170110F8180CFFF7C2FF14F850
:104E80000C0CA4F10B01BDE81040FFF7BABFFFF70F
:104E900058BD38B54C8AD3070546C4F30E0404D573
:104EA00014F0950F2AD04B6843B3900704D514F43F
:104EB000957F25D08B681BB3144014F4DE7F0DD092
:104EC000EB7A2BB92846FFF774F8D8B9052038BD1E
:104ED00014F0300F04D114F4C07F07D10020F6E79E
:104EE0002846FFF7B2F80228F5D8EFE7D5F8A0304A
:104EF000002BEBD05B7CDB06E8D5EFE70220E6E792
:104F00000320E4E70F20E2E7F8B514460F469422A9
:104F100061680646FFF7BDFF20BB0122304661688D
:104F2000F0F7E0FB08B3A2891B2130460232EFF70D
:104F300009FA0546E0B1A1890C300231E9F71CFEFF
:104F400020F8027BA289A16802F0B8FCD4E904121F
:104F500028460123FFF73FFD29463046BDE8F840CB
:104F6000EFF762BB4FF0FF30F8BD6FF01500FBE7C5
:104F70006FF00B00F8E72DE9F04105468846EFF7A2
:104F8000B5FC0446E0B1037ADB0719D500F10C0744
:104F90003846FFF7D6FD10F0010611D1B8F1000F29
:104FA0000FD06FF002013846FFF7B9FD10F0020F85
:104FB000284609D0FFF7EFFC01212046FFF7ECFD62
:104FC00001263046BDE8F081FFF7E3FC0028F8D069
:104FD0002846FFF7F5FC0028F3D06FF002013846B1
:104FE000FFF79DFD2846E5E7704701207047012047
:104FF000704713B5C068144668B100238DF80430BB
:105000004FF4C05301A9ADF80630FEF7F6FC10B915
:10501000236801332360012002B010BD07207047D0
:10502000D0E8AF0F084100F00100704738B50A46DC
:10503000034609B9012038BD488A10F0240FF9D081
:10504000197D5D7B147CA94228BF29468C4201D979
:105050000020F0E7800607D4517CC9070BD4187AEA
:10506000003818BF0120E6E70521181DFFF7D8FF1B
:105070000028F1D1ECE7197A0029E9D00521181DA3
:10508000FFF7CEFF18B9197A01390129E0D9527C0E
:10509000D207CFD4E3E701238B40DB43D0E8EF2FE7
:1050A0001A40C0E8E12F0029F8D170470720704767
:1050B00001238B40D0E8EF2F1A43C0E8E12F0029ED
:1050C000F8D1704708B50E21FFF7F2FF002008BDA8
:1050D00038B504210446F1F779F8054698B1102156
:1050E0000C30E9F749FD04F1270304F1370253F8C6
:1050F000041B934240F8041BF9D120462946F0F7DF
:10510000D9FF002038BD0820FCE770B5D0F8EC309E
:105110000446DB78012B19D1CD68061D10213046DD
:10512000FFF7B9FF2B4604F1B70205F1100153F860
:10513000040B8B4242F8040BF9D107213046FFF7EC
:105140006FFF28B109213046FFF7B2FF002070BD84
:105150000A213046FFF764FF0028F3D12046BDE85E
:105160007040F1F70FB907207047072070470720FC
:105170007047012303FA01F1CA4330B5D0E8EF3F8D
:1051800003EA0204C0E8E54F002DF7D101EA03006D
:10519000003818BF012030BD38B504460025031D76
:1051A000D3E8EF2FC3E8E15F0029F9D104F59C7043
:1051B000F8F778F82572D4E8EF3FC4E8E25F002AF8
:1051C000F9D12046BDE838400121FFF771BF70B525
:1051D00000F1700605460C4607223046096802F0C9
:1051E00089FBB8B963681A682A679A88A5F8742099
:1051F0009B7985F87630D5F8A0305BB1A2689342F0
:1052000008D062681168C3F801109188A3F80510EE
:105210009279DA7170BD2DE9F84FDDF82C800446E3
:1052200092461F46BDF82890F0F71AFF0546002861
:105230005CD0061DB9F1000F27D15AEA070324D12B
:1052400003213046FFF7ECFEF8B101213046FFF7AD
:10525000E7FED0B12C7D6B7B05F147019C4228BF56
:105260001C462246404602F029FB0F2C06D8494630
:10527000C4F1100208EB040002F02DFB30460121BE
:10528000FFF716FF0120BDE8F88FD4F8A03083B9EE
:1052900004F1700B5A462020217AF2F71FF9C4F866
:1052A000A00030B95A460120217AF2F717F9C4F864
:1052B000A000B9F1000F0CD15AEA070709D1D4F8C0
:1052C000A01031B14B8A9B0603D50C7C1E312246BF
:1052D000C8E70F213046FFF7A3FE20B102220621C6
:1052E0002046EDF737FA2846FFF756FF0020CAE7B9
:1052F0006FF08500704770B504460820F0F766FE31
:105300000546E0B1061D08213046FFF7C4FEBCB3D8
:105310000721FFF7C0FE234605F1970204F12001A3
:1053200053F8040B8B4242F8040BF9D10A213046A2
:10533000FFF776FE70B109213046FFF7B9FE07206E
:10534000F0F744FE0446E8B1F0F7D4FED0B10821EE
:10535000204612E010213046FFF762FE09210028A6
:10536000EAD13046FFF75CFE0028E8D02846F1F786
:1053700009F801460028E2D02846F1F7DDFCDEE717
:105380000B21F9E770BD70B50446A0F1EC0650F8AA
:105390004C3BE83CD3F8A050F7F784FF03212046AC
:1053A000FFF73EFEA0B108213046F1F735FC3DB1D4
:1053B0006B8A13B16B7C9B0702D52846F2F75CF928
:1053C0003046BDE870404FF4B872002102F083BA55
:1053D00001212046FFF724FE0028E4D10F212046BA
:1053E000FFF71EFE0028DED1E1E707B500210088A7
:1053F000F2F774FA019010B101A8F2F795FA03B030
:105400005DF804FB70B506460C464FF0FF304FF0D8
:10541000FF31EAF7B3FC0546D8B105210C30E9F7B6
:10542000ABFB3288028094F903200271A278C2702B
:105430000022827022788270617811B142F00202FB
:1054400082702946BDE87040002242F28D00EAF7E2
:1054500049BE6FF0680070BD70B506460C464FF04F
:10546000FF304FF0FF31EAF789FC0546002835D0C0
:1054700017210C30E9F780FB328802802278827095
:105480006288A0F80320A288A0F80520E288A0F88E
:1054900007202289A0F80920E268C272C2F307211E
:1054A000120C0173427322698273C2F30721120C3A
:1054B000C1730274227D29464274627D8274A27D8A
:1054C000C274E27D0275227E4275627E8275BDE8FD
:1054D0007040002242F29300EAF704BE6FF06800C9
:1054E00070BD10B5431E00F11002073013F8011F04
:1054F00012F8014D83421C701170F7D110BDF0B548
:105500000E4614461D4697B00146202205A81C9F52
:10551000F2F7B8FE202231460DA8F2F7B3FE21467D
:10552000102201A88DF85450F2F7ACFE3B46412200
:1055300005A901A8F2F760FF044610B93846FFF745
:10554000D0FF204617B0F0BD2DE9F04316461D46AA
:1055500097B00446DDE91F98102205A8219FF2F7B5
:1055600091FE1022314609A8F2F78CFE102229463E
:105570000DA8F2F787FE03221E9911A8F2F782FE0A
:10558000494611F8013BD9F801008DF847308B8866
:105590000622129012A8ADF84C30F2F773FE414685
:1055A00011F8013B06228DF84E30D8F801300DF18C
:1055B0004F00CDF84F308B88ADF85330F2F762FED4
:1055C0002146102201A8F2F75DFE3B46412205A9C3
:1055D00001A8F2F711FF044610B93846FFF781FF22
:1055E000204617B0BDE8F083F8B5069F054604696C
:1055F000C9B2EFF3118C402080F31288BFF36F8F94
:105600000C2606FB0146B06C00F0070EBEF1010F40
:1056100010D1B76400268CF31188BFF36F8F3EB9A9
:105620000C2041430C44C4E910236B685B58984735
:105630003046F8BD00F0C00087420CBF6FF077061F
:105640004FF0FF36E7E713B580240094FFF7CCFF57
:1056500002B010BD0069CBB200EB4310002110472F
:105660001046F6F771BF00F0CBB900F0CAB980223E
:10567000F2F75EBF40F272607047084608B5114607
:10568000FAF710FA002818BF6FF0040008BD08B53B
:10569000FAF768FB002818BF6FF0040008BDF7B5E3
:1056A0001C460023164682682360A3600D4653699A
:1056B000694601AA9847019B5A1E01921BB96FF0D7
:1056C000150003B0F0BD0098A268476821686760C4
:1056D00085B9B31AD0F800C0634528BF634603FB01
:1056E00007111A442160A26002689A4206D8083065
:1056F0000090E0E76B1AB3FBF7F3EBE70020E0E77D
:1057000013460022FFF7CBBF2DE9F0470024836842
:1057100086B0884691465B6902AA01A99847A246CD
:105720002546029BAB4202D806B0BDE8F0870026B2
:10573000019F07EBC5077B6804933A680AEB0603F1
:10574000B24202D89A460135EBE7494603940593E5
:1057500003A8C0470028E7D0049B01361C44ECE7AF
:1057600070B5037B04460BB100F05DF90026A0681C
:1057700000B970BDB0F5007F28BF4FF4007005463A
:105780000246D4E90010F3F71DF963682B44636007
:1057900023680BB12B442360A3685B1BA360002B21
:1057A000E5D0237B0136002BE1D0304600F03CF9F8
:1057B0000028DCD00120DCE741EA02030846C3F3FD
:1057C0000B0109B9F3F722B96FF0150070470846CD
:1057D00011461A4621B103431B0701D1F3F716B94D
:1057E0006FF015007047436800205B68DB680B6052
:1057F0007047436802EA01005B6821EA02015860D1
:10580000002099607047436800205B6859607047CA
:10581000436800205B689960704743685B681A685A
:1058200021EA020011405860002099607047F5F7A6
:1058300065BB08B50220F2F7C1FF002008BD0121B9
:10584000F3F722BD0021F3F71FBD10B5F4F77AFC82
:105850004FF0FF304FF0FF31F3F738FD044628B921
:10586000CBF7EEF9044618B1F3F738FD204610BD2A
:10587000F3F734FD2046E9F747FDF7E738B50B8A23
:105880000D463BB101F10C00FEF751F8012818D08C
:10589000022803D06FF01504204638BD4FF0FF30CA
:1058A0004FF0FF31F3F712FD04460028F4D1E86809
:1058B000DDF770FE0446F3F711FDACB1F3F78AFE95
:1058C000EAE74FF0FF304FF0FF31F3F7FFFC0446FB
:1058D0000028E1D1E868F3F72FFF0446F3F7FEFC58
:1058E000002CD9D1F3F776FE2846E9F77FF800249B
:1058F000D2E7F3F79FBE10B532220021044601F033
:10590000EAFF202323708023A3706FF03F036371AD
:105910000423A3720C2323732823A3730223E373AA
:105920006FF03F0323746FF01F0323750423A375E7
:10593000802323766FF0480363760323A3766FF00A
:105940001F03E3760E23237707236377302384F83E
:105950002030402384F82130792384F822307E23BC
:1059600084F82330802384F82630042384F82730F9
:105970006FF0650384F82C300C2384F8313010BDAF
:1059800008B50323E4F71FFD002008BD08B5F4F7B0
:10599000FBFB002008BD08B5FAF7E4F948B1002385
:1059A00083F31188BFF36F8F0423184602DF6FF073
:1059B000040008BD684620F007018D4601B5DCF7FC
:1059C000EFFBBDE8014085467047684620F00701BF
:1059D0008D4601B5DCF7D6FBBDE801408546704732
:1059E000684620F007018D4601B5DCF73DFFBDE8B4
:1059F00001408546704708B5E4F7FDF8002008BD72
:105A000070470020F4F7A0BC7047DBF7D1BA08B5A7
:105A1000DDF75EF930B1EFF305800338032894BF5A
:105A20000020012008BD7047012070470346002078
:105A30001847024610B5116891B1B1FA81F3C3F16C
:105A40001F000123834021EA0303D2E8EF4F8C4279
:105A500004D1C2E8EC3FBCF1000FF6D1EBD110BD90
:105A60006FF00B00FBE710B50368CB40DB0710D4E9
:105A700001238B40026843EA0201D0E8EF4F9442D1
:105A800004D1C0E8EC1FBCF1000FF6D1F2D1002028
:105A900010BD6FF01500FBE710B504460846F4F79B
:105AA00081FE04EB4004207DC0F3401010BD10B512
:105AB00004460846F4F776FE04EB4004A08A00F0A2
:105AC0001C00003818BF012010BD10B50446084660
:105AD000F4F768FE04EB4004207DC0F3400010BDE5
:105AE00010B50446FFF7F1FF20B12046BDE8104095
:105AF000FFF7D2BF10BD10B504460846F4F752FEBA
:105B000004EB4004A08A400B10BD70B50446084663
:105B10001646F4F747FE083034F810300D46DA0523
:105B200009D5C3F3432304EBC3023146284654F896
:105B3000333052689847A3682BB131462846E26853
:105B4000BDE87040184770BD2DE9F3411746DDE907
:105B50000858019001A80C461E46F4F765FE019B0B
:105B6000391E18BF012100EB8300231E18BF01233B
:105B7000002E43EA41030CBF00210C21002D43EA13
:105B800001030CBF00214FF47061B8F1000F43EA2C
:105B900001030CBF00214FF44031D0F880200B43AB
:105BA00022EA030304B124780FB13F787F001C433D
:105BB0000EB13678B6003C438DB1297809023443E2
:105BC000B8F1000F03D098F800804FEA084821434D
:105BD00041EA0801C0F8801002B0BDE8F081294612
:105BE000EDE71FB50DF10F03019300238DF80F10A2
:105BF0001A4619460093FFF7A7FF05B05DF804FBAE
:105C00002DE9F04700250446884617462E464FF0FA
:105C10000109AA46BE420CD1D4F8443133B1002365
:105C2000C4F84431D4F8443145F400352846BDE881
:105C3000F087F0B2F4F724FEA0F580739B0809FA10
:105C400003F318EA030F05D022581AB144F800A054
:105C500022581D430136DDE738B504460D46FFF7EF
:105C60001BFFA8B12046FFF730FF88B92046FFF799
:105C700042FF012322688340C2F81833236803EBF4
:105C80008000D0F8103523F00303C0F8103538BD7C
:105C90002846BDE838400021FFF7A3BFC9B2F5F799
:105CA000ADBD0369C26893429CBF81685B18013B2C
:105CB000981A70472DE9F0410546D0E90284406802
:105CC000A8EB0406964220440F46144406D901F07E
:105CD000F5FDBFF35F8FEC60BDE8F0813246A4EBC9
:105CE000080401F0EBFD22466868B919EFE72DE9D9
:105CF000F8430646894617464FF00008C5683369E1
:105D0000B4689D4228BF1B19641BBC4228BF3C4697
:105D1000013B5B1B9C4228BF1C46706849462246DB
:105D2000284401F0CBFDB3682544AB4208BF0025F1
:105D3000A044A1443F1BBFF35F8FF560002FDED16D
:105D40004046BDE8F88308B5F5F7E4FD002008BD3E
:105D500040B1C368587810F001001EBF1878B0FA3F
:105D600080F04009704710B400F10C04C0E903440E
:105D70000024446110BCE5F7E5BB10B582696AB147
:105D8000C36842EA0301890708D14169A2FB0114F3
:105D900024B95B182CBF0121002102D36FF015003C
:105DA00005E001619B1A42698A4201D8002010BDBA
:105DB000026901311A60826903619B1AF3E790F965
:105DC0000E308B4201D0F7F70BBF0020704703461F
:105DD0000020C3E90033C3E90200704710B5044650
:105DE00030B10268930703D0446809B100F077F935
:105DF000204610BD0023C0E90033836000F10C038E
:105E0000C0E903337047012307B5009300230A4616
:105E10001946F6F77DFA03B05DF804FB002307B5D9
:105E20000A4600931946F6F773FA03B05DF804FBCF
:105E300000210068FFF7D2BF3AB18A4205D3C0E91A
:105E40000212C0E90000002070476FF01500704793
:105E5000012302688B4022EA0303036022FA01F067
:105E600000F001007047704710B5032104460C3064
:105E7000FFF7EEFF30B104F11000F8F765FDB0FA5E
:105E800080F0400910BD20B1002294301146F8F78F
:105E9000C9BA704770B5C3680446C3F340069B0790
:105EA00016D4856802210C30FFF7D2FF80B1D5F8F7
:105EB0008C206AB194421DD122689EB9D5F89030E9
:105EC000C5F88C209C4201D1C5F8902000232360A6
:105ED000E36813F01F001EBF43F00203E36040F0CD
:105EE000020070BD3260D5F89020944208BFC5F81A
:105EF0009060EBE716461268DBE710B5F6F7C6FED2
:105F0000041E08DDEFF31180402383F31288BFF3F2
:105F10006F8FF7F725FF204610BDEFF3058000389F
:105F200018BF012070476FF057007047002070477E
:105F3000D0E9003213605A600023C0E90033704793
:105F400038B504460D46F7F701FC237C43F0020305
:105F50002374D5B1A5602B689D4209D16B68C4E953
:105F600000531C606C6010E06A689A42F6D01B68AF
:105F7000002BF3D093F90E1094F90E209142F3DD2B
:105F80005A68C4E9003214605C6038BD10B5037C07
:105F9000044613F0280F0CD183680BB1F7F78AFC85
:105FA000237C204623F004032374BDE81040F7F758
:105FB0006FBB10BDF7F746BC38B505460468002036
:105FC000AC4200D138BD002CFCD02046F7F772FC63
:105FD00004F11800F8F7B8FC2046F7F759FB2C68D5
:105FE0000120A542EDE708B5C3171F3043F10003B8
:105FF000400940EAC360C117F8F724F8400108BD22
:1060000008B50246F8F7B0FB70B1D0E904319B1A2D
:1060100061EBE272B3F1004F72F1000104DA002A81
:10602000ACBF1846002008BD6FF00040FBE708B584
:10603000F8F78AFD08BDF8F787BDB3F1FF3F08BF49
:10604000B2F1FF3F70B506461D46144614D01A4300
:1060500016D0002B08DBF8F777FD041941EB05019A
:10606000C6E90041304670BD6FF001031C1B4FF0C4
:10607000FF3363EB0501F3E74FF0FF342146EFE711
:106080000024FBE7B3F1FF3F08BFB2F1FF3FF8B5D3
:10609000074616461C4610D054EA020311D0F8F702
:1060A00053FDB0420A46A14103460AD2F31A64EBFB
:1060B0000204C7E900343846F8BD4FF0FF331C46F0
:1060C000F7E70023FBE70023C0E9081200F11802FC
:1060D000C0E90622C0E9003303634363704720B17F
:1060E000011F50F8040CF5F715BE70477047FFF715
:1060F0006EBE4FF0FF324FF0FF33F5F795BFF6F766
:1061000041B800207047704710B5044608B1F9F750
:10611000DFF82046BDE81040F9F7CAB80346C0686A
:10612000F8B15888E8B11B8803F44F42B2F5824FAA
:1061300002D0B2F5884F09D1DBB2272B2AD008D87C
:10614000172B0FD0222B34D0122B16D06FF08500D6
:106150007047302B2FD0413B012BF7D8FF2839D186
:1061600000207047C028FBD0E128F9D0B0F5807F2F
:1061700014BF6FF086000020704720F02003C02B72
:10618000EED020F08003B3F5807FE9D040F2092300
:106190009842EDE7E928E3D0EF28E1D040F21B1365
:1061A0009842DDD040F299139842D9D040F23B2377
:1061B000EEE7E928F1E720F02003C02BD0D020F053
:1061C0004003B3F5807FCBD0B0F5C07FC8D0B0F529
:1061D000007FCDE7B0F5E07FCAE73AB1002918BFEC
:1061E00000232121D21A184401F075BB70472DE914
:1061F000F04F9B46002389B08DF81B30159B9146CC
:10620000DDE912A7002B0D460B460CBF4FF40062D0
:106210004FF4806207A9DDF85080F9F7FBF90446D6
:10622000D0B9079E284631880DF11B02F9F76EFAA6
:10623000044688B99DF81B30BB421FD8CDE903380E
:10624000CDE901BACDF800902B46D6E909123046C7
:10625000FAF78EF8044608B1C8F800703A462146AD
:106260005046D8F80030FFF7B8FF0798F9F768FFF5
:10627000002C18BF204609B0BDE8F08F6FF08904EC
:10628000EAE741F2062398421AD8B0F5905F09D2A6
:1062900041F2010398420CD0B0F5885F09D06FF04D
:1062A000850070476923A0F5905080B2C340DB079A
:1062B000F5D511F0070F14BF6FF08600002070476E
:1062C000B0F5105FEBD121F04003802B06D0B1F583
:1062D000807F14BF6FF08600002070470020704759
:1062E00070B5446A05460E463CB90120F8F7DAFF5E
:1062F000686228B12046AE6270BD6FF08A00FBE78D
:106300006FF08C00F8E7F8B51E460F461546038877
:10631000C2B103F4E043B3F5805F02D0B3F5005F90
:1063200010D1089BE90019600088FFF7AAFF044616
:1063300030B92A463946304601F0C0FA079B1D6045
:106340002046F8BD6FF08504FAE710B50446406AB0
:1063500010B1A16AFFF7D8FE0020C4E9090010BD02
:1063600038B50446FFF7F1FF237F012B0FD0023B26
:10637000012B0FD8236A012B14BF6FF0960500255F
:106380002C220021204601F0A6FA284638BD236AB7
:10639000002BF1E76FF09605F2E738B51446028856
:1063A000049D02F4E040B0F5805F07D0B0F5005FD7
:1063B00004D002F44F42B2F5824F0ED1AC420FD856
:1063C0001846224601F07AFA00212A1B204401F0E7
:1063D00082FA0020059B1C6038BD6FF08500FBE74A
:1063E0006FF08900F8E7F0B50F461E46154685B0F8
:1063F000CAB100230122336003A9F9F70BF904465F
:1064000070B9CDE9005603983B46D0E90912F9F777
:106410004DFF04460398F9F793FE002C08BF04468D
:10642000204605B0F0BD6FF08904F9E7F0B50F46DE
:106430001E46154685B0FAB1002303A91A463360FB
:10644000F9F7E8F8044688B9039803885B0410D587
:10645000CDE900563B46D0E90912F9F73BFF044667
:106460000398F9F76DFE002C08BF0446204605B0DE
:10647000F0BD6FF08604F3E76FF08904F6E710B51E
:106480000368044643B100F031F900232360A38878
:106490006FF30803A38010BD1846FCE72DE9FF4108
:1064A000984600230C4601680546164603930029CA
:1064B00039D14FF4C272083001F00DFAB8F1000F73
:1064C000204633460CBF4FF400624FF4806203A9AC
:1064D000F9F7A0F80446B8B9039F304639882A1D59
:1064E000F9F714F9044678B96B79394668F3000373
:1064F0006B71D7E9092328460096B8F1000F0FD039
:10650000F9F760FF044610B12846FFF7B8FF03987B
:10651000F9F716FE002C18BF204604B0BDE8F08144
:10652000F9F774FFEEE76FF08804EDE70123FFF75A
:10653000B5BF38B50368054614464BB132B100F01B
:10654000C0F8044610B12846FFF799FF204638BD31
:106550006FF08804FAE72DE9F04116460268054617
:106560000F469846F2B14279D2071BD50279CAB1DB
:10657000B2421AD800F0AEF8044618B10023C8F8A9
:1065800000602B7137B1324621463846D8F80030CA
:10659000FFF723FE2846FFF772FF002C18BF2046A6
:1065A000BDE8F0816FF08804E8E76FF08904E5E763
:1065B0001FB501240394089C0294079C0194069C37
:1065C0000094FFF714FE04B010BD2DE9F047054616
:1065D0009A46002388B0079325F0004323F47F03F5
:1065E000B3F1106F0846DDE910961746DDF84880D4
:1065F00023D12B464FF4804207A9F9F70BF8044644
:1066000060B9CDE90368CDE901A9079800972B4649
:10661000D0E90912F9F71EFF044628B13146484671
:10662000F9F740FAC8F800600798F9F789FD002CDF
:1066300018BF204608B0BDE8F0876FF08604EDE78C
:1066400003461B88084603F4E043B3F5805F114618
:1066500002D0B3F5005F01D1F9F724BA6FF08500DD
:1066600070471C22002101F036B9037F022B06D1AE
:10667000036A5A1C03D001330362002070476FF095
:1066800096007047034668B1017F8A1E012A0BD825
:106690000329026A03D1012A01D1FFF761BE1AB1B1
:1066A000013A1A62002070476FF096007047C0B23E
:1066B000FF280CBF6FF0860000207047F9F74CBF31
:1066C00070470368052B02D10830FAF74BBA6FF018
:1066D0008600704710B40468052C03D110BC083044
:1066E000FAF758BA6FF0860010BC70470368052BA4
:1066F00002D1083000F0D7B8002070470020FAF728
:1067000005B90020FAF73CB9002000F0C6B8E4F75C
:10671000EBBB0A2842DCC31C1FDA10F1400F45D046
:1067200010F13F0F2BDA10F1410F42D010F1550F4D
:1067300042D010F1490F14BF6FF086006FF0840053
:10674000704709282DD8DFE800F0052C2C2F172CD6
:10675000372C2C3A6FF09800704703300D2820D862
:10676000DFE800F00A331F221F1F1F1F1F1F071F14
:106770001F076FF0940070476FF08500704710F1AD
:10678000210F1FD00DDB10F1200F1ED010F1100FC4
:1067900014BF6FF086006FF09400704764380928CA
:1067A000CFD96FF086007047002070476FF08400EB
:1067B00070476FF0890070476FF0930070476FF07B
:1067C0008C0070476FF0880070476FF09200704740
:1067D00010B501380A44914200D110BD10F8013FB4
:1067E00011F8014B63400370F5E70144814200D189
:1067F000704711F8013D1A440A70120AF6E730B5E5
:10680000002503F58073013A002A0ADAD8B228433A
:1068100003D0FF2B94BF00200120FF2B98BF01382D
:1068200030BD845C1C448B5C013AE41A230AE4B258
:10683000FF332543E8E707B501A9F9F7B5FF0038AD
:1068400018BF012003B05DF804FBF7B506460D46FE
:10685000202D2F46A8BF202700216846FBF71AF8F5
:10686000044670B93A4631466846FBF765F810F1C0
:10687000520F044608D0431CF4D0684600F00AFCCE
:1068800034B1204603B0F0BD684600F003FCE3E7F6
:10689000EC1B3E44F5D02546DAE700207047FAF7B6
:1068A0000FB9FAF70DB908B54FF4C27100F0CFFF78
:1068B000002008BDF0B504461F460D461646E5B05B
:1068C0004FF4C272002103A801F005F821463346B7
:1068D0002A46009703A8FAF7F3F8044670B9DDE9F1
:1068E0006A1203A8FAF73EF9044638B9DDE96D23C8
:1068F0006C9903A8FAF74EF9044610B103A8FFF704
:10690000D2FF204665B0F0BD90F84C3013B1503046
:1069100000F0F8BAD0F8543113B1D0F85C01184740
:10692000184670472DE9F047044680688946904232
:10693000174609D3201A1C3000F0C0FFA368DB1BE8
:10694000A3600020BDE8F08704F1640A01215046ED
:10695000FBF76CF8064618B1BDE8F047FFF7D9BE63
:106960002046FFF7D1FF054600284BD1A26832F040
:10697000100309D0A01A49461C3000F09FFF2A4698
:10698000A368A5609944FF1A07F1FF3828F00F08A3
:10699000A7EB080662B9102204F10C0104F15000C3
:1069A00000F020FA80BB1023A360012384F84C3050
:1069B000B8F1000F1CD04246494604F1500000F0E7
:1069C00011FA0546C0B9012384F84C3004F1500790
:1069D000384600F0F5FA054670B9384600F04DFB30
:1069E000054648B9402104F10C0000F030FF03E0F7
:1069F00094F84C30002BE9D15046FBF705F82DB147
:106A00002846A9E7B046F7E70546F5E7002E98D0F7
:106A1000324609EB080104F10C0000F04FFFA368B7
:106A20009B1B8DE7F8B543680546102B2FD800F166
:106A3000640601213046FAF7F9FF18B1BDE8F840C5
:106A4000FFF767BE2846FFF75FFF0446D0B9AA6884
:106A500005F15007102A05F10C050AD129463846E0
:106A600000F0F1F9044668B9384600F006FB044628
:106A700008E029463846C2F1100200F0B3F9044696
:106A80000028EBD03046FAF7BFFF2046D6E76FF07C
:106A90008600F8BD2DE9F04107463C88184604F40D
:106AA0004F43B3F5824F0D469046079E02D0B3F593
:106AB000884F0FD1E4B2A4F14103012B01D9122C6C
:106AC0000BD14246294600F0F9FE0020C6F80080AE
:106AD000BDE8F081B4F5885FF2E77B88069A07335A
:106AE000B2EBD30F4FEAD30408D30146224628461F
:106AF000FAF7D2F80028EBD13460E9E76FF08900AB
:106B0000E6E7FAF777BAC0F30253013B10B5052B5D
:106B100021D8DFE803F01B0B0B0B0313032300F05A
:106B200030002028136013D0002010BD0B8844F2E1
:106B300012118B420CBF04230223F0E70B8844F2AE
:106B400012118B420CBF06230323E8E70123E6E77B
:106B500002331360E8E76FF09800E6E713B50C46E0
:106B6000F9F722FEC31C0FD0013009D004224FF0E8
:106B7000FF3321460DEB0200019300F0BBFE30B95C
:106B80006FF08B0002B010BD6FF08400FAE70020B8
:106B9000F8E730B589B0054618220C4601A8002157
:106BA00000F099FE012344EA052401A9BA200794C4
:106BB0000593F9F7A1FD002818BF6FF0920009B006
:106BC00030BDF7B5BA2001A9F9F7EEFD044610B1C2
:106BD000002003B0F0BD019D2F0AEDB2AC4205D1FB
:106BE000BA20F9F7C7FD0028F2D008E0E6193046D0
:106BF000F9F7C0FD30B13046FFF71DFE10B96FF058
:106C00009200E6E70134E9E738B503780446033338
:106C100003F00303012B0FD86FF0210038BD60781B
:106C20002844F9F799FD48B901352378C3F3820365
:106C30009D42F4D30020F1E70025F6E70220EDE7BE
:106C400008B5F820FFF7F7FD18B9F920FFF7F3FDB5
:106C500010B16FF0920008BDF820F9F77DFD002813
:106C6000F7D1F920F9F778FD0028F4D0F1E743686F
:106C7000A3F11001914241D8012243F80C2C53F8A2
:106C8000042C42F0200243F8042C53F8082C42F064
:106C9000005243F8082C836800F11402A3F110019C
:106CA00091422FD8012243F80C2C53F8042C42F0C7
:106CB000200243F8042C53F8082C42F0005243F809
:106CC000082CC36803F15402BFF35F8F4FF0A34356
:106CD0001A60BFF35F8FC2680432BFF35F8F1A611F
:106CE000BFF35F8FBFF35F8F03225A63BFF35F8FE2
:106CF000BFF35F8F9A63BFF35F8F7047103242F824
:106D00000C2CB7E7103242F80C2CC9E738B5BFF3AA
:106D10005F8F4FF0A344E569BFF35F8FBFF35F8FD1
:106D200010236363BFF35F8F012000F05CFDBFF3AE
:106D30005F8F00236363BFF35F8FBFF35F8FE36BEE
:106D4000BFF35F8F5B06F8D425B1BFF35F8FE561BA
:106D5000BFF35F8F38BD08B5FAF704FF30B9BFF352
:106D60005F8F4FF0A343986ABFF35F8FBFF35F8FCE
:106D70004FF0A342D36BBFF35F8F10F0240F03F0EB
:106D8000230304D0FFF7C2FF6FF01F0008BD4FF0D0
:106D9000FF30002BFAD1BFF35F8F1063BFF35F8F1B
:106DA0001846F3E7026913690BB150691847184692
:106DB000704708B5826803465AB902681169426A89
:106DC000114206D0FFF7EEFF002808BF6FF0530016
:106DD00008BD03F11400702103F17802FFF747FFAB
:106DE0000020F5E710B5047D03464CB3B2F1807F77
:106DF00006D3FFF7D7FF002808BF6FF03F0010BD94
:106E00004468062C06D9FFF7CDFF002808BF6FF0B5
:106E10004400F4E70AB90020F1E78069016099694C
:106E20008A60186899698069C068C860996910317A
:106E30009961596801315960996811449960EAE78C
:106E40006FF02000DBE710B4037D002B56D0836881
:106E5000C3B9836900F124021A60036882691B6860
:106E6000013343F000539360046882692368A46986
:106E70000133E4681B0203F4F8532343D3608369AE
:106E800010338361036882681C68131923EA0403C2
:106E900084699B1A54F8042C42EA032244F8042C17
:106EA000826952F8084C234443F0005342F8083CEE
:106EB00003681A68C368134423EA0203C2691160B5
:106EC000C269C1689160C26902F11001C161C16803
:106ED0008B420AD000211161C168C2695B1A43F07C
:106EE00080439360C3691033C3610368DA68436AFF
:106EF00023EA0203436210BCFFF75BBF6FF0200080
:106F000010BC704738B5037D0446002B52D003688F
:106F10005B69002B51D00269D3685BB15069984717
:106F2000054638B12046FFF73DFF002818BF05464B
:106F3000284638BD214651F8783B626A9B6904F1C6
:106F400014001B68FAF766FC0123636023699A68E2
:106F50009AB9A2691B6813602369A2695B6843F050
:106F6000005393602268A36992699268DA60A3690A
:106F70001033A3616368013363600025236AA2694B
:106F8000C43313602368A2695B6943F000539360C4
:106F90002268A36992695268DA60A3692268103393
:106FA000A3616368013363601269636AA560134378
:106FB0006362BDE76FF02005BAE76FF04705B7E7FA
:106FC00038B5027D0346002A40D002688168946883
:106FD0008C4206D9FFF7E6FE002808BF6FF0530089
:106FE00038BD5468B1FBF4F504FB151434B1FFF758
:106FF000D9FE002808BF6FF04500F1E7416AD0686C
:1070000001435962D3E90701C4315269016018682C
:10701000D96940690F328860D96922F00F0201F105
:107020001000D8611868406990420AD00C61186855
:10703000D9694069121A42F080428A60DA691032D6
:10704000DA611846BDE83840FFF7B3BE6FF02000A4
:10705000C6E738B5037D054663B1FFF77CFE431CE8
:10706000044605D02846FFF79DFE002818BF0446B9
:10707000204638BD6FF02004FAE710B5037D0446C2
:107080002BB12046FFF7E5FF431CFAD010BD6FF08F
:107090002000FBE710B5037804461BB1F9F726FA88
:1070A00000232370002010BD0368D868C0F300409F
:1070B0007047036803F58053586A00F4A020003835
:1070C00018BF01207047022203689A607047036866
:1070D000D868FAF7E9BD024608B51046FFF7E4FFA5
:1070E0000028FAD1BDE808401046FFF7F0BF03685A
:1070F0005A5070470369996670470369986E7047E4
:10710000C0F30B03482B4B6028BF482310F4003F0B
:107110008B6008BF0023CB6010F4803308BFC1E947
:10712000013300F47003B3F5700F14BF00238B68B4
:1071300000284FF0010C4FF008028B60B8BF00230D
:10714000C1E905C2B8BFC1E9053370472DE9F04771
:107150009946058843888AB003F10708009305F42F
:107160004F43B3F5824F04468A4617464FEAD80686
:1071700002D0B3F5884F3FD1EDB22022002102A802
:1071800000F0A9FB0023BE42C9F8003041D8B8F591
:10719000847F41D220466A463946FAF7B3FE044658
:1071A00030BB2846009901AAFAF7EEFD0446F8B96B
:1071B000A5F14103012B21D8324602A9F9F7E0FBE2
:1071C00028BB314602A800F010FB40BB412D04D182
:1071D000202E02D102A800F076FA3246504602A9CB
:1071E00000F06CFB202102A800F031FBC9F8006020
:1071F00020460AB0BDE8F0870025BEE73A46514672
:10720000019800F06BFA0028ECD0FFF782FA0446F0
:10721000EEE76FF08904EBE76FF08504E8E76FF0C5
:107220009304E5E72DE9F341DDF820801E4643880D
:1072300042450F461546019315D8294601AAFAF78B
:1072400061FE044658B92B463A464146304600F0A6
:10725000E1FA58B10A9B019A1A60099B1D60204609
:1072600002B0BDE8F0816FF08904F8E76FF08604A2
:10727000F5E72DE9F0431F460688438895B0029351
:1072800006F44F43B3F5824F0546144602D0B3F5DA
:10729000884F2FD1F6B20A462346412103A8D5F8DC
:1072A0000C9000F0B7FA38B31C9B9C4227D82846B4
:1072B000214602AAFAF726FE0546B8B9122EDDF8D5
:1072C000088001D0302E07D142463146484600940E
:1072D00003ABFAF7E1FDA8B92246384603A900F04E
:1072E000EDFA1E9BC3F800801D9B1C60284615B05C
:1072F000BDE8F0830026CEE76FF08605F6E76FF075
:107300008905F3E70546F1E78B4238B505460C469B
:10731000104607D30A46294600F0D0FA0020049B05
:107320001C6038BD6FF08900FBE710B59EB00246C7
:1073300046F611031AA901A8FAF76CFA0023039A7A
:1073400010211360039A01A89360039B1AAA1033BB
:107350000393FFF78CFCFFF7FEFC431C0446FAD0B6
:1073600001A8742100F073FA20461EB010BDF8B5D4
:107370000668054696420C46A2EB060701DDE7F7D4
:1073800041F93946204600F03FF832466968E01975
:10739000BDE8F84000F054B8FFF7E9BFF8B507467C
:1073A0001646D2E900208A420C460BDB551A2946C4
:1073B00000F02AF82246394670682844BDE8F840B3
:1073C00000F07CBA891A3944F8E770B514460E46C5
:1073D0001D4621461A46FFF7E1FF2146304605F1DA
:1073E0000802BDE87040FFF7D9BF70B505461646E4
:1073F0001C461A46FFF7BBFF2246314605F108003E
:10740000BDE87040FFF7B3BF38B503460C4699B1ED
:107410000022590703D0013C03F8012BF9D124F0D5
:107420000F052A460021184600F055FA03460021B0
:10743000421923449A4200D138BD02F8011BF9E7F2
:107440008B18991A12B110F00F0F01D100F036BA53
:107450000978013AC9B200F8011BF2E770B5064697
:107460000D461446FFF749FE013D026844EA052433
:10747000304622430421BDE87040FFF738BE73B5A3
:107480000546D0E90146CDE90023FFF736FE006846
:10749000ED68C0009DF800209DF8073004EB06144D
:1074A000A5F1080114D502F03F0242F0200243F09A
:1074B0000103601B8DF800208DF80730FFF7A4FF53
:1074C000083C082269462046FFF7BAFF02B070BDAB
:1074D000A41B03F03F0342F0010243F0200304F138
:1074E00008008DF800208DF80730FFF78DFFE8E7E2
:1074F00010B50446FFF701FEC2684AB142F42022EB
:107500002046BDE81040002142F40062FFF7EFBDC5
:1075100010BDC06870472DE9F8430A680C4612F4A4
:10752000700F15D1D0E90159D1F80880FFF7E5FDBA
:1075300003682046DB0048BF63684FF0000744BF84
:10754000A9EB0303ED1800F0B0F80646B74201DBE3
:10755000BDE8F883414628466268FFF771FF63681B
:107560004D4498440137F1E770B50C461E4610466D
:10757000D1E9012505EB42052946FFF761FF626865
:107580003046A918BDE87040FFF75ABF38B5044629
:10759000FFF7B3FDD4E9013501684268C90042BF75
:1075A000E168691A5B18002112B904F1140038BDB2
:1075B000D00707D50B2901D9E7F724F804EB8100A0
:1075C000436101312B445210EEE72DE9F04F0446A0
:1075D00085B00E4691460193FFF78FFDD4F848A081
:1075E0000546BAF1000F07D02046FAF743FB1025F5
:1075F000284605B0BDE8F08F8768D4E9018BFAF71B
:10760000DBFA326811064CBFC26842687168914269
:1076100004DD2046FAF72EFB0D25E9E7E16032682C
:10762000204649EA02092A6949EA0202FFF716FFE1
:107630002A68D20003D5E268ABEB020290443FB95E
:1076400031462046FFF767FF2B696BB90025CFE76E
:10765000FB0748BF019B4FEA670744BF43F82A80F6
:107660000AF1010AD844EAE702A800F043F8054607
:1076700018B12046FAF7FEFABAE72046DDE9022300
:10768000FFF7FDFE08210DEB010000F0E0F8DDE75B
:1076900010B50446FFF72CFFBFF35F8F032220468F
:1076A000BDE810400821FFF722BD0368024613F42D
:1076B000700F06D1806828B1D368506893FBF0F052
:1076C000704700207047037823F007030370C37FDF
:1076D00003F07F0343F04003C37770470B46D0E9C4
:1076E00001108A42084402D31A4600F019B86FF01C
:1076F0004000704710B50446FAF75EFA436963B17B
:107700002046FAF71DFB50B9D4E900321343F7D0F5
:10771000201DBDE81040FAF713BB6FF0020010BD4A
:107720002DE9F0470446104639B12246002316469B
:1077300012F8015B35B98B4202D16FF0530435E08A
:107740000133F4E78B42F8D04A1E9A4201D1022D50
:10775000F3D9A25CD2072FD5FF2415EA040228D161
:10776000E443A1EB0308C71800F066F8E5B208EBA4
:10777000070A424639460020F9F702F90446E8B9FB
:107780003B7881462B403B703B4613F8012B9A45D2
:1077900049EA0209F9D10023424631463846FFF74B
:1077A0002EF8B9F1000FE4D00028E2DA2046BDE857
:1077B000F0876400E4B2D0E76624F7E70224F5E737
:1077C000FAF728BE07B54FF0FF334FF0FF32CDE98F
:1077D0000023002200F06FF803B05DF804FB00F016
:1077E00066B800F060B8FEF7FEBB002313B58DF855
:1077F00007308B4206D19DF80700B0FA80F04009AF
:1078000002B010BDC45C9DF80720013322438DF8FF
:107810000720EEE78B4230B50CD8002421469C426D
:1078200003D1081E18BF012030BD155D0555294341
:107830000134F4E70020F7E710B58B4294BFC41879
:107840004418A04200D110BD00F8012BF9E7002335
:107850001A4682B001908B4201D102B07047019864
:10786000C2540133F7E710B50B680446D0E918029B
:1078700012F0010F03EA000301D0984211D183B145
:107880002366520748BF4A6804F1180044BF1A43F0
:107890004A60F7F759F800232046C4F88030FEF715
:1078A00075FB002010BD4FF0FF32FAF7EBBC0A4623
:1078B0000021FAF7E7BC5200FAF724BD0A44431E40
:1078C000914200D1704710B511F8014B914203F875
:1078D000014FF9D110BD02440346934200D17047D5
:1078E00003F8011BF9E7044608B5FBF79BF82046AF
:1078F000E6F796FE0139024410B5904201D100200E
:1079000005E0037811F8014FA34201D0181B10BD08
:107910000130F2E70139034610B532B111F8014FD9
:10792000013A03F8014B002CF7D11A44002193428D
:1079300000D110BD03F8011BF9E70246014410B560
:107940008A42134603D01C780132002CF8D1181A51
:1079500010BDF0B5C3F13707044603F01F0310460E
:10796000FFB2082BE6B232D0102B3DD06508A40838
:1079700045EAC17544EA81748A082D1942EB510227
:10798000290941EA02716D1842EB1212290A41EAF3
:1079900002616D1842EB1222290C41EA02416D1876
:1079A00042EB1242AD1842F10002EC0844EA427484
:1079B000D10804EB8402A6EB4205EDB2092D0CD9E7
:1079C0000134A5F10A0541F10001EDB212E0E4082D
:1079D00006F0070544EA4174C908303554EA01024B
:1079E00000F8015BBDD1F0BD240906F00F0544EAA3
:1079F00001740909092D84BFED19EDB2EDE7D1E954
:107A0000043293421EBF5A1C0A611870704700006E
:107A1000C62BFE7F0100000081EC01000000000089
:107A2000FD8E02000000000000000000E07A03006C
:107A3000475D030000000000D5BC0200000000000C
:107A400099BD02000000000000000000187B030048
:107A500000000000347B030000000000FC7A0300FB
:107A6000E588020000000000D5A10200000000002F
:107A7000F75903000000000000000000507B0300E5
:107A8000335803000000000059E601000000000028
:107A9000000000006C7B030079AE010000000000D4
:107AA000A1C702000000000000000000887B030066
:107AB0005DF10100000000008D590300000000008E
:107AC000975903000000000011F7010000000000BA
:107AD00071C901000000000059CE01000000000043
:107AE00025EC03005494030060840300C4170020B5
:107AF000A4690020CD8502000000000017ED0300FE
:107B0000949403003C840300CA170020106A0020EC
:107B1000698E02000000000023ED0300A89403001A
:107B20003C840300CC1700201C6A0020698E0200F0
:107B3000000000002EED0300BC9403003C84030011
:107B4000CE170020286A0020698E02000000000085
:107B50004CEC0300000000001C840300C61700204A
:107B6000000000008F5603000000000027F0030013
:107B70000000000000950300D0170020386A0020A4
:107B8000B99402000000000054EC03000000000063
:107B900024840300C8170020000000006D89020043
:107BA00000000000000000001B380300000000007F
:107BB0001B380300000000001B3803000000000019
:107BC0001B380300000000001B3803000000000009
:107BD0001B380300000000001B38030000000000F9
:107BE0001B380300000000001B38030000000000E9
:107BF0001B380300000000001B38030000000000D9
:107C00001B380300000000001B38030000000000C8
:107C10001B380300000000001B38030000000000B8
:107C20001B380300000000001B38030000000000A8
:107C30001B380300000000001B3803000000000098
:107C40001B380300000000001B3803000000000088
:107C50001B380300000000001B3803000000000078
:107C60001B380300000000001B3803000000000068
:107C70001B380300000000001B3803000000000058
:107C80001B38030000000000ADA20200000000004D
:107C90001B380300000000001B3803000000000038
:107CA0001B380300000000001B3803000000000028
:107CB0001B380300000000001B3803000000000018
:107CC0001B380300000000001B3803000000000008
:107CD0001B380300000000001B38030000000000F8
:107CE0001B380300000000001B38030000000000E8
:107CF0001B380300000000001B38030000000000D8
:107D00001B380300000000001B38030000000000C7
:107D10001B380300000000001B38030000000000B7
:107D20001B380300000000001B38030000000000A7
:107D30001B380300000000001B3803000000000097
:107D40001B380300000000001B3803000000000087
:107D50001B380300000000001B3803000000000077
:107D60001B380300000000001B3803000000000067
:107D70001B380300000000001B3803000000000057
:107D80001B380300000000001B3803000000000047
:107D90001B380300000000001B3803000000000037
:107DA0001B380300000000001B3803000000000027
:107DB0001B380300000000001B3803000000000017
:107DC0001B380300000000001B3803000000000007
:107DD0001B380300000000001B38030000000000F7
:107DE0001B38030000000000BD1A03000000000063
:107DF0001B380300000000001B38030000000000D7
:107E00001B380300000000001B38030000000000C6
:107E10001B380300000000001B38030000000000B6
:107E20001B380300000000001B38030000000000A6
:107E30001B380300000000001B3803000000000096
:107E40001B380300000000001B3803000000000086
:107E50001B380300000000001B3803000000000076
:107E60001B380300000000001B3803000000000066
:107E70001B380300000000001B3803000000000056
:107E80001B380300000000001B3803000000000046
:107E90001B380300000000001B3803000000000036
:107EA0001B380300000000001B3803000000000026
:107EB0001B380300000000001B3803000000000016
:107EC0001B380300000000001B3803000000000006
:107ED0001B380300000000001B38030000000000F6
:107EE0001B380300000000001B38030000000000E6
:107EF0001B380300000000001B38030000000000D6
:107F00001B380300000000001B38030000000000C5
:107F10001B380300000000001B38030000000000B5
:107F20001B380300000000001B38030000000000A5
:107F30001B380300000000001B3803000000000095
:107F40001B380300000000001B3803000000000085
:107F50001B380300000000001B3803000000000075
:107F60001B380300000000001B3803000000000065
:107F70001B380300000000001B3803000000000055
:107F80001B380300000000001B3803000000000045
:107F90001B380300000000001B3803000000000035
:107FA0001B380300000000001B3803000000000025
:107FB0001B380300000000001B3803000000000015
:107FC0001B380300000000001B3803000000000005
:107FD0001B380300000000001B38030000000000F5
:107FE0001B380300000000001B38030000000000E5
:107FF0001B380300000000001B38030000000000D5
:108000001B380300000000001B38030000000000C4
:108010001B380300000000001B38030000000000B4
:108020001B380300000000001B38030000000000A4
:108030001B380300000000001B3803000000000094
:108040001B380300000000001B3803000000000084
:108050001B380300000000001B3803000000000074
:108060001B380300000000001B3803000000000064
:108070001B380300000000001B3803000000000054
:108080001B380300000000001B3803000000000044
:108090001B380300000000001B3803000000000034
:1080A0001B380300000000001B3803000000000024
:1080B0001B380300000000001B3803000000000014
:1080C0001B380300000000001B3803000000000004
:1080D0001B380300000000001B38030000000000F4
:1080E0001B380300000000001B38030000000000E4
:1080F0001B380300000000001B38030000000000D4
:108100001B380300000000001B38030000000000C3
:108110001B380300000000001B38030000000000B3
:108120001B380300000000001B38030000000000A3
:108130001B380300000000001B3803000000000093
:108140001B380300000000001B3803000000000083
:108150001B380300000000001B3803000000000073
:108160001B380300000000001B3803000000000063
:108170001B380300000000001B3803000000000053
:108180001B380300000000001B3803000000000043
:108190001B380300000000001B3803000000000033
:1081A0001B380300000000001B3803000000000023
:1081B0001B380300000000001B3803000000000013
:1081C0001B380300000000001B3803000000000003
:1081D0001B380300000000001B38030000000000F3
:1081E0001B380300000000001B38030000000000E3
:1081F0001B380300000000001B38030000000000D3
:108200001B380300000000001B38030000000000C2
:108210001B380300000000001B38030000000000B2
:108220001B380300000000001B38030000000000A2
:108230001B380300000000001B3803000000000092
:108240001B380300000000001B3803000000000082
:108250001B380300000000001B3803000000000072
:108260001B380300000000001B3803000000000062
:108270001B380300000000001B3803008C15002091
:108280002F580300000000001B380300000000000E
:108290001B380300000000001B3803000000000032
:1082A0001B380300000000001B3803000000000022
:1082B0001B380300000000001B3803000000000012
:1082C0001B380300E5B602002D5A03000000000031
:1082D0001B380300000000001B38030000000000F2
:1082E0001B380300000000001B38030000000000E2
:1082F0001B380300000000001B38030000000000D2
:108300001B380300000000001B38030000000000C1
:108310001B380300000000001B38030000000000B1
:108320001B380300000000001B38030000000000A1
:108330001B380300000000001B3803000000000091
:108340001B380300000000001B3803000000000081
:108350001B380300000000001B3803000000000071
:108360001B380300000000001B3803000000000061
:108370001B380300000000001B3803000000000051
:108380001B380300000000001B3803000000000041
:108390001B380300000000001B3803000000000031
:1083A0001B380300000000001B3803000000000021
:1083B0001B380300000000001B3803000000000011
:1083C0001B380300000000001B3803000B5A030099
:1083D0002D5A0300000000001B38030000000000BD
:1083E0001B380300000000001B38030000000000E1
:1083F0001B380300000000001B38030000000000D1
:108400001B380300000000001B3803001415002077
:108410002F580300000000001B3803007B560300A8
:108420000000000095890200CF570300B9570300F0
:1084300055890200458902005D8902006D8C0200A9
:10844000E7570300F35703000758030011580300D0
:108450001B580300658B0200958A02000000000093
:10846000258602006F5603004756030000000000F7
:10847000FD84020000000000000000000500000074
:10848000F52E0200060000008560020004000000D6
:108490007940020045370300613703000000000007
:1084A00000000000000000000000000000000000CC
:1084B00000000000000000000000000000000000BC
:1084C00000000000000000000000000000000000AC
:1084D000000000000000000031D501000000000095
:1084E000000000000000000000000000000000008C
:1084F000000000000000000000000000000000007C
:108500000000000045D5010000000000F1D401008A
:108510000000000021B0010051AF01000000000088
:10852000000000000000000000000000000000004B
:108530000000000005B0010000000000D9B00100FB
:108540000000000000000000E9AF01007DAF010065
:108550000000000000000000EB53030000000000DA
:10856000000000000000000000000000000000000B
:1085700000000000000000000000000000000000FB
:1085800000000000000000000000000000000000EB
:1085900000000000000000000000000000000000DB
:1085A000000000000000000019560200000000005A
:1085B00000000000000000000000000000000000BB
:1085C00000000000000000000000000000000000AB
:1085D00000000000F492030008000000348E030045
:1085E00007000000DC8E030012000000E6B103006B
:1085F000030000003FD00300030000003ADA03004C
:108600000300000002C3030003000000E6D40300DF
:108610000300000094EB0300030000008EEB030056
:108620000300000009C3030003000000B2D10300EF
:1086300003000000E2DE03000300000018CD030089
:1086400003000000D7CF0300030000000FE5030084
:1086500003000000E0D603000300000019C103007E
:108660000300000044F003000300000032F00300A8
:10867000030000005AC203000300000047E30300A8
:1086800003000000DDEB03000300000032B3030031
:10869000030000003EEC03000300000036F6030078
:1086A00003000000F6ED03000300000020EE0300CD
:1086B00003000000BEB60300030000006DEC0300E1
:1086C00003000000CCF103000300000097B5030095
:1086D00003000000E2F0030003000000BABF030043
:1086E00003000000D2C003000300000006C1030025
:1086F000030000004AF103000300000029F4030016
:10870000030000002AB3030003000000CEB90300F9
:10871000030000005DC203000300000015C1030058
:108720000300000097B303000300000057C20300DA
:10873000000000000000000029EE0100C5F001006B
:1087400000000000C5DD0300010000000000000083
:108750002B4A03000000000000000000D6DE0300EA
:1087600001000000000000006D4D0200000000004C
:1087700000000000CEDE0300010000000000000049
:1087800049470200DD5402000000000007E5030035
:108790000100000000000000C1760200C974020060
:1087A00000000000DCDE030001000000000000000B
:0C87B000BD4A0200194D0200000000004C
:1087C000AFB10300B6B10300BEB10300C6B10300F0
:1087D000F4B003009BB10300A5B10300F4B00300A3
:1087E0003AB1030042B1030052B1030062B1030089
:1087F00070B103007EB103008CB10300F4B003003C
:10880000F4B0030018B1030022B103002CB103003F
:10881000FCB003000AB10300F4B00300E2B00300AF
:10882000ECB00300F4B003000000000003000000FF
:10883000A0000000F0000000000000000000E803BD
:10884000010064000000000010270000F82401006F
:1088500000028001FFFF0000FFCB030004CC0300F7
:1088600008CC03000CCC030010CC030014CC030094
:1088700018CC03001CCC030020CC030024CC030044
:1088800028CC03002CCC030030CC030034CC0300F4
:1088900038CC03003CCC030040CC030044CC0300A4
:1088A00000A0105000820D5000040550050000008B
:1088B0000400000001000000010208252627010233
:1088C000030328049042BE11B400500BEE030102D2
:1088D00004004C01E80B8604010203030000002899
:1088E000000000200102FFFFFFFFFF030F141E28FE
:1088F000323C5064780102030301010002070001C9
:10890000020401000100000101000001000100005B
:108910000100010000000102080F141E28323C5023
:1089200064780000020B000001000B0002000A0046
:10893000050009000A000800140007001E000600D8
:10894000320005004B0004006400030096000200A2
:10895000FA000100F4010000010203030203000118
:10896000F401FA00960064004B0032001E0014006F
:108970000A000500020001000C0802170D010102A7
:108980000909010106020918180301010909838375
:1089900085030201230202240910040405050B0BC0
:1089A000040B2B1B1B159A9A1C021D16130501495B
:1089B0000D150508061B1B0F01010000FEFEFEFE43
:1089C000FEFEFEFEFEFEFEFEFEFEFEFEFEFEFEFEC7
:1089D000FE16FEFEFEFEFEFEFEFEFEFEFEFE1F1F5D
:1089E000FE26FEFEFEFEFE30FEFEFE32FEFE32FEE5
:1089F000FE35FEFE3E3EFEFEFEFE3B3B6000900668
:108A0000BE022C01D012CE0528049042BE11640093
:108A10005006AE027205DA43081300010202A201F9
:108A2000B003BE05EE024806A209C405F40B2412E9
:108A300026FEFEFEFE2E3630FEFEFE32FEFEFEFE60
:108A4000FE35FEFEFEFEFEFEFEFEFEFE2E010203D3
:108A5000030102030301020412FEFEFEFEFEFEFEFF
:108A6000FEFEFE03030303030303030303030303E5
:108A70000303030314FEFE16FEFEFEFEFEFEFEFED4
:108A800023FEFEFEFEFEFEFEFEFEFE2E363039FE0C
:108A9000FE32FEFEFEFEFE35FEFEFEFEFEFEFEFE8B
:108AA000FEFE2E010203030028049042BE1172054F
:108AB000DA4308132C00D002CE0104401000280431
:108AC0009042BE112C00D002CE01B400500BEE0338
:108AD00064005006AE02B400500BEE030102030323
:108AE00028049042BE1128049042BE1101020303E3
:108AF00000010202282400200200000B01000000F7
:108B0000070000000000000000000000000000005E
:108B10000406080A0C0E10121416181C1E2022241B
:108B200026282A2C2E30323436383A3C3E404244F5
:108B300046484A4C4E021A5000000000280000002F
:108B4000180000005001000050010000000000006B
:108B5000F02300002413000018790000E8670000EB
:108B60001C0C78051437A4380000000040060000F3
:108B70004006000040060000400600000000980883
:108B80006B039C1858020000000000000000000069
:108B900000000000F0230000241300003CF000005F
:108BA0003CF000000000000048A3000014A00000FA
:108BB0003CA5000068A600000000000000000000C6
:108BC0000000000000000000000040060C03340814
:108BD000600900000000000000000000E3A3C300E3
:108BE000781100200200000B942400200200000CE9
:108BF000922400200200000B922400200100000CAF
:108C0000F82400200100000C010208FF7F00200072
:108C100018000A800720029801AA800001020304BC
:108C20000203040401020304010101020101010124
:108C300002030402E4E1D8D2C6C9B4B19C93878D83
:108C40006C6378724E4B272D1B1E36390020602036
:108C500040608000010200050400080800000000D8
:108C600000000000000001010101010101010101FA
:108C700001010202020202020303040405050606C2
:108C800007070808090A0B0C0D0E0F101112131418
:108C900015161718191A1B0010010000D200000049
:108CA00030010000D800000001000000E4000000D6
:108CB00002000000EA00000002000000EC000000DA
:108CC00003000000EE00000004000000F0000000BF
:108CD00005000000F200000006000000F4000000A3
:108CE00007000000F600000008000000F700000088
:108CF00009000000F80000000A000000F900000070
:108D00000B000000FA0000000D000000FB00000056
:108D10000F000000FC00000011000000FD0000003A
:108D200013000000FE00000015000000FF0000001E
:108D300018000000000000001B00000001000000FF
:108D40001F000000020000002300000003000000DC
:108D500028000000040000002D00000005000000B5
:108D6000330000000600000039000000070000008A
:108D70003F0000000800000000100200FA000000A0
:108D800001030062746C6500000000000000000038
:108D900000000000000000000000000000000000D3
:108DA00000000000000000000000000000000000C3
:108DB00000000000000100000000000000000000B2
:108DC0000338FDD8704700000000000000000000DC
:108DD0000338FDD87047000001010000BE170020D5
:108DE00003020000BC17002009110000D4B10300E9
:108DF00004000000000000000000000000F8000077
:108E0000887B0300010000000000010000200B002F
:108E1000887B03000200000000200C0000200B00F3
:108E2000887B030003000000004017000090000052
:108E3000887B0300F0AA03004F4C030000000000F1
:108E4000ECAA030000000100E8AA0300754D03002E
:108E5000000000003814002000000100E0AA030018
:108E6000A134030000000000000000000000010029
:108E7000DCAA0300754D0300000000003014002040
:108E800000000100D4AA03006D34030000000000BC
:108E90000000000000000100D0AA0300754D03008F
:108EA000000000002814002000000100C8AA0300F0
:108EB00015C40100000000000000000000000100D7
:108EC0008DC701000000000000000000000000004D
:108ED0006B350300000000004F35030054AB030066
:108EE0004F4C03000000000050AB030000000100E5
:108EF0004CAB0300754D030000000000EC14002093
:108F00000000010044AB0300DDCD010000000000C3
:108F1000000000000000040040AB0300754D03009A
:108F200000000000E41400200000010038AB030042
:108F30000000000000000000000000000000000031
:108F400034AB0300214C0300394F0200CC14002045
:108F500000000C0030AB0300754D03000000000062
:108F6000C41400200000010028AB03000000000032
:108F700000000000000000000000000024AB03001F
:108F8000214C0300394F0200AC14002000000C00FB
:108F900020AB0300754D030000000000A414002066
:108FA0000000010018AB030000000000F9CD010033
:108FB000000000000000080014AB0300214C030077
:108FC000394F02008C14002000000C0010AB03008D
:108FD000754D030000000000841400200000010013
:108FE00008AB030011370300000000000000000080
:108FF0000000040004AB0300214C0300394F0200C1
:109000006C14002000000C0000AB0300754D030041
:10901000000000006414002000000100F8AA030012
:10902000E136030000000000000000000000040022
:10903000F4AA0300214C0300394F02004C14002015
:1090400000000C00201100200000000006000100BC
:109050000200000058900300000000006BC00300F5
:1090600002000000E0CF17000000002073C00300E2
:1090700021000000E0FF032004150020E5E60100C8
:1090800000000000C53803007C90030098900300A6
:10909000FB0100000000000000B200207C900300F3
:1090A000AC9003002E0000000000000014CB002054
:1090B0007C900300C090030002010000000000004B
:1090C000E8CB002048CC030066CC030081CC030031
:1090D00091CC03009ECC0300A7CC0300AECC0300D0
:1090E000B5CC0300BCCC0300C4CC03009ECC030071
:1090F000CCCC0300DECC0300F3CC030006CD030090
:109100000E0300000D0702000F04000039080200E2
:109110001A01000049F4010005040000A1F4010057
:10912000130100005DFC01003E0100009DF70100FD
:1091300001120000A73B03000A1E0000D73B0300FA
:10914000FF010000FDF801003E010000DDF8010014
:1091500005040000EDF401000804000061FE0100B8
:1091600030030000DDFD010010010000E5F5010005
:1091700001120000ED0302000A1E0000773C03000C
:109180000309000035F60100040B000041F901005D
:10919000060A000051060200070A000055F501000A
:1091A0000C05000029F50100050C00005505020022
:1091B0002108000081F501002C1F0000CD7902007C
:1091C00038220000417B02002D4B0000C57C0200CC
:1091D0002F210000C17F02002E030000D180020079
:1091E000301500002D810200310F00002D7D02009E
:1091F00032080000957E02007C9003000892030074
:10920000030100000000000004CD002065D403002D
:1092100072D4030092D4030086D403009DD40300CB
:10922000B4D40300C4D4030068D40300D8D403002A
:109230007C9003004092030000000000000000004A
:1092400058D000207C90030054920300FB010000E2
:109250000000000080D00020F540030035410300ED
:1092600000000000000000000000000021320200A9
:1092700000000000000000000000000000000000EE
:10928000020201005345030004040100C937020033
:1092900006060100E93A020008040100A93B0200A9
:1092A0000A020100614603000C0401004946030064
:1092B0000E040100C139020020040100553A0200E9
:1092C00010040100BD3C020012020100FD45030034
:1092D0001E000400834903005202000023460300DD
:1092E0007C900300F0920300FD01000000000000EC
:1092F000ECD6002084AB03004F4C030000000000BC
:1093000080AB0300000001007CAB0300754D03003F
:1093100000000000CC1600200000010074AB030028
:10932000000000000000000000000000000000003D
:1093300070AB0300214C0300394F0200D41600200B
:10934000000003006CAB0300754D0300000000003B
:10935000C41600200000010064AB0300874C03002A
:10936000D54B0200000000000000030060AB0300CA
:10937000754D030000000000BC1600200000010035
:1093800058AB0300F1530200000000000000000091
:10939000000001000D6802008753030045710200C0
:1093A00000000000000000006D6E020000000000E0
:1093B00000000000000000000000000000000000AD
:1093C00000000000A9680200060000006B510300C5
:1093D000060000008D650200100000000D62020012
:1093E00010000000ED700200010000001D5003009D
:1093F00010000000675103000A00000065610200D0
:1094000010000000416F0200070000006F510300D0
:1094100010000000AD500300010000005167020081
:10942000400000000B51030010000000C550030075
:10943000010000007C90030044940300000A000037
:1094400000000000D8DD0020C1840200A5850200D4
:1094500000000000358702005586020032EC030050
:109460006B5603006756030038EC03001000000041
:1094700001FF00007D0100000010000000A010505E
:1094800000820D50000405507F000000FFFF010026
:10949000FF0700007F00000000A0105014150020FE
:1094A0000000000000000000FFFF010000820D50DE
:1094B0008C1500200000000001000000FF070000E4
:1094C0000004055000000000000000000200000041
:1094D000347B030008000100347B03000A00010014
:1094E000347B030009000100FC7A03000200010044
:1094F000FC7A030004000100347B03000700010034
:10950000399302004B5803007D580300187B030079
:1095100009000000187B03000A00000000000000A2
:1095200000000000000000000000000000A010503B
:1095300000820D50000405507F000000FFFF010075
:10954000FF07000008000000020000000400000007
:1095500001000000BEF30300CCF30300E0F30300BE
:10956000EFF30300FBF30300187A0300287A0300EB
:10957000807A0300887A0300D07A0300E07A03003F
:1095800001F503000001000088130000D7780300F4
:1095900000388A408F409440A140A640AC40154816
:1095A000CB40AE40A3400038003800380038CE40F1
:1095B000ED409D4149415641324137413C41414195
:1095C000B941BE41D7410E42FA418D411B42804113
:1095D00062426A42774274436E4366437F432E4839
:1095E00024460038003800380038AF48D548F348E2
:1095F00063457D4585439D45A845BB45E345ED4510
:10960000CF45FC4515468C466E4695468E4600383D
:109610000038003828420038003800380038003858
:10962000003800380038003800380038003800387A
:10963000194919491949194919491949194919491A
:109640001949194900380038003800380038003806
:10965000003800380038003800380038003800384A
:10966000003800380038003800380038003800383A
:10967000003800380038003800380038003800382A
:10968000003800380038003800380038003800381A
:109690008C090038FFFFFF00000000001027008148
:1096A000878A001A7B627AA678797A8D00307B628D
:1096B0007AA778797A8D003078207B6279217A22B6
:1096C0000C10865082A2808182A28287828D001A2D
:1096D0000030722095407AAC797B003078247B6230
:1096E0007AA884797A8D00307224A7407B2479256A
:1096F0007A26856286A87284868D11A68584116279
:1097000086A7858684208621862286509A5086A642
:10971000867286A88685868D8462868D781086A658
:109720007270001A00307ABB787900300083003004
:10973000001C001C001C001C001B7C22001D1310C0
:10974000D040001A001C001C001C001B7C22001DC5
:10975000001B7C22001D1310DA40001A000C016A65
:109760003427001A006E1027001A7B6278247925AE
:109770007A260C1086500E1022590E101A59848F1A
:10978000C50811B885850410295911A284871AA229
:1097900011111120071890A2801A9020001919A207
:1097A00072871AA61970001B7C201AA21A80131047
:1097B0000B410E101D590410335986A21A72868D62
:1097C000001A0030870811B8858211A284871AA276
:1097D00011111120031890A2801A9020001915A2CF
:1097E00081871AA215151520031890A2801A9020BF
:1097F000001907418650052408250426F5408650A7
:10980000042406250526F54086500C2406250B2643
:10981000F54086500B2408251A26F55000AB0C1A8B
:1098200000300DA702720AAC060D0EA703720BAC36
:10983000060E02620CA872030C8D00307DBB020381
:10984000048F05A6707003628650042072210E22D8
:109850009A500070108A0E240B250E26F3500272C7
:109860008650042072210D229A5002721027108A0D
:109870000D240A250D26F35005A70D0E05200C21F9
:1098800005229A50007005BB030505A60E050030A1
:1098900002628650042072210D229A500070108AB4
:1098A0000D240A250D26F35000300DA70D0E05A638
:1098B0007070027286500C200D2105229A500070A3
:1098C00005BB030505A60E05003002620DA7027256
:1098D00003620EA7037201BB0D0E00BB02030D2035
:1098E0000E21802282AC8081812082213910A94101
:1098F000006201A80180018D012408250626B150CF
:1099000000300324062508268650F340032405254D
:109910000A268650F350026286500A2072210A22DB
:109920009A503810003906200A210B229A500BA6B3
:109930000B0C0BA80B050B8D3810003900300262A0
:109940000A8E0A8F0B8E0B8F072787500EA8720B7B
:109950000C200E210D229A500A200E210E229A5020
:109960000062865003240D251A2608210E221A5162
:109970000262008107271A2072211A229A5000AB36
:109980000A1A003086500DBB08060DA6040D0324EC
:1099900006250E26F3500E2007210E229A500EA700
:1099A000050E0E8D0E240D250B26F34086500A243D
:1099B00008250D26F35002200D210E229A500E2468
:1099C0000C250B26F340865007200A210D229A50C1
:1099D00003240C250E26F35005A60D0E058D003030
:1099E000865001A700720AB9010006240A25042640
:1099F000F55077A7047238100030011877A70401DA
:109A0000381000300420042104229A5077A70472F1
:109A10003810003C001977A704013910003C0030D1
:109A2000A0A27210685380A2811090A2911002101F
:109A3000965308105B541410FB5439108134001AEB
:109A4000000C865033A2041002102D440810D74495
:109A500014105B4558522620782148522621001CBC
:109A60007A20CC4258522620782148521D20792154
:109A70004A52262026211D22001E7A20CC4258520E
:109A8000782479257D527A20CC42112084214852B5
:109A9000112010107A590E103649012185260068D0
:109AA00086AC86012EA67070C1522E2236102C2252
:109AB00035A78682006CC80811B83581EA50262087
:109AC0001121001C262002101254112126220718F1
:109AD000B120021015540810C7541410515580219C
:109AE0000019E35226202621D0501122BC520068D2
:109AF000C152006C2320361026201B220318001EA2
:109B0000802100192621001A001B0B102320001FA2
:109B1000001A2CBA73742CBA2C2C2CA72C742DA7D9
:109B2000018677A72D2C001AA122DC5202108D533A
:109B3000081054541410F65480A2807290A29072AF
:109B4000808D908D001A003082A2821082A28272D3
:109B500082A81082001A2C2013211622071880A236
:109B6000818280219020B22200193222DC5229A267
:109B7000322828A2323131A2292525A2293030A24B
:109B8000312222A2312F2FA2301F1FA2302E2EA24F
:109B90002F1C1CA22F2D2DA22E1919A22E2C2CA267
:109BA0002D1616A22D132FA6117030A6127031A6F5
:109BB000137013A62C7011201121081802108D5358
:109BC000081054541410F654A020B121001926A6F0
:109BD0002F7027A6307028A63170001A112084211A
:109BE00048521D20822148528A0811B885831420CA
:109BF00011211122001C05188024B1208421001E8F
:109C0000001920201D211D22001C05188024B120D0
:109C10008421001E0019E352262026211922001E4D
:109C2000DA501122BC5219222620BC5277A2287287
:109C3000F810821077A7850177108620CC4285A680
:109C4000850183A6830183A6830113A272101DA63A
:109C500019701EA61A701FA613702C435852782133
:109C60000810E044818F918F001A003077A701001F
:109C70003810013A001A003058520421685302107B
:109C800039540810F0543810053A001A0030585270
:109C9000262078214A52001A003058521510755368
:109CA0006E53262002214A5200302DA2A1A12EA2DD
:109CB000A12D80A2812D90A2912E001A2FA2051015
:109CC0002EA280802CA280332EA22E802DA29090D6
:109CD0002EA62E2C2EA62F2E2CA72D2E2CA22C728B
:109CE0002C8D001A30A691912CA681812DA2309145
:109CF0001A10E24331A2A1A11810C5432EA28181FE
:109D000031A231312CA22C2D31A231332FBA2E7435
:109D10002EA62F3131A62C2CD1432EA681312FA770
:109D200081312CA22C2D2EA22E2F31A62C2C2EBA16
:109D30002E742DA22D2D2FA22E2E2DA62D2D80A7D7
:109D40002F3131A72C80A0A230A12FA22E3190A7B5
:109D50002F2D001A2EA281812CA22C2DCD4331A6AD
:109D60007092ED4331A77092ED4330A2A1A12FA2D2
:109D700031A131A230822FA22F3031A731812FA7FC
:109D80002F9130A23131A0A231A12CA2813030A27A
:109D900031302EA62C2C31A22F2F2EA6302E80A7AC
:109DA000312E2CA72C802EA2913031A22F2C90A7DF
:109DB000312E001AB0A2A0A0001A2EA670921B4449
:109DC0002EA770921B442DA2A2B231A2A1A12CA257
:109DD00081B22FA2A13131A282312DA2912D2FA2C9
:109DE0002E2F2EA2A1A22C21F543AAC3E7D3EAE38A
:109DF0002CA6047477A72C00381477A60470781466
:109E0000001A2DA205102EA633332FA62D2D2EA21B
:109E10002E2E2FA62F2D2EA22E332FA22F2F30A67F
:109E20002F2F2EA62E2F2FA62E3077A22F72001A9C
:109E300090A77090908D001A2DA2A1A180A281A15F
:109E400090A2912D001A2FA205102EA280802CA284
:109E500080332EA22E802CA22C802DA2909030A296
:109E600080902EA62E2C2DA62D302EA62F2E2CA780
:109E70002D2E001A2CA281A12DA281812EA62D911A
:109E80002DA22D2DA0A22C2C2CA22C2E2EA22E2EBB
:109E9000181085442FA2A03387442FBAA0042EA601
:109EA0002E2C80A62E2F2CA6A02C2DA22DA02CA2CD
:109EB0002C8090A62C2D001A70239844822398445D
:109EC00031A683922FA282A130A2A1A130A231306B
:109ED00031A2818132A22F2F29A6313231A63191B0
:109EE000A0A229A131A22F312EA6812F32A6303275
:109EF0002FA6913032A281322FA22F2E2CA2812F99
:109F00002DA2299180A632312CA62C2D32A62FA06D
:109F100031A22C2929A2328090A63129001A30A220
:109F2000A1A12DA2A2A22CA281A22FA282A12DA228
:109F3000912D30A292302EA2A1A22C21A04472C455
:109F400094D496E4006877A772043714006C001A62
:109F50002DA272872CA22D8177A7812C39108136F2
:109F60002CA22D9177A7912C39109136001A003030
:109F700077A60570001A90A68090001A80A281A191
:109F800090A291A1001A31A272102CA280802DA261
:109F900090902EA62C2D2FA22C2D2FA2332F2FA642
:109FA0002F312EA72E2F2E8D001A2CA6819130A294
:109FB00081812DA291912EA2A1A12CA22C2C2EA6A2
:109FC0002E2E2FA6302D2DA7302D2CA72C2F2EA7CF
:109FD0002F2E90A22D2F80A22C2EA0A22E2F001A61
:109FE0002EA670822E452EA770822E452FA2A192FA
:109FF0002EA2A12E30A2819131A22E2F32A6912E17
:10A000002EA7812E2CA6812F2FA6912F32A22C3283
:10A010002CA22E2F2EA630312FA7303130A72C2F77
:10A0200031A7322E80A22E3090A22F31A0A2303143
:10A03000001A2CA2A2812DA2A2912FA2A1922EA23F
:10A04000A1822C2132450DC528D52BE5001A80A709
:10A050007080808D001A5852022407257D522620D8
:10A06000CC52E6508750262072210A229A5038108E
:10A07000003906200A210B229A500BA60C0B0BA8C4
:10A080000B070B8D381000390030E65087500A8ED0
:10A090000A8F0B8E0B8F0DA8720B0C200D21352211
:10A0A0009A500A202B229A50EA50585208222B2309
:10A0B0000224352526262653E650008126207221CB
:10A0C0002C229A5000AB0A2C0030E6502BA87206C6
:10A0D0002B8DEA50585202242B257D520820CC4269
:10A0E000000C006435A60A0CE6508750352072211A
:10A0F00035229A500BA7073506200B210B229A50C8
:10A10000381000390030000C006435A60A0CE65007
:10A1100087500B8F3520722135229A50EA505852C1
:10A1200008220B23022435250D26265300305852D1
:10A1300026200B2148521D2006214A522620262186
:10A140001D22001E1D2008214A52262026211D22E4
:10A15000001E0D20CC42E65087500B200C210A2215
:10A160009A5082A70882828D0030585208220C2310
:10A1700078240A252626265300682620062100ABCF
:10A18000818000AB9190003058520620021050544C
:10A190000810F35414105F5506240B257D521D2022
:10A1A00008214A52262026211D22001E1120CC52B1
:10A1B00011240A257D520D20CC42E65087500A20FA
:10A1C0000D212B229A50EA50CF550BA62B700D244F
:10A1D0000B257D520820CC428650000800B87979C2
:10A1E00017A70173179E179E0BA2781017A21710BE
:10A1F0000C200E2280A60B7090A2721082A6907086
:10A2000092A6707068460E227AA882927A8D0030EB
:10A210000E210C2211A6819112A7819113A2111176
:10A2200014A2121215A6829216A7829215A21512D6
:10A2300016A2111611A7131481A2131412A217113A
:10A2400014A6151615A7151682A2141416A2151514
:10A2500013A6131292A2160B91A2111312103B46D1
:10A26000001B0A1040460C210E22424606217A5657
:10A2700008217C5636A2060B36A236870AA6083677
:10A280000A8D0030E650875091A2918736A27687DA
:10A2900036A2913681A2818781A6368181A2817200
:10A2A000818D91A67070001A02248F460624082121
:10A2B0007A56EA501410C447F34606217A560A8F9C
:10A2C000EA501410C9471C4735A2811034A29110DE
:10A2D00031A2353536A2343433A2041035A23136DA
:10A2E00034A2721033A2333531A7363136A6343357
:10A2F00031A73136318D39108134001A31A29110D5
:10A3000036A2041031A2313133A2721036A2363196
:10A3100031A7313336A6363333A2363633A233363D
:10A3200034A2333335A2343635A2353134A2313339
:10A3300035A23572358D33A7007333A73374339E3E
:10A34000339E339E352433253526F55035A23510FE
:10A3500034A2343533A2343433A2333633A6333106
:10A36000338D72203810052081A23480818D7D10BC
:10A3700081A70081001A000C8650D00811B808018E
:10A3800032A2041032A6323284210C20A5570C21AF
:10A390002D2088571120AE57071880222D21C0206C
:10A3A0005D578021AE5700190C210C2088C75DD75E
:10A3B00068E7D050112217570A20B9570030001B08
:10A3C0000C200B102D206847000C86500821B65633
:10A3D0009C5632A2041032A63232920811B80A06F4
:10A3E00002210C20A5570C212D2088571120AE5793
:10A3F000031880222D21C0205D578021AE570019FF
:10A4000008212120A55721212D2088572120AE5732
:10A41000031880222D21C0205D578021AE570019DE
:10A420000C2121220C205D5788C75DD768E7DA50E0
:10A4300011221757212217570C20B95777A6807081
:10A440003E10003900AB0B90003031A6918136A749
:10A45000918131A2318236A2369233A670B273470F
:10A4600031A6918136A7918131A2319236A23682EE
:10A4700033A770B2734734A2A1A233A2B13335A679
:10A48000313631A7313636A7343333A6343380A280
:10A49000313690A23533A0A23633B0A23531001A3E
:10A4A00031A6918136A7918134A2313133A2313660
:10A4B00031A2A1B136A2A1A131A6313136A63636DC
:10A4C00036A7363334A7343180A23136A0A23633D2
:10A4D00090A23334B0A23134001A80A2811090A22D
:10A4E0009110A0A27210B0A28090001A31A69181A2
:10A4F00090A7918180A63170A0A6A1A1B0A2B1328F
:10A50000001A35A2721035A835A180A2813590A21B
:10A510009135808D908D001A082558527D520A2061
:10A52000CC4258520821DB5708205F5508220623E9
:10A5300002240A252626265377A626703E100B39BC
:10A5400000AB0B270030918F2CA291872DA2728730
:10A550002CA22C2C2EA72C2D2CA22C332CA72C2D4E
:10A560002DA22E2E2FA22E2C2DA22D2F2FA22F2F3B
:10A570002FA22D2F2FA22F722F8D30A70074309E67
:10A58000309E2F2430252F26F5502FA22F872DA265
:10A590002F2D2FA22D2D2FA22F2C2FA72F2E2F8D19
:10A5A0003910913481A22D72818D7C1081A7008198
:10A5B00077A7810037109134001A000C7B62865017
:10A5C00078231BA67D721B9E341043481B9E832458
:10A5D0001B257A26F5507A207A211B229A501BA738
:10A5E0001B831B8D3910003D001A00305852782013
:10A5F00078211C229A501CA61C041C209A501CA6D0
:10A600001C051C8D1C23195877A67A703D1000304C
:10A610007AA7007A00301DA77D721EA61D701E9EAF
:10A6200083241E257A26F550381000301EA77A7232
:10A630003910003D1FA283101DB91D0020A67570A2
:10A6400021A2721022A6212122239E5824A628701E
:10A6500025A67570A85823A72821238D39106B488B
:10A6600022A622215C481DA71D721D9E1F239E58F5
:10A6700026A21F2827A2262828A72721288D3810A0
:10A6800099482AA6727029A2272728A72921288D50
:10A690003810874829A229292AA62A727D481EA790
:10A6A000202A28A6247025A61E70A8582BA628703C
:10A6B00024A22B2B20A62A7026A22B2627A22724F1
:10A6C00074487AA226727A8D001A003023A283720F
:10A6D000238D23241D252326F55028A22310001A9C
:10A6E00025A725723810001A28A22828A848061085
:10A6F00000385852022407257D522620CC5200688B
:10A700000AA60C800AAC0A01381000392AA6720683
:10A71000E6502BA8722A2AAC2B0187500A2006216A
:10A720002B229A502BA7072B2BAC2B012A202B2155
:10A730000B229A5038100039003006100038E650CD
:10A7400087500A8E0A8F0B8E0B8F2AA60A0B2AAC13
:10A750002A0138100039EA50585208222A230224CC
:10A760000B2523262653E6502AA60C232AAC2A01C1
:10A7700000AB0A2A0030061000385852E6508750C5
:10A780002AAC0D0F2AA62A0F2A2007212A229A5026
:10A790002AA6062A2AAC2A012BAC0A0F2BA62B0FBD
:10A7A0002B202A212B229A502BBB2B0C2ABB2A0CA4
:10A7B000EA50585208222A230A242B250D26265314
:10A7C0000030003885A9010F001A11BA010F85A7C2
:10A7D0008511001A007001A67070007001A77D72CB
:10A7E000001A007009A67070007009BB7D0F7D21F2
:10A7F00009620081001A81620081001A0F210F2670
:10A800000068868EC15236108636006C0210505990
:10A810000310875211A6267012A6277013A628705F
:10A82000E65036A8850F368D01213626EA5087423C
:10A83000900811B8868615D418E4112012541D20F2
:10A840001121001C125411211D220318C120001EC9
:10A8500012548021001926A6117027A6127028A66E
:10A86000137026202621001C001C001C001B7C22CB
:10A87000001D262113106B491122BC522621E7D35B
:10A88000EAE3001A00680F8E006C2CA20F108759A3
:10A8900002108759A0A2A02C15108959001A80A275
:10A8A000802C90A2902C001AFA1ED65F00010100A5
:10A8B0000002020000140000002800000040000018
:10A8C00001000000020000000F0000001000000066
:10A8D0001000000020000000100000001000000028
:10A8E000E4A8030011000000112800001108000076
:10A8F00001000000F8A803000000000000000000B4
:10A900000000000000000000000000003000000017
:10A91000C00000001800000031000000000000002E
:10A9200030000000E00000001C00000039000000C2
:10A9300000000000300000000001000020000000C6
:10A940004100000000000000300000004001000055
:10A95000280000005100000000000000300000004E
:10A9600080010000300000006100000000000000D5
:10A9700030000000000200004000000081000000E4
:10A980000000000017000000C000000018000000D8
:10A99000310000000000000017000000E10000008E
:10A9A0001D0000003B000000000000001700000038
:10A9B0000001000020000000410000000000000035
:10A9C00012000000C000000018000000310000006C
:10A9D0000100000012000000E00000001C00000068
:10A9E000390000000100000012000000000100001A
:10A9F00020000000410000000100000012000000E3
:10AA0000400100002800000051000000010000008B
:10AA10001200000080010000300000006100000012
:10AA200001000000120000000902000042000000C6
:10AA3000850000000100000041000000FF00000050
:10AA40002000000020000000000000004100000085
:10AA5000C0010000380000003800000000000000C5
:10AA600042000000FF000000200000002000000065
:10AA70000000000042000000C0010000390000009A
:10AA8000390000000000000000001000200000005D
:10AA9000FDF90300C00000009CAA0300260000107E
:10AAA00000000000003000000C000000000000006A
:10AAB000B4AA030022000010000C000000310000C6
:10AAC0000C000000000000030000042A0000042A1B
:10AAD000000003280000012A0000012A00000328CA
:10AAE0000000002A0000002A0000032800000018CF
:10AAF00000000028000002290000192C0000192C79
:10AB000000000328000002290000182C0000182C67
:10AB100000000328000002290000172C0000172C59
:10AB200000000328000002290000152C0000152C4D
:10AB300000000328000002290000162C0000162C3B
:10AB4000000003280000142C0000142C000003282F
:10AB500000005B180000002800002A2B00002A2BB0
:10AB6000000003280000292B0000292B00000328E7
:10AB7000000002290000052A0000052A0000032821
:10AB8000000001180000002825633A20446973631F
:10AB90006F6E6E65637465642028726561736F6E95
:10ABA00020307825303258290A0025633A20435353
:10ABB0002070726F6365647572657320656E616283
:10ABC0006C65643A0A202D20636F6E6669672049C0
:10ABD000443A2025750A202D20616E74656E6E61E1
:10ABE00020636F6E66696775726174696F6E206944
:10ABF0006E6465783A2025750A202D2054582070FF
:10AC00006F7765723A2025642064626D0A202D20DA
:10AC10007375626576656E74206C656E6774683AEC
:10AC20002025752075730A202D2073756265766561
:10AC30006E747320706572206576656E743A202597
:10AC4000750A202D207375626576656E7420696EB5
:10AC500074657276616C3A2025750A202D20657620
:10AC6000656E7420696E74657276616C3A20257524
:10AC70000A202D2070726F63656475726520696E9D
:10AC800074657276616C3A2025750A202D207072E9
:10AC90006F63656475726520636F756E743A202505
:10ACA000750A202D206D6178696D756D2070726F49
:10ACB000636564757265206C656E6774683A2025FB
:10ACC000750A0025633A2043532070726F636564F0
:10ACD000757265732064697361626C65642E0A0025
:10ACE00025633A2043532070726F63656475726503
:10ACF0007320656E61626C65206661696C65642EA7
:10AD00002028484349207374617475732030782576
:10AD1000303278290A0025633A2043532073656353
:10AD2000757269747920656E61626C65642E0A00C3
:10AD300025633A20435320736563757269747920E3
:10AD4000656E61626C65206661696C65642E2028A1
:10AD5000484349207374617475732030782530320C
:10AD600078290A0025633A204353206361706162A9
:10AD7000696C6974792065786368616E67652063C2
:10AD80006F6D706C657465642E0A0025633A20430C
:10AD900053206361706162696C69747920657863BE
:10ADA00068616E6765206661696C65642E2028485D
:10ADB000434920737461747573203078253032787C
:10ADC000290A007075626C6963007075626C696352
:10ADD0002D69640072616E646F6D2D696400307856
:10ADE0002530327800253032583A253032583A250D
:10ADF0003032583A253032583A253032583A2530D8
:10AE0000325820282573290025633A20436F6E6E3F
:10AE1000656374656420746F2025732028657272E1
:10AE200020307825303258290A0025633A204353D0
:10AE300020636F6E666967206372656174696F6E07
:10AE400020636F6D706C6574652E0A202D20696417
:10AE50003A2025750A202D206D6F64653A202573F0
:10AE60000A202D206D696E5F6D61696E5F6D6F6484
:10AE7000655F73746570733A2025750A202D206D07
:10AE800061785F6D61696E5F6D6F64655F73746536
:10AE900070733A2025750A202D206D61696E5F6DF3
:10AEA0006F64655F72657065746974696F6E3A206E
:10AEB00025750A202D206D6F64655F305F737465A2
:10AEC00070733A2025750A202D20726F6C653A2028
:10AED00025730A202D207274745F747970653A208E
:10AEE00025730A202D2063735F73796E635F70682A
:10AEF000793A2025730A202D206368616E6E656C97
:10AF00005F6D61705F72657065746974696F6E3AC8
:10AF10002025750A202D206368616E6E656C5F7355
:10AF2000656C656374696F6E5F747970653A20252E
:10AF3000730A202D20636833635F73686170653A1C
:10AF40002025730A202D20636833635F6A756D7056
:10AF50003A2025750A202D20745F6970315F74696D
:10AF60006D655F75733A2025750A202D20745F6921
:10AF700070325F74696D655F75733A2025750A20BC
:10AF80002D20745F6663735F74696D655F75733AD6
:10AF90002025750A202D20745F706D5F74696D65C2
:10AFA0005F75733A2025750A202D206368616E6EE7
:10AFB000656C5F6D61703A203078253038582530E7
:10AFC0003858253034580A0A0025633A2043532064
:10AFD000636F6E666967206372656174696F6E2066
:10AFE0006661696C65642E2028484349207374614A
:10AFF00074757320307825303278290A0025633A39
:10B00000205374617274696E67204368616E6E6567
:10B010006C20536F756E64696E67205265666C654F
:10B0200063746F722053616D706C650A0025633A1A
:10B0300020426C7565746F6F746820696E69742046
:10B040006661696C65642028657272202564290A2E
:10B050000025633A204164766572746973696E678E
:10B06000206661696C656420746F2073746172740A
:10B070002028657272202564290A0025633A20463B
:10B0800061696C656420746F20636F6E66696775B3
:10B0900072652064656661756C7420435320736526
:10B0A0007474696E67732028657272202564290A9A
:10B0B0000025633A204661696C656420746F2073D3
:10B0C00065742070726F636564757265207061725B
:10B0D000616D65746572732028657272202564291C
:10B0E0000A004861742073686170650058207368B5
:10B0F00061706500496E76616C696400416C676FD0
:10B10000726974686D2023336200416C676F7269E5
:10B1100074686D20233363004C4520314D20504826
:10B1200059004C4520324D20504859004C452032A2
:10B130004D2032425420504859004141206F6E6CDE
:10B14000790033322D62697420736F756E64696E95
:10B15000670039362D62697420736F756E64696E8D
:10B16000670033322D6269742072616E646F6D0006
:10B1700036342D6269742072616E646F6D003936E9
:10B180002D6269742072616E646F6D003132382DEA
:10B190006269742072616E646F6D00496E697469D2
:10B1A00061746F72005265666C6563746F720055EE
:10B1B0006E75736564003120285254542900322082
:10B1C000285042522900332028525454202B20501A
:10B1D000425229004353205265666C6563746F7256
:10B1E0002044454D4F006170705F6D61696E0025B0
:10B1F000633A206865617020636F7272757074695C
:10B200006F6E202866726565206C697374206C69A6
:10B210006E6B616765290A0025633A206865617075
:10B2200020636F7272757074696F6E202866726524
:10B2300065206368756E6B206C696E6B616765294C
:10B240000A0025633A206865617020636F72727529
:10B250007074696F6E20286E6F7420696E2075732C
:10B26000653F292061742025700A0025633A206813
:10B2700065617020636F7272757074696F6E2028DB
:10B28000627566666572206F766572666C6F773F71
:10B29000292061742025700A0025633A20686561C1
:10B2A0007020636F7272757074696F6E20286C65A0
:10B2B0006674206E65696768626F723F29206174E9
:10B2C0002025700A0025633A206865617020636F4D
:10B2D0007272757074696F6E2028646F75626C6528
:10B2E00020667265653F292061742025700A005729
:10B2F0004553545F544F504449522F7A65706879D2
:10B30000722F6C69622F686561702F686561702E9D
:10B310006300415353455254494F4E204641494CD6
:10B3200020402025733A25640A006F735F686561C9
:10B33000700063627072696E74665F7061636B61E6
:10B34000676500574553545F544F504449522F7A14
:10B3500065706879722F696E636C7564652F7A65A4
:10B36000706879722F6B65726E656C2E680046612D
:10B37000696C656420746F207265626F6F743A2027
:10B380007370696E6E696E6720656E646C65737349
:10B390006C792E2E2E0A007379735F6765746F7057
:10B3A0007400574553545F544F504449522F7A65A7
:10B3B000706879722F6C69622F7574696C732F6F66
:10B3C0006E6F66662E6300574553545F544F50446A
:10B3D00049522F7A65706879722F696E636C756453
:10B3E000652F7A65706879722F7370696E6C6F6300
:10B3F0006B2E6800574553545F544F504449522FA9
:10B400007A65706879722F6C69622F7574696C73D4
:10B410002F6E6F746966792E630025633A204E564D
:10B4200053206E6F7420696E697469616C697A6506
:10B43000640A0025633A20436F756C64206E6F7454
:10B44000206F627461696E20666C61736820706140
:10B4500072616D65746572730A0025633A20556EDA
:10B46000737570706F72746564207772697465208B
:10B47000626C6F636B2073697A650A0025633A20FA
:10B48000536563746F722073697A65202575207423
:10B490006F6F206C617267652C206D6178696D75C6
:10B4A0006D20697320257A750A0025633A20556E50
:10B4B00061626C6520746F206765742070616765D8
:10B4C00020696E666F0A0025633A20496E76616CCA
:10B4D000696420736563746F722073697A650A000A
:10B4E00025633A20436F6E66696775726174696F90
:10B4F0006E206572726F72202D20736563746F7297
:10B5000020636F756E740A0025633A20256420530A
:10B510006563746F7273206F66202564206279748E
:10B5200065730A0025633A20616C6C6F6320777243
:10B53000613A2025642C2025780A0025633A20648E
:10B54000617461207772613A2025642C2025780A85
:10B550000025633A20474320446F6E65206D617279
:10B560006B657220666F756E640A0025633A204E23
:10B570006F20474320446F6E65206D61726B65726A
:10B5800020666F756E643A207265737461727469B7
:10B590006E672067630A0066735F6E7673002563CB
:10B5A0003A2000253032782000202020007C002521
:10B5B0006300574553545F544F504449522F7A65A6
:10B5C000706879722F7375627379732F73657474F1
:10B5D000696E67732F7372632F73657474696E6716
:10B5E000732E630025633A207365742D76616C7544
:10B5F00065206661696C7572652E206B65793A20ED
:10B600002573206572726F72282564290A002563EC
:10B610003A2053697A65206F6620434F4E4649476A
:10B620005F464C4153485F46494C4C5F4255464645
:10B6300045525F53495A450A0025633A204E6567D3
:10B640006174697665206F6666736574206E6F74C9
:10B6500020616C6C6F7765640A0A0025633A2049A3
:10B660006E636F72726563742073697A65206F729E
:10B67000206F666673657420616C69676E6D656EB8
:10B68000742C20657870656374656420257A780A67
:10B690000A0025633A2046696C6C20746F2064654B
:10B6A00076202570206661696C6564206174206F66
:10B6B0006666736574203078257A780A0A00666CAD
:10B6C000617368002A2A2A20426F6F74696E6720AE
:10B6D0006E524620436F6E6E6563742053444B2058
:10B6E00076332E342E302D393935353330353536E5
:10B6F000303762202A2A2A0A002A2A2A205573690A
:10B700006E67205A6570687972204F532076342E08
:10B71000342E302D6266383031653465336431390A
:10B72000202A2A2A0A0025633A205241532D4350E9
:10B730002074696D656F75740A00574553545F54E2
:10B740004F504449522F6E72662F7375627379732E
:10B750002F626C7565746F6F74682F73657276698C
:10B760006365732F7261732F727273702F726173BE
:10B770005F727273702E630025633A2050656572A4
:10B78000206973206E6F74207375627363726962CF
:10B79000656420746F205241532D43502E0A0025BA
:10B7A000633A204661696C656420746F2073656E2E
:10B7B0006420696E6469636174696F6E3A20256400
:10B7C0000A0025633A2050656572206163636573E2
:10B7D00073696E67205241532D4350207768696C1E
:10B7E000652052525350206973206F7065726174E6
:10B7F000696E6720696E207265616C2D74696D6574
:10B80000206D6F64652E0A0025633A20496E7661CB
:10B810006C6964206C656E6774682025640A002575
:10B82000633A2050656572206E6F74207375627381
:10B8300063726962656420746F2072616E67696EFD
:10B84000672064617461206368617261637465720A
:10B8500069737469632E0A0025633A204F70636F21
:10B86000646520257820696E76616C6964206F724A
:10B8700020756E737570706F727465640A0042543F
:10B880002052415320525253502057510025633AC1
:10B890002050656572206973206E6F742073756225
:10B8A0007363726962656420746F20737461747568
:10B8B000732063686172616374657269737469632C
:10B8C0002E0A0025633A204E6F74696679206F76E0
:10B8D00065727772697474656E206661696C6564FF
:10B8E0003A2025640A0025633A204E6F7469667910
:10B8F000207265616479206661696C65643A20250F
:10B90000640A0025633A20496E76616C6964204DB3
:10B9100054553A2025640A0025633A2043616E6E2F
:10B920006F7420616C6C6F63617465207365676D03
:10B93000656E74206275666665720A0025633A203A
:10B940005065657220686173206E6F7420656E614A
:10B95000626C6564205265616C2D74696D65206F41
:10B9600072204F6E2D64656D616E642072616E672A
:10B97000696E6720646174612E0A0025633A207243
:10B98000616E67696E675F646174615F6E6F746931
:10B9900066795F6F725F696E646963617465206662
:10B9A00061696C6564206572722025640A002563F4
:10B9B0003A204661696C656420746F2073656E641B
:10B9C000207365676D656E743A2025640A007261A4
:10B9D000735F7272737000574553545F544F5044F5
:10B9E00049522F6E72662F7375627379732F626C72
:10B9F0007565746F6F74682F7365727669636573AC
:10BA00002F7261732F727273702F7261735F726421
:10BA10005F6275666665722E630025633A204F7516
:10BA200074206F662062756666657220737061634C
:10BA3000653A20617474656D7074656420746F205C
:10BA400073746F72652025752062797465732C207C
:10BA50006275666665722073697A653A2025750A93
:10BA60000025633A204661696C656420746F20612B
:10BA70006C6C6F63617465206275666665722066C2
:10BA80006F722070726F6365647572652025750A28
:10BA90000025633A2072302F61313A20203078251A
:10BAA000303878202072312F61323A2020307825CA
:10BAB000303878202072322F61333A2020307825B8
:10BAC0003038780A0025633A2072332F61343A20E7
:10BAD00020307825303878207231322F69703A2042
:10BAE00020307825303878207231342F6C723A202B
:10BAF000203078253038780A0025633A2020787085
:10BB000073723A20203078253038780A0025633A5D
:10BB1000204661756C74696E6720696E7374727506
:10BB20006374696F6E206164647265737320287238
:10BB300031352F7063293A203078253038780A0063
:10BB400025633A20556E68616E646C6564204952C5
:10BB5000516E3A2025640A0025633A202A2A2A2AAF
:10BB60002A205553414745204641554C54202A2A06
:10BB70002A2A2A0A0025633A20202044697669731C
:10BB8000696F6E206279207A65726F0A0025633AC8
:10BB9000202020556E616C69676E6564206D656D4F
:10BBA0006F7279206163636573730A0025633A20BD
:10BBB0002020537461636B206F766572666C6F77BB
:10BBC0002028636F6E746578742061726561206EE1
:10BBD0006F742076616C6964290A0025633A20201D
:10BBE000204E6F20636F70726F636573736F722086
:10BBF000696E737472756374696F6E730A0025637E
:10BC00003A202020496C6C6567616C206C6F616420
:10BC1000206F66204558435F52455455524E206967
:10BC20006E746F2050430A0025633A202020496C2F
:10BC30006C6567616C20757365206F66207468653C
:10BC400020455053520A0025633A20202041747445
:10BC5000656D707420746F206578656375746520F8
:10BC6000756E646566696E656420696E737472755D
:10BC70006374696F6E0A0025633A202A2A2A2A2AE9
:10BC800020425553204641554C54202A2A2A2A2A1C
:10BC90000A0025633A202020537461636B696E6744
:10BCA000206572726F720A0025633A202020556E5B
:10BCB000737461636B696E67206572726F720A00DC
:10BCC00025633A20202050726563697365206461A2
:10BCD000746120627573206572726F720A00256349
:10BCE0003A202020424641522041646472657373B9
:10BCF0003A20307825780A0025633A202020496DC3
:10BD00007072656369736520646174612062757324
:10BD1000206572726F720A0025633A202020496EF6
:10BD2000737472756374696F6E20627573206572C7
:10BD3000726F720A0025633A202020466C6F61748E
:10BD4000696E672D706F696E74206C617A792073EB
:10BD50007461746520707265736572766174696F61
:10BD60006E206572726F720A0025633A202A2A2AB1
:10BD70002A2A204D5055204641554C54202A2A2A23
:10BD80002A2A0A0025633A202020537461636B69D4
:10BD90006E67206572726F722028636F6E746578AB
:10BDA000742061726561206D696768742062652026
:10BDB0006E6F742076616C6964290A0025633A20ED
:10BDC0002020446174612041636365737320566968
:10BDD0006F6C6174696F6E0A0025633A2020204DF4
:10BDE0004D46415220416464726573733A20307845
:10BDF00025780A0025633A202020496E73747275F5
:10BE00006374696F6E204163636573732056696F55
:10BE10006C6174696F6E0A00574553545F544F50FC
:10BE20004449522F7A65706879722F617263682F66
:10BE300061726D2F636F72652F636F727465785FC7
:10BE40006D2F6661756C742E630052657365727632
:10BE5000656420457863657074696F6E20280053AF
:10BE6000707572696F757320696E74657272757022
:10BE7000742028495251200025633A2053505345DD
:10BE80004C20696E20746872656164206D6F646512
:10BE900020646F6573206E6F7420696E64696361DE
:10BEA0007465205053500A0025633A202A2A2A2A12
:10BEB0002A2048415244204641554C54202A2A2ADF
:10BEC0002A2A0A0025633A202020427573206661E1
:10BED000756C74206F6E20766563746F7220746168
:10BEE000626C6520726561640A0025633A20202037
:10BEF0004465627567206576656E740A0025633A4D
:10BF00002020204661756C7420657363616C6174D8
:10BF1000696F6E20287365652062656C6F77290AEA
:10BF20000025633A20415243485F455843455054E9
:10BF3000207769746820726561736F6E2025780AB6
:10BF40000A0025633A202A2A2A2A2A204465627593
:10BF500067206D6F6E69746F7220657863657074A9
:10BF6000696F6E202A2A2A2A2A0A0025633A202A83
:10BF70002A2A2A2A20257320256429202A2A2A2AC7
:10BF80002A0A00574553545F544F504449522F7A60
:10BF900065706879722F617263682F61726D2F63AB
:10BFA0006F72652F636F727465785F6D2F69727140
:10BFB0005F6D616E6167652E63006D70750025634E
:10BFC0003A204661696C656420746F20616C6C6F07
:10BFD00063617465206E6577204D505520726567EA
:10BFE000696F6E2025750A0A0025633A2050617238
:10BFF000746974696F6E2025753A20636F68657285
:10C00000656E636520636865636B206661696C6556
:10C01000642E0A0025633A20496E76616C696420BB
:10C02000756E6465726C79696E6720726567696F99
:10C030006E20696E6465782025750A005745535453
:10C040005F544F504449522F7A65706879722F615E
:10C050007263682F61726D2F636F72652F6D7075DB
:10C060002F61726D5F6D70752E6300464C415348B1
:10C070005F30005352414D5F3000574553545F5479
:10C080004F504449522F7A65706879722F6C6962FB
:10C090002F6C6962632F7069636F6C6962632F61D3
:10C0A00073736572742E6300657869740057455325
:10C0B000545F544F504449522F7A65706879722FFB
:10C0C0006C69622F6E65745F6275662F6275662E8D
:10C0D00063006E65745F62756600574553545F5424
:10C0E0004F504449522F7A65706879722F6C69629B
:10C0F0002F6E65745F6275662F6275665F73696D1A
:10C10000706C652E63006E65745F6275665F73693F
:10C110006D706C6500736F630062745F72706100B4
:10C1200025633A20496E73756666696369656E7446
:10C13000206E756D626572206F6620617267756D25
:10C14000656E74730A0025633A2049676E6F7269E1
:10C150006E67206964656E746974696573207374B1
:10C160006F72656420696E20666C6173680A0025D1
:10C17000633A20496E76616C6964206C656E677401
:10C1800068204944206164647265737320696E207D
:10C1900073746F726167650A0062742F25732F25AF
:10C1A0003032782530327825303278253032782593
:10C1B0003032782530327825752F25730062742F40
:10C1C00025732F2530327825303278253032782586
:10C1D0003032782530327825303278257500256365
:10C1E0003A2073657474696E67735F7375627379EF
:10C1F000735F696E6974206661696C656420286587
:10C200007272202564290A0062742F257300256349
:10C210003A204661696C656420746F2073617665AD
:10C220002049442028657272202564290A0025636C
:10C230003A20556E61626C6520746F207365747569
:10C240007020616E206964656E7469747920616420
:10C2500064726573730A0062740062745F7365745C
:10C2600074696E6773004254204C57205751005731
:10C270004553545F544F504449522F7A6570687942
:10C28000722F696E636C7564652F7A657068797258
:10C290002F7379732F627974656F726465722E687B
:10C2A00000574553545F544F504449522F7A65709C
:10C2B0006879722F7375627379732F626C75657408
:10C2C0006F6F74682F686F73742F6275662E6300CA
:10C2D000574553545F544F504449522F7A65706804
:10C2E00079722F696E636C7564652F7A65706879F1
:10C2F000722F626C7565746F6F74682F6275662E2D
:10C30000680062745F6275660062745F6461746184
:10C310000025633A20446174612062756666657227
:10C32000206F766572666C6F7720286C696E6B2063
:10C330007479706520307825303278290A002563B9
:10C340003A20546F6F20736D616C6C202825752026
:10C35000627974657329206576656E74203078255E
:10C360003032780A0025633A20556E61626C652090
:10C37000746F206C6F6F6B20757020636F6E6E2012
:10C38000776974682068616E646C652025750A00A1
:10C3900025633A20556E61626C6520746F206C6F66
:10C3A0006F6B757020636F6E6E20666F72206861B0
:10C3B0006E646C652025750A0025633A20556E6B06
:10C3C0006E6F776E20636F6E6E2068616E646C6551
:10C3D0002030782530345820666F72207472616E78
:10C3E000736D697420706F776572207265706F72FB
:10C3F000740A0025633A204861726477617265208F
:10C400006572726F722C2068617264776172652048
:10C41000636F64653A2025640A0025633A20436F00
:10C42000756C64206E6F74207375626D6974207210
:10C43000785F776F726B3A2025640A0025633A2093
:10C44000696E74657276616C206578636565647386
:10C45000207468652076616C69642072616E67651E
:10C460002025752075730A0025633A206C61746578
:10C470006E637920657863656564732074686520F0
:10C4800076616C69642072616E6765203078253052
:10C4900034780A0025633A20737570765F74696D8D
:10C4A000656F75742065786365656473207468656D
:10C4B0002076616C69642072616E67652030782532
:10C4C0003034780A0025633A20556E68616E646CDA
:10C4D0006564206576656E7420307825303278206A
:10C4E0006C656E2025753A2025730A0025633A2075
:10C4F000496E76616C6964204843492041434C2071
:10C500007061636B65742073697A652028257529CD
:10C510000A0025633A2041434C2064617461206C19
:10C52000656E677468206D69736D61746368202837
:10C53000257520213D202575290A0025633A2055BF
:10C540006E61626C6520746F2066696E6420636F33
:10C550006E6E20666F722068616E646C6520257552
:10C560000A00574553545F544F504449522F7A653F
:10C57000706879722F7375627379732F626C756549
:10C58000746F6F74682F686F73742F6863695F636B
:10C590006F72652E630025633A20556E6B6E6F7760
:10C5A0006E2062756620747970652025750A0025F5
:10C5B000633A20556E68616E646C65642076656EC2
:10C5C000646F722D73706563696669632065766553
:10C5D0006E7420307825303278206C656E20257599
:10C5E0003A2025730A0025633A204E6F2070656E4D
:10C5F00064696E67207065726970686572616C202D
:10C60000636F6E6E656374696F6E0A0025633A200E
:10C61000556E6578706563746564207374617475B4
:10C6200073203078253032782025730A0025633A4C
:10C6300020496E76616C69642048434920657665BF
:10C640006E742073697A6520282575290A00256390
:10C650003A20496E76616C6964204C45206D6574A2
:10C6600061206576656E742073697A65202825756A
:10C67000290A0025633A20496E76616C696420625C
:10C68000756620747970652025750A0025633A2047
:10C690004E6F20636F6D6D616E642073656E7420E4
:10C6A000666F7220636D6420636F6D706C65746576
:10C6B000203078253034780A0025633A204F7043C3
:10C6C0006F64652030782530347820636F6D706C2E
:10C6D0006574656420696E7374656164206F66209B
:10C6E0006578706563746564203078253034780A25
:10C6F0000025633A20657674206E756D5F68616E03
:10C70000646C657320283D25752920746F6F206C3B
:10C71000617267652028257A75203E202575290AD3
:10C720000025633A204E6F20636F6E6E65637469F7
:10C730006F6E20666F722068616E646C652025756F
:10C740000A0025633A207061636B65747320636F20
:10C75000756E74206D69736D617463680A0025637A
:10C760003A204661696C656420746F20736574209B
:10C770007265717569726564207365637572697439
:10C7800079206C6576656C0A0025633A204E6F202F
:10C790006368616E676520746F20656E637279707F
:10C7A00074696F6E2073746174652028656E63729E
:10C7B00079707420307825303278290A00756E6BD4
:10C7C0006E6F776E005B305D005344430025633A23
:10C7D00020484349207472616E73706F72743A20FE
:10C7E00025730A0025633A204964656E746974797B
:10C7F00025733A2025730A0025633A204964656E43
:10C80000746974795B25645D3A2025730A00256399
:10C810003A204843493A2076657273696F6E202545
:10C820007320283078253032782920726576697334
:10C83000696F6E203078253034782C206D616E75EC
:10C840006661637475726572203078253034780AB9
:10C850000025633A204C4D503A2076657273696F1B
:10C860006E20257320283078253032782920737582
:10C8700062766572203078253034780A0025633A74
:10C8800020556E61626C6520746F2073656E642044
:10C89000746F206472697665722028657272202533
:10C8A00064290A0025633A206F70636F6465203045
:10C8B000782530347820737461747573203078254E
:10C8C0003032782025730A0025633A204661696C6E
:10C8D000656420746F207265616420444C45206D4E
:10C8E00061782064617461206C656E0A0025633A8A
:10C8F0002074785F6F637465747320657863656511
:10C900006473207468652076616C69642072616E5E
:10C9100067652025750A0025633A2074785F74697D
:10C920006D6520657863656564732074686520763D
:10C93000616C69642072616E67652025750A002547
:10C94000633A204E6F2070656E64696E6720636F76
:10C950006E6E20666F7220706565722025730A0006
:10C9600025633A204E6F6E2D4C45206361706162E5
:10C970006C6520636F6E74726F6C6C657220646599
:10C98000746563746564210A0025633A204E756DF1
:10C99000206F6620436F6E74726F6C6C65722773C4
:10C9A0002041434C207061636B65747320213D20EE
:10C9B00041434C2062745F636F6E6E5F74782063D6
:10C9C0006F6E74657874732028257520213D2025AD
:10C9D00075290A0025633A2041434C2042522F45D5
:10C9E00044522062756666657273206E6F742069AA
:10C9F0006E697469616C697A65640A0025633A201E
:10CA000056656E646F722048434920657874656E80
:10CA100073696F6E73206E6F7420617661696C61EB
:10CA2000626C650A0025633A20485720506C617497
:10CA3000666F726D3A20257320283078253034785F
:10CA4000290A0025633A2048572056617269616EB1
:10CA5000743A2025732028307825303478290A004C
:10CA600025633A204669726D776172653A202573B5
:10CA70002028307825303278292056657273696F06
:10CA80006E2025752E2575204275696C64202575EC
:10CA90000A0025633A204661696C656420746F2042
:10CAA0007265616420737570706F7274656420764E
:10CAB000656E646F7220636F6D6D616E64730A00E2
:10CAC00025633A204661696C656420746F20726545
:10CAD000616420737570706F727465642076656E22
:10CAE000646F722066656174757265730A002563F0
:10CAF0003A204E6F20494420616464726573732E3E
:10CB000020417070206D7573742063616C6C2073AC
:10CB1000657474696E67735F6C6F616428290A00BD
:10CB200025633A204843492064726976657220691A
:10CB300073206E6F742072656164790A004254201C
:10CB400052582057510025633A20484349206472C7
:10CB500069766572206F70656E206661696C6564C8
:10CB600020282564290A0025633A204F7574206F18
:10CB70006620636F6D6D616E6420627566666572B6
:10CB8000730A0025633A20556E61626C6520746FEC
:10CB900020616C6C6F636174652062756666657296
:10CBA0000A0025633A20556E657870656374656484
:10CBB00020484F53545F4E554D5F434F4D504C45A9
:10CBC0005445445F5041434B4554532C207374618A
:10CBD000747573203078253032782025730A00254B
:10CBE000633A20556E636C65617265642070656E92
:10CBF00064696E672073656E745F636D640A0031EB
:10CC00002E306200312E3100312E3200322E3000B3
:10CC1000322E3100332E3000342E3000342E3100CD
:10CC2000342E3200352E3000352E3100352E3200B4
:10CC3000352E3300352E3400362E3000362E31009E
:10CC4000362E3200362E33005374616E6461726486
:10CC500020426C7565746F6F746820636F6E7472B8
:10CC60006F6C6C65720056656E646F7220737065D0
:10CC7000636966696320636F6E74726F6C6C657252
:10CC8000004669726D77617265206C6F61646572D0
:10CC90000052657363756520696D61676500726533
:10CCA000736572766564006E5246353178006E5257
:10CCB00046353278006E5246353378006E5246352E
:10CCC000344878006E524635344C7800496E7465AD
:10CCD0006C20436F72706F726174696F6E004E6F7B
:10CCE000726469632053656D69636F6E6475637404
:10CCF0006F72004E58502053656D69636F6E647596
:10CD000063746F7273004573707265737369662024
:10CD100053797374656D730062745F6863695F63F0
:10CD20006F72650025633A20636D642064697361E6
:10CD30006C6C6F7765640A00574553545F544F50CD
:10CD40004449522F7A65706879722F7375627379CE
:10CD5000732F626C7565746F6F74682F686F73746E
:10CD60002F69642E630025633A204661696C65640F
:10CD700020746F2064697361626C65206164647201
:10CD8000657373207265736F6C7574696F6E0A00DA
:10CD900025633A205265736F6C76696E67206C6903
:10CDA00073742073697A652065786365656465646A
:10CDB0002E20537769746368696E6720746F2068EA
:10CDC0006F73742E0A0025633A204661696C6564AE
:10CDD00020746F20636C656172207265736F6C756F
:10CDE00074696F6E206C6973740A0025633A20467B
:10CDF00061696C656420746F206164642049524BE2
:10CE000020746F20636F6E74726F6C6C65720A00B1
:10CE100025633A20536574207072697661637920C6
:10CE20006D6F646520636F6D6D616E642069732042
:10CE30006E6F7420737570706F727465640A00256C
:10CE4000633A204661696C656420746F2073657471
:10CE50002070726976616379206D6F64650A0025C0
:10CE6000633A2044697361626C696E67206164642F
:10CE700072657373207265736F6C7574696F6E2061
:10CE80006661696C65642028657272202564290AD0
:10CE90000025633A204661696C656420746F2072D6
:10CEA000656D6F76652049524B2066726F6D206309
:10CEB0006F6E74726F6C6C65720A0025633A204F56
:10CEC0006E6C792072616E646F6D20737461746929
:10CED00063206964656E7469747920616464726545
:10CEE000737320737570706F727465640A002563C4
:10CEF0003A20496E76616C696420696E70757420A1
:10CF0000706172616D65746572730A0025633A2001
:10CF10004661696C656420746F207265616420707D
:10CF200075626C696320616464726573730A0025BD
:10CF3000633A2052656164205374617469632041CF
:10CF4000646472657373657320636F6D6D616E6485
:10CF5000206E6F7420617661696C61626C650A0095
:10CF600025633A204661696C656420746F207265A0
:10CF700061642073746174696320616464726573B1
:10CF80007365730A0025633A204E6F2073746174D1
:10CF90006963206164647265737365732073746F71
:10CFA00072656420696E20636F6E74726F6C6C655D
:10CFB000720A0025633A2043616E277420736574FA
:10CFC00020626F7468204944454E544954592026C4
:10CFD000204E5250410A0062745F69640025633A32
:10CFE00020546F6F2062696720616476657274698E
:10CFF00073696E6720646174610A0025633A204694
:10D0000061696C656420746F20737461727420614F
:10D010006476657274697365720A0025633A204606
:10D0200061696C656420746F2073746F7020616433
:10D03000766572746973696E673A2025640A0062C6
:10D04000745F6164760025633A204661696C6564AB
:10D0500020746F2067656E65726174652045434377
:10D06000206B65792025640A0025633A20466169B2
:10D070006C656420746F206578706F72742045430E
:10D0800043207075626C6963206B65792025640AA2
:10D090000025633A204661696C656420746F2065E1
:10D0A00078706F72742045434320707269766174A2
:10D0B00065206B65792025640A0025633A20466166
:10D0C000696C656420746F2064657374726F792075
:10D0D000454343206B65792049442025640A002597
:10D0E000633A204661696C656420746F20696D70D5
:10D0F0006F7274207468652070726976617465203F
:10D100006B657920666F72206B6579206167726547
:10D11000656D656E742025640A0025633A205261AE
:10D1200077206B65792061677265656D656E742027
:10D130006661696C65642025640A0025633A2046AF
:10D1400061696C656420746F2064657374726F79B3
:10D1500020746865206B65792025640A0025633A90
:10D16000207073615F696D706F72745F6B65792891
:10D17000292072657475726E6564207374617475AC
:10D18000732025640A0025633A2042757379207064
:10D190006572666F726D696E6720616E6F74686527
:10D1A000722045434448206F7065726174696F6EE8
:10D1B0000A0062745F65636300574553545F544FC0
:10D1C000504449522F7A65706879722F7375627373
:10D1D00079732F626C7565746F6F74682F686F73E5
:10D1E000742F636F6E6E2E630025633A204661696B
:10D1F0006C656420726561642072656D6F74652072
:10D20000666561747572657320282564290A002596
:10D21000633A2050485920307825303278206E6F9C
:10D220007420737570706F727465640A0025633AB8
:10D23000204661696C656420746F20736574206496
:10D24000617461206C656E20282564290A002563BD
:10D250003A20556E657870656374656420666972FE
:10D260007374204C32434150206672616D650A0030
:10D2700025633A20556E6578706563746564204C4B
:10D280003243415020636F6E74696E756174696FCB
:10D290006E0A0025633A204E6F7420656E6F7567C5
:10D2A00068206275666665722073706163652066CA
:10D2B0006F72204C3243415020646174610A002532
:10D2C000633A20556E6578706563746564204143E8
:10D2D0004C20666C616773202830782530327829BD
:10D2E0000A0025633A2041434C206C656E206D692D
:10D2F000736D6174636820282575203E202575298B
:10D300000A0028756E6B6E6F776E290025633A20D0
:10D310006E6F207472616E736974696F6E2025730D
:10D320000A0025633A20496E76616C6964202825DD
:10D330007529206F6C642073746174650A0025631D
:10D340003A20636F6E6E202570206661696C65649B
:10D3500020746F2065737461626C6973682E20524B
:10D3600046206E6F6973653F0A0025633A206E6F31
:10D370002076616C69642028257529207374617496
:10D380006520776173207365740A0025633A20690C
:10D390006E636F6D70617469626C652068616E6444
:10D3A0006C652025750A0025633A2054696D656F08
:10D3B0007574206469736361726465642E204E6FB6
:10D3C00020626C6F636B696E6720696E207379737E
:10D3D00077712E0A0025633A20466174616C2065DE
:10D3E00072726F7220282564292E20446973636F3E
:10D3F0006E6E656374696E672025700A0025633A56
:10D4000020466F756E642076616C696420636F6E70
:10D410006E656374696F6E202825702920776974A2
:10D4200068206164647265737320257320696E20BF
:10D430002573207374617465200A0025633A2053B4
:10D44000656E64204C4520706172616D207570645A
:10D45000617465206661696C65642028657272205C
:10D460002564290A00646973636F6E6E6563746571
:10D470006400646973636F6E6E6563742D636F6DB2
:10D48000706C657465007363616E2D6265666F72A2
:10D49000652D696E6974696174696E6700696E698A
:10D4A00074696174696E672D66696C7465722D6C40
:10D4B000697374006164762D636F6E6E6563746169
:10D4C000626C65006164762D6469722D636F6E6EA7
:10D4D00065637461626C6500646973636F6E6E6529
:10D4E0006374696E670062745F636F6E6E005745A8
:10D4F00053545F544F504449522F7A657068797283
:10D500002F7375627379732F626C7565746F6F74A6
:10D51000682F686F73742F6C326361702E630025FF
:10D52000633A204E6F20617661696C61626C6520A0
:10D530004C3243415020636F6E7465787420666F7F
:10D540007220636F6E6E2025700A0025633A2055A5
:10D550006E61626C6520746F20616C6C6F636174C6
:10D56000652062756666657220666F72206F702036
:10D570003078253032780A0025633A204578706586
:10D580006374696E6720757020746F202564207243
:10D590006566732C20676F742025640A0025633A42
:10D5A00020616C72656164792068617665207669B6
:10D5B0006577206F6E2025700A0025633A20546F2E
:10D5C0006F20736D616C6C204C3243415020736945
:10D5D000676E616C696E67205044550A0025633A96
:10D5E000204C32434150206C656E677468206D6931
:10D5F000736D617463682028257520213D20257591
:10D60000290A0025633A20496E76616C69642069B5
:10D6100064656E742076616C756520696E204C328D
:10D62000434150205044550A0025633A20496E7604
:10D63000616C6964204C4520636F6E6E207061726E
:10D64000616D207273702073697A652028257520BA
:10D65000213D20257A75290A0025633A2052656A02
:10D66000656374696E6720756E6B6E6F776E204CA4
:10D67000324341502050445520636F646520307818
:10D68000253032780A0025633A20546F6F20736D7D
:10D69000616C6C204C3243415020504455207265DF
:10D6A0006365697665640A0025633A2049676E6F91
:10D6B00072696E67206461746120666F7220756E96
:10D6C0006B6E6F776E206368616E6E656C20494487
:10D6D000203078253034780A00636F6E6669670001
:10D6E00062745F6C326361700025633A2046616941
:10D6F0006C656420746F207375626D697420617449
:10D70000745F74785F64657374726F795F776F723A
:10D710006B3A2025640A00574553545F544F5044D8
:10D7200049522F7A65706879722F737562737973B5
:10D730002F626C7565746F6F74682F686F73742FC8
:10D740006174742E630025633A2041545420636849
:10D75000616E6E656C206E6F7420636F6E6E6563B4
:10D760007465640A0025633A204572726F722073F3
:10D7700069676E696E6720646174610A0025633AA7
:10D780002052616E206F7574206F6620545820629D
:10D79000756666657273206F7220636F6E7465784C
:10D7A00074732E0A0025633A20415454204D545579
:10D7B0002065786365656465642C206D617820253B
:10D7C000752C2077616E74656420257A750A0025B2
:10D7D000633A20556E61626C6520746F20637265D8
:10D7E0006174652065727220727370205044550A0E
:10D7F0000025633A20546F6F20736D616C6C20417B
:10D800005454205044552072656365697665640AF6
:10D810000025633A20556E68616E646C6564204132
:10D82000545420636F6465203078253032780A00C4
:10D8300025633A20496E76616C6964206C656E20C0
:10D84000257520666F7220636F64652030782530FF
:10D8500032780A0025633A20556E61626C65207447
:10D860006F20637265617465207273702050445537
:10D870000A0025633A20556E61626C6520746F2042
:10D8800063726561746520555549443A2073697A1D
:10D89000652025750A0025633A20556E61626C6526
:10D8A00020746F2063726561746520555549443A50
:10D8B0002073697A652025640A0025633A204E6F3B
:10D8C00020617661696C61626C652041545420630B
:10D8D0006F6E7465787420666F7220636F6E6E2051
:10D8E00025700A0025633A204E6F20617661696CCD
:10D8F00061626C6520415454206368616E6E656C92
:10D9000020666F7220636F6E6E2025700A0025639B
:10D910003A204E6F7420636F6E6E65637465640A9F
:10D920000025633A20556E61626C6520746F206635
:10D93000696E6420415454206368616E6E656C0AA0
:10D940000025633A20476F74206572722025642C8D
:10D95000206E6F742063616C6C696E672041545453
:10D960002063620A0025633A204661696C65642081
:10D97000746F2072652D7375626D69742025733A1A
:10D980002025640A0025633A204E6F20415454201C
:10D990006368616E6E656C20666F72204D54552011
:10D9A000257A750A0025633A204E6F2070656E64F3
:10D9B000696E672041545420726571756573740AED
:10D9C0000025633A20446973636F6E6E6563746902
:10D9D0006E67206661696C65642028657272202517
:10D9E00064290A0025633A204154542054696D6526
:10D9F0006F757420666F7220646576696365202593
:10DA0000732E20446973636F6E6E656374696E670D
:10DA10002E2E2E0A0025633A20556E61626C652019
:10DA2000746F206372656174652072657472792009
:10DA300050445520282575290A0062745F6174746A
:10DA40000025633A20434D4143207570646174653D
:10DA5000206661696C65642025640A0025633A20AC
:10DA60004661696C656420746F206465636F6465EA
:10DA70002076616C7565202865727220257A64298C
:10DA80000A0025633A204661696C656420746F2042
:10DA900073617665204461746162617365204861D9
:10DAA00073682028657272202564290A005745533F
:10DAB000545F544F504449522F7A65706879722FE1
:10DAC0007375627379732F626C7565746F6F7468A8
:10DAD0002F686F73742F676174742E630025633A27
:10DAE000206661696C656420746F2073746F726561
:10DAF0002053432028657272202564290A0025637B
:10DB00003A20756E61626C6520746F207361766572
:10DB10002053433A206E6F20636667206C656674FD
:10DB20000A0025633A20556E61626C6520746F208F
:10DB30006465636F64652061646472657373202536
:10DB4000730A0025633A20496E76616C6964206C23
:10DB50006F63616C206964656E7469747920256CEB
:10DB6000750A0025633A20556E61626C6520746FFA
:10DB700020726573746F72652053433A206E6F2074
:10DB8000636667206C6566740A0025633A20546FEB
:10DB90006F206D616E7920436C69656E74204368F7
:10DBA00061726163746572697374696320436F6E37
:10DBB00066696775726174696F6E2E2053656520A2
:10DBC000434F4E4649475F42545F53455454494E74
:10DBD00047535F4343435F53544F52455F4D415852
:10DBE0000A0A0025633A204E6F2073706163652036
:10DBF000746F2073746F726520436C69656E742056
:10DC0000537570706F7274656420466561747572C7
:10DC100065730A0025633A20556E61626C65207455
:10DC20006F20726573746F72652043463A206E6F81
:10DC300020636667206C6566740A0025633A20439A
:10DC400068616E67652D61776172652073746174B8
:10DC50007573206E6F7420666F756E6420696E2018
:10DC600073657474696E67732C2064656661756C86
:10DC700074696E6720706565722073746174757362
:10DC800020746F206368616E67652D756E617761C2
:10DC900072650A0025633A205265616420626163FF
:10DCA0006B20626164206368616E67652D617761D6
:10DCB00072652076616C75653A20307825782C2065
:10DCC00064656661756C74696E6720706565722045
:10DCD00073746174757320746F206368616E676517
:10DCE0002D756E61776172650A0025633A20666161
:10DCF000696C656420746F2064656C65746520537D
:10DD0000432028657272202564290A0025633A2081
:10DD10004E6F20737061636520746F2073746F722F
:10DD20006520434343206366670A0025633A204623
:10DD300061696C656420746F2073746F7265204331
:10DD40006C69656E74204665617475726573202810
:10DD5000657272202564290A0025633A20556E6198
:10DD6000626C6520746F20696D706F7274207468C6
:10DD700065206B657920666F722041455320434DC5
:10DD800041432025640A0025633A20434D41432046
:10DD90006F7065726174696F6E20696E6974206658
:10DDA00061696C65642025640A0025633A20434D4F
:10DDB00041432066696E697368206661696C6564B9
:10DDC0002025640A0062742F6363630025633A2090
:10DDD000496E76616C6964206B65790A0025633A47
:10DDE000204661696C656420746F2073746F72657E
:10DDF00020434343732028657272202564290A005A
:10DE000025633A2052656164206D6574686F6420F3
:10DE10006E6F74207365740A0025633A2046616949
:10DE20006C656420746F2072656164206174747223
:10DE30006962757465202570202865727220257AC4
:10DE400064290A0025633A20496E76616C69642072
:10DE500072656164206C656E6774683A20257A6427
:10DE60000A0025633A20434343202570206E6F74D7
:10DE7000207772697461626C650A0025633A2053E9
:10DE80004320726573746F726520696E64696361A3
:10DE900074696F6E206661696C65640A0025633A77
:10DEA000204661696C656420746F2073657420730B
:10DEB0006563757269747920666F7220626F6E6433
:10DEC0006564207065657220282564290A006274E3
:10DED0002F686173680062742F63660062742F7329
:10DEE000630062745F676174740025633A20556E45
:10DEF00061626C6520746F2066696E6420534D50BA
:10DF0000206368616E6E656C0A0025633A204E6F6F
:10DF100020617661696C61626C6520534D502063AD
:10DF20006F6E7465787420666F7220636F6E6E20FA
:10DF300025700A0025633A204661696C6564207487
:10DF40006F2067656E65726174652044484B657922
:10DF50000A0025633A20556E61626C6520746F205B
:10DF6000676574206B65797320666F722025730A6C
:10DF70000025633A2043616C63756C6174652063AE
:10DF80006F6E6669726D206661696C65640A002552
:10DF9000633A20556E6B6E6F776E2070616972699F
:10DFA0006E67206D6574686F6420282575290A00E6
:10DFB00025633A2043616C63756C617465204C5431
:10DFC0004B206661696C65640A0025633A204361F1
:10DFD0006C63756C617465206C6F63616C20444880
:10DFE0004B657920636865636B206661696C656465
:10DFF0000A0025633A2043616C63756C6174652087
:10E0000072656D6F74652044484B6579206368655F
:10E01000636B206661696C65640A0025633A20526F
:10E02000656D6F7465207075626C6963206B6579CE
:10E030002072656A65637465640A0025633A20523C
:10E04000656D6F7465206973207573696E67204410
:10E0500065627567205075626C6963206B65790A2B
:10E060000025633A20526563656976656420696EB0
:10E0700076616C6964207075626C6963206B657988
:10E080000A00574553545F544F504449522F7A6504
:10E09000706879722F7375627379732F626C75650E
:10E0A000746F6F74682F686F73742F736D702E6345
:10E0B0000025633A205075626C6963206B65792096
:10E0C00072652D67656E65726174696F6E20726529
:10E0D0007175657374206661696C656420282564B8
:10E0E000290A0025633A205075626C6963206B65CC
:10E0F000792067656E65726174696F6E2074696DF1
:10E10000656F75740A0025633A2054686520696E4E
:10E110002D70726F67726573732070616972696EBA
:10E120006720686173206265656E2064656C657444
:10E130006564210A0025633A20534D5020646F65C1
:10E1400073206E6F7420616C6C6F7720612070613A
:10E150006972696E67206661696C757265206174A9
:10E16000207468697320706F696E742E204B6E6F17
:10E17000776E2069737375652E20446973636F6EC3
:10E180006E656374696E6720696E73746561642E71
:10E190000A0025633A205075626C6963206B6579CB
:10E1A000206E6F7420617661696C61626C650A0033
:10E1B00025633A20546F6F20736D616C6C20534D52
:10E1C00050205044552072656365697665640A0085
:10E1D00025633A20534D5020636F6D6D616E64204E
:10E1E00028636F6465203078253032782920726585
:10E1F0006365697665642061667465722074696D13
:10E20000656F75740A0025633A2052656365697607
:10E21000656420726573657276656420534D502085
:10E22000636F6465203078253032780A0025633AC0
:10E2300020556E68616E646C656420534D50206398
:10E240006F6465203078253032780A0025633A20E3
:10E25000556E657870656374656420534D50206316
:10E260006F6465203078253032780A0025633A20C3
:10E27000496E76616C6964206964656E746974794D
:10E280002025730A0025633A2020666F72202573CB
:10E290000A0025633A205265667573696E67206EC1
:10E2A00065772070616972696E672E2054686520F9
:10E2B0006F6C6420626F6E64206D7573742062658C
:10E2C00020756E7061697265642066697273742E60
:10E2D0000A0025633A2070616972696E6720666181
:10E2E000696C656420287065657220726561736F62
:10E2F0006E2030782578290A0025633A204E6F2059
:10E300006B65797320737061636520666F72202579
:10E31000730A0025633A20534D502054696D656F90
:10E3200075742028666C6167733A307825303878C8
:10E3300020616C6C6F7765645F636D64733A3078ED
:10E3400025303878290A0062745F736D7000574574
:10E3500053545F544F504449522F7A657068797214
:10E360002F7375627379732F626C7565746F6F7438
:10E37000682F686F73742F6B6579732E6300256344
:10E380003A204661696C656420746F20726561642F
:10E390002076616C7565202865727220257A642963
:10E3A0000A0025633A20556E61626C6520746F2007
:10E3B00066696E642064656C65746564206B65795C
:10E3C0007320666F722025730A0025633A20466128
:10E3D000696C656420746F20616C6C6F6361746537
:10E3E000206B65797320666F722025730A002563A0
:10E3F0003A20496E76616C6964206B6579206C65A2
:10E400006E67746820257A6420213D20257A750A7C
:10E410000025633A2044726F7070696E67206B65E7
:10E42000797320666F722025732C206E6F20534302
:10E43000204C544B0A0025633A2053746F72656474
:10E44000206B65797320666F7220257320646F20BE
:10E450006E6F74206D617463682063757272656E8F
:10E460007420636F6E66696720666C616773206FE6
:10E47000722076657273696F6E0A0025633A2054C4
:10E480006865206B65797320666F72202573206143
:10E49000726520646F776E67726164656420746F63
:10E4A00020756E61757468656E7469636174656406
:10E4B0002061732074686579206E6F206C6F6E67C1
:10E4C0006572206D6565742061757468656E746928
:10E4D000636174696F6E20726571756972656D65CF
:10E4E0006E74730A0025633A204661696C65642086
:10E4F000746F2073617665206B657973202865726F
:10E5000072202564290A0062742F6B65797300629A
:10E51000745F6B6579730025633A204661696C65A9
:10E520006420746F20616C6C6F63617465206E652C
:10E5300077207265617373656D626C7920627566B0
:10E540006665720A0025633A204E554C4C20646F74
:10E5500075626C6520706F696E7465722077617387
:10E5600020706173736564207768656E20617474D0
:10E57000656D7074696E6720746F206672656520C2
:10E580007265617373656D626C792062756666652C
:10E59000720A0025633A20417474656D7074656475
:10E5A00020646F75626C652066726565206F6E20F1
:10E5B0007265617373656D626C79206275666665FC
:10E5C000720A0025633A20546865206275666665A4
:10E5D0007220776173206E6F7420696E2074686595
:10E5E000206C6973740A0025633A204E6F742065AD
:10E5F0006E6F756768207265617373656D626C79A3
:10E600002062756666657220737061636520666F4F
:10E6100072207375626576656E7420726573756CB1
:10E62000740A0025633A20556E65787065637465D9
:10E630006420656E64206F66206275666665720A86
:10E640000025633A20526561642052656D6F7465E0
:10E6500020537570706F72746564204361706162DD
:10E66000696C6974696573206661696C65642028EA
:10E6700073746174757320307825303258290A001C
:10E6800025633A20436F756C64206E6F74206C6F45
:10E690006F6B757020636F6E6E656374696F6E204B
:10E6A00068616E646C65207768656E207265616470
:10E6B000696E672072656D6F7465204353206361D6
:10E6C000706162696C69746965730A0025633A2038
:10E6D000526561642052656D6F7465204641452026
:10E6E0005461626C65206661696C65642077697449
:10E6F0006820737461747573203078253032580A3D
:10E700000025633A20436F756C64206E6F74206C33
:10E710006F6F6B757020636F6E6E656374696F6E7B
:10E720002068616E646C65207768656E2072656133
:10E7300064696E672072656D6F746520464145207F
:10E740005461626C650A0025633A20556E6B6E6FEA
:10E75000776E20636F6E6E656374696F6E2068619B
:10E760006E646C65207768656E2070726F63657388
:10E7700073696E67207375626576656E7420726565
:10E7800073756C74730A0025633A2050726F636569
:10E790006475726520737461747573206973206980
:10E7A0006E636F6E73697374656E742077697468D5
:10E7B000207375626576656E742073746174757309
:10E7C0002E2044697363617264696E672073756299
:10E7D0006576656E7420726573756C74730A0025B6
:10E7E000633A2044697363617264696E6720706183
:10E7F000727469616C20726573756C7473207769CB
:10E8000074686F7574207374657020646174610A34
:10E810000025633A204E6F2062756666657220613E
:10E820006C6C6F636174656420666F7220746865D8
:10E8300020726573756C74207265617373656D62A7
:10E840006C790A0025633A204F7665722D777269DC
:10E850007474656E20696E636F6D706C657465208D
:10E860004353207375626576656E742072657375A7
:10E870006C74730A0025633A204E6F2072656173D1
:10E8800073656D626C79206275666665722077616A
:10E890007320616C6C6F636174656420666F7220B5
:10E8A000746869732043532070726F636564757276
:10E8B000652C20706F737369626C792064756520B4
:10E8C000746F20616E206F75742D6F662D6F72648A
:10E8D0006572207375626576656E742072657375F6
:10E8E0006C7420636F6E74696E7565206576656EF5
:10E8F000740A0025633A2044697363617264656435
:10E90000206F75742D6F662D6F7264657220706153
:10E91000727469616C204353207375626576656E0D
:10E920007420726573756C74730A0025633A205203
:10E930006563656976656420696E636F6E7369737C
:10E9400074656E74206E756D626572206F662061ED
:10E950006E74656E6E612070617468732066726F8C
:10E960006D2074686520636F6E74726F6C6C657275
:10E970003A2025642C2070726576696F7573206E5D
:10E98000756D626572207761733A2025640A0025EF
:10E99000633A20435320436F6E666967206661695E
:10E9A0006C65642028737461747573203078253029
:10E9B0003258290A0025633A20436F756C64206E33
:10E9C0006F74206C6F6F6B757020636F6E6E656314
:10E9D00074696F6E2068616E646C65207768656E1F
:10E9E0002072656164696E6720435320636F6E66B1
:10E9F000696775726174696F6E0A0025633A205306
:10EA00006563757269747920456E61626C65206614
:10EA100061696C65642077697468207374617475CA
:10EA200073203078253032580A0025633A2043613C
:10EA30006E2774206C6F6F6B757020636F6E6E2025
:10EA400068616E646C65207768656E2072656164CC
:10EA5000696E6720536563757269747920456E61CC
:10EA6000626C6520436F6D706C65746520657665BA
:10EA70006E740A0025633A2050726F636564757284
:10EA80006520456E61626C65206661696C65642015
:10EA900077697468207374617475732030782530D9
:10EAA00032580A0025633A2043616E2774206C6F48
:10EAB0006F6B757020636F6E6E2068616E646C653D
:10EAC000207768656E2072656164696E6720507298
:10EAD0006F63656475726520456E61626C65204385
:10EAE0006F6D706C657465206576656E740A0025BF
:10EAF000633A2044652D616C6C6F636174696E6765
:10EB000020612064616E676C696E67207265617355
:10EB100073656D626C79206275666665720A0025A0
:10EB2000633A20547269656420746F207061727357
:10EB30006520656D707479207374657020646174EC
:10EB4000612E0A0025633A20456E636F756E746509
:10EB5000726564207A65726F2D6C656E67746820CB
:10EB60007374657020646174612E0A0025633A2015
:10EB700053746570206461746120617070656172A6
:10EB800073206D616C666F726D65642E0A0062742D
:10EB90005F63730062745F63727970746F002563E2
:10EBA0003A204661696C656420746F20696D706FEE
:10EBB000727420414553206B65792025640A002535
:10EBC000633A204661696C656420746F20636F6DE1
:10EBD00070757465204D41432025640A00636163AC
:10EBE00068655F6E72667800574553545F544F50A6
:10EBF0004449522F7A65706879722F64726976651C
:10EC000072732F636C6F636B5F636F6E74726F6C84
:10EC10002F636C6F636B5F636F6E74726F6C5F6E8C
:10EC200072662E6300636C6F636B40313065303009
:10EC300030006866636C6B006C66636C6B00636CC1
:10EC40006F636B5F636F6E74726F6C007073612DB6
:10EC5000726E67007272616D2D636F6E74726F6C8D
:10EC60006C657240353030346230303000666C6133
:10EC700073685F6E72665F7272616D0057455354C0
:10EC80005F544F504449522F7A65706879722F69EA
:10EC90006E636C7564652F7A65706879722F647223
:10ECA00069766572732F6770696F2F6770696F5F20
:10ECB0007574696C732E6800574553545F544F50F8
:10ECC0004449522F6D6F64756C65732F68616C2FAA
:10ECD0006E6F726469632F6E7266782F68616C2F35
:10ECE0006E72665F6770696F2E6800574553545F98
:10ECF000544F504449522F7A65706879722F64726C
:10ED000069766572732F6770696F2F6770696F5FBF
:10ED10006E7266782E63006770696F4031306130C3
:10ED20003030006770696F4064383230300067708F
:10ED3000696F40353034303000574553545F544F7D
:10ED4000504449522F7A65706879722F64726976DF
:10ED50006572732F74696D65722F6E72665F67726C
:10ED600074635F74696D65722E6300574553545F19
:10ED7000544F504449522F7A65706879722F696EEA
:10ED8000636C7564652F7A65706879722F64726937
:10ED9000766572732F6770696F2E680025633A205D
:10EDA00043616E6E6F74207772697465204C4544C0
:10EDB000206770696F0A0025633A2043616E6E6FA9
:10EDC0007420636F6E666967757265204C454420D8
:10EDD0006770696F0A0025633A204C454420696ECC
:10EDE000646578206F7574206F6620746865207282
:10EDF000616E67650A00646B5F627574746F6E7331
:10EE00005F616E645F6C6564730025633A205265D0
:10EE100073657474696E672073797374656D0A0025
:10EE2000666174616C5F6572726F720025633A206F
:10EE3000536F667444657669636520436F6E7472C0
:10EE40006F6C6C6572204153534552543A202573C0
:10EE50002C2025640A00536F6674446576696365E7
:10EE600020436F6E74726F6C6C6572206275696C92
:10EE700064207265766973696F6E3A200025633A83
:10EE80002025730A0025633A20456E74726F7079ED
:10EE900020736F7572636520646576696365206EA3
:10EEA0006F742072656164790A0025633A204661B7
:10EEB000696C656420746F2072656769737465722C
:10EEC0002072616E6420736F7572636520282564FB
:10EED000290A00574553545F544F504449522F7AE2
:10EEE00065706879722F696E636C7564652F7A65D9
:10EEF000706879722F647269766572732F656E74AB
:10EF0000726F70792E6800574553545F544F5044C8
:10EF100049522F6E72662F7375627379732F626C0C
:10EF20007565746F6F74682F636F6E74726F6C6C3D
:10EF300065722F6863695F6472697665722E63001B
:10EF400025633A20416C6C6F6361746564206D6564
:10EF50006D6F727920746F6F206C6F773A20257A0D
:10EF600075203C2025750A00574553545F544F5077
:10EF70004449522F6E72662F696E636C7564652FFB
:10EF80006D70736C2F6D70736C5F776F726B2E6822
:10EF90000025633A204576656E7420627566666565
:10EFA0007220746F6F20736D616C6C2E20257A75E2
:10EFB000203E2025750A0025633A20556E6578703D
:10EFC0006563746564206D73675F747970653A205A
:10EFD00025752E20546869732069662D656C7365EC
:10EFE000206E656564732061206E657720627261B2
:10EFF0006E63680A0025633A20556E6B6E6F776EFC
:10F00000206572726F72207768656E2070726F6310
:10F01000657373696E6720686369206D65737361DA
:10F0200067652025640A0062745F6863695F7364C2
:10F03000630062745F7364635F6863695F647269CD
:10F040007665720062745F7364635F637279707473
:10F050006F00574553545F544F504449522F6E72BE
:10F06000662F7375627379732F626C7565746F6F39
:10F0700074682F636F6E74726F6C6C65722F63733C
:10F080005F616E74656E6E615F7377697463682E1D
:10F09000630025633A204D50534C20415353455251
:10F0A000543A2025732C2025640A00574553545F99
:10F0B000544F504449522F6E72662F7375627379A4
:10F0C000732F6D70736C2F696E69742F6D70736C14
:10F0D0005F696E69742E63004D50534C20576F72F8
:10F0E0006B006D70736C5F696E69740025633A2004
:10F0F000556E737570706F72746564204846434C2A
:10F100004B206576656E743A2025640A0057455396
:10F11000545F544F504449522F6E72662F64726987
:10F12000766572732F6D70736C2F636C6F636B5F9A
:10F13000636F6E74726F6C2F6E7266785F636C6F44
:10F14000636B5F6D70736C2E63006E7266785F63C5
:10F150006C6F636B5F6D70736C00574553545F54F5
:10F160004F504449522F6E72662F647269766572F1
:10F17000732F6D70736C2F666C6173685F73796E3B
:10F18000632F666C6173685F73796E635F6D707314
:10F190006C2E630025633A206D70736C5F74696D2B
:10F1A00065736C6F745F73657373696F6E5F6F7097
:10F1B000656E206661696C65643A2025640A0025E5
:10F1C000633A2074696D656F75740A00666C6173CB
:10F1D000685F73796E635F6D70736C00574553544D
:10F1E0005F544F504449522F6D6F64756C65732F97
:10F1F00068616C2F6E6F726469632F6E7266782F10
:10F20000647269766572732F7372632F6E7266789B
:10F210005F6770696F74652E6300574553545F5480
:10F220004F504449522F6D6F64756C65732F686140
:10F230006C2F6E6F726469632F6E7266782F6861CF
:10F240006C2F6E72665F6770696F74652E68005709
:10F250004553545F544F504449522F6D6F64756C41
:10F2600065732F68616C2F6E6F726469632F6E72A5
:10F2700066782F68616C2F6E72665F677274632E9A
:10F280006800574553545F544F504449522F6D6F97
:10F2900064756C65732F68616C2F6E6F726469633F
:10F2A0002F6E7266782F647269766572732F73722F
:10F2B000632F6E7266785F677274632E63005745C2
:10F2C00053545F544F504449522F6D6F64756C65B1
:10F2D000732F68616C2F6E6F726469632F6E726634
:10F2E000782F68616C2F6E72665F7272616D632E2B
:10F2F00068005465726D696E616C00574553545FC8
:10F30000544F504449522F7A65706879722F6B655B
:10F31000726E656C2F6465766963652E6300556E49
:10F320006B6E6F776E206572726F720025633A2084
:10F330003E3E3E205A455048595220464154414C89
:10F34000204552524F522025643A202573206F6E7B
:10F35000204350552025640A0025633A20466175F4
:10F360006C7420647572696E6720696E7465727260
:10F370007570742068616E646C696E670A0A002596
:10F38000633A2043757272656E74207468726561A9
:10F39000643A20257020282573290A0057455354C4
:10F3A0005F544F504449522F7A65706879722F6BC1
:10F3B00065726E656C2F666174616C2E63004350DC
:10F3C0005520657863657074696F6E00556E68616D
:10F3D0006E646C656420696E746572727570740019
:10F3E000537461636B206F766572666C6F77004B48
:10F3F00065726E656C206F6F7073004B65726E6521
:10F400006C2070616E696300574553545F544F50D0
:10F410004449522F7A65706879722F6B65726E65F8
:10F420006C2F696E69742E63006F730057455354D7
:10F430005F544F504449522F7A65706879722F6B30
:10F4400065726E656C2F6B686561702E6300574541
:10F4500053545F544F504449522F7A657068797203
:10F460002F6B65726E656C2F6D656D5F736C61627D
:10F470002E6300574553545F544F504449522F7ADE
:10F4800065706879722F6B65726E656C2F696E633B
:10F490006C7564652F6B73636865642E68005745EF
:10F4A00053545F544F504449522F7A6570687972B3
:10F4B0002F6B65726E656C2F69646C652E630057E7
:10F4C0004553545F544F504449522F7A65706879C0
:10F4D000722F6B65726E656C2F6D757465782E6317
:10F4E00000574553545F544F504449522F7A65702A
:10F4F0006879722F6B65726E656C2F73656D2E6304
:10F5000000737973776F726B7100574553545F5472
:10F510004F504449522F7A65706879722F6B65722B
:10F520006E656C2F776F726B2E6300574553545F77
:10F53000544F504449522F7A65706879722F6B6529
:10F54000726E656C2F7468726561642E6300574536
:10F5500053545F544F504449522F7A657068797202
:10F560002F6B65726E656C2F73636865642E630024
:10F57000574553545F544F504449522F7A65706831
:10F5800079722F6B65726E656C2F696E636C756432
:10F59000652F6B7468726561642E6800574553541B
:10F5A0005F544F504449522F7A65706879722F6BBF
:10F5B00065726E656C2F696E636C7564652F6B7315
:10F5C0007761702E6800574553545F544F5044493B
:10F5D000522F7A65706879722F6B65726E656C2F29
:10F5E00074696D65736C6963696E672E6300574556
:10F5F00053545F544F504449522F7A657068797262
:10F600002F6B65726E656C2F74696D656F75742EE6
:10F610006300574553545F544F504449522F7A6505
:10F62000706879722F6B65726E656C2F6D656D7089
:10F630006F6F6C2E630063726163656E0057455394
:10F64000545F544F504449522F6E72662F73756247
:10F650007379732F6E72665F7365637572697479FF
:10F660002F7372632F647269766572732F63726190
:10F6700063656E2F636F6D6D6F6E2F7372632F6393
:10F68000726163656E2F6C69625F6B6D752E6300CE
:10F69000574553545F544F504449522F6E72662F52
:10F6A0007375627379732F6E72665F7365637572BB
:10F6B0006974792F7372632F647269766572732F20
:10F6C00063726163656E2F63726163656E707361EF
:10F6D0002F7372632F63726163656E5F7073615F16
:10F6E0006D61632E6300574553545F544F50444936
:10F6F000522F6E72662F7375627379732F6E7266F6
:10F700005F73656375726974792F7372632F6472A6
:10F7100069766572732F63726163656E2F637261C0
:10F7200063656E7073612F7372632F6372616365BB
:10F730006E5F7073615F6B65795F6D616E61676548
:10F740006D656E742E6300574553545F544F50449B
:10F7500049522F6E72662F7375627379732F6E72B2
:10F76000665F73656375726974792F7372632F6452
:10F770007269766572732F63726163656E2F737839
:10F7800073796D63727970742F7372632F706C610B
:10F7900074666F726D2F626172656D6574616C2F36
:10F7A000696E74657272757074732E630057455379
:10F7B000545F544F504449522F6E72662F737562D6
:10F7C0007379732F6E72665F73656375726974798E
:10F7D0002F7372632F7574696C732F6E72665F730B
:10F7E000656375726974795F6D7574657865732E7C
:10F7F0006300574553545F544F504449522F7A6524
:10F80000706879722F6B65726E656C2F6576656EA8
:10F8100074732E6300FFFFFFFF1F00FFC1FBE84C66
:10F8200090728BE7B3518963AB232300418866AAAA
:10F830001AFFFF443300647261676F6F6E2F6C694B
:10F8400062732F73636865642F7372632F736368C9
:10F8500065645F68616C5F74696D65725F6772741F
:10F86000632E6300C8DA3098F9F034A44B6EBAD333
:10F870000819CC0CEA51DA4700286E756C6C290027
:10F880002A666C6F61742A004557494400FFFFFFE8
:10F89000FFFFFF00000000000000FFFFFFFFFFFF71
:10F8A000000000000000303132333435363738394B
:10F8B0006162636465660000000000000010008063
:10F8C0000000805F9B34FB91FBFBF3F4FBFBFBFB35
:10F8D000EA000909090901020909090909090909CF
:10F8E000090909070909090909060909090909098D
:10F8F0000909090909090909090905E69D350E489B
:10F900000103CCDBFDF4AC1191F4EFB9A5F9E9A743
:10F91000832C5E2CBE97F2D203B0208BD28915D0F7
:10F920008E1C742430ED8FC24563765C15525ABF2D
:10F930009A32636DEB2A65499C80DC6174745F7454
:10F94000785F64657374726F795F776F726B5F68ED
:10F95000616E646C6572000005061F1F2918120392
:10F9600008020305080A000801030401050405094B
:10F97000060701010606080000010001000301005E
:10F980000302020100020000000000020301000364
:10F990006C888391AAF5A53860370BDB5A6083BE6B
:10F9A00000070E091C1B1215383F363124232A2D5F
:10F9B0000007182323232323232323232323232361
:10F9C000000102000000000000545452205245473C
:10F9D0004745530010141400001C2030401C200028
:10F9E000001C203040004010141400001C20304047
:10F9F0001C2000001C2030400040010302FFFFFFDC
:10FA0000FF000000010000000000000000000000F6
:10FA100000FFFFFFFFFFFFFFFFFFFFFFFFFFFFFFF5
:10FA2000FF00000000FFFFFFFFFFFFFFFFBCE6FA43
:10FA3000ADA7179E84F3B9CAC2FC6325516B17D1D9
:10FA4000F2E12C4247F8BCE6E563A440F277037D7F
:10FA5000812DEB33A0F4A13945D898C2964FE342EB
:10FA6000E2FE1A7F9B8EE7EB4A7C0F9E162BCE336D
:10FA7000576B315ECECBB6406837BF51F5FFFFFF05
:10FA8000FF00000001000000000000000000000076
:10FA900000FFFFFFFFFFFFFFFFFFFFFFFC5AC63520
:10FAA000D8AA3A93E7B3EBBD55769886BC651D0698
:10FAB000B0CC53B0F63BCE3C3E27D2604B000000AA
:10FAC800FFFFFFFFFF1F00001F00000000000000F5
:10FAD8007FFE0000E40700001D4000000000000059
:10FAE8000000000000000000FFFFFFFF1FFF1B00D9
:10FAF800BAABBABA10101010A0354D00FF000000C4
:10FB0800C409000000000000005008500000000078
:10FB1800000000000C000000010000FF7F00000052
:10FB280000000000AAAAAAAA5555555501000000D0
:10FB38008B6B010000000000276B01000000000033
:10FB48009D47000000000000736B010000000000EA
:10FB58006F6B010000000000559F000000000000CE
:10FB6800559F000000000000176B01000000000016
:10FB7800056B010000000000B80A0100FF0000004A
:10FB8800F830010001000101010300001E001E02FF
:10FB9800000000000000000012007C007E00E00170
:10FBA80003007E000A1E001E000000000000000086
:10FBB800000000000000000000000000000000003D
:10FBC800000000000000000000000000000000002D
:10FBD800000000000000000000000000000000001D
:10FBE800000000000000000000000000000000000D
:10FBF80000000000000000000000000000000000FD
:10FC080000000000000000000000000000000000EC
:10FC180000000000000000000000000000000000DC
:10FC280000000000000000000000000000000000CC
:10FC380000000000000000000000000000000000BC
:10FC480000000000000000000000000000000000AC
:10FC5800000000000000000000000000000000009C
:10FC6800000000000000000000000000000000008C
:10FC7800690402000000000000000000000000000D
:10FC8800000000000000000000000000000000006C
:10FC9800000000000000000000000000000000005C
:10FCA800000000000000000000000000000000004C
:10FCB800000000000000000000000000000000003C
:10FCC800000000000000000000000000000000002C
:10FCD800000000000000000000000000000000001C
:10FCE800000000000000000000000000000000000C
:10FCF80000000000000000006C7B03000000000012
:10FD08000000000049AE01000000000000010000F2
:10FD180000000000000000000000000000000000DB
:10FD280000000000000000000000000000000000CB
:10FD38000000000067000000000000000000000054
:10FD480000000000000000000000000000000000AB
:10FD5800000000000000000000000000000000009B
:10FD6800000000000000000000000000000000008B
:10FD7800000000000000000000000000000000007B
:10FD8800000000000000000000000000000000006B
:10FD9800000000000000000000000000000000005B
:10FDA800000000000000000000000000000000004B
:10FDB800000000000000000000000000000000003B
:10FDC800B12B0300F48D0300CCAA0300000002004D
:10FDD800D8AA030000000200E4AA03000000020001
:10FDE80069CB010079CA0100000000000000000092
:10FDF8000000000000000000413703000000000080
:10FE080000000000FCAA030000003200000000000F
:10FE1800000000000000000043370300000000005D
:10FE2800000000000CAB03000000320000000000DE
:10FE38000000000000000000DF36030000000000A2
:10FE4800000000001CAB03000000240000000000BC
:10FE580000000000000000000000000001CA0100CE
:10FE6800000000002CAB0300000030000000000080
:10FE78000000000000000000000000003DCA010072
:10FE8800000000003CAB03000000300048AB03005A
:10FE98000000020001000000F4E700200000F20169
:10FEA800F4E7002000000000BB3803000000000059
:10FEB8000000000000C0105000000000000000001A
:10FEC800000000000000000000000000000000002A
:10FED800000000000000000000000000000000001A
:10FEE800000000000000000000000000000000000A
:10FEF80000000000000000000000000000000000FA
:10FF080000000000000000000000000000000000E9
:10FF180000000000000000000000000000000000D9
:10FF280000000000000000000001000000A00D50CB
:10FF380000000000000000000000000000000000B9
:10FF480000000000000000000000000000000000A9
:10FF58000000000000000000000000000000000099
:10FF68000000000000000000000000000000000089
:10FF78000000000000000000000000000000000079
:10FF88000000000000000000000000000000000069
:10FF98000000000000000000000000000000000059
:10FFA8000000000000000000ADEF010000000000AC
:10FFB80000000000000000006107020000000000CF
:10FFC8000000000000000000BDF701000000000074
:10FFD800000000000000000095160200000000006C
:10FFE8000000000000000000611502000000000091
:08FFF800000000000000000001
:020000040004F6
:100000004920020000000000000000000000000085
:100010004D1A020000000000000000003538020008
:10002000894402009D45020000000000000000001D
:100030000D370200A1480300034903007D3402008C
:1000400000000000000000009541020000000000D8
:1000500000000000E34D030000000000000000006D
:10006000000000005CAB03000000020068AB03006E
:1000700000000A0078AB0300000020000000000030
:10008000000000000000000000000000E54C03003C
:1000900000000000EC160020EC160020000000001C
:1000A000000000000E0000000017002000170020D4
:1000B000D56D020000000000B18E020000000000BB
:1000C000FF0000000090D003FF0000000F000000C0
:1000D000710200002C1700202C170020341700207C
:1000E0003417002000000000000000000E00000097
:1000F000000000004C1700204C17002000000000FA
:10010000000000000E000000000000006417002046
:100110006417002000000000000000000E00000036
:10012000000000007C1700207C1700200000000069
:10013000000000000E000000000000000761030046
:100140000361030067742000341800208418002025
:100150005C18002000190020F0180020481800202A
:10016000701800205B180601FF000000000000006E
:10017000000000000000000000000000D417002074
:10018000D4170020000000005CDD0020000000000B
:10019000010000002800000000000000F41700200B
:1001A000F417002000000000188E0020000000005E
:1001B00001000000A800000000000000141800204A
:1001C000141800200000000084DD00200000000062
:1001D000030000001C000000000000003418002094
:1001E0003418002000000000000000000E00000095
:1001F00048180020481800200000000000000000FF
:100200000E0000005C1800205C18002000000000B8
:10021000000000000E000000701800207018002080
:1002200000000000000000000E0000008418002004
:100230008418002000000000000000000E000000F4
:10024000981800209818002000000000000000000E
:100250000E000000AC180020AC18002000000000C8
:10026000000000000E000000C0180020C018002090
:1002700000000000FFFFFFFFD0180020D018002072
:100280000000000001000000E0180020E01800203D
:100290000000000001000000F0180020F01800200D
:1002A00000000000000000000019002000190020DC
:1002B000000000000000000000000000000000003E
:1002C000000000001C1900201C1900200000000084
:1002D000000000000000000030190020301900204C
:1002E00000000000030003001000000000000000F8
:1002F0004492030074D600200000000000000000BB
:10030000000000005C1900205C19002000000000C3
:100310000300030010000000D9330200E092030044
:10032000E4DC0020000000000000000000000000ED
:100330008819002088190020000000000300030035
:1003400000000000000000009C900300A0CB0020F3
:10035000000000000000000000000000B4190020B0
:10036000B41900200000000001000100100000008E
:10037000551902003092030058D000200000000000
:100380000000000000000000E0190020E01900203B
:100390000000000003000300000000000000000057
:1003A000F891030010D000200000000000000000C1
:1003B000000000000C1A00200C1A002000000000B1
:1003C0000C000C000400000055F2010088900300AE
:1003D000C4C9002000000000000000000000000070
:1003E000381A0020381A0020000000000100010027
:1003F000020000000000000034940300D8E7002051
:10040000000000000000000000000000641A00204E
:10041000641A00200000000001000100000000003C
:1004200000000000B0900300ECCC002015E015E0C7
:00000001FF
