[    0.5] *** Booting nRF Connect SDK v3.4.0-99553055607b ***
[    0.5] *** Using Zephyr OS v4.4.0-bf801e4e3d19 ***
[    0.5] [00:00:00.392,120] <inf> gnss_sample: Starting GNSS sample
[    1.1] [00:00:00.698,608] <inf> gnss_sample: Wrote factory almanac
[    1.1] [00:00:00.752,166] <inf> gnss_sample: Deleting GNSS data
[    1.1] [00:00:00.764,648] <inf> gnss_sample: Assistance data needed: data_flags: 0x3f
[    1.1] [00:00:00.772,277] <inf> gnss_sample: Assistance data needed: GPS ephe: 0xffffffff, alm: 0xffffffff
[    1.1] [00:00:00.781,738] <inf> gnss_sample: Connecting to LTE network
[    3.7] +CEREG: 2,"C577","0AAEEA15",7
[    4.2] +CSCON: 1
[    4.7] +CEREG: 1,"C577","0AAEEA15",7,,,"00000011","00101000"
[    4.7] [00:00:04.328,979] <inf> gnss_sample: Connected to LTE network
[    5.8] [00:00:05.338,623] <inf> gnss_sample: Injected time (GPS day 17048, GPS time of day 20175)
[    5.8] [00:00:05.349,029] <inf> gnss_sample: Injected location for MCC 724
[    5.8] +CEREG: 0
[    5.8] +CSCON: 0
[    6.3] [00:00:05.685,211] <inf> gnss_sample: LTE disconnected
[    6.3] [00:00:05.690,734] <inf> gnss_sample: Starting GNSS
[    6.3] $GPGGA,053557.40,,,,,0,,99.99,,M,,M,,*63
[    6.3] $GPGLL,,,,,053557.40,V,N*4F
[    6.3] $GPGSA,A,1,,,,,,,,,,,,,99.99,99.99,99.99,1*2D
[    6.3] $GPGSV,3,1,12,3,24,035,,4,27,114,,6,28,288,,7,44,185,,1*66
[    6.3] $GPGSV,3,2,12,8,11,086,,9,40,156,,11,14,253,,14,41,342,,1*6B
[    6.3] $GPGSV,3,3,12,17,08,347,,21,11,215,,22,21,338,,30,42,251,,1*64
[    6.3] $GPRMC,053557.40,V,,,,,,,090926,,,N,V*06
[    7.4] $GPGGA,053558.39,,,,,0,,99.99,,M,,M,,*62
[    7.4] $GPGLL,,,,,053558.39,V,N*4E
[    7.4] $GPGSA,A,1,,,,,,,,,,,,,99.99,99.99,99.99,1*2D
[    7.4] $GPGSV,3,1,12,3,24,035,,4,27,114,46,6,28,288,,7,44,185,,1*64
[    7.4] $GPGSV,3,2,12,8,11,086,,9,40,156,43,11,14,253,,14,41,342,40,1*68
[    7.4] $GPGSV,3,3,12,17,08,347,,21,11,215,,22,21,338,,30,42,251,,1*64
[    7.4] $GPRMC,053558.39,V,,,,,,,090926,,,N,V*07
[    7.9] $GPGGA,053559.39,,,,,0,,99.99,,M,,M,,*63
[    7.9] $GPGLL,,,,,053559.39,V,N*4F
[    7.9] $GPGSA,A,1,,,,,,,,,,,,,99.99,99.99,99.99,1*2D
[    7.9] $GPGSV,3,1,12,3,24,035,,4,27,114,46,6,28,288,,7,44,185,,1*64
[    7.9] $GPGSV,3,2,12,8,11,086,,9,40,156,43,11,14,253,,14,41,342,40,1*68
[    7.9] $GPGSV,3,3,12,17,08,347,,21,11,215,,22,21,338,,30,42,251,,1*64
[    7.9] $GPRMC,053559.39,V,,,,,,,090926,,,N,V*06
[    8.9] $GPGGA,053600.39,,,,,0,,99.99,,M,,M,,*6C
[    8.9] $GPGLL,,,,,053600.39,V,N*40
[    8.9] $GPGSA,A,1,,,,,,,,,,,,,99.99,99.99,99.99,1*2D
[    8.9] $GPGSV,3,1,12,3,24,035,,4,27,114,46,6,28,288,,7,44,185,,1*64
[    8.9] $GPGSV,3,2,12,8,11,086,,9,40,156,43,11,14,253,,14,41,342,40,1*68
[    8.9] $GPGSV,3,3,12,17,08,347,,21,11,215,,22,21,338,,30,42,251,,1*64
[    8.9] $GPRMC,053600.39,V,,,,,,,090926,,,N,V*09
[   10.0] $GPGGA,053601.39,,,,,0,,99.99,,M,,M,,*6D
[   10.0] $GPGLL,,,,,053601.39,V,N*41
[   10.0] $GPGSA,A,1,,,,,,,,,,,,,99.99,99.99,99.99,1*2D
[   10.0] $GPGSV,3,1,12,3,24,035,,4,27,114,46,6,28,288,,7,44,185,,1*64
[   10.0] $GPGSV,3,2,12,8,11,086,,9,40,156,43,11,14,253,,14,41,342,40,1*68
[   10.0] $GPGSV,3,3,12,17,08,347,,21,11,215,,22,21,338,,30,42,251,,1*64
[   10.0] $GPRMC,053601.39,V,,,,,,,090926,,,N,V*08
[   11.1] $GPGGA,053602.39,,,,,0,,99.99,,M,,M,,*6E
[   11.1] $GPGLL,,,,,053602.39,V,N*42
[   11.1] $GPGSA,A,1,,,,,,,,,,,,,99.99,99.99,99.99,1*2D
[   11.1] $GPGSV,4,1,15,2,-13,044,22,3,24,035,,4,27,114,46,5,-21,214,22,1*60
[   11.1] $GPGSV,4,2,15,6,28,288,,7,44,185,,8,11,086,24,9,40,156,43,1*6B
[   11.1] $GPGSV,4,3,15,11,14,253,29,14,41,342,40,17,08,347,23,21,11,215,27,1*63
[   11.1] $GPGSV,4,4,15,22,21,338,23,30,42,251,22,31,-38,108,21,1*77
[   11.1] $GPRMC,053602.39,V,,,,,,,090926,,,N,V*0B
[   12.1] $GPGGA,053603.39,,,,,0,,99.99,,M,,M,,*6F
[   12.1] $GPGLL,,,,,053603.39,V,N*43
[   12.1] $GPGSA,A,1,,,,,,,,,,,,,99.99,99.99,99.99,1*2D
[   12.1] $GPGSV,4,1,15,2,-13,044,25,3,24,035,,4,27,114,45,5,-21,214,24,1*62
[   12.1] $GPGSV,4,2,15,6,28,288,,7,44,185,,8,11,086,24,9,40,156,42,1*6A
[   12.1] $GPGSV,4,3,15,11,14,253,29,14,41,342,39,17,08,347,24,21,11,215,24,1*69
[   12.1] $GPGSV,4,4,15,22,21,338,24,30,42,251,24,31,-38,108,24,1*73
[   12.1] $GPRMC,053603.39,V,,,,,,,090926,,,N,V*0A
[   13.2] $GPGGA,053604.39,,,,,0,,99.99,,M,,M,,*68
[   13.2] $GPGLL,,,,,053604.39,V,N*44
[   13.2] $GPGSA,A,1,,,,,,,,,,,,,99.99,99.99,99.99,1*2D
[   13.2] $GPGSV,4,1,15,2,-13,044,25,3,24,035,,4,27,114,44,5,-21,214,25,1*62
[   13.2] $GPGSV,4,2,15,6,28,288,,7,44,185,,8,11,086,24,9,40,156,41,1*69
[   13.2] $GPGSV,4,3,15,11,14,253,28,14,41,342,38,17,08,347,25,21,11,215,24,1*68
[   13.2] $GPGSV,4,4,15,22,21,338,25,30,42,251,24,31,-38,108,24,1*72
[   13.2] $GPRMC,053604.39,V,,,,,,,090926,,,N,V*0D
[   14.2] $GPGGA,053605.39,,,,,0,,99.99,,M,,M,,*69
[   14.2] $GPGLL,,,,,053605.39,V,N*45
[   14.2] $GPGSA,A,1,,,,,,,,,,,,,99.99,99.99,99.99,1*2D
[   14.2] $GPGSV,4,1,15,2,-13,044,25,3,24,035,,4,27,114,44,5,-21,214,25,1*62
[   14.2] $GPGSV,4,2,15,6,28,288,,7,44,185,,8,11,086,24,9,40,156,41,1*69
[   14.2] $GPGSV,4,3,15,11,14,253,28,14,41,342,38,17,08,347,25,21,11,215,24,1*68
[   14.2] $GPGSV,4,4,15,22,21,338,25,30,42,251,24,31,-38,108,25,1*73
[   14.2] $GPRMC,053605.39,V,,,,,,,090926,,,N,V*0C
[   15.3] $GPGGA,053606.39,,,,,0,,99.99,,M,,M,,*6A
[   15.3] $GPGLL,,,,,053606.39,V,N*46
[   15.3] $GPGSA,A,1,,,,,,,,,,,,,99.99,99.99,99.99,1*2D
[   15.3] $GPGSV,4,1,15,2,-13,044,25,3,24,035,,4,27,114,43,5,-21,214,25,1*65
[   15.3] $GPGSV,4,2,15,6,28,288,,7,44,185,,8,11,086,25,9,40,156,41,1*68
[   15.3] $GPGSV,4,3,15,11,14,253,27,14,41,342,38,17,08,347,25,21,11,215,23,1*60
[   15.3] $GPGSV,4,4,15,22,21,338,25,30,42,251,24,31,-38,108,25,1*73
[   15.3] $GPRMC,053606.39,V,,,,,,,090926,,,N,V*0F
[   16.3] $GPGGA,053607.39,,,,,0,,99.99,,M,,M,,*6B
[   16.3] $GPGLL,,,,,053607.39,V,N*47
[   16.3] $GPGSA,A,1,,,,,,,,,,,,,99.99,99.99,99.99,1*2D
[   16.3] $GPGSV,4,1,15,2,-13,044,25,3,24,035,,4,27,114,43,5,-21,214,24,1*64
[   16.3] $GPGSV,4,2,15,6,28,288,,7,44,185,,8,11,086,25,9,40,156,40,1*69
[   16.3] $GPGSV,4,3,15,11,14,253,27,14,41,342,38,17,08,347,25,21,11,215,23,1*60
[   16.3] $GPGSV,4,4,15,22,21,338,24,30,42,251,25,31,-38,108,25,1*73
[   16.3] $GPRMC,053607.39,V,,,,,,,090926,,,N,V*0E
[   17.4] $GPGGA,053608.39,,,,,0,,99.99,,M,,M,,*64
[   17.4] $GPGLL,,,,,053608.39,V,N*48
[   17.4] $GPGSA,A,1,,,,,,,,,,,,,99.99,99.99,99.99,1*2D
[   17.4] $GPGSV,4,1,15,2,-13,044,25,3,24,035,,4,27,114,43,5,-21,214,24,1*64
[   17.4] $GPGSV,4,2,15,6,28,288,,7,44,185,,8,11,086,24,9,40,156,40,1*68
[   17.4] $GPGSV,4,3,15,11,14,253,27,14,41,342,38,17,08,347,25,21,11,215,22,1*61
[   17.4] $GPGSV,4,4,15,22,21,338,24,30,42,251,24,31,-38,108,24,1*73
[   17.4] $GPRMC,053608.39,V,,,,,,,090926,,,N,V*01
[   17.9] $GPGGA,053609.39,,,,,0,,99.99,,M,,M,,*65
[   17.9] $GPGLL,,,,,053609.39,V,N*49
[   17.9] $GPGSA,A,1,,,,,,,,,,,,,99.99,99.99,99.99,1*2D
[   18.4] $GPGSV,4,1,15,2,-13,044,25,3,24,035,,4,27,114,43,5,-21,214,25,1*65
[   18.4] $GPGSV,4,2,15,6,28,288,,7,44,185,,8,11,086,25,9,40,156,40,1*69
[   18.4] $GPGSV,4,3,15,11,14,253,27,14,41,342,38,17,08,347,24,21,11,215,20,1*62
[   18.4] $GPGSV,4,4,15,22,21,338,25,30,42,251,25,31,-38,108,24,1*73
[   18.4] $GPRMC,053609.39,V,,,,,,,090926,,,N,V*00
[   18.9] $GPGGA,053610.39,,,,,0,,99.99,,M,,M,,*6D
[   18.9] $GPGLL,,,,,053610.39,V,N*41
[   18.9] $GPGSA,A,1,,,,,,,,,,,,,99.99,99.99,99.99,1*2D
[   18.9] $GPGSV,3,1,12,3,24,035,,4,27,114,43,6,28,288,,7,44,185,,1*61
[   18.9] $GPGSV,3,2,12,8,11,086,,9,40,156,40,11,14,253,26,14,41,342,38,1*60
[   18.9] $GPGSV,3,3,12,17,08,347,,21,11,215,20,22,21,338,,30,42,251,,1*66
[   18.9] $GPRMC,053610.39,V,,,,,,,090926,,,N,V*08
[   20.0] $GPGGA,053611.39,,,,,0,,99.99,,M,,M,,*6C
[   20.0] $GPGLL,,,,,053611.39,V,N*40
[   20.0] $GPGSA,A,1,,,,,,,,,,,,,99.99,99.99,99.99,1*2D
[   20.0] $GPGSV,3,1,12,3,24,035,,4,27,114,43,6,28,288,,7,44,185,,1*61
[   20.0] $GPGSV,3,2,12,8,11,086,,9,40,156,40,11,14,253,26,14,41,342,38,1*60
[   20.0] $GPGSV,3,3,12,17,08,347,,21,11,215,18,22,21,338,,30,42,251,,1*6D
[   20.0] $GPRMC,053611.39,V,,,,,,,090926,,,N,V*09
[   21.1] $GPGGA,053612.39,,,,,0,,99.99,,M,,M,,*6F
[   21.1] $GPGLL,,,,,053612.39,V,N*43
[   21.1] $GPGSA,A,1,,,,,,,,,,,,,99.99,99.99,99.99,1*2D
[   21.1] $GPGSV,3,1,12,3,24,035,,4,27,114,43,6,28,288,,7,44,185,,1*61
[   21.1] $GPGSV,3,2,12,8,11,086,,9,40,156,40,11,14,253,26,14,41,342,38,1*60
[   21.1] $GPGSV,3,3,12,17,08,347,,21,11,215,14,22,21,338,,30,42,251,,1*61
[   21.1] $GPRMC,053612.39,V,,,,,,,090926,,,N,V*0A
[   22.1] $GPGGA,053613.39,,,,,0,,99.99,,M,,M,,*6E
[   22.1] $GPGLL,,,,,053613.39,V,N*42
[   22.1] $GPGSA,A,1,,,,,,,,,,,,,99.99,99.99,99.99,1*2D
[   22.1] $GPGSV,3,1,12,3,24,035,,4,27,114,43,6,28,288,,7,44,185,,1*61
[   22.1] $GPGSV,3,2,12,8,11,086,,9,40,156,40,11,14,253,26,14,41,342,38,1*60
[   22.1] $GPGSV,3,3,12,17,08,347,,21,11,215,12,22,21,338,,30,42,251,,1*67
[   22.1] $GPRMC,053613.39,V,,,,,,,090926,,,N,V*0B
[   23.1] $GPGGA,053614.39,,,,,0,,99.99,,M,,M,,*69
[   23.1] $GPGLL,,,,,053614.39,V,N*45
[   23.1] $GPGSA,A,1,,,,,,,,,,,,,99.99,99.99,99.99,1*2D
[   23.1] $GPGSV,3,1,12,3,24,035,,4,27,114,43,6,28,288,,7,44,185,,1*61
[   23.1] $GPGSV,3,2,12,8,11,086,,9,40,156,40,11,14,253,26,14,41,342,38,1*60
[   23.1] $GPGSV,3,3,12,17,08,347,,21,11,215,14,22,21,338,,30,42,251,,1*61
[   23.1] $GPRMC,053614.39,V,,,,,,,090926,,,N,V*0C
[   24.2] $GPGGA,053615.39,,,,,0,,99.99,,M,,M,,*68
[   24.2] $GPGLL,,,,,053615.39,V,N*44
[   24.2] $GPGSA,A,1,,,,,,,,,,,,,99.99,99.99,99.99,1*2D
[   24.2] $GPGSV,3,1,12,3,24,035,,4,27,114,43,6,28,288,,7,44,185,,1*61
[   24.2] $GPGSV,3,2,12,8,11,086,,9,40,156,40,11,14,253,26,14,41,342,38,1*60
[   24.2] $GPGSV,3,3,12,17,08,347,,21,11,215,15,22,21,338,,30,42,251,,1*60
[   24.2] $GPRMC,053615.39,V,,,,,,,090926,,,N,V*0D
[   25.2] $GPGGA,053616.39,,,,,0,,99.99,,M,,M,,*6B
[   25.2] $GPGLL,,,,,053616.39,V,N*47
[   25.2] $GPGSA,A,1,,,,,,,,,,,,,99.99,99.99,99.99,1*2D
[   25.2] $GPGSV,3,1,12,3,24,035,,4,27,114,43,6,28,288,,7,44,185,,1*61
[   25.2] $GPGSV,3,2,12,8,11,086,,9,40,156,40,11,14,253,25,14,41,342,38,1*63
[   25.2] $GPGSV,3,3,12,17,08,347,,21,11,215,13,22,21,338,,30,42,251,,1*66
[   25.2] $GPRMC,053616.39,V,,,,,,,090926,,,N,V*0E
[   26.3] $GPGGA,053617.39,,,,,0,,99.99,,M,,M,,*6A
[   26.3] $GPGLL,,,,,053617.39,V,N*46
[   26.3] $GPGSA,A,1,,,,,,,,,,,,,99.99,99.99,99.99,1*2D
[   26.3] $GPGSV,3,1,12,3,24,035,,4,27,114,43,6,28,288,,7,44,185,,1*61
[   26.3] $GPGSV,3,2,12,8,11,086,,9,40,156,40,11,14,253,25,14,41,342,38,1*63
[   26.3] $GPGSV,3,3,12,17,08,347,,21,11,215,15,22,21,338,,30,42,251,,1*60
[   26.3] $GPRMC,053617.39,V,,,,,,,090926,,,N,V*0F
[   27.4] $GPGGA,053618.39,,,,,0,,99.99,,M,,M,,*65
[   27.4] $GPGLL,,,,,053618.39,V,N*49
[   27.4] $GPGSA,A,1,,,,,,,,,,,,,99.99,99.99,99.99,1*2D
[   27.4] $GPGSV,3,1,12,3,24,035,,4,27,114,43,6,28,288,,7,44,185,,1*61
[   27.4] $GPGSV,3,2,12,8,11,086,,9,40,156,40,11,14,253,25,14,41,342,38,1*63
[   27.4] $GPGSV,3,3,12,17,08,347,,21,11,215,16,22,21,338,,30,42,251,,1*63
[   27.4] $GPRMC,053618.39,V,,,,,,,090926,,,N,V*00
[   27.9] $GPGGA,053619.39,,,,,0,,99.99,,M,,M,,*64
[   27.9] $GPGLL,,,,,053619.39,V,N*48
[   27.9] $GPGSA,A,1,,,,,,,,,,,,,99.99,99.99,99.99,1*2D
[   27.9] $GPGSV,3,1,12,3,24,035,,4,27,114,43,6,28,288,,7,44,185,,1*61
[   27.9] $GPGSV,3,2,12,8,11,086,,9,40,156,40,11,14,253,25,14,41,342,39,1*62
[   27.9] $GPGSV,3,3,12,17,08,347,,21,11,215,18,22,21,338,,30,42,251,,1*6D
[   27.9] $GPRMC,053619.39,V,,,,,,,090926,,,N,V*01
[   28.9] $GPGGA,053620.39,,,,,0,,99.99,,M,,M,,*6E
[   28.9] $GPGLL,,,,,053620.39,V,N*42
[   28.9] $GPGSA,A,1,,,,,,,,,,,,,99.99,99.99,99.99,1*2D
[   28.9] $GPGSV,3,1,12,3,24,035,,4,27,114,43,6,28,288,,7,44,185,,1*61
[   28.9] $GPGSV,3,2,12,8,11,086,,9,40,156,40,11,14,253,25,14,41,342,39,1*62
[   28.9] $GPGSV,3,3,12,17,08,347,,21,11,215,19,22,21,338,,30,42,251,,1*6C
[   28.9] $GPRMC,053620.39,V,,,,,,,090926,,,N,V*0B
[   30.0] $GPGGA,053621.39,,,,,0,,99.99,,M,,M,,*6F
[   30.0] $GPGLL,,,,,053621.39,V,N*43
[   30.0] $GPGSA,A,1,,,,,,,,,,,,,99.99,99.99,99.99,1*2D
[   30.0] $GPGSV,3,1,12,3,24,035,,4,27,114,43,6,28,288,,7,44,185,,1*61
[   30.0] $GPGSV,3,2,12,8,11,086,26,9,40,156,40,11,14,253,25,14,41,342,39,1*66
[   30.0] $GPGSV,3,3,12,17,08,347,,21,11,215,20,22,21,338,,30,42,251,,1*66
[   30.0] $GPRMC,053621.39,V,,,,,,,090926,,,N,V*0A
[   31.0] $GPGGA,053622.39,,,,,0,,99.99,,M,,M,,*6C
[   31.0] $GPGLL,,,,,053622.39,V,N*40
[   31.0] $GPGSA,A,1,,,,,,,,,,,,,99.99,99.99,99.99,1*2D
[   31.0] $GPGSV,3,1,12,3,24,035,,4,27,114,43,6,28,288,,7,44,185,,1*61
[   31.0] $GPGSV,3,2,12,8,11,086,25,9,40,156,40,11,14,253,24,14,41,342,39,1*64
[   31.0] $GPGSV,3,3,12,17,08,347,,21,11,215,21,22,21,338,,30,42,251,,1*67
[   31.0] $GPRMC,053622.39,V,,,,,,,090926,,,N,V*09
[   32.1] $GPGGA,053623.39,,,,,0,,99.99,,M,,M,,*6D
[   32.1] $GPGLL,,,,,053623.39,V,N*41
[   32.1] $GPGSA,A,1,,,,,,,,,,,,,99.99,99.99,99.99,1*2D
[   32.1] $GPGSV,3,1,12,3,24,035,,4,27,114,43,6,28,288,,7,44,185,,1*61
[   32.1] $GPGSV,3,2,12,8,11,086,24,9,40,156,40,11,14,253,24,14,41,342,39,1*65
[   32.1] $GPGSV,3,3,12,17,08,347,,21,11,215,22,22,21,338,,30,42,251,,1*64
[   32.1] $GPRMC,053623.39,V,,,,,,,090926,,,N,V*08
[   33.1] $GPGGA,053624.39,,,,,0,,99.99,,M,,M,,*6A
[   33.1] $GPGLL,,,,,053624.39,V,N*46
[   33.1] $GPGSA,A,1,,,,,,,,,,,,,99.99,99.99,99.99,1*2D
[   33.1] $GPGSV,3,1,12,3,24,035,,4,27,114,43,6,28,288,,7,44,185,,1*61
[   33.1] $GPGSV,3,2,12,8,11,086,25,9,40,156,40,11,14,253,24,14,41,342,39,1*64
[   33.1] $GPGSV,3,3,12,17,08,347,,21,11,215,23,22,21,338,,30,42,251,,1*65
[   33.1] $GPRMC,053624.39,V,,,,,,,090926,,,N,V*0F
[   34.2] $GPGGA,053625.39,,,,,0,,99.99,,M,,M,,*6B
[   34.2] $GPGLL,,,,,053625.39,V,N*47
[   34.2] $GPGSA,A,1,,,,,,,,,,,,,99.99,99.99,99.99,1*2D
[   34.2] $GPGSV,3,1,12,3,24,035,,4,27,114,43,6,28,288,30,7,44,185,,1*62
[   34.2] $GPGSV,3,2,12,8,11,086,,9,40,156,40,11,14,253,24,14,41,342,39,1*63
[   34.2] $GPGSV,3,3,12,17,08,347,,21,11,215,24,22,21,338,,30,42,251,,1*62
[   34.2] $GPRMC,053625.39,V,,,,,,,090926,,,N,V*0E
[   35.2] $GPGGA,053626.39,,,,,0,,99.99,,M,,M,,*68
[   35.2] $GPGLL,,,,,053626.39,V,N*44
[   35.2] $GPGSA,A,1,,,,,,,,,,,,,99.99,99.99,99.99,1*2D
[   35.2] $GPGSV,3,1,12,3,24,035,,4,27,114,43,6,28,288,26,7,44,185,,1*65
[   35.2] $GPGSV,3,2,12,8,11,086,,9,40,156,40,11,14,253,23,14,41,342,39,1*64
[   35.2] $GPGSV,3,3,12,17,08,347,,21,11,215,24,22,21,338,,30,42,251,,1*62
[   35.2] $GPRMC,053626.39,V,,,,,,,090926,,,N,V*0D
[   36.3] $GPGGA,053627.39,,,,,0,,99.99,,M,,M,,*69
[   36.3] $GPGLL,,,,,053627.39,V,N*45
[   36.3] $GPGSA,A,1,,,,,,,,,,,,,99.99,99.99,99.99,1*2D
[   36.3] $GPGSV,3,1,12,3,24,035,,4,27,114,43,6,28,288,25,7,44,185,,1*66
[   36.3] $GPGSV,3,2,12,8,11,086,,9,40,156,40,11,14,253,23,14,41,342,39,1*64
[   36.3] $GPGSV,3,3,12,17,08,347,,21,11,215,24,22,21,338,,30,42,251,,1*62
[   36.3] $GPRMC,053627.39,V,,,,,,,090926,,,N,V*0C
[   37.3] $GPGGA,053628.39,,,,,0,,99.99,,M,,M,,*66
[   37.3] $GPGLL,,,,,053628.39,V,N*4A
[   37.3] $GPGSA,A,1,,,,,,,,,,,,,99.99,99.99,99.99,1*2D
[   37.3] $GPGSV,3,1,12,3,24,035,,4,27,114,43,6,28,288,25,7,44,185,,1*66
[   37.3] $GPGSV,3,2,12,8,11,086,,9,40,156,40,11,14,253,23,14,41,342,39,1*64
[   37.3] $GPGSV,3,3,12,17,08,347,,21,11,215,24,22,21,338,,30,42,251,,1*62
[   37.3] $GPRMC,053628.39,V,,,,,,,090926,,,N,V*03
[   37.9] $GPGGA,053629.39,,,,,0,,99.99,,M,,M,,*67
[   37.9] $GPGLL,,,,,053629.39,V,N*4B
[   37.9] $GPGSA,A,1,,,,,,,,,,,,,99.99,99.99,99.99,1*2D
[   38.4] $GPGSV,3,1,12,3,24,035,,4,27,114,43,6,28,288,,7,44,185,,1*61
[   38.4] $GPGSV,3,2,12,8,11,086,,9,40,156,40,11,14,253,23,14,41,342,39,1*64
[   38.4] $GPGSV,3,3,12,17,08,347,,21,11,215,25,22,21,338,,30,42,251,,1*63
[   38.4] $GPRMC,053629.39,V,,,,,,,090926,,,N,V*02
[   38.9] $GPGGA,053630.39,,,,,0,03,99.99,,M,,M,,*6C
[   38.9] $GPGLL,,,,,053630.39,V,N*43
[   38.9] $GPGSA,A,1,,,,,,,,,,,,,99.99,99.99,99.99,1*2D
[   38.9] $GPGSV,3,1,12,3,23,035,,4,27,113,44,6,28,288,,7,43,185,,1*61
[   38.9] $GPGSV,3,2,12,8,11,086,,9,40,153,40,11,14,254,23,14,41,342,39,1*66
[   38.9] $GPGSV,3,3,12,17,08,347,,21,11,215,24,22,21,338,,30,42,251,,1*62
[   39.4] $GPRMC,053630.39,V,,,,,,,090926,,,N,V*0A
[   40.0] $GPGGA,053631.39,,,,,0,03,99.99,,M,,M,,*6D
[   40.0] $GPGLL,,,,,053631.39,V,N*42
[   40.0] $GPGSA,A,1,,,,,,,,,,,,,99.99,99.99,99.99,1*2D
[   40.0] $GPGSV,4,1,13,2,-13,045,27,3,23,035,,4,27,113,44,6,28,288,,1*42
[   40.0] $GPGSV,4,2,13,7,43,185,,8,11,086,,9,40,153,40,11,14,254,23,1*53
[   40.0] $GPGSV,4,3,13,14,41,342,39,17,08,347,,21,11,215,24,22,21,338,,1*68
[   40.0] $GPGSV,4,4,13,30,42,251,,1*55
[   40.0] $GPRMC,053631.39,V,,,,,,,090926,,,N,V*0B
[   41.0] $GPGGA,053632.39,,,,,0,03,99.99,,M,,M,,*6E
[   41.0] $GPGLL,,,,,053632.39,V,N*41
[   41.0] $GPGSA,A,1,,,,,,,,,,,,,99.99,99.99,99.99,1*2D
[   41.0] $GPGSV,4,1,13,2,-13,045,25,3,23,035,,4,27,113,44,6,28,288,,1*40
[   41.0] $GPGSV,4,2,13,7,43,185,,8,11,086,,9,40,153,40,11,14,254,23,1*53
[   41.0] $GPGSV,4,3,13,14,41,342,39,17,08,347,,21,11,215,24,22,21,338,,1*68
[   41.0] $GPGSV,4,4,13,30,42,251,,1*55
[   41.0] $GPRMC,053632.39,V,,,,,,,090926,,,N,V*08
[   42.1] $GPGGA,053633.39,,,,,0,03,99.99,,M,,M,,*6F
[   42.1] $GPGLL,,,,,053633.39,V,N*40
[   42.1] $GPGSA,A,1,,,,,,,,,,,,,99.99,99.99,99.99,1*2D
[   42.1] $GPGSV,4,1,13,2,-13,045,25,3,23,035,,4,27,113,44,6,28,288,,1*40
[   42.1] $GPGSV,4,2,13,7,43,185,,8,11,086,,9,40,153,40,11,14,254,23,1*53
[   42.1] $GPGSV,4,3,13,14,41,342,39,17,08,347,,21,11,215,24,22,21,338,,1*68
[   42.1] $GPGSV,4,4,13,30,42,251,,1*55
[   42.1] $GPRMC,053633.39,V,,,,,,,090926,,,N,V*09
[   43.1] $GPGGA,053634.39,,,,,0,03,99.99,,M,,M,,*68
[   43.1] $GPGLL,,,,,053634.39,V,N*47
[   43.1] $GPGSA,A,1,,,,,,,,,,,,,99.99,99.99,99.99,1*2D
[   43.1] $GPGSV,4,1,13,2,-13,045,25,3,23,035,,4,27,113,44,6,28,288,,1*40
[   43.1] $GPGSV,4,2,13,7,43,185,,8,11,086,,9,40,153,40,11,14,254,23,1*53
[   43.1] $GPGSV,4,3,13,14,41,342,39,17,08,347,,21,11,215,24,22,21,338,,1*68
[   43.1] $GPGSV,4,4,13,30,42,251,,1*55
[   43.1] $GPRMC,053634.39,V,,,,,,,090926,,,N,V*0E
[   44.2] $GPGGA,053635.39,,,,,0,03,99.99,,M,,M,,*69
[   44.2] $GPGLL,,,,,053635.39,V,N*46
[   44.2] $GPGSA,A,1,,,,,,,,,,,,,99.99,99.99,99.99,1*2D
[   44.2] $GPGSV,3,1,12,3,23,035,,4,27,113,44,6,28,288,,7,43,185,,1*61
[   44.2] $GPGSV,3,2,12,8,11,086,,9,40,153,40,11,14,254,22,14,41,342,39,1*67
[   44.2] $GPGSV,3,3,12,17,08,347,,21,11,215,24,22,21,338,,30,42,251,,1*62
[   44.2] $GPRMC,053635.39,V,,,,,,,090926,,,N,V*0F
[   45.3] $GPGGA,053636.39,,,,,0,03,99.99,,M,,M,,*6A
[   45.3] $GPGLL,,,,,053636.39,V,N*45
[   45.3] $GPGSA,A,1,,,,,,,,,,,,,99.99,99.99,99.99,1*2D
[   45.3] $GPGSV,3,1,12,3,23,035,,4,27,113,45,6,28,288,,7,43,185,,1*60
[   45.3] $GPGSV,3,2,12,8,11,086,,9,40,153,40,11,14,254,23,14,41,342,39,1*66
[   45.3] $GPGSV,3,3,12,17,08,347,,21,11,215,23,22,21,338,,30,42,251,,1*65
[   45.3] $GPRMC,053636.39,V,,,,,,,090926,,,N,V*0C
[   46.3] $GPGGA,053637.39,,,,,0,03,99.99,,M,,M,,*6B
[   46.3] $GPGLL,,,,,053637.39,V,N*44
[   46.3] $GPGSA,A,1,,,,,,,,,,,,,99.99,99.99,99.99,1*2D
[   46.3] $GPGSV,3,1,12,3,23,035,,4,27,113,44,6,28,288,,7,43,185,,1*61
[   46.3] $GPGSV,3,2,12,8,11,086,,9,40,153,40,11,14,254,23,14,41,342,39,1*66
[   46.3] $GPGSV,3,3,12,17,08,347,,21,11,215,22,22,21,338,,30,42,251,,1*64
[   46.3] $GPRMC,053637.39,V,,,,,,,090926,,,N,V*0D
[   47.4] $GPGGA,053638.39,,,,,0,03,99.99,,M,,M,,*64
[   47.4] $GPGLL,,,,,053638.39,V,N*4B
[   47.4] $GPGSA,A,1,,,,,,,,,,,,,99.99,99.99,99.99,1*2D
[   47.4] $GPGSV,3,1,12,3,23,035,,4,27,113,44,6,28,288,,7,43,185,,1*61
[   47.4] $GPGSV,3,2,12,8,11,086,,9,40,153,40,11,14,254,23,14,41,342,39,1*66
[   47.4] $GPGSV,3,3,12,17,08,347,,21,11,215,22,22,21,338,,30,42,251,,1*64
[   47.4] $GPRMC,053638.39,V,,,,,,,090926,,,N,V*02
[   47.9] $GPGGA,053639.39,,,,,0,03,99.99,,M,,M,,*65
[   47.9] $GPGLL,,,,,053639.39,V,N*4A
[   47.9] $GPGSA,A,1,,,,,,,,,,,,,99.99,99.99,99.99,1*2D
[   48.4] $GPGSV,3,1,12,3,23,035,,4,27,113,45,6,28,288,,7,43,185,,1*60
[   48.4] $GPGSV,3,2,12,8,11,086,,9,40,153,40,11,14,254,23,14,41,342,39,1*66
[   48.4] $GPGSV,3,3,12,17,08,347,,21,11,215,21,22,21,338,,30,42,251,,1*67
[   48.4] $GPRMC,053639.39,V,,,,,,,090926,,,N,V*03
[   48.9] $GPGGA,053640.39,,,,,0,03,99.99,,M,,M,,*6B
[   48.9] $GPGLL,,,,,053640.39,V,N*44
[   48.9] $GPGSA,A,1,,,,,,,,,,,,,99.99,99.99,99.99,1*2D
[   48.9] $GPGSV,3,1,12,3,23,035,,4,27,113,45,6,28,288,,7,43,185,,1*60
[   48.9] $GPGSV,3,2,12,8,11,086,,9,40,153,39,11,14,254,23,14,41,342,39,1*68
[   48.9] $GPGSV,3,3,12,17,08,347,,21,11,215,42,22,21,338,,30,42,251,,1*62
[   48.9] $GPRMC,053640.39,V,,,,,,,090926,,,N,V*0D
[   50.0] $GPGGA,053641.39,,,,,0,03,99.99,,M,,M,,*6A
[   50.0] $GPGLL,,,,,053641.39,V,N*45
[   50.0] $GPGSA,A,1,,,,,,,,,,,,,99.99,99.99,99.99,1*2D
[   50.0] $GPGSV,4,1,13,3,23,035,,4,27,113,45,6,28,288,,7,43,185,,1*66
[   50.0] $GPGSV,4,2,13,8,11,086,,9,40,153,39,11,14,254,24,14,41,342,39,1*69
[   50.0] $GPGSV,4,3,13,17,08,347,,21,11,215,42,22,21,338,,29,-39,207,27,1*4B
[   50.0] $GPGSV,4,4,13,30,42,251,,1*55
[   50.0] $GPRMC,053641.39,V,,,,,,,090926,,,N,V*0C
[   51.0] $GPGGA,053642.39,,,,,0,03,99.99,,M,,M,,*69
[   51.0] $GPGLL,,,,,053642.39,V,N*46
[   51.0] $GPGSA,A,1,,,,,,,,,,,,,99.99,99.99,99.99,1*2D
[   51.0] $GPGSV,4,1,14,1,-3,029,26,3,23,035,,4,27,113,45,6,28,288,,1*7D
[   51.0] $GPGSV,4,2,14,7,43,185,,8,11,086,,9,40,153,39,11,14,254,24,1*5D
[   51.0] $GPGSV,4,3,14,14,41,342,39,17,08,347,,21,11,215,42,22,21,338,,1*6F
[   51.0] $GPGSV,4,4,14,29,-39,207,25,30,42,251,,1*4C
[   51.0] $GPRMC,053642.39,V,,,,,,,090926,,,N,V*0F
[   52.1] $GPGGA,053643.39,,,,,0,03,99.99,,M,,M,,*68
[   52.1] $GPGLL,,,,,053643.39,V,N*47
[   52.1] $GPGSA,A,1,,,,,,,,,,,,,99.99,99.99,99.99,1*2D
[   52.1] $GPGSV,4,1,14,1,-3,029,25,3,23,035,,4,27,113,45,6,28,288,,1*7E
[   52.1] $GPGSV,4,2,14,7,43,185,,8,11,086,,9,40,153,39,11,14,254,24,1*5D
[   52.1] $GPGSV,4,3,14,14,41,342,39,17,08,347,,21,11,215,42,22,21,338,,1*6F
[   52.1] $GPGSV,4,4,14,29,-39,207,25,30,42,251,,1*4C
[   52.1] $GPRMC,053643.39,V,,,,,,,090926,,,N,V*0E
[   53.1] $GPGGA,053644.39,,,,,0,03,99.99,,M,,M,,*6F
[   53.1] $GPGLL,,,,,053644.39,V,N*40
[   53.1] $GPGSA,A,1,,,,,,,,,,,,,99.99,99.99,99.99,1*2D
[   53.1] $GPGSV,4,1,14,1,-3,029,25,3,23,035,,4,27,113,45,6,28,288,,1*7E
[   53.1] $GPGSV,4,2,14,7,43,185,,8,11,086,,9,40,153,39,11,14,254,24,1*5D
[   53.1] $GPGSV,4,3,14,14,41,342,39,17,08,347,,21,11,215,,22,21,338,,1*69
[   53.1] $GPGSV,4,4,14,29,-39,207,25,30,42,251,,1*4C
[   53.1] $GPRMC,053644.39,V,,,,,,,090926,,,N,V*09
[   54.2] $GPGGA,053645.39,,,,,0,03,99.99,,M,,M,,*6E
[   54.2] $GPGLL,,,,,053645.39,V,N*41
[   54.2] $GPGSA,A,1,,,,,,,,,,,,,99.99,99.99,99.99,1*2D
[   54.2] $GPGSV,4,1,13,1,-3,029,24,3,23,035,,4,27,113,45,6,28,288,,1*78
[   54.2] $GPGSV,4,2,13,7,43,185,,8,11,086,26,9,40,153,39,11,14,254,24,1*5E
[   54.2] $GPGSV,4,3,13,14,41,342,39,17,08,347,,21,11,215,,22,21,338,,1*6E
[   54.2] $GPGSV,4,4,13,30,42,251,,1*55
[   54.2] $GPRMC,053645.39,V,,,,,,,090926,,,N,V*08
[   55.2] $GPGGA,053646.39,,,,,0,03,99.99,,M,,M,,*6D
[   55.2] $GPGLL,,,,,053646.39,V,N*42
[   55.2] $GPGSA,A,1,,,,,,,,,,,,,99.99,99.99,99.99,1*2D
[   55.2] $GPGSV,3,1,12,3,23,035,,4,27,113,45,6,28,288,,7,43,185,,1*60
[   55.2] $GPGSV,3,2,12,8,11,086,26,9,40,153,39,11,14,254,24,14,41,342,39,1*6B
[   55.2] $GPGSV,3,3,12,17,08,347,,21,11,215,,22,21,338,,30,42,251,,1*64
[   55.2] $GPRMC,053646.39,V,,,,,,,090926,,,N,V*0B
[   56.3] $GPGGA,053647.39,,,,,0,03,99.99,,M,,M,,*6C
[   56.3] $GPGLL,,,,,053647.39,V,N*43
[   56.3] $GPGSA,A,1,,,,,,,,,,,,,99.99,99.99,99.99,1*2D
[   56.3] $GPGSV,3,1,12,3,23,035,,4,27,113,45,6,28,288,,7,43,185,,1*60
[   56.3] $GPGSV,3,2,12,8,11,086,,9,40,153,39,11,14,254,24,14,41,342,39,1*6F
[   56.3] $GPGSV,3,3,12,17,08,347,,21,11,215,,22,21,338,,30,42,251,,1*64
[   56.3] $GPRMC,053647.39,V,,,,,,,090926,,,N,V*0A
[   57.3] $GPGGA,053648.39,,,,,0,03,99.99,,M,,M,,*63
[   57.3] $GPGLL,,,,,053648.39,V,N*4C
[   57.3] $GPGSA,A,1,,,,,,,,,,,,,99.99,99.99,99.99,1*2D
[   57.3] $GPGSV,3,1,12,3,23,035,,4,27,113,45,6,28,288,,7,43,185,,1*60
[   57.3] $GPGSV,3,2,12,8,11,086,,9,40,153,39,11,14,254,24,14,41,342,39,1*6F
[   57.3] $GPGSV,3,3,12,17,08,347,,21,11,215,,22,21,338,,30,42,251,,1*64
[   57.3] $GPRMC,053648.39,V,,,,,,,090926,,,N,V*05
[   58.4] $GPGGA,053649.39,,,,,0,03,99.99,,M,,M,,*62
[   58.4] $GPGLL,,,,,053649.39,V,N*4D
[   58.4] $GPGSA,A,1,,,,,,,,,,,,,99.99,99.99,99.99,1*2D
[   58.4] $GPGSV,4,1,13,1,-3,029,42,3,23,035,,4,27,113,45,6,28,288,,1*78
[   58.4] $GPGSV,4,2,13,7,43,185,,8,11,086,,9,40,153,39,11,14,254,24,1*5A
[   58.4] $GPGSV,4,3,13,14,41,342,39,17,08,347,,21,11,215,,22,21,338,,1*6E
[   58.4] $GPGSV,4,4,13,30,42,251,,1*55
[   58.4] $GPRMC,053649.39,V,,,,,,,090926,,,N,V*04
[   58.9] $GPGGA,053650.39,,,,,0,03,99.99,,M,,M,,*6A
[   58.9] $GPGLL,,,,,053650.39,V,N*45
[   58.9] $GPGSA,A,1,,,,,,,,,,,,,99.99,99.99,99.99,1*2D
[   58.9] $GPGSV,4,1,13,1,-3,029,27,3,23,035,,4,27,113,45,6,28,288,,1*7B
[   58.9] $GPGSV,4,2,13,7,43,185,,8,11,086,,9,40,153,39,11,14,254,24,1*5A
[   58.9] $GPGSV,4,3,13,14,41,342,39,17,08,347,,21,11,215,,22,21,338,,1*6E
[   58.9] $GPGSV,4,4,13,30,42,251,,1*55
[   58.9] $GPRMC,053650.39,V,,,,,,,090926,,,N,V*0C
[   60.0] $GPGGA,053651.39,,,,,0,03,99.99,,M,,M,,*6B
[   60.0] $GPGLL,,,,,053651.39,V,N*44
[   60.0] $GPGSA,A,1,,,,,,,,,,,,,99.99,99.99,99.99,1*2D
[   60.0] $GPGSV,4,1,14,1,-3,029,25,3,23,035,,4,27,113,45,6,28,288,,1*7E
[   60.0] $GPGSV,4,2,14,7,43,185,,8,11,086,,9,40,153,39,11,14,254,25,1*5C
[   60.0] $GPGSV,4,3,14,14,41,342,39,17,08,347,,19,-4,316,26,21,11,215,,1*73
[   60.0] $GPGSV,4,4,14,22,21,338,,30,42,251,,1*69
[   60.0] $GPRMC,053651.39,V,,,,,,,090926,,,N,V*0D
[   61.0] $GPGGA,053652.39,,,,,0,03,99.99,,M,,M,,*68
[   61.0] $GPGLL,,,,,053652.39,V,N*47
[   61.0] $GPGSA,A,1,,,,,,,,,,,,,99.99,99.99,99.99,1*2D
[   61.0] $GPGSV,4,1,14,1,-3,029,24,3,23,035,,4,27,113,45,6,28,288,,1*7F
[   61.0] $GPGSV,4,2,14,7,43,185,,8,11,086,,9,40,153,39,11,14,254,25,1*5C
[   61.0] $GPGSV,4,3,14,14,41,342,39,17,08,347,,19,-4,316,25,21,11,215,,1*70
[   61.0] $GPGSV,4,4,14,22,21,338,,30,42,251,,1*69
[   61.0] $GPRMC,053652.39,V,,,,,,,090926,,,N,V*0E
[   62.1] $GPGGA,053653.39,,,,,0,03,99.99,,M,,M,,*69
[   62.1] $GPGLL,,,,,053653.39,V,N*46
[   62.1] $GPGSA,A,1,,,,,,,,,,,,,99.99,99.99,99.99,1*2D
[   62.1] $GPGSV,4,1,13,3,23,035,,4,27,113,45,6,28,288,,7,43,185,,1*66
[   62.1] $GPGSV,4,2,13,8,11,086,,9,40,153,39,11,14,254,25,14,41,342,39,1*68
[   62.1] $GPGSV,4,3,13,17,08,347,,19,-4,316,25,21,11,215,,22,21,338,,1*73
[   62.1] $GPGSV,4,4,13,30,42,251,,1*55
[   62.1] $GPRMC,053653.39,V,,,,,,,090926,,,N,V*0F
[   63.1] $GPGGA,053654.39,,,,,0,03,99.99,,M,,M,,*6E
[   63.1] $GPGLL,,,,,053654.39,V,N*41
[   63.1] $GPGSA,A,1,,,,,,,,,,,,,99.99,99.99,99.99,1*2D
[   63.1] $GPGSV,3,1,12,3,23,035,,4,27,113,44,6,28,288,,7,43,185,,1*61
[   63.1] $GPGSV,3,2,12,8,11,086,,9,40,153,39,11,14,254,25,14,41,342,39,1*6E
[   63.1] $GPGSV,3,3,12,17,08,347,,21,11,215,,22,21,338,,30,42,251,,1*64
[   63.1] $GPRMC,053654.39,V,,,,,,,090926,,,N,V*08
[   64.2] $GPGGA,053655.39,,,,,0,03,99.99,,M,,M,,*6F
[   64.2] $GPGLL,,,,,053655.39,V,N*40
[   64.2] $GPGSA,A,1,,,,,,,,,,,,,99.99,99.99,99.99,1*2D
[   64.2] $GPGSV,3,1,12,3,23,035,,4,27,113,45,6,28,288,,7,43,185,,1*60
[   64.2] $GPGSV,3,2,12,8,11,086,,9,40,153,39,11,14,254,26,14,41,342,39,1*6D
[   64.2] $GPGSV,3,3,12,17,08,347,,21,11,215,,22,21,338,,30,42,251,,1*64
[   64.2] $GPRMC,053655.39,V,,,,,,,090926,,,N,V*09
[   65.2] $GPGGA,053656.39,,,,,0,03,99.99,,M,,M,,*6C
[   65.2] $GPGLL,,,,,053656.39,V,N*43
[   65.2] $GPGSA,A,1,,,,,,,,,,,,,99.99,99.99,99.99,1*2D
[   65.2] $GPGSV,4,1,13,3,23,035,,4,27,113,44,6,28,288,,7,43,185,,1*67
[   65.2] $GPGSV,4,2,13,8,11,086,,9,40,153,39,11,14,254,26,14,41,342,39,1*6B
[   65.2] $GPGSV,4,3,13,17,08,347,,21,11,215,,22,21,338,,30,42,251,,1*62
[   65.2] $GPGSV,4,4,13,32,-40,037,26,1*7E
[   65.2] $GPRMC,053656.39,V,,,,,,,090926,,,N,V*0A
[   66.3] $GPGGA,053657.39,,,,,0,03,99.99,,M,,M,,*6D
[   66.3] $GPGLL,,,,,053657.39,V,N*42
[   66.3] $GPGSA,A,1,,,,,,,,,,,,,99.99,99.99,99.99,1*2D
[   66.3] $GPGSV,4,1,13,3,23,035,,4,27,113,44,6,28,288,,7,43,185,,1*67
[   66.3] $GPGSV,4,2,13,8,11,086,,9,40,153,39,11,14,254,26,14,41,342,38,1*6A
[   66.3] $GPGSV,4,3,13,17,08,347,,21,11,215,,22,21,338,,30,42,251,,1*62
[   66.3] $GPGSV,4,4,13,32,-40,037,25,1*7D
[   66.3] $GPRMC,053657.39,V,,,,,,,090926,,,N,V*0B
[   67.4] $GPGGA,053658.39,,,,,0,03,99.99,,M,,M,,*62
[   67.4] $GPGLL,,,,,053658.39,V,N*4D
[   67.4] $GPGSA,A,1,,,,,,,,,,,,,99.99,99.99,99.99,1*2D
[   67.4] $GPGSV,4,1,13,3,23,035,,4,27,113,44,6,28,288,,7,43,185,,1*67
[   67.4] $GPGSV,4,2,13,8,11,086,,9,40,153,39,11,14,254,26,14,41,342,38,1*6A
[   67.4] $GPGSV,4,3,13,17,08,347,,21,11,215,,22,21,338,,30,42,251,,1*62
[   67.4] $GPGSV,4,4,13,32,-40,037,25,1*7D
[   67.4] $GPRMC,053658.39,V,,,,,,,090926,,,N,V*04
[   67.9] $GPGGA,053659.39,,,,,0,03,99.99,,M,,M,,*63
[   67.9] $GPGLL,,,,,053659.39,V,N*4C
[   67.9] $GPGSA,A,1,,,,,,,,,,,,,99.99,99.99,99.99,1*2D
[   67.9] $GPGSV,3,1,12,3,23,035,,4,27,113,44,6,28,288,,7,43,185,,1*61
[   68.4] $GPGSV,3,2,12,8,11,086,,9,40,153,39,11,14,254,26,14,41,342,38,1*6C
[   68.4] $GPGSV,3,3,12,17,08,347,,21,11,215,,22,21,338,,30,42,251,,1*64
[   68.4] $GPRMC,053659.39,V,,,,,,,090926,,,N,V*05
[   68.4] $GPGGA,053700.10,3001.72372,S,05112.73794,W,1,04,1.72,123.00,M,,M,,*75
[   68.4] $GPGLL,3001.72372,S,05112.73794,W,053700.10,A,A*6E
[   68.4] $GPGSA,A,3,04,09,11,14,,,,,,,,,4.08,1.72,3.70,1*1B
[   68.4] $GPGSV,4,1,13,3,07,028,,4,34,095,44,6,17,300,,7,67,193,,1*6C
[   68.4] $GPGSV,4,2,13,8,09,077,,9,61,136,39,11,16,263,27,14,20,345,38,1*6A
[   68.4] $GPGSV,4,3,13,16,09,141,,21,26,223,,22,02,340,,27,03,109,,1*64
[   68.4] $GPGSV,4,4,13,30,43,276,,1*51
[   68.4] $GPRMC,053700.10,A,3001.72372,S,05112.73794,W,0.23,0.00,090926,,,A,V*26
[   68.4] [00:01:08.155,334] <inf> gnss_sample: Time to fix: 62.3 s
[   68.4] [00:01:08.161,102] <inf> gnss_sample: Sleeping for 120 s
[  188.7] [00:03:08.064,331] <inf> gnss_sample: Deleting GNSS data
[  188.7] [00:03:08.076,812] <inf> gnss_sample: Assistance data needed: data_flags: 0x3f
[  188.7] [00:03:08.084,442] <inf> gnss_sample: Assistance data needed: GPS ephe: 0xffffffff, alm: 0xffffffff
[  188.7] [00:03:08.093,902] <inf> gnss_sample: Connecting to LTE network
[  189.7] +CEREG: 2,"C577","0AAEEA15",7
[  189.7] +CSCON: 1
[  190.2] +CEREG: 1,"C577","0AAEEA15",7,,,"00000011","00101000"
[  190.2] [00:03:09.861,816] <inf> gnss_sample: Connected to LTE network
[  191.3] [00:03:10.871,429] <inf> gnss_sample: Injected time (GPS day 17048, GPS time of day 20360)
[  191.3] [00:03:10.881,774] <inf> gnss_sample: Injected location for MCC 724
[  191.3] +CEREG: 0
[  191.3] +CSCON: 0
[  191.8] [00:03:11.195,220] <inf> gnss_sample: LTE disconnected
[  191.8] [00:03:11.200,744] <inf> gnss_sample: Starting GNSS
[  191.8] $GPGGA,053902.37,,,,,0,,99.99,,M,,M,,*6F
[  191.8] $GPGLL,,,,,053902.37,V,N*43
[  191.8] $GPGSA,A,1,,,,,,,,,,,,,99.99,99.99,99.99,1*2D
[  191.8] $GPGSV,3,1,12,3,22,034,,4,27,113,,6,27,289,,7,43,183,,1*69
[  191.8] $GPGSV,3,2,12,8,11,087,,9,40,154,,11,14,255,,14,43,342,,1*6C
[  191.8] $GPGSV,3,3,12,17,08,348,,21,12,215,,22,22,338,,30,42,249,,1*62
[  191.8] $GPRMC,053902.37,V,,,,,,,090926,,,N,V*0A
[  192.4] $GPGGA,053903.37,,,,,0,,99.99,,M,,M,,*6E
[  192.4] $GPGLL,,,,,053903.37,V,N*42
[  192.9] $GPGSA,A,1,,,,,,,,,,,,,99.99,99.99,99.99,1*2D
[  192.9] $GPGSV,3,1,12,3,22,034,,4,27,113,46,6,27,289,,7,43,183,,1*6B
[  192.9] $GPGSV,3,2,12,8,11,087,,9,40,154,44,11,14,255,,14,43,342,41,1*69
[  192.9] $GPGSV,3,3,12,17,08,348,,21,12,215,,22,22,338,,30,42,249,,1*62
[  192.9] $GPRMC,053903.37,V,,,,,,,090926,,,N,V*0B
[  193.4] $GPGGA,053904.37,,,,,0,,99.99,,M,,M,,*69
[  193.4] $GPGLL,,,,,053904.37,V,N*45
[  193.4] $GPGSA,A,1,,,,,,,,,,,,,99.99,99.99,99.99,1*2D
[  193.4] $GPGSV,3,1,12,3,22,034,,4,27,113,46,6,27,289,,7,43,183,,1*6B
[  193.4] $GPGSV,3,2,12,8,11,087,,9,40,154,44,11,14,255,,14,43,342,41,1*69
[  193.4] $GPGSV,3,3,12,17,08,348,,21,12,215,,22,22,338,,30,42,249,,1*62
[  193.4] $GPRMC,053904.37,V,,,,,,,090926,,,N,V*0C
[  194.4] $GPGGA,053905.37,,,,,0,,99.99,,M,,M,,*68
[  194.4] $GPGLL,,,,,053905.37,V,N*44
[  194.4] $GPGSA,A,1,,,,,,,,,,,,,99.99,99.99,99.99,1*2D
[  194.4] $GPGSV,3,1,12,3,22,034,,4,27,113,46,6,27,289,,7,43,183,,1*6B
[  194.4] $GPGSV,3,2,12,8,11,087,,9,40,154,44,11,14,255,,14,43,342,41,1*69
[  194.4] $GPGSV,3,3,12,17,08,348,,21,12,215,,22,22,338,,30,42,249,,1*62
[  194.4] $GPRMC,053905.37,V,,,,,,,090926,,,N,V*0D
[  195.5] $GPGGA,053906.37,,,,,0,,99.99,,M,,M,,*6B
[  195.5] $GPGLL,,,,,053906.37,V,N*47
[  195.5] $GPGSA,A,1,,,,,,,,,,,,,99.99,99.99,99.99,1*2D
[  195.5] $GPGSV,3,1,12,3,22,034,,4,27,113,46,6,27,289,,7,43,183,,1*6B
[  195.5] $GPGSV,3,2,12,8,11,087,,9,40,154,44,11,14,255,,14,43,342,41,1*69
[  195.5] $GPGSV,3,3,12,17,08,348,,21,12,215,,22,22,338,,30,42,249,,1*62
[  195.5] $GPRMC,053906.37,V,,,,,,,090926,,,N,V*0E
[  196.5] $GPGGA,053907.37,,,,,0,,99.99,,M,,M,,*6A
[  196.5] $GPGLL,,,,,053907.37,V,N*46
[  196.5] $GPGSA,A,1,,,,,,,,,,,,,99.99,99.99,99.99,1*2D
[  196.5] $GPGSV,4,1,15,1,-3,029,22,3,22,034,,4,27,113,39,6,27,289,22,1*7D
[  196.5] $GPGSV,4,2,15,7,43,183,24,8,11,087,,9,40,154,44,11,14,255,27,1*52
[  196.5] $GPGSV,4,3,15,14,43,342,42,16,-7,145,22,17,08,348,,19,-4,317,22,1*6E
[  196.5] $GPGSV,4,4,15,21,12,215,22,22,22,338,23,30,42,249,23,1*54
[  196.5] $GPRMC,053907.37,V,,,,,,,090926,,,N,V*0F
[  197.6] $GPGGA,053908.37,,,,,0,,99.99,,M,,M,,*65
[  197.6] $GPGLL,,,,,053908.37,V,N*49
[  197.6] $GPGSA,A,1,,,,,,,,,,,,,99.99,99.99,99.99,1*2D
[  197.6] $GPGSV,4,1,15,1,-3,029,24,3,22,034,,4,27,113,39,6,27,289,24,1*7D
[  197.6] $GPGSV,4,2,15,7,43,183,25,8,11,087,,9,40,154,43,11,14,255,28,1*5B
[  197.6] $GPGSV,4,3,15,14,43,342,41,16,-7,145,24,17,08,348,,19,-4,317,24,1*6D
[  197.6] $GPGSV,4,4,15,21,12,215,24,22,22,338,24,30,42,249,24,1*52
[  197.6] $GPRMC,053908.37,V,,,,,,,090926,,,N,V*00
[  198.7] $GPGGA,053909.37,,,,,0,,99.99,,M,,M,,*64
[  198.7] $GPGLL,,,,,053909.37,V,N*48
[  198.7] $GPGSA,A,1,,,,,,,,,,,,,99.99,99.99,99.99,1*2D
[  198.7] $GPGSV,4,1,15,1,-3,029,25,3,22,034,,4,27,113,42,6,27,289,24,1*70
[  198.7] $GPGSV,4,2,15,7,43,183,25,8,11,087,,9,40,154,43,11,14,255,29,1*5A
[  198.7] $GPGSV,4,3,15,14,43,342,41,16,-7,145,25,17,08,348,,19,-4,317,25,1*6D
[  198.7] $GPGSV,4,4,15,21,12,215,25,22,22,338,25,30,42,249,25,1*53
[  198.7] $GPRMC,053909.37,V,,,,,,,090926,,,N,V*01
[  199.7] $GPGGA,053910.37,,,,,0,,99.99,,M,,M,,*6C
[  199.7] $GPGLL,,,,,053910.37,V,N*40
[  199.7] $GPGSA,A,1,,,,,,,,,,,,,99.99,99.99,99.99,1*2D
[  199.7] $GPGSV,4,1,15,1,-3,029,25,3,22,034,,4,27,113,43,6,27,289,24,1*71
[  199.7] $GPGSV,4,2,15,7,43,183,25,8,11,087,,9,40,154,42,11,14,255,29,1*5B
[  199.7] $GPGSV,4,3,15,14,43,342,41,16,-7,145,24,17,08,348,,19,-4,317,25,1*6C
[  199.7] $GPGSV,4,4,15,21,12,215,24,22,22,338,24,30,42,249,25,1*53
[  199.7] $GPRMC,053910.37,V,,,,,,,090926,,,N,V*09
[  200.8] $GPGGA,053911.37,,,,,0,,99.99,,M,,M,,*6D
[  200.8] $GPGLL,,,,,053911.37,V,N*41
[  200.8] $GPGSA,A,1,,,,,,,,,,,,,99.99,99.99,99.99,1*2D
[  200.8] $GPGSV,4,1,15,1,-3,029,25,3,22,034,,4,27,113,44,6,27,289,24,1*76
[  200.8] $GPGSV,4,2,15,7,43,183,24,8,11,087,,9,40,154,42,11,14,255,29,1*5A
[  200.8] $GPGSV,4,3,15,14,43,342,41,16,-7,145,25,17,08,348,,19,-4,317,25,1*6D
[  200.8] $GPGSV,4,4,15,21,12,215,25,22,22,338,24,30,42,249,15,1*51
[  200.8] $GPRMC,053911.37,V,,,,,,,090926,,,N,V*08
[  201.8] $GPGGA,053912.37,,,,,0,,99.99,,M,,M,,*6E
[  201.8] $GPGLL,,,,,053912.37,V,N*42
[  201.8] $GPGSA,A,1,,,,,,,,,,,,,99.99,99.99,99.99,1*2D
[  201.8] $GPGSV,4,1,15,1,-3,029,24,3,22,034,,4,27,113,44,6,27,289,25,1*76
[  201.8] $GPGSV,4,2,15,7,43,183,25,8,11,087,,9,40,154,42,11,14,255,29,1*5B
[  201.8] $GPGSV,4,3,15,14,43,342,41,16,-7,145,25,17,08,348,,19,-4,317,24,1*6C
[  201.8] $GPGSV,4,4,15,21,12,215,25,22,22,338,25,30,42,249,29,1*5F
[  201.8] $GPRMC,053912.37,V,,,,,,,090926,,,N,V*0B
[  202.9] $GPGGA,053913.37,,,,,0,,99.99,,M,,M,,*6F
[  202.9] $GPGLL,,,,,053913.37,V,N*43
[  202.9] $GPGSA,A,1,,,,,,,,,,,,,99.99,99.99,99.99,1*2D
[  202.9] $GPGSV,4,1,15,1,-3,029,25,3,22,034,,4,27,113,44,6,27,289,25,1*77
[  202.9] $GPGSV,4,2,15,7,43,183,25,8,11,087,,9,40,154,42,11,14,255,29,1*5B
[  202.9] $GPGSV,4,3,15,14,43,342,41,16,-7,145,25,17,08,348,,19,-4,317,25,1*6D
[  202.9] $GPGSV,4,4,15,21,12,215,24,22,22,338,24,30,42,249,25,1*53
[  202.9] $GPRMC,053913.37,V,,,,,,,090926,,,N,V*0A
[  203.4] $GPGGA,053914.37,,,,,0,,99.99,,M,,M,,*68
[  203.4] $GPGLL,,,,,053914.37,V,N*44
[  203.4] $GPGSA,A,1,,,,,,,,,,,,,99.99,99.99,99.99,1*2D
[  203.4] $GPGSV,4,1,15,1,-3,029,25,3,22,034,,4,27,113,44,6,27,289,25,1*77
[  203.4] $GPGSV,4,2,15,7,43,183,25,8,11,087,,9,40,154,42,11,14,255,29,1*5B
[  203.9] $GPGSV,4,3,15,14,43,342,41,16,-7,145,25,17,08,348,,19,-4,317,25,1*6D
[  203.9] $GPGSV,4,4,15,21,12,215,25,22,22,338,25,30,42,249,25,1*53
[  203.9] $GPRMC,053914.37,V,,,,,,,090926,,,N,V*0D
[  204.4] $GPGGA,053915.37,,,,,0,,99.99,,M,,M,,*69
[  204.4] $GPGLL,,,,,053915.37,V,N*45
[  204.4] $GPGSA,A,1,,,,,,,,,,,,,99.99,99.99,99.99,1*2D
[  204.4] $GPGSV,3,1,12,3,22,034,,4,27,113,44,6,27,289,,7,43,183,,1*69
[  204.4] $GPGSV,3,2,12,8,11,087,,9,40,154,42,11,14,255,29,14,43,342,41,1*64
[  204.4] $GPGSV,3,3,12,17,08,348,,21,12,215,,22,22,338,,30,42,249,25,1*65
[  204.4] $GPRMC,053915.37,V,,,,,,,090926,,,N,V*0C
[  205.5] $GPGGA,053916.37,,,,,0,,99.99,,M,,M,,*6A
[  205.5] $GPGLL,,,,,053916.37,V,N*46
[  205.5] $GPGSA,A,1,,,,,,,,,,,,,99.99,99.99,99.99,1*2D
[  205.5] $GPGSV,3,1,12,3,22,034,,4,27,113,44,6,27,289,,7,43,183,,1*69
[  205.5] $GPGSV,3,2,12,8,11,087,,9,40,154,42,11,14,255,29,14,43,342,41,1*64
[  205.5] $GPGSV,3,3,12,17,08,348,,21,12,215,,22,22,338,,30,42,249,,1*62
[  205.5] $GPRMC,053916.37,V,,,,,,,090926,,,N,V*0F
[  206.5] $GPGGA,053917.37,,,,,0,,99.99,,M,,M,,*6B
[  206.5] $GPGLL,,,,,053917.37,V,N*47
[  206.5] $GPGSA,A,1,,,,,,,,,,,,,99.99,99.99,99.99,1*2D
[  206.5] $GPGSV,3,1,12,3,22,034,,4,27,113,44,6,27,289,,7,43,183,,1*69
[  206.5] $GPGSV,3,2,12,8,11,087,,9,40,154,42,11,14,255,28,14,43,342,41,1*65
[  206.5] $GPGSV,3,3,12,17,08,348,,21,12,215,,22,22,338,,30,42,249,,1*62
[  206.5] $GPRMC,053917.37,V,,,,,,,090926,,,N,V*0E
[  207.6] $GPGGA,053918.37,,,,,0,,99.99,,M,,M,,*64
[  207.6] $GPGLL,,,,,053918.37,V,N*48
[  207.6] $GPGSA,A,1,,,,,,,,,,,,,99.99,99.99,99.99,1*2D
[  207.6] $GPGSV,3,1,12,3,22,034,,4,27,113,44,6,27,289,,7,43,183,,1*69
[  207.6] $GPGSV,3,2,12,8,11,087,,9,40,154,42,11,14,255,28,14,43,342,41,1*65
[  207.6] $GPGSV,3,3,12,17,08,348,,21,12,215,,22,22,338,,30,42,249,,1*62
[  207.6] $GPRMC,053918.37,V,,,,,,,090926,,,N,V*01
[  208.6] $GPGGA,053919.37,,,,,0,,99.99,,M,,M,,*65
[  208.6] $GPGLL,,,,,053919.37,V,N*49
[  208.6] $GPGSA,A,1,,,,,,,,,,,,,99.99,99.99,99.99,1*2D
[  208.6] $GPGSV,3,1,12,3,22,034,,4,27,113,44,6,27,289,,7,43,183,,1*69
[  208.6] $GPGSV,3,2,12,8,11,087,,9,40,154,42,11,14,255,28,14,43,342,41,1*65
[  208.6] $GPGSV,3,3,12,17,08,348,,21,12,215,,22,22,338,,30,42,249,,1*62
[  208.6] $GPRMC,053919.37,V,,,,,,,090926,,,N,V*00
[  209.7] $GPGGA,053920.37,,,,,0,,99.99,,M,,M,,*6F
[  209.7] $GPGLL,,,,,053920.37,V,N*43
[  209.7] $GPGSA,A,1,,,,,,,,,,,,,99.99,99.99,99.99,1*2D
[  209.7] $GPGSV,3,1,12,3,22,034,,4,27,113,44,6,27,289,,7,43,183,,1*69
[  209.7] $GPGSV,3,2,12,8,11,087,,9,40,154,43,11,14,255,28,14,43,342,41,1*64
[  209.7] $GPGSV,3,3,12,17,08,348,,21,12,215,,22,22,338,,30,42,249,,1*62
[  209.7] $GPRMC,053920.37,V,,,,,,,090926,,,N,V*0A
[  210.7] $GPGGA,053921.37,,,,,0,,99.99,,M,,M,,*6E
[  210.7] $GPGLL,,,,,053921.37,V,N*42
[  210.7] $GPGSA,A,1,,,,,,,,,,,,,99.99,99.99,99.99,1*2D
[  210.7] $GPGSV,3,1,12,3,22,034,,4,27,113,44,6,27,289,,7,43,183,,1*69
[  210.7] $GPGSV,3,2,12,8,11,087,,9,40,154,43,11,14,255,28,14,43,342,41,1*64
[  210.7] $GPGSV,3,3,12,17,08,348,,21,12,215,,22,22,338,,30,42,249,,1*62
[  210.7] $GPRMC,053921.37,V,,,,,,,090926,,,N,V*0B
[  211.8] $GPGGA,053922.37,,,,,0,,99.99,,M,,M,,*6D
[  211.8] $GPGLL,,,,,053922.37,V,N*41
[  211.8] $GPGSA,A,1,,,,,,,,,,,,,99.99,99.99,99.99,1*2D
[  211.8] $GPGSV,3,1,12,3,22,034,,4,27,113,44,6,27,289,,7,43,183,,1*69
[  211.8] $GPGSV,3,2,12,8,11,087,,9,40,154,43,11,14,255,28,14,43,342,41,1*64
[  211.8] $GPGSV,3,3,12,17,08,348,,21,12,215,,22,22,338,,30,42,249,,1*62
[  211.8] $GPRMC,053922.37,V,,,,,,,090926,,,N,V*08
[  212.8] $GPGGA,053923.37,,,,,0,,99.99,,M,,M,,*6C
[  212.8] $GPGLL,,,,,053923.37,V,N*40
[  212.8] $GPGSA,A,1,,,,,,,,,,,,,99.99,99.99,99.99,1*2D
[  212.8] $GPGSV,3,1,12,3,22,034,,4,27,113,44,6,27,289,,7,43,183,,1*69
[  212.8] $GPGSV,3,2,12,8,11,087,,9,40,154,42,11,14,255,28,14,43,342,41,1*65
[  212.8] $GPGSV,3,3,12,17,08,348,,21,12,215,,22,22,338,,30,42,249,,1*62
[  212.8] $GPRMC,053923.37,V,,,,,,,090926,,,N,V*09
[  213.9] $GPGGA,053924.37,,,,,0,,99.99,,M,,M,,*6B
[  213.9] $GPGLL,,,,,053924.37,V,N*47
[  213.9] $GPGSA,A,1,,,,,,,,,,,,,99.99,99.99,99.99,1*2D
[  213.9] $GPGSV,3,1,12,3,22,034,,4,27,113,43,6,27,289,,7,43,183,,1*6E
[  213.9] $GPGSV,3,2,12,8,11,087,,9,40,154,42,11,14,255,28,14,43,342,41,1*65
[  213.9] $GPGSV,3,3,12,17,08,348,,21,12,215,,22,22,338,,30,42,249,,1*62
[  213.9] $GPRMC,053924.37,V,,,,,,,090926,,,N,V*0E
[  214.4] $GPGGA,053925.37,,,,,0,,99.99,,M,,M,,*6A
[  214.4] $GPGLL,,,,,053925.37,V,N*46
[  214.4] $GPGSA,A,1,,,,,,,,,,,,,99.99,99.99,99.99,1*2D
[  214.4] $GPGSV,3,1,12,3,22,034,,4,27,113,43,6,27,289,,7,43,183,,1*6E
[  214.4] $GPGSV,3,2,12,8,11,087,,9,40,154,42,11,14,255,28,14,43,342,41,1*65
[  214.4] $GPGSV,3,3,12,17,08,348,,21,12,215,,22,22,338,,30,42,249,,1*62
[  214.4] $GPRMC,053925.37,V,,,,,,,090926,,,N,V*0F
[  215.4] $GPGGA,053926.37,,,,,0,,99.99,,M,,M,,*69
[  215.4] $GPGLL,,,,,053926.37,V,N*45
[  215.4] $GPGSA,A,1,,,,,,,,,,,,,99.99,99.99,99.99,1*2D
[  215.4] $GPGSV,3,1,12,3,22,034,,4,27,113,43,6,27,289,,7,43,183,,1*6E
[  215.4] $GPGSV,3,2,12,8,11,087,,9,40,154,42,11,14,255,28,14,43,342,41,1*65
[  215.4] $GPGSV,3,3,12,17,08,348,,21,12,215,,22,22,338,,30,42,249,,1*62
[  215.4] $GPRMC,053926.37,V,,,,,,,090926,,,N,V*0C
[  216.5] $GPGGA,053927.37,,,,,0,,99.99,,M,,M,,*68
[  216.5] $GPGLL,,,,,053927.37,V,N*44
[  216.5] $GPGSA,A,1,,,,,,,,,,,,,99.99,99.99,99.99,1*2D
[  216.5] $GPGSV,3,1,12,3,22,034,,4,27,113,43,6,27,289,,7,43,183,,1*6E
[  216.5] $GPGSV,3,2,12,8,11,087,,9,40,154,42,11,14,255,27,14,43,342,41,1*6A
[  216.5] $GPGSV,3,3,12,17,08,348,,21,12,215,,22,22,338,,30,42,249,,1*62
[  216.5] $GPRMC,053927.37,V,,,,,,,090926,,,N,V*0D
[  217.6] $GPGGA,053928.37,,,,,0,,99.99,,M,,M,,*67
[  217.6] $GPGLL,,,,,053928.37,V,N*4B
[  217.6] $GPGSA,A,1,,,,,,,,,,,,,99.99,99.99,99.99,1*2D
[  217.6] $GPGSV,3,1,12,3,22,034,,4,27,113,43,6,27,289,,7,43,183,,1*6E
[  217.6] $GPGSV,3,2,12,8,11,087,,9,40,154,42,11,14,255,27,14,43,342,41,1*6A
[  217.6] $GPGSV,3,3,12,17,08,348,,21,12,215,,22,22,338,,30,42,249,,1*62
[  217.6] $GPRMC,053928.37,V,,,,,,,090926,,,N,V*02
[  218.6] $GPGGA,053930.10,3001.72845,S,05112.73844,W,1,04,1.69,94.59,M,,M,,*4E
[  218.6] $GPGLL,3001.72845,S,05112.73844,W,053930.10,A,A*6E
[  218.6] $GPGSA,A,3,04,09,11,14,,,,,,,,,3.99,1.69,3.62,1*1D
[  218.6] $GPGSV,4,1,13,3,06,027,,4,33,094,43,6,16,301,,7,66,190,,1*61
[  218.6] $GPGSV,4,2,13,8,10,078,,9,61,133,42,11,15,264,27,14,21,345,41,1*6F
[  218.6] $GPGSV,4,3,13,16,09,141,,21,27,224,,22,03,340,,27,03,110,,1*6B
[  218.6] $GPGSV,4,4,13,30,43,274,,1*53
[  218.6] $GPRMC,053930.10,A,3001.72845,S,05112.73844,W,0.21,0.00,090926,,,A,V*24
[  218.6] [00:03:38.158,538] <inf> gnss_sample: Time to fix: 26.8 s
[  218.6] [00:03:38.164,306] <inf> gnss_sample: Sleeping for 120 s
[  338.2] [00:05:38.067,565] <inf> gnss_sample: Deleting GNSS data
[  338.2] [00:05:38.080,047] <inf> gnss_sample: Assistance data needed: data_flags: 0x3f
[  338.2] [00:05:38.087,677] <inf> gnss_sample: Assistance data needed: GPS ephe: 0xffffffff, alm: 0xffffffff
[  338.2] [00:05:38.097,137] <inf> gnss_sample: Connecting to LTE network
[  339.8] +CEREG: 2,"C577","0AAEEA15",7
[  339.8] +CSCON: 1
[  340.4] +CEREG: 1,"C577","0AAEEA15",7,,,"00000011","00101000"
[  340.4] [00:05:39.942,077] <inf> gnss_sample: Connected to LTE network
[  341.4] [00:05:40.952,484] <inf> gnss_sample: Injected time (GPS day 17048, GPS time of day 20511)
[  341.4] [00:05:40.962,615] <inf> gnss_sample: Injected location for MCC 724
[  341.4] +CEREG: 0
[  341.4] +CSCON: 0
[  341.4] [00:05:41.275,451] <inf> gnss_sample: LTE disconnected
[  341.4] [00:05:41.280,975] <inf> gnss_sample: Starting GNSS
[  341.9] $GPGGA,054133.37,,,,,0,,99.99,,M,,M,,*62
[  341.9] $GPGLL,,,,,054133.37,V,N*4E
[  341.9] $GPGSA,A,1,,,,,,,,,,,,,99.99,99.99,99.99,1*2D
[  341.9] $GPGSV,3,1,12,3,21,034,,4,27,112,,6,27,291,,7,42,182,,1*62
[  341.9] $GPGSV,3,2,12,8,11,088,,9,40,152,,11,14,256,,14,44,342,,1*61
[  341.9] $GPGSV,3,3,12,17,08,349,,21,13,216,,22,23,338,,30,42,247,,1*6E
[  341.9] $GPRMC,054133.37,V,,,,,,,090926,,,N,V*07
[  342.4] $GPGGA,054134.37,,,,,0,,99.99,,M,,M,,*65
[  342.4] $GPGLL,,,,,054134.37,V,N*49
[  342.4] $GPGSA,A,1,,,,,,,,,,,,,99.99,99.99,99.99,1*2D
[  342.4] $GPGSV,3,1,12,3,21,034,,4,27,112,50,6,27,291,,7,42,182,,1*67
[  342.4] $GPGSV,3,2,12,8,11,088,,9,40,152,46,11,14,256,,14,44,342,42,1*65
[  342.4] $GPGSV,3,3,12,17,08,349,,21,13,216,,22,23,338,,30,42,247,,1*6E
[  343.0] $GPRMC,054134.37,V,,,,,,,090926,,,N,V*00
[  343.5] $GPGGA,054135.37,,,,,0,,99.99,,M,,M,,*64
[  343.5] $GPGLL,,,,,054135.37,V,N*48
[  343.5] $GPGSA,A,1,,,,,,,,,,,,,99.99,99.99,99.99,1*2D
[  343.5] $GPGSV,3,1,12,3,21,034,,4,27,112,48,6,27,291,,7,42,182,,1*6E
[  343.5] $GPGSV,3,2,12,8,11,088,,9,40,152,46,11,14,256,,14,44,342,42,1*65
[  343.5] $GPGSV,3,3,12,17,08,349,,21,13,216,,22,23,338,,30,42,247,,1*6E
[  343.5] $GPRMC,054135.37,V,,,,,,,090926,,,N,V*01
[  344.5] $GPGGA,054136.37,,,,,0,,99.99,,M,,M,,*67
[  344.5] $GPGLL,,,,,054136.37,V,N*4B
[  344.5] $GPGSA,A,1,,,,,,,,,,,,,99.99,99.99,99.99,1*2D
[  344.5] $GPGSV,3,1,12,3,21,034,,4,27,112,48,6,27,291,,7,42,182,,1*6E
[  344.5] $GPGSV,3,2,12,8,11,088,,9,40,152,46,11,14,256,,14,44,342,42,1*65
[  344.5] $GPGSV,3,3,12,17,08,349,,21,13,216,,22,23,338,,30,42,247,,1*6E
[  344.5] $GPRMC,054136.37,V,,,,,,,090926,,,N,V*02
[  345.6] $GPGGA,054137.37,,,,,0,,99.99,,M,,M,,*66
[  345.6] $GPGLL,,,,,054137.37,V,N*4A
[  345.6] $GPGSA,A,1,,,,,,,,,,,,,99.99,99.99,99.99,1*2D
[  345.6] $GPGSV,3,1,12,3,21,034,,4,27,112,48,6,27,291,,7,42,182,,1*6E
[  345.6] $GPGSV,3,2,12,8,11,088,,9,40,152,46,11,14,256,,14,44,342,42,1*65
[  345.6] $GPGSV,3,3,12,17,08,349,,21,13,216,,22,23,338,,30,42,247,,1*6E
[  345.6] $GPRMC,054137.37,V,,,,,,,090926,,,N,V*03
[  346.6] $GPGGA,054138.37,,,,,0,,99.99,,M,,M,,*69
[  346.6] $GPGLL,,,,,054138.37,V,N*45
[  346.6] $GPGSA,A,1,,,,,,,,,,,,,99.99,99.99,99.99,1*2D
[  346.6] $GPGSV,3,1,12,3,21,034,,4,27,112,48,6,27,291,,7,42,182,,1*6E
[  346.6] $GPGSV,3,2,12,8,11,088,,9,40,152,46,11,14,256,,14,44,342,42,1*65
[  346.6] $GPGSV,3,3,12,17,08,349,,21,13,216,,22,23,338,,30,42,247,,1*6E
[  346.6] $GPRMC,054138.37,V,,,,,,,090926,,,N,V*0C
[  347.7] $GPGGA,054139.37,,,,,0,,99.99,,M,,M,,*68
[  347.7] $GPGLL,,,,,054139.37,V,N*44
[  347.7] $GPGSA,A,1,,,,,,,,,,,,,99.99,99.99,99.99,1*2D
[  347.7] $GPGSV,3,1,12,3,21,034,,4,27,112,48,6,27,291,,7,42,182,,1*6E
[  347.7] $GPGSV,3,2,12,8,11,088,,9,40,152,46,11,14,256,,14,44,342,42,1*65
[  347.7] $GPGSV,3,3,12,17,08,349,,21,13,216,,22,23,338,,30,42,247,,1*6E
[  347.7] $GPRMC,054139.37,V,,,,,,,090926,,,N,V*0D
[  348.8] $GPGGA,054140.37,,,,,0,,99.99,,M,,M,,*66
[  348.8] $GPGLL,,,,,054140.37,V,N*4A
[  348.8] $GPGSA,A,1,,,,,,,,,,,,,99.99,99.99,99.99,1*2D
[  348.8] $GPGSV,3,1,12,3,21,034,,4,27,112,48,6,27,291,,7,42,182,,1*6E
[  348.8] $GPGSV,3,2,12,8,11,088,,9,40,152,46,11,14,256,,14,44,342,42,1*65
[  348.8] $GPGSV,3,3,12,17,08,349,,21,13,216,,22,23,338,,30,42,247,,1*6E
[  348.8] $GPRMC,054140.37,V,,,,,,,090926,,,N,V*03
[  349.8] $GPGGA,054141.37,,,,,0,,99.99,,M,,M,,*67
[  349.8] $GPGLL,,,,,054141.37,V,N*4B
[  349.8] $GPGSA,A,1,,,,,,,,,,,,,99.99,99.99,99.99,1*2D
[  349.8] $GPGSV,3,1,12,3,21,034,,4,27,112,48,6,27,291,,7,42,182,,1*6E
[  349.8] $GPGSV,3,2,12,8,11,088,,9,40,152,46,11,14,256,,14,44,342,42,1*65
[  349.8] $GPGSV,3,3,12,17,08,349,,21,13,216,,22,23,338,,30,42,247,,1*6E
[  349.8] $GPRMC,054141.37,V,,,,,,,090926,,,N,V*02
[  350.9] $GPGGA,054142.37,,,,,0,,99.99,,M,,M,,*64
[  350.9] $GPGLL,,,,,054142.37,V,N*48
[  350.9] $GPGSA,A,1,,,,,,,,,,,,,99.99,99.99,99.99,1*2D
[  350.9] $GPGSV,3,1,12,3,21,034,,4,27,112,48,6,27,291,,7,42,182,,1*6E
[  350.9] $GPGSV,3,2,12,8,11,088,,9,40,152,46,11,14,256,,14,44,342,42,1*65
[  350.9] $GPGSV,3,3,12,17,08,349,,21,13,216,,22,23,338,,30,42,247,,1*6E
[  350.9] $GPRMC,054142.37,V,,,,,,,090926,,,N,V*01
[  351.9] $GPGGA,054143.37,,,,,0,,99.99,,M,,M,,*65
[  351.9] $GPGLL,,,,,054143.37,V,N*49
[  351.9] $GPGSA,A,1,,,,,,,,,,,,,99.99,99.99,99.99,1*2D
[  351.9] $GPGSV,3,1,12,3,21,034,,4,27,112,48,6,27,291,,7,42,182,,1*6E
[  351.9] $GPGSV,3,2,12,8,11,088,,9,40,152,46,11,14,256,,14,44,342,42,1*65
[  351.9] $GPGSV,3,3,12,17,08,349,,21,13,216,,22,23,338,,30,42,247,,1*6E
[  351.9] $GPRMC,054143.37,V,,,,,,,090926,,,N,V*00
[  353.0] $GPGGA,054144.37,,,,,0,,99.99,,M,,M,,*62
[  353.0] $GPGLL,,,,,054144.37,V,N*4E
[  353.0] $GPGSA,A,1,,,,,,,,,,,,,99.99,99.99,99.99,1*2D
[  353.0] $GPGSV,3,1,12,3,21,034,,4,27,112,42,6,27,291,,7,42,182,,1*64
[  353.0] $GPGSV,3,2,12,8,11,088,,9,40,152,41,11,14,256,,14,44,342,41,1*61
[  353.0] $GPGSV,3,3,12,17,08,349,,21,13,216,,22,23,338,,30,42,247,,1*6E
[  353.0] $GPRMC,054144.37,V,,,,,,,090926,,,N,V*07
[  353.5] $GPGGA,054145.37,,,,,0,,99.99,,M,,M,,*63
[  353.5] $GPGLL,,,,,054145.37,V,N*4F
[  353.5] $GPGSA,A,1,,,,,,,,,,,,,99.99,99.99,99.99,1*2D
[  353.5] $GPGSV,3,1,12,3,21,034,,4,27,112,42,6,27,291,,7,42,182,,1*64
[  353.5] $GPGSV,3,2,12,8,11,088,,9,40,152,41,11,14,256,,14,44,342,41,1*61
[  353.5] $GPGSV,3,3,12,17,08,349,,21,13,216,,22,23,338,,30,42,247,,1*6E
[  353.5] $GPRMC,054145.37,V,,,,,,,090926,,,N,V*06
[  354.5] $GPGGA,054146.37,,,,,0,,99.99,,M,,M,,*60
[  354.5] $GPGLL,,,,,054146.37,V,N*4C
[  354.5] $GPGSA,A,1,,,,,,,,,,,,,99.99,99.99,99.99,1*2D
[  354.5] $GPGSV,3,1,12,3,21,034,,4,27,112,42,6,27,291,,7,42,182,,1*64
[  354.5] $GPGSV,3,2,12,8,11,088,,9,40,152,41,11,14,256,,14,44,342,41,1*61
[  354.5] $GPGSV,3,3,12,17,08,349,,21,13,216,,22,23,338,,30,42,247,,1*6E
[  354.5] $GPRMC,054146.37,V,,,,,,,090926,,,N,V*05
[  355.6] $GPGGA,054147.37,,,,,0,,99.99,,M,,M,,*61
[  355.6] $GPGLL,,,,,054147.37,V,N*4D
[  355.6] $GPGSA,A,1,,,,,,,,,,,,,99.99,99.99,99.99,1*2D
[  355.6] $GPGSV,3,1,12,3,21,034,,4,27,112,42,6,27,291,,7,42,182,,1*64
[  355.6] $GPGSV,3,2,12,8,11,088,,9,40,152,41,11,14,256,,14,44,342,41,1*61
[  355.6] $GPGSV,3,3,12,17,08,349,,21,13,216,,22,23,338,,30,42,247,,1*6E
[  355.6] $GPRMC,054147.37,V,,,,,,,090926,,,N,V*04
[  356.6] $GPGGA,054148.37,,,,,0,,99.99,,M,,M,,*6E
[  356.6] $GPGLL,,,,,054148.37,V,N*42
[  356.6] $GPGSA,A,1,,,,,,,,,,,,,99.99,99.99,99.99,1*2D
[  356.6] $GPGSV,4,1,16,2,-13,046,18,3,21,034,,4,27,112,33,6,27,291,25,1*4A
[  356.6] $GPGSV,4,2,16,7,42,182,24,8,11,088,25,9,40,152,33,11,14,256,24,1*5F
[  356.6] $GPGSV,4,3,16,14,44,342,41,17,08,349,,21,13,216,,22,23,338,,1*6C
[  356.6] $GPGSV,4,4,16,26,-28,146,25,27,-5,115,25,29,-40,209,25,30,42,247,23,1*70
[  356.6] $GPRMC,054148.37,V,,,,,,,090926,,,N,V*0B
[  357.7] $GPGGA,054149.37,,,,,0,,99.99,,M,,M,,*6F
[  357.7] $GPGLL,,,,,054149.37,V,N*43
[  357.7] $GPGSA,A,1,,,,,,,,,,,,,99.99,99.99,99.99,1*2D
[  357.7] $GPGSV,4,1,16,2,-13,046,33,3,21,034,,4,27,112,26,6,27,291,25,1*47
[  357.7] $GPGSV,4,2,16,7,42,182,24,8,11,088,25,9,40,152,26,11,14,256,24,1*5B
[  357.7] $GPGSV,4,3,16,14,44,342,36,17,08,349,,21,13,216,,22,23,338,,1*6C
[  357.7] $GPGSV,4,4,16,26,-28,146,25,27,-5,115,25,29,-40,209,26,30,42,247,26,1*76
[  357.7] $GPRMC,054149.37,V,,,,,,,090926,,,N,V*0A
[  358.7] $GPGGA,054150.37,,,,,0,,99.99,,M,,M,,*67
[  358.7] $GPGLL,,,,,054150.37,V,N*4B
[  358.7] $GPGSA,A,1,,,,,,,,,,,,,99.99,99.99,99.99,1*2D
[  358.7] $GPGSV,4,1,14,2,-13,046,25,3,21,034,,4,27,112,25,6,27,291,25,1*41
[  358.7] $GPGSV,4,2,14,7,42,182,25,8,11,088,24,9,40,152,25,11,14,256,25,1*5B
[  358.7] $GPGSV,4,3,14,14,44,342,38,17,08,349,,21,13,216,,22,23,338,,1*60
[  358.7] $GPGSV,4,4,14,27,-5,115,25,30,42,247,25,1*7D
[  358.7] $GPRMC,054150.37,V,,,,,,,090926,,,N,V*02
[  359.8] $GPGGA,054151.37,,,,,0,,99.99,,M,,M,,*66
[  359.8] $GPGLL,,,,,054151.37,V,N*4A
[  359.8] $GPGSA,A,1,,,,,,,,,,,,,99.99,99.99,99.99,1*2D
[  359.8] $GPGSV,4,1,14,2,-13,046,25,3,21,034,,4,27,112,25,6,27,291,25,1*41
[  359.8] $GPGSV,4,2,14,7,42,182,25,8,11,088,24,9,40,152,25,11,14,256,25,1*5B
[  359.8] $GPGSV,4,3,14,14,44,342,38,17,08,349,,21,13,216,,22,23,338,,1*60
[  359.8] $GPGSV,4,4,14,27,-5,115,25,30,42,247,25,1*7D
[  359.8] $GPRMC,054151.37,V,,,,,,,090926,,,N,V*03
[  360.8] $GPGGA,054152.37,,,,,0,,99.99,,M,,M,,*65
[  360.8] $GPGLL,,,,,054152.37,V,N*49
[  360.8] $GPGSA,A,1,,,,,,,,,,,,,99.99,99.99,99.99,1*2D
[  360.8] $GPGSV,4,1,14,2,-13,046,25,3,21,034,,4,27,112,24,6,27,291,24,1*41
[  360.8] $GPGSV,4,2,14,7,42,182,25,8,11,088,25,9,40,152,24,11,14,256,25,1*5B
[  360.8] $GPGSV,4,3,14,14,44,342,39,17,08,349,,21,13,216,,22,23,338,,1*61
[  360.8] $GPGSV,4,4,14,27,-5,115,25,30,42,247,25,1*7D
[  360.8] $GPRMC,054152.37,V,,,,,,,090926,,,N,V*00
[  361.9] $GPGGA,054153.37,,,,,0,,99.99,,M,,M,,*64
[  361.9] $GPGLL,,,,,054153.37,V,N*48
[  361.9] $GPGSA,A,1,,,,,,,,,,,,,99.99,99.99,99.99,1*2D
[  361.9] $GPGSV,4,1,13,3,21,034,,4,27,112,24,6,27,291,25,7,42,182,24,1*63
[  361.9] $GPGSV,4,2,13,8,11,088,25,9,40,152,25,11,14,256,25,14,44,342,39,1*6A
[  361.9] $GPGSV,4,3,13,17,08,349,,21,13,216,,22,23,338,,27,-5,115,25,1*73
[  361.9] $GPGSV,4,4,13,30,42,247,25,1*55
[  361.9] $GPRMC,054153.37,V,,,,,,,090926,,,N,V*01
[  362.9] $GPGGA,054154.37,,,,,0,,99.99,,M,,M,,*63
[  362.9] $GPGLL,,,,,054154.37,V,N*4F
[  362.9] $GPGSA,A,1,,,,,,,,,,,,,99.99,99.99,99.99,1*2D
[  362.9] $GPGSV,4,1,13,3,21,034,,4,27,112,25,6,27,291,25,7,42,182,24,1*62
[  362.9] $GPGSV,4,2,13,8,11,088,25,9,40,152,25,11,14,256,24,14,44,342,39,1*6B
[  362.9] $GPGSV,4,3,13,17,08,349,,21,13,216,,22,23,338,,27,-5,115,25,1*73
[  362.9] $GPGSV,4,4,13,30,42,247,25,1*55
[  362.9] $GPRMC,054154.37,V,,,,,,,090926,,,N,V*06
[  363.5] $GPGGA,054155.37,,,,,0,,99.99,,M,,M,,*62
[  363.5] $GPGLL,,,,,054155.37,V,N*4E
[  363.5] $GPGSA,A,1,,,,,,,,,,,,,99.99,99.99,99.99,1*2D
[  363.5] $GPGSV,4,1,13,3,21,034,,4,27,112,24,6,27,291,25,7,42,182,25,1*62
[  363.5] $GPGSV,4,2,13,8,11,088,24,9,40,152,24,11,14,256,25,14,44,342,39,1*6A
[  364.0] $GPGSV,4,3,13,17,08,349,,21,13,216,,22,23,338,,27,-5,115,25,1*73
[  364.0] $GPGSV,4,4,13,30,42,247,24,1*54
[  364.0] $GPRMC,054155.37,V,,,,,,,090926,,,N,V*07
[  364.5] $GPGGA,054156.37,,,,,0,,99.99,,M,,M,,*61
[  364.5] $GPGLL,,,,,054156.37,V,N*4D
[  364.5] $GPGSA,A,1,,,,,,,,,,,,,99.99,99.99,99.99,1*2D
[  364.5] $GPGSV,3,1,12,3,21,034,,4,27,112,,6,27,291,,7,42,182,,1*62
[  364.5] $GPGSV,3,2,12,8,11,088,,9,40,152,33,11,14,256,,14,44,342,39,1*6B
[  364.5] $GPGSV,3,3,12,17,08,349,,21,13,216,,22,23,338,,30,42,247,24,1*68
[  364.5] $GPRMC,054156.37,V,,,,,,,090926,,,N,V*04
[  365.6] $GPGGA,054157.37,,,,,0,,99.99,,M,,M,,*60
[  365.6] $GPGLL,,,,,054157.37,V,N*4C
[  365.6] $GPGSA,A,1,,,,,,,,,,,,,99.99,99.99,99.99,1*2D
[  365.6] $GPGSV,3,1,12,3,21,034,,4,27,112,,6,27,291,,7,42,182,,1*62
[  365.6] $GPGSV,3,2,12,8,11,088,,9,40,152,25,11,14,256,,14,44,342,39,1*6C
[  365.6] $GPGSV,3,3,12,17,08,349,27,21,13,216,,22,23,338,,30,42,247,24,1*6D
[  365.6] $GPRMC,054157.37,V,,,,,,,090926,,,N,V*05
[  366.6] $GPGGA,054158.37,,,,,0,,99.99,,M,,M,,*6F
[  366.6] $GPGLL,,,,,054158.37,V,N*43
[  366.6] $GPGSA,A,1,,,,,,,,,,,,,99.99,99.99,99.99,1*2D
[  366.6] $GPGSV,4,1,13,3,21,034,,4,27,112,,6,27,291,,7,42,182,,1*64
[  366.6] $GPGSV,4,2,13,8,11,088,,9,40,152,25,11,14,256,,14,44,342,39,1*6A
[  366.6] $GPGSV,4,3,13,17,08,349,26,21,13,216,,22,23,338,,26,-28,146,27,1*4D
[  366.6] $GPGSV,4,4,13,30,42,247,23,1*53
[  366.6] $GPRMC,054158.37,V,,,,,,,090926,,,N,V*0A
[  367.7] $GPGGA,054159.37,,,,,0,,99.99,,M,,M,,*6E
[  367.7] $GPGLL,,,,,054159.37,V,N*42
[  367.7] $GPGSA,A,1,,,,,,,,,,,,,99.99,99.99,99.99,1*2D
[  367.7] $GPGSV,4,1,13,3,21,034,,4,27,112,,6,27,291,,7,42,182,,1*64
[  367.7] $GPGSV,4,2,13,8,11,088,,9,40,152,25,11,14,256,,14,44,342,39,1*6A
[  367.7] $GPGSV,4,3,13,17,08,349,25,21,13,216,,22,23,338,,26,-28,146,25,1*4C
[  367.7] $GPGSV,4,4,13,30,42,247,23,1*53
[  367.7] $GPRMC,054159.37,V,,,,,,,090926,,,N,V*0B
[  368.7] $GPGGA,054200.37,,,,,0,,99.99,,M,,M,,*61
[  368.7] $GPGLL,,,,,054200.37,V,N*4D
[  368.7] $GPGSA,A,1,,,,,,,,,,,,,99.99,99.99,99.99,1*2D
[  368.7] $GPGSV,4,1,14,3,21,034,,4,27,112,,5,-19,213,27,6,27,291,,1*4C
[  368.7] $GPGSV,4,2,14,7,42,182,,8,11,088,,9,40,152,25,11,14,256,,1*5D
[  368.7] $GPGSV,4,3,14,14,44,342,39,17,08,349,26,21,13,216,,22,23,338,,1*65
[  368.7] $GPGSV,4,4,14,26,-28,146,25,30,42,247,23,1*43
[  368.7] $GPRMC,054200.37,V,,,,,,,090926,,,N,V*04
[  369.8] $GPGGA,054201.37,,,,,0,,99.99,,M,,M,,*60
[  369.8] $GPGLL,,,,,054201.37,V,N*4C
[  369.8] $GPGSA,A,1,,,,,,,,,,,,,99.99,99.99,99.99,1*2D
[  369.8] $GPGSV,4,1,14,3,21,034,,4,27,112,,5,-19,213,25,6,27,291,,1*4E
[  369.8] $GPGSV,4,2,14,7,42,182,,8,11,088,,9,40,152,,11,14,256,,1*5A
[  369.8] $GPGSV,4,3,14,14,44,342,39,17,08,349,,21,13,216,,22,23,338,,1*61
[  369.8] $GPGSV,4,4,14,26,-28,146,24,30,42,247,22,1*43
[  369.8] $GPRMC,054201.37,V,,,,,,,090926,,,N,V*05
[  370.8] $GPGGA,054202.37,,,,,0,,99.99,,M,,M,,*63
[  370.8] $GPGLL,,,,,054202.37,V,N*4F
[  370.8] $GPGSA,A,1,,,,,,,,,,,,,99.99,99.99,99.99,1*2D
[  370.8] $GPGSV,4,1,13,3,21,034,,4,27,112,,5,-19,213,25,6,27,291,,1*49
[  370.8] $GPGSV,4,2,13,7,42,182,41,8,11,088,,9,40,152,,11,14,256,31,1*5A
[  370.8] $GPGSV,4,3,13,14,44,342,40,17,08,349,,21,13,216,,22,23,338,,1*68
[  370.8] $GPGSV,4,4,13,30,42,247,22,1*52
[  370.8] $GPRMC,054202.37,V,,,,,,,090926,,,N,V*06
[  371.9] $GPGGA,054203.37,,,,,0,,99.99,,M,,M,,*62
[  371.9] $GPGLL,,,,,054203.37,V,N*4E
[  371.9] $GPGSA,A,1,,,,,,,,,,,,,99.99,99.99,99.99,1*2D
[  371.9] $GPGSV,4,1,13,3,21,034,,4,27,112,,5,-19,213,24,6,27,291,,1*48
[  371.9] $GPGSV,4,2,13,7,42,182,26,8,11,088,,9,40,152,44,11,14,256,26,1*5D
[  371.9] $GPGSV,4,3,13,14,44,342,39,17,08,349,,21,13,216,,22,23,338,28,1*6C
[  371.9] $GPGSV,4,4,13,30,42,247,22,1*52
[  371.9] $GPRMC,054203.37,V,,,,,,,090926,,,N,V*07
[  372.9] $GPGGA,054204.37,,,,,0,,99.99,,M,,M,,*65
[  372.9] $GPGLL,,,,,054204.37,V,N*49
[  372.9] $GPGSA,A,1,,,,,,,,,,,,,99.99,99.99,99.99,1*2D
[  372.9] $GPGSV,3,1,12,3,21,034,,4,27,112,30,6,27,291,41,7,42,182,24,1*62
[  372.9] $GPGSV,3,2,12,8,11,088,,9,40,152,44,11,14,256,27,14,44,342,40,1*60
[  372.9] $GPGSV,3,3,12,17,08,349,,21,13,216,,22,23,338,25,30,42,247,22,1*69
[  372.9] $GPRMC,054204.37,V,,,,,,,090926,,,N,V*00
[  374.0] $GPGGA,054205.37,,,,,0,,99.99,,M,,M,,*64
[  374.0] $GPGLL,,,,,054205.37,V,N*48
[  374.0] $GPGSA,A,1,,,,,,,,,,,,,99.99,99.99,99.99,1*2D
[  374.0] $GPGSV,3,1,12,3,21,034,,4,27,112,23,6,27,291,27,7,42,182,25,1*61
[  374.0] $GPGSV,3,2,12,8,11,088,,9,40,152,44,11,14,256,,14,44,342,40,1*65
[  374.0] $GPGSV,3,3,12,17,08,349,,21,13,216,,22,23,338,,30,42,247,22,1*6E
[  374.0] $GPRMC,054205.37,V,,,,,,,090926,,,N,V*01
[  374.5] $GPGGA,054206.37,,,,,0,,99.99,,M,,M,,*67
[  374.5] $GPGLL,,,,,054206.37,V,N*4B
[  374.5] $GPGSA,A,1,,,,,,,,,,,,,99.99,99.99,99.99,1*2D
[  374.5] $GPGSV,3,1,12,3,21,034,,4,27,112,33,6,27,291,25,7,42,182,,1*65
[  374.5] $GPGSV,3,2,12,8,11,088,,9,40,152,45,11,14,256,,14,44,342,39,1*6A
[  374.5] $GPGSV,3,3,12,17,08,349,,21,13,216,,22,23,338,,30,42,247,23,1*6F
[  374.5] $GPRMC,054206.37,V,,,,,,,090926,,,N,V*02
[  375.5] $GPGGA,054207.37,,,,,0,,99.99,,M,,M,,*66
[  375.5] $GPGLL,,,,,054207.37,V,N*4A
[  375.5] $GPGSA,A,1,,,,,,,,,,,,,99.99,99.99,99.99,1*2D
[  375.5] $GPGSV,3,1,12,3,21,034,26,4,27,112,25,6,27,291,25,7,42,182,,1*66
[  375.5] $GPGSV,3,2,12,8,11,088,,9,40,152,45,11,14,256,,14,44,342,39,1*6A
[  375.5] $GPGSV,3,3,12,17,08,349,,21,13,216,,22,23,338,,30,42,247,22,1*6E
[  375.5] $GPRMC,054207.37,V,,,,,,,090926,,,N,V*03
[  376.6] $GPGGA,054208.37,,,,,0,,99.99,,M,,M,,*69
[  376.6] $GPGLL,,,,,054208.37,V,N*45
[  376.6] $GPGSA,A,1,,,,,,,,,,,,,99.99,99.99,99.99,1*2D
[  376.6] $GPGSV,4,1,13,1,-4,030,27,3,21,034,25,4,27,112,25,6,27,291,,1*70
[  376.6] $GPGSV,4,2,13,7,42,182,29,8,11,088,,9,40,152,45,11,14,256,,1*57
[  376.6] $GPGSV,4,3,13,14,44,342,39,17,08,349,,21,13,216,,22,23,338,,1*66
[  376.6] $GPGSV,4,4,13,30,42,247,22,1*52
[  376.6] $GPRMC,054208.37,V,,,,,,,090926,,,N,V*0C
[  377.6] $GPGGA,054209.37,,,,,0,,99.99,,M,,M,,*68
[  377.6] $GPGLL,,,,,054209.37,V,N*44
[  377.6] $GPGSA,A,1,,,,,,,,,,,,,99.99,99.99,99.99,1*2D
[  377.6] $GPGSV,4,1,14,1,-4,030,25,3,21,034,,4,27,112,25,6,27,291,,1*72
[  377.6] $GPGSV,4,2,14,7,42,182,,8,11,088,,9,40,152,45,11,14,256,,1*5B
[  377.6] $GPGSV,4,3,14,14,44,342,39,15,-41,261,29,17,08,349,,21,13,216,,1*4A
[  377.6] $GPGSV,4,4,14,22,23,338,,30,42,247,23,1*6D
[  377.6] $GPRMC,054209.37,V,,,,,,,090926,,,N,V*0D
[  378.6] $GPGGA,054210.37,,,,,0,,99.99,,M,,M,,*60
[  378.6] $GPGLL,,,,,054210.37,V,N*4C
[  378.6] $GPGSA,A,1,,,,,,,,,,,,,99.99,99.99,99.99,1*2D
[  378.6] $GPGSV,4,1,15,1,-4,030,25,3,21,034,,4,27,112,,6,27,291,,1*74
[  378.6] $GPGSV,4,2,15,7,42,182,,8,11,088,,9,40,152,45,11,14,256,,1*5A
[  378.6] $GPGSV,4,3,15,14,44,342,39,15,-41,261,26,16,-8,145,28,17,08,349,,1*58
[  378.6] $GPGSV,4,4,15,21,13,216,,22,23,338,,30,42,247,23,1*58
[  378.6] $GPRMC,054210.37,V,,,,,,,090926,,,N,V*05
[  379.7] $GPGGA,054211.37,,,,,0,,99.99,,M,,M,,*61
[  379.7] $GPGLL,,,,,054211.37,V,N*4D
[  379.7] $GPGSA,A,1,,,,,,,,,,,,,99.99,99.99,99.99,1*2D
[  379.7] $GPGSV,4,1,15,1,-4,030,24,3,21,034,,4,27,112,,6,27,291,,1*75
[  379.7] $GPGSV,4,2,15,7,42,182,,8,11,088,,9,40,152,46,11,14,256,,1*59
[  379.7] $GPGSV,4,3,15,14,44,342,39,15,-41,261,25,16,-8,145,26,17,08,349,,1*55
[  379.7] $GPGSV,4,4,15,21,13,216,,22,23,338,,30,42,247,23,1*58
[  379.7] $GPRMC,054211.37,V,,,,,,,090926,,,N,V*04
[  380.7] $GPGGA,054212.37,,,,,0,,99.99,,M,,M,,*62
[  380.7] $GPGLL,,,,,054212.37,V,N*4E
[  380.7] $GPGSA,A,1,,,,,,,,,,,,,99.99,99.99,99.99,1*2D
[  380.7] $GPGSV,4,1,14,3,21,034,,4,27,112,,6,27,291,,7,42,182,29,1*68
[  380.7] $GPGSV,4,2,14,8,11,088,,9,40,152,45,11,14,256,,14,44,342,39,1*6B
[  380.7] $GPGSV,4,3,14,15,-41,261,25,16,-8,145,25,17,08,349,,21,13,216,,1*59
[  380.7] $GPGSV,4,4,14,22,23,338,,30,42,247,23,1*6D
[  380.7] $GPRMC,054212.37,V,,,,,,,090926,,,N,V*07
[  381.8] $GPGGA,054213.37,,,,,0,,99.99,,M,,M,,*63
[  381.8] $GPGLL,,,,,054213.37,V,N*4F
[  381.8] $GPGSA,A,1,,,,,,,,,,,,,99.99,99.99,99.99,1*2D
[  381.8] $GPGSV,4,1,14,3,21,034,,4,27,112,,5,-19,213,29,6,27,291,,1*42
[  381.8] $GPGSV,4,2,14,7,42,182,26,8,11,088,,9,40,152,46,11,14,256,,1*5C
[  381.8] $GPGSV,4,3,14,14,44,342,39,16,-8,145,25,17,08,349,,21,13,216,,1*7D
[  381.8] $GPGSV,4,4,14,22,23,338,,30,42,247,23,1*6D
[  381.8] $GPRMC,054213.37,V,,,,,,,090926,,,N,V*06
[  382.8] $GPGGA,054214.37,,,,,0,,99.99,,M,,M,,*64
[  382.8] $GPGLL,,,,,054214.37,V,N*48
[  382.8] $GPGSA,A,1,,,,,,,,,,,,,99.99,99.99,99.99,1*2D
[  382.8] $GPGSV,4,1,13,3,21,034,29,4,27,112,,5,-19,213,25,6,27,291,,1*42
[  382.8] $GPGSV,4,2,13,7,42,182,25,8,11,088,,9,40,152,46,11,14,256,,1*58
[  382.8] $GPGSV,4,3,13,14,44,342,39,17,08,349,,21,13,216,,22,23,338,,1*66
[  382.8] $GPGSV,4,4,13,30,42,247,24,1*54
[  382.8] $GPRMC,054214.37,V,,,,,,,090926,,,N,V*01
[  383.9] $GPGGA,054215.37,,,,,0,,99.99,,M,,M,,*65
[  383.9] $GPGLL,,,,,054215.37,V,N*49
[  383.9] $GPGSA,A,1,,,,,,,,,,,,,99.99,99.99,99.99,1*2D
[  383.9] $GPGSV,4,1,13,3,21,034,26,4,27,112,,5,-19,213,25,6,27,291,,1*4D
[  383.9] $GPGSV,4,2,13,7,42,182,25,8,11,088,,9,40,152,46,11,14,256,,1*58
[  383.9] $GPGSV,4,3,13,14,44,342,39,17,08,349,,21,13,216,,22,23,338,,1*66
[  383.9] $GPGSV,4,4,13,30,42,247,24,1*54
[  383.9] $GPRMC,054215.37,V,,,,,,,090926,,,N,V*00
[  384.9] $GPGGA,054216.37,,,,,0,,99.99,,M,,M,,*66
[  384.9] $GPGLL,,,,,054216.37,V,N*4A
[  384.9] $GPGSA,A,1,,,,,,,,,,,,,99.99,99.99,99.99,1*2D
[  384.9] $GPGSV,4,1,13,3,21,034,25,4,27,112,,5,-19,213,24,6,27,291,,1*4F
[  384.9] $GPGSV,4,2,13,7,42,182,,8,11,088,,9,40,152,46,11,14,256,,1*5F
[  384.9] $GPGSV,4,3,13,14,44,342,39,17,08,349,,21,13,216,,22,23,338,,1*66
[  384.9] $GPGSV,4,4,13,30,42,247,24,1*54
[  384.9] $GPRMC,054216.37,V,,,,,,,090926,,,N,V*03
[  385.4] $GPGGA,054217.37,,,,,0,,99.99,,M,,M,,*67
[  385.4] $GPGLL,,,,,054217.37,V,N*4B
[  385.4] $GPGSA,A,1,,,,,,,,,,,,,99.99,99.99,99.99,1*2D
[  386.0] $GPGSV,3,1,12,3,21,034,25,4,27,112,,6,27,291,,7,42,182,,1*65
[  386.0] $GPGSV,3,2,12,8,11,088,,9,40,152,45,11,14,256,,14,44,342,39,1*6A
[  386.0] $GPGSV,3,3,12,17,08,349,,21,13,216,,22,23,338,,30,42,247,24,1*68
[  386.0] $GPRMC,054217.37,V,,,,,,,090926,,,N,V*02
[  386.5] $GPGGA,054218.37,,,,,0,01,99.99,,M,,M,,*69
[  386.5] $GPGLL,,,,,054218.37,V,N*44
[  386.5] $GPGSA,A,1,,,,,,,,,,,,,99.99,99.99,99.99,1*2D
[  386.5] $GPGSV,4,1,13,3,21,034,25,4,27,111,,6,27,291,,7,42,182,,1*60
[  386.5] $GPGSV,4,2,13,8,11,088,,9,41,152,46,11,14,256,,14,44,342,39,1*6E
[  387.0] $GPGSV,4,3,13,17,09,349,,21,13,216,,22,24,338,,24,-30,313,26,1*47
[  387.0] $GPGSV,4,4,13,30,42,247,24,1*54
[  387.0] $GPRMC,054218.37,V,,,,,,,090926,,,N,V*0D
[  387.5] $GPGGA,054219.37,,,,,0,01,99.99,,M,,M,,*68
[  387.5] $GPGLL,,,,,054219.37,V,N*45
[  387.5] $GPGSA,A,1,,,,,,,,,,,,,99.99,99.99,99.99,1*2D
[  387.5] $GPGSV,4,1,13,3,21,034,,4,27,111,,6,27,291,,7,42,182,,1*67
[  387.5] $GPGSV,4,2,13,8,11,088,,9,41,152,45,11,14,256,,14,44,342,39,1*6D
[  387.5] $GPGSV,4,3,13,17,09,349,,21,13,216,,22,24,338,,24,-30,313,25,1*44
[  387.5] $GPGSV,4,4,13,30,42,247,24,1*54
[  387.5] $GPRMC,054219.37,V,,,,,,,090926,,,N,V*0C
[  388.6] $GPGGA,054220.37,,,,,0,01,99.99,,M,,M,,*62
[  388.6] $GPGLL,,,,,054220.37,V,N*4F
[  388.6] $GPGSA,A,1,,,,,,,,,,,,,99.99,99.99,99.99,1*2D
[  388.6] $GPGSV,4,1,13,3,21,034,,4,27,111,,6,27,291,,7,42,182,,1*67
[  388.6] $GPGSV,4,2,13,8,11,088,,9,41,152,46,11,14,256,,14,44,342,39,1*6E
[  388.6] $GPGSV,4,3,13,17,09,349,,21,13,216,,22,24,338,,24,-30,313,25,1*44
[  388.6] $GPGSV,4,4,13,30,42,247,23,1*53
[  388.6] $GPRMC,054220.37,V,,,,,,,090926,,,N,V*06
[  389.6] $GPGGA,054221.37,,,,,0,01,99.99,,M,,M,,*63
[  389.6] $GPGLL,,,,,054221.37,V,N*4E
[  389.6] $GPGSA,A,1,,,,,,,,,,,,,99.99,99.99,99.99,1*2D
[  389.6] $GPGSV,4,1,13,3,21,034,,4,27,111,,6,27,291,,7,42,182,,1*67
[  389.6] $GPGSV,4,2,13,8,11,088,,9,41,152,46,11,14,256,,14,44,342,39,1*6E
[  389.6] $GPGSV,4,3,13,17,09,349,,21,13,216,,22,24,338,,24,-30,313,25,1*44
[  389.6] $GPGSV,4,4,13,30,42,247,23,1*53
[  389.6] $GPRMC,054221.37,V,,,,,,,090926,,,N,V*07
[  390.7] $GPGGA,054222.37,,,,,0,01,99.99,,M,,M,,*60
[  390.7] $GPGLL,,,,,054222.37,V,N*4D
[  390.7] $GPGSA,A,1,,,,,,,,,,,,,99.99,99.99,99.99,1*2D
[  390.7] $GPGSV,3,1,12,3,21,034,,4,27,111,,6,27,291,,7,42,182,,1*61
[  390.7] $GPGSV,3,2,12,8,11,088,,9,41,152,45,11,14,256,,14,44,342,38,1*6A
[  390.7] $GPGSV,3,3,12,17,09,349,,21,13,216,,22,24,338,26,30,42,247,23,1*6D
[  390.7] $GPRMC,054222.37,V,,,,,,,090926,,,N,V*04
[  391.7] $GPGGA,054223.37,,,,,0,01,99.99,,M,,M,,*61
[  391.7] $GPGLL,,,,,054223.37,V,N*4C
[  391.7] $GPGSA,A,1,,,,,,,,,,,,,99.99,99.99,99.99,1*2D
[  391.7] $GPGSV,4,1,13,3,21,034,,4,27,111,,6,27,291,,7,42,182,,1*67
[  391.7] $GPGSV,4,2,13,8,11,088,,9,41,152,45,11,14,256,,14,44,342,39,1*6D
[  391.7] $GPGSV,4,3,13,17,09,349,,19,-4,318,30,21,13,216,,22,24,338,25,1*75
[  391.7] $GPGSV,4,4,13,30,42,247,23,1*53
[  391.7] $GPRMC,054223.37,V,,,,,,,090926,,,N,V*05
[  392.8] $GPGGA,054224.37,,,,,0,01,99.99,,M,,M,,*66
[  392.8] $GPGLL,,,,,054224.37,V,N*4B
[  392.8] $GPGSA,A,1,,,,,,,,,,,,,99.99,99.99,99.99,1*2D
[  392.8] $GPGSV,4,1,14,3,21,034,,4,27,111,,6,27,291,,7,42,182,,1*60
[  392.8] $GPGSV,4,2,14,8,11,088,,9,41,152,45,11,14,256,,14,44,342,39,1*6A
[  392.8] $GPGSV,4,3,14,16,-8,145,26,17,09,349,,19,-4,318,26,21,13,216,,1*6A
[  392.8] $GPGSV,4,4,14,22,24,338,25,30,42,247,24,1*6A
[  392.8] $GPRMC,054224.37,V,,,,,,,090926,,,N,V*02
[  393.8] $GPGGA,054225.37,,,,,0,01,99.99,,M,,M,,*67
[  393.8] $GPGLL,,,,,054225.37,V,N*4A
[  393.8] $GPGSA,A,1,,,,,,,,,,,,,99.99,99.99,99.99,1*2D
[  393.8] $GPGSV,4,1,14,3,21,034,,4,27,111,48,6,27,291,,7,42,182,,1*6C
[  393.8] $GPGSV,4,2,14,8,11,088,,9,41,152,45,11,14,256,,14,44,342,39,1*6A
[  393.8] $GPGSV,4,3,14,16,-8,145,20,17,09,349,,19,-4,318,25,21,13,216,,1*6F
[  393.8] $GPGSV,4,4,14,22,24,338,25,30,42,247,24,1*6A
[  393.8] $GPRMC,054225.37,V,,,,,,,090926,,,N,V*03
[  394.9] $GPGGA,054226.37,,,,,0,01,99.99,,M,,M,,*64
[  394.9] $GPGLL,,,,,054226.37,V,N*49
[  394.9] $GPGSA,A,1,,,,,,,,,,,,,99.99,99.99,99.99,1*2D
[  394.9] $GPGSV,4,1,14,2,-13,047,30,3,21,034,,4,27,111,47,6,27,291,,1*44
[  394.9] $GPGSV,4,2,14,7,42,182,,8,11,088,,9,41,152,45,11,14,256,,1*5A
[  394.9] $GPGSV,4,3,14,14,44,342,39,17,09,349,,19,-4,318,25,21,13,216,,1*75
[  394.9] $GPGSV,4,4,14,22,24,338,,30,42,247,24,1*6D
[  394.9] $GPRMC,054226.37,V,,,,,,,090926,,,N,V*00
[  395.9] $GPGGA,054227.37,,,,,0,01,99.99,,M,,M,,*65
[  395.9] $GPGLL,,,,,054227.37,V,N*48
[  395.9] $GPGSA,A,1,,,,,,,,,,,,,99.99,99.99,99.99,1*2D
[  395.9] $GPGSV,4,1,14,2,-13,047,25,3,21,034,,4,27,111,46,6,27,291,,1*41
[  395.9] $GPGSV,4,2,14,7,42,182,,8,11,088,,9,41,152,45,11,14,256,,1*5A
[  395.9] $GPGSV,4,3,14,14,44,342,38,15,-41,260,26,17,09,349,,21,13,216,,1*44
[  395.9] $GPGSV,4,4,14,22,24,338,,30,42,247,24,1*6D
[  395.9] $GPRMC,054227.37,V,,,,,,,090926,,,N,V*01
[  396.5] $GPGGA,054228.37,,,,,0,01,99.99,,M,,M,,*6A
[  396.5] $GPGLL,,,,,054228.37,V,N*47
[  396.5] $GPGSA,A,1,,,,,,,,,,,,,99.99,99.99,99.99,1*2D
[  397.0] $GPGSV,4,1,14,2,-13,047,24,3,21,034,,4,27,111,45,6,27,291,,1*43
[  397.0] $GPGSV,4,2,14,7,42,182,,8,11,088,,9,41,152,44,11,14,256,,1*5B
[  397.0] $GPGSV,4,3,14,14,44,342,38,15,-41,260,25,17,09,349,,21,13,216,,1*47
[  397.0] $GPGSV,4,4,14,22,24,338,,30,42,247,24,1*6D
[  397.0] $GPRMC,054228.37,V,,,,,,,090926,,,N,V*0E
[  397.5] $GPGGA,054229.37,,,,,0,01,99.99,,M,,M,,*6B
[  397.5] $GPGLL,,,,,054229.37,V,N*46
[  397.5] $GPGSA,A,1,,,,,,,,,,,,,99.99,99.99,99.99,1*2D
[  397.5] $GPGSV,4,1,14,2,-13,047,25,3,21,034,,4,27,111,45,6,27,291,,1*42
[  397.5] $GPGSV,4,2,14,7,42,182,,8,11,088,,9,41,152,44,11,14,256,26,1*5F
[  397.5] $GPGSV,4,3,14,14,44,342,38,15,-41,260,25,17,09,349,,21,13,216,,1*47
[  397.5] $GPGSV,4,4,14,22,24,338,,30,42,247,24,1*6D
[  397.5] $GPRMC,054229.37,V,,,,,,,090926,,,N,V*0F
[  398.6] $GPGGA,054230.37,,,,,0,02,99.99,,M,,M,,*60
[  398.6] $GPGLL,,,,,054230.37,V,N*4E
[  398.6] $GPGSA,A,1,,,,,,,,,,,,,99.99,99.99,99.99,1*2D
[  398.6] $GPGSV,4,1,14,2,-13,047,33,3,21,034,,4,27,111,45,6,27,291,,1*45
[  398.6] $GPGSV,4,2,14,7,42,182,,8,11,088,,9,41,150,44,11,14,256,25,1*5E
[  398.6] $GPGSV,4,3,14,14,44,342,38,15,-41,260,25,17,09,349,,21,13,216,,1*47
[  398.6] $GPGSV,4,4,14,22,24,338,,30,42,247,24,1*6D
[  398.6] $GPRMC,054230.37,V,,,,,,,090926,,,N,V*07
[  399.6] $GPGGA,054231.37,,,,,0,02,99.99,,M,,M,,*61
[  399.6] $GPGLL,,,,,054231.37,V,N*4F
[  399.6] $GPGSA,A,1,,,,,,,,,,,,,99.99,99.99,99.99,1*2D
[  399.6] $GPGSV,4,1,13,2,-13,047,26,3,21,034,,4,27,111,45,6,27,291,,1*46
[  399.6] $GPGSV,4,2,13,7,42,182,,8,11,088,,9,41,150,44,11,14,256,,1*5E
[  399.6] $GPGSV,4,3,13,14,44,342,38,17,09,349,,21,13,216,,22,24,338,,1*61
[  399.6] $GPGSV,4,4,13,30,42,247,24,1*54
[  399.6] $GPRMC,054231.37,V,,,,,,,090926,,,N,V*06
[  400.7] $GPGGA,054232.37,,,,,0,02,99.99,,M,,M,,*62
[  400.7] $GPGLL,,,,,054232.37,V,N*4C
[  400.7] $GPGSA,A,1,,,,,,,,,,,,,99.99,99.99,99.99,1*2D
[  400.7] $GPGSV,4,1,14,1,-4,030,27,2,-13,047,25,3,21,034,,4,27,111,45,1*55
[  400.7] $GPGSV,4,2,14,6,27,291,,7,42,182,,8,11,088,,9,41,150,45,1*65
[  400.7] $GPGSV,4,3,14,11,14,256,,14,44,342,38,17,09,349,,21,13,216,,1*6C
[  400.7] $GPGSV,4,4,14,22,24,338,,30,42,247,24,1*6D
[  400.7] $GPRMC,054232.37,V,,,,,,,090926,,,N,V*05
[  401.7] $GPGGA,054233.37,,,,,0,02,99.99,,M,,M,,*63
[  401.7] $GPGLL,,,,,054233.37,V,N*4D
[  401.7] $GPGSA,A,1,,,,,,,,,,,,,99.99,99.99,99.99,1*2D
[  401.7] $GPGSV,4,1,14,1,-4,030,26,2,-13,047,25,3,21,034,,4,27,111,45,1*54
[  401.7] $GPGSV,4,2,14,6,27,291,,7,42,182,,8,11,088,,9,41,150,45,1*65
[  401.7] $GPGSV,4,3,14,11,14,256,,14,44,342,38,17,09,349,,21,13,216,,1*6C
[  401.7] $GPGSV,4,4,14,22,24,338,,30,42,247,23,1*6A
[  401.7] $GPRMC,054233.37,V,,,,,,,090926,,,N,V*04
[  402.8] $GPGGA,054234.37,,,,,0,02,99.99,,M,,M,,*64
[  402.8] $GPGLL,,,,,054234.37,V,N*4A
[  402.8] $GPGSA,A,1,,,,,,,,,,,,,99.99,99.99,99.99,1*2D
[  402.8] $GPGSV,4,1,13,1,-4,030,25,3,21,034,,4,27,111,45,6,27,291,,1*70
[  402.8] $GPGSV,4,2,13,7,42,182,,8,11,088,,9,41,150,45,11,14,256,,1*5F
[  402.8] $GPGSV,4,3,13,14,44,342,38,17,09,349,,21,13,216,,22,24,338,,1*61
[  402.8] $GPGSV,4,4,13,30,42,247,24,1*54
[  402.8] $GPRMC,054234.37,V,,,,,,,090926,,,N,V*03
[  403.8] $GPGGA,054235.37,,,,,0,02,99.99,,M,,M,,*65
[  403.8] $GPGLL,,,,,054235.37,V,N*4B
[  403.8] $GPGSA,A,1,,,,,,,,,,,,,99.99,99.99,99.99,1*2D
[  403.8] $GPGSV,4,1,13,1,-4,030,26,3,21,034,,4,27,111,45,6,27,291,,1*73
[  403.8] $GPGSV,4,2,13,7,42,182,26,8,11,088,,9,41,150,45,11,14,256,,1*5B
[  403.8] $GPGSV,4,3,13,14,44,342,38,17,09,349,,21,13,216,,22,24,338,27,1*64
[  403.8] $GPGSV,4,4,13,30,42,247,24,1*54
[  403.8] $GPRMC,054235.37,V,,,,,,,090926,,,N,V*02
[  404.8] $GPGGA,054236.37,,,,,0,02,99.99,,M,,M,,*66
[  404.8] $GPGLL,,,,,054236.37,V,N*48
[  404.8] $GPGSA,A,1,,,,,,,,,,,,,99.99,99.99,99.99,1*2D
[  404.8] $GPGSV,3,1,12,3,21,034,,4,27,111,45,6,27,291,,7,42,182,25,1*67
[  404.8] $GPGSV,3,2,12,8,11,088,,9,41,150,45,11,14,256,,14,44,342,38,1*68
[  404.8] $GPGSV,3,3,12,17,09,349,,21,13,216,,22,24,338,25,30,42,247,23,1*6E
[  404.8] $GPRMC,054236.37,V,,,,,,,090926,,,N,V*01
[  405.9] $GPGGA,054237.37,,,,,0,02,99.99,,M,,M,,*67
[  405.9] $GPGLL,,,,,054237.37,V,N*49
[  405.9] $GPGSA,A,1,,,,,,,,,,,,,99.99,99.99,99.99,1*2D
[  405.9] $GPGSV,4,1,13,3,21,034,,4,27,111,45,6,27,291,,7,42,182,,1*66
[  405.9] $GPGSV,4,2,13,8,11,088,,9,41,150,45,11,14,256,,14,44,342,38,1*6E
[  405.9] $GPGSV,4,3,13,17,09,349,,19,-4,318,27,21,13,216,,22,24,338,25,1*73
[  405.9] $GPGSV,4,4,13,30,42,247,22,1*52
[  405.9] $GPRMC,054237.37,V,,,,,,,090926,,,N,V*00
[  406.9] $GPGGA,054238.37,,,,,0,02,99.99,,M,,M,,*68
[  406.9] $GPGLL,,,,,054238.37,V,N*46
[  406.9] $GPGSA,A,1,,,,,,,,,,,,,99.99,99.99,99.99,1*2D
[  406.9] $GPGSV,4,1,13,3,21,034,,4,27,111,45,6,27,291,,7,42,182,,1*66
[  406.9] $GPGSV,4,2,13,8,11,088,,9,41,150,45,11,14,256,,14,44,342,38,1*6E
[  406.9] $GPGSV,4,3,13,17,09,349,,19,-4,318,25,21,13,216,,22,24,338,24,1*70
[  406.9] $GPGSV,4,4,13,30,42,247,21,1*51
[  406.9] $GPRMC,054238.37,V,,,,,,,090926,,,N,V*0F
[  407.5] $GPGGA,054239.37,,,,,0,02,99.99,,M,,M,,*69
[  407.5] $GPGLL,,,,,054239.37,V,N*47
[  407.5] $GPGSA,A,1,,,,,,,,,,,,,99.99,99.99,99.99,1*2D
[  407.5] $GPGSV,4,1,13,3,21,034,,4,27,111,45,6,27,291,,7,42,182,,1*66
[  407.5] $GPGSV,4,2,13,8,11,088,,9,41,150,45,11,14,256,,14,44,342,38,1*6E
[  408.0] $GPGSV,4,3,13,17,09,349,,19,-4,318,25,21,13,216,,22,24,338,,1*76
[  408.0] $GPGSV,4,4,13,30,42,247,19,1*5A
[  408.0] $GPRMC,054239.37,V,,,,,,,090926,,,N,V*0E
[  408.5] $GPGGA,054240.37,,,,,0,02,99.99,,M,,M,,*67
[  408.5] $GPGLL,,,,,054240.37,V,N*49
[  408.5] $GPGSA,A,1,,,,,,,,,,,,,99.99,99.99,99.99,1*2D
[  408.5] $GPGSV,4,1,13,3,21,034,,4,27,111,45,6,27,291,,7,42,182,,1*66
[  408.5] $GPGSV,4,2,13,8,11,088,,9,41,150,45,11,14,256,27,14,44,342,38,1*6B
[  408.5] $GPGSV,4,3,13,17,09,349,,19,-4,318,25,21,13,216,,22,24,338,,1*76
[  408.5] $GPGSV,4,4,13,30,42,247,18,1*5B
[  408.5] $GPRMC,054240.37,V,,,,,,,090926,,,N,V*00
[  409.6] $GPGGA,054241.37,,,,,0,02,99.99,,M,,M,,*66
[  409.6] $GPGLL,,,,,054241.37,V,N*48
[  409.6] $GPGSA,A,1,,,,,,,,,,,,,99.99,99.99,99.99,1*2D
[  409.6] $GPGSV,3,1,12,3,21,034,,4,27,111,45,6,27,291,,7,42,182,26,1*64
[  409.6] $GPGSV,3,2,12,8,11,088,,9,41,150,45,11,14,256,26,14,44,342,38,1*6C
[  409.6] $GPGSV,3,3,12,17,09,349,,21,13,216,,22,24,338,,30,42,247,18,1*61
[  409.6] $GPRMC,054241.37,V,,,,,,,090926,,,N,V*01
[  410.6] $GPGGA,054242.37,,,,,0,02,99.99,,M,,M,,*65
[  410.6] $GPGLL,,,,,054242.37,V,N*4B
[  410.6] $GPGSA,A,1,,,,,,,,,,,,,99.99,99.99,99.99,1*2D
[  410.6] $GPGSV,3,1,12,3,21,034,,4,27,111,45,6,27,291,,7,42,182,25,1*67
[  410.6] $GPGSV,3,2,12,8,11,088,,9,41,150,45,11,14,256,,14,44,342,38,1*68
[  410.6] $GPGSV,3,3,12,17,09,349,,21,13,216,,22,24,338,,30,42,247,17,1*6E
[  410.6] $GPRMC,054242.37,V,,,,,,,090926,,,N,V*02
[  411.6] $GPGGA,054243.37,,,,,0,02,99.99,,M,,M,,*64
[  411.6] $GPGLL,,,,,054243.37,V,N*4A
[  411.6] $GPGSA,A,1,,,,,,,,,,,,,99.99,99.99,99.99,1*2D
[  411.6] $GPGSV,3,1,12,3,21,034,,4,27,111,45,6,27,291,,7,42,182,26,1*64
[  411.6] $GPGSV,3,2,12,8,11,088,,9,41,150,45,11,14,256,27,14,44,342,38,1*6D
[  411.6] $GPGSV,3,3,12,17,09,349,,21,13,216,,22,24,338,,30,42,247,16,1*6F
[  411.6] $GPRMC,054243.37,V,,,,,,,090926,,,N,V*03
[  412.7] $GPGGA,054244.37,,,,,0,02,99.99,,M,,M,,*63
[  412.7] $GPGLL,,,,,054244.37,V,N*4D
[  412.7] $GPGSA,A,1,,,,,,,,,,,,,99.99,99.99,99.99,1*2D
[  412.7] $GPGSV,3,1,12,3,21,034,,4,27,111,45,6,27,291,,7,42,182,,1*60
[  412.7] $GPGSV,3,2,12,8,11,088,,9,41,150,45,11,14,256,25,14,44,342,38,1*6F
[  412.7] $GPGSV,3,3,12,17,09,349,,21,13,216,,22,24,338,,30,42,247,12,1*6B
[  412.7] $GPRMC,054244.37,V,,,,,,,090926,,,N,V*04
[  413.7] $GPGGA,054245.37,,,,,0,02,99.99,,M,,M,,*62
[  413.7] $GPGLL,,,,,054245.37,V,N*4C
[  413.7] $GPGSA,A,1,,,,,,,,,,,,,99.99,99.99,99.99,1*2D
[  413.7] $GPGSV,4,1,13,1,-4,030,27,3,21,034,,4,27,111,45,6,27,291,,1*72
[  413.7] $GPGSV,4,2,13,7,42,182,,8,11,088,,9,41,150,45,11,14,256,25,1*58
[  413.7] $GPGSV,4,3,13,14,44,342,37,17,09,349,,21,13,216,,22,24,338,,1*6E
[  413.7] $GPGSV,4,4,13,30,42,247,04,1*56
[  413.7] $GPRMC,054245.37,V,,,,,,,090926,,,N,V*05
[  414.8] $GPGGA,054246.37,,,,,0,02,99.99,,M,,M,,*61
[  414.8] $GPGLL,,,,,054246.37,V,N*4F
[  414.8] $GPGSA,A,1,,,,,,,,,,,,,99.99,99.99,99.99,1*2D
[  414.8] $GPGSV,4,1,13,1,-4,030,25,3,21,034,,4,27,111,45,6,27,291,,1*70
[  414.8] $GPGSV,4,2,13,7,42,182,26,8,11,088,,9,41,150,45,11,14,256,25,1*5C
[  414.8] $GPGSV,4,3,13,14,44,342,37,17,09,349,,21,13,216,,22,24,338,,1*6E
[  414.8] $GPGSV,4,4,13,30,42,247,08,1*5A
[  414.8] $GPRMC,054246.37,V,,,,,,,090926,,,N,V*06
[  415.8] $GPGGA,054247.37,,,,,0,02,99.99,,M,,M,,*60
[  415.8] $GPGLL,,,,,054247.37,V,N*4E
[  415.8] $GPGSA,A,1,,,,,,,,,,,,,99.99,99.99,99.99,1*2D
[  415.8] $GPGSV,3,1,12,3,21,034,,4,27,111,45,6,27,291,,7,42,182,25,1*67
[  415.8] $GPGSV,3,2,12,8,11,088,,9,41,150,45,11,14,256,,14,44,342,38,1*68
[  415.8] $GPGSV,3,3,12,17,09,349,,21,13,216,,22,24,338,,30,42,247,26,1*6C
[  415.8] $GPRMC,054247.37,V,,,,,,,090926,,,N,V*07
[  416.9] $GPGGA,054248.37,,,,,0,02,99.99,,M,,M,,*6F
[  416.9] $GPGLL,,,,,054248.37,V,N*41
[  416.9] $GPGSA,A,1,,,,,,,,,,,,,99.99,99.99,99.99,1*2D
[  416.9] $GPGSV,3,1,12,3,21,034,,4,27,111,45,6,27,291,,7,42,182,25,1*67
[  416.9] $GPGSV,3,2,12,8,11,088,,9,41,150,45,11,14,256,28,14,44,342,37,1*6D
[  416.9] $GPGSV,3,3,12,17,09,349,25,21,13,216,,22,24,338,,30,42,247,22,1*6F
[  416.9] $GPRMC,054248.37,V,,,,,,,090926,,,N,V*08
[  417.9] $GPGGA,054249.37,,,,,0,02,99.99,,M,,M,,*6E
[  417.9] $GPGLL,,,,,054249.37,V,N*40
[  417.9] $GPGSA,A,1,,,,,,,,,,,,,99.99,99.99,99.99,1*2D
[  417.9] $GPGSV,4,1,13,2,-13,047,42,3,21,034,,4,27,111,45,6,27,291,,1*44
[  417.9] $GPGSV,4,2,13,7,42,182,25,8,11,088,,9,41,150,45,11,14,256,25,1*5F
[  417.9] $GPGSV,4,3,13,14,44,342,38,17,09,349,25,21,13,216,,22,24,338,,1*66
[  417.9] $GPGSV,4,4,13,30,42,247,,1*52
[  417.9] $GPRMC,054249.37,V,,,,,,,090926,,,N,V*09
[  418.9] $GPGGA,054250.37,,,,,0,02,99.99,,M,,M,,*66
[  418.9] $GPGLL,,,,,054250.37,V,N*48
[  418.9] $GPGSA,A,1,,,,,,,,,,,,,99.99,99.99,99.99,1*2D
[  418.9] $GPGSV,4,1,13,2,-13,047,27,3,21,034,,4,27,111,45,6,27,291,,1*47
[  418.9] $GPGSV,4,2,13,7,42,182,,8,11,088,,9,41,150,45,11,14,256,25,1*58
[  418.9] $GPGSV,4,3,13,14,44,342,37,17,09,349,25,21,13,216,,22,24,338,,1*69
[  418.9] $GPGSV,4,4,13,30,42,247,,1*52
[  418.9] $GPRMC,054250.37,V,,,,,,,090926,,,N,V*01
[  419.5] $GPGGA,054251.37,,,,,0,02,99.99,,M,,M,,*67
[  419.5] $GPGLL,,,,,054251.37,V,N*49
[  419.5] $GPGSA,A,1,,,,,,,,,,,,,99.99,99.99,99.99,1*2D
[  419.5] $GPGSV,4,1,13,2,-13,047,26,3,21,034,27,4,27,111,45,6,27,291,,1*43
[  419.5] $GPGSV,4,2,13,7,42,182,,8,11,088,,9,41,150,45,11,14,256,24,1*59
[  419.5] $GPGSV,4,3,13,14,44,342,37,17,09,349,25,21,13,216,,22,24,338,,1*69
[  419.5] $GPGSV,4,4,13,30,42,247,,1*52
[  419.5] $GPRMC,054251.37,V,,,,,,,090926,,,N,V*00
[  420.5] $GPGGA,054252.37,,,,,0,02,99.99,,M,,M,,*64
[  420.5] $GPGLL,,,,,054252.37,V,N*4A
[  420.5] $GPGSA,A,1,,,,,,,,,,,,,99.99,99.99,99.99,1*2D
[  420.5] $GPGSV,4,1,13,2,-13,047,25,3,21,034,26,4,27,111,45,6,27,291,,1*41
[  420.5] $GPGSV,4,2,13,7,42,182,,8,11,088,,9,41,150,45,11,14,256,,1*5F
[  420.5] $GPGSV,4,3,13,14,44,342,37,17,09,349,,21,13,216,,22,24,338,,1*6E
[  420.5] $GPGSV,4,4,13,30,42,247,,1*52
[  420.5] $GPRMC,054252.37,V,,,,,,,090926,,,N,V*03
[  421.6] $GPGGA,054253.37,,,,,0,02,99.99,,M,,M,,*65
[  421.6] $GPGLL,,,,,054253.37,V,N*4B
[  421.6] $GPGSA,A,1,,,,,,,,,,,,,99.99,99.99,99.99,1*2D
[  421.6] $GPGSV,3,1,12,3,21,034,24,4,27,111,45,6,27,291,,7,42,182,,1*66
[  421.6] $GPGSV,3,2,12,8,11,088,,9,41,150,45,11,14,256,,14,44,342,37,1*67
[  421.6] $GPGSV,3,3,12,17,09,349,,21,13,216,,22,24,338,28,30,42,247,,1*62
[  421.6] $GPRMC,054253.37,V,,,,,,,090926,,,N,V*02
[  422.6] $GPGGA,054254.37,,,,,0,02,99.99,,M,,M,,*62
[  422.6] $GPGLL,,,,,054254.37,V,N*4C
[  422.6] $GPGSA,A,1,,,,,,,,,,,,,99.99,99.99,99.99,1*2D
[  422.6] $GPGSV,3,1,12,3,21,034,25,4,27,111,45,6,27,291,,7,42,182,,1*67
[  422.6] $GPGSV,3,2,12,8,11,088,,9,41,150,45,11,14,256,,14,44,342,37,1*67
[  422.6] $GPGSV,3,3,12,17,09,349,,21,13,216,,22,24,338,25,30,42,247,,1*6F
[  422.6] $GPRMC,054254.37,V,,,,,,,090926,,,N,V*05
[  423.7] $GPGGA,054255.37,,,,,0,02,99.99,,M,,M,,*63
[  423.7] $GPGLL,,,,,054255.37,V,N*4D
[  423.7] $GPGSA,A,1,,,,,,,,,,,,,99.99,99.99,99.99,1*2D
[  423.7] $GPGSV,3,1,12,3,21,034,,4,27,111,46,6,27,291,,7,42,182,,1*63
[  423.7] $GPGSV,3,2,12,8,11,088,,9,41,150,45,11,14,256,,14,44,342,37,1*67
[  423.7] $GPGSV,3,3,12,17,09,349,,21,13,216,,22,24,338,25,30,42,247,,1*6F
[  423.7] $GPRMC,054255.37,V,,,,,,,090926,,,N,V*04
[  424.7] $GPGGA,054256.37,,,,,0,02,99.99,,M,,M,,*60
[  424.7] $GPGLL,,,,,054256.37,V,N*4E
[  424.7] $GPGSA,A,1,,,,,,,,,,,,,99.99,99.99,99.99,1*2D
[  424.7] $GPGSV,4,1,13,3,21,034,,4,27,111,45,6,27,291,,7,42,182,,1*66
[  424.7] $GPGSV,4,2,13,8,11,088,,9,41,150,45,11,14,256,,14,44,342,37,1*61
[  424.7] $GPGSV,4,3,13,17,09,349,,21,13,216,,22,24,338,25,24,-30,313,26,1*40
[  424.7] $GPGSV,4,4,13,30,42,247,,1*52
[  424.7] $GPRMC,054256.37,V,,,,,,,090926,,,N,V*07
[  425.8] $GPGGA,054257.37,,,,,0,02,99.99,,M,,M,,*61
[  425.8] $GPGLL,,,,,054257.37,V,N*4F
[  425.8] $GPGSA,A,1,,,,,,,,,,,,,99.99,99.99,99.99,1*2D
[  425.8] $GPGSV,4,1,13,3,21,034,,4,27,111,46,6,27,291,,7,42,182,,1*65
[  425.8] $GPGSV,4,2,13,8,11,088,,9,41,150,46,11,14,256,26,14,44,342,37,1*66
[  425.8] $GPGSV,4,3,13,17,09,349,,21,13,216,,22,24,338,,24,-30,313,24,1*45
[  425.8] $GPGSV,4,4,13,30,42,247,,1*52
[  425.8] $GPRMC,054257.37,V,,,,,,,090926,,,N,V*06
[  426.8] $GPGGA,054258.37,,,,,0,02,99.99,,M,,M,,*6E
[  426.8] $GPGLL,,,,,054258.37,V,N*40
[  426.8] $GPGSA,A,1,,,,,,,,,,,,,99.99,99.99,99.99,1*2D
[  426.8] $GPGSV,4,1,14,3,21,034,,4,27,111,45,6,27,291,,7,42,182,,1*61
[  426.8] $GPGSV,4,2,14,8,11,088,,9,41,150,45,11,14,256,24,14,44,342,37,1*60
[  426.8] $GPGSV,4,3,14,15,-41,260,25,17,09,349,,21,13,216,,22,24,338,,1*42
[  426.8] $GPGSV,4,4,14,24,-30,313,25,30,42,247,,1*4B
[  426.8] $GPRMC,054258.37,V,,,,,,,090926,,,N,V*09
[  427.9] $GPGGA,054259.37,,,,,0,02,99.99,,M,,M,,*6F
[  427.9] $GPGLL,,,,,054259.37,V,N*41
[  427.9] $GPGSA,A,1,,,,,,,,,,,,,99.99,99.99,99.99,1*2D
[  427.9] $GPGSV,4,1,13,3,21,034,,4,27,111,45,6,27,291,,7,42,182,,1*66
[  427.9] $GPGSV,4,2,13,8,11,088,,9,41,150,45,11,14,256,25,14,44,342,37,1*66
[  427.9] $GPGSV,4,3,13,17,09,349,,21,13,216,,22,24,338,,24,-30,313,24,1*45
[  427.9] $GPGSV,4,4,13,30,42,247,,1*52
[  427.9] $GPRMC,054259.37,V,,,,,,,090926,,,N,V*08
[  428.9] $GPGGA,054300.37,,,,,0,03,99.99,,M,,M,,*63
[  428.9] $GPGLL,,,,,054300.37,V,N*4C
[  428.9] $GPGSA,A,1,,,,,,,,,,,,,99.99,99.99,99.99,1*2D
[  428.9] $GPGSV,1,1,4,4,,,45,9,,,45,11,,,24,14,,,37,1*5A
[  428.9] $GPRMC,054300.37,V,,,,,,,090926,,,N,V*05
[  429.4] $GPGGA,054301.37,,,,,0,03,99.99,,M,,M,,*62
[  429.4] $GPGLL,,,,,054301.37,V,N*4D
[  429.4] $GPGSA,A,1,,,,,,,,,,,,,99.99,99.99,99.99,1*2D
[  430.0] $GPGSV,2,1,5,4,,,45,9,,,45,14,,,37,15,,,26,1*5E
[  430.0] $GPGSV,2,2,5,19,,,26,1*5D
[  430.0] $GPRMC,054301.37,V,,,,,,,090926,,,N,V*04
[  430.5] $GPGGA,054302.37,,,,,0,03,99.99,,M,,M,,*61
[  430.5] $GPGLL,,,,,054302.37,V,N*4E
[  430.5] $GPGSA,A,1,,,,,,,,,,,,,99.99,99.99,99.99,1*2D
[  430.5] $GPGSV,2,1,6,3,,,42,4,,,45,9,,,45,14,,,37,1*68
[  430.5] $GPGSV,2,2,6,15,,,25,19,,,25,1*5E
[  430.5] $GPRMC,054302.37,V,,,,,,,090926,,,N,V*07
[  431.5] $GPGGA,054303.37,,,,,0,03,99.99,,M,,M,,*60
[  431.5] $GPGLL,,,,,054303.37,V,N*4F
[  431.5] $GPGSA,A,1,,,,,,,,,,,,,99.99,99.99,99.99,1*2D
[  431.5] $GPGSV,2,1,7,3,,,27,4,,,45,8,,,28,9,,,45,1*59
[  431.5] $GPGSV,2,2,7,14,,,37,15,,,25,19,,,24,1*5F
[  431.5] $GPRMC,054303.37,V,,,,,,,090926,,,N,V*06
[  432.6] $GPGGA,054304.37,,,,,0,03,99.99,,M,,M,,*67
[  432.6] $GPGLL,,,,,054304.37,V,N*48
[  432.6] $GPGSA,A,1,,,,,,,,,,,,,99.99,99.99,99.99,1*2D
[  432.6] $GPGSV,2,1,6,3,,,25,4,,,45,8,,,25,9,,,45,1*57
[  432.6] $GPGSV,2,2,6,14,,,37,19,,,24,1*5D
[  432.6] $GPRMC,054304.37,V,,,,,,,090926,,,N,V*01
[  433.6] $GPGGA,054305.37,,,,,0,03,99.99,,M,,M,,*66
[  433.6] $GPGLL,,,,,054305.37,V,N*49
[  433.6] $GPGSA,A,1,,,,,,,,,,,,,99.99,99.99,99.99,1*2D
[  433.6] $GPGSV,2,1,5,3,,,25,4,,,45,8,,,24,9,,,45,1*55
[  433.6] $GPGSV,2,2,5,14,,,37,1*50
[  433.6] $GPRMC,054305.37,V,,,,,,,090926,,,N,V*00
[  434.7] $GPGGA,054306.37,,,,,0,03,99.99,,M,,M,,*65
[  434.7] $GPGLL,,,,,054306.37,V,N*4A
[  434.7] $GPGSA,A,1,,,,,,,,,,,,,99.99,99.99,99.99,1*2D
[  434.7] $GPGSV,2,1,5,4,,,45,7,,,28,8,,,25,9,,,45,1*5D
[  434.7] $GPGSV,2,2,5,14,,,37,1*50
[  434.7] $GPRMC,054306.37,V,,,,,,,090926,,,N,V*03
[  435.7] $GPGGA,054307.37,,,,,0,03,99.99,,M,,M,,*64
[  435.7] $GPGLL,,,,,054307.37,V,N*4B
[  435.7] $GPGSA,A,1,,,,,,,,,,,,,99.99,99.99,99.99,1*2D
[  435.7] $GPGSV,1,1,4,4,,,45,7,,,25,9,,,45,14,,,37,1*6C
[  435.7] $GPRMC,054307.37,V,,,,,,,090926,,,N,V*02
[  436.8] $GPGGA,054308.37,,,,,0,03,99.99,,M,,M,,*6B
[  436.8] $GPGLL,,,,,054308.37,V,N*44
[  436.8] $GPGSA,A,1,,,,,,,,,,,,,99.99,99.99,99.99,1*2D
[  436.8] $GPGSV,1,1,4,4,,,45,7,,,24,9,,,45,14,,,37,1*6D
[  436.8] $GPRMC,054308.37,V,,,,,,,090926,,,N,V*0D
[  437.8] $GPGGA,054309.37,,,,,0,03,99.99,,M,,M,,*6A
[  437.8] $GPGLL,,,,,054309.37,V,N*45
[  437.8] $GPGSA,A,1,,,,,,,,,,,,,99.99,99.99,99.99,1*2D
[  437.8] $GPGSV,2,1,6,3,,,25,4,,,45,7,,,25,9,,,45,1*58
[  437.8] $GPGSV,2,2,6,14,,,37,197,,,28,1*66
[  437.8] $GPRMC,054309.37,V,,,,,,,090926,,,N,V*0C
[  438.9] $GPGGA,054310.37,,,,,0,03,99.99,,M,,M,,*62
[  438.9] $GPGLL,,,,,054310.37,V,N*4D
[  438.9] $GPGSA,A,1,,,,,,,,,,,,,99.99,99.99,99.99,1*2D
[  438.9] $GPGSV,2,1,5,3,,,25,4,,,45,9,,,45,14,,,37,1*6A
[  438.9] $GPGSV,2,2,5,197,,,26,1*6A
[  438.9] $GPRMC,054310.37,V,,,,,,,090926,,,N,V*04
[  439.9] $GPGGA,054311.37,,,,,0,03,99.99,,M,,M,,*63
[  439.9] $GPGLL,,,,,054311.37,V,N*4C
[  439.9] $GPGSA,A,1,,,,,,,,,,,,,99.99,99.99,99.99,1*2D
[  439.9] $GPGSV,1,1,4,4,,,45,9,,,45,14,,,37,197,,,25,1*64
[  439.9] $GPRMC,054311.37,V,,,,,,,090926,,,N,V*05
[  440.5] $GPGGA,054312.37,,,,,0,03,99.99,,M,,M,,*60
[  440.5] $GPGLL,,,,,054312.37,V,N*4F
[  440.5] $GPGSA,A,1,,,,,,,,,,,,,99.99,99.99,99.99,1*2D
[  440.5] $GPGSV,1,1,4,4,,,45,9,,,45,14,,,37,197,,,25,1*64
[  440.5] $GPRMC,054312.37,V,,,,,,,090926,,,N,V*06
[  441.5] $GPGGA,054313.37,,,,,0,03,99.99,,M,,M,,*61
[  441.5] $GPGLL,,,,,054313.37,V,N*4E
[  441.5] $GPGSA,A,1,,,,,,,,,,,,,99.99,99.99,99.99,1*2D
[  441.5] $GPGSV,1,1,3,4,,,46,9,,,46,14,,,37,1*5B
[  441.5] $GPRMC,054313.37,V,,,,,,,090926,,,N,V*07
[  442.6] $GPGGA,054314.37,,,,,0,03,99.99,,M,,M,,*66
[  442.6] $GPGLL,,,,,054314.37,V,N*49
[  442.6] $GPGSA,A,1,,,,,,,,,,,,,99.99,99.99,99.99,1*2D
[  442.6] $GPGSV,1,1,3,4,,,46,9,,,46,14,,,37,1*5B
[  442.6] $GPRMC,054314.37,V,,,,,,,090926,,,N,V*00
[  443.6] $GPGGA,054315.37,,,,,0,03,99.99,,M,,M,,*67
[  443.6] $GPGLL,,,,,054315.37,V,N*48
[  443.6] $GPGSA,A,1,,,,,,,,,,,,,99.99,99.99,99.99,1*2D
[  443.6] $GPGSV,1,1,3,4,,,45,9,,,46,14,,,37,1*58
[  443.6] $GPRMC,054315.37,V,,,,,,,090926,,,N,V*01
[  444.7] $GPGGA,054316.37,,,,,0,03,99.99,,M,,M,,*64
[  444.7] $GPGLL,,,,,054316.37,V,N*4B
[  444.7] $GPGSA,A,1,,,,,,,,,,,,,99.99,99.99,99.99,1*2D
[  444.7] $GPGSV,1,1,3,4,,,45,9,,,46,14,,,37,1*58
[  444.7] $GPRMC,054316.37,V,,,,,,,090926,,,N,V*02
[  445.7] $GPGGA,054317.37,,,,,0,03,99.99,,M,,M,,*65
[  445.7] $GPGLL,,,,,054317.37,V,N*4A
[  445.7] $GPGSA,A,1,,,,,,,,,,,,,99.99,99.99,99.99,1*2D
[  445.7] $GPGSV,1,1,3,4,,,46,9,,,46,14,,,37,1*5B
[  445.7] $GPRMC,054317.37,V,,,,,,,090926,,,N,V*03
[  446.8] $GPGGA,054318.37,,,,,0,03,99.99,,M,,M,,*6A
[  446.8] $GPGLL,,,,,054318.37,V,N*45
[  446.8] $GPGSA,A,1,,,,,,,,,,,,,99.99,99.99,99.99,1*2D
[  446.8] $GPGSV,1,1,3,4,,,46,9,,,46,14,,,37,1*5B
[  446.8] $GPRMC,054318.37,V,,,,,,,090926,,,N,V*0C
[  447.8] $GPGGA,054319.37,,,,,0,03,99.99,,M,,M,,*6B
[  447.8] $GPGLL,,,,,054319.37,V,N*44
[  447.8] $GPGSA,A,1,,,,,,,,,,,,,99.99,99.99,99.99,1*2D
[  447.8] $GPGSV,1,1,3,4,,,46,9,,,46,14,,,37,1*5B
[  447.8] $GPRMC,054319.37,V,,,,,,,090926,,,N,V*0D
[  448.9] $GPGGA,054320.37,,,,,0,03,99.99,,M,,M,,*61
[  448.9] $GPGLL,,,,,054320.37,V,N*4E
[  448.9] $GPGSA,A,1,,,,,,,,,,,,,99.99,99.99,99.99,1*2D
[  448.9] $GPGSV,1,1,4,4,,,46,9,,,46,14,,,37,15,,,30,1*5B
[  448.9] $GPRMC,054320.37,V,,,,,,,090926,,,N,V*07
[  449.9] $GPGGA,054321.37,,,,,0,03,99.99,,M,,M,,*60
[  449.9] $GPGLL,,,,,054321.37,V,N*4F
[  449.9] $GPGSA,A,1,,,,,,,,,,,,,99.99,99.99,99.99,1*2D
[  449.9] $GPGSV,1,1,4,4,,,46,9,,,46,14,,,37,15,,,25,1*5F
[  449.9] $GPRMC,054321.37,V,,,,,,,090926,,,N,V*06
[  451.0] $GPGGA,054322.37,,,,,0,03,99.99,,M,,M,,*63
[  451.0] $GPGLL,,,,,054322.37,V,N*4C
[  451.0] $GPGSA,A,1,,,,,,,,,,,,,99.99,99.99,99.99,1*2D
[  451.0] $GPGSV,1,1,4,4,,,46,9,,,46,14,,,37,15,,,25,1*5F
[  451.0] $GPRMC,054322.37,V,,,,,,,090926,,,N,V*05
[  451.5] $GPGGA,054323.37,,,,,0,03,99.99,,M,,M,,*62
[  451.5] $GPGLL,,,,,054323.37,V,N*4D
[  451.5] $GPGSA,A,1,,,,,,,,,,,,,99.99,99.99,99.99,1*2D
[  451.5] $GPGSV,2,1,5,4,,,46,5,,,29,9,,,46,14,,,37,1*60
[  451.5] $GPGSV,2,2,5,15,,,25,1*52
[  451.5] $GPRMC,054323.37,V,,,,,,,090926,,,N,V*04
[  452.5] $GPGGA,054324.37,,,,,0,03,99.99,,M,,M,,*65
[  452.5] $GPGLL,,,,,054324.37,V,N*4A
[  452.5] $GPGSA,A,1,,,,,,,,,,,,,99.99,99.99,99.99,1*2D
[  452.5] $GPGSV,2,1,5,2,,,27,4,,,46,5,,,26,9,,,46,1*59
[  452.5] $GPGSV,2,2,5,14,,,36,1*51
[  452.5] $GPRMC,054324.37,V,,,,,,,090926,,,N,V*03
[  453.6] $GPGGA,054325.37,,,,,0,03,99.99,,M,,M,,*64
[  453.6] $GPGLL,,,,,054325.37,V,N*4B
[  453.6] $GPGSA,A,1,,,,,,,,,,,,,99.99,99.99,99.99,1*2D
[  453.6] $GPGSV,2,1,5,2,,,25,4,,,46,5,,,25,9,,,46,1*58
[  453.6] $GPGSV,2,2,5,14,,,36,1*51
[  453.6] $GPRMC,054325.37,V,,,,,,,090926,,,N,V*02
[  454.6] $GPGGA,054326.37,,,,,0,03,99.99,,M,,M,,*67
[  454.6] $GPGLL,,,,,054326.37,V,N*48
[  454.6] $GPGSA,A,1,,,,,,,,,,,,,99.99,99.99,99.99,1*2D
[  454.6] $GPGSV,2,1,6,2,,,24,4,,,46,5,,,24,9,,,46,1*5B
[  454.6] $GPGSV,2,2,6,11,,,29,14,,,36,1*59
[  454.6] $GPRMC,054326.37,V,,,,,,,090926,,,N,V*01
[  455.7] $GPGGA,054327.37,,,,,0,03,99.99,,M,,M,,*66
[  455.7] $GPGLL,,,,,054327.37,V,N*49
[  455.7] $GPGSA,A,1,,,,,,,,,,,,,99.99,99.99,99.99,1*2D
[  455.7] $GPGSV,2,1,6,2,,,24,4,,,46,9,,,46,11,,,25,1*6F
[  455.7] $GPGSV,2,2,6,14,,,36,27,,,26,1*53
[  455.7] $GPRMC,054327.37,V,,,,,,,090926,,,N,V*00
[  456.7] $GPGGA,054328.37,,,,,0,03,99.99,,M,,M,,*69
[  456.7] $GPGLL,,,,,054328.37,V,N*46
[  456.7] $GPGSA,A,1,,,,,,,,,,,,,99.99,99.99,99.99,1*2D
[  456.7] $GPGSV,1,1,4,4,,,46,9,,,46,11,,,26,14,,,36,1*59
[  456.7] $GPRMC,054328.37,V,,,,,,,090926,,,N,V*0F
[  457.8] $GPGGA,054329.37,,,,,0,03,99.99,,M,,M,,*68
[  457.8] $GPGLL,,,,,054329.37,V,N*47
[  457.8] $GPGSA,A,1,,,,,,,,,,,,,99.99,99.99,99.99,1*2D
[  457.8] $GPGSV,1,1,4,4,,,46,9,,,46,11,,,25,14,,,35,1*59
[  457.8] $GPRMC,054329.37,V,,,,,,,090926,,,N,V*0E
[  458.8] $GPGGA,054330.37,,,,,0,03,99.99,,M,,M,,*60
[  458.8] $GPGLL,,,,,054330.37,V,N*4F
[  458.8] $GPGSA,A,1,,,,,,,,,,,,,99.99,99.99,99.99,1*2D
[  458.8] $GPGSV,1,1,4,4,,,46,9,,,46,14,,,35,22,,,26,1*5A
[  458.8] $GPRMC,054330.37,V,,,,,,,090926,,,N,V*06
[  459.9] $GPGGA,054331.37,,,,,0,03,99.99,,M,,M,,*61
[  459.9] $GPGLL,,,,,054331.37,V,N*4E
[  459.9] $GPGSA,A,1,,,,,,,,,,,,,99.99,99.99,99.99,1*2D
[  459.9] $GPGSV,2,1,7,4,,,45,8,,,26,9,,,45,14,,,35,1*62
[  459.9] $GPGSV,2,2,7,15,,,26,22,,,25,197,,,27,1*6E
[  459.9] $GPRMC,054331.37,V,,,,,,,090926,,,N,V*07
[  460.9] $GPGGA,054332.37,,,,,0,03,99.99,,M,,M,,*62
[  460.9] $GPGLL,,,,,054332.37,V,N*4D
[  460.9] $GPGSA,A,1,,,,,,,,,,,,,99.99,99.99,99.99,1*2D
[  460.9] $GPGSV,2,1,7,4,,,45,8,,,25,9,,,45,14,,,35,1*61
[  460.9] $GPGSV,2,2,7,15,,,25,22,,,25,197,,,25,1*6F
[  460.9] $GPRMC,054332.37,V,,,,,,,090926,,,N,V*04
[  461.5] $GPGGA,054333.37,,,,,0,03,99.99,,M,,M,,*63
[  461.5] $GPGLL,,,,,054333.37,V,N*4C
[  461.5] $GPGSA,A,1,,,,,,,,,,,,,99.99,99.99,99.99,1*2D
[  461.5] $GPGSV,2,1,5,4,,,46,8,,,24,9,,,45,14,,,35,1*61
[  461.5] $GPGSV,2,2,5,197,,,24,1*68
[  461.5] $GPRMC,054333.37,V,,,,,,,090926,,,N,V*05
[  462.5] $GPGGA,054334.37,,,,,0,03,99.99,,M,,M,,*64
[  462.5] $GPGLL,,,,,054334.37,V,N*4B
[  462.5] $GPGSA,A,1,,,,,,,,,,,,,99.99,99.99,99.99,1*2D
[  462.5] $GPGSV,1,1,4,4,,,45,9,,,45,14,,,35,197,,,25,1*66
[  462.5] $GPRMC,054334.37,V,,,,,,,090926,,,N,V*02
[  463.6] $GPGGA,054335.37,,,,,0,03,99.99,,M,,M,,*65
[  463.6] $GPGLL,,,,,054335.37,V,N*4A
[  463.6] $GPGSA,A,1,,,,,,,,,,,,,99.99,99.99,99.99,1*2D
[  463.6] $GPGSV,1,1,3,4,,,46,9,,,45,14,,,35,1*5A
[  463.6] $GPRMC,054335.37,V,,,,,,,090926,,,N,V*03
[  464.6] $GPGGA,054336.37,,,,,0,03,99.99,,M,,M,,*66
[  464.6] $GPGLL,,,,,054336.37,V,N*49
[  464.6] $GPGSA,A,1,,,,,,,,,,,,,99.99,99.99,99.99,1*2D
[  464.6] $GPGSV,2,1,5,3,,,25,4,,,46,9,,,45,14,,,35,1*6B
[  464.6] $GPGSV,2,2,5,15,,,26,1*51
[  464.6] $GPRMC,054336.37,V,,,,,,,090926,,,N,V*00
[  465.7] $GPGGA,054337.37,,,,,0,03,99.99,,M,,M,,*67
[  465.7] $GPGLL,,,,,054337.37,V,N*48
[  465.7] $GPGSA,A,1,,,,,,,,,,,,,99.99,99.99,99.99,1*2D
[  465.7] $GPGSV,2,1,7,2,,,26,3,,,25,4,,,45,5,,,26,1*56
[  465.7] $GPGSV,2,2,7,9,,,45,14,,,34,15,,,26,1*69
[  465.7] $GPRMC,054337.37,V,,,,,,,090926,,,N,V*01
[    0.5] *** Booting nRF Connect SDK v3.4.0-99553055607b ***
[    0.5] *** Using Zephyr OS v4.4.0-bf801e4e3d19 ***
[    0.5] [00:00:00.380,798] <inf> gnss_sample: Starting GNSS sample
[    1.0] [00:00:00.686,767] <inf> gnss_sample: Wrote factory almanac
[    1.0] [00:00:00.740,356] <inf> gnss_sample: Deleting GNSS data
[    1.0] [00:00:00.752,838] <inf> gnss_sample: Assistance data needed: data_flags: 0x3f
[    1.0] [00:00:00.760,467] <inf> gnss_sample: Assistance data needed: GPS ephe: 0xffffffff, alm: 0xffffffff
[    1.0] [00:00:00.769,927] <inf> gnss_sample: Connecting to LTE network
[   27.3] +CEREG: 2,"C577","0AAEEA15",7
[   27.8] +CSCON: 1
[   27.8] +CEREG: 1,"C577","0AAEEA15",7,,,"00000011","00101000"
[   27.8] [00:00:27.575,683] <inf> gnss_sample: Connected to LTE network
[   28.8] [00:00:28.585,937] <inf> gnss_sample: Injected time (GPS day 17048, GPS time of day 20747)
[   28.8] [00:00:28.596,221] <inf> gnss_sample: Injected location for MCC 724
[   28.8] +CEREG: 0
[   29.4] +CSCON: 0
[   29.4] [00:00:28.908,264] <inf> gnss_sample: LTE disconnected
[   29.4] [00:00:28.913,787] <inf> gnss_sample: Starting GNSS
[   29.4] $GPGGA,054529.37,,,,,0,,99.99,,M,,M,,*6D
[   29.4] $GPGLL,,,,,054529.37,V,N*41
[   29.4] $GPGSA,A,1,,,,,,,,,,,,,99.99,99.99,99.99,1*2D
[   29.4] $GPGSV,3,1,12,3,20,033,,4,27,109,,6,26,293,,7,41,180,,1*6C
[   29.4] $GPGSV,3,2,12,8,11,090,,9,41,150,,11,14,258,,14,46,342,,1*67
[   29.4] $GPGSV,3,3,12,17,09,350,,21,14,216,,22,25,338,,30,42,245,,1*64
[   29.4] $GPRMC,054529.37,V,,,,,,,090926,,,N,V*08
[   30.4] $GPGGA,054530.37,,,,,0,,99.99,,M,,M,,*65
[   30.4] $GPGLL,,,,,054530.37,V,N*49
[   30.4] $GPGSA,A,1,,,,,,,,,,,,,99.99,99.99,99.99,1*2D
[   30.4] $GPGSV,3,1,12,3,20,033,,4,27,109,50,6,26,293,,7,41,180,,1*69
[   30.4] $GPGSV,3,2,12,8,11,090,,9,41,150,48,11,14,258,,14,46,342,,1*6B
[   30.4] $GPGSV,3,3,12,17,09,350,,21,14,216,,22,25,338,,30,42,245,,1*64
[   30.4] $GPRMC,054530.37,V,,,,,,,090926,,,N,V*00
[   31.5] $GPGGA,054531.37,,,,,0,,99.99,,M,,M,,*64
[   31.5] $GPGLL,,,,,054531.37,V,N*48
[   31.5] $GPGSA,A,1,,,,,,,,,,,,,99.99,99.99,99.99,1*2D
[   31.5] $GPGSV,3,1,12,3,20,033,,4,27,109,50,6,26,293,,7,41,180,,1*69
[   31.5] $GPGSV,3,2,12,8,11,090,,9,41,150,48,11,14,258,,14,46,342,37,1*6F
[   31.5] $GPGSV,3,3,12,17,09,350,,21,14,216,,22,25,338,,30,42,245,,1*64
[   31.5] $GPRMC,054531.37,V,,,,,,,090926,,,N,V*01
[   32.5] $GPGGA,054532.37,,,,,0,,99.99,,M,,M,,*67
[   32.5] $GPGLL,,,,,054532.37,V,N*4B
[   32.5] $GPGSA,A,1,,,,,,,,,,,,,99.99,99.99,99.99,1*2D
[   32.5] $GPGSV,3,1,12,3,20,033,,4,27,109,50,6,26,293,,7,41,180,,1*69
[   32.5] $GPGSV,3,2,12,8,11,090,,9,41,150,48,11,14,258,,14,46,342,37,1*6F
[   32.5] $GPGSV,3,3,12,17,09,350,,21,14,216,,22,25,338,,30,42,245,,1*64
[   32.5] $GPRMC,054532.37,V,,,,,,,090926,,,N,V*02
[   33.5] $GPGGA,054533.37,,,,,0,,99.99,,M,,M,,*66
[   33.5] $GPGLL,,,,,054533.37,V,N*4A
[   33.5] $GPGSA,A,1,,,,,,,,,,,,,99.99,99.99,99.99,1*2D
[   33.5] $GPGSV,3,1,12,3,20,033,,4,27,109,50,6,26,293,,7,41,180,,1*69
[   33.5] $GPGSV,3,2,12,8,11,090,,9,41,150,48,11,14,258,,14,46,342,37,1*6F
[   33.5] $GPGSV,3,3,12,17,09,350,,21,14,216,,22,25,338,,30,42,245,,1*64
[   33.5] $GPRMC,054533.37,V,,,,,,,090926,,,N,V*03
[   34.6] $GPGGA,054534.37,,,,,0,,99.99,,M,,M,,*61
[   34.6] $GPGLL,,,,,054534.37,V,N*4D
[   34.6] $GPGSA,A,1,,,,,,,,,,,,,99.99,99.99,99.99,1*2D
[   34.6] $GPGSV,3,1,12,3,20,033,,4,27,109,45,6,26,293,,7,41,180,,1*6D
[   34.6] $GPGSV,3,2,12,8,11,090,,9,41,150,48,11,14,258,,14,46,342,37,1*6F
[   34.6] $GPGSV,3,3,12,17,09,350,,21,14,216,,22,25,338,,30,42,245,,1*64
[   34.6] $GPRMC,054534.37,V,,,,,,,090926,,,N,V*04
[   35.1] $GPGGA,054535.37,,,,,0,,99.99,,M,,M,,*60
[   35.1] $GPGLL,,,,,054535.37,V,N*4C
[   35.1] $GPGSA,A,1,,,,,,,,,,,,,99.99,99.99,99.99,1*2D
[   35.1] $GPGSV,3,1,12,3,20,033,,4,27,109,45,6,26,293,,7,41,180,,1*6D
[   35.1] $GPGSV,3,2,12,8,11,090,,9,41,150,48,11,14,258,,14,46,342,37,1*6F
[   35.1] $GPGSV,3,3,12,17,09,350,,21,14,216,,22,25,338,,30,42,245,,1*64
[   35.1] $GPRMC,054535.37,V,,,,,,,090926,,,N,V*05
[   36.2] $GPGGA,054536.37,,,,,0,,99.99,,M,,M,,*63
[   36.2] $GPGLL,,,,,054536.37,V,N*4F
[   36.2] $GPGSA,A,1,,,,,,,,,,,,,99.99,99.99,99.99,1*2D
[   36.2] $GPGSV,3,1,12,3,20,033,,4,27,109,45,6,26,293,,7,41,180,,1*6D
[   36.2] $GPGSV,3,2,12,8,11,090,,9,41,150,48,11,14,258,,14,46,342,37,1*6F
[   36.2] $GPGSV,3,3,12,17,09,350,,21,14,216,,22,25,338,,30,42,245,,1*64
[   36.2] $GPRMC,054536.37,V,,,,,,,090926,,,N,V*06
[   37.2] $GPGGA,054537.37,,,,,0,,99.99,,M,,M,,*62
[   37.2] $GPGLL,,,,,054537.37,V,N*4E
[   37.2] $GPGSA,A,1,,,,,,,,,,,,,99.99,99.99,99.99,1*2D
[   37.2] $GPGSV,3,1,12,3,20,033,,4,27,109,45,6,26,293,,7,41,180,,1*6D
[   37.2] $GPGSV,3,2,12,8,11,090,,9,41,150,48,11,14,258,,14,46,342,33,1*6B
[   37.2] $GPGSV,3,3,12,17,09,350,,21,14,216,,22,25,338,,30,42,245,,1*64
[   37.2] $GPRMC,054537.37,V,,,,,,,090926,,,N,V*07
[   38.2] $GPGGA,054538.37,,,,,0,,99.99,,M,,M,,*6D
[   38.2] $GPGLL,,,,,054538.37,V,N*41
[   38.2] $GPGSA,A,1,,,,,,,,,,,,,99.99,99.99,99.99,1*2D
[   38.2] $GPGSV,3,1,12,3,20,033,,4,27,109,45,6,26,293,,7,41,180,,1*6D
[   38.2] $GPGSV,3,2,12,8,11,090,,9,41,150,48,11,14,258,,14,46,342,33,1*6B
[   38.2] $GPGSV,3,3,12,17,09,350,,21,14,216,,22,25,338,,30,42,245,,1*64
[   38.2] $GPRMC,054538.37,V,,,,,,,090926,,,N,V*08
[   39.3] $GPGGA,054539.37,,,,,0,,99.99,,M,,M,,*6C
[   39.3] $GPGLL,,,,,054539.37,V,N*40
[   39.3] $GPGSA,A,1,,,,,,,,,,,,,99.99,99.99,99.99,1*2D
[   39.3] $GPGSV,3,1,12,3,20,033,,4,27,109,45,6,26,293,,7,41,180,,1*6D
[   39.3] $GPGSV,3,2,12,8,11,090,,9,41,150,48,11,14,258,,14,46,342,33,1*6B
[   39.3] $GPGSV,3,3,12,17,09,350,,21,14,216,,22,25,338,,30,42,245,,1*64
[   39.3] $GPRMC,054539.37,V,,,,,,,090926,,,N,V*09
[   40.3] $GPGGA,054540.37,,,,,0,,99.99,,M,,M,,*62
[   40.3] $GPGLL,,,,,054540.37,V,N*4E
[   40.3] $GPGSA,A,1,,,,,,,,,,,,,99.99,99.99,99.99,1*2D
[   40.3] $GPGSV,4,1,16,1,-5,031,27,2,-14,048,25,3,20,033,,4,27,109,40,1*55
[   40.3] $GPGSV,4,2,16,6,26,293,25,7,41,180,,8,11,090,26,9,41,150,42,1*68
[   40.3] $GPGSV,4,3,16,11,14,258,,14,46,342,32,15,-41,259,25,17,09,350,,1*41
[   40.3] $GPGSV,4,4,16,21,14,216,25,22,25,338,26,29,-40,210,25,30,42,245,25,1*4B
[   40.3] $GPRMC,054540.37,V,,,,,,,090926,,,N,V*07
[   41.4] $GPGGA,054541.36,,,,,0,,99.99,,M,,M,,*62
[   41.4] $GPGLL,,,,,054541.36,V,N*4E
[   41.4] $GPGSA,A,1,,,,,,,,,,,,,99.99,99.99,99.99,1*2D
[   41.4] $GPGSV,4,1,14,1,-5,031,25,3,20,033,,4,27,109,35,6,26,293,,1*7C
[   41.4] $GPGSV,4,2,14,7,41,180,,8,11,090,25,9,41,150,37,11,14,258,,1*5C
[   41.4] $GPGSV,4,3,14,14,46,342,28,17,09,350,,21,14,216,,22,25,338,26,1*6F
[   41.4] $GPGSV,4,4,14,29,-40,210,24,30,42,245,,1*40
[   41.4] $GPRMC,054541.36,V,,,,,,,090926,,,N,V*07
[   42.5] $GPGGA,054542.36,,,,,0,,99.99,,M,,M,,*61
[   42.5] $GPGLL,,,,,054542.36,V,N*4D
[   42.5] $GPGSA,A,1,,,,,,,,,,,,,99.99,99.99,99.99,1*2D
[   42.5] $GPGSV,4,1,14,1,-5,031,24,3,20,033,,4,27,109,41,6,26,293,,1*7E
[   42.5] $GPGSV,4,2,14,7,41,180,,8,11,090,25,9,41,150,41,11,14,258,,1*5D
[   42.5] $GPGSV,4,3,14,14,46,342,29,17,09,350,,21,14,216,,22,25,338,26,1*6E
[   42.5] $GPGSV,4,4,14,29,-40,210,24,30,42,245,,1*40
[   42.5] $GPRMC,054542.36,V,,,,,,,090926,,,N,V*04
[   43.5] $GPGGA,054543.36,,,,,0,,99.99,,M,,M,,*60
[   43.5] $GPGLL,,,,,054543.36,V,N*4C
[   43.5] $GPGSA,A,1,,,,,,,,,,,,,99.99,99.99,99.99,1*2D
[   43.5] $GPGSV,4,1,14,1,-5,031,24,3,20,033,,4,27,109,44,6,26,293,,1*7B
[   43.5] $GPGSV,4,2,14,7,41,180,,8,11,090,24,9,41,150,44,11,14,258,,1*59
[   43.5] $GPGSV,4,3,14,14,46,342,29,17,09,350,,21,14,216,,22,25,338,24,1*6C
[   43.5] $GPGSV,4,4,14,29,-40,210,25,30,42,245,,1*41
[   43.5] $GPRMC,054543.36,V,,,,,,,090926,,,N,V*05
[   44.6] $GPGGA,054544.36,,,,,0,,99.99,,M,,M,,*67
[   44.6] $GPGLL,,,,,054544.36,V,N*4B
[   44.6] $GPGSA,A,1,,,,,,,,,,,,,99.99,99.99,99.99,1*2D
[   44.6] $GPGSV,4,1,14,1,-5,031,25,3,20,033,,4,27,109,44,6,26,293,,1*7A
[   44.6] $GPGSV,4,2,14,7,41,180,,8,11,090,25,9,41,150,44,11,14,258,,1*58
[   44.6] $GPGSV,4,3,14,14,46,342,29,17,09,350,,21,14,216,,22,25,338,,1*6A
[   44.6] $GPGSV,4,4,14,29,-40,210,24,30,42,245,,1*40
[   44.6] $GPRMC,054544.36,V,,,,,,,090926,,,N,V*02
[   45.1] $GPGGA,054545.36,,,,,0,,99.99,,M,,M,,*66
[   45.1] $GPGLL,,,,,054545.36,V,N*4A
[   45.6] $GPGSA,A,1,,,,,,,,,,,,,99.99,99.99,99.99,1*2D
[   45.6] $GPGSV,4,1,14,1,-5,031,25,3,20,033,,4,27,109,45,6,26,293,,1*7B
[   45.6] $GPGSV,4,2,14,7,41,180,,8,11,090,24,9,41,150,45,11,14,258,,1*58
[   45.6] $GPGSV,4,3,14,14,46,342,30,17,09,350,,21,14,216,,22,25,338,,1*62
[   45.6] $GPGSV,4,4,14,29,-40,210,24,30,42,245,,1*40
[   45.6] $GPRMC,054545.36,V,,,,,,,090926,,,N,V*03
[   46.1] $GPGGA,054546.36,,,,,0,,99.99,,M,,M,,*65
[   46.1] $GPGLL,,,,,054546.36,V,N*49
[   46.1] $GPGSA,A,1,,,,,,,,,,,,,99.99,99.99,99.99,1*2D
[   46.1] $GPGSV,4,1,14,1,-5,031,24,3,20,033,,4,27,109,46,6,26,293,,1*79
[   46.1] $GPGSV,4,2,14,7,41,180,,8,11,090,25,9,41,150,46,11,14,258,,1*5A
[   46.1] $GPGSV,4,3,14,14,46,342,30,17,09,350,,21,14,216,,22,25,338,,1*62
[   46.1] $GPGSV,4,4,14,29,-40,210,25,30,42,245,,1*41
[   46.1] $GPRMC,054546.36,V,,,,,,,090926,,,N,V*00
[   47.2] $GPGGA,054547.36,,,,,0,,99.99,,M,,M,,*64
[   47.2] $GPGLL,,,,,054547.36,V,N*48
[   47.2] $GPGSA,A,1,,,,,,,,,,,,,99.99,99.99,99.99,1*2D
[   47.2] $GPGSV,4,1,14,1,-5,031,25,3,20,033,,4,27,109,47,6,26,293,,1*79
[   47.2] $GPGSV,4,2,14,7,41,180,,8,11,090,24,9,41,150,46,11,14,258,,1*5B
[   47.2] $GPGSV,4,3,14,14,46,342,30,17,09,350,,21,14,216,,22,25,338,,1*62
[   47.2] $GPGSV,4,4,14,29,-40,210,24,30,42,245,,1*40
[   47.2] $GPRMC,054547.36,V,,,,,,,090926,,,N,V*01
[   48.3] $GPGGA,054548.36,,,,,0,,99.99,,M,,M,,*6B
[   48.3] $GPGLL,,,,,054548.36,V,N*47
[   48.3] $GPGSA,A,1,,,,,,,,,,,,,99.99,99.99,99.99,1*2D
[   48.3] $GPGSV,3,1,12,3,20,033,,4,27,109,47,6,26,293,,7,41,180,,1*6F
[   48.3] $GPGSV,3,2,12,8,11,090,,9,41,150,46,11,14,258,,14,46,342,29,1*6E
[   48.3] $GPGSV,3,3,12,17,09,350,,21,14,216,,22,25,338,,30,42,245,,1*64
[   48.3] $GPRMC,054548.36,V,,,,,,,090926,,,N,V*0E
[   49.3] $GPGGA,054549.36,,,,,0,,99.99,,M,,M,,*6A
[   49.3] $GPGLL,,,,,054549.36,V,N*46
[   49.3] $GPGSA,A,1,,,,,,,,,,,,,99.99,99.99,99.99,1*2D
[   49.3] $GPGSV,4,1,13,3,20,033,,4,27,109,47,6,26,293,,7,41,180,,1*69
[   49.3] $GPGSV,4,2,13,8,11,090,,9,41,150,46,11,14,258,,14,46,342,29,1*68
[   49.3] $GPGSV,4,3,13,17,09,350,,21,14,216,,22,25,338,,30,42,245,,1*62
[   49.3] $GPGSV,4,4,13,31,-39,104,30,1*75
[   49.3] $GPRMC,054549.36,V,,,,,,,090926,,,N,V*0F
[   50.4] $GPGGA,054550.36,,,,,0,,99.99,,M,,M,,*62
[   50.4] $GPGLL,,,,,054550.36,V,N*4E
[   50.4] $GPGSA,A,1,,,,,,,,,,,,,99.99,99.99,99.99,1*2D
[   50.4] $GPGSV,4,1,14,3,20,033,27,4,27,109,47,6,26,293,,7,41,180,,1*6B
[   50.4] $GPGSV,4,2,14,8,11,090,,9,41,150,46,11,14,258,,14,46,342,29,1*6F
[   50.4] $GPGSV,4,3,14,17,09,350,,21,14,216,,22,25,338,,29,-40,210,29,1*49
[   50.4] $GPGSV,4,4,14,30,42,245,,31,-39,104,25,1*40
[   50.4] $GPRMC,054550.36,V,,,,,,,090926,,,N,V*07
[   51.4] $GPGGA,054551.36,,,,,0,,99.99,,M,,M,,*63
[   51.4] $GPGLL,,,,,054551.36,V,N*4F
[   51.4] $GPGSA,A,1,,,,,,,,,,,,,99.99,99.99,99.99,1*2D
[   51.4] $GPGSV,4,1,14,3,20,033,26,4,27,109,47,6,26,293,,7,41,180,,1*6A
[   51.4] $GPGSV,4,2,14,8,11,090,,9,41,150,46,11,14,258,,14,46,342,29,1*6F
[   51.4] $GPGSV,4,3,14,17,09,350,,19,-4,319,28,21,14,216,,22,25,338,,1*73
[   51.4] $GPGSV,4,4,14,30,42,245,,31,-39,104,22,1*47
[   51.4] $GPRMC,054551.36,V,,,,,,,090926,,,N,V*06
[   52.5] $GPGGA,054552.36,,,,,0,,99.99,,M,,M,,*60
[   52.5] $GPGLL,,,,,054552.36,V,N*4C
[   52.5] $GPGSA,A,1,,,,,,,,,,,,,99.99,99.99,99.99,1*2D
[   52.5] $GPGSV,4,1,14,3,20,033,26,4,27,109,47,6,26,293,,7,41,180,,1*6A
[   52.5] $GPGSV,4,2,14,8,11,090,,9,41,150,46,11,14,258,,14,46,342,29,1*6F
[   52.5] $GPGSV,4,3,14,17,09,350,,19,-4,319,25,21,14,216,,22,25,338,,1*7E
[   52.5] $GPGSV,4,4,14,30,42,245,,31,-39,104,18,1*4E
[   52.5] $GPRMC,054552.36,V,,,,,,,090926,,,N,V*05
[   53.5] $GPGGA,054553.36,,,,,0,,99.99,,M,,M,,*61
[   53.5] $GPGLL,,,,,054553.36,V,N*4D
[   53.5] $GPGSA,A,1,,,,,,,,,,,,,99.99,99.99,99.99,1*2D
[   53.5] $GPGSV,4,1,13,3,20,033,26,4,27,109,47,6,26,293,,7,41,180,,1*6D
[   53.5] $GPGSV,4,2,13,8,11,090,,9,41,150,46,11,14,258,,14,46,342,29,1*68
[   53.5] $GPGSV,4,3,13,17,09,350,,19,-4,319,25,21,14,216,,22,25,338,,1*79
[   53.5] $GPGSV,4,4,13,30,42,245,,1*50
[   53.5] $GPRMC,054553.36,V,,,,,,,090926,,,N,V*04
[   54.6] $GPGGA,054554.36,,,,,0,,99.99,,M,,M,,*66
[   54.6] $GPGLL,,,,,054554.36,V,N*4A
[   54.6] $GPGSA,A,1,,,,,,,,,,,,,99.99,99.99,99.99,1*2D
[   54.6] $GPGSV,4,1,14,3,20,033,,4,27,109,46,6,26,293,,7,41,180,29,1*64
[   54.6] $GPGSV,4,2,14,8,11,090,28,9,41,150,46,11,14,258,,14,46,342,29,1*65
[   54.6] $GPGSV,4,3,14,17,09,350,,18,-43,172,28,19,-4,319,24,21,14,216,,1*5D
[   54.6] $GPGSV,4,4,14,22,25,338,,30,42,245,,1*68
[   54.6] $GPRMC,054554.36,V,,,,,,,090926,,,N,V*03
[   55.6] $GPGGA,054555.36,,,,,0,,99.99,,M,,M,,*67
[   55.6] $GPGLL,,,,,054555.36,V,N*4B
[   55.6] $GPGSA,A,1,,,,,,,,,,,,,99.99,99.99,99.99,1*2D
[   55.6] $GPGSV,4,1,13,3,20,033,,4,27,109,46,6,26,293,,7,41,180,26,1*6C
[   55.6] $GPGSV,4,2,13,8,11,090,26,9,41,150,46,11,14,258,,14,46,342,29,1*6C
[   55.6] $GPGSV,4,3,13,17,09,350,,18,-43,172,24,21,14,216,,22,25,338,,1*45
[   55.6] $GPGSV,4,4,13,30,42,245,,1*50
[   55.6] $GPRMC,054555.36,V,,,,,,,090926,,,N,V*02
[   56.1] $GPGGA,054556.36,,,,,0,,99.99,,M,,M,,*64
[   56.1] $GPGLL,,,,,054556.36,V,N*48
[   56.1] $GPGSA,A,1,,,,,,,,,,,,,99.99,99.99,99.99,1*2D
[   56.1] $GPGSV,4,1,13,3,20,033,,4,27,109,46,6,26,293,,7,41,180,,1*68
[   56.1] $GPGSV,4,2,13,8,11,090,,9,41,150,46,11,14,258,,14,46,342,29,1*68
[   56.1] $GPGSV,4,3,13,17,09,350,,18,-43,172,19,21,14,216,,22,25,338,,1*4B
[   56.1] $GPGSV,4,4,13,30,42,245,,1*50
[   56.1] $GPRMC,054556.36,V,,,,,,,090926,,,N,V*01
[   57.2] $GPGGA,054557.36,,,,,0,,99.99,,M,,M,,*65
[   57.2] $GPGLL,,,,,054557.36,V,N*49
[   57.2] $GPGSA,A,1,,,,,,,,,,,,,99.99,99.99,99.99,1*2D
[   57.2] $GPGSV,4,1,15,1,-5,031,30,3,20,033,,4,27,109,46,6,26,293,,1*7D
[   57.2] $GPGSV,4,2,15,7,41,180,,8,11,090,,9,41,150,46,11,14,258,,1*5C
[   57.2] $GPGSV,4,3,15,14,46,342,30,17,09,350,,18,-43,172,13,21,14,216,,1*49
[   57.2] $GPGSV,4,4,15,22,25,338,,26,-30,145,28,30,42,245,,1*79
[   57.2] $GPRMC,054557.36,V,,,,,,,090926,,,N,V*00
[   58.2] $GPGGA,054558.36,,,,,0,,99.99,,M,,M,,*6A
[   58.2] $GPGLL,,,,,054558.36,V,N*46
[   58.2] $GPGSA,A,1,,,,,,,,,,,,,99.99,99.99,99.99,1*2D
[   58.2] $GPGSV,4,1,14,1,-5,031,26,3,20,033,,4,27,109,46,6,26,293,,1*7B
[   58.2] $GPGSV,4,2,14,7,41,180,,8,11,090,,9,41,150,46,11,14,258,,1*5D
[   58.2] $GPGSV,4,3,14,14,46,342,30,17,09,350,,21,14,216,,22,25,338,,1*62
[   58.2] $GPGSV,4,4,14,26,-30,145,26,30,42,245,,1*49
[   58.2] $GPRMC,054558.36,V,,,,,,,090926,,,N,V*0F
[   59.3] $GPGGA,054559.36,,,,,0,,99.99,,M,,M,,*6B
[   59.3] $GPGLL,,,,,054559.36,V,N*47
[   59.3] $GPGSA,A,1,,,,,,,,,,,,,99.99,99.99,99.99,1*2D
[   59.3] $GPGSV,4,1,14,1,-5,031,25,3,20,033,,4,27,109,46,6,26,293,,1*78
[   59.3] $GPGSV,4,2,14,7,41,180,,8,11,090,,9,41,150,45,11,14,258,,1*5E
[   59.3] $GPGSV,4,3,14,14,46,342,30,17,09,350,,21,14,216,,22,25,338,,1*62
[   59.3] $GPGSV,4,4,14,26,-30,145,24,30,42,245,,1*4B
[   59.3] $GPRMC,054559.36,V,,,,,,,090926,,,N,V*0E
[   60.3] $GPGGA,054600.36,,,,,0,02,99.99,,M,,M,,*66
[   60.3] $GPGLL,,,,,054600.36,V,N*48
[   60.3] $GPGSA,A,1,,,,,,,,,,,,,99.99,99.99,99.99,1*2D
[   60.3] $GPGSV,4,1,13,1,-5,032,22,3,20,033,,4,26,108,46,6,26,293,,1*7B
[   60.3] $GPGSV,4,2,13,7,41,180,,8,11,090,,9,41,148,45,11,14,258,,1*50
[   60.3] $GPGSV,4,3,13,14,46,342,30,17,09,350,,21,15,216,,22,25,338,,1*64
[   60.3] $GPGSV,4,4,13,30,42,244,,1*51
[   60.3] $GPRMC,054600.36,V,,,,,,,090926,,,N,V*01
[   61.4] $GPGGA,054601.36,,,,,0,02,99.99,,M,,M,,*67
[   61.4] $GPGLL,,,,,054601.36,V,N*49
[   61.4] $GPGSA,A,1,,,,,,,,,,,,,99.99,99.99,99.99,1*2D
[   61.4] $GPGSV,3,1,12,3,20,033,27,4,26,108,46,6,26,293,,7,41,180,,1*6B
[   61.4] $GPGSV,3,2,12,8,11,090,,9,41,148,45,11,14,258,,14,46,342,30,1*6C
[   61.4] $GPGSV,3,3,12,17,09,350,,21,15,216,,22,25,338,,30,42,244,,1*64
[   61.4] $GPRMC,054601.36,V,,,,,,,090926,,,N,V*00
[   62.4] $GPGGA,054602.36,,,,,0,02,99.99,,M,,M,,*64
[   62.4] $GPGLL,,,,,054602.36,V,N*4A
[   62.4] $GPGSA,A,1,,,,,,,,,,,,,99.99,99.99,99.99,1*2D
[   62.4] $GPGSV,3,1,12,3,20,033,26,4,26,108,46,6,26,293,,7,41,180,,1*6A
[   62.4] $GPGSV,3,2,12,8,11,090,,9,41,148,46,11,14,258,28,14,46,342,30,1*65
[   62.4] $GPGSV,3,3,12,17,09,350,,21,15,216,,22,25,338,,30,42,244,,1*64
[   62.4] $GPRMC,054602.36,V,,,,,,,090926,,,N,V*03
[   63.5] $GPGGA,054603.36,,,,,0,02,99.99,,M,,M,,*65
[   63.5] $GPGLL,,,,,054603.36,V,N*4B
[   63.5] $GPGSA,A,1,,,,,,,,,,,,,99.99,99.99,99.99,1*2D
[   63.5] $GPGSV,3,1,12,3,20,033,,4,26,108,46,6,26,293,,7,41,180,,1*6E
[   63.5] $GPGSV,3,2,12,8,11,090,,9,41,148,46,11,14,258,25,14,46,342,30,1*68
[   63.5] $GPGSV,3,3,12,17,09,350,30,21,15,216,,22,25,338,,30,42,244,,1*67
[   63.5] $GPRMC,054603.36,V,,,,,,,090926,,,N,V*02
[   64.5] $GPGGA,054604.36,,,,,0,02,99.99,,M,,M,,*62
[   64.5] $GPGLL,,,,,054604.36,V,N*4C
[   64.5] $GPGSA,A,1,,,,,,,,,,,,,99.99,99.99,99.99,1*2D
[   64.5] $GPGSV,4,1,13,3,20,033,,4,26,108,46,6,26,293,,7,41,180,,1*68
[   64.5] $GPGSV,4,2,13,8,11,090,,9,41,148,46,11,14,258,24,14,46,342,30,1*6F
[   64.5] $GPGSV,4,3,13,15,-40,259,26,17,09,350,26,21,15,216,,22,25,338,,1*46
[   64.5] $GPGSV,4,4,13,30,42,244,,1*51
[   64.5] $GPRMC,054604.36,V,,,,,,,090926,,,N,V*05
[   65.6] $GPGGA,054605.36,,,,,0,02,99.99,,M,,M,,*63
[   65.6] $GPGLL,,,,,054605.36,V,N*4D
[   65.6] $GPGSA,A,1,,,,,,,,,,,,,99.99,99.99,99.99,1*2D
[   65.6] $GPGSV,3,1,12,3,20,033,,4,26,108,46,6,26,293,,7,41,180,,1*6E
[   65.6] $GPGSV,3,2,12,8,11,090,,9,41,148,46,11,14,258,25,14,46,342,30,1*68
[   65.6] $GPGSV,3,3,12,17,09,350,,21,15,216,,22,25,338,,30,42,244,,1*64
[   65.6] $GPRMC,054605.36,V,,,,,,,090926,,,N,V*04
[   66.6] $GPGGA,054606.36,,,,,0,02,99.99,,M,,M,,*60
[   66.6] $GPGLL,,,,,054606.36,V,N*4E
[   66.6] $GPGSA,A,1,,,,,,,,,,,,,99.99,99.99,99.99,1*2D
[   66.6] $GPGSV,4,1,13,3,20,033,,4,26,108,46,5,-18,213,29,6,26,293,,1*49
[   66.6] $GPGSV,4,2,13,7,41,180,,8,11,090,,9,41,148,46,11,14,258,,1*53
[   66.6] $GPGSV,4,3,13,14,46,342,30,17,09,350,,21,15,216,,22,25,338,,1*64
[   66.6] $GPGSV,4,4,13,30,42,244,,1*51
[   66.6] $GPRMC,054606.36,V,,,,,,,090926,,,N,V*07
[   67.1] $GPGGA,054607.36,,,,,0,02,99.99,,M,,M,,*61
[   67.1] $GPGLL,,,,,054607.36,V,N*4F
[   67.1] $GPGSA,A,1,,,,,,,,,,,,,99.99,99.99,99.99,1*2D
[   67.1] $GPGSV,4,1,13,3,20,033,,4,26,108,46,5,-18,213,26,6,26,293,28,1*4C
[   67.1] $GPGSV,4,2,13,7,41,180,,8,11,090,,9,41,148,46,11,14,258,,1*53
[   67.1] $GPGSV,4,3,13,14,46,342,30,17,09,350,,21,15,216,,22,25,338,,1*64
[   67.1] $GPGSV,4,4,13,30,42,244,,1*51
[   67.6] $GPRMC,054607.36,V,,,,,,,090926,,,N,V*06
[   68.2] $GPGGA,054608.36,,,,,0,02,99.99,,M,,M,,*6E
[   68.2] $GPGLL,,,,,054608.36,V,N*40
[   68.2] $GPGSA,A,1,,,,,,,,,,,,,99.99,99.99,99.99,1*2D
[   68.2] $GPGSV,4,1,14,3,20,033,,4,26,108,46,5,-18,213,25,6,26,293,25,1*45
[   68.2] $GPGSV,4,2,14,7,41,180,,8,11,090,,9,41,148,46,11,14,258,,1*54
[   68.2] $GPGSV,4,3,14,14,46,342,30,17,09,350,,19,-4,319,26,21,15,216,,1*72
[   68.2] $GPGSV,4,4,14,22,25,338,27,30,42,244,,1*6C
[   68.2] $GPRMC,054608.36,V,,,,,,,090926,,,N,V*09
[   69.2] $GPGGA,054609.36,,,,,0,02,99.99,,M,,M,,*6F
[   69.2] $GPGLL,,,,,054609.36,V,N*41
[   69.2] $GPGSA,A,1,,,,,,,,,,,,,99.99,99.99,99.99,1*2D
[   69.2] $GPGSV,4,1,14,3,20,033,,4,26,108,46,5,-18,213,25,6,26,293,25,1*45
[   69.2] $GPGSV,4,2,14,7,41,180,,8,11,090,,9,41,148,46,11,14,258,29,1*5F
[   69.2] $GPGSV,4,3,14,14,46,342,30,17,09,350,,19,-4,319,25,21,15,216,,1*71
[   69.2] $GPGSV,4,4,14,22,25,338,25,30,42,244,,1*6E
[   69.2] $GPRMC,054609.36,V,,,,,,,090926,,,N,V*08
[   70.3] $GPGGA,054610.36,,,,,0,02,99.99,,M,,M,,*67
[   70.3] $GPGLL,,,,,054610.36,V,N*49
[   70.3] $GPGSA,A,1,,,,,,,,,,,,,99.99,99.99,99.99,1*2D
[   70.3] $GPGSV,3,1,12,3,20,033,,4,26,108,46,6,26,293,25,7,41,180,,1*69
[   70.3] $GPGSV,3,2,12,8,11,090,,9,41,148,46,11,14,258,26,14,46,342,30,1*6B
[   70.3] $GPGSV,3,3,12,17,09,350,,21,15,216,,22,25,338,,30,42,244,,1*64
[   70.3] $GPRMC,054610.36,V,,,,,,,090926,,,N,V*00
[   71.3] $GPGGA,054611.36,,,,,0,02,99.99,,M,,M,,*66
[   71.3] $GPGLL,,,,,054611.36,V,N*48
[   71.3] $GPGSA,A,1,,,,,,,,,,,,,99.99,99.99,99.99,1*2D
[   71.3] $GPGSV,4,1,13,3,20,033,,4,26,108,46,6,26,293,,7,41,180,,1*68
[   71.3] $GPGSV,4,2,13,8,11,090,,9,41,148,46,11,14,258,25,14,46,342,30,1*6E
[   71.3] $GPGSV,4,3,13,17,09,350,,21,15,216,,22,25,338,,24,-29,312,26,1*41
[   71.3] $GPGSV,4,4,13,30,42,244,,1*51
[   71.3] $GPRMC,054611.36,V,,,,,,,090926,,,N,V*01
[   72.4] $GPGGA,054612.36,,,,,0,02,99.99,,M,,M,,*65
[   72.4] $GPGLL,,,,,054612.36,V,N*4B
[   72.4] $GPGSA,A,1,,,,,,,,,,,,,99.99,99.99,99.99,1*2D
[   72.4] $GPGSV,4,1,13,3,20,033,,4,26,108,46,6,26,293,,7,41,180,,1*68
[   72.4] $GPGSV,4,2,13,8,11,090,,9,41,148,46,11,14,258,,14,46,342,30,1*69
[   72.4] $GPGSV,4,3,13,17,09,350,,21,15,216,,22,25,338,,24,-29,312,25,1*42
[   72.4] $GPGSV,4,4,13,30,42,244,,1*51
[   72.4] $GPRMC,054612.36,V,,,,,,,090926,,,N,V*02
[   73.5] $GPGGA,054613.36,,,,,0,02,99.99,,M,,M,,*64
[   73.5] $GPGLL,,,,,054613.36,V,N*4A
[   73.5] $GPGSA,A,1,,,,,,,,,,,,,99.99,99.99,99.99,1*2D
[   73.5] $GPGSV,3,1,12,3,20,033,,4,26,108,46,6,26,293,,7,41,180,26,1*6A
[   73.5] $GPGSV,3,2,12,8,11,090,,9,41,148,46,11,14,258,,14,46,342,30,1*6F
[   73.5] $GPGSV,3,3,12,17,09,350,,21,15,216,,22,25,338,,30,42,244,,1*64
[   73.5] $GPRMC,054613.36,V,,,,,,,090926,,,N,V*03
[   74.5] $GPGGA,054614.36,,,,,0,02,99.99,,M,,M,,*63
[   74.5] $GPGLL,,,,,054614.36,V,N*4D
[   74.5] $GPGSA,A,1,,,,,,,,,,,,,99.99,99.99,99.99,1*2D
[   74.5] $GPGSV,3,1,12,3,20,033,,4,26,108,46,6,26,293,,7,41,180,25,1*69
[   74.5] $GPGSV,3,2,12,8,11,090,,9,41,148,46,11,14,258,,14,46,342,30,1*6F
[   74.5] $GPGSV,3,3,12,17,09,350,,21,15,216,,22,25,338,,30,42,244,,1*64
[   74.5] $GPRMC,054614.36,V,,,,,,,090926,,,N,V*04
[   75.6] $GPGGA,054615.36,,,,,0,02,99.99,,M,,M,,*62
[   75.6] $GPGLL,,,,,054615.36,V,N*4C
[   75.6] $GPGSA,A,1,,,,,,,,,,,,,99.99,99.99,99.99,1*2D
[   75.6] $GPGSV,3,1,12,3,20,033,28,4,26,108,46,6,26,293,,7,41,180,25,1*63
[   75.6] $GPGSV,3,2,12,8,11,090,,9,41,148,46,11,14,258,,14,46,342,31,1*6E
[   75.6] $GPGSV,3,3,12,17,09,350,,21,15,216,,22,25,338,,30,42,244,,1*64
[   75.6] $GPRMC,054615.36,V,,,,,,,090926,,,N,V*05
[   76.6] $GPGGA,054616.36,,,,,0,02,99.99,,M,,M,,*61
[   76.6] $GPGLL,,,,,054616.36,V,N*4F
[   76.6] $GPGSA,A,1,,,,,,,,,,,,,99.99,99.99,99.99,1*2D
[   76.6] $GPGSV,4,1,13,3,20,033,25,4,26,108,46,6,26,293,,7,41,180,25,1*68
[   76.6] $GPGSV,4,2,13,8,11,090,,9,41,148,46,11,14,258,,14,46,342,31,1*68
[   76.6] $GPGSV,4,3,13,17,09,350,,21,15,216,,22,25,338,,26,-30,145,28,1*45
[   76.6] $GPGSV,4,4,13,30,42,244,,1*51
[   76.6] $GPRMC,054616.36,V,,,,,,,090926,,,N,V*06
[   77.1] $GPGGA,054617.36,,,,,0,02,99.99,,M,,M,,*60
[   77.1] $GPGLL,,,,,054617.36,V,N*4E
[   77.1] $GPGSA,A,1,,,,,,,,,,,,,99.99,99.99,99.99,1*2D
[   77.1] $GPGSV,4,1,13,3,20,033,25,4,26,108,46,6,26,293,,7,41,180,,1*6F
[   77.1] $GPGSV,4,2,13,8,11,090,,9,41,148,46,11,14,258,,14,46,342,31,1*68
[   77.1] $GPGSV,4,3,13,17,09,350,,21,15,216,,22,25,338,,26,-30,145,25,1*48
[   77.1] $GPGSV,4,4,13,30,42,244,,1*51
[   77.1] $GPRMC,054617.36,V,,,,,,,090926,,,N,V*07
[   78.2] $GPGGA,054618.36,,,,,0,02,99.99,,M,,M,,*6F
[   78.2] $GPGLL,,,,,054618.36,V,N*41
[   78.2] $GPGSA,A,1,,,,,,,,,,,,,99.99,99.99,99.99,1*2D
[   78.2] $GPGSV,4,1,13,3,20,033,25,4,26,108,45,6,26,293,,7,41,180,,1*6C
[   78.2] $GPGSV,4,2,13,8,11,090,,9,41,148,45,11,14,258,,14,46,342,31,1*6B
[   78.2] $GPGSV,4,3,13,17,09,350,,21,15,216,,22,25,338,,26,-30,145,25,1*48
[   78.2] $GPGSV,4,4,13,30,42,244,,1*51
[   78.2] $GPRMC,054618.36,V,,,,,,,090926,,,N,V*08
[   79.2] $GPGGA,054619.36,,,,,0,02,99.99,,M,,M,,*6E
[   79.2] $GPGLL,,,,,054619.36,V,N*40
[   79.2] $GPGSA,A,1,,,,,,,,,,,,,99.99,99.99,99.99,1*2D
[   79.2] $GPGSV,4,1,14,3,20,033,,4,26,108,45,5,-18,213,29,6,26,293,,1*4D
[   79.2] $GPGSV,4,2,14,7,41,180,,8,11,090,,9,41,148,45,11,14,258,,1*57
[   79.2] $GPGSV,4,3,14,14,46,342,31,17,09,350,,21,15,216,,22,25,338,,1*62
[   79.2] $GPGSV,4,4,14,26,-30,145,25,30,42,244,,1*4B
[   79.2] $GPRMC,054619.36,V,,,,,,,090926,,,N,V*09
[   80.3] $GPGGA,054620.36,,,,,0,02,99.99,,M,,M,,*64
[   80.3] $GPGLL,,,,,054620.36,V,N*4A
[   80.3] $GPGSA,A,1,,,,,,,,,,,,,99.99,99.99,99.99,1*2D
[   80.3] $GPGSV,4,1,14,3,20,033,,4,26,108,45,5,-18,213,26,6,26,293,,1*42
[   80.3] $GPGSV,4,2,14,7,41,180,,8,11,090,,9,41,148,45,11,14,258,,1*57
[   80.3] $GPGSV,4,3,14,14,46,342,30,16,-9,145,27,17,09,350,,21,15,216,,1*7A
[   80.3] $GPGSV,4,4,14,22,25,338,,30,42,244,,1*69
[   80.3] $GPRMC,054620.36,V,,,,,,,090926,,,N,V*03
[   81.3] $GPGGA,054621.36,,,,,0,02,99.99,,M,,M,,*65
[   81.3] $GPGLL,,,,,054621.36,V,N*4B
[   81.3] $GPGSA,A,1,,,,,,,,,,,,,99.99,99.99,99.99,1*2D
[   81.3] $GPGSV,4,1,14,1,-5,032,42,3,20,033,,4,26,108,46,6,26,293,,1*7A
[   81.3] $GPGSV,4,2,14,7,41,180,31,8,11,090,,9,41,148,45,11,14,258,,1*55
[   81.3] $GPGSV,4,3,14,14,46,342,30,16,-9,145,26,17,09,350,,21,15,216,,1*7B
[   81.3] $GPGSV,4,4,14,22,25,338,,30,42,244,,1*69
[   81.3] $GPRMC,054621.36,V,,,,,,,090926,,,N,V*02
[   82.4] $GPGGA,054622.36,,,,,0,02,99.99,,M,,M,,*66
[   82.4] $GPGLL,,,,,054622.36,V,N*48
[   82.4] $GPGSA,A,1,,,,,,,,,,,,,99.99,99.99,99.99,1*2D
[   82.4] $GPGSV,4,1,14,1,-5,032,29,3,20,033,,4,26,108,46,6,26,293,,1*77
[   82.4] $GPGSV,4,2,14,7,41,180,30,8,11,090,,9,41,148,45,11,14,258,26,1*50
[   82.4] $GPGSV,4,3,14,14,46,342,31,16,-9,145,25,17,09,350,,21,15,216,,1*79
[   82.4] $GPGSV,4,4,14,22,25,338,,30,42,244,,1*69
[   82.4] $GPRMC,054622.36,V,,,,,,,090926,,,N,V*01
[   83.4] $GPGGA,054623.36,,,,,0,02,99.99,,M,,M,,*67
[   83.4] $GPGLL,,,,,054623.36,V,N*49
[   83.4] $GPGSA,A,1,,,,,,,,,,,,,99.99,99.99,99.99,1*2D
[   83.4] $GPGSV,4,1,14,1,-5,032,25,3,20,033,,4,26,108,45,6,26,293,,1*78
[   83.4] $GPGSV,4,2,14,7,41,180,30,8,11,090,,9,41,148,45,11,14,258,,1*54
[   83.4] $GPGSV,4,3,14,14,46,342,30,16,-9,145,25,17,09,350,,21,15,216,,1*78
[   83.4] $GPGSV,4,4,14,22,25,338,,30,42,244,,1*69
[   83.4] $GPRMC,054623.36,V,,,,,,,090926,,,N,V*00
[   84.5] $GPGGA,054624.36,,,,,0,03,99.99,,M,,M,,*61
[   84.5] $GPGLL,,,,,054624.36,V,N*4E
[   84.5] $GPGSA,A,1,,,,,,,,,,,,,99.99,99.99,99.99,1*2D
[   84.5] $GPGSV,4,1,13,1,-5,032,25,3,19,033,,4,26,108,45,6,26,293,,1*75
[   84.5] $GPGSV,4,2,13,7,41,180,29,8,11,090,,9,41,148,45,11,14,258,,1*5B
[   84.5] $GPGSV,4,3,13,14,46,341,31,17,09,350,,21,15,216,,22,25,338,,1*66
[   84.5] $GPGSV,4,4,13,30,42,244,,1*51
[   84.5] $GPRMC,054624.36,V,,,,,,,090926,,,N,V*07
[   85.6] $GPGGA,054625.36,,,,,0,03,99.99,,M,,M,,*60
[   85.6] $GPGLL,,,,,054625.36,V,N*4F
[   85.6] $GPGSA,A,1,,,,,,,,,,,,,99.99,99.99,99.99,1*2D
[   85.6] $GPGSV,3,1,12,3,19,033,,4,26,108,45,6,26,293,26,7,41,180,29,1*68
[   85.6] $GPGSV,3,2,12,8,11,090,,9,41,148,45,11,14,258,,14,46,341,31,1*6E
[   85.6] $GPGSV,3,3,12,17,09,350,,21,15,216,,22,25,338,,30,42,244,,1*64
[   85.6] $GPRMC,054625.36,V,,,,,,,090926,,,N,V*06
[   86.6] $GPGGA,054626.36,,,,,0,03,99.99,,M,,M,,*63
[   86.6] $GPGLL,,,,,054626.36,V,N*4C
[   86.6] $GPGSA,A,1,,,,,,,,,,,,,99.99,99.99,99.99,1*2D
[   86.6] $GPGSV,4,1,13,3,19,033,,4,26,108,45,5,-18,213,26,6,26,293,,1*4F
[   86.6] $GPGSV,4,2,13,7,41,180,29,8,11,090,,9,41,148,45,11,14,258,,1*5B
[   86.6] $GPGSV,4,3,13,14,46,341,30,17,09,350,,21,15,216,,22,25,338,,1*67
[   86.6] $GPGSV,4,4,13,30,42,244,,1*51
[   86.6] $GPRMC,054626.36,V,,,,,,,090926,,,N,V*05
[   87.1] $GPGGA,054627.36,,,,,0,03,99.99,,M,,M,,*62
[   87.1] $GPGLL,,,,,054627.36,V,N*4D
[   87.1] $GPGSA,A,1,,,,,,,,,,,,,99.99,99.99,99.99,1*2D
[   87.1] $GPGSV,4,1,13,3,19,033,,4,26,108,46,5,-18,213,26,6,26,293,,1*4C
[   87.1] $GPGSV,4,2,13,7,41,180,29,8,11,090,,9,41,148,45,11,14,258,,1*5B
[   87.1] $GPGSV,4,3,13,14,46,341,31,17,09,350,,21,15,216,,22,25,338,,1*66
[   87.1] $GPGSV,4,4,13,30,42,244,,1*51
[   87.1] $GPRMC,054627.36,V,,,,,,,090926,,,N,V*04
[   88.2] $GPGGA,054628.36,,,,,0,03,99.99,,M,,M,,*6D
[   88.2] $GPGLL,,,,,054628.36,V,N*42
[   88.2] $GPGSA,A,1,,,,,,,,,,,,,99.99,99.99,99.99,1*2D
[   88.2] $GPGSV,4,1,13,3,19,033,,4,26,108,46,5,-18,213,26,6,26,293,,1*4C
[   88.2] $GPGSV,4,2,13,7,41,180,28,8,11,090,,9,41,148,45,11,14,258,,1*5A
[   88.2] $GPGSV,4,3,13,14,46,341,31,17,09,350,,21,15,216,,22,25,338,,1*66
[   88.2] $GPGSV,4,4,13,30,42,244,,1*51
[   88.2] $GPRMC,054628.36,V,,,,,,,090926,,,N,V*0B
[   89.2] $GPGGA,054629.36,,,,,0,03,99.99,,M,,M,,*6C
[   89.2] $GPGLL,,,,,054629.36,V,N*43
[   89.2] $GPGSA,A,1,,,,,,,,,,,,,99.99,99.99,99.99,1*2D
[   89.2] $GPGSV,4,1,14,3,19,033,,4,26,108,46,5,-18,213,25,6,26,293,,1*48
[   89.2] $GPGSV,4,2,14,7,41,180,28,8,11,090,,9,41,148,45,11,14,258,,1*5D
[   89.2] $GPGSV,4,3,14,14,46,341,31,16,-9,145,25,17,09,350,26,21,15,216,,1*7E
[   89.2] $GPGSV,4,4,14,22,25,338,,30,42,244,,1*69
[   89.2] $GPRMC,054629.36,V,,,,,,,090926,,,N,V*0A
[   90.3] $GPGGA,054630.36,,,,,0,03,99.99,,M,,M,,*64
[   90.3] $GPGLL,,,,,054630.36,V,N*4B
[   90.3] $GPGSA,A,1,,,,,,,,,,,,,99.99,99.99,99.99,1*2D
[   90.3] $GPGSV,4,1,13,3,19,033,,4,26,108,46,6,26,293,,7,41,180,28,1*68
[   90.3] $GPGSV,4,2,13,8,11,090,,9,41,148,45,11,14,258,,14,46,341,30,1*69
[   90.3] $GPGSV,4,3,13,16,-9,145,25,17,09,350,25,21,15,216,,22,25,338,,1*76
[   90.3] $GPGSV,4,4,13,30,42,244,,1*51
[   90.3] $GPRMC,054630.36,V,,,,,,,090926,,,N,V*02
[   91.3] $GPGGA,054631.36,,,,,0,03,99.99,,M,,M,,*65
[   91.3] $GPGLL,,,,,054631.36,V,N*4A
[   91.3] $GPGSA,A,1,,,,,,,,,,,,,99.99,99.99,99.99,1*2D
[   91.3] $GPGSV,4,1,13,3,19,033,,4,26,108,46,6,26,293,,7,41,180,28,1*68
[   91.3] $GPGSV,4,2,13,8,11,090,,9,41,148,45,11,14,258,,14,46,341,30,1*69
[   91.3] $GPGSV,4,3,13,16,-9,145,25,17,09,350,,21,15,216,,22,25,338,,1*71
[   91.3] $GPGSV,4,4,13,30,42,244,,1*51
[   91.3] $GPRMC,054631.36,V,,,,,,,090926,,,N,V*03
[   92.4] $GPGGA,054632.36,,,,,0,03,99.99,,M,,M,,*66
[   92.4] $GPGLL,,,,,054632.36,V,N*49
[   92.4] $GPGSA,A,1,,,,,,,,,,,,,99.99,99.99,99.99,1*2D
[   92.4] $GPGSV,3,1,12,3,19,033,,4,26,108,46,6,26,293,,7,41,180,28,1*6E
[   92.4] $GPGSV,3,2,12,8,11,090,,9,41,148,45,11,14,258,,14,46,341,30,1*6F
[   92.4] $GPGSV,3,3,12,17,09,350,,21,15,216,,22,25,338,,30,42,244,,1*64
[   92.4] $GPRMC,054632.36,V,,,,,,,090926,,,N,V*00
[   93.4] $GPGGA,054633.36,,,,,0,03,99.99,,M,,M,,*67
[   93.4] $GPGLL,,,,,054633.36,V,N*48
[   93.4] $GPGSA,A,1,,,,,,,,,,,,,99.99,99.99,99.99,1*2D
[   93.4] $GPGSV,3,1,12,3,19,033,,4,26,108,46,6,26,293,,7,41,180,28,1*6E
[   93.4] $GPGSV,3,2,12,8,11,090,,9,41,148,45,11,14,258,,14,46,341,30,1*6F
[   93.4] $GPGSV,3,3,12,17,09,350,,21,15,216,,22,25,338,,30,42,244,,1*64
[   93.4] $GPRMC,054633.36,V,,,,,,,090926,,,N,V*01
[   94.5] $GPGGA,054634.36,,,,,0,03,99.99,,M,,M,,*60
[   94.5] $GPGLL,,,,,054634.36,V,N*4F
[   94.5] $GPGSA,A,1,,,,,,,,,,,,,99.99,99.99,99.99,1*2D
[   94.5] $GPGSV,4,1,13,3,19,033,,4,26,108,46,6,26,293,26,7,41,180,28,1*6C
[   94.5] $GPGSV,4,2,13,8,11,090,,9,41,148,46,11,14,258,,14,46,341,30,1*6A
[   94.5] $GPGSV,4,3,13,17,09,350,,19,-4,320,27,21,15,216,,22,25,338,,1*70
[   94.5] $GPGSV,4,4,13,30,42,244,,1*51
[   94.5] $GPRMC,054634.36,V,,,,,,,090926,,,N,V*06
[   95.6] $GPGGA,054635.36,,,,,0,03,99.99,,M,,M,,*61
[   95.6] $GPGLL,,,,,054635.36,V,N*4E
[   95.6] $GPGSA,A,1,,,,,,,,,,,,,99.99,99.99,99.99,1*2D
[   95.6] $GPGSV,4,1,14,1,-5,032,27,3,19,033,,4,26,108,46,6,26,293,25,1*74
[   95.6] $GPGSV,4,2,14,7,41,180,28,8,11,090,,9,41,148,46,11,14,258,,1*5E
[   95.6] $GPGSV,4,3,14,14,46,341,30,17,09,350,26,19,-4,320,24,21,15,216,,1*7D
[   95.6] $GPGSV,4,4,14,22,25,338,,30,42,244,,1*69
[   95.6] $GPRMC,054635.36,V,,,,,,,090926,,,N,V*07
[   96.6] $GPGGA,054636.36,,,,,0,03,99.99,,M,,M,,*62
[   96.6] $GPGLL,,,,,054636.36,V,N*4D
[   96.6] $GPGSA,A,1,,,,,,,,,,,,,99.99,99.99,99.99,1*2D
[   96.6] $GPGSV,4,1,13,3,19,033,,4,26,108,46,6,26,293,,7,41,180,27,1*67
[   96.6] $GPGSV,4,2,13,8,11,090,,9,41,148,45,11,14,258,,14,46,341,30,1*69
[   96.6] $GPGSV,4,3,13,17,09,350,25,19,-4,320,25,21,15,216,,22,25,338,,1*75
[   96.6] $GPGSV,4,4,13,30,42,244,,1*51
[   96.6] $GPRMC,054636.36,V,,,,,,,090926,,,N,V*04
[   97.1] $GPGGA,054637.36,,,,,0,03,99.99,,M,,M,,*63
[   97.1] $GPGLL,,,,,054637.36,V,N*4C
[   97.1] $GPGSA,A,1,,,,,,,,,,,,,99.99,99.99,99.99,1*2D
[   97.1] $GPGSV,4,1,13,3,19,033,26,4,26,108,46,6,26,293,,7,41,180,27,1*63
[   97.1] $GPGSV,4,2,13,8,11,090,,9,41,148,45,11,14,258,,14,46,341,30,1*69
[   97.1] $GPGSV,4,3,13,17,09,350,25,19,-4,320,24,21,15,216,,22,25,338,,1*74
[   97.1] $GPGSV,4,4,13,30,42,244,,1*51
[   97.1] $GPRMC,054637.36,V,,,,,,,090926,,,N,V*05
[   98.2] $GPGGA,054638.36,,,,,0,03,99.99,,M,,M,,*6C
[   98.2] $GPGLL,,,,,054638.36,V,N*43
[   98.2] $GPGSA,A,1,,,,,,,,,,,,,99.99,99.99,99.99,1*2D
[   98.2] $GPGSV,4,1,13,3,19,033,25,4,26,108,46,5,-18,213,27,6,26,293,,1*4A
[   98.2] $GPGSV,4,2,13,7,41,180,27,8,11,090,,9,41,148,45,11,14,258,,1*55
[   98.2] $GPGSV,4,3,13,14,46,341,30,17,09,350,25,21,15,216,,22,25,338,,1*60
[   98.2] $GPGSV,4,4,13,30,42,244,,1*51
[   98.2] $GPRMC,054638.36,V,,,,,,,090926,,,N,V*0A
[   99.2] $GPGGA,054639.36,,,,,0,03,99.99,,M,,M,,*6D
[   99.2] $GPGLL,,,,,054639.36,V,N*42
[   99.2] $GPGSA,A,1,,,,,,,,,,,,,99.99,99.99,99.99,1*2D
[   99.2] $GPGSV,4,1,14,3,19,033,25,4,26,108,47,5,-18,213,25,6,26,293,,1*4E
[   99.2] $GPGSV,4,2,14,7,41,180,27,8,11,090,,9,41,148,46,11,14,258,,1*51
[   99.2] $GPGSV,4,3,14,14,46,341,30,17,09,350,,18,-43,172,25,21,15,216,,1*4F
[   99.2] $GPGSV,4,4,14,22,25,338,,30,42,244,,1*69
[   99.2] $GPRMC,054639.36,V,,,,,,,090926,,,N,V*0B
[  100.3] $GPGGA,054640.36,,,,,0,03,99.99,,M,,M,,*63
[  100.3] $GPGLL,,,,,054640.36,V,N*4C
[  100.3] $GPGSA,A,1,,,,,,,,,,,,,99.99,99.99,99.99,1*2D
[  100.3] $GPGSV,4,1,13,3,19,033,25,4,26,108,47,6,26,293,,7,41,180,26,1*60
[  100.3] $GPGSV,4,2,13,8,11,090,,9,41,148,46,11,14,258,,14,46,341,30,1*6A
[  100.3] $GPGSV,4,3,13,17,09,350,,18,-43,172,25,21,15,216,,22,25,338,,1*45
[  100.3] $GPGSV,4,4,13,30,42,244,,1*51
[  100.3] $GPRMC,054640.36,V,,,,,,,090926,,,N,V*05
[  101.3] $GPGGA,054641.36,,,,,0,03,99.99,,M,,M,,*62
[  101.3] $GPGLL,,,,,054641.36,V,N*4D
[  101.3] $GPGSA,A,1,,,,,,,,,,,,,99.99,99.99,99.99,1*2D
[  101.3] $GPGSV,4,1,13,3,19,033,,4,26,108,47,6,26,293,,7,41,180,26,1*67
[  101.3] $GPGSV,4,2,13,8,11,090,,9,41,148,46,11,14,258,,14,46,341,30,1*6A
[  101.3] $GPGSV,4,3,13,17,09,350,,18,-43,172,25,21,15,216,,22,25,338,,1*45
[  101.3] $GPGSV,4,4,13,30,42,244,,1*51
[  101.3] $GPRMC,054641.36,V,,,,,,,090926,,,N,V*04
[  102.4] $GPGGA,054642.36,,,,,0,03,99.99,,M,,M,,*61
[  102.4] $GPGLL,,,,,054642.36,V,N*4E
[  102.4] $GPGSA,A,1,,,,,,,,,,,,,99.99,99.99,99.99,1*2D
[  102.4] $GPGSV,3,1,12,3,19,033,,4,26,108,47,6,26,293,,7,41,180,26,1*61
[  102.4] $GPGSV,3,2,12,8,11,090,,9,41,148,45,11,14,258,,14,46,341,30,1*6F
[  102.4] $GPGSV,3,3,12,17,09,350,,21,15,216,,22,25,338,,30,42,244,,1*64
[  102.4] $GPRMC,054642.36,V,,,,,,,090926,,,N,V*07
[  103.4] $GPGGA,054643.36,,,,,0,03,99.99,,M,,M,,*60
[  103.4] $GPGLL,,,,,054643.36,V,N*4F
[  103.4] $GPGSA,A,1,,,,,,,,,,,,,99.99,99.99,99.99,1*2D
[  103.4] $GPGSV,4,1,13,3,19,033,,4,26,108,47,6,26,293,,7,41,180,25,1*64
[  103.4] $GPGSV,4,2,13,8,11,090,,9,41,148,46,11,14,258,,14,46,341,30,1*6A
[  103.4] $GPGSV,4,3,13,17,09,350,,21,15,216,,22,25,338,,30,42,244,,1*62
[  103.4] $GPGSV,4,4,13,31,-40,104,26,1*7C
[  103.4] $GPRMC,054643.36,V,,,,,,,090926,,,N,V*06
[  104.5] $GPGGA,054644.36,,,,,0,03,99.99,,M,,M,,*67
[  104.5] $GPGLL,,,,,054644.36,V,N*48
[  104.5] $GPGSA,A,1,,,,,,,,,,,,,99.99,99.99,99.99,1*2D
[  104.5] $GPGSV,4,1,14,1,-5,032,25,3,19,033,,4,26,108,47,6,26,293,27,1*75
[  104.5] $GPGSV,4,2,14,7,41,180,25,8,11,090,,9,41,148,45,11,14,258,,1*50
[  104.5] $GPGSV,4,3,14,14,46,341,30,17,09,350,26,21,15,216,,22,25,338,,1*64
[  104.5] $GPGSV,4,4,14,30,42,244,,31,-40,104,25,1*4F
[  104.5] $GPRMC,054644.36,V,,,,,,,090926,,,N,V*01
[  105.5] $GPGGA,054645.36,,,,,0,03,99.99,,M,,M,,*66
[  105.5] $GPGLL,,,,,054645.36,V,N*49
[  105.5] $GPGSA,A,1,,,,,,,,,,,,,99.99,99.99,99.99,1*2D
[  105.5] $GPGSV,4,1,14,1,-5,032,25,3,19,033,,4,26,108,47,6,26,293,25,1*77
[  105.5] $GPGSV,4,2,14,7,41,180,25,8,11,090,,9,41,148,46,11,14,258,,1*53
[  105.5] $GPGSV,4,3,14,14,46,341,29,17,09,350,,21,15,216,,22,25,338,,1*68
[  105.5] $GPGSV,4,4,14,30,42,244,,31,-40,104,25,1*4F
[  105.5] $GPRMC,054645.36,V,,,,,,,090926,,,N,V*00
[  106.6] $GPGGA,054646.36,,,,,0,03,99.99,,M,,M,,*65
[  106.6] $GPGLL,,,,,054646.36,V,N*4A
[  106.6] $GPGSA,A,1,,,,,,,,,,,,,99.99,99.99,99.99,1*2D
[  106.6] $GPGSV,4,1,14,1,-5,032,24,3,19,033,,4,26,108,47,6,26,293,,1*71
[  106.6] $GPGSV,4,2,14,7,41,180,25,8,11,090,,9,41,148,45,11,14,258,,1*50
[  106.6] $GPGSV,4,3,14,14,46,341,29,17,09,350,,21,15,216,,22,25,338,,1*68
[  106.6] $GPGSV,4,4,14,30,42,244,,31,-40,104,24,1*4E
[  106.6] $GPRMC,054646.36,V,,,,,,,090926,,,N,V*03
[  107.1] $GPGGA,054647.36,,,,,0,03,99.99,,M,,M,,*64
[  107.1] $GPGLL,,,,,054647.36,V,N*4B
[  107.1] $GPGSA,A,1,,,,,,,,,,,,,99.99,99.99,99.99,1*2D
[  107.1] $GPGSV,4,1,13,1,-5,032,24,3,19,033,,4,26,108,46,6,26,293,,1*77
[  107.1] $GPGSV,4,2,13,7,41,180,24,8,11,090,,9,41,148,45,11,14,258,,1*56
[  107.6] $GPGSV,4,3,13,14,46,341,29,17,09,350,,21,15,216,,22,25,338,,1*6F
[  107.6] $GPGSV,4,4,13,30,42,244,,1*51
[  107.6] $GPRMC,054647.36,V,,,,,,,090926,,,N,V*02
[  108.2] $GPGGA,054648.36,,,,,0,03,99.99,,M,,M,,*6B
[  108.2] $GPGLL,,,,,054648.36,V,N*44
[  108.2] $GPGSA,A,1,,,,,,,,,,,,,99.99,99.99,99.99,1*2D
[  108.2] $GPGSV,4,1,13,3,19,033,,4,26,108,47,6,26,293,,7,41,180,23,1*62
[  108.2] $GPGSV,4,2,13,8,11,090,,9,41,148,45,11,14,258,,14,46,341,29,1*61
[  108.2] $GPGSV,4,3,13,16,-9,145,27,17,09,350,,21,15,216,,22,25,338,,1*73
[  108.2] $GPGSV,4,4,13,30,42,244,,1*51
[  108.2] $GPRMC,054648.36,V,,,,,,,090926,,,N,V*0D
[    1.1] *** Booting nRF Connect SDK v3.4.0-99553055607b ***
[    1.1] *** Using Zephyr OS v4.4.0-bf801e4e3d19 ***
[    1.1] [00:00:00.427,307] <inf> gnss_sample: Starting GNSS sample
[    1.1] [00:00:00.733,520] <inf> gnss_sample: Wrote factory almanac
[    1.1] [00:00:00.787,139] <inf> gnss_sample: Deleting GNSS data
[    1.1] [00:00:00.799,621] <inf> gnss_sample: Assistance data needed: data_flags: 0x3f
[    1.1] [00:00:00.807,250] <inf> gnss_sample: Assistance data needed: GPS ephe: 0xffffffff, alm: 0xffffffff
[    1.1] [00:00:00.816,711] <inf> gnss_sample: Connecting to LTE network
[    3.7] +CEREG: 2,"C577","0AAEEA15",7
[    3.7] +CSCON: 1
[    4.2] +CEREG: 1,"C577","0AAEEA15",7,,,"00000011","00101000"
[    4.2] [00:00:03.709,960] <inf> gnss_sample: Connected to LTE network
[    5.2] [00:00:04.720,214] <inf> gnss_sample: Injected time (GPS day 17048, GPS time of day 20884)
[    5.2] [00:00:04.730,346] <inf> gnss_sample: Injected location for MCC 724
[    5.2] +CEREG: 0
[    5.2] +CSCON: 0
[    5.2] [00:00:05.042,144] <inf> gnss_sample: LTE disconnected
[    5.2] [00:00:05.047,668] <inf> gnss_sample: Starting GNSS
[    5.8] $GPGGA,054746.37,,,,,0,,99.99,,M,,M,,*66
[    5.8] $GPGLL,,,,,054746.37,V,N*4A
[    5.8] $GPGSA,A,1,,,,,,,,,,,,,99.99,99.99,99.99,1*2D
[    5.8] $GPGSV,3,1,12,3,19,033,,4,27,108,,6,26,294,,7,40,179,,1*67
[    5.8] $GPGSV,3,2,12,8,11,091,,9,41,149,,11,14,259,,14,47,342,,1*6E
[    5.8] $GPGSV,3,3,12,17,09,351,,21,15,216,,22,26,338,,30,42,243,,1*61
[    5.8] $GPRMC,054746.37,V,,,,,,,090926,,,N,V*03
[    6.3] $GPGGA,054747.37,,,,,0,,99.99,,M,,M,,*67
[    6.3] $GPGLL,,,,,054747.37,V,N*4B
[    6.3] $GPGSA,A,1,,,,,,,,,,,,,99.99,99.99,99.99,1*2D
[    6.3] $GPGSV,3,1,12,3,19,033,,4,27,108,49,6,26,294,,7,40,179,,1*6A
[    6.3] $GPGSV,3,2,12,8,11,091,,9,41,149,47,11,14,259,,14,47,342,,1*6D
[    6.3] $GPGSV,3,3,12,17,09,351,,21,15,216,,22,26,338,,30,42,243,,1*61
[    6.3] $GPRMC,054747.37,V,,,,,,,090926,,,N,V*02
[    7.3] $GPGGA,054748.37,,,,,0,,99.99,,M,,M,,*68
[    7.3] $GPGLL,,,,,054748.37,V,N*44
[    7.3] $GPGSA,A,1,,,,,,,,,,,,,99.99,99.99,99.99,1*2D
[    7.3] $GPGSV,3,1,12,3,19,033,,4,27,108,49,6,26,294,,7,40,179,,1*6A
[    7.3] $GPGSV,3,2,12,8,11,091,,9,41,149,47,11,14,259,,14,47,342,,1*6D
[    7.3] $GPGSV,3,3,12,17,09,351,,21,15,216,,22,26,338,,30,42,243,,1*61
[    7.3] $GPRMC,054748.37,V,,,,,,,090926,,,N,V*0D
[    8.4] $GPGGA,054749.37,,,,,0,,99.99,,M,,M,,*69
[    8.4] $GPGLL,,,,,054749.37,V,N*45
[    8.4] $GPGSA,A,1,,,,,,,,,,,,,99.99,99.99,99.99,1*2D
[    8.4] $GPGSV,3,1,12,3,19,033,,4,27,108,49,6,26,294,,7,40,179,,1*6A
[    8.4] $GPGSV,3,2,12,8,11,091,,9,41,149,47,11,14,259,,14,47,342,,1*6D
[    8.4] $GPGSV,3,3,12,17,09,351,,21,15,216,,22,26,338,,30,42,243,,1*61
[    8.4] $GPRMC,054749.37,V,,,,,,,090926,,,N,V*0C
[    9.4] $GPGGA,054750.37,,,,,0,,99.99,,M,,M,,*61
[    9.4] $GPGLL,,,,,054750.37,V,N*4D
[    9.4] $GPGSA,A,1,,,,,,,,,,,,,99.99,99.99,99.99,1*2D
[    9.4] $GPGSV,3,1,12,3,19,033,,4,27,108,49,6,26,294,,7,40,179,,1*6A
[    9.4] $GPGSV,3,2,12,8,11,091,,9,41,149,47,11,14,259,,14,47,342,,1*6D
[    9.4] $GPGSV,3,3,12,17,09,351,,21,15,216,,22,26,338,,30,42,243,,1*61
[    9.4] $GPRMC,054750.37,V,,,,,,,090926,,,N,V*04
[   10.5] $GPGGA,054751.37,,,,,0,,99.99,,M,,M,,*60
[   10.5] $GPGLL,,,,,054751.37,V,N*4C
[   10.5] $GPGSA,A,1,,,,,,,,,,,,,99.99,99.99,99.99,1*2D
[   10.5] $GPGSV,3,1,12,3,19,033,,4,27,108,49,6,26,294,,7,40,179,,1*6A
[   10.5] $GPGSV,3,2,12,8,11,091,,9,41,149,48,11,14,259,,14,47,342,28,1*68
[   10.5] $GPGSV,3,3,12,17,09,351,,21,15,216,,22,26,338,,30,42,243,,1*61
[   10.5] $GPRMC,054751.37,V,,,,,,,090926,,,N,V*05
[   11.5] $GPGGA,054752.37,,,,,0,,99.99,,M,,M,,*63
[   11.5] $GPGLL,,,,,054752.37,V,N*4F
[   11.5] $GPGSA,A,1,,,,,,,,,,,,,99.99,99.99,99.99,1*2D
[   11.5] $GPGSV,3,1,12,3,19,033,,4,27,108,49,6,26,294,,7,40,179,,1*6A
[   11.5] $GPGSV,3,2,12,8,11,091,,9,41,149,48,11,14,259,,14,47,342,28,1*68
[   11.5] $GPGSV,3,3,12,17,09,351,,21,15,216,,22,26,338,,30,42,243,,1*61
[   11.5] $GPRMC,054752.37,V,,,,,,,090926,,,N,V*06
[   12.6] $GPGGA,054753.37,,,,,0,,99.99,,M,,M,,*62
[   12.6] $GPGLL,,,,,054753.37,V,N*4E
[   12.6] $GPGSA,A,1,,,,,,,,,,,,,99.99,99.99,99.99,1*2D
[   12.6] $GPGSV,3,1,12,3,19,033,,4,27,108,49,6,26,294,,7,40,179,,1*6A
[   12.6] $GPGSV,3,2,12,8,11,091,,9,41,149,48,11,14,259,,14,47,342,28,1*68
[   12.6] $GPGSV,3,3,12,17,09,351,,21,15,216,,22,26,338,,30,42,243,,1*61
[   12.6] $GPRMC,054753.37,V,,,,,,,090926,,,N,V*07
[   13.6] $GPGGA,054754.37,,,,,0,,99.99,,M,,M,,*65
[   13.6] $GPGLL,,,,,054754.37,V,N*49
[   13.6] $GPGSA,A,1,,,,,,,,,,,,,99.99,99.99,99.99,1*2D
[   13.6] $GPGSV,3,1,12,3,19,033,,4,27,108,49,6,26,294,,7,40,179,,1*6A
[   13.6] $GPGSV,3,2,12,8,11,091,,9,41,149,48,11,14,259,,14,47,342,30,1*61
[   13.6] $GPGSV,3,3,12,17,09,351,,21,15,216,,22,26,338,,30,42,243,,1*61
[   13.6] $GPRMC,054754.37,V,,,,,,,090926,,,N,V*00
[   14.7] $GPGGA,054755.37,,,,,0,,99.99,,M,,M,,*64
[   14.7] $GPGLL,,,,,054755.37,V,N*48
[   14.7] $GPGSA,A,1,,,,,,,,,,,,,99.99,99.99,99.99,1*2D
[   14.7] $GPGSV,3,1,12,3,19,033,,4,27,108,49,6,26,294,,7,40,179,,1*6A
[   14.7] $GPGSV,3,2,12,8,11,091,,9,41,149,48,11,14,259,,14,47,342,30,1*61
[   14.7] $GPGSV,3,3,12,17,09,351,,21,15,216,,22,26,338,,30,42,243,,1*61
[   14.7] $GPRMC,054755.37,V,,,,,,,090926,,,N,V*01
[   15.7] $GPGGA,054756.37,,,,,0,,99.99,,M,,M,,*67
[   15.7] $GPGLL,,,,,054756.37,V,N*4B
[   15.7] $GPGSA,A,1,,,,,,,,,,,,,99.99,99.99,99.99,1*2D
[   15.7] $GPGSV,3,1,12,3,19,033,,4,27,108,49,6,26,294,,7,40,179,,1*6A
[   15.7] $GPGSV,3,2,12,8,11,091,,9,41,149,48,11,14,259,,14,47,342,30,1*61
[   15.7] $GPGSV,3,3,12,17,09,351,,21,15,216,,22,26,338,,30,42,243,,1*61
[   15.7] $GPRMC,054756.37,V,,,,,,,090926,,,N,V*02
[   16.2] $GPGGA,054757.37,,,,,0,,99.99,,M,,M,,*66
[   16.2] $GPGLL,,,,,054757.37,V,N*4A
[   16.8] $GPGSA,A,1,,,,,,,,,,,,,99.99,99.99,99.99,1*2D
[   16.8] $GPGSV,3,1,12,3,19,033,,4,27,108,49,6,26,294,,7,40,179,,1*6A
[   16.8] $GPGSV,3,2,12,8,11,091,,9,41,149,48,11,14,259,,14,47,342,30,1*61
[   16.8] $GPGSV,3,3,12,17,09,351,,21,15,216,,22,26,338,,30,42,243,,1*61
[   16.8] $GPRMC,054757.37,V,,,,,,,090926,,,N,V*03
[   17.3] $GPGGA,054758.37,,,,,0,,99.99,,M,,M,,*69
[   17.3] $GPGLL,,,,,054758.37,V,N*45
[   17.3] $GPGSA,A,1,,,,,,,,,,,,,99.99,99.99,99.99,1*2D
[   17.3] $GPGSV,3,1,12,3,19,033,,4,27,108,42,6,26,294,,7,40,179,,1*61
[   17.3] $GPGSV,3,2,12,8,11,091,,9,41,149,41,11,14,259,,14,47,342,29,1*60
[   17.3] $GPGSV,3,3,12,17,09,351,,21,15,216,,22,26,338,,30,42,243,,1*61
[   17.3] $GPRMC,054758.37,V,,,,,,,090926,,,N,V*0C
[   18.4] $GPGGA,054759.37,,,,,0,,99.99,,M,,M,,*68
[   18.4] $GPGLL,,,,,054759.37,V,N*44
[   18.4] $GPGSA,A,1,,,,,,,,,,,,,99.99,99.99,99.99,1*2D
[   18.4] $GPGSV,3,1,12,3,19,033,,4,27,108,42,6,26,294,,7,40,179,,1*61
[   18.4] $GPGSV,3,2,12,8,11,091,,9,41,149,41,11,14,259,,14,47,342,29,1*60
[   18.4] $GPGSV,3,3,12,17,09,351,,21,15,216,,22,26,338,,30,42,243,,1*61
[   18.4] $GPRMC,054759.37,V,,,,,,,090926,,,N,V*0D
[   19.4] $GPGGA,054800.37,,,,,0,,99.99,,M,,M,,*6B
[   19.4] $GPGLL,,,,,054800.37,V,N*47
[   19.4] $GPGSA,A,1,,,,,,,,,,,,,99.99,99.99,99.99,1*2D
[   19.4] $GPGSV,3,1,12,3,19,033,,4,27,108,42,6,26,294,,7,40,179,,1*61
[   19.4] $GPGSV,3,2,12,8,11,091,,9,41,149,41,11,14,259,,14,47,342,29,1*60
[   19.4] $GPGSV,3,3,12,17,09,351,,21,15,216,,22,26,338,,30,42,243,,1*61
[   19.4] $GPRMC,054800.37,V,,,,,,,090926,,,N,V*0E
[   20.5] $GPGGA,054801.37,,,,,0,,99.99,,M,,M,,*6A
[   20.5] $GPGLL,,,,,054801.37,V,N*46
[   20.5] $GPGSA,A,1,,,,,,,,,,,,,99.99,99.99,99.99,1*2D
[   20.5] $GPGSV,3,1,12,3,19,033,,4,27,108,42,6,26,294,,7,40,179,,1*61
[   20.5] $GPGSV,3,2,12,8,11,091,,9,41,149,41,11,14,259,,14,47,342,32,1*6A
[   20.5] $GPGSV,3,3,12,17,09,351,,21,15,216,,22,26,338,,30,42,243,,1*61
[   20.5] $GPRMC,054801.37,V,,,,,,,090926,,,N,V*0F
[   21.5] $GPGGA,054802.37,,,,,0,,99.99,,M,,M,,*69
[   21.5] $GPGLL,,,,,054802.37,V,N*45
[   21.5] $GPGSA,A,1,,,,,,,,,,,,,99.99,99.99,99.99,1*2D
[   21.5] $GPGSV,3,1,12,3,19,033,,4,27,108,42,6,26,294,,7,40,179,,1*61
[   21.5] $GPGSV,3,2,12,8,11,091,,9,41,149,41,11,14,259,,14,47,342,32,1*6A
[   21.5] $GPGSV,3,3,12,17,09,351,,21,15,216,,22,26,338,,30,42,243,,1*61
[   21.5] $GPRMC,054802.37,V,,,,,,,090926,,,N,V*0C
[   22.5] $GPGGA,054803.37,,,,,0,,99.99,,M,,M,,*68
[   22.5] $GPGLL,,,,,054803.37,V,N*44
[   22.5] $GPGSA,A,1,,,,,,,,,,,,,99.99,99.99,99.99,1*2D
[   22.5] $GPGSV,3,1,12,3,19,033,,4,27,108,42,6,26,294,,7,40,179,,1*61
[   22.5] $GPGSV,3,2,12,8,11,091,,9,41,149,41,11,14,259,,14,47,342,32,1*6A
[   22.5] $GPGSV,3,3,12,17,09,351,,21,15,216,,22,26,338,,30,42,243,,1*61
[   22.5] $GPRMC,054803.37,V,,,,,,,090926,,,N,V*0D
[   23.6] $GPGGA,054804.38,,,,,0,,99.99,,M,,M,,*60
[   23.6] $GPGLL,,,,,054804.38,V,N*4C
[   23.6] $GPGSA,A,1,,,,,,,,,,,,,99.99,99.99,99.99,1*2D
[   23.6] $GPGSV,3,1,12,3,19,033,,4,27,108,41,6,26,294,,7,40,179,,1*62
[   23.6] $GPGSV,3,2,12,8,11,091,,9,41,149,42,11,14,259,,14,47,342,32,1*69
[   23.6] $GPGSV,3,3,12,17,09,351,,21,15,216,,22,26,338,,30,42,243,,1*61
[   23.6] $GPRMC,054804.38,V,,,,,,,090926,,,N,V*05
[   24.6] $GPGGA,054805.38,,,,,0,,99.99,,M,,M,,*61
[   24.6] $GPGLL,,,,,054805.38,V,N*4D
[   24.6] $GPGSA,A,1,,,,,,,,,,,,,99.99,99.99,99.99,1*2D
[   24.6] $GPGSV,3,1,12,3,19,033,,4,27,108,51,6,26,294,,7,40,179,,1*63
[   24.6] $GPGSV,3,2,12,8,11,091,,9,41,149,48,11,14,259,,14,47,342,32,1*63
[   24.6] $GPGSV,3,3,12,17,09,351,,21,15,216,,22,26,338,,30,42,243,,1*61
[   24.6] $GPRMC,054805.38,V,,,,,,,090926,,,N,V*04
[   25.7] $GPGGA,054806.38,,,,,0,,99.99,,M,,M,,*62
[   25.7] $GPGLL,,,,,054806.38,V,N*4E
[   25.7] $GPGSA,A,1,,,,,,,,,,,,,99.99,99.99,99.99,1*2D
[   25.7] $GPGSV,3,1,12,3,19,033,,4,27,108,51,6,26,294,,7,40,179,,1*63
[   25.7] $GPGSV,3,2,12,8,11,091,,9,41,149,48,11,14,259,,14,47,342,32,1*63
[   25.7] $GPGSV,3,3,12,17,09,351,,21,15,216,,22,26,338,,30,42,243,,1*61
[   25.7] $GPRMC,054806.38,V,,,,,,,090926,,,N,V*07
[   26.7] $GPGGA,054807.38,,,,,0,,99.99,,M,,M,,*63
[   26.7] $GPGLL,,,,,054807.38,V,N*4F
[   26.7] $GPGSA,A,1,,,,,,,,,,,,,99.99,99.99,99.99,1*2D
[   26.7] $GPGSV,3,1,12,3,19,033,,4,27,108,51,6,26,294,,7,40,179,,1*63
[   26.7] $GPGSV,3,2,12,8,11,091,,9,41,149,48,11,14,259,,14,47,342,32,1*63
[   26.7] $GPGSV,3,3,12,17,09,351,,21,15,216,,22,26,338,,30,42,243,,1*61
[   26.7] $GPRMC,054807.38,V,,,,,,,090926,,,N,V*06
[   27.3] $GPGGA,054808.38,,,,,0,,99.99,,M,,M,,*6C
[   27.3] $GPGLL,,,,,054808.38,V,N*40
[   27.3] $GPGSA,A,1,,,,,,,,,,,,,99.99,99.99,99.99,1*2D
[   27.3] $GPGSV,3,1,12,3,19,033,,4,27,108,51,6,26,294,,7,40,179,,1*63
[   27.3] $GPGSV,3,2,12,8,11,091,,9,41,149,48,11,14,259,,14,47,342,32,1*63
[   27.3] $GPGSV,3,3,12,17,09,351,,21,15,216,,22,26,338,,30,42,243,,1*61
[   27.3] $GPRMC,054808.38,V,,,,,,,090926,,,N,V*09
[   28.3] $GPGGA,054809.38,,,,,0,,99.99,,M,,M,,*6D
[   28.3] $GPGLL,,,,,054809.38,V,N*41
[   28.3] $GPGSA,A,1,,,,,,,,,,,,,99.99,99.99,99.99,1*2D
[   28.3] $GPGSV,3,1,12,3,19,033,,4,27,108,50,6,26,294,,7,40,179,,1*62
[   28.3] $GPGSV,3,2,12,8,11,091,,9,41,149,47,11,14,259,,14,47,342,31,1*6F
[   28.3] $GPGSV,3,3,12,17,09,351,,21,15,216,,22,26,338,,30,42,243,,1*61
[   28.3] $GPRMC,054809.38,V,,,,,,,090926,,,N,V*08
[   29.4] $GPGGA,054810.38,,,,,0,,99.99,,M,,M,,*65
[   29.4] $GPGLL,,,,,054810.38,V,N*49
[   29.4] $GPGSA,A,1,,,,,,,,,,,,,99.99,99.99,99.99,1*2D
[   29.4] $GPGSV,3,1,12,3,19,033,,4,27,108,50,6,26,294,,7,40,179,,1*62
[   29.4] $GPGSV,3,2,12,8,11,091,,9,41,149,47,11,14,259,,14,47,342,31,1*6F
[   29.4] $GPGSV,3,3,12,17,09,351,,21,15,216,,22,26,338,,30,42,243,,1*61
[   29.4] $GPRMC,054810.38,V,,,,,,,090926,,,N,V*00
[   30.4] $GPGGA,054811.38,,,,,0,,99.99,,M,,M,,*64
[   30.4] $GPGLL,,,,,054811.38,V,N*48
[   30.4] $GPGSA,A,1,,,,,,,,,,,,,99.99,99.99,99.99,1*2D
[   30.4] $GPGSV,3,1,12,3,19,033,,4,27,108,50,6,26,294,,7,40,179,,1*62
[   30.4] $GPGSV,3,2,12,8,11,091,,9,41,149,47,11,14,259,,14,47,342,31,1*6F
[   30.4] $GPGSV,3,3,12,17,09,351,,21,15,216,,22,26,338,,30,42,243,,1*61
[   30.4] $GPRMC,054811.38,V,,,,,,,090926,,,N,V*01
[   31.5] $GPGGA,054812.38,,,,,0,,99.99,,M,,M,,*67
[   31.5] $GPGLL,,,,,054812.38,V,N*4B
[   31.5] $GPGSA,A,1,,,,,,,,,,,,,99.99,99.99,99.99,1*2D
[   31.5] $GPGSV,3,1,12,3,19,033,,4,27,108,50,6,26,294,,7,40,179,,1*62
[   31.5] $GPGSV,3,2,12,8,11,091,,9,41,149,47,11,14,259,,14,47,342,31,1*6F
[   31.5] $GPGSV,3,3,12,17,09,351,,21,15,216,,22,26,338,,30,42,243,,1*61
[   31.5] $GPRMC,054812.38,V,,,,,,,090926,,,N,V*02
[   32.5] $GPGGA,054813.38,,,,,0,,99.99,,M,,M,,*66
[   32.5] $GPGLL,,,,,054813.38,V,N*4A
[   32.5] $GPGSA,A,1,,,,,,,,,,,,,99.99,99.99,99.99,1*2D
[   32.5] $GPGSV,3,1,12,3,19,033,,4,27,108,50,6,26,294,,7,40,179,,1*62
[   32.5] $GPGSV,3,2,12,8,11,091,,9,41,149,47,11,14,259,,14,47,342,27,1*68
[   32.5] $GPGSV,3,3,12,17,09,351,,21,15,216,,22,26,338,,30,42,243,,1*61
[   32.5] $GPRMC,054813.38,V,,,,,,,090926,,,N,V*03
[   33.6] $GPGGA,054814.38,,,,,0,,99.99,,M,,M,,*61
[   33.6] $GPGLL,,,,,054814.38,V,N*4D
[   33.6] $GPGSA,A,1,,,,,,,,,,,,,99.99,99.99,99.99,1*2D
[   33.6] $GPGSV,3,1,12,3,19,033,,4,27,108,50,6,26,294,,7,40,179,,1*62
[   33.6] $GPGSV,3,2,12,8,11,091,,9,41,149,47,11,14,259,,14,47,342,27,1*68
[   33.6] $GPGSV,3,3,12,17,09,351,,21,15,216,,22,26,338,,30,42,243,,1*61
[   33.6] $GPRMC,054814.38,V,,,,,,,090926,,,N,V*04
[   34.6] $GPGGA,054815.38,,,,,0,,99.99,,M,,M,,*60
[   34.6] $GPGLL,,,,,054815.38,V,N*4C
[   34.6] $GPGSA,A,1,,,,,,,,,,,,,99.99,99.99,99.99,1*2D
[   34.6] $GPGSV,3,1,12,3,19,033,,4,27,108,50,6,26,294,,7,40,179,,1*62
[   34.6] $GPGSV,3,2,12,8,11,091,,9,41,149,47,11,14,259,,14,47,342,27,1*68
[   34.6] $GPGSV,3,3,12,17,09,351,,21,15,216,,22,26,338,,30,42,243,,1*61
[   34.6] $GPRMC,054815.38,V,,,,,,,090926,,,N,V*05
[   35.7] $GPGGA,054816.38,,,,,0,,99.99,,M,,M,,*63
[   35.7] $GPGLL,,,,,054816.38,V,N*4F
[   35.7] $GPGSA,A,1,,,,,,,,,,,,,99.99,99.99,99.99,1*2D
[   35.7] $GPGSV,3,1,12,3,19,033,,4,27,108,50,6,26,294,,7,40,179,,1*62
[   35.7] $GPGSV,3,2,12,8,11,091,,9,41,149,47,11,14,259,,14,47,342,27,1*68
[   35.7] $GPGSV,3,3,12,17,09,351,,21,15,216,,22,26,338,,30,42,243,,1*61
[   35.7] $GPRMC,054816.38,V,,,,,,,090926,,,N,V*06
[   36.7] $GPGGA,054817.38,,,,,0,,99.99,,M,,M,,*62
[   36.7] $GPGLL,,,,,054817.38,V,N*4E
[   36.7] $GPGSA,A,1,,,,,,,,,,,,,99.99,99.99,99.99,1*2D
[   36.7] $GPGSV,3,1,12,3,19,033,,4,27,108,42,6,26,294,,7,40,179,,1*61
[   36.7] $GPGSV,3,2,12,8,11,091,,9,41,149,42,11,14,259,,14,47,342,,1*68
[   36.7] $GPGSV,3,3,12,17,09,351,,21,15,216,,22,26,338,,30,42,243,,1*61
[   36.7] $GPRMC,054817.38,V,,,,,,,090926,,,N,V*07
[   37.7] $GPGGA,054818.38,,,,,0,,99.99,,M,,M,,*6D
[   37.7] $GPGLL,,,,,054818.38,V,N*41
[   37.7] $GPGSA,A,1,,,,,,,,,,,,,99.99,99.99,99.99,1*2D
[   37.7] $GPGSV,3,1,12,3,19,033,,4,27,108,42,6,26,294,,7,40,179,,1*61
[   37.7] $GPGSV,3,2,12,8,11,091,,9,41,149,42,11,14,259,,14,47,342,,1*68
[   37.7] $GPGSV,3,3,12,17,09,351,,21,15,216,,22,26,338,,30,42,243,,1*61
[   37.7] $GPRMC,054818.38,V,,,,,,,090926,,,N,V*08
[   38.3] $GPGGA,054819.38,,,,,0,,99.99,,M,,M,,*6C
[   38.3] $GPGLL,,,,,054819.38,V,N*40
[   38.3] $GPGSA,A,1,,,,,,,,,,,,,99.99,99.99,99.99,1*2D
[   38.3] $GPGSV,3,1,12,3,19,033,,4,27,108,42,6,26,294,,7,40,179,,1*61
[   38.3] $GPGSV,3,2,12,8,11,091,,9,41,149,42,11,14,259,,14,47,342,,1*68
[   38.3] $GPGSV,3,3,12,17,09,351,,21,15,216,,22,26,338,,30,42,243,,1*61
[   38.3] $GPRMC,054819.38,V,,,,,,,090926,,,N,V*09
[   39.3] $GPGGA,054820.38,,,,,0,,99.99,,M,,M,,*66
[   39.3] $GPGLL,,,,,054820.38,V,N*4A
[   39.3] $GPGSA,A,1,,,,,,,,,,,,,99.99,99.99,99.99,1*2D
[   39.3] $GPGSV,3,1,12,3,19,033,,4,27,108,42,6,26,294,,7,40,179,,1*61
[   39.3] $GPGSV,3,2,12,8,11,091,,9,41,149,42,11,14,259,,14,47,342,,1*68
[   39.3] $GPGSV,3,3,12,17,09,351,,21,15,216,,22,26,338,,30,42,243,,1*61
[   39.3] $GPRMC,054820.38,V,,,,,,,090926,,,N,V*03
[   40.4] $GPGGA,054821.38,,,,,0,,99.99,,M,,M,,*67
[   40.4] $GPGLL,,,,,054821.38,V,N*4B
[   40.4] $GPGSA,A,1,,,,,,,,,,,,,99.99,99.99,99.99,1*2D
[   40.4] $GPGSV,4,1,14,2,-14,048,27,3,19,033,,4,27,108,42,6,26,294,,1*4F
[   40.4] $GPGSV,4,2,14,7,40,179,,8,11,091,,9,41,149,42,11,14,259,,1*56
[   40.4] $GPGSV,4,3,14,14,47,342,27,17,09,351,,19,-4,320,27,21,15,216,,1*7F
[   40.4] $GPGSV,4,4,14,22,26,338,,30,42,243,27,1*68
[   40.4] $GPRMC,054821.38,V,,,,,,,090926,,,N,V*02
[   41.4] $GPGGA,054822.38,,,,,0,,99.99,,M,,M,,*64
[   41.4] $GPGLL,,,,,054822.38,V,N*48
[   41.4] $GPGSA,A,1,,,,,,,,,,,,,99.99,99.99,99.99,1*2D
[   41.4] $GPGSV,5,1,18,2,-14,048,25,3,19,033,,4,27,108,28,6,26,294,,1*4C
[   41.4] $GPGSV,5,2,18,7,40,179,25,8,11,091,,9,41,149,36,11,14,259,,1*5F
[   41.4] $GPGSV,5,3,18,14,47,342,25,17,09,351,,18,-42,173,25,19,-4,320,25,1*50
[   41.4] $GPGSV,5,4,18,21,15,216,,22,26,338,22,26,-30,145,25,29,-41,211,21,1*6D
[   41.4] $GPGSV,5,5,18,30,42,243,25,32,-42,033,22,1*40
[   41.4] $GPRMC,054822.38,V,,,,,,,090926,,,N,V*01
[   42.5] $GPGGA,054823.38,,,,,0,,99.99,,M,,M,,*65
[   42.5] $GPGLL,,,,,054823.38,V,N*49
[   42.5] $GPGSA,A,1,,,,,,,,,,,,,99.99,99.99,99.99,1*2D
[   42.5] $GPGSV,5,1,18,2,-14,048,25,3,19,033,,4,27,108,25,6,26,294,,1*41
[   42.5] $GPGSV,5,2,18,7,40,179,25,8,11,091,,9,41,149,41,11,14,259,,1*5F
[   42.5] $GPGSV,5,3,18,14,47,342,25,17,09,351,,18,-42,173,25,19,-4,320,25,1*50
[   42.5] $GPGSV,5,4,18,21,15,216,,22,26,338,24,26,-30,145,25,29,-41,211,24,1*6E
[   42.5] $GPGSV,5,5,18,30,42,243,25,32,-42,033,24,1*46
[   42.5] $GPRMC,054823.38,V,,,,,,,090926,,,N,V*00
[   43.5] $GPGGA,054824.38,,,,,0,,99.99,,M,,M,,*62
[   43.5] $GPGLL,,,,,054824.38,V,N*4E
[   43.5] $GPGSA,A,1,,,,,,,,,,,,,99.99,99.99,99.99,1*2D
[   43.5] $GPGSV,5,1,18,2,-14,048,25,3,19,033,,4,27,108,25,6,26,294,,1*41
[   43.5] $GPGSV,5,2,18,7,40,179,25,8,11,091,,9,41,149,44,11,14,259,,1*5A
[   43.5] $GPGSV,5,3,18,14,47,342,25,17,09,351,,18,-42,173,25,19,-4,320,24,1*51
[   43.5] $GPGSV,5,4,18,21,15,216,,22,26,338,25,26,-30,145,25,29,-41,211,25,1*6E
[   43.5] $GPGSV,5,5,18,30,42,243,24,32,-42,033,24,1*47
[   43.5] $GPRMC,054824.38,V,,,,,,,090926,,,N,V*07
[   44.5] $GPGGA,054825.38,,,,,0,,99.99,,M,,M,,*63
[   44.5] $GPGLL,,,,,054825.38,V,N*4F
[   44.5] $GPGSA,A,1,,,,,,,,,,,,,99.99,99.99,99.99,1*2D
[   44.5] $GPGSV,5,1,17,3,19,033,,4,27,108,25,6,26,294,,7,40,179,24,1*65
[   44.5] $GPGSV,5,2,17,8,11,091,,9,41,149,45,11,14,259,,14,47,342,25,1*6B
[   44.5] $GPGSV,5,3,17,17,09,351,,18,-42,173,25,19,-4,320,24,21,15,216,,1*58
[   44.5] $GPGSV,5,4,17,22,26,338,25,26,-30,145,25,29,-41,211,25,30,42,243,,1*63
[   44.5] $GPGSV,5,5,17,32,-42,033,25,1*7F
[   44.5] $GPRMC,054825.38,V,,,,,,,090926,,,N,V*06
[   45.6] $GPGGA,054826.38,,,,,0,,99.99,,M,,M,,*60
[   45.6] $GPGLL,,,,,054826.38,V,N*4C
[   45.6] $GPGSA,A,1,,,,,,,,,,,,,99.99,99.99,99.99,1*2D
[   45.6] $GPGSV,5,1,17,3,19,033,,4,27,108,25,6,26,294,,7,40,179,24,1*65
[   45.6] $GPGSV,5,2,17,8,11,091,,9,41,149,45,11,14,259,,14,47,342,24,1*6A
[   45.6] $GPGSV,5,3,17,17,09,351,,18,-42,173,25,19,-4,320,24,21,15,216,,1*58
[   45.6] $GPGSV,5,4,17,22,26,338,25,26,-30,145,24,29,-41,211,24,30,42,243,,1*63
[   45.6] $GPGSV,5,5,17,32,-42,033,25,1*7F
[   45.6] $GPRMC,054826.38,V,,,,,,,090926,,,N,V*05
[   46.6] $GPGGA,054827.38,,,,,0,,99.99,,M,,M,,*61
[   46.6] $GPGLL,,,,,054827.38,V,N*4D
[   46.6] $GPGSA,A,1,,,,,,,,,,,,,99.99,99.99,99.99,1*2D
[   46.6] $GPGSV,5,1,17,3,19,033,,4,27,108,25,6,26,294,,7,40,179,24,1*65
[   46.6] $GPGSV,5,2,17,8,11,091,,9,41,149,46,11,14,259,,14,47,342,24,1*69
[   46.6] $GPGSV,5,3,17,17,09,351,,18,-42,173,24,19,-4,320,24,21,15,216,,1*59
[   46.6] $GPGSV,5,4,17,22,26,338,24,26,-30,145,25,29,-41,211,25,30,42,243,,1*62
[   46.6] $GPGSV,5,5,17,32,-42,033,25,1*7F
[   46.6] $GPRMC,054827.38,V,,,,,,,090926,,,N,V*04
[   47.7] $GPGGA,054828.38,,,,,0,,99.99,,M,,M,,*6E
[   47.7] $GPGLL,,,,,054828.38,V,N*42
[   47.7] $GPGSA,A,1,,,,,,,,,,,,,99.99,99.99,99.99,1*2D
[   47.7] $GPGSV,5,1,17,3,19,033,,4,27,108,25,6,26,294,,7,40,179,25,1*64
[   47.7] $GPGSV,5,2,17,8,11,091,,9,41,149,46,11,14,259,,14,47,342,25,1*68
[   47.7] $GPGSV,5,3,17,17,09,351,,18,-42,173,24,19,-4,320,25,21,15,216,,1*58
[   47.7] $GPGSV,5,4,17,22,26,338,24,26,-30,145,25,29,-41,211,25,30,42,243,,1*62
[   47.7] $GPGSV,5,5,17,32,-42,033,25,1*7F
[   47.7] $GPRMC,054828.38,V,,,,,,,090926,,,N,V*0B
[   48.7] $GPGGA,054829.38,,,,,0,,99.99,,M,,M,,*6F
[   48.7] $GPGLL,,,,,054829.38,V,N*43
[   48.7] $GPGSA,A,1,,,,,,,,,,,,,99.99,99.99,99.99,1*2D
[   48.7] $GPGSV,5,1,17,3,19,033,,4,27,108,25,6,26,294,,7,40,179,25,1*64
[   48.7] $GPGSV,5,2,17,8,11,091,,9,41,149,46,11,14,259,,14,47,342,25,1*68
[   48.7] $GPGSV,5,3,17,17,09,351,,18,-42,173,24,19,-4,320,25,21,15,216,,1*58
[   48.7] $GPGSV,5,4,17,22,26,338,24,26,-30,145,25,29,-41,211,25,30,42,243,,1*62
[   48.7] $GPGSV,5,5,17,32,-42,033,25,1*7F
[   48.7] $GPRMC,054829.38,V,,,,,,,090926,,,N,V*0A
[   49.3] $GPGGA,054830.38,,,,,0,,99.99,,M,,M,,*67
[   49.3] $GPGLL,,,,,054830.38,V,N*4B
[   49.3] $GPGSA,A,1,,,,,,,,,,,,,99.99,99.99,99.99,1*2D
[   49.8] $GPGSV,3,1,12,3,19,033,,4,27,108,51,6,26,294,,7,40,179,,1*63
[   49.8] $GPGSV,3,2,12,8,11,091,,9,41,149,45,11,14,259,,14,47,342,,1*6F
[   49.8] $GPGSV,3,3,12,17,09,351,,21,15,216,,22,26,338,,30,42,243,,1*61
[   49.8] $GPRMC,054830.38,V,,,,,,,090926,,,N,V*02
[   50.3] $GPGGA,054831.38,,,,,0,,99.99,,M,,M,,*66
[   50.3] $GPGLL,,,,,054831.38,V,N*4A
[   50.3] $GPGSA,A,1,,,,,,,,,,,,,99.99,99.99,99.99,1*2D
[   50.3] $GPGSV,4,1,13,3,19,033,,4,27,108,51,6,26,294,,7,40,179,,1*65
[   50.3] $GPGSV,4,2,13,8,11,091,,9,41,149,46,11,14,259,,14,47,342,,1*6A
[   50.3] $GPGSV,4,3,13,17,09,351,,18,-42,173,36,21,15,216,,22,26,338,,1*45
[   50.3] $GPGSV,4,4,13,30,42,243,,1*56
[   50.3] $GPRMC,054831.38,V,,,,,,,090926,,,N,V*03
[   51.3] $GPGGA,054832.38,,,,,0,,99.99,,M,,M,,*65
[   51.3] $GPGLL,,,,,054832.38,V,N*49
[   51.3] $GPGSA,A,1,,,,,,,,,,,,,99.99,99.99,99.99,1*2D
[   51.3] $GPGSV,4,1,13,3,19,033,,4,27,108,50,6,26,294,,7,40,179,,1*64
[   51.3] $GPGSV,4,2,13,8,11,091,,9,41,149,46,11,14,259,,14,47,342,,1*6A
[   51.3] $GPGSV,4,3,13,17,09,351,,18,-42,173,26,21,15,216,,22,26,338,,1*44
[   51.3] $GPGSV,4,4,13,30,42,243,,1*56
[   51.3] $GPRMC,054832.38,V,,,,,,,090926,,,N,V*00
[   52.4] $GPGGA,054833.38,,,,,0,,99.99,,M,,M,,*64
[   52.4] $GPGLL,,,,,054833.38,V,N*48
[   52.4] $GPGSA,A,1,,,,,,,,,,,,,99.99,99.99,99.99,1*2D
[   52.4] $GPGSV,3,1,12,3,19,033,,4,27,108,48,6,26,294,,7,40,179,,1*6B
[   52.4] $GPGSV,3,2,12,8,11,091,,9,41,149,46,11,14,259,,14,47,342,,1*6C
[   52.4] $GPGSV,3,3,12,17,09,351,,21,15,216,,22,26,338,,30,42,243,,1*61
[   52.4] $GPRMC,054833.38,V,,,,,,,090926,,,N,V*01
[   53.5] $GPGGA,054834.38,,,,,0,,99.99,,M,,M,,*63
[   53.5] $GPGLL,,,,,054834.38,V,N*4F
[   53.5] $GPGSA,A,1,,,,,,,,,,,,,99.99,99.99,99.99,1*2D
[   53.5] $GPGSV,3,1,12,3,19,033,30,4,27,108,48,6,26,294,,7,40,179,,1*68
[   53.5] $GPGSV,3,2,12,8,11,091,,9,41,149,46,11,14,259,,14,47,342,,1*6C
[   53.5] $GPGSV,3,3,12,17,09,351,,21,15,216,,22,26,338,,30,42,243,,1*61
[   53.5] $GPRMC,054834.38,V,,,,,,,090926,,,N,V*06
[   54.5] $GPGGA,054835.38,,,,,0,,99.99,,M,,M,,*62
[   54.5] $GPGLL,,,,,054835.38,V,N*4E
[   54.5] $GPGSA,A,1,,,,,,,,,,,,,99.99,99.99,99.99,1*2D
[   54.5] $GPGSV,3,1,12,3,19,033,27,4,27,108,48,6,26,294,,7,40,179,,1*6E
[   54.5] $GPGSV,3,2,12,8,11,091,,9,41,149,47,11,14,259,,14,47,342,27,1*68
[   54.5] $GPGSV,3,3,12,17,09,351,,21,15,216,,22,26,338,,30,42,243,,1*61
[   54.5] $GPRMC,054835.38,V,,,,,,,090926,,,N,V*07
[   55.6] $GPGGA,054836.38,,,,,0,,99.99,,M,,M,,*61
[   55.6] $GPGLL,,,,,054836.38,V,N*4D
[   55.6] $GPGSA,A,1,,,,,,,,,,,,,99.99,99.99,99.99,1*2D
[   55.6] $GPGSV,3,1,12,3,19,033,25,4,27,108,47,6,26,294,,7,40,179,,1*63
[   55.6] $GPGSV,3,2,12,8,11,091,,9,41,149,47,11,14,259,,14,47,342,26,1*69
[   55.6] $GPGSV,3,3,12,17,09,351,,21,15,216,,22,26,338,,30,42,243,,1*61
[   55.6] $GPRMC,054836.38,V,,,,,,,090926,,,N,V*04
[   56.6] $GPGGA,054837.38,,,,,0,,99.99,,M,,M,,*60
[   56.6] $GPGLL,,,,,054837.38,V,N*4C
[   56.6] $GPGSA,A,1,,,,,,,,,,,,,99.99,99.99,99.99,1*2D
[   56.6] $GPGSV,3,1,12,3,19,033,25,4,27,108,47,6,26,294,,7,40,179,,1*63
[   56.6] $GPGSV,3,2,12,8,11,091,,9,41,149,47,11,14,259,,14,47,342,,1*6D
[   56.6] $GPGSV,3,3,12,17,09,351,,21,15,216,,22,26,338,,30,42,243,,1*61
[   56.6] $GPRMC,054837.38,V,,,,,,,090926,,,N,V*05
[   57.6] $GPGGA,054838.38,,,,,0,,99.99,,M,,M,,*6F
[   57.6] $GPGLL,,,,,054838.38,V,N*43
[   57.6] $GPGSA,A,1,,,,,,,,,,,,,99.99,99.99,99.99,1*2D
[   57.6] $GPGSV,3,1,12,3,19,033,29,4,27,108,47,6,26,294,,7,40,179,,1*6F
[   57.6] $GPGSV,3,2,12,8,11,091,,9,41,149,47,11,14,259,,14,47,342,,1*6D
[   57.6] $GPGSV,3,3,12,17,09,351,27,21,15,216,,22,26,338,,30,42,243,,1*64
[   57.6] $GPRMC,054838.38,V,,,,,,,090926,,,N,V*0A
[   58.7] $GPGGA,054839.38,,,,,0,,99.99,,M,,M,,*6E
[   58.7] $GPGLL,,,,,054839.38,V,N*42
[   58.7] $GPGSA,A,1,,,,,,,,,,,,,99.99,99.99,99.99,1*2D
[   58.7] $GPGSV,3,1,12,3,19,033,27,4,27,108,47,6,26,294,,7,40,179,,1*61
[   58.7] $GPGSV,3,2,12,8,11,091,,9,41,149,46,11,14,259,,14,47,342,,1*6C
[   58.7] $GPGSV,3,3,12,17,09,351,26,21,15,216,,22,26,338,,30,42,243,,1*65
[   58.7] $GPRMC,054839.38,V,,,,,,,090926,,,N,V*0B
[   59.8] $GPGGA,054840.38,,,,,0,,99.99,,M,,M,,*60
[   59.8] $GPGLL,,,,,054840.38,V,N*4C
[   59.8] $GPGSA,A,1,,,,,,,,,,,,,99.99,99.99,99.99,1*2D
[   59.8] $GPGSV,4,1,13,3,19,033,25,4,27,108,47,6,26,294,30,7,40,179,,1*66
[   59.8] $GPGSV,4,2,13,8,11,091,,9,41,149,47,11,14,259,,14,47,342,,1*6B
[   59.8] $GPGSV,4,3,13,17,09,351,25,21,15,216,27,22,26,338,,30,42,243,,1*65
[   59.8] $GPGSV,4,4,13,31,-40,103,29,1*74
[   59.8] $GPRMC,054840.38,V,,,,,,,090926,,,N,V*05
[   60.3] $GPGGA,054841.38,,,,,0,,99.99,,M,,M,,*61
[   60.3] $GPGLL,,,,,054841.38,V,N*4D
[   60.8] $GPGSA,A,1,,,,,,,,,,,,,99.99,99.99,99.99,1*2D
[   60.8] $GPGSV,4,1,14,3,19,033,25,4,27,108,47,6,26,294,26,7,40,179,,1*66
[   60.8] $GPGSV,4,2,14,8,11,091,,9,41,149,47,11,14,259,,14,47,342,,1*6C
[   60.8] $GPGSV,4,3,14,15,-40,258,27,17,09,351,25,21,15,216,25,22,26,338,,1*47
[   60.8] $GPGSV,4,4,14,30,42,243,,31,-40,103,25,1*4F
[   60.8] $GPRMC,054841.38,V,,,,,,,090926,,,N,V*04
[   61.3] $GPGGA,054842.38,,,,,0,,99.99,,M,,M,,*62
[   61.3] $GPGLL,,,,,054842.38,V,N*4E
[   61.3] $GPGSA,A,1,,,,,,,,,,,,,99.99,99.99,99.99,1*2D
[   61.3] $GPGSV,4,1,14,3,19,033,25,4,27,108,47,6,26,294,25,7,40,179,,1*65
[   61.3] $GPGSV,4,2,14,8,11,091,,9,41,149,47,11,14,259,,14,47,342,,1*6C
[   61.3] $GPGSV,4,3,14,15,-40,258,25,17,09,351,25,21,15,216,25,22,26,338,,1*45
[   61.3] $GPGSV,4,4,14,30,42,243,,31,-40,103,25,1*4F
[   61.3] $GPRMC,054842.38,V,,,,,,,090926,,,N,V*07
[   62.4] $GPGGA,054843.38,,,,,0,,99.99,,M,,M,,*63
[   62.4] $GPGLL,,,,,054843.38,V,N*4F
[   62.4] $GPGSA,A,1,,,,,,,,,,,,,99.99,99.99,99.99,1*2D
[   62.4] $GPGSV,4,1,15,3,19,033,25,4,27,108,47,5,-17,213,29,6,26,294,24,1*4C
[   62.4] $GPGSV,4,2,15,7,40,179,,8,11,091,,9,41,149,46,11,14,259,,1*53
[   62.4] $GPGSV,4,3,15,14,47,342,27,15,-40,258,25,17,09,351,24,21,15,216,24,1*4E
[   62.4] $GPGSV,4,4,15,22,26,338,,30,42,243,,31,-40,103,25,1*72
[   62.4] $GPRMC,054843.38,V,,,,,,,090926,,,N,V*06
[   63.4] $GPGGA,054844.38,,,,,0,,99.99,,M,,M,,*64
[   63.4] $GPGLL,,,,,054844.38,V,N*48
[   63.4] $GPGSA,A,1,,,,,,,,,,,,,99.99,99.99,99.99,1*2D
[   63.4] $GPGSV,4,1,14,3,19,033,25,4,27,108,47,6,26,294,25,7,40,179,,1*65
[   63.4] $GPGSV,4,2,14,8,11,091,,9,41,149,46,11,14,259,,14,47,342,,1*6D
[   63.4] $GPGSV,4,3,14,15,-40,258,24,17,09,351,24,18,-42,173,27,21,15,216,,1*6C
[   63.4] $GPGSV,4,4,14,22,26,338,,30,42,243,,1*6D
[   63.4] $GPRMC,054844.38,V,,,,,,,090926,,,N,V*01
[   64.5] $GPGGA,054845.38,,,,,0,,99.99,,M,,M,,*65
[   64.5] $GPGLL,,,,,054845.38,V,N*49
[   64.5] $GPGSA,A,1,,,,,,,,,,,,,99.99,99.99,99.99,1*2D
[   64.5] $GPGSV,4,1,15,1,-5,032,29,3,19,033,25,4,27,108,47,5,-17,213,25,1*58
[   64.5] $GPGSV,4,2,15,6,26,294,,7,40,179,,8,11,091,,9,41,149,46,1*65
[   64.5] $GPGSV,4,3,15,11,14,259,,14,47,342,,15,-40,258,28,17,09,351,24,1*49
[   64.5] $GPGSV,4,4,15,21,15,216,,22,26,338,,30,42,243,27,1*5B
[   64.5] $GPRMC,054845.38,V,,,,,,,090926,,,N,V*00
[   65.5] $GPGGA,054846.38,,,,,0,,99.99,,M,,M,,*66
[   65.5] $GPGLL,,,,,054846.38,V,N*4A
[   65.5] $GPGSA,A,1,,,,,,,,,,,,,99.99,99.99,99.99,1*2D
[   65.5] $GPGSV,2,1,6,1,,,25,4,,,47,5,,,25,9,,,46,1*59
[   65.5] $GPGSV,2,2,6,15,,,25,30,,,25,1*55
[   65.5] $GPRMC,054846.38,V,,,,,,,090926,,,N,V*03
[   66.6] $GPGGA,054847.38,,,,,0,,99.99,,M,,M,,*67
[   66.6] $GPGLL,,,,,054847.38,V,N*4B
[   66.6] $GPGSA,A,1,,,,,,,,,,,,,99.99,99.99,99.99,1*2D
[   66.6] $GPGSV,2,1,6,1,,,25,4,,,47,5,,,24,9,,,46,1*58
[   66.6] $GPGSV,2,2,6,15,,,25,30,,,25,1*55
[   66.6] $GPRMC,054847.38,V,,,,,,,090926,,,N,V*02
[   67.7] $GPGGA,054848.38,,,,,0,,99.99,,M,,M,,*68
[   67.7] $GPGLL,,,,,054848.38,V,N*44
[   67.7] $GPGSA,A,1,,,,,,,,,,,,,99.99,99.99,99.99,1*2D
[   67.7] $GPGSV,2,1,6,1,,,25,4,,,47,5,,,24,9,,,46,1*58
[   67.7] $GPGSV,2,2,6,21,,,27,30,,,25,1*50
[   67.7] $GPRMC,054848.38,V,,,,,,,090926,,,N,V*0D
[   68.7] $GPGGA,054849.38,,,,,0,,99.99,,M,,M,,*69
[   68.7] $GPGLL,,,,,054849.38,V,N*45
[   68.7] $GPGSA,A,1,,,,,,,,,,,,,99.99,99.99,99.99,1*2D
[   68.7] $GPGSV,1,1,4,4,,,47,9,,,47,20,,,26,21,,,25,1*5F
[   68.7] $GPRMC,054849.38,V,,,,,,,090926,,,N,V*0C
[   69.8] $GPGGA,054850.38,,,,,0,,99.99,,M,,M,,*61
[   69.8] $GPGLL,,,,,054850.38,V,N*4D
[   69.8] $GPGSA,A,1,,,,,,,,,,,,,99.99,99.99,99.99,1*2D
[   69.8] $GPGSV,1,1,4,4,,,47,9,,,47,20,,,25,21,,,24,1*5D
[   69.8] $GPRMC,054850.38,V,,,,,,,090926,,,N,V*04
[   70.3] $GPGGA,054851.38,,,,,0,,99.99,,M,,M,,*60
[   70.3] $GPGLL,,,,,054851.38,V,N*4C
[   70.3] $GPGSA,A,1,,,,,,,,,,,,,99.99,99.99,99.99,1*2D
[   70.3] $GPGSV,2,1,6,2,,,26,4,,,47,5,,,28,9,,,46,1*54
[   70.3] $GPGSV,2,2,6,20,,,24,21,,,25,1*52
[   70.3] $GPRMC,054851.38,V,,,,,,,090926,,,N,V*05
[   71.3] $GPGGA,054852.38,,,,,0,,99.99,,M,,M,,*63
[   71.3] $GPGLL,,,,,054852.38,V,N*4F
[   71.3] $GPGSA,A,1,,,,,,,,,,,,,99.99,99.99,99.99,1*2D
[   71.3] $GPGSV,2,1,5,2,,,25,4,,,47,5,,,25,9,,,47,1*58
[   71.3] $GPGSV,2,2,5,20,,,25,1*54
[   71.3] $GPRMC,054852.38,V,,,,,,,090926,,,N,V*06
[   72.4] $GPGGA,054853.38,,,,,0,,99.99,,M,,M,,*62
[   72.4] $GPGLL,,,,,054853.38,V,N*4E
[   72.4] $GPGSA,A,1,,,,,,,,,,,,,99.99,99.99,99.99,1*2D
[   72.4] $GPGSV,2,1,5,4,,,47,5,,,25,9,,,47,14,,,29,1*63
[   72.4] $GPGSV,2,2,5,18,,,29,1*53
[   72.4] $GPRMC,054853.38,V,,,,,,,090926,,,N,V*07
[   73.4] $GPGGA,054854.38,,,,,0,01,99.99,,M,,M,,*64
[   73.4] $GPGLL,,,,,054854.38,V,N*49
[   73.4] $GPGSA,A,1,,,,,,,,,,,,,99.99,99.99,99.99,1*2D
[   73.4] $GPGSV,2,1,6,4,,,47,5,,,25,9,,,47,14,,,29,1*60
[   73.4] $GPGSV,2,2,6,15,,,26,18,,,25,1*5C
[   73.4] $GPRMC,054854.38,V,,,,,,,090926,,,N,V*00
[   74.5] $GPGGA,054855.38,,,,,0,01,99.99,,M,,M,,*65
[   74.5] $GPGLL,,,,,054855.38,V,N*48
[   74.5] $GPGSA,A,1,,,,,,,,,,,,,99.99,99.99,99.99,1*2D
[   74.5] $GPGSV,1,1,3,4,,,47,9,,,47,14,,,30,1*5C
[   74.5] $GPRMC,054855.38,V,,,,,,,090926,,,N,V*01
[   75.5] $GPGGA,054856.38,,,,,0,01,99.99,,M,,M,,*66
[   75.5] $GPGLL,,,,,054856.38,V,N*4B
[   75.5] $GPGSA,A,1,,,,,,,,,,,,,99.99,99.99,99.99,1*2D
[   75.5] $GPGSV,1,1,4,4,,,47,8,,,26,9,,,47,14,,,31,1*66
[   75.5] $GPRMC,054856.38,V,,,,,,,090926,,,N,V*02
[   76.6] $GPGGA,054857.38,,,,,0,01,99.99,,M,,M,,*67
[   76.6] $GPGLL,,,,,054857.38,V,N*4A
[   76.6] $GPGSA,A,1,,,,,,,,,,,,,99.99,99.99,99.99,1*2D
[   76.6] $GPGSV,2,1,5,4,,,47,8,,,24,9,,,47,14,,,32,1*65
[   76.6] $GPGSV,2,2,5,18,,,28,1*52
[   76.6] $GPRMC,054857.38,V,,,,,,,090926,,,N,V*03
[   77.6] $GPGGA,054858.38,,,,,0,01,99.99,,M,,M,,*68
[   77.6] $GPGLL,,,,,054858.38,V,N*45
[   77.6] $GPGSA,A,1,,,,,,,,,,,,,99.99,99.99,99.99,1*2D
[   77.6] $GPGSV,2,1,6,4,,,47,7,,,29,8,,,25,9,,,47,1*5F
[   77.6] $GPGSV,2,2,6,14,,,32,18,,,25,1*58
[   77.6] $GPRMC,054858.38,V,,,,,,,090926,,,N,V*0C
[   78.7] $GPGGA,054859.38,,,,,0,01,99.99,,M,,M,,*69
[   78.7] $GPGLL,,,,,054859.38,V,N*44
[   78.7] $GPGSA,A,1,,,,,,,,,,,,,99.99,99.99,99.99,1*2D
[   78.7] $GPGSV,2,1,6,4,,,47,7,,,25,8,,,25,9,,,47,1*53
[   78.7] $GPGSV,2,2,6,14,,,33,18,,,24,1*58
[   78.7] $GPRMC,054859.38,V,,,,,,,090926,,,N,V*0D
[   79.7] $GPGGA,054900.38,,,,,0,02,99.99,,M,,M,,*67
[   79.7] $GPGLL,,,,,054900.38,V,N*49
[   79.7] $GPGSA,A,1,,,,,,,,,,,,,99.99,99.99,99.99,1*2D
[   79.7] $GPGSV,2,1,5,4,,,46,7,,,25,9,,,46,14,,,33,1*6A
[   79.7] $GPGSV,2,2,5,18,,,25,1*5F
[   79.7] $GPRMC,054900.38,V,,,,,,,090926,,,N,V*00
[   80.8] $GPGGA,054901.38,,,,,0,02,99.99,,M,,M,,*66
[   80.8] $GPGLL,,,,,054901.38,V,N*48
[   80.8] $GPGSA,A,1,,,,,,,,,,,,,99.99,99.99,99.99,1*2D
[   80.8] $GPGSV,2,1,5,1,,,26,4,,,46,7,,,25,9,,,46,1*5A
[   80.8] $GPGSV,2,2,5,14,,,33,1*54
[   80.8] $GPRMC,054901.38,V,,,,,,,090926,,,N,V*01
[   81.3] $GPGGA,054902.38,,,,,0,02,99.99,,M,,M,,*65
[   81.3] $GPGLL,,,,,054902.38,V,N*4B
[   81.3] $GPGSA,A,1,,,,,,,,,,,,,99.99,99.99,99.99,1*2D
[   81.3] $GPGSV,1,1,3,4,,,46,9,,,46,14,,,34,1*58
[   81.3] $GPRMC,054902.38,V,,,,,,,090926,,,N,V*02
[   82.3] $GPGGA,054903.38,,,,,0,02,99.99,,M,,M,,*64
[   82.3] $GPGLL,,,,,054903.38,V,N*4A
[   82.3] $GPGSA,A,1,,,,,,,,,,,,,99.99,99.99,99.99,1*2D
[   82.3] $GPGSV,1,1,4,4,,,46,9,,,46,14,,,34,15,,,26,1*5F
[   82.3] $GPRMC,054903.38,V,,,,,,,090926,,,N,V*03
[   83.4] $GPGGA,054904.38,,,,,0,02,99.99,,M,,M,,*63
[   83.4] $GPGLL,,,,,054904.38,V,N*4D
[   83.4] $GPGSA,A,1,,,,,,,,,,,,,99.99,99.99,99.99,1*2D
[   83.4] $GPGSV,2,1,6,4,,,46,9,,,46,11,,,26,14,,,34,1*5A
[   83.4] $GPGSV,2,2,6,15,,,25,18,,,31,1*5A
[   83.4] $GPRMC,054904.38,V,,,,,,,090926,,,N,V*04
[   84.4] $GPGGA,054905.38,,,,,0,02,99.99,,M,,M,,*62
[   84.4] $GPGLL,,,,,054905.38,V,N*4C
[   84.4] $GPGSA,A,1,,,,,,,,,,,,,99.99,99.99,99.99,1*2D
[   84.4] $GPGSV,2,1,5,2,,,26,4,,,46,9,,,46,14,,,34,1*6B
[   84.4] $GPGSV,2,2,5,18,,,26,1*5C
[   84.4] $GPRMC,054905.38,V,,,,,,,090926,,,N,V*05
[   85.5] $GPGGA,054906.38,,,,,0,02,99.99,,M,,M,,*61
[   85.5] $GPGLL,,,,,054906.38,V,N*4F
[   85.5] $GPGSA,A,1,,,,,,,,,,,,,99.99,99.99,99.99,1*2D
[   85.5] $GPGSV,2,1,7,2,,,25,4,,,46,7,,,30,9,,,46,1*5C
[   85.5] $GPGSV,2,2,7,14,,,34,16,,,26,18,,,26,1*5F
[   85.5] $GPRMC,054906.38,V,,,,,,,090926,,,N,V*06
[   86.5] $GPGGA,054907.38,,,,,0,02,99.99,,M,,M,,*60
[   86.5] $GPGLL,,,,,054907.38,V,N*4E
[   86.5] $GPGSA,A,1,,,,,,,,,,,,,99.99,99.99,99.99,1*2D
[   86.5] $GPGSV,2,1,5,2,,,24,4,,,46,7,,,26,9,,,46,1*58
[   86.5] $GPGSV,2,2,5,14,,,34,1*53
[   86.5] $GPRMC,054907.38,V,,,,,,,090926,,,N,V*07
[   87.6] $GPGGA,054908.38,,,,,0,02,99.99,,M,,M,,*6F
[   87.6] $GPGLL,,,,,054908.38,V,N*41
[   87.6] $GPGSA,A,1,,,,,,,,,,,,,99.99,99.99,99.99,1*2D
[   87.6] $GPGSV,2,1,5,2,,,24,4,,,46,7,,,26,9,,,46,1*58
[   87.6] $GPGSV,2,2,5,14,,,34,1*53
[   87.6] $GPRMC,054908.38,V,,,,,,,090926,,,N,V*08
[   88.6] $GPGGA,054909.38,,,,,0,02,99.99,,M,,M,,*6E
[   88.6] $GPGLL,,,,,054909.38,V,N*40
[   88.6] $GPGSA,A,1,,,,,,,,,,,,,99.99,99.99,99.99,1*2D
[   88.6] $GPGSV,1,1,4,4,,,46,9,,,46,14,,,34,16,,,26,1*5C
[   88.6] $GPRMC,054909.38,V,,,,,,,090926,,,N,V*09
[   89.7] $GPGGA,054910.38,,,,,0,02,99.99,,M,,M,,*66
[   89.7] $GPGLL,,,,,054910.38,V,N*48
[   89.7] $GPGSA,A,1,,,,,,,,,,,,,99.99,99.99,99.99,1*2D
[   89.7] $GPGSV,1,1,4,4,,,46,9,,,46,14,,,35,15,,,26,1*5E
[   89.7] $GPRMC,054910.38,V,,,,,,,090926,,,N,V*01
[   90.7] $GPGGA,054911.38,,,,,0,02,99.99,,M,,M,,*67
[   90.7] $GPGLL,,,,,054911.38,V,N*49
[   90.7] $GPGSA,A,1,,,,,,,,,,,,,99.99,99.99,99.99,1*2D
[   90.7] $GPGSV,2,1,5,1,,,26,4,,,46,9,,,46,14,,,34,1*68
[   90.7] $GPGSV,2,2,5,15,,,25,1*52
[   90.7] $GPRMC,054911.38,V,,,,,,,090926,,,N,V*00
[   91.7] $GPGGA,054912.38,,,,,0,02,99.99,,M,,M,,*64
[   91.7] $GPGLL,,,,,054912.38,V,N*4A
[   91.7] $GPGSA,A,1,,,,,,,,,,,,,99.99,99.99,99.99,1*2D
[   91.7] $GPGSV,1,1,3,4,,,46,9,,,46,14,,,34,1*58
[   91.7] $GPRMC,054912.38,V,,,,,,,090926,,,N,V*03
[   92.3] $GPGGA,054913.38,,,,,0,02,99.99,,M,,M,,*65
[   92.3] $GPGLL,,,,,054913.38,V,N*4B
[   92.3] $GPGSA,A,1,,,,,,,,,,,,,99.99,99.99,99.99,1*2D
[   92.3] $GPGSV,1,1,3,4,,,46,9,,,46,14,,,35,1*59
[   92.3] $GPRMC,054913.38,V,,,,,,,090926,,,N,V*02
[   93.3] $GPGGA,054914.38,,,,,0,02,99.99,,M,,M,,*62
[   93.3] $GPGLL,,,,,054914.38,V,N*4C
[   93.3] $GPGSA,A,1,,,,,,,,,,,,,99.99,99.99,99.99,1*2D
[   93.3] $GPGSV,2,1,5,3,,,26,4,,,46,9,,,46,14,,,34,1*6A
[   93.3] $GPGSV,2,2,5,16,,,27,1*53
[   93.3] $GPRMC,054914.38,V,,,,,,,090926,,,N,V*05
[   94.4] $GPGGA,054915.38,,,,,0,02,99.99,,M,,M,,*63
[   94.4] $GPGLL,,,,,054915.38,V,N*4D
[   94.4] $GPGSA,A,1,,,,,,,,,,,,,99.99,99.99,99.99,1*2D
[   94.4] $GPGSV,2,1,5,3,,,25,4,,,46,9,,,46,14,,,34,1*69
[   94.4] $GPGSV,2,2,5,16,,,25,1*51
[   94.4] $GPRMC,054915.38,V,,,,,,,090926,,,N,V*04
[   95.4] $GPGGA,054916.38,,,,,0,02,99.99,,M,,M,,*60
[   95.4] $GPGLL,,,,,054916.38,V,N*4E
[   95.4] $GPGSA,A,1,,,,,,,,,,,,,99.99,99.99,99.99,1*2D
[   95.4] $GPGSV,1,1,4,4,,,46,9,,,46,14,,,34,16,,,25,1*5F
[   95.4] $GPRMC,054916.38,V,,,,,,,090926,,,N,V*07
[   96.5] $GPGGA,054917.38,,,,,0,02,99.99,,M,,M,,*61
[   96.5] $GPGLL,,,,,054917.38,V,N*4F
[   96.5] $GPGSA,A,1,,,,,,,,,,,,,99.99,99.99,99.99,1*2D
[   96.5] $GPGSV,2,1,5,4,,,46,9,,,46,14,,,35,15,,,26,1*5C
[   96.5] $GPGSV,2,2,5,16,,,25,1*51
[   96.5] $GPRMC,054917.38,V,,,,,,,090926,,,N,V*06
[   97.5] $GPGGA,054918.38,,,,,0,02,99.99,,M,,M,,*6E
[   97.5] $GPGLL,,,,,054918.38,V,N*40
[   97.5] $GPGSA,A,1,,,,,,,,,,,,,99.99,99.99,99.99,1*2D
[   97.5] $GPGSV,1,1,4,4,,,46,9,,,46,14,,,35,15,,,25,1*5D
[   97.5] $GPRMC,054918.38,V,,,,,,,090926,,,N,V*09
[   98.6] $GPGGA,054919.38,,,,,0,02,99.99,,M,,M,,*6F
[   98.6] $GPGLL,,,,,054919.38,V,N*41
[   98.6] $GPGSA,A,1,,,,,,,,,,,,,99.99,99.99,99.99,1*2D
[   98.6] $GPGSV,2,1,5,4,,,46,7,,,28,9,,,46,14,,,35,1*61
[   98.6] $GPGSV,2,2,5,15,,,25,1*52
[   98.6] $GPRMC,054919.38,V,,,,,,,090926,,,N,V*08
[   99.6] $GPGGA,054920.38,,,,,0,02,99.99,,M,,M,,*65
[   99.6] $GPGLL,,,,,054920.38,V,N*4B
[   99.6] $GPGSA,A,1,,,,,,,,,,,,,99.99,99.99,99.99,1*2D
[   99.6] $GPGSV,2,1,7,4,,,46,7,,,26,9,,,46,14,,,35,1*6D
[   99.6] $GPGSV,2,2,7,15,,,25,17,,,26,29,,,25,1*5E
[   99.6] $GPRMC,054920.38,V,,,,,,,090926,,,N,V*02
[  100.7] $GPGGA,054921.38,,,,,0,02,99.99,,M,,M,,*64
[  100.7] $GPGLL,,,,,054921.38,V,N*4A
[  100.7] $GPGSA,A,1,,,,,,,,,,,,,99.99,99.99,99.99,1*2D
[  100.7] $GPGSV,2,1,7,1,,,26,4,,,46,7,,,25,9,,,46,1*58
[  100.7] $GPGSV,2,2,7,14,,,35,17,,,26,29,,,25,1*5E
[  100.7] $GPRMC,054921.38,V,,,,,,,090926,,,N,V*03
[  101.7] $GPGGA,054922.38,,,,,0,02,99.99,,M,,M,,*67
[  101.7] $GPGLL,,,,,054922.38,V,N*49
[  101.7] $GPGSA,A,1,,,,,,,,,,,,,99.99,99.99,99.99,1*2D
[  101.7] $GPGSV,3,1,9,1,,,25,4,,,46,5,,,26,7,,,25,1*5E
[  101.7] $GPGSV,3,2,9,8,,,29,9,,,46,14,,,35,17,,,24,1*57
[  101.7] $GPGSV,3,3,9,29,,,25,1*51
[  101.7] $GPRMC,054922.38,V,,,,,,,090926,,,N,V*00
[  102.8] $GPGGA,054923.38,,,,,0,02,99.99,,M,,M,,*66
[  102.8] $GPGLL,,,,,054923.38,V,N*48
[  102.8] $GPGSA,A,1,,,,,,,,,,,,,99.99,99.99,99.99,1*2D
[  102.8] $GPGSV,2,1,6,4,,,46,8,,,25,9,,,46,14,,,35,1*60
[  102.8] $GPGSV,2,2,6,17,,,25,29,,,25,1*5F
[  102.8] $GPRMC,054923.38,V,,,,,,,090926,,,N,V*01
[  103.3] $GPGGA,054924.38,,,,,0,03,99.99,,M,,M,,*60
[  103.3] $GPGLL,,,,,054924.38,V,N*4F
[  103.3] $GPGSA,A,1,,,,,,,,,,,,,99.99,99.99,99.99,1*2D
[  103.3] $GPGSV,2,1,5,4,,,46,8,,,24,9,,,46,14,,,34,1*63
[  103.3] $GPGSV,2,2,5,18,,,27,1*5D
[  103.3] $GPRMC,054924.38,V,,,,,,,090926,,,N,V*06
[  104.4] $GPGGA,054925.38,,,,,0,03,99.99,,M,,M,,*61
[  104.4] $GPGLL,,,,,054925.38,V,N*4E
[  104.4] $GPGSA,A,1,,,,,,,,,,,,,99.99,99.99,99.99,1*2D
[  104.4] $GPGSV,2,1,6,4,,,46,8,,,25,9,,,46,14,,,35,1*60
[  104.4] $GPGSV,2,2,6,16,,,26,18,,,25,1*5F
[  104.4] $GPRMC,054925.38,V,,,,,,,090926,,,N,V*07
[  105.4] $GPGGA,054926.38,,,,,0,03,99.99,,M,,M,,*62
[  105.4] $GPGLL,,,,,054926.38,V,N*4D
[  105.4] $GPGSA,A,1,,,,,,,,,,,,,99.99,99.99,99.99,1*2D
[  105.4] $GPGSV,2,1,5,4,,,46,9,,,46,14,,,35,16,,,25,1*5C
[  105.4] $GPGSV,2,2,5,18,,,25,1*5F
[  105.4] $GPRMC,054926.38,V,,,,,,,090926,,,N,V*04
[  106.5] $GPGGA,054927.38,,,,,0,03,99.99,,M,,M,,*63
[  106.5] $GPGLL,,,,,054927.38,V,N*4C
[  106.5] $GPGSA,A,1,,,,,,,,,,,,,99.99,99.99,99.99,1*2D
[  106.5] $GPGSV,1,1,4,4,,,46,9,,,46,14,,,34,18,,,25,1*51
[  106.5] $GPRMC,054927.38,V,,,,,,,090926,,,N,V*05
[  107.5] $GPGGA,054928.38,,,,,0,03,99.99,,M,,M,,*6C
[  107.5] $GPGLL,,,,,054928.38,V,N*43
[  107.5] $GPGSA,A,1,,,,,,,,,,,,,99.99,99.99,99.99,1*2D
[  107.5] $GPGSV,1,1,4,4,,,46,9,,,46,14,,,34,15,,,26,1*5F
[  107.5] $GPRMC,054928.38,V,,,,,,,090926,,,N,V*0A
[  108.6] $GPGGA,054929.38,,,,,0,03,99.99,,M,,M,,*6D
[  108.6] $GPGLL,,,,,054929.38,V,N*42
[  108.6] $GPGSA,A,1,,,,,,,,,,,,,99.99,99.99,99.99,1*2D
[  108.6] $GPGSV,2,1,5,4,,,46,9,,,46,14,,,34,15,,,25,1*5E
[  108.6] $GPGSV,2,2,5,16,,,26,1*52
[  108.6] $GPRMC,054929.38,V,,,,,,,090926,,,N,V*0B
[  109.6] $GPGGA,054930.38,,,,,0,03,99.99,,M,,M,,*65
[  109.6] $GPGLL,,,,,054930.38,V,N*4A
[  109.6] $GPGSA,A,1,,,,,,,,,,,,,99.99,99.99,99.99,1*2D
[  109.6] $GPGSV,2,1,7,4,,,46,9,,,46,14,,,34,15,,,25,1*5C
[  109.6] $GPGSV,2,2,7,16,,,25,18,,,29,30,,,24,1*54
[  109.6] $GPRMC,054930.38,V,,,,,,,090926,,,N,V*03
[  110.7] $GPGGA,054931.38,,,,,0,03,99.99,,M,,M,,*64
[  110.7] $GPGLL,,,,,054931.38,V,N*4B
[  110.7] $GPGSA,A,1,,,,,,,,,,,,,99.99,99.99,99.99,1*2D
[  110.7] $GPGSV,1,1,4,4,,,46,9,,,46,14,,,34,18,,,26,1*52
[  110.7] $GPRMC,054931.38,V,,,,,,,090926,,,N,V*02
[  111.7] $GPGGA,054932.38,,,,,0,03,99.99,,M,,M,,*67
[  111.7] $GPGLL,,,,,054932.38,V,N*48
[  111.7] $GPGSA,A,1,,,,,,,,,,,,,99.99,99.99,99.99,1*2D
[  111.7] $GPGSV,1,1,4,4,,,46,9,,,46,14,,,34,18,,,25,1*51
[  111.7] $GPRMC,054932.38,V,,,,,,,090926,,,N,V*01
[  112.3] $GPGGA,054933.38,,,,,0,03,99.99,,M,,M,,*66
[  112.8] $GPGLL,,,,,054933.38,V,N*49
[  112.8] $GPGSA,A,1,,,,,,,,,,,,,99.99,99.99,99.99,1*2D
[  112.8] $GPGSV,2,1,5,4,,,46,8,,,27,9,,,47,14,,,34,1*61
[  112.8] $GPGSV,2,2,5,18,,,24,1*5E
[  112.8] $GPRMC,054933.38,V,,,,,,,090926,,,N,V*00
[  113.3] $GPGGA,054934.38,,,,,0,03,99.99,,M,,M,,*61
[  113.3] $GPGLL,,,,,054934.38,V,N*4E
[  113.3] $GPGSA,A,1,,,,,,,,,,,,,99.99,99.99,99.99,1*2D
[  113.3] $GPGSV,2,1,6,4,,,46,6,,,26,8,,,25,9,,,47,1*50
[  113.3] $GPGSV,2,2,6,11,,,26,14,,,34,1*54
[  113.3] $GPRMC,054934.38,V,,,,,,,090926,,,N,V*07
[  114.4] $GPGGA,054935.38,,,,,0,03,99.99,,M,,M,,*60
[  114.4] $GPGLL,,,,,054935.38,V,N*4F
[  114.4] $GPGSA,A,1,,,,,,,,,,,,,99.99,99.99,99.99,1*2D
[  114.4] $GPGSV,2,1,6,4,,,46,6,,,25,8,,,25,9,,,46,1*52
[  114.4] $GPGSV,2,2,6,11,,,25,14,,,34,1*57
[  114.4] $GPRMC,054935.38,V,,,,,,,090926,,,N,V*06
[  115.4] $GPGGA,054936.38,,,,,0,03,99.99,,M,,M,,*63
[  115.4] $GPGLL,,,,,054936.38,V,N*4C
[  115.4] $GPGSA,A,1,,,,,,,,,,,,,99.99,99.99,99.99,1*2D
[  115.4] $GPGSV,2,1,7,2,,,42,4,,,46,6,,,25,8,,,24,1*5D
[  115.4] $GPGSV,2,2,7,9,,,46,11,,,25,14,,,33,1*6A
[  115.4] $GPRMC,054936.38,V,,,,,,,090926,,,N,V*05
[  116.5] $GPGGA,054937.38,,,,,0,03,99.99,,M,,M,,*62
[  116.5] $GPGLL,,,,,054937.38,V,N*4D
[  116.5] $GPGSA,A,1,,,,,,,,,,,,,99.99,99.99,99.99,1*2D
[  116.5] $GPGSV,2,1,6,2,,,27,4,,,46,6,,,25,9,,,46,1*5A
[  116.5] $GPGSV,2,2,6,11,,,25,14,,,34,1*57
[  116.5] $GPRMC,054937.38,V,,,,,,,090926,,,N,V*04
[  117.5] $GPGGA,054938.38,,,,,0,03,99.99,,M,,M,,*6D
[  117.5] $GPGLL,,,,,054938.38,V,N*42
[  117.5] $GPGSA,A,1,,,,,,,,,,,,,99.99,99.99,99.99,1*2D
[  117.5] $GPGSV,1,1,4,2,,,25,4,,,46,9,,,46,14,,,33,1*6D
[  117.5] $GPRMC,054938.38,V,,,,,,,090926,,,N,V*0B
[  118.6] $GPGGA,054939.38,,,,,0,03,99.99,,M,,M,,*6C
[  118.6] $GPGLL,,,,,054939.38,V,N*43
[  118.6] $GPGSA,A,1,,,,,,,,,,,,,99.99,99.99,99.99,1*2D
[  118.6] $GPGSV,2,1,7,1,,,26,2,,,24,4,,,46,9,,,46,1*5C
[  118.6] $GPGSV,2,2,7,14,,,34,17,,,26,193,,,28,1*62
[  118.6] $GPRMC,054939.38,V,,,,,,,090926,,,N,V*0A
[  119.6] $GPGGA,054940.38,,,,,0,03,99.99,,M,,M,,*62
[  119.6] $GPGLL,,,,,054940.38,V,N*4D
[  119.6] $GPGSA,A,1,,,,,,,,,,,,,99.99,99.99,99.99,1*2D
[  119.6] $GPGSV,2,1,8,1,,,26,4,,,46,6,,,25,9,,,46,1*56
[  119.6] $GPGSV,2,2,8,14,,,33,17,,,25,18,,,27,193,,,26,1*6B
[  119.6] $GPRMC,054940.38,V,,,,,,,090926,,,N,V*04
[  120.7] $GPGGA,054941.38,,,,,0,03,99.99,,M,,M,,*63
[  120.7] $GPGLL,,,,,054941.38,V,N*4C
[  120.7] $GPGSA,A,1,,,,,,,,,,,,,99.99,99.99,99.99,1*2D
[  120.7] $GPGSV,1,1,4,4,,,46,9,,,46,14,,,33,17,,,24,1*58
[  120.7] $GPRMC,054941.38,V,,,,,,,090926,,,N,V*05
[  121.7] $GPGGA,054942.38,,,,,0,03,99.99,,M,,M,,*60
[  121.7] $GPGLL,,,,,054942.38,V,N*4F
[  121.7] $GPGSA,A,1,,,,,,,,,,,,,99.99,99.99,99.99,1*2D
[  121.7] $GPGSV,2,1,6,2,,,42,4,,,46,9,,,46,14,,,33,1*6D
[  121.7] $GPGSV,2,2,6,17,,,25,20,,,26,1*55
[  121.7] $GPRMC,054942.38,V,,,,,,,090926,,,N,V*06
[  122.3] $GPGGA,054943.38,,,,,0,03,99.99,,M,,M,,*61
[  122.3] $GPGLL,,,,,054943.38,V,N*4E
[  122.3] $GPGSA,A,1,,,,,,,,,,,,,99.99,99.99,99.99,1*2D
[  122.3] $GPGSV,2,1,5,2,,,29,4,,,46,9,,,46,14,,,33,1*63
[  122.3] $GPGSV,2,2,5,20,,,25,1*54
[  122.3] $GPRMC,054943.38,V,,,,,,,090926,,,N,V*07
[  123.3] $GPGGA,054944.38,,,,,0,03,99.99,,M,,M,,*66
[  123.3] $GPGLL,,,,,054944.38,V,N*49
[  123.3] $GPGSA,A,1,,,,,,,,,,,,,99.99,99.99,99.99,1*2D
[  123.3] $GPGSV,2,1,7,2,,,25,4,,,46,7,,,25,9,,,46,1*58
[  123.3] $GPGSV,2,2,7,14,,,33,15,,,27,20,,,24,1*53
[  123.3] $GPRMC,054944.38,V,,,,,,,090926,,,N,V*00
[  124.4] $GPGGA,054945.38,,,,,0,03,99.99,,M,,M,,*67
[  124.4] $GPGLL,,,,,054945.38,V,N*48
[  124.4] $GPGSA,A,1,,,,,,,,,,,,,99.99,99.99,99.99,1*2D
[  124.4] $GPGSV,2,1,7,2,,,25,4,,,46,7,,,24,9,,,46,1*59
[  124.4] $GPGSV,2,2,7,14,,,33,15,,,25,20,,,25,1*50
[  124.4] $GPRMC,054945.38,V,,,,,,,090926,,,N,V*01
[  125.4] $GPGGA,054946.38,,,,,0,03,99.99,,M,,M,,*64
[  125.4] $GPGLL,,,,,054946.38,V,N*4B
[  125.4] $GPGSA,A,1,,,,,,,,,,,,,99.99,99.99,99.99,1*2D
[  125.4] $GPGSV,2,1,5,4,,,45,7,,,24,9,,,46,14,,,33,1*68
[  125.4] $GPGSV,2,2,5,15,,,24,1*53
[  125.4] $GPRMC,054946.38,V,,,,,,,090926,,,N,V*02
[  126.5] $GPGGA,054947.38,,,,,0,03,99.99,,M,,M,,*65
[  126.5] $GPGLL,,,,,054947.38,V,N*4A
[  126.5] $GPGSA,A,1,,,,,,,,,,,,,99.99,99.99,99.99,1*2D
[  126.5] $GPGSV,2,1,6,2,,,33,4,,,45,7,,,24,9,,,47,1*5D
[  126.5] $GPGSV,2,2,6,14,,,33,15,,,25,1*54
[  126.5] $GPRMC,054947.38,V,,,,,,,090926,,,N,V*03
[  127.5] $GPGGA,054948.38,,,,,0,03,99.99,,M,,M,,*6A
[  127.5] $GPGLL,,,,,054948.38,V,N*45
[  127.5] $GPGSA,A,1,,,,,,,,,,,,,99.99,99.99,99.99,1*2D
[  127.5] $GPGSV,1,1,4,2,,,26,4,,,45,9,,,46,14,,,33,1*6D
[  127.5] $GPRMC,054948.38,V,,,,,,,090926,,,N,V*0C
[  128.6] $GPGGA,054949.38,,,,,0,03,99.99,,M,,M,,*6B
[  128.6] $GPGLL,,,,,054949.38,V,N*44
[  128.6] $GPGSA,A,1,,,,,,,,,,,,,99.99,99.99,99.99,1*2D
[  128.6] $GPGSV,1,1,4,2,,,25,4,,,45,9,,,47,14,,,33,1*6F
[  128.6] $GPRMC,054949.38,V,,,,,,,090926,,,N,V*0D
[  129.6] $GPGGA,054950.38,,,,,0,03,99.99,,M,,M,,*63
[  129.6] $GPGLL,,,,,054950.38,V,N*4C
[  129.6] $GPGSA,A,1,,,,,,,,,,,,,99.99,99.99,99.99,1*2D
[  129.6] $GPGSV,1,1,4,2,,,25,4,,,46,9,,,47,14,,,33,1*6C
[  129.6] $GPRMC,054950.38,V,,,,,,,090926,,,N,V*05
[  130.7] $GPGGA,054951.38,,,,,0,03,99.99,,M,,M,,*62
[  130.7] $GPGLL,,,,,054951.38,V,N*4D
[  130.7] $GPGSA,A,1,,,,,,,,,,,,,99.99,99.99,99.99,1*2D
[  130.7] $GPGSV,1,1,4,4,,,46,9,,,47,14,,,33,18,,,26,1*54
[  130.7] $GPRMC,054951.38,V,,,,,,,090926,,,N,V*04
[  131.7] $GPGGA,054952.38,,,,,0,03,99.99,,M,,M,,*61
[  131.7] $GPGLL,,,,,054952.38,V,N*4E
[  131.7] $GPGSA,A,1,,,,,,,,,,,,,99.99,99.99,99.99,1*2D
[  131.7] $GPGSV,1,1,4,4,,,46,9,,,47,14,,,33,18,,,25,1*57
[  131.7] $GPRMC,054952.38,V,,,,,,,090926,,,N,V*07
[  132.8] $GPGGA,054953.38,,,,,0,03,99.99,,M,,M,,*60
[  132.8] $GPGLL,,,,,054953.38,V,N*4F
[  132.8] $GPGSA,A,1,,,,,,,,,,,,,99.99,99.99,99.99,1*2D
[  132.8] $GPGSV,1,1,4,4,,,46,9,,,47,14,,,33,18,,,25,1*57
[  132.8] $GPRMC,054953.38,V,,,,,,,090926,,,N,V*06
[  133.3] $GPGGA,054954.38,,,,,0,03,99.99,,M,,M,,*67
[  133.3] $GPGLL,,,,,054954.38,V,N*48
[  133.3] $GPGSA,A,1,,,,,,,,,,,,,99.99,99.99,99.99,1*2D
[  133.3] $GPGSV,2,1,5,2,,,27,4,,,46,9,,,47,14,,,33,1*6C
[  133.3] $GPGSV,2,2,5,18,,,24,1*5E
[  133.3] $GPRMC,054954.38,V,,,,,,,090926,,,N,V*01
[  134.3] $GPGGA,054955.38,,,,,0,03,99.99,,M,,M,,*66
[  134.3] $GPGLL,,,,,054955.38,V,N*49
[  134.3] $GPGSA,A,1,,,,,,,,,,,,,99.99,99.99,99.99,1*2D
[  134.3] $GPGSV,1,1,4,2,,,25,4,,,46,9,,,47,14,,,34,1*6B
[  134.3] $GPRMC,054955.38,V,,,,,,,090926,,,N,V*00
[  135.4] $GPGGA,054956.38,,,,,0,03,99.99,,M,,M,,*65
[  135.4] $GPGLL,,,,,054956.38,V,N*4A
[  135.4] $GPGSA,A,1,,,,,,,,,,,,,99.99,99.99,99.99,1*2D
[  135.4] $GPGSV,1,1,4,2,,,15,4,,,46,9,,,47,14,,,34,1*68
[  135.4] $GPRMC,054956.38,V,,,,,,,090926,,,N,V*03
[  136.4] $GPGGA,054957.38,,,,,0,03,99.99,,M,,M,,*64
[  136.4] $GPGLL,,,,,054957.38,V,N*4B
[  136.4] $GPGSA,A,1,,,,,,,,,,,,,99.99,99.99,99.99,1*2D
[  136.4] $GPGSV,2,1,5,2,,,03,4,,,46,9,,,47,14,,,34,1*6D
[  136.4] $GPGSV,2,2,5,18,,,26,1*5C
[  136.4] $GPRMC,054957.38,V,,,,,,,090926,,,N,V*02
[  137.5] $GPGGA,054958.38,,,,,0,03,99.99,,M,,M,,*6B
[  137.5] $GPGLL,,,,,054958.38,V,N*44
[  137.5] $GPGSA,A,1,,,,,,,,,,,,,99.99,99.99,99.99,1*2D
[  137.5] $GPGSV,1,1,4,4,,,45,9,,,46,14,,,33,18,,,25,1*55
[  137.5] $GPRMC,054958.38,V,,,,,,,090926,,,N,V*0D
[  138.5] $GPGGA,054959.38,,,,,0,03,99.99,,M,,M,,*6A
[  138.5] $GPGLL,,,,,054959.38,V,N*45
[  138.5] $GPGSA,A,1,,,,,,,,,,,,,99.99,99.99,99.99,1*2D
[  138.5] $GPGSV,1,1,4,4,,,44,9,,,44,14,,,32,18,,,25,1*57
[  138.5] $GPRMC,054959.38,V,,,,,,,090926,,,N,V*0C
[  139.6] $GPGGA,055000.38,,,,,0,03,99.99,,M,,M,,*6E
[  139.6] $GPGLL,,,,,055000.38,V,N*41
[  139.6] $GPGSA,A,1,,,,,,,,,,,,,99.99,99.99,99.99,1*2D
[  139.6] $GPGSV,1,1,4,4,,,41,9,,,42,14,,,30,18,,,24,1*57
[  139.6] $GPRMC,055000.38,V,,,,,,,090926,,,N,V*08
[  140.6] $GPGGA,055001.38,,,,,0,03,99.99,,M,,M,,*6F
[  140.6] $GPGLL,,,,,055001.38,V,N*40
[  140.6] $GPGSA,A,1,,,,,,,,,,,,,99.99,99.99,99.99,1*2D
[  140.6] $GPGSV,2,1,5,4,,,41,9,,,42,14,,,30,15,,,26,1*5A
[  140.6] $GPGSV,2,2,5,30,,,27,1*57
[  140.6] $GPRMC,055001.38,V,,,,,,,090926,,,N,V*09
[  141.7] $GPGGA,055002.38,,,,,0,03,99.99,,M,,M,,*6C
[  141.7] $GPGLL,,,,,055002.38,V,N*43
[  141.7] $GPGSA,A,1,,,,,,,,,,,,,99.99,99.99,99.99,1*2D
[  141.7] $GPGSV,2,1,6,4,,,42,9,,,44,14,,,31,15,,,24,1*5F
[  141.7] $GPGSV,2,2,6,30,,,27,201,,,27,1*62
[  141.7] $GPRMC,055002.38,V,,,,,,,090926,,,N,V*0A
[  142.7] $GPGGA,055003.38,,,,,0,03,99.99,,M,,M,,*6D
[  142.7] $GPGLL,,,,,055003.38,V,N*42
[  142.7] $GPGSA,A,1,,,,,,,,,,,,,99.99,99.99,99.99,1*2D
[  142.7] $GPGSV,2,1,6,4,,,44,9,,,45,14,,,33,15,,,24,1*5A
[  142.7] $GPGSV,2,2,6,30,,,26,201,,,25,1*61
[  142.7] $GPRMC,055003.38,V,,,,,,,090926,,,N,V*0B
[  143.8] $GPGGA,055004.38,,,,,0,03,99.99,,M,,M,,*6A
[  143.8] $GPGLL,,,,,055004.38,V,N*45
[  143.8] $GPGSA,A,1,,,,,,,,,,,,,99.99,99.99,99.99,1*2D
[  143.8] $GPGSV,3,1,11,2,,,27,4,,,45,5,,,27,9,,,46,1*6F
[  143.8] $GPGSV,3,2,11,14,,,33,15,,,25,16,,,26,18,,,29,1*62
[  143.8] $GPGSV,3,3,11,30,,,26,193,,,26,201,,,24,1*69
[  143.8] $GPRMC,055004.38,V,,,,,,,090926,,,N,V*0C
[  144.3] $GPGGA,055005.38,,,,,0,03,99.99,,M,,M,,*6B
[  144.3] $GPGLL,,,,,055005.38,V,N*44
[  144.3] $GPGSA,A,1,,,,,,,,,,,,,99.99,99.99,99.99,1*2D
[  144.3] $GPGSV,3,1,9,2,,,26,4,,,45,5,,,25,9,,,47,1*54
[  144.3] $GPGSV,3,2,9,14,,,34,16,,,25,18,,,26,193,,,26,1*6C
[  144.3] $GPGSV,3,3,9,201,,,25,1*69
[  144.3] $GPRMC,055005.38,V,,,,,,,090926,,,N,V*0D
[  145.3] $GPGGA,055006.38,,,,,0,03,99.99,,M,,M,,*68
[  145.3] $GPGLL,,,,,055006.38,V,N*47
[  145.3] $GPGSA,A,1,,,,,,,,,,,,,99.99,99.99,99.99,1*2D
[  145.3] $GPGSV,2,1,7,4,,,46,5,,,25,9,,,47,14,,,34,1*6C
[  145.3] $GPGSV,2,2,7,16,,,24,18,,,25,193,,,26,1*63
[  145.3] $GPRMC,055006.38,V,,,,,,,090926,,,N,V*0E
[  146.4] $GPGGA,055007.38,,,,,0,03,99.99,,M,,M,,*69
[  146.4] $GPGLL,,,,,055007.38,V,N*46
[  146.4] $GPGSA,A,1,,,,,,,,,,,,,99.99,99.99,99.99,1*2D
[  146.4] $GPGSV,2,1,8,4,,,46,5,,,25,9,,,47,14,,,35,1*62
[  146.4] $GPGSV,2,2,8,15,,,29,16,,,25,18,,,25,193,,,26,1*62
[  146.4] $GPRMC,055007.38,V,,,,,,,090926,,,N,V*0F
[  147.4] $GPGGA,055008.38,,,,,0,03,99.99,,M,,M,,*66
[  147.4] $GPGLL,,,,,055008.38,V,N*49
[  147.4] $GPGSA,A,1,,,,,,,,,,,,,99.99,99.99,99.99,1*2D
[  147.4] $GPGSV,2,1,7,2,,,27,4,,,46,9,,,47,14,,,35,1*68
[  147.4] $GPGSV,2,2,7,15,,,27,20,,,29,29,,,29,1*5B
[  147.4] $GPRMC,055008.38,V,,,,,,,090926,,,N,V*00
[  148.5] $GPGGA,055009.38,,,,,0,03,99.99,,M,,M,,*67
[  148.5] $GPGLL,,,,,055009.38,V,N*48
[  148.5] $GPGSA,A,1,,,,,,,,,,,,,99.99,99.99,99.99,1*2D
[  148.5] $GPGSV,2,1,6,2,,,25,4,,,46,9,,,47,14,,,35,1*6B
[  148.5] $GPGSV,2,2,6,20,,,25,29,,,26,1*58
[  148.5] $GPRMC,055009.38,V,,,,,,,090926,,,N,V*01
[  149.5] $GPGGA,055010.38,,,,,0,03,99.99,,M,,M,,*6F
[  149.5] $GPGLL,,,,,055010.38,V,N*40
[  149.5] $GPGSA,A,1,,,,,,,,,,,,,99.99,99.99,99.99,1*2D
[  149.5] $GPGSV,2,1,6,4,,,46,9,,,47,11,,,29,14,,,35,1*55
[  149.5] $GPGSV,2,2,6,20,,,25,29,,,25,1*5B
[  149.5] $GPRMC,055010.38,V,,,,,,,090926,,,N,V*09
[  150.6] $GPGGA,055011.38,,,,,0,03,99.99,,M,,M,,*6E
[  150.6] $GPGLL,,,,,055011.38,V,N*41
[  150.6] $GPGSA,A,1,,,,,,,,,,,,,99.99,99.99,99.99,1*2D
[  150.6] $GPGSV,2,1,7,1,,,27,4,,,46,9,,,47,11,,,25,1*6F
[  150.6] $GPGSV,2,2,7,14,,,35,20,,,25,29,,,25,1*59
[  150.6] $GPRMC,055011.38,V,,,,,,,090926,,,N,V*08
[  151.7] $GPGGA,055012.38,,,,,0,03,99.99,,M,,M,,*6D
[  151.7] $GPGLL,,,,,055012.38,V,N*42
[  151.7] $GPGSA,A,1,,,,,,,,,,,,,99.99,99.99,99.99,1*2D
[  151.7] $GPGSV,2,1,7,1,,,25,2,,,26,4,,,46,9,,,47,1*5C
[  151.7] $GPGSV,2,2,7,11,,,25,14,,,35,29,,,25,1*5B
[  151.7] $GPRMC,055012.38,V,,,,,,,090926,,,N,V*0B
[  152.7] $GPGGA,055013.38,,,,,0,03,99.99,,M,,M,,*6C
[  152.7] $GPGLL,,,,,055013.38,V,N*43
[  152.7] $GPGSA,A,1,,,,,,,,,,,,,99.99,99.99,99.99,1*2D
[  152.7] $GPGSV,2,1,6,2,,,26,4,,,46,9,,,47,11,,,24,1*6D
[  152.7] $GPGSV,2,2,6,14,,,35,29,,,24,1*5C
[  152.7] $GPRMC,055013.38,V,,,,,,,090926,,,N,V*0A
[  153.8] $GPGGA,055014.38,,,,,0,03,99.99,,M,,M,,*6B
[  153.8] $GPGLL,,,,,055014.38,V,N*44
[  153.8] $GPGSA,A,1,,,,,,,,,,,,,99.99,99.99,99.99,1*2D
[  153.8] $GPGSV,2,1,8,2,,,25,4,,,46,9,,,47,14,,,35,1*65
[  153.8] $GPGSV,2,2,8,15,,,28,17,,,28,24,,,28,29,,,24,1*5F
[  153.8] $GPRMC,055014.38,V,,,,,,,090926,,,N,V*0D
[  154.3] $GPGGA,055015.38,,,,,0,03,99.99,,M,,M,,*6A
[  154.3] $GPGLL,,,,,055015.38,V,N*45
[  154.3] $GPGSA,A,1,,,,,,,,,,,,,99.99,99.99,99.99,1*2D
[  154.3] $GPGSV,2,1,8,2,,,25,4,,,46,9,,,47,14,,,35,1*65
[  154.3] $GPGSV,2,2,8,15,,,25,17,,,26,24,,,25,29,,,24,1*51
[  154.3] $GPRMC,055015.38,V,,,,,,,090926,,,N,V*0C
[  155.3] $GPGGA,055016.38,,,,,0,03,99.99,,M,,M,,*69
[  155.3] $GPGLL,,,,,055016.38,V,N*46
[  155.3] $GPGSA,A,1,,,,,,,,,,,,,99.99,99.99,99.99,1*2D
[  155.3] $GPGSV,2,1,7,2,,,25,4,,,46,9,,,47,14,,,36,1*69
[  155.3] $GPGSV,2,2,7,15,,,25,17,,,25,24,,,26,1*53
[  155.3] $GPRMC,055016.38,V,,,,,,,090926,,,N,V*0F
[  156.4] $GPGGA,055017.38,,,,,0,03,99.99,,M,,M,,*68
[  156.4] $GPGLL,,,,,055017.38,V,N*47
[  156.4] $GPGSA,A,1,,,,,,,,,,,,,99.99,99.99,99.99,1*2D
[  156.4] $GPGSV,2,1,8,2,,,25,4,,,46,9,,,47,11,,,26,1*62
[  156.4] $GPGSV,2,2,8,14,,,36,15,,,27,17,,,25,26,,,26,1*5C
[  156.4] $GPRMC,055017.38,V,,,,,,,090926,,,N,V*0E
[  157.4] $GPGGA,055018.38,,,,,0,03,99.99,,M,,M,,*67
[  157.4] $GPGLL,,,,,055018.38,V,N*48
[  157.4] $GPGSA,A,1,,,,,,,,,,,,,99.99,99.99,99.99,1*2D
[  157.4] $GPGSV,2,1,8,2,,,25,4,,,47,9,,,47,11,,,25,1*60
[  157.4] $GPGSV,2,2,8,14,,,36,15,,,25,17,,,25,26,,,25,1*5D
[  157.4] $GPRMC,055018.38,V,,,,,,,090926,,,N,V*01
[  158.5] $GPGGA,055019.38,,,,,0,03,99.99,,M,,M,,*66
[  158.5] $GPGLL,,,,,055019.38,V,N*49
[  158.5] $GPGSA,A,1,,,,,,,,,,,,,99.99,99.99,99.99,1*2D
[  158.5] $GPGSV,2,1,6,2,,,25,4,,,47,9,,,47,11,,,25,1*6E
[  158.5] $GPGSV,2,2,6,14,,,36,201,,,29,1*6A
[  158.5] $GPRMC,055019.38,V,,,,,,,090926,,,N,V*00
[  159.5] $GPGGA,055020.38,,,,,0,03,99.99,,M,,M,,*6C
[  159.5] $GPGLL,,,,,055020.38,V,N*43
[  159.5] $GPGSA,A,1,,,,,,,,,,,,,99.99,99.99,99.99,1*2D
[  159.5] $GPGSV,3,1,10,4,,,47,6,,,27,7,,,29,9,,,47,1*65
[  159.5] $GPGSV,3,2,10,11,,,25,14,,,36,16,,,26,20,,,26,1*66
[  159.5] $GPGSV,3,3,10,193,,,30,201,,,24,1*68
[  159.5] $GPRMC,055020.38,V,,,,,,,090926,,,N,V*0A
[  160.6] $GPGGA,055021.38,,,,,0,03,99.99,,M,,M,,*6D
[  160.6] $GPGLL,,,,,055021.38,V,N*42
[  160.6] $GPGSA,A,1,,,,,,,,,,,,,99.99,99.99,99.99,1*2D
[  160.6] $GPGSV,3,1,9,4,,,47,6,,,25,7,,,25,9,,,47,1*53
[  160.6] $GPGSV,3,2,9,14,,,36,16,,,25,20,,,25,193,,,26,1*66
[  160.6] $GPGSV,3,3,9,201,,,15,1*6A
[  160.6] $GPRMC,055021.38,V,,,,,,,090926,,,N,V*0B
[  161.6] $GPGGA,055022.38,,,,,0,03,99.99,,M,,M,,*6E
[  161.6] $GPGLL,,,,,055022.38,V,N*41
[  161.6] $GPGSA,A,1,,,,,,,,,,,,,99.99,99.99,99.99,1*2D
[  161.6] $GPGSV,3,1,9,4,,,46,6,,,25,7,,,25,9,,,47,1*52
[  161.6] $GPGSV,3,2,9,14,,,36,16,,,25,20,,,25,193,,,25,1*65
[  161.6] $GPGSV,3,3,9,201,,,14,1*6B
[  161.6] $GPRMC,055022.38,V,,,,,,,090926,,,N,V*08
[  162.7] $GPGGA,055023.38,,,,,0,03,99.99,,M,,M,,*6F
[  162.7] $GPGLL,,,,,055023.38,V,N*40
[  162.7] $GPGSA,A,1,,,,,,,,,,,,,99.99,99.99,99.99,1*2D
[  162.7] $GPGSV,3,1,11,1,,,29,2,,,28,4,,,46,5,,,27,1*62
[  162.7] $GPGSV,3,2,11,6,,,24,7,,,24,9,,,47,14,,,36,1*5E
[  162.7] $GPGSV,3,3,11,16,,,25,20,,,25,193,,,25,1*5D
[  162.7] $GPRMC,055023.38,V,,,,,,,090926,,,N,V*09
[  163.7] $GPGGA,055024.38,,,,,0,03,99.99,,M,,M,,*68
[  163.7] $GPGLL,,,,,055024.38,V,N*47
[  163.7] $GPGSA,A,1,,,,,,,,,,,,,99.99,99.99,99.99,1*2D
[  163.7] $GPGSV,2,1,5,1,,,26,4,,,46,5,,,25,9,,,47,1*59
[  163.7] $GPGSV,2,2,5,14,,,36,1*51
[  163.7] $GPRMC,055024.38,V,,,,,,,090926,,,N,V*0E
[  164.3] $GPGGA,055025.38,,,,,0,03,99.99,,M,,M,,*69
[  164.3] $GPGLL,,,,,055025.38,V,N*46
[  164.3] $GPGSA,A,1,,,,,,,,,,,,,99.99,99.99,99.99,1*2D
[  164.8] $GPGSV,2,1,5,1,,,25,4,,,46,5,,,25,9,,,47,1*5A
[  164.8] $GPGSV,2,2,5,14,,,37,1*50
[  164.8] $GPRMC,055025.38,V,,,,,,,090926,,,N,V*0F
[  165.3] $GPGGA,055026.38,,,,,0,03,99.99,,M,,M,,*6A
[  165.3] $GPGLL,,,,,055026.38,V,N*45
[  165.3] $GPGSA,A,1,,,,,,,,,,,,,99.99,99.99,99.99,1*2D
[  165.3] $GPGSV,2,1,7,1,,,25,4,,,46,5,,,25,9,,,47,1*58
[  165.3] $GPGSV,2,2,7,14,,,37,16,,,28,21,,,27,1*59
[  165.3] $GPRMC,055026.38,V,,,,,,,090926,,,N,V*0C
[  166.4] $GPGGA,055027.38,,,,,0,03,99.99,,M,,M,,*6B
[  166.4] $GPGLL,,,,,055027.38,V,N*44
[  166.4] $GPGSA,A,1,,,,,,,,,,,,,99.99,99.99,99.99,1*2D
[  166.4] $GPGSV,2,1,7,4,,,46,7,,,30,9,,,47,14,,,37,1*69
[  166.4] $GPGSV,2,2,7,16,,,26,17,,,26,21,,,24,1*57
[  166.4] $GPRMC,055027.38,V,,,,,,,090926,,,N,V*0D
[  167.4] $GPGGA,055028.38,,,,,0,03,99.99,,M,,M,,*64
[  167.4] $GPGLL,,,,,055028.38,V,N*4B
[  167.4] $GPGSA,A,1,,,,,,,,,,,,,99.99,99.99,99.99,1*2D
[  167.4] $GPGSV,2,1,8,4,,,46,5,,,27,7,,,27,9,,,47,1*51
[  167.4] $GPGSV,2,2,8,14,,,37,16,,,25,17,,,25,21,,,24,1*59
[  167.4] $GPRMC,055028.38,V,,,,,,,090926,,,N,V*02
[  168.5] $GPGGA,055029.38,,,,,0,03,99.99,,M,,M,,*65
[  168.5] $GPGLL,,,,,055029.38,V,N*4A
[  168.5] $GPGSA,A,1,,,,,,,,,,,,,99.99,99.99,99.99,1*2D
[  168.5] $GPGSV,2,1,8,4,,,46,5,,,24,7,,,27,9,,,46,1*53
[  168.5] $GPGSV,2,2,8,14,,,37,16,,,25,17,,,25,21,,,24,1*59
[  168.5] $GPRMC,055029.38,V,,,,,,,090926,,,N,V*03
[  169.5] $GPGGA,055030.38,,,,,0,03,99.99,,M,,M,,*6D
[  169.5] $GPGLL,,,,,055030.38,V,N*42
[  169.5] $GPGSA,A,1,,,,,,,,,,,,,99.99,99.99,99.99,1*2D
[  169.5] $GPGSV,2,1,6,4,,,46,5,,,19,7,,,27,9,,,46,1*53
[  169.5] $GPGSV,2,2,6,14,,,37,17,,,24,1*53
[  169.5] $GPRMC,055030.38,V,,,,,,,090926,,,N,V*0B
[  170.6] $GPGGA,055031.38,,,,,0,03,99.99,,M,,M,,*6C
[  170.6] $GPGLL,,,,,055031.38,V,N*43
[  170.6] $GPGSA,A,1,,,,,,,,,,,,,99.99,99.99,99.99,1*2D
[  170.6] $GPGSV,2,1,5,1,,,42,4,,,47,9,,,47,11,,,26,1*6C
[  170.6] $GPGSV,2,2,5,14,,,37,1*50
[  170.6] $GPRMC,055031.38,V,,,,,,,090926,,,N,V*0A
[  171.6] $GPGGA,055032.38,,,,,0,03,99.99,,M,,M,,*6F
[  171.6] $GPGLL,,,,,055032.38,V,N*40
[  171.6] $GPGSA,A,1,,,,,,,,,,,,,99.99,99.99,99.99,1*2D
[  171.6] $GPGSV,2,1,8,1,,,29,4,,,47,5,,,29,9,,,47,1*56
[  171.6] $GPGSV,2,2,8,11,,,25,14,,,37,16,,,27,17,,,27,1*5B
[  171.6] $GPRMC,055032.38,V,,,,,,,090926,,,N,V*09
[  172.7] $GPGGA,055033.38,,,,,0,03,99.99,,M,,M,,*6E
[  172.7] $GPGLL,,,,,055033.38,V,N*41
[  172.7] $GPGSA,A,1,,,,,,,,,,,,,99.99,99.99,99.99,1*2D
[  172.7] $GPGSV,2,1,8,1,,,25,4,,,47,5,,,24,9,,,47,1*57
[  172.7] $GPGSV,2,2,8,11,,,24,14,,,37,15,,,25,17,,,26,1*5A
[  172.7] $GPRMC,055033.38,V,,,,,,,090926,,,N,V*08
[  173.7] $GPGGA,055034.38,,,,,0,03,99.99,,M,,M,,*69
[  173.7] $GPGLL,,,,,055034.38,V,N*46
[  173.7] $GPGSA,A,1,,,,,,,,,,,,,99.99,99.99,99.99,1*2D
[  173.7] $GPGSV,2,1,6,1,,,25,4,,,46,9,,,47,11,,,24,1*6D
[  173.7] $GPGSV,2,2,6,14,,,37,15,,,24,1*51
[  173.7] $GPRMC,055034.38,V,,,,,,,090926,,,N,V*0F
[  174.8] $GPGGA,055035.38,,,,,0,03,99.99,,M,,M,,*68
[  174.8] $GPGLL,,,,,055035.38,V,N*47
[  174.8] $GPGSA,A,1,,,,,,,,,,,,,99.99,99.99,99.99,1*2D
[  174.8] $GPGSV,2,1,7,1,,,25,4,,,47,5,,,27,9,,,47,1*5B
[  174.8] $GPGSV,2,2,7,14,,,37,15,,,24,17,,,26,1*52
[  174.8] $GPRMC,055035.38,V,,,,,,,090926,,,N,V*0E
[  175.3] $GPGGA,055036.38,,,,,0,03,99.99,,M,,M,,*6B
[  175.3] $GPGLL,,,,,055036.38,V,N*44
[  175.3] $GPGSA,A,1,,,,,,,,,,,,,99.99,99.99,99.99,1*2D
[  175.3] $GPGSV,2,1,8,4,,,47,5,,,25,9,,,47,14,,,37,1*61
[  175.3] $GPGSV,2,2,8,15,,,24,16,,,27,17,,,26,19,,,27,1*53
[  175.3] $GPRMC,055036.38,V,,,,,,,090926,,,N,V*0D
[  176.4] $GPGGA,055037.38,,,,,0,03,99.99,,M,,M,,*6A
[  176.4] $GPGLL,,,,,055037.38,V,N*45
[  176.4] $GPGSA,A,1,,,,,,,,,,,,,99.99,99.99,99.99,1*2D
[  176.4] $GPGSV,2,1,5,4,,,46,5,,,25,9,,,47,14,,,37,1*6D
[  176.4] $GPGSV,2,2,5,21,,,27,1*57
[  176.4] $GPRMC,055037.38,V,,,,,,,090926,,,N,V*0C
[  177.4] $GPGGA,055038.38,,,,,0,03,99.99,,M,,M,,*65
[  177.4] $GPGLL,,,,,055038.38,V,N*4A
[  177.4] $GPGSA,A,1,,,,,,,,,,,,,99.99,99.99,99.99,1*2D
[  177.4] $GPGSV,2,1,6,1,,,41,4,,,47,5,,,24,9,,,47,1*5B
[  177.4] $GPGSV,2,2,6,14,,,37,21,,,25,1*57
[  177.4] $GPRMC,055038.38,V,,,,,,,090926,,,N,V*03
[  178.5] $GPGGA,055039.38,,,,,0,03,99.99,,M,,M,,*64
[  178.5] $GPGLL,,,,,055039.38,V,N*4B
[  178.5] $GPGSA,A,1,,,,,,,,,,,,,99.99,99.99,99.99,1*2D
[  178.5] $GPGSV,2,1,5,1,,,27,4,,,47,9,,,47,14,,,37,1*6A
[  178.5] $GPGSV,2,2,5,21,,,25,1*55
[  178.5] $GPRMC,055039.38,V,,,,,,,090926,,,N,V*02
[  179.5] $GPGGA,055040.38,,,,,0,03,99.99,,M,,M,,*6A
[  179.5] $GPGLL,,,,,055040.38,V,N*45
[  179.5] $GPGSA,A,1,,,,,,,,,,,,,99.99,99.99,99.99,1*2D
[  179.5] $GPGSV,2,1,6,1,,,25,4,,,47,9,,,47,14,,,37,1*6B
[  179.5] $GPGSV,2,2,6,21,,,24,201,,,29,1*6F
[  179.5] $GPRMC,055040.38,V,,,,,,,090926,,,N,V*0C
[  180.6] $GPGGA,055041.38,,,,,0,03,99.99,,M,,M,,*6B
[  180.6] $GPGLL,,,,,055041.38,V,N*44
[  180.6] $GPGSA,A,1,,,,,,,,,,,,,99.99,99.99,99.99,1*2D
[  180.6] $GPGSV,2,1,6,1,,,24,4,,,47,5,,,28,9,,,47,1*54
[  180.6] $GPGSV,2,2,6,14,,,37,15,,,29,1*5C
[  180.6] $GPRMC,055041.38,V,,,,,,,090926,,,N,V*0D
[  181.6] $GPGGA,055042.38,,,,,0,03,99.99,,M,,M,,*68
[  181.6] $GPGLL,,,,,055042.38,V,N*47
[  181.6] $GPGSA,A,1,,,,,,,,,,,,,99.99,99.99,99.99,1*2D
[  181.6] $GPGSV,2,1,7,4,,,47,9,,,47,14,,,37,15,,,24,1*5E
[  181.6] $GPGSV,2,2,7,16,,,28,22,,,26,197,,,27,1*60
[  181.6] $GPRMC,055042.38,V,,,,,,,090926,,,N,V*0E
[  182.6] $GPGGA,055043.38,,,,,0,03,99.99,,M,,M,,*69
[  182.6] $GPGLL,,,,,055043.38,V,N*46
[  182.6] $GPGSA,A,1,,,,,,,,,,,,,99.99,99.99,99.99,1*2D
[  182.6] $GPGSV,2,1,6,4,,,47,5,,,30,9,,,47,14,,,37,1*6B
[  182.6] $GPGSV,2,2,6,15,,,20,22,,,25,1*53
[  182.6] $GPRMC,055043.38,V,,,,,,,090926,,,N,V*0F
[  183.7] $GPGGA,055044.38,,,,,0,03,99.99,,M,,M,,*6E
[  183.7] $GPGLL,,,,,055044.38,V,N*41
[  183.7] $GPGSA,A,1,,,,,,,,,,,,,99.99,99.99,99.99,1*2D
[  183.7] $GPGSV,1,1,4,4,,,47,5,,,27,9,,,47,14,,,37,1*6C
[  183.7] $GPRMC,055044.38,V,,,,,,,090926,,,N,V*08
[  184.8] $GPGGA,055045.38,,,,,0,03,99.99,,M,,M,,*6F
[  184.8] $GPGLL,,,,,055045.38,V,N*40
[  184.8] $GPGSA,A,1,,,,,,,,,,,,,99.99,99.99,99.99,1*2D
[  184.8] $GPGSV,1,1,3,4,,,47,9,,,47,14,,,37,1*5B
[  184.8] $GPRMC,055045.38,V,,,,,,,090926,,,N,V*09
[  185.3] $GPGGA,055046.38,,,,,0,03,99.99,,M,,M,,*6C
[  185.3] $GPGLL,,,,,055046.38,V,N*43
[  185.3] $GPGSA,A,1,,,,,,,,,,,,,99.99,99.99,99.99,1*2D
[  185.3] $GPGSV,2,1,5,4,,,47,9,,,48,14,,,37,15,,,27,1*50
[  185.3] $GPGSV,2,2,5,20,,,26,1*57
[  185.3] $GPRMC,055046.38,V,,,,,,,090926,,,N,V*0A
[  186.3] $GPGGA,055047.38,,,,,0,03,99.99,,M,,M,,*6D
[  186.3] $GPGLL,,,,,055047.38,V,N*42
[  186.3] $GPGSA,A,1,,,,,,,,,,,,,99.99,99.99,99.99,1*2D
[  186.3] $GPGSV,2,1,7,4,,,47,9,,,48,11,,,26,14,,,37,1*57
[  186.3] $GPGSV,2,2,7,15,,,25,17,,,28,20,,,26,1*5A
[  186.3] $GPRMC,055047.38,V,,,,,,,090926,,,N,V*0B
[  187.4] $GPGGA,055048.38,,,,,0,03,99.99,,M,,M,,*62
[  187.4] $GPGLL,,,,,055048.38,V,N*4D
[  187.4] $GPGSA,A,1,,,,,,,,,,,,,99.99,99.99,99.99,1*2D
[  187.4] $GPGSV,2,1,6,1,,,29,4,,,47,9,,,47,11,,,25,1*61
[  187.4] $GPGSV,2,2,6,14,,,37,20,,,25,1*56
[  187.4] $GPRMC,055048.38,V,,,,,,,090926,,,N,V*04
[  188.4] $GPGGA,055049.38,,,,,0,03,99.99,,M,,M,,*63
[  188.4] $GPGLL,,,,,055049.38,V,N*4C
[  188.4] $GPGSA,A,1,,,,,,,,,,,,,99.99,99.99,99.99,1*2D
[  188.4] $GPGSV,2,1,6,1,,,27,4,,,47,9,,,47,11,,,25,1*6F
[  188.4] $GPGSV,2,2,6,14,,,37,20,,,24,1*57
[  188.4] $GPRMC,055049.38,V,,,,,,,090926,,,N,V*05
[  189.4] $GPGGA,055050.38,,,,,0,03,99.99,,M,,M,,*6B
[  189.4] $GPGLL,,,,,055050.38,V,N*44
[  189.4] $GPGSA,A,1,,,,,,,,,,,,,99.99,99.99,99.99,1*2D
[  189.4] $GPGSV,1,1,4,4,,,47,9,,,47,11,,,25,14,,,37,1*5B
[  189.4] $GPRMC,055050.38,V,,,,,,,090926,,,N,V*0D
[  190.5] $GPGGA,055051.38,,,,,0,03,99.99,,M,,M,,*6A
[  190.5] $GPGLL,,,,,055051.38,V,N*45
[  190.5] $GPGSA,A,1,,,,,,,,,,,,,99.99,99.99,99.99,1*2D
[  190.5] $GPGSV,1,1,4,1,,,28,4,,,47,9,,,47,14,,,37,1*67
[  190.5] $GPRMC,055051.38,V,,,,,,,090926,,,N,V*0C
[  191.5] $GPGGA,055052.38,,,,,0,03,99.99,,M,,M,,*69
[  191.5] $GPGLL,,,,,055052.38,V,N*46
[  191.5] $GPGSA,A,1,,,,,,,,,,,,,99.99,99.99,99.99,1*2D
[  191.5] $GPGSV,2,1,6,1,,,22,2,,,27,4,,,47,5,,,26,1*51
[  191.5] $GPGSV,2,2,6,9,,,47,14,,,37,1*69
[  191.5] $GPRMC,055052.38,V,,,,,,,090926,,,N,V*0F
[  192.6] $GPGGA,055053.38,,,,,0,03,99.99,,M,,M,,*68
[  192.6] $GPGLL,,,,,055053.38,V,N*47
[  192.6] $GPGSA,A,1,,,,,,,,,,,,,99.99,99.99,99.99,1*2D
[  192.6] $GPGSV,2,1,7,1,,,12,2,,,27,4,,,47,5,,,25,1*50
[  192.6] $GPGSV,2,2,7,9,,,47,14,,,37,16,,,27,1*6A
[  192.6] $GPRMC,055053.38,V,,,,,,,090926,,,N,V*0E
[  193.6] $GPGGA,055054.38,,,,,0,03,99.99,,M,,M,,*6F
[  193.6] $GPGLL,,,,,055054.38,V,N*40
[  193.6] $GPGSA,A,1,,,,,,,,,,,,,99.99,99.99,99.99,1*2D
[  193.6] $GPGSV,2,1,8,1,,,10,2,,,26,3,,,25,4,,,47,1*5A
[  193.6] $GPGSV,2,2,8,5,,,25,9,,,47,14,,,37,16,,,26,1*56
[  193.6] $GPRMC,055054.38,V,,,,,,,090926,,,N,V*09
[  194.7] $GPGGA,055055.38,,,,,0,03,99.99,,M,,M,,*6E
[  194.7] $GPGLL,,,,,055055.38,V,N*41
[  194.7] $GPGSA,A,1,,,,,,,,,,,,,99.99,99.99,99.99,1*2D
[  194.7] $GPGSV,2,1,7,2,,,25,3,,,25,4,,,47,5,,,25,1*54
[  194.7] $GPGSV,2,2,7,9,,,47,14,,,37,16,,,25,1*68
[  194.7] $GPRMC,055055.38,V,,,,,,,090926,,,N,V*08
[  195.8] $GPGGA,055056.38,,,,,0,03,99.99,,M,,M,,*6D
[  195.8] $GPGLL,,,,,055056.38,V,N*42
[  195.8] $GPGSA,A,1,,,,,,,,,,,,,99.99,99.99,99.99,1*2D
[  195.8] $GPGSV,2,1,6,2,,,25,3,,,25,4,,,47,9,,,47,1*5D
[  195.8] $GPGSV,2,2,6,14,,,37,16,,,25,1*53
[  195.8] $GPRMC,055056.38,V,,,,,,,090926,,,N,V*0B
[  196.3] $GPGGA,055057.38,,,,,0,03,99.99,,M,,M,,*6C
[  196.3] $GPGLL,,,,,055057.38,V,N*43
[  196.3] $GPGSA,A,1,,,,,,,,,,,,,99.99,99.99,99.99,1*2D
[  196.3] $GPGSV,1,1,4,3,,,25,4,,,47,9,,,47,14,,,37,1*68
[  196.3] $GPRMC,055057.38,V,,,,,,,090926,,,N,V*0A
[  197.3] $GPGGA,055058.38,,,,,0,03,99.99,,M,,M,,*63
[  197.3] $GPGLL,,,,,055058.38,V,N*4C
[  197.3] $GPGSA,A,1,,,,,,,,,,,,,99.99,99.99,99.99,1*2D
[  197.3] $GPGSV,1,1,4,1,,,29,4,,,47,9,,,47,14,,,37,1*66
[  197.3] $GPRMC,055058.38,V,,,,,,,090926,,,N,V*05
[  198.4] $GPGGA,055059.38,,,,,0,03,99.99,,M,,M,,*62
[  198.4] $GPGLL,,,,,055059.38,V,N*4D
[  198.4] $GPGSA,A,1,,,,,,,,,,,,,99.99,99.99,99.99,1*2D
[  198.4] $GPGSV,2,1,6,4,,,47,5,,,28,6,,,25,9,,,47,1*52
[  198.4] $GPGSV,2,2,6,14,,,37,16,,,27,1*51
[  198.4] $GPRMC,055059.38,V,,,,,,,090926,,,N,V*04
[  199.4] $GPGGA,055100.38,,,,,0,03,99.99,,M,,M,,*6F
[  199.4] $GPGLL,,,,,055100.38,V,N*40
[  199.4] $GPGSA,A,1,,,,,,,,,,,,,99.99,99.99,99.99,1*2D
[  199.4] $GPGSV,2,1,5,4,,,47,5,,,25,9,,,47,14,,,37,1*6C
[  199.4] $GPGSV,2,2,5,16,,,26,1*52
[  199.4] $GPRMC,055100.38,V,,,,,,,090926,,,N,V*09
[  200.5] $GPGGA,055101.38,,,,,0,03,99.99,,M,,M,,*6E
[  200.5] $GPGLL,,,,,055101.38,V,N*41
[  200.5] $GPGSA,A,1,,,,,,,,,,,,,99.99,99.99,99.99,1*2D
[  200.5] $GPGSV,1,1,4,4,,,47,9,,,48,14,,,37,16,,,25,1*53
[  200.5] $GPRMC,055101.38,V,,,,,,,090926,,,N,V*08
[  201.5] $GPGGA,055102.38,,,,,0,03,99.99,,M,,M,,*6D
[  201.5] $GPGLL,,,,,055102.38,V,N*42
[  201.5] $GPGSA,A,1,,,,,,,,,,,,,99.99,99.99,99.99,1*2D
[  201.5] $GPGSV,1,1,4,4,,,47,9,,,47,14,,,37,16,,,25,1*5C
[  201.5] $GPRMC,055102.38,V,,,,,,,090926,,,N,V*0B
[  202.6] $GPGGA,055103.38,,,,,0,03,99.99,,M,,M,,*6C
[  202.6] $GPGLL,,,,,055103.38,V,N*43
[  202.6] $GPGSA,A,1,,,,,,,,,,,,,99.99,99.99,99.99,1*2D
[  202.6] $GPGSV,1,1,3,4,,,47,9,,,47,14,,,37,1*5B
[  202.6] $GPRMC,055103.38,V,,,,,,,090926,,,N,V*0A
[  203.6] $GPGGA,055104.38,,,,,0,03,99.99,,M,,M,,*6B
[  203.6] $GPGLL,,,,,055104.38,V,N*44
[  203.6] $GPGSA,A,1,,,,,,,,,,,,,99.99,99.99,99.99,1*2D
[  203.6] $GPGSV,1,1,3,4,,,47,9,,,48,14,,,37,1*54
[  203.6] $GPRMC,055104.38,V,,,,,,,090926,,,N,V*0D
[  204.7] $GPGGA,055105.38,,,,,0,03,99.99,,M,,M,,*6A
[  204.7] $GPGLL,,,,,055105.38,V,N*45
[  204.7] $GPGSA,A,1,,,,,,,,,,,,,99.99,99.99,99.99,1*2D
[  204.7] $GPGSV,1,1,4,4,,,47,9,,,48,14,,,37,16,,,27,1*51
[  204.7] $GPRMC,055105.38,V,,,,,,,090926,,,N,V*0C
[  205.8] $GPGGA,055106.38,,,,,0,03,99.99,,M,,M,,*69
[  205.8] $GPGLL,,,,,055106.38,V,N*46
[  205.8] $GPGSA,A,1,,,,,,,,,,,,,99.99,99.99,99.99,1*2D
[  205.8] $GPGSV,3,1,9,1,,,29,4,,,47,5,,,29,6,,,26,1*5E
[  205.8] $GPGSV,3,2,9,7,,,27,9,,,47,14,,,37,16,,,25,1*55
[  205.8] $GPGSV,3,3,9,26,,,26,1*5D
[  205.8] $GPRMC,055106.38,V,,,,,,,090926,,,N,V*0F
[  206.3] $GPGGA,055107.38,,,,,0,03,99.99,,M,,M,,*68
[  206.3] $GPGLL,,,,,055107.38,V,N*47
[  206.3] $GPGSA,A,1,,,,,,,,,,,,,99.99,99.99,99.99,1*2D
[  206.3] $GPGSV,3,1,9,1,,,25,4,,,47,5,,,27,6,,,25,1*5F
[  206.3] $GPGSV,3,2,9,7,,,25,9,,,47,14,,,37,16,,,25,1*57
[  206.8] $GPGSV,3,3,9,26,,,25,1*5E
[  206.8] $GPRMC,055107.38,V,,,,,,,090926,,,N,V*0E
[  207.3] $GPGGA,055108.38,,,,,0,03,99.99,,M,,M,,*67
[  207.3] $GPGLL,,,,,055108.38,V,N*48
[  207.3] $GPGSA,A,1,,,,,,,,,,,,,99.99,99.99,99.99,1*2D
[  207.3] $GPGSV,2,1,6,1,,,25,4,,,46,6,,,25,9,,,47,1*5A
[  207.3] $GPGSV,2,2,6,14,,,37,16,,,25,1*53
[  207.3] $GPRMC,055108.38,V,,,,,,,090926,,,N,V*01
[  208.4] $GPGGA,055109.38,,,,,0,03,99.99,,M,,M,,*66
[  208.4] $GPGLL,,,,,055109.38,V,N*49
[  208.4] $GPGSA,A,1,,,,,,,,,,,,,99.99,99.99,99.99,1*2D
[  208.4] $GPGSV,2,1,5,1,,,24,4,,,46,6,,,25,9,,,47,1*58
[  208.4] $GPGSV,2,2,5,14,,,37,1*50
[  208.4] $GPRMC,055109.38,V,,,,,,,090926,,,N,V*00
[  209.4] $GPGGA,055110.38,,,,,0,03,99.99,,M,,M,,*6E
[  209.4] $GPGLL,,,,,055110.38,V,N*41
[  209.4] $GPGSA,A,1,,,,,,,,,,,,,99.99,99.99,99.99,1*2D
[  209.4] $GPGSV,1,1,4,4,,,46,5,,,27,9,,,47,14,,,37,1*6D
[  209.4] $GPRMC,055110.38,V,,,,,,,090926,,,N,V*08
[  210.5] $GPGGA,055111.38,,,,,0,03,99.99,,M,,M,,*6F
[  210.5] $GPGLL,,,,,055111.38,V,N*40
[  210.5] $GPGSA,A,1,,,,,,,,,,,,,99.99,99.99,99.99,1*2D
[  210.5] $GPGSV,2,1,5,2,,,25,4,,,47,9,,,47,14,,,36,1*6A
[  210.5] $GPGSV,2,2,5,16,,,26,1*52
[  210.5] $GPRMC,055111.38,V,,,,,,,090926,,,N,V*09
[  211.5] $GPGGA,055112.38,,,,,0,03,99.99,,M,,M,,*6C
[  211.5] $GPGLL,,,,,055112.38,V,N*43
[  211.5] $GPGSA,A,1,,,,,,,,,,,,,99.99,99.99,99.99,1*2D
[  211.5] $GPGSV,2,1,5,4,,,46,9,,,47,14,,,37,16,,,25,1*5F
[  211.5] $GPGSV,2,2,5,31,,,26,1*57
[  211.5] $GPRMC,055112.38,V,,,,,,,090926,,,N,V*0A
[  212.6] $GPGGA,055113.38,,,,,0,03,99.99,,M,,M,,*6D
[  212.6] $GPGLL,,,,,055113.38,V,N*42
[  212.6] $GPGSA,A,1,,,,,,,,,,,,,99.99,99.99,99.99,1*2D
[  212.6] $GPGSV,1,1,3,4,,,47,9,,,47,14,,,36,1*5A
[  212.6] $GPRMC,055113.38,V,,,,,,,090926,,,N,V*0B
[  213.6] $GPGGA,055114.38,,,,,0,03,99.99,,M,,M,,*6A
[  213.6] $GPGLL,,,,,055114.38,V,N*45
[  213.6] $GPGSA,A,1,,,,,,,,,,,,,99.99,99.99,99.99,1*2D
[  213.6] $GPGSV,1,1,3,4,,,47,9,,,48,14,,,36,1*55
[  213.6] $GPRMC,055114.38,V,,,,,,,090926,,,N,V*0C
[  214.7] $GPGGA,055115.38,,,,,0,03,99.99,,M,,M,,*6B
[  214.7] $GPGLL,,,,,055115.38,V,N*44
[  214.7] $GPGSA,A,1,,,,,,,,,,,,,99.99,99.99,99.99,1*2D
[  214.7] $GPGSV,1,1,3,4,,,47,9,,,48,14,,,36,1*55
[  214.7] $GPRMC,055115.38,V,,,,,,,090926,,,N,V*0D
[  215.7] $GPGGA,055116.38,,,,,0,03,99.99,,M,,M,,*68
[  215.7] $GPGLL,,,,,055116.38,V,N*47
[  215.7] $GPGSA,A,1,,,,,,,,,,,,,99.99,99.99,99.99,1*2D
[  215.7] $GPGSV,2,1,5,1,,,28,4,,,47,5,,,30,9,,,48,1*5D
[  215.7] $GPGSV,2,2,5,14,,,36,1*51
[  215.7] $GPRMC,055116.38,V,,,,,,,090926,,,N,V*0E
[  216.7] $GPGGA,055117.38,,,,,0,03,99.99,,M,,M,,*69
[  216.7] $GPGLL,,,,,055117.38,V,N*46
[  216.7] $GPGSA,A,1,,,,,,,,,,,,,99.99,99.99,99.99,1*2D
[  216.7] $GPGSV,2,1,8,1,,,27,4,,,47,5,,,27,8,,,26,1*50
[  216.7] $GPGSV,2,2,8,9,,,48,14,,,36,15,,,25,17,,,26,1*68
[  216.7] $GPRMC,055117.38,V,,,,,,,090926,,,N,V*0F
[  217.3] $GPGGA,055118.38,,,,,0,03,99.99,,M,,M,,*66
[  217.3] $GPGLL,,,,,055118.38,V,N*49
[  217.3] $GPGSA,A,1,,,,,,,,,,,,,99.99,99.99,99.99,1*2D
[  217.3] $GPGSV,2,1,7,1,,,25,4,,,47,8,,,25,9,,,48,1*5B
[  217.3] $GPGSV,2,2,7,14,,,36,15,,,24,17,,,25,1*50
[  217.3] $GPRMC,055118.38,V,,,,,,,090926,,,N,V*00
[  218.3] $GPGGA,055119.38,,,,,0,03,99.99,,M,,M,,*67
[  218.3] $GPGLL,,,,,055119.38,V,N*48
[  218.3] $GPGSA,A,1,,,,,,,,,,,,,99.99,99.99,99.99,1*2D
[  218.3] $GPGSV,2,1,7,4,,,47,5,,,29,8,,,25,9,,,48,1*53
[  218.3] $GPGSV,2,2,7,14,,,36,15,,,24,17,,,25,1*50
[  218.3] $GPRMC,055119.38,V,,,,,,,090926,,,N,V*01
[  219.4] $GPGGA,055120.38,,,,,0,03,99.99,,M,,M,,*6D
[  219.4] $GPGLL,,,,,055120.38,V,N*42
[  219.4] $GPGSA,A,1,,,,,,,,,,,,,99.99,99.99,99.99,1*2D
[  219.4] $GPGSV,2,1,8,1,,,28,4,,,47,5,,,27,8,,,25,1*5C
[  219.4] $GPGSV,2,2,8,9,,,48,14,,,36,15,,,24,17,,,25,1*6A
[  219.4] $GPRMC,055120.38,V,,,,,,,090926,,,N,V*0B
[  220.4] $GPGGA,055121.38,,,,,0,03,99.99,,M,,M,,*6C
[  220.4] $GPGLL,,,,,055121.38,V,N*43
[  220.4] $GPGSA,A,1,,,,,,,,,,,,,99.99,99.99,99.99,1*2D
[  220.4] $GPGSV,1,1,3,4,,,47,9,,,48,14,,,36,1*55
[  220.4] $GPRMC,055121.38,V,,,,,,,090926,,,N,V*0A
[  221.5] $GPGGA,055122.38,,,,,0,03,99.99,,M,,M,,*6F
[  221.5] $GPGLL,,,,,055122.38,V,N*40
[  221.5] $GPGSA,A,1,,,,,,,,,,,,,99.99,99.99,99.99,1*2D
[  221.5] $GPGSV,1,1,3,4,,,47,9,,,48,14,,,36,1*55
[  221.5] $GPRMC,055122.38,V,,,,,,,090926,,,N,V*09
[  222.6] $GPGGA,055123.38,,,,,0,03,99.99,,M,,M,,*6E
[  222.6] $GPGLL,,,,,055123.38,V,N*41
[  222.6] $GPGSA,A,1,,,,,,,,,,,,,99.99,99.99,99.99,1*2D
[  222.6] $GPGSV,2,1,5,4,,,47,8,,,27,9,,,48,14,,,36,1*6D
[  222.6] $GPGSV,2,2,5,27,,,29,1*5F
[  222.6] $GPRMC,055123.38,V,,,,,,,090926,,,N,V*08
[  223.6] $GPGGA,055124.38,,,,,0,03,99.99,,M,,M,,*69
[  223.6] $GPGLL,,,,,055124.38,V,N*46
[  223.6] $GPGSA,A,1,,,,,,,,,,,,,99.99,99.99,99.99,1*2D
[  223.6] $GPGSV,2,1,7,1,,,25,4,,,48,8,,,26,9,,,48,1*57
[  223.6] $GPGSV,2,2,7,14,,,36,15,,,27,27,,,26,1*53
[  223.6] $GPRMC,055124.38,V,,,,,,,090926,,,N,V*0F
[  224.7] $GPGGA,055125.38,,,,,0,03,99.99,,M,,M,,*68
[  224.7] $GPGLL,,,,,055125.38,V,N*47
[  224.7] $GPGSA,A,1,,,,,,,,,,,,,99.99,99.99,99.99,1*2D
[  224.7] $GPGSV,2,1,6,1,,,24,4,,,47,8,,,21,9,,,48,1*5F
[  224.7] $GPGSV,2,2,6,14,,,36,27,,,21,1*54
[  224.7] $GPRMC,055125.38,V,,,,,,,090926,,,N,V*0E
[  225.7] $GPGGA,055126.38,,,,,0,03,99.99,,M,,M,,*6B
[  225.7] $GPGLL,,,,,055126.38,V,N*44
[  225.7] $GPGSA,A,1,,,,,,,,,,,,,99.99,99.99,99.99,1*2D
[  225.7] $GPGSV,2,1,5,1,,,25,4,,,47,9,,,48,14,,,36,1*66
[  225.7] $GPGSV,2,2,5,20,,,35,1*55
[  225.7] $GPRMC,055126.38,V,,,,,,,090926,,,N,V*0D
[  226.3] $GPGGA,055127.38,,,,,0,03,99.99,,M,,M,,*6A
[  226.8] $GPGLL,,,,,055127.38,V,N*45
[  226.8] $GPGSA,A,1,,,,,,,,,,,,,99.99,99.99,99.99,1*2D
[  226.8] $GPGSV,2,1,7,1,,,25,4,,,47,7,,,28,9,,,48,1*59
[  226.8] $GPGSV,2,2,7,14,,,36,20,,,27,32,,,29,1*5E
[  226.8] $GPRMC,055127.38,V,,,,,,,090926,,,N,V*0C
[  227.3] $GPGGA,055128.38,,,,,0,03,99.99,,M,,M,,*65
[  227.3] $GPGLL,,,,,055128.38,V,N*4A
[  227.3] $GPGSA,A,1,,,,,,,,,,,,,99.99,99.99,99.99,1*2D
[  227.3] $GPGSV,3,1,11,4,,,47,5,,,29,7,,,25,8,,,26,1*63
[  227.3] $GPGSV,3,2,11,9,,,48,14,,,36,15,,,26,17,,,27,1*53
[  227.3] $GPGSV,3,3,11,20,,,25,32,,,26,201,,,30,1*54
[  227.3] $GPRMC,055128.38,V,,,,,,,090926,,,N,V*03
[  228.3] $GPGGA,055129.38,,,,,0,03,99.99,,M,,M,,*64
[  228.3] $GPGLL,,,,,055129.38,V,N*4B
[  228.3] $GPGSA,A,1,,,,,,,,,,,,,99.99,99.99,99.99,1*2D
[  228.3] $GPGSV,2,1,8,4,,,47,7,,,25,8,,,25,9,,,48,1*52
[  228.3] $GPGSV,2,2,8,14,,,36,15,,,25,20,,,25,201,,,27,1*6C
[  228.3] $GPRMC,055129.38,V,,,,,,,090926,,,N,V*02
[  229.4] $GPGGA,055130.38,,,,,0,03,99.99,,M,,M,,*6C
[  229.4] $GPGLL,,,,,055130.38,V,N*43
[  229.4] $GPGSA,A,1,,,,,,,,,,,,,99.99,99.99,99.99,1*2D
[  229.4] $GPGSV,3,1,9,1,,,28,4,,,47,7,,,25,8,,,24,1*5D
[  229.4] $GPGSV,3,2,9,9,,,48,14,,,36,15,,,25,19,,,28,1*68
[  229.4] $GPGSV,3,3,9,201,,,23,1*6F
[  229.4] $GPRMC,055130.38,V,,,,,,,090926,,,N,V*0A
[  230.4] $GPGGA,055131.38,,,,,0,03,99.99,,M,,M,,*6D
[  230.4] $GPGLL,,,,,055131.38,V,N*42
[  230.4] $GPGSA,A,1,,,,,,,,,,,,,99.99,99.99,99.99,1*2D
[  230.4] $GPGSV,3,1,11,1,,,25,2,,,29,4,,,47,8,,,25,1*61
[  230.4] $GPGSV,3,2,11,9,,,48,14,,,36,15,,,25,18,,,25,1*5D
[  230.4] $GPGSV,3,3,11,19,,,26,21,,,27,201,,,16,1*5A
[  230.4] $GPRMC,055131.38,V,,,,,,,090926,,,N,V*0B
[  231.5] $GPGGA,055132.38,,,,,0,03,99.99,,M,,M,,*6E
[  231.5] $GPGLL,,,,,055132.38,V,N*41
[  231.5] $GPGSA,A,1,,,,,,,,,,,,,99.99,99.99,99.99,1*2D
[  231.5] $GPGSV,2,1,7,1,,,25,2,,,25,4,,,47,9,,,48,1*51
[  231.5] $GPGSV,2,2,7,14,,,36,18,,,20,29,,,29,1*58
[  231.5] $GPRMC,055132.38,V,,,,,,,090926,,,N,V*08
[  232.5] $GPGGA,055133.38,,,,,0,03,99.99,,M,,M,,*6F
[  232.5] $GPGLL,,,,,055133.38,V,N*40
[  232.5] $GPGSA,A,1,,,,,,,,,,,,,99.99,99.99,99.99,1*2D
[  232.5] $GPGSV,2,1,7,1,,,24,2,,,25,4,,,47,9,,,48,1*50
[  232.5] $GPGSV,2,2,7,14,,,36,21,,,28,29,,,26,1*55
[  232.5] $GPRMC,055133.38,V,,,,,,,090926,,,N,V*09
[  233.5] $GPGGA,055134.38,,,,,0,03,99.99,,M,,M,,*68
[  233.5] $GPGLL,,,,,055134.38,V,N*47
[  233.5] $GPGSA,A,1,,,,,,,,,,,,,99.99,99.99,99.99,1*2D
[  233.5] $GPGSV,3,1,10,2,,,25,4,,,48,5,,,27,6,,,41,1*69
[  233.5] $GPGSV,3,2,10,8,,,27,9,,,48,14,,,36,15,,,27,1*6D
[  233.5] $GPGSV,3,3,10,21,,,27,30,,,27,1*65
[  233.5] $GPRMC,055134.38,V,,,,,,,090926,,,N,V*0E
[  234.6] $GPGGA,055135.38,,,,,0,03,99.99,,M,,M,,*69
[  234.6] $GPGLL,,,,,055135.38,V,N*46
[  234.6] $GPGSA,A,1,,,,,,,,,,,,,99.99,99.99,99.99,1*2D
[  234.6] $GPGSV,1,1,4,4,,,48,6,,,27,9,,,48,14,,,36,1*6E
[  234.6] $GPRMC,055135.38,V,,,,,,,090926,,,N,V*0F
[  235.7] $GPGGA,055136.38,,,,,0,03,99.99,,M,,M,,*6A
[  235.7] $GPGLL,,,,,055136.38,V,N*45
[  235.7] $GPGSA,A,1,,,,,,,,,,,,,99.99,99.99,99.99,1*2D
[  235.7] $GPGSV,2,1,5,4,,,48,6,,,25,7,,,33,9,,,48,1*59
[  235.7] $GPGSV,2,2,5,14,,,35,1*52
[  235.7] $GPRMC,055136.38,V,,,,,,,090926,,,N,V*0C
[  236.7] $GPGGA,055137.38,,,,,0,03,99.99,,M,,M,,*6B
[  236.7] $GPGLL,,,,,055137.38,V,N*44
[  236.7] $GPGSA,A,1,,,,,,,,,,,,,99.99,99.99,99.99,1*2D
[  236.7] $GPGSV,2,1,8,2,,,28,4,,,48,6,,,25,7,,,26,1*5D
[  236.7] $GPGSV,2,2,8,8,,,27,9,,,48,14,,,35,18,,,29,1*55
[  236.7] $GPRMC,055137.38,V,,,,,,,090926,,,N,V*0D
[  237.8] $GPGGA,055138.38,,,,,0,03,99.99,,M,,M,,*64
[  237.8] $GPGLL,,,,,055138.38,V,N*4B
[  237.8] $GPGSA,A,1,,,,,,,,,,,,,99.99,99.99,99.99,1*2D
[  237.8] $GPGSV,3,1,11,2,,,26,4,,,47,7,,,25,8,,,27,1*6A
[  237.8] $GPGSV,3,2,11,9,,,48,11,,,29,14,,,35,15,,,27,1*59
[  237.8] $GPGSV,3,3,11,18,,,25,21,,,27,22,,,27,1*69
[  237.8] $GPRMC,055138.38,V,,,,,,,090926,,,N,V*02
[  238.3] $GPGGA,055139.38,,,,,0,03,99.99,,M,,M,,*65
[  238.3] $GPGLL,,,,,055139.38,V,N*4A
[  238.3] $GPGSA,A,1,,,,,,,,,,,,,99.99,99.99,99.99,1*2D
[  238.3] $GPGSV,3,1,9,3,,,29,4,,,47,7,,,25,8,,,26,1*5C
[  238.3] $GPGSV,3,2,9,9,,,48,11,,,26,14,,,35,18,,,25,1*60
[  238.3] $GPGSV,3,3,9,22,,,26,1*59
[  238.3] $GPRMC,055139.38,V,,,,,,,090926,,,N,V*03
[  239.3] $GPGGA,055140.38,,,,,0,03,99.99,,M,,M,,*6B
[  239.3] $GPGLL,,,,,055140.38,V,N*44
[  239.3] $GPGSA,A,1,,,,,,,,,,,,,99.99,99.99,99.99,1*2D
[  239.3] $GPGSV,3,1,9,1,,,28,3,,,25,4,,,47,8,,,25,1*58
[  239.3] $GPGSV,3,2,9,9,,,48,11,,,25,14,,,35,18,,,24,1*62
[  239.3] $GPGSV,3,3,9,30,,,28,1*54
[  239.3] $GPRMC,055140.38,V,,,,,,,090926,,,N,V*0D
[  240.4] $GPGGA,055141.38,,,,,0,03,99.99,,M,,M,,*6A
[  240.4] $GPGLL,,,,,055141.38,V,N*45
[  240.4] $GPGSA,A,1,,,,,,,,,,,,,99.99,99.99,99.99,1*2D
[  240.4] $GPGSV,2,1,7,4,,,47,8,,,24,9,,,48,11,,,24,1*6A
[  240.4] $GPGSV,2,2,7,14,,,35,15,,,27,30,,,24,1*54
[  240.4] $GPRMC,055141.38,V,,,,,,,090926,,,N,V*0C
[  241.4] $GPGGA,055142.38,,,,,0,03,99.99,,M,,M,,*69
[  241.4] $GPGLL,,,,,055142.38,V,N*46
[  241.4] $GPGSA,A,1,,,,,,,,,,,,,99.99,99.99,99.99,1*2D
[  241.4] $GPGSV,1,1,4,4,,,47,8,,,25,9,,,48,14,,,35,1*6E
[  241.4] $GPRMC,055142.38,V,,,,,,,090926,,,N,V*0F
[  242.5] $GPGGA,055143.38,,,,,0,03,99.99,,M,,M,,*68
[  242.5] $GPGLL,,,,,055143.38,V,N*47
[  242.5] $GPGSA,A,1,,,,,,,,,,,,,99.99,99.99,99.99,1*2D
[  242.5] $GPGSV,1,1,4,4,,,48,8,,,24,9,,,48,14,,,35,1*60
[  242.5] $GPRMC,055143.38,V,,,,,,,090926,,,N,V*0E
[  243.5] $GPGGA,055144.38,,,,,0,03,99.99,,M,,M,,*6F
[  243.5] $GPGLL,,,,,055144.38,V,N*40
[  243.5] $GPGSA,A,1,,,,,,,,,,,,,99.99,99.99,99.99,1*2D
[  243.5] $GPGSV,2,1,6,1,,,26,4,,,48,8,,,25,9,,,48,1*56
[  243.5] $GPGSV,2,2,6,14,,,35,16,,,28,1*5C
[  243.5] $GPRMC,055144.38,V,,,,,,,090926,,,N,V*09
[  244.6] $GPGGA,055145.38,,,,,0,03,99.99,,M,,M,,*6E
[  244.6] $GPGLL,,,,,055145.38,V,N*41
[  244.6] $GPGSA,A,1,,,,,,,,,,,,,99.99,99.99,99.99,1*2D
[  244.6] $GPGSV,2,1,7,1,,,25,4,,,48,9,,,48,14,,,35,1*68
[  244.6] $GPGSV,2,2,7,15,,,27,16,,,27,17,,,26,1*52
[  244.6] $GPRMC,055145.38,V,,,,,,,090926,,,N,V*08
[  245.6] $GPGGA,055146.38,,,,,0,03,99.99,,M,,M,,*6D
[  245.6] $GPGLL,,,,,055146.38,V,N*42
[  245.6] $GPGSA,A,1,,,,,,,,,,,,,99.99,99.99,99.99,1*2D
[  245.6] $GPGSV,2,1,6,1,,,25,4,,,47,9,,,48,14,,,35,1*66
[  245.6] $GPGSV,2,2,6,15,,,25,17,,,24,1*51
[  245.6] $GPRMC,055146.38,V,,,,,,,090926,,,N,V*0B
[  246.7] $GPGGA,055147.38,,,,,0,03,99.99,,M,,M,,*6C
[  246.7] $GPGLL,,,,,055147.38,V,N*43
[  246.7] $GPGSA,A,1,,,,,,,,,,,,,99.99,99.99,99.99,1*2D
[  246.7] $GPGSV,2,1,7,1,,,24,4,,,47,8,,,26,9,,,48,1*59
[  246.7] $GPGSV,2,2,7,14,,,35,15,,,25,193,,,26,1*6C
[  246.7] $GPRMC,055147.38,V,,,,,,,090926,,,N,V*0A
[  247.7] $GPGGA,055148.38,,,,,0,03,99.99,,M,,M,,*63
[  247.7] $GPGLL,,,,,055148.38,V,N*4C
[  247.7] $GPGSA,A,1,,,,,,,,,,,,,99.99,99.99,99.99,1*2D
[  247.7] $GPGSV,2,1,7,4,,,47,8,,,26,9,,,47,11,,,30,1*62
[  247.7] $GPGSV,2,2,7,14,,,35,16,,,31,24,,,28,1*59
[  247.7] $GPRMC,055148.38,V,,,,,,,090926,,,N,V*05
[  248.3] $GPGGA,055149.38,,,,,0,03,99.99,,M,,M,,*62
[  248.3] $GPGLL,,,,,055149.38,V,N*4D
[  248.3] $GPGSA,A,1,,,,,,,,,,,,,99.99,99.99,99.99,1*2D
[  248.3] $GPGSV,3,1,10,1,,,28,4,,,47,8,,,24,9,,,47,1*6F
[  248.3] $GPGSV,3,2,10,11,,,25,14,,,35,15,,,27,16,,,27,1*63
[  248.8] $GPGSV,3,3,10,24,,,25,193,,,28,1*55
[  248.8] $GPRMC,055149.38,V,,,,,,,090926,,,N,V*04
[  249.3] $GPGGA,055150.38,,,,,0,03,99.99,,M,,M,,*6A
[  249.3] $GPGLL,,,,,055150.38,V,N*45
[  249.3] $GPGSA,A,1,,,,,,,,,,,,,99.99,99.99,99.99,1*2D
[  249.3] $GPGSV,2,1,7,4,,,47,8,,,25,9,,,48,11,,,25,1*6A
[  249.3] $GPGSV,2,2,7,14,,,36,24,,,25,193,,,25,1*6E
[  249.3] $GPRMC,055150.38,V,,,,,,,090926,,,N,V*0C
[  250.4] $GPGGA,055151.38,,,,,0,03,99.99,,M,,M,,*6B
[  250.4] $GPGLL,,,,,055151.38,V,N*44
[  250.4] $GPGSA,A,1,,,,,,,,,,,,,99.99,99.99,99.99,1*2D
[  250.4] $GPGSV,2,1,5,4,,,47,9,,,48,11,,,25,14,,,36,1*57
[  250.4] $GPGSV,2,2,5,24,,,25,1*50
[  250.4] $GPRMC,055151.38,V,,,,,,,090926,,,N,V*0D
[  251.4] $GPGGA,055152.38,,,,,0,03,99.99,,M,,M,,*68
[  251.4] $GPGLL,,,,,055152.38,V,N*47
[  251.4] $GPGSA,A,1,,,,,,,,,,,,,99.99,99.99,99.99,1*2D
[  251.4] $GPGSV,2,1,5,4,,,48,8,,,30,9,,,48,14,,,35,1*67
[  251.4] $GPGSV,2,2,5,16,,,29,1*5D
[  251.4] $GPRMC,055152.38,V,,,,,,,090926,,,N,V*0E
[  252.5] $GPGGA,055153.38,,,,,0,03,99.99,,M,,M,,*69
[  252.5] $GPGLL,,,,,055153.38,V,N*46
[  252.5] $GPGSA,A,1,,,,,,,,,,,,,99.99,99.99,99.99,1*2D
[  252.5] $GPGSV,2,1,6,4,,,48,9,,,48,11,,,27,14,,,36,1*59
[  252.5] $GPGSV,2,2,6,15,,,28,193,,,28,1*6D
[  252.5] $GPRMC,055153.38,V,,,,,,,090926,,,N,V*0F
[  253.5] $GPGGA,055154.38,,,,,0,03,99.99,,M,,M,,*6E
[  253.5] $GPGLL,,,,,055154.38,V,N*41
[  253.5] $GPGSA,A,1,,,,,,,,,,,,,99.99,99.99,99.99,1*2D
[  253.5] $GPGSV,1,1,4,4,,,47,9,,,48,14,,,36,193,,,26,1*6D
[  253.5] $GPRMC,055154.38,V,,,,,,,090926,,,N,V*08
[  254.6] $GPGGA,055155.38,,,,,0,03,99.99,,M,,M,,*6F
[  254.6] $GPGLL,,,,,055155.38,V,N*40
[  254.6] $GPGSA,A,1,,,,,,,,,,,,,99.99,99.99,99.99,1*2D
[  254.6] $GPGSV,1,1,4,4,,,48,9,,,48,14,,,36,193,,,19,1*6E
[  254.6] $GPRMC,055155.38,V,,,,,,,090926,,,N,V*09
[  255.6] $GPGGA,055156.38,,,,,0,03,99.99,,M,,M,,*6C
[  255.6] $GPGLL,,,,,055156.38,V,N*43
[  255.6] $GPGSA,A,1,,,,,,,,,,,,,99.99,99.99,99.99,1*2D
[  255.6] $GPGSV,2,1,7,4,,,48,5,,,29,9,,,48,14,,,36,1*63
[  255.6] $GPGSV,2,2,7,15,,,28,17,,,27,193,,,08,1*6D
[  255.6] $GPRMC,055156.38,V,,,,,,,090926,,,N,V*0A
[  256.7] $GPGGA,055157.38,,,,,0,03,99.99,,M,,M,,*6D
[  256.7] $GPGLL,,,,,055157.38,V,N*42
[  256.7] $GPGSA,A,1,,,,,,,,,,,,,99.99,99.99,99.99,1*2D
[  256.7] $GPGSV,2,1,6,4,,,48,5,,,22,9,,,47,14,,,36,1*66
[  256.7] $GPGSV,2,2,6,16,,,27,17,,,25,1*51
[  256.7] $GPRMC,055157.38,V,,,,,,,090926,,,N,V*0B
[  257.7] $GPGGA,055158.38,,,,,0,03,99.99,,M,,M,,*62
[  257.7] $GPGLL,,,,,055158.38,V,N*4D
[  257.7] $GPGSA,A,1,,,,,,,,,,,,,99.99,99.99,99.99,1*2D
[  257.7] $GPGSV,2,1,7,4,,,48,5,,,16,8,,,26,9,,,48,1*53
[  257.7] $GPGSV,2,2,7,14,,,36,16,,,25,17,,,24,1*53
[  257.7] $GPRMC,055158.38,V,,,,,,,090926,,,N,V*04
[  258.3] $GPGGA,055159.38,,,,,0,03,99.99,,M,,M,,*63
[  258.3] $GPGLL,,,,,055159.38,V,N*4C
[  258.8] $GPGSA,A,1,,,,,,,,,,,,,99.99,99.99,99.99,1*2D
[  258.8] $GPGSV,2,1,8,4,,,47,5,,,10,8,,,25,9,,,48,1*56
[  258.8] $GPGSV,2,2,8,14,,,36,15,,,26,16,,,29,17,,,25,1*51
[  258.8] $GPRMC,055159.38,V,,,,,,,090926,,,N,V*05
[  259.3] $GPGGA,055200.38,,,,,0,03,99.99,,M,,M,,*6C
[  259.3] $GPGLL,,,,,055200.38,V,N*43
[  259.3] $GPGSA,A,1,,,,,,,,,,,,,99.99,99.99,99.99,1*2D
[  259.3] $GPGSV,2,1,8,4,,,48,5,,,00,8,,,25,9,,,48,1*58
[  259.3] $GPGSV,2,2,8,11,,,30,14,,,36,15,,,25,16,,,26,1*5F
[  259.3] $GPRMC,055200.38,V,,,,,,,090926,,,N,V*0A
[  260.3] $GPGGA,055201.38,,,,,0,03,99.99,,M,,M,,*6D
[  260.3] $GPGLL,,,,,055201.38,V,N*42
[  260.3] $GPGSA,A,1,,,,,,,,,,,,,99.99,99.99,99.99,1*2D
[  260.3] $GPGSV,3,1,10,4,,,48,8,,,25,9,,,48,11,,,27,1*50
[  260.3] $GPGSV,3,2,10,14,,,36,15,,,24,16,,,25,17,,,27,1*65
[  260.3] $GPGSV,3,3,10,24,,,26,31,,,27,1*60
[  260.3] $GPRMC,055201.38,V,,,,,,,090926,,,N,V*0B
[  261.4] $GPGGA,055202.38,,,,,0,03,99.99,,M,,M,,*6E
[  261.4] $GPGLL,,,,,055202.38,V,N*41
[  261.4] $GPGSA,A,1,,,,,,,,,,,,,99.99,99.99,99.99,1*2D
[  261.4] $GPGSV,2,1,6,4,,,48,9,,,48,14,,,36,15,,,25,1*5F
[  261.4] $GPGSV,2,2,6,16,,,24,31,,,25,1*56
[  261.4] $GPRMC,055202.38,V,,,,,,,090926,,,N,V*08
[  262.4] $GPGGA,055203.38,,,,,0,03,99.99,,M,,M,,*6F
[  262.4] $GPGLL,,,,,055203.38,V,N*40
[  262.4] $GPGSA,A,1,,,,,,,,,,,,,99.99,99.99,99.99,1*2D
[  262.4] $GPGSV,2,1,6,4,,,48,9,,,47,11,,,30,14,,,36,1*50
[  262.4] $GPGSV,2,2,6,20,,,26,31,,,25,1*51
[  262.4] $GPRMC,055203.38,V,,,,,,,090926,,,N,V*09
[  263.5] $GPGGA,055204.38,,,,,0,03,99.99,,M,,M,,*68
[  263.5] $GPGLL,,,,,055204.38,V,N*47
[  263.5] $GPGSA,A,1,,,,,,,,,,,,,99.99,99.99,99.99,1*2D
[  263.5] $GPGSV,2,1,7,4,,,48,9,,,48,11,,,26,14,,,36,1*59
[  263.5] $GPGSV,2,2,7,16,,,27,20,,,25,31,,,25,1*51
[  263.5] $GPRMC,055204.38,V,,,,,,,090926,,,N,V*0E
[  264.5] $GPGGA,055205.38,,,,,0,03,99.99,,M,,M,,*69
[  264.5] $GPGLL,,,,,055205.38,V,N*46
[  264.5] $GPGSA,A,1,,,,,,,,,,,,,99.99,99.99,99.99,1*2D
[  264.5] $GPGSV,2,1,7,4,,,48,8,,,27,9,,,48,11,,,25,1*67
[  264.5] $GPGSV,2,2,7,14,,,36,15,,,28,20,,,25,1*58
[  264.5] $GPRMC,055205.38,V,,,,,,,090926,,,N,V*0F
[  265.6] $GPGGA,055206.38,,,,,0,03,99.99,,M,,M,,*6A
[  265.6] $GPGLL,,,,,055206.38,V,N*45
[  265.6] $GPGSA,A,1,,,,,,,,,,,,,99.99,99.99,99.99,1*2D
[  265.6] $GPGSV,2,1,7,4,,,48,8,,,25,9,,,48,11,,,25,1*65
[  265.6] $GPGSV,2,2,7,14,,,35,15,,,26,20,,,24,1*54
[  265.6] $GPRMC,055206.38,V,,,,,,,090926,,,N,V*0C
[  266.6] $GPGGA,055207.38,,,,,0,03,99.99,,M,,M,,*6B
[  266.6] $GPGLL,,,,,055207.38,V,N*44
[  266.6] $GPGSA,A,1,,,,,,,,,,,,,99.99,99.99,99.99,1*2D
[  266.6] $GPGSV,2,1,7,4,,,48,8,,,24,9,,,48,14,,,36,1*63
[  266.6] $GPGSV,2,2,7,15,,,25,16,,,28,27,,,27,1*5D
[  266.6] $GPRMC,055207.38,V,,,,,,,090926,,,N,V*0D
[  267.7] $GPGGA,055208.38,,,,,0,03,99.99,,M,,M,,*64
[  267.7] $GPGLL,,,,,055208.38,V,N*4B
[  267.7] $GPGSA,A,1,,,,,,,,,,,,,99.99,99.99,99.99,1*2D
[  267.7] $GPGSV,3,1,9,4,,,48,5,,,26,8,,,25,9,,,48,1*5C
[  267.7] $GPGSV,3,2,9,14,,,36,15,,,25,16,,,26,27,,,25,1*5E
[  267.7] $GPGSV,3,3,9,30,,,28,1*54
[  267.7] $GPRMC,055208.38,V,,,,,,,090926,,,N,V*02
[  268.7] $GPGGA,055209.38,,,,,0,03,99.99,,M,,M,,*65
[  268.7] $GPGLL,,,,,055209.38,V,N*4A
[  268.7] $GPGSA,A,1,,,,,,,,,,,,,99.99,99.99,99.99,1*2D
[  268.7] $GPGSV,2,1,6,4,,,48,5,,,25,9,,,47,14,,,36,1*61
[  268.7] $GPGSV,2,2,6,16,,,24,27,,,24,1*50
[  268.7] $GPRMC,055209.38,V,,,,,,,090926,,,N,V*03
[  269.3] $GPGGA,055210.38,,,,,0,03,99.99,,M,,M,,*6D
[  269.3] $GPGLL,,,,,055210.38,V,N*42
[  269.3] $GPGSA,A,1,,,,,,,,,,,,,99.99,99.99,99.99,1*2D
[  269.3] $GPGSV,2,1,6,4,,,48,5,,,25,9,,,48,14,,,36,1*6E
[  269.8] $GPGSV,2,2,6,16,,,25,27,,,24,1*51
[  269.8] $GPRMC,055210.38,V,,,,,,,090926,,,N,V*0B
[  270.3] $GPGGA,055211.38,,,,,0,03,99.99,,M,,M,,*6C
[  270.3] $GPGLL,,,,,055211.38,V,N*43
[  270.3] $GPGSA,A,1,,,,,,,,,,,,,99.99,99.99,99.99,1*2D
[  270.3] $GPGSV,2,1,8,2,,,27,4,,,48,5,,,24,8,,,27,1*5E
[  270.3] $GPGSV,2,2,8,9,,,48,14,,,36,15,,,29,18,,,26,1*6B
[  270.3] $GPRMC,055211.38,V,,,,,,,090926,,,N,V*0A
[  271.4] $GPGGA,055212.38,,,,,0,03,99.99,,M,,M,,*6F
[  271.4] $GPGLL,,,,,055212.38,V,N*40
[  271.4] $GPGSA,A,1,,,,,,,,,,,,,99.99,99.99,99.99,1*2D
[  271.4] $GPGSV,2,1,6,2,,,25,4,,,48,8,,,26,9,,,48,1*55
[  271.4] $GPGSV,2,2,6,14,,,36,18,,,25,1*5C
[  271.4] $GPRMC,055212.38,V,,,,,,,090926,,,N,V*09
[  272.4] $GPGGA,055213.38,,,,,0,03,99.99,,M,,M,,*6E
[  272.4] $GPGLL,,,,,055213.38,V,N*41
[  272.4] $GPGSA,A,1,,,,,,,,,,,,,99.99,99.99,99.99,1*2D
[  272.4] $GPGSV,2,1,5,2,,,25,4,,,47,9,,,47,14,,,36,1*6A
[  272.4] $GPGSV,2,2,5,193,,,27,1*6F
[  272.4] $GPRMC,055213.38,V,,,,,,,090926,,,N,V*08
[  273.4] $GPGGA,055214.38,,,,,0,03,99.99,,M,,M,,*69
[  273.4] $GPGLL,,,,,055214.38,V,N*46
[  273.4] $GPGSA,A,1,,,,,,,,,,,,,99.99,99.99,99.99,1*2D
[  273.4] $GPGSV,2,1,7,2,,,25,4,,,48,8,,,28,9,,,48,1*5A
[  273.4] $GPGSV,2,2,7,14,,,36,17,,,29,193,,,26,1*61
[  273.4] $GPRMC,055214.38,V,,,,,,,090926,,,N,V*0F
[  274.5] $GPGGA,055215.38,,,,,0,03,99.99,,M,,M,,*68
[  274.5] $GPGLL,,,,,055215.38,V,N*47
[  274.5] $GPGSA,A,1,,,,,,,,,,,,,99.99,99.99,99.99,1*2D
[  274.5] $GPGSV,2,1,8,4,,,47,5,,,28,9,,,48,14,,,36,1*62
[  274.5] $GPGSV,2,2,8,15,,,27,17,,,25,26,,,27,197,,,27,1*67
[  274.5] $GPRMC,055215.38,V,,,,,,,090926,,,N,V*0E
[  275.5] $GPGGA,055216.38,,,,,0,03,99.99,,M,,M,,*6B
[  275.5] $GPGLL,,,,,055216.38,V,N*44
[  275.5] $GPGSA,A,1,,,,,,,,,,,,,99.99,99.99,99.99,1*2D
[  275.5] $GPGSV,2,1,5,4,,,48,9,,,48,14,,,36,16,,,26,1*5C
[  275.5] $GPGSV,2,2,5,26,,,25,1*52
[  275.5] $GPRMC,055216.38,V,,,,,,,090926,,,N,V*0D
[  276.6] $GPGGA,055217.38,,,,,0,03,99.99,,M,,M,,*6A
[  276.6] $GPGLL,,,,,055217.38,V,N*45
[  276.6] $GPGSA,A,1,,,,,,,,,,,,,99.99,99.99,99.99,1*2D
[  276.6] $GPGSV,1,1,4,4,,,47,8,,,27,9,,,48,14,,,36,1*6F
[  276.6] $GPRMC,055217.38,V,,,,,,,090926,,,N,V*0C
[  277.6] $GPGGA,055218.38,,,,,0,03,99.99,,M,,M,,*65
[  277.6] $GPGLL,,,,,055218.38,V,N*4A
[  277.6] $GPGSA,A,1,,,,,,,,,,,,,99.99,99.99,99.99,1*2D
[  277.6] $GPGSV,2,1,6,4,,,48,6,,,26,8,,,26,9,,,48,1*52
[  277.6] $GPGSV,2,2,6,11,,,27,14,,,36,1*57
[  277.6] $GPRMC,055218.38,V,,,,,,,090926,,,N,V*03
[  278.7] $GPGGA,055219.38,,,,,0,03,99.99,,M,,M,,*64
[  278.7] $GPGLL,,,,,055219.38,V,N*4B
[  278.7] $GPGSA,A,1,,,,,,,,,,,,,99.99,99.99,99.99,1*2D
[  278.7] $GPGSV,2,1,5,4,,,47,9,,,48,11,,,23,14,,,36,1*51
[  278.7] $GPGSV,2,2,5,15,,,27,1*50
[  278.7] $GPRMC,055219.38,V,,,,,,,090926,,,N,V*02
[  279.7] $GPGGA,055220.38,,,,,0,03,99.99,,M,,M,,*6E
[  279.7] $GPGLL,,,,,055220.38,V,N*41
[  279.7] $GPGSA,A,1,,,,,,,,,,,,,99.99,99.99,99.99,1*2D
[  279.7] $GPGSV,1,1,4,4,,,47,9,,,48,14,,,36,15,,,27,1*53
[  279.7] $GPRMC,055220.38,V,,,,,,,090926,,,N,V*08
[  280.8] $GPGGA,055221.38,,,,,0,03,99.99,,M,,M,,*6F
[  280.8] $GPGLL,,,,,055221.38,V,N*40
[  280.8] $GPGSA,A,1,,,,,,,,,,,,,99.99,99.99,99.99,1*2D
[  280.8] $GPGSV,1,1,3,4,,,47,9,,,48,14,,,36,1*55
[  280.8] $GPRMC,055221.38,V,,,,,,,090926,,,N,V*09
[  281.3] $GPGGA,055222.38,,,,,0,03,99.99,,M,,M,,*6C
[  281.3] $GPGLL,,,,,055222.38,V,N*43
[  281.3] $GPGSA,A,1,,,,,,,,,,,,,99.99,99.99,99.99,1*2D
[  281.3] $GPGSV,1,1,3,4,,,48,9,,,49,14,,,35,1*58
[  281.3] $GPRMC,055222.38,V,,,,,,,090926,,,N,V*0A
[  282.3] $GPGGA,055223.38,,,,,0,03,99.99,,M,,M,,*6D
[  282.3] $GPGLL,,,,,055223.38,V,N*42
[  282.3] $GPGSA,A,1,,,,,,,,,,,,,99.99,99.99,99.99,1*2D
[  282.3] $GPGSV,2,1,6,3,,,26,4,,,48,9,,,48,14,,,35,1*68
[  282.3] $GPGSV,2,2,6,16,,,27,26,,,28,1*5E
[  282.3] $GPRMC,055223.38,V,,,,,,,090926,,,N,V*0B
[  283.4] $GPGGA,055224.38,,,,,0,03,99.99,,M,,M,,*6A
[  283.4] $GPGLL,,,,,055224.38,V,N*45
[  283.4] $GPGSA,A,1,,,,,,,,,,,,,99.99,99.99,99.99,1*2D
[  283.4] $GPGSV,2,1,6,1,,,27,3,,,24,4,,,47,5,,,27,1*57
[  283.4] $GPGSV,2,2,6,9,,,48,14,,,35,1*64
[  283.4] $GPRMC,055224.38,V,,,,,,,090926,,,N,V*0C
[  284.4] $GPGGA,055225.38,,,,,0,03,99.99,,M,,M,,*6B
[  284.4] $GPGLL,,,,,055225.38,V,N*44
[  284.4] $GPGSA,A,1,,,,,,,,,,,,,99.99,99.99,99.99,1*2D
[  284.4] $GPGSV,2,1,6,3,,,24,4,,,47,5,,,25,9,,,48,1*54
[  284.4] $GPGSV,2,2,6,14,,,35,17,,,27,1*52
[  284.4] $GPRMC,055225.38,V,,,,,,,090926,,,N,V*0D
[  285.5] $GPGGA,055226.38,,,,,0,03,99.99,,M,,M,,*68
[  285.5] $GPGLL,,,,,055226.38,V,N*47
[  285.5] $GPGSA,A,1,,,,,,,,,,,,,99.99,99.99,99.99,1*2D
[  285.5] $GPGSV,2,1,5,3,,,24,4,,,47,9,,,48,14,,,35,1*66
[  285.5] $GPGSV,2,2,5,17,,,26,1*53
[  285.5] $GPRMC,055226.38,V,,,,,,,090926,,,N,V*0E
[  286.5] $GPGGA,055227.38,,,,,0,03,99.99,,M,,M,,*69
[  286.5] $GPGLL,,,,,055227.38,V,N*46
[  286.5] $GPGSA,A,1,,,,,,,,,,,,,99.99,99.99,99.99,1*2D
[  286.5] $GPGSV,1,1,3,4,,,47,9,,,48,14,,,35,1*56
[  286.5] $GPRMC,055227.38,V,,,,,,,090926,,,N,V*0F
[  287.6] $GPGGA,055228.38,,,,,0,03,99.99,,M,,M,,*66
[  287.6] $GPGLL,,,,,055228.38,V,N*49
[  287.6] $GPGSA,A,1,,,,,,,,,,,,,99.99,99.99,99.99,1*2D
[  287.6] $GPGSV,1,1,3,4,,,47,9,,,48,14,,,35,1*56
[  287.6] $GPRMC,055228.38,V,,,,,,,090926,,,N,V*00
[  288.6] $GPGGA,055229.38,,,,,0,03,99.99,,M,,M,,*67
[  288.6] $GPGLL,,,,,055229.38,V,N*48
[  288.6] $GPGSA,A,1,,,,,,,,,,,,,99.99,99.99,99.99,1*2D
[  288.6] $GPGSV,2,1,5,3,,,28,4,,,48,9,,,48,14,,,35,1*65
[  288.6] $GPGSV,2,2,5,16,,,28,1*5C
[  288.6] $GPRMC,055229.38,V,,,,,,,090926,,,N,V*01
[  289.6] $GPGGA,055230.38,,,,,0,03,99.99,,M,,M,,*6F
[  289.6] $GPGLL,,,,,055230.38,V,N*40
[  289.6] $GPGSA,A,1,,,,,,,,,,,,,99.99,99.99,99.99,1*2D
[  289.6] $GPGSV,2,1,8,3,,,25,4,,,48,9,,,48,11,,,28,1*6C
[  289.6] $GPGSV,2,2,8,14,,,35,15,,,27,16,,,27,26,,,28,1*52
[  289.6] $GPRMC,055230.38,V,,,,,,,090926,,,N,V*09
[  290.7] $GPGGA,055231.38,,,,,0,03,99.99,,M,,M,,*6E
[  290.7] $GPGLL,,,,,055231.38,V,N*41
[  290.7] $GPGSA,A,1,,,,,,,,,,,,,99.99,99.99,99.99,1*2D
[  290.7] $GPGSV,2,1,7,3,,,25,4,,,47,5,,,27,9,,,48,1*56
[  290.7] $GPGSV,2,2,7,11,,,23,14,,,34,15,,,25,1*53
[  290.7] $GPRMC,055231.38,V,,,,,,,090926,,,N,V*08
[  291.7] $GPGGA,055232.38,,,,,0,03,99.99,,M,,M,,*6D
[  291.7] $GPGLL,,,,,055232.38,V,N*42
[  291.7] $GPGSA,A,1,,,,,,,,,,,,,99.99,99.99,99.99,1*2D
[  291.7] $GPGSV,2,1,8,3,,,24,4,,,47,5,,,25,9,,,48,1*5A
[  291.7] $GPGSV,2,2,8,14,,,34,15,,,25,16,,,29,201,,,28,1*68
[  291.7] $GPRMC,055232.38,V,,,,,,,090926,,,N,V*0B
[  292.8] $GPGGA,055233.38,,,,,0,03,99.99,,M,,M,,*6C
[  292.8] $GPGLL,,,,,055233.38,V,N*43
[  292.8] $GPGSA,A,1,,,,,,,,,,,,,99.99,99.99,99.99,1*2D
[  292.8] $GPGSV,2,1,7,4,,,47,5,,,24,9,,,48,14,,,34,1*63
[  292.8] $GPGSV,2,2,7,15,,,24,26,,,28,201,,,25,1*6B
[  292.8] $GPRMC,055233.38,V,,,,,,,090926,,,N,V*0A
[  293.3] $GPGGA,055234.38,,,,,0,03,99.99,,M,,M,,*6B
[  293.3] $GPGLL,,,,,055234.38,V,N*44
[  293.3] $GPGSA,A,1,,,,,,,,,,,,,99.99,99.99,99.99,1*2D
[  293.3] $GPGSV,2,1,5,4,,,47,9,,,48,14,,,34,26,,,26,1*52
[  293.3] $GPGSV,2,2,5,201,,,25,1*65
[  293.3] $GPRMC,055234.38,V,,,,,,,090926,,,N,V*0D
[  294.3] $GPGGA,055235.38,,,,,0,03,99.99,,M,,M,,*6A
[  294.3] $GPGLL,,,,,055235.38,V,N*45
[  294.3] $GPGSA,A,1,,,,,,,,,,,,,99.99,99.99,99.99,1*2D
[  294.3] $GPGSV,1,1,4,4,,,47,9,,,48,14,,,34,201,,,24,1*65
[  294.3] $GPRMC,055235.38,V,,,,,,,090926,,,N,V*0C
[  295.4] $GPGGA,055236.38,,,,,0,03,99.99,,M,,M,,*69
[  295.4] $GPGLL,,,,,055236.38,V,N*46
[  295.4] $GPGSA,A,1,,,,,,,,,,,,,99.99,99.99,99.99,1*2D
[  295.4] $GPGSV,1,1,4,4,,,47,8,,,26,9,,,48,14,,,34,1*6C
[  295.4] $GPRMC,055236.38,V,,,,,,,090926,,,N,V*0F
[  296.4] $GPGGA,055237.38,,,,,0,03,99.99,,M,,M,,*68
[  296.4] $GPGLL,,,,,055237.38,V,N*47
[  296.4] $GPGSA,A,1,,,,,,,,,,,,,99.99,99.99,99.99,1*2D
[  296.4] $GPGSV,2,1,5,4,,,47,8,,,25,9,,,48,11,,,28,1*65
[  296.4] $GPGSV,2,2,5,14,,,34,1*53
[  296.4] $GPRMC,055237.38,V,,,,,,,090926,,,N,V*0E
[  297.5] $GPGGA,055238.38,,,,,0,03,99.99,,M,,M,,*67
[  297.5] $GPGLL,,,,,055238.38,V,N*48
[  297.5] $GPGSA,A,1,,,,,,,,,,,,,99.99,99.99,99.99,1*2D
[  297.5] $GPGSV,2,1,6,4,,,47,8,,,25,9,,,48,11,,,25,1*6B
[  297.5] $GPGSV,2,2,6,14,,,34,201,,,29,1*68
[  297.5] $GPRMC,055238.38,V,,,,,,,090926,,,N,V*01
[  298.6] $GPGGA,055239.38,,,,,0,03,99.99,,M,,M,,*66
[  298.6] $GPGLL,,,,,055239.38,V,N*49
[  298.6] $GPGSA,A,1,,,,,,,,,,,,,99.99,99.99,99.99,1*2D
[  298.6] $GPGSV,2,1,8,4,,,47,8,,,24,9,,,48,11,,,22,1*63
[  298.6] $GPGSV,2,2,8,14,,,34,16,,,28,26,,,29,201,,,26,1*6B
[  298.6] $GPRMC,055239.38,V,,,,,,,090926,,,N,V*00
[  299.6] $GPGGA,055240.38,,,,,0,03,99.99,,M,,M,,*68
[  299.6] $GPGLL,,,,,055240.38,V,N*47
[  299.6] $GPGSA,A,1,,,,,,,,,,,,,99.99,99.99,99.99,1*2D
[  299.6] $GPGSV,2,1,6,4,,,47,9,,,48,11,,,13,14,,,34,1*53
[  299.6] $GPGSV,2,2,6,26,,,26,201,,,25,1*66
[  299.6] $GPRMC,055240.38,V,,,,,,,090926,,,N,V*0E
[  300.7] $GPGGA,055241.38,,,,,0,03,99.99,,M,,M,,*69
[  300.7] $GPGLL,,,,,055241.38,V,N*46
[  300.7] $GPGSA,A,1,,,,,,,,,,,,,99.99,99.99,99.99,1*2D
[  300.7] $GPGSV,2,1,6,1,,,26,4,,,47,9,,,48,11,,,01,1*67
[  300.7] $GPGSV,2,2,6,14,,,33,201,,,25,1*63
[  300.7] $GPRMC,055241.38,V,,,,,,,090926,,,N,V*0F
[  301.7] $GPGGA,055242.38,,,,,0,03,99.99,,M,,M,,*6A
[  301.7] $GPGLL,,,,,055242.38,V,N*45
[  301.7] $GPGSA,A,1,,,,,,,,,,,,,99.99,99.99,99.99,1*2D
[  301.7] $GPGSV,2,1,8,1,,,25,4,,,47,9,,,48,11,,,03,1*68
[  301.7] $GPGSV,2,2,8,14,,,33,16,,,27,26,,,29,29,,,25,1*58
[  301.7] $GPRMC,055242.38,V,,,,,,,090926,,,N,V*0C
[  302.7] $GPGGA,055243.38,,,,,0,03,99.99,,M,,M,,*6B
[  302.7] $GPGLL,,,,,055243.38,V,N*44
[  302.7] $GPGSA,A,1,,,,,,,,,,,,,99.99,99.99,99.99,1*2D
[  302.7] $GPGSV,2,1,8,1,,,25,4,,,47,9,,,48,11,,,04,1*6F
[  302.7] $GPGSV,2,2,8,14,,,33,16,,,25,26,,,25,29,,,25,1*56
[  302.7] $GPRMC,055243.38,V,,,,,,,090926,,,N,V*0D
[  303.3] $GPGGA,055244.38,,,,,0,03,99.99,,M,,M,,*6C
[  303.3] $GPGLL,,,,,055244.38,V,N*43
[  303.8] $GPGSA,A,1,,,,,,,,,,,,,99.99,99.99,99.99,1*2D
[  303.8] $GPGSV,2,1,8,1,,,25,4,,,47,9,,,48,11,,,12,1*68
[  303.8] $GPGSV,2,2,8,14,,,33,16,,,25,26,,,25,29,,,24,1*57
[  303.8] $GPRMC,055244.38,V,,,,,,,090926,,,N,V*0A
[  304.3] $GPGGA,055245.38,,,,,0,03,99.99,,M,,M,,*6D
[  304.3] $GPGLL,,,,,055245.38,V,N*42
[  304.3] $GPGSA,A,1,,,,,,,,,,,,,99.99,99.99,99.99,1*2D
[  304.3] $GPGSV,2,1,6,4,,,47,9,,,48,14,,,33,16,,,25,1*56
[  304.3] $GPGSV,2,2,6,26,,,24,29,,,25,1*5C
[  304.3] $GPRMC,055245.38,V,,,,,,,090926,,,N,V*0B
[  305.4] $GPGGA,055246.38,,,,,0,03,99.99,,M,,M,,*6E
[  305.4] $GPGLL,,,,,055246.38,V,N*41
[  305.4] $GPGSA,A,1,,,,,,,,,,,,,99.99,99.99,99.99,1*2D
[  305.4] $GPGSV,1,1,3,4,,,47,9,,,48,14,,,33,1*50
[  305.4] $GPRMC,055246.38,V,,,,,,,090926,,,N,V*08
[  306.4] $GPGGA,055247.38,,,,,0,03,99.99,,M,,M,,*6F
[  306.4] $GPGLL,,,,,055247.38,V,N*40
[  306.4] $GPGSA,A,1,,,,,,,,,,,,,99.99,99.99,99.99,1*2D
[  306.4] $GPGSV,1,1,4,4,,,47,8,,,29,9,,,48,14,,,33,1*64
[  306.4] $GPRMC,055247.38,V,,,,,,,090926,,,N,V*09
[  307.5] $GPGGA,055248.38,,,,,0,03,99.99,,M,,M,,*60
[  307.5] $GPGLL,,,,,055248.38,V,N*4F
[  307.5] $GPGSA,A,1,,,,,,,,,,,,,99.99,99.99,99.99,1*2D
[  307.5] $GPGSV,2,1,7,2,,,28,4,,,48,8,,,26,9,,,48,1*59
[  307.5] $GPGSV,2,2,7,11,,,27,14,,,33,26,,,28,1*5D
[  307.5] $GPRMC,055248.38,V,,,,,,,090926,,,N,V*06
[  308.5] $GPGGA,055249.38,,,,,0,03,99.99,,M,,M,,*61
[  308.5] $GPGLL,,,,,055249.38,V,N*4E
[  308.5] $GPGSA,A,1,,,,,,,,,,,,,99.99,99.99,99.99,1*2D
[  308.5] $GPGSV,2,1,7,2,,,25,4,,,47,8,,,25,9,,,48,1*58
[  308.5] $GPGSV,2,2,7,11,,,25,14,,,33,32,,,26,1*54
[  308.5] $GPRMC,055249.38,V,,,,,,,090926,,,N,V*07
[  309.6] $GPGGA,055250.38,,,,,0,03,99.99,,M,,M,,*69
[  309.6] $GPGLL,,,,,055250.38,V,N*46
[  309.6] $GPGSA,A,1,,,,,,,,,,,,,99.99,99.99,99.99,1*2D
[  309.6] $GPGSV,2,1,6,2,,,25,4,,,47,8,,,25,9,,,47,1*56
[  309.6] $GPGSV,2,2,6,14,,,33,32,,,25,1*51
[  309.6] $GPRMC,055250.38,V,,,,,,,090926,,,N,V*0F
[  310.6] $GPGGA,055251.38,,,,,0,03,99.99,,M,,M,,*68
[  310.6] $GPGLL,,,,,055251.38,V,N*47
[  310.6] $GPGSA,A,1,,,,,,,,,,,,,99.99,99.99,99.99,1*2D
[  310.6] $GPGSV,2,1,5,2,,,24,4,,,47,9,,,48,14,,,33,1*61
[  310.6] $GPGSV,2,2,5,32,,,25,1*57
[  310.6] $GPRMC,055251.38,V,,,,,,,090926,,,N,V*0E
[  311.7] $GPGGA,055252.38,,,,,0,03,99.99,,M,,M,,*6B
[  311.7] $GPGLL,,,,,055252.38,V,N*44
[  311.7] $GPGSA,A,1,,,,,,,,,,,,,99.99,99.99,99.99,1*2D
[  311.7] $GPGSV,2,1,6,4,,,47,9,,,48,14,,,33,16,,,27,1*54
[  311.7] $GPGSV,2,2,6,19,,,27,32,,,25,1*59
[  311.7] $GPRMC,055252.38,V,,,,,,,090926,,,N,V*0D
[  312.7] $GPGGA,055253.38,,,,,0,03,99.99,,M,,M,,*6A
[  312.7] $GPGLL,,,,,055253.38,V,N*45
[  312.7] $GPGSA,A,1,,,,,,,,,,,,,99.99,99.99,99.99,1*2D
[  312.7] $GPGSV,2,1,6,1,,,28,4,,,47,9,,,47,14,,,33,1*62
[  312.7] $GPGSV,2,2,6,19,,,25,26,,,27,1*5C
[  312.7] $GPRMC,055253.38,V,,,,,,,090926,,,N,V*0C
[  313.8] $GPGGA,055254.38,,,,,0,03,99.99,,M,,M,,*6D
[  313.8] $GPGLL,,,,,055254.38,V,N*42
[  313.8] $GPGSA,A,1,,,,,,,,,,,,,99.99,99.99,99.99,1*2D
[  313.8] $GPGSV,2,1,6,1,,,25,4,,,47,9,,,47,11,,,27,1*6F
[  313.8] $GPGSV,2,2,6,14,,,33,19,,,25,1*58
[  313.8] $GPRMC,055254.38,V,,,,,,,090926,,,N,V*0B
[  314.3] $GPGGA,055255.38,,,,,0,03,99.99,,M,,M,,*6C
[  314.3] $GPGLL,,,,,055255.38,V,N*43
[  314.3] $GPGSA,A,1,,,,,,,,,,,,,99.99,99.99,99.99,1*2D
[  314.3] $GPGSV,2,1,7,1,,,25,4,,,47,9,,,47,11,,,25,1*6C
[  314.3] $GPGSV,2,2,7,14,,,33,16,,,27,19,,,25,1*5B
[  314.3] $GPRMC,055255.38,V,,,,,,,090926,,,N,V*0A
[  315.4] $GPGGA,055256.38,,,,,0,03,99.99,,M,,M,,*6F
[  315.4] $GPGLL,,,,,055256.38,V,N*40
[  315.4] $GPGSA,A,1,,,,,,,,,,,,,99.99,99.99,99.99,1*2D
[  315.4] $GPGSV,1,1,4,4,,,47,9,,,47,11,,,25,14,,,33,1*5F
[  315.4] $GPRMC,055256.38,V,,,,,,,090926,,,N,V*09
[  316.4] $GPGGA,055257.38,,,,,0,03,99.99,,M,,M,,*6E
[  316.4] $GPGLL,,,,,055257.38,V,N*41
[  316.4] $GPGSA,A,1,,,,,,,,,,,,,99.99,99.99,99.99,1*2D
[  316.4] $GPGSV,1,1,4,4,,,47,9,,,48,11,,,24,14,,,33,1*51
[  316.4] $GPRMC,055257.38,V,,,,,,,090926,,,N,V*08
[  317.4] $GPGGA,055258.38,,,,,0,03,99.99,,M,,M,,*61
[  317.4] $GPGLL,,,,,055258.38,V,N*4E
[  317.4] $GPGSA,A,1,,,,,,,,,,,,,99.99,99.99,99.99,1*2D
[  317.4] $GPGSV,1,1,3,4,,,47,9,,,48,14,,,33,1*50
[  317.4] $GPRMC,055258.38,V,,,,,,,090926,,,N,V*07
[  318.5] $GPGGA,055259.38,,,,,0,03,99.99,,M,,M,,*60
[  318.5] $GPGLL,,,,,055259.38,V,N*4F
[  318.5] $GPGSA,A,1,,,,,,,,,,,,,99.99,99.99,99.99,1*2D
[  318.5] $GPGSV,2,1,5,4,,,48,9,,,48,11,,,26,14,,,33,1*5E
[  318.5] $GPGSV,2,2,5,16,,,29,1*5D
[  318.5] $GPRMC,055259.38,V,,,,,,,090926,,,N,V*06
[  319.5] $GPGGA,055300.38,,,,,0,03,99.99,,M,,M,,*6D
[  319.5] $GPGLL,,,,,055300.38,V,N*42
[  319.5] $GPGSA,A,1,,,,,,,,,,,,,99.99,99.99,99.99,1*2D
[  319.5] $GPGSV,2,1,7,4,,,47,6,,,27,8,,,26,9,,,48,1*5D
[  319.5] $GPGSV,2,2,7,11,,,27,14,,,33,197,,,27,1*69
[  319.5] $GPRMC,055300.38,V,,,,,,,090926,,,N,V*0B
[  320.6] $GPGGA,055301.38,,,,,0,03,99.99,,M,,M,,*6C
[  320.6] $GPGLL,,,,,055301.38,V,N*43
[  320.6] $GPGSA,A,1,,,,,,,,,,,,,99.99,99.99,99.99,1*2D
[  320.6] $GPGSV,2,1,7,4,,,47,6,,,25,8,,,25,9,,,48,1*5C
[  320.6] $GPGSV,2,2,7,14,,,33,17,,,25,197,,,25,1*6F
[  320.6] $GPRMC,055301.38,V,,,,,,,090926,,,N,V*0A
[  321.6] $GPGGA,055302.38,,,,,0,03,99.99,,M,,M,,*6F
[  321.6] $GPGLL,,,,,055302.38,V,N*40
[  321.6] $GPGSA,A,1,,,,,,,,,,,,,99.99,99.99,99.99,1*2D
[  321.6] $GPGSV,2,1,6,4,,,47,6,,,25,8,,,25,9,,,48,1*5D
[  321.6] $GPGSV,2,2,6,14,,,33,17,,,25,1*56
[  321.6] $GPRMC,055302.38,V,,,,,,,090926,,,N,V*09
[  322.7] $GPGGA,055303.38,,,,,0,03,99.99,,M,,M,,*6E
[  322.7] $GPGLL,,,,,055303.38,V,N*41
[  322.7] $GPGSA,A,1,,,,,,,,,,,,,99.99,99.99,99.99,1*2D
[  322.7] $GPGSV,2,1,5,4,,,47,6,,,24,9,,,48,14,,,33,1*65
[  322.7] $GPGSV,2,2,5,26,,,27,1*50
[  322.7] $GPRMC,055303.38,V,,,,,,,090926,,,N,V*08
[  323.7] $GPGGA,055304.38,,,,,0,03,99.99,,M,,M,,*69
[  323.7] $GPGLL,,,,,055304.38,V,N*46
[  323.7] $GPGSA,A,1,,,,,,,,,,,,,99.99,99.99,99.99,1*2D
[  323.7] $GPGSV,1,1,4,4,,,47,9,,,48,14,,,33,26,,,25,1*54
[  323.7] $GPRMC,055304.38,V,,,,,,,090926,,,N,V*0F
[  324.3] $GPGGA,055305.38,,,,,0,03,99.99,,M,,M,,*68
[  324.3] $GPGLL,,,,,055305.38,V,N*47
[  324.3] $GPGSA,A,1,,,,,,,,,,,,,99.99,99.99,99.99,1*2D
[  324.8] $GPGSV,2,1,5,4,,,47,9,,,48,11,,,25,14,,,33,1*52
[  324.8] $GPGSV,2,2,5,26,,,25,1*52
[  324.8] $GPRMC,055305.38,V,,,,,,,090926,,,N,V*0E
[  325.3] $GPGGA,055306.38,,,,,0,03,99.99,,M,,M,,*6B
[  325.3] $GPGLL,,,,,055306.38,V,N*44
[  325.3] $GPGSA,A,1,,,,,,,,,,,,,99.99,99.99,99.99,1*2D
[  325.3] $GPGSV,2,1,6,4,,,47,9,,,48,11,,,25,14,,,34,1*56
[  325.3] $GPGSV,2,2,6,15,,,25,26,,,25,1*52
[  325.3] $GPRMC,055306.38,V,,,,,,,090926,,,N,V*0D
[  326.4] $GPGGA,055307.38,,,,,0,03,99.99,,M,,M,,*6A
[  326.4] $GPGLL,,,,,055307.38,V,N*45
[  326.4] $GPGSA,A,1,,,,,,,,,,,,,99.99,99.99,99.99,1*2D
[  326.4] $GPGSV,2,1,6,1,,,42,4,,,47,9,,,48,14,,,34,1*66
[  326.4] $GPGSV,2,2,6,15,,,25,16,,,28,1*5C
[  326.4] $GPRMC,055307.38,V,,,,,,,090926,,,N,V*0C
[  327.4] $GPGGA,055308.38,,,,,0,03,99.99,,M,,M,,*65
[  327.4] $GPGLL,,,,,055308.38,V,N*4A
[  327.4] $GPGSA,A,1,,,,,,,,,,,,,99.99,99.99,99.99,1*2D
[  327.4] $GPGSV,2,1,5,1,,,27,4,,,47,9,,,48,14,,,34,1*66
[  327.4] $GPGSV,2,2,5,15,,,25,1*52
[  327.4] $GPRMC,055308.38,V,,,,,,,090926,,,N,V*03
[  328.5] $GPGGA,055309.38,,,,,0,03,99.99,,M,,M,,*64
[  328.5] $GPGLL,,,,,055309.38,V,N*4B
[  328.5] $GPGSA,A,1,,,,,,,,,,,,,99.99,99.99,99.99,1*2D
[  328.5] $GPGSV,2,1,5,1,,,25,4,,,47,9,,,48,14,,,34,1*64
[  328.5] $GPGSV,2,2,5,15,,,25,1*52
[  328.5] $GPRMC,055309.38,V,,,,,,,090926,,,N,V*02
[  329.5] $GPGGA,055310.38,,,,,0,03,99.99,,M,,M,,*6C
[  329.5] $GPGLL,,,,,055310.38,V,N*43
[  329.5] $GPGSA,A,1,,,,,,,,,,,,,99.99,99.99,99.99,1*2D
[  329.5] $GPGSV,1,1,4,1,,,25,4,,,47,9,,,48,14,,,34,1*66
[  329.5] $GPRMC,055310.38,V,,,,,,,090926,,,N,V*0A
[  330.6] $GPGGA,055311.38,,,,,0,03,99.99,,M,,M,,*6D
[  330.6] $GPGLL,,,,,055311.38,V,N*42
[  330.6] $GPGSA,A,1,,,,,,,,,,,,,99.99,99.99,99.99,1*2D
[  330.6] $GPGSV,2,1,5,4,,,48,9,,,48,11,,,26,14,,,34,1*59
[  330.6] $GPGSV,2,2,5,16,,,29,1*5D
[  330.6] $GPRMC,055311.38,V,,,,,,,090926,,,N,V*0B
[  331.6] $GPGGA,055312.38,,,,,0,03,99.99,,M,,M,,*6E
[  331.6] $GPGLL,,,,,055312.38,V,N*41
[  331.6] $GPGSA,A,1,,,,,,,,,,,,,99.99,99.99,99.99,1*2D
[  331.6] $GPGSV,2,1,7,4,,,48,8,,,27,9,,,48,11,,,25,1*67
[  331.6] $GPGSV,2,2,7,14,,,34,15,,,26,16,,,25,1*51
[  331.6] $GPRMC,055312.38,V,,,,,,,090926,,,N,V*08
[  332.7] $GPGGA,055313.38,,,,,0,03,99.99,,M,,M,,*6F
[  332.7] $GPGLL,,,,,055313.38,V,N*40
[  332.7] $GPGSA,A,1,,,,,,,,,,,,,99.99,99.99,99.99,1*2D
[  332.7] $GPGSV,2,1,7,4,,,47,8,,,25,9,,,47,11,,,25,1*65
[  332.7] $GPGSV,2,2,7,14,,,35,15,,,25,17,,,26,1*51
[  332.7] $GPRMC,055313.38,V,,,,,,,090926,,,N,V*09
[  333.7] $GPGGA,055314.38,,,,,0,03,99.99,,M,,M,,*68
[  333.7] $GPGLL,,,,,055314.38,V,N*47
[  333.7] $GPGSA,A,1,,,,,,,,,,,,,99.99,99.99,99.99,1*2D
[  333.7] $GPGSV,2,1,5,4,,,47,8,,,24,9,,,47,11,,,25,1*66
[  333.7] $GPGSV,2,2,5,14,,,34,1*53
[  333.7] $GPRMC,055314.38,V,,,,,,,090926,,,N,V*0E
[  334.8] $GPGGA,055315.38,,,,,0,03,99.99,,M,,M,,*69
[  334.8] $GPGLL,,,,,055315.38,V,N*46
[  334.8] $GPGSA,A,1,,,,,,,,,,,,,99.99,99.99,99.99,1*2D
[  334.8] $GPGSV,2,1,6,4,,,47,8,,,24,9,,,47,14,,,35,1*61
[  334.8] $GPGSV,2,2,6,16,,,26,26,,,28,1*5F
[  334.8] $GPRMC,055315.38,V,,,,,,,090926,,,N,V*0F
[  335.3] $GPGGA,055316.38,,,,,0,03,99.99,,M,,M,,*6A
[  335.3] $GPGLL,,,,,055316.38,V,N*45
[  335.3] $GPGSA,A,1,,,,,,,,,,,,,99.99,99.99,99.99,1*2D
[  335.3] $GPGSV,2,1,5,4,,,47,9,,,48,14,,,35,16,,,25,1*53
[  335.3] $GPGSV,2,2,5,26,,,25,1*52
[  335.3] $GPRMC,055316.38,V,,,,,,,090926,,,N,V*0C
[  336.3] $GPGGA,055317.38,,,,,0,03,99.99,,M,,M,,*6B
[  336.3] $GPGLL,,,,,055317.38,V,N*44
[  336.3] $GPGSA,A,1,,,,,,,,,,,,,99.99,99.99,99.99,1*2D
[  336.3] $GPGSV,2,1,5,4,,,48,9,,,48,14,,,35,16,,,25,1*5C
[  336.3] $GPGSV,2,2,5,26,,,25,1*52
[  336.3] $GPRMC,055317.38,V,,,,,,,090926,,,N,V*0D
[  337.4] $GPGGA,055318.38,,,,,0,03,99.99,,M,,M,,*64
[  337.4] $GPGLL,,,,,055318.38,V,N*4B
[  337.4] $GPGSA,A,1,,,,,,,,,,,,,99.99,99.99,99.99,1*2D
[  337.4] $GPGSV,2,1,5,4,,,48,9,,,48,14,,,35,16,,,25,1*5C
[  337.4] $GPGSV,2,2,5,26,,,25,1*52
[  337.4] $GPRMC,055318.38,V,,,,,,,090926,,,N,V*02
[  338.4] $GPGGA,055319.38,,,,,0,03,99.99,,M,,M,,*65
[  338.4] $GPGLL,,,,,055319.38,V,N*4A
[  338.4] $GPGSA,A,1,,,,,,,,,,,,,99.99,99.99,99.99,1*2D
[  338.4] $GPGSV,1,1,4,4,,,48,8,,,25,9,,,48,14,,,35,1*61
[  338.4] $GPRMC,055319.38,V,,,,,,,090926,,,N,V*03
[  339.5] $GPGGA,055320.38,,,,,0,03,99.99,,M,,M,,*6F
[  339.5] $GPGLL,,,,,055320.38,V,N*40
[  339.5] $GPGSA,A,1,,,,,,,,,,,,,99.99,99.99,99.99,1*2D
[  339.5] $GPGSV,1,1,4,4,,,48,8,,,25,9,,,48,14,,,35,1*61
[  339.5] $GPRMC,055320.38,V,,,,,,,090926,,,N,V*09
[  340.5] $GPGGA,055321.38,,,,,0,03,99.99,,M,,M,,*6E
[  340.5] $GPGLL,,,,,055321.38,V,N*41
[  340.5] $GPGSA,A,1,,,,,,,,,,,,,99.99,99.99,99.99,1*2D
[  340.5] $GPGSV,2,1,6,4,,,48,8,,,25,9,,,48,14,,,35,1*60
[  340.5] $GPGSV,2,2,6,16,,,26,26,,,27,1*50
[  340.5] $GPRMC,055321.38,V,,,,,,,090926,,,N,V*08
[  341.6] $GPGGA,055322.38,,,,,0,03,99.99,,M,,M,,*6D
[  341.6] $GPGLL,,,,,055322.38,V,N*42
[  341.6] $GPGSA,A,1,,,,,,,,,,,,,99.99,99.99,99.99,1*2D
[  341.6] $GPGSV,2,1,6,4,,,48,8,,,24,9,,,49,14,,,35,1*60
[  341.6] $GPGSV,2,2,6,16,,,25,26,,,25,1*51
[  341.6] $GPRMC,055322.38,V,,,,,,,090926,,,N,V*0B
[  342.6] $GPGGA,055323.38,,,,,0,03,99.99,,M,,M,,*6C
[  342.6] $GPGLL,,,,,055323.38,V,N*43
[  342.6] $GPGSA,A,1,,,,,,,,,,,,,99.99,99.99,99.99,1*2D
[  342.6] $GPGSV,1,1,4,4,,,48,9,,,48,14,,,35,26,,,25,1*5D
[  342.6] $GPRMC,055323.38,V,,,,,,,090926,,,N,V*0A
[  343.6] $GPGGA,055324.38,,,,,0,03,99.99,,M,,M,,*6B
[  343.6] $GPGLL,,,,,055324.38,V,N*44
[  343.6] $GPGSA,A,1,,,,,,,,,,,,,99.99,99.99,99.99,1*2D
[  343.6] $GPGSV,1,1,4,4,,,48,9,,,48,14,,,35,26,,,24,1*5C
[  343.6] $GPRMC,055324.38,V,,,,,,,090926,,,N,V*0D
[  344.7] $GPGGA,055325.38,,,,,0,03,99.99,,M,,M,,*6A
[  344.7] $GPGLL,,,,,055325.38,V,N*45
[  344.7] $GPGSA,A,1,,,,,,,,,,,,,99.99,99.99,99.99,1*2D
[  344.7] $GPGSV,1,1,4,4,,,48,9,,,48,14,,,35,16,,,27,1*5C
[  344.7] $GPRMC,055325.38,V,,,,,,,090926,,,N,V*0C
[  345.7] $GPGGA,055326.38,,,,,0,03,99.99,,M,,M,,*69
[  345.7] $GPGLL,,,,,055326.38,V,N*46
[  345.7] $GPGSA,A,1,,,,,,,,,,,,,99.99,99.99,99.99,1*2D
[  345.7] $GPGSV,2,1,5,4,,,48,8,,,27,9,,,48,14,,,35,1*61
[  345.7] $GPGSV,2,2,5,16,,,26,1*52
[  345.7] $GPRMC,055326.38,V,,,,,,,090926,,,N,V*0F
[  346.3] $GPGGA,055327.38,,,,,0,03,99.99,,M,,M,,*68
[  346.3] $GPGLL,,,,,055327.38,V,N*47
[  346.8] $GPGSA,A,1,,,,,,,,,,,,,99.99,99.99,99.99,1*2D
[  346.8] $GPGSV,2,1,7,2,,,28,4,,,47,9,,,48,11,,,27,1*6F
[  346.8] $GPGSV,2,2,7,14,,,35,17,,,29,201,,,28,1*64
[  346.8] $GPRMC,055327.38,V,,,,,,,090926,,,N,V*0E
[  347.3] $GPGGA,055328.38,,,,,0,03,99.99,,M,,M,,*67
[  347.3] $GPGLL,,,,,055328.38,V,N*48
[  347.3] $GPGSA,A,1,,,,,,,,,,,,,99.99,99.99,99.99,1*2D
[  347.3] $GPGSV,2,1,7,4,,,47,5,,,28,9,,,47,14,,,35,1*61
[  347.3] $GPGSV,2,2,7,15,,,28,17,,,25,201,,,25,1*68
[  347.3] $GPRMC,055328.38,V,,,,,,,090926,,,N,V*01
[  348.4] $GPGGA,055329.38,,,,,0,03,99.99,,M,,M,,*66
[  348.4] $GPGLL,,,,,055329.38,V,N*49
[  348.4] $GPGSA,A,1,,,,,,,,,,,,,99.99,99.99,99.99,1*2D
[  348.4] $GPGSV,2,1,5,4,,,47,5,,,25,9,,,48,14,,,34,1*60
[  348.4] $GPGSV,2,2,5,201,,,25,1*65
[  348.4] $GPRMC,055329.38,V,,,,,,,090926,,,N,V*00
[  349.4] $GPGGA,055330.38,,,,,0,03,99.99,,M,,M,,*6E
[  349.4] $GPGLL,,,,,055330.38,V,N*41
[  349.4] $GPGSA,A,1,,,,,,,,,,,,,99.99,99.99,99.99,1*2D
[  349.4] $GPGSV,2,1,6,4,,,47,5,,,25,7,,,29,9,,,48,1*5D
[  349.4] $GPGSV,2,2,6,14,,,34,201,,,25,1*64
[  349.4] $GPRMC,055330.38,V,,,,,,,090926,,,N,V*08
[  350.4] $GPGGA,055331.38,,,,,0,03,99.99,,M,,M,,*6F
[  350.4] $GPGLL,,,,,055331.38,V,N*40
[  350.4] $GPGSA,A,1,,,,,,,,,,,,,99.99,99.99,99.99,1*2D
[  350.4] $GPGSV,2,1,7,4,,,47,5,,,24,7,,,27,9,,,48,1*53
[  350.4] $GPGSV,2,2,7,14,,,34,17,,,28,18,,,29,1*5F
[  350.4] $GPRMC,055331.38,V,,,,,,,090926,,,N,V*09
[  351.5] $GPGGA,055332.38,,,,,0,03,99.99,,M,,M,,*6C
[  351.5] $GPGLL,,,,,055332.38,V,N*43
[  351.5] $GPGSA,A,1,,,,,,,,,,,,,99.99,99.99,99.99,1*2D
[  351.5] $GPGSV,2,1,5,4,,,47,9,,,48,14,,,34,15,,,27,1*53
[  351.5] $GPGSV,2,2,5,18,,,26,1*5C
[  351.5] $GPRMC,055332.38,V,,,,,,,090926,,,N,V*0A
[  352.6] $GPGGA,055333.38,,,,,0,03,99.99,,M,,M,,*6D
[  352.6] $GPGLL,,,,,055333.38,V,N*42
[  352.6] $GPGSA,A,1,,,,,,,,,,,,,99.99,99.99,99.99,1*2D
[  352.6] $GPGSV,2,1,5,4,,,47,9,,,48,14,,,34,15,,,27,1*53
[  352.6] $GPGSV,2,2,5,18,,,24,1*5E
[  352.6] $GPRMC,055333.38,V,,,,,,,090926,,,N,V*0B
[  353.6] $GPGGA,055334.38,,,,,0,03,99.99,,M,,M,,*6A
[  353.6] $GPGLL,,,,,055334.38,V,N*45
[  353.6] $GPGSA,A,1,,,,,,,,,,,,,99.99,99.99,99.99,1*2D
[  353.6] $GPGSV,1,1,4,4,,,47,9,,,48,14,,,34,18,,,24,1*5F
[  353.6] $GPRMC,055334.38,V,,,,,,,090926,,,N,V*0C
[  354.7] $GPGGA,055335.38,,,,,0,03,99.99,,M,,M,,*6B
[  354.7] $GPGLL,,,,,055335.38,V,N*44
[  354.7] $GPGSA,A,1,,,,,,,,,,,,,99.99,99.99,99.99,1*2D
[  354.7] $GPGSV,1,1,4,3,,,29,4,,,47,9,,,48,14,,,34,1*68
[  354.7] $GPRMC,055335.38,V,,,,,,,090926,,,N,V*0D
[  355.7] $GPGGA,055336.38,,,,,0,03,99.99,,M,,M,,*68
[  355.7] $GPGLL,,,,,055336.38,V,N*47
[  355.7] $GPGSA,A,1,,,,,,,,,,,,,99.99,99.99,99.99,1*2D
[  355.7] $GPGSV,2,1,7,3,,,26,4,,,47,8,,,29,9,,,48,1*56
[  355.7] $GPGSV,2,2,7,14,,,34,15,,,29,27,,,28,1*51
[  355.7] $GPRMC,055336.38,V,,,,,,,090926,,,N,V*0E
[  356.7] $GPGGA,055337.38,,,,,0,03,99.99,,M,,M,,*69
[  356.7] $GPGLL,,,,,055337.38,V,N*46
[  356.7] $GPGSA,A,1,,,,,,,,,,,,,99.99,99.99,99.99,1*2D
[  356.7] $GPGSV,2,1,6,3,,,25,4,,,47,8,,,27,9,,,48,1*5A
[  356.7] $GPGSV,2,2,6,14,,,34,15,,,26,1*50
[  356.7] $GPRMC,055337.38,V,,,,,,,090926,,,N,V*0F
[  357.3] $GPGGA,055338.38,,,,,0,03,99.99,,M,,M,,*66
[  357.3] $GPGLL,,,,,055338.38,V,N*49
[  357.3] $GPGSA,A,1,,,,,,,,,,,,,99.99,99.99,99.99,1*2D
[  357.3] $GPGSV,1,1,3,4,,,47,9,,,48,14,,,34,1*57
[  357.3] $GPRMC,055338.38,V,,,,,,,090926,,,N,V*00
[  358.3] $GPGGA,055339.38,,,,,0,03,99.99,,M,,M,,*67
[  358.3] $GPGLL,,,,,055339.38,V,N*48
[  358.3] $GPGSA,A,1,,,,,,,,,,,,,99.99,99.99,99.99,1*2D
[  358.3] $GPGSV,2,1,5,4,,,47,9,,,48,11,,,29,14,,,34,1*59
[  358.3] $GPGSV,2,2,5,15,,,28,1*5F
[  358.3] $GPRMC,055339.38,V,,,,,,,090926,,,N,V*01
[  359.4] $GPGGA,055340.38,,,,,0,03,99.99,,M,,M,,*69
[  359.4] $GPGLL,,,,,055340.38,V,N*46
[  359.4] $GPGSA,A,1,,,,,,,,,,,,,99.99,99.99,99.99,1*2D
[  359.4] $GPGSV,2,1,7,4,,,47,7,,,28,8,,,26,9,,,48,1*53
[  359.4] $GPGSV,2,2,7,11,,,26,14,,,34,15,,,26,1*55
[  359.4] $GPRMC,055340.38,V,,,,,,,090926,,,N,V*0F
[  360.4] $GPGGA,055341.38,,,,,0,03,99.99,,M,,M,,*68
[  360.4] $GPGLL,,,,,055341.38,V,N*47
[  360.4] $GPGSA,A,1,,,,,,,,,,,,,99.99,99.99,99.99,1*2D
[  360.4] $GPGSV,2,1,7,4,,,47,7,,,25,8,,,22,9,,,48,1*5A
[  360.4] $GPGSV,2,2,7,11,,,25,14,,,33,15,,,25,1*52
[  360.4] $GPRMC,055341.38,V,,,,,,,090926,,,N,V*0E
[  361.5] $GPGGA,055342.38,,,,,0,03,99.99,,M,,M,,*6B
[  361.5] $GPGLL,,,,,055342.38,V,N*44
[  361.5] $GPGSA,A,1,,,,,,,,,,,,,99.99,99.99,99.99,1*2D
[  361.5] $GPGSV,2,1,6,4,,,47,7,,,25,8,,,13,9,,,48,1*59
[  361.5] $GPGSV,2,2,6,11,,,25,14,,,33,1*50
[  361.5] $GPRMC,055342.38,V,,,,,,,090926,,,N,V*0D
[  362.5] $GPGGA,055343.38,,,,,0,03,99.99,,M,,M,,*6A
[  362.5] $GPGLL,,,,,055343.38,V,N*45
[  362.5] $GPGSA,A,1,,,,,,,,,,,,,99.99,99.99,99.99,1*2D
[  362.5] $GPGSV,2,1,8,4,,,47,5,,,25,6,,,27,7,,,25,1*59
[  362.5] $GPGSV,2,2,8,8,,,01,9,,,48,14,,,33,18,,,30,1*5F
[  362.5] $GPRMC,055343.38,V,,,,,,,090926,,,N,V*0C
[  363.6] $GPGGA,055344.38,,,,,0,03,99.99,,M,,M,,*6D
[  363.6] $GPGLL,,,,,055344.38,V,N*42
[  363.6] $GPGSA,A,1,,,,,,,,,,,,,99.99,99.99,99.99,1*2D
[  363.6] $GPGSV,2,1,5,4,,,47,6,,,25,8,,,26,9,,,48,1*5D
[  363.6] $GPGSV,2,2,5,14,,,33,1*54
[  363.6] $GPRMC,055344.38,V,,,,,,,090926,,,N,V*0B
[  364.6] $GPGGA,055345.38,,,,,0,03,99.99,,M,,M,,*6C
[  364.6] $GPGLL,,,,,055345.38,V,N*43
[  364.6] $GPGSA,A,1,,,,,,,,,,,,,99.99,99.99,99.99,1*2D
[  364.6] $GPGSV,1,1,4,4,,,47,8,,,25,9,,,48,14,,,33,1*68
[  364.6] $GPRMC,055345.38,V,,,,,,,090926,,,N,V*0A
[  365.7] $GPGGA,055346.38,,,,,0,03,99.99,,M,,M,,*6F
[  365.7] $GPGLL,,,,,055346.38,V,N*40
[  365.7] $GPGSA,A,1,,,,,,,,,,,,,99.99,99.99,99.99,1*2D
[  365.7] $GPGSV,2,1,5,4,,,47,8,,,25,9,,,48,11,,,30,1*6C
[  365.7] $GPGSV,2,2,5,14,,,33,1*54
[  365.7] $GPRMC,055346.38,V,,,,,,,090926,,,N,V*09
[  366.7] $GPGGA,055347.38,,,,,0,03,99.99,,M,,M,,*6E
[  366.7] $GPGLL,,,,,055347.38,V,N*41
[  366.7] $GPGSA,A,1,,,,,,,,,,,,,99.99,99.99,99.99,1*2D
[  366.7] $GPGSV,2,1,7,4,,,47,8,,,25,9,,,49,11,,,27,1*69
[  366.7] $GPGSV,2,2,7,14,,,33,16,,,27,24,,,27,1*57
[  366.7] $GPRMC,055347.38,V,,,,,,,090926,,,N,V*08
[  367.8] $GPGGA,055348.38,,,,,0,03,99.99,,M,,M,,*61
[  367.8] $GPGLL,,,,,055348.38,V,N*4E
[  367.8] $GPGSA,A,1,,,,,,,,,,,,,99.99,99.99,99.99,1*2D
[  367.8] $GPGSV,2,1,6,4,,,47,9,,,48,11,,,26,14,,,33,1*52
[  367.8] $GPGSV,2,2,6,24,,,25,201,,,24,1*66
[  367.8] $GPRMC,055348.38,V,,,,,,,090926,,,N,V*07
[  368.3] $GPGGA,055349.38,,,,,0,03,99.99,,M,,M,,*60
[  368.3] $GPGLL,,,,,055349.38,V,N*4F
[  368.3] $GPGSA,A,1,,,,,,,,,,,,,99.99,99.99,99.99,1*2D
[  368.3] $GPGSV,2,1,5,4,,,47,9,,,48,11,,,25,14,,,33,1*52
[  368.3] $GPGSV,2,2,5,24,,,24,1*51
[  368.3] $GPRMC,055349.38,V,,,,,,,090926,,,N,V*06
[  369.3] $GPGGA,055350.38,,,,,0,03,99.99,,M,,M,,*68
[  369.3] $GPGLL,,,,,055350.38,V,N*47
[  369.3] $GPGSA,A,1,,,,,,,,,,,,,99.99,99.99,99.99,1*2D
[  369.3] $GPGSV,3,1,9,4,,,47,8,,,28,9,,,48,11,,,25,1*68
[  369.3] $GPGSV,3,2,9,14,,,33,15,,,28,17,,,29,24,,,24,1*5A
[  369.3] $GPGSV,3,3,9,201,,,28,1*64
[  369.3] $GPRMC,055350.38,V,,,,,,,090926,,,N,V*0E
[  370.4] $GPGGA,055351.38,,,,,0,03,99.99,,M,,M,,*69
[  370.4] $GPGLL,,,,,055351.38,V,N*46
[  370.4] $GPGSA,A,1,,,,,,,,,,,,,99.99,99.99,99.99,1*2D
[  370.4] $GPGSV,2,1,8,4,,,47,8,,,26,9,,,48,11,,,25,1*66
[  370.4] $GPGSV,2,2,8,14,,,33,15,,,25,17,,,25,201,,,25,1*6F
[  370.4] $GPRMC,055351.38,V,,,,,,,090926,,,N,V*0F
[  371.4] $GPGGA,055352.38,,,,,0,03,99.99,,M,,M,,*6A
[  371.4] $GPGLL,,,,,055352.38,V,N*45
[  371.4] $GPGSA,A,1,,,,,,,,,,,,,99.99,99.99,99.99,1*2D
[  371.4] $GPGSV,2,1,7,4,,,48,8,,,25,9,,,48,14,,,33,1*67
[  371.4] $GPGSV,2,2,7,15,,,25,17,,,25,201,,,25,1*65
[  371.4] $GPRMC,055352.38,V,,,,,,,090926,,,N,V*0C
[  372.5] $GPGGA,055353.38,,,,,0,03,99.99,,M,,M,,*6B
[  372.5] $GPGLL,,,,,055353.38,V,N*44
[  372.5] $GPGSA,A,1,,,,,,,,,,,,,99.99,99.99,99.99,1*2D
[  372.5] $GPGSV,2,1,6,4,,,48,9,,,48,14,,,33,15,,,25,1*5A
[  372.5] $GPGSV,2,2,6,17,,,24,201,,,25,1*66
[  372.5] $GPRMC,055353.38,V,,,,,,,090926,,,N,V*0D
[  373.6] $GPGGA,055354.38,,,,,0,03,99.99,,M,,M,,*6C
[  373.6] $GPGLL,,,,,055354.38,V,N*43
[  373.6] $GPGSA,A,1,,,,,,,,,,,,,99.99,99.99,99.99,1*2D
[  373.6] $GPGSV,2,1,7,1,,,29,4,,,47,9,,,48,14,,,33,1*6D
[  373.6] $GPGSV,2,2,7,15,,,25,16,,,29,197,,,28,1*69
[  373.6] $GPRMC,055354.38,V,,,,,,,090926,,,N,V*0A
[  374.6] $GPGGA,055355.38,,,,,0,03,99.99,,M,,M,,*6D
[  374.6] $GPGLL,,,,,055355.38,V,N*42
[  374.6] $GPGSA,A,1,,,,,,,,,,,,,99.99,99.99,99.99,1*2D
[  374.6] $GPGSV,3,1,10,1,,,25,4,,,47,8,,,27,9,,,48,1*6E
[  374.6] $GPGSV,3,2,10,14,,,32,15,,,25,16,,,26,18,,,27,1*6C
[  374.6] $GPGSV,3,3,10,20,,,26,197,,,25,1*5B
[  374.6] $GPRMC,055355.38,V,,,,,,,090926,,,N,V*0B
[  375.7] $GPGGA,055356.38,,,,,0,03,99.99,,M,,M,,*6E
[  375.7] $GPGLL,,,,,055356.38,V,N*41
[  375.7] $GPGSA,A,1,,,,,,,,,,,,,99.99,99.99,99.99,1*2D
[  375.7] $GPGSV,2,1,8,1,,,25,4,,,47,8,,,25,9,,,48,1*54
[  375.7] $GPGSV,2,2,8,14,,,32,15,,,25,18,,,25,197,,,25,1*6D
[  375.7] $GPRMC,055356.38,V,,,,,,,090926,,,N,V*08
[  376.7] $GPGGA,055357.38,,,,,0,03,99.99,,M,,M,,*6F
[  376.7] $GPGLL,,,,,055357.38,V,N*40
[  376.7] $GPGSA,A,1,,,,,,,,,,,,,99.99,99.99,99.99,1*2D
[  376.7] $GPGSV,2,1,6,4,,,47,8,,,25,9,,,48,14,,,32,1*68
[  376.7] $GPGSV,2,2,6,15,,,25,197,,,25,1*69
[  376.7] $GPRMC,055357.38,V,,,,,,,090926,,,N,V*09
[  377.8] $GPGGA,055358.38,,,,,0,03,99.99,,M,,M,,*60
[  377.8] $GPGLL,,,,,055358.38,V,N*4F
[  377.8] $GPGSA,A,1,,,,,,,,,,,,,99.99,99.99,99.99,1*2D
[  377.8] $GPGSV,2,1,7,4,,,47,5,,,27,8,,,25,9,,,48,1*5D
[  377.8] $GPGSV,2,2,7,11,,,29,14,,,32,16,,,28,1*51
[  377.8] $GPRMC,055358.38,V,,,,,,,090926,,,N,V*06
[  378.3] $GPGGA,055359.38,,,,,0,03,99.99,,M,,M,,*61
[  378.3] $GPGLL,,,,,055359.38,V,N*4E
[  378.3] $GPGSA,A,1,,,,,,,,,,,,,99.99,99.99,99.99,1*2D
[  378.3] $GPGSV,1,1,3,4,,,47,9,,,48,14,,,32,1*51
[  378.3] $GPRMC,055359.38,V,,,,,,,090926,,,N,V*07
[  379.3] $GPGGA,055400.38,,,,,0,03,99.99,,M,,M,,*6A
[  379.3] $GPGLL,,,,,055400.38,V,N*45
[  379.3] $GPGSA,A,1,,,,,,,,,,,,,99.99,99.99,99.99,1*2D
[  379.3] $GPGSV,1,1,4,4,,,47,9,,,48,11,,,26,14,,,32,1*52
[  379.3] $GPRMC,055400.38,V,,,,,,,090926,,,N,V*0C
[  380.4] $GPGGA,055401.38,,,,,0,03,99.99,,M,,M,,*6B
[  380.4] $GPGLL,,,,,055401.38,V,N*44
[  380.4] $GPGSA,A,1,,,,,,,,,,,,,99.99,99.99,99.99,1*2D
[  380.4] $GPGSV,2,1,5,4,,,47,8,,,30,9,,,48,14,,,32,1*6F
[  380.4] $GPGSV,2,2,5,15,,,29,1*5E
[  380.4] $GPRMC,055401.38,V,,,,,,,090926,,,N,V*0D
[  381.4] $GPGGA,055402.38,,,,,0,03,99.99,,M,,M,,*68
[  381.4] $GPGLL,,,,,055402.38,V,N*47
[  381.4] $GPGSA,A,1,,,,,,,,,,,,,99.99,99.99,99.99,1*2D
[  381.4] $GPGSV,2,1,8,4,,,47,7,,,27,8,,,26,9,,,48,1*53
[  381.4] $GPGSV,2,2,8,14,,,32,15,,,26,17,,,26,18,,,28,1*59
[  381.4] $GPRMC,055402.38,V,,,,,,,090926,,,N,V*0E
[  382.5] $GPGGA,055403.38,,,,,0,03,99.99,,M,,M,,*69
[  382.5] $GPGLL,,,,,055403.38,V,N*46
[  382.5] $GPGSA,A,1,,,,,,,,,,,,,99.99,99.99,99.99,1*2D
[  382.5] $GPGSV,2,1,5,4,,,48,7,,,25,9,,,48,14,,,31,1*68
[  382.5] $GPGSV,2,2,5,17,,,25,1*50
[  382.5] $GPRMC,055403.38,V,,,,,,,090926,,,N,V*0F
[  383.5] $GPGGA,055404.38,,,,,0,03,99.99,,M,,M,,*6E
[  383.5] $GPGLL,,,,,055404.38,V,N*41
[  383.5] $GPGSA,A,1,,,,,,,,,,,,,99.99,99.99,99.99,1*2D
[  383.5] $GPGSV,2,1,5,4,,,47,7,,,25,9,,,48,14,,,31,1*67
[  383.5] $GPGSV,2,2,5,17,,,25,1*50
[  383.5] $GPRMC,055404.38,V,,,,,,,090926,,,N,V*08
[  384.6] $GPGGA,055405.38,,,,,0,03,99.99,,M,,M,,*6F
[  384.6] $GPGLL,,,,,055405.38,V,N*40
[  384.6] $GPGSA,A,1,,,,,,,,,,,,,99.99,99.99,99.99,1*2D
[  384.6] $GPGSV,2,1,6,4,,,47,7,,,25,9,,,48,11,,,28,1*69
[  384.6] $GPGSV,2,2,6,14,,,31,17,,,25,1*54
[  384.6] $GPRMC,055405.38,V,,,,,,,090926,,,N,V*09
[  385.6] $GPGGA,055406.38,,,,,0,03,99.99,,M,,M,,*6C
[  385.6] $GPGLL,,,,,055406.38,V,N*43
[  385.6] $GPGSA,A,1,,,,,,,,,,,,,99.99,99.99,99.99,1*2D
[  385.6] $GPGSV,2,1,6,3,,,26,4,,,47,9,,,48,11,,,27,1*61
[  385.6] $GPGSV,2,2,6,14,,,31,15,,,27,1*54
[  385.6] $GPRMC,055406.38,V,,,,,,,090926,,,N,V*0A
[  386.7] $GPGGA,055407.38,,,,,0,03,99.99,,M,,M,,*6D
[  386.7] $GPGLL,,,,,055407.38,V,N*42
[  386.7] $GPGSA,A,1,,,,,,,,,,,,,99.99,99.99,99.99,1*2D
[  386.7] $GPGSV,2,1,7,3,,,26,4,,,47,5,,,27,9,,,48,1*55
[  386.7] $GPGSV,2,2,7,11,,,17,14,,,31,201,,,28,1*6B
[  386.7] $GPRMC,055407.38,V,,,,,,,090926,,,N,V*0B
[  387.7] $GPGGA,055408.38,,,,,0,03,99.99,,M,,M,,*62
[  387.7] $GPGLL,,,,,055408.38,V,N*4D
[  387.7] $GPGSA,A,1,,,,,,,,,,,,,99.99,99.99,99.99,1*2D
[  387.7] $GPGSV,3,1,9,3,,,25,4,,,47,5,,,23,7,,,27,1*5A
[  387.7] $GPGSV,3,2,9,9,,,47,11,,,05,14,,,31,17,,,29,1*69
[  387.7] $GPGSV,3,3,9,201,,,25,1*69
[  387.7] $GPRMC,055408.38,V,,,,,,,090926,,,N,V*04
[  388.8] $GPGGA,055409.38,,,,,0,03,99.99,,M,,M,,*63
[  388.8] $GPGLL,,,,,055409.38,V,N*4C
[  388.8] $GPGSA,A,1,,,,,,,,,,,,,99.99,99.99,99.99,1*2D
[  388.8] $GPGSV,2,1,8,3,,,25,4,,,47,7,,,25,9,,,48,1*59
[  388.8] $GPGSV,2,2,8,11,,,00,14,,,31,17,,,25,201,,,25,1*6E
[  388.8] $GPRMC,055409.38,V,,,,,,,090926,,,N,V*05
[  389.3] $GPGGA,055410.38,,,,,0,03,99.99,,M,,M,,*6B
[  389.3] $GPGLL,,,,,055410.38,V,N*44
[  389.3] $GPGSA,A,1,,,,,,,,,,,,,99.99,99.99,99.99,1*2D
[  389.3] $GPGSV,2,1,7,4,,,47,7,,,25,9,,,48,11,,,05,1*67
[  389.3] $GPGSV,2,2,7,14,,,31,17,,,24,201,,,25,1*60
[  389.3] $GPRMC,055410.38,V,,,,,,,090926,,,N,V*0D
[  390.4] $GPGGA,055411.38,,,,,0,03,99.99,,M,,M,,*6A
[  390.4] $GPGLL,,,,,055411.38,V,N*45
[  390.4] $GPGSA,A,1,,,,,,,,,,,,,99.99,99.99,99.99,1*2D
[  390.4] $GPGSV,2,1,7,2,,,25,4,,,47,7,,,24,9,,,48,1*56
[  390.4] $GPGSV,2,2,7,11,,,05,14,,,31,17,,,25,1*50
[  390.4] $GPRMC,055411.38,V,,,,,,,090926,,,N,V*0C
[  391.4] $GPGGA,055412.38,,,,,0,03,99.99,,M,,M,,*69
[  391.4] $GPGLL,,,,,055412.38,V,N*46
[  391.4] $GPGSA,A,1,,,,,,,,,,,,,99.99,99.99,99.99,1*2D
[  391.4] $GPGSV,2,1,7,2,,,25,3,,,25,4,,,47,9,,,48,1*53
[  391.4] $GPGSV,2,2,7,11,,,12,14,,,31,16,,,28,1*5A
[  391.4] $GPRMC,055412.38,V,,,,,,,090926,,,N,V*0F
[  392.5] $GPGGA,055413.38,,,,,0,03,99.99,,M,,M,,*68
[  392.5] $GPGLL,,,,,055413.38,V,N*47
[  392.5] $GPGSA,A,1,,,,,,,,,,,,,99.99,99.99,99.99,1*2D
[  392.5] $GPGSV,3,1,9,2,,,24,3,,,24,4,,,47,7,,,28,1*54
[  392.5] $GPGSV,3,2,9,9,,,47,11,,,07,14,,,31,18,,,27,1*6A
[  392.5] $GPGSV,3,3,9,197,,,28,1*68
[  392.5] $GPRMC,055413.38,V,,,,,,,090926,,,N,V*0E
[  393.5] $GPGGA,055414.38,,,,,0,03,99.99,,M,,M,,*6F
[  393.5] $GPGLL,,,,,055414.38,V,N*40
[  393.5] $GPGSA,A,1,,,,,,,,,,,,,99.99,99.99,99.99,1*2D
[  393.5] $GPGSV,2,1,7,2,,,24,3,,,24,4,,,46,7,,,28,1*5A
[  393.5] $GPGSV,2,2,7,9,,,47,14,,,31,197,,,25,1*56
[  393.5] $GPRMC,055414.38,V,,,,,,,090926,,,N,V*09
[  394.6] $GPGGA,055415.38,,,,,0,03,99.99,,M,,M,,*6E
[  394.6] $GPGLL,,,,,055415.38,V,N*41
[  394.6] $GPGSA,A,1,,,,,,,,,,,,,99.99,99.99,99.99,1*2D
[  394.6] $GPGSV,2,1,6,3,,,24,4,,,47,8,,,26,9,,,48,1*5A
[  394.6] $GPGSV,2,2,6,14,,,31,197,,,24,1*6C
[  394.6] $GPRMC,055415.38,V,,,,,,,090926,,,N,V*08
[  395.6] $GPGGA,055416.38,,,,,0,03,99.99,,M,,M,,*6D
[  395.6] $GPGLL,,,,,055416.38,V,N*42
[  395.6] $GPGSA,A,1,,,,,,,,,,,,,99.99,99.99,99.99,1*2D
[  395.6] $GPGSV,2,1,5,4,,,47,8,,,25,9,,,48,14,,,31,1*68
[  395.6] $GPGSV,2,2,5,197,,,25,1*69
[  395.6] $GPRMC,055416.38,V,,,,,,,090926,,,N,V*0B
[  396.6] $GPGGA,055417.38,,,,,0,03,99.99,,M,,M,,*6C
[  396.6] $GPGLL,,,,,055417.38,V,N*43
[  396.6] $GPGSA,A,1,,,,,,,,,,,,,99.99,99.99,99.99,1*2D
[  396.6] $GPGSV,2,1,5,4,,,47,8,,,25,9,,,48,14,,,31,1*68
[  396.6] $GPGSV,2,2,5,15,,,27,1*50
[  396.6] $GPRMC,055417.38,V,,,,,,,090926,,,N,V*0A
[  397.7] $GPGGA,055418.38,,,,,0,03,99.99,,M,,M,,*63
[  397.7] $GPGLL,,,,,055418.38,V,N*4C
[  397.7] $GPGSA,A,1,,,,,,,,,,,,,99.99,99.99,99.99,1*2D
[  397.7] $GPGSV,2,1,8,3,,,26,4,,,47,7,,,27,8,,,24,1*53
[  397.7] $GPGSV,2,2,8,9,,,48,14,,,31,15,,,25,18,,,28,1*6E
[  397.7] $GPRMC,055418.38,V,,,,,,,090926,,,N,V*05
[  398.8] $GPGGA,055419.38,,,,,0,03,99.99,,M,,M,,*62
[  398.8] $GPGLL,,,,,055419.38,V,N*4D
[  398.8] $GPGSA,A,1,,,,,,,,,,,,,99.99,99.99,99.99,1*2D
[  398.8] $GPGSV,2,1,8,3,,,25,4,,,47,7,,,27,9,,,48,1*5B
[  398.8] $GPGSV,2,2,8,14,,,31,15,,,25,18,,,25,20,,,26,1*50
[  398.8] $GPRMC,055419.38,V,,,,,,,090926,,,N,V*04
[  399.3] $GPGGA,055420.38,,,,,0,03,99.99,,M,,M,,*68
[  399.3] $GPGLL,,,,,055420.38,V,N*47
[  399.3] $GPGSA,A,1,,,,,,,,,,,,,99.99,99.99,99.99,1*2D
[  399.3] $GPGSV,2,1,6,3,,,25,4,,,47,9,,,48,14,,,31,1*60
[  399.3] $GPGSV,2,2,6,18,,,25,20,,,25,1*59
[  399.3] $GPRMC,055420.38,V,,,,,,,090926,,,N,V*0E
[  400.3] $GPGGA,055421.38,,,,,0,03,99.99,,M,,M,,*69
[  400.3] $GPGLL,,,,,055421.38,V,N*46
[  400.3] $GPGSA,A,1,,,,,,,,,,,,,99.99,99.99,99.99,1*2D
[  400.3] $GPGSV,2,1,6,3,,,25,4,,,47,9,,,48,14,,,31,1*60
[  400.3] $GPGSV,2,2,6,18,,,24,20,,,25,1*58
[  400.3] $GPRMC,055421.38,V,,,,,,,090926,,,N,V*0F
[  401.4] $GPGGA,055422.38,,,,,0,03,99.99,,M,,M,,*6A
[  401.4] $GPGLL,,,,,055422.38,V,N*45
[  401.4] $GPGSA,A,1,,,,,,,,,,,,,99.99,99.99,99.99,1*2D
[  401.4] $GPGSV,2,1,6,4,,,47,7,,,27,9,,,47,14,,,31,1*69
[  401.4] $GPGSV,2,2,6,17,,,26,20,,,25,1*55
[  401.4] $GPRMC,055422.38,V,,,,,,,090926,,,N,V*0C
[  402.4] $GPGGA,055423.38,,,,,0,03,99.99,,M,,M,,*6B
[  402.4] $GPGLL,,,,,055423.38,V,N*44
[  402.4] $GPGSA,A,1,,,,,,,,,,,,,99.99,99.99,99.99,1*2D
[  402.4] $GPGSV,2,1,6,1,,,26,4,,,47,7,,,26,9,,,47,1*5A
[  402.4] $GPGSV,2,2,6,14,,,31,17,,,25,1*54
[  402.4] $GPRMC,055423.38,V,,,,,,,090926,,,N,V*0D
[  403.5] $GPGGA,055424.38,,,,,0,03,99.99,,M,,M,,*6C
[  403.5] $GPGLL,,,,,055424.38,V,N*43
[  403.5] $GPGSA,A,1,,,,,,,,,,,,,99.99,99.99,99.99,1*2D
[  403.5] $GPGSV,2,1,8,1,,,24,4,,,47,7,,,26,9,,,48,1*59
[  403.5] $GPGSV,2,2,8,14,,,31,15,,,25,16,,,30,17,,,25,1*5D
[  403.5] $GPRMC,055424.38,V,,,,,,,090926,,,N,V*0A
[  404.6] $GPGGA,055425.38,,,,,0,03,99.99,,M,,M,,*6D
[  404.6] $GPGLL,,,,,055425.38,V,N*42
[  404.6] $GPGSA,A,1,,,,,,,,,,,,,99.99,99.99,99.99,1*2D
[  404.6] $GPGSV,3,1,9,1,,,25,4,,,47,5,,,26,7,,,25,1*5F
[  404.6] $GPGSV,3,2,9,9,,,48,14,,,31,15,,,24,16,,,29,1*60
[  404.6] $GPGSV,3,3,9,17,,,25,1*5C
[  404.6] $GPRMC,055425.38,V,,,,,,,090926,,,N,V*0B
[  405.6] $GPGGA,055426.38,,,,,0,03,99.99,,M,,M,,*6E
[  405.6] $GPGLL,,,,,055426.38,V,N*41
[  405.6] $GPGSA,A,1,,,,,,,,,,,,,99.99,99.99,99.99,1*2D
[  405.6] $GPGSV,2,1,5,1,,,25,4,,,47,5,,,24,9,,,47,1*5A
[  405.6] $GPGSV,2,2,5,14,,,31,1*56
[  405.6] $GPRMC,055426.38,V,,,,,,,090926,,,N,V*08
[  406.7] $GPGGA,055427.38,,,,,0,03,99.99,,M,,M,,*6F
[  406.7] $GPGLL,,,,,055427.38,V,N*40
[  406.7] $GPGSA,A,1,,,,,,,,,,,,,99.99,99.99,99.99,1*2D
[  406.7] $GPGSV,2,1,5,4,,,47,5,,,24,7,,,28,9,,,47,1*51
[  406.7] $GPGSV,2,2,5,14,,,31,1*56
[  406.7] $GPRMC,055427.38,V,,,,,,,090926,,,N,V*09
[  407.7] $GPGGA,055428.38,,,,,0,03,99.99,,M,,M,,*60
[  407.7] $GPGLL,,,,,055428.38,V,N*4F
[  407.7] $GPGSA,A,1,,,,,,,,,,,,,99.99,99.99,99.99,1*2D
[  407.7] $GPGSV,2,1,5,4,,,47,5,,,24,7,,,24,9,,,47,1*5D
[  407.7] $GPGSV,2,2,5,14,,,31,1*56
[  407.7] $GPRMC,055428.38,V,,,,,,,090926,,,N,V*06
[  408.7] $GPGGA,055429.38,,,,,0,03,99.99,,M,,M,,*61
[  408.7] $GPGLL,,,,,055429.38,V,N*4E
[  408.7] $GPGSA,A,1,,,,,,,,,,,,,99.99,99.99,99.99,1*2D
[  408.7] $GPGSV,1,1,3,4,,,47,9,,,47,14,,,31,1*5D
[  408.7] $GPRMC,055429.38,V,,,,,,,090926,,,N,V*07
[  409.3] $GPGGA,055430.38,,,,,0,03,99.99,,M,,M,,*69
[  409.3] $GPGLL,,,,,055430.38,V,N*46
[  409.8] $GPGSA,A,1,,,,,,,,,,,,,99.99,99.99,99.99,1*2D
[  409.8] $GPGSV,2,1,5,4,,,47,9,,,48,11,,,27,14,,,32,1*51
[  409.8] $GPGSV,2,2,5,16,,,27,1*53
[  409.8] $GPRMC,055430.38,V,,,,,,,090926,,,N,V*0F
[  410.3] $GPGGA,055431.38,,,,,0,03,99.99,,M,,M,,*68
[  410.3] $GPGLL,,,,,055431.38,V,N*47
[  410.3] $GPGSA,A,1,,,,,,,,,,,,,99.99,99.99,99.99,1*2D
[  410.3] $GPGSV,2,1,6,4,,,47,9,,,48,11,,,25,14,,,32,1*50
[  410.3] $GPGSV,2,2,6,16,,,25,17,,,28,1*5E
[  410.3] $GPRMC,055431.38,V,,,,,,,090926,,,N,V*0E
[  411.3] $GPGGA,055432.38,,,,,0,03,99.99,,M,,M,,*6B
[  411.3] $GPGLL,,,,,055432.38,V,N*44
[  411.3] $GPGSA,A,1,,,,,,,,,,,,,99.99,99.99,99.99,1*2D
[  411.3] $GPGSV,2,1,8,4,,,47,7,,,30,9,,,48,11,,,25,1*6E
[  411.3] $GPGSV,2,2,8,14,,,32,16,,,25,17,,,25,29,,,25,1*55
[  411.3] $GPRMC,055432.38,V,,,,,,,090926,,,N,V*0D
[  412.4] $GPGGA,055433.38,,,,,0,03,99.99,,M,,M,,*6A
[  412.4] $GPGLL,,,,,055433.38,V,N*45
[  412.4] $GPGSA,A,1,,,,,,,,,,,,,99.99,99.99,99.99,1*2D
[  412.4] $GPGSV,2,1,6,4,,,46,7,,,27,9,,,47,11,,,25,1*68
[  412.4] $GPGSV,2,2,6,14,,,32,17,,,25,1*57
[  412.4] $GPRMC,055433.38,V,,,,,,,090926,,,N,V*0C
[  413.4] $GPGGA,055434.38,,,,,0,03,99.99,,M,,M,,*6D
[  413.4] $GPGLL,,,,,055434.38,V,N*42
[  413.4] $GPGSA,A,1,,,,,,,,,,,,,99.99,99.99,99.99,1*2D
[  413.4] $GPGSV,1,1,4,4,,,47,9,,,48,14,,,32,17,,,24,1*56
[  413.4] $GPRMC,055434.38,V,,,,,,,090926,,,N,V*0B
[  414.5] $GPGGA,055435.38,,,,,0,03,99.99,,M,,M,,*6C
[  414.5] $GPGLL,,,,,055435.38,V,N*43
[  414.5] $GPGSA,A,1,,,,,,,,,,,,,99.99,99.99,99.99,1*2D
[  414.5] $GPGSV,1,1,3,4,,,47,9,,,48,14,,,33,1*50
[  414.5] $GPRMC,055435.38,V,,,,,,,090926,,,N,V*0A
[  415.5] $GPGGA,055436.38,,,,,0,03,99.99,,M,,M,,*6F
[  415.5] $GPGLL,,,,,055436.38,V,N*40
[  415.5] $GPGSA,A,1,,,,,,,,,,,,,99.99,99.99,99.99,1*2D
[  415.5] $GPGSV,2,1,6,4,,,47,7,,,31,9,,,48,11,,,28,1*6C
[  415.5] $GPGSV,2,2,6,14,,,33,15,,,28,1*59
[  415.5] $GPRMC,055436.38,V,,,,,,,090926,,,N,V*09
[  416.6] $GPGGA,055437.38,,,,,0,03,99.99,,M,,M,,*6E
[  416.6] $GPGLL,,,,,055437.38,V,N*41
[  416.6] $GPGSA,A,1,,,,,,,,,,,,,99.99,99.99,99.99,1*2D
[  416.6] $GPGSV,2,1,8,3,,,26,4,,,47,7,,,26,9,,,48,1*59
[  416.6] $GPGSV,2,2,8,11,,,22,14,,,33,15,,,26,197,,,26,1*62
[  416.6] $GPRMC,055437.38,V,,,,,,,090926,,,N,V*08
[  417.6] $GPGGA,055438.38,,,,,0,03,99.99,,M,,M,,*61
[  417.6] $GPGLL,,,,,055438.38,V,N*4E
[  417.6] $GPGSA,A,1,,,,,,,,,,,,,99.99,99.99,99.99,1*2D
[  417.6] $GPGSV,2,1,6,4,,,47,7,,,25,9,,,48,11,,,12,1*60
[  417.6] $GPGSV,2,2,6,14,,,33,197,,,25,1*6F
[  417.6] $GPRMC,055438.38,V,,,,,,,090926,,,N,V*07
[  418.6] $GPGGA,055439.38,,,,,0,03,99.99,,M,,M,,*60
[  418.6] $GPGLL,,,,,055439.38,V,N*4F
[  418.6] $GPGSA,A,1,,,,,,,,,,,,,99.99,99.99,99.99,1*2D
[  418.6] $GPGSV,2,1,7,4,,,47,7,,,25,9,,,48,11,,,09,1*6B
[  418.6] $GPGSV,2,2,7,14,,,33,17,,,30,197,,,25,1*6B
[  418.6] $GPRMC,055439.38,V,,,,,,,090926,,,N,V*06
[  419.7] $GPGGA,055440.38,,,,,0,03,99.99,,M,,M,,*6E
[  419.7] $GPGLL,,,,,055440.38,V,N*41
[  419.7] $GPGSA,A,1,,,,,,,,,,,,,99.99,99.99,99.99,1*2D
[  419.7] $GPGSV,2,1,5,4,,,47,9,,,48,14,,,33,17,,,29,1*58
[  419.7] $GPGSV,2,2,5,197,,,24,1*68
[  419.7] $GPRMC,055440.38,V,,,,,,,090926,,,N,V*08
[  420.7] $GPGGA,055441.38,,,,,0,03,99.99,,M,,M,,*6F
[  420.7] $GPGLL,,,,,055441.38,V,N*40
[  420.7] $GPGSA,A,1,,,,,,,,,,,,,99.99,99.99,99.99,1*2D
[  420.7] $GPGSV,2,1,6,4,,,47,9,,,48,14,,,33,17,,,25,1*57
[  420.7] $GPGSV,2,2,6,32,,,26,193,,,27,1*69
[  420.7] $GPRMC,055441.38,V,,,,,,,090926,,,N,V*09
[  421.8] $GPGGA,055442.38,,,,,0,03,99.99,,M,,M,,*6C
[  421.8] $GPGLL,,,,,055442.38,V,N*43
[  421.8] $GPGSA,A,1,,,,,,,,,,,,,99.99,99.99,99.99,1*2D
[  421.8] $GPGSV,3,1,9,4,,,47,7,,,25,9,,,48,11,,,27,1*68
[  421.8] $GPGSV,3,2,9,14,,,33,15,,,29,17,,,25,32,,,25,1*51
[  421.8] $GPGSV,3,3,9,193,,,25,1*61
[  421.8] $GPRMC,055442.38,V,,,,,,,090926,,,N,V*0A
[  422.3] $GPGGA,055443.38,,,,,0,03,99.99,,M,,M,,*6D
[  422.3] $GPGLL,,,,,055443.38,V,N*42
[  422.3] $GPGSA,A,1,,,,,,,,,,,,,99.99,99.99,99.99,1*2D
[  422.3] $GPGSV,2,1,8,4,,,47,9,,,48,11,,,25,14,,,33,1*5F
[  422.3] $GPGSV,2,2,8,15,,,26,19,,,27,32,,,25,193,,,25,1*6B
[  422.3] $GPRMC,055443.38,V,,,,,,,090926,,,N,V*0B
[  423.4] $GPGGA,055444.38,,,,,0,03,99.99,,M,,M,,*6A
[  423.4] $GPGLL,,,,,055444.38,V,N*45
[  423.4] $GPGSA,A,1,,,,,,,,,,,,,99.99,99.99,99.99,1*2D
[  423.4] $GPGSV,2,1,7,4,,,47,9,,,48,11,,,24,14,,,33,1*51
[  423.4] $GPGSV,2,2,7,19,,,25,32,,,25,193,,,25,1*66
[  423.4] $GPRMC,055444.38,V,,,,,,,090926,,,N,V*0C
[  424.4] $GPGGA,055445.38,,,,,0,03,99.99,,M,,M,,*6B
[  424.4] $GPGLL,,,,,055445.38,V,N*44
[  424.4] $GPGSA,A,1,,,,,,,,,,,,,99.99,99.99,99.99,1*2D
[  424.4] $GPGSV,2,1,6,4,,,47,7,,,27,9,,,48,11,,,24,1*67
[  424.4] $GPGSV,2,2,6,14,,,33,19,,,25,1*58
[  424.4] $GPRMC,055445.38,V,,,,,,,090926,,,N,V*0D
[  425.5] $GPGGA,055446.38,,,,,0,03,99.99,,M,,M,,*68
[  425.5] $GPGLL,,,,,055446.38,V,N*47
[  425.5] $GPGSA,A,1,,,,,,,,,,,,,99.99,99.99,99.99,1*2D
[  425.5] $GPGSV,2,1,5,3,,,34,4,,,47,9,,,48,14,,,34,1*66
[  425.5] $GPGSV,2,2,5,19,,,25,1*5E
[  425.5] $GPRMC,055446.38,V,,,,,,,090926,,,N,V*0E
[  426.5] $GPGGA,055447.38,,,,,0,03,99.99,,M,,M,,*69
[  426.5] $GPGLL,,,,,055447.38,V,N*46
[  426.5] $GPGSA,A,1,,,,,,,,,,,,,99.99,99.99,99.99,1*2D
[  426.5] $GPGSV,1,1,4,3,,,26,4,,,47,9,,,48,14,,,34,1*67
[  426.5] $GPRMC,055447.38,V,,,,,,,090926,,,N,V*0F
[  427.6] $GPGGA,055448.38,,,,,0,03,99.99,,M,,M,,*66
[  427.6] $GPGLL,,,,,055448.38,V,N*49
[  427.6] $GPGSA,A,1,,,,,,,,,,,,,99.99,99.99,99.99,1*2D
[  427.6] $GPGSV,2,1,6,1,,,26,3,,,25,4,,,47,9,,,48,1*52
[  427.6] $GPGSV,2,2,6,14,,,34,18,,,27,1*5C
[  427.6] $GPRMC,055448.38,V,,,,,,,090926,,,N,V*00
[  428.6] $GPGGA,055449.38,,,,,0,03,99.99,,M,,M,,*67
[  428.6] $GPGLL,,,,,055449.38,V,N*48
[  428.6] $GPGSA,A,1,,,,,,,,,,,,,99.99,99.99,99.99,1*2D
[  428.6] $GPGSV,2,1,8,1,,,24,3,,,25,4,,,47,9,,,48,1*5E
[  428.6] $GPGSV,2,2,8,14,,,34,18,,,25,29,,,28,32,,,25,1*57
[  428.6] $GPRMC,055449.38,V,,,,,,,090926,,,N,V*01
[  429.7] $GPGGA,055450.38,,,,,0,03,99.99,,M,,M,,*6F
[  429.7] $GPGLL,,,,,055450.38,V,N*40
[  429.7] $GPGSA,A,1,,,,,,,,,,,,,99.99,99.99,99.99,1*2D
[  429.7] $GPGSV,3,1,9,1,,,25,4,,,47,7,,,27,9,,,48,1*59
[  429.7] $GPGSV,3,2,9,14,,,34,18,,,25,29,,,25,32,,,25,1*5A
[  429.7] $GPGSV,3,3,9,193,,,27,1*63
[  429.7] $GPRMC,055450.38,V,,,,,,,090926,,,N,V*09
[  430.7] $GPGGA,055451.38,,,,,0,03,99.99,,M,,M,,*6E
[  430.7] $GPGLL,,,,,055451.38,V,N*41
[  430.7] $GPGSA,A,1,,,,,,,,,,,,,99.99,99.99,99.99,1*2D
[  430.7] $GPGSV,2,1,7,1,,,25,4,,,47,7,,,27,9,,,48,1*56
[  430.7] $GPGSV,2,2,7,14,,,34,18,,,25,32,,,25,1*59
[  430.7] $GPRMC,055451.38,V,,,,,,,090926,,,N,V*08
[  431.8] $GPGGA,055452.38,,,,,0,03,99.99,,M,,M,,*6D
[  431.8] $GPGLL,,,,,055452.38,V,N*42
[  431.8] $GPGSA,A,1,,,,,,,,,,,,,99.99,99.99,99.99,1*2D
[  431.8] $GPGSV,2,1,5,4,,,47,9,,,47,14,,,35,20,,,33,1*5E
[  431.8] $GPGSV,2,2,5,32,,,25,1*57
[  431.8] $GPRMC,055452.38,V,,,,,,,090926,,,N,V*0B
[  432.3] $GPGGA,055453.38,,,,,0,03,99.99,,M,,M,,*6C
[  432.3] $GPGLL,,,,,055453.38,V,N*43
[  432.3] $GPGSA,A,1,,,,,,,,,,,,,99.99,99.99,99.99,1*2D
[  432.3] $GPGSV,1,1,4,4,,,47,9,,,48,14,,,35,20,,,25,1*54
[  432.3] $GPRMC,055453.38,V,,,,,,,090926,,,N,V*0A
[  433.4] $GPGGA,055454.38,,,,,0,03,99.99,,M,,M,,*6B
[  433.4] $GPGLL,,,,,055454.38,V,N*44
[  433.4] $GPGSA,A,1,,,,,,,,,,,,,99.99,99.99,99.99,1*2D
[  433.4] $GPGSV,2,1,6,4,,,47,9,,,48,11,,,25,14,,,34,1*56
[  433.4] $GPGSV,2,2,6,15,,,28,20,,,25,1*59
[  433.4] $GPRMC,055454.38,V,,,,,,,090926,,,N,V*0D
[  434.4] $GPGGA,055455.38,,,,,0,03,99.99,,M,,M,,*6A
[  434.4] $GPGLL,,,,,055455.38,V,N*45
[  434.4] $GPGSA,A,1,,,,,,,,,,,,,99.99,99.99,99.99,1*2D
[  434.4] $GPGSV,2,1,7,4,,,47,9,,,48,11,,,25,14,,,34,1*57
[  434.4] $GPGSV,2,2,7,15,,,25,18,,,26,20,,,25,1*58
[  434.4] $GPRMC,055455.38,V,,,,,,,090926,,,N,V*0C
[  435.5] $GPGGA,055456.38,,,,,0,03,99.99,,M,,M,,*69
[  435.5] $GPGLL,,,,,055456.38,V,N*46
[  435.5] $GPGSA,A,1,,,,,,,,,,,,,99.99,99.99,99.99,1*2D
[  435.5] $GPGSV,2,1,7,4,,,47,9,,,48,11,,,25,14,,,34,1*57
[  435.5] $GPGSV,2,2,7,15,,,25,18,,,25,201,,,26,1*69
[  435.5] $GPRMC,055456.38,V,,,,,,,090926,,,N,V*0F
[  436.5] $GPGGA,055457.38,,,,,0,03,99.99,,M,,M,,*68
[  436.5] $GPGLL,,,,,055457.38,V,N*47
[  436.5] $GPGSA,A,1,,,,,,,,,,,,,99.99,99.99,99.99,1*2D
[  436.5] $GPGSV,2,1,8,4,,,47,9,,,48,11,,,25,14,,,34,1*58
[  436.5] $GPGSV,2,2,8,15,,,25,18,,,24,197,,,27,201,,,25,1*5E
[  436.5] $GPRMC,055457.38,V,,,,,,,090926,,,N,V*0E
[  437.5] $GPGGA,055458.38,,,,,0,03,99.99,,M,,M,,*67
[  437.5] $GPGLL,,,,,055458.38,V,N*48
[  437.5] $GPGSA,A,1,,,,,,,,,,,,,99.99,99.99,99.99,1*2D
[  437.5] $GPGSV,2,1,6,3,,,42,4,,,47,7,,,28,9,,,48,1*5B
[  437.5] $GPGSV,2,2,6,14,,,34,18,,,24,1*5F
[  437.5] $GPRMC,055458.38,V,,,,,,,090926,,,N,V*01
[  438.6] $GPGGA,055459.38,,,,,0,03,99.99,,M,,M,,*66
[  438.6] $GPGLL,,,,,055459.38,V,N*49
[  438.6] $GPGSA,A,1,,,,,,,,,,,,,99.99,99.99,99.99,1*2D
[  438.6] $GPGSV,2,1,6,3,,,26,4,,,47,7,,,25,9,,,47,1*5B
[  438.6] $GPGSV,2,2,6,14,,,34,17,,,26,1*52
[  438.6] $GPRMC,055459.38,V,,,,,,,090926,,,N,V*00
[  439.6] $GPGGA,055500.38,,,,,0,03,99.99,,M,,M,,*6B
[  439.6] $GPGLL,,,,,055500.38,V,N*44
[  439.6] $GPGSA,A,1,,,,,,,,,,,,,99.99,99.99,99.99,1*2D
[  439.6] $GPGSV,2,1,8,1,,,42,3,,,25,4,,,47,6,,,26,1*59
[  439.6] $GPGSV,2,2,8,9,,,48,14,,,34,15,,,26,17,,,29,1*66
[  439.6] $GPRMC,055500.38,V,,,,,,,090926,,,N,V*0D
[  440.7] $GPGGA,055501.38,,,,,0,03,99.99,,M,,M,,*6A
[  440.7] $GPGLL,,,,,055501.38,V,N*45
[  440.7] $GPGSA,A,1,,,,,,,,,,,,,99.99,99.99,99.99,1*2D
[  440.7] $GPGSV,3,1,11,1,,,29,3,,,25,4,,,47,6,,,25,1*6E
[  440.7] $GPGSV,3,2,11,9,,,47,14,,,34,15,,,25,17,,,25,1*5F
[  440.7] $GPGSV,3,3,11,19,,,28,20,,,25,193,,,27,1*5D
[  440.7] $GPRMC,055501.38,V,,,,,,,090926,,,N,V*0C
[  441.8] $GPGGA,055502.38,,,,,0,03,99.99,,M,,M,,*69
[  441.8] $GPGLL,,,,,055502.38,V,N*46
[  441.8] $GPGSA,A,1,,,,,,,,,,,,,99.99,99.99,99.99,1*2D
[  441.8] $GPGSV,3,1,9,1,,,25,4,,,47,6,,,24,9,,,47,1*54
[  441.8] $GPGSV,3,2,9,14,,,34,17,,,25,19,,,26,20,,,24,1*57
[  441.8] $GPGSV,3,3,9,193,,,27,1*63
[  441.8] $GPRMC,055502.38,V,,,,,,,090926,,,N,V*0F
[  442.3] $GPGGA,055503.38,,,,,0,03,99.99,,M,,M,,*68
[  442.3] $GPGLL,,,,,055503.38,V,N*47
[  442.3] $GPGSA,A,1,,,,,,,,,,,,,99.99,99.99,99.99,1*2D
[  442.3] $GPGSV,2,1,7,1,,,25,4,,,47,6,,,25,9,,,47,1*5A
[  442.3] $GPGSV,2,2,7,14,,,34,17,,,25,20,,,24,1*54
[  442.3] $GPRMC,055503.38,V,,,,,,,090926,,,N,V*0E
[  443.3] $GPGGA,055504.38,,,,,0,03,99.99,,M,,M,,*6F
[  443.3] $GPGLL,,,,,055504.38,V,N*40
[  443.3] $GPGSA,A,1,,,,,,,,,,,,,99.99,99.99,99.99,1*2D
[  443.3] $GPGSV,1,1,4,4,,,46,9,,,47,14,,,34,20,,,25,1*5B
[  443.3] $GPRMC,055504.38,V,,,,,,,090926,,,N,V*09
[  444.4] $GPGGA,055505.38,,,,,0,03,99.99,,M,,M,,*6E
[  444.4] $GPGLL,,,,,055505.38,V,N*41
[  444.4] $GPGSA,A,1,,,,,,,,,,,,,99.99,99.99,99.99,1*2D
[  444.4] $GPGSV,1,1,4,4,,,46,7,,,27,9,,,47,14,,,34,1*6C
[  444.4] $GPRMC,055505.38,V,,,,,,,090926,,,N,V*08
[  445.4] $GPGGA,055506.38,,,,,0,03,99.99,,M,,M,,*6D
[  445.4] $GPGLL,,,,,055506.38,V,N*42
[  445.4] $GPGSA,A,1,,,,,,,,,,,,,99.99,99.99,99.99,1*2D
[  445.4] $GPGSV,2,1,7,4,,,47,7,,,27,9,,,48,11,,,25,1*67
[  445.4] $GPGSV,2,2,7,14,,,34,16,,,26,17,,,28,1*5E
[  445.4] $GPRMC,055506.38,V,,,,,,,090926,,,N,V*0B
[  446.5] $GPGGA,055507.38,,,,,0,03,99.99,,M,,M,,*6C
[  446.5] $GPGLL,,,,,055507.38,V,N*43
[  446.5] $GPGSA,A,1,,,,,,,,,,,,,99.99,99.99,99.99,1*2D
[  446.5] $GPGSV,2,1,5,4,,,47,9,,,48,11,,,25,14,,,34,1*55
[  446.5] $GPGSV,2,2,5,16,,,25,1*51
[  446.5] $GPRMC,055507.38,V,,,,,,,090926,,,N,V*0A
[  447.5] $GPGGA,055508.38,,,,,0,03,99.99,,M,,M,,*63
[  447.5] $GPGLL,,,,,055508.38,V,N*4C
[  447.5] $GPGSA,A,1,,,,,,,,,,,,,99.99,99.99,99.99,1*2D
[  447.5] $GPGSV,2,1,5,4,,,47,9,,,48,11,,,25,14,,,34,1*55
[  447.5] $GPGSV,2,2,5,16,,,25,1*51
[  447.5] $GPRMC,055508.38,V,,,,,,,090926,,,N,V*05
[  448.6] $GPGGA,055509.38,,,,,0,03,99.99,,M,,M,,*62
[  448.6] $GPGLL,,,,,055509.38,V,N*4D
[  448.6] $GPGSA,A,1,,,,,,,,,,,,,99.99,99.99,99.99,1*2D
[  448.6] $GPGSV,2,1,5,4,,,47,7,,,27,9,,,48,11,,,25,1*65
[  448.6] $GPGSV,2,2,5,14,,,34,1*53
[  448.6] $GPRMC,055509.38,V,,,,,,,090926,,,N,V*04
[  449.6] $GPGGA,055510.38,,,,,0,03,99.99,,M,,M,,*6A
[  449.6] $GPGLL,,,,,055510.38,V,N*45
[  449.6] $GPGSA,A,1,,,,,,,,,,,,,99.99,99.99,99.99,1*2D
[  449.6] $GPGSV,1,1,3,4,,,47,9,,,48,14,,,34,1*57
[  449.6] $GPRMC,055510.38,V,,,,,,,090926,,,N,V*0C
[  450.6] $GPGGA,055511.38,,,,,0,03,99.99,,M,,M,,*6B
[  450.6] $GPGLL,,,,,055511.38,V,N*44
[  450.6] $GPGSA,A,1,,,,,,,,,,,,,99.99,99.99,99.99,1*2D
[  450.6] $GPGSV,1,1,3,4,,,47,9,,,48,14,,,34,1*57
[  450.6] $GPRMC,055511.38,V,,,,,,,090926,,,N,V*0D
[  451.7] $GPGGA,055512.38,,,,,0,03,99.99,,M,,M,,*68
[  451.7] $GPGLL,,,,,055512.38,V,N*47
[  451.7] $GPGSA,A,1,,,,,,,,,,,,,99.99,99.99,99.99,1*2D
[  451.7] $GPGSV,2,1,5,4,,,47,9,,,48,11,,,28,14,,,34,1*58
[  451.7] $GPGSV,2,2,5,16,,,26,1*52
[  451.7] $GPRMC,055512.38,V,,,,,,,090926,,,N,V*0E
[  452.7] $GPGGA,055513.38,,,,,0,03,99.99,,M,,M,,*69
[  452.7] $GPGLL,,,,,055513.38,V,N*46
[  452.7] $GPGSA,A,1,,,,,,,,,,,,,99.99,99.99,99.99,1*2D
[  452.7] $GPGSV,2,1,5,4,,,47,9,,,48,11,,,24,14,,,34,1*54
[  452.7] $GPGSV,2,2,5,16,,,27,1*53
[  452.7] $GPRMC,055513.38,V,,,,,,,090926,,,N,V*0F
[  453.8] $GPGGA,055514.38,,,,,0,03,99.99,,M,,M,,*6E
[  453.8] $GPGLL,,,,,055514.38,V,N*41
[  453.8] $GPGSA,A,1,,,,,,,,,,,,,99.99,99.99,99.99,1*2D
[  453.8] $GPGSV,2,1,5,4,,,47,7,,,27,9,,,48,11,,,16,1*65
[  453.8] $GPGSV,2,2,5,14,,,34,1*53
[  453.8] $GPRMC,055514.38,V,,,,,,,090926,,,N,V*08
[  454.3] $GPGGA,055515.38,,,,,0,03,99.99,,M,,M,,*6F
[  454.3] $GPGLL,,,,,055515.38,V,N*40
[  454.3] $GPGSA,A,1,,,,,,,,,,,,,99.99,99.99,99.99,1*2D
[  454.3] $GPGSV,2,1,6,4,,,47,7,,,24,9,,,49,11,,,11,1*63
[  454.3] $GPGSV,2,2,6,14,,,34,17,,,26,1*52
[  454.3] $GPRMC,055515.38,V,,,,,,,090926,,,N,V*09
[  455.3] $GPGGA,055516.38,,,,,0,03,99.99,,M,,M,,*6C
[  455.3] $GPGLL,,,,,055516.38,V,N*43
[  455.3] $GPGSA,A,1,,,,,,,,,,,,,99.99,99.99,99.99,1*2D
[  455.3] $GPGSV,1,1,3,4,,,47,9,,,49,14,,,33,1*51
[  455.3] $GPRMC,055516.38,V,,,,,,,090926,,,N,V*0A
[  456.4] $GPGGA,055517.38,,,,,0,03,99.99,,M,,M,,*6D
[  456.4] $GPGLL,,,,,055517.38,V,N*42
[  456.4] $GPGSA,A,1,,,,,,,,,,,,,99.99,99.99,99.99,1*2D
[  456.4] $GPGSV,1,1,4,4,,,47,9,,,49,11,,,25,14,,,33,1*51
[  456.4] $GPRMC,055517.38,V,,,,,,,090926,,,N,V*0B
[  457.5] $GPGGA,055518.38,,,,,0,03,99.99,,M,,M,,*62
[  457.5] $GPGLL,,,,,055518.38,V,N*4D
[  457.5] $GPGSA,A,1,,,,,,,,,,,,,99.99,99.99,99.99,1*2D
[  457.5] $GPGSV,2,1,8,4,,,47,7,,,27,8,,,30,9,,,48,1*54
[  457.5] $GPGSV,2,2,8,11,,,24,14,,,33,16,,,27,17,,,29,1*50
[  457.5] $GPRMC,055518.38,V,,,,,,,090926,,,N,V*04
[  458.5] $GPGGA,055519.38,,,,,0,03,99.99,,M,,M,,*63
[  458.5] $GPGLL,,,,,055519.38,V,N*4C
[  458.5] $GPGSA,A,1,,,,,,,,,,,,,99.99,99.99,99.99,1*2D
[  458.5] $GPGSV,2,1,5,4,,,47,9,,,48,11,,,25,14,,,33,1*52
[  458.5] $GPGSV,2,2,5,18,,,29,1*53
[  458.5] $GPRMC,055519.38,V,,,,,,,090926,,,N,V*05
[  459.6] $GPGGA,055520.38,,,,,0,03,99.99,,M,,M,,*69
[  459.6] $GPGLL,,,,,055520.38,V,N*46
[  459.6] $GPGSA,A,1,,,,,,,,,,,,,99.99,99.99,99.99,1*2D
[  459.6] $GPGSV,1,1,4,4,,,47,9,,,48,11,,,25,14,,,33,1*50
[  459.6] $GPRMC,055520.38,V,,,,,,,090926,,,N,V*0F
[  460.6] $GPGGA,055521.38,,,,,0,03,99.99,,M,,M,,*68
[  460.6] $GPGLL,,,,,055521.38,V,N*47
[  460.6] $GPGSA,A,1,,,,,,,,,,,,,99.99,99.99,99.99,1*2D
[  460.6] $GPGSV,1,1,4,4,,,46,9,,,48,11,,,26,14,,,33,1*52
[  460.6] $GPRMC,055521.38,V,,,,,,,090926,,,N,V*0E
[  461.6] $GPGGA,055522.38,,,,,0,03,99.99,,M,,M,,*6B
[  461.6] $GPGLL,,,,,055522.38,V,N*44
[  461.6] $GPGSA,A,1,,,,,,,,,,,,,99.99,99.99,99.99,1*2D
[  461.6] $GPGSV,2,1,5,1,,,28,4,,,47,9,,,48,11,,,26,1*6F
[  461.6] $GPGSV,2,2,5,14,,,32,1*55
[  461.6] $GPRMC,055522.38,V,,,,,,,090926,,,N,V*0D
[  462.7] $GPGGA,055523.38,,,,,0,03,99.99,,M,,M,,*6A
[  462.7] $GPGLL,,,,,055523.38,V,N*45
[  462.7] $GPGSA,A,1,,,,,,,,,,,,,99.99,99.99,99.99,1*2D
[  462.7] $GPGSV,2,1,8,1,,,26,2,,,28,3,,,29,4,,,47,1*5D
[  462.7] $GPGSV,2,2,8,5,,,28,9,,,48,11,,,25,14,,,33,1*54
[  462.7] $GPRMC,055523.38,V,,,,,,,090926,,,N,V*0C
[  463.7] $GPGGA,055524.38,,,,,0,03,99.99,,M,,M,,*6D
[  463.7] $GPGLL,,,,,055524.38,V,N*42
[  463.7] $GPGSA,A,1,,,,,,,,,,,,,99.99,99.99,99.99,1*2D
[  463.7] $GPGSV,2,1,5,3,,,25,4,,,47,5,,,27,9,,,48,1*54
[  463.7] $GPGSV,2,2,5,14,,,33,1*54
[  463.7] $GPRMC,055524.38,V,,,,,,,090926,,,N,V*0B
[  464.8] $GPGGA,055525.38,,,,,0,03,99.99,,M,,M,,*6C
[  464.8] $GPGLL,,,,,055525.38,V,N*43
[  464.8] $GPGSA,A,1,,,,,,,,,,,,,99.99,99.99,99.99,1*2D
[  464.8] $GPGSV,2,1,6,3,,,25,4,,,47,5,,,26,9,,,48,1*56
[  464.8] $GPGSV,2,2,6,14,,,33,195,,,42,1*6C
[  464.8] $GPRMC,055525.38,V,,,,,,,090926,,,N,V*0A
[  465.3] $GPGGA,055526.38,,,,,0,03,99.99,,M,,M,,*6F
[  465.3] $GPGLL,,,,,055526.38,V,N*40
[  465.3] $GPGSA,A,1,,,,,,,,,,,,,99.99,99.99,99.99,1*2D
[  465.3] $GPGSV,2,1,5,3,,,25,4,,,47,9,,,48,14,,,33,1*61
[  465.3] $GPGSV,2,2,5,195,,,27,1*69
[  465.3] $GPRMC,055526.38,V,,,,,,,090926,,,N,V*09
[  466.3] $GPGGA,055527.38,,,,,0,03,99.99,,M,,M,,*6E
[  466.3] $GPGLL,,,,,055527.38,V,N*41
[  466.3] $GPGSA,A,1,,,,,,,,,,,,,99.99,99.99,99.99,1*2D
[  466.3] $GPGSV,2,1,7,3,,,27,4,,,47,9,,,48,14,,,33,1*61
[  466.3] $GPGSV,2,2,7,20,,,26,21,,,29,195,,,25,1*67
[  466.3] $GPRMC,055527.38,V,,,,,,,090926,,,N,V*08
[  467.4] $GPGGA,055528.38,,,,,0,03,99.99,,M,,M,,*61
[  467.4] $GPGLL,,,,,055528.38,V,N*4E
[  467.4] $GPGSA,A,1,,,,,,,,,,,,,99.99,99.99,99.99,1*2D
[  467.4] $GPGSV,3,1,9,2,,,27,3,,,25,4,,,47,9,,,49,1*5F
[  467.4] $GPGSV,3,2,9,11,,,27,14,,,33,20,,,25,21,,,26,1*5E
[  467.4] $GPGSV,3,3,9,195,,,25,1*67
[  467.4] $GPRMC,055528.38,V,,,,,,,090926,,,N,V*07
[  468.4] $GPGGA,055529.38,,,,,0,03,99.99,,M,,M,,*60
[  468.4] $GPGLL,,,,,055529.38,V,N*4F
[  468.4] $GPGSA,A,1,,,,,,,,,,,,,99.99,99.99,99.99,1*2D
[  468.4] $GPGSV,2,1,6,4,,,47,9,,,49,14,,,33,16,,,28,1*5A
[  468.4] $GPGSV,2,2,6,20,,,25,21,,,25,1*53
[  468.4] $GPRMC,055529.38,V,,,,,,,090926,,,N,V*06
[  469.5] $GPGGA,055530.38,,,,,0,03,99.99,,M,,M,,*68
[  469.5] $GPGLL,,,,,055530.38,V,N*47
[  469.5] $GPGSA,A,1,,,,,,,,,,,,,99.99,99.99,99.99,1*2D
[  469.5] $GPGSV,2,1,5,4,,,47,9,,,48,14,,,33,16,,,27,1*57
[  469.5] $GPGSV,2,2,5,20,,,24,1*55
[  469.5] $GPRMC,055530.38,V,,,,,,,090926,,,N,V*0E
[  470.5] $GPGGA,055531.38,,,,,0,03,99.99,,M,,M,,*69
[  470.5] $GPGLL,,,,,055531.38,V,N*46
[  470.5] $GPGSA,A,1,,,,,,,,,,,,,99.99,99.99,99.99,1*2D
[  470.5] $GPGSV,1,1,4,2,,,28,4,,,47,9,,,48,14,,,33,1*6F
[  470.5] $GPRMC,055531.38,V,,,,,,,090926,,,N,V*0F
[  471.6] $GPGGA,055532.38,,,,,0,03,99.99,,M,,M,,*6A
[  471.6] $GPGLL,,,,,055532.38,V,N*45
[  471.6] $GPGSA,A,1,,,,,,,,,,,,,99.99,99.99,99.99,1*2D
[  471.6] $GPGSV,2,1,8,1,,,29,2,,,26,4,,,47,8,,,29,1*57
[  471.6] $GPGSV,2,2,8,9,,,48,11,,,27,14,,,33,193,,,26,1*56
[  471.6] $GPRMC,055532.38,V,,,,,,,090926,,,N,V*0C
[  472.6] $GPGGA,055533.38,,,,,0,03,99.99,,M,,M,,*6B
[  472.6] $GPGLL,,,,,055533.38,V,N*44
[  472.6] $GPGSA,A,1,,,,,,,,,,,,,99.99,99.99,99.99,1*2D
[  472.6] $GPGSV,2,1,7,1,,,27,4,,,46,8,,,27,9,,,48,1*5A
[  472.6] $GPGSV,2,2,7,14,,,33,16,,,26,193,,,26,1*6A
[  472.6] $GPRMC,055533.38,V,,,,,,,090926,,,N,V*0D
[  473.7] $GPGGA,055534.38,,,,,0,03,99.99,,M,,M,,*6C
[  473.7] $GPGLL,,,,,055534.38,V,N*43
[  473.7] $GPGSA,A,1,,,,,,,,,,,,,99.99,99.99,99.99,1*2D
[  473.7] $GPGSV,1,1,4,1,,,34,4,,,46,9,,,48,14,,,33,1*60
[  473.7] $GPRMC,055534.38,V,,,,,,,090926,,,N,V*0A
[  474.7] $GPGGA,055535.38,,,,,0,03,99.99,,M,,M,,*6D
[  474.7] $GPGLL,,,,,055535.38,V,N*42
[  474.7] $GPGSA,A,1,,,,,,,,,,,,,99.99,99.99,99.99,1*2D
[  474.7] $GPGSV,2,1,5,1,,,30,4,,,46,9,,,48,14,,,33,1*66
[  474.7] $GPGSV,2,2,5,31,,,29,1*58
[  474.7] $GPRMC,055535.38,V,,,,,,,090926,,,N,V*0B
[  475.3] $GPGGA,055536.38,,,,,0,03,99.99,,M,,M,,*6E
[  475.8] $GPGLL,,,,,055536.38,V,N*41
[  475.8] $GPGSA,A,1,,,,,,,,,,,,,99.99,99.99,99.99,1*2D
[  475.8] $GPGSV,2,1,6,1,,,30,4,,,47,9,,,48,11,,,27,1*64
[  475.8] $GPGSV,2,2,6,14,,,33,31,,,25,1*52
[  475.8] $GPRMC,055536.38,V,,,,,,,090926,,,N,V*08
[  476.3] $GPGGA,055537.38,,,,,0,03,99.99,,M,,M,,*6F
[  476.3] $GPGLL,,,,,055537.38,V,N*40
[  476.3] $GPGSA,A,1,,,,,,,,,,,,,99.99,99.99,99.99,1*2D
[  476.3] $GPGSV,2,1,8,1,,,30,3,,,27,4,,,47,9,,,48,1*59
[  476.3] $GPGSV,2,2,8,11,,,27,14,,,32,15,,,26,31,,,25,1*58
[  476.3] $GPRMC,055537.38,V,,,,,,,090926,,,N,V*09
[  477.3] $GPGGA,055538.38,,,,,0,03,99.99,,M,,M,,*60
[  477.3] $GPGLL,,,,,055538.38,V,N*4F
[  477.3] $GPGSA,A,1,,,,,,,,,,,,,99.99,99.99,99.99,1*2D
[  477.3] $GPGSV,2,1,7,4,,,47,6,,,33,9,,,48,11,,,25,1*63
[  477.3] $GPGSV,2,2,7,14,,,33,15,,,25,31,,,24,1*51
[  477.3] $GPRMC,055538.38,V,,,,,,,090926,,,N,V*06
[  478.4] $GPGGA,055539.38,,,,,0,03,99.99,,M,,M,,*61
[  478.4] $GPGLL,,,,,055539.38,V,N*4E
[  478.4] $GPGSA,A,1,,,,,,,,,,,,,99.99,99.99,99.99,1*2D
[  478.4] $GPGSV,2,1,7,4,,,46,6,,,26,9,,,48,11,,,25,1*66
[  478.4] $GPGSV,2,2,7,14,,,33,15,,,24,201,,,24,1*61
[  478.4] $GPRMC,055539.38,V,,,,,,,090926,,,N,V*07
[  479.4] $GPGGA,055540.38,,,,,0,03,99.99,,M,,M,,*6F
[  479.4] $GPGLL,,,,,055540.38,V,N*40
[  479.4] $GPGSA,A,1,,,,,,,,,,,,,99.99,99.99,99.99,1*2D
[  479.4] $GPGSV,2,1,6,4,,,46,6,,,25,9,,,48,11,,,24,1*65
[  479.4] $GPGSV,2,2,6,14,,,33,15,,,25,1*54
[  479.4] $GPRMC,055540.38,V,,,,,,,090926,,,N,V*09
[  480.5] $GPGGA,055541.38,,,,,0,03,99.99,,M,,M,,*6E
[  480.5] $GPGLL,,,,,055541.38,V,N*41
[  480.5] $GPGSA,A,1,,,,,,,,,,,,,99.99,99.99,99.99,1*2D
[  480.5] $GPGSV,2,1,6,1,,,28,4,,,47,6,,,25,9,,,47,1*56
[  480.5] $GPGSV,2,2,6,14,,,33,17,,,30,1*52
[  480.5] $GPRMC,055541.38,V,,,,,,,090926,,,N,V*08
[  481.5] $GPGGA,055542.38,,,,,0,03,99.99,,M,,M,,*6D
[  481.5] $GPGLL,,,,,055542.38,V,N*42
[  481.5] $GPGSA,A,1,,,,,,,,,,,,,99.99,99.99,99.99,1*2D
[  481.5] $GPGSV,2,1,7,1,,,25,4,,,47,9,,,48,11,,,27,1*61
[  481.5] $GPGSV,2,2,7,14,,,33,17,,,26,193,,,27,1*6A
[  481.5] $GPRMC,055542.38,V,,,,,,,090926,,,N,V*0B
[  482.6] $GPGGA,055543.38,,,,,0,03,99.99,,M,,M,,*6C
[  482.6] $GPGLL,,,,,055543.38,V,N*43
[  482.6] $GPGSA,A,1,,,,,,,,,,,,,99.99,99.99,99.99,1*2D
[  482.6] $GPGSV,2,1,8,1,,,25,4,,,47,9,,,48,11,,,25,1*6C
[  482.6] $GPGSV,2,2,8,14,,,33,16,,,27,17,,,33,193,,,26,1*62
[  482.6] $GPRMC,055543.38,V,,,,,,,090926,,,N,V*0A
[  483.6] $GPGGA,055544.38,,,,,0,03,99.99,,M,,M,,*6B
[  483.6] $GPGLL,,,,,055544.38,V,N*44
[  483.6] $GPGSA,A,1,,,,,,,,,,,,,99.99,99.99,99.99,1*2D
[  483.6] $GPGSV,2,1,8,1,,,24,4,,,47,9,,,48,11,,,24,1*6C
[  483.6] $GPGSV,2,2,8,14,,,33,16,,,27,17,,,27,193,,,26,1*67
[  483.6] $GPRMC,055544.38,V,,,,,,,090926,,,N,V*0D
[  484.7] $GPGGA,055545.38,,,,,0,03,99.99,,M,,M,,*6A
[  484.7] $GPGLL,,,,,055545.38,V,N*45
[  484.7] $GPGSA,A,1,,,,,,,,,,,,,99.99,99.99,99.99,1*2D
[  484.7] $GPGSV,2,1,5,4,,,47,8,,,27,9,,,48,14,,,33,1*68
[  484.7] $GPGSV,2,2,5,15,,,30,1*56
[  484.7] $GPRMC,055545.38,V,,,,,,,090926,,,N,V*0C
[  485.7] $GPGGA,055546.38,,,,,0,03,99.99,,M,,M,,*69
[  485.7] $GPGLL,,,,,055546.38,V,N*46
[  485.7] $GPGSA,A,1,,,,,,,,,,,,,99.99,99.99,99.99,1*2D
[  485.7] $GPGSV,2,1,6,4,,,47,8,,,25,9,,,48,14,,,32,1*68
[  485.7] $GPGSV,2,2,6,15,,,26,17,,,27,1*51
[  485.7] $GPRMC,055546.38,V,,,,,,,090926,,,N,V*0F
[  486.8] $GPGGA,055547.38,,,,,0,03,99.99,,M,,M,,*68
[  486.8] $GPGLL,,,,,055547.38,V,N*47
[  486.8] $GPGSA,A,1,,,,,,,,,,,,,99.99,99.99,99.99,1*2D
[  486.8] $GPGSV,2,1,7,4,,,47,8,,,25,9,,,48,11,,,27,1*68
[  486.8] $GPGSV,2,2,7,14,,,32,15,,,25,17,,,24,1*54
[  486.8] $GPRMC,055547.38,V,,,,,,,090926,,,N,V*0E
[  487.3] $GPGGA,055548.38,,,,,0,03,99.99,,M,,M,,*67
[  487.3] $GPGLL,,,,,055548.38,V,N*48
[  487.3] $GPGSA,A,1,,,,,,,,,,,,,99.99,99.99,99.99,1*2D
[  487.3] $GPGSV,2,1,7,4,,,47,8,,,24,9,,,48,11,,,27,1*69
[  487.3] $GPGSV,2,2,7,14,,,33,15,,,25,17,,,24,1*55
[  487.3] $GPRMC,055548.38,V,,,,,,,090926,,,N,V*01
[  488.4] $GPGGA,055549.38,,,,,0,03,99.99,,M,,M,,*66
[  488.4] $GPGLL,,,,,055549.38,V,N*49
[  488.4] $GPGSA,A,1,,,,,,,,,,,,,99.99,99.99,99.99,1*2D
[  488.4] $GPGSV,2,1,6,4,,,47,9,,,48,14,,,33,16,,,27,1*54
[  488.4] $GPGSV,2,2,6,17,,,25,18,,,28,1*50
[  488.4] $GPRMC,055549.38,V,,,,,,,090926,,,N,V*00
[  489.4] $GPGGA,055550.38,,,,,0,03,99.99,,M,,M,,*6E
[  489.4] $GPGLL,,,,,055550.38,V,N*41
[  489.4] $GPGSA,A,1,,,,,,,,,,,,,99.99,99.99,99.99,1*2D
[  489.4] $GPGSV,2,1,6,1,,,27,4,,,47,9,,,47,14,,,33,1*6D
[  489.4] $GPGSV,2,2,6,18,,,25,21,,,27,1*5A
[  489.4] $GPRMC,055550.38,V,,,,,,,090926,,,N,V*08
[  490.4] $GPGGA,055551.38,,,,,0,03,99.99,,M,,M,,*6F
[  490.4] $GPGLL,,,,,055551.38,V,N*40
[  490.4] $GPGSA,A,1,,,,,,,,,,,,,99.99,99.99,99.99,1*2D
[  490.4] $GPGSV,2,1,7,1,,,25,4,,,47,9,,,48,11,,,29,1*6F
[  490.4] $GPGSV,2,2,7,14,,,33,18,,,25,21,,,25,1*5C
[  490.4] $GPRMC,055551.38,V,,,,,,,090926,,,N,V*09
[  491.5] $GPGGA,055552.38,,,,,0,03,99.99,,M,,M,,*6C
[  491.5] $GPGLL,,,,,055552.38,V,N*43
[  491.5] $GPGSA,A,1,,,,,,,,,,,,,99.99,99.99,99.99,1*2D
[  491.5] $GPGSV,2,1,6,1,,,25,4,,,47,9,,,48,11,,,27,1*60
[  491.5] $GPGSV,2,2,6,14,,,33,21,,,24,1*52
[  491.5] $GPRMC,055552.38,V,,,,,,,090926,,,N,V*0A
[  492.5] $GPGGA,055553.38,,,,,0,03,99.99,,M,,M,,*6D
[  492.5] $GPGLL,,,,,055553.38,V,N*42
[  492.5] $GPGSA,A,1,,,,,,,,,,,,,99.99,99.99,99.99,1*2D
[  492.5] $GPGSV,2,1,6,3,,,28,4,,,47,9,,,48,11,,,25,1*6D
[  492.5] $GPGSV,2,2,6,14,,,33,21,,,24,1*52
[  492.5] $GPRMC,055553.38,V,,,,,,,090926,,,N,V*0B
[  493.6] $GPGGA,055554.38,,,,,0,03,99.99,,M,,M,,*6A
[  493.6] $GPGLL,,,,,055554.38,V,N*45
[  493.6] $GPGSA,A,1,,,,,,,,,,,,,99.99,99.99,99.99,1*2D
[  493.6] $GPGSV,2,1,7,1,,,29,3,,,25,4,,,47,6,,,26,1*5B
[  493.6] $GPGSV,2,2,7,9,,,48,14,,,33,197,,,25,1*5B
[  493.6] $GPRMC,055554.38,V,,,,,,,090926,,,N,V*0C
[  494.6] $GPGGA,055555.38,,,,,0,03,99.99,,M,,M,,*6B
[  494.6] $GPGLL,,,,,055555.38,V,N*44
[  494.6] $GPGSA,A,1,,,,,,,,,,,,,99.99,99.99,99.99,1*2D
[  494.6] $GPGSV,2,1,6,1,,,26,3,,,25,4,,,47,6,,,25,1*56
[  494.6] $GPGSV,2,2,6,9,,,47,14,,,33,1*6D
[  494.6] $GPRMC,055555.38,V,,,,,,,090926,,,N,V*0D
[  495.7] $GPGGA,055556.38,,,,,0,03,99.99,,M,,M,,*68
[  495.7] $GPGLL,,,,,055556.38,V,N*47
[  495.7] $GPGSA,A,1,,,,,,,,,,,,,99.99,99.99,99.99,1*2D
[  495.7] $GPGSV,1,1,4,4,,,47,6,,,24,9,,,48,14,,,33,1*67
[  495.7] $GPRMC,055556.38,V,,,,,,,090926,,,N,V*0E
[  496.8] $GPGGA,055557.38,,,,,0,03,99.99,,M,,M,,*69
[  496.8] $GPGLL,,,,,055557.38,V,N*46
[  496.8] $GPGSA,A,1,,,,,,,,,,,,,99.99,99.99,99.99,1*2D
[  496.8] $GPGSV,1,1,4,4,,,47,6,,,24,9,,,48,14,,,33,1*67
[  496.8] $GPRMC,055557.38,V,,,,,,,090926,,,N,V*0F
[  497.3] $GPGGA,055558.38,,,,,0,03,99.99,,M,,M,,*66
[  497.3] $GPGLL,,,,,055558.38,V,N*49
[  497.3] $GPGSA,A,1,,,,,,,,,,,,,99.99,99.99,99.99,1*2D
[  497.3] $GPGSV,2,1,6,4,,,47,9,,,48,11,,,26,14,,,33,1*52
[  497.3] $GPGSV,2,2,6,17,,,26,22,,,35,1*56
[  497.3] $GPRMC,055558.38,V,,,,,,,090926,,,N,V*00
[  498.3] $GPGGA,055559.38,,,,,0,03,99.99,,M,,M,,*67
[  498.3] $GPGLL,,,,,055559.38,V,N*48
[  498.3] $GPGSA,A,1,,,,,,,,,,,,,99.99,99.99,99.99,1*2D
[  498.3] $GPGSV,2,1,8,4,,,47,8,,,26,9,,,48,11,,,26,1*65
[  498.3] $GPGSV,2,2,8,14,,,33,16,,,27,17,,,25,22,,,32,1*5B
[  498.3] $GPRMC,055559.38,V,,,,,,,090926,,,N,V*01
[  499.4] $GPGGA,055600.38,,,,,0,03,99.99,,M,,M,,*68
[  499.4] $GPGLL,,,,,055600.38,V,N*47
[  499.4] $GPGSA,A,1,,,,,,,,,,,,,99.99,99.99,99.99,1*2D
[  499.4] $GPGSV,2,1,5,4,,,47,8,,,25,9,,,47,14,,,33,1*65
[  499.4] $GPGSV,2,2,5,22,,,31,1*53
[  499.4] $GPRMC,055600.38,V,,,,,,,090926,,,N,V*0E
[  500.4] $GPGGA,055601.38,,,,,0,03,99.99,,M,,M,,*69
[  500.4] $GPGLL,,,,,055601.38,V,N*46
[  500.4] $GPGSA,A,1,,,,,,,,,,,,,99.99,99.99,99.99,1*2D
[  500.4] $GPGSV,2,1,5,4,,,47,8,,,25,9,,,48,14,,,33,1*6A
[  500.4] $GPGSV,2,2,5,22,,,30,1*52
[  500.4] $GPRMC,055601.38,V,,,,,,,090926,,,N,V*0F
[  501.5] $GPGGA,055602.38,,,,,0,03,99.99,,M,,M,,*6A
[  501.5] $GPGLL,,,,,055602.38,V,N*45
[  501.5] $GPGSA,A,1,,,,,,,,,,,,,99.99,99.99,99.99,1*2D
[  501.5] $GPGSV,3,1,9,3,,,26,4,,,47,8,,,24,9,,,48,1*54
[  501.5] $GPGSV,3,2,9,14,,,33,16,,,28,17,,,27,22,,,30,1*54
[  501.5] $GPGSV,3,3,9,24,,,28,1*51
[  501.5] $GPRMC,055602.38,V,,,,,,,090926,,,N,V*0C
[  502.5] $GPGGA,055603.38,,,,,0,03,99.99,,M,,M,,*6B
[  502.5] $GPGLL,,,,,055603.38,V,N*44
[  502.5] $GPGSA,A,1,,,,,,,,,,,,,99.99,99.99,99.99,1*2D
[  502.5] $GPGSV,3,1,9,4,,,47,5,,,26,6,,,26,9,,,48,1*5E
[  502.5] $GPGSV,3,2,9,11,,,26,14,,,33,16,,,27,17,,,25,1*5E
[  502.5] $GPGSV,3,3,9,22,,,30,1*5E
[  502.5] $GPRMC,055603.38,V,,,,,,,090926,,,N,V*0D
[  503.6] $GPGGA,055604.38,,,,,0,03,99.99,,M,,M,,*6C
[  503.6] $GPGLL,,,,,055604.38,V,N*43
[  503.6] $GPGSA,A,1,,,,,,,,,,,,,99.99,99.99,99.99,1*2D
[  503.6] $GPGSV,2,1,8,3,,,29,4,,,47,5,,,25,9,,,48,1*57
[  503.6] $GPGSV,2,2,8,14,,,33,16,,,26,19,,,27,22,,,30,1*54
[  503.6] $GPRMC,055604.38,V,,,,,,,090926,,,N,V*0A
[  504.6] $GPGGA,055605.38,,,,,0,03,99.99,,M,,M,,*6D
[  504.6] $GPGLL,,,,,055605.38,V,N*42
[  504.6] $GPGSA,A,1,,,,,,,,,,,,,99.99,99.99,99.99,1*2D
[  504.6] $GPGSV,2,1,8,3,,,27,4,,,47,5,,,25,6,,,29,1*51
[  504.6] $GPGSV,2,2,8,9,,,48,14,,,33,18,,,29,22,,,30,1*6D
[  504.6] $GPRMC,055605.38,V,,,,,,,090926,,,N,V*0B
[  505.7] $GPGGA,055606.38,,,,,0,03,99.99,,M,,M,,*6E
[  505.7] $GPGLL,,,,,055606.38,V,N*41
[  505.7] $GPGSA,A,1,,,,,,,,,,,,,99.99,99.99,99.99,1*2D
[  505.7] $GPGSV,2,1,5,4,,,47,5,,,25,9,,,48,14,,,33,1*67
[  505.7] $GPGSV,2,2,5,22,,,30,1*52
[  505.7] $GPRMC,055606.38,V,,,,,,,090926,,,N,V*08
[  506.8] $GPGGA,055607.38,,,,,0,03,99.99,,M,,M,,*6F
[  506.8] $GPGLL,,,,,055607.38,V,N*40
[  506.8] $GPGSA,A,1,,,,,,,,,,,,,99.99,99.99,99.99,1*2D
[  506.8] $GPGSV,2,1,5,4,,,47,9,,,47,14,,,33,16,,,25,1*5A
[  506.8] $GPGSV,2,2,5,22,,,30,1*52
[  506.8] $GPRMC,055607.38,V,,,,,,,090926,,,N,V*09
[  507.3] $GPGGA,055608.38,,,,,0,03,99.99,,M,,M,,*60
[  507.3] $GPGLL,,,,,055608.38,V,N*4F
[  507.3] $GPGSA,A,1,,,,,,,,,,,,,99.99,99.99,99.99,1*2D
[  507.3] $GPGSV,2,1,6,4,,,47,9,,,47,14,,,33,16,,,24,1*58
[  507.3] $GPGSV,2,2,6,17,,,29,22,,,30,1*5C
[  507.3] $GPRMC,055608.38,V,,,,,,,090926,,,N,V*06
[  508.3] $GPGGA,055609.38,,,,,0,03,99.99,,M,,M,,*61
[  508.3] $GPGLL,,,,,055609.38,V,N*4E
[  508.3] $GPGSA,A,1,,,,,,,,,,,,,99.99,99.99,99.99,1*2D
[  508.3] $GPGSV,2,1,7,4,,,47,9,,,47,14,,,32,16,,,24,1*58
[  508.3] $GPGSV,2,2,7,17,,,27,22,,,30,24,,,29,1*5E
[  508.3] $GPRMC,055609.38,V,,,,,,,090926,,,N,V*07
[  509.4] $GPGGA,055610.38,,,,,0,03,99.99,,M,,M,,*69
[  509.4] $GPGLL,,,,,055610.38,V,N*46
[  509.4] $GPGSA,A,1,,,,,,,,,,,,,99.99,99.99,99.99,1*2D
[  509.4] $GPGSV,2,1,8,3,,,27,4,,,46,9,,,47,14,,,32,1*61
[  509.4] $GPGSV,2,2,8,16,,,24,22,,,30,24,,,27,201,,,27,1*6B
[  509.4] $GPRMC,055610.38,V,,,,,,,090926,,,N,V*0F
[  510.4] $GPGGA,055611.38,,,,,0,03,99.99,,M,,M,,*68
[  510.4] $GPGLL,,,,,055611.38,V,N*47
[  510.4] $GPGSA,A,1,,,,,,,,,,,,,99.99,99.99,99.99,1*2D
[  510.4] $GPGSV,2,1,7,3,,,26,4,,,46,9,,,47,14,,,33,1*6E
[  510.4] $GPGSV,2,2,7,15,,,27,16,,,27,22,,,30,1*53
[  510.4] $GPRMC,055611.38,V,,,,,,,090926,,,N,V*0E
[  511.5] $GPGGA,055612.38,,,,,0,03,99.99,,M,,M,,*6B
[  511.5] $GPGLL,,,,,055612.38,V,N*44
[  511.5] $GPGSA,A,1,,,,,,,,,,,,,99.99,99.99,99.99,1*2D
[  511.5] $GPGSV,2,1,7,3,,,26,4,,,46,9,,,47,14,,,33,1*6E
[  511.5] $GPGSV,2,2,7,18,,,28,19,,,25,22,,,30,1*5C
[  511.5] $GPRMC,055612.38,V,,,,,,,090926,,,N,V*0D
[  512.5] $GPGGA,055613.38,,,,,0,03,99.99,,M,,M,,*6A
[  512.5] $GPGLL,,,,,055613.38,V,N*45
[  512.5] $GPGSA,A,1,,,,,,,,,,,,,99.99,99.99,99.99,1*2D
[  512.5] $GPGSV,2,1,8,4,,,47,6,,,26,9,,,47,14,,,33,1*65
[  512.5] $GPGSV,2,2,8,18,,,26,19,,,24,22,,,30,24,,,28,1*50
[  512.5] $GPRMC,055613.38,V,,,,,,,090926,,,N,V*0C
[  513.6] $GPGGA,055614.38,,,,,0,03,99.99,,M,,M,,*6D
[  513.6] $GPGLL,,,,,055614.38,V,N*42
[  513.6] $GPGSA,A,1,,,,,,,,,,,,,99.99,99.99,99.99,1*2D
[  513.6] $GPGSV,2,1,8,3,,,26,4,,,47,6,,,25,9,,,48,1*5B
[  513.6] $GPGSV,2,2,8,14,,,33,19,,,25,22,,,30,24,,,26,1*57
[  513.6] $GPRMC,055614.38,V,,,,,,,090926,,,N,V*0B
[  514.6] $GPGGA,055615.38,,,,,0,03,99.99,,M,,M,,*6C
[  514.6] $GPGLL,,,,,055615.38,V,N*43
[  514.6] $GPGSA,A,1,,,,,,,,,,,,,99.99,99.99,99.99,1*2D
[  514.6] $GPGSV,2,1,6,3,,,25,4,,,47,9,,,48,14,,,32,1*63
[  514.6] $GPGSV,2,2,6,19,,,24,22,,,30,1*5F
[  514.6] $GPRMC,055615.38,V,,,,,,,090926,,,N,V*0A
[  515.7] $GPGGA,055616.38,,,,,0,03,99.99,,M,,M,,*6F
[  515.7] $GPGLL,,,,,055616.38,V,N*40
[  515.7] $GPGSA,A,1,,,,,,,,,,,,,99.99,99.99,99.99,1*2D
[  515.7] $GPGSV,2,1,5,3,,,25,4,,,47,9,,,48,14,,,32,1*60
[  515.7] $GPGSV,2,2,5,22,,,30,1*52
[  515.7] $GPRMC,055616.38,V,,,,,,,090926,,,N,V*09
[  516.7] $GPGGA,055617.38,,,,,0,03,99.99,,M,,M,,*6E
[  516.7] $GPGLL,,,,,055617.38,V,N*41
[  516.7] $GPGSA,A,1,,,,,,,,,,,,,99.99,99.99,99.99,1*2D
[  516.7] $GPGSV,2,1,8,3,,,14,4,,,47,7,,,26,9,,,47,1*57
[  516.7] $GPGSV,2,2,8,14,,,32,16,,,26,17,,,29,22,,,30,1*55
[  516.7] $GPRMC,055617.38,V,,,,,,,090926,,,N,V*08
[  517.7] $GPGGA,055618.38,,,,,0,03,99.99,,M,,M,,*61
[  517.7] $GPGLL,,,,,055618.38,V,N*4E
[  517.7] $GPGSA,A,1,,,,,,,,,,,,,99.99,99.99,99.99,1*2D
[  517.7] $GPGSV,3,1,11,3,,,14,4,,,47,7,,,25,9,,,48,1*62
[  517.7] $GPGSV,3,2,11,14,,,32,15,,,27,16,,,25,19,,,26,1*6C
[  517.7] $GPGSV,3,3,11,22,,,30,24,,,27,201,,,28,1*5D
[  517.7] $GPRMC,055618.38,V,,,,,,,090926,,,N,V*07
[  518.3] $GPGGA,055619.38,,,,,0,03,99.99,,M,,M,,*60
[  518.3] $GPGLL,,,,,055619.38,V,N*4F
[  518.3] $GPGSA,A,1,,,,,,,,,,,,,99.99,99.99,99.99,1*2D
[  518.3] $GPGSV,2,1,6,4,,,47,9,,,47,14,,,32,15,,,25,1*5B
[  518.3] $GPGSV,2,2,6,16,,,25,22,,,30,1*51
[  518.3] $GPRMC,055619.38,V,,,,,,,090926,,,N,V*06
[  519.3] $GPGGA,055620.38,,,,,0,03,99.99,,M,,M,,*6A
[  519.3] $GPGLL,,,,,055620.38,V,N*45
[  519.3] $GPGSA,A,1,,,,,,,,,,,,,99.99,99.99,99.99,1*2D
[  519.3] $GPGSV,2,1,5,4,,,47,9,,,48,14,,,32,19,,,28,1*56
[  519.3] $GPGSV,2,2,5,22,,,30,1*52
[  519.3] $GPRMC,055620.38,V,,,,,,,090926,,,N,V*0C
[  520.4] $GPGGA,055621.38,,,,,0,03,99.99,,M,,M,,*6B
[  520.4] $GPGLL,,,,,055621.38,V,N*44
[  520.4] $GPGSA,A,1,,,,,,,,,,,,,99.99,99.99,99.99,1*2D
[  520.4] $GPGSV,2,1,8,4,,,47,9,,,48,14,,,32,15,,,25,1*5A
[  520.4] $GPGSV,2,2,8,16,,,26,19,,,26,22,,,30,24,,,28,1*5C
[  520.4] $GPRMC,055621.38,V,,,,,,,090926,,,N,V*0D
[  521.4] $GPGGA,055622.38,,,,,0,03,99.99,,M,,M,,*68
[  521.4] $GPGLL,,,,,055622.38,V,N*47
[  521.4] $GPGSA,A,1,,,,,,,,,,,,,99.99,99.99,99.99,1*2D
[  521.4] $GPGSV,2,1,7,4,,,47,9,,,48,14,,,32,15,,,26,1*56
[  521.4] $GPGSV,2,2,7,16,,,25,18,,,26,22,,,30,1*5D
[  521.4] $GPRMC,055622.38,V,,,,,,,090926,,,N,V*0E
[  522.5] $GPGGA,055623.38,,,,,0,03,99.99,,M,,M,,*69
[  522.5] $GPGLL,,,,,055623.38,V,N*46
[  522.5] $GPGSA,A,1,,,,,,,,,,,,,99.99,99.99,99.99,1*2D
[  522.5] $GPGSV,2,1,5,4,,,47,9,,,48,14,,,32,16,,,25,1*54
[  522.5] $GPGSV,2,2,5,22,,,30,1*52
[  522.5] $GPRMC,055623.38,V,,,,,,,090926,,,N,V*0F
[  523.5] $GPGGA,055624.38,,,,,0,03,99.99,,M,,M,,*6E
[  523.5] $GPGLL,,,,,055624.38,V,N*41
[  523.5] $GPGSA,A,1,,,,,,,,,,,,,99.99,99.99,99.99,1*2D
[  523.5] $GPGSV,2,1,5,4,,,47,9,,,48,14,,,32,16,,,41,1*56
[  523.5] $GPGSV,2,2,5,22,,,30,1*52
[  523.5] $GPRMC,055624.38,V,,,,,,,090926,,,N,V*08
[  524.6] $GPGGA,055625.38,,,,,0,03,99.99,,M,,M,,*6F
[  524.6] $GPGLL,,,,,055625.38,V,N*40
[  524.6] $GPGSA,A,1,,,,,,,,,,,,,99.99,99.99,99.99,1*2D
[  524.6] $GPGSV,2,1,6,4,,,47,9,,,48,14,,,32,16,,,27,1*55
[  524.6] $GPGSV,2,2,6,17,,,27,22,,,30,1*52
[  524.6] $GPRMC,055625.38,V,,,,,,,090926,,,N,V*09
[  525.7] $GPGGA,055626.38,,,,,0,03,99.99,,M,,M,,*6C
[  525.7] $GPGLL,,,,,055626.38,V,N*43
[  525.7] $GPGSA,A,1,,,,,,,,,,,,,99.99,99.99,99.99,1*2D
[  525.7] $GPGSV,2,1,6,4,,,47,9,,,48,14,,,31,15,,,27,1*55
[  525.7] $GPGSV,2,2,6,22,,,30,26,,,27,1*50
[  525.7] $GPRMC,055626.38,V,,,,,,,090926,,,N,V*0A
[  526.7] $GPGGA,055627.38,,,,,0,03,99.99,,M,,M,,*6D
[  526.7] $GPGLL,,,,,055627.38,V,N*42
[  526.7] $GPGSA,A,1,,,,,,,,,,,,,99.99,99.99,99.99,1*2D
[  526.7] $GPGSV,2,1,7,2,,,33,4,,,47,9,,,48,14,,,32,1*64
[  526.7] $GPGSV,2,2,7,16,,,26,22,,,30,26,,,25,1*50
[  526.7] $GPRMC,055627.38,V,,,,,,,090926,,,N,V*0B
[  527.8] $GPGGA,055628.38,,,,,0,03,99.99,,M,,M,,*62
[  527.8] $GPGLL,,,,,055628.38,V,N*4D
[  527.8] $GPGSA,A,1,,,,,,,,,,,,,99.99,99.99,99.99,1*2D
[  527.8] $GPGSV,3,1,9,2,,,26,4,,,47,9,,,48,14,,,32,1*6F
[  527.8] $GPGSV,3,2,9,17,,,29,18,,,26,22,,,30,24,,,29,1*52
[  527.8] $GPGSV,3,3,9,26,,,25,1*5E
[  527.8] $GPRMC,055628.38,V,,,,,,,090926,,,N,V*04
[  528.3] $GPGGA,055629.38,,,,,0,03,99.99,,M,,M,,*63
[  528.3] $GPGLL,,,,,055629.38,V,N*4C
[  528.3] $GPGSA,A,1,,,,,,,,,,,,,99.99,99.99,99.99,1*2D
[  528.3] $GPGSV,2,1,7,2,,,25,4,,,47,9,,,48,14,,,32,1*63
[  528.3] $GPGSV,2,2,7,17,,,34,22,,,30,24,,,25,1*50
[  528.3] $GPRMC,055629.38,V,,,,,,,090926,,,N,V*05
[  528.8] $GPGGA,055629.46,,,,,0,03,99.99,,M,,M,,*6A
[  528.8] $GPGLL,,,,,055629.46,V,N*45
[  528.8] $GPGSA,A,1,,,,,,,,,,,,,99.99,99.99,99.99,1*2D
[  528.8] $GPGSV,2,1,7,2,,,25,4,,,47,9,,,48,14,,,32,1*63
[  528.8] $GPGSV,2,2,7,17,,,34,22,,,30,24,,,25,1*50
[  528.8] $GPRMC,055629.46,V,,,,,,,090926,,,N,V*0C
[  529.9] $GPGGA,055631.10,3001.72658,S,05112.74229,W,1,04,4.91,88.99,M,,M,,*41
[  529.9] $GPGLL,3001.72658,S,05112.74229,W,055631.10,A,A*62
[  529.9] $GPGSA,A,3,04,09,14,22,,,,,,,,,6.91,4.91,4.87,1*1E
[  529.9] $GPGSV,5,1,17,2,-25,054,25,3,00,026,,4,29,086,47,5,00,214,,1*4F
[  529.9] $GPGSV,5,2,17,6,12,307,,7,61,174,,8,13,084,,9,59,117,48,1*6E
[  529.9] $GPGSV,5,3,17,11,13,272,,14,29,345,32,16,03,144,,17,-8,353,26,1*7B
[  529.9] $GPGSV,5,4,17,21,33,228,,22,09,340,30,24,-39,301,25,27,04,117,,1*47
[  529.9] $GPGSV,5,5,17,30,48,264,,1*5D
[  529.9] $GPRMC,055631.10,A,3001.72658,S,05112.74229,W,0.26,0.00,090926,,,A,V*2F
[  529.9] [00:08:49.366,790] <inf> gnss_sample: Time to fix: 524.2 s
[  529.9] [00:08:49.372,650] <inf> gnss_sample: Sleeping for 120 s
[    0.5] *** Booting nRF Connect SDK v3.4.0-99553055607b ***
[    0.5] *** Using Zephyr OS v4.4.0-bf801e4e3d19 ***
[    0.5] [00:00:00.394,042] <inf> gnss_sample: Starting GNSS sample
[    1.1] [00:00:00.700,408] <inf> gnss_sample: Wrote factory almanac
[    1.1] [00:00:00.754,058] <inf> gnss_sample: Deleting GNSS data
[    1.1] [00:00:00.766,540] <inf> gnss_sample: Assistance data needed: data_flags: 0x3f
[    1.1] [00:00:00.774,169] <inf> gnss_sample: Assistance data needed: GPS ephe: 0xffffffff, alm: 0xffffffff
[    1.1] [00:00:00.783,630] <inf> gnss_sample: Connecting to LTE network
[    3.6] +CEREG: 2,"C577","0AAEEA15",7
[    3.6] +CSCON: 1
[    4.2] +CEREG: 1,"C577","0AAEEA15",7,,,"00000011","00101000"
[    4.2] [00:00:03.637,054] <inf> gnss_sample: Connected to LTE network
[    5.2] [00:00:04.647,308] <inf> gnss_sample: Injected time (GPS day 17048, GPS time of day 21482)
[    5.2] [00:00:04.657,379] <inf> gnss_sample: Injected location for MCC 724
[    5.2] +CEREG: 0
[    5.2] +CSCON: 0
[    5.2] [00:00:04.969,329] <inf> gnss_sample: LTE disconnected
[    5.2] [00:00:04.974,853] <inf> gnss_sample: Starting GNSS
[    5.2] $GPGGA,055744.37,,,,,0,,99.99,,M,,M,,*65
[    5.2] $GPGLL,,,,,055744.37,V,N*49
[    5.2] $GPGSA,A,1,,,,,,,,,,,,,99.99,99.99,99.99,1*2D
[    5.2] $GPGSV,3,1,12,3,15,031,,4,26,103,,6,24,299,,7,37,174,,1*61
[    5.2] $GPGSV,3,2,12,8,11,095,,9,42,143,,11,14,263,,14,52,340,,1*6C
[    5.2] $GPGSV,3,3,12,17,11,354,,21,19,217,,22,30,337,,30,42,237,,1*6B
[    5.2] $GPRMC,055744.37,V,,,,,,,090926,,,N,V*00
[    6.3] $GPGGA,055745.37,,,,,0,,99.99,,M,,M,,*64
[    6.3] $GPGLL,,,,,055745.37,V,N*48
[    6.3] $GPGSA,A,1,,,,,,,,,,,,,99.99,99.99,99.99,1*2D
[    6.3] $GPGSV,3,1,12,3,15,031,,4,26,103,46,6,24,299,,7,37,174,,1*63
[    6.3] $GPGSV,3,2,12,8,11,095,,9,42,143,49,11,14,263,,14,52,340,,1*61
[    6.3] $GPGSV,3,3,12,17,11,354,,21,19,217,,22,30,337,,30,42,237,,1*6B
[    6.3] $GPRMC,055745.37,V,,,,,,,090926,,,N,V*01
[    7.3] $GPGGA,055746.37,,,,,0,,99.99,,M,,M,,*67
[    7.3] $GPGLL,,,,,055746.37,V,N*4B
[    7.3] $GPGSA,A,1,,,,,,,,,,,,,99.99,99.99,99.99,1*2D
[    7.3] $GPGSV,3,1,12,3,15,031,,4,26,103,46,6,24,299,,7,37,174,,1*63
[    7.3] $GPGSV,3,2,12,8,11,095,,9,42,143,49,11,14,263,,14,52,340,,1*61
[    7.3] $GPGSV,3,3,12,17,11,354,,21,19,217,,22,30,337,,30,42,237,,1*6B
[    7.3] $GPRMC,055746.37,V,,,,,,,090926,,,N,V*02
[    8.4] $GPGGA,055747.37,,,,,0,,99.99,,M,,M,,*66
[    8.4] $GPGLL,,,,,055747.37,V,N*4A
[    8.4] $GPGSA,A,1,,,,,,,,,,,,,99.99,99.99,99.99,1*2D
[    8.4] $GPGSV,3,1,12,3,15,031,,4,26,103,46,6,24,299,,7,37,174,,1*63
[    8.4] $GPGSV,3,2,12,8,11,095,,9,42,143,49,11,14,263,,14,52,340,,1*61
[    8.4] $GPGSV,3,3,12,17,11,354,,21,19,217,,22,30,337,,30,42,237,,1*6B
[    8.4] $GPRMC,055747.37,V,,,,,,,090926,,,N,V*03
[    9.4] $GPGGA,055748.37,,,,,0,,99.99,,M,,M,,*69
[    9.4] $GPGLL,,,,,055748.37,V,N*45
[    9.4] $GPGSA,A,1,,,,,,,,,,,,,99.99,99.99,99.99,1*2D
[    9.4] $GPGSV,3,1,12,3,15,031,,4,26,103,46,6,24,299,,7,37,174,,1*63
[    9.4] $GPGSV,3,2,12,8,11,095,,9,42,143,49,11,14,263,,14,52,340,,1*61
[    9.4] $GPGSV,3,3,12,17,11,354,,21,19,217,,22,30,337,,30,42,237,,1*6B
[    9.4] $GPRMC,055748.37,V,,,,,,,090926,,,N,V*0C
[   10.5] $GPGGA,055749.37,,,,,0,,99.99,,M,,M,,*68
[   10.5] $GPGLL,,,,,055749.37,V,N*44
[   10.5] $GPGSA,A,1,,,,,,,,,,,,,99.99,99.99,99.99,1*2D
[   10.5] $GPGSV,3,1,12,3,15,031,,4,26,103,46,6,24,299,,7,37,174,,1*63
[   10.5] $GPGSV,3,2,12,8,11,095,,9,42,143,50,11,14,263,,14,52,340,33,1*69
[   10.5] $GPGSV,3,3,12,17,11,354,,21,19,217,,22,30,337,,30,42,237,,1*6B
[   10.5] $GPRMC,055749.37,V,,,,,,,090926,,,N,V*0D
[   11.5] $GPGGA,055750.37,,,,,0,,99.99,,M,,M,,*60
[   11.5] $GPGLL,,,,,055750.37,V,N*4C
[   11.5] $GPGSA,A,1,,,,,,,,,,,,,99.99,99.99,99.99,1*2D
[   11.5] $GPGSV,3,1,12,3,15,031,,4,26,103,46,6,24,299,,7,37,174,,1*63
[   11.5] $GPGSV,3,2,12,8,11,095,,9,42,143,50,11,14,263,,14,52,340,33,1*69
[   11.5] $GPGSV,3,3,12,17,11,354,,21,19,217,,22,30,337,,30,42,237,,1*6B
[   11.5] $GPRMC,055750.37,V,,,,,,,090926,,,N,V*05
[   12.6] $GPGGA,055751.37,,,,,0,,99.99,,M,,M,,*61
[   12.6] $GPGLL,,,,,055751.37,V,N*4D
[   12.6] $GPGSA,A,1,,,,,,,,,,,,,99.99,99.99,99.99,1*2D
[   12.6] $GPGSV,3,1,12,3,15,031,,4,26,103,46,6,24,299,,7,37,174,,1*63
[   12.6] $GPGSV,3,2,12,8,11,095,,9,42,143,50,11,14,263,,14,52,340,33,1*69
[   12.6] $GPGSV,3,3,12,17,11,354,,21,19,217,,22,30,337,,30,42,237,,1*6B
[   12.6] $GPRMC,055751.37,V,,,,,,,090926,,,N,V*04
[   13.1] $GPGGA,055752.37,,,,,0,,99.99,,M,,M,,*62
[   13.7] $GPGLL,,,,,055752.37,V,N*4E
[   13.7] $GPGSA,A,1,,,,,,,,,,,,,99.99,99.99,99.99,1*2D
[   13.7] $GPGSV,3,1,12,3,15,031,,4,26,103,46,6,24,299,,7,37,174,,1*63
[   13.7] $GPGSV,3,2,12,8,11,095,,9,42,143,50,11,14,263,,14,52,340,,1*69
[   13.7] $GPGSV,3,3,12,17,11,354,,21,19,217,,22,30,337,,30,42,237,,1*6B
[   13.7] $GPRMC,055752.37,V,,,,,,,090926,,,N,V*07
[   14.2] $GPGGA,055753.37,,,,,0,,99.99,,M,,M,,*63
[   14.2] $GPGLL,,,,,055753.37,V,N*4F
[   14.2] $GPGSA,A,1,,,,,,,,,,,,,99.99,99.99,99.99,1*2D
[   14.2] $GPGSV,3,1,12,3,15,031,,4,26,103,46,6,24,299,,7,37,174,,1*63
[   14.2] $GPGSV,3,2,12,8,11,095,,9,42,143,50,11,14,263,,14,52,340,,1*69
[   14.2] $GPGSV,3,3,12,17,11,354,,21,19,217,,22,30,337,,30,42,237,,1*6B
[   14.2] $GPRMC,055753.37,V,,,,,,,090926,,,N,V*06
[   15.2] $GPGGA,055754.37,,,,,0,,99.99,,M,,M,,*64
[   15.2] $GPGLL,,,,,055754.37,V,N*48
[   15.2] $GPGSA,A,1,,,,,,,,,,,,,99.99,99.99,99.99,1*2D
[   15.2] $GPGSV,3,1,12,3,15,031,,4,26,103,46,6,24,299,,7,37,174,,1*63
[   15.2] $GPGSV,3,2,12,8,11,095,,9,42,143,50,11,14,263,,14,52,340,,1*69
[   15.2] $GPGSV,3,3,12,17,11,354,,21,19,217,,22,30,337,,30,42,237,,1*6B
[   15.2] $GPRMC,055754.37,V,,,,,,,090926,,,N,V*01
[   16.3] $GPGGA,055755.37,,,,,0,,99.99,,M,,M,,*65
[   16.3] $GPGLL,,,,,055755.37,V,N*49
[   16.3] $GPGSA,A,1,,,,,,,,,,,,,99.99,99.99,99.99,1*2D
[   16.3] $GPGSV,3,1,12,3,15,031,,4,26,103,42,6,24,299,,7,37,174,,1*67
[   16.3] $GPGSV,3,2,12,8,11,095,,9,42,143,40,11,14,263,,14,52,340,35,1*6E
[   16.3] $GPGSV,3,3,12,17,11,354,,21,19,217,,22,30,337,,30,42,237,,1*6B
[   16.3] $GPRMC,055755.37,V,,,,,,,090926,,,N,V*00
[   17.3] $GPGGA,055756.37,,,,,0,,99.99,,M,,M,,*66
[   17.3] $GPGLL,,,,,055756.37,V,N*4A
[   17.3] $GPGSA,A,1,,,,,,,,,,,,,99.99,99.99,99.99,1*2D
[   17.3] $GPGSV,3,1,12,3,15,031,,4,26,103,42,6,24,299,,7,37,174,,1*67
[   17.3] $GPGSV,3,2,12,8,11,095,,9,42,143,40,11,14,263,,14,52,340,35,1*6E
[   17.3] $GPGSV,3,3,12,17,11,354,,21,19,217,,22,30,337,,30,42,237,,1*6B
[   17.3] $GPRMC,055756.37,V,,,,,,,090926,,,N,V*03
[   18.4] $GPGGA,055757.37,,,,,0,,99.99,,M,,M,,*67
[   18.4] $GPGLL,,,,,055757.37,V,N*4B
[   18.4] $GPGSA,A,1,,,,,,,,,,,,,99.99,99.99,99.99,1*2D
[   18.4] $GPGSV,3,1,12,3,15,031,,4,26,103,42,6,24,299,,7,37,174,,1*67
[   18.4] $GPGSV,3,2,12,8,11,095,,9,42,143,40,11,14,263,,14,52,340,35,1*6E
[   18.4] $GPGSV,3,3,12,17,11,354,,21,19,217,,22,30,337,,30,42,237,,1*6B
[   18.4] $GPRMC,055757.37,V,,,,,,,090926,,,N,V*02
[   19.4] $GPGGA,055758.37,,,,,0,,99.99,,M,,M,,*68
[   19.4] $GPGLL,,,,,055758.37,V,N*44
[   19.4] $GPGSA,A,1,,,,,,,,,,,,,99.99,99.99,99.99,1*2D
[   19.4] $GPGSV,3,1,12,3,15,031,,4,26,103,42,6,24,299,,7,37,174,,1*67
[   19.4] $GPGSV,3,2,12,8,11,095,,9,42,143,40,11,14,263,,14,52,340,35,1*6E
[   19.4] $GPGSV,3,3,12,17,11,354,,21,19,217,,22,30,337,,30,42,237,,1*6B
[   19.4] $GPRMC,055758.37,V,,,,,,,090926,,,N,V*0D
[   20.5] $GPGGA,055759.37,,,,,0,,99.99,,M,,M,,*69
[   20.5] $GPGLL,,,,,055759.37,V,N*45
[   20.5] $GPGSA,A,1,,,,,,,,,,,,,99.99,99.99,99.99,1*2D
[   20.5] $GPGSV,3,1,12,3,15,031,,4,26,103,42,6,24,299,,7,37,174,,1*67
[   20.5] $GPGSV,3,2,12,8,11,095,,9,42,143,41,11,14,263,,14,52,340,33,1*69
[   20.5] $GPGSV,3,3,12,17,11,354,,21,19,217,,22,30,337,,30,42,237,,1*6B
[   20.5] $GPRMC,055759.37,V,,,,,,,090926,,,N,V*0C
[   21.5] $GPGGA,055800.37,,,,,0,,99.99,,M,,M,,*6A
[   21.5] $GPGLL,,,,,055800.37,V,N*46
[   21.5] $GPGSA,A,1,,,,,,,,,,,,,99.99,99.99,99.99,1*2D
[   21.5] $GPGSV,3,1,12,3,15,031,,4,26,103,42,6,24,299,,7,37,174,,1*67
[   21.5] $GPGSV,3,2,12,8,11,095,,9,42,143,41,11,14,263,,14,52,340,33,1*69
[   21.5] $GPGSV,3,3,12,17,11,354,,21,19,217,,22,30,337,,30,42,237,,1*6B
[   21.5] $GPRMC,055800.37,V,,,,,,,090926,,,N,V*0F
[   22.6] $GPGGA,055801.37,,,,,0,,99.99,,M,,M,,*6B
[   22.6] $GPGLL,,,,,055801.37,V,N*47
[   22.6] $GPGSA,A,1,,,,,,,,,,,,,99.99,99.99,99.99,1*2D
[   22.6] $GPGSV,3,1,12,3,15,031,,4,26,103,42,6,24,299,,7,37,174,,1*67
[   22.6] $GPGSV,3,2,12,8,11,095,,9,42,143,41,11,14,263,,14,52,340,33,1*69
[   22.6] $GPGSV,3,3,12,17,11,354,,21,19,217,,22,30,337,,30,42,237,,1*6B
[   22.6] $GPRMC,055801.37,V,,,,,,,090926,,,N,V*0E
[   23.6] $GPGGA,055802.38,,,,,0,,99.99,,M,,M,,*67
[   23.6] $GPGLL,,,,,055802.38,V,N*4B
[   23.6] $GPGSA,A,1,,,,,,,,,,,,,99.99,99.99,99.99,1*2D
[   23.6] $GPGSV,3,1,12,3,15,031,,4,26,103,46,6,24,299,,7,37,174,,1*63
[   23.6] $GPGSV,3,2,12,8,11,095,,9,42,143,48,11,14,263,,14,52,340,35,1*66
[   23.6] $GPGSV,3,3,12,17,11,354,,21,19,217,,22,30,337,,30,42,237,,1*6B
[   23.6] $GPRMC,055802.38,V,,,,,,,090926,,,N,V*02
[   24.1] $GPGGA,055803.38,,,,,0,,99.99,,M,,M,,*66
[   24.1] $GPGLL,,,,,055803.38,V,N*4A
[   24.1] $GPGSA,A,1,,,,,,,,,,,,,99.99,99.99,99.99,1*2D
[   24.1] $GPGSV,3,1,12,3,15,031,,4,26,103,46,6,24,299,,7,37,174,,1*63
[   24.1] $GPGSV,3,2,12,8,11,095,,9,42,143,48,11,14,263,,14,52,340,35,1*66
[   24.7] $GPGSV,3,3,12,17,11,354,,21,19,217,,22,30,337,,30,42,237,,1*6B
[   24.7] $GPRMC,055803.38,V,,,,,,,090926,,,N,V*03
[   25.2] $GPGGA,055804.38,,,,,0,,99.99,,M,,M,,*61
[   25.2] $GPGLL,,,,,055804.38,V,N*4D
[   25.2] $GPGSA,A,1,,,,,,,,,,,,,99.99,99.99,99.99,1*2D
[   25.2] $GPGSV,3,1,12,3,15,031,,4,26,103,46,6,24,299,,7,37,174,,1*63
[   25.2] $GPGSV,3,2,12,8,11,095,,9,42,143,48,11,14,263,,14,52,340,35,1*66
[   25.2] $GPGSV,3,3,12,17,11,354,,21,19,217,,22,30,337,,30,42,237,,1*6B
[   25.2] $GPRMC,055804.38,V,,,,,,,090926,,,N,V*04
[   26.3] $GPGGA,055805.38,,,,,0,,99.99,,M,,M,,*60
[   26.3] $GPGLL,,,,,055805.38,V,N*4C
[   26.3] $GPGSA,A,1,,,,,,,,,,,,,99.99,99.99,99.99,1*2D
[   26.3] $GPGSV,3,1,12,3,15,031,,4,26,103,46,6,24,299,,7,37,174,,1*63
[   26.3] $GPGSV,3,2,12,8,11,095,,9,42,143,48,11,14,263,,14,52,340,35,1*66
[   26.3] $GPGSV,3,3,12,17,11,354,,21,19,217,,22,30,337,,30,42,237,,1*6B
[   26.3] $GPRMC,055805.38,V,,,,,,,090926,,,N,V*05
[   27.3] $GPGGA,055806.38,,,,,0,,99.99,,M,,M,,*63
[   27.3] $GPGLL,,,,,055806.38,V,N*4F
[   27.3] $GPGSA,A,1,,,,,,,,,,,,,99.99,99.99,99.99,1*2D
[   27.3] $GPGSV,3,1,12,3,15,031,,4,26,103,46,6,24,299,,7,37,174,,1*63
[   27.3] $GPGSV,3,2,12,8,11,095,,9,42,143,48,11,14,263,,14,52,340,35,1*66
[   27.3] $GPGSV,3,3,12,17,11,354,,21,19,217,,22,30,337,,30,42,237,,1*6B
[   27.3] $GPRMC,055806.38,V,,,,,,,090926,,,N,V*06
[   28.4] $GPGGA,055807.38,,,,,0,,99.99,,M,,M,,*62
[   28.4] $GPGLL,,,,,055807.38,V,N*4E
[   28.4] $GPGSA,A,1,,,,,,,,,,,,,99.99,99.99,99.99,1*2D
[   28.4] $GPGSV,3,1,12,3,15,031,,4,26,103,46,6,24,299,,7,37,174,,1*63
[   28.4] $GPGSV,3,2,12,8,11,095,,9,42,143,48,11,14,263,,14,52,340,32,1*61
[   28.4] $GPGSV,3,3,12,17,11,354,,21,19,217,,22,30,337,,30,42,237,,1*6B
[   28.4] $GPRMC,055807.38,V,,,,,,,090926,,,N,V*07
[   29.4] $GPGGA,055808.38,,,,,0,,99.99,,M,,M,,*6D
[   29.4] $GPGLL,,,,,055808.38,V,N*41
[   29.4] $GPGSA,A,1,,,,,,,,,,,,,99.99,99.99,99.99,1*2D
[   29.4] $GPGSV,3,1,12,3,15,031,,4,26,103,46,6,24,299,,7,37,174,,1*63
[   29.4] $GPGSV,3,2,12,8,11,095,,9,42,143,48,11,14,263,,14,52,340,32,1*61
[   29.4] $GPGSV,3,3,12,17,11,354,,21,19,217,,22,30,337,,30,42,237,,1*6B
[   29.4] $GPRMC,055808.38,V,,,,,,,090926,,,N,V*08
[   30.5] $GPGGA,055809.38,,,,,0,,99.99,,M,,M,,*6C
[   30.5] $GPGLL,,,,,055809.38,V,N*40
[   30.5] $GPGSA,A,1,,,,,,,,,,,,,99.99,99.99,99.99,1*2D
[   30.5] $GPGSV,3,1,12,3,15,031,,4,26,103,46,6,24,299,,7,37,174,,1*63
[   30.5] $GPGSV,3,2,12,8,11,095,,9,42,143,48,11,14,263,,14,52,340,32,1*61
[   30.5] $GPGSV,3,3,12,17,11,354,,21,19,217,,22,30,337,,30,42,237,,1*6B
[   30.5] $GPRMC,055809.38,V,,,,,,,090926,,,N,V*09
[   31.5] $GPGGA,055810.38,,,,,0,,99.99,,M,,M,,*64
[   31.5] $GPGLL,,,,,055810.38,V,N*48
[   31.5] $GPGSA,A,1,,,,,,,,,,,,,99.99,99.99,99.99,1*2D
[   31.5] $GPGSV,3,1,12,3,15,031,,4,26,103,46,6,24,299,,7,37,174,,1*63
[   31.5] $GPGSV,3,2,12,8,11,095,,9,42,143,48,11,14,263,,14,52,340,33,1*60
[   31.5] $GPGSV,3,3,12,17,11,354,,21,19,217,,22,30,337,,30,42,237,,1*6B
[   31.5] $GPRMC,055810.38,V,,,,,,,090926,,,N,V*01
[   32.6] $GPGGA,055811.38,,,,,0,,99.99,,M,,M,,*65
[   32.6] $GPGLL,,,,,055811.38,V,N*49
[   32.6] $GPGSA,A,1,,,,,,,,,,,,,99.99,99.99,99.99,1*2D
[   32.6] $GPGSV,3,1,12,3,15,031,,4,26,103,46,6,24,299,,7,37,174,,1*63
[   32.6] $GPGSV,3,2,12,8,11,095,,9,42,143,48,11,14,263,,14,52,340,33,1*60
[   32.6] $GPGSV,3,3,12,17,11,354,,21,19,217,,22,30,337,,30,42,237,,1*6B
[   32.6] $GPRMC,055811.38,V,,,,,,,090926,,,N,V*00
[   33.6] $GPGGA,055812.38,,,,,0,,99.99,,M,,M,,*66
[   33.6] $GPGLL,,,,,055812.38,V,N*4A
[   33.6] $GPGSA,A,1,,,,,,,,,,,,,99.99,99.99,99.99,1*2D
[   33.6] $GPGSV,3,1,12,3,15,031,,4,26,103,46,6,24,299,,7,37,174,,1*63
[   33.6] $GPGSV,3,2,12,8,11,095,,9,42,143,48,11,14,263,,14,52,340,33,1*60
[   33.6] $GPGSV,3,3,12,17,11,354,,21,19,217,,22,30,337,,30,42,237,,1*6B
[   33.6] $GPRMC,055812.38,V,,,,,,,090926,,,N,V*03
[   34.6] $GPGGA,055813.38,,,,,0,,99.99,,M,,M,,*67
[   34.6] $GPGLL,,,,,055813.38,V,N*4B
[   34.6] $GPGSA,A,1,,,,,,,,,,,,,99.99,99.99,99.99,1*2D
[   34.6] $GPGSV,3,1,12,3,15,031,,4,26,103,46,6,24,299,,7,37,174,,1*63
[   34.6] $GPGSV,3,2,12,8,11,095,,9,42,143,48,11,14,263,,14,52,340,33,1*60
[   34.6] $GPGSV,3,3,12,17,11,354,,21,19,217,,22,30,337,,30,42,237,,1*6B
[   34.6] $GPRMC,055813.38,V,,,,,,,090926,,,N,V*02
[   35.2] $GPGGA,055814.38,,,,,0,,99.99,,M,,M,,*60
[   35.2] $GPGLL,,,,,055814.38,V,N*4C
[   35.2] $GPGSA,A,1,,,,,,,,,,,,,99.99,99.99,99.99,1*2D
[   35.2] $GPGSV,3,1,12,3,15,031,,4,26,103,46,6,24,299,,7,37,174,,1*63
[   35.2] $GPGSV,3,2,12,8,11,095,,9,42,143,48,11,14,263,,14,52,340,33,1*60
[   35.2] $GPGSV,3,3,12,17,11,354,,21,19,217,,22,30,337,,30,42,237,,1*6B
[   35.2] $GPRMC,055814.38,V,,,,,,,090926,,,N,V*05
[   36.2] $GPGGA,055815.38,,,,,0,,99.99,,M,,M,,*61
[   36.2] $GPGLL,,,,,055815.38,V,N*4D
[   36.2] $GPGSA,A,1,,,,,,,,,,,,,99.99,99.99,99.99,1*2D
[   36.2] $GPGSV,3,1,12,3,15,031,,4,26,103,43,6,24,299,,7,37,174,,1*66
[   36.2] $GPGSV,3,2,12,8,11,095,,9,42,143,41,11,14,263,,14,52,340,24,1*6F
[   36.2] $GPGSV,3,3,12,17,11,354,,21,19,217,,22,30,337,28,30,42,237,,1*61
[   36.2] $GPRMC,055815.38,V,,,,,,,090926,,,N,V*04
[   37.3] $GPGGA,055816.38,,,,,0,,99.99,,M,,M,,*62
[   37.3] $GPGLL,,,,,055816.38,V,N*4E
[   37.3] $GPGSA,A,1,,,,,,,,,,,,,99.99,99.99,99.99,1*2D
[   37.3] $GPGSV,3,1,12,3,15,031,,4,26,103,38,6,24,299,,7,37,174,,1*6A
[   37.3] $GPGSV,3,2,12,8,11,095,,9,42,143,45,11,14,263,,14,52,340,24,1*6B
[   37.3] $GPGSV,3,3,12,17,11,354,,21,19,217,,22,30,337,28,30,42,237,,1*61
[   37.3] $GPRMC,055816.38,V,,,,,,,090926,,,N,V*07
[   38.3] $GPGGA,055817.38,,,,,0,,99.99,,M,,M,,*63
[   38.3] $GPGLL,,,,,055817.38,V,N*4F
[   38.3] $GPGSA,A,1,,,,,,,,,,,,,99.99,99.99,99.99,1*2D
[   38.3] $GPGSV,3,1,12,3,15,031,,4,26,103,41,6,24,299,,7,37,174,,1*64
[   38.3] $GPGSV,3,2,12,8,11,095,,9,42,143,47,11,14,263,,14,52,340,24,1*69
[   38.3] $GPGSV,3,3,12,17,11,354,,21,19,217,,22,30,337,29,30,42,237,,1*60
[   38.3] $GPRMC,055817.38,V,,,,,,,090926,,,N,V*06
[   39.4] $GPGGA,055818.38,,,,,0,,99.99,,M,,M,,*6C
[   39.4] $GPGLL,,,,,055818.38,V,N*40
[   39.4] $GPGSA,A,1,,,,,,,,,,,,,99.99,99.99,99.99,1*2D
[   39.4] $GPGSV,3,1,12,3,15,031,,4,26,103,42,6,24,299,,7,37,174,,1*67
[   39.4] $GPGSV,3,2,12,8,11,095,,9,42,143,48,11,14,263,,14,52,340,24,1*66
[   39.4] $GPGSV,3,3,12,17,11,354,,21,19,217,,22,30,337,29,30,42,237,,1*60
[   39.4] $GPRMC,055818.38,V,,,,,,,090926,,,N,V*09
[   40.4] $GPGGA,055819.38,,,,,0,,99.99,,M,,M,,*6D
[   40.4] $GPGLL,,,,,055819.38,V,N*41
[   40.4] $GPGSA,A,1,,,,,,,,,,,,,99.99,99.99,99.99,1*2D
[   40.4] $GPGSV,3,1,12,3,15,031,,4,26,103,43,6,24,299,,7,37,174,,1*66
[   40.4] $GPGSV,3,2,12,8,11,095,,9,42,143,48,11,14,263,,14,52,340,,1*60
[   40.4] $GPGSV,3,3,12,17,11,354,,21,19,217,,22,30,337,29,30,42,237,,1*60
[   40.4] $GPRMC,055819.38,V,,,,,,,090926,,,N,V*08
[   41.4] $GPGGA,055820.38,,,,,0,,99.99,,M,,M,,*67
[   41.4] $GPGLL,,,,,055820.38,V,N*4B
[   41.4] $GPGSA,A,1,,,,,,,,,,,,,99.99,99.99,99.99,1*2D
[   41.4] $GPGSV,3,1,12,3,15,031,,4,26,103,43,6,24,299,,7,37,174,,1*66
[   41.4] $GPGSV,3,2,12,8,11,095,,9,42,143,49,11,14,263,,14,52,340,36,1*64
[   41.4] $GPGSV,3,3,12,17,11,354,,21,19,217,,22,30,337,29,30,42,237,,1*60
[   41.4] $GPRMC,055820.38,V,,,,,,,090926,,,N,V*02
[   42.5] $GPGGA,055821.38,,,,,0,,99.99,,M,,M,,*66
[   42.5] $GPGLL,,,,,055821.38,V,N*4A
[   42.5] $GPGSA,A,1,,,,,,,,,,,,,99.99,99.99,99.99,1*2D
[   42.5] $GPGSV,3,1,12,3,15,031,,4,26,103,43,6,24,299,,7,37,174,,1*66
[   42.5] $GPGSV,3,2,12,8,11,095,,9,42,143,49,11,14,263,,14,52,340,32,1*60
[   42.5] $GPGSV,3,3,12,17,11,354,,21,19,217,,22,30,337,29,30,42,237,,1*60
[   42.5] $GPRMC,055821.38,V,,,,,,,090926,,,N,V*03
[   43.5] $GPGGA,055822.38,,,,,0,,99.99,,M,,M,,*65
[   43.5] $GPGLL,,,,,055822.38,V,N*49
[   43.5] $GPGSA,A,1,,,,,,,,,,,,,99.99,99.99,99.99,1*2D
[   43.5] $GPGSV,3,1,12,3,15,031,,4,26,103,43,6,24,299,,7,37,174,,1*66
[   43.5] $GPGSV,3,2,12,8,11,095,,9,42,143,49,11,14,263,,14,52,340,33,1*61
[   43.5] $GPGSV,3,3,12,17,11,354,,21,19,217,,22,30,337,29,30,42,237,,1*60
[   43.5] $GPRMC,055822.38,V,,,,,,,090926,,,N,V*00
[   44.6] $GPGGA,055823.38,,,,,0,,99.99,,M,,M,,*64
[   44.6] $GPGLL,,,,,055823.38,V,N*48
[   44.6] $GPGSA,A,1,,,,,,,,,,,,,99.99,99.99,99.99,1*2D
[   44.6] $GPGSV,3,1,12,3,15,031,,4,26,103,43,6,24,299,,7,37,174,,1*66
[   44.6] $GPGSV,3,2,12,8,11,095,,9,42,143,49,11,14,263,,14,52,340,33,1*61
[   44.6] $GPGSV,3,3,12,17,11,354,,21,19,217,,22,30,337,29,30,42,237,,1*60
[   44.6] $GPRMC,055823.38,V,,,,,,,090926,,,N,V*01
[   45.6] $GPGGA,055824.38,,,,,0,,99.99,,M,,M,,*63
[   45.6] $GPGLL,,,,,055824.38,V,N*4F
[   45.6] $GPGSA,A,1,,,,,,,,,,,,,99.99,99.99,99.99,1*2D
[   45.6] $GPGSV,3,1,12,3,15,031,,4,26,103,43,6,24,299,,7,37,174,,1*66
[   45.6] $GPGSV,3,2,12,8,11,095,,9,42,143,49,11,14,263,,14,52,340,33,1*61
[   45.6] $GPGSV,3,3,12,17,11,354,,21,19,217,,22,30,337,29,30,42,237,,1*60
[   45.6] $GPRMC,055824.38,V,,,,,,,090926,,,N,V*06
[   46.1] $GPGGA,055825.38,,,,,0,,99.99,,M,,M,,*62
[   46.1] $GPGLL,,,,,055825.38,V,N*4E
[   46.1] $GPGSA,A,1,,,,,,,,,,,,,99.99,99.99,99.99,1*2D
[   46.7] $GPGSV,3,1,12,3,15,031,,4,26,103,43,6,24,299,,7,37,174,,1*66
[   46.7] $GPGSV,3,2,12,8,11,095,,9,42,143,49,11,14,263,,14,52,340,33,1*61
[   46.7] $GPGSV,3,3,12,17,11,354,,21,19,217,,22,30,337,29,30,42,237,,1*60
[   46.7] $GPRMC,055825.38,V,,,,,,,090926,,,N,V*07
[   47.2] $GPGGA,055826.38,,,,,0,,99.99,,M,,M,,*61
[   47.2] $GPGLL,,,,,055826.38,V,N*4D
[   47.2] $GPGSA,A,1,,,,,,,,,,,,,99.99,99.99,99.99,1*2D
[   47.2] $GPGSV,3,1,12,3,15,031,,4,26,103,43,6,24,299,,7,37,174,,1*66
[   47.2] $GPGSV,3,2,12,8,11,095,28,9,42,143,49,11,14,263,,14,52,340,34,1*6C
[   47.2] $GPGSV,3,3,12,17,11,354,,21,19,217,,22,30,337,29,30,42,237,,1*60
[   47.2] $GPRMC,055826.38,V,,,,,,,090926,,,N,V*04
[   48.2] $GPGGA,055827.38,,,,,0,,99.99,,M,,M,,*60
[   48.2] $GPGLL,,,,,055827.38,V,N*4C
[   48.2] $GPGSA,A,1,,,,,,,,,,,,,99.99,99.99,99.99,1*2D
[   48.2] $GPGSV,4,1,13,3,15,031,,4,26,103,43,6,24,299,,7,37,174,,1*60
[   48.2] $GPGSV,4,2,13,8,11,095,26,9,42,143,49,11,14,263,,14,52,340,33,1*63
[   48.2] $GPGSV,4,3,13,15,-39,254,29,17,11,354,,21,19,217,,22,30,337,28,1*4F
[   48.2] $GPGSV,4,4,13,30,42,237,,1*55
[   48.2] $GPRMC,055827.38,V,,,,,,,090926,,,N,V*05
[   49.3] $GPGGA,055828.38,,,,,0,,99.99,,M,,M,,*6F
[   49.3] $GPGLL,,,,,055828.38,V,N*43
[   49.3] $GPGSA,A,1,,,,,,,,,,,,,99.99,99.99,99.99,1*2D
[   49.3] $GPGSV,4,1,14,3,15,031,,4,26,103,43,6,24,299,,7,37,174,,1*67
[   49.3] $GPGSV,4,2,14,8,11,095,,9,42,143,49,11,14,263,,14,52,340,34,1*67
[   49.3] $GPGSV,4,3,14,15,-39,254,29,17,11,354,,21,19,217,,22,30,337,29,1*49
[   49.3] $GPGSV,4,4,14,26,-33,145,25,30,42,237,,1*4C
[   49.3] $GPRMC,055828.38,V,,,,,,,090926,,,N,V*0A
[   50.3] $GPGGA,055829.38,,,,,0,,99.99,,M,,M,,*6E
[   50.3] $GPGLL,,,,,055829.38,V,N*42
[   50.3] $GPGSA,A,1,,,,,,,,,,,,,99.99,99.99,99.99,1*2D
[   50.3] $GPGSV,4,1,13,3,15,031,,4,26,103,43,6,24,299,,7,37,174,,1*60
[   50.3] $GPGSV,4,2,13,8,11,095,,9,42,143,49,11,14,263,,14,52,340,34,1*60
[   50.3] $GPGSV,4,3,13,17,11,354,,21,19,217,,22,30,337,29,26,-33,145,25,1*4B
[   50.3] $GPGSV,4,4,13,30,42,237,,1*55
[   50.3] $GPRMC,055829.38,V,,,,,,,090926,,,N,V*0B
[   51.3] $GPGGA,055830.38,,,,,0,,99.99,,M,,M,,*66
[   51.3] $GPGLL,,,,,055830.38,V,N*4A
[   51.3] $GPGSA,A,1,,,,,,,,,,,,,99.99,99.99,99.99,1*2D
[   51.3] $GPGSV,3,1,12,3,15,031,,4,26,103,43,6,24,299,,7,37,174,,1*66
[   51.3] $GPGSV,3,2,12,8,11,095,,9,42,143,49,11,14,263,,14,52,340,33,1*61
[   51.3] $GPGSV,3,3,12,17,11,354,,21,19,217,,22,30,337,28,30,42,237,,1*61
[   51.3] $GPRMC,055830.38,V,,,,,,,090926,,,N,V*03
[   52.4] $GPGGA,055831.38,,,,,0,,99.99,,M,,M,,*67
[   52.4] $GPGLL,,,,,055831.38,V,N*4B
[   52.4] $GPGSA,A,1,,,,,,,,,,,,,99.99,99.99,99.99,1*2D
[   52.4] $GPGSV,3,1,12,3,15,031,,4,26,103,43,6,24,299,,7,37,174,,1*66
[   52.4] $GPGSV,3,2,12,8,11,095,30,9,42,143,49,11,14,263,,14,52,340,33,1*62
[   52.4] $GPGSV,3,3,12,17,11,354,,21,19,217,,22,30,337,28,30,42,237,,1*61
[   52.4] $GPRMC,055831.38,V,,,,,,,090926,,,N,V*02
[   53.4] $GPGGA,055832.38,,,,,0,,99.99,,M,,M,,*64
[   53.4] $GPGLL,,,,,055832.38,V,N*48
[   53.4] $GPGSA,A,1,,,,,,,,,,,,,99.99,99.99,99.99,1*2D
[   53.4] $GPGSV,4,1,13,3,15,031,,4,26,103,43,6,24,299,,7,37,174,,1*60
[   53.4] $GPGSV,4,2,13,8,11,095,26,9,42,143,49,11,14,263,,14,52,340,33,1*63
[   53.4] $GPGSV,4,3,13,15,-39,254,29,17,11,354,,21,19,217,,22,30,337,28,1*4F
[   53.4] $GPGSV,4,4,13,30,42,237,,1*55
[   53.4] $GPRMC,055832.38,V,,,,,,,090926,,,N,V*01
[   54.5] $GPGGA,055833.38,,,,,0,,99.99,,M,,M,,*65
[   54.5] $GPGLL,,,,,055833.38,V,N*49
[   54.5] $GPGSA,A,1,,,,,,,,,,,,,99.99,99.99,99.99,1*2D
[   54.5] $GPGSV,4,1,14,3,15,031,,4,26,103,43,5,-14,213,27,6,24,299,,1*4E
[   54.5] $GPGSV,4,2,14,7,37,174,,8,11,095,25,9,42,143,49,11,14,263,,1*53
[   54.5] $GPGSV,4,3,14,14,52,340,33,15,-39,254,26,17,11,354,,21,19,217,,1*4C
[   54.5] $GPGSV,4,4,14,22,30,337,28,30,42,237,,1*6C
[   54.5] $GPRMC,055833.38,V,,,,,,,090926,,,N,V*00
[   55.5] $GPGGA,055834.38,,,,,0,,99.99,,M,,M,,*62
[   55.5] $GPGLL,,,,,055834.38,V,N*4E
[   55.5] $GPGSA,A,1,,,,,,,,,,,,,99.99,99.99,99.99,1*2D
[   55.5] $GPGSV,4,1,14,3,15,031,,4,26,103,43,5,-14,213,25,6,24,299,,1*4C
[   55.5] $GPGSV,4,2,14,7,37,174,,8,11,095,,9,42,143,49,11,14,263,,1*54
[   55.5] $GPGSV,4,3,14,14,52,340,33,15,-39,254,26,17,11,354,,21,19,217,,1*4C
[   55.5] $GPGSV,4,4,14,22,30,337,28,30,42,237,,1*6C
[   55.5] $GPRMC,055834.38,V,,,,,,,090926,,,N,V*07
[   56.6] $GPGGA,055835.38,,,,,0,,99.99,,M,,M,,*63
[   56.6] $GPGLL,,,,,055835.38,V,N*4F
[   56.6] $GPGSA,A,1,,,,,,,,,,,,,99.99,99.99,99.99,1*2D
[   56.6] $GPGSV,4,1,14,3,15,031,,4,26,103,43,5,-14,213,25,6,24,299,,1*4C
[   56.6] $GPGSV,4,2,14,7,37,174,,8,11,095,,9,42,143,49,11,14,263,,1*54
[   56.6] $GPGSV,4,3,14,14,52,340,33,15,-39,254,25,17,11,354,,21,19,217,,1*4F
[   56.6] $GPGSV,4,4,14,22,30,337,28,30,42,237,,1*6C
[   56.6] $GPRMC,055835.38,V,,,,,,,090926,,,N,V*06
[   57.6] $GPGGA,055836.38,,,,,0,,99.99,,M,,M,,*60
[   57.6] $GPGLL,,,,,055836.38,V,N*4C
[   57.6] $GPGSA,A,1,,,,,,,,,,,,,99.99,99.99,99.99,1*2D
[   57.6] $GPGSV,3,1,12,3,15,031,,4,26,103,43,6,24,299,,7,37,174,,1*66
[   57.6] $GPGSV,3,2,12,8,11,095,,9,42,143,49,11,14,263,,14,52,340,33,1*61
[   57.6] $GPGSV,3,3,12,17,11,354,,21,19,217,,22,30,337,28,30,42,237,,1*61
[   57.6] $GPRMC,055836.38,V,,,,,,,090926,,,N,V*05
[   58.1] $GPGGA,055837.38,,,,,0,,99.99,,M,,M,,*61
[   58.1] $GPGLL,,,,,055837.38,V,N*4D
[   58.7] $GPGSA,A,1,,,,,,,,,,,,,99.99,99.99,99.99,1*2D
[   58.7] $GPGSV,3,1,12,3,15,031,,4,26,103,43,6,24,299,,7,37,174,,1*66
[   58.7] $GPGSV,3,2,12,8,11,095,27,9,42,143,49,11,14,263,26,14,52,340,33,1*60
[   58.7] $GPGSV,3,3,12,17,11,354,,21,19,217,,22,30,337,29,30,42,237,,1*60
[   58.7] $GPRMC,055837.38,V,,,,,,,090926,,,N,V*04
[   59.2] $GPGGA,055838.38,,,,,0,,99.99,,M,,M,,*6E
[   59.2] $GPGLL,,,,,055838.38,V,N*42
[   59.2] $GPGSA,A,1,,,,,,,,,,,,,99.99,99.99,99.99,1*2D
[   59.2] $GPGSV,4,1,13,3,15,031,26,4,26,103,43,6,24,299,,7,37,174,,1*64
[   59.2] $GPGSV,4,2,13,8,11,095,25,9,42,143,49,11,14,263,,14,52,340,33,1*60
[   59.2] $GPGSV,4,3,13,15,-39,254,28,17,11,354,,21,19,217,,22,30,337,28,1*4E
[   59.2] $GPGSV,4,4,13,30,42,237,,1*55
[   59.2] $GPRMC,055838.38,V,,,,,,,090926,,,N,V*0B
[   60.2] $GPGGA,055839.38,,,,,0,,99.99,,M,,M,,*6F
[   60.2] $GPGLL,,,,,055839.38,V,N*43
[   60.2] $GPGSA,A,1,,,,,,,,,,,,,99.99,99.99,99.99,1*2D
[   60.2] $GPGSV,4,1,13,3,15,031,24,4,26,103,43,6,24,299,,7,37,174,,1*66
[   60.2] $GPGSV,4,2,13,8,11,095,25,9,42,143,49,11,14,263,,14,52,340,32,1*61
[   60.2] $GPGSV,4,3,13,15,-39,254,26,17,11,354,,21,19,217,,22,30,337,28,1*40
[   60.2] $GPGSV,4,4,13,30,42,237,,1*55
[   60.2] $GPRMC,055839.38,V,,,,,,,090926,,,N,V*0A
[   61.3] $GPGGA,055840.38,,,,,0,,99.99,,M,,M,,*61
[   61.3] $GPGLL,,,,,055840.38,V,N*4D
[   61.3] $GPGSA,A,1,,,,,,,,,,,,,99.99,99.99,99.99,1*2D
[   61.3] $GPGSV,4,1,13,3,15,031,24,4,26,103,43,6,24,299,,7,37,174,,1*66
[   61.3] $GPGSV,4,2,13,8,11,095,24,9,42,143,49,11,14,263,,14,52,340,32,1*60
[   61.3] $GPGSV,4,3,13,15,-39,254,25,17,11,354,,21,19,217,,22,30,337,29,1*42
[   61.3] $GPGSV,4,4,13,30,42,237,,1*55
[   61.3] $GPRMC,055840.38,V,,,,,,,090926,,,N,V*04
[   62.3] $GPGGA,055841.38,,,,,0,,99.99,,M,,M,,*60
[   62.3] $GPGLL,,,,,055841.38,V,N*4C
[   62.3] $GPGSA,A,1,,,,,,,,,,,,,99.99,99.99,99.99,1*2D
[   62.3] $GPGSV,4,1,13,3,15,031,25,4,26,103,43,6,24,299,,7,37,174,,1*67
[   62.3] $GPGSV,4,2,13,8,11,095,,9,42,143,49,11,14,263,,14,52,340,32,1*66
[   62.3] $GPGSV,4,3,13,15,-39,254,25,17,11,354,,21,19,217,,22,30,337,29,1*42
[   62.3] $GPGSV,4,4,13,30,42,237,,1*55
[   62.3] $GPRMC,055841.38,V,,,,,,,090926,,,N,V*05
[   63.4] $GPGGA,055842.38,,,,,0,,99.99,,M,,M,,*63
[   63.4] $GPGLL,,,,,055842.38,V,N*4F
[   63.4] $GPGSA,A,1,,,,,,,,,,,,,99.99,99.99,99.99,1*2D
[   63.4] $GPGSV,4,1,13,3,15,031,,4,26,103,43,6,24,299,27,7,37,174,,1*65
[   63.4] $GPGSV,4,2,13,8,11,095,,9,42,143,49,11,14,263,,14,52,340,32,1*66
[   63.4] $GPGSV,4,3,13,17,11,354,,21,19,217,,22,30,337,29,24,-27,308,29,1*4B
[   63.4] $GPGSV,4,4,13,30,42,237,,1*55
[   63.4] $GPRMC,055842.38,V,,,,,,,090926,,,N,V*06
[   64.4] $GPGGA,055843.38,,,,,0,,99.99,,M,,M,,*62
[   64.4] $GPGLL,,,,,055843.38,V,N*4E
[   64.4] $GPGSA,A,1,,,,,,,,,,,,,99.99,99.99,99.99,1*2D
[   64.4] $GPGSV,4,1,15,2,-15,052,27,3,15,031,,4,26,103,43,6,24,299,25,1*49
[   64.4] $GPGSV,4,2,15,7,37,174,,8,11,095,,9,42,143,49,11,14,263,,1*55
[   64.4] $GPGSV,4,3,15,14,52,340,32,15,-39,254,30,17,11,354,,21,19,217,,1*4B
[   64.4] $GPGSV,4,4,15,22,30,337,29,24,-27,308,25,30,42,237,,1*7E
[   64.4] $GPRMC,055843.38,V,,,,,,,090926,,,N,V*07
[   65.5] $GPGGA,055844.38,,,,,0,,99.99,,M,,M,,*65
[   65.5] $GPGLL,,,,,055844.38,V,N*49
[   65.5] $GPGSA,A,1,,,,,,,,,,,,,99.99,99.99,99.99,1*2D
[   65.5] $GPGSV,2,1,8,2,,,25,4,,,43,6,,,24,9,,,49,1*5D
[   65.5] $GPGSV,2,2,8,14,,,32,15,,,26,22,,,29,24,,,24,1*53
[   65.5] $GPRMC,055844.38,V,,,,,,,090926,,,N,V*00
[   66.5] $GPGGA,055845.38,,,,,0,,99.99,,M,,M,,*64
[   66.5] $GPGLL,,,,,055845.38,V,N*48
[   66.5] $GPGSA,A,1,,,,,,,,,,,,,99.99,99.99,99.99,1*2D
[   66.5] $GPGSV,2,1,8,2,,,24,4,,,42,6,,,25,9,,,48,1*5D
[   66.5] $GPGSV,2,2,8,14,,,32,15,,,25,22,,,29,24,,,24,1*50
[   66.5] $GPRMC,055845.38,V,,,,,,,090926,,,N,V*01
[   67.6] $GPGGA,055846.38,,,,,0,,99.99,,M,,M,,*67
[   67.6] $GPGLL,,,,,055846.38,V,N*4B
[   67.6] $GPGSA,A,1,,,,,,,,,,,,,99.99,99.99,99.99,1*2D
[   67.6] $GPGSV,1,1,4,4,,,43,9,,,48,14,,,32,22,,,29,1*59
[   67.6] $GPRMC,055846.38,V,,,,,,,090926,,,N,V*02
[   68.6] $GPGGA,055847.38,,,,,0,,99.99,,M,,M,,*66
[   68.6] $GPGLL,,,,,055847.38,V,N*4A
[   68.6] $GPGSA,A,1,,,,,,,,,,,,,99.99,99.99,99.99,1*2D
[   68.6] $GPGSV,2,1,5,4,,,42,9,,,49,14,,,32,19,,,32,1*59
[   68.6] $GPGSV,2,2,5,22,,,29,1*5A
[   68.6] $GPRMC,055847.38,V,,,,,,,090926,,,N,V*03
[   69.6] $GPGGA,055848.38,,,,,0,02,99.99,,M,,M,,*6B
[   69.6] $GPGLL,,,,,055848.38,V,N*45
[   69.6] $GPGSA,A,1,,,,,,,,,,,,,99.99,99.99,99.99,1*2D
[   69.6] $GPGSV,2,1,6,4,,,42,8,,,26,9,,,49,14,,,32,1*6F
[   69.6] $GPGSV,2,2,6,19,,,25,22,,,29,1*56
[   69.6] $GPRMC,055848.38,V,,,,,,,090926,,,N,V*0C
[   70.2] $GPGGA,055849.38,,,,,0,02,99.99,,M,,M,,*6A
[   70.2] $GPGLL,,,,,055849.38,V,N*44
[   70.2] $GPGSA,A,1,,,,,,,,,,,,,99.99,99.99,99.99,1*2D
[   70.2] $GPGSV,1,1,4,4,,,42,9,,,49,14,,,32,22,,,29,1*59
[   70.2] $GPRMC,055849.38,V,,,,,,,090926,,,N,V*0D
[   71.2] $GPGGA,055850.38,,,,,0,02,99.99,,M,,M,,*62
[   71.2] $GPGLL,,,,,055850.38,V,N*4C
[   71.2] $GPGSA,A,1,,,,,,,,,,,,,99.99,99.99,99.99,1*2D
[   71.2] $GPGSV,1,1,4,4,,,42,9,,,49,14,,,32,22,,,29,1*59
[   71.2] $GPRMC,055850.38,V,,,,,,,090926,,,N,V*05
[   72.3] $GPGGA,055851.38,,,,,0,02,99.99,,M,,M,,*63
[   72.3] $GPGLL,,,,,055851.38,V,N*4D
[   72.3] $GPGSA,A,1,,,,,,,,,,,,,99.99,99.99,99.99,1*2D
[   72.3] $GPGSV,2,1,6,4,,,42,8,,,26,9,,,49,14,,,32,1*6F
[   72.3] $GPGSV,2,2,6,22,,,29,31,,,25,1*5C
[   72.3] $GPRMC,055851.38,V,,,,,,,090926,,,N,V*04
[   73.3] $GPGGA,055852.38,,,,,0,02,99.99,,M,,M,,*60
[   73.3] $GPGLL,,,,,055852.38,V,N*4E
[   73.3] $GPGSA,A,1,,,,,,,,,,,,,99.99,99.99,99.99,1*2D
[   73.3] $GPGSV,2,1,6,4,,,42,8,,,25,9,,,49,14,,,32,1*6C
[   73.3] $GPGSV,2,2,6,22,,,29,31,,,25,1*5C
[   73.3] $GPRMC,055852.38,V,,,,,,,090926,,,N,V*07
[   74.4] $GPGGA,055853.38,,,,,0,02,99.99,,M,,M,,*61
[   74.4] $GPGLL,,,,,055853.38,V,N*4F
[   74.4] $GPGSA,A,1,,,,,,,,,,,,,99.99,99.99,99.99,1*2D
[   74.4] $GPGSV,2,1,7,4,,,42,8,,,25,9,,,48,14,,,32,1*6C
[   74.4] $GPGSV,2,2,7,15,,,28,22,,,30,31,,,25,1*5B
[   74.4] $GPRMC,055853.38,V,,,,,,,090926,,,N,V*06
[   74.9] $GPGGA,055853.70,,,,,0,02,99.99,,M,,M,,*6D
[   74.9] $GPGLL,,,,,055853.70,V,N*43
[   74.9] $GPGSA,A,1,,,,,,,,,,,,,99.99,99.99,99.99,1*2D
[   74.9] $GPGSV,2,1,6,4,,,42,9,,,48,14,,,32,15,,,27,1*53
[   74.9] $GPGSV,2,2,6,22,,,30,31,,,25,1*54
[   74.9] $GPRMC,055853.70,V,,,,,,,090926,,,N,V*0A
[   75.9] $GPGGA,055855.10,3001.74968,S,05112.75582,W,1,04,5.06,29.17,M,,M,,*42
[   75.9] $GPGLL,3001.74968,S,05112.75582,W,055855.10,A,A*63
[   75.9] $GPGSA,A,3,04,09,14,22,,,,,,,,,7.07,5.06,4.93,1*1A
[   75.9] $GPGSV,4,1,13,4,29,085,42,5,00,214,,6,11,308,,7,61,172,30,1*6F
[   75.9] $GPGSV,4,2,13,8,13,085,32,9,59,114,48,11,13,273,,14,30,345,33,1*6B
[   75.9] $GPGSV,4,3,13,16,02,144,,21,34,229,,22,10,340,29,27,05,118,,1*6D
[   75.9] $GPGSV,4,4,13,30,48,263,,1*5E
[   75.9] $GPRMC,055855.10,A,3001.74968,S,05112.75582,W,0.11,0.00,090926,,,A,V*2A
[   75.9] [00:01:15.508,239] <inf> gnss_sample: Time to fix: 70.4 s
[   75.9] [00:01:15.514,038] <inf> gnss_sample: Sleeping for 120 s
[  195.6] [00:03:15.417,236] <inf> gnss_sample: Deleting GNSS data
[  195.6] [00:03:15.429,718] <inf> gnss_sample: Assistance data needed: data_flags: 0x3f
[  195.6] [00:03:15.437,347] <inf> gnss_sample: Assistance data needed: GPS ephe: 0xffffffff, alm: 0xffffffff
[  195.6] [00:03:15.446,777] <inf> gnss_sample: Connecting to LTE network
[  197.2] +CEREG: 2,"C577","0AAEEA15",7
[  197.2] +CSCON: 1
[  197.7] +CEREG: 1,"C577","0AAEEA15",7,,,"00000011","00101000"
[  197.7] [00:03:17.167,175] <inf> gnss_sample: Connected to LTE network
[  198.7] [00:03:18.176,757] <inf> gnss_sample: Injected time (GPS day 17048, GPS time of day 21675)
[  198.7] [00:03:18.186,859] <inf> gnss_sample: Injected location for MCC 724
[  198.7] +CEREG: 0
[  198.7] +CSCON: 0
[  198.7] [00:03:18.507,446] <inf> gnss_sample: LTE disconnected
[  198.7] [00:03:18.512,969] <inf> gnss_sample: Starting GNSS
[  198.7] $GPGGA,060057.38,,,,,0,,99.99,,M,,M,,*69
[  198.7] $GPGLL,,,,,060057.38,V,N*45
[  198.7] $GPGSA,A,1,,,,,,,,,,,,,99.99,99.99,99.99,1*2D
[  198.7] $GPGSV,3,1,12,3,13,031,,4,26,101,,6,24,300,,7,36,173,,1*62
[  198.7] $GPGSV,3,2,12,8,11,096,,9,43,141,,11,14,265,,14,53,340,,1*6B
[  198.7] $GPGSV,3,3,12,17,12,355,,21,20,217,,22,32,337,,30,42,235,,1*63
[  198.7] $GPRMC,060057.38,V,,,,,,,090926,,,N,V*0C
[  199.8] $GPGGA,060058.37,,,,,0,,99.99,,M,,M,,*69
[  199.8] $GPGLL,,,,,060058.37,V,N*45
[  199.8] $GPGSA,A,1,,,,,,,,,,,,,99.99,99.99,99.99,1*2D
[  199.8] $GPGSV,3,1,12,3,13,031,,4,26,101,44,6,24,300,,7,36,173,,1*62
[  199.8] $GPGSV,3,2,12,8,11,096,,9,43,141,51,11,14,265,,14,53,340,,1*6F
[  199.8] $GPGSV,3,3,12,17,12,355,,21,20,217,,22,32,337,,30,42,235,,1*63
[  199.8] $GPRMC,060058.37,V,,,,,,,090926,,,N,V*0C
[  200.9] $GPGGA,060059.37,,,,,0,,99.99,,M,,M,,*68
[  200.9] $GPGLL,,,,,060059.37,V,N*44
[  200.9] $GPGSA,A,1,,,,,,,,,,,,,99.99,99.99,99.99,1*2D
[  200.9] $GPGSV,4,1,13,3,13,031,,4,26,101,39,6,24,300,,7,36,173,,1*6E
[  200.9] $GPGSV,4,2,13,8,11,096,,9,43,141,51,11,14,265,,14,53,340,32,1*68
[  200.9] $GPGSV,4,3,13,17,12,355,,21,20,217,,22,32,337,,27,-6,123,27,1*7F
[  200.9] $GPGSV,4,4,13,30,42,235,,1*57
[  200.9] $GPRMC,060059.37,V,,,,,,,090926,,,N,V*0D
[  201.9] $GPGGA,060100.37,,,,,0,,99.99,,M,,M,,*65
[  201.9] $GPGLL,,,,,060100.37,V,N*49
[  201.9] $GPGSA,A,1,,,,,,,,,,,,,99.99,99.99,99.99,1*2D
[  201.9] $GPGSV,4,1,13,3,13,031,,4,26,101,40,6,24,300,,7,36,173,,1*60
[  201.9] $GPGSV,4,2,13,8,11,096,,9,43,141,50,11,14,265,,14,53,340,33,1*68
[  201.9] $GPGSV,4,3,13,17,12,355,,21,20,217,,22,32,337,,27,-6,123,25,1*7D
[  201.9] $GPGSV,4,4,13,30,42,235,,1*57
[  201.9] $GPRMC,060100.37,V,,,,,,,090926,,,N,V*00
[  203.0] $GPGGA,060101.37,,,,,0,,99.99,,M,,M,,*64
[  203.0] $GPGLL,,,,,060101.37,V,N*48
[  203.0] $GPGSA,A,1,,,,,,,,,,,,,99.99,99.99,99.99,1*2D
[  203.0] $GPGSV,4,1,13,3,13,031,,4,26,101,40,6,24,300,,7,36,173,,1*60
[  203.0] $GPGSV,4,2,13,8,11,096,,9,43,141,50,11,14,265,,14,53,340,34,1*6F
[  203.0] $GPGSV,4,3,13,17,12,355,,21,20,217,,22,32,337,,27,-6,123,25,1*7D
[  203.0] $GPGSV,4,4,13,30,42,235,,1*57
[  203.0] $GPRMC,060101.37,V,,,,,,,090926,,,N,V*01
[  204.0] $GPGGA,060102.37,,,,,0,,99.99,,M,,M,,*67
[  204.0] $GPGLL,,,,,060102.37,V,N*4B
[  204.0] $GPGSA,A,1,,,,,,,,,,,,,99.99,99.99,99.99,1*2D
[  204.0] $GPGSV,4,1,14,3,13,031,,4,26,101,40,6,24,300,,7,36,173,,1*67
[  204.0] $GPGSV,4,2,14,8,11,096,,9,43,141,49,11,14,265,,14,53,340,34,1*60
[  204.0] $GPGSV,4,3,14,16,-14,146,27,17,12,355,,21,20,217,,22,32,337,,1*4A
[  204.0] $GPGSV,4,4,14,27,-6,123,24,30,42,235,,1*78
[  204.0] $GPRMC,060102.37,V,,,,,,,090926,,,N,V*02
[  205.1] $GPGGA,060103.37,,,,,0,,99.99,,M,,M,,*66
[  205.1] $GPGLL,,,,,060103.37,V,N*4A
[  205.1] $GPGSA,A,1,,,,,,,,,,,,,99.99,99.99,99.99,1*2D
[  205.1] $GPGSV,4,1,14,3,13,031,,4,26,101,40,6,24,300,,7,36,173,,1*67
[  205.1] $GPGSV,4,2,14,8,11,096,,9,43,141,50,11,14,265,,14,53,340,34,1*68
[  205.1] $GPGSV,4,3,14,16,-14,146,25,17,12,355,,21,20,217,,22,32,337,,1*48
[  205.1] $GPGSV,4,4,14,27,-6,123,24,30,42,235,,1*78
[  205.1] $GPRMC,060103.37,V,,,,,,,090926,,,N,V*03
[  206.1] $GPGGA,060104.37,,,,,0,,99.99,,M,,M,,*61
[  206.1] $GPGLL,,,,,060104.37,V,N*4D
[  206.1] $GPGSA,A,1,,,,,,,,,,,,,99.99,99.99,99.99,1*2D
[  206.1] $GPGSV,4,1,14,3,13,031,,4,26,101,40,6,24,300,,7,36,173,,1*67
[  206.1] $GPGSV,4,2,14,8,11,096,,9,43,141,50,11,14,265,,14,53,340,34,1*68
[  206.1] $GPGSV,4,3,14,16,-14,146,24,17,12,355,,21,20,217,,22,32,337,,1*49
[  206.1] $GPGSV,4,4,14,27,-6,123,25,30,42,235,,1*79
[  206.1] $GPRMC,060104.37,V,,,,,,,090926,,,N,V*04
[  207.2] $GPGGA,060105.37,,,,,0,,99.99,,M,,M,,*60
[  207.2] $GPGLL,,,,,060105.37,V,N*4C
[  207.2] $GPGSA,A,1,,,,,,,,,,,,,99.99,99.99,99.99,1*2D
[  207.2] $GPGSV,4,1,14,3,13,031,,4,26,101,40,6,24,300,,7,36,173,,1*67
[  207.2] $GPGSV,4,2,14,8,11,096,,9,43,141,49,11,14,265,,14,53,340,34,1*60
[  207.2] $GPGSV,4,3,14,16,-14,146,24,17,12,355,,21,20,217,,22,32,337,,1*49
[  207.2] $GPGSV,4,4,14,27,-6,123,25,30,42,235,,1*79
[  207.2] $GPRMC,060105.37,V,,,,,,,090926,,,N,V*05
[  207.7] $GPGGA,060106.37,,,,,0,,99.99,,M,,M,,*63
[  207.7] $GPGLL,,,,,060106.37,V,N*4F
[  207.7] $GPGSA,A,1,,,,,,,,,,,,,99.99,99.99,99.99,1*2D
[  207.7] $GPGSV,4,1,14,3,13,031,,4,26,101,40,6,24,300,,7,36,173,,1*67
[  207.7] $GPGSV,4,2,14,8,11,096,,9,43,141,49,11,14,265,,14,53,340,34,1*60
[  208.2] $GPGSV,4,3,14,16,-14,146,28,17,12,355,,21,20,217,,22,32,337,,1*45
[  208.2] $GPGSV,4,4,14,27,-6,123,25,30,42,235,,1*79
[  208.2] $GPRMC,060106.37,V,,,,,,,090926,,,N,V*06
[  208.7] $GPGGA,060107.37,,,,,0,,99.99,,M,,M,,*62
[  208.7] $GPGLL,,,,,060107.37,V,N*4E
[  208.7] $GPGSA,A,1,,,,,,,,,,,,,99.99,99.99,99.99,1*2D
[  208.7] $GPGSV,4,1,13,3,13,031,,4,26,101,40,6,24,300,,7,36,173,25,1*67
[  208.7] $GPGSV,4,2,13,8,11,096,,9,43,141,50,11,14,265,,14,53,340,34,1*6F
[  208.7] $GPGSV,4,3,13,16,-14,146,25,17,12,355,,21,20,217,,22,32,337,,1*4F
[  208.7] $GPGSV,4,4,13,30,42,235,,1*57
[  208.7] $GPRMC,060107.37,V,,,,,,,090926,,,N,V*07
[  209.8] $GPGGA,060108.37,,,,,0,,99.99,,M,,M,,*6D
[  209.8] $GPGLL,,,,,060108.37,V,N*41
[  209.8] $GPGSA,A,1,,,,,,,,,,,,,99.99,99.99,99.99,1*2D
[  209.8] $GPGSV,4,1,15,1,-7,036,27,2,-15,053,29,3,13,031,,4,26,101,40,1*5F
[  209.8] $GPGSV,4,2,15,6,24,300,,7,36,173,25,8,11,096,,9,43,141,49,1*65
[  209.8] $GPGSV,4,3,15,11,14,265,,14,53,340,34,16,-14,146,25,17,12,355,,1*4D
[  209.8] $GPGSV,4,4,15,21,20,217,,22,32,337,,30,42,235,,1*52
[  209.8] $GPRMC,060108.37,V,,,,,,,090926,,,N,V*08
[  210.8] $GPGGA,060109.37,,,,,0,,99.99,,M,,M,,*6C
[  210.8] $GPGLL,,,,,060109.37,V,N*40
[  210.8] $GPGSA,A,1,,,,,,,,,,,,,99.99,99.99,99.99,1*2D
[  210.8] $GPGSV,4,1,16,2,-15,053,27,3,13,031,,4,26,101,40,5,-13,213,25,1*64
[  210.8] $GPGSV,4,2,16,6,24,300,,7,36,173,24,8,11,096,,9,43,141,49,1*67
[  210.8] $GPGSV,4,3,16,11,14,265,,14,53,340,34,16,-14,146,25,17,12,355,,1*4E
[  210.8] $GPGSV,4,4,16,18,-40,177,32,21,20,217,,22,32,337,,30,42,235,,1*41
[  210.8] $GPRMC,060109.37,V,,,,,,,090926,,,N,V*09
[  211.9] $GPGGA,060110.37,,,,,0,,99.99,,M,,M,,*64
[  211.9] $GPGLL,,,,,060110.37,V,N*48
[  211.9] $GPGSA,A,1,,,,,,,,,,,,,99.99,99.99,99.99,1*2D
[  211.9] $GPGSV,4,1,14,3,13,031,,4,26,101,40,5,-13,213,24,6,24,300,,1*4C
[  211.9] $GPGSV,4,2,14,7,36,173,25,8,11,096,,9,43,141,49,11,14,265,,1*53
[  211.9] $GPGSV,4,3,14,14,53,340,34,17,12,355,33,18,-40,177,28,21,20,217,,1*4D
[  211.9] $GPGSV,4,4,14,22,32,337,,30,42,235,,1*66
[  211.9] $GPRMC,060110.37,V,,,,,,,090926,,,N,V*01
[  212.9] $GPGGA,060111.37,,,,,0,,99.99,,M,,M,,*65
[  212.9] $GPGLL,,,,,060111.37,V,N*49
[  212.9] $GPGSA,A,1,,,,,,,,,,,,,99.99,99.99,99.99,1*2D
[  212.9] $GPGSV,4,1,13,3,13,031,,4,26,101,40,5,-13,213,24,6,24,300,,1*4B
[  212.9] $GPGSV,4,2,13,7,36,173,,8,11,096,,9,43,141,49,11,14,265,,1*53
[  212.9] $GPGSV,4,3,13,14,53,340,33,17,12,355,25,21,20,217,,22,32,337,,1*67
[  212.9] $GPGSV,4,4,13,30,42,235,,1*57
[  212.9] $GPRMC,060111.37,V,,,,,,,090926,,,N,V*00
[  214.0] $GPGGA,060112.37,,,,,0,,99.99,,M,,M,,*66
[  214.0] $GPGLL,,,,,060112.37,V,N*4A
[  214.0] $GPGSA,A,1,,,,,,,,,,,,,99.99,99.99,99.99,1*2D
[  214.0] $GPGSV,4,1,13,3,13,031,,4,26,101,40,5,-13,213,25,6,24,300,,1*4A
[  214.0] $GPGSV,4,2,13,7,36,173,,8,11,096,,9,43,141,49,11,14,265,,1*53
[  214.0] $GPGSV,4,3,13,14,53,340,34,17,12,355,25,21,20,217,,22,32,337,,1*60
[  214.0] $GPGSV,4,4,13,30,42,235,,1*57
[  214.0] $GPRMC,060112.37,V,,,,,,,090926,,,N,V*03
[  215.0] $GPGGA,060113.37,,,,,0,,99.99,,M,,M,,*67
[  215.0] $GPGLL,,,,,060113.37,V,N*4B
[  215.0] $GPGSA,A,1,,,,,,,,,,,,,99.99,99.99,99.99,1*2D
[  215.0] $GPGSV,3,1,12,3,13,031,,4,26,101,40,6,24,300,,7,36,173,,1*66
[  215.0] $GPGSV,3,2,12,8,11,096,,9,43,141,49,11,14,265,,14,53,340,34,1*61
[  215.0] $GPGSV,3,3,12,17,12,355,24,21,20,217,,22,32,337,,30,42,235,,1*65
[  215.0] $GPRMC,060113.37,V,,,,,,,090926,,,N,V*02
[  216.1] $GPGGA,060114.37,,,,,0,,99.99,,M,,M,,*60
[  216.1] $GPGLL,,,,,060114.37,V,N*4C
[  216.1] $GPGSA,A,1,,,,,,,,,,,,,99.99,99.99,99.99,1*2D
[  216.1] $GPGSV,4,1,13,3,13,031,,4,26,101,40,6,24,300,,7,36,173,,1*60
[  216.1] $GPGSV,4,2,13,8,11,096,,9,43,141,49,11,14,265,,14,53,340,34,1*67
[  216.1] $GPGSV,4,3,13,17,12,355,,19,-2,325,30,21,20,217,,22,32,337,,1*74
[  216.1] $GPGSV,4,4,13,30,42,235,,1*57
[  216.1] $GPRMC,060114.37,V,,,,,,,090926,,,N,V*05
[  217.1] $GPGGA,060115.37,,,,,0,,99.99,,M,,M,,*61
[  217.1] $GPGLL,,,,,060115.37,V,N*4D
[  217.1] $GPGSA,A,1,,,,,,,,,,,,,99.99,99.99,99.99,1*2D
[  217.1] $GPGSV,4,1,14,3,13,031,,4,26,101,40,6,24,300,,7,36,173,,1*67
[  217.1] $GPGSV,4,2,14,8,11,096,27,9,43,141,50,11,14,265,27,14,53,340,33,1*6F
[  217.1] $GPGSV,4,3,14,15,-38,252,30,17,12,355,,19,-2,325,25,21,20,217,,1*55
[  217.1] $GPGSV,4,4,14,22,32,337,,30,42,235,,1*66
[  217.1] $GPRMC,060115.37,V,,,,,,,090926,,,N,V*04
[  218.2] $GPGGA,060116.37,,,,,0,,99.99,,M,,M,,*62
[  218.2] $GPGLL,,,,,060116.37,V,N*4E
[  218.2] $GPGSA,A,1,,,,,,,,,,,,,99.99,99.99,99.99,1*2D
[  218.2] $GPGSV,4,1,14,3,13,031,,4,26,101,40,6,24,300,,7,36,173,,1*67
[  218.2] $GPGSV,4,2,14,8,11,096,25,9,43,141,49,11,14,265,25,14,53,340,33,1*67
[  218.2] $GPGSV,4,3,14,15,-38,252,27,17,12,355,,19,-2,325,24,21,20,217,,1*52
[  218.2] $GPGSV,4,4,14,22,32,337,,30,42,235,,1*66
[  218.2] $GPRMC,060116.37,V,,,,,,,090926,,,N,V*07
[  218.7] $GPGGA,060117.37,,,,,0,,99.99,,M,,M,,*63
[  218.7] $GPGLL,,,,,060117.37,V,N*4F
[  218.7] $GPGSA,A,1,,,,,,,,,,,,,99.99,99.99,99.99,1*2D
[  218.7] $GPGSV,4,1,13,3,13,031,,4,26,101,40,6,24,300,,7,36,173,,1*60
[  218.7] $GPGSV,4,2,13,8,11,096,,9,43,141,49,11,14,265,25,14,53,340,33,1*67
[  218.7] $GPGSV,4,3,13,17,12,355,,19,-2,325,24,21,20,217,,22,32,337,,1*71
[  218.7] $GPGSV,4,4,13,30,42,235,,1*57
[  219.2] $GPRMC,060117.37,V,,,,,,,090926,,,N,V*06
[  219.7] $GPGGA,060118.37,,,,,0,,99.99,,M,,M,,*6C
[  219.7] $GPGLL,,,,,060118.37,V,N*40
[  219.7] $GPGSA,A,1,,,,,,,,,,,,,99.99,99.99,99.99,1*2D
[  219.7] $GPGSV,3,1,12,3,13,031,,4,26,101,40,6,24,300,,7,36,173,,1*66
[  219.7] $GPGSV,3,2,12,8,11,096,,9,43,141,50,11,14,265,24,14,53,340,33,1*68
[  219.7] $GPGSV,3,3,12,17,12,355,,21,20,217,,22,32,337,,30,42,235,,1*63
[  219.7] $GPRMC,060118.37,V,,,,,,,090926,,,N,V*09
[  220.8] $GPGGA,060119.37,,,,,0,,99.99,,M,,M,,*6D
[  220.8] $GPGLL,,,,,060119.37,V,N*41
[  220.8] $GPGSA,A,1,,,,,,,,,,,,,99.99,99.99,99.99,1*2D
[  220.8] $GPGSV,3,1,12,3,13,031,,4,26,101,40,6,24,300,,7,36,173,,1*66
[  220.8] $GPGSV,3,2,12,8,11,096,,9,43,141,50,11,14,265,,14,53,340,33,1*6E
[  220.8] $GPGSV,3,3,12,17,12,355,,21,20,217,,22,32,337,,30,42,235,,1*63
[  220.8] $GPRMC,060119.37,V,,,,,,,090926,,,N,V*08
[  221.9] $GPGGA,060120.37,,,,,0,,99.99,,M,,M,,*67
[  221.9] $GPGLL,,,,,060120.37,V,N*4B
[  221.9] $GPGSA,A,1,,,,,,,,,,,,,99.99,99.99,99.99,1*2D
[  221.9] $GPGSV,4,1,13,3,13,031,,4,26,101,40,6,24,300,,7,36,173,,1*60
[  221.9] $GPGSV,4,2,13,8,11,096,28,9,43,141,50,11,14,265,,14,53,340,33,1*62
[  221.9] $GPGSV,4,3,13,15,-38,252,29,17,12,355,,21,20,217,,22,32,337,,1*48
[  221.9] $GPGSV,4,4,13,30,42,235,,1*57
[  221.9] $GPRMC,060120.37,V,,,,,,,090926,,,N,V*02
[  222.9] $GPGGA,060121.37,,,,,0,,99.99,,M,,M,,*66
[  222.9] $GPGLL,,,,,060121.37,V,N*4A
[  222.9] $GPGSA,A,1,,,,,,,,,,,,,99.99,99.99,99.99,1*2D
[  222.9] $GPGSV,4,1,13,3,13,031,,4,26,101,40,6,24,300,,7,36,173,,1*60
[  222.9] $GPGSV,4,2,13,8,11,096,22,9,43,141,49,11,14,265,26,14,53,340,33,1*64
[  222.9] $GPGSV,4,3,13,15,-38,252,25,17,12,355,,21,20,217,,22,32,337,,1*44
[  222.9] $GPGSV,4,4,13,30,42,235,,1*57
[  222.9] $GPRMC,060121.37,V,,,,,,,090926,,,N,V*03
[  223.9] $GPGGA,060122.37,,,,,0,,99.99,,M,,M,,*65
[  223.9] $GPGLL,,,,,060122.37,V,N*49
[  223.9] $GPGSA,A,1,,,,,,,,,,,,,99.99,99.99,99.99,1*2D
[  223.9] $GPGSV,4,1,13,3,13,031,,4,26,101,40,6,24,300,,7,36,173,,1*60
[  223.9] $GPGSV,4,2,13,8,11,096,14,9,43,141,50,11,14,265,25,14,53,340,33,1*6A
[  223.9] $GPGSV,4,3,13,15,-38,252,24,17,12,355,,21,20,217,,22,32,337,,1*45
[  223.9] $GPGSV,4,4,13,30,42,235,,1*57
[  223.9] $GPRMC,060122.37,V,,,,,,,090926,,,N,V*00
[  225.0] $GPGGA,060123.37,,,,,0,,99.99,,M,,M,,*64
[  225.0] $GPGLL,,,,,060123.37,V,N*48
[  225.0] $GPGSA,A,1,,,,,,,,,,,,,99.99,99.99,99.99,1*2D
[  225.0] $GPGSV,4,1,14,2,-15,053,29,3,13,031,,4,26,101,39,6,24,300,,1*48
[  225.0] $GPGSV,4,2,14,7,36,173,,8,11,096,14,9,43,141,50,11,14,265,25,1*5E
[  225.0] $GPGSV,4,3,14,14,53,340,33,15,-38,252,24,17,12,355,,21,20,217,,1*40
[  225.0] $GPGSV,4,4,14,22,32,337,,30,42,235,,1*66
[  225.0] $GPRMC,060123.37,V,,,,,,,090926,,,N,V*01
[  226.0] $GPGGA,060124.37,,,,,0,,99.99,,M,,M,,*63
[  226.0] $GPGLL,,,,,060124.37,V,N*4F
[  226.0] $GPGSA,A,1,,,,,,,,,,,,,99.99,99.99,99.99,1*2D
[  226.0] $GPGSV,4,1,13,2,-15,053,26,3,13,031,,4,26,101,40,6,24,300,,1*4E
[  226.0] $GPGSV,4,2,13,7,36,173,,8,11,096,,9,43,141,49,11,14,265,25,1*54
[  226.0] $GPGSV,4,3,13,14,53,340,32,17,12,355,,21,20,217,,22,32,337,,1*61
[  226.0] $GPGSV,4,4,13,30,42,235,,1*57
[  226.0] $GPRMC,060124.37,V,,,,,,,090926,,,N,V*06
[  227.1] $GPGGA,060125.37,,,,,0,,99.99,,M,,M,,*62
[  227.1] $GPGLL,,,,,060125.37,V,N*4E
[  227.1] $GPGSA,A,1,,,,,,,,,,,,,99.99,99.99,99.99,1*2D
[  227.1] $GPGSV,4,1,14,2,-15,053,25,3,13,031,,4,26,101,39,6,24,300,,1*44
[  227.1] $GPGSV,4,2,14,7,36,173,,8,11,096,,9,43,141,49,11,14,265,,1*54
[  227.1] $GPGSV,4,3,14,14,53,340,32,15,-38,252,29,17,12,355,,21,20,217,,1*4C
[  227.1] $GPGSV,4,4,14,22,32,337,,30,42,235,,1*66
[  227.1] $GPRMC,060125.37,V,,,,,,,090926,,,N,V*07
[  228.1] $GPGGA,060126.37,,,,,0,,99.99,,M,,M,,*61
[  228.1] $GPGLL,,,,,060126.37,V,N*4D
[  228.1] $GPGSA,A,1,,,,,,,,,,,,,99.99,99.99,99.99,1*2D
[  228.1] $GPGSV,4,1,14,2,-15,053,25,3,13,031,,4,26,101,39,6,24,300,,1*44
[  228.1] $GPGSV,4,2,14,7,36,173,,8,11,096,,9,43,141,49,11,14,265,28,1*5E
[  228.1] $GPGSV,4,3,14,14,53,340,32,15,-38,252,25,17,12,355,26,21,20,217,,1*44
[  228.1] $GPGSV,4,4,14,22,32,337,,30,42,235,,1*66
[  228.1] $GPRMC,060126.37,V,,,,,,,090926,,,N,V*04
[  229.1] $GPGGA,060127.37,,,,,0,,99.99,,M,,M,,*60
[  229.1] $GPGLL,,,,,060127.37,V,N*4C
[  229.1] $GPGSA,A,1,,,,,,,,,,,,,99.99,99.99,99.99,1*2D
[  229.1] $GPGSV,4,1,13,3,13,031,,4,26,101,39,6,24,300,,7,36,173,,1*6E
[  229.1] $GPGSV,4,2,13,8,11,096,,9,43,141,49,11,14,265,26,14,53,340,32,1*65
[  229.1] $GPGSV,4,3,13,15,-38,252,25,17,12,355,25,21,20,217,,22,32,337,29,1*48
[  229.1] $GPGSV,4,4,13,30,42,235,,1*57
[  229.1] $GPRMC,060127.37,V,,,,,,,090926,,,N,V*05
[  230.2] $GPGGA,060128.37,,,,,0,,99.99,,M,,M,,*6F
[  230.2] $GPGLL,,,,,060128.37,V,N*43
[  230.2] $GPGSA,A,1,,,,,,,,,,,,,99.99,99.99,99.99,1*2D
[  230.2] $GPGSV,4,1,14,3,13,031,,4,26,101,39,6,24,300,,7,36,173,,1*69
[  230.2] $GPGSV,4,2,14,8,11,096,,9,43,141,49,11,14,265,25,14,53,340,32,1*61
[  230.2] $GPGSV,4,3,14,15,-38,252,25,17,12,355,24,21,20,217,,22,32,337,29,1*4E
[  230.2] $GPGSV,4,4,14,29,-42,217,27,30,42,235,,1*41
[  230.2] $GPRMC,060128.37,V,,,,,,,090926,,,N,V*0A
[  230.7] $GPGGA,060129.37,,,,,0,03,99.99,,M,,M,,*6D
[  230.7] $GPGLL,,,,,060129.37,V,N*42
[  230.7] $GPGSA,A,1,,,,,,,,,,,,,99.99,99.99,99.99,1*2D
[  230.7] $GPGSV,4,1,13,3,13,031,,4,25,100,39,6,24,301,,7,36,173,,1*6D
[  230.7] $GPGSV,4,2,13,8,11,097,,9,43,138,49,11,14,265,,14,53,340,32,1*6E
[  230.7] $GPGSV,4,3,13,17,12,356,25,21,21,218,,22,32,337,30,29,-42,217,25,1*4E
[  231.2] $GPGSV,4,4,13,30,42,234,,1*56
[  231.2] $GPRMC,060129.37,V,,,,,,,090926,,,N,V*0B
[  231.8] $GPGGA,060130.37,,,,,0,03,99.99,,M,,M,,*65
[  231.8] $GPGLL,,,,,060130.37,V,N*4A
[  231.8] $GPGSA,A,1,,,,,,,,,,,,,99.99,99.99,99.99,1*2D
[  231.8] $GPGSV,4,1,13,3,13,031,,4,25,100,39,6,24,301,,7,36,173,,1*6D
[  231.8] $GPGSV,4,2,13,8,11,097,28,9,43,138,49,11,14,265,29,14,53,340,31,1*6C
[  231.8] $GPGSV,4,3,13,17,12,356,,21,21,218,,22,32,337,30,29,-42,217,25,1*49
[  231.8] $GPGSV,4,4,13,30,42,234,,1*56
[  231.8] $GPRMC,060130.37,V,,,,,,,090926,,,N,V*03
[  232.8] $GPGGA,060131.37,,,,,0,03,99.99,,M,,M,,*64
[  232.8] $GPGLL,,,,,060131.37,V,N*4B
[  232.8] $GPGSA,A,1,,,,,,,,,,,,,99.99,99.99,99.99,1*2D
[  232.8] $GPGSV,4,1,14,3,13,031,,4,25,100,40,6,24,301,,7,36,173,,1*64
[  232.8] $GPGSV,4,2,14,8,11,097,,9,43,138,49,11,14,265,,14,53,340,31,1*6A
[  232.8] $GPGSV,4,3,14,17,12,356,,21,21,218,,22,32,337,30,26,-35,144,27,1*46
[  232.8] $GPGSV,4,4,14,29,-42,217,25,30,42,234,,1*42
[  232.8] $GPRMC,060131.37,V,,,,,,,090926,,,N,V*02
[  233.9] $GPGGA,060132.37,,,,,0,03,99.99,,M,,M,,*67
[  233.9] $GPGLL,,,,,060132.37,V,N*48
[  233.9] $GPGSA,A,1,,,,,,,,,,,,,99.99,99.99,99.99,1*2D
[  233.9] $GPGSV,4,1,14,3,13,031,,4,25,100,40,6,24,301,,7,36,173,,1*64
[  233.9] $GPGSV,4,2,14,8,11,097,,9,43,138,49,11,14,265,,14,53,340,32,1*69
[  233.9] $GPGSV,4,3,14,17,12,356,,21,21,218,,22,32,337,30,26,-35,144,25,1*44
[  233.9] $GPGSV,4,4,14,27,-6,123,27,30,42,234,,1*7A
[  233.9] $GPRMC,060132.37,V,,,,,,,090926,,,N,V*01
[  234.9] $GPGGA,060133.37,,,,,0,03,99.99,,M,,M,,*66
[  234.9] $GPGLL,,,,,060133.37,V,N*49
[  234.9] $GPGSA,A,1,,,,,,,,,,,,,99.99,99.99,99.99,1*2D
[  234.9] $GPGSV,4,1,14,3,13,031,27,4,25,100,40,6,24,301,,7,36,173,,1*61
[  234.9] $GPGSV,4,2,14,8,11,097,,9,43,138,49,11,14,265,27,14,53,340,31,1*6F
[  234.9] $GPGSV,4,3,14,17,12,356,,21,21,218,,22,32,337,30,26,-35,144,25,1*44
[  234.9] $GPGSV,4,4,14,27,-6,123,25,30,42,234,,1*78
[  234.9] $GPRMC,060133.37,V,,,,,,,090926,,,N,V*00
[  236.0] $GPGGA,060134.37,,,,,0,03,99.99,,M,,M,,*61
[  236.0] $GPGLL,,,,,060134.37,V,N*4E
[  236.0] $GPGSA,A,1,,,,,,,,,,,,,99.99,99.99,99.99,1*2D
[  236.0] $GPGSV,4,1,14,3,13,031,,4,25,100,40,6,24,301,,7,36,173,,1*64
[  236.0] $GPGSV,4,2,14,8,11,097,,9,43,138,49,11,14,265,,14,53,340,31,1*6A
[  236.0] $GPGSV,4,3,14,17,12,356,,21,21,218,,22,32,337,31,26,-35,144,25,1*45
[  236.0] $GPGSV,4,4,14,27,-6,123,24,30,42,234,,1*79
[  236.0] $GPRMC,060134.37,V,,,,,,,090926,,,N,V*07
[  237.0] $GPGGA,060135.37,,,,,0,03,99.99,,M,,M,,*60
[  237.0] $GPGLL,,,,,060135.37,V,N*4F
[  237.0] $GPGSA,A,1,,,,,,,,,,,,,99.99,99.99,99.99,1*2D
[  237.0] $GPGSV,4,1,13,3,13,031,,4,25,100,40,6,24,301,,7,36,173,,1*63
[  237.0] $GPGSV,4,2,13,8,11,097,,9,43,138,49,11,14,265,,14,53,340,32,1*6E
[  237.0] $GPGSV,4,3,13,17,12,356,,21,21,218,,22,32,337,31,27,-6,123,25,1*72
[  237.0] $GPGSV,4,4,13,30,42,234,,1*56
[  237.0] $GPRMC,060135.37,V,,,,,,,090926,,,N,V*06
[  238.1] $GPGGA,060136.37,,,,,0,03,99.99,,M,,M,,*63
[  238.1] $GPGLL,,,,,060136.37,V,N*4C
[  238.1] $GPGSA,A,1,,,,,,,,,,,,,99.99,99.99,99.99,1*2D
[  238.1] $GPGSV,4,1,13,3,13,031,28,4,25,100,40,6,24,301,,7,36,173,,1*69
[  238.1] $GPGSV,4,2,13,8,11,097,,9,43,138,48,11,14,265,,14,53,340,32,1*6F
[  238.1] $GPGSV,4,3,13,15,-38,252,29,17,12,356,,21,21,218,,22,32,337,31,1*47
[  238.1] $GPGSV,4,4,13,30,42,234,,1*56
[  238.1] $GPRMC,060136.37,V,,,,,,,090926,,,N,V*05
[  239.1] $GPGGA,060137.37,,,,,0,03,99.99,,M,,M,,*62
[  239.1] $GPGLL,,,,,060137.37,V,N*4D
[  239.1] $GPGSA,A,1,,,,,,,,,,,,,99.99,99.99,99.99,1*2D
[  239.1] $GPGSV,3,1,12,3,13,031,,4,25,100,39,6,24,301,,7,36,173,,1*6B
[  239.1] $GPGSV,3,2,12,8,11,097,,9,43,138,48,11,14,265,,14,53,340,32,1*69
[  239.1] $GPGSV,3,3,12,17,12,356,,21,21,218,,22,32,337,31,30,42,234,,1*6D
[  239.1] $GPRMC,060137.37,V,,,,,,,090926,,,N,V*04
[  240.2] $GPGGA,060138.37,,,,,0,03,99.99,,M,,M,,*6D
[  240.2] $GPGLL,,,,,060138.37,V,N*42
[  240.2] $GPGSA,A,1,,,,,,,,,,,,,99.99,99.99,99.99,1*2D
[  240.2] $GPGSV,4,1,13,3,13,031,,4,25,100,39,6,24,301,,7,36,173,,1*6D
[  240.2] $GPGSV,4,2,13,8,11,097,,9,43,138,48,11,14,265,,14,53,340,32,1*6F
[  240.2] $GPGSV,4,3,13,17,12,356,,21,21,218,,22,32,337,31,26,-35,144,31,1*47
[  240.2] $GPGSV,4,4,13,30,42,234,,1*56
[  240.2] $GPRMC,060138.37,V,,,,,,,090926,,,N,V*0B
[  240.7] $GPGGA,060139.37,,,,,0,03,99.99,,M,,M,,*6C
[  240.7] $GPGLL,,,,,060139.37,V,N*43
[  240.7] $GPGSA,A,1,,,,,,,,,,,,,99.99,99.99,99.99,1*2D
[  240.7] $GPGSV,4,1,13,3,13,031,,4,25,100,40,6,24,301,,7,36,173,,1*63
[  240.7] $GPGSV,4,2,13,8,11,097,,9,43,138,48,11,14,265,,14,53,340,32,1*6F
[  240.7] $GPGSV,4,3,13,17,12,356,,21,21,218,,22,32,337,31,26,-35,144,27,1*40
[  240.7] $GPGSV,4,4,13,30,42,234,,1*56
[  240.7] $GPRMC,060139.37,V,,,,,,,090926,,,N,V*0A
[  241.8] $GPGGA,060140.37,,,,,0,03,99.99,,M,,M,,*62
[  241.8] $GPGLL,,,,,060140.37,V,N*4D
[  241.8] $GPGSA,A,1,,,,,,,,,,,,,99.99,99.99,99.99,1*2D
[  241.8] $GPGSV,4,1,13,3,13,031,,4,25,100,40,6,24,301,,7,36,173,,1*63
[  241.8] $GPGSV,4,2,13,8,11,097,,9,43,138,48,11,14,265,,14,53,340,32,1*6F
[  241.8] $GPGSV,4,3,13,15,-38,252,30,17,12,356,,21,21,218,,22,32,337,31,1*4F
[  241.8] $GPGSV,4,4,13,30,42,234,,1*56
[  241.8] $GPRMC,060140.37,V,,,,,,,090926,,,N,V*04
[  242.8] $GPGGA,060141.37,,,,,0,03,99.99,,M,,M,,*63
[  242.8] $GPGLL,,,,,060141.37,V,N*4C
[  242.8] $GPGSA,A,1,,,,,,,,,,,,,99.99,99.99,99.99,1*2D
[  242.8] $GPGSV,3,1,12,3,13,031,,4,25,100,40,6,24,301,25,7,36,173,,1*62
[  242.8] $GPGSV,3,2,12,8,11,097,,9,43,138,48,11,14,265,,14,53,340,32,1*69
[  242.8] $GPGSV,3,3,12,17,12,356,,21,21,218,,22,32,337,31,30,42,234,,1*6D
[  242.8] $GPRMC,060141.37,V,,,,,,,090926,,,N,V*05
[  243.9] $GPGGA,060142.37,,,,,0,03,99.99,,M,,M,,*60
[  243.9] $GPGLL,,,,,060142.37,V,N*4F
[  243.9] $GPGSA,A,1,,,,,,,,,,,,,99.99,99.99,99.99,1*2D
[  243.9] $GPGSV,4,1,13,3,13,031,,4,25,100,40,6,24,301,24,7,36,173,,1*65
[  243.9] $GPGSV,4,2,13,8,11,097,,9,43,138,49,11,14,265,,14,53,340,33,1*6F
[  243.9] $GPGSV,4,3,13,17,12,356,,21,21,218,,22,32,337,31,26,-35,144,29,1*4E
[  243.9] $GPGSV,4,4,13,30,42,234,,1*56
[  243.9] $GPRMC,060142.37,V,,,,,,,090926,,,N,V*06
[  244.9] $GPGGA,060143.37,,,,,0,03,99.99,,M,,M,,*61
[  244.9] $GPGLL,,,,,060143.37,V,N*4E
[  244.9] $GPGSA,A,1,,,,,,,,,,,,,99.99,99.99,99.99,1*2D
[  244.9] $GPGSV,4,1,13,3,13,031,,4,25,100,40,6,24,301,24,7,36,173,,1*65
[  244.9] $GPGSV,4,2,13,8,11,097,,9,43,138,49,11,14,265,,14,53,340,33,1*6F
[  244.9] $GPGSV,4,3,13,17,12,356,,21,21,218,,22,32,337,31,26,-35,144,26,1*41
[  244.9] $GPGSV,4,4,13,30,42,234,,1*56
[  244.9] $GPRMC,060143.37,V,,,,,,,090926,,,N,V*07
[  246.0] $GPGGA,060144.37,,,,,0,03,99.99,,M,,M,,*66
[  246.0] $GPGLL,,,,,060144.37,V,N*49
[  246.0] $GPGSA,A,1,,,,,,,,,,,,,99.99,99.99,99.99,1*2D
[  246.0] $GPGSV,4,1,13,3,13,031,,4,25,100,40,6,24,301,24,7,36,173,,1*65
[  246.0] $GPGSV,4,2,13,8,11,097,,9,43,138,49,11,14,265,,14,53,340,33,1*6F
[  246.0] $GPGSV,4,3,13,17,12,356,,21,21,218,,22,32,337,31,27,-6,123,31,1*77
[  246.0] $GPGSV,4,4,13,30,42,234,,1*56
[  246.0] $GPRMC,060144.37,V,,,,,,,090926,,,N,V*00
[  247.0] $GPGGA,060145.37,,,,,0,03,99.99,,M,,M,,*67
[  247.0] $GPGLL,,,,,060145.37,V,N*48
[  247.0] $GPGSA,A,1,,,,,,,,,,,,,99.99,99.99,99.99,1*2D
[  247.0] $GPGSV,4,1,15,3,13,031,,4,25,100,40,6,24,301,,7,36,173,,1*65
[  247.0] $GPGSV,4,2,15,8,11,097,,9,43,138,49,11,14,265,,14,53,340,33,1*69
[  247.0] $GPGSV,4,3,15,15,-38,252,26,17,12,356,,21,21,218,,22,32,337,31,1*4E
[  247.0] $GPGSV,4,4,15,26,-35,144,27,27,-6,123,28,30,42,234,,1*6F
[  247.0] $GPRMC,060145.37,V,,,,,,,090926,,,N,V*01
[  248.1] $GPGGA,060146.37,,,,,0,03,99.99,,M,,M,,*64
[  248.1] $GPGLL,,,,,060146.37,V,N*4B
[  248.1] $GPGSA,A,1,,,,,,,,,,,,,99.99,99.99,99.99,1*2D
[  248.1] $GPGSV,4,1,16,3,13,031,,4,25,100,39,6,24,301,,7,36,173,,1*68
[  248.1] $GPGSV,4,2,16,8,11,097,,9,43,138,49,11,14,265,,14,53,340,33,1*6A
[  248.1] $GPGSV,4,3,16,15,-38,252,24,16,-14,146,27,17,12,356,27,21,21,218,,1*67
[  248.1] $GPGSV,4,4,16,22,32,337,31,26,-35,144,25,27,-6,123,26,30,42,234,,1*54
[  248.1] $GPRMC,060146.37,V,,,,,,,090926,,,N,V*02
[  249.1] $GPGGA,060147.37,,,,,0,03,99.99,,M,,M,,*65
[  249.1] $GPGLL,,,,,060147.37,V,N*4A
[  249.1] $GPGSA,A,1,,,,,,,,,,,,,99.99,99.99,99.99,1*2D
[  249.1] $GPGSV,4,1,15,3,13,031,,4,25,100,39,6,24,301,,7,36,173,,1*6B
[  249.1] $GPGSV,4,2,15,8,11,097,,9,43,138,49,11,14,265,,14,53,340,33,1*69
[  249.1] $GPGSV,4,3,15,15,-38,252,25,16,-14,146,25,17,12,356,25,21,21,218,,1*65
[  249.1] $GPGSV,4,4,15,22,32,337,31,26,-35,144,25,30,42,234,,1*7D
[  249.1] $GPRMC,060147.37,V,,,,,,,090926,,,N,V*03
[  250.2] $GPGGA,060148.37,,,,,0,03,99.99,,M,,M,,*6A
[  250.2] $GPGLL,,,,,060148.37,V,N*45
[  250.2] $GPGSA,A,1,,,,,,,,,,,,,99.99,99.99,99.99,1*2D
[  250.2] $GPGSV,4,1,15,3,13,031,,4,25,100,39,6,24,301,,7,36,173,,1*6B
[  250.2] $GPGSV,4,2,15,8,11,097,,9,43,138,49,11,14,265,29,14,53,340,33,1*62
[  250.2] $GPGSV,4,3,15,15,-38,252,24,16,-14,146,25,17,12,356,24,21,21,218,,1*65
[  250.2] $GPGSV,4,4,15,22,32,337,31,26,-35,144,24,30,42,234,,1*7C
[  250.2] $GPRMC,060148.37,V,,,,,,,090926,,,N,V*0C
[  250.7] $GPGGA,060149.37,,,,,0,03,99.99,,M,,M,,*6B
[  250.7] $GPGLL,,,,,060149.37,V,N*44
[  250.7] $GPGSA,A,1,,,,,,,,,,,,,99.99,99.99,99.99,1*2D
[  250.7] $GPGSV,4,1,15,3,13,031,27,4,25,100,39,6,24,301,,7,36,173,,1*6E
[  250.7] $GPGSV,4,2,15,8,11,097,,9,43,138,49,11,14,265,25,14,53,340,33,1*6E
[  250.7] $GPGSV,4,3,15,16,-14,146,25,17,12,356,25,18,-39,177,27,19,-2,325,26,1*73
[  250.7] $GPGSV,4,4,15,21,21,218,,22,32,337,31,30,42,234,,1*5F
[  251.2] $GPRMC,060149.37,V,,,,,,,090926,,,N,V*0D
[  251.7] $GPGGA,060150.37,,,,,0,03,99.99,,M,,M,,*63
[  251.7] $GPGLL,,,,,060150.37,V,N*4C
[  251.7] $GPGSA,A,1,,,,,,,,,,,,,99.99,99.99,99.99,1*2D
[  251.7] $GPGSV,4,1,14,3,13,031,25,4,25,100,39,6,24,301,,7,36,173,,1*6D
[  251.7] $GPGSV,4,2,14,8,11,097,,9,43,138,49,11,14,265,25,14,53,340,33,1*6F
[  251.7] $GPGSV,4,3,14,17,12,356,,19,-2,325,27,21,21,218,,22,32,337,31,1*7A
[  251.7] $GPGSV,4,4,14,26,-35,144,31,30,42,234,,1*4D
[  251.7] $GPRMC,060150.37,V,,,,,,,090926,,,N,V*05
[  252.8] $GPGGA,060151.37,,,,,0,03,99.99,,M,,M,,*62
[  252.8] $GPGLL,,,,,060151.37,V,N*4D
[  252.8] $GPGSA,A,1,,,,,,,,,,,,,99.99,99.99,99.99,1*2D
[  252.8] $GPGSV,4,1,14,3,13,031,25,4,25,100,39,6,24,301,,7,36,173,,1*6D
[  252.8] $GPGSV,4,2,14,8,11,097,,9,43,138,48,11,14,265,,14,53,340,33,1*69
[  252.8] $GPGSV,4,3,14,17,12,356,,21,21,218,,22,32,337,31,26,-35,144,26,1*46
[  252.8] $GPGSV,4,4,14,27,-6,123,29,30,42,234,,1*74
[  252.8] $GPRMC,060151.37,V,,,,,,,090926,,,N,V*04
[  253.8] $GPGGA,060152.37,,,,,0,03,99.99,,M,,M,,*61
[  253.8] $GPGLL,,,,,060152.37,V,N*4E
[  253.8] $GPGSA,A,1,,,,,,,,,,,,,99.99,99.99,99.99,1*2D
[  253.8] $GPGSV,3,1,12,3,13,031,24,4,25,100,39,6,24,301,,7,36,173,,1*6D
[  253.8] $GPGSV,3,2,12,8,11,097,,9,43,138,48,11,14,265,,14,53,340,33,1*68
[  253.8] $GPGSV,3,3,12,17,12,356,,21,21,218,,22,32,337,31,30,42,234,,1*6D
[  253.8] $GPRMC,060152.37,V,,,,,,,090926,,,N,V*07
[  254.9] $GPGGA,060153.37,,,,,0,03,99.99,,M,,M,,*60
[  254.9] $GPGLL,,,,,060153.37,V,N*4F
[  254.9] $GPGSA,A,1,,,,,,,,,,,,,99.99,99.99,99.99,1*2D
[  254.9] $GPGSV,4,1,13,3,13,031,29,4,25,100,39,6,24,301,,7,36,173,,1*66
[  254.9] $GPGSV,4,2,13,8,11,097,,9,43,138,48,11,14,265,,14,53,340,34,1*69
[  254.9] $GPGSV,4,3,13,17,12,356,,21,21,218,,22,32,337,31,27,-6,123,26,1*71
[  254.9] $GPGSV,4,4,13,30,42,234,,1*56
[  254.9] $GPRMC,060153.37,V,,,,,,,090926,,,N,V*06
[  255.9] $GPGGA,060154.37,,,,,0,03,99.99,,M,,M,,*67
[  255.9] $GPGLL,,,,,060154.37,V,N*48
[  255.9] $GPGSA,A,1,,,,,,,,,,,,,99.99,99.99,99.99,1*2D
[  255.9] $GPGSV,3,1,12,3,13,031,25,4,25,100,39,6,24,301,,7,36,173,,1*6C
[  255.9] $GPGSV,3,2,12,8,11,097,,9,43,138,48,11,14,265,,14,53,340,34,1*6F
[  255.9] $GPGSV,3,3,12,17,12,356,,21,21,218,,22,32,337,31,30,42,234,,1*6D
[  255.9] $GPRMC,060154.37,V,,,,,,,090926,,,N,V*01
[  257.0] $GPGGA,060155.37,,,,,0,03,99.99,,M,,M,,*66
[  257.0] $GPGLL,,,,,060155.37,V,N*49
[  257.0] $GPGSA,A,1,,,,,,,,,,,,,99.99,99.99,99.99,1*2D
[  257.0] $GPGSV,3,1,12,3,13,031,25,4,25,100,40,6,24,301,,7,36,173,29,1*69
[  257.0] $GPGSV,3,2,12,8,11,097,,9,43,138,48,11,14,265,,14,53,340,34,1*6F
[  257.0] $GPGSV,3,3,12,17,12,356,,21,21,218,,22,32,337,31,30,42,234,,1*6D
[  257.0] $GPRMC,060155.37,V,,,,,,,090926,,,N,V*00
[  258.0] $GPGGA,060156.37,,,,,0,03,99.99,,M,,M,,*65
[  258.0] $GPGLL,,,,,060156.37,V,N*4A
[  258.0] $GPGSA,A,1,,,,,,,,,,,,,99.99,99.99,99.99,1*2D
[  258.0] $GPGSV,4,1,14,3,13,031,24,4,25,100,40,6,24,301,,7,36,173,26,1*66
[  258.0] $GPGSV,4,2,14,8,11,097,,9,43,138,48,11,14,265,,14,53,340,34,1*6E
[  258.0] $GPGSV,4,3,14,16,-14,146,26,17,12,356,,21,21,218,,22,32,337,30,1*45
[  258.0] $GPGSV,4,4,14,27,-6,123,27,30,42,234,,1*7A
[  258.0] $GPRMC,060156.37,V,,,,,,,090926,,,N,V*03
[  259.1] $GPGGA,060157.37,,,,,0,03,99.99,,M,,M,,*64
[  259.1] $GPGLL,,,,,060157.37,V,N*4B
[  259.1] $GPGSA,A,1,,,,,,,,,,,,,99.99,99.99,99.99,1*2D
[  259.1] $GPGSV,4,1,14,3,13,031,,4,25,100,40,6,24,301,,7,36,173,25,1*63
[  259.1] $GPGSV,4,2,14,8,11,097,,9,43,138,49,11,14,265,,14,53,340,34,1*6F
[  259.1] $GPGSV,4,3,14,16,-14,146,25,17,12,356,,21,21,218,,22,32,337,30,1*46
[  259.1] $GPGSV,4,4,14,27,-6,123,27,30,42,234,,1*7A
[  259.1] $GPRMC,060157.37,V,,,,,,,090926,,,N,V*02
[  260.1] $GPGGA,060158.37,,,,,0,03,99.99,,M,,M,,*6B
[  260.1] $GPGLL,,,,,060158.37,V,N*44
[  260.1] $GPGSA,A,1,,,,,,,,,,,,,99.99,99.99,99.99,1*2D
[  260.1] $GPGSV,4,1,13,3,13,031,,4,25,100,40,6,24,301,,7,36,173,25,1*64
[  260.1] $GPGSV,4,2,13,8,11,097,,9,43,138,49,11,14,265,,14,53,340,34,1*68
[  260.1] $GPGSV,4,3,13,16,-14,146,25,17,12,356,,21,21,218,,22,32,337,30,1*41
[  260.1] $GPGSV,4,4,13,30,42,234,,1*56
[  260.1] $GPRMC,060158.37,V,,,,,,,090926,,,N,V*0D
[  260.6] $GPGGA,060200.10,3001.73718,S,05112.74726,W,1,04,5.29,58.51,M,,M,,*44
[  260.6] $GPGLL,3001.73718,S,05112.74726,W,060200.10,A,A*6C
[  260.7] $GPGSA,A,3,04,09,14,22,,,,,,,,,7.30,5.29,5.02,1*1A
[  260.7] $GPGSV,4,1,16,3,-2,026,29,4,28,083,40,5,01,214,,6,10,309,,1*7A
[  260.7] $GPGSV,4,2,16,7,60,170,25,8,14,087,,9,59,112,49,11,12,275,,1*5E
[  260.7] $GPGSV,4,3,16,14,31,344,34,16,01,144,25,17,-7,355,27,18,-22,177,28,1*52
[  260.7] $GPGSV,4,4,16,21,35,230,,22,12,340,30,27,05,119,,30,49,261,,1*62
[  260.7] $GPRMC,060200.10,A,3001.73718,S,05112.74726,W,0.14,0.00,090926,,,A,V*20
[  260.7] [00:04:20.533,813] <inf> gnss_sample: Time to fix: 61.9 s
[  260.7] [00:04:20.539,581] <inf> gnss_sample: Sleeping for 120 s
[  380.6] [00:06:20.442,840] <inf> gnss_sample: Deleting GNSS data
[  380.6] [00:06:20.455,322] <inf> gnss_sample: Assistance data needed: data_flags: 0x3f
[  380.6] [00:06:20.462,951] <inf> gnss_sample: Assistance data needed: GPS ephe: 0xffffffff, alm: 0xffffffff
[  380.6] [00:06:20.472,412] <inf> gnss_sample: Connecting to LTE network
[  382.2] +CEREG: 2,"C577","0AAEEA15",7
[  382.2] +CSCON: 1
[  382.7] +CEREG: 1,"C577","0AAEEA15",7,,,"00000011","00101000"
[  382.7] [00:06:22.136,047] <inf> gnss_sample: Connected to LTE network
[  383.7] [00:06:23.146,484] <inf> gnss_sample: Injected time (GPS day 17048, GPS time of day 21860)
[  383.7] [00:06:23.156,738] <inf> gnss_sample: Injected location for MCC 724
[  383.7] +CEREG: 0
[  383.7] +CSCON: 0
[  383.7] [00:06:23.475,219] <inf> gnss_sample: LTE disconnected
[  383.7] [00:06:23.480,743] <inf> gnss_sample: Starting GNSS
[  383.7] $GPGGA,060402.37,,,,,0,,99.99,,M,,M,,*62
[  383.7] $GPGLL,,,,,060402.37,V,N*4E
[  383.7] $GPGSA,A,1,,,,,,,,,,,,,99.99,99.99,99.99,1*2D
[  383.7] $GPGSV,3,1,12,3,12,030,,4,26,100,,6,23,302,,7,36,172,,1*67
[  383.7] $GPGSV,3,2,12,8,11,098,,9,43,139,,11,14,266,,14,55,339,,1*61
[  383.7] $GPGSV,3,3,12,17,12,356,,21,22,218,,22,33,337,,30,42,233,,1*6A
[  383.7] $GPRMC,060402.37,V,,,,,,,090926,,,N,V*07
[  384.8] $GPGGA,060403.37,,,,,0,,99.99,,M,,M,,*63
[  384.8] $GPGLL,,,,,060403.37,V,N*4F
[  384.8] $GPGSA,A,1,,,,,,,,,,,,,99.99,99.99,99.99,1*2D
[  384.8] $GPGSV,3,1,12,3,12,030,,4,26,100,,6,23,302,,7,36,172,,1*67
[  384.8] $GPGSV,3,2,12,8,11,098,,9,43,139,50,11,14,266,,14,55,339,,1*64
[  384.8] $GPGSV,3,3,12,17,12,356,,21,22,218,,22,33,337,,30,42,233,,1*6A
[  384.8] $GPRMC,060403.37,V,,,,,,,090926,,,N,V*06
[  385.8] $GPGGA,060404.37,,,,,0,,99.99,,M,,M,,*64
[  385.8] $GPGLL,,,,,060404.37,V,N*48
[  385.8] $GPGSA,A,1,,,,,,,,,,,,,99.99,99.99,99.99,1*2D
[  385.8] $GPGSV,3,1,12,3,12,030,,4,26,100,40,6,23,302,,7,36,172,,1*63
[  385.8] $GPGSV,3,2,12,8,11,098,,9,43,139,50,11,14,266,,14,55,339,36,1*61
[  385.8] $GPGSV,3,3,12,17,12,356,,21,22,218,,22,33,337,,30,42,233,,1*6A
[  385.8] $GPRMC,060404.37,V,,,,,,,090926,,,N,V*01
[  386.9] $GPGGA,060405.37,,,,,0,,99.99,,M,,M,,*65
[  386.9] $GPGLL,,,,,060405.37,V,N*49
[  386.9] $GPGSA,A,1,,,,,,,,,,,,,99.99,99.99,99.99,1*2D
[  386.9] $GPGSV,3,1,12,3,12,030,,4,26,100,40,6,23,302,,7,36,172,,1*63
[  386.9] $GPGSV,3,2,12,8,11,098,,9,43,139,50,11,14,266,,14,55,339,36,1*61
[  386.9] $GPGSV,3,3,12,17,12,356,,21,22,218,,22,33,337,,30,42,233,,1*6A
[  386.9] $GPRMC,060405.37,V,,,,,,,090926,,,N,V*00
[  387.9] $GPGGA,060406.37,,,,,0,,99.99,,M,,M,,*66
[  387.9] $GPGLL,,,,,060406.37,V,N*4A
[  387.9] $GPGSA,A,1,,,,,,,,,,,,,99.99,99.99,99.99,1*2D
[  387.9] $GPGSV,3,1,12,3,12,030,,4,26,100,40,6,23,302,,7,36,172,,1*63
[  387.9] $GPGSV,3,2,12,8,11,098,,9,43,139,50,11,14,266,,14,55,339,36,1*61
[  387.9] $GPGSV,3,3,12,17,12,356,,21,22,218,,22,33,337,,30,42,233,,1*6A
[  387.9] $GPRMC,060406.37,V,,,,,,,090926,,,N,V*03
[  389.0] $GPGGA,060407.37,,,,,0,,99.99,,M,,M,,*67
[  389.0] $GPGLL,,,,,060407.37,V,N*4B
[  389.0] $GPGSA,A,1,,,,,,,,,,,,,99.99,99.99,99.99,1*2D
[  389.0] $GPGSV,4,1,16,2,-15,054,26,3,12,030,,4,26,100,35,6,23,302,,1*4A
[  389.0] $GPGSV,4,2,16,7,36,172,27,8,11,098,,9,43,139,50,11,14,266,,1*58
[  389.0] $GPGSV,4,3,16,14,55,339,34,16,-15,146,26,17,12,356,,21,22,218,,1*4B
[  389.0] $GPGSV,4,4,16,22,33,337,27,29,-43,218,24,30,42,233,25,31,-42,096,25,1*6C
[  389.0] $GPRMC,060407.37,V,,,,,,,090926,,,N,V*02
[  390.0] $GPGGA,060408.37,,,,,0,,99.99,,M,,M,,*68
[  390.0] $GPGLL,,,,,060408.37,V,N*44
[  390.0] $GPGSA,A,1,,,,,,,,,,,,,99.99,99.99,99.99,1*2D
[  390.0] $GPGSV,4,1,15,2,-15,054,25,3,12,030,,4,26,100,36,6,23,302,,1*49
[  390.0] $GPGSV,4,2,15,7,36,172,26,8,11,098,,9,43,139,49,11,14,266,,1*52
[  390.0] $GPGSV,4,3,15,14,55,339,35,16,-15,146,25,17,12,356,,21,22,218,,1*4A
[  390.0] $GPGSV,4,4,15,22,33,337,28,30,42,233,25,31,-42,096,25,1*7C
[  390.0] $GPRMC,060408.37,V,,,,,,,090926,,,N,V*0D
[  391.0] $GPGGA,060409.37,,,,,0,,99.99,,M,,M,,*69
[  391.0] $GPGLL,,,,,060409.37,V,N*45
[  391.0] $GPGSA,A,1,,,,,,,,,,,,,99.99,99.99,99.99,1*2D
[  391.0] $GPGSV,4,1,15,2,-15,054,26,3,12,030,,4,26,100,36,6,23,302,,1*4A
[  391.0] $GPGSV,4,2,15,7,36,172,27,8,11,098,,9,43,139,49,11,14,266,,1*53
[  391.0] $GPGSV,4,3,15,14,55,339,35,16,-15,146,25,17,12,356,,21,22,218,,1*4A
[  391.0] $GPGSV,4,4,15,22,33,337,28,30,42,233,25,31,-42,096,25,1*7C
[  391.0] $GPRMC,060409.37,V,,,,,,,090926,,,N,V*0C
[  392.1] $GPGGA,060410.37,,,,,0,,99.99,,M,,M,,*61
[  392.1] $GPGLL,,,,,060410.37,V,N*4D
[  392.1] $GPGSA,A,1,,,,,,,,,,,,,99.99,99.99,99.99,1*2D
[  392.1] $GPGSV,4,1,15,2,-15,054,25,3,12,030,,4,26,100,37,6,23,302,,1*48
[  392.1] $GPGSV,4,2,15,7,36,172,27,8,11,098,,9,43,139,50,11,14,266,,1*5B
[  392.1] $GPGSV,4,3,15,14,55,339,35,16,-15,146,25,17,12,356,,21,22,218,,1*4A
[  392.1] $GPGSV,4,4,15,22,33,337,29,30,42,233,24,31,-42,096,24,1*7D
[  392.1] $GPRMC,060410.37,V,,,,,,,090926,,,N,V*04
[  393.1] $GPGGA,060411.37,,,,,0,,99.99,,M,,M,,*60
[  393.1] $GPGLL,,,,,060411.37,V,N*4C
[  393.1] $GPGSA,A,1,,,,,,,,,,,,,99.99,99.99,99.99,1*2D
[  393.1] $GPGSV,4,1,15,2,-15,054,25,3,12,030,,4,26,100,37,6,23,302,,1*48
[  393.1] $GPGSV,4,2,15,7,36,172,27,8,11,098,,9,43,139,50,11,14,266,,1*5B
[  393.1] $GPGSV,4,3,15,14,55,339,35,16,-15,146,25,17,12,356,,21,22,218,,1*4A
[  393.1] $GPGSV,4,4,15,22,33,337,28,30,42,233,24,31,-42,096,25,1*7D
[  393.1] $GPRMC,060411.37,V,,,,,,,090926,,,N,V*05
[  393.7] $GPGGA,060412.37,,,,,0,,99.99,,M,,M,,*63
[  393.7] $GPGLL,,,,,060412.37,V,N*4F
[  393.7] $GPGSA,A,1,,,,,,,,,,,,,99.99,99.99,99.99,1*2D
[  393.7] $GPGSV,4,1,15,2,-15,054,25,3,12,030,,4,26,100,37,6,23,302,,1*48
[  393.7] $GPGSV,4,2,15,7,36,172,27,8,11,098,,9,43,139,50,11,14,266,,1*5B
[  393.7] $GPGSV,4,3,15,14,55,339,35,16,-15,146,24,17,12,356,,21,22,218,,1*4B
[  393.7] $GPGSV,4,4,15,22,33,337,28,30,42,233,24,31,-42,096,25,1*7D
[  394.2] $GPRMC,060412.37,V,,,,,,,090926,,,N,V*06
[  394.7] $GPGGA,060413.37,,,,,0,,99.99,,M,,M,,*62
[  394.7] $GPGLL,,,,,060413.37,V,N*4E
[  394.7] $GPGSA,A,1,,,,,,,,,,,,,99.99,99.99,99.99,1*2D
[  394.7] $GPGSV,4,1,15,2,-15,054,26,3,12,030,,4,26,100,38,6,23,302,,1*44
[  394.7] $GPGSV,4,2,15,7,36,172,27,8,11,098,,9,43,139,50,11,14,266,,1*5B
[  394.7] $GPGSV,4,3,15,14,55,339,35,16,-15,146,25,17,12,356,,21,22,218,,1*4A
[  394.7] $GPGSV,4,4,15,22,33,337,29,30,42,233,24,31,-42,096,25,1*7C
[  394.7] $GPRMC,060413.37,V,,,,,,,090926,,,N,V*07
[  395.8] $GPGGA,060414.37,,,,,0,,99.99,,M,,M,,*65
[  395.8] $GPGLL,,,,,060414.37,V,N*49
[  395.8] $GPGSA,A,1,,,,,,,,,,,,,99.99,99.99,99.99,1*2D
[  395.8] $GPGSV,4,1,15,2,-15,054,25,3,12,030,,4,26,100,38,6,23,302,29,1*4C
[  395.8] $GPGSV,4,2,15,7,36,172,27,8,11,098,,9,43,139,50,11,14,266,,1*5B
[  395.8] $GPGSV,4,3,15,14,55,339,35,16,-15,146,25,17,12,356,,21,22,218,,1*4A
[  395.8] $GPGSV,4,4,15,22,33,337,28,30,42,233,25,31,-42,096,24,1*7D
[  395.8] $GPRMC,060414.37,V,,,,,,,090926,,,N,V*00
[  396.8] $GPGGA,060415.37,,,,,0,,99.99,,M,,M,,*64
[  396.8] $GPGLL,,,,,060415.37,V,N*48
[  396.8] $GPGSA,A,1,,,,,,,,,,,,,99.99,99.99,99.99,1*2D
[  396.8] $GPGSV,4,1,14,3,12,030,,4,26,100,38,6,23,302,25,7,36,172,27,1*6F
[  396.8] $GPGSV,4,2,14,8,11,098,,9,43,139,49,11,14,266,,14,55,339,35,1*6B
[  396.8] $GPGSV,4,3,14,17,12,356,28,18,-39,178,28,19,-2,326,28,21,22,218,,1*51
[  396.8] $GPGSV,4,4,14,22,33,337,28,30,42,233,,1*6B
[  396.8] $GPRMC,060415.37,V,,,,,,,090926,,,N,V*01
[  397.8] $GPGGA,060416.37,,,,,0,,99.99,,M,,M,,*67
[  397.8] $GPGLL,,,,,060416.37,V,N*4B
[  397.8] $GPGSA,A,1,,,,,,,,,,,,,99.99,99.99,99.99,1*2D
[  397.8] $GPGSV,3,1,12,3,12,030,,4,26,100,38,6,23,302,24,7,36,172,27,1*6F
[  397.8] $GPGSV,3,2,12,8,11,098,,9,43,139,49,11,14,266,,14,55,339,35,1*6A
[  397.8] $GPGSV,3,3,12,17,12,356,,21,22,218,,22,33,337,28,30,42,233,,1*60
[  397.8] $GPRMC,060416.37,V,,,,,,,090926,,,N,V*02
[  398.9] $GPGGA,060417.37,,,,,0,,99.99,,M,,M,,*66
[  398.9] $GPGLL,,,,,060417.37,V,N*4A
[  398.9] $GPGSA,A,1,,,,,,,,,,,,,99.99,99.99,99.99,1*2D
[  398.9] $GPGSV,3,1,12,3,12,030,,4,26,100,38,6,23,302,24,7,36,172,27,1*6F
[  398.9] $GPGSV,3,2,12,8,11,098,,9,43,139,49,11,14,266,,14,55,339,36,1*69
[  398.9] $GPGSV,3,3,12,17,12,356,,21,22,218,,22,33,337,28,30,42,233,,1*60
[  398.9] $GPRMC,060417.37,V,,,,,,,090926,,,N,V*03
[  399.9] $GPGGA,060418.37,,,,,0,,99.99,,M,,M,,*69
[  399.9] $GPGLL,,,,,060418.37,V,N*45
[  399.9] $GPGSA,A,1,,,,,,,,,,,,,99.99,99.99,99.99,1*2D
[  399.9] $GPGSV,3,1,12,3,12,030,,4,26,100,37,6,23,302,,7,36,172,26,1*67
[  399.9] $GPGSV,3,2,12,8,11,098,,9,43,139,49,11,14,266,,14,55,339,35,1*6A
[  399.9] $GPGSV,3,3,12,17,12,356,,21,22,218,,22,33,337,28,30,42,233,,1*60
[  399.9] $GPRMC,060418.37,V,,,,,,,090926,,,N,V*0C
[  401.0] $GPGGA,060419.37,,,,,0,,99.99,,M,,M,,*68
[  401.0] $GPGLL,,,,,060419.37,V,N*44
[  401.0] $GPGSA,A,1,,,,,,,,,,,,,99.99,99.99,99.99,1*2D
[  401.0] $GPGSV,3,1,12,3,12,030,,4,26,100,37,6,23,302,,7,36,172,26,1*67
[  401.0] $GPGSV,3,2,12,8,11,098,,9,43,139,49,11,14,266,,14,55,339,35,1*6A
[  401.0] $GPGSV,3,3,12,17,12,356,,21,22,218,,22,33,337,28,30,42,233,,1*60
[  401.0] $GPRMC,060419.37,V,,,,,,,090926,,,N,V*0D
[  402.0] $GPGGA,060420.37,,,,,0,,99.99,,M,,M,,*62
[  402.0] $GPGLL,,,,,060420.37,V,N*4E
[  402.0] $GPGSA,A,1,,,,,,,,,,,,,99.99,99.99,99.99,1*2D
[  402.0] $GPGSV,3,1,12,3,12,030,,4,26,100,37,6,23,302,31,7,36,172,25,1*66
[  402.0] $GPGSV,3,2,12,8,11,098,,9,43,139,49,11,14,266,,14,55,339,36,1*69
[  402.0] $GPGSV,3,3,12,17,12,356,,21,22,218,,22,33,337,27,30,42,233,,1*6F
[  402.0] $GPRMC,060420.37,V,,,,,,,090926,,,N,V*07
[  403.1] $GPGGA,060421.37,,,,,0,,99.99,,M,,M,,*63
[  403.1] $GPGLL,,,,,060421.37,V,N*4F
[  403.1] $GPGSA,A,1,,,,,,,,,,,,,99.99,99.99,99.99,1*2D
[  403.1] $GPGSV,4,1,13,3,12,030,,4,26,100,37,6,23,302,29,7,36,172,25,1*69
[  403.1] $GPGSV,4,2,13,8,11,098,,9,43,139,49,11,14,266,,14,55,339,36,1*6F
[  403.1] $GPGSV,4,3,13,17,12,356,25,19,-2,326,28,21,22,218,,22,33,337,28,1*7C
[  403.1] $GPGSV,4,4,13,30,42,233,,1*51
[  403.1] $GPRMC,060421.37,V,,,,,,,090926,,,N,V*06
[  404.1] $GPGGA,060422.37,,,,,0,,99.99,,M,,M,,*60
[  404.1] $GPGLL,,,,,060422.37,V,N*4C
[  404.1] $GPGSA,A,1,,,,,,,,,,,,,99.99,99.99,99.99,1*2D
[  404.1] $GPGSV,3,1,12,3,12,030,,4,26,100,37,6,23,302,,7,36,172,25,1*64
[  404.1] $GPGSV,3,2,12,8,11,098,,9,43,139,49,11,14,266,,14,55,339,36,1*69
[  404.1] $GPGSV,3,3,12,17,12,356,21,21,22,218,,22,33,337,28,30,42,233,,1*63
[  404.1] $GPRMC,060422.37,V,,,,,,,090926,,,N,V*05
[  404.7] $GPGGA,060423.37,,,,,0,,99.99,,M,,M,,*61
[  404.7] $GPGLL,,,,,060423.37,V,N*4D
[  404.7] $GPGSA,A,1,,,,,,,,,,,,,99.99,99.99,99.99,1*2D
[  404.7] $GPGSV,3,1,12,3,12,030,,4,26,100,37,6,23,302,,7,36,172,25,1*64
[  404.7] $GPGSV,3,2,12,8,11,098,,9,43,139,49,11,14,266,,14,55,339,36,1*69
[  404.7] $GPGSV,3,3,12,17,12,356,,21,22,218,,22,33,337,28,30,42,233,,1*60
[  404.7] $GPRMC,060423.37,V,,,,,,,090926,,,N,V*04
[  405.7] $GPGGA,060424.37,,,,,0,,99.99,,M,,M,,*66
[  405.7] $GPGLL,,,,,060424.37,V,N*4A
[  405.7] $GPGSA,A,1,,,,,,,,,,,,,99.99,99.99,99.99,1*2D
[  405.7] $GPGSV,3,1,12,3,12,030,,4,26,100,37,6,23,302,,7,36,172,25,1*64
[  405.7] $GPGSV,3,2,12,8,11,098,,9,43,139,50,11,14,266,,14,55,339,36,1*61
[  405.7] $GPGSV,3,3,12,17,12,356,,21,22,218,,22,33,337,27,30,42,233,,1*6F
[  405.7] $GPRMC,060424.37,V,,,,,,,090926,,,N,V*03
[  406.8] $GPGGA,060425.37,,,,,0,,99.99,,M,,M,,*67
[  406.8] $GPGLL,,,,,060425.37,V,N*4B
[  406.8] $GPGSA,A,1,,,,,,,,,,,,,99.99,99.99,99.99,1*2D
[  406.8] $GPGSV,3,1,12,3,12,030,,4,26,100,37,6,23,302,,7,36,172,25,1*64
[  406.8] $GPGSV,3,2,12,8,11,098,,9,43,139,50,11,14,266,,14,55,339,36,1*61
[  406.8] $GPGSV,3,3,12,17,12,356,,21,22,218,,22,33,337,28,30,42,233,,1*60
[  406.8] $GPRMC,060425.37,V,,,,,,,090926,,,N,V*02
[  407.8] $GPGGA,060426.37,,,,,0,,99.99,,M,,M,,*64
[  407.8] $GPGLL,,,,,060426.37,V,N*48
[  407.8] $GPGSA,A,1,,,,,,,,,,,,,99.99,99.99,99.99,1*2D
[  407.8] $GPGSV,4,1,13,3,12,030,,4,26,100,37,6,23,302,,7,36,172,24,1*63
[  407.8] $GPGSV,4,2,13,8,11,098,,9,43,139,50,11,14,266,28,14,55,339,36,1*6D
[  407.8] $GPGSV,4,3,13,15,-38,251,31,17,12,356,,21,22,218,,22,33,337,27,1*48
[  407.8] $GPGSV,4,4,13,30,42,233,,1*51
[  407.8] $GPRMC,060426.37,V,,,,,,,090926,,,N,V*01
[  408.8] $GPGGA,060427.37,,,,,0,,99.99,,M,,M,,*65
[  408.8] $GPGLL,,,,,060427.37,V,N*49
[  408.8] $GPGSA,A,1,,,,,,,,,,,,,99.99,99.99,99.99,1*2D
[  408.8] $GPGSV,3,1,12,3,12,030,,4,26,100,37,6,23,302,,7,36,172,24,1*65
[  408.8] $GPGSV,3,2,12,8,11,098,,9,43,139,50,11,14,266,,14,55,339,36,1*61
[  408.8] $GPGSV,3,3,12,17,12,356,,21,22,218,,22,33,337,28,30,42,233,,1*60
[  408.8] $GPRMC,060427.37,V,,,,,,,090926,,,N,V*00
[  409.9] $GPGGA,060428.37,,,,,0,,99.99,,M,,M,,*6A
[  409.9] $GPGLL,,,,,060428.37,V,N*46
[  409.9] $GPGSA,A,1,,,,,,,,,,,,,99.99,99.99,99.99,1*2D
[  409.9] $GPGSV,3,1,12,3,12,030,,4,26,100,37,6,23,302,,7,36,172,24,1*65
[  409.9] $GPGSV,3,2,12,8,11,098,,9,43,139,50,11,14,266,,14,55,339,36,1*61
[  409.9] $GPGSV,3,3,12,17,12,356,,21,22,218,,22,33,337,27,30,42,233,,1*6F
[  409.9] $GPRMC,060428.37,V,,,,,,,090926,,,N,V*0F
[  410.9] $GPGGA,060430.10,3001.74294,S,05112.75143,W,1,04,5.50,40.04,M,,M,,*44
[  410.9] $GPGLL,3001.74294,S,05112.75143,W,060430.10,A,A*6B
[  410.9] $GPGSA,A,3,04,09,14,22,,,,,,,,,7.51,5.50,5.11,1*11
[  410.9] $GPGSV,4,1,14,4,27,082,37,5,02,214,,6,10,310,,7,59,168,24,1*6C
[  410.9] $GPGSV,4,2,14,8,14,088,,9,58,109,50,11,12,276,,14,32,344,36,1*61
[  410.9] $GPGSV,4,3,14,16,00,145,,19,-18,326,27,21,36,230,,22,13,340,27,1*48
[  410.9] $GPGSV,4,4,14,27,05,120,,30,50,259,,1*6A
[  410.9] $GPRMC,060430.10,A,3001.74294,S,05112.75143,W,0.79,0.00,090926,,,A,V*2C
[  410.9] [00:06:50.523,681] <inf> gnss_sample: Time to fix: 26.9 s
[  410.9] [00:06:50.529,479] <inf> gnss_sample: Sleeping for 120 s
[  530.6] [00:08:50.432,708] <inf> gnss_sample: Deleting GNSS data
[  530.6] [00:08:50.445,190] <inf> gnss_sample: Assistance data needed: data_flags: 0x3f
[  530.6] [00:08:50.452,819] <inf> gnss_sample: Assistance data needed: GPS ephe: 0xffffffff, alm: 0xffffffff
[  530.6] [00:08:50.462,280] <inf> gnss_sample: Connecting to LTE network
[  532.2] +CEREG: 2,"C577","0AAEEA15",7
[  532.2] +CSCON: 1
[  532.8] +CEREG: 1,"C577","0AAEEA15",7,,,"00000011","00101000"
[  532.8] [00:08:52.217,315] <inf> gnss_sample: Connected to LTE network
[  533.8] [00:08:53.227,539] <inf> gnss_sample: Injected time (GPS day 17048, GPS time of day 22010)
[  533.8] [00:08:53.237,640] <inf> gnss_sample: Injected location for MCC 724
[  533.8] +CEREG: 0
[  533.8] +CSCON: 0
[  533.8] [00:08:53.550,140] <inf> gnss_sample: LTE disconnected
[  533.8] [00:08:53.555,664] <inf> gnss_sample: Starting GNSS
[  533.8] $GPGGA,060632.37,,,,,0,,99.99,,M,,M,,*63
[  533.8] $GPGLL,,,,,060632.37,V,N*4F
[  533.8] $GPGSA,A,1,,,,,,,,,,,,,99.99,99.99,99.99,1*2D
[  533.8] $GPGSV,3,1,12,3,11,030,,4,25,099,,6,23,303,,7,35,170,,1*66
[  533.8] $GPGSV,3,2,12,8,11,099,,9,44,137,,11,14,267,,14,56,339,,1*6B
[  533.8] $GPGSV,3,3,12,17,13,357,,21,22,218,,22,34,337,,30,42,231,,1*6F
[  533.8] $GPRMC,060632.37,V,,,,,,,090926,,,N,V*06
[  534.8] $GPGGA,060633.36,,,,,0,,99.99,,M,,M,,*63
[  534.8] $GPGLL,,,,,060633.36,V,N*4F
[  534.8] $GPGSA,A,1,,,,,,,,,,,,,99.99,99.99,99.99,1*2D
[  534.8] $GPGSV,3,1,12,3,11,030,,4,25,099,41,6,23,303,,7,35,170,,1*63
[  534.8] $GPGSV,3,2,12,8,11,099,,9,44,137,50,11,14,267,,14,56,339,38,1*65
[  534.8] $GPGSV,3,3,12,17,13,357,,21,22,218,,22,34,337,,30,42,231,,1*6F
[  534.8] $GPRMC,060633.36,V,,,,,,,090926,,,N,V*06
[  535.9] $GPGGA,060634.36,,,,,0,,99.99,,M,,M,,*64
[  535.9] $GPGLL,,,,,060634.36,V,N*48
[  535.9] $GPGSA,A,1,,,,,,,,,,,,,99.99,99.99,99.99,1*2D
[  535.9] $GPGSV,3,1,12,3,11,030,,4,25,099,41,6,23,303,,7,35,170,,1*63
[  535.9] $GPGSV,3,2,12,8,11,099,,9,44,137,50,11,14,267,,14,56,339,38,1*65
[  535.9] $GPGSV,3,3,12,17,13,357,,21,22,218,,22,34,337,,30,42,231,,1*6F
[  535.9] $GPRMC,060634.36,V,,,,,,,090926,,,N,V*01
[  536.9] $GPGGA,060635.37,,,,,0,,99.99,,M,,M,,*64
[  536.9] $GPGLL,,,,,060635.37,V,N*48
[  536.9] $GPGSA,A,1,,,,,,,,,,,,,99.99,99.99,99.99,1*2D
[  536.9] $GPGSV,3,1,12,3,11,030,,4,25,099,41,6,23,303,,7,35,170,,1*63
[  536.9] $GPGSV,3,2,12,8,11,099,,9,44,137,50,11,14,267,,14,56,339,38,1*65
[  536.9] $GPGSV,3,3,12,17,13,357,,21,22,218,,22,34,337,,30,42,231,,1*6F
[  536.9] $GPRMC,060635.37,V,,,,,,,090926,,,N,V*01
[  538.0] $GPGGA,060636.37,,,,,0,,99.99,,M,,M,,*67
[  538.0] $GPGLL,,,,,060636.37,V,N*4B
[  538.0] $GPGSA,A,1,,,,,,,,,,,,,99.99,99.99,99.99,1*2D
[  538.0] $GPGSV,3,1,12,3,11,030,,4,25,099,41,6,23,303,,7,35,170,,1*63
[  538.0] $GPGSV,3,2,12,8,11,099,,9,44,137,50,11,14,267,,14,56,339,38,1*65
[  538.0] $GPGSV,3,3,12,17,13,357,,21,22,218,,22,34,337,,30,42,231,,1*6F
[  538.0] $GPRMC,060636.37,V,,,,,,,090926,,,N,V*02
[  539.0] $GPGGA,060637.37,,,,,0,,99.99,,M,,M,,*66
[  539.0] $GPGLL,,,,,060637.37,V,N*4A
[  539.0] $GPGSA,A,1,,,,,,,,,,,,,99.99,99.99,99.99,1*2D
[  539.0] $GPGSV,3,1,12,3,11,030,,4,25,099,41,6,23,303,,7,35,170,,1*63
[  539.0] $GPGSV,3,2,12,8,11,099,,9,44,137,50,11,14,267,,14,56,339,38,1*65
[  539.0] $GPGSV,3,3,12,17,13,357,,21,22,218,,22,34,337,,30,42,231,,1*6F
[  539.0] $GPRMC,060637.37,V,,,,,,,090926,,,N,V*03
[  540.1] $GPGGA,060638.37,,,,,0,,99.99,,M,,M,,*69
[  540.1] $GPGLL,,,,,060638.37,V,N*45
[  540.1] $GPGSA,A,1,,,,,,,,,,,,,99.99,99.99,99.99,1*2D
[  540.1] $GPGSV,3,1,12,3,11,030,,4,25,099,41,6,23,303,,7,35,170,,1*63
[  540.1] $GPGSV,3,2,12,8,11,099,,9,44,137,50,11,14,267,,14,56,339,38,1*65
[  540.1] $GPGSV,3,3,12,17,13,357,,21,22,218,,22,34,337,,30,42,231,,1*6F
[  540.1] $GPRMC,060638.37,V,,,,,,,090926,,,N,V*0C
[  541.1] $GPGGA,060639.37,,,,,0,,99.99,,M,,M,,*68
[  541.1] $GPGLL,,,,,060639.37,V,N*44
[  541.1] $GPGSA,A,1,,,,,,,,,,,,,99.99,99.99,99.99,1*2D
[  541.1] $GPGSV,3,1,12,3,11,030,,4,25,099,41,6,23,303,,7,35,170,,1*63
[  541.1] $GPGSV,3,2,12,8,11,099,,9,44,137,50,11,14,267,,14,56,339,38,1*65
[  541.1] $GPGSV,3,3,12,17,13,357,,21,22,218,,22,34,337,,30,42,231,,1*6F
[  541.1] $GPRMC,060639.37,V,,,,,,,090926,,,N,V*0D
[  542.2] $GPGGA,060640.37,,,,,0,,99.99,,M,,M,,*66
[  542.2] $GPGLL,,,,,060640.37,V,N*4A
[  542.2] $GPGSA,A,1,,,,,,,,,,,,,99.99,99.99,99.99,1*2D
[  542.2] $GPGSV,3,1,12,3,11,030,,4,25,099,42,6,23,303,,7,35,170,,1*60
[  542.2] $GPGSV,3,2,12,8,11,099,,9,44,137,50,11,14,267,,14,56,339,,1*6E
[  542.2] $GPGSV,3,3,12,17,13,357,,21,22,218,,22,34,337,,30,42,231,,1*6F
[  542.2] $GPRMC,060640.37,V,,,,,,,090926,,,N,V*03
[  542.7] $GPGGA,060641.37,,,,,0,,99.99,,M,,M,,*67
[  542.7] $GPGLL,,,,,060641.37,V,N*4B
[  542.7] $GPGSA,A,1,,,,,,,,,,,,,99.99,99.99,99.99,1*2D
[  542.7] $GPGSV,3,1,12,3,11,030,,4,25,099,42,6,23,303,,7,35,170,,1*60
[  543.2] $GPGSV,3,2,12,8,11,099,,9,44,137,50,11,14,267,,14,56,339,,1*6E
[  543.2] $GPGSV,3,3,12,17,13,357,,21,22,218,,22,34,337,,30,42,231,,1*6F
[  543.2] $GPRMC,060641.37,V,,,,,,,090926,,,N,V*02
[  543.7] $GPGGA,060642.37,,,,,0,,99.99,,M,,M,,*64
[  543.7] $GPGLL,,,,,060642.37,V,N*48
[  543.7] $GPGSA,A,1,,,,,,,,,,,,,99.99,99.99,99.99,1*2D
[  543.7] $GPGSV,3,1,12,3,11,030,,4,25,099,42,6,23,303,,7,35,170,,1*60
[  543.7] $GPGSV,3,2,12,8,11,099,,9,44,137,50,11,14,267,,14,56,339,,1*6E
[  543.7] $GPGSV,3,3,12,17,13,357,,21,22,218,,22,34,337,,30,42,231,,1*6F
[  543.7] $GPRMC,060642.37,V,,,,,,,090926,,,N,V*01
[  544.8] $GPGGA,060643.37,,,,,0,,99.99,,M,,M,,*65
[  544.8] $GPGLL,,,,,060643.37,V,N*49
[  544.8] $GPGSA,A,1,,,,,,,,,,,,,99.99,99.99,99.99,1*2D
[  544.8] $GPGSV,4,1,13,3,11,030,,4,25,099,37,5,-11,213,25,6,23,303,,1*4C
[  544.8] $GPGSV,4,2,13,7,35,170,,8,11,099,,9,44,137,42,11,14,267,,1*53
[  544.8] $GPGSV,4,3,13,14,56,339,33,17,13,357,,21,22,218,,22,34,337,26,1*67
[  544.8] $GPGSV,4,4,13,30,42,231,,1*53
[  544.8] $GPRMC,060643.37,V,,,,,,,090926,,,N,V*00
[  545.8] $GPGGA,060644.37,,,,,0,,99.99,,M,,M,,*62
[  545.8] $GPGLL,,,,,060644.37,V,N*4E
[  545.8] $GPGSA,A,1,,,,,,,,,,,,,99.99,99.99,99.99,1*2D
[  545.8] $GPGSV,4,1,13,3,11,030,,4,25,099,38,5,-11,213,25,6,23,303,,1*43
[  545.8] $GPGSV,4,2,13,7,35,170,,8,11,099,,9,44,137,45,11,14,267,,1*54
[  545.8] $GPGSV,4,3,13,14,56,339,35,17,13,357,,21,22,218,,22,34,337,24,1*63
[  545.8] $GPGSV,4,4,13,30,42,231,,1*53
[  545.8] $GPRMC,060644.37,V,,,,,,,090926,,,N,V*07
[  546.9] $GPGGA,060645.37,,,,,0,,99.99,,M,,M,,*63
[  546.9] $GPGLL,,,,,060645.37,V,N*4F
[  546.9] $GPGSA,A,1,,,,,,,,,,,,,99.99,99.99,99.99,1*2D
[  546.9] $GPGSV,4,1,13,3,11,030,,4,25,099,39,5,-11,213,25,6,23,303,,1*42
[  546.9] $GPGSV,4,2,13,7,35,170,,8,11,099,,9,44,137,45,11,14,267,,1*54
[  546.9] $GPGSV,4,3,13,14,56,339,35,17,13,357,,21,22,218,,22,34,337,24,1*63
[  546.9] $GPGSV,4,4,13,30,42,231,,1*53
[  546.9] $GPRMC,060645.37,V,,,,,,,090926,,,N,V*06
[  547.9] $GPGGA,060646.37,,,,,0,,99.99,,M,,M,,*60
[  547.9] $GPGLL,,,,,060646.37,V,N*4C
[  547.9] $GPGSA,A,1,,,,,,,,,,,,,99.99,99.99,99.99,1*2D
[  547.9] $GPGSV,4,1,13,3,11,030,,4,25,099,39,5,-11,213,25,6,23,303,,1*42
[  547.9] $GPGSV,4,2,13,7,35,170,,8,11,099,,9,44,137,47,11,14,267,,1*56
[  547.9] $GPGSV,4,3,13,14,56,339,35,17,13,357,,21,22,218,28,22,34,337,25,1*68
[  547.9] $GPGSV,4,4,13,30,42,231,,1*53
[  547.9] $GPRMC,060646.37,V,,,,,,,090926,,,N,V*05
[  549.0] $GPGGA,060647.37,,,,,0,,99.99,,M,,M,,*61
[  549.0] $GPGLL,,,,,060647.37,V,N*4D
[  549.0] $GPGSA,A,1,,,,,,,,,,,,,99.99,99.99,99.99,1*2D
[  549.0] $GPGSV,4,1,13,3,11,030,,4,25,099,39,5,-11,213,25,6,23,303,,1*42
[  549.0] $GPGSV,4,2,13,7,35,170,,8,11,099,,9,44,137,48,11,14,267,,1*59
[  549.0] $GPGSV,4,3,13,14,56,339,36,17,13,357,,21,22,218,,22,34,337,25,1*61
[  549.0] $GPGSV,4,4,13,30,42,231,,1*53
[  549.0] $GPRMC,060647.37,V,,,,,,,090926,,,N,V*04
[  550.0] $GPGGA,060648.37,,,,,0,,99.99,,M,,M,,*6E
[  550.0] $GPGLL,,,,,060648.37,V,N*42
[  550.0] $GPGSA,A,1,,,,,,,,,,,,,99.99,99.99,99.99,1*2D
[  550.0] $GPGSV,4,1,13,3,11,030,,4,25,099,40,5,-11,213,25,6,23,303,,1*4C
[  550.0] $GPGSV,4,2,13,7,35,170,,8,11,099,,9,44,137,49,11,14,267,,1*58
[  550.0] $GPGSV,4,3,13,14,56,339,36,17,13,357,,21,22,218,,22,34,337,25,1*61
[  550.0] $GPGSV,4,4,13,30,42,231,,1*53
[  550.0] $GPRMC,060648.37,V,,,,,,,090926,,,N,V*0B
[  551.1] $GPGGA,060649.37,,,,,0,,99.99,,M,,M,,*6F
[  551.1] $GPGLL,,,,,060649.37,V,N*43
[  551.1] $GPGSA,A,1,,,,,,,,,,,,,99.99,99.99,99.99,1*2D
[  551.1] $GPGSV,4,1,13,3,11,030,,4,25,099,40,5,-11,213,24,6,23,303,,1*4D
[  551.1] $GPGSV,4,2,13,7,35,170,,8,11,099,,9,44,137,49,11,14,267,,1*58
[  551.1] $GPGSV,4,3,13,14,56,339,36,17,13,357,,21,22,218,,22,34,337,25,1*61
[  551.1] $GPGSV,4,4,13,30,42,231,,1*53
[  551.1] $GPRMC,060649.37,V,,,,,,,090926,,,N,V*0A
[  552.1] $GPGGA,060650.37,,,,,0,,99.99,,M,,M,,*67
[  552.1] $GPGLL,,,,,060650.37,V,N*4B
[  552.1] $GPGSA,A,1,,,,,,,,,,,,,99.99,99.99,99.99,1*2D
[  552.1] $GPGSV,4,1,13,3,11,030,,4,25,099,40,5,-11,213,24,6,23,303,,1*4D
[  552.1] $GPGSV,4,2,13,7,35,170,,8,11,099,,9,44,137,50,11,14,267,,1*50
[  552.1] $GPGSV,4,3,13,14,56,339,36,17,13,357,,21,22,218,,22,34,337,25,1*61
[  552.1] $GPGSV,4,4,13,30,42,231,,1*53
[  552.1] $GPRMC,060650.37,V,,,,,,,090926,,,N,V*02
[  553.2] $GPGGA,060651.37,,,,,0,,99.99,,M,,M,,*66
[  553.2] $GPGLL,,,,,060651.37,V,N*4A
[  553.2] $GPGSA,A,1,,,,,,,,,,,,,99.99,99.99,99.99,1*2D
[  553.2] $GPGSV,3,1,12,3,11,030,,4,25,099,40,6,23,303,,7,35,170,,1*62
[  553.2] $GPGSV,3,2,12,8,11,099,,9,44,137,50,11,14,267,,14,56,339,36,1*6B
[  553.2] $GPGSV,3,3,12,17,13,357,,21,22,218,,22,34,337,25,30,42,231,,1*68
[  553.2] $GPRMC,060651.37,V,,,,,,,090926,,,N,V*03
[  553.7] $GPGGA,060652.37,,,,,0,,99.99,,M,,M,,*65
[  553.7] $GPGLL,,,,,060652.37,V,N*49
[  553.7] $GPGSA,A,1,,,,,,,,,,,,,99.99,99.99,99.99,1*2D
[  553.7] $GPGSV,3,1,12,3,11,030,,4,25,099,40,6,23,303,,7,35,170,,1*62
[  553.7] $GPGSV,3,2,12,8,11,099,,9,44,137,49,11,14,267,,14,56,339,36,1*63
[  553.7] $GPGSV,3,3,12,17,13,357,,21,22,218,,22,34,337,26,30,42,231,,1*6B
[  554.2] $GPRMC,060652.37,V,,,,,,,090926,,,N,V*00
[  554.8] $GPGGA,060653.37,,,,,0,,99.99,,M,,M,,*64
[  554.8] $GPGLL,,,,,060653.37,V,N*48
[  554.8] $GPGSA,A,1,,,,,,,,,,,,,99.99,99.99,99.99,1*2D
[  554.8] $GPGSV,4,1,13,1,-8,038,29,3,11,030,,4,25,099,41,6,23,303,,1*76
[  554.8] $GPGSV,4,2,13,7,35,170,,8,11,099,,9,44,137,49,11,14,267,,1*58
[  554.8] $GPGSV,4,3,13,14,56,339,36,17,13,357,,21,22,218,,22,34,337,26,1*62
[  554.8] $GPGSV,4,4,13,30,42,231,,1*53
[  554.8] $GPRMC,060653.37,V,,,,,,,090926,,,N,V*01
[  555.8] $GPGGA,060654.37,,,,,0,,99.99,,M,,M,,*63
[  555.8] $GPGLL,,,,,060654.37,V,N*4F
[  555.8] $GPGSA,A,1,,,,,,,,,,,,,99.99,99.99,99.99,1*2D
[  555.8] $GPGSV,4,1,14,3,11,030,,4,25,099,41,6,23,303,,7,35,170,29,1*69
[  555.8] $GPGSV,4,2,14,8,11,099,,9,44,137,49,11,14,267,,14,56,339,36,1*62
[  555.8] $GPGSV,4,3,14,15,-38,250,29,17,13,357,,21,22,218,,22,34,337,26,1*41
[  555.8] $GPGSV,4,4,14,30,42,231,,31,-42,095,28,1*4B
[  555.8] $GPRMC,060654.37,V,,,,,,,090926,,,N,V*06
[  556.8] $GPGGA,060655.37,,,,,0,,99.99,,M,,M,,*62
[  556.8] $GPGLL,,,,,060655.37,V,N*4E
[  556.8] $GPGSA,A,1,,,,,,,,,,,,,99.99,99.99,99.99,1*2D
[  556.8] $GPGSV,4,1,13,3,11,030,,4,25,099,41,6,23,303,,7,35,170,24,1*63
[  556.8] $GPGSV,4,2,13,8,11,099,,9,44,137,49,11,14,267,,14,56,339,36,1*65
[  556.8] $GPGSV,4,3,13,15,-38,250,27,17,13,357,,21,22,218,,22,34,337,25,1*4B
[  556.8] $GPGSV,4,4,13,30,42,231,,1*53
[  556.8] $GPRMC,060655.37,V,,,,,,,090926,,,N,V*07
[  557.9] $GPGGA,060656.37,,,,,0,,99.99,,M,,M,,*61
[  557.9] $GPGLL,,,,,060656.37,V,N*4D
[  557.9] $GPGSA,A,1,,,,,,,,,,,,,99.99,99.99,99.99,1*2D
[  557.9] $GPGSV,3,1,12,3,11,030,,4,25,099,41,6,23,303,,7,35,170,24,1*65
[  557.9] $GPGSV,3,2,12,8,11,099,,9,44,137,49,11,14,267,,14,56,339,35,1*60
[  557.9] $GPGSV,3,3,12,17,13,357,,21,22,218,,22,34,337,25,30,42,231,,1*68
[  557.9] $GPRMC,060656.37,V,,,,,,,090926,,,N,V*04
[  558.9] $GPGGA,060657.37,,,,,0,,99.99,,M,,M,,*60
[  558.9] $GPGLL,,,,,060657.37,V,N*4C
[  558.9] $GPGSA,A,1,,,,,,,,,,,,,99.99,99.99,99.99,1*2D
[  558.9] $GPGSV,3,1,12,3,11,030,,4,25,099,41,6,23,303,,7,35,170,25,1*64
[  558.9] $GPGSV,3,2,12,8,11,099,,9,44,137,49,11,14,267,,14,56,339,35,1*60
[  558.9] $GPGSV,3,3,12,17,13,357,,21,22,218,,22,34,337,25,30,42,231,,1*68
[  558.9] $GPRMC,060657.37,V,,,,,,,090926,,,N,V*05
[  560.0] $GPGGA,060658.37,,,,,0,,99.99,,M,,M,,*6F
[  560.0] $GPGLL,,,,,060658.37,V,N*43
[  560.0] $GPGSA,A,1,,,,,,,,,,,,,99.99,99.99,99.99,1*2D
[  560.0] $GPGSV,3,1,12,3,11,030,,4,25,099,41,6,23,303,,7,35,170,,1*63
[  560.0] $GPGSV,3,2,12,8,11,099,,9,44,137,49,11,14,267,,14,56,339,35,1*60
[  560.0] $GPGSV,3,3,12,17,13,357,,21,22,218,,22,34,337,25,30,42,231,,1*68
[  560.0] $GPRMC,060658.37,V,,,,,,,090926,,,N,V*0A
[  561.1] $GPGGA,060659.37,,,,,0,,99.99,,M,,M,,*6E
[  561.1] $GPGLL,,,,,060659.37,V,N*42
[  561.1] $GPGSA,A,1,,,,,,,,,,,,,99.99,99.99,99.99,1*2D
[  561.1] $GPGSV,3,1,12,3,11,030,28,4,25,099,41,6,23,303,,7,35,170,,1*69
[  561.1] $GPGSV,3,2,12,8,11,099,,9,44,137,49,11,14,267,,14,56,339,35,1*60
[  561.1] $GPGSV,3,3,12,17,13,357,,21,22,218,,22,34,337,25,30,42,231,,1*68
[  561.1] $GPRMC,060659.37,V,,,,,,,090926,,,N,V*0B
[  562.1] $GPGGA,060700.37,,,,,0,,99.99,,M,,M,,*63
[  562.1] $GPGLL,,,,,060700.37,V,N*4F
[  562.1] $GPGSA,A,1,,,,,,,,,,,,,99.99,99.99,99.99,1*2D
[  562.1] $GPGSV,4,1,13,3,11,030,26,4,25,099,41,6,23,303,30,7,35,170,,1*62
[  562.1] $GPGSV,4,2,13,8,11,099,,9,44,137,49,11,14,267,28,14,56,339,35,1*6C
[  562.1] $GPGSV,4,3,13,15,-38,250,27,17,13,357,,21,22,218,,22,34,337,25,1*4B
[  562.1] $GPGSV,4,4,13,30,42,231,,1*53
[  562.1] $GPRMC,060700.37,V,,,,,,,090926,,,N,V*06
[  563.2] $GPGGA,060701.37,,,,,0,,99.99,,M,,M,,*62
[  563.2] $GPGLL,,,,,060701.37,V,N*4E
[  563.2] $GPGSA,A,1,,,,,,,,,,,,,99.99,99.99,99.99,1*2D
[  563.2] $GPGSV,4,1,13,3,11,030,25,4,25,099,41,6,23,303,28,7,35,170,,1*68
[  563.2] $GPGSV,4,2,13,8,11,099,,9,44,137,49,11,14,267,,14,56,339,35,1*66
[  563.2] $GPGSV,4,3,13,15,-38,250,25,17,13,357,,21,22,218,,22,34,337,25,1*49
[  563.2] $GPGSV,4,4,13,30,42,231,,1*53
[  563.2] $GPRMC,060701.37,V,,,,,,,090926,,,N,V*07
[  564.2] $GPGGA,060702.37,,,,,0,,99.99,,M,,M,,*61
[  564.2] $GPGLL,,,,,060702.37,V,N*4D
[  564.2] $GPGSA,A,1,,,,,,,,,,,,,99.99,99.99,99.99,1*2D
[  564.2] $GPGSV,3,1,12,3,11,030,,4,25,099,41,6,23,303,25,7,35,170,,1*64
[  564.2] $GPGSV,3,2,12,8,11,099,,9,44,137,49,11,14,267,,14,56,339,35,1*60
[  564.2] $GPGSV,3,3,12,17,13,357,,21,22,218,,22,34,337,25,30,42,231,,1*68
[  564.2] $GPRMC,060702.37,V,,,,,,,090926,,,N,V*04
[  564.7] $GPGGA,060703.37,,,,,0,,99.99,,M,,M,,*60
[  564.7] $GPGLL,,,,,060703.37,V,N*4C
[  564.7] $GPGSA,A,1,,,,,,,,,,,,,99.99,99.99,99.99,1*2D
[  564.7] $GPGSV,3,1,12,3,11,030,,4,25,099,41,6,23,303,15,7,35,170,,1*67
[  564.7] $GPGSV,3,2,12,8,11,099,,9,44,137,49,11,14,267,,14,56,339,35,1*60
[  564.7] $GPGSV,3,3,12,17,13,357,,21,22,218,,22,34,337,24,30,42,231,,1*69
[  564.7] $GPRMC,060703.37,V,,,,,,,090926,,,N,V*05
[  565.8] $GPGGA,060704.37,,,,,0,,99.99,,M,,M,,*67
[  565.8] $GPGLL,,,,,060704.37,V,N*4B
[  565.8] $GPGSA,A,1,,,,,,,,,,,,,99.99,99.99,99.99,1*2D
[  565.8] $GPGSV,3,1,12,3,11,030,30,4,25,099,41,6,23,303,,7,35,170,,1*60
[  565.8] $GPGSV,3,2,12,8,11,099,,9,44,137,49,11,14,267,28,14,56,339,34,1*6B
[  565.8] $GPGSV,3,3,12,17,13,357,,21,22,218,,22,34,337,24,30,42,231,26,1*6D
[  565.8] $GPRMC,060704.37,V,,,,,,,090926,,,N,V*02
[  566.8] $GPGGA,060705.37,,,,,0,,99.99,,M,,M,,*66
[  566.8] $GPGLL,,,,,060705.37,V,N*4A
[  566.8] $GPGSA,A,1,,,,,,,,,,,,,99.99,99.99,99.99,1*2D
[  566.8] $GPGSV,4,1,14,3,11,030,25,4,25,099,41,5,-11,213,27,6,23,303,,1*4F
[  566.8] $GPGSV,4,2,14,7,35,170,,8,11,099,,9,44,137,49,11,14,267,25,1*58
[  566.8] $GPGSV,4,3,14,14,56,339,34,15,-38,250,27,17,13,357,,21,22,218,,1*43
[  566.8] $GPGSV,4,4,14,22,34,337,24,30,42,231,25,1*65
[  566.8] $GPRMC,060705.37,V,,,,,,,090926,,,N,V*03
[  567.9] $GPGGA,060706.37,,,,,0,,99.99,,M,,M,,*65
[  567.9] $GPGLL,,,,,060706.37,V,N*49
[  567.9] $GPGSA,A,1,,,,,,,,,,,,,99.99,99.99,99.99,1*2D
[  567.9] $GPGSV,4,1,14,3,11,030,,4,25,099,41,5,-11,213,26,6,23,303,,1*49
[  567.9] $GPGSV,4,2,14,7,35,170,,8,11,099,,9,44,137,48,11,14,267,,1*5E
[  567.9] $GPGSV,4,3,14,14,56,339,35,15,-38,250,25,17,13,357,,21,22,218,,1*40
[  567.9] $GPGSV,4,4,14,22,34,337,24,30,42,231,24,1*64
[  567.9] $GPRMC,060706.37,V,,,,,,,090926,,,N,V*00
[  568.9] $GPGGA,060707.37,,,,,0,,99.99,,M,,M,,*64
[  568.9] $GPGLL,,,,,060707.37,V,N*48
[  568.9] $GPGSA,A,1,,,,,,,,,,,,,99.99,99.99,99.99,1*2D
[  568.9] $GPGSV,3,1,12,3,11,030,,4,25,099,41,6,23,303,,7,35,170,,1*63
[  568.9] $GPGSV,3,2,12,8,11,099,,9,44,137,49,11,14,267,,14,56,339,35,1*60
[  568.9] $GPGSV,3,3,12,17,13,357,,21,22,218,,22,34,337,23,30,42,231,24,1*68
[  568.9] $GPRMC,060707.37,V,,,,,,,090926,,,N,V*01
[  570.0] $GPGGA,060708.37,,,,,0,,99.99,,M,,M,,*6B
[  570.0] $GPGLL,,,,,060708.37,V,N*47
[  570.0] $GPGSA,A,1,,,,,,,,,,,,,99.99,99.99,99.99,1*2D
[  570.0] $GPGSV,3,1,12,3,11,030,,4,25,099,42,6,23,303,,7,35,170,,1*60
[  570.0] $GPGSV,3,2,12,8,11,099,,9,44,137,49,11,14,267,,14,56,339,34,1*61
[  570.0] $GPGSV,3,3,12,17,13,357,,21,22,218,,22,34,337,23,30,42,231,,1*6E
[  570.0] $GPRMC,060708.37,V,,,,,,,090926,,,N,V*0E
[  571.0] $GPGGA,060709.37,,,,,0,,99.99,,M,,M,,*6A
[  571.0] $GPGLL,,,,,060709.37,V,N*46
[  571.0] $GPGSA,A,1,,,,,,,,,,,,,99.99,99.99,99.99,1*2D
[  571.0] $GPGSV,4,1,13,3,11,030,,4,25,099,42,6,23,303,29,7,35,170,,1*6D
[  571.0] $GPGSV,4,2,13,8,11,099,29,9,44,137,49,11,14,267,,14,56,339,34,1*6C
[  571.0] $GPGSV,4,3,13,17,13,357,,19,-2,327,26,21,22,218,,22,34,337,24,1*7F
[  571.0] $GPGSV,4,4,13,30,42,231,,1*53
[  571.0] $GPRMC,060709.37,V,,,,,,,090926,,,N,V*0F
[  572.1] $GPGGA,060710.37,,,,,0,,99.99,,M,,M,,*62
[  572.1] $GPGLL,,,,,060710.37,V,N*4E
[  572.1] $GPGSA,A,1,,,,,,,,,,,,,99.99,99.99,99.99,1*2D
[  572.1] $GPGSV,4,1,13,3,11,030,,4,25,099,42,6,23,303,26,7,35,170,,1*62
[  572.1] $GPGSV,4,2,13,8,11,099,25,9,44,137,49,11,14,267,,14,56,339,34,1*60
[  572.1] $GPGSV,4,3,13,17,13,357,,19,-2,327,25,21,22,218,,22,34,337,24,1*7C
[  572.1] $GPGSV,4,4,13,30,42,231,,1*53
[  572.1] $GPRMC,060710.37,V,,,,,,,090926,,,N,V*07
[  573.1] $GPGGA,060711.37,,,,,0,,99.99,,M,,M,,*63
[  573.1] $GPGLL,,,,,060711.37,V,N*4F
[  573.1] $GPGSA,A,1,,,,,,,,,,,,,99.99,99.99,99.99,1*2D
[  573.1] $GPGSV,4,1,13,3,11,030,,4,25,099,42,6,23,303,25,7,35,170,,1*61
[  573.1] $GPGSV,4,2,13,8,11,099,24,9,44,137,49,11,14,267,,14,56,339,35,1*60
[  573.1] $GPGSV,4,3,13,17,13,357,,19,-2,327,25,21,22,218,,22,34,337,23,1*7B
[  573.1] $GPGSV,4,4,13,30,42,231,,1*53
[  573.1] $GPRMC,060711.37,V,,,,,,,090926,,,N,V*06
[  574.2] $GPGGA,060712.37,,,,,0,,99.99,,M,,M,,*60
[  574.2] $GPGLL,,,,,060712.37,V,N*4C
[  574.2] $GPGSA,A,1,,,,,,,,,,,,,99.99,99.99,99.99,1*2D
[  574.2] $GPGSV,4,1,13,3,11,030,,4,25,099,42,6,23,303,25,7,35,170,,1*61
[  574.2] $GPGSV,4,2,13,8,11,099,25,9,44,137,49,11,14,267,,14,56,339,34,1*60
[  574.2] $GPGSV,4,3,13,17,13,357,,19,-2,327,25,21,22,218,,22,34,337,23,1*7B
[  574.2] $GPGSV,4,4,13,30,42,231,,1*53
[  574.2] $GPRMC,060712.37,V,,,,,,,090926,,,N,V*05
[  574.7] $GPGGA,060713.37,,,,,0,,99.99,,M,,M,,*61
[  574.7] $GPGLL,,,,,060713.37,V,N*4D
[  574.7] $GPGSA,A,1,,,,,,,,,,,,,99.99,99.99,99.99,1*2D
[  574.7] $GPGSV,3,1,12,3,11,030,,4,25,099,42,6,23,303,,7,35,170,,1*60
[  574.7] $GPGSV,3,2,12,8,11,099,25,9,44,137,49,11,14,267,,14,56,339,35,1*67
[  574.7] $GPGSV,3,3,12,17,13,357,,21,22,218,,22,34,337,23,30,42,231,,1*6E
[  575.2] $GPRMC,060713.37,V,,,,,,,090926,,,N,V*04
[  575.8] $GPGGA,060714.37,,,,,0,,99.99,,M,,M,,*66
[  575.8] $GPGLL,,,,,060714.37,V,N*4A
[  575.8] $GPGSA,A,1,,,,,,,,,,,,,99.99,99.99,99.99,1*2D
[  575.8] $GPGSV,3,1,12,3,11,030,,4,25,099,42,6,23,303,,7,35,170,,1*60
[  575.8] $GPGSV,3,2,12,8,11,099,25,9,44,137,49,11,14,267,29,14,56,339,35,1*6C
[  575.8] $GPGSV,3,3,12,17,13,357,,21,22,218,,22,34,337,23,30,42,231,,1*6E
[  575.8] $GPRMC,060714.37,V,,,,,,,090926,,,N,V*03
[  576.8] $GPGGA,060715.37,,,,,0,,99.99,,M,,M,,*67
[  576.8] $GPGLL,,,,,060715.37,V,N*4B
[  576.8] $GPGSA,A,1,,,,,,,,,,,,,99.99,99.99,99.99,1*2D
[  576.8] $GPGSV,4,1,15,3,11,030,,4,25,099,42,6,23,303,,7,35,170,,1*60
[  576.8] $GPGSV,4,2,15,8,11,099,24,9,44,137,49,11,14,267,26,14,56,339,34,1*63
[  576.8] $GPGSV,4,3,15,15,-38,250,27,16,-16,146,27,17,13,357,,19,-2,327,26,1*7C
[  576.8] $GPGSV,4,4,15,21,22,218,,22,34,337,23,30,42,231,,1*5C
[  576.8] $GPRMC,060715.37,V,,,,,,,090926,,,N,V*02
[  577.9] $GPGGA,060716.37,,,,,0,,99.99,,M,,M,,*64
[  577.9] $GPGLL,,,,,060716.37,V,N*48
[  577.9] $GPGSA,A,1,,,,,,,,,,,,,99.99,99.99,99.99,1*2D
[  577.9] $GPGSV,4,1,15,3,11,030,,4,25,099,42,6,23,303,,7,35,170,,1*60
[  577.9] $GPGSV,4,2,15,8,11,099,24,9,44,137,49,11,14,267,24,14,56,339,34,1*61
[  577.9] $GPGSV,4,3,15,15,-38,250,25,16,-16,146,25,17,13,357,,19,-2,327,24,1*7E
[  577.9] $GPGSV,4,4,15,21,22,218,,22,34,337,23,30,42,231,,1*5C
[  577.9] $GPRMC,060716.37,V,,,,,,,090926,,,N,V*01
[  578.9] $GPGGA,060717.37,,,,,0,03,99.99,,M,,M,,*66
[  578.9] $GPGLL,,,,,060717.37,V,N*49
[  578.9] $GPGSA,A,1,,,,,,,,,,,,,99.99,99.99,99.99,1*2D
[  578.9] $GPGSV,4,1,15,3,11,030,,4,25,097,42,6,23,304,,7,35,170,,1*69
[  578.9] $GPGSV,4,2,15,8,11,099,,9,43,135,49,11,14,268,24,14,56,338,35,1*6D
[  578.9] $GPGSV,4,3,15,15,-37,250,25,16,-16,146,25,17,13,357,,19,-2,327,24,1*71
[  578.9] $GPGSV,4,4,15,21,23,218,,22,34,337,22,30,42,231,,1*5C
[  578.9] $GPRMC,060717.37,V,,,,,,,090926,,,N,V*00
[  580.0] $GPGGA,060718.37,,,,,0,03,99.99,,M,,M,,*69
[  580.0] $GPGLL,,,,,060718.37,V,N*46
[  580.0] $GPGSA,A,1,,,,,,,,,,,,,99.99,99.99,99.99,1*2D
[  580.0] $GPGSV,4,1,15,3,11,030,,4,25,097,42,6,23,304,,7,35,170,,1*69
[  580.0] $GPGSV,4,2,15,8,11,099,,9,43,135,49,11,14,268,,14,56,338,35,1*6B
[  580.0] $GPGSV,4,3,15,15,-37,250,24,16,-16,146,25,17,13,357,,19,-2,327,24,1*70
[  580.0] $GPGSV,4,4,15,21,23,218,,22,34,337,22,30,42,231,,1*5C
[  580.0] $GPRMC,060718.37,V,,,,,,,090926,,,N,V*0F
[  581.0] $GPGGA,060719.37,,,,,0,03,99.99,,M,,M,,*68
[  581.0] $GPGLL,,,,,060719.37,V,N*47
[  581.0] $GPGSA,A,1,,,,,,,,,,,,,99.99,99.99,99.99,1*2D
[  581.0] $GPGSV,3,1,12,3,11,030,,4,25,097,42,6,23,304,,7,35,170,,1*69
[  581.0] $GPGSV,3,2,12,8,11,099,,9,43,135,48,11,14,268,,14,56,338,35,1*6A
[  581.0] $GPGSV,3,3,12,17,13,357,,21,23,218,,22,34,337,22,30,42,231,,1*6E
[  581.0] $GPRMC,060719.37,V,,,,,,,090926,,,N,V*0E
[  582.0] $GPGGA,060720.37,,,,,0,03,99.99,,M,,M,,*62
[  582.0] $GPGLL,,,,,060720.37,V,N*4D
[  582.0] $GPGSA,A,1,,,,,,,,,,,,,99.99,99.99,99.99,1*2D
[  582.0] $GPGSV,4,1,13,3,11,030,,4,25,097,42,6,23,304,,7,35,170,,1*6F
[  582.0] $GPGSV,4,2,13,8,11,099,,9,43,135,48,11,14,268,,14,56,338,35,1*6C
[  582.0] $GPGSV,4,3,13,16,-16,146,27,17,13,357,,21,23,218,,22,34,337,22,1*46
[  582.0] $GPGSV,4,4,13,30,42,231,,1*53
[  582.0] $GPRMC,060720.37,V,,,,,,,090926,,,N,V*04
[  583.1] $GPGGA,060721.37,,,,,0,03,99.99,,M,,M,,*63
[  583.1] $GPGLL,,,,,060721.37,V,N*4C
[  583.1] $GPGSA,A,1,,,,,,,,,,,,,99.99,99.99,99.99,1*2D
[  583.1] $GPGSV,4,1,14,2,-15,055,29,3,11,030,,4,25,097,42,6,23,304,,1*4F
[  583.1] $GPGSV,4,2,14,7,35,170,,8,11,099,,9,43,135,48,11,14,268,,1*54
[  583.1] $GPGSV,4,3,14,14,56,338,35,16,-16,146,25,17,13,357,,21,23,218,,1*4B
[  583.1] $GPGSV,4,4,14,22,34,337,22,30,42,231,,1*64
[  583.1] $GPRMC,060721.37,V,,,,,,,090926,,,N,V*05
[  584.1] $GPGGA,060722.37,,,,,0,03,99.99,,M,,M,,*60
[  584.1] $GPGLL,,,,,060722.37,V,N*4F
[  584.1] $GPGSA,A,1,,,,,,,,,,,,,99.99,99.99,99.99,1*2D
[  584.1] $GPGSV,4,1,14,2,-15,055,25,3,11,030,,4,25,097,42,6,23,304,,1*43
[  584.1] $GPGSV,4,2,14,7,35,170,,8,11,099,,9,43,135,48,11,14,268,,1*54
[  584.1] $GPGSV,4,3,14,14,56,338,35,16,-16,146,25,17,13,357,,21,23,218,,1*4B
[  584.1] $GPGSV,4,4,14,22,34,337,22,30,42,231,,1*64
[  584.1] $GPRMC,060722.37,V,,,,,,,090926,,,N,V*06
[  585.1] $GPGGA,060723.37,,,,,0,03,99.99,,M,,M,,*61
[  585.1] $GPGLL,,,,,060723.37,V,N*4E
[  585.1] $GPGSA,A,1,,,,,,,,,,,,,99.99,99.99,99.99,1*2D
[  585.1] $GPGSV,4,1,14,2,-15,055,25,3,11,030,,4,25,097,42,6,23,304,,1*43
[  585.1] $GPGSV,4,2,14,7,35,170,,8,11,099,,9,43,135,48,11,14,268,,1*54
[  585.1] $GPGSV,4,3,14,14,56,338,35,16,-16,146,25,17,13,357,,21,23,218,,1*4B
[  585.1] $GPGSV,4,4,14,22,34,337,22,30,42,231,,1*64
[  585.1] $GPRMC,060723.37,V,,,,,,,090926,,,N,V*07
[  586.2] $GPGGA,060724.37,,,,,0,03,99.99,,M,,M,,*66
[  586.2] $GPGLL,,,,,060724.37,V,N*49
[  586.2] $GPGSA,A,1,,,,,,,,,,,,,99.99,99.99,99.99,1*2D
[  586.2] $GPGSV,4,1,14,1,-9,038,27,2,-15,055,24,3,11,030,,4,25,097,42,1*59
[  586.2] $GPGSV,4,2,14,6,23,304,,7,35,170,,8,11,099,,9,43,135,48,1*6D
[  586.2] $GPGSV,4,3,14,11,14,268,,14,56,338,35,17,13,357,,21,23,218,,1*6B
[  586.2] $GPGSV,4,4,14,22,34,337,21,30,42,231,,1*67
[  586.2] $GPRMC,060724.37,V,,,,,,,090926,,,N,V*00
[  586.7] $GPGGA,060725.37,,,,,0,03,99.99,,M,,M,,*67
[  586.7] $GPGLL,,,,,060725.37,V,N*48
[  586.7] $GPGSA,A,1,,,,,,,,,,,,,99.99,99.99,99.99,1*2D
[  586.7] $GPGSV,4,1,14,1,-9,038,26,2,-15,055,27,3,11,030,,4,25,097,43,1*5A
[  586.7] $GPGSV,4,2,14,6,23,304,,7,35,170,,8,11,099,,9,43,135,48,1*6D
[  587.2] $GPGSV,4,3,14,11,14,268,,14,56,338,35,17,13,357,,21,23,218,,1*6B
[  587.2] $GPGSV,4,4,14,22,34,337,21,30,42,231,,1*67
[  587.2] $GPRMC,060725.37,V,,,,,,,090926,,,N,V*01
[  587.8] $GPGGA,060726.37,,,,,0,03,99.99,,M,,M,,*64
[  587.8] $GPGLL,,,,,060726.37,V,N*4B
[  587.8] $GPGSA,A,1,,,,,,,,,,,,,99.99,99.99,99.99,1*2D
[  587.8] $GPGSV,4,1,13,1,-9,038,28,3,11,030,,4,25,097,43,6,23,304,,1*7D
[  587.8] $GPGSV,4,2,13,7,35,170,,8,11,099,,9,43,135,48,11,14,268,,1*53
[  587.8] $GPGSV,4,3,13,14,56,338,35,17,13,357,,21,23,218,,22,34,337,22,1*65
[  587.8] $GPGSV,4,4,13,30,42,231,,1*53
[  587.8] $GPRMC,060726.37,V,,,,,,,090926,,,N,V*02
[  588.8] $GPGGA,060727.37,,,,,0,03,99.99,,M,,M,,*65
[  588.8] $GPGLL,,,,,060727.37,V,N*4A
[  588.8] $GPGSA,A,1,,,,,,,,,,,,,99.99,99.99,99.99,1*2D
[  588.8] $GPGSV,4,1,13,3,11,030,,4,25,097,42,6,23,304,,7,35,170,,1*6F
[  588.8] $GPGSV,4,2,13,8,11,099,,9,43,135,48,11,14,268,28,14,56,338,35,1*66
[  588.8] $GPGSV,4,3,13,16,-16,146,27,17,13,357,,21,23,218,,22,34,337,22,1*46
[  588.8] $GPGSV,4,4,13,30,42,231,,1*53
[  588.8] $GPRMC,060727.37,V,,,,,,,090926,,,N,V*03
[  589.9] $GPGGA,060728.37,,,,,0,03,99.99,,M,,M,,*6A
[  589.9] $GPGLL,,,,,060728.37,V,N*45
[  589.9] $GPGSA,A,1,,,,,,,,,,,,,99.99,99.99,99.99,1*2D
[  589.9] $GPGSV,4,1,13,3,11,030,,4,25,097,42,6,23,304,,7,35,170,,1*6F
[  589.9] $GPGSV,4,2,13,8,11,099,,9,43,135,48,11,14,268,27,14,56,338,35,1*69
[  589.9] $GPGSV,4,3,13,16,-16,146,25,17,13,357,,21,23,218,,22,34,337,22,1*44
[  589.9] $GPGSV,4,4,13,30,42,231,,1*53
[  589.9] $GPRMC,060728.37,V,,,,,,,090926,,,N,V*0C
[  590.9] $GPGGA,060729.37,,,,,0,03,99.99,,M,,M,,*6B
[  590.9] $GPGLL,,,,,060729.37,V,N*44
[  590.9] $GPGSA,A,1,,,,,,,,,,,,,99.99,99.99,99.99,1*2D
[  590.9] $GPGSV,4,1,13,3,11,030,,4,25,097,43,6,23,304,,7,35,170,,1*6E
[  590.9] $GPGSV,4,2,13,8,11,099,,9,43,135,48,11,14,268,,14,56,338,35,1*6C
[  590.9] $GPGSV,4,3,13,16,-16,146,25,17,13,357,,21,23,218,,22,34,337,21,1*47
[  590.9] $GPGSV,4,4,13,30,42,231,,1*53
[  590.9] $GPRMC,060729.37,V,,,,,,,090926,,,N,V*0D
[  592.0] $GPGGA,060730.37,,,,,0,03,99.99,,M,,M,,*63
[  592.0] $GPGLL,,,,,060730.37,V,N*4C
[  592.0] $GPGSA,A,1,,,,,,,,,,,,,99.99,99.99,99.99,1*2D
[  592.0] $GPGSV,4,1,13,3,11,030,,4,25,097,42,6,23,304,,7,35,170,,1*6F
[  592.0] $GPGSV,4,2,13,8,11,099,,9,43,135,48,11,14,268,,14,56,338,35,1*6C
[  592.0] $GPGSV,4,3,13,16,-16,146,25,17,13,357,,21,23,218,,22,34,337,22,1*44
[  592.0] $GPGSV,4,4,13,30,42,231,,1*53
[  592.0] $GPRMC,060730.37,V,,,,,,,090926,,,N,V*05
[  593.0] $GPGGA,060731.37,,,,,0,03,99.99,,M,,M,,*62
[  593.0] $GPGLL,,,,,060731.37,V,N*4D
[  593.0] $GPGSA,A,1,,,,,,,,,,,,,99.99,99.99,99.99,1*2D
[  593.0] $GPGSV,3,1,12,3,11,030,,4,25,097,43,6,23,304,,7,35,170,,1*68
[  593.0] $GPGSV,3,2,12,8,11,099,,9,43,135,48,11,14,268,,14,56,338,35,1*6A
[  593.0] $GPGSV,3,3,12,17,13,357,,21,23,218,,22,34,337,22,30,42,231,,1*6E
[  593.0] $GPRMC,060731.37,V,,,,,,,090926,,,N,V*04
[  594.1] $GPGGA,060732.37,,,,,0,03,99.99,,M,,M,,*61
[  594.1] $GPGLL,,,,,060732.37,V,N*4E
[  594.1] $GPGSA,A,1,,,,,,,,,,,,,99.99,99.99,99.99,1*2D
[  594.1] $GPGSV,3,1,12,3,11,030,,4,25,097,43,6,23,304,,7,35,170,,1*68
[  594.1] $GPGSV,3,2,12,8,11,099,,9,43,135,48,11,14,268,,14,56,338,35,1*6A
[  594.1] $GPGSV,3,3,12,17,13,357,,21,23,218,,22,34,337,22,30,42,231,,1*6E
[  594.1] $GPRMC,060732.37,V,,,,,,,090926,,,N,V*07
[  595.1] $GPGGA,060733.37,,,,,0,03,99.99,,M,,M,,*60
[  595.1] $GPGLL,,,,,060733.37,V,N*4F
[  595.1] $GPGSA,A,1,,,,,,,,,,,,,99.99,99.99,99.99,1*2D
[  595.1] $GPGSV,4,1,13,1,-9,038,25,3,11,030,,4,25,097,43,6,23,304,,1*70
[  595.1] $GPGSV,4,2,13,7,35,170,,8,11,099,,9,43,135,48,11,14,268,,1*53
[  595.1] $GPGSV,4,3,13,14,56,338,35,17,13,357,,21,23,218,,22,34,337,22,1*65
[  595.1] $GPGSV,4,4,13,30,42,231,,1*53
[  595.1] $GPRMC,060733.37,V,,,,,,,090926,,,N,V*06
[  596.2] $GPGGA,060734.37,,,,,0,03,99.99,,M,,M,,*67
[  596.2] $GPGLL,,,,,060734.37,V,N*48
[  596.2] $GPGSA,A,1,,,,,,,,,,,,,99.99,99.99,99.99,1*2D
[  596.2] $GPGSV,4,1,14,1,-9,038,25,3,11,030,,4,25,097,43,6,23,304,,1*77
[  596.2] $GPGSV,4,2,14,7,35,170,,8,11,099,,9,43,135,48,11,14,268,,1*54
[  596.2] $GPGSV,4,3,14,14,56,338,35,16,-16,146,27,17,13,357,,21,23,218,,1*49
[  596.2] $GPGSV,4,4,14,22,34,337,21,30,42,231,,1*67
[  596.2] $GPRMC,060734.37,V,,,,,,,090926,,,N,V*01
[  596.7] $GPGGA,060735.37,,,,,0,03,99.99,,M,,M,,*66
[  596.7] $GPGLL,,,,,060735.37,V,N*49
[  597.2] $GPGSA,A,1,,,,,,,,,,,,,99.99,99.99,99.99,1*2D
[  597.2] $GPGSV,4,1,15,1,-9,038,25,2,-15,055,30,3,11,030,,4,25,097,43,1*5E
[  597.2] $GPGSV,4,2,15,6,23,304,25,7,35,170,,8,11,099,,9,43,135,48,1*6B
[  597.2] $GPGSV,4,3,15,11,14,268,,14,56,338,35,17,13,357,,21,23,218,,1*6A
[  597.2] $GPGSV,4,4,15,22,34,337,22,26,-36,143,25,30,42,231,,1*78
[  597.2] $GPRMC,060735.37,V,,,,,,,090926,,,N,V*00
[  597.8] $GPGGA,060736.37,,,,,0,03,99.99,,M,,M,,*65
[  597.8] $GPGLL,,,,,060736.37,V,N*4A
[  597.8] $GPGSA,A,1,,,,,,,,,,,,,99.99,99.99,99.99,1*2D
[  597.8] $GPGSV,4,1,15,1,-9,038,25,2,-15,055,27,3,11,030,,4,25,097,43,1*58
[  597.8] $GPGSV,4,2,15,6,23,304,24,7,35,170,,8,11,099,,9,43,135,48,1*6A
[  597.8] $GPGSV,4,3,15,11,14,268,,14,56,338,35,17,13,357,,21,23,218,,1*6A
[  597.8] $GPGSV,4,4,15,22,34,337,23,26,-36,143,25,30,42,231,,1*79
[  597.8] $GPRMC,060736.37,V,,,,,,,090926,,,N,V*03
[  598.8] $GPGGA,060737.37,,,,,0,03,99.99,,M,,M,,*64
[  598.8] $GPGLL,,,,,060737.37,V,N*4B
[  598.8] $GPGSA,A,1,,,,,,,,,,,,,99.99,99.99,99.99,1*2D
[  598.8] $GPGSV,4,1,15,1,-9,038,27,2,-15,055,25,3,11,030,,4,25,097,43,1*58
[  598.8] $GPGSV,4,2,15,6,23,304,24,7,35,170,,8,11,099,,9,43,135,48,1*6A
[  598.8] $GPGSV,4,3,15,11,14,268,,14,56,338,35,17,13,357,,21,23,218,,1*6A
[  598.8] $GPGSV,4,4,15,22,34,337,23,26,-36,143,25,30,42,231,,1*79
[  598.8] $GPRMC,060737.37,V,,,,,,,090926,,,N,V*02
[  599.8] $GPGGA,060738.37,,,,,0,03,99.99,,M,,M,,*6B
[  599.8] $GPGLL,,,,,060738.37,V,N*44
[  599.8] $GPGSA,A,1,,,,,,,,,,,,,99.99,99.99,99.99,1*2D
[  599.8] $GPGSV,4,1,14,1,-9,038,26,3,11,030,,4,25,097,43,6,23,304,24,1*72
[  599.8] $GPGSV,4,2,14,7,35,170,,8,11,099,,9,43,135,48,11,14,268,,1*54
[  599.8] $GPGSV,4,3,14,14,56,338,35,17,13,357,29,21,23,218,,22,34,337,23,1*68
[  599.8] $GPGSV,4,4,14,26,-36,143,25,30,42,231,,1*49
[  599.8] $GPRMC,060738.37,V,,,,,,,090926,,,N,V*0D
[  600.9] $GPGGA,060739.37,,,,,0,03,99.99,,M,,M,,*6A
[  600.9] $GPGLL,,,,,060739.37,V,N*45
[  600.9] $GPGSA,A,1,,,,,,,,,,,,,99.99,99.99,99.99,1*2D
[  600.9] $GPGSV,4,1,13,3,11,030,,4,25,097,43,6,23,304,,7,35,170,,1*6E
[  600.9] $GPGSV,4,2,13,8,11,099,,9,43,135,48,11,14,268,,14,56,338,35,1*6C
[  600.9] $GPGSV,4,3,13,16,-16,146,27,17,13,357,,21,23,218,,22,34,337,24,1*40
[  600.9] $GPGSV,4,4,13,30,42,231,,1*53
[  600.9] $GPRMC,060739.37,V,,,,,,,090926,,,N,V*0C
[  601.9] $GPGGA,060740.37,,,,,0,03,99.99,,M,,M,,*64
[  601.9] $GPGLL,,,,,060740.37,V,N*4B
[  601.9] $GPGSA,A,1,,,,,,,,,,,,,99.99,99.99,99.99,1*2D
[  601.9] $GPGSV,3,1,12,3,11,030,,4,25,097,43,6,23,304,,7,35,170,,1*68
[  601.9] $GPGSV,3,2,12,8,11,099,,9,43,135,48,11,14,268,,14,56,338,35,1*6A
[  601.9] $GPGSV,3,3,12,17,13,357,,21,23,218,,22,34,337,24,30,42,231,,1*68
[  601.9] $GPRMC,060740.37,V,,,,,,,090926,,,N,V*02
[  603.0] $GPGGA,060741.37,,,,,0,03,99.99,,M,,M,,*65
[  603.0] $GPGLL,,,,,060741.37,V,N*4A
[  603.0] $GPGSA,A,1,,,,,,,,,,,,,99.99,99.99,99.99,1*2D
[  603.0] $GPGSV,3,1,12,3,11,030,,4,25,097,43,6,23,304,,7,35,170,,1*68
[  603.0] $GPGSV,3,2,12,8,11,099,,9,43,135,48,11,14,268,,14,56,338,35,1*6A
[  603.0] $GPGSV,3,3,12,17,13,357,,21,23,218,,22,34,337,23,30,42,231,,1*6F
[  603.0] $GPRMC,060741.37,V,,,,,,,090926,,,N,V*03
[  604.1] $GPGGA,060742.37,,,,,0,03,99.99,,M,,M,,*66
[  604.1] $GPGLL,,,,,060742.37,V,N*49
[  604.1] $GPGSA,A,1,,,,,,,,,,,,,99.99,99.99,99.99,1*2D
[  604.1] $GPGSV,3,1,12,3,11,030,,4,25,097,43,6,23,304,,7,35,170,,1*68
[  604.1] $GPGSV,3,2,12,8,11,099,,9,43,135,48,11,14,268,,14,56,338,35,1*6A
[  604.1] $GPGSV,3,3,12,17,13,357,,21,23,218,,22,34,337,23,30,42,231,,1*6F
[  604.1] $GPRMC,060742.37,V,,,,,,,090926,,,N,V*00
[  605.1] $GPGGA,060743.37,,,,,0,03,99.99,,M,,M,,*67
[  605.1] $GPGLL,,,,,060743.37,V,N*48
[  605.1] $GPGSA,A,1,,,,,,,,,,,,,99.99,99.99,99.99,1*2D
[  605.1] $GPGSV,4,1,13,3,11,030,,4,25,097,43,6,23,304,,7,35,170,,1*6E
[  605.1] $GPGSV,4,2,13,8,11,099,,9,43,135,48,11,14,268,,14,56,338,35,1*6C
[  605.1] $GPGSV,4,3,13,16,-16,146,27,17,13,357,,21,23,218,,22,34,337,24,1*40
[  605.1] $GPGSV,4,4,13,30,42,231,,1*53
[  605.1] $GPRMC,060743.37,V,,,,,,,090926,,,N,V*01
[  606.1] $GPGGA,060744.37,,,,,0,03,99.99,,M,,M,,*60
[  606.1] $GPGLL,,,,,060744.37,V,N*4F
[  606.1] $GPGSA,A,1,,,,,,,,,,,,,99.99,99.99,99.99,1*2D
[  606.1] $GPGSV,3,1,12,3,11,030,,4,25,097,43,6,23,304,,7,35,170,,1*68
[  606.1] $GPGSV,3,2,12,8,11,099,,9,43,135,48,11,14,268,,14,56,338,35,1*6A
[  606.1] $GPGSV,3,3,12,17,13,357,,21,23,218,,22,34,337,24,30,42,231,,1*68
[  606.1] $GPRMC,060744.37,V,,,,,,,090926,,,N,V*06
[  607.2] $GPGGA,060745.37,,,,,0,03,99.99,,M,,M,,*61
[  607.2] $GPGLL,,,,,060745.37,V,N*4E
[  607.2] $GPGSA,A,1,,,,,,,,,,,,,99.99,99.99,99.99,1*2D
[  607.2] $GPGSV,4,1,13,1,-9,038,29,3,11,030,,4,25,097,43,6,23,304,,1*7C
[  607.2] $GPGSV,4,2,13,7,35,170,,8,11,099,,9,43,135,48,11,14,268,,1*53
[  607.2] $GPGSV,4,3,13,14,56,338,35,17,13,357,,21,23,218,,22,34,337,24,1*63
[  607.2] $GPGSV,4,4,13,30,42,231,,1*53
[  607.2] $GPRMC,060745.37,V,,,,,,,090926,,,N,V*07
[  608.2] $GPGGA,060746.37,,,,,0,03,99.99,,M,,M,,*62
[  608.2] $GPGLL,,,,,060746.37,V,N*4D
[  608.2] $GPGSA,A,1,,,,,,,,,,,,,99.99,99.99,99.99,1*2D
[  608.2] $GPGSV,4,1,13,1,-9,038,26,3,11,030,,4,25,097,43,6,23,304,,1*73
[  608.2] $GPGSV,4,2,13,7,35,170,,8,11,099,,9,43,135,48,11,14,268,,1*53
[  608.2] $GPGSV,4,3,13,14,56,338,35,17,13,357,,21,23,218,,22,34,337,24,1*63
[  608.2] $GPGSV,4,4,13,30,42,231,,1*53
[  608.2] $GPRMC,060746.37,V,,,,,,,090926,,,N,V*04
[  608.7] $GPGGA,060747.37,,,,,0,03,99.99,,M,,M,,*63
[  608.7] $GPGLL,,,,,060747.37,V,N*4C
[  608.7] $GPGSA,A,1,,,,,,,,,,,,,99.99,99.99,99.99,1*2D
[  608.7] $GPGSV,4,1,13,1,-9,038,24,3,11,030,,4,25,097,43,6,23,304,,1*71
[  608.7] $GPGSV,4,2,13,7,35,170,,8,11,099,,9,43,135,47,11,14,268,,1*5C
[  608.7] $GPGSV,4,3,13,14,56,338,35,17,13,357,,21,23,218,27,22,34,337,24,1*66
[  609.2] $GPGSV,4,4,13,30,42,231,,1*53
[  609.2] $GPRMC,060747.37,V,,,,,,,090926,,,N,V*05
[  609.8] $GPGGA,060748.37,,,,,0,03,99.99,,M,,M,,*6C
[  609.8] $GPGLL,,,,,060748.37,V,N*43
[  609.8] $GPGSA,A,1,,,,,,,,,,,,,99.99,99.99,99.99,1*2D
[  609.8] $GPGSV,4,1,14,1,-9,038,25,3,11,030,,4,25,097,43,6,23,304,,1*77
[  609.8] $GPGSV,4,2,14,7,35,170,,8,11,099,,9,43,135,47,11,14,268,31,1*59
[  609.8] $GPGSV,4,3,14,14,56,338,35,16,-16,146,28,17,13,357,,21,23,218,25,1*41
[  609.8] $GPGSV,4,4,14,22,34,337,24,30,42,231,,1*62
[  609.8] $GPRMC,060748.37,V,,,,,,,090926,,,N,V*0A
[  610.8] $GPGGA,060749.37,,,,,0,03,99.99,,M,,M,,*6D
[  610.8] $GPGLL,,,,,060749.37,V,N*42
[  610.8] $GPGSA,A,1,,,,,,,,,,,,,99.99,99.99,99.99,1*2D
[  610.8] $GPGSV,4,1,15,1,-9,038,24,3,11,030,,4,25,097,43,6,23,304,,1*77
[  610.8] $GPGSV,4,2,15,7,35,170,,8,11,099,,9,43,135,47,11,14,268,,1*5A
[  610.8] $GPGSV,4,3,15,14,56,338,35,16,-16,146,27,17,13,357,,19,-2,327,26,1*54
[  610.8] $GPGSV,4,4,15,21,23,218,25,22,34,337,24,30,42,231,,1*5D
[  610.8] $GPRMC,060749.37,V,,,,,,,090926,,,N,V*0B
[  611.9] $GPGGA,060750.37,,,,,0,03,99.99,,M,,M,,*65
[  611.9] $GPGLL,,,,,060750.37,V,N*4A
[  611.9] $GPGSA,A,1,,,,,,,,,,,,,99.99,99.99,99.99,1*2D
[  611.9] $GPGSV,4,1,14,1,-9,038,25,3,11,030,,4,25,097,44,6,23,304,,1*70
[  611.9] $GPGSV,4,2,14,7,35,170,,8,11,099,,9,43,135,48,11,14,268,,1*54
[  611.9] $GPGSV,4,3,14,14,56,338,35,17,13,357,,19,-2,327,25,21,23,218,25,1*73
[  611.9] $GPGSV,4,4,14,22,34,337,24,30,42,231,,1*62
[  611.9] $GPRMC,060750.37,V,,,,,,,090926,,,N,V*03
[  612.9] $GPGGA,060751.37,,,,,0,03,99.99,,M,,M,,*64
[  612.9] $GPGLL,,,,,060751.37,V,N*4B
[  612.9] $GPGSA,A,1,,,,,,,,,,,,,99.99,99.99,99.99,1*2D
[  612.9] $GPGSV,4,1,14,1,-9,038,24,3,11,030,,4,25,097,44,6,23,304,,1*71
[  612.9] $GPGSV,4,2,14,7,35,170,,8,11,099,,9,43,135,48,11,14,268,,1*54
[  612.9] $GPGSV,4,3,14,14,56,338,35,17,13,357,,19,-2,327,24,21,23,218,24,1*73
[  612.9] $GPGSV,4,4,14,22,34,337,24,30,42,231,,1*62
[  612.9] $GPRMC,060751.37,V,,,,,,,090926,,,N,V*02
[  613.9] $GPGGA,060752.37,,,,,0,03,99.99,,M,,M,,*67
[  613.9] $GPGLL,,,,,060752.37,V,N*48
[  613.9] $GPGSA,A,1,,,,,,,,,,,,,99.99,99.99,99.99,1*2D
[  613.9] $GPGSV,4,1,15,1,-9,038,25,3,11,030,,4,25,097,44,6,23,304,,1*71
[  613.9] $GPGSV,4,2,15,7,35,170,,8,11,099,,9,43,135,48,11,14,268,,1*55
[  613.9] $GPGSV,4,3,15,14,56,338,36,16,-16,146,27,17,13,357,,19,-2,327,25,1*54
[  613.9] $GPGSV,4,4,15,21,23,218,,22,34,337,24,30,42,231,,1*5A
[  613.9] $GPRMC,060752.37,V,,,,,,,090926,,,N,V*01
[  615.0] $GPGGA,060753.37,,,,,0,03,99.99,,M,,M,,*66
[  615.0] $GPGLL,,,,,060753.37,V,N*49
[  615.0] $GPGSA,A,1,,,,,,,,,,,,,99.99,99.99,99.99,1*2D
[  615.0] $GPGSV,4,1,13,3,11,030,,4,25,097,43,6,23,304,,7,35,170,,1*6E
[  615.0] $GPGSV,4,2,13,8,11,099,,9,43,135,48,11,14,268,,14,56,338,36,1*6F
[  615.0] $GPGSV,4,3,13,16,-16,146,25,17,13,357,,21,23,218,,22,34,337,24,1*42
[  615.0] $GPGSV,4,4,13,30,42,231,,1*53
[  615.0] $GPRMC,060753.37,V,,,,,,,090926,,,N,V*00
[  616.0] $GPGGA,060754.37,,,,,0,03,99.99,,M,,M,,*61
[  616.0] $GPGLL,,,,,060754.37,V,N*4E
[  616.0] $GPGSA,A,1,,,,,,,,,,,,,99.99,99.99,99.99,1*2D
[  616.0] $GPGSV,4,1,13,3,11,030,,4,25,097,43,6,23,304,,7,35,170,,1*6E
[  616.0] $GPGSV,4,2,13,8,11,099,26,9,43,135,48,11,14,268,,14,56,338,35,1*68
[  616.0] $GPGSV,4,3,13,16,-16,146,25,17,13,357,,21,23,218,,22,34,337,24,1*42
[  616.0] $GPGSV,4,4,13,30,42,231,,1*53
[  616.0] $GPRMC,060754.37,V,,,,,,,090926,,,N,V*07
[  617.1] $GPGGA,060755.37,,,,,0,03,99.99,,M,,M,,*60
[  617.1] $GPGLL,,,,,060755.37,V,N*4F
[  617.1] $GPGSA,A,1,,,,,,,,,,,,,99.99,99.99,99.99,1*2D
[  617.1] $GPGSV,4,1,14,3,11,030,,4,25,097,43,6,23,304,,7,35,170,,1*69
[  617.1] $GPGSV,4,2,14,8,11,099,,9,43,135,48,11,14,268,,14,56,338,35,1*6B
[  617.1] $GPGSV,4,3,14,15,-37,250,25,16,-16,146,25,17,13,357,,21,23,218,,1*6E
[  617.1] $GPGSV,4,4,14,22,34,337,24,30,42,231,,1*62
[  617.1] $GPRMC,060755.37,V,,,,,,,090926,,,N,V*06
[  618.1] $GPGGA,060756.37,,,,,0,03,99.99,,M,,M,,*63
[  618.1] $GPGLL,,,,,060756.37,V,N*4C
[  618.1] $GPGSA,A,1,,,,,,,,,,,,,99.99,99.99,99.99,1*2D
[  618.1] $GPGSV,4,1,13,3,11,030,,4,25,097,43,6,23,304,,7,35,170,,1*6E
[  618.1] $GPGSV,4,2,13,8,11,099,26,9,43,135,48,11,14,268,,14,56,338,35,1*68
[  618.1] $GPGSV,4,3,13,15,-37,250,25,17,13,357,,21,23,218,,22,34,337,24,1*46
[  618.1] $GPGSV,4,4,13,30,42,231,,1*53
[  618.1] $GPRMC,060756.37,V,,,,,,,090926,,,N,V*05
[  619.2] $GPGGA,060757.37,,,,,0,03,99.99,,M,,M,,*62
[  619.2] $GPGLL,,,,,060757.37,V,N*4D
[  619.2] $GPGSA,A,1,,,,,,,,,,,,,99.99,99.99,99.99,1*2D
[  619.2] $GPGSV,4,1,15,1,-9,038,33,3,11,030,,4,25,097,43,6,23,304,,1*71
[  619.2] $GPGSV,4,2,15,7,35,170,,8,11,099,25,9,43,135,47,11,14,268,,1*5D
[  619.2] $GPGSV,4,3,15,14,56,338,35,15,-37,250,25,17,13,357,,18,-38,179,29,1*6C
[  619.2] $GPGSV,4,4,15,21,23,218,,22,34,337,24,30,42,231,,1*5A
[  619.2] $GPRMC,060757.37,V,,,,,,,090926,,,N,V*04
[  620.2] $GPGGA,060758.37,,,,,0,03,99.99,,M,,M,,*6D
[  620.2] $GPGLL,,,,,060758.37,V,N*42
[  620.2] $GPGSA,A,1,,,,,,,,,,,,,99.99,99.99,99.99,1*2D
[  620.2] $GPGSV,4,1,14,1,-9,038,25,3,11,030,,4,25,097,44,6,23,304,,1*70
[  620.2] $GPGSV,4,2,14,7,35,170,,8,11,099,,9,43,135,48,11,14,268,,1*54
[  620.2] $GPGSV,4,3,14,14,56,338,35,15,-37,250,25,17,13,357,,21,23,218,,1*4F
[  620.2] $GPGSV,4,4,14,22,34,337,24,30,42,231,,1*62
[  620.2] $GPRMC,060758.37,V,,,,,,,090926,,,N,V*0B
[  620.7] $GPGGA,060759.37,,,,,0,03,99.99,,M,,M,,*6C
[  620.7] $GPGLL,,,,,060759.37,V,N*43
[  620.7] $GPGSA,A,1,,,,,,,,,,,,,99.99,99.99,99.99,1*2D
[  620.7] $GPGSV,4,1,14,1,-9,038,25,3,11,030,,4,25,097,44,6,23,304,,1*70
[  620.7] $GPGSV,4,2,14,7,35,170,,8,11,099,,9,43,135,48,11,14,268,,1*54
[  620.7] $GPGSV,4,3,14,14,56,338,35,16,-16,146,26,17,13,357,,21,23,218,,1*48
[  620.7] $GPGSV,4,4,14,22,34,337,24,30,42,231,,1*62
[  620.7] $GPRMC,060759.37,V,,,,,,,090926,,,N,V*0A
[  621.8] $GPGGA,060800.37,,,,,0,03,99.99,,M,,M,,*6F
[  621.8] $GPGLL,,,,,060800.37,V,N*40
[  621.8] $GPGSA,A,1,,,,,,,,,,,,,99.99,99.99,99.99,1*2D
[  621.8] $GPGSV,4,1,13,1,-9,038,24,3,11,030,,4,25,097,44,6,23,304,,1*76
[  621.8] $GPGSV,4,2,13,7,35,170,,8,11,099,,9,43,135,48,11,14,268,,1*53
[  621.8] $GPGSV,4,3,13,14,56,338,35,17,13,357,,21,23,218,,22,34,337,24,1*63
[  621.8] $GPGSV,4,4,13,30,42,231,,1*53
[  621.8] $GPRMC,060800.37,V,,,,,,,090926,,,N,V*09
[  622.9] $GPGGA,060801.37,,,,,0,03,99.99,,M,,M,,*6E
[  622.9] $GPGLL,,,,,060801.37,V,N*41
[  622.9] $GPGSA,A,1,,,,,,,,,,,,,99.99,99.99,99.99,1*2D
[  622.9] $GPGSV,3,1,12,3,11,030,,4,25,097,43,6,23,304,,7,35,170,,1*68
[  622.9] $GPGSV,3,2,12,8,11,099,25,9,43,135,48,11,14,268,,14,56,338,35,1*6D
[  622.9] $GPGSV,3,3,12,17,13,357,,21,23,218,,22,34,337,24,30,42,231,,1*68
[  622.9] $GPRMC,060801.37,V,,,,,,,090926,,,N,V*08
[  623.9] $GPGGA,060802.37,,,,,0,03,99.99,,M,,M,,*6D
[  623.9] $GPGLL,,,,,060802.37,V,N*42
[  623.9] $GPGSA,A,1,,,,,,,,,,,,,99.99,99.99,99.99,1*2D
[  623.9] $GPGSV,3,1,12,3,11,030,,4,25,097,43,6,23,304,,7,35,170,,1*68
[  623.9] $GPGSV,3,2,12,8,11,099,25,9,43,135,47,11,14,268,,14,56,338,35,1*62
[  623.9] $GPGSV,3,3,12,17,13,357,,21,23,218,,22,34,337,24,30,42,231,,1*68
[  623.9] $GPRMC,060802.37,V,,,,,,,090926,,,N,V*0B
[  625.0] $GPGGA,060803.37,,,,,0,03,99.99,,M,,M,,*6C
[  625.0] $GPGLL,,,,,060803.37,V,N*43
[  625.0] $GPGSA,A,1,,,,,,,,,,,,,99.99,99.99,99.99,1*2D
[  625.0] $GPGSV,4,1,14,2,-15,055,26,3,11,030,,4,25,097,43,6,23,304,,1*41
[  625.0] $GPGSV,4,2,14,7,35,170,,8,11,099,25,9,43,135,48,11,14,268,,1*53
[  625.0] $GPGSV,4,3,14,14,56,338,35,16,-16,146,28,17,13,357,,21,23,218,,1*46
[  625.0] $GPGSV,4,4,14,22,34,337,24,30,42,231,,1*62
[  625.0] $GPRMC,060803.37,V,,,,,,,090926,,,N,V*0A
[  626.0] $GPGGA,060804.37,,,,,0,03,99.99,,M,,M,,*6B
[  626.0] $GPGLL,,,,,060804.37,V,N*44
[  626.0] $GPGSA,A,1,,,,,,,,,,,,,99.99,99.99,99.99,1*2D
[  626.0] $GPGSV,4,1,16,2,-15,055,25,3,11,030,,4,25,097,43,6,23,304,,1*40
[  626.0] $GPGSV,4,2,16,7,35,170,,8,11,099,24,9,43,135,47,11,14,268,,1*5F
[  626.0] $GPGSV,4,3,16,14,56,338,35,15,-37,250,26,16,-16,146,28,17,13,357,,1*63
[  626.0] $GPGSV,4,4,16,21,23,218,,22,34,337,24,30,42,231,,193,,,29,1*69
[  626.0] $GPRMC,060804.37,V,,,,,,,090926,,,N,V*0D
[  627.0] $GPGGA,060805.37,,,,,0,03,99.99,,M,,M,,*6A
[  627.0] $GPGLL,,,,,060805.37,V,N*45
[  627.0] $GPGSA,A,1,,,,,,,,,,,,,99.99,99.99,99.99,1*2D
[  627.0] $GPGSV,3,1,12,3,11,030,,4,25,097,43,6,23,304,,7,35,170,,1*68
[  627.0] $GPGSV,3,2,12,8,11,099,,9,43,135,48,11,14,268,,14,56,338,35,1*6A
[  627.0] $GPGSV,3,3,12,17,13,357,26,21,23,218,,22,34,337,24,30,42,231,,1*6C
[  627.0] $GPRMC,060805.37,V,,,,,,,090926,,,N,V*0C
[  628.1] $GPGGA,060806.37,,,,,0,03,99.99,,M,,M,,*69
[  628.1] $GPGLL,,,,,060806.37,V,N*46
[  628.1] $GPGSA,A,1,,,,,,,,,,,,,99.99,99.99,99.99,1*2D
[  628.1] $GPGSV,3,1,12,3,11,030,,4,25,097,44,6,23,304,,7,35,170,,1*6F
[  628.1] $GPGSV,3,2,12,8,11,099,,9,43,135,48,11,14,268,,14,56,338,35,1*6A
[  628.1] $GPGSV,3,3,12,17,13,357,24,21,23,218,,22,34,337,24,30,42,231,,1*6E
[  628.1] $GPRMC,060806.37,V,,,,,,,090926,,,N,V*0F
[  629.2] $GPGGA,060807.37,,,,,0,03,99.99,,M,,M,,*68
[  629.2] $GPGLL,,,,,060807.37,V,N*47
[  629.2] $GPGSA,A,1,,,,,,,,,,,,,99.99,99.99,99.99,1*2D
[  629.2] $GPGSV,3,1,12,3,11,030,,4,25,097,44,6,23,304,,7,35,170,,1*6F
[  629.2] $GPGSV,3,2,12,8,11,099,,9,43,135,48,11,14,268,,14,56,338,35,1*6A
[  629.2] $GPGSV,3,3,12,17,13,357,25,21,23,218,,22,34,337,23,30,42,231,,1*68
[  629.2] $GPRMC,060807.37,V,,,,,,,090926,,,N,V*0E
[  630.2] $GPGGA,060808.37,,,,,0,03,99.99,,M,,M,,*67
[  630.2] $GPGLL,,,,,060808.37,V,N*48
[  630.2] $GPGSA,A,1,,,,,,,,,,,,,99.99,99.99,99.99,1*2D
[  630.2] $GPGSV,3,1,12,3,11,030,,4,25,097,44,6,23,304,,7,35,170,,1*6F
[  630.2] $GPGSV,3,2,12,8,11,099,,9,43,135,49,11,14,268,,14,56,338,35,1*6B
[  630.2] $GPGSV,3,3,12,17,13,357,24,21,23,218,,22,34,337,24,30,42,231,,1*6E
[  630.2] $GPRMC,060808.37,V,,,,,,,090926,,,N,V*01
[  630.7] $GPGGA,060809.37,,,,,0,03,99.99,,M,,M,,*66
[  630.7] $GPGLL,,,,,060809.37,V,N*49
[  630.7] $GPGSA,A,1,,,,,,,,,,,,,99.99,99.99,99.99,1*2D
[  630.7] $GPGSV,3,1,12,3,11,030,,4,25,097,44,6,23,304,,7,35,170,,1*6F
[  630.7] $GPGSV,3,2,12,8,11,099,,9,43,135,49,11,14,268,,14,56,338,35,1*6B
[  630.7] $GPGSV,3,3,12,17,13,357,,21,23,218,,22,34,337,24,30,42,231,,1*68
[  630.7] $GPRMC,060809.37,V,,,,,,,090926,,,N,V*00
[  631.8] $GPGGA,060810.37,,,,,0,03,99.99,,M,,M,,*6E
[  631.8] $GPGLL,,,,,060810.37,V,N*41
[  631.8] $GPGSA,A,1,,,,,,,,,,,,,99.99,99.99,99.99,1*2D
[  631.8] $GPGSV,4,1,13,3,11,030,,4,25,097,44,6,23,304,,7,35,170,,1*69
[  631.8] $GPGSV,4,2,13,8,11,099,,9,43,135,49,11,14,268,,14,56,338,35,1*6D
[  631.8] $GPGSV,4,3,13,16,-16,146,28,17,13,357,,21,23,218,,22,34,337,23,1*48
[  631.8] $GPGSV,4,4,13,30,42,231,,1*53
[  631.8] $GPRMC,060810.37,V,,,,,,,090926,,,N,V*08
[  632.8] $GPGGA,060811.37,,,,,0,03,99.99,,M,,M,,*6F
[  632.8] $GPGLL,,,,,060811.37,V,N*40
[  632.8] $GPGSA,A,1,,,,,,,,,,,,,99.99,99.99,99.99,1*2D
[  632.8] $GPGSV,3,1,12,3,11,030,,4,25,097,44,6,23,304,,7,35,170,,1*6F
[  632.8] $GPGSV,3,2,12,8,11,099,,9,43,135,49,11,14,268,,14,56,338,35,1*6B
[  632.8] $GPGSV,3,3,12,17,13,357,,21,23,218,,22,34,337,23,30,42,231,,1*6F
[  632.8] $GPRMC,060811.37,V,,,,,,,090926,,,N,V*09
[  633.9] $GPGGA,060812.37,,,,,0,03,99.99,,M,,M,,*6C
[  633.9] $GPGLL,,,,,060812.37,V,N*43
[  633.9] $GPGSA,A,1,,,,,,,,,,,,,99.99,99.99,99.99,1*2D
[  633.9] $GPGSV,4,1,13,3,11,030,43,4,25,097,44,6,23,304,,7,35,170,,1*6E
[  633.9] $GPGSV,4,2,13,8,11,099,,9,43,135,49,11,14,268,,14,56,338,35,1*6D
[  633.9] $GPGSV,4,3,13,16,-16,146,26,17,13,357,,21,23,218,,22,34,337,23,1*46
[  633.9] $GPGSV,4,4,13,30,42,231,,1*53
[  633.9] $GPRMC,060812.37,V,,,,,,,090926,,,N,V*0A
[  634.9] $GPGGA,060813.37,,,,,0,03,99.99,,M,,M,,*6D
[  634.9] $GPGLL,,,,,060813.37,V,N*42
[  634.9] $GPGSA,A,1,,,,,,,,,,,,,99.99,99.99,99.99,1*2D
[  634.9] $GPGSV,4,1,13,3,11,030,27,4,25,097,44,6,23,304,,7,35,170,,1*6C
[  634.9] $GPGSV,4,2,13,8,11,099,,9,43,135,49,11,14,268,,14,56,338,35,1*6D
[  634.9] $GPGSV,4,3,13,16,-16,146,25,17,13,357,,21,23,218,,22,34,337,23,1*45
[  634.9] $GPGSV,4,4,13,30,42,231,,1*53
[  634.9] $GPRMC,060813.37,V,,,,,,,090926,,,N,V*0B
[  636.0] $GPGGA,060814.37,,,,,0,03,99.99,,M,,M,,*6A
[  636.0] $GPGLL,,,,,060814.37,V,N*45
[  636.0] $GPGSA,A,1,,,,,,,,,,,,,99.99,99.99,99.99,1*2D
[  636.0] $GPGSV,4,1,14,3,11,030,25,4,25,097,44,6,23,304,,7,35,170,,1*69
[  636.0] $GPGSV,4,2,14,8,11,099,,9,43,135,49,11,14,268,,14,56,338,35,1*6A
[  636.0] $GPGSV,4,3,14,16,-16,146,25,17,13,357,29,21,23,218,,22,34,337,23,1*49
[  636.0] $GPGSV,4,4,14,30,42,231,,201,,,24,1*61
[  636.0] $GPRMC,060814.37,V,,,,,,,090926,,,N,V*0C
[  637.0] $GPGGA,060815.37,,,,,0,03,99.99,,M,,M,,*6B
[  637.0] $GPGLL,,,,,060815.37,V,N*44
[  637.0] $GPGSA,A,1,,,,,,,,,,,,,99.99,99.99,99.99,1*2D
[  637.0] $GPGSV,4,1,14,3,11,030,25,4,25,097,44,6,23,304,,7,35,170,,1*69
[  637.0] $GPGSV,4,2,14,8,11,099,27,9,43,135,49,11,14,268,,14,56,338,35,1*6F
[  637.0] $GPGSV,4,3,14,15,-37,250,29,16,-16,146,25,17,13,357,,21,23,218,,1*62
[  637.0] $GPGSV,4,4,14,22,34,337,23,30,42,231,,1*65
[  637.0] $GPRMC,060815.37,V,,,,,,,090926,,,N,V*0D
[  638.1] $GPGGA,060816.37,,,,,0,03,99.99,,M,,M,,*68
[  638.1] $GPGLL,,,,,060816.37,V,N*47
[  638.1] $GPGSA,A,1,,,,,,,,,,,,,99.99,99.99,99.99,1*2D
[  638.1] $GPGSV,4,1,13,3,11,030,,4,25,097,44,6,23,304,,7,35,170,,1*69
[  638.1] $GPGSV,4,2,13,8,11,099,,9,43,135,49,11,14,268,,14,56,338,35,1*6D
[  638.1] $GPGSV,4,3,13,16,-16,146,29,17,13,357,,21,23,218,,22,34,337,23,1*49
[  638.1] $GPGSV,4,4,13,30,42,231,,1*53
[  638.1] $GPRMC,060816.37,V,,,,,,,090926,,,N,V*0E
[  639.1] $GPGGA,060817.37,,,,,0,03,99.99,,M,,M,,*69
[  639.1] $GPGLL,,,,,060817.37,V,N*46
[  639.1] $GPGSA,A,1,,,,,,,,,,,,,99.99,99.99,99.99,1*2D
[  639.1] $GPGSV,2,1,6,1,,,28,4,,,44,9,,,49,14,,,35,1*69
[  639.1] $GPGSV,2,2,6,22,,,23,197,,,26,1*68
[  639.1] $GPRMC,060817.37,V,,,,,,,090926,,,N,V*0F
[  640.2] $GPGGA,060818.37,,,,,0,03,99.99,,M,,M,,*66
[  640.2] $GPGLL,,,,,060818.37,V,N*49
[  640.2] $GPGSA,A,1,,,,,,,,,,,,,99.99,99.99,99.99,1*2D
[  640.2] $GPGSV,2,1,5,4,,,44,9,,,49,14,,,35,22,,,23,1*50
[  640.2] $GPGSV,2,2,5,197,,,24,1*68
[  640.2] $GPRMC,060818.37,V,,,,,,,090926,,,N,V*00
[  640.7] $GPGGA,060819.37,,,,,0,03,99.99,,M,,M,,*67
[  640.7] $GPGLL,,,,,060819.37,V,N*48
[  640.7] $GPGSA,A,1,,,,,,,,,,,,,99.99,99.99,99.99,1*2D
[  640.7] $GPGSV,2,1,5,4,,,44,9,,,49,14,,,35,22,,,23,1*50
[  640.7] $GPGSV,2,2,5,197,,,24,1*68
[  640.7] $GPRMC,060819.37,V,,,,,,,090926,,,N,V*01
[  641.8] $GPGGA,060820.37,,,,,0,03,99.99,,M,,M,,*6D
[  641.8] $GPGLL,,,,,060820.37,V,N*42
[  641.8] $GPGSA,A,1,,,,,,,,,,,,,99.99,99.99,99.99,1*2D
[  641.8] $GPGSV,2,1,6,4,,,44,9,,,49,14,,,35,17,,,28,1*5E
[  641.8] $GPGSV,2,2,6,22,,,23,197,,,24,1*6A
[  641.8] $GPRMC,060820.37,V,,,,,,,090926,,,N,V*0B
[  642.8] $GPGGA,060821.37,,,,,0,03,99.99,,M,,M,,*6C
[  642.8] $GPGLL,,,,,060821.37,V,N*43
[  642.8] $GPGSA,A,1,,,,,,,,,,,,,99.99,99.99,99.99,1*2D
[  642.8] $GPGSV,2,1,6,4,,,44,9,,,48,14,,,35,22,,,23,1*52
[  642.8] $GPGSV,2,2,6,24,,,28,26,,,27,1*5F
[  642.8] $GPRMC,060821.37,V,,,,,,,090926,,,N,V*0A
[  643.9] $GPGGA,060822.37,,,,,0,03,99.99,,M,,M,,*6F
[  643.9] $GPGLL,,,,,060822.37,V,N*40
[  643.9] $GPGSA,A,1,,,,,,,,,,,,,99.99,99.99,99.99,1*2D
[  643.9] $GPGSV,2,1,7,4,,,44,9,,,49,11,,,33,14,,,35,1*53
[  643.9] $GPGSV,2,2,7,22,,,23,24,,,25,26,,,25,1*50
[  643.9] $GPRMC,060822.37,V,,,,,,,090926,,,N,V*09
[  644.9] $GPGGA,060823.37,,,,,0,03,99.99,,M,,M,,*6E
[  644.9] $GPGLL,,,,,060823.37,V,N*41
[  644.9] $GPGSA,A,1,,,,,,,,,,,,,99.99,99.99,99.99,1*2D
[  644.9] $GPGSV,2,1,6,4,,,44,9,,,49,14,,,35,22,,,23,1*53
[  644.9] $GPGSV,2,2,6,24,,,24,26,,,25,1*51
[  644.9] $GPRMC,060823.37,V,,,,,,,090926,,,N,V*08
[  646.0] $GPGGA,060824.37,,,,,0,03,99.99,,M,,M,,*69
[  646.0] $GPGLL,,,,,060824.37,V,N*46
[  646.0] $GPGSA,A,1,,,,,,,,,,,,,99.99,99.99,99.99,1*2D
[  646.0] $GPGSV,2,1,8,4,,,44,8,,,30,9,,,49,11,,,27,1*61
[  646.0] $GPGSV,2,2,8,14,,,35,22,,,23,24,,,25,26,,,24,1*5D
[  646.0] $GPRMC,060824.37,V,,,,,,,090926,,,N,V*0F
[  647.0] $GPGGA,060825.37,,,,,0,03,99.99,,M,,M,,*68
[  647.0] $GPGLL,,,,,060825.37,V,N*47
[  647.0] $GPGSA,A,1,,,,,,,,,,,,,99.99,99.99,99.99,1*2D
[  647.0] $GPGSV,2,1,5,4,,,44,9,,,49,14,,,35,17,,,26,1*53
[  647.0] $GPGSV,2,2,5,22,,,23,1*50
[  647.0] $GPRMC,060825.37,V,,,,,,,090926,,,N,V*0E
[  648.1] $GPGGA,060826.37,,,,,0,03,99.99,,M,,M,,*6B
[  648.1] $GPGLL,,,,,060826.37,V,N*44
[  648.1] $GPGSA,A,1,,,,,,,,,,,,,99.99,99.99,99.99,1*2D
[  648.1] $GPGSV,1,1,4,4,,,44,9,,,49,14,,,35,22,,,22,1*53
[  648.1] $GPRMC,060826.37,V,,,,,,,090926,,,N,V*0D
[  649.1] $GPGGA,060827.37,,,,,0,03,99.99,,M,,M,,*6A
[  649.1] $GPGLL,,,,,060827.37,V,N*45
[  649.1] $GPGSA,A,1,,,,,,,,,,,,,99.99,99.99,99.99,1*2D
[  649.1] $GPGSV,1,1,4,4,,,44,9,,,49,14,,,35,22,,,22,1*53
[  649.1] $GPRMC,060827.37,V,,,,,,,090926,,,N,V*0C
[  650.2] $GPGGA,060828.37,,,,,0,03,99.99,,M,,M,,*65
[  650.2] $GPGLL,,,,,060828.37,V,N*4A
[  650.2] $GPGSA,A,1,,,,,,,,,,,,,99.99,99.99,99.99,1*2D
[  650.2] $GPGSV,1,1,4,4,,,44,9,,,49,14,,,35,22,,,21,1*50
[  650.2] $GPRMC,060828.37,V,,,,,,,090926,,,N,V*03
[  650.7] $GPGGA,060829.37,,,,,0,03,99.99,,M,,M,,*64
[  650.7] $GPGLL,,,,,060829.37,V,N*4B
[  650.7] $GPGSA,A,1,,,,,,,,,,,,,99.99,99.99,99.99,1*2D
[  650.7] $GPGSV,2,1,6,4,,,44,5,,,29,9,,,49,14,,,36,1*6F
[  650.7] $GPGSV,2,2,6,17,,,26,22,,,21,1*53
[  650.7] $GPRMC,060829.37,V,,,,,,,090926,,,N,V*02
[  651.7] $GPGGA,060830.37,,,,,0,03,99.99,,M,,M,,*6C
[  651.7] $GPGLL,,,,,060830.37,V,N*43
[  651.7] $GPGSA,A,1,,,,,,,,,,,,,99.99,99.99,99.99,1*2D
[  651.7] $GPGSV,2,1,7,4,,,44,5,,,26,9,,,49,14,,,35,1*62
[  651.7] $GPGSV,2,2,7,16,,,27,17,,,25,22,,,22,1*50
[  651.7] $GPRMC,060830.37,V,,,,,,,090926,,,N,V*0A
[  652.8] $GPGGA,060831.37,,,,,0,03,99.99,,M,,M,,*6D
[  652.8] $GPGLL,,,,,060831.37,V,N*42
[  652.8] $GPGSA,A,1,,,,,,,,,,,,,99.99,99.99,99.99,1*2D
[  652.8] $GPGSV,2,1,7,3,,,28,4,,,44,9,,,49,14,,,36,1*69
[  652.8] $GPGSV,2,2,7,15,,,29,17,,,25,22,,,22,1*5D
[  652.8] $GPRMC,060831.37,V,,,,,,,090926,,,N,V*0B
[  653.8] $GPGGA,060832.37,,,,,0,03,99.99,,M,,M,,*6E
[  653.8] $GPGLL,,,,,060832.37,V,N*41
[  653.8] $GPGSA,A,1,,,,,,,,,,,,,99.99,99.99,99.99,1*2D
[  653.8] $GPGSV,2,1,5,4,,,44,9,,,49,14,,,35,17,,,24,1*51
[  653.8] $GPGSV,2,2,5,22,,,22,1*51
[  653.8] $GPRMC,060832.37,V,,,,,,,090926,,,N,V*08
[  654.9] $GPGGA,060833.37,,,,,0,03,99.99,,M,,M,,*6F
[  654.9] $GPGLL,,,,,060833.37,V,N*40
[  654.9] $GPGSA,A,1,,,,,,,,,,,,,99.99,99.99,99.99,1*2D
[  654.9] $GPGSV,2,1,5,4,,,44,9,,,49,14,,,35,17,,,25,1*50
[  654.9] $GPGSV,2,2,5,22,,,22,1*51
[  654.9] $GPRMC,060833.37,V,,,,,,,090926,,,N,V*09
[  655.9] $GPGGA,060834.37,,,,,0,03,99.99,,M,,M,,*68
[  655.9] $GPGLL,,,,,060834.37,V,N*47
[  655.9] $GPGSA,A,1,,,,,,,,,,,,,99.99,99.99,99.99,1*2D
[  655.9] $GPGSV,1,1,4,4,,,44,9,,,49,14,,,36,22,,,22,1*50
[  655.9] $GPRMC,060834.37,V,,,,,,,090926,,,N,V*0E
[  657.0] $GPGGA,060835.37,,,,,0,03,99.99,,M,,M,,*69
[  657.0] $GPGLL,,,,,060835.37,V,N*46
[  657.0] $GPGSA,A,1,,,,,,,,,,,,,99.99,99.99,99.99,1*2D
[  657.0] $GPGSV,2,1,5,4,,,44,9,,,49,14,,,36,22,,,22,1*52
[  657.0] $GPGSV,2,2,5,26,,,29,1*5E
[  657.0] $GPRMC,060835.37,V,,,,,,,090926,,,N,V*0F
[  658.1] $GPGGA,060836.37,,,,,0,03,99.99,,M,,M,,*6A
[  658.1] $GPGLL,,,,,060836.37,V,N*45
[  658.1] $GPGSA,A,1,,,,,,,,,,,,,99.99,99.99,99.99,1*2D
[  658.1] $GPGSV,2,1,5,4,,,44,9,,,49,14,,,36,22,,,22,1*52
[  658.1] $GPGSV,2,2,5,26,,,26,1*51
[  658.1] $GPRMC,060836.37,V,,,,,,,090926,,,N,V*0C
[  659.1] $GPGGA,060837.37,,,,,0,03,99.99,,M,,M,,*6B
[  659.1] $GPGLL,,,,,060837.37,V,N*44
[  659.1] $GPGSA,A,1,,,,,,,,,,,,,99.99,99.99,99.99,1*2D
[  659.1] $GPGSV,2,1,8,4,,,44,8,,,26,9,,,49,14,,,36,1*63
[  659.1] $GPGSV,2,2,8,15,,,28,17,,,26,22,,,22,26,,,24,1*52
[  659.1] $GPRMC,060837.37,V,,,,,,,090926,,,N,V*0D
[  660.1] $GPGGA,060838.37,,,,,0,03,99.99,,M,,M,,*64
[  660.1] $GPGLL,,,,,060838.37,V,N*4B
[  660.1] $GPGSA,A,1,,,,,,,,,,,,,99.99,99.99,99.99,1*2D
[  660.1] $GPGSV,2,1,6,4,,,44,9,,,48,14,,,36,17,,,25,1*51
[  660.1] $GPGSV,2,2,6,19,,,28,22,,,22,1*50
[  660.1] $GPRMC,060838.37,V,,,,,,,090926,,,N,V*02
[  661.2] $GPGGA,060839.37,,,,,0,03,99.99,,M,,M,,*65
[  661.2] $GPGLL,,,,,060839.37,V,N*4A
[  661.2] $GPGSA,A,1,,,,,,,,,,,,,99.99,99.99,99.99,1*2D
[  661.2] $GPGSV,2,1,7,4,,,44,8,,,27,9,,,48,14,,,36,1*6C
[  661.2] $GPGSV,2,2,7,17,,,18,19,,,25,22,,,23,1*52
[  661.2] $GPRMC,060839.37,V,,,,,,,090926,,,N,V*03
[  661.7] $GPGGA,060840.37,,,,,0,03,99.99,,M,,M,,*6B
[  661.7] $GPGLL,,,,,060840.37,V,N*44
[  661.7] $GPGSA,A,1,,,,,,,,,,,,,99.99,99.99,99.99,1*2D
[  661.7] $GPGSV,2,1,6,4,,,44,9,,,49,14,,,36,17,,,13,1*55
[  661.7] $GPGSV,2,2,6,19,,,24,22,,,23,1*5D
[  661.7] $GPRMC,060840.37,V,,,,,,,090926,,,N,V*0D
[  662.8] $GPGGA,060841.37,,,,,0,03,99.99,,M,,M,,*6A
[  662.8] $GPGLL,,,,,060841.37,V,N*45
[  662.8] $GPGSA,A,1,,,,,,,,,,,,,99.99,99.99,99.99,1*2D
[  662.8] $GPGSV,2,1,5,4,,,44,9,,,49,14,,,36,19,,,25,1*5D
[  662.8] $GPGSV,2,2,5,22,,,23,1*50
[  662.8] $GPRMC,060841.37,V,,,,,,,090926,,,N,V*0C
[  663.8] $GPGGA,060842.37,,,,,0,03,99.99,,M,,M,,*69
[  663.8] $GPGLL,,,,,060842.37,V,N*46
[  663.8] $GPGSA,A,1,,,,,,,,,,,,,99.99,99.99,99.99,1*2D
[  663.8] $GPGSV,2,1,5,4,,,44,9,,,49,14,,,36,17,,,26,1*50
[  663.8] $GPGSV,2,2,5,22,,,23,1*50
[  663.8] $GPRMC,060842.37,V,,,,,,,090926,,,N,V*0F
[  664.9] $GPGGA,060843.37,,,,,0,03,99.99,,M,,M,,*68
[  664.9] $GPGLL,,,,,060843.37,V,N*47
[  664.9] $GPGSA,A,1,,,,,,,,,,,,,99.99,99.99,99.99,1*2D
[  664.9] $GPGSV,2,1,7,1,,,26,4,,,44,9,,,49,14,,,36,1*65
[  664.9] $GPGSV,2,2,7,17,,,26,22,,,23,26,,,28,1*5E
[  664.9] $GPRMC,060843.37,V,,,,,,,090926,,,N,V*0E
[  665.9] $GPGGA,060844.37,,,,,0,03,99.99,,M,,M,,*6F
[  665.9] $GPGLL,,,,,060844.37,V,N*40
[  665.9] $GPGSA,A,1,,,,,,,,,,,,,99.99,99.99,99.99,1*2D
[  665.9] $GPGSV,2,1,8,1,,,25,4,,,44,9,,,49,11,,,27,1*6C
[  665.9] $GPGSV,2,2,8,14,,,36,17,,,25,22,,,23,26,,,26,1*5C
[  665.9] $GPRMC,060844.37,V,,,,,,,090926,,,N,V*09
[  667.0] $GPGGA,060845.37,,,,,0,03,99.99,,M,,M,,*6E
[  667.0] $GPGLL,,,,,060845.37,V,N*41
[  667.0] $GPGSA,A,1,,,,,,,,,,,,,99.99,99.99,99.99,1*2D
[  667.0] $GPGSV,3,1,11,1,,,25,4,,,44,7,,,27,9,,,49,1*62
[  667.0] $GPGSV,3,2,11,11,,,25,14,,,36,15,,,26,17,,,25,1*63
[  667.0] $GPGSV,3,3,11,22,,,23,26,,,24,27,,,26,1*66
[  667.0] $GPRMC,060845.37,V,,,,,,,090926,,,N,V*08
[  668.0] $GPGGA,060846.37,,,,,0,03,99.99,,M,,M,,*6D
[  668.0] $GPGLL,,,,,060846.37,V,N*42
[  668.0] $GPGSA,A,1,,,,,,,,,,,,,99.99,99.99,99.99,1*2D
[  668.0] $GPGSV,3,1,11,1,,,25,4,,,44,7,,,25,9,,,49,1*60
[  668.0] $GPGSV,3,2,11,11,,,24,14,,,36,15,,,26,22,,,23,1*62
[  668.0] $GPGSV,3,3,11,26,,,25,27,,,25,201,,,27,1*53
[  668.0] $GPRMC,060846.37,V,,,,,,,090926,,,N,V*0B
[  669.1] $GPGGA,060847.37,,,,,0,03,99.99,,M,,M,,*6C
[  669.1] $GPGLL,,,,,060847.37,V,N*43
[  669.1] $GPGSA,A,1,,,,,,,,,,,,,99.99,99.99,99.99,1*2D
[  669.1] $GPGSV,3,1,10,4,,,44,7,,,26,9,,,48,11,,,25,1*52
[  669.1] $GPGSV,3,2,10,14,,,36,15,,,25,22,,,23,26,,,25,1*65
[  669.1] $GPGSV,3,3,10,27,,,24,201,,,26,1*51
[  669.1] $GPRMC,060847.37,V,,,,,,,090926,,,N,V*0A
[  670.1] $GPGGA,060848.37,,,,,0,03,99.99,,M,,M,,*63
[  670.1] $GPGLL,,,,,060848.37,V,N*4C
[  670.1] $GPGSA,A,1,,,,,,,,,,,,,99.99,99.99,99.99,1*2D
[  670.1] $GPGSV,3,1,9,4,,,43,7,,,27,9,,,48,14,,,36,1*6B
[  670.1] $GPGSV,3,2,9,15,,,25,19,,,26,22,,,23,27,,,25,1*50
[  670.1] $GPGSV,3,3,9,201,,,25,1*69
[  670.1] $GPRMC,060848.37,V,,,,,,,090926,,,N,V*05
[  671.2] $GPGGA,060849.37,,,,,0,03,99.99,,M,,M,,*62
[  671.2] $GPGLL,,,,,060849.37,V,N*4D
[  671.2] $GPGSA,A,1,,,,,,,,,,,,,99.99,99.99,99.99,1*2D
[  671.2] $GPGSV,2,1,8,1,,,31,4,,,44,7,,,27,9,,,49,1*5E
[  671.2] $GPGSV,2,2,8,14,,,36,19,,,25,22,,,23,201,,,25,1*66
[  671.2] $GPRMC,060849.37,V,,,,,,,090926,,,N,V*04
[  672.2] $GPGGA,060850.37,,,,,0,03,99.99,,M,,M,,*6A
[  672.2] $GPGLL,,,,,060850.37,V,N*45
[  672.2] $GPGSA,A,1,,,,,,,,,,,,,99.99,99.99,99.99,1*2D
[  672.2] $GPGSV,3,1,9,1,,,27,4,,,44,5,,,25,7,,,27,1*5F
[  672.2] $GPGSV,3,2,9,9,,,48,14,,,36,18,,,29,19,,,25,1*64
[  672.2] $GPGSV,3,3,9,22,,,23,1*5C
[  672.2] $GPRMC,060850.37,V,,,,,,,090926,,,N,V*0C
[  672.7] $GPGGA,060851.37,,,,,0,03,99.99,,M,,M,,*6B
[  672.7] $GPGLL,,,,,060851.37,V,N*44
[  672.7] $GPGSA,A,1,,,,,,,,,,,,,99.99,99.99,99.99,1*2D
[  672.7] $GPGSV,3,1,10,4,,,44,5,,,24,7,,,27,9,,,49,1*66
[  672.7] $GPGSV,3,2,10,14,,,36,15,,,28,18,,,28,19,,,20,1*63
[  672.7] $GPGSV,3,3,10,22,,,23,26,,,29,1*6B
[  672.7] $GPRMC,060851.37,V,,,,,,,090926,,,N,V*0D
[  673.8] $GPGGA,060852.37,,,,,0,03,99.99,,M,,M,,*68
[  673.8] $GPGLL,,,,,060852.37,V,N*47
[  673.8] $GPGSA,A,1,,,,,,,,,,,,,99.99,99.99,99.99,1*2D
[  673.8] $GPGSV,2,1,8,4,,,44,5,,,25,6,,,25,7,,,27,1*5A
[  673.8] $GPGSV,2,2,8,9,,,48,14,,,36,15,,,27,22,,,23,1*69
[  673.8] $GPRMC,060852.37,V,,,,,,,090926,,,N,V*0E
[  674.8] $GPGGA,060853.37,,,,,0,03,99.99,,M,,M,,*69
[  674.8] $GPGLL,,,,,060853.37,V,N*46
[  674.8] $GPGSA,A,1,,,,,,,,,,,,,99.99,99.99,99.99,1*2D
[  674.8] $GPGSV,3,1,9,2,,,27,4,,,44,5,,,24,6,,,24,1*5F
[  674.8] $GPGSV,3,2,9,7,,,28,9,,,48,14,,,37,20,,,26,1*53
[  674.8] $GPGSV,3,3,9,22,,,24,1*5B
[  674.8] $GPRMC,060853.37,V,,,,,,,090926,,,N,V*0F
[  675.9] $GPGGA,060854.37,,,,,0,03,99.99,,M,,M,,*6E
[  675.9] $GPGLL,,,,,060854.37,V,N*41
[  675.9] $GPGSA,A,1,,,,,,,,,,,,,99.99,99.99,99.99,1*2D
[  675.9] $GPGSV,2,1,7,4,,,44,6,,,25,7,,,28,9,,,49,1*5C
[  675.9] $GPGSV,2,2,7,14,,,37,22,,,23,26,,,30,1*54
[  675.9] $GPRMC,060854.37,V,,,,,,,090926,,,N,V*08
[  676.9] $GPGGA,060855.37,,,,,0,03,99.99,,M,,M,,*6F
[  676.9] $GPGLL,,,,,060855.37,V,N*40
[  676.9] $GPGSA,A,1,,,,,,,,,,,,,99.99,99.99,99.99,1*2D
[  676.9] $GPGSV,2,1,8,4,,,44,6,,,25,7,,,28,9,,,49,1*53
[  676.9] $GPGSV,2,2,8,14,,,37,16,,,26,22,,,23,26,,,25,1*5C
[  676.9] $GPRMC,060855.37,V,,,,,,,090926,,,N,V*09
[  678.0] $GPGGA,060856.37,,,,,0,03,99.99,,M,,M,,*6C
[  678.0] $GPGLL,,,,,060856.37,V,N*43
[  678.0] $GPGSA,A,1,,,,,,,,,,,,,99.99,99.99,99.99,1*2D
[  678.0] $GPGSV,2,1,7,4,,,44,7,,,28,9,,,49,14,,,36,1*6D
[  678.0] $GPGSV,2,2,7,15,,,30,22,,,23,26,,,25,1*56
[  678.0] $GPRMC,060856.37,V,,,,,,,090926,,,N,V*0A
[  679.0] $GPGGA,060857.37,,,,,0,03,99.99,,M,,M,,*6D
[  679.0] $GPGLL,,,,,060857.37,V,N*42
[  679.0] $GPGSA,A,1,,,,,,,,,,,,,99.99,99.99,99.99,1*2D
[  679.0] $GPGSV,3,1,9,1,,,28,4,,,44,7,,,28,9,,,49,1*59
[  679.0] $GPGSV,3,2,9,14,,,37,15,,,26,22,,,24,26,,,25,1*58
[  679.0] $GPGSV,3,3,9,27,,,31,1*5A
[  679.0] $GPRMC,060857.37,V,,,,,,,090926,,,N,V*0B
[  680.1] $GPGGA,060858.37,,,,,0,03,99.99,,M,,M,,*62
[  680.1] $GPGLL,,,,,060858.37,V,N*4D
[  680.1] $GPGSA,A,1,,,,,,,,,,,,,99.99,99.99,99.99,1*2D
[  680.1] $GPGSV,2,1,6,4,,,44,7,,,29,9,,,49,14,,,37,1*6C
[  680.1] $GPGSV,2,2,6,22,,,24,30,,,25,1*50
[  680.1] $GPRMC,060858.37,V,,,,,,,090926,,,N,V*04
[  681.1] $GPGGA,060859.37,,,,,0,03,99.99,,M,,M,,*63
[  681.1] $GPGLL,,,,,060859.37,V,N*4C
[  681.1] $GPGSA,A,1,,,,,,,,,,,,,99.99,99.99,99.99,1*2D
[  681.1] $GPGSV,2,1,8,4,,,44,7,,,29,9,,,49,14,,,37,1*62
[  681.1] $GPGSV,2,2,8,19,,,26,22,,,24,30,,,25,193,,,29,1*62
[  681.1] $GPRMC,060859.37,V,,,,,,,090926,,,N,V*05
[  682.2] $GPGGA,060900.37,,,,,0,03,99.99,,M,,M,,*6E
[  682.2] $GPGLL,,,,,060900.37,V,N*41
[  682.2] $GPGSA,A,1,,,,,,,,,,,,,99.99,99.99,99.99,1*2D
[  682.2] $GPGSV,3,1,10,4,,,44,6,,,28,7,,,29,9,,,48,1*66
[  682.2] $GPGSV,3,2,10,14,,,37,17,,,30,19,,,25,22,,,23,1*6E
[  682.2] $GPGSV,3,3,10,30,,,24,193,,,25,1*5C
[  682.2] $GPRMC,060900.37,V,,,,,,,090926,,,N,V*08
[  683.2] $GPGGA,060901.37,,,,,0,03,99.99,,M,,M,,*6F
[  683.2] $GPGLL,,,,,060901.37,V,N*40
[  683.2] $GPGSA,A,1,,,,,,,,,,,,,99.99,99.99,99.99,1*2D
[  683.2] $GPGSV,3,1,11,4,,,44,6,,,25,7,,,28,9,,,48,1*6B
[  683.2] $GPGSV,3,2,11,14,,,36,18,,,27,19,,,25,22,,,23,1*67
[  683.2] $GPGSV,3,3,11,30,,,25,193,,,24,197,,,26,1*66
[  683.2] $GPRMC,060901.37,V,,,,,,,090926,,,N,V*09
[  683.7] $GPGGA,060902.37,,,,,0,03,99.99,,M,,M,,*6C
[  683.7] $GPGLL,,,,,060902.37,V,N*43
[  683.7] $GPGSA,A,1,,,,,,,,,,,,,99.99,99.99,99.99,1*2D
[  683.7] $GPGSV,3,1,11,4,,,44,6,,,25,7,,,28,9,,,49,1*6A
[  683.7] $GPGSV,3,2,11,14,,,36,18,,,27,19,,,25,22,,,24,1*60
[  683.7] $GPGSV,3,3,11,27,,,25,193,,,24,197,,,25,1*63
[  683.7] $GPRMC,060902.37,V,,,,,,,090926,,,N,V*0A
[  684.8] $GPGGA,060903.37,,,,,0,03,99.99,,M,,M,,*6D
[  684.8] $GPGLL,,,,,060903.37,V,N*42
[  684.8] $GPGSA,A,1,,,,,,,,,,,,,99.99,99.99,99.99,1*2D
[  684.8] $GPGSV,3,1,10,3,,,27,4,,,44,6,,,25,7,,,28,1*69
[  684.8] $GPGSV,3,2,10,9,,,49,14,,,36,18,,,26,22,,,23,1*5C
[  684.8] $GPGSV,3,3,10,27,,,25,197,,,24,1*5E
[  684.8] $GPRMC,060903.37,V,,,,,,,090926,,,N,V*0B
[  685.8] $GPGGA,060904.37,,,,,0,03,99.99,,M,,M,,*6A
[  685.8] $GPGLL,,,,,060904.37,V,N*45
[  685.8] $GPGSA,A,1,,,,,,,,,,,,,99.99,99.99,99.99,1*2D
[  685.8] $GPGSV,3,1,9,3,,,25,4,,,44,7,,,28,9,,,49,1*56
[  685.8] $GPGSV,3,2,9,14,,,36,15,,,30,22,,,23,27,,,24,1*59
[  685.8] $GPGSV,3,3,9,197,,,24,1*64
[  685.8] $GPRMC,060904.37,V,,,,,,,090926,,,N,V*0C
[  686.9] $GPGGA,060905.37,,,,,0,03,99.99,,M,,M,,*6B
[  686.9] $GPGLL,,,,,060905.37,V,N*44
[  686.9] $GPGSA,A,1,,,,,,,,,,,,,99.99,99.99,99.99,1*2D
[  686.9] $GPGSV,3,1,10,2,,,25,3,,,22,4,,,44,7,,,28,1*68
[  686.9] $GPGSV,3,2,10,9,,,49,14,,,36,15,,,29,19,,,32,1*56
[  686.9] $GPGSV,3,3,10,22,,,23,27,,,24,1*67
[  686.9] $GPRMC,060905.37,V,,,,,,,090926,,,N,V*0D
[  688.0] $GPGGA,060906.37,,,,,0,03,99.99,,M,,M,,*68
[  688.0] $GPGLL,,,,,060906.37,V,N*47
[  688.0] $GPGSA,A,1,,,,,,,,,,,,,99.99,99.99,99.99,1*2D
[  688.0] $GPGSV,3,1,11,2,,,25,3,,,11,4,,,44,7,,,28,1*69
[  688.0] $GPGSV,3,2,11,9,,,49,14,,,36,15,,,28,19,,,27,1*52
[  688.0] $GPGSV,3,3,11,22,,,23,27,,,26,30,,,26,1*63
[  688.0] $GPRMC,060906.37,V,,,,,,,090926,,,N,V*0E
[  689.0] $GPGGA,060907.37,,,,,0,03,99.99,,M,,M,,*69
[  689.0] $GPGLL,,,,,060907.37,V,N*46
[  689.0] $GPGSA,A,1,,,,,,,,,,,,,99.99,99.99,99.99,1*2D
[  689.0] $GPGSV,2,1,8,2,,,24,4,,,44,7,,,29,9,,,49,1*57
[  689.0] $GPGSV,2,2,8,14,,,36,22,,,23,26,,,26,30,,,24,1*58
[  689.0] $GPRMC,060907.37,V,,,,,,,090926,,,N,V*0F
[  690.0] $GPGGA,060908.37,,,,,0,03,99.99,,M,,M,,*66
[  690.0] $GPGLL,,,,,060908.37,V,N*49
[  690.0] $GPGSA,A,1,,,,,,,,,,,,,99.99,99.99,99.99,1*2D
[  690.0] $GPGSV,3,1,9,2,,,24,4,,,44,7,,,25,9,,,49,1*5B
[  690.0] $GPGSV,3,2,9,14,,,36,18,,,27,22,,,22,26,,,25,1*53
[  690.0] $GPGSV,3,3,9,30,,,24,1*58
[  690.0] $GPRMC,060908.37,V,,,,,,,090926,,,N,V*00
[  691.1] $GPGGA,060909.37,,,,,0,03,99.99,,M,,M,,*67
[  691.1] $GPGLL,,,,,060909.37,V,N*48
[  691.1] $GPGSA,A,1,,,,,,,,,,,,,99.99,99.99,99.99,1*2D
[  691.1] $GPGSV,2,1,7,4,,,44,7,,,26,9,,,49,14,,,36,1*63
[  691.1] $GPGSV,2,2,7,22,,,22,26,,,25,30,,,24,1*55
[  691.1] $GPRMC,060909.37,V,,,,,,,090926,,,N,V*01
[  692.1] $GPGGA,060910.37,,,,,0,03,99.99,,M,,M,,*6F
[  692.1] $GPGLL,,,,,060910.37,V,N*40
[  692.1] $GPGSA,A,1,,,,,,,,,,,,,99.99,99.99,99.99,1*2D
[  692.1] $GPGSV,2,1,7,4,,,44,7,,,27,9,,,49,14,,,36,1*62
[  692.1] $GPGSV,2,2,7,22,,,22,26,,,25,31,,,25,1*55
[  692.1] $GPRMC,060910.37,V,,,,,,,090926,,,N,V*09
[  693.2] $GPGGA,060911.37,,,,,0,03,99.99,,M,,M,,*6E
[  693.2] $GPGLL,,,,,060911.37,V,N*41
[  693.2] $GPGSA,A,1,,,,,,,,,,,,,99.99,99.99,99.99,1*2D
[  693.2] $GPGSV,2,1,8,4,,,44,7,,,27,9,,,48,14,,,36,1*6C
[  693.2] $GPGSV,2,2,8,15,,,28,22,,,22,26,,,29,31,,,25,1*58
[  693.2] $GPRMC,060911.37,V,,,,,,,090926,,,N,V*08
[  693.7] $GPGGA,060912.37,,,,,0,03,99.99,,M,,M,,*6D
[  693.7] $GPGLL,,,,,060912.37,V,N*42
[  694.2] $GPGSA,A,1,,,,,,,,,,,,,99.99,99.99,99.99,1*2D
[  694.2] $GPGSV,2,1,8,4,,,44,7,,,27,9,,,48,14,,,36,1*6C
[  694.2] $GPGSV,2,2,8,15,,,24,22,,,22,26,,,25,31,,,25,1*58
[  694.2] $GPRMC,060912.37,V,,,,,,,090926,,,N,V*0B
[  694.7] $GPGGA,060913.37,,,,,0,03,99.99,,M,,M,,*6C
[  694.7] $GPGLL,,,,,060913.37,V,N*43
[  694.7] $GPGSA,A,1,,,,,,,,,,,,,99.99,99.99,99.99,1*2D
[  694.7] $GPGSV,2,1,7,4,,,43,7,,,26,9,,,48,14,,,36,1*65
[  694.7] $GPGSV,2,2,7,22,,,22,26,,,25,31,,,25,1*55
[  694.7] $GPRMC,060913.37,V,,,,,,,090926,,,N,V*0A
[  695.8] $GPGGA,060914.37,,,,,0,03,99.99,,M,,M,,*6B
[  695.8] $GPGLL,,,,,060914.37,V,N*44
[  695.8] $GPGSA,A,1,,,,,,,,,,,,,99.99,99.99,99.99,1*2D
[  695.8] $GPGSV,2,1,7,4,,,44,7,,,26,9,,,48,14,,,36,1*62
[  695.8] $GPGSV,2,2,7,22,,,22,24,,,26,26,,,27,1*50
[  695.8] $GPRMC,060914.37,V,,,,,,,090926,,,N,V*0D
[  696.8] $GPGGA,060915.37,,,,,0,03,99.99,,M,,M,,*6A
[  696.8] $GPGLL,,,,,060915.37,V,N*45
[  696.8] $GPGSA,A,1,,,,,,,,,,,,,99.99,99.99,99.99,1*2D
[  696.8] $GPGSV,2,1,7,4,,,44,7,,,26,9,,,48,14,,,36,1*62
[  696.8] $GPGSV,2,2,7,19,,,25,22,,,22,24,,,24,1*5C
[  696.8] $GPRMC,060915.37,V,,,,,,,090926,,,N,V*0C
[  697.9] $GPGGA,060916.37,,,,,0,03,99.99,,M,,M,,*69
[  697.9] $GPGLL,,,,,060916.37,V,N*46
[  697.9] $GPGSA,A,1,,,,,,,,,,,,,99.99,99.99,99.99,1*2D
[  697.9] $GPGSV,2,1,8,4,,,44,7,,,25,9,,,49,14,,,36,1*6F
[  697.9] $GPGSV,2,2,8,17,,,29,19,,,25,22,,,22,24,,,24,1*5E
[  697.9] $GPRMC,060916.37,V,,,,,,,090926,,,N,V*0F
[  698.9] $GPGGA,060917.13,,,,,0,03,99.99,,M,,M,,*6E
[  698.9] $GPGLL,,,,,060917.13,V,N*41
[  698.9] $GPGSA,A,1,,,,,,,,,,,,,99.99,99.99,99.99,1*2D
[  698.9] $GPGSV,2,1,8,4,,,44,7,,,25,9,,,48,14,,,36,1*6E
[  698.9] $GPGSV,2,2,8,16,,,28,19,,,25,22,,,22,24,,,25,1*5F
[  698.9] $GPRMC,060917.13,V,,,,,,,090926,,,N,V*08
[  700.0] $GPGGA,060919.08,3001.73059,S,05112.74154,W,1,04,2.92,82.44,M,,M,,*4B
[  700.0] $GPGLL,3001.73059,S,05112.74154,W,060919.08,A,A*67
[  700.0] $GPGSA,A,3,04,07,09,14,,,,,,,,,6.50,2.92,5.81,1*16
[  700.0] $GPGSV,4,1,16,2,-24,059,27,4,26,080,44,5,04,215,,6,08,312,,1*47
[  700.0] $GPGSV,4,2,16,7,60,172,25,8,15,090,,9,58,105,49,11,11,278,,1*52
[  700.0] $GPGSV,4,3,16,14,35,344,36,15,-31,240,27,16,00,145,25,19,-18,328,25,1*6B
[  700.0] $GPGSV,4,4,16,21,38,232,,22,15,340,22,27,05,122,,30,51,256,,1*6C
[  700.0] $GPRMC,060919.08,A,3001.73059,S,05112.74154,W,0.14,0.00,090926,,,A,V*2B
[  700.0] [00:11:39.534,515] <inf> gnss_sample: Time to fix: 165.9 s
[  700.0] [00:11:39.540,374] <inf> gnss_sample: Sleeping for 120 s
[  819.6] [00:13:39.443,511] <inf> gnss_sample: Deleting GNSS data
[  819.6] [00:13:39.455,993] <inf> gnss_sample: Assistance data needed: data_flags: 0x3f
[  819.6] [00:13:39.463,623] <inf> gnss_sample: Assistance data needed: GPS ephe: 0xffffffff, alm: 0xffffffff
[  819.6] [00:13:39.473,083] <inf> gnss_sample: Connecting to LTE network
[  821.2] +CEREG: 2,"C577","0AAEEA15",7
[  821.2] +CSCON: 1
[  821.8] +CEREG: 1,"C577","0AAEEA15",7,,,"00000011","00101000"
[  821.8] [00:13:41.277,465] <inf> gnss_sample: Connected to LTE network
[  822.8] [00:13:42.287,445] <inf> gnss_sample: Injected time (GPS day 17048, GPS time of day 22299)
[  822.8] [00:13:42.297,729] <inf> gnss_sample: Injected location for MCC 724
[  822.8] +CEREG: 0
[  822.8] +CSCON: 0
[  822.8] [00:13:42.610,198] <inf> gnss_sample: LTE disconnected
[  822.8] [00:13:42.615,722] <inf> gnss_sample: Starting GNSS
[  822.8] $GPGGA,061121.37,,,,,0,,99.99,,M,,M,,*67
[  822.8] $GPGLL,,,,,061121.37,V,N*4B
[  822.8] $GPGSA,A,1,,,,,,,,,,,,,99.99,99.99,99.99,1*2D
[  822.8] $GPGSV,3,1,12,3,09,030,,4,25,096,,6,22,305,,7,34,168,,1*6F
[  822.8] $GPGSV,3,2,12,8,11,101,,9,44,134,,11,14,270,,14,58,338,,1*61
[  822.8] $GPGSV,3,3,12,17,14,359,,21,24,219,,22,36,336,,30,41,228,,1*69
[  822.8] $GPRMC,061121.37,V,,,,,,,090926,,,N,V*02
[  823.9] $GPGGA,061122.37,,,,,0,,99.99,,M,,M,,*64
[  823.9] $GPGLL,,,,,061122.37,V,N*48
[  823.9] $GPGSA,A,1,,,,,,,,,,,,,99.99,99.99,99.99,1*2D
[  823.9] $GPGSV,3,1,12,3,09,030,,4,25,096,,6,22,305,,7,34,168,,1*6F
[  823.9] $GPGSV,3,2,12,8,11,101,,9,44,134,,11,14,270,,14,58,338,,1*61
[  823.9] $GPGSV,3,3,12,17,14,359,,21,24,219,,22,36,336,,30,41,228,,1*69
[  823.9] $GPRMC,061122.37,V,,,,,,,090926,,,N,V*01
[  824.9] $GPGGA,061123.37,,,,,0,,99.99,,M,,M,,*65
[  824.9] $GPGLL,,,,,061123.37,V,N*49
[  824.9] $GPGSA,A,1,,,,,,,,,,,,,99.99,99.99,99.99,1*2D
[  824.9] $GPGSV,3,1,12,3,09,030,,4,25,096,,6,22,305,,7,34,168,,1*6F
[  824.9] $GPGSV,3,2,12,8,11,101,,9,44,134,,11,14,270,,14,58,338,,1*61
[  824.9] $GPGSV,3,3,12,17,14,359,,21,24,219,,22,36,336,,30,41,228,,1*69
[  824.9] $GPRMC,061123.37,V,,,,,,,090926,,,N,V*00
[  826.0] $GPGGA,061124.37,,,,,0,,99.99,,M,,M,,*62
[  826.0] $GPGLL,,,,,061124.37,V,N*4E
[  826.0] $GPGSA,A,1,,,,,,,,,,,,,99.99,99.99,99.99,1*2D
[  826.0] $GPGSV,3,1,12,3,09,030,,4,25,096,43,6,22,305,,7,34,168,,1*68
[  826.0] $GPGSV,3,2,12,8,11,101,,9,44,134,51,11,14,270,,14,58,338,,1*65
[  826.0] $GPGSV,3,3,12,17,14,359,,21,24,219,,22,36,336,,30,41,228,,1*69
[  826.0] $GPRMC,061124.37,V,,,,,,,090926,,,N,V*07
[  827.0] $GPGGA,061125.37,,,,,0,,99.99,,M,,M,,*63
[  827.0] $GPGLL,,,,,061125.37,V,N*4F
[  827.0] $GPGSA,A,1,,,,,,,,,,,,,99.99,99.99,99.99,1*2D
[  827.0] $GPGSV,3,1,12,3,09,030,,4,25,096,43,6,22,305,,7,34,168,,1*68
[  827.0] $GPGSV,3,2,12,8,11,101,,9,44,134,51,11,14,270,,14,58,338,,1*65
[  827.0] $GPGSV,3,3,12,17,14,359,,21,24,219,,22,36,336,,30,41,228,,1*69
[  827.0] $GPRMC,061125.37,V,,,,,,,090926,,,N,V*06
[  828.1] $GPGGA,061126.37,,,,,0,,99.99,,M,,M,,*60
[  828.1] $GPGLL,,,,,061126.37,V,N*4C
[  828.1] $GPGSA,A,1,,,,,,,,,,,,,99.99,99.99,99.99,1*2D
[  828.1] $GPGSV,3,1,12,3,09,030,,4,25,096,43,6,22,305,,7,34,168,,1*68
[  828.1] $GPGSV,3,2,12,8,11,101,,9,44,134,51,11,14,270,,14,58,338,,1*65
[  828.1] $GPGSV,3,3,12,17,14,359,,21,24,219,,22,36,336,,30,41,228,,1*69
[  828.1] $GPRMC,061126.37,V,,,,,,,090926,,,N,V*05
[  829.1] $GPGGA,061127.37,,,,,0,,99.99,,M,,M,,*61
[  829.1] $GPGLL,,,,,061127.37,V,N*4D
[  829.1] $GPGSA,A,1,,,,,,,,,,,,,99.99,99.99,99.99,1*2D
[  829.1] $GPGSV,3,1,12,3,09,030,,4,25,096,43,6,22,305,,7,34,168,,1*68
[  829.1] $GPGSV,3,2,12,8,11,101,,9,44,134,51,11,14,270,,14,58,338,,1*65
[  829.1] $GPGSV,3,3,12,17,14,359,,21,24,219,,22,36,336,,30,41,228,,1*69
[  829.1] $GPRMC,061127.37,V,,,,,,,090926,,,N,V*04
[  830.2] $GPGGA,061128.37,,,,,0,,99.99,,M,,M,,*6E
[  830.2] $GPGLL,,,,,061128.37,V,N*42
[  830.2] $GPGSA,A,1,,,,,,,,,,,,,99.99,99.99,99.99,1*2D
[  830.2] $GPGSV,3,1,12,3,09,030,,4,25,096,43,6,22,305,,7,34,168,,1*68
[  830.2] $GPGSV,3,2,12,8,11,101,,9,44,134,51,11,14,270,,14,58,338,,1*65
[  830.2] $GPGSV,3,3,12,17,14,359,,21,24,219,,22,36,336,,30,41,228,,1*69
[  830.2] $GPRMC,061128.37,V,,,,,,,090926,,,N,V*0B
[  831.2] $GPGGA,061129.37,,,,,0,,99.99,,M,,M,,*6F
[  831.2] $GPGLL,,,,,061129.37,V,N*43
[  831.2] $GPGSA,A,1,,,,,,,,,,,,,99.99,99.99,99.99,1*2D
[  831.2] $GPGSV,3,1,12,3,09,030,,4,25,096,43,6,22,305,,7,34,168,,1*68
[  831.2] $GPGSV,3,2,12,8,11,101,,9,44,134,51,11,14,270,,14,58,338,,1*65
[  831.2] $GPGSV,3,3,12,17,14,359,,21,24,219,,22,36,336,,30,41,228,,1*69
[  831.2] $GPRMC,061129.37,V,,,,,,,090926,,,N,V*0A
[  831.7] $GPGGA,061130.37,,,,,0,,99.99,,M,,M,,*67
[  831.7] $GPGLL,,,,,061130.37,V,N*4B
[  831.7] $GPGSA,A,1,,,,,,,,,,,,,99.99,99.99,99.99,1*2D
[  831.7] $GPGSV,3,1,12,3,09,030,,4,25,096,43,6,22,305,,7,34,168,,1*68
[  831.7] $GPGSV,3,2,12,8,11,101,,9,44,134,51,11,14,270,,14,58,338,,1*65
[  832.3] $GPGSV,3,3,12,17,14,359,,21,24,219,,22,36,336,,30,41,228,,1*69
[  832.3] $GPRMC,061130.37,V,,,,,,,090926,,,N,V*02
[  832.8] $GPGGA,061131.37,,,,,0,,99.99,,M,,M,,*66
[  832.8] $GPGLL,,,,,061131.37,V,N*4A
[  832.8] $GPGSA,A,1,,,,,,,,,,,,,99.99,99.99,99.99,1*2D
[  832.8] $GPGSV,3,1,12,3,09,030,,4,25,096,30,6,22,305,,7,34,168,,1*6C
[  832.8] $GPGSV,3,2,12,8,11,101,,9,44,134,37,11,14,270,,14,58,338,,1*65
[  832.8] $GPGSV,3,3,12,17,14,359,,21,24,219,,22,36,336,,30,41,228,,1*69
[  832.8] $GPRMC,061131.37,V,,,,,,,090926,,,N,V*03
[  833.8] $GPGGA,061132.37,,,,,0,,99.99,,M,,M,,*65
[  833.8] $GPGLL,,,,,061132.37,V,N*49
[  833.8] $GPGSA,A,1,,,,,,,,,,,,,99.99,99.99,99.99,1*2D
[  833.8] $GPGSV,3,1,12,3,09,030,,4,25,096,30,6,22,305,,7,34,168,,1*6C
[  833.8] $GPGSV,3,2,12,8,11,101,,9,44,134,37,11,14,270,,14,58,338,,1*65
[  833.8] $GPGSV,3,3,12,17,14,359,,21,24,219,,22,36,336,,30,41,228,,1*69
[  833.8] $GPRMC,061132.37,V,,,,,,,090926,,,N,V*00
[  834.9] $GPGGA,061133.37,,,,,0,,99.99,,M,,M,,*64
[  834.9] $GPGLL,,,,,061133.37,V,N*48
[  834.9] $GPGSA,A,1,,,,,,,,,,,,,99.99,99.99,99.99,1*2D
[  834.9] $GPGSV,3,1,12,3,09,030,,4,25,096,30,6,22,305,,7,34,168,,1*6C
[  834.9] $GPGSV,3,2,12,8,11,101,,9,44,134,37,11,14,270,,14,58,338,,1*65
[  834.9] $GPGSV,3,3,12,17,14,359,,21,24,219,,22,36,336,,30,41,228,,1*69
[  834.9] $GPRMC,061133.37,V,,,,,,,090926,,,N,V*01
[  835.9] $GPGGA,061134.37,,,,,0,,99.99,,M,,M,,*63
[  835.9] $GPGLL,,,,,061134.37,V,N*4F
[  835.9] $GPGSA,A,1,,,,,,,,,,,,,99.99,99.99,99.99,1*2D
[  835.9] $GPGSV,3,1,12,3,09,030,,4,25,096,42,6,22,305,,7,34,168,,1*69
[  835.9] $GPGSV,3,2,12,8,11,101,,9,44,134,39,11,14,270,,14,58,338,,1*6B
[  835.9] $GPGSV,3,3,12,17,14,359,,21,24,219,,22,36,336,,30,41,228,,1*69
[  835.9] $GPRMC,061134.37,V,,,,,,,090926,,,N,V*06
[  837.0] $GPGGA,061135.37,,,,,0,,99.99,,M,,M,,*62
[  837.0] $GPGLL,,,,,061135.37,V,N*4E
[  837.0] $GPGSA,A,1,,,,,,,,,,,,,99.99,99.99,99.99,1*2D
[  837.0] $GPGSV,3,1,12,3,09,030,,4,25,096,42,6,22,305,,7,34,168,,1*69
[  837.0] $GPGSV,3,2,12,8,11,101,,9,44,134,39,11,14,270,,14,58,338,,1*6B
[  837.0] $GPGSV,3,3,12,17,14,359,,21,24,219,,22,36,336,,30,41,228,,1*69
[  837.0] $GPRMC,061135.37,V,,,,,,,090926,,,N,V*07
[  838.0] $GPGGA,061136.37,,,,,0,,99.99,,M,,M,,*61
[  838.0] $GPGLL,,,,,061136.37,V,N*4D
[  838.0] $GPGSA,A,1,,,,,,,,,,,,,99.99,99.99,99.99,1*2D
[  838.0] $GPGSV,3,1,12,3,09,030,,4,25,096,42,6,22,305,,7,34,168,,1*69
[  838.0] $GPGSV,3,2,12,8,11,101,,9,44,134,39,11,14,270,,14,58,338,,1*6B
[  838.0] $GPGSV,3,3,12,17,14,359,,21,24,219,,22,36,336,,30,41,228,,1*69
[  838.0] $GPRMC,061136.37,V,,,,,,,090926,,,N,V*04
[  839.1] $GPGGA,061137.37,,,,,0,,99.99,,M,,M,,*60
[  839.1] $GPGLL,,,,,061137.37,V,N*4C
[  839.1] $GPGSA,A,1,,,,,,,,,,,,,99.99,99.99,99.99,1*2D
[  839.1] $GPGSV,3,1,12,3,09,030,,4,25,096,40,6,22,305,,7,34,168,,1*6B
[  839.1] $GPGSV,3,2,12,8,11,101,,9,44,134,41,11,14,270,,14,58,338,,1*64
[  839.1] $GPGSV,3,3,12,17,14,359,,21,24,219,,22,36,336,,30,41,228,,1*69
[  839.1] $GPRMC,061137.37,V,,,,,,,090926,,,N,V*05
[  840.1] $GPGGA,061138.37,,,,,0,,99.99,,M,,M,,*6F
[  840.1] $GPGLL,,,,,061138.37,V,N*43
[  840.1] $GPGSA,A,1,,,,,,,,,,,,,99.99,99.99,99.99,1*2D
[  840.1] $GPGSV,3,1,12,3,09,030,,4,25,096,40,6,22,305,,7,34,168,,1*6B
[  840.1] $GPGSV,3,2,12,8,11,101,,9,44,134,41,11,14,270,,14,58,338,,1*64
[  840.1] $GPGSV,3,3,12,17,14,359,,21,24,219,,22,36,336,,30,41,228,,1*69
[  840.1] $GPRMC,061138.37,V,,,,,,,090926,,,N,V*0A
[  841.2] $GPGGA,061139.37,,,,,0,,99.99,,M,,M,,*6E
[  841.2] $GPGLL,,,,,061139.37,V,N*42
[  841.2] $GPGSA,A,1,,,,,,,,,,,,,99.99,99.99,99.99,1*2D
[  841.2] $GPGSV,3,1,12,3,09,030,,4,25,096,40,6,22,305,,7,34,168,,1*6B
[  841.2] $GPGSV,3,2,12,8,11,101,,9,44,134,41,11,14,270,,14,58,338,,1*64
[  841.2] $GPGSV,3,3,12,17,14,359,,21,24,219,,22,36,336,,30,41,228,,1*69
[  841.2] $GPRMC,061139.37,V,,,,,,,090926,,,N,V*0B
[  842.2] $GPGGA,061140.37,,,,,0,,99.99,,M,,M,,*60
[  842.2] $GPGLL,,,,,061140.37,V,N*4C
[  842.2] $GPGSA,A,1,,,,,,,,,,,,,99.99,99.99,99.99,1*2D
[  842.2] $GPGSV,3,1,12,3,09,030,,4,25,096,42,6,22,305,,7,34,168,,1*69
[  842.2] $GPGSV,3,2,12,8,11,101,,9,44,134,41,11,14,270,,14,58,338,,1*64
[  842.2] $GPGSV,3,3,12,17,14,359,,21,24,219,,22,36,336,,30,41,228,,1*69
[  842.2] $GPRMC,061140.37,V,,,,,,,090926,,,N,V*05
[  843.2] $GPGGA,061141.37,,,,,0,,99.99,,M,,M,,*61
[  843.2] $GPGLL,,,,,061141.37,V,N*4D
[  843.2] $GPGSA,A,1,,,,,,,,,,,,,99.99,99.99,99.99,1*2D
[  843.2] $GPGSV,3,1,12,3,09,030,,4,25,096,43,6,22,305,,7,34,168,,1*68
[  843.2] $GPGSV,3,2,12,8,11,101,,9,44,134,50,11,14,270,,14,58,338,,1*64
[  843.2] $GPGSV,3,3,12,17,14,359,,21,24,219,,22,36,336,,30,41,228,,1*69
[  843.2] $GPRMC,061141.37,V,,,,,,,090926,,,N,V*04
[  843.8] $GPGGA,061142.37,,,,,0,,99.99,,M,,M,,*62
[  843.8] $GPGLL,,,,,061142.37,V,N*4E
[  843.8] $GPGSA,A,1,,,,,,,,,,,,,99.99,99.99,99.99,1*2D
[  843.8] $GPGSV,3,1,12,3,09,030,,4,25,096,43,6,22,305,,7,34,168,,1*68
[  843.8] $GPGSV,3,2,12,8,11,101,,9,44,134,50,11,14,270,,14,58,338,,1*64
[  843.8] $GPGSV,3,3,12,17,14,359,,21,24,219,,22,36,336,,30,41,228,,1*69
[  843.8] $GPRMC,061142.37,V,,,,,,,090926,,,N,V*07
[  844.8] $GPGGA,061143.38,,,,,0,,99.99,,M,,M,,*6C
[  844.8] $GPGLL,,,,,061143.38,V,N*40
[  844.8] $GPGSA,A,1,,,,,,,,,,,,,99.99,99.99,99.99,1*2D
[  844.8] $GPGSV,3,1,12,3,09,030,,4,25,096,43,6,22,305,,7,34,168,,1*68
[  844.8] $GPGSV,3,2,12,8,11,101,,9,44,134,50,11,14,270,,14,58,338,,1*64
[  844.8] $GPGSV,3,3,12,17,14,359,,21,24,219,,22,36,336,,30,41,228,,1*69
[  844.8] $GPRMC,061143.38,V,,,,,,,090926,,,N,V*09
[  845.9] $GPGGA,061144.38,,,,,0,,99.99,,M,,M,,*6B
[  845.9] $GPGLL,,,,,061144.38,V,N*47
[  845.9] $GPGSA,A,1,,,,,,,,,,,,,99.99,99.99,99.99,1*2D
[  845.9] $GPGSV,3,1,12,3,09,030,,4,25,096,43,6,22,305,,7,34,168,,1*68
[  845.9] $GPGSV,3,2,12,8,11,101,,9,44,134,50,11,14,270,,14,58,338,,1*64
[  845.9] $GPGSV,3,3,12,17,14,359,,21,24,219,,22,36,336,,30,41,228,,1*69
[  845.9] $GPRMC,061144.38,V,,,,,,,090926,,,N,V*0E
[  847.0] $GPGGA,061145.38,,,,,0,,99.99,,M,,M,,*6A
[  847.0] $GPGLL,,,,,061145.38,V,N*46
[  847.0] $GPGSA,A,1,,,,,,,,,,,,,99.99,99.99,99.99,1*2D
[  847.0] $GPGSV,3,1,12,3,09,030,,4,25,096,43,6,22,305,,7,34,168,,1*68
[  847.0] $GPGSV,3,2,12,8,11,101,,9,44,134,50,11,14,270,,14,58,338,,1*64
[  847.0] $GPGSV,3,3,12,17,14,359,,21,24,219,,22,36,336,,30,41,228,,1*69
[  847.0] $GPRMC,061145.38,V,,,,,,,090926,,,N,V*0F
[  848.0] $GPGGA,061146.38,,,,,0,,99.99,,M,,M,,*69
[  848.0] $GPGLL,,,,,061146.38,V,N*45
[  848.0] $GPGSA,A,1,,,,,,,,,,,,,99.99,99.99,99.99,1*2D
[  848.0] $GPGSV,3,1,12,3,09,030,,4,25,096,44,6,22,305,,7,34,168,,1*6F
[  848.0] $GPGSV,3,2,12,8,11,101,,9,44,134,49,11,14,270,,14,58,338,,1*6C
[  848.0] $GPGSV,3,3,12,17,14,359,,21,24,219,,22,36,336,,30,41,228,,1*69
[  848.0] $GPRMC,061146.38,V,,,,,,,090926,,,N,V*0C
[  849.1] $GPGGA,061147.38,,,,,0,,99.99,,M,,M,,*68
[  849.1] $GPGLL,,,,,061147.38,V,N*44
[  849.1] $GPGSA,A,1,,,,,,,,,,,,,99.99,99.99,99.99,1*2D
[  849.1] $GPGSV,3,1,12,3,09,030,,4,25,096,44,6,22,305,,7,34,168,,1*6F
[  849.1] $GPGSV,3,2,12,8,11,101,,9,44,134,49,11,14,270,,14,58,338,,1*6C
[  849.1] $GPGSV,3,3,12,17,14,359,,21,24,219,,22,36,336,,30,41,228,,1*69
[  849.1] $GPRMC,061147.38,V,,,,,,,090926,,,N,V*0D
[  850.1] $GPGGA,061148.38,,,,,0,,99.99,,M,,M,,*67
[  850.1] $GPGLL,,,,,061148.38,V,N*4B
[  850.1] $GPGSA,A,1,,,,,,,,,,,,,99.99,99.99,99.99,1*2D
[  850.1] $GPGSV,3,1,12,3,09,030,,4,25,096,44,6,22,305,,7,34,168,,1*6F
[  850.1] $GPGSV,3,2,12,8,11,101,,9,44,134,49,11,14,270,,14,58,338,,1*6C
[  850.1] $GPGSV,3,3,12,17,14,359,,21,24,219,,22,36,336,,30,41,228,,1*69
[  850.1] $GPRMC,061148.38,V,,,,,,,090926,,,N,V*02
[  851.2] $GPGGA,061149.38,,,,,0,,99.99,,M,,M,,*66
[  851.2] $GPGLL,,,,,061149.38,V,N*4A
[  851.2] $GPGSA,A,1,,,,,,,,,,,,,99.99,99.99,99.99,1*2D
[  851.2] $GPGSV,3,1,12,3,09,030,,4,25,096,44,6,22,305,,7,34,168,,1*6F
[  851.2] $GPGSV,3,2,12,8,11,101,,9,44,134,49,11,14,270,,14,58,338,,1*6C
[  851.2] $GPGSV,3,3,12,17,14,359,,21,24,219,,22,36,336,,30,41,228,,1*69
[  851.2] $GPRMC,061149.38,V,,,,,,,090926,,,N,V*03
[  852.2] $GPGGA,061150.38,,,,,0,,99.99,,M,,M,,*6E
[  852.2] $GPGLL,,,,,061150.38,V,N*42
[  852.2] $GPGSA,A,1,,,,,,,,,,,,,99.99,99.99,99.99,1*2D
[  852.2] $GPGSV,3,1,12,3,09,030,,4,25,096,40,6,22,305,,7,34,168,,1*6B
[  852.2] $GPGSV,3,2,12,8,11,101,,9,44,134,40,11,14,270,,14,58,338,,1*65
[  852.2] $GPGSV,3,3,12,17,14,359,,21,24,219,,22,36,336,,30,41,228,,1*69
[  852.2] $GPRMC,061150.38,V,,,,,,,090926,,,N,V*0B
[  853.3] $GPGGA,061151.38,,,,,0,,99.99,,M,,M,,*6F
[  853.3] $GPGLL,,,,,061151.38,V,N*43
[  853.3] $GPGSA,A,1,,,,,,,,,,,,,99.99,99.99,99.99,1*2D
[  853.3] $GPGSV,3,1,12,3,09,030,,4,25,096,40,6,22,305,,7,34,168,,1*6B
[  853.3] $GPGSV,3,2,12,8,11,101,,9,44,134,40,11,14,270,,14,58,338,,1*65
[  853.3] $GPGSV,3,3,12,17,14,359,,21,24,219,,22,36,336,,30,41,228,,1*69
[  853.3] $GPRMC,061151.38,V,,,,,,,090926,,,N,V*0A
[  853.8] $GPGGA,061152.38,,,,,0,,99.99,,M,,M,,*6C
[  853.8] $GPGLL,,,,,061152.38,V,N*40
[  853.8] $GPGSA,A,1,,,,,,,,,,,,,99.99,99.99,99.99,1*2D
[  853.8] $GPGSV,3,1,12,3,09,030,,4,25,096,40,6,22,305,,7,34,168,,1*6B
[  853.8] $GPGSV,3,2,12,8,11,101,,9,44,134,40,11,14,270,,14,58,338,,1*65
[  853.8] $GPGSV,3,3,12,17,14,359,,21,24,219,,22,36,336,,30,41,228,,1*69
[  853.8] $GPRMC,061152.38,V,,,,,,,090926,,,N,V*09
[  854.8] $GPGGA,061153.38,,,,,0,,99.99,,M,,M,,*6D
[  854.8] $GPGLL,,,,,061153.38,V,N*41
[  854.8] $GPGSA,A,1,,,,,,,,,,,,,99.99,99.99,99.99,1*2D
[  854.8] $GPGSV,3,1,12,3,09,030,,4,25,096,40,6,22,305,,7,34,168,,1*6B
[  854.8] $GPGSV,3,2,12,8,11,101,,9,44,134,40,11,14,270,,14,58,338,,1*65
[  854.8] $GPGSV,3,3,12,17,14,359,,21,24,219,,22,36,336,,30,41,228,,1*69
[  854.8] $GPRMC,061153.38,V,,,,,,,090926,,,N,V*08
[  855.9] $GPGGA,061154.38,,,,,0,,99.99,,M,,M,,*6A
[  855.9] $GPGLL,,,,,061154.38,V,N*46
[  855.9] $GPGSA,A,1,,,,,,,,,,,,,99.99,99.99,99.99,1*2D
[  855.9] $GPGSV,3,1,12,3,09,030,,4,25,096,42,6,22,305,,7,34,168,,1*69
[  855.9] $GPGSV,3,2,12,8,11,101,,9,44,134,41,11,14,270,,14,58,338,,1*64
[  855.9] $GPGSV,3,3,12,17,14,359,,21,24,219,,22,36,336,,30,41,228,,1*69
[  855.9] $GPRMC,061154.38,V,,,,,,,090926,,,N,V*0F
[  856.9] $GPGGA,061155.38,,,,,0,,99.99,,M,,M,,*6B
[  856.9] $GPGLL,,,,,061155.38,V,N*47
[  856.9] $GPGSA,A,1,,,,,,,,,,,,,99.99,99.99,99.99,1*2D
[  856.9] $GPGSV,3,1,12,3,09,030,,4,25,096,42,6,22,305,,7,34,168,,1*69
[  856.9] $GPGSV,3,2,12,8,11,101,,9,44,134,41,11,14,270,,14,58,338,,1*64
[  856.9] $GPGSV,3,3,12,17,14,359,,21,24,219,,22,36,336,,30,41,228,,1*69
[  856.9] $GPRMC,061155.38,V,,,,,,,090926,,,N,V*0E
[  858.0] $GPGGA,061156.38,,,,,0,,99.99,,M,,M,,*68
[  858.0] $GPGLL,,,,,061156.38,V,N*44
[  858.0] $GPGSA,A,1,,,,,,,,,,,,,99.99,99.99,99.99,1*2D
[  858.0] $GPGSV,3,1,12,3,09,030,,4,25,096,42,6,22,305,,7,34,168,,1*69
[  858.0] $GPGSV,3,2,12,8,11,101,,9,44,134,41,11,14,270,,14,58,338,,1*64
[  858.0] $GPGSV,3,3,12,17,14,359,,21,24,219,,22,36,336,,30,41,228,,1*69
[  858.0] $GPRMC,061156.38,V,,,,,,,090926,,,N,V*0D
[  859.0] $GPGGA,061157.38,,,,,0,,99.99,,M,,M,,*69
[  859.0] $GPGLL,,,,,061157.38,V,N*45
[  859.0] $GPGSA,A,1,,,,,,,,,,,,,99.99,99.99,99.99,1*2D
[  859.0] $GPGSV,3,1,12,3,09,030,,4,25,096,41,6,22,305,,7,34,168,29,1*61
[  859.0] $GPGSV,3,2,12,8,11,101,,9,44,134,40,11,14,270,,14,58,338,,1*65
[  859.0] $GPGSV,3,3,12,17,14,359,,21,24,219,,22,36,336,,30,41,228,,1*69
[  859.0] $GPRMC,061157.38,V,,,,,,,090926,,,N,V*0C
[  860.1] $GPGGA,061158.38,,,,,0,,99.99,,M,,M,,*66
[  860.1] $GPGLL,,,,,061158.38,V,N*4A
[  860.1] $GPGSA,A,1,,,,,,,,,,,,,99.99,99.99,99.99,1*2D
[  860.1] $GPGSV,3,1,12,3,09,030,,4,25,096,41,6,22,305,,7,34,168,29,1*61
[  860.1] $GPGSV,3,2,12,8,11,101,,9,44,134,39,11,14,270,,14,58,338,,1*6B
[  860.1] $GPGSV,3,3,12,17,14,359,,21,24,219,,22,36,336,,30,41,228,,1*69
[  860.1] $GPRMC,061158.38,V,,,,,,,090926,,,N,V*03
[  861.1] $GPGGA,061159.38,,,,,0,,99.99,,M,,M,,*67
[  861.1] $GPGLL,,,,,061159.38,V,N*4B
[  861.1] $GPGSA,A,1,,,,,,,,,,,,,99.99,99.99,99.99,1*2D
[  861.1] $GPGSV,3,1,12,3,09,030,,4,25,096,41,6,22,305,,7,34,168,29,1*61
[  861.1] $GPGSV,3,2,12,8,11,101,,9,44,134,39,11,14,270,,14,58,338,,1*6B
[  861.1] $GPGSV,3,3,12,17,14,359,,21,24,219,,22,36,336,,30,41,228,,1*69
[  861.1] $GPRMC,061159.38,V,,,,,,,090926,,,N,V*02
[  862.2] $GPGGA,061200.38,,,,,0,,99.99,,M,,M,,*68
[  862.2] $GPGLL,,,,,061200.38,V,N*44
[  862.2] $GPGSA,A,1,,,,,,,,,,,,,99.99,99.99,99.99,1*2D
[  862.2] $GPGSV,3,1,12,3,09,030,,4,25,096,41,6,22,305,,7,34,168,29,1*61
[  862.2] $GPGSV,3,2,12,8,11,101,,9,44,134,39,11,14,270,,14,58,338,,1*6B
[  862.2] $GPGSV,3,3,12,17,14,359,,21,24,219,,22,36,336,,30,41,228,,1*69
[  862.2] $GPRMC,061200.38,V,,,,,,,090926,,,N,V*0D
[  863.2] $GPGGA,061201.38,,,,,0,,99.99,,M,,M,,*69
[  863.2] $GPGLL,,,,,061201.38,V,N*45
[  863.2] $GPGSA,A,1,,,,,,,,,,,,,99.99,99.99,99.99,1*2D
[  863.2] $GPGSV,3,1,12,3,09,030,,4,25,096,40,6,22,305,,7,34,168,28,1*61
[  863.2] $GPGSV,3,2,12,8,11,101,,9,44,134,41,11,14,270,,14,58,338,,1*64
[  863.2] $GPGSV,3,3,12,17,14,359,,21,24,219,,22,36,336,,30,41,228,,1*69
[  863.2] $GPRMC,061201.38,V,,,,,,,090926,,,N,V*0C
[  863.8] $GPGGA,061202.38,,,,,0,,99.99,,M,,M,,*6A
[  863.8] $GPGLL,,,,,061202.38,V,N*46
[  863.8] $GPGSA,A,1,,,,,,,,,,,,,99.99,99.99,99.99,1*2D
[  863.8] $GPGSV,3,1,12,3,09,030,,4,25,096,38,6,22,305,,7,34,168,28,1*6E
[  863.8] $GPGSV,3,2,12,8,11,101,,9,44,134,41,11,14,270,,14,58,338,,1*64
[  863.8] $GPGSV,3,3,12,17,14,359,,21,24,219,,22,36,336,,30,41,228,,1*69
[  863.8] $GPRMC,061202.38,V,,,,,,,090926,,,N,V*0F
[  864.8] $GPGGA,061203.38,,,,,0,,99.99,,M,,M,,*6B
[  864.8] $GPGLL,,,,,061203.38,V,N*47
[  864.8] $GPGSA,A,1,,,,,,,,,,,,,99.99,99.99,99.99,1*2D
[  864.8] $GPGSV,3,1,12,3,09,030,,4,25,096,46,6,22,305,,7,34,168,28,1*67
[  864.8] $GPGSV,3,2,12,8,11,101,,9,44,134,51,11,14,270,,14,58,338,,1*65
[  864.8] $GPGSV,3,3,12,17,14,359,,21,24,219,,22,36,336,,30,41,228,,1*69
[  864.8] $GPRMC,061203.38,V,,,,,,,090926,,,N,V*0E
[  865.9] $GPGGA,061204.38,,,,,0,,99.99,,M,,M,,*6C
[  865.9] $GPGLL,,,,,061204.38,V,N*40
[  865.9] $GPGSA,A,1,,,,,,,,,,,,,99.99,99.99,99.99,1*2D
[  865.9] $GPGSV,4,1,13,3,09,030,,4,25,096,38,6,22,305,,7,34,168,27,1*67
[  865.9] $GPGSV,4,2,13,8,11,101,,9,44,134,51,11,14,270,,14,58,338,22,1*63
[  865.9] $GPGSV,4,3,13,16,-17,147,27,17,14,359,27,21,24,219,,22,36,336,,1*4F
[  865.9] $GPGSV,4,4,13,30,41,228,,1*58
[  865.9] $GPRMC,061204.38,V,,,,,,,090926,,,N,V*09
[  866.9] $GPGGA,061205.38,,,,,0,,99.99,,M,,M,,*6D
[  866.9] $GPGLL,,,,,061205.38,V,N*41
[  866.9] $GPGSA,A,1,,,,,,,,,,,,,99.99,99.99,99.99,1*2D
[  866.9] $GPGSV,4,1,13,3,09,030,,4,25,096,40,6,22,305,,7,34,168,28,1*67
[  866.9] $GPGSV,4,2,13,8,11,101,,9,44,134,51,11,14,270,,14,58,338,24,1*65
[  866.9] $GPGSV,4,3,13,16,-17,147,25,17,14,359,26,21,24,219,,22,36,336,,1*4C
[  866.9] $GPGSV,4,4,13,30,41,228,,1*58
[  866.9] $GPRMC,061205.38,V,,,,,,,090926,,,N,V*08
[  867.9] $GPGGA,061206.38,,,,,0,,99.99,,M,,M,,*6E
[  867.9] $GPGLL,,,,,061206.38,V,N*42
[  867.9] $GPGSA,A,1,,,,,,,,,,,,,99.99,99.99,99.99,1*2D
[  867.9] $GPGSV,4,1,13,3,09,030,,4,25,096,41,6,22,305,,7,34,168,29,1*67
[  867.9] $GPGSV,4,2,13,8,11,101,,9,44,134,50,11,14,270,,14,58,338,25,1*65
[  867.9] $GPGSV,4,3,13,16,-17,147,26,17,14,359,,21,24,219,,22,36,336,,1*4B
[  867.9] $GPGSV,4,4,13,30,41,228,,1*58
[  867.9] $GPRMC,061206.38,V,,,,,,,090926,,,N,V*0B
[  869.0] $GPGGA,061207.38,,,,,0,,99.99,,M,,M,,*6F
[  869.0] $GPGLL,,,,,061207.38,V,N*43
[  869.0] $GPGSA,A,1,,,,,,,,,,,,,99.99,99.99,99.99,1*2D
[  869.0] $GPGSV,4,1,13,3,09,030,,4,25,096,42,6,22,305,,7,34,168,30,1*6C
[  869.0] $GPGSV,4,2,13,8,11,101,,9,44,134,51,11,14,270,,14,58,338,25,1*64
[  869.0] $GPGSV,4,3,13,16,-17,147,25,17,14,359,,21,24,219,,22,36,336,,1*48
[  869.0] $GPGSV,4,4,13,30,41,228,,1*58
[  869.0] $GPRMC,061207.38,V,,,,,,,090926,,,N,V*0A
[  870.1] $GPGGA,061208.38,,,,,0,,99.99,,M,,M,,*60
[  870.1] $GPGLL,,,,,061208.38,V,N*4C
[  870.1] $GPGSA,A,1,,,,,,,,,,,,,99.99,99.99,99.99,1*2D
[  870.1] $GPGSV,4,1,13,3,09,030,,4,25,096,42,6,22,305,,7,34,168,30,1*6C
[  870.1] $GPGSV,4,2,13,8,11,101,,9,44,134,51,11,14,270,,14,58,338,25,1*64
[  870.1] $GPGSV,4,3,13,16,-17,147,25,17,14,359,,21,24,219,,22,36,336,,1*48
[  870.1] $GPGSV,4,4,13,30,41,228,,1*58
[  870.1] $GPRMC,061208.38,V,,,,,,,090926,,,N,V*05
[  871.1] $GPGGA,061209.38,,,,,0,,99.99,,M,,M,,*61
[  871.1] $GPGLL,,,,,061209.38,V,N*4D
[  871.1] $GPGSA,A,1,,,,,,,,,,,,,99.99,99.99,99.99,1*2D
[  871.1] $GPGSV,4,1,13,3,09,030,,4,25,096,42,6,22,305,,7,34,168,30,1*6C
[  871.1] $GPGSV,4,2,13,8,11,101,,9,44,134,51,11,14,270,,14,58,338,25,1*64
[  871.1] $GPGSV,4,3,13,16,-17,147,19,17,14,359,,21,24,219,,22,36,336,,1*47
[  871.1] $GPGSV,4,4,13,30,41,228,,1*58
[  871.1] $GPRMC,061209.38,V,,,,,,,090926,,,N,V*04
[  872.2] $GPGGA,061210.38,,,,,0,,99.99,,M,,M,,*69
[  872.2] $GPGLL,,,,,061210.38,V,N*45
[  872.2] $GPGSA,A,1,,,,,,,,,,,,,99.99,99.99,99.99,1*2D
[  872.2] $GPGSV,3,1,12,3,09,030,,4,25,096,42,6,22,305,,7,34,168,29,1*62
[  872.2] $GPGSV,3,2,12,8,11,101,,9,44,134,51,11,14,270,,14,58,338,24,1*63
[  872.2] $GPGSV,3,3,12,17,14,359,,21,24,219,,22,36,336,,30,41,228,,1*69
[  872.2] $GPRMC,061210.38,V,,,,,,,090926,,,N,V*0C
[  873.2] $GPGGA,061211.38,,,,,0,,99.99,,M,,M,,*68
[  873.2] $GPGLL,,,,,061211.38,V,N*44
[  873.2] $GPGSA,A,1,,,,,,,,,,,,,99.99,99.99,99.99,1*2D
[  873.2] $GPGSV,4,1,13,3,09,030,,4,25,096,42,6,22,305,,7,34,168,29,1*64
[  873.2] $GPGSV,4,2,13,8,11,101,,9,44,134,51,11,14,270,,14,58,338,25,1*64
[  873.2] $GPGSV,4,3,13,15,-37,248,32,17,14,359,,21,24,219,,22,36,336,,1*43
[  873.2] $GPGSV,4,4,13,30,41,228,,1*58
[  873.2] $GPRMC,061211.38,V,,,,,,,090926,,,N,V*0D
[  874.3] $GPGGA,061212.38,,,,,0,,99.99,,M,,M,,*6B
[  874.3] $GPGLL,,,,,061212.38,V,N*47
[  874.3] $GPGSA,A,1,,,,,,,,,,,,,99.99,99.99,99.99,1*2D
[  874.3] $GPGSV,4,1,13,3,09,030,,4,25,096,42,6,22,305,,7,34,168,29,1*64
[  874.3] $GPGSV,4,2,13,8,11,101,,9,44,134,50,11,14,270,,14,58,338,,1*62
[  874.3] $GPGSV,4,3,13,15,-37,248,26,17,14,359,,21,24,219,,22,36,336,,1*46
[  874.3] $GPGSV,4,4,13,30,41,228,,1*58
[  874.3] $GPRMC,061212.38,V,,,,,,,090926,,,N,V*0E
[  874.8] $GPGGA,061213.38,,,,,0,,99.99,,M,,M,,*6A
[  874.8] $GPGLL,,,,,061213.38,V,N*46
[  874.8] $GPGSA,A,1,,,,,,,,,,,,,99.99,99.99,99.99,1*2D
[  874.8] $GPGSV,3,1,12,3,09,030,,4,25,096,42,6,22,305,,7,34,168,29,1*62
[  874.8] $GPGSV,3,2,12,8,11,101,,9,44,134,50,11,14,270,,14,58,338,27,1*61
[  874.8] $GPGSV,3,3,12,17,14,359,,21,24,219,,22,36,336,,30,41,228,,1*69
[  874.8] $GPRMC,061213.38,V,,,,,,,090926,,,N,V*0F
[  875.8] $GPGGA,061214.38,,,,,0,,99.99,,M,,M,,*6D
[  875.8] $GPGLL,,,,,061214.38,V,N*41
[  875.8] $GPGSA,A,1,,,,,,,,,,,,,99.99,99.99,99.99,1*2D
[  875.8] $GPGSV,3,1,12,3,09,030,,4,25,096,42,6,22,305,,7,34,168,30,1*6A
[  875.8] $GPGSV,3,2,12,8,11,101,,9,44,134,50,11,14,270,,14,58,338,25,1*63
[  875.8] $GPGSV,3,3,12,17,14,359,,21,24,219,,22,36,336,,30,41,228,,1*69
[  875.8] $GPRMC,061214.38,V,,,,,,,090926,,,N,V*08
[  876.9] $GPGGA,061215.38,,,,,0,,99.99,,M,,M,,*6C
[  876.9] $GPGLL,,,,,061215.38,V,N*40
[  876.9] $GPGSA,A,1,,,,,,,,,,,,,99.99,99.99,99.99,1*2D
[  876.9] $GPGSV,3,1,12,3,09,030,,4,25,096,42,6,22,305,,7,34,168,30,1*6A
[  876.9] $GPGSV,3,2,12,8,11,101,,9,44,134,50,11,14,270,,14,58,338,26,1*60
[  876.9] $GPGSV,3,3,12,17,14,359,,21,24,219,,22,36,336,,30,41,228,,1*69
[  876.9] $GPRMC,061215.38,V,,,,,,,090926,,,N,V*09
[  877.9] $GPGGA,061216.38,,,,,0,,99.99,,M,,M,,*6F
[  877.9] $GPGLL,,,,,061216.38,V,N*43
[  877.9] $GPGSA,A,1,,,,,,,,,,,,,99.99,99.99,99.99,1*2D
[  877.9] $GPGSV,4,1,13,1,-9,040,29,3,09,030,,4,25,096,42,6,22,305,,1*7A
[  877.9] $GPGSV,4,2,13,7,34,168,30,8,11,101,,9,44,134,50,11,14,270,,1*5E
[  877.9] $GPGSV,4,3,13,14,58,338,,17,14,359,,21,24,219,,22,36,336,,1*61
[  877.9] $GPGSV,4,4,13,30,41,228,,1*58
[  877.9] $GPRMC,061216.38,V,,,,,,,090926,,,N,V*0A
[  879.0] $GPGGA,061217.38,,,,,0,,99.99,,M,,M,,*6E
[  879.0] $GPGLL,,,,,061217.38,V,N*42
[  879.0] $GPGSA,A,1,,,,,,,,,,,,,99.99,99.99,99.99,1*2D
[  879.0] $GPGSV,4,1,14,1,-9,040,25,3,09,030,,4,25,096,42,6,22,305,,1*71
[  879.0] $GPGSV,4,2,14,7,34,168,30,8,11,101,,9,44,134,49,11,14,270,,1*51
[  879.0] $GPGSV,4,3,14,14,58,338,27,15,-37,248,30,17,14,359,,21,24,219,,1*40
[  879.0] $GPGSV,4,4,14,22,36,336,,30,41,228,,1*6C
[  879.0] $GPRMC,061217.38,V,,,,,,,090926,,,N,V*0B
[  880.0] $GPGGA,061218.38,,,,,0,,99.99,,M,,M,,*61
[  880.0] $GPGLL,,,,,061218.38,V,N*4D
[  880.0] $GPGSA,A,1,,,,,,,,,,,,,99.99,99.99,99.99,1*2D
[  880.0] $GPGSV,4,1,14,1,-9,040,25,3,09,030,,4,25,096,42,5,-9,213,29,1*6B
[  880.0] $GPGSV,4,2,14,6,22,305,,7,34,168,29,8,11,101,,9,44,134,50,1*61
[  880.0] $GPGSV,4,3,14,11,14,270,,14,58,338,26,17,14,359,,21,24,219,,1*61
[  880.0] $GPGSV,4,4,14,22,36,336,25,30,41,228,,1*6B
[  880.0] $GPRMC,061218.38,V,,,,,,,090926,,,N,V*04
[  881.0] $GPGGA,061219.38,,,,,0,,99.99,,M,,M,,*60
[  881.0] $GPGLL,,,,,061219.38,V,N*4C
[  881.0] $GPGSA,A,1,,,,,,,,,,,,,99.99,99.99,99.99,1*2D
[  881.0] $GPGSV,4,1,15,1,-9,040,24,3,09,030,,4,25,096,42,5,-9,213,25,1*67
[  881.0] $GPGSV,4,2,15,6,22,305,26,7,34,168,29,8,11,101,,9,44,134,50,1*64
[  881.0] $GPGSV,4,3,15,11,14,270,,14,58,338,25,16,-17,147,28,17,14,359,,1*48
[  881.0] $GPGSV,4,4,15,21,24,219,,22,36,336,24,30,41,228,,1*54
[  881.0] $GPRMC,061219.38,V,,,,,,,090926,,,N,V*05
[  882.1] $GPGGA,061220.38,,,,,0,,99.99,,M,,M,,*6A
[  882.1] $GPGLL,,,,,061220.38,V,N*46
[  882.1] $GPGSA,A,1,,,,,,,,,,,,,99.99,99.99,99.99,1*2D
[  882.1] $GPGSV,4,1,13,3,09,030,,4,25,096,42,5,-9,213,24,6,22,305,25,1*70
[  882.1] $GPGSV,4,2,13,7,34,168,29,8,11,101,,9,44,134,50,11,14,270,,1*56
[  882.1] $GPGSV,4,3,13,14,58,338,26,17,14,359,,21,24,219,,22,36,336,24,1*63
[  882.1] $GPGSV,4,4,13,30,41,228,,1*58
[  882.1] $GPRMC,061220.38,V,,,,,,,090926,,,N,V*0F
[  883.1] $GPGGA,061221.38,,,,,0,,99.99,,M,,M,,*6B
[  883.1] $GPGLL,,,,,061221.38,V,N*47
[  883.1] $GPGSA,A,1,,,,,,,,,,,,,99.99,99.99,99.99,1*2D
[  883.1] $GPGSV,2,1,7,4,,,42,5,,,24,6,,,24,7,,,29,1*5D
[  883.1] $GPGSV,2,2,7,9,,,50,14,,,25,22,,,25,1*6A
[  883.1] $GPRMC,061221.38,V,,,,,,,090926,,,N,V*0E
[  884.2] $GPGGA,061222.38,,,,,0,,99.99,,M,,M,,*68
[  884.2] $GPGLL,,,,,061222.38,V,N*44
[  884.2] $GPGSA,A,1,,,,,,,,,,,,,99.99,99.99,99.99,1*2D
[  884.2] $GPGSV,2,1,7,4,,,42,6,,,24,7,,,29,9,,,50,1*52
[  884.2] $GPGSV,2,2,7,14,,,24,15,,,29,16,,,28,1*52
[  884.2] $GPRMC,061222.38,V,,,,,,,090926,,,N,V*0D
[  885.2] $GPGGA,061223.38,,,,,0,,99.99,,M,,M,,*69
[  885.2] $GPGLL,,,,,061223.38,V,N*45
[  885.2] $GPGSA,A,1,,,,,,,,,,,,,99.99,99.99,99.99,1*2D
[  885.2] $GPGSV,2,1,6,4,,,42,7,,,29,9,,,50,11,,,29,1*68
[  885.2] $GPGSV,2,2,6,14,,,25,15,,,26,1*50
[  885.2] $GPRMC,061223.38,V,,,,,,,090926,,,N,V*0C
[  885.8] $GPGGA,061224.38,,,,,0,,99.99,,M,,M,,*6E
[  885.8] $GPGLL,,,,,061224.38,V,N*42
[  885.8] $GPGSA,A,1,,,,,,,,,,,,,99.99,99.99,99.99,1*2D
[  885.8] $GPGSV,2,1,6,4,,,42,7,,,29,9,,,50,14,,,25,1*61
[  885.8] $GPGSV,2,2,6,15,,,25,16,,,28,1*5C
[  886.3] $GPRMC,061224.38,V,,,,,,,090926,,,N,V*0B
[  886.8] $GPGGA,061225.38,,,,,0,,99.99,,M,,M,,*6F
[  886.8] $GPGLL,,,,,061225.38,V,N*43
[  886.8] $GPGSA,A,1,,,,,,,,,,,,,99.99,99.99,99.99,1*2D
[  886.8] $GPGSV,1,1,3,4,,,42,7,,,29,9,,,50,1*65
[  886.8] $GPRMC,061225.38,V,,,,,,,090926,,,N,V*0A
[  887.9] $GPGGA,061226.38,,,,,0,,99.99,,M,,M,,*6C
[  887.9] $GPGLL,,,,,061226.38,V,N*40
[  887.9] $GPGSA,A,1,,,,,,,,,,,,,99.99,99.99,99.99,1*2D
[  887.9] $GPGSV,1,1,3,4,,,42,7,,,29,9,,,50,1*65
[  887.9] $GPRMC,061226.38,V,,,,,,,090926,,,N,V*09
[  888.9] $GPGGA,061227.38,,,,,0,,99.99,,M,,M,,*6D
[  888.9] $GPGLL,,,,,061227.38,V,N*41
[  888.9] $GPGSA,A,1,,,,,,,,,,,,,99.99,99.99,99.99,1*2D
[  888.9] $GPGSV,1,1,4,4,,,42,7,,,28,9,,,50,14,,,28,1*6C
[  888.9] $GPRMC,061227.38,V,,,,,,,090926,,,N,V*08
[  890.0] $GPGGA,061228.38,,,,,0,,99.99,,M,,M,,*62
[  890.0] $GPGLL,,,,,061228.38,V,N*4E
[  890.0] $GPGSA,A,1,,,,,,,,,,,,,99.99,99.99,99.99,1*2D
[  890.0] $GPGSV,2,1,5,4,,,42,7,,,28,9,,,50,11,,,27,1*64
[  890.0] $GPGSV,2,2,5,16,,,31,1*54
[  890.0] $GPRMC,061228.38,V,,,,,,,090926,,,N,V*07
[  891.0] $GPGGA,061229.38,,,,,0,03,99.99,,M,,M,,*60
[  891.0] $GPGLL,,,,,061229.38,V,N*4F
[  891.0] $GPGSA,A,1,,,,,,,,,,,,,99.99,99.99,99.99,1*2D
[  891.0] $GPGSV,2,1,5,4,,,42,7,,,28,9,,,49,14,,,27,1*69
[  891.0] $GPGSV,2,2,5,16,,,27,1*53
[  891.0] $GPRMC,061229.38,V,,,,,,,090926,,,N,V*06
[  892.1] $GPGGA,061230.38,,,,,0,03,99.99,,M,,M,,*68
[  892.1] $GPGLL,,,,,061230.38,V,N*47
[  892.1] $GPGSA,A,1,,,,,,,,,,,,,99.99,99.99,99.99,1*2D
[  892.1] $GPGSV,2,1,6,4,,,41,7,,,27,9,,,49,11,,,26,1*62
[  892.1] $GPGSV,2,2,6,15,,,29,17,,,30,1*58
[  892.1] $GPRMC,061230.38,V,,,,,,,090926,,,N,V*0E
[  893.1] $GPGGA,061231.38,,,,,0,03,99.99,,M,,M,,*69
[  893.1] $GPGLL,,,,,061231.38,V,N*46
[  893.1] $GPGSA,A,1,,,,,,,,,,,,,99.99,99.99,99.99,1*2D
[  893.1] $GPGSV,1,1,4,4,,,41,7,,,27,9,,,49,11,,,25,1*60
[  893.1] $GPRMC,061231.38,V,,,,,,,090926,,,N,V*0F
[  894.2] $GPGGA,061232.38,,,,,0,03,99.99,,M,,M,,*6A
[  894.2] $GPGLL,,,,,061232.38,V,N*45
[  894.2] $GPGSA,A,1,,,,,,,,,,,,,99.99,99.99,99.99,1*2D
[  894.2] $GPGSV,1,1,4,4,,,41,7,,,27,9,,,49,11,,,24,1*61
[  894.2] $GPRMC,061232.38,V,,,,,,,090926,,,N,V*0C
[  895.2] $GPGGA,061233.38,,,,,0,03,99.99,,M,,M,,*6B
[  895.2] $GPGLL,,,,,061233.38,V,N*44
[  895.2] $GPGSA,A,1,,,,,,,,,,,,,99.99,99.99,99.99,1*2D
[  895.2] $GPGSV,2,1,5,4,,,41,7,,,27,9,,,49,11,,,24,1*63
[  895.2] $GPGSV,2,2,5,14,,,29,1*5F
[  895.2] $GPRMC,061233.38,V,,,,,,,090926,,,N,V*0D
[  896.3] $GPGGA,061234.38,,,,,0,03,99.99,,M,,M,,*6C
[  896.3] $GPGLL,,,,,061234.38,V,N*43
[  896.3] $GPGSA,A,1,,,,,,,,,,,,,99.99,99.99,99.99,1*2D
[  896.3] $GPGSV,2,1,6,1,,,27,3,,,26,4,,,41,7,,,27,1*51
[  896.3] $GPGSV,2,2,6,9,,,49,15,,,26,1*66
[  896.3] $GPRMC,061234.38,V,,,,,,,090926,,,N,V*0A
[  896.8] $GPGGA,061235.38,,,,,0,03,99.99,,M,,M,,*6D
[  896.8] $GPGLL,,,,,061235.38,V,N*42
[  896.8] $GPGSA,A,1,,,,,,,,,,,,,99.99,99.99,99.99,1*2D
[  896.8] $GPGSV,1,1,4,3,,,25,4,,,41,7,,,27,9,,,49,1*53
[  896.8] $GPRMC,061235.38,V,,,,,,,090926,,,N,V*0B
[  897.8] $GPGGA,061236.38,,,,,0,03,99.99,,M,,M,,*6E
[  897.8] $GPGLL,,,,,061236.38,V,N*41
[  897.8] $GPGSA,A,1,,,,,,,,,,,,,99.99,99.99,99.99,1*2D
[  897.8] $GPGSV,1,1,4,3,,,24,4,,,42,7,,,27,9,,,49,1*51
[  897.8] $GPRMC,061236.38,V,,,,,,,090926,,,N,V*08
[  898.9] $GPGGA,061237.38,,,,,0,03,99.99,,M,,M,,*6F
[  898.9] $GPGLL,,,,,061237.38,V,N*40
[  898.9] $GPGSA,A,1,,,,,,,,,,,,,99.99,99.99,99.99,1*2D
[  898.9] $GPGSV,2,1,7,3,,,25,4,,,42,7,,,27,9,,,50,1*58
[  898.9] $GPGSV,2,2,7,14,,,28,15,,,32,26,,,30,1*5E
[  898.9] $GPRMC,061237.38,V,,,,,,,090926,,,N,V*09
[  899.9] $GPGGA,061238.38,,,,,0,03,99.99,,M,,M,,*60
[  899.9] $GPGLL,,,,,061238.38,V,N*4F
[  899.9] $GPGSA,A,1,,,,,,,,,,,,,99.99,99.99,99.99,1*2D
[  899.9] $GPGSV,2,1,6,4,,,42,7,,,27,9,,,49,15,,,27,1*64
[  899.9] $GPGSV,2,2,6,19,,,26,26,,,25,1*5D
[  899.9] $GPRMC,061238.38,V,,,,,,,090926,,,N,V*06
[  901.0] $GPGGA,061239.38,,,,,0,03,99.99,,M,,M,,*61
[  901.0] $GPGLL,,,,,061239.38,V,N*4E
[  901.0] $GPGSA,A,1,,,,,,,,,,,,,99.99,99.99,99.99,1*2D
[  901.0] $GPGSV,2,1,5,4,,,42,7,,,26,9,,,50,19,,,25,1*60
[  901.0] $GPGSV,2,2,5,26,,,25,1*52
[  901.0] $GPRMC,061239.38,V,,,,,,,090926,,,N,V*07
[  902.1] $GPGGA,061240.38,,,,,0,03,99.99,,M,,M,,*6F
[  902.1] $GPGLL,,,,,061240.38,V,N*40
[  902.1] $GPGSA,A,1,,,,,,,,,,,,,99.99,99.99,99.99,1*2D
[  902.1] $GPGSV,2,1,6,4,,,42,7,,,26,9,,,49,14,,,26,1*65
[  902.1] $GPGSV,2,2,6,19,,,25,26,,,24,1*5F
[  902.1] $GPRMC,061240.38,V,,,,,,,090926,,,N,V*09
[  903.2] $GPGGA,061241.38,,,,,0,03,99.99,,M,,M,,*6E
[  903.2] $GPGLL,,,,,061241.38,V,N*41
[  903.2] $GPGSA,A,1,,,,,,,,,,,,,99.99,99.99,99.99,1*2D
[  903.2] $GPGSV,2,1,5,4,,,42,7,,,26,9,,,50,14,,,24,1*6C
[  903.2] $GPGSV,2,2,5,19,,,25,1*5E
[  903.2] $GPRMC,061241.38,V,,,,,,,090926,,,N,V*08
[  904.2] $GPGGA,061242.38,,,,,0,03,99.99,,M,,M,,*6D
[  904.2] $GPGLL,,,,,061242.38,V,N*42
[  904.2] $GPGSA,A,1,,,,,,,,,,,,,99.99,99.99,99.99,1*2D
[  904.2] $GPGSV,2,1,5,4,,,42,7,,,26,9,,,50,11,,,31,1*6D
[  904.2] $GPGSV,2,2,5,14,,,24,1*52
[  904.2] $GPRMC,061242.38,V,,,,,,,090926,,,N,V*0B
[  905.3] $GPGGA,061243.38,,,,,0,03,99.99,,M,,M,,*6C
[  905.3] $GPGLL,,,,,061243.38,V,N*43
[  905.3] $GPGSA,A,1,,,,,,,,,,,,,99.99,99.99,99.99,1*2D
[  905.3] $GPGSV,2,1,7,4,,,42,7,,,27,9,,,50,11,,,26,1*68
[  905.3] $GPGSV,2,2,7,14,,,24,15,,,31,24,,,27,1*55
[  905.3] $GPRMC,061243.38,V,,,,,,,090926,,,N,V*0A
[  905.8] $GPGGA,061244.38,,,,,0,03,99.99,,M,,M,,*6B
[  905.8] $GPGLL,,,,,061244.38,V,N*44
[  905.8] $GPGSA,A,1,,,,,,,,,,,,,99.99,99.99,99.99,1*2D
[  905.8] $GPGSV,2,1,6,4,,,42,7,,,27,9,,,49,11,,,26,1*61
[  905.8] $GPGSV,2,2,6,15,,,25,24,,,25,1*50
[  905.8] $GPRMC,061244.38,V,,,,,,,090926,,,N,V*0D
[  906.9] $GPGGA,061245.38,,,,,0,03,99.99,,M,,M,,*6A
[  906.9] $GPGLL,,,,,061245.38,V,N*45
[  906.9] $GPGSA,A,1,,,,,,,,,,,,,99.99,99.99,99.99,1*2D
[  906.9] $GPGSV,2,1,6,4,,,42,7,,,26,9,,,49,11,,,25,1*63
[  906.9] $GPGSV,2,2,6,15,,,22,24,,,25,1*57
[  906.9] $GPRMC,061245.38,V,,,,,,,090926,,,N,V*0C
[  907.9] $GPGGA,061246.38,,,,,0,03,99.99,,M,,M,,*69
[  907.9] $GPGLL,,,,,061246.38,V,N*46
[  907.9] $GPGSA,A,1,,,,,,,,,,,,,99.99,99.99,99.99,1*2D
[  907.9] $GPGSV,2,1,6,4,,,42,7,,,26,9,,,49,11,,,25,1*63
[  907.9] $GPGSV,2,2,6,15,,,19,24,,,25,1*5F
[  907.9] $GPRMC,061246.38,V,,,,,,,090926,,,N,V*0F
[  909.0] $GPGGA,061247.38,,,,,0,03,99.99,,M,,M,,*68
[  909.0] $GPGLL,,,,,061247.38,V,N*47
[  909.0] $GPGSA,A,1,,,,,,,,,,,,,99.99,99.99,99.99,1*2D
[  909.0] $GPGSV,2,1,6,1,,,30,4,,,42,7,,,26,9,,,48,1*57
[  909.0] $GPGSV,2,2,6,11,,,24,14,,,28,1*5B
[  909.0] $GPRMC,061247.38,V,,,,,,,090926,,,N,V*0E
[  910.0] $GPGGA,061248.38,,,,,0,03,99.99,,M,,M,,*67
[  910.0] $GPGLL,,,,,061248.38,V,N*48
[  910.0] $GPGSA,A,1,,,,,,,,,,,,,99.99,99.99,99.99,1*2D
[  910.0] $GPGSV,2,1,5,2,,,26,4,,,42,7,,,26,9,,,49,1*51
[  910.0] $GPGSV,2,2,5,11,,,25,1*56
[  910.0] $GPRMC,061248.38,V,,,,,,,090926,,,N,V*01
[  911.1] $GPGGA,061249.38,,,,,0,03,99.99,,M,,M,,*66
[  911.1] $GPGLL,,,,,061249.38,V,N*49
[  911.1] $GPGSA,A,1,,,,,,,,,,,,,99.99,99.99,99.99,1*2D
[  911.1] $GPGSV,2,1,6,1,,,26,2,,,25,4,,,41,7,,,26,1*53
[  911.1] $GPGSV,2,2,6,9,,,49,11,,,25,1*61
[  911.1] $GPRMC,061249.38,V,,,,,,,090926,,,N,V*00
[  912.1] $GPGGA,061250.38,,,,,0,03,99.99,,M,,M,,*6E
[  912.1] $GPGLL,,,,,061250.38,V,N*41
[  912.1] $GPGSA,A,1,,,,,,,,,,,,,99.99,99.99,99.99,1*2D
[  912.1] $GPGSV,2,1,8,1,,,25,2,,,25,3,,,28,4,,,41,1*54
[  912.1] $GPGSV,2,2,8,7,,,26,9,,,49,15,,,26,24,,,29,1*56
[  912.1] $GPRMC,061250.38,V,,,,,,,090926,,,N,V*08
[  913.2] $GPGGA,061251.38,,,,,0,03,99.99,,M,,M,,*6F
[  913.2] $GPGLL,,,,,061251.38,V,N*40
[  913.2] $GPGSA,A,1,,,,,,,,,,,,,99.99,99.99,99.99,1*2D
[  913.2] $GPGSV,2,1,7,1,,,24,2,,,24,4,,,41,7,,,26,1*51
[  913.2] $GPGSV,2,2,7,9,,,50,14,,,26,15,,,26,1*6E
[  913.2] $GPRMC,061251.38,V,,,,,,,090926,,,N,V*09
[  914.2] $GPGGA,061252.38,,,,,0,03,99.99,,M,,M,,*6C
[  914.2] $GPGLL,,,,,061252.38,V,N*43
[  914.2] $GPGSA,A,1,,,,,,,,,,,,,99.99,99.99,99.99,1*2D
[  914.2] $GPGSV,2,1,6,1,,,26,4,,,42,7,,,26,9,,,50,1*59
[  914.2] $GPGSV,2,2,6,14,,,25,15,,,27,1*51
[  914.2] $GPRMC,061252.38,V,,,,,,,090926,,,N,V*0A
[  915.3] $GPGGA,061253.38,,,,,0,03,99.99,,M,,M,,*6D
[  915.3] $GPGLL,,,,,061253.38,V,N*42
[  915.3] $GPGSA,A,1,,,,,,,,,,,,,99.99,99.99,99.99,1*2D
[  915.3] $GPGSV,2,1,6,4,,,42,7,,,26,9,,,50,11,,,30,1*6F
[  915.3] $GPGSV,2,2,6,14,,,24,24,,,28,1*5D
[  915.3] $GPRMC,061253.38,V,,,,,,,090926,,,N,V*0B
[  915.8] $GPGGA,061254.38,,,,,0,03,99.99,,M,,M,,*6A
[  915.8] $GPGLL,,,,,061254.38,V,N*45
[  915.8] $GPGSA,A,1,,,,,,,,,,,,,99.99,99.99,99.99,1*2D
[  915.8] $GPGSV,1,1,4,4,,,41,7,,,26,9,,,49,14,,,25,1*64
[  915.8] $GPRMC,061254.38,V,,,,,,,090926,,,N,V*0C
[  916.8] $GPGGA,061255.38,,,,,0,03,99.99,,M,,M,,*6B
[  916.8] $GPGLL,,,,,061255.38,V,N*44
[  916.8] $GPGSA,A,1,,,,,,,,,,,,,99.99,99.99,99.99,1*2D
[  916.8] $GPGSV,1,1,3,4,,,42,7,,,26,9,,,49,1*62
[  916.8] $GPRMC,061255.38,V,,,,,,,090926,,,N,V*0D
[  917.9] $GPGGA,061256.38,,,,,0,03,99.99,,M,,M,,*68
[  917.9] $GPGLL,,,,,061256.38,V,N*47
[  917.9] $GPGSA,A,1,,,,,,,,,,,,,99.99,99.99,99.99,1*2D
[  917.9] $GPGSV,1,1,4,4,,,42,7,,,26,9,,,49,31,,,25,1*60
[  917.9] $GPRMC,061256.38,V,,,,,,,090926,,,N,V*0E
[  919.0] $GPGGA,061257.38,,,,,0,03,99.99,,M,,M,,*69
[  919.0] $GPGLL,,,,,061257.38,V,N*46
[  919.0] $GPGSA,A,1,,,,,,,,,,,,,99.99,99.99,99.99,1*2D
[  919.0] $GPGSV,2,1,7,4,,,41,7,,,26,9,,,49,11,,,26,1*62
[  919.0] $GPGSV,2,2,7,14,,,26,24,,,29,31,,,25,1*5A
[  919.0] $GPRMC,061257.38,V,,,,,,,090926,,,N,V*0F
[  920.0] $GPGGA,061258.38,,,,,0,03,99.99,,M,,M,,*66
[  920.0] $GPGLL,,,,,061258.38,V,N*49
[  920.0] $GPGSA,A,1,,,,,,,,,,,,,99.99,99.99,99.99,1*2D
[  920.0] $GPGSV,2,1,7,1,,,27,4,,,41,7,,,26,9,,,49,1*52
[  920.0] $GPGSV,2,2,7,14,,,24,24,,,28,31,,,25,1*59
[  920.0] $GPRMC,061258.38,V,,,,,,,090926,,,N,V*00
[  921.0] $GPGGA,061259.38,,,,,0,03,99.99,,M,,M,,*67
[  921.0] $GPGLL,,,,,061259.38,V,N*48
[  921.0] $GPGSA,A,1,,,,,,,,,,,,,99.99,99.99,99.99,1*2D
[  921.0] $GPGSV,3,1,10,1,,,25,2,,,30,3,,,27,4,,,41,1*67
[  921.0] $GPGSV,3,2,10,6,,,29,7,,,26,9,,,49,14,,,25,1*5C
[  921.0] $GPGSV,3,3,10,17,,,25,31,,,25,1*61
[  921.0] $GPRMC,061259.38,V,,,,,,,090926,,,N,V*01
[  922.1] $GPGGA,061300.38,,,,,0,03,99.99,,M,,M,,*6A
[  922.1] $GPGLL,,,,,061300.38,V,N*45
[  922.1] $GPGSA,A,1,,,,,,,,,,,,,99.99,99.99,99.99,1*2D
[  922.1] $GPGSV,3,1,10,3,,,27,4,,,41,6,,,26,7,,,26,1*61
[  922.1] $GPGSV,3,2,10,9,,,50,11,,,29,14,,,25,17,,,24,1*51
[  922.1] $GPGSV,3,3,10,18,,,27,24,,,30,1*6C
[  922.1] $GPRMC,061300.38,V,,,,,,,090926,,,N,V*0C
[  923.1] $GPGGA,061301.38,,,,,0,03,99.99,,M,,M,,*6B
[  923.1] $GPGLL,,,,,061301.38,V,N*44
[  923.1] $GPGSA,A,1,,,,,,,,,,,,,99.99,99.99,99.99,1*2D
[  923.1] $GPGSV,2,1,8,4,,,41,6,,,25,7,,,25,9,,,50,1*53
[  923.1] $GPGSV,2,2,8,11,,,25,17,,,24,18,,,25,21,,,26,1*52
[  923.1] $GPRMC,061301.38,V,,,,,,,090926,,,N,V*0D
[  924.2] $GPGGA,061302.38,,,,,0,03,99.99,,M,,M,,*68
[  924.2] $GPGLL,,,,,061302.38,V,N*47
[  924.2] $GPGSA,A,1,,,,,,,,,,,,,99.99,99.99,99.99,1*2D
[  924.2] $GPGSV,2,1,8,4,,,41,6,,,25,7,,,25,9,,,50,1*53
[  924.2] $GPGSV,2,2,8,11,,,24,17,,,25,18,,,25,21,,,25,1*51
[  924.2] $GPRMC,061302.38,V,,,,,,,090926,,,N,V*0E
[  925.2] $GPGGA,061303.38,,,,,0,03,99.99,,M,,M,,*69
[  925.2] $GPGLL,,,,,061303.38,V,N*46
[  925.2] $GPGSA,A,1,,,,,,,,,,,,,99.99,99.99,99.99,1*2D
[  925.2] $GPGSV,2,1,8,4,,,41,6,,,25,7,,,25,9,,,50,1*53
[  925.2] $GPGSV,2,2,8,11,,,24,14,,,30,18,,,24,21,,,25,1*57
[  925.2] $GPRMC,061303.38,V,,,,,,,090926,,,N,V*0F
[  925.8] $GPGGA,061304.38,,,,,0,03,99.99,,M,,M,,*6E
[  925.8] $GPGLL,,,,,061304.38,V,N*41
[  925.8] $GPGSA,A,1,,,,,,,,,,,,,99.99,99.99,99.99,1*2D
[  925.8] $GPGSV,2,1,7,4,,,41,6,,,26,7,,,24,9,,,50,1*5E
[  925.8] $GPGSV,2,2,7,14,,,27,21,,,24,24,,,28,1*5A
[  925.8] $GPRMC,061304.38,V,,,,,,,090926,,,N,V*08
[  926.8] $GPGGA,061305.38,,,,,0,03,99.99,,M,,M,,*6F
[  926.8] $GPGLL,,,,,061305.38,V,N*40
[  926.8] $GPGSA,A,1,,,,,,,,,,,,,99.99,99.99,99.99,1*2D
[  926.8] $GPGSV,2,1,5,4,,,41,6,,,26,7,,,24,9,,,49,1*54
[  926.8] $GPGSV,2,2,5,14,,,26,1*50
[  926.8] $GPRMC,061305.38,V,,,,,,,090926,,,N,V*09
[  927.9] $GPGGA,061306.38,,,,,0,03,99.99,,M,,M,,*6C
[  927.9] $GPGLL,,,,,061306.38,V,N*43
[  927.9] $GPGSA,A,1,,,,,,,,,,,,,99.99,99.99,99.99,1*2D
[  927.9] $GPGSV,2,1,5,4,,,41,7,,,24,9,,,50,14,,,25,1*6C
[  927.9] $GPGSV,2,2,5,30,,,29,1*59
[  927.9] $GPRMC,061306.38,V,,,,,,,090926,,,N,V*0A
[  928.9] $GPGGA,061307.38,,,,,0,03,99.99,,M,,M,,*6D
[  928.9] $GPGLL,,,,,061307.38,V,N*42
[  928.9] $GPGSA,A,1,,,,,,,,,,,,,99.99,99.99,99.99,1*2D
[  928.9] $GPGSV,2,1,8,4,,,41,7,,,24,9,,,49,11,,,30,1*68
[  928.9] $GPGSV,2,2,8,14,,,24,16,,,26,24,,,28,30,,,29,1*58
[  928.9] $GPRMC,061307.38,V,,,,,,,090926,,,N,V*0B
[  930.0] $GPGGA,061308.38,,,,,0,03,99.99,,M,,M,,*62
[  930.0] $GPGLL,,,,,061308.38,V,N*4D
[  930.0] $GPGSA,A,1,,,,,,,,,,,,,99.99,99.99,99.99,1*2D
[  930.0] $GPGSV,3,1,9,4,,,41,5,,,25,7,,,24,9,,,49,1*59
[  930.0] $GPGSV,3,2,9,14,,,24,16,,,26,17,,,28,18,,,30,1*5A
[  930.0] $GPGSV,3,3,9,30,,,28,1*54
[  930.0] $GPRMC,061308.38,V,,,,,,,090926,,,N,V*04
[  931.0] $GPGGA,061309.38,,,,,0,03,99.99,,M,,M,,*63
[  931.0] $GPGLL,,,,,061309.38,V,N*4C
[  931.0] $GPGSA,A,1,,,,,,,,,,,,,99.99,99.99,99.99,1*2D
[  931.0] $GPGSV,2,1,6,1,,,28,4,,,41,5,,,24,7,,,24,1*59
[  931.0] $GPGSV,2,2,6,9,,,50,30,,,27,1*68
[  931.0] $GPRMC,061309.38,V,,,,,,,090926,,,N,V*05
[  932.1] $GPGGA,061310.38,,,,,0,03,99.99,,M,,M,,*6B
[  932.1] $GPGLL,,,,,061310.38,V,N*44
[  932.1] $GPGSA,A,1,,,,,,,,,,,,,99.99,99.99,99.99,1*2D
[  932.1] $GPGSV,2,1,7,1,,,25,4,,,41,5,,,24,7,,,24,1*55
[  932.1] $GPGSV,2,2,7,9,,,50,27,,,26,30,,,27,1*68
[  932.1] $GPRMC,061310.38,V,,,,,,,090926,,,N,V*0D
[  933.1] $GPGGA,061311.38,,,,,0,03,99.99,,M,,M,,*6A
[  933.1] $GPGLL,,,,,061311.38,V,N*45
[  933.1] $GPGSA,A,1,,,,,,,,,,,,,99.99,99.99,99.99,1*2D
[  933.1] $GPGSV,3,1,9,1,,,24,4,,,41,5,,,24,7,,,24,1*5B
[  933.1] $GPGSV,3,2,9,9,,,50,11,,,29,14,,,29,27,,,25,1*67
[  933.1] $GPGSV,3,3,9,30,,,27,1*5B
[  933.1] $GPRMC,061311.38,V,,,,,,,090926,,,N,V*0C
[  934.2] $GPGGA,061312.38,,,,,0,03,99.99,,M,,M,,*69
[  934.2] $GPGLL,,,,,061312.38,V,N*46
[  934.2] $GPGSA,A,1,,,,,,,,,,,,,99.99,99.99,99.99,1*2D
[  934.2] $GPGSV,2,1,7,1,,,25,4,,,41,7,,,23,9,,,50,1*5D
[  934.2] $GPGSV,2,2,7,24,,,26,27,,,25,30,,,27,1*55
[  934.2] $GPRMC,061312.38,V,,,,,,,090926,,,N,V*0F
[  935.2] $GPGGA,061313.38,,,,,0,03,99.99,,M,,M,,*68
[  935.2] $GPGLL,,,,,061313.38,V,N*47
[  935.2] $GPGSA,A,1,,,,,,,,,,,,,99.99,99.99,99.99,1*2D
[  935.2] $GPGSV,2,1,5,4,,,41,7,,,23,9,,,50,27,,,24,1*6A
[  935.2] $GPGSV,2,2,5,30,,,27,1*57
[  935.2] $GPRMC,061313.38,V,,,,,,,090926,,,N,V*0E
[  936.3] $GPGGA,061314.38,,,,,0,03,99.99,,M,,M,,*6F
[  936.3] $GPGLL,,,,,061314.38,V,N*40
[  936.3] $GPGSA,A,1,,,,,,,,,,,,,99.99,99.99,99.99,1*2D
[  936.3] $GPGSV,2,1,5,4,,,41,7,,,23,9,,,50,14,,,29,1*67
[  936.3] $GPGSV,2,2,5,30,,,26,1*56
[  936.3] $GPRMC,061314.38,V,,,,,,,090926,,,N,V*09
[  936.8] $GPGGA,061315.38,,,,,0,03,99.99,,M,,M,,*6E
[  936.8] $GPGLL,,,,,061315.38,V,N*41
[  936.8] $GPGSA,A,1,,,,,,,,,,,,,99.99,99.99,99.99,1*2D
[  936.8] $GPGSV,1,1,4,4,,,41,7,,,22,9,,,50,30,,,26,1*6D
[  936.8] $GPRMC,061315.38,V,,,,,,,090926,,,N,V*08
[  937.8] $GPGGA,061316.38,,,,,0,03,99.99,,M,,M,,*6D
[  937.8] $GPGLL,,,,,061316.38,V,N*42
[  937.8] $GPGSA,A,1,,,,,,,,,,,,,99.99,99.99,99.99,1*2D
[  937.8] $GPGSV,2,1,7,4,,,41,7,,,22,9,,,50,11,,,28,1*60
[  937.8] $GPGSV,2,2,7,24,,,29,30,,,26,31,,,26,1*5F
[  937.8] $GPRMC,061316.38,V,,,,,,,090926,,,N,V*0B
[  938.9] $GPGGA,061317.38,,,,,0,03,99.99,,M,,M,,*6C
[  938.9] $GPGLL,,,,,061317.38,V,N*43
[  938.9] $GPGSA,A,1,,,,,,,,,,,,,99.99,99.99,99.99,1*2D
[  938.9] $GPGSV,2,1,5,4,,,41,7,,,22,9,,,49,30,,,25,1*64
[  938.9] $GPGSV,2,2,5,31,,,24,1*55
[  938.9] $GPRMC,061317.38,V,,,,,,,090926,,,N,V*0A
[  939.9] $GPGGA,061318.38,,,,,0,03,99.99,,M,,M,,*63
[  939.9] $GPGLL,,,,,061318.38,V,N*4C
[  939.9] $GPGSA,A,1,,,,,,,,,,,,,99.99,99.99,99.99,1*2D
[  939.9] $GPGSV,2,1,7,2,,,26,4,,,41,7,,,22,9,,,49,1*54
[  939.9] $GPGSV,2,2,7,14,,,29,30,,,25,31,,,24,1*5D
[  939.9] $GPRMC,061318.38,V,,,,,,,090926,,,N,V*05
[  941.0] $GPGGA,061319.38,,,,,0,03,99.99,,M,,M,,*62
[  941.0] $GPGLL,,,,,061319.38,V,N*4D
[  941.0] $GPGSA,A,1,,,,,,,,,,,,,99.99,99.99,99.99,1*2D
[  941.0] $GPGSV,2,1,8,1,,,26,2,,,25,4,,,41,7,,,22,1*59
[  941.0] $GPGSV,2,2,8,9,,,50,11,,,29,30,,,26,31,,,24,1*68
[  941.0] $GPRMC,061319.38,V,,,,,,,090926,,,N,V*04
[  942.1] $GPGGA,061320.38,,,,,0,03,99.99,,M,,M,,*68
[  942.1] $GPGLL,,,,,061320.38,V,N*47
[  942.1] $GPGSA,A,1,,,,,,,,,,,,,99.99,99.99,99.99,1*2D
[  942.1] $GPGSV,3,1,9,1,,,25,2,,,25,3,,,25,4,,,41,1*59
[  942.1] $GPGSV,3,2,9,5,,,29,7,,,22,9,,,50,11,,,28,1*63
[  942.1] $GPGSV,3,3,9,30,,,26,1*5A
[  942.1] $GPRMC,061320.38,V,,,,,,,090926,,,N,V*0E
[  943.1] $GPGGA,061321.38,,,,,0,03,99.99,,M,,M,,*69
[  943.1] $GPGLL,,,,,061321.38,V,N*46
[  943.1] $GPGSA,A,1,,,,,,,,,,,,,99.99,99.99,99.99,1*2D
[  943.1] $GPGSV,3,1,9,2,,,24,3,,,25,4,,,41,7,,,23,1*58
[  943.1] $GPGSV,3,2,9,9,,,50,11,,,25,20,,,26,24,,,29,1*6C
[  943.1] $GPGSV,3,3,9,30,,,26,1*5A
[  943.1] $GPRMC,061321.38,V,,,,,,,090926,,,N,V*0F
[  944.2] $GPGGA,061322.38,,,,,0,03,99.99,,M,,M,,*6A
[  944.2] $GPGLL,,,,,061322.38,V,N*45
[  944.2] $GPGSA,A,1,,,,,,,,,,,,,99.99,99.99,99.99,1*2D
[  944.2] $GPGSV,2,1,8,3,,,24,4,,,41,7,,,23,9,,,50,1*51
[  944.2] $GPGSV,2,2,8,11,,,24,14,,,27,20,,,26,30,,,25,1*58
[  944.2] $GPRMC,061322.38,V,,,,,,,090926,,,N,V*0C
[  945.2] $GPGGA,061323.38,,,,,0,03,99.99,,M,,M,,*6B
[  945.2] $GPGLL,,,,,061323.38,V,N*44
[  945.2] $GPGSA,A,1,,,,,,,,,,,,,99.99,99.99,99.99,1*2D
[  945.2] $GPGSV,2,1,7,3,,,25,4,,,41,7,,,23,9,,,50,1*5F
[  945.2] $GPGSV,2,2,7,11,,,24,20,,,25,30,,,25,1*54
[  945.2] $GPRMC,061323.38,V,,,,,,,090926,,,N,V*0D
[  946.3] $GPGGA,061324.38,,,,,0,03,99.99,,M,,M,,*6C
[  946.3] $GPGLL,,,,,061324.38,V,N*43
[  946.3] $GPGSA,A,1,,,,,,,,,,,,,99.99,99.99,99.99,1*2D
[  946.3] $GPGSV,2,1,6,4,,,41,7,,,23,9,,,50,20,,,25,1*6F
[  946.3] $GPGSV,2,2,6,24,,,31,30,,,25,1*52
[  946.3] $GPRMC,061324.38,V,,,,,,,090926,,,N,V*0A
[  946.8] $GPGGA,061325.38,,,,,0,03,99.99,,M,,M,,*6D
[  946.8] $GPGLL,,,,,061325.38,V,N*42
[  946.8] $GPGSA,A,1,,,,,,,,,,,,,99.99,99.99,99.99,1*2D
[  946.8] $GPGSV,2,1,6,4,,,41,7,,,23,9,,,49,14,,,29,1*6C
[  946.8] $GPGSV,2,2,6,30,,,26,201,,,30,1*65
[  946.8] $GPRMC,061325.38,V,,,,,,,090926,,,N,V*0B
[  947.8] $GPGGA,061326.38,,,,,0,03,99.99,,M,,M,,*6E
[  947.8] $GPGLL,,,,,061326.38,V,N*41
[  947.8] $GPGSA,A,1,,,,,,,,,,,,,99.99,99.99,99.99,1*2D
[  947.8] $GPGSV,1,1,4,4,,,41,7,,,23,9,,,50,30,,,25,1*6F
[  947.8] $GPRMC,061326.38,V,,,,,,,090926,,,N,V*08
[  948.9] $GPGGA,061327.38,,,,,0,03,99.99,,M,,M,,*6F
[  948.9] $GPGLL,,,,,061327.38,V,N*40
[  948.9] $GPGSA,A,1,,,,,,,,,,,,,99.99,99.99,99.99,1*2D
[  948.9] $GPGSV,1,1,4,4,,,40,7,,,23,9,,,50,30,,,25,1*6E
[  948.9] $GPRMC,061327.38,V,,,,,,,090926,,,N,V*09
[  949.9] $GPGGA,061328.38,,,,,0,03,99.99,,M,,M,,*60
[  949.9] $GPGLL,,,,,061328.38,V,N*4F
[  949.9] $GPGSA,A,1,,,,,,,,,,,,,99.99,99.99,99.99,1*2D
[  949.9] $GPGSV,2,1,5,4,,,40,7,,,23,9,,,50,24,,,28,1*64
[  949.9] $GPGSV,2,2,5,30,,,25,1*55
[  949.9] $GPRMC,061328.38,V,,,,,,,090926,,,N,V*06
[  951.0] $GPGGA,061329.38,,,,,0,03,99.99,,M,,M,,*61
[  951.0] $GPGLL,,,,,061329.38,V,N*4E
[  951.0] $GPGSA,A,1,,,,,,,,,,,,,99.99,99.99,99.99,1*2D
[  951.0] $GPGSV,2,1,7,4,,,40,7,,,23,9,,,50,11,,,26,1*6E
[  951.0] $GPGSV,2,2,7,14,,,27,30,,,25,193,,,30,1*6F
[  951.0] $GPRMC,061329.38,V,,,,,,,090926,,,N,V*07
[  952.0] $GPGGA,061330.38,,,,,0,03,99.99,,M,,M,,*69
[  952.0] $GPGLL,,,,,061330.38,V,N*46
[  952.0] $GPGSA,A,1,,,,,,,,,,,,,99.99,99.99,99.99,1*2D
[  952.0] $GPGSV,2,1,7,4,,,40,7,,,23,9,,,49,11,,,24,1*64
[  952.0] $GPGSV,2,2,7,14,,,26,30,,,25,193,,,28,1*67
[  952.0] $GPRMC,061330.38,V,,,,,,,090926,,,N,V*0F
[  953.1] $GPGGA,061331.38,,,,,0,03,99.99,,M,,M,,*68
[  953.1] $GPGLL,,,,,061331.38,V,N*47
[  953.1] $GPGSA,A,1,,,,,,,,,,,,,99.99,99.99,99.99,1*2D
[  953.1] $GPGSV,3,1,11,1,,,25,2,,,27,3,,,30,4,,,40,1*67
[  953.1] $GPGSV,3,2,11,7,,,22,9,,,49,11,,,25,14,,,25,1*63
[  953.1] $GPGSV,3,3,11,24,,,29,30,,,24,201,,,28,1*55
[  953.1] $GPRMC,061331.38,V,,,,,,,090926,,,N,V*0E
[  954.1] $GPGGA,061332.38,,,,,0,03,99.99,,M,,M,,*6B
[  954.1] $GPGLL,,,,,061332.38,V,N*44
[  954.1] $GPGSA,A,1,,,,,,,,,,,,,99.99,99.99,99.99,1*2D
[  954.1] $GPGSV,3,1,9,1,,,28,2,,,26,3,,,25,4,,,40,1*56
[  954.1] $GPGSV,3,2,9,7,,,22,9,,,50,11,,,24,14,,,24,1*52
[  954.1] $GPGSV,3,3,9,30,,,24,1*58
[  954.1] $GPRMC,061332.38,V,,,,,,,090926,,,N,V*0D
[  955.2] $GPGGA,061333.38,,,,,0,03,99.99,,M,,M,,*6A
[  955.2] $GPGLL,,,,,061333.38,V,N*45
[  955.2] $GPGSA,A,1,,,,,,,,,,,,,99.99,99.99,99.99,1*2D
[  955.2] $GPGSV,2,1,7,1,,,26,2,,,25,3,,,19,4,,,40,1*5B
[  955.2] $GPGSV,2,2,7,7,,,22,9,,,50,30,,,24,1*5D
[  955.2] $GPRMC,061333.38,V,,,,,,,090926,,,N,V*0C
[  956.2] $GPGGA,061334.38,,,,,0,03,99.99,,M,,M,,*6D
[  956.2] $GPGLL,,,,,061334.38,V,N*42
[  956.2] $GPGSA,A,1,,,,,,,,,,,,,99.99,99.99,99.99,1*2D
[  956.2] $GPGSV,2,1,7,1,,,25,2,,,25,3,,,08,4,,,40,1*58
[  956.2] $GPGSV,2,2,7,7,,,22,9,,,50,30,,,24,1*5D
[  956.2] $GPRMC,061334.38,V,,,,,,,090926,,,N,V*0B
[  956.8] $GPGGA,061335.38,,,,,0,03,99.99,,M,,M,,*6C
[  956.8] $GPGLL,,,,,061335.38,V,N*43
[  956.8] $GPGSA,A,1,,,,,,,,,,,,,99.99,99.99,99.99,1*2D
[  957.3] $GPGSV,2,1,7,1,,,25,3,,,00,4,,,40,7,,,21,1*51
[  957.3] $GPGSV,2,2,7,9,,,50,30,,,24,201,,,29,1*52
[  957.3] $GPRMC,061335.38,V,,,,,,,090926,,,N,V*0A
[  957.8] $GPGGA,061336.38,,,,,0,03,99.99,,M,,M,,*6F
[  957.8] $GPGLL,,,,,061336.38,V,N*40
[  957.8] $GPGSA,A,1,,,,,,,,,,,,,99.99,99.99,99.99,1*2D
[  957.8] $GPGSV,2,1,6,4,,,40,7,,,21,9,,,51,11,,,29,1*63
[  957.8] $GPGSV,2,2,6,14,,,29,30,,,24,1*59
[  957.8] $GPRMC,061336.38,V,,,,,,,090926,,,N,V*09
[  958.9] $GPGGA,061337.38,,,,,0,03,99.99,,M,,M,,*6E
[  958.9] $GPGLL,,,,,061337.38,V,N*41
[  958.9] $GPGSA,A,1,,,,,,,,,,,,,99.99,99.99,99.99,1*2D
[  958.9] $GPGSV,2,1,6,4,,,40,7,,,20,9,,,51,11,,,26,1*6D
[  958.9] $GPGSV,2,2,6,24,,,29,30,,,23,1*5D
[  958.9] $GPRMC,061337.38,V,,,,,,,090926,,,N,V*08
[  959.9] $GPGGA,061338.38,,,,,0,03,99.99,,M,,M,,*61
[  959.9] $GPGLL,,,,,061338.38,V,N*4E
[  959.9] $GPGSA,A,1,,,,,,,,,,,,,99.99,99.99,99.99,1*2D
[  959.9] $GPGSV,2,1,5,4,,,40,6,,,30,7,,,20,9,,,50,1*5E
[  959.9] $GPGSV,2,2,5,30,,,22,1*52
[  959.9] $GPRMC,061338.38,V,,,,,,,090926,,,N,V*07
[  961.0] $GPGGA,061339.38,,,,,0,03,99.99,,M,,M,,*60
[  961.0] $GPGLL,,,,,061339.38,V,N*4F
[  961.0] $GPGSA,A,1,,,,,,,,,,,,,99.99,99.99,99.99,1*2D
[  961.0] $GPGSV,2,1,5,2,,,30,4,,,40,7,,,19,9,,,50,1*50
[  961.0] $GPGSV,2,2,5,30,,,23,1*53
[  961.0] $GPRMC,061339.38,V,,,,,,,090926,,,N,V*06
[  962.1] $GPGGA,061340.38,,,,,0,03,99.99,,M,,M,,*6E
[  962.1] $GPGLL,,,,,061340.38,V,N*41
[  962.1] $GPGSA,A,1,,,,,,,,,,,,,99.99,99.99,99.99,1*2D
[  962.1] $GPGSV,2,1,6,2,,,29,4,,,40,7,,,17,9,,,50,1*55
[  962.1] $GPGSV,2,2,6,14,,,29,30,,,23,1*5E
[  962.1] $GPRMC,061340.38,V,,,,,,,090926,,,N,V*08
[  963.1] $GPGGA,061341.38,,,,,0,03,99.99,,M,,M,,*6F
[  963.1] $GPGLL,,,,,061341.38,V,N*40
[  963.1] $GPGSA,A,1,,,,,,,,,,,,,99.99,99.99,99.99,1*2D
[  963.1] $GPGSV,2,1,6,2,,,25,4,,,39,7,,,18,9,,,50,1*58
[  963.1] $GPGSV,2,2,6,11,,,31,30,,,23,1*52
[  963.1] $GPRMC,061341.38,V,,,,,,,090926,,,N,V*09
[  964.2] $GPGGA,061342.38,,,,,0,03,99.99,,M,,M,,*6C
[  964.2] $GPGLL,,,,,061342.38,V,N*43
[  964.2] $GPGSA,A,1,,,,,,,,,,,,,99.99,99.99,99.99,1*2D
[  964.2] $GPGSV,2,1,7,2,,,21,3,,,28,4,,,40,7,,,18,1*56
[  964.2] $GPGSV,2,2,7,9,,,50,24,,,31,30,,,23,1*69
[  964.2] $GPRMC,061342.38,V,,,,,,,090926,,,N,V*0A
[  965.2] $GPGGA,061343.38,,,,,0,03,99.99,,M,,M,,*6D
[  965.2] $GPGLL,,,,,061343.38,V,N*42
[  965.2] $GPGSA,A,1,,,,,,,,,,,,,99.99,99.99,99.99,1*2D
[  965.2] $GPGSV,2,1,5,4,,,39,7,,,18,9,,,51,14,,,26,1*6E
[  965.2] $GPGSV,2,2,5,30,,,23,1*53
[  965.2] $GPRMC,061343.38,V,,,,,,,090926,,,N,V*0B
[  966.3] $GPGGA,061344.38,,,,,0,03,99.99,,M,,M,,*6A
[  966.3] $GPGLL,,,,,061344.38,V,N*45
[  966.3] $GPGSA,A,1,,,,,,,,,,,,,99.99,99.99,99.99,1*2D
[  966.3] $GPGSV,2,1,5,4,,,40,7,,,18,9,,,50,14,,,24,1*63
[  966.3] $GPGSV,2,2,5,30,,,23,1*53
[  966.3] $GPRMC,061344.38,V,,,,,,,090926,,,N,V*0C
[  966.8] $GPGGA,061345.38,,,,,0,03,99.99,,M,,M,,*6B
[  966.8] $GPGLL,,,,,061345.38,V,N*44
[  966.8] $GPGSA,A,1,,,,,,,,,,,,,99.99,99.99,99.99,1*2D
[  966.8] $GPGSV,2,1,7,1,,,28,4,,,40,5,,,31,7,,,18,1*52
[  966.8] $GPGSV,2,2,7,9,,,50,14,,,24,30,,,23,1*6E
[  966.8] $GPRMC,061345.38,V,,,,,,,090926,,,N,V*0D
[  967.9] $GPGGA,061346.38,,,,,0,03,99.99,,M,,M,,*68
[  967.9] $GPGLL,,,,,061346.38,V,N*47
[  967.9] $GPGSA,A,1,,,,,,,,,,,,,99.99,99.99,99.99,1*2D
[  967.9] $GPGSV,2,1,8,1,,,29,2,,,27,4,,,40,7,,,18,1*5C
[  967.9] $GPGSV,2,2,8,9,,,50,14,,,24,30,,,23,31,,,29,1*68
[  967.9] $GPRMC,061346.38,V,,,,,,,090926,,,N,V*0E
[  968.9] $GPGGA,061347.38,,,,,0,03,99.99,,M,,M,,*69
[  968.9] $GPGLL,,,,,061347.38,V,N*46
[  968.9] $GPGSA,A,1,,,,,,,,,,,,,99.99,99.99,99.99,1*2D
[  968.9] $GPGSV,3,1,10,2,,,25,3,,,30,4,,,40,5,,,29,1*6C
[  968.9] $GPGSV,3,2,10,7,,,17,9,,,51,11,,,28,20,,,29,1*6B
[  968.9] $GPGSV,3,3,10,30,,,24,31,,,26,1*66
[  968.9] $GPRMC,061347.38,V,,,,,,,090926,,,N,V*0F
[  969.9] $GPGGA,061348.38,,,,,0,03,99.99,,M,,M,,*66
[  969.9] $GPGLL,,,,,061348.38,V,N*49
[  969.9] $GPGSA,A,1,,,,,,,,,,,,,99.99,99.99,99.99,1*2D
[  969.9] $GPGSV,2,1,7,2,,,24,4,,,40,7,,,18,9,,,51,1*57
[  969.9] $GPGSV,2,2,7,11,,,25,30,,,23,31,,,25,1*53
[  969.9] $GPRMC,061348.38,V,,,,,,,090926,,,N,V*00
[  971.0] $GPGGA,061349.38,,,,,0,03,99.99,,M,,M,,*67
[  971.0] $GPGLL,,,,,061349.38,V,N*48
[  971.0] $GPGSA,A,1,,,,,,,,,,,,,99.99,99.99,99.99,1*2D
[  971.0] $GPGSV,2,1,8,1,,,42,2,,,24,4,,,40,7,,,18,1*52
[  971.0] $GPGSV,2,2,8,9,,,50,11,,,24,30,,,24,31,,,25,1*66
[  971.0] $GPRMC,061349.38,V,,,,,,,090926,,,N,V*01
[  972.0] $GPGGA,061350.38,,,,,0,03,99.99,,M,,M,,*6F
[  972.0] $GPGLL,,,,,061350.38,V,N*40
[  972.0] $GPGSA,A,1,,,,,,,,,,,,,99.99,99.99,99.99,1*2D
[  972.0] $GPGSV,2,1,7,1,,,27,4,,,40,7,,,18,9,,,50,1*56
[  972.0] $GPGSV,2,2,7,11,,,25,14,,,28,30,,,24,1*5E
[  972.0] $GPRMC,061350.38,V,,,,,,,090926,,,N,V*09
[  973.1] $GPGGA,061351.38,,,,,0,03,99.99,,M,,M,,*6E
[  973.1] $GPGLL,,,,,061351.38,V,N*41
[  973.1] $GPGSA,A,1,,,,,,,,,,,,,99.99,99.99,99.99,1*2D
[  973.1] $GPGSV,2,1,5,1,,,25,4,,,40,7,,,17,9,,,50,1*59
[  973.1] $GPGSV,2,2,5,30,,,24,1*54
[  973.1] $GPRMC,061351.38,V,,,,,,,090926,,,N,V*08
[  974.2] $GPGGA,061352.38,,,,,0,03,99.99,,M,,M,,*6D
[  974.2] $GPGLL,,,,,061352.38,V,N*42
[  974.2] $GPGSA,A,1,,,,,,,,,,,,,99.99,99.99,99.99,1*2D
[  974.2] $GPGSV,2,1,6,1,,,24,3,,,29,4,,,40,7,,,15,1*5D
[  974.2] $GPGSV,2,2,6,9,,,50,30,,,24,1*6B
[  974.2] $GPRMC,061352.38,V,,,,,,,090926,,,N,V*0B
[  975.2] $GPGGA,061353.38,,,,,0,03,99.99,,M,,M,,*6C
[  975.2] $GPGLL,,,,,061353.38,V,N*43
[  975.2] $GPGSA,A,1,,,,,,,,,,,,,99.99,99.99,99.99,1*2D
[  975.2] $GPGSV,2,1,8,2,,,26,4,,,40,7,,,15,9,,,49,1*5E
[  975.2] $GPGSV,2,2,8,14,,,25,16,,,31,24,,,26,30,,,24,1*5C
[  975.2] $GPRMC,061353.38,V,,,,,,,090926,,,N,V*0A
[  976.3] $GPGGA,061354.38,,,,,0,03,99.99,,M,,M,,*6B
[  976.3] $GPGLL,,,,,061354.38,V,N*44
[  976.3] $GPGSA,A,1,,,,,,,,,,,,,99.99,99.99,99.99,1*2D
[  976.3] $GPGSV,2,1,7,4,,,39,7,,,16,9,,,50,14,,,27,1*62
[  976.3] $GPGSV,2,2,7,17,,,32,24,,,25,30,,,24,1*50
[  976.3] $GPRMC,061354.38,V,,,,,,,090926,,,N,V*0D
[  976.8] $GPGGA,061355.38,,,,,0,03,99.99,,M,,M,,*6A
[  976.8] $GPGLL,,,,,061355.38,V,N*45
[  976.8] $GPGSA,A,1,,,,,,,,,,,,,99.99,99.99,99.99,1*2D
[  976.8] $GPGSV,2,1,7,1,,,29,2,,,29,4,,,39,7,,,15,1*5E
[  976.8] $GPGSV,2,2,7,9,,,50,24,,,24,30,,,24,1*6A
[  976.8] $GPRMC,061355.38,V,,,,,,,090926,,,N,V*0C
[  977.8] $GPGGA,061356.38,,,,,0,03,99.99,,M,,M,,*69
[  977.8] $GPGLL,,,,,061356.38,V,N*46
[  977.8] $GPGSA,A,1,,,,,,,,,,,,,99.99,99.99,99.99,1*2D
[  977.8] $GPGSV,2,1,6,3,,,28,4,,,39,7,,,15,9,,,51,1*58
[  977.8] $GPGSV,2,2,6,24,,,25,30,,,24,1*56
[  977.8] $GPRMC,061356.38,V,,,,,,,090926,,,N,V*0F
[  978.9] $GPGGA,061357.38,,,,,0,03,99.99,,M,,M,,*68
[  978.9] $GPGLL,,,,,061357.38,V,N*47
[  978.9] $GPGSA,A,1,,,,,,,,,,,,,99.99,99.99,99.99,1*2D
[  978.9] $GPGSV,2,1,5,4,,,40,7,,,15,9,,,51,14,,,26,1*6D
[  978.9] $GPGSV,2,2,5,30,,,24,1*54
[  978.9] $GPRMC,061357.38,V,,,,,,,090926,,,N,V*0E
[  980.0] $GPGGA,061358.38,,,,,0,03,99.99,,M,,M,,*67
[  980.0] $GPGLL,,,,,061358.38,V,N*48
[  980.0] $GPGSA,A,1,,,,,,,,,,,,,99.99,99.99,99.99,1*2D
[  980.0] $GPGSV,2,1,5,4,,,39,7,,,14,9,,,50,14,,,25,1*60
[  980.0] $GPGSV,2,2,5,30,,,24,1*54
[  980.0] $GPRMC,061358.38,V,,,,,,,090926,,,N,V*01
[  981.0] $GPGGA,061359.38,,,,,0,03,99.99,,M,,M,,*66
[  981.0] $GPGLL,,,,,061359.38,V,N*49
[  981.0] $GPGSA,A,1,,,,,,,,,,,,,99.99,99.99,99.99,1*2D
[  981.0] $GPGSV,2,1,6,4,,,40,7,,,16,9,,,50,14,,,24,1*6E
[  981.0] $GPGSV,2,2,6,24,,,27,30,,,23,1*53
[  981.0] $GPRMC,061359.38,V,,,,,,,090926,,,N,V*00
[  982.1] $GPGGA,061400.38,,,,,0,03,99.99,,M,,M,,*6D
[  982.1] $GPGLL,,,,,061400.38,V,N*42
[  982.1] $GPGSA,A,1,,,,,,,,,,,,,99.99,99.99,99.99,1*2D
[  982.1] $GPGSV,2,1,6,4,,,39,7,,,17,9,,,50,14,,,25,1*60
[  982.1] $GPGSV,2,2,6,24,,,25,30,,,23,1*51
[  982.1] $GPRMC,061400.38,V,,,,,,,090926,,,N,V*0B
[  983.1] $GPGGA,061401.38,,,,,0,03,99.99,,M,,M,,*6C
[  983.1] $GPGLL,,,,,061401.38,V,N*43
[  983.1] $GPGSA,A,1,,,,,,,,,,,,,99.99,99.99,99.99,1*2D
[  983.1] $GPGSV,2,1,6,4,,,40,7,,,18,9,,,50,16,,,29,1*6F
[  983.1] $GPGSV,2,2,6,24,,,24,30,,,23,1*50
[  983.1] $GPRMC,061401.38,V,,,,,,,090926,,,N,V*0A
[  984.1] $GPGGA,061402.38,,,,,0,03,99.99,,M,,M,,*6F
[  984.1] $GPGLL,,,,,061402.38,V,N*40
[  984.1] $GPGSA,A,1,,,,,,,,,,,,,99.99,99.99,99.99,1*2D
[  984.1] $GPGSV,2,1,7,1,,,27,4,,,40,7,,,17,9,,,50,1*59
[  984.1] $GPGSV,2,2,7,16,,,26,24,,,24,30,,,22,1*53
[  984.1] $GPRMC,061402.38,V,,,,,,,090926,,,N,V*09
[  985.2] $GPGGA,061403.38,,,,,0,02,99.99,,M,,M,,*6F
[  985.2] $GPGLL,,,,,061403.38,V,N*41
[  985.2] $GPGSA,A,1,,,,,,,,,,,,,99.99,99.99,99.99,1*2D
[  985.2] $GPGSV,3,1,9,1,,,26,4,,,40,5,,,30,7,,,42,1*5D
[  985.2] $GPGSV,3,2,9,9,,,50,14,,,26,16,,,25,19,,,25,1*6E
[  985.2] $GPGSV,3,3,9,30,,,21,1*5D
[  985.2] $GPRMC,061403.38,V,,,,,,,090926,,,N,V*08
[  986.2] $GPGGA,061404.38,,,,,0,02,99.99,,M,,M,,*68
[  986.2] $GPGLL,,,,,061404.38,V,N*46
[  986.2] $GPGSA,A,1,,,,,,,,,,,,,99.99,99.99,99.99,1*2D
[  986.2] $GPGSV,2,1,7,4,,,39,5,,,28,7,,,42,9,,,50,1*5C
[  986.2] $GPGSV,2,2,7,14,,,24,19,,,25,30,,,20,1*5E
[  986.2] $GPRMC,061404.38,V,,,,,,,090926,,,N,V*0F
[  986.8] $GPGGA,061405.38,,,,,0,02,99.99,,M,,M,,*69
[  986.8] $GPGLL,,,,,061405.38,V,N*47
[  986.8] $GPGSA,A,1,,,,,,,,,,,,,99.99,99.99,99.99,1*2D
[  986.8] $GPGSV,2,1,8,2,,,27,4,,,39,5,,,20,7,,,42,1*50
[  987.3] $GPGSV,2,2,8,9,,,50,14,,,24,19,,,24,30,,,20,1*6C
[  987.3] $GPRMC,061405.38,V,,,,,,,090926,,,N,V*0E
[  987.8] $GPGGA,061406.38,,,,,0,02,99.99,,M,,M,,*6A
[  987.8] $GPGLL,,,,,061406.38,V,N*44
[  987.8] $GPGSA,A,1,,,,,,,,,,,,,99.99,99.99,99.99,1*2D
[  987.8] $GPGSV,2,1,8,3,,,25,4,,,39,6,,,29,7,,,42,1*59
[  987.8] $GPGSV,2,2,8,9,,,51,14,,,24,19,,,25,30,,,20,1*6C
[  987.8] $GPRMC,061406.38,V,,,,,,,090926,,,N,V*0D
[  988.9] $GPGGA,061407.38,,,,,0,02,99.99,,M,,M,,*6B
[  988.9] $GPGLL,,,,,061407.38,V,N*45
[  988.9] $GPGSA,A,1,,,,,,,,,,,,,99.99,99.99,99.99,1*2D
[  988.9] $GPGSV,2,1,6,3,,,25,4,,,39,6,,,25,9,,,50,1*56
[  988.9] $GPGSV,2,2,6,14,,,25,30,,,20,1*51
[  988.9] $GPRMC,061407.38,V,,,,,,,090926,,,N,V*0C
[  989.9] $GPGGA,061408.38,,,,,0,02,99.99,,M,,M,,*64
[  989.9] $GPGLL,,,,,061408.38,V,N*4A
[  989.9] $GPGSA,A,1,,,,,,,,,,,,,99.99,99.99,99.99,1*2D
[  989.9] $GPGSV,2,1,7,3,,,25,4,,,40,6,,,25,9,,,51,1*58
[  989.9] $GPGSV,2,2,7,14,,,25,17,,,31,30,,,20,1*54
[  989.9] $GPRMC,061408.38,V,,,,,,,090926,,,N,V*03
[  991.0] $GPGGA,061409.38,,,,,0,02,99.99,,M,,M,,*65
[  991.0] $GPGLL,,,,,061409.38,V,N*4B
[  991.0] $GPGSA,A,1,,,,,,,,,,,,,99.99,99.99,99.99,1*2D
[  991.0] $GPGSV,3,1,9,4,,,40,6,,,24,7,,,26,9,,,51,1*51
[  991.0] $GPGSV,3,2,9,14,,,25,16,,,27,17,,,26,18,,,27,1*52
[  991.0] $GPGSV,3,3,9,30,,,18,1*57
[  991.0] $GPRMC,061409.38,V,,,,,,,090926,,,N,V*02
[  992.0] $GPGGA,061410.38,,,,,0,02,99.99,,M,,M,,*6D
[  992.0] $GPGLL,,,,,061410.38,V,N*43
[  992.0] $GPGSA,A,1,,,,,,,,,,,,,99.99,99.99,99.99,1*2D
[  992.0] $GPGSV,3,1,9,1,,,28,2,,,29,4,,,40,7,,,26,1*5E
[  992.0] $GPGSV,3,2,9,9,,,51,14,,,26,16,,,25,20,,,27,1*67
[  992.0] $GPGSV,3,3,9,30,,,19,1*56
[  992.0] $GPRMC,061410.38,V,,,,,,,090926,,,N,V*0A
[  993.1] $GPGGA,061411.38,,,,,0,02,99.99,,M,,M,,*6C
[  993.1] $GPGLL,,,,,061411.38,V,N*42
[  993.1] $GPGSA,A,1,,,,,,,,,,,,,99.99,99.99,99.99,1*2D
[  993.1] $GPGSV,2,1,6,4,,,40,7,,,25,9,,,50,16,,,25,1*6D
[  993.1] $GPGSV,2,2,6,30,,,18,193,,,27,1*66
[  993.1] $GPRMC,061411.38,V,,,,,,,090926,,,N,V*0B
[  994.1] $GPGGA,061412.38,,,,,0,02,99.99,,M,,M,,*6F
[  994.1] $GPGLL,,,,,061412.38,V,N*41
[  994.1] $GPGSA,A,1,,,,,,,,,,,,,99.99,99.99,99.99,1*2D
[  994.1] $GPGSV,2,1,7,2,,,29,4,,,40,7,,,25,9,,,50,1*55
[  994.1] $GPGSV,2,2,7,16,,,24,30,,,42,193,,,25,1*6B
[  994.1] $GPRMC,061412.38,V,,,,,,,090926,,,N,V*08
[  995.2] $GPGGA,061413.38,,,,,0,02,99.99,,M,,M,,*6E
[  995.2] $GPGLL,,,,,061413.38,V,N*40
[  995.2] $GPGSA,A,1,,,,,,,,,,,,,99.99,99.99,99.99,1*2D
[  995.2] $GPGSV,2,1,6,3,,,28,4,,,39,9,,,51,14,,,26,1*6A
[  995.2] $GPGSV,2,2,6,30,,,42,193,,,20,1*6E
[  995.2] $GPRMC,061413.38,V,,,,,,,090926,,,N,V*09
[  996.2] $GPGGA,061414.38,,,,,0,02,99.99,,M,,M,,*69
[  996.2] $GPGLL,,,,,061414.38,V,N*47
[  996.2] $GPGSA,A,1,,,,,,,,,,,,,99.99,99.99,99.99,1*2D
[  996.2] $GPGSV,2,1,7,3,,,28,4,,,40,9,,,50,14,,,25,1*67
[  996.2] $GPGSV,2,2,7,30,,,42,193,,,15,201,,,30,1*59
[  996.2] $GPRMC,061414.38,V,,,,,,,090926,,,N,V*0E
[  997.2] $GPGGA,061415.38,,,,,0,02,99.99,,M,,M,,*68
[  997.3] $GPGLL,,,,,061415.38,V,N*46
[  997.3] $GPGSA,A,1,,,,,,,,,,,,,99.99,99.99,99.99,1*2D
[  997.3] $GPGSV,2,1,7,4,,,39,9,,,50,11,,,26,14,,,24,1*55
[  997.3] $GPGSV,2,2,7,17,,,30,30,,,42,201,,,24,1*66
[  997.3] $GPRMC,061415.38,V,,,,,,,090926,,,N,V*0F
[  997.8] $GPGGA,061416.38,,,,,0,02,99.99,,M,,M,,*6B
[  997.8] $GPGLL,,,,,061416.38,V,N*45
[  997.8] $GPGSA,A,1,,,,,,,,,,,,,99.99,99.99,99.99,1*2D
[  997.8] $GPGSV,2,1,6,4,,,39,7,,,25,9,,,50,14,,,24,1*60
[  997.8] $GPGSV,2,2,6,18,,,30,201,,,22,1*6B
[  997.8] $GPRMC,061416.38,V,,,,,,,090926,,,N,V*0C
[  998.8] $GPGGA,061417.38,,,,,0,02,99.99,,M,,M,,*6A
[  998.8] $GPGLL,,,,,061417.38,V,N*44
[  998.8] $GPGSA,A,1,,,,,,,,,,,,,99.99,99.99,99.99,1*2D
[  998.8] $GPGSV,2,1,5,2,,,29,4,,,38,7,,,24,8,,,27,1*58
[  998.8] $GPGSV,2,2,5,9,,,49,1*65
[  998.8] $GPRMC,061417.38,V,,,,,,,090926,,,N,V*0D
[  999.9] $GPGGA,061418.38,,,,,0,02,99.99,,M,,M,,*65
[  999.9] $GPGLL,,,,,061418.38,V,N*4B
[  999.9] $GPGSA,A,1,,,,,,,,,,,,,99.99,99.99,99.99,1*2D
[  999.9] $GPGSV,2,1,5,3,,,25,4,,,38,7,,,24,8,,,25,1*57
[  999.9] $GPGSV,2,2,5,9,,,49,1*65
[  999.9] $GPRMC,061418.38,V,,,,,,,090926,,,N,V*02
[ 1000.9] $GPGGA,061419.38,,,,,0,02,99.99,,M,,M,,*64
[ 1000.9] $GPGLL,,,,,061419.38,V,N*4A
[ 1000.9] $GPGSA,A,1,,,,,,,,,,,,,99.99,99.99,99.99,1*2D
[ 1000.9] $GPGSV,2,1,8,3,,,24,4,,,39,7,,,24,8,,,26,1*59
[ 1000.9] $GPGSV,2,2,8,9,,,50,14,,,25,16,,,29,193,,,30,1*56
[ 1000.9] $GPRMC,061419.38,V,,,,,,,090926,,,N,V*03
[ 1002.0] $GPGGA,061420.38,,,,,0,02,99.99,,M,,M,,*6E
[ 1002.0] $GPGLL,,,,,061420.38,V,N*40
[ 1002.0] $GPGSA,A,1,,,,,,,,,,,,,99.99,99.99,99.99,1*2D
[ 1002.0] $GPGSV,2,1,6,3,,,24,4,,,39,9,,,49,14,,,24,1*6D
[ 1002.0] $GPGSV,2,2,6,17,,,27,193,,,28,1*60
[ 1002.0] $GPRMC,061420.38,V,,,,,,,090926,,,N,V*09
[ 1003.0] $GPGGA,061421.38,,,,,0,02,99.99,,M,,M,,*6F
[ 1003.0] $GPGLL,,,,,061421.38,V,N*41
[ 1003.0] $GPGSA,A,1,,,,,,,,,,,,,99.99,99.99,99.99,1*2D
[ 1003.0] $GPGSV,2,1,5,3,,,16,4,,,39,9,,,49,14,,,24,1*6F
[ 1003.0] $GPGSV,2,2,5,17,,,24,1*51
[ 1003.0] $GPRMC,061421.38,V,,,,,,,090926,,,N,V*08
[ 1004.1] $GPGGA,061422.38,,,,,0,02,99.99,,M,,M,,*6C
[ 1004.1] $GPGLL,,,,,061422.38,V,N*42
[ 1004.1] $GPGSA,A,1,,,,,,,,,,,,,99.99,99.99,99.99,1*2D
[ 1004.1] $GPGSV,2,1,6,3,,,04,4,,,39,8,,,27,9,,,49,1*51
[ 1004.1] $GPGSV,2,2,6,14,,,25,17,,,24,1*50
[ 1004.1] $GPRMC,061422.38,V,,,,,,,090926,,,N,V*0B
[ 1005.1] $GPGGA,061423.38,,,,,0,02,99.99,,M,,M,,*6D
[ 1005.1] $GPGLL,,,,,061423.38,V,N*43
[ 1005.1] $GPGSA,A,1,,,,,,,,,,,,,99.99,99.99,99.99,1*2D
[ 1005.1] $GPGSV,2,1,6,3,,,10,4,,,39,8,,,24,9,,,49,1*57
[ 1005.1] $GPGSV,2,2,6,17,,,24,201,,,30,1*62
[ 1005.1] $GPRMC,061423.38,V,,,,,,,090926,,,N,V*0A
[ 1006.1] $GPGGA,061424.38,,,,,0,02,99.99,,M,,M,,*6A
[ 1006.1] $GPGLL,,,,,061424.38,V,N*44
[ 1006.1] $GPGSA,A,1,,,,,,,,,,,,,99.99,99.99,99.99,1*2D
[ 1006.1] $GPGSV,1,1,4,3,,,07,4,,,39,8,,,24,9,,,49,1*50
[ 1006.1] $GPRMC,061424.38,V,,,,,,,090926,,,N,V*0D
[ 1007.2] $GPGGA,061425.38,,,,,0,02,99.99,,M,,M,,*6B
[ 1007.2] $GPGLL,,,,,061425.38,V,N*45
[ 1007.2] $GPGSA,A,1,,,,,,,,,,,,,99.99,99.99,99.99,1*2D
[ 1007.2] $GPGSV,2,1,5,3,,,09,4,,,39,8,,,24,9,,,49,1*5C
[ 1007.2] $GPGSV,2,2,5,14,,,28,1*5E
[ 1007.2] $GPRMC,061425.38,V,,,,,,,090926,,,N,V*0C
[ 1008.2] $GPGGA,061426.38,,,,,0,02,99.99,,M,,M,,*68
[ 1008.2] $GPGLL,,,,,061426.38,V,N*46
[ 1008.2] $GPGSA,A,1,,,,,,,,,,,,,99.99,99.99,99.99,1*2D
[ 1008.2] $GPGSV,1,1,3,3,,,11,4,,,39,9,,,49,1*6E
[ 1008.2] $GPRMC,061426.38,V,,,,,,,090926,,,N,V*0F
[ 1008.8] $GPGGA,061427.38,,,,,0,02,99.99,,M,,M,,*69
[ 1008.8] $GPGLL,,,,,061427.38,V,N*47
[ 1008.8] $GPGSA,A,1,,,,,,,,,,,,,99.99,99.99,99.99,1*2D
[ 1008.8] $GPGSV,1,1,3,3,,,01,4,,,39,9,,,49,1*6F
[ 1008.8] $GPRMC,061427.38,V,,,,,,,090926,,,N,V*0E
[ 1009.8] $GPGGA,061428.38,,,,,0,02,99.99,,M,,M,,*66
[ 1009.8] $GPGLL,,,,,061428.38,V,N*48
[ 1009.8] $GPGSA,A,1,,,,,,,,,,,,,99.99,99.99,99.99,1*2D
[ 1009.8] $GPGSV,1,1,3,3,,,07,4,,,39,9,,,49,1*69
[ 1009.8] $GPRMC,061428.38,V,,,,,,,090926,,,N,V*01
[ 1010.9] $GPGGA,061429.38,,,,,0,02,99.99,,M,,M,,*67
[ 1010.9] $GPGLL,,,,,061429.38,V,N*49
[ 1010.9] $GPGSA,A,1,,,,,,,,,,,,,99.99,99.99,99.99,1*2D
[ 1010.9] $GPGSV,2,1,5,3,,,00,4,,,39,9,,,49,11,,,29,1*60
[ 1010.9] $GPGSV,2,2,5,14,,,29,1*5F
[ 1010.9] $GPRMC,061429.38,V,,,,,,,090926,,,N,V*00
[ 1011.9] $GPGGA,061430.38,,,,,0,02,99.99,,M,,M,,*6F
[ 1011.9] $GPGLL,,,,,061430.38,V,N*41
[ 1011.9] $GPGSA,A,1,,,,,,,,,,,,,99.99,99.99,99.99,1*2D
[ 1011.9] $GPGSV,2,1,6,3,,,06,4,,,39,8,,,31,9,,,49,1*54
[ 1011.9] $GPGSV,2,2,6,11,,,26,15,,,27,1*57
[ 1011.9] $GPRMC,061430.38,V,,,,,,,090926,,,N,V*08
[ 1013.0] $GPGGA,061431.38,,,,,0,02,99.99,,M,,M,,*6E
[ 1013.0] $GPGLL,,,,,061431.38,V,N*40
[ 1013.0] $GPGSA,A,1,,,,,,,,,,,,,99.99,99.99,99.99,1*2D
[ 1013.0] $GPGSV,1,1,4,3,,,03,4,,,39,8,,,29,9,,,49,1*59
[ 1013.0] $GPRMC,061431.38,V,,,,,,,090926,,,N,V*09
[ 1014.0] $GPGGA,061432.38,,,,,0,02,99.99,,M,,M,,*6D
[ 1014.0] $GPGLL,,,,,061432.38,V,N*43
[ 1014.0] $GPGSA,A,1,,,,,,,,,,,,,99.99,99.99,99.99,1*2D
[ 1014.0] $GPGSV,2,1,5,3,,,07,4,,,39,9,,,49,11,,,29,1*67
[ 1014.0] $GPGSV,2,2,5,14,,,26,1*50
[ 1014.0] $GPRMC,061432.38,V,,,,,,,090926,,,N,V*0A
[ 1015.1] $GPGGA,061433.38,,,,,0,02,99.99,,M,,M,,*6C
[ 1015.1] $GPGLL,,,,,061433.38,V,N*42
[ 1015.1] $GPGSA,A,1,,,,,,,,,,,,,99.99,99.99,99.99,1*2D
[ 1015.1] $GPGSV,1,1,4,3,,,00,4,,,39,9,,,49,15,,,27,1*68
[ 1015.1] $GPRMC,061433.38,V,,,,,,,090926,,,N,V*0B
[ 1016.1] $GPGGA,061434.38,,,,,0,02,99.99,,M,,M,,*6B
[ 1016.1] $GPGLL,,,,,061434.38,V,N*45
[ 1016.1] $GPGSA,A,1,,,,,,,,,,,,,99.99,99.99,99.99,1*2D
[ 1016.1] $GPGSV,1,1,3,3,,,00,4,,,39,9,,,49,1*6E
[ 1016.1] $GPRMC,061434.38,V,,,,,,,090926,,,N,V*0C
[ 1017.2] $GPGGA,061435.38,,,,,0,02,99.99,,M,,M,,*6A
[ 1017.2] $GPGLL,,,,,061435.38,V,N*44
[ 1017.2] $GPGSA,A,1,,,,,,,,,,,,,99.99,99.99,99.99,1*2D
[ 1017.2] $GPGSV,2,1,5,3,,,01,4,,,39,8,,,29,9,,,49,1*59
[ 1017.2] $GPGSV,2,2,5,14,,,27,1*51
[ 1017.2] $GPRMC,061435.38,V,,,,,,,090926,,,N,V*0D
[ 1018.3] $GPGGA,061436.38,,,,,0,02,99.99,,M,,M,,*69
[ 1018.3] $GPGLL,,,,,061436.38,V,N*47
[ 1018.3] $GPGSA,A,1,,,,,,,,,,,,,99.99,99.99,99.99,1*2D
[ 1018.3] $GPGSV,1,1,4,3,,,02,4,,,39,9,,,49,14,,,25,1*69
[ 1018.3] $GPRMC,061436.38,V,,,,,,,090926,,,N,V*0E
[ 1018.8] $GPGGA,061437.38,,,,,0,02,99.99,,M,,M,,*68
[ 1018.8] $GPGLL,,,,,061437.38,V,N*46
[ 1018.8] $GPGSA,A,1,,,,,,,,,,,,,99.99,99.99,99.99,1*2D
[ 1018.8] $GPGSV,1,1,4,3,,,00,4,,,39,9,,,49,14,,,24,1*6A
[ 1018.8] $GPRMC,061437.38,V,,,,,,,090926,,,N,V*0F
[ 1019.8] $GPGGA,061438.38,,,,,0,02,99.99,,M,,M,,*67
[ 1019.8] $GPGLL,,,,,061438.38,V,N*49
[ 1019.8] $GPGSA,A,1,,,,,,,,,,,,,99.99,99.99,99.99,1*2D
[ 1019.8] $GPGSV,1,1,4,3,,,00,4,,,39,9,,,49,14,,,20,1*6E
[ 1019.8] $GPRMC,061438.38,V,,,,,,,090926,,,N,V*00
[ 1020.9] $GPGGA,061439.38,,,,,0,02,99.99,,M,,M,,*66
[ 1020.9] $GPGLL,,,,,061439.38,V,N*48
[ 1020.9] $GPGSA,A,1,,,,,,,,,,,,,99.99,99.99,99.99,1*2D
[ 1020.9] $GPGSV,1,1,3,3,,,01,4,,,39,9,,,49,1*6F
[ 1020.9] $GPRMC,061439.38,V,,,,,,,090926,,,N,V*01
[ 1021.9] $GPGGA,061440.38,,,,,0,02,99.99,,M,,M,,*68
[ 1021.9] $GPGLL,,,,,061440.38,V,N*46
[ 1021.9] $GPGSA,A,1,,,,,,,,,,,,,99.99,99.99,99.99,1*2D
[ 1021.9] $GPGSV,2,1,5,3,,,00,4,,,39,8,,,28,9,,,49,1*59
[ 1021.9] $GPGSV,2,2,5,14,,,27,1*51
[ 1021.9] $GPRMC,061440.38,V,,,,,,,090926,,,N,V*0F
[ 1023.0] $GPGGA,061441.38,,,,,0,02,99.99,,M,,M,,*69
[ 1023.0] $GPGLL,,,,,061441.38,V,N*47
[ 1023.0] $GPGSA,A,1,,,,,,,,,,,,,99.99,99.99,99.99,1*2D
[ 1023.0] $GPGSV,2,1,5,3,,,04,4,,,39,9,,,50,14,,,28,1*68
[ 1023.0] $GPGSV,2,2,5,30,,,25,1*55
[ 1023.0] $GPRMC,061441.38,V,,,,,,,090926,,,N,V*0E
[ 1024.0] $GPGGA,061442.38,,,,,0,02,99.99,,M,,M,,*6A
[ 1024.0] $GPGLL,,,,,061442.38,V,N*44
[ 1024.0] $GPGSA,A,1,,,,,,,,,,,,,99.99,99.99,99.99,1*2D
[ 1024.0] $GPGSV,2,1,6,3,,,10,4,,,39,9,,,50,11,,,28,1*6B
[ 1024.0] $GPGSV,2,2,6,14,,,23,30,,,25,1*52
[ 1024.0] $GPRMC,061442.38,V,,,,,,,090926,,,N,V*0D
[ 1025.1] $GPGGA,061443.38,,,,,0,02,99.99,,M,,M,,*6B
[ 1025.1] $GPGLL,,,,,061443.38,V,N*45
[ 1025.1] $GPGSA,A,1,,,,,,,,,,,,,99.99,99.99,99.99,1*2D
[ 1025.1] $GPGSV,2,1,7,3,,,06,4,,,39,9,,,50,11,,,25,1*60
[ 1025.1] $GPGSV,2,2,7,14,,,19,15,,,26,30,,,25,1*5A
[ 1025.1] $GPRMC,061443.38,V,,,,,,,090926,,,N,V*0C
[ 1026.1] $GPGGA,061444.38,,,,,0,02,99.99,,M,,M,,*6C
[ 1026.1] $GPGLL,,,,,061444.38,V,N*42
[ 1026.1] $GPGSA,A,1,,,,,,,,,,,,,99.99,99.99,99.99,1*2D
[ 1026.1] $GPGSV,2,1,5,3,,,04,4,,,39,8,,,29,9,,,49,1*5C
[ 1026.1] $GPGSV,2,2,5,30,,,24,1*54
[ 1026.1] $GPRMC,061444.38,V,,,,,,,090926,,,N,V*0B
[ 1027.2] $GPGGA,061445.38,,,,,0,02,99.99,,M,,M,,*6D
[ 1027.2] $GPGLL,,,,,061445.38,V,N*43
[ 1027.2] $GPGSA,A,1,,,,,,,,,,,,,99.99,99.99,99.99,1*2D
[ 1027.2] $GPGSV,2,1,5,3,,,07,4,,,39,9,,,49,11,,,25,1*6B
[ 1027.2] $GPGSV,2,2,5,14,,,26,1*50
[ 1027.2] $GPRMC,061445.38,V,,,,,,,090926,,,N,V*0A
[ 1028.2] $GPGGA,061446.38,,,,,0,02,99.99,,M,,M,,*6E
[ 1028.2] $GPGLL,,,,,061446.38,V,N*40
[ 1028.2] $GPGSA,A,1,,,,,,,,,,,,,99.99,99.99,99.99,1*2D
[ 1028.2] $GPGSV,2,1,5,3,,,07,4,,,39,9,,,49,11,,,28,1*66
[ 1028.2] $GPGSV,2,2,5,14,,,24,1*52
[ 1028.2] $GPRMC,061446.38,V,,,,,,,090926,,,N,V*09
[ 1029.3] $GPGGA,061447.38,,,,,0,02,99.99,,M,,M,,*6F
[ 1029.3] $GPGLL,,,,,061447.38,V,N*41
[ 1029.3] $GPGSA,A,1,,,,,,,,,,,,,99.99,99.99,99.99,1*2D
[ 1029.3] $GPGSV,1,1,4,3,,,02,4,,,39,9,,,50,14,,,24,1*60
[ 1029.3] $GPRMC,061447.38,V,,,,,,,090926,,,N,V*08
[ 1029.8] $GPGGA,061448.38,,,,,0,02,99.99,,M,,M,,*60
[ 1029.8] $GPGLL,,,,,061448.38,V,N*4E
[ 1029.8] $GPGSA,A,1,,,,,,,,,,,,,99.99,99.99,99.99,1*2D
[ 1029.8] $GPGSV,2,1,5,3,,,00,4,,,39,8,,,31,9,,,50,1*59
[ 1029.8] $GPGSV,2,2,5,14,,,25,1*53
[ 1029.8] $GPRMC,061448.38,V,,,,,,,090926,,,N,V*07
[ 1030.8] $GPGGA,061449.38,,,,,0,02,99.99,,M,,M,,*61
[ 1030.8] $GPGLL,,,,,061449.38,V,N*4F
[ 1030.8] $GPGSA,A,1,,,,,,,,,,,,,99.99,99.99,99.99,1*2D
[ 1030.8] $GPGSV,1,1,3,3,,,09,4,,,39,9,,,50,1*6F
[ 1030.8] $GPRMC,061449.38,V,,,,,,,090926,,,N,V*06
[ 1031.9] $GPGGA,061450.38,,,,,0,02,99.99,,M,,M,,*69
[ 1031.9] $GPGLL,,,,,061450.38,V,N*47
[ 1031.9] $GPGSA,A,1,,,,,,,,,,,,,99.99,99.99,99.99,1*2D
[ 1031.9] $GPGSV,1,1,3,3,,,09,4,,,39,9,,,49,1*67
[ 1031.9] $GPRMC,061450.38,V,,,,,,,090926,,,N,V*0E
[ 1033.0] $GPGGA,061451.38,,,,,0,02,99.99,,M,,M,,*68
[ 1033.0] $GPGLL,,,,,061451.38,V,N*46
[ 1033.0] $GPGSA,A,1,,,,,,,,,,,,,99.99,99.99,99.99,1*2D
[ 1033.0] $GPGSV,1,1,4,3,,,00,4,,,39,9,,,49,14,,,30,1*6F
[ 1033.0] $GPRMC,061451.38,V,,,,,,,090926,,,N,V*0F
[ 1034.0] $GPGGA,061452.38,,,,,0,02,99.99,,M,,M,,*6B
[ 1034.0] $GPGLL,,,,,061452.38,V,N*45
[ 1034.0] $GPGSA,A,1,,,,,,,,,,,,,99.99,99.99,99.99,1*2D
[ 1034.0] $GPGSV,1,1,3,3,,,00,4,,,39,9,,,49,1*6E
[ 1034.0] $GPRMC,061452.38,V,,,,,,,090926,,,N,V*0C
[ 1035.1] $GPGGA,061453.38,,,,,0,02,99.99,,M,,M,,*6A
[ 1035.1] $GPGLL,,,,,061453.38,V,N*44
[ 1035.1] $GPGSA,A,1,,,,,,,,,,,,,99.99,99.99,99.99,1*2D
[ 1035.1] $GPGSV,1,1,3,3,,,00,4,,,39,9,,,49,1*6E
[ 1035.1] $GPRMC,061453.38,V,,,,,,,090926,,,N,V*0D
[ 1036.1] $GPGGA,061454.38,,,,,0,02,99.99,,M,,M,,*6D
[ 1036.1] $GPGLL,,,,,061454.38,V,N*43
[ 1036.1] $GPGSA,A,1,,,,,,,,,,,,,99.99,99.99,99.99,1*2D
[ 1036.1] $GPGSV,1,1,2,4,,,39,9,,,49,1*5C
[ 1036.1] $GPRMC,061454.38,V,,,,,,,090926,,,N,V*0A
[ 1037.2] $GPGGA,061455.38,,,,,0,02,99.99,,M,,M,,*6C
[ 1037.2] $GPGLL,,,,,061455.38,V,N*42
[ 1037.2] $GPGSA,A,1,,,,,,,,,,,,,99.99,99.99,99.99,1*2D
[ 1037.2] $GPGSV,1,1,4,4,,,39,9,,,49,11,,,27,14,,,26,1*5E
[ 1037.2] $GPRMC,061455.38,V,,,,,,,090926,,,N,V*0B
[ 1038.2] $GPGGA,061456.38,,,,,0,02,99.99,,M,,M,,*6F
[ 1038.2] $GPGLL,,,,,061456.38,V,N*41
[ 1038.2] $GPGSA,A,1,,,,,,,,,,,,,99.99,99.99,99.99,1*2D
[ 1038.2] $GPGSV,1,1,4,4,,,39,9,,,49,11,,,26,15,,,29,1*51
[ 1038.2] $GPRMC,061456.38,V,,,,,,,090926,,,N,V*08
[ 1039.3] $GPGGA,061457.38,,,,,0,02,99.99,,M,,M,,*6E
[ 1039.3] $GPGLL,,,,,061457.38,V,N*40
[ 1039.3] $GPGSA,A,1,,,,,,,,,,,,,99.99,99.99,99.99,1*2D
[ 1039.3] $GPGSV,1,1,4,4,,,39,8,,,32,9,,,49,15,,,27,1*62
[ 1039.3] $GPRMC,061457.38,V,,,,,,,090926,,,N,V*09
[ 1039.8] $GPGGA,061458.38,,,,,0,02,99.99,,M,,M,,*61
[ 1039.8] $GPGLL,,,,,061458.38,V,N*4F
[ 1039.8] $GPGSA,A,1,,,,,,,,,,,,,99.99,99.99,99.99,1*2D
[ 1039.8] $GPGSV,2,1,5,4,,,39,8,,,29,9,,,49,11,,,26,1*6F
[ 1039.8] $GPGSV,2,2,5,14,,,28,1*5E
[ 1039.8] $GPRMC,061458.38,V,,,,,,,090926,,,N,V*06
[ 1040.9] $GPGGA,061459.38,,,,,0,02,99.99,,M,,M,,*60
[ 1040.9] $GPGLL,,,,,061459.38,V,N*4E
[ 1040.9] $GPGSA,A,1,,,,,,,,,,,,,99.99,99.99,99.99,1*2D
[ 1040.9] $GPGSV,1,1,4,4,,,39,9,,,49,11,,,24,15,,,27,1*5D
[ 1040.9] $GPRMC,061459.38,V,,,,,,,090926,,,N,V*07
[ 1041.9] $GPGGA,061500.38,,,,,0,02,99.99,,M,,M,,*6D
[ 1041.9] $GPGLL,,,,,061500.38,V,N*43
[ 1041.9] $GPGSA,A,1,,,,,,,,,,,,,99.99,99.99,99.99,1*2D
[ 1041.9] $GPGSV,1,1,4,4,,,39,9,,,49,11,,,24,15,,,26,1*5C
[ 1041.9] $GPRMC,061500.38,V,,,,,,,090926,,,N,V*0A
[ 1042.9] $GPGGA,061501.38,,,,,0,02,99.99,,M,,M,,*6C
[ 1042.9] $GPGLL,,,,,061501.38,V,N*42
[ 1042.9] $GPGSA,A,1,,,,,,,,,,,,,99.99,99.99,99.99,1*2D
[ 1042.9] $GPGSV,2,1,5,4,,,39,8,,,29,9,,,49,11,,,24,1*6D
[ 1042.9] $GPGSV,2,2,5,15,,,21,1*56
[ 1042.9] $GPRMC,061501.38,V,,,,,,,090926,,,N,V*0B
[ 1044.0] $GPGGA,061502.38,,,,,0,02,99.99,,M,,M,,*6F
[ 1044.0] $GPGLL,,,,,061502.38,V,N*41
[ 1044.0] $GPGSA,A,1,,,,,,,,,,,,,99.99,99.99,99.99,1*2D
[ 1044.0] $GPGSV,2,1,5,4,,,39,8,,,25,9,,,49,14,,,30,1*61
[ 1044.0] $GPGSV,2,2,5,15,,,12,1*56
[ 1044.0] $GPRMC,061502.38,V,,,,,,,090926,,,N,V*08
[ 1045.0] $GPGGA,061503.38,,,,,0,02,99.99,,M,,M,,*6E
[ 1045.0] $GPGLL,,,,,061503.38,V,N*40
[ 1045.0] $GPGSA,A,1,,,,,,,,,,,,,99.99,99.99,99.99,1*2D
[ 1045.0] $GPGSV,1,1,3,4,,,39,8,,,25,9,,,49,1*62
[ 1045.0] $GPRMC,061503.38,V,,,,,,,090926,,,N,V*09
[ 1046.1] $GPGGA,061504.38,,,,,0,02,99.99,,M,,M,,*69
[ 1046.1] $GPGLL,,,,,061504.38,V,N*47
[ 1046.1] $GPGSA,A,1,,,,,,,,,,,,,99.99,99.99,99.99,1*2D
[ 1046.1] $GPGSV,1,1,3,4,,,39,8,,,25,9,,,49,1*62
[ 1046.1] $GPRMC,061504.38,V,,,,,,,090926,,,N,V*0E
[ 1047.2] $GPGGA,061505.38,,,,,0,02,99.99,,M,,M,,*68
[ 1047.2] $GPGLL,,,,,061505.38,V,N*46
[ 1047.2] $GPGSA,A,1,,,,,,,,,,,,,99.99,99.99,99.99,1*2D
[ 1047.2] $GPGSV,1,1,4,4,,,39,9,,,49,14,,,28,201,,,30,1*65
[ 1047.2] $GPRMC,061505.38,V,,,,,,,090926,,,N,V*0F
[ 1048.2] $GPGGA,061506.38,,,,,0,02,99.99,,M,,M,,*6B
[ 1048.2] $GPGLL,,,,,061506.38,V,N*45
[ 1048.2] $GPGSA,A,1,,,,,,,,,,,,,99.99,99.99,99.99,1*2D
[ 1048.2] $GPGSV,1,1,3,4,,,39,9,,,49,201,,,25,1*69
[ 1048.2] $GPRMC,061506.38,V,,,,,,,090926,,,N,V*0C
[ 1049.2] $GPGGA,061507.38,,,,,0,02,99.99,,M,,M,,*6A
[ 1049.2] $GPGLL,,,,,061507.38,V,N*44
[ 1049.2] $GPGSA,A,1,,,,,,,,,,,,,99.99,99.99,99.99,1*2D
[ 1049.2] $GPGSV,1,1,3,4,,,38,9,,,49,201,,,22,1*6F
[ 1049.2] $GPRMC,061507.38,V,,,,,,,090926,,,N,V*0D
[ 1049.8] $GPGGA,061508.38,,,,,0,02,99.99,,M,,M,,*65
[ 1049.8] $GPGLL,,,,,061508.38,V,N*4B
[ 1049.8] $GPGSA,A,1,,,,,,,,,,,,,99.99,99.99,99.99,1*2D
[ 1049.8] $GPGSV,1,1,3,4,,,39,9,,,49,201,,,12,1*6D
[ 1049.8] $GPRMC,061508.38,V,,,,,,,090926,,,N,V*02
[ 1050.8] $GPGGA,061509.38,,,,,0,02,99.99,,M,,M,,*64
[ 1050.8] $GPGLL,,,,,061509.38,V,N*4A
[ 1050.8] $GPGSA,A,1,,,,,,,,,,,,,99.99,99.99,99.99,1*2D
[ 1050.8] $GPGSV,2,1,5,4,,,39,8,,,30,9,,,49,11,,,26,1*67
[ 1050.8] $GPGSV,2,2,5,14,,,28,1*5E
[ 1050.8] $GPRMC,061509.38,V,,,,,,,090926,,,N,V*03
[ 1051.9] $GPGGA,061510.38,,,,,0,02,99.99,,M,,M,,*6C
[ 1051.9] $GPGLL,,,,,061510.38,V,N*42
[ 1051.9] $GPGSA,A,1,,,,,,,,,,,,,99.99,99.99,99.99,1*2D
[ 1051.9] $GPGSV,2,1,5,4,,,38,9,,,49,11,,,25,15,,,28,1*50
[ 1051.9] $GPGSV,2,2,5,201,,,26,1*66
[ 1051.9] $GPRMC,061510.38,V,,,,,,,090926,,,N,V*0B
[ 1052.9] $GPGGA,061511.38,,,,,0,02,99.99,,M,,M,,*6D
[ 1052.9] $GPGLL,,,,,061511.38,V,N*43
[ 1052.9] $GPGSA,A,1,,,,,,,,,,,,,99.99,99.99,99.99,1*2D
[ 1052.9] $GPGSV,2,1,6,3,,,24,4,,,39,5,,,27,9,,,49,1*5E
[ 1052.9] $GPGSV,2,2,6,11,,,25,201,,,25,1*61
[ 1052.9] $GPRMC,061511.38,V,,,,,,,090926,,,N,V*0A
[ 1053.9] $GPGGA,061512.38,,,,,0,02,99.99,,M,,M,,*6E
[ 1053.9] $GPGLL,,,,,061512.38,V,N*40
[ 1053.9] $GPGSA,A,1,,,,,,,,,,,,,99.99,99.99,99.99,1*2D
[ 1053.9] $GPGSV,2,1,8,1,,,29,3,,,24,4,,,39,5,,,25,1*5C
[ 1053.9] $GPGSV,2,2,8,9,,,50,11,,,24,14,,,29,201,,,25,1*5C
[ 1053.9] $GPRMC,061512.38,V,,,,,,,090926,,,N,V*09
[ 1055.0] $GPGGA,061513.38,,,,,0,02,99.99,,M,,M,,*6F
[ 1055.0] $GPGLL,,,,,061513.38,V,N*41
[ 1055.0] $GPGSA,A,1,,,,,,,,,,,,,99.99,99.99,99.99,1*2D
[ 1055.0] $GPGSV,2,1,8,1,,,26,3,,,25,4,,,39,5,,,25,1*52
[ 1055.0] $GPGSV,2,2,8,9,,,50,14,,,25,26,,,26,201,,,25,1*56
[ 1055.0] $GPRMC,061513.38,V,,,,,,,090926,,,N,V*08
[ 1056.0] $GPGGA,061514.38,,,,,0,02,99.99,,M,,M,,*68
[ 1056.0] $GPGLL,,,,,061514.38,V,N*46
[ 1056.0] $GPGSA,A,1,,,,,,,,,,,,,99.99,99.99,99.99,1*2D
[ 1056.0] $GPGSV,2,1,6,3,,,25,4,,,39,5,,,25,9,,,50,1*55
[ 1056.0] $GPGSV,2,2,6,14,,,24,26,,,24,1*53
[ 1056.0] $GPRMC,061514.38,V,,,,,,,090926,,,N,V*0F
[ 1057.1] $GPGGA,061515.38,,,,,0,02,99.99,,M,,M,,*69
[ 1057.1] $GPGLL,,,,,061515.38,V,N*47
[ 1057.1] $GPGSA,A,1,,,,,,,,,,,,,99.99,99.99,99.99,1*2D
[ 1057.1] $GPGSV,2,1,5,4,,,39,9,,,50,14,,,24,26,,,25,1*50
[ 1057.1] $GPGSV,2,2,5,201,,,30,1*61
[ 1057.1] $GPRMC,061515.38,V,,,,,,,090926,,,N,V*0E
[ 1058.2] $GPGGA,061516.38,,,,,0,02,99.99,,M,,M,,*6A
[ 1058.2] $GPGLL,,,,,061516.38,V,N*44
[ 1058.2] $GPGSA,A,1,,,,,,,,,,,,,99.99,99.99,99.99,1*2D
[ 1058.2] $GPGSV,1,1,4,4,,,39,9,,,50,26,,,24,201,,,27,1*66
[ 1058.2] $GPRMC,061516.38,V,,,,,,,090926,,,N,V*0D
[ 1059.2] $GPGGA,061517.38,,,,,0,02,99.99,,M,,M,,*6B
[ 1059.2] $GPGLL,,,,,061517.38,V,N*45
[ 1059.2] $GPGSA,A,1,,,,,,,,,,,,,99.99,99.99,99.99,1*2D
[ 1059.2] $GPGSV,1,1,2,4,,,39,9,,,51,1*55
[ 1059.2] $GPRMC,061517.38,V,,,,,,,090926,,,N,V*0C
[ 1060.3] $GPGGA,061518.38,,,,,0,02,99.99,,M,,M,,*64
[ 1060.3] $GPGLL,,,,,061518.38,V,N*4A
[ 1060.3] $GPGSA,A,1,,,,,,,,,,,,,99.99,99.99,99.99,1*2D
[ 1060.3] $GPGSV,1,1,3,4,,,39,8,,,29,9,,,51,1*67
[ 1060.3] $GPRMC,061518.38,V,,,,,,,090926,,,N,V*03
[ 1060.8] $GPGGA,061519.38,,,,,0,02,99.99,,M,,M,,*65
[ 1060.8] $GPGLL,,,,,061519.38,V,N*4B
[ 1060.8] $GPGSA,A,1,,,,,,,,,,,,,99.99,99.99,99.99,1*2D
[ 1060.8] $GPGSV,1,1,4,4,,,39,8,,,29,9,,,51,14,,,28,1*6F
[ 1060.8] $GPRMC,061519.38,V,,,,,,,090926,,,N,V*02
[ 1061.8] $GPGGA,061520.38,,,,,0,02,99.99,,M,,M,,*6F
[ 1061.8] $GPGLL,,,,,061520.38,V,N*41
[ 1061.8] $GPGSA,A,1,,,,,,,,,,,,,99.99,99.99,99.99,1*2D
[ 1061.8] $GPGSV,1,1,2,4,,,39,9,,,51,1*55
[ 1061.8] $GPRMC,061520.38,V,,,,,,,090926,,,N,V*08
[ 1062.9] $GPGGA,061521.38,,,,,0,02,99.99,,M,,M,,*6E
[ 1062.9] $GPGLL,,,,,061521.38,V,N*40
[ 1062.9] $GPGSA,A,1,,,,,,,,,,,,,99.99,99.99,99.99,1*2D
[ 1062.9] $GPGSV,1,1,2,4,,,38,9,,,51,1*54
[ 1062.9] $GPRMC,061521.38,V,,,,,,,090926,,,N,V*09
[ 1063.9] $GPGGA,061522.38,,,,,0,02,99.99,,M,,M,,*6D
[ 1063.9] $GPGLL,,,,,061522.38,V,N*43
[ 1063.9] $GPGSA,A,1,,,,,,,,,,,,,99.99,99.99,99.99,1*2D
[ 1063.9] $GPGSV,1,1,2,4,,,38,9,,,51,1*54
[ 1063.9] $GPRMC,061522.38,V,,,,,,,090926,,,N,V*0A
[ 1065.0] $GPGGA,061523.38,,,,,0,02,99.99,,M,,M,,*6C
[ 1065.0] $GPGLL,,,,,061523.38,V,N*42
[ 1065.0] $GPGSA,A,1,,,,,,,,,,,,,99.99,99.99,99.99,1*2D
[ 1065.0] $GPGSV,1,1,3,4,,,38,9,,,51,14,,,29,1*5B
[ 1065.0] $GPRMC,061523.38,V,,,,,,,090926,,,N,V*0B
[ 1066.0] $GPGGA,061524.38,,,,,0,02,99.99,,M,,M,,*6B
[ 1066.0] $GPGLL,,,,,061524.38,V,N*45
[ 1066.0] $GPGSA,A,1,,,,,,,,,,,,,99.99,99.99,99.99,1*2D
[ 1066.0] $GPGSV,1,1,4,4,,,38,8,,,31,9,,,51,26,,,28,1*66
[ 1066.0] $GPRMC,061524.38,V,,,,,,,090926,,,N,V*0C
[ 1067.1] $GPGGA,061525.38,,,,,0,02,99.99,,M,,M,,*6A
[ 1067.1] $GPGLL,,,,,061525.38,V,N*44
[ 1067.1] $GPGSA,A,1,,,,,,,,,,,,,99.99,99.99,99.99,1*2D
[ 1067.1] $GPGSV,1,1,2,4,,,38,9,,,50,1*55
[ 1067.1] $GPRMC,061525.38,V,,,,,,,090926,,,N,V*0D
[ 1068.1] $GPGGA,061526.38,,,,,0,02,99.99,,M,,M,,*69
[ 1068.1] $GPGLL,,,,,061526.38,V,N*47
[ 1068.1] $GPGSA,A,1,,,,,,,,,,,,,99.99,99.99,99.99,1*2D
[ 1068.1] $GPGSV,1,1,4,4,,,38,9,,,51,14,,,29,20,,,29,1*55
[ 1068.1] $GPRMC,061526.38,V,,,,,,,090926,,,N,V*0E
[ 1069.2] $GPGGA,061527.38,,,,,0,02,99.99,,M,,M,,*68
[ 1069.2] $GPGLL,,,,,061527.38,V,N*46
[ 1069.2] $GPGSA,A,1,,,,,,,,,,,,,99.99,99.99,99.99,1*2D
[ 1069.2] $GPGSV,1,1,2,4,,,38,9,,,50,1*55
[ 1069.2] $GPRMC,061527.38,V,,,,,,,090926,,,N,V*0F
[ 1070.2] $GPGGA,061528.38,,,,,0,02,99.99,,M,,M,,*67
[ 1070.2] $GPGLL,,,,,061528.38,V,N*49
[ 1070.2] $GPGSA,A,1,,,,,,,,,,,,,99.99,99.99,99.99,1*2D
[ 1070.2] $GPGSV,1,1,3,4,,,38,9,,,50,11,,,29,1*5F
[ 1070.2] $GPRMC,061528.38,V,,,,,,,090926,,,N,V*00
[ 1071.3] $GPGGA,061529.38,,,,,0,02,99.99,,M,,M,,*66
[ 1071.3] $GPGLL,,,,,061529.38,V,N*48
[ 1071.3] $GPGSA,A,1,,,,,,,,,,,,,99.99,99.99,99.99,1*2D
[ 1071.3] $GPGSV,1,1,4,4,,,38,8,,,29,9,,,49,11,,,26,1*6C
[ 1071.3] $GPRMC,061529.38,V,,,,,,,090926,,,N,V*01
[ 1071.8] $GPGGA,061530.38,,,,,0,02,99.99,,M,,M,,*6E
[ 1071.8] $GPGLL,,,,,061530.38,V,N*40
[ 1071.8] $GPGSA,A,1,,,,,,,,,,,,,99.99,99.99,99.99,1*2D
[ 1071.8] $GPGSV,2,1,6,1,,,29,3,,,26,4,,,38,9,,,49,1*57
[ 1071.8] $GPGSV,2,2,6,11,,,25,14,,,30,1*53
[ 1071.8] $GPRMC,061530.38,V,,,,,,,090926,,,N,V*09
[ 1072.9] $GPGGA,061531.38,,,,,0,02,99.99,,M,,M,,*6F
[ 1072.9] $GPGLL,,,,,061531.38,V,N*41
[ 1072.9] $GPGSA,A,1,,,,,,,,,,,,,99.99,99.99,99.99,1*2D
[ 1072.9] $GPGSV,3,1,9,1,,,25,3,,,24,4,,,38,7,,,29,1*5F
[ 1072.9] $GPGSV,3,2,9,9,,,50,11,,,25,14,,,28,16,,,29,1*64
[ 1072.9] $GPGSV,3,3,9,26,,,28,1*53
[ 1072.9] $GPRMC,061531.38,V,,,,,,,090926,,,N,V*08
[ 1073.9] $GPGGA,061532.38,,,,,0,02,99.99,,M,,M,,*6C
[ 1073.9] $GPGLL,,,,,061532.38,V,N*42
[ 1073.9] $GPGSA,A,1,,,,,,,,,,,,,99.99,99.99,99.99,1*2D
[ 1073.9] $GPGSV,2,1,6,1,,,24,3,,,24,4,,,38,5,,,29,1*52
[ 1073.9] $GPGSV,2,2,6,7,,,28,9,,,50,1*53
[ 1073.9] $GPRMC,061532.38,V,,,,,,,090926,,,N,V*0B
[ 1074.9] $GPGGA,061533.38,,,,,0,02,99.99,,M,,M,,*6D
[ 1074.9] $GPGLL,,,,,061533.38,V,N*43
[ 1074.9] $GPGSA,A,1,,,,,,,,,,,,,99.99,99.99,99.99,1*2D
[ 1074.9] $GPGSV,2,1,6,1,,,25,3,,,24,4,,,38,5,,,25,1*5F
[ 1074.9] $GPGSV,2,2,6,9,,,50,14,,,28,1*61
[ 1074.9] $GPRMC,061533.38,V,,,,,,,090926,,,N,V*0A
[ 1076.0] $GPGGA,061534.38,,,,,0,02,99.99,,M,,M,,*6A
[ 1076.0] $GPGLL,,,,,061534.38,V,N*44
[ 1076.0] $GPGSA,A,1,,,,,,,,,,,,,99.99,99.99,99.99,1*2D
[ 1076.0] $GPGSV,1,1,3,4,,,38,5,,,25,9,,,50,1*66
[ 1076.0] $GPRMC,061534.38,V,,,,,,,090926,,,N,V*0D
[ 1077.0] $GPGGA,061535.38,,,,,0,02,99.99,,M,,M,,*6B
[ 1077.0] $GPGLL,,,,,061535.38,V,N*45
[ 1077.0] $GPGSA,A,1,,,,,,,,,,,,,99.99,99.99,99.99,1*2D
[ 1077.0] $GPGSV,1,1,3,4,,,38,5,,,25,9,,,49,1*6E
[ 1077.0] $GPRMC,061535.38,V,,,,,,,090926,,,N,V*0C
[ 1078.1] $GPGGA,061536.38,,,,,0,02,99.99,,M,,M,,*68
[ 1078.1] $GPGLL,,,,,061536.38,V,N*46
[ 1078.1] $GPGSA,A,1,,,,,,,,,,,,,99.99,99.99,99.99,1*2D
[ 1078.1] $GPGSV,1,1,2,4,,,38,9,,,49,1*5D
[ 1078.1] $GPRMC,061536.38,V,,,,,,,090926,,,N,V*0F
[ 1079.1] $GPGGA,061537.38,,,,,0,02,99.99,,M,,M,,*69
[ 1079.1] $GPGLL,,,,,061537.38,V,N*47
[ 1079.1] $GPGSA,A,1,,,,,,,,,,,,,99.99,99.99,99.99,1*2D
[ 1079.1] $GPGSV,1,1,4,4,,,38,9,,,49,14,,,28,26,,,28,1*5A
[ 1079.1] $GPRMC,061537.38,V,,,,,,,090926,,,N,V*0E
[ 1080.2] $GPGGA,061538.38,,,,,0,02,99.99,,M,,M,,*66
[ 1080.2] $GPGLL,,,,,061538.38,V,N*48
[ 1080.2] $GPGSA,A,1,,,,,,,,,,,,,99.99,99.99,99.99,1*2D
[ 1080.2] $GPGSV,1,1,3,4,,,38,9,,,49,11,,,31,1*5E
[ 1080.2] $GPRMC,061538.38,V,,,,,,,090926,,,N,V*01
[ 1081.2] $GPGGA,061539.38,,,,,0,02,99.99,,M,,M,,*67
[ 1081.2] $GPGLL,,,,,061539.38,V,N*49
[ 1081.2] $GPGSA,A,1,,,,,,,,,,,,,99.99,99.99,99.99,1*2D
[ 1081.2] $GPGSV,1,1,4,2,,,27,4,,,37,9,,,50,15,,,27,1*6A
[ 1081.2] $GPRMC,061539.38,V,,,,,,,090926,,,N,V*00
[ 1082.3] $GPGGA,061540.38,,,,,0,02,99.99,,M,,M,,*69
[ 1082.3] $GPGLL,,,,,061540.38,V,N*47
[ 1082.3] $GPGSA,A,1,,,,,,,,,,,,,99.99,99.99,99.99,1*2D
[ 1082.3] $GPGSV,2,1,6,2,,,27,4,,,38,9,,,50,11,,,28,1*6F
[ 1082.3] $GPGSV,2,2,6,14,,,30,16,,,29,1*58
[ 1082.3] $GPRMC,061540.38,V,,,,,,,090926,,,N,V*0E
[ 1082.8] $GPGGA,061541.38,,,,,0,02,99.99,,M,,M,,*68
[ 1082.8] $GPGLL,,,,,061541.38,V,N*46
[ 1082.8] $GPGSA,A,1,,,,,,,,,,,,,99.99,99.99,99.99,1*2D
[ 1082.8] $GPGSV,1,1,2,4,,,38,9,,,50,1*55
[ 1082.8] $GPRMC,061541.38,V,,,,,,,090926,,,N,V*0F
[ 1083.9] $GPGGA,061542.38,,,,,0,02,99.99,,M,,M,,*6B
[ 1083.9] $GPGLL,,,,,061542.38,V,N*45
[ 1083.9] $GPGSA,A,1,,,,,,,,,,,,,99.99,99.99,99.99,1*2D
[ 1083.9] $GPGSV,1,1,3,4,,,37,9,,,50,16,,,25,1*5B
[ 1083.9] $GPRMC,061542.38,V,,,,,,,090926,,,N,V*0C
[ 1084.9] $GPGGA,061543.38,,,,,0,02,99.99,,M,,M,,*6A
[ 1084.9] $GPGLL,,,,,061543.38,V,N*44
[ 1084.9] $GPGSA,A,1,,,,,,,,,,,,,99.99,99.99,99.99,1*2D
[ 1084.9] $GPGSV,1,1,4,4,,,37,9,,,50,14,,,30,16,,,24,1*5B
[ 1084.9] $GPRMC,061543.38,V,,,,,,,090926,,,N,V*0D
[ 1086.0] $GPGGA,061544.38,,,,,0,02,99.99,,M,,M,,*6D
[ 1086.0] $GPGLL,,,,,061544.38,V,N*43
[ 1086.0] $GPGSA,A,1,,,,,,,,,,,,,99.99,99.99,99.99,1*2D
[ 1086.0] $GPGSV,1,1,4,4,,,37,9,,,50,16,,,25,26,,,28,1*52
[ 1086.0] $GPRMC,061544.38,V,,,,,,,090926,,,N,V*0A
[ 1087.0] $GPGGA,061545.38,,,,,0,02,99.99,,M,,M,,*6C
[ 1087.0] $GPGLL,,,,,061545.38,V,N*42
[ 1087.0] $GPGSA,A,1,,,,,,,,,,,,,99.99,99.99,99.99,1*2D
[ 1087.0] $GPGSV,1,1,3,4,,,37,9,,,49,16,,,24,1*52
[ 1087.0] $GPRMC,061545.38,V,,,,,,,090926,,,N,V*0B
[ 1088.1] $GPGGA,061546.38,,,,,0,02,99.99,,M,,M,,*6F
[ 1088.1] $GPGLL,,,,,061546.38,V,N*41
[ 1088.1] $GPGSA,A,1,,,,,,,,,,,,,99.99,99.99,99.99,1*2D
[ 1088.1] $GPGSV,1,1,2,4,,,38,9,,,49,1*5D
[ 1088.1] $GPRMC,061546.38,V,,,,,,,090926,,,N,V*08
[ 1089.1] $GPGGA,061547.38,,,,,0,02,99.99,,M,,M,,*6E
[ 1089.1] $GPGLL,,,,,061547.38,V,N*40
[ 1089.1] $GPGSA,A,1,,,,,,,,,,,,,99.99,99.99,99.99,1*2D
[ 1089.1] $GPGSV,1,1,4,4,,,37,8,,,28,9,,,49,14,,,29,1*68
[ 1089.1] $GPRMC,061547.38,V,,,,,,,090926,,,N,V*09
[ 1090.2] $GPGGA,061548.38,,,,,0,02,99.99,,M,,M,,*61
[ 1090.2] $GPGLL,,,,,061548.38,V,N*4F
[ 1090.2] $GPGSA,A,1,,,,,,,,,,,,,99.99,99.99,99.99,1*2D
[ 1090.2] $GPGSV,1,1,3,1,,,31,4,,,37,9,,,49,1*60
[ 1090.2] $GPRMC,061548.38,V,,,,,,,090926,,,N,V*06
[ 1091.2] $GPGGA,061549.38,,,,,0,02,99.99,,M,,M,,*60
[ 1091.2] $GPGLL,,,,,061549.38,V,N*4E
[ 1091.2] $GPGSA,A,1,,,,,,,,,,,,,99.99,99.99,99.99,1*2D
[ 1091.2] $GPGSV,1,1,4,1,,,26,4,,,37,9,,,49,11,,,27,1*64
[ 1091.2] $GPRMC,061549.38,V,,,,,,,090926,,,N,V*07
[ 1092.3] $GPGGA,061550.38,,,,,0,02,99.99,,M,,M,,*68
[ 1092.3] $GPGLL,,,,,061550.38,V,N*46
[ 1092.3] $GPGSA,A,1,,,,,,,,,,,,,99.99,99.99,99.99,1*2D
[ 1092.3] $GPGSV,2,1,5,1,,,26,2,,,27,4,,,37,9,,,49,1*54
[ 1092.3] $GPGSV,2,2,5,14,,,28,1*5E
[ 1092.3] $GPRMC,061550.38,V,,,,,,,090926,,,N,V*0F
[ 1092.8] $GPGGA,061551.38,,,,,0,02,99.99,,M,,M,,*69
[ 1092.8] $GPGLL,,,,,061551.38,V,N*47
[ 1092.8] $GPGSA,A,1,,,,,,,,,,,,,99.99,99.99,99.99,1*2D
[ 1092.8] $GPGSV,2,1,6,1,,,20,2,,,25,4,,,37,5,,,41,1*57
[ 1092.8] $GPGSV,2,2,6,9,,,49,26,,,28,1*68
[ 1092.8] $GPRMC,061551.38,V,,,,,,,090926,,,N,V*0E
[ 1093.8] $GPGGA,061552.38,,,,,0,02,99.99,,M,,M,,*6A
[ 1093.8] $GPGLL,,,,,061552.38,V,N*44
[ 1093.8] $GPGSA,A,1,,,,,,,,,,,,,99.99,99.99,99.99,1*2D
[ 1093.8] $GPGSV,1,1,3,4,,,37,5,,,27,9,,,49,1*63
[ 1093.8] $GPRMC,061552.38,V,,,,,,,090926,,,N,V*0D
[ 1094.9] $GPGGA,061553.38,,,,,0,02,99.99,,M,,M,,*6B
[ 1094.9] $GPGLL,,,,,061553.38,V,N*45
[ 1094.9] $GPGSA,A,1,,,,,,,,,,,,,99.99,99.99,99.99,1*2D
[ 1094.9] $GPGSV,1,1,3,4,,,37,5,,,24,9,,,50,1*68
[ 1094.9] $GPRMC,061553.38,V,,,,,,,090926,,,N,V*0C
[ 1095.9] $GPGGA,061554.38,,,,,0,02,99.99,,M,,M,,*6C
[ 1095.9] $GPGLL,,,,,061554.38,V,N*42
[ 1095.9] $GPGSA,A,1,,,,,,,,,,,,,99.99,99.99,99.99,1*2D
[ 1095.9] $GPGSV,1,1,4,4,,,37,5,,,25,9,,,49,14,,,28,1*69
[ 1095.9] $GPRMC,061554.38,V,,,,,,,090926,,,N,V*0B
[ 1097.0] $GPGGA,061555.38,,,,,0,02,99.99,,M,,M,,*6D
[ 1097.0] $GPGLL,,,,,061555.38,V,N*43
[ 1097.0] $GPGSA,A,1,,,,,,,,,,,,,99.99,99.99,99.99,1*2D
[ 1097.0] $GPGSV,1,1,2,4,,,37,9,,,49,1*52
[ 1097.0] $GPRMC,061555.38,V,,,,,,,090926,,,N,V*0A
[ 1098.0] $GPGGA,061556.38,,,,,0,02,99.99,,M,,M,,*6E
[ 1098.0] $GPGLL,,,,,061556.38,V,N*40
[ 1098.0] $GPGSA,A,1,,,,,,,,,,,,,99.99,99.99,99.99,1*2D
[ 1098.0] $GPGSV,1,1,3,4,,,36,9,,,50,17,,,29,1*57
[ 1098.0] $GPRMC,061556.38,V,,,,,,,090926,,,N,V*09
[ 1099.1] $GPGGA,061557.38,,,,,0,02,99.99,,M,,M,,*6F
[ 1099.1] $GPGLL,,,,,061557.38,V,N*41
[ 1099.1] $GPGSA,A,1,,,,,,,,,,,,,99.99,99.99,99.99,1*2D
[ 1099.1] $GPGSV,2,1,6,4,,,37,8,,,29,9,,,50,14,,,29,1*60
[ 1099.1] $GPGSV,2,2,6,17,,,26,26,,,28,1*5E
[ 1099.1] $GPRMC,061557.38,V,,,,,,,090926,,,N,V*08
[ 1100.1] $GPGGA,061558.38,,,,,0,02,99.99,,M,,M,,*60
[ 1100.1] $GPGLL,,,,,061558.38,V,N*4E
[ 1100.1] $GPGSA,A,1,,,,,,,,,,,,,99.99,99.99,99.99,1*2D
[ 1100.1] $GPGSV,2,1,5,4,,,37,9,,,50,11,,,30,15,,,26,1*5D
[ 1100.1] $GPGSV,2,2,5,26,,,27,1*50
[ 1100.1] $GPRMC,061558.38,V,,,,,,,090926,,,N,V*07
[ 1101.2] $GPGGA,061559.38,,,,,0,02,99.99,,M,,M,,*61
[ 1101.2] $GPGLL,,,,,061559.38,V,N*4F
[ 1101.2] $GPGSA,A,1,,,,,,,,,,,,,99.99,99.99,99.99,1*2D
[ 1101.2] $GPGSV,1,1,2,4,,,37,9,,,50,1*5A
[ 1101.2] $GPRMC,061559.38,V,,,,,,,090926,,,N,V*06
[ 1102.2] $GPGGA,061600.38,,,,,0,02,99.99,,M,,M,,*6E
[ 1102.2] $GPGLL,,,,,061600.38,V,N*40
[ 1102.2] $GPGSA,A,1,,,,,,,,,,,,,99.99,99.99,99.99,1*2D
[ 1102.2] $GPGSV,1,1,2,4,,,37,9,,,49,1*52
[ 1102.2] $GPRMC,061600.38,V,,,,,,,090926,,,N,V*09
[ 1102.8] $GPGGA,061601.38,,,,,0,02,99.99,,M,,M,,*6F
[ 1102.8] $GPGLL,,,,,061601.38,V,N*41
[ 1103.3] $GPGSA,A,1,,,,,,,,,,,,,99.99,99.99,99.99,1*2D
[ 1103.3] $GPGSV,2,1,5,4,,,37,9,,,49,14,,,29,22,,,26,1*5C
[ 1103.3] $GPGSV,2,2,5,201,,,29,1*69
[ 1103.3] $GPRMC,061601.38,V,,,,,,,090926,,,N,V*08
[ 1103.8] $GPGGA,061602.38,,,,,0,02,99.99,,M,,M,,*6C
[ 1103.8] $GPGLL,,,,,061602.38,V,N*42
[ 1103.8] $GPGSA,A,1,,,,,,,,,,,,,99.99,99.99,99.99,1*2D
[ 1103.8] $GPGSV,1,1,4,4,,,37,9,,,49,22,,,25,201,,,26,1*64
[ 1103.8] $GPRMC,061602.38,V,,,,,,,090926,,,N,V*0B
[ 1104.9] $GPGGA,061603.38,,,,,0,02,99.99,,M,,M,,*6D
[ 1104.9] $GPGLL,,,,,061603.38,V,N*43
[ 1104.9] $GPGSA,A,1,,,,,,,,,,,,,99.99,99.99,99.99,1*2D
[ 1104.9] $GPGSV,1,1,4,4,,,37,9,,,50,22,,,25,201,,,25,1*6F
[ 1104.9] $GPRMC,061603.38,V,,,,,,,090926,,,N,V*0A
[ 1105.9] $GPGGA,061604.38,,,,,0,02,99.99,,M,,M,,*6A
[ 1105.9] $GPGLL,,,,,061604.38,V,N*44
[ 1105.9] $GPGSA,A,1,,,,,,,,,,,,,99.99,99.99,99.99,1*2D
[ 1105.9] $GPGSV,1,1,4,4,,,36,9,,,49,22,,,24,201,,,25,1*67
[ 1105.9] $GPRMC,061604.38,V,,,,,,,090926,,,N,V*0D
[ 1106.9] $GPGGA,061605.38,,,,,0,02,99.99,,M,,M,,*6B
[ 1106.9] $GPGLL,,,,,061605.38,V,N*45
[ 1106.9] $GPGSA,A,1,,,,,,,,,,,,,99.99,99.99,99.99,1*2D
[ 1106.9] $GPGSV,1,1,4,4,,,36,9,,,49,14,,,28,26,,,27,1*5B
[ 1106.9] $GPRMC,061605.38,V,,,,,,,090926,,,N,V*0C
[ 1108.0] $GPGGA,061606.38,,,,,0,02,99.99,,M,,M,,*68
[ 1108.0] $GPGLL,,,,,061606.38,V,N*46
[ 1108.0] $GPGSA,A,1,,,,,,,,,,,,,99.99,99.99,99.99,1*2D
[ 1108.0] $GPGSV,1,1,4,4,,,37,8,,,30,9,,,50,201,,,30,1*57
[ 1108.0] $GPRMC,061606.38,V,,,,,,,090926,,,N,V*0F
[ 1109.1] $GPGGA,061607.38,,,,,0,02,99.99,,M,,M,,*69
[ 1109.1] $GPGLL,,,,,061607.38,V,N*47
[ 1109.1] $GPGSA,A,1,,,,,,,,,,,,,99.99,99.99,99.99,1*2D
[ 1109.1] $GPGSV,1,1,3,4,,,36,9,,,50,15,,,29,1*55
[ 1109.1] $GPRMC,061607.38,V,,,,,,,090926,,,N,V*0E
[ 1110.1] $GPGGA,061608.38,,,,,0,02,99.99,,M,,M,,*66
[ 1110.1] $GPGLL,,,,,061608.38,V,N*48
[ 1110.1] $GPGSA,A,1,,,,,,,,,,,,,99.99,99.99,99.99,1*2D
[ 1110.1] $GPGSV,2,1,6,4,,,36,8,,,29,9,,,50,14,,,28,1*60
[ 1110.1] $GPGSV,2,2,6,15,,,27,193,,,27,1*6D
[ 1110.1] $GPRMC,061608.38,V,,,,,,,090926,,,N,V*01
[ 1111.2] $GPGGA,061609.38,,,,,0,02,99.99,,M,,M,,*67
[ 1111.2] $GPGLL,,,,,061609.38,V,N*49
[ 1111.2] $GPGSA,A,1,,,,,,,,,,,,,99.99,99.99,99.99,1*2D
[ 1111.2] $GPGSV,1,1,3,4,,,36,9,,,50,193,,,25,1*66
[ 1111.2] $GPRMC,061609.38,V,,,,,,,090926,,,N,V*00
[ 1112.2] $GPGGA,061610.38,,,,,0,02,99.99,,M,,M,,*6F
[ 1112.2] $GPGLL,,,,,061610.38,V,N*41
[ 1112.2] $GPGSA,A,1,,,,,,,,,,,,,99.99,99.99,99.99,1*2D
[ 1112.2] $GPGSV,1,1,3,4,,,37,9,,,50,193,,,24,1*66
[ 1112.2] $GPRMC,061610.38,V,,,,,,,090926,,,N,V*08
[ 1113.3] $GPGGA,061611.38,,,,,0,02,99.99,,M,,M,,*6E
[ 1113.3] $GPGLL,,,,,061611.38,V,N*40
[ 1113.3] $GPGSA,A,1,,,,,,,,,,,,,99.99,99.99,99.99,1*2D
[ 1113.3] $GPGSV,1,1,4,4,,,37,8,,,29,9,,,50,193,,,24,1*52
[ 1113.3] $GPRMC,061611.38,V,,,,,,,090926,,,N,V*09
[ 1113.8] $GPGGA,061612.38,,,,,0,02,99.99,,M,,M,,*6D
[ 1113.8] $GPGLL,,,,,061612.38,V,N*43
[ 1113.8] $GPGSA,A,1,,,,,,,,,,,,,99.99,99.99,99.99,1*2D
[ 1113.8] $GPGSV,1,1,4,4,,,37,9,,,50,11,,,28,14,,,27,1*56
[ 1113.8] $GPRMC,061612.38,V,,,,,,,090926,,,N,V*0A
[ 1114.8] $GPGGA,061613.38,,,,,0,02,99.99,,M,,M,,*6C
[ 1114.8] $GPGLL,,,,,061613.38,V,N*42
[ 1114.8] $GPGSA,A,1,,,,,,,,,,,,,99.99,99.99,99.99,1*2D
[ 1114.8] $GPGSV,1,1,4,4,,,37,8,,,28,9,,,49,11,,,24,1*60
[ 1114.8] $GPRMC,061613.38,V,,,,,,,090926,,,N,V*0B
[ 1115.9] $GPGGA,061614.38,,,,,0,02,99.99,,M,,M,,*6B
[ 1115.9] $GPGLL,,,,,061614.38,V,N*45
[ 1115.9] $GPGSA,A,1,,,,,,,,,,,,,99.99,99.99,99.99,1*2D
[ 1115.9] $GPGSV,1,1,4,4,,,36,9,,,49,11,,,25,15,,,29,1*5D
[ 1115.9] $GPRMC,061614.38,V,,,,,,,090926,,,N,V*0C
[ 1117.0] $GPGGA,061615.38,,,,,0,02,99.99,,M,,M,,*6A
[ 1117.0] $GPGLL,,,,,061615.38,V,N*44
[ 1117.0] $GPGSA,A,1,,,,,,,,,,,,,99.99,99.99,99.99,1*2D
[ 1117.0] $GPGSV,2,1,5,4,,,37,7,,,25,9,,,49,11,,,24,1*60
[ 1117.0] $GPGSV,2,2,5,14,,,28,1*5E
[ 1117.0] $GPRMC,061615.38,V,,,,,,,090926,,,N,V*0D
[ 1118.0] $GPGGA,061616.38,,,,,0,02,99.99,,M,,M,,*69
[ 1118.0] $GPGLL,,,,,061616.38,V,N*47
[ 1118.0] $GPGSA,A,1,,,,,,,,,,,,,99.99,99.99,99.99,1*2D
[ 1118.0] $GPGSV,1,1,3,4,,,36,7,,,27,9,,,49,1*60
[ 1118.0] $GPRMC,061616.38,V,,,,,,,090926,,,N,V*0E
[ 1119.0] $GPGGA,061617.38,,,,,0,02,99.99,,M,,M,,*68
[ 1119.0] $GPGLL,,,,,061617.38,V,N*46
[ 1119.0] $GPGSA,A,1,,,,,,,,,,,,,99.99,99.99,99.99,1*2D
[ 1119.0] $GPGSV,1,1,3,4,,,37,7,,,27,9,,,49,1*61
[ 1119.0] $GPRMC,061617.38,V,,,,,,,090926,,,N,V*0F
[ 1120.1] $GPGGA,061618.38,,,,,0,02,99.99,,M,,M,,*67
[ 1120.1] $GPGLL,,,,,061618.38,V,N*49
[ 1120.1] $GPGSA,A,1,,,,,,,,,,,,,99.99,99.99,99.99,1*2D
[ 1120.1] $GPGSV,1,1,3,4,,,36,9,,,49,14,,,28,1*5D
[ 1120.1] $GPRMC,061618.38,V,,,,,,,090926,,,N,V*00
[ 1121.1] $GPGGA,061619.38,,,,,0,02,99.99,,M,,M,,*66
[ 1121.1] $GPGLL,,,,,061619.38,V,N*48
[ 1121.1] $GPGSA,A,1,,,,,,,,,,,,,99.99,99.99,99.99,1*2D
[ 1121.1] $GPGSV,1,1,2,4,,,36,9,,,50,1*5B
[ 1121.1] $GPRMC,061619.38,V,,,,,,,090926,,,N,V*01
[ 1122.2] $GPGGA,061620.38,,,,,0,02,99.99,,M,,M,,*6C
[ 1122.2] $GPGLL,,,,,061620.38,V,N*42
[ 1122.2] $GPGSA,A,1,,,,,,,,,,,,,99.99,99.99,99.99,1*2D
[ 1122.2] $GPGSV,1,1,3,4,,,36,9,,,49,17,,,25,1*53
[ 1122.2] $GPRMC,061620.38,V,,,,,,,090926,,,N,V*0B
[ 1123.2] $GPGGA,061621.38,,,,,0,02,99.99,,M,,M,,*6D
[ 1123.2] $GPGLL,,,,,061621.38,V,N*43
[ 1123.2] $GPGSA,A,1,,,,,,,,,,,,,99.99,99.99,99.99,1*2D
[ 1123.2] $GPGSV,1,1,4,4,,,36,9,,,49,14,,,29,17,,,25,1*5A
[ 1123.2] $GPRMC,061621.38,V,,,,,,,090926,,,N,V*0A
[ 1123.8] $GPGGA,061622.38,,,,,0,02,99.99,,M,,M,,*6E
[ 1123.8] $GPGLL,,,,,061622.38,V,N*40
[ 1123.8] $GPGSA,A,1,,,,,,,,,,,,,99.99,99.99,99.99,1*2D
[ 1123.8] $GPGSV,1,1,4,4,,,36,9,,,49,14,,,25,17,,,25,1*56
[ 1123.8] $GPRMC,061622.38,V,,,,,,,090926,,,N,V*09
[ 1124.8] $GPGGA,061623.38,,,,,0,02,99.99,,M,,M,,*6F
[ 1124.8] $GPGLL,,,,,061623.38,V,N*41
[ 1124.8] $GPGSA,A,1,,,,,,,,,,,,,99.99,99.99,99.99,1*2D
[ 1124.8] $GPGSV,1,1,3,4,,,36,9,,,49,17,,,25,1*53
[ 1124.8] $GPRMC,061623.38,V,,,,,,,090926,,,N,V*08
[ 1125.9] $GPGGA,061624.38,,,,,0,02,99.99,,M,,M,,*68
[ 1125.9] $GPGLL,,,,,061624.38,V,N*46
[ 1125.9] $GPGSA,A,1,,,,,,,,,,,,,99.99,99.99,99.99,1*2D
[ 1125.9] $GPGSV,1,1,3,4,,,36,8,,,26,9,,,49,1*6E
[ 1125.9] $GPRMC,061624.38,V,,,,,,,090926,,,N,V*0F
[ 1126.9] $GPGGA,061625.38,,,,,0,02,99.99,,M,,M,,*69
[ 1126.9] $GPGLL,,,,,061625.38,V,N*47
[ 1126.9] $GPGSA,A,1,,,,,,,,,,,,,99.99,99.99,99.99,1*2D
[ 1126.9] $GPGSV,2,1,6,1,,,25,4,,,36,8,,,19,9,,,49,1*52
[ 1126.9] $GPGSV,2,2,6,11,,,27,14,,,25,1*55
[ 1126.9] $GPRMC,061625.38,V,,,,,,,090926,,,N,V*0E
[ 1128.0] $GPGGA,061626.38,,,,,0,02,99.99,,M,,M,,*6A
[ 1128.0] $GPGLL,,,,,061626.38,V,N*44
[ 1128.0] $GPGSA,A,1,,,,,,,,,,,,,99.99,99.99,99.99,1*2D
[ 1128.0] $GPGSV,1,1,4,1,,,24,4,,,36,9,,,49,11,,,30,1*61
[ 1128.0] $GPRMC,061626.38,V,,,,,,,090926,,,N,V*0D
[ 1129.0] $GPGGA,061627.38,,,,,0,02,99.99,,M,,M,,*6B
[ 1129.0] $GPGLL,,,,,061627.38,V,N*45
[ 1129.0] $GPGSA,A,1,,,,,,,,,,,,,99.99,99.99,99.99,1*2D
[ 1129.0] $GPGSV,2,1,5,1,,,24,3,,,33,4,,,36,9,,,49,1*53
[ 1129.0] $GPGSV,2,2,5,15,,,26,1*51
[ 1129.0] $GPRMC,061627.38,V,,,,,,,090926,,,N,V*0C
[ 1130.1] $GPGGA,061628.38,,,,,0,02,99.99,,M,,M,,*64
[ 1130.1] $GPGLL,,,,,061628.38,V,N*4A
[ 1130.1] $GPGSA,A,1,,,,,,,,,,,,,99.99,99.99,99.99,1*2D
[ 1130.1] $GPGSV,2,1,6,1,,,24,3,,,25,4,,,36,9,,,49,1*57
[ 1130.1] $GPGSV,2,2,6,14,,,29,15,,,24,1*5E
[ 1130.1] $GPRMC,061628.38,V,,,,,,,090926,,,N,V*03
[ 1131.1] $GPGGA,061629.38,,,,,0,02,99.99,,M,,M,,*65
[ 1131.1] $GPGLL,,,,,061629.38,V,N*4B
[ 1131.1] $GPGSA,A,1,,,,,,,,,,,,,99.99,99.99,99.99,1*2D
[ 1131.1] $GPGSV,1,1,4,3,,,25,4,,,35,9,,,49,15,,,24,1*60
[ 1131.1] $GPRMC,061629.38,V,,,,,,,090926,,,N,V*02
[ 1132.2] $GPGGA,061630.38,,,,,0,02,99.99,,M,,M,,*6D
[ 1132.2] $GPGLL,,,,,061630.38,V,N*43
[ 1132.2] $GPGSA,A,1,,,,,,,,,,,,,99.99,99.99,99.99,1*2D
[ 1132.2] $GPGSV,1,1,4,3,,,25,4,,,35,9,,,49,15,,,24,1*60
[ 1132.2] $GPRMC,061630.38,V,,,,,,,090926,,,N,V*0A
[ 1133.2] $GPGGA,061631.38,,,,,0,02,99.99,,M,,M,,*6C
[ 1133.2] $GPGLL,,,,,061631.38,V,N*42
[ 1133.2] $GPGSA,A,1,,,,,,,,,,,,,99.99,99.99,99.99,1*2D
[ 1133.2] $GPGSV,1,1,3,4,,,35,9,,,49,14,,,30,1*57
[ 1133.2] $GPRMC,061631.38,V,,,,,,,090926,,,N,V*0B
[ 1133.8] $GPGGA,061632.38,,,,,0,02,99.99,,M,,M,,*6F
[ 1133.8] $GPGLL,,,,,061632.38,V,N*41
[ 1133.8] $GPGSA,A,1,,,,,,,,,,,,,99.99,99.99,99.99,1*2D
[ 1134.3] $GPGSV,1,1,4,3,,,42,4,,,35,9,,,49,193,,,31,1*5A
[ 1134.3] $GPRMC,061632.38,V,,,,,,,090926,,,N,V*08
[ 1134.8] $GPGGA,061633.38,,,,,0,02,99.99,,M,,M,,*6E
[ 1134.8] $GPGLL,,,,,061633.38,V,N*40
[ 1134.8] $GPGSA,A,1,,,,,,,,,,,,,99.99,99.99,99.99,1*2D
[ 1134.8] $GPGSV,1,1,4,3,,,29,4,,,35,9,,,49,193,,,28,1*5F
[ 1134.8] $GPRMC,061633.38,V,,,,,,,090926,,,N,V*09
[ 1135.9] $GPGGA,061634.38,,,,,0,02,99.99,,M,,M,,*69
[ 1135.9] $GPGLL,,,,,061634.38,V,N*47
[ 1135.9] $GPGSA,A,1,,,,,,,,,,,,,99.99,99.99,99.99,1*2D
[ 1135.9] $GPGSV,1,1,4,3,,,25,4,,,34,9,,,49,14,,,26,1*62
[ 1135.9] $GPRMC,061634.38,V,,,,,,,090926,,,N,V*0E
[ 1136.9] $GPGGA,061635.38,,,,,0,02,99.99,,M,,M,,*68
[ 1136.9] $GPGLL,,,,,061635.38,V,N*46
[ 1136.9] $GPGSA,A,1,,,,,,,,,,,,,99.99,99.99,99.99,1*2D
[ 1136.9] $GPGSV,1,1,3,3,,,24,4,,,35,9,,,49,1*64
[ 1136.9] $GPRMC,061635.38,V,,,,,,,090926,,,N,V*0F
[ 1138.0] $GPGGA,061636.38,,,,,0,02,99.99,,M,,M,,*6B
[ 1138.0] $GPGLL,,,,,061636.38,V,N*45
[ 1138.0] $GPGSA,A,1,,,,,,,,,,,,,99.99,99.99,99.99,1*2D
[ 1138.0] $GPGSV,1,1,3,1,,,28,4,,,34,9,,,49,1*6B
[ 1138.0] $GPRMC,061636.38,V,,,,,,,090926,,,N,V*0C
[ 1139.0] $GPGGA,061637.38,,,,,0,02,99.99,,M,,M,,*6A
[ 1139.0] $GPGLL,,,,,061637.38,V,N*44
[ 1139.0] $GPGSA,A,1,,,,,,,,,,,,,99.99,99.99,99.99,1*2D
[ 1139.0] $GPGSV,2,1,5,1,,,26,4,,,35,9,,,49,11,,,30,1*62
[ 1139.0] $GPGSV,2,2,5,14,,,29,1*5F
[ 1139.0] $GPRMC,061637.38,V,,,,,,,090926,,,N,V*0D
[ 1140.1] $GPGGA,061638.38,,,,,0,02,99.99,,M,,M,,*65
[ 1140.1] $GPGLL,,,,,061638.38,V,N*4B
[ 1140.1] $GPGSA,A,1,,,,,,,,,,,,,99.99,99.99,99.99,1*2D
[ 1140.1] $GPGSV,2,1,5,4,,,35,9,,,49,11,,,26,14,,,29,1*5E
[ 1140.1] $GPGSV,2,2,5,26,,,26,1*51
[ 1140.1] $GPRMC,061638.38,V,,,,,,,090926,,,N,V*02
[ 1141.1] $GPGGA,061639.38,,,,,0,02,99.99,,M,,M,,*64
[ 1141.1] $GPGLL,,,,,061639.38,V,N*4A
[ 1141.1] $GPGSA,A,1,,,,,,,,,,,,,99.99,99.99,99.99,1*2D
[ 1141.1] $GPGSV,2,1,5,1,,,27,4,,,35,9,,,49,11,,,25,1*67
[ 1141.1] $GPGSV,2,2,5,26,,,24,1*53
[ 1141.1] $GPRMC,061639.38,V,,,,,,,090926,,,N,V*03
[ 1142.2] $GPGGA,061640.38,,,,,0,02,99.99,,M,,M,,*6A
[ 1142.2] $GPGLL,,,,,061640.38,V,N*44
[ 1142.2] $GPGSA,A,1,,,,,,,,,,,,,99.99,99.99,99.99,1*2D
[ 1142.2] $GPGSV,2,1,5,4,,,35,9,,,49,11,,,25,15,,,28,1*5D
[ 1142.2] $GPGSV,2,2,5,26,,,25,1*52
[ 1142.2] $GPRMC,061640.38,V,,,,,,,090926,,,N,V*0D
[ 1143.2] $GPGGA,061641.38,,,,,0,02,99.99,,M,,M,,*6B
[ 1143.2] $GPGLL,,,,,061641.38,V,N*45
[ 1143.2] $GPGSA,A,1,,,,,,,,,,,,,99.99,99.99,99.99,1*2D
[ 1143.2] $GPGSV,2,1,5,4,,,35,9,,,48,14,,,29,26,,,24,1*59
[ 1143.2] $GPGSV,2,2,5,197,,,29,1*65
[ 1143.2] $GPRMC,061641.38,V,,,,,,,090926,,,N,V*0C
[ 1144.2] $GPGGA,061642.38,,,,,0,02,99.99,,M,,M,,*68
[ 1144.2] $GPGLL,,,,,061642.38,V,N*46
[ 1144.2] $GPGSA,A,1,,,,,,,,,,,,,99.99,99.99,99.99,1*2D
[ 1144.2] $GPGSV,1,1,3,4,,,35,9,,,49,197,,,25,1*69
[ 1144.2] $GPRMC,061642.38,V,,,,,,,090926,,,N,V*0F
[ 1144.8] $GPGGA,061643.38,,,,,0,02,99.99,,M,,M,,*69
[ 1144.8] $GPGLL,,,,,061643.38,V,N*47
[ 1144.8] $GPGSA,A,1,,,,,,,,,,,,,99.99,99.99,99.99,1*2D
[ 1144.8] $GPGSV,1,1,2,4,,,35,9,,,49,1*50
[ 1144.8] $GPRMC,061643.38,V,,,,,,,090926,,,N,V*0E
[ 1145.8] $GPGGA,061644.38,,,,,0,02,99.99,,M,,M,,*6E
[ 1145.8] $GPGLL,,,,,061644.38,V,N*40
[ 1145.8] $GPGSA,A,1,,,,,,,,,,,,,99.99,99.99,99.99,1*2D
[ 1145.8] $GPGSV,1,1,4,4,,,35,9,,,49,14,,,27,197,,,29,1*62
[ 1145.8] $GPRMC,061644.38,V,,,,,,,090926,,,N,V*09
[ 1146.9] $GPGGA,061645.38,,,,,0,02,99.99,,M,,M,,*6F
[ 1146.9] $GPGLL,,,,,061645.38,V,N*41
[ 1146.9] $GPGSA,A,1,,,,,,,,,,,,,99.99,99.99,99.99,1*2D
[ 1146.9] $GPGSV,2,1,5,4,,,35,9,,,50,14,,,26,17,,,26,1*5F
[ 1146.9] $GPGSV,2,2,5,197,,,28,1*64
[ 1146.9] $GPRMC,061645.38,V,,,,,,,090926,,,N,V*08
[ 1147.9] $GPGGA,061646.38,,,,,0,02,99.99,,M,,M,,*6C
[ 1147.9] $GPGLL,,,,,061646.38,V,N*42
[ 1147.9] $GPGSA,A,1,,,,,,,,,,,,,99.99,99.99,99.99,1*2D
[ 1147.9] $GPGSV,1,1,3,4,,,35,9,,,50,17,,,25,1*58
[ 1147.9] $GPRMC,061646.38,V,,,,,,,090926,,,N,V*0B
[ 1149.0] $GPGGA,061647.38,,,,,0,02,99.99,,M,,M,,*6D
[ 1149.0] $GPGLL,,,,,061647.38,V,N*43
[ 1149.0] $GPGSA,A,1,,,,,,,,,,,,,99.99,99.99,99.99,1*2D
[ 1149.0] $GPGSV,1,1,4,4,,,35,9,,,49,17,,,24,197,,,27,1*6C
[ 1149.0] $GPRMC,061647.38,V,,,,,,,090926,,,N,V*0A
[ 1150.0] $GPGGA,061648.38,,,,,0,02,99.99,,M,,M,,*62
[ 1150.0] $GPGLL,,,,,061648.38,V,N*4C
[ 1150.0] $GPGSA,A,1,,,,,,,,,,,,,99.99,99.99,99.99,1*2D
[ 1150.0] $GPGSV,2,1,5,4,,,35,9,,,49,14,,,29,17,,,25,1*5B
[ 1150.0] $GPGSV,2,2,5,197,,,28,1*64
[ 1150.0] $GPRMC,061648.38,V,,,,,,,090926,,,N,V*05
[ 1151.1] $GPGGA,061649.38,,,,,0,02,99.99,,M,,M,,*63
[ 1151.1] $GPGLL,,,,,061649.38,V,N*4D
[ 1151.1] $GPGSA,A,1,,,,,,,,,,,,,99.99,99.99,99.99,1*2D
[ 1151.1] $GPGSV,1,1,4,2,,,24,4,,,35,9,,,49,11,,,28,1*68
[ 1151.1] $GPRMC,061649.38,V,,,,,,,090926,,,N,V*04
[ 1152.1] $GPGGA,061650.38,,,,,0,02,99.99,,M,,M,,*6B
[ 1152.1] $GPGLL,,,,,061650.38,V,N*45
[ 1152.1] $GPGSA,A,1,,,,,,,,,,,,,99.99,99.99,99.99,1*2D
[ 1152.1] $GPGSV,1,1,4,2,,,25,4,,,34,9,,,49,11,,,26,1*66
[ 1152.1] $GPRMC,061650.38,V,,,,,,,090926,,,N,V*0C
[ 1153.2] $GPGGA,061651.38,,,,,0,02,99.99,,M,,M,,*6A
[ 1153.2] $GPGLL,,,,,061651.38,V,N*44
[ 1153.2] $GPGSA,A,1,,,,,,,,,,,,,99.99,99.99,99.99,1*2D
[ 1153.2] $GPGSV,2,1,6,2,,,24,4,,,35,8,,,25,9,,,49,1*5C
[ 1153.2] $GPGSV,2,2,6,11,,,25,16,,,30,1*51
[ 1153.2] $GPRMC,061651.38,V,,,,,,,090926,,,N,V*0D
[ 1154.2] $GPGGA,061652.38,,,,,0,02,99.99,,M,,M,,*69
[ 1154.2] $GPGLL,,,,,061652.38,V,N*47
[ 1154.2] $GPGSA,A,1,,,,,,,,,,,,,99.99,99.99,99.99,1*2D
[ 1154.2] $GPGSV,2,1,7,2,,,25,4,,,34,8,,,25,9,,,48,1*5C
[ 1154.2] $GPGSV,2,2,7,14,,,30,15,,,30,16,,,26,1*51
[ 1154.2] $GPRMC,061652.38,V,,,,,,,090926,,,N,V*0E
[ 1154.8] $GPGGA,061653.38,,,,,0,02,99.99,,M,,M,,*68
[ 1154.8] $GPGLL,,,,,061653.38,V,N*46
[ 1154.8] $GPGSA,A,1,,,,,,,,,,,,,99.99,99.99,99.99,1*2D
[ 1154.8] $GPGSV,1,1,4,4,,,34,8,,,24,9,,,49,16,,,25,1*69
[ 1154.8] $GPRMC,061653.38,V,,,,,,,090926,,,N,V*0F
[ 1155.8] $GPGGA,061654.38,,,,,0,02,99.99,,M,,M,,*6F
[ 1155.8] $GPGLL,,,,,061654.38,V,N*41
[ 1155.8] $GPGSA,A,1,,,,,,,,,,,,,99.99,99.99,99.99,1*2D
[ 1155.8] $GPGSV,2,1,5,4,,,34,8,,,25,9,,,49,16,,,22,1*6D
[ 1155.8] $GPGSV,2,2,5,197,,,28,1*64
[ 1155.8] $GPRMC,061654.38,V,,,,,,,090926,,,N,V*08
[ 1156.9] $GPGGA,061655.38,,,,,0,02,99.99,,M,,M,,*6E
[ 1156.9] $GPGLL,,,,,061655.38,V,N*40
[ 1156.9] $GPGSA,A,1,,,,,,,,,,,,,99.99,99.99,99.99,1*2D
[ 1156.9] $GPGSV,1,1,3,4,,,34,9,,,49,193,,,29,1*60
[ 1156.9] $GPRMC,061655.38,V,,,,,,,090926,,,N,V*09
[ 1157.9] $GPGGA,061656.38,,,,,0,02,99.99,,M,,M,,*6D
[ 1157.9] $GPGLL,,,,,061656.38,V,N*43
[ 1157.9] $GPGSA,A,1,,,,,,,,,,,,,99.99,99.99,99.99,1*2D
[ 1157.9] $GPGSV,1,1,3,4,,,35,9,,,49,14,,,28,1*5E
[ 1157.9] $GPRMC,061656.38,V,,,,,,,090926,,,N,V*0A
[ 1159.0] $GPGGA,061657.38,,,,,0,02,99.99,,M,,M,,*6C
[ 1159.0] $GPGLL,,,,,061657.38,V,N*42
[ 1159.0] $GPGSA,A,1,,,,,,,,,,,,,99.99,99.99,99.99,1*2D
[ 1159.0] $GPGSV,1,1,2,4,,,35,9,,,49,1*50
[ 1159.0] $GPRMC,061657.38,V,,,,,,,090926,,,N,V*0B
[ 1160.0] $GPGGA,061658.38,,,,,0,02,99.99,,M,,M,,*63
[ 1160.0] $GPGLL,,,,,061658.38,V,N*4D
[ 1160.0] $GPGSA,A,1,,,,,,,,,,,,,99.99,99.99,99.99,1*2D
[ 1160.0] $GPGSV,1,1,2,4,,,35,9,,,49,1*50
[ 1160.0] $GPRMC,061658.38,V,,,,,,,090926,,,N,V*04
[ 1161.1] $GPGGA,061659.38,,,,,0,02,99.99,,M,,M,,*62
[ 1161.1] $GPGLL,,,,,061659.38,V,N*4C
[ 1161.1] $GPGSA,A,1,,,,,,,,,,,,,99.99,99.99,99.99,1*2D
[ 1161.1] $GPGSV,1,1,3,4,,,35,9,,,49,14,,,28,1*5E
[ 1161.1] $GPRMC,061659.38,V,,,,,,,090926,,,N,V*05
[ 1162.1] $GPGGA,061700.38,,,,,0,02,99.99,,M,,M,,*6F
[ 1162.1] $GPGLL,,,,,061700.38,V,N*41
[ 1162.1] $GPGSA,A,1,,,,,,,,,,,,,99.99,99.99,99.99,1*2D
[ 1162.1] $GPGSV,1,1,3,4,,,35,9,,,49,201,,,25,1*65
[ 1162.1] $GPRMC,061700.38,V,,,,,,,090926,,,N,V*08
[ 1163.2] $GPGGA,061701.38,,,,,0,02,99.99,,M,,M,,*6E
[ 1163.2] $GPGLL,,,,,061701.38,V,N*40
[ 1163.2] $GPGSA,A,1,,,,,,,,,,,,,99.99,99.99,99.99,1*2D
[ 1163.2] $GPGSV,1,1,3,4,,,35,9,,,49,201,,,24,1*64
[ 1163.2] $GPRMC,061701.38,V,,,,,,,090926,,,N,V*09
[ 1164.2] $GPGGA,061702.38,,,,,0,02,99.99,,M,,M,,*6D
[ 1164.2] $GPGLL,,,,,061702.38,V,N*43
[ 1164.2] $GPGSA,A,1,,,,,,,,,,,,,99.99,99.99,99.99,1*2D
[ 1164.2] $GPGSV,1,1,4,4,,,35,9,,,49,14,,,28,201,,,24,1*6C
[ 1164.2] $GPRMC,061702.38,V,,,,,,,090926,,,N,V*0A
[ 1165.3] $GPGGA,061703.38,,,,,0,02,99.99,,M,,M,,*6C
[ 1165.3] $GPGLL,,,,,061703.38,V,N*42
[ 1165.3] $GPGSA,A,1,,,,,,,,,,,,,99.99,99.99,99.99,1*2D
[ 1165.3] $GPGSV,2,1,7,1,,,29,2,,,27,4,,,35,8,,,26,1*53
[ 1165.3] $GPGSV,2,2,7,9,,,49,14,,,28,201,,,24,1*5D
[ 1165.3] $GPRMC,061703.38,V,,,,,,,090926,,,N,V*0B
[ 1165.8] $GPGGA,061704.38,,,,,0,02,99.99,,M,,M,,*6B
[ 1165.8] $GPGLL,,,,,061704.38,V,N*45
[ 1165.8] $GPGSA,A,1,,,,,,,,,,,,,99.99,99.99,99.99,1*2D
[ 1165.8] $GPGSV,2,1,6,1,,,26,2,,,25,4,,,35,8,,,25,1*5C
[ 1165.8] $GPGSV,2,2,6,9,,,49,16,,,27,1*64
[ 1165.8] $GPRMC,061704.38,V,,,,,,,090926,,,N,V*0C
[ 1166.8] $GPGGA,061705.38,,,,,0,02,99.99,,M,,M,,*6A
[ 1166.8] $GPGLL,,,,,061705.38,V,N*44
[ 1166.8] $GPGSA,A,1,,,,,,,,,,,,,99.99,99.99,99.99,1*2D
[ 1166.8] $GPGSV,2,1,6,1,,,25,2,,,24,4,,,35,9,,,49,1*55
[ 1166.8] $GPGSV,2,2,6,16,,,25,17,,,26,1*50
[ 1166.8] $GPRMC,061705.38,V,,,,,,,090926,,,N,V*0D
[ 1167.9] $GPGGA,061706.38,,,,,0,02,99.99,,M,,M,,*69
[ 1167.9] $GPGLL,,,,,061706.38,V,N*47
[ 1167.9] $GPGSA,A,1,,,,,,,,,,,,,99.99,99.99,99.99,1*2D
[ 1167.9] $GPGSV,2,1,6,1,,,25,2,,,24,4,,,35,9,,,49,1*55
[ 1167.9] $GPGSV,2,2,6,16,,,25,17,,,25,1*53
[ 1167.9] $GPRMC,061706.38,V,,,,,,,090926,,,N,V*0E
[ 1168.9] $GPGGA,061707.38,,,,,0,02,99.99,,M,,M,,*68
[ 1168.9] $GPGLL,,,,,061707.38,V,N*46
[ 1168.9] $GPGSA,A,1,,,,,,,,,,,,,99.99,99.99,99.99,1*2D
[ 1168.9] $GPGSV,1,1,4,4,,,35,9,,,49,16,,,25,27,,,26,1*57
[ 1168.9] $GPRMC,061707.38,V,,,,,,,090926,,,N,V*0F
[ 1170.0] $GPGGA,061708.38,,,,,0,02,99.99,,M,,M,,*67
[ 1170.0] $GPGLL,,,,,061708.38,V,N*49
[ 1170.0] $GPGSA,A,1,,,,,,,,,,,,,99.99,99.99,99.99,1*2D
[ 1170.0] $GPGSV,1,1,3,4,,,35,9,,,49,27,,,24,1*52
[ 1170.0] $GPRMC,061708.38,V,,,,,,,090926,,,N,V*00
[ 1171.0] $GPGGA,061709.38,,,,,0,02,99.99,,M,,M,,*66
[ 1171.0] $GPGLL,,,,,061709.38,V,N*48
[ 1171.0] $GPGSA,A,1,,,,,,,,,,,,,99.99,99.99,99.99,1*2D
[ 1171.0] $GPGSV,1,1,4,4,,,35,9,,,49,14,,,26,27,,,25,1*55
[ 1171.0] $GPRMC,061709.38,V,,,,,,,090926,,,N,V*01
[ 1172.1] $GPGGA,061710.38,,,,,0,02,99.99,,M,,M,,*6E
[ 1172.1] $GPGLL,,,,,061710.38,V,N*40
[ 1172.1] $GPGSA,A,1,,,,,,,,,,,,,99.99,99.99,99.99,1*2D
[ 1172.1] $GPGSV,1,1,4,4,,,35,9,,,49,22,,,28,27,,,25,1*5E
[ 1172.1] $GPRMC,061710.38,V,,,,,,,090926,,,N,V*09
[ 1173.1] $GPGGA,061711.38,,,,,0,02,99.99,,M,,M,,*6F
[ 1173.1] $GPGLL,,,,,061711.38,V,N*41
[ 1173.1] $GPGSA,A,1,,,,,,,,,,,,,99.99,99.99,99.99,1*2D
[ 1173.1] $GPGSV,1,1,3,4,,,35,9,,,49,22,,,27,1*54
[ 1173.1] $GPRMC,061711.38,V,,,,,,,090926,,,N,V*08
[ 1174.2] $GPGGA,061712.38,,,,,0,02,99.99,,M,,M,,*6C
[ 1174.2] $GPGLL,,,,,061712.38,V,N*42
[ 1174.2] $GPGSA,A,1,,,,,,,,,,,,,99.99,99.99,99.99,1*2D
[ 1174.2] $GPGSV,2,1,5,4,,,35,7,,,31,9,,,49,14,,,29,1*6F
[ 1174.2] $GPGSV,2,2,5,22,,,26,1*55
[ 1174.2] $GPRMC,061712.38,V,,,,,,,090926,,,N,V*0B
[ 1175.2] $GPGGA,061713.38,,,,,0,02,99.99,,M,,M,,*6D
[ 1175.2] $GPGLL,,,,,061713.38,V,N*43
[ 1175.2] $GPGSA,A,1,,,,,,,,,,,,,99.99,99.99,99.99,1*2D
[ 1175.2] $GPGSV,1,1,4,4,,,35,7,,,32,9,,,50,22,,,26,1*6C
[ 1175.2] $GPRMC,061713.38,V,,,,,,,090926,,,N,V*0A
[ 1175.8] $GPGGA,061714.38,,,,,0,02,99.99,,M,,M,,*6A
[ 1175.8] $GPGLL,,,,,061714.38,V,N*44
[ 1175.8] $GPGSA,A,1,,,,,,,,,,,,,99.99,99.99,99.99,1*2D
[ 1175.8] $GPGSV,1,1,4,4,,,35,7,,,32,9,,,50,22,,,27,1*6D
[ 1176.3] $GPRMC,061714.38,V,,,,,,,090926,,,N,V*0D
[ 1176.8] $GPGGA,061715.38,,,,,0,02,99.99,,M,,M,,*6B
[ 1176.8] $GPGLL,,,,,061715.38,V,N*45
[ 1176.8] $GPGSA,A,1,,,,,,,,,,,,,99.99,99.99,99.99,1*2D
[ 1176.8] $GPGSV,2,1,5,4,,,36,7,,,32,9,,,51,14,,,30,1*6E
[ 1176.8] $GPGSV,2,2,5,22,,,27,1*54
[ 1176.8] $GPRMC,061715.38,V,,,,,,,090926,,,N,V*0C
[ 1177.9] $GPGGA,061716.38,,,,,0,02,99.99,,M,,M,,*68
[ 1177.9] $GPGLL,,,,,061716.38,V,N*46
[ 1177.9] $GPGSA,A,1,,,,,,,,,,,,,99.99,99.99,99.99,1*2D
[ 1177.9] $GPGSV,2,1,5,4,,,35,7,,,32,9,,,51,14,,,25,1*69
[ 1177.9] $GPGSV,2,2,5,22,,,27,1*54
[ 1177.9] $GPRMC,061716.38,V,,,,,,,090926,,,N,V*0F
[ 1178.9] $GPGGA,061717.38,,,,,0,02,99.99,,M,,M,,*69
[ 1178.9] $GPGLL,,,,,061717.38,V,N*47
[ 1178.9] $GPGSA,A,1,,,,,,,,,,,,,99.99,99.99,99.99,1*2D
[ 1178.9] $GPGSV,2,1,6,3,,,30,4,,,36,7,,,32,9,,,51,1*5B
[ 1178.9] $GPGSV,2,2,6,14,,,24,22,,,28,1*5B
[ 1178.9] $GPRMC,061717.38,V,,,,,,,090926,,,N,V*0E
[ 1180.0] $GPGGA,061718.38,,,,,0,02,99.99,,M,,M,,*66
[ 1180.0] $GPGLL,,,,,061718.38,V,N*48
[ 1180.0] $GPGSA,A,1,,,,,,,,,,,,,99.99,99.99,99.99,1*2D
[ 1180.0] $GPGSV,2,1,7,3,,,26,4,,,36,7,,,32,9,,,51,1*5D
[ 1180.0] $GPGSV,2,2,7,14,,,25,22,,,28,193,,,29,1*6B
[ 1180.0] $GPRMC,061718.38,V,,,,,,,090926,,,N,V*01
[ 1181.0] $GPGGA,061719.38,,,,,0,02,99.99,,M,,M,,*67
[ 1181.0] $GPGLL,,,,,061719.38,V,N*49
[ 1181.0] $GPGSA,A,1,,,,,,,,,,,,,99.99,99.99,99.99,1*2D
[ 1181.0] $GPGSV,2,1,5,3,,,24,4,,,36,7,,,32,9,,,51,1*5D
[ 1181.0] $GPGSV,2,2,5,22,,,28,1*5B
[ 1181.0] $GPRMC,061719.38,V,,,,,,,090926,,,N,V*00
[ 1182.1] $GPGGA,061720.38,,,,,0,02,99.99,,M,,M,,*6D
[ 1182.1] $GPGLL,,,,,061720.38,V,N*43
[ 1182.1] $GPGSA,A,1,,,,,,,,,,,,,99.99,99.99,99.99,1*2D
[ 1182.1] $GPGSV,2,1,5,3,,,25,4,,,36,7,,,33,9,,,51,1*5D
[ 1182.1] $GPGSV,2,2,5,22,,,28,1*5B
[ 1182.1] $GPRMC,061720.38,V,,,,,,,090926,,,N,V*0A
[ 1183.1] $GPGGA,061721.38,,,,,0,02,99.99,,M,,M,,*6C
[ 1183.1] $GPGLL,,,,,061721.38,V,N*42
[ 1183.1] $GPGSA,A,1,,,,,,,,,,,,,99.99,99.99,99.99,1*2D
[ 1183.1] $GPGSV,1,1,4,4,,,36,7,,,33,9,,,51,22,,,28,1*61
[ 1183.1] $GPRMC,061721.38,V,,,,,,,090926,,,N,V*0B
[ 1184.2] $GPGGA,061722.38,,,,,0,02,99.99,,M,,M,,*6F
[ 1184.2] $GPGLL,,,,,061722.38,V,N*41
[ 1184.2] $GPGSA,A,1,,,,,,,,,,,,,99.99,99.99,99.99,1*2D
[ 1184.2] $GPGSV,2,1,5,4,,,36,7,,,33,9,,,50,14,,,26,1*69
[ 1184.2] $GPGSV,2,2,5,22,,,29,1*5A
[ 1184.2] $GPRMC,061722.38,V,,,,,,,090926,,,N,V*08
[ 1185.2] $GPGGA,061723.38,,,,,0,02,99.99,,M,,M,,*6E
[ 1185.2] $GPGLL,,,,,061723.38,V,N*40
[ 1185.2] $GPGSA,A,1,,,,,,,,,,,,,99.99,99.99,99.99,1*2D
[ 1185.2] $GPGSV,2,1,5,4,,,36,7,,,33,9,,,51,14,,,24,1*6A
[ 1185.2] $GPGSV,2,2,5,22,,,28,1*5B
[ 1185.2] $GPRMC,061723.38,V,,,,,,,090926,,,N,V*09
[ 1185.8] $GPGGA,061724.38,,,,,0,03,99.99,,M,,M,,*68
[ 1186.3] $GPGLL,,,,,061724.38,V,N*47
[ 1186.3] $GPGSA,A,1,,,,,,,,,,,,,99.99,99.99,99.99,1*2D
[ 1186.3] $GPGSV,2,1,5,4,,,36,7,,,33,9,,,50,14,,,25,1*6A
[ 1186.3] $GPGSV,2,2,5,22,,,29,1*5A
[ 1186.3] $GPRMC,061724.38,V,,,,,,,090926,,,N,V*0E
[ 1186.8] $GPGGA,061725.38,,,,,0,03,99.99,,M,,M,,*69
[ 1186.8] $GPGLL,,,,,061725.38,V,N*46
[ 1186.8] $GPGSA,A,1,,,,,,,,,,,,,99.99,99.99,99.99,1*2D
[ 1186.8] $GPGSV,3,1,9,1,,,30,4,,,36,7,,,33,9,,,50,1*57
[ 1186.8] $GPGSV,3,2,9,11,,,28,14,,,24,17,,,29,22,,,29,1*53
[ 1186.8] $GPGSV,3,3,9,24,,,26,1*5F
[ 1186.8] $GPRMC,061725.38,V,,,,,,,090926,,,N,V*0F
[ 1187.9] $GPGGA,061726.38,,,,,0,03,99.99,,M,,M,,*6A
[ 1187.9] $GPGLL,,,,,061726.38,V,N*45
[ 1187.9] $GPGSA,A,1,,,,,,,,,,,,,99.99,99.99,99.99,1*2D
[ 1187.9] $GPGSV,2,1,5,4,,,36,7,,,33,9,,,51,22,,,29,1*62
[ 1187.9] $GPGSV,2,2,5,24,,,24,1*51
[ 1187.9] $GPRMC,061726.38,V,,,,,,,090926,,,N,V*0C
[ 1188.9] $GPGGA,061727.38,,,,,0,03,99.99,,M,,M,,*6B
[ 1188.9] $GPGLL,,,,,061727.38,V,N*44
[ 1188.9] $GPGSA,A,1,,,,,,,,,,,,,99.99,99.99,99.99,1*2D
[ 1188.9] $GPGSV,2,1,5,4,,,36,7,,,33,9,,,50,22,,,29,1*63
[ 1188.9] $GPGSV,2,2,5,24,,,24,1*51
[ 1188.9] $GPRMC,061727.38,V,,,,,,,090926,,,N,V*0D
[ 1190.0] $GPGGA,061728.38,,,,,0,03,99.99,,M,,M,,*64
[ 1190.0] $GPGLL,,,,,061728.38,V,N*4B
[ 1190.0] $GPGSA,A,1,,,,,,,,,,,,,99.99,99.99,99.99,1*2D
[ 1190.0] $GPGSV,2,1,7,4,,,36,7,,,32,9,,,50,14,,,28,1*64
[ 1190.0] $GPGSV,2,2,7,15,,,29,22,,,29,24,,,24,1*57
[ 1190.0] $GPRMC,061728.38,V,,,,,,,090926,,,N,V*02
[ 1191.0] $GPGGA,061730.10,3001.74065,S,05112.74474,W,1,04,2.85,60.63,M,,M,,*46
[ 1191.0] $GPGLL,3001.74065,S,05112.74474,W,061730.10,A,A*65
[ 1191.0] $GPGSA,A,3,04,07,09,22,,,,,,,,,5.76,2.85,5.01,1*1A
[ 1191.0] $GPGSV,4,1,13,4,24,077,36,5,07,216,,6,06,315,,7,57,166,32,1*61
[ 1191.0] $GPGSV,4,2,13,8,16,093,,9,56,098,50,11,09,281,,14,39,344,25,1*62
[ 1191.0] $GPGSV,4,3,13,15,-29,238,25,21,40,236,,22,18,340,29,27,05,125,,1*4E
[ 1191.0] $GPGSV,4,4,13,30,52,250,,1*55
[ 1191.0] $GPRMC,061730.10,A,3001.74065,S,05112.74474,W,0.40,0.00,090926,,,A,V*28
[ 1191.0] [00:19:50.556,030] <inf> gnss_sample: Time to fix: 367.8 s
[ 1191.0] [00:19:50.561,889] <inf> gnss_sample: Sleeping for 120 s
[ 1310.6] [00:21:50.465,057] <inf> gnss_sample: Deleting GNSS data
[ 1310.6] [00:21:50.477,539] <inf> gnss_sample: Assistance data needed: data_flags: 0x3f
[ 1310.6] [00:21:50.485,168] <inf> gnss_sample: Assistance data needed: GPS ephe: 0xffffffff, alm: 0xffffffff
[ 1310.6] [00:21:50.494,628] <inf> gnss_sample: Connecting to LTE network
[ 1312.2] +CEREG: 2,"C577","0AAEEA15",7
[ 1312.7] +CSCON: 1
[ 1315.8] +CEREG: 1,"C577","0AAEEA15",7,,,"00000011","00101000"
[ 1315.8] [00:21:55.691,192] <inf> gnss_sample: Connected to LTE network
[ 1316.8] [00:21:56.701,446] <inf> gnss_sample: Injected time (GPS day 17048, GPS time of day 22794)
[ 1316.8] [00:21:56.711,547] <inf> gnss_sample: Injected location for MCC 724
[ 1317.4] +CEREG: 0
[ 1317.4] +CSCON: 0
[ 1317.4] [00:21:57.024,047] <inf> gnss_sample: LTE disconnected
[ 1317.4] [00:21:57.029,571] <inf> gnss_sample: Starting GNSS
[ 1317.4] $GPGGA,061936.37,,,,,0,,99.99,,M,,M,,*69
[ 1317.4] $GPGLL,,,,,061936.37,V,N*45
[ 1317.4] $GPGSA,A,1,,,,,,,,,,,,,99.99,99.99,99.99,1*2D
[ 1317.4] $GPGSV,4,1,13,3,06,029,,4,24,092,,6,21,309,,7,32,165,,1*6F
[ 1317.4] $GPGSV,4,2,13,8,11,105,,9,45,129,,11,14,274,,14,63,335,,1*6F
[ 1317.4] $GPGSV,4,3,13,17,15,002,,19,00,331,,21,27,221,,22,40,335,,1*6E
[ 1317.4] $GPGSV,4,4,13,30,41,223,,1*53
[ 1317.4] $GPRMC,061936.37,V,,,,,,,090926,,,N,V*0C
[ 1318.4] $GPGGA,061937.36,,,,,0,,99.99,,M,,M,,*69
[ 1318.4] $GPGLL,,,,,061937.36,V,N*45
[ 1318.4] $GPGSA,A,1,,,,,,,,,,,,,99.99,99.99,99.99,1*2D
[ 1318.4] $GPGSV,4,1,13,3,06,029,,4,24,092,,6,21,309,,7,32,165,,1*6F
[ 1318.4] $GPGSV,4,2,13,8,11,105,,9,45,129,,11,14,274,,14,63,335,37,1*6B
[ 1318.4] $GPGSV,4,3,13,17,15,002,,19,00,331,,21,27,221,,22,40,335,,1*6E
[ 1318.4] $GPGSV,4,4,13,30,41,223,,1*53
[ 1318.4] $GPRMC,061937.36,V,,,,,,,090926,,,N,V*0C
[ 1319.5] $GPGGA,061938.36,,,,,0,,99.99,,M,,M,,*66
[ 1319.5] $GPGLL,,,,,061938.36,V,N*4A
[ 1319.5] $GPGSA,A,1,,,,,,,,,,,,,99.99,99.99,99.99,1*2D
[ 1319.5] $GPGSV,4,1,13,3,06,029,,4,24,092,,6,21,309,,7,32,165,,1*6F
[ 1319.5] $GPGSV,4,2,13,8,11,105,,9,45,129,,11,14,274,,14,63,335,,1*6F
[ 1319.5] $GPGSV,4,3,13,17,15,002,,19,00,331,,21,27,221,,22,40,335,,1*6E
[ 1319.5] $GPGSV,4,4,13,30,41,223,,1*53
[ 1319.5] $GPRMC,061938.36,V,,,,,,,090926,,,N,V*03
[ 1320.5] $GPGGA,061939.37,,,,,0,,99.99,,M,,M,,*66
[ 1320.5] $GPGLL,,,,,061939.37,V,N*4A
[ 1320.5] $GPGSA,A,1,,,,,,,,,,,,,99.99,99.99,99.99,1*2D
[ 1320.5] $GPGSV,4,1,13,3,06,029,,4,24,092,,6,21,309,,7,32,165,,1*6F
[ 1320.5] $GPGSV,4,2,13,8,11,105,,9,45,129,51,11,14,274,,14,63,335,,1*6B
[ 1320.5] $GPGSV,4,3,13,17,15,002,,19,00,331,,21,27,221,,22,40,335,,1*6E
[ 1320.5] $GPGSV,4,4,13,30,41,223,,1*53
[ 1320.5] $GPRMC,061939.37,V,,,,,,,090926,,,N,V*03
[ 1321.6] $GPGGA,061940.37,,,,,0,,99.99,,M,,M,,*68
[ 1321.6] $GPGLL,,,,,061940.37,V,N*44
[ 1321.6] $GPGSA,A,1,,,,,,,,,,,,,99.99,99.99,99.99,1*2D
[ 1321.6] $GPGSV,4,1,13,3,06,029,,4,24,092,33,6,21,309,,7,32,165,30,1*6C
[ 1321.6] $GPGSV,4,2,13,8,11,105,,9,45,129,50,11,14,274,,14,63,335,26,1*6E
[ 1321.6] $GPGSV,4,3,13,17,15,002,,19,00,331,,21,27,221,,22,40,335,32,1*6F
[ 1321.6] $GPGSV,4,4,13,30,41,223,,1*53
[ 1321.6] $GPRMC,061940.37,V,,,,,,,090926,,,N,V*0D
[ 1322.6] $GPGGA,061941.37,,,,,0,,99.99,,M,,M,,*69
[ 1322.6] $GPGLL,,,,,061941.37,V,N*45
[ 1322.6] $GPGSA,A,1,,,,,,,,,,,,,99.99,99.99,99.99,1*2D
[ 1322.6] $GPGSV,4,1,13,3,06,029,,4,24,092,31,6,21,309,,7,32,165,30,1*6E
[ 1322.6] $GPGSV,4,2,13,8,11,105,,9,45,129,51,11,14,274,,14,63,335,25,1*6C
[ 1322.6] $GPGSV,4,3,13,17,15,002,,19,00,331,,21,27,221,,22,40,335,31,1*6C
[ 1322.6] $GPGSV,4,4,13,30,41,223,,1*53
[ 1322.6] $GPRMC,061941.37,V,,,,,,,090926,,,N,V*0C
[ 1323.2] $GPGGA,061942.37,,,,,0,,99.99,,M,,M,,*6A
[ 1323.2] $GPGLL,,,,,061942.37,V,N*46
[ 1323.2] $GPGSA,A,1,,,,,,,,,,,,,99.99,99.99,99.99,1*2D
[ 1323.2] $GPGSV,4,1,13,3,06,029,,4,24,092,31,6,21,309,35,7,32,165,28,1*61
[ 1323.2] $GPGSV,4,2,13,8,11,105,,9,45,129,51,11,14,274,,14,63,335,25,1*6C
[ 1323.2] $GPGSV,4,3,13,17,15,002,,19,00,331,,21,27,221,,22,40,335,30,1*6D
[ 1323.2] $GPGSV,4,4,13,30,41,223,,1*53
[ 1323.7] $GPRMC,061942.37,V,,,,,,,090926,,,N,V*0F
[ 1324.2] $GPGGA,061943.37,,,,,0,,99.99,,M,,M,,*6B
[ 1324.2] $GPGLL,,,,,061943.37,V,N*47
[ 1324.2] $GPGSA,A,1,,,,,,,,,,,,,99.99,99.99,99.99,1*2D
[ 1324.2] $GPGSV,4,1,13,3,06,029,,4,24,092,31,6,21,309,25,7,32,165,29,1*61
[ 1324.2] $GPGSV,4,2,13,8,11,105,,9,45,129,51,11,14,274,,14,63,335,24,1*6D
[ 1324.2] $GPGSV,4,3,13,17,15,002,,19,00,331,,21,27,221,,22,40,335,31,1*6C
[ 1324.2] $GPGSV,4,4,13,30,41,223,,1*53
[ 1324.2] $GPRMC,061943.37,V,,,,,,,090926,,,N,V*0E
[ 1325.3] $GPGGA,061944.37,,,,,0,,99.99,,M,,M,,*6C
[ 1325.3] $GPGLL,,,,,061944.37,V,N*40
[ 1325.3] $GPGSA,A,1,,,,,,,,,,,,,99.99,99.99,99.99,1*2D
[ 1325.3] $GPGSV,4,1,13,3,06,029,,4,24,092,31,6,21,309,25,7,32,165,29,1*61
[ 1325.3] $GPGSV,4,2,13,8,11,105,,9,45,129,51,11,14,274,,14,63,335,24,1*6D
[ 1325.3] $GPGSV,4,3,13,17,15,002,,19,00,331,,21,27,221,,22,40,335,31,1*6C
[ 1325.3] $GPGSV,4,4,13,30,41,223,,1*53
[ 1325.3] $GPRMC,061944.37,V,,,,,,,090926,,,N,V*09
[ 1326.3] $GPGGA,061945.37,,,,,0,,99.99,,M,,M,,*6D
[ 1326.3] $GPGLL,,,,,061945.37,V,N*41
[ 1326.3] $GPGSA,A,1,,,,,,,,,,,,,99.99,99.99,99.99,1*2D
[ 1326.3] $GPGSV,4,1,13,3,06,029,,4,24,092,32,6,21,309,25,7,32,165,30,1*6A
[ 1326.3] $GPGSV,4,2,13,8,11,105,,9,45,129,51,11,14,274,,14,63,335,24,1*6D
[ 1326.3] $GPGSV,4,3,13,17,15,002,,19,00,331,,21,27,221,,22,40,335,31,1*6C
[ 1326.3] $GPGSV,4,4,13,30,41,223,,1*53
[ 1326.3] $GPRMC,061945.37,V,,,,,,,090926,,,N,V*08
[ 1327.4] $GPGGA,061946.37,,,,,0,,99.99,,M,,M,,*6E
[ 1327.4] $GPGLL,,,,,061946.37,V,N*42
[ 1327.4] $GPGSA,A,1,,,,,,,,,,,,,99.99,99.99,99.99,1*2D
[ 1327.4] $GPGSV,4,1,13,3,06,029,,4,24,092,32,6,21,309,,7,32,165,30,1*6D
[ 1327.4] $GPGSV,4,2,13,8,11,105,,9,45,129,51,11,14,274,,14,63,335,24,1*6D
[ 1327.4] $GPGSV,4,3,13,17,15,002,,19,00,331,,21,27,221,,22,40,335,31,1*6C
[ 1327.4] $GPGSV,4,4,13,30,41,223,,1*53
[ 1327.4] $GPRMC,061946.37,V,,,,,,,090926,,,N,V*0B
[ 1328.4] $GPGGA,061947.37,,,,,0,,99.99,,M,,M,,*6F
[ 1328.4] $GPGLL,,,,,061947.37,V,N*43
[ 1328.4] $GPGSA,A,1,,,,,,,,,,,,,99.99,99.99,99.99,1*2D
[ 1328.4] $GPGSV,4,1,13,3,06,029,,4,24,092,31,6,21,309,,7,32,165,30,1*6E
[ 1328.4] $GPGSV,4,2,13,8,11,105,,9,45,129,51,11,14,274,30,14,63,335,24,1*6E
[ 1328.4] $GPGSV,4,3,13,17,15,002,,19,00,331,,21,27,221,,22,40,335,31,1*6C
[ 1328.4] $GPGSV,4,4,13,30,41,223,,1*53
[ 1328.4] $GPRMC,061947.37,V,,,,,,,090926,,,N,V*0A
[ 1329.5] $GPGGA,061948.37,,,,,0,,99.99,,M,,M,,*60
[ 1329.5] $GPGLL,,,,,061948.37,V,N*4C
[ 1329.5] $GPGSA,A,1,,,,,,,,,,,,,99.99,99.99,99.99,1*2D
[ 1329.5] $GPGSV,4,1,13,3,06,029,,4,24,092,31,6,21,309,,7,32,165,30,1*6E
[ 1329.5] $GPGSV,4,2,13,8,11,105,,9,45,129,50,11,14,274,27,14,63,335,,1*6F
[ 1329.5] $GPGSV,4,3,13,17,15,002,,19,00,331,,21,27,221,,22,40,335,32,1*6F
[ 1329.5] $GPGSV,4,4,13,30,41,223,,1*53
[ 1329.5] $GPRMC,061948.37,V,,,,,,,090926,,,N,V*05
[ 1330.5] $GPGGA,061949.37,,,,,0,,99.99,,M,,M,,*61
[ 1330.5] $GPGLL,,,,,061949.37,V,N*4D
[ 1330.5] $GPGSA,A,1,,,,,,,,,,,,,99.99,99.99,99.99,1*2D
[ 1330.5] $GPGSV,4,1,14,1,-10,042,30,3,06,029,,4,24,092,31,6,21,309,,1*46
[ 1330.5] $GPGSV,4,2,14,7,32,165,30,8,11,105,,9,45,129,49,11,14,274,25,1*50
[ 1330.5] $GPGSV,4,3,14,14,63,335,,17,15,002,,19,00,331,,21,27,221,,1*6D
[ 1330.5] $GPGSV,4,4,14,22,40,335,31,30,41,223,,1*67
[ 1330.5] $GPRMC,061949.37,V,,,,,,,090926,,,N,V*04
[ 1331.6] $GPGGA,061950.37,,,,,0,,99.99,,M,,M,,*69
[ 1331.6] $GPGLL,,,,,061950.37,V,N*45
[ 1331.6] $GPGSA,A,1,,,,,,,,,,,,,99.99,99.99,99.99,1*2D
[ 1331.6] $GPGSV,4,1,13,3,06,029,29,4,24,092,31,6,21,309,,7,32,165,30,1*65
[ 1331.6] $GPGSV,4,2,13,8,11,105,,9,45,129,49,11,14,274,24,14,63,335,27,1*61
[ 1331.6] $GPGSV,4,3,13,17,15,002,,19,00,331,,21,27,221,,22,40,335,32,1*6F
[ 1331.6] $GPGSV,4,4,13,30,41,223,,1*53
[ 1331.6] $GPRMC,061950.37,V,,,,,,,090926,,,N,V*0C
[ 1332.6] $GPGGA,061951.37,,,,,0,,99.99,,M,,M,,*68
[ 1332.6] $GPGLL,,,,,061951.37,V,N*44
[ 1332.6] $GPGSA,A,1,,,,,,,,,,,,,99.99,99.99,99.99,1*2D
[ 1332.6] $GPGSV,4,1,13,3,06,029,25,4,24,092,31,6,21,309,,7,32,165,30,1*69
[ 1332.6] $GPGSV,4,2,13,8,11,105,,9,45,129,50,11,14,274,24,14,63,335,26,1*68
[ 1332.6] $GPGSV,4,3,13,17,15,002,,19,00,331,,21,27,221,,22,40,335,32,1*6F
[ 1332.6] $GPGSV,4,4,13,30,41,223,,1*53
[ 1332.6] $GPRMC,061951.37,V,,,,,,,090926,,,N,V*0D
[ 1333.7] $GPGGA,061952.37,,,,,0,,99.99,,M,,M,,*6B
[ 1333.7] $GPGLL,,,,,061952.37,V,N*47
[ 1333.7] $GPGSA,A,1,,,,,,,,,,,,,99.99,99.99,99.99,1*2D
[ 1333.7] $GPGSV,4,1,15,1,-10,042,30,3,06,029,25,4,24,092,31,6,21,309,,1*40
[ 1333.7] $GPGSV,4,2,15,7,32,165,30,8,11,105,,9,45,129,50,11,14,274,,1*5E
[ 1333.7] $GPGSV,4,3,15,14,63,335,26,15,-35,245,29,17,15,002,,19,00,331,,1*48
[ 1333.7] $GPGSV,4,4,15,21,27,221,,22,40,335,32,30,41,223,,1*52
[ 1333.7] $GPRMC,061952.37,V,,,,,,,090926,,,N,V*0E
[ 1334.2] $GPGGA,061953.37,,,,,0,,99.99,,M,,M,,*6A
[ 1334.2] $GPGLL,,,,,061953.37,V,N*46
[ 1334.2] $GPGSA,A,1,,,,,,,,,,,,,99.99,99.99,99.99,1*2D
[ 1334.2] $GPGSV,4,1,15,1,-10,042,25,3,06,029,25,4,24,092,31,6,21,309,,1*44
[ 1334.2] $GPGSV,4,2,15,7,32,165,30,8,11,105,,9,45,129,50,11,14,274,,1*5E
[ 1334.2] $GPGSV,4,3,15,14,63,335,25,15,-35,245,28,17,15,002,30,19,00,331,,1*49
[ 1334.2] $GPGSV,4,4,15,21,27,221,,22,40,335,32,30,41,223,,1*52
[ 1334.2] $GPRMC,061953.37,V,,,,,,,090926,,,N,V*0F
[ 1335.2] $GPGGA,061954.37,,,,,0,,99.99,,M,,M,,*6D
[ 1335.2] $GPGLL,,,,,061954.37,V,N*41
[ 1335.2] $GPGSA,A,1,,,,,,,,,,,,,99.99,99.99,99.99,1*2D
[ 1335.2] $GPGSV,4,1,15,1,-10,042,24,3,06,029,,4,24,092,31,6,21,309,,1*42
[ 1335.2] $GPGSV,4,2,15,7,32,165,30,8,11,105,,9,45,129,50,11,14,274,,1*5E
[ 1335.2] $GPGSV,4,3,15,14,63,335,24,16,-20,147,26,17,15,002,30,19,00,331,,1*40
[ 1335.2] $GPGSV,4,4,15,21,27,221,,22,40,335,32,30,41,223,,1*52
[ 1335.2] $GPRMC,061954.37,V,,,,,,,090926,,,N,V*08
[ 1336.3] $GPGGA,061955.37,,,,,0,,99.99,,M,,M,,*6C
[ 1336.3] $GPGLL,,,,,061955.37,V,N*40
[ 1336.3] $GPGSA,A,1,,,,,,,,,,,,,99.99,99.99,99.99,1*2D
[ 1336.3] $GPGSV,4,1,14,1,-10,042,24,3,06,029,,4,24,092,31,6,21,309,,1*43
[ 1336.3] $GPGSV,4,2,14,7,32,165,30,8,11,105,,9,45,129,50,11,14,274,,1*5F
[ 1336.3] $GPGSV,4,3,14,14,63,335,25,17,15,002,,19,00,331,,21,27,221,,1*6A
[ 1336.3] $GPGSV,4,4,14,22,40,335,32,30,41,223,,1*64
[ 1336.3] $GPRMC,061955.37,V,,,,,,,090926,,,N,V*09
[ 1337.3] $GPGGA,061956.37,,,,,0,,99.99,,M,,M,,*6F
[ 1337.3] $GPGLL,,,,,061956.37,V,N*43
[ 1337.3] $GPGSA,A,1,,,,,,,,,,,,,99.99,99.99,99.99,1*2D
[ 1337.3] $GPGSV,4,1,14,3,06,029,29,4,24,092,32,6,21,309,,7,32,165,30,1*61
[ 1337.3] $GPGSV,4,2,14,8,11,105,,9,45,129,50,11,14,274,,14,63,335,25,1*6A
[ 1337.3] $GPGSV,4,3,14,15,-35,245,29,17,15,002,,19,00,331,,21,27,221,,1*4F
[ 1337.3] $GPGSV,4,4,14,22,40,335,32,30,41,223,,1*64
[ 1337.3] $GPRMC,061956.37,V,,,,,,,090926,,,N,V*0A
[ 1338.4] $GPGGA,061957.37,,,,,0,,99.99,,M,,M,,*6E
[ 1338.4] $GPGLL,,,,,061957.37,V,N*42
[ 1338.4] $GPGSA,A,1,,,,,,,,,,,,,99.99,99.99,99.99,1*2D
[ 1338.4] $GPGSV,4,1,13,3,06,029,26,4,24,092,32,6,21,309,,7,32,165,30,1*69
[ 1338.4] $GPGSV,4,2,13,8,11,105,,9,45,129,50,11,14,274,,14,63,335,20,1*68
[ 1338.4] $GPGSV,4,3,13,17,15,002,,19,00,331,,21,27,221,,22,40,335,32,1*6F
[ 1338.4] $GPGSV,4,4,13,30,41,223,,1*53
[ 1338.4] $GPRMC,061957.37,V,,,,,,,090926,,,N,V*0B
[ 1339.4] $GPGGA,061958.37,,,,,0,,99.99,,M,,M,,*61
[ 1339.4] $GPGLL,,,,,061958.37,V,N*4D
[ 1339.4] $GPGSA,A,1,,,,,,,,,,,,,99.99,99.99,99.99,1*2D
[ 1339.4] $GPGSV,4,1,15,1,-10,042,29,3,06,029,26,4,24,092,32,6,21,309,,1*48
[ 1339.4] $GPGSV,4,2,15,7,32,165,30,8,11,105,,9,45,129,50,11,14,274,,1*5E
[ 1339.4] $GPGSV,4,3,15,14,63,335,18,15,-35,245,27,17,15,002,,19,00,331,,1*4B
[ 1339.4] $GPGSV,4,4,15,21,27,221,,22,40,335,32,30,41,223,,1*52
[ 1339.4] $GPRMC,061958.37,V,,,,,,,090926,,,N,V*04
[ 1340.5] $GPGGA,061959.37,,,,,0,,99.99,,M,,M,,*60
[ 1340.5] $GPGLL,,,,,061959.37,V,N*4C
[ 1340.5] $GPGSA,A,1,,,,,,,,,,,,,99.99,99.99,99.99,1*2D
[ 1340.5] $GPGSV,4,1,14,1,-10,042,27,3,06,029,25,4,24,092,32,6,21,309,,1*44
[ 1340.5] $GPGSV,4,2,14,7,32,165,29,8,11,105,,9,45,129,49,11,14,274,,1*5F
[ 1340.5] $GPGSV,4,3,14,14,63,335,,17,15,002,,19,00,331,,21,27,221,,1*6D
[ 1340.5] $GPGSV,4,4,14,22,40,335,32,30,41,223,,1*64
[ 1340.5] $GPRMC,061959.37,V,,,,,,,090926,,,N,V*05
[ 1341.5] $GPGGA,062000.37,,,,,0,03,99.99,,M,,M,,*65
[ 1341.5] $GPGLL,,,,,062000.37,V,N*4A
[ 1341.5] $GPGSA,A,1,,,,,,,,,,,,,99.99,99.99,99.99,1*2D
[ 1341.5] $GPGSV,4,1,13,3,06,029,,4,24,091,32,6,21,309,,7,31,165,29,1*65
[ 1341.5] $GPGSV,4,2,13,8,11,105,,9,45,126,49,11,14,274,,14,63,335,,1*6D
[ 1341.5] $GPGSV,4,3,13,17,15,002,,19,00,331,,21,28,221,,22,40,335,32,1*60
[ 1341.5] $GPGSV,4,4,13,30,41,223,,1*53
[ 1341.5] $GPRMC,062000.37,V,,,,,,,090926,,,N,V*03
[ 1342.6] $GPGGA,062001.37,,,,,0,03,99.99,,M,,M,,*64
[ 1342.6] $GPGLL,,,,,062001.37,V,N*4B
[ 1342.6] $GPGSA,A,1,,,,,,,,,,,,,99.99,99.99,99.99,1*2D
[ 1342.6] $GPGSV,4,1,14,1,-10,042,29,3,06,029,,4,24,091,32,6,21,309,,1*4E
[ 1342.6] $GPGSV,4,2,14,7,31,165,29,8,11,105,,9,45,126,49,11,14,274,,1*53
[ 1342.6] $GPGSV,4,3,14,14,63,335,,17,15,002,,19,00,331,,21,28,221,,1*62
[ 1342.6] $GPGSV,4,4,14,22,40,335,32,30,41,223,,1*64
[ 1342.6] $GPRMC,062001.37,V,,,,,,,090926,,,N,V*02
[ 1343.6] $GPGGA,062002.37,,,,,0,03,99.99,,M,,M,,*67
[ 1343.6] $GPGLL,,,,,062002.37,V,N*48
[ 1343.6] $GPGSA,A,1,,,,,,,,,,,,,99.99,99.99,99.99,1*2D
[ 1343.6] $GPGSV,4,1,14,3,06,029,,4,24,091,32,6,21,309,,7,31,165,30,1*6A
[ 1343.6] $GPGSV,4,2,14,8,11,105,,9,45,126,49,11,14,274,,14,63,335,,1*6A
[ 1343.6] $GPGSV,4,3,14,15,-35,245,26,17,15,002,,19,00,331,,21,28,221,,1*4F
[ 1343.6] $GPGSV,4,4,14,22,40,335,32,30,41,223,,1*64
[ 1343.6] $GPRMC,062002.37,V,,,,,,,090926,,,N,V*01
[ 1344.2] $GPGGA,062003.37,,,,,0,03,99.99,,M,,M,,*66
[ 1344.2] $GPGLL,,,,,062003.37,V,N*49
[ 1344.2] $GPGSA,A,1,,,,,,,,,,,,,99.99,99.99,99.99,1*2D
[ 1344.2] $GPGSV,4,1,14,3,06,029,,4,24,091,32,6,21,309,,7,31,165,29,1*62
[ 1344.2] $GPGSV,4,2,14,8,11,105,,9,45,126,49,11,14,274,,14,63,335,27,1*6F
[ 1344.2] $GPGSV,4,3,14,15,-35,245,24,17,15,002,,19,00,331,,21,28,221,,1*4D
[ 1344.2] $GPGSV,4,4,14,22,40,335,32,30,41,223,,1*64
[ 1344.2] $GPRMC,062003.37,V,,,,,,,090926,,,N,V*00
[ 1345.2] $GPGGA,062004.37,,,,,0,03,99.99,,M,,M,,*61
[ 1345.2] $GPGLL,,,,,062004.37,V,N*4E
[ 1345.2] $GPGSA,A,1,,,,,,,,,,,,,99.99,99.99,99.99,1*2D
[ 1345.2] $GPGSV,4,1,14,3,06,029,,4,24,091,32,6,21,309,,7,31,165,30,1*6A
[ 1345.2] $GPGSV,4,2,14,8,11,105,,9,45,126,50,11,14,274,,14,63,335,25,1*65
[ 1345.2] $GPGSV,4,3,14,16,-20,147,30,17,15,002,,19,00,331,,21,28,221,,1*4E
[ 1345.2] $GPGSV,4,4,14,22,40,335,32,30,41,223,,1*64
[ 1345.2] $GPRMC,062004.37,V,,,,,,,090926,,,N,V*07
[ 1346.3] $GPGGA,062005.37,,,,,0,03,99.99,,M,,M,,*60
[ 1346.3] $GPGLL,,,,,062005.37,V,N*4F
[ 1346.3] $GPGSA,A,1,,,,,,,,,,,,,99.99,99.99,99.99,1*2D
[ 1346.3] $GPGSV,4,1,14,3,06,029,,4,24,091,32,6,21,309,,7,31,165,29,1*62
[ 1346.3] $GPGSV,4,2,14,8,11,105,,9,45,126,50,11,14,274,27,14,63,335,,1*67
[ 1346.3] $GPGSV,4,3,14,16,-20,147,27,17,15,002,,19,00,331,,21,28,221,,1*48
[ 1346.3] $GPGSV,4,4,14,22,40,335,32,30,41,223,,1*64
[ 1346.3] $GPRMC,062005.37,V,,,,,,,090926,,,N,V*06
[ 1347.3] $GPGGA,062006.37,,,,,0,03,99.99,,M,,M,,*63
[ 1347.3] $GPGLL,,,,,062006.37,V,N*4C
[ 1347.3] $GPGSA,A,1,,,,,,,,,,,,,99.99,99.99,99.99,1*2D
[ 1347.3] $GPGSV,4,1,14,3,06,029,,4,24,091,32,6,21,309,,7,31,165,29,1*62
[ 1347.3] $GPGSV,4,2,14,8,11,105,,9,45,126,50,11,14,274,25,14,63,335,,1*65
[ 1347.3] $GPGSV,4,3,14,16,-20,147,24,17,15,002,,19,00,331,,21,28,221,,1*4B
[ 1347.3] $GPGSV,4,4,14,22,40,335,31,30,41,223,,1*67
[ 1347.3] $GPRMC,062006.37,V,,,,,,,090926,,,N,V*05
[ 1348.3] $GPGGA,062007.37,,,,,0,03,99.99,,M,,M,,*62
[ 1348.3] $GPGLL,,,,,062007.37,V,N*4D
[ 1348.3] $GPGSA,A,1,,,,,,,,,,,,,99.99,99.99,99.99,1*2D
[ 1348.3] $GPGSV,4,1,15,3,06,029,,4,24,091,32,6,21,309,,7,31,165,29,1*63
[ 1348.3] $GPGSV,4,2,15,8,11,105,,9,45,126,50,11,14,274,,14,63,335,30,1*60
[ 1348.3] $GPGSV,4,3,15,15,-35,245,30,16,-20,147,25,17,15,002,32,19,00,331,,1*6D
[ 1348.3] $GPGSV,4,4,15,21,28,221,,22,40,335,31,30,41,223,,1*5E
[ 1348.3] $GPRMC,062007.37,V,,,,,,,090926,,,N,V*04
[ 1349.4] $GPGGA,062008.37,,,,,0,03,99.99,,M,,M,,*6D
[ 1349.4] $GPGLL,,,,,062008.37,V,N*42
[ 1349.4] $GPGSA,A,1,,,,,,,,,,,,,99.99,99.99,99.99,1*2D
[ 1349.4] $GPGSV,4,1,14,3,06,029,,4,24,091,32,6,21,309,,7,31,165,29,1*62
[ 1349.4] $GPGSV,4,2,14,8,11,105,,9,45,126,50,11,14,274,,14,63,335,,1*62
[ 1349.4] $GPGSV,4,3,14,15,-35,245,25,17,15,002,26,19,00,331,,21,28,221,,1*48
[ 1349.4] $GPGSV,4,4,14,22,40,335,31,30,41,223,26,1*63
[ 1349.4] $GPRMC,062008.37,V,,,,,,,090926,,,N,V*0B
[ 1350.4] $GPGGA,062009.37,,,,,0,03,99.99,,M,,M,,*6C
[ 1350.4] $GPGLL,,,,,062009.37,V,N*43
[ 1350.4] $GPGSA,A,1,,,,,,,,,,,,,99.99,99.99,99.99,1*2D
[ 1350.4] $GPGSV,4,1,14,3,06,029,,4,24,091,32,6,21,309,,7,31,165,29,1*62
[ 1350.4] $GPGSV,4,2,14,8,11,105,,9,45,126,50,11,14,274,,14,63,335,25,1*65
[ 1350.4] $GPGSV,4,3,14,15,-35,245,25,17,15,002,25,19,00,331,,21,28,221,,1*4B
[ 1350.4] $GPGSV,4,4,14,22,40,335,31,30,41,223,25,1*60
[ 1350.4] $GPRMC,062009.37,V,,,,,,,090926,,,N,V*0A
[ 1351.5] $GPGGA,062010.37,,,,,0,03,99.99,,M,,M,,*64
[ 1351.5] $GPGLL,,,,,062010.37,V,N*4B
[ 1351.5] $GPGSA,A,1,,,,,,,,,,,,,99.99,99.99,99.99,1*2D
[ 1351.5] $GPGSV,4,1,14,3,06,029,,4,24,091,32,6,21,309,,7,31,165,29,1*62
[ 1351.5] $GPGSV,4,2,14,8,11,105,,9,45,126,50,11,14,274,,14,63,335,24,1*64
[ 1351.5] $GPGSV,4,3,14,15,-35,245,24,17,15,002,25,19,00,331,,21,28,221,,1*4A
[ 1351.5] $GPGSV,4,4,14,22,40,335,31,30,41,223,25,1*60
[ 1351.5] $GPRMC,062010.37,V,,,,,,,090926,,,N,V*02
[ 1352.5] $GPGGA,062011.37,,,,,0,03,99.99,,M,,M,,*65
[ 1352.5] $GPGLL,,,,,062011.37,V,N*4A
[ 1352.5] $GPGSA,A,1,,,,,,,,,,,,,99.99,99.99,99.99,1*2D
[ 1352.5] $GPGSV,4,1,15,3,06,029,26,4,24,091,32,6,21,309,,7,31,165,29,1*67
[ 1352.5] $GPGSV,4,2,15,8,11,105,,9,45,126,51,11,14,274,,14,63,335,24,1*64
[ 1352.5] $GPGSV,4,3,15,16,-20,147,27,17,15,002,25,18,-36,184,28,19,00,331,,1*60
[ 1352.5] $GPGSV,4,4,15,21,28,221,,22,40,335,31,30,41,223,25,1*59
[ 1352.5] $GPRMC,062011.37,V,,,,,,,090926,,,N,V*03
[ 1353.6] $GPGGA,062012.37,,,,,0,03,99.99,,M,,M,,*66
[ 1353.6] $GPGLL,,,,,062012.37,V,N*49
[ 1353.6] $GPGSA,A,1,,,,,,,,,,,,,99.99,99.99,99.99,1*2D
[ 1353.6] $GPGSV,4,1,15,3,06,029,25,4,24,091,32,6,21,309,,7,31,165,29,1*64
[ 1353.6] $GPGSV,4,2,15,8,11,105,,9,45,126,51,11,14,274,,14,63,335,25,1*65
[ 1353.6] $GPGSV,4,3,15,16,-20,147,26,17,15,002,25,18,-36,184,26,19,00,331,,1*6F
[ 1353.6] $GPGSV,4,4,15,21,28,221,,22,40,335,31,30,41,223,,1*5E
[ 1353.6] $GPRMC,062012.37,V,,,,,,,090926,,,N,V*00
[ 1354.6] $GPGGA,062013.37,,,,,0,03,99.99,,M,,M,,*67
[ 1354.6] $GPGLL,,,,,062013.37,V,N*48
[ 1354.6] $GPGSA,A,1,,,,,,,,,,,,,99.99,99.99,99.99,1*2D
[ 1354.6] $GPGSV,4,1,14,3,06,029,25,4,24,091,32,6,21,309,,7,31,165,29,1*65
[ 1354.6] $GPGSV,4,2,14,8,11,105,,9,45,126,50,11,14,274,,14,63,335,,1*62
[ 1354.6] $GPGSV,4,3,14,16,-20,147,25,17,15,002,25,19,00,331,,21,28,221,,1*4D
[ 1354.6] $GPGSV,4,4,14,22,40,335,31,30,41,223,,1*67
[ 1354.6] $GPRMC,062013.37,V,,,,,,,090926,,,N,V*01
[ 1355.2] $GPGGA,062014.37,,,,,0,03,99.99,,M,,M,,*60
[ 1355.2] $GPGLL,,,,,062014.37,V,N*4F
[ 1355.2] $GPGSA,A,1,,,,,,,,,,,,,99.99,99.99,99.99,1*2D
[ 1355.7] $GPGSV,4,1,13,3,06,029,,4,24,091,32,6,21,309,,7,31,165,29,1*65
[ 1355.7] $GPGSV,4,2,13,8,11,105,,9,45,126,50,11,14,274,26,14,63,335,25,1*66
[ 1355.7] $GPGSV,4,3,13,17,15,002,26,19,00,331,,21,28,221,,22,40,335,31,1*67
[ 1355.7] $GPGSV,4,4,13,30,41,223,,1*53
[ 1355.7] $GPRMC,062014.37,V,,,,,,,090926,,,N,V*06
[ 1356.2] $GPGGA,062015.37,,,,,0,03,99.99,,M,,M,,*61
[ 1356.2] $GPGLL,,,,,062015.37,V,N*4E
[ 1356.2] $GPGSA,A,1,,,,,,,,,,,,,99.99,99.99,99.99,1*2D
[ 1356.2] $GPGSV,4,1,15,3,06,029,26,4,24,091,32,6,21,309,,7,31,165,29,1*67
[ 1356.2] $GPGSV,4,2,15,8,11,105,,9,45,126,50,11,14,274,25,14,63,335,24,1*62
[ 1356.2] $GPGSV,4,3,15,16,-20,147,27,17,15,002,,18,-36,184,27,19,00,331,30,1*6B
[ 1356.2] $GPGSV,4,4,15,21,28,221,,22,40,335,31,30,41,223,25,1*59
[ 1356.2] $GPRMC,062015.37,V,,,,,,,090926,,,N,V*07
[ 1357.2] $GPGGA,062016.37,,,,,0,03,99.99,,M,,M,,*62
[ 1357.2] $GPGLL,,,,,062016.37,V,N*4D
[ 1357.2] $GPGSA,A,1,,,,,,,,,,,,,99.99,99.99,99.99,1*2D
[ 1357.2] $GPGSV,4,1,16,3,06,029,,4,24,091,32,6,21,309,,7,31,165,29,1*60
[ 1357.2] $GPGSV,4,2,16,8,11,105,,9,45,126,50,11,14,274,25,14,63,335,24,1*61
[ 1357.2] $GPGSV,4,3,16,16,-20,147,25,17,15,002,,18,-36,184,28,19,00,331,,1*66
[ 1357.2] $GPGSV,4,4,16,20,-13,236,26,21,28,221,,22,40,335,31,30,41,223,,1*43
[ 1357.2] $GPRMC,062016.37,V,,,,,,,090926,,,N,V*04
[ 1358.3] $GPGGA,062017.37,,,,,0,03,99.99,,M,,M,,*63
[ 1358.3] $GPGLL,,,,,062017.37,V,N*4C
[ 1358.3] $GPGSA,A,1,,,,,,,,,,,,,99.99,99.99,99.99,1*2D
[ 1358.3] $GPGSV,4,1,14,3,06,029,,4,24,091,32,6,21,309,,7,31,165,29,1*62
[ 1358.3] $GPGSV,4,2,14,8,11,105,,9,45,126,50,11,14,274,25,14,63,335,25,1*62
[ 1358.3] $GPGSV,4,3,14,16,-20,147,25,17,15,002,,19,00,331,,21,28,221,,1*4A
[ 1358.3] $GPGSV,4,4,14,22,40,335,31,30,41,223,,1*67
[ 1358.3] $GPRMC,062017.37,V,,,,,,,090926,,,N,V*05
[ 1359.3] $GPGGA,062018.37,,,,,0,03,99.99,,M,,M,,*6C
[ 1359.3] $GPGLL,,,,,062018.37,V,N*43
[ 1359.3] $GPGSA,A,1,,,,,,,,,,,,,99.99,99.99,99.99,1*2D
[ 1359.3] $GPGSV,4,1,14,3,06,029,29,4,24,091,33,6,21,309,,7,31,165,29,1*68
[ 1359.3] $GPGSV,4,2,14,8,11,105,,9,45,126,50,11,14,274,,14,63,335,,1*62
[ 1359.3] $GPGSV,4,3,14,16,-20,147,25,17,15,002,,19,00,331,,21,28,221,,1*4A
[ 1359.3] $GPGSV,4,4,14,22,40,335,31,30,41,223,,1*67
[ 1359.3] $GPRMC,062018.37,V,,,,,,,090926,,,N,V*0A
[ 1360.4] $GPGGA,062019.37,,,,,0,03,99.99,,M,,M,,*6D
[ 1360.4] $GPGLL,,,,,062019.37,V,N*42
[ 1360.4] $GPGSA,A,1,,,,,,,,,,,,,99.99,99.99,99.99,1*2D
[ 1360.4] $GPGSV,4,1,13,3,06,029,25,4,24,091,33,6,21,309,,7,31,165,29,1*63
[ 1360.4] $GPGSV,4,2,13,8,11,105,,9,45,126,49,11,14,274,,14,63,335,26,1*69
[ 1360.4] $GPGSV,4,3,13,17,15,002,29,19,00,331,,21,28,221,,22,40,335,31,1*68
[ 1360.4] $GPGSV,4,4,13,30,41,223,29,1*58
[ 1360.4] $GPRMC,062019.37,V,,,,,,,090926,,,N,V*0B
[ 1361.4] $GPGGA,062020.37,,,,,0,03,99.99,,M,,M,,*67
[ 1361.4] $GPGLL,,,,,062020.37,V,N*48
[ 1361.4] $GPGSA,A,1,,,,,,,,,,,,,99.99,99.99,99.99,1*2D
[ 1361.4] $GPGSV,4,1,15,3,06,029,25,4,24,091,33,6,21,309,,7,31,165,29,1*65
[ 1361.4] $GPGSV,4,2,15,8,11,105,,9,45,126,49,11,14,274,,14,63,335,27,1*6E
[ 1361.4] $GPGSV,4,3,15,15,-35,245,27,17,15,002,,18,-36,184,29,19,00,331,,1*60
[ 1361.4] $GPGSV,4,4,15,21,28,221,,22,40,335,32,30,41,223,,1*5D
[ 1361.4] $GPRMC,062020.37,V,,,,,,,090926,,,N,V*01
[ 1362.5] $GPGGA,062021.37,,,,,0,03,99.99,,M,,M,,*66
[ 1362.5] $GPGLL,,,,,062021.37,V,N*49
[ 1362.5] $GPGSA,A,1,,,,,,,,,,,,,99.99,99.99,99.99,1*2D
[ 1362.5] $GPGSV,4,1,14,1,-10,042,27,3,06,029,,4,24,091,32,6,21,309,,1*40
[ 1362.5] $GPGSV,4,2,14,7,31,165,28,8,11,105,,9,45,126,49,11,14,274,,1*52
[ 1362.5] $GPGSV,4,3,14,14,63,335,,17,15,002,,19,00,331,28,21,28,221,,1*68
[ 1362.5] $GPGSV,4,4,14,22,40,335,31,30,41,223,,1*67
[ 1362.5] $GPRMC,062021.37,V,,,,,,,090926,,,N,V*00
[ 1363.5] $GPGGA,062022.37,,,,,0,03,99.99,,M,,M,,*65
[ 1363.5] $GPGLL,,,,,062022.37,V,N*4A
[ 1363.5] $GPGSA,A,1,,,,,,,,,,,,,99.99,99.99,99.99,1*2D
[ 1363.5] $GPGSV,4,1,14,1,-10,042,26,3,06,029,,4,24,091,32,6,21,309,,1*41
[ 1363.5] $GPGSV,4,2,14,7,31,165,28,8,11,105,,9,45,126,50,11,14,274,,1*5A
[ 1363.5] $GPGSV,4,3,14,14,63,335,,17,15,002,,19,00,331,,21,28,221,,1*62
[ 1363.5] $GPGSV,4,4,14,22,40,335,32,30,41,223,,1*64
[ 1363.5] $GPRMC,062022.37,V,,,,,,,090926,,,N,V*03
[ 1364.6] $GPGGA,062023.37,,,,,0,03,99.99,,M,,M,,*64
[ 1364.6] $GPGLL,,,,,062023.37,V,N*4B
[ 1364.6] $GPGSA,A,1,,,,,,,,,,,,,99.99,99.99,99.99,1*2D
[ 1364.6] $GPGSV,4,1,14,1,-10,042,25,3,06,029,,4,24,091,33,6,21,309,,1*43
[ 1364.6] $GPGSV,4,2,14,7,31,165,28,8,11,105,,9,45,126,50,11,14,274,,1*5A
[ 1364.6] $GPGSV,4,3,14,14,63,335,26,17,15,002,,19,00,331,,21,28,221,,1*66
[ 1364.6] $GPGSV,4,4,14,22,40,335,31,30,41,223,,1*67
[ 1364.6] $GPRMC,062023.37,V,,,,,,,090926,,,N,V*02
[ 1365.7] $GPGGA,062024.37,,,,,0,03,99.99,,M,,M,,*63
[ 1365.7] $GPGLL,,,,,062024.37,V,N*4C
[ 1365.7] $GPGSA,A,1,,,,,,,,,,,,,99.99,99.99,99.99,1*2D
[ 1365.7] $GPGSV,4,1,14,1,-10,042,25,3,06,029,,4,24,091,33,6,21,309,,1*43
[ 1365.7] $GPGSV,4,2,14,7,31,165,28,8,11,105,,9,45,126,50,11,14,274,,1*5A
[ 1365.7] $GPGSV,4,3,14,14,63,335,,17,15,002,,19,00,331,,21,28,221,,1*62
[ 1365.7] $GPGSV,4,4,14,22,40,335,32,30,41,223,,1*64
[ 1365.7] $GPRMC,062024.37,V,,,,,,,090926,,,N,V*05
[ 1366.2] $GPGGA,062025.37,,,,,0,03,99.99,,M,,M,,*62
[ 1366.2] $GPGLL,,,,,062025.37,V,N*4D
[ 1366.2] $GPGSA,A,1,,,,,,,,,,,,,99.99,99.99,99.99,1*2D
[ 1366.2] $GPGSV,4,1,13,3,06,029,,4,24,091,33,6,21,309,,7,31,165,28,1*65
[ 1366.2] $GPGSV,4,2,13,8,11,105,,9,45,126,49,11,14,274,,14,63,335,,1*6D
[ 1366.2] $GPGSV,4,3,13,17,15,002,,19,00,331,,21,28,221,,22,40,335,32,1*60
[ 1366.2] $GPGSV,4,4,13,30,41,223,,1*53
[ 1366.2] $GPRMC,062025.37,V,,,,,,,090926,,,N,V*04
[ 1367.2] $GPGGA,062026.37,,,,,0,03,99.99,,M,,M,,*61
[ 1367.2] $GPGLL,,,,,062026.37,V,N*4E
[ 1367.2] $GPGSA,A,1,,,,,,,,,,,,,99.99,99.99,99.99,1*2D
[ 1367.2] $GPGSV,4,1,13,3,06,029,31,4,24,091,33,6,21,309,,7,31,165,29,1*66
[ 1367.2] $GPGSV,4,2,13,8,11,105,,9,45,126,49,11,14,274,,14,63,335,28,1*67
[ 1367.2] $GPGSV,4,3,13,17,15,002,28,19,00,331,,21,28,221,,22,40,335,32,1*6A
[ 1367.2] $GPGSV,4,4,13,30,41,223,30,1*50
[ 1367.2] $GPRMC,062026.37,V,,,,,,,090926,,,N,V*07
[ 1368.3] $GPGGA,062027.37,,,,,0,03,99.99,,M,,M,,*60
[ 1368.3] $GPGLL,,,,,062027.37,V,N*4F
[ 1368.3] $GPGSA,A,1,,,,,,,,,,,,,99.99,99.99,99.99,1*2D
[ 1368.3] $GPGSV,4,1,13,3,06,029,,4,24,091,33,6,21,309,,7,31,165,29,1*64
[ 1368.3] $GPGSV,4,2,13,8,11,105,,9,45,126,49,11,14,274,,14,63,335,,1*6D
[ 1368.3] $GPGSV,4,3,13,17,15,002,,19,00,331,,21,28,221,,22,40,335,32,1*60
[ 1368.3] $GPGSV,4,4,13,30,41,223,27,1*56
[ 1368.3] $GPRMC,062027.37,V,,,,,,,090926,,,N,V*06
[ 1369.3] $GPGGA,062028.37,,,,,0,03,99.99,,M,,M,,*6F
[ 1369.3] $GPGLL,,,,,062028.37,V,N*40
[ 1369.3] $GPGSA,A,1,,,,,,,,,,,,,99.99,99.99,99.99,1*2D
[ 1369.3] $GPGSV,4,1,13,3,06,029,,4,24,091,33,6,21,309,,7,31,165,29,1*64
[ 1369.3] $GPGSV,4,2,13,8,11,105,,9,45,126,49,11,14,274,,14,63,335,25,1*6A
[ 1369.3] $GPGSV,4,3,13,17,15,002,,19,00,331,,21,28,221,,22,40,335,32,1*60
[ 1369.3] $GPGSV,4,4,13,30,41,223,25,1*54
[ 1369.3] $GPRMC,062028.37,V,,,,,,,090926,,,N,V*09
[ 1370.4] $GPGGA,062029.37,,,,,0,03,99.99,,M,,M,,*6E
[ 1370.4] $GPGLL,,,,,062029.37,V,N*41
[ 1370.4] $GPGSA,A,1,,,,,,,,,,,,,99.99,99.99,99.99,1*2D
[ 1370.4] $GPGSV,4,1,13,3,06,029,,4,24,091,33,6,21,309,,7,31,165,28,1*65
[ 1370.4] $GPGSV,4,2,13,8,11,105,,9,45,126,49,11,14,274,,14,63,335,24,1*6B
[ 1370.4] $GPGSV,4,3,13,17,15,002,,19,00,331,,21,28,221,,22,40,335,31,1*63
[ 1370.4] $GPGSV,4,4,13,30,41,223,25,1*54
[ 1370.4] $GPRMC,062029.37,V,,,,,,,090926,,,N,V*08
[ 1371.4] $GPGGA,062030.37,,,,,0,03,99.99,,M,,M,,*66
[ 1371.4] $GPGLL,,,,,062030.37,V,N*49
[ 1371.4] $GPGSA,A,1,,,,,,,,,,,,,99.99,99.99,99.99,1*2D
[ 1371.4] $GPGSV,4,1,14,3,06,029,,4,24,091,33,6,21,309,,7,31,165,28,1*62
[ 1371.4] $GPGSV,4,2,14,8,11,105,,9,45,126,50,11,14,274,,14,63,335,24,1*64
[ 1371.4] $GPGSV,4,3,14,15,-35,245,27,17,15,002,,19,00,331,,21,28,221,,1*4E
[ 1371.4] $GPGSV,4,4,14,22,40,335,31,30,41,223,20,1*65
[ 1371.4] $GPRMC,062030.37,V,,,,,,,090926,,,N,V*00
[ 1372.5] $GPGGA,062031.37,,,,,0,03,99.99,,M,,M,,*67
[ 1372.5] $GPGLL,,,,,062031.37,V,N*48
[ 1372.5] $GPGSA,A,1,,,,,,,,,,,,,99.99,99.99,99.99,1*2D
[ 1372.5] $GPGSV,4,1,16,3,06,029,,4,24,091,33,6,21,309,,7,31,165,28,1*60
[ 1372.5] $GPGSV,4,2,16,8,11,105,,9,45,126,50,11,14,274,,14,63,335,24,1*66
[ 1372.5] $GPGSV,4,3,16,15,-35,245,25,17,15,002,,18,-36,184,32,19,00,331,27,1*6E
[ 1372.5] $GPGSV,4,4,16,20,-13,236,28,21,28,221,,22,40,335,32,30,41,223,21,1*4D
[ 1372.5] $GPRMC,062031.37,V,,,,,,,090926,,,N,V*01
[ 1373.5] $GPGGA,062032.37,,,,,0,03,99.99,,M,,M,,*64
[ 1373.5] $GPGLL,,,,,062032.37,V,N*4B
[ 1373.5] $GPGSA,A,1,,,,,,,,,,,,,99.99,99.99,99.99,1*2D
[ 1373.5] $GPGSV,4,1,15,3,06,029,,4,24,091,33,6,21,309,,7,31,165,28,1*63
[ 1373.5] $GPGSV,4,2,15,8,11,105,,9,45,126,50,11,14,274,,14,63,335,,1*63
[ 1373.5] $GPGSV,4,3,15,15,-35,245,24,17,15,002,,19,00,331,,20,-13,236,27,1*6B
[ 1373.5] $GPGSV,4,4,15,21,28,221,,22,40,335,32,30,41,223,23,1*5C
[ 1373.5] $GPRMC,062032.37,V,,,,,,,090926,,,N,V*02
[ 1374.6] $GPGGA,062033.37,,,,,0,03,99.99,,M,,M,,*65
[ 1374.6] $GPGLL,,,,,062033.37,V,N*4A
[ 1374.6] $GPGSA,A,1,,,,,,,,,,,,,99.99,99.99,99.99,1*2D
[ 1374.6] $GPGSV,4,1,14,3,06,029,30,4,24,091,33,6,21,309,,7,31,165,28,1*61
[ 1374.6] $GPGSV,4,2,14,8,11,105,,9,45,126,50,11,14,274,,14,63,335,,1*62
[ 1374.6] $GPGSV,4,3,14,15,-35,245,25,17,15,002,,19,00,331,,21,28,221,,1*4C
[ 1374.6] $GPGSV,4,4,14,22,40,335,32,30,41,223,23,1*65
[ 1374.6] $GPRMC,062033.37,V,,,,,,,090926,,,N,V*03
[ 1375.6] $GPGGA,062034.37,,,,,0,03,99.99,,M,,M,,*62
[ 1375.6] $GPGLL,,,,,062034.37,V,N*4D
[ 1375.6] $GPGSA,A,1,,,,,,,,,,,,,99.99,99.99,99.99,1*2D
[ 1375.6] $GPGSV,4,1,13,3,06,029,,4,24,091,33,6,21,309,,7,31,165,28,1*65
[ 1375.6] $GPGSV,4,2,13,8,11,105,,9,45,126,49,11,14,274,,14,63,335,29,1*66
[ 1375.6] $GPGSV,4,3,13,17,15,002,,19,00,331,,21,28,221,,22,40,335,32,1*60
[ 1375.6] $GPGSV,4,4,13,30,41,223,,1*53
[ 1375.6] $GPRMC,062034.37,V,,,,,,,090926,,,N,V*04
[ 1376.7] $GPGGA,062035.37,,,,,0,03,99.99,,M,,M,,*63
[ 1376.7] $GPGLL,,,,,062035.37,V,N*4C
[ 1376.7] $GPGSA,A,1,,,,,,,,,,,,,99.99,99.99,99.99,1*2D
[ 1376.7] $GPGSV,4,1,13,3,06,029,,4,24,091,33,6,21,309,,7,31,165,28,1*65
[ 1376.7] $GPGSV,4,2,13,8,11,105,,9,45,126,49,11,14,274,,14,63,335,27,1*68
[ 1376.7] $GPGSV,4,3,13,17,15,002,,19,00,331,,21,28,221,,22,40,335,32,1*60
[ 1376.7] $GPGSV,4,4,13,30,41,223,,1*53
[ 1376.7] $GPRMC,062035.37,V,,,,,,,090926,,,N,V*05
[ 1377.2] $GPGGA,062036.37,,,,,0,03,99.99,,M,,M,,*60
[ 1377.2] $GPGLL,,,,,062036.37,V,N*4F
[ 1377.2] $GPGSA,A,1,,,,,,,,,,,,,99.99,99.99,99.99,1*2D
[ 1377.2] $GPGSV,4,1,13,3,06,029,,4,24,091,33,6,21,309,,7,31,165,28,1*65
[ 1377.2] $GPGSV,4,2,13,8,11,105,,9,45,126,50,11,14,274,,14,63,335,,1*65
[ 1377.2] $GPGSV,4,3,13,17,15,002,,19,00,331,,21,28,221,,22,40,335,31,1*63
[ 1377.2] $GPGSV,4,4,13,30,41,223,,1*53
[ 1377.2] $GPRMC,062036.37,V,,,,,,,090926,,,N,V*06
[ 1378.2] $GPGGA,062037.37,,,,,0,03,99.99,,M,,M,,*61
[ 1378.2] $GPGLL,,,,,062037.37,V,N*4E
[ 1378.2] $GPGSA,A,1,,,,,,,,,,,,,99.99,99.99,99.99,1*2D
[ 1378.2] $GPGSV,4,1,13,3,06,029,,4,24,091,33,6,21,309,,7,31,165,28,1*65
[ 1378.2] $GPGSV,4,2,13,8,11,105,,9,45,126,50,11,14,274,,14,63,335,,1*65
[ 1378.2] $GPGSV,4,3,13,17,15,002,,19,00,331,,21,28,221,,22,40,335,31,1*63
[ 1378.2] $GPGSV,4,4,13,30,41,223,,1*53
[ 1378.2] $GPRMC,062037.37,V,,,,,,,090926,,,N,V*07
[ 1379.3] $GPGGA,062038.37,,,,,0,03,99.99,,M,,M,,*6E
[ 1379.3] $GPGLL,,,,,062038.37,V,N*41
[ 1379.3] $GPGSA,A,1,,,,,,,,,,,,,99.99,99.99,99.99,1*2D
[ 1379.3] $GPGSV,4,1,13,3,06,029,,4,24,091,33,6,21,309,,7,31,165,28,1*65
[ 1379.3] $GPGSV,4,2,13,8,11,105,,9,45,126,50,11,14,274,,14,63,335,28,1*6F
[ 1379.3] $GPGSV,4,3,13,17,15,002,,19,00,331,,21,28,221,,22,40,335,31,1*63
[ 1379.3] $GPGSV,4,4,13,30,41,223,,1*53
[ 1379.3] $GPRMC,062038.37,V,,,,,,,090926,,,N,V*08
[ 1380.3] $GPGGA,062039.37,,,,,0,03,99.99,,M,,M,,*6F
[ 1380.3] $GPGLL,,,,,062039.37,V,N*40
[ 1380.3] $GPGSA,A,1,,,,,,,,,,,,,99.99,99.99,99.99,1*2D
[ 1380.3] $GPGSV,4,1,13,3,06,029,,4,24,091,33,6,21,309,,7,31,165,28,1*65
[ 1380.3] $GPGSV,4,2,13,8,11,105,,9,45,126,50,11,14,274,,14,63,335,26,1*61
[ 1380.3] $GPGSV,4,3,13,17,15,002,,19,00,331,,21,28,221,,22,40,335,31,1*63
[ 1380.3] $GPGSV,4,4,13,30,41,223,,1*53
[ 1380.3] $GPRMC,062039.37,V,,,,,,,090926,,,N,V*09
[ 1381.4] $GPGGA,062040.37,,,,,0,03,99.99,,M,,M,,*61
[ 1381.4] $GPGLL,,,,,062040.37,V,N*4E
[ 1381.4] $GPGSA,A,1,,,,,,,,,,,,,99.99,99.99,99.99,1*2D
[ 1381.4] $GPGSV,4,1,13,3,06,029,30,4,24,091,33,6,21,309,,7,31,165,28,1*66
[ 1381.4] $GPGSV,4,2,13,8,11,105,,9,45,126,50,11,14,274,,14,63,335,22,1*65
[ 1381.4] $GPGSV,4,3,13,17,15,002,29,19,00,331,,21,28,221,,22,40,335,31,1*68
[ 1381.4] $GPGSV,4,4,13,30,41,223,,1*53
[ 1381.4] $GPRMC,062040.37,V,,,,,,,090926,,,N,V*07
[ 1382.4] $GPGGA,062041.37,,,,,0,03,99.99,,M,,M,,*60
[ 1382.4] $GPGLL,,,,,062041.37,V,N*4F
[ 1382.4] $GPGSA,A,1,,,,,,,,,,,,,99.99,99.99,99.99,1*2D
[ 1382.4] $GPGSV,4,1,15,3,06,029,26,4,24,091,33,6,21,309,,7,31,165,28,1*67
[ 1382.4] $GPGSV,4,2,15,8,11,105,,9,45,126,50,11,14,274,,14,63,335,27,1*66
[ 1382.4] $GPGSV,4,3,15,16,-20,147,25,17,15,002,26,18,-36,184,27,19,00,331,,1*6E
[ 1382.4] $GPGSV,4,4,15,21,28,221,,22,40,335,31,30,41,223,,1*5E
[ 1382.4] $GPRMC,062041.37,V,,,,,,,090926,,,N,V*06
[ 1383.5] $GPGGA,062042.37,,,,,0,03,99.99,,M,,M,,*63
[ 1383.5] $GPGLL,,,,,062042.37,V,N*4C
[ 1383.5] $GPGSA,A,1,,,,,,,,,,,,,99.99,99.99,99.99,1*2D
[ 1383.5] $GPGSV,4,1,16,3,06,029,,4,24,091,34,6,21,309,,7,31,165,27,1*68
[ 1383.5] $GPGSV,4,2,16,8,11,105,,9,45,126,50,11,14,274,,14,63,335,25,1*67
[ 1383.5] $GPGSV,4,3,16,15,-35,245,29,16,-20,147,24,17,15,002,25,18,-36,184,25,1*43
[ 1383.5] $GPGSV,4,4,16,19,00,331,28,21,28,221,29,22,40,335,31,30,41,223,,1*65
[ 1383.5] $GPRMC,062042.37,V,,,,,,,090926,,,N,V*05
[ 1384.5] $GPGGA,062043.37,,,,,0,03,99.99,,M,,M,,*62
[ 1384.5] $GPGLL,,,,,062043.37,V,N*4D
[ 1384.5] $GPGSA,A,1,,,,,,,,,,,,,99.99,99.99,99.99,1*2D
[ 1384.5] $GPGSV,4,1,15,3,06,029,,4,24,091,34,6,21,309,,7,31,165,27,1*6B
[ 1384.5] $GPGSV,4,2,15,8,11,105,,9,45,126,50,11,14,274,,14,63,335,24,1*65
[ 1384.5] $GPGSV,4,3,15,16,-20,147,24,17,15,002,25,18,-36,184,25,19,00,331,26,1*6A
[ 1384.5] $GPGSV,4,4,15,21,28,221,25,22,40,335,31,30,41,223,,1*59
[ 1384.5] $GPRMC,062043.37,V,,,,,,,090926,,,N,V*04
[ 1385.6] $GPGGA,062044.37,,,,,0,03,99.99,,M,,M,,*65
[ 1385.6] $GPGLL,,,,,062044.37,V,N*4A
[ 1385.6] $GPGSA,A,1,,,,,,,,,,,,,99.99,99.99,99.99,1*2D
[ 1385.6] $GPGSV,4,1,15,3,06,029,,4,24,091,34,6,21,309,,7,31,165,26,1*6A
[ 1385.6] $GPGSV,4,2,15,8,11,105,,9,45,126,50,11,14,274,,14,63,335,25,1*64
[ 1385.6] $GPGSV,4,3,15,16,-20,147,24,17,15,002,25,18,-36,184,24,19,00,331,,1*6F
[ 1385.6] $GPGSV,4,4,15,21,28,221,25,22,40,335,31,30,41,223,,1*59
[ 1385.6] $GPRMC,062044.37,V,,,,,,,090926,,,N,V*03
[ 1386.6] $GPGGA,062045.37,,,,,0,03,99.99,,M,,M,,*64
[ 1386.6] $GPGLL,,,,,062045.37,V,N*4B
[ 1386.6] $GPGSA,A,1,,,,,,,,,,,,,99.99,99.99,99.99,1*2D
[ 1386.6] $GPGSV,4,1,13,3,06,029,,4,24,091,34,6,21,309,,7,31,165,26,1*6C
[ 1386.6] $GPGSV,4,2,13,8,11,105,,9,45,126,50,11,14,274,,14,63,335,,1*65
[ 1386.6] $GPGSV,4,3,13,17,15,002,25,19,00,331,,21,28,221,24,22,40,335,31,1*62
[ 1386.6] $GPGSV,4,4,13,30,41,223,,1*53
[ 1386.6] $GPRMC,062045.37,V,,,,,,,090926,,,N,V*02
[ 1387.1] $GPGGA,062046.37,,,,,0,03,99.99,,M,,M,,*67
[ 1387.1] $GPGLL,,,,,062046.37,V,N*48
[ 1387.7] $GPGSA,A,1,,,,,,,,,,,,,99.99,99.99,99.99,1*2D
[ 1387.7] $GPGSV,4,1,14,3,06,029,,4,24,091,34,5,-6,214,27,6,21,309,,1*74
[ 1387.7] $GPGSV,4,2,14,7,31,165,26,8,11,105,,9,45,126,50,11,14,274,,1*54
[ 1387.7] $GPGSV,4,3,14,14,63,335,,17,15,002,26,19,00,331,,21,28,221,,1*66
[ 1387.7] $GPGSV,4,4,14,22,40,335,30,30,41,223,30,1*65
[ 1387.7] $GPRMC,062046.37,V,,,,,,,090926,,,N,V*01
[ 1388.2] $GPGGA,062047.37,,,,,0,03,99.99,,M,,M,,*66
[ 1388.2] $GPGLL,,,,,062047.37,V,N*49
[ 1388.2] $GPGSA,A,1,,,,,,,,,,,,,99.99,99.99,99.99,1*2D
[ 1388.2] $GPGSV,4,1,15,3,06,029,26,4,24,091,34,5,-6,214,25,6,21,309,,1*73
[ 1388.2] $GPGSV,4,2,15,7,31,165,26,8,11,105,,9,45,126,50,11,14,274,,1*55
[ 1388.2] $GPGSV,4,3,15,14,63,335,27,16,-20,147,28,17,15,002,25,19,00,331,,1*49
[ 1388.2] $GPGSV,4,4,15,21,28,221,,22,40,335,30,30,41,223,26,1*5B
[ 1388.2] $GPRMC,062047.37,V,,,,,,,090926,,,N,V*00
[ 1388.7] $GPGGA,062047.69,,,,,0,03,99.99,,M,,M,,*6D
[ 1388.7] $GPGLL,,,,,062047.69,V,N*42
[ 1388.7] $GPGSA,A,1,,,,,,,,,,,,,99.99,99.99,99.99,1*2D
[ 1388.7] $GPGSV,4,1,15,3,06,029,26,4,24,091,34,5,-6,214,25,6,21,309,,1*73
[ 1388.7] $GPGSV,4,2,15,7,31,165,26,8,11,105,,9,45,126,50,11,14,274,,1*55
[ 1388.7] $GPGSV,4,3,15,14,63,335,27,16,-20,147,26,17,15,002,26,19,00,331,,1*44
[ 1388.7] $GPGSV,4,4,15,21,28,221,,22,40,335,30,30,41,223,26,1*5B
[ 1388.7] $GPRMC,062047.69,V,,,,,,,090926,,,N,V*0B
[ 1389.8] $GPGGA,062049.08,3001.74468,S,05112.75470,W,1,04,2.69,46.96,M,,M,,*45
[ 1389.8] $GPGLL,3001.74468,S,05112.75470,W,062049.08,A,A*6A
[ 1389.8] $GPGSA,A,3,04,07,09,22,,,,,,,,,5.48,2.69,4.77,1*15
[ 1389.8] $GPGSV,4,1,14,3,-10,026,26,4,23,075,33,5,08,217,25,6,05,316,,1*45
[ 1389.8] $GPGSV,4,2,14,7,56,164,26,8,16,095,,9,55,095,50,11,09,282,,1*56
[ 1389.8] $GPGSV,4,3,14,14,40,343,,16,-4,146,25,21,41,237,,22,19,339,30,1*7B
[ 1389.8] $GPGSV,4,4,14,27,05,126,,30,53,247,25,1*67
[ 1389.8] $GPRMC,062049.08,A,3001.74468,S,05112.75470,W,0.25,0.00,090926,,,A,V*24
[ 1389.8] [00:23:09.553,100] <inf> gnss_sample: Time to fix: 72.4 s
[ 1389.8] [00:23:09.558,868] <inf> gnss_sample: Sleeping for 120 s
