[    0.5] *** Booting nRF Connect SDK v3.4.0-99553055607b ***
[    0.5] *** Using Zephyr OS v4.4.0-bf801e4e3d19 ***
[    0.5] [00:00:00.367,034] <inf> gnss_sample: Starting GNSS sample
[    1.1] [00:00:00.629,699] <inf> gnss_sample: Connecting to LTE network
[    3.2] +CEREG: 2,"C577","0AAEEA15",7
[   19.4] +CSCON: 1
[   20.5] +CEREG: 1,"C577","0AAEEA15",7,,,"00000011","00101000"
[   20.5] [00:00:20.230,346] <inf> gnss_sampl%XTIME: "29","62909050902029","00"
[   20.5] e: Connected to LTE network
[   20.5] [00:00:20.239,990] <inf> gnss_sample: Waiting for current time
[   20.5] [00:00:20.284,179] <inf> nrf_cloud_info: Device ID: 50423451-3737-4c3b-8065-1d21c0fe162b
[   20.5] [00:00:20.293,243] <inf> nrf_cloud_info: IMEI:      359404235002384
[   20.5] [00:00:20.420,806] <inf> nrf_cloud_info: UUID:      50423451-3737-4c3b-8065-1d21c0fe162b
[   20.5] [00:00:20.429,718] <inf> nrf_cloud_info: Modem FW:  mfw_nrf91x1_2.0.4
[   20.5] [00:00:20.436,523] <inf> nrf_cloud_info: Protocol:          CoAP
[   20.5] [00:00:20.442,962] <inf> nrf_cloud_info: Download protocol: HTTPS
[   20.5] [00:00:20.449,493] <inf> nrf_cloud_info: Sec tag:           16842753
[   20.5] [00:00:20.456,298] <inf> nrf_cloud_info: CoAP JWT Sec tag:  16842753
[   20.5] [00:00:20.463,104] <inf> nrf_cloud_info: Host name:         coap.nrfcloud.com
[   21.0] [00:00:20.479,705] <inf> gnss_sample: Deleting GNSS data
[   21.0] [00:00:20.493,621] <inf> gnss_sample: Assistance data needed: data_flags: 0x3f
[   21.0] [00:00:20.501,251] <inf> gnss_sample: Assistance data needed: QZSS ephe: 0xffffffff, alm: 0xffffffff
[   21.0] [00:00:20.510,833] <inf> gnss_sample: Assistance data needed: invalid ephe: 0x3ff, alm: 0x3ff
[   23.1] [00:00:22.797,027] <inf> nrf_cloud_coap_transport: Request authorization with JWT
[   23.7] [00:00:23.345,336] <inf> nrf_cloud_coap_transport: Authorization result_code: 2.01
[   23.7] [00:00:23.353,485] <inf> nrf_cloud_coap_transport: Authorized
[   23.7] [00:00:23.359,832] <inf> nrf_cloud_coap_transport: DTLS CID is active
[   24.2] [00:00:23.987,243] <inf> gnss_sample: Requesting A-GNSS data: data_flags: 0x3f
[   24.2] [00:00:23.994,873] <inf> gnss_sample: Requesting A-GNSS data: QZSS ephe: 0xffffffff, alm: 0xffffffff
[   24.2] [00:00:24.004,425] <inf> gnss_sample: Requesting A-GNSS data: invalid ephe: 0x3ff, alm: 0x3ff
[   24.7] [00:00:24.330,200] <inf> gnss_sample: Processing A-GNSS data
[   24.7] [00:00:24.348,175] <inf> gnss_sample: A-GNSS data processed
[   24.7] [00:00:24.354,125] <inf> gnss_sample: Starting GNSS
[   43.1] +CSCON: 0
[   43.1] $GPGGA,050924.47,,,,,0,,99.99,,M,,M,,*6F
[   43.1] $GPGLL,,,,,050924.47,V,N*43
[   43.1] $GPGSA,A,1,,,,,,,,,,,,,99.99,99.99,99.99,1*2D
[   43.1] $GPGSV,1,1,0,,,,,,,,,,,,,,,,,1*54
[   43.1] $GPRMC,050924.47,V,,,,,,,090926,,,N,V*0A
[   44.1] $GPGGA,050925.46,,,,,0,,99.99,,M,,M,,*6F
[   44.1] $GPGLL,,,,,050925.46,V,N*43
[   44.1] $GPGSA,A,1,,,,,,,,,,,,,99.99,99.99,99.99,1*2D
[   44.1] $GPGSV,1,1,2,3,,,46,4,,,47,1*50
[   44.1] $GPRMC,050925.46,V,,,,,,,090926,,,N,V*0A
[   45.2] $GPGGA,050926.46,,,,,0,,99.99,,M,,M,,*6C
[   45.2] $GPGLL,,,,,050926.46,V,N*40
[   45.2] $GPGSA,A,1,,,,,,,,,,,,,99.99,99.99,99.99,1*2D
[   45.2] $GPGSV,1,1,2,3,,,43,4,,,45,1*57
[   45.2] $GPRMC,050926.46,V,,,,,,,090926,,,N,V*09
[   45.7] $GPGGA,050927.17,,,,,0,,99.99,,M,,M,,*69
[   45.7] $GPGLL,,,,,050927.17,V,N*45
[   45.7] $GPGSA,A,1,,,,,,,,,,,,,99.99,99.99,99.99,1*2D
[   45.7] $GPGSV,1,1,2,3,,,44,4,,,45,1*50
[   45.7] $GPRMC,050927.17,V,,,,,,,090926,,,N,V*0C
[   46.7] $GPGGA,050928.26,,,,,0,,99.99,,M,,M,,*64
[   46.7] $GPGLL,,,,,050928.26,V,N*48
[   46.7] $GPGSA,A,1,,,,,,,,,,,,,99.99,99.99,99.99,1*2D
[   46.7] $GPGSV,1,1,2,3,,,43,4,,,44,1*56
[   46.7] $GPRMC,050928.26,V,,,,,,,090926,,,N,V*01
[   47.8] $GPGGA,050929.30,,,,,0,,99.99,,M,,M,,*62
[   47.8] $GPGLL,,,,,050929.30,V,N*4E
[   47.8] $GPGSA,A,1,,,,,,,,,,,,,99.99,99.99,99.99,1*2D
[   47.8] $GPGSV,1,1,2,3,,,43,4,,,43,1*51
[   47.8] $GPRMC,050929.30,V,,,,,,,090926,,,N,V*07
[   48.9] $GPGGA,050930.30,,,,,0,,99.99,,M,,M,,*6A
[   48.9] $GPGLL,,,,,050930.30,V,N*46
[   48.9] $GPGSA,A,1,,,,,,,,,,,,,99.99,99.99,99.99,1*2D
[   48.9] $GPGSV,1,1,2,3,,,44,4,,,44,1*51
[   48.9] $GPRMC,050930.30,V,,,,,,,090926,,,N,V*0F
[   49.4] $GPGGA,050930.83,,,,,0,,99.99,,M,,M,,*62
[   49.4] $GPGLL,,,,,050930.83,V,N*4E
[   49.4] $GPGSA,A,1,,,,,,,,,,,,,99.99,99.99,99.99,1*2D
[   49.4] $GPGSV,1,1,3,3,,,45,4,,,44,16,,,41,1*53
[   49.4] $GPRMC,050930.83,V,,,,,,,090926,,,N,V*07
[   50.4] $GPGGA,050931.83,,,,,0,,99.99,,M,,M,,*63
[   50.4] $GPGLL,,,,,050931.83,V,N*4F
[   50.4] $GPGSA,A,1,,,,,,,,,,,,,99.99,99.99,99.99,1*2D
[   50.4] $GPGSV,1,1,3,3,,,47,4,,,46,16,,,35,1*50
[   50.4] $GPRMC,050931.83,V,,,,,,,090926,,,N,V*06
[   51.5] $GPGGA,050932.83,,,,,0,,99.99,,M,,M,,*60
[   51.5] $GPGLL,,,,,050932.83,V,N*4C
[   51.5] $GPGSA,A,1,,,,,,,,,,,,,99.99,99.99,99.99,1*2D
[   51.5] $GPGSV,1,1,3,3,,,47,4,,,46,16,,,37,1*52
[   51.5] $GPRMC,050932.83,V,,,,,,,090926,,,N,V*05
[   52.5] $GPGGA,050933.83,,,,,0,,99.99,,M,,M,,*61
[   52.5] $GPGLL,,,,,050933.83,V,N*4D
[   52.5] $GPGSA,A,1,,,,,,,,,,,,,99.99,99.99,99.99,1*2D
[   52.5] $GPGSV,1,1,3,3,,,47,4,,,46,16,,,37,1*52
[   52.5] $GPRMC,050933.83,V,,,,,,,090926,,,N,V*04
[   53.6] $GPGGA,050934.83,,,,,0,,99.99,,M,,M,,*66
[   53.6] $GPGLL,,,,,050934.83,V,N*4A
[   53.6] $GPGSA,A,1,,,,,,,,,,,,,99.99,99.99,99.99,1*2D
[   53.6] $GPGSV,1,1,3,3,,,47,4,,,46,16,,,37,1*52
[   53.6] $GPRMC,050934.83,V,,,,,,,090926,,,N,V*03
[   54.6] $GPGGA,050935.83,,,,,0,,99.99,,M,,M,,*67
[   54.6] $GPGLL,,,,,050935.83,V,N*4B
[   54.6] $GPGSA,A,1,,,,,,,,,,,,,99.99,99.99,99.99,1*2D
[   54.6] $GPGSV,1,1,3,3,,,47,4,,,46,16,,,37,1*52
[   54.6] $GPRMC,050935.83,V,,,,,,,090926,,,N,V*02
[   55.7] $GPGGA,050936.83,,,,,0,,99.99,,M,,M,,*64
[   55.7] $GPGLL,,,,,050936.83,V,N*48
[   55.7] $GPGSA,A,1,,,,,,,,,,,,,99.99,99.99,99.99,1*2D
[   55.7] $GPGSV,3,1,12,1,,,20,3,,,47,4,,,46,6,,,28,1*6C
[   55.7] $GPGSV,3,2,12,8,,,20,10,,,25,14,,,29,16,,,37,1*57
[   55.7] $GPGSV,3,3,12,18,,,23,23,,,21,25,,,20,28,,,23,1*63
[   55.7] $GPRMC,050936.83,V,,,,,,,090926,,,N,V*01
[   56.2] $GPGGA,050937.54,,,,,0,,99.99,,M,,M,,*6F
[   56.2] $GPGLL,,,,,050937.54,V,N*43
[   56.2] $GPGSA,A,1,,,,,,,,,,,,,99.99,99.99,99.99,1*2D
[   56.2] $GPGSV,3,1,12,1,,,24,3,,,40,4,,,46,6,,,28,1*6F
[   56.2] $GPGSV,3,2,12,8,,,23,10,,,25,14,,,29,16,,,32,1*51
[   56.2] $GPGSV,3,3,12,18,,,24,23,,,24,25,,,24,28,,,24,1*62
[   56.2] $GPRMC,050937.54,V,,,,,,,090926,,,N,V*0A
[   57.3] $GPGGA,050938.54,,,,,0,,99.99,,M,,M,,*60
[   57.3] $GPGLL,,,,,050938.54,V,N*4C
[   57.3] $GPGSA,A,1,,,,,,,,,,,,,99.99,99.99,99.99,1*2D
[   57.3] $GPGSV,3,1,12,1,,,24,3,,,43,4,,,45,6,,,27,1*60
[   57.3] $GPGSV,3,2,12,8,,,24,10,,,24,14,,,30,16,,,33,1*5E
[   57.3] $GPGSV,3,3,12,18,,,25,23,,,24,25,,,25,28,,,25,1*63
[   57.3] $GPRMC,050938.54,V,,,,,,,090926,,,N,V*05
[   58.3] $GPGGA,050939.54,,,,,0,,99.99,,M,,M,,*61
[   58.3] $GPGLL,,,,,050939.54,V,N*4D
[   58.3] $GPGSA,A,1,,,,,,,,,,,,,99.99,99.99,99.99,1*2D
[   58.3] $GPGSV,3,1,12,1,,,25,3,,,44,4,,,45,6,,,26,1*67
[   58.3] $GPGSV,3,2,12,8,,,25,10,,,24,14,,,31,16,,,34,1*59
[   58.3] $GPGSV,3,3,12,18,,,25,23,,,24,25,,,24,28,,,25,1*62
[   58.3] $GPRMC,050939.54,V,,,,,,,090926,,,N,V*04
[   59.4] $GPGGA,050940.54,,,,,0,,99.99,,M,,M,,*6F
[   59.4] $GPGLL,,,,,050940.54,V,N*43
[   59.4] $GPGSA,A,1,,,,,,,,,,,,,99.99,99.99,99.99,1*2D
[   59.4] $GPGSV,3,1,12,1,,,25,3,,,45,4,,,45,6,,,26,1*66
[   59.4] $GPGSV,3,2,12,8,,,25,10,,,25,14,,,32,16,,,34,1*5B
[   59.4] $GPGSV,3,3,12,18,,,25,23,,,24,25,,,25,28,,,25,1*63
[   59.4] $GPRMC,050940.54,V,,,,,,,090926,,,N,V*0A
[   60.4] $GPGGA,050941.54,,,,,0,,99.99,,M,,M,,*6E
[   60.4] $GPGLL,,,,,050941.54,V,N*42
[   60.4] $GPGSA,A,1,,,,,,,,,,,,,99.99,99.99,99.99,1*2D
[   60.4] $GPGSV,3,1,12,1,,,25,3,,,45,4,,,45,6,,,26,1*66
[   60.4] $GPGSV,3,2,12,8,,,25,10,,,25,14,,,32,16,,,35,1*5A
[   60.4] $GPGSV,3,3,12,18,,,25,23,,,25,25,,,24,28,,,25,1*63
[   60.4] $GPRMC,050941.54,V,,,,,,,090926,,,N,V*0B
[   61.0] $GPGGA,050942.54,,,,,0,,99.99,,M,,M,,*6D
[   61.0] $GPGLL,,,,,050942.54,V,N*41
[   61.0] $GPGSA,A,1,,,,,,,,,,,,,99.99,99.99,99.99,1*2D
[   61.0] $GPGSV,3,1,12,1,,,25,3,,,45,4,,,45,6,,,26,1*66
[   61.0] $GPGSV,3,2,12,8,,,25,10,,,25,14,,,32,16,,,35,1*5A
[   61.0] $GPGSV,3,3,12,18,,,25,23,,,24,25,,,24,28,,,25,1*62
[   61.0] $GPRMC,050942.54,V,,,,,,,090926,,,N,V*08
[   62.0] $GPGGA,050943.54,,,,,0,,99.99,,M,,M,,*6C
[   62.0] $GPGLL,,,,,050943.54,V,N*40
[   62.0] $GPGSA,A,1,,,,,,,,,,,,,99.99,99.99,99.99,1*2D
[   62.0] $GPGSV,3,1,12,1,,,24,3,,,45,4,,,45,6,,,26,1*67
[   62.0] $GPGSV,3,2,12,8,,,25,10,,,24,14,,,32,16,,,35,1*5B
[   62.0] $GPGSV,3,3,12,18,,,24,23,,,25,25,,,24,28,,,24,1*63
[   62.0] $GPRMC,050943.54,V,,,,,,,090926,,,N,V*09
[   63.1] $GPGGA,050944.54,,,,,0,,99.99,,M,,M,,*6B
[   63.1] $GPGLL,,,,,050944.54,V,N*47
[   63.1] $GPGSA,A,1,,,,,,,,,,,,,99.99,99.99,99.99,1*2D
[   63.1] $GPGSV,2,1,5,3,,,45,4,,,45,6,,,26,14,,,32,1*63
[   63.1] $GPGSV,2,2,5,16,,,34,1*51
[   63.1] $GPRMC,050944.54,V,,,,,,,090926,,,N,V*0E
[   64.1] $GPGGA,050945.54,,,,,0,,99.99,,M,,M,,*6A
[   64.1] $GPGLL,,,,,050945.54,V,N*46
[   64.1] $GPGSA,A,1,,,,,,,,,,,,,99.99,99.99,99.99,1*2D
[   64.1] $GPGSV,2,1,5,3,,,45,4,,,45,6,,,26,14,,,32,1*63
[   64.1] $GPGSV,2,2,5,16,,,34,1*51
[   64.1] $GPRMC,050945.54,V,,,,,,,090926,,,N,V*0F
[   65.1] $GPGGA,050946.54,,,,,0,,99.99,,M,,M,,*69
[   65.1] $GPGLL,,,,,050946.54,V,N*45
[   65.1] $GPGSA,A,1,,,,,,,,,,,,,99.99,99.99,99.99,1*2D
[   65.1] $GPGSV,2,1,5,3,,,45,4,,,45,6,,,26,14,,,32,1*63
[   65.1] $GPGSV,2,2,5,16,,,34,1*51
[   65.1] $GPRMC,050946.54,V,,,,,,,090926,,,N,V*0C
[   66.2] $GPGGA,050947.54,,,,,0,,99.99,,M,,M,,*68
[   66.2] $GPGLL,,,,,050947.54,V,N*44
[   66.2] $GPGSA,A,1,,,,,,,,,,,,,99.99,99.99,99.99,1*2D
[   66.2] $GPGSV,2,1,5,3,,,45,4,,,45,6,,,26,14,,,32,1*63
[   66.2] $GPGSV,2,2,5,16,,,34,1*51
[   66.2] $GPRMC,050947.54,V,,,,,,,090926,,,N,V*0D
[   67.2] $GPGGA,050948.54,,,,,0,,99.99,,M,,M,,*67
[   67.2] $GPGLL,,,,,050948.54,V,N*4B
[   67.2] $GPGSA,A,1,,,,,,,,,,,,,99.99,99.99,99.99,1*2D
[   67.2] $GPGSV,2,1,5,3,,,45,4,,,45,6,,,26,14,,,32,1*63
[   67.2] $GPGSV,2,2,5,16,,,35,1*50
[   67.2] $GPRMC,050948.54,V,,,,,,,090926,,,N,V*02
[   68.3] $GPGGA,050949.54,,,,,0,,99.99,,M,,M,,*66
[   68.3] $GPGLL,,,,,050949.54,V,N*4A
[   68.3] $GPGSA,A,1,,,,,,,,,,,,,99.99,99.99,99.99,1*2D
[   68.3] $GPGSV,2,1,6,3,,,45,4,,,45,6,,,26,14,,,32,1*60
[   68.3] $GPGSV,2,2,6,16,,,35,28,,,29,1*52
[   68.3] $GPRMC,050949.54,V,,,,,,,090926,,,N,V*03
[   69.3] $GPGGA,050950.54,,,,,0,,99.99,,M,,M,,*6E
[   69.3] $GPGLL,,,,,050950.54,V,N*42
[   69.3] $GPGSA,A,1,,,,,,,,,,,,,99.99,99.99,99.99,1*2D
[   69.3] $GPGSV,2,1,6,3,,,45,4,,,45,6,,,26,14,,,32,1*60
[   69.3] $GPGSV,2,2,6,16,,,35,28,,,25,1*5E
[   69.3] $GPRMC,050950.54,V,,,,,,,090926,,,N,V*0B
[   70.4] $GPGGA,050951.54,,,,,0,,99.99,,M,,M,,*6F
[   70.4] $GPGLL,,,,,050951.54,V,N*43
[   70.4] $GPGSA,A,1,,,,,,,,,,,,,99.99,99.99,99.99,1*2D
[   70.4] $GPGSV,2,1,6,3,,,45,4,,,45,6,,,26,14,,,33,1*61
[   70.4] $GPGSV,2,2,6,16,,,35,28,,,25,1*5E
[   70.4] $GPRMC,050951.54,V,,,,,,,090926,,,N,V*0A
[   70.9] $GPGGA,050952.54,,,,,0,,99.99,,M,,M,,*6C
[   70.9] $GPGLL,,,,,050952.54,V,N*40
[   70.9] $GPGSA,A,1,,,,,,,,,,,,,99.99,99.99,99.99,1*2D
[   70.9] $GPGSV,2,1,6,3,,,45,4,,,45,6,,,26,14,,,33,1*61
[   70.9] $GPGSV,2,2,6,16,,,35,28,,,25,1*5E
[   70.9] $GPRMC,050952.54,V,,,,,,,090926,,,N,V*09
[   72.0] $GPGGA,050953.54,,,,,0,,99.99,,M,,M,,*6D
[   72.0] $GPGLL,,,,,050953.54,V,N*41
[   72.0] $GPGSA,A,1,,,,,,,,,,,,,99.99,99.99,99.99,1*2D
[   72.0] $GPGSV,2,1,5,3,,,45,4,,,45,6,,,26,14,,,33,1*62
[   72.0] $GPGSV,2,2,5,16,,,35,1*50
[   72.0] $GPRMC,050953.54,V,,,,,,,090926,,,N,V*08
[   73.0] $GPGGA,050954.54,,,,,0,,99.99,,M,,M,,*6A
[   73.0] $GPGLL,,,,,050954.54,V,N*46
[   73.0] $GPGSA,A,1,,,,,,,,,,,,,99.99,99.99,99.99,1*2D
[   73.0] $GPGSV,2,1,5,3,,,45,4,,,45,6,,,26,14,,,32,1*63
[   73.0] $GPGSV,2,2,5,16,,,34,1*51
[   73.0] $GPRMC,050954.54,V,,,,,,,090926,,,N,V*0F
[   74.1] $GPGGA,050955.54,,,,,0,,99.99,,M,,M,,*6B
[   74.1] $GPGLL,,,,,050955.54,V,N*47
[   74.1] $GPGSA,A,1,,,,,,,,,,,,,99.99,99.99,99.99,1*2D
[   74.1] $GPGSV,2,1,5,3,,,45,4,,,45,6,,,26,14,,,32,1*63
[   74.1] $GPGSV,2,2,5,16,,,34,1*51
[   74.1] $GPRMC,050955.54,V,,,,,,,090926,,,N,V*0E
[   75.1] $GPGGA,050956.54,,,,,0,,99.99,,M,,M,,*68
[   75.1] $GPGLL,,,,,050956.54,V,N*44
[   75.1] $GPGSA,A,1,,,,,,,,,,,,,99.99,99.99,99.99,1*2D
[   75.1] $GPGSV,2,1,5,3,,,45,4,,,45,6,,,26,14,,,32,1*63
[   75.1] $GPGSV,2,2,5,16,,,34,1*51
[   75.1] $GPRMC,050956.54,V,,,,,,,090926,,,N,V*0D
[   76.2] $GPGGA,050957.54,,,,,0,,99.99,,M,,M,,*69
[   76.2] $GPGLL,,,,,050957.54,V,N*45
[   76.2] $GPGSA,A,1,,,,,,,,,,,,,99.99,99.99,99.99,1*2D
[   76.2] $GPGSV,2,1,5,3,,,45,4,,,45,6,,,26,14,,,32,1*63
[   76.2] $GPGSV,2,2,5,16,,,34,1*51
[   76.2] $GPRMC,050957.54,V,,,,,,,090926,,,N,V*0C
[   77.2] $GPGGA,050958.54,,,,,0,,99.99,,M,,M,,*66
[   77.2] $GPGLL,,,,,050958.54,V,N*4A
[   77.2] $GPGSA,A,1,,,,,,,,,,,,,99.99,99.99,99.99,1*2D
[   77.2] $GPGSV,2,1,5,3,,,45,4,,,45,6,,,26,14,,,32,1*63
[   77.2] $GPGSV,2,2,5,16,,,34,1*51
[   77.2] $GPRMC,050958.54,V,,,,,,,090926,,,N,V*03
[   78.3] $GPGGA,051000.10,3001.73213,S,05112.73104,W,1,04,1.30,89.71,M,,M,,*49
[   78.3] $GPGLL,3001.73213,S,05112.73104,W,051000.10,A,A*63
[   78.3] $GPGSA,A,3,03,04,06,16,,,,,,,,,4.33,1.30,4.13,1*19
[   78.3] $GPGSV,2,1,5,3,23,030,45,4,40,109,45,6,24,287,26,14,,,32,1*56
[   78.3] $GPGSV,2,2,5,16,18,134,34,1*6E
[   78.3] $GPRMC,051000.10,A,3001.73213,S,05112.73104,W,0.04,0.00,090926,,,A,V*2E
[   78.3] [00:01:17.954,254] <inf> gnss_sample: Time to fix: 53.5 s
[   78.3] [00:01:17.960,052] <inf> gnss_sample: Time GNSS was blocked by LTE: 18 s
[   78.3] [00:01:17.967,163] <inf> gnss_sample: Sleeping for 120 s
[  198.2] [00:03:17.863,250] <inf> gnss_sample: Deleting GNSS data
[  198.2] [00:03:17.881,591] <inf> gnss_sample: Assistance data needed: data_flags: 0x3f
[  198.2] [00:03:17.889,221] <inf> gnss_sample: Assistance data needed: QZSS ephe: 0xffffffff, alm: 0xffffffff
[  198.2] [00:03:17.898,773] <inf> gnss_sample: Assistance data needed: invalid ephe: 0x3ff, alm: 0x3ff
[  198.2] [00:03:17.921,844] <inf> gnss_sample: Requesting A-GNSS data: data_flags: 0x3f
[  198.2] [00:03:17.929,473] <inf> gnss_sample: Requesting A-GNSS data: QZSS ephe: 0xffffffff, alm: 0xffffffff
[  198.2] [00:03:17.939,056] <inf> gnss_sample: Requesting A-GNSS data: invalid ephe: 0x3ff, alm: 0x3ff
[  199.2] +CSCON: 1
[  199.8] [00:03:19.519,744] <inf> gnss_sample: Processing A-GNSS data
[  199.8] [00:03:19.537,261] <inf> gnss_sample: A-GNSS data processed
[  199.8] [00:03:19.543,212] <inf> gnss_sample: Starting GNSS
[  229.7] +CSCON: 0
[  229.7] $GPGGA,051231.16,,,,,0,,99.99,,M,,M,,*65
[  229.7] $GPGLL,,,,,051231.16,V,N*49
[  229.7] $GPGSA,A,1,,,,,,,,,,,,,99.99,99.99,99.99,1*2D
[  229.7] $GPGSV,1,1,0,,,,,,,,,,,,,,,,,1*54
[  229.7] $GPRMC,051231.16,V,,,,,,,090926,,,N,V*00
[  230.8] $GPGGA,051232.16,,,,,0,,99.99,,M,,M,,*66
[  230.8] $GPGLL,,,,,051232.16,V,N*4A
[  230.8] $GPGSA,A,1,,,,,,,,,,,,,99.99,99.99,99.99,1*2D
[  230.8] $GPGSV,1,1,2,3,,,46,4,,,48,1*5F
[  230.8] $GPRMC,051232.16,V,,,,,,,090926,,,N,V*03
[  231.8] $GPGGA,051233.16,,,,,0,,99.99,,M,,M,,*67
[  231.8] $GPGLL,,,,,051233.16,V,N*4B
[  231.8] $GPGSA,A,1,,,,,,,,,,,,,99.99,99.99,99.99,1*2D
[  231.8] $GPGSV,1,1,3,3,,,42,4,,,48,11,,,37,1*5E
[  231.8] $GPRMC,051233.16,V,,,,,,,090926,,,N,V*02
[  232.9] $GPGGA,051234.16,,,,,0,,99.99,,M,,M,,*60
[  232.9] $GPGLL,,,,,051234.16,V,N*4C
[  232.9] $GPGSA,A,1,,,,,,,,,,,,,99.99,99.99,99.99,1*2D
[  232.9] $GPGSV,1,1,3,3,,,42,4,,,45,11,,,32,1*56
[  232.9] $GPRMC,051234.16,V,,,,,,,090926,,,N,V*05
[  233.9] $GPGGA,051235.16,,,,,0,,99.99,,M,,M,,*61
[  233.9] $GPGLL,,,,,051235.16,V,N*4D
[  233.9] $GPGSA,A,1,,,,,,,,,,,,,99.99,99.99,99.99,1*2D
[  233.9] $GPGSV,1,1,3,3,,,42,4,,,45,11,,,32,1*56
[  233.9] $GPRMC,051235.16,V,,,,,,,090926,,,N,V*04
[  235.0] $GPGGA,051236.24,,,,,0,,99.99,,M,,M,,*63
[  235.0] $GPGLL,,,,,051236.24,V,N*4F
[  235.0] $GPGSA,A,1,,,,,,,,,,,,,99.99,99.99,99.99,1*2D
[  235.0] $GPGSV,1,1,4,3,,,42,4,,,44,11,,,32,16,,,36,1*52
[  235.0] $GPRMC,051236.24,V,,,,,,,090926,,,N,V*06
[  236.1] $GPGGA,051237.28,,,,,0,,99.99,,M,,M,,*6E
[  236.1] $GPGLL,,,,,051237.28,V,N*42
[  236.1] $GPGSA,A,1,,,,,,,,,,,,,99.99,99.99,99.99,1*2D
[  236.1] $GPGSV,1,1,4,3,,,42,4,,,45,11,,,32,16,,,30,1*55
[  236.1] $GPRMC,051237.28,V,,,,,,,090926,,,N,V*0B
[  237.1] $GPGGA,051238.28,,,,,0,,99.99,,M,,M,,*61
[  237.1] $GPGLL,,,,,051238.28,V,N*4D
[  237.1] $GPGSA,A,1,,,,,,,,,,,,,99.99,99.99,99.99,1*2D
[  237.1] $GPGSV,1,1,4,3,,,42,4,,,45,11,,,31,16,,,31,1*57
[  237.1] $GPRMC,051238.28,V,,,,,,,090926,,,N,V*04
[  238.2] $GPGGA,051239.28,,,,,0,,99.99,,M,,M,,*60
[  238.2] $GPGLL,,,,,051239.28,V,N*4C
[  238.2] $GPGSA,A,1,,,,,,,,,,,,,99.99,99.99,99.99,1*2D
[  238.2] $GPGSV,2,1,6,3,,,43,4,,,45,6,,,30,11,,,31,1*67
[  238.2] $GPGSV,2,2,6,14,,,39,16,,,32,1*5B
[  238.2] $GPRMC,051239.28,V,,,,,,,090926,,,N,V*05
[  239.2] $GPGGA,051240.28,,,,,0,,99.99,,M,,M,,*6E
[  239.2] $GPGLL,,,,,051240.28,V,N*42
[  239.2] $GPGSA,A,1,,,,,,,,,,,,,99.99,99.99,99.99,1*2D
[  239.2] $GPGSV,2,1,6,3,,,43,4,,,45,6,,,25,11,,,31,1*63
[  239.2] $GPGSV,2,2,6,14,,,39,16,,,32,1*5B
[  239.2] $GPRMC,051240.28,V,,,,,,,090926,,,N,V*0B
[  240.3] $GPGGA,051241.28,,,,,0,,99.99,,M,,M,,*6F
[  240.3] $GPGLL,,,,,051241.28,V,N*43
[  240.3] $GPGSA,A,1,,,,,,,,,,,,,99.99,99.99,99.99,1*2D
[  240.3] $GPGSV,2,1,6,3,,,43,4,,,45,6,,,24,11,,,31,1*62
[  240.3] $GPGSV,2,2,6,14,,,37,16,,,33,1*54
[  240.3] $GPRMC,051241.28,V,,,,,,,090926,,,N,V*0A
[  241.3] $GPGGA,051242.28,,,,,0,,99.99,,M,,M,,*6C
[  241.3] $GPGLL,,,,,051242.28,V,N*40
[  241.3] $GPGSA,A,1,,,,,,,,,,,,,99.99,99.99,99.99,1*2D
[  241.3] $GPGSV,2,1,6,3,,,43,4,,,45,6,,,25,11,,,31,1*63
[  241.3] $GPGSV,2,2,6,14,,,36,16,,,33,1*55
[  241.3] $GPRMC,051242.28,V,,,,,,,090926,,,N,V*09
[  241.8] $GPGGA,051243.28,,,,,0,,99.99,,M,,M,,*6D
[  241.8] $GPGLL,,,,,051243.28,V,N*41
[  241.8] $GPGSA,A,1,,,,,,,,,,,,,99.99,99.99,99.99,1*2D
[  241.8] $GPGSV,2,1,6,3,,,43,4,,,45,8,,,28,11,,,31,1*60
[  241.8] $GPGSV,2,2,6,14,,,35,16,,,32,1*57
[  241.8] $GPRMC,051243.28,V,,,,,,,090926,,,N,V*08
[  242.9] $GPGGA,051244.28,,,,,0,,99.99,,M,,M,,*6A
[  242.9] $GPGLL,,,,,051244.28,V,N*46
[  242.9] $GPGSA,A,1,,,,,,,,,,,,,99.99,99.99,99.99,1*2D
[  242.9] $GPGSV,2,1,7,3,,,43,4,,,45,8,,,25,11,,,31,1*6C
[  242.9] $GPGSV,2,2,7,14,,,35,16,,,32,28,,,27,1*59
[  242.9] $GPRMC,051244.28,V,,,,,,,090926,,,N,V*0F
[  243.9] $GPGGA,051245.28,,,,,0,,99.99,,M,,M,,*6B
[  243.9] $GPGLL,,,,,051245.28,V,N*47
[  243.9] $GPGSA,A,1,,,,,,,,,,,,,99.99,99.99,99.99,1*2D
[  243.9] $GPGSV,2,1,7,3,,,43,4,,,45,8,,,25,11,,,31,1*6C
[  243.9] $GPGSV,2,2,7,14,,,35,16,,,32,28,,,26,1*58
[  243.9] $GPRMC,051245.28,V,,,,,,,090926,,,N,V*0E
[  245.0] $GPGGA,051246.28,,,,,0,,99.99,,M,,M,,*68
[  245.0] $GPGLL,,,,,051246.28,V,N*44
[  245.0] $GPGSA,A,1,,,,,,,,,,,,,99.99,99.99,99.99,1*2D
[  245.0] $GPGSV,2,1,6,1,,,26,3,,,43,4,,,45,14,,,35,1*66
[  245.0] $GPGSV,2,2,6,16,,,32,28,,,26,1*5A
[  245.0] $GPRMC,051246.28,V,,,,,,,090926,,,N,V*0D
[  246.1] $GPGGA,051247.28,,,,,0,,99.99,,M,,M,,*69
[  246.1] $GPGLL,,,,,051247.28,V,N*45
[  246.1] $GPGSA,A,1,,,,,,,,,,,,,99.99,99.99,99.99,1*2D
[  246.1] $GPGSV,2,1,5,1,,,25,3,,,43,4,,,45,14,,,35,1*66
[  246.1] $GPGSV,2,2,5,16,,,32,1*57
[  246.1] $GPRMC,051247.28,V,,,,,,,090926,,,N,V*0C
[  247.1] $GPGGA,051248.28,,,,,0,,99.99,,M,,M,,*66
[  247.1] $GPGLL,,,,,051248.28,V,N*4A
[  247.1] $GPGSA,A,1,,,,,,,,,,,,,99.99,99.99,99.99,1*2D
[  247.1] $GPGSV,2,1,6,1,,,25,3,,,43,4,,,45,11,,,30,1*65
[  247.1] $GPGSV,2,2,6,14,,,35,16,,,32,1*57
[  247.1] $GPRMC,051248.28,V,,,,,,,090926,,,N,V*03
[  248.2] $GPGGA,051249.28,,,,,0,,99.99,,M,,M,,*67
[  248.2] $GPGLL,,,,,051249.28,V,N*4B
[  248.2] $GPGSA,A,1,,,,,,,,,,,,,99.99,99.99,99.99,1*2D
[  248.2] $GPGSV,2,1,6,1,,,24,3,,,43,4,,,45,11,,,30,1*64
[  248.2] $GPGSV,2,2,6,14,,,35,16,,,32,1*57
[  248.2] $GPRMC,051249.28,V,,,,,,,090926,,,N,V*02
[  249.2] $GPGGA,051250.28,,,,,0,,99.99,,M,,M,,*6F
[  249.2] $GPGLL,,,,,051250.28,V,N*43
[  249.2] $GPGSA,A,1,,,,,,,,,,,,,99.99,99.99,99.99,1*2D
[  249.2] $GPGSV,2,1,5,3,,,43,4,,,45,11,,,30,14,,,35,1*53
[  249.2] $GPGSV,2,2,5,16,,,32,1*57
[  249.2] $GPRMC,051250.28,V,,,,,,,090926,,,N,V*0A
[  250.3] $GPGGA,051251.28,,,,,0,,99.99,,M,,M,,*6E
[  250.3] $GPGLL,,,,,051251.28,V,N*42
[  250.3] $GPGSA,A,1,,,,,,,,,,,,,99.99,99.99,99.99,1*2D
[  250.3] $GPGSV,2,1,6,3,,,43,4,,,45,11,,,30,14,,,35,1*50
[  250.3] $GPGSV,2,2,6,16,,,32,19,,,27,1*59
[  250.3] $GPRMC,051251.28,V,,,,,,,090926,,,N,V*0B
[  251.3] $GPGGA,051252.28,,,,,0,,99.99,,M,,M,,*6D
[  251.3] $GPGLL,,,,,051252.28,V,N*41
[  251.3] $GPGSA,A,1,,,,,,,,,,,,,99.99,99.99,99.99,1*2D
[  251.3] $GPGSV,2,1,7,3,,,43,4,,,45,11,,,31,14,,,35,1*50
[  251.3] $GPGSV,2,2,7,16,,,32,19,,,25,23,,,26,1*5F
[  251.3] $GPRMC,051252.28,V,,,,,,,090926,,,N,V*08
[  251.9] $GPGGA,051253.28,,,,,0,,99.99,,M,,M,,*6C
[  251.9] $GPGLL,,,,,051253.28,V,N*40
[  251.9] $GPGSA,A,1,,,,,,,,,,,,,99.99,99.99,99.99,1*2D
[  251.9] $GPGSV,2,1,7,3,,,43,4,,,45,11,,,31,14,,,35,1*50
[  251.9] $GPGSV,2,2,7,16,,,33,19,,,25,23,,,25,1*5D
[  251.9] $GPRMC,051253.28,V,,,,,,,090926,,,N,V*09
[  252.9] $GPGGA,051254.28,,,,,0,,99.99,,M,,M,,*6B
[  252.9] $GPGLL,,,,,051254.28,V,N*47
[  252.9] $GPGSA,A,1,,,,,,,,,,,,,99.99,99.99,99.99,1*2D
[  252.9] $GPGSV,2,1,7,3,,,43,4,,,45,11,,,31,14,,,35,1*50
[  252.9] $GPGSV,2,2,7,16,,,32,19,,,24,23,,,25,1*5D
[  252.9] $GPRMC,051254.28,V,,,,,,,090926,,,N,V*0E
[  254.0] $GPGGA,051255.28,,,,,0,,99.99,,M,,M,,*6A
[  254.0] $GPGLL,,,,,051255.28,V,N*46
[  254.0] $GPGSA,A,1,,,,,,,,,,,,,99.99,99.99,99.99,1*2D
[  254.0] $GPGSV,2,1,6,3,,,43,4,,,45,11,,,31,14,,,35,1*51
[  254.0] $GPGSV,2,2,6,16,,,32,23,,,25,1*52
[  254.0] $GPRMC,051255.28,V,,,,,,,090926,,,N,V*0F
[  255.0] $GPGGA,051256.28,,,,,0,,99.99,,M,,M,,*69
[  255.0] $GPGLL,,,,,051256.28,V,N*45
[  255.0] $GPGSA,A,1,,,,,,,,,,,,,99.99,99.99,99.99,1*2D
[  255.0] $GPGSV,2,1,5,3,,,43,4,,,45,11,,,31,14,,,35,1*52
[  255.0] $GPGSV,2,2,5,16,,,32,1*57
[  255.0] $GPRMC,051256.28,V,,,,,,,090926,,,N,V*0C
[  256.1] $GPGGA,051257.28,,,,,0,,99.99,,M,,M,,*68
[  256.1] $GPGLL,,,,,051257.28,V,N*44
[  256.1] $GPGSA,A,1,,,,,,,,,,,,,99.99,99.99,99.99,1*2D
[  256.1] $GPGSV,2,1,5,3,,,43,4,,,45,11,,,31,14,,,35,1*52
[  256.1] $GPGSV,2,2,5,16,,,32,1*57
[  256.1] $GPRMC,051257.28,V,,,,,,,090926,,,N,V*0D
[  257.1] $GPGGA,051258.28,,,,,0,,99.99,,M,,M,,*67
[  257.1] $GPGLL,,,,,051258.28,V,N*4B
[  257.1] $GPGSA,A,1,,,,,,,,,,,,,99.99,99.99,99.99,1*2D
[  257.1] $GPGSV,2,1,5,3,,,43,4,,,45,11,,,31,14,,,35,1*52
[  257.1] $GPGSV,2,2,5,16,,,32,1*57
[  257.1] $GPRMC,051258.28,V,,,,,,,090926,,,N,V*02
[  258.2] $GPGGA,051259.28,,,,,0,,99.99,,M,,M,,*66
[  258.2] $GPGLL,,,,,051259.28,V,N*4A
[  258.2] $GPGSA,A,1,,,,,,,,,,,,,99.99,99.99,99.99,1*2D
[  258.2] $GPGSV,2,1,5,3,,,43,4,,,45,11,,,31,14,,,35,1*52
[  258.2] $GPGSV,2,2,5,16,,,32,1*57
[  258.2] $GPRMC,051259.28,V,,,,,,,090926,,,N,V*03
[  258.2] $GPGGA,051300.10,3001.73463,S,05112.75641,W,1,04,3.08,113.58,M,,M,,*7B
[  258.2] $GPGLL,3001.73463,S,05112.75641,W,051300.10,A,A*61
[  258.2] $GPGSA,A,3,03,04,14,16,,,,,,,,,5.59,3.08,4.66,1*1C
[  258.2] $GPGSV,2,1,5,3,21,030,43,4,39,108,45,11,,,31,14,10,344,35,1*63
[  258.2] $GPGSV,2,2,5,16,17,135,32,1*66
[  258.2] $GPRMC,051300.10,A,3001.73463,S,05112.75641,W,0.28,0.00,090926,,,A,V*22
[  258.2] [00:04:17.965,728] <inf> gnss_sample: Time to fix: 58.3 s
[  258.2] [00:04:17.971,527] <inf> gnss_sample: Time GNSS was blocked by LTE: 30 s
[  258.2] [00:04:17.978,637] <inf> gnss_sample: Sleeping for 120 s
[  378.1] [00:06:17.874,755] <inf> gnss_sample: Deleting GNSS data
[  378.1] [00:06:17.893,096] <inf> gnss_sample: Assistance data needed: data_flags: 0x3f
[  378.1] [00:06:17.900,726] <inf> gnss_sample: Assistance data needed: QZSS ephe: 0xffffffff, alm: 0xffffffff
[  378.1] [00:06:17.910,278] <inf> gnss_sample: Assistance data needed: invalid ephe: 0x3ff, alm: 0x3ff
[  378.1] [00:06:17.927,581] <inf> gnss_sample: Requesting A-GNSS data: data_flags: 0x3f
[  378.1] [00:06:17.935,211] <inf> gnss_sample: Requesting A-GNSS data: QZSS ephe: 0xffffffff, alm: 0xffffffff
[  378.1] [00:06:17.944,793] <inf> gnss_sample: Requesting A-GNSS data: invalid ephe: 0x3ff, alm: 0x3ff
[  379.1] +CSCON: 1
[  379.7] [00:06:19.185,150] <inf> gnss_sample: Processing A-GNSS data
[  379.7] [00:06:19.202,911] <inf> gnss_sample: A-GNSS data processed
[  379.7] [00:06:19.208,862] <inf> gnss_sample: Starting GNSS
[  381.8] +CSCON: 0
[  381.8] $GPGGA,051503.32,,,,,0,,99.99,,M,,M,,*65
[  381.8] $GPGLL,,,,,051503.32,V,N*49
[  381.8] $GPGSA,A,1,,,,,,,,,,,,,99.99,99.99,99.99,1*2D
[  381.8] $GPGSV,1,1,0,,,,,,,,,,,,,,,,,1*54
[  381.8] $GPRMC,051503.32,V,,,,,,,090926,,,N,V*00
[  382.3] $GPGGA,051503.82,,,,,0,,99.99,,M,,M,,*6E
[  382.3] $GPGLL,,,,,051503.82,V,N*42
[  382.3] $GPGSA,A,1,,,,,,,,,,,,,99.99,99.99,99.99,1*2D
[  382.3] $GPGSV,1,1,2,3,,,43,4,,,47,1*55
[  382.3] $GPRMC,051503.82,V,,,,,,,090926,,,N,V*0B
[  383.3] $GPGGA,051504.82,,,,,0,,99.99,,M,,M,,*69
[  383.3] $GPGLL,,,,,051504.82,V,N*45
[  383.3] $GPGSA,A,1,,,,,,,,,,,,,99.99,99.99,99.99,1*2D
[  383.3] $GPGSV,1,1,2,3,,,41,4,,,45,1*55
[  383.3] $GPRMC,051504.82,V,,,,,,,090926,,,N,V*0C
[  383.9] $GPGGA,051505.16,,,,,0,,99.99,,M,,M,,*65
[  383.9] $GPGLL,,,,,051505.16,V,N*49
[  383.9] $GPGSA,A,1,,,,,,,,,,,,,99.99,99.99,99.99,1*2D
[  383.9] $GPGSV,1,1,2,3,,,41,4,,,45,1*55
[  383.9] $GPRMC,051505.16,V,,,,,,,090926,,,N,V*00
[  384.4] $GPGGA,051506.16,,,,,0,,99.99,,M,,M,,*66
[  384.4] $GPGLL,,,,,051506.16,V,N*4A
[  384.4] $GPGSA,A,1,,,,,,,,,,,,,99.99,99.99,99.99,1*2D
[  384.4] $GPGSV,1,1,2,3,,,42,4,,,47,1*54
[  384.4] $GPRMC,051506.16,V,,,,,,,090926,,,N,V*03
[  385.5] $GPGGA,051507.16,,,,,0,,99.99,,M,,M,,*67
[  385.5] $GPGLL,,,,,051507.16,V,N*4B
[  385.5] $GPGSA,A,1,,,,,,,,,,,,,99.99,99.99,99.99,1*2D
[  385.5] $GPGSV,1,1,2,3,,,42,4,,,47,1*54
[  385.5] $GPRMC,051507.16,V,,,,,,,090926,,,N,V*02
[  386.5] $GPGGA,051508.16,,,,,0,,99.99,,M,,M,,*68
[  386.5] $GPGLL,,,,,051508.16,V,N*44
[  386.5] $GPGSA,A,1,,,,,,,,,,,,,99.99,99.99,99.99,1*2D
[  386.5] $GPGSV,1,1,2,3,,,41,4,,,46,1*56
[  386.5] $GPRMC,051508.16,V,,,,,,,090926,,,N,V*0D
[  387.6] $GPGGA,051509.16,,,,,0,,99.99,,M,,M,,*69
[  387.6] $GPGLL,,,,,051509.16,V,N*45
[  387.6] $GPGSA,A,1,,,,,,,,,,,,,99.99,99.99,99.99,1*2D
[  387.6] $GPGSV,1,1,2,3,,,40,4,,,46,1*57
[  387.6] $GPRMC,051509.16,V,,,,,,,090926,,,N,V*0C
[  388.6] $GPGGA,051510.18,,,,,0,,99.99,,M,,M,,*6F
[  388.6] $GPGLL,,,,,051510.18,V,N*43
[  388.6] $GPGSA,A,1,,,,,,,,,,,,,99.99,99.99,99.99,1*2D
[  388.6] $GPGSV,1,1,2,3,,,40,4,,,45,1*54
[  388.6] $GPRMC,051510.18,V,,,,,,,090926,,,N,V*0A
[  389.7] $GPGGA,051511.18,,,,,0,,99.99,,M,,M,,*6E
[  389.7] $GPGLL,,,,,051511.18,V,N*42
[  389.7] $GPGSA,A,1,,,,,,,,,,,,,99.99,99.99,99.99,1*2D
[  389.7] $GPGSV,1,1,2,3,,,44,4,,,47,1*52
[  389.7] $GPRMC,051511.18,V,,,,,,,090926,,,N,V*0B
[  390.7] $GPGGA,051512.18,,,,,0,,99.99,,M,,M,,*6D
[  390.7] $GPGLL,,,,,051512.18,V,N*41
[  390.7] $GPGSA,A,1,,,,,,,,,,,,,99.99,99.99,99.99,1*2D
[  390.7] $GPGSV,1,1,2,3,,,44,4,,,47,1*52
[  390.7] $GPRMC,051512.18,V,,,,,,,090926,,,N,V*08
[  391.8] $GPGGA,051513.18,,,,,0,,99.99,,M,,M,,*6C
[  391.8] $GPGLL,,,,,051513.18,V,N*40
[  391.8] $GPGSA,A,1,,,,,,,,,,,,,99.99,99.99,99.99,1*2D
[  391.8] $GPGSV,1,1,2,3,,,44,4,,,47,1*52
[  391.8] $GPRMC,051513.18,V,,,,,,,090926,,,N,V*09
[  392.8] $GPGGA,051514.18,,,,,0,,99.99,,M,,M,,*6B
[  392.8] $GPGLL,,,,,051514.18,V,N*47
[  392.8] $GPGSA,A,1,,,,,,,,,,,,,99.99,99.99,99.99,1*2D
[  392.8] $GPGSV,1,1,2,3,,,44,4,,,47,1*52
[  392.8] $GPRMC,051514.18,V,,,,,,,090926,,,N,V*0E
[  393.9] $GPGGA,051515.18,,,,,0,,99.99,,M,,M,,*6A
[  393.9] $GPGLL,,,,,051515.18,V,N*46
[  393.9] $GPGSA,A,1,,,,,,,,,,,,,99.99,99.99,99.99,1*2D
[  393.9] $GPGSV,1,1,2,3,,,44,4,,,47,1*52
[  393.9] $GPRMC,051515.18,V,,,,,,,090926,,,N,V*0F
[  394.4] $GPGGA,051516.18,,,,,0,,99.99,,M,,M,,*69
[  394.4] $GPGLL,,,,,051516.18,V,N*45
[  394.4] $GPGSA,A,1,,,,,,,,,,,,,99.99,99.99,99.99,1*2D
[  394.4] $GPGSV,3,1,12,3,,,42,4,,,47,8,,,21,11,,,29,1*57
[  394.4] $GPGSV,3,2,12,12,,,21,14,,,33,16,,,29,17,,,21,1*6A
[  394.4] $GPGSV,3,3,12,18,,,22,24,,,23,26,,,21,29,,,21,1*66
[  394.9] $GPRMC,051516.18,V,,,,,,,090926,,,N,V*0C
[  395.5] $GPGGA,051516.89,,,,,0,,99.99,,M,,M,,*61
[  395.5] $GPGLL,,,,,051516.89,V,N*4D
[  395.5] $GPGSA,A,1,,,,,,,,,,,,,99.99,99.99,99.99,1*2D
[  395.5] $GPGSV,3,1,12,3,,,38,4,,,47,8,,,24,11,,,27,1*51
[  395.5] $GPGSV,3,2,12,12,,,24,14,,,29,16,,,29,17,,,23,1*66
[  395.5] $GPGSV,3,3,12,18,,,24,24,,,24,26,,,24,29,,,24,1*67
[  395.5] $GPRMC,051516.89,V,,,,,,,090926,,,N,V*04
[  396.5] $GPGGA,051517.89,,,,,0,,99.99,,M,,M,,*60
[  396.5] $GPGLL,,,,,051517.89,V,N*4C
[  396.5] $GPGSA,A,1,,,,,,,,,,,,,99.99,99.99,99.99,1*2D
[  396.5] $GPGSV,3,1,10,3,,,38,4,,,46,11,,,27,12,,,25,1*68
[  396.5] $GPGSV,3,2,10,14,,,29,16,,,29,17,,,24,24,,,25,1*67
[  396.5] $GPGSV,3,3,10,26,,,24,29,,,24,1*6A
[  396.5] $GPRMC,051517.89,V,,,,,,,090926,,,N,V*05
[  397.6] $GPGGA,051518.89,,,,,0,,99.99,,M,,M,,*6F
[  397.6] $GPGLL,,,,,051518.89,V,N*43
[  397.6] $GPGSA,A,1,,,,,,,,,,,,,99.99,99.99,99.99,1*2D
[  397.6] $GPGSV,3,1,10,3,,,39,4,,,46,11,,,29,12,,,25,1*67
[  397.6] $GPGSV,3,2,10,14,,,31,16,,,29,17,,,25,24,,,25,1*6F
[  397.6] $GPGSV,3,3,10,26,,,25,29,,,25,1*6A
[  397.6] $GPRMC,051518.89,V,,,,,,,090926,,,N,V*0A
[  398.1] $GPGGA,051519.89,,,,,0,,99.99,,M,,M,,*6E
[  398.6] $GPGLL,,,,,051519.89,V,N*42
[  398.6] $GPGSA,A,1,,,,,,,,,,,,,99.99,99.99,99.99,1*2D
[  398.6] $GPGSV,3,1,10,3,,,39,4,,,46,11,,,29,12,,,25,1*67
[  398.6] $GPGSV,3,2,10,14,,,32,16,,,29,17,,,25,24,,,24,1*6D
[  398.6] $GPGSV,3,3,10,26,,,25,29,,,25,1*6A
[  398.6] $GPRMC,051519.89,V,,,,,,,090926,,,N,V*0B
[  399.2] $GPGGA,051520.89,,,,,0,,99.99,,M,,M,,*64
[  399.2] $GPGLL,,,,,051520.89,V,N*48
[  399.2] $GPGSA,A,1,,,,,,,,,,,,,99.99,99.99,99.99,1*2D
[  399.2] $GPGSV,3,1,10,3,,,39,4,,,46,11,,,30,12,,,25,1*6F
[  399.2] $GPGSV,3,2,10,14,,,32,16,,,29,17,,,25,24,,,24,1*6D
[  399.2] $GPGSV,3,3,10,26,,,25,29,,,25,1*6A
[  399.2] $GPRMC,051520.89,V,,,,,,,090926,,,N,V*01
[  400.2] $GPGGA,051521.89,,,,,0,,99.99,,M,,M,,*65
[  400.2] $GPGLL,,,,,051521.89,V,N*49
[  400.2] $GPGSA,A,1,,,,,,,,,,,,,99.99,99.99,99.99,1*2D
[  400.2] $GPGSV,3,1,10,3,,,39,4,,,45,11,,,30,12,,,25,1*6C
[  400.2] $GPGSV,3,2,10,14,,,32,16,,,29,17,,,24,24,,,25,1*6D
[  400.2] $GPGSV,3,3,10,26,,,25,29,,,24,1*6B
[  400.2] $GPRMC,051521.89,V,,,,,,,090926,,,N,V*00
[  401.2] $GPGGA,051522.89,,,,,0,,99.99,,M,,M,,*66
[  401.2] $GPGLL,,,,,051522.89,V,N*4A
[  401.2] $GPGSA,A,1,,,,,,,,,,,,,99.99,99.99,99.99,1*2D
[  401.2] $GPGSV,3,1,10,3,,,39,4,,,45,11,,,30,12,,,24,1*6D
[  401.2] $GPGSV,3,2,10,14,,,32,16,,,29,17,,,25,24,,,24,1*6D
[  401.2] $GPGSV,3,3,10,26,,,25,29,,,25,1*6A
[  401.2] $GPRMC,051522.89,V,,,,,,,090926,,,N,V*03
[  402.3] $GPGGA,051523.89,,,,,0,,99.99,,M,,M,,*67
[  402.3] $GPGLL,,,,,051523.89,V,N*4B
[  402.3] $GPGSA,A,1,,,,,,,,,,,,,99.99,99.99,99.99,1*2D
[  402.3] $GPGSV,2,1,5,3,,,39,4,,,46,11,,,30,14,,,33,1*5B
[  402.3] $GPGSV,2,2,5,16,,,29,1*5D
[  402.3] $GPRMC,051523.89,V,,,,,,,090926,,,N,V*02
[  403.4] $GPGGA,051524.89,,,,,0,,99.99,,M,,M,,*60
[  403.4] $GPGLL,,,,,051524.89,V,N*4C
[  403.4] $GPGSA,A,1,,,,,,,,,,,,,99.99,99.99,99.99,1*2D
[  403.4] $GPGSV,2,1,5,3,,,39,4,,,45,11,,,31,14,,,33,1*59
[  403.4] $GPGSV,2,2,5,16,,,29,1*5D
[  403.4] $GPRMC,051524.89,V,,,,,,,090926,,,N,V*05
[  404.4] $GPGGA,051525.89,,,,,0,,99.99,,M,,M,,*61
[  404.4] $GPGLL,,,,,051525.89,V,N*4D
[  404.4] $GPGSA,A,1,,,,,,,,,,,,,99.99,99.99,99.99,1*2D
[  404.4] $GPGSV,2,1,5,3,,,39,4,,,45,11,,,31,14,,,33,1*59
[  404.4] $GPGSV,2,2,5,16,,,29,1*5D
[  404.4] $GPRMC,051525.89,V,,,,,,,090926,,,N,V*04
[  405.5] $GPGGA,051526.89,,,,,0,,99.99,,M,,M,,*62
[  405.5] $GPGLL,,,,,051526.89,V,N*4E
[  405.5] $GPGSA,A,1,,,,,,,,,,,,,99.99,99.99,99.99,1*2D
[  405.5] $GPGSV,2,1,5,3,,,39,4,,,45,11,,,31,14,,,33,1*59
[  405.5] $GPGSV,2,2,5,16,,,28,1*5C
[  405.5] $GPRMC,051526.89,V,,,,,,,090926,,,N,V*07
[  406.5] $GPGGA,051527.89,,,,,0,,99.99,,M,,M,,*63
[  406.5] $GPGLL,,,,,051527.89,V,N*4F
[  406.5] $GPGSA,A,1,,,,,,,,,,,,,99.99,99.99,99.99,1*2D
[  406.5] $GPGSV,2,1,5,3,,,39,4,,,45,11,,,32,14,,,33,1*5A
[  406.5] $GPGSV,2,2,5,16,,,28,1*5C
[  406.5] $GPRMC,051527.89,V,,,,,,,090926,,,N,V*06
[  407.6] $GPGGA,051528.89,,,,,0,,99.99,,M,,M,,*6C
[  407.6] $GPGLL,,,,,051528.89,V,N*40
[  407.6] $GPGSA,A,1,,,,,,,,,,,,,99.99,99.99,99.99,1*2D
[  407.6] $GPGSV,2,1,5,3,,,39,4,,,45,11,,,32,14,,,33,1*5A
[  407.6] $GPGSV,2,2,5,16,,,28,1*5C
[  407.6] $GPRMC,051528.89,V,,,,,,,090926,,,N,V*09
[  408.1] $GPGGA,051529.89,,,,,0,,99.99,,M,,M,,*6D
[  408.1] $GPGLL,,,,,051529.89,V,N*41
[  408.6] $GPGSA,A,1,,,,,,,,,,,,,99.99,99.99,99.99,1*2D
[  408.6] $GPGSV,2,1,5,3,,,39,4,,,45,11,,,32,14,,,33,1*5A
[  408.6] $GPGSV,2,2,5,16,,,28,1*5C
[  408.6] $GPRMC,051529.89,V,,,,,,,090926,,,N,V*08
[  409.2] $GPGGA,051530.89,,,,,0,,99.99,,M,,M,,*65
[  409.2] $GPGLL,,,,,051530.89,V,N*49
[  409.2] $GPGSA,A,1,,,,,,,,,,,,,99.99,99.99,99.99,1*2D
[  409.2] $GPGSV,2,1,5,3,,,39,4,,,45,11,,,32,14,,,33,1*5A
[  409.2] $GPGSV,2,2,5,16,,,28,1*5C
[  409.2] $GPRMC,051530.89,V,,,,,,,090926,,,N,V*00
[  410.2] $GPGGA,051531.89,,,,,0,,99.99,,M,,M,,*64
[  410.2] $GPGLL,,,,,051531.89,V,N*48
[  410.2] $GPGSA,A,1,,,,,,,,,,,,,99.99,99.99,99.99,1*2D
[  410.2] $GPGSV,2,1,5,3,,,39,4,,,45,11,,,32,14,,,33,1*5A
[  410.2] $GPGSV,2,2,5,16,,,28,1*5C
[  410.2] $GPRMC,051531.89,V,,,,,,,090926,,,N,V*01
[  411.3] $GPGGA,051532.89,,,,,0,,99.99,,M,,M,,*67
[  411.3] $GPGLL,,,,,051532.89,V,N*4B
[  411.3] $GPGSA,A,1,,,,,,,,,,,,,99.99,99.99,99.99,1*2D
[  411.3] $GPGSV,2,1,6,3,,,39,4,,,45,6,,,29,11,,,32,1*61
[  411.3] $GPGSV,2,2,6,14,,,33,16,,,27,1*55
[  411.3] $GPRMC,051532.89,V,,,,,,,090926,,,N,V*02
[  412.3] $GPGGA,051533.89,,,,,0,,99.99,,M,,M,,*66
[  412.3] $GPGLL,,,,,051533.89,V,N*4A
[  412.3] $GPGSA,A,1,,,,,,,,,,,,,99.99,99.99,99.99,1*2D
[  412.3] $GPGSV,2,1,6,3,,,39,4,,,45,6,,,26,11,,,33,1*6F
[  412.3] $GPGSV,2,2,6,14,,,33,16,,,27,1*55
[  412.3] $GPRMC,051533.89,V,,,,,,,090926,,,N,V*03
[  413.4] $GPGGA,051534.89,,,,,0,,99.99,,M,,M,,*61
[  413.4] $GPGLL,,,,,051534.89,V,N*4D
[  413.4] $GPGSA,A,1,,,,,,,,,,,,,99.99,99.99,99.99,1*2D
[  413.4] $GPGSV,2,1,6,3,,,39,4,,,45,6,,,26,11,,,33,1*6F
[  413.4] $GPGSV,2,2,6,14,,,33,16,,,26,1*54
[  413.4] $GPRMC,051534.89,V,,,,,,,090926,,,N,V*04
[  414.4] $GPGGA,051535.89,,,,,0,,99.99,,M,,M,,*60
[  414.4] $GPGLL,,,,,051535.89,V,N*4C
[  414.4] $GPGSA,A,1,,,,,,,,,,,,,99.99,99.99,99.99,1*2D
[  414.4] $GPGSV,2,1,7,3,,,39,4,,,45,6,,,25,11,,,33,1*6D
[  414.4] $GPGSV,2,2,7,14,,,33,16,,,26,24,,,28,1*59
[  414.4] $GPRMC,051535.89,V,,,,,,,090926,,,N,V*05
[  415.4] $GPGGA,051536.89,,,,,0,,99.99,,M,,M,,*63
[  415.4] $GPGLL,,,,,051536.89,V,N*4F
[  415.4] $GPGSA,A,1,,,,,,,,,,,,,99.99,99.99,99.99,1*2D
[  415.4] $GPGSV,2,1,7,3,,,38,4,,,45,6,,,24,11,,,33,1*6D
[  415.4] $GPGSV,2,2,7,14,,,33,16,,,26,24,,,25,1*54
[  415.4] $GPRMC,051536.89,V,,,,,,,090926,,,N,V*06
[  416.5] $GPGGA,051537.89,,,,,0,,99.99,,M,,M,,*62
[  416.5] $GPGLL,,,,,051537.89,V,N*4E
[  416.5] $GPGSA,A,1,,,,,,,,,,,,,99.99,99.99,99.99,1*2D
[  416.5] $GPGSV,2,1,6,3,,,38,4,,,45,11,,,33,14,,,33,1*59
[  416.5] $GPGSV,2,2,6,16,,,26,24,,,25,1*50
[  416.5] $GPRMC,051537.89,V,,,,,,,090926,,,N,V*07
[  417.6] $GPGGA,051538.89,,,,,0,,99.99,,M,,M,,*6D
[  417.6] $GPGLL,,,,,051538.89,V,N*41
[  417.6] $GPGSA,A,1,,,,,,,,,,,,,99.99,99.99,99.99,1*2D
[  417.6] $GPGSV,2,1,6,3,,,38,4,,,45,11,,,33,14,,,33,1*59
[  417.6] $GPGSV,2,2,6,16,,,26,24,,,25,1*50
[  417.6] $GPRMC,051538.89,V,,,,,,,090926,,,N,V*08
[  418.6] $GPGGA,051539.89,,,,,0,,99.99,,M,,M,,*6C
[  418.6] $GPGLL,,,,,051539.89,V,N*40
[  418.6] $GPGSA,A,1,,,,,,,,,,,,,99.99,99.99,99.99,1*2D
[  418.6] $GPGSV,2,1,5,3,,,38,4,,,45,11,,,33,14,,,33,1*5A
[  418.6] $GPGSV,2,2,5,16,,,26,1*52
[  418.6] $GPRMC,051539.89,V,,,,,,,090926,,,N,V*09
[  419.1] $GPGGA,051540.89,,,,,0,,99.99,,M,,M,,*62
[  419.1] $GPGLL,,,,,051540.89,V,N*4E
[  419.1] $GPGSA,A,1,,,,,,,,,,,,,99.99,99.99,99.99,1*2D
[  419.1] $GPGSV,2,1,6,3,,,38,4,,,45,11,,,33,14,,,33,1*59
[  419.1] $GPGSV,2,2,6,16,,,26,29,,,26,1*5E
[  419.1] $GPRMC,051540.89,V,,,,,,,090926,,,N,V*07
[  420.2] $GPGGA,051541.89,,,,,0,,99.99,,M,,M,,*63
[  420.2] $GPGLL,,,,,051541.89,V,N*4F
[  420.2] $GPGSA,A,1,,,,,,,,,,,,,99.99,99.99,99.99,1*2D
[  420.2] $GPGSV,2,1,6,3,,,38,4,,,45,11,,,33,14,,,33,1*59
[  420.2] $GPGSV,2,2,6,16,,,26,29,,,25,1*5D
[  420.2] $GPRMC,051541.89,V,,,,,,,090926,,,N,V*06
[  421.3] $GPGGA,051542.89,,,,,0,,99.99,,M,,M,,*60
[  421.3] $GPGLL,,,,,051542.89,V,N*4C
[  421.3] $GPGSA,A,1,,,,,,,,,,,,,99.99,99.99,99.99,1*2D
[  421.3] $GPGSV,2,1,7,3,,,38,4,,,45,11,,,33,14,,,33,1*58
[  421.3] $GPGSV,2,2,7,16,,,26,27,,,26,29,,,24,1*5C
[  421.3] $GPRMC,051542.89,V,,,,,,,090926,,,N,V*05
[  422.3] $GPGGA,051543.89,,,,,0,,99.99,,M,,M,,*61
[  422.3] $GPGLL,,,,,051543.89,V,N*4D
[  422.3] $GPGSA,A,1,,,,,,,,,,,,,99.99,99.99,99.99,1*2D
[  422.3] $GPGSV,2,1,8,3,,,38,4,,,46,11,,,33,14,,,33,1*54
[  422.3] $GPGSV,2,2,8,16,,,26,20,,,27,27,,,25,29,,,24,1*57
[  422.3] $GPRMC,051543.89,V,,,,,,,090926,,,N,V*04
[  423.4] $GPGGA,051544.89,,,,,0,,99.99,,M,,M,,*66
[  423.4] $GPGLL,,,,,051544.89,V,N*4A
[  423.4] $GPGSA,A,1,,,,,,,,,,,,,99.99,99.99,99.99,1*2D
[  423.4] $GPGSV,2,1,7,3,,,38,4,,,46,11,,,33,14,,,33,1*5B
[  423.4] $GPGSV,2,2,7,16,,,26,20,,,25,27,,,24,1*56
[  423.4] $GPRMC,051544.89,V,,,,,,,090926,,,N,V*03
[  424.4] $GPGGA,051545.89,,,,,0,,99.99,,M,,M,,*67
[  424.4] $GPGLL,,,,,051545.89,V,N*4B
[  424.4] $GPGSA,A,1,,,,,,,,,,,,,99.99,99.99,99.99,1*2D
[  424.4] $GPGSV,2,1,8,3,,,38,4,,,46,11,,,33,14,,,33,1*54
[  424.4] $GPGSV,2,2,8,16,,,26,20,,,24,27,,,25,29,,,28,1*58
[  424.4] $GPRMC,051545.89,V,,,,,,,090926,,,N,V*02
[  425.5] $GPGGA,051546.89,,,,,0,,99.99,,M,,M,,*64
[  425.5] $GPGLL,,,,,051546.89,V,N*48
[  425.5] $GPGSA,A,1,,,,,,,,,,,,,99.99,99.99,99.99,1*2D
[  425.5] $GPGSV,3,1,9,3,,,38,4,,,46,11,,,33,14,,,33,1*54
[  425.5] $GPGSV,3,2,9,15,,,25,16,,,26,20,,,24,24,,,28,1*54
[  425.5] $GPGSV,3,3,9,29,,,25,1*51
[  425.5] $GPRMC,051546.89,V,,,,,,,090926,,,N,V*01
[  426.0] $GPGGA,051547.64,,,,,0,04,99.99,,M,,M,,*62
[  426.0] $GPGLL,,,,,051547.64,V,N*4A
[  426.0] $GPGSA,A,1,,,,,,,,,,,,,99.99,99.99,99.99,1*2D
[  426.0] $GPGSV,2,1,8,3,20,029,38,4,39,106,46,11,17,253,33,14,11,344,33,1*51
[  426.0] $GPGSV,2,2,8,15,,,24,16,,,26,24,,,25,29,,,25,1*50
[  426.0] $GPRMC,051547.64,V,,,,,,,090926,,,N,V*03
[  427.1] $GPGGA,051548.64,,,,,0,04,99.99,,M,,M,,*6D
[  427.1] $GPGLL,,,,,051548.64,V,N*45
[  427.1] $GPGSA,A,1,,,,,,,,,,,,,99.99,99.99,99.99,1*2D
[  427.1] $GPGSV,2,1,8,3,20,029,38,4,39,106,46,11,17,253,33,14,11,344,33,1*51
[  427.1] $GPGSV,2,2,8,15,,,25,16,,,27,24,,,25,29,,,25,1*50
[  427.1] $GPRMC,051548.64,V,,,,,,,090926,,,N,V*0C
[  428.1] $GPGGA,051549.64,,,,,0,04,99.99,,M,,M,,*6C
[  428.1] $GPGLL,,,,,051549.64,V,N*44
[  428.1] $GPGSA,A,1,,,,,,,,,,,,,99.99,99.99,99.99,1*2D
[  428.1] $GPGSV,2,1,8,3,20,029,38,4,39,106,46,11,17,253,34,14,11,344,33,1*56
[  428.1] $GPGSV,2,2,8,15,,,24,16,,,27,24,,,25,29,,,25,1*51
[  428.1] $GPRMC,051549.64,V,,,,,,,090926,,,N,V*0D
[  429.2] $GPGGA,051550.64,,,,,0,04,99.99,,M,,M,,*64
[  429.2] $GPGLL,,,,,051550.64,V,N*4C
[  429.2] $GPGSA,A,1,,,,,,,,,,,,,99.99,99.99,99.99,1*2D
[  429.2] $GPGSV,2,1,5,3,20,029,38,4,39,106,46,11,17,253,34,14,11,344,33,1*5B
[  429.2] $GPGSV,2,2,5,16,,,27,1*53
[  429.2] $GPRMC,051550.64,V,,,,,,,090926,,,N,V*05
[  430.2] $GPGGA,051551.64,,,,,0,04,99.99,,M,,M,,*65
[  430.2] $GPGLL,,,,,051551.64,V,N*4D
[  430.2] $GPGSA,A,1,,,,,,,,,,,,,99.99,99.99,99.99,1*2D
[  430.2] $GPGSV,2,1,6,1,,,26,3,20,029,38,4,39,106,46,11,17,253,34,1*5B
[  430.2] $GPGSV,2,2,6,14,11,344,33,16,,,27,1*66
[  430.2] $GPRMC,051551.64,V,,,,,,,090926,,,N,V*04
[  431.3] $GPGGA,051552.64,,,,,0,04,99.99,,M,,M,,*66
[  431.3] $GPGLL,,,,,051552.64,V,N*4E
[  431.3] $GPGSA,A,1,,,,,,,,,,,,,99.99,99.99,99.99,1*2D
[  431.3] $GPGSV,2,1,6,1,,,26,3,20,029,38,4,39,106,46,11,17,253,34,1*5B
[  431.3] $GPGSV,2,2,6,14,11,344,33,16,,,27,1*66
[  431.3] $GPRMC,051552.64,V,,,,,,,090926,,,N,V*07
[  432.4] $GPGGA,051553.64,,,,,0,04,99.99,,M,,M,,*67
[  432.4] $GPGLL,,,,,051553.64,V,N*4F
[  432.4] $GPGSA,A,1,,,,,,,,,,,,,99.99,99.99,99.99,1*2D
[  432.4] $GPGSV,2,1,6,1,,,25,3,20,029,38,4,39,106,46,11,17,253,34,1*58
[  432.4] $GPGSV,2,2,6,14,11,344,33,16,,,27,1*66
[  432.4] $GPRMC,051553.64,V,,,,,,,090926,,,N,V*06
[  432.9] $GPGGA,051555.10,3001.72674,S,05112.73394,W,1,05,1.11,84.26,M,,M,,*4E
[  433.4] $GPGLL,3001.72674,S,05112.73394,W,051555.10,A,A*69
[  433.4] $GPGSA,A,3,03,04,11,14,16,,,,,,,,3.94,1.11,3.77,1*16
[  433.4] $GPGSV,2,1,7,1,,,25,3,20,029,38,4,39,106,45,8,,,26,1*53
[  433.4] $GPGSV,2,2,7,11,17,253,34,14,11,344,33,16,17,135,26,1*62
[  433.4] $GPRMC,051555.10,A,3001.72674,S,05112.73394,W,0.17,0.00,090926,,,A,V*26
[  433.4] [00:07:12.975,799] <inf> gnss_sample: Time to fix: 53.7 s
[  433.4] [00:07:12.981,597] <inf> gnss_sample: Time GNSS was blocked by LTE: 2 s
[  433.4] [00:07:12.988,616] <inf> gnss_sample: Sleeping for 120 s
[  553.2] [00:09:12.884,826] <inf> gnss_sample: Deleting GNSS data
[  553.2] [00:09:12.903,167] <inf> gnss_sample: Assistance data needed: data_flags: 0x3f
[  553.2] [00:09:12.910,797] <inf> gnss_sample: Assistance data needed: QZSS ephe: 0xffffffff, alm: 0xffffffff
[  553.2] [00:09:12.920,349] <inf> gnss_sample: Assistance data needed: invalid ephe: 0x3ff, alm: 0x3ff
[  553.2] [00:09:12.943,420] <inf> gnss_sample: Requesting A-GNSS data: data_flags: 0x3f
[  553.2] [00:09:12.951,049] <inf> gnss_sample: Requesting A-GNSS data: QZSS ephe: 0xffffffff, alm: 0xffffffff
[  553.2] [00:09:12.960,632] <inf> gnss_sample: Requesting A-GNSS data: invalid ephe: 0x3ff, alm: 0x3ff
[  554.3] +CSCON: 1
[  554.8] [00:09:14.763,702] <inf> gnss_sample: Processing A-GNSS data
[  554.8] [00:09:14.781,555] <inf> gnss_sample: A-GNSS data processed
[  554.8] [00:09:14.787,506] <inf> gnss_sample: Starting GNSS
[  584.7] +CSCON: 0
[  584.7] $GPGGA,051825.76,,,,,0,,99.99,,M,,M,,*6C
[  584.7] $GPGLL,,,,,051825.76,V,N*40
[  584.7] $GPGSA,A,1,,,,,,,,,,,,,99.99,99.99,99.99,1*2D
[  584.7] $GPGSV,1,1,0,,,,,,,,,,,,,,,,,1*54
[  584.7] $GPRMC,051825.76,V,,,,,,,090926,,,N,V*09
[  585.8] $GPGGA,051826.73,,,,,0,,99.99,,M,,M,,*6A
[  585.8] $GPGLL,,,,,051826.73,V,N*46
[  585.8] $GPGSA,A,1,,,,,,,,,,,,,99.99,99.99,99.99,1*2D
[  585.8] $GPGSV,1,1,1,4,,,49,1*6C
[  585.8] $GPRMC,051826.73,V,,,,,,,090926,,,N,V*0F
[  586.8] $GPGGA,051827.77,,,,,0,,99.99,,M,,M,,*6F
[  586.8] $GPGLL,,,,,051827.77,V,N*43
[  586.8] $GPGSA,A,1,,,,,,,,,,,,,99.99,99.99,99.99,1*2D
[  586.8] $GPGSV,1,1,1,4,,,38,1*6A
[  586.8] $GPRMC,051827.77,V,,,,,,,090926,,,N,V*0A
[  587.9] $GPGGA,051828.77,,,,,0,,99.99,,M,,M,,*60
[  587.9] $GPGLL,,,,,051828.77,V,N*4C
[  587.9] $GPGSA,A,1,,,,,,,,,,,,,99.99,99.99,99.99,1*2D
[  587.9] $GPGSV,1,1,1,4,,,42,1*67
[  587.9] $GPRMC,051828.77,V,,,,,,,090926,,,N,V*05
[  588.9] $GPGGA,051829.77,,,,,0,,99.99,,M,,M,,*61
[  588.9] $GPGLL,,,,,051829.77,V,N*4D
[  588.9] $GPGSA,A,1,,,,,,,,,,,,,99.99,99.99,99.99,1*2D
[  588.9] $GPGSV,1,1,1,4,,,44,1*61
[  588.9] $GPRMC,051829.77,V,,,,,,,090926,,,N,V*04
[  590.0] $GPGGA,051830.77,,,,,0,,99.99,,M,,M,,*69
[  590.0] $GPGLL,,,,,051830.77,V,N*45
[  590.0] $GPGSA,A,1,,,,,,,,,,,,,99.99,99.99,99.99,1*2D
[  590.0] $GPGSV,1,1,1,4,,,45,1*60
[  590.0] $GPRMC,051830.77,V,,,,,,,090926,,,N,V*0C
[  591.0] $GPGGA,051831.86,,,,,0,,99.99,,M,,M,,*66
[  591.0] $GPGLL,,,,,051831.86,V,N*4A
[  591.0] $GPGSA,A,1,,,,,,,,,,,,,99.99,99.99,99.99,1*2D
[  591.0] $GPGSV,1,1,1,4,,,44,1*61
[  591.0] $GPRMC,051831.86,V,,,,,,,090926,,,N,V*03
[  592.1] $GPGGA,051832.86,,,,,0,,99.99,,M,,M,,*65
[  592.1] $GPGLL,,,,,051832.86,V,N*49
[  592.1] $GPGSA,A,1,,,,,,,,,,,,,99.99,99.99,99.99,1*2D
[  592.1] $GPGSV,1,1,2,3,,,41,4,,,45,1*55
[  592.1] $GPRMC,051832.86,V,,,,,,,090926,,,N,V*00
[  593.1] $GPGGA,051833.86,,,,,0,,99.99,,M,,M,,*64
[  593.1] $GPGLL,,,,,051833.86,V,N*48
[  593.1] $GPGSA,A,1,,,,,,,,,,,,,99.99,99.99,99.99,1*2D
[  593.1] $GPGSV,1,1,2,3,,,39,4,,,47,1*58
[  593.1] $GPRMC,051833.86,V,,,,,,,090926,,,N,V*01
[  593.7] $GPGGA,051834.86,,,,,0,,99.99,,M,,M,,*63
[  593.7] $GPGLL,,,,,051834.86,V,N*4F
[  593.7] $GPGSA,A,1,,,,,,,,,,,,,99.99,99.99,99.99,1*2D
[  593.7] $GPGSV,1,1,2,3,,,39,4,,,47,1*58
[  593.7] $GPRMC,051834.86,V,,,,,,,090926,,,N,V*06
[  594.7] $GPGGA,051835.86,,,,,0,,99.99,,M,,M,,*62
[  594.7] $GPGLL,,,,,051835.86,V,N*4E
[  594.7] $GPGSA,A,1,,,,,,,,,,,,,99.99,99.99,99.99,1*2D
[  594.7] $GPGSV,1,1,2,3,,,39,4,,,47,1*58
[  594.7] $GPRMC,051835.86,V,,,,,,,090926,,,N,V*07
[  595.8] $GPGGA,051836.86,,,,,0,,99.99,,M,,M,,*61
[  595.8] $GPGLL,,,,,051836.86,V,N*4D
[  595.8] $GPGSA,A,1,,,,,,,,,,,,,99.99,99.99,99.99,1*2D
[  595.8] $GPGSV,1,1,2,3,,,39,4,,,47,1*58
[  595.8] $GPRMC,051836.86,V,,,,,,,090926,,,N,V*04
[  596.8] $GPGGA,051837.86,,,,,0,,99.99,,M,,M,,*60
[  596.8] $GPGLL,,,,,051837.86,V,N*4C
[  596.8] $GPGSA,A,1,,,,,,,,,,,,,99.99,99.99,99.99,1*2D
[  596.8] $GPGSV,1,1,3,3,,,39,4,,,48,14,,,32,1*52
[  596.8] $GPRMC,051837.86,V,,,,,,,090926,,,N,V*05
[  597.9] $GPGGA,051838.86,,,,,0,,99.99,,M,,M,,*6F
[  597.9] $GPGLL,,,,,051838.86,V,N*43
[  597.9] $GPGSA,A,1,,,,,,,,,,,,,99.99,99.99,99.99,1*2D
[  597.9] $GPGSV,1,1,3,3,,,39,4,,,48,14,,,32,1*52
[  597.9] $GPRMC,051838.86,V,,,,,,,090926,,,N,V*0A
[  598.9] $GPGGA,051839.86,,,,,0,,99.99,,M,,M,,*6E
[  598.9] $GPGLL,,,,,051839.86,V,N*42
[  598.9] $GPGSA,A,1,,,,,,,,,,,,,99.99,99.99,99.99,1*2D
[  598.9] $GPGSV,1,1,3,3,,,39,4,,,48,14,,,32,1*52
[  598.9] $GPRMC,051839.86,V,,,,,,,090926,,,N,V*0B
[  600.0] $GPGGA,051840.86,,,,,0,,99.99,,M,,M,,*60
[  600.0] $GPGLL,,,,,051840.86,V,N*4C
[  600.0] $GPGSA,A,1,,,,,,,,,,,,,99.99,99.99,99.99,1*2D
[  600.0] $GPGSV,1,1,3,3,,,39,4,,,48,14,,,32,1*52
[  600.0] $GPRMC,051840.86,V,,,,,,,090926,,,N,V*05
[  601.0] $GPGGA,051841.86,,,,,0,,99.99,,M,,M,,*61
[  601.0] $GPGLL,,,,,051841.86,V,N*4D
[  601.0] $GPGSA,A,1,,,,,,,,,,,,,99.99,99.99,99.99,1*2D
[  601.0] $GPGSV,1,1,3,3,,,39,4,,,48,14,,,31,1*51
[  601.0] $GPRMC,051841.86,V,,,,,,,090926,,,N,V*04
[  602.1] $GPGGA,051842.86,,,,,0,,99.99,,M,,M,,*62
[  602.1] $GPGLL,,,,,051842.86,V,N*4E
[  602.1] $GPGSA,A,1,,,,,,,,,,,,,99.99,99.99,99.99,1*2D
[  602.1] $GPGSV,1,1,3,3,,,39,4,,,48,14,,,31,1*51
[  602.1] $GPRMC,051842.86,V,,,,,,,090926,,,N,V*07
[  603.1] $GPGGA,051843.86,,,,,0,,99.99,,M,,M,,*63
[  603.1] $GPGLL,,,,,051843.86,V,N*4F
[  603.1] $GPGSA,A,1,,,,,,,,,,,,,99.99,99.99,99.99,1*2D
[  603.1] $GPGSV,1,1,3,3,,,39,4,,,48,14,,,31,1*51
[  603.1] $GPRMC,051843.86,V,,,,,,,090926,,,N,V*06
[  603.6] $GPGGA,051844.86,,,,,0,,99.99,,M,,M,,*64
[  604.2] $GPGLL,,,,,051844.86,V,N*48
[  604.2] $GPGSA,A,1,,,,,,,,,,,,,99.99,99.99,99.99,1*2D
[  604.2] $GPGSV,1,1,3,3,,,39,4,,,48,14,,,31,1*51
[  604.2] $GPRMC,051844.86,V,,,,,,,090926,,,N,V*01
[  604.7] $GPGGA,051845.86,,,,,0,,99.99,,M,,M,,*65
[  604.7] $GPGLL,,,,,051845.86,V,N*49
[  604.7] $GPGSA,A,1,,,,,,,,,,,,,99.99,99.99,99.99,1*2D
[  604.7] $GPGSV,1,1,3,3,,,39,4,,,41,14,,,30,1*59
[  604.7] $GPRMC,051845.86,V,,,,,,,090926,,,N,V*00
[  605.7] $GPGGA,051846.86,,,,,0,,99.99,,M,,M,,*66
[  605.7] $GPGLL,,,,,051846.86,V,N*4A
[  605.7] $GPGSA,A,1,,,,,,,,,,,,,99.99,99.99,99.99,1*2D
[  605.7] $GPGSV,1,1,3,3,,,39,4,,,41,14,,,30,1*59
[  605.7] $GPRMC,051846.86,V,,,,,,,090926,,,N,V*03
[  606.8] $GPGGA,051847.86,,,,,0,,99.99,,M,,M,,*67
[  606.8] $GPGLL,,,,,051847.86,V,N*4B
[  606.8] $GPGSA,A,1,,,,,,,,,,,,,99.99,99.99,99.99,1*2D
[  606.8] $GPGSV,1,1,3,3,,,39,4,,,41,14,,,30,1*59
[  606.8] $GPRMC,051847.86,V,,,,,,,090926,,,N,V*02
[  607.9] $GPGGA,051848.86,,,,,0,,99.99,,M,,M,,*68
[  607.9] $GPGLL,,,,,051848.86,V,N*44
[  607.9] $GPGSA,A,1,,,,,,,,,,,,,99.99,99.99,99.99,1*2D
[  607.9] $GPGSV,1,1,3,3,,,39,4,,,41,14,,,30,1*59
[  607.9] $GPRMC,051848.86,V,,,,,,,090926,,,N,V*0D
[  608.9] $GPGGA,051849.86,,,,,0,,99.99,,M,,M,,*69
[  608.9] $GPGLL,,,,,051849.86,V,N*45
[  608.9] $GPGSA,A,1,,,,,,,,,,,,,99.99,99.99,99.99,1*2D
[  608.9] $GPGSV,1,1,3,3,,,40,4,,,42,14,,,32,1*56
[  608.9] $GPRMC,051849.86,V,,,,,,,090926,,,N,V*0C
[  610.0] $GPGGA,051850.86,,,,,0,,99.99,,M,,M,,*61
[  610.0] $GPGLL,,,,,051850.86,V,N*4D
[  610.0] $GPGSA,A,1,,,,,,,,,,,,,99.99,99.99,99.99,1*2D
[  610.0] $GPGSV,1,1,3,3,,,40,4,,,42,14,,,32,1*56
[  610.0] $GPRMC,051850.86,V,,,,,,,090926,,,N,V*04
[  611.0] $GPGGA,051851.86,,,,,0,,99.99,,M,,M,,*60
[  611.0] $GPGLL,,,,,051851.86,V,N*4C
[  611.0] $GPGSA,A,1,,,,,,,,,,,,,99.99,99.99,99.99,1*2D
[  611.0] $GPGSV,1,1,3,3,,,40,4,,,42,14,,,32,1*56
[  611.0] $GPRMC,051851.86,V,,,,,,,090926,,,N,V*05
[  612.1] $GPGGA,051852.87,,,,,0,,99.99,,M,,M,,*62
[  612.1] $GPGLL,,,,,051852.87,V,N*4E
[  612.1] $GPGSA,A,1,,,,,,,,,,,,,99.99,99.99,99.99,1*2D
[  612.1] $GPGSV,1,1,3,3,,,40,4,,,42,14,,,32,1*56
[  612.1] $GPRMC,051852.87,V,,,,,,,090926,,,N,V*07
[  613.1] $GPGGA,051853.87,,,,,0,,99.99,,M,,M,,*63
[  613.1] $GPGLL,,,,,051853.87,V,N*4F
[  613.1] $GPGSA,A,1,,,,,,,,,,,,,99.99,99.99,99.99,1*2D
[  613.1] $GPGSV,3,1,12,3,,,39,4,,,40,5,,,18,12,,,23,1*52
[  613.1] $GPGSV,3,2,12,14,,,32,19,,,19,20,,,18,21,,,22,1*6A
[  613.1] $GPGSV,3,3,12,22,,,18,24,,,18,28,,,22,29,,,18,1*69
[  613.1] $GPRMC,051853.87,V,,,,,,,090926,,,N,V*06
[  613.7] $GPGGA,051854.49,,,,,0,,99.99,,M,,M,,*66
[  613.7] $GPGLL,,,,,051854.49,V,N*4A
[  613.7] $GPGSA,A,1,,,,,,,,,,,,,99.99,99.99,99.99,1*2D
[  613.7] $GPGSV,3,1,12,3,,,35,4,,,36,5,,,23,12,,,24,1*50
[  613.7] $GPGSV,3,2,12,14,,,29,19,,,23,20,,,23,21,,,22,1*61
[  613.7] $GPGSV,3,3,12,22,,,23,24,,,23,28,,,24,29,,,23,1*67
[  613.7] $GPRMC,051854.49,V,,,,,,,090926,,,N,V*03
[  614.7] $GPGGA,051855.49,,,,,0,,99.99,,M,,M,,*67
[  614.7] $GPGLL,,,,,051855.49,V,N*4B
[  614.7] $GPGSA,A,1,,,,,,,,,,,,,99.99,99.99,99.99,1*2D
[  614.7] $GPGSV,3,1,10,3,,,36,4,,,41,5,,,24,12,,,25,1*57
[  614.7] $GPGSV,3,2,10,14,,,29,19,,,24,20,,,24,21,,,25,1*64
[  614.7] $GPGSV,3,3,10,22,,,24,24,,,25,1*62
[  614.7] $GPRMC,051855.49,V,,,,,,,090926,,,N,V*02
[  615.8] $GPGGA,051856.49,,,,,0,,99.99,,M,,M,,*64
[  615.8] $GPGLL,,,,,051856.49,V,N*48
[  615.8] $GPGSA,A,1,,,,,,,,,,,,,99.99,99.99,99.99,1*2D
[  615.8] $GPGSV,3,1,11,3,,,36,4,,,43,5,,,24,6,,,42,1*60
[  615.8] $GPGSV,3,2,11,12,,,25,14,,,30,19,,,25,20,,,24,1*6C
[  615.8] $GPGSV,3,3,11,21,,,26,22,,,25,24,,,25,1*65
[  615.8] $GPRMC,051856.49,V,,,,,,,090926,,,N,V*01
[  616.3] $GPGGA,051857.49,,,,,0,,99.99,,M,,M,,*65
[  616.3] $GPGLL,,,,,051857.49,V,N*49
[  616.3] $GPGSA,A,1,,,,,,,,,,,,,99.99,99.99,99.99,1*2D
[  616.3] $GPGSV,3,1,12,3,,,37,4,,,44,5,,,25,6,,,27,1*67
[  616.3] $GPGSV,3,2,12,11,,,41,12,,,24,14,,,30,19,,,24,1*6E
[  616.3] $GPGSV,3,3,12,20,,,25,21,,,27,22,,,25,24,,,25,1*62
[  616.3] $GPRMC,051857.49,V,,,,,,,090926,,,N,V*00
[  617.3] $GPGGA,051858.49,,,,,0,,99.99,,M,,M,,*6A
[  617.3] $GPGLL,,,,,051858.49,V,N*46
[  617.3] $GPGSA,A,1,,,,,,,,,,,,,99.99,99.99,99.99,1*2D
[  617.3] $GPGSV,3,1,12,3,,,37,4,,,44,5,,,25,6,,,25,1*65
[  617.3] $GPGSV,3,2,12,11,,,27,12,,,24,14,,,31,19,,,24,1*6F
[  617.3] $GPGSV,3,3,12,20,,,25,21,,,27,22,,,25,24,,,24,1*63
[  617.3] $GPRMC,051858.49,V,,,,,,,090926,,,N,V*0F
[  618.4] $GPGGA,051859.49,,,,,0,,99.99,,M,,M,,*6B
[  618.4] $GPGLL,,,,,051859.49,V,N*47
[  618.4] $GPGSA,A,1,,,,,,,,,,,,,99.99,99.99,99.99,1*2D
[  618.4] $GPGSV,3,1,12,3,,,37,4,,,45,5,,,25,6,,,25,1*64
[  618.4] $GPGSV,3,2,12,11,,,25,12,,,25,14,,,31,19,,,25,1*6D
[  618.4] $GPGSV,3,3,12,20,,,25,21,,,27,22,,,24,24,,,24,1*62
[  618.4] $GPRMC,051859.49,V,,,,,,,090926,,,N,V*0E
[  619.4] $GPGGA,051900.49,,,,,0,,99.99,,M,,M,,*66
[  619.4] $GPGLL,,,,,051900.49,V,N*4A
[  619.4] $GPGSA,A,1,,,,,,,,,,,,,99.99,99.99,99.99,1*2D
[  619.4] $GPGSV,3,1,11,3,,,38,4,,,45,5,,,25,11,,,24,1*5F
[  619.4] $GPGSV,3,2,11,12,,,25,14,,,31,19,,,25,20,,,24,1*6D
[  619.4] $GPGSV,3,3,11,21,,,27,22,,,24,24,,,25,1*65
[  619.4] $GPRMC,051900.49,V,,,,,,,090926,,,N,V*03
[  620.5] $GPGGA,051901.49,,,,,0,,99.99,,M,,M,,*67
[  620.5] $GPGLL,,,,,051901.49,V,N*4B
[  620.5] $GPGSA,A,1,,,,,,,,,,,,,99.99,99.99,99.99,1*2D
[  620.5] $GPGSV,1,1,4,3,,,37,4,,,45,14,,,31,21,,,28,1*5C
[  620.5] $GPRMC,051901.49,V,,,,,,,090926,,,N,V*02
[  621.5] $GPGGA,051902.49,,,,,0,,99.99,,M,,M,,*64
[  621.5] $GPGLL,,,,,051902.49,V,N*48
[  621.5] $GPGSA,A,1,,,,,,,,,,,,,99.99,99.99,99.99,1*2D
[  621.5] $GPGSV,1,1,4,3,,,37,4,,,45,14,,,31,21,,,28,1*5C
[  621.5] $GPRMC,051902.49,V,,,,,,,090926,,,N,V*01
[  622.6] $GPGGA,051903.49,,,,,0,,99.99,,M,,M,,*65
[  622.6] $GPGLL,,,,,051903.49,V,N*49
[  622.6] $GPGSA,A,1,,,,,,,,,,,,,99.99,99.99,99.99,1*2D
[  622.6] $GPGSV,1,1,4,3,,,37,4,,,45,14,,,31,21,,,28,1*5C
[  622.6] $GPRMC,051903.49,V,,,,,,,090926,,,N,V*00
[  623.6] $GPGGA,051904.49,,,,,0,,99.99,,M,,M,,*62
[  623.6] $GPGLL,,,,,051904.49,V,N*4E
[  623.6] $GPGSA,A,1,,,,,,,,,,,,,99.99,99.99,99.99,1*2D
[  623.6] $GPGSV,1,1,4,3,,,37,4,,,45,14,,,31,21,,,28,1*5C
[  623.6] $GPRMC,051904.49,V,,,,,,,090926,,,N,V*07
[  624.7] $GPGGA,051905.49,,,,,0,,99.99,,M,,M,,*63
[  624.7] $GPGLL,,,,,051905.49,V,N*4F
[  624.7] $GPGSA,A,1,,,,,,,,,,,,,99.99,99.99,99.99,1*2D
[  624.7] $GPGSV,1,1,4,3,,,37,4,,,46,14,,,31,21,,,28,1*5F
[  624.7] $GPRMC,051905.49,V,,,,,,,090926,,,N,V*06
[  625.8] $GPGGA,051906.49,,,,,0,,99.99,,M,,M,,*60
[  625.8] $GPGLL,,,,,051906.49,V,N*4C
[  625.8] $GPGSA,A,1,,,,,,,,,,,,,99.99,99.99,99.99,1*2D
[  625.8] $GPGSV,1,1,4,3,,,37,4,,,46,14,,,31,21,,,28,1*5F
[  625.8] $GPRMC,051906.49,V,,,,,,,090926,,,N,V*05
[  626.3] $GPGGA,051907.49,,,,,0,,99.99,,M,,M,,*61
[  626.3] $GPGLL,,,,,051907.49,V,N*4D
[  626.3] $GPGSA,A,1,,,,,,,,,,,,,99.99,99.99,99.99,1*2D
[  626.3] $GPGSV,1,1,4,3,,,37,4,,,45,14,,,31,21,,,28,1*5C
[  626.3] $GPRMC,051907.49,V,,,,,,,090926,,,N,V*04
[  627.3] $GPGGA,051908.49,,,,,0,,99.99,,M,,M,,*6E
[  627.3] $GPGLL,,,,,051908.49,V,N*42
[  627.3] $GPGSA,A,1,,,,,,,,,,,,,99.99,99.99,99.99,1*2D
[  627.3] $GPGSV,1,1,4,3,,,37,4,,,45,14,,,31,21,,,28,1*5C
[  627.3] $GPRMC,051908.49,V,,,,,,,090926,,,N,V*0B
[  628.4] $GPGGA,051909.49,,,,,0,,99.99,,M,,M,,*6F
[  628.4] $GPGLL,,,,,051909.49,V,N*43
[  628.4] $GPGSA,A,1,,,,,,,,,,,,,99.99,99.99,99.99,1*2D
[  628.4] $GPGSV,1,1,4,3,,,37,4,,,45,14,,,31,21,,,28,1*5C
[  628.4] $GPRMC,051909.49,V,,,,,,,090926,,,N,V*0A
[  629.4] $GPGGA,051910.49,,,,,0,,99.99,,M,,M,,*67
[  629.4] $GPGLL,,,,,051910.49,V,N*4B
[  629.4] $GPGSA,A,1,,,,,,,,,,,,,99.99,99.99,99.99,1*2D
[  629.4] $GPGSV,1,1,4,3,,,37,4,,,46,14,,,30,21,,,28,1*5E
[  629.4] $GPRMC,051910.49,V,,,,,,,090926,,,N,V*02
[  630.5] $GPGGA,051911.49,,,,,0,,99.99,,M,,M,,*66
[  630.5] $GPGLL,,,,,051911.49,V,N*4A
[  630.5] $GPGSA,A,1,,,,,,,,,,,,,99.99,99.99,99.99,1*2D
[  630.5] $GPGSV,1,1,4,3,,,38,4,,,46,14,,,31,21,,,28,1*50
[  630.5] $GPRMC,051911.49,V,,,,,,,090926,,,N,V*03
[  631.5] $GPGGA,051912.49,,,,,0,,99.99,,M,,M,,*65
[  631.5] $GPGLL,,,,,051912.49,V,N*49
[  631.5] $GPGSA,A,1,,,,,,,,,,,,,99.99,99.99,99.99,1*2D
[  631.5] $GPGSV,1,1,4,3,,,38,4,,,46,14,,,31,21,,,28,1*50
[  631.5] $GPRMC,051912.49,V,,,,,,,090926,,,N,V*00
[  632.6] $GPGGA,051913.49,,,,,0,,99.99,,M,,M,,*64
[  632.6] $GPGLL,,,,,051913.49,V,N*48
[  632.6] $GPGSA,A,1,,,,,,,,,,,,,99.99,99.99,99.99,1*2D
[  632.6] $GPGSV,1,1,4,3,,,38,4,,,46,14,,,31,21,,,28,1*50
[  632.6] $GPRMC,051913.49,V,,,,,,,090926,,,N,V*01
[  633.7] $GPGGA,051914.49,,,,,0,,99.99,,M,,M,,*63
[  633.7] $GPGLL,,,,,051914.49,V,N*4F
[  633.7] $GPGSA,A,1,,,,,,,,,,,,,99.99,99.99,99.99,1*2D
[  633.7] $GPGSV,1,1,4,3,,,38,4,,,45,14,,,31,21,,,28,1*53
[  633.7] $GPRMC,051914.49,V,,,,,,,090926,,,N,V*06
[  634.7] $GPGGA,051915.49,,,,,0,,99.99,,M,,M,,*62
[  634.7] $GPGLL,,,,,051915.49,V,N*4E
[  634.7] $GPGSA,A,1,,,,,,,,,,,,,99.99,99.99,99.99,1*2D
[  634.7] $GPGSV,1,1,4,3,,,38,4,,,45,14,,,31,21,,,28,1*53
[  634.7] $GPRMC,051915.49,V,,,,,,,090926,,,N,V*07
[  635.8] $GPGGA,051916.49,,,,,0,,99.99,,M,,M,,*61
[  635.8] $GPGLL,,,,,051916.49,V,N*4D
[  635.8] $GPGSA,A,1,,,,,,,,,,,,,99.99,99.99,99.99,1*2D
[  635.8] $GPGSV,1,1,4,3,,,38,4,,,45,14,,,31,21,,,28,1*53
[  635.8] $GPRMC,051916.49,V,,,,,,,090926,,,N,V*04
[  636.3] $GPGGA,051917.49,,,,,0,,99.99,,M,,M,,*60
[  636.3] $GPGLL,,,,,051917.49,V,N*4C
[  636.3] $GPGSA,A,1,,,,,,,,,,,,,99.99,99.99,99.99,1*2D
[  636.3] $GPGSV,1,1,4,3,,,38,4,,,45,14,,,31,21,,,28,1*53
[  636.3] $GPRMC,051917.49,V,,,,,,,090926,,,N,V*05
[  637.3] $GPGGA,051918.49,,,,,0,,99.99,,M,,M,,*6F
[  637.3] $GPGLL,,,,,051918.49,V,N*43
[  637.3] $GPGSA,A,1,,,,,,,,,,,,,99.99,99.99,99.99,1*2D
[  637.3] $GPGSV,1,1,4,3,,,38,4,,,45,14,,,31,21,,,28,1*53
[  637.3] $GPRMC,051918.49,V,,,,,,,090926,,,N,V*0A
[  638.4] $GPGGA,051919.49,,,,,0,,99.99,,M,,M,,*6E
[  638.4] $GPGLL,,,,,051919.49,V,N*42
[  638.4] $GPGSA,A,1,,,,,,,,,,,,,99.99,99.99,99.99,1*2D
[  638.4] $GPGSV,1,1,4,3,,,38,4,,,45,14,,,31,21,,,27,1*5C
[  638.4] $GPRMC,051919.49,V,,,,,,,090926,,,N,V*0B
[  639.4] $GPGGA,051920.49,,,,,0,,99.99,,M,,M,,*64
[  639.4] $GPGLL,,,,,051920.49,V,N*48
[  639.4] $GPGSA,A,1,,,,,,,,,,,,,99.99,99.99,99.99,1*2D
[  639.4] $GPGSV,2,1,5,3,,,37,4,,,45,10,,,30,14,,,31,1*55
[  639.4] $GPGSV,2,2,5,21,,,28,1*58
[  639.4] $GPRMC,051920.49,V,,,,,,,090926,,,N,V*01
[  640.5] $GPGGA,051921.49,,,,,0,,99.99,,M,,M,,*65
[  640.5] $GPGLL,,,,,051921.49,V,N*49
[  640.5] $GPGSA,A,1,,,,,,,,,,,,,99.99,99.99,99.99,1*2D
[  640.5] $GPGSV,2,1,5,3,,,37,4,,,45,10,,,25,14,,,31,1*51
[  640.5] $GPGSV,2,2,5,21,,,28,1*58
[  640.5] $GPRMC,051921.49,V,,,,,,,090926,,,N,V*00
[  641.5] $GPGGA,051922.49,,,,,0,,99.99,,M,,M,,*66
[  641.5] $GPGLL,,,,,051922.49,V,N*4A
[  641.5] $GPGSA,A,1,,,,,,,,,,,,,99.99,99.99,99.99,1*2D
[  641.5] $GPGSV,2,1,5,3,,,37,4,,,45,10,,,25,14,,,31,1*51
[  641.5] $GPGSV,2,2,5,21,,,28,1*58
[  641.5] $GPRMC,051922.49,V,,,,,,,090926,,,N,V*03
[  642.6] $GPGGA,051923.49,,,,,0,,99.99,,M,,M,,*67
[  642.6] $GPGLL,,,,,051923.49,V,N*4B
[  642.6] $GPGSA,A,1,,,,,,,,,,,,,99.99,99.99,99.99,1*2D
[  642.6] $GPGSV,2,1,5,3,,,37,4,,,45,10,,,25,14,,,31,1*51
[  642.6] $GPGSV,2,2,5,21,,,28,1*58
[  642.6] $GPRMC,051923.49,V,,,,,,,090926,,,N,V*02
[  643.6] $GPGGA,051924.49,,,,,0,,99.99,,M,,M,,*60
[  643.6] $GPGLL,,,,,051924.49,V,N*4C
[  643.6] $GPGSA,A,1,,,,,,,,,,,,,99.99,99.99,99.99,1*2D
[  643.6] $GPGSV,1,1,4,3,,,37,4,,,45,14,,,31,21,,,27,1*53
[  643.6] $GPRMC,051924.49,V,,,,,,,090926,,,N,V*05
[  644.7] $GPGGA,051925.49,,,,,0,,99.99,,M,,M,,*61
[  644.7] $GPGLL,,,,,051925.49,V,N*4D
[  644.7] $GPGSA,A,1,,,,,,,,,,,,,99.99,99.99,99.99,1*2D
[  644.7] $GPGSV,1,1,4,3,,,37,4,,,45,14,,,31,21,,,27,1*53
[  644.7] $GPRMC,051925.49,V,,,,,,,090926,,,N,V*04
[  645.7] $GPGGA,051926.49,,,,,0,,99.99,,M,,M,,*62
[  645.7] $GPGLL,,,,,051926.49,V,N*4E
[  645.7] $GPGSA,A,1,,,,,,,,,,,,,99.99,99.99,99.99,1*2D
[  645.7] $GPGSV,1,1,4,3,,,37,4,,,45,14,,,31,21,,,28,1*5C
[  645.7] $GPRMC,051926.49,V,,,,,,,090926,,,N,V*07
[  646.3] $GPGGA,051927.49,,,,,0,,99.99,,M,,M,,*63
[  646.3] $GPGLL,,,,,051927.49,V,N*4F
[  646.3] $GPGSA,A,1,,,,,,,,,,,,,99.99,99.99,99.99,1*2D
[  646.3] $GPGSV,2,1,5,3,,,37,4,,,45,14,,,31,18,,,29,1*55
[  646.8] $GPGSV,2,2,5,21,,,28,1*58
[  646.8] $GPRMC,051927.49,V,,,,,,,090926,,,N,V*06
[  647.3] $GPGGA,051928.49,,,,,0,,99.99,,M,,M,,*6C
[  647.3] $GPGLL,,,,,051928.49,V,N*40
[  647.3] $GPGSA,A,1,,,,,,,,,,,,,99.99,99.99,99.99,1*2D
[  647.3] $GPGSV,2,1,5,3,,,37,4,,,45,14,,,31,18,,,25,1*59
[  647.3] $GPGSV,2,2,5,21,,,28,1*58
[  647.3] $GPRMC,051928.49,V,,,,,,,090926,,,N,V*09
[  648.4] $GPGGA,051929.06,,,,,0,04,99.99,,M,,M,,*62
[  648.4] $GPGLL,,,,,051929.06,V,N*4A
[  648.4] $GPGSA,A,1,,,,,,,,,,,,,99.99,99.99,99.99,1*2D
[  648.4] $GPGSV,2,1,5,3,,,36,4,,,45,14,,,31,18,,,25,1*58
[  648.4] $GPGSV,2,2,5,21,,,28,1*58
[  648.4] $GPRMC,051929.06,V,,,,,,,090926,,,N,V*03
[  648.9] $GPGGA,051931.10,3001.72077,S,05112.76458,W,1,04,4.25,213.07,M,,M,,*7B
[  648.9] $GPGLL,3001.72077,S,05112.76458,W,051931.10,A,A*60
[  648.9] $GPGSA,A,3,03,04,14,21,,,,,,,,,15.21,4.25,14.60,1*19
[  649.4] $GPGSV,2,1,5,3,,,36,4,,,45,14,,,32,18,,,25,1*5B
[  649.4] $GPGSV,2,2,5,21,,,28,1*58
[  649.4] $GPRMC,051931.10,A,3001.72077,S,05112.76458,W,0.74,0.00,090926,,,A,V*2A
[  649.4] [00:10:48.980,072] <inf> gnss_sample: Time to fix: 94.1 s
[  649.4] [00:10:48.985,870] <inf> gnss_sample: Time GNSS was blocked by LTE: 29 s
[  649.4] [00:10:48.992,980] <inf> gnss_sample: Sleeping for 120 s
[  769.1] [00:12:48.889,099] <inf> gnss_sample: Deleting GNSS data
[  769.1] [00:12:48.907,440] <inf> gnss_sample: Assistance data needed: data_flags: 0x3f
[  769.1] [00:12:48.915,069] <inf> gnss_sample: Assistance data needed: QZSS ephe: 0xffffffff, alm: 0xffffffff
[  769.1] [00:12:48.924,652] <inf> gnss_sample: Assistance data needed: invalid ephe: 0x3ff, alm: 0x3ff
[  769.1] [00:12:48.941,925] <inf> gnss_sample: Requesting A-GNSS data: data_flags: 0x3f
[  769.1] [00:12:48.949,554] <inf> gnss_sample: Requesting A-GNSS data: QZSS ephe: 0xffffffff, alm: 0xffffffff
[  769.1] [00:12:48.959,136] <inf> gnss_sample: Requesting A-GNSS data: invalid ephe: 0x3ff, alm: 0x3ff
[  770.2] +CSCON: 1
[  770.7] [00:12:50.216,613] <inf> gnss_sample: Processing A-GNSS data
[  770.7] [00:12:50.234,313] <inf> gnss_sample: A-GNSS data processed
[  770.7] [00:12:50.240,264] <inf> gnss_sample: Starting GNSS
[  800.1] +CSCON: 0
[  800.1] $GPGGA,052201.82,,,,,0,,99.99,,M,,M,,*68
[  800.1] $GPGLL,,,,,052201.82,V,N*44
[  800.1] $GPGSA,A,1,,,,,,,,,,,,,99.99,99.99,99.99,1*2D
[  800.1] $GPGSV,1,1,0,,,,,,,,,,,,,,,,,1*54
[  800.1] $GPRMC,052201.82,V,,,,,,,090926,,,N,V*0D
[  800.6] $GPGGA,052202.37,,,,,0,,99.99,,M,,M,,*65
[  800.6] $GPGLL,,,,,052202.37,V,N*49
[  800.6] $GPGSA,A,1,,,,,,,,,,,,,99.99,99.99,99.99,1*2D
[  800.6] $GPGSV,1,1,1,4,,,48,1*6D
[  800.6] $GPRMC,052202.37,V,,,,,,,090926,,,N,V*00
[  801.7] $GPGGA,052203.36,,,,,0,,99.99,,M,,M,,*65
[  801.7] $GPGLL,,,,,052203.36,V,N*49
[  801.7] $GPGSA,A,1,,,,,,,,,,,,,99.99,99.99,99.99,1*2D
[  801.7] $GPGSV,1,1,1,4,,,47,1*62
[  801.7] $GPRMC,052203.36,V,,,,,,,090926,,,N,V*00
[  802.2] $GPGGA,052203.65,,,,,0,,99.99,,M,,M,,*63
[  802.2] $GPGLL,,,,,052203.65,V,N*4F
[  802.2] $GPGSA,A,1,,,,,,,,,,,,,99.99,99.99,99.99,1*2D
[  802.2] $GPGSV,1,1,1,4,,,48,1*6D
[  802.2] $GPRMC,052203.65,V,,,,,,,090926,,,N,V*06
[  803.3] $GPGGA,052204.64,,,,,0,,99.99,,M,,M,,*65
[  803.3] $GPGLL,,,,,052204.64,V,N*49
[  803.3] $GPGSA,A,1,,,,,,,,,,,,,99.99,99.99,99.99,1*2D
[  803.3] $GPGSV,1,1,1,4,,,46,1*63
[  803.3] $GPRMC,052204.64,V,,,,,,,090926,,,N,V*00
[  804.3] $GPGGA,052205.64,,,,,0,,99.99,,M,,M,,*64
[  804.3] $GPGLL,,,,,052205.64,V,N*48
[  804.3] $GPGSA,A,1,,,,,,,,,,,,,99.99,99.99,99.99,1*2D
[  804.3] $GPGSV,1,1,3,4,,,39,9,,,30,14,,,32,1*57
[  804.3] $GPRMC,052205.64,V,,,,,,,090926,,,N,V*01
[  804.8] $GPGGA,052206.29,,,,,0,,99.99,,M,,M,,*6E
[  804.8] $GPGLL,,,,,052206.29,V,N*42
[  804.8] $GPGSA,A,1,,,,,,,,,,,,,99.99,99.99,99.99,1*2D
[  804.8] $GPGSV,1,1,3,4,,,42,9,,,30,14,,,31,1*58
[  804.8] $GPRMC,052206.29,V,,,,,,,090926,,,N,V*0B
[  805.9] $GPGGA,052207.45,,,,,0,,99.99,,M,,M,,*65
[  805.9] $GPGLL,,,,,052207.45,V,N*49
[  805.9] $GPGSA,A,1,,,,,,,,,,,,,99.99,99.99,99.99,1*2D
[  805.9] $GPGSV,1,1,4,4,,,43,7,,,31,9,,,30,14,,,31,1*6B
[  805.9] $GPRMC,052207.45,V,,,,,,,090926,,,N,V*00
[  806.9] $GPGGA,052208.48,,,,,0,,99.99,,M,,M,,*67
[  806.9] $GPGLL,,,,,052208.48,V,N*4B
[  806.9] $GPGSA,A,1,,,,,,,,,,,,,99.99,99.99,99.99,1*2D
[  806.9] $GPGSV,1,1,4,4,,,44,7,,,26,9,,,30,14,,,31,1*6A
[  806.9] $GPRMC,052208.48,V,,,,,,,090926,,,N,V*02
[  807.4] $GPGGA,052208.74,,,,,0,,99.99,,M,,M,,*68
[  807.4] $GPGLL,,,,,052208.74,V,N*44
[  807.4] $GPGSA,A,1,,,,,,,,,,,,,99.99,99.99,99.99,1*2D
[  807.4] $GPGSV,1,1,4,4,,,44,7,,,26,9,,,30,14,,,31,1*6A
[  807.4] $GPRMC,052208.74,V,,,,,,,090926,,,N,V*0D
[  808.5] $GPGGA,052209.73,,,,,0,,99.99,,M,,M,,*6E
[  808.5] $GPGLL,,,,,052209.73,V,N*42
[  808.5] $GPGSA,A,1,,,,,,,,,,,,,99.99,99.99,99.99,1*2D
[  808.5] $GPGSV,1,1,4,4,,,47,7,,,26,9,,,32,14,,,31,1*6B
[  808.5] $GPRMC,052209.73,V,,,,,,,090926,,,N,V*0B
[  809.0] $GPGGA,052210.73,,,,,0,,99.99,,M,,M,,*66
[  809.0] $GPGLL,,,,,052210.73,V,N*4A
[  809.0] $GPGSA,A,1,,,,,,,,,,,,,99.99,99.99,99.99,1*2D
[  809.0] $GPGSV,1,1,4,4,,,47,7,,,26,9,,,32,14,,,34,1*6E
[  809.0] $GPRMC,052210.73,V,,,,,,,090926,,,N,V*03
[  810.0] $GPGGA,052211.73,,,,,0,,99.99,,M,,M,,*67
[  810.0] $GPGLL,,,,,052211.73,V,N*4B
[  810.0] $GPGSA,A,1,,,,,,,,,,,,,99.99,99.99,99.99,1*2D
[  810.0] $GPGSV,1,1,4,4,,,47,7,,,26,9,,,32,14,,,34,1*6E
[  810.0] $GPRMC,052211.73,V,,,,,,,090926,,,N,V*02
[  811.1] $GPGGA,052212.74,,,,,0,,99.99,,M,,M,,*63
[  811.1] $GPGLL,,,,,052212.74,V,N*4F
[  811.1] $GPGSA,A,1,,,,,,,,,,,,,99.99,99.99,99.99,1*2D
[  811.1] $GPGSV,1,1,4,4,,,47,7,,,26,9,,,32,14,,,34,1*6E
[  811.1] $GPRMC,052212.74,V,,,,,,,090926,,,N,V*06
[  812.2] $GPGGA,052213.74,,,,,0,,99.99,,M,,M,,*62
[  812.2] $GPGLL,,,,,052213.74,V,N*4E
[  812.2] $GPGSA,A,1,,,,,,,,,,,,,99.99,99.99,99.99,1*2D
[  812.2] $GPGSV,1,1,4,4,,,47,7,,,26,9,,,32,14,,,34,1*6E
[  812.2] $GPRMC,052213.74,V,,,,,,,090926,,,N,V*07
[  813.2] $GPGGA,052214.74,,,,,0,,99.99,,M,,M,,*65
[  813.2] $GPGLL,,,,,052214.74,V,N*49
[  813.2] $GPGSA,A,1,,,,,,,,,,,,,99.99,99.99,99.99,1*2D
[  813.2] $GPGSV,3,1,12,3,,,28,4,,,40,6,,,24,9,,,27,1*60
[  813.2] $GPGSV,3,2,12,10,,,23,11,,,29,14,,,30,20,,,41,1*6C
[  813.2] $GPGSV,3,3,12,25,,,24,28,,,23,30,,,26,31,,,23,1*69
[  813.2] $GPRMC,052214.74,V,,,,,,,090926,,,N,V*00
[  814.2] $GPGGA,052215.74,,,,,0,,99.99,,M,,M,,*64
[  814.2] $GPGLL,,,,,052215.74,V,N*48
[  814.2] $GPGSA,A,1,,,,,,,,,,,,,99.99,99.99,99.99,1*2D
[  814.2] $GPGSV,3,1,12,3,,,29,4,,,42,6,,,24,9,,,27,1*63
[  814.2] $GPGSV,3,2,12,10,,,25,11,,,27,14,,,30,20,,,29,1*6A
[  814.2] $GPGSV,3,3,12,25,,,25,28,,,25,30,,,26,31,,,25,1*68
[  814.2] $GPRMC,052215.74,V,,,,,,,090926,,,N,V*01
[  815.3] $GPGGA,052216.74,,,,,0,,99.99,,M,,M,,*67
[  815.3] $GPGLL,,,,,052216.74,V,N*4B
[  815.3] $GPGSA,A,1,,,,,,,,,,,,,99.99,99.99,99.99,1*2D
[  815.3] $GPGSV,3,1,12,3,,,29,4,,,44,6,,,25,9,,,28,1*6B
[  815.3] $GPGSV,3,2,12,10,,,25,11,,,28,14,,,31,20,,,25,1*68
[  815.3] $GPGSV,3,3,12,25,,,25,28,,,24,30,,,26,31,,,25,1*69
[  815.3] $GPRMC,052216.74,V,,,,,,,090926,,,N,V*02
[  816.3] $GPGGA,052217.74,,,,,0,,99.99,,M,,M,,*66
[  816.3] $GPGLL,,,,,052217.74,V,N*4A
[  816.3] $GPGSA,A,1,,,,,,,,,,,,,99.99,99.99,99.99,1*2D
[  816.3] $GPGSV,3,1,12,3,,,30,4,,,44,6,,,24,9,,,29,1*63
[  816.3] $GPGSV,3,2,12,10,,,24,11,,,28,14,,,32,20,,,25,1*6A
[  816.3] $GPGSV,3,3,12,25,,,25,28,,,25,30,,,24,31,,,24,1*6B
[  816.3] $GPRMC,052217.74,V,,,,,,,090926,,,N,V*03
[  817.4] $GPGGA,052218.74,,,,,0,,99.99,,M,,M,,*69
[  817.4] $GPGLL,,,,,052218.74,V,N*45
[  817.4] $GPGSA,A,1,,,,,,,,,,,,,99.99,99.99,99.99,1*2D
[  817.4] $GPGSV,3,1,12,3,,,30,4,,,44,6,,,24,9,,,29,1*63
[  817.4] $GPGSV,3,2,12,10,,,25,11,,,28,14,,,32,20,,,25,1*6B
[  817.4] $GPGSV,3,3,12,25,,,24,28,,,25,30,,,23,31,,,25,1*6C
[  817.4] $GPRMC,052218.74,V,,,,,,,090926,,,N,V*0C
[  818.4] $GPGGA,052219.74,,,,,0,,99.99,,M,,M,,*68
[  818.4] $GPGLL,,,,,052219.74,V,N*44
[  818.4] $GPGSA,A,1,,,,,,,,,,,,,99.99,99.99,99.99,1*2D
[  818.4] $GPGSV,3,1,11,3,,,30,4,,,45,6,,,25,9,,,29,1*60
[  818.4] $GPGSV,3,2,11,10,,,24,11,,,27,14,,,32,25,,,24,1*62
[  818.4] $GPGSV,3,3,11,28,,,25,30,,,22,31,,,25,1*6F
[  818.4] $GPRMC,052219.74,V,,,,,,,090926,,,N,V*0D
[  819.0] $GPGGA,052220.74,,,,,0,,99.99,,M,,M,,*62
[  819.0] $GPGLL,,,,,052220.74,V,N*4E
[  819.0] $GPGSA,A,1,,,,,,,,,,,,,99.99,99.99,99.99,1*2D
[  819.0] $GPGSV,3,1,11,3,,,30,4,,,45,6,,,25,9,,,29,1*60
[  819.0] $GPGSV,3,2,11,10,,,25,11,,,27,14,,,32,25,,,24,1*63
[  819.5] $GPGSV,3,3,11,28,,,25,30,,,22,31,,,24,1*6E
[  819.5] $GPRMC,052220.74,V,,,,,,,090926,,,N,V*07
[  820.0] $GPGGA,052221.74,,,,,0,,99.99,,M,,M,,*63
[  820.0] $GPGLL,,,,,052221.74,V,N*4F
[  820.0] $GPGSA,A,1,,,,,,,,,,,,,99.99,99.99,99.99,1*2D
[  820.0] $GPGSV,3,1,11,3,,,30,4,,,45,6,,,24,9,,,29,1*61
[  820.0] $GPGSV,3,2,11,10,,,25,11,,,27,14,,,32,25,,,24,1*63
[  820.0] $GPGSV,3,3,11,28,,,25,30,,,21,31,,,25,1*6C
[  820.0] $GPRMC,052221.74,V,,,,,,,090926,,,N,V*06
[  821.1] $GPGGA,052222.74,,,,,0,,99.99,,M,,M,,*60
[  821.1] $GPGLL,,,,,052222.74,V,N*4C
[  821.1] $GPGSA,A,1,,,,,,,,,,,,,99.99,99.99,99.99,1*2D
[  821.1] $GPGSV,2,1,6,3,,,30,4,,,45,9,,,30,11,,,27,1*6B
[  821.1] $GPGSV,2,2,6,14,,,32,30,,,21,1*56
[  821.1] $GPRMC,052222.74,V,,,,,,,090926,,,N,V*05
[  822.1] $GPGGA,052223.74,,,,,0,,99.99,,M,,M,,*61
[  822.1] $GPGLL,,,,,052223.74,V,N*4D
[  822.1] $GPGSA,A,1,,,,,,,,,,,,,99.99,99.99,99.99,1*2D
[  822.1] $GPGSV,2,1,6,3,,,30,4,,,45,9,,,30,11,,,27,1*6B
[  822.1] $GPGSV,2,2,6,14,,,32,30,,,21,1*56
[  822.1] $GPRMC,052223.74,V,,,,,,,090926,,,N,V*04
[  823.2] $GPGGA,052224.74,,,,,0,,99.99,,M,,M,,*66
[  823.2] $GPGLL,,,,,052224.74,V,N*4A
[  823.2] $GPGSA,A,1,,,,,,,,,,,,,99.99,99.99,99.99,1*2D
[  823.2] $GPGSV,2,1,6,3,,,30,4,,,45,9,,,30,11,,,27,1*6B
[  823.2] $GPGSV,2,2,6,14,,,32,30,,,20,1*57
[  823.2] $GPRMC,052224.74,V,,,,,,,090926,,,N,V*03
[  824.2] $GPGGA,052225.74,,,,,0,,99.99,,M,,M,,*67
[  824.2] $GPGLL,,,,,052225.74,V,N*4B
[  824.2] $GPGSA,A,1,,,,,,,,,,,,,99.99,99.99,99.99,1*2D
[  824.2] $GPGSV,2,1,6,3,,,29,4,,,45,9,,,30,11,,,27,1*63
[  824.2] $GPGSV,2,2,6,14,,,32,30,,,19,1*5D
[  824.2] $GPRMC,052225.74,V,,,,,,,090926,,,N,V*02
[  825.3] $GPGGA,052226.74,,,,,0,,99.99,,M,,M,,*64
[  825.3] $GPGLL,,,,,052226.74,V,N*48
[  825.3] $GPGSA,A,1,,,,,,,,,,,,,99.99,99.99,99.99,1*2D
[  825.3] $GPGSV,2,1,6,3,,,29,4,,,45,9,,,30,11,,,27,1*63
[  825.3] $GPGSV,2,2,6,14,,,32,30,,,19,1*5D
[  825.3] $GPRMC,052226.74,V,,,,,,,090926,,,N,V*01
[  826.4] $GPGGA,052227.74,,,,,0,,99.99,,M,,M,,*65
[  826.4] $GPGLL,,,,,052227.74,V,N*49
[  826.4] $GPGSA,A,1,,,,,,,,,,,,,99.99,99.99,99.99,1*2D
[  826.4] $GPGSV,2,1,6,3,,,29,4,,,45,9,,,30,11,,,27,1*63
[  826.4] $GPGSV,2,2,6,14,,,32,30,,,19,1*5D
[  826.4] $GPRMC,052227.74,V,,,,,,,090926,,,N,V*00
[  827.4] $GPGGA,052228.74,,,,,0,,99.99,,M,,M,,*6A
[  827.4] $GPGLL,,,,,052228.74,V,N*46
[  827.4] $GPGSA,A,1,,,,,,,,,,,,,99.99,99.99,99.99,1*2D
[  827.4] $GPGSV,2,1,6,3,,,29,4,,,45,9,,,31,11,,,27,1*62
[  827.4] $GPGSV,2,2,6,14,,,32,30,,,19,1*5D
[  827.4] $GPRMC,052228.74,V,,,,,,,090926,,,N,V*0F
[  828.5] $GPGGA,052229.74,,,,,0,,99.99,,M,,M,,*6B
[  828.5] $GPGLL,,,,,052229.74,V,N*47
[  828.5] $GPGSA,A,1,,,,,,,,,,,,,99.99,99.99,99.99,1*2D
[  828.5] $GPGSV,2,1,6,3,,,29,4,,,45,9,,,31,11,,,27,1*62
[  828.5] $GPGSV,2,2,6,14,,,32,30,,,18,1*5C
[  828.5] $GPRMC,052229.74,V,,,,,,,090926,,,N,V*0E
[  829.0] $GPGGA,052230.74,,,,,0,,99.99,,M,,M,,*63
[  829.0] $GPGLL,,,,,052230.74,V,N*4F
[  829.0] $GPGSA,A,1,,,,,,,,,,,,,99.99,99.99,99.99,1*2D
[  829.0] $GPGSV,2,1,6,3,,,29,4,,,45,9,,,31,11,,,27,1*62
[  829.0] $GPGSV,2,2,6,14,,,32,30,,,18,1*5C
[  829.0] $GPRMC,052230.74,V,,,,,,,090926,,,N,V*06
[  830.0] $GPGGA,052231.74,,,,,0,,99.99,,M,,M,,*62
[  830.0] $GPGLL,,,,,052231.74,V,N*4E
[  830.0] $GPGSA,A,1,,,,,,,,,,,,,99.99,99.99,99.99,1*2D
[  830.0] $GPGSV,2,1,6,3,,,29,4,,,45,9,,,31,11,,,26,1*63
[  830.0] $GPGSV,2,2,6,14,,,32,30,,,17,1*53
[  830.0] $GPRMC,052231.74,V,,,,,,,090926,,,N,V*07
[  831.1] $GPGGA,052232.74,,,,,0,,99.99,,M,,M,,*61
[  831.1] $GPGLL,,,,,052232.74,V,N*4D
[  831.1] $GPGSA,A,1,,,,,,,,,,,,,99.99,99.99,99.99,1*2D
[  831.1] $GPGSV,2,1,6,3,,,29,4,,,45,9,,,31,11,,,26,1*63
[  831.1] $GPGSV,2,2,6,14,,,32,30,,,16,1*52
[  831.1] $GPRMC,052232.74,V,,,,,,,090926,,,N,V*04
[  832.1] $GPGGA,052233.74,,,,,0,,99.99,,M,,M,,*60
[  832.1] $GPGLL,,,,,052233.74,V,N*4C
[  832.1] $GPGSA,A,1,,,,,,,,,,,,,99.99,99.99,99.99,1*2D
[  832.1] $GPGSV,2,1,6,3,,,29,4,,,45,9,,,31,11,,,26,1*63
[  832.1] $GPGSV,2,2,6,14,,,32,30,,,15,1*51
[  832.1] $GPRMC,052233.74,V,,,,,,,090926,,,N,V*05
[  833.2] $GPGGA,052234.74,,,,,0,,99.99,,M,,M,,*67
[  833.2] $GPGLL,,,,,052234.74,V,N*4B
[  833.2] $GPGSA,A,1,,,,,,,,,,,,,99.99,99.99,99.99,1*2D
[  833.2] $GPGSV,2,1,6,3,,,29,4,,,45,9,,,31,11,,,26,1*63
[  833.2] $GPGSV,2,2,6,14,,,32,30,,,15,1*51
[  833.2] $GPRMC,052234.74,V,,,,,,,090926,,,N,V*02
[  834.2] $GPGGA,052235.74,,,,,0,,99.99,,M,,M,,*66
[  834.2] $GPGLL,,,,,052235.74,V,N*4A
[  834.2] $GPGSA,A,1,,,,,,,,,,,,,99.99,99.99,99.99,1*2D
[  834.2] $GPGSV,2,1,6,3,,,29,4,,,45,9,,,31,11,,,25,1*60
[  834.2] $GPGSV,2,2,6,14,,,33,30,,,14,1*51
[  834.2] $GPRMC,052235.74,V,,,,,,,090926,,,N,V*03
[  835.3] $GPGGA,052236.74,,,,,0,,99.99,,M,,M,,*65
[  835.3] $GPGLL,,,,,052236.74,V,N*49
[  835.3] $GPGSA,A,1,,,,,,,,,,,,,99.99,99.99,99.99,1*2D
[  835.3] $GPGSV,2,1,7,3,,,29,4,,,45,9,,,31,11,,,25,1*61
[  835.3] $GPGSV,2,2,7,14,,,33,21,,,28,30,,,08,1*54
[  835.3] $GPRMC,052236.74,V,,,,,,,090926,,,N,V*00
[  836.4] $GPGGA,052237.74,,,,,0,,99.99,,M,,M,,*64
[  836.4] $GPGLL,,,,,052237.74,V,N*48
[  836.4] $GPGSA,A,1,,,,,,,,,,,,,99.99,99.99,99.99,1*2D
[  836.4] $GPGSV,2,1,7,3,,,29,4,,,45,9,,,31,11,,,25,1*61
[  836.4] $GPGSV,2,2,7,14,,,33,21,,,25,30,,,11,1*51
[  836.4] $GPRMC,052237.74,V,,,,,,,090926,,,N,V*01
[  837.4] $GPGGA,052238.74,,,,,0,,99.99,,M,,M,,*6B
[  837.4] $GPGLL,,,,,052238.74,V,N*47
[  837.4] $GPGSA,A,1,,,,,,,,,,,,,99.99,99.99,99.99,1*2D
[  837.4] $GPGSV,2,1,7,3,,,29,4,,,45,9,,,31,11,,,24,1*60
[  837.4] $GPGSV,2,2,7,14,,,33,21,,,25,30,,,13,1*53
[  837.4] $GPRMC,052238.74,V,,,,,,,090926,,,N,V*0E
[  838.5] $GPGGA,052239.74,,,,,0,,99.99,,M,,M,,*6A
[  838.5] $GPGLL,,,,,052239.74,V,N*46
[  838.5] $GPGSA,A,1,,,,,,,,,,,,,99.99,99.99,99.99,1*2D
[  838.5] $GPGSV,2,1,7,3,,,29,4,,,45,9,,,31,11,,,24,1*60
[  838.5] $GPGSV,2,2,7,14,,,33,21,,,24,30,,,10,1*51
[  838.5] $GPRMC,052239.74,V,,,,,,,090926,,,N,V*0F
[  839.0] $GPGGA,052240.74,,,,,0,,99.99,,M,,M,,*64
[  839.0] $GPGLL,,,,,052240.74,V,N*48
[  839.0] $GPGSA,A,1,,,,,,,,,,,,,99.99,99.99,99.99,1*2D
[  839.0] $GPGSV,2,1,6,3,,,29,4,,,45,9,,,30,11,,,24,1*60
[  839.0] $GPGSV,2,2,6,14,,,33,30,,,12,1*57
[  839.0] $GPRMC,052240.74,V,,,,,,,090926,,,N,V*01
[  840.0] $GPGGA,052241.74,,,,,0,,99.99,,M,,M,,*65
[  840.0] $GPGLL,,,,,052241.74,V,N*49
[  840.0] $GPGSA,A,1,,,,,,,,,,,,,99.99,99.99,99.99,1*2D
[  840.0] $GPGSV,2,1,6,3,,,29,4,,,45,9,,,30,11,,,23,1*67
[  840.0] $GPGSV,2,2,6,14,,,33,30,,,05,1*51
[  840.0] $GPRMC,052241.74,V,,,,,,,090926,,,N,V*00
[  841.1] $GPGGA,052242.74,,,,,0,,99.99,,M,,M,,*66
[  841.1] $GPGLL,,,,,052242.74,V,N*4A
[  841.1] $GPGSA,A,1,,,,,,,,,,,,,99.99,99.99,99.99,1*2D
[  841.1] $GPGSV,2,1,6,3,,,29,4,,,45,9,,,30,11,,,23,1*67
[  841.1] $GPGSV,2,2,6,14,,,33,30,,,06,1*52
[  841.1] $GPRMC,052242.74,V,,,,,,,090926,,,N,V*03
[  842.1] $GPGGA,052243.74,,,,,0,,99.99,,M,,M,,*67
[  842.1] $GPGLL,,,,,052243.74,V,N*4B
[  842.1] $GPGSA,A,1,,,,,,,,,,,,,99.99,99.99,99.99,1*2D
[  842.1] $GPGSV,2,1,6,3,,,29,4,,,45,9,,,30,11,,,23,1*67
[  842.1] $GPGSV,2,2,6,14,,,33,30,,,11,1*54
[  842.1] $GPRMC,052243.74,V,,,,,,,090926,,,N,V*02
[  843.2] $GPGGA,052244.74,,,,,0,,99.99,,M,,M,,*60
[  843.2] $GPGLL,,,,,052244.74,V,N*4C
[  843.2] $GPGSA,A,1,,,,,,,,,,,,,99.99,99.99,99.99,1*2D
[  843.2] $GPGSV,2,1,6,3,,,29,4,,,45,9,,,30,11,,,22,1*66
[  843.2] $GPGSV,2,2,6,14,,,33,30,,,15,1*50
[  843.2] $GPRMC,052244.74,V,,,,,,,090926,,,N,V*05
[  844.2] $GPGGA,052245.74,,,,,0,,99.99,,M,,M,,*61
[  844.2] $GPGLL,,,,,052245.74,V,N*4D
[  844.2] $GPGSA,A,1,,,,,,,,,,,,,99.99,99.99,99.99,1*2D
[  844.2] $GPGSV,2,1,6,3,,,29,4,,,45,9,,,30,11,,,22,1*66
[  844.2] $GPGSV,2,2,6,14,,,33,30,,,09,1*5D
[  844.2] $GPRMC,052245.74,V,,,,,,,090926,,,N,V*04
[  845.3] $GPGGA,052246.74,,,,,0,,99.99,,M,,M,,*62
[  845.3] $GPGLL,,,,,052246.74,V,N*4E
[  845.3] $GPGSA,A,1,,,,,,,,,,,,,99.99,99.99,99.99,1*2D
[  845.3] $GPGSV,2,1,6,3,,,29,4,,,45,9,,,30,11,,,22,1*66
[  845.3] $GPGSV,2,2,6,14,,,33,30,,,11,1*54
[  845.3] $GPRMC,052246.74,V,,,,,,,090926,,,N,V*07
[  846.3] $GPGGA,052248.09,3001.74943,S,05112.75107,W,1,04,5.21,9.41,M,,M,,*7F
[  846.3] $GPGLL,3001.74943,S,05112.75107,W,052248.09,A,A*6A
[  846.3] $GPGSA,A,3,03,04,09,14,,,,,,,,,11.86,5.21,10.66,1*1D
[  846.3] $GPGSV,2,1,7,3,17,028,28,4,37,102,45,9,61,149,30,10,,,28,1*5D
[  846.3] $GPGSV,2,2,7,11,,,22,14,14,345,32,30,,,11,1*63
[  846.3] $GPRMC,052248.09,A,3001.74943,S,05112.75107,W,1.24,0.00,090926,,,A,V*24
[  846.3] [00:14:05.988,616] <inf> gnss_sample: Time to fix: 75.6 s
[  846.3] [00:14:05.994,415] <inf> gnss_sample: Time GNSS was blocked by LTE: 29 s
[  846.3] [00:14:06.001,525] <inf> gnss_sample: Sleeping for 120 s
[  966.3] [00:16:05.897,613] <inf> gnss_sample: Deleting GNSS data
[  966.3] [00:16:05.915,954] <inf> gnss_sample: Assistance data needed: data_flags: 0x3f
[  966.3] [00:16:05.923,583] <inf> gnss_sample: Assistance data needed: QZSS ephe: 0xffffffff, alm: 0xffffffff
[  966.3] [00:16:05.933,135] <inf> gnss_sample: Assistance data needed: invalid ephe: 0x3ff, alm: 0x3ff
[  966.3] [00:16:05.956,207] <inf> gnss_sample: Requesting A-GNSS data: data_flags: 0x3f
[  966.3] [00:16:05.963,836] <inf> gnss_sample: Requesting A-GNSS data: QZSS ephe: 0xffffffff, alm: 0xffffffff
[  966.3] [00:16:05.973,419] <inf> gnss_sample: Requesting A-GNSS data: invalid ephe: 0x3ff, alm: 0x3ff
[  967.3] +CSCON: 1
[  967.8] [00:16:07.455,963] <inf> gnss_sample: Processing A-GNSS data
[  967.8] [00:16:07.473,846] <inf> gnss_sample: A-GNSS data processed
[  967.8] [00:16:07.479,797] <inf> gnss_sample: Starting GNSS
[  997.3] +CSCON: 0
[  997.3] $GPGGA,052518.47,,,,,0,,99.99,,M,,M,,*6E
[  997.3] $GPGLL,,,,,052518.47,V,N*42
[  997.3] $GPGSA,A,1,,,,,,,,,,,,,99.99,99.99,99.99,1*2D
[  997.3] $GPGSV,1,1,0,,,,,,,,,,,,,,,,,1*54
[  997.3] $GPRMC,052518.47,V,,,,,,,090926,,,N,V*0B
[  998.4] $GPGGA,052519.47,,,,,0,,99.99,,M,,M,,*6F
[  998.4] $GPGLL,,,,,052519.47,V,N*43
[  998.4] $GPGSA,A,1,,,,,,,,,,,,,99.99,99.99,99.99,1*2D
[  998.4] $GPGSV,1,1,1,4,,,37,1*65
[  998.4] $GPRMC,052519.47,V,,,,,,,090926,,,N,V*0A
[  999.4] $GPGGA,052520.50,,,,,0,,99.99,,M,,M,,*63
[  999.4] $GPGLL,,,,,052520.50,V,N*4F
[  999.4] $GPGSA,A,1,,,,,,,,,,,,,99.99,99.99,99.99,1*2D
[  999.4] $GPGSV,1,1,2,4,,,37,9,,,32,1*5E
[  999.4] $GPRMC,052520.50,V,,,,,,,090926,,,N,V*06
[ 1000.5] $GPGGA,052521.53,,,,,0,,99.99,,M,,M,,*61
[ 1000.5] $GPGLL,,,,,052521.53,V,N*4D
[ 1000.5] $GPGSA,A,1,,,,,,,,,,,,,99.99,99.99,99.99,1*2D
[ 1000.5] $GPGSV,1,1,2,4,,,42,9,,,32,1*5C
[ 1000.5] $GPRMC,052521.53,V,,,,,,,090926,,,N,V*04
[ 1001.0] $GPGGA,052522.53,,,,,0,,99.99,,M,,M,,*62
[ 1001.0] $GPGLL,,,,,052522.53,V,N*4E
[ 1001.0] $GPGSA,A,1,,,,,,,,,,,,,99.99,99.99,99.99,1*2D
[ 1001.0] $GPGSV,1,1,2,4,,,42,9,,,32,1*5C
[ 1001.0] $GPRMC,052522.53,V,,,,,,,090926,,,N,V*07
[ 1002.1] $GPGGA,052523.53,,,,,0,,99.99,,M,,M,,*63
[ 1002.1] $GPGLL,,,,,052523.53,V,N*4F
[ 1002.1] $GPGSA,A,1,,,,,,,,,,,,,99.99,99.99,99.99,1*2D
[ 1002.1] $GPGSV,1,1,2,4,,,44,9,,,32,1*5A
[ 1002.1] $GPRMC,052523.53,V,,,,,,,090926,,,N,V*06
[ 1003.1] $GPGGA,052524.53,,,,,0,,99.99,,M,,M,,*64
[ 1003.1] $GPGLL,,,,,052524.53,V,N*48
[ 1003.1] $GPGSA,A,1,,,,,,,,,,,,,99.99,99.99,99.99,1*2D
[ 1003.1] $GPGSV,1,1,2,4,,,44,9,,,33,1*5B
[ 1003.1] $GPRMC,052524.53,V,,,,,,,090926,,,N,V*01
[ 1004.2] $GPGGA,052525.63,,,,,0,,99.99,,M,,M,,*66
[ 1004.2] $GPGLL,,,,,052525.63,V,N*4A
[ 1004.2] $GPGSA,A,1,,,,,,,,,,,,,99.99,99.99,99.99,1*2D
[ 1004.2] $GPGSV,1,1,2,4,,,44,9,,,33,1*5B
[ 1004.2] $GPRMC,052525.63,V,,,,,,,090926,,,N,V*03
[ 1005.2] $GPGGA,052526.62,,,,,0,,99.99,,M,,M,,*64
[ 1005.2] $GPGLL,,,,,052526.62,V,N*48
[ 1005.2] $GPGSA,A,1,,,,,,,,,,,,,99.99,99.99,99.99,1*2D
[ 1005.2] $GPGSV,1,1,2,4,,,46,9,,,34,1*5E
[ 1005.2] $GPRMC,052526.62,V,,,,,,,090926,,,N,V*01
[ 1006.3] $GPGGA,052527.62,,,,,0,,99.99,,M,,M,,*65
[ 1006.3] $GPGLL,,,,,052527.62,V,N*49
[ 1006.3] $GPGSA,A,1,,,,,,,,,,,,,99.99,99.99,99.99,1*2D
[ 1006.3] $GPGSV,1,1,3,4,,,46,9,,,34,14,,,34,1*5D
[ 1006.3] $GPRMC,052527.62,V,,,,,,,090926,,,N,V*00
[ 1007.3] $GPGGA,052528.62,,,,,0,,99.99,,M,,M,,*6A
[ 1007.3] $GPGLL,,,,,052528.62,V,N*46
[ 1007.3] $GPGSA,A,1,,,,,,,,,,,,,99.99,99.99,99.99,1*2D
[ 1007.3] $GPGSV,1,1,3,4,,,46,9,,,34,14,,,34,1*5D
[ 1007.3] $GPRMC,052528.62,V,,,,,,,090926,,,N,V*0F
[ 1008.4] $GPGGA,052529.62,,,,,0,,99.99,,M,,M,,*6B
[ 1008.4] $GPGLL,,,,,052529.62,V,N*47
[ 1008.4] $GPGSA,A,1,,,,,,,,,,,,,99.99,99.99,99.99,1*2D
[ 1008.4] $GPGSV,1,1,3,4,,,46,9,,,34,14,,,34,1*5D
[ 1008.4] $GPRMC,052529.62,V,,,,,,,090926,,,N,V*0E
[ 1009.5] $GPGGA,052530.62,,,,,0,,99.99,,M,,M,,*63
[ 1009.5] $GPGLL,,,,,052530.62,V,N*4F
[ 1009.5] $GPGSA,A,1,,,,,,,,,,,,,99.99,99.99,99.99,1*2D
[ 1009.5] $GPGSV,1,1,3,4,,,46,9,,,34,14,,,34,1*5D
[ 1009.5] $GPRMC,052530.62,V,,,,,,,090926,,,N,V*06
[ 1010.5] $GPGGA,052531.63,,,,,0,,99.99,,M,,M,,*63
[ 1010.5] $GPGLL,,,,,052531.63,V,N*4F
[ 1010.5] $GPGSA,A,1,,,,,,,,,,,,,99.99,99.99,99.99,1*2D
[ 1010.5] $GPGSV,3,1,10,4,,,46,6,,,23,9,,,30,10,,,23,1*5C
[ 1010.5] $GPGSV,3,2,10,11,,,27,14,,,34,18,,,23,25,,,24,1*6A
[ 1010.5] $GPGSV,3,3,10,27,,,23,31,,,23,1*62
[ 1010.5] $GPRMC,052531.63,V,,,,,,,090926,,,N,V*06
[ 1011.5] $GPGGA,052532.63,,,,,0,,99.99,,M,,M,,*60
[ 1011.5] $GPGLL,,,,,052532.63,V,N*4C
[ 1011.5] $GPGSA,A,1,,,,,,,,,,,,,99.99,99.99,99.99,1*2D
[ 1011.5] $GPGSV,3,1,10,4,,,45,6,,,25,9,,,30,10,,,25,1*5F
[ 1011.5] $GPGSV,3,2,10,11,,,28,14,,,32,18,,,25,25,,,25,1*64
[ 1011.5] $GPGSV,3,3,10,27,,,24,31,,,25,1*63
[ 1011.5] $GPRMC,052532.63,V,,,,,,,090926,,,N,V*05
[ 1012.6] $GPGGA,052533.63,,,,,0,,99.99,,M,,M,,*61
[ 1012.6] $GPGLL,,,,,052533.63,V,N*4D
[ 1012.6] $GPGSA,A,1,,,,,,,,,,,,,99.99,99.99,99.99,1*2D
[ 1012.6] $GPGSV,3,1,11,4,,,45,5,,,42,6,,,25,9,,,31,1*6A
[ 1012.6] $GPGSV,3,2,11,10,,,25,11,,,29,14,,,33,18,,,25,1*63
[ 1012.6] $GPGSV,3,3,11,25,,,24,27,,,25,31,,,25,1*62
[ 1012.6] $GPRMC,052533.63,V,,,,,,,090926,,,N,V*04
[ 1013.1] $GPGGA,052534.63,,,,,0,,99.99,,M,,M,,*66
[ 1013.1] $GPGLL,,,,,052534.63,V,N*4A
[ 1013.1] $GPGSA,A,1,,,,,,,,,,,,,99.99,99.99,99.99,1*2D
[ 1013.1] $GPGSV,3,1,11,4,,,45,5,,,26,6,,,25,9,,,32,1*6B
[ 1013.1] $GPGSV,3,2,11,10,,,25,11,,,29,14,,,33,18,,,24,1*62
[ 1013.1] $GPGSV,3,3,11,25,,,24,27,,,25,31,,,24,1*63
[ 1013.1] $GPRMC,052534.63,V,,,,,,,090926,,,N,V*03
[ 1014.2] $GPGGA,052535.63,,,,,0,,99.99,,M,,M,,*67
[ 1014.2] $GPGLL,,,,,052535.63,V,N*4B
[ 1014.2] $GPGSA,A,1,,,,,,,,,,,,,99.99,99.99,99.99,1*2D
[ 1014.2] $GPGSV,3,1,11,4,,,45,5,,,25,6,,,24,9,,,32,1*69
[ 1014.2] $GPGSV,3,2,11,10,,,24,11,,,29,14,,,33,18,,,25,1*62
[ 1014.2] $GPGSV,3,3,11,25,,,24,27,,,25,31,,,24,1*63
[ 1014.2] $GPRMC,052535.63,V,,,,,,,090926,,,N,V*02
[ 1015.2] $GPGGA,052536.63,,,,,0,,99.99,,M,,M,,*64
[ 1015.2] $GPGLL,,,,,052536.63,V,N*48
[ 1015.2] $GPGSA,A,1,,,,,,,,,,,,,99.99,99.99,99.99,1*2D
[ 1015.2] $GPGSV,3,1,11,4,,,45,5,,,25,6,,,25,9,,,32,1*68
[ 1015.2] $GPGSV,3,2,11,10,,,25,11,,,29,14,,,34,18,,,25,1*64
[ 1015.2] $GPGSV,3,3,11,25,,,25,27,,,25,31,,,25,1*63
[ 1015.2] $GPRMC,052536.63,V,,,,,,,090926,,,N,V*01
[ 1016.3] $GPGGA,052537.63,,,,,0,,99.99,,M,,M,,*65
[ 1016.3] $GPGLL,,,,,052537.63,V,N*49
[ 1016.3] $GPGSA,A,1,,,,,,,,,,,,,99.99,99.99,99.99,1*2D
[ 1016.3] $GPGSV,3,1,10,4,,,45,6,,,24,9,,,32,10,,,24,1*5D
[ 1016.3] $GPGSV,3,2,10,11,,,29,14,,,34,18,,,24,25,,,25,1*62
[ 1016.3] $GPGSV,3,3,10,27,,,25,31,,,24,1*63
[ 1016.3] $GPRMC,052537.63,V,,,,,,,090926,,,N,V*00
[ 1017.3] $GPGGA,052538.63,,,,,0,,99.99,,M,,M,,*6A
[ 1017.3] $GPGLL,,,,,052538.63,V,N*46
[ 1017.3] $GPGSA,A,1,,,,,,,,,,,,,99.99,99.99,99.99,1*2D
[ 1017.3] $GPGSV,3,1,10,4,,,45,6,,,25,9,,,32,10,,,24,1*5C
[ 1017.3] $GPGSV,3,2,10,11,,,29,14,,,34,18,,,25,25,,,25,1*63
[ 1017.3] $GPGSV,3,3,10,27,,,25,31,,,25,1*62
[ 1017.3] $GPRMC,052538.63,V,,,,,,,090926,,,N,V*0F
[ 1018.4] $GPGGA,052539.63,,,,,0,,99.99,,M,,M,,*6B
[ 1018.4] $GPGLL,,,,,052539.63,V,N*47
[ 1018.4] $GPGSA,A,1,,,,,,,,,,,,,99.99,99.99,99.99,1*2D
[ 1018.4] $GPGSV,1,1,4,4,,,45,9,,,32,11,,,29,14,,,34,1*54
[ 1018.4] $GPRMC,052539.63,V,,,,,,,090926,,,N,V*0E
[ 1019.4] $GPGGA,052540.63,,,,,0,,99.99,,M,,M,,*65
[ 1019.4] $GPGLL,,,,,052540.63,V,N*49
[ 1019.4] $GPGSA,A,1,,,,,,,,,,,,,99.99,99.99,99.99,1*2D
[ 1019.4] $GPGSV,1,1,4,4,,,45,9,,,32,11,,,29,14,,,34,1*54
[ 1019.4] $GPRMC,052540.63,V,,,,,,,090926,,,N,V*00
[ 1020.5] $GPGGA,052541.63,,,,,0,,99.99,,M,,M,,*64
[ 1020.5] $GPGLL,,,,,052541.63,V,N*48
[ 1020.5] $GPGSA,A,1,,,,,,,,,,,,,99.99,99.99,99.99,1*2D
[ 1020.5] $GPGSV,1,1,4,4,,,45,9,,,32,11,,,29,14,,,34,1*54
[ 1020.5] $GPRMC,052541.63,V,,,,,,,090926,,,N,V*01
[ 1021.5] $GPGGA,052542.63,,,,,0,,99.99,,M,,M,,*67
[ 1021.5] $GPGLL,,,,,052542.63,V,N*4B
[ 1021.5] $GPGSA,A,1,,,,,,,,,,,,,99.99,99.99,99.99,1*2D
[ 1021.5] $GPGSV,1,1,4,4,,,45,9,,,32,11,,,28,14,,,34,1*55
[ 1021.5] $GPRMC,052542.63,V,,,,,,,090926,,,N,V*02
[ 1022.6] $GPGGA,052543.63,,,,,0,,99.99,,M,,M,,*66
[ 1022.6] $GPGLL,,,,,052543.63,V,N*4A
[ 1022.6] $GPGSA,A,1,,,,,,,,,,,,,99.99,99.99,99.99,1*2D
[ 1022.6] $GPGSV,1,1,4,4,,,45,9,,,32,11,,,28,14,,,33,1*52
[ 1022.6] $GPRMC,052543.63,V,,,,,,,090926,,,N,V*03
[ 1023.1] $GPGGA,052544.63,,,,,0,,99.99,,M,,M,,*61
[ 1023.1] $GPGLL,,,,,052544.63,V,N*4D
[ 1023.1] $GPGSA,A,1,,,,,,,,,,,,,99.99,99.99,99.99,1*2D
[ 1023.1] $GPGSV,1,1,4,4,,,45,9,,,32,11,,,28,14,,,33,1*52
[ 1023.1] $GPRMC,052544.63,V,,,,,,,090926,,,N,V*04
[ 1024.2] $GPGGA,052545.63,,,,,0,,99.99,,M,,M,,*60
[ 1024.2] $GPGLL,,,,,052545.63,V,N*4C
[ 1024.2] $GPGSA,A,1,,,,,,,,,,,,,99.99,99.99,99.99,1*2D
[ 1024.2] $GPGSV,1,1,4,4,,,45,9,,,32,11,,,28,14,,,33,1*52
[ 1024.2] $GPRMC,052545.63,V,,,,,,,090926,,,N,V*05
[ 1025.2] $GPGGA,052546.63,,,,,0,,99.99,,M,,M,,*63
[ 1025.2] $GPGLL,,,,,052546.63,V,N*4F
[ 1025.2] $GPGSA,A,1,,,,,,,,,,,,,99.99,99.99,99.99,1*2D
[ 1025.2] $GPGSV,1,1,4,4,,,45,9,,,32,11,,,28,14,,,33,1*52
[ 1025.2] $GPRMC,052546.63,V,,,,,,,090926,,,N,V*06
[ 1026.2] $GPGGA,052547.63,,,,,0,,99.99,,M,,M,,*62
[ 1026.2] $GPGLL,,,,,052547.63,V,N*4E
[ 1026.2] $GPGSA,A,1,,,,,,,,,,,,,99.99,99.99,99.99,1*2D
[ 1026.2] $GPGSV,1,1,4,4,,,45,9,,,31,11,,,28,14,,,33,1*51
[ 1026.2] $GPRMC,052547.63,V,,,,,,,090926,,,N,V*07
[ 1027.3] $GPGGA,052548.63,,,,,0,,99.99,,M,,M,,*6D
[ 1027.3] $GPGLL,,,,,052548.63,V,N*41
[ 1027.3] $GPGSA,A,1,,,,,,,,,,,,,99.99,99.99,99.99,1*2D
[ 1027.3] $GPGSV,2,1,5,4,,,45,9,,,31,10,,,30,11,,,28,1*54
[ 1027.3] $GPGSV,2,2,5,14,,,33,1*54
[ 1027.3] $GPRMC,052548.63,V,,,,,,,090926,,,N,V*08
[ 1028.4] $GPGGA,052549.63,,,,,0,,99.99,,M,,M,,*6C
[ 1028.4] $GPGLL,,,,,052549.63,V,N*40
[ 1028.4] $GPGSA,A,1,,,,,,,,,,,,,99.99,99.99,99.99,1*2D
[ 1028.4] $GPGSV,2,1,5,4,,,45,9,,,31,10,,,25,11,,,28,1*50
[ 1028.4] $GPGSV,2,2,5,14,,,33,1*54
[ 1028.4] $GPRMC,052549.63,V,,,,,,,090926,,,N,V*09
[ 1029.4] $GPGGA,052550.63,,,,,0,,99.99,,M,,M,,*64
[ 1029.4] $GPGLL,,,,,052550.63,V,N*48
[ 1029.4] $GPGSA,A,1,,,,,,,,,,,,,99.99,99.99,99.99,1*2D
[ 1029.4] $GPGSV,2,1,5,4,,,45,9,,,31,10,,,19,11,,,28,1*5F
[ 1029.4] $GPGSV,2,2,5,14,,,33,1*54
[ 1029.4] $GPRMC,052550.63,V,,,,,,,090926,,,N,V*01
[ 1030.5] $GPGGA,052551.63,,,,,0,,99.99,,M,,M,,*65
[ 1030.5] $GPGLL,,,,,052551.63,V,N*49
[ 1030.5] $GPGSA,A,1,,,,,,,,,,,,,99.99,99.99,99.99,1*2D
[ 1030.5] $GPGSV,2,1,5,4,,,45,9,,,31,10,,,09,11,,,28,1*5E
[ 1030.5] $GPGSV,2,2,5,14,,,33,1*54
[ 1030.5] $GPRMC,052551.63,V,,,,,,,090926,,,N,V*00
[ 1031.5] $GPGGA,052552.63,,,,,0,,99.99,,M,,M,,*66
[ 1031.5] $GPGLL,,,,,052552.63,V,N*4A
[ 1031.5] $GPGSA,A,1,,,,,,,,,,,,,99.99,99.99,99.99,1*2D
[ 1031.5] $GPGSV,1,1,4,4,,,45,9,,,31,11,,,28,14,,,33,1*51
[ 1031.5] $GPRMC,052552.63,V,,,,,,,090926,,,N,V*03
[ 1032.6] $GPGGA,052553.63,,,,,0,,99.99,,M,,M,,*67
[ 1032.6] $GPGLL,,,,,052553.63,V,N*4B
[ 1032.6] $GPGSA,A,1,,,,,,,,,,,,,99.99,99.99,99.99,1*2D
[ 1032.6] $GPGSV,1,1,4,4,,,45,9,,,31,11,,,27,14,,,33,1*5E
[ 1032.6] $GPRMC,052553.63,V,,,,,,,090926,,,N,V*02
[ 1033.1] $GPGGA,052554.63,,,,,0,,99.99,,M,,M,,*60
[ 1033.1] $GPGLL,,,,,052554.63,V,N*4C
[ 1033.1] $GPGSA,A,1,,,,,,,,,,,,,99.99,99.99,99.99,1*2D
[ 1033.1] $GPGSV,1,1,4,4,,,45,9,,,31,11,,,27,14,,,33,1*5E
[ 1033.1] $GPRMC,052554.63,V,,,,,,,090926,,,N,V*05
[ 1034.1] $GPGGA,052555.63,,,,,0,,99.99,,M,,M,,*61
[ 1034.1] $GPGLL,,,,,052555.63,V,N*4D
[ 1034.1] $GPGSA,A,1,,,,,,,,,,,,,99.99,99.99,99.99,1*2D
[ 1034.1] $GPGSV,2,1,6,4,,,45,7,,,26,9,,,31,11,,,27,1*69
[ 1034.1] $GPGSV,2,2,6,14,,,33,18,,,27,1*5B
[ 1034.1] $GPRMC,052555.63,V,,,,,,,090926,,,N,V*04
[ 1035.2] $GPGGA,052556.63,,,,,0,,99.99,,M,,M,,*62
[ 1035.2] $GPGLL,,,,,052556.63,V,N*4E
[ 1035.2] $GPGSA,A,1,,,,,,,,,,,,,99.99,99.99,99.99,1*2D
[ 1035.2] $GPGSV,2,1,6,4,,,45,7,,,25,9,,,32,11,,,26,1*68
[ 1035.2] $GPGSV,2,2,6,14,,,33,18,,,25,1*59
[ 1035.2] $GPRMC,052556.63,V,,,,,,,090926,,,N,V*07
[ 1036.3] $GPGGA,052557.63,,,,,0,,99.99,,M,,M,,*63
[ 1036.3] $GPGLL,,,,,052557.63,V,N*4F
[ 1036.3] $GPGSA,A,1,,,,,,,,,,,,,99.99,99.99,99.99,1*2D
[ 1036.3] $GPGSV,2,1,5,4,,,45,9,,,32,11,,,25,14,,,33,1*5D
[ 1036.3] $GPGSV,2,2,5,18,,,24,1*5E
[ 1036.3] $GPRMC,052557.63,V,,,,,,,090926,,,N,V*06
[ 1037.3] $GPGGA,052558.63,,,,,0,,99.99,,M,,M,,*6C
[ 1037.3] $GPGLL,,,,,052558.63,V,N*40
[ 1037.3] $GPGSA,A,1,,,,,,,,,,,,,99.99,99.99,99.99,1*2D
[ 1037.3] $GPGSV,2,1,5,4,,,45,9,,,32,11,,,25,14,,,33,1*5D
[ 1037.3] $GPGSV,2,2,5,18,,,24,1*5E
[ 1037.3] $GPRMC,052558.63,V,,,,,,,090926,,,N,V*09
[ 1038.4] $GPGGA,052559.63,,,,,0,03,99.99,,M,,M,,*6E
[ 1038.4] $GPGLL,,,,,052559.63,V,N*41
[ 1038.4] $GPGSA,A,1,,,,,,,,,,,,,99.99,99.99,99.99,1*2D
[ 1038.4] $GPGSV,1,1,4,4,,,44,9,,,32,11,,,25,14,,,33,1*5E
[ 1038.4] $GPRMC,052559.63,V,,,,,,,090926,,,N,V*08
[ 1039.4] $GPGGA,052600.63,,,,,0,03,99.99,,M,,M,,*61
[ 1039.4] $GPGLL,,,,,052600.63,V,N*4E
[ 1039.4] $GPGSA,A,1,,,,,,,,,,,,,99.99,99.99,99.99,1*2D
[ 1039.4] $GPGSV,1,1,4,4,,,45,9,,,32,11,,,24,14,,,33,1*5E
[ 1039.4] $GPRMC,052600.63,V,,,,,,,090926,,,N,V*07
[ 1040.5] $GPGGA,052601.63,,,,,0,03,99.99,,M,,M,,*60
[ 1040.5] $GPGLL,,,,,052601.63,V,N*4F
[ 1040.5] $GPGSA,A,1,,,,,,,,,,,,,99.99,99.99,99.99,1*2D
[ 1040.5] $GPGSV,2,1,5,4,,,45,9,,,32,10,,,27,11,,,24,1*5D
[ 1040.5] $GPGSV,2,2,5,14,,,32,1*55
[ 1040.5] $GPRMC,052601.63,V,,,,,,,090926,,,N,V*06
[ 1041.5] $GPGGA,052602.63,,,,,0,03,99.99,,M,,M,,*63
[ 1041.5] $GPGLL,,,,,052602.63,V,N*4C
[ 1041.5] $GPGSA,A,1,,,,,,,,,,,,,99.99,99.99,99.99,1*2D
[ 1041.5] $GPGSV,2,1,5,4,,,45,9,,,33,10,,,25,11,,,24,1*5E
[ 1041.5] $GPGSV,2,2,5,14,,,33,1*54
[ 1041.5] $GPRMC,052602.63,V,,,,,,,090926,,,N,V*05
[ 1042.6] $GPGGA,052603.63,,,,,0,03,99.99,,M,,M,,*62
[ 1042.6] $GPGLL,,,,,052603.63,V,N*4D
[ 1042.6] $GPGSA,A,1,,,,,,,,,,,,,99.99,99.99,99.99,1*2D
[ 1042.6] $GPGSV,2,1,5,4,,,45,9,,,33,10,,,25,11,,,24,1*5E
[ 1042.6] $GPGSV,2,2,5,14,,,32,1*55
[ 1042.6] $GPRMC,052603.63,V,,,,,,,090926,,,N,V*04
[ 1043.1] $GPGGA,052604.63,,,,,0,03,99.99,,M,,M,,*65
[ 1043.1] $GPGLL,,,,,052604.63,V,N*4A
[ 1043.1] $GPGSA,A,1,,,,,,,,,,,,,99.99,99.99,99.99,1*2D
[ 1043.1] $GPGSV,2,1,5,4,,,45,9,,,33,10,,,25,11,,,25,1*5F
[ 1043.1] $GPGSV,2,2,5,14,,,32,1*55
[ 1043.1] $GPRMC,052604.63,V,,,,,,,090926,,,N,V*03
[ 1044.1] $GPGGA,052605.63,,,,,0,03,99.99,,M,,M,,*64
[ 1044.1] $GPGLL,,,,,052605.63,V,N*4B
[ 1044.1] $GPGSA,A,1,,,,,,,,,,,,,99.99,99.99,99.99,1*2D
[ 1044.1] $GPGSV,1,1,4,4,,,44,9,,,33,11,,,24,14,,,32,1*5F
[ 1044.1] $GPRMC,052605.63,V,,,,,,,090926,,,N,V*02
[ 1045.2] $GPGGA,052606.63,,,,,0,03,99.99,,M,,M,,*67
[ 1045.2] $GPGLL,,,,,052606.63,V,N*48
[ 1045.2] $GPGSA,A,1,,,,,,,,,,,,,99.99,99.99,99.99,1*2D
[ 1045.2] $GPGSV,1,1,4,4,,,44,9,,,33,11,,,24,14,,,32,1*5F
[ 1045.2] $GPRMC,052606.63,V,,,,,,,090926,,,N,V*01
[ 1046.3] $GPGGA,052607.63,,,,,0,03,99.99,,M,,M,,*66
[ 1046.3] $GPGLL,,,,,052607.63,V,N*49
[ 1046.3] $GPGSA,A,1,,,,,,,,,,,,,99.99,99.99,99.99,1*2D
[ 1046.3] $GPGSV,2,1,6,3,,,41,4,,,44,9,,,33,11,,,24,1*6C
[ 1046.3] $GPGSV,2,2,6,14,,,32,25,,,27,1*54
[ 1046.3] $GPRMC,052607.63,V,,,,,,,090926,,,N,V*00
[ 1047.3] $GPGGA,052608.63,,,,,0,03,99.99,,M,,M,,*69
[ 1047.3] $GPGLL,,,,,052608.63,V,N*46
[ 1047.3] $GPGSA,A,1,,,,,,,,,,,,,99.99,99.99,99.99,1*2D
[ 1047.3] $GPGSV,2,1,6,3,,,27,4,,,44,9,,,33,11,,,24,1*6C
[ 1047.3] $GPGSV,2,2,6,14,,,32,25,,,25,1*56
[ 1047.3] $GPRMC,052608.63,V,,,,,,,090926,,,N,V*0F
[ 1048.4] $GPGGA,052609.63,,,,,0,03,99.99,,M,,M,,*68
[ 1048.4] $GPGLL,,,,,052609.63,V,N*47
[ 1048.4] $GPGSA,A,1,,,,,,,,,,,,,99.99,99.99,99.99,1*2D
[ 1048.4] $GPGSV,2,1,6,3,,,25,4,,,44,9,,,33,11,,,24,1*6E
[ 1048.4] $GPGSV,2,2,6,14,,,32,25,,,25,1*56
[ 1048.4] $GPRMC,052609.63,V,,,,,,,090926,,,N,V*0E
[ 1049.4] $GPGGA,052610.63,,,,,0,03,99.99,,M,,M,,*60
[ 1049.4] $GPGLL,,,,,052610.63,V,N*4F
[ 1049.4] $GPGSA,A,1,,,,,,,,,,,,,99.99,99.99,99.99,1*2D
[ 1049.4] $GPGSV,2,1,6,3,,,24,4,,,44,9,,,33,11,,,25,1*6E
[ 1049.4] $GPGSV,2,2,6,14,,,32,25,,,25,1*56
[ 1049.4] $GPRMC,052610.63,V,,,,,,,090926,,,N,V*06
[ 1050.5] $GPGGA,052611.63,,,,,0,03,99.99,,M,,M,,*61
[ 1050.5] $GPGLL,,,,,052611.63,V,N*4E
[ 1050.5] $GPGSA,A,1,,,,,,,,,,,,,99.99,99.99,99.99,1*2D
[ 1050.5] $GPGSV,1,1,4,4,,,44,9,,,33,11,,,24,14,,,32,1*5F
[ 1050.5] $GPRMC,052611.63,V,,,,,,,090926,,,N,V*07
[ 1051.5] $GPGGA,052612.63,,,,,0,03,99.99,,M,,M,,*62
[ 1051.5] $GPGLL,,,,,052612.63,V,N*4D
[ 1051.5] $GPGSA,A,1,,,,,,,,,,,,,99.99,99.99,99.99,1*2D
[ 1051.5] $GPGSV,1,1,4,4,,,44,9,,,33,11,,,25,14,,,32,1*5E
[ 1051.5] $GPRMC,052612.63,V,,,,,,,090926,,,N,V*04
[ 1052.6] $GPGGA,052613.63,,,,,0,03,99.99,,M,,M,,*63
[ 1052.6] $GPGLL,,,,,052613.63,V,N*4C
[ 1052.6] $GPGSA,A,1,,,,,,,,,,,,,99.99,99.99,99.99,1*2D
[ 1052.6] $GPGSV,1,1,4,4,,,44,9,,,33,11,,,25,14,,,32,1*5E
[ 1052.6] $GPRMC,052613.63,V,,,,,,,090926,,,N,V*05
[ 1053.1] $GPGGA,052614.63,,,,,0,03,99.99,,M,,M,,*64
[ 1053.1] $GPGLL,,,,,052614.63,V,N*4B
[ 1053.1] $GPGSA,A,1,,,,,,,,,,,,,99.99,99.99,99.99,1*2D
[ 1053.1] $GPGSV,1,1,4,4,,,44,9,,,33,11,,,24,14,,,32,1*5F
[ 1053.1] $GPRMC,052614.63,V,,,,,,,090926,,,N,V*02
[ 1054.2] $GPGGA,052615.63,,,,,0,03,99.99,,M,,M,,*65
[ 1054.2] $GPGLL,,,,,052615.63,V,N*4A
[ 1054.2] $GPGSA,A,1,,,,,,,,,,,,,99.99,99.99,99.99,1*2D
[ 1054.2] $GPGSV,1,1,4,4,,,44,9,,,33,11,,,25,14,,,32,1*5E
[ 1054.2] $GPRMC,052615.63,V,,,,,,,090926,,,N,V*03
[ 1055.2] $GPGGA,052616.63,,,,,0,03,99.99,,M,,M,,*66
[ 1055.2] $GPGLL,,,,,052616.63,V,N*49
[ 1055.2] $GPGSA,A,1,,,,,,,,,,,,,99.99,99.99,99.99,1*2D
[ 1055.2] $GPGSV,1,1,4,4,,,44,9,,,33,11,,,24,14,,,32,1*5F
[ 1055.2] $GPRMC,052616.63,V,,,,,,,090926,,,N,V*00
[ 1056.3] $GPGGA,052617.39,,,,,0,03,99.99,,M,,M,,*68
[ 1056.3] $GPGLL,,,,,052617.39,V,N*47
[ 1056.3] $GPGSA,A,1,,,,,,,,,,,,,99.99,99.99,99.99,1*2D
[ 1056.3] $GPGSV,1,1,4,4,,,44,9,,,33,11,,,24,14,,,31,1*5C
[ 1056.3] $GPRMC,052617.39,V,,,,,,,090926,,,N,V*0E
[ 1057.3] $GPGGA,052619.10,3001.71513,S,05112.73267,W,1,04,1.88,139.45,M,,M,,*79
[ 1057.3] $GPGLL,3001.71513,S,05112.73267,W,052619.10,A,A*6D
[ 1057.3] $GPGSA,A,3,04,09,11,14,,,,,,,,,4.46,1.88,4.04,1*10
[ 1057.3] $GPGSV,1,1,4,4,36,101,44,9,61,146,33,11,16,258,24,14,15,345,31,1*53
[ 1057.3] $GPRMC,052619.10,A,3001.71513,S,05112.73267,W,0.36,0.00,090926,,,A,V*21
[ 1057.3] [00:17:36.991,027] <inf> gnss_sample: Time to fix: 89.4 s
[ 1057.3] [00:17:36.996,826] <inf> gnss_sample: Time GNSS was blocked by LTE: 29 s
[ 1057.3] [00:17:37.003,936] <inf> gnss_sample: Sleeping for 120 s
[ 1177.2] [00:19:36.900,054] <inf> gnss_sample: Deleting GNSS data
[ 1177.2] [00:19:36.918,395] <inf> gnss_sample: Assistance data needed: data_flags: 0x3f
[ 1177.2] [00:19:36.926,025] <inf> gnss_sample: Assistance data needed: QZSS ephe: 0xffffffff, alm: 0xffffffff
[ 1177.2] [00:19:36.935,577] <inf> gnss_sample: Assistance data needed: invalid ephe: 0x3ff, alm: 0x3ff
[ 1177.2] [00:19:36.952,880] <inf> gnss_sample: Requesting A-GNSS data: data_flags: 0x3f
[ 1177.2] [00:19:36.960,510] <inf> gnss_sample: Requesting A-GNSS data: QZSS ephe: 0xffffffff, alm: 0xffffffff
[ 1177.2] [00:19:36.970,092] <inf> gnss_sample: Requesting A-GNSS data: invalid ephe: 0x3ff, alm: 0x3ff
[ 1178.3] +CSCON: 1
[ 1178.8] [00:19:38.379,974] <inf> gnss_sample: Processing A-GNSS data
[ 1178.8] [00:19:38.397,705] <inf> gnss_sample: A-GNSS data processed
[ 1178.8] [00:19:38.403,656] <inf> gnss_sample: Starting GNSS
[ 1208.2] +CSCON: 0
[ 1208.2] $GPGGA,052849.78,,,,,0,,99.99,,M,,M,,*6B
[ 1208.2] $GPGLL,,,,,052849.78,V,N*47
[ 1208.2] $GPGSA,A,1,,,,,,,,,,,,,99.99,99.99,99.99,1*2D
[ 1208.2] $GPGSV,1,1,0,,,,,,,,,,,,,,,,,1*54
[ 1208.2] $GPRMC,052849.78,V,,,,,,,090926,,,N,V*0E
[ 1209.3] $GPGGA,052850.54,,,,,0,,99.99,,M,,M,,*6D
[ 1209.3] $GPGLL,,,,,052850.54,V,N*41
[ 1209.3] $GPGSA,A,1,,,,,,,,,,,,,99.99,99.99,99.99,1*2D
[ 1209.3] $GPGSV,1,1,1,4,,,46,1*63
[ 1209.3] $GPRMC,052850.54,V,,,,,,,090926,,,N,V*08
[ 1210.3] $GPGGA,052851.54,,,,,0,,99.99,,M,,M,,*6C
[ 1210.3] $GPGLL,,,,,052851.54,V,N*40
[ 1210.3] $GPGSA,A,1,,,,,,,,,,,,,99.99,99.99,99.99,1*2D
[ 1210.3] $GPGSV,1,1,1,4,,,44,1*61
[ 1210.3] $GPRMC,052851.54,V,,,,,,,090926,,,N,V*09
[ 1210.3] $GPGGA,052851.82,,,,,0,,99.99,,M,,M,,*67
[ 1210.3] $GPGLL,,,,,052851.82,V,N*4B
[ 1210.3] $GPGSA,A,1,,,,,,,,,,,,,99.99,99.99,99.99,1*2D
[ 1210.3] $GPGSV,1,1,2,4,,,44,9,,,35,1*5D
[ 1210.3] $GPRMC,052851.82,V,,,,,,,090926,,,N,V*02
[ 1211.4] $GPGGA,052852.82,,,,,0,,99.99,,M,,M,,*64
[ 1211.4] $GPGLL,,,,,052852.82,V,N*48
[ 1211.4] $GPGSA,A,1,,,,,,,,,,,,,99.99,99.99,99.99,1*2D
[ 1211.4] $GPGSV,1,1,2,4,,,45,9,,,35,1*5C
[ 1211.4] $GPRMC,052852.82,V,,,,,,,090926,,,N,V*01
[ 1212.4] $GPGGA,052853.82,,,,,0,,99.99,,M,,M,,*65
[ 1212.4] $GPGLL,,,,,052853.82,V,N*49
[ 1212.4] $GPGSA,A,1,,,,,,,,,,,,,99.99,99.99,99.99,1*2D
[ 1212.4] $GPGSV,1,1,2,4,,,45,9,,,30,1*59
[ 1212.4] $GPRMC,052853.82,V,,,,,,,090926,,,N,V*00
[ 1212.9] $GPGGA,052854.47,,,,,0,,99.99,,M,,M,,*6B
[ 1212.9] $GPGLL,,,,,052854.47,V,N*47
[ 1212.9] $GPGSA,A,1,,,,,,,,,,,,,99.99,99.99,99.99,1*2D
[ 1212.9] $GPGSV,1,1,2,4,,,44,9,,,32,1*5A
[ 1212.9] $GPRMC,052854.47,V,,,,,,,090926,,,N,V*0E
[ 1214.5] $GPGGA,052855.62,,,,,0,,99.99,,M,,M,,*6D
[ 1214.5] $GPGLL,,,,,052855.62,V,N*41
[ 1214.5] $GPGSA,A,1,,,,,,,,,,,,,99.99,99.99,99.99,1*2D
[ 1214.5] $GPGSV,1,1,2,4,,,43,9,,,33,1*5C
[ 1214.5] $GPRMC,052855.62,V,,,,,,,090926,,,N,V*08
[ 1215.0] $GPGGA,052856.66,,,,,0,,99.99,,M,,M,,*6A
[ 1215.0] $GPGLL,,,,,052856.66,V,N*46
[ 1215.0] $GPGSA,A,1,,,,,,,,,,,,,99.99,99.99,99.99,1*2D
[ 1215.0] $GPGSV,1,1,2,4,,,43,9,,,33,1*5C
[ 1215.0] $GPRMC,052856.66,V,,,,,,,090926,,,N,V*0F
[ 1215.6] $GPGGA,052856.91,,,,,0,,99.99,,M,,M,,*62
[ 1215.6] $GPGLL,,,,,052856.91,V,N*4E
[ 1215.6] $GPGSA,A,1,,,,,,,,,,,,,99.99,99.99,99.99,1*2D
[ 1215.6] $GPGSV,1,1,2,4,,,43,9,,,33,1*5C
[ 1215.6] $GPRMC,052856.91,V,,,,,,,090926,,,N,V*07
[ 1216.6] $GPGGA,052857.91,,,,,0,,99.99,,M,,M,,*63
[ 1216.6] $GPGLL,,,,,052857.91,V,N*4F
[ 1216.6] $GPGSA,A,1,,,,,,,,,,,,,99.99,99.99,99.99,1*2D
[ 1216.6] $GPGSV,1,1,2,4,,,46,9,,,34,1*5E
[ 1216.6] $GPRMC,052857.91,V,,,,,,,090926,,,N,V*06
[ 1217.7] $GPGGA,052858.91,,,,,0,,99.99,,M,,M,,*6C
[ 1217.7] $GPGLL,,,,,052858.91,V,N*40
[ 1217.7] $GPGSA,A,1,,,,,,,,,,,,,99.99,99.99,99.99,1*2D
[ 1217.7] $GPGSV,1,1,2,4,,,46,9,,,35,1*5F
[ 1217.7] $GPRMC,052858.91,V,,,,,,,090926,,,N,V*09
[ 1218.7] $GPGGA,052859.91,,,,,0,,99.99,,M,,M,,*6D
[ 1218.7] $GPGLL,,,,,052859.91,V,N*41
[ 1218.7] $GPGSA,A,1,,,,,,,,,,,,,99.99,99.99,99.99,1*2D
[ 1218.7] $GPGSV,1,1,2,4,,,46,9,,,35,1*5F
[ 1218.7] $GPRMC,052859.91,V,,,,,,,090926,,,N,V*08
[ 1219.7] $GPGGA,052900.91,,,,,0,,99.99,,M,,M,,*60
[ 1219.7] $GPGLL,,,,,052900.91,V,N*4C
[ 1219.7] $GPGSA,A,1,,,,,,,,,,,,,99.99,99.99,99.99,1*2D
[ 1219.7] $GPGSV,1,1,2,4,,,46,9,,,35,1*5F
[ 1219.7] $GPRMC,052900.91,V,,,,,,,090926,,,N,V*05
[ 1220.3] $GPGGA,052901.91,,,,,0,,99.99,,M,,M,,*61
[ 1220.3] $GPGLL,,,,,052901.91,V,N*4D
[ 1220.8] $GPGSA,A,1,,,,,,,,,,,,,99.99,99.99,99.99,1*2D
[ 1220.8] $GPGSV,1,1,2,4,,,46,9,,,35,1*5F
[ 1220.8] $GPRMC,052901.91,V,,,,,,,090926,,,N,V*04
[ 1221.3] $GPGGA,052902.91,,,,,0,,99.99,,M,,M,,*62
[ 1221.3] $GPGLL,,,,,052902.91,V,N*4E
[ 1221.3] $GPGSA,A,1,,,,,,,,,,,,,99.99,99.99,99.99,1*2D
[ 1221.3] $GPGSV,1,1,3,4,,,45,9,,,33,11,,,28,1*51
[ 1221.3] $GPRMC,052902.91,V,,,,,,,090926,,,N,V*07
[ 1222.4] $GPGGA,052903.91,,,,,0,,99.99,,M,,M,,*63
[ 1222.4] $GPGLL,,,,,052903.91,V,N*4F
[ 1222.4] $GPGSA,A,1,,,,,,,,,,,,,99.99,99.99,99.99,1*2D
[ 1222.4] $GPGSV,1,1,3,4,,,45,9,,,33,11,,,28,1*51
[ 1222.4] $GPRMC,052903.91,V,,,,,,,090926,,,N,V*06
[ 1223.4] $GPGGA,052904.91,,,,,0,,99.99,,M,,M,,*64
[ 1223.4] $GPGLL,,,,,052904.91,V,N*48
[ 1223.4] $GPGSA,A,1,,,,,,,,,,,,,99.99,99.99,99.99,1*2D
[ 1223.4] $GPGSV,1,1,3,4,,,45,9,,,33,11,,,28,1*51
[ 1223.4] $GPRMC,052904.91,V,,,,,,,090926,,,N,V*01
[ 1224.5] $GPGGA,052905.91,,,,,0,,99.99,,M,,M,,*65
[ 1224.5] $GPGLL,,,,,052905.91,V,N*49
[ 1224.5] $GPGSA,A,1,,,,,,,,,,,,,99.99,99.99,99.99,1*2D
[ 1224.5] $GPGSV,1,1,3,4,,,45,9,,,33,11,,,28,1*51
[ 1224.5] $GPRMC,052905.91,V,,,,,,,090926,,,N,V*00
[ 1225.5] $GPGGA,052906.91,,,,,0,,99.99,,M,,M,,*66
[ 1225.5] $GPGLL,,,,,052906.91,V,N*4A
[ 1225.5] $GPGSA,A,1,,,,,,,,,,,,,99.99,99.99,99.99,1*2D
[ 1225.5] $GPGSV,3,1,12,3,,,21,4,,,45,6,,,22,9,,,35,1*69
[ 1225.5] $GPGSV,3,2,12,11,,,28,14,,,26,16,,,18,28,,,22,1*69
[ 1225.5] $GPGSV,3,3,12,29,,,18,30,,,18,31,,,18,32,,,22,1*65
[ 1225.5] $GPRMC,052906.91,V,,,,,,,090926,,,N,V*03
[ 1226.0] $GPGGA,052907.55,,,,,0,,99.99,,M,,M,,*6F
[ 1226.0] $GPGLL,,,,,052907.55,V,N*43
[ 1226.0] $GPGSA,A,1,,,,,,,,,,,,,99.99,99.99,99.99,1*2D
[ 1226.0] $GPGSV,3,1,12,3,,,24,4,,,45,6,,,24,9,,,32,1*6D
[ 1226.0] $GPGSV,3,2,12,11,,,28,14,,,26,16,,,23,28,,,24,1*67
[ 1226.0] $GPGSV,3,3,12,29,,,23,30,,,23,31,,,23,32,,,24,1*6B
[ 1226.0] $GPRMC,052907.55,V,,,,,,,090926,,,N,V*0A
[ 1227.1] $GPGGA,052908.55,,,,,0,,99.99,,M,,M,,*60
[ 1227.1] $GPGLL,,,,,052908.55,V,N*4C
[ 1227.1] $GPGSA,A,1,,,,,,,,,,,,,99.99,99.99,99.99,1*2D
[ 1227.1] $GPGSV,3,1,12,3,,,24,4,,,43,6,,,24,9,,,32,1*6B
[ 1227.1] $GPGSV,3,2,12,11,,,29,14,,,26,16,,,24,28,,,24,1*61
[ 1227.1] $GPGSV,3,3,12,29,,,24,30,,,24,31,,,24,32,,,24,1*6C
[ 1227.1] $GPRMC,052908.55,V,,,,,,,090926,,,N,V*05
[ 1228.1] $GPGGA,052909.55,,,,,0,,99.99,,M,,M,,*61
[ 1228.1] $GPGLL,,,,,052909.55,V,N*4D
[ 1228.1] $GPGSA,A,1,,,,,,,,,,,,,99.99,99.99,99.99,1*2D
[ 1228.1] $GPGSV,3,1,12,3,,,24,4,,,43,6,,,24,9,,,33,1*6A
[ 1228.1] $GPGSV,3,2,12,11,,,29,14,,,26,16,,,24,28,,,24,1*61
[ 1228.1] $GPGSV,3,3,12,29,,,25,30,,,24,31,,,25,32,,,25,1*6D
[ 1228.1] $GPRMC,052909.55,V,,,,,,,090926,,,N,V*04
[ 1229.2] $GPGGA,052910.55,,,,,0,,99.99,,M,,M,,*69
[ 1229.2] $GPGLL,,,,,052910.55,V,N*45
[ 1229.2] $GPGSA,A,1,,,,,,,,,,,,,99.99,99.99,99.99,1*2D
[ 1229.2] $GPGSV,3,1,12,3,,,24,4,,,43,6,,,24,9,,,33,1*6A
[ 1229.2] $GPGSV,3,2,12,11,,,29,14,,,26,16,,,24,28,,,25,1*60
[ 1229.2] $GPGSV,3,3,12,29,,,25,30,,,24,31,,,25,32,,,24,1*6C
[ 1229.2] $GPRMC,052910.55,V,,,,,,,090926,,,N,V*0C
[ 1230.2] $GPGGA,052911.55,,,,,0,,99.99,,M,,M,,*68
[ 1230.2] $GPGLL,,,,,052911.55,V,N*44
[ 1230.2] $GPGSA,A,1,,,,,,,,,,,,,99.99,99.99,99.99,1*2D
[ 1230.2] $GPGSV,3,1,12,3,,,25,4,,,43,6,,,24,9,,,33,1*6B
[ 1230.2] $GPGSV,3,2,12,11,,,29,14,,,26,16,,,25,28,,,24,1*60
[ 1230.2] $GPGSV,3,3,12,29,,,25,30,,,25,31,,,25,32,,,24,1*6D
[ 1230.2] $GPRMC,052911.55,V,,,,,,,090926,,,N,V*0D
[ 1231.3] $GPGGA,052912.55,,,,,0,,99.99,,M,,M,,*6B
[ 1231.3] $GPGLL,,,,,052912.55,V,N*47
[ 1231.3] $GPGSA,A,1,,,,,,,,,,,,,99.99,99.99,99.99,1*2D
[ 1231.3] $GPGSV,3,1,12,3,,,25,4,,,43,6,,,24,9,,,33,1*6B
[ 1231.3] $GPGSV,3,2,12,11,,,29,14,,,26,16,,,25,28,,,24,1*60
[ 1231.3] $GPGSV,3,3,12,29,,,25,30,,,25,31,,,24,32,,,25,1*6D
[ 1231.3] $GPRMC,052912.55,V,,,,,,,090926,,,N,V*0E
[ 1232.3] $GPGGA,052913.55,,,,,0,,99.99,,M,,M,,*6A
[ 1232.3] $GPGLL,,,,,052913.55,V,N*46
[ 1232.3] $GPGSA,A,1,,,,,,,,,,,,,99.99,99.99,99.99,1*2D
[ 1232.3] $GPGSV,3,1,12,3,,,25,4,,,43,6,,,25,9,,,33,1*6A
[ 1232.3] $GPGSV,3,2,12,11,,,28,14,,,26,16,,,25,28,,,25,1*60
[ 1232.3] $GPGSV,3,3,12,29,,,25,30,,,25,31,,,24,32,,,25,1*6D
[ 1232.3] $GPRMC,052913.55,V,,,,,,,090926,,,N,V*0F
[ 1233.4] $GPGGA,052914.55,,,,,0,,99.99,,M,,M,,*6D
[ 1233.4] $GPGLL,,,,,052914.55,V,N*41
[ 1233.4] $GPGSA,A,1,,,,,,,,,,,,,99.99,99.99,99.99,1*2D
[ 1233.4] $GPGSV,1,1,4,4,,,43,9,,,33,11,,,28,14,,,26,1*51
[ 1233.4] $GPRMC,052914.55,V,,,,,,,090926,,,N,V*08
[ 1234.4] $GPGGA,052915.55,,,,,0,,99.99,,M,,M,,*6C
[ 1234.4] $GPGLL,,,,,052915.55,V,N*40
[ 1234.4] $GPGSA,A,1,,,,,,,,,,,,,99.99,99.99,99.99,1*2D
[ 1234.4] $GPGSV,1,1,4,4,,,43,9,,,33,11,,,28,14,,,25,1*52
[ 1234.4] $GPRMC,052915.55,V,,,,,,,090926,,,N,V*09
[ 1235.0] $GPGGA,052916.55,,,,,0,,99.99,,M,,M,,*6F
[ 1235.0] $GPGLL,,,,,052916.55,V,N*43
[ 1235.0] $GPGSA,A,1,,,,,,,,,,,,,99.99,99.99,99.99,1*2D
[ 1235.0] $GPGSV,1,1,4,4,,,43,9,,,33,11,,,29,14,,,26,1*50
[ 1235.0] $GPRMC,052916.55,V,,,,,,,090926,,,N,V*0A
[ 1236.0] $GPGGA,052917.55,,,,,0,,99.99,,M,,M,,*6E
[ 1236.0] $GPGLL,,,,,052917.55,V,N*42
[ 1236.0] $GPGSA,A,1,,,,,,,,,,,,,99.99,99.99,99.99,1*2D
[ 1236.0] $GPGSV,1,1,4,4,,,43,9,,,33,11,,,29,14,,,25,1*53
[ 1236.0] $GPRMC,052917.55,V,,,,,,,090926,,,N,V*0B
[ 1237.0] $GPGGA,052918.55,,,,,0,,99.99,,M,,M,,*61
[ 1237.0] $GPGLL,,,,,052918.55,V,N*4D
[ 1237.0] $GPGSA,A,1,,,,,,,,,,,,,99.99,99.99,99.99,1*2D
[ 1237.0] $GPGSV,1,1,4,4,,,43,9,,,32,11,,,29,14,,,25,1*52
[ 1237.0] $GPRMC,052918.55,V,,,,,,,090926,,,N,V*04
[ 1238.1] $GPGGA,052919.55,,,,,0,,99.99,,M,,M,,*60
[ 1238.1] $GPGLL,,,,,052919.55,V,N*4C
[ 1238.1] $GPGSA,A,1,,,,,,,,,,,,,99.99,99.99,99.99,1*2D
[ 1238.1] $GPGSV,2,1,5,4,,,43,9,,,33,11,,,29,14,,,24,1*50
[ 1238.1] $GPGSV,2,2,5,16,,,26,1*52
[ 1238.1] $GPRMC,052919.55,V,,,,,,,090926,,,N,V*05
[ 1239.1] $GPGGA,052920.55,,,,,0,,99.99,,M,,M,,*6A
[ 1239.1] $GPGLL,,,,,052920.55,V,N*46
[ 1239.1] $GPGSA,A,1,,,,,,,,,,,,,99.99,99.99,99.99,1*2D
[ 1239.1] $GPGSV,2,1,5,4,,,43,9,,,33,11,,,29,14,,,24,1*50
[ 1239.1] $GPGSV,2,2,5,16,,,25,1*51
[ 1239.1] $GPRMC,052920.55,V,,,,,,,090926,,,N,V*0F
[ 1240.2] $GPGGA,052921.55,,,,,0,,99.99,,M,,M,,*6B
[ 1240.2] $GPGLL,,,,,052921.55,V,N*47
[ 1240.2] $GPGSA,A,1,,,,,,,,,,,,,99.99,99.99,99.99,1*2D
[ 1240.2] $GPGSV,2,1,5,4,,,43,9,,,33,11,,,29,14,,,24,1*50
[ 1240.2] $GPGSV,2,2,5,16,,,25,1*51
[ 1240.2] $GPRMC,052921.55,V,,,,,,,090926,,,N,V*0E
[ 1241.2] $GPGGA,052922.55,,,,,0,,99.99,,M,,M,,*68
[ 1241.2] $GPGLL,,,,,052922.55,V,N*44
[ 1241.2] $GPGSA,A,1,,,,,,,,,,,,,99.99,99.99,99.99,1*2D
[ 1241.2] $GPGSV,2,1,5,4,,,43,9,,,33,11,,,29,14,,,24,1*50
[ 1241.2] $GPGSV,2,2,5,16,,,25,1*51
[ 1241.2] $GPRMC,052922.55,V,,,,,,,090926,,,N,V*0D
[ 1242.3] $GPGGA,052923.55,,,,,0,,99.99,,M,,M,,*69
[ 1242.3] $GPGLL,,,,,052923.55,V,N*45
[ 1242.3] $GPGSA,A,1,,,,,,,,,,,,,99.99,99.99,99.99,1*2D
[ 1242.3] $GPGSV,1,1,4,4,,,43,9,,,33,11,,,29,14,,,24,1*52
[ 1242.3] $GPRMC,052923.55,V,,,,,,,090926,,,N,V*0C
[ 1243.3] $GPGGA,052924.55,,,,,0,,99.99,,M,,M,,*6E
[ 1243.3] $GPGLL,,,,,052924.55,V,N*42
[ 1243.3] $GPGSA,A,1,,,,,,,,,,,,,99.99,99.99,99.99,1*2D
[ 1243.3] $GPGSV,1,1,4,4,,,43,9,,,33,11,,,29,14,,,24,1*52
[ 1243.3] $GPRMC,052924.55,V,,,,,,,090926,,,N,V*0B
[ 1244.4] $GPGGA,052925.55,,,,,0,,99.99,,M,,M,,*6F
[ 1244.4] $GPGLL,,,,,052925.55,V,N*43
[ 1244.4] $GPGSA,A,1,,,,,,,,,,,,,99.99,99.99,99.99,1*2D
[ 1244.4] $GPGSV,1,1,4,4,,,43,9,,,33,11,,,29,14,,,24,1*52
[ 1244.4] $GPRMC,052925.55,V,,,,,,,090926,,,N,V*0A
[ 1245.4] $GPGGA,052926.55,,,,,0,,99.99,,M,,M,,*6C
[ 1245.4] $GPGLL,,,,,052926.55,V,N*40
[ 1245.4] $GPGSA,A,1,,,,,,,,,,,,,99.99,99.99,99.99,1*2D
[ 1245.4] $GPGSV,1,1,4,4,,,43,9,,,33,11,,,30,14,,,24,1*5A
[ 1245.4] $GPRMC,052926.55,V,,,,,,,090926,,,N,V*09
[ 1245.9] $GPGGA,052927.55,,,,,0,,99.99,,M,,M,,*6D
[ 1245.9] $GPGLL,,,,,052927.55,V,N*41
[ 1245.9] $GPGSA,A,1,,,,,,,,,,,,,99.99,99.99,99.99,1*2D
[ 1245.9] $GPGSV,1,1,4,4,,,43,9,,,33,11,,,30,14,,,24,1*5A
[ 1245.9] $GPRMC,052927.55,V,,,,,,,090926,,,N,V*08
[ 1247.0] $GPGGA,052928.55,,,,,0,,99.99,,M,,M,,*62
[ 1247.0] $GPGLL,,,,,052928.55,V,N*4E
[ 1247.0] $GPGSA,A,1,,,,,,,,,,,,,99.99,99.99,99.99,1*2D
[ 1247.0] $GPGSV,1,1,4,4,,,43,9,,,33,11,,,30,14,,,24,1*5A
[ 1247.0] $GPRMC,052928.55,V,,,,,,,090926,,,N,V*07
[ 1248.0] $GPGGA,052929.55,,,,,0,03,99.99,,M,,M,,*60
[ 1248.0] $GPGLL,,,,,052929.55,V,N*4F
[ 1248.0] $GPGSA,A,1,,,,,,,,,,,,,99.99,99.99,99.99,1*2D
[ 1248.0] $GPGSV,1,1,4,4,,,43,9,,,33,11,,,30,14,,,23,1*5D
[ 1248.0] $GPRMC,052929.55,V,,,,,,,090926,,,N,V*06
[ 1249.1] $GPGGA,052930.55,,,,,0,03,99.99,,M,,M,,*68
[ 1249.1] $GPGLL,,,,,052930.55,V,N*47
[ 1249.1] $GPGSA,A,1,,,,,,,,,,,,,99.99,99.99,99.99,1*2D
[ 1249.1] $GPGSV,1,1,4,4,,,43,9,,,32,11,,,30,14,,,23,1*5C
[ 1249.1] $GPRMC,052930.55,V,,,,,,,090926,,,N,V*0E
[ 1250.1] $GPGGA,052931.55,,,,,0,03,99.99,,M,,M,,*69
[ 1250.1] $GPGLL,,,,,052931.55,V,N*46
[ 1250.1] $GPGSA,A,1,,,,,,,,,,,,,99.99,99.99,99.99,1*2D
[ 1250.1] $GPGSV,1,1,4,4,,,43,9,,,32,11,,,30,14,,,23,1*5C
[ 1250.1] $GPRMC,052931.55,V,,,,,,,090926,,,N,V*0F
[ 1251.2] $GPGGA,052932.55,,,,,0,03,99.99,,M,,M,,*6A
[ 1251.2] $GPGLL,,,,,052932.55,V,N*45
[ 1251.2] $GPGSA,A,1,,,,,,,,,,,,,99.99,99.99,99.99,1*2D
[ 1251.2] $GPGSV,1,1,4,4,,,43,9,,,32,11,,,30,14,,,23,1*5C
[ 1251.2] $GPRMC,052932.55,V,,,,,,,090926,,,N,V*0C
[ 1252.2] $GPGGA,052933.55,,,,,0,03,99.99,,M,,M,,*6B
[ 1252.2] $GPGLL,,,,,052933.55,V,N*44
[ 1252.2] $GPGSA,A,1,,,,,,,,,,,,,99.99,99.99,99.99,1*2D
[ 1252.3] $GPGSV,1,1,4,4,,,43,9,,,33,11,,,30,14,,,23,1*5D
[ 1252.3] $GPRMC,052933.55,V,,,,,,,090926,,,N,V*0D
[ 1253.3] $GPGGA,052934.55,,,,,0,03,99.99,,M,,M,,*6C
[ 1253.3] $GPGLL,,,,,052934.55,V,N*43
[ 1253.3] $GPGSA,A,1,,,,,,,,,,,,,99.99,99.99,99.99,1*2D
[ 1253.3] $GPGSV,1,1,4,4,,,43,9,,,32,11,,,30,14,,,24,1*5B
[ 1253.3] $GPRMC,052934.55,V,,,,,,,090926,,,N,V*0A
[ 1254.4] $GPGGA,052935.55,,,,,0,03,99.99,,M,,M,,*6D
[ 1254.4] $GPGLL,,,,,052935.55,V,N*42
[ 1254.4] $GPGSA,A,1,,,,,,,,,,,,,99.99,99.99,99.99,1*2D
[ 1254.4] $GPGSV,1,1,4,4,,,43,9,,,32,11,,,30,14,,,24,1*5B
[ 1254.4] $GPRMC,052935.55,V,,,,,,,090926,,,N,V*0B
[ 1255.4] $GPGGA,052936.55,,,,,0,03,99.99,,M,,M,,*6E
[ 1255.4] $GPGLL,,,,,052936.55,V,N*41
[ 1255.4] $GPGSA,A,1,,,,,,,,,,,,,99.99,99.99,99.99,1*2D
[ 1255.4] $GPGSV,2,1,5,4,,,43,6,,,25,9,,,32,11,,,30,1*6B
[ 1255.4] $GPGSV,2,2,5,14,,,24,1*52
[ 1255.4] $GPRMC,052936.55,V,,,,,,,090926,,,N,V*08
[ 1255.9] $GPGGA,052937.55,,,,,0,03,99.99,,M,,M,,*6F
[ 1255.9] $GPGLL,,,,,052937.55,V,N*40
[ 1255.9] $GPGSA,A,1,,,,,,,,,,,,,99.99,99.99,99.99,1*2D
[ 1255.9] $GPGSV,2,1,5,4,,,43,6,,,25,9,,,32,11,,,30,1*6B
[ 1255.9] $GPGSV,2,2,5,14,,,23,1*55
[ 1256.5] $GPRMC,052937.55,V,,,,,,,090926,,,N,V*09
[ 1257.0] $GPGGA,052938.55,,,,,0,03,99.99,,M,,M,,*60
[ 1257.0] $GPGLL,,,,,052938.55,V,N*4F
[ 1257.0] $GPGSA,A,1,,,,,,,,,,,,,99.99,99.99,99.99,1*2D
[ 1257.0] $GPGSV,2,1,5,4,,,43,6,,,25,9,,,32,11,,,30,1*6B
[ 1257.0] $GPGSV,2,2,5,14,,,23,1*55
[ 1257.0] $GPRMC,052938.55,V,,,,,,,090926,,,N,V*06
[ 1258.0] $GPGGA,052939.55,,,,,0,03,99.99,,M,,M,,*61
[ 1258.0] $GPGLL,,,,,052939.55,V,N*4E
[ 1258.0] $GPGSA,A,1,,,,,,,,,,,,,99.99,99.99,99.99,1*2D
[ 1258.0] $GPGSV,2,1,6,4,,,43,6,,,24,9,,,32,11,,,30,1*69
[ 1258.0] $GPGSV,2,2,6,14,,,24,22,,,26,1*55
[ 1258.0] $GPRMC,052939.55,V,,,,,,,090926,,,N,V*07
[ 1259.1] $GPGGA,052940.55,,,,,0,03,99.99,,M,,M,,*6F
[ 1259.1] $GPGLL,,,,,052940.55,V,N*40
[ 1259.1] $GPGSA,A,1,,,,,,,,,,,,,99.99,99.99,99.99,1*2D
[ 1259.1] $GPGSV,2,1,5,4,,,43,9,,,32,11,,,30,14,,,24,1*59
[ 1259.1] $GPGSV,2,2,5,22,,,25,1*56
[ 1259.1] $GPRMC,052940.55,V,,,,,,,090926,,,N,V*09
[ 1260.1] $GPGGA,052941.55,,,,,0,03,99.99,,M,,M,,*6E
[ 1260.1] $GPGLL,,,,,052941.55,V,N*41
[ 1260.1] $GPGSA,A,1,,,,,,,,,,,,,99.99,99.99,99.99,1*2D
[ 1260.1] $GPGSV,2,1,5,4,,,43,9,,,32,11,,,30,14,,,24,1*59
[ 1260.1] $GPGSV,2,2,5,22,,,25,1*56
[ 1260.1] $GPRMC,052941.55,V,,,,,,,090926,,,N,V*08
[ 1261.2] $GPGGA,052942.55,,,,,0,03,99.99,,M,,M,,*6D
[ 1261.2] $GPGLL,,,,,052942.55,V,N*42
[ 1261.2] $GPGSA,A,1,,,,,,,,,,,,,99.99,99.99,99.99,1*2D
[ 1261.2] $GPGSV,2,1,5,4,,,43,9,,,32,11,,,30,14,,,23,1*5E
[ 1261.2] $GPGSV,2,2,5,22,,,25,1*56
[ 1261.2] $GPRMC,052942.55,V,,,,,,,090926,,,N,V*0B
[ 1262.2] $GPGGA,052943.55,,,,,0,03,99.99,,M,,M,,*6C
[ 1262.2] $GPGLL,,,,,052943.55,V,N*43
[ 1262.2] $GPGSA,A,1,,,,,,,,,,,,,99.99,99.99,99.99,1*2D
[ 1262.2] $GPGSV,1,1,4,4,,,43,9,,,32,11,,,30,14,,,23,1*5C
[ 1262.2] $GPRMC,052943.55,V,,,,,,,090926,,,N,V*0A
[ 1263.3] $GPGGA,052944.55,,,,,0,03,99.99,,M,,M,,*6B
[ 1263.3] $GPGLL,,,,,052944.55,V,N*44
[ 1263.3] $GPGSA,A,1,,,,,,,,,,,,,99.99,99.99,99.99,1*2D
[ 1263.3] $GPGSV,1,1,4,4,,,43,9,,,32,11,,,30,14,,,23,1*5C
[ 1263.3] $GPRMC,052944.55,V,,,,,,,090926,,,N,V*0D
[ 1264.3] $GPGGA,052945.55,,,,,0,03,99.99,,M,,M,,*6A
[ 1264.3] $GPGLL,,,,,052945.55,V,N*45
[ 1264.3] $GPGSA,A,1,,,,,,,,,,,,,99.99,99.99,99.99,1*2D
[ 1264.3] $GPGSV,2,1,5,4,,,43,9,,,32,11,,,31,14,,,23,1*5F
[ 1264.3] $GPGSV,2,2,5,24,,,26,1*53
[ 1264.3] $GPRMC,052945.55,V,,,,,,,090926,,,N,V*0C
[ 1265.4] $GPGGA,052946.55,,,,,0,03,99.99,,M,,M,,*69
[ 1265.4] $GPGLL,,,,,052946.55,V,N*46
[ 1265.4] $GPGSA,A,1,,,,,,,,,,,,,99.99,99.99,99.99,1*2D
[ 1265.4] $GPGSV,2,1,5,4,,,43,9,,,32,11,,,31,14,,,23,1*5F
[ 1265.4] $GPGSV,2,2,5,24,,,25,1*50
[ 1265.4] $GPRMC,052946.55,V,,,,,,,090926,,,N,V*0F
[ 1266.4] $GPGGA,052947.55,,,,,0,03,99.99,,M,,M,,*68
[ 1266.4] $GPGLL,,,,,052947.55,V,N*47
[ 1266.4] $GPGSA,A,1,,,,,,,,,,,,,99.99,99.99,99.99,1*2D
[ 1266.4] $GPGSV,2,1,5,4,,,43,9,,,32,11,,,30,14,,,23,1*5E
[ 1266.4] $GPGSV,2,2,5,24,,,25,1*50
[ 1266.4] $GPRMC,052947.55,V,,,,,,,090926,,,N,V*0E
[ 1267.0] $GPGGA,052948.55,,,,,0,03,99.99,,M,,M,,*67
[ 1267.0] $GPGLL,,,,,052948.55,V,N*48
[ 1267.0] $GPGSA,A,1,,,,,,,,,,,,,99.99,99.99,99.99,1*2D
[ 1267.0] $GPGSV,2,1,5,4,,,43,9,,,32,11,,,30,14,,,22,1*5F
[ 1267.0] $GPGSV,2,2,5,24,,,25,1*50
[ 1267.0] $GPRMC,052948.55,V,,,,,,,090926,,,N,V*01
[ 1268.0] $GPGGA,052949.55,,,,,0,03,99.99,,M,,M,,*66
[ 1268.0] $GPGLL,,,,,052949.55,V,N*49
[ 1268.0] $GPGSA,A,1,,,,,,,,,,,,,99.99,99.99,99.99,1*2D
[ 1268.0] $GPGSV,1,1,4,4,,,43,9,,,32,11,,,30,14,,,22,1*5D
[ 1268.0] $GPRMC,052949.55,V,,,,,,,090926,,,N,V*00
[ 1269.0] $GPGGA,052950.55,,,,,0,03,99.99,,M,,M,,*6E
[ 1269.0] $GPGLL,,,,,052950.55,V,N*41
[ 1269.0] $GPGSA,A,1,,,,,,,,,,,,,99.99,99.99,99.99,1*2D
[ 1269.0] $GPGSV,1,1,4,4,,,43,9,,,32,11,,,30,14,,,21,1*5E
[ 1269.0] $GPRMC,052950.55,V,,,,,,,090926,,,N,V*08
[ 1270.1] $GPGGA,052951.55,,,,,0,03,99.99,,M,,M,,*6F
[ 1270.1] $GPGLL,,,,,052951.55,V,N*40
[ 1270.1] $GPGSA,A,1,,,,,,,,,,,,,99.99,99.99,99.99,1*2D
[ 1270.1] $GPGSV,1,1,4,4,,,43,9,,,33,11,,,30,14,,,21,1*5F
[ 1270.1] $GPRMC,052951.55,V,,,,,,,090926,,,N,V*09
[ 1271.1] $GPGGA,052952.55,,,,,0,03,99.99,,M,,M,,*6C
[ 1271.1] $GPGLL,,,,,052952.55,V,N*43
[ 1271.1] $GPGSA,A,1,,,,,,,,,,,,,99.99,99.99,99.99,1*2D
[ 1271.1] $GPGSV,1,1,4,4,,,43,9,,,32,11,,,30,14,,,22,1*5D
[ 1271.1] $GPRMC,052952.55,V,,,,,,,090926,,,N,V*0A
[ 1272.2] $GPGGA,052953.55,,,,,0,03,99.99,,M,,M,,*6D
[ 1272.2] $GPGLL,,,,,052953.55,V,N*42
[ 1272.2] $GPGSA,A,1,,,,,,,,,,,,,99.99,99.99,99.99,1*2D
[ 1272.2] $GPGSV,1,1,4,4,,,43,9,,,33,11,,,30,14,,,21,1*5F
[ 1272.2] $GPRMC,052953.55,V,,,,,,,090926,,,N,V*0B
[ 1273.2] $GPGGA,052954.55,,,,,0,03,99.99,,M,,M,,*6A
[ 1273.2] $GPGLL,,,,,052954.55,V,N*45
[ 1273.2] $GPGSA,A,1,,,,,,,,,,,,,99.99,99.99,99.99,1*2D
[ 1273.2] $GPGSV,1,1,4,4,,,43,9,,,33,11,,,30,14,,,20,1*5E
[ 1273.2] $GPRMC,052954.55,V,,,,,,,090926,,,N,V*0C
[ 1274.3] $GPGGA,052955.55,,,,,0,03,99.99,,M,,M,,*6B
[ 1274.3] $GPGLL,,,,,052955.55,V,N*44
[ 1274.3] $GPGSA,A,1,,,,,,,,,,,,,99.99,99.99,99.99,1*2D
[ 1274.3] $GPGSV,1,1,4,4,,,43,9,,,33,11,,,30,14,,,20,1*5E
[ 1274.3] $GPRMC,052955.55,V,,,,,,,090926,,,N,V*0D
[ 1275.3] $GPGGA,052956.55,,,,,0,03,99.99,,M,,M,,*68
[ 1275.3] $GPGLL,,,,,052956.55,V,N*47
[ 1275.3] $GPGSA,A,1,,,,,,,,,,,,,99.99,99.99,99.99,1*2D
[ 1275.3] $GPGSV,1,1,4,4,,,43,9,,,33,11,,,30,14,,,20,1*5E
[ 1275.3] $GPRMC,052956.55,V,,,,,,,090926,,,N,V*0E
[ 1276.4] $GPGGA,052957.55,,,,,0,03,99.99,,M,,M,,*69
[ 1276.4] $GPGLL,,,,,052957.55,V,N*46
[ 1276.4] $GPGSA,A,1,,,,,,,,,,,,,99.99,99.99,99.99,1*2D
[ 1276.4] $GPGSV,1,1,4,4,,,43,9,,,33,11,,,29,14,,,19,1*5C
[ 1276.4] $GPRMC,052957.55,V,,,,,,,090926,,,N,V*0F
[ 1277.4] $GPGGA,052958.55,,,,,0,03,99.99,,M,,M,,*66
[ 1277.4] $GPGLL,,,,,052958.55,V,N*49
[ 1277.4] $GPGSA,A,1,,,,,,,,,,,,,99.99,99.99,99.99,1*2D
[ 1277.4] $GPGSV,1,1,4,4,,,42,9,,,33,11,,,29,14,,,18,1*5C
[ 1277.4] $GPRMC,052958.55,V,,,,,,,090926,,,N,V*00
[ 1278.0] $GPGGA,052959.55,,,,,0,03,99.99,,M,,M,,*67
[ 1278.0] $GPGLL,,,,,052959.55,V,N*48
[ 1278.0] $GPGSA,A,1,,,,,,,,,,,,,99.99,99.99,99.99,1*2D
[ 1278.0] $GPGSV,1,1,4,4,,,42,9,,,33,11,,,29,14,,,18,1*5C
[ 1278.0] $GPRMC,052959.55,V,,,,,,,090926,,,N,V*01
[ 1279.0] $GPGGA,053000.55,,,,,0,03,99.99,,M,,M,,*63
[ 1279.0] $GPGLL,,,,,053000.55,V,N*4C
[ 1279.0] $GPGSA,A,1,,,,,,,,,,,,,99.99,99.99,99.99,1*2D
[ 1279.0] $GPGSV,1,1,4,4,,,42,9,,,33,11,,,29,14,,,18,1*5C
[ 1279.0] $GPRMC,053000.55,V,,,,,,,090926,,,N,V*05
[ 1280.1] $GPGGA,053001.55,,,,,0,03,99.99,,M,,M,,*62
[ 1280.1] $GPGLL,,,,,053001.55,V,N*4D
[ 1280.1] $GPGSA,A,1,,,,,,,,,,,,,99.99,99.99,99.99,1*2D
[ 1280.1] $GPGSV,1,1,4,4,,,42,9,,,33,11,,,29,14,,,19,1*5D
[ 1280.1] $GPRMC,053001.55,V,,,,,,,090926,,,N,V*04
[ 1281.1] $GPGGA,053002.55,,,,,0,03,99.99,,M,,M,,*61
[ 1281.1] $GPGLL,,,,,053002.55,V,N*4E
[ 1281.1] $GPGSA,A,1,,,,,,,,,,,,,99.99,99.99,99.99,1*2D
[ 1281.1] $GPGSV,1,1,4,4,,,42,9,,,33,11,,,29,14,,,19,1*5D
[ 1281.1] $GPRMC,053002.55,V,,,,,,,090926,,,N,V*07
[ 1282.2] $GPGGA,053003.55,,,,,0,03,99.99,,M,,M,,*60
[ 1282.2] $GPGLL,,,,,053003.55,V,N*4F
[ 1282.2] $GPGSA,A,1,,,,,,,,,,,,,99.99,99.99,99.99,1*2D
[ 1282.2] $GPGSV,1,1,4,4,,,42,9,,,33,11,,,29,14,,,19,1*5D
[ 1282.2] $GPRMC,053003.55,V,,,,,,,090926,,,N,V*06
[ 1283.2] $GPGGA,053004.55,,,,,0,03,99.99,,M,,M,,*67
[ 1283.2] $GPGLL,,,,,053004.55,V,N*48
[ 1283.2] $GPGSA,A,1,,,,,,,,,,,,,99.99,99.99,99.99,1*2D
[ 1283.2] $GPGSV,1,1,4,4,,,42,9,,,33,11,,,29,14,,,19,1*5D
[ 1283.2] $GPRMC,053004.55,V,,,,,,,090926,,,N,V*01
[ 1284.3] $GPGGA,053005.55,,,,,0,03,99.99,,M,,M,,*66
[ 1284.3] $GPGLL,,,,,053005.55,V,N*49
[ 1284.3] $GPGSA,A,1,,,,,,,,,,,,,99.99,99.99,99.99,1*2D
[ 1284.3] $GPGSV,1,1,4,4,,,42,9,,,33,11,,,28,14,,,18,1*5D
[ 1284.3] $GPRMC,053005.55,V,,,,,,,090926,,,N,V*00
[ 1285.3] $GPGGA,053006.55,,,,,0,03,99.99,,M,,M,,*65
[ 1285.3] $GPGLL,,,,,053006.55,V,N*4A
[ 1285.3] $GPGSA,A,1,,,,,,,,,,,,,99.99,99.99,99.99,1*2D
[ 1285.3] $GPGSV,1,1,4,4,,,42,9,,,33,11,,,28,14,,,19,1*5C
[ 1285.3] $GPRMC,053006.55,V,,,,,,,090926,,,N,V*03
[ 1286.3] $GPGGA,053007.55,,,,,0,03,99.99,,M,,M,,*64
[ 1286.3] $GPGLL,,,,,053007.55,V,N*4B
[ 1286.3] $GPGSA,A,1,,,,,,,,,,,,,99.99,99.99,99.99,1*2D
[ 1286.3] $GPGSV,1,1,4,4,,,42,9,,,33,11,,,28,14,,,18,1*5D
[ 1286.3] $GPRMC,053007.55,V,,,,,,,090926,,,N,V*02
[ 1287.4] $GPGGA,053008.55,,,,,0,03,99.99,,M,,M,,*6B
[ 1287.4] $GPGLL,,,,,053008.55,V,N*44
[ 1287.4] $GPGSA,A,1,,,,,,,,,,,,,99.99,99.99,99.99,1*2D
[ 1287.4] $GPGSV,1,1,4,4,,,42,9,,,33,11,,,28,14,,,18,1*5D
[ 1287.4] $GPRMC,053008.55,V,,,,,,,090926,,,N,V*0D
[ 1287.9] $GPGGA,053009.55,,,,,0,03,99.99,,M,,M,,*6A
[ 1287.9] $GPGLL,,,,,053009.55,V,N*45
[ 1287.9] $GPGSA,A,1,,,,,,,,,,,,,99.99,99.99,99.99,1*2D
[ 1287.9] $GPGSV,1,1,4,4,,,42,9,,,33,11,,,28,14,,,18,1*5D
[ 1287.9] $GPRMC,053009.55,V,,,,,,,090926,,,N,V*0C
[ 1289.0] $GPGGA,053010.55,,,,,0,03,99.99,,M,,M,,*62
[ 1289.0] $GPGLL,,,,,053010.55,V,N*4D
[ 1289.0] $GPGSA,A,1,,,,,,,,,,,,,99.99,99.99,99.99,1*2D
[ 1289.0] $GPGSV,1,1,4,4,,,42,9,,,34,11,,,28,14,,,17,1*55
[ 1289.0] $GPRMC,053010.55,V,,,,,,,090926,,,N,V*04
[ 1290.0] $GPGGA,053011.55,,,,,0,03,99.99,,M,,M,,*63
[ 1290.0] $GPGLL,,,,,053011.55,V,N*4C
[ 1290.0] $GPGSA,A,1,,,,,,,,,,,,,99.99,99.99,99.99,1*2D
[ 1290.0] $GPGSV,1,1,4,4,,,42,9,,,34,11,,,27,14,,,17,1*5A
[ 1290.0] $GPRMC,053011.55,V,,,,,,,090926,,,N,V*05
[ 1291.1] $GPGGA,053012.55,,,,,0,03,99.99,,M,,M,,*60
[ 1291.1] $GPGLL,,,,,053012.55,V,N*4F
[ 1291.1] $GPGSA,A,1,,,,,,,,,,,,,99.99,99.99,99.99,1*2D
[ 1291.1] $GPGSV,1,1,4,4,,,42,9,,,33,11,,,27,14,,,14,1*5E
[ 1291.1] $GPRMC,053012.55,V,,,,,,,090926,,,N,V*06
[ 1292.2] $GPGGA,053013.55,,,,,0,03,99.99,,M,,M,,*61
[ 1292.2] $GPGLL,,,,,053013.55,V,N*4E
[ 1292.2] $GPGSA,A,1,,,,,,,,,,,,,99.99,99.99,99.99,1*2D
[ 1292.2] $GPGSV,1,1,4,4,,,42,9,,,33,11,,,27,14,,,05,1*5E
[ 1292.2] $GPRMC,053013.55,V,,,,,,,090926,,,N,V*07
[ 1293.2] $GPGGA,053014.55,,,,,0,03,99.99,,M,,M,,*66
[ 1293.2] $GPGLL,,,,,053014.55,V,N*49
[ 1293.2] $GPGSA,A,1,,,,,,,,,,,,,99.99,99.99,99.99,1*2D
[ 1293.2] $GPGSV,1,1,4,4,,,42,9,,,33,11,,,27,14,,,09,1*52
[ 1293.2] $GPRMC,053014.55,V,,,,,,,090926,,,N,V*00
[ 1294.3] $GPGGA,053015.55,,,,,0,03,99.99,,M,,M,,*67
[ 1294.3] $GPGLL,,,,,053015.55,V,N*48
[ 1294.3] $GPGSA,A,1,,,,,,,,,,,,,99.99,99.99,99.99,1*2D
[ 1294.3] $GPGSV,1,1,4,4,,,42,9,,,33,11,,,26,14,,,12,1*59
[ 1294.3] $GPRMC,053015.55,V,,,,,,,090926,,,N,V*01
[ 1295.3] $GPGGA,053016.55,,,,,0,03,99.99,,M,,M,,*64
[ 1295.3] $GPGLL,,,,,053016.55,V,N*4B
[ 1295.3] $GPGSA,A,1,,,,,,,,,,,,,99.99,99.99,99.99,1*2D
[ 1295.3] $GPGSV,1,1,4,4,,,42,9,,,33,11,,,26,14,,,10,1*5B
[ 1295.3] $GPRMC,053016.55,V,,,,,,,090926,,,N,V*02
[ 1296.4] $GPGGA,053017.55,,,,,0,03,99.99,,M,,M,,*65
[ 1296.4] $GPGLL,,,,,053017.55,V,N*4A
[ 1296.4] $GPGSA,A,1,,,,,,,,,,,,,99.99,99.99,99.99,1*2D
[ 1296.4] $GPGSV,1,1,4,4,,,42,9,,,33,11,,,26,14,,,13,1*58
[ 1296.4] $GPRMC,053017.55,V,,,,,,,090926,,,N,V*03
[ 1297.4] $GPGGA,053018.55,,,,,0,03,99.99,,M,,M,,*6A
[ 1297.4] $GPGLL,,,,,053018.55,V,N*45
[ 1297.4] $GPGSA,A,1,,,,,,,,,,,,,99.99,99.99,99.99,1*2D
[ 1297.4] $GPGSV,1,1,4,4,,,42,9,,,33,11,,,25,14,,,14,1*5C
[ 1297.4] $GPRMC,053018.55,V,,,,,,,090926,,,N,V*0C
[ 1297.9] $GPGGA,053019.55,,,,,0,03,99.99,,M,,M,,*6B
[ 1297.9] $GPGLL,,,,,053019.55,V,N*44
[ 1297.9] $GPGSA,A,1,,,,,,,,,,,,,99.99,99.99,99.99,1*2D
[ 1297.9] $GPGSV,1,1,4,4,,,42,9,,,33,11,,,25,14,,,05,1*5C
[ 1297.9] $GPRMC,053019.55,V,,,,,,,090926,,,N,V*0D
[ 1299.0] $GPGGA,053020.55,,,,,0,03,99.99,,M,,M,,*61
[ 1299.0] $GPGLL,,,,,053020.55,V,N*4E
[ 1299.0] $GPGSA,A,1,,,,,,,,,,,,,99.99,99.99,99.99,1*2D
[ 1299.0] $GPGSV,1,1,4,4,,,42,9,,,33,11,,,25,14,,,05,1*5C
[ 1299.0] $GPRMC,053020.55,V,,,,,,,090926,,,N,V*07
[ 1300.1] $GPGGA,053021.55,,,,,0,03,99.99,,M,,M,,*60
[ 1300.1] $GPGLL,,,,,053021.55,V,N*4F
[ 1300.1] $GPGSA,A,1,,,,,,,,,,,,,99.99,99.99,99.99,1*2D
[ 1300.1] $GPGSV,1,1,4,4,,,42,9,,,33,11,,,25,14,,,05,1*5C
[ 1300.1] $GPRMC,053021.55,V,,,,,,,090926,,,N,V*06
[ 1301.1] $GPGGA,053022.55,,,,,0,03,99.99,,M,,M,,*63
[ 1301.1] $GPGLL,,,,,053022.55,V,N*4C
[ 1301.1] $GPGSA,A,1,,,,,,,,,,,,,99.99,99.99,99.99,1*2D
[ 1301.1] $GPGSV,1,1,4,4,,,42,9,,,32,11,,,25,14,,,08,1*50
[ 1301.1] $GPRMC,053022.55,V,,,,,,,090926,,,N,V*05
[ 1302.1] $GPGGA,053023.55,,,,,0,03,99.99,,M,,M,,*62
[ 1302.1] $GPGLL,,,,,053023.55,V,N*4D
[ 1302.1] $GPGSA,A,1,,,,,,,,,,,,,99.99,99.99,99.99,1*2D
[ 1302.1] $GPGSV,1,1,4,4,,,42,9,,,32,11,,,25,14,,,09,1*51
[ 1302.1] $GPRMC,053023.55,V,,,,,,,090926,,,N,V*04
[ 1303.2] $GPGGA,053024.55,,,,,0,03,99.99,,M,,M,,*65
[ 1303.2] $GPGLL,,,,,053024.55,V,N*4A
[ 1303.2] $GPGSA,A,1,,,,,,,,,,,,,99.99,99.99,99.99,1*2D
[ 1303.2] $GPGSV,1,1,4,4,,,42,9,,,32,11,,,25,14,,,07,1*5F
[ 1303.2] $GPRMC,053024.55,V,,,,,,,090926,,,N,V*03
[ 1304.3] $GPGGA,053025.55,,,,,0,03,99.99,,M,,M,,*64
[ 1304.3] $GPGLL,,,,,053025.55,V,N*4B
[ 1304.3] $GPGSA,A,1,,,,,,,,,,,,,99.99,99.99,99.99,1*2D
[ 1304.3] $GPGSV,1,1,4,4,,,42,9,,,32,11,,,25,14,,,08,1*50
[ 1304.3] $GPRMC,053025.55,V,,,,,,,090926,,,N,V*02
[ 1305.3] $GPGGA,053026.55,,,,,0,03,99.99,,M,,M,,*67
[ 1305.3] $GPGLL,,,,,053026.55,V,N*48
[ 1305.3] $GPGSA,A,1,,,,,,,,,,,,,99.99,99.99,99.99,1*2D
[ 1305.3] $GPGSV,1,1,4,4,,,42,9,,,32,11,,,25,14,,,09,1*51
[ 1305.3] $GPRMC,053026.55,V,,,,,,,090926,,,N,V*01
[ 1306.4] $GPGGA,053027.55,,,,,0,03,99.99,,M,,M,,*66
[ 1306.4] $GPGLL,,,,,053027.55,V,N*49
[ 1306.4] $GPGSA,A,1,,,,,,,,,,,,,99.99,99.99,99.99,1*2D
[ 1306.4] $GPGSV,1,1,4,4,,,43,9,,,32,11,,,26,14,,,07,1*5D
[ 1306.4] $GPRMC,053027.55,V,,,,,,,090926,,,N,V*00
[ 1307.4] $GPGGA,053028.55,,,,,0,03,99.99,,M,,M,,*69
[ 1307.4] $GPGLL,,,,,053028.55,V,N*46
[ 1307.4] $GPGSA,A,1,,,,,,,,,,,,,99.99,99.99,99.99,1*2D
[ 1307.4] $GPGSV,1,1,4,4,,,43,9,,,32,11,,,26,14,,,07,1*5D
[ 1307.4] $GPRMC,053028.55,V,,,,,,,090926,,,N,V*0F
[ 1308.0] $GPGGA,053029.55,,,,,0,03,99.99,,M,,M,,*68
[ 1308.0] $GPGLL,,,,,053029.55,V,N*47
[ 1308.0] $GPGSA,A,1,,,,,,,,,,,,,99.99,99.99,99.99,1*2D
[ 1308.0] $GPGSV,1,1,4,4,,,43,9,,,32,11,,,25,14,,,07,1*5E
[ 1308.0] $GPRMC,053029.55,V,,,,,,,090926,,,N,V*0E
[ 1309.0] $GPGGA,053030.55,,,,,0,03,99.99,,M,,M,,*60
[ 1309.0] $GPGLL,,,,,053030.55,V,N*4F
[ 1309.0] $GPGSA,A,1,,,,,,,,,,,,,99.99,99.99,99.99,1*2D
[ 1309.0] $GPGSV,1,1,4,4,,,43,9,,,32,11,,,25,14,,,11,1*59
[ 1309.0] $GPRMC,053030.55,V,,,,,,,090926,,,N,V*06
[ 1310.1] $GPGGA,053031.55,,,,,0,03,99.99,,M,,M,,*61
[ 1310.1] $GPGLL,,,,,053031.55,V,N*4E
[ 1310.1] $GPGSA,A,1,,,,,,,,,,,,,99.99,99.99,99.99,1*2D
[ 1310.1] $GPGSV,1,1,4,4,,,43,9,,,32,11,,,25,14,,,10,1*58
[ 1310.1] $GPRMC,053031.55,V,,,,,,,090926,,,N,V*07
[ 1311.1] $GPGGA,053032.55,,,,,0,03,99.99,,M,,M,,*62
[ 1311.1] $GPGLL,,,,,053032.55,V,N*4D
[ 1311.1] $GPGSA,A,1,,,,,,,,,,,,,99.99,99.99,99.99,1*2D
[ 1311.1] $GPGSV,1,1,4,4,,,43,9,,,32,11,,,24,14,,,00,1*58
[ 1311.1] $GPRMC,053032.55,V,,,,,,,090926,,,N,V*04
[ 1312.2] $GPGGA,053033.55,,,,,0,03,99.99,,M,,M,,*63
[ 1312.2] $GPGLL,,,,,053033.55,V,N*4C
[ 1312.2] $GPGSA,A,1,,,,,,,,,,,,,99.99,99.99,99.99,1*2D
[ 1312.2] $GPGSV,1,1,4,4,,,43,9,,,32,11,,,24,14,,,10,1*59
[ 1312.2] $GPRMC,053033.55,V,,,,,,,090926,,,N,V*05
[ 1313.2] $GPGGA,053034.55,,,,,0,03,99.99,,M,,M,,*64
[ 1313.2] $GPGLL,,,,,053034.55,V,N*4B
[ 1313.2] $GPGSA,A,1,,,,,,,,,,,,,99.99,99.99,99.99,1*2D
[ 1313.2] $GPGSV,2,1,5,4,,,43,9,,,32,11,,,24,14,,,10,1*5B
[ 1313.2] $GPGSV,2,2,5,17,,,26,1*53
[ 1313.2] $GPRMC,053034.55,V,,,,,,,090926,,,N,V*02
[ 1314.3] $GPGGA,053035.55,,,,,0,03,99.99,,M,,M,,*65
[ 1314.3] $GPGLL,,,,,053035.55,V,N*4A
[ 1314.3] $GPGSA,A,1,,,,,,,,,,,,,99.99,99.99,99.99,1*2D
[ 1314.3] $GPGSV,2,1,5,4,,,43,9,,,32,11,,,23,14,,,07,1*5A
[ 1314.3] $GPGSV,2,2,5,17,,,25,1*50
[ 1314.3] $GPRMC,053035.55,V,,,,,,,090926,,,N,V*03
[ 1315.3] $GPGGA,053036.55,,,,,0,03,99.99,,M,,M,,*66
[ 1315.3] $GPGLL,,,,,053036.55,V,N*49
[ 1315.3] $GPGSA,A,1,,,,,,,,,,,,,99.99,99.99,99.99,1*2D
[ 1315.3] $GPGSV,2,1,5,4,,,43,9,,,32,11,,,23,14,,,06,1*5B
[ 1315.3] $GPGSV,2,2,5,17,,,24,1*51
[ 1315.3] $GPRMC,053036.55,V,,,,,,,090926,,,N,V*00
[ 1316.4] $GPGGA,053037.55,,,,,0,03,99.99,,M,,M,,*67
[ 1316.4] $GPGLL,,,,,053037.55,V,N*48
[ 1316.4] $GPGSA,A,1,,,,,,,,,,,,,99.99,99.99,99.99,1*2D
[ 1316.4] $GPGSV,2,1,6,3,,,27,4,,,43,9,,,32,11,,,23,1*6D
[ 1316.4] $GPGSV,2,2,6,14,,,11,17,,,25,1*56
[ 1316.4] $GPRMC,053037.55,V,,,,,,,090926,,,N,V*01
[ 1317.4] $GPGGA,053038.55,,,,,0,03,99.99,,M,,M,,*68
[ 1317.4] $GPGLL,,,,,053038.55,V,N*47
[ 1317.4] $GPGSA,A,1,,,,,,,,,,,,,99.99,99.99,99.99,1*2D
[ 1317.4] $GPGSV,2,1,5,3,,,27,4,,,43,9,,,32,11,,,22,1*6F
[ 1317.4] $GPGSV,2,2,5,14,,,13,1*56
[ 1317.4] $GPRMC,053038.55,V,,,,,,,090926,,,N,V*0E
[ 1317.9] $GPGGA,053039.55,,,,,0,03,99.99,,M,,M,,*69
[ 1317.9] $GPGLL,,,,,053039.55,V,N*46
[ 1317.9] $GPGSA,A,1,,,,,,,,,,,,,99.99,99.99,99.99,1*2D
[ 1317.9] $GPGSV,2,1,5,3,,,26,4,,,43,9,,,32,11,,,22,1*6E
[ 1317.9] $GPGSV,2,2,5,14,,,12,1*57
[ 1317.9] $GPRMC,053039.55,V,,,,,,,090926,,,N,V*0F
[ 1319.0] $GPGGA,053040.55,,,,,0,03,99.99,,M,,M,,*67
[ 1319.0] $GPGLL,,,,,053040.55,V,N*48
[ 1319.0] $GPGSA,A,1,,,,,,,,,,,,,99.99,99.99,99.99,1*2D
[ 1319.0] $GPGSV,2,1,5,3,,,26,4,,,43,9,,,32,11,,,21,1*6D
[ 1319.0] $GPGSV,2,2,5,14,,,14,1*51
[ 1319.0] $GPRMC,053040.55,V,,,,,,,090926,,,N,V*01
[ 1320.0] $GPGGA,053041.55,,,,,0,03,99.99,,M,,M,,*66
[ 1320.0] $GPGLL,,,,,053041.55,V,N*49
[ 1320.0] $GPGSA,A,1,,,,,,,,,,,,,99.99,99.99,99.99,1*2D
[ 1320.0] $GPGSV,2,1,5,3,,,26,4,,,43,9,,,32,11,,,21,1*6D
[ 1320.0] $GPGSV,2,2,5,14,,,14,1*51
[ 1320.0] $GPRMC,053041.55,V,,,,,,,090926,,,N,V*00
[ 1321.1] $GPGGA,053042.55,,,,,0,03,99.99,,M,,M,,*65
[ 1321.1] $GPGLL,,,,,053042.55,V,N*4A
[ 1321.1] $GPGSA,A,1,,,,,,,,,,,,,99.99,99.99,99.99,1*2D
[ 1321.1] $GPGSV,2,1,5,3,,,26,4,,,43,9,,,32,11,,,21,1*6D
[ 1321.1] $GPGSV,2,2,5,14,,,15,1*50
[ 1321.1] $GPRMC,053042.55,V,,,,,,,090926,,,N,V*03
[ 1322.2] $GPGGA,053043.55,,,,,0,03,99.99,,M,,M,,*64
[ 1322.2] $GPGLL,,,,,053043.55,V,N*4B
[ 1322.2] $GPGSA,A,1,,,,,,,,,,,,,99.99,99.99,99.99,1*2D
[ 1322.2] $GPGSV,2,1,5,3,,,26,4,,,43,9,,,32,11,,,20,1*6C
[ 1322.2] $GPGSV,2,2,5,14,,,15,1*50
[ 1322.2] $GPRMC,053043.55,V,,,,,,,090926,,,N,V*02
[ 1323.2] $GPGGA,053044.55,,,,,0,03,99.99,,M,,M,,*63
[ 1323.2] $GPGLL,,,,,053044.55,V,N*4C
[ 1323.2] $GPGSA,A,1,,,,,,,,,,,,,99.99,99.99,99.99,1*2D
[ 1323.2] $GPGSV,2,1,5,3,,,26,4,,,43,9,,,32,11,,,20,1*6C
[ 1323.2] $GPGSV,2,2,5,14,,,15,1*50
[ 1323.2] $GPRMC,053044.55,V,,,,,,,090926,,,N,V*05
[ 1324.2] $GPGGA,053045.55,,,,,0,03,99.99,,M,,M,,*62
[ 1324.2] $GPGLL,,,,,053045.55,V,N*4D
[ 1324.2] $GPGSA,A,1,,,,,,,,,,,,,99.99,99.99,99.99,1*2D
[ 1324.2] $GPGSV,1,1,4,3,,,26,4,,,43,9,,,32,11,,,20,1*6E
[ 1324.2] $GPRMC,053045.55,V,,,,,,,090926,,,N,V*04
[ 1325.3] $GPGGA,053046.55,,,,,0,03,99.99,,M,,M,,*61
[ 1325.3] $GPGLL,,,,,053046.55,V,N*4E
[ 1325.3] $GPGSA,A,1,,,,,,,,,,,,,99.99,99.99,99.99,1*2D
[ 1325.3] $GPGSV,1,1,4,3,,,26,4,,,42,9,,,32,11,,,20,1*6F
[ 1325.3] $GPRMC,053046.55,V,,,,,,,090926,,,N,V*07
[ 1326.4] $GPGGA,053047.55,,,,,0,03,99.99,,M,,M,,*60
[ 1326.4] $GPGLL,,,,,053047.55,V,N*4F
[ 1326.4] $GPGSA,A,1,,,,,,,,,,,,,99.99,99.99,99.99,1*2D
[ 1326.4] $GPGSV,1,1,4,3,,,26,4,,,42,9,,,32,11,,,20,1*6F
[ 1326.4] $GPRMC,053047.55,V,,,,,,,090926,,,N,V*06
[ 1327.4] $GPGGA,053048.55,,,,,0,03,99.99,,M,,M,,*6F
[ 1327.4] $GPGLL,,,,,053048.55,V,N*40
[ 1327.4] $GPGSA,A,1,,,,,,,,,,,,,99.99,99.99,99.99,1*2D
[ 1327.4] $GPGSV,1,1,4,3,,,26,4,,,42,9,,,32,11,,,20,1*6F
[ 1327.4] $GPRMC,053048.55,V,,,,,,,090926,,,N,V*09
[ 1327.9] $GPGGA,053049.55,,,,,0,03,99.99,,M,,M,,*6E
[ 1327.9] $GPGLL,,,,,053049.55,V,N*41
[ 1327.9] $GPGSA,A,1,,,,,,,,,,,,,99.99,99.99,99.99,1*2D
[ 1327.9] $GPGSV,1,1,4,3,,,26,4,,,42,9,,,32,11,,,20,1*6F
[ 1328.4] $GPRMC,053049.55,V,,,,,,,090926,,,N,V*08
[ 1329.0] $GPGGA,053050.55,,,,,0,03,99.99,,M,,M,,*66
[ 1329.0] $GPGLL,,,,,053050.55,V,N*49
[ 1329.0] $GPGSA,A,1,,,,,,,,,,,,,99.99,99.99,99.99,1*2D
[ 1329.0] $GPGSV,1,1,4,3,,,26,4,,,42,9,,,32,11,,,20,1*6F
[ 1329.0] $GPRMC,053050.55,V,,,,,,,090926,,,N,V*00
[ 1330.0] $GPGGA,053051.55,,,,,0,03,99.99,,M,,M,,*67
[ 1330.0] $GPGLL,,,,,053051.55,V,N*48
[ 1330.0] $GPGSA,A,1,,,,,,,,,,,,,99.99,99.99,99.99,1*2D
[ 1330.0] $GPGSV,1,1,4,3,,,26,4,,,42,9,,,32,11,,,20,1*6F
[ 1330.0] $GPRMC,053051.55,V,,,,,,,090926,,,N,V*01
[ 1331.1] $GPGGA,053052.55,,,,,0,03,99.99,,M,,M,,*64
[ 1331.1] $GPGLL,,,,,053052.55,V,N*4B
[ 1331.1] $GPGSA,A,1,,,,,,,,,,,,,99.99,99.99,99.99,1*2D
[ 1331.1] $GPGSV,1,1,4,3,,,26,4,,,42,9,,,32,11,,,21,1*6E
[ 1331.1] $GPRMC,053052.55,V,,,,,,,090926,,,N,V*02
[ 1332.1] $GPGGA,053053.55,,,,,0,03,99.99,,M,,M,,*65
[ 1332.1] $GPGLL,,,,,053053.55,V,N*4A
[ 1332.1] $GPGSA,A,1,,,,,,,,,,,,,99.99,99.99,99.99,1*2D
[ 1332.1] $GPGSV,1,1,4,3,,,26,4,,,42,9,,,33,11,,,21,1*6F
[ 1332.1] $GPRMC,053053.55,V,,,,,,,090926,,,N,V*03
[ 1333.2] $GPGGA,053054.55,,,,,0,03,99.99,,M,,M,,*62
[ 1333.2] $GPGLL,,,,,053054.55,V,N*4D
[ 1333.2] $GPGSA,A,1,,,,,,,,,,,,,99.99,99.99,99.99,1*2D
[ 1333.2] $GPGSV,1,1,4,3,,,27,4,,,42,9,,,33,11,,,21,1*6E
[ 1333.2] $GPRMC,053054.55,V,,,,,,,090926,,,N,V*04
[ 1334.2] $GPGGA,053055.55,,,,,0,03,99.99,,M,,M,,*63
[ 1334.2] $GPGLL,,,,,053055.55,V,N*4C
[ 1334.2] $GPGSA,A,1,,,,,,,,,,,,,99.99,99.99,99.99,1*2D
[ 1334.2] $GPGSV,1,1,4,3,,,26,4,,,42,9,,,33,11,,,21,1*6F
[ 1334.2] $GPRMC,053055.55,V,,,,,,,090926,,,N,V*05
[ 1335.3] $GPGGA,053056.55,,,,,0,03,99.99,,M,,M,,*60
[ 1335.3] $GPGLL,,,,,053056.55,V,N*4F
[ 1335.3] $GPGSA,A,1,,,,,,,,,,,,,99.99,99.99,99.99,1*2D
[ 1335.3] $GPGSV,2,1,5,3,,,26,4,,,42,9,,,33,11,,,21,1*6D
[ 1335.3] $GPGSV,2,2,5,26,,,30,1*56
[ 1335.3] $GPRMC,053056.55,V,,,,,,,090926,,,N,V*06
[ 1336.3] $GPGGA,053057.55,,,,,0,03,99.99,,M,,M,,*61
[ 1336.3] $GPGLL,,,,,053057.55,V,N*4E
[ 1336.3] $GPGSA,A,1,,,,,,,,,,,,,99.99,99.99,99.99,1*2D
[ 1336.3] $GPGSV,2,1,6,3,,,26,4,,,42,5,,,41,9,,,33,1*5D
[ 1336.3] $GPGSV,2,2,6,11,,,21,26,,,25,1*52
[ 1336.3] $GPRMC,053057.55,V,,,,,,,090926,,,N,V*07
[ 1337.4] $GPGGA,053058.55,,,,,0,03,99.99,,M,,M,,*6E
[ 1337.4] $GPGLL,,,,,053058.55,V,N*41
[ 1337.4] $GPGSA,A,1,,,,,,,,,,,,,99.99,99.99,99.99,1*2D
[ 1337.4] $GPGSV,2,1,6,3,,,26,4,,,42,5,,,27,9,,,33,1*5D
[ 1337.4] $GPGSV,2,2,6,11,,,22,26,,,25,1*51
[ 1337.4] $GPRMC,053058.55,V,,,,,,,090926,,,N,V*08
[ 1337.9] $GPGGA,053100.10,3001.71999,S,05112.73448,W,1,04,2.69,140.44,M,,M,,*71
[ 1337.9] $GPGLL,3001.71999,S,05112.73448,W,053100.10,A,A*66
[ 1337.9] $GPGSA,A,3,03,04,09,11,,,,,,,,,5.36,2.69,4.64,1*1A
[ 1337.9] $GPGSV,2,1,6,3,14,027,26,4,35,098,42,5,,,25,9,61,141,33,1*6B
[ 1338.4] $GPGSV,2,2,6,11,16,260,21,26,,,24,1*60
[ 1338.4] $GPRMC,053100.10,A,3001.71999,S,05112.73448,W,0.49,0.00,090926,,,A,V*22
[ 1338.4] [00:22:18.008,605] <inf> gnss_sample: Time to fix: 159.5 s
[ 1338.4] [00:22:18.014,465] <inf> gnss_sample: Time GNSS was blocked by LTE: 29 s
[ 1338.4] [00:22:18.021,606] <inf> gnss_sample: Sleeping for 120 s
[ 1458.3] [00:24:17.917,602] <inf> gnss_sample: Deleting GNSS data
[ 1458.3] [00:24:17.935,943] <inf> gnss_sample: Assistance data needed: data_flags: 0x3f
[ 1458.3] [00:24:17.943,572] <inf> gnss_sample: Assistance data needed: QZSS ephe: 0xffffffff, alm: 0xffffffff
[ 1458.3] [00:24:17.953,125] <inf> gnss_sample: Assistance data needed: invalid ephe: 0x3ff, alm: 0x3ff
[ 1458.3] [00:24:17.970,428] <inf> gnss_sample: Requesting A-GNSS data: data_flags: 0x3f
[ 1458.3] [00:24:17.978,057] <inf> gnss_sample: Requesting A-GNSS data: QZSS ephe: 0xffffffff, alm: 0xffffffff
[ 1458.3] [00:24:17.987,640] <inf> gnss_sample: Requesting A-GNSS data: invalid ephe: 0x3ff, alm: 0x3ff
[ 1458.8] +CSCON: 1
[ 1459.8] [00:24:19.419,769] <inf> gnss_sample: Processing A-GNSS data
[ 1459.8] [00:24:19.437,377] <inf> gnss_sample: A-GNSS data processed
[ 1459.8] [00:24:19.443,359] <inf> gnss_sample: Starting GNSS
[ 1489.3] +CSCON: 0
[ 1489.3] $GPGGA,053330.47,,,,,0,,99.99,,M,,M,,*63
[ 1489.3] $GPGLL,,,,,053330.47,V,N*4F
[ 1489.3] $GPGSA,A,1,,,,,,,,,,,,,99.99,99.99,99.99,1*2D
[ 1489.3] $GPGSV,1,1,0,,,,,,,,,,,,,,,,,1*54
[ 1489.3] $GPRMC,053330.47,V,,,,,,,090926,,,N,V*06
[ 1490.4] $GPGGA,053331.47,,,,,0,,99.99,,M,,M,,*62
[ 1490.4] $GPGLL,,,,,053331.47,V,N*4E
[ 1490.4] $GPGSA,A,1,,,,,,,,,,,,,99.99,99.99,99.99,1*2D
[ 1490.4] $GPGSV,1,1,2,4,,,49,9,,,43,1*51
[ 1490.4] $GPRMC,053331.47,V,,,,,,,090926,,,N,V*07
[ 1490.9] $GPGGA,053332.47,,,,,0,,99.99,,M,,M,,*61
[ 1490.9] $GPGLL,,,,,053332.47,V,N*4D
[ 1490.9] $GPGSA,A,1,,,,,,,,,,,,,99.99,99.99,99.99,1*2D
[ 1490.9] $GPGSV,1,1,2,4,,,46,9,,,41,1*5C
[ 1491.4] $GPRMC,053332.47,V,,,,,,,090926,,,N,V*04
[ 1491.9] $GPGGA,053333.35,,,,,0,,99.99,,M,,M,,*65
[ 1491.9] $GPGLL,,,,,053333.35,V,N*49
[ 1491.9] $GPGSA,A,1,,,,,,,,,,,,,99.99,99.99,99.99,1*2D
[ 1491.9] $GPGSV,1,1,2,4,,,45,9,,,40,1*5E
[ 1491.9] $GPRMC,053333.35,V,,,,,,,090926,,,N,V*00
[ 1493.0] $GPGGA,053334.39,,,,,0,,99.99,,M,,M,,*6E
[ 1493.0] $GPGLL,,,,,053334.39,V,N*42
[ 1493.0] $GPGSA,A,1,,,,,,,,,,,,,99.99,99.99,99.99,1*2D
[ 1493.0] $GPGSV,1,1,2,4,,,44,9,,,39,1*51
[ 1493.0] $GPRMC,053334.39,V,,,,,,,090926,,,N,V*0B
[ 1494.0] $GPGGA,053335.39,,,,,0,,99.99,,M,,M,,*6F
[ 1494.0] $GPGLL,,,,,053335.39,V,N*43
[ 1494.0] $GPGSA,A,1,,,,,,,,,,,,,99.99,99.99,99.99,1*2D
[ 1494.0] $GPGSV,1,1,3,4,,,44,7,,,26,9,,,39,1*63
[ 1494.0] $GPRMC,053335.39,V,,,,,,,090926,,,N,V*0A
[ 1495.1] $GPGGA,053336.39,,,,,0,,99.99,,M,,M,,*6C
[ 1495.1] $GPGLL,,,,,053336.39,V,N*40
[ 1495.1] $GPGSA,A,1,,,,,,,,,,,,,99.99,99.99,99.99,1*2D
[ 1495.1] $GPGSV,1,1,3,4,,,43,7,,,25,9,,,39,1*67
[ 1495.1] $GPRMC,053336.39,V,,,,,,,090926,,,N,V*09
[ 1495.6] $GPGGA,053337.20,,,,,0,,99.99,,M,,M,,*65
[ 1495.6] $GPGLL,,,,,053337.20,V,N*49
[ 1495.6] $GPGSA,A,1,,,,,,,,,,,,,99.99,99.99,99.99,1*2D
[ 1495.6] $GPGSV,1,1,3,4,,,44,7,,,25,9,,,39,1*60
[ 1495.6] $GPRMC,053337.20,V,,,,,,,090926,,,N,V*00
[ 1496.7] $GPGGA,053338.20,,,,,0,,99.99,,M,,M,,*6A
[ 1496.7] $GPGLL,,,,,053338.20,V,N*46
[ 1496.7] $GPGSA,A,1,,,,,,,,,,,,,99.99,99.99,99.99,1*2D
[ 1496.7] $GPGSV,1,1,3,4,,,46,7,,,25,9,,,40,1*6C
[ 1496.7] $GPRMC,053338.20,V,,,,,,,090926,,,N,V*0F
[ 1497.7] $GPGGA,053339.20,,,,,0,,99.99,,M,,M,,*6B
[ 1497.7] $GPGLL,,,,,053339.20,V,N*47
[ 1497.7] $GPGSA,A,1,,,,,,,,,,,,,99.99,99.99,99.99,1*2D
[ 1497.7] $GPGSV,1,1,4,4,,,46,7,,,25,9,,,41,14,,,38,1*64
[ 1497.7] $GPRMC,053339.20,V,,,,,,,090926,,,N,V*0E
[ 1498.8] $GPGGA,053340.20,,,,,0,,99.99,,M,,M,,*65
[ 1498.8] $GPGLL,,,,,053340.20,V,N*49
[ 1498.8] $GPGSA,A,1,,,,,,,,,,,,,99.99,99.99,99.99,1*2D
[ 1498.8] $GPGSV,1,1,4,4,,,46,7,,,25,9,,,41,14,,,38,1*64
[ 1498.8] $GPRMC,053340.20,V,,,,,,,090926,,,N,V*00
[ 1499.8] $GPGGA,053341.20,,,,,0,,99.99,,M,,M,,*64
[ 1499.8] $GPGLL,,,,,053341.20,V,N*48
[ 1499.8] $GPGSA,A,1,,,,,,,,,,,,,99.99,99.99,99.99,1*2D
[ 1499.8] $GPGSV,1,1,4,4,,,46,7,,,25,9,,,41,14,,,38,1*64
[ 1499.8] $GPRMC,053341.20,V,,,,,,,090926,,,N,V*01
