:020000040000FA
:10000000E8950020192C010007BB0200052C010017
:10001000052C0100052C0100052C0100052C010018
:10002000000000000000000000000000E92C0100BA
:10003000052C010000000000D12E0100052C01005C
:100040004D2F01004D2F01004D2F01004D2F0100BC
:100050004D2F01004D2F01004D2F01004D2F0100AC
:100060004D2F01004D2F01004D2F01004D2F01009C
:100070004D2F01004D2F01004D2F01004D2F01008C
:100080004D2F01004D2F01004D2F01004D2F01007C
:100090004D2F01004D2F01004D2F01004D2F01006C
:1000A0004D2F01004D2F01004D2F01004D2F01005C
:1000B0004D2F01004D2F01004D2F01004D2F01004C
:1000C0004D2F01004D2F01004D2F01004D2F01003C
:1000D0004D2F01004D2F01004D2F01004D2F01002C
:1000E0004D2F01004D2F01004D2F01004D2F01001C
:1000F0004D2F01004D2F01004D2F01004D2F01000C
:100100004D2F01004D2F01004D2F01004D2F0100FB
:100110004D2F01004D2F01004D2F01004D2F0100EB
:100120004D2F01004D2F01004D2F01004D2F0100DB
:100130004D2F01004D2F01004D2F01004D2F0100CB
:100140004D2F01004D2F01004D2F01004D2F0100BB
:100150004D2F01004D2F01004D2F01004D2F0100AB
:100160004D2F01004D2F01004D2F01004D2F01009B
:100170004D2F01004D2F01004D2F01004D2F01008B
:100180004D2F01004D2F01004D2F01004D2F01007B
:100190004D2F01004D2F01004D2F01004D2F01006B
:1001A0004D2F01004D2F01004D2F01004D2F01005B
:1001B0004D2F01004D2F01004D2F01004D2F01004B
:1001C0004D2F01004D2F01004D2F01004D2F01003B
:1001D0004D2F01004D2F01004D2F01004D2F01002B
:1001E0004D2F01004D2F01004D2F01004D2F01001B
:1001F0004D2F01004D2F01004D2F01004D2F01000B
:100200004D2F01004D2F01004D2F01004D2F0100FA
:100210004D2F01004D2F01004D2F01004D2F0100EA
:100220004D2F01004D2F01004D2F01004D2F0100DA
:100230004D2F01004D2F01004D2F01004D2F0100CA
:100240004D2F01004D2F01004D2F01004D2F0100BA
:100250004D2F0100D7E902004D2F01004D2F010065
:100260004D2F01004D2F0100C1E902004D2F01006B
:100270004D2F01004D2F01004D2F01004D2F01008A
:100280004D2F01004D2F01004D2F01004D2F01007A
:100290004D2F01004D2F01004D2F01004D2F01006A
:1002A0004D2F01004D2F01004D2F01004D2F01005A
:1002B0004D2F01004D2F01004D2F01004D2F01004A
:1002C0004D2F01004D2F01004D2F01004D2F01003A
:1002D0004D2F01004D2F01004D2F01004D2F01002A
:1002E0004D2F01004D2F01004D2F01004D2F01001A
:1002F0004D2F01004D2F01004D2F01004D2F01000A
:100300004D2F01004D2F01004D2F01004D2F0100F9
:100310004D2F01004D2F01004D2F01004D2F0100E9
:100320004D2F01004D2F01004D2F01004D2F0100D9
:100330004D2F01004D2F01004D2F01004D2F0100C9
:100340004D2F01004D2F01004D2F01004D2F0100B9
:100350004D2F01004D2F01004D2F01004D2F0100A9
:100360004D2F01004D2F01004D2F01004D2F010099
:100370004D2F01004D2F01004D2F01004D2F010089
:100380004D2F01004D2F01004D2F01004D2F010079
:100390004D2F01004D2F01004D2F01004D2F010069
:1003A0004D2F01004D2F01004D2F01004D2F010059
:1003B0004D2F01004D2F01004D2F01004D2F010049
:1003C0004D2F01004D2F01004D2F01004D2F010039
:1003D0004D2F0100EDE902004D2F01004D2F0100CE
:1003E0004D2F01004D2F01004D2F01004D2F010019
:1003F0004D2F01004D2F01004D2F01004D2F010009
:100400004D2F01004D2F01004D2F01004D2F0100F8
:100410004D2F01004D2F01004D2F01004D2F0100E8
:100420004D2F01004D2F01004D2F01004D2F0100D8
:100430004D2F01004D2F01004D2F01004D2F0100C8
:100440004D2F01004D2F01004D2F01004D2F0100B8
:100450004D2F01004D2F01004D2F01004D2F0100A8
:100460004D2F01004D2F01004D2F01004D2F010098
:100470004D2F01004D2F01004D2F01004D2F010088
:100480004D2F01004D2F01004D2F01004D2F010078
:100490004D2F01004D2F01004D2F01004D2F010068
:1004A0004D2F01004D2F01004D2F01004D2F010058
:1004B0004D2F01004D2F01004D2F01004D2F010048
:1004C0004D2F01004D2F0100054B00221B7882604B
:1004D00001330260034A4260C371FF230372704715
:1004E000801A002020010800064A074B02604FF4E2
:1004F00016729B7882800822C37100238271037276
:10050000704700BFA9C80000801A0020F8B5C71DB9
:100510000028054627F007070CBF0020384600F0EA
:100520006FFA041E02DA6FF00B00F8BD2F4EF1884F
:10053000B0880331737A0330327A89B280B209F01D
:1005400090FD0028EFDB2744B178F378002D07F108
:100550000307194427F0030700FB01F10CBF00203B
:10056000384600F0D1FB07440DB9002FDBDB01203A
:100570003C4600F03BFAA0B1F17A91B10737002D6B
:100580004FF025034FF0280227F007040CBF00208E
:10059000204604F087FB0028C5DB04440DB9002C7D
:1005A000C1DBB37AABB1012000F020FA88B1F37A55
:1005B0007BB10734002DB17A24F007040CBF002072
:1005C000204603F08FF90028ADDB04440DB9002C60
:1005D000A9DBF3683BB115B1F4600020A5E728342E
:1005E000A1D42046A1E7002DF7D1FAE7801A002018
:1005F0001FB572B6194B1C69ECB9BFF34F8F184980
:10060000184BCA6802F4E0621343CB60BFF34F8F0C
:1006100000BFFDE7B2FBF6F22B465D1C002AF9D1C4
:10062000DBB203F110056D4405F80C2C0A2233B936
:1006300001A8A047E1E7024600230A26EDE7013BB7
:10064000DBB203F110050DEB0506B0FBF2F502FB82
:100650001500303006F80C0C2846E8E7801A002018
:1006600000ED00E00400FA050A4B07B51A89684658
:10067000ADF80020DA889B88ADF80420ADF8023090
:1006800001F0A4FE18B1FA219C20FFF7B1FF03B0DE
:100690005DF804FB801A002010B5044620B308F072
:1006A00079FF10B94FF0FF3010BD07F093FBB0F5A4
:1006B000FA7FF7D80E4B00221A751A70DA60012201
:1006C0001C615A801B229A80DA8040F203221A8130
:1006D0004FF442725A81EFF3108472B600F086FB39
:1006E00004B962B60020DFE76FF01500DCE700BF59
:1006F000801A002038B51446002847D1254D2B7D9F
:10070000032B40D071B112B96FF0150038BD01391B
:1007100006293BD8DFE801F0043A133A293A3200BF
:100720001378AB700020FFF7F1FE0028B7BF01235C
:1007300002236FF00B002B75A8BF2B75E6E713792A
:10074000002BE1D05379002BDED01288FB2ADBD8B6
:1007500063881B3B9BB2E02BD6D81A2AD4D92368D6
:10076000A2886B600C4B9A80DCE7012000F03EF918
:10077000237808B1012BC7D9EB72D3E71388FF2B7D
:10078000C2D8AB72CEE74FF0FF30BFE76FF02C005E
:10079000BCE700BF801A0020841A0020F8B50D467F
:1007A000064620B319B311F0070420D1114F3B7D49
:1007B000012B02D16FF00B00F8BD032B02D14FF0DB
:1007C000FF30F9E700F04AFB0028F8D02846FFF791
:1007D0009DFE0028EEDB0CF0B5F83046F96801F01C
:1007E00071FEFFF741FF032320463B75E4E76FF0FE
:1007F0001500E1E7801A002010B5064C237D032B7D
:1008000003D101F077FE02F097FB09F07FFC002096
:10081000207510BD801A002008B501F035FE05498D
:10082000012000F0DBF804490020BDE8084000F09A
:10083000D5B800BFC9040000E9040000074B4FF021
:10084000FF3141F6FF72C3E9001205490022C1E9F8
:1008500000221F21C3E90212704700BF20110020AF
:10086000981A00203F280CD801380B4BC0F34212D5
:1008700000F01F0053F8223023FA00F000F00100CE
:100880007047FF2806D04038044BC0F3421200F0F6
:100890001F00EFE70120704720110020981A002068
:1008A000074B0146006849681A4603C240F48C228F
:1008B00000201A6041F0107242F4FF625A607047E3
:1008C000201100200246034B0068516803C300203A
:1008D000704700BF981A00200246034B0068516819
:1008E00003C30020704700BF281100200138064BC9
:1008F000C0F3421200F01F0003EB82039B6823FA4F
:1009000000F000F001007047201100200A8870B547
:1009100095B2C67CC2F30E020488023602F11803B7
:100920003444C35AA4B233442344013BB3FBF4F32D
:1009300003FB0422438892B29342044B8BBF2B40AB
:10094000AB4313439BB20B8070BD00BF0080FFFF21
:100950004A1E062A08B50346084604D84FF4D1714A
:100960001520FFF745FE094A914202D940F2A31132
:10097000F6E711B903B1196008BD2BB11B6800225D
:10098000C3E901211A1D1A600430F5E7FAFFFF7F61
:1009900010B5114B00EB41041A786389B3FBF2F3F5
:1009A00003FB0223013A1A44B2F5706F0279807892
:1009B00028BF00231A440B18B2FBF0F100FB1121F1
:1009C0005B1AB3FBF0F100FB113313446FEA4343AE
:1009D0006FEA5343638110BDA01A0020024B03EB62
:1009E00080035960704700BFA01A0020034B03EB3F
:1009F00080035868003818BF01207047A01A0020F3
:100A00002DE9F04F10F0070A85B0054604D040F2FA
:100A10006F111720FFF7ECFD524F044607F10C064B
:100A2000B146B04657F8043B8DF80BA03BB101A886
:100A300098479DF80A30082B01D9F521E9E79DF880
:100A40000B1041BB05B131604F4506F10406E9D1F9
:100A5000002D6FD00022DFF810910227964689F80A
:100A6000002058F827A0013FBAF1000F55D09AF89E
:100A700004609AF802C0FF2E60D039460023481C5B
:100A800038D19C44BCF1FF0F3FD90AB189F800E08E
:100A90004FF49A71BDE79DF80AC04B1D60465A009D
:100AA00004EB4303022838BF0220441E4042234483
:100AB000BDF808406444CCF1000C0340013C04EA5A
:100AC0000C04B4F5803F02D340F20511A1E775B1E3
:100AD0009A1A0120326091701480D0709DF80C0039
:100AE000107101984FEA104C1081A2F806C004FB67
:100AF0000134A9E758F8210028B190F804B0B345B3
:100B000004BF80781B180139B9E7DBB2E6458AF8E3
:100B100004303CBF5FFA8CFE01227B1CA1D10AB1DC
:100B200089F800E0022640F6FF6A58F82670B7B947
:100B3000013EFAD2601B05B0BDE8F08F0023E5E767
:100B400007EB410309F101093846A3F80AA0FFF7B2
:100B50001FFF5FFA89F1BB788B42F1D8E8E74FF0CD
:100B60000009F6E7A41A0020A01A002038B54FF6B5
:100B7000FF7302460380184B03EB81031869A8B189
:100B800084780379B3FBF4F104FB1133DBB219462B
:100B900000EB4105B5F90A50002D0EDB0131B1FB28
:100BA000F4F504FB1511C9B28B42F1D1002038BD18
:100BB0006381BDE8384009F030BA00EB4104638935
:100BC000C3F30E031380C278002AF1D14FF4E5710C
:100BD0001720FFF70DFD00BFA01A00201C4B03EBF0
:100BE000810370B51C69054644B3030404D54FF472
:100BF000EC711720FFF7FCFC0146204609F0F0F9E4
:100C0000FF28014604D02046BDE8704009F005BA2F
:100C1000A078B5FBF0F300FB1353DBB219460A1DB5
:100C200004EB4206B6F90260002E09DB0131B1FB8C
:100C3000F0F200FB1211C9B28B42F0D1002070BD5E
:100C40008B4201D00023E37004EB42025580DAE7C7
:100C5000A01A0020094B03EB8103014610B51C6963
:100C6000204609F0BDF9FF28014604D02046BDE822
:100C7000104009F0D2B9002010BD00BFA01A00201A
:100C8000F8B5104B074603EB810301461C6920466B
:100C900009F0A6F9FF28054611D0E288238953EA16
:100CA000024606D00146204609F0B7F9014638460B
:100CB000B04720462946FFF76BFE0020F8BD05200F
:100CC000FCE700BFA01A002038B50E4B044682791D
:100CD00003EB8203186908B9052038BD8278E179F1
:100CE0009142F9D24B1CE37100EB41035D89B3F9EA
:100CF0000A30002BF3DBA58009F08FF9206000207B
:100D0000EBE700BFA01A002070B5044610F0030006
:100D10000E4603D04E211820FFF76AFCFFF718FE9D
:100D2000054624B1034831460460FFF711FE28460A
:100D300070BD00BFBC1A00202DE9F14FDFF870B084
:100D40001E4607460D46DBF8003090469DF828A069
:100D50009DF82C901BB960211820FFF749FC5246E2
:100D60000921404608F0C4FF4A4684B209213046B2
:100D700008F0BEFF81B2DBF80000214409F004F95D
:100D8000386018B9286001B0BDE8F08F04445346BC
:100D9000414609222C60386808F06DFF4B46092255
:100DA0003146286801B0BDE8F04F08F064BF00BFCD
:100DB000BC1A002070B50E46044608F0ACFF05468C
:100DC000304608F0A8FF044B2A1821461868BDE8F1
:100DD000704009F0FEB800BFBC1A0020024B186832
:100DE00008B109F0C5B87047BC1A0020124B0122A7
:100DF0004FF0FF3000215A60C3F80803C3F8001514
:100E0000C3F804255A6040F6FE72C3F808034FF495
:100E10008060C3F8001503F560330849C3F808255E
:100E2000C1F88800BFF34F8FBFF36F8FC1F88801FF
:100E3000C3F80825704700BF00A0045000E100E09F
:100E400002680020014B1A60704700BFC01A0020E2
:100E5000014B1B68184700BFC01A0020024B1868DE
:100E6000003818BF01207047C01A00200A46064803
:100E70008F2302F8033BC368C1F803300369536052
:100E800043699360704700BFC41A0020024B5A8C1C
:100E900002435A845B6A1847C41A0020014B0021A0
:100EA0005B6A1847C41A002010B5154C05F024FFE2
:100EB00006F0FAF9208DFFF7F1FF237E63B1224699
:100EC000104904F1190052F80C3BE3606368536069
:100ED000A36893600AF085FA218DE06A02F058FE5B
:100EE000E36AB3F8AA0002F0B3FC636B94F8301025
:100EF00094F831009847002384F8383010BD00BFC3
:100F0000C41A00206D0E0000034B93F838300BB16B
:100F1000FFF7CABF704700BFC41A002008B5094BCD
:100F200093F83820022A04D040F257312720FFF7E7
:100F30005FFBDA7A42F00102DA72BDE80840FFF79F
:100F4000B3BF00BFC41A002070B50F4DC900920096
:100F500000F00300EE6B01F0080102F004021B0137
:100F6000347803F0100304F0F3040C43144304F04A
:100F7000EC041C4304433470B5F84830737002230A
:100F8000A5F8403070BD00BFC41A0020F7B5184C5A
:100F90000646E56C0DB1A36D23B940F6C4012720C8
:100FA000FFF726FBB4F85C3001F003012F466B70AD
:100FB0002B7823F003030B4307F8033B3846B4F8C0
:100FC0005C20A16D08F050FC0DF1020201A9206E19
:100FD0002565A76508F0C2FF019808F0ADFF012262
:100FE000B4F85C103060206E08F055FF03B0F0BD1F
:100FF000C41A00202DE9F3416E4CE56A95F81411EE
:1010000050B92A7D94F8673003EB8203FF2B03D19C
:1010100095F815318B4202D0FF2005F0B9FB002373
:10102000E66A8DF80130ADF80230337A062B00F213
:10103000A980DFE803F004848787A79A9A0094F8D0
:1010400068300DF1020101A8A6F80431ADF80230B4
:1010500001F0ECFA30B1019820B105233372BDF8EC
:10106000023013E0E36A93F85130002B62D10DF1A6
:1010700001020DF10201E06E08F074FE002859D063
:10108000BDF80230002B46D101223272E063A4F891
:10109000483003B1C31C6364777A96F80A80367AC5
:1010A000022E06D0053E012E6FD81B780326022B98
:1010B0006DD0E06E08F0AEFE0346002869D1032E25
:1010C00004D001F0CDFA80F00103DBB203F001029D
:1010D00084F87020EA7C002A5DD0B4F84820002A09
:1010E00059D0424639463046FFF72EFF606F05F073
:1010F00055FD0022616FE06B05F0A2FE18B9E16BAF
:10110000606F05F0F5FF012384F8783084F83830FB
:1011100002B0BDE8F0819DF801201AB903230280D6
:1011200082709BE7027802F00302012A0CBF0322BF
:101130000222AAE70023ADF80230012333721E48D1
:101140000023A3E7B6F804310DF101020DF102010D
:10115000E06EADF8023008F005FE00287FF47FAFA6
:1011600040F2C3512720FFF743FA0DF1020101A815
:1011700001F05CFA08B1019810B940F2D251F1E7E0
:1011800006236BE740F2DC51ECE7012691E70023F0
:101190009CE701239AE7394642463046FFF7D4FEE2
:1011A000E06B05F0FBFC06F07FF80021E06B0BF034
:1011B000F3FBA8E7C41A0020281B00202DE9F04FFC
:1011C000002285B0A04C05460F46D4F82CB0CDE9DE
:1011D000022294F838200BF1A803022A019304D0CC
:1011E00040F6AD112720FFF703FA226D032092F895
:1011F00000A0517802440AF00308A4F85400A4F8AF
:101200005C10A265002D00F00A8119B1206E08F073
:1012100022FE0146E1649BF80910228D013142F45F
:101220000072C9B2228581EA9A0616F0010641D100
:101230009BF8082022B3032A8BF8091009D8012A49
:101240001ED002A9E06E08F0AFFD90B940F2D47153
:10125000C8E7053A012A02D940F2B371C2E701F0AA
:10126000F3F910B940F2DE71BCE731460820FFF710
:101270000DFEDBE91C21013241F10001CBE91C210B
:10128000228D002642F400628BF8086022859BF8CC
:101290001420CAF3C009D2B1B4F85C20BAB106F088
:1012A00021F80328FBD0022806D1FFF7FDFD05B089
:1012B000BDE8F08F2E46EAE748B99BF80A2002F015
:1012C00001024A4503D1012384F83130EDE79BF850
:1012D0000A0000F00102914555D04FF00009E26C80
:1012E000002A40F0AE80B4F85C20B2FA82F25209D3
:1012F00002EA1A1284F87C20002F00F0AB8005F07F
:10130000FBFCB9F1000F40F0DA800127238D5A066B
:1013100006D44020FFF7C2FD238D43F04003238510
:1013200026B1B4F809300133A4F80930002D00F0DB
:10133000CB80B4F805300133A4F80530002384F8DD
:101340007B30424802F072FA029830B108F0F4FDA6
:1013500000220272019901F0F7FE039B33B10022D3
:101360001A720C220199039801F0BCFE002F9CD147
:10137000238D1B069BD48020FFF790FD238D43F027
:101380008003238593E7B4F85C20E2B108F1FF31D4
:10139000012918D8218D41F48051218594F87910C4
:1013A000914206D294F8302042F0100284F83020A6
:1013B00093E7E16C002990D094F87A1019B12020BD
:1013C000FFF76CFD89E70130B8F1030F8BF80A00D5
:1013D0001AD008F1FF3101290BD8002A3FF47DAF64
:1013E000A946DBE91E21013241F10001CBE91E21B2
:1013F00075E7002A3FF471AFDBE91E21013241F1AC
:101400000001CBE91E2168E7228D0120104942F43A
:1014100080528BF804002285FFF738FDECE79BF83B
:1014200014200AB105F078FF94F87B204FF00009F2
:1014300001324E4684F87B20228D42F48062228560
:101440004DE7012254E700BFC41A0020F01A002023
:101450001C1B002094F87B20012A3FF650AFD4F8E3
:1014600080200120904700283FF449AF94F83020B5
:10147000002A7FF444AF628C002A7FF440AF94F8D6
:10148000702022B994F87C20002A3FF438AF9BF8F2
:10149000132012B1584608F03BFE00209BF814219F
:1014A00096210BF06DFA0020FFF7A4FDB9F1000FB3
:1014B0003FF42CAF414603A8FFF768FD26E74146FD
:1014C00003A8FFF763FD20E7B4F807300133A4F861
:1014D000073036E7F0B53C4C87B006460F4694F827
:1014E0003830012B04D040F60C112720FFF780F88C
:1014F000E56A2B7923B1002104202971FFF7C6FC8E
:101500002B7A052B03D131490220FFF7BFFC002EB7
:101510004ED1002F4CD0D4F8803030469847002868
:1015200046D094F83030002B42D12B7DE76A8BB146
:101530000123039605F180010220CDE9046394F8AC
:101540006730029305F19003CDE90063D5E91E23CE
:1015500005F06AFD9621012097F815210BF010FA8D
:10156000D4F88430E56A23654FF4817394F86700FA
:10157000A4F854302B7D95F8151100EB8300FF285B
:1015800003D195F814318B4201D005F001F92B7D80
:101590009BB1606F05F002FB616F206D05F00AFEE4
:1015A000002005F05FFB022384F8383007B0F0BD5F
:1015B00007B0BDE8F040FFF777BC206D05F0EEFA0C
:1015C00005F072FEECE700BFC41A0020081B0020E3
:1015D000064B10B593F8382002F0FF0422B91C76B0
:1015E00002F0CEFA204610BD0C24FBE7C41A0020FE
:1015F0000A4B0B4A10B51A60FFF7EAFF20B14FF40F
:10160000B1712720FEF7F4FF064C00F083FFC4F809
:10161000840000F083FF606710BD00BFFC23002042
:101620009C170000C41A0020F8B5594C054694F8E0
:10163000380000F0FF0610B909B102B123B94FF428
:1016400020712720FEF7D4FF63639DF81830616294
:10165000C4F8802084F87A30E56284F8306084F839
:101660007B6084F8316084F878606684268584F82D
:10167000706084F87C60E6636664A4F84860266560
:10168000A665A4F85C6005F0AFF805F00DFE95F9CD
:101690001C0105F003F9D5F8D070D5F8C80005F0A5
:1016A00003F9384605F06CFA95F8240005F006F9C0
:1016B0000AF0E9FA95F81421364B4FF47A7153F891
:1016C000223003F5FA73B3FBF1F3523319183046A5
:1016D00005F072F9304B186805F058FAD5F8BC30AF
:1016E000E366D5F8C0302366AB7B233B072B4DD98F
:1016F000EB7B233B072B49D9B5F8E630B5F8EC0076
:1017000095F81411984228BF184609F058FC95F82E
:10171000E830834228BF034698B295F8E4309842F7
:1017200000D3C3B295F8151105F1DC0084F86830D8
:1017300009F0CEFE2F7D95F81511B5F8F06009F08F
:101740003EFC0FB9043080B2864228BF0646F3B291
:1017500084F8793084F86730EB7C13B1284608F0C0
:10176000D7FC0120FFF746FC002323606360A360E1
:10177000EB886380B5F8AA30238095F82430237174
:10178000D5F818310BB101221A60F8BD1B23C9E747
:10179000C41A0020501A0300FC2300201D0F000073
:1017A000BD110000D5140000090F000010B504465B
:1017B00008F0C6FC08B9002010BDE04308F0C0FCEA
:1017C0000028F8D0E31683EAA4635A1E1A42F2D026
:1017D000204609F072FF1828EDD8A3B2B3EB144FDE
:1017E00004D184EA142313F0FF1FE4D0034B6340B9
:1017F000581E1840003818BF0120DDE7D6BE898E7C
:10180000F0B5070C164BA7F5AA4203EA9023543A09
:10181000012A20D927F4004042F6AA22801A18BFD4
:101820000120002216211F24164687EA060562EAD7
:101830000505013511D0DD0301394FEA5303ADB27F
:1018400045EA56064FEAC4354FEA5404ADB245EABC
:101850005202EAD1F0BD0020E3E70020FAE700BF22
:10186000E0FF3F0010B5044608480AF052FC084962
:1018700020460AF0BAFD20460AF0B3FB20B120460C
:1018800003F042F8002010BD1220FCE76C1B002082
:10189000741B0020304BF0B55A8985B0B0F86070E9
:1018A0000C46B0F85E6097429D8928BF1746964265
:1018B00028BF16461B2E2ED0B5F5A47F2DD040F69E
:1018C000480301A99D4228BF1D4608F0C6FCBDF88B
:1018D0000A30BB4228BF3B46E380BDF80C30AB4228
:1018E00028BF2B462381BDF80630B34228BF3346BC
:1018F0006380BDF80830AB4228BF2B46A380FF238E
:101900002370E3881B3B9BB2E02B08D940F20951BE
:101910003920FEF76DFE1B2FCED105B0F0BD6388D8
:101920001B3B9BB2E02B02D940F20B51F0E723891D
:10193000A3F5A4739BB2B3F5E06F02D940F20D5149
:10194000E6E7A388A3F5A4739BB2B3F5E06FE4D9EF
:1019500040F20F51DCE700BF4C1B0020014BD88840
:10196000704700BF4C1B0020044BD87CC0F34000E4
:1019700080F0010000F00100704700BF4C1B002008
:1019800008B509F052FA00F0FFFF00F0E7FD09F09A
:1019900000FD01F0B9FF01F0F7F904F011FC00229D
:1019A0000E4B4FF01B110E481A600E4BC3E901019C
:1019B0001A804FF4A4711A82283303F8152C0A4AAE
:1019C00043F81C1C1068083212F8041C43F8080C79
:1019D00003F8041C07CA83E8070008BD00240020A0
:1019E00003021B004C1B0020F0180300044B41F6BF
:1019F0004C52C3E906221B229A74FFF7C1BF00BFF5
:101A00004C1B0020024B1B6803B118470C20704789
:101A100000240020014B93F9340070474C1B002038
:101A2000034BDA8802801B7983700020704700BF67
:101A30004C1B002013B5837804461A2B08D8042BBE
:101A400004D9124A22FA03F3DB0705D4122017E067
:101A5000292B01D03B2BF9D12088B0F5706FF5D23E
:101A600001A909F0BBFA68B9019B93F8202102F0A3
:101A7000FF004AB9A27883F82121FF2283F82021B0
:101A800002B010BD0220FBE70C20F9E7200038046B
:101A90000188A1F11B039BB2E02B0CD8428844F2D1
:101AA0004810A2F5A4739BB2834204D8034B0020D4
:101AB00059819A8170471220704700BF4C1B00204B
:101AC00038B50278447802F0010302F0020254EAC9
:101AD000030101D1112038BDBAB98578002DF9D0A4
:101AE000002B18BF002400E01D46204608F082FBB2
:101AF0000028EFD0284608F07DFB0028EAD0054BEF
:101B000000209C73DD731882E5E7002BECD00024E5
:101B10002546EAE74C1B002013B5008801A909F00F
:101B200076FA044620B9019890F832311BB13A2474
:101B3000204602B010BD90F85C3003F0FF04002B8B
:101B4000F5D190F853309B0703D1FF2380F8323151
:101B5000EEE70249543009F044FCE9E7B1BB00006C
:101B6000F8B503780546032B02D912242046F8BDA8
:101B70004378032BF9D8467E0EB11124F6E783781B
:101B8000012BF2D100F0E0FCC307F6D5AB7813F0DF
:101B9000010414D0EA78012A3AD82A693E49A2F20F
:101BA0005370884236D8AC686FF41C7CA4F6C4101D
:101BB000614488422ED8944234BF122400249807EE
:101BC00011D5EA78012A27D82A6934498A4225D8CA
:101BD000A9683348A1F6C41C84451FD8914238BF78
:101BE00012262643F4B259071DD5EB78012B0CD8E9
:101BF0002B692B49A3F6C4128A4211D8AA68A2F60F
:101C0000C41088420CD89A420DD244F01204ADE7B9
:101C10001224D4E73024D2E71226E2E73026E0E7A8
:101C200044F03004A2E7002CA0D12B7E013B062B10
:101C30009BD801212046FFF70DF8064620B940F653
:101C400042413920FEF7D4FC90300AF0C8FB18B1AD
:101C500096F854309A071DD1EA78A978012AA86825
:101C6000B5F800C014BFB2FA82F202222E7E18BF6D
:101C70005209CB070B4B48BF2F6983F8201083F81C
:101C80002120A3F822C083F8246083F82810C3E938
:101C90000B076BE70C2469E73CF670028FFD7002BE
:101CA000CBF370024C1B002000B589B0437940F2A1
:101CB00071218DF8043083798DF8053001238DF87A
:101CC000063003788DF80730B0F801304B430393AA
:101CD000B0F803204A430D4991F824100592A2F66A
:101CE000C4128DF81C1000218DF81D1008498A427D
:101CF00009D8A3F6C4138B4205D801A8FFF730FF1B
:101D000009B05DF804FB3020FAE700BF4C1B00204F
:101D10003C369C002DE9FF4106780746012E04D190
:101D20004378012B0DD9122469E0002EFBD101214B
:101D30003046FEF78FFF054600287CD140F69A51C9
:101D400007E031460020FEF785FF054620B940F642
:101D50003F513920FEF74CFCBB88002B65D10AF0BF
:101D6000F9F8002863D195F8F430002B61D12846AA
:101D7000FFF778FD04460028D5D1DFF80881314609
:101D80003046FEF767FF98F8143006461BB110B9CD
:101D900040F65B51DDE7D8F830200392002B41D0AC
:101DA00096F8F430002B3DD07B88DBBB98F82030D0
:101DB0003046009303ABD8F82C2098F822100AF094
:101DC00087F978B330460AF035FB06F14003074641
:101DD00005F14002643653F8041BB34242F8041B79
:101DE000F9D12846FFF73EFD024610B140F6825178
:101DF000AFE70C2F07D10146284603F07FF92046B4
:101E000004B0BDE8F08117B140F68B51A1E798F816
:101E100021302846296D43F0040385F8543003F03F
:101E200047F9ECE7BA887988E6E71124E7E73A242E
:101E3000E5E70C24E3E70AF08BFA04460028DED13C
:101E400095F8543095F8892022B195F88A201343EB
:101E500085F88900053B012BD1D82B6D13B940F6CD
:101E6000AA5176E701210846FEF7F4FE29464FF411
:101E70009072064607F0F8FC0423316D304686F870
:101E80005430CCE74C1B00202DE9F04F457A89B047
:101E90000446A90755D545F001054572072D52D8CE
:101EA00000F052FB35EA000040F0A68194F848703B
:101EB000002F40F0A181012D45D1A369BA4AA3F2B8
:101EC0005371914200F29681E26893423BD8A28F0F
:101ED000B4F842309A4236D8E38E228E618DA08CBF
:101EE00008F095F9002800F0858123789A1E022ACF
:101EF00040F28281012B26D813B9A378012B22D876
:101F00006378032B1FD894F84930013B062B1AD86D
:101F1000DFF8988201210020FEF79CFE98F814302B
:101F20000646ABB901210846FEF794FE002818BF0B
:101F3000064606F190000AF052FA814610B30C27CB
:101F400002E06A07AAD11227384609B0BDE8F08F2F
:101F500090300AF044FA0028E4D06FF00043D6E94C
:101F600024129A4208BFB1F1FF3FDBD1637A3046B9
:101F7000009304F11803E26861780AF0A9F8814639
:101F80000028CFD0304609F0EBFF08B13A27DBE755
:101F9000304609F0DFFF01460028F7D10DF11200AD
:101FA000FEF7E4FD0546002800F02281BDF812305E
:101FB0000DF1140A02937E4B18681B7905908AF87C
:101FC000043098F8353013B1504600F0BDFE029948
:101FD000284609F02BF8D8F8183040F2E24BC5F843
:101FE000DC3094F84A305A4604EB4303988C598D00
:101FF00000230BFB00F00BFB01F185F81E3101F013
:1020000053FDA5F8C4B105F1A80BC5F8C400C5F887
:10201000C00158460AF054FB039000F08FFA039B6E
:1020200010F0200F98F812C0A5F8E63008BF1B2268
:10203000604B1ABFB8F80620B8F8081011461B68A4
:10204000A5F80621A5F8081185F8E4C01BB195F99B
:102050001C11029898470123B8F8062098F805103B
:1020600005F1BC00A5F8DA300332B8F80830019168
:1020700092B298F80410033300919BB205F1C001AD
:10208000FEF75AFED5F8BC3023B940F6F47139207A
:10209000FEF7AEFAD5F8C03013B940F6F571F6E7A1
:1020A00008F05EF8C5F8C80001F09CF820F07F4009
:1020B000D8F81C10C5F8D000284694F84A3004EB34
:1020C00043031A8EDB8EA5F8CC20A5F8CE300AF09B
:1020D000F4FA514605F1160009F016F898F8353073
:1020E00013B9FF2385F80D32D8F8383023B1012217
:1020F00005F59171584698472F49584608F0D9FC84
:1021000001F070F80C23B0FBF3F202FB1300C0B235
:10211000431DDBB2082B9CBF0D30C3B2284685F8A7
:10212000223008F0B0FF28460AF0DFFAB9F1000FBC
:1021300003D16178304609F086FF04F1030BA278E1
:10214000217830465B4609F02BFF002856D1122734
:102150000021B5F8AA00FEF793FD00283FF4F4AE85
:1021600041F2882193E7DDF8148045456AD0029B4F
:10217000594698F8AC2003F0FD0008F1AD03003893
:1021800018BF012008F052FE00285BD008F1B4030C
:1021900098F8B32005F1B40195F8B30008F046FEB5
:1021A00000284FD00B27D3E73CF670024C1B0020D1
:1021B0002E8C0300042400205A1B0020E3685146A3
:1021C00030468DF814900693637ADB0741BFA3690C
:1021D000079301238DF814300AF007F994F8491099
:1021E000304609F0DAFE2946304602F061FFABE6E0
:1021F0000D27A9E63027A7E61127A5E6B9F1000FBC
:1022000002D1304602F080FB5B46A278217830464E
:1022100009F026FFB9F1000F02D1042386F85430EB
:1022200035655A46A178304601F0FD01003918BFE6
:10223000012109F030FF23784BB9A278059302926F
:10224000CAF804305046FEF73FFD00288BD0B9F1A4
:10225000000FB3D00421304609F0CCFE00287FF4F3
:1022600073AE0C2774E700BF10B5437994B0032B0D
:1022700057D823F00203027940F271218DF806301D
:10228000D0F806308DF80420CDF807304389027B62
:10229000ADF80B3001238DF805208DF80D30038843
:1022A0004B43049342884A430792A2F6C412847BAC
:1022B000417B41EA0421ADF82810047CC17B41EA4E
:1022C0000421ADF82E10847C417C41EA0421ADF854
:1022D0003410047DC17C41EA0421ADF83A10417DFF
:1022E000847D41EA0421ADF84010C17D007E41EAC1
:1022F00000210E48ADF8461000218DF84C108DF8E5
:102300004E100B4990F824008A428DF84D000AD8EF
:10231000A3F6C4138B4206D801A8FFF7B5FD14B08D
:1023200010BD1220FBE73020F9E700BF4C1B002056
:102330003C369C0038B501210020FEF78BFC054699
:1023400020B941F2BB213920FEF752F990300AF052
:1023500046F81D4B1B7D4BB3E0B195F85430053B5F
:10236000012B17D828460AF065F8044610B141F24F
:10237000C621E8E7284602F059FA95F8543022467B
:10238000214623F00403284685F8543002F0B6FEB7
:10239000204638BD01210846FEF75CFC054610B911
:1023A00041F2D221CFE790300AF019F808B90C2495
:1023B000EEE728460AF03EF804460028E8D1284611
:1023C00002F034FAE4E700BF4C1B00200278034619
:1023D00072B1427862B142881A2A09D982881A2ACF
:1023E00006D90068034A506000209B88138170471B
:1023F000122070474C1B002002680020014B9A619C
:10240000704700BF4C1B002002680020014BDA61BE
:10241000704700BF4C1B00200378A3F10A02112A69
:102420009BBF024A00201220937470474C1B00206F
:102430000378FF2B15D14378FF2B12D18378FF2B24
:102440000FD1C378FF2B0CD1037923F0E0021F2AB0
:1024500007D11F2B05D05B09034A002082F82430E6
:1024600070471220704700BF4C1B002008B50520A4
:1024700000F058F80AF03CFA014B024A9A6308BD92
:102480004C1B00209518000010B50A4C072000F0E6
:1024900049F80949201D08F0AEFA04F1080007497F
:1024A00008F0A9FA04F10C000549BDE8104008F055
:1024B000A2BA00BF881B00206C11002074110020FC
:1024C0007C11002038B5074C0D4600F021FD6068F6
:1024D000256008F088FAFFF789FA00F09BFE0123D7
:1024E000237438BD881B0020014B187C704700BF47
:1024F000881B002010B5064CA06808F074FAE0684C
:1025000008F071FAFFF73CFA0023237410BD00BFF6
:10251000881B002000487047991B00200048704726
:102520009B1C0020C208044900F0070001238340DF
:10253000885C03438B54704730110020014BD3E972
:102540000001704730110020034B1868C0F30020D1
:10255000400040F0010070473011002008B505F040
:1025600039FC0023074A32F82310814205D302EBDD
:1025700083029378044A137008BD01330C2BF2D107
:102580000023F7E7041903009D1D0020024B187873
:10259000072828BF072070479D1D0020006808B548
:1025A000B0F8AA3080F86411A0F8653190F81431C1
:1025B000012B06D0022B04D04FF43F710620FEF70A
:1025C00017F880F8673190F81531012B01D0022BF4
:1025D000F2D180F8683100F25B100249BDE8084092
:1025E00008F0FFBE9DAA0000024B002283F82220C3
:1025F0009A8470479E1D0020044B93F82220012AE4
:102600001ABF036001200020704700BF9E1D0020FC
:10261000054B024693F8221001291BBF01209A8422
:10262000002083F8220070479E1D0020054B0246C3
:1026300093F8220020B1136009B19B8C0B8001201C
:10264000704700BF9E1D0020044B002293F822001B
:102650009A8410B1012083F8222070479E1D00202B
:10266000034B93F82200B0FA80F04009704700BF96
:102670009E1D002050B90A4A0120134603F8010BA1
:102680000868C2F801008A889A807047012805D13D
:10269000034B0A68D8719A608A889A81704700BF94
:1026A000C41D002050B90B4B187888B1D3F8012015
:1026B000B3F805300A6001208B807047012806D1ED
:1026C000044BD87920B19A689B890A60F3E700200F
:1026D000704700BFC41D002010B9044B1878704724
:1026E000012806BF014BD87900207047C41D002087
:1026F000F7B58A8800238DF80600ADF80420086835
:102700000B4A8DF807300146147802F5A872019D36
:10271000D8B2844201D8082007E052F8087F01337C
:102720005668AE4208BF8F42F2D103B0F0BD00BF81
:10273000D81D0020084B0146002230B55C7803F21A
:102740000113D0B2844201D8082004E013F8015FDD
:1027500001328D42F5D130BDD81D0020F8B52D4C89
:1027600063782218013B92F80251DBB28342637016
:1027700030D01A010101961C8F1C2644274406F113
:10278000100C56F804EB664547F804EBF9D1823299
:1027900082312244214402F1100652F8047BB242F5
:1027A00041F8047BF9D1E118221891F8026182F80E
:1027B000026106267343704303F5857300F5857047
:1027C000E618E35827182350B388BB8091F83A31B4
:1027D00082F83A312846FFF7ADFF082818D1237850
:1027E000013BDBB29D42237012D02B3305F12B024B
:1027F00004EBC30304EBC20293E8030082E8030086
:102800002078FFF797FF08281CBF241884F802518E
:10281000F8BD00BFD81D0020F0B5254D89B095F852
:10282000984105F299116846224607F01DF82146A5
:10283000684608F019FB0446B8B300EB400102A853
:10284000C9B2FEF705FB631E95F8A1610124DBB256
:1028500095F8981105E0721CB2FBF1F001FB102213
:10286000D6B206F120020DEB020010F8202C002A4F
:10287000F1D103EB430100F8204C06EB4602203176
:102880002A44694411F8187C82F8A27111F8177C67
:1028900011F8161C82F8A37182F8A411013BAA1941
:1028A000DBB282F89941FF2BD2D109B0F0BD00BF55
:1028B000D81D002070B5064688B00C46002A4ED0C0
:1028C000294A92F8A131D01890F8991119B9FF212D
:1028D0002820FDF78DFE03EB43010133114491F8ED
:1028E000A251E57091F8A35191F8A411257161717D
:1028F000002180F8991192F89811B3FBF1F001FBD7
:10290000103382F8A13192F8C23123B9174902F588
:10291000DD7008F063FD65790D220021684605F041
:102920003F0545F0400565710AF07DFCE37804AA97
:1029300069468DF80F30304623798DF80D508DF8AB
:102940000E3004230AF006FC9DF81F3023709DF81A
:102950001E3063709DF81D30A37008B070BD032158
:102960006018FEF775FAD6E7D81D00201928000078
:10297000044B5A78824286BF1B1893F8420100200C
:10298000704700BFD81D0020064B00224FF4617134
:102990001A8083F8C32183F8C421A3F8C61183F8F1
:1029A000C2217047D81D002010B51446FFF7A0FEC5
:1029B000082813D0FFF7BEFE094B5A7882420DD982
:1029C00004B12070184490F83A3190F84A01012B74
:1029D00008BF40F0010000F0010010BD0120FAE73F
:1029E000D81D00202DE9F0478246894617469846B3
:1029F000FFF77EFE08280546064603D0FFF79AFE3D
:102A0000082860D1324C6378072B5ED8082D15D189
:102A10002678731C072E237003D96C212820FDF71C
:102A2000E7FD06F12B02D9F8000004EBC20344F8DD
:102A30003200B9F8042083F806A09A80657807F17F
:102A400010026B1C290163704B1C234412F8010D0A
:102A5000BA4203F8010FF9D1813108F11003214482
:102A600013F8012D984501F8012FF9D125441021C3
:102A7000404608F03FFA102185F84201384608F038
:102A800039FA85F802616678002385F84A013146F3
:102A9000104885F83A3108F0E7F90128054607D8CB
:102AA00031460D4808F0E0F9002818BF0135EDB2B5
:102AB00084F898510025284684F8A151FFF7ACFE10
:102AC0002846BDE8F0871220FBE70720F9E700BFA2
:102AD000D81D00201A1F0020221F0020064B10B511
:102AE0005878013840B2002800DA10BDC4B2204640
:102AF000FFF734FE601EF5E7D81D0020014B83F878
:102B0000C3017047D81D0020014B93F8C3017047E3
:102B1000D81D0020431E4AF2B7129BB293429DBFBC
:102B2000024BA3F8C601012000207047D81D0020E9
:102B3000014BB3F8C6017047D81D00200A4B30B5D1
:102B40005C7884420ED9184490F802012B3003EBD4
:102B5000C004A5790D7053F8300010600120A388DF
:102B6000938030BD0020FCE7D81D002002460748B6
:102B700010B590F8C34124B1417821B1023003F07F
:102B800041FB204610BD0C46FBE700BFD81D0020CE
:102B9000F8B50646174C48B3617804F5A17008F003
:102BA00063F994F89851074604F29910294608F001
:102BB0005BF92D1AEDB2AF421AD800256278EBB25C
:102BC0009A4201D80120F8BDE21892F842215AB980
:102BD0000621324601FB034104EB031301F5857125
:102BE00003F18200FFF766FE0135E7E70546E5E7FA
:102BF0000020E8E7D81D0020F0B51B4E89B007463D
:102C00000D46737883422CD9331893F8424144BB64
:102C10000D22214668460AF006FBEB7806EB07100A
:102C200004AA8DF80F3069462B7982308DF80E306A
:102C30006B798DF80D3004230AF08CFA2A789DF810
:102C40001F309A420AD16A789DF81E309A4205D107
:102C5000AC789DF81D30E31A5C425C41204609B017
:102C6000F0BD0020FBE700BFD81D0020074B5A78BD
:102C7000824209D91A1892F842212AB9062202FB87
:102C8000003000F58570704700207047D81D002087
:102C9000F8B50E46074606211546304608F02AF9D3
:102CA000044670B10C4B0022587803F23913D1B2AC
:102CB000884202D801242046F8BD013203F8015FA2
:102CC000F5E73146384608F0EBF80828F3D0024B18
:102CD000034483F83A51EDE7D81D0020034B80F8F8
:102CE00074101B680BB140881847704708240020F7
:102CF000036830B50024D3F8C40042F21075A3F87D
:102D00004040B3F844404443B4FBF1F4A3F84440DA
:102D10004C1E05FB0242B2FBF1F2A3F84220094A25
:102D2000B2FBF1F20132A3F848209A8F05FB02446E
:102D30005A6B5043B4FBF1F4B0FBF1F09C63586361
:102D400030BD00BF005A6202054B1B7833B9054BFA
:102D50001A681B79026003710120704700207047D8
:102D6000A01F002038110020054BFF221A70054AD1
:102D7000016811600179117100221A70704700BF5B
:102D8000A01F00203811002007B5064A10681279EC
:102D9000009068468DF80420FFF7E6FF03B05DF869
:102DA00004FB00BF2E8C03000346084671B13F2B85
:102DB0000BD8074AD35C03F07F02914205D08CBF49
:102DC0000120002000EAD31070470120704700BFA7
:102DD0004C190300FF230B7002234B7083238B706D
:102DE000014B1B78CB707047A41F00202DE9F84FD2
:102DF000D0F804800C46D8F81860304607F08AF8FE
:102E0000054620B94FF4AA711020FDF7F1FB0146E9
:102E1000304607F08DF8B5F800B082461FFA8BF700
:102E200017B94FF4AC71EFE7224B00F103091B68AF
:102E3000D3B998F8023098F803202370637802F031
:102E40000F02A4F802B023F00F03134323F0C003D2
:102E500063709AF8003003F00303012B0FD0022BAC
:102E60000DD04FF4BB71CFE73A464946B8F802009F
:102E7000984705460028DCD12846BDE8F88F6278DF
:102E8000304663F30512627007F058F8054610B932
:102E90004FF4C071B8E7FB2F02D940F28F11B3E7AE
:102EA0003A464946201D06F0DFFC304606F0A1FFF9
:102EB000E2E700BF0C24002038B5134C102200219B
:102EC000201D0AF0B0F90125257404F10803102231
:102ED000002104F11400C4E901330AF0A4F984F8D4
:102EE000205004F11803094AC4E905330023636242
:102EF000A36284F82C30C4F82D30C4F8313084F843
:102F000035301360A36338BDA41F00200C240020BB
:102F100010B5084C2378FF2B04D040F299111020F3
:102F2000FDF766FB06F00CFC2070BDE81040FFF7D3
:102F3000C3BF00BF3D11002010B5034C207806F040
:102F400019FCFF23237010BD3D110020014B1878A0
:102F500006F020BC3D110020014B024A1A60704768
:102F600010240020ED2D00002DE9F341DFF86881E9
:102F7000054608F11407D8F80830D8F81840227A26
:102F8000012A22D1D8F8382052B1137A1BB9BF21B7
:102F90001020FDF72DFBD8F83840C4B9002083E09D
:102FA0001A7A012AFAD01C464C4AEFF3108172B605
:102FB00050680068506001B962B6A34208BFC8F803
:102FC0003840237A1BB9EE21E2E73A46EDE7267A4C
:102FD000F6B205232372731E0B2B6ED8DFE803F0C5
:102FE0006A062235676D3E6D6D6D6D5B636813B962
:102FF0004FF40371CCE72046294698470420EFF3AD
:10300000108272B6237A052BD9B24FF0000359D142
:103010002372D8F83810A14201D1C8F83830B2BBB9
:1030200062B634E0636813B940F21521B0E729466F
:10303000204698470346ADF80400C0B2C3F3072307
:10304000012B2FD0022BDAD11AE0636813B940F2BA
:103050001D219DE7204698470020D0E763680BB903
:10306000FE2195E786222A7001225988AA706A718A
:1030700000225869A5F80310AA7106F0BAFE0420D0
:10308000D8F83830A34202D10023C8F838300028DD
:103090003FF471AF08E0124B294620461B68984761
:1030A000034668B9267298B102B0BDE8F0814FF4CA
:1030B00015716DE740F257216AE740F25A2167E740
:1030C0000220DDE711B940F27B2161E71846A6E74F
:1030D000002B7FF450AF61E7A41F0020A81F002041
:1030E00010240020134610B5027A22B140F20231BA
:1030F0001020FDF77DFA0A4601460248BDE810405F
:1031000008F049B9A81F0020044890F82C301BB9DA
:103110000349243008F05CB9704700BFA41F0020A9
:1031200087B300000346064890F83C203AB190F877
:10313000352022B9034900F82D3B08F049B9704702
:10314000A41F0020D52D00000A4610B5037A23B134
:1031500040F20A311020FDF74BFA014607230248DE
:10316000BDE8104008F017B9B81F00201346027AD6
:103170000AB1037270470A460146014808F00BB9CC
:10318000A81F00201B234FF01B128384038482613D
:103190008382C260038539B94FF4A473034AC384A0
:1031A0004384C261C3820261704700BF4801480185
:1031B000014908F016B900BFE9B300000B8BA2F873
:1031C00009001046A2F80B304B8BA2F80D308B8B08
:1031D000A2F80F30CB8B0249A2F8113008F0FBB8EF
:1031E00039B40000094AD2E90003434083EAB01130
:1031F00081EA43214FEAF34311605360044B584383
:103200004FEAF06000EB8000704700BF40110020E3
:10321000BB79379E10B50A4C08210948FDF718FE06
:10322000D4E900321343F7D0064CFFF7DBFF2060F0
:10323000FFF7D8FF236860601843F6D010BD00BFC9
:1032400040110020E41F002038B5A0F10A03144605
:103250000D46DBB22046432B96BF0A4AFE21D15CC5
:1032600008F040FA68B965B12978272907D03F29C5
:1032700008BF3E212046BDE8384008F033BA262179
:10328000F8E738BD8C190300174B184A9A60184AA2
:10329000DA62184A1A61184A5A61184A9A61184A39
:1032A0001A63184A5A62184ADA64184A9A64184A21
:1032B0009A63184B184A9A60184A1A62184A5A6058
:1032C000184A1A60184A9A62184ADA62184ADA608A
:1032D000184A9A61184A1A63184A9A64184ADA64B2
:1032E000184A5A62704700BF142400201BB800001F
:1032F00055BA000027BA0000F1B90000ED35000012
:10330000A5370000A536000047BB00005FBB0000EA
:10331000613600001425002031B8000017BB000002
:1033200041B800003DB90000A5BA00006BBA00002A
:10333000C3BA00008BBA0000D3BB00007BBB000007
:1033400077BB00002DBB0000054B064A1A65064AF4
:103350005A65064B064A1A65064A5A65704700BF09
:103360001424002019BD0000ADBC0000142500206D
:1033700097BC0000ABBD0000054B064A9A65064AA3
:10338000DA65064B064A9A65064A1A66704700BF18
:103390001424002089AC00006DAD0000142500202D
:1033A00081AB0000BFAD000073B5054601A80E4615
:1033B000FFF722F920B94FF4AA615120FDF718F95F
:1033C00022220021019809F02EFF019C204600F8DE
:1033D000036F252E00F2C280DFE806F01318383E96
:1033E000C0C0C3565A5DC3C362C0C0C0C06EC3C3B1
:1033F000808097C09EC0C0C0C0C0C0C0C0C0C0A2B6
:10340000AEB8294608F0A5FAC0B98CE02E68D6F807
:103410000832636096F80C322372286890F89F3067
:1034200033B908F0BFF92B68DB881844A6F80E0200
:10343000B6F80E32082063721B0AA372FFF7E8F891
:10344000002840F0908040F25751B6E72B6893F87F
:10345000213102202371F1E72B681720D3F84C2289
:103460006260D3F85022A260B3F85422A281D3F84C
:103470002C22C4F80E20D3F83022C4F81220D3F83E
:103480009030C4F81630D9E72B6893F8A030E0E705
:1034900000F03CF9B8E70146284600F049F9B3E7E7
:1034A000112306202371592363710023A37139234B
:1034B000E37130232372C1E72B6893F8A0203AB15F
:1034C00093F89D20227193F89C3003206371B5E737
:1034D00093F89B20227193F89A30F6E72B68092025
:1034E000B3F800212271120A6271B3F8A220A2710E
:1034F000120AE271B3F8FC202272120A6272B3F867
:10350000A030A3721B0AE37298E72B6893F82E2170
:10351000227193F82F31D8E7294607F08AFB73E729
:10352000124B1B6813B940F2495146E701462A463F
:1035300023209847042081E70C4B1B68002BF2D016
:1035400001462A4624209847052077E7074B1B6849
:10355000002BE8D001462A462520F4E740F24451EA
:103560002BE701206AE702B070BD00BF14260020DF
:103570003F289ABF024B53F820000020704700BF3D
:10358000142400203F289ABF024B53F8200000204B
:10359000704700BF14250020F7B5056804464FF6B4
:1035A000FF77D5F8BC600DF102010DF10102304644
:1035B000ADF8027006F0D6FB01A9304606F0F4FB28
:1035C00048B1019806F0B8FC2168A83100220272C7
:1035D000FFF7BAFDE7E7044905F1280003B0BDE8AD
:1035E000F04007F0F8BE00BFAFB70000036810B5A9
:1035F0009A7B04461E2A2CD1002283F8512083F89E
:103600004A2083F85622036893F85210B3F8AA00B0
:1036100081B1C3F8A9211049A3F8AA0103F5D0701C
:1036200083F85220A3F8AD2107F0D2FE23680020D2
:10363000987310BD0122A3F8990183F8981103F241
:103640008F1083F89F11A3F89C1183F89B210349E5
:10365000EAE70220EDE700BFD9B90000C1B90000D8
:1036600038B50468E57BBDB9D1F801200B4BD1F822
:10367000051013400A4AC4F86230C3F307630A40D6
:1036800043F00803C4F8662084F8653008F052F867
:103690000423E373284638BD0125FBE72FC904F74F
:1036A0006FDB0080006810B5837B042B2AD1D1F832
:1036B00001304A1CD1F80540C0F86230C3F30763FB
:1036C000C0F8664043F0080380F86530002380F8B6
:1036D0004A30837380F8333190F8713103F0FF047E
:1036E0000BB1002010BDB0F8AA3000F2691044728E
:1036F0004381D1F801300449C3605368036107F086
:1037000067FEEEE70120EDE7EDBA000010B50446D4
:10371000FEF714FF044A054B024009200B40C4F891
:103720000120C4F8053010BD2FC904F76FDB0080FD
:1037300037B50C460568FEF701FF0A4B0A4A0340FD
:103740000A4095F8621000930B4001928DF800300A
:103750006B4603CBC4F801000920C4F8051003B080
:1037600030BD00BF2FC904F76FDB008038B5DB0424
:10377000154604D5037D13B10023436338BD446B64
:103780000134446308F004FA836B9C42F6D30023AF
:10379000034943632846BDE8384007F022BE00BF16
:1037A0003BBB000038B504680546A37B012B01D064
:1037B000E37BB3BB94F85330980713D44A7884F86A
:1037C0005D204A88A4F85E208A88A4F8602043F02F
:1037D000020284F85320DA070ED5134904F154008D
:1037E00007F0FFFD94F85330DB070FD4E37B43B1C0
:1037F00053214020FCF7FCFE94F83231002BECD131
:10380000F0E701232846E37307F094FFA37B012B25
:103810004FF0000301D0002038BDA37384F84A3074
:10382000F9E70120F8E700BFB1BB000070B50568FB
:10383000044602F0A3FC054B0146E8721B681BB16D
:103840002046BDE87040184770BD00BF1C26002010
:10385000024B1B6803B11847704700BF18260020B1
:10386000F0B51F4D00242B7814709BB1013B6D689F
:10387000DBB21E1B012E0FDC05EBC40655F83470BD
:1038800076688E4208BF874227D0B84271EB0606A1
:1038900012D214700020F0BD1E197710C6F347062F
:1038A00055F837C005EBC70E8445DEF804708F412C
:1038B0002CBF33463446DCE705EBC30455F83350E0
:1038C00064688C4208BF854206D0A84271EB0404AC
:1038D00028BF01331370DDE71C4601201470DAE7BE
:1038E000FC1F002010F0070208B503D06321482018
:1038F000FCF77EFE18B1034B197258601A70C800AD
:1039000008BD00BFFC1F0020014B00221A70704749
:10391000FC1F0020014B00221A6070470C20002081
:1039200008B5044B186810B9FFF7F4FF08BD0C2068
:10393000FCE700BF0C200020024B1879003818BFAC
:10394000012070470C20002013B5CDE90012054B73
:10395000FF225A7100F11003DDE9000183E8030042
:1039600002B010BD0C200020C3693BB983692BB99C
:10397000034B1B681B1A584258417047012070477F
:103980000C20002030B50D4AFF231371D0E90653F7
:1039900073B1D0E902149D610C44D9682144D96007
:1039A000816939B1CB610023C0E90633137130BDA1
:1039B0001560F5E7002BF6D0D960F4E70C20002065
:1039C00010B5124AFF231371C16189B9136883616D
:1039D00003B1D86110600023C169C36099B1CB689D
:1039E0007BB18468A3420AD230213720FCF700FE65
:1039F0008B6988618361002BEDD0D861EBE71B1BDD
:103A0000C3600023CB600023137110BD0C20002085
:103A1000014B1868704700BF0C200020034B0020AA
:103A20001B6803B9704718469B69FAE70C20002011
:103A30000B4B002230B51B6804464FF0FF35104693
:103A400023B911B9002808BF104630BDDA68A24278
:103A500003D3AA423CBF154618461A469B69EFE7B6
:103A60000C20002070B50F4CFF232371036A1BB19B
:103A700081689D68A94203D2E5213720FCF7B8FD93
:103A8000C2698669DA619E6152B193619A691AB11D
:103A9000D361C26811444A1BDA600023237170BDF0
:103AA0002360F3E70C200020F8B54FF0000C04462B
:103AB000284E084686F805C0002135680B4685B9B2
:103AC0007579002DF6D15BB1984225D3013CB0FB4E
:103AD000F3F11C4403FB01F5B4FBF3F48C420ED963
:103AE000F8BD2F690BB19F4207D23B4627B94FF46F
:103AF000A3713720FCF77CFDA98AAD69DFE7B5FB30
:103B0000F3F603FB165626B9B5FBF2F602FB165682
:103B1000DEB10139ED1AE1E7451E1D44B3FBF4F4B3
:103B2000B5FBF0F5AC42DBD3B3FBF5F605FB16377E
:103B30004FB9B6FBF2F702FB176727B9B6FBF1F7EF
:103B400001FB17671FB10135ECE72846C8E730468F
:103B5000C6E700BF0C200020FF23084A0B700D238E
:103B60004B7082238B701368C1F803305368C1F81F
:103B700007309368C1F80B30704700BF1220002057
:103B800016220021014809F04EBB00BF1220002080
:103B9000F8B5154D04466B7D23B3D0E96C7608F07B
:103BA00072F894F81421114B5230114953F8223015
:103BB0004FF47A7203F2E733B3FBF2F3DB19B4F894
:103BC000AA2046F100061B182A8005F10C0046F1D8
:103BD00000066B60E3880222AE606B80BDE8F840AF
:103BE000FFF7C4BAF8BD00BF12200020501A03002E
:103BF000593B0000024B00221B6883F8702070477D
:103C00002820002008B502F0B9FA014B187008BD51
:103C100048110020024B18686C3001F089B800BFD1
:103C20002820002038B50F4CFFF7F4FF656801F03D
:103C300055F863682860186820B940F2F5413220D1
:103C4000FCF7D6FC08F07EFA10B940F2F741F6E72F
:103C500002F0A4FF002003F005F8636804221A7143
:103C600038BD00BF2820002070B52B4C0646636885
:103C7000186808F067FA054620B941F2C4313220CD
:103C8000FCF7B6FC236893F8543013B941F2CA31FB
:103C9000F5E776B107F0F5FA30B163681A79022AD0
:103CA0000ED841F24A31EAE7284607F002FB002825
:103CB000F3D163681A79022A17D841F2AA31DEE7F4
:103CC0001A79082A02D941F24B31D8E71B792846E4
:103CD000A26803F180431269033B52F823309847EE
:103CE0000C2812D941F2DD31C9E71A79082A02D924
:103CF00041F2AB31C3E71B79A26803F180435269FB
:103D0000033B52F823309847EAE7A368DB68BDE835
:103D1000704053F8203018472820002008B5074B82
:103D200093F900207F2A04D140F29B313220FCF726
:103D30005FFC02707F221A7008BD00BF481100208E
:103D400010B504788EB004F00F0404A9224608F0E0
:103D50001AFAFFF757FF042C33D11B4C059A23683E
:103D6000107893F8741088422BD1507893F875101E
:103D7000884226D1907893F87610884221D1D07865
:103D800093F8771088421CD1107993F87810884204
:103D900017D1517993F87920914212D19DF82120C1
:103DA00093F87A309A420CD10DF10F00FFF7B6FF6D
:103DB0009DF90F3004A90093237C227B606808F0F2
:103DC000D3F903200EB010BD282000200D4A5368FF
:103DD00010B51979022904D841F2BC413220FCF710
:103DE00007FC1979082902D941F2BD41F6E71B7990
:103DF000926803F180439268033BBDE8104052F89B
:103E0000233018472820002010B5054C637B2BB1C8
:103E100002F04EFF02F04EFA0023637310BD00BFA4
:103E20002820002010B5064CFFF7EEFF0122636842
:103E30001A71FFF7EFFE2068BDE8104008F009BCDA
:103E40002820002010B500B919B9BDE81040FFF7CF
:103E5000E9BF0D4A53681979082904D841F28C4109
:103E60003220FCF7C5FB19790C2902D941F28D41AA
:103E7000F6E71B79926803F180435268093BBDE87D
:103E8000104052F8233018472820002038B52F4C16
:103E9000FFF7C0FE656800F021FF636828601868BE
:103EA00020B940F252413220FCF7A2FB08F04AF957
:103EB000054610B940F25441F5E7236893F889307C
:103EC0006BB123681A6D93F88A10C3F8F02093F849
:103ED00054200A4383F85420002283F88920636821
:103EE0001A795AB11B79012B08D00021206808F0FB
:103EF000A8FA18B9BDE83840FFF794BF2368144A00
:103F000093F88830D05C02F0D9FC0121252002F022
:103F10003FFC284602F042FE0121084602F0DCFC8C
:103F2000E81CFEF723FE607320B102F09DF94020EB
:103F300002F0B2FE002362680821E373A3732374C6
:103F4000D380032321735171137138BD28200020C1
:103F5000D019030070B5384C054663681B79012BF6
:103F600004D940F6FC013220FCF742FB02F03CFC95
:103F700002F09EFE02F09EF9304802F007FE304843
:103F800002F0FEFD2F4802F08FFC6B7A23B123680C
:103F90001B6E0BB101221A602B7A032B02D140F663
:103FA0002E11E0E7206893B9032190F8882090F85B
:103FB00049500E460132B2FBF6F303EB4303D31A2A
:103FC000DAB245FA03F3DB072BD580F8882090F9A5
:103FD000580002F063FCFFF759FF256895F8483058
:103FE000F3B16FF00043D5E920129A4208BFB1F156
:103FF000FF3F15D008F03DFDD5E9202390429941BF
:104000000ED3236893F8483083B92568FEF790FDF6
:10401000044608F02EFD0C4BE4FB0301C5E920012A
:1040200070BD013911F0FF01C4D1CEE70120FEF7C8
:10403000AFFD0028F4D0E8E7282000207C490000EC
:1040400055555500D6BE898E40420F002DE9F843E4
:10405000624F0023064689467869D7F800800370CE
:10406000437002F0B7FD054630B900250320FFF785
:1040700059F82846BDE8F8837C69032E237833D1AC
:1040800023F00F0343F0030323700C236370D8F86D
:1040900074307869C0F80930B8F87830A0F80D307D
:1040A00098F87A1007F0E3F80021786908F074FCBA
:1040B0003B6893F8482003F1420993F84180002AB5
:1040C00068D14C46236841467869C0F80330A3881C
:1040D000A0F8073007F0C2F8414BD3F80C32002BA0
:1040E0006CD002F07DFCC0E723F02F033968222258
:1040F00043EA4913627043F0050323700B6DD3F854
:10410000C830C4F80F300B6DD3F8D020E274100A19
:10411000120C207540F2E2406275B3F8D820B2FB71
:10412000F0F2A275D3F8D420B2FBF0F2E275C2F33C
:1041300007222276D3F8C420B2FBF0F26276C2F3F3
:104140000722A276B3F8CC20E276120A2277B3F8DF
:10415000CE206277120AA277D3F81720C4F81F2066
:10416000DB7E94F8242084F823300B6D22F01F02AC
:1041700093F8223003F01F03134384F82430FEF732
:1041800005FA94F8243003F01F0343EA401384F83F
:1041900024307CE793F8542052070CD593F84B2039
:1041A0004AB193F84C00FEF761FD0446002888D020
:1041B0004FF0010886E77B685879F4E7052E7FF415
:1041C00058AF3B6821681A6DC2F8B410A188A2F8F4
:1041D000B8101B6D83F8B3804BE700BF2820002088
:1041E00000A0085010B500210320FFF72FFF18B9D9
:1041F000BDE81040FFF716BE074C0321206808F009
:1042000020F90028F4D00121084602F06BFD636814
:1042100009221A7110BD00BF2820002070B5164C6D
:104220006368186807F08EFF064620B940F26151B6
:104230003220FCF7DDF963680A22002120681A7138
:1042400000F06CFF236805201B6D9D7D3378C3F360
:1042500040131D402946FFF7F9FE18B9BDE870402C
:10426000FFF7E0BD0421206808F0EBF80028F5D046
:1042700023681B6D9D7570BD282000202DE9F04F2F
:10428000734C95B00546FFF7BDFC236893F8543096
:1042900013F0060F04D001229621002008F070FBD5
:1042A0002E7828460AA906F00F06324607F06BFF63
:1042B0000B9D55B39DF83930012B50D16B7903F02C
:1042C000C003A3F140056B426B41627B4AB143B12D
:1042D000656806F0EFFD636868715B7923730123FD
:1042E000A3736368587908283BD10B999DF839006E
:1042F00007F096FC626805460B9905329DF8390077
:10430000FEF752FB636800283DD0226892F85430D3
:1043100013F0030106D0062E97BF92F84A10002131
:104320002943C9B2606801F0010113F004038171EF
:1043300006D0062E97BF92F84B3000231D43EBB2F8
:1043400003F00103C3710B9BF3B19DF8391082F8A0
:104350007A10196851679B88A2F8783014E000231E
:10436000B3E708AA0DF11F01FEF7E8FB20B940F6FC
:10437000A5313220FCF73CF908A99DF81F0007F091
:104380004FFC0546C1E7D880062E00F2C680DFE864
:1043900016F06100E4000700C400C400C40024005B
:1043A00002F01EFB266896F85430980713D0656813
:1043B000AB7983B108A8FFF7B1FC9DF92030022248
:1043C0000AA902932846237B0193FF23009306F159
:1043D000420307F0B9FE03251DE06568AB79002BA9
:1043E00000F09B80266896F85420910719D508A8FC
:1043F000FFF794FC9DF920302846062202930AA973
:10440000237B09250193FF23009306F1420307F064
:104410009BFE00232374FFF7F7FC284615B0BDE888
:10442000F08FD30779D5570701D502F0D9FA08A83C
:10443000FFF774FC9DF9202023680292227B42330F
:104440000192FF22009206220AA96068C1E700BF1C
:1044500028200020236893F85420560738D5616837
:10446000CA79002A34D00B9A93F85A0015788542FD
:1044700056D1557893F85B00854251D1957893F8E1
:104480005C0085424CD1D57893F85D00854247D1D8
:10449000157993F85E00854242D1507993F85F20F8
:1044A00090423DD19DF8392093F85900151A6A427F
:1044B0006A4193F8560001284DD0002A4BD193F859
:1044C0004C30082B02D04A799A4244D002F088FA44
:1044D0006568AB79002B3CD0266896F8542090078D
:1044E00020D508A8FFF71AFC9DF9203028460022A5
:1044F00002930AA9237B09250193FF23009306F168
:10450000420307F021FE012323746368DA79002A4D
:1045100081D19B79002B7FF47EAF02F061FA5AE7DC
:104520000022C6E7D10714D5530701D502F058FA87
:1045300008A8FFF7F3FB9DF9202023680AA902923F
:10454000227B42330192FF2200920022606807F032
:10455000FBFD0325D9E70A25D7E7616822688B7937
:104560009DF83A000593012892F8483091F807B079
:1045700083F0010A40F0A8800C98477907F0C00743
:10458000A7F1400CDCF1000747EB0C0792F8540050
:10459000460740F19B8092F84B00002800F096807F
:1045A00092F84C50082D00F093802846FEF7E0F971
:1045B0004AEA00005FFA80FA002F00F08B800C9925
:1045C0002846FEF719FB0646216891F8542091F819
:1045D000418055074ED50B9A91F85A0015788542BF
:1045E0007AD1557891F85B00854275D1957891F82C
:1045F0005C00854270D1D57891F85D0085426BD121
:10460000157991F85E00854266D1507991F85F2066
:10461000904261D19DF8395091F85920A81A45422D
:10462000454162685279082A58D091F84C90A9EB1C
:104630000202D2F1000949EB0209002E51D1BAF170
:10464000000F50D00C9B42319DF83A20404606F0B6
:10465000EDFBBBF1000F0BD0236893F85630012B14
:1046600056D02BB9002D53D110B1B9F1000F51D153
:1046700002F0B6F9236893F854309B073FF4ABAED1
:1046800002F0AEF9059B002B3FF4A5AE20680C9B11
:1046900000F142019DF83A2090F8410006F0C6FB77
:1046A000256800B90EB308A848EA4608FFF736FBAC
:1046B0009DF920300293237B01935FFA88F30093E6
:1046C000012205F14203BFE600275FE74D7969E764
:1046D000002679E73E4677E70025A2E74FF000097C
:1046E000ABE70120B5E73046B3E795F85530023B1C
:1046F000012B3FF670AE002F3FF46DAE08A8FFF718
:104700000DFB9DF920300293237B0193FE23D6E716
:104710000028ADD00A257EE673B5414CFFF774FB47
:10472000002240F2E24023685A721A6DB2F8AA10D1
:104730005981D2F8C410B1FBF0F11984B2F8CC1051
:10474000B2F8CE20598469469A844FF47F4260695A
:10475000DA844FF6FF721A8506F079FD236893F824
:10476000482003F11405EAB162691278520619D59E
:104770009DF8052002F0C002402A13D10098BDF830
:1047800004205861AA8003F10E02207B082838D04B
:1047900003F10D01FEF7D2F938B941F2134132208D
:1047A000FBF726FF00225A61ECE723685A7B42F0B0
:1047B00002025A735A6FC3F81A20B3F87820DA83CA
:1047C000186D93F95810A830FEF788FA206815493B
:1047D00006F0FEFD20681449036D2A30B3F8AA20C4
:1047E000A0F809209B7DC37206F0FBFD0221206822
:1047F00000F094FCFFF70EFA02B0BDE87040FFF73E
:10480000F9B993F87A105973596FC3F80E10B3F8C9
:10481000781091800021C3F81A10D983D0E700BF27
:10482000282000200DBE0000C9BD0000036D10B59A
:10483000044623B940F261313220FBF7D9FE02224F
:1048400007494272B3F8AA304381FF2380F827302A
:104850004FF6FF73038506F0BBFD0023236510BDF3
:104860000DBE0000F8B5194F0646FDF753FE0121B5
:1048700078610020FCF7B2F9054620B940F68501C1
:104880003220FBF7B5FE4FF49072002108F0CBFC0C
:1048900001210846FCF7A2F9044620B14FF49072BA
:1048A000002108F0C0FCBB6813B940F68F01E7E7B0
:1048B000304607F05AFB284607F08FFD24B120460A
:1048C000BDE8F84007F089BDF8BD00BF28200020F2
:1048D000014B024A9A60704728200020E0490000FE
:1048E000036810B523B940F677113220FBF780FE3C
:1048F000044A13606C3353609368BDE810401B6832
:10490000184700BF2820002038B5044690F8400022
:1049100000F0FD0004F14201003818BF012084F8C6
:104920004100FDF7BFFE94F84030023BDBB2012BA3
:1049300094BF0123002384F8483015D8FEF7F8F817
:10494000054608F096F8094BE5FB030194F848305A
:10495000C4E9200143B10020FEF71AF920B940F65E
:1049600021213220FBF744FE38BD00BF40420F003A
:104970000149363006F02FBDEBBD0000CD3D0000F3
:10498000693C0000453E000031BF0000253C0000AE
:10499000194700001BBF000009BF0000F53B0000E5
:1049A000253E0000DFBD00008D3E0000DFBD0000A1
:1049B000DFBD0000DFBD0000DFBD0000DFBD000087
:1049C000E54100001D420000DFBD0000DFBD00002A
:1049D0007D420000413D000043BF000035BF0000A4
:1049E000553F00008C490000944900009C4900009C
:1049F000D0490000D849000008B505F07EFB054A03
:104A0000D2E84F3F0133DBB2C2E8413F0029F7D182
:104A100008BD00BF402000202DE9F84F1E46474B3F
:104A20000D46934600211A7804689DF828709DF879
:104A30002C809DF930909DF834A0016032B9A4F12A
:104A400008015868BDE8F84FFFF7D6BF1A2204F1F5
:104A5000090008F0E8FB0123A372BBF1060F3DD863
:104A6000DFE80BF00421273C313C2B00E37A23F0F4
:104A7000130343F01303E3720123B8F1080F04F1A9
:104A80000E0284F8189023754FF0FF03A3754FF0C2
:104A90007F03E37545D004F10D014046FEF74EF863
:104AA00008BBC3211CE0E37A23F0150343F0150390
:104AB000E1E7E37A43F01003DDE7E37A23F0120342
:104AC00043F01203D7E7E27A4AF01A0A22F01B02F7
:104AD0000AF01B0A42EA0A02E272CDE740F24641BE
:104AE0003320FBF785FD637B43F002036373E37AB6
:104AF0005B071FD5BA1E04F11C03012A8BBFAA68ED
:104B000032681168E2618ABFE161B28892889A8056
:104B1000E776002323720A492046BDE8F84F06F0E5
:104B20005ABC6B7C63736B681968C4F80E109B8861
:104B30009380DCE7FF23E376EBE700BF4020002013
:104B4000454B00002DE9F04305468DB00C46002092
:104B50000121FCF77FF8064620B94FF4F1713320AC
:104B6000FBF746FD9030A5F108084D4F07F037FCE4
:104B700018B196F85430042B17D1304607F0EAF9F3
:104B800098B941467868FFF737FF4FF40073ADF8E6
:104B9000043000209DF8043063F307009DF80530D1
:104BA00063F30F200DB0BDE8F08302A905F12300E7
:104BB00007F01AFBEE7A04F10D0916F0100606D084
:104BC0009DF8186048460599324604F04DFEEB7A90
:104BD000D90601D45B21C2E713F0040FAA7A95F835
:104BE0000DC04FF03E0304F1060105F10E002AD07E
:104BF00095F81BE0BEF1FE0F25D123700B23E27068
:104C0000A370130184F805C002336370012323717C
:104C1000D5F80E30C4F8063083888B8084F80CE019
:104C2000EB69C4F80D302B8CA9F804302B7EE374AB
:104C300041467868FFF7E0FE237923F06003237193
:104C40004FF40173A3E723700223E270A37006F10F
:104C50000A0384F805C0534302336370D5F80E305D
:104C6000C4F8063083888B80267326442B7E7373AA
:104C7000EA7A12F0080102D004232371D8E702F087
:104C80000303032B01D12171D2E7520701D5012380
:104C9000F3E7022BF1D00BB90323EEE7A4215EE783
:104CA00040200020233270B5054692B20C461E46C5
:104CB00005F0EBF925B1034A556014725672147071
:104CC00070BD00BF4020002010B5034C606805F0A7
:104CD000FEF9237A237010BD4020002038B5134D13
:104CE000686805F0FAF9044620B940F257113320FC
:104CF000FBF77EFCD5E84F3F013BDBB2C5E8413F07
:104D00000029F7D104F108052322284608F08BFA80
:104D10007F2301222846E377FF23A377637584F876
:104D20002330E37C62F34613E37438BD4020002057
:104D3000016810B5044631B1034B08395868FFF7D4
:104D40005BFE0023236010BD402000202DE9F04FC2
:104D50008FB0044698468A46BDF860309146059368
:104D600007F087FED4F8B430074620460391049339
:104D700007F061FA0546B8F1000F00F06D81B9F156
:104D8000000F00F0E280804617F5FA630693039B5C
:104D900043F10006FEF742FE834604F1C80059467F
:104DA0000790FEF70DFED4F8F01011B1079807F048
:104DB00083FBCDB1D4F8D050BBF1000F17D0DBF896
:104DC00008002A46DBE90031C018069B41F10001CA
:104DD000CDE9003606F02EFF8542034608D240F2A8
:104DE0004D312120FBF704FCD4F8B050E4E75B46DA
:104DF000D4F8B010069A9D1801F2CF72134446F110
:104E00000006B3FBF1F34B43EB1A66F10002C4E971
:104E10003232059B002B40F08D804FF0FF326FF057
:104E20000043C4E92423204607F0F2F9D4F8903077
:104E3000D4F8941083465A1B059361EB0600012AAF
:104E400070F100034FF00003C0F2F680DDF810C0EF
:104E50009445834100DB0492049BD4F8B400834260
:104E600028BF03460493C4F8BC30B9F1000F05D045
:104E7000D4E93223C4E92656C4E92A230423C4F81A
:104E8000B8B02A4620460691C4E928568AF8093067
:104E9000334607F0D9F9CAF804B08AF80800B8F127
:104EA000000F00F0D4800123039A06998AF800309D
:104EB000059BDB1B61EB0202012B72F100004FF03E
:104EC0000000C0F2BB80794D9D42904100DB1D4641
:104ED000D4F8F030D4F8B060002B40F0B480072252
:104EE0002046A6FB022807F0A6F9002800F0A880BB
:104EF000D4E92630D21848EB00039742039971EBAE
:104F000003000DD2D21B6FF0010063EB010390424E
:104F10004FF00000984102D3954228BF15462E4617
:104F2000CAF81060049B5B4534BF002001200FB01D
:104F3000BDE8F08FBDF8142042F2107328463146C8
:104F4000E2FB0301C4E924016DE790B36FF0004375
:104F5000D4E924129A4208BFB1F1FF3F24D0204681
:104F600007F056F917F19802039B0546099008A827
:104F700043F100038DF82090CDE90C2340F2024369
:104F8000ADF8283007F097FE10B940F2964128E7B7
:104F9000D4E924320C995B1A0D9962EB01025B1B78
:104FA00062F10002002A40DB3D46039E4FF00108FB
:104FB00039E7D4E93226D4F8B050BB1A5219B3FB02
:104FC000F5F305FB03F346F100069B18A3EB07027C
:104FD00046F10006972A04D8ED1846F10006C846A7
:104FE00021E7204607F014F90423D4F8A0208DF817
:104FF0002930D4F8B050099020468DF82090D4E99B
:105000003213521AB2FBF5F26A43521843F100030D
:10501000CDE90C2307F018F929468DF8280008A8D7
:1050200005F074FFDDE90C56D9E73D46039E4FF0CD
:105030000108CDF81090F6E604930DE7054647E722
:10504000D4E92A3056E74FF0FF32134655E78AF885
:105050000080CAE9045665E7B9F1000F7FF494AE09
:10506000D4F8B0802046D4E932B1A7EB0B0518EB99
:105070000B03059141F10006B5FBF8F508FB05F5BA
:10508000ED18D4E9262346F1000607F0B2F808FB34
:1050900000F005992A46334610EB0B0041F1000160
:1050A000C4E93201204607F0A4F898E70040420F17
:1050B00038B504460D4690F8F43023B14FF423710F
:1050C0002120FBF795FA11B940F28D21F8E702464D
:1050D0000949F83007F0E9FDC4F8F0506B7B03F0A4
:1050E000FF0113B140F29321EAE784F8F61020465D
:1050F000BDE8384007F07ABA19C5000038B5044653
:105100000D4602460449F83007F0CFFD29462046F7
:10511000BDE8384007F06ABA19C5000001292DE939
:10512000F341044604D9022962D04FF4046135E00A
:10513000D0E9266501F024FB40F2DA634FF47A727D
:105140000746F6183C4B5B6845F1000503F51F5315
:105150001733B3FBF2F3F61A65F1000506F093FD81
:10516000BF1900F15200D4F8F08045F100053F1A54
:10517000D8F8C46065F10005FEF74AFC04F1C803E5
:1051800083420ED03246CDE90075D8E96C0106F0B5
:1051900051FD8642034605D240F261312120FBF7E2
:1051A00027FA0023254AD4F8F01012689A4291BFDA
:1051B00040F2E240D1F8C42018469B189EBFB3FBD2
:1051C000F0F24243981AC1F8D42041F66A02A1F8DD
:1051D000D82041F66902904202D94FF4FA61DDE726
:1051E000DB1945F10005C1E96C3502B0BDE8F0817D
:1051F000D0F8F03013B940F2DB71CFE7002540F270
:1052000001125D73A3F81421FF2683F81661D0F80C
:10521000F0002946DC30FDF7B5FFD4F8F00007F0C8
:1052200079FAC4F8F05084F8F66001F02DFC02B071
:10523000BDE8F04103F016BD501A03004C200020D9
:1052400008B50B4B30B101280DD040F65301212099
:10525000FBF7CEF918601A6841F669039A4206D93D
:1052600040F65C01F3E740F6C4121A60F3E708BDAC
:105270004C20002038B5094B53F82040084601F077
:10528000D7FD054604F5856406F0FDFC4FF47A73FE
:10529000B4302C44B4FBF3F4204438BD501A03005E
:1052A0002DE9F84F0C46417D16464C4A21F0070186
:1052B0000546C260002241F001011F4602614175AE
:1052C00094F80E801BB10121204600F0FBFE637BA9
:1052D000032B68D8DFE803F002635A6326B940F273
:1052E00017213520FBF784F94FF0000A012304F160
:1052F000A800D146637307F0CFF92046D4E96C3299
:1053000019EB030342F10002C4E96C32C5E9003233
:10531000A37B0A3BDBB21E2B97BF314E0026DE403B
:1053200006F0010607F0E8FA28B1002E3ED1607BB6
:10533000012818BF022004F1DC0B2875584606F03E
:10534000C5F8A860002F47D0A8F10C08B8F1010FEC
:1053500042D95146284605F007FE1FFA80F820463C
:1053600007F0CAFA074656BB804528D309FB00F16F
:105370002E75D4E96C325B1842F10002C5E90032A7
:10538000B9F1000F14D140F29D21AAE7D4F81832E8
:10539000D4F800A20AEB030903236373ADE7D4F842
:1053A000C490CA46A9E74FF414719AE70020C2E7F7
:1053B0005146284605F0D8FD07441FFA87F8012218
:1053C0004146204600F07EFE584606F07FF8A86071
:1053D000D5E90023C4E96C23BDE8F88F2D54000003
:1053E00005000040F7B501230F4E33700023CDE9CF
:1053F00000336846FBF768FC044618B1002333709D
:1054000003B0F0BD009D6B7B002BF2D005F5EC776F
:10541000384607F051FB384607F05AFB05F5D870BF
:105420006C73FEF7AFFAE4E750200020F0B50546B4
:1054300087B0A0F5EC7405296BD8DFE801F00364B0
:105440004C6A6A5F637B1BB9EA213520FBF7D0F811
:10545000204600F0B1FD00284ED015F8C31CA5F57C
:10546000987615F8C40CFFF705FF16302A4F9528DB
:10547000F4697B7894BFC0F196000020241A1BB910
:10548000736B9C4228BF1C46A5F1FC0006F01EF879
:1054900000F116050220641B07F03DFB022124EAFF
:1054A000E474844228BF0446204607F05EFB10B136
:1054B000254407F0E2FA002379222946304606F017
:1054C000B0F87860F06907F0D6FA144807B0BDE884
:1054D000F04003F009BB2146684601230022FFF794
:1054E000DFFE6946284607F0D0FA10B94FF4347150
:1054F000ABE7E3880133E38007B0F0BD07B0BDE858
:10550000F04004F01BBE637B042BF5D04FF4837195
:105510009BE74FF4857198E750200020196D00003B
:10552000024B0022C3E90022FFF75CBF502000209D
:10553000014B5870704700BF5020002008B501F0A3
:105540001FF9044B5A6882422ABF1878002080F065
:10555000010008BD5020002010B5044686B0042983
:1055600060D8DFE801F00325222959002F4B1A7873
:1055700002F0FF03CAB9014601226846FFF790FE18
:10558000694604F5EC7002F00FFD20B94FF4357157
:105590003520FBF72DF8E3880133E38001F074FA3E
:1055A00006B0BDE8104002F027BD04236373F5E7A1
:1055B0000323637306B010BDD0F8C43041F64B51DD
:1055C000D0F81C2200F5D870036510F8933C40F821
:1055D000EC2C8A428CBF002303F0010340F2E2412D
:1055E000ADF80410816E00F8923C40F8DC1C30F8F5
:1055F000D63CB0F866105343019A20F8D81C016FCE
:10560000009340F8E41C1946FEF79EF904F1A80047
:1056100007F042F80223CCE7A83006B0BDE81040FE
:1056200007F03AB840F26531B2E700BF50200020E1
:105630000D4A0146107890B90129536807D1B3F893
:105640000421B3F8E8309A420CD8FFF777BF1289EB
:10565000520706D5187C063818BF01207047002075
:1056600070470120704700BF5820002038B5174B05
:105670001C895A6804431C8100F00304032C04D1E4
:1056800040F6DF213620FAF7B3FFC50748BFD960DF
:10569000840706D5096809780629197406D00B29EC
:1056A0000ED0820644BF08221A7038BD917B1C2997
:1056B000F7D1002400250121C2E91E451175F0E74C
:1056C000917B1229EDD10021F8E700BF582000207E
:1056D000F7B5857B04460190A5F10C03012B2CD86E
:1056E000C388B0F8142201339BB29A4225D1B0F896
:1056F000AA3040F2E24200253849A0F8873100F292
:105700007D10D0F89F304572B3FBF2F38381B0F87F
:10571000A330C381B0F8A530038205F062FE84F89F
:105720002452B4F8222201A8D4F81C12FDF7E0FAA2
:1057300003212046FFF710FFA573E37B283D282BAC
:10574000EDB201D0012D44D8E388B4F81022013322
:105750009B1A1B043DD494F8121294F8143194F857
:105760001322002908BF19460AB994F81521994255
:1057700031D194F815319B1A18BF0123012D8CBF2C
:105780001E4643F0010684F8141184F81521FF2306
:1057900084F81631124B04F1A8071B680BB1384688
:1057A00098471EB1237B43F001032373384605F06D
:1057B000A6FE18B1237B43F0020323730421204685
:1057C000FFF7CAFE0023012D84F82C3194BFA37388
:1057D000E37303B0F0BD0123D0E700BF1DB90000A3
:1057E0002826002008B54B780246232B0CD013D86E
:1057F000142B03D003F0FB0112290DD1184601210F
:10580000BDE8084006F0E1BF03689B7B2C2B03D169
:10581000024B1B6803B19847002008BD24260020D6
:1058200013460A1E08BF1F22162870B51ED009D8BD
:10583000032821D0022803D9122817D0142815D004
:10584000002012E025280BD82228F9D920490C681D
:10585000002CF5D0014618462346BDE87040184795
:10586000A0F1FE0358425841400070BD1A46002185
:10587000BDE8704006F0A9BF1C68A37B192B01D0BE
:10588000132B23D194F8523003BB84F8513084F8A1
:105890004A3094F8973103F0FF0523B14FF481614A
:1058A0003620FAF7A5FEB4F8AA3084F89821A4F8B7
:1058B000993184F89B51C4F89C5184F8565205499B
:1058C00004F28F1005F084FDA573B9E70220CCE740
:1058D00020260020C1B900002DE9F743984F8046EB
:1058E0000E467C68002284F84C20398988052046C1
:1058F0005EBFB4F84020013292B2A4F8402006F016
:1059000040FF38B10B4604F59B7204F1A801204614
:10591000FDF72CFF3B8903F4C06333B1A37C23B9AB
:1059200001212046A174FFF717FEB8F1000F40F0E7
:10593000D980002E40F0D6803B897D68590705D577
:105940002A7C062A02BF01222E747A749A0713D584
:10595000387C0123072885F89F300AD011281FD0F2
:10596000FDF710FE034628B94FF4C3613620FAF75D
:105970003FFE744B744898473B891B0743D57B68AF
:1059800093F89E20012A0DD0032A1AD092B9D98803
:10599000B3F81402091A0C040CD483F8242209E089
:1059A0006A4BE7E7DA88B3F80E12521A100401D4F2
:1059B00000229A7393F89E20FE2A11D140F22561AD
:1059C000D4E79A7B133AD2B2092A05D840F2412192
:1059D00021FA02F2D107EDD4002283F85622DEE745
:1059E000FE2283F89E209A7B0C2A2BD0282A2BD0CB
:1059F0000A2A01D10B229A731A7C072A01BF0222BC
:105A00007A7400221A743B89DA0731D5FA687B6808
:105A10001668997B93F85200347806F0C3FE28B1DB
:105A2000112C4ED84A4BE340DB074AD5117920466A
:105A3000FDF7BAF950B9FB68314643481A7905F0C9
:105A4000A2FE14E00D22D6E72922D4E70D2C32D095
:105A5000112C32D0072C32D02046FDF789FD0346A9
:105A60000028E8D0FA683146374812799847064648
:105A70003B781C0707D5A97B95F8520006F092FEEB
:105A8000002818BF08262846FFF722FE7C6894F8F5
:105A90009E30FE2B26D1237C063B012B22D994F885
:105AA000203103F0FF0273B10023A4F84430022335
:105AB000A4F89E3016E0274BD4E7274BD2E7274BBC
:105AC000D0E70826D4E7A37B002B49D194F83E20E9
:105AD000002A51D01222A4F84630A4F89E200123B7
:105AE00084F84A307C6894F820311BB9237C063B4B
:105AF000012B04D8B4F844300133A4F8443094F8AE
:105B00004A1021B1B4F846300133A4F8463094F974
:105B1000502022B1B4F84E300133A4F84E30B8F121
:105B2000000F40F041827B7C022B00F03982012B78
:105B300040F0E981637C002B40F0F9810021FFE116
:105B4000582000206DC700005C20002055C70000D1
:105B50007428020057C800008FC80000E5570000F5
:105B60001C2B33D018D8112B2AD0122B22D0032B68
:105B70002ED00F3B102BB5D9E37B222B34D8202B12
:105B800000F295805A1E032A37D8023B022B79D89F
:105B9000DFE803F0866EE800272B1FD0342BE8D116
:105BA0001123A4F84620A273A4F89E30012384F8A0
:105BB000A03097E70B23A4F89E30A4F846208EE788
:105BC000D4F82832C4F890300323F4E70623F2E730
:105BD00094F8993084F8A030072369E71823A4F8D3
:105BE0004620A4F89E307DE72C2B00F0BD80342B9E
:105BF00000F0B180252B00F0948094F89E30FE2BAD
:105C00007FF470AF7D6895F89E30FE2B00F0AE807B
:105C1000A37B002B7FF466AF94F80D32002B3FF48A
:105C200061AFE07B05F09FFD054600287FF45AAF89
:105C3000E3880A2B7FF656AF6846FDF785F8002803
:105C40003FF450AF052204F11701684607F0DBFA74
:105C5000002800F055819DF80430009884F80C323B
:105C60000123C4F80802A4F89E3084F80D5239E7E5
:105C700094F8983084F8A0300723A4F89E300023CD
:105C8000E373BAE70C230022A4F89E3094F8533053
:105C9000A4F84E2043F00103E27384F85330ACE7DC
:105CA0001323A4F89E300023A4F84E30E8E794F8BC
:105CB0002331002BA1D194F82231ABB1E37B04F165
:105CC000A80004F5917104F21222282B27D0A37B9F
:105CD000283B012B8CBF0023012305F0FBFB222373
:105CE000E373002384F82231E37B222B85D104F176
:105CF000A80005F004FC18B104F23F10FDF758FAB3
:105D0000B4F8FE30A4F8A030B4F80231A4F8A23000
:105D10001523A4F89E300023A4F84E306DE701232C
:105D2000DBE794F82C31012B10D094F82C31022BA6
:105D30007FF463AF0023D4F80C21D4F82E119D48D2
:105D400004F05DFF1823A4F89E3056E794F82D3137
:105D5000002BEAD1EEE71123A4F89E30002384F84B
:105D6000A030A1E70923EEE72423ECE7AB7B002B6F
:105D70007FF44EAF95F8243273B1E87B05F0F3FC65
:105D800050B9EB7B332B07D0A5F89E0094F89E30DA
:105D9000FE2B7FF4A7AE3BE795F8563203F0FF02E7
:105DA000ABB1EB7C5BB12B7D13B940F21771DDE534
:105DB0000A23A5F89E300023A5F846300FE0D5F859
:105DC0002822C5F890200322A5F89E20F4E795F834
:105DD000333143B10823A5F89E30A5F846200123AE
:105DE00085F84A30D2E795F8323173B195F85330DF
:105DF00013F00302CAD10C2143F00103A5F89E1051
:105E000085F8533085F83221C0E795F8223113B375
:105E100095F82331FBB9EB7B05F1A80005F59171ED
:105E200005F21222282B14D0AB7B283B012B8CBF10
:105E30000023012305F04EFB002385F82231B5F83D
:105E4000FE20A5F8A020B5F80221A5F8A220142272
:105E5000BAE70123EEE795F82C31012B33D195F801
:105E60002D3183BBE87B05F07EFC60BB95F81411F7
:105E7000012905D0022903D04FF43F71062076E5B1
:105E800095F81521012A01D0022AF5D1022995F8A9
:105E90002E3106D0012B14BF002301231BB916237A
:105EA00087E7022BF7E7022A95F82F3109D0012B5B
:105EB000F5D100213F48FCF771FB002385F82C3118
:105EC00064E7022BF4E795F8353153B195F82D319D
:105ED00003F0FF022BB9EB7B233B072B01D92323D4
:105EE00079E795F83431012B04D1002385F834315A
:105EF000252269E795F83431022B7FF447AFF4E7A8
:105F000084F80D02B3E656B1F0064BD431074BD4FA
:105F1000B2074BD1B3064BD440F6633126E5B9B195
:105F2000B4F84610B4F84830994211D9222384F8C5
:105F300031302048FDF730FB00230221E381A374B8
:105F40002046FFF709FB03B0BDE8F043FCF77CBB3C
:105F50002AB1B4F84E20B4F848309A42E6D8B4F8E2
:105F60004420B4F842309A420ED2B4F84420B4F837
:105F700048309A42DAD2A27CB4F840304AB9052BB4
:105F80007FF6DCAD3E23D2E794F82031002BCDD153
:105F9000EBE7B4F842209A423FF6D0AD0823C6E7BB
:105FA0001623C4E71E23C2E73D23C0E72A23BEE72A
:105FB0002323BCE75C20002073B53D4D002604463A
:105FC00068602E812E706E74FF2380F84C30837BC6
:105FD0000A3B012B11D8C388B0F80E229B1A190472
:105FE0000BD400F50271163005F08EF8A37B0B2B55
:105FF00008BFA673FF2384F84B30B4F8F82104F1EE
:10600000A8012046013292B205F0C5F80023A4F899
:10601000F83194F84A302BB1B4F84620B4F848303F
:106020009A4214D294F950302BB1B4F84E20B4F8FF
:1060300048309A420BD2B4F84220B4F8443093422C
:1060400005D2A17CB4F8403039B9052B07D900211D
:106050000846FFF741FC002027E09A42F7D994F860
:106060009E10FE2902D01348FDF79EF96C68124A73
:10607000A17B94F8520006F095FB104B009020464F
:106080000F49FBF7D1FA6C68237BDA0703D50021AF
:106090000848FCF783FA237B9B0703D504F23F10E3
:1060A000FDF786F800230120237302B070BD00BF06
:1060B000582000205C20002031560000D9580000F4
:1060C0006D560000B0F8F8310B4470B5A0F8F83107
:1060D0000446B0F840300D4616460B44A0F8403058
:1060E00006F04FFB90B1636B20460B4404F1A8010E
:1060F000636305F04DFDD4E90D239A4206D30023D6
:10610000144904F59B70636305F06BF994F84A3009
:1061100023B1B4F846302B44A4F8463094F95030FB
:1061200023B1B4F84E302B44A4F84E3094F820310B
:106130001BB9237C063B012B04D8B4F844302B4414
:10614000A4F844302046FFF7C3FA16B1E3881D4493
:10615000E58070BD3BBB0000074B93F9003018444D
:10616000142804DC10F17F0F03DB40B270471420C9
:1061700070476FF07E007047C22000207F2307B574
:106180000DF107008DF8073000F0A0FD03469DF9E2
:10619000070053B1094B5B785B425BB2184414288B
:1061A00006DC10F17F0F05DB40B203B05DF804FBA5
:1061B0001420FAE76FF07E00F7E700BFC22000204E
:1061C000024B00221A705A70704700BFC220002094
:1061D000064BD3F8000138B1D3F8040120B1D3F84D
:1061E0000801B0FA80F04009704700BF00A00450D9
:1061F000034B00221A705A7010229A70704700BF29
:10620000C4200020F8B50646022014460D4600F0D2
:10621000CDF8114B114A01275C60191D9A6002F1FB
:10622000807203342D011F70DC601D83C3E90426D6
:106230000022243303F80A2C0D2203F8092C084A03
:10624000C2F83015074903C983E80300C2F808758E
:10625000C2F83835F8BD00BFC42000200300000B91
:1062600000A00450D419030008B5022000F09EF8E5
:106270000D4B01221A7000220C4BC3F80021C3F809
:106280000421C3F808210A4AC3F8802003F56433C7
:10629000C3F88C20A3F57C33C3F88C21A3F50053FD
:1062A0000822C3F8042508BDC420002000A0045023
:1062B00003000080154A08B51378FBB10023144988
:1062C000C1F8803001F56431C1F88C30A1F57C3122
:1062D000C1F88C3108210F4BC3F80815FFF778FF80
:1062E00088B101235370938EFF2B03D9BC213B202F
:1062F000FAF77EF9DBB29370002313700020BDE83B
:10630000084000F053B810235070F4E7C420002078
:1063100000A0045000200450094B1A7862B1094BC8
:10632000D3F8002152B1D3F8040140B1D3F80801E9
:10633000B0FA80F0400970475878704702207047E3
:10634000C420002000A00450064A08B513782BB1E1
:10635000FFF73EFF20B192F8340008BD9078FCE7CB
:106360001020FAE7C420002038B5084C0025D4F8E6
:106370000035032B04BF01236360C4F80055C4F843
:10638000005500F091FFC4F8805038BD00A00450C3
:10639000054B4FF48062C3F88820BFF34F8FBFF3E3
:1063A0006F8FFFF7E1BF00BF00E100E010B50446CA
:1063B000FFF7DAFF012C06D0022C09D03CB18C216A
:1063C0003D20FAF715F9074B0222C3F8002510BD4E
:1063D000044B0322C3F8002502F10042C3F88020D9
:1063E000F5E700BF00A00450024BD3F8A00300F073
:1063F0000100704700C0FF00084BD3F8A423D3F876
:10640000A833511C9BB203D14FF6FF718B4203D0CE
:1064100002608380012070470020704700C0FF00A9
:106420000B4B30B5D3F89053D3F89443D3F898136B
:10643000D3F89C2305EA04030B401340013317BF34
:1064400005600020446081601CBFC260012030BD37
:1064500000C0FF000B4B30B5D3F88053D3F8844312
:10646000D3F88813D3F88C2305EA04030B401340B8
:10647000013317BF05600020446081601CBFC2600B
:10648000012030BD00C0FF00064B0022C3F80022EF
:10649000C3F81822C3F82022C3F80C22C3F8142230
:1064A000704700BF00A0085070B5134D0346084662
:1064B0006E7F26B940F6C1013E20FAF799F863B91C
:1064C000012EAC69297F05D100F062FD20442B69C3
:1064D000C01A70BD06F066FAF8E7012B09D1012E4B
:1064E000AC69297F02D100F043FDEFE706F065FAC1
:1064F000ECE70020EBE700BF002100200B4B93F8F6
:10650000290088B193F828307BB1094BD3F80024D7
:1065100042F00102C3F80024D3F8200500F0F60091
:10652000023818BF01207047012070470021002069
:1065300000A0085008B50128084B1871084B06D078
:10654000022808D040F645513E20FAF751F80322C0
:10655000C3F8002508BD0422FAE700BF002100208F
:1065600000A0085008B570B9104B28311846D96002
:106570000F4900F03BFF0130012816D940F2C261FB
:106580003E20FAF735F801280CD1084B293118467E
:10659000D960074900F030FF0130012805D940F2E9
:1065A000CC61EDE74FF4DA61EAE708BD4C11002059
:1065B000DC19030008B50C4B5B78012B09D100F006
:1065C00021FF013001280ED940F611113E20FAF7C3
:1065D0000FF8022B07D100F01BFF0130012802D970
:1065E00040F61711F2E708BD002100200A4B40F4E5
:1065F00009000A4A1B8940F04000B3F5166F36BF08
:10660000A3F63813A3F5166343F48073C2F8083772
:10661000C2F84005704700BF0021002000A00850CC
:1066200073B50C460546134EFFF784FF20462146FE
:10663000FFF7DCFF01AB96F90520284600F072FE5B
:106640009DF8050000F0EAFE20B140F2E3513E2043
:10665000F9F7CEFF31469DF9040000F025FC064B0A
:1066600040F20312C3F8442E40F25B62C3F8482E96
:1066700002B070BD0021002000A008502DE9F041BB
:1066800006460C46174606F0FEF90028FBD02F4DB3
:106690004EBB01236B7095F828301BB9A979384699
:1066A000FFF7BEFF2A4B4FF47A7253F8273003F5F9
:1066B000FA73B3FBF2F3274AE41A274BC3F800211D
:1066C00029690127234B214485F82870234DC5F8FB
:1066D0004015C5F8C031FFF711FF044660BB002428
:1066E0002046BDE8F081012E21D102236B7095F880
:1066F0002830B3B995F806803846FFF71BFF4046AF
:10670000FFF774FF144BD3F8002442F01002C3F8D3
:10671000002440F20312C3F8442E40F25B62C3F837
:10672000482E0D4B293C0B4AC3F80421C8E740F61C
:1067300034013E20F9F75CFFEF64D5F84C358B420D
:10674000CDDA3046FFF70EFFCAE700BF0021002078
:10675000501A03000B00008000A0085000500850A1
:1067600040220021014806F05EBD00BF002100204C
:10677000024B0344187D00F516607047DC190300D6
:10678000024B98691B69C01A704700BF00210020A6
:10679000FF2808B504D940F2CB213E20F9F728FFA5
:1067A000012904D0022919D04FF44F71F5E70023D5
:1067B00043F4801340F000700A4A43F4847340F4B9
:1067C0004030C2F8203EC2F8280ED2F8203503F03F
:1067D000F703032B05D140F25631DEE74FF080730B
:1067E000E6E708BD00A00850F8B5234E4FF48067D7
:1067F000C6F89070BFF34F8FBFF36F8F06F03FF96D
:1068000004461E4D06F0DFF90121001B1C4C2861D7
:10681000C4F8A410FFF738FE4FF40023C4F8401E5C
:10682000C4F80034174B187C00F00AFE02F0F2FFA7
:10683000154B164AC4F83833154BC3F8C820013A33
:10684000C3F8C42040F6FE72124BC4F81433124B46
:10685000C3F804250023AB832B85AB614FF4807311
:10686000C6F89071C4F888342B6C376103B198472F
:10687000BDE8F84000F0AEBD00E100E000210020DE
:1068800000A008504C11002003000080060000808A
:10689000005008500100008000200850014B587142
:1068A000704700BF00210020020E034B0002C3F816
:1068B000342EC3F82C0E704700A00850044B054A34
:1068C000034490711B7D03F516631381704700BF6D
:1068D000DC19030000210020F8B5334C06460F46B2
:1068E00094F8293023B940F206713E20F9F780FE72
:1068F00001232E4A84F82830D2F8003443F00103F3
:10690000C2F8003406F0BFF80028FBD02EBB0123EC
:10691000A17938466370FFF783FE6378012B02D0BC
:106920004FF4E961E1E7224AD36402F5A042136023
:106930001F4B3046D3F84C552946FFF713FE236909
:10694000ED1A76BB1B4B4FF47A7253F8273003F5E0
:10695000FA73B3FBF2F35819F8BD012EE8D1022304
:10696000A57938466370FFF7E5FD2846FFF73EFE40
:106970000E4BD3F8002442F01002C3F8002440F27A
:106980000312C3F8442E40F25B62C3F8482E6278CB
:10699000022A02D040F25171A7E7054AD6645E6030
:1069A000C6E705F12900D7E70021002000A0085024
:1069B00000500850501A030008B5FFF75FFE58B9A1
:1069C000064B0122C3F8400503F5A04302201A61DB
:1069D000BDE80840FCF7A6BB08BD00BF005008504A
:1069E00037B5254B4FF48061244A4FF0FF30D3F880
:1069F0008844C3F89004C2F890114FF40022204953
:106A000004F48074C3F8002400221E4D2A85C1F8C6
:106A10004025C3F80821C3F80021C3F80421D3F8A6
:106A20002015C9B2D1B18DF80700C3F82022012288
:106A30001A619DF8072012B1D3F820223AB19DF8CF
:106A400007305BB940F6FF013E20F9F7D1FD9DF814
:106A50000720013AD2B28DF80720EAE7FFF7AAFD36
:106A60000022054BC3F820222A801CB14FF480720B
:106A7000C3F8882403B030BD00A0085000E100E056
:106A8000005008500021002070B50024254D264EEE
:106A9000C5F84845C5F84445C5F84045C5F84C45D6
:106AA000FFF79EFF00F09CFCC5F8C441C6F8084102
:106AB000C6F80041C6F80441C5F8C840C5F8C4404E
:106AC000C6F80441C6F8004102F0BCFE174B40F680
:106AD000FE72C6F83843C6F81443C5F8C041C3F87F
:106AE00008254FF48062124BDC70C3E90544114B5A
:106AF000C5F84845C5F84445C5F84045C5F84C4576
:106B0000C5F84841C5F84441C5F84041C5F84C4175
:106B1000C3F89020BFF34F8FBFF36F8FC3F890215E
:106B200070BD00BF0050085000A008500020085061
:106B30000021002000E100E070B5104D06462C78E1
:106B40001CB96C70EC702C8570BD18B1BDE870403C
:106B5000FFF746BF013CAA784FF0960118BF012409
:106B60002046FFF7A1FCAA7801462E80204685F832
:106B70002860BDE87040FFF71FBF00BF0021002064
:106B8000014BC3F84C0E704700A0085010B50FC859
:106B9000014C84E80F0010BD442100200A490B4B32
:106BA00010B50124C1F8D00E586283F82940FFF7D0
:106BB000A5FC40B9064BC3F8400503200C61BDE8B5
:106BC0001040FCF7AFBA10BD00A008500021002013
:106BD00000500850084B012210B5C3F8D00E074BE7
:106BE00083F829205862FFF789FC044608B9FFF7AB
:106BF000F7FE204610BD00BF00A008500021002075
:106C0000144A136918449369834210B5124C09D38E
:106C10000220FCF787FA00230122C4F840350F4B0D
:106C20001A6110BD0123D3706364D4F84425053282
:106C3000824206D3094AD2F80C120029F1D113611D
:106C4000EFE70023C4F84431054BC4F84405C4F809
:106C5000C431E6E7002100200050085000A0085091
:106C60000900008010B50B4C0346607F217F01288E
:106C700022794FF0960009D100F098F9A3692269B2
:106C80009B1ABDE810401844FFF7BABF00F0A8F9FE
:106C9000F4E700BF00210020044BC3F8940ED3F8A2
:106CA000002442F04002C3F80024704700A00850BE
:106CB000054BD3F8002422F04002C3F80024002240
:106CC000C3F8942E704700BF00A00850044BD3F8BF
:106CD000183703F07F035B4203700120704700BF49
:106CE00000A008500028034B14BF02220122997013
:106CF0001A70704700210020054B0022C3F8402580
:106D0000044AD2F82035DBB20BB10123136170477E
:106D10000050085000A008502DE9F0473D4C4FF0BE
:106D200001083D4E05F0A5FE0025C4E90C01C6F89A
:106D30004C80D6F84C35A363FFF73CFC374BC3F8C7
:106D40000851C3F80051C3F80451C3F80451C3F803
:106D50000051D3F8002422F01D02C3F80024D6F815
:106D6000482584F82950A261D6F8442562616278EA
:106D70006277D3F81892D3F82002FFF785FB677883
:106D8000022F2BD1E3784BB1D6F8443133B14046D2
:106D9000FFF7D2FE636CBDE8F0471847B9F1000F6A
:106DA00016D0237900202377FFF7C6FE1B4B002166
:106DB000D3F80C2ED2074CBFD3F81C0E0120A36CC5
:106DC00048BF00F0010080F00100BDE8F04718471F
:106DD000E8B10120FFF7B0FE236DDCE7012F13D1EE
:106DE00023792377B9F1000F06D02846FFF7A4FED8
:106DF000E36C39462846E8E748B13846FFF79CFE81
:106E0000E36C49464846E0E708B14046E2E7BDE8A2
:106E1000F08700BF002100200050085000A008505B
:106E2000024B03EB8003D86B704700BFDC190300F3
:106E3000024B03EB8003986C704700BFDC19030022
:106E4000F7B501230D4647780146437004462846AE
:106E5000164600F04DF94FF47A73124AADF8063039
:106E6000BDF806309BB243B9BDF806309BB27BB982
:106E700040F65F513E20F9F7BBFBD2F80431002BFE
:106E8000F2D1BDF80630013B9BB2ADF80630E7E722
:106E9000677016B9EB78A370AB707B1E58425841EF
:106EA00003B0F0BD00A004502E3008B5362854D8E9
:106EB000DFE800F05053535353534D535353535340
:106EC0005353535353534B53535353535853585390
:106ED0004953475345534353413F3D3B393735337E
:106EE000312F2D2B29272523215A1C003F231F4AF0
:106EF000C2F8103708BD3323F9E72D23F7E728231D
:106F0000F5E72323F3E71F23F1E71B23EFE718231C
:106F1000EDE71523EBE71323E9E71123E7E70F2359
:106F2000E5E70D23E3E70B23E1E70A23DFE7092386
:106F3000DDE70823DBE70723D9E70623D7E70523A7
:106F4000D5E70423D3E70323D1E70123CFE74FF4A9
:106F50009873CCE74FF48873C9E74FF48E713F20E4
:106F6000F9F746FB0223C2E73923C0E700A0085027
:106F70004FF47A73054A584332F9112000F2E73092
:106F80001044B0FBF3F00238704700BF3C1A030016
:106F90004FF47A73044A00FB033032F91120104495
:106FA000B0FBF3F0704700BF3C1A030038B51D4634
:106FB0000A4B33F9114003EB820305359B681C44EF
:106FC0004FF47A7304F6B73403FB00441046B4FB65
:106FD000F3F42544FFF724FF284438BD3C1A03008E
:106FE00070B5064608461546FFF722FF094B03EB2E
:106FF00085039C684FF47A7304F6B73403FB0644A8
:10700000241A2846B4FBF3F4FFF70AFF05302044A6
:1070100070BD00BF3C1A0300024B00221A705A7068
:107020009A707047542100202DE9F843064601204C
:107030000F4615469846DDF82490FFF7B7F99DF8FE
:10704000342006F00303264C43EA0263254AC4F8C1
:1070500004350023C4F88030C2F88430A2F57C32B5
:10706000C2F884310222204BC3F80825BDF828302D
:107070001E4A9380FB6893FA83FCBB6818BA7B684E
:1070800019BA3B68C4F810C51BBAC4F81405C4F893
:107090001815290AC4F81C352D069DF8203041EA40
:1070A0000861D9F804702DBA003B21F00041D9F8ED
:1070B00000003FBA18BF0123022E00BAC4F82075A1
:1070C00041EAC3714FF00103C4F8240509BAC4F8BA
:1070D0002815C4F82C55537008BF1370BDE8F88309
:1070E00000A004500030085000200450542100201B
:1070F0002B4B5A782DE9F04704460D4622B94FF440
:10710000A8716C20F9F774FA264A03F1080E4F783B
:1071100003F1100603F1380CDFF88C904FF00E08E5
:10712000DF809F8403F1480A04379D61C3F81C90F7
:1071300083F82780A3F85C7092E80300C3E9144940
:107140008EE80300D2E9020186E80300E91C00266C
:10715000196283F82660D2E90401C3E90A668CE863
:107160000300611C196411495964D2E90601E21C4B
:107170008AE803009A65012183F85E6083F85F80E6
:10718000C3E91866AA78A270094AC2F830E5C2F8C5
:1071900038C599701970C2F804611160BDE8F087B4
:1071A00054210020641A03000100000D0100000CAE
:1071B00000A00450334B5A782DE9F04105460E46A5
:1071C00022B94FF4BD716C20F9F712FA2E4A03F17F
:1071D000380C03F1480403F10807DFF8B080DFF84A
:1071E000B0E0C3F844801E65C3F854E092E80300A1
:1071F000C3E9085E8CE80300711C1964D2E9080138
:1072000084E80300F11C0024996522495C6683F838
:107210002E40C3E91714D2E9040187E80300691C72
:10722000C3E90418D2E90601EA1C03F118089A62BE
:107230009A889A850E2288E8030083F82F2001217E
:10724000C3E90C44B278AA70134AC2F830C5C2F838
:10725000387599701B780BB9A921B4E70F4BC2F8A8
:107260000441C2F80841C2F880300D4AC2F88430A7
:10727000A2F57C32C2F8843102220A4BC3F80425FD
:10728000BDE8F08154210020641A03000100000CC5
:107290000100000DE803000E00A004500100008072
:1072A00000300850002004500C4B1A788AB100229C
:1072B0000B490220C1F8802001F56431C1F8842017
:1072C000A1F57C31C1F88421A1F50051C1F8080570
:1072D0001A7000225A709A70704700BF5421002023
:1072E00000A0045008B50B4BD3F8082122B10420AC
:1072F000FBF718FF022008BDD3F8042122B90520AE
:10730000FBF710FF0320F6E7D3F80004003818BF9E
:107310000120F0E700A00450014B01225A607047A1
:1073200000A004502DE9F04F264C85B00546984644
:107330000E46174600F0C2F823788146AB4211D1C1
:107340006378B3420ED194F90230BB420AD1E3789C
:10735000834207D1A388A8F8003094F9060005B04D
:10736000BDE8F08F012D06D0022D10D040F28941EA
:107370000620F9F73DF900200DF10F033A4631469A
:1073800000F0A2F8824620B14621A920F1E70120B1
:10739000F2E730469DF90FB0FFF7EAF9A91E034660
:1073A000CDF800A04A4258464A41414600F03CF818
:1073B000B8F80030A071A38025706670A77084F8BB
:1073C0000390CAE762110020014B1B681B68184735
:1073D00084110020014B1B685B6818478411002052
:1073E000014B1B689B68184784110020014B1B68E8
:1073F0001B69184784110020014B1B685B69184703
:1074000084110020014B1B689B69184784110020E0
:10741000014B1B68DB69184784110020014B1B6876
:107420009B6A18478411002030B4044C9DF8085022
:1074300024680295E468A44630BC604784110020AB
:1074400000220D49134610B540FA02F4E40744BF88
:10745000CA545C1C02F1010248BFE3B2042AF3D112
:10746000054AFF24D118032B01D9107110BD013337
:1074700001F8014BDBB2F6E738260020FBC900001B
:1074800001CA000003CA000029CA000007CA0000A0
:1074900033CA00000DCA00003DCA000013CA000034
:1074A00049CA00001FCA000023CA000015CA000014
:1074B0001BCA000039CA000043CA0000014B187DF6
:1074C000704700BFC8210020042810B511D883B12F
:1074D00004280CBF10242824A1420AD2064C54F8D8
:1074E000200018B141568A42A8BF0A4600201A70EF
:1074F00010BD6FF01500FBE7C821002007280346E8
:1075000011DC10F12D0F10DB094A101890F82E0035
:1075100002EBC00292F93C209A4207D0002918BF22
:107520000130C0B270471B2070470020704700BF79
:107530008C1A0300072808B507DCFFF7DFFF044BB0
:1075400003EBC00393F93C0008BD0820FCE700BF33
:107550008C1A030010F0FF0008B5074B05D0012876
:1075600007D04D21B52001F083FF01229A601A60F7
:1075700008BD5862FCE700BF00E0105010F0FF00AB
:1075800008B5124B05D001281AD07C21B52001F096
:107590006FFF01225A60DA600D4AC3F800011070D3
:1075A000D3F80824D2070AD4D3F8682412F00102D1
:1075B00002BFC3F81021C3F81821C3F8142108BD75
:1075C00000229862C3F81C21EAE700BF00E01050D7
:1075D000DD210020014B01221A707047DD210020BF
:1075E00008B50B4B28B101280BD0C221B52001F002
:1075F0003FFFD3F8103113B9064B187808BD0120AE
:10760000FCE7D3F81C01003818BF0120F6E700BFE3
:1076100000E01050DD210020024BD3F8080400F0F8
:107620000100704700E01050024BD3F8480400F00E
:107630000100704700E01050024BD3F84004C0B284
:10764000704700BF00E0105007490246D1F84C04D3
:10765000D1F84C1410F4803005D0D0B201F00303FF
:107660001B1A58425841704700E0105038B51A4B69
:10767000D3F80C34DA0304D440F279116D2001F010
:10768000F7FE164A0124164B106A536620F03F009D
:1076900094645464136CDB03FCD4136A116C03F020
:1076A0003F03C1F30A01C1F5806181EAE1750B294D
:1076B000A5EBE17509DD3F2B04D0013303431362D1
:1076C000172DE6DC0023936438BD0B31F8DA002B6C
:1076D000F8D0013BF2E700BF00E010500008125064
:1076E0000100008038B50B4C23781BB100232370B8
:1076F000FFF7BCFFEFF3108572B6637803F0FF006D
:107700000BB9FFF73BFF05B962B6034B00225A667F
:1077100038BD00BFE02100200008125070B5174DA1
:10772000012204460E462B18DA7005F08FF9A0B935
:1077300034B1012C0FD040F225116D2001F098FEDC
:1077400011232A19012105EB840451710C4AA6600A
:10775000C2F8043370BD8023F3E7002EFAD034B9A9
:107760000220B047002305EB8405AB60F2E7012C53
:1077700001D12046F5E74FF4A071DEE7E0210020BB
:1077800000E01050044B0022191803EB80034A71EB
:107790009A60CA70704700BFE0210020014B188238
:1077A000704700BFE0210020014B588A704700BF9E
:1077B000E0210020014B188A704700BFE021002023
:1077C00010B5EFF3108472B6064B03445A780132B9
:1077D000D2B25A705B78012B01D1FFF7BBFE04B91E
:1077E00062B610BDE0210020034610B5EFF310840F
:1077F00072B611490B445A7822B940F257216D20D4
:1078000001F036FE5A78013AD2B25A705B7883B9E9
:107810000B7D43B1094BD3F80C34DB0306D44B7812
:1078200003F0FF002BB9FFF7A9FE02E0487D01F04D
:10783000B1FF04B962B610BDE021002000E0105095
:1078400010B505F006F90C4C05F000F960B1A37D08
:107850003BB90A4B01229A610423E3750023237686
:1078600010BD05F0F9F8F9E703230122E375034B96
:10787000C3F80423F2E700BFE021002000E010502D
:10788000014B01221A62704700E01050044B587EF1
:1078900028B1044BD3F81001B0FA80F040097047CA
:1078A000E021002000E0105038B50C4B5D7E5DB942
:1078B00001245C7605F0CDF8094B1022C3F8105175
:1078C000C3F80423DC6138BDFFF7E0FF0028FAD0DD
:1078D00040F293216D2001F0CBFD00BFE02100209C
:1078E00000E01050024BD87D003818BF01207047CF
:1078F000E021002038B5174C237D23B940F2063132
:107900006D2001F0B5FD01232370A37DC3B9A37ED3
:10791000B3B1227E013B9A4212DA05F097F8054690
:1079200001F0D2FEA37E012B82BF237E013323769A
:1079300055B1E369C31A0133022B09D935B1E061AE
:10794000BDE83840FFF77CBF236AF3E72062F7E722
:1079500038BD00BFE021002037B5184CA37D63B9C6
:10796000606A00F00300FFF76FFE30B1EFF31083A1
:1079700072B6E27D1AB103B962B603B030BD01221E
:10798000E27503B962B608230D4DC5F808334FF40C
:107990002073ADF80630BDF806309BB25A1E92B285
:1079A000ADF80620002BF6D1C5F80C3184F828304C
:1079B000FFF746FF0823C5F80433DEE7E021002087
:1079C00000E010502DE9F74F524C237D002B00F0C2
:1079D0009D800323ADF804304F4BD3F80051D3F80A
:1079E0001C21003D18BF012522B1012245F0800570
:1079F0008DF80520D3F80881D3F8142112B9D3F8F3
:107A0000183173B1444B0026C3F81461C3F81861F0
:107A1000C3F81061637E0BB105F01EF8667605F0C1
:107A20006AF93D4BD3F810316BB3637E1BB105F09F
:107A300013F800236376637913B102238DF80430C1
:107A400045F01005354E0DF1040A334B4FF0000997
:107A5000F71EC3F808531AF8010B03280AD03B7825
:107A600043B14FF0000B336887F800B013B198476B
:107A7000C6F800B009F10103043601374FF00109DF
:107A8000022BE8D101E0002DDCD1B8F1000F08D0C5
:107A9000214B0022C3F808210422C3F80823FFF772
:107AA0005BFF94F82860EA071B4BF6B2D3F80C7121
:107AB00008D5E27D032A05D1A27D82B90422E275B0
:107AC00001229A61A7B1144B0022C3F80C21E37D77
:107AD000042B09D040F269316D2001F0C9FC04F09B
:107AE000BBFF0223E375EDE70223E37504F0B4FF67
:107AF00066B1002384F82830E37D022B01D1FFF723
:107B00009FFE03B0BDE8F04F04F0A6BF03B0BDE890
:107B1000F08F00BFE021002000E01050E82100209D
:107B200010B5054C606A00F00300FFF78DFD0028DA
:107B3000F8D0002010BD00BFE0210020F8B50546B8
:107B400050B10278022A07D8437842B9013B1F2B73
:107B500002D88378212B07D96FF015008CE0002B19
:107B6000FAD18378002BF7D1654B4FF48042C3F8EC
:107B7000A020BFF34F8FBFF36F8F624EC3F8A021D9
:107B8000FD23614CC6F808330023C6F81C31C6F843
:107B90000031C6F80831C6F80C316370A370AB88A9
:107BA0006382FFF739FD10B10123E3706370D6F8EB
:107BB0000C0440F2563310F4803023821BD0FFF7C0
:107BC00009FD524801F0BCFD4E4E60236075002255
:107BD000C6F804332B78A978012B62766262A3750C
:107BE000A176227620D0022B17D0F3B140F21E519D
:107BF0006D2001F03DFCC6F81001FFF7ABFC414AD7
:107C0000D2F81031002BFBD0FFF730FD0020FFF73A
:107C1000B5FC3F4B00225A66D3E704F01AFFD6F8B2
:107C20000C34D903FBD502236362FFF7FDFC48B394
:107C3000FFF702FD636A03F00303984222D1AB7998
:107C4000DBB9FFF76DFFA37E63B12B7853B904F066
:107C5000FDFE054601F038FD6FF00043002D4CD0CD
:107C6000C4E9070301234FF4804200202375244B0D
:107C7000E075C3F8A0211A62F8BD224B0422C3F8B4
:107C80000423E0E71F4B012200215A61C3F80811C9
:107C900094F82410C3F840141A610422C3F8042392
:107CA000AA79002ACFD1D3F80423520702D440F294
:107CB000D1419DE7174A1769116907F0100741F094
:107CC00010011161D3F808310BB905F04FFA0D4ED0
:107CD000D6F8083173B1FFF723FF27B90D4A1369AE
:107CE00023F0100313610423C6F808330023C6F8F9
:107CF0000831A8E705F038FAEAE7C4E90730B1E748
:107D000000E100E000E01050E0210020E5760000F6
:107D10000008125000ED00E038B50E4B04460D4649
:107D20001A791AB183216F2001F0A2FB01280DD826
:107D300003445A790AB1002038BD01225A71FFF775
:107D40003FFD29462046FFF7E9FCF4E76FF01500F8
:107D5000F2E700BF0C22002070B50C4D04462E79CE
:107D60001EB19A216F2001F083FB01280BD8054436
:107D70006B790BB9002070BDFFF704FD20466E71D2
:107D8000FFF732FDF6E76FF01500F4E70C22002054
:107D9000014B9B68184700BF0C220020014BDB6899
:107DA000184700BF0C220020014B1B69184700BF79
:107DB0000C22002008B5064B1B7923B140F2371185
:107DC0006F2001F055FBBDE80840FFF793BD00BFF1
:107DD0000C220020034B1A790AB9FFF7E5BC988DF5
:107DE000704700BF0C220020034B1A790AB9FFF735
:107DF000E1BC988A704700BF0C220020024B1B791F
:107E00000BB9FFF7A9BD70470C220020014B9B69FD
:107E1000184700BF0C22002038B51D4C237933B31E
:107E2000FFF7C2FF50B91B4DC5F81001FFF7B0FFB7
:107E3000D5F81031002BFBD0FFF7B0FF154B6022B7
:107E4000C3F80423636A9847002806DB94F82E30B1
:107E500023B10123002084F8303038BDFFF7D6FF6E
:107E60000028F6DA40F28D116F2001F001FB0A4B79
:107E7000A3610A4BE3610A4B23620A4BA3600A4BDE
:107E8000E3600A4B2361FFF759FE0028E1D0E4E7E5
:107E90000C22002000E01050217B000065CA000089
:107EA000E578000053CA000059CA00005FCA00000C
:107EB00038B5084B04461D7925B140F2E1116F2019
:107EC00001F0D6FA00F0C6FD2046FFF767FC284611
:107ED00038BD00BF0C22002008B5074800F0A8FDFF
:107EE000054800F019F801F091F800F0AFFF00F03C
:107EF000E5F9012008BD00BF4022002008B5054B70
:107F00001A781AB12721032001F0B2FA58601970CB
:107F100008BD00BF48220020024B986000221A7062
:107F20005A60704748220020F7B51E4C2378012B79
:107F3000DAB204D0022A2ED0012003B0F0BD0DF138
:107F40000701606800F0D8F965686B7DDB071CD518
:107F5000AB7F042B19D000F0FFFD0646A8B100F05E
:107F600001FE2B69D5E900279A18B36847F100078D
:107F70000A332CBF012500251B1845EB0105934250
:107F8000BD4102D3606800F0BBFA00236360237038
:107F90009DF80700D1E70DF10701606800F0B6F920
:107FA000F3E700BF4822002073B505460C4600F0F9
:107FB000D3FD0646AB7F012B1AD021462B4604F198
:107FC000180251F8040B914243F8040BF9D1012334
:107FD0000DF107012846AB7700F08EF916B10120AC
:107FE00002B070BD034B0421986805F02BF8F6E74A
:107FF0000020F5E748220020024B0621986805F092
:1080000021B800BF48220020174B1868F0B560B1B6
:1080100050F8102C50E9063418380A3344F10004A3
:108020009B18826944F1000402B9F0BD52E90615BB
:10803000994275EB0406F8D2077D12F8046CB7423A
:108040000BD00FD90A3152F8103CA2F1180045F1BB
:1080500000055B1845F1000404E09688878BF61B49
:108060003604EFD41268DFE754220020F8B5244C20
:10807000002323716371A371E371EFF3108272B671
:10808000A168E3606160A36002B962B600261D4D7D
:10809000636803B9F8BD9A79A3F11800032A07D1E0
:1080A0001A6801219E7153F80C3C62609847EFE713
:1080B0001B6863B1183B07462A46997F04290ED0F6
:1080C0009B7F032B04D063219F2001F0D1F92A4626
:1080D000136802211B681360C3688677E6E7B0F86F
:1080E0001CC0998BA1EB0C010904996944BF07F1ED
:1080F000180218460029EBD01F46A1F11803DCE74F
:108100005422002058220020042300F11802837713
:108110000023037643768376C376044B996811B9BE
:108120009A60DA607047D9680A60FAE75422002042
:108130002DE9F041134C06460F460020236833B961
:10814000E8B1114BBDE8F041187801F023BB53E9C9
:10815000061553F8082CD3F80080521845F1000595
:10816000B242BD4109D22268A3F118001268226010
:10817000FFF7CAFF01204346E1E71C46FBE7BDE8E5
:10818000F08100BF5422002088110020494B1B6859
:108190002DE9F74F044682838B46D0E9002003B1D6
:1081A000183B94F815C0DFF80CE10CF0010C002B23
:1081B0003BD0D3E90056AA4270EB060135D3BCF19F
:1081C000000F2CD0277D197D8F4228D399684D1937
:1081D00046F1000615F10A0846F1000E424570EB23
:1081E0000E0119D22169891840F1000788457EEBFC
:1081F000070901D241467746A942B7410FD220462E
:10820000FFF782FF2C4B187801F0C4FA00238BF89B
:10821000003003B0BDE8F08F11460746ECE703F1EC
:10822000180E9B690BB1183BC3E7BCF1000F34D0AB
:10823000A168891840F10009019173B30199D3E94C
:10824000007611F10A0549F10001AF4276EB010118
:1082500023D2257D197D8D4218D39D68ED1946F1F5
:10826000000615F10A0A46F10008524570EB0801B4
:1082700010D22169891840F100078A4578EB070C74
:1082800001D251464746A942B741B8D39B6923B1B1
:10829000183BD3E711460746F5E7DEF800202346F2
:1082A00043F8182FCEF80030FFF7AEFE8442ADD170
:1082B0000123ACE7542200208811002010B50B4C9C
:1082C0002378FF2B04D04FF48D719F2001F0D0F85C
:1082D000074801F035FA074B002220701A705A70D7
:1082E0009A70DA709A60DA601A8210BD88110020E4
:1082F0006D80000054220020034B1A8A10B4541CD5
:108300001C8210BCFFF742BF5422002038B504463F
:108310000D46FFF779FE231A04F11801584258411F
:108320002870044804F0B4FE10B100230120A377A4
:1083300038BD00BF5422002038B5114B044600F16F
:1083400018019A68B2B19A6800209AB191420ED190
:1083500008B1A56905609D68A94204BF12689A60CA
:10836000DA68914200D1D8600023A37707E0104675
:108370001268EAE7034804F08BFE0028F4D138BD08
:1083800054220020582200202DE9F041264E0446B8
:108390000D46FFF7CDFE3068002843D0A0F1180C41
:1083A00050E90631A34271EB050250F8102C3CBF96
:1083B000234629460A322CBF012700279B1841EB90
:1083C00007020768604627B900F118037361BDE82A
:1083D000F08157E906EC9E457CEB0201F4D290F85F
:1083E000148017F8041C884513D019D97445234606
:1083F0002A46A7F1180075EB0C0157F8101C3CBF7A
:10840000734662465B1842F100020A3342F10002F1
:1084100006E0B988B0F81C80A1EB08010904E5D496
:108420003F68D0E70346D1E75422002010B5054C41
:108430006169204604F02CFE18B1606900231838E9
:10844000636110BD542200209C46144BF0B51D689A
:10845000FDB115F8043C183D834218D812F10A0406
:10846000D5E900364CF10001A34276EB01070BD2AF
:108470002F69FF1846F10006A7428E4107D3B4F1D9
:108480000A0041F1FF31F0BD1C463146F7E7AD6906
:10849000DEE74FF0FF300146F5E700BF5422002031
:1084A00008B5837F022B1CD1437D13F0020302D059
:1084B0000023837708BD0322037643768376C37651
:1084C0000D4B827700F11802996839B99A60DA6029
:1084D0000A4B1878BDE8084001F05CB9D9680A6019
:1084E000F5E7837F012BE5D0837F042BE2D04FF4A7
:1084F000FF719F2000F0BCFF542200208811002053
:1085000010B500F118010446084804F0C1FD20B977
:108510004FF402719F2000F0ABFF2046FFF7F4FDFF
:10852000034BBDE81040187801F034B95422002004
:10853000881100202DE9F74FD0F810E0BEF1000FB0
:1085400004D040F227219F2000F092FF836890F82A
:1085500014800193D0E90014EFF3108972B6274B11
:10856000B3F810C01B686BB1019D183B0A35D3E905
:1085700000264EF1000A6D1844EB0A0A95427AEB88
:10858000060707D2B9F1000F35D0C0E9001403B0D7
:10859000BDE8F08F8A4276EB04070CD31F69BF1841
:1085A00046F1000BAF427BEB0A0B34BF01250025DF
:1085B00075B99B69D7E712F10A0A9D6846F1000771
:1085C00015EB0A0547F10007A94274EB0707ECE732
:1085D0001D7DA84509D0ECD912F10A019D6846F12C
:1085E0000004691844F10004E3E79D8BA5EB0C053A
:1085F0002D04DED5F0E762B6C7E700BF54220020A5
:10860000024B0521186804F01DBD00BF7022002038
:10861000064B586810B520B94FF41B71B02000F01C
:1086200027FFC3680521BDE81040184770220020CD
:108630002DE9F84F274C8146237BA668A3BB94F80D
:108640000D8018F0010803D0E3899E4238BF1E4612
:1086500000F01AFD10EB060B05460F4641F1000A2B
:1086600058465146FFF790FE08B3D0E900329B45CB
:108670007AEB020104D29D1B9B46924662F10007F1
:108680000023154A284639462362C4E904BAC4E9DE
:10869000065700F0CDFCB8F1000F02D0E3899E42EE
:1086A00016D002230D4A0DE04FF00008D0E7237BDF
:1086B0002BB1637B9B0702D5636A01209847002397
:1086C000074A237384F82830C9F80020BDE8F88FE2
:1086D0000123E7E77022002001860000F1870000F7
:1086E0007DCC00002DE9F04717463D4C002B67D0AC
:1086F000E289D3E900656432864275EB01034FF0ED
:1087000000033CBF06460D462362B6EB000A65EB4C
:10871000010952451A4672EB0902C4E9046527DAD9
:10872000237B3BB1637B9A0702D5636A012098479C
:108730000023237394F80D8008F00108A36803F563
:10874000E1739A4579F100011DDAB8F1000F11D0FB
:10875000E089244A301A65F10001C4E9060100F0FD
:1087600067FC0623204A84F828303A60BDE8F08789
:108770009846E3E71B4A30462946C4E9066500F0FF
:1087800057FC0523EEE7FFF709FBE089A368B8F182
:10879000000F0BD0984209D9301A124A65F1000136
:1087A000C4E9060100F044FC0123DBE7F01A0D4A9E
:1087B00065F10001C4E9060100F03AFC0223D1E7AB
:1087C000237B2BB1637B9B0702D5636A012098470B
:1087D00000252573FFF7E2FA2B46044AC3E700BFE2
:1087E0007022002001860000F18700007DCC00008F
:1087F000023970B50546032900F2D480DFE801F0A4
:1088000006020840694B002283F82920002024E05A
:10881000664C94F82830042B09D8022B28D8013B49
:10882000012B1BD94FF4CD71B02000F021FE053B88
:10883000012BF7D8FFF778FB0028E7D000F014FCF5
:1088400000F022FC06460C46FFF79EFD2A46034632
:1088500021463046FFF746FF022070BDFFF764FB5C
:108860000028D3D000F000FC2846FFF7E1FEF3E734
:10887000FFF75AFB0028C9D0012384F82930C5E747
:108880004A4C94F828301A1F012A2AD8042B94F84D
:1088900029600CD100F028FB48B900200021FFF727
:1088A00073FD08B1FFF72CFEFFF778FADCE7002E26
:1088B000C6D1FFF7BBFD0028C2D06060C4E90B66DB
:1088C00000F0E2FA6068022331468377C368984774
:1088D000D4E9040104F0D0F9354B84F828602B600A
:1088E000BAE700F0D1FBA369C01A236A9842ACBF73
:1088F0002062236294F82830022B19D1FFF748FA3E
:1089000094F82830022BD4E904012CD1637BDB07D7
:108910001BD5237BCBB9E389264AC01A61F100013C
:10892000C4E9060100F084FB032384F828306DE7D6
:10893000637BDA0701D5207B10B140F2B31173E7F6
:10894000636A984701232373DAE73238236A194AA6
:1089500041F1FF31C01841EBE371C4E9060100F0B9
:1089600067FB0423E1E7012B0AD1A368114AC01A6F
:1089700061F10001C4E9060100F05AFB0223D4E7CB
:10898000236A32380B4A41F1FF31181841EBE37189
:10899000C4E9060100F04CFB94F82830062BE0D126
:1089A0000523C2E740F2F1113EE700BF702200202C
:1089B000B98900000186000002392DE9F041064620
:1089C00004292ED8DFE801F003090B2D0E00174A09
:1089D000537B003B18BF0123137300201FE0FFF7F8
:1089E000A3FAFAE7DFF8448000F05EFA00F04CFBEF
:1089F0000C460546FFF7C8FC0746D8F80400FFF709
:108A00004FFD002300222846C8F8043000232146E9
:108A1000C8E904233B463246FFF764FE0220BDE866
:108A2000F08140F21721B02000F022FD70220020DA
:108A3000064A002310B5064C0260206084F82830F6
:108A40006373FFF7D1F93230A06010BD7DCC000018
:108A50007022002008B5074B1A681168064A914237
:108A600004D040F25121B02000F002FD3230986075
:108A700008BD00BF702200207DCC000010B5EFF3D0
:108A8000108472B6034B0421186804F0DBFA04B9B1
:108A900062B610BD7022002008B5094B5A6822B991
:108AA00040F27221B02000F0E3FCD3E90421BDE8DC
:108AB00008408018034A41F1000100F0B9BA00BF34
:108AC000702200201186000008B5064B5B6823B9B0
:108AD0004FF41E71B02000F0CBFCBDE8084000F060
:108AE000C3BA00BF7022002008B5054B5A6822B9EE
:108AF00040F27E21B02000F0BBFCD86208BD00BF70
:108B00007022002008B5054B5A6822B94FF4217134
:108B1000B02000F0ADFC186308BD00BF702200203B
:108B2000054B1B6B10B523B940F28A21B02000F031
:108B30009FFCBDE81040184770220020054BDB6AFF
:108B400010B523B94FF42471B02000F091FCBDE8BA
:108B50001040184770220020014B5868704700BF32
:108B60007022002008B5054B5A6822B940F29B21BB
:108B7000B02000F07DFCD3E9040108BD7022002084
:108B8000034B587B10F0010018BFD889704700BF15
:108B9000702200200028ADBF00F1604000F00F00FF
:108BA000044B00F56140B4BF185C90F80003400925
:108BB000704700BF14ED00E02DE9F04105460E4678
:108BC000E1B9114F3B681BB18621452000F050FCF4
:108BD00038600E48FFF788FF0D48FFF793FF03F05A
:108BE000F2FF6B7D04465B0708D503F048FF0A34AB
:108BF000241A7C6000F05AFA0028FBD02B6A314618
:108C0000686ABDE8F0411847A8220020358C0000B2
:108C1000158C0000064B1B6810B51BB9722145204E
:108C200000F026FC1A6A0421586ABDE8104010477B
:108C3000A8220020064B1B6810B51BB96C214520EB
:108C400000F016FC1A6A0321586ABDE8104010476C
:108C5000A8220020024B00221A601A81704700BF30
:108C6000A822002008B5074B1A681AB9B921452077
:108C700000F0FEFB0449D16000221A60BDE8084004
:108C8000FFF7BAB9A8220020B98B000030B587B031
:108C90000C46182200210546684604F0C4FA637A9F
:108CA0004FF000026168C3F38003029183F0010377
:108CB00063F38202237A8DF81430224B8DF815204D
:108CC000039323785BBB9DF81500D4E90432400779
:108CD000CDE9003207D50A3B01F10A0142F1FF322A
:108CE0000291CDE90032637A69469DF81520C3F3FD
:108CF000400322F003025B0043F0010313438DF8AD
:108D00001530114B5868C0F30800B8B11038FFF7A0
:108D100041FF98B92846FFF747F907B030BD2369EE
:108D2000049303F0A6FE9DF815305B0744BF029B39
:108D30000A33CDE9000148BF0293D4E7284603F087
:108D4000A4FEEAE7B98B000000ED00E008B50A4B8D
:108D50001B6823B94FF4EE71452000F089FB5B7D61
:108D60005B0703D4BDE8084003F02DBF03F02BFFE1
:108D70000A3041F1000108BDA82200207FB503F0B0
:108D800078FE002305930B4B039340F21E230293BE
:108D90004FF0FF33CDE90001694607480493FFF720
:108DA00003F918B99B21432000F062FB07B05DF87E
:108DB00004FB00BFE18D0000E022002010B5074C4D
:108DC00094F820304BB9FEF7EFFF30B9012384F857
:108DD0002030BDE81040FFF7D1BF10BDE0220020D9
:108DE00008B505292DD8DFE801F0032E282C2C0D1D
:108DF00003F03BFE144803F0E8FE1E38BDE80840CF
:108E000003F039BEFEF7D0FF38B10F4B002283F8D4
:108E10002020BDE80840FFF7EFB803F028FE08B9AE
:108E200003F023FE00214FF4007003F09EFE0028A3
:108E3000E0D1B921432000F01BFBBDE80840FFF75B
:108E40009DBFC521F6E708BDE02200204FF000439A
:108E50000B4A0021C2F88030A2F58022C2F880318E
:108E6000012302F57832C2F80435A2F58022C2F857
:108E700004352022034B184683F8201004F0D3B9A0
:108E800000400C50E022002008B517F0C9FF054A49
:108E9000D2F8583743F00103C2F85837BDE808400C
:108EA000FFF78CBF00200E5008B517F0C9FF0B4A22
:108EB000D2F8583723F00103C2F858370122084B83
:108EC0005A604FF0FF32C3F808232022054BC3F845
:108ED0009021BDE8084000F0C7B800BF00200E5048
:108EE0000050085000E100E008B5FEF75DFFB0B9A2
:108EF0000D4BD3F800314BB90C4A536A0133312B77
:108F000053620BD96C21432000F0B2FA03F0AFFD9D
:108F100008B17021F7E703F0A6FD012008BD034B5F
:108F200000225A62F9E700BF00E01050E022002062
:108F300040F20251014808B500F090FA348C030069
:108F40001848202208B5C0F89020BFF34F8FBFF318
:108F50006F8F154BC0F89021D3F8041521F0030151
:108F6000C3F80415D3F8081541F00301C3F8081538
:108F700092FAA2F1B1FA81F1092904DD40F29F31A0
:108F80000A4800F06BFAC3F8101501215960D96046
:108F90004FF00041C3F880104FF0FF31C3F80813C1
:108FA000026108BD00E100E000500850348C03006D
:108FB000134A4FF4E0632021C2F838330023C2F88B
:108FC000AC35C2F8BC35C2F8CC35C2F82031C2F895
:108FD0002431C2F828310B4AC2F89C11C2F89C1007
:108FE000BFF34F8FBFF36F8FC2F89010BFF34F8F57
:108FF000BFF36F8FC2F89011034A1360704700BF30
:1090000000200E5000E100E00823002008B5FFF723
:10901000CFFF054B4FF4A062C3F834232022034B4B
:10902000C3F89C21DA6108BD00200E5000E100E089
:109030000B4B10B51C681CB14C21042000F018FA31
:10904000B1F5801F1A6001D3FFF772FF054B0122B3
:10905000C3F8A005C3F8A415C3F8AC2510BD00BF24
:109060000823002000200E50054A136833B1002366
:109070000449C1F8AC35C1F820311360704700BF16
:109080000823002000200E5030B54FF0FF30064C72
:109090006FF04041D4E90023904271EB0305F9D30E
:1090A0001046C3F3130130BD40270E5008B5FFF73B
:1090B000EBFF044BD3E90223904299412CBF0120DE
:1090C000002008BD0823002008B5FFF739FF024B38
:1090D00001221A6008BD00BF0050085010B5FFF70C
:1090E0002FFF0F4C0023C4F8BC35C4F82431FFF720
:1090F000CBFF0A3041F10001B1F5801F01D1FFF72C
:1091000017FF4FF00043C4F8B005C4F8B415C4F815
:10911000A4310123C4F8BC35024BC3E9020110BDE0
:1091200000200E5008230020144BD3F8342312F4EF
:10913000A06F10B503D1FB21042000F099F9D3F8FA
:10914000202162B100220E49C3F8AC25C3F82021CA
:109150000B6813B940F20311EEE70A609847074B1A
:10916000D3F828214AB10022C3F8CC25C3F828211E
:10917000034BBDE810401B69184710BD00200E507E
:1091800008230020034610B3007888B91A79012A11
:109190001ED85A79012A1BD89A680E49643A8A4225
:1091A00016D8D8680C4B98422CBF0020012070477D
:1091B00001280CD11A79012A09D85A79012A06D82E
:1091C000DA680449643A8A4201D89868EAE70020DC
:1091D000704700BF3C8601000040420F70B5044656
:1091E00003F047FC40F2F966656AD4E9063296332B
:1091F00042F100025B1905F5DF6542F10002B5FBA3
:10920000F6F55B1942F1000283428A410ED294F8CE
:109210002A30052B03D0B3216A2000F029F90A2156
:10922000236A94F858009847B621F5E7044C236860
:1092300013B1984700232360BDE87040FFF712BDCB
:109240001C23002070B504460D4639B9012380F86F
:109250005930FFF7C3FF0226304670BD0E78032E4B
:1092600070D801A353F826F05792000079920000BD
:10927000E39200009B9200004868C72801D80026AE
:10928000EAE7042103F071FC0028F8D003F0F5FBB5
:109290006968204603F041FDDEE790F8286006BBD0
:1092A0004D682846FFF76EFF00284BD02B78D3B9C6
:1092B000012121702B796A79003B18BF0123002A14
:1092C00014BF0422022243F004032272AA68A532CA
:1092D0006260EA6863720323226184F82A3084F8AA
:1092E00029102046B5E794F82A30052B04D040F227
:1092F00093116A2000F0BCF8267004F130002B793D
:109300006A79003B18BF0123002A14BF04220222FD
:1093100043F004032272EA686372A532A9686260AE
:10932000D4E906325B1842EBE1722146C4E904320B
:10933000042384F82A30FFF7A9FC0028D1D140F299
:109340009511D6E7012384F85930CAE72DE9F8438F
:109350008846074658B300F02FF84FF0000904463E
:109360005FFA89F6B44203D86FF00B00BDE8F883CA
:10937000304609F1010900F025F890F82A50002D37
:10938000EED1304600F01EF80A490446058580F803
:109390002A50024680F85860303003F086FC0123E2
:1093A0002762284684F82A3088F80060DEE76FF0EC
:1093B0001500DBE729CD0000014B1879704700BF8D
:1093C00020230020044B1A79824283BF1B6860224D
:1093D00002FB003000207047202300200A4610F0D6
:1093E000030110B50AD1074C2271206008B9002092
:1093F00010BD60235A4303F016FFF8E76FF00D002D
:10940000F6E700BF20230020BFF34F8F0549064B2E
:10941000CA6802F4E0621343CB60BFF34F8F00BF12
:10942000FDE700BF00ED00E00400FA05094B012252
:109430005A604FF0FF32C3F808234FF40062064B26
:10944000C3F88820BFF34F8FBFF36F8FC3F8882115
:10945000704700BF00B0045000E100E008B572B6EC
:10946000024B5B6803B19847FFF7CEFF282300202B
:109470001FB572B6144B5C6894B9FFF7C5FFB2FB19
:10948000F6F22B465D1C002AF9D1DBB203F1100580
:109490006D4405F80C2C0A2233B901A8A047ECE76B
:1094A000024600230A26EDE7013BDBB203F110057B
:1094B0000DEB0506B0FBF2F502FB1500303006F8A7
:1094C0000C0C2846E8E700BF28230020F8B5234FFE
:1094D00005460C4616463B78002B3CD103F0B5FA06
:1094E0007E601F4B01263C814FF48062C3F8A4606C
:1094F0001C4BC3F89020BFF34F8FBFF36F8FC3F89F
:109500009021FFF793FF184B002D14BF28461846F3
:10951000FEF782FC0546E0B9FFF79CFBFEF76EFC08
:1095200003F0DFFCFEF7D8FC18B9B8211120FFF7D3
:109530009FFF002C0BDB04F01F036409A4009E4076
:1095400004F1604404F56144C4F88061266001239D
:109550003B702846F8BD4FF0FF35FAE7282300207E
:1095600000A0085000E100E0A41B0300074BB3F982
:109570000830002B09DB5A09012103F01F03994031
:1095800002F14003024A42F82310704728230020CA
:1095900000E100E0014B1878704700BF282300204D
:1095A00050B1074B03F1140253F8041B934240F8E7
:1095B000041BF9D1002070476FF01500704700BF01
:1095C000628C03002DE9F84F07468946934698467A
:1095D000374CDFF8E0A0384D2E780136F6B2D5E8EA
:1095E0004F3F0133DBB2C5E8403F0028F7D10121EE
:1095F0006160C4F80001C4F80401EFF3108072B692
:109600002E4BC5F80490AB60C5E905B33B68C4F8C0
:1096100010357B68C4F81435BB68C4F81835FB688E
:10962000C4F81C35264BC4F830351033C4F838352F
:10963000216000B962B6D4F800312BB9D4F80431F6
:1096400013B92B789E421CD0B8F1000F09D00A9BA9
:109650003BB1D4F840350A9AC8F80030D4F83C350C
:109660001360D4F80431002BB5D12978B142B2D1BE
:10967000C4F80031C4F804310323C4F80833BDE84A
:10968000F88FDAF81030DB06D5D503234FF40061EC
:10969000C4F804330B4BC3F88811D4F80031002B05
:1096A000C9D1D4F80431002BC5D103F05DFDC2E768
:1096B00000B0045000ED00E0342300201000000B47
:1096C0003823002000E100E01A4B4FF4000270B58F
:1096D000C3F89820BFF34F8FBFF36F8F164C002154
:1096E000164DC4F80011C3F898212E692B6906F0B5
:1096F000100643F010032B610123C4F804332360E8
:10970000D4F800319BB11EB92B6923F010032B61F3
:109710000123D4F808054FF400026360C4F808334D
:109720000023C4F80031034BC3F8982170BD03F047
:109730001BFDE5E700E100E000700D5000ED00E0EA
:1097400038B50B49042301EBC302157905F0FF047A
:109750002DB1013BF7D240216920FFF789FE41F886
:10976000330001215471D8B29471117138BD00BF1A
:1097700058230020042808B503D947216920FFF7A2
:1097800077FE034B002203EBC0031A7108BD00BF34
:1097900058230020042808B503D950216920FFF779
:1097A00067FE094B03EBC0000379012B01D0512167
:1097B000F4E7437982790133DBB29A4218BF4371EF
:1097C000BDE80840FFF7D2BE5823002038B5052475
:1097D0000F4D95F8281005EBC1031A79012A09D11C
:1097E00058799A79904205D05A79D2B29A7155F83F
:1097F0003130984795F82830013C0133DBB2052B16
:1098000028BF002314F0FF0485F82830E1D138BDCB
:1098100058230020094B0A4AC3F800230132C3F839
:109820000C230132C3F818230132C3F8202301327C
:10983000C3F81C230132C3F81021704700A0085060
:1098400004000080074B0022C3F80023C3F80C2358
:10985000C3F81823C3F82023C3F81C23C3F810212E
:10986000704700BF00A00850844641EA000313F08F
:10987000030359D1403A33D3F0B4F0C9F0C0F0C972
:10988000F0C0F0C9F0C0F0C9F0C0403AF5D2F0BC69
:1098900026E0403A24D300BF0B6803604B68436066
:1098A0008B688360CB68C3600B6903614B6943615C
:1098B0008B698361CB69C3610B6A03624B6A436244
:1098C0008B6A8362CB6AC3620B6B03634B6B43632C
:1098D0008B6B8363CB6BC36340304031403ADBD248
:1098E00030320BD30B6803604B6843608B68836036
:1098F000CB68C36010301031103AF3D20C3205D36C
:1099000051F8043B40F8043B043AF9D2043208D041
:10991000D2071CBF11F8013B00F8013B01D30B88B3
:1099200003806046704700BF082A13D38B07B0D06E
:1099300010F00303ADD0C3F10403D21ADB071CBF40
:1099400011F8013B00F8013BA3D331F8023B20F8AA
:10995000023B9EE7043AD9D3013A11F8013B00F8E3
:10996000013BF9D20B7803704B7843708B7883708E
:10997000604670476DD2000079D200007DD20000B1
:1099800085D2000089D2000053B94AB9002908BF26
:1099900000281CBF4FF0FF314FF0FF3000F00CB833
:1099A000ADF1080C6DE904CE03F08AFCDDF804E0AB
:1099B000DDE9022304B07047704700BF08B5F6F731
:1099C0003DFFF8F797FDF6F74FFE002008BDFFF7C3
:1099D000E7BDF8F74BBD01F001B801F002B800F0A7
:1099E000FABF10B586B0044601A8FFF7D9FD0223DF
:1099F0000020237005236070A3709DF80430E07090
:109A00006371BDF805302071E380DDF80730A36095
:109A100006B010BD00F0CFBD70B50446FCF7E4FC05
:109A2000012805461AD1601CFCF7E6FCB0B1A37909
:109A30000020E61D63F03F03A371F8F74DFE38B137
:109A400010220021304603F0EEFB0020257070BD8F
:109A50003046FCF7E5FC0028F2D0F6E70025F4E7F5
:109A600010B504461022002103F0DDFB04F11003C1
:109A700010220021184603F0D6FBFCF7EBFC002077
:109A8000F8F72AFE20B12046FCF7CAFC002010BDE2
:109A9000FCF7AAFC0028F6D0F8E710B50446FFF75B
:109AA00013FEB0F5007F09DA10F5007F08DD031E14
:109AB000B8BF03339B100020237010BD7F23FAE74B
:109AC0006FF07E03F7E70078003818BF012000F040
:109AD0004FBD37B505460C4600880DF1060100F074
:109AE00068FE2B882380BDF80630638003B030BD4C
:109AF000F8B504462046F9F737FA0228054612D091
:109B0000042810D1204600F012F82678A7783046B5
:109B1000F6F7A8FE0028EDD03E2E04D13846F6F721
:109B2000E5FE0028E6D02846F8BD01F00BBC10B5D4
:109B300003780446813B0E2B2FD8DFE803F02F3546
:109B40003B3F496167085B556B6F2E7B7500292091
:109B5000F6F7CCFE30B13E23237022236370292315
:109B6000A3701AE00A20F6F7C1FE3E23237018B155
:109B70001F2363700A23F3E70123A3701323637089
:109B8000E37903F00103E371D4F81A30C4F80E301E
:109B9000E38B638294F82030237510BD3E2303705D
:109BA000042343701423DBE73E2303700A2343702E
:109BB0000323D5E705232370042307E05A20F6F793
:109BC00051FE08230028F6D05A2222706370E4E781
:109BD0005B20F6F747FE18B15B2323700623F5E7F9
:109BE000302323700323F1E73E2303700B234370DC
:109BF0000723B5E73E230370062343700C23AFE72A
:109C00001323037083789B000133DFE7572303702E
:109C10000223DBE73E2303700D23A1E73E230370FD
:109C20000123437011239BE7FF2303700D2343702F
:109C3000802395E7FF2303702923437081238FE757
:109C400008B510B96FF0150008BDFFF76EFF0028CA
:109C5000F8D00020F8E710B50C4648B141B1FFF745
:109C600047FF002820700CBF6FF02200002010BDBD
:109C70006FF01500FBE7F8B5941C0E460546174635
:109C80000C446343B3F5004FA8BF4FF0FF3310F00F
:109C900003019CB203D0B0211420F6F7A9FCB4F55F
:109CA000004F01D9B121F7E71422043003F0BBFAC9
:109CB000EF746C802E80F8BD38B50388C4888B4261
:109CC0000589C4F30E0203D2D1211420F6F790FCCB
:109CD00084EA0503C3F30E030BB9AC4206D102F1CB
:109CE00018030122C1528274184438BD1846FCE79B
:109CF000023101444A43B2F5004FA8BF4FF0FF3292
:109D000090B21B3020F00300B0F5004F34BF00B21A
:109D10004FF0FF30704740881B3020F00300B0F553
:109D2000004F34BF00B24FF0FF3080B2704738B5FB
:109D300003888B4203D2F7211420F6F759FC857C67
:109D400065B1C388C3F30E031833C25A8A4207D3DE
:109D5000C152811DF6F7DAFD00238374284638BD11
:109D60000025FBE703461830F0B59E88DD88B4B2C5
:109D7000C6F30E06A54214D05F89DD7C845B3D44AA
:109D8000E41B0235A4B2354428440D88A54284BFA3
:109D90000C8025465989B1FA81F149091170DD819C
:109DA000F0BD00252846FAE7F8B582880026C38969
:109DB00004460D4692B20E60CBB14189C2F30E0249
:109DC0000B4418329BB28718825A4381934204D9BC
:109DD0004FF4A2711420F6F70BFC04D1011DF6F725
:109DE00095FD46812F6000230120E381F8BD1846D0
:109DF000FCE78388014602899BB29A4202D008316F
:109E0000F6F784BD70478388C0889BB2C31A584256
:109E100058417047828873B595B2C488C2F30E0268
:109E2000AC4202F1180212D04189C689835A3144EA
:109E300099420EDB0DF10601ADF80650F6F766FD0E
:109E4000BDF80600001B18BF012002B070BD002045
:109E5000FBE70120F9E770B5C4880346068918308E
:109E6000C4F30E0584EA0602C2F30E020AB9B44234
:109E70000FD19C891A880CB1465B921B914207DC7A
:109E8000DA7C2C440232224410440A461A8270BD05
:109E900000221046FAE7F8B5038A002B38D08B422F
:109EA00036D3C48800F118038589C4F30E041E1943
:109EB00095B91D55757085891E5B0D443144ADB251
:109EC00085811953D2B1811DF6F720FD00238381CE
:109ED000002303820120F8BD1E5BAE4204D04FF484
:109EE000F6711420F6F784FBC57C2644878A023578
:109EF00035445E195F53857DB570DCE7C27C25442F
:109F000002322A4499189B5A83828B788375DFE743
:109F10000020E0E78388C2889BB29A4206D042893B
:109F200022B9C3F30E03183318447047002070475A
:109F3000C37C0233C81870470230704738B5838835
:109F4000C2889BB29A4207D045892DB9011DF6F708
:109F5000DDFCC581012038BD0020FCE703881380AB
:109F6000C388C3F30E031833034480890B60704722
:109F70000368002223B9C0E90132031D0360704762
:109F800059681B680A44F5E70729034670B504D8E9
:109F90004FF4EC711520F6F72BFB0068C0B1446854
:109FA00006461A688C4210D0106860B901F10805A5
:109FB000AC420DD3546850501868651A54180068A4
:109FC0006560505002E01346E9E7146830461C60B3
:109FD00070BD0023C1E9003203680B600160704767
:109FE00030B590B18478B1FBF4F304FB131300EBAC
:109FF000430252898A4201D1D8B230BDC27822B917
:10A0000000F10803D0B2844201D8FF20F5E733F80D
:10A01000025F01328D42F5D1EFE782780388053285
:10A020004B4303EB42031844704737B50024054601
:10A03000CDE900448DF806006846ADF80440F6F717
:10A0400043FEBDF8044008B103B030BD29462046A8
:10A05000F6F716FE0028EFD040F235211720F6F76C
:10A06000C7FA70B51E460D460921FFF741FE0446AA
:10A07000324609212846FFF73BFE40EA04031B0451
:10A0800054BF00194FF0FF3070BDD31D23F00703FC
:10A0900070B5083390B110F0070403D05821222086
:10A0A000F6F7A6FA04604FF6FF75C28000F10804C7
:10A0B0000A468180013A92B2AA4203D103FB01F021
:10A0C000083070BD0668266004601C44F2E718B1D1
:10A0D000C2888188FFF7D9BF70470346EFF310822B
:10A0E00072B6006830B101681960002303704370D4
:10A0F0008370C37002B962B67047EFF3108372B613
:10A1000002680A60016003B962B67047F6F76EBE76
:10A110007FB50022012300F180010392CDE90423E1
:10A12000FB22029200F19002CDE90032D0E91C231B
:10A130000420FCF779FF07B05DF804FBF6F7B4BE26
:10A1400000EA400000EA400000EA400000EA400067
:10A1500000EA400000EA4000B0FA80F04009704791
:10A16000F7B5002523262F46F9F73CF80446F7F704
:10A170001DFB78B1CDE900776846F6F7A5FD20B163
:10A1800020462546F7F73CFB05E0009BD3F8C83096
:10A190009C42F1D10020013E01D00028E4D025B935
:10A1A00040F215210F20F6F723FA284603B0F0BD40
:10A1B00008B501210020F6F74DFD28B90121084618
:10A1C000F6F748FD30B908BD903002F008F90028D4
:10A1D000F4D0F8E79030BDE8084002F000B91FB5B0
:10A1E000002240F6881303A90092FDF71DF905B07F
:10A1F0005DF804FB10B5044638B1F8F7A5F924EA78
:10A200000000B0FA80F0400910BD0120FCE730B535
:10A21000841F40F67A45A4B2AC421CD88C1FA4B26D
:10A22000AC4218D8884216D80132B2F5FA7F12DC57
:10A23000A3F10A0040F6764480B2A0420BD842F265
:10A2400010704A43584340F6C4135A43904294BF97
:10A250000020012030BD0020FCE72DE9F0410F4631
:10A26000B0F85E60B0F8605002F02AFA02210446AD
:10A2700000F0A5FE80460221204600F0A0FE4645E3
:10A2800040F6480328BF4646B6B21B2E38BF1B26F1
:10A29000FB2E28BFFB26854228BF05467E80ADB237
:10A2A0001B2D38BF1B25FB2D28BFFB25B4F5A47F34
:10A2B00038BF4FF4A474FD809C4228BF1C46BC806C
:10A2C0003C81BDE8F08108B501210020F6F7C2FC11
:10A2D00030B901210846F6F7BDFC40B9012008BDA0
:10A2E000903002F07CF80028F3D00020F7E790309F
:10A2F00002F075F880F00100C0B2F0E72DE9F041FE
:10A3000086B00546008802A900F068FE04460028D1
:10A3100070D1029A92F85031D91E4B424B418DF8C0
:10A320000630D37B212B0ABF9DF80630034683F00D
:10A3300001038DF8073092F862309B0603D49DF834
:10A340000730002B5CD0EB881B3B9BB2E02B59D82D
:10A35000298944F24810A1F5A4739BB2834251D8D5
:10A360006B881B3B9BB2E02B4CD8AA88A2F5A47348
:10A370009BB2834246D840F64807B94244D8BA4215
:10A3800042D8029E4FF0FF0886F823819DF80630E0
:10A39000A3BB03A906F1A800FFF75FFF6A88BDF819
:10A3A0001230BDF814109342E88828BF1346B94212
:10A3B000AA88A6F8283128BF3946BDF80E30834256
:10A3C00028BF03462889A6F82431BDF81030BB42C7
:10A3D00028BF3B46834228BF03468A42A6F826315F
:10A3E000134628BF0B46A6F82A3186F8228100239F
:10A3F00086F82331204606B0BDE8F0813A24F6E71E
:10A400001A24F7E71224F5E71124F3E710B50378CF
:10A410000446012B01D9122010BDFFF7C9FE58B91F
:10A42000207810F0FD000DD104F11703E21D611C2E
:10A43000BDE81040F8F7D6BAF8F766FB0028EFD071
:10A440000C20E9E7A37903F0C003C02BE3D101207E
:10A45000EAE710B503780446012B0DD8FFF7A8FEF4
:10A4600060B9214611F8010B00F0FD00003818BF5B
:10A47000012000F006FD38B9122010BDF8F744FBAA
:10A480000028EED00C20F8E70020F6E708B5008899
:10A49000F8F740FB00280CBF3020002008BD38B57D
:10A4A0000546FFF785FE044638B92878003818BFFE
:10A4B0000120F8F723FB204638BD0C20FCE708B547
:10A4C000FFF776FE18B9F8F709FB002008BDF8F78A
:10A4D0001BFB0028F7D00C20F8E7082303700020AE
:10A4E0007047112243F239030270C2705922A0F85A
:10A4F00001308280C38000207047082108B5F6F73C
:10A50000A7FC002008BD73B5064600880C460880ED
:10A5100001A980B200F062FD054640B9B3784BB99D
:10A52000019B93F91C01A070FBF716FEA070284652
:10A5300002B070BD7F20FFF752FEF4E710B504466D
:10A540006FF07F00FFF74BFEFBF706FE20707F20C9
:10A55000FFF745FEFBF700FE6070002010BD0A46C5
:10A5600000F1100108B5072302F0F4FD002008BD3A
:10A57000012138B505460846F6F76CFB20B940F2D4
:10A58000EF713920F6F734F8903001F028FF0446D7
:10A5900020B92846FAF754FE204638BD0C20FCE7C7
:10A5A00010B5014604460020F8F77CF808B9206091
:10A5B000A080002010BD10B50446F7F795FF28B91C
:10A5C00000202146F8F756F8002010BDFFF77BFE6B
:10A5D0000028F5D10C20F8E710B50446FFF773FE0C
:10A5E00028B101202146F8F745F8002010BD0C20C5
:10A5F000FCE7FFF783BE1FB502880A8044F2902172
:10A6000083888B4215D840F64801ADF80420428873
:10A6100001A88B42ADF8062028BF0B46ADF80A20F2
:10A62000ADF80830ADF80C30FFF768FE05B05DF806
:10A6300004FB1220FAE737B508800D4601A900F0A7
:10A64000CDFC044620B901982946A830FFF705FE45
:10A65000204603B030BD034648210020082210B533
:10A660006FF00404587099701C70DA701C71587186
:10A670009971DA7110BD10B50446FFF799FD78B9EC
:10A680002146E27911F8010B00F0FD00003818BFF7
:10A690000120F8F7FDFA80F001004000C0B210BDC3
:10A6A000F8F732FA0028EBD00C20F8E713B5008851
:10A6B0000C46088001A980B200F090FCC8B9019B4B
:10A6C00083F8160193F81421012A06D0022A04D037
:10A6D0004FF43F710620F5F78BFFA27093F8152118
:10A6E000012A01D0022AF3D1E27093F81621002A40
:10A6F000E6D102B010BD1FB5044603A9008800F0E2
:10A700006DFC38B9A388022B14D8E078FFF772FDEE
:10A7100010B9112004B010BDA078FFF76BFD002820
:10A72000F7D0012303A80093A388E278A17800F072
:10A73000D5F9EFE71220EDE737B58378C17803F05C
:10A740000104027903F0020351EA04051DD052EA24
:10A7500003051AD0002C18BF0021002B037818BF66
:10A7600000228DF802108DF80320427843EA02237C
:10A77000ADF8003043798279684643EA0223ADF8A8
:10A780000430FFF7B8FF03B030BD1120FBE707B579
:10A7900003788DF80030437868468DF80130002347
:10A7A000ADF80230ADF80430F7F7B4FA03B05DF855
:10A7B00004FB13B50C4601A900F010FC10B9019B75
:10A7C000DB88238002B010BD13B5044601A90088C0
:10A7D00000F01DFC20B96289A3899A4202D9122097
:10A7E00002B010BD2389E288A1886088FFF70FFDC1
:10A7F000F8B1019B93F8242202F0FF00DAB940F28D
:10A80000E241A2884A438A42E9D9A3F81612C3F862
:10A810001C22E179A27942EA0122A3F82022227ABD
:10A82000617A42EA0122A3F82222FF2283F824223D
:10A83000D6E73020D4E73A20D2E713B5044600F03B
:10A8400043FB88B12046FF24F8F78EFA0023CDE9B8
:10A8500000336846F6F738FA10B1002002B010BD98
:10A86000009B83F80D42F4E71220F7E707B5008854
:10A8700001A900F0CCFB30B9019B93F8332112B948
:10A88000FF2283F8332103B05DF804FB10B50446C2
:10A89000F7F754FE20600020616010BD73B50446D8
:10A8A00001A9008800F0B3FB064638BB019D95F86E
:10A8B000563203F0FF0623BB95F86230DB0722D542
:10A8C000D4F8023005F50F72C5F84C32D4F80630D2
:10A8D000C5F850326389A5F8543204F10C031C34D6
:10A8E00053F8041BA34242F8041BF9D10C2105F5CF
:10A8F0000A70F6F7ADFAFF2385F85632304602B0FB
:10A9000070BD3A26FAE71A26F8E730B589B0034653
:10A9100000F118056A461868083353F8041C1446F9
:10A92000AB4203C42246F6D1186802232060684671
:10A93000ADF81C30FFF7B2FF04461E220021684626
:10A9400002F092FC204609B030BD13B500880C46D9
:10A95000088001A980B200F041FB10B9019B9B8FD8
:10A96000638002B010BD37B5038804460B8098B2EF
:10A97000638813B9122003B030BD01A900F02EFB8B
:10A980000028F8D1658842F21072019BA9B2D3F871
:10A99000C4405143B3F8DA206243B3F8CC4004FB1F
:10A9A00002229142E6D3D3F8C420D3F8C4409442A3
:10A9B000F9D100229D875A63621E0A44B2FBF4F269
:10A9C0009A63D8E708B50078003818BF0120FAF775
:10A9D000AFFD002008BD0620F7F7A4BD0820F7F75B
:10A9E000A1BD01F087BF10B5044604B910BD2368AE
:10A9F00098476468F9E703680BB9016070471A4625
:10AA00005B6813B18A42FAD170478A4218BF51601D
:10AA1000704708B501F04FFEF6F7FCFF01F0A5FA0C
:10AA2000BDE80840F8F77CBF08B5F8F773FFFAF700
:10AA300077FDF6F7EFFFBDE80840F9F713BF08B55B
:10AA40000020FFF7F2FAF6F7C9F9F7F7CDFDF6F7B0
:10AA5000BFFD20B140F243119320F5F7C9FD08BDB9
:10AA600008B5FFF7D6FF01F03FFF20B14FF4E871C2
:10AA70009320F5F7BDFD08BD08B5F9F729FFFFF7ED
:10AA8000D3FF00F0D0F9F6F7B3FD0020FFF7CDFAC1
:10AA900001F02CFFBDE80840F8F75EBA0B468922AA
:10AAA00003F8032BD0F80920C1F80320427B1A7168
:10AAB000704738B50D460446F7F746FD2B78002B56
:10AAC00008BF034684F868306B78002B08BF034644
:10AAD00084F869306B88A4F86A3038BD2DE9F743F3
:10AAE000046899460F46164694F8633094F80F8030
:10AAF00043EAD303DB0702D4B8F1250F36D16FBB8D
:10AB0000F7F722FD0546BEBBF7F71EFD45BBB8F1C2
:10AB1000250F2ED100200546FF2384F82D3194F80F
:10AB20002C3103F0FF08F3B99DF8283001A984F80F
:10AB30002F0104F1A80084F82C3184F82E518DF8EF
:10AB400004708DF80560ADF80690FFF7B2FF0023A2
:10AB500084F82D31404603B0BDE8F0833D46D2E78E
:10AB60000028D4D0D8E74FF03A08F0E74FF01A08A1
:10AB7000F0E74FF00908EDE7002DC8D03046CBE7ED
:10AB800008B503689A7B22B14FF4E671AE20F5F761
:10AB90002FFD23229A7308BDCBB284B0C2B2C1F399
:10ABA0000721012BC0F3072015D101291BD0012A51
:10ABB00015D1012817D011400340880754BF01F078
:10ABC000010002209A0754BF03F00103022340EA68
:10ABD000032004B07047022BE9D10229E6E7022ADC
:10ABE000E9D10228E6E71040034019400B46E4E7AC
:10ABF000012803D0831E58425841400070477FB55A
:10AC00000B4604681146184694F81461FFF7C4FF18
:10AC100094F81551C3B2C0F30720B34208BF002314
:10AC2000854208BF002084F8123284F8130204B071
:10AC300070BD2DE9F0410D680446884695F8130271
:10AC4000FFF7D6FF064695F81202FFF7D1FF95F8F9
:10AC50009F30074673B946EA000313F0FF0307D09D
:10AC6000284600F09FFDD8F80030DB8803449BB2F3
:10AC7000A5F81032B5F810320520A670E3701B0A53
:10AC800067702371BDE8F081F0B505680C4685B0AA
:10AC90000646E97B1746002964D1AB7B273B022B94
:10ACA00062D903A8F7F7C2FC014628B1039B0DF156
:10ACB0000B01DB788DF80B30A87B1622F8F7C4FA6D
:10ACC000054630B102461621304600F040FD0546EB
:10ACD00033E0637813F007033ED0A27812F0070246
:10ACE0003AD0346884F80C31252384F80D21E373BD
:10ACF00094F82D31F3B994F82C31012B1AD094F833
:10AD00000C7194F8150194F81011874294F81121F0
:10AD1000B4F8123114D194F80D7194F814018742EB
:10AD20000ED1022084F82E1184F82F2184F82C01F2
:10AD3000A4F83031304600F0FDFC284605B0F0BDE7
:10AD4000022000903046FFF7C9FE0028F2D04FF4F1
:10AD50006671AE20F5F74CFC3A462146304600F0CD
:10AD600012FDB4E70125E8E72025E6E737B50468DA
:10AD7000A37B232B21D14B7813F0070519D08B78B7
:10AD800013F0070215D000238DF804508DF805202C
:10AD9000ADF80630019AD4F82E11FFF730FF0123E9
:10ADA000002084F84A302723A4F84600A37303B098
:10ADB00030BD0023A4F81232F1E70120F7E738B5DF
:10ADC00003680546DA7BB3F81242252A14D184B908
:10ADD000DC7393F82C31012B02D12146F7F7DEFB0F
:10ADE0002B68002283F82C212846BDE8384000F06B
:10ADF000A9BC2822DA73F7E79A7B272A0ED154B927
:10AE00009C732146F7F7CAFB2B6883F82C4100227C
:10AE100083F84A2038BD28229A73F8E740F2CC51D3
:10AE2000AE20F5F7E5FBF7F7DFBB704730B54240E2
:10AE30001C7808785D7860404C786C409D782044A0
:10AE40008C786C40DD782044CC786C401D795B793F
:10AE500020440C7949796C404B40204418441044FC
:10AE6000B0FA80F0400930BD024600200139C9B275
:10AE7000FF2900D17047535C83F001030344D8B22B
:10AE8000F4E708B5F7F734FC082807D0F7F752FCC9
:10AE9000082803D0F7F762FC012008BD0020FCE77A
:10AEA00008B5F7F725FC082803D0BDE80840F7F7F8
:10AEB00041BC08BD08B501F050FD18B1BDE808401F
:10AEC000FBF742BA082008BD70B503791F2B0FD8D5
:10AED000461E051D002416F8010F00F0DDFB04449A
:10AEE000AE42E4B2F7D1012C94BF0020012070BD26
:10AEF0000020FCE701440023884203D1B3FA83F029
:10AF00004009704710F8012B1343F5E7F8B50546E3
:10AF10000C46D0E9047601F0CEFE18B95221292062
:10AF2000F5F766FBE4B1D5E90423D21B63EB060316
:10AF3000012A73F100014FF0000113DB6FF00100F3
:10AF40009042994101DA5C21E9E7631E1344B3FBA7
:10AF5000F4F35C43E41946F10006C5E904461C46D7
:10AF60002046F8BD0C46FBE7F8B50C460546D0E98F
:10AF7000007601F02CFEF4B1D5E90023D21B63EB7F
:10AF80000603012A73F100014FF0000115DB6FF099
:10AF900001009042994103DA76212920F5F728FB38
:10AFA000631E1344B3FBF4F35C43E41946F100065B
:10AFB000C5E900461C462046F8BD0C46FBE70229C1
:10AFC00005D13C2808D980100F3880B2704770280E
:10AFD00002D9C0100E38F8E70020704710B50C46B3
:10AFE0000021F5F737FE2060B0FA80F040094000FC
:10AFF00010BD0368587BC0B293F830302BB900F015
:10B00000FB00003818BF012070470020704710B5C2
:10B010000C46FFF7E3FF38B92046FFF7EAFF80F060
:10B0200001004000C0B210BD0220FCE738B54FF46B
:10B0300016720D460021044602F0F5F80123A4F82B
:10B04000AA50A3756FF0360384F86330042384F8A4
:10B0500064306FF03B0384F865306F2384F866300A
:10B06000032384F86730002384F868306FF07F038F
:10B0700084F869302B2384F86230FE2384F89E30F4
:10B080007F23E37238BD40F6B83307B5B0F8CE2061
:10B09000D0F8C4100190838701A8F7F729FE03B008
:10B0A0005DF804FBC2B292FAA2F2030A93FAA3F388
:10B0B0001B0E100E40EA03207047013105300022BC
:10B0C000C9B270B510F8013F8B4216D310F8054C89
:10B0D0000023012505FA03F626421CBF01F1FF31CA
:10B0E000C9B269B10133082BF4D10132D2B2052AB9
:10B0F000E8D19B214620F5F77BFAC91AC9B2F4E7DB
:10B1000003EBC200C0B270BD0B6870B5C0F801306F
:10B1100004460B790546461D03F01F0343710023C7
:10B12000C37215F8010F00F0B7FA6871B542E37AFF
:10B130001844E072F5D170BD81EA114170B58CB24E
:10B140000546C17A032682EA0400FFF7ABFF013E01
:10B1500000EB001016F0FF0604EB000290B2F4D1F1
:10B1600044402522B4FBF2F302FB1343C3F3C402B1
:10B17000D8B203F007032A445678012202FA03F3F7
:10B180001E4207D161432846C1F30741BDE8704024
:10B19000FFF793BF70BDF8B590F8215004466B1EC1
:10B1A000242B03D9E1214620F5F722FADAB1807D7C
:10B1B000002843D194F8233094F8221002FB013286
:10B1C0002523B2FBF3F103FB1123DBB204EBD30223
:10B1D00003F0070684F82330D17D0122B2401142EA
:10B1E00002D084F82430F8BDB3FBF5F205FB12332E
:10B1F00004F11B01013303F0FF0311F8012F9A4200
:10B2000019D311F8055C0022012606FA02F72F4235
:10B2100008D0013B13F0FF0304D102EBC00284F815
:10B220002420E0E70132082AEFD10130C0B205281E
:10B23000E3D1D721B7E79B1ADBB2F6E7E28804F146
:10B240001600096AFFF778FF84F82400CBE7D0F8EE
:10B2500003300B60B0F807308B80704703788901AA
:10B2600023F0400301F040010B4303707047037863
:10B2700003F07F0343EAC113037070470078C009ED
:10B2800070470278437802F00F02062A0FD8DFE8F1
:10B2900002F00804080E0E0E08000C3B58425841FC
:10B2A0007047981F1F288CBF002001207047002086
:10B2B0007047037803F00F03042B06D1407806385B
:10B2C0001F288CBF002001207047002070472DE907
:10B2D000F3470E4601A914469946FFF77FFE05463F
:10B2E00018B9019F2CB901237B75012002B0BDE87C
:10B2F000F087D7F8BC8021464046FEF7DDFC824649
:10B3000008B90020F2E7F6F729FB8442F9D8514644
:10B310004046FEF70DFE7B7D4946A0F80150002B0C
:10B32000224618BF022600F8036BFEF79DFA21465D
:10B330004046FEF7FCFC18B983212B20F5F758F99D
:10B340007D75D2E743780246C3F30111012910B598
:10B350000ED0022915D00478022103F00F00131D2E
:10B36000528844EA0020FFF7B2FF38B1012010BD37
:10B37000047803F00F00131D5288F2E7F7F7C4FEBC
:10B38000F4E70020F3E71A230B7001234B708B7056
:10B390007047F7F791BD10B521B940F2A9211020EF
:10B3A000F5F726F94A600B72EFF3108472B6031DAD
:10B3B0000B6042681AB1127A012A08BF0360036861
:10B3C0001960016004B962B6BDE81040F7F7BEBD70
:10B3D0000222F7F787BE0322F7F784BE0422F7F7AD
:10B3E00081BE0222F7F7C2BE8A230B7030F8953C6B
:10B3F000A1F8033030F8573CA1F8053030F8533C41
:10B40000A1F8073030F8553CA1F8093030F8513C2C
:10B41000A1F80B307047012908B503D10E30C000E8
:10B4200080B208BD022902D10F308000F8E74FF446
:10B430000C710620F5F7DCF830B587B004460D46F0
:10B44000F6F792FA80B334F89E4C69462046FFF72F
:10B45000F2F818B1FB212C20F5F7CAF8BDF8063038
:10B4600003A8ADF80C40ADF80E30BDF80830ADF8CB
:10B470001030BDF80230ADF81230BDF80430ADF830
:10B480001430FFF7B6F810B14FF48271E3E7ADF86E
:10B490000C009DF80C30002063F307009DF80D3080
:10B4A00063F30F2007B030BD2B468D2203F8032B2A
:10B4B000D4F80920C5F80320D4F80D205A60B4F858
:10B4C00011201A810423ADF80C30E2E74068704780
:10B4D000C08A70478A880B8910B5CC884988A0F843
:10B4E0005840A0F85410A0F85620A0F85A3010BDCB
:10B4F0008383BDF8003001834283C38370470346D2
:10B50000B3F84C10B3F85820914270B528BF1146DB
:10B51000B3F85A40B3F85020B3F84850A242B0F8FC
:10B520004260B0F8460028BF2246B3F84A40A3F86C
:10B5300042109442A3F8462038BF14468D4238BFCB
:10B540000D468E42A3F84A40A3F8485021D1801AF4
:10B5500018BF0120B3F84E10B3F85420B3F856606A
:10B560009142B3F84050B3F8444028BF1146B3F8B5
:10B570005220B242A3F8401028BF32468D42A3F8B1
:10B58000442008D1944218BF40F0010000F00100AF
:10B5900070BD0120DEE70120F8E738B5C58B044611
:10B5A000438C007A9D4228BF1D46FFF734FF638914
:10B5B000AB4228BF2B46984238BF184680B238BDF0
:10B5C0002DE9F041984607460E46808919461446F3
:10B5D000FFF721FF054641463846FFF7DEFF85426B
:10B5E0009DF8181028BF0546B88AFFF714FFFB8A9C
:10B5F000ADB2834228BF0346A01D9BB230442B440A
:10B600001844BDE8F08107B590F86D30002296210E
:10B610003430009390F83830FFF7D2FF03B05DF874
:10B6200004FB38B514460D4619469634FFF7EBFF78
:10B630002044A84294BF281A002038BD38B50D46D2
:10B6400011460446FFF7DFFF2844A06338BD01F12F
:10B650009C0383423DBF9C38401A4008002070473D
:10B6600000F05533400800F05530034403F0333206
:10B670009B0803F033331A4402F00F33120902F02F
:10B680000F32134403F0FF101B0A03F0FF1318449A
:10B6900000EB1040C0B2704700F05503400800F0C6
:10B6A0005500034403F033009B0803F033030344C5
:10B6B00003F00F0000EB1310704780EA6000FFF703
:10B6C000CFBF32280CD006D8162818BF012894BF47
:10B6D000012000207047A0F13E03584258417047B6
:10B6E0000120704708B50246FFF7EBFF40B108465E
:10B6F000FFF7E7FF20B18A420CBF23202A2008BDB4
:10B700008A420DD1A2F13000C0B20B2808D840F611
:10B710002103C34013F0010F0CBF00202320EEE7EC
:10B720000020ECE7036800229A7383F84A20A3F80C
:10B730004620704703680022A3F84E20012283F8B8
:10B74000502070470368002283F85020704708B5E6
:10B75000036883F89B1083F89A203422DA73FFF78A
:10B76000E9FF002008BDA0F10903042B09D9A0F1CD
:10B770004603012B05D9233807288CBF0020012060
:10B78000704701207047036810B5DC7B44B90A7824
:10B7900083F898200322DA73FFF7CCFF204610BD10
:10B7A0000124FBE7B0F8CC00063080B2704730F8D7
:10B7B000023CF7B505460E46B0F8827073B101221F
:10B7C0006846ADF801708DF80020ADF80330F6F74B
:10B7D00019F918B195216320F4F70AFF8323002497
:10B7E000A6F803703370B4706B7AD5F89800737153
:10B7F000FEF709FB08B9BA21EDE721463846F5F70F
:10B800003FFA4FF40173204603F004021B0A62F36F
:10B81000070063F30F2003B0F0BD036800201A7C1B
:10B82000063A012A81BF4A785A7406221A74704770
:10B830000268137C063B012B84BF072313747047F7
:10B8400008B503689A7B1AB13B215520F4F7D0FE66
:10B850000A229A7308BD2DE9F74F0646894690469D
:10B860000193FFF79FFFD6F8CC71044657B9002328
:10B87000C8F80030F38823449CB2019B1C8003B0BD
:10B88000BDE8F08FF8F758F80028F0D1D6F8C4C01A
:10B89000D6E96C320CFB04FE1EEB030ED7E9021353
:10B8A00042F100020B44D7E900155B1845F1000591
:10B8B000734575EB020114D2BEEB03016FF0010B6F
:10B8C00062EB050A8B4570EB0A0A03D23D21562034
:10B8D000F4F78EFE3869471E3944B1FBF0F1E0FB06
:10B8E0000135B3EB0E0365EB02056FF001029A42DE
:10B8F0004FF00002AA4101D24821E8E7B3FBF9F278
:10B9000009FB1233B3FBFCF291B20CFB1133C8F804
:10B910000030F3881C441444A4B2AEE70B468222E4
:10B9200003F8032BD0F80920C1F80320D0F80D202C
:10B930005A60427C1A720023CB70704708B50368C6
:10B940009A7B1AB1A2215620F4F752FE0C229A7368
:10B9500008BD38B50D68044640F2E240D5F81C1227
:10B96000B5F81622B1FBF0F3B2FBF0F22371C3F38A
:10B97000072362706371B5F82032A3711B0AE3716B
:10B98000B5F8223223721B0A637295F89F3033B9DF
:10B9900005F5057305F506722846FFF75CFFB5F857
:10B9A000143240F2E2420C20A3721B0AE372D5F873
:10B9B0001832B3FBF2F3A370C3F30723E37038BD6F
:10B9C0000B46842203F8022BD0F80920C1F802208C
:10B9D000D0F80D205A6070470B46852203F8022BE1
:10B9E000D0F80920C1F80220B0F80D209A807047E5
:10B9F00010B504460068837B192B12D100F1800238
:10BA000000F50B71052300F50F7001F0A3FB23680F
:10BA1000012200200021DA741C22C3E91C019A7360
:10BA200010BD0220FCE703689A7B132A10D1D1F8DD
:10BA30000120C3F83422D1F80520C3F83822036866
:10BA40000020D1F80920C3F8942019229A73704776
:10BA50000220704703689A7B0F2A05BF002012223C
:10BA60000220D87408BF9A73704708B503689A7BA0
:10BA7000122A04D040F277111F20F4F7B9FD0122F9
:10BA800083F8522011229A7308BD08B503689A7B87
:10BA90001C2A04D040F2FE211F20F4F7A9FD1E222B
:10BAA0009A7308BD08B503689A7B22B14FF44171BF
:10BAB0001F20F4F79DFD012283F851200F229A7375
:10BAC00008BD08B503689A7B3AB193F8522022B9B1
:10BAD00040F20B311F20F4F78BFD012283F8512037
:10BAE00013229A73002283F89E2108BD3E230B7017
:10BAF0000C234B7004238B70D0F80930C1F803304D
:10BB0000D0F80D30C1F80730B0F81130A1F80B3083
:10BB1000C37C4B73704708B503689A7B1AB1CF2179
:10BB20001C20F4F765FD04229A7308BD0368002207
:10BB3000DA73A3F84E20FFF705BE87230B7030F8A9
:10BB40008C3C4B807047036800209A7B052A01BF1C
:10BB5000002283F83E2083F84A209A73704738B554
:10BB60000568EC7B2CB9FFF7E5FD0223EB7320465B
:10BB700038BD0124FBE7FFF7E5BD08B503689A7BF4
:10BB80001AB172214B20F4F733FD05229A7308BDD8
:10BB900010B5D0E90D42A24206D38B8C121B498E00
:10BBA00005334B43934202D3012380F83E3010BD4E
:10BBB0000C230B7008234B7000238B70B0F85630A9
:10BBC000A1F80330437A4B714389CB8083890B8181
:10BBD000704710B5046894F853309B070CD4A37BCE
:10BBE0001BB177214020F4F703FD0122A4F8463071
:10BBF000A27384F84A2010BDE37B0BB9FFF7A2FDC6
:10BC0000002384F83231F6E710B50B7901284C791E
:10BC10000A6843EA0421104608BF41F4803110BD90
:10BC200007B5FFF7F1FF0DF10702F7F719FE03B0B3
:10BC30005DF804FB30B585B01546089BC01A099B1A
:10BC400061EB0304002C214602DA404264EB44011C
:10BC500003AB2A46009302AB01F0C9FA002C03980B
:10BC600001DA00B1281A05B030BD002307B501A8DC
:10BC70000193FBF7A9FB019810F0030018BF012006
:10BC800003B05DF804FB08B5FFF7EFFF002814BF11
:10BC90001420002008BD08B503689A7B1AB126213C
:10BCA000A320F4F7A5FC20229A7308BDF7B5056818
:10BCB00006460C46AB7B203B022B2BD8B1F8051077
:10BCC0001A2921D9B4F80730B3F5A47F1CD3B4F8EE
:10BCD00001201A2A18D9B4F80300B0F5A47F13D3B1
:10BCE00005F1A804009005F1DC00FFF701FC2046F7
:10BCF0003768FFF704FC18B107F23F10F7F758FA5E
:10BD000004213068F9F728FC002085F84A00A87360
:10BD100003B0F0BD0120FBE7F7B504460068C57B22
:10BD2000002D40D1B1F805601A2E04D9B1F80730C2
:10BD3000B3F5A47F05D2204603B0BDE8F040FFF77D
:10BD400022BDB1F801701A2FF5D9B1F803C0BCF5C6
:10BD5000A47FF0D33A463146DC30CDF800C0FFF77F
:10BD6000C7FB23689A7B202A08D123682222DA7332
:10BD70002046FFF7DFFC284603B0F0BD93F82331DF
:10BD8000002BF2D1236893F82231002BEDD12368E8
:10BD9000212203F1DC01DA73B3F8AA0003F5A472DF
:10BDA000F7F70CFAE4E70125E5E70368002210B590
:10BDB0000446DA73A3F84E20FFF7C4FC2068042180
:10BDC000BDE81040F9F7C8BB0B46812203F8032BEE
:10BDD000B0F80920A1F80320C27A9A70704740F2A7
:10BDE000BD21322008B5F4F703FC13B503460C4619
:10BDF00090F8BE2002F0FF0032B1A3F1360000F04F
:10BE0000A7FA8C230420237002B010BD70B50E4633
:10BE1000044620B940F206313220F4F7E9FB437AB8
:10BE2000002B3BD1036DD0F80E20C3F8AD20428A21
:10BE3000A3F8B120437B026D03F0FD03003B18BF64
:10BE4000012382F8AC3094F8545094F889302BB127
:10BE500094F88A301D43002384F88930204600F08E
:10BE600077FAAB0708D025F00405002220461146DA
:10BE700084F85450F9F742F98822334603F8032B2B
:10BE800004F10902293452F8041BA24243F8041BAE
:10BE9000F9D112781A700023B37170BD0021408966
:10BEA000F4F7D8FE10B940F21231B5E70021B0F82E
:10BEB000AA00F4F7E5FE0028C5D040F21531ABE743
:10BEC00038B504460D4600F082FA94F87030012B24
:10BED00003D094F87030002BF7D13F220021204688
:10BEE00001F0A1F90722002384F8585084F8492072
:10BEF00040F2011284F8543084F88830A4F84A20C3
:10BF0000236684F8893038BD08B5F7F77BFEFAF769
:10BF100067FDBDE80840F7F7B9BF08B5F7F772FE4F
:10BF2000F7F772FFFAF75CFDBDE80840F7F7AEBF20
:10BF3000F7F778BF08B5F7F765FEFAF751FD03206C
:10BF400008BD08B5F7F75EFEF7F75EFFFAF748FDA4
:10BF5000032008BD90F83E00003818BF012070474C
:10BF6000007A003818BF0120704710B5012104463F
:10BF70000020F4F76FFE10B12146FFF7A1FF012169
:10BF80000846F4F767FE10B12146FFF799FFBDE8B8
:10BF90001040F8F799BEF7F745BF80F84910704791
:10BFA00010B504460846194694F84030023B012B70
:10BFB0000AD994F8400000F0FD000038BDE81040B8
:10BFC00018BF0120F6F788BB0028F2D102F0FD026D
:10BFD000101E18BF0120FEF763FF0828E9D00120DA
:10BFE00010BD90F8400000F0FD00003818BF01209F
:10BFF000F6F772BB38B504460D4690F8893003F069
:10C00000FF00F3B994F85430013B012B18D80429F0
:10C0100016D1D4F8F03023B140F6F8113220F4F7FD
:10C02000E7FA216D11B940F6F911F7E704F1C800FC
:10C0300000F042FA84F88A50FF2384F88930012006
:10C0400038BD0020FCE780F84010704701F0FD0388
:10C0500080F85510B3FA83F35B0980F84A307047D3
:10C0600010B504460846194600280CBF01230023DA
:10C0700084F8560084F84B304FF0080384F84C30B5
:10C0800008D102F0FD02101E18BF0120FEF708FFC4
:10C0900084F84C0010BD08B522B940F63F2132208B
:10C0A000F4F7A6FA80F859101368C0F85A3093884C
:10C0B00090F84120A0F85E30036D83F8B320D0F8EB
:10C0C0004220C3F8B420B0F84620A3F8B82008BD39
:10C0D00010B5D0F8B04094420BD190F840208A427D
:10C0E00007D1D0F8B4001B681630C31A5842584123
:10C0F00010BD0020FCE7012910B5044601D1F7F777
:10C1000083FE04F16C00F8F713FE002384F870300E
:10C1100010BD10B5012104460020F4F79BFD20B9A5
:10C1200040F6CB213220F4F763FA637880F854307C
:10C13000A37880F84030E178FFF788FF237980F812
:10C14000493010BD233070471FB5002403949DF97A
:10C15000204002949DF81C4001949DF818400094E2
:10C16000F8F75AFC04B010BD1FB503939DF91830C1
:10C17000CDE90123FF23042200930023F8F74CFCB0
:10C1800005B05DF804FB70B5037816460C4605460D
:10C19000C3F380134B74FFF771F8062EA07407D811
:10C1A000012303FA06F212F0550F06D19E4212D077
:10C1B00000236370C4E9013313E06370EB1C636018
:10C1C0000023A3606B78063B13F0FF030AD0093508
:10C1D0002374E56070BD03236370EB180935636059
:10C1E000A56000231D46F3E7027802F00F02FFF777
:10C1F000CABF08B5D0F8C830D21A04D540F28A3187
:10C200002120F4F7F5F9D0F8B000B2FBF0F008BD4A
:10C2100010B504460120FAF70BFE00F522434FF457
:10C220007A72B133B3FBF2F303F50170D4F8F03056
:10C2300003B1400010BDD0F8B430D0F8B0001633D0
:10C240001B1A584258417047D0F8F01070B5064696
:10C250001D46FFF7F0FF11B10130C0B270BDD6F836
:10C26000B0100724A1FB041450B1D6E92630C91838
:10C2700044EB00048A4275EB04040AD20320EDE784
:10C28000D6E92A30C91844EB00048A4275EB04044D
:10C2900001D20220E2E70120E0E72DE9F041044667
:10C2A00000F0E7FB074688462046D4E92623FFF73F
:10C2B000CBFF064600F02FFC1828034603D80026C3
:10C2C0003046BDE8F081421CD4E92E1513D0421847
:10C2D000AA42D4E9242028BF6B1AD21B60EB0800C5
:10C2E000012A70F100054FF000052FDB93428541D4
:10C2F00000DB13465D186D1A41F288339D4228BF5A
:10C300001D4600F0B6FBC7F1320303449D42D6D36D
:10C310003146284600F029FC06460028CFD000F020
:10C32000ACFBD4F8C020D4F8B830A818D4F8BC209E
:10C330002B44C4F8C0009342C4F8B83003D1D4E908
:10C340003223C4E92A2300F096FBB9E72B46D1E754
:10C3500038B5044690F8F43003F0FF0043B3FF23F0
:10C3600084F8F53004F1F805284600F0A5FB2846CE
:10C3700000F0AEFB00212046FFF7BDFE94F8F6303A
:10C3800004F1C805ABB1D4F8E830E3B12846F7F7BB
:10C3900069FB002384F8F53094F8F60010F0FF00F4
:10C3A00018BF0C2084F8F630C4F8F03084F8F4306C
:10C3B00038BDD4F8F00030B1D4F8E8301BB900F53E
:10C3C000D870F7F7DFFA2846F7F7DCFAE1E790F8DC
:10C3D000F4300BB1FFF7BCBF7047FFF7F8BF90F820
:10C3E0006400003818BF0120704708B50B7813F0BF
:10C3F000060F04D040F29F212120F4F7F9F890F8BD
:10C40000F42002F0FF0312B140F2A521F4E70A780C
:10C4100012F0010218BF8B684968C0F8B010C0F86C
:10C42000D81040F27121A0F8DC1012B1163BC0F810
:10C43000B43008BDD0F8F0300BB1FFF789BF0C2045
:10C44000704770B506460C4690F8F53083BB00F097
:10C4500010FB0546062C20D8DFE804F0241F1F2718
:10C46000041F2C0040F20122D6F89810D6F8B830FC
:10C470006D1A8C3B1544AB428CBF012400240AD8B2
:10C480003046FFF70AFF30B1D6F8B8408C3CA542E1
:10C490002CBF00240124204670BD4FF44B71212095
:10C4A000F4F7A6F84FF40472DEE74FF45772DBE7B7
:10C4B0000024F0E70124EEE7F8B50D46064601F545
:10C4C000D8770021D5F8B801F7F7B2FAB0420446A0
:10C4D00006D18268D5F8B8319A4213D2816989B100
:10C4E00021463846F7F76CFA002333622CB194E802
:10C4F0000E005B1842F1000201E000231A46C5E974
:10C500006C32F8BD9A422CBFB260B360F2693762F8
:10C51000002AF2D00ECAECE770B5044688B00529AF
:10C5200061D8DFE801F003353C37605390F8F5300F
:10C530004BB10121FFF7DFFDFAF7A6FA08B0BDE81D
:10C540007040FCF78FBB00F03EFB0B4602460646F0
:10C550000D46C4E926012046FFF74BFEB0FA80F0F5
:10C5600032462B46400902948DF810002046FFF712
:10C5700040FE003818BF01208DF8110002A8F8F71E
:10C58000AFF9D4F8B8008238C4F8C00000F073FAEC
:10C5900008B070BD08B0BDE87040FAF7BDBB00221E
:10C5A000012302A90092F8F7D1FB58B102A904F1C6
:10C5B000F800FCF76BFB0028EAD140F273712120F0
:10C5C000F4F716F82046F8F7D3F9E1E790F8F530DC
:10C5D00023B108B0BDE87040FFF7DDBCFFF75DFE9A
:10C5E0000028D5D1F5E74FF4E571E8E710B504462A
:10C5F00088B090F8F43003F0FF0223B140F26721D5
:10C600002120F3F7F5FFFF2380F8F43080F8F520C0
:10C61000FFF711FE78B9D4F8B4301633C4F8D0302F
:10C6200001220091002302A92046F8F78FFB28B9C8
:10C630004FF41F71E4E741F28833EFE702A904F1F8
:10C64000F800FCF723FB10B940F27D21D8E708B0D1
:10C6500010BD10B5044688B090F8F52002F0FF0335
:10C660009AB91A4602A90093F8F770FB50B102A9D3
:10C6700004F1F800FCF70AFB38B940F25A712120A6
:10C68000F3F7B6FF2046F8F773F9FAF7FDF908B0AB
:10C69000BDE81040FCF7E6BA10B5044690F86D10FE
:10C6A00090F86C00F8F7E6FD002201462046BDE850
:10C6B0001040FEF7C3BFF8F795BEC0F8B811704739
:10C6C00010B50446FFF7DFFA00F58A71E269636B83
:10C6D0009A4228BF1A461046FEF7B9FF40F64803B3
:10C6E000984228BF184680B210BD08B520B940F264
:10C6F00077113520F3F77CFF437B03F0FF0113B183
:10C700004FF4BC71F5E7202200F5EC70BDE808405D
:10C7100000F089BD10B5044686B020B94FF4BF7152
:10C720003520F3F765FF427B02F0FF0312B140F2C0
:10C730007F11F5E7014601226846F8F7B1FD694629
:10C7400004F5EC70FBF730FC10B940F28311E7E719
:10C7500006B010BD036893F8A02022B100229A739E
:10C7600083F84A207047DA73FEF7ECBF03689A7BC0
:10C77000032A04D1002283F84A209A737047FEF7F7
:10C78000E1BF037D63B9837BA3F10F02032A07D9BD
:10C7900090F8520028B11F2B8CBF00200120704759
:10C7A00001207047A1F11103012B0AD910B91829F2
:10C7B00002D87047112906D91E298CBF00200120FC
:10C7C0007047012070470020704738B5142813685F
:10C7D0000D4614469B7B0CD016281AD0122835D152
:10C7E000052B14D1002220461146BDE83840FFF742
:10C7F000AAB9203B022B0AD81046FEF793FF35B1A9
:10C80000226892F8623023F0200382F86230002020
:10C8100038BD232BFBD11046FEF784FF6DB1226893
:10C8200092F8633023F0010382F86330226892F8B3
:10C83000633023F0080382F863301A212046F5F7AD
:10C84000ADFE2368002283F82C21E0E740F2AE41E0
:10C850003620F3F7CDFE0368024649789B7BA3F1AF
:10C860000F0010280BD92C2B0BD0202B0BD0052B15
:10C870000BD0232B0CBF1620FE20F8F7D1BF0320CE
:10C88000FBE72320F9E71420F7E71220F5E702463B
:10C8900000680B4690F8621041F0040180F86210C5
:10C8A00099785878F8F7BCBF70B50C460546D1E9C1
:10C8B0002F01F4F77FFA637B3BB104F5EC76304649
:10C8C00000F0FAF8304600F003F904F5D874204679
:10C8D000F7F74AF810B12046F7F754F82846022136
:10C8E000BDE87040F4F7CCB900207047F6F7CCBC37
:10C8F000F6F72ABDF6F740BD10B5827C0146B0F8C8
:10C900004030B2B9C3F1020491F83E3013B18B7BD1
:10C91000052B13D10846FFF734FF88B18B6B486BAA
:10C92000043B181AA042A8BF204620EAE07080B25B
:10C9300010BDB0F84240E41A043CE5E70020F1E7FE
:10C940002046EFE708B5F9F70BFFF9F721FDF9F7F6
:10C950004FFCBDE80840FAF75FBB10B5C824F9F7F3
:10C96000DBFC022808D1013C14F0FF04F7D10620BB
:10C97000F6F7D8FB204610BD431E58425841FAE74F
:10C9800038B504461546F9F78FFD01462A4620467C
:10C99000BDE83840FAF710B819B943780BB1C3783D
:10C9A0008370704710B504460846FAF741FA4FF411
:10C9B0007A73B0FBF3F0201A10BD10B50446084698
:10C9C000FAF736FA4FF47A7200F2E733023CB3FB1F
:10C9D000F2F3E01A10BD00F038B8801A00F3070037
:10C9E00038B50D46144659B240B2FAF7A3FD0023FC
:10C9F000287020446B7040B238BD0023036070473C
:10CA00007047002070474FF0FF3070474FF0FF3005
:10CA1000704770474FF0FF3070470020704700208C
:10CA200070470023037070479DF800300022FFF725
:10CA3000D4BF4FF0FF307047002070474FF0FF30F9
:10CA400070474FF0FF307047704770470020FAF78B
:10CA5000C7BD0020FAF7B4BE0020FAF7C5BE00201B
:10CA6000FAF7BEBD7047FAF70BBFFAF71DBFFAF72A
:10CA70000DBFFCF709BBFCF70FB8FCF725B8FCF7B6
:10CA80002DBBFCF721BBFCF711BB10B5837F8BB925
:10CA9000034601F1180251F8044B914243F8044B4C
:10CAA000F9D1012484772146FBF728FAFBF7E6FF4A
:10CAB000204610BD0020FCE710B504460221FBF71C
:10CAC0001DFAFBF7DBFFA07FB0FA80F0400910BD34
:10CAD00038B50446A37F03B938BDA37F032B02D02A
:10CAE000A37F042B0ED1EFF3108572B62046FBF71F
:10CAF00023FC05B962B6A37F002BEDD0FF210320F4
:10CB0000FCF7B6FCA37F012B02D14FF48271F6E74C
:10CB100000F02AFBDEE7F8B50746FCF71DF80446EF
:10CB200020B940F229110320FCF7A2FCFCF71AF807
:10CB3000A46800252418384641F1000622463346F1
:10CB4000FBF782FCA04271EB060309D3001B6FF0D8
:10CB5000010361EB0601834275EB010102D3F8BDCD
:10CB60002846FCE74FF0FF30F9E72DE9F041044695
:10CB70000F46FBF7F1FF064620B94FF4A3710320DF
:10CB8000FCF776FC8568002362195B4113B1002035
:10CB9000BDE8F081FBF7E6FF2A18384641F10003B3
:10CBA00014EB020843F10005FBF74EFC4045A94198
:10CBB000EDD3FCF769FA00F05FF8B3680120377530
:10CBC0002344B360E4E7FBF7CDBF80687047F8B556
:10CBD0000369044623B14FF4D1710320FCF748FCEC
:10CBE000FCF752FA05460E46FBF7DEF870B36435E3
:10CBF000D4E9003246F10001AB4272EB010001D2F0
:10CC00002B460A46C4E90032EFF3108572B6FBF7F3
:10CC1000A3FF064698B1FBF7A5FFB3680B332CBF03
:10CC2000012200221B18D4E9006042EB0101B3424B
:10CC300071EB00023CBF33460146C4E9003105B93F
:10CC400062B62046BDE8F840FBF774BCFBF7CCF8B1
:10CC50000746FBF795FFB84238BF3846963546F190
:10CC600000024319D4E9000142F10002834272EB51
:10CC70000105C7D20346C4E7FBF75ABA032910B52A
:10CC8000044606D801290ED840F25D11B020FCF709
:10CC9000EFFB0429F8D1FBF747F920B12046FBF759
:10CCA000C7FC022010BD0020FCE7C0E908122022CA
:10CCB000002100F0B8BA10B5037886B0044623B15D
:10CCC0004FF4AB714520FCF7D3FB0593CDE903335B
:10CCD000D0E90423CDE9002343680293037A684630
:10CCE0008DF81430FFF773FF0120DDE90023C4E95C
:10CCF000042306B010BDFCF761B808B500230B850E
:10CD000081F82A300B6A0921984728B103781BB1B2
:10CD1000E9216A20FCF7ACFB08BD436A1944416273
:10CD2000A1F19600FFF7A7BEF8B5044620B940F27E
:10CD3000AD116A20FCF79CFB90F85850052900F2D1
:10CD4000C780DFE801F0038043656F7990F82A30EF
:10CD5000033B012B02D94FF4DC71EAE7052380F88D
:10CD60002A30002380F859300378EBB12378012B67
:10CD700024D1FBF7EBFF636894F828606362C4E991
:10CD80000601F6B9FFF77DFE31462046FFF7C5FFE5
:10CD9000236A31462846984701462046FCF752FA56
:10CDA000022840F09880F8BDFFF763FE07460E4664
:10CDB000FBF7CCFF87428E41F6D3D7E7D4E90401D5
:10CDC000D9E72046BDE8F840FCF708BA90F82A30C9
:10CDD000DA1E012A02D940F2ED11AAE790F82820C4
:10CDE0002AB121462846BDE8F840FFF786BF042B4C
:10CDF000036A18BF012180F82A10052128469847A8
:10CE00000028D0D00378002BCDD04FF4007190E7EC
:10CE100090F82A30052B02D040F2062189E7036AF8
:10CE20000221B7E790F82A30052B02D04FF40371A6
:10CE30007FE7036A0121ADE790F82A30052BC0D0C7
:10CE400040F2122175E790F82A30052B07D090F8B0
:10CE500029200AB1032B02D040F2172169E794F888
:10CE60002820002ABDD194F8593083B1022308212B
:10CE7000284684F8592084F82A30236A98470028E5
:10CE800091D00378002B8ED040F2232151E794F803
:10CE9000292062B1214604F1300084F82930FBF7E3
:10CEA000F5FE00287FF47FAF4FF40A7141E70223BB
:10CEB0000721284684F82A30236A984700283FF43F
:10CEC00072AF0378002B3FF46EAF40F22F2130E7B2
:10CED0004FF40D712DE70128236A0CBF04210321B3
:10CEE00058E770B50024FCF767FA05462646E0B21D
:10CEF000854200D870BDFCF765FA0134068580F8DC
:10CF00002A60F4E7F8B504460D460027FCF754FA0A
:10CF10000646F8B2864204D8082D0CD96FF01500E9
:10CF200008E0FCF74FFA90F82A300137002BF0D0D8
:10CF30004FF0FF30F8BD2CB129462046BDE8F8403F
:10CF4000FCF74CBA21462046F8E710B50446FCF73A
:10CF500039FA014688B190F828308BB990F82A3018
:10CF600073B1013B012B04D82046FFF7C6FE002019
:10CF700010BD012380F82830F9E76FF00100F7E7D2
:10CF80006FF02200F4E770B50D46FCF71BFA04467B
:10CF900000284CD090F82A60731E012B4DD8002D2C
:10CFA00048D02846FCF7EEF8002843D02B780BBB7E
:10CFB000012323702B796A79003B18BF0123002AD3
:10CFC00014BF0422022243F004032272AA68A5328D
:10CFD0006260EA68637203232261214604F1300033
:10CFE00084F82A30FBF752FE50BB40F2C1216A2080
:10CFF000FCF73EFA022E20D1002323702B796A79A8
:10D00000003B18BF0123002A18BF042643F0040385
:10D010002672EA686372A532A9686260D4E90632B2
:10D020005B1842EBE172C4E904320423D5E76FF0E8
:10D03000010070BD6FF01500FBE76FF02200F8E70C
:10D040000020F6E7F8B5037904461BB11B219D20AB
:10D05000FCF70EFA4679017126B901234371217953
:10D0600009B96171F8BD276820462671B8470228C2
:10D070000546F4D103212046B84708B12F21E6E741
:10D0800023682946204698470028E8D03021DEE76B
:10D090000346006800B970478842F9D102681A60F7
:10D0A000704701F11003013813F8012D8B4200F88D
:10D0B000012FF9D170472DE9F04713F0010F8EB021
:10D0C00004460D4617469A46DDE9168924D006A87F
:10D0D000FFF7E7FFA30735D002AA04F11005206887
:10D0E000083454F8041C1346AC4203C31A46F6D164
:10D0F00006AD02AC1AF0020F4346CDF8009023D0E3
:10D10000294620460AAAFCF75DFA0AA93846FFF725
:10D11000C8FF0EB0BDE8F08713F0040F0DD106ABC9
:10D120000E4601F1100C1D463068083656F8041CF6
:10D130001A46664503C21346F6D1214602A8FFF7F8
:10D14000B0FFD6E706ADD5E73A4629462046FCF7BC
:10D1500039FADEE713B50024CDE90044FFF7ABFF51
:10D1600002B010BDFCF732BB20BF704720BF704734
:10D170009142F8B503D373219620FCF779F9B2FAFE
:10D1800082F33BB1C3F1200499409A4020FA04F4A1
:10D19000984021434FEA124C93B2040C87B2B1FB82
:10D1A000FCF50CFB151E05FB03F64FEA0E4E0EEBCD
:10D1B0001040864205D9361A964294BF01260226AF
:10D1C000AD1B04EB0141280405FB1211B1FBFCF47B
:10D1D0000CFB1411634307EB0147BB4205D9DB1B72
:10D1E000934294BF01230223E41A2043F8BD70B593
:10D1F000044615461E46FFF7BBFF049B00FB154483
:10D2000030601C6070BD62B1013910B5841810F82F
:10D21000012B11F8013FA04201D09A42F7D0D01A59
:10D2200010BD10467047F0B5C9B20446A3072646A4
:10D230000ED14FF0013522F003034D43E718BC42F5
:10D240000CD1334402F003021A44934209D1F0BDD9
:10D25000002AFCD0013A04F8011BE7E744F8045B1C
:10D26000EDE703F8011BF0E7FFF7DDBF00280CBF77
:10D270006FF01500002070470020704707230370EF
:10D2800000207047002070470020704710F8012BE5
:10D2900011F8013B012A28BF9A42F7D0D01A7047F3
:10D2A000034611F8012B03F8012B002AF9D170472E
:10D2B000034613F8012B002AFBD1181A01387047D6
:10D2C0002DE9F0478C468E46089E154604461946C1
:10D2D000002B40F0D080724547D9B2FA82F74FB1A7
:10D2E000C7F120030EFA07FCBD40BC4020FA03F34F
:10D2F00043EA0C0C4FEA154EA8B2230CBCFBFEF817
:10D300000EFB18CC08FB00F943EA0C43994528D9D9
:10D31000EB1808F1FF3204D2994502D9A8F10202B4
:10D320002B44A3EB0903A4B2B3FBFEFC0EFB1C339E
:10D330000CFB00F044EA0344A04214D92C190CF170
:10D34000FF3304D2A04202D9ACF102032C44241AC8
:10D3500043EA02401EB1FC40002334607360BDE824
:10D36000F0874246DDE76346F1E7002A79D0B2FA5A
:10D3700082F3002B3FD01946C1F1200302FA01F5D8
:10D3800000FA01F42EFA03F20EFA01FE20FA03F37A
:10D39000AFB243EA0E034FEA154EB2FBFEFC0EFBA2
:10D3A0001C201A0C0CFB07F842EA004290455AD99F
:10D3B000AA180CF1FF3004D2904502D9ACF102005A
:10D3C0002A44A2EB08029BB2B2FBFEFC0EFB1C221D
:10D3D0000CFB07F743EA02439F4246D9EB180CF1D6
:10D3E000FF3204D29F4202D9ACF102022B44DB1B74
:10D3F00042EA004202E0AEEB020301224FEA154E80
:10D40000AFB2200CB3FBFEFC0EFB1C330CFB07F889
:10D4100040EA034398452AD9EB180CF1FF3004D2B7
:10D42000984502D9ACF102002B44A3EB0803A4B247
:10D43000B3FBFEFC0EFB1C330CFB07F744EA034472
:10D44000A74216D92C190CF1FF3304D2A74202D9F6
:10D45000ACF102032C44E41B43EA00400F461146A2
:10D4600078E71F2188E76046ABE76246BFE7604682
:10D47000DBE76346EFE7734506D916B90021084696
:10D480006DE7C6E9000EF9E7B3FA83F787B973458C
:10D4900001D3824207D8841A6EEB030301209C4615
:10D4A0001EB900215BE73846FAE7C6E9004CF8E709
:10D4B000C7F1200CBB4000FA07F422FA0CF520FA61
:10D4C0000CF1BA401D432EFA0CF30EFA07FE4FEA98
:10D4D000154941EA0E011FFA85FEB3FBF9F809FB75
:10D4E00018300B0C08FB0EFA43EA00439A4540D96A
:10D4F000EB1808F1FF3004D29A4502D9A8F10200D6
:10D500002B44A3EB0A0389B2B3FBF9F809FB1833E8
:10D5100008FB0EFE41EA03418E452CD9691808F13B
:10D52000FF3304D28E4502D9A8F10203294443EA0D
:10D530000040A1EB0E01A0FB02984145CE464346B8
:10D5400002D306D14C4504D20138B9EB020E68EB88
:10D550000503002EA5D0B4EB0E0261EB030101FA26
:10D560000CFC22FA07F3F9404CEA0303C6E9003148
:10D5700097E74046C5E74346D9E7000000000000B2
:10D580000022F0B585B0114640F6034002AF07F027
:10D590002FFF044600285BD107F0CAFC214641F268
:10D5A00003003A1D07F024FF0446002850D17A6892
:10D5B000294DD16805F17803D1F80100D1F80510A3
:10D5C00003C3104606F0D6F9214641F201003A1D88
:10D5D00007F00EFF044600283AD17868C3685A78ED
:10D5E00085F870205A88A5F872201A7985F871207C
:10D5F000B3F80720A5F87420B3F80530A5F8763005
:10D6000006F0B8F9214641F202003A1D07F0F0FE9B
:10D610000446E8B9D7F804C005F18006DCF80C2010
:10D62000531C4132344618685968083303C4934286
:10D630002646F7D1604606F09DF995F87C305A06EB
:10D6400010D40121054A06481EF03DFC6FF012047B
:10D6500020460C37BD46F0BD98110020D74F03007F
:10D66000B8160300002142F203003A1D07F0C0FE85
:10D6700004460028ECD17A68A74BD168D1F80100A4
:10D68000D1F8051003C3104606F074F9214642F2A2
:10D6900002003A1D07F0ACFE04460028D8D17E688F
:10D6A000F468B4F801309AB292B1E27882B1A5F888
:10D6B000FC30E378032B06D0032202210092974826
:10D6C000974A1DF050FEE2789648114621F083FB00
:10D6D000304606F04FF995F87C6016F0200619D117
:10D6E0004FF0FF304FF0FF3107F046FC04460028B2
:10D6F00000F0BD8102210C3006F06EFA01232146B4
:10D7000003704670324640F66D4007F071FE0446E5
:10D7100000289DD195F89C301B0712D5002142F2BC
:10D720001C003A1D07F064FE0446002890D178687A
:10D73000C368D3F80120D3F80530C5E9382306F0D3
:10D7400019F995F8D8309E0623D53846B91C07F04C
:10D75000F9FE044600287FF47BAF4FF0FF304FF016
:10D76000FF3107F009FC0646002800F08081042103
:10D770000C3006F031FA3B88224603807B88314624
:10D78000438042F2240007F033FE044600287FF471
:10D790005FAF95F8D8305C0610D5002142F22A0020
:10D7A0003A1D07F025FE044600287FF451AF786843
:10D7B000C3685B7885F8103106F0DCF84FF0FF3075
:10D7C0004FF0FF3107F0D8FB0646002800F04F81EC
:10D7D00008210C3006F000FA95F8D84040F20223F8
:10D7E00014F0400F08BF03230246A0074CBF43F0CC
:10D7F0002C0343F00C03A10695F8D91048BF43F061
:10D80000400311F0090F18BF43F4006304F0010452
:10D8100043EA041000211EF071FB0022314642F25F
:10D82000010007F0E5FD044600287FF411AF95F8EC
:10D830007C30B5F8FC1098065CD4C9B941F20500FB
:10D840003A1D07F0D5FD044600287FF401AFB5F876
:10D85000FC307C684BB9E368B3F80120A5F8FC20E4
:10D860009A883048114621F0B6FA204606F082F830
:10D870004FF0FF304FF0FF3107F07EFB04460028E9
:10D8800000F0F58008210C3006F0A6F995F8D830A4
:10D890000246D90738D44FF0005123481EF02EFB22
:10D8A0002146002240F6014007F0A2FD0446002870
:10D8B0007FF4CEAE01463A1D4FF6014007F098FDC9
:10D8C000002837D0194A022114481EF0FCFAEB79DF
:10D8D000002B40F0BC801EF0CFFC044600287FF4F3
:10D8E000B7AE0AF0ADFE044600287FF4B1AE07F0F3
:10D8F000EDFCADE60029BBD101210D4A07481EF021
:10D90000E2FA6FF00404A3E601A1D1E90001C5E742
:10D91000908800020080002070120020B8160300DA
:10D92000FB4F03009812002010880002645003008F
:10D93000415003007B686E46DC688AB0B4F8013061
:10D94000042B96BF574A584952F8231002AAD361B4
:10D950004FF4007355481384554BC2E9050142F852
:10D96000103F4FF4135153481EF0BCFAB4F8012095
:10D97000B546022AB4F8033049D1052B47D84E4AA0
:10D9800052F823106E468AB002AAD3614FF4007396
:10D990004A481384464BC2E9050142F8103F4FF450
:10D9A000135144481EF09EFAB546637994F806C0B8
:10D9B000032B98BF424AB4F80760D4F809006C46BC
:10D9C0008CB094BF52F82310374902AAC2E9073C31
:10D9D0004FF40073DFF8ECE093853B4BC2E905E1BF
:10D9E000C2E909604FF4735142F8103F31481EF00C
:10D9F00079FAA546786805F0BDFF00214FF6024090
:10DA00003A1D07F0F5FC044618B1304A5BE7264999
:10DA1000B8E77868C368B3F80130A5F8C13005F0FD
:10DA2000A9FF95F8C1305A077FF551AF21464FF64F
:10DA300003403A1D07F0DCFC08B1254A43E778684B
:10DA4000C3685B7885F8C03005F094FF3FE72E7817
:10DA5000002E7FF440AF95F8C1309B061FD54FF0E4
:10DA6000FF304FF0FF3107F087FA044610B96FF02E
:10DA70006804EDE506210C3006F0AEF8D5F801306B
:10DA800021460360134B32469B8883804FF6064045
:10DA900007F0AEFC044600283FF41DAFD8E56FF058
:10DAA0008504D5E54C1E03005D4D0300885003003E
:10DAB00004000001B8160300341E0300A150030047
:10DAC000241E0300B950030007000001E6500300C4
:10DAD0000F5103009911002008B5094BD3E8AF3F5F
:10DAE00043B1FAF767F904A1D1E90001BDE80840A4
:10DAF00013F050B908BD00BF389C1C0000000000A6
:10DB0000644F00200000000013B500246FF00903EB
:10DB10004FF4806212491348009416F0A1F912499B
:10DB2000104821F0CFF91149114815F05BFF22464A
:10DB300004211C2005F00CF901220E4BD3E8EF1F45
:10DB4000C3E8E02F0028F9D103A1D1E9000113F0C7
:10DB500021F9204602B010BD389C1C0000000000D6
:10DB6000A87A0020084600204D790300590D0200D4
:10DB7000CC4F0020644F002070B4174E0C46B042CA
:10DB8000154608D00136B0420FD0023EB04210D048
:10DB900070BC1AF011BE0AA3D3E90023C5E9002323
:10DBA0000E4B0020236070BC704707A3D3E900230D
:10DBB000F4E707A3D3E90023F0E700BFAFF3008049
:10DBC00002C0FF7F0000000003C0FF7F00000000D4
:10DBD00001C0FF7F0000000002C0FF7F03004E80F5
:10DBE0000B460221014A02481CF09FBB102603008D
:10DBF000181703000321024A02481CF098BB00BF1B
:10DC00003C260300181703000221024A02481CF0B8
:10DC10008EBB00BF4E2603001817030038B504461C
:10DC20000D46084A032108481CF081FB294620467E
:10DC300004F0D6FB284604F085FC2046BDE83840B9
:10DC40001DF0D1BE602603001817030008B5084672
:10DC500009F036FC014B186008BD00BFA049002048
:10DC600003460221014A02481CF05FBB7C260300E8
:10DC700018170300084621B90321034A03481CF082
:10DC800056BBFFF7EDBF00BF9B260300181703002C
:10DC900070B505460E4B86B001AA03F11006144676
:10DCA00018685968083303C4B3422246F7D11B7879
:10DCB00028462370074A084B01A904F017F80346C9
:10DCC00020B10121054A06481CF02FFB06B070BDAB
:10DCD000B81B0300E01300205C490020AD260300C0
:10DCE0001817030010B5064A064802211CF01FFB56
:10DCF000BDE8104040F21B620023034816F0B0BAA2
:10DD0000E5260300181703004026002003460221E1
:10DD1000014A02481CF009BB0E2703001817030034
:10DD200010B50C461CF01DFB044815F0E1FA24B1B7
:10DD30002046BDE81040FFF7E9BF10BDD018002015
:10DD400008B51C2018F0D6FB38B100230383011D51
:10DD5000BDE8084003481CF0EFBABDE80840FFF7F3
:10DD6000C1BF00BF280C0300F8B50F4616460025BA
:10DD70001CF0F7FAB54209D01C2018F0BBFB044692
:10DD800030B90221164A17481CF0D1FA0120F8BD1B
:10DD9000721B132A8CBF132292B2031D02837919BE
:10DDA000184622F088FD228B03461544ADB2AE42E0
:10DDB0000AD1B91911F8011C0D2905D10A20A118A1
:10DDC000013292B208712283194607481CF0BDFA4D
:10DDD0000028CFD02146054820F0E4FFCAE700BF65
:10DDE0002527030018170300280C0300241900201E
:10DDF00070B503788AB004460E4607AD032B20D8D1
:10DE0000DFE803F002191B1D11492846FFF748FA05
:10DE1000059563781E210493A37830460393E37835
:10DE20000C4A02932379019363790093A3791BF041
:10DE30009BFF0AB070BD0849E7E70849E5E70849D4
:10DE4000E3E70A212846074A1BF08EFFE0E700BF00
:10DE50005027030072270300572703005E270300A3
:10DE6000682703004170030090B589B000AF1EF031
:10DE70002FFB3946FFF7BCFF88B06A46084B4FF4CA
:10DE8000E651CDE905374FF40073ADF81C30054B72
:10DE9000054842F8103F1CF04CFA2437BD4690BDAF
:10DEA000952703000300000118170300B0B588B0E0
:10DEB00000AF0C461EF00CFB3946FFF799FF8AB005
:10DEC0006A46094B0794CDE905374FF40073ADF866
:10DED0002030064B4FF41351054842F8103F1CF018
:10DEE00028FA2037BD46B0BDAB270300040000016F
:10DEF00018170300B0B588B0036800AF394618683A
:10DF00001446FFF775FF8AB0094A0A4BCDE9052789
:10DF10004FF40072ADF820206A4607944FF4135175
:10DF2000054842F8103F1CF004FA2037BD46B0BD4A
:10DF3000CD27030004000001181703002DE9F0416C
:10DF400088B000AF0C4605461EF0C2FA3946FFF70E
:10DF50004FFFE8468AB06A46114B0794CDE9053772
:10DF6000104B114C0893114B4FF443510993104B34
:10DF7000104842F8103F1CF0DCF92368C5469D426A
:10DF80000AD100201CF0ECF9206809F0C3FA002344
:10DF90000948236015F04EFE2037BD46BDE8F081EC
:10DFA000FA2703005D2B0300A049002000020204B1
:10DFB0000500000218170300A44900202DE9F041D4
:10DFC0000D4688B000AF04461EF082FA3946FFF7CE
:10DFD0000FFF1DB3E8468AB06A46314B0795CDE97D
:10DFE0000537304B304D0893304B4FF44351099374
:10DFF0002F4B304842F8103F1CF09BF92B68C54668
:10E000009C4207D1204609F085FA00232A482B605C
:10E0100015F010FE2037BD46BDE8F0816D4688B092
:10E020006A46264B4FF4E651CDE905374FF40073AD
:10E03000ADF81C30224B1F4842F8103F1CF079F914
:10E040000120AD461CF08CF91E4A1F4B114620469C
:10E0500013600DF0A9FD034620B102211B4A1548AB
:10E060001CF063F9022120461EF0ADF9034658B1B9
:10E070000221174A0F481CF058F90B4B1B689C42B1
:10E0800002D12046FFF704FE1DF0E2FC0346002803
:10E09000C0D001210F4A07481CF047F9BAE700BF7A
:10E0A0001D2803005D2B0300A0490020000202048C
:10E0B0000500000218170300A449002040280300AF
:10E0C000030000015849002075DC00004E280300C1
:10E0D0006B28030086280300B0B588B000AF0C465B
:10E0E0001EF0F6F93946FFF783FE8AB06A46094BFF
:10E0F0000794CDE90537084B4FF442510893074B7D
:10E1000007480993074B42F8103F1CF012F92037DB
:10E11000BD46B0BDA32803005D2B0300000202042E
:10E120001817030005000002B0B588B000AF1DF05D
:10E130008FFC044648B10346204A012120481CF0C8
:10E14000F4F820462037BD46B0BD03F077FF02202B
:10E150001C4903F0DFFE044610B11B4A0346ECE7FE
:10E1600039461848FFF744FE6D4688B06A46174B9B
:10E170004FF4E651CDE905374FF40073ADF81C308C
:10E18000134B0F4842F8103F1CF0D3F80121AD4665
:10E19000022003F07DFF044610B10E4A0346CCE78F
:10E1A000012004F0DFF8044610B10B4A0346C4E72F
:10E1B00003210A4A02481CF0BAF8C2E7C928030042
:10E1C00018170300A5540020EA28030012290300B1
:10E1D00003000001282903004D2903006F290300D3
:10E1E00010B50B78052B00F29480DFE803F0038074
:10E1F0002C6172468B68002B00F08B8048680028E9
:10E2000000F08780434A1368DBB1181F00231360B6
:10E21000414A136020F032FF002200233F4814F0EF
:10E22000DBFF002875D0028B011D3D481CF08DF8E6
:10E2300000286ED03B4A0221BDE810403A481CF04D
:10E2400076B80438E6E74A68CB68908A03443748D2
:10E250009BB293820278002A5BD14A68134413F878
:10E26000013C0A2B01D00D2B53D1012303702C4804
:10E27000BDE8104083685B69184700242B4B1C20C5
:10E280001C7018F037F930B10483011DBDE810404F
:10E2900023481CF051B8264A234802211CF047F8B5
:10E2A000BDE8104040F21B620023224815F0D8BFA1
:10E2B0001C2018F01FF9014648B1002303831848B9
:10E2C0001422BDE81040836804311B691847184ABE
:10E2D000B1E74B68191F9B8A23B1BDE8104016486F
:10E2E00020F060BD0846BDE8104020F0C7BE094BD5
:10E2F000186808B948681860074A8B68116819449B
:10E300001160828ABDE81040521A014404481CF092
:10E310001CB810BD54490020504900202419002089
:10E32000280C03007C29030018170300A4540020C4
:10E33000E526030040260020101900202DE9F043B7
:10E34000154689B000AF0E4604461EF0C1F83946A6
:10E35000FFF74EFDF5B96D468AB06A46184B079631
:10E36000CDE905374FF40073ADF82030154B4FF46D
:10E370001351154842F8103F1BF0DBFFAD46134B1D
:10E380001B689C4202D12046FFF782FC2437BD4621
:10E39000BDE8F083E9468CB00D4A0E4BCDE9052768
:10E3A0000D4ACDE9076509920C4A4FF462510A9271
:10E3B0006A46054842F8103F1BF0BBFFCD46DEE73A
:10E3C0009A2903000400000118170300A049002047
:10E3D000B8290300060000025D2B030000020305BC
:10E3E0002DE9F04F91B01BF0BAFF94480AF0F4F811
:10E3F00040B10121924A93481BF099FF002011B0CF
:10E40000BDE8F08F90480AF003F918B18F481CF06E
:10E4100037F9F3E707F0F2FA044630B103468C4AC5
:10E42000012188481BF081FFE8E70321894A8548DC
:10E430001BF07DFF1DF072F8874F384620F04FFC2F
:10E44000064640B90121854A7E481BF070FF6FF0F7
:10E450001203834AE4E71C2018F04CF8054650B339
:10E4600004838049804815F06BFDBB681B682BB3A3
:10E47000224638467D49984703460028E9D1384668
:10E48000291D1BF059FF03460028E2D1784B04AD4B
:10E490000493784B06902946774805931DF00EFBB0
:10E4A000044670B101210346744A66481BF03DFFE3
:10E4B000734A2346B4E76FF00B03CAE76FF05703C4
:10E4C000C7E7704A03215F481BF031FF012328464C
:10E4D0000494C5E901448DF8143003F00BFF6A4839
:10E4E00003F008FD69496A4815F07CFA0321694A7E
:10E4F00054481BF01CFFB346A046BBF1000F08D0E8
:10E5000004F140036B442946634803F8308C1CF047
:10E51000B7F80023614A624814F05EFE07460028FF
:10E52000EED06FF0020A4FF0000B00F10309AAEBE6
:10E53000000A3A8B0AEB0903934203D3384620F0D2
:10E540009DFDDAE719F8011F0D2901D00A2961D1D3
:10E5500004F140036B4403F8308C002CE9D02846CA
:10E56000504903AA22F033FA834600284CD00020F9
:10E570004C4903AA22F02BFA0446002842D0FEF7A9
:10E5800097FE022809D92378282B06D10138235C6D
:10E59000292B02D104F80080013421465846424A12
:10E5A00005F098FE80BB41481CF06AF8384620F020
:10E5B00065FD29463C48FFF71BFC29463C481CF0FA
:10E5C0005FF8FFF7B1FD014600287FF417AF1C226A
:10E5D000284622F096F94FF0FF334FF0FF323048D3
:10E5E00014F0FAFDBDF82840038BC4F114049C42DA
:10E5F000064628BF1C460027002C61D1304620F07B
:10E600003DFDE8E72B4CC8E72B481CF039F8B34632
:10E6100000248EE7A1F120035E2B8AD82E2C88D807
:10E62000631C019304F140030DEB030404F8301C58
:10E6300022481CF025F8019B1C467AE7C0130020F5
:10E64000DF29030018170300B01300200B2A030072
:10E650003D2A03005C2A0300280C0300722A0300F1
:10E66000882A030041DD000040260020E1E100008F
:10E6700069DD000021DD00005C490020A22A0300C2
:10E68000CC2A0300EC2A0300D81300205BA302006D
:10E69000A44900200A2B0300222B03005A62020027
:10E6A000101900205B2B0300A554002005800300F7
:10E6B0005E2B030057270300762B0300B22B0300C9
:10E6C000BDF82800391D043022463144284422F088
:10E6D000F2F8BDF828202744224492B2132AADF85C
:10E6E000282008D802F140036B4413F82D3C0A2B74
:10E6F00001D00D2B19D1104805A903F043FE0346A4
:10E7000020B102210D4A0E481BF00FFE41F25022AB
:10E7100000230C4814F06AFE20B102210A4A08487E
:10E720001BF005FE0023ADF82830348BE41B142CBD
:10E7300028BF142460E700BF5C490020B52B03000C
:10E7400018170300D0180020E52B03002DE9F04135
:10E7500010F0030407464FD121F00306DFF8B4E0C0
:10E76000DFF8B4802D4A8D0800EB060C60451CD103
:10E770006FF0030303FB0515B81900230544A842F5
:10E7800042D124484C405843234B4FEA70405843F1
:10E79000234B604080EA10405843224B80EA5030BF
:10E7A000584380EA1040BDE8F08150F8043B0EFB6E
:10E7B00003F34FEA734308FB03F363404FEAF34369
:10E7C00003EB83039C18D1E71B68043D7B434FEAAE
:10E7D00073430CFB03F363404FEAF34303EB830300
:10E7E0009C18032DA6EB0503EED86FF003028B08EF
:10E7F0005343CD18C01AC0E70D460024054FDFF87B
:10E8000018C0064A4618ECE710F8012B42EA032329
:10E81000B5E700BF512D9ECC9335871B646B54E642
:10E820006BCAEB8535AEB2C22DE9F04104460D4608
:10E830001BF0DDFD804600284BD1294620461BF009
:10E84000A7FD014620461BF0EAFD04EB80010E699E
:10E8500096B90122E36882401343E36002220D610E
:10E860002B46294620461BF088FD032229462046D8
:10E87000BDE8F0411BF081BD0222314620461BF06D
:10E8800071FD03220146074620461BF06BFD8642C0
:10E890000BD00121104A11481CF052FD88F3118859
:10E8A000BFF36F8F0423184602DF3B46022229463E
:10E8B00020461BF062FD03223346294620461BF00A
:10E8C0005CFD39462B4620461BF057FD022231469F
:10E8D000CDE7BDE8F08100BF032C0300A0170300C3
:10E8E0002DE9F041174603220E4604461BF03AFD7F
:10E8F0008642054607F104080AD10122E368BA40BE
:10E9000023EA0203E360002344F82830BDE8F081E5
:10E910000222314620461BF025FD03220146074610
:10E9200020461BF01FFD864206D1022229462046C2
:10E930001BF018FD86420CD001210E4A0E481CF037
:10E94000FFFC002383F31188BFF36F8F0423184665
:10E9500002DF2B4639462046032244F828501BF09C
:10E960000CFD3B4629462046BDE8F04102221BF043
:10E9700004BD00BF032C0300A017030038B501221B
:10E9800005460C461BF0EEFCC30713D4214628466F
:10E990001BF027FD014628461BF01CFD844209D1CF
:10E9A000214628461BF016FD014628461BF019FD9E
:10E9B00084420CD00121064A06481CF0C1FC002309
:10E9C00083F31188BFF36F8F0423184602DF38BD2D
:10E9D000272C0300A01703002DE9F8430E4600AFD3
:10E9E000002900F0A3800468012220461BF00DFDE1
:10E9F0000146054620461BF0B5FC10EA020816D178
:10EA0000E94688B06A464B4BCDE90536032342F808
:10EA1000103F4FF4C2514346474802F071F8CD46CB
:10EA200088F31188BFF36F8F0423184602DF29464D
:10EA300020461BF0D6FC014620461BF0CBFCA8422A
:10EA400017D0E84688B06A463C4BCDE9053603232B
:10EA500042F8103F00234FF4C251374802F050F8FB
:10EA60000023C54683F31188BFF36F8F0423184634
:10EA700002DF294620461BF0ADFC014620461BF074
:10EA8000B0FCA84217D0E84688B06A462C4BCDE9C6
:10EA90000536032342F8103F00234FF4C2512648A5
:10EAA00002F02EF80023C54683F31188BFF36F8F61
:10EAB0000423184602DF0022294620461BF06EFC84
:10EAC00029461BF08EFC01220146064620461BF01B
:10EAD00049FCC2070CD431462046FFF74FFF3146B0
:10EAE00020461BF0EBFC3246294620461BF0A1FCD9
:10EAF000294620461BF06EFC0122014606462046B0
:10EB00001BF030FCC3070DD431462046FFF736FF1B
:10EB1000314620461BF0D2FC2A46314620461BF0E7
:10EB200088FC354629462046FFF77EFEBD46BDE8F7
:10EB3000F88300BFC02C0300A0170300702C030053
:10EB4000992C0300B2F5802FF8B510D2042A28D8EA
:10EB50003F4940F2E3233F4A3F481BF0A7FD3F48AF
:10EB60001BF0A4FD40F2E3213A481BF096FD082378
:10EB7000D21ACC1D114424F0070421F00701091B0F
:10EB800017294FEAD1060ED835494FF43B73314A65
:10EB900031481BF08BFD31481BF088FD4FF43B7171
:10EBA000E2E70423E4E70023046031462046A66040
:10EBB000E3601BF034FC820002F11B05B6F5004F48
:10EBC0004FEAD5050FD26B1C9E420CD2254940F26C
:10EBD0000233204A20481BF069FD20481BF066FDE7
:10EBE00040F20231C0E70021043204F1100021F0AC
:10EBF00088FE2A46204600211BF0E8FB0023204621
:10EC00001A4619461BF0B9FB771B1946204601220C
:10EC10001BF0C4FB3A4629461BF0D8FB2B460022CA
:10EC2000294620461BF0A9FB314620461BF0CEFBAF
:10EC30003B463146204600221BF09FFB31462046D2
:10EC400001221BF0ABFB2946BDE8F840FFF7ECBD05
:10EC50005D2D0300E52C0300232D03007E2D030012
:10EC6000972D0300C02D03002DE9F04F95B000AFA4
:10EC70008A460546C7E9083258B99A4940F299339D
:10EC8000994A9A481BF012FD40F2993196481BF0C0
:10EC900004FD49B903784678807800EB8300284466
:10ECA000564521D8A0EB050ABB6F95F8028003F00A
:10ECB0000103BC6F3B61EB78B8F1000F0CBF00247F
:10ECC00004F00104FB6113B1BB6F9A0715D4A4B91A
:10ECD0007B6A1BB1514628463A6A984756463046E9
:10ECE0005437BD46BDE8F08F441C2046FEF7E0FADD
:10ECF000013020440AF1010AD2E7BB6FC3F3C0031D
:10ED00007B612B78FB609B007B606B68BB60FB6862
:10ED100005EB830B7B6A002B71D15646D844ACB10E
:10ED20001C461BF8013B55F82300FEF7C1FAFB6FA8
:10ED300001303BB1D7F88030A34282BFFB6F23F88C
:10ED400014000134C3450644EBD1D846BB6F4FF0E5
:10ED5000000913F0050F0CBF4FF0020B4FF0010B31
:10ED6000FB699945BBD298F8013008F1020855F8C3
:10ED700023A05F4B9A45C0F080815E4B7A699A452B
:10ED80002CBF002301230AB318F8021CB8687B6269
:10ED90001BF057FC7B6AC8B1EA468AB06A46564BFC
:10EDA0000593BB68CDE906314FF40073ADF8203010
:10EDB000524B42F8103F00234FF41251504801F0DB
:10EDC0009FFED546023E09F10109C9E723B13B691F
:10EDD0002BB9A6EB0B06F6E7BB6F9B07F3D55046A6
:10EDE000FEF766FAFB6F43B1D7F880309C423FBF15
:10EDF000FA6F431C22F8143001340644E3E7002C78
:10EE000065D1B8F1000F68D0BB6F580768D5C1460F
:10EE100007F140004246594621F04DFD0BEB080337
:10EE2000BB610023334AF9698B426BD3BA6F95F803
:10EE300001B03969920704EB0B0348BF0022DBB233
:10EE400058BF4FEA5902002940F0E180B96F11F034
:10EE5000040F14BF494600216B70A970EA70284660
:10EE60003A6A79687B6A9847061EFFF638AFFB68F6
:10EE700049462B70FB693A6AEB7085F801B07B6AF2
:10EE800085F8028007F140009847B0F10009C0F210
:10EE9000F0807B68FA69B86903EB420141443A6A41
:10EEA0007B6AAAEB010198470028C0F2E4804FF08A
:10EEB000000BB14409EB000607F1300AA345C0F08E
:10EEC000A88000213A6A08467B6A984707E74446CB
:10EED0004FF0000907F130009CE74446C1469DE72A
:10EEE000A1469BE7732E0300F32D0300232D03009F
:10EEF000980A0300F48E03008E2E03000400000124
:10EF000010170300B869DFF88CC110F8021B10F865
:10EF1000016CB86155F826006045C0F0B48090429D
:10EF200078692CBF4FF0000B4FF0010B30B1B8687F
:10EF30003B601BF086FB3B68574A60BBBBF1000F90
:10EF40002BD0396959B10F2C36D9544940F243437B
:10EF5000534A54481BF0AAFB40F2434196E6B96F6E
:10EF6000490718D5B9F10F0F09D94F4940F2464367
:10EF70004B4A4C481BF09AFB40F2464186E609F1A9
:10EF8000280007F1280C09F1010100EB0C0909F830
:10EF9000106C5FFA81F9013345E7B86F800715D52A
:10EFA0000F2C09D93D4940F24D433D4A3D481BF0E5
:10EFB0007DFB40F24D4169E6611C04F1280007F138
:10EFC0002804041904F8206CCCB2E4E7B9F10F0F5F
:10EFD00009D935494FF48A63314A32481BF066FB40
:10EFE0004FF48A6152E609F1280C07F1280EF44427
:10EFF00009F101000CF8101C07F1500109F1020998
:10F0000051FA80F05FFA89F900F8106CC3E700212B
:10F0100022E71BF80A3055F8239087F82F30FB6F52
:10F0200023B3D7F880309B4520D2FB6F33F81B8089
:10F0300001213A6A7B6A07F12F00984700281ADB02
:10F040000644B8F1000F06D14846FEF731F900F149
:10F0500001081FFA88F8414648463A6A7B6A984791
:10F06000002808DB06440BF1010B27E74FF00008EE
:10F07000DEE74E4633E6064631E67B69002B3FF479
:10F08000ABAE002380E67869002886D04FF0000BF5
:10F090004DE700BF980A0300F48E0300312F0300F0
:10F0A000F32D0300232D0300502F0300014B1B6899
:10F0B000184700BFEC130020014B1860704700BFD9
:10F0C000EC13002030B5044685B00D461022002117
:10F0D000684621F016FC02238DF80230044B2A46C4
:10F0E0002146684601931AF0CFFE05B030BD00BF3F
:10F0F000ADF0000080B505460E461746984616F05E
:10F1000013FA034603F034FFDFF83C90044649F855
:10F110000030424639463046A8470C4B1B7873B93D
:10F120000B4940F246330B4A0B481BF0BFFA0B4821
:10F130001BF0BCFA40F2463106481BF0AEFA54F818
:10F14000090003F0AFFE00BF080000008A5800204D
:10F15000AC2F0300812F0300232D0300BF2F0300DA
:10F1600038B50D4604462022002121F0CAFB0022BA
:10F17000EB68E361AB68A3612B6823626B68A262F2
:10F1800063622A6923B1591E194208BF42F0010285
:10F1900022610122002104F12C001FF01CFE48B165
:10F1A000054906482F23064A1BF080FA2F21044800
:10F1B0001BF073FA38BD00BFFE6E0300232D030061
:10F1C000E12F03002DE9F04F002789B0CDE901239D
:10F1D000436A04468B428846BA460597079754D33C
:10F1E00000F11406EFF31185402383F31288BFF377
:10F1F0006F8F3046A94616F081FC58B984234D4ADA
:10F200004D494E481BF052FA31464D481BF04EFA1C
:10F21000842163E0304616F095FC079A2AB13946FE
:10F2200020461BF029FB0023079306A920461BF06C
:10F230004AFA06998346414530D32268236A20461C
:10F2400013F8221003EB820A21F0030103F82210C5
:10F25000216842461BF05BFAE3682060984218D0B0
:10F260004FF0000B304616F057FC50B389F311886D
:10F27000BFF36F8F059929B1A2690AB12046904763
:10F2800000230593BBF1000FACD1504609B0BDE897
:10F29000F08F236943F008032361E1E718B12046AA
:10F2A0001BF04FFADEE7DDE90132134339D0039159
:10F2B0001FF002FE0399A0BB9DBB304616F02CFC4C
:10F2C00078B94FF499731B4A1E491C481BF0EEF99C
:10F2D00031461D481BF0EAF94FF4997115481BF0AF
:10F2E000DCF985F31188BFF36F8F04F12C00DDE9A1
:10F2F000012314F07BF88346EFF31189402383F355
:10F300001288BFF36F8F304616F0F8FB00283FF4E9
:10F3100075AFBBFA8BFB304616F014FC4FEA5B1B53
:10F32000A0E7204607AB05AA27681BF029FA834609
:10F3300098E700BF0730030034300300232D03009B
:10F34000493003005F300300763003002DE9F041BF
:10F350000446C36908460E46984704F1140507465B
:10F36000EFF31188402383F31288BFF36F8F284691
:10F3700016F0C4FB68B984231A4A1B491B481BF0CA
:10F3800095F929461A481BF091F9842115481BF07C
:10F3900084F9284616F0D6FB33783A4643F0010349
:10F3A0003370616820461BF0B2F9606020461BF0A4
:10F3B0007EFA284616F0B0FB68B94FF49973094AF3
:10F3C0000C490A481BF072F929460B481BF06EF9EC
:10F3D0004FF49971DAE788F31188BFF36F8FBDE8B6
:10F3E000F08100BF0730030034300300232D0300F9
:10F3F000493003005F300300763003002DE9F04709
:10F400000446002700F11406EFF31188402383F32C
:10F410001288BFF36F8F304616F070FB054668B94F
:10F420008423394A39493A481BF040F93146394872
:10F430001BF03CF9842134481BF02FF9304616F0BC
:10F4400081FB2369A168180702D463688B4200D24C
:10F45000636A5B1A002B41D0206A10F8213000EB60
:10F46000810913F003023CD0022A04D150F8212074
:10F470005FEA920A05D1DA0720D44846E369984743
:10F480008246A168524620461BF041F95146A060D1
:10F4900020461BF04AF92F46304616F03DFB10BBC4
:10F4A0004FF49973184A1C4919481BF0FFF831466C
:10F4B0001A481BF0FBF84FF49971BCE743F00203C4
:10F4C00000F82130E3694846A56898472946024676
:10F4D00020461BF01CF90025A060DDE71D46A9466B
:10F4E000DAE71546FBE788F31188BFF36F8F002D2D
:10F4F0008AD137B1B9F1000F03D104F12C0013F018
:10F50000F7FE4846BDE8F0870730030034300300BB
:10F51000232D0300493003005F30030076300300E1
:10F520002DE9F0410446C36908460D46984704F1A9
:10F5300014060746EFF31188402383F31288BFF3C4
:10F540006F8F304616F0DAFA68B98423274A2849C3
:10F5500028481BF0ABF8314627481BF0A7F8842158
:10F5600022481BF09AF8304616F0ECFA2B7823F07C
:10F5700001032B7023699B0705D5E268236A03EB1F
:10F5800082039D4222D12B7823F002032B70D4E911
:10F590000231994204D13A4620461BF0B8F8A060E7
:10F5A000394620461BF0C1F8304616F0B5FA90B93E
:10F5B0004FF499730D4A11490E481BF077F8314604
:10F5C0000F481BF073F84FF49971C9E72B6867F384
:10F5D0009F032B60E8E788F31188BFF36F8F04F176
:10F5E0002C00BDE8F04113F083BE00BF07300300DC
:10F5F00034300300232D0300493003005F30030043
:10F600007630030070B5044600F11405EFF311865F
:10F61000402383F31288BFF36F8F284616F06EFAEB
:10F6200068B984231A4A1B491B481BF03FF8294636
:10F630001A481BF03BF8842115481BF02EF8284689
:10F6400016F080FA2369A0681B0702D4636883421E
:10F6500013D2646A241A284616F05EFA78B94FF479
:10F6600099730B4A0E490C481BF020F829460D48A7
:10F670001BF01CF84FF49971DEE71C1AEBE786F3D8
:10F680001188BFF36F8F201E18BF012070BD00BF0F
:10F690000730030034300300232D030049300300FA
:10F6A0005F300300763003002DE9F84F0546AB8B41
:10F6B00008461907904616D501280CBF43F01003E1
:10F6C00043F02003AB831435284616F025FA0028B2
:10F6D00040F0B181AE494FF49973AE4AAE481AF08A
:10F6E000E5FF29469DE0022803F0070140F07D81F7
:10F6F00028461BF05AF9052800F2FA8001A353F8B6
:10F7000020F000BFC7F60000EBF90000F1F80000A0
:10F7100095F700002FF800008FF8000002F00702B4
:10F72000531F012B1AD80023062A2E68A4B2C5E95C
:10F73000003309D1334603E0EA8B0132EA831B68C8
:10F74000002BF9D144F002042846AC831BF02DF9BC
:10F75000002800F05A8144F0200455E1042A0DD11C
:10F76000A4B22846AC831BF020F90646002800F01E
:10F770004C8144F020040026AC8346E1874940F2E6
:10F780001B13874A84481AF091FF40F21B118448EA
:10F790001AF083FF49B183494FF4AB73804A7E4826
:10F7A0001AF084FF4FF4AB71F1E72B684BB97E4937
:10F7B00040F257137A4A78481AF078FF40F257110E
:10F7C000E5E72B691F684FB978494FF4AD73744A68
:10F7D00071481AF06BFF4FF4AD71D8E70E468A46B8
:10F7E0004FF00609AC8B24F0070444F00604A4B2E1
:10F7F000AC83AB68002B00F00F814FF0010B44F09D
:10F800000804AC8305F11404204616F085F900289D
:10F8100078D15F494FF499735E4A5F481AF046FF0A
:10F82000214663481AF042FF4FF499718EE0022995
:10F8300009D0604940F25D13594A57481AF036FF23
:10F8400040F25D11A3E7EE8B4EB15B494FF4AF730D
:10F85000534A51481AF02AFF4FF4AF7197E72B69CA
:10F860005F684FB9514940F261134D4A4A481AF056
:10F870001DFF40F261118AE7AC8BB24624F0070409
:10F8800044F00404A4B24FF00409AC83B1E70129A9
:10F8900009D04A494FF4B273414A3F481AF006FF73
:10F8A0004FF4B27173E72B684BB93F4940F26513CF
:10F8B0003B4A39481AF0FAFE40F2651167E72B69B6
:10F8C0009F684FB939494FF4B473354A32481AF03A
:10F8D000EDFE4FF4B4715AE70026AC8BB24624F02B
:10F8E000070444F00504A4B24FF00509AC8380E797
:10F8F0002A4940F26B132A4A27481AF0D7FE40F2F1
:10F900006B1144E788F31188BFF36F8FBBF1000FD1
:10F910001ED1002E33D117B128462949B847EFF33D
:10F920001188402383F31288BFF36F8F204616F0AF
:10F93000E5F800284AD18423164A224916481AF0CD
:10F94000B5FE214620481AF0B1FE842111481FE778
:10F95000A9680029DDD0D1F800800029D9D053460C
:10F960004A462846D1F804B0D847B8F1000F04D071
:10F97000D8F8003041469846EFE74346FAE731466B
:10F9800053464A46284636681BF03BF8C1E700BF9D
:10F990005F30030007300300232D0300CC7D0300FC
:10F9A00096300300BB300300C7300300EA30030089
:10F9B00076300300013103001731030026310300C4
:10F9C00045FA00003430030049300300204616F0A9
:10F9D000B9F8AC8B24F00804A4B2AC83E20621D5BC
:10F9E00024F01003AB8304F00701D5F818A0AA8B0C
:10F9F000BAF1000F22F00704BFF690AE00232E6884
:10FA0000C5E9003344F00104AC8304F007098945DB
:10FA10004FF000077FF4EDAE0EB9002FDED04FF0AF
:10FA2000000BECE6A3067FF54EAE24F02003AB837B
:10FA300004F007015CE688F31188BFF36F8FBDE81F
:10FA4000F88F00BFF8B504460D4600F11406EFF339
:10FA50001187402383F31288BFF36F8F304616F06F
:10FA60004DF868B984230C4A0C490D481AF01EFE63
:10FA700031460C481AF01AFE842107481AF00DFE90
:10FA8000304616F05FF8A5613A462046BDE8F840DA
:10FA90000121FFF709BE00BF073003003430030027
:10FAA000232D0300493003002DE9F04704460E469C
:10FAB0001AF097FF051E66DB04F11409EFF3118AB3
:10FAC000402383F31288BFF36F8F484616F016F871
:10FAD000804660B98423374A374938481AF0E6FD32
:10FAE000494637481AF0E2FD8421324843E048464F
:10FAF00016F028F84FF6FF72E38BA78B934207F0BE
:10FB0000070743D0062F2CD8DFE807F01F43092B47
:10FB10001F041F006FF085054FF0000802E002256A
:10FB20000133E383484615F0F7FF002834D14FF442
:10FB30009973204A234921481AF0B8FD49462248C2
:10FB40001AF0B4FD4FF49971CFE700233360636876
:10FB500023B9C4E9006687B13D46DDE71E606660F3
:10FB6000F9E71A4915484FF4E473194A1AF09EFD53
:10FB70004FF4E47116481AF090FD524602212046D7
:10FB8000FFF792FD3D462846BDE8F0876FF00A0575
:10FB9000C2E76FF00405BFE78AF31188BFF36F8FE8
:10FBA000B8F1000FEFD000233A46314620461AF054
:10FBB00028FFE8E70730030034300300232D03005B
:10FBC000493003005F300300763003002631030024
:10FBD0009630030008B54268034602F00302032A88
:10FBE00081600AD06AB9084908484523084A1AF0D2
:10FBF0005DFD452106481AF050FD006800225A605C
:10FC000008BD0020FAE700BFCC7D0300232D0300D0
:10FC10003C310300002200232DE9F04F00279FB064
:10FC2000CDE9082300F12803039305464FF0FF3286
:10FC30004FF0FF3328301AF06CFFB8463E460DF106
:10FC4000480A0DF1580BEB69B3420DD8EB694345F7
:10FC500055D1002F53D16FF0850403981BF089F81C
:10FC600020461FB0BDE8F08F6A6CA9695000884239
:10FC700094BF3346731EA1EB42022846CDE900BA79
:10FC8000CDE908231AF01DFF04460028E5D19DF8B0
:10FC9000593085F82430199B03F47023B3F5803F65
:10FCA0002BD25246594628461AF095FF28B3199B85
:10FCB00008F1010803F47F42B2F5844F0BD1DBB2A7
:10FCC000012B07D00121AA4AAA481AF017FF6FF0AA
:10FCD0007A04C2E70746284608A91AF0E7FEDDE9DC
:10FCE00008232846CDE900BA1AF09BFF041EB4DBB6
:10FCF0009DF8593085F82430A8D00136A3E7B342E7
:10FD000048D16B6C089A0EAED21A099B2846009611
:10FD100063F100031AF0C0FE044600289DD130466E
:10FD200095F824101AF0F7FE18B9284608A91AF019
:10FD3000BDFEDDE9086712AB0DF1580801933246AC
:10FD40003B462846CDF800801AF0BBFE044600284A
:10FD500083D1199B03F47023B3F5803F3AD2404618
:10FD60001AF0EAFEB0B3199B03F47F42B2F5844F58
:10FD700002D1DBB2012BA5D105F124030093324659
:10FD80003B4628461AF0ECFE811C044636D100237F
:10FD900085F8243000266B6C089A5B00B2EB0309EF
:10FDA000099BB04663F1000B5F46CDE9089BCDF897
:10FDB00010B00DF1680ACDF814B0049B4E4573EBFA
:10FDC0000B011ED3DDE90823C5E90487C5E9022339
:10FDD0000AAE4EE02B6A13F0010309D100933246BC
:10FDE0003B4628461BF018F804460028C4D034E7E8
:10FDF0000121614A5F481AF081FE2CE70028C9D032
:10FE00002BE74A465B462846CDF800A01AF044FE90
:10FE1000044600287FF421AF504695F824101AF0CC
:10FE20007AFE70B1BDF86A102646082907D9286CF9
:10FE30001AF095FF1C99059F08440619B046CDE9B4
:10FE4000089B696CB9EB010189466BF1000BB4E7C3
:10FE5000D5E904879F4208BF904504D1BDF82A1018
:10FE6000002940F0A880696C521A63F10003C5E9CB
:10FE70000223424573EB070710D3284600961AF079
:10FE80000BFE044600287FF4E8AE304695F82410B7
:10FE90001AF041FED5E902230028D9D16A6CAB697A
:10FEA0005200E9689B1A61F10001CDE9083128464A
:10FEB00008A91AF0FBFD12AB019316AB009328467C
:10FEC000DDE908231AF0ADFE041EFFF6C6AE012CD4
:10FED00010D000246B6CAA69A96803EB4303D21A03
:10FEE000A44208BF91427FF4B8AE28461BF00EF83A
:10FEF0000446B2E60021D5E902636A6C07919DF8D9
:10FF00005910961985F8241043F100081AAFA96911
:10FF1000CDE90868A1EB42018E4231D30321174A93
:10FF200014481AF0EBFD07AB00932846D5E90223ED
:10FF30001AF031FE044610B1A31C7FF48EAE079B6D
:10FF400028460093D5E902231AF066FF04460028EC
:10FF50007FF483AE6A6CAB6902EB42029B1AEA68DB
:10FF60001B18C5E90402AB6028461BF058F846E0B0
:10FF700062310300481703007F310300AB310300F7
:10FF800032464346284600971AF086FD044600286C
:10FF90007FF463AE38469DF869101AF0BCFD28B1B5
:10FFA000BDF86A3013B91B9B013307D06A6C9619F0
:10FFB00048F10008ABE76FF01C044EE6124A03213B
:10FFC00012481AF09BFDEB68284608A9CDE90843C2
:10FFD0001AF06CFDDDE9086707AB009332463B463B
:10FFE00028461AF0D8FD044610B1A21C7FF435AEA5
:10FFF000079B3246009328463B461AF00DFF044605
:020000040001F9
:1000000000283FF466AF28E6D2310300481703000A
:100010002DE9F04782B00C46054602AF48B93F4A89
:1000200001213F481AF06AFD6FF01500BD46BDE89A
:10003000F08728301EF09AFEE86B8368DB689847EB
:100040000246286408B9374AEAE710211AF087FE09
:1000500068641368013B1F2B01D9334AE0E7AA69A2
:1000600000EB80039A4205D20121304A2C481BF054
:1000700070F9D9E7EB69012B01D82D4AD0E7284662
:10008000FFF7C8FD002838D1012385F82530D5E9D0
:100090000623032100922248264A1BF064F9D5E981
:1000A0000232E9468AB002AE00244FF0060AB0469A
:1000B0002149C6E90624C6E90834716148F810AF41
:1000C0004FF4435123464246154800F019FDD5E947
:1000D0000432CD468AB01949C6E90743C6E905127C
:1000E0007462C6F810A00E48234642464FF44351AE
:1000F00000F006FD2046CD4698E7002C96D0022160
:1001000003460F4A06481BF024F928461AF0DDFE84
:100110002846FFF77FFD0028B6D087E7E7310300C8
:1001200048170300F2310300143203003132030098
:100130005D3203009E320300B5320300CB32030070
:10014000E03203002DE9F04F894617461E4604466B
:1001500085B038B901214C4A4C481AF0CFFC6FF0F9
:10016000150509E090F8253053B90121484A474860
:100170001AF0C4FC6FF00C05284605B0BDE8F08FFE
:100180003146006C1AF0EBFD636CA26903EB83014E
:10019000521A96428246E2D8B6F5803FDFD20EB1BF
:1001A000002FDCD0BAF1000F03D0082E94BF9A467E
:1001B0009A4404F128084FF0FF324FF0FF334046D5
:1001C0001AF0A7FC4FF0000BE3695B4558D0D4E967
:1001D0000221002A3DD0D4E904531AEB050043F173
:1001E00000038242994134D3636C9A4200D186BBAA
:1001F00010220021684620F084FB94F82430082E59
:10020000CDF80490ADF802608DF8013018D9029550
:1002100068461AF075FC082E06D932463946204643
:100220001AF0E3FE054638B9694620461AF0DBFDB0
:10023000002814BF0546354640461AF09AFD9BE754
:10024000731E072BE4D83246394602A820F033FB50
:10025000DEE720461AF073FE054630B103460D4A2C
:1002600001210A481BF075F8E6E720461AF0D7FE90
:10027000054610B1084A0346F2E70BF1010BA3E76C
:100280006FF01B05D8E700BFE731030048170300F4
:10029000073303001B330300453303002DE9F04F00
:1002A00015461E46002200238BB088460446CDE941
:1002B000042348B930480121304A1AF01FFC6FF07E
:1002C00015000BB0BDE8F08F90F825303BB92A48F7
:1002D00001212B4A1AF012FC6FF00C00F1E74FF0ED
:1002E0000009D0E9022304AF0DF1180BCDE902B7E4
:1002F000D4E90201CDE9000141462046CDE90423BD
:100300001AF0CDFC0028DCDB11D039462046DDF8A0
:1003100014A009F101091AF094FC0028D1D1DDE9FB
:10032000042314994945E1D2079A424502D06FF05F
:100330000100C6E7BDF81A70002FF8D0082F0AD8C0
:100340003DB1BE423246284628BF3A4608A920F0B1
:10035000B2FA3846B5E7002DFBD0089A534602445E
:10036000B74294BF01970196204600951AF084FB8E
:100370000028EED0A5E700BF48170300E7310300CF
:100380000733030008B558B90749084840F2351348
:10039000074A1AF08BF940F2351105481AF07DF939
:1003A0004368587908BD00BFAD330300232D030017
:1003B0007533030010B548B908490948A023094A14
:1003C0001AF074F9A02107481AF067F903681B694D
:1003D00013B1BDE810401847184610BDAD330300F7
:1003E000232D0300753303002DE9F8430446064628
:1003F0000127DFF8408094FAA4F5B5FA85F507FAED
:1004000005F308EB05156FEA030924EA03042B7BC7
:100410005BB12846FFF7CEFF38B96B680422284647
:10042000196806EA09061AF01BFF002CE3D13046D2
:10043000BDE8F883C817030010B5002288B00E4944
:100440000E481EF00FFE002200230024CDE90623F3
:100450000E234FF40062CDE90334CDE90144084B8B
:1004600008490094084814F005F9084906481EF0A8
:1004700029FD204608B010BD71050100003700209D
:10048000BD0801009058002070260020C4330300EE
:100490002DE9F047DFF8B8902E4C8046A9EB040315
:1004A0008F2B0F460BD92C4940F253132B4A2C4863
:1004B0001AF0FCF840F2531128481AF0EEF82948D7
:1004C0001AF0C0FE064660B300252846BDE8F08756
:1004D000237B8BB12368DB680BB1204698476368A8
:1004E000204683F806A0FFF765FFB0B963680422D1
:1004F000204619681AF0B4FE013610344C4514D960
:10050000194940F25F13154A15481AF0CFF81748F9
:100510001AF0CCF840F25F11CEE70AFA06F31D4359
:10052000EAE705464FF0010AE8E7D1D3B8F1000F3A
:10053000CBD0002DC8D02846FFF756FF0546002F28
:10054000F7D0002140F2391014F060FFF1E700BF4E
:10055000D8170300C8170300F9330300CC33030096
:10056000232D0300C8490020293403004A34030026
:10057000014812F0BDBE00BFC0180020014B53F867
:10058000200070477C1C030008B5034608462BB1C9
:10059000044A136000F024FD002008BD6FF0150030
:1005A000FBE700BFF013002010B5044C237813B90B
:1005B000034812F09DFE0123237010BDAC540020AF
:1005C000C018002010B5044609481AF03BFE3CB1A3
:1005D000084BD3E8EF1F0139C3E8E21F002AF8D126
:1005E000054815F07BFEBDE81040044812F080BEBF
:1005F000C0490020C449002000370020C018002056
:100600000022044BD3E8EF0FC3E8E12F0029F9D112
:10061000704700BFC049002070B5FFF7F1FF0546E5
:10062000104C114EB4421AD9104940F21623104A08
:1006300010481AF03BF810481AF038F840F216212A
:100640000B481AF02AF82046FFF79CFE28B12368D1
:100650005B6813B12946204698471034E2E7F2D38D
:1006600070BD00BFC8170300D8170300293403006A
:10067000CC330300232D03004A34030010B5044C8F
:1006800004492046FEF76CFD034B1C6010BD00BF03
:1006900068170020681C0300B44900200023154A95
:1006A00010B51370144A15491360154A15481360A4
:1006B000FFF76AFFFFF7E2FF134B144918468B421E
:1006C00015D9134940F22B13124A134819F0EEFFC3
:1006D000124819F0EBFF40F22B110E4819F0DDFF24
:1006E0001A1A5C681211013222711033E7E7F7D34E
:1006F00010BD00BFAD540020C049002040420F0093
:10070000C449002041B20200C8170300D8170300F3
:1007100029340300CC330300232D03004A340300A3
:100720000146002200230148FEF74CBD6817002057
:100730000148FEF763BE00BF68170020024B014668
:100740001868FEF7EDBE00BFB44900200148FEF76F
:1007500059BF00BF68170020F8B5314B1B78002B3C
:100760005BD0FFF7E5FF0446002846D12D4B2E4D08
:100770001B68002B19DD1EF02DFC4FF47A76A0FBD0
:10078000060747F61222002306FB0171F9F7FCF871
:10079000D5E90032C01A40F2E93361EB0201984218
:1007A00071F1000101D3FFF737FFD5E9003213F5EE
:1007B0007A7342F10002C5E9003274B3BDE8F84033
:1007C000FFF7C4BF2846FFF7DDFD20B12B682146A7
:1007D00028461B6898471035B54211D9134940F295
:1007E0000A23134A134819F061FF134819F05EFFFA
:1007F00040F20A210E4819F050FF104D104EEBE761
:10080000E0D32046FFF79AFF0E4BD3E8EF1F0139E4
:10081000C3E8E21F002AA9D0F7E70020F8BD00BF17
:10082000AC540020C0490020F836002029340300D1
:10083000CC330300232D03004A340300C817030000
:10084000D8170300C449002070B5154D297831BB75
:100850000120FFF71DFE134C134EB44218D9134963
:1008600040F2CF13124A134819F020FF124819F032
:100870001DFF40F2CF110E4819F00FFF2046FFF781
:1008800081FD18B1236820469B6898471034E4E73F
:10089000F4D3FFF761FF0028FBD101232B7070BD5B
:1008A000AD540020C8170300D817030029340300F3
:1008B000CC330300232D03004A3403002DE9F84311
:1008C000374F384BFB1A1B090AD137494FF46F7366
:1008D000364A374819F0EAFE4FF46F71334819E091
:1008E00000210846FFF7D4FD0446A8B140F21B687A
:1008F0004FF000092F4B1B789BB92F4940F246332C
:100900002E4A2B4819F0D2FE2D4819F0CFFE40F2A6
:1009100046312A4819F0C1FE4FF0FF384FF0FF3939
:10092000E8E702F025FB274B274A1B58136033B139
:10093000264B1B68092B02DD254812F0D9FC002547
:1009400044B12046FFF750FD044618B94FF0FF3878
:100950004FF0FF39FFF700FF064628B935B91C48AC
:1009600042464B4612F042FD3546E9E70D4D08E0A0
:10097000F5D22B689B691BB1002228461146984787
:100980001035BD42F4D913494FF46C73074A084837
:1009900019F08CFE104819F089FE4FF46C719DE738
:1009A000D8170300C817030069340300CC330300D1
:1009B000232D03008A580020AC2F0300812F030051
:1009C000BF2F030008000000BC490020C4490020DC
:1009D000C0180020293403004A34030013B52C4802
:1009E0001AF030FC2B4B1B78002B35D0EFF3118421
:1009F000402383F31288BFF36F8F274815F07EF8EA
:100A000068B98423254A2649264819F04FFE224911
:100A1000254819F04BFE8421204819F03EFE1E485F
:100A200015F090F8FFF798FE1B4815F075F868B9B7
:100A30004FF49973194A1D491A4819F037FE16499F
:100A40001B4819F033FE4FF49971E5E784F31188E0
:100A5000BFF36F8F02B010BD164B1B68002BF9D08F
:100A600050B9002200231448CDE9002347F6122292
:100A7000002315F0C5FBEDE70928EBD10E4815F072
:100A80002DFC0E4802B0BDE8104012F031BC00BF92
:100A9000C4490020AD540020B849002007300300AD
:100AA00034300300232D0300493003005F3003007E
:100AB00076300300BC49002000370020C018002019
:100AC00010B5064B04461B6898472146A0600448B1
:100AD000FEF73CFCBDE81040FFF780BFF01300209C
:100AE00068170020044A054B9B1AB1EBD30F34BFA3
:100AF00052F831000020704778160300C817030031
:100B00002DE9F04F8FB0C1F34A2604AF0D46904651
:100B1000B8607B600C0D002E66D04FF000090A23F0
:100B20004FF0040B07F1140AFE60C7E90799C7F8F4
:100B300024900093CDF808B0CDF804A007F11C0371
:100B40004A464046F968FEF78FF8B0F5006F034655
:100B50001CD36C468AB0D8F8041004AB2B481A4654
:100B6000C3E9050140F2FF71D9614FF400711984A6
:100B7000274B42F8103F4FF412514B462548FFF7E0
:100B8000BFFFA5462C37BD46BDE8F08FC0F30A066F
:100B900004F11700184420F0070080083B60FFF7BD
:100BA000BFFD66F35325044630B33B6800F11001E6
:100BB000C7E908390A23F961CDE901AB0093404642
:100BC000154AF96807F11C03FEF74EF8002813DAFE
:100BD0001249134840F24913124A19F067FD40F2D6
:100BE0004911104819F059FD04F1170020F00700D1
:100BF0008008FFF795FD044666F353252A462046F4
:100C00007B68B9681AF04CFBBCE700BF9234030064
:100C1000040000015017030073B20200FD3403000A
:100C2000232D0300D1340300406820B1034BC01AC8
:100C300040F3CF0070474FF0FF3070477816030045
:100C40000EB403B503AB53F8042B014604480193DB
:100C500002F046FC02B05DF804EB03B0704700BF41
:100C6000810C0100CA0605D48B064CBF024903491A
:100C7000FFF7E6BF704700BF05800300063503009D
:100C800038B54B6805461A68CB680C469A4202D1C3
:100C900008461AF082FB6368D3E8EF2F511CC3E8C3
:100CA000E01F0028F8D1A3689D5463681A68E368C0
:100CB0009A4209D9054906487223064A19F0F6FCFA
:100CC0007221044819F0E9FC002038BD38350300D2
:100CD000232D0300093503002DE9F04F89B0994613
:100CE0009DF85080159B044606930D46DDE916A33A
:100CF000189F05920493B8F1000F00F0A180B8F19D
:100D0000040F0BD988494FF41573884A884819F0A5
:100D1000CDFC4FF41571854819F0BFFC07F48073C2
:100D200007931AF09BFA07F0020B0246002856D0F0
:100D300020468049FFF784FF0646BBF1000F08D02C
:100D400017F0440F4DD12A4620467B49FFF778FF24
:100D5000064407F0010353B1784B204653F828208E
:100D6000774B7849002A08BF1A46FFF769FF07F456
:100D70008073002B07F0080318BF4FF00009002B09
:100D80005BD0714B204653F828207049FFF758FF7D
:100D90000546059B2BB11A4620466D49FFF750FFCB
:100DA0000544B9F1000F05D04A4620466949FFF7CE
:100DB00047FF054468483544069B002B47D0224630
:100DC000664919F00DFC002841DA654940F2B1236B
:100DD000564A574819F06AFC40F2B1219BE7064693
:100DE000ABE7604B18680028B2D05F4B4FF47A7BBA
:100DF0001B684FF03C0CB5FBF3F5B5FBF0F14FF47D
:100E0000616300FB11550BFB05F5B1FBF3F2B5FB7C
:100E1000F0FE03FB121100FB1E55B1FBFCF30BFBB4
:100E200005F5B5FBF0F50CFB131120460091CDE95B
:100E300001E54E49FFF704FF8AE707F00805A8E738
:100E4000B9F1010F45460CBF43484948B4E7049B3C
:100E5000002B54D0DDF810903946B9F1100F204620
:100E600028BF4FF010090026FFF7FCFEB54218DC42
:100E70000026334620461AF803203E49FFF7E0FEDD
:100E80000136102E13D0710703D120463A49FFF7DF
:100E9000D7FE4E453346EDD320463849FFF7D0FE06
:100EA000EEE720463449FFF7CBFE0136DEE70026A9
:100EB00020463349FFF7C4FE33461AF80320204684
:100EC000A2F120035F2B28BF2E222E49FFF7B8FE88
:100ED0000136102E0DD0720703D120462649FFF7A8
:100EE000AFFE4E453346E8D320462349FFF7A8FE20
:100EF000EEE7049BCA44B3EB09030493AAD1B8F10B
:100F0000000F0AD0FB0704D520460D4A0D49FFF714
:100F100097FE39462046FFF7A5FE204609B0BDE8FA
:100F2000F04F1AF03ABA00BF6D35030009350300DF
:100F3000232D0300783503007C3503008C1C03004F
:100F400068350300582B0300A01C0300A1350300E3
:100F5000A7350300AB350300810C0100E13401002B
:100F6000B0350300D0490020CC490020853503006E
:100F7000B5B30200B9350300C1350300BF35030026
:100F8000C3350300B22B030042F20F7373B58B42DB
:100F900028BF0B4605680446052168460D4A18F02F
:100FA000E3FE0646636828460B225B680A491AF08E
:100FB000E6F963683246694628465B681AF0DFF94D
:100FC00063681B2228465B6804491AF0D8F902B00E
:100FD00070BD00BFCA270300A28C0300868C0300EB
:100FE00000210123064A904206D8064A01B901238E
:100FF0001360054B18607047012140085B00F2E761
:1010000040420F00CC490020D04900200122014B72
:101010001A707047AE540020014B002019607047D1
:10102000E84900200148FFF7AFBF00BFD01C030014
:1010300010B5064B0C461868FFF7A0FA2146BDE82C
:10104000104003460F220248184700BFE84900201D
:10105000D01C03000122F8B5084B094D094E1A7047
:10106000D5E900470CB92C60F8BD214630463A4618
:1010700000F01EF8241A0644F4E700BFAF54002025
:10108000DC490020B054002010B9074B187070479D
:10109000064B1B781BB141F288301DF01CBE9D2011
:1010A000002114F0B3B900BFAE540020AF540020AB
:1010B0002DE9F04780460F460425DFF87C901F4E4F
:1010C00099F80040ACB91DF0F9FD3A468246414618
:1010D000204611F067F9044650461DF0F7FDECB1CB
:1010E0000123337099F800307BB93C462046BDE8B7
:1010F000F0873A464146002011F054F90446EEE7E5
:1011000028466C1EFFF7C0FF2546002011F094F919
:101110000028EAD03378002BF2D1E6E7337833B1F8
:10112000013D2846FFF7B0FF3378002BC8D1337854
:10113000002BDAD0DAE700BFAF540020AE54002015
:10114000014B036000207047E01C030070B5104B9A
:101150000D461C68B4B10F4B196800238B4202DBAB
:101160006FF0010070BD224612F8106B864202D06B
:1011700014460133F2E7E0681DF0B1FD28B100200C
:101180002C60EFE76FF00C00ECE76FF01200E9E77E
:10119000F4130020E01C030010B5436888B00293EC
:1011A00083680C46CDE9033200230A68C068CDE9A4
:1011B0000623054901AA05931DF03EF8079808B9D2
:1011C000059B236008B010BD3FB402002DE9F0413B
:1011D0000C4B05461C680E4617467CB100F098F98A
:1011E00063682046D3F8108032463B462946C04704
:1011F000044600F097F92046BDE8F0816FF0010445
:10120000F9E700BFEC49002000230360044B5A6853
:1012100012B9C3E90000704710605860704700BF02
:10122000F0490020014B1860704700BFEC490020D6
:10123000002330B585B0CDE902330546019000F0BA
:1012400067F9094B1C6844B9284600F0EBF80446DE
:1012500000F068F9204605B030BD636820461B6881
:1012600001A998472468EEE7F04900201FB5CDE9B1
:101270000101039200F04CF9074B1C6824B900F0FF
:1012800051F9204604B010BD636820461B6801A9CF
:1012900098472468F2E700BFF04900200022024B83
:1012A000C3E90022704700BFF04900200022024B32
:1012B000C3E90022FFF7F2BFF84900202DE9F74308
:1012C00007460C4609B100230B600026254DDFF8C8
:1012D00098904D4524D925499D23254A254819F044
:1012E000E5F9254819F0E2F99D21214819F0D5F9D1
:1012F000D5F800803846414601AA1AF016F950B1D7
:1013000016B954B92E4606E00022404631681AF05C
:101310000CF90028F5D11835DBE7019B2360F1E7D4
:10132000E6D3164B1D68C5B155F8188C38464146B2
:1013300001AA183D1AF0F9F850B116B954B92E4661
:1013400006E00022404631681AF0EFF80028F5D197
:10135000AD69E8E7019B2360F1E7304603B0BDE8E3
:10136000F08300BFD817030068180300233603007A
:10137000F1350300232D03004A340300F84900200F
:101380002DE9F04784B002AFD7F8289004460D4607
:10139000164698467860B9F1000F07D0D9F80010CA
:1013A00031BBD9F804A0BAF1000F28D12046391D6D
:1013B000FFF784FF08B3D0F80C9043463246294625
:1013C0007868C847C8B16D468AB002AA124BD0618E
:1013D000C2E905344FF400731384104B42F8103FF8
:1013E00000234FF411510E48FFF78AFBAD4604E08D
:1013F0003A1D1AF09AF80028D3D1002007E0D9F856
:10140000083032460093294643467868D04708376B
:10141000BD46BDE8F08700BF4B3603000400000165
:10142000A81703002DE9F04780464FF0004700263B
:10143000DFF8C090DFF8C0A03D46304C4C452FD9B6
:101440002F494FF489732F4A2F4819F02FF92F484D
:1014500019F02CF94FF489712A4819F01EF92F461A
:10146000EAE7B8F1000F03D122694AB91834E5E779
:101470000022414620681AF058F80028F4D1F5E718
:101480006368BB4206DDAF4202D0AB42A8BF2B4629
:101490001D46EBE7EAD19047002E08BF0646E5E778
:1014A000DFD3DAF80040FCB1183CB8F1000F03D1EB
:1014B00022694AB9A469F6E70022414620681AF079
:1014C00034F80028F4D1F5E76368BB4206DDAF428B
:1014D00002D0AB42A8BF2B461D46EBE7EAD19047AE
:1014E000002E08BF0646E5E7AF42B8D13046BDE85A
:1014F000F08700BF68180300F8490020D8170300E0
:1015000023360300F1350300232D03004A34030082
:101510004FF0FF324FF0FF33014811F0E5BB00BF41
:10152000AC180020014811F0A7BC00BFAC18002087
:1015300038B5094DFFF7ECFF2B785BB9FFF7B6FE26
:1015400000F032F9044608B901232B70FFF7EAFFD7
:10155000204638BD0024F9E7C05400202DE9F04FA3
:1015600000F108069BB00746894608234FF000416A
:10157000304607AA19F03CFE002827DB089D0DB96C
:10158000284623E025F0010A492307AA51463046A0
:1015900019F02EFE0AF1804B59460446304619F0E8
:1015A00034FE082380462946304605AA19F020FE5D
:1015B00000280BDB002C069D02DDB8F1000F08DCD3
:1015C000514638461AF049F80028D8D01BB0BDE87B
:1015D000F08F04F168030DEB03040023414604F887
:1015E0004C3C054ACDF8009003AB07A8CDE9036B4E
:1015F000FFF7C6FEE8E700BF9BB502002DE9F04FFC
:101600009BB004468846CDE90123002900F0BC8048
:101610004A2140461FF0A7F9019B814693B3029BE4
:10162000B3FA83F56D094FF0000B49464046FDF7CC
:101630008DF84FF0FF36DA4620F0404020F01F00D2
:1016400040F00043009304F10803039394F85C30E6
:101650005B4519DA53454AD3009F760006F01E0613
:1016600037436DB90125DDE9012304F10806304651
:1016700007F18041FEF766FD002842DB002D50D1C6
:1016800000203EE00125CEE7009B039803EB4B07CB
:101690003946492307AA19F0ABFD831C06D1B6F1E0
:1016A000FF3F08BF5E460BF1010BCFE7002828DBA8
:1016B00049280BD9364937484FF4DF73364A18F0BA
:1016C000F5FF4FF4DF71344818F0E7FF002200F116
:1016D00068036B44484503F84C2C05D14A46404604
:1016E00007A91FF01DF9A8B10AF1010ADBE7BAF159
:1016F0000F0F09D929480121294A19F021FE6FF05D
:101700001B001BB0BDE8F08F009B84F85CA043EA8F
:101710004A07A6E7002DA6D03946204619F09DFFBE
:10172000EFE700230693636D002B22DA636D47F029
:101730000105059329460823304605AAFEF702FD58
:101740000028DEDBA36D30460593616D082305AAF2
:101750000695FEF7F7FC0028D3DB636D4246C4E92B
:10176000155339464B463046FEF7ECFC00EAE07074
:10177000C7E70A4802210B4A19F0E2FD204619F09A
:1017800012FF0028D2D0BCE76FF01500B9E700BF08
:10179000A6360300232D030070360300A8170300AC
:1017A000BA360300DA3603007FB501236946032009
:1017B0000193FFF7CBFC044668BB032002AA01A9F2
:1017C00019F05FFE044610B110F10C0F23D1009BFD
:1017D00003999A68134DB2FBF1F2C5E908125A68F1
:1017E000DB68AA602B656B64C3B105F1080019F0D2
:1017F000F8FC044678B985F85C00284619F0D3FE59
:10180000044640B9084E28466E60FFF7FDFC2846A6
:101810006E60FFF707FD204604B070BD6FF0120444
:10182000F9E700BF38370020881D030008B50448D9
:1018300018F026FF034818F023FF002008BD00BF62
:101840000E3703004337030010B50024094B86B060
:1018500009480393CDE9044412F0E8FA03AB00937E
:101860004FF4A3620A230549034812F0F9FA20460F
:1018700006B010BD7037030098370020906000203C
:1018800008B50121024A034819F0C7FF002008BD2E
:101890007E370300B016030038B5C51C25F00305DC
:1018A000782D09D9164917487023174A18F0FEFEFB
:1018B0007021154818F0F1FE144CD4F8503123B1C2
:1018C000D4F85831EA18782A15D97C2101201DF066
:1018D000DCFB58B100230360D4F854313BB9C4E9B0
:1018E0005400002304331844C4F8585138BD18601C
:1018F000C4F85401F5E71546D4F85401F2E700BFE7
:10190000C0370300232D030095370300004A002051
:101910000848D0E8EF3F43F00203C0E8E23F002A66
:10192000F7D1436AA0F59C701B680BB1416818475A
:10193000704700BF384B0020022808B502D8034B7F
:10194000185C08BDFFF79CFF0020FAE7AE8C03008F
:101950002DE9F041184C0546D4F834310E46222BBF
:1019600008D9164A0121164819F057FF00273846B2
:10197000BDE8F08103681878FFF7DEFF8046304449
:10198000FFF78AFF08B90F4AECE7D4F83431304446
:101990005A1CC4F834212A8A04EBC307033304EB2E
:1019A000C30422816B8A6060A372424629681C3797
:1019B0001EF081FFDBE700BF004A00200A38030069
:1019C000B01603002638030070B5054638B90B4A37
:1019D00001210B4819F021FF0024204670BD00783A
:1019E000FFF7AAFF0646FFF757FF044608B9054A66
:1019F000EEE7324629461EF05EFFEEE7433803006D
:101A0000B01603005738030010B5A0F12C03D3E83B
:101A1000AF3FDB0706D4BDE8104002210C4A0D4859
:101A200019F0FBBEA0F5B274A0F5AE7120680AF003
:101A300013F9034658B101210648074A19F089FCF9
:101A40002046BDE810406FF00B0119F00ABF10BD31
:101A50006C380300B0160300823803002DE9F3410F
:101A60007E4C0D462368834208D001217C4A7D4884
:101A700019F0D3FE6FF00D0120465EE0137C032BBE
:101A800000F0B2800ED8022B1CD177494FF4F973C5
:101A9000764A774818F00AFE764818F007FE4FF4A9
:101AA000F9713EE0052BF0D1002977D1D4F834311B
:101AB000012B64D9238C04F5B271013323820323F3
:101AC000237667E031B9204619F0E1FE002002B02C
:101AD000BDE8F081CF6828460821FFF739FF4FF0B5
:101AE00000084FF42053064601A928688DF80480A9
:101AF000ADF806301AF008F9B0B142F601036946B4
:101B000028688DF80080ADF802301AF0FDF858B161
:101B1000594940F24B13554A554818F0C7FD40F259
:101B20004B11524818F0B9FD56B9544A01214D489D
:101B300019F073FE6FF00B01484819F092FEC5E7EB
:101B4000304619F0B8FE054648B94D4940F25F13DA
:101B5000464A474818F0AAFD40F25F11E1E73B68AA
:101B600003607B6843600068FFF72EFF286008B9B8
:101B7000444ADBE7AB88E382B2889A4202D1FFF79E
:101B8000C7FEA3E70023A36005232376B3883E495D
:101B9000013323823D481DF07FF997E7002642F686
:101BA0000303286801A98DF80460ADF806301AF027
:101BB000ABF850B908212846FFF7CAFE044619F0D1
:101BC0009AFE23680360012081E731462846FFF72B
:101BD000BFFE0028F7D12B8A01212D4A214819F098
:101BE000B8FB6FF00B0147E70029C8D000238DF840
:101BF000043042F60303286801A9ADF806301AF054
:101C000083F848B123494FF4DE73184A184818F096
:101C10004DFD4FF4DE7184E72046298A19F0DFFD7F
:101C200010B96FF0020127E7EE6819F064FE05466F
:101C300048B919494FF4E4730C4A0D4818F036FDC1
:101C40004FF4E4716DE733680360736843600068C4
:101C5000FFF7BAFE28600028B5D1C2E7004A00208D
:101C6000A3380300B0160300CC7D030095370300B2
:101C7000232D03003A3B0300C5380300DE3903007F
:101C8000073A0300263A0300644B002098370020EF
:101C9000543A0300923A03001D3B030070B5054619
:101CA0000E4600242146284619F03DFE0446A0B108
:101CB00019F021FE58B90A490A484FF40F730A4A2D
:101CC00018F0F4FC4FF40F71074818F0E6FC0168B7
:101CD00030461AF019F80028E4D1204670BD00BF44
:101CE000263B0300232D030095370300F8B5064675
:101CF0000D4619B1097811F0FD0F4CD1002A4AD0D8
:101D0000284CD4E8EF1F41F00100C4E8E70F002F92
:101D1000F7D111F0010141D1A4F59C74002DC4E963
:101D2000006314BF01230023C4E9541184F8603117
:101D3000C4F85C21C4F83411C4F858110AD02878CA
:101D4000FFF7FAFD2946024604F59E701EF0B3FD2A
:101D500004F59E75144BA560E3604FF6FF730125F3
:101D6000E3820023114912482376258211F03AFEBE
:101D70003046104909F070FF044650B10E4A034640
:101D800029460E4819F0E5FA6FF00101054819F0EF
:101D90005DFD2046F8BD6FF01504FAE76FF077049B
:101DA000F7E700BF384B00205D1A0100091A010057
:101DB000644B0020084A0020503B0300B01603008B
:101DC0001FB5094A01AB1068516803C39068074A00
:101DD000044601AB03CBC2F83E40C2F83600C2F85D
:101DE0003A1004B010BD00BF701803007C4B0020F7
:101DF0001822054BA3F8422028225A644FF4C872D7
:101E0000A3F84820704700BF7C4B00202DE9F04F1D
:101E10002B4E8BB096F82930044688460392002B4F
:101E200048D000273D464B7896F830B096F828A069
:101E30000193574505D384F83C50BBF1000F11D1F5
:101E400036E04FF00009D8F80430039A02931D4B96
:101E50009B5C0093019B99450ED3BBF1000F2CD0E6
:101E600084F83C50AA4525D163780133637001237F
:101E700084F83430A3701DE0029B009A03EB090143
:101E800005A819F06EFF0028E7D0316905A819F000
:101E90003BFF10B1009B9944DCE7316904EB8502FC
:101EA00001359163EDB2BBF1000F06D184F83C50CF
:101EB000002DD9D10BB0BDE8F08F01371836B8E747
:101EC0007C4B0020B18C0300F8B505460E46174642
:101ED000074B1C6854B154F8043C043C1B681BB10C
:101EE0003A463146284698476468F3E7F8BD00BF94
:101EF000744B002050B100234360054B021D59680C
:101F000011B9C3E9002270470A605A60704700BFE8
:101F1000744B002070B505460C4692B0002978D06D
:101F20004FF0FF324FF0FF333B4810F0DDFE052D40
:101F30006CD8DFE805F0686803406868374DEB7AD5
:101F4000002B60D1206807AE6860A379A288AB72CD
:101F50002A812378032B28D8DFE803F002212325E8
:101F60002F493046FBF79CF9059663781E210493B0
:101F7000A3782C4A0393E3780AA802932379019368
:101F800063790093A37917F0EFFEEB7A0133EB72DC
:101F90000024214810F070FF204612B070BD224985
:101FA000DFE72249DDE72249DBE70A213046214A03
:101FB00017F0DAFED8E7194B93F828201ABB2278DD
:101FC000012A0AD0022A0FD002BB206858611A4A9F
:101FD0001A61012283F82820DAE703F1140294E859
:101FE000030082E80300F2E703F1140204F1100693
:101FF000154620686168083403C5B4422A46F7D103
:1020000021782970E3E76FF00B04C2E76FF0150445
:10201000BFE76FF01504BFE7981800207C4B002045
:102020005027030072270300572703005E27030091
:102030006827030041700300904B002008B54FF063
:10204000FF324FF0FF33094810F04EFE0022084BDC
:102050001A709A70DA7283F8282083F82C2083F89B
:102060002E200248BDE8084010F006BF9818002056
:102070007C4B00200022054B5A70DA701A7383F8EB
:10208000292083F82D2083F82F2070477C4B0020D7
:1020900008B5830625D0FFF7EDFF10F0020F18BF3B
:1020A0000122114B18BF1A73C20744BF01225A7094
:1020B000C20644BF0122DA70420744BF012283F8FE
:1020C0002920020744BF012283F82D20820648BF41
:1020D00001224FF0000048BF83F82F2083F8301012
:1020E00008BD6FF01500FBE77C4B0020F0B51C4FDE
:1020F000054697F834300E4687B073B3037963B35F
:102100000023019319F0A4FC164B02AC0FCB84E81A
:102110000F00214601AB304607F1420206F00CF9F0
:10212000114B08351C6848B1BCB154F8043C043C60
:102130009B680BB1284698476468F5E7019E4CB14F
:1021400054F8043C043CDB6813B1314628469847F8
:102150006468F4E7019805F0DDF907B0F0BD00BF51
:102160007C4B00207C180300744B00202DE9F04FBD
:102170005A4C97B006460D465422002101A81EF085
:10218000C0FB94F830308DF80730237B13B1012366
:102190008DF8043094F8293023B19DF804300133D0
:1021A0008DF804303389D6F8008003F001071B074F
:1021B0008DF808705DD537B9B94694F883B0DFF86B
:1021C00020A1D94548D38DF80870237BCBB10027D7
:1021D00094F80B80D6F80090424C474511D2214626
:1021E000072248461EF09CFBA2460734002860D117
:1021F0000123CDF834A08DF805308DF830308DF8FE
:1022000006302B68AA6828469C1A374901AAAF886D
:1022100002F0C2F9AB68AF8013FA84F32B60334B42
:102220003468CDE904359DF807309DF808500396D1
:10223000002B40D09DF805209DF804309A423ED1F5
:1022400006A903A82A46FFF73FFE214601A8FFF78B
:102250004DFF17B0BDE8F08F5046072241461EF0F3
:102260005FFB0AF1070A10B109F10109A9E701278B
:10227000A9E7002FA9D094F88230D8F80010C3EB5A
:10228000C3034A33E150E218B8F80430938098F859
:102290000630937194F88230013303F0070384F819
:1022A000823094F88330072B9CBF013384F883304D
:1022B0008BE7013791E79DF80630002BC0D10C4B1E
:1022C0001C68002CC5D054F8043C043C5B6813B176
:1022D000294603A898476468F3E700BF7C4B0020B9
:1022E000C64B0020804B00201FBA0200BE4B0020CE
:1022F000744B002038B50546174C184804F01AFCFA
:102300003422002120461EF0FCFAEDB12B7984F82E
:1023100034302A688AB11368C4F836305368C4F878
:102320003A309368C4F83E30AA684AB11368C4F8DA
:10233000423053680A4A536038BDFFF741FDF3E766
:10234000BDE83840FFF754BDFFF73AFDFFF750FDF9
:1023500084F83450F0E700BF7C4B002008140020C4
:10236000BE4B0020034608B1012805D104480021D6
:1023700000F8363F04F086BB6FF01500704700BFD1
:102380007C4B002070B503680BB3051DD5E8EF3F0B
:1023900043F00404C5E8E64F002EF7D113F0040320
:1023A00018D10E4C016384620489C38584858286BA
:1023B00000F1280100680AF07BF938B1D5E8EF3F59
:1023C00023F00403C5E8E23F002AF7D170BD6FF0A7
:1023D0007F00FBE76FF07700F8E700BF55BA020017
:1023E0002DE9F04196B00C46054619F09AFA19F01D
:1023F00062FA4B4B076811AA03F1100C16461868D5
:102400005968083303C663453246F7D11B7838460E
:10241000337011A919F078FC064628B16FF08506D3
:10242000304616B0BDE8F0814FF0FF33A360A381C2
:102430003C4B02AA03F11008174618685968083384
:1024400003C743453A46F7D11B7828463B7002A99B
:10245000FFF724FC074638B9334A0121334818F006
:102460006FFF6FF01506DBE72E4B07AA944618683E
:1024700059680833ACE8030043456246F6D11B783F
:10248000394628468CF8003007AA19F09AFA08B99C
:10249000274AE2E783883946638100238DF80430B8
:1024A00042F60213284601AAADF8063019F089FA5F
:1024B00008B9204AD1E783880CAAA3811E4B03F1F7
:1024C0001008174618685968083303C743453A4649
:1024D000F7D11B7828463B700CA9FFF7DFFB0746B6
:1024E00008B9164AB9E7144B11AA944618685968F6
:1024F0000833ACE8030043456246F6D11B78394601
:1025000028468CF8003011AA19F05BFA08B90C4A79
:10251000A3E783882846238119F001FA20607FE72A
:10252000C91B0300DA1B0300833B03009017030061
:10253000A23B0300D53B0300EB1B0300FB3B030066
:102540001A3C030070B5051DD5E8EF3F43F00202C9
:10255000C5E8E12F0029F7D19B0727D40126154BA9
:1025600086830361438903838389438300F12003C6
:10257000D3E8EF1F3143C3E8E21F002AF8D100F18E
:10258000100100680AF066F9044668B10A4A034679
:1025900031460A4818F0DDFED5E8EF3F23F002038C
:1025A000C5E8E23F002AF7D1204670BD6FF07704FE
:1025B000FAE700BF81BA02004D3C03009017030008
:1025C00008B50348034A0021121A19F094FA08BD0D
:1025D000801A00208C580020074808B5074A08498F
:1025E000121A19F08AFABDE808400648064A074957
:1025F000121A19F082BA00BF20110020801A0020A0
:10260000FC8E03001811002020110020F48E03001E
:102610002DE9F04706460C4600AF002936D0D1E937
:102620000012E9468AB06D46A3684FF0050AE846F5
:102630001F48CDE90723CDE9050148F810AF002375
:1026400042464FF421511B48FEF75AFAD4E90312CF
:10265000CD466369AD461848C5E90723C5E90501BC
:10266000C5F810A0002342464FF421511148FEF74F
:1026700047FACD46E3690121104A0E4818F069FE79
:10268000A36901210E4A0B4818F063FE012E07D101
:10269000EFF305830B4A31460648103B18F059FE0C
:1026A000214630460FF028FFBD46BDE8F08700BF49
:1026B0006D3C0300981703009C3C0300CB3C0300D7
:1026C000DA3C0300083D030030BFFFF7FDBF00BF49
:1026D0002DE9F04105460B4EDFF82C80324606EB23
:1026E0000807CC1B204609491EF0E5F8A019424610
:1026F0000021083C1EF005F9AC6707F10800BDE8B1
:10270000F08100BF0000000008000000681803000E
:1027100010B5244C2449254819F0FCF9A36A990105
:102720003ED52248224919F0F5F91E20A36ADA01A4
:1027300004D51E481F4919F0EDF91F20194CA36A52
:10274000DB0204D519481C4919F0E4F90220A36AF8
:102750001C0304D51548194919F0DCF92120114C46
:10276000A36A590304D51148154919F0D3F9222059
:10277000A36A9A0304D50D48124919F0CBF9232016
:10278000084CA36ADB0304D508480F4919F0C2F9C5
:102790002420A36A6FEA03436FEA1343A36210BDC8
:1027A0001D20C3E700ED00E01B3D03009817030068
:1027B000333D0300463D0300603D03008A3D0300B6
:1027C000A83D0300CD3D0300E73D030070B506467C
:1027D0000D46334C3349344819F09CF9A36AD906A5
:1027E0004DD53148314919F095F91120A36A1A07DE
:1027F00004D52D482E4919F08DF91220284CA36AD2
:102800009B0712D52B49284819F084F9636BA26AFB
:10281000110609D50121284A234818F09AFD1EB156
:10282000A36A23F08003A36213201D4CA36ADA0776
:1028300004D51D48214919F06DF91420A36A9B069F
:1028400004D519481E4919F065F91520144B9A6AE8
:10285000D60602D49A6A940713D59B6AD90610D576
:10286000184940F22D13184A184817F01FFF18484E
:1028700017F01CFF40F22D11134817F00EFF102027
:10288000B4E7074B9A6A920642BF5A6A22F4005292
:102890005A629A6A42F0FF029A6200232B7070BD5E
:1028A00000ED00E0123E030098170300283E0300ED
:1028B0005B3E03006E3E0300863E03009C3E030029
:1028C000BB3E03001C3F0300EA3E0300232D030030
:1028D000663F030070B506460D46284C2849294836
:1028E00019F018F9A36AD9043CD52648264919F0ED
:1028F00011F91720A36A1A0504D52248234919F0B3
:1029000009F918201D4CA36A9B0512D51D482049C2
:1029100019F000F9A36BA26A100409D501211D4A20
:10292000184818F016FD1EB1A36A23F40043A362F1
:102930001920124CA36A590504D51248164919F0FA
:10294000E9F81A20A36ADA050ED50E48134919F0E2
:10295000E1F81B20094A936A43F47F439362002302
:102960002B7070BD1620C5E7A36A9B04F2D50548FD
:102970000B4919F0CFF81C20ECE700BF00ED00E098
:10298000CA3F030098170300E03F03005B3E0300CB
:10299000F13F03000A4003001F4003003A400300D8
:1029A000BB3E0300F0B58BB07A4B04465868002557
:1029B00000AFC0F3080385F31188BFF36F8F02F0F7
:1029C0007F46B6F17F4F07D102F00C06082E12D1D8
:1029D0007149724819F09EF8714940F21B43714ADF
:1029E000714817F063FE714817F060FE40F21B411A
:1029F0006C4817F052FE16074CBF0C460125002C00
:102A0000EAD00022FA71DA1E092A00F2A280DFE879
:102A100002F005989B7BA0A0A0A0A09E64495F48FF
:102A200019F078F800235B4EFB71F36A9A0705D51D
:102A300060495A4819F06EF800232DE0F36A002B24
:102A400001DA5D49F5E7F36A5B006DD55B495348F0
:102A500019F060F87369A26943F480737361BFF37E
:102A60004F8FBFF36F8F32F8023C726922F480728D
:102A70007261BFF34F8FBFF36F8F03F47F42B2F5E4
:102A80005F4F2AD1DBB2022B27D1236801214C4AA8
:102A9000424818F05EFC2368FA79DAB907F10806B3
:102AA00004F1200C324620686168083403C2644592
:102AB0001646F7D17A6A002D68D0C2F3080121B911
:102AC0006FEA52226FEA42227A62184607F1080141
:102AD000FFF79EFD2C37BD46F0BD2E4B9A6AD2B251
:102AE0002AB10120F91DFFF771FE0346D4E79A6A67
:102AF00012F47F4F04D00120F91DFFF7EBFEF4E73D
:102B00009B6AB3F5803F02D3FFF702FEEDE72D4944
:102B100040F2ED23234A244817F0C8FD2A4817F055
:102B2000C5FD40F2ED2163E726494FF43C731D4A91
:102B30001D4817F0BBFD254817F0B8FD4FF43C7158
:102B400056E70020F91DCEE70020F91DD5E7204902
:102B50006FE7204A6E4610F4F87F8AB01E4918BF0E
:102B600011466A46103B07934FF400731B48ADF8BB
:102B700020301B4BCDE9050142F8103F00234FF4F4
:102B800011510648FDF7BCFFB54655E76FF3080243
:102B90009AE700BF00ED00E08040030098170300B3
:102BA000AB400300EA3E0300232D0300BE400300B8
:102BB000FC40030013410300344103004241030081
:102BC00061410300CC7D03007D410300A14103006E
:102BD000D14103006740030052400300F541030068
:102BE00004000001064B5A6942F010025A615A690A
:102BF00042F480625A615A6922F008025A617047B1
:102C000000ED00E0EFF30880EFF3098101B57246B3
:102C1000FFF7C8FE01BD00BF002080F31488BFF39A
:102C20006F8F002080F30A8880F30B880F4880F3B1
:102C300008880EF0E1FA00200D490860BFF34F8FBD
:102C400000F02CF8402080F311880A484FF400610E
:102C5000401880F30988EFF314800221084380F3C1
:102C60001488BFF36F8F00F0B7F80000E8950020DC
:102C700094ED00E0A87E0020002318460649D1F814
:102C80009020C2F30722934200DB7047C1F89830CE
:102C9000C1F8A0000133F6E700ED00E010B572B610
:102CA000002484F31388FFF7E7FF23464FF0FF303B
:102CB0000C4A03F120010133102B42F82100F8D116
:102CC00000234FF0FF30074A03F160010133102B5E
:102CD00042F82100F8D162B6BFF34F8FBFF36F8F78
:102CE00010BD00BF00E100E01EF0040F0CBFEFF3C9
:102CF0000880EFF30980816911F8021C0229FFD0D6
:102D000001B5724618F0FBFE01BD00BF00B20028FD
:102D100007DB01234109034A00F01F00834042F80A
:102D20002130704700E100E000B200280CDB0122F6
:102D30000649430900F01F008240203341F8232058
:102D4000BFF34F8FBFF36F8F704700BF00E100E00C
:102D500038B5D30704460D4612D48B1C072B10D967
:102D60006B23114A1149124817F0A0FC294611485B
:102D70000623224617F09AFC6B210B4817F08DFCB6
:102D8000002320B20028ACBF00F160400A4A4FEA9D
:102D90004313DBB2ABBF00F5614000F00F0080F8D9
:102DA0000033135438BD00BF084203003F42030004
:102DB000232D03005A42030014ED00E0044B054AA2
:102DC00023F07F039360BFF34F8FBFF36F8F704784
:102DD0000000000000ED00E008B5FFF7EFFF074A34
:102DE000D2F8883023F47003C2F88830FFF7E8FB8C
:102DF000FFF7F2FB00F09CF80FF0DAFC00ED00E0CA
:102E000042F8203C009B0B4942F81C3C019B21F0FE
:102E1000010142F8183C029B42F8081C42F8143C9D
:102E20004FF0807342F8043C0023203A0265C367E8
:102E3000704700BFF5F0000000B50D4B15469860D7
:102E4000826F0C4B0E461A60836E83F30B882C4600
:102E500086F309880020044B984720460021002271
:102E60000023024C2047000033BB0200F5F00000B5
:102E70001C500020004C00201022014B1A617047AA
:102E800000ED00E0054B5A699B689A421FBF044A57
:102E9000536843F080535360704700BF1C500020BC
:102EA00000ED00E0084B9B6883420BD1EFF30583F4
:102EB00043B1064B5A6842F080525A605A6A22F473
:102EC00000425A6212F036BB1C50002000ED00E0B8
:102ED00014498A684FF030001044EFF3098C80E801
:102EE000F01F402080F31288BFF36F8F0E4F4FF01A
:102EF00000664A698A603E60906F0C4C2060D06F1B
:102F00000023D36780F3118802F1300090E8F01FAE
:102F10008CF3098802F1000004B518F003FEBDE847
:102F2000044070471C50002004ED00E0004C0020DD
:102F3000002340210448C2180133B3F5917F82F881
:102F40000013F8D1704700BF00E100E008B5EFF3CF
:102F50000583064A103B02EBC30152F8330049686F
:102F60008847BDE80840FFF78DBF00BF7C0C030019
:102F70000148006870470000004C00201FB5012187
:102F8000094B0A4A0A4800F00FF90023064A039346
:102F9000084B0121019301A8D31A029300F028F9EC
:102FA00005B05DF804FB00BF00FC07200000002016
:102FB000A41D0300801A00200A7A0B6810B562F382
:102FC00004031C46CB68520923F01F0343EA420363
:102FD000044A43F00103C2F89800C2F89C40C2F8CA
:102FE000A03010BD00ED00E010B50A4BD3F89030D2
:102FF000C3F30723013B984208D901210346064A3F
:10300000064818F0A6F96FF0150010BDFFF7D4FFC1
:10301000FBE700BF00ED00E09E42030068170300DD
:103020002DE9F04F8946144606464FF000084F4DF3
:1030300085B0C84527DAD6F804A0BAF1000F44D00D
:10304000BAF11F0F17D91AF01F0F14D1D6F800B01C
:103050001BF01F0F0FD1584618F08EFD07460AEBE4
:103060000B00013818F088FD874210D06FF015076B
:103070003F4A3B4601E043463E4A01213E4818F0A4
:1030800068F96FF01504204605B0BDE8F08F17F120
:10309000160FEDD0BC42EBDDC5F89870D5F89C104A
:1030A000C5F89870D5F8A03021F01F0143F01F0B30
:1030B000D6E900321A44994202F1FF3A1AD1D345B7
:1030C00007D13146F8B218F060FD08F101080C365E
:1030D000AFE73146C5F89870D5F89C30E0B263F39D
:1030E0000402C5F89C2018F050FD10F1160FC8D04E
:1030F000441CEAE7C5F89870D5F8A020013B23F0FE
:103100001F0302F01F021343D3453146E0B2C5F856
:10311000A030E8D018F039FD10F1160FB1D0C5F885
:103120009870D5F89C209DF808300BF1FF3B62F3B6
:1031300004038DF80830D5F8A0309DF808205B080E
:1031400063F347128DF80820D6E900321344009348
:1031500023F01F035B44A3EB0A03013023F01F039A
:103160006946C0B20393FFF73FFFBEE700ED00E002
:10317000EA420300C4420300681703000522044B1F
:10318000C3F89420BFF34F8FBFF36F8F704700BF1A
:1031900000ED00E0BFF35F8F0022024BC3F89420E4
:1031A000704700BF00ED00E038B50C4D0C462A78A2
:1031B000FFF736FF287016300FD140F28913084A06
:1031C0000849094817F072FA2146084817F06EFAC4
:1031D00040F28911024817F060FA38BDC15400204E
:1031E0000D430300CC7D0300232D03003C4303006B
:1031F0002DE9F74F314D894606464FF00008AB46A2
:103200002F4FC84502DB03B0BDE8F08FD6F804A00D
:10321000BAF1000F4CD031680846019118F0ACFCAF
:10322000019904460AEB0100013818F0A5FC84421C
:103230004FF01402234B15D002FB08F36FF0150278
:103240004BF8032040F299131F4A2049204817F0F9
:103250002DFA49461F4817F029FA40F299111A48E9
:1032600017F01BFA14F1160F2C60EBD01978A1425D
:10327000E8DD02FB08B0C7F89840C7F89840D7F8D7
:103280009C4000F10801007B64F304000871D7F84A
:10329000A0000C79400860F347140C71D7F89C101B
:1032A00021F01F016960D7F8A01021F01F012961EA
:1032B00008F1010814350C36A3E700BF044C0020C8
:1032C00000ED00E0C15400200D430300CC7D03005D
:1032D000232D0300684303002DE9F0416B4D6C4E34
:1032E000D5F890303468C3F307239C4286B013D9D5
:1032F00040F20223674A6849684817F0D7F9D5F8C1
:10330000902021466648C2F3072217F0CFF940F219
:103310000221604817F0C1F90020FFF73BFF614B25
:10332000C5F8C03084421BD15F4D01A82C70FDF759
:1033300007FF002607464FF061085C4CB74216D1E4
:1033400000202B785149D1F89020C2F307229342F4
:10335000C0F295800020FFF711FF06B0BDE8F081B4
:10336000716801EB0011FFF727FE0130DAE7019ADF
:10337000300102EB0613D3F80CC00CEA0401B1F1E2
:10338000807F57D00AD8B1F5001F29D0B1F5800F42
:1033900043D0B1F5801F14D00136CFE7B1F1006FF3
:1033A00048D0B1F1805FF7D159689B681258013B52
:1033B00021F01F000344CDE9021223F01F03012274
:1033C0000BE0596812589B68CDE902122122013B9B
:1033D00021F01F00034423F01F038DF8102036E076
:1033E000596812589B68CDE902124122013B21F035
:1033F0001F00034423F01F031CF0010F8DF8102061
:10340000059325D02A498423224A244817F04EF9EF
:10341000284817F04BF984217BE759689B681258BC
:10342000013B21F01F000344CDE9021223F01F03EA
:103430000222D2E7596812589B6821F01F00013B15
:10344000CDE90212034423F01F038DF81080059389
:10345000287802A9FFF7C8FD00280CDA0E4940F2CF
:1034600035230C4A0D4817F021F9134817F01EF9BF
:1034700040F235214DE72B7801332B708CE7C1F8F2
:103480009830C1F8A00001335DE700BF00ED00E017
:10349000B01D03000D430300CC7D0300232D03006A
:1034A00097430300AAFF4400C15400200000F0FF2E
:1034B000CB430300F14303002044030008B5054952
:1034C00005481B23054A17F0F1F81B21034817F0A4
:1034D000E4F800BFCC7D0300232D03005944030012
:1034E000F0B587B007460E46144600211022684604
:1034F0001D461DF006FA02238DF80230054B2A46C0
:1035000021466846CDE90476019316F0BDFC07B06C
:10351000F0BD00BFBDBB020008B5024816F004FCB8
:10352000FEE700BF8744030008B5024B1B689847BD
:10353000002008BD184C0020034B044A1860937803
:1035400043F0020393707047184C002014140020BD
:1035500008B50549054A21F007010548521AFBF74D
:10356000F1FA002008BD00BF63B1002000FC072075
:103570001C4C002070B541690446867A0A4D59B149
:10358000437ADB0706D42C2303FB06535B6A1B68D4
:103590009B689847002363612C20214600FB06505E
:1035A000BDE870401BF009BC4C1900202C22024BD6
:1035B00002FB0030704700BF4C1900202C21827A9A
:1035C000054B01FB02339A6A1B7F801A1B3323F0E1
:1035D0000303B0FBF3F070474C19002038B52C24DE
:1035E000827A064B04FB02335B6AD3E901240C6048
:1035F0001568FFF7E3FF04FB005038BD4C190020AD
:1036000008B543684BB1074907485A23074A17F0E2
:103610004DF85A21054817F040F803824369C3600A
:1036200008BD00BFB1440300232D03008C440300F8
:103630002DE9FF470546684617461C4603911BF0D7
:10364000CBFCDDE9008955B95C4940F201135C4AC5
:103650005C4817F02BF840F20111594818E005F1C9
:103660001406EFF3118A402383F31288BFF36F8FA0
:10367000304612F043FA68B98423534A53495148FB
:1036800017F014F83146524817F010F884214E48CC
:1036900017F003F8304612F055FA6B8B002B5AD016
:1036A0002A8B9A4239D90022002328460FF094FD34
:1036B0000446002831D0304612F02EFA68B94FF493
:1036C0009973414A43493F4816F0F0FF314642485A
:1036D00016F0ECFF4FF49971D9E78AF31188BFF324
:1036E0006F8F039D002D59D042464B4668461BF014
:1036F00098FC2C21A27A394B204601FB02335B6AED
:1037000003A91B681E68DDE90023B047606100283B
:1037100037D12046FFF72EFF2EE06C8B3046631E1C
:103720006B8312F0F9F90028C9D08AF31188BFF32E
:103730006F8F2B7F2A8B1B33121BAC6A23F0030382
:1037400002FB0344254B264AEB1A9B105343A372FA
:103750002B7FE372C5E7304612F0DEF90028AED0C9
:103760008AF31188BFF36F8F23463A4628460FF03D
:1037700033FD04460028B4D10024204604B0BDE83F
:10378000F087039B9D420BD916494FF4AB730C4A4B
:103790000C4816F08BFF4FF4AB715EE72B4665616A
:1037A00000210122616022816382E27A04F1180023
:1037B0001DF0A7F82046FFF723FFDEE700620300B5
:1037C0008C440300232D0300073003003430030032
:1037D000493003005F300300763003004C190020AD
:1037E000A38B2EBACB44030070B50C46054658B9DE
:1037F000284940F29D13284A284816F057FF40F206
:103800009D11254816F049FF49B925494FF4CF735A
:10381000214A224816F04AFF4FF4CF71F1E7EFF347
:103820001186402383F31288BFF36F8F1D4812F077
:1038300065F960B984231C4A1C49184816F036FF04
:1038400018491B4816F032FF84211748DAE715485B
:1038500012F078F9002323606B689BB9C5E9004436
:10386000104812F059F980B94FF499730E4A114972
:103870000A4816F01BFF0B490F4816F017FF4FF4CC
:103880009971E2E71C606C60EAE786F31188BFF388
:103890006F8F70BD3A5403008C440300232D030046
:1038A0008D4C0300284C0020073003003430030007
:1038B000493003005F3003007630030070B50446E2
:1038C00058B9234923484FF4D573234A16F0EEFE26
:1038D0004FF4D571204816F0E0FEEFF31186402337
:1038E00083F31288BFF36F8F1C4812F007F960B999
:1038F00084231B4A1B49174816F0D8FE17491A485B
:1039000016F0D4FE84211648E5E7144812F01AF99F
:1039100025682DB162682B689542236008BF6360FB
:103920000E4812F0F9F868B94FF499730C4A0F4930
:10393000084816F0BBFE09490D4816F0B7FE4FF4D3
:103940009971E0E786F31188BFF36F8F284670BD49
:103950003A540300232D03008C440300284C00201C
:103960000730030034300300493003005F300300A8
:1039700076300300F8B5054698B12C27184E2C4632
:10398000237A6D68CBB940F2C113164A164917481D
:1039900016F08CFE2146164816F088FE40F2C11142
:1039A00008E0144940F2BB130E4A104816F07EFEA0
:1039B00040F2BB110B4816F070FE013BDBB22372E4
:1039C00053B9E3606360A37A204607FB03631B6A75
:1039D0001BB19847002DD2D1F8BDFFF7CBFDF9E719
:1039E0004C1900208C440300DC440300232D030009
:1039F000E54403008D4C030008B558B90749084851
:103A00004FF4F373074A16F051FE4FF4F371054873
:103A100016F043FE027A0132027208BD8D4C03009B
:103A2000232D03008C44030008B5034658B9084908
:103A3000084840F23123084A16F038FE40F231219E
:103A4000054816F02AFE18465B68002BFBD108BD1E
:103A50008D4C0300232D03008C44030070B50D46EC
:103A6000044658B90F494FF40F730F4A0F4816F028
:103A70001DFE4FF40F710C4816F00FFE49B90C49AA
:103A800040F23D23084A094816F010FE40F23D215D
:103A9000F1E746681EB10846FFF7C6FF466065605D
:103AA00070BD00BF964803008C440300232D030023
:103AB000FA44030038B505460C4659B90C490D487F
:103AC0004FF412730C4A16F0F1FD4FF412710A48CC
:103AD00016F0E3FD20B9BDE838400846FFF78CBF7B
:103AE000FFF7A2FF2146FFF7B9FF284638BD00BF08
:103AF000FA440300232D03008C4403002DE9F84F02
:103B000006460C461546FFF78FFF002783464FF009
:103B10002C09DFF87CA0BBF81030BBF81220DBF8D2
:103B20001410D21ADBF80C300BF10C005B1AD21A0D
:103B3000A24228BF22461FFA82F82946424618F0C0
:103B40005AF8B4EB0804474445441DD00C9B53B1CC
:103B5000DDE90A010D9A98478346A8B1014630462F
:103B6000FFF7A8FFD7E7B07A09FB00A0436A9B687C
:103B700043B1A34228BF23461946DDE90A23FFF7D4
:103B800057FDE9E72146F8E73846BDE8F88F00BF62
:103B90004C19002008B548B90B492B230B4A0C4897
:103BA00016F084FD2B21094816F077FD83883BB180
:103BB00008492C23054A064816F078FD2C21F2E727
:103BC00083680B44036008BD8D4C03000745030068
:103BD000232D030033450300034670B50568828832
:103BE000DC889E68A818A41AAD1B641BA14209D9E1
:103BF000064907483E23074A16F058FD3E2105486E
:103C000016F04BFD0A449A8070BD00BF4245030088
:103C1000232D03000745030008B5034600689A6892
:103C2000821A91420BD90949094840F25513094AB1
:103C300016F03CFD40F25511064816F02EFD9A880C
:103C4000401A11441860998008BD00BF76450300F2
:103C5000232D03000745030008B5828803468A42E6
:103C60000BD20949094840F2C313094A16F01EFD58
:103C700040F2C311064816F010FD521A8280006807
:103C80000844186008BD00BF66450300232D0300EB
:103C90000745030008B503469A8800688A420BD29C
:103CA0000849094840F2CF13084A16F0FFFC40F2D9
:103CB000CF11064816F0F1FC521A01449A8019609F
:103CC00008BD00BF66450300232D03000745030020
:103CD00008B5244A244B1A600BF028F84FF47A6197
:103CE0002248D0F82436C3F30802C3F309434B43F8
:103CF00082F480721E49883201FB02334FF4FA21AC
:103D00005B00B3FBF1F201FB12331A49B3F57A3FC2
:103D100028BF0132C1F80429D0F820364FF47A6068
:103D2000C3F30802C3F30943434342F21C5082F435
:103D3000807202F2172200FB02334FF47A701B0AE2
:103D4000B3FBF0F200FB12330020B3F5FA7F4FF023
:103D5000010328BF0132C1F81C27C1F80009C1F8CE
:103D6000003608BD0020A107B016002000C0FF00EB
:103D7000F82A00800000125048B1054B054A1B6824
:103D8000B3FBF2F35843044B43F001031847704769
:103D9000B016002040420F00401C030070B50B78A5
:103DA00092B006460C4607AD032B31D8DFE803F08E
:103DB000022A2C2E19492846F9F772FA05956378DC
:103DC000174A0493A3781E210393E3780AA8029369
:103DD000237910AD019363790093A37915F0C4FFA3
:103DE00032460AAB1C4603CCAC42106051602346FD
:103DF00002F10802F6D1206810603046A388938053
:103E000012B070BD0749D6E70749D4E70749D2E7A2
:103E10000A212846064A15F0A7FFCFE750270300DE
:103E200072270300572703005E270300682703005B
:103E3000417003000E4B402928BF402170B51D463C
:103E40000C4C4618B04203F1020304D1002305F8DC
:103E50001130074870BD02781209A25C03F8022CE9
:103E600010F8012B02F00F02A25C03F8012CE9E725
:103E7000C2540020C78C03002DE9F34106461746C3
:103E80009846214DD5E8AF3FDA0720D538B9012152
:103E90001E4A1F4817F054FA6FF0010018E001A9FC
:103EA00017F067FB02280446F6D10246194930464E
:103EB0001CF036FD0028EFD1D5E8AF3FC3F3C006B4
:103EC0001B0708D5144A2146114817F039FA00207B
:103ED00002B0BDE8F081A5F1D40407222146404696
:103EE000B84706280AD801210C4A094817F028FAD1
:103EF00045F8D46CE671C4F80360E8E70723B0FB2B
:103F0000F3F0E071E3E700BF6C120020B44503005A
:103F1000F816030065270300D5450300F9450300A3
:103F20002DE9F04389B0DDF840909D795E791F79E5
:103F300093F803C093F802E093F801800C461B78D5
:103F4000B9F1000F15D0CDE90639CDE904E81346E3
:103F5000CDE9027CCDE900560D4A15F005FF002899
:103F600013DBA0422CBF6FF01500002009B0BDE8A4
:103F7000F083CDE90583CDE903CE1346CDE9016792
:103F8000044A009515F0F0FEE9E76FF01500EDE743
:103F90001E4603004246030010B5FDF7C9FA044669
:103FA00028B101210346034A034817F0D2F92046FD
:103FB00010BD00BF63460300F816030070B5044649
:103FC0001E4615468CB0AAB129B10A4602A80421A2
:103FD00016F07AFC02A900912B462246242103A860
:103FE000FFF79EFF70B93146109A03A8FDF7EEF86F
:103FF0000CB070BD03462421044A03A815F0B4FE9A
:104000002328F0D96FF01500F2E700BF88460300BF
:1040100007B50B4B0B48DA79C2EBC20200920022C3
:104020001146FFF7CBFF034638B10121064A074886
:1040300003B05DF804EB17F08CB903B05DF804FB36
:1040400098110020652703008E460300F816030030
:1040500030B5044615468DB09AB129B10A4602A87A
:10406000042116F031FC02A900912B46224624219E
:1040700003A8FFF755FF60B903A817F052FA0DB077
:1040800030BD03462421044A03A815F06DFE232801
:10409000F2D96FF01500F2E78846030007B50093E8
:1040A00013460A4601460348FFF788FF03B05DF850
:1040B00004FB00BFD36C03000A4601460148FFF72A
:1040C000C7BF00BFD36C030007B5009313460A4671
:1040D00001460348FFF772FF03B05DF804FB00BF21
:1040E000CD6C030007B5009313460A46014603480A
:1040F000FFF764FF03B05DF804FB00BFB56A03007F
:1041000007B500220346009103481146FFF756FF0A
:1041100003B05DF804FB00BFC56C030008B502489E
:104120000FF088FD002008BD8C150020F8B5194D52
:10413000D5E8AF3F13F0010F2E4628D015F8CD3C3F
:10414000A5F1D4078BB902F06DF9044630B1012115
:10415000114A124817F0F4F82046F8BDFB7923B94C
:1041600002F070F904460028F1D1D5E8AF3F5A07B4
:1041700001D400F0EDFFD6E8EF3F23F40062C6E87B
:10418000E12F0029F7D11B0501D5FFF7C7FF002458
:10419000E2E700BF6C120020A9460300F8160300F6
:1041A00007B5009313460A4601460348FFF706FF8A
:1041B00003B05DF804FB00BF177303000A46014615
:1041C0000148FFF745BF00BF1773030010B5002477
:1041D000094B86B009480393CDE904440FF026FE4D
:1041E00003AB009340F638020A23054903480FF059
:1041F00037FE204606B010BDDC46030040380020E4
:10420000A8650020014601480FF01EBF403800207D
:10421000014601481AF040BE40380020884208B5E7
:1042200001F1100310D9984213D20E4940F2B32382
:104230000D4A0E4816F03AFA0D4816F037FA40F2D9
:10424000B321094816F029FAEFD000F1100291428B
:10425000EAE7013813F8012D8B4200F8012FF9D15C
:1042600008BD00BF17470300E5460300232D0300E8
:104270006E470300034630B41A780846012A11D06D
:10428000022A20D062B9124A02F1100452F8045BEB
:10429000A24241F8045BF9D15B881A0A8270C370AC
:1042A00030BC70470A4A02F1100452F8045BA24283
:1042B00041F8045BF9D15B681A0C190E4270017069
:1042C000C3F30722EAE7591C30BCFFF7A7BF00BFC2
:1042D000D88C030070B50C46511C154617F06FFDC5
:1042E000064688BB20461A49F8F7D0FF20B1204681
:1042F0001849F8F7CBFF18B900232B70304670BD72
:1043000020461549F8F7C2FF20B120461349F8F7B7
:10431000BDFF08B90123F0E720461149F8F7B6FFC1
:1043200020B120460F49F8F7B1FF08B90223E4E7AE
:1043300020460D49F8F7AAFF20B120460B49F8F7AF
:10434000A5FF08B90323D8E76FF01506D6E700BF2D
:1043500050270300A047030057270300A947030085
:104360005E270300B247030068270300BE4703002F
:1043700010B517F055FD1AF09FFD044608B910F06E
:10438000F9FD064BD3E8AF3F0BB10A2098471CB9A3
:10439000BDE8104010F060BE10BD00BF2C4C0020E6
:1043A000811EC9B21E2938B5044604D81A4820FA1D
:1043B00001F1C9070CD419497A23194A194816F092
:1043C00075F9194816F072F97A21154816F065F951
:1043D000164817F0FFFB0546D0B1082C1AD00CD8B0
:1043E000022C10D0042C15D011490E485223114A2A
:1043F00016F05CF952210F48E8E7102C01D0202C70
:10440000F2D1052100E0042105F10C0017F0FFFBBB
:10441000284638BD0221F7E741000040F947030074
:10442000CA470300232D03003E480300281A00203A
:10443000CC7D03005E480300034BD3E8EF2FC3E8B5
:10444000E10F0029F9D170472C4C00200F2810B53E
:104450000CD80D280CD90A4817F0BCFB044618B13B
:1044600004210C3017F0D3FB204610BD1328F2D0E6
:1044700009B10448F0E70220BDE81040FFF790BF03
:10448000541A0020A419002038B50B6805460C46C4
:104490004BB90E490E48FA230E4A16F007F9FA21D5
:1044A0000C4816F0FAF84A68DA600B684A895A82B2
:1044B0000868FFF75FFA2046102200211CF021FA5D
:1044C0002846BDE8384017F0ABBC00BF9048030059
:1044D000232D0300CA4703002DE9F84305460C4687
:1044E0001F4616464AB92649D623264A264816F0BC
:1044F000DDF8D621234816F0D0F838B92349D72360
:10450000204A214816F0D2F8D721F3E7CA684B6950
:104510009A4207D11E49DB231A4A1B4816F0C6F8F7
:10452000DB21E7E7084617F093FC804638B11949CC
:10453000DD23144A144816F0B9F8DD21DAE701F159
:104540000C09484605F10C0117F04EFBE36862695F
:1045500031469B1A13FA86F36B82012348466B722D
:104560002E82FFF779FBE36828467B60638AC4F8F4
:104570000C807B81A4F812803C60BDE8F88300BF0A
:1045800096450300CA470300232D03009D480300FE
:10459000A2480300BF480300F0B505460E46174683
:1045A00085B0AB88012B0ED9284617F047FB04468F
:1045B00048B1AB88984208D9022100930D4A0346BE
:1045C0000D4816F0D0FE05B0F0BD284617F036FBBA
:1045D0002B688DF80800013C394602A88DF8094087
:1045E0000393B0470028EED021462846FFF734FB5E
:1045F000D7E700BFDF48030098160300C3681B78A5
:104600000221024A024817F06BBC00BF0A490300AE
:10461000B816030038B5C5682B7893B9B5F80140D2
:104620000F21204603F018F9EB78054650B90A4AE5
:10463000118831B96FEA04506FEA10501080074AB0
:10464000137038BD0373012102F0F2FF2846BDE864
:10465000384002F05FBF00BF845400204355002063
:1046600070B5C3681D787DBBB3F801600F2130467B
:1046700003F0F2F8044638B901213346BDE8704032
:10468000124A134817F02CBC294602F0D1FFA37838
:10469000012B04D02046BDE8704002F03BBF231D33
:1046A000D3E8AF3FDB07F5D50321204602F0C0FF7A
:1046B000032017F0E6FD03460028EBD00221054A4F
:1046C000034817F00DFCE5E770BD00BF3249030059
:1046D000B81603005849030010B5C3680121B3F8A8
:1046E0000140204603F0B8F838B901212346BDE85F
:1046F0001040044A044817F0F3BBBDE8104002F034
:1047000009BF00BF7E490300B816030010B5C36897
:1047100001211C88204603F09FF838B90121234667
:10472000BDE81040034A044817F0DABBBDE810406A
:1047300002F0F0BE7E490300B816030010B5012157
:104740000C30FFF7A7FA03780121BDE81040024AB8
:10475000024817F0C5BB00BFA2490300B81603000A
:10476000014610B50848FFF73FF8084908481AF015
:1047700093FB031E06DABDE810400121054A0648F6
:1047800017F0AEBB10BD00BFCC120020AC1500204E
:1047900090390020C4490300B816030073B5C568FA
:1047A0000121B5F80160304603F056F8044640B9DF
:1047B000012133462D4A2E4802B0BDE8704017F063
:1047C0008FBB2B781A2B19D1C378012B4AD14FF408
:1047D0008041043017F079FB43040FD4D4F88C30B7
:1047E00069460093D4F894302046019304F03CFAD3
:1047F000204602B0BDE8704002F08CBE2B788BBB27
:1048000040F2E242B5F803301A495343C4F8883005
:10481000B5F80520A4F89020B5F80720A4F8922058
:10482000A3F5EA520C3A8A4204D90221124A1048EE
:1048300017F056FBB4F89030B3F5FA7F04D3022199
:104840000E4A0B4817F04CFB40F67641B4F8923014
:10485000A3F10A0292B28A4204D90221084A04480A
:1048600017F03EFB204603F0FDFAC1E77E49030046
:10487000B816030095F03C00E1490300084A030024
:104880002F4A030010B5002486B003AB00934FF409
:1048900062724FF0FF3305490548CDE903440594A2
:1048A0000FF0DEFA204606B010BD00BFE06D00201C
:1048B000E83800200121024A024817F004BB00BF7B
:1048C0005B4A0300B81603000B46B0B50D8A00AF73
:1048D00004462946D868FFF7ADFA8AB06A46094B04
:1048E000CDE90750CDE9053440F20243ADF824305C
:1048F000054B4FF43251054842F8103F17F0F2FAD9
:10490000BD46B0BD754A030005000001B81603009E
:1049100070B5C5680121B5F80160304602F09CFF12
:10492000044638B901213346BDE870400B4A0C48B3
:1049300017F0D6BA2B783BB9D5F80330C0F89830C9
:10494000D5F80730C0F89C30201D4FF4003117F027
:10495000BCFA2046BDE8704002F0DCBD7E49030091
:10496000B816030037B50446084602EBC3039A4263
:1049700002D16FF05E0010E0114611F8085BA5420D
:1049800011D1038A5178994209D908480121084A6E
:10499000009416F0E8FC6FF0150003B030BD5368CA
:1049A00098470020F9E70A46E1E700BFB816030080
:1049B000974A03002DE9F0470C4610F0DBFAE56852
:1049C0002B78022B75D0042B0AD001213D4A3E489A
:1049D00017F086FA2046FEF7CDFF6FF015040EE0C3
:1049E000B4F81080B8F1020F0ED84346374A364863
:1049F000012117F075FA2046FEF7BCFF002410F0E5
:104A00002BFB2046BDE8F08768783E280CD1B8F132
:104A1000030F02D12E4A4346E9E7EB78012B01D080
:104A20000A2B46D1032704E017F033FA0746F807AC
:104A30003FD504F10C0601213046D4F814A0FFF74D
:104A40000BF902213046FFF725F9814600783E2810
:104A500007D1E3681B78012B01D00A2B06D103266E
:104A600014E017F016FAC10706460FD441F2681396
:104A7000184A1949194815F019FE002383F31188C3
:104A8000BFF36F8F0323184602DF0226144A062362
:104A9000214699F8000017F041FAB2070DD5636975
:104AA000A5EB0A0513FA85F5E560A4F81080BB07AD
:104AB000A4D52046FFF754FEA0E72046FEF75AFF94
:104AC000F5E700BF424B0300B8160300B94A0300E4
:104AD000D54A0300F54A0300294B0300232D0300A8
:104AE000601E030010B5012104460C30FFF7D2F818
:104AF0002146BDE810400223014A007817F00EBAA3
:104B0000901E030073B53E48FEF7D8FE0446002809
:104B100073D000F10C05284617F090F802280346E0
:104B200003D0042847D0374A03E0238A032B05D853
:104B3000354A0121354817F0D3F913E004212846FE
:104B4000FFF7A8F8FF23428806882376238AC6F356
:104B50000B009A42608309D0012100922B482C4A15
:104B600016F001FC2046FEF705FF12E00F2102F0CF
:104B700073FE054610B9638B264ADAE702F092FE0F
:104B800021462076320B284602F01EFC284602F011
:104B9000C1FC214BD3F834317BB3204920481AF0B3
:104BA0007BF9031E29DA01211E4A184802B0BDE82C
:104BB000704017F095B928460221FFF76BF80546BB
:104BC00000783E2812D017F064F910F002060DD1DB
:104BD00040F69A43144A1549154815F067FD86F3C7
:104BE0001188BFF36F8F0323184602DF0623214687
:104BF000104A287817F092F9B4E702B070BD00BFF0
:104C0000CC120020EB4B0300564B0300B8160300F8
:104C1000774B03009B4B030098110020AC1500203C
:104C200090390020C4490300F54A0300BD4B03003E
:104C3000232D0300A01E030010B5012104460C30F3
:104C4000FFF728F82146BDE810400923014A007803
:104C500017F064B9D01E0300F8B50121044600AF77
:104C60000C30FFF717F80678002321463046104A2B
:104C7000FFF778FE5F3019D1258AE0682946FFF7F3
:104C8000D9F86C468AB06A460A4BCDE90750CDE99F
:104C9000053640F20243ADF82430074B4FF4325151
:104CA000064842F8103F17F01DF9A546BD46F8BD6D
:104CB000181F0300FF4B030005000001B816030096
:104CC0002DE9F3470023074688461646DFF8109182
:104CD000D9E8EF4FC9E8E23F002AF9D144B90121F0
:104CE0003B46404A404802B0BDE8F04717F0F8B8EC
:104CF0002046FEF763FC4FF00C0A3C4D0AFB0050C7
:104D00004388BB4220D02046FEF758FC0AFB0050E7
:104D1000438801210093364A3B46334816F023FB73
:104D2000D9E8EF3FC9E8E24F002AF9D1002B54D06F
:104D30003049314840F6EE13304A15F0B7FC40F6E2
:104D4000EE112E4815F0A9FCA64208D02046FEF729
:104D500057FC328AF16804F10C0016F04CFF204633
:104D6000FEF72CFC0C2606FB00504368ABB1B8F1F3
:104D7000000F12D12046FEF721FC012106FB005056
:104D80004268536803F01F00814010685B0900EB24
:104D90008300137AEBB117F098F82046FEF70EFC6B
:104DA0000C2606FB005083686BB12046FEF706FC1C
:104DB000704305F800802046FEF700FC06FB005516
:104DC000A8680EF095FA204602B0BDE8F047FEF75D
:104DD000D1BDC94317F089F8DFE702B0BDE8F0871D
:104DE000C8120020314C0300B8160300304C0020DC
:104DF000594C03008C4C0300232D0300F54A03009B
:104E00002DE9F84FD0F80C90018A99F8004000AFD6
:104E1000A30001338B4278D96D468AB06A46CDE94A
:104E2000073105233A484FF42151CDE905043948AB
:104E300042F8103F17F056F8AD46BD46BDE8F88F72
:104E400001212B46344A334817F04AF8013699F8C5
:104E500000309E42F1DA09EB8603B3F801500F21CE
:104E60002846B3F8038002F0F7FC04460028E7D098
:104E700000F1BC0AB8F1000F03D1204602F04AFB52
:104E8000E4E7656985B90121244A224817F01BF837
:104E9000234940F28723234A234815F007FC40F2B8
:104EA0008721204815F0F9FBA2692B68954220461E
:104EB000636108BFA36102F013FA0EF019FAC5F896
:104EC00000B0236A93B9C4E90755DAE8AF3F08F1A7
:104ED000FF381FFA88F863B914494FF42473114A54
:104EE000114815F0E3FB4FF42471DAE71D602562E9
:104EF000EBE7DAE8EF3F013BCAE8E23F002AF8D1EE
:104F00000021204602F0F8F9B4E70026B3469EE7F8
:104F1000914C0300B8160300BC4C0300D84C0300AE
:104F2000CC7D0300F54A0300232D0300EF4C030062
:104F300008B501F035FC064BD3E8AF2F02F00B02A9
:104F4000D3E8EF1FC3E8E02F0028F9D108BD00BF68
:104F50006C12002010B5C1E900239DF808300C4602
:104F60000B72FEF72BFB0C22024B02FB00335C6042
:104F700010BD00BF304C0020F8B502460B4610486B
:104F800016F028FE0446C0B104210C30FEF702FEE4
:104F90002046FEF713FB0C2700260A4D07FB0050A6
:104FA00046802046FEF70AFB07FB0050866020463D
:104FB000FEF704FB07FB00556E602046F8BD00BFFE
:104FC000FC190020304C002029289ABF014B185CA6
:104FD00009207047F28C030070B5C3680F21B3F845
:104FE00001601D78304602F037FC044638B90121D3
:104FF0003346BDE87040184A184816F071BF65B1D5
:105000002846FFF7E1FF29460246204603F02AF82A
:105010002046BDE8704002F07DBA8378012B07D1AD
:1050200009F086F9204616F01CFF002808BF052568
:105030002846FFF7C9FF29460246204603F012F82A
:10504000002DE5D00121064A044816F03CFF052159
:10505000204602F0AFFCDBE732490300B81603003C
:10506000084D03002DE9F041C6680F21B6F8017024
:105070003578384602F0F0FB044638B901213B464A
:10508000BDE8F0411E4A1F4816F02ABF65B1284608
:10509000FFF79AFF29460246204602F0E3FF20462A
:1050A000BDE8F04102F036BAF278C37A934205D1F6
:1050B0000221154A134816F013FFF0E78378C272F5
:1050C000012B08D10AB109F033F9204616F0C9FEC8
:1050D000002808BF05252846FFF776FF2946024627
:1050E000204602F0BFFF002DD9D00121074A054814
:1050F00016F0E9FE0521204602F05CFCCFE700BF78
:1051000032490300B81603002E4D0300084D03007A
:1051100010B5044692B04822684606491BF0CBFB06
:10512000112C9DBF12AB03EB840454F8480C0248C9
:1051300012B010BD8C1803005D4D0300034B0146F7
:10514000D3F8500182689268104700BF9811002080
:105150002DE9F04F91B0042100AF4B4816F0B5FE99
:105160006D4601F01DFB88B06A46484B4FF4E6518E
:105170000593474B474806934FF40073ADF81C3036
:10518000454B464C42F8103F16F0ACFEAD46E17977
:10519000434B444E07F12008012998BF1E46404664
:1051A0002146FEF7FBFD8AB06A463F4BCDF81C80D6
:1051B000CDE905363D4B4FF4235108933C4B354820
:1051C00042F8103F16F08EFEA246AD460125394E3C
:1051D000DFF8E480E3790AF1070A9D423BDB94F8AB
:1051E00070506E462846FFF793FF8CB06A46B4F8BD
:1051F0007210B4F87630CDE907514FF40075DFF83E
:10520000BCC009932E4BCDE905C0ADF828504FF432
:10521000535142F8103F1F4816F064FEB54694F80B
:1052200071603046FFF774FF8AB06A46B4F8743094
:105230002449CDE90763244BCDE90510ADF824508E
:105240004FF43351134842F8103F16F04BFE4437E9
:10525000BD46BDE8F08F51463846FEF79FFDE94652
:105260008AB06A4640F20133CDE905650797ADF88B
:1052700020304FF41351074842F8108F16F032FED9
:105280000135CD46A6E700BF6C120020694D030032
:105290007B4D0300B81603000300000198110020A5
:1052A0005D2B0300654D03007F4D030000020103E9
:1052B000040000028E4D0300040000019F4D030016
:1052C00006000001DD4D03000500000108B5084897
:1052D000C37933B90321074A074816F0F4FD0020CB
:1052E00008BD0821D43016F0F0FDFFF731FFF6E7D6
:1052F00098110020044E0300B816030000487047C0
:10530000314E030010B50B490B4819F0C5FD041EC2
:105310000FDA41F25F43094A09490A4815F0C6F914
:105320002146094815F0C2F941F25F41034815F0E2
:10533000B4F910BD9C150020E8380020F54A0300A0
:10534000B0350300232D0300384E030070B5054629
:105350000C4639B1CB684A699B1A032B0ED86FF003
:10536000150509E04FF0FF304FF0FF31FFF704FE65
:10537000044618B96FF06805284670BD2046FEF750
:105380001DF90C22164BA61802FB003303213046F0
:105390005D80FEF741FC0580238A0121033B837079
:1053A000304616F044FC40F635439D420FD120466E
:1053B000FFF7C4FE05460028DED001210346094A56
:1053C000094816F08DFD2046FEF7D4FAD4E72146B1
:1053D000064819F0E7FC0025FFF794FFCCE700BF73
:1053E000304C00203D4E0300B8160300D4120020BC
:1053F0002DE9F04784B0804691460C4600AF71B964
:105400004FF0FF304FF0FF31FFF7B6FD0446C0B953
:105410006FF0680528461037BD46BDE8F087887AEA
:10542000FEF7C4F83A4B83420BD03A493A484FF45E
:10543000D7733A4A15F03AF94FF4D771374815F057
:105440002CF901220021384619F0C5FC2046FEF750
:10545000B5F80C23DFF8C8A003FB00A08760204646
:10546000FEF7CAFA01464046FFF770FF054618B13D
:105470002046FEF77FFACDE700233846294A0DF093
:10548000B5FF064690B14FF4F173244A26492248ED
:1054900015F00CF932464146244815F007F985F31A
:1054A0001188BFF36F8F0323184602DF2046FEF7F3
:1054B00085F80C2358431AF80060FEB16D468AB097
:1054C0006A461B4B0796CDE905381A4B4FF432510B
:1054D000089340F20243ADF82430174B174842F8C6
:1054E000103F093E16F0FEFC2046AD46F6B2FEF730
:1054F00041FA092E08D8124B9D578BE7B9F1000FDE
:10550000B6D0C9F8004085E76FF0040582E700BF18
:10551000FC190020CC7D0300232D0300F54A030075
:10552000304C0020B4C40400FE6E03005F4E030044
:10553000A44E03005D2B030005000001B816030014
:10554000E88C030073B506460D4642F22F00002199
:1055500001AAFFF74DFF044638B10121144A15484E
:1055600016F0B1FC204602B070BD0198C368B3F8D4
:1055700001203280B3F803302B80FEF7FBF933882B
:10558000A3F11B02E02A04D902210B4A094816F0B4
:10559000A7FC44F248112B88A3F5A47292B28A4268
:1055A000E0D90221054A034816F09AFCDAE700BF69
:1055B000C34E0300B8160300E34E0300084F030078
:1055C000F0B585B006460DF10301002000F0A8FFFC
:1055D000054600284DD14FF0FF304FF0FF31FFF767
:1055E000CBFC0746002847D019210C30FEF7F4FA0F
:1055F0000446294619221BF084F99DF80330204AFD
:10560000237392F8111192F81031601D994294BFE2
:1056100006F1700106F17E0116F04EFC93893846C2
:105620002380D3896380B6F88C30A4F80D30B6F8A7
:105630008E30A4F80F30B6F89030A4F81130B6F8D8
:105640009230A4F813300F4B0193072302930123E8
:105650008DF80C30FDF7B2FF0C220B4B394602FBE4
:10566000003301AA5A6042F20D000022FFF7C0FE8B
:105670000546284605B0F0BD6FF06805F9E700BFA4
:10568000981100206C120020304C0020F8B5022840
:10569000054600AF3DD100210246084602F0D0FD8C
:1056A000044680B90121264A264816F00CFC032046
:1056B00016F0E7FD034620B10221234A214816F0E7
:1056C0000FFCBD46F8BD031DD3E8AF3FDB0706D591
:1056D000032101F0ADFF204601F01CFFE7E7403059
:1056E0000EF05AFC10F00C0608D116482946174A4D
:1056F00016F0E9FB314620462573EAE72046FFF71E
:105700005FFF0028E7D00121114A0E4816F0DBFBAD
:10571000E1E76C468AB06A460E4B4FF41251CDE970
:1057200005300D4B0748079340F20133ADF82030A8
:105730000A4B42F8103F16F0D5FBA546C1E700BF63
:105740002B4F0300B816030058490300494F0300CC
:105750006F4F03008B4F03005D2B0300040000011B
:1057600030B54FF0FF304FF0FF3185B0FFF704FC4C
:105770000446B0B10C4B0025019307238DF80C5063
:105780000293FDF71BFF0C22084B214602FB00335E
:1057900001AA5A6042F20E002A46FFF729FE05B020
:1057A00030BD6FF06800FAE76C120020304C00202A
:1057B0002DE9F0438DB00478054600AF5CB1614936
:1057C000614840F28153614A14F070FF40F2815108
:1057D0005E4814F062FF5E4BB0F80180198848F40F
:1057E0007042914205BF1C805A4BA14693F800902D
:1057F00000F098FCEB782E1D012B08BF564B30466D
:1058000008BF93F86F4016F007FB3146C8B307F1A5
:10581000080016F0F6FAD5F81130C7F80130B5F8DF
:105820001530A7F8053001233B70E87840B9022213
:1058300007F1080102F004FDEB78044673B39CBB4A
:1058400007F1100431462046FEF7A8FA6D4688B0ED
:105850006A46424B4FF4E251CDE905344FF40073F0
:10586000ADF81C303E4B3F4842F8103F16F03AFB73
:105870001321AD46404616F08EFB3437BD46BDE8D9
:10588000F083204616F0B7FC014607F1080016F039
:1058900013FB3146384616F00FFBC6E76FF0800168
:1058A000314816F022FBCAE7204640F2E242B5F842
:1058B000013007F1080120F8703B16F0FDFAB5F849
:1058C000173053430022C4F88830B5F81930A4F8D3
:1058D0009030B5F81B30A4F89230EB782273E37067
:1058E0006BB9394604F17E0016F0E6FA217A1A4BBC
:1058F000C1EBC101194404F1770016F0DDFA07216C
:10590000204601F095FEB9F1000F05D00121204697
:1059100084F80C9001F08CFE204602F03BF8204603
:1059200001F0F8FDE378002BA7D1032016F0A9FCC5
:1059300003460028A1D002210C4A0A4816F0D0FAEA
:105940009BE700BFA74F0300232D0300F54A030088
:10595000845400204355002098110020BB4F0300C1
:1059600003000001B81603006C1200205849030020
:1059700000B5C16889B0087820B109B05DF804EBC2
:10598000FFF784BEB1F801308DF80000ADF80130AA
:10599000CB7801A88DF80330B1F80B300431ADF8A5
:1059A0001730B1F80930ADF81930B1F80B30ADF857
:1059B0001B304B7B8DF81D3016F07EFA084B684685
:1059C0001A689B88CDF80B20ADF80F30CDF8112068
:1059D000ADF81530FFF7ECFE09B05DF804FB00BF31
:1059E000C18C030010B5F7F7CBFD034B1B6813B157
:1059F000BDE81040184710BD544C002073B52D4D24
:105A00000646D5F8500119F06AF948B901212A4A29
:105A10002A4816F058FA6FF01204204602B070BD02
:105A20006FF0020105F1D40016F05FFA012116F0C3
:105A30004CFAC3073AD4FEF7AFFA04460028ECD17B
:105A40001F4B1E60012205F59070114619F0C3F935
:105A500005F59E7019F09DF91A480EF0E7F96FF000
:105A6000070340F698021849164800940EF0F8F91A
:105A70001649144819F026FAD5F8500114498368DC
:105A80001B689847044630B101210346114A0B4870
:105A900016F026FAC1E726B902B0BDE87040F7F764
:105AA0006FBD05F1C4000EF0C5F8B6E76FF07704DE
:105AB000B3E700BF9811002038510300B816030067
:105AC000544C002090390020687100205051030090
:105AD000B549010059510300F0B5C56801212F886F
:105AE00087B0BCB2204601F0B7FE064640B901219E
:105AF0002346274A274807B0BDE8F04016F0F0B922
:105B000002ACD5F80220D5F80630019469890091DD
:105B100018F054F948B34FF0FF304FF0FF31FFF762
:105B20002BFA054648B901211B4A1A4816F0CBF951
:105B3000304601F0EFFC07B0F0BD12210C30FEF74B
:105B40004BF80346224623F8027B144603CC5960E7
:105B500006A98C421860224603F10803F5D12946B4
:105B600042F21A00FFF7F2FBE2E74FF0FF304FF08E
:105B7000FF31FFF701FA04460028D4D002210C308F
:105B8000FEF72AF82146078042F21B00EAE700BF31
:105B90007E490300B81603007551030073B5C3684E
:105BA000D9789A781E8842EA0122ADF80020597906
:105BB0001A79B4B242EA0122ADF80220D9799A7971
:105BC000204642EA0122ADF804201A7A5B7A0121CC
:105BD00042EA0323ADF8063001F03EFE054658B90F
:105BE00001211D4823461D4A16F07AF9022120465C
:105BF00016F058FA02B070BD694602F097F938B94C
:105C00001E21204616F04EFA284601F083FCF1E7EB
:105C10004FF0FF304FF0FF31FFF7AEF90446002898
:105C2000F2D00E210C30FDF7D7FF00230680C0F81C
:105C30000A30BDF8003021464380BDF80230838031
:105C4000BDF80430C380BDF80630038142F2200065
:105C5000FFF77CFBD8E700BFB81603007E490300BE
:105C600038B5042104460C30FEF714F8034640888A
:105C70005D7818B122461978FFF722F835B104484B
:105C80000DF036FBBDE83840FFF73CBB38BD00BF28
:105C9000B8120020B0B50446032100AF0C30FDF768
:105CA000F9FFE2680346117840F63542B0F801008A
:105CB000904216D16C468AB06A46104B1048CDE926
:105CC0000531104B4FF41251079340F20133ADF8F8
:105CD00020300D4B42F8103F16F004F9A546BD46A2
:105CE000B0BD1D7810B12246FEF7EAFF002DF6D0B8
:105CF00006480DF0FDFAFFF705FBF0E78C510300B5
:105D0000B81603005D2B030004000001B812002048
:105D100038B50FF02FF92F4DD5F83C31002B56D068
:105D20000022002305F590700DF060FB00284ED195
:105D30000022002305F59E700DF04EFA044668B966
:105D400040F6AA43244A2549254814F0AFFC84F3C1
:105D50001188BFF36F8F0323184602DFD5F8303167
:105D60005BB101211F4A204816F0ADF8D5F830018B
:105D7000FDF700FE0023C5F830312046FDF73CFE5C
:105D8000C5F830012046FFF7D9F90346C8B1012113
:105D9000164A154816F0A4F815480DF0A9FA204641
:105DA000FDF70CFC0C22134B02FB0033588818B192
:105DB00022461F21FEF784FF2046FDF7DBFDFFF79B
:105DC000A1FAFFF79FFABDE838400FF045B901F09E
:105DD00039FEF8E798110020F54A03008D4C0300C6
:105DE000232D0300C4510300B81603003D4E0300E9
:105DF000B8120020304C0020F8B506460024094DAA
:105E0000EF79E3B29F4202D86FF0010007E0294624
:105E1000304616F063F90735631C08B12046F8BD1B
:105E20001C46EEE79811002037B504460D46B9B17F
:105E30002846164916F052F990B929461448C4EB81
:105E4000C404204416F054F9124816F058F94307D8
:105E500003D5FEF763F915F055FF002003B030BD00
:105E6000684615F09EFF0028F8D16846FFF7C4FF8A
:105E70000028F5DA064BC4EBC4006946184416F056
:105E800037F9002DE0D001462846DBE7B48C03004B
:105E9000981100206C12002070B51A4E062231466F
:105EA00005461AF03DFD38B34FF0FF304FF0FF319B
:105EB000FFF762F8044608B3062229460C3015F0B5
:105EC0009AFE2146002242F20500FFF791FA0446AD
:105ED00048B110F10D0F04D102210B4A0B4816F006
:105EE00005F9204670BD33462A6843F86929AA8817
:105EF000B280012283F868200024F2E76FF0680482
:105F0000EFE700BF0112002004530300C016030096
:105F100038B505460C4659B9204940F2DD33204AD0
:105F2000204814F0C3FB40F2DD311D4814F0B5FBEE
:105F3000086848B91C4940F2DE33194A194814F080
:105F4000B5FB40F2DE31F0E74DB9184940F2DF33DE
:105F5000134A144814F0AAFB40F2DF31E5E7037A54
:105F60005A0709D5124940F2E1330D4A0D4814F0A1
:105F70009DFB40F2E131D8E74B686BB90B7A13B95E
:105F80002B7A5B0708D52A7803789A4204D02946F1
:105F900016F00EF900B1656038BD00BF4153030033
:105FA00013530300232D0300595303007C530300B4
:105FB00094530300064BD3E8EFCF4CF4806CC3E856
:105FC000E2CF002AF7D1037A19430172704700BF6C
:105FD0006C1200202DE9F3410021044602220846FC
:105FE00002F02EF9054648B120460121FFF7E2FFF5
:105FF000284602B0BDE8F04101F08CBA404816F0E6
:106000007EF88206C0F3401702D5284600F0E0FB78
:106010003C4D95F8113183B1002016F0B0F860B115
:106020000221394A394816F061F8002F65D0012065
:1060300002B0BDE8F04100F0CBBB95F8112195F816
:1060400010319A4218D10221314A304816F04EF8E8
:10605000002242F229001146FFF7CAF910B10121CE
:106060002C4ADFE795F81131013385F81131237A95
:1060700043F004032372D8E7224604F101084146A5
:1060800012F82E0B16F03EF8064610B1224A0121F6
:106090000EE095F81131013385F81131237A43F080
:1060A0000403237295F8A7305B0708D402211B4A2A
:1060B000164816F01BF8012016F061F8B5E74146C6
:1060C000684616F015F801234FF0FF304FF0FF310E
:1060D0008DF80730FEF750FF044660B1082269468C
:1060E0000C3015F088FD3246214642F24E00FFF793
:1060F0007FF90028DFD00A4AC9E702B0BDE8F08185
:106100006C12002098110020C9530300C016030030
:10611000EE5303001F5403003F5403005F54030079
:1061200089540300084BD3E8EF2F22F48061C3E8C1
:10613000E01F0028F7D1530504D5002202200349AF
:1061400008F012BA704700BF6C1200203FC2020074
:106150001FB500230190CDE9023302208DF80C1009
:1061600001AA034908F000FA029805B05DF804FBA3
:10617000115F0100034610B470B10A4991F8104153
:1061800091F811210CB1944208D2013281F8112109
:106190001A7A42F004021A7210BC704710BCFFF762
:1061A00019BF00BF981100202DE9F843044660B3E1
:1061B000464D95F8102195F8113192B10132934274
:1061C0001CDC00210222084602F03AF80646F0B133
:1061D00020460221FFF7EEFE3046BDE8F84301F00D
:1061E00099B95BB93A493B4840F2E5433A4A14F061
:1061F0005DFA40F2E541384814F04FFA013B85F86A
:106200001131237A23F004032372BDE8F88305F1EA
:10621000D40015F074FF8306C0F3401802D5304651
:1062200000F0D6FA002015F0AAFF064698B1012129
:1062300003462A4A2A4815F08CF895F8113113B113
:10624000012015F09CFFB8F1000FDED0BDE8F84347
:10625000012000F0BDBA95F8113195F810219A424D
:106260000CD2013B85F81131237A024623F0040356
:1062700002201C49237208F077F9DEE74FF0FF3067
:106280004FF0FF31FEF778FE04F10109074668B1CF
:1062900007210C30FDF7A0FC494615F029FF3246D6
:1062A000394642F22800FFF7A3F828B101210E4A2F
:1062B0000B4815F01BFFC0E795F81131013B85F83D
:1062C0001131237A23F004032372B6E798110020DA
:1062D000A4540300232D030013530300BD540300F3
:1062E000C016030069C10200EA54030070B50446F9
:1062F00011BB20B3254915F0F1FE00BB2046FFF786
:106300007BFD00283BDA237853B92148C279002A63
:1063100035D1214615F0ECFE0123C371104670BD46
:10632000012B04D1A37903F0C003C02B07D00121B6
:10633000184A194815F0DAFE6FF01500EFE7144D12
:10634000EB79012B1ED005F1D40015F0D8FEC30760
:1063500007D4002CF0D020460C4915F0BFFE0028D1
:10636000EAD1EE792146731C3046EB71FFF75CFDF4
:1063700008B93046D3E7EB79013BEB71CFE76FF01B
:106380007700CCE76FF00B00C9E700BFB48C0300C7
:10639000981100200F550300C01603002DE9F341AA
:1063A000044640B91A4A02211A4815F09FFE0020FF
:1063B00002B0BDE8F081002141F2090001AAFFF717
:1063C00017F8054608B1144AEDE7019E0622D6F8F3
:1063D0000C80124908F1010738461AF0A1FA28B1D9
:1063E000062238460E491AF09BFA18B93046FDF7D6
:1063F000C1FADCE7D8F801303046C4F80130BB8878
:106400002570A4F80530FDF7B5FA0120D0E700BFEC
:106410003D550300C016030056550300C18C030010
:10642000BB8C030007B56846FFF7B8FF044BD87173
:1064300018B169460020FFF7F7FC03B05DF804FBD4
:10644000981100202DE9F041304E88B0F1790029F3
:1064500054D196F8C24014F0010411D12C4A022103
:106460002C4815F043FE0024F47116250024012762
:10647000F379E0B283422BD8002B3FD000203AE0E2
:106480006A464FF60940FEF7B3FF08B1224AE6E735
:10649000DDF800C0DCF80C5095F80180B8F1000F71
:1064A0000ED0AB1C02AA123517461868596808337B
:1064B00003C7AB423A46F7D1186838609B88BB8067
:1064C0006046FDF757FAB8F1000FCDD1134AC6E781
:1064D00008AB05FB003353F8182C33F8143C69461D
:1064E000CDF80120ADF805308DF80070FFF79CFC69
:1064F00001340028BCD008B0BDE8F0810021084676
:1065000008B0BDE8F041FFF7F1BE00BF98110020D0
:1065100074550300C0160300A0550300C0550300C6
:1065200038B50C4661B108480578012D05D1013018
:10653000FFF7B2FC00B9257038BD00200870FBE7FA
:106540006FF01500F8E700BF9811002070B5054600
:106550000E464FF0FF304FF0FF3186B0FEF70CFDD6
:106560000446A0B102210C30FDF736FB094A467003
:10657000057003A9204605230095FEF7EBFC0022D9
:10658000214642F20C00FEF733FF06B070BD6FF0FB
:106590006800FAE76C12002008B50C4B024640096F
:1065A00003EB800015F06AFE02F01F0340FA03F3CC
:1065B00013F0010006D122B9054815F05FFE40F343
:1065C000C01008BD6FF07700FBE700BF584C0020FB
:1065D0006C120020084A430902EB8302012300F0F9
:1065E0001F008340DB43D2E8EF0F1840C2E8E10F01
:1065F0000029F8D1704700BF584C002030B587B053
:106600000022002360480CF06FFB0446002840F095
:1066100098805E4815F032FE10F001035B4D4DD0BE
:106620002B1D93E8070006AB03E90700584815F057
:1066300025FEC0F34013554815F020FE04460028FF
:1066400072D07BB10C2253490DEB02001AF068F9AD
:106650000446002872D000210846FFF777FF044661
:1066600000286BD14A4815F009FE420501D5FFF715
:1066700059FD0023ADF80930BDF80E309DF80C002F
:10668000ADF80530BDF810308DF80400ADF80730D6
:10669000431E58420DF10901584115F0E0FD044632
:1066A00000284BD14FF0FF304FF0FF31FEF764FC74
:1066B0000546002848D16FF068043FE0344815F0E3
:1066C000DDFD10F0800F344A0ED04FF480749089B5
:1066D000D1891269ADF80C40ADF80E00ADF810107C
:1066E000ADF812300592A1E72C4C03AB206861682D
:1066F00003C3A068186092F8D93024481C0744BF2F
:1067000005238DF80D3015F0B9FD800706D530232F
:10671000ADF810306023ADF80E3087E71B4815F058
:10672000ADFD4107F3D481E743B10146FFF70EFF0A
:10673000044618B9174B2861C3E9010012480CF050
:106740009BFB204607B030BD072201A90C3015F095
:1067500052FA2246294642F20B00FEF749FE044651
:106760000028EBD19DF80D10012001F00101FFF789
:10677000EDFE04460028E1D1064B06AA12E9070007
:1067800083E80700DAE700BF744C0020584C002073
:106790006C120020684C002098110020AC1B0300F4
:1067A0004422002110B508481AF0ABF8064B03F15B
:1067B0001C001C4618F0DAFA04F1300018F0D6FA82
:1067C0000022024B1A6010BD584C0020A44C00203F
:1067D000044B0038597C18BF012001F00101FFF77C
:1067E000B5BE00BF584C0020032838B5054603D17C
:1067F000BDE83840FFF702BFFFF7CEFE0446A8B958
:106800000B4B6A0903EB8203012205F01F018A404A
:10681000D3E8EF0F1043C3E8E10F0029F8D1FFF7E9
:10682000EDFE044610B12846FFF7D4FE204638BDE1
:10683000584C00202DE9F04F00F10C088BB00446B5
:10684000404615F0FBF90646864815F017FD00F0A6
:1068500001038448039315F011FDC0F380030293F4
:1068600016B90BB0BDE8F08F039B13B9029B002B48
:10687000F7D0238A082B07D801217B4A7B480BB02D
:10688000BDE8F04F14F05CBD09214046FDF702FA67
:10689000037A228A01339A420546EDD30123ADF8EB
:1068A00024307F238DF81E30037A471C03445B7A23
:1068B0008DF81D30FF238DF81C300023ADF82230F9
:1068C0000278042A98BF6A4B8DF81F2098BF9B5C02
:1068D000ADF82030037A6348019315F0CFFC00F047
:1068E0000109604815F0CAFC8246B9F1000F0BD0CF
:1068F000BDF820305A0707D5297A40460131013EBC
:10690000FDF7AAF9F6B2ABE7384615F085FA0DF1B6
:10691000100B00284FD03946584615F072FAB9F1DD
:10692000000F02D11AF0040F59D1524BD3F800A036
:10693000BAF1000F14D0E2686369B4F810B0A2EBAA
:106940000309019B9DF81F2023829DF91D104346DA
:1069500004A8D0476369A4F810B013FA89F3E36080
:1069600004AB0693444B1B68002B36D053F80899B0
:10697000B9F1000F01D0A9F108091A688AB1E168DC
:106980006269B4F810B0A1EB020A019A4146228272
:106990001B6806A898476369A4F810B013FA8AF335
:1069A000E360B9F1000F18D0D9F8082002B1083A15
:1069B0004B469146E1E76B78FF2B09D12F4B1868C6
:1069C00004909A889B79ABF804208BF80630A6E7F0
:1069D000394615F010FC0346F1E7002306932148E1
:1069E000BDF8203015F04AFC10F0010984D1DB0716
:1069F00082D50322484604A901F022FC82460028E1
:106A00003FF47AAF022015F03CFCD5F80130504637
:106A1000CAF87E30BB88AAF88230BB798AF8843005
:106A200015F0B7FAA8B11F2349468AF80C30504632
:106A300000F0FEFD504600F06DFDFFF7DFFD034660
:106A400000283FF459AF02210D4A084814F081FC98
:106A500052E75046022100F0EBFD504600F05AFD8F
:106A60004AE700BF584C0020EF550300E016030032
:106A70001C8D0300A44C00209C4C0020B48C03000F
:106A800058490300F8B50546224815F0F7FB4307BF
:106A90000F463CD52A78012A03D96FF01504204609
:106AA000F8BD6B780F2BF8D843F6FC746888031F89
:106AB0009BB2A342F1D8A9880B1F9BB2A342ECD88A
:106AC0008842EAD37AB90022002313480CF00CF96B
:106AD00004460028E3D1FFF75FFD044640B10E48AD
:106AE0000CF0CAF9DBE715F0A8FB0028EBD1D4E7DE
:106AF00028686968094E0A4B03C6A8681F603060A1
:106B00002046FFF771FE044606F12400E8E76FF027
:106B10000A04C4E76C120020884C00205C4C002062
:106B2000A44C00200020024B186015F0AABB00BF47
:106B3000A44C00200A4A00F10803116831B98160B1
:106B4000516839B9C2E90033002070478B4204D044
:106B50000968F3E70B605360F6E76FF010007047C9
:106B60009C4C002008B5034815F088FB00F001009C
:106B700008BD00BF584C0020884208B501F1200331
:106B800010D9984213D20E4940F2B3230D4A0E4851
:106B900013F08CFD0D4813F089FD40F2B321094834
:106BA00013F07BFDEFD000F120029142EAE70138BB
:106BB00013F8012D8B4200F8012FF9D108BD00BF59
:106BC00017470300E5460300232D03006E4703002B
:106BD00070B59AB01822002103A819F092FE47F26E
:106BE0001213ADF808304FF4807344F20102ADF88F
:106BF0000A30364B694602A8CDE9042310F030FA7A
:106C0000034618B3324A0121324814F0A2FB1F2573
:106C1000314BD3E8EF1F21F00101C3E8E21F002A46
:106C2000F7D12E4E0EF0A6F9346804B1043C002DC5
:106C30002B4D18BF0025002C41D023680BB12846EE
:106C400098476468002C3AD0043CF6E701AB412237
:106C5000009809A918F0CBFB034608B1214AD2E7F6
:106C6000214A0DF125030DF1650153F8040B8B4208
:106C700042F8040BF9D101AB20221C49009818F00E
:106C800093FB034608B11A4ABDE7009810F0D0F80C
:106C9000054610B1174A0346B5E713491048FFF7F8
:106CA0006BFF15491548FFF767FF154BD3E8EF1F3A
:106CB00041F01001C3E8E21F002AA9D0F6E7002343
:106CC000C6E900330EF0C8F91AB070BD0000020921
:106CD00008560300A0160300A84C0020B04C00206A
:106CE000A45500202656030064550020445500207A
:106CF000495603006D56030084550020C4550020FA
:106D00006C12002030B5A7B01822002107A819F096
:106D1000F8FD04233D22002116A8159319F0F1FD7A
:106D200047F21213ADF818304FF4807344F20102A9
:106D3000ADF81A30284B2949CDE9082306A804AB41
:106D4000202210F0C1F80346E0B1254A0121254870
:106D500014F0FFFA6FF004040EF00CF9224B1D68DA
:106D600065B100201860214BD3E8EF1F21F002012C
:106D7000C3E8E21F002AF7D144B3A8470EF06CF92C
:106D800027B030BD1A4B0DF15502194603F14000F2
:106D900053F8044B834242F8044BF9D105AB0293FC
:106DA00020230D48CDE9001315AA4123049918F0BA
:106DB000EDFB034608B10F4AC8E7049810F038F815
:106DC00004460028C8D00C4A0346BFE70DA808496E
:106DD000FFF7D2FE0DA8D0E70000020944550020BD
:106DE0008D560300A0160300AC4C0020A84C0020D8
:106DF00064550020C3560300DF560300402208B547
:106E0000034919F08DFDB0FA80F0400908BD00BFBC
:106E1000218D030010B59AB004461822002103A862
:106E200019F06FFD44F21213ADF808304FF480737F
:106E30004FF48042ADF80A30144B2146CDE90423CB
:106E400004230DF125008DF82430FFF795FE04F1A1
:106E500020010DF14500FFF78FFE412201AB09A98A
:106E600002A810F031F8044602A818F0DBFB2CB998
:106E700001980FF0DDFF01201AB010BD0448234631
:106E80000121044A14F065FA0020F5E70000020928
:106E9000A0160300FC56030010B5002834D01D4A8C
:106EA000136823B1043B984231D05B68F9E71A4B71
:106EB000D3E8AF1F890707D518480221184A14F0F4
:106EC0003FFA6FF00F0010BD1468011D4460506858
:106ED000116000B95160D3E8EF2F42F00101C3E81F
:106EE000E01F0028F7D1D30701D50020EBE70D4BB9
:106EF000D3E8EF1F21F01001C3E8E21F002AF7D109
:106F00000948FDF785F9F0E76FF01500DBE76FF052
:106F10007700D8E7B04C0020A84C0020A016030052
:106F2000205703006C120020CC150020044BD3E83E
:106F3000AF3F13F0100F034808BF0020704700BF99
:106F40006C120020A455002070B50546194803684E
:106F50008B4228D0184BD3E8AF3FDA0626D503681A
:106F600013B16FF00F0070BD144AD2E8AF3FDB07DA
:106F7000F7D4D2E8EF3F43F00204C2E8E64F002E18
:106F8000F7D113F00204ECD1016029460C48FFF759
:106F9000F3FD0C4805F12001FFF7EEFD0A48FDF76F
:106FA00037F92046DFE76FF07700DCE76FF07C0011
:106FB000D9E700BFAC4C00206C120020A84C002088
:106FC0006455002084550020BC15002010B50446EF
:106FD000FCF7F4FA044901EB00112046FDF754FADE
:106FE000BDE81040FEF78EB9B84C002070B50546DC
:106FF000134B1C6844B154F81C3C1C3C13B128468C
:10700000297B9847E469F5E70E4C0F4EB44215D939
:107010000E4940F2B6730E4A0E4813F047FB0E4875
:1070200013F044FB40F2B671094813F036FB2368B5
:1070300013B12846297B98472034E7E7F7D370BD82
:10704000EC4C002028160300681603007E5703004E
:107050004E570300232D03004A34030008B50B4BA1
:107060001B7873B90A4940F246330A4A0A4813F0BA
:107070001DFB0A4813F01AFB40F24631054813F095
:107080000CFBFBF775FF064B185808BD8A5800200B
:10709000AC2F0300812F0300232D0300BF2F03001B
:1070A0000800000010B50C46817801290BD00C496E
:1070B0000C4840F2EE330C4A13F0F8FA40F2EE318D
:1070C000094813F0EAFAA16904F118001160E269B5
:1070D00000211A60E27ABDE8104019F012BC00BF2E
:1070E00099570300232D03004E57030070B5054642
:1070F0000022002316480CF079F938BB154B1C68A8
:1071000034B154F8143C1C3C03B19847E469F7E7E8
:10711000114C124EB44213D9114940F27C63114A0A
:10712000114813F0C3FA114813F0C0FA40F27C6121
:107130000C4813F0B2FAA36803B198472034E9E78A
:10714000F9D32846BDE870400CF074BD70BD00BF97
:10715000E0180020EC4C00202816030068160300FD
:107160007E5703004E570300232D03004A340300CB
:107170002DE9F0410446FFF771FF1B4BD3F888302F
:10718000834223D140270025EFF3118287F3128831
:10719000BFF36F8FE16929B1206A0B688142E36117
:1071A00008BF236282F31188BFF36F8FD1B1D1E999
:1071B00001680E48C1E9015517F0F4FD1EB1002227
:1071C00041462046B047FEF79DF8DDE708490948EB
:1071D0004FF49373084A13F069FA4FF49371064819
:1071E00013F05BFABDE8F081C04700203819002099
:1071F000AB570300232D03004E5703001FB5044671
:107200000430D0E8EF3F43F48062C0E8E12F00296A
:10721000F7D15B053CD415F04DF8800324D5E17817
:10722000002937D0012941D0637B072B30D1264B71
:1072300093F8D8309B062BD514F07EFE40B30DF1A9
:107240000E0103A8FEF77EF910BB2046BDF80E2004
:10725000BDF80C1014F0DEFE0346C8B101211B4A34
:107260001B4815F02AF813E0E37823B1164B93F886
:10727000D8301907D3D5204614F0B1FE034620B10B
:107280000121144A124815F018F8637B072BC6D069
:1072900004B010BD0C4B93F8D930DA0708D40223A0
:1072A00002210D4A0A4815F008F8BDE70023F7E768
:1072B000022320461A46009114F0CBFE0346002814
:1072C000B2D00121054AEDE7981100204258030091
:1072D00088160300F1570300125803002B580300CF
:1072E0000448B0F8FC3000F58070002B08BF002087
:1072F000704700BF9811002070B588B004460E4654
:10730000FFF7ACFE144BD3F88820824205D120460B
:1073100008B0BDE87040FFF72BBF24342146184663
:1073200017F0BAFD051E0FDA4FF4AF730B4A0C4984
:107330000C4813F0BBF929460B4813F0B7F94FF48A
:10734000AF71064813F0A9F91EB1694620460CF04A
:1073500077FC08B070BD00BFC04700204E57030047
:10736000B0350300232D03005E58030038B500221A
:1073700004468A4202D10024204638BD012004F18F
:10738000C403D3E8EF5F002D04D1C3E8EC0FBCF1D8
:10739000000FF6D102D0C8340244EAE7002CEAD04C
:1073A000C4220021204619F0ACFA04F1400004493F
:1073B0000CF0C6FD034904F124000CF013FBDBE7DD
:1073C000B1840100BFC20200F7B516460D46012187
:1073D0000446FFF791FF012E23D0022E52D12369DC
:1073E0003BB131480121314A13F0AAFF204614F085
:1073F0008AFF256121690B8A012B53D9CA6812883B
:10740000043292B293424DD343D9012100922648CF
:10741000274A13F0A8FF204603B0BDE8F04014F05F
:1074200072BF206940B9234A31461F4813F088FFD4
:10743000204614F068FF01E02A8A2AB9284603B0E2
:10744000BDE8F040FCF796BA018A438A47695B1AA7
:10745000C168C91B5B1A9A420CD9174A31461248B7
:1074600013F06EFF00222046216901F0D1FB0023BA
:107470002361E3E7E9680C3014F0BDFB2846FCF714
:1074800079FAB7E7012133460C4A074814F015FF93
:10749000CEE7002301222046236103B0BDE8F0407F
:1074A00001F0B6BB03B0F0BD8816030079580300A5
:1074B000F958030096580300B4580300DB58030042
:1074C000034610B590B100F1C402104614F0F2FE6C
:1074D000C0B1411CD2E8EF4F844204D1C2E8EC1F96
:1074E000BCF1000FF6D1F0D1184610BD064907488F
:1074F00040F2B553064A13F0D9F840F2B5510448AA
:1075000013F0CBF80346EFE7485C0300232D03009C
:107510004E57030038B5044670B9284940F2DF538E
:10752000274A284813F0C2F8274813F0BFF840F262
:10753000DF51234813F0B1F824300CF0C9FA04F1FC
:10754000C403D3E8EF2F511EC3E8E51F002DF8D187
:10755000002A0CDC1D494FF4BE63194A194813F088
:10756000A5F81B4813F0A2F84FF4BE61E1E7012A29
:1075700023D160B1174940F2F953114A114813F071
:1075800095F8154813F092F840F2F951D1E7134BF2
:107590009C4212D303F1C80294420ED2E41AC823CB
:1075A000B4FBF3F203FB12443CB90D480BF0A0FE10
:1075B000BDE838400B480CF03DBB38BD485C0300CB
:1075C0004E570300232D03001459030033590300C1
:1075D0003B590300595903006D590300383A002004
:1075E000E0180020EC15002010B50446FFF768FFF6
:1075F0000DF0C0FC0C4B04F1B801D3F8143143B9C1
:107600000A4814F047FE0DF027FDBDE81040FDF7D5
:1076100079BE994201D01B68F1E70DF01DFD2046AF
:10762000FFF778FFF1E700BF98110020AC120020AF
:107630002DE9F843457B04468D420E4600AF1DD12F
:10764000082D98BF694B6C4688B094BF53F825301D
:10765000674B6A466749CDE905134FF40073ADF8EF
:107660001C30654B42F8103F00234FF4E45163484F
:10767000F9F746FAA546BD46BDE8F8834173DDB18A
:10768000022D1CD0637B082B00F2AD8001A252F8C2
:1076900023F000BFD5760100777701003F77010026
:1076A0007776010077760100777601007776010022
:1076B000CD76010077760100FFF702FFE2E78378DD
:1076C000012BDFD140300CF0D1FDDBE70023C4E912
:1076D0000D33D0E7082DCED8DFE805F02A052117B5
:1076E0002626212A2A0004F1400528460CF0BEFD7A
:1076F00001212046FFF700FE204614F004FE002280
:10770000002328460CF0ACFDB5E7022014F0B9FDCB
:10771000034620B102213A4A384814F0CEFD237BBB
:1077200013B12046FFF762FC2046FFF7F3FEA2E705
:107730003346344A0221314814F0BFFD9BE7A37859
:10774000012B98D1304B9D8A002D94D00A2347F607
:10775000122640F2E73000215D434FF47A72002395
:10776000E5FB0601F2F710F902460B4604F1400072
:107770000CF0EEFC7FE7237B3E2B0FD16D4688B0EB
:107780006A46224BCDE90534032342F8103F00231B
:107790004FF4C4511948F9F7B3F9AD461A4D05F540
:1077A0008078616911B9FDF7ADFD64E7A2690B68E6
:1077B000914208BFA36163610023D1E901691448C4
:1077C000C1E9013317F0EEFA26B16FF06D024946B8
:1077D0002046B047B5F8FC30002B14BF40460020CF
:1077E0000BF086FDDDE70B4A3346A3E72C1F0300B1
:1077F000A4590300AE5903000300000188160300DA
:10780000BF590300F059030098110020075A0300E4
:10781000381900202E5A0300F8B5074609480D46CE
:107820001646FFF74DFE044650B183781F4203D140
:10783000BDE8F840FFF76EBE3146A8472046F7E79F
:10784000F8BD00BF383A0020002201200149FFF7AF
:10785000E3BF00BFFBC2020070B505460E480E46EE
:10786000FFF72EFE0446A0B1437B012B02D0073B5D
:10787000012B0CD82388AB4208D1A3781E4209D132
:1078800002212B46054A064814F017FD2046FFF753
:1078900041FE0024204670BD383A00204A5A0300B9
:1078A0008816030008B5114B98420AD303F1C802A9
:1078B000904206D2C822C01AB0FBF2F302FB1303B7
:1078C00073B10B4940F21B630A4A0B4812F0EEFEFB
:1078D0000A4812F0EBFE40F21B61064812F0DDFE92
:1078E000074BC0105843C0B208BD00BF383A002053
:1078F000615A03004E570300232D0300D85B030099
:10790000295C8FC22DE9F84305460F4616461C46F2
:107910009046994617F0D0FA58B11749174840F2E7
:107920003763174A12F0C2FE40F23761144812F072
:10793000B4FE34430BD0FFF791FB124BD3F88830E1
:10794000834207D10221104A104813F0F9FC4FF08E
:107950000008C1460E4942464B46002D14BF28463A
:10796000084614F037F9044618B1791D0C30FCF7BD
:1079700011F92046BDE8F883F25B0300232D0300D4
:107980004E570300C0470020015C03008816030027
:107990004C19002010B5044605480CF04BF9204660
:1079A00000F0EAFF2046BDE81040FFF71FBB00BF14
:1079B000DC15002010B5437B0446023B062B35D86E
:1079C000DFE803F00D043434342732000173002162
:1079D000FFF72EFEBDE810400220FEF705BF8378BA
:1079E000012B06D140300CF041FCBDE81040FDF702
:1079F000B7BE4FF4F4630F4A0F49104812F056FE19
:107A0000A1780F4812F052FE4FF4F461094812F0C9
:107A100044FE008814F0BFFA38B9637B072B03D10A
:107A200008212046FFF704FE002010BD6FF07F0004
:107A3000FBE700BF4E570300CC7D0300232D03005E
:107A40002A5C03002DE9F04F002387B000AFFB60F4
:107A50007B619D4B5A8B3AB19C4DD5F814413CB992
:107A60001C37BD46BDE8F08F1B68002BF4D1F7E74B
:107A700054F8B83903B1B83B0026954913E01346D2
:107A8000B5F8FC20002A00F0D881D5F80821C2B949
:107A900004F1B806002BE3D0D3F8B8201C46002A26
:107AA000EDD0A2F1B8039C42EAD18A4940F2B93341
:107AB000894A8A4812F0FAFD40F2B931864812F03C
:107AC000ECFD0A68002AE3D0D4F8A420002ADFD015
:107AD000D4F8A820002ADBD0D4F8AC20002AD7D0D4
:107AE000637B072B41D12046904700283DD004F10D
:107AF000BC0014F0DFFB022837DC2046FFF7E0FC77
:107B000004460028ACD0637B072B40F093812046CD
:107B1000D4F8A430B5F8FC1007F11002984780465D
:107B2000002800F07581B5F8FC203B699A4208D323
:107B30000146D4F8A860204607F1140307F10C02AF
:107B4000B0473B69D7F80CA07B60B8F81030D7F885
:107B50001490002B3BD162494FF424735E4A5F4876
:107B600012F0A4FD4FF42471A8E704F1B803B34266
:107B700009D15C4940F2D633574A584812F096FD75
:107B800040F2D6319AE7D4F8B820C6B9D5F8181122
:107B9000C5F814218B4201D1C5F8182100232046D5
:107BA000C4F8B830D4F8AC3098470028ABD0637B29
:107BB000072B40F03F812046FFF716FDA3E7326018
:107BC000D5F81821934208BFC5F81861E6E740468A
:107BD00014F03EF948B1424940F297233E4A3F48EB
:107BE00012F064FD40F2972168E7B5F8FC303E489A
:107BF000002B08BF0020002200230BF0F7FB60B130
:107C0000374940F2A723344A344812F04FFD374831
:107C100012F04CFD40F2A72150E7002200232C482F
:107C20000BF0DAFA064660B92D4940F2B2232A4A2F
:107C30002A4812F03BFD2E4812F038FD40F2B221E6
:107C40003CE7C0E901A97B68B5F8FCB05B4598F852
:107C5000083098BFB7F804B0013B012B09D925497A
:107C600040F2D2231C4A1D4812F020FD40F2D221DE
:107C700024E7404614F0ECF8814638B11E49AC23A5
:107C8000154A164812F012FDAC2117E701460022F2
:107C900000230D48FBF7CCFC824658B1FBF78EFC65
:107CA000164B414603EB00135A465046FCF714FCB2
:107CB000804638BB124940F2DB23074A074812F0DE
:107CC000F5FC40F2DB21F9E6D019002098110020E4
:107CD00038190020415C03004E570300232D030098
:107CE000CC7D03004D5C030098120020685C03000B
:107CF0007D5C03008D5C0300B55C0300B84C002084
:107D0000CF5C03007B68B5F8FC2094F8C0B09342C8
:107D10008CBF4FF001090BF1020384F8C09098BFAB
:107D20005FFA83FB04F1BC09D9E8EF2F0132C9E8FF
:107D3000E12F0029F8D104F11403314618467B6085
:107D400014F0A8FA94F802A0BAF1010F64D108F176
:107D50000C02042110467A60FBF75EFF21880BF0CD
:107D6000FD0341EA03330380B8F810307A68043B1E
:107D700043800221104613F05AFF4046FDF7DEF91A
:107D8000002857D07860D9E8EF2F013AC9E8E12FF1
:107D90000029F8D1314604F1140014F093FA284A6E
:107DA00051467B68274814F088FA4046FBF7E2FD0D
:107DB000D6E9018900233146C6E90133224816F08D
:107DC000F1FFB8F1000F04D06FF06D024946204674
:107DD000C047B5F8FC301D48002B08BF00200BF051
:107DE00087FA6D4688B06A46194B05936FF0040315
:107DF000CDE90634042342F8103F4FF401511148F5
:107E00000023F8F77DFE1321AD462046FFF7D2FD93
:107E10002046FFF77FFB23E640F2FF230D4A0E4981
:107E20000E4812F043FCA1780D4812F03FFC40F2DE
:107E3000FF2143E6FDF766FAEAE79368FFDE00BF3D
:107E40003D4E0300881603003819002098120020C8
:107E5000005D03004E570300CC7D0300232D03007B
:107E6000E35C030040F2E2432DE9F041D0F8886082
:107E70000446B6FBF3F6031D184614F01BFA820401
:107E8000B6B213D5B4F88C20B2420FD8B4F88E2015
:107E9000B2420BD3D4E92412914207D1D3E8EF1FA9
:107EA00021F40051C3E8E21F002AF7D1184B1D68E6
:107EB00065B155F80C7C1C3D37B131462046B4F80D
:107EC0009230B4F89020B847ED69F1E7114DDFF832
:107ED0004880454519D9114940F2FC73104A1148B0
:107EE00012F0E4FB104812F0E1FB40F2FC710C4888
:107EF00012F0D3FB2F6937B131462046B4F89230E7
:107F0000B4F89020B8472035E3E7F3D3BDE8F0811B
:107F1000EC4C002028160300681603007E5703006F
:107F20004E570300232D03004A3403002DE9F0418E
:107F3000074608460D4614F001F8064618B9002613
:107F40003046BDE8F0811C4B1C6884B154F8103CED
:107F50001C3C0BB9E469F8E72946384698470028E5
:107F6000EDD0284613F0EAFF0028F3D1E7E7134CE1
:107F7000DFF84C80444518D9124940F63D03124AB7
:107F8000124812F093FB124812F090FB40F63D01AC
:107F90000D4812F082FB2946384698470028CED07B
:107FA000284613F0CBFF20B9C9E7C9D2E368002BFC
:107FB000F1D12034DEE700BFEC4C0020281603008E
:107FC000681603007E5703004E570300232D03005D
:107FD0004A3403002DE9F041C37804468BB900F11F
:107FE0007E06194B1D687DB11C3D04F170076B695D
:107FF0001BB13A46314620469847ED6925B11C3DF4
:10800000F5E700F17706ECE7104D114F04F1700829
:10801000BD4216D90F4940F6C5130F4A0F4812F05A
:1080200045FB0F4812F042FB40F6C5110A4812F01A
:1080300034FB6B691BB142463146204698472035D8
:10804000E6E7F6D3BDE8F081EC4C002028160300EB
:10805000681603007E5703004E570300232D0300CC
:108060004A340300F8B5437A05468372164614F085
:10807000DCFA154B1C684CB154F8043C1C3C1BB199
:1080800032462846697A9847E469F4E70F4C104F66
:10809000BC4216D90F4940F61E230F4A0F4812F072
:1080A00005FB0F4812F002FB40F61E210A4812F0B1
:1080B000F4FAA3691BB132462846697A98472034FE
:1080C000E6E7F6D3F8BD00BFEC4C0020281603000D
:1080D000681603007E5703004E570300232D03004C
:1080E0004A34030038B505460C460F480121FFF716
:1080F0003DF9C0B1057223680367A388A0F8743006
:10810000A37980F876300123437283728370074B22
:10811000C0F8A430064BC0F8A830064BC0F8AC300D
:10812000054BC0F88C3038BD383A00203588010046
:10813000A5700100A9C202001800280070B505460C
:108140000A480E46FFF7BCF9044620B18378012B9C
:1081500004D0FFF7DFF90024204670BD32462946DF
:1081600014F096F90028F7D12046F2E7383A0020BB
:10817000F0B589B000AF0D46FFF7E0FF044618B335
:1081800029463846FBF70AFE637B6D46082B98BFED
:108190000F4A8AB094BF52F823300E4B6A46CDE99D
:1081A00007730D4B0D4909930D4BCDE9051442F8AA
:1081B000103F00234FF442510A48F8F7A1FC204633
:1081C000AD46FFF7A7F901202437BD46F0BD00BF3B
:1081D0002C1F0300A459030001030204235D0300C4
:1081E000050000028816030038B50446134814F051
:1081F00061F8420702D46FF00A0038BD084613F058
:108200009DFE10B96FF01500F7E7FEF7ABFC0028F4
:10821000F1D10A4814F04EF80306C0F3C0150AD491
:1082200014F00BF80028EDD021462846FFF7A0FFF8
:108230000028E2D0E6E76FF07700DEE76C1200205E
:10824000F8B505460E480E461746FFF739F90446BD
:1082500020B18378012B03D0FFF75CF900240DE0F7
:1082600036B13246294614F013F908B92046F3E72F
:10827000637BBB42FAD1237AAB42F7D12046F8BDEB
:10828000383A002070B58B780646012B0C4692B028
:1082900042D191F8703007AD032B37D8DFE803F0F7
:1082A000023032341E492846F4F7FAFF059594F857
:1082B00071301E21049394F872301A4A039394F893
:1082C00073300AA8029394F87430019394F87530CF
:1082D000009394F8763011F047FD32460AAB10ADAA
:1082E0001C4603CCAC4210605160234602F10802E8
:1082F000F6D1206810603046A388938012B070BD1C
:108300000949D0E70949CEE70949CCE70A212846BF
:10831000084A11F029FDC9E700238DF82830DCE771
:108320005027030072270300572703005E2703002E
:1083300068270300417003002DE9F04104460F4611
:1083400015469846002B6ED01B6823B10221394A8E
:10835000394812F0F5FF29462046FFF745FF06464B
:1083600000283FD12046294614F068F8044600282A
:108370005CD097E80F00314D05F1080C8CE80F0038
:10838000AB8A002B08BF4FF49673AB822B8A03B9DC
:10839000AB892B826B8A03B9EB8929486B8213F076
:1083A00089FF430501D5FDF7BDFE95F8112195F82C
:1083B00010319A4219D903212046FFF739F90220DA
:1083C000FEF712FA054658B1022013F05AFF204674
:1083D0000021FFF72DF92046FFF79CF82E4601E01B
:1083E000C8F800403046BDE8F08102212046FFF782
:1083F0001FF9204613F0CDFD05460028F0D00021DE
:1084000020462173FFF714F92046FFF783F8032075
:10841000FEF7EAF903460028E0D00221094A06489F
:1084200013F04BFFDAE76FF01506DBE76FF00B0692
:10843000D8E700BF5C5D0300881603009811002098
:108440006C1200205849030038B5044608460D4612
:1084500013F074FD38B3154B93F8D830990707D44F
:10846000E37873B129462046BDE8384000F0FCBBF4
:1084700094F898309A07F3D5201D13F01BFF43049E
:10848000EED42946204614F029F858B92B88A4F8D0
:108490008C306B88A4F88E30AB88A4F89430EB88CD
:1084A000A4F8963038BD6FF01500FBE79811002056
:1084B000F7B510F8333C0446A0F140068BBB3046BC
:1084C00014F056F83A4B1D684DB155F8183C1C3D58
:1084D0001BB1304614F8341C9847ED69F4E7354D6C
:1084E000354FBD4216D9354940F2C573344A354837
:1084F00012F0DCF8344812F0D9F840F2C571304877
:1085000012F0CBF86B681BB1304614F8341C984756
:108510002035E6E7F6D3304603B0BDE8F040FEF77D
:10852000F9BF10F83E3C012B3AD110F83D3C8BB915
:10853000FDF716F9693033D10221244A244812F09C
:10854000FFFE40F239120023204603B0BDE8F040A0
:108550000BF086BEA0F13C05D5E8EF3F23F40052B6
:10856000C5E8E12F0029F7D19B0411D5E36C6946DA
:108570000093636D30460193FFF766FF034688B9A9
:10858000D5E8EF3F23F48053C5E8E23F002AF7D156
:10859000D5E8EF3F43F40063C5E8E23F002AF7D196
:1085A00003B0F0BD02210B4A094813F086FEEFE745
:1085B000EC4C002028160300681603007E570300C9
:1085C0004E570300232D03004A340300915D03003E
:1085D00088160300C45D03000C4B10B9186000201E
:1085E00070471A6872B90269002AF7D1026832B975
:1085F000426822B9826812B94269002AEED06FF04F
:10860000150070476FF07700704700BFFC4C0020EA
:1086100008B568B1094B00F10C011A6822B9074886
:1086200013F038FE104605E0914204D01268F5E7D9
:108630006FF0150008BD6FF07700FBE7F44C0020E9
:1086400038B5174816F0A5FB1649154816F0AAFBD1
:108650001549134816F0A6FB1449114816F0A2FB61
:1086600014F0EDFB04F0D4FB0446B8B905F00EFF9E
:10867000044698B914F03BF80D48FEF721FF054673
:1086800060B1043013F016FEC30704D50321284659
:108690002C72FEF7CDFF2846FEF73CFF204638BD82
:1086A00038190020C84C0020D44C0020E04C002099
:1086B000383A002010B50268D2F8B0305BB90D49E5
:1086C0000D484FF43C730D4A11F0F0FF4FF43C712C
:1086D0000A4811F0E2FFD2F8B4401968A34200F151
:1086E000440008BFC2F8B4108342C2F8B010E6D10B
:1086F00010BD00BFA35E0300232D0300725E0300C4
:1087000003460121014A024812F023BEBD5E030068
:10871000D016030080B500AF88B06A46074BCDE99C
:108720000530032342F8103F00234FF4C2510448A0
:10873000F8F7E6F96FF00B00BD4680BDE55E03007B
:10874000D016030008B5064A136823B905485060DF
:1087500018460A6008BDFFF7DDFF6FF00B00F9E770
:10876000004D0020781F030070B5044652EA030054
:1087700007D1002213462046BDE870400431FFF7C0
:10878000C1B80E48007870B90D4940F246330D4A21
:108790000D4811F08BFF0D4811F088FF40F2463173
:1087A000084811F07AFFFAF7E3FB094D094ED5F8B6
:1087B000885030588542DED1DBE700BF8A58002060
:1087C000AC2F0300812F0300232D0300BF2F0300D4
:1087D000C04700200800000073B5054618462B6806
:1087E0000BB35B7B072B1ED1002A0CBF0123022396
:1087F0000E7A9E4209DD01210C4A0D48009612F0C6
:10880000B2FD6FF0150002B070BDCB7A072BF8D91E
:10881000C8618A6105F1300016F0C4FA284613F0E9
:1088200087FE0020EFE76FF07F00ECE70C5F0300AE
:10883000D01603002DE9F84F064688469146D0F839
:10884000B04000AF3CB1443C236B5BB92046FFF71E
:1088500031FF646CF6E7FCF755FD00263046BD4657
:10886000BDE8F88F04F1300A504616F0B0FA05461C
:108870000028F0D0737B072B0BD0384940F2D63359
:10888000374A384811F012FF40F2D631344811F01F
:1088900004FF13F0DDFA80B16C4688B06A46324BB3
:1088A000CDE90535032342F8103F00234FF4C251B0
:1088B0002E48F8F725F9A546CFE72846FBF79CF8A0
:1088C000A56C06469DB9A38C058A403B9BB23F2B05
:1088D00003D8238D9D4228BF1D46042106F10C00BC
:1088E000FBF79AF90580A38C04354380A5644545C0
:1088F0002AD8B6F810B0AB4512D10022002350465A
:108900000AF06AFC864209D019494FF48163144A7F
:10891000144811F0CBFE4FF48161B7E7FBF72AF85A
:10892000A38CA3F140023F2A06D8AB451ABF002210
:108930001346104AF361B2612046FFF7BBFE236B7A
:1089400013B1204613F0F4FDA36C98452CBF002111
:10895000A3EB0801C9F80030A1647FE72C5F030096
:10896000725E0300232D03004D5F0300D016030049
:10897000655F0300A1C602002DE9F34104464FF0F4
:1089800000083D4D3D4FBD4271D93D494FF4D37371
:108990003C4A3D4811F08AFE3C4811F087FE4FF4F6
:1089A000D37110E029884B1E3E2B0FD940F2A9133A
:1089B000344A3749344811F079FE2988354811F096
:1089C00075FE40F2A9112F4811F067FE204613F002
:1089D0005EFE0646019068B140F2AD13294A2E4969
:1089E000294811F063FE29882C4811F05FFE40F2FF
:1089F000AD11E8E720466B6801A99847002831DBF4
:108A0000019B2A889A829A8403F11002D2E8EF1F10
:108A1000C2E8E06F0028F9D15E649E649E60A16B9D
:108A200003F1080201BBC4E90D221C60C3F80C80ED
:108A300003F1300016F0ADF9019843681B6803B1EB
:108A40009847019B1033D3E8EF1F41F00101C3E8C1
:108A5000E21F002AF7D101984368DB6913B100F1E6
:108A60001001984708358EE70A60A263DDE799D3C5
:108A700002B0BDE8F08100BF101603002816030005
:108A80000E600300725E0300232D03004A340300CE
:108A9000755F0300A45F0300CF5F0300E35F030083
:108AA0007FB50D460646042105F10C00FBF7F2F8F0
:108AB0002A8A43880446934208D000931346444AC6
:108AC0000121444812F04FFC04B070BD417839B91F
:108AD0000121414A3F4804B0BDE8704012F030BC6B
:108AE0000278122A22D0132A1AD0012AECD00221AD
:108AF00013463848394A12F02CFC617802220120D2
:108B0000356813F0AAFD04460028DDD002210C30A0
:108B1000FBF762F80023214603704370284624E0E7
:108B2000022BD1D0022200922D4AC9E7082B03D094
:108B3000082200922B4AC3E73468637B072B02D0DC
:108B40000221294AC6E7E378A3B10222012013F0EB
:108B500084FD05460028B7D002210C30FBF73CF815
:108B60000023294603704370204604B0BDE87040DE
:108B700013F0A3BDEB6813201A88ADF808205A88BB
:108B8000ADF80A209A88ADF80C20DB880222ADF8F7
:108B90000E3013F062FD0546002895D002A920464C
:108BA000FFF7C4F90646022105F10C00FBF714F8A3
:108BB00086F00103DBB203802946204613F07DFDD9
:108BC000002E81D0204602A913F088FC7CE700BF6C
:108BD00035600300D016030056600300E260030016
:108BE00077600300A2600300D460030008B50B8A1D
:108BF000032B06D80121044A044812F0A1FB0020EF
:108C000008BDFFF74DFFFAE70A610300D016030025
:108C100038B50B8A0546032B0C4609D801210F4AAB
:108C20000F4812F08DFB2046BDE83840FAF7A2BE8F
:108C3000042104F10C00FBF72DF84188284613F0BD
:108C40004DFD30B9074A0B460548022112F081FB61
:108C5000E9E7436821465B699847E4E72861030038
:108C6000D01603004561030070B5134A0C46137813
:108C70000646013313F0FF010ABF01230B461946D4
:108C800013701220082213F0E8FC054688B1082171
:108C90000C30FAF7A1FF22882946028062884280C0
:108CA000A2888280E288C2803046BDE8704013F01E
:108CB00004BD6FF00B0070BDE455002023281FD8C1
:108CC0001A2804D8431E182B0ED906207047A0F18D
:108CD0001B03082B1ED8DFE803F0051D1B231D19FD
:108CE000251D05000320704701230F4A83401A40C9
:108CF000C2B90E4A1A40002A0CBF06200120704754
:108D000000F07F03522B05D10020704701207047EF
:108D10000520704710F0400F14BF00200620704758
:108D20000420704702207047AAAA8A0254554501C0
:108D300038B50446EFF31185402383F31288BFF35F
:108D40006F8F24480CF0DAFE68B98423224A234945
:108D5000234811F0ABFC1F49224811F0A7FC8421E5
:108D60001D4811F09AFC1B480CF0ECFE0023236018
:108D70001D4B5A689AB9C3E9004416480CF0CCFE62
:108D800080B94FF49973144A1849154811F08EFCB4
:108D90001049174811F08AFC4FF49971E0E714600C
:108DA0005C60EAE785F31188BFF36F8F11480AF022
:108DB00041FF031E0CDA01210F4A104812F0C9FAD4
:108DC000002383F31188BFF36F8F0323184602DF5C
:108DD00038BD00BF544D002007300300343003007D
:108DE000232D0300493003004C4D00205F30030069
:108DF00076300300241600208161030078160300FA
:108E0000011F014809F090BEC817002008B50B4BA0
:108E10001B7873B90A4940F246330A4A0A4811F0EE
:108E200045FC0A4811F042FC40F24631054811F079
:108E300034FCFAF79DF8064B185808BD8A580020F4
:108E4000AC2F0300812F0300232D0300BF2F03004D
:108E50000800000010B50446807AFAF7A7FB0B4B18
:108E600083420BD00A490B484FF4B5730A4A11F0FC
:108E70001DFC4FF4B571084811F00FFC2046FAF7BD
:108E80009DFB1822054B02FB003010BD7819002015
:108E9000D9610300232D0300AA610300584D00206F
:108EA0002DE9F84F074608460C46FFF7D3FFE36865
:108EB0000646D0F8089007F15002D2E8AF2FD2074B
:108EC00009D40121294A2A4813F034FC6FF0150512
:108ED0002846BDE8F88F228A5AB9264926484FF419
:108EE000DA73264A11F0E2FB4FF4DA71234811F0ED
:108EF000D4FBE26812780271002202601B78D22B48
:108F00000FD13B682146186814F0C5FF054640B1F3
:108F100001211B4A164813F00DFC2046FAF72AFDE2
:108F2000D6E70023D4F80C80D4F814B0B4F810A01D
:108F30001A462146B760381DFFF74EFC054600284B
:108F4000C6D010F1690F04D101210E4A084813F070
:108F5000F1FB6369A8EB0B0813FA88F3E360A4F84C
:108F600010A0C6F808903560B2E700BF05620300A4
:108F7000781603001F620300232D0300AA6103007B
:108F800045620300586203000121024A024813F0BF
:108F9000D1BB00BF7B6203007816030010B5044606
:108FA00000F14C03D3E8EF1F41F00101C3E8E21FD9
:108FB000002AF7D1201F13F0D8FB04F16C000449FC
:108FC0000AF0BEFF2068BDE8104003F0C1BD00BF3D
:108FD00019A0010073B50E46438D418B01328B42BF
:108FE00028BF0B469A42054609D9022100921A4829
:108FF0001A4A12F0B8F90024204602B070BD30467B
:10900000FFF75CFE6FF01403034113F001030ED071
:10901000FFF7FCFE124BD3F88830834219D0114B76
:109020001B681A1A18BF4FF0FF32134600E00E4AB1
:1090300000210E48FFF798FB04460028DCD0FFF71C
:1090400009FF0121856004F10C00FAF7C5FD0670E7
:10905000D2E70022E9E700BF781603009862030018
:10906000C0470020A04D00201C4E0E0078190020A3
:1090700070B5044601F10C000D4612F0E7FD2668BC
:1090800001462B8AEA68306814F032FD1E21002266
:109090002046FFF79FFF014630B90121044A0548E9
:1090A00013F048FB002070BD204613F066FCF9E782
:1090B000BD62030078160300F0B51D4603680E4636
:1090C0000039044618BF012187B01868174614F00C
:1090D00020FD40B904F1500013F081FC002846D077
:1090E000002007B0F0BD002D43D0182200216846B3
:1090F00017F007FC6FB1002213212046FFF76AFF2B
:10910000019030B91C4801211C4A13F013FB1120B7
:10911000E7E7236829461B68284600930023ADF83B
:1091200012300C9B164A0393BDF834308DF808605A
:10913000ADF8103001238DF814306B4613F02BFC82
:109140009DF8143063B1002FCAD00198FAF712FCD1
:109150002A46314620469DF8143013F04BFCBFE7F9
:1091600001990029BCD0204613F007FCB8E7122073
:10917000B7E70120B5E700BF78160300DA62030005
:10918000D3C702002DE9F3410B8A04460D4643B9CB
:109190000121294A294813F0CDFA002002B0BDE888
:1091A000F0810768012105F10C00FAF773FD7B7B64
:1091B0000646072BF1D154F8043C002BEDD00022D9
:1091C00003781F4F043C17F832004FEAC208984258
:1091D00007EBC20114D12A8A4878904226D901218E
:1091E000009316481346174A12F0BDF8042347446B
:1091F000BA78012AD1D1002BCFD00022317811E0EA
:1092000001321C2ADFD1104A02210C4812F0A1F8C9
:1092100031780846FFF752FD2122C24012F00102C8
:10922000BBD10623204613F0E5FBB6E74B6820468A
:10923000294698470346DAE7F362030078160300ED
:10924000A01F0300286303000E630300F8B5104A53
:10925000074600230F480D4612F0BCFC044638B9FF
:1092600001212B460C4A0D4812F073F82046F8BD38
:1092700000F10C0609213046FAF78CFC2046FFF776
:10928000E9FD012187603046FAF7A6FC0570EDE79D
:109290001C4E0E0078190020BD5E030078160300F6
:1092A0002DE9F0410E8A0446043EF6B2022E08462D
:1092B0008CB001D0102E64D104210C30FAF7EAFCF6
:1092C0000DF1080805884788011D3246404612F016
:1092D00048FD002857D0A5B300268FB3AF4230D346
:1092E0004FF42053404601A98DF80460ADF80630D4
:1092F00012F00AFD48BB1422002107A817F001FB59
:1093000011212046FFF7A2FF0990002837D0012144
:109310000C30CDE90748FAF75FFC00230A90394684
:1093200003701A4A0B93284607AB13F034FBDDE9B0
:1093300009131B78FBB90846FAF71CFB0A2301E066
:109340003D4601232A4610210EE042F60103404625
:1093500007A98DF81C60ADF81E3012F0D5FC00286E
:10936000C9D010232A461946204613F043FB00209B
:109370000CB0BDE8F081204613F0FFFAF7E71120AA
:10938000F6E70420F4E70E20F2E700BFE5980100BD
:109390002DE9FF41036804460D461868012114F0C9
:1093A000B8FB40B904F1500013F019FBA0BB122028
:1093B00004B0BDE8F08110220021684617F0A1FA40
:1093C00021212046FFF742FF029038B34FF00108F9
:1093D000009405F10C072B8A012B04D82046029932
:1093E00013F0CBFA18E0384612F030FC6B46014619
:1093F0000B4A06468DF80C8013F0CDFA9DF80C3020
:10940000002BE8D00298FAF7B5FA32462021204620
:109410009DF80C3013F0EEFA0020C9E71120C7E7E1
:109420005DCC02002DE9FF41036804460D46186833
:10943000012114F06EFB40B904F1500013F0CFFA93
:10944000A0BB122004B0BDE8F081102200216846C4
:1094500017F057FA0F212046FFF7F8FE029038B3B5
:109460004FF00108009405F10C072B8A012B04D85A
:109470002046029913F081FA18E0384612F0E6FB14
:109480006B4601460B4A06468DF80C8013F083FAB2
:109490009DF80C30002BE8D00298FAF76BFA3246B0
:1094A0000E2120469DF80C3013F0A4FA0020C9E7E5
:1094B0001120C7E7E1CC0200F0B51D460368044661
:1094C0000E4685B001211868174614F022FB38B902
:1094D00004F1500013F083FA50BB122005B0F0BD28
:1094E00065B310220021684617F00BFA3946204672
:1094F000FFF7ACFE029018B3BDF828302946ADF84E
:109500000430012328468DF80C300E4A6B46009437
:1095100013F041FA9DF80C3002995BB10846FAF756
:1095200029FA2A46314620469DF80C3013F062FA9B
:109530000020D3E7204613F020FAF9E70120CDE719
:109540001120CBE7E1CC02002DE9F0410E8A044660
:10955000043EF6B2022E08468CB001D0102E76D111
:1095600004210C30FAF796FB0DF1040805884788B2
:10957000011D3246404612F0F4FB002869D085B345
:1095800077B3BD422DD80121606814F0C2FA0646B7
:1095900078BB42F602038DF8000069464046ADF8FC
:1095A000023012F0B1FB20B342F60303404606A995
:1095B0008DF81860ADF81A3012F0A6FBC8B1012D75
:1095C00003D14FF6FF739F4213D004F1500013F004
:1095D00006FA002814BF002012200CB0BDE8F0816C
:1095E0003D4601232A460821204613F003FA0020B5
:1095F000F3E7182200210DEB020017F082F9092190
:109600002046FFF723FE0890F8B101210C30CDE988
:109610000648FAF7E1FA0023099003700A23394655
:109620008DF82C30284606AB0B4A13F0B4F99DF8A0
:109630002C3008992BB10846FAF79CF99DF82C308C
:10964000D0E7204613F099F9D1E71120C5E70420AF
:10965000C3E70E20C1E700BF9D9901002DE9F0434B
:109660000F460446062187B007F10C00FAF712FBFB
:109670000588EDB1B0F80280B8F1000F17D045456C
:1096800016D8002382888DF800308DF804304FF40E
:109690002053684601A9D7F80C90ADF80220ADF828
:1096A000063012F031FB064660B10A2301E0454660
:1096B00001232A460621204613F09CF9002007B01A
:1096C000BDE8F0830146142201A83F7C17F019F988
:1096D00007212046FFF7BAFD0290D8B10A23414680
:1096E0008DF81530284601AB0B4ACDE9036901948A
:1096F0008DF8147013F04FF99DF8153002992BB1C5
:109700000846FAF737F99DF81530D2E7204613F0EE
:1097100034F9D3E71120D2E7899701007FB5CB68F0
:1097200004461D888DB15E8876B1B5420DD81022F1
:109730000021684617F0E5F805212046FFF786FD71
:10974000019058B9112007E0354601232A4604212B
:10975000204613F04FF9002004B070BD6B4631462F
:109760002846084A009413F016F9DDE9011323B9DD
:109770000846FAF7FFF80A23E8E7204613F0FDF859
:10978000E9E700BF45C802002DE9F04342F60103B6
:10979000002591B0D2F8008006460F4600680BA95C
:1097A000D8F8049014468DF82C50ADF82E3012F0F5
:1097B000ABFA00286DD04FF4205330680BA98DF818
:1097C0002C50ADF82E3012F09FFA38B1A3681BB1BF
:1097D0005A88BA4200D25F80012010E061680846D2
:1097E00012F090FFB8F82A20B8F81A309A4294BFC5
:1097F000C0EB0200C0EB0300032803D8002011B027
:10980000BDE8F0830846FAF70FF905466168084697
:1098100012F078FF6B8A2A8AA3EB020C6B69EA6864
:10982000D21AACEB0203B8F82AC0B8F81A20944553
:1098300094BFC0EB0C00C0EB0200834228BF03467C
:109840006BB9887AF9F7B2FE0022002312F0C2F950
:1098500005460028D2D001466068FAF72BF90023AC
:1098600000933146D6F804801023484602AAC04728
:10987000061E0EDB227CE068964227D001460BA82C
:1098800012F06FFA40B9237C134A0221134811F0F9
:1098900060FD0023A3609FE7F2B202A906A812F0C0
:1098A00060FA10B90E4A3346EFE706A90BA812F08A
:1098B0002BFA0028EDD100230421637405F10C007C
:1098C000FAF78AF9A0600780A36884E7324602A904
:1098D00017F026F8EDE700BF476303007816030092
:1098E000666303002DE9FF414FF000084FF4205359
:1098F00005460E46006802A9144617688DF80880D0
:10990000ADF80A3012F000FAA0B142F6010328685F
:1099100003A98DF80C80ADF80E3012F0F5F948B1BE
:1099200023691BB15A88B24200D25E80012004B084
:10993000BDE8F0816168286812F0E6F910B10023F3
:109940002361F3E7E368A0681A786AB1B7F81AC030
:10995000798D038A8C4594BFC3EB0C03C3EB0103E1
:10996000934201DA0020E2E704210C30FAF734F9DF
:1099700020610680236929465E80074B019400938D
:1099800038460023A26813F0E0F80028EADB2069DB
:10999000003818BF0120CAE7FDC802002DE9F347CF
:1099A000176805468946006851681446D7F804A030
:1099B00012F0AAF9804600284BD19522294650463C
:1099C00013F049FF0646207540B1E3681B780BB1E0
:1099D00084F81480002002B0BDE8F0872946504684
:1099E00014F0D0F810B908232375F3E7A0682675A2
:1099F000FAF71AF802210C30FAF7EEF8164B20614C
:109A0000A0F8009000930194334629463846A26896
:109A100013F09BF8002807DA10F1FF0F32BF0E2079
:109A20004042C0B22075D5E72369002BD2D0A06890
:109A300012F068FE7B8D7A8B9A4294BFC0EB0200D5
:109A4000C0EB0300E3681B78984294BF002001201C
:109A5000C1E70120BFE700BF15C702002DE9F041B3
:109A600082B000AF044688460022002339463A48B7
:109A700008F0CEFF0546B0B16D4688B06A46374B58
:109A8000CDE90534032342F8103F00234FF4C251BF
:109A90003348F7F735F8AD466FF00B063046083718
:109AA000BD46BDE8F081FFF7B1F92E4B28221860C2
:109AB0002946386816F025FF3B6800221C603C6888
:109AC0000023C4E90155C4E908552748391D7D60C4
:109AD00008F09EFF064688B123686C4688B06A4647
:109AE0002249CDE90513032342F8103F4FF4C45136
:109AF0002B461B48F7F704F8A546CDE70146A822F8
:109B0000786816F0FEFE7868194B8360583015F0BF
:109B100040F97B685033D3E8EF2FC3E8E16F0029A9
:109B2000F9D17B681C60236A7D681BB904F10C00C5
:109B300015F02FF9226A05F1A003C5F8A020626A8A
:109B4000236202B9636217227B685A855A83043301
:109B5000C8F80030A2E700BFA81700208563030003
:109B600078160300A04D0020C8170020AA63030048
:109B7000FC15002008B5437B072B06D002210C4AB8
:109B80000C4812F0D7FD002008BD042112F0A6FDFC
:109B900010B9094A0121F3E700F14C03D3E8AF3FC4
:109BA000DB0701D4054AF5E750F8040CECE700BFE9
:109BB000D460030078160300CF630300056203003E
:109BC0002DE9F04F85B000AFB860EFF31188402366
:109BD00083F31288BFF36F8F6D480BF08FFF68B966
:109BE00084236C4A6C496D4810F060FD68496C48EC
:109BF00010F05CFD8421674810F04FFD694D64480A
:109C00000BF0A0FF284612F073FD044660482E6852
:109C10000BF082FF68B94FF499735E4A62495F485E
:109C200010F044FD5A49614810F040FD4FF499711D
:109C3000E1E788F31188BFF36F8F002C5CD02046DA
:109C4000FFF708F903690021D0E902581822FB60E8
:109C5000D0F800A090F80490B0F806B016F051FECD
:109C6000A07AF9F7A3FC6169034659B1627AD0077B
:109C700006D45A6A204612687B60926890477B68D7
:109C8000002262612146184615F097F8B9F1000FDD
:109C90000DD065B12B6853B11B6843B1BAF1000F09
:109CA0002ED001215346424A424811F052FB1EB3C6
:109CB0000020B96815F0F0F800281DDA6C468AB06B
:109CC0006A463D4B05933D4BCDE906304FF400739A
:109CD000ADF820303A4B42F8103F00234FF41151B9
:109CE0003448F6F70DFF0023A54683F31188BFF330
:109CF0006F8F0323184602DF1437BD46BDE8F08F8F
:109D0000281D13F01DF84846FEF7D8FF012101FA7F
:109D100000F010F01404CAD110F0090F05F150033F
:109D200015D110F0220F23D0D3E8AF3FDA0704D4C7
:109D3000244A204812F0FEFCB9E76B6D002BB6D028
:109D40000023214A05F170000AF08AFAAFE72A6879
:109D50001568D3E8AF3FDB07EAD5B8F1000FA6D00E
:109D6000A3B29B45A3D92846F968C0470134F7E759
:109D700040F21633154A1649084810F097FC0621A0
:109D8000144810F093FC40F21631104834E700BF3D
:109D9000544D00200730030034300300232D03000E
:109DA000493003004C4D00205F3003007630030043
:109DB000EA6303007816030022640300658D030044
:109DC00004000001056203001C4E0E00AA6103009E
:109DD000CC7D030009640300F8B50F461646FFF773
:109DE000C9FEB0B1046A20461CB150F8A04904B1C4
:109DF000A03C731C194638B1428B458DAA4228BF3E
:109E00002A469A4207D264B902210A4A0A4811F046
:109E1000A0FA0020F8BD32463946BDE8F840FFF709
:109E2000D9B8D4F8A05005B1A03D20460B462C4629
:109E3000E2E700BF3D64030078160300002337B556
:109E4000054601930C46FEF7E1FF0E4B1B6883426B
:109E500004D00D4BD3F88830834201D100252C4625
:109E600001A92A462346094808F0D2FD014630B927
:109E70001C22019816F045FD019803B030BD00206A
:109E8000FBE700BFA04D0020C0470020E8170020DE
:109E900010B50446806818B1F9F76CFD0023A36083
:109EA0002146BDE81040014808F03EBEE8170020FA
:109EB0002DE9F743044670300F4690461E460AF0DF
:109EC000D5F9606D50B90221144A154812F032FCE0
:109ED000204603B0BDE8F04300F086B8114B98422D
:109EE0004FF0000317D045684360606DD0F81890BC
:109EF000FFF7CEFF00232068636512F052FF3DB1EB
:109F00002068CDF8009043463A4631460068A8479D
:109F100003B0BDE8F0831D46ECE700BF58640300C2
:109F200078160300A44D0020F7B550F8044C054600
:109F3000002C55D000F19C0104F1200012F036FDF8
:109F40002E1F05F1540700220023384609F044F97A
:109F5000024658BB2B6D2BB101466FF067033046AC
:109F6000FFF7A6FF002345F8043C05F14C03D3E8B6
:109F7000EF1F21F00101C3E8E21F002AF7D1236A95
:109F800073BB04F10C0600220023304609F024F9CB
:109F900078B9666886B921461248266008F0C4FD83
:109FA000286803B0BDE8F04002F094BEF9F7E2FC87
:109FB000C9E7F9F7DFFCE6E7A26833689642636019
:109FC00008BFA36077683FB1B3696FF06701009382
:109FD000002320681A46B8473046FFF759FFD8E7F4
:109FE00003B0F0BDA817002010B504460430FFF7F9
:109FF0009BFF13216068FDF7DDFC034630B1BDE82F
:10A0000010400121024A034811F0A3B910BD00BF5E
:10A010006F64030078160300F0B589B0044654F865
:10A02000703D00AF38461968FEF72CF96E4688B0CF
:10A030006A460B4BCDE905374FF40073ADF81C3081
:10A04000084B42F8103F00234FF4E2510648F6F760
:10A0500057FD2046B546FFF7C7FF2437BD46F0BD84
:10A060008D640300030000017816030070B550F8FA
:10A07000043C0446061F002B3BD039B1036D002B76
:10A0800037D01B7CDA0734D505231CE00568284649
:10A0900002F0C6FD6B7A012B2BD0246D4CB3237CD0
:10A0A000DB0726D5E368002BEED030466269617C81
:10A0B000FEF790FF054668B9637C01210D4A0E4802
:10A0C00011F047F90E2300223046BDE870401146DA
:10A0D000FFF7EEBEE368D4E90512984718B12846A9
:10A0E000F9F748FCEEE729463046FEF7D9FE00288E
:10A0F000F5D170BDB96403007816030038B5436D1F
:10A10000044623B3164A934221D0CB68DD78F5B1DB
:10A11000052D406815D00F2D1AD1437A012B17D881
:10A12000022112F050F908B1103011D104F1700081
:10A130000AF09CF8626D137C43F001031374002055
:10A1400038BD437A032B03D8064AD15CE9E70E25D4
:10A1500000222B4611462046FFF7AAFEEFE700BF7C
:10A16000A44D0020618D030070B50D4658B92249F9
:10A1700040F6CA73214A224810F098FA40F6CA7194
:10A180001E4810F08AFA49B91E4940F6CB731B4AA3
:10A190001B4810F08BFA40F6CB71F1E7FFF7EAFCB1
:10A1A000044628B92846F9F7E5FB6FF07F0070BD3B
:10A1B00000F10C062946304614F0F4FD246AC4B1BF
:10A1C00054F8A05905B1A03D0022104607E02246F0
:10A1D0007DB1D5F8A03003B1A03B2C461D46831CB1
:10A1E00001D1002AF4D13146204612F04AFC002861
:10A1F000EDD10020DBE700BF485C0300AA6103004B
:10A20000232D03008D4C030038B50C46054658B984
:10A21000184940F6DF73184A184810F047FA40F61C
:10A22000DF71154810F039FA49B915494FF47E63CA
:10A23000114A124810F03AFA4FF47E61F1E70AF041
:10A2400099FE2846FFF796FC20B90AF005FF6FF04B
:10A250007F0038BD0023236083683BB9C0E9014417
:10A2600012F09FFD0AF0F8FE0020F2E71C60846007
:10A27000F6E700BF485C0300AA610300232D03003A
:10A28000D964030010B50C4608B301B3FFF772FCA4
:10A29000E8B1036A3BB153F8A02902B1A03A596D65
:10A2A0008C4206D062B90430214612F07FFB204672
:10A2B00002E02046064A5A65BDE81040FFF7E8BDB7
:10A2C000D2F8A01001B1A03913460A46E7E710BD45
:10A2D000A44D002008B515F00DF938B10121034651
:10A2E000034A044812F07BFE6FF0040008BD00BF73
:10A2F000E4640300A816030010B518461446074985
:10A300001022A047041E07DA01212346044A05480B
:10A3100012F065FE204610BD0024FBE7583B0020EC
:10A32000FA640300A816030070B50D4C06462378A6
:10A330000D46834204D12846611C12F0A8FE58B98C
:10A34000237CB3420AD12846064912F0A0FE10B180
:10A35000012004EB001070BD0020FAE70020FAE7AE
:10A36000D84D0020E94D002070B50D4C06462378ED
:10A370000D46834204D12846611C12F088FE58B96C
:10A38000237BB3420AD12846064912F080FE0028FA
:10A39000054808BF002070BD2046FCE70020FAE712
:10A3A000003B00200D3B00200C3B002070B50E4C04
:10A3B000054623780E46834203D1601C12F067FEE7
:10A3C00068B9237BAB420CD13146084812F05FFEDE
:10A3D00020B10120404200F00C00204470BD00205C
:10A3E000F8E70020FAE700BF8A54002097540020C5
:10A3F00070B5204B144682689A420FD1A568C66892
:10A4000075B922793046216812F049FE024628B11A
:10A410001949013012F068FE15701581012070BDD8
:10A42000E0680028FBD02B888B420AD0F6D2E06887
:10A43000A36801380433E060003818BF0120A3602E
:10A44000EDE7256822792946304612F028FE0246BB
:10A4500060B93046084912F022FE02460028E6D0D4
:10A460002946013012F040FE23791370A3685B88FF
:10A470001381DCE7BDAA0100B48C0300102110B5E4
:10A480000648F9F73DFE034630B1BDE81040012112
:10A49000034A044812F0A3BD10BD00BF483B002092
:10A4A0001B650300A816030038B5054648B1154BD7
:10A4B0001A4613F8011C5C1E11F0EAFF58B1204641
:10A4C00006E011490F4812F0E2FD78B10D4B581E1D
:10A4D00038BD0020FCE72846217C04F1110211F070
:10A4E000D7FF0028F5D004F11000F1E7054B06492D
:10A4F00003F1100012F0CBFD0028EAD0014B03F16C
:10A500000F00E5E7D94D0020B48C030010B54A1CBC
:10A510000C4628B1097811F0BBFF30B1204610BDC0
:10A520001046034912F0B3FDF7E70020F7E700BF3C
:10A53000B48C030038B5054648B1154B1A4613F8DC
:10A54000011C5C1E11F0A4FF58B1204606E0114921
:10A550000F4812F09CFD78B10D4B581E38BD0020FD
:10A56000FCE72846217C04F1110211F091FF00283C
:10A57000F5D004F11000F1E7054B064903F1100096
:10A5800012F085FD0028EAD0014B03F10F00E5E74A
:10A59000054E0020B48C03002DE9F047074689469C
:10A5A000904611F0EDFC00283ED049463846FFF7B2
:10A5B000DBFE0546C0B91D4812F09DFD1C4E044649
:10A5C00008B306F1140012F096FDF0B9012406F16B
:10A5D0000C05604200F00C0001304946304412F096
:10A5E00083FD0C235C433755012105F1080001FA76
:10A5F00008F112F063FDBDE8F04747F61222002390
:10A600000C4809F02DBE3546E3E70B4940F22A53CA
:10A610000A4A0B4810F04AF80A4810F047F840F28E
:10A620002A51064810F039F8BDE8F087083B0020B1
:10A63000003B0020183B00207165030041650300CA
:10A64000232D0300836503000246014610B5042351
:10A6500011F8010B0832F9F721FD034630B1BDE8CE
:10A6600010400121024A034812F0B9BC10BD00BFDE
:10A67000A2650300A81603002DE9F04180460F46AD
:10A6800016461D46FFF792FE044680B91749FFF7AC
:10A690008DFE044630B9BDE8F0410121144A154849
:10A6A00012F02CBD394600F8018B12F01DFD2389F4
:10A6B00073B9628972B926816581214611F8010B4F
:10A6C00011F05EFC80B12046BDE8F041FFF7BCBF51
:10A6D0009E4204D36289AA4206D29E42ECD263898A
:10A6E0002681AB42E9D2E7E7BDE8F081B48C0300F4
:10A6F000BE650300A816030008B583685BB109496D
:10A70000094840F66753094A0FF0D0FF40F66751F9
:10A7100006480FF0C2FF06490130BDE8084012F0BC
:10A72000E3BC00BFDD650300232D0300416503008A
:10A73000B48C030008B50121024A034812F0DEFC84
:10A74000002008BDF4650300A816030038B51446C0
:10A750000E4B82680D469A4215D122792168C06855
:10A7600012F09DFC78B1D4F8C8302F2B03D9FFF735
:10A77000E1FF002038BD04EB83021581018901331C
:10A780005181C4F8C8300120F4E700BFBDAA010020
:10A7900008B50121034A044812F0B0FC6FF015001F
:10A7A00008BD00BF48660300A816030038B515466B
:10A7B000084B82689A420AD1C4682968013420464D
:10A7C00012F065FC18B12046696812F08DFC01207A
:10A7D00038BD00BFBDAA010008B513468168074A0D
:10A7E000914209D11A791968C06812F058FC18B161
:10A7F0000023036043600381012008BDBDAA01005E
:10A8000040F239120023014809F02ABDD83B00204C
:10A8100008B50421084812F051FC6FF00201064807
:10A8200012F057FC044812F066FCC30701D5FFF78D
:10A83000E7FF002008BD00BF083C0020024608B525
:10A840000749013012F050FC00230C3202F8043C9E
:10A85000D2E8EF1FC2E8E03F0028F9D108BD00BFF1
:10A86000B48C030010B5FFF7A1FD044678B1014692
:10A8700011F8010BF9F720FC034620B10121044A2D
:10A88000044812F0ACFB002323606360A36010BD9A
:10A8900054660300A81603002DE9F04385B00E4668
:10A8A00090469946044600AF58B90121344A3548CC
:10A8B00012F024FC6FF0150528461437BD46BDE89C
:10A8C000F08307F1080111F0F9F90546A0B16D46D2
:10A8D00088B06A462C4BCDE905344FF40073ADF8CF
:10A8E0001C302A4B42F8103F00234FF4E251254818
:10A8F000F6F706F9AD46DDE72046391D10F039FEC2
:10A90000786858B10A2229460FF058FA034628B150
:10A9100001211F4A1B4812F062FBCBE7002007F120
:10A920000801FFF743FD044620BB002EC4D019499F
:10A93000FFF73CFD044638B90121174A114812F0CF
:10A94000DDFB6FF00B05B7E7002307F1080100F806
:10A95000013B12F0C9FB04F1080104224846C0473C
:10A96000041EA9DA012123460C4A064812F037FBDF
:10A970002546A1E7002EEED10660466086609BE783
:10A98000B4450300A816030071660300030000012C
:10A990008D660300B48C0300A8660300FA6403000C
:10A9A0002DE9F04706460D461D48002190461F46FA
:10A9B0009DF820A0DDF82490FFF740FA044688B106
:10A9C000456080F811A0C0F81490C760C0F81880E6
:10A9D0004A4651463046FFF7FFF9054638B920464A
:10A9E000FFF756FA6FF00B052846BDE8F087002206
:10A9F0000123114612F0B7FA2846A560424649469F
:10AA0000B847054618B12046FFF742FAECE7214661
:10AA10003046FFF7F9FB05460028E5D0F3E700BF15
:10AA20001C4E0E002DE9F041214B15468268074669
:10AA30009A4202D1C4686389E3B90120BDE8F0817C
:10AA400005F170084146287A11F09AFA68B9194B55
:10AA50009C4202D1284612F0C2FD3046164912F03F
:10AA600043FB00232370238119E04146304612F056
:10AA70003BFB14E0238993B1264616F8011B2846B8
:10AA8000324611F005FD0028DAD131462078FDF775
:10AA900055FB20B1457BFCF73DFD072DCDD00021B6
:10AAA000E3686181002BC8D038469847C5E700BFEE
:10AAB000BDAA01005C160020B48C03002DE9F0470C
:10AAC0001F46BDF8203006468846D1F80C90002B72
:10AAD0004ED17B1E012B4ED8012F49460CBF157855
:10AAE0001588FFF713FD0446B8B915B93846BDE817
:10AAF000F0874946FFF70AFD044638B91F4802218E
:10AB00001F4A12F0FBFA6FF01000F0E706F1700137
:10AB1000013012F0E9FA337A2370D9F81030DBB93A
:10AB2000B4F808A02581B9F80A30AB4203D04946F1
:10AB3000404612F0E5FAAA4505D00022307A06F127
:10AB40007001FFF729FD002DD0D10E49601C12F0D5
:10AB5000CBFA25702581C9E72A46414630469847F9
:10AB60000028C4DB01380128DAD96FF00D00BEE7F8
:10AB70006FF00600BBE76FF00C00B8E7A816030003
:10AB8000CA660300B48C030073B50C460546082161
:10AB900004F11000164612F091FA122304223146F5
:10ABA000CDE9003228462246024BFFF7F9FE02B0FB
:10ABB00070BD00BF2BD6020008B50121114812F06C
:10ABC0007DFA10F0010F104B0AD1104A9A610D481E
:10ABD00012F091FA830713D4BDE80840FFF710BEC6
:10ABE0001A8B588B012A4FF6FF7205D8904207D076
:10ABF0004FF6FF725A83EAE790421983E7D0F7E7EE
:10AC000008BD00BF083C0020B83B00200100FFFF4A
:10AC10002DE9F0419846BDF818300646012B17463D
:10AC200036D84344012B454635DCFFF73DFC04464E
:10AC300068B9FFF739FC044648B90221194A1A4895
:10AC400012F05CFA6FF010052846BDE8F081B8F10B
:10AC5000000F11D00023217A21FA03F2D00703D587
:10AC60003A78DA40D20719D50133032BF4D13B7877
:10AC700003F007031943217206F17001601C12F002
:10AC800033FA337A01212046237012F0F3FCDBE71C
:10AC90006FF00605D8E76FF00C05D5E76FF01205E9
:10ACA000D2E700BFE4660300A816030010B56FF0FA
:10ACB000020104460E4812F00CFA0D4812F01BFA7D
:10ACC000C20704D5002200230A4809F0C9FA204629
:10ACD00012F027F958B12046FFF7E6FB38B1037AA6
:10ACE000DB0704D5BDE81040012112F0C3BC10BD44
:10ACF000083C0020D83B00202DE9F04385B0894670
:10AD000016469846044600AF58B90121414A4248C8
:10AD100012F0F4F96FF0150528461437BD46BDE86A
:10AD2000F08307F1080110F0C9FF0546A0B16D4698
:10AD300088B06A46394BCDE905344FF40073ADF85D
:10AD40001C30374B42F8103F00234FF4E251324899
:10AD5000F5F7D6FEAD46DDE72046391D10F009FCBB
:10AD6000786858B10A2229460FF028F8034628B11E
:10AD700001212C4A284812F032F9CBE7002007F1D4
:10AD80000801FFF7D1FA044690B9FFF78DFB04469E
:10AD900038B90121244A204812F0B0F96FF00B05B0
:10ADA000BAE7002307F1080100F8013B12F09CF913
:10ADB000B9F1000F2AD0022239464046B047061E9C
:10ADC00007DA01213346194A134812F008F93546CB
:10ADD000A2E73B78022E237209D00221144A0E48C2
:10ADE00012F08CF90021204612F044FC94E77B78A5
:10ADF000012B05D90F4A3146074812F0F0F8F1E768
:10AE0000204603F0010112F025FC85E72046FFF7FC
:10AE100015FD81E7B4450300A81603007166030021
:10AE2000030000018D66030010670300FA6403004D
:10AE3000326703008667030037B504460D46FFF707
:10AE400073FA0246D0B1037A0C308DF8043012F058
:10AE500052F910F0010318BF01238DF805300223C9
:10AE600001AA29462046F9F72FF9034620B101210E
:10AE7000034A044812F0B3F803B030BD0346F0E7CC
:10AE8000D7670300A8160300104908B5104812F050
:10AE9000FEF8014640B90E4B581E12F0DBFB0C4980
:10AEA00011F8010CFFF7C8FF08490A4812F0EFF843
:10AEB000014650B9084812F0CDFB084B187C03F14D
:10AEC0001101BDE80840FFF7B7BF08BDB48C03000F
:10AED000D94D0020E94D0020E84D0020D84D00203C
:10AEE000012110B5234812F0E9F8C30740D402212C
:10AEF000204812F0E3F808401FD11F491F4A0B8871
:10AF00001F4CA24216D900B10B801E4940F26B5370
:10AF10001D4A1E480FF0CAFB1D480FF0C7FB40F248
:10AF20006B5119480FF0B9FB5068083203449BB2CB
:10AF30000120E6E7F8D300B10B801649164808F067
:10AF4000FFFF40F2391200231348F9F75BF9134968
:10AF5000134808F0F5FF0221124812F0AFF812482A
:10AF6000124908F0EDFFBDE810401148FDF750BB55
:10AF700010BD00BFF84D0020A25400206816030049
:10AF8000781603000768030041650300232D0300C2
:10AF90004A340300A7D70200683B0020F1B8010043
:10AFA000D83B0020083C0020183B002037D8020086
:10AFB0003416002003462DE9F04198B3008A88BB7F
:10AFC00001244FF0140C1949DFF864E0714528D9C9
:10AFD000184940F2E763184A18480FF067FB184811
:10AFE0000FF064FB40F2E76113480FF056FBD1E924
:10AFF0000076BB4204D30CFB0672143A93420ED97E
:10B000003444A2B214460831E0E70CFB057843450E
:10B010000AD001356219B54292B2F6D1F2E70025A5
:10B02000F8E7E4D3BDE8F0811046FBE768160300BB
:10B03000781603000068030041650300232D030018
:10B040004A3403002DE9F74F99464FF6FF73BDF8D8
:10B0500030500746002D08BF1D462B4B90461B88DD
:10B060000091834232D203B0BDE8F08F4046895848
:10B07000019310F049FE019B90B101340AF1010ADD
:10B08000A4B2736853452CD9009B9C42EBD8BC42B8
:10B09000F3D30BFB0AF231688B18B8F1000FE5D13E
:10B0A000B9F1000F0BD1013D1846ADB221460E9A01
:10B0B0000D9B9847002DD6D00028DED1D3E7DA6863
:10B0C0009145DAD1EFE74FF0000ADAE701244FF0BB
:10B0D000140B0E4E06E0C6D273682344BB42F2D274
:10B0E0009CB208360A4B9E42F5D90A4940F2AF732A
:10B0F000094A0A480FF0DAFA09480FF0D7FA40F285
:10B10000AF7105480FF0C9FAA25400206816030079
:10B11000781603000068030041650300232D030037
:10B120004A34030030B5ADF52F7D1022002168466A
:10B1300015F0E7FB1822002105A815F0E2FB4FF4FB
:10B140001053ADF8103080231022ADF812304FF4B8
:10B150008063254C6946CDE906340DEB0200ACABAB
:10B160000BF0B2FE0BAD034638B1204A0121204856
:10B1700011F035FF0DF52F7D30BD01464FF42172E2
:10B18000284615F0BEFB22462846D5F8841214F056
:10B19000AEF9034608B1174AE8E72B464FF6FF71B0
:10B1A0000120154A12F0F4FA10222846134904AB84
:10B1B00014F0B2F90446D5F884020BF039FE14B14C
:10B1C0000F4A2346D2E721460C4B03F110021878B0
:10B1D00012F8014D0131082903F8014B1070F6D126
:10B1E000084811F06BFFC5E70002C0032F68030099
:10B1F000A816030058680300E3CF0200483B002074
:10B2000076680300083C00202DE9F0411849044607
:10B21000A1F1300015461E46BDF8187009F082F8FD
:10B22000144811F068FF010705D4FFF77BFFFFF713
:10B230002BFEFFF723F92046FFF736F968B1037AB2
:10B24000DA070AD500F10C04204611F054FFC307B9
:10B2500003D40221204611F031FF10233A46069311
:10B2600031462846BDE8F041034B12F0F8B800BF64
:10B27000983B0020083C0020483B002010B51A48AD
:10B2800011F039FFC0F3C00080F0010408B9FFF7E6
:10B2900049FF154811F02FFF0346134811F02BFF0B
:10B2A000DA061FD5830606D5E4B1FFF7EDFDBDE84C
:10B2B0001040FFF7E3B820210B4811F0FFFE1022E9
:10B2C0000A49881815F02CFB48B9094808F0CEFF48
:10B2D000BDE810406FF00101034811F0FABEFFF71E
:10B2E0006BFCE2E710BD00BF083C0020483B00209B
:10B2F000D83B002008B51021034811F0DFFEFFF70E
:10B30000BDFF002008BD00BF083C00202DE9F04F24
:10B31000B9B000AF0C46904638493A46D7F8080114
:10B32000994610F002F940B9FFF732FA6FF01505AF
:10B330002846E437BD46BDE8F08F3E68391D3046EB
:10B3400010F017F93EB901212D4A2E4811F0D6FE12
:10B350006FF015043FE0786800BB4FF0000B07F179
:10B36000080A5146304687F814B010F0A7FC05468D
:10B3700008B36C4688B06A46234BCDE905364FF4D6
:10B380000073ADF81C30214B42F8103F4FF4E251EE
:10B390005B461C48F5F7B4FBA546D9E70A22002115
:10B3A0000EF00CFD03460028D7D00121184A15489D
:10B3B00011F015FECCE7C7F810A0E4B1C022484652
:10B3C00007F12001C047041E07DA01212346114A74
:10B3D0000C4811F004FE2546AAE7A40807F1200353
:10B3E000C7E906344FF6FF7101200B4A07F110033D
:10B3F00012F0CEF99CE72346F2E700BF8C68030009
:10B40000B4450300A81603007166030003000001A1
:10B410008D660300FA640300F1A30100002330B538
:10B42000B5B001918DF808003393044601AB0D4689
:10B4300001204FF6FF710B4A12F0AAF9339B73B14A
:10B440009B0003AA29462046F8F74CFE034620B18C
:10B450000121054A054811F0C2FD35B030BD1A463C
:10B46000F0E700BF4DA7010093680300A816030092
:10B470002DE9F34100F17008CDE9001204460F46B2
:10B48000007A4146164610F07BFD05466B464FF6A6
:10B49000FF7101200C4A12F07BF91DB14146207A60
:10B4A000FFF7BCFF3946207AFEF73EFF40B1314638
:10B4B000013011F019FE1DB14146207AFFF7BCFCA6
:10B4C00002B0BDE8F08100BFADA70100002307B5C1
:10B4D0000193FFF76FFD411C89B20846034A01AB97
:10B4E00012F056F9019803B05DF804FB7FCF02001B
:10B4F0002DE9F04387B00C461546804602AF70B97F
:10B50000744940F60E53744A74480FF0CFF87448EB
:10B510000FF0CCF840F60E516F480FF0BEF861B94D
:10B52000704940F60F536C4A6C480FF0BFF86C48F6
:10B530000FF0BCF840F60F51EEE7437B072B40F0CD
:10B54000C38000233B7342F60303206807F10C011C
:10B55000FB8110F0D9FB0646002843D1D4F80490B3
:10B56000B9F1000F05D101215F4A604811F0C6FD15
:10B57000AAE001232146009007F10802C847031EF4
:10B5800011DA6D4688B002AAD36104235849C2E992
:10B59000051442F8103F4FF4015133465348F5F774
:10B5A000AFFAAD4690E0012B05D00121514A4F483A
:10B5B00011F015FD88E03B7A13F0300F00F0848025
:10B5C0002046FFF783FF044660B9464940F62D53F5
:10B5D000414A42480FF06AF847480FF067F840F6D2
:10B5E0002D5199E7002320683B7342F6021307F1BF
:10B5F0000C01FB8110F088FB88B12046FFF766FF45
:10B60000044660B9374940F63353334A33480FF0A4
:10B610004DF839480FF04AF840F633517CE70026E0
:10B6200042F60219206839463E70A7F8029010F0E1
:10B630006BFB18BB002320683B7342F6021307F133
:10B640000C01FB8110F060FB064600283CD1D4F8C9
:10B650000490B9F1000F86D00223009021464046A5
:10B6600007F10C02C847031E8BDB022B9DD1BB895F
:10B6700005EA0300003818BF012026E042F6030364
:10B680002068391D3E71FB8010F03EFB0028D1D0B0
:10B690004FF42053206807F108013E727B8110F0BF
:10B6A00033FB0028C6D042F60103206807F10C01E5
:10B6B0003E73FB8110F028FB0028BBD02046FFF72B
:10B6C00005FF04460028ADD100201437BD46BDE873
:10B6D000F08300BF485C030041650300232D030095
:10B6E000B1680300C6680300CB680300A816030016
:10B6F000DF680300056903001E6903002DE9F843B4
:10B700001546894694226968064612F0A4F88046D8
:10B71000002841D1022230466968FFF7E9FE00287F
:10B720003DD000211F48AF8AFEF788FB0237044650
:10B7300080B11D211C4B47613A464174C0F80C8012
:10B74000436085613046FEF747FB074638B920461F
:10B75000FEF79EFB6FF00B052846BDE8F88301233A
:10B760004246414611F0FFFBA98A07F10C00023165
:10B77000F8F732FA20F8029BAA8A296915F09BF89B
:10B7800021463046A760FEF73FFD05460028E3D07E
:10B790002046FEF77DFBDFE74FF0FF35DCE76FF07B
:10B7A0001505D9E71C4E0E0085CF020030B50546C1
:10B7B0000C468BB071B9464940F6B333454A46480A
:10B7C0000EF074FF45480EF071FF40F6B33141486A
:10B7D0000EF063FF4B6873B90B6863B9404940F6DC
:10B7E000B4333C4A3C480EF061FF3C480EF05EFF2B
:10B7F00040F6B431EBE73B4811F07DFC420761D5E0
:10B8000015B16B7B072B60D160680590FFF7D2FB09
:10B810002268ADF818003AB305A902913249002315
:10B820000191012100914FF6FF710593FFF70AFC8A
:10B83000059B1BB96FF001000BB030BD6360059B29
:10B8400004A9186800238DF8103042F60303ADF800
:10B85000123010F059FA70B90598C3689B799B06AD
:10B8600005D46FF01500E7E70028E8D1E2E711F012
:10B8700048FFADF81800BDF818003DB1012301469E
:10B8800022462846A375FFF739FFD5E76FF07F03FF
:10B8900007930223ADF8203042F60213ADF81230C0
:10B8A00005ABA5750293114B4FF6FF710193012370
:10B8B00004AA00932B4609948DF81050FFF7C2FBA1
:10B8C0000798B9E76FF00A00B6E76FF07F00B3E7BB
:10B8D0003469030041650300232D03003B69030025
:10B8E000516903006C120020B3CF02009DBA010021
:10B8F000F7B500F130050446A0F12007284611F005
:10B90000FAFB8307C0F340060ED5194940F2BA434B
:10B91000184A19480EF0CAFE18480EF0C7FE40F249
:10B92000BA4114480EF0B9FE54F8083C6FF001011A
:10B930002846019311F0CDFB114B394644F81C3CCD
:10B94000104B304644F8183C01AB44F8103C04233B
:10B9500024F8086C24F8066C24F80C3CFFF726FF4A
:10B9600018B90221284611F0A9FB03B0F0BD00BFB1
:10B970006E69030041650300232D03009F690300E6
:10B98000BC200300ADAC01002DE9F84316463A4B4C
:10B99000826805469A4200AF24D1D0F80C80346802
:10B9A000B8F80830F3B14246204612F8011B10F0F7
:10B9B0006FFDB8B14FF495722946204611F04BFF48
:10B9C00028B3032812D16C4688B06A462B4BCDE9C8
:10B9D000053542F8100F00234FF4C4512848F5F7FD
:10B9E0008FF8A5460120BD46BDE8F883052820460E
:10B9F0000CBF4FF003094FF0020910F019FD81450B
:10BA000005D933794B45EDD286F80490EAE74146F3
:10BA1000284611F075FB1B4B9845E3D1207A04F1C1
:10BA20007001FEF7C3FC05460028DBD0038913B97B
:10BA30004389002BD6D02046FBF734FF2A89124BCE
:10BA4000124923F820206A8903EB80035A801822C8
:10BA500002FB00110B6104230D4A20464A600D4A87
:10BA60008B828A60FFF7A2FE0028BBD001210A4A20
:10BA7000034811F043FBB5E7BDAA0100BA69030012
:10BA8000A81603005C16002086540020C04D00203C
:10BA9000BC20030091D60200CE6903002DE9F041DD
:10BAA0003D4B1546826807469A4203D00127384627
:10BAB000BDE8F081D0F80C80384B984512D0B8F82A
:10BAC0000820AB899A42F1D1414611F8010BFCF7ED
:10BAD00035FB06460028E9D0437B072B24D0FBF733
:10BAE00019FDE3E700262E4C20462E4911F0CFFA2F
:10BAF00078B90722214614F8010CFCF7A1FB80B9A4
:10BB00002B6921461A6914F8010C53881288FEF734
:10BB1000B3FD731C022B4FF0010604F10C04E3D1BA
:10BB2000CDE7FBF7F7FCF4E7D8F8143023B139463A
:10BB3000984708B93046D2E739469422304611F08A
:10BB40008AFE07460028F5D1AB89022B15D1B8F83B
:10BB500008309A071ED530462A69A988FFF7CEFD1E
:10BB6000044618B92A69937D013393753046FBF773
:10BB7000D1FC002CAC609ADB98E7012B0AD1B8F815
:10BB80000830DB0706D530462A69A98811F09EFEE9
:10BB90000446EBE73C46E9E7BDAA01005C1600203D
:10BBA0008B540020B48C030073B50D46044670B965
:10BBB000214940F65263214A21480EF077FD214881
:10BBC0000EF074FD40F652611C480EF066FD09B19E
:10BBD0000B6863B91C4940F65363184A18480EF0C5
:10BBE00065FD1A480EF062FD40F65361ECE7437BB9
:10BBF000072B1AD1061D4FF48031304611F05EFA42
:10BC0000C30315D402232046CDE900332A46104B46
:10BC10001049FEF7C5FE044620B16FF4803130466E
:10BC200011F057FA204602B070BD6FF07F04F9E7BB
:10BC30006FF07704F6E700BF485C0300416503003E
:10BC4000232D0300B1680300EB6903003B69030087
:10BC500031D10200BBCF020070B50C46054686B05C
:10BC600070B9734941F2D713724A73480EF01EFD42
:10BC700072480EF01BFD41F2D7116E480EF00DFD1B
:10BC800009B14B6863B96E4941F2D813694A6A48F1
:10BC90000EF00CFD69480EF009FD41F2D811ECE7F9
:10BCA0000A890AB1CB8963B9664941F2D913614A5D
:10BCB00061480EF0FBFC61480EF0F8FC41F2D9112E
:10BCC000DBE79A420CD9604941F2DB13594A5A48E2
:10BCD0000EF0ECFC59480EF0E9FC41F2DB11CCE728
:10BCE000437B072B40F0A1800B7C062B10D8DFE8AC
:10BCF00003F004045A5A629528000B68CBB11B78F4
:10BD00004BB1022B13D00121504A514811F067F971
:10BD10006FF0150009E008230193062322460093E3
:10BD20004C494D4B2846FEF73BFE06B070BD16232E
:10BD3000F2E7102304212246CDE90031474B484960
:10BD4000F0E708680028E3D00678002EE0D14FF431
:10BD5000245302A98DF80860ADF80A300FF0D4FF23
:10BD600008B342F60213206803A98DF80C60ADF801
:10BD70000E300FF0C9FFB0B142F60313206804A9DA
:10BD80008DF81060ADF812300FF0BEFF58B142F6DA
:10BD90000413206805A98DF81460ADF816300FF073
:10BDA000B3FF0028B4D1082304222E49CDE9003284
:10BDB00022462D4BB6E7086880B300264FF4205387
:10BDC00002A98DF80860ADF80A300FF09DFF002839
:10BDD0009ED042F60103206803A98DF80C60ADF8EF
:10BDE0000E300FF091FF002892D042F60203206837
:10BDF00004A98DF81060ADF812300FF085FF00280F
:10BE000086D042F60303206805A98DF81460ADF8CA
:10BE100016300FF079FF00283FF47AAF0423224652
:10BE2000CDE900331149124B7CE76FF07F007CE7CE
:10BE3000485C030041650300232D03003B690300B8
:10BE4000EB690300026A03002F6A03005C6A0300C7
:10BE5000A816030077D9020027D50200C3D102003B
:10BE600075BE010099BF0100F3D1020001C30100BA
:10BE70005BD102002DE9F0478EB0064617461C46FE
:10BE8000169D31B12A4600216B680EB0BDE8F0471F
:10BE9000184763B902213D4A3D4811F02FF92A465F
:10BEA000002130466B6898470EB0BDE8F0871378E4
:10BEB000062B08D0142B05D00121364A344811F046
:10BEC0008EF8ECE702214FF00008C146013C8DF8E6
:10BED0001010A4B207F1010A9C420CD2002CDED152
:10BEE000B8F1000FDBD02A46414630460EB0BDE81F
:10BEF000F04711F022BD1422002109A814F001FD21
:10BF0000BAF8002093B2002BC9D0BAF802101FFA79
:10BF100081F8B8F1000FC2D04345C0D89DF8103069
:10BF200013B3022B25D02B7CADF80C10002B42F65E
:10BF3000010308BF4FF42053ADF8063004AB029361
:10BF400001AB099302ABADF834200C932A4630467E
:10BF50006B688DF8049009A998470028A4D03B7815
:10BF6000E41AA4B29A44B7E7BAF80430ADF8123034
:10BF7000D9E70AF104030DF111000AF1140C53F88A
:10BF800004EB634540F804EBF9D1CCE7716A030098
:10BF9000A81603007B6A03002DE9F04F93B0174603
:10BFA00080461C460A461C9D31B12A4600216B681A
:10BFB00013B0BDE8F04F1847297C022940F0838078
:10BFC0004BB9A84AA84811F099F82A4600214046E2
:10BFD0006B6898475BE03B78062B08D0082B05D0B0
:10BFE0000121A24AA04810F0FAFFEEE71146002610
:10BFF00042F6020A013C8DF82010A4B207F1010BB1
:10C000009C420BD2002CE0D1002EDED02A463146D5
:10C01000404613B0BDE8F04F11F08FBCBBF8009064
:10C020001FFA89F6002ED0D0BBF802009DF8202020
:10C03000ADF81C00BBF80410ADF81E1062B1022A66
:10C0400015D0296831B308A80FF05EFE10B33B7815
:10C05000E41AA4B29B44D3E708AA06929BF80620F0
:10C060009BF8071042EA0122ADF82220E9E70A23F3
:10C070006881A981A5F808904046019200932A465C
:10C080007B4B7C49FEF78CFC86B2002EBED113B0F0
:10C09000BDE8F08F4FF00003102200210EA88DF8AC
:10C0A0001430ADF816A014F02CFC05AA0D9206AAC7
:10C0B000109240462A466B68ADF844900DA9984707
:10C0C0000028C4D1E3E7032966D113B90221654AE8
:10C0D00078E73B78072B02D0152B81D1022200266E
:10C0E000013C8DF82020A4B207F101090DF1200ACE
:10C0F0009C4287D3B9F800B01FFA8BF6002E3FF4AC
:10C1000064AF9DF8203063B1022B13D02968F1B1E0
:10C1100050460FF0F9FDD0B13B78E41AA4B299442F
:10C12000E6E799F8053099F8062043EA0223ADF8CE
:10C130002230EBE709F105030DF1210209F11501A8
:10C1400053F8040B8B4242F8040BF9D1DEE799F85F
:10C150000230B9F803208DF81E304FF000038DF83F
:10C16000143042F603030021ADF81C200EA8102263
:10C17000ADF81630CDF818A014F0C3FB05AB0D9345
:10C1800006AB10932A4640466B68ADF844B00DA943
:10C1900098470028C0D17AE72B681E782EB94CB991
:10C1A000304A0221304810F0A9FF2A4600214046BB
:10C1B0006B68FDE6B3F802A0013CA4B207F10109E7
:10C1C000AAF5245A3B78A34204D9002CEDD1002EC5
:10C1D000EBD01BE7012C01D8274AE2E7B9F800B001
:10C1E0001FFA8BF6002EE0D0BAF1040FDDD801A3C0
:10C1F00053F82AF009C20100ABC1010011C20100CD
:10C2000019C201005DC20100032C09D81B4AC8E70E
:10C21000032C05D81A4AC4E7032C01D8194AC0E7F1
:10C22000B9F80230ADF820302B68102200210EA89A
:10C23000039314F066FB039B2A460D9308AB1093FF
:10C2400040466B68ADF844B00DA9984700283FF40C
:10C250001EAF3B78E41AA4B29944B3E7082C15D872
:10C26000094A9EE7716A0300A81603007B6A03006F
:10C2700047D10200C9C201008F6A03009D6A030012
:10C28000AB6A0300B96A0300C76A030099F8023079
:10C290008DF8203099F803308DF8213099F8052079
:10C2A00099F8043043EA0223ADF8223099F80630B9
:10C2B0008DF8243099F8073099F8082043EA0223D2
:10C2C000ADF82630B0E700BF70B5102B054611461B
:10C2D000049C0BD00121084A084810F080FE224639
:10C2E000284663680021BDE8704018472246BDE833
:10C2F000704011F08CBB00BF7B6A0300A8160300DE
:10C300002DE9F04F8FB00746189D184629B953B94B
:10C310000221544A544810F0F1FE2A4600213846C2
:10C320006B6898479BE01378012B07D0022B20D035
:10C3300001214E4A4C4810F052FEEEE70B464FF0FA
:10C340000409013880B248458DF81030E5D34FF02C
:10C350000008B0FBF9FBC246541CCDF8008004AEC7
:10C36000BBF1000F08D12A463846009911F0E5FAD2
:10C3700075E04FF01209E4E723880193BDF804301B
:10C380000093B8F1000F53D19DF81030002B37D037
:10C39000022B3CD02968002945D12B7C042B4DD1A0
:10C3A0004FF42053304602A98DF808A0ADF80A30AA
:10C3B0000FF0AAFC00283BD042F60103304603A947
:10C3C0008DF80CA0ADF80E300FF09EFC80B342F655
:10C3D0000203304609A98DF824A0ADF826300FF0ED
:10C3E00093FC28B342F60303304609A98DF824A034
:10C3F000ADF826300FF088FC00BB4FF0010819E0C3
:10C40000A378E27843EA0223ADF81230C2E7A31C16
:10C410000DF1110204F1120153F8040B8B4242F8A2
:10C42000040BF9D1B6E730460FF06EFC0028B4D00B
:10C430004FF000080BF1FF3B4C4491E71022002124
:10C440000AA814F05EFABDF804302A46ADF834307C
:10C4500038466B68099609A998470028EAD10FB0B9
:10C46000BDE8F08F716A0300A8160300D56A0300C7
:10C4700007B50A4670B9294941F23D33284A29488F
:10C480000EF014F928480EF011F941F23D3124481C
:10C490000EF003F909B1096861B9244941F23E334C
:10C4A0001F4A20480EF002F91F480EF0FFF841F233
:10C4B0003E31ECE7437B072B2CD153683BB9082373
:10C4C0004FF0040ECDE9003E194B1A4909E0012B4B
:10C4D00011D0117B5B00019341B1202316490093D9
:10C4E000164BFEF75DFA03B05DF804FB0E2314490A
:10C4F0000093144BF5E7538933B10C234FF0040C30
:10C50000CDE9003C104BE0E70A230221CDE90031E0
:10C510000E4BDAE76FF07F00E5E700BF485C0300F1
:10C5200041650300232D03003B690300EB69030011
:10C5300073D5020051C50100DDD3020057D20200BD
:10C54000D7D202002FD2020087D1020073D102009D
:10C550002DE9F04F83B002AF804691461D460E464E
:10C56000BC6A41B96BB92568002322460093F1B239
:10C570004046A8472EE0B1F5807F28BF0E262568EB
:10C58000F2E76368002B6ED1013D2689B4F80AB04A
:10C59000ADB202F1010A002D4CD099F80030AB4247
:10C5A00028BF2B46012B0AD802213D4A3D4810F0F6
:10C5B00016FD00230093224604212568D8E7BAF827
:10C5C0000020023B91B29BB241B90121364A354865
:10C5D00010F094FD0437BD46BDE8F08F8E4201D8BF
:10C5E0008B4517D26D468AB002AA304BC2E9076B61
:10C5F000C2E90531052342F8103F00234FF42251D0
:10C600002848F4F77DFAAD460023009325682246BA
:10C610000E21ADE722810093224600214046D4F846
:10C6200000C00AF10203E0470028D3D099F8003097
:10C63000AB4206D921464046FFF71AFF0028C9DA67
:10C64000E2E7238962899A4205D100230093256895
:10C65000224619468CE70133238199F80030ED1A00
:10C66000ADB29A4497E700951346D4F800C022462D
:10C67000E0470028AED0238A013B9D4203DA0096B2
:10C6800033462568E4E7638921461D4440466581B9
:10C69000FFF7EEFE00289DDA009633462568B6E7E0
:10C6A000E76A0300A81603001F6B03002E6B03004C
:10C6B00073B50C46054670B92D4941F247432D4AE2
:10C6C0002D480DF0F3FF2D480DF0F0FF41F24741EA
:10C6D00028480DF0E2FF09B10B6863B9284941F21F
:10C6E0004843244A24480DF0E1FF24480DF0DEFFC2
:10C6F00041F24841ECE78B8863B9224941F2494352
:10C700001C4A1D480DF0D2FF1C480DF0CFFF41F22E
:10C710004941DDE7437B072B03D06FF07F0002B078
:10C7200070BDCB88B3B1284610F08BFB0028F4D045
:10C73000A289431F9BB2934228BF134604339BB286
:10C7400001931623224600930F49104B2846FEF70B
:10C7500027F9E4E78E8910F074FB02360138B04205
:10C76000E1D312232246009309490A4B0196EDE7D3
:10C77000485C030041650300232D03003B6903006F
:10C78000EB690300956B03008DDA020097D202007B
:10C79000CBCF02005BD20200032A2DE9F743064605
:10C7A0001C460CD80221244A244810F0A7FC22463B
:10C7B0000E213046236803B0BDE8F0431847B3F8B4
:10C7C0000C90151F4D4513D91D4A01211B4810F02F
:10C7D00095FC18230121CDE900311A4B2246304641
:10C7E0001949FEF7DDF80028E1D103B0BDE8F08378
:10C7F000DB88B1F80280984506D1A7682A463846FA
:10C80000043114F08DF808B1104ADEE7A9EB0503F6
:10C8100018FA85F82F449BB2A4F80680A760A3817C
:10C820002BB918230122CDE90032094BD6E7214666
:10C830003046FFF73DFFD6E7716A0300A8160300F4
:10C84000A46B03009FD10200CBCF0200C66B030094
:10C85000B1D1020070B50D46064670B9424941F2A9
:10C86000E943424A42480DF021FF42480DF01EFFC5
:10C8700041F2E9413D480DF010FF09B10B6863B981
:10C880003D4941F2EA43394A39480DF00FFF394832
:10C890000DF00CFF41F2EA41ECE78B8963B93749AF
:10C8A00041F2EB43314A32480DF000FF31480DF0C0
:10C8B000FDFE41F2EB41DDE74B8963B9304941F2BE
:10C8C000F1432A4A2A480DF0F1FE2A480DF0EEFE07
:10C8D00041F2F141CEE7437B072B3CD1FDF72AFE25
:10C8E000044658B9FDF726FE0446002836D006F166
:10C8F0007001013010F0F8FB337A2370A36893B114
:10C900000022143B9D422CD018892989884205D1E8
:10C910009889A989884228BF42F001025B690BB15E
:10C92000143BEFE76AB930462946164AFEF72CF960
:10C93000064630B1A36813B92046FDF7DDFE304648
:10C9400070BDA26805F114036A61E268A36002B9D0
:10C95000E3600026F3E76FF07F06F0E76FF00B0669
:10C96000EDE76FF07706EAE7485C030041650300F6
:10C97000232D03003B690300FC6B0300156C0300CF
:10C98000236C030057D30200F8B50C46054670B976
:10C99000344941F24F53344A34480DF087FE34484D
:10C9A0000DF084FE41F24F512F480DF076FE61B933
:10C9B000304941F250532C4A2C480DF077FE2C4858
:10C9C0000DF074FE41F25051EEE7437B072B42D14C
:10C9D000FDF7B0FD0646002840D08368002B3DD00F
:10C9E00000221746143B9C4209D0188921898842AD
:10C9F00008BF47F001075B691BB1143BF3E7012255
:10CA0000F9E75AB304F1100010F075FB430703D5A2
:10CA10002146284611F04DF86FB104F1140106F1DA
:10CA2000080010F0C1FDB36813B93046FDF764FE8D
:10CA300057B9002007E0214628460F4AA781FEF794
:10CA4000A3F80028E9D0F8BD002321461A4628465D
:10CA50002668B047EDE76FF07F00F4E76FF0150050
:10CA6000F1E700BF485C030041650300232D03008C
:10CA70003B6903003469030057D302002DE9F047F6
:10CA80008C68064690469946BDF820A024B154F81B
:10CA9000145905B1143D0CB9BDE8F087238943450D
:10CAA00015D1727AA37B9A4211D353464A46214646
:10CAB00030462768B84750B921463046FFF764FF33
:10CAC000034620B10221064A064810F088FA2DB12B
:10CAD000696901B114392C460D46DCE72946FAE7AD
:10CAE000366C0300A8160300F0B587B007460E4663
:10CAF0001546FDF71FFD0446C8B12A46314603A876
:10CB00000FF06CF8BDF81030042B10D9042103A8E5
:10CB1000F7F7C0F8BDF8101046880288B14208D275
:10CB200001213346084A094800950EF01CFC07B065
:10CB3000F0BD2146031D00963846FFF79FFF3146A2
:10CB400003A8F7F7A7F8DDE7556C0300A816030064
:10CB5000012370B500F170058EB00446039029469C
:10CB6000007A8DF810300FF00BFA90B1227A52B3A0
:10CB700002AE042130460DF0A7FE00962421134A90
:10CB80002B4605A8F7F7CCF905AA10461049F4F78B
:10CB90006DFB4FF6FF7101200E4A03AB10F0F8FD5C
:10CBA00020460FF045FC9DF81010884209D220461F
:10CBB0000FF009FC034620B10221074A074810F094
:10CBC0000EFA0EB070BD0092D8E700BFB56A030040
:10CBD0000DB3010089B901006E6C0300A8160300B3
:10CBE0002DE9F0410D4B06461B680F46904623B1D8
:10CBF00053F8044904B1043C0BB9BDE8F0811B684B
:10CC00001BB142463946304698472CB1656805B19C
:10CC1000043D23462C46EFE72546FAE7FC4D00206D
:10CC20002DE9F04182B0012300AF0546386000F1E4
:10CC30007001007A3B710FF0A3F988B94FF6FF71CC
:10CC400001203B461F4A10F0A3FD0021284610F0AA
:10CC500060FF08B9FDF7B0FF0837BD46BDE8F081B9
:10CC60002846FDF767FC0028E8D08468002CE5D052
:10CC7000143C04F11003184610F03DFA02071FD4CB
:10CC8000184610F038FA8307C0F3400618D421463E
:10CC900028460D4AFDF778FF002811DAE8468AB0E9
:10CCA0006A460A4BCDE90740CDE90535052342F830
:10CCB000103F4FF4225133460548F3F721FFC54694
:10CCC0006469D3E789B90100D1D302009A6C0300EB
:10CCD000A81603002DE9F74F044603464FF6FF71EF
:10CCE00001203A4A04F1700610F052FD3146207AD4
:10CCF00010F06BFD3146207A0FF042F950B1237AE3
:10CD00004FF6FF718DF8043001206B46304A0096D3
:10CD100010F03EFD2046FDF70DFC074640B92046C9
:10CD2000FDF7C2FB054600283DD103B0BDE8F08FFA
:10CD30008568002DF3D055F81489B8F1000F01D0A3
:10CD4000A8F114084FF00009CA4601E0454698468C
:10CD500005F1100B6FF00801584610F0BAF9314692
:10CD6000207A0FF00DF980B92B464A463946204605
:10CD7000A5F80CA010F0CFFAB8F1000FCFD0D8F87A
:10CD80001430002BE2D0143BE0E7584610F0B3F922
:10CD9000C307E9D47B781BB13146781C10F0A4F9A5
:10CDA00005F11409E8E73146207A0FF0E9F828B9CF
:10CDB000284603B0BDE8F04FFDF740BD3146681C82
:10CDC00003B0BDE8F04F10F08FB900BF25AA0100F5
:10CDD000D9A7010008B50A4B42689A420ED183696F
:10CDE0005BB90849084841F62313084A0DF05EFC78
:10CDF00041F6231105480DF050FC198208BD00BF13
:10CE000051C5010034690300232D0300416503006F
:10CE10007FB54FF420520023ADF8162004AA0292E9
:10CE20000A4A0120CDE900324FF6FF7105AA0493AA
:10CE30008DF81430FEF706F9049B012B14BF6FF038
:10CE40001500002007B05DF804FB00BF8DDB020079
:10CE5000014608B5054810F0B2FE044B0028A3F1C6
:10CE6000040314BF1846002008BD00BF143C002076
:10CE7000084B00F5B4701A68074BD0E8EF1F9942D1
:10CE800004D1C0E8EC2FBCF1000FF6D1D0E8AF0F11
:10CE9000704700BFFC4C0020103C002008B5FFF795
:10CEA000E7FFB8B1036843B1426832B1826812B992
:10CEB0000B4A12783AB904200BE0094A127812B1F1
:10CEC0000BB1826842B9426842B9002B14BF0020FE
:10CED000032008BD0320FCE70120FAE70220F8E761
:10CEE000E555002008B50121024A034810F065FE0F
:10CEF000002008BDDE6C030000170300002370B59E
:10CF00001A460446EC300D46FBF766FC58B1693012
:10CF100004D10121084A094810F04FFE2846BDE817
:10CF20007040F6F727BD04F59C700023BDE8704003
:10CF3000034A07F095B900BF5862030000170300C9
:10CF40001C4E0E002DE9F041D0F8EC600446F57857
:10CF500090B0002D6AD1CF68102229460CA813F09A
:10CF6000D0FC237A052B50D8DFE803F00603030634
:10CF70004F3ED4F8D8300C9306F177030DF120081A
:10CF800002937E3604F111030093CDF80C800196D4
:10CF90000CAB04F1270204F1370104F1C70011F0D2
:10CFA0009AF8002836D110223946404613F0B8FCD2
:10CFB000002839D1627B237D06A9069048609A42F9
:10CFC00094BF00920093ADF8140004F14703D4F825
:10CFD000EC0005AA0FF0B7F9002820DA0121144A65
:10CFE000144810F0EAFD15E0D4F8E030002BC3D06F
:10CFF0000DF1300C03F1100E6246186859680833C1
:10D0000003C273459446F7D1B6E701210A4A09489D
:10D0100010F01BFE0825284610B0BDE8F081012164
:10D02000201D10F03AFEF6E70B25F4E70025F2E7A5
:10D03000156D030000170300F96C030038B50446B2
:10D04000051D0821284610F028FE084904F1570064
:10D05000F9F77AFF48B10821284610F0EBFD0448A3
:10D060000121044A10F0A9FD082038BD71DF02003B
:10D0700000170300306D030070B5051D0E462846ED
:10D08000042110F09CFD68B1002200210023084615
:10D09000FBF76AFB044638B90421284610F0FDFD71
:10D0A000204670BD034AF0E701210C30F6F794FDED
:10D0B0000670F5E71C4E0E0070B50C210546FFF713
:10D0C000DBFF0446F0B140210C30F6F785FD0E4B36
:10D0D00002461B68014603F1200053F8046B8342AB
:10D0E00041F8046BF9D1203203F1200153F8040B0D
:10D0F0008B4242F8040BF9D128462146FFF7FEFE89
:10D10000002070BD0820FCE7244E002070B5CD68DB
:10D110000446EB78102B01D0062070BD2A7990F8D8
:10D12000E830D0F8EC60134080F8E8306A7990F885
:10D13000E930134080F8E930022303742B68C0F80B
:10D140001130AB88A0F81530AB781A0706D5037BF1
:10D150001B0703D50521043010F09FFDAB7898061E
:10D1600006D5237B990603D51421201D10F095FDCB
:10D17000AB78DA0729D5237BDB0726D50D21201DC7
:10D1800010F08BFD237BE17C2D7803EA0102100770
:10D1900004D5E27AA07C0243D2071AD4042D1AD80F
:10D1A0000B4313F0040307D02046FFF777FE314B03
:10D1B00005EB85052B441B5C23722046D6F8A01096
:10D1C00010F003FD48B90320A7E70023A4F8E830D6
:10D1D000D8E70523F0E70023EEE7D4F8EC309B7A9C
:10D1E000032B14D004D8013B012B1CD9082094E751
:10D1F000042BFBD1237D627B934228BF1346102B67
:10D200008AD10521201D10F0DAFC0028DBD0237A1A
:10D21000002BD8D00521201D10F0D1FC18B9237A9D
:10D22000013B012BCFD9261D0521304610F0C7FC4C
:10D230000028C8D02046FFF71BFE002384F8E83002
:10D2400094F8E93003F0020384F8E9300A4B1D68D2
:10D250002DB93046062110F020FD28465DE7204616
:10D260000C2110F01AFD0B2110F0E4FCBDE8704019
:10D27000FFF722BFA18D0300244E00202DE9F043CB
:10D2800004468DB008AE10220021304613F039FB61
:10D29000237A052B34D8DFE803F006030306332393
:10D2A000D4F8D8300893D4F8EC3004F1470204F1F4
:10D2B000C707CDE9017204F1270803F17E0204F1EA
:10D2C0003709009241464A46773304F1970001F04E
:10D2D00039FCF0B1294A0121294810F06EFC14E014
:10D2E000D4F8E430002BDED0354603F110072A468F
:10D2F00018685968083303C2BB421546F7D1D2E714
:10D300000121204A1E4810F0A0FC08200DB0BDE805
:10D31000F083D4F8EC3004AD03F17E02773301934F
:10D3200004F10A03029200934A46334641463846C6
:10D33000039510F0D0FE08B1134ACCE70D2120462A
:10D3400010F0ABFC0D21FFF797FE07460028DCD05C
:10D3500010210C30F6F740FC2A460346154603CD53
:10D36000B542186059602A4603F10803F6D12046F9
:10D370003946FFF7C3FD0020C8E700BF496D030031
:10D3800000170300F96C03005E6D030073B5047AA7
:10D390000546022C23D844B190F8DC30D0F8D840B0
:10D3A000DC4004F0010444F0800403212846FFF728
:10D3B00063FE0646D8B110210C30F6F70DFC009044
:10D3C00012482346006805F1270205F1570110F0C5
:10D3D0005DFE044680B13046F6F7CCFA07E0032C38
:10D3E00008D0012123460A4A0A4810F02EFC0820E2
:10D3F00002B070BD0024D8E731462846FFF77EFD15
:10D40000281D214610F016FC2046F1E7244E00208E
:10D41000F96C030000170300F7B504460E46FFF74A
:10D4200027FD04F1570705463A46F36803F120014A
:10D4300053F8040B8B4242F8040BF9D104F1770244
:10D4400003F1200153F8040B8B4242F8040BF9D18D
:10D450003846F9F7D3FCF8B103216A4A6A4810F05C
:10D46000ACFB201D0E2110F018FCD4F8EC60D6F8AF
:10D47000A00038B9307A06F1700101F05FF8C6F803
:10D48000A000A0B1438A03F0240383B1437C980732
:10D490000DD4032003B0F0BD3846F9F7BBFC30B91A
:10D4A00059480221594A10F088FB0B20F2E7D4F8C2
:10D4B000EC30DB780BB10020ECE7261D0E21304666
:10D4C00010F07DFB68B9524B20223846196813F0E2
:10D4D00027FA30B902214F4A4B4810F06EFB082062
:10D4E000D8E7237A052B00F28580DFE803F00349B3
:10D4F000080383530321204610F0CFFB31E0204680
:10D50000D4F8EC70FFF7B4FC04214FF0FF3305466C
:10D510000DEB0100019303F091FB0028DFD1019B8B
:10D520003D4A84F8DC00B3FBF2F102FB11330193B6
:10D53000C4F8D83055B12B6843B10B21304610F0F8
:10D54000ACFB38462B68D4F8D81098470321204606
:10D5500010F0A3FB0E2110F0A0FBFFF717FF00282F
:10D56000BDD13046072110F098FB0820FFF770FC72
:10D570000028A0D1204603B0BDE8F040FFF75EBD13
:10D580000A21304610F089FB6B68D4F8EC0098470C
:10D590000E21B0E7102104F1270003F04FFB002813
:10D5A0009DD16DB3EB685BB31C4B1B88ADF80430A9
:10D5B000D4F8EC30DB78DBB9E37AA27C13F0010F0E
:10D5C0000CBF03230123D10703D55A1E53425341F5
:10D5D0005B008DF8053000233046C4E938330C2158
:10D5E00010F05BFBEB68D4F8EC0001A99847B8E7B2
:10D5F0000323EEE701210A4A034810F026FB6EE7F9
:10D60000022047E7816D030000170300A26D0300AD
:10D61000244E0020BE6D030040420F00FC1B03009F
:10D62000F96C03002DE9F041044686B00D46FFF782
:10D630001FFC04F1370706463A46EB6803F1100178
:10D6400053F8040B8B4242F8040BF9D1D4F8EC30B8
:10D65000DD78002D40F08380237A052B68D8DFE841
:10D6600003F022030322672D94F8DC20D4F8D8308D
:10D67000D34003F0010343F080033A490DF1080859
:10D68000CDF800803A46096804F1570010F0FEFC1E
:10D6900058B10121344A354810F08FFA0825284640
:10D6A00006B0BDE8F0810023E7E71022414604F10F
:10D6B000170013F035F908B10425F0E7237A052B9C
:10D6C00036D8DFE803F03B1D1D03353B02AB254890
:10D6D000009300683B4604F1270204F1570101F072
:10D6E00099FA0028DAD1201D0A2110F0D6FA092172
:10D6F00010F0D3FAB3680299D4F8EC009847CEE75B
:10D7000094F8DC300133DBB2142B84F8DC3015D014
:10D71000102104F1270003F091FA0028BED1032163
:10D72000204610F0BAFA06B0BDE8F041FFF72EBE71
:10D7300001210F4A0D4810F088FAAFE7231D072199
:10D74000184610F03CFA20B10921184610F0A5FA4D
:10D75000A5E7204606B0BDE8F041FFF78FBD0525DF
:10D760009DE700BF244E0020D96D03000017030081
:10D77000F96C030038B504460D49A0F1EC054C30B6
:10D7800006F0DEFB284610F0D5FA0A4A04F17C03C5
:10D79000D3E8EF1FC3E8E02F0028F9D14FF0FF33A3
:10D7A0008034D4E8EF2FC4E8E13F0029F9D138BD37
:10D7B000F5E20100103C0020F0B589B0D0F8A0409F
:10D7C00000AFE4B900F170013846F6F7E7FA6E46AB
:10D7D00088B06A460B4BCDE905374FF40073ADF8BE
:10D7E0001C30094B42F8103F084823464FF4E251E1
:10D7F000F3F786F90820B5462437BD46F0BD002072
:10D80000FAE700BFF26D03000300000100170300F8
:10D8100080B500AF88B06A46074BCDE905300323D9
:10D8200042F8103F00234FF4C2510448F3F768F95F
:10D830006FF00B00BD4680BD076E030000170300AC
:10D8400008B5074AD2F8EC302BB90648EC325060E4
:10D8500018460A6008BDFFF7DBFF6FF00B00F9E721
:10D86000103C0020342103002DE9F04188B0064629
:10D870000B4600AF0D21043010F0A1F990B3DD6824
:10D88000D6F8EC30022003F170084246197A00F015
:10D8900051FF0446E0B941463846F6F77FFA6E4636
:10D8A00088B06A46124BCDE905374FF40073ADF8E6
:10D8B0001C30104B42F8103F0F4823464FF4E25102
:10D8C000F3F71EF90820B5462037BD46BDE8F081C4
:10D8D0002B462E3405F1100253F8041B934244F8F2
:10D8E000041BF9D13046092110F0D7F90020EBE7ED
:10D8F0002C6E030003000001001703002DE9F04126
:10D90000054610F0A4F90446002800F0CD80071D5C
:10D910000421384610F053F9002840F0C880022155
:10D92000384610F04CF9002840F0B7800321384603
:10D9300010F045F918B16FF00F00BDE8F08101213A
:10D94000384610F03CF90028F5D12046FFF790FA50
:10D95000D4F8EC3006469B7A032B15D005D8013B52
:10D96000012B1BD96FF01500E7E7042BFAD12046F5
:10D97000FFF794FA032804D1002EF3D0F368002BAC
:10D98000F0D04C4B1B7807E02046FFF787FA0328BE
:10D9900004D1002EE6D0F368002BE3D0D5F8A030F8
:10D9A0006BB10021EC22204612F0ABFF102104F1F4
:10D9B000270003F043F970B16FF06800BDE7287AE3
:10D9C00005F1700100F0BAFDC5F8A0000028E8D10B
:10D9D0006FF00B00B1E70521204610F05EF9F9F772
:10D9E000A5FA354B012118602046FFF745FB80461C
:10D9F0000028E1D006210C30F6F7EEF82D4B054655
:10DA00001B782046002B14BF09260126FFF746FA93
:10DA10002A4A0328127818BF46F0040604F5B673A4
:10DA2000D3E8EF1F013103D1C3E8E02F0028F7D17D
:10DA3000D3E8AF3F9BB346F001062046AE70FFF738
:10DA40002DFA1F4B28701B7863BB1E4B1B786B7025
:10DA50001023EB70AB78414613F0010314BF03228F
:10DA600000222B716A7184F8E8306B79204684F8C3
:10DA7000E930012363722B68C4F80A30AB88E38174
:10DA8000FFF73CFA2046022110F007F90B2110F0B5
:10DA900004F90321384610F000F900204DE706F0A4
:10DAA0000C06CAE70123D2E76FF07F0045E76FF06D
:10DAB000040042E7E5550020244E002050170020C6
:10DAC000E6550020E75500202DE9F341051D0646E7
:10DAD000D0F8EC40CB682846022110F070F80028FE
:10DAE0006AD10321284610F06AF8002864D1012188
:10DAF000284610F064F800285ED1314A1278002AD6
:10DB00005CD093F8008018F0080F57D0D4F8A0002C
:10DB100050B1438A03F02403CBB92046FFF7EEFE51
:10DB2000002841D10F2144E004F170073A4620203B
:10DB3000217A00F047FDC4F8A00040B93A4604201D
:10DB4000217A00F03FFDC4F8A0000028E5D018F0CD
:10DB5000040F08F00F0712D0437CDA070FD43046C9
:10DB6000FFF79CF9032803D003213B46154A02E046
:10DB700002213B46144A154810F067F8CDE7438A66
:10DB80009B06F1D5037C00F11C02009300F1140107
:10DB900000F11E0320460EF0D6FB002808DA012112
:10DBA0000B4A0A4810F009F8082002B0BDE8F081DD
:10DBB0000121284610F071F80020F6E70320F4E771
:10DBC000E5550020466E03006D6E0300001703004C
:10DBD000156D0300F8B5D0F8EC400546D4F8A03038
:10DBE000061D002B3DD102213E4A3F480FF0E5FFC4
:10DBF00007213E4B5F5CD4F8A0304BB11B7C002B5F
:10DC000066D1D4F8A00000F0B9FD0023C4F8A0301C
:10DC1000022130460FF0D3FF48B9072F94BF344B91
:10DC20001F213A46204698BFD95DFAF71BFA032117
:10DC300030460FF0C4FF40B32E4B1B682BB353F894
:10DC40000C6906B10C3E03B35B6813B1394620463C
:10DC50009847002E43D0F26802B10C3A334616467C
:10DC6000F1E779BB0D2130460FF0A9FF074620B13F
:10DC7000D4F8A00008B100F00FFF1E4B1B6823B1C1
:10DC800053F80C6906B10C3E73B9284610F052F8EF
:10DC9000637B072B25D1627AA37A9A4221D0204652
:10DCA000BDE8F84010F0FAB81B6813B139462046B9
:10DCB00098472EB1F26802B10C3A33461646E3E7B4
:10DCC0003246FAE70139C9B20E2992D9092792E7FB
:10DCD000022130460FF073FF002892D198E73246B8
:10DCE000BCE7F8BD256F030000170300928D030009
:10DCF000818D0300F44C0020F8B5031D06460F4645
:10DD0000184602210FF05BFF044620B1B6F8E84048
:10DD1000B4FA84F46409032118460FF050FF80B16F
:10DD200039463046FFF756FFC4B1022119481A4A56
:10DD30000FF043FF0521D6F8EC00F9F73BFE002079
:10DD4000F8BD012118460FF03AFF0028E8D10F2155
:10DD500018460FF034FF0028E2D1E5E705213046F0
:10DD6000FFF78AF9054688B101210C30F5F734FF39
:10DD7000234607702246294606F1EC00FAF72CFDEF
:10DD80000028DCD02846F5F7F5FDD8E76FF06800ED
:10DD9000D6E700BF001703004F6F030010B50D4C0E
:10DDA000D4E8AF3F5B0614D5D4F8E830043CDB7808
:10DDB0007BB92046FFF780F918B108212046FFF70C
:10DDC0009BFFD4E8EF3F43F48053C4E8E23F002ACE
:10DDD000F7D110BD143C00201A4B10B50446186052
:10DDE0004FF0FF324FF0FF33174804F07DFF58B17A
:10DDF000164941F23B33164A16480CF057FC41F2E3
:10DE00003B3113480CF049FC134806F03BFB0E482D
:10DE100005F032F848B10D494FF49A530C4A0D48B9
:10DE20000CF044FC4FF49A51EBE734B90221BDE801
:10DE300010400A4A0A480FF0C0BEBDE81040FFF784
:10DE4000ADBF00BF244E002074160020FE6E0300FC
:10DE50009C6E0300232D030088160020A76F03008B
:10DE6000001703002DE9F3410B8A04460E4643B91F
:10DE700001212D4A2D480FF0A0FE002002B0BDE880
:10DE8000F081012106F10C00F5F704FFA4F1EC0587
:10DE9000E83C0746042120460FF091FE3B7828B16C
:10DEA000234A022121480FF0D0FEE6E70E2B01D9CC
:10DEB000204AF6E7DFF8808058F833204AB902217B
:10DEC0001E4A1A480FF0C1FE07212846FFF714FF2B
:10DED000D3E7194628460FF0CDFE3B7860B9022102
:10DEE0001248174A0FF0B1FE032120460FF067FEDB
:10DEF0000028C2D00821E8E708EBC301328A09797B
:10DF0000914208D001210093084813460D4A0DF0B4
:10DF10002AFA0A21D9E73146284658F8333098477B
:10DF200001460028A9D0D0E7C06F03000017030006
:10DF3000DB6F03000C7003005C2103002E700300F4
:10DF400048700300286303002DE9F04F99B090F862
:10DF5000E930D1F80C8023F0020380F8E930D0F8E2
:10DF6000EC6098F80030044600AF06F17009002B11
:10DF70003BD098F8063003F0C003C02B35D04146A3
:10DF80003846F5F70BFF6E4688B06C464FF4007AC2
:10DF90006D46764BDFF8D881CDE90537ADF81CA08A
:10DFA00045F8108F00232A464FF4E251714807F1DB
:10DFB000200BF2F7A5FD4946B5465846F5F7EEFEAB
:10DFC000A5466D4BA4F81CA0C4E9053BC4F810801D
:10DFD000684800232A464FF4E251F2F791FD0A20E7
:10DFE000B5466437BD46BDE8F08F07224146484636
:10DFF00012F096FC68B14146307A00F05DFB0546B0
:10E0000038B1014620460FF0E0FD50B3284600F03D
:10E01000B5FB0D21201D0FF0D2FD002800F08880F7
:10E020004A460220317A00F085FB0546D8B907F14F
:10E03000400449462046F5F7B1FE6E4688B06A4670
:10E040004E4BCDE905344FF40073ADF81C30484B0E
:10E0500042F8103F4FF4E2512B464648F2F750FD8C
:10E06000B5460820BDE7F378002B41D106F17E03C9
:10E07000187801282BD19A7902F0C002402A26D1C3
:10E08000D3F80120C5F83E20B3F80530A5F842309A
:10E0900096F87030DBB196F8763003F0C003C02BF1
:10E0A00015D0374907F14002C7E91098BD64F9F768
:10E0B000B3FBD8F800303046C5F80130B8F804306A
:10E0C000A5F8053098F80630EB71F9F783FF94F85E
:10E0D000E91011F002010ED02A4941F228032A4A20
:10E0E0002A480CF0E3FA41F2280127480CF0D5FA4F
:10E0F00006F17703BCE72846F8F72AF8014630B165
:10E100001C480221224A0FF058FD032069E72846E7
:10E11000F8F71EF848B11F4941F24C031A4A1B4850
:10E120000CF0C4FA41F24C01DFE72846F8F722F878
:10E1300094F8E9305B0703D50A2120460FF0ADFDC6
:10E14000F37823B1B4F8E81061B1002049E794F8FE
:10E15000E930002BF6D1D4F8EC00FFF72DFB0028B6
:10E16000F0D07EE72046FFF735FDEEE76370030051
:10E170000300000100170300FF6D03002C6E030075
:10E1800075DD0200777003009C6E0300232D0300F1
:10E1900092700300CD7003002DE9F0410E46044655
:10E1A000D0F8EC80FEF764FEF6680546337801216E
:10E1B0000F48104A271D0FF048FD0A2138460FF07E
:10E1C00059FD38B16DB920463178FFF703FD0020C5
:10E1D000BDE8F0810B2138460FF04CFD0028F1D14D
:10E1E000F1E72B69002BEED040469847EBE700BFE4
:10E1F00000170300EF7003002DE9F0410546A0F180
:10E20000E80604460F463046012155F8EC890FF028
:10E2100031FD002861D0DFB1032130460FF0CFFC83
:10E2200000285AD03846F6F7CFFE0138C0B2082889
:10E230008CBF00242E4B4FF0020198BF1C5C30466F
:10E240000FF02BFD21462846BDE8F041FFF7C2BC88
:10E2500098F80B30002B40D0032130460FF0AFFC74
:10E2600020B92846BDE8F0410FF064BD05213046D5
:10E270000FF0A5FCB8B114F8043C1F0707D514F83B
:10E28000033C180703D5112130460FF006FD14F8A2
:10E29000043C23F0080304F8043C14F8033C23F086
:10E2A000080304F8033C14F8033CD90717D50621EA
:10E2B00028460FF0F2FC022130460FF0EEFC98F8F1
:10E2C000033013B914F8033C3BB92068FFF774FA24
:10E2D00018B934F8041C0029B5D0BDE8F0819A07BC
:10E2E00001D50821E4E75B07E5D50A21E0E700BF97
:10E2F000898D030037B5A0F59C75A0F59A74D4E814
:10E30000AF3FD5E8AF2F012100920748074A0DF033
:10E310002AF828460821FFF75DFC0421204603B0B7
:10E32000BDE830400FF0B9BC0017030011710300C5
:10E330002DE9F04389B000AF04460FF088FC054694
:10E3400080B3061D032130460FF039FC50B3D4F8DA
:10E35000A00008B100F012FA04F170094946207AD1
:10E3600000F0ECF88046C4F8A000F8B949463846F9
:10E37000F5F714FD6E4688B06A46414BCDE9053786
:10E380004FF40073ADF81C303E4B42F8103F4FF491
:10E39000E2513D484346F2F7B3FB0821B546284613
:10E3A000FFF7AAFC2437BD46BDE8F0830E213046B6
:10E3B0000FF005FC28B1D4F8A020537C43F00203F1
:10E3C00053742B7A032B0DD8002B4DD1D4F8A020F9
:10E3D000537C23F020035374D4F8A020537C23F003
:10E3E00001030DE0053B012BF0D8D4F8A020537CAD
:10E3F00043F020035374D4F8A020537C43F001036E
:10E4000053742B7D697BD4F8A0208B4228BF0B4628
:10E410003046137405210FF0D2FBD4F8A020537CB2
:10E4200048B343F010030D21304653740FF0C7FB7F
:10E430000028B7D02021D4F8A00000F063F9D4F868
:10E44000A03005F147021E33573552F8041BAA428B
:10E4500043F8041BF9D10023D4F8A0205361936141
:10E46000D4F8A02093839DE7052130460FF0A7FB49
:10E470000028ABD0BFE723F01003537492E700BF2E
:10E480002C6E03000300000100170300012208B5F1
:10E49000034B04481A70F8F7FFFC002008BD00BFCA
:10E4A000E55500209016002008B558B90A490B48D8
:10E4B00040F249230A4A0CF0F9F840F24921084891
:10E4C0000CF0EBF8437C5B0604D4BDE80840012166
:10E4D000F7F770BD08BD00BF77710300232D03005F
:10E4E0004771030070B5054611480C4603780126B4
:10E4F000AB4204D10722304412F012FAA0B12EB17F
:10E5000007220C490C4812F00BFA78B9084A134656
:10E5100003F8015B2168C2F80110A1889980A179F4
:10E52000997140F21123D360014870BD0020FCE7CF
:10E53000284E0020B48C0300294E002008B549B9AC
:10E54000064907487123074A0CF0B0F871210548C5
:10E550000CF0A3F8BDE80840FFF7C4BF8B710300BF
:10E56000232D030047710300F8B5054616460C46F7
:10E5700099B90B490B48CD230B4A0CF097F8CD21E4
:10E5800009480CF08AF83BB131463846A0470122D1
:10E590007B8A2B40002AF6D0F8BD0022034FF7E714
:10E5A0009F710300232D030047710300284E0020B4
:10E5B00008B5002202200249FFF7D6FF002008BD5F
:10E5C000A9E4010070B50D4611463AB10E4C002683
:10E5D000638A227803400BD1184670BD0B490C4862
:10E5E000DA230C4A0CF062F8DA210A480CF055F8EC
:10E5F000954204D10722601C12F092F908B130460E
:10E60000EBE72046E9E700BF284E00208B710300AE
:10E61000232D030047710300F8B506460C4659B98F
:10E620001F49204840F203131F4A0CF03FF840F204
:10E6300003111D480CF031F80B78012B01D000209C
:10E64000F8BD8B7903F0C003402BF8D1174D0023A0
:10E6500029466F8A11F83E2BBF0704F1010006D549
:10E66000B24204D1062212F05BF9B8B10023002BAC
:10E67000E5D16B8A9B07E2D52B78B342DFD1661CCC
:10E6800031460B480DF007FB0028D8D0D4F80130F4
:10E69000C5F83E30B4F80520064B9A800348CFE712
:10E6A0008B710300232D030047710300284E0020C7
:10E6B000564E0020664E002010B529B10D4C23782F
:10E6C00083420DD0002010BD0B490C484FF49A73C3
:10E6D0000B4A0BF0EBFF4FF49A7109480BF0DDFF8A
:10E6E0000722601C12F01CF900280CBF20460020F5
:10E6F000E9E700BF284E00208B710300232D0300A3
:10E700004771030008B558B9074908484FF4A27388
:10E71000074A0BF0CBFF4FF4A27105480BF0BDFF89
:10E72000438A1943418208BD77710300232D0300FA
:10E7300047710300F8B506460F4615464AB90C491D
:10E740000C48EC230C4A0BF0B1FFEC210A480BF00B
:10E75000A4FFFFF737FF044640B929463846FFF7C4
:10E76000EDFE044610B13146FFF7CCFF2046F8BD60
:10E770008B710300232D03004771030010B504467D
:10E7800058B90E490E484FF4AA730E4A0BF08EFF8B
:10E790004FF4AA710B480BF080FF037A5B0701D599
:10E7A000F7F702FD214611F8010BF5F707FD2046AA
:10E7B000BDE810404422002112F0A3B87771030095
:10E7C000232D0300477103002DE9F043BDB015462A
:10E7D000044602AF38B90121A34AA4480CF0B0FDA9
:10E7E0006FF0150642E03822184607F1B001A8473D
:10E7F000051E06DA2B469E4A01219C480CF0A9FD15
:10E80000EEE7204607F108010DF058FA064698B1E8
:10E810006D4688B002AA974BC2E905344FF40073E5
:10E820009383954B42F8103F00234FF4E2518F48F9
:10E83000F2F766F9AD46D3E72046391D0CF099FE94
:10E84000786838B10A2231460BF0B8FA034608B1AD
:10E850008A4AD1E755BB29463F2007F10802FFF756
:10E86000B1FE40B14422294612F04BF83046EC3755
:10E87000BD46BDE8F08307F11004204607F108010A
:10E88000F5F78CFAE84688B002AA7D4BC2E9053458
:10E890004FF400739383784B42F8103F4FF4E451E8
:10E8A0002B467248F2F72CF9C546DFE7002007F146
:10E8B0000801FFF717FE0446E0B907F130052846C6
:10E8C00007F10801F5F76AFA6E4688B002AA6D4BA7
:10E8D000C2E905354FF400739383674B42F8103F4C
:10E8E0004FF4E25123466148F2F70AF9B5466FF05A
:10E8F0000B06BBE7382D97F8B0304FD0102B41D81E
:10E90000342D3FD140F2112307F1B005C36007F168
:10E91000E00C00F110032A4603CA624518605960F2
:10E92000154603F10803F6D110681860E27BB4F8CD
:10E930000D3043EA0243022B7BD1637CDA0795D585
:10E9400013F0300592D107F19008404607F1080115
:10E95000F5F724FAE94688B002AA4B4BC2E905381C
:10E960004FF400739383444B42F8103F4FF4E4514B
:10E970002B463E48F2F7C4F8637CCD4623F00103F2
:10E98000637473E7382301210093404A2B463748CC
:10E990000CF0E9FC2046FFF7F1FE21E7102B35D8FB
:10E9A00040F2112307F1B005C36007F1E00C00F15C
:10E9B00010032A4603CA624518605960154603F1E0
:10E9C0000803F6D110681860638A03F0220213F07E
:10E9D00020056282AAD107F15006304607F10801EE
:10E9E000F5F7DCF9E84688B002AA294BC2E90536FA
:10E9F0004FF400739383204B42F8103F4FF4E451DF
:10EA00002B461A48F2F77CF8C546C3E707F1B00376
:10EA100000F10C051A4603CA696007F1E8018A4251
:10EA20002860134605F10805F4D1237B112B3FF430
:10EA30007DAF07F17005284607F10801F5F7AEF93B
:10EA40006E4688B002AA134BC2E905354FF4007335
:10EA50009383094B42F8103F00234FF4E2510348DF
:10EA6000F2F74EF8B54695E7B4450300C816030023
:10EA7000B371030071660300030000018D6603009B
:10EA8000D2710300F5710300927203001472030047
:10EA90003272030052720300024610B558B90E4993
:10EAA0000E4840F289130E4A0BF000FE40F2891125
:10EAB0000B480BF0F2FD0146382311F8010B0C3224
:10EAC000F5F76EFB044628B101210346054A0648C6
:10EAD0000CF03FFC204610BD77710300232D03008E
:10EAE00047710300F7720300C8160300884210B58F
:10EAF00000EB020311D98C18A04211D20D4940F24B
:10EB0000B3230D4A0D480BF0D1FD0D480BF0CEFD9F
:10EB100040F2B32108480BF0C0FDEFD09942ECE77A
:10EB2000013A114411F8012900F8012B8342F9D16F
:10EB300010BD00BF17470300E5460300232D030067
:10EB40006E4703002DE9F0438446894616462F4C54
:10EB50009BB01D46DDE923870CAB04F1300E1A464D
:10EB600020686168083403C274451346F7D12068F1
:10EB700061461060227904A81A712022FFF7B6FFBF
:10EB80006B462022224804A900F072F80446C0BB5C
:10EB9000102249460DF13500FFF7A8FF102231463B
:10EBA0000DF14500FFF7A2FF294611F8013B0622AF
:10EBB0000DF156008DF85530FFF798FF2299062287
:10EBC00011F8013B0DF15D008DF85C30FFF78EFF11
:10EBD0004346352268460CA900F04AF8044680B93D
:10EBE00040460FF045FA012335228DF83030684653
:10EBF0003B460CA900F03CF8044610B938460FF02B
:10EC000037FA20461BB0BDE8F08300BFFE1B0300AF
:10EC1000BA8D030070B50E461D46144698B00146E5
:10EC2000202204A8FFF762FF202231460CA8FFF73C
:10EC30005DFF1022294614A8FFF758FF1022214635
:10EC40006846FFF753FF6B465022684604A900F060
:10EC50000FF840B9039B054A1BBAB3FBF2F102FB64
:10EC600011331C9A136018B070BD00BF40420F00F2
:10EC70002DE9F0418EB007460C46154600211822BA
:10EC800008A81E4611F03DFE4FF41053ADF81C309D
:10EC90008023ADF81E304FF44063DFF8548010221B
:10ECA000CDE90938394605AB07A808F00DF9034648
:10ECB00048B1104A104801210CF04BFB6FF00400E2
:10ECC0000EB0BDE8F08106AB029310232246414608
:10ECD000CDE9006305982B4610F04BFC04460598DF
:10ECE00008F0A6F82043EBD0044A2346E2E700BF31
:10ECF0000002C0032E730300901603004A73030042
:10ED000010B5094C0A44914200D110BD11F8013BE5
:10ED100058400309E35C0001C0B243401809205C7D
:10ED20001B01DBB25840EEE7CA8D03000122024B03
:10ED3000C3F80424704700BF002008E037B5402323
:10ED40000C460A490093411A491105462346084AD0
:10ED500008480FF010FA014628B12846234603B0B0
:10ED6000BDE83040184703B030BD00BF804E0020E2
:10ED7000E3E10200800B0300C9B2022908B509D9FA
:10ED8000084909487E23094A0BF090FC7E21074878
:10ED90000BF083FC0C22036901FB0233986E00F038
:10EDA000070008BDAB730300232D03006E7303003F
:10EDB00070B5C9B20229034600690BD91849194830
:10EDC0004FF4E873184A0BF071FC4FF4E8711648E1
:10EDD0000BF063FCEFF31186402484F31288BFF339
:10EDE0006F8F0C2505FB0104A46E14F0C00401D044
:10EDF000A24211D1012205FB01008266002086F3A8
:10EE00001188BFF36F8F30B90C225B6802FB0133AE
:10EE10005B689847002070BD4FF0FF30EFE700BF00
:10EE2000AB730300232D03006E73030070B50D4612
:10EE300006490446411A491140220548FFF7B8FF28
:10EE40002B4601462046BDE870401847804E002002
:10EE5000800B03002DE9F8430022012107464FF4FF
:10EE60008770F3F775FF114802F068F80446C0B9DF
:10EE70000FF0D0FD25464FF00C094FF001083E6918
:10EE80000B4906EB45100BF0D2FD031E0CDB09FB12
:10EE900005660135032DC6F86880F0D12046BDE82F
:10EEA000F8836FF00404F9E71C46F7E765EF01000B
:10EEB000D42103001FB5002201236C46CDE90223B3
:10EEC0006B46074ACDE900440FF084F928B943F6B0
:10EED00009520023684604F089FA04B010BD00BF4F
:10EEE000FBE1020010B5EFF31184402383F3128895
:10EEF000BFF36F8F074A136823F00201DB0711602D
:10EF000002D4012001F0F6FF84F31188BFF36F8F64
:10EF100010BD00BF044F00200C22104B014602FB25
:10EF20000033002030B4D3E918521866EFF3118093
:10EF3000402484F31288BFF36F8F9C6E04F0C004EA
:10EF400044F002049C6680F31188BFF36F8F1DB1FB
:10EF50002B4630BC0248184730BC7047804E00201A
:10EF6000800B030008B507281ED8DFE800F027272C
:10EF70000F110427270D124B986E10F007001DD1BA
:10EF8000BDE80840FFF7C8BF0220F9E70120F7E716
:10EF90000C4940F2FA230C4A0C480BF087FB40F274
:10EFA000FA2109480BF079FB06494FF44173064AF0
:10EFB00006480BF07BFB4FF44171F2E708BD00BF40
:10EFC000804E0020CC7D03006E730300232D0300D0
:10EFD00010B4EFF31180402282F31288BFF36F8FD9
:10EFE00016490B6843F0020413F001030C6017D0BC
:10EFF000134BD3F80C3413F4803311D0EFF3118199
:10F0000082F31288BFF36F8F0E4A936E03F0C00332
:10F0100043F00203936681F31188BFF36F8F0123DE
:10F0200080F31188BFF36F8F1BB1002010BCFFF776
:10F0300073BF012010BC01F02FBF00BF044F0020A0
:10F0400000E01050804E00202DE9F04101220646DC
:10F050004149D1E8EF3FC1E8E02F0028F9D1A3B939
:10F060003E493F484B60CB608A60F0F71DFD0028A9
:10F070000BDA3C4940F2A3233B4A3C480BF016FB19
:10F0800040F2A32138480BF008FB002E4DD0731E30
:10F09000012B56D8012E06D1354BD3F8503403F04E
:10F0A0000303012B41D00FF007FF054650B1EFF3EA
:10F0B0001188402383F31288BFF36F8F01252C4CF6
:10F0C0002C4F21E02C4B1B78002BF0D00422284B36
:10F0D0008046C3F80823F2E74DB340460CF03DFDEF
:10F0E000D4F8403413F0FF030ED1D4F808215AB1FC
:10F0F000C4F80831D4F808314FF480420123C4F831
:10F100004034C7F8A0212361D4F84C24D4F84C34FF
:10F11000D203E1D503F00303012B01D0012EDBD193
:10F1200055B188F31188BFF36F8FBDE8F0810021DE
:10F13000202006F06BF9D3E704220D4BC3F804231B
:10F14000F3E70E4940F2B523074A08480BF0AEFA40
:10F1500040F2B52196E700BF7C4E00206C4E0020A7
:10F16000A04E0020B03503006E730300232D030072
:10F1700000E0105000E100E08A580020CC7D030040
:10F1800008B507480FF0ABFD38B10648F4F7D4F9DD
:10F190000448EFF791FF002008BD6FF01200FBE775
:10F1A000280C0300A9F101000A2838B50446074DD0
:10F1B00004D1AB680D212846DB699847AB6803484A
:10F1C000DB69E1B29847204638BD00BF280C030038
:10F1D0000023024A0020C1E90023704700D01F002D
:10F1E0000048704704220300024B0B6001231360A8
:10F1F000704700BF0C22030008B5012205481146E4
:10F200000FF0E9FD01F01AFF034B044A0020C3F898
:10F210000C2508BD084F002000E00450800000804D
:10F2200010B50C1E10461A460CDB084B9C4209D840
:10F23000C4F5FE1404F58054A24203D811F03BFB40
:10F24000002010BD6FF01500FBE700BFFFCF1F00CF
:10F2500038B542F201030F4D1446C5F80035A1B18F
:10F2600011F029FBBFF35F8FD5F81834DB0706D404
:10F27000C4F308041CB10123AB60BFF35F8F4FF4EC
:10F280000052044BC3F8002538BDFF2111F039FBB3
:10F29000E8E700BF00E00450F0B5051E0F46144635
:10F2A00087B033DB1B4B9D4230D8C5F5FE1303F509
:10F2B00080539A422AD8FAB14FF0FF324FF0FF3311
:10F2C000154804F093F80FF0A8FB0646B8B10123E7
:10F2D0008DF81430114B4FF4FA50009302AB0494A4
:10F2E0000193CDE9027501F0B1FE684601F0B4FE6C
:10F2F0000446094803F0FCFF204607B0F0BD224653
:10F3000039462846FFF7A4FF3446F2E76FF01504AC
:10F31000F2E700BFFFCF1F00084F002091E202007C
:10F3200038B5036961B921496423214A21480BF0AA
:10F33000BDF921480BF0BAF964211D480BF0ADF975
:10F34000486850B91D496523194A1A480BF0AEF9AF
:10F350001B480BF0ABF96521EFE7586800B30024B8
:10F36000884219D108688CB99C685860A14200D1C4
:10F370009860002008602AB15A680A609A6859604B
:10F3800002B9996000200FE02846E9E720609868FC
:10F39000814208BF9C60ECE705680446002DF3D16C
:10F3A000002AE9D16FF0150038BD00BF6B7403006F
:10F3B0002F740300232D030074740300837403006F
:10F3C0009574030008B503687F2B4FEA531107D8E3
:10F3D0000C4A03F01F0332F91120DA40D2070BD494
:10F3E00009490A484FF48263094A0BF05FF94FF468
:10F3F000826107480BF051F90360064B53F8210076
:10F4000008BD00BFF8250300DF740300232D0300AF
:10F41000AC7403001422030070B5446801F01F05AA
:10F42000207C86B045EA4015A068002872D0B2F56D
:10F43000001F04D1294602F033FB00204EE0606833
:10F44000667CB2F5800F46624FF0000601A8019677
:10F45000466032D1B3F1007F14BF052304238DF839
:10F4600004300023CDE904030393E3686E46CB40E8
:10F4700013F0010F34D1B2F1A07F31D1684600956D
:10F48000FFF7A0FF009B203350F82330DB0727D481
:10F490006A462946A06802F091F9163018D0029603
:10F4A0002946A06803AA02F029F8002816DB0122E9
:10F4B0002946A06802F072FABFE7B3F1C06F05D029
:10F4C000B3F1007F14BF01230223C8E70323C6E77B
:10F4D0006946A06802F03EFA0028E0DA06B070BD86
:10F4E00032462946A06802F069F90028D8D19DF873
:10F4F0000010A06802F00EFA0028D1D00749084891
:10F5000040F2F113074A0BF0D1F840F2F11105482F
:10F510000BF0C3F86FF08500E0E700BFFE6E03005C
:10F52000232D0300027503002DE9F043466840F2E5
:10F530000635337CD00601F01F0747EA431748BF62
:10F54000032302EA050558BFC2F3401387B0B5F59F
:10F55000837F14468DF8033043D00DD8062D42D05A
:10F5600005D8A5B1022D12D06FF0150036E0B5F523
:10F57000807FF9D101250AE040F20222954234D081
:10F58000B5F5407F33D0B5F5007FEDD104252203DA
:10F590002FD5012372688B405360B06880BB03A8ED
:10F5A0000397FFF70FFF039B00EB8300C4F30043B7
:10F5B00083F00103C4F34044D0F8802044EA4304BC
:10F5C0009DF8033022F4706244EA830422F00F02B3
:10F5D00044EA05231343C0F88030002007B0BDE89B
:10F5E000F0830925D3E70825D1E70625CFE70525D0
:10F5F000CDE7630341BF012372688B409360CCE782
:10F6000039460DF1020202F0D9F814F4403F804669
:10F6100017D13946B06802F065F9B8F1000FDCD1B6
:10F620009DF80210B06802F075F90028D5D01E4987
:10F630001E48FC231E4A0BF039F8FC211C480BF035
:10F640002CF84FF0000901ABCDE90199CDE904395F
:10F65000CDF80C903946B06803AA01F04FFF484539
:10F66000BBDB14F4003314D09DF80330C4F3004422
:10F6700084F001048DF80E308DF80C508DF80D409B
:10F680004B463946B06803AA01F0FAFF0028C4DAF5
:10F69000A3E7CDE904330DF1030303933946B068C2
:10F6A00003AA01F02BFFF1E7FE6E0300232D0300F8
:10F6B000027503007F2870B54FEA50110CD8144A28
:10F6C00052F8216046B13269516829B1012500F034
:10F6D0001F030C689D4001B970BD8A682A4010D094
:10F6E0004B6863B90B4989230B4A0C480AF0DEFFCB
:10F6F0000B480AF0DBFF892107480AF0CEFF3046AD
:10F7000098471CB1236821461C46E4E72346FAE7E4
:10F71000242203002E7503002F740300232D030001
:10F720009574030038B54568A868C0B102F0C0F808
:10F730000146A0B9A86802F075F8044688B90246E7
:10F740000949A86802F022F822460121DB20F3F7DC
:10F75000FFFA2246012140F20D10F3F7F9FA0020DA
:10F7600038BD6FF00400FBE7B5F6010008B503688B
:10F770007F2B4FEA531107D80C4A03F01F0332F9CD
:10F780001120DA40D2070BD409490A484FF48263AA
:10F79000094A0AF08BFF4FF4826107480AF07DFFA7
:10F7A0000360064B53F8210008BD00BF002603008C
:10F7B000DF740300232D0300AC74030084220300D4
:10F7C0002DE9F04F154606464FF0010985B000EBD4
:10F7D0008108B04503D1002005B0BDE8F08F326844
:10F7E000C2F3C323082BC2F3080400F2A0805149DE
:10F7F000CF5C40F2FF139C4208BF4FF0FF34B2F1E0
:10F80000D05F4FEA126310D2192B12D8DFE803F051
:10F8100014233734282F3411111111111111111122
:10F820001111111111113A717477382B6AD04E2BC6
:10F8300025D06FF08500CFE7C5F80446621C56D08E
:10F8400003A80394FFF792FF039B4FF0010A09FA04
:10F8500003F3436029E0C5F80C464FF0000B62E06B
:10F860004FF0000AC5F80046611C16D13FE04FF08A
:10F87000010AC5F80446F7E7C5F80846EDE7C5F8FC
:10F880001046DBE7C5F860457388601C03F0010390
:10F890002DD0002BD4D14FF0010A03A80394FFF719
:10F8A00065FF039B09FA03F383604FF0010B326895
:10F8B00003A8130444BF4FF0010A4FF0000B01925C
:10F8C0000394FFF753FF039B019A00EB8300C2F3FD
:10F8D00041223B02D0F8801043EA8203164A43EAF1
:10F8E0000B030A40134343EA4A03C0F8803004364E
:10F8F0006FE7C5F86445C7E7C5F86845C4E7C5F8CC
:10F900006C45C1E703A80394FFF730FF4FF0010BEC
:10F91000039B00EB8300D0F8803023F0E04343F0FA
:10F920008043C0F88030631CE1D0DA46BFE76FF057
:10F93000150051E7DA8D0300F0F0FCFF70B50369A4
:10F9400086B0456804461422002101A81E6810F004
:10F95000D8FF05238DF80430002386F863306368F0
:10F960000D4A1B68C3F808236B689B070ED5EFF39D
:10F970001185402383F31288BFF36F8F0221204645
:10F980000EF0DEFD85F31188BFF36F8F204601A9CD
:10F990000EF000FD06B070BD3002180038B5044608
:10F9A00000220121C620F3F7D3F9C620F3F7AEF900
:10F9B00065680121E8680EF0B4FD636819686B6939
:10F9C000C1F82435EA8BAB8BA87E13432A8C1343F2
:10F9D0006A8C13436A7E9BB20243287E0243134320
:10F9E000C1F86C352569286878B100221A490830B9
:10F9F0000FF038FB2B68DC63286800221749683059
:10FA00000FF030FB2B68C3F89C4061680B68D3F89B
:10FA1000002242F48022C3F800220822C3F8002505
:10FA2000CA6A0121C3F83C270022C3F840271965A0
:10FA3000D3F830110029FBD0C3F80025636859685A
:10FA400011F0020106D1D8681C680EF06AFD082387
:10FA5000C4F80035002038BD77E60200C7E4020094
:10FA60002DE9F84304460E4645680FF025FAD0B953
:10FA7000304B1B7883F001036268D2F80080A3B991
:10FA80004FF04009642763681B68D3F83031002BBE
:10FA90003ED101200EF0D3FF013FF4D10021202000
:10FAA00005F0B4FCEEE70123E6E740222369EFF31B
:10FAB000118782F31288BFF36F8F61680968D1F8EC
:10FAC000301121B987F31188BFF36F8FEFE71B68FF
:10FAD00053B1D3F8A4203AB1D3F8B420002A03DA02
:10FAE000D8F84427C3F8B420EB6A01221E702046E0
:10FAF000E96A0EF04BFD6B689B0744BF4FF48053DF
:10FB0000C8F8043387F31188BFF36F8FBDE8F8831B
:10FB1000EFF311831F4689F31288BFF36F8F62687A
:10FB20001268D2F83021002ADED183F31188BFF3A6
:10FB30006F8FB3E78A5800202DE9F04F1F46D0F8A9
:10FB40000490036985B01C68029399F808308346D5
:10FB500088461646D9F8005073B15D4940F20673E5
:10FB60005C4A5D480AF0A2FD5C480AF09FFD40F245
:10FB7000067158480AF091FD94F86330002B40F06C
:10FB8000A38094F8642002F0FF03002A40F09C80D8
:10FB9000791C7DD0D9F810104FEAE77CA1FB070E45
:10FBA00000234F4A01FB0CE1E9F7EEFE40F2FF3380
:10FBB000984228BF1846C5F87805D5F8003243F0BA
:10FBC0000053C5F8003227EAE773DA171F3342F112
:10FBD00000025B0943EAC26352094FF0000AC4E91C
:10FBE0001632C4E91086C4E912AAC4F850A0D9F8A4
:10FBF000042092075CD5EFF311824021039281F338
:10FC00001288BFF36F8F022158460EF0AEFC039AA4
:10FC100082F31188BFF36F8FD9F80420930747D57B
:10FC200094F86120002A43D0B24228BF324693465E
:10FC30004046D9F8281010F03EFEB6EB0B06D8442B
:10FC400028D194F86120A2EB0B02D2B284F8612093
:10FC5000D9F8280000EB0B0110F03AFE029B03F1EB
:10FC6000080ADAE8EF3F43F00403CAE8E23F002A5B
:10FC7000F7D10122C5F34343C5F3043502FA05F574
:10FC8000184A403342F82350002005B0BDE8F08FF9
:10FC90001A46A2E701370BD0C5F810A1D5F81031EC
:10FCA000D4E91623CDE9002304F1080006F0A8FAF0
:10FCB0000D4BC5F80487C5F80867C5F80433012360
:10FCC00084F86330AB62DFE76FF00F00DDE700BF61
:10FCD000CC7D030067750300232D03009B75030093
:10FCE00040420F0000E100E0200218002DE9F04F33
:10FCF00043688DB01D680369D5F8047304461E6817
:10FD000003934FF400723B464FF4BA7128460EF04D
:10FD1000FCFB20B1F36C13B9012386F862303B463B
:10FD20004FF400724FF4927128460EF0EEFB8146BC
:10FD300008B196F862903B464FF400224FF4A6714A
:10FD400028460EF0E2FB3B4610224FF488718046B5
:10FD500028460EF0DAFB3B464FF480124FF4A871B0
:10FD6000049028460EF0D1FB3B46824620224FF4F9
:10FD70008A7128460EF0C9FB20B3636814221B6801
:10FD8000002107A8D3F880B4059310F0BAFD06222D
:10FD90001BF0010F059B8DF81C2042D11BF0020FB8
:10FDA00041D11BF0040F40D10BF0080220468DF822
:10FDB000202007A9C3F880B40EF0ECFA00212046F9
:10FDC0000EF019FC049B93B1002123696268D2F8FC
:10FDD00000B01A6882F860101868D0E91623CDE9DF
:10FDE0000023083006F00CFA1023CBF80833B8F1E2
:10FDF000000F02D1BAF1000F3FD0F36C33B3B8F16A
:10FE0000000F18D1D5F84C318BB99849984840F675
:10FE1000C313984A0AF04AFC40F6C31195480AF009
:10FE20003CFC0122C2E70222C0E70422BEE7C5F87B
:10FE30004C81D5F84C314A46514620460EF052FCD2
:10FE4000BAF1000F19D04FF0000802E0BAF1000F2C
:10FE50000BD00021142207A810F053FD03232046E5
:10FE600007A98DF81C300EF095FAB8F1000F04D0F8
:10FE70000022204611460EF035FCB9F1000F35D0B6
:10FE8000002386F862302369D4F8049053F8088B75
:10FE9000D3E8EF2F22F48031C3E8E01F0028F7D128
:10FEA000D30303D508F1080006F018FAD8F840107B
:10FEB00029B120460EF075FA0023C8F8403098F8B2
:10FEC0006430002B6FD0002388F8643063682046CC
:10FED0001B68D3F8002222F00052C3F8002200224F
:10FEE000C3F81021D3F81031FFF728FDF9043DD5F0
:10FEF000D5F83031002B39D063682569D3F80080FC
:10FF0000EFF31189402282F31288BFF36F8F2A68C2
:10FF10005B68D2F8B4100029ACBFD2F8B470D8F83E
:10FF200044779A0707D54FF4805301212046C8F83B
:10FF300008330EF005FB89F31188BFF36F8F286833
:10FF4000D0F8A03093B190F8B820002A4ED0EFF34B
:10FF50001187402383F31288BFF36F8F2946204611
:10FF60000EF029FB87F31188BFF36F8F039B0833D3
:10FF7000D3E8EF2F22F00401C3E8E01F0028F7D1F7
:10FF800053076FD52046716C0EF01FFA2046316C76
:10FF90000EF007FA00232046C6E910330DB0BDE885
:10FFA000F04FFFF7CBBCD9F8043098078ED56268C4
:10FFB0001368926AC3F804270522C3F808270122B0
:10FFC000DA61D3F84C21002AFBD00021C3F84C1190
:10FFD000D3F84C21D3F850212AB1C3F85011D3F8EB
:10FFE0005021D3F80C2788F861206FE7D0F8A820BB
:10FFF000934210D0D0F8AC20D0F8B030BA423B4495
:020000040002F8
:100000002ED1C0F8B03020460EF060FA00289ED104
:100010002868D0F8B070683006F060F9142200212A
:1000200007A810F06EFC2B682046D3F8A03007A973
:10003000CDE908372B68D3F8A4309F421CBF0123B9
:100040008DF81C304FF48053C8F8083300232A6819
:10005000C2F8A0302A68C2F8A4300EF09BF985E7F8
:100060001F46D8E70DB0BDE8F08F00BFB4750300A0
:10007000232D03006775030070B50F48D0E9001504
:10008000541A63EB0506640944EAC6642026E4FBBF
:100090000615C0E9001509490020C1E90023002127
:1000A000074BC3E9000105F063FF01462046BDE8A8
:1000B000704005F0C5BE00BF603E0020483E0020F5
:1000C000583E002008B500220121E420F2F740FE4E
:1000D000164A0020D2F8183723F44033C2F81837F4
:1000E00001F01AFF002820DB0120114901F0C4FFB4
:1000F00000281ADB01F0D0FE0E4B20F01F00C3E9F0
:1001000000010D4B0022C3E900014FF0FF304FF01A
:10011000FF310A4BC3E90001094B0A49187A01F083
:10012000E5FE67220020084B1A6008BD00200E5033
:10013000AC160020603E0020403E0020483E0020DB
:10014000A416002079000200484F002008B501F0F5
:10015000A3FE064AD2E90032C01A054B61EB020148
:10016000C3E90001400940EAC16008BD603E0020CB
:10017000583E0020F7B5224B0146224F187A224BF9
:10018000D7E90056D3E900239E4208BF954211D11A
:10019000B1F1806F0ED24901012938BF012101223E
:1001A0004D1946F10006C7E9005603B0BDE8F0401E
:1001B00002F00AB8154BDFF858C0D3E90043DCE978
:1001C000002CA41843EB0C0C4FF0200E2246634683
:1001D000C1FB0E23954276EB0301C7E900230DD244
:1001E000291B66EB0C04C82974F10004B4BF01217B
:1001F0000021009101F0A8FF03B0F0BD0021F8E755
:10020000A4160020503E0020483E0020603E002002
:10021000583E002008B502480AF032FA002008BD16
:100220000376030002460B46014802F05DBD00BFA5
:1002300084180020014802F01FBE00BF841800206F
:100240001FB500230A2201930293CDF80B300091D1
:10025000014601A810F074FB4FF4AC73074A08493B
:1002600008480AF023FA084801A9009A0AF01EFA81
:100270004FF4AC7101480AF010FA00BF3576030064
:10028000CC7D0300232D03006E76030003460A464F
:1002900010B5114881680C6864B910496623104A8A
:1002A00010480AF003FA10480AF000FA66210C48D8
:1002B0000AF0F3F91946A04768B10C494FF43673B8
:1002C0000B4A08480AF0F2F90A480AF0EFF94FF42D
:1002D00036710748ECE710BD0C0C0300CA7603002A
:1002E00096760300232D0300EA760300FE6E0300DA
:1002F000357603001077030008B50A490A480EF066
:10030000CBFD00280CDA09492F23094A09480AF0D5
:10031000CDF909480AF0CAF92F2105480AF0BDF9BC
:1003200008BD00BF504F002008460020CC7D0300D0
:100330004A770300232D030073770300094B93F8DA
:100340004A30042B02D1810709D47047022B02D115
:10035000020704D47047082B03D1830601D5FFF7A9
:10036000CBBF7047F75500202DE9F0418AB0064613
:1003700000AF0D4639483A4903F034FB07F1140049
:10038000E9F725FB6C4688B06A46364B0593364B39
:1003900006934FF40073ADF81C30344B42F8103F15
:1003A0003349344807F11403F0F7AAFBA546324855
:1003B0000EF095FC58B90121304A2E480AF0C0FFD2
:1003C0006FF0120420462837BD46BDE8F0812C4B63
:1003D00007F10800BB60E0F733FD034638B10121A7
:1003E000284A24480AF0B5FF6FF01504EAE74FF0F9
:1003F000FF304FF0FF31FFF715FF04460028E1D131
:1004000021492248E0F7CAF9044610B1FFF712FF6C
:10041000D8E741F64C5807F10C00C7F80C80E1F71B
:10042000EBFF20B1FFF706FF6FF08504CAE7012359
:10043000381D3B71EAF7C6FA0028F3D107F1100026
:10044000C7F81080E1F7E0FF0028EBD1FFF7F2FEDC
:1004500033690F481D60F3F7EFFFB3E7504F0020FB
:1004600027E90200582B03009677030003000001E0
:10047000C01C4001F01603000C0C0300BD77030004
:100480008D020200DD770300683E00205105020066
:100490003D03020030B52B4887B0E0F7FDF8044675
:1004A000002849D10125E0F7B7F9E9F792FAE9F711
:1004B00092FAE9F792FAE9F792FA2946204603AA56
:1004C0008DF80C50E0F716F9002834DB08230721DB
:1004D000204603AAADF80C30E0F70CF900282ADB1F
:1004E0004FF04513039340F203230321204603AA50
:1004F000ADF81030E0F7FEF800281CDB03230521DF
:10050000204603AA8DF80C30E0F7F4F8002812DB3F
:1005100040F29C73984212D90B4A009029460B482E
:100520000AF021FF84F31188BFF36F8F042318466C
:1005300002DF6FF00B000446204607B030BD2046B6
:10054000F9E700BF4102020001780300F016030042
:1005500073B53F4C94F84A302BB394F84A30042BCF
:1005600054D120783E2831D1A678B31E5E425E4138
:10057000637802334A2B2BD94A2201210092354855
:10058000354A0AF0F0FE6FF00B030121334A31487F
:100590000AF0DFFE002383F31188BFF36F8F04237B
:1005A000184602DF1DE04FF0FF304FF0FF31FFF73C
:1005B00039FE48B9204604F14A0100F029FB0546FE
:1005C000FFF738FE002DC8D002B070BD0026CFE77F
:1005D000002200233146F3F739FF054648B9002EC3
:1005E000F2D0002384F84A3002B0BDE87040FFF733
:1005F00083BE62780232164905F10C000BF0FBFA5B
:10060000174B29461B6817489847EAE7022B0DD17C
:10061000002200230820F3F7C3FE05460028D3D0AC
:10062000638804334A2BA7D81A46E4E7082B09D17C
:10063000002300222020F3F7B3FE6388054600283C
:10064000EFD1C1E70121084A02480AF082FEC8E75B
:10065000F7550020F0160300247803007E7803008D
:100660004C4F0020440C0300457803002DE9F34172
:10067000A94D04462F78002F40F0C28204238DF844
:100680000730A64B0688D3F80080B8F1000F15D1CB
:10069000B6F5105F4FEA96230BD2002B00F0A38231
:1006A000013B072B62D8DFE803F026614D956161BD
:1006B00061DD3F2B00F0D58101200FE20DF1060333
:1006C0000DF10702691CC0470128E1D09DF80630F2
:1006D00013B9012840F08A820F236B700423AB709A
:1006E0000123E8702B71A5F80560012300202B7011
:1006F00002B0BDE8F081204640F2064230F9033BEB
:10070000934219D040F21D42934218D0012042F288
:1007100019039E4200F2548242F20C039E4200F200
:10072000488240F2064340F21D429E4218BF964264
:1007300014BF0127002730E0E1F77CF9E7E7E1F794
:10074000EBF9E4E7204640F6634230F9033B93427D
:1007500034D00EDC40F60342934223D040F62D42C3
:10076000934222D040F60142934213D00120074623
:1007700013E040F67B42934223D040F67C42934202
:10078000F4D19DF80730664902338DF80730EAF757
:10079000EAF801E0E0F784F8012787F001038DF81B
:1007A000063093E7E9F70AF9F6E79DF807305C4968
:1007B00003338DF80730E9F7A6FEEDE7E0F782F89E
:1007C000EAE79DF80730564904338DF80730EAF719
:1007D000BCF8E1E72388A3F58053013B082BC5D87B
:1007E00001A252F823F000BF0D0802001F0802000A
:1007F000330802006D0702006D0702006D0702005A
:100800006D0702006D070200530802009DF80730D3
:10081000434808338DF80730E9F763FEBCE79DF8DD
:1008200007303F4840338DF807300EF07EF8002047
:10083000B2E700229DF8073008338DF80730384BB7
:100840001A605A60EB7A23F0600343F06003EB72A6
:10085000EDE79DF80730324806338DF80730E9F7A9
:100860009FFE99E7204630F8033BA3F50053013B78
:100870004D2B00F28F81DFE813F0550062006B0012
:100880008D0174008D018D018D018D018D01770029
:100890007A007D0080008D018D018D018D01830026
:1008A00086008D0189008C0095009E008D018D01D0
:1008B000A1008D018D018D018D018D01AC008D0197
:1008C000B5008D018D01B800BB00BE00C1008D01D7
:1008D0008D01CA00CD00D000D900E200E5008D01F5
:1008E0008D018D018D018D018D018D018D018D0198
:1008F0008D018D018D018D018D018D018D018D0188
:100900008D018D018D018D018D018D018D01E8001D
:100910008D018D01F10000BF42560020604F002084
:1009200049560020DFF7D8FF42F264039E423FF4AD
:1009300034AF42F264039E4200F2D080E7E69DF8B5
:100940000730B14803338DF80730E1F769F8EBE77A
:100950009DF80730AC4808338DF80730E9F796FF6B
:10096000E2E7E9F739FEDFE7E1F79EF9DCE7E9F7CF
:100970000EFFD9E7E1F778FCD6E7E1F7DBFCD3E738
:10098000E9F722FFD0E7E9F758FFCDE7E9F76EFF77
:10099000CAE79DF807309C4910338DF80730E9F716
:1009A000DEFDC1E79DF80730974808338DF8073022
:1009B000E9F7A3FDB8E7E9F7A8FFB5E79DF8073029
:1009C000002008338DF807307023EB714023EB7261
:1009D000AAE79DF807308C4902338DF80730E9F714
:1009E0000AFEA1E7E1F754F89EE7E9F70FFD9BE760
:1009F000E9F72FFD98E7E9F762FD95E79DF80730E5
:100A0000814801338DF80730E9F767FD8CE7E9F796
:100A100046FD89E7E9F73AFD86E79DF807307A4811
:100A200008338DF80730E9F716FE7DE79DF80730AB
:100A3000754904338DF80730E9F738FE74E7E1F7BC
:100A40003FF871E7E9F778FE6EE79DF807306E48EA
:100A500002338DF80730E9F771FD65E7E9F70BFE22
:100A600062E720464FF6035230F8033B934276D0BC
:100A700013D803F2FF3292B20A2A3FF61DAEA3F555
:100A80007C43013B0A2B00F28780DFE803F01F352F
:100A90008585855C85854A535F004FF605529342F4
:100AA00060D003F2F32292B20E2A3FF605AEA3F510
:100AB0007D430D3B0E2B6FD8DFE803F05A6E6E6E50
:100AC0006E576E5D6E666E6E6E6E69009DF80730D5
:100AD0004D480C338DF80730E8F783FF42F2850369
:100AE0009E427AD842F267039E4257D842F266038A
:100AF000F71A18BF012750E600209DF80730403351
:100B00008DF80730404B1880EB7923F0230343F036
:100B10002303EB712B7A23F0070343F007032B72B7
:100B2000DCE79DF80730384817338DF80730E8F7D1
:100B300073FFD3E79DF80730334820338DF8073033
:100B4000E8F78EFFCAE7E8F765FFC7E79DF80730CB
:100B50002D4801338DF80730E8F79FFFBEE7E9F72E
:100B600031FFBBE7E1F748FCB8E7E1F74DFCB5E73B
:100B7000E8F7A9FFB2E79DF80730234904338DF861
:100B80000730E8F7A6FFA9E7E1F746FCA6E7E1F79B
:100B90004FFCA3E70120C7E60120CAE6A6F50153F2
:100BA000283B9AB2194BD34003F0010383F00107AD
:100BB000F3E5A6F500530D3B9AB241F24123F2E76B
:100BC00042F232039E423FF4E8ADA6F50153033BE7
:100BD000012B94BF00270127DFE54FF6025226F0D4
:100BE00008039F1A85E701273846D6E59DF80730A8
:100BF0000E22AB7001236A70EB70AE80A87174E5B1
:100C00004FF0FF3074E500BF495600202F80402090
:100C100038B5094C0D4623781BB9BDE83840E9F7D3
:100C20001AB8A278611C02320FF045FE002004239E
:100C300020702B7038BD00BF4256002070B50646AC
:100C40000C460F4D28460EF04AF8A8B1A2B2AB6888
:100C50001B6863B90B4966230B4A0C4809F026FD53
:100C60000B4809F023FD6621074809F016FD3146BF
:100C70002846BDE8704018476FF0120070BD00BFF5
:100C80000C0C0300CA76030096760300232D0300A4
:100C9000EA7603004FF40071014805F095BD00BFEE
:100CA0008A5600201FB500230A2201930293CDF833
:100CB0000B300091014601A80FF042FE40F24D13A7
:100CC000074A0849084809F0F1FC084801A9009AB8
:100CD00009F0ECFC40F24D11014809F0DEFC00BFC8
:100CE000D6780300CC7D0300232D03000379030095
:100CF000322337B50125ADF8043000231C216846A6
:100D0000134A8DF80630ADF800508DF80230E8F740
:100D1000DDFB0446C8B90DF07AFA80B2E7F7C8F8EF
:100D200029460C48ECF7EEF8044670B901462A460D
:100D30008520F2F70DF82A462146E520F2F708F85B
:100D40002A4621468A20F2F703F8204603B030BD38
:100D5000A50C0200684F002008B54FF0FF304FF09F
:100D6000FF31FFF75FFA48B107490848E623084A10
:100D700009F09CFCE621064809F08FFCECF7F2F93B
:100D8000BDE80840FFF756BA1A790300232D030087
:100D9000D6780300024608B50A480B460A4903F014
:100DA00053F900280CDA09494723094A094809F090
:100DB0007DFC094809F07AFC4721054809F06DFCE3
:100DC00008BD00BF08460020F0120020CC7D0300C3
:100DD0004A770300232D03002779030008B50A4949
:100DE0000A480EF059F800280CDA09492F23094A5D
:100DF000094809F05BFC094809F058FC2F21054817
:100E000009F04BFC08BD00BFCC4F00200846002075
:100E1000CC7D03004A770300232D03007377030082
:100E20000122054B05491A63A3F54023D3F81805A1
:100E30000860C3F81825704700E01050C84F002024
:100E40000122044B5A63044B1A68044BC3F818255B
:100E5000704700BF00E01050C84F002000E0045071
:100E6000012803460ED0022805D040B10221074ACE
:100E700007480AF06EBA0420064B1B681847054B5A
:100E80001B68FBE7034B07201B68F7E7617903004A
:100E900088170300DC4F0020012810B50FD002286E
:100EA00013D0A8B10D494C230D4A0E4809F0FEFBA2
:100EB0000D4809F0FBFB4C21094809F0EEFB00202E
:100EC0000A49BDE81040E6F727BF01200749F8E7C7
:100ED000074B0220BDE810401B681847CC7D03007B
:100EE0007D790300232D0300BA790300610E02000F
:100EF000DC4F0020012808B50FD0022812D098B18D
:100F00000A495F230A4A0B4809F0D0FB0A4809F056
:100F1000CDFB5F21064809F0C0FB0020BDE808407A
:100F2000E6F71ABF0120F9E708BD00BFCC7D03003A
:100F30007D790300232D0300BA790300014B18606B
:100F400000207047DC4F002038B5304C0D46237C24
:100F5000834209D02E4960232E4A2F4809F0A6FB70
:100F600060212C4809F099FB04F13803D3E8AF3F26
:100F70002BBB09293DD8DFE801F0053C3C3C3C2473
:100F8000241F3C22A369D3E900209047012808D000
:100F9000224B984203D00223606384F82C3020480F
:100FA0000EE042F21073A362032384F82C301D4B31
:100FB00084F821002363F2E7144802F099F9002035
:100FC00038BD002384F82130174B207C1549A362DB
:100FD000EBF7D9FF04460028F1D058230D4A1349F6
:100FE0000D4809F063FB2146114809F05FFB5821C9
:100FF000B7E79323074A0F49074809F057FB2946EB
:101000000D4809F053FB9321ABE700BFE04F0020F0
:10101000147A0300DA790300232D03001F646602AB
:101020000C500020FC4F0020FF3F420F367A030097
:101030003F7A0300CC7D0300627A03000122002185
:1010400001480DF0C8BE00BFE04F0020014B5861C1
:10105000704700BFE04F0020F8B54FF0FF31064663
:101060004FF0FF30FFF7DEF8054648B14849BF238F
:10107000484A494809F01AFBBF21464809F00DFBD0
:1010800046494748E8F762F90446FFF7D3F8002CD1
:1010900008DA444823460121434A0AF05AF96FF01E
:1010A0000B00F8BD40F20113404C23846369A66134
:1010B0006433636242F21073A3626FF073032577A7
:1010C000636304F13806D6E8EF3FC6E8E25F002A22
:1010D000F9D1A36837463BB13549D5232D4A2E486F
:1010E00009F0E4FAD521C8E74FF0FF304FF0FF31A7
:1010F000FFF798F838B12649D823264A264809F040
:10110000D5FAD821B9E7207C04F11C01EBF73BFFAD
:10111000054658B1DA231F4A26491F4809F0C6FA86
:101120002946254809F0C2FADA21A6E7FFF782F836
:1011300000232046214A02F059F900280BDA012148
:101140001F4A18480AF0FCF80123D7E8EF2FC7E838
:10115000E13F0029F9D14FF0FF304FF0FF31FFF7A9
:1011600061F838B10A49E5230A4A0B4809F09EFAAA
:10117000E52182E7207CEBF7E8FEFFF75BF8D6E895
:10118000AF3F13B1094802F0ABF9606B89E700BFCC
:101190001A790300DA790300232D0300F04F0020B1
:1011A000490F0200401703007A7A0300E04F002045
:1011B000A07A0300367A03003F7A03000E720B0018
:1011C000EE2B030003689A070CD50368DB070DD5E7
:1011D0000922074BC3F80C250F22C3F8042501226E
:1011E0001A60FEE7034B0360EF3B0360704700BFEC
:1011F00000801050F000FA5008B50123304AC2F8C0
:101200000038A2F55722D2F800242E4AD2F8402303
:10121000292A01D0332A02D12B4AC2F80C342B4898
:10122000FFF7D0FF0830FFF7CDFF0830FFF7CAFF08
:101230000830FFF7C7FF00F5F470FFF7C3FF244A3B
:10124000D2F88C3043F44063C2F88C300022D300D3
:1012500003F57F0303F54043D3F8001401310AD0AE
:10126000D3F8001439B1D3F800140132D3F80434A0
:10127000402A0B60EBD1174BD3F80026D2071AD4C3
:10128000154B1349D3F8182522F00302C3F818258B
:10129000D3F81825C3F81825D1F88C2042F4406201
:1012A000C1F88C200022C3F8A0250C4AD2F80034E3
:1012B000012BFBD008BD6FF00102C3F80026DFE769
:1012C0000000125000C0FF000030055000F50E5025
:1012D00000ED00E000E0105000E0045000900450E9
:1012E0007F2898BF074B4FEA50129FBF33F9123047
:1012F00000F01F0023FA00F000F0010088BF00207A
:10130000704700BF08260300034A4309D35C00F07E
:101310001F001844C0B27047E38D030010B50446A7
:101320000846FFF7F1FF04EB4000838ADA051CD57D
:10133000C3F3432123F4F853838204F1120204F12E
:10134000960032F8023F13F4807F03D0C3F34323A7
:1013500099420AD09042F4D1002204EBC1035A60B2
:1013600004F19C000DF087FB00B910BD054906484B
:101370004FF4DB73054A09F099F94FF4DB71034828
:1013800009F08BF9FE6E0300232D0300DC7A0300C5
:1013900010B5016804460846FFF7A2FF58B9104986
:1013A0004FF482630F4A104809F080F94FF48261CC
:1013B0000C4809F072F901F01F037F2923604FEAFE
:1013C000511209D9094940F21943064A064809F061
:1013D0006DF940F21941EBE7054B53F8220010BDBF
:1013E000DF740300AC740300232D0300CC7D0300E5
:1013F000F8220300072808B50BD90849084840F22D
:10140000A733084A09F052F940F2A731054809F01C
:1014100044F9800000F5807008BD00BF4F7B0300D9
:10142000232D03001A7B0300F0B58446002587B006
:10143000DFF848E0124F019102AE1EF8013B06AA08
:1014400002EBD30212F8144C03F00703DC4014F053
:10145000010406D10135042DEFD10024204607B048
:10146000F0BD97E80F0086E80F0056F82520136AB4
:101470004CF825301362002BECD0EFE7F38D03001E
:10148000D4180300F7B504460846FFF73DFF04EB08
:101490004006B38A0D46DB072AD520460DF0E4FB53
:1014A000294620460DF000FB50B120460DF02BFBE5
:1014B0000023276807EB8000C0F81035C0F810350E
:1014C000204600242946FFF729FFB48201A8019590
:1014D000FFF75EFF019B00EB8300D0F88020064BF6
:1014E000134043F00203C0F88030204603B0F0BD43
:1014F0006FF01500FAE700BFF0F0FCFF2DE9F043B4
:101500000E461746044685B058B95A495A4840F223
:101510005E435A4A09F0CAF840F25E41574809F062
:10152000BCF80846FFF7F0FED7F800800546B8F192
:10153000000F19D020460DF0DBFA18BB4346CDE969
:1015400000008DF80E008DF80F000DF10F023046EF
:101550000DF10E010DF000FB04EB4502938A23F020
:10156000020343F0010393827B689BB3314620461C
:1015700093F80080D3F804900DF0AFFA28B1B9F1D8
:10158000000F1FD06FF0150027E004EB4500838AA1
:1015900023F4604323F020038382B9F1000F11D0BC
:1015A000B8F1030FEED87B6821685B6893F800C040
:1015B0004FEA8C031944B8F1000F11D1C1F810851E
:1015C000C1F8108504EB4502938A23F01C0343EA1B
:1015D00088039382BB684BBB002005B0BDE8F08355
:1015E000D1F8102522F00302C1F810252268134417
:1015F000D3F8102522F4473222F47C72C3F8102568
:1016000041F6F072D3F8101502EA061242EA0842D7
:101610000A43C3F8102504EB4C03A3F8A060838AA7
:1016200043EA4C3343F020038382CBE73146D3E9CE
:1016300000782046FFF772FE002FCDD063689F42EE
:1016400006D004F19C000DF0FCF9002804DAC4E790
:10165000A3689845F5D1002004EBC003C3E90178E5
:1016600004EB4505AB8AC0B243EA402343F48073E0
:10167000AB82B1E7597B0300232D0300DC7A030022
:101680002DE9FF410D4616461F46044658B93B4911
:101690003B484FF48D633B4A09F008F84FF48D61E5
:1016A000384808F0FAFF0846FFF72EFE804616B3CA
:1016B00020460DF012FA18B920460DF0F5F908BBD6
:1016C000294620460DF0FBF910B17378012B19D093
:1016D00001238DF80F300023721CCDE900632846EA
:1016E000B31C0DF10F010DF037FA04EB4802938A99
:1016F00043F003039382002F3ED0294620460DF08D
:10170000ECF920B96FF0150004B0BDE8F0810022BB
:101710003E78236804EB480003EB8603C3F81025EA
:10172000C3F81025838A4FEA860C23F4604323F024
:10173000200383827978F9B12268134B6244D2F88E
:101740001045BF782340C2F8103541F6F073090404
:1017500001F4403103EA05130B433905D2F8104573
:1017600001F480110B432343C2F81035838A43EA06
:10177000463343F0200383820020C5E7597B0300F2
:10178000232D0300DC7A03000FE0ECFF08B558B905
:101790000749084840F27143074A08F087FF40F2C2
:1017A0007141054808F079FFC0E9031208BD00BF88
:1017B000597B0300232D0300DC7A030070B5154626
:1017C000044658B9134940F27A43134A134808F0C3
:1017D0006DFF40F27A41104808F05FFF4AB91049A6
:1017E00040F223330C4A0D4808F060FF40F22331E9
:1017F000F1E70DF059F948B10846FFF785FD04EB14
:1018000040040020A38A5B0B2B7070BD6FF01500A5
:10181000FBE700BF597B0300DC7A0300232D0300A4
:10182000647B0300F8B5044658B91C491C484FF4C2
:1018300091631C4A08F03AFF4FF49161194808F08F
:101840002CFF90F8B05090F8B1701DBB842229464F
:1018500014300FF056F8144B266853F83770AF4227
:1018600013D1002540F20D10C6F84451D6F844318A
:101870000E4B9E4208BFDB20F1F748FA01232846B1
:1018800084F8B030C4F89C30F8BDE8B2FFF7B2FD80
:101890000135E4E76FF07700F6E700BF597B0300FE
:1018A000232D0300DC7A03000823030000A00D5061
:1018B00008B558B90849094840F28F43084A08F06A
:1018C000F5FE40F28F41064808F0E7FE90F8B000C0
:1018D000003818BF012008BD597B0300232D0300E9
:1018E000DC7A030008B558B90749084840F29D431F
:1018F000074A08F0DBFE40F29D41054808F0CDFEA6
:10190000BDE80840FFF7BEBD597B0300232D03004F
:10191000DC7A030008B558B90A490B4840F2A443E1
:101920000A4A08F0C3FE40F2A441084808F0B5FE98
:10193000074B90F8B10003EB8000BDE808400DF0C4
:101940009AB800BF597B0300232D0300DC7A030003
:10195000B416002010B50C4658B90C490C4840F29A
:10196000AB430C4A08F0A2FE40F2AB41094808F034
:1019700094FE094B90F8B10003EB80000DF061F884
:101980000028A4BF2070002010BD00BF597B0300B9
:10199000232D0300DC7A0300B41600202DE9F34167
:1019A0000D461646044658B938494FF4A563384ADF
:1019B000384808F07BFE4FF4A561354808F06DFE0D
:1019C0000DF07DF848B9344940F23543304A31488A
:1019D00008F06CFE40F23541EFE720460DF064F868
:1019E0002768F8B120460DF078F88046D0B9204637
:1019F0000DF089F80546FFF7FDFC47F800803B58DD
:101A0000236803EB8503D3F8102542F00102C3F8E5
:101A1000102526B101232268AB40C2F8143302B06E
:101A2000BDE8F081D7F814339B035CBF4FF400335B
:101A3000C7F814334EB9194940F24F43144A1548B8
:101A400008F034FE40F24F41B7E72846FFF75CFC50
:101A500004EB4004A38AC3F38203042B11D0052BAB
:101A600011D001A80195FFF793FC019BC168D940F3
:101A700001F001010231284602B0BDE8F0410DF04D
:101A8000B8B80321F7E70221F5E700BF597B03004F
:101A9000DC7A0300232D03006E7B03008F7B0300A1
:101AA00008B558B90749084840F22F53074A08F0CB
:101AB000FDFD40F22F51054808F0EFFDBDE808405C
:101AC0000DF0D2B8597B0300232D0300DC7A03000C
:101AD0002DE9F04F07468FB058B97449744840F269
:101AE0005C63744A08F0E2FD40F25C61714808F002
:101AF000D4FD804658F804BB90F8B140DBF81413CD
:101B00006D4BC9B253F83420584641F400310DF002
:101B10007FF8820305463AD5102200210AA80EF06C
:101B2000F0FE654BE60003EBC40463680AA819469F
:101B30000193FFF779FC331D04934FF0000A5F4BCC
:101B40000DF128090393039A5B4912F8013B0392B4
:101B5000049A02EBD3028A5C03F0070322FA03F330
:101B6000DB071AD40AF1010ABAF1040F09F10409DA
:101B7000E9D14FF40031002258460DF049F801999F
:101B80000AA8FFF751FC0028D7D125F4003501241D
:101B9000002D74D10FB0BDE8F08F494B534405932D
:101BA000D9F800100029DDD091FAA1F1B1FA81F144
:101BB000059B1C7841EA44142046FFF7A5FB07EB80
:101BC0004000828AC808C2F38203CDE9062302934B
:101BD000012319F8006001F0070103FA01F126EA78
:101BE000010109F8001009A80994FFF7D1FB099930
:101BF000069A203150F8216012F0100F079BC6F3AF
:101C0000014623D021464046029A0CF086FF09A8DF
:101C10000994FFF7BDFB099BF6B2203350F823303F
:101C2000C3F301439E4207D1002120460CF0E1FF9F
:101C3000314620460CF0DDFF09A80994FFF7A8FB08
:101C40000122099B02FA03F30362A9E7022E14BFE3
:101C500002210321204606930CF0CBFF069B032BA9
:101C600003D0022E07D1012BE6D121464046029A2D
:101C70000CF053FFE0E7032EDED1022BF4E795FAD8
:101C8000A5F3B3FA83F304FA03F225EA020503F598
:101C9000A2725BF8222007EB43034046B3F8A01082
:101CA000C2F301420CF039FF72E700BF597B030019
:101CB000232D0300DC7A030008230300F38D0300C7
:101CC000F38D03000123034A03FA00F093680343F2
:101CD000936070472013002073B504460191EFF321
:101CE0001186402383F31288BFF36F8F0B4D019B46
:101CF0006A6801A8134001930CF0A3FE002807DBDB
:101D000001226B68824023EA02036B60207000208E
:101D100086F31188BFF36F8F02B070BD20130020CF
:101D200008B5154B027AD3F8101521F001010A43CA
:101D3000C3F810250268B2F5803F0BD30F4940F27B
:101D4000B9730F4A0F4808F0B1FC40F2B9710C4862
:101D500008F0A3FCC3F8A4264268FF2A09D90A495F
:101D600040F2C473064A074808F0A0FC40F2C47170
:101D7000EDE7C3F8AC2608BD00200E50CD7B030074
:101D80009A7B0300232D0300F57B03000B2808B585
:101D900001D800290BDA0B490B4840F216530B4AC5
:101DA00008F084FC40F21651084808F076FC000167
:101DB00000F1A04041EAC27100F56220C0F8281588
:101DC00008BD00BF2F7C0300232D03009A7B030076
:101DD0000B2808B50BD90B490B4840F20B530B4AA3
:101DE00008F064FC40F20B51084808F056FC000172
:101DF00000F1A04000F56220D0F82415D0F82005AD
:101E000008BD00BF1B7C0300232D03009A7B030049
:101E10000B2808B50BD911494FF4A063104A11489B
:101E200008F044FC4FF4A0610D4808F036FCB3F50F
:101E3000801F09D30C4940F20253094A094808F0AF
:101E400035FC40F20251EFE7000100F1A04000F53F
:101E50006220C0F82025C0F8243508BD1B7C030093
:101E60009A7B0300232D03006B7C0300012303FAFC
:101E700000F010F0670F0AD0064B5B68DB4303F0FD
:101E8000670303420CBF6FF01500002070474FF04E
:101E9000FF3070472013002038B50F4B1B78012B03
:101EA0000ED14FF0FF306FF040410C4CD4E90023CD
:101EB000904271EB0305F9D31046C3F3130138BD0B
:101EC0000749084840F21913074A08F0EFFB40F2AF
:101ED0001911054808F0E1FB2013002040270E509F
:101EE000C47C0300232D0300887C030030B50C253F
:101EF000074B1C1894F8544005FB0433C3E9031244
:101F000018750123034A8340C2F8243330BD00BF53
:101F10002013002000200E50F0B5504D85B02C78D5
:101F2000002C40F095804E4A01AB07CA83E80700B9
:101F30004C491846D1F8102522F00202C1F81025AC
:101F4000FFF7EEFE0723672202F001012144013B67
:101F5000CCB24FEA5202F7D1052C7CD119464FF092
:101F6000010C3E4E00246720CFB204E00CFA02F2CE
:101F700020EA0200013490FAA0F25FFA84FE77456D
:101F8000B2FA82F2F2D80131327505292A4482F878
:101F9000547006F10C06E5D10121002432489A085C
:101FA00001FA02F212F0670F18BF1C500433302BF5
:101FB000F5D1E420F0F7AAFE2A4B0024D3F810252F
:101FC000012622F00202C3F8102540F6FF72C3F882
:101FD0002823C3F88041C3F88040C3F88441C3F884
:101FE0008440C3F88841C3F88840C3F88C41C3F8E3
:101FF0008C40C3F89041C3F89040C3F89441C3F8B3
:102000009440C3F89841C3F89840C3F89C41C3F882
:102010009C40C3F8A041C3F8A040C3F8A441C3F852
:10202000A440C3F8A841C3F8A840C3F8AC41C3F822
:10203000AC401E660D4B0E4A1B685D20B3FBF2F3ED
:1020400058430C4B3343984720462E7005B0F0BDE3
:102050006FF07700FAE76FF08B00F7E720130020AE
:10206000E418030000200E5000210E50B01600208E
:1020700040420F00501C030038B52C4B0D461B7816
:10208000012B0BD02A492B4840F206232A4A08F09C
:102090000DFB40F20621284808F0FFFA274BD3F841
:1020A000102594073CD4D3F8102542F00202C3F85F
:1020B0001025C0B1D3F8482712F0010202BFD3F8AF
:1020C000481741F00101C3F848171C4BD3F84017DB
:1020D000D3F844174800F9D42AB9D3F8482722F096
:1020E0000102C3F84827164B164A1B68B3FBF2F3EC
:1020F000124A03EB4313B3B1D2F84017D2F8441796
:1021000049000BD44FF0FF312846FFF7E5FD0446A8
:1021100010B92878FFF7D6FD204638BD013BEAE725
:102120006FF07704F8E76FF07304F5E720130020F1
:10213000C47C0300232D0300887C030000200E5084
:10214000B016002040420F002DE9F04104461D4624
:10215000FFF78CFE904607469DF8186058B1154968
:10216000154840F2BB23154A08F0A0FA40F2BB2103
:10217000124808F092FA12490B1993F854300C33B4
:1021800001EBC30041F8332045602B4620466EB179
:102190000C4EA400FFF73CFE33592BB1FFF77CFE39
:1021A0004045A94100D23751BDE8F081BDE8F0417A
:1021B000FFF72EBEED7C0300232D0300887C030077
:1021C0002013002000210E50F8B50546FFF74EFE03
:1021D00058B11149114840F21933114A08F066FA12
:1021E00040F219310E4808F058FA0E48431993F896
:1021F00054300C3350F8334000EBC30CDCF804606F
:10220000641846F1000640F83340CCF804602846D4
:10221000BDE8F840FFF7BABDED7C0300232D0300B5
:10222000887C0300201300202DE9F7432C4B2D4F11
:10223000D3F82C6307F1880916B903B0BDE8F08321
:1022400096FAA6F80123B8FA88F803FA08F3D943F6
:1022500026EA030607EB080393F854500C2303FB0C
:102260000573187D40450BD01F49204840F2B73315
:102270001F4A08F01BFA40F2B7311D4808F00DFA6A
:102280001C4CDB684FEA880214441BB3D9E8EF3FCB
:1022900003EA0102C9E8EC2FBCF1000FF6D123FAE2
:1022A00008F3DB0711D5FFF793FD02460B462168C3
:1022B0000029C1D0002121600C2101FB057529698D
:1022C00040460091E9688847B6E707EBC503D3E9C4
:1022D0001823ECE72268002AAED02360ACE700BFE9
:1022E00000200E50201300200C7D0300232D03003E
:1022F000887C030000210E5008B50649064840F2CC
:10230000D623064A08F0D2F940F2D621034808F055
:10231000C4F900BF647D0300232D0300307D03005A
:10232000202908B501D9FFF7E7FF054B40EA012056
:10233000C3F80005D3F80024D207FBD508BD00BFC1
:1023400000E0045008B5124BA822002118460EF0F8
:10235000D8FA03220F49026142610F4A8161C261CA
:102360004FF480520262002282624262C2620166BF
:102370000A49034641661021816609490267C2661F
:10238000426711F8010D98540132102AF9D108BDA5
:10239000701000208A7D0300700000206000002083
:1023A000078E03002DE9F74F1826DFF88880814655
:1023B00006FB008700FB06667D6AD7F828C0464406
:1023C0007368AC458B46144603EB050025D83B6A81
:1023D000A3EB050A0AF1FF3E724507D82C440EF024
:1023E0006AFA7C62012003B0BDE8F08FE6447245D2
:1023F0001ED8524601930EF05EFA019B2C44E41A5B
:1024000005D0224670680BEB0A010EF054FA18232F
:1024100003FB0988C8F82440E4E70CF1FF3CACEB6F
:10242000050C944504D325440EF045FA7D62D9E7A6
:102430000020D8E7701000201822034B02FB003365
:102440009A6A586A801A704770100020002310B4EE
:10245000074A0849C85C12F8014D844204D101338F
:10246000102BF7D110BC704710BCFFF76BBF00BF3B
:10247000078E03007010002038B5436905463BB94C
:102480000024EA686042537843F00103537038BD7A
:10249000984704460028F3D000F1FF03FE2B0ED925
:1024A0002123094A09490A4808F000F9296809481E
:1024B000224608F0FBF82121034808F0EEF8EB680B
:1024C00044421C70DDE700BF937D0300B67D03002E
:1024D000232D0300CE7D030010B50446EEF7B4F9BA
:1024E00003480121034A08F02BFF20460CF002FCB0
:1024F00098170300F37D03002DE9F84304460D46C9
:1025000000AFEFF31188402383F31288BFF36F8F7E
:102510000428324A98BF324BE9468AB09668117C4B
:1025200098BF53F820306A4688BF2E4BCDE907315B
:1025300040F201332C48ADF824302C4BCDE9050492
:1025400042F8103F00234FF431512948EEF7D8FAF2
:10255000CD4645B1EB69C3F3080323B10121254AF8
:10256000234808F0EDFE2EB130460CF0AEFC08B169
:10257000037803B92048E9468AB06A461F4B0790A2
:10258000CDE9053640F20133ADF820301C4B42F85E
:10259000103F00234FF411511548EEF7B1FA2946C8
:1025A000CD462046FFF798FF042C0CD11549872310
:1025B000154A164808F07AF8154808F077F8872188
:1025C000114808F06AF888F31188BFF36F8F30461E
:1025D000F0F768FCBD46BDE8F88300BF1C50002042
:1025E00018230300027E0300107E03000500000193
:1025F00098170300387E03005D4D0300597E0300E9
:1026000004000001937E0300717E0300232D03006C
:10261000B07E030038B50A4B53F82040013053F820
:102620002050A54200D838BD606830B1037EDB077A
:1026300001D4FFF721FF0834F3E723689847FAE74E
:102640002C230300012270B5364B86B003201A708C
:10265000FFF7E0FF0CF02BFD0420FFF7DBFF324C0F
:10266000324DAC42264628D931494423314A3248BA
:1026700008F01CF8314808F019F844212D4808F0FA
:102680000CF854F80C3C059354F8103C049354F89F
:10269000143C039354F8183C029354F81C3C0193E7
:1026A00054F8203C009354E90A2354E90C0101F04A
:1026B0007DFF54F8303C5E65D3E7AE4204F1300450
:1026C000DFD302F057FC184CAC421FD918496823DD
:1026D000184A194807F0EAFF184807F0E7FF682191
:1026E000CCE7D4E90A23B3F1FF3F08BFB2F1FF3FC3
:1026F00005D052EA0301206803D102F0BDFE303458
:10270000E2E70F49183003F053FAF8E7E9D302F093
:10271000A3FCEBF765FE0B4A938923F00103938139
:1027200006B070BD8A5800208C1503008C1503007C
:10273000507F03002F7F0300232D03004A34030042
:10274000614B020038470020882370B5134E0122E8
:1027500003FB0066002386B0CDE904230F2201931A
:10276000CDE9023214234FF4A0720D4D0D4903FB45
:102770000055044602FB00110B4B3046009501F05A
:1027800015FF337C2C7423F004033374074B01349E
:1027900003EBC423EE606B6006B070BDB046002052
:1027A0001C500020A8860020A12C0200A87E00203A
:1027B0007FB50020FFF72EFF344B03F5006282F354
:1027C000088883F30A88E023314C84F822302023E0
:1027D000E377002323766376A37684F82030626A59
:1027E00042F4E022626284F82330F0F7FBF9F0F75C
:1027F00043FB4FF0FF33A362E362F0F76DFDF0F7A8
:10280000BDFBEDF74BFF234801F07AFF224B234A33
:1028100093420ED92249CC23224A234807F046FF8F
:10282000224807F043FFCC211E4807F036FF1C3337
:10283000EEE7FCD30120FFF7EDFE02201C4CFFF772
:10284000E9FE02F0C3FC1B4B00255C611A4B4FF400
:102850006062059301231949CDE903532046184BC3
:10286000CDE90155009501F0A1FE0646237C2046E6
:1028700023F00403237402F0E5F82846FFF764FF11
:10288000314620460E4AF0F7D7FA00BFA87E002056
:1028900000ED00E068480020800B03007C0C030082
:1028A0007D7F03002F7F0300232D03004A340300A4
:1028B000384700201C500020957F0300E887002047
:1028C0004526020038B50D4C0D4DAC4213D90D49CB
:1028D00025230D4A0D4807F0E9FE0D4807F0E6FEF6
:1028E0002521094807F0D9FE2046D4E901120CF051
:1028F00009FA1834E9E7F7D3002038BD081800209A
:1029000020180020078003009D7F0300232D030073
:102910004A340300F8B505460E4600F11404EFF3FF
:102920001187402383F31288BFF36F8F204603F093
:10293000E5F868B984231B4A1B491C4807F0B6FE1A
:1029400021461B4807F0B2FE8421164807F0A5FE79
:10295000204603F0F7F828463146ECF73DF805F13C
:102960000C0002F0EBFB28B139462046BDE8F840E8
:102970000CF0EFBA204603F0CFF868B94FF4997322
:10298000084A0C49094807F091FE21460A4807F019
:102990008DFE4FF49971D8E787F31188BFF36F8FDD
:1029A000F8BD00BF0730030034300300232D0300BF
:1029B000493003005F3003007630030038B50E4C19
:1029C0000E4DAC4212D90E49A2230E4A0E4807F012
:1029D0006DFE0E4807F06AFEA2210A4807F05DFE70
:1029E00020460CF099F920B92034EAE7F8D300200A
:1029F00038BD6FF01500FBE7A8170020081800206D
:102A00004580030020800300232D03004A34030087
:102A10002DE9F74305460F4691461C4600F108068E
:102A2000EFF31188402383F31288BFF36F8F304692
:102A300003F064F860B98423314A3249324807F020
:102A400035FE3146314807F031FE84212C4826E01E
:102A5000304603F077F82B691BB33B601C68EB69C9
:102A60002C610133EB6114B96A6993421FD0EB68A2
:102A7000E41A09D4D5E905235A43A24204D9B4FB88
:102A8000F3F203FB124494B12149F723214A1E4873
:102A900007F00CFE204807F009FEF7211D4807F05B
:102AA000FCFD59EA040214D16FF00B043B60304680
:102AB00003F032F8F0B94FF49973114A17491248EC
:102AC00007F0F4FD3146164807F0F0FD4FF4997118
:102AD000BCE7CDE900942A464146304602F088F82A
:102AE000044618B90F4B9B685B693B60204603B0F6
:102AF000BDE8F08388F31188BFF36F8FF6E700BF5E
:102B00000730030034300300232D03004930030055
:102B10006280030020800300DE8003005F3003003A
:102B2000763003001C5000202DE9F843C3680546A9
:102B3000CB1A0E4623D4D0E90512514399421ED92F
:102B4000B3FBF2F102FB1133CBB900F10807EFF34D
:102B50001189402484F31288BFF36F8F384602F046
:102B6000CDFFD8B98423414A4149424807F09EFD30
:102B70003946414807F09AFD84213C480CE03F4922
:102B800040F21F133E4A3B4807F090FD3D4807F0D6
:102B90008DFD40F21F113A4807F07FFD384602F0E4
:102BA000D1FFD5F81080B8F1000F40D1EFF31183B9
:102BB00084F31288BFF36F8F83F31188BFF36F8F95
:102BC0005BB93149BB23314A2A4807F06FFD3048D1
:102BD00007F06CFDBB212D48DEE72C68A54226D00E
:102BE0002CB3A3683BB92B49A423284A214807F0FA
:102BF0005DFDA421EFE7D4E9003213605A60237C25
:102C0000C4E9008823F002032374C4F8088004F1A7
:102C1000180003F0A9F82046C4F88080666101F02E
:102C200011FF49463846BDE8F8430CF092B92B69CC
:102C300038463360EB692E61013BEB6102F06CFFBB
:102C400068B94FF49973094A13490A4807F02EFDF1
:102C50003946124807F02AFD4FF499718DE789F340
:102C60001188BFF36F8FBDE8F88300BF0730030002
:102C700034300300232D030049300300CC7D0300D2
:102C800020800300F9800300468103001B810300BC
:102C9000048003005E8103005F3003007630030090
:102CA00008B50D4B9B6893F90E30002B09DB4024CF
:102CB000EFF3118384F31288BFF36F8F08F040FFA6
:102CC000F6E7064906481C23064A07F0EFFC1C21DC
:102CD000044807F0E2FC00BF1C500020968103006E
:102CE000232D0300758103002DE9F34104461746A7
:102CF0001E46EFF3058565B154497323544A554880
:102D000007F0D4FC544807F0D1FC7321504807F079
:102D1000C4FCEFF31188402383F31288BFF36F8F55
:102D20004E4802F0EBFE60B984234D4A4D494948B4
:102D300007F0BCFC49494C4807F0B8FC84214848DE
:102D4000E5E7464802F0FEFE484BE2689B6892B118
:102D5000A068984227D057EA06022CD13F4802F0DB
:102D6000DBFE90B188F31188BFF36F8F6FF00F0017
:102D700002B0BDE8F08193F90E100132C4E90232CD
:102D80003648216102F0C8FE78B94FF49973344A8D
:102D90003749304807F08AFC3049364807F086FC4E
:102DA0004FF49971CBE72169E7E788F31188BFF306
:102DB0006F8F0020DCE793F90E1090F90E309942E6
:102DC00005DA9942A8BF19460BF0C8FF054622460E
:102DD0004146CDE90076214801F00AFF0028E8D0FD
:102DE000EFF31186402383F31288BFF36F8F1B48E4
:102DF00002F084FE002897D0184802F0A3FEA068D5
:102E0000C0B1236821699C420AD04BB193F90E30BE
:102E10009942A8BF19466FF07F039942B8BF19467F
:102E20000BF09CFF30B131460C480CF092F86FF07B
:102E30000A009DE7002DF6D1084802F06DFE00283B
:102E4000A3D086F31188BFF36F8FF0E7E081030012
:102E5000BE810300232D0300F28103003C500020BB
:102E60000730030034300300493003001C500020B9
:102E70005F30030076300300F8B50546EFF30583B5
:102E800063B15649EA23564A564807F00FFC5648A4
:102E900007F00CFCEA21524807F0FFFB8368002B87
:102EA00000F09580514A9268934240F09380C36845
:102EB0004BB94F494FF48173494A4A4807F0F6FB32
:102EC0004FF48171E7E7012B03D0013BC360002081
:102ED000F8BDEFF31187402484F31288BFF36F8F9E
:102EE000444802F00BFE60B98423434A43493D48FD
:102EF00007F0DCFB3F49424807F0D8FB84213E48FD
:102F0000CAE73C4802F01EFE2969A8680BF026FFBC
:102F1000EFF3118384F31288BFF36F8F83F311886B
:102F2000BFF36F8F5BB93749BB23374A2D4807F092
:102F3000BDFB364807F0BAFBBB213348ACE72C6831
:102F4000AC4215D100232B48C5E9023302F0E4FD61
:102F5000002837D14FF49973274A2D49214807F0AB
:102F6000A5FB24492B4807F0A1FB4FF49971C6E754
:102F7000002CE7D0A3683BB92749A423224A19486B
:102F800007F094FBA421D8E70026D4E900321360AF
:102F90005A60237CC4E9006623F002032374A66010
:102FA00004F1180002F0E0FEAC6094F90E30204607
:102FB0002B61C4F8806001F045FD39460D480BF0E7
:102FC000C8FF84E787F31188BFF36F8F7FE76FF047
:102FD00015007DE74FF0FF307AE700BFE081030086
:102FE000BE810300232D0300F28103001C5000204A
:102FF000178203003C5000200730030034300300E8
:1030000049300300468103001B8103000480030054
:103010005F300300763003005E81030008B58368EB
:103020004BB90B490B48A4230B4A07F03FFBA421E3
:10303000094807F032FBD0E9003213605A600023E0
:10304000027CC0E9003322F002020274836008BDF2
:103050005E810300232D03001B8103002DE9F0474F
:1030600004460D4691469A469DF8206000F10807F7
:10307000EFF31188402383F31288BFF36F8F384634
:1030800002F03CFD60B984234A4A4B494B4807F0A3
:103090000DFB39464A4807F009FB842145481BE0EF
:1030A000384602F04FFD06B16568EFF31183402208
:1030B00082F31288BFF36F8F83F31188BFF36F8F92
:1030C00063B94049BB23404A3C4807F0EFFA3F4808
:1030D00007F0ECFABB213C4807F0DFFA234653F82F
:1030E0000C6F9E4216D0AEB100243046FFF796FF1B
:1030F00006F1180002F038FE3046C6F88040C6F8E7
:10310000149001F09FFC414638460BF022FF204608
:10311000BDE8F087BAF1000F14D0082003F0FAF9E7
:1031200000283FD00122C0F804900260016801F03D
:1031300003015DB922680A430260626820606AB9CF
:1031400060600BE04846C9F800A0EFE72A68032A50
:103150001DD801606168A1B9C4E9000000243846A7
:1031600002F0DAFC08BB4FF49973124A184913486D
:1031700007F09CFA3946174807F098FA4FF499710E
:103180008CE70A6802F0030202430A60D8E722F0E3
:1031900003020A4302602A6802F0030240EA0203C3
:1031A0002B60DBE76FF00B04D9E788F31188BFF3DE
:1031B0006F8FACE70730030034300300232D03008A
:1031C00049300300468103001B8103000480030093
:1031D0005F300300763003002DE9F7430646904642
:1031E0001F4600F10805EFF31189402383F312888D
:1031F000BFF36F8F284602F081FC68B98423254A0B
:103200002549264807F052FA2946254807F04EFA84
:103210008421204807F041FA284602F093FC3468E4
:10322000FCB12368726823F00303944220464FF0F8
:103230000101336008BF73600BF09FFD0446284610
:1032400002F06AFCE8B94FF49973124A1549134821
:1032500007F02CFA2946144807F028FA4FF4997120
:10326000D7E758EA0703EAD049462846CDE9008760
:1032700006F10C0201F0BCFC38B90C4B9B685C6990
:1032800003E089F31188BFF36F8F204603B0BDE8D8
:10329000F08300BF0730030034300300232D030008
:1032A000493003005F300300763003001C500020DB
:1032B00008B583684BB90B490B48A4230B4A07F0A8
:1032C000F5F9A421094807F0E8F9D0E900321360C4
:1032D0005A600023027CC0E9003322F0020202742B
:1032E000836008BD5E810300232D03001B81030062
:1032F00070B50446EFF31186402585F31288BFF3BD
:103300006F8F304802F0FAFB60B984232E4A2F49B0
:103310002F4807F0CBF92B492E4807F0C7F9842135
:10332000294818E0274802F00DFCEFF3118385F3DC
:103330001288BFF36F8F83F31188BFF36F8F63B968
:103340002549BB23254A224807F0B0F9244807F055
:10335000ADF9BB21214807F0A0F92568AC4213D094
:1033600095B12846FFF7A4FF05F1180002F0FCFC18
:1033700000232846C5F8803001F064FB3146BDE8E3
:10338000704010480BF0E5BDD4E902329A4218BFF4
:1033900001330C48A36002F0BFFB68B94FF4997386
:1033A000094A10490A4807F081F906490E4807F012
:1033B0007DF94FF49971B3E786F31188BFF36F8FEE
:1033C00070BD00BF405000200730030034300300C0
:1033D000232D030049300300468103001B810300B5
:1033E000048003005F30030076300300F7B5044625
:1033F00016461D46EFF305837BB152EA05030CD058
:103400002D4988232D4A2E4807F050F92D4807F002
:103410004DF98821294807F040F9EFF3118740233F
:1034200083F31288BFF36F8F274802F067FB60B900
:103430008423264A2649224807F038F9224925489C
:1034400007F034F984212148E5E71F4802F07AFBB0
:10345000A368D3B1013B1C48A36002F05DFB68B9CF
:103460004FF49973194A1C49154807F01FF916497A
:103470001A4807F01BF94FF49971E4E787F31188B4
:10348000BFF36F8F002003B0F0BD56EA05030BD1E8
:103490000D4802F041FB0028E2D087F31188BFF30A
:1034A0006F8F6FF00F00EEE722463946CDE90065D9
:1034B000054801F09DFBE6E74E8203002E820300E3
:1034C000232D030004800300405000200730030038
:1034D00034300300493003005F30030076300300CE
:1034E0002DE9F0410546EFF31188402787F3128854
:1034F000BFF36F8F314802F001FB064660B98423A9
:103500002F4A3049304807F0D1F82C492F4807F0AE
:10351000CDF884212A4819E0284802F013FB002343
:10352000EFF3118287F31288BFF36F8F82F3118854
:10353000BFF36F8F62B92649BB23264A224807F0A2
:10354000B5F8254807F0B2F8BB21224807F0A5F8E6
:103550002C68A54210D07CB12046FFF7A9FE04F1EB
:10356000180002F001FC6FF00A032046C4F8803016
:1035700001F068FA3346D3E70022AA608BB90F48FE
:1035800002F0CAFA98B94FF499730D4A13490E48DC
:1035900007F08CF80949124807F088F84FF4997140
:1035A000B8E74146BDE8F04104480BF0D2BC88F3CF
:1035B0001188BFF36F8FBDE8F08100BF405000203D
:1035C0000730030034300300232D0300493003008B
:1035D000468103001B810300048003005F30030069
:1035E0007630030007B5074B4FF40062009306499D
:1035F0004FF0FF33054800F033FC002003B05DF8C6
:1036000004FB00BF44230300E8950020C0470020CE
:103610002DE9FF410446794EEFF31187402383F3F0
:103620001288BFF36F8F764802F068FA68B9842376
:10363000744A7549754807F039F87149744807F0BC
:1036400035F884216F4807F028F86D4802F07AFABF
:10365000D4F88C50F5B9022104F1A4000BF0C7FB9B
:10366000002840D004F19C0500220121284602F0E8
:1036700095F80028F8D100234FF0FF3202934FF065
:10368000FF333946CDE900235D4804F1940202F08E
:10369000E3F8C1E7D4F890202B68954208BFC4F83E
:1036A0009030C4F88C30D4F8A430554843F002036D
:1036B000C4F8A430EB68D5F8048023F0040343F089
:1036C0000103EB6002F028FAF8B94FF499734D4A00
:1036D00050494E4806F0EAFF49494F4806F0E6FFD8
:1036E0004FF49971AEE7D4F8A430DD06C3D5C4F821
:1036F000A400434802F010FA0028E6D087F31188AE
:10370000BFF36F8F04B0BDE8F08187F31188BFF37A
:103710006F8FB8F1000F0AD140493C4840F2F323C3
:103720003F4A06F0C3FF40F2F3213D488BE72846AD
:10373000C047EFF31187402383F31288BFF36F8FE5
:103740002F4802F0DBF900283FF471AF2C4802F05B
:10375000F9F9EB68D90623F0010236D4EA60EB6888
:103760009A0716D5306823F00203EB6088B1002277
:10377000036870B141688D4235D103686ABB7268D5
:103780003360904200D17360002340F8083BFFF79C
:10379000AFFDD4F8A43023F00203C4F8A430DB0555
:1037A00029D4D4F88C50003D18BF0125144802F0EC
:1037B000B3F9002889D087F31188BFF36F8F002DEC
:1037C0003FF42AAF01F00AFD26E723F01103EB6076
:1037D00005F11000FFF78CFDC1E713607368984294
:1037E00008BF7260D0E702461BB1196818460B4645
:1037F000BFE71946FAE70025D8E700BF445000208C
:103800004C5000200730030034300300232D030008
:10381000493003005F30030076300300E682030086
:10382000A482030070B5C3680546C3F340069B0736
:103830000C460DD50122002104F108000BF0CBFA53
:1038400000232360054B65605A681AB9C3E9004438
:10385000304670BD14605C60FAE700BF4450002041
:10386000F8B5C36804469A070E46C3F340054FD423
:103870005F074FD40B680BB983680B60E368D80708
:1038800036D5A3685BB92549254840F25713254A28
:1038900006F00CFF40F25711224806F0FEFE02250A
:1038A0003360376867B3204B9A68D7F888309A42FC
:1038B00020D10BF001FB80F00100C0B2D7F8A4309A
:1038C000D907C3F380021ED502B308B300232360D7
:1038D000D7F8903083B9C7E9234438460BF0A2FAF1
:1038E000E36843F00403E3603368A3602846F8BD4F
:1038F0000125D6E70020E1E71C60C7F89040ECE71F
:103900006FF0150506E06FF0120503E01B07DDD52B
:103910006FF00F0500233360E8E700BFC5820300A6
:10392000232D0300A48203001C50002073B504461D
:10393000EFF31185402383F31288BFF36F8F224882
:1039400002F0DCF868B98423204A2149214806F0B6
:10395000ADFE1D49204806F0A9FE84211B4806F053
:103960009CFE194802F0EEF800230193D4E90423E9
:10397000B3F1004F08BF012A11D0134802F0CCF870
:10398000E0B94FF49973114A1449124806F08EFEBB
:103990000D49134806F08AFE4FF49971DEE70321C2
:1039A000201FA4F110060BF022FA0028E5D0A3692D
:1039B000304601A90193FFF753FFDEE785F3118835
:1039C000BFF36F8F02B070BD4C5000200730030072
:1039D00034300300232D0300493003005F3003001F
:1039E0007630030038B50D46044648B90C499C238F
:1039F0000C4A0D4806F05AFE9C210A4806F04DFE7E
:103A000039B90A499D23074A074806F04FFE9D2110
:103A1000F3E7102200210CF074FF656038BD00BF91
:103A200081830300A4820300232D0300E6820300A8
:103A3000F8B5C368064603F00503002B0C4614BF17
:103A40000127002729D085685DB91D491D4840F22E
:103A5000C1131D4A06F02AFE40F2C1111A4806F0B1
:103A60001CFE0122002104F110000BF0B4F92046E5
:103A70001649FFF7B7FFE36843F01003E360F3680C
:103A80005B0712D5336823606BB9D5F8903033B932
:103A9000C5E9234428460BF0C5F93846F8BD1C603B
:103AA000C5F89040F6E73460F4E7D5F88C30236031
:103AB000D5F89030C5F88C40002BEBD1F0E700BF73
:103AC000CB820300232D0300A482030005EE020035
:103AD00038B50446EFF31185402383F31288BFF312
:103AE0006F8F184802F00AF868B98423164A1749FC
:103AF000174806F0DBFD1349164806F0D7FD842170
:103B0000114806F0CAFD0F4802F01CF8E4680D48A1
:103B100004F01F0402F000F868B94FF499730A4AE0
:103B20000D490B4806F0C2FD06490C4806F0BEFDE3
:103B30004FF49971E4E785F31188BFF36F8F204646
:103B400038BD00BF4C500020073003003430030064
:103B5000232D0300493003005F300300763003005B
:103B600037B50C46019059B9284940F27D13284ACF
:103B7000284806F09BFD40F27D11254806F08DFD9A
:103B80004B684BB924494FF4BF73214A214806F0D2
:103B90008DFD4FF4BF71F0E7EFF31185402383F300
:103BA0001288BFF36F8F1D4801F0A8FF60B984230E
:103BB0001B4A1C49174806F079FD18491A4806F0B7
:103BC00075FD84211648D9E7144801F0BBFF204653
:103BD00001A9FFF745FE0446104801F09DFF68B9B2
:103BE0004FF499730E4A11490A4806F05FFD0B49DC
:103BF0000F4806F05BFD4FF49971E3E785F31188F8
:103C0000BFF36F8F204603B030BD00BF8183030038
:103C1000A4820300232D0300E08203004C50002007
:103C20000730030034300300493003005F300300E5
:103C300076300300014601480BF02EB9C047002042
:103C400070B50C46054658B9384940F2CD13384A8C
:103C5000384806F02BFD40F2CD11354806F01DFD29
:103C6000C368DB0509D534494FF4E773304A31485E
:103C700006F01CFD4FF4E771EFE70BF01DF948B1BA
:103C80002E4940F2CF132A4A2A4806F00FFD40F28F
:103C9000CF11E2E74CB92A494FF4E873244A25488A
:103CA00006F004FD4FF4E871D7E7EFF311864023E7
:103CB00083F31288BFF36F8F224801F01FFF60B9B2
:103CC0008423214A21491B4806F0F0FC1D49204865
:103CD00006F0ECFC84211C48C0E71A4801F032FFD2
:103CE00028462146FFF7A4FE0546164801F014FFBA
:103CF00068B94FF49973144A16490E4806F0D6FC79
:103D00001049154806F0D2FC4FF49971E3E786F3A9
:103D10001188BFF36F8F3DB14FF0FF324FF0FF338B
:103D200004F11000FFF762FB284670BD8183030099
:103D3000A4820300232D0300FD820300F25B030035
:103D40002C8303004C500020073003003430030064
:103D5000493003005F3003007630030038B5044675
:103D600058B9284940F22B23274A284806F09EFCE0
:103D700040F22B21244806F090FCC368DB0509D5EE
:103D800023494FF40B73204A204806F08FFC4FF470
:103D90000B71EFE7EFF31185402383F31288BFF334
:103DA0006F8F1C4801F0AAFE60B984231A4A1B4990
:103DB000164806F07BFC1749194806F077FC842169
:103DC0001548D8E7134801F0BDFE20460BF031F846
:103DD0000446104801F0A0FE68B94FF499730E4AEA
:103DE00010490A4806F062FC0A490F4806F05EFCDA
:103DF0004FF49971E4E785F31188BFF36F8F204684
:103E000038BD00BF81830300A4820300232D03007B
:103E1000FD8203004C5000200730030034300300C3
:103E2000493003005F3003007630030008B558B90D
:103E30000849094840F22633084A06F037FC40F2A8
:103E40002631064806F029FCA82200210CF059FD75
:103E500008BD00BFCB820300232D0300A482030012
:103E6000F0B589B004460E9D58B92F4940F253333E
:103E70002E4A2F4806F01AFC40F253312B4806F028
:103E80000CFC49B92B494FF45573284A284806F0D1
:103E90000DFC4FF45571F1E7D0F8A40010F00100CB
:103EA00009D0254940F25533204A214806F0FEFB4F
:103EB00040F25531E2E7C4E9230004F19400C4E97B
:103EC000250004F19C00C4E9270055B32879002897
:103ED00040F2011008BF0120C4F8A40000204FF0F8
:103EE000FF364FF0FF37CDE90330CDE90100CDE9D2
:103EF00006672046114B009400F0BCFB55B12968C1
:103F000011B120460AF0DEFF6B791BB1A38943F0A3
:103F10000103A381204601F0AFFAC4F8884009B03C
:103F2000F0BD0120D8E700BF74830300A482030022
:103F3000232D03007A83030040830300113602001F
:103F400038B50D46044658B90F4940F20F430F4AA1
:103F50000F4806F0ABFB40F20F410C4806F09DFB0A
:103F600049B90C494FF48263084A094806F09EFBA0
:103F70004FF48261F1E7302200210CF0C2FC4FF4D3
:103F800080736560E36038BD80830300A482030012
:103F9000232D0300E682030038B5044658B92149B1
:103FA00021484FF48463214A06F080FB4FF484617A
:103FB0001E4806F072FBEFF31185402383F312884D
:103FC000BFF36F8F1A4801F099FD60B98423194A35
:103FD0001949154806F06AFB1549184806F066FBB2
:103FE00084211448E5E7124801F0ACFDE46810486C
:103FF00004F01F0401F090FD68B94FF499730D4A65
:104000000F49094806F052FB09490E4806F04EFBDD
:104010004FF49971E5E785F31188BFF36F8F204660
:1040200038BD00BF80830300232D0300A48203005A
:104030004C500020073003003430030049300300A7
:104040005F30030076300300F7B50C4616461D4678
:10405000019058B9334940F28643334A334806F059
:1040600025FB40F28641304806F017FB49B930493C
:1040700040F287432C4A2D4806F018FB40F2874156
:10408000F1E7EFF31187402383F31288BFF36F8FBB
:10409000284801F033FD60B98423274A2749234883
:1040A00006F004FB2349264806F000FB8421224841
:1040B000DAE7204801F046FDE36813F01E0F27D130
:1040C00055EA060216D1204601A9FFF7C9FB0446AE
:1040D000184801F021FDE8B94FF49973164A1949BF
:1040E000124806F0E3FA1349174806F0DFFA4FF4D6
:1040F0009971DCE743F00803E360019B04F11000D1
:10410000A36232462B46114901F052FD0124DFE73C
:104110000024DDE787F31188BFF36F8F204603B0DB
:10412000F0BD00BFCB820300A4820300232D030057
:10413000808303004C50002007300300343003001C
:10414000493003005F300300763003002D39020050
:1041500001460148FFF778BFC0470020F7B50C467D
:1041600016461D46019058B9324940F2A943324AD9
:10417000324806F09BFA40F2A9412F4806F08DFA2A
:1041800049B92F4940F2AA432B4A2C4806F08EFA2F
:1041900040F2AA41F1E7EFF31187402383F312883D
:1041A000BFF36F8F274801F0A9FC60B98423264A2A
:1041B0002649224806F07AFA2249254806F076FA7E
:1041C00084212148DAE71F4801F0BCFC20460AF0B0
:1041D0001AFE55EA060316D1204601A9FFF740FB57
:1041E0000446184801F098FCE0B94FF49973164A58
:1041F0001849124806F05AFA1249174806F056FABA
:104200004FF49971DDE7E36804F1100043F008030F
:10421000E360019B3246A36210492B4601F0C8FCC3
:104220000124DEE787F31188BFF36F8F204603B0C8
:10423000F0BD00BFCB820300A4820300232D030046
:10424000808303004C50002007300300343003000B
:10425000493003005F300300763003002D3902003F
:1042600001460148FFF77ABFC047002038B5044631
:1042700058B92349234840F2CB43234A06F016FAA3
:1042800040F2CB41204806F008FAEFF311854023B5
:1042900083F31288BFF36F8F1C4801F02FFC60B9C5
:1042A00084231B4A1B49174806F000FA17491A488D
:1042B00006F0FCF984211648E5E7144801F042FCB9
:1042C00020460AF0A0FD20460AF0B3FD04460F4840
:1042D00001F022FC68B94FF499730D4A0F4909485F
:1042E00006F0E4F909490E4806F0E0F94FF4997137
:1042F000E1E785F31188BFF36F8F204638BD00BF1B
:1043000080830300232D0300A48203004C5000206F
:104310000730030034300300493003005F300300EE
:10432000763003002DE9F0410E46054658B93A496A
:1043300040F2DC43394A3A4806F0B8F940F2DC4131
:10434000364806F0AAF949B9364940F2DD43334A06
:10435000334806F0ABF940F2DD41F1E70AF0ACFD7D
:10436000044648B1304940F2DE432C4A2C4806F05E
:104370009DF940F2DE41E3E7EFF31188402383F338
:104380001288BFF36F8F294801F0B8FB60B984230E
:10439000274A2849224806F089F92449264806F088
:1043A00085F984212248CCE7204801F0CBFBEB685B
:1043B00003F01F03002B14BF012700270AD0284653
:1043C0000AF021FD28460AF034FD31462846FFF761
:1043D00029FA0446154801F09FFB68B94FF4997318
:1043E000134A16490E4806F061F91049144806F0C0
:1043F0005DF94FF49971D5E788F31188BFF36F8F9A
:104400003CB14FF0FF324FF0FF3306F10800FEF7EA
:10441000EDFF3846BDE8F08180830300A4820300ED
:10442000232D03002C830300F25B03004C5000207B
:104430000730030034300300493003005F300300CD
:104440007630030008B583684BB90B490B48A423A9
:104450000B4A06F02BF9A421094806F01EF9D0E911
:10446000003213605A600023027CC0E9003322F05E
:1044700002020274836008BD5E810300232D0300E5
:104480001B8103002DE9F8430546EFF3118840270F
:1044900087F31288BFF36F8F3A4801F02FFB60B9A2
:1044A0008423394A39493A4806F000F935493948F0
:1044B00006F0FCF88421344818E0324801F042FB51
:1044C000EFF3118387F31288BFF36F8F83F31188A3
:1044D000BFF36F8F63B93049BB23304A2C4806F0D5
:1044E000E5F82F4806F0E2F8BB212C4806F0D5F895
:1044F0002C68A54227D034B300262046FFF7A2FF40
:1045000004F1180001F030FCB1462046C4F8809058
:1045100000F098FA0136EFF3118387F31288BFF3A6
:104520006F8F83F31188BFF36F8F002BD3D02C686C
:10453000A54222D00CB32046FFF784FF04F11800F7
:1045400001F012FCE1E70F4801F0E6FA68B94FF418
:1045500099730D4A13490E4806F0A8F80949124804
:1045600006F0A4F84FF49971A5E788F31188BFF31A
:104570006F8F00263046BDE8F883414601480AF0B7
:10458000E8FCF7E750500020073003003430030008
:10459000232D030049300300468103001B810300E3
:1045A000048003005F300300763003002DE9F04300
:1045B00085B00F9D04460F2D0E46984637D1274BE8
:1045C000984538D104F15803C4E91633109B0027ED
:1045D000A38104230732A57322F0070506EB050922
:1045E000494623742046C4E90677A760E773EEF7CF
:1045F0006FF80E9B073020F007002067C4E91A65AA
:1046000002930D9BA9EB000901930C9B4A46009372
:10461000314643462046EEF7F3FB114B67659B6836
:1046200003B15B6F4846636705B0BDE8F08305F1F1
:1046300010031E2BC6D940F24B230A4A0A490B48E5
:1046400006F034F829460A486FF00F030E2206F0F0
:104650002DF840F24B21034806F01FF8A12C020070
:104660001C50002095830300B8830300232D030012
:1046700038840300F0B587B00446DDE91276EFF325
:10468000058575B1194940F21733194A194806F0E2
:104690000DF8194806F00AF840F21731144805F0F1
:1046A000FCFF0595109D04950F9D03950E9D0295A9
:1046B0000D9D01950C9D0095FFF778FFB6F1FF3F2A
:1046C00008BFB7F1FF3F05D056EA070305D12046E2
:1046D00000F0D2FE204607B0F0BD3A46334604F162
:1046E0001800064901F064FAF4E700BFE081030016
:1046F00095830300232D030069840300614B0200AE
:10470000012310B50374838100230446C0E91A33E2
:1047100001F0FAFE014B9C6010BD00BF1C50002050
:1047200070B590F91020037C002A49DBD90647D1E7
:1047300063F07F030374264B984209D1254926482C
:104740005223264A05F0B2FF5221244805F0A5FF66
:10475000234C224652F8183FE169934207D1C0E941
:1047600000210860E0610FE08B42F8D01B68002B4D
:10477000F5D093F90E6090F90E50AE42F4DD596811
:10478000C0E9003108605860A569954200D005B9BC
:10479000E568A3685BB91349EA23134A0E4805F09C
:1047A00085FF124805F082FFEA210F48CEE71A7C08
:1047B000D20606D1DA897F2A03D9AA690AB96361C8
:1047C00070BDAB4202D0284601F012F96561F7E7EF
:1047D000B0460020B0840300232D03008E84030024
:1047E0001C500020FD840300D184030004800300DA
:1047F00038B590F910200146002A037C1BDA224AC2
:1048000003F07F039042037409D120495A23204AC0
:10481000204805F04BFF5A211D4805F03EFFDC07FC
:1048200007D51D495B231A4A1A4805F03FFF5B2153
:10483000F2E70AF04CFB194D2A4652F8184FAB68C4
:10484000944200D004B9EC688B4214D05BB914498F
:10485000EA23144A0F4805F029FF134805F026FF04
:10486000EA211048D9E71A7CD20604D1DA897F2AD6
:1048700001D9A2692AB1A34202D0204601F0B8F8BA
:1048800023466B6138BD00BFB0460020B0840300F2
:104890008E840300232D0300248503001C50002078
:1048A000FD840300D18403000480030008B5134A8B
:1048B000936880B1197C11F0090F0CD11049D923EC
:1048C000104A114805F0F2FE104805F0EFFED9211C
:1048D0000C4805F0E2FE6FF00A01C3F880100C49A5
:1048E000D8674B6843F080534B60002383F31188F3
:1048F000BFF36F8F9368D3F8800008BD1C50002071
:10490000678503003D850300232D0300D085030048
:1049100000ED00E070B504460D46F9B9EFF30586E9
:10492000E6B91A4B5A699B689A4217D001F0F4F81D
:1049300078B940F26D13164A1649174805F0B6FECD
:104940002146164805F0B2FE40F26D11104805F000
:10495000A4FE3046BDE87040FFF7A8BF204601F036
:10496000DBF868B94FF49973094A0A490A4805F017
:104970009DFE2146094805F099FE4FF49971E5E73F
:1049800085F31188BFF36F8F70BD00BF1C500020EE
:10499000073003005F300300232D0300763003004F
:1049A00008B583684BB909490948A423094A05F0A9
:1049B0007DFEA421074805F070FE0AF088FA037C0A
:1049C00023F0020303740023836008BD5E810300AB
:1049D000232D03001B81030038B5184CA168E06942
:1049E0000B68814214BF1A46002249680B60596067
:1049F000A368E1692AB9124AC3E900210B60E361A7
:104A00000AE092F90E5093F90E00854212DD5168CA
:104A1000C3E900210B605360A569094B9D4200D09A
:104A200005B9E568A3689D4202D0284600F0E0FF82
:104A3000656138BD8A42DED01268DBE71C50002079
:104A40003450002038B50446EFF31185402383F33A
:104A50001288BFF36F8F174801F050F868B98423AC
:104A6000154A1649164805F021FE1249154805F069
:104A70001DFE8421104805F010FE0E4801F062F87A
:104A80002046FFF74DFE0B4801F046F868B94FF499
:104A90009973094A0C490A4805F008FE05490B4874
:104AA00005F004FE4FF49971E4E785F31188BFF334
:104AB0006F8F38BD5450002007300300343003009E
:104AC000232D0300493003005F30030076300300DC
:104AD00038B50446EFF31185402383F31288BFF302
:104AE0006F8F184801F00AF868B98423164A1749ED
:104AF000174805F0DBFD1349164805F0D7FD842162
:104B0000114805F0CAFD0F4801F01CF8A36813B165
:104B10002046FFF745FF0B4800F0FEFF68B94FF451
:104B20009973094A0C490A4805F0C0FD05490B482C
:104B300005F0BCFD4FF49971E2E785F31188BFF3EE
:104B40006F8F38BD5450002007300300343003000D
:104B5000232D0300493003005F300300763003004B
:104B600038B5A0F11804EFF31185402383F31288C0
:104B7000BFF36F8F174800F0C1FF68B98423164A4E
:104B80001649174805F092FD1249164805F08EFDAA
:104B90008421114805F081FD0E4800F0D3FF204626
:104BA0000AF0C3F90B4800F0B7FF68B94FF49973E6
:104BB000094A0D490A4805F079FD06490B4805F0F8
:104BC00075FD4FF49971E4E785F31188BFF36F8F9A
:104BD00038BD00BF545000200730030034300300BC
:104BE000232D0300493003005F30030076300300BB
:104BF0002DE9F047DFF8D4A0354D1746DDE90898D8
:104C0000DAF80820334BA84204460E461A600BD14E
:104C10003149324840F2B923314A05F047FD40F2AC
:104C2000B9212F4805F039FDEFF31183402383F3B9
:104C30001288BFF36F8F284600F060FF60B98423AD
:104C4000284A2949254805F031FD2946274805F01D
:104C50002DFD84212348E5E7284600F073FFDAF8AC
:104C60000850394628460AF03AF9B8F1FF3F08BF24
:104C7000B9F1FF3F06D04A4643461D4905F11800E9
:104C800000F096FF204600F047FF68B9194940F24E
:104C90006D13144A114805F009FD2146164805F028
:104CA00005FD40F26D11D5E7094800F035FF40B928
:104CB000104940F26D130B4A084805F0F7FC04490F
:104CC000ECE73046BDE8F047FFF7F0BD1C50002090
:104CD0005450002058500020F8850300232D030075
:104CE0008E84030007300300343003004930030092
:104CF000614B02005F3003007630030070B505465B
:104D0000EFF31186402383F31288BFF36F8F1B48A4
:104D100000F0F4FE68B98423194A1A491A4805F0CC
:104D2000C5FC1649194805F0C1FC8421144805F05A
:104D3000B4FC124800F006FF2C68A54215D014B14F
:104D40002046FFF72DFE0D4800F0E6FE78B94FF43F
:104D500099730B4A0E490C4805F0A8FC07490D4809
:104D600005F0A4FC4FF49971E0E70024EBE786F32B
:104D70001188BFF36F8F204670BD00BF54500020D4
:104D80000730030034300300232D030049300300B3
:104D90005F300300763003002DE9F04104460D46F4
:104DA000EFF31187402383F31288BFF36F8F5948C5
:104DB00000F0A4FE60B98423574A5849584805F0CA
:104DC00075FC5449574805F071FC8421524818E09D
:104DD000504800F0B7FE237C03F01F02002A0CBFEE
:104DE0000126002662D103F07F0323744E4B9C42C0
:104DF00009D14E495A234E4A494805F057FC5A21D9
:104E00004B4805F04AFC20460AF061F8237C6DB25D
:104E100043F08003DA07A573237407D5454953236C
:104E2000434A3F4805F042FC5321E9E7DFF8088197
:104E3000424652F8183FD8F81C10934208D1C4E9F2
:104E400000210C60C8F81C400DE08B42F7D01B68B5
:104E5000002BF4D093F90E00A842F6DD5968C4E99E
:104E600000310C605C60D8F81840944200D00CB956
:104E7000D8F80C40D8F808309C4202D0204600F008
:104E8000B7FDC8F81440234800F046FE00283AD188
:104E90004FF49973204A2949214805F007FC1D4920
:104EA000274805F003FC4FF499718FE79B0728D53D
:104EB000A16841B923491A48A423234A05F0F6FB07
:104EC000A42121489DE720466DB20AF000F8A573A1
:104ED0000B68994209D14B68C4E900131C604C600F
:104EE000D1E74A689342F6D01B68002BF3D093F9C0
:104EF0000E20AA42F5DD5A68C4E9003214605C60F5
:104F0000C1E7A573BFE787F31188BFF36F8F304602
:104F1000BDE8F08154500020073003003430030016
:104F2000232D030049300300B0460020B084030065
:104F30008E840300248503001C5000205F30030092
:104F4000763003005E8103001B810300034648B9ED
:104F5000EFF3058232B9064A51699268914201D055
:104F6000FFF7A4BC83F31188BFF36F8F704700BFB6
:104F70001C50002010B5EFF31184402383F31288F6
:104F8000BFF36F8F284800F0B9FD60B98423274A2A
:104F90002749284805F08AFB2349274805F086FB66
:104FA0008421224812E0204800F0CCFDEFF3058375
:104FB00073B1224940F23B33214A1E4805F076FB8B
:104FC000204805F073FB40F23B311D4805F065FBBE
:104FD0001D4B9A68D37B012B0CD11C494FF44F73A6
:104FE000174A144805F062FB164805F05FFB4FF4C2
:104FF0004F71EAE7013BD3730B4800F08DFD68B9B0
:105000004FF49973094A12490A4805F04FFB0649C3
:10501000104805F04BFB4FF49971C2E784F31188F7
:10502000BFF36F8F10BD00BF545000200730030046
:1050300034300300232D030049300300E0810300D6
:105040008E840300048003001C500020318603007E
:105050005F3003007630030070B5EFF31186402314
:1050600083F31288BFF36F8F2A4800F047FD68B9B9
:105070008423294A29492A4805F018FB254929484B
:1050800005F014FB8421244805F007FB264D214838
:1050900000F058FDAB68DA7B6AB9244940F24D3321
:1050A000234A1F4805F002FB224805F0FFFA40F2B0
:1050B0004D311F48E8E7EFF3058161B11E4940F229
:1050C0004E331B4A164805F0F1FA1A4805F0EEFA7D
:1050D00040F24E31EDE70132DA732A4652F8184FAA
:1050E000944200D004B9EC681A7CD20604D1DA8963
:1050F0007F2A01D9A2692AB19C4202D0204600F041
:1051000077FC23466B613146BDE870400148FFF7EC
:1051100001BC00BF545000200730030034300300AE
:10512000232D0300493003001C5000206286030039
:105130008E84030004800300E081030038B5044638
:10514000EFF31185402383F31288BFF36F8F184864
:1051500000F0D4FC68B98423164A1749174805F0B3
:10516000A5FA1349164805F0A1FA8421114805F063
:1051700094FA0F4800F0E6FC204609F0ECFE0446E5
:105180000B4800F0C9FC68B94FF49973094A0D49FE
:105190000A4805F08BFA06490B4805F087FA4FF4E8
:1051A0009971E3E785F31188BFF36F8F204638BD0F
:1051B000545000200730030034300300232D030037
:1051C000493003005F30030076300300024B03F1E7
:1051D0001802C3E9062270471C50002070B5EFF397
:1051E000058373B138494FF49063384A384805F065
:1051F0005DFA384805F05AFA4FF49061334805F0EB
:105200004CFAEFF31186402383F31288BFF36F8FBC
:10521000314800F073FC60B98423304A30492C488F
:1052200005F044FA2C492F4805F040FA84212B4818
:10523000E5E72D4C284800F085FCA168E0690B6883
:10524000814214BF1A46002249680B605960A36866
:10525000E1692AB9254AC3E900210B60E3610AE04C
:1052600092F90E5093F90E00854223DD5168C3E98F
:1052700000210B605360A5691C4B9D4200D005B90D
:10528000E568A3689D4202D0284600F0B1FB1248B1
:10529000656100F041FC88B940F26D130F4A144972
:1052A0000B4805F003FA0C49124805F0FFF940F2EB
:1052B0006D11BCE78A42CDD01268CAE73046BDE81E
:1052C0007040FFF7F3BA00BFE08103008E84030053
:1052D000232D0300048003005450002007300300F6
:1052E00034300300493003001C50002034500020AB
:1052F0005F300300763003002DE9F04106460C468E
:10530000EFF3058777B134494FF49363334A344858
:1053100005F0CCF9334805F0C9F94FF493612F48F3
:1053200005F0BBF950EA010304D1FFF757FF002055
:10533000BDE8F081EFF31188402383F31288BFF3B7
:105340006F8F294800F0DAFB60B98423274A284987
:10535000234805F0ABF92449264805F0A7F9842134
:105360002248DDE7244D204800F0ECFBA868234BE1
:105370001860FFF73DFAA8682346324620491830E6
:1053800000F016FCAA680446137C174843F0040397
:10539000137400F0C1FB68B940F26D13134A194948
:1053A0000F4805F083F91049174805F07FF940F2DE
:1053B0006D11D5E74046FFF779FAAB68D3E90A23C8
:1053C000B3F1004F08BFBA42B1D109F0FFFD201A76
:1053D00020EAE070ACE700BFE08103008E840300A8
:1053E000232D0300048003005450002007300300E5
:1053F00034300300493003001C5000205850002076
:10540000614B02005F30030076300300F8B50746B9
:105410000E46EFF3058474B1134940F2C643134AB4
:10542000134805F043F9134805F040F940F2C6412E
:105430000E4805F032F9FFF75FFFB6F1FF3F08BFF6
:10544000B7F1FF3F05460CD0214647F611204FF437
:105450007A7447F612220023E5FB0401E4F794FA7C
:10546000F8BD4FF0FF30FBE7E08103008E840300BE
:10547000232D03000480030038B50446EFF31185A3
:10548000402383F31288BFF36F8F204800F036FB70
:1054900068B984231E4A1F491F4805F007F91B49B4
:1054A0001E4805F003F98421194805F0F6F817485D
:1054B00000F048FB237C5B0710D504F1180000F0D6
:1054C00053FC237C204623F004032374FFF728F9C0
:1054D0002946BDE838400D48FFF71CBA0B4800F0DC
:1054E0001BFB68B94FF49973094A0D490A4805F046
:1054F000DDF806490B4805F0D9F84FF49971D3E768
:1055000085F31188BFF36F8F38BD00BF5450002062
:105510000730030034300300232D0300493003001B
:105520005F30030076300300014B9868704700BF7E
:105530001C5000202DE9F84304468789EFF31185BC
:10554000402383F31288BFF36F8F824800F0D6FAAE
:1055500068B98423804A8149814805F0A7F87D49CC
:10556000804805F0A3F884217B4805F096F8794837
:1055700000F0E8FA237C180717D5764800F0CCFA3B
:1055800068B94FF49973744A7749754805F08EF8F5
:105590007049764805F08AF84FF49971E4E785F38D
:1055A0001188BFF36F8FBDE8F883D90943F0080273
:1055B00040F083802274A36813B12046FFF7F0F90E
:1055C00004F1180000F0D0FBA66D04F15808B045B6
:1055D00011D04FF0000976B13046FFF7E1F906F13E
:1055E000180000F0C1FB3046C6F88090FFF798F82D
:1055F000A66DB045EFD1DFF87881D8F808309C422D
:105600007AD1EFF30589B9F1000918BF4FF001090C
:10561000D8F81860574A964200D00EB9D8F80C60F6
:10562000B34202D0304600F0E3F92046C8F81460D7
:1056300006F07CFAB9F1000F02D04F48FFF760F88E
:10564000D8F808309C426AD1EFF30586002E66D167
:10565000A389DA071FD53F4800F05EFA002890D0F2
:1056600085F31188BFF36F8F86F31188BFF36F8FB7
:105670000423184602DFEFF31185402383F31288D9
:10568000BFF36F8F334800F039FA00283FF461AF61
:10569000304800F057FA2F4800F03EFA78BB40F24D
:1056A0006D132D4A30492E4805F000F829492F483E
:1056B00004F0FCFF40F26D1156E7304A03F07F031F
:1056C00043F008039442237408D12D495A232D4AEC
:1056D000234804F0EBFF5A212A4846E7D90707D5AB
:1056E00029495B23274A1E4804F0E0FF5B21F3E7CA
:1056F000204609F0ECFB5EE74FF0000988E72846FA
:10570000FFF7D4F821494FF4EE731E4A144804F011
:10571000CDFF1F4804F0CAFF4FF4EE71DCE70D48DF
:1057200000F0FAF900283FF42CAF85F31188BFF39D
:105730006F8FFB077FF537AF40F2A253114A15492F
:10574000074804F0B3FF2146134804F0AFFF40F2CE
:10575000A251C1E754500020073003003430030049
:10576000232D0300493003005F300300763003002F
:105770001C5000203450002068480020B046002013
:10578000B08403008E840300248503009386030005
:105790009E860300C0860300CB8603002DE9F843F4
:1057A000064688461746EFF31189402383F3128893
:1057B000BFF36F8F214800F0A1F9054668B9842333
:1057C0001F4A2049204804F071FF1C491F4804F07B
:1057D0006DFF84211A4804F060FF184800F0B2F908
:1057E0003468A6421FD004B32046C4F880806761A5
:1057F000FFF7D6F804F1180000F0B6FA2046FEF7DD
:105800008FFF0E4800F088F988B94FF499730C4A5D
:105810000F490D4804F04AFF08490E4804F046FFBE
:105820004FF49971D6E70025EBE72546E9E789F3C0
:105830001188BFF36F8F2846BDE8F88354500020CD
:105840000730030034300300232D030049300300E8
:105850005F30030076300300D3B5DDE90667089CAE
:10586000CDE90067FFF7C4F91CB1034B9B685B6986
:10587000236002B0D0BD00BF1C5000202DE9F047CE
:105880000546884616461F46EFF31189402383F3E9
:105890001288BFF36F8F284800F030F968B984236D
:1058A000264A2749274804F001FF2349264804F0E7
:1058B000FDFE8421214804F0F0FE1F4800F042F96B
:1058C0002868854208D038B16B6898420CBF4FF009
:1058D000000AD0F800A0B0B9002416B1394620461D
:1058E000B047154800F018F9F8B94FF49973134A06
:1058F0001649144804F0DAFE0F49154804F0D6FEA4
:105900004FF49971D6E73946C04704460028E4D1E0
:10591000BAF1000F07D06B68534501D0DAF80040A8
:105920005046A246D7E75446FAE789F31188BFF3F9
:105930006F8F2046BDE8F0875450002007300300E9
:1059400034300300232D0300493003005F3003008F
:1059500076300300027C034612F01F0210D10A4980
:1059600088420DD00949086868B1D9897F2909D8CA
:1059700093F90E20064B1B689A42B8BF002070476F
:105980000020704710467047B0460020BC1600202B
:105990005C50002008B568B10F4B98420AD303F160
:1059A0001802904206D21822C01AB0FBF2F302FB92
:1059B00013034BB109490A483F230A4A04F076FE13
:1059C0003F21084804F069FE0122074BC0105843EC
:1059D000064B1A5408BD00BFF04800201187030091
:1059E000232D0300E9860300ABAAAAAA8B58002046
:1059F00070B50C4B0C4D1E7CFFF7ACFF182303FB5E
:105A000006550446284600F0AFF90022074B9A5588
:105A10003CB1621E2846BDE870400549D31700F02E
:105A2000C7B870BD1C500020F04800208B580020E3
:105A30009559020038B5EFF31185402383F312889E
:105A4000BFF36F8F234800F059F868B98423224AC6
:105A50002249234804F02AFE1E49224804F026FE6B
:105A600084211D4804F019FE1A4800F06BF81E4B03
:105A70001E4A9C681068A04213D1FFF7B9FF154871
:105A800000F04AF800BB4FF49973134A18491448C0
:105A900004F00CFE0F49174804F008FE4FF499710A
:105AA000DFE700211B7C1160134AD35C002BE6D09A
:105AB0002046FFF74FFF0028E1D0237CDB0601D111
:105AC000FEF78AFF2046D8E785F31188BFF36F8F72
:105AD00038BD00BF545000200730030034300300AD
:105AE000232D0300493003001C5000205850002093
:105AF0005F300300763003008B580020006838B117
:105B0000044B00F003001B7CC01A18BF0120704733
:105B1000012070471C500020002302680360EFF34F
:105B20000581074B986811B1017CC90705D41B7C1E
:105B30001843831A5842584170470120704700BFEC
:105B40001C500020024B1A7C9B6813430360704773
:105B50001C500020024B1868984208BF0020704774
:105B6000C0160020034B1B680BB9FAF7EFBA0020F0
:105B7000704700BF6050002030B570B10B4B5B68C0
:105B800098420AD0036843B1D3E90421D0E904451F
:105B9000121941EB0501C3E90421D0E90032136079
:105BA0005A600023C0E9003330BD00BFC01600209A
:105BB000B3F1FF3F08BFB2F1FF3F2DE9F84F0446B4
:105BC0009B4615461F4600F0B280D0F80090B9F110
:105BD000000F0CD057496423574A584804F066FD1B
:105BE000574804F063FD6421534804F056FD81607A
:105BF000EFF31188402383F31288BFF36F8F51486E
:105C0000FFF77CFF824660B984234F4A4F494B48D7
:105C100004F04CFD4B494E4804F048FD84214A48AD
:105C2000E3E74848FFF78EFFBBF1000F494A1FDB4F
:105C3000FFF798FF064601354BF1000B454A2D183A
:105C40004BEBE073D2E90017C4E904536D1843EB42
:105C50000707FFF77FFF0346DFF8FCE0DEF804905C
:105C6000EBB9C4E900E9C9F80040CEF8044028E0E7
:105C70006FF00103D2E900125B1A4FF0FF3161EBC4
:105C800002025B1B62EB0B02012B72F10001BCBF35
:105C900001234A464FF0000AC4E90432D9E7D3E9A8
:105CA000041CD4E904208A4270EB0C0B2EDA891A0A
:105CB0005A686CEB0000C3E90410C4E900321460B8
:105CC0005C60FFF747FF84420ED1244B1B685BB931
:105CD000BAF1000F02D1FFF745FF0646304609F042
:105CE0005EF90021FAF746FA1648FFF715FFB0B93A
:105CF0004FF49973144A1A49104804F0D7FC11491B
:105D0000184804F0D3FC4FF4997188E7521A60EBFD
:105D10000C004B45C4E90420A3D01B68A0E788F31E
:105D20001188BFF36F8F28463946BDE8F88F0025EC
:105D30002F46F8E7E0880300BC880300232D03000A
:105D40000480030064500020073003003430030057
:105D50004930030008490020C01600206050002090
:105D60005F3003007630030070B50446EFF3118610
:105D7000402383F31288BFF36F8F2A48FFF7BEFEDC
:105D800068B98423284A2949294804F08FFC254909
:105D9000284804F08BFC8421234804F07EFC214831
:105DA000FFF7D0FE23683BB3FFF7D4FE054620463D
:105DB000FFF7E2FE00224FF00043A542C4E90423AE
:105DC00012D000241748FFF7A7FE20BB4FF49973A9
:105DD000154A1949164804F069FC1249174804F09D
:105DE00065FC4FF49971D7E7FFF7BCFE09F0D7F8CF
:105DF0000021FAF7BFF9E4E7D4E90423B3F1004F37
:105E000008BF012A04D100224FF00043C4E9042353
:105E10006FF01504D6E786F31188BFF36F8F204625
:105E200070BD00BF64500020073003003430030011
:105E3000232D0300493003005F3003007630030058
:105E40002DE9F047DFF804910246C9F80000FFF79A
:105E500081FE8846044600260027DFF8F4A04FEABA
:105E6000E27CDAE9001354B1D4E90450AA427CEB95
:105E7000000E1EDAAD1A60EB0C00C4E904500024D9
:105E8000521843EB0C032046CAE90023C9F800402E
:105E900009F085F82146FAF76DF92E48FFF73CFE28
:105EA000D0B188F31188BFF36F8FBDE8F047FFF7DB
:105EB000C1BD691843EBE5732046C4E90467CAE92C
:105EC0000013FFF759FE01224FF000432148C4E9B7
:105ED0000423FFF721FE78B94FF499731E4A1F4936
:105EE0001F4804F0E3FB1B491E4804F0DFFB4FF49E
:105EF0009971194804F0D1FB88F31188BFF36F8FB3
:105F00002046A3689847EFF31188402383F3128853
:105F1000BFF36F8F0F48FFF7F1FD58B984230E4A86
:105F200011490F4804F0C2FB0A49104804F0BEFBB7
:105F30008421DEE70748FFF705FED9F80020521B51
:105F4000C9F80020FFF706FE044688E760500020ED
:105F50000849002064500020073003005F30030030
:105F6000232D030076300300343003004930030052
:105F700010B5EFF31184402383F31288BFF36F8FC2
:105F80000B48FFF7BBFD68B984230A4A0A490B484E
:105F900004F08CFB06490A4804F088FB842105487C
:105FA00004F07BFB0248FFF7CDFD204610BD00BF8B
:105FB000645000200730030034300300232D030019
:105FC0004930030070B5EFF31186402383F3128844
:105FD000BFF36F8F1A48FFF791FD68B98423194A00
:105FE00019491A4804F062FB1549194804F05EFB90
:105FF0008421144804F051FB1148FFF7A3FDFFF77B
:10600000B1FD144AD2E90045041945EBE0750C488E
:10601000FFF782FD68B94FF499730A4A0E490B489D
:1060200004F044FB06490D4804F040FB4FF499711D
:10603000DFE786F31188BFF36F8F2046294670BDD6
:10604000645000200730030034300300232D030088
:1060500049300300084900205F3003007630030018
:10606000F8B50446EFF31187402383F31288BFF39A
:106070006F8F5B48FFF742FD68B98423594A5A493C
:106080005A4804F013FB5649594804F00FFB842189
:10609000544804F002FB5248FFF754FDD4E90423AE
:1060A000B3F1004F08BF012A13D04D48FFF734FD6C
:1060B000002840F08F804FF499734A4A4D494B486D
:1060C00004F0F4FA46494C4804F0F0FA4FF49971A0
:1060D000DEE7D4E90A566A1C46F10003022A73F18E
:1060E000000334D3013D46F1FF36002EBCBF00252E
:1060F0002E4608F06FFF013041F10001401946EBD8
:106100000101012871F100015BDB08F063FF6FF012
:106110000203013041F10001401946EB01018342C5
:106120006FF000438B4151DB08F054FF013041F127
:1061300000016FF00102401946EB01034FF0FF31FF
:10614000121A61EB030320462C49FFF731FD236B44
:10615000256A01332363D5B12148FFF7DDFC002810
:10616000A9D087F31188BFF36F8F2046A847EFF3BC
:106170001187402383F31288BFF36F8F1848FFF70E
:10618000BDFC00283FF479AF1548FFF7DBFC54F85D
:10619000185FA54289D0002D87D02846FEF798FCCD
:1061A00000230F48C5F88030FFF7B6FC002882D0E6
:1061B00087F31188BFF36F8F2846BDE8F840FEF7DC
:1061C00041BC6FF001024FF0FF33BCE700224FF0FB
:1061D0000043B8E787F31188BFF36F8FF8BD00BFA6
:1061E000685000200730030034300300232D0300E3
:1061F000493003005F300300763003006160020025
:106200002DE9F843064614461D4691469846EFF39D
:106210001187402383F31288BFF36F8F2748FFF75E
:106220006DFC68B98423264A2649274804F03EFAC3
:106230002249264804F03AFA8421214804F02DFA34
:106240001E48FFF77FFCB5F1FF3F08BFB4F1FF3FE9
:1062500011D11A48FFF760FC50BB4FF49973184AEC
:106260001B49194804F022FA14491A4804F01EFA8E
:106270004FF49971E1E7002D0ADB012C75F1000361
:106280002246BCBF0122002512F1FF3945F1FF383B
:106290003046FFF769FDDDE90823C6E90A2300233C
:1062A0004A463363304643460B49FFF781FCD0E74B
:1062B00087F31188BFF36F8FBDE8F8836850002023
:1062C0000730030034300300232D0300493003005E
:1062D0005F300300763003006160020070B5054650
:1062E000EFF31184402686F31288BFF36F8F2D4899
:1062F000FFF704FC68B984232B4A2C492C4804F08E
:10630000D5F928492B4804F0D1F98421264804F016
:10631000C4F92448FFF716FC2846FFF725FD90B185
:106320002048FFF7F9FB002837D14FF499731E4A34
:1063300021491F4804F0BAF91A49204804F0B6F977
:106340004FF49971E2E76B6ACBB11648FFF7E4FBB3
:106350000028EAD084F31188BFF36F8F28466B6A58
:106360009847EFF3118486F31288BFF36F8F0D48BF
:10637000FFF7C4FB0028BED00A48FFF7E3FB05F196
:106380001800FEF7BBFC0028CAD0FEF75BFB2146D5
:10639000BDE87040034808F0DCBD84F31188BFF30A
:1063A0006F8F70BD68500020073003003430030049
:1063B000232D0300493003005F30030076300300D3
:1063C0002DE9F84F4F1E0F4206460D469A460BD058
:1063D0002F4918232F4A304804F068F92F4804F059
:1063E00065F918212B481CE0141D4DD241F0040B17
:1063F00000F11408EFF31189402383F31288BFF3EF
:106400006F8F4046FFF77AFB68B98423244A2549F9
:10641000214804F04BF94146234804F047F9842110
:106420001F4804F03AF94046FFF78CFB22465946D4
:106430003046D04704464046FFF76EFB68B94FF43C
:106440009973174A1949144804F030F9414618481D
:1064500004F02CF94FF49971E2E789F31188BFF346
:106460006F8F8CB144F8046B7DB13C420DD0352365
:10647000084A1049084804F019F921462A460E48EE
:1064800004F014F93521ADE700242046BDE8F88F6B
:10649000082D030000890300232D0300402D030075
:1064A0000730030034300300493003005F3003003D
:1064B0007630030024890300568903002DE9F0415A
:1064C00005460E46174608F0F7FC28B9074B9B68AF
:1064D0005C6F14B9BDE8F081054C3B463246294655
:1064E0002046BDE8F041FFF76BBF00BF1C50002005
:1064F0000818002002460021014B0248FFF760BF48
:10650000DBA5020008180020014B4367704700BF5D
:10651000081800200146024A0020FFF7CFBF00BF45
:10652000DBA5020001680E4A0346914215D1C169FC
:10653000A2F11022A2F1EF1291420ED18268012A3B
:106540000BD8C26812B101698A4206D0586928B1D5
:106550009B691B1A5842584170470120704700BF81
:1065600055AA00FF70B50E4B9E68B6B13046FFF7D6
:10657000D9FF044618B9F3687BB935690DB92046CF
:1065800070BD2846FFF7CEFF28B9EB68B34204D1AF
:106590002E462D69F2E70446F1E70124EFE700BF3C
:1065A0006C5000202DE9F041404D06466869884650
:1065B00008F080FD18B100242046BDE8F0812C6869
:1065C000DCB1AC68CCB1002E6AD0B8F1000F69D054
:1065D00008FB06F7B7FBF6F6B04565D1391D63D861
:1065E000BA0710D027F003020432EC6803E06168B8
:1065F00091420AD2A469002CF9D1686908F060FDC3
:106600000028D9D0D7E73A46EFE7D4F808C0BCF164
:10661000000F02D001200AF07CF9891A232904F125
:1066200020061CD80123A360D4E90523AAB19361F5
:10663000A3690BB162695A610023C4E905332B6970
:10664000DB0703D5FFF78EFF0028E3D13A46002190
:10665000304634460AF055F9CFE7EB60E8E702F13F
:10666000200023182039C3E9011CDC602169DFF810
:1066700040C0196144F800C00E48D86101B1CB6038
:1066800061695961A069986141B18B61996901B1F2
:106690004B6101212361C4E90121CDE7EB60F5E7FE
:1066A0003446AAE74446A8E70446A6E76C50002013
:1066B00055AA00FF669911EE70B5424E0546706905
:1066C00008F0F8FC00287BD1002D5FD03368002B48
:1066D0005CD0B268002A59D09D4203D3726813443B
:1066E0009D4202D301200AF014F9A5F120042046AE
:1066F000FFF718FF0028F5D155F8183C012BF1D110
:1067000055F8143C45F8180CC3B19A68002A42D1D8
:1067100055F81C2C02F120015A680A445A6055E9C8
:1067200005321A6155F8145C2B6903B1DD6020460F
:10673000202200210AF0E5F823462C462069002893
:1067400036D08268002A33D163684268203313440C
:10675000636003692361D4E90523F2B923BB43696C
:1067600063618269A2610BB39C61A36903B15C613F
:10677000236903B1DC60202200210AF0C2F83369EA
:106780009B0703D5FFF7EEFE0028ABD17069BDE88B
:10679000704008F095BC0023D0E79361A369002BFB
:1067A000DDD062695A61DAE7F360F7E7F460DCE7AD
:1067B000002BE4D1F368A36103B15C61F460DEE710
:1067C00070BD00BF6C50002070B50C46164E1422F0
:1067D0000021054630460AF094F81448706108F02C
:1067E00067FC1349134800F035F8232C1BD915F02A
:1067F00003031FBF043CE418C3F10403ED18224651
:10680000002128460AF07DF8C6E90054203CB56016
:106810006C60B368084A1A60B368A2F11022A2F152
:10682000EF12DA61F36070BD6C500020C8160020D2
:10683000B9660200A565020055AA00FF014B1B685E
:10684000184700BF2C170020014B1B68184700BFDA
:1068500028170020024B1860024B00201960704777
:106860002C1700202817002010B50A46044619B13D
:10687000024B00211B68984710BD00BF5023030046
:106880000E4B0340B3F1607F06D1B1F5885F0CBFBA
:1068900000206FF086007047B3F1707F0BD101F4D8
:1068A000E043B3F5005F06D111F4E06F14BF0020A0
:1068B0006FF0860070476FF0860070470000C07F61
:1068C0008A42F8B506460D4600F00A8101F0FE4105
:1068D000B1F1C06F61D1884C22F4FF7121F0010148
:1068E000A14222F0FF0014D004F58854A04210D039
:1068F00022F47F7626F00306A4F57064A64208D041
:1069000004F5A064A04204D004F57454A14240F000
:10691000EB80D1B2784E19B922F48061B14224D112
:1069200025F4FF7424F00104B44225F0FF0112D0D5
:10693000724EB1420FD025F47F7727F00307A6F5FA
:106940007066B74207D006F5A066B14203D006F5DF
:106950007456B44209D115F0FF0406D0684E44F0D5
:106960000074B44204BF02460D468BB122F4FF739B
:1069700023F00103B3F1062F06D0624B22F4FF612E
:1069800021F00701994203D122F4807225F4807529
:10699000954214BF00200120F8BDB1F1A06F16D1BF
:1069A00002F0FE43B3F1A06F40F0888082EA050355
:1069B00033F47E1340F0828028047FD5C5F3054070
:1069C000C2F3054290428CBF00200120E4E74E4B09
:1069D0009D4209D1A3F500439A4200F081804B4BC0
:1069E00022F47E109842D4E7B1F1407F60D102F0EA
:1069F000FE43B3F1407F5BD182EA050030F47E14A0
:106A000056D131462846FFF73BFF00286AD140495E
:106A100012F47C1701EA020113D0B1F1607FC2F3D6
:106A2000054333D1D1B241F0007101F17E41033908
:106A3000122901D83748445C15F47C1F2DD19C42A3
:106A4000A7E7B1F1607F0AD1D3B243F0007303F13D
:106A50007E43033B122B4BD82F49CB5CE2E7B1F1CD
:106A6000707F17D106F4E043B3F5005F42D10123F4
:106A7000C6F302218B4006F4E041B1F5005FDBD1A3
:106A80000120C6F3022600FA06F4D5E7B1F1707FC3
:106A9000D2D1F0E700242346CEE71FB9C5F3054164
:106AA000A1421DD0290403D5C5F3054098428AE7C9
:106AB0001A4B9D4202D1B2F1082F6AE725F000433C
:106AC00023F47F03B3F1106F0CD102F0FE43B3F156
:106AD000106F07D11248104040F01060A84258E7EC
:106AE000012059E7002057E7002B7FF446AF4FE71E
:106AF000002397E70023BEE700020006001300060C
:106B0000FF000002004000060093C00400014005A1
:106B10000000C07F088E0300088E03000002C0033F
:106B20000000FFF670B505460F480E4608F0C2FAA1
:106B3000044618B16FF08F04204670BD6B69336056
:106B40002B7F012B0ABF022330602B77064818BF2A
:106B50006FF0960408F0B4FA0028EDD0002CE9D0CC
:106B60006FF09604E8E700BF1017002038B50C4C12
:106B70000C4808F09FFA65780A4808F0A1FA0A481C
:106B800008F098FA022D08D12478E31F5C425C419A
:106B9000054808F095FA204638BD0024F8E700BF04
:106BA00084500020E0160020F81600202DE9F04760
:106BB000894615461C4600F0C5FC0646002851D102
:106BC000D9F80070B7F800A00AF4E043B3F5804F9D
:106BD000BB6808BF25F0010535EA03033AD1002C54
:106BE00040D0B5F5006F40D0A5F500525542554153
:106BF000284A24F4FF7323F00103934213D026495B
:106C000024F0FF028A420ED024F47F7020F00300AB
:106C1000A1F57061884206D001F5A0618A4202D0D8
:106C20001E4A934223D114F0FF0304D01C4A43F0C0
:106C30000073934222D02B4622465046F968FFF754
:106C40003FFE804670B92B46224650463969FFF711
:106C500037FEE0B96FF0840600233846C9F80030EB
:106C600000F03AFD3046BDE8F0870125C0E704F0AA
:106C7000FE43B3F1407F04D12304DCD56FF08606D8
:106C8000EAE7B3F1A06FF7D0054B9C42D2E7464646
:106C9000E8E700BF000200060013000600460006F9
:106CA000FF00000238B500F0FE43B3F1407F044618
:106CB0000D4602D06FF0860038BDFFF7E1FD0028D9
:106CC000F8D114F47C1F18D0C4F30543032B1370C0
:106CD00022D9224A2240B2F1607F31D1E4B244F09D
:106CE000007404F17E44033C122CE3D81C4A125D6C
:106CF0009342DFD8202BDFD90EE0184B2340B3F1AD
:106D0000607F0FD1E3B243F0007303F17E43033B96
:106D1000122B04D9002313706FF08500CCE71149C2
:106D2000CB5CD3E7B3F1707FF4D101F4E043B3F56A
:106D3000005FEFD10123C1F302218B40DBB2C5E735
:106D4000B2F1707FB6D105F4E042B2F5005FB1D187
:106D50000122C5F30225AA40CAE700BF0000C07F98
:106D6000088E0300088E03002DE9F3414768D0F830
:106D70001480044638460E4608F07AFC0546E8B909
:106D8000FFB22FB9B8F1000F05D06FF0860515E0FE
:106D9000B8F1000FF9D0A36823F0031323F47F4365
:106DA000002BF2D14FF6F87362889A4228D8164821
:106DB000277908F07FF928B16FF08F05284602B0D7
:106DC000BDE8F08107B901A8314600F071FB054626
:106DD0000D4808F075F910B1002DEFD1ECE7002D4A
:106DE000ECD10FCCD6F800C066460FC694E8070079
:106DF00086E80700002FE1D1019BCCF81430DDE7D5
:106E00006FF08505DAE700BF1017002010B50446C3
:106E100050B1064808F04EF9204608F082FABDE865
:106E20001040024808F04CB910BD00BF10170020F8
:106E300013B5044610B301A900F084FB0446E8B979
:106E40001F4808F037F958B10024019808F0FBFBFF
:106E5000002818BF04461A4808F032F970B10AE059
:106E60000198037F032B11D108F0EDFB0446144871
:106E700008F026F928B10CB96FF08F04204602B053
:106E800010BD002C08BF6FF08704F7E7022B10D16C
:106E9000032303770379FF2B0ED04369094A03F1DB
:106EA0004043A3F580539342CED800F0BFFD044683
:106EB000CBE76FF09604C8E76FF08404C5E700BF26
:106EC00010170020FFDFFF3F2DE9F04190461E46DE
:106ED000002288B0038805460F460592CDF81C8035
:106EE0003260B8F1000F65D0B8F1005F80F0A1808A
:106EF00023F0FF03B3F5E24F02D0B3F5824F25D163
:106F0000284608F0ECF80446002840F08680EB683C
:106F100083B16A8872B12B8803F44F41B1F5824F77
:106F200002D0B1F5884F05D1DBB2222B36D02CD858
:106F3000122B38D03A46002308EB070112F8010B58
:106F40008A4243EA0003F9D1002B33D0284605A931
:106F5000FFF70AFF0446A0B9059B9B6A6BB3059B2C
:106F600039465A882846069206AA029203F1280258
:106F700001929A6A00925B6A424600F01BFC04464A
:106F800080B30598FFF742FF47E0273BDBB21B2B9E
:106F9000D0D8294921FA03F3DB07CBD50732B8EB68
:106FA000D20FC7D206E040F209239A42F6D1B8F1D7
:106FB000400FBFD86FF086042FE06B681B0A07D123
:106FC0000799059808F06DF904460028C7D0D8E75E
:106FD00042463946284607AB00F094FB0446002899
:106FE000EED0CEE70599069B4A88D2B94B804FF682
:106FF000F873069A9A4219D82B88059813B102881B
:107000009A4210D16B8813B142889A420BD1314613
:10701000FFF788FD04460028B3D1204608B0BDE83C
:10702000F0819A42E3D06FF08604AAE76FF08504FE
:10703000A7E76FF08504F0E70102000C38B50446BD
:107040000D46FFF793FD30B12A462146BDE8384092
:10705000024808F037BB6FF0880038BD8850002028
:10706000002273B503880A600092428804460D46E8
:10707000002A00F0FF80028802F4E042B2F5804F5F
:1070800000F0F88023F0FF03B3F5E24F02D0B3F530
:10709000824F04D1204608F022F80646D0B969464E
:1070A0002046FFF761FE064660BB009B9B6AA3B1CA
:1070B0000099204601F12803D1E9091200F052FBA2
:1070C00006460098002E40F0D2802946FFF72AFDA0
:1070D0000646B8B9304602B070BD63681B0A40F07E
:1070E000BD802288618802F4E043B3F5805F0DD053
:1070F000B3F5005F0AD002F44F40B0F5824F1ED0C6
:107100006FF085060098FFF781FEE3E7104608F070
:1071100099F806460028F5D147F201039A4220D19A
:107120004B080133DB0803EBC3033B330193DDE979
:10713000000108F0B6F806460028B9D0E2E7B3F53A
:10714000E04FDDD147F201039A42E9D022F0FF037C
:10715000B3F5884F15D1CB1DDB0803EB4303013397
:10716000E4E744F201039A4202D1CB081033DDE791
:1071700022F0FF03B3F5E84FEAD1CB1DDB085B003B
:10718000D4E7B3F5EE4F67D0B3F58E4F02D1CB1DE8
:10719000DB08CBE702F44F40B0F5824F02D0B0F5E8
:1071A000884F06D1D0B2422801D1CB08D7E7412879
:1071B000EDD0B3F5E24FEAD0B3F5824F03D1CB1D4A
:1071C000DB085B00CBE744F20D039A4224D844F27B
:1071D00001039A42DBD9A2F58042023A0B2AD6D8A3
:1071E00001A353F822F000BF2D7202008F7102003C
:1071F000397202008F7102008F7102004172020029
:10720000497202008F7102008F71020051720200F8
:107210008F7102005172020047F202039A421BD0A2
:1072200047F204039A42B2D140237FE74FF4A072A1
:107230004B095343203379E74FF4C0720B0AF8E748
:10724000CB1DDB08183371E7CB1DDB081C336DE762
:10725000CB1DDB08023392E7202367E7204601A914
:1072600000F068FA064600283FF461AF4AE708F0EC
:107270004DF847E76FF086062CE700BF10B51B4CB2
:107280001B4807F017FF2378590744BF03F0FB039F
:1072900023709A0705D500F0F1F8237823F0020354
:1072A0002370134807F00CFF124807F003FF6378C0
:1072B00013B1114808F009FA002304210E48637045
:1072C000FFF7D2FA0B4807F0FBFE094807F0F2FE81
:1072D0002378DB0705D508F0D4F9237823F00103E0
:1072E00023700348BDE8104007F0EABE8450002038
:1072F000F8160020E01600208850002070B5FFF737
:1073000035FC10B10024204670BD344807F0D2FE91
:10731000044620B16FF08F04FFF7B0FFF3E7304D64
:107320002B789E0706D400F0A1F804462B7843F092
:1073300002032B70294807F0C3FE10B1002CE9D0DE
:10734000EAE7002CE8D1254807F0B4FE04460028FF
:10735000E0D12B78D80706D408F091F904462B78B1
:1073600043F001032B701D4807F0AAFE0028E5D169
:10737000002CD1D1194807F09DFE0028CAD117482A
:107380002E7807F09DFE0028C4D1164807F092FE23
:1073900004460028BED16B783BB9F10705D51248E9
:1073A00008F08DF9022304466B700E4807F088FE42
:1073B0000028C3D1002CAFD1084807F07BFE00287D
:1073C000A8D12B7805485A075CBF43F004032B7003
:1073D00007F076FE002895D09CE700BFF816002045
:1073E00084500020E01600208850002038B500F1BD
:1073F00040430F2B0CD82C221A4C02FB0344237F52
:10740000022B02D16369834224D06FF08B001AE013
:107410006FF04042441E94420ED2124B00221C4692
:107420001D7F022D02D15D69854210D00132102AE4
:1074300003F12C03F4D1E8E70B4AA3F58053934200
:10744000EBD96FF0870038BD6FF09600FBE72C2377
:1074500003FB0244204608F0E9F80028F4D10C6050
:10746000F1E700BF8C500020FFDFFF3F0122024BFD
:10747000002083F8C02270478C5000202DE9F04195
:107480000A4C002526464FF0010803272046C4F881
:1074900020802777013507F044FF102D04F12C04DC
:1074A000F4D1002386F8C032BDE8F0818C50002072
:1074B000F8B5214D064621480F4607F0FBFD95F82B
:1074C000C0421E4807F0FCFD7CB300242B46224638
:1074D000197FD1B13CB9022905D1196A19B91979B5
:1074E000002918BF1C460132102A03F12C03EFD1EA
:1074F00014B96FF08C0006E0204608F097F820469B
:1075000007F00FFF10B100240DE01C46237F7BB96C
:107510000123237736B10A4B651BAD105D4305F19E
:107520008045356000203C60F8BD6FF08800EAE7D8
:107530006FF09600E7E700BF8C500020F81600209F
:10754000A38B2EBA0023F0B5054691B05E480B60C0
:107550000E4607F0AFFD5D4B5B4893F8C04207F065
:10756000AFFD002C00F0AC80594807F0A3FD0746A2
:1075700020B16FF08F04204611B0F0BD314628468F
:10758000FFF734FF10F18C0F044607D0504807F086
:1075900097FD0028EFD0002CEDD1EAE73846FFF741
:1075A00087FF074620B14A4807F08AFD3C46E2E7DC
:1075B0000122336801465D61336809A85A601C22C4
:1075C000356809F09EF9002200236869CDE9062399
:1075D000404A00F14043A3F580539342CDE904773C
:1075E00003971DD806AA03A908F072F80446B8B993
:1075F000039B6A690A93DBB2002B08BF0022034693
:10760000CDE90000DDE906010E9209AA00F060F95B
:1076100010F18A0F04460ED0002808BF6FF09604C0
:10762000306807F07EFE14F18C0F08BF6FF08704FE
:1076300000233360AAE704A909A800F07BF80446F8
:107640000028EDD12846049907F02BFE04460028B7
:10765000E6D1DDE9060105AB0193AB6A09AA009307
:107660006B6A00F035F9044618B1284607F04EFE63
:10767000D6E72C46059BAB6209AD0FCD0FC495E84C
:10768000070084E8070032689368D80414D499048A
:1076900044BF43F40063936033681A7F012A04BF38
:1076A00002221A77306807F0C1FF044600283FF431
:1076B0006DAF6FF09604BBE743F480639360E6E739
:1076C0006FF0880457E700BFF81600208C500020A8
:1076D00010170020FFDFFF3F10B50446084807F0F1
:1076E000E9FC40B9204607F0AEFF0446044807F025
:1076F000E7FC10B10CB96FF08F04204610BD00BF3D
:107700001017002010B41946002443680C60074C81
:107710001A0AB4EB132F02D0054B9A4202D110BCC7
:1077200000F020BB6FF0860010BC7047004E800058
:107730004B4E800010B4002443680C60074C1A0ABA
:10774000B4EB132F02D0064B9A4202D110BC00F0CA
:1077500009BB6FF0860010BC704700BF004E800070
:107760004B4E80002DE9F041456804462D0A0E4637
:107770001746984606D00E4CA54214D06FF08600EE
:10778000BDE8F08105886D0407D443463A4631468A
:107790002046BDE8F04107F034BF00F061FD10F174
:1077A000860FEDD1F1E7BDE8F04100F059BD00BF13
:1077B0004B4E80002DE9F04FDFF880B0D0F804E0A8
:1077C00085B0BBEB1E2F0446DDE90E890D4616463B
:1077D0001F46DDF840A04FEA1E2C1CD0DFF860E009
:1077E000F44518D0BCF1000F22D1CDE9019ACDF8B3
:1077F000008000F0A7FC10F1860F1BD13B463246FB
:1078000029462046CDE90F9ACDF8388005B0BDE86D
:10781000F04F07F059BD3B46324629462046CDE998
:107820000F9ACDF8388005B0BDE8F04F00F08ABC63
:107830006FF0860005B0BDE8F08F00BF004E8000FD
:107840004B4E800030B44468240A06D0064DAC424A
:1078500006D030BC6FF08600704730BC07F07EBDAC
:1078600030BC07F0FDBF00BF4B4E80002DE9F74351
:107870000D46DDE90A891646134942681F46B1EBF9
:10788000122F04464FEA12230ED0104A934200D022
:10789000ABB93B46324629462046CDE9008900F087
:1078A00007FC10F1860F0CD13B4632462946204694
:1078B000CDE90A8903B0BDE8F04300F0F9BB6FF0F1
:1078C000860003B0BDE8F083004E80004B4E800080
:1078D000F0B4DFF82CC05468DDE90456BCEB142F7B
:1078E0004FEA142702D0074CA74204D1CDE9045631
:1078F000F0BC00F027BD6FF08B00F0BC704700BFFC
:10790000004E80004B4E80002DE9F043DFF844909C
:10791000DDB2446845F000754D45DDF82C804FEA36
:107920001424DDE90767DDE909CE0CD014B10A4D56
:10793000AC420CD1CDE90AE8CDE9087C0796BDE858
:10794000F04301F05BB96FF08500BDE8F0836FF0A4
:107950008600FAE7050000024B4E8000F7B5089E4E
:107960000E4FF5B2044645F000754868BD424FEA37
:1079700010200DD010B10A4DA8420CD1009604F190
:10798000080008F05AF808B90523236003B0F0BDD9
:107990006FF08500FAE76FF08600F7E70500000258
:1079A0004B4E8000F7B5089E0E4FF5B2044645F0E9
:1079B00000754868BD424FEA10200DD010B10A4D45
:1079C000A8420CD1009604F1080008F038F808B974
:1079D0000523236003B0F0BD6FF08500FAE76FF078
:1079E0008600F7E7050000024B4E80002DE9F041CC
:1079F00044681D46DDE9087CDDE90636240ADDF829
:107A000028E003D0DFF82080444508D1CDE909E51E
:107A1000CDE9077C0696BDE8F04100F0F1BF6FF0BC
:107A20008600BDE8F08100BF4B4E80004268044BE9
:107A3000B3EB122F01D107F04ABF6FF085007047FA
:107A40004B4E800010B50D4C206802F037F80C4A00
:107A50001368591C11605BB90A4A5920D2F80034E6
:107A600043F00703C2F80034EBF750F901F028FBAC
:107A70002068BDE8104002F03BB800BF341700207A
:107A8000505300200090055038B5164D286802F07C
:107A900015F8154B1C68013C1C60ECB95920EBF73C
:107AA00043F90722114BC3F80823D3F8002422F02E
:107AB0000702C3F80024C3F80041D3F80021C3F83B
:107AC0000441D3F804214FF00072C3F80841D3F801
:107AD0000831074BC3F888212868BDE8384002F018
:107AE00007B800BF34170020505300200090055005
:107AF00000E100E070B5104D104E2B68B34219D074
:107B0000FFF7A0FF01F05EFC01F0F0FC38B107F0D8
:107B1000E1FD0446FFF7B8FF3CB92E6005E000F038
:107B20000DFE044618B1FFF7AFFF204670BD07F009
:107B30006DFFEEE70024F8E73017002011736500B1
:107B4000F8B505460E4618461C2117461C4608F097
:107B50007BFE6B6821491A0AB1EB132F1BD1204A17
:107B6000337822611F4A13F00303E26066610CD090
:107B7000023303F00303012B26D86B880733DB089D
:107B80006360194B23600020F8BD6B880733DB0866
:107B90006360164BF6E7164B9A4212D16A69154B91
:107BA0001344022B13D90023224642F8183FC4E99C
:107BB000033362616A69104B9A4201D12023E7E7DF
:107BC00047B1C4E90067DEE76FF08400DCE76FF0DF
:107BD0008500D9E76FF09600D6E700BF4B4E8000D6
:107BE000B5830200D5F902000000002000FF072045
:107BF000004E8000FF3F008004C0FF7F0022074B43
:107C0000C3F81021C3F80C21C3F80021C3F80421E4
:107C1000C3F80821C3F81821704700BF0090045032
:107C200008B5FFF7EBFF01230360104B0A6832B978
:107C3000D3F80C211AB9D3F80821002AF6D00B6822
:107C40007BB90B4B99420ED0A3F58473D3F808315E
:107C5000002B14BF6FF002004FF0FF30FFF7CEFF94
:107C600008BD0020FAE74FF0FF30F7E7009004501E
:107C70000891045070B506460D4619B34B6913F0D0
:107C80000F040CD011495523114A124802F00EFD81
:107C9000114802F00BFD55210D4802F0FEFC214673
:107CA000012007F003F80D480D49C0F80065C0F841
:107CB0000455FFF7B5FF21460546204606F0F6FFBE
:107CC000284670BD6FF00105FAE700BFD8890300B0
:107CD00085890300232D0300018A030000900450CE
:107CE00000910450034B0449C3F800050348FFF713
:107CF00097BF00BF009004500491045004900450BA
:107D000010B504460021012006F0D0FF064B0749BC
:107D1000C3F800450648FFF783FF002104460846E4
:107D200006F0C4FF204610BD009004500891045096
:107D30000890045038B50C4659B1074D0749C5F8AD
:107D400000050748FFF76CFF10B9D5F80835236028
:107D500038BD6FF00100FBE7009004501091045013
:107D60000C90045070B51C4E44680288B6EB142F7A
:107D700043884FEA142514D14069184B98420CD01F
:107D800003F5FF437D330344012B22D8B2F5105F86
:107D90001FD1022300200B6070BD47F212139A42DC
:107DA000F6E70F48854214D102F44F40B0F5824FF8
:107DB00009D144F21210073382424FEAD303E9D1CA
:107DC0005B000133E6E7B2F5885FE2D10733DB08F9
:107DD000E0E76FF08600DFE7004E800001C0FF7F24
:107DE0004B4E800000212DE9F043064695B0084631
:107DF00001F058FA0DF12705044625F01F0520B1C2
:107E000015B0BDE8F04307F065BC4FF01009DFF88E
:107E10008080012210211F4807F0C8FC1D4A2B1941
:107E2000009320211023CDF80490A2F1200000F04F
:107E3000DFFF074650B1002001F022FA384607F074
:107E400049FC0746384615B0BDE8F083D8E90C3246
:107E50001034013342F10002302CC8E90C32D8D181
:107E600001F00EFA26B122463146284607F091FC71
:107E70002E46074C0FCE0FC496E80F00203584E83D
:107E80000F0095E80F00103484E80F00DAE700BF18
:107E90001049002030490020F0B5194D194FAB6B47
:107EA0008DB0BB4229D0184E306801F007FE402348
:107EB00000221946284608F0BCFC3021684607F02D
:107EC000A5FC044678B96846FFF78CFF044690B9D4
:107ED000302302461946684608F0ABFC0122002315
:107EE000C5E90C23AF63306801F002FE204607F0BD
:107EF000F1FB0DB0F0BD0E24F5E70020F9E700BF5F
:107F000010490020B4A5B4A5381700202DE9F04F82
:107F100099B00DF1570902F10F0A0446884615463B
:107F200029F01F094FEA1A1A32B1002900F08780A0
:107F3000B2F5005F00F28380424F434E386801F093
:107F4000BDFDD6E90C32134308D12046FFF7A4FF4C
:107F5000044618B1386801F0CBFD5CE0D6E90C238B
:107F60001AEB020A43F10003BAF5803F73F10003F4
:107F700014D3302102A807F049FCF8B902A8FFF792
:107F800031FF04460028E5D130230246194602A8F5
:107F900008F04FFC00220023C6E90C23002108460C
:107FA00001F080F9044660B910249DB9284601F01B
:107FB00067F92846FFF716FF0446CBE76FF09204F7
:107FC000C8E7386801F094FD204619B0BDE8F04FCD
:107FD00007F080BB102D4FF001024FF010011B483D
:107FE000AB4628BF4FF0100B07F0E0FB174A1023F9
:107FF0002021CDE90094A2F1200000F0F9FE824694
:1080000068B1002001F03CF9386801F071FD50467C
:1080100007F060FB0446204619B0BDE8F08F5A46D1
:108020004046494608F047FCD6E90C32013342F19C
:108030000002C6E90C32A5EB0B05D844B5E76FF09A
:108040008604E8E738170020104900203049002056
:10805000602A2DE9F04105460F4616461FD8DFF885
:108060004880D8F8000001F029FD284607F0B2FC4E
:10807000044620B9324638460C4908F01CFC284614
:1080800000F098F90546D8F8000001F031FD002D08
:1080900014BF28462046BDE8F04107F01BBB6FF037
:1080A0008900BDE8F08100BF3C17002000000020DF
:1080B0002DE9F0410E46DDE906EC17461C464BB9AA
:1080C0001C4920231C4A1D4802F0F0FA20211A48BE
:1080D00002F0E3FABCF1000F07D119492123164A37
:1080E000164802F0E3FA2121F1E74FF00008058875
:1080F000CCF80080BEF1000F15D025F0FF05B5F5D6
:10810000E24F03D1BDE8F04101F092BBB5F5824FDB
:108110000DD17346224639463046CDF818C0BDE829
:10812000F04108F085B96FF08600BDE8F0816FF08E
:108130008500FAE7D6580300138A0300232D0300B5
:10814000748A03002DE9F04F8DB00446DDE91678FE
:10815000894692461D46189E4BB93B4978233B4AB7
:108160003B4802F0A3FA7821384802F096FAB8F1B9
:10817000000F07D137497923344A354802F096FA7F
:108180007921F1E73EB934497A23304A304802F088
:108190008DFA7A21E8E74FF0000CB0F800E0C6F85D
:1081A00000C0C8F800C0002F47D0D0F804C0DFF8E6
:1081B000ACB04FEA1C2CCDF80CC0D0F804C0BBEB1F
:1081C0001C2F26D104A9D0F814B0FFF7CBFD01462F
:1081D000C0B9049B9F4219D35FFA8BFB59465346A3
:1081E0004A46204600F044F9014658B92B46584605
:1081F000CDE9007805AA00F001FB014610B9BDF8F1
:108200001630336008460DB0BDE8F08F6FF089017D
:10821000F8E7039CA4B92EF0FF04B4F5E24F04D1B3
:108220000DB0BDE8F04F08F091B8B4F5824F07D11A
:108230000DB0BDE8F04F08F0B0B86FF08601E1E78F
:108240006FF08501DEE700BF808A0300138A030018
:10825000232D03008B8A03009D8A03004B4E800070
:108260002DE9F0430546164698460F4693B049B9A6
:108270002F49EA232F4A304802F018FAEA212D4804
:1082800002F00BFA3BB92D49EB232A4A2A4802F0A7
:108290000DFAEB21F3E7D0F804C0DFF8A4900488CE
:1082A000B9EB1C2F4FEA1C2E2DD142880732B2F5B4
:1082B000C47F4FEAD20937D224F0FF02B2F5E24F71
:1082C00011D14A4606A907F0D5FF48B905ABCDE95B
:1082D00001834A463B462846009606A9FFF732FF2F
:1082E00013B0BDE8F083B4F5105F06D0B4F5885F35
:1082F00003D042F204039C4216D14A4606A900204C
:10830000FFF704FEE1E7BEF1000F0DD14AB124F002
:10831000FF04B4F5E24F07D113B0BDE8F04307F016
:10832000A9BF6FF08600DBE76FF08500D8E700BFDC
:10833000808A0300138A0300232D03008B8A030025
:108340004B4E800030B4074C041961F10005032C3A
:1083500075F1000502D330BC00F050BA6FF0850013
:1083600030BC7047FF3F00806029F8B505460E46D7
:1083700018D80E4F386801F0A1FB284607F02AFBF9
:1083800007F0A8F9044640B909493246284608F0E2
:1083900092FA6021064808F057FA386801F0A8FB05
:1083A0002046F8BD6FF08904FAE700BF3C170020B3
:1083B0000000002008B503789B0705D00548602120
:1083C00008F042FA002008BD07F020FB0028F5D095
:1083D0000220F8E700000020F7B52449436804466E
:1083E000B1EB132FDAB23DD1032A03D16FF0840031
:1083F00003B0F0BD466901A9F5B2284607F094FA2A
:108400000028F5D121466A46019807F062FA044631
:1084100010BB009FA74218D89DF8043007F0070250
:1084200023F01F0343EA820301A88DF804308DF87E
:108430000560FFF7BFFF3946284607F090FA70B98C
:1084400003B0BDE8F04007F0A2BA6019FFF74AFC9C
:108450000028CBD10134DCE76FF09800C8E76FF05B
:108460009200C5E76FF08B00C2E700BF4B4E800063
:108470002DE9F04F89B005460E4617461C4607F019
:1084800086FA002840F030816B690090C3F3013216
:1084900062F305108DF8000010F0300008D1A968D3
:1084A000890710D06FF08608404609B0BDE8F08F0C
:1084B000102808D1BDF8023023F4F87343F4A873F0
:1084C000ADF8023089E0E96801F0FE4CBCF1A06F24
:1084D0000BD0DFF84CC261450AD0DFF848C26145D5
:1084E00015D0DFF844C261450ED0DBB2F82B07E0AF
:1084F0001421009B61F3933300932B88B3F5105F35
:108500001BD06FF08508CFE72421009BF2E7AB6812
:108510005B04F6D52B8803F44F41B1F5824F02D0AE
:10852000B1F5884FEDD1DBB2122B01D0412BE8D150
:108530003821009B61F39333009300234FF0010B2C
:10854000984619469C46D5F808E0DFF8E09159F8BE
:1085500004AB1EEA0A0F08D00BFA0CF343EA080337
:1085600003F07F08012341EA0A010CF1010CBCF180
:10857000070FECD12BB19DF8033068F347038DF85A
:1085800003303EEA0101BCD16B88FF2B39D005D8FE
:10859000802B38D0C02BB4D1022306E0B3F5807F06
:1085A00033D0B3F5C07FACD106239DF8021063F33E
:1085B00006118DF8021018B91EF0030F7FF472AF88
:1085C0002B79022B2ED022D8012B7FF46BAFBDF874
:1085D000021063F3C811ADF80210012A3AD0032A41
:1085E00025D0002A7FF45EAF2B88B3F5105F88D1C9
:1085F000182C04D0202C02D0102C7FF453AF4C4DFB
:108600002CE00323D1E70123CFE70423CDE7032B9D
:1086100002D0FF2B7FF446AF0221BDF8023061F398
:10862000C8134DE7BDF8023043F4C07348E7202C6F
:1086300005D006D8102C02D0182C7FF433AF3D4D56
:108640000CE024F02003412B01D0302CF5E701375A
:10865000013CF4E7302C7FF425AF374D4FF0000894
:108660000F344FEA141906EB080007F0C5F800288C
:1086700052D008F10108C145F5D11F2C2ED11C2282
:10868000002101A808F03DF94FF0000B4FF0FF3A30
:1086900005EB0B124FEA0B130692BBF1000F26D12C
:1086A000009A0792BDF802203B44C2F3C112059222
:1086B0000DF1040C03F1100E624618685968083376
:1086C00003C273459446F7D101A906EB0B00FFF7EF
:1086D000D1FA804670B107F05AF905E049463046B4
:1086E00007F03DF90028CAD06FF09208DCE6CDF81B
:1086F0001CA0D7E71C2101A80BF1010B08F0A4F87E
:10870000D945C5D11F2C3FF4CFAEBA20FFF7F8FAF8
:1087100000283FF4C9AEE7E76FF08A08C4E600BF5F
:1087200000444004000002090002C0035423030077
:1087300000FF0720000000201094055010B590B0F5
:108740001C22002101A808F0DCF8F82007F054F8FA
:1087500000B3202200200DEB0201FFF7D7FB0446F7
:10876000F0B94FF48071104A104B01A8CDE90123F4
:108770000F4BCDE903130F4BF821069320230DEB8C
:108780000302FFF775FE202104460DEB010008F0FF
:108790005BF805E0F92007F02FF80028D9D104464E
:1087A000204610B010BD00BF00240001014B4E80D8
:1087B0000010C004F800FF7F73B5C5B20E4628460E
:1087C00001A9144607F0B0F888B9BDF80630C3F324
:1087D000C113013BDBB2022B8FBF6FF08600054A4D
:1087E000D25C054B9EBF13433360C4E9005002B016
:1087F00070BD00BF1B8E0300004B4E802DE9FF4172
:10880000884601A9064614461D460A9F07F08CF8C3
:1088100048B9B6F1F80348F1FF38022B78F10008A7
:1088200004D26FF0860004B0BDE8F08107F0AFF825
:10883000002861D1002CF4D09DF8041011F00F0233
:1088400040F0C380BDF80630C3F3C113013BDBB277
:10885000022B00F2BD80634801F03008C05C624B1F
:10886000B8F1100F43EA000363602AD15F4B236025
:10887000204602A9FFF776FA0028D4D1029BBB421A
:1088800000F2AC8044F2121221880198914204BF98
:10889000042205F8012B0B9A214613609DF8043041
:1088A0002A78C3F3011363F301022A7003AA08BFF5
:1088B00007F1FF3707F00DF8002870D06FF098002F
:1088C000B1E713469DF807C0DFF824E14FEA5C00EA
:1088D000A8B9D00454BF134642F48063990448BF3A
:1088E00043F40063A360019BC3F38533242B35D08D
:1088F000382B0ED0142B35D06FF0920093E7C107C0
:1089000004D5062B67D85EF823100A4340080133CC
:10891000DEE747F2121347F2411C9DF8060000F013
:108920007000302808BF63463248E0609DF80600BA
:108930002380C0F3021001380528BFD80FF2040CC1
:108940005CF820F09B8902006D8902008B8902008F
:108950008F890200BD880200958902004FF41053F0
:108960002548E2E74FF410532448DEE7C02060803A
:10897000B8F1000F7FF47CAFB3F5105F02D193071D
:108980003FF476AF6FF096004DE7FF20EFE74FF42E
:108990008070ECE74FF4C070E9E78020E7E72B78C0
:1089A000039A6E7062F384032B70238803F44F42A2
:1089B000B2F5824F04D139462846FFF7D5FC32E79D
:1089C000B3F5885F7FF42FAFF5E76FF088002AE7F3
:1089D0006FF0910027E76FF0830024E76FF08900C4
:1089E00021E700BF1B8E0300004B4E800110800169
:1089F00054230300000002090002C00300444004A5
:108A00002DE9F0470688174606F44F4286B0B2F5C6
:108A1000824F9946DDE911A3884602D0B2F5884F0E
:108A20001DD1F6B20024224D41881D4023F00043A1
:108A300023F47F03B3F1106FCAF800401D4B45F0DB
:108A400010650ED19D420ED1038823F0FF03B3F5CC
:108A5000E24F0ED06FF0860006B0BDE8F08700262A
:108A6000E0E79D4202D0144B9D42F3D16FF08500A8
:108A7000F2E7304605AA00F0CBFDB8B9059B5B686C
:108A8000BB42E7D1304600F003FE0028EED0109B39
:108A90003A4602930F9B414601930E9B0598009323
:108AA000CDF80CA04B4600F01FFFD5E72046D3E7DA
:108AB0000000FFF600000209000001092DE9F04165
:108AC000069C04F0FE45B5F1407F09D020492148BD
:108AD0001823214A01F0EAFD18211F4801F0DDFDAD
:108AE00005686DBB14F47C1604600BD0C4F3054616
:108AF0001A4D24F47E14AC42466025D1BDE8F04105
:108B000000F0CCB8164D2540B5F1607F0AD1E5B232
:108B100045F0007505F17E45033D122DE8D8114E54
:108B2000765DE5E7B5F1707FE2D10D8805F4E047A9
:108B3000B7F5005F02BF0126C5F30225AE40D7E7B7
:108B40006FF08800BDE8F0816FF08500FAE700BFA4
:108B5000FB8A0300232D0300A68A03000002C00342
:108B60000000C07F1E8E030010B4046844B15AB1E7
:108B7000084B24F47E149C4208D110BC06F0A8BF18
:108B80006FF0880010BC70471046FBE76FF085005F
:108B9000F8E700BF0002C003F8B51E4603680546AB
:108BA0000F4603B311B34168914222D8124A23F40D
:108BB0007E13934211D106F0C8FF044678B905F13F
:108BC0000C0138466A6807F076FE6B684FF41F7137
:108BD0002846336007F038FE03E06FF09604002368
:108BE00033602046F8BD6FF08804FAE76FF0860422
:108BF000F7E76FF08904F4E70002C0032DE9F04FB6
:108C000006461D460F469046ADF5237D03AC4FF456
:108C10001F72DDE9AFA900212046DDF8B4B207F0EC
:108C200070FE314643463A4620460095FFF746FF20
:108C3000064660BB184B25F47E159D4212D1636831
:108C4000534526D85A462046AE9BAC9906F0CFFF36
:108C50000546B8B96368C9F8003030460DF5237D84
:108C6000BDE8F08F5A462046AC99FFF77DFF0546D8
:108C700040B94B4652462046AE99FFF78DFF054658
:108C80000028EAD0204606F0DCFE2E46E5E7054641
:108C9000F8E76FF08905F5E70002C003F8B50E4666
:108CA0001D4633880446B3F5105F114625D1A5F162
:108CB0001002102A03D8144BD340DB070AD4736880
:108CC00012481A0AB0EB132F02D0114B9A4214D15A
:108CD000202D15D804F5B2772A46384607F0EBFD6B
:108CE0002A463946304604F5A473FEF729FF18B921
:108CF000102384F84C00A360F8BD6FF08500FBE7FB
:108D00006FF08600F8E700BF010101004B4E8000C4
:108D1000004E80002DE9F0410446174698460D4666
:108D200019B10A688B681AB953B96FF021064BE084
:108D300033B94B6823F00802102A01D0202B46D10A
:108D400000232046C4E90085A36006F088FF06469C
:108D5000002839D12146012051F8703BAA68D3F888
:108D600000C098F8073008339840069B18439301D9
:108D7000DBB29206184302F0E042DCF80030024316
:108D800004F10C0000F0D4F8AB687BB923692A68C1
:108D90001A606B68226943F000539360226823696C
:108DA00012685268DA6023691033236167B123695E
:108DB000084A1F6023699A60226823691268D26892
:108DC000DA602369103323613046BDE8F0816FF02B
:108DD0004106F9E71000002007B50022034B00927E
:108DE000FFF798FF03B05DF804FB00BF702303009A
:108DF00037B54FF480740194214C41F00051A161CA
:108E000040F6110143F00053A3622123E16104F114
:108E10002001616101212262E362069A194B01ADD2
:108E20001A60079A256042F000521125C3E9011229
:108E30002022DFF854C02061C4E902C504F1100506
:108E400065606162DA60BFF35F8F104A1460BFF340
:108E50005F8FBFF35F8F1361BFF35F8FBFF35F8FD0
:108E600003235363BFF35F8FBFF35F8F9363BFF33E
:108E70005F8F00F0E7F8431CFBD003B030BD00BFAC
:108E800064530020545300200400002000000150CF
:108E900038B504460D4619B10A688B681AB953B93A
:108EA0006FF0210029E033B94B6823F00802102A43
:108EB00001D0202B36D12561EB68D3B91B4B04F1CF
:108EC0007801236001236360AB6804F114009A0603
:108ED0009B01DBB202F0E0421A4342F480321123DC
:108EE00000F026F8AB684BB100201023C4E9020360
:108EF00003E0686998470028E0D038BD2A68A36974
:108F00001A606B68A26943F0005393602268A369FA
:108F100092699268DA60A3691033A36163680133D0
:108F20006360E1E76FF04100E7E700BF90230300D3
:108F3000026100F11402826000F110024160C2601F
:108F40000A604268034991604268D3604368103305
:108F500043607047040000204368A3F11001914270
:108F600040D8012243F80C2C53F8042C42F0200284
:108F700043F8042C53F8082C42F0005243F8082C14
:108F8000836800F11402A3F1100191422ED801224E
:108F900043F80C2C53F8042C42F0200243F8042C24
:108FA00053F8082C42F0005243F8082CC36803F130
:108FB0005402BFF35F8F0F4B1A60BFF35F8FC2681D
:108FC0000432BFF35F8F1A61BFF35F8FBFF35F8F10
:108FD00003225A63BFF35F8FBFF35F8F9A63BFF3C0
:108FE0005F8F7047103242F80C2CB8E7103242F80D
:108FF0000C2CCAE70000015038B5BFF35F8F104C4E
:10900000E569BFF35F8FBFF35F8F10236363BFF327
:109010005F8F012007F0E4FBBFF35F8F00236363E2
:10902000BFF35F8FBFF35F8FE36BBFF35F8F5B06B1
:10903000F8D425B1BFF35F8FE561BFF35F8F38BD13
:109040000000015008B500F0D1F9104A20B9BFF373
:109050005F8F906ABFF35F8FBFF35F8FD36BBFF3F8
:109060005F8F10F0240F03F0230304D0FFF7C4FF39
:109070006FF01F0008BD4FF0FF30002BFAD1BFF397
:109080005F8F1063BFF35F8F1846F3E70000015056
:10909000BFF35F8F094A1368BFF35F8F43F480719A
:1090A000BFF35F8F1160BFF35F8F23F48073BFF353
:1090B0005F8F1360BFF35F8F704700BF00100150D8
:1090C000BFF35F8F1522064B5A62BFF35F8FBFF36A
:1090D0005F8F40F237129A62BFF35F8F704700BF15
:1090E0000010015008B5FFF7D3FFBFF35F8F064AAA
:1090F0001368BFF35F8F43F00103BFF35F8F13600B
:10910000BFF35F8F08BD00BF0010015070B500268F
:10911000C0E9006605460C46FEF794FC01232B705F
:10912000FFF7B6FFBFF35F8F204BDB68BFF35F8FA6
:109130009B08013BACB3226842B19A4205D9FEF7C5
:10914000A3FC6FF03F002E7070BD1346D4E90115EB
:10915000E068002908BF4FF40071002808BFF12023
:109160002469BFF35F8F114A9360BFF35F8FBFF332
:109170005F8F1564BFF35F8FBFF35F8F5064BFF3E2
:109180005F8FBFF35F8F5163BFF35F8F44F4802421
:1091900044F00104BFF35F8F1460BFF35F8F0020C2
:1091A000D2E74FF40071F1202546DAE700100150B4
:1091B00070B503780D461446002B52D0BFF35F8F75
:1091C0002C4A136BBFF35F8F03F00E010A294BD0BB
:1091D00013F00C0F02D14FF0FF3070BD4368D3B9CC
:1091E000BFF35F8F5368BFF35F8F032BF3D9224B1D
:1091F0002249BFF35F8FD2F88060BFF35F8FBFF368
:109200005F8F43F8046BBFF35F8F8B42F1D1FFF7A1
:1092100069FF01234360BFF35F8F164B9A68BFF36A
:109220005F8F0132B4EB021F21D8BFF35F8F5A6802
:10923000BFF35F8FB4EB820FCDD884B1BFF35F8FE4
:10924000D3F88020BFF35F8F291D05F8012BA942B9
:109250004FEA122204F1FF34EFD0002CF5D10020A8
:10926000BBE76FF02000B8E76FF05100B5E76FF093
:109270003F00B2E7001001501010015020100150C3
:1092800010B5044608B1037843B1FEF7FDFB044B6B
:10929000186800F02DFC0CB10023237010BD00BF36
:1092A0003C17002073B50D460646FEF7CBFB15F0C4
:1092B000010509D001A800F087F9044620B1FEF7A6
:1092C000E3FB204602B070BD184B186800F0F6FBB7
:1092D0000EB101233370BFF35F8F0022144BDA61AC
:1092E000BFF35F8FBFF35F8F4FF0FF321A63BFF39F
:1092F0005F8FBFF35F8F3422DA61BFF35F8F01228C
:1093000003F59223C3F8042375B1019807F0E5F83B
:10931000042104460DEB010007F096FA002CD0D092
:109320003046FFF7ADFFCCE72C46CAE73C170020DC
:109330000000015038B51B4CD4F80051BDB1BFF34B
:109340005F8F194B996ABFF35F8FBFF35F8F4FF049
:10935000FF321A63BFF35F8F0023C4F80031D4F8E3
:109360000031124B1868BDE8384007F037BAD4F81E
:10937000083153B100F08AF806F0FBFDC4F808513B
:10938000D4F8083101210A4BECE70A4950230A4A74
:109390000A4801F08BF90A4801F088F95021064883
:1093A00001F07BF9009005500000015044170020A7
:1093B00040170020CC7D0300488B0300232D0300C1
:1093C000AE8B030008B5074B186807F0F6F9064B9B
:1093D000186807F0F2F9BDE808400022592011464C
:1093E000E9F7B6BC441700204017002038B5094BF8
:1093F0001C7864B1084B4FF0FF311D68284607F018
:10940000DEF94FF0FF310446284607F0E5F9204623
:1094100038BD00BF8A5800204417002010B5064C04
:10942000E36C3BB9214651F84C3B986906F0EEFEDF
:109430000123E364014810BD94530020E053002051
:1094400010B504460E4B186800F038FB0D4B1A6837
:10945000236122605A6862609A68A2600A4A1268B0
:109460009A660023A364FEF7EDFA204606F072FD2B
:109470000028FAD1204606F072FD0028F5D110BD73
:109480004817002094530020CC2303000048704765
:109490009453002010B50446054A036912689A6681
:1094A00006F0A7FE2046BDE8104006F06ABD00BFEA
:1094B000E423030010B50446FFF7ECFF0422084B39
:1094C000C3F80823FEF7E0FA064A236912689A6691
:1094D00000236364044BBDE81040186800F008BB2B
:1094E00000900550CC2303004817002010B50E4B08
:1094F0000E4C236003F5C04363602461FFF78EFFC9
:10950000236D2046B3F5007FCCBF4FF480634FF44A
:109510000073A360FFF794FF2046FFF7BBFF2046D0
:10952000FFF7C8FF002010BD002001509453002019
:10953000244B0340B3F5806F30D016DC402B2FD086
:1095400008DC102B2ED0202B2ED0181E18BF012087
:1095500040007047B3F5807F28D0B3F5007F27D057
:10956000802B14BF02200B207047B3F5804F21D011
:109570000BDCB3F5805F1FD0B3F5005F1ED0B3F5F1
:10958000006F14BF022006207047B3F5004F17D0BC
:10959000B3F5803F14BF02200320704711207047AD
:1095A0000A2070470C207047092070470820704738
:1095B000072070471420704705207047042070472B
:1095C0000F207047F0FF010070B50E4D0E4E04469F
:1095D000286800F073FA306828B980220B49FEF73A
:1095E00095FC60B92020094A013852F820203060EB
:1095F00022600024286800F07BFA204670BD022417
:10960000F8E700BF4C17002000540020045400204D
:1096100012281BD0A0F11203302B2DD826280DD8EC
:109620001738C3B20B2B27D81648184100F0010099
:10963000C0F1FF2000F57F007A3070472738C3B2B1
:109640001148D84000F0010087387047B1F5807F9D
:109650000ED006D8E02914BF6FF086006FF08500A9
:109660007047B1F5C07F0AD040F209239942F2E772
:10967000064B0020136070476FF0860070476FF054
:1096800085007047EEF7FFFF1102000CBC230300BA
:10969000A0F11203DBB21E2B9DBF0348D84000F09F
:1096A00001000020704700BF2102214270B504462E
:1096B000A4B0466811A80D46FFF7C2FE174B11A8CB
:1096C000196806F076FC21466B46002211A806F0C8
:1096D0002DFD044680B911A806F0CCFCDDE900128E
:1096E0000346284606F059FF11A806F082FD11A88E
:1096F00006F047FC044648B111A8FFF7DBFE204600
:1097000005F0E8FF0446204624B070BD11A8FFF71D
:10971000D1FE3146684607F097F8F4E77825030054
:1097200070B5D51D1C78ED080646042C0846114678
:109730004FEA450286B002F101021DD10A9C944213
:109740001AD1104C104A344044F0106494424FF047
:10975000000414D15A1CCDE902526A1C134401AA18
:10976000CDE904530194FFF753FF18B9019802A9FA
:10977000FFF79CFF06B070BD6FF08600FAE7204649
:10978000F8E700BF0000FFF6000002092DE9F041F4
:10979000038803F44F44B4F5824F02D0B4F5884FE8
:1097A00022D1DEB2C56803F4E0401F4B00241F46FF
:1097B00093F800C0B4451BD1D2F80080B0F5804FBB
:1097C0000CBFD3F80CC0D3F808C0D3F804E0B8F14C
:1097D000000F0BD18C4509D1C2F800E08C450DD0AB
:1097E0006FF08600BDE8F0810026DBE7F045F5D09C
:1097F0000134132C03F11403DAD1F1E7142303FB32
:1098000004773B7C13B96FF08500EBE7422E09D15A
:10981000064B9D4206D003F20B139D4202D00A3341
:109820009D42DDD10020DDE7FC2303000008000697
:109830002DE9F34105881F4605F44F43B3F5824FE8
:109840000E468046418802D0B3F5884F1BD1EDB259
:10985000422D3DD8402D13D8A5F11203DBB21E2BAB
:1098600036D81E4A42FA03F3DA0731D4CC1DE40895
:1098700064000134089BA34207D26FF0890024E002
:10988000CC1DE408F6E700242546284601AAFFF788
:10989000BFFED0B9D8F80420114BB3EB122F19D06A
:1098A000123DEDB21E2D15D80E4BEB40DB0711D546
:1098B00039460423019A01F8013B304600F0A6F82E
:1098C00005F008FF08B9099B1C6002B0BDE8F081F3
:1098D0000024DAE76FF08500F7E700BFDEFFFFBF87
:1098E000004E8000210000402DE9F0411546C4B033
:1098F00003AC1E460DF104080FABC8E90021C4E912
:109900000132226020AB10220746002107A8E36045
:1099100006F0F7FF4A9A6B0001339A426DD1337813
:10992000042B6AD14C9B9D426AD8731CCDE9075326
:109930006B1C1E44384607A9CDE90956FFF7B6FE51
:109940000546002855D131A8FFF77AFD2E4B31A8E6
:10995000196806F02EFB0A26002239460BAB31A807
:1099600006F0E4FB0546002834D131A806F082FB5E
:10997000054602460B99404606F0E6FDDDE90C126D
:109980002B4607A806F009FE31A806F032FC31A8E4
:1099900006F0F7FA0546E8B9013EDDD131A806F038
:1099A000A6FB064631A806F065FB23460246D6E92B
:1099B000000106F0E2FD636822680C93A3684B99EE
:1099C0000D93E3680BA80B920E9306F0BDFD4D9B23
:1099D0000B9A1A60D4E9001006F036FFD4E90210A1
:1099E00006F032FF284605F075FE054631A8FFF760
:1099F00061FD284644B0BDE8F0816FF08605F8E7C8
:109A00006FF08905F5E700BF902503002DE9F047C9
:109A100096B0814603A80E4615465768FFF710FD1D
:109A2000254B03A8D3F800A04FF00008514606F0DC
:109A3000C0FA6B460022294603A806F077FB0446CD
:109A400018B103A8FFF736FD21E03A4649460098D1
:109A500006F001FEDDE90123294603A806F035FBE7
:109A600003A806F0C6FB03A806F08BFA06280446F6
:109A700011D108F10108B8F10A0F04D0514603A82A
:109A800006F097FAD5E703A8FFF714FD6A242046ED
:109A900016B0BDE8F0870028D3D103A806F027FB55
:109AA00005463A460168304606F003FE3A466968C4
:109AB000F01906F0FEFDC4E79025030008B54FF04D
:109AC000FF324FF0FF33F9F70FF948B10549064867
:109AD0001723064A00F0EAFD1721044800F0DDFDD7
:109AE00008BD00BF367A0300232D0300C68B030098
:109AF00008B5F9F7C1F948B1054906481F23064AD8
:109B000000F0D4FD1F21044800F0C7FD08BD00BFD0
:109B1000367A0300232D0300C68B03002DE9F7439B
:109B200005460C46914600F10C06EFF311884023E0
:109B300083F31288BFF36F8F3046FBF7DFFF68B9FE
:109B40008423164A1649174800F0B0FD31461648DE
:109B500000F0ACFD8421114800F09FFD3046FBF77A
:109B6000F1FFAB6828465C4004EA090203EA0907F2
:109B70005340002200930D496B460192FBF77EFE95
:109B8000DDE9003223EA020330464146AB6005F0CE
:109B9000E0F9384603B0BDE8F08300BF07300300AA
:109BA00034300300232D0300493003006108030013
:109BB0002DE9F04F85B08846DDE90E1B05461746B6
:109BC000EFF305838BB151EA0B030ED0404940F20D
:109BD0002113404A404800F069FD404800F066FD0E
:109BE00040F221113B4800F058FD0291B8F1000FFE
:109BF00056D007F001030393FBF796FC05F10C0424
:109C00008146EFF3118A402383F31288BFF36F8FED
:109C10002046FBF773FF029960B98423304A31492B
:109C20002D4800F043FD21462F4800F03FFD8421E0
:109C30002B48D8E720460291FBF784FF17F0020F6C
:109C40001CBF0023AB60AB6807F00102029903EA76
:109C50000806BAB1B04517D17A0744BFB343AB6029
:109C60002046FBF759FFE8B94FF499731C4A1F4986
:109C7000194800F01BFD21461D4800F017FD4FF468
:109C80009971D5E7002EE7D151EA0B0312D1204696
:109C9000FBF742FF0028E7D08AF31188BFF36F8FEC
:109CA000002603E08AF31188BFF36F8F304605B0BA
:109CB000BDE8F08FC9E918872A46CDE9001B204688
:109CC0005146FAF795FF0028EAD1D9F86060EDE730
:109CD0004E8203000B8C0300232D0300048003003D
:109CE0000730030034300300493003005F300300C5
:109CF0007630030008B5EFF305834BB107490848F8
:109D00003A23084A00F0D2FC3A21064800F0C5FC8C
:109D1000C0E90233C0E9000008BD00BFE0810300D4
:109D2000232D03000B8C0300F8B50E4B06461D686F
:109D3000AB789B0712D56F6816F8014B29462CB9F2
:109D40000A20B847002805DB204609E02046B8472E
:109D50000028F1DAAB7843F00403AB704FF0FF302A
:109D6000F8BD00BFD81D03000CB430B58BB004465D
:109D70000D462022002102A806F0C3FD0223002D7B
:109D800006948DF80A300C4B039312DB01D06B1E46
:109D90001C440FAA0E9902A80794019200F074F8CF
:109DA00015B1069B00221A700BB0BDE8304002B01E
:109DB00070470024EDE700BF810A0300242AF0B5B4
:109DC000044601D8012A40D12E4B1622E9F7D0F8DB
:109DD0001A5001B10C600020F0BD2F463D4615F829
:109DE000010B2028F9D0A0F109060346042EF4D96E
:109DF0002B282CD02D282CD101262B78BD1C302BC4
:109E00002DD1287840F02000782824D132F010009D
:109E100021D16B782C46102202350020392B82BFCD
:109E200003F1FF3343F02003263B303B9A421AD91B
:109E3000A0FB02040CB9C01801D346F002062F465D
:109E40002C4617F8013B3D46E8E70746C6E70026E3
:109E5000D3E70026D3E7002A08BF0822DDE7002A5F
:109E600008BF0A22D9E701B10C60F20748BF40429F
:109E7000B307B1D5034B2222E9F77AF81A504FF015
:109E8000FF30A9E70C0000002DE9F04F43688BB0CC
:109E900080469246009383789C0740F1F980002524
:109EA0000878002800F0F68025280AD04B1C019382
:109EB00001354146009B98470028C0F2E380019994
:109EC000EEE74E788B1C252E0193F1D000270A2255
:109ED000B9463C461F2C22D8A6F12003102B20D8CF
:109EE000DFE803F0141F1F1A1F1F1F0B1F1F1F1275
:109EF0001F171F1F090044F00104019B13F8016B99
:109F00000193002EE6D13AE044F0020444F0040448
:109F1000F3E744F00804F0E744F01004EDE77F2C89
:109F200024D8A6F13003092B08D860064EBF02FBE7
:109F3000073744F0200402FB0939DEE72A2E0DD151
:109F400061065AF8043B53D4002BA7BF44F0200409
:109F50009946C3F1000944F02804CEE72E2E05D11E
:109F6000630600F1978044F04004C6E76C2E2ED0C3
:109F700028D8682E32D06A2E37D04C2E35D0002FFC
:109F800046F02003B8BF24F04004A3F16502BCBF33
:109F90000027A4B2022A01D9612B2BD10AF1070AAA
:109FA00007279D4E2AF0070A0AF1080A210760D503
:109FB00006EB070B34465C455DD1AE1BA9EB0709E8
:109FC000A21959E1742E98D07A2E96D0D7E726069A
:109FD00048BF44F4007444F080048EE7E00548BFB5
:109FE00044F4007444F4807487E744F4207484E7F4
:109FF0001F4682E7A6F16302122A00F2D880DFE84A
:10A0000012F013004D00D600D600D600D6004D0049
:10A01000D600D600D600D600D600E800D100D60083
:10A02000D6001A00D600A0005AF8043B012704AE5F
:10A030008DF81030BAE75AF8046B784B002E08BF41
:10A040001E4614F0400F304614BF39464FF0FF3122
:10A0500006F089FC0746A9E741462020009B984767
:10A0600000280FDB013CA742F6D34D44A1462D1B2F
:10A070009EE74C46F7E7414614F8010B009B9847D2
:10A08000002898DA98F8023043F0040388F8023088
:10A090004FF0FF3528460BB0BDE8F08F220630D5D3
:10A0A000A3052AD50AF1070A2AF007039A46596838
:10A0B0005AF8080B24F0100B00291FFA8BFB2FDA3B
:10A0C00040424BF4806B61EB410104AC0A23224611
:10A0D00006F080FC1BF0400FA0EB040200F08E8025
:10A0E0002BF001049742A4B240F38F80002E40F081
:10A0F0008E802BF01104A4B21DE05AF8040BC11796
:10A10000D8E7E0055AF8041B01D40846F7E7A20592
:10A1100047BF48B241F3C01108B241F3C031C9E7AB
:10A1200050EA0103D1D16306CFD5002FCDD124F061
:10A1300011043A46A4B23B4640F206410C4262D1B9
:10A1400024E024F010040A23A4B214F0800243D0C7
:10A1500014F4007117BF0AF1070A5AF8040B2AF029
:10A16000070292461CBF51685AF8080B50EA0102D8
:10A170003ED124F0160B62061FFA8BFB3CD5002F54
:10A180003AD124F017043A463B46A4B221075AD4E8
:10A19000E10705D5994572DDA9EB03039F184B46EE
:10A1A0009B464AE044F0100410237826CDE7782B34
:10A1B00004D1C6F1780343F01003C6E741462520D9
:10A1C000009B98470028FFF65DAF023541463046B8
:10A1D00070E608230026B8E714F480715AF8040BDF
:10A1E000C4D014F400711ABFC0B2114680B2BDE7EA
:10A1F00024F006041FFA84FB04AC68E713465C46AF
:10A20000E10699D52EB90133C0E71346F8E73B467E
:10A21000F6E70233BAE700BF7E8C0300778C0300B9
:10A22000CDE9023241462020009B98470028FFF6E6
:10A2300029AF0BF1010BDDE90232D945F0DCEB1A55
:10A2400003EB0B055B46E10627D541463020CDE9FF
:10A250000232009B98470028FFF614AFDDE9023276
:10A260007EB901352F44791B8A4229DB144604AE9E
:10A2700094BB2A44A9EB03091546914440E01746D4
:10A280008EE7023541463046CDE90232009B9847C1
:10A290000028DDE90232E5DAF4E640F206410C423C
:10A2A000E0D014F0020F05F10105414614BF2B2048
:10A2B000202014F4806FCDE9023218BF2D20E5E78D
:10A2C000CDE902324146009B3020013598470028F5
:10A2D000DDE90232C7DAD5E6013C4146CDE902327A
:10A2E000305D009B98470028DDE90232C0DAC9E6FC
:10A2F00041462020009B013598470028FFF6C2AE5A
:10A30000A9EB0503002BF3DCD9E500BF38B5044CFD
:10A31000044DAC4200D138BD54F8043D9847F8E7ED
:10A320000000000000000000704701F012B801F0CA
:10A3300007B80023E6F7E4BB10B483681422DC6896
:10A340004CF25033A44610BC604710B483685C687C
:10A350004FF0FF33A44610BC6047E3F7E5BE7047FB
:10A3600070477047836800EBC101B3F5004F2CBF05
:10A3700051F8220031F81200704700EBC1018068EB
:10A38000B0F5004F2CBF41F8223021F81230704751
:10A39000012208B5FFF7E6FFD04008BD836800EB57
:10A3A000C101B3F5004F08D34B681AB143F0010364
:10A3B0004B60704723F00103FAE74B881AB143F072
:10A3C00001034B80704723F00103FAE75300012299
:10A3D000FFF7D3BF10B500220C46FFF7C3FF201ACA
:10A3E00010BD10B50C46FFF7D3FF204410BD08B5D3
:10A3F0008368B3F5004F06D3FFF7CAFF01288CBF6F
:10A400000020012008BD0020FCE78368B3F5004F61
:10A4100034BF04230823C91A081AC0087047836888
:10A42000B3F5004F28BF0139B1FA81F0C0F11F0028
:10A4300070472DE9F041044616460F46FFF7A8FF86
:10A44000314605462046FFF7A3FF05442A46394614
:10A450002046FFF7BBFF31462046FFF7C2FF2B46E1
:10A46000014600222046BDE8F041FFF786BF2DE9F6
:10A47000F04115460E460446FFF78AFFA5EB060895
:10A48000771B0744424631462046FFF79FFF3A4676
:10A4900029462046FFF79AFF4346002229462046D8
:10A4A000FFF76BFF29462046FFF79BFF3B4601461F
:10A4B00000222046BDE8F041FFF75FBF38B50446F3
:10A4C0000D46FFF794FF70B929462046FFF760FF5D
:10A4D00001462046FFF7A3FF294602462046BDE875
:10A4E0003840E4F7FDB938BD2DE9F0470546894607
:10A4F000FFF795FF05EB800ADAF81070064677B98A
:10A500004FF0FF34EB680136B4401C4019D094FA88
:10A51000A4F6B6FA86F6331D55F8234008E03C460B
:10A520004FF0030821462846FFF732FF81450BD83C
:10A5300021462846E4F722FA324621462846E4F727
:10A54000CFF92046BDE8F087214603222846FFF7D1
:10A5500009FFB8F101080446CAF81000D0D08742BC
:10A56000E0D1CDE770B5056809B9002070BDAB68D2
:10A5700001F00704B3F5004F34BF0422082207346A
:10A580001444E40804EBD1049C4228BF1C4628462E
:10A590002146FFF7A9FF06460028E6D001462846D7
:10A5A000FFF7F6FEA04209D9344431462846224638
:10A5B000FFF75DFF21462846E4F736F928460122D9
:10A5C0003146FFF7EBFEAB68B3F5004F34BF042311
:10A5D000082303EBC6031844C8E71146FFF7C2BFC0
:10A5E0002DE9F04706460D46174698462BB34FF027
:10A5F000000A98F8004093F80190DB78A40004EB7F
:10A60000430498F802301C444444CA4509D33946EF
:10A610003046AC46D8F8042008F10803BDE8F047FE
:10A62000604714F8013B0AF1010A204648F823402C
:10A63000E2F73EFE01300444E7E76FF01500BDE8A5
:10A64000F08730B502460024002012F8013B43B1E8
:10A6500078B18C4207D1702B04D0A3F140053A2D7C
:10A6600007D8002030BDA3F140053A2D01D80134B0
:10A67000EAE7252B08BF80F00100E6E700207047DD
:10A680000FB407B504A951F8040B0191E4F71AFDC2
:10A6900003B05DF804EB04B07047002383F3118826
:10A6A000BFF36F8F0423184602DF70470FB407B55E
:10A6B00004A951F8040B0191E4F704FD03B05DF81F
:10A6C00004EB04B0704710B50369024613F00800AC
:10A6D00009D11368D4689C429BBF0120526AE31AD7
:10A6E000D31A0B6010BD00231846FAE713B501A971
:10A6F0000446FFF7E8FF20B1019BE268013B1344E9
:10A700000193606A019BC01A013802B010BD10B5F8
:10A71000044650182269636AD20702D5013B1840EB
:10A7200010BD984228BFC01AFAE710B504460A4681
:10A73000C168FFF7ECFF2369E06023F008032361A1
:10A7400010BD38B50D46026A8B00016843F0020364
:10A75000044642F8213001682A46FFF7D8FFE36833
:10A760006168984208BF2369206008BF43F008036E
:10A770002A46204608BF2361FFF7C9FF606038BD45
:10A780002DE9F74F0F460021D0F80CB0066A009271
:10A7900016F82B209A4602F00302022A14BF8946BB
:10A7A00056F82B2006EB8B030193009B08BFC2F3E6
:10A7B0009D0919600446CAF80010B9F1000F07D0CE
:10A7C0004946FFF7B2FFE368A3604FF0010804E0D9
:10A7D00001698A0705D44FF00008404603B0BDE880
:10A7E000F08FC16906EB8B00884716F82B100546E1
:10A7F00011F00108EFD08B071DD51FB13946204657
:10A80000FFF79FFF61682A462046FFF780FFD4E9E3
:10A8100002138B42606007D12A462046FFF777FF7C
:10A820004FF000080146A0602369216043F008034F
:10A83000E1602361D1E701462046FFF776FFE1683A
:10A84000A1601FB12068216A41F82090EA19CAF876
:10A85000002021682046FFF75AFF2269206042F05D
:10A860000802226116F82B2022F0010206F82B20A4
:10A87000DDE900321A60A8E770B504461546FFF717
:10A8800046FF2368834205D12369216023F0080332
:10A89000236170BD226AAB0043F0020342F821300D
:10A8A00061682A462046FFF732FF6060F1E738B55D
:10A8B000036904465B0706D5856AFFF717FF8542E3
:10A8C0002CBFA562A06238BDF0B564230446042500
:10A8D00000204FF00A0C11B1013D01D12570F0BDEF
:10A8E000B2FBF3F79A42FEB202D2012B00D030B194
:10A8F00030360139013004F8016BC9B2C0B203FB34
:10A900001722B3FBFCF3D2B2E5E7A0F13003DBB2D0
:10A91000092B02D80B7000207047A0F16103052BB2
:10A9200002D857380870F6E7A0F14103052B01D88B
:10A930003738F7E76FF015007047F7B5054601F0B7
:10A94000010000EB51069E424FEA510703D9002651
:10A95000304603B0F0BD58B128780DF10701FFF77C
:10A96000D4FF0028F3D19DF80730013502F8013BF0
:10A9700001351744BA42EBD015F8010C0DF107016F
:10A98000FFF7C3FF0028E2D19DF807402401E4B29D
:10A99000147015F8020BFFF7B8FF0028D7D19DF807
:10A9A00007301C4402F8014BE4E7838B13F00703E4
:10A9B00006D10368002B18BF032008BF0020704792
:10A9C000022B05D1C08BB0FA80F04009800070479F
:10A9D000012B04D10368002B18BF0520EDE70020F0
:10A9E000704710B50C4600B111B96FF0150010BDDD
:10A9F000081D00F02FF80028F9D1A368032BF6D921
:10AA0000F3E72DE9F0410D4607461946281D90460B
:10AA10001E46E5F7DFF8044638B13346424629467C
:10AA20003846A446BDE8F0416047BDE8F08138B53E
:10AA30000C46054658B151B10B6843B14B6833B170
:10AA40002022002105F05DFF00202C6138BD6FF051
:10AA50001500FBE7034658B1426802F00302012AE1
:10AA600003D0032A04D1026812B100209860704715
:10AA70006FF015007047704770B41E461546DDE94B
:10AA8000032381690468C06B06FB01412944846883
:10AA90002468A44670BC604707B510210191049951
:10AAA0000091FFF7E9FF03B05DF804FB00224B685B
:10AAB00001334B60C069924208BF834208BF4A60BD
:10AAC0007047F7B5426C85695200AD1A63F1000614
:10AAD000099B2A46009333460446089FFFF7DCFF94
:10AAE00050B92046626C0897521946F1000303B032
:10AAF000BDE8F040FFF7D0BF03B0F0BD00F020BCD0
:10AB000010B5411C04460F22FF20F4F7F9F820701D
:10AB100010BDF8F7E9B810B5437804468B4209D167
:10AB2000411C0F22FF20F4F7EBF823781B1A584240
:10AB3000584110BD0020FCE710B541780446FFF7EE
:10AB4000EAFF40B14FF6FF7362889A4206D160680F
:10AB5000431C5842584100F0010010BD0020FAE7A4
:10AB600010B58269416C86B0521A02AC63F10003E1
:10AB70000094FFF791FF002808DB2046FFF7DCFF79
:10AB800030B100209DF80920089B1A7006B010BD56
:10AB90006FF00100FAE730B58269416C87B0521A54
:10ABA00002AD63F1000300950A9CFFF775FF0028D2
:10ABB0000ADB2846FFF7C0FF50B1049B33B99DF86C
:10ABC00009201AB12260002007B030BD2360FAE7E7
:10ABD0006FF00100F8E770B5064608460D461446CA
:10ABE000FFF7AAFF08B9002070BD20466178FFF783
:10ABF00092FF0028F7D06388002BF4D163680133FB
:10AC0000F1D1A268B3699B1A726CB3FBF2F102FB3B
:10AC10001133002BE7D168786378C31A5842584142
:10AC2000E2E773B5DDE90656CDE900560446FFF7C5
:10AC300048FF20B9324629462046FFF7CCFF02B034
:10AC400070BD30B50C46D1E900130546426C8BB09F
:10AC5000521843F10003C4E90023406CA969A1EB39
:10AC600040018A4213D1ABB9E9699A184B1E06A973
:10AC7000C4E90023019102A928460091FFF7D1FF02
:10AC8000002805DB08D1D5E90223C4E90023002010
:10AC90000BB030BD013BEAE7089B2360F7E72DE9E5
:10ACA000F04F99460646884614464FF0FF378DB060
:10ACB000CDE90629DDE916A308AD02930DF1170BC6
:10ACC00022464B4630460095FFF7E6FE0246002836
:10ACD0003FD1304606A9FFF7B4FF00283DD1099ABD
:10ACE00042451AD1FA17904208BFB94503900CD0DB
:10ACF00022464B463046CDF800B0FFF731FF831CAB
:10AD00000246039923D18DF8171028469DF8171095
:10AD1000FFF701FF024640B94F46DDE90612029BEC
:10AD20009A4208BF51450FD10022189F2E460CAB06
:10AD300003CE9E4238607960354607F10807F5D1A9
:10AD4000199BC3E9004904E00C469146B8E7002886
:10AD5000DBD010460DB0BDE8F08F0246F9E703687E
:10AD6000012B81BFC91801F1FF315B421940084630
:10AD70007047F8F781B82DE9F04389B00746DDE95F
:10AD800010851DB9002009B0BDE8F083816906680F
:10AD900003FB0166036C16441C6864422C400DD012
:10ADA000C06B83684246D3F8049031462346C847B7
:10ADB0000028E8D12D1BE5D02644A0442A46414670
:10ADC000684605F078FD3C6C0DEB05002268617962
:10ADD000521B05F096FDF86B236882683146546873
:10ADE0006A46A047CFE737B51025CDE90015D0E971
:10ADF00002230446FFF7BFFF024650B92946206CE4
:10AE0000FFF7ADFFD4E902311B1A61F10001C4E97B
:10AE10000231104603B030BD2DE9F0414FF0FF3252
:10AE200000268CB004960592ADF8122044F201225F
:10AE300007920DF10F02009232461D460446069617
:10AE4000FFF78EFE831CB0463AD18DF80F60A269E1
:10AE5000616C12EB08024FEA410145F10003521AFE
:10AE600008A963F1000320460091FFF715FE0028B2
:10AE700028DB9DF80F209DF82110531CDBB299426E
:10AE800004BF0232D3B2129A04A8013206928DF89E
:10AE90001130FFF735FED4E90267A369626C13EB4A
:10AEA000080345F100059B1A65F100052046C4E939
:10AEB000023504A9FFF797FF20B9C4E9026701E052
:10AEC0000028C4D00CB0BDE8F081F0B500240546E0
:10AED000264685B003AFEB69A34202D8002005B037
:10AEE000F0BD00222346284600970396FFF753FE45
:10AEF00008B1831CF3D1039B00220093284623460C
:10AF0000FFF78AFF0028EAD10134E4E71FB50446C1
:10AF10001022FF21684605F0F4FC0023ADF8023052
:10AF200023696846029394F824308DF80130FFF7C6
:10AF3000E7FD69462046FFF756FF04B010BD30B567
:10AF40008BB004461022FF2102A805F0DAFC002392
:10AF5000A268ADF80A30636C06A89B18049394F8B5
:10AF6000243010228DF80930236C597905F0C9FC82
:10AF7000D4E9021341BB626CA1695000884288BFCA
:10AF8000013BA1EB4202C4E9022302A8FFF7B8FD8E
:10AF900002A92046FFF727FF204604F10801FFF72A
:10AFA00085FD04F124030093D4E902232046FFF732
:10AFB000D7FD831C4FF0000514D184F82450E368BA
:10AFC0000020C4E904530BE0D4E90402814273EB8E
:10AFD0000202D0D3204606A9FFF705FF0028C7D0FC
:10AFE0000BB030BD0028EAD0FAE737B5CDE9001242
:10AFF0001546D0E904230446FFF7BDFE00280CDB0C
:10B000002946206CFFF7ABFED4E904321B184FF041
:10B01000000042F10002C4E9043203B030BD2DE962
:10B02000F04F0026ABB000F124050095D0E90223D3
:10B0300004460B96FFF794FD821C0CD10096204627
:10B04000D4E90223FFF7E8FE60BB00952046D4E96F
:10B050000223FFF785FD28BB002294F82430204608
:10B060000693E3680CA9CDE90C23FFF71FFD0C9BA9
:10B07000A56904930D9B20460593049BED18059B41
:10B0800043F10006636CED1A12AB66F10006019302
:10B090001EAB00932A463346CDE90E56FFF7C1FD9D
:10B0A000002802DA2BB0BDE8F08F2CD09DF8793063
:10B0B0000DF1580984F82430636C5B00EB1A089397
:10B0C00066F100030993149BCDE90E36DDE90EA766
:10B0D000204652463B46CDF80090FFF7DDFC0028A5
:10B0E000E0D120460EA9FFF7ACFD0028DAD1484692
:10B0F00094F82410FFF70FFDF8B9DDE908239F420B
:10B1000008BF9245E2D1069B204684F82430FFF721
:10B11000FDFE0028C6D10BAB00932046DDE90423D9
:10B12000FFF739FD08B1831CBCD10B9B204600936F
:10B13000DDE90423FFF770FEB4E7BDF85A30002BB9
:10B14000DBD0D4E9022310A903911AA90291204669
:10B15000CDE900231799CDE910A7FFF7A0FD00283E
:10B16000A0DBDDE91023BB4208BF5245C5D1BDF8C5
:10B170005A60082E28D9B8462269DDF860B01892C6
:10B18000226C1268524202F020030793079D22AB03
:10B19000B54228BF354600935A464346204601959E
:10B1A000FFF76AFC00287FF47DAF2A46204622A9DB
:10B1B000FFF71BFF00287FF475AF15EB0B0248F17A
:10B1C0000008761B9346E1D1069B48468DF859301E
:10B1D000FFF796FC49462046FFF705FE00288CD075
:10B1E00060E70021E4F714BF00231A46E4F7AABF82
:10B1F00037B5002500951C46E5F750F8002802DB1E
:10B20000A04228BF204603B030BD002307B51A4630
:10B210000093E5F743F803B05DF804FB03785B07A0
:10B220005FBF03684288C3F34A2303EB12105DBF7C
:10B23000173020F00700800800207047002070477A
:10B2400003F01BBB0346D3E8EF0F421CC3E8E12F1A
:10B250000029F8D170470120E5F7B4B90020704704
:10B260004368DA7101224368196043685A71E5F74F
:10B270009BB970B515460C4669B1D2E901369B1BE6
:10B2800099420AD813680A460146981905F013FB3B
:10B29000AB682344AB60204670BD6FF01B00FBE73A
:10B2A00070B50E4615461946044618B9BDE87040FB
:10B2B000E5F788B933B1C2F34A231030120D1844B0
:10B2C00005F0F9FAC4E900562046BDE87040E5F7FC
:10B2D000F7BB2DE9F3415F1C4FEA8708064608F1EA
:10B2E000170020F0070080080C461546E5F718FA0D
:10B2F00000238DF80470ADF805308DF8073068B183
:10B300000346019AA8F1040143F8102F2A46294464
:10B3100052F8045B8A4243F8045FF9D100233146B6
:10B32000A20102F4E07242EA482222F07F4222F4B3
:10B33000700222F03F0202B0BDE8F041FFF7B0BF5B
:10B3400007B50123019201AAFFF7C3FF03B05DF81F
:10B3500004FB07B5CDE9002302236A46FFF7B9FFD6
:10B3600003B05DF804FB1FB5CDE90123069B01AADC
:10B3700003930323FFF7ADFF05B05DF804FBF8B5B9
:10B3800006460D4614461F4604B9F8BD2146284618
:10B390003A46B047241A0544F6E710B54268044619
:10B3A000D2E9002381680068FFF7E9FF00226368A3
:10B3B0001A6010BD0A2838B504460D4602D10D208A
:10B3C000E5F75EFC29462046E5F75AFC002038BD2B
:10B3D0002DE9F043054689B008460E8891F80090A3
:10B3E0000C46D1F808801746E5F71EFC011EC6F38F
:10B3F0008216C9F3C2091FDB4846E5F773FB034613
:10B40000214651F8102B6088C2F34A22002A01EB32
:10B41000020408BF00210022C0F30B10CDE905078C
:10B42000CDE9031428464146CDE900220296E5F70E
:10B4300053FC09B0BDE8F0830023E1E7704730B565
:10B440004C680368A34201D2012030BD8A682244BF
:10B45000934201D30020F8E7D1E90452954203D387
:10B460006FF00B038B61F5E7CA681B1B42F83530A0
:10B470004368086902EBC00253600B6901330B613A
:10B48000E2E737B50C46C0B201A91546E5F75EFE06
:10B4900000280CDB019850B121462A46E5F77CFED6
:10B4A00004460198FFF7CAFF204603B030BD6FF095
:10B4B0001504F9E7F0B587B01F4604460D46164659
:10B4C00000F05CFD022302930DF116030193BDF819
:10B4D0003030ADF81600009332463B4629462046F0
:10B4E00002F0F3F807B0F0BD2DE9FF411F460D460D
:10B4F00016460446E9F702FF8046E1F7D9FEBDF89B
:10B50000283080B2CDE90180009332463B4629467F
:10B51000204602F0DAF804B0BDE8F0810020E5F73B
:10B5200087BE00221146E5F751BE034610B5084616
:10B530000AB10021116053B1D0B1411E11F8010FC1
:10B5400080B113F8014BA04201D13D28F6D1002073
:10B550000EE0013313600AE03D2808D0B0FA80F015
:10B56000400905E018782F28F6D1002AF1D10120F2
:10B5700010BD10B509B100230B6058B103461A780D
:10B580001C4601332AB13D2A03D02F2AF7D101B13D
:10B590000B60201A10BD0830704713460A46D0E9E8
:10B5A0000001FFF725BEF0B5002704464FF0004527
:10B5B00085B000F1080680F85C7008236A462946C9
:10B5C0003046FFF715FE831C21D1B5F1004F4FF037
:10B5D00000070FD10823294630460DEB0302CDE9C1
:10B5E0000277E4F7AFFD002802DB3846C4E91557BF
:10B5F00005B0F0BDA36D3046CDE902370823616D7B
:10B600000DEB0302E4F79EFD00EAE070F0E700288E
:10B61000EEDB0099B9420ED194F85C20C5F34303E8
:10B62000934217D8009B01982F466565A3650028B3
:10B63000DED00546C1E73046FFF7D6FD0028D7DB50
:10B6400008236A46294630460097E4F77BFD002828
:10B65000E2DACDE784F85C30E4E77FB500F1080575
:10B66000044628460E46FFF7BFFD002818DB284693
:10B6700006F18041FFF7B8FD002811DB46F0010616
:10B6800008236A4631462846FFF7B2FD002807DB4B
:10B69000009939B931462846FFF7A6FD002818DA87
:10B6A00004B070BD082328460DEB0302FFF7A0FD90
:10B6B0000028F5DB019B0BB9029AA26503930823CE
:10B6C000284600990DEB0302E4F73CFD0028E1DA7F
:10B6D000E6E70199C1B1082328460DEB0302FFF705
:10B6E00087FD0028DCDB009B284602930823019994
:10B6F0000DEB0302E4F726FD0028D1DB039B0BB919
:10B70000009BA3650020CBE7009B6365FAE72DE96A
:10B71000F0410D4607464A2194B0284605F023F92A
:10B7200001462846E3F712F8002620F0404424F0B2
:10B730001F0407F1080897F85C30B34201DA0024CF
:10B7400017E066F344044923404601AA44F000414F
:10B75000FFF74EFD031E01DC0136ECE700225033FB
:10B760006B44284601A903F84C2CE1F78FFD002813
:10B77000F2D1204614B0BDE8F08110B5044661B1A5
:10B78000FFF7C5FF58B140F0004101F1804104F1DD
:10B790000800BDE81040FFF738BD6FF0150010BD80
:10B7A000F8B5044616461D46B1B1AAB1FFF7AFFF82
:10B7B000A0B140F0004000F1804708342B463246EB
:10B7C00039462046FFF714FDA84207D139462046E6
:10B7D000BDE8F840FFF719BD6FF01500F8BD30B5B2
:10B7E0000446D0F83401A8B1431E0020984201DD80
:10B7F00000200FE0C21802EBD272521004EBC20517
:10B800002D8C8D4201D2501CF0E704D804EBC20409
:10B8100004F11C0030BD531EE8E7FFF791BD002383
:10B8200010B50446C0F83431D4F8500110B9C4F84A
:10B83000580110BDD4F8542103689042C4F8503127
:10B8400008BFC4F8543103F019FCEDE7034610B506
:10B85000D3E8EF0F00EA0102C3E8E42F002CF7D190
:10B8600010BD70B504460D46FFF7D9FF6FF001011A
:10B8700004F59C70FFF7EAFFD4F85C319B682BB1AC
:10B88000294662682068BDE87040184770BD10B551
:10B890000446FFF7C4FF6FF0010104F59C70FFF749
:10B8A000D5FFD4F85C315B6823B1D4E90001BDE871
:10B8B0001040184710BD37B54FF4205300240546FB
:10B8C000016868468DF80040ADF8023000F01CFABF
:10B8D00018B92868083803B030BD42F6010329685A
:10B8E00001A88DF80440ADF8063000F00DFA0028EC
:10B8F000EFD02046EFE737B542F6030300240546B4
:10B90000016801A88DF80440ADF8063000F0FCF99C
:10B9100018B92868083803B030BD2046FBE7006836
:10B9200070471C307047F7B500F11C030C46B9B9DD
:10B930001C46002642F60307D0F8343100EBC30062
:10B9400000F11C050834A5420CD9216801A88DF826
:10B950000460ADF8067000F0D7F90028F2D102E0DB
:10B960009942E6D20024204603B0F0BD034600F120
:10B970001C0259B91146D3F8342101F1080003EB38
:10B98000C2031C33984228BF002070479142F2D274
:10B990000020704713B5FFF7E9FF044618B90024EB
:10B9A000204602B010BD00238DF8043042F6030398
:10B9B000016801A8ADF8063000F0A6F90028EFD123
:10B9C000EDE770B5054616460C4621462846FFF7BA
:10B9D000E1FF044628B13046216800F095F90028BF
:10B9E000F3D1204670BD38B500F59C7504466FF064
:10B9F00002012846FFF72AFF83070DD504F5B27030
:10BA0000F8F7ACF92046FFF70AFF6FF0010128466E
:10BA1000FFF71CFF002038BD6FF07700FBE710B583
:10BA2000044623780846052B06D8032B0ED8023B84
:10BA3000012B06D9012010BD063B012BFAD80222AA
:10BA400000E000222146E6F7E1F9F3E70122F9E7F9
:10BA5000EBF768B8104630B492688389A0F12404EB
:10BA6000D4E8EFCF2CF0040CC4E8E5CF002DF7D1DB
:10BA700044691CB1A44630BC2838604730BC7047CC
:10BA800010B50C461146A4F110001A4679B921816F
:10BA9000A4F10C03D3E8EF1F21F00201C3E8E21F79
:10BAA000002AF7D1236B03B19847002010BDA36A89
:10BAB00013B1BDE8104018470120F7E7024630B542
:10BAC00098B191B10430D0E8EF3F43F00104C0E8F1
:10BAD000E54F002DF7D113F0010009D10B689363F6
:10BAE0004B68D3638B68136430BD6FF01500FBE7C0
:10BAF0006FF07700F8E704F004BF04F0DCBE014605
:10BB00000068E6F785BD08B5E6F7DEFDBDE808404C
:10BB1000E7F7B8B90A460121FFF712BC002101205E
:10BB2000E6F776BD836E83F30B8870476FF0850070
:10BB3000704761B662B680F31188BFF36F8F7047AC
:10BB400072B6002383F31188BFF36F8FBFF34F8F5B
:10BB500030BF62B6BFF36F8F704772B6002383F3B6
:10BB60001188BFF36F8FBFF34F8F20BF80F3118811
:10BB7000BFF36F8F62B6704740E800F313F4803F65
:10BB8000D8B208BF6FF01500704730B50C684B682D
:10BB900085B00A894D890094013B24F01F04234499
:10BBA00002F01F0242EA451223F01F0369468DF896
:10BBB00008200393E7F718FA05B030BD08B5D1E9BE
:10BBC00004319847002008BD08B5E7F7ADFC002018
:10BBD00008BD7047416A8968E7F72ABD92B2816063
:10BBE0000160C2808280704703680B6043684B60CD
:10BBF00083688B60704738B50D4614461146E7F7E9
:10BC0000EBFF22462946BDE8384004F054BE10B58B
:10BC10000C460121E7F7E0FF047010BD10B50C469B
:10BC20000221E7F7D9FF0470240A447010BD10B553
:10BC30000C460121E7F7F0FF047010BD10B5036852
:10BC400001211C78E8F708F8204610BD10B50368FC
:10BC500002211C88E8F700F8204610BD7FB5064693
:10BC600014460A888B78ADF8002000210D220DF1D2
:10BC700003008DF8023004F044FE6A4669463046FF
:10BC800002F084FE28B9BDF800209DF80230228021
:10BC9000A37004B070BD13B50C4601AA0331FFF7C1
:10BCA000DDFF48B90322204601A904F039FEB0FAAD
:10BCB00080F0400902B010BD0020FBE770B50D46D2
:10BCC00000210446FFF755FC0D2818D1237B302BAB
:10BCD00013D1002305F8063B04F10C062A46204642
:10BCE000012302210234FEF728FEB44205F1FF359C
:10BCF000F4D1002070BD0123ECE7312BFBD06FF0B5
:10BD00001500F7E70020704710B50C46017822783F
:10BD100088B08A420ED06946E8F7ACFA204604A9FA
:10BD2000E8F7A8FA102268460DEB020104F0F8FDCE
:10BD300008B010BD012A06D0022A07D072B9408887
:10BD40006388C01AF4E740686368FAE71022611C50
:10BD5000013008B0BDE8104004F0E2BD6FF01500FE
:10BD6000E6E7042A0AD0102A0DD0022A4FF0000379
:10BD700015D103700B8843800120704701230370A5
:10BD80000B684360F8E7022300F8013B01F1100360
:10BD900051F8042B994240F8042BF9D1ECE71846EE
:10BDA0007047012310B50621044600F8013BF4F763
:10BDB00045FF18B9A37963F03F03A37110BD70B5B7
:10BDC00004460D46E1F774FA112817D10223E25C0C
:10BDD0003A2A13D10333112BF9D1053504F1120698
:10BDE00001232A4602212046FEF7A7FD30B1033485
:10BDF000B44205F1FF35F3D1002070BD6FF015009E
:10BE0000FBE70B6803608B8883808B7983710378F1
:10BE100023F00203037070470078C0F340007047BE
:10BE200038B50446807AE7F7C1FB6169054649B138
:10BE3000637ADB0704D4436A20461B689B689847F3
:10BE40000023636121462846BDE8384002F0B5BFB3
:10BE5000438A23B9C068B0FA80F0400970470020D7
:10BE60007047D0F8A03083B15A7CD1070DD5D206E7
:10BE70000DD51B7C102B0CBF042303234372807A47
:10BE800098428CBF0020012070470223F6E703236D
:10BE9000F4E70F2806D80D280BD8052814BF022078
:10BEA00003207047132804D01A2814BF0220012051
:10BEB00070470120704770470B6803608B88838050
:10BEC0008B7983717047FFF73BBA034610B5D3E80F
:10BED000EF0F40EA0102C3E8E42F002CF7D110BDB8
:10BEE000FFF737BA0023E4F70BBED0E8EF3F0B4073
:10BEF000C0E8E23F002AF8D170477047C0F307233B
:10BF0000537000231070000ED070C1F30720090E8B
:10BF10009370137150719371D171704738B50446A5
:10BF20000D46E8F71FFD5F3005D129462046BDE8E4
:10BF30003840E8F7C9BC38BD0020704710B502880A
:10BF400043889A4218D8052A16D9B3F5486F13D8F2
:10BF50008488B4F5FA7F0FD2C18840F67640A1F10B
:10BF60000A0292B2824207D804FB0333B3EB810F7B
:10BF700034BF0120002010BD0020FCE700207047E6
:10BF800008B5F2F799FB18B1408A003818BF0120B4
:10BF900008BDE9F715BB70B506460D464FF0FF30FA
:10BFA0004FF0FF31E8F7E8FF044668B103210C3099
:10BFB000E7F712FE068085702146BDE8704000223A
:10BFC00040F20640E9F714BA6FF0680070BDC3682C
:10BFD000187808B1E9F75ABB1846E9F7E9BB38B554
:10BFE0004FF0FF3105464FF0FF30E8F7C5FF04463C
:10BFF00068B102210C30E7F7EFFD2B882146038062
:10C000000022BDE8384042F21600E9F7F1B96FF0BE
:10C01000680038BDF8B507460E464FF0FF304FF0C8
:10C02000FF311546E8F7A8FF044678B106210C3029
:10C03000E7F7D2FD3B884680038085802146BDE836
:10C04000F840002242F22200E9F7D2B96FF068000E
:10C05000F8BD2DE9F047814688464FF0FF304FF09C
:10C06000FF3117461E469DF820A0E8F785FF0546DC
:10C07000A0B107210C30E7F7AFFDB9F8003080F828
:10C0800002800380C7700671A0F805A02946BDE8AC
:10C09000F047002242F23200E9F7AAB96FF06800D7
:10C0A000BDE8F08770B506460D464FF0FF304FF003
:10C0B000FF31E8F761FF044618B9BDE87040E8F7C2
:10C0C000F9BB03210C30E7F787FD06808570214618
:10C0D000BDE8704042F22100E9F738B9072208B5FF
:10C0E00004F01EFCB0FA80F0400908BDFFF728B943
:10C0F0000B6803608B8883808B7983717047D0E8ED
:10C10000AF0F7047F8B50F46144638BB4FF0FF30FD
:10C110004FF0FF31E8F730FF054610B327210C3010
:10C12000E7F75AFD224606463946FFF7E1FFC31DF1
:10C1300004F1100152F8040B8A4243F8040BF9D1C0
:10C140001022002106F1170004F0DBFB2946BDE8B0
:10C15000F840002242F22700E9F74AB96FF01500D3
:10C16000F8BD6FF06800FBE7037A02465B0705D570
:10C1700001462E3211F8010BFFF7C4BF704738B5E6
:10C180004FF0FF3105464FF0FF30E8F7F5FE04466B
:10C1900058B129460C30FFF73AFD2146BDE838403A
:10C1A000002242F22D00E9F723B96FF0680038BD94
:10C1B00070B5044686B00E4601300131FFF78EFFA0
:10C1C0002E34162200210546684604F09AFB102200
:10C1D0006946204604F0A4FB40B11022204606F137
:10C1E0002E0104F09DFBB0FA80F04009284300F0D6
:10C1F000010006B070BD10B50C4630B919B1F2F7A8
:10C200000BFA00B1441C204610BD0024FBE707B523
:10C2100080B906216846F4F711FD40B99DF8053054
:10C22000684603F03F038DF80530E9F735FE03B0AB
:10C230005DF804FB6FF01500F9E701207047037A01
:10C24000D90704D523F001030372E9F793BF9907D7
:10C2500004D523F002030372E9F7A6BF704710B5B7
:10C260000C4631B10020FFF7D2FF08B9012323703B
:10C2700010BD6FF01500FBE700207047D0E8AF0F4E
:10C280007047032808B501D0EAF7A4F9BDE80840D3
:10C29000EAF7B4B900230B60436813B9C0E9001191
:10C2A0007047196041607047D0F8B000003818BF7F
:10C2B00001207047D0E8AF0F7047FFF74AB8243825
:10C2C000EAF756BF002203680BB9184670478B4245
:10C2D00010D10B6842B942680360914200D14360BB
:10C2E000002301200B60704713604368994208BF28
:10C2F0004260F5E71A461B68E6E7437B072B01D14E
:10C30000EAF77CBF704710B50446006918B1E7F73B
:10C3100031FB0023236110BD10B50446D0F8A00006
:10C3200028B9207A04F17001F2F7C6F938B1E27841
:10C33000438A2AB903F02100003818BF012010BD3C
:10C3400003F02400F8E72DE9F843089E8146102EFB
:10C350000C4690461F462FD84FF0FF304FF0FF316C
:10C36000E8F70AFE054658B31C210C30E7F734FC09
:10C370000346B9F80020394623F8022B2268C0F89A
:10C380000220626800F10C045A60B8F800303246AE
:10C390004381204604F08FFA102E05D00021C6F10B
:10C3A0001002A01904F0ADFA2946BDE8F8430022B6
:10C3B00042F21900E9F71CB86FF01500BDE8F883E8
:10C3C0006FF06800FAE710B583780446012B27D197
:10C3D000437B072B27D10A0601F07F0310D5021DEE
:10C3E000D2E8EF0F40F40040C2E8E10F0029F7D196
:10C3F0002046A37201F052FD08B1637AA37210BD0A
:10C40000427A9A4212D2827A9A420FD2021DD2E81E
:10C41000EF0F20F40040C2E8E10F0029E8D0F6E772
:10C420006FF01500EBE76FF07F00E8E70020E6E72C
:10C430008378012B0CBF407A0020704773B5064605
:10C440000C46FFF7E9FC6D463146A8B16846FFF798
:10C45000D8FC29460020EBF745FE58B12388A0F808
:10C460008C306388A0F88E30A388A0F89030E388E1
:10C47000A0F8923002B070BDFFF7BDFE0346006821
:10C4800000909A889B79ADF804208DF80630E0E79B
:10C4900038B5037A04468B42154615D100F1700178
:10C4A0000722284604F03CFA80B1E378072243B91A
:10C4B00004F17E01284604F033FAB0FA80F0400916
:10C4C00038BD04F17701F5E70020F9E70120F7E72F
:10C4D0008378012B0CBF703000207047F8B50746F9
:10C4E0000D464FF0FF304FF0FF31E8F745FD0646AF
:10C4F000D0B10E210C30E7F76FFB04460E2200216D
:10C5000004F0FFF93B88314623802B8800226380AA
:10C510006B8842F21300A380AB88E380EB88238111
:10C52000BDE8F840E8F764BF6FF06800F8BD7047F9
:10C5300010B50446F8F71EFD234653F8442BD2F8F5
:10C54000B01061B96164D2F8B41061B9C2E92C339A
:10C55000F8F782FD2068BDE81040EBF745B88B4244
:10C56000F6D00968EDE70B60C2F8B430F0E7704729
:10C570002DE9F843446B2CB154F8085905B1083D36
:10C5800000270CB9BDE8F883D4E900682EB3F8F7AA
:10C59000F1FC0022D6F8B03004F1440163B19942B5
:10C5A00033D1636C4ABBD6F8B420C6F8B0309142A0
:10C5B00001D1C6F8B4306764F8F74EFD04F13009D4
:10C5C000002200234846F6F707FE064600BBD8F8CF
:10C5D00004300BB1204698472760E3680BB1204632
:10C5E0009847D8F820300BB120469847DDB1AB68AA
:10C5F00003B1083B2C461D46C3E71360D6F8B430A0
:10C60000994208BFC6F8B420D5E71A461B68C5E7AB
:10C61000B36923B16FF06D02F16920689847304625
:10C62000E7F7A8F9CCE72B46E4E738B5406B0D46B1
:10C6300020B150F8084904B1083C00B938BD43683E
:10C640009B680BB1294698472CB1A36803B1083BFE
:10C6500020461C46F1E72346FAE7F8B50F460021CD
:10C660000546164600234FF224420846ECF77CF8B4
:10C67000044620B92846ECF743F82046F8BD0421CB
:10C680000C30E7F7A9FA057047704680F5E7406B74
:10C6900028B1838B08388B4201D08068F8E7704757
:10C6A00010B54AB989B2FFF7F2FF28B143689B6918
:10C6B00013B1BDE81040184710BD38B50D4605212F
:10C6C000FFF7E5FF002329461A46ECF785F80446F4
:10C6D00010B12846E7F74EF9204638BD406B28B127
:10C6E000838908388B4201D08068F8E7704770472B
:10C6F0000346006828B15968026888421A6008BF7A
:10C700005A6070470346002003B970471A8A5B6875
:10C710001044F9E710B5D4680231237813B92170B9
:10C72000012010BD8B42FBD0038A023B0382002014
:10C730001061F6E7FEF704BE08B503680A8A1868B8
:10C74000C968F0F7D1F9002008BD38B5054601F1F8
:10C750000C000C46FFF77AFA2D680146238A2868F8
:10C76000E26801F0C5F9002038BD70B40668326A8D
:10C770005AB3144654F8A03903B1A03B0022114625
:10C780007CB9438D408B8B4201D890421FD98242A5
:10C7900038BF02469942306838BF194670BCF0F77E
:10C7A0001FBA844207D0658D648BA94238BF2946E1
:10C7B000A24238BF224633B1D3F8A05005B1A03D04
:10C7C0001C462B46DCE71D46FAE71146D9E770BC4C
:10C7D000704773B51446014605464FF495722068BC
:10C7E00001F039F8207530B92946206801F0CCF9FC
:10C7F00020B908232375002002B070BD237AB3B19D
:10C80000A3F11802534253419B000193638A2946C6
:10C810000093AE68238AE2682068B047002808DBEE
:10C82000238A98420CD1002301202375E4E70223D8
:10C83000EBE710F1FF0F03D34042C0B22075DAE7F7
:10C840000E20FBE7F8B5936805460F4614461668B8
:10C8500063B9506801210C30E7F7BEF9A0602B687E
:10C860001B78002B14BF022301230370A3681B78DD
:10C87000012B03D0022B1FD000201CE02B681B785B
:10C88000002BF9D1606804210C30E7F7A5F9E060CE
:10C8900007802A68E36852885A806168728D738BBA
:10C8A000088A9A4294BFC0EB0200C0EB0300042840
:10C8B00094BF00200120F8BD2B681B78022BDBD130
:10C8C000606812210C30E7F787F9E06007802B6879
:10C8D000E268591C0232113351F8040B994242F8B4
:10C8E000040BF9D16168728D738B088A9A4294BFE8
:10C8F000C0EB0200C0EB03001228D9E7D068043176
:10C90000037813B90170012070478B42FBD00020DF
:10C9100091680B8A043B0B82106170472DE9F0414E
:10C9200004468868FFF7EEFE638D628B0D469342E6
:10C9300028BF134683421DD300276165D1F80880C4
:10C940008F60F8F717FB41462046ECF7A9FA064638
:10C9500038B1C5F808806765F8F77EFB3046BDE85A
:10C96000F081618D638B2846994228BF1946F0F704
:10C9700031FAF1E76FF07906F0E738B504460D4675
:10C98000ECF78EFA30B1294604F15800BDE8384082
:10C9900002F008BA38BD1FB5CDE9012300231A46BD
:10C9A0000093EEF74FFB05B05DF804FB002203682F
:10C9B00003B970478B420FD10B683AB942680360E4
:10C9C000914200D1436000230B60704713604368BD
:10C9D000994208BF4260F6E71A461B68E8E7D0E8CC
:10C9E000EF3F43F00802C0E8E12F0029F7D1C3F37D
:10C9F000C00070472DE9F041064690461F460D469F
:10CA0000B9B104220121ECF7E5FA044618B9BDE8F2
:10CA1000F041ECF7B9BA04210C30E7F7DDF8057006
:10CA2000A0F80180C77021463046BDE8F041FFF70D
:10CA3000A4BFBDE8F08137B50C46054601F10C00F6
:10CA4000FFF704F9228A03460192E268122100925C
:10CA500028461322ECF730FB03B030BD37B50C4647
:10CA6000054601F10C00FFF7F1F8228A0346019216
:10CA7000E2682846009200221146ECF71DFB03B045
:10CA800030BD70B504460E46002200230846F6F776
:10CA9000A3FB054658B101462046ECF701FA0446CF
:10CAA00018B12946304602F088F9204670BD6FF073
:10CAB0000104FAE707B5CA680C211388528800926E
:10CAC0000D22ECF7F9FC03B05DF804FB07B500227A
:10CAD000CB680A211B8800920B22ECF7EDFC03B017
:10CAE0005DF804FB2DE9F041CB6804461F88BBB21A
:10CAF000162B26D90321ECF7A9FB064618B3022111
:10CB00000C30E7F769F84FF04108002580F8008005
:10CB1000457031462046FFF730FF2368A4F81A809D
:10CB200067851B680433D3E8EF1F41F48031C3E805
:10CB3000E21F002AF7D12046FFF717FE2846BDE87E
:10CB4000F0810420FBE70E20F9E72DE9F04F0646BF
:10CB500085B0104690469946FFF7D4FD738B728DD1
:10CB60008B46934228BF1346834275D9736840466B
:10CB70000393E6F759FF4FF0000A04464046FFF7DB
:10CB8000C1FDE168228A658A6369AD1ACB1AED1A84
:10CB9000778B738D9F4294BFC0EB0700C0EB0300FF
:10CBA000854228BF054625BB98F80A00E6F7FEFC3B
:10CBB00000220023FFF70EF8044608B9574627E085
:10CBC00001464046E6F776FF4046FFF79BFDE168E9
:10CBD000228A658A6369AD1ACB1AED1A778D738B39
:10CBE0009F4294BFC0EB0700C0EB0300854228BF03
:10CBF0000546CDF80090DBF804700A4403985946C6
:10CC0000ABB2B847071E07DABAF1000F18BF574694
:10CC1000384605B0BDE8F08F0E9BABB9394604F13C
:10CC20000C00E6F7D9FF4046FFF76CFD738D728B61
:10CC3000B944934228BF13468342BA441FFA89F984
:10CC4000BCD9AF429AD0B9E7394620460F9A0E9B1D
:10CC500098470028E2D1B1E70027D9E700232DE962
:10CC6000F34117681446D7F804800146137306464B
:10CC70009522404600F0EFFD0546207330B931465D
:10CC8000404600F07FFF28B908232373002002B03C
:10CC9000BDE8F081A068798D7A8B038A914294BFB8
:10CCA000C3EB0103C3EB0203012BEFDD02210C30C8
:10CCB000E6F792FFCDE900558046A3883146384615
:10CCC000A268FFF742FF031E06DA13F1FF0F2ABF27
:10CCD0005B420E23DBB2D8E70120A8F80030D6E78C
:10CCE00000232DE9F34117681446D7F80480014664
:10CCF000137306469522404600F0ADFD05462073AD
:10CD000030B93146404600F03DFF28B9082323736F
:10CD1000002002B0BDE8F081CDE90055314638462B
:10CD2000A388A268FFF711FF002807DA10F1FF0FB0
:10CD300032BF0E204042C0B22073E9E70120E8E78D
:10CD4000F8B5054650F8044C071F00F14C03D3E832
:10CD5000EF1F21F00401C3E8E21F002AF7D1FCB164
:10CD60002B6D83B9636873B1201DFFF7C1FC0646C4
:10CD700001463846FFF7D2FD90B163683360A3687F
:10CD8000666003B9A660384605F15401FFF779FEE5
:10CD900030B1384604F10C01BDE8F840FFF771BE30
:10CDA000F8BD2DE9F041046A074644B154F8A06982
:10CDB00006B1A03E0022154607F104080CB9BDE8F3
:10CDC000F081636D9BB905B98AB94046FFF790FCC5
:10CDD000054658B101462046FFF7A0FD0028EED0D9
:10CDE0007B682B60BB687D6003B9BD60224636B1AD
:10CDF000D6F8A03003B1A03B34461E46DEE73346EA
:10CE0000FAE738B50546D1E8AF3FDB0716D550F84D
:10CE1000040C98B12B6D8BB90430FFF769FC044604
:10CE200060B10146281FFFF779FD38B155F8043C81
:10CE30005A6822609A685C6002B99C6038BDEEF75F
:10CE40004FB808B5ECF796FE40B1006A30B1024623
:10CE500052F8A03903B1A03B002002B908BD518BA4
:10CE6000528D8A4228BF0A46904238BF104633B1DD
:10CE7000D3F8A01001B1A0391A460B46EDE71946C8
:10CE8000FAE770B5CE68044633880D469AB2162A82
:10CE900006D8002204231146EDF70AF8002070BDE1
:10CEA000412243854283FFF760FC00233146204640
:10CEB0002A8AF1E708B500230A8AC968ECF7F8FF67
:10CEC000002008BDFFF7F6BFFFF7F4BFFFF7F2BF82
:10CED000FFF7F0BFFFF7EEBFFFF7ECBFFFF7EABFCA
:10CEE000FFF7E8BFFFF7E6BFFFF7E4BFFFF7E2BFDA
:10CEF00010B50C46ECF73EFE90B1036A43B153F80F
:10CF00004C2CA03B9169A14209D0D3F8A030F5E7A1
:10CF1000406828B18369A34202D00068F9E710464F
:10CF200010BD0120704708B5ECF724FE78B1036A04
:10CF30006BB1A03B03F15002D2E8EF0F20F00800E4
:10CF4000C2E8E10F0029F7D1D3F8A030F0E708BD1F
:10CF500008B50421FFF7C2FB20B14C30D0E8AF0F79
:10CF6000C0F3C00008BD70B51C460E461546EBF771
:10CF700071FF0123C0E90365C380047570BD1060B3
:10CF80000020704710B5029CA36833B1B1F5807FD3
:10CF900028BF0E21CAB221469847A37DE268013B13
:10CFA000DBB2A37522B11BB92046BDE81040104783
:10CFB00010BD1060918000207047B1F5807F28BFC0
:10CFC0000E21009AC9B213681847B1F5807F28BFB7
:10CFD0000E21009AC9B21368184700207047FEF767
:10CFE000B8B9F0B5076806463D78144689B0E5B98A
:10CFF0007B88B3F5245F04D011D8A3F52053032B0D
:10D0000013D8ADF80A10022220460DF10A01EDF7FF
:10D0100061F970B16FF01503C4F8883206E003F5CA
:10D020005643FF339BB2042B20D90125284609B073
:10D03000F0BD7B88022220460DF10A01ADF80A30CE
:10D04000EDF748F90028E5D1009003AA13233146F3
:10D050007768B847021E02DAC4F88822E6E703A917
:10D060002046EDF737F90028DFD0D3E7ADF80A10F6
:10D07000022220460DF10A01EDF72CF90028C9D152
:10D080007B880222ADF80A300DF10A01E8E7072299
:10D0900008B503F045FCB0FA80F0400908BD10B5B2
:10D0A00003780446934207D10130FFF7F0FF0028D0
:10D0B00014BF2046002010BD0020FCE7034610B539
:10D0C000D3E8EF0F40EA0102C3E8E42F002CF7D1C8
:10D0D00010BD034610B5D3E8EF0F00EA0102C3E824
:10D0E000E42F002CF7D110BD0B6803608B88838080
:10D0F0008B7983717047D0E8AF0F7047FEF720B986
:10D1000070B50D46064611F8010BEBF717F804460B
:10D1100010B12C89EAF7FEF96B89A34207D0EB68BE
:10D120006C8123B121463046BDE87040184770BD80
:10D1300008B502210C30E6F74FFD412203460020DE
:10D140001A70587008BD10B5144602210C30E6F76D
:10D1500043FD63890380002010BD10B514460421EF
:10D160000C30E6F739FD23890380E38943800020F2
:10D1700010BD10B5144602210C30E6F72DFD2389B1
:10D180000380002010BD10B5144604210C30E6F7D2
:10D1900023FD2389038063894380002010BD08B5E7
:10D1A00001210C30E6F718FD03460020187008BD79
:10D1B00008B501210C30E6F70FFD012303700020B4
:10D1C00008BD38B5154600F10C0404212046E6F7E9
:10D1D00003FD2B890380EB8943802B7C33B94FF40B
:10D1E00020512046FEF71AFD002038BD42F601010D
:10D1F000F7E738B5154600F10C0404212046E6F7A0
:10D20000EBFC2B890380EB8943802B7C022B04D021
:10D21000032B09D02B68598801E042F60201204611
:10D22000FEF7FCFC002038BD42F60301F7E770B5BD
:10D230001446002500F10C066268EBB29A4205F133
:10D24000010501D8002070BDA268304632F81310E5
:10D25000FEF7E4FCF0E7FFF7EABF30B5144685B00F
:10D26000054602210C30E6F7B7FCA38800220380B4
:10D270000023CDE902330023CDE900232846A2682C
:10D28000A189E6F73BFCA389834214BF6FF00B0032
:10D29000002005B030BD7FB5154606460C460C3063
:10D2A0000421E6F799FCAB8800220380EB88043C5C
:10D2B00043800023CDE902330023CDE9002321463A
:10D2C0003046AA68E6F71AFC844214BF6FF00B00E0
:10D2D000002004B070BDF7B5089D06460C462F68C7
:10D2E00051B973B900232A460893E1B23046BC46CF
:10D2F00003B0BDE8F0406047B1F5807F28BF0E2441
:10D30000F0E7009313462A46B847089423462A4676
:10D3100021462F68EAE738B50C4619466BB103F190
:10D3200014055B6982B9E268A360954200D1E360AD
:10D3300000230D681A464B61A847A36853B92046DD
:10D34000BDE83840EDF7D8B91360E3689D4208BFE7
:10D35000E260EDE738BD2DE9F0410C46069D06463A
:10D360006FF0040105F11000FFF7B3FEF4B1304691
:10D37000EDF7E0F8014648B3836853B1002218681E
:10D3800005F1140C2BB1634508D12B463046FFF74D
:10D39000C2FFB4F5807F28BF0E240FE020B10768DC
:10D3A0001A4603463846EDE70746F9E7AB892BB93D
:10D3B00023462246294630462F68B8476B682BB172
:10D3C0002A463046E1B2BDE8F0411847BDE8F08199
:10D3D00011F1680F01D0FFF7BEBF7047F0B50D46E1
:10D3E00087B0114606461A460C9C5DB983B927687A
:10D3F000002322463046BC46E9B20C9307B0BDE894
:10D40000F0406047B5F5807F28BF0E252768EFE71D
:10D4100003A8FEF7E3FBBDF81030012B08D800236A
:10D4200000932246194630462568A84707B0F0BD4C
:10D43000022103A8E6F72EFC0346BDF8102033F8BE
:10D44000027B0021974228BF1746009722463046AC
:10D450002568A847394603A8E6F71CFCDBE738B582
:10D46000BDF810401546A2420CD84CB16BB1A41ABD
:10D470008C42A8BF0C46A4B22246591903F01BFAED
:10D48000204638BD6FF00604FAE76FF00D04F7E7A9
:10D4900030B585B0C96814461D46EDF737F800B1C0
:10D4A00000890223ADF80E00009329462046BDF8FE
:10D4B00020200DF10E03FFF7D2FF05B030BD1FB5E0
:10D4C0000C461946E36810461C78BDF818203CB19C
:10D4D00010240133069404B0BDE81040FFF7BFBF2D
:10D4E0005B88ADF80E30022300930DF10E03FFF7B9
:10D4F000B6FF04B010BD30B51D46002385B01446FC
:10D500008DF80C30ECF7D0FF10B1037A8DF80C30A9
:10D510000123294600932046BDF8202003ABFFF7E6
:10D520009EFF05B030BD38B5144600F10C0506214C
:10D530002846E6F751FB23890380E3894380237C57
:10D54000002B42F6010308BF4FF42053838021686B
:10D550000B781BB1022B06D0002038BD2846498825
:10D56000FEF75CFBF8E7102228460131FEF743FB8B
:10D57000F2E738B5154600F10C0404212046E6F721
:10D580002BFB2B8903806B894380E9680B782BB9CF
:10D5900020464988FEF742FB002038BD1022204675
:10D5A0000131FEF728FBF7E7002203680BB91846A4
:10D5B00070478B4210D10B6842B9426803609142B8
:10D5C00000D14360002301200B6070471360436863
:10D5D000994208BF4260F5E71A461B68E6E770B556
:10D5E00000F1700605463146007AFEF7C9FC044694
:10D5F0003146287A1CB1BDE87040EDF733B9ECF73D
:10D60000D5FE10B104604460846070BD022A10B57C
:10D6100008D1002300F170011A46007AEDF72CF8CA
:10D62000022010BDFFF7DBFFFAE738B5144600F122
:10D630000C0502212846E6F7CFFA63890380A18909
:10D640002846FEF7EBFA042104F11000FFF736FD3F
:10D65000002038BD08B50C3029B10121FFF72EFD9F
:10D66000C043084008BD6FF00101FFF732FD00F034
:10D670000100F7E710B50446FFF7ECFF38B121468B
:10D68000BDE81040012211F8010BECF785BF10BD79
:10D6900038B504461546FFF744FC48B12046ECF780
:10D6A00003FF28B1037ADB0702D50121FFF7E2FF70
:10D6B00055B9207A04F17001ECF778FE20B185604D
:10D6C000BDE83840ECF7C0BF38BD38B5BDF8101024
:10D6D000BDF818401046A142059D0CD84CB16DB163
:10D6E000641A9C42A8BF1C46A4B22246294403F0F7
:10D6F000E2F8204638BD6FF00604FAE76FF00D043B
:10D70000F7E713B5044610B9002002B010BD00239E
:10D710008DF8043042F60303006801A9ADF8063025
:10D72000FEF7F2FA0028EFD1E36898880028ECD1E0
:10D730002046EDF73FFC013080B2E6E770B5CC68DB
:10D740001E46A37988B008468DF80C301546FFF7C1
:10D75000D8FFADF80D00246823786BB96388ADF865
:10D760000F300523009331462846BDF8302003AB27
:10D77000FFF775FE08B070BD631C0DF10F02113488
:10D7800053F8041BA34242F8041BF9D11323E9E721
:10D790001FB5CDE9012300231A460093EDF752FC93
:10D7A00005B05DF804FBEDF769BD38B5044659B125
:10D7B00000F170052946007AEDF730FE2946207AFF
:10D7C000BDE83840EDF738BB38BDF8B506460F4622
:10D7D000ECF7CAFD394604463046FEF7D1FB48B3A4
:10D7E00044B304F108056FF001012846FFF771FC0E
:10D7F000C20703D539463046EDF710FE6FF002013F
:10D800002846FFF766FC830703D539463046EDF717
:10D8100013FB2846FFF76FFC60B9234603F8010BA2
:10D82000C4F80100C3F80300D5E8EF3FC5E8E20FF4
:10D83000002AF9D1F8BD10B50446A0F1170110F87F
:10D84000180CFFF7C2FF14F80C0CA4F10B01BDE893
:10D850001040FFF7BABF38B54C8AD3070546C4F36A
:10D860000E0404D514F0950F2AD04B6843B39007EB
:10D8700004D514F4957F25D08B681BB3144014F4A1
:10D88000DE7F0DD0EB7A2BB92846FEF745FDD8B9DF
:10D89000052038BD14F0300F04D114F4C07F07D137
:10D8A0000020F6E72846FEF7C3FD0228F5D8EFE78B
:10D8B000D5F8A030002BEBD05B7CDB06E8D5EFE79A
:10D8C0000220E6E70320E4E70F20E2E7F8B514467C
:10D8D0000F46942261680646FFF7BDFF20BB012278
:10D8E00030466168EDF704FE08B3A2891B2130467B
:10D8F0000232ECF771FA0546E0B1A1890C30023131
:10D90000E6F76AF920F8027BA289A16802F0D3FF4A
:10D91000D4E9041228460123FFF725FB29463046A7
:10D92000BDE8F840ECF720BC4FF0FF30F8BD6FF0D9
:10D930001500FBE76FF00B00F8E770B50B460546E6
:10D94000144629B921462846EEF786F928B970BD54
:10D950004FF6FF72914207D1218122462846636823
:10D960000021BDE870401847E28901339BB29A421A
:10D970002381E7D2F1E72DE9F04F89B0064614463E
:10D98000129F11B913F0030807D03A460021304620
:10D990007B6809B0BDE8F04F1847C14642F6010A5E
:10D9A00003F47F73D518AC4207D13A46414630465E
:10D9B00009B0BDE8F04FFFF7C0BF3A7C6388002A8A
:10D9C00014BF52464FF42052ADF802201022ADF899
:10D9D00008301FFA83F83B68B4F800B000210DEB63
:10D9E000020001938DF8009002F08BFF01AB0693CB
:10D9F0003A4630467B68CDF80CD0ADF81CB003A990
:10DA0000984704340028CED109B0BDE8F08FF0B5B6
:10DA100053898FB0ADF80C3093890546ADF80E30C0
:10DA2000022304A8144616898DF8103002900DF1D7
:10DA3000110301F1100251F8047B914243F8047B79
:10DA4000F9D12168C1B9002142F6020310220AA8C7
:10DA50008DF80410ADF8063002F053FF01AB0993C6
:10DA600002AB0C93224628466368ADF8346009A9DE
:10DA7000984728B90FB0F0BDFEF746F90028E2D06C
:10DA8000224628462189FFF758FFF3E730B40C46B9
:10DA900011461A46029B4CB1B4F5807F28BF0E2474
:10DAA0001D681A46E1B22B4630BC184730BCEEF771
:10DAB00073BE73B504460D46F7F75CFA2946204657
:10DAC000FFF716FA014620B902B0BDE87040F7F73B
:10DAD000C3BA46682046ECF7D5FBF7F7BDFA2EB17E
:10DAE00000230E211A4620460095B04702B070BDB3
:10DAF000F7B50D46044616461F46ECF71BFD0146DA
:10DB000028B133462A4620460097EEF7B7FF03B008
:10DB1000F0BD2DE9F04105468846ECF7C5FC04460A
:10DB2000E0B1037ADB0719D500F10C073846FFF79F
:10DB3000E2FA10F0010611D1B8F1000F0FD06FF02A
:10DB400002013846FFF7C5FA10F0020F284609D047
:10DB5000FFF7E9F901212046FFF78CFD0126304649
:10DB6000BDE8F081FFF7DDF90028F8D02846FFF77F
:10DB7000EFF90028F3D06FF002013846FFF7A9FA59
:10DB80002846E5E7012070470120704713B5C068BB
:10DB9000144668B100238DF804304FF4C05301A936
:10DBA000ADF80630FEF7B0F810B9236801332360F2
:10DBB000012002B010BD07207047FDF7C1BBD0E8BF
:10DBC000AF0F084100F00100704738B50A46034620
:10DBD00009B9012038BD488A10F0240FF9D0197D09
:10DBE0005D7B147CA94228BF29468C4201D90020C4
:10DBF000F0E7800607D4517CC9070BD4187A0038A7
:10DC000018BF0120E6E70521181DFFF7D8FF0028FF
:10DC1000F1D1ECE7197A0029E9D00521181DFFF7A9
:10DC2000CEFF18B9197A01390129E0D9527CD207FF
:10DC3000CFD4E3E701238B40DB43D0E8EF2F1A403A
:10DC4000C0E8E12F0029F8D17047FDF782BB10B57D
:10DC50000621FEF743FD044618B9EFF743F92046C5
:10DC600010BDA0F1EC04FAE70720704707207047C9
:10DC700007207047012303FA01F1CA4330B5D0E809
:10DC8000EF3F03EA0204C0E8E54F002DF7D101EAB7
:10DC90000300003818BF012030BD01238B40D0E8BD
:10DCA000EF2F1A43C0E8E12F0029F8D1704708B5DB
:10DCB0000E21FFF7F2FF002008BD38B5042104460D
:10DCC000EFF7DAF9054698B110210C30E5F784FF3B
:10DCD00004F1270304F1370253F8041B934240F880
:10DCE000041BF9D120462946EFF708F9002038BD7A
:10DCF0000820FCE738B5CD6804460B210430FFF757
:10DD000099FF2B4604F1170205F1100153F8040B9B
:10DD10008B4242F8040BF9D1D4F8EC30DB783BB9F4
:10DD200020460421FFF7B9FFBDE83840FFF7C5BF23
:10DD3000002038BD70B504460025D0F8EC60031D06
:10DD4000D3E8EF2FC3E8E15F0029F9D104F59C7017
:10DD5000F6F78CFA2572D4E8EF3FC4E8E25F002AB8
:10DD6000F9D1F3782BB92046BDE870400B21FFF7BD
:10DD700094BF70BD70B500F1700605460C460722D1
:10DD80003046096802F0CCFDB8B963681A682A67A2
:10DD90009A88A5F874209B7985F87630D5F8A0305C
:10DDA0005BB1A268934208D062681168C3F80110A1
:10DDB0009188A3F805109279DA7170BD2DE9F84FBA
:10DDC000DDF82C80044692461F46BDF82890FFF7E8
:10DDD0003EFF054600285CD0061DB9F1000F27D193
:10DDE0005AEA070324D103213046FFF7E8FEF8B1D1
:10DDF00001213046FFF7E3FED0B12C7D6B7B05F1AE
:10DE000047019C4228BF1C462246404602F053FD73
:10DE10000F2C06D84946C4F1100208EB040002F0AA
:10DE200070FD30460121FFF738FF0120BDE8F88F73
:10DE3000D4F8A03083B904F1700B5A462020217A1F
:10DE4000F0F7C0FBC4F8A00030B95A460120217A8F
:10DE5000F0F7B8FBC4F8A000B9F1000F0CD15AEAF2
:10DE6000070709D1D4F8A01031B14B8A9B0603D51E
:10DE70000C7C1E312246C8E70F213046FFF79FFE7B
:10DE800020B1022206212046EAF7ECF82846FFF7E7
:10DE900051FF0020CAE76FF085007047F7B5C378DF
:10DEA0000446002B5ED1FFF7D2FE054600285CD069
:10DEB000061D03213046FFF782FE20B16FF00F04EC
:10DEC000204603B0F0BD01213046FFF778FE002860
:10DED000F4D10F21201DFFF772FE28B1204603B0B8
:10DEE000BDE8F040EFF70ABDD4F8A00090B904F106
:10DEF00070073A462020217AF0F764FBC4F8A000AE
:10DF000040B93A460420217AF0F75CFBC4F8A0003F
:10DF10000028E3D0438A13F0240FDFD0A27A022A2C
:10DF200009D9417CC907D9D5032A04D09B06D5D588
:10DF3000037C102BD2D1037C00F11C02009300F172
:10DF4000140100F11E032046FEF7FDF904460028E7
:10DF5000B6D128460B21FFF7A0FE01213046FFF77E
:10DF60009CFEADE76FF01504AAE76FF07F04A7E70A
:10DF700070B504460820EEF76BFF0546E8B1061DB4
:10DF800008213046FFF756FE002C3CD00721FFF752
:10DF900051FE234605F1970204F1200153F8040BCA
:10DFA0008B4242F8040BF9D10A213046FFF707FEF5
:10DFB00070B109213046FFF770FE0720EEF748FFE9
:10DFC000044610B3EFF73AF8F8B10821204617E0FD
:10DFD00010213046FFF7F3FD09210028EAD1304631
:10DFE000FFF7EDFD0028E8D0D5F8EC30DB78002B0A
:10DFF000E3D12846EFF742F90028DED00821284671
:10E00000EFF77AFED9E70B21F9E770BD70B504464A
:10E01000A0F1EC0650F84C3BE83CD3F8A050F6F7E2
:10E0200025F903212046FFF7CAFDA0B1082130469B
:10E03000EFF7D0FD3DB16B8A13B16B7C9B0702D526
:10E040002846F0F79BFB3046BDE870404FF4B872AD
:10E05000002102F056BC01212046FFF7B0FD002848
:10E06000E4D10F212046FFF7AAFD0028DED1E1E729
:10E0700010B5431E00F11002073013F8011F12F80B
:10E08000014D83421C701170F7D110BDF0B50E46E2
:10E0900014461D4697B00146202205A81C9FF0F7A4
:10E0A00025FD202231460DA8F0F720FD2146102243
:10E0B00001A88DF85450F0F719FD3B46412205A9FF
:10E0C00001A8F0F7D5FD044610B93846FFF7D0FF98
:10E0D000204617B0F0BD2DE9F04316461D4697B017
:10E0E0000446DDE91F98102205A8219FF0F7FEFCE9
:10E0F0001022314609A8F0F7F9FC102229460DA894
:10E10000F0F7F4FC03221E9911A8F0F7EFFC494642
:10E1100011F8013BD9F801008DF847308B880622B1
:10E12000129012A8ADF84C30F0F7E0FC414611F81F
:10E13000013B06228DF84E30D8F801300DF14F002A
:10E14000CDF84F308B88ADF85330F0F7CFFC214637
:10E15000102201A8F0F7CAFC3B46412205A901A8FC
:10E16000F0F786FD044610B93846FFF781FF2046D8
:10E1700017B0BDE8F083F8B5069F05460469C9B23B
:10E18000EFF3118C402080F31288BFF36F8F0C26C1
:10E1900006FB0146B06E00F0070EBEF1010F10D174
:10E1A000B76600268CF31188BFF36F8F3EB90C2041
:10E1B00041430C44C4E918236B685B5898473046C8
:10E1C000F8BD00F0C00087420CBF6FF077064FF03B
:10E1D000FF36E7E713B580240094FFF7CCFF02B0C9
:10E1E00010BD0069CBB200EB4310002110470220A4
:10E1F000F2F752BE0220F2F77DBE1046F5F778B86E
:10E2000000F004BC00F003BC8022F0F7D1BD40F266
:10E2100072607047084608B51146F8F70FFF0028EE
:10E2200018BF6FF0040008BD08B5F9F767F80028BB
:10E2300018BF6FF0040008BD2DE9F0470024836883
:10E2400086B0884691465B6902AA01A99847A24612
:10E250002546029BAB4202D806B0BDE8F0870026F7
:10E26000019F07EBC5077B6804933A680AEB060336
:10E27000B24202D89A460135EBE74946039405932A
:10E2800003A8C0470028E7D0049B01361C44ECE7F4
:10E2900070B5037B04460BB100F0CBFB0026A068F1
:10E2A00000B970BDB0F5007F28BF4FF4007005467F
:10E2B0000246D4E90010F0F7CBFF63682B4463609B
:10E2C00023680BB12B442360A3685B1BA360002B66
:10E2D000E5D0237B0136002BE1D0304600F0AAFBCD
:10E2E0000028DCD00120DCE741EA02030846C3F342
:10E2F0000B0109B9F0F7D0BF6FF015007047084661
:10E3000011461A4621B103431B0701D1F0F7C4BFE0
:10E310006FF015007047436800205B68DB680B6096
:10E320007047436802EA01005B6821EA0201586015
:10E33000002099607047436800205B68596070470F
:10E34000436800205B689960704743685B681A689F
:10E3500021EA020011405860002099607047F3F7ED
:10E36000B7BB30B543681360057A446804EBC50455
:10E37000A34202D36FF0010030BD5C7908338C42B8
:10E38000F1D10020F8E743681B68D3F88004C3F894
:10E390008004704703691A6813680BB15268184704
:10E3A000704730B587B004460D461422002101A8FD
:10E3B00002F0A7FA042320460DEB03018DF8043088
:10E3C0000295FFF7E7FF07B030BD70B586B006696C
:10E3D00004460D461422002101A802F092FA0223FD
:10E3E0008DF80430336820461B6C01A90293336812
:10E3F0009B6CCDE90335FFF7CDFF06B070BD30B59E
:10E4000003691C6843681B68EFF31185402080F3A3
:10E410001288BFF36F8F206CA8B1E06CB0B90020F8
:10E42000C4E91312042AC3F80417C3F8082782BFEB
:10E43000D3F8002242F02002C3F8002285F31188AD
:10E44000BFF36F8F30BD6FF00C00F7E76FF00F0078
:10E45000F4E70369186820B101601B6800205A6066
:10E4600070476FF08500704710B542680069136807
:10E47000006860B9D3F84C4164B1126B12780A702D
:10E48000C3F84C01D3F84C2101229A6210BD6FF001
:10E490008500FBE74FF0FF30F8E738B542680369C5
:10E4A00015681A68D2F8A01051B1002482F8B8405B
:10E4B00018686830F7F712FF012320466B6538BDF6
:10E4C0006FF00D00FBE7406BFFF7E7BF10B5036986
:10E4D0001968D1F8A420D1F8B040121B13D0082A33
:10E4E00028BF08224068C1F8AC201968406AC1F80A
:10E4F000A8001B68D3F8A010D3F8B030194402F07C
:10E50000DAF9012010BD1046FCE710B5044612EA06
:10E51000030005D0605818B10023012063506358F0
:10E5200010BD13B501AA0446FFF71BFF002805DB49
:10E53000019B226819791868F1F742F902B010BD01
:10E5400010B402694468936823EA0101916011F0F4
:10E55000030108D143681B68C3F80015E068012176
:10E5600010BCFFF7DEBF10BC704710B5026993689E
:10E570001943916013F0030107D14368D8681C6800
:10E58000FFF7CFFF0823C4F8003510BD10B543686E
:10E590001C68C4F83C17C4F840270022C4F8302196
:10E5A0005B68D4F830219B0702D50121FFF7DDFF1E
:10E5B0000123236510BD10B5436804461B68D3F8DA
:10E5C00030210B684AB9012283F8B8204FF48052F9
:10E5D00063681B68C3F8042310BD002283F8B820C9
:10E5E0004FF0FF320B68C3F8B4200B68D3E92A124E
:10E5F000FFF7CCFFEAE7F8B5036904461D684368F6
:10E600000F461E6805F10800F7F768FEEFF3118268
:10E61000402383F31288BFF36F8FEB6C53B1D6F8AE
:10E62000003223F02003C6F800320023C6F8503130
:10E63000D6F85031002385F8633017B1012385F8EF
:10E64000643023691968012381F8623061680968C0
:10E65000CB6282F31188BFF36F8FF8BD08B50369F1
:10E660001B681B6C23B10121FFF7C5FF002008BD0B
:10E670006FF00D00FBE7F7B5426B53681C68136938
:10E68000D4F8101153F8085BD3E8EF6F26F01007A9
:10E69000C3E8EC7FBCF1000FF6D1F3060FD561B1F2
:10E6A000D5E9162300260027CDE90067F7F7A8FD76
:10E6B0000023C4F81031D4F8103103B0F0BD0029A4
:10E6C000FBD113691968CB6CB3FA83F35B0981F84A
:10E6D0006230536801221B68DA6203B0BDE8F04083
:10E6E000F7F7FCBD2DE9F347174600224368D0F841
:10E6F00010901E68D9F80040884694F86130D6F82A
:10E700000C1784F86120A26C05469B1A1944002955
:10E7100001DDFFF75AFE2846216CFFF742FEE36C4D
:10E720002364236D63640023C4E91333A36494F862
:10E73000633003F0FF029BB3EFF3118A402383F3AE
:10E740001288BFF36F8F236C6BB3D6F8003223F0BF
:10E750002003C6F80032B8F1000F34D19FBB01236B
:10E76000B362C6F82471D6F8243184F86270D9F8FF
:10E77000083043F01003C9F808308AF31188BFF35A
:10E780006F8F6AB1D4E91632134309D0D4E9162346
:10E7900000200021CDE9000104F10800F7F730FD69
:10E7A00002B0BDE8F087D4E91632134303D004F178
:10E7B0000800F7F793FD2B691A68012382F862308D
:10E7C0006A681268D3620022D7E72DE9F341064652
:10E7D00017461C460569EFF31188402383F312881E
:10E7E000BFF36F8F2B68D3F8A42042B188F3118850
:10E7F000BFF36F8F6FF00F0002B0BDE8F081C3F878
:10E80000A4702B6801F0604CC3F8A010BCF1005F4D
:10E810002B6814D1C3F8A8102B68C3F8AC70294634
:10E820003046FFF7C8FE88F31188BFF36F8F736817
:10E830001B7E012B01D1631C06D10020DCE7C3F84D
:10E84000B020FFF743FEEAE724EAE4722868D31712
:10E850001F3243F10003520942EAC36268305B0988
:10E8600000240025CDE90045F7F7CAFCE5E708B527
:10E870000220F0F7E9FB002008BD08B5F3F70CFB18
:10E8800008BD10B54FF0FF304FF0FF31F1F7CAFC73
:10E89000044628B9D1F7B0FF044618B1F1F7CAFC15
:10E8A000204610BDF1F7C6FC2046E5F7C5FDF7E7A9
:10E8B00038B50B8A0D463BB101F10C00FDF7BEF9EE
:10E8C000012818D0022803D06FF01504204638BD67
:10E8D0004FF0FF304FF0FF31F1F7A4FC0446002861
:10E8E000F4D1E868DBF7ACF90446F1F7A3FCACB16E
:10E8F000F1F702FDEAE74FF0FF304FF0FF31F1F79B
:10E9000091FC04460028E1D1E868F1F7AFFE044627
:10E91000F1F790FC002CD9D1F1F7EEFC2846E5F791
:10E9200029F80024D2E7F1F713BE10B532220021F6
:10E93000044601F0E6FF202323708023A3706FF0CC
:10E940003F0363710423A3722823A3730223E37399
:10E950000423A375172363763C23A3766FF0130378
:10E96000E37609232377302384F82030402384F88A
:10E970002130792384F822307E2384F823308023C9
:10E9800084F82630042384F8273010BD08B503230B
:10E99000DEF7E0FB002008BD08B5F2F77BF90020A8
:10E9A00008BD08B5F8F7AAFC48B1002383F3118825
:10E9B000BFF36F8F0423184602DF6FF0040008BD19
:10E9C000684620F007018D4601B5DAF7B7F8BDE8D3
:10E9D000014085467047684620F007018D4601B525
:10E9E000DAF79EF8BDE8014085467047684620F09A
:10E9F00007018D4601B5DAF797FBBDE80140854672
:10EA0000704708B5DDF7E7FF002008BD704700201C
:10EA1000F2F742BA7047D8F7D5BF08B5DAF7BAFDB2
:10EA200030B1EFF305800338032894BF00200120A4
:10EA300008BD70470120704703460020184700F0CA
:10EA40004AB9024610B5116891B1B1FA81F3C3F128
:10EA50001F000123834021EA0303D2E8EF4F8C42D9
:10EA600004D1C2E8EC3FBCF1000FF6D1EBD110BDF0
:10EA70006FF00B00FBE710B50368CB40DB0710D449
:10EA800001238B40026843EA0201D0E8EF4F944231
:10EA900004D1C0E8EC1FBCF1000FF6D1F2D1002088
:10EAA00010BD6FF01500FBE710B504460846F2F7FD
:10EAB0002BFC04EB4004207DC0F3401010BD10B5CA
:10EAC00004460846F2F720FC04EB4004A08A00F05C
:10EAD0001C00003818BF012010BD10B504460846C0
:10EAE000F2F712FC04EB4004207DC0F3400010BD9F
:10EAF00010B50446FFF7F1FF20B12046BDE81040F5
:10EB0000FFF7D2BF10BD10B504460846F2F7FCFB74
:10EB100004EB4004A08A400B10BD70B504460846C3
:10EB20001646F2F7F1FB083034F810300D46DA05DE
:10EB300009D5C3F3432304EBC3023146284654F8F6
:10EB4000333052689847A3682BB131462846E268B3
:10EB5000BDE87040184770BD2DE9F3411746DDE967
:10EB60000858019001A80C461E46F2F711FC019BC3
:10EB7000391E18BF012100EB8300231E18BF01239B
:10EB8000002E43EA41030CBF00210C21002D43EA73
:10EB900001030CBF00214FF47061B8F1000F43EA8C
:10EBA00001030CBF00214FF44031D0F880200B430B
:10EBB00022EA030304B124780FB13F787F001C439D
:10EBC0000EB13678B6003C438DB129780902344342
:10EBD000B8F1000F03D098F800804FEA08482143AD
:10EBE00041EA0801C0F8801002B0BDE8F081294672
:10EBF000EDE71FB50DF10F03019300238DF80F1002
:10EC00001A4619460093FFF7A7FF05B05DF804FB0D
:10EC10002DE9F04700250446884617462E464FF05A
:10EC20000109AA46BE420CD1D4F8443133B10023C5
:10EC3000C4F84431D4F8443145F400352846BDE8E1
:10EC4000F087F0B2F2F7D6FBA0F580739B0809FAC3
:10EC500003F318EA030F05D022581AB144F800A0B4
:10EC600022581D430136DDE738B504460D46FFF74F
:10EC70001BFFA8B12046FFF730FF88B92046FFF7F9
:10EC800042FF012322688340C2F81833236803EB54
:10EC90008000D0F8103523F00303C0F8103538BDDC
:10ECA0002846BDE838400021FFF7A3BFC9B2F3F7FB
:10ECB00037BB08B5F3F7CAFB002008BDEFF311809E
:10ECC000402383F31288BFF36F8F704780F311885E
:10ECD000BFF36F8F704708B1E5F74EB8704740B18A
:10ECE000C368587810F001001EBF1878B0FA80F0A1
:10ECF00040097047EFF31183402383F31288BFF379
:10ED00006F8FFEE710B400F10C04C0E90344002447
:10ED1000446110BCDFF716BF10B582696AB1C368E1
:10ED200042EA0301890708D14169A2FB011424B911
:10ED30005B182CBF0121002102D36FF0150005E004
:10ED400001619B1A42698A4201D8002010BD026904
:10ED500001311A60826903619B1AF3E790F90E3062
:10ED60008B4201D0F6F718B8002070470346002008
:10ED7000C3E90033C3E90200704710B5044630B15F
:10ED80000268930703D0446809B100F077F9204680
:10ED900010BD0023C0E90033836000F10C03C0E91B
:10EDA00003337047012307B5009300230A46194631
:10EDB000F4F754F903B05DF804FB002307B50A46E5
:10EDC00000931946F4F74AF903B05DF804FB0021FB
:10EDD0000068FFF7D2BF3AB18A4205D3C0E90212F8
:10EDE000C0E90000002070476FF015007047012354
:10EDF00002688B4022EA0303036022FA01F000F06C
:10EE000001007047704710B5032104460C30FFF72E
:10EE1000EEFF30B104F11000F6F7A6FFB0FA80F073
:10EE2000400910BD20B1002294301146F6F7B6BC5F
:10EE3000704770B5C3680446C3F340069B0716D4F9
:10EE4000856802210C30FFF7D2FF80B1D5F88C2005
:10EE50006AB194421DD122689EB9D5F89030C5F8A8
:10EE60008C209C4201D1C5F8902000232360E368E8
:10EE700013F01F001EBF43F00203E36040F00200E6
:10EE800070BD3260D5F89020944208BFC5F89060FC
:10EE9000EBE716461268DBE710B5F4F761FE041ED7
:10EEA00008DDEFF31180402383F31288BFF36F8FE7
:10EEB000F6F74CF8204610BDEFF30580003818BF78
:10EEC000012070476FF05700704700207047D0E96D
:10EED000003213605A600023C0E90033704738B530
:10EEE00004460D46F5F784FC237C43F002032374AB
:10EEF000D5B1A5602B689D4209D16B68C4E9005368
:10EF00001C606C6010E06A689A42F6D01B68002BA7
:10EF1000F3D093F90E1094F90E209142F3DD5A6864
:10EF2000C4E9003214605C6038BD10B5037C04464F
:10EF300013F0280F0CD183680BB1F5F731FD237C5A
:10EF4000204623F004032374BDE81040F5F7E8BB26
:10EF500010BDF5F7DFBC38B5054604680020AC42AB
:10EF600000D138BD002CFCD02046F5F719FD04F186
:10EF70001800F6F7F9FE2046F5F7D2FB2C680120C1
:10EF8000A542EDE708B5C3171F3043F10003400960
:10EF900040EAC360C117F6F7AFF9400108BD08B5F4
:10EFA0000246F6F7D7FD70B1D0E904319B1A61EB48
:10EFB000E272B3F1004F72F1000104DA002AACBF33
:10EFC0001846002008BD6FF00040FBE708B5F6F7D3
:10EFD000F9FF08BDF6F7F6BFB3F1FF3F08BFB2F186
:10EFE000FF3F70B506461D46144614D01A4316D08E
:10EFF000002B08DBF6F7E6FF041941EB0501C6E933
:10F000000041304670BD6FF001031C1B4FF0FF3311
:10F0100063EB0501F3E74FF0FF342146EFE70024EF
:10F02000FBE7B3F1FF3F08BFB2F1FF3FF8B507467A
:10F0300016461C4610D054EA020311D0F6F7C2FF60
:10F04000B0420A46A14103460AD2F31A64EB020415
:10F05000C7E900343846F8BD4FF0FF331C46F7E7E8
:10F060000023FBE70023C0E9081200F11802C0E901
:10F070000622C0E9003303634363704720B1011FD8
:10F0800050F8040CF3F746BC704770B5A0FB015470
:10F0900034B92846F7F72EFA064618B9304670BD3F
:10F0A0000026FBE72A46214601F02BFCF6E77047D5
:10F0B000FFF75CBE4FF0FF324FF0FF33F3F714BEA3
:10F0C000F3F7DABE00207047704710B5044608B168
:10F0D000F7F7CAFB2046BDE81040F7F7B5BB03467B
:10F0E000C068F8B15888E8B11B8803F44F42B2F504
:10F0F000824F02D0B2F5884F09D1DBB2272B2AD03C
:10F1000008D8172B0FD0222B34D0122B16D06FF02B
:10F1100085007047302B2FD0413B012BF7D8FF28BB
:10F1200039D100207047C028FBD0E128F9D0B0F5D4
:10F13000807F14BF6FF086000020704720F020030E
:10F14000C02BEED020F08003B3F5807FE9D040F2F1
:10F1500009239842EDE7E928E3D0EF28E1D040F217
:10F160001B139842DDD040F299139842D9D040F257
:10F170003B23EEE7E928F1E720F02003C02BD0D0B5
:10F1800020F04003B3F5807FCBD0B0F5C07FC8D06E
:10F19000B0F5007FCDE7B0F5E07FCAE73AB10029CE
:10F1A00018BF00232121D21A184401F0AABB7047CE
:10F1B0002DE9F04F9B46002389B08DF81B30159B3D
:10F1C0009146DDE912A7002B0D460B460CBF4FF40C
:10F1D00000624FF4806207A9DDF85080F7F7E6FC83
:10F1E0000446D0B9079E284631880DF11B02F7F777
:10F1F00059FD044688B99DF81B30BB421FD8CDE9A4
:10F200000338CDE901BACDF800902B46D6E90912B2
:10F210003046F8F779FB044608B1C8F800703A4662
:10F2200021465046D8F80030FFF7B8FF0798F8F7A6
:10F2300053FA002C18BF204609B0BDE8F08F6FF0DC
:10F240008904EAE741F2062398421AD8B0F5905FA4
:10F2500009D241F2010398420CD0B0F5885F09D081
:10F260006FF0850070476923A0F5905080B2C340CD
:10F27000DB07F5D511F0070F14BF6FF086000020F3
:10F280007047B0F5105FEBD121F04003802B06D022
:10F29000B1F5807F14BF6FF086000020704700201A
:10F2A000704770B5446A05460E463CB90120F7F731
:10F2B000C5FA686228B12046AE6270BD6FF08A0060
:10F2C000FBE76FF08C00F8E7F8B51E460F461546D1
:10F2D0000388C2B103F4E043B3F5805F02D0B3F515
:10F2E000005F10D1089BE90019600088FFF7AAFFB2
:10F2F000044630B92A463946304601F0DCFA079B0D
:10F300001D602046F8BD6FF08504FAE710B504468D
:10F31000406A10B1A16AFFF7D8FE0020C4E90900D5
:10F3200010BD38B50446FFF7F1FF237F012B0FD046
:10F33000023B012B0FD8236A012B14BF6FF09605F7
:10F3400000252C220021204601F0DBFA284638BD9A
:10F35000236A002BF1E76FF09605F2E738B5144603
:10F360000288049D02F4E040B0F5805F07D0B0F55C
:10F37000005F04D002F44F42B2F5824F0ED1AC428E
:10F380000FD81846224601F096FA00212A1B204485
:10F3900001F0B7FA0020059B1C6038BD6FF08500B6
:10F3A000FBE76FF08900F8E7F0B50F461E461546FB
:10F3B00085B0CAB100230122336003A9F7F7F6FB39
:10F3C000044670B9CDE9005603983B46D0E90912CE
:10F3D000F8F738FA04460398F8F77EF9002C08BFCE
:10F3E0000446204605B0F0BD6FF08904F9E7F0B59A
:10F3F0000F461E46154685B0FAB1002303A91A46EA
:10F400003360F7F7D3FB044688B9039803885B049D
:10F4100010D5CDE900563B46D0E90912F8F726FA97
:10F4200004460398F8F758F9002C08BF0446204614
:10F4300005B0F0BD6FF08604F3E76FF08904F6E7DE
:10F4400010B50368044643B100F031F9002323608E
:10F45000A3886FF30803A38010BD1846FCE72DE9CD
:10F46000FF41984600230C46016805461646039363
:10F47000002939D14FF41F72083001F042FAB8F177
:10F48000000F204633460CBF4FF400624FF48062F9
:10F4900003A9F7F78BFB0446B8B9039F30463988B8
:10F4A0002A1DF7F7FFFB044678B96B79394668F3F4
:10F4B00000036B71D7E9092328460096B8F1000FC5
:10F4C0000FD0F8F74BFA044610B12846FFF7B8FF03
:10F4D0000398F8F701F9002C18BF204604B0BDE8E6
:10F4E000F081F8F75FFAEEE76FF08804EDE70123AB
:10F4F000FFF7B5BF38B50368054614464BB132B1C6
:10F5000000F0C0F8044610B12846FFF799FF2046E6
:10F5100038BD6FF08804FAE72DE9F041164602681D
:10F5200005460F469846F2B14279D2071BD50279BB
:10F53000CAB1B2421AD800F0AEF8044618B100239E
:10F54000C8F800602B7137B1324621463846D8F8EA
:10F550000030FFF723FE2846FFF772FF002C18BF8C
:10F560002046BDE8F0816FF08804E8E76FF0890479
:10F57000E5E71FB501240394089C0294079C0194BD
:10F58000069C0094FFF714FE04B010BD2DE9F0476F
:10F5900005469A46002388B0079325F0004323F4DC
:10F5A0007F03B3F1106F0846DDE910961746DDF8CA
:10F5B000488023D12B464FF4804207A9F7F7F6FA8B
:10F5C000044660B9CDE90368CDE901A90798009721
:10F5D0002B46D0E90912F8F709FA044628B131465A
:10F5E0004846F7F72BFDC8F800600798F8F774F85D
:10F5F000002C18BF204608B0BDE8F0876FF08604E5
:10F60000EDE703461B88084603F4E043B3F5805F4B
:10F61000114602D0B3F5005F01D1F7F70FBD6FF0CF
:10F62000850070471C22002101F06BB9037F022B7B
:10F6300006D1036A5A1C03D00133036200207047CD
:10F640006FF096007047034668B1017F8A1E012A59
:10F650000BD80329026A03D1012A01D1FFF761BE49
:10F660001AB1013A1A62002070476FF09600704795
:10F67000C0B2FF280CBF6FF0860000207047F8F77B
:10F6800039BA70470368052B02D10830F9F76CBA14
:10F690006FF08600704710B40468052C03D110BCCD
:10F6A0000830F9F779BA6FF0860010BC704703682C
:10F6B000052B02D1083000F0C4B9002070470020AB
:10F6C000F8F7EABB0020F8F721BC002000F0C6B82C
:10F6D000DEF752BA0A2842DCC31C1FDA10F1400FD1
:10F6E00045D010F13F0F2BDA10F1410F42D010F14D
:10F6F000550F42D010F1490F14BF6FF086006FF024
:10F700008400704709282DD8DFE800F0052C2C2F45
:10F71000172C372C2C3A6FF09800704703300D28C7
:10F7200020D8DFE800F00A331F221F1F1F1F1F1FF2
:10F73000071F1F076FF0940070476FF08500704738
:10F7400010F1210F1FD00DDB10F1200F1ED010F192
:10F75000100F14BF6FF086006FF09400704764388C
:10F760000928CFD96FF086007047002070476FF0EE
:10F77000840070476FF0890070476FF09300704706
:10F780006FF08C0070476FF0880070476FF0920048
:10F79000704710B501380A44914200D110BD10F8ED
:10F7A000013F11F8014B63400370F5E701448142CA
:10F7B00000D1704711F8013D1A440A70120AF6E7A9
:10F7C00030B5002503F58073013A002A0ADAD8B271
:10F7D000284303D0FF2B94BF00200120FF2B98BFAC
:10F7E000013830BD845C1C448B5C013AE41A230A66
:10F7F000E4B2FF332543E8E707B501A9F8F79AFA21
:10F80000003818BF012003B05DF804FBF7B50646C9
:10F810000D46202D2F46A8BF202700216846F9F766
:10F8200075FC044670B93A4631466846F9F7C0FCA3
:10F8300010F1520F044608D0431CF4D0684600F083
:10F840007FFB34B1204603B0F0BD684600F078FB82
:10F85000E3E7EC1B3E44F5D02546DAE7002070478D
:10F860002DE9F04107463C88184604F44F43B3F5B0
:10F87000824F0D469046079E02D0B3F5884F0FD1B8
:10F88000E4B2A4F14103012B01D9122C0BD1424661
:10F89000294601F010F80020C6F80080BDE8F0818C
:10F8A000B4F5885FF2E77B88069A0733B2EBD30F93
:10F8B0004FEAD30408D3014622462846F8F7C8FB8E
:10F8C0000028EBD13460E9E76FF08900E6E7F8F74C
:10F8D00083BDC0F30253013B10B5052B21D8DFE8EF
:10F8E00003F01B0B0B0B0313032300F03000202845
:10F8F000136013D0002010BD0B8844F212118B420C
:10F900000CBF04230223F0E70B8844F212118B4250
:10F910000CBF06230323E8E70123E6E70233136065
:10F92000E8E76FF09800E6E713B50C46F8F702FA3F
:10F93000C31C0FD0013009D004224FF0FF33214601
:10F940000DEB0200019300F0EBFF30B96FF08B007C
:10F9500002B010BD6FF08400FAE70020F8E730B580
:10F9600089B0054618220C4601A8002100F0C9FF05
:10F97000012344EA052401A9BA2007940593F8F766
:10F9800079F9002818BF6FF0920009B030BDF7B5C3
:10F99000BA2001A9F8F7CEF9044610B1002003B04F
:10F9A000F0BD019D2F0AEDB2AC4205D1BA20F8F7A7
:10F9B000A7F90028F2D008E0E6193046F8F7A0F9D8
:10F9C00030B13046FFF718FF10B96FF09200E6E74C
:10F9D0000134E9E738B503780446033303F0030341
:10F9E000012B0FD86FF0210038BD60782844F8F75C
:10F9F00079F948B901352378C3F382039D42F4D3E2
:10FA00000020F1E70025F6E70220EDE708B5F82031
:10FA1000FFF7F2FE18B9F920FFF7EEFE10B16FF014
:10FA2000920008BDF820F8F75DF90028F7D1F92019
:10FA3000F8F758F90028F4D0F1E7F9F73FB8F9F7EB
:10FA40003DB808B54FF41F7100F0FEFE002008BD60
:10FA5000002310B500F11002103112F8014D43EAF5
:10FA60004403824201F8013D4FEAD413F5D110BDA1
:10FA700070B5064688B00C4615460021102268462F
:10FA800000F03FFF06F5A47106F5D6706A4604AB98
:10FA900000F0FBFC0646C0B9214604A8FFF7D8FFDA
:10FAA0009DF910302946002BB8BFE37B2046BCBF30
:10FAB00083F08703E373FFF7CBFF94F90030002B4B
:10FAC000BEBFEB7B83F08703EB73304608B070BD9D
:10FAD0002DE9F84F044688461546002700F5CA79F7
:10FAE00000F5C27AADB92DE0324649465046FFF7DF
:10FAF00050FE5346524604F5A47104F5D67000F04A
:10FB0000C4FC00BB0146C4F8A4013246484600F0DC
:10FB1000F8FED4F8A40108EB0701C0F1100BAB45C7
:10FB200028BFAB4648445A4600F0C5FED4F8A4614D
:10FB30005F445E44102EC4F8A461A5EB0B05D1D13F
:10FB4000002DD1D10020BDE8F88FF0B504468DB06E
:10FB500010220021684600F0D4FE204608AA04A91D
:10FB6000FFF786FF80BBD4F8A45104F5CA76102DA8
:10FB70002A462BD1304604A9FFF70BFE6D463346CB
:10FB800004F5D2772A4618685968083303C2BB4285
:10FB90001546F7D104F5C275102269462846FFF7CD
:10FBA000F8FD2B462A4604F5A47104F5D67000F042
:10FBB0006CFC48B904F10C0355F8042BB54243F82A
:10FBC000042BF9D1102363600DB0F0BD31466846B7
:10FBD00000F071FE05F130030DEB030580231022C8
:10FBE000684608A905F8303CFFF7D3FDD2E72DE9B8
:10FBF000F84300F1640604468846304601219146E8
:10FC00001F46F9F74FFB18B1BDE8F843FFF762BD97
:10FC100004F1500504F5A4712846F9F739F90446B2
:10FC200080B94A464146284600F0D9F8044648B90A
:10FC30003946284600F004F9044618B9284600F071
:10FC400072F904463046F9F71BFB2046DCE74368AF
:10FC50001BB11A690AB1586910470020704738B5BE
:10FC60004368054613B90024204638BDDA68002AE7
:10FC7000F9D05869904704460028F4D02846FFF789
:10FC8000E6FF002818BF0446EEE770B5057B044682
:10FC9000002D38D0B2F1807F06D3FFF7D8FF0028BF
:10FCA00008BF6FF03F0070BD806825691044A060F8
:10FCB000296002F10F00216920F00F0040F000558B
:10FCC0008D60256826692D68811A2D69824245EA72
:10FCD0000125F560256905F11005256165692B6031
:10FCE00063699A60636903F11005656101D10020C1
:10FCF000D9E700221A61636941F080419960636924
:10FD000010336361F3E76FF02000CCE738B5027B76
:10FD100032B3016882680C7AA24206D2FFF797FFDD
:10FD2000002808BF6FF0530038BD4C7AB2FBF4F5E1
:10FD300004FB152232B1FFF78AFF002808BF6FF0DD
:10FD40004500F1E7C269497911421CBF8A43C2618B
:10FD5000602100F170020C30F9F7FEF80020E3E7B3
:10FD60006FF02000E0E738B5037B054663B1F9F793
:10FD700069F9431C044605D02846FFF768FF0028B0
:10FD800018BF0446204638BD6FF02004FAE710B5CE
:10FD900004462046FFF7E7FF431CFAD010BD026976
:10FDA00013690BB1506918471846704708B5826847
:10FDB00003465AB902681169426A114206D0FFF738
:10FDC000EEFF002808BF6FF0530008BD03F11400D8
:10FDD000702103F17802F9F7BFF80020F5E710B5BC
:10FDE000047D03464CB3B2F1807F06D3FFF7D7FF03
:10FDF000002808BF6FF03F0010BD4468062C06D9EC
:10FE0000FFF7CDFF002808BF6FF04400F4E70AB900
:10FE10000020F1E78069016099698A601868996932
:10FE20008069C068C8609969103199615968013169
:10FE30005960996811449960EAE76FF02000DBE7A8
:10FE400010B4037D002B56D08368C3B9836900F1D9
:10FE500024021A60036882691B68013343F000536F
:10FE60009360046882692368A4690133E4681B0213
:10FE700003F4F8532343D360836910338361036829
:10FE800082681C68131923EA040384699B1A54F8D6
:10FE9000042C42EA032244F8042C826952F8084CEC
:10FEA000234443F0005342F8083C03681A68C368CF
:10FEB000134423EA0203C2691160C269C1689160F8
:10FEC000C26902F11001C161C1688B420AD00021F0
:10FED0001161C168C2695B1A43F080439360C369D2
:10FEE0001033C3610368DA68436A23EA020343629A
:10FEF00010BCFFF75BBF6FF0200010BC704738B537
:10FF0000037D054663B1F9F79DF8431C044605D00F
:10FF10002846FFF744FF002818BF0446204638BD96
:10FF20006FF02004FAE710B5037D04462BB120469C
:10FF3000FFF7E5FF431CFAD010BD6FF02000FBE790
:10FF400010B5037804461BB1F7F79EFD002323701C
:10FF5000002010BD0368D868C0F3004070470368F4
:10FF600003F58053586A00F4A020003818BF012020
:10FF70007047022203689A6070470368D868F9F7EF
:10FF8000D7BA024608B5136803F580535B68C62BE1
:10FF900009D01046FFF7DEFF0028F4D11046BDE877
:10FFA0000840FFF7EABF6FF0010008BD03685A5030
:10FFB00070470369996670470369986E704770B51A
:10FFC00006460D461446FFF7F7FF013D026844EA76
:10FFD0000524304622430421BDE87040FFF7E6BF08
:10FFE00073B50546D0E90146CDE90023FFF7E4FFEC
:10FFF0000068ED68C0009DF800209DF8073004EB14
:020000040003F7
:100000000614A5F1080114D502F03F0242F02002C7
:1000100043F00103601B8DF800208DF8073000F0DD
:10002000EFFA083C08226946204600F014FB02B0B3
:1000300070BDA41B03F03F0342F0010243F0200314
:1000400004F108008DF800208DF8073000F0D8FA90
:10005000E8E710B50446FFF7AFFFC2684AB142F4C3
:1000600020222046BDE81040002142F40062FFF744
:100070009DBF10BDC06870472DE9F8430A680C4663
:1000800012F4700F15D1D0E90159D1F80880FFF7AB
:1000900093FF03682046DB0048BF63684FF000070A
:1000A00044BFA9EB0303ED1800F0D6F80646B742AB
:1000B00001DBBDE8F88341462846626800F0CBFAD0
:1000C00063684D4498440137F1E770B50C461E460D
:1000D0001046D1E9012505EB4205294600F0BBFA9F
:1000E00062683046A918BDE8704000F0B4BA38B56F
:1000F0000446FFF761FFD4E9013501684268C90091
:1001000042BFE168691A5B18002112B904F11400BA
:1001100038BDD00707D50B2901D9E3F7CFF904EB98
:100120008100436101312B445210EEE72DE9F04F7D
:10013000044685B00E4691460193FFF73DFFD4F883
:1001400048A00546BAF1000F07D02046F9F7B2F9EA
:100150001025284605B0BDE8F08F8768D4E9018BEB
:10016000F9F75CF9326811064CBFC26842687168E1
:10017000914204DD2046F9F79DF90D25E9E7E1609C
:100180003268204649EA02092A6949EA0202FFF771
:1001900016FF2A68D20003D5E268ABEB0202904456
:1001A0003FB931462046FFF767FF2B696BB9002541
:1001B000CFE7FB0748BF019B4FEA670744BF43F8FF
:1001C0002A800AF1010AD844EAE702A800F0F4F90B
:1001D000054618B12046F9F76DF9BAE72046DDE982
:1001E0000223FFF7FDFE08210DEB010000F02CFBC0
:1001F000DDE710B50446FFF72CFFBFF35F8F032246
:100200002046BDE810400821FFF7D0BEC0F30B0325
:10021000482B4B6028BF482310F4003F8B6008BF79
:100220000023CB6010F4803308BFC1E9013300F430
:100230007003B3F5700F14BF00238B6800284FF0D4
:10024000010C4FF008028B60B8BF0023C1E905C262
:10025000B8BFC1E9053370470368024613F4700F55
:1002600006D1806828B1D368506893FBF0F07047DE
:10027000002070472DE9F0479946058843888AB0E9
:1002800003F10708009305F44F43B3F5824F04468A
:100290008A4617464FEAD80602D0B3F5884F3FD1B9
:1002A000EDB22022002102A800F02BFB0023BE4269
:1002B000C9F8003041D8B8F5847F41D220466A465B
:1002C0003946F9F763FA044630BB2846009901AA7B
:1002D000F9F79EF90446F8B9A5F14103012B21D89D
:1002E000324602A9F7F712FE28BB314602A800F0F9
:1002F00079FA40BB412D04D1202E02D102A800F092
:10030000F5F93246504602A900F0D5FA202102A89C
:1003100000F09AFAC9F8006020460AB0BDE8F087FC
:100320000025BEE73A465146019800F0EAF9002858
:10033000ECD0FFF7CFF90446EEE76FF08904EBE766
:100340006FF08504E8E76FF09304E5E72DE9F341EA
:10035000DDF820801E46438842450F46154601932E
:1003600015D8294601AAF9F711FA044658B92B46BF
:100370003A464146304600F04AFA58B10A9B019A83
:100380001A60099B1D60204602B0BDE8F0816FF045
:100390008904F8E76FF08604F5E72DE9F0431F467E
:1003A0000688438895B0029306F44F43B3F5824F15
:1003B0000546144602D0B3F5884F2FD1F6B20A464F
:1003C0002346412103A8D5F80C9000F020FA38B359
:1003D0001C9B9C4227D82846214602AAF9F7D6F949
:1003E0000546B8B9122EDDF8088001D0302E07D1AD
:1003F000424631464846009403ABF9F791F9A8B953
:100400002246384603A900F056FA1E9BC3F8008026
:100410001D9B1C60284615B0BDE8F0830026CEE782
:100420006FF08605F6E76FF08905F3E70546F1E71B
:100430008B4238B505460C46104607D30A46294676
:1004400000F039FA0020049B1C6038BD6FF0890071
:10045000FBE7F8B5069F05461646FFF716FC04466F
:1004600040B92846FFF752FC044618B92846FFF762
:100470008EFC044605F10C00F8F702FF04B93E605B
:100480002046BDE8F840FFF725B92DE9FF4100F10E
:100490000C0804460D464046012116461F46F8F753
:1004A00001FF20B104B0BDE8F041FFF713B92946C0
:1004B0002046F8F791FC054620B14046F8F7E0FEEB
:1004C0002846EFE703AB009310223B463146204617
:1004D000FFF7BFFF04B0BDE8F08110B59EB0024643
:1004E00046F611031AA901A8F8F722FD0023039A82
:1004F00010211360039A01A89360039B1AAA10337A
:100500000393F8F729FDF8F79DFD431C0446FAD044
:1005100001A8742100F098F920461EB010BDF8B56E
:100520000668054696420C46A2EB060701DDE2F797
:10053000C5FF3946204600F063F832466968E01985
:10054000BDE8F84000F087B8FFF7E9BFF8B5074607
:100550001646D2E900208A420C460BDB551A294682
:1005600000F04EF82246394670682844BDE8F8404D
:1005700000F09FB8891A3944F8E770B514460E4662
:100580001D4621461A46FFF7E1FF2146304605F198
:100590000802BDE87040FFF7D9BF70B505461646A2
:1005A0001C461A46FFF7BBFF2246314605F10800FC
:1005B000BDE87040FFF7B3BF10B50446F8F72EFF53
:1005C000436963B12046F8F7FFFF50B9D4E9003220
:1005D0001343F7D0201DBDE81040F8F7F5BF6FF0CA
:1005E000020010BD13B504461046226801921A4657
:1005F00001AB184400F05FF9019B236002B010BD0D
:10060000F7B505460C4609B3002310F00306019325
:100610000BD0C6F1040732463B4601A920F0030087
:10062000FFF7E0FF26443D44341F2A46002124F012
:1006300003032B449A420BD114F0030306D024F099
:100640000304002201A92819FFF7CCFF03B0F0BD75
:1006500042F8041BEEE72DE9F04110F003070546D0
:100660000E4614460BD0C7F1040843463A4620F024
:100670000300FFF7B7FF043C454446443C44324680
:1006800024F00303291F33449A420BD114F00303CF
:100690000DD024F00304311928190022BDE8F041DF
:1006A000FFF7A0BF52F8040B41F8040FECE7BDE8D8
:1006B000F081F7B5034614460D4601AF0CB903B0FF
:1006C000F0BD05F00301C1F10406A64228BF26468D
:1006D00025F003021268184601923944324600F0B0
:1006E000EAF8034635443344A41BE7E7037823F0D4
:1006F00007030370C37F03F07F0343F04003C37716
:1007000070470B46D0E901108A42084402D31A46CA
:1007100000F003B86FF0400070472DE9F047044641
:10072000104639B122460023164612F8015B35B94E
:100730008B4202D16FF0530435E00133F4E78B4272
:10074000F8D04A1E9A4201D1022DF3D9A25CD207F9
:100750002FD5FF2415EA040228D1E443A1EB0308B6
:10076000C71800F066F8E5B208EB070A42463946BA
:100770000020F7F7CBFB0446E8B93B7881462B40D5
:100780003B703B4613F8012B9A4549EA0209F9D11F
:100790000023424631463846FFF712F8B9F1000F00
:1007A000E4D00028E2DA2046BDE8F0876400E4B235
:1007B000D0E76624F7E70224F5E7F9F79BBA07B517
:1007C0004FF0FF334FF0FF32CDE90023002200F05D
:1007D0006FF803B05DF804FB00F066B800F060B895
:1007E000FEF7D0BB002313B58DF807308B4206D13E
:1007F0009DF80700B0FA80F0400902B010BDC45C5B
:100800009DF80720013322438DF80720EEE78B4245
:1008100030B50CD8002421469C4203D1081E18BFD5
:10082000012030BD155D055529430134F4E7002052
:10083000F7E710B58B4294BFC4184418A04200D10A
:1008400010BD00F8012BF9E700231A4682B0019091
:100850008B4201D102B070470198C2540133F7E7CF
:1008600010B50B680446D0E9180212F0010F03EA34
:10087000000301D0984211D183B12366520748BFCB
:100880004A6804F1180044BF1A434A60F5F76CFA4D
:1008900000232046C4F88030FEF747FB002010BD3F
:1008A0004FF0FF32F9F73AB90A460021F9F736B9A5
:1008B0005200F9F77DB90A44431E914200D17047B6
:1008C00010B511F8014B914203F8014FF9D110BD59
:1008D000884210B501EB020402D98442234607D8AE
:1008E000431EA14207D011F8012B03F8012FF8E7AE
:1008F0000244824200D110BD13F8011D02F8011D0F
:10090000F7E702440346934200D1704703F8011B06
:10091000F9E7044608B5F9F7F9FC2046E2F7FCFDD3
:100920000139024410B5904201D1002005E003785E
:1009300011F8014FA34201D0181B10BD0130F2E79E
:100940000139034610B532B111F8014F013A03F8ED
:10095000014B002CF7D11A440021934200D110BD65
:1009600003F8011BF9E70246014410B58A42134619
:1009700003D01C780132002CF8D1181A10BDF0B544
:10098000044608B9146844B120460F4614F8015BC8
:1009900017F8016B1EB965B91560002005E0B54276
:1009A000F6D1002BF0D114600370F0BD1C460CE0B2
:1009B0001DB927460E4614F8013B16F8015BAB4201
:1009C000F6D1002BF2D000233B701460EDE7012339
:1009D000FFF7D5BFF0B5C3F13707044603F01F0397
:1009E0001046FFB2082BE6B232D0102B3DD065087E
:1009F000A40845EAC17544EA81748A082D1942EBBE
:100A00005102290941EA02716D1842EB1212290ABA
:100A100041EA02616D1842EB1222290C41EA0241BF
:100A20006D1842EB1242AD1842F10002EC0844EAA4
:100A30004274D10804EB8402A6EB4205EDB2092D05
:100A40000CD90134A5F10A0541F10001EDB212E023
:100A5000E40806F0070544EA4174C908303554EA51
:100A6000010200F8015BBDD1F0BD240906F00F05BD
:100A700044EA01740909092D84BFED19EDB2EDE7CF
:100A8000D1E9043293421EBF5A1C0A6118707047A4
:100A900030C8FD7F01000000D13C010000000000D3
:100AA000C50002000000000000000000800B0300F1
:100AB000B3EC020000000000C528020000000000A6
:100AC000BD2902000000000000000000D40B03005C
:100AD000000000009C0B030000000000B80B0300A6
:100AE00000000000F00B0300F10C02000000000009
:100AF00003EA020000000000000000000C0C0300EC
:100B000000000000280C030081F10100000000003B
:100B10006FE802000000000039040100000000003E
:100B2000513501000000000000000000440C0300EB
:100B300009DB000000000000E535020000000000B5
:100B400000000000600C03004918010000000000D4
:100B5000CD4101000000000099E902000000000002
:100B6000A3E9020000000000854801000000000029
:100B70002D18010000000000150202000000000016
:100B8000CF730300E0210300D015030054170020A9
:100B9000804E002055EE0100000000003A75030071
:100BA00034220300AC1503005A170020184F002010
:100BB00025F70100000000004675030048220300ED
:100BC000AC1503005C170020244F002025F701001E
:100BD00000000000517503005C220300AC15030007
:100BE0005E170020304F002025F7010000000000B4
:100BF0005C75030070220300AC1503006017002031
:100C00003C4F002025F7010000000000FF730300A7
:100C1000000000008C1503005617002000000000A3
:100C200029E2020000000000E8750300942203009E
:100C3000EC15030062170020981600209DF90100B2
:100C400000000000AB78030000000000EC2203006D
:100C5000641700204C4F00209504020000000000A3
:100C600007740300000000009415030058170020CB
:100C700000000000F9F10100000000000000000089
:100C80001DBB0200000000001DBB020000000000B0
:100C90001DBB0200000000001DBB020000000000A0
:100CA0001DBB0200000000001DBB02000000000090
:100CB0001DBB0200000000001DBB02000000000080
:100CC0001DBB0200000000001DBB02000000000070
:100CD0001DBB0200000000001DBB02000000000060
:100CE0001DBB0200000000001DBB02000000000050
:100CF0001DBB0200000000001DBB02000000000040
:100D00001DBB0200000000001DBB0200000000002F
:100D10001DBB0200000000001DBB0200000000001F
:100D20001DBB0200000000001DBB0200000000000F
:100D30001DBB0200000000001DBB020000000000FF
:100D40001DBB0200000000001DBB020000000000EF
:100D50001DBB0200000000001DBB020000000000DF
:100D6000DD0D0200000000001DBB020000000000BD
:100D70001DBB0200000000001DBB020000000000BF
:100D80001DBB0200000000001DBB020000000000AF
:100D90001DBB0200000000001DBB0200000000009F
:100DA0001DBB0200000000001DBB0200000000008F
:100DB0001DBB0200000000001DBB0200000000007F
:100DC0001DBB0200000000001DBB0200000000006F
:100DD0001DBB0200000000001DBB0200000000005F
:100DE0001DBB0200000000001DBB0200000000004F
:100DF0001DBB0200000000001DBB0200000000003F
:100E00001DBB0200000000001DBB0200000000002E
:100E10001DBB0200000000001DBB0200000000001E
:100E20001DBB0200000000001DBB0200000000000E
:100E30001DBB0200000000001DBB020000000000FE
:100E40001DBB0200000000001DBB020000000000EE
:100E50001DBB0200000000001DBB020000000000DE
:100E60001DBB0200000000001DBB020000000000CE
:100E70001DBB0200000000001DBB020000000000BE
:100E80001DBB0200000000001DBB020000000000AE
:100E90001DBB0200000000001DBB0200000000009E
:100EA0001DBB0200000000001DBB0200000000008E
:100EB0001DBB0200000000001DBB0200000000007E
:100EC0001DBB0200000000001DBB0200000000006E
:100ED0001DBB0200000000001DBB0200000000005E
:100EE0001DBB0200000000001DBB0200000000004E
:100EF0001DBB0200000000001DBB0200000000003E
:100F00001DBB0200000000001DBB0200000000002D
:100F10001DBB0200000000001DBB0200000000001D
:100F20001DBB0200000000001DBB0200000000000D
:100F30001DBB0200000000001DBB020000000000FD
:100F40001DBB0200000000003593020000000000FD
:100F50001DBB0200000000001DBB020000000000DD
:100F60001DBB0200000000001DBB020000000000CD
:100F70001DBB0200000000001DBB020000000000BD
:100F80001DBB0200000000001DBB020000000000AD
:100F90001DBB0200000000001DBB0200000000009D
:100FA0001DBB0200000000001DBB0200000000008D
:100FB0001DBB0200000000001DBB0200000000007D
:100FC0001DBB0200000000001DBB0200000000006D
:100FD0001DBB0200000000001DBB0200000000005D
:100FE0001DBB0200000000001DBB0200000000004D
:100FF0001DBB0200000000001DBB0200000000003D
:101000001DBB0200000000001DBB0200000000002C
:101010001DBB0200000000001DBB0200000000001C
:101020001DBB0200000000001DBB0200000000000C
:101030001DBB0200000000001DBB020000000000FC
:101040001DBB0200000000001DBB020000000000EC
:101050001DBB0200000000001DBB020000000000DC
:101060001DBB0200000000001DBB020000000000CC
:101070001DBB0200000000001DBB020000000000BC
:101080001DBB0200000000001DBB020000000000AC
:101090001DBB0200000000001DBB0200000000009C
:1010A0001DBB0200000000001DBB0200000000008C
:1010B0001DBB0200000000001DBB0200000000007C
:1010C0001DBB0200000000001DBB0200000000006C
:1010D0001DBB0200000000001DBB0200000000005C
:1010E0001DBB0200000000001DBB0200000000004C
:1010F0001DBB0200000000001DBB0200000000003C
:101100001DBB0200000000001DBB0200000000002B
:101110001DBB0200000000001DBB0200000000001B
:101120001DBB0200000000001DBB0200000000000B
:101130001DBB0200000000001DBB020000000000FB
:101140001DBB0200000000001DBB020000000000EB
:101150001DBB0200000000001DBB020000000000DB
:101160001DBB0200000000001DBB020000000000CB
:101170001DBB0200000000001DBB020000000000BB
:101180001DBB0200000000001DBB020000000000AB
:101190001DBB0200000000001DBB0200000000009B
:1011A0001DBB0200000000001DBB0200000000008B
:1011B0001DBB0200000000001DBB0200000000007B
:1011C0001DBB0200000000001DBB0200000000006B
:1011D0001DBB0200000000001DBB0200000000005B
:1011E0001DBB0200000000001DBB0200000000004B
:1011F0001DBB0200000000001DBB0200000000003B
:101200001DBB0200000000001DBB0200000000002A
:101210001DBB0200000000001DBB0200000000001A
:101220001DBB0200000000001DBB0200000000000A
:101230001DBB0200000000001DBB020000000000FA
:101240001DBB0200000000001DBB020000000000EA
:101250001DBB0200000000001DBB020000000000DA
:101260001DBB0200000000001DBB020000000000CA
:101270001DBB0200000000001DBB020000000000BA
:101280001DBB0200000000001DBB020000000000AA
:101290001DBB0200000000001DBB0200000000009A
:1012A0001DBB0200000000001DBB0200280C030053
:1012B000EDFC0100000000001DBB0200000000006A
:1012C0001DBB0200000000001DBB0200000000006A
:1012D0001DBB0200000000001DBB0200000000005A
:1012E0001DBB0200000000001DBB0200000000004A
:1012F0001DBB0200000000001DBB0200000000003A
:101300001DBB0200000000001DBB02000000000029
:101310001DBB0200000000001DBB02000000000019
:101320001DBB0200000000001DBB02000000000009
:101330001DBB0200000000001DBB020000000000F9
:101340001DBB0200000000001DBB020000000000E9
:101350001DBB0200D81400205FE302000000000063
:101360001DBB0200000000001DBB020000000000C9
:101370001DBB0200000000001DBB020000000000B9
:101380001DBB0200000000001DBB020000000000A9
:101390001DBB0200000000001DBB0200292202004C
:1013A00039EA0200000000001DBB0200000000003E
:1013B0001DBB0200000000001DBB02000000000079
:1013C0001DBB0200000000001DBB02000000000069
:1013D0001DBB0200000000001DBB02000000000059
:1013E0001DBB0200000000001DBB02000000000049
:1013F0001DBB0200000000001DBB02000000000039
:101400001DBB0200000000001DBB02000000000028
:101410001DBB0200000000001DBB02000000000018
:101420001DBB0200000000001DBB02000000000008
:101430001DBB0200000000001DBB020000000000F8
:101440001DBB0200000000001DBB020000000000E8
:101450001DBB0200000000001DBB020000000000D8
:101460001DBB0200000000001DBB020000000000C8
:101470001DBB0200000000001DBB020000000000B8
:101480001DBB0200000000001DBB020000000000A8
:101490001DBB0200000000001DBB02000000000098
:1014A0001DBB0200000000001DBB02000000000088
:1014B0001DBB0200000000001DBB02000000000078
:1014C0001DBB0200000000001DBB02000000000068
:1014D0001DBB0200000000001DBB02000000000058
:1014E0001DBB0200241400205FE3020017EA020083
:1014F00039EA0200000000001DBB020000000000ED
:101500001DBB0200000000001DBB02000000000027
:101510001DBB0200000000001DBB02000000000017
:101520001DBB0200000000001DBB02000000000007
:101530001DBB0200000000001DBB020000000000F7
:101540001DBB0200000000001DBB020000000000E7
:101550001DBB0200000000001DBB020000000000D7
:101560001DBB0200000000001DBB020000000000C7
:101570001DBB0200000000001DBB020000000000B7
:101580001DBB0200000000001DBB020015E20200AE
:101590000000000021F20100FFE20200E9E2020087
:1015A000E1F10100D1F10100E9F1010029F50100AB
:1015B00017E3020023E3020037E3020041E30200E5
:1015C0004BE3020019F4010021F3010000000000C8
:1015D000B5EE010009E20200D5E1020000000000C2
:1015E00079ED0100000000000000000053E402005B
:1015F000CBE702009BE4020039FB0100FFE302009D
:101600005DE6020069E4020061FA010087E302007E
:1016100005000000458701000600000041D80100D8
:10162000040000005D9A0100BDDF00003DDF000006
:1016300000000000000000000000000000000000AA
:101640003DE300000000000000000000000000007A
:1016500000000000000000000000000071B4010064
:1016600000000000000000009420030008000000BB
:10167000241D030005000000DD64030003000000DA
:10168000D8480300030000006A5E03000300000066
:10169000247303000300000002490300030000005C
:1016A0004757030003000000D66C0300030000004E
:1016B0006C3B030003000000F8520300030000002D
:1016C000E9550300030000001C7303000300000041
:1016D0007861030003000000AD4503000300000033
:1016E0007B3B030003000000C878030003000000F8
:1016F000B678030003000000D0460300030000009A
:101700004071030003000000637303000300000046
:10171000702F030003000000F62B030003000000FD
:10172000F1730300030000007E8903000300000042
:10173000F3450300030000002074030003000000D1
:10174000CC7A0300030000006E33030003000000A6
:101750008534030003000000893403000300000007
:1017600057790300030000009A42030003000000C1
:10177000FF440300030000009A450300030000003B
:10178000773B030003000000CA7903000300000058
:10179000673C0300030000009A7F03000300000081
:1017A000EB2D030003000000D346030003000000FC
:1017B000A9450300030000008B3003000300000074
:1017C000F375030003000000B41C0300D44900209B
:1017D000E135030001000000CD46030000000000D9
:1017E00000000000793E01002D41010000000000D2
:1017F0008C6803000100000000000000DBCF020045
:101800000000000000000000CA6C0300010000009E
:1018100000000000F9AC0100000000000000000022
:10182000C26C03000100000000000000F9A20100EA
:10183000F5B2010000000000147303000100000075
:1018400000000000C9E70100B1E501000000000050
:10185000D06C0300010000000000000099A8010006
:0818600011A8010000000000C6
:1018700000016000300000000000000000000000D7
:10188000600060000000000000000000DF51030065
:10189000E4510300E8510300EC510300F051030050
:1018A000F4510300F8510300FC51030000520300FF
:1018B00004520300085203000C52030010520300AC
:1018C00014520300185203001C520300205203005C
:1018D0002452030000A0105000820D500004055057
:1018E00000860D500500000004000000010000000B
:1018F00001010002070000000100000010270000A5
:101900001027000001000B0002000A00050009007A
:101910000A000800140007001E000600320005003F
:101920004B0004006400030096000200FA0001006E
:10193000F4010000F401FA00960064004B0032004C
:101940001E0014000A000500020001000C08021726
:101950000D0101020909010106020918180301011C
:101960000909838385030201230202240910040468
:1019700005050B0B040B2B1B1B159A9A1C021D163D
:10198000130501490D150508061B1B0F0101000079
:10199000FEFEFEFEFEFEFEFEFEFEFEFEFEFEFEFE67
:1019A000FEFEFEFEFE16FEFEFEFEFEFEFEFEFEFE3F
:1019B000FEFE1F1FFE26FEFEFEFEFEFEFEFEFEFEDD
:1019C000FEFEFEFEFEFEFEFE3E3EFEFEFEFE3B3B3D
:1019D00025262700F82000200200000B010000004F
:1019E00007000000000000000000000000000000F0
:1019F0000406080A0C0E10121416181C1E202224AD
:101A000026282A2C2E30323436383A3C3E40424486
:101A100046484A4C4E021A500000000028000000C0
:101A20001800000000000000F02300002413000054
:101A3000000000004006000040060000000098087A
:101A40006B03000000000000F023000024130000DE
:101A50000000000048A3000014A0000000004006A1
:101A60000C030000601100200200000B5A2100202E
:101A70000200000CBE2100200200000BBE2100204D
:101A80000100000CBC2100200100000C000000003F
:101A90000000010101010101010101010101020236
:101AA00002020202030304040505060607070808EC
:101AB000090A0B0C0D0E0F1011121314151617181E
:101AC000191A1B0010010000D200000030010000B4
:101AD000D800000001000000E40000000200000047
:101AE000EA00000002000000EC000000030000001B
:101AF000EE00000004000000F000000005000000FF
:101B0000F200000006000000F400000007000000E2
:101B1000F600000008000000F700000009000000C7
:101B2000F80000000A000000F90000000B000000AF
:101B3000FA0000000D000000FB0000000F00000094
:101B4000FC00000011000000FD0000001300000078
:101B5000FE00000015000000FF000000180000005B
:101B6000000000001B000000010000001F0000003A
:101B70000200000023000000030000002800000015
:101B8000040000002D0000000500000033000000EC
:101B90000600000039000000070000003F000000C0
:101BA0000800000000100200FA0000000001000818
:101BB0001200000000000000029ECADC240EE5A90D
:101BC000E093F3A3B50100406E029ECADC240EE54B
:101BD000A9E093F3A3B50100406E029ECADC240E77
:101BE000E5A9E093F3A3B50300406E029ECADC248E
:101BF0000EE5A9E093F3A3B50200406E0103006275
:101C0000746C65000000000000000000000000008F
:101C100000000000000000000000000000000000C4
:101C200000000000000000000000000000000000B4
:101C300000010000000000000000000000000000A3
:101C40000338FDD8704700000000000000000000CD
:101C50000338FDD870470000F5DE000000000000EA
:101C600009DC00004DDC0000F82600200004000024
:101C700057B202001DB2020002000000D1B3020000
:101C80000000000000000000000000000000000054
:101C9000C5350300CD350300000000000000000042
:101CA00000000000776A0300D5350300D935030032
:101CB000DD35030031100100251001005510010031
:101CC0000D100100000000001910010000000000CC
:101CD000B1100100DC490020B054002010000000C9
:101CE00004000000000000000000000000F80000F8
:101CF000600C0300010000000000010000200F0044
:101D0000600C0300020000000020100000200F0003
:101D1000600C03000300000000401F000090000062
:101D2000600C0300C4250300BFD4020000000000C3
:101D3000C025030000000100BC2503003DD70200C0
:101D4000000000000014002000000100B425030082
:101D5000E9B40200000000000000000000000100E3
:101D6000B02503003DD7020000000000F81300205A
:101D700000000100A8250300B5B402000000000027
:101D800000000000000001005D150100A1B7020085
:101D90007BB7020000000000FD15010000000000FC
:101DA00097B502002011002000000000060001008D
:101DB00002000000B81D0300000000004A440300B8
:101DC00002000000E0CF1F0000000020524403008A
:101DD00021000000E0FB072014140020DD35010085
:101DE00000000000D3BB0200DC1D0300F81D03004F
:101DF0004A000000000000002CA60020DC1D0300AB
:101E00000C1E03002E00000000000000F4AA0020B9
:101E1000DC1D0300201E0300020100000000000082
:101E2000C8AB002028520300465203006152030051
:101E3000715203007E520300875203008E5203004A
:101E4000955203009C520300A45203007E520300EB
:101E5000AC520300BE520300D3520300E65203000B
:101E60000E030000955C01000F040000615C01009E
:101E70001A010000FD45010005040000154601009F
:101E800013010000014E01003E010000E54A01007F
:101E900001120000B7BE02000A1E0000FBBE0200D5
:101EA000FF010000594C01003E010000394C0100C7
:101EB00005040000614601000804000065500100AF
:101EC00030030000D94F0100100100003D47010020
:101ED0000201000035680100011200007159010083
:101EE0000A1E0000CFBF0200030900009D47010049
:101EF000040B000011490100060A00009D5B01006F
:101F0000070A00000D4701000C050000D94601003A
:101F1000050C0000D95A0100DC1D0300281F030036
:101F20004700000000000000E4AC0020E95D030071
:101F3000F65D0300165E03000A5E0300215E0300E7
:101F4000385E0300485E0300D86003005C5E030057
:101F5000DC1D0300601F0300000000000000000003
:101F600004AE0020DC1D0300741F03004A000000C3
:101F7000000000002CAE00202FC502006FC502003B
:101F8000000000000000000000000000ED8B0100D8
:101F90000000000000000000000000000000000041
:101FA00002020100E5CA0200040401001D970100BD
:101FB000060601005D960100080401004995010034
:101FC0000A020100CDCA02000C040100B5CA0200D9
:101FD0000E040100259401002004010091930100EA
:101FE00010040100A19201001202010037CA020090
:101FF0001E000400EDCE0200520200005DCA020085
:1020000001040200FDA001000302020083CE0200D1
:1020100005010200B5CE020007040200C5CE020091
:1020200009010200C9CE02000B000200CDCE020061
:102030000D000200D1CE02000F000200D5CE02003A
:1020400021020200D9CE020011010200DDCE020001
:1020500013000200E1CE020017040200E5CE0200E8
:1020600019000200E9CE02001B0203004BC7020068
:102070001D020500719001002304030039C702000E
:10208000DC1D0300902003004C0000000000000055
:1020900084AF0020F4250300BFD40200000000003C
:1020A000F025030000000100EC2503003DD70200ED
:1020B000000000005416002000000100E425030089
:1020C0000000000000000000000000000000000010
:1020D000E025030091D40200BDAA01005C16002097
:1020E00000000300DC2503003DD7020000000000D3
:1020F0004C16002000000100D4250300F7D4020094
:1021000011AC01000000000000000300D025030016
:102110003DD702000000000044160020000001002E
:10212000C825030009B20100000000000000000003
:102130000000010075D701000DE00200F9E1010087
:10214000000000000000000065DE0100000000004B
:10215000000000000000000000000000000000007F
:102160000000000071DC0200060000000DD101003B
:1021700006000000F5DC02001000000025D601007A
:102180001000000099E1010001000000B7DB02002F
:10219000100000006DDC02000A00000069D8010098
:1021A0001000000049DF01000700000069DC0200A8
:1021B00010000000C9DA01000100000019D401007C
:1021C0004000000045CF010010000000AFDC02001D
:1021D000010000003DED01002DEE010000000000B7
:1021E000D1EF0100E5EE0100DC73030005E202001F
:1021F00001E20200E2730300EFE10200F5E10200F8
:10220000E87303001000000001FF0000FD01000062
:102210000010000000A0105000820D500004055076
:1022200000860D509C0B0300D40B0300F00B030041
:10223000B80B0300FF03000000A01050241400207E
:102240000000000000000000FF1F000000860D508D
:10225000D81400200000000003000000FFFFFFFF73
:1022600000820D50D8140020000000000100000082
:10227000FF070000000405500000000000000000FF
:102280000200000000A0105000820D500004055014
:1022900000860D5000600C5002000000000000009D
:1022A000C822030000C201000000D60100000000A7
:1022B0000000004000100000EF550020EA5500200B
:1022C000E9550020E855002000600C50D42203009E
:1022D00001000000DC2203000400000030000000C8
:1022E00032000002310600013306000369030200D8
:1022F00083E80200B1E8020000A0105000820D50F7
:102300000004055000860D50080000000A0000007F
:102310000400000001000000E57E0300F37E0300DE
:10232000077F0300167F0300227F0300980A030043
:10233000A80A0300100B0300180B0300700B030026
:10234000800B03009B820300000100008813000043
:102350000309030000010100000202000014000054
:102360000028000000400000010000000200000002
:102370007C23030001000000101010001100000079
:1023800011080000114800001128000001000000A1
:102390000F000000100000001000000020000000EE
:1023A0001000000010000000AC230300110000002A
:1023B00011280000110800000100000000001000BA
:1023C00020000000318E0300C0000000D023030075
:1023D00000000000000000000000000000000000FD
:1023E00000000000E82303000F00000000000000D0
:1023F00000000000060000000000000030000000A7
:10240000C0000000180000003100000000000000C3
:1024100030000000E00000001C0000003900000057
:10242000000000003000000000010000200000005B
:1024300041000000000000003000000040010000EA
:1024400028000000510000000000000030000000E3
:10245000800100003000000061000000000000006A
:102460003000000000020000400000008100000079
:102470000000000017000000C0000000180000006D
:10248000310000000000000017000000E100000023
:102490001D0000003B0000000000000017000000CD
:1024A00000010000200000004100000000000000CA
:1024B00012000000C0000000180000003100000001
:1024C0000100000012000000E00000001C000000FD
:1024D00039000000010000001200000000010000AF
:1024E0002000000041000000010000001200000078
:1024F0004001000028000000510000000100000021
:1025000012000000800100003000000061000000A7
:10251000010000001200000009020000420000005B
:10252000850000000100000041000000FF000000E5
:10253000200000002000000000000000410000001A
:10254000C00100003800000038000000000000005A
:1025500042000000FF0000002000000020000000FA
:102560000000000042000000C0010000390000002F
:1025700039000000000000007C2503002600001048
:1025800000000000003000000C000000000000000F
:102590009425030022000010000C00000031000010
:1025A0000C000000000000030000012A0000012AC6
:1025B000000003280000002A0000002A0000032871
:1025C000000000180000002800002A2B00002A2B21
:1025D000000003280000292B0000292B00000328FD
:1025E000000002290000052A0000052A0000032837
:1025F0000000011800000028FF03FFFFFF07FF1F76
:10260000FF03FFFFFF07FF1FFF03FFFFFF07FF1F82
:102610004572726F72207768696C652064697363B4
:102620006F766572696E6720474154542064617407
:1026300061626173653A20282564290053657276CA
:10264000696365206E6F7420666F756E6400436FFA
:102650006E6E656374696E67206661696C6564009F
:102660005365727669636520646973636F7665721A
:102670007920636F6D706C65746564004D545520EE
:1026800065786368616E6765206661696C65642062
:1026900028657272202568687529004D545520659B
:1026A000786368616E676520646F6E6500636F753F
:1026B0006C64206E6F74207374617274207468652A
:1026C00020646973636F766572792070726F6365D9
:1026D000647572652C206572726F7220636F646519
:1026E0003A202564004E6F742061626C6520746F1F
:1026F00020616C6C6F636174652055415254207287
:102700006563656976652062756666657200415429
:1027100054206572726F7220636F64653A2030785E
:1027200025303258004E6F742061626C6520746FE2
:1027300020616C6C6F636174652055415254207345
:10274000656E6420646174612062756666657200FE
:102750007075626C69630072616E646F6D00707594
:10276000626C69632D69640072616E646F6D2D69BE
:102770006400253032583A253032583A25303258E4
:102780003A253032583A253032583A2530325820DE
:10279000282573290050616972696E672063616E34
:1027A00063656C6C65643A202573005061697269D9
:1027B0006E6720636F6D706C657465643A20257375
:1027C0002C20626F6E6465643A2025640046696C53
:1027D00074657273206D6174636865642E20416452
:1027E00064726573733A20257320636F6E6E656340
:1027F0007461626C653A20256400446973636F6E8E
:102800006E65637465643A2025732C20726561736C
:102810006F6E20307825303278202573004661694C
:102820006C656420746F20636F6E6E6563742074D2
:102830006F2025732C2030782530327820257300C6
:10284000436F6E6E65637465643A202573004D5462
:10285000552065786368616E6765206661696C659F
:1028600064202865727220256429004661696C65C0
:102870006420746F20736574207365637572697466
:10288000793A2025640053746F70204C452073639F
:10289000616E206661696C6564202865727220250E
:1028A00064290050616972696E67206661696C65B0
:1028B0006420636F6E6E3A2025732C2072656173FD
:1028C0006F6E202564202573004661696C65642065
:1028D000746F2073746F70207363616E6E696E67BE
:1028E0002028657272202564290041646472657332
:1028F000732066696C7465722063616E6E6F7420FC
:1029000062652061646465642028657272202564B4
:10291000290046696C7472616E646F2070656C6F1B
:10292000207461672025730046696C74657273209A
:1029300063616E6E6F74206265207475726E65647B
:10294000206F6E2028657272202564290053636110
:102950006E6E696E67206661696C656420746F20B5
:102960007374617274202865727220256429005383
:1029700063616E2073746172746564004661696C92
:10298000656420746F2073656E64206461746120D7
:102990006F766572205541525400536563757269B4
:1029A0007479206368616E6765643A202573206CD2
:1029B0006576656C20257500536563757269747959
:1029C000206661696C65643A202573206C657665C4
:1029D0006C202575206572722025642025730046C1
:1029E00061696C656420746F2072656769737465D2
:1029F0007220617574686F72697A6174696F6E2094
:102A000063616C6C6261636B732E004661696C6517
:102A10006420746F207265676973746572206175D4
:102A200074686F72697A6174696F6E20696E666F1F
:102A30002063616C6C6261636B732E0A00426C757B
:102A400065746F6F746820696E6974206661696C63
:102A5000656420286572722025642900426C7565C2
:102A6000746F6F746820696E697469616C697A65E6
:102A700064005541525420646576696365206E6F29
:102A80007420726561647900756172745F696E6942
:102A900074206661696C6564202865727220256403
:102AA00029004E555320436C69656E7420696E6928
:102AB0007469616C697A6174696F6E206661696CB2
:102AC0006564202865727220256429006E75735F25
:102AD000636C69656E745F696E6974206661696CA8
:102AE0006564202865727220256429004E555320A4
:102AF000436C69656E74206D6F64756C6520696EDA
:102B0000697469616C697A6564005363616E206DF4
:102B10006F64756C6520696E697469616C697A654A
:102B200064000A456E64657265636F20424C4520FF
:102B3000646F20746167202865782E3A2045433AF7
:102B400045463A34303A32443A35453A34362072C2
:102B5000616E646F6D293A20257300200900507260
:102B60006F637572616E646F206F207461672025DA
:102B7000732E2E2E0A000A456E64657265636F20FF
:102B8000696E76616C69646F2E20557365206F20C5
:102B9000666F726D61746F2045433A45463A343032
:102BA0003A32443A35453A34362072616E646F6D7C
:102BB0000A002563004661696C656420746F2073A8
:102BC000656E642064617461206F76657220424C8A
:102BD0004520636F6E6E656374696F6E28657272EF
:102BE00020256429004E55532073656E6420746956
:102BF0006D656F75740063656E7472616C5F75618D
:102C00007274006865617020636F727275707469A8
:102C10006F6E202866726565206C697374206C691C
:102C20006E6B61676529006865617020636F727201
:102C3000757074696F6E20286672656520636875AB
:102C40006E6B206C696E6B616765290068656170E9
:102C500020636F7272757074696F6E20286E6F7466
:102C600020696E207573653F2920617420257000EE
:102C70006865617020636F7272757074696F6E2021
:102C800028627566666572206F766572666C6F770E
:102C90003F29206174202570006865617020636F92
:102CA0007272757074696F6E20286C656674206E20
:102CB00065696768626F723F292061742025700022
:102CC0006865617020636F7272757074696F6E20D1
:102CD00028646F75626C6520667265653F292061A6
:102CE0007420257000574553545F544F5044495247
:102CF0002F7A65706879722F6C69622F68656170D0
:102D00002F686561702E630028616C69676E2026EC
:102D10002028616C69676E202D20312929203D3DD6
:102D2000203000415353455254494F4E20464149AB
:102D30004C205B25735D20402025733A25640A00F2
:102D400009616C69676E206D75737420626520611E
:102D500020706F776572206F6620320A0062797486
:102D60006573203E20686561705F666F6F74657281
:102D70005F627974657328627974657329000968E4
:102D80006561702073697A6520697320746F6F20A4
:102D9000736D616C6C0A00686561705F737A203EC8
:102DA000206368756E6B737A2873697A656F66281D
:102DB000737472756374207A5F6865617029290085
:102DC0006368756E6B305F73697A65202B206D695F
:102DD0006E5F6368756E6B5F73697A65286829201A
:102DE0003C3D20686561705F737A006F735F686552
:102DF000617000574553545F544F504449522F7AE5
:102E000065706879722F6C69622F6F732F636270BF
:102E100072696E74665F7061636B616765642E636F
:102E20000009537472696E67207769746820746F43
:102E30006F206D616E7920617267756D656E747358
:102E40000A00097374725F7074725F706F735B5DF8
:102E500020746F6F20736D616C6C0A0009746F6F62
:102E6000206D616E7920666F726D6174206172678A
:102E7000730A00696E5F7061636B6167656420212E
:102E80003D202828766F6964202A2930290028757A
:102E90006E7369676E6564292063686172202A20F9
:102EA0007573656420666F722025257020617267D6
:102EB000756D656E742E2049742773207265636F7B
:102EC0006D6D656E64656420746F2063617374203A
:102ED000697420746F20766F6964202A20626563AC
:102EE00061757365206974206D6179206361757304
:102EF00065206D69736265686176696F7220696EBD
:102F0000206365727461696E20636F6E66696775B0
:102F1000726174696F6E732E20537472696E673AB2
:102F20002225732220617267756D656E743A25647F
:102F300000736370795F636E74203C2073697A65F7
:102F40006F66286370795F7374725F706F732900A6
:102F50006B6565705F636E74203C2073697A656F82
:102F600066286B6565705F7374725F706F7329009C
:102F700063627072696E74665F7061636B616765CE
:102F800000574553545F544F504449522F7A65704F
:102F90006879722F696E636C7564652F7A657068E5
:102FA00079722F6B65726E656C2E6800216B5F699C
:102FB000735F7072655F6B65726E656C28290009BE
:102FC0006B5F63757272656E745F676574206361B1
:102FD0006C6C6564207072652D6B65726E656C0A31
:102FE00000574553545F544F504449522F7A6570EF
:102FF0006879722F6C69622F6F732F6D7073635FC6
:10300000706275662E6300574553545F544F5044A9
:1030100049522F7A65706879722F696E636C756496
:10302000652F7A65706879722F7370696E6C6F6343
:103030006B2E68007A5F7370696E5F6C6F636B5F95
:1030400076616C6964286C290009496E76616C6947
:1030500064207370696E6C6F636B2025700A007A50
:103060005F7370696E5F756E6C6F636B5F76616CBA
:103070006964286C2900094E6F74206D7920737083
:10308000696E6C6F636B2025700A007379735F67DC
:1030900065746F707400574553545F544F504449E2
:1030A000522F7A65706879722F6C69622F75746916
:1030B0006C732F6F6E6F66662E6300737461746538
:1030C000203D3D20305500217379735F736C697327
:1030D000745F69735F656D70747928266D67722DF2
:1030E0003E636C69656E747329007472616E7369F6
:1030F0007420213D202828766F6964202A293029F0
:10310000007374617465203D3D202831554C203C8E
:103110003C2028312929006D67722D3E7265667347
:10312000203D3D2030007374617465203D3D2028B2
:1031300031554C203C3C2028302929005745535418
:103140005F544F504449522F7A65706879722F6CE2
:1031500069622F7574696C732F6E6F746966792E4E
:1031600063005A4D532056657273696F6E20697300
:10317000206E6F7420737570706F72746564004E8A
:103180006F2076616C696420656D7074792041549C
:103190004520666F756E6420696E20746865206CCA
:1031A00061737420736563746F72004E6F204743C0
:1031B00020446F6E65206D61726B657220666F755D
:1031C0006E643A2072657374617274696E67206709
:1031D0006300474320446F6E65206D61726B6572BA
:1031E00020666F756E6400496E76616C6964206656
:1031F0007300436F756C64206E6F74206F6274612E
:10320000696E20666C61736820706172616D6574AF
:1032100065727300556E737570706F72746564209B
:10322000777269746520626C6F636B2073697A656D
:1032300000496E76616C696420736563746F7220F7
:1032400073697A652C2073686F756C6420626520E1
:103250006174206C6561737420257A7500436F6E0C
:1032600066696775726174696F6E206572726F72DC
:10327000202D20736563746F7220636F756E7420E8
:1032800062656C6F77206D696E696D756D20726512
:1032900071756972656D656E742028322900257517
:1032A00020536563746F7273206F662025752062EA
:1032B0007974657300616C6C6F63207772613A207A
:1032C000256C6C752C20256C6C7800646174612011
:1032D0007772613A20256C6C752C20256C6C780017
:1032E0005A4D5320696E6974206661696C6564206B
:1032F000282564292C20776970696E6720706172B7
:10330000746974696F6E007A6D73206E6F742069D2
:103310006E697469616C697A6564004661696C659F
:103320006420746F20636C6F73652074686520730C
:103330006563746F722C2072657475726E6564209B
:103340003D202564004761726261676520636F6C90
:103350006C656374696F6E206661696C65642C20AE
:1033600072657475726E6564203D20256400667315
:103370005F7A6D7300574553545F544F5044495220
:103380002F7A65706879722F696E636C7564652F2A
:103390007A65706879722F6C6F6767696E672F6CDA
:1033A0006F675F6261636B656E642E680062616364
:1033B0006B656E6420213D202828766F6964202A81
:1033C000293029006C6F6767696E67005745535451
:1033D0005F544F504449522F7A65706879722F7349
:1033E00075627379732F6C6F6767696E672F6C6F87
:1033F000675F636F72652E63006C6F675F62616306
:103400006B656E645F636F756E745F6765742829A2
:10341000203C2028283332202F20335529202D20EE
:103420002831202B20302929006261636B656E648E
:10343000203C3D205F6C6F675F6261636B656E640B
:103440005F6C6973745F656E640009756E65787092
:103450006563746564206C69737420656E64206CA8
:103460006F636174696F6E0A006C6F675F6261639E
:103470006B656E645F636F756E745F676574282932
:10348000203E2030006C6F67006C6F675F6D676D6A
:1034900074004D65737361676520282225732229A6
:1034A0002064726F70706564206265636175736516
:1034B00020697420657863656564732073697A6533
:1034C000206C696D69746174696F6E202825752997
:1034D00000574553545F544F504449522F7A6570FA
:1034E0006879722F7375627379732F6C6F67676970
:1034F0006E672F6C6F675F6D73672E63006C656E10
:10350000203E3D2030000D0A00574553545F544F74
:10351000504449522F7A65706879722F73756273BF
:1035200079732F6C6F6767696E672F6C6F675F6F5A
:1035300075747075742E63006F75745F6374782D85
:103540003E636F6E74726F6C5F626C6F636B2D3E67
:103550006F6666736574203C3D206F75745F63749D
:10356000782D3E73697A65001B5B306D006C657663
:10357000656C203C3D203400257320005B253038ED
:103580006C755D20005B253032753A253032753A16
:10359000253032752E253033752C253033755D205E
:1035A000003C25733E200025732F0025733A200030
:1035B000657272203E3D2030002530327820002098
:1035C0002020007C001B5B313B33316D001B5B31E5
:1035D0003B33336D0077726E00696E66006462671C
:1035E000006C6F675F6261636B656E645F727474B9
:1035F00000574553545F544F504449522F7A6570D9
:103600006879722F7375627379732F736574746937
:103610006E67732F7372632F73657474696E67734B
:103620002E63006368203C3D205F73657474696E8F
:1036300067735F68616E646C65725F7374617469EF
:10364000635F6C6973745F656E64007365742D7677
:10365000616C7565206661696C7572652E206B659D
:10366000793A202573206572726F722825642900CB
:10367000574553545F544F504449522F7A657068F0
:1036800079722F7375627379732F73657474696EB1
:1036900067732F7372632F73657474696E67735FDA
:1036A0007A6D732E63007263203C2073697A656FB4
:1036B000662872646E616D6529004D6178696D756B
:1036C0006D206861736820636F6C6C6973696F6EDD
:1036D000732072656163686564004C696E6B656434
:1036E000206C69737420666F7220686173686573FB
:1036F0002069732062726F6B656E2C205472796939
:103700006E6720746F207265636F766572002A2A77
:103710002A20426F6F74696E67206E524620436F95
:103720006E6E6563742053444B2076332E342E30F6
:103730002D393935353330353536303762202A2A40
:103740002A0A002A2A2A205573696E67205A657052
:10375000687972204F532076342E342E302D6266D5
:1037600038303165346533643139202A2A2A0A0019
:103770004254204741545420444D20575100556E27
:10378000737570706F727465642055554944207468
:103790007970652E00574553545F544F5044495239
:1037A0002F6E72662F7375627379732F626C7565F5
:1037B000746F6F74682F676174745F646D2E63003B
:1037C0006C656E203C3D2028313238202D207369F5
:1037D0007A656F6628737472756374206B5F6865B1
:1037E0006170202A29202D2073697A656F662873FD
:1037F000747275637420646174615F6368756E6B65
:103800005F6974656D202A2929004E6F20737061ED
:10381000636520666F72206E6577206174747269CB
:10382000627574652E004E6F20737061636520664B
:103830006F7220617474726962757465206461745A
:10384000612E00556E696E697469616C697A656490
:1038500020555549442E004E6F20737061636520DA
:10386000666F72206120555549442E004174747270
:10387000696275746573206E6F74206C6F636B651D
:1038800064004741545420646973636F7665722005
:103890006661696C65642C206572726F723A2025CE
:1038A000642E00556E657870656374656420636F7F
:1038B0006E6E206F626A6563742E2041626F72744F
:1038C000696E672E0062745F757569645F636D7001
:1038D00028617474722D3E757569642C20282863E4
:1038E0006F6E7374207374727563742062745F7585
:1038F000756964202A29202828636F6E73742073E9
:1039000074727563742062745F757569645F3136B3
:103910005B5D29207B7B202E75756964203D207BB3
:103920002042545F555549445F545950455F3136E4
:10393000207D2C202E76616C203D20283078323876
:103940003030292C207D7D292929203D3D20302023
:103950007C7C2062745F757569645F636D7028613B
:103960007474722D3E757569642C202828636F6EFF
:103970007374207374727563742062745F757569F3
:1039800064202A29202828636F6E73742073747250
:103990007563742062745F757569645F31365B5D51
:1039A00029207B7B202E75756964203D207B204279
:1039B000545F555549445F545950455F3136207D19
:1039C0002C202E76616C203D202830783238303122
:1039D000292C207D7D292929203D3D2030004E6F56
:1039E0007420656E6F756768206D656D6F727920E4
:1039F000666F722073657276696365206174747294
:103A000069627574652E006375725F73657276699D
:103A100063655F76616C20213D202828766F69649C
:103A2000202A293029004E6F7420656E6F756768F3
:103A3000206D656D6F727920666F72207365727686
:103A4000696365206174747269627574652064616C
:103A500074612E004E6F7420656E6F756768206DFF
:103A6000656D6F727920666F72206E657874206163
:103A700074747269627574652064657363726970C9
:103A8000746F722061742068616E646C65202575A6
:103A90002E0062745F757569645F636D7028617470
:103AA00074722D3E757569642C202828636F6E73BF
:103AB00074207374727563742062745F75756964C1
:103AC000202A29202828636F6E73742073747275FE
:103AD00063742062745F757569645F31365B5D295C
:103AE000207B7B202E75756964203D207B2042540D
:103AF0005F555549445F545950455F3136207D2C00
:103B0000202E76616C203D202830783238303329E1
:103B10002C207D7D292929203D3D203000637572B0
:103B20005F676174745F6368726320213D20282899
:103B3000766F6964202A2930290009556E6B6E6FF3
:103B4000776E20706172616D20747970652E0A0045
:103B5000446973636F766572206661696C65642C75
:103B6000206572726F723A2025642E0062745F675E
:103B70006174745F646D006E72665F62745F73631C
:103B8000616E004D697373696E67204E5553205402
:103B900058206368617261637465726973746963E4
:103BA0002E004D697373696E67204E55532054582B
:103BB0002076616C75652064657363726970746FDB
:103BC0007220696E206368617261637465726973E3
:103BD0007469632E004D697373696E67204E555387
:103BE0002054582043434320696E2063686172610A
:103BF0006374657269737469632E004D69737369C8
:103C00006E67204E5553205258206368617261637D
:103C100074657269737469632E004D697373696E9C
:103C200067204E55532052582076616C756520648C
:103C3000657363726970746F7220696E2063686166
:103C400072616374657269737469632E005375627F
:103C5000736372696265206661696C6564202865BA
:103C6000727220256429006E75735F630072302FB5
:103C700061313A2020307825303878202072312F79
:103C800061323A2020307825303878202072322F67
:103C900061333A20203078253038780072332F6134
:103CA000343A2020307825303878207231322F692C
:103CB000703A2020307825303878207231342F6CDB
:103CC000723A20203078253038780020787073726E
:103CD0003A2020307825303878004661756C746958
:103CE0006E6720696E737472756374696F6E20619C
:103CF00064647265737320287231352F7063293ABA
:103D00002030782530387800556E68616E646C65B7
:103D100064204952516E3A202564002A2A2A2A2A10
:103D2000205553414745204641554C54202A2A2AC4
:103D30002A2A0020204469766973696F6E206279AF
:103D4000207A65726F002020556E616C69676E6520
:103D500064206D656D6F72792061636365737300B4
:103D60002020537461636B206F766572666C6F7789
:103D70002028636F6E746578742061726561206EAF
:103D80006F742076616C6964290020204E6F206377
:103D90006F70726F636573736F7220696E73747284
:103DA000756374696F6E73002020496C6C65676180
:103DB0006C206C6F6164206F66204558435F5245EC
:103DC0005455524E20696E746F2050430020204994
:103DD0006C6C6567616C20757365206F6620746814
:103DE000652045505352002020417474656D7074F5
:103DF00020746F206578656375746520756E6465E1
:103E000066696E656420696E737472756374696F38
:103E10006E002A2A2A2A2A204D5055204641554C08
:103E200054202A2A2A2A2A002020537461636B69AD
:103E30006E67206572726F722028636F6E7465788A
:103E4000742061726561206D696768742062652005
:103E50006E6F742076616C696429002020556E7342
:103E60007461636B696E67206572726F72002020E7
:103E700044617461204163636573732056696F6C9C
:103E80006174696F6E0020204D4D4641522041649F
:103E900064726573733A2030782578002020496E6B
:103EA000737472756374696F6E20416363657373B5
:103EB0002056696F6C6174696F6E002020466C6FCC
:103EC0006174696E672D706F696E74206C617A79A8
:103ED00020737461746520707265736572766174A5
:103EE000696F6E206572726F7200574553545F544C
:103EF0004F504449522F7A65706879722F6172630E
:103F0000682F61726D2F636F72652F636F727465B6
:103F1000785F6D2F6661756C742E630021282828E8
:103F20005343425F54797065202A2920282830782D
:103F30004530303045303030554C29202B203078FA
:103F400030443030554C2920292D3E4346535220D1
:103F500026202831554C203C3C20283055202B2051
:103F600034552929290009537461636B696E6720F0
:103F70006F722044617461204163636573732056DE
:103F8000696F6C6174696F6E206572726F722077F1
:103F90006974686F757420737461636B20677561F1
:103FA00072642C20757365722D6D6F6465206F725D
:103FB000206E756C6C2D706F696E7465722064650F
:103FC00074656374696F6E0A0A002A2A2A2A2A20F5
:103FD000425553204641554C54202A2A2A2A2A0069
:103FE0002020537461636B696E67206572726F7213
:103FF00000202050726563697365206461746120DC
:10400000627573206572726F7200202042464152C1
:1040100020416464726573733A20307825780020FB
:1040200020496D70726563697365206461746120F5
:10403000627573206572726F72002020496E73740E
:1040400072756374696F6E20627573206572726F2A
:104050007200526573657276656420457863657099
:1040600074696F6E20280053707572696F757320C4
:10407000696E7465727275707420284952512000FF
:10408000535053454C20696E2074687265616420FA
:104090006D6F646520646F6573206E6F7420696E48
:1040A0006469636174652050535000657366202114
:1040B0003D202828766F6964202A29302900094587
:1040C000534620636F756C64206E6F7420626520A8
:1040D0007265747269657665642073756363657370
:1040E0007366756C6C792E205368616C6C206E65FC
:1040F000766572206F636375722E0A002A2A2A2A57
:104100002A2048415244204641554C54202A2A2A0C
:104110002A2A002020427573206661756C74206F16
:104120006E20766563746F72207461626C652072B4
:104130006561640020204465627567206576656E60
:10414000740020204661756C7420657363616C6136
:1041500074696F6E20287365652062656C6F7729BE
:1041600000415243485F4558434550542077697495
:104170006820726561736F6E2025780A00094661B8
:10418000756C7420657363616C6174696F6E207700
:104190006974686F75742046535220696E666F0AA1
:1041A0000009486172644661756C742077697468AF
:1041B0006F7574204846535220696E666F205368AD
:1041C000616C6C206E65766572206F636375720A30
:1041D000002A2A2A2A2A204465627567206D6F6E9C
:1041E00069746F7220657863657074696F6E202AD8
:1041F0002A2A2A2A002A2A2A2A2A202573202564E4
:1042000029202A2A2A2A2A00574553545F544F50FE
:104210004449522F7A65706879722F617263682FF2
:1042200061726D2F636F72652F636F727465785F53
:104230006D2F6972715F6D616E6167652E630070CD
:1042400072696F203C3D20282831554C203C3C2091
:1042500028332929202D2031290009696E76616CC7
:104260006964207072696F726974792025642066B0
:104270006F7220256420697271212076616C7565EA
:1042800073206D757374206265206C657373207480
:1042900068616E20256C750A0A006D7075004661B4
:1042A000696C656420746F20616C6C6F6361746508
:1042B000206E6577204D505520726567696F6E20BE
:1042C00025750A00506172746974696F6E202575D6
:1042D0003A20636F686572656E6365206368656325
:1042E0006B206661696C65642E00496E76616C694D
:1042F0006420756E6465726C79696E67207265679B
:10430000696F6E20696E6465782025750057455386
:10431000545F544F504449522F7A65706879722F18
:10432000617263682F61726D2F636F72652F6D709C
:10433000752F61726D5F6D70752E630009436F6E2E
:104340006669677572696E6720257520737461747C
:104350006963204D505520726567696F6E732066E2
:1043600061696C65640A0A00094D61726B696E6768
:1043700020257520617265617320666F72206479F3
:104380006E616D696320726567696F6E7320666127
:10439000696C65640A0A0009526571756573742059
:1043A000746F20636F6E6669677572653A20257554
:1043B00020726567696F6E732028737570706F72F5
:1043C0007465643A202575290A0A002128726567F8
:1043D000696F6E5B6964785D2E64745F617474727A
:1043E0002026202831554C203C3C202830292929E2
:1043F000000952414D5F4E4F434143484520776984
:1044000074682044545F4D454D5F434143484541E6
:10441000424C45206174747269627574650A0A00C1
:10442000094661696C656420746F20616C6C6F6310
:10443000617465204D505520726567696F6E7320F9
:1044400066726F6D2044540A0A00464C4153485F1F
:1044500030005352414D5F3000574553545F544F25
:10446000504449522F7A65706879722F6C69622FB7
:104470006C6962632F7069636F6C6962632F61732B
:10448000736572742E6300657869740057455354E0
:104490005F544F504449522F7A65706879722F6C7F
:1044A00069622F6E65745F6275662F6275662E6332
:1044B000006275662D3E6672616773203D3D20285F
:1044C00028766F6964202A293029007265715F732C
:1044D000697A65203C3D2073697A65006275662DB6
:1044E0003E726566000962756620257020646F75EE
:1044F000626C6520667265650A0066726167006EAF
:1045000065745F62756600574553545F544F50445D
:1045100049522F7A65706879722F6C69622F6E65C7
:10452000745F6275662F6275665F73696D706C6526
:104530002E63006275662D3E6C656E203D3D203019
:1045400055006E65745F6275665F73696D706C654A
:104550005F7461696C726F6F6D2862756629203EA9
:104560003D206C656E006275662D3E6C656E203E6A
:104570003D206C656E006E65745F6275665F736981
:104580006D706C655F68656164726F6F6D286275D0
:104590006629203E3D206C656E006E65745F627515
:1045A000665F73696D706C6500736F630062745F42
:1045B00072706100496E73756666696369656E74D1
:1045C000206E756D626572206F6620617267756D11
:1045D000656E74730049676E6F72696E67206964F7
:1045E000656E7469746965732073746F7265642095
:1045F000696E20666C61736800496E76616C6964EF
:10460000206C656E6774682049442061646472653B
:10461000737320696E2073746F72616765006274D2
:104620002F25732F25303278253032782530327897
:1046300025303278253032782530327825752F258F
:10464000730062742F25732F25303278253032782D
:10465000253032782530327825303278253032785E
:1046600025750073657474696E67735F7375627323
:1046700079735F696E6974206661696C656420286E
:10468000657272202564290062742F2573004661CB
:10469000696C656420746F207361766520494420DD
:1046A000286572722025642900556E61626C652050
:1046B000746F20736574757020616E206964656E17
:1046C0007469747920616464726573730062740044
:1046D00062745F73657474696E6773004254204C32
:1046E0005720575100574553545F544F5044495237
:1046F0002F7A65706879722F696E636C7564652FA7
:104700007A65706879722F7379732F627974656F27
:10471000726465722E6800282870737263203C20D2
:1047200070647374202626202870737263202B20F7
:104730006C656E67746829203C3D20706473742931
:10474000207C7C202870737263203E207064737418
:10475000202626202870647374202B206C656E67D9
:10476000746829203C3D2070737263292900095325
:104770006F7572636520616E642064657374696E21
:104780006174696F6E2062756666657273206D75FF
:104790007374206E6F74206F7665726C61700A009E
:1047A000287075626C696329002872616E646F6D90
:1047B0002900287075626C69632D6964290028726C
:1047C000616E646F6D2D69642900574553545F54C1
:1047D0004F504449522F7A65706879722F73756211
:1047E0007379732F626C7565746F6F74682F686F5F
:1047F00073742F6275662E630074797065203D3D79
:104800002042545F4255465F455654207C7C2074BC
:10481000797065203D3D2042545F4255465F4143DB
:104820004C5F494E207C7C2074797065203D3D2092
:1048300042545F4255465F49534F5F494E00094914
:104840006E76616C69642062756666657220747943
:104850007065207265717565737465640A005745EB
:1048600053545F544F504449522F7A65706879729F
:104870002F696E636C7564652F7A65706879722F25
:10488000626C7565746F6F74682F6275662E680050
:104890006D6574612D3E706172656E740076696538
:1048A00077006E65745F6275665F68656164726FDC
:1048B0006F6D28706172656E7429203E2030002172
:1048C00062745F6275665F6861735F766965772899
:1048D000706172656E74290062745F627566006D46
:1048E000616C666F726D656420616476657274696F
:1048F00073696E672064617461202575202F2025FF
:10490000750062745F646174610044617461206267
:104910007566666572206F766572666C6F772028A3
:104920006C696E6B20747970652030782530327830
:104930002900556E61626C6520746F206C6F6F6B1F
:1049400020757020636F6E6E2077697468206861CF
:104950006E646C65202575004572726F72207768F1
:10496000696C65207570646174696E672074686530
:10497000207363616E6E6572202825642900556E70
:1049800061626C6520746F206C6F6F6B7570206353
:104990006F6E6E20666F722068616E646C65202594
:1049A00075004861726477617265206572726F721A
:1049B0002C20686172647761726520636F64653A68
:1049C00020256400436F756C64206E6F74207375CE
:1049D000626D69742072785F776F726B3A2025641C
:1049E00000696E74657276616C20657863656564D4
:1049F00073207468652076616C69642072616E67EB
:104A000065202575207573006C6174656E6379206F
:104A100065786365656473207468652076616C6988
:104A2000642072616E6765203078253034780073B9
:104A30007570765F74696D656F75742065786365F0
:104A4000656473207468652076616C6964207261A6
:104A50006E67652030782530347800556E61626C61
:104A60006520746F20616C6C6F6361746520627582
:104A70006666657200556E68616E646C656420657B
:104A800076656E7420307825303278206C656E2023
:104A900025753A20257300546F6F20736D616C6C1F
:104AA0002028257520627974657329206576656EE6
:104AB000742030782530327800496E76616C6964F4
:104AC00020484349206576656E742073697A6520B5
:104AD0002825752900496E76616C6964204C452053
:104AE0006D657461206576656E742073697A6520E2
:104AF0002825752900574553545F544F5044495257
:104B00002F7A65706879722F7375627379732F626B
:104B10006C7565746F6F74682F686F73742F68633A
:104B2000695F636F72652E63006576745F666C61A2
:104B300067732026202831554C203C3C2028302902
:104B40002900496E76616C6964206275662074790B
:104B5000706520257500496E76616C696420484354
:104B6000492041434C207061636B65742073697AFE
:104B70006520282575290041434C2064617461201B
:104B80006C656E677468206D69736D61746368200D
:104B900028257520213D2025752900556E61626C00
:104BA0006520746F2066696E6420636F6E6E206688
:104BB0006F722068616E646C652025750062745F99
:104BC0006863695F6576745F6765745F666C61676B
:104BD00073286864722D3E6576742920262028315A
:104BE000554C203C3C202831292900556E6B6E6FB6
:104BF000776E206275662074797065202575005582
:104C00006E68616E646C65642076656E646F722D8B
:104C10007370656369666963206576656E742030BC
:104C20007825303278206C656E2025753A20257302
:104C3000004E6F20636F6D6D616E642073656E74DE
:104C400020666F7220636D6420636F6D706C657495
:104C50006520307825303478004F70436F646520CC
:104C600030782530347820636F6D706C65746564BE
:104C700020696E7374656164206F66206578706565
:104C8000637465642030782530347800216275665D
:104C900000657674206E756D5F68616E646C657317
:104CA00020283D25752920746F6F206C617267651F
:104CB0002028257A75203E20257529004E6F206317
:104CC0006F6E6E656374696F6E20666F72206861C7
:104CD0006E646C65202575007061636B657473206C
:104CE000636F756E74206D69736D617463680061C4
:104CF000746F6D69635F6765742826636F6E6E2DD0
:104D00003E696E5F6C6C29004661696C6564207455
:104D10006F207365742072657175697265642073A4
:104D200065637572697479206C6576656C004E6F89
:104D3000206368616E676520746F20656E637279A9
:104D40007074696F6E2073746174652028656E637A
:104D500072797074203078253032782900756E6B46
:104D60006E6F776E005B305D00484349207472615E
:104D70006E73706F72743A20257300534443004978
:104D800064656E7469747925733A202573004964EB
:104D9000656E746974795B25645D3A2025730048FB
:104DA00043493A2076657273696F6E202573202817
:104DB00030782530327829207265766973696F6E94
:104DC000203078253034782C206D616E75666163F3
:104DD000747572657220307825303478004C4D50EF
:104DE0003A2076657273696F6E20257320283078BB
:104DF00025303278292073756276657220307825E7
:104E0000303478004E6F20494420616464726573C9
:104E1000732E20417070206D7573742063616C6C0B
:104E20002073657474696E67735F6C6F61642829A1
:104E3000005A6570687972000925640A00556E6130
:104E4000626C6520746F2073656E6420746F2064DB
:104E500072697665722028657272202564290009BE
:104E6000436F6E74726F6C6C657220756E726573D1
:104E7000706F6E736976652C20636F6D6D616E6403
:104E8000206F70636F64652030782530347820742B
:104E9000696D656F7574207769746820657272201A
:104EA00025640A006F70636F6465203078253034A4
:104EB00078207374617475732030782530327820CF
:104EC0002573004661696C656420746F20726561AA
:104ED0006420444C45206D61782064617461206CCD
:104EE000656E0074785F6F637465747320657863B2
:104EF00065656473207468652076616C69642072EE
:104F0000616E67652025750074785F74696D652032
:104F100065786365656473207468652076616C6983
:104F2000642072616E6765202575004E6F20706584
:104F30006E64696E672063656E7472616C20636F66
:104F40006E6E656374696F6E00436F6E6E65637439
:104F5000696F6E206372656174696F6E2074696D2C
:104F6000656F757420747269676765726564004661
:104F700061696C656420746F20726573746172740A
:104F800020696E69746961746F7200556E6578701E
:104F9000656374656420737461747573203078255B
:104FA000303278202573006576742D3E73746174F9
:104FB0007573203D3D2030783030004E6F20706595
:104FC0006E64696E6720636F6E6E20666F7220700C
:104FD000656572202573004E6F6E2D4C4520636110
:104FE0007061626C6520636F6E74726F6C6C657259
:104FF00020646574656374656421004E756D206F6F
:105000006620436F6E74726F6C6C657227732041FB
:10501000434C207061636B65747320213D204143D4
:105020004C2062745F636F6E6E5F747820636F6E86
:1050300074657874732028257520213D20257529F5
:105040000041434C2042522F45445220627566660F
:10505000657273206E6F7420696E697469616C6922
:105060007A65640056656E646F7220484349206516
:105070007874656E73696F6E73206E6F74206176DD
:1050800061696C61626C6500485720506C617466A0
:105090006F726D3A202573202830782530347829B6
:1050A0000048572056617269616E743A202573205A
:1050B0002830782530347829004669726D7761721E
:1050C000653A2025732028307825303278292056FB
:1050D000657273696F6E2025752E2575204275697E
:1050E0006C64202575004661696C656420746F20CE
:1050F0007265616420737570706F72746564207678
:10510000656E646F7220636F6D6D616E64730046CF
:1051100061696C656420746F2072656164207375C9
:1051200070706F727465642076656E646F7220664D
:1051300065617475726573004843492064726976CD
:105140006572206973206E6F7420726561647900E6
:1051500042542052582057510048434920647269F4
:10516000766572206F70656E206661696C6564207B
:1051700028256429004F7574206F6620636F6D6D5C
:10518000616E64206275666665727300556E65783F
:1051900070656374656420484F53545F4E554D5F8E
:1051A000434F4D504C455445445F5041434B45544B
:1051B000532C2073746174757320307825303278E5
:1051C00020257300556E636C65617265642070659F
:1051D0006E64696E672073656E745F636D64003121
:1051E0002E306200312E3100312E3200322E30004E
:1051F000322E3100332E3000342E3000342E310068
:10520000342E3200352E3000352E3100352E32004E
:10521000352E3300352E3400362E3000362E310038
:10522000362E3200362E33005374616E6461726420
:1052300020426C7565746F6F746820636F6E747252
:105240006F6C6C65720056656E646F72207370656A
:10525000636966696320636F6E74726F6C6C6572EC
:10526000004669726D77617265206C6F616465726A
:105270000052657363756520696D616765007265CD
:10528000736572766564006E5246353178006E52F1
:1052900046353278006E5246353378006E524635C8
:1052A000344878006E524635344C7800496E746547
:1052B0006C20436F72706F726174696F6E004E6F15
:1052C000726469632053656D69636F6E647563749E
:1052D0006F72004E58502053656D69636F6E647530
:1052E00063746F72730045737072657373696620BF
:1052F00053797374656D730062745F6863695F638B
:105300006F726500636D6420646973616C6C6F77A4
:10531000656400574553545F544F504449522F7AA7
:1053200065706879722F7375627379732F626C750B
:1053300065746F6F74682F686F73742F69642E6360
:1053400000636F6E666C69637420213D20282876A7
:105350006F6964202A29302900636F6E666C696367
:10536000742D3E63616E64696461746520213D2023
:105370002828766F6964202A2930290072657369AC
:1053800064656E7420213D202828766F6964202A88
:105390002930290028636F6E666C6963742D3E6343
:1053A000616E6469646174652D3E73746174652017
:1053B000262042545F4B4559535F49445F41444462
:1053C000454429203D3D2030004661696C656420DC
:1053D000746F2064697361626C65206164647265D6
:1053E0007373207265736F6C7574696F6E005265AC
:1053F000736F6C76696E67206C6973742073697A59
:10540000652065786365656465642E2053776974EB
:105410006368696E6720746F20686F73742E00462E
:1054200061696C656420746F20636C6561722072C1
:1054300065736F6C7574696F6E206C697374004668
:1054400061696C656420746F206164642049524B0B
:1054500020746F20636F6E74726F6C6C6572005392
:1054600065742070726976616379206D6F64652060
:10547000636F6D6D616E64206973206E6F7420734D
:105480007570706F72746564004661696C65642044
:10549000746F207365742070726976616379206D12
:1054A0006F64650062745F6465762E6C652E726C45
:1054B0005F656E7472696573203E203000446973C5
:1054C00061626C696E6720616464726573732072D7
:1054D00065736F6C7574696F6E206661696C656465
:1054E000202865727220256429004661696C656414
:1054F00020746F2072656D6F76652049524B20666F
:10550000726F6D20636F6E74726F6C6C6572004F9A
:105510006E6C792072616E646F6D20737461746952
:1055200063206964656E746974792061646472656E
:10553000737320737570706F7274656400496E7652
:10554000616C696420696E70757420706172616D40
:105550006574657273004661696C656420746F20C0
:1055600072656164207075626C6963206164647245
:1055700065737300526561642053746174696320BC
:1055800041646472657373657320636F6D6D616EE2
:1055900064206E6F7420617661696C61626C650075
:1055A0004661696C656420746F2072656164207364
:1055B00074617469632061646472657373657300F8
:1055C0004E6F2073746174696320616464726573E3
:1055D0007365732073746F72656420696E20636FE6
:1055E0006E74726F6C6C65720062745F69640055F2
:1055F0006E657870656374656420656E64206F669F
:1056000020627566666572004661696C6564207427
:105610006F2067656E657261746520454343206B3A
:105620006579202564004661696C656420746F208B
:105630006578706F727420454343207075626C69A1
:1056400063206B6579202564004661696C65642080
:10565000746F206578706F727420454343207072B8
:105660006976617465206B657920256400466169FF
:105670006C656420746F2064657374726F79204563
:105680004343206B657920494420256400466169C5
:105690006C656420746F20696D706F72742074681B
:1056A000652070726976617465206B657920666F1C
:1056B00072206B65792061677265656D656E742017
:1056C000256400526177206B65792061677265659A
:1056D0006D656E74206661696C65642025640046A2
:1056E00061696C656420746F2064657374726F798E
:1056F00020746865206B6579202564007073615F94
:10570000696D706F72745F6B65792829207265749A
:1057100075726E65642073746174757320256400FE
:105720004275737920706572666F726D696E67205D
:10573000616E6F746865722045434448206F7065E0
:10574000726174696F6E0062745F656363005745D0
:1057500053545F544F504449522F7A6570687972A0
:105760002F7375627379732F626C7565746F6F74C4
:10577000682F686F73742F636F6E6E2E63006362A1
:10578000203C3D205F62745F636F6E6E5F63625F9B
:105790006C6973745F656E640069735F61636C5FED
:1057A000636F6E6E28636F6E6E29006B5F63757238
:1057B00072656E745F6765742829203D3D206B5FBC
:1057C000776F726B5F71756575655F74687265611F
:1057D000645F6765742874785F6E6F746966795F5B
:1057E000776F726B71756575655F676574282929B8
:1057F000004661696C656420726561642072656D44
:105800006F74652066656174757265732028256400
:10581000290050485920307825303278206E6F7436
:1058200020737570706F72746564004661696C6591
:1058300064204C4520536574205048592028256425
:1058400029004661696C656420746F20736574205B
:1058500064617461206C656E2028256429000963E9
:105860006F756C646E2774207375626D697420287F
:10587000657272202564290A00556E65787065632B
:10588000746564206669727374204C324341502001
:105890006672616D6500556E6578706563746564E8
:1058A000204C3243415020636F6E74696E75617491
:1058B000696F6E004E6F7420656E6F756768206249
:1058C000756666657220737061636520666F72200D
:1058D0004C32434150206461746100556E657870AC
:1058E00065637465642041434C20666C6167732076
:1058F00028307825303278290041434C206C656E81
:10590000206D69736D6174636820282575203E20C1
:105910002575290009496E76616C696420636F6E94
:105920006E656374696F6E207265666572656E631D
:10593000650A006F6C64203E20300009436F6E6E74
:10594000207265666572656E636520636F756E743F
:10595000657220697320300A0021636F6E6E5F7478
:10596000785F69735F70656E64696E67000974784B
:105970005F636F6D706C6574655F776F726B2069C4
:10598000732070656E64696E67207768656E20634A
:105990006F6E6E206973206465616C6C6F636174F7
:1059A00065640A0028756E6B6E6F776E29006E6FE6
:1059B000207472616E736974696F6E20257300457F
:1059C00072726F72207768696C652072656D6F7690
:1059D000696E6720636F6E6E2075736572206672E4
:1059E0006F6D207363616E6E6572202825642900D7
:1059F000496E76616C69642028257529206F6C6476
:105A000020737461746500636F6E6E20257020666C
:105A100061696C656420746F2065737461626C6980
:105A200073682E205246206E6F6973653F006E6F5B
:105A30002076616C6964202825752920737461744F
:105A400065207761732073657400696E636F6D7094
:105A5000617469626C652068616E646C652025758F
:105A6000002828636F6E6E29202626202828756955
:105A70006E747074725F74292861636C5F636F6EFB
:105A80006E732929203C3D20282875696E74707436
:105A9000725F742928636F6E6E29292026262028BC
:105AA0002875696E747074725F742928636F6E6EE6
:105AB0002929203C20282875696E747074725F74DF
:105AC0002928262861636C5F636F6E6E73295B28DB
:105AD0002873697A655F7429282828696E74297388
:105AE000697A656F6628636861725B31202D2028B2
:105AF00032202A202128215F5F6275696C74696EEB
:105B00005F74797065735F636F6D70617469626CE7
:105B1000655F70285F5F747970656F665F5F28618D
:105B2000636C5F636F6E6E73292C205F5F74797096
:105B3000656F665F5F28262861636C5F636F6E6EBA
:105B400073295B305D292929295D29202D203129E0
:105B5000202B202873697A656F662861636C5F6308
:105B60006F6E6E7329202F2073697A656F662828FF
:105B700061636C5F636F6E6E73295B305D292929E9
:105B8000295D29292026262028282875696E747009
:105B900074725F742928636F6E6E2929202D202866
:105BA0002875696E747074725F74292861636C5F04
:105BB000636F6E6E7329292920252073697A656FBA
:105BC00066282861636C5F636F6E6E73295B305D5E
:105BD00029203D3D2030290009496E76616C6964B9
:105BE0002062745F636F6E6E20706F696E74657291
:105BF0000A00216B5F69735F696E5F6973722829A0
:105C00000054696D656F75742064697363617264B3
:105C100065642E204E6F20626C6F636B696E672027
:105C2000696E2073797377712E0009496E76616C05
:105C3000696420636F6E6E20747970652025750A23
:105C400000746D7020213D20636F6E6E0070726570
:105C50007620213D2026636F6E6E2D3E5F636F6E52
:105C60006E5F726561647900094E6F20636F6E74B8
:105C7000726F6C6C657220627566730A00094E6FF4
:105C800020545820636F6E746578740A0030207C4D
:105C90007C20286275662D3E726566203D3D203170
:105CA00029207C7C20286275662D3E726566203D29
:105CB0003D203229002162745F6275665F686173FE
:105CC0005F76696577286F75747369646529006606
:105CD00072616720213D202828766F6964202A2977
:105CE00030290009496E76616C696420636F6E6EBD
:105CF000656374696F6E20747970652025750A007C
:105D0000466174616C206572726F72202825642967
:105D10002E20446973636F6E6E656374696E6720CD
:105D2000257000466F756E642076616C696420632F
:105D30006F6E6E656374696F6E20282570292077F9
:105D400069746820616464726573732025732069C7
:105D50006E20257320737461746520002A636F6E52
:105D60006E2073686F756C6420626520756E726555
:105D7000666572656E63656420616E6420696E6934
:105D80007469616C697A656420746F204E554C4C5F
:105D9000004E6F206275666665727320746F2063B3
:105DA000616E63656C20636F6E6E656374696F6EA0
:105DB0002C207265747279696E6720696E203130AB
:105DC000206D730053656E64204C452070617261D4
:105DD0006D20757064617465206661696C6564200E
:105DE000286572722025642900646973636F6E6E82
:105DF000656374656400646973636F6E6E65637474
:105E00002D636F6D706C657465007363616E2D62D8
:105E100065666F72652D696E6974696174696E6714
:105E200000696E6974696174696E672D66696C7466
:105E300065722D6C697374006164762D636F6E6E8C
:105E400065637461626C65006164762D6469722DAE
:105E5000636F6E6E65637461626C65006469736321
:105E60006F6E6E656374696E670062745F636F6EF8
:105E70006E00574553545F544F504449522F7A6532
:105E8000706879722F7375627379732F626C7565A0
:105E9000746F6F74682F686F73742F6C32636170E6
:105EA0002E630073203D3D20266C655F6368616E44
:105EB0002D3E5F7064755F726561647900556E6137
:105EC000626C6520746F20616C6C6F636174652017
:105ED00062756666657220666F72206F702030781A
:105EE00025303278004E6F20617661696C61626C9A
:105EF00065204C3243415020636F6E746578742086
:105F0000666F7220636F6E6E202570004578706535
:105F10006374696E6720757020746F202564207229
:105F20006566732C20676F7420256400636F6E6E46
:105F30002D3E7374617465203D3D2042545F434F94
:105F40004E4E5F434F4E4E454354454400616C7284
:105F50006561647920686176652076696577206F70
:105F60006E202570006669666F5F706475203D3D28
:105F7000207064750028666368616E2D3E636964F5
:105F8000203E3D2030783030303120262620666398
:105F900068616E2D3E636964203C3D20307830306E
:105FA0003366290009434944202575206973206E12
:105FB0006F7420696E207468652066697865642056
:105FC0006368616E6E656C2072616E67650A00635E
:105FD00068616E203D3D202828766F6964202A295B
:105FE000302900094669786564206368616E6E65D2
:105FF0006C20776974682043494420257520616CC2
:106000007265616479206578697374730A006663E8
:1060100068616E203C3D205F62745F6C326361702A
:106020005F66697865645F6368616E5F6C697374ED
:106030005F656E64004C32434150206C656E67743E
:1060400068206D69736D617463682028257520214F
:106050003D2025752900496E76616C69642069646C
:10606000656E742076616C756520696E204C3243D4
:1060700041502050445500496E76616C6964204C53
:106080004520636F6E6E20706172616D2072737057
:106090002073697A652028257520213D20257A7591
:1060A0002900496E76616C6964204C4520636F6EEF
:1060B0006E2075706461746520706172616D20720C
:1060C00065712073697A652028257520213D20257A
:1060D0007A7529004E6F7420636F6E6E6563746508
:1060E000640052656A656374696E6720756E6B6ED5
:1060F0006F776E204C324341502050445520636FDF
:1061000064652030782530327800546F6F20736DCD
:10611000616C6C204C32434150207369676E616C36
:10612000696E672050445500546F6F20736D616C29
:106130006C204C32434150205044552072656365B9
:10614000697665640049676E6F72696E6720646185
:10615000746120666F7220756E6B6E6F776E206350
:1061600068616E6E656C2049442030782530347843
:1061700000636F6E6669670062745F6C32636170A2
:10618000004661696C656420746F207375626D6987
:1061900074206174745F74785F64657374726F796E
:1061A0005F776F726B3A20256400574553545F54F4
:1061B0004F504449522F7A65706879722F73756217
:1061C0007379732F626C7565746F6F74682F686F65
:1061D00073742F6174742E63006E65745F627566EC
:1061E0005F706F6F6C5F676574286275662D3E70B7
:1061F0006F6F6C5F696429203D3D20266174745F78
:10620000706F6F6C00415454206368616E6E656CF2
:10621000206E6F7420636F6E6E65637465640062D8
:1062200075662D3E6C656E203E3D2073697A656F04
:1062300066287374727563742062745F6174745F2E
:1062400068647229004572726F72207369676E69A3
:106250006E6720646174610052616E206F757420F6
:106260006F662054582062756666657273206F727F
:1062700020636F6E74657874732E00556E61626C66
:106280006520746F20637265617465206572722089
:106290007273702050445500415454204D54552081
:1062A00065786365656465642C206D61782025756B
:1062B0002C2077616E74656420257A7500556E61B7
:1062C000626C6520746F2063726561746520636F12
:1062D0006E6669726D2050445500556E61626C6542
:1062E00020746F2063726561746520727370205032
:1062F000445500546F6F20736D616C6C2041545491
:106300002050445520726563656976656400556E5A
:1063100068616E646C65642041545420636F6465E9
:106320002030782530327800496E76616C696420BF
:106330006C656E20257520666F7220636F64652022
:1063400030782530327800556E61626C6520746F4C
:106350002063726561746520555549443A2073691C
:106360007A6520257500556E61626C6520746F201A
:1063700063726561746520555549443A2073697AA2
:1063800065202564004E6F20617661696C61626CE6
:10639000652041545420636F6E7465787420666F75
:1063A0007220636F6E6E202570004E6F20617661E3
:1063B000696C61626C6520415454206368616E6E43
:1063C000656C20666F7220636F6E6E2025700055BD
:1063D0006E61626C6520746F2066696E6420415442
:1063E00054206368616E6E656C00476F742065723F
:1063F000722025642C206E6F742063616C6C696E52
:1064000067204154542063620009556E6B6E6F77AC
:106410006E206F7020747970652030782530325886
:106420000A004661696C656420746F2072652D7383
:1064300075626D69742025733A202564004E6F20C3
:10644000415454206368616E6E656C20666F7220E3
:106450004D545520257A75004E6F2070656E646925
:106460006E672041545420726571756573740044E1
:106470006973636F6E6E656374696E6720666169C8
:106480006C6564202865727220256429004154548B
:106490002054696D656F757420666F72206465762F
:1064A0006963652025732E20446973636F6E6E6582
:1064B0006374696E672E2E2E00556E61626C6520C6
:1064C000746F2063726561746520726574727920DF
:1064D0005044552028257529007265710062745F4B
:1064E00061747400434D414320757064617465208C
:1064F0006661696C6564202564004661696C656449
:1065000020746F206465636F64652076616C7565C7
:10651000202865727220257A6429004661696C65BD
:106520006420746F207361766520446174616261D8
:10653000736520486173682028657272202564297C
:1065400000574553545F544F504449522F7A657059
:106550006879722F7375627379732F626C756574C5
:106560006F6F74682F686F73742F676174742E6314
:1065700000656C20213D202828766F6964202A2937
:106580003029000943616E277420736176652043CA
:1065900046202F2043434320746F20666C6173684C
:1065A0000A006661696C656420746F2073746F7291
:1065B0006520534320286572722025642900756E7A
:1065C00061626C6520746F20736176652053433A75
:1065D000206E6F20636667206C6566740067617467
:1065E000745F7375625F69735F656D70747928732A
:1065F00075622900546F6F206D616E7920436C695C
:10660000656E742043686172616374657269737446
:10661000696320436F6E66696775726174696F6E36
:106620002E2053656520434F4E4649475F42545FD5
:1066300053455454494E47535F4343435F53544F6C
:1066400052455F4D41580A00496E76616C6964207D
:106650006B6579006661696C656420746F206465A0
:106660006C65746520534320286572722025642967
:1066700000556E61626C6520746F206465636F64A1
:1066800065206164647265737320257300496E76BA
:10669000616C6964206C6F63616C206964656E7401
:1066A00069747920256C7500556E61626C65207483
:1066B0006F20726573746F72652053433A206E6F5A
:1066C00020636667206C656674004E6F207370618E
:1066D000636520746F2073746F7265204343432099
:1066E000636667004E6F20737061636520746F206E
:1066F00073746F726520436C69656E742053757096
:10670000706F72746564204665617475726573009C
:10671000556E61626C6520746F20726573746F7260
:10672000652043463A206E6F20636667206C65667D
:1067300074004368616E67652D61776172652073CF
:106740007461747573206E6F7420666F756E64204B
:10675000696E2073657474696E67732C2064656656
:1067600061756C74696E6720706565722073746101
:1067700074757320746F206368616E67652D756E24
:1067800061776172650052656164206261636B20AC
:10679000626164206368616E67652D61776172650F
:1067A0002076616C75653A20307825782C206465F8
:1067B0006661756C74696E672070656572207374AC
:1067C0006174757320746F206368616E67652D75E1
:1067D0006E6177617265004661696C656420746FF3
:1067E0002073746F726520436C69656E7420466512
:1067F00061747572657320286572722025642900A2
:106800007374617469635F737663203C3D205F62DB
:10681000745F676174745F736572766963655F73D3
:1068200074617469635F6C6973745F656E6400554D
:106830006E61626C6520746F20696D706F72742078
:10684000746865206B657920666F7220414553201E
:10685000434D414320256400434D4143206F706503
:10686000726174696F6E20696E6974206661696C0B
:10687000656420256400434D41432066696E697359
:1068800068206661696C65642025640062742F630A
:106890006363004661696C656420746F2073746F74
:1068A0007265204343437320286572722025642952
:1068B0000009696E76616C696420706172616D6552
:1068C0007465720A0A006174747200526561642012
:1068D0006D6574686F64206E6F7420736574004614
:1068E00061696C656420746F2072656164206174F5
:1068F0007472696275746520257020286572722033
:10690000257A642900496E76616C6964207265613C
:1069100064206C656E6774683A20257A6400094EBD
:106920006F206D6F72652061747472696275746531
:10693000730A0A00706172616D730009696E766195
:106940006C696420706172616D65746572730A0AA6
:1069500000706172616D732D3E61747472207C7C75
:1069600020706172616D732D3E75756964002161DF
:10697000746F6D69635F746573745F6269742873A3
:10698000632D3E666C6167732C2053435F494E4410
:1069900049434154455F50454E44494E47290009FB
:1069A000496E64696361746520616C7265616479C4
:1069B0002070656E64696E670A004343432025704A
:1069C000206E6F74207772697461626C6500534346
:1069D00020726573746F726520696E646963617497
:1069E000696F6E206661696C656400706172616DCB
:1069F0007320262620706172616D732D3E66756E60
:106A0000630028706172616D732D3E7374617274DE
:106A10005F68616E646C6520262620706172616D0E
:106A2000732D3E656E645F68616E646C6529002835
:106A3000706172616D732D3E73746172745F686111
:106A40006E646C65203C3D20706172616D732D3EFB
:106A5000656E645F68616E646C652900556E6B6E6F
:106A60006F776E20555549442074797065202575DF
:106A70000050617273652065727200496E76616CB8
:106A800069642064617461206C656E202575005016
:106A90006172736520657272206461740050617266
:106AA0007365206572722063657000506172736552
:106AB00020657272206363630050617273652065A4
:106AC0007272207363630050617273652065727225
:106AD0002063706600496E76616C696420666F722F
:106AE0006D61742025750042616420706565723A9D
:106AF0002041545420726561642D62792D75756949
:106B000064207273703A20696E76616C696420410A
:106B100054545220504455206C656E202575004910
:106B20006E76616C69642068616E646C65004261B8
:106B30006420706565723A20415454207265616426
:106B40002D62792D75756964207273703A204861E1
:106B50006E646C6520307825303478206973206F3E
:106B600075747369646520726571756573746564A5
:106B70002072616E6765203078253034782D30784A
:106B8000253034782E2041626F7274696E672072EE
:106B90006561642E00706172616D732D3E68616E77
:106BA000646C6500496E636F7272656374206C6516
:106BB0006E6774682C2063616E63656C696E672014
:106BC000777269746500496E636F727265637420D1
:106BD0006F6666736574206F7220646174612069EA
:106BE0006E20726573706F6E73652C2063616E63C7
:106BF000656C696E67207772697465007061726197
:106C00006D7320262620706172616D732D3E6E6F4C
:106C10007469667900706172616D732D3E76616C86
:106C2000756500706172616D732D3E6363635F68AB
:106C3000616E646C65004661696C656420746F20E8
:106C4000756E73756273637269626520286572720E
:106C50002025642900496E76616C69642064617442
:106C600061206C656E202575203E202575004661EB
:106C7000696C656420746F20736574207365637537
:106C80007269747920666F7220626F6E6465642029
:106C900070656572202825642900636F6E6E20255B
:106CA0007020706172616D7320257020726573753C
:106CB00062206661696C65642028657272202564B3
:106CC000290062742F686173680062742F63660024
:106CD00062742F73630062745F6761747400556E31
:106CE00061626C6520746F2066696E6420534D503C
:106CF000206368616E6E656C00556E6B6E6F776EAB
:106D00002070616972696E67206D6574686F6420B8
:106D100028257529004661696C656420746F2073AD
:106D20007461727420656E6372797074696F6E003D
:106D30004661696C656420746F2067656E65726179
:106D400074652044484B65790043616C63756C61E0
:106D50007465204C544B206661696C656400436126
:106D60006C63756C617465206C6F63616C20444862
:106D70004B657920636865636B206661696C656447
:106D80000052656D6F7465206973207573696E6755
:106D9000204465627567205075626C6963206B657D
:106DA0007900526563656976656420696E76616C09
:106DB0006964207075626C6963206B657900526547
:106DC0006D6F7465207075626C6963206B657920E6
:106DD00072656A65637465640043616C63756C61B8
:106DE000746520636F6E6669726D206661696C659B
:106DF00064004E6F206B657973207370616365204A
:106E0000666F72202573004E6F20617661696C6138
:106E1000626C6520534D5020636F6E7465787420EA
:106E2000666F7220636F6E6E20257000556E616212
:106E30006C6520746F20676574206B6579732066BC
:106E40006F72202573004E6577206175746820721B
:106E50006571756972656D656E74733A2030782559
:106E6000782C20726570616972696E6700556E7367
:106E70007570706F727465642061757468207265D6
:106E800071756972656D656E74733A203078257816
:106E90002C20726570616972696E670057455354A2
:106EA0005F544F504449522F7A65706879722F733E
:106EB00075627379732F626C7565746F6F74682F68
:106EC000686F73742F736D702E63005075626C69F8
:106ED00063206B65792072652D67656E65726174DC
:106EE000696F6E2072657175657374206661696C77
:106EF00065642028256429006D757465785F657266
:106F000072203D3D2030005075626C6963206B65D6
:106F1000792067656E65726174696F6E2074696D42
:106F2000656F75740054686520696E2D70726F67A7
:106F3000726573732070616972696E67206861732E
:106F4000206265656E2064656C657465642100531C
:106F50004D5020646F6573206E6F7420616C6C6F90
:106F60007720612070616972696E67206661696C63
:106F7000757265206174207468697320706F696E22
:106F8000742E204B6E6F776E2069737375652E209B
:106F9000446973636F6E6E656374696E6720696EB2
:106FA00073746561642E005075626C6963206B6553
:106FB00079206E6F7420617661696C61626C650026
:106FC000546F6F20736D616C6C20534D5020504492
:106FD0005520726563656976656400534D50206382
:106FE0006F6D6D616E642028636F64652030782555
:106FF0003032782920726563656976656420616640
:107000007465722074696D656F757400526563658F
:107010006976656420726573657276656420534D88
:107020005020636F64652030782530327800556ECB
:1070300068616E646C656420534D5020636F6465B5
:107040002030782530327800556E6578706563742D
:10705000656420534D5020636F646520307825307F
:10706000327800496E76616C6964206964656E747B
:10707000697479202573002128736D702D3E726527
:107080006D6F74655F6469737420262030783032C8
:1070900029005265667573696E67206E657720708A
:1070A000616972696E672E20546865206F6C642078
:1070B000626F6E64206D75737420626520756E70EA
:1070C00061697265642066697273742E002162744E
:1070D0005F69645F66696E645F636F6E666C696347
:1070E00074286E65775F626F6E642C2030290070A3
:1070F000616972696E67206661696C6564202870D9
:1071000065657220726561736F6E2030782578290D
:1071100000534D502054696D656F75742028666C5E
:107120006167733A30782530387820616C6C6F77FE
:1071300065645F636D64733A307825303878290070
:1071400062745F736D7000574553545F544F5044E1
:1071500049522F7A65706879722F737562737973EB
:107160002F626C7565746F6F74682F686F73742FFE
:107170006B6579732E63006B65797320213D202840
:1071800028766F6964202A2930290061646472209E
:10719000213D202828766F6964202A29302900663D
:1071A000756E6320213D202828766F6964202A2986
:1071B0003029004661696C656420746F20726561D6
:1071C000642076616C7565202865727220257A646A
:1071D0002900556E61626C6520746F2066696E646B
:1071E0002064656C65746564206B65797320666FD7
:1071F00072202573004661696C656420746F20619C
:107200006C6C6F63617465206B65797320666F7257
:1072100020257300496E76616C6964206B65792066
:107220006C656E67746820257A6420213D20257A7C
:10723000750044726F7070696E67206B657973209A
:10724000666F722025732C206E6F205343204C54A0
:107250004B0053746F726564206B65797320666FA1
:107260007220257320646F206E6F74206D617463CB
:10727000682063757272656E7420636F6E666967ED
:1072800020666C616773206F722076657273696F18
:107290006E00546865206B65797320666F722025D7
:1072A000732061726520646F776E677261646564D4
:1072B00020746F20756E61757468656E74696361A2
:1072C0007465642061732074686579206E6F206C2A
:1072D0006F6E676572206D65657420617574686591
:1072E0006E7469636174696F6E207265717569721D
:1072F000656D656E7473004661696C656420746FBA
:107300002073617665206B65797320286572722021
:107310002564290062742F6B6579730062745F6B5A
:107320006579730062745F63727970746F0046618F
:10733000696C656420746F20696D706F7274204190
:107340004553206B6579202564004661696C65644E
:1073500020746F20636F6D70757465204D414320FC
:1073600025640063616368655F6E726678005745E7
:1073700053545F544F504449522F7A657068797264
:107380002F647269766572732F636C6F636B5F63D2
:107390006F6E74726F6C2F636C6F636B5F636F6E75
:1073A00074726F6C5F6E72662E6300747970652004
:1073B0003C20434C4F434B5F434F4E54524F4C5F26
:1073C0004E52465F545950455F434F554E540063EB
:1073D0006C6F636B40313065303030006866636CD1
:1073E0006B006C66636C6B006866636C6B32346D4B
:1073F00000636C6F636B5F636F6E74726F6C0070B1
:1074000073612D726E67007272616D2D636F6E74A1
:10741000726F6C6C657240353030346530303000DE
:10742000666C6173685F6E72665F7272616D005741
:107430004553545F544F504449522F7A65706879D0
:10744000722F696E636C7564652F7A6570687972E6
:107450002F647269766572732F6770696F2F67701A
:10746000696F5F7574696C732E680063616C6C6220
:1074700061636B00094E6F2063616C6C6261636BCA
:10748000210A0063616C6C6261636B2D3E68616E02
:10749000646C657200094E6F2063616C6C6261639D
:1074A0006B2068616E646C6572210A005745535405
:1074B0005F544F504449522F6D6F64756C65732F44
:1074C00068616C2F6E6F726469632F6E7266782FBD
:1074D00068616C2F6E72665F6770696F2E68006EF0
:1074E00072665F6770696F5F70696E5F70726573F7
:1074F000656E745F636865636B282A705F70696E80
:107500002900574553545F544F504449522F7A65D0
:10751000706879722F647269766572732F6770690B
:107520006F2F6770696F5F6E7266782E630063629B
:107530002D3E68616E646C6572006770696F4031E2
:107540003061303030006770696F406438363030F9
:10755000006770696F406438323030006770696F5F
:1075600040353034303000574553545F544F504409
:1075700049522F7A65706879722F647269766572E4
:10758000732F73657269616C2F756172745F6E72AF
:1075900066785F75617274652E6300095458206FB8
:1075A0006E6C7920554152544520696E7374616E3A
:1075B00063650A006E72665F75617274655F6576F9
:1075C000656E745F636865636B2875617274652CA2
:1075D000204E52465F55415254455F4556454E54E4
:1075E0005F454E44525829007561727440633630CD
:1075F000303000756172745F6E7266785F756172AB
:107600007465002A2A2A205573696E6720456467CD
:1076100065204149204164642D6F6E2076322E33FF
:107620002E302D3163323466336139346163392051
:107630002A2A2A0A00574553545F544F504449524E
:107640002F6E72662F7375627379732F626C756516
:10765000746F6F74682F636F6E74726F6C6C657289
:107660002F6863695F6472697665722E63000953DF
:107670006F667444657669636520436F6E74726FDC
:107680006C6C6572204153534552543A2025732C3B
:107690002025640A0A00574553545F544F5044490B
:1076A000522F7A65706879722F696E636C756465A4
:1076B0002F7A65706879722F647269766572732F9C
:1076C000656E74726F70792E68006170692D3E6707
:1076D00065745F656E74726F707920213D20282873
:1076E000766F6964202A293029000943616C6C6235
:1076F00061636B20706F696E7465722073686F755B
:107700006C64206E6F74206265204E554C4C0A00EC
:107710000954686520656E74726F707920736F7597
:107720007263652072657475726E656420616E2087
:107730006572726F7220696E206120626C6F636B7C
:10774000696E672063616C6C0A00574553545F543F
:107750004F504449522F6E72662F696E636C756488
:10776000652F6D70736C2F6D70736C5F776F726BBC
:107770002E6800096B5F776F726B5F7375626D695E
:10778000745F746F5F71756575652829206661691E
:107790006C65642E0A00536F667444657669636590
:1077A00020436F6E74726F6C6C6572206275696CC9
:1077B00064207265766973696F6E3A2000456E7455
:1077C000726F707920736F75726365206465766976
:1077D0006365206E6F74207265616479004661692B
:1077E0006C656420746F20726567697374657220BC
:1077F00072616E6420736F75726365202825642939
:1078000000416C6C6F6361746564206D656D6F72AF
:107810007920746F6F206C6F773A20257A75203C41
:10782000202575004576656E742062756666657202
:1078300020746F6F20736D616C6C2E20257A75201B
:107840003E20257500556E6578706563746564200B
:107850006D73675F747970653A2025752E205468C2
:1078600069732069662D656C7365206E6565647348
:107870002061206E6577206272616E636800556ECC
:107880006B6E6F776E206572726F72207768656EAF
:107890002070726F63657373696E67206863692017
:1078A0006D6573736167652025640062745F68634A
:1078B000695F7364630062745F7364635F686369C4
:1078C0005F6472697665720062745F7364635F639C
:1078D000727970746F00574553545F544F50444948
:1078E000522F6E72662F7375627379732F6D70737A
:1078F0006C2F696E69742F6D70736C5F696E69743B
:107900002E6300094D50534C204153534552543A75
:107910002025732C2025640A0A00657272636F6447
:1079200065203D3D203000096B5F776F726B5F73A0
:1079300063686564756C655F666F725F71756575A8
:10794000652829206661696C65642E0A004D5053D4
:107950004C20576F726B006D70736C5F696E697449
:1079600000556E737570706F72746564204846437D
:107970004C4B206576656E743A202564005745535C
:10798000545F544F504449522F6E72662F6472698F
:10799000766572732F6D70736C2F636C6F636B5FA2
:1079A000636F6E74726F6C2F6E7266785F636C6F4C
:1079B000636B5F6D70736C2E6300094E6F74207380
:1079C0007570706F727465640A006E7266785F63BA
:1079D0006C6F636B5F6D70736C00574553545F54ED
:1079E0004F504449522F6E72662F647269766572E9
:1079F000732F6D70736C2F666C6173685F73796E33
:107A0000632F666C6173685F73796E635F6D70730B
:107A10006C2E630073657373696F6E5F6964203DDC
:107A20003D205F636F6E746578742E736573736940
:107A30006F6E5F696400726574203D3D20300009FF
:107A40006D70736C5F74696D65736C6F745F726574
:107A50007175657374206661696C65643A2025648C
:107A60000A0009756E6578706563746564207369D2
:107A7000676E616C3A2025750A006D70736C5F74D7
:107A8000696D65736C6F745F73657373696F6E5F37
:107A90006F70656E206661696C65643A20256400CC
:107AA0006B5F73656D5F636F756E745F6765742878
:107AB000265F636F6E746578742E74696D656F757B
:107AC000745F73656D29203D3D203000666C6173E5
:107AD000685F73796E635F6D70736C0057455354C4
:107AE0005F544F504449522F6D6F64756C65732F0E
:107AF00068616C2F6E6F726469632F6E7266782F87
:107B0000647269766572732F7372632F6E72667812
:107B10005F6770696F74652E6300574553545F54F7
:107B20004F504449522F6D6F64756C65732F6861B7
:107B30006C2F6E6F726469632F6E7266782F686146
:107B40006C2F6E72665F6770696F74652E6800696E
:107B50006E646578203C203800705F696E737461D4
:107B60006E636500705F6368616E6E656C0070695E
:107B70006E5F6861735F7472696767657228705FB2
:107B8000696E7374616E63652C2070696E2900697B
:107B90006E745F656E61626C6500574553545F5447
:107BA0004F504449522F6D6F64756C65732F686137
:107BB0006C2F6E6F726469632F6E7266782F6861C6
:107BC0006C2F6E72665F677274632E680076616CEC
:107BD0007565203C3D202828307846464646554C61
:107BE000203C3C202830554C2929203E3E2028307E
:107BF000554C29290076616C7565203C3D2028286C
:107C000030784646554C203C3C202830554C29299C
:107C1000203E3E202830554C29290063635F63686D
:107C2000616E6E656C203C20283132554C2900284D
:107C300063635F6368616E6E656C203C202831323F
:107C4000554C2929202626202876616C7565203C14
:107C50003D202830783746464646464646554C2015
:107C60003C3C202830554C2929290063635F68205B
:107C70003C3D202830784646464646554C203C3C04
:107C8000202830554C292900574553545F544F50F4
:107C90004449522F6D6F64756C65732F68616C2F4A
:107CA0006E6F726469632F6E7266782F6472697684
:107CB0006572732F7372632F6E7266785F6772746A
:107CC000632E63006D5F63622E7374617465203D83
:107CD0003D204E5246585F4452565F5354415445DE
:107CE0005F494E495449414C495A454400737973A0
:107CF000636F756E7465725F636865636B28636834
:107D0000616E6E656C29203D3D2030006D5F6362C1
:107D10002E6368616E6E656C5F646174615B695D42
:107D20002E6368616E6E656C203D3D20696478004D
:107D3000574553545F544F504449522F6D6F6475EB
:107D40006C65732F68616C2F6E6F726469632F6E40
:107D50007266782F68616C2F6E72665F7272616DE9
:107D6000632E6800705F636F6E6669672D3E777281
:107D70006974655F627566665F73697A65203C3D0C
:107D8000202830783230554C29005465726D696E68
:107D9000616C00574553545F544F504449522F7AF9
:107DA00065706879722F6B65726E656C2F6465768D
:107DB0006963652E63007263203E3D202D28307874
:107DC000666629202626207263203C203000096444
:107DD000657669636520257320696E69743A206948
:107DE0006E76616C6964206572726F7220282564FA
:107DF000290A0048616C74696E6720737973746531
:107E00006D00556E6B6E6F776E206572726F7200CB
:107E10003E3E3E205A455048595220464154414C1E
:107E2000204552524F522025643A202573206F6E10
:107E300020435055202564004661756C742064759C
:107E400072696E6720696E746572727570742068ED
:107E5000616E646C696E670A0043757272656E7458
:107E6000207468726561643A202570202825732982
:107E700000574553545F544F504449522F7A657010
:107E80006879722F6B65726E656C2F666174616CB8
:107E90002E6300726561736F6E20213D204B5F453C
:107EA00052525F4B45524E454C5F50414E49430044
:107EB00009417474656D7074656420746F20726517
:107EC000636F7665722066726F6D2061206B6572DC
:107ED0006E656C2070616E696320636F6E64697497
:107EE000696F6E0A00435055206578636570746948
:107EF0006F6E00556E68616E646C656420696E74A7
:107F000065727275707400537461636B206F76656F
:107F100072666C6F77004B65726E656C206F6F7068
:107F200073004B65726E656C2070616E69630057FB
:107F30004553545F544F504449522F7A65706879C5
:107F4000722F6B65726E656C2F696E69742E63009B
:107F50007468726561645F64617461203C3D205F98
:107F60005F7374617469635F7468726561645F6490
:107F70006174615F6C6973745F656E6400646576DB
:107F8000203C3D205F6465766963655F6C6973744E
:107F90005F656E64006D61696E006F7300574553D5
:107FA000545F544F504449522F7A65706879722F4C
:107FB0006B65726E656C2F6B686561702E63002156
:107FC000617263685F69735F696E5F6973722829A4
:107FD000207C7C20282874696D656F7574292E7447
:107FE00069636B73203D3D202828286B5F74696DA1
:107FF000656F75745F74297B307D29292E746963E0
:108000006B732900090A0068656170203C3D205FA0
:108010006B5F686561705F6C6973745F656E640047
:10802000574553545F544F504449522F7A657068F6
:1080300079722F6B65726E656C2F6D656D5F736CF9
:1080400061622E6300736C6162203C3D205F6B5F58
:108050006D656D5F736C61625F6C6973745F656E93
:10806000640028736C61622D3E667265655F6C69A1
:108070007374203D3D202828766F6964202A2930BA
:108080002920262620736C61622D3E696E666F2E54
:108090006E756D5F75736564203D3D20736C616224
:1080A0002D3E696E666F2E6E756D5F626C6F636BD1
:1080B0007329207C7C20736C61625F7074725F69CD
:1080C000735F676F6F6428736C61622C20736C61DF
:1080D000622D3E667265655F6C6973742900097371
:1080E0006C616220636F7272757074696F6E206468
:1080F000657465637465640A0009496E76616C692C
:1081000064206D656D6F727920706F696E74657231
:108110002070726F76696465640A00574553545F36
:10812000544F504449522F7A65706879722F6B65AD
:10813000726E656C2F696E636C7564652F6B73630B
:108140006865642E680021617263685F6972715F9F
:10815000756E6C6F636B6564286B65792900746854
:10816000726561642D3E626173652E70656E646533
:10817000645F6F6E00574553545F544F50444952EB
:108180002F7A65706879722F6B65726E656C2F69D6
:10819000646C652E63005F6B65726E656C2E637038
:1081A00075735B305D2E63757272656E742D3E6201
:1081B0006173652E7072696F203E3D203000574517
:1081C00053545F544F504449522F7A657068797206
:1081D0002F6B65726E656C2F6D757465782E6300FC
:1081E00021617263685F69735F696E5F697372288A
:1081F0002900096D7574657865732063616E6E6F13
:1082000074206265207573656420696E73696465A6
:1082100020495352730A006D757465782D3E6C6F5A
:10822000636B5F636F756E74203E20305500574559
:1082300053545F544F504449522F7A657068797295
:108240002F6B65726E656C2F73656D2E6300282829
:10825000617263685F69735F696E5F697372282911
:10826000203D3D203029207C7C20282874696D65C4
:108270006F7574292E7469636B73203D3D20282827
:10828000286B5F74696D656F75745F74297B307DD1
:1082900029292E7469636B73292900737973776FA9
:1082A000726B7100574553545F544F504449522FDD
:1082B0007A65706879722F6B65726E656C2F776F57
:1082C000726B2E6300776F726B2D3E7175657565ED
:1082D00020213D202828766F6964202A2930290032
:1082E000776F726B2D3E68616E646C657220213D04
:1082F000202828766F6964202A2930290021666C9D
:1083000061675F746573742826776F726B2D3E66A4
:108310006C6167732C204B5F574F524B5F44454C49
:10832000415941424C455F424954290073796E637B
:1083300020213D202828766F6964202A29302900D1
:1083400021666C61675F7465737428267175657545
:10835000652D3E666C6167732C204B5F574F524B07
:108360005F51554555455F535441525445445F4212
:1083700049542900717565756500737461636B00FC
:1083800064776F726B20213D202828766F69642006
:108390002A29302900574553545F544F50444952BD
:1083A0002F7A65706879722F6B65726E656C2F74A9
:1083B00068726561642E6300282828287072696FCE
:1083C0002929203D3D203135202626207A5F6973FA
:1083D0005F69646C655F7468726561645F656E7423
:1083E00072792828656E747279292929207C7C206D
:1083F0002828283135202D203129203E3D202828CD
:108400002D31362929292026262028287072696FC7
:108410002929203E3D2028282D31362929202626AD
:108420002028287072696F2929203C3D2028313589
:10843000202D20312929290009696E76616C696433
:10844000207072696F7269747920282564293B2035
:10845000616C6C6F7765642072616E67653A202588
:108460006420746F2025640A000954687265616491
:1084700073206D6179206E6F742062652063726570
:108480006174656420696E20495352730A00574530
:1084900053545F544F504449522F7A657068797233
:1084A0002F6B65726E656C2F73636865642E630055
:1084B000217A5F69735F69646C655F746872656176
:1084C000645F6F626A6563742874687265616429A9
:1084D00000574553545F544F504449522F7A6570AA
:1084E0006879722F6B65726E656C2F696E636C753F
:1084F00064652F6B7468726561642E68005F6B65DC
:10850000726E656C2E637075735B305D2E63757271
:1085100072656E7420213D202828766F6964202AB8
:10852000293029002169735F7468726561645F6432
:10853000756D6D79287468726561642900574553BB
:10854000545F544F504449522F7A65706879722FA6
:108550006B65726E656C2F696E636C7564652F6BED
:10856000737761702E6800617263685F6972715F12
:10857000756E6C6F636B6564286B657929207C7CF4
:10858000205F6B65726E656C2E637075735B305D1A
:108590002E63757272656E742D3E626173652E7402
:1085A00068726561645F7374617465202620282891
:1085B0002831554C203C3C202830292929207C207A
:1085C000282831554C203C3C2028332929292900D2
:1085D00009436F6E74657874207377697463686992
:1085E0006E67207768696C6520686F6C64696E6778
:1085F000206C6F636B210A0073697A656F66285F70
:1086000073636865645F7370696E6C6F636B292058
:108610003D3D2030207C7C206C6F636B20213D2011
:10862000265F73636865645F7370696E6C6F636BFC
:10863000005F6B65726E656C2E637075735B305D89
:108640002E63757272656E742D3E626173652E7352
:10865000636865645F6C6F636B656420213D2031E6
:1086600055005F6B65726E656C2E637075735B3061
:108670005D2E63757272656E742D3E626173652E38
:1086800073636865645F6C6F636B656420213D2074
:10869000305500217465726D696E61746500096101
:1086A000626F72746564205F63757272656E7420A8
:1086B0006261636B2066726F6D20646561640A009D
:1086C00021657373656E7469616C000961626F7214
:1086D00074656420657373656E7469616C20746879
:1086E000726561642025700A00574553545F544FEA
:1086F000504449522F7A65706879722F6B65726E9B
:10870000656C2F74696D65736C6963696E672E6340
:1087100000282874696D656F757429202626202825
:108720002875696E747074725F742928736C69633C
:10873000655F74696D656F7574732929203C3D20F0
:10874000282875696E747074725F74292874696D55
:10875000656F7574292920262620282875696E746E
:108760007074725F74292874696D656F7574292936
:10877000203C20282875696E747074725F742928F3
:108780002628736C6963655F74696D656F757473B2
:10879000295B282873697A655F7429282828696EFF
:1087A000742973697A656F6628636861725B31202A
:1087B0002D202832202A202128215F5F6275696CD4
:1087C00074696E5F74797065735F636F6D706174E7
:1087D00069626C655F70285F5F747970656F665F52
:1087E0005F28736C6963655F74696D656F75747319
:1087F000292C205F5F747970656F665F5F2826287B
:10880000736C6963655F74696D656F757473295BFB
:10881000305D292929295D29202D203129202B206F
:108820002873697A656F6628736C6963655F74691C
:108830006D656F75747329202F2073697A656F6673
:108840002828736C6963655F74696D656F757473EF
:10885000295B305D292929295D2929202626202800
:10886000282875696E747074725F74292874696D34
:10887000656F75742929202D20282875696E7470FC
:1088800074725F742928736C6963655F74696D65C0
:108890006F75747329292920252073697A656F669D
:1088A0002828736C6963655F74696D656F7574738F
:1088B000295B305D29203D3D203029005745535428
:1088C0005F544F504449522F7A65706879722F6B0C
:1088D00065726E656C2F74696D656F75742E6300BB
:1088E000217379735F646E6F64655F69735F6C6930
:1088F0006E6B65642826746F2D3E6E6F646529006B
:10890000574553545F544F504449522F7A6570680D
:1089100079722F6B65726E656C2F6D656D706F6F00
:108920006C2E6300616C69676E203D3D2030207CB9
:108930007C20282875696E747074725F74296D6567
:108940006D20262028616C69676E202D2031292931
:10895000203D3D203000096D6973616C69676E656B
:1089600064206D656D6F72792061742025702028F8
:10897000616C69676E203D20257A75290A00637253
:108980006163656E00574553545F544F50444952DC
:108990002F6E72662F7375627379732F6E72665FB6
:1089A00073656375726974792F7372632F6472696A
:1089B000766572732F63726163656E2F636F6D6D81
:1089C0006F6E2F7372632F63726163656E2F6C69B4
:1089D000625F6B6D752E63002828282875696E7498
:1089E0007074725F74296B6D755F7372632D3E6472
:1089F00065737429202520313629203D3D203029FA
:108A0000000944455354206D6973616C69676E6554
:108A1000640A00574553545F544F504449522F6ED7
:108A200072662F7375627379732F6E72665F7365EA
:108A30006375726974792F7372632F6472697665D6
:108A400072732F63726163656E2F63726163656E0B
:108A50007073612F7372632F63726163656E5F70F1
:108A600073615F6B65795F6D616E6167656D656E82
:108A7000742E6300646174615F6C656E6774680076
:108A80006B65795F627566666572006B65795F62BA
:108A900075666665725F6C656E677468006B657994
:108AA0005F6269747300574553545F544F50444993
:108AB000522F6E72662F7375627379732F6E7266A2
:108AC0005F73656375726974792F7372632F647253
:108AD00069766572732F63726163656E2F6372616D
:108AE00063656E5F73772F7372632F637261636563
:108AF0006E5F73775F6D61632E6300282828616C59
:108B0000672920262028287073615F616C676F7267
:108B10006974686D5F742920307837663030303082
:108B200030302929203D3D2028287073615F616C19
:108B3000676F726974686D5F7429203078303330E4
:108B40003030303030292900574553545F544F504E
:108B50004449522F6E72662F7375627379732F6E4C
:108B600072665F73656375726974792F7372632FB0
:108B7000647269766572732F63726163656E2F73B9
:108B80007873796D63727970742F7372632F706C60
:108B90006174666F726D2F626172656D6574616C70
:108BA0002F696E74657272757074732E6300095547
:108BB0006E68616E646C656420696E74657272754E
:108BC00070742E200A00574553545F544F50444947
:108BD000522F6E72662F7375627379732F6E726681
:108BE0005F73656375726974792F7372632F75741F
:108BF000696C732F6E72665F7365637572697479E1
:108C00005F6D7574657865732E6300574553545FC7
:108C1000544F504449522F7A65706879722F6B65B2
:108C2000726E656C2F6576656E74732E6300FFFF40
:108C3000FFFF1F00647261676F6F6E2F6C69627354
:108C40002F73636865642F7372632F736368656441
:108C50005F68616C5F74696D65725F677274632EC3
:108C60006300C8DA3098F9F034A44B6EBAD308190F
:108C7000CC0CEA51DA4700286E756C6C29002A6624
:108C80006C6F61742A00206D657373616765732072
:108C900064726F70706564202D2D2D0D0A1B5B3082
:108CA0006D001B5B313B33316D2D2D2D20000408F1
:108CB0001102041000000000000000FFFFFFFFFF92
:108CC000FF000000000000303132333435363738D1
:108CD00039616263646566000000000000001000F6
:108CE000800000805F9B34FB91FBFBF3F4FBFBFBFC
:108CF000FBEA000909090901020909090909090929
:108D000009090909070909090909060909090909D8
:108D100009090909090909090909090503050200E1
:108D20000AE69D350E480103CCDBFDF4AC1191F44D
:108D3000EFB9A5F9E9A7832C5E2CBE97F2D203B058
:108D4000208BD28915D08E1C742430ED8FC24563E0
:108D5000765C15525ABF9A32636DEB2A65499C8046
:108D6000DC020203046174745F74785F6465737479
:108D7000726F795F776F726B5F68616E646C65723A
:108D8000000005061F1F2918120308020305080A20
:108D90000008010304010504050906070101060690
:108DA00008000001000100030100030202010002AB
:108DB000000000000002030100036C888391AAF503
:108DC000A53860370BDB5A6083BE00070E091C1BF9
:108DD0001215383F363124232A2D000104050206DE
:108DE00008090F000A2A35424242424242424242A8
:108DF00042424200010203000000000000545452AD
:108E0000205245474745530010141400001C2030E1
:108E1000401C2000001C20304000400103021014C0
:108E20001400001C2030401C2000001C203040009A
:108E300040FFFFFFFF0000000100000000000000F5
:108E40000000000000FFFFFFFFFFFFFFFFFFFFFF2D
:108E5000FFFFFFFFFF00000000FFFFFFFFFFFFFF1E
:108E6000FFBCE6FAADA7179E84F3B9CAC2FC63251E
:108E7000516B17D1F2E12C4247F8BCE6E563A44000
:108E8000F277037D812DEB33A0F4A13945D898C248
:108E9000964FE342E2FE1A7F9B8EE7EB4A7C0F9EE1
:108EA000162BCE33576B315ECECBB6406837BF51F1
:108EB000F5FFFFFFFF0000000100000000000000C0
:108EC0000000000000FFFFFFFFFFFFFFFFFFFFFFAD
:108ED000FC5AC635D8AA3A93E7B3EBBD55769886C7
:108EE000BC651D06B0CC53B0F63BCE3C3E27D260ED
:048EF0004B00000033
:108EFC00FFFFFFFFFF1F00001F000000000000002D
:108F0C001D40000000000000FFFFFFFF1FFF0000DE
:108F1C00BAABBABA101010107F00000000000000AD
:108F2C000050085000000000000000000C00000081
:108F3C00010000FF7F0000000000000079AA000083
:108F4C000000000061AA0000000000003FAA000021
:108F5C00000000007C740000FF0000007499000009
:108F6C0001000000000000000000000000000000F4
:108F7C0000000000000000000000000000000000E5
:108F8C0000000000000000000000000000000000D5
:108F9C0000000000000000000000000000000000C5
:108FAC0000000000000000000000000000000000B5
:108FBC0000000000000000000000000000000000A5
:108FCC000000000000000000000000000000000095
:108FDC000000000000000000000000000000000085
:108FEC000000000000000000000000000000000075
:108FFC000000000000000000000000000000000065
:10900C000000000000000000000000000000000054
:10901C000000000000000000000000000000000044
:10902C000000000000000000000000000000000034
:10903C00E5590100000000000000000000000000E5
:10904C000000000000000000000000000000000014
:10905C000000000000000000000000000000000004
:10906C0000000000000000000000000000000000F4
:10907C0000000000000000000000000000000000E4
:10908C0000000000000000000000000000000000D4
:10909C0000000000000000000000000000000000C4
:1090AC0000000000000000000000000000000000B4
:1090BC000000000000000000440C03000000000051
:1090CC0000000000D9DA00000000000000010000E0
:1090DC000000000000000000000000000000000084
:1090EC000000000000000000000000000000000074
:1090FC0000000000670000000000000000000000FD
:10910C000000000000000000000000000000000053
:10911C000000000000000000000000000000000043
:10912C000000000000000000000000000000000033
:10913C000000000000000000000000000000000023
:10914C000000000000000000000000000000000013
:10915C000000000000000000000000000000000003
:10916C0000000000000000000000000000000000F3
:10917C0000000000000000000000000000000000E3
:10918C00ADDE0000D9E0000000000000000000008F
:10919C0000000000000000000000000000000000C3
:1091AC0069DE000000000000581C030000000000F5
:1091BC001DDC0000F5DB0000E1DB00007DA60200F9
:1091CC003DB20200E41C0300AC25030000000200C9
:1091DC00B8250300000002006D2101000000000012
:1091EC000000000000000000C9BB020000000000ED
:1091FC000000000000C01050000000000000000043
:10920C000000000000000000000000000000000052
:10921C000000000000000000000000000000000042
:10922C000000000000000000000000000000000032
:10923C000000000000000000000000000000000022
:10924C000000000000000000000000000000000012
:10925C000000000000000000000000000000000002
:10926C0000000000000000000000000000000000F2
:10927C0000000000000000000000000000000000E2
:10928C0000000000000000000000000000000000D2
:10929C0000000000000000000000000000000000C2
:1092AC00000000000001000000A00D5000000000B4
:1092BC0000000000000000000000000000000000A2
:1092CC000000000000000000000000000000000092
:1092DC000000000000000000000000000000000082
:1092EC000000000000000000000000000000000072
:1092FC000000000000000000000000000000000062
:10930C000000000000000000000000000000000051
:10931C000000000000000000000000000000000041
:10932C000000000000000000000000000000000031
:10933C000000000000000000000000000000000021
:10934C000000000000000000000000000000000011
:10935C000000000000000000000000000000000001
:10936C00114001000000000000000000000000009F
:10937C00115D010000000000000000000000000072
:10938C00054B010000000000000000000000000080
:10939C00056D01000000000000000000000000004E
:1093AC00D16B010000000000000000000000000074
:1093BC0049780100000000000000000000000000DF
:1093CC00ED70010000000000000000009D8F010006
:1093DC00299F01006DA001000000000000000000AA
:1093EC008591010041CD020003CE0200018E0100E7
:1093FC000000000000000000C19B01000000000004
:10940C0000000000ABD702000000000000000000CC
:10941C0000000000CC25030000000200D82503004A
:10942C0000000A00E82503000000200000000000F6
:10943C000000000000000000000000000DD602003B
:10944C0000000000741600207416002000000000BC
:10945C00000000000E000000881600208816002076
:10946C00D9DD010000000000803D0020000000005C
:10947C00000000007900020000000000FF00000066
:10948C000090D003FF0000000F00000071020000EC
:10949C00C0160020C0160020C8160020C8160020D8
:1094AC0000000000000000000E00000000000000A2
:1094BC00E0160020E0160020000000000000000074
:1094CC000E00000000000000F8160020F816002026
:1094DC0000000000000000000E0000000000000072
:1094EC0010170020101700200000000000000000E2
:1094FC000E00000000000000C9F00200C5F00200E0
:10950C0067742000201800207018002048180020D4
:10951C0000190020F0180020341800205C180020DE
:10952C00010000000000000000000000000000002E
:10953C00000000000000000000000000000000001F
:10954C00000000000000000000000000000000000F
:10955C0000000000000000000000000000000000FF
:10956C0000000000000000000000000000000000EF
:10957C000000000000000000A8170020A817002021
:10958C0000000000E0B0002000000000010000001E
:10959C002800000000000000C8170020C817002099
:1095AC0000000000007A0020000000000100000014
:1095BC00A800000000000000E8170020E8170020B9
:1095CC000000000008B100200000000003000000B3
:1095DC001C0000000000000000000000E89D0020BE
:1095EC004408000000000000000000000000000023
:1095FC0020180020201800200000000000000000AF
:10960C000E00000034180020341800200000000068
:10961C00000000000E000000481800204818002030
:10962C0000000000000000000E0000005C1800208C
:10963C005C18002000000000000000000E0000007C
:10964C0070180020701800200000000000000000BE
:10965C000E00000084180020841800200000000078
:10966C00000000000E000000981800209818002040
:10967C0000000000000000000E000000AC180020EC
:10968C00AC18002000000000000000000E000000DC
:10969C00C0180020C01800200000000001000000CD
:1096AC00D0180020D018002000000000010000009D
:1096BC00E0180020E018002000000000FFFFFFFF72
:1096CC00F0180020F018002000000000000000003E
:1096DC00001900200019002000000000000000000C
:1096EC000000000000000000000000001C19002019
:1096FC001C19002000000000000000000000000009
:10970C00301900203019002000000000000000007B
:10971C000000000044190020441900200000000043
:10972C00000000000000000058190020581900200B
:10973C000000000003000300100000000000000007
:10974C00641F03000CAF00200000000000000000AC
:10975C000000000084190020841900200000000083
:10976C000300030010000000318D01008020030075
:10977C0068B00020000000000000000000000000A5
:10978C00B0190020B01900200000000003000300F5
:10979C000000000000000000FC1D030080AB002056
:1097AC00000000000000000000000000DC19002098
:1097BC00DC19002000000000010001001000000076
:1097CC00CD6F0100501F030004AE0020000000000C
:1097DC000000000000000000081A0020081A0020F9
:1097EC000000000003000300000000000000000067
:1097FC00181F0300BCAD002000000000000000009A
:10980C0000000000341A0020341A00200000000070
:10981C000C000C000400000071430100E81D030063
:10982C00A4A90020000000000000000000000000BF
:10983C00601A0020601A00200000000001000100E6
:10984C000000000000000000101E0300CCAC002043
:04985C0015E015E01E
:00000001FF
