:10000000289A0020112B01000FBA0200FD2A0100DE
:10001000FD2A0100FD2A0100FD2A0100FD2A010040
:10002000000000000000000000000000E12B0100C3
:10003000FD2A010000000000C92D0100FD2A010079
:10004000452E0100452E0100452E0100452E0100E0
:10005000452E0100452E0100452E0100452E0100D0
:10006000452E0100452E0100452E0100452E0100C0
:10007000452E0100452E0100452E0100452E0100B0
:10008000452E0100452E0100452E0100452E0100A0
:10009000452E0100452E0100452E0100452E010090
:1000A000452E0100452E0100452E0100452E010080
:1000B000452E0100452E0100452E0100452E010070
:1000C000452E0100452E0100452E0100452E010060
:1000D000452E0100452E0100452E0100452E010050
:1000E000452E0100452E0100452E0100452E010040
:1000F000452E0100452E0100452E0100452E010030
:10010000452E0100452E0100452E0100452E01001F
:10011000452E0100452E0100452E0100452E01000F
:10012000452E0100452E0100452E0100452E0100FF
:10013000452E0100452E0100452E0100452E0100EF
:10014000452E0100452E0100452E0100452E0100DF
:10015000452E0100452E0100452E0100452E0100CF
:10016000452E0100452E0100452E0100452E0100BF
:10017000452E0100452E0100452E0100452E0100AF
:10018000452E0100452E0100452E0100452E01009F
:10019000452E0100452E0100452E0100452E01008F
:1001A000452E0100452E0100452E0100452E01007F
:1001B000452E0100452E0100452E0100452E01006F
:1001C000452E0100452E0100452E0100452E01005F
:1001D000452E0100452E0100452E0100452E01004F
:1001E000452E0100452E0100452E0100452E01003F
:1001F000452E0100452E0100452E0100452E01002F
:10020000452E0100452E0100452E0100452E01001E
:10021000452E0100452E0100452E0100452E01000E
:10022000452E0100452E0100452E0100452E0100FE
:10023000452E0100452E0100452E0100452E0100EE
:10024000452E0100452E0100452E0100452E0100DE
:10025000452E0100DBE80200452E0100452E01007D
:10026000452E0100452E0100C5E80200452E010083
:10027000452E0100452E0100452E0100452E0100AE
:10028000452E0100452E0100452E0100452E01009E
:10029000452E0100452E0100452E0100452E01008E
:1002A000452E0100452E0100452E0100452E01007E
:1002B000452E0100452E0100452E0100452E01006E
:1002C000452E0100452E0100452E0100452E01005E
:1002D000452E0100452E0100452E0100452E01004E
:1002E000452E0100452E0100452E0100452E01003E
:1002F000452E0100452E0100452E0100452E01002E
:10030000452E0100452E0100452E0100452E01001D
:10031000452E0100452E0100452E0100452E01000D
:10032000452E0100452E0100452E0100452E0100FD
:10033000452E0100452E0100452E0100452E0100ED
:10034000452E0100452E0100452E0100452E0100DD
:10035000452E0100452E0100452E0100452E0100CD
:10036000452E0100452E0100452E0100452E0100BD
:10037000452E0100452E0100452E0100452E0100AD
:10038000452E0100452E0100452E0100452E01009D
:10039000452E0100452E0100452E0100452E01008D
:1003A000452E0100452E0100452E0100452E01007D
:1003B000452E0100452E0100452E0100452E01006D
:1003C000452E0100452E0100452E0100452E01005D
:1003D000452E0100F1E80200452E0100452E0100E6
:1003E000452E0100452E0100452E0100452E01003D
:1003F000452E0100452E0100452E0100452E01002D
:10040000452E0100452E0100452E0100452E01001C
:10041000452E0100452E0100452E0100452E01000C
:10042000452E0100452E0100452E0100452E0100FC
:10043000452E0100452E0100452E0100452E0100EC
:10044000452E0100452E0100452E0100452E0100DC
:10045000452E0100452E0100452E0100452E0100CC
:10046000452E0100452E0100452E0100452E0100BC
:10047000452E0100452E0100452E0100452E0100AC
:10048000452E0100452E0100452E0100452E01009C
:10049000452E0100452E0100452E0100452E01008C
:1004A000452E0100452E0100452E0100452E01007C
:1004B000452E0100452E0100452E0100452E01006C
:0804C000452E0100452E01004C
:1004C800054B00221B78826001330260034A4260B8
:1004D800C371FF2303727047801A002020010800AF
:1004E800064A074B02604FF416729B7882800822F6
:1004F800C371002382710372704700BFA9C800004E
:10050800801A0020F8B5C71D0028054627F0070700
:100518000CBF0020384600F06FFA041E02DA6FF0B4
:100528000B00F8BD2F4EF188B0880331737A033081
:10053800327A89B280B209F090FD0028EFDB2744B7
:10054800B178F378002D07F10307194427F0030762
:1005580000FB01F10CBF0020384600F0D1FB074436
:100568000DB9002FDBDB01203C4600F03BFAA0B1BF
:10057800F17A91B10737002D4FF025034FF028028B
:1005880027F007040CBF0020204604F087FB002852
:10059800C5DB04440DB9002CC1DBB37AABB1012033
:1005A80000F020FA88B1F37A7BB10734002DB17AD4
:1005B80024F007040CBF0020204603F08FF9002820
:1005C800ADDB04440DB9002CA9DBF3683BB115B1D0
:1005D800F4600020A5E72834A1D42046A1E7002D27
:1005E800F7D1FAE7801A00201FB572B6194B1C69BB
:1005F800ECB9BFF34F8F1849184BCA6802F4E06290
:100608001343CB60BFF34F8F00BFFDE7B2FBF6F299
:100618002B465D1C002AF9D1DBB203F110056D44AD
:1006280005F80C2C0A2233B901A8A047E1E70246D5
:1006380000230A26EDE7013BDBB203F110050DEBC1
:100648000506B0FBF2F502FB1500303006F80C0C7D
:100658002846E8E7801A002000ED00E00400FA05CB
:100668000A4B07B51A896846ADF80020DA889B88D6
:10067800ADF80420ADF8023001F0A4FE18B1FA215B
:100688009C20FFF7B1FF03B05DF804FB801A00203F
:1006980010B5044620B308F079FF10B94FF0FF30C9
:1006A80010BD07F093FBB0F5FA7FF7D80E4B002288
:1006B8001A751A70DA6001221C615A801B229A800E
:1006C800DA8040F203221A814FF442725A81EFF322
:1006D800108472B600F086FB04B962B60020DFE72A
:1006E8006FF01500DCE700BF801A002038B514460B
:1006F800002847D1254D2B7D032B40D071B112B96D
:100708006FF0150038BD013906293BD8DFE801F044
:10071800043A133A293A32001378AB700020FFF7F5
:10072800F1FE0028B7BF012302236FF00B002B75E1
:10073800A8BF2B75E6E71379002BE1D05379002B7E
:10074800DED01288FB2ADBD863881B3B9BB2E02BE8
:10075800D6D81A2AD4D92368A2886B600C4B9A8001
:10076800DCE7012000F03EF9237808B1012BC7D956
:10077800EB72D3E71388FF2BC2D8AB72CEE74FF0EA
:10078800FF30BFE76FF02C00BCE700BF801A0020E5
:10079800841A0020F8B50D46064620B319B311F0A7
:1007A800070420D1114F3B7D012B02D16FF00B00C4
:1007B800F8BD032B02D14FF0FF30F9E700F04AFBF8
:1007C8000028F8D02846FFF79DFE0028EEDB0CF045
:1007D800B5F83046F96801F071FEFFF741FF0323D1
:1007E80020463B75E4E76FF01500E1E7801A00202A
:1007F80010B5064C237D032B03D101F077FE02F0E0
:1008080097FB09F07FFC0020207510BD801A00209E
:1008180008B501F035FE0549012000F0DBF8044970
:100828000020BDE8084000F0D5B800BFC9040000AA
:10083800E9040000074B4FF0FF3141F6FF72C3E9AE
:10084800001205490022C1E900221F21C3E9021252
:10085800704700BF20110020981A00203F280CD8AC
:1008680001380B4BC0F3421200F01F0053F822303E
:1008780023FA00F000F001007047FF2806D0403846
:10088800044BC0F3421200F01F00EFE7012070474D
:1008980020110020981A0020074B0146006849687B
:1008A8001A4603C240F48C2200201A6041F01072EC
:1008B80042F4FF625A607047201100200246034B41
:1008C8000068516803C30020704700BF981A0020D1
:1008D8000246034B0068516803C30020704700BFFD
:1008E800281100200138064BC0F3421200F01F0007
:1008F80003EB82039B6823FA00F000F001007047C5
:10090800201100200A8870B595B2C67CC2F30E0289
:100918000488023602F118033444C35AA4B233449B
:100928002344013BB3FBF4F303FB0422438892B254
:100938009342044B8BBF2B40AB4313439BB20B80BA
:1009480070BD00BF0080FFFF4A1E062A08B5034697
:10095800084604D84FF4D1711520FFF745FE094A1F
:10096800914202D940F2A311F6E711B903B1196017
:1009780008BD2BB11B680022C3E901211A1D1A60AA
:100988000430F5E7FAFFFF7F10B5114B00EB410487
:100998001A786389B3FBF2F303FB0223013A1A4482
:1009A800B2F5706F0279807828BF00231A440B18BB
:1009B800B2FBF0F100FB11215B1AB3FBF0F100FB75
:1009C800113313446FEA43436FEA5343638110BD05
:1009D800A01A0020024B03EB80035960704700BF48
:1009E800A01A0020034B03EB80035868003818BF97
:1009F80001207047A01A00202DE9F04F10F0070AD7
:100A080085B0054604D040F26F111720FFF7ECFDC2
:100A1800524F044607F10C06B146B04657F8043B5E
:100A28008DF80BA03BB101A898479DF80A30082B18
:100A380001D9F521E9E79DF80B1041BB05B13160FB
:100A48004F4506F10406E9D1002D6FD00022DFF8EA
:100A580010910227964689F8002058F827A0013FF0
:100A6800BAF1000F55D09AF804609AF802C0FF2E28
:100A780060D039460023481C38D19C44BCF1FF0F94
:100A88003FD90AB189F800E04FF49A71BDE79DF8A3
:100A98000AC04B1D60465A0004EB4303022838BFC6
:100AA8000220441E40422344BDF808406444CCF16F
:100AB800000C0340013C04EA0C04B4F5803F02D367
:100AC80040F20511A1E775B19A1A012032609170C0
:100AD8001480D0709DF80C00107101984FEA104CEA
:100AE8001081A2F806C004FB0134A9E758F82100D8
:100AF80028B190F804B0B34504BF80781B180139B9
:100B0800B9E7DBB2E6458AF804303CBF5FFA8CFEF1
:100B180001227B1CA1D10AB189F800E0022640F627
:100B2800FF6A58F82670B7B9013EFAD2601B05B0C3
:100B3800BDE8F08F0023E5E707EB410309F1010960
:100B48003846A3F80AA0FFF71FFF5FFA89F1BB78C0
:100B58008B42F1D8E8E74FF00009F6E7A41A002025
:100B6800A01A002038B54FF6FF7302460380184BD1
:100B780003EB81031869A8B184780379B3FBF4F116
:100B880004FB1133DBB2194600EB4105B5F90A50F5
:100B9800002D0EDB0131B1FBF4F504FB1511C9B2D0
:100BA8008B42F1D1002038BD6381BDE8384009F09F
:100BB80030BA00EB41046389C3F30E031380C27893
:100BC800002AF1D14FF4E5711720FFF70DFD00BFA2
:100BD800A01A00201C4B03EB810370B51C69054665
:100BE80044B3030404D54FF4EC711720FFF7FCFC61
:100BF8000146204609F0F0F9FF28014604D02046B6
:100C0800BDE8704009F005BAA078B5FBF0F300FB29
:100C18001353DBB219460A1D04EB4206B6F902600B
:100C2800002E09DB0131B1FBF0F200FB1211C9B251
:100C38008B42F0D1002070BD8B4201D00023E370BD
:100C480004EB42025580DAE7A01A0020094B03EBB7
:100C58008103014610B51C69204609F0BDF9FF283B
:100C6800014604D02046BDE8104009F0D2B9002062
:100C780010BD00BFA01A0020F8B5104B074603EBC3
:100C8800810301461C69204609F0A6F9FF2805469C
:100C980011D0E288238953EA024606D0014620464D
:100CA80009F0B7F901463846B04720462946FFF70C
:100CB8006BFE0020F8BD0520FCE700BFA01A00204D
:100CC80038B50E4B0446827903EB8203186908B9DC
:100CD800052038BD8278E1799142F9D24B1CE37145
:100CE80000EB41035D89B3F90A30002BF3DBA580E3
:100CF80009F08FF920600020EBE700BFA01A002060
:100D080070B5044610F003000E4603D04E2118209B
:100D1800FFF76AFCFFF718FE054624B10348314681
:100D28000460FFF711FE284670BD00BFBC1A002002
:100D38002DE9F14FDFF870B01E4607460D46DBF887
:100D4800003090469DF828A09DF82C901BB9602192
:100D58001820FFF749FC52460921404608F0C4FF15
:100D68004A4684B20921304608F0BEFF81B2DBF85A
:100D78000000214409F004F9386018B9286001B06E
:100D8800BDE8F08F04445346414609222C60386878
:100D980008F06DFF4B4609223146286801B0BDE8CE
:100DA800F04F08F064BF00BFBC1A002070B50E46B3
:100DB800044608F0ACFF0546304608F0A8FF044B8F
:100DC8002A1821461868BDE8704009F0FEB800BF2F
:100DD800BC1A0020024B186808B109F0C5B8704762
:100DE800BC1A0020124B01224FF0FF3000215A603C
:100DF800C3F80803C3F80015C3F804255A6040F681
:100E0800FE72C3F808034FF48060C3F8001503F5B9
:100E180060330849C3F80825C1F88800BFF34F8F2D
:100E2800BFF36F8FC1F88801C3F80825704700BF6A
:100E380000A0045000E100E002680020014B1A60A5
:100E4800704700BFC01A0020014B1B68184700BF3D
:100E5800C01A0020024B1868003818BF01207047DC
:100E6800C01A00200A4606488F2302F8033BC368CD
:100E7800C1F803300369536043699360704700BF4A
:100E8800C41A0020024B5A8C02435A845B6A1847E2
:100E9800C41A0020014B00215B6A1847C41A0020BD
:100EA80010B5154C05F024FF06F0FAF9208DFFF770
:100EB800F1FF237E63B12246104904F1190052F86C
:100EC8000C3BE36063685360A36893600AF085FA9B
:100ED800218DE06A02F058FEE36AB3F8AA0002F036
:100EE800B3FC636B94F8301094F8310098470023F2
:100EF80084F8383010BD00BFC41A00206D0E000001
:100F0800034B93F838300BB1FFF7CABF704700BFE7
:100F1800C41A002008B5094B93F83820022A04D0D7
:100F280040F257312720FFF75FFBDA7A42F00102DF
:100F3800DA72BDE80840FFF7B3BF00BFC41A00204B
:100F480070B50F4DC900920000F00300EE6B01F080
:100F5800080102F004021B01347803F0100304F0C6
:100F6800F3040C43144304F0EC041C4304433470AE
:100F7800B5F8483073700223A5F8403070BD00BF43
:100F8800C41A0020F7B5184C0646E56C0DB1A36DE0
:100F980023B940F6C4012720FFF726FBB4F85C30DC
:100FA80001F003012F466B702B7823F003030B43EA
:100FB80007F8033B3846B4F85C20A16D08F050FCF4
:100FC8000DF1020201A9206E2565A76508F0C2FF90
:100FD800019808F0ADFF0122B4F85C103060206E73
:100FE80008F055FF03B0F0BDC41A00202DE9F34105
:100FF8006E4CE56A95F8141150B92A7D94F867305B
:1010080003EB8203FF2B03D195F815318B4202D0F5
:10101800FF2005F0B9FB0023E66A8DF80130ADF832
:101028000230337A062B00F2A980DFE803F004844B
:101038008787A79A9A0094F868300DF1020101A8F1
:10104800A6F80431ADF8023001F0ECFA30B101989D
:1010580020B105233372BDF8023013E0E36A93F838
:101068005130002B62D10DF101020DF10201E06E49
:1010780008F074FE002859D0BDF80230002B46D184
:1010880001223272E063A4F8483003B1C31C6364E0
:10109800777A96F80A80367A022E06D0053E012E17
:1010A8006FD81B780326022B6DD0E06E08F0AEFED9
:1010B8000346002869D1032E04D001F0CDFA80F050
:1010C8000103DBB203F0010284F87020EA7C002AF5
:1010D8005DD0B4F84820002A59D0424639463046F7
:1010E800FFF72EFF606F05F055FD0022616FE06B82
:1010F80005F0A2FE18B9E16B606F05F0F5FF01235A
:1011080084F8783084F8383002B0BDE8F0819DF872
:1011180001201AB90323028082709BE7027802F04B
:101128000302012A0CBF03220222AAE70023ADF81A
:101138000230012333721E480023A3E7B6F80431B6
:101148000DF101020DF10201E06EADF8023008F078
:1011580005FE00287FF47FAF40F2C3512720FFF738
:1011680043FA0DF1020101A801F05CFA08B10198F7
:1011780010B940F2D251F1E706236BE740F2DC5197
:10118800ECE7012691E700239CE701239AE739461B
:1011980042463046FFF7D4FEE06B05F0FBFC06F054
:1011A8007FF80021E06B0BF0F3FBA8E7C41A0020DE
:1011B800281B00202DE9F04F002285B0A04C0546E1
:1011C8000F46D4F82CB0CDE9022294F838200BF160
:1011D800A803022A019304D040F6AD112720FFF797
:1011E80003FA226D032092F800A0517802440AF015
:1011F8000308A4F85400A4F85C10A265002D00F0C0
:101208000A8119B1206E08F022FE0146E1649BF8BC
:101218000910228D013142F40072C9B2228581EA97
:101228009A0616F0010641D19BF8082022B3032A3A
:101238008BF8091009D8012A1ED002A9E06E08F01F
:10124800AFFD90B940F2D471C8E7053A012A02D936
:1012580040F2B371C2E701F0F3F910B940F2DE7160
:10126800BCE731460820FFF70DFEDBE91C210132FF
:1012780041F10001CBE91C21228D002642F40062D5
:101288008BF8086022859BF81420CAF3C009D2B1F4
:10129800B4F85C20BAB106F021F80328FBD0022884
:1012A80006D1FFF7FDFD05B0BDE8F08F2E46EAE751
:1012B80048B99BF80A2002F001024A4503D10123EC
:1012C80084F83130EDE79BF80A0000F001029145FF
:1012D80055D04FF00009E26C002A40F0AE80B4F817
:1012E8005C20B2FA82F2520902EA1A1284F87C20CF
:1012F800002F00F0AB8005F0FBFCB9F1000F40F0C7
:10130800DA800127238D5A0606D44020FFF7C2FD54
:10131800238D43F04003238526B1B4F80930013307
:10132800A4F80930002D00F0CB80B4F80530013363
:10133800A4F80530002384F87B30424802F072FAA2
:10134800029830B108F0F4FD00220272019901F010
:10135800F7FE039B33B100221A720C2201990398FD
:1013680001F0BCFE002F9CD1238D1B069BD480204E
:10137800FFF790FD238D43F08003238593E7B4F8AE
:101388005C20E2B108F1FF31012918D8218D41F420
:101398008051218594F87910914206D294F8302032
:1013A80042F0100284F8302093E7E16C002990D0D5
:1013B80094F87A1019B12020FFF76CFD89E7013005
:1013C800B8F1030F8BF80A001AD008F1FF31012990
:1013D8000BD8002A3FF47DAFA946DBE91E21013274
:1013E80041F10001CBE91E2175E7002A3FF471AFF6
:1013F800DBE91E21013241F10001CBE91E2168E73A
:10140800228D0120104942F480528BF80400228575
:10141800FFF738FDECE79BF814200AB105F078FFD8
:1014280094F87B204FF0000901324E4684F87B2067
:10143800228D42F4806222854DE7012254E700BFE5
:10144800C41A0020F01A00201C1B002094F87B20EE
:10145800012A3FF650AFD4F8802001209047002899
:101468003FF449AF94F83020002A7FF444AF628CEF
:10147800002A7FF440AF94F8702022B994F87C20B9
:10148800002A3FF438AF9BF8132012B1584608F0F1
:101498003BFE00209BF8142196210BF06DFA0020EA
:1014A800FFF7A4FDB9F1000F3FF42CAF414603A8A4
:1014B800FFF768FD26E7414603A8FFF763FD20E72D
:1014C800B4F807300133A4F8073036E7F0B53C4CE0
:1014D80087B006460F4694F83830012B04D040F602
:1014E8000C112720FFF780F8E56A2B7923B100213A
:1014F80004202971FFF7C6FC2B7A052B03D131494B
:101508000220FFF7BFFC002E4ED1002F4CD0D4F89C
:10151800803030469847002846D094F83030002B69
:1015280042D12B7DE76A8BB10123039605F1800137
:101538000220CDE9046394F86730029305F1900323
:10154800CDE90063D5E91E2305F06AFD9621012047
:1015580097F815210BF010FAD4F88430E56A236562
:101568004FF4817394F86700A4F854302B7D95F8F4
:10157800151100EB8300FF2803D195F814318B4235
:1015880001D005F001F92B7D9BB1606F05F002FBDE
:10159800616F206D05F00AFE002005F05FFB022355
:1015A80084F8383007B0F0BD07B0BDE8F040FFF769
:1015B80077BC206D05F0EEFA05F072FEECE700BF8F
:1015C800C41A0020081B0020064B10B593F83820D9
:1015D80002F0FF0422B91C7602F0CEFA204610BDB4
:1015E8000C24FBE7C41A00200A4B0B4A10B51A60FA
:1015F800FFF7EAFF20B14FF4B1712720FEF7F4FF9F
:10160800064C00F083FFC4F8840000F083FF606795
:1016180010BD00BFFC2300209C170000C41A002046
:10162800F8B5594C054694F8380000F0FF0610B993
:1016380009B102B123B94FF420712720FEF7D4FF76
:1016480063639DF818306162C4F8802084F87A30AA
:10165800E56284F8306084F87B6084F8316084F84F
:1016680078606684268584F8706084F87C60E66318
:101678006664A4F848602665A665A4F85C6005F071
:10168800AFF805F00DFE95F91C0105F003F9D5F842
:10169800D070D5F8C80005F003F9384605F06CFAA3
:1016A80095F8240005F006F90AF0E9FA95F81421EE
:1016B800364B4FF47A7153F8223003F5FA73B3FBC3
:1016C800F1F352331918304605F072F9304B1868A7
:1016D80005F058FAD5F8BC30E366D5F8C030236673
:1016E800AB7B233B072B4DD9EB7B233B072B49D9FE
:1016F800B5F8E630B5F8EC0095F81411984228BF13
:10170800184609F058FC95F8E830834228BF03468C
:1017180098B295F8E430984200D3C3B295F8151101
:1017280005F1DC0084F8683009F0CEFE2F7D95F8CD
:101738001511B5F8F06009F03EFC0FB9043080B21D
:10174800864228BF0646F3B284F8793084F86730B9
:10175800EB7C13B1284608F0D7FC0120FFF746FCC4
:10176800002323606360A360EB886380B5F8AA3028
:10177800238095F824302371D5F818310BB1012254
:101788001A60F8BD1B23C9E7C41A0020001903001A
:10179800FC2300201D0F0000BD110000D51400001F
:1017A800090F000010B5044608F0C6FC08B900206F
:1017B80010BDE04308F0C0FC0028F8D0E31683EA27
:1017C800A4635A1E1A42F2D0204609F072FF182864
:1017D800EDD8A3B2B3EB144F04D184EA142313F069
:1017E800FF1FE4D0034B6340581E1840003818BF51
:1017F8000120DDE7D6BE898EF0B5070C164BA7F59C
:10180800AA4203EA9023543A012A20D927F4004037
:1018180042F6AA22801A18BF0120002216211F248E
:10182800164687EA060562EA0505013511D0DD038B
:1018380001394FEA5303ADB245EA56064FEAC435BB
:101848004FEA5404ADB245EA5202EAD1F0BD002095
:10185800E3E70020FAE700BFE0FF3F0010B50446C9
:1018680008480AF052FC084920460AF0BAFD20460A
:101878000AF0B3FB20B1204603F042F8002010BD67
:101888001220FCE76C1B0020741B0020304BF0B5C5
:101898005A8985B0B0F860700C46B0F85E6097421F
:1018A8009D8928BF1746964228BF16461B2E2ED064
:1018B800B5F5A47F2DD040F6480301A99D4228BF65
:1018C8001D4608F0C6FCBDF80A30BB4228BF3B469F
:1018D800E380BDF80C30AB4228BF2B462381BDF80E
:1018E8000630B34228BF33466380BDF80830AB42A8
:1018F80028BF2B46A380FF232370E3881B3B9BB2A2
:10190800E02B08D940F209513920FEF76DFE1B2F54
:10191800CED105B0F0BD63881B3B9BB2E02B02D94A
:1019280040F20B51F0E72389A3F5A4739BB2B3F5FA
:10193800E06F02D940F20D51E6E7A388A3F5A4733E
:101948009BB2B3F5E06FE4D940F20F51DCE700BF7A
:101958004C1B0020014BD888704700BF4C1B00204F
:10196800044BD87CC0F3400080F0010000F0010077
:10197800704700BF4C1B002008B509F052FA00F070
:10198800FFFF00F0E7FD09F000FD01F0B9FF01F0ED
:10199800F7F904F011FC00220E4B4FF01B110E4812
:1019A8001A600E4BC3E901011A804FF4A4711A8220
:1019B800283303F8152C0A4A43F81C1C106808320F
:1019C80012F8041C43F8080C03F8041C07CA83E83F
:1019D800070008BD0024002003021B004C1B002048
:1019E800A0170300044B41F64C52C3E906221B2200
:1019F8009A74FFF7C1BF00BF4C1B0020024B1B6845
:101A080003B118470C20704700240020014B93F9BC
:101A1800340070474C1B0020034BDA8802801B7986
:101A280083700020704700BF4C1B002013B58378DB
:101A380004461A2B08D8042B04D9124A22FA03F3B5
:101A4800DB0705D4122017E0292B01D03B2BF9D155
:101A58002088B0F5706FF5D201A909F0BBFA68B912
:101A6800019B93F8202102F0FF004AB9A27883F87D
:101A78002121FF2283F8202102B010BD0220FBE7BC
:101A88000C20F9E7200038040188A1F11B039BB260
:101A9800E02B0CD8428844F24810A2F5A4739BB2FC
:101AA800834204D8034B002059819A817047122041
:101AB800704700BF4C1B002038B50278447802F00C
:101AC800010302F0020254EA030101D1112038BDDA
:101AD800BAB98578002DF9D0002B18BF002400E092
:101AE8001D46204608F082FB0028EFD0284608F063
:101AF8007DFB0028EAD0054B00209C73DD7318821B
:101B0800E5E7002BECD000242546EAE74C1B002033
:101B180013B5008801A909F076FA044620B901989E
:101B280090F832311BB13A24204602B010BD90F82B
:101B38005C3003F0FF04002BF5D190F853309B077D
:101B480003D1FF2380F83231EEE70249543009F01F
:101B580044FCE9E7B1BB0000F8B503780546032B60
:101B680002D912242046F8BD4378032BF9D8467EC3
:101B78000EB11124F6E78378012BF2D100F0E0FCD6
:101B8800C307F6D5AB7813F0010414D0EA78012A1C
:101B98003AD82A693E49A2F25370884236D8AC68CE
:101BA8006FF41C7CA4F6C410614488422ED8944279
:101BB80034BF12240024980711D5EA78012A27D8BF
:101BC8002A6934498A4225D8A9683348A1F6C41C31
:101BD80084451FD8914238BF12262643F4B25907CC
:101BE8001DD5EB78012B0CD82B692B49A3F6C41211
:101BF8008A4211D8AA68A2F6C41088420CD89A4220
:101C08000DD244F01204ADE71224D4E73024D2E711
:101C18001226E2E73026E0E744F03004A2E7002C81
:101C2800A0D12B7E013B062B9BD801212046FFF734
:101C38000DF8064620B940F642413920FEF7D4FC9B
:101C480090300AF0C8FB18B196F854309A071DD1A5
:101C5800EA78A978012AA868B5F800C014BFB2FAD2
:101C680082F202222E7E18BF5209CB070B4B48BFC7
:101C78002F6983F8201083F82120A3F822C083F865
:101C8800246083F82810C3E90B076BE70C2469E785
:101C98003CF670028FFD7002CBF370024C1B0020E3
:101CA80000B589B0437940F271218DF80430837909
:101CB8008DF8053001238DF8063003788DF807304C
:101CC800B0F801304B430393B0F803204A430D4961
:101CD80091F824100592A2F6C4128DF81C10002168
:101CE8008DF81D1008498A4209D8A3F6C4138B42FF
:101CF80005D801A8FFF730FF09B05DF804FB3020D4
:101D0800FAE700BF4C1B00203C369C002DE9FF4140
:101D180006780746012E04D14378012B0DD91224E9
:101D280069E0002EFBD101213046FEF78FFF054602
:101D380000287CD140F69A5107E031460020FEF792
:101D480085FF054620B940F63F513920FEF74CFC87
:101D5800BB88002B65D10AF0F9F8002863D195F803
:101D6800F430002B61D12846FFF778FD044600289F
:101D7800D5D1DFF8088131463046FEF767FF98F87D
:101D8800143006461BB110B940F65B51DDE7D8F8B0
:101D980030200392002B41D096F8F430002B3DD030
:101DA8007B88DBBB98F820303046009303ABD8F82B
:101DB8002C2098F822100AF087F978B330460AF0F8
:101DC80035FB06F14003074605F14002643653F837
:101DD800041BB34242F8041BF9D12846FFF73EFD25
:101DE800024610B140F68251AFE70C2F07D10146E9
:101DF800284603F07FF9204604B0BDE8F08117B10A
:101E080040F68B51A1E798F821302846296D43F018
:101E1800040385F8543003F047F9ECE7BA88798869
:101E2800E6E71124E7E73A24E5E70C24E3E70AF0BC
:101E38008BFA04460028DED195F8543095F88920AD
:101E480022B195F88A20134385F88900053B012BB8
:101E5800D1D82B6D13B940F6AA5176E7012108466F
:101E6800FEF7F4FE29464FF49072064607F0F8FC98
:101E78000423316D304686F85430CCE74C1B0020E3
:101E88002DE9F04F457A89B00446A90755D545F0A4
:101E980001054572072D52D800F052FB35EA0000C3
:101EA80040F0A68194F84870002F40F0A181012DE0
:101EB80045D1A369BA4AA3F25371914200F29681BF
:101EC800E26893423BD8A28FB4F842309A4236D89F
:101ED800E38E228E618DA08C08F095F9002800F021
:101EE800858123789A1E022A40F28281012B26D806
:101EF80013B9A378012B22D86378032B1FD894F841
:101F08004930013B062B1AD8DFF8988201210020BE
:101F1800FEF79CFE98F814300646ABB90121084636
:101F2800FEF794FE002818BF064606F190000AF056
:101F380052FA814610B30C2702E06A07AAD1122789
:101F4800384609B0BDE8F08F90300AF044FA00280E
:101F5800E4D06FF00043D6E924129A4208BFB1F1E9
:101F6800FF3FDBD1637A3046009304F11803E2683F
:101F780061780AF0A9F881460028CFD0304609F0E8
:101F8800EBFF08B13A27DBE7304609F0DFFF0146EF
:101F98000028F7D10DF11200FEF7E4FD05460028F0
:101FA80000F02281BDF812300DF1140A02937E4B25
:101FB80018681B7905908AF8043098F8353013B101
:101FC800504600F0BDFE0299284609F02BF8D8F8D3
:101FD800183040F2E24BC5F8DC3094F84A305A46E3
:101FE80004EB4303988C598D00230BFB00F00BFB8B
:101FF80001F185F81E3101F053FDA5F8C4B105F1D2
:10200800A80BC5F8C400C5F8C00158460AF054FB2F
:10201800039000F08FFA039B10F0200F98F812C07D
:10202800A5F8E63008BF1B22604B1ABFB8F8062097
:10203800B8F8081011461B68A5F80621A5F808117C
:1020480085F8E4C01BB195F91C1102989847012343
:10205800B8F8062098F8051005F1BC00A5F8DA30A4
:102068000332B8F80830019192B298F8041003339B
:1020780000919BB205F1C001FEF75AFED5F8BC30BD
:1020880023B940F6F4713920FEF7AEFAD5F8C0301E
:1020980013B940F6F571F6E708F05EF8C5F8C80020
:1020A80001F09CF820F07F40D8F81C10C5F8D0004B
:1020B800284694F84A3004EB43031A8EDB8EA5F8C1
:1020C800CC20A5F8CE300AF0F4FA514605F11600F6
:1020D80009F016F898F8353013B9FF2385F80D3252
:1020E800D8F8383023B1012205F591715846984740
:1020F8002F49584608F0D9FC01F070F80C23B0FBC2
:10210800F3F202FB1300C0B2431DDBB2082B9CBFE5
:102118000D30C3B2284685F8223008F0B0FF2846B3
:102128000AF0DFFAB9F1000F03D16178304609F0FF
:1021380086FF04F1030BA278217830465B4609F04C
:102148002BFF002856D112270021B5F8AA00FEF768
:1021580093FD00283FF4F4AE41F2882193E7DDF8BF
:10216800148045456AD0029B594698F8AC2003F084
:10217800FD0008F1AD03003818BF012008F052FE39
:1021880000285BD008F1B40398F8B32005F1B40136
:1021980095F8B30008F046FE00284FD00B27D3E788
:1021A8003CF670024C1B0020BE8A03000424002069
:1021B8005A1B0020E368514630468DF81490069368
:1021C800637ADB0741BFA369079301238DF81430B5
:1021D8000AF007F994F84910304609F0DAFE294662
:1021E800304602F061FFABE60D27A9E63027A7E6E7
:1021F8001127A5E6B9F1000F02D1304602F080FBA5
:102208005B46A2782178304609F026FFB9F1000F25
:1022180002D1042386F8543035655A46A1783046F1
:1022280001F0FD01003918BF012109F030FF2378C2
:102238004BB9A27805930292CAF804305046FEF7CB
:102248003FFD00288BD0B9F1000FB3D004213046F0
:1022580009F0CCFE00287FF473AE0C2774E700BFAA
:1022680010B5437994B0032B57D823F002030279B1
:1022780040F271218DF80630D0F806308DF8042030
:10228800CDF807304389027BADF80B3001238DF878
:1022980005208DF80D3003884B43049342884A4348
:1022A8000792A2F6C412847B417B41EA0421ADF86F
:1022B8002810047CC17B41EA0421ADF82E10847CEF
:1022C800417C41EA0421ADF83410047DC17C41EA27
:1022D8000421ADF83A10417D847D41EA0421ADF82E
:1022E8004010C17D007E41EA00210E48ADF846103D
:1022F80000218DF84C108DF84E100B4990F82400F1
:102308008A428DF84D000AD8A3F6C4138B4206D82A
:1023180001A8FFF7B5FD14B010BD1220FBE730206F
:10232800F9E700BF4C1B00203C369C0038B5012162
:102338000020FEF78BFC054620B941F2BB2139206D
:10234800FEF752F990300AF046F81D4B1B7D4BB34F
:10235800E0B195F85430053B012B17D828460AF010
:1023680065F8044610B141F2C621E8E7284602F0B4
:1023780059FA95F854302246214623F0040328469A
:1023880085F8543002F0B6FE204638BD01210846D3
:10239800FEF75CFC054610B941F2D221CFE7903038
:1023A8000AF019F808B90C24EEE728460AF03EF8B6
:1023B80004460028E8D1284602F034FAE4E700BFD2
:1023C8004C1B00200278034672B1427862B1428801
:1023D8001A2A09D982881A2A06D90068034A50603D
:1023E80000209B8813817047122070474C1B0020E7
:1023F80002680020014B9A61704700BF4C1B002007
:1024080002680020014BDA61704700BF4C1B0020B6
:102418000378A3F10A02112A9BBF024A0020122066
:10242800937470474C1B00200378FF2B15D1437819
:10243800FF2B12D18378FF2B0FD1C378FF2B0CD140
:10244800037923F0E0021F2A07D11F2B05D05B096F
:10245800034A002082F8243070471220704700BFDA
:102468004C1B002008B5052000F058F80AF03CFA8B
:10247800014B024A9A6308BD4C1B002095180000C6
:1024880010B50A4C072000F049F80949201D08F04A
:10249800AEFA04F10800074908F0A9FA04F10C00A3
:1024A8000549BDE8104008F0A2BA00BF881B00200B
:1024B8006C110020741100207C11002038B5074CE5
:1024C8000D4600F021FD6068256008F088FAFFF7E6
:1024D80089FA00F09BFE0123237438BD881B002075
:1024E800014B187C704700BF881B002010B5064CB4
:1024F800A06808F074FAE06808F071FAFFF73CFA8F
:102508000023237410BD00BF881B002000487047BB
:10251800991B0020004870479B1C0020C2080449F2
:1025280000F0070001238340885C03438B54704705
:1025380030110020014BD3E9000170473011002011
:10254800034B1868C0F30020400040F001007047BA
:102558003011002008B505F039FC0023074A32F88D
:102568002310814205D302EB83029378044A137047
:1025780008BD01330C2BF2D10023F7E7B417030091
:102588009D1D0020024B1878072828BF0720704798
:102598009D1D0020006808B5B0F8AA3080F86411C5
:1025A800A0F8653190F81431012B06D0022B04D025
:1025B8004FF43F710620FEF717F880F8673190F85E
:1025C8001531012B01D0022BF2D180F8683100F2CD
:1025D8005B100249BDE8084008F0FFBE9DAA000054
:1025E800024B002283F822209A8470479E1D002007
:1025F800044B93F82220012A1ABF0360012000200F
:10260800704700BF9E1D0020054B024693F822101C
:1026180001291BBF01209A84002083F822007047FB
:102628009E1D0020054B024693F8220020B113603E
:1026380009B19B8C0B800120704700BF9E1D0020B4
:10264800044B002293F822009A8410B1012083F8E9
:10265800222070479E1D0020034B93F82200B0FAF9
:1026680080F04009704700BF9E1D002050B90A4AFB
:102678000120134603F8010B0868C2F801008A8894
:102688009A807047012805D1034B0A68D8719A606F
:102698008A889A81704700BFC41D002050B90B4B2F
:1026A800187888B1D3F80120B3F805300A60012002
:1026B8008B807047012806D1044BD87920B19A68DD
:1026C8009B890A60F3E70020704700BFC41D002003
:1026D80010B9044B18787047012806BF014BD87908
:1026E80000207047C41D0020F7B58A8800238DF8A4
:1026F8000600ADF8042008680B4A8DF8073001463B
:10270800147802F5A872019DD8B2844201D8082035
:1027180007E052F8087F01335668AE4208BF8F427F
:10272800F2D103B0F0BD00BFD81D0020084B014610
:10273800002230B55C7803F20113D0B2844201D88C
:10274800082004E013F8015F01328D42F5D130BD55
:10275800D81D0020F8B52D4C63782218013B92F85B
:102768000251DBB28342637030D01A010101961C1A
:102778008F1C2644274406F1100C56F804EB6645D6
:1027880047F804EBF9D1823282312244214402F124
:10279800100652F8047BB24241F8047BF9D1E118E3
:1027A800221891F8026182F8026106267343704389
:1027B80003F5857300F58570E618E358271823504C
:1027C800B388BB8091F83A3182F83A312846FFF74E
:1027D800ADFF082818D12378013BDBB29D42237056
:1027E80012D02B3305F12B0204EBC30304EBC20216
:1027F80093E8030082E803002078FFF797FF082892
:102808001CBF241884F80251F8BD00BFD81D002051
:10281800F0B5254D89B095F8984105F299116846AB
:10282800224607F01DF82146684608F019FB0446C1
:10283800B8B300EB400102A8C9B2FEF705FB631E5E
:1028480095F8A1610124DBB295F8981105E0721C96
:10285800B2FBF1F001FB1022D6B206F120020DEB1B
:10286800020010F8202C002AF1D103EB430100F8F4
:10287800204C06EB460220312A44694411F8187CA2
:1028880082F8A27111F8177C11F8161C82F8A3714E
:1028980082F8A411013BAA19DBB282F89941FF2BF7
:1028A800D2D109B0F0BD00BFD81D002070B50646D2
:1028B80088B00C46002A4ED0294A92F8A131D01887
:1028C80090F8991119B9FF212820FDF78DFE03EB27
:1028D80043010133114491F8A251E57091F8A351D5
:1028E80091F8A41125716171002180F8991192F86D
:1028F8009811B3FBF1F001FB103382F8A13192F883
:10290800C23123B9174902F5DD7008F063FD657916
:102918000D220021684605F03F0545F04005657128
:102928000AF07DFCE37804AA69468DF80F3030463A
:1029380023798DF80D508DF80E3004230AF006FC2B
:102948009DF81F3023709DF81E3063709DF81D3070
:10295800A37008B070BD03216018FEF775FAD6E7BA
:10296800D81D002019280000044B5A78824286BFDF
:102978001B1893F842010020704700BFD81D0020A3
:10298800064B00224FF461711A8083F8C32183F843
:10299800C421A3F8C61183F8C2217047D81D0020AE
:1029A80010B51446FFF7A0FE082813D0FFF7BEFEA7
:1029B800094B5A7882420DD904B12070184490F816
:1029C8003A3190F84A01012B08BF40F0010000F0AD
:1029D800010010BD0120FAE7D81D00202DE9F047BD
:1029E8008246894617469846FFF77EFE0828054620
:1029F800064603D0FFF79AFE082860D1324C637868
:102A0800072B5ED8082D15D12678731C072E237046
:102A180003D96C212820FDF7E7FD06F12B02D9F830
:102A2800000004EBC20344F83200B9F8042083F82C
:102A380006A09A80657807F110026B1C2901637063
:102A48004B1C234412F8010DBA4203F8010FF9D1C7
:102A5800813108F11003214413F8012D984501F83C
:102A6800012FF9D125441021404608F03FFA1021E2
:102A780085F84201384608F039FA85F80261667827
:102A8800002385F84A013146104885F83A3108F0A4
:102A9800E7F90128054607D831460D4808F0E0F95E
:102AA800002818BF0135EDB284F898510025284652
:102AB80084F8A151FFF7ACFE2846BDE8F087122044
:102AC800FBE70720F9E700BFD81D00201A1F0020E8
:102AD800221F0020064B10B55878013840B2002854
:102AE80000DA10BDC4B22046FFF734FE601EF5E7D9
:102AF800D81D0020014B83F8C3017047D81D002062
:102B0800014B93F8C3017047D81D0020431E4AF2B9
:102B1800B7129BB293429DBF024BA3F8C601012096
:102B280000207047D81D0020014BB3F8C60170473C
:102B3800D81D00200A4B30B55C7884420ED9184461
:102B480090F802012B3003EBC004A5790D7053F8FF
:102B5800300010600120A388938030BD0020FCE77E
:102B6800D81D00200246074810B590F8C34124B18B
:102B7800417821B1023003F041FB204610BD0C46DC
:102B8800FBE700BFD81D0020F8B50646174C48B330
:102B9800617804F5A17008F063F994F89851074634
:102BA80004F29910294608F05BF92D1AEDB2AF42EC
:102BB8001AD800256278EBB29A4201D80120F8BDF4
:102BC800E21892F842215AB90621324601FB034124
:102BD80004EB031301F5857103F18200FFF766FE2C
:102BE8000135E7E70546E5E70020E8E7D81D0020BE
:102BF800F0B51B4E89B007460D46737883422CD931
:102C0800331893F8424144BB0D22214668460AF026
:102C180006FBEB7806EB071004AA8DF80F3069461F
:102C28002B7982308DF80E306B798DF80D300423B6
:102C38000AF08CFA2A789DF81F309A420AD16A78ED
:102C48009DF81E309A4205D1AC789DF81D30E31AE4
:102C58005C425C41204609B0F0BD0020FBE700BFA4
:102C6800D81D0020074B5A78824209D91A1892F8C1
:102C780042212AB9062202FB003000F58570704710
:102C880000207047D81D0020F8B50E4607460621DB
:102C98001546304608F02AF9044670B10C4B00225C
:102CA800587803F23913D1B2884202D80124204659
:102CB800F8BD013203F8015FF5E73146384608F000
:102CC800EBF80828F3D0024B034483F83A51EDE7B8
:102CD800D81D0020034B80F874101B680BB1408886
:102CE8001847704708240020036830B50024D3F83B
:102CF800C40042F21075A3F84040B3F8444044437E
:102D0800B4FBF1F4A3F844404C1E05FB0242B2FBAD
:102D1800F1F2A3F84220094AB2FBF1F20132A3F81A
:102D280048209A8F05FB02445A6B5043B4FBF1F4D8
:102D3800B0FBF1F09C63586330BD00BF005A6202DB
:102D4800054B1B7833B9054B1A681B790260037170
:102D58000120704700207047A01F00203811002074
:102D6800054BFF221A70054A01681160017911713B
:102D780000221A70704700BFA01F002038110020E1
:102D880007B5064A10681279009068468DF8042045
:102D9800FFF7E6FF03B05DF804FB00BFBE8A03003F
:102DA8000346084671B13F2B0BD8074AD35C03F0A2
:102DB8007F02914205D08CBF0120002000EAD31089
:102DC80070470120704700BFFC170300FF230B70FA
:102DD80002234B7083238B70014B1B78CB70704799
:102DE800A41F00202DE9F84FD0F804800C46D8F82D
:102DF8001860304607F08AF8054620B94FF4AA71E2
:102E08001020FDF7F1FB0146304607F08DF8B5F8C4
:102E180000B082461FFA8BF717B94FF4AC71EFE791
:102E2800224B00F103091B68D3B998F8023098F8CF
:102E380003202370637802F00F02A4F802B023F095
:102E48000F03134323F0C00363709AF8003003F0B4
:102E58000303012B0FD0022B0DD04FF4BB71CFE72A
:102E68003A464946B8F80200984705460028DCD19A
:102E78002846BDE8F88F6278304663F30512627021
:102E880007F058F8054610B94FF4C071B8E7FB2FA2
:102E980002D940F28F11B3E73A464946201D06F0A1
:102EA800DFFC304606F0A1FFE2E700BF0C2400205B
:102EB80038B5134C10220021201D0AF0B0F9012565
:102EC800257404F108031022002104F11400C4E958
:102ED80001330AF0A4F984F8205004F11803094AD0
:102EE800C4E9053300236362A36284F82C30C4F874
:102EF8002D30C4F8313084F835301360A36338BD01
:102F0800A41F00200C24002010B5084C2378FF2BA8
:102F180004D040F299111020FDF766FB06F00CFC76
:102F28002070BDE81040FFF7C3BF00BF3D1100206F
:102F380010B5034C207806F019FCFF23237010BD50
:102F48003D110020014B187806F020BC3D110020EF
:102F5800014B024A1A60704710240020ED2D000032
:102F68002DE9F341DFF86881054608F11407D8F820
:102F78000830D8F81840227A012A22D1D8F8382007
:102F880052B1137A1BB9BF211020FDF72DFBD8F8D9
:102F98003840C4B9002083E01A7A012AFAD01C46C6
:102FA8004C4AEFF3108172B650680068506001B95E
:102FB80062B6A34208BFC8F83840237A1BB9EE218D
:102FC800E2E73A46EDE7267AF6B205232372731E46
:102FD8000B2B6ED8DFE803F06A062235676D3E6D6D
:102FE8006D6D6D5B636813B94FF40371CCE72046D0
:102FF800294698470420EFF3108272B6237A052BEE
:10300800D9B24FF0000359D12372D8F83810A14231
:1030180001D1C8F83830B2BB62B634E0636813B97E
:1030280040F21521B0E72946204698470346ADF8F7
:103038000400C0B2C3F30723012B2FD0022BDAD12F
:103048001AE0636813B940F21D219DE720469847AE
:103058000020D0E763680BB9FE2195E786222A7025
:1030680001225988AA706A7100225869A5F80310CC
:10307800AA7106F0BAFE0420D8F83830A34202D16B
:103088000023C8F8383000283FF471AF08E0124B2D
:10309800294620461B689847034668B9267298B1A6
:1030A80002B0BDE8F0814FF415716DE740F2572189
:1030B8006AE740F25A2167E70220DDE711B940F2DA
:1030C8007B2161E71846A6E7002B7FF450AF61E744
:1030D800A41F0020A81F002010240020134610B5AC
:1030E800027A22B140F202311020FDF77DFA0A4639
:1030F80001460248BDE8104008F049B9A81F002061
:10310800044890F82C301BB90349243008F05CB906
:10311800704700BFA41F002087B30000034606487D
:1031280090F83C203AB190F8352022B9034900F8CC
:103138002D3B08F049B97047A41F0020D52D000089
:103148000A4610B5037A23B140F20A311020FDF780
:103158004BFA014607230248BDE8104008F017B9AA
:10316800B81F00201346027A0AB1037270470A4654
:103178000146014808F00BB9A81F00201B234FF097
:103188001B128384038482618382C260038539B9F8
:103198004FF4A473034AC3844384C261C3820261A7
:1031A800704700BF48014801014908F016B900BF3F
:1031B800E9B300000B8BA2F809001046A2F80B3007
:1031C8004B8BA2F80D308B8BA2F80F30CB8B0249BA
:1031D800A2F8113008F0FBB839B40000094AD2E966
:1031E8000003434083EAB01181EA43214FEAF343E5
:1031F80011605360044B58434FEAF06000EB8000C5
:10320800704700BF40110020BB79379E10B50A4CAB
:1032180008210948FDF718FED4E900321343F7D016
:10322800064CFFF7DBFF2060FFF7D8FF23686060DC
:103238001843F6D010BD00BF40110020E41F002045
:1032480038B5A0F10A0314460D46DBB22046432BDD
:1032580096BF0A4AFE21D15C08F040FA68B965B108
:103268002978272907D03F2908BF3E212046BDE8F5
:10327800384008F033BA2621F8E738BD3C18030077
:10328800174B184A9A60184ADA62184A1A61184A9B
:103298005A61184A9A61184A1A63184A5A62184AAF
:1032A800DA64184A9A64184A9A63184B184A9A605A
:1032B800184A1A62184A5A60184A1A60184A9A62D2
:1032C800184ADA62184ADA60184A9A61184A1A6380
:1032D800184A9A64184ADA64184A5A62704700BF52
:1032E800142400201BB8000055BA000027BA0000BB
:1032F800F1B90000ED350000A5370000A536000043
:1033080047BB00005FBB00006136000014250020A9
:1033180031B8000017BB000041B800003DB90000FB
:10332800A5BA00006BBA0000C3BA00008BBA00004F
:10333800D3BB00007BBB000077BB00002DBB0000A7
:10334800054B064A1A65064A5A65064B064A1A6527
:10335800064A5A65704700BF1424002019BD0000B2
:10336800ADBC00001425002097BC0000ABBD0000D8
:10337800054B064A9A65064ADA65064B064A9A6577
:10338800064A1A66704700BF1424002089AC000062
:103398006DAD00001425002081AB0000BFAD00001A
:1033A80073B5054601A80E46FFF722F920B94FF478
:1033B800AA615120FDF718F922220021019809F08D
:1033C8002EFF019C204600F8036F252E00F2C280D4
:1033D800DFE806F01318383EC0C0C3565A5DC3C3B1
:1033E80062C0C0C0C06EC3C3808097C09EC0C0C04A
:1033F800C0C0C0C0C0C0C0A2AEB8294608F0A5FA77
:10340800C0B98CE02E68D6F80832636096F80C32A2
:103418002372286890F89F3033B908F0BFF92B68F9
:10342800DB881844A6F80E02B6F80E32082063723C
:103438001B0AA372FFF7E8F8002840F0908040F2DA
:103448005751B6E72B6893F8213102202371F1E731
:103458002B681720D3F84C226260D3F85022A26060
:10346800B3F85422A281D3F82C22C4F80E20D3F842
:103478003022C4F81220D3F89030C4F81630D9E7B7
:103488002B6893F8A030E0E700F03CF9B8E7014674
:10349800284600F049F9B3E7112306202371592380
:1034A80063710023A3713923E37130232372C1E7C9
:1034B8002B6893F8A0203AB193F89D20227193F8D5
:1034C8009C3003206371B5E793F89B20227193F831
:1034D8009A30F6E72B680920B3F800212271120A06
:1034E8006271B3F8A220A271120AE271B3F8FC204B
:1034F8002272120A6272B3F8A030A3721B0AE37236
:1035080098E72B6893F82E21227193F82F31D8E78A
:10351800294607F08AFB73E7124B1B6813B940F280
:10352800495146E701462A4623209847042081E767
:103538000C4B1B68002BF2D001462A4624209847E2
:10354800052077E7074B1B68002BE8D001462A4681
:103558002520F4E740F244512BE701206AE702B046
:1035680070BD00BF142600203F289ABF024B53F8B5
:1035780020000020704700BF142400203F289ABF75
:10358800024B53F820000020704700BF142500208C
:10359800F7B5056804464FF6FF77D5F8BC600DF11E
:1035A80002010DF101023046ADF8027006F0D6FBBB
:1035B80001A9304606F0F4FB48B1019806F0B8FCC2
:1035C8002168A83100220272FFF7BAFDE7E7044933
:1035D80005F1280003B0BDE8F04007F0F8BE00BFD1
:1035E800AFB70000036810B59A7B04461E2A2CD199
:1035F800002283F8512083F84A2083F85622036872
:1036080093F85210B3F8AA0081B1C3F8A921104960
:10361800A3F8AA0103F5D07083F85220A3F8AD21CE
:1036280007F0D2FE23680020987310BD0122A3F88A
:10363800990183F8981103F28F1083F89F11A3F86A
:103648009C1183F89B210349EAE70220EDE700BFBC
:10365800D9B90000C1B9000038B50468E57BBDB927
:10366800D1F801200B4BD1F8051013400A4AC4F8D1
:103678006230C3F307630A4043F00803C4F86620C6
:1036880084F8653008F052F80423E373284638BDFF
:103698000125FBE72FC904F76FDB0080006810B530
:1036A800837B042B2AD1D1F801304A1CD1F805407C
:1036B800C0F86230C3F30763C0F8664043F00803FC
:1036C80080F86530002380F84A30837380F83331FE
:1036D80090F8713103F0FF040BB1002010BDB0F871
:1036E800AA3000F2691044724381D1F801300449CC
:1036F800C3605368036107F067FEEEE70120EDE75A
:10370800EDBA000010B50446FEF714FF044A054B55
:10371800024009200B40C4F80120C4F8053010BD50
:103728002FC904F76FDB008037B50C460568FEF734
:1037380001FF0A4B0A4A03400A4095F862100093B9
:103748000B4001928DF800306B4603CBC4F80100A2
:103758000920C4F8051003B030BD00BF2FC904F715
:103768006FDB008038B5DB04154604D5037D13B143
:103778000023436338BD446B0134446308F004FA02
:10378800836B9C42F6D30023034943632846BDE874
:10379800384007F022BE00BF3BBB000038B50468C4
:1037A8000546A37B012B01D0E37BB3BB94F85330D0
:1037B800980713D44A7884F85D204A88A4F85E20D4
:1037C8008A88A4F8602043F0020284F85320DA07BC
:1037D8000ED5134904F1540007F0FFFD94F8533057
:1037E800DB070FD4E37B43B153214020FCF7FCFEF9
:1037F80094F83231002BECD1F0E701232846E3732B
:1038080007F094FFA37B012B4FF0000301D00020A9
:1038180038BDA37384F84A30F9E70120F8E700BF00
:10382800B1BB000070B50568044602F0A3FC054B67
:103838000146E8721B681BB12046BDE87040184776
:1038480070BD00BF1C260020024B1B6803B118473F
:10385800704700BF18260020F0B51F4D00242B78B4
:1038680014709BB1013B6D68DBB21E1B012E0FDC8F
:1038780005EBC40655F8347076688E4208BF874257
:1038880027D0B84271EB060612D214700020F0BDA2
:103898001E197710C6F3470655F837C005EBC70E53
:1038A8008445DEF804708F412CBF33463446DCE78C
:1038B80005EBC30455F8335064688C4208BF854251
:1038C80006D0A84271EB040428BF01331370DDE76A
:1038D8001C4601201470DAE7FC1F002010F00702D4
:1038E80008B503D063214820FCF77EFE18B1034BCE
:1038F800197258601A70C80008BD00BFFC1F00206C
:10390800014B00221A707047FC1F0020014B002257
:103918001A6070470C20002008B5044B186810B9CD
:10392800FFF7F4FF08BD0C20FCE700BF0C200020C7
:10393800024B1879003818BF012070470C2000206E
:1039480013B5CDE90012054BFF225A7100F110039F
:10395800DDE9000183E8030002B010BD0C2000205F
:10396800C3693BB983692BB9034B1B681B1A5842BF
:1039780058417047012070470C20002030B50D4A8F
:10398800FF231371D0E9065373B1D0E902149D6186
:103998000C44D9682144D960816939B1CB610023CD
:1039A800C0E90633137130BD1560F5E7002BF6D07A
:1039B800D960F4E70C20002010B5124AFF231371D8
:1039C800C16189B91368836103B1D86110600023AC
:1039D800C169C36099B1CB687BB18468A3420AD23C
:1039E80030213720FCF700FE8B6988618361002B4A
:1039F800EDD0D861EBE71B1BC3600023CB6000232D
:103A0800137110BD0C200020014B1868704700BFCF
:103A18000C200020034B00201B6803B97047184690
:103A28009B69FAE70C2000200B4B002230B51B687D
:103A380004464FF0FF35104623B911B9002808BFD6
:103A4800104630BDDA68A24203D3AA423CBF1546ED
:103A580018461A469B69EFE70C20002070B50F4CFA
:103A6800FF232371036A1BB181689D68A94203D2B1
:103A7800E5213720FCF7B8FDC2698669DA619E61E5
:103A880052B193619A691AB1D361C26811444A1B51
:103A9800DA600023237170BD2360F3E70C20002057
:103AA800F8B54FF0000C0446284E084686F805C0C5
:103AB800002135680B4685B97579002DF6D15BB1C3
:103AC800984225D3013CB0FBF3F11C4403FB01F5FC
:103AD800B4FBF3F48C420ED9F8BD2F690BB19F42A9
:103AE80007D23B4627B94FF4A3713720FCF77CFD7A
:103AF800A98AAD69DFE7B5FBF3F603FB165626B9CD
:103B0800B5FBF2F602FB1656DEB10139ED1AE1E714
:103B1800451E1D44B3FBF4F4B5FBF0F5AC42DBD312
:103B2800B3FBF5F605FB16374FB9B6FBF2F702FB08
:103B3800176727B9B6FBF1F701FB17671FB1013506
:103B4800ECE72846C8E73046C6E700BF0C2000204F
:103B5800FF23084A0B700D234B7082238B70136868
:103B6800C1F803305368C1F807309368C1F80B30C7
:103B7800704700BF1220002016220021014809F0DA
:103B88004EBB00BF12200020F8B5154D04466B7DD2
:103B980023B3D0E96C7608F072F894F81421114B2D
:103BA8005230114953F822304FF47A7203F2E73356
:103BB800B3FBF2F3DB19B4F8AA2046F100061B1890
:103BC8002A8005F10C0046F100066B60E3880222AA
:103BD800AE606B80BDE8F840FFF7C4BAF8BD00BF1F
:103BE8001220002000190300593B0000024B00225C
:103BF8001B6883F8702070472820002008B502F061
:103C0800B9FA014B187008BD48110020024B18681A
:103C18006C3001F089B800BF2820002038B50F4C5F
:103C2800FFF7F4FF656801F055F8636828601868C5
:103C380020B940F2F5413220FCF7D6FC08F07EFAB4
:103C480010B940F2F741F6E702F0A4FF002003F0B4
:103C580005F8636804221A7138BD00BF28200020C7
:103C680070B52B4C06466368186808F067FA054675
:103C780020B941F2C4313220FCF7B6FC236893F82E
:103C8800543013B941F2CA31F5E776B107F0F5FAC5
:103C980030B163681A79022A0ED841F24A31EAE74C
:103CA800284607F002FB0028F3D163681A79022A34
:103CB80017D841F2AA31DEE71A79082A02D941F267
:103CC8004B31D8E71B792846A26803F18043126973
:103CD800033B52F8233098470C2812D941F2DD31C2
:103CE800C9E71A79082A02D941F2AB31C3E71B792F
:103CF800A26803F180435269033B52F82330984786
:103D0800EAE7A368DB68BDE8704053F8203018473D
:103D18002820002008B5074B93F900207F2A04D1FA
:103D280040F29B313220FCF75FFC02707F221A7050
:103D380008BD00BF4811002010B504788EB004F00B
:103D48000F0404A9224608F01AFAFFF757FF042CBB
:103D580033D11B4C059A2368107893F87410884265
:103D68002BD1507893F87510884226D1907893F823
:103D78007610884221D1D07893F8771088421CD1E8
:103D8800107993F87810884217D1517993F87920EF
:103D9800914212D19DF8212093F87A309A420CD1A1
:103DA8000DF10F00FFF7B6FF9DF90F3004A900933E
:103DB800237C227B606808F0D3F903200EB010BD85
:103DC800282000200D4A536810B51979022904D813
:103DD80041F2BC413220FCF707FC1979082902D9C5
:103DE80041F2BD41F6E71B79926803F1804392687E
:103DF800033BBDE8104052F8233018472820002024
:103E080010B5054C637B2BB102F04EFF02F04EFA61
:103E18000023637310BD00BF2820002010B5064C96
:103E2800FFF7EEFF012263681A71FFF7EFFE2068C3
:103E3800BDE8104008F009BC2820002010B500B9E2
:103E480019B9BDE81040FFF7E9BF0D4A5368197961
:103E5800082904D841F28C413220FCF7C5FB1979B6
:103E68000C2902D941F28D41F6E71B79926803F1DA
:103E780080435268093BBDE8104052F82330184788
:103E88002820002038B52F4CFFF7C0FE656800F0E9
:103E980021FF63682860186820B940F25241322037
:103EA800FCF7A2FB08F04AF9054610B940F2544164
:103EB800F5E7236893F889306BB123681A6D93F896
:103EC8008A10C3F8F02093F854200A4383F854204A
:103ED800002283F8892063681A795AB11B79012B6B
:103EE80008D00021206808F0A8FA18B9BDE83840C1
:103EF800FFF794BF2368144A93F88830D05C02F027
:103F0800D9FC0121252002F03FFC284602F042FEA0
:103F18000121084602F0DCFCE81CFEF723FE607372
:103F280020B102F09DF9402002F0B2FE0023626841
:103F38000821E373A3732374D3800323217351717E
:103F4800137138BD282000208018030070B5384C44
:103F5800054663681B79012B04D940F6FC01322021
:103F6800FCF742FB02F03CFC02F09EFE02F09EF9D8
:103F7800304802F007FE304802F0FEFD2F4802F0FC
:103F88008FFC6B7A23B123681B6E0BB101221A6078
:103F98002B7A032B02D140F62E11E0E7206893B963
:103FA800032190F8882090F849500E460132B2FB60
:103FB800F6F303EB4303D31ADAB245FA03F3DB074C
:103FC8002BD580F8882090F9580002F063FCFFF7A1
:103FD80059FF256895F84830F3B16FF00043D5E9EB
:103FE80020129A4208BFB1F1FF3F15D008F03DFDFD
:103FF800D5E92023904299410ED3236893F848309D
:1040080083B92568FEF790FD044608F02EFD0C4B99
:10401800E4FB0301C5E9200170BD013911F0FF017E
:10402800C4D1CEE70120FEF7AFFD0028F4D0E8E7C1
:10403800282000207C49000055555500D6BE898EA1
:1040480040420F002DE9F843624F00230646894697
:104058007869D7F800800370437002F0B7FD054611
:1040680030B900250320FFF759F82846BDE8F88342
:104078007C69032E237833D123F00F0343F0030325
:1040880023700C236370D8F874307869C0F809304D
:10409800B8F87830A0F80D3098F87A1007F0E3F8FF
:1040A8000021786908F074FC3B6893F8482003F114
:1040B800420993F84180002A68D14C46236841465A
:1040C8007869C0F80330A388A0F8073007F0C2F871
:1040D800414BD3F80C32002B6CD002F07DFCC0E7CA
:1040E80023F02F033968222243EA4913627043F010
:1040F800050323700B6DD3F8C830C4F80F300B6D6F
:10410800D3F8D020E274100A120C207540F2E24075
:104118006275B3F8D820B2FBF0F2A275D3F8D420B8
:10412800B2FBF0F2E275C2F307222276D3F8C4207C
:10413800B2FBF0F26276C2F30722A276B3F8CC2083
:10414800E276120A2277B3F8CE206277120AA277B3
:10415800D3F81720C4F81F20DB7E94F8242084F8B5
:1041680023300B6D22F01F0293F8223003F01F0357
:10417800134384F82430FEF705FA94F8243003F04A
:104188001F0343EA401384F824307CE793F8542053
:1041980052070CD593F84B204AB193F84C00FEF720
:1041A80061FD0446002888D04FF0010886E77B6847
:1041B8005879F4E7052E7FF458AF3B6821681A6DEB
:1041C800C2F8B410A188A2F8B8101B6D83F8B380A8
:1041D8004BE700BF2820002000A0085010B50021A0
:1041E8000320FFF72FFF18B9BDE81040FFF716BEF0
:1041F800074C0321206808F020F90028F4D0012199
:10420800084602F06BFD636809221A7110BD00BFF1
:104218002820002070B5164C6368186807F08EFFD8
:10422800064620B940F261513220FCF7DDF9636897
:104238000A22002120681A7100F06CFF236805200B
:104248001B6D9D7D3378C3F340131D402946FFF74E
:10425800F9FE18B9BDE87040FFF7E0BD04212068F9
:1042680008F0EBF80028F5D023681B6D9D7570BD2C
:10427800282000202DE9F04F734C95B00546FFF734
:10428800BDFC236893F8543013F0060F04D00122C4
:104298009621002008F070FB2E7828460AA906F01F
:1042A8000F06324607F06BFF0B9D55B39DF839306A
:1042B800012B50D16B7903F0C003A3F140056B4289
:1042C8006B41627B4AB143B1656806F0EFFD6368F4
:1042D80068715B7923730123A3736368587908288D
:1042E8003BD10B999DF8390007F096FC62680546AA
:1042F8000B9905329DF83900FEF752FB63680028D8
:104308003DD0226892F8543013F0030106D0062EEF
:1043180097BF92F84A1000212943C9B2606801F09A
:10432800010113F00403817106D0062E97BF92F89D
:104338004B3000231D43EBB203F00103C3710B9B09
:10434800F3B19DF8391082F87A10196851679B8883
:10435800A2F8783014E00023B3E708AA0DF11F0192
:10436800FEF7E8FB20B940F6A5313220FCF73CF90E
:1043780008A99DF81F0007F04FFC0546C1E7D88043
:10438800062E00F2C680DFE816F06100E4000700A0
:10439800C400C400C400240002F01EFB266896F87E
:1043A8005430980713D06568AB7983B108A8FFF734
:1043B800B1FC9DF9203002220AA902932846237BEA
:1043C8000193FF23009306F1420307F0B9FE03258A
:1043D8001DE06568AB79002B00F09B80266896F895
:1043E8005420910719D508A8FFF794FC9DF92030AF
:1043F8002846062202930AA9237B09250193FF2355
:10440800009306F1420307F09BFE00232374FFF795
:10441800F7FC284615B0BDE8F08FD30779D55707C4
:1044280001D502F0D9FA08A8FFF774FC9DF92020FD
:1044380023680292227B42330192FF2200920622D5
:104448000AA96068C1E700BF28200020236893F804
:104458005420560738D56168CA79002A34D00B9A97
:1044680093F85A001578854256D1557893F85B0031
:10447800854251D1957893F85C0085424CD1D57826
:1044880093F85D00854247D1157993F85E0085421F
:1044980042D1507993F85F2090423DD19DF8392060
:1044A80093F85900151A6A426A4193F85600012890
:1044B8004DD0002A4BD193F84C30082B02D04A79C2
:1044C8009A4244D002F088FA6568AB79002B3CD058
:1044D800266896F85420900720D508A8FFF71AFCFC
:1044E8009DF920302846002202930AA9237B09253A
:1044F8000193FF23009306F1420307F021FE0123F5
:1045080023746368DA79002A81D19B79002B7FF4C0
:104518007EAF02F061FA5AE70022C6E7D10714D548
:10452800530701D502F058FA08A8FFF7F3FB9DF9E5
:10453800202023680AA90292227B42330192FF229B
:1045480000920022606807F0FBFD0325D9E70A25E1
:10455800D7E7616822688B799DF83A0005930128AE
:1045680092F8483091F807B083F0010A40F0A8802B
:104578000C98477907F0C007A7F1400CDCF1000759
:1045880047EB0C0792F85400460740F19B8092F8DD
:104598004B00002800F0968092F84C50082D00F04F
:1045A80093802846FEF7E0F94AEA00005FFA80FAAD
:1045B800002F00F08B800C992846FEF719FB064661
:1045C800216891F8542091F8418055074ED50B9AEF
:1045D80091F85A00157885427AD1557891F85B00A0
:1045E800854275D1957891F85C00854270D1D5786F
:1045F80091F85D0085426BD1157991F85E0085428E
:1046080066D1507991F85F20904261D19DF8395078
:1046180091F85920A81A4542454162685279082AFA
:1046280058D091F84C90A9EB0202D2F1000949EB5D
:104638000209002E51D1BAF1000F50D00C9B423123
:104648009DF83A20404606F0EDFBBBF1000F0BD079
:10465800236893F85630012B56D02BB9002D53D12F
:1046680010B1B9F1000F51D102F0B6F9236893F8EF
:1046780054309B073FF4ABAE02F0AEF9059B002B1C
:104688003FF4A5AE20680C9B00F142019DF83A204A
:1046980090F8410006F0C6FB256800B90EB308A8DB
:1046A80048EA4608FFF736FB9DF920300293237B42
:1046B80001935FFA88F30093012205F14203BFE6F4
:1046C80000275FE74D7969E7002679E73E4677E7F7
:1046D8000025A2E74FF00009ABE70120B5E7304617
:1046E800B3E795F85530023B012B3FF670AE002F2B
:1046F8003FF46DAE08A8FFF70DFB9DF9203002933B
:10470800237B0193FE23D6E70028ADD00A257EE659
:1047180073B5414CFFF774FB002240F2E240236876
:104728005A721A6DB2F8AA105981D2F8C410B1FBA6
:10473800F0F11984B2F8CC10B2F8CE205984694649
:104748009A844FF47F426069DA844FF6FF721A85C3
:1047580006F079FD236893F8482003F11405EAB1BF
:1047680062691278520619D59DF8052002F0C00238
:10477800402A13D10098BDF804205861AA8003F19B
:104788000E02207B082838D003F10D01FEF7D2F97C
:1047980038B941F213413220FBF726FF00225A6153
:1047A800ECE723685A7B42F002025A735A6FC3F847
:1047B8001A20B3F87820DA83186D93F95810A830C6
:1047C800FEF788FA2068154906F0FEFD20681449AE
:1047D800036D2A30B3F8AA20A0F809209B7DC37284
:1047E80006F0FBFD0221206800F094FCFFF70EFAAA
:1047F80002B0BDE87040FFF7F9B993F87A10597321
:10480800596FC3F80E10B3F8781091800021C3F8DF
:104818001A10D983D0E700BF282000200DBE000061
:10482800C9BD0000036D10B5044623B940F26131DB
:104838003220FBF7D9FE022207494272B3F8AA30A8
:104848004381FF2380F827304FF6FF73038506F076
:10485800BBFD0023236510BD0DBE0000F8B5194F40
:104868000646FDF753FE012178610020FCF7B2F9F6
:10487800054620B940F685013220FBF7B5FE4FF416
:104888009072002108F0CBFC01210846FCF7A2F940
:10489800044620B14FF49072002108F0C0FCBB68B8
:1048A80013B940F68F01E7E7304607F05AFB284670
:1048B80007F08FFD24B12046BDE8F84007F089BD18
:1048C800F8BD00BF28200020014B024A9A607047BB
:1048D80028200020E0490000036810B523B940F6FD
:1048E80077113220FBF780FE044A13606C33536063
:1048F8009368BDE810401B68184700BF28200020B7
:1049080038B5044690F8400000F0FD0004F142017B
:10491800003818BF012084F84100FDF7BFFE94F865
:104928004030023BDBB2012B94BF0123002384F803
:10493800483015D8FEF7F8F8054608F096F8094B00
:10494800E5FB030194F84830C4E9200143B1002095
:10495800FEF71AF920B940F621213220FBF744FE70
:1049680038BD00BF40420F000149363006F02FBD68
:10497800EBBD0000CD3D0000693C0000453E000055
:1049880031BF0000253C0000194700001BBF000094
:1049980009BF0000F53B0000253E0000DFBD000018
:1049A8008D3E0000DFBD0000DFBD0000DFBD000060
:1049B800DFBD0000DFBD0000E54100001D42000032
:1049C800DFBD0000DFBD00007D420000413D00006A
:1049D80043BF000035BF0000553F00008C49000070
:1049E800944900009C490000D0490000D8490000C3
:1049F80008B505F07EFB054AD2E84F3F0133DBB22C
:104A0800C2E8413F0029F7D108BD00BF402000207F
:104A18002DE9F84F1E46474B0D46934600211A785C
:104A280004689DF828709DF82C809DF930909DF8B9
:104A380034A0016032B9A4F108015868BDE8F84F04
:104A4800FFF7D6BF1A2204F1090008F0E8FB01239A
:104A5800A372BBF1060F3DD8DFE80BF00421273C19
:104A6800313C2B00E37A23F0130343F01303E37282
:104A78000123B8F1080F04F10E0284F81890237589
:104A88004FF0FF03A3754FF07F03E37545D004F1A2
:104A98000D014046FEF74EF808BBC3211CE0E37A3F
:104AA80023F0150343F01503E1E7E37A43F010031D
:104AB800DDE7E37A23F0120343F01203D7E7E27A43
:104AC8004AF01A0A22F01B020AF01B0A42EA0A02FA
:104AD800E272CDE740F246413320FBF785FD637B68
:104AE80043F002036373E37A5B071FD5BA1E04F130
:104AF8001C03012A8BBFAA6832681168E2618ABF69
:104B0800E161B28892889A80E776002323720A4985
:104B18002046BDE8F84F06F05ABC6B7C63736B689F
:104B28001968C4F80E109B889380DCE7FF23E376AE
:104B3800EBE700BF40200020454B00002DE9F04383
:104B480005468DB00C4600200121FCF77FF806468B
:104B580020B94FF4F1713320FBF746FD9030A5F1F1
:104B680008084D4F07F037FC18B196F85430042B5D
:104B780017D1304607F0EAF998B941467868FFF747
:104B880037FF4FF40073ADF8043000209DF804306F
:104B980063F307009DF8053063F30F200DB0BDE8FF
:104BA800F08302A905F1230007F01AFBEE7A04F15D
:104BB8000D0916F0100606D09DF8186048460599AC
:104BC800324604F04DFEEB7AD90601D45B21C2E7E8
:104BD80013F0040FAA7A95F80DC04FF03E0304F1C4
:104BE800060105F10E002AD095F81BE0BEF1FE0F74
:104BF80025D123700B23E270A370130184F805C03C
:104C08000233637001232371D5F80E30C4F80630DF
:104C180083888B8084F80CE0EB69C4F80D302B8C0A
:104C2800A9F804302B7EE37441467868FFF7E0FE6C
:104C3800237923F0600323714FF40173A3E72370F2
:104C48000223E270A37006F10A0384F805C05343F7
:104C580002336370D5F80E30C4F8063083888B8031
:104C6800267326442B7E7373EA7A12F0080102D069
:104C780004232371D8E702F00303032B01D1217128
:104C8800D2E7520701D50123F3E7022BF1D00BB984
:104C98000323EEE7A4215EE740200020233270B50D
:104CA800054692B20C461E4605F0EBF925B1034ABB
:104CB800556014725672147070BD00BF40200020F9
:104CC80010B5034C606805F0FEF9237A237010BD17
:104CD8004020002038B5134D686805F0FAF90446FD
:104CE80020B940F257113320FBF77EFCD5E84F3F3F
:104CF800013BDBB2C5E8413F0029F7D104F10805C3
:104D08002322284608F08BFA7F2301222846E377DE
:104D1800FF23A377637584F82330E37C62F346139B
:104D2800E37438BD40200020016810B5044631B155
:104D3800034B08395868FFF75BFE0023236010BD5A
:104D4800402000202DE9F04F8FB0044698468A464F
:104D5800BDF860309146059307F087FED4F8B4306B
:104D6800074620460391049307F061FA0546B8F117
:104D7800000F00F06D81B9F1000F00F0E28080466D
:104D880017F5FA630693039B43F10006FEF742FE0C
:104D9800834604F1C80059460790FEF70DFED4F883
:104DA800F01011B1079807F083FBCDB1D4F8D050BB
:104DB800BBF1000F17D0DBF808002A46DBE9003109
:104DC800C018069B41F10001CDE9003606F02EFF20
:104DD8008542034608D240F24D312120FBF704FCFE
:104DE800D4F8B050E4E75B46D4F8B010069A9D18A2
:104DF80001F2CF72134446F10006B3FBF1F34B43C3
:104E0800EB1A66F10002C4E93232059B002B40F030
:104E18008D804FF0FF326FF00043C4E92423204611
:104E280007F0F2F9D4F89030D4F8941083465A1B5E
:104E3800059361EB0600012A70F100034FF00003AF
:104E4800C0F2F680DDF810C09445834100DB04927F
:104E5800049BD4F8B400834228BF03460493C4F8E3
:104E6800BC30B9F1000F05D0D4E93223C4E9265685
:104E7800C4E92A230423C4F8B8B02A462046069178
:104E8800C4E928568AF80930334607F0D9F9CAF830
:104E980004B08AF80800B8F1000F00F0D4800123AC
:104EA800039A06998AF80030059BDB1B61EB020226
:104EB800012B72F100004FF00000C0F2BB80794D69
:104EC8009D42904100DB1D46D4F8F030D4F8B06024
:104ED800002B40F0B48007222046A6FB022807F0EA
:104EE800A6F9002800F0A880D4E92630D21848EBAB
:104EF80000039742039971EB03000DD2D21B6FF0A8
:104F0800010063EB010390424FF00000984102D387
:104F1800954228BF15462E46CAF81060049B5B458B
:104F280034BF002001200FB0BDE8F08FBDF8142079
:104F380042F2107328463146E2FB0301C4E924011A
:104F48006DE790B36FF00043D4E924129A4208BF8A
:104F5800B1F1FF3F24D0204607F056F917F1980227
:104F6800039B0546099008A843F100038DF820909B
:104F7800CDE90C2340F20243ADF8283007F097FE44
:104F880010B940F2964128E7D4E924320C995B1A0B
:104F98000D9962EB01025B1B62F10002002A40DB03
:104FA8003D46039E4FF0010839E7D4E93226D4F88C
:104FB800B050BB1A5219B3FBF5F305FB03F346F1E6
:104FC80000069B18A3EB070246F10006972A04D8AF
:104FD800ED1846F10006C84621E7204607F014F907
:104FE8000423D4F8A0208DF82930D4F8B0500990C3
:104FF80020468DF82090D4E93213521AB2FBF5F20C
:105008006A43521843F10003CDE90C2307F018F95D
:1050180029468DF8280008A805F074FFDDE90C562C
:10502800D9E73D46039E4FF00108CDF81090F6E60B
:1050380004930DE7054647E7D4E92A3056E74FF0D1
:10504800FF32134655E78AF80080CAE9045665E737
:10505800B9F1000F7FF494AED4F8B0802046D4E9BB
:1050680032B1A7EB0B0518EB0B03059141F10006D4
:10507800B5FBF8F508FB05F5ED18D4E9262346F14C
:10508800000607F0B2F808FB00F005992A463346F7
:1050980010EB0B0041F10001C4E93201204607F092
:1050A800A4F898E70040420F38B504460D4690F83A
:1050B800F43023B14FF423712120FBF795FA11B98D
:1050C80040F28D21F8E702460949F83007F0E9FD7A
:1050D800C4F8F0506B7B03F0FF0113B140F2932149
:1050E800EAE784F8F6102046BDE8384007F07ABAB7
:1050F80019C5000038B504460D4602460449F83083
:1051080007F0CFFD29462046BDE8384007F06ABAC7
:1051180019C5000001292DE9F341044604D90229E3
:1051280062D04FF4046135E0D0E9266501F024FB34
:1051380040F2DA634FF47A720746F6183C4B5B6824
:1051480045F1000503F51F531733B3FBF2F3F61AC5
:1051580065F1000506F093FDBF1900F15200D4F87F
:10516800F08045F100053F1AD8F8C46065F10005E4
:10517800FEF74AFC04F1C80383420ED03246CDE95B
:105188000075D8E96C0106F051FD8642034605D248
:1051980040F261312120FBF727FA0023254AD4F891
:1051A800F01012689A4291BF40F2E240D1F8C42050
:1051B80018469B189EBFB3FBF0F24243981AC1F8F9
:1051C800D42041F66A02A1F8D82041F6690290423B
:1051D80002D94FF4FA61DDE7DB1945F10005C1E9B1
:1051E8006C3502B0BDE8F081D0F8F03013B940F268
:1051F800DB71CFE7002540F201125D73A3F814219B
:10520800FF2683F81661D0F8F0002946DC30FDF758
:10521800B5FFD4F8F00007F079FAC4F8F05084F834
:10522800F66001F02DFC02B0BDE8F04103F016BDB8
:10523800001903004C20002008B50B4B30B10128A1
:105248000DD040F653012120FBF7CEF918601A68FB
:1052580041F669039A4206D940F65C01F3E740F645
:10526800C4121A60F3E708BD4C20002038B5094B7A
:1052780053F82040084601F0D7FD054604F585643B
:1052880006F0FDFC4FF47A73B4302C44B4FBF3F40D
:10529800204438BD001903002DE9F84F0C46417D24
:1052A80016464C4A21F007010546C260002241F02B
:1052B80001011F460261417594F80E801BB101215E
:1052C800204600F0FBFE637B032B68D8DFE803F081
:1052D80002635A6326B940F217213520FBF784F997
:1052E8004FF0000A012304F1A800D146637307F0C8
:1052F800CFF92046D4E96C3219EB030342F10002DE
:10530800C4E96C32C5E90032A37B0A3BDBB21E2B31
:1053180097BF314E0026DE4006F0010607F0E8FA96
:1053280028B1002E3ED1607B012818BF022004F16D
:10533800DC0B2875584606F0C5F8A860002F47D042
:10534800A8F10C08B8F1010F42D95146284605F0DA
:1053580007FE1FFA80F8204607F0CAFA074656BB30
:10536800804528D309FB00F12E75D4E96C325B180F
:1053780042F10002C5E90032B9F1000F14D140F240
:105388009D21AAE7D4F81832D4F800A20AEB030941
:1053980003236373ADE7D4F8C490CA46A9E74FF472
:1053A80014719AE70020C2E75146284605F0D8FD57
:1053B80007441FFA87F801224146204600F07EFE86
:1053C800584606F07FF8A860D5E90023C4E96C23A5
:1053D800BDE8F88F2D54000005000040F7B5012303
:1053E8000F4E33700023CDE900336846FBF768FCA5
:1053F800044618B10023337003B0F0BD009D6B7BE9
:10540800002BF2D005F5EC77384607F051FB38460B
:1054180007F05AFB05F5D8706C73FEF7AFFAE4E7AE
:1054280050200020F0B5054687B0A0F5EC7405299A
:105438006BD8DFE801F003644C6A6A5F637B1BB9D1
:10544800EA213520FBF7D0F8204600F0B1FD00280E
:105458004ED015F8C31CA5F5987615F8C40CFFF7BF
:1054680005FF16302A4F9528F4697B7894BFC0F160
:1054780096000020241A1BB9736B9C4228BF1C4657
:10548800A5F1FC0006F01EF800F116050220641BC9
:1054980007F03DFB022124EAE474844228BF044655
:1054A800204607F05EFB10B1254407F0E2FA00231E
:1054B80079222946304606F0B0F87860F06907F09E
:1054C800D6FA144807B0BDE8F04003F009BB2146FE
:1054D800684601230022FFF7DFFE6946284607F0E9
:1054E800D0FA10B94FF43471ABE7E3880133E380A5
:1054F80007B0F0BD07B0BDE8F04004F01BBE637B09
:10550800042BF5D04FF483719BE74FF4857198E72E
:1055180050200020196D0000024B0022C3E9002230
:10552800FFF75CBF50200020014B5870704700BF48
:105538005020002008B501F01FF9044B5A68824238
:105548002ABF1878002080F0010008BD50200020F4
:1055580010B5044686B0042960D8DFE801F00325B9
:10556800222959002F4B1A7802F0FF03CAB90146C5
:1055780001226846FFF790FE694604F5EC7002F0D8
:105588000FFD20B94FF435713520FBF72DF8E3886E
:105598000133E38001F074FA06B0BDE8104002F070
:1055A80027BD04236373F5E70323637306B010BDB7
:1055B800D0F8C43041F64B51D0F81C2200F5D87011
:1055C800036510F8933C40F8EC2C8A428CBF00230A
:1055D80003F0010340F2E241ADF80410816E00F8D7
:1055E800923C40F8DC1C30F8D63CB0F866105343C7
:1055F800019A20F8D81C016F009340F8E41C194662
:10560800FEF79EF904F1A80007F042F80223CCE760
:10561800A83006B0BDE8104007F03AB840F265314E
:10562800B2E700BF502000200D4A0146107890B91B
:105638000129536807D1B3F80421B3F8E8309A4236
:105648000CD8FFF777BF1289520706D5187C0638A1
:1056580018BF01207047002070470120704700BF25
:105668005820002038B5174B1C895A6804431C8100
:1056780000F00304032C04D140F6DF213620FAF7AA
:10568800B3FFC50748BFD960840706D509680978FC
:105698000629197406D00B290ED0820644BF0822A9
:1056A8001A7038BD917B1C29F7D1002400250121EF
:1056B800C2E91E451175F0E7917B1229EDD1002151
:1056C800F8E700BF58200020F7B5857B0446019015
:1056D800A5F10C03012B2CD8C388B0F81422013390
:1056E8009BB29A4225D1B0F8AA3040F2E242002596
:1056F8003849A0F8873100F27D10D0F89F30457204
:10570800B3FBF2F38381B0F8A330C381B0F8A530BE
:10571800038205F062FE84F82452B4F8222201A81C
:10572800D4F81C12FDF7E0FA03212046FFF710FF1A
:10573800A573E37B283D282BEDB201D0012D44D879
:10574800E388B4F8102201339B1A1B043DD494F863
:10575800121294F8143194F81322002908BF19463C
:105768000AB994F81521994231D194F815319B1A48
:1057780018BF0123012D8CBF1E4643F0010684F893
:10578800141184F81521FF2384F81631124B04F103
:10579800A8071B680BB1384698471EB1237B43F016
:1057A80001032373384605F0A6FE18B1237B43F0A6
:1057B8000203237304212046FFF7CAFE0023012DAC
:1057C80084F82C3194BFA373E37303B0F0BD0123B5
:1057D800D0E700BF1DB900002826002008B54B7887
:1057E8000246232B0CD013D8142B03D003F0FB0153
:1057F80012290DD118460121BDE8084006F0E1BF85
:1058080003689B7B2C2B03D1024B1B6803B1984781
:10581800002008BD2426002013460A1E08BF1F22A8
:10582800162870B51ED009D8032821D0022803D91C
:10583800122817D0142815D0002012E025280BD8DC
:105848002228F9D920490C68002CF5D001461846C1
:105858002346BDE870401847A0F1FE03584258415E
:10586800400070BD1A460021BDE8704006F0A9BF8F
:105878001C68A37B192B01D0132B23D194F8523029
:1058880003BB84F8513084F84A3094F8973103F018
:10589800FF0523B14FF481613620FAF7A5FEB4F86D
:1058A800AA3084F89821A4F8993184F89B51C4F857
:1058B8009C5184F85652054904F28F1005F084FD76
:1058C800A573B9E70220CCE720260020C1B9000063
:1058D8002DE9F743984F80460E467C68002284F8ED
:1058E8004C203989880520465EBFB4F84020013233
:1058F80092B2A4F8402006F040FF38B10B4604F5F8
:105908009B7204F1A8012046FDF72CFF3B8903F4A4
:10591800C06333B1A37C23B901212046A174FFF7EA
:1059280017FEB8F1000F40F0D980002E40F0D68065
:105938003B897D68590705D52A7C062A02BF0122C2
:105948002E747A749A0713D5387C0123072885F8B2
:105958009F300AD011281FD0FDF710FE034628B942
:105968004FF4C3613620FAF73FFE744B74489847EA
:105978003B891B0743D57B6893F89E20012A0DD0ED
:10598800032A1AD092B9D988B3F81402091A0C0458
:105998000CD483F8242209E06A4BE7E7DA88B3F8E5
:1059A8000E12521A100401D400229A7393F89E2002
:1059B800FE2A11D140F22561D4E79A7B133AD2B27C
:1059C800092A05D840F2412121FA02F2D107EDD483
:1059D800002283F85622DEE7FE2283F89E209A7B77
:1059E8000C2A2BD0282A2BD00A2A01D10B229A73F1
:1059F8001A7C072A01BF02227A7400221A743B8992
:105A0800DA0731D5FA687B681668997B93F85200F3
:105A1800347806F0C3FE28B1112C4ED84A4BE34027
:105A2800DB074AD511792046FDF7BAF950B9FB686A
:105A3800314643481A7905F0A2FE14E00D22D6E754
:105A48002922D4E70D2C32D0112C32D0072C32D099
:105A58002046FDF789FD03460028E8D0FA6831465C
:105A680037481279984706463B781C0707D5A97B23
:105A780095F8520006F092FE002818BF082628461E
:105A8800FFF722FE7C6894F89E30FE2B26D1237CFB
:105A9800063B012B22D994F8203103F0FF0273B1A1
:105AA8000023A4F844300223A4F89E3016E0274BC4
:105AB800D4E7274BD2E7274BD0E70826D4E7A37BC8
:105AC800002B49D194F83E20002A51D01222A4F884
:105AD8004630A4F89E20012384F84A307C6894F864
:105AE80020311BB9237C063B012B04D8B4F8443081
:105AF8000133A4F8443094F84A1021B1B4F8463080
:105B08000133A4F8463094F9502022B1B4F84E304D
:105B18000133A4F84E30B8F1000F40F041827B7C8D
:105B2800022B00F03982012B40F0E981637C002BC5
:105B380040F0F9810021FFE1582000206DC70000E6
:105B48005C20002055C700007428020057C80000D8
:105B58008FC80000E55700001C2B33D018D8112B34
:105B68002AD0122B22D0032B2ED00F3B102BB5D9C5
:105B7800E37B222B34D8202B00F295805A1E032A6F
:105B880037D8023B022B79D8DFE803F0866EE800AD
:105B9800272B1FD0342BE8D11123A4F84620A27359
:105BA800A4F89E30012384F8A03097E70B23A4F8CB
:105BB8009E30A4F846208EE7D4F82832C4F89030F6
:105BC8000323F4E70623F2E794F8993084F8A03029
:105BD800072369E71823A4F84620A4F89E307DE738
:105BE8002C2B00F0BD80342B00F0B180252B00F069
:105BF800948094F89E30FE2B7FF470AF7D6895F802
:105C08009E30FE2B00F0AE80A37B002B7FF466AFA6
:105C180094F80D32002B3FF461AFE07B05F09FFD57
:105C2800054600287FF45AAFE3880A2B7FF656AF63
:105C38006846FDF785F800283FF450AF052204F1C7
:105C48001701684607F0DBFA002800F055819DF837
:105C58000430009884F80C320123C4F80802A4F830
:105C68009E3084F80D5239E794F8983084F8A030C3
:105C78000723A4F89E300023E373BAE70C2300221D
:105C8800A4F89E3094F85330A4F84E2043F0010352
:105C9800E27384F85330ACE71323A4F89E30002352
:105CA800A4F84E30E8E794F82331002BA1D194F8FA
:105CB8002231ABB1E37B04F1A80004F5917104F241
:105CC8001222282B27D0A37B283B012B8CBF002333
:105CD800012305F0FBFB2223E373002384F8223120
:105CE800E37B222B85D104F1A80005F004FC18B150
:105CF80004F23F10FDF758FAB4F8FE30A4F8A030CB
:105D0800B4F80231A4F8A2301523A4F89E30002379
:105D1800A4F84E306DE70123DBE794F82C31012B12
:105D280010D094F82C31022B7FF463AF0023D4F801
:105D38000C21D4F82E119D4804F05DFF1823A4F817
:105D48009E3056E794F82D31002BEAD1EEE7112367
:105D5800A4F89E30002384F8A030A1E70923EEE7D9
:105D68002423ECE7AB7B002B7FF44EAF95F824326D
:105D780073B1E87B05F0F3FC50B9EB7B332B07D00C
:105D8800A5F89E0094F89E30FE2B7FF4A7AE3BE763
:105D980095F8563203F0FF02ABB1EB7C5BB12B7D7B
:105DA80013B940F21771DDE50A23A5F89E300023E8
:105DB800A5F846300FE0D5F82822C5F89020032230
:105DC800A5F89E20F4E795F8333143B10823A5F8E8
:105DD8009E30A5F84620012385F84A30D2E795F889
:105DE800323173B195F8533013F00302CAD10C2144
:105DF80043F00103A5F89E1085F8533085F8322149
:105E0800C0E795F8223113B395F82331FBB9EB7B42
:105E180005F1A80005F5917105F21222282B14D07E
:105E2800AB7B283B012B8CBF0023012305F04EFBE5
:105E3800002385F82231B5F8FE20A5F8A020B5F892
:105E48000221A5F8A2201422BAE70123EEE795F86B
:105E58002C31012B33D195F82D3183BBE87B05F02C
:105E68007EFC60BB95F81411012905D0022903D0E6
:105E78004FF43F71062076E595F81521012A01D0E7
:105E8800022AF5D1022995F82E3106D0012B14BF2C
:105E9800002301231BB9162387E7022BF7E7022A01
:105EA80095F82F3109D0012BF5D100213F48FCF797
:105EB80071FB002385F82C3164E7022BF4E795F891
:105EC800353153B195F82D3103F0FF022BB9EB7B37
:105ED800233B072B01D9232379E795F83431012B8C
:105EE80004D1002385F83431252269E795F8343147
:105EF800022B7FF447AFF4E784F80D02B3E656B1FE
:105F0800F0064BD431074BD4B2074BD1B3064BD470
:105F180040F6633126E5B9B1B4F84610B4F8483014
:105F2800994211D9222384F831302048FDF730FBFB
:105F380000230221E381A3742046FFF709FB03B085
:105F4800BDE8F043FCF77CBB2AB1B4F84E20B4F8A6
:105F580048309A42E6D8B4F84420B4F842309A421D
:105F68000ED2B4F84420B4F848309A42DAD2A27C6F
:105F7800B4F840304AB9052B7FF6DCAD3E23D2E7B2
:105F880094F82031002BCDD1EBE7B4F842209A42A7
:105F98003FF6D0AD0823C6E71623C4E71E23C2E7A1
:105FA8003D23C0E72A23BEE72323BCE75C2000206B
:105FB80073B53D4D0026044668602E812E706E74C0
:105FC800FF2380F84C30837B0A3B012B11D8C38810
:105FD800B0F80E229B1A19040BD400F50271163082
:105FE80005F08EF8A37B0B2B08BFA673FF2384F85C
:105FF8004B30B4F8F82104F1A8012046013292B2DE
:1060080005F0C5F80023A4F8F83194F84A302BB10C
:10601800B4F84620B4F848309A4214D294F9503073
:106028002BB1B4F84E20B4F848309A420BD2B4F8E9
:106038004220B4F84430934205D2A17CB4F84030F1
:1060480039B9052B07D900210846FFF741FC002084
:1060580027E09A42F7D994F89E10FE2902D01348F7
:10606800FDF79EF96C68124AA17B94F8520006F07D
:1060780095FB104B009020460F49FBF7D1FA6C684E
:10608800237BDA0703D500210848FCF783FA237B32
:106098009B0703D504F23F10FDF786F80023012083
:1060A800237302B070BD00BF582000205C20002080
:1060B80031560000D95800006D560000B0F8F8318C
:1060C8000B4470B5A0F8F8310446B0F840300D46DE
:1060D80016460B44A0F8403006F04FFB90B1636BB6
:1060E80020460B4404F1A801636305F04DFDD4E993
:1060F8000D239A4206D30023144904F59B70636369
:1061080005F06BF994F84A3023B1B4F846302B44C3
:10611800A4F8463094F9503023B1B4F84E302B44EB
:10612800A4F84E3094F820311BB9237C063B012B90
:1061380004D8B4F844302B44A4F844302046FFF780
:10614800C3FA16B1E3881D44E58070BD3BBB00006F
:10615800074B93F900301844142804DC10F17F0F22
:1061680003DB40B27047142070476FF07E00704721
:10617800C22000207F2307B50DF107008DF80730F6
:1061880000F0A0FD03469DF9070053B1094B5B7869
:106198005B425BB21844142806DC10F17F0F05DB64
:1061A80040B203B05DF804FB1420FAE76FF07E00FC
:1061B800F7E700BFC2200020024B00221A705A7075
:1061C800704700BFC2200020064BD3F8000138B149
:1061D800D3F8040120B1D3F80801B0FA80F04009DF
:1061E800704700BF00A00450034B00221A705A7079
:1061F80010229A70704700BFC4200020F8B50646E8
:10620800022014460D4600F0CDF8114B114A012723
:106218005C60191D9A6002F1807203342D011F70B1
:10622800DC601D83C3E904260022243303F80A2C0A
:106238000D2203F8092C084AC2F83015074903C98A
:1062480083E80300C2F80875C2F83835F8BD00BF06
:10625800C42000200300000B00A004508418030091
:1062680008B5022000F09EF80D4B01221A7000229A
:106278000C4BC3F80021C3F80421C3F808210A4ACB
:10628800C3F8802003F56433C3F88C20A3F57C336E
:10629800C3F88C21A3F500530822C3F8042508BDD0
:1062A800C420002000A0045003000080154A08B54F
:1062B8001378FBB100231449C1F8803001F564312B
:1062C800C1F88C30A1F57C31C1F88C3108210F4B15
:1062D800C3F80815FFF778FF88B101235370938E30
:1062E800FF2B03D9BC213B20FAF77EF9DBB2937070
:1062F800002313700020BDE8084000F053B81023B5
:106308005070F4E7C420002000A00450002004507E
:10631800094B1A7862B1094BD3F8002152B1D3F86E
:10632800040140B1D3F80801B0FA80F04009704781
:106338005878704702207047C420002000A00450FD
:10634800064A08B513782BB1FFF73EFF20B192F843
:10635800340008BD9078FCE71020FAE7C42000203C
:1063680038B5084C0025D4F80035032B04BF0123A9
:106378006360C4F80055C4F8005500F091FFC4F8F4
:10638800805038BD00A00450054B4FF48062C3F81C
:106398008820BFF34F8FBFF36F8FFFF7E1BF00BFB8
:1063A80000E100E010B50446FFF7DAFF012C06D043
:1063B800022C09D03CB18C213D20FAF715F9074B86
:1063C8000222C3F8002510BD044B0322C3F80025A0
:1063D80002F10042C3F88020F5E700BF00A0045096
:1063E800024BD3F8A00300F00100704700C0FF0083
:1063F800084BD3F8A423D3F8A833511C9BB203D17C
:106408004FF6FF718B4203D00260838001207047F2
:106418000020704700C0FF000B4B30B5D3F89053F5
:10642800D3F89443D3F89813D3F89C2305EA0403CC
:106438000B401340013317BF0560002044608160A2
:106448001CBFC260012030BD00C0FF000B4B30B53F
:10645800D3F88053D3F88443D3F88813D3F88C2324
:1064680005EA04030B401340013317BF0560002001
:10647800446081601CBFC260012030BD00C0FF00C5
:10648800064B0022C3F80022C3F81822C3F82022C2
:10649800C3F80C22C3F81422704700BF00A00850AC
:1064A80070B5134D034608466E7F26B940F6C10104
:1064B8003E20FAF799F863B9012EAC69297F05D116
:1064C80000F062FD20442B69C01A70BD06F066FA20
:1064D800F8E7012B09D1012EAC69297F02D100F020
:1064E80043FDEFE706F065FAECE70020EBE700BFB5
:1064F800002100200B4B93F8290088B193F828302D
:106508007BB1094BD3F8002442F00102C3F8002400
:10651800D3F8200500F0F600023818BF01207047B4
:10652800012070470021002000A0085008B501286C
:10653800084B1871084B06D0022808D040F6455180
:106548003E20FAF751F80322C3F8002508BD0422BB
:10655800FAE700BF0021002000A0085008B570B974
:10656800104B28311846D9600F4900F03BFF013025
:10657800012816D940F2C2613E20FAF735F8012801
:106588000CD1084B29311846D960074900F030FF73
:106598000130012805D940F2CC61EDE74FF4DA610A
:1065A800EAE708BD4C1100208C18030008B50C4B15
:1065B8005B78012B09D100F021FF013001280ED9A9
:1065C80040F611113E20FAF70FF8022B07D100F020
:1065D8001BFF0130012802D940F61711F2E708BD68
:1065E800002100200A4B40F409000A4A1B8940F0A8
:1065F8004000B3F5166F36BFA3F63813A3F516633C
:1066080043F48073C2F80837C2F84005704700BFEA
:106618000021002000A0085073B50C460546134E13
:10662800FFF784FF20462146FFF7DCFF01AB96F910
:106638000520284600F072FE9DF8050000F0EAFEED
:1066480020B140F2E3513E20F9F7CEFF31469DF9E3
:10665800040000F025FC064B40F20312C3F8442E58
:1066680040F25B62C3F8482E02B070BD00210020E2
:1066780000A008502DE9F04106460C46174606F0E2
:10668800FEF90028FBD02F4D4EBB01236B7095F807
:1066980028301BB9A9793846FFF7BEFF2A4B4FF4BB
:1066A8007A7253F8273003F5FA73B3FBF2F3274AEB
:1066B800E41A274BC3F8002129690127234B2144F9
:1066C80085F82870234DC5F84015C5F8C031FFF787
:1066D80011FF044660BB00242046BDE8F081012E6E
:1066E80021D102236B7095F82830B3B995F806804C
:1066F8003846FFF71BFF4046FFF774FF144BD3F8EB
:10670800002442F01002C3F8002440F20312C3F838
:10671800442E40F25B62C3F8482E0D4B293C0B4ACD
:10672800C3F80421C8E740F634013E20F9F75CFFBE
:10673800EF64D5F84C358B42CDDA3046FFF70EFFC3
:10674800CAE700BF00210020001903000B000080E9
:1067580000A008500050085040220021014806F0CF
:106768005EBD00BF00210020024B0344187D00F5E8
:10677800166070478C180300024B98691B69C01A91
:10678800704700BF00210020FF2808B504D940F257
:10679800CB213E20F9F728FF012904D0022919D07E
:1067A8004FF44F71F5E7002343F4801340F0007075
:1067B8000A4A43F4847340F44030C2F8203EC2F8D9
:1067C800280ED2F8203503F0F703032B05D140F249
:1067D8005631DEE74FF08073E6E708BD00A00850A9
:1067E800F8B5234E4FF48067C6F89070BFF34F8F0B
:1067F800BFF36F8F06F03FF904461E4D06F0DFF930
:106808000121001B1C4C2861C4F8A410FFF738FEB6
:106818004FF40023C4F8401EC4F80034174B187C0A
:1068280000F00AFE02F0F2FF154B164AC4F838339E
:10683800154BC3F8C820013AC3F8C42040F6FE72CD
:10684800124BC4F81433124BC3F804250023AB834E
:106858002B85AB614FF48073C6F89071C4F8883407
:106868002B6C376103B19847BDE8F84000F0AEBD26
:1068780000E100E00021002000A008504C11002099
:1068880003000080060000800050085001000080CE
:1068980000200850014B5871704700BF00210020AC
:1068A800020E034B0002C3F8342EC3F82C0E7047B7
:1068B80000A00850044B054A034490711B7D03F562
:1068C80016631381704700BF8C1803000021002055
:1068D800F8B5334C06460F4694F8293023B940F2F0
:1068E80006713E20F9F780FE01232E4A84F82830ED
:1068F800D2F8003443F00103C2F8003406F0BFF8C0
:106908000028FBD02EBB0123A17938466370FFF71E
:1069180083FE6378012B02D04FF4E961E1E7224A54
:10692800D36402F5A04213601F4B3046D3F84C5590
:106938002946FFF713FE2369ED1A76BB1B4B4FF46C
:106948007A7253F8273003F5FA73B3FBF2F3581948
:10695800F8BD012EE8D10223A57938466370FFF708
:10696800E5FD2846FFF73EFE0E4BD3F8002442F023
:106978001002C3F8002440F20312C3F8442E40F278
:106988005B62C3F8482E6278022A02D040F2517145
:10699800A7E7054AD6645E60C6E705F12900D7E790
:1069A8000021002000A008500050085000190300E2
:1069B80008B5FFF75FFE58B9064B0122C3F840053A
:1069C80003F5A04302201A61BDE80840FCF7A6BB06
:1069D80008BD00BF0050085037B5254B4FF4806103
:1069E800244A4FF0FF30D3F88844C3F89004C2F823
:1069F80090114FF40022204904F48074C3F8002455
:106A080000221E4D2A85C1F84025C3F80821C3F885
:106A18000021C3F80421D3F82015C9B2D1B18DF8EB
:106A28000700C3F8202201221A619DF8072012B13D
:106A3800D3F820223AB19DF807305BB940F6FF0140
:106A48003E20F9F7D1FD9DF80720013AD2B28DF822
:106A58000720EAE7FFF7AAFD0022054BC3F820222A
:106A68002A801CB14FF48072C3F8882403B030BD6B
:106A780000A0085000E100E000500850002100206C
:106A880070B50024254D264EC5F84845C5F844453F
:106A9800C5F84045C5F84C45FFF79EFF00F09CFC43
:106AA800C5F8C441C6F80841C6F80041C6F8044113
:106AB800C5F8C840C5F8C440C6F80441C6F8004146
:106AC80002F0BCFE174B40F6FE72C6F83843C6F813
:106AD8001443C5F8C041C3F808254FF48062124B2F
:106AE800DC70C3E90544114BC5F84845C5F8444571
:106AF800C5F84045C5F84C45C5F84841C5F8444176
:106B0800C5F84041C5F84C41C3F89020BFF34F8FFA
:106B1800BFF36F8FC3F8902170BD00BF00500850BD
:106B280000A00850002008500021002000E100E0EB
:106B380070B5104D06462C781CB96C70EC702C851D
:106B480070BD18B1BDE87040FFF746BF013CAA7898
:106B58004FF0960118BF01242046FFF7A1FCAA7840
:106B680001462E80204685F82860BDE87040FFF772
:106B78001FBF00BF00210020014BC3F84C0E704717
:106B880000A0085010B50FC8014C84E80F0010BDD4
:106B9800442100200A490B4B10B50124C1F8D00E3E
:106BA800586283F82940FFF7A5FC40B9064BC3F8A3
:106BB800400503200C61BDE81040FCF7AFBA10BDDA
:106BC80000A008500021002000500850084B012266
:106BD80010B5C3F8D00E074B83F829205862FFF789
:106BE80089FC044608B9FFF7F7FE204610BD00BF30
:106BF80000A0085000210020144A13691844936922
:106C0800834210B5124C09D30220FCF787FA0023FF
:106C18000122C4F840350F4B1A6110BD0123D3700F
:106C28006364D4F844250532824206D3094AD2F86F
:106C38000C120029F1D11361EFE70023C4F84431A5
:106C4800054BC4F84405C4F8C431E6E70021002028
:106C58000050085000A008500900008010B50B4CE7
:106C68000346607F217F012822794FF0960009D1E1
:106C780000F098F9A36922699B1ABDE810401844EE
:106C8800FFF7BABF00F0A8F9F4E700BF0021002021
:106C9800044BC3F8940ED3F8002442F04002C3F822
:106CA8000024704700A00850054BD3F8002422F0B8
:106CB8004002C3F800240022C3F8942E704700BF96
:106CC80000A00850044BD3F8183703F07F035B4249
:106CD80003700120704700BF00A008500028034B34
:106CE80014BF0222012299701A70704700210020F7
:106CF800054B0022C3F84025044AD2F82035DBB200
:106D08000BB10123136170470050085000A00850D0
:106D18002DE9F0473D4C4FF001083D4E05F0A5FE2A
:106D28000025C4E90C01C6F84C80D6F84C35A3639D
:106D3800FFF73CFC374BC3F80851C3F80051C3F8C0
:106D48000451C3F80451C3F80051D3F8002422F0C9
:106D58001D02C3F80024D6F8482584F82950A261FA
:106D6800D6F84425626162786277D3F81892D3F82E
:106D78002002FFF785FB6778022F2BD1E3784BB110
:106D8800D6F8443133B14046FFF7D2FE636CBDE814
:106D9800F0471847B9F1000F16D023790020237760
:106DA800FFF7C6FE1B4B0021D3F80C2ED2074CBFB1
:106DB800D3F81C0E0120A36C48BF00F0010080F03E
:106DC8000100BDE8F0471847E8B10120FFF7B0FE21
:106DD800236DDCE7012F13D123792377B9F1000F55
:106DE80006D02846FFF7A4FEE36C39462846E8E7B4
:106DF80048B13846FFF79CFEE36C49464846E0E751
:106E080008B14046E2E7BDE8F08700BF0021002056
:106E18000050085000A00850024B03EB8003D86BC9
:106E2800704700BF8C180300024B03EB8003986C7B
:106E3800704700BF8C180300F7B501230D4647784B
:106E48000146437004462846164600F04DF94FF4B3
:106E58007A73124AADF80630BDF806309BB243B9D2
:106E6800BDF806309BB27BB940F65F513E20F9F77A
:106E7800BBFBD2F80431002BF2D1BDF80630013B40
:106E88009BB2ADF80630E7E7677016B9EB78A370E8
:106E9800AB707B1E5842584103B0F0BD00A00450AF
:106EA8002E3008B5362854D8DFE800F05053535335
:106EB80053534D53535353535353535353534B53A8
:106EC80053535353585358534953475345534353B4
:106ED800413F3D3B39373533312F2D2B292725238A
:106EE800215A1C003F231F4AC2F8103708BD33231C
:106EF800F9E72D23F7E72823F5E72323F3E71F23F3
:106F0800F1E71B23EFE71823EDE71523EBE713233E
:106F1800E9E71123E7E70F23E5E70D23E3E70B2371
:106F2800E1E70A23DFE70923DDE70823DBE7072397
:106F3800D9E70623D7E70523D5E70423D3E70323B7
:106F4800D1E70123CFE74FF49873CCE74FF4887368
:106F5800C9E74FF48E713F20F9F746FB0223C2E7D9
:106F68003923C0E700A008504FF47A73054A584304
:106F780032F9112000F2E7301044B0FBF3F0023888
:106F8800704700BFEC1803004FF47A73044A00FB03
:106F9800033032F911201044B0FBF3F0704700BF02
:106FA800EC18030038B51D460A4B33F9114003EBC2
:106FB800820305359B681C444FF47A7304F6B73492
:106FC80003FB00441046B4FBF3F42544FFF724FF09
:106FD800284438BDEC18030070B506460846154627
:106FE800FFF722FF094B03EB85039C684FF47A7384
:106FF80004F6B73403FB0644241A2846B4FBF3F41A
:10700800FFF70AFF0530204470BD00BFEC180300ED
:10701800024B00221A705A709A707047542100204F
:107028002DE9F843064601200F4615469846DDF837
:107038002490FFF7B7F99DF8342006F00303264C97
:1070480043EA0263254AC4F804350023C4F88030B3
:10705800C2F88430A2F57C32C2F884310222204B77
:10706800C3F80825BDF828301E4A9380FB6893FAB8
:1070780083FCBB6818BA7B6819BA3B68C4F810C5AA
:107088001BBAC4F81405C4F81815290AC4F81C3525
:107098002D069DF8203041EA0861D9F804702DBA10
:1070A800003B21F00041D9F800003FBA18BF012386
:1070B800022E00BAC4F8207541EAC3714FF00103EB
:1070C800C4F8240509BAC4F82815C4F82C55537017
:1070D80008BF1370BDE8F88300A0045000300850C2
:1070E80000200450542100202B4B5A782DE9F047FA
:1070F80004460D4622B94FF4A8716C20F9F774FACA
:10710800264A03F1080E4F7803F1100603F1380CF4
:10711800DFF88C904FF00E08DF809F8403F1480A57
:1071280004379D61C3F81C9083F82780A3F85C702E
:1071380092E80300C3E914498EE80300D2E902018A
:1071480086E80300E91C0026196283F82660D2E964
:107158000401C3E90A668CE80300611C196411493B
:107168005964D2E90601E21C8AE803009A65012104
:1071780083F85E6083F85F80C3E91866AA78A27016
:10718800094AC2F830E5C2F838C599701970C2F8D2
:1071980004611160BDE8F087542100201419030030
:1071A8000100000D0100000C00A00450334B5A7878
:1071B8002DE9F04105460E4622B94FF4BD716C2009
:1071C800F9F712FA2E4A03F1380C03F1480403F1D7
:1071D8000807DFF8B080DFF8B0E0C3F844801E6528
:1071E800C3F854E092E80300C3E9085E8CE80300A2
:1071F800711C1964D2E9080184E80300F11C002419
:10720800996522495C6683F82E40C3E91714D2E9D0
:10721800040187E80300691CC3E90418D2E90601E0
:10722800EA1C03F118089A629A889A850E2288E85F
:10723800030083F82F200121C3E90C44B278AA7017
:10724800134AC2F830C5C2F8387599701B780BB963
:10725800A921B4E70F4BC2F80441C2F80841C2F8AB
:1072680080300D4AC2F88430A2F57C32C2F88431ED
:1072780002220A4BC3F80425BDE8F08154210020FE
:10728800141903000100000C0100000DE803000EB2
:1072980000A0045001000080003008500020045075
:1072A8000C4B1A788AB100220B490220C1F88020C1
:1072B80001F56431C1F88420A1F57C31C1F884213D
:1072C800A1F50051C1F808051A7000225A709A7089
:1072D800704700BF5421002000A0045008B50B4B94
:1072E800D3F8082122B10420FBF718FF022008BDBB
:1072F800D3F8042122B90520FBF710FF0320F6E795
:10730800D3F80004003818BF0120F0E700A00450AB
:10731800014B01225A60704700A004502DE9F04F3C
:10732800264C85B0054698460E46174600F0C2F82A
:1073380023788146AB4211D16378B3420ED194F9D8
:107348000230BB420AD1E378834207D1A388A8F868
:10735800003094F9060005B0BDE8F08F012D06D085
:10736800022D10D040F289410620F9F73DF900209E
:107378000DF10F033A46314600F0A2F8824620B1DB
:107388004621A920F1E70120F2E730469DF90FB028
:10739800FFF7EAF9A91E0346CDF800A04A4258466D
:1073A8004A41414600F03CF8B8F80030A071A3808B
:1073B80025706670A77084F80390CAE762110020F0
:1073C800014B1B681B68184784110020014B1B6880
:1073D8005B68184784110020014B1B689B6818479D
:1073E80084110020014B1B681B6918478411002079
:1073F800014B1B685B69184784110020014B1B680F
:107408009B69184784110020014B1B68DB691847EA
:1074180084110020014B1B689B6A184784110020C7
:1074280030B4044C9DF8085024680295E468A446DA
:1074380030BC60478411002000220D49134610B566
:1074480040FA02F4E40744BFCA545C1C02F101028A
:1074580048BFE3B2042AF3D1054AFF24D118032B0D
:1074680001D9107110BD013301F8014BDBB2F6E709
:1074780038260020FBC9000001CA000003CA00002A
:1074880029CA000007CA000033CA00000DCA00005C
:107498003DCA000013CA000049CA00001FCA000004
:1074A80023CA000015CA00001BCA000039CA000020
:1074B80043CA0000014B187D704700BFC821002057
:1074C800042810B511D883B104280CBF102428242F
:1074D800A1420AD2064C54F8200018B141568A42FB
:1074E800A8BF0A4600201A7010BD6FF01500FBE710
:1074F800C82100200728034611DC10F12D0F10DBEE
:10750800094A101890F82E0002EBC00292F93C20AC
:107518009A4207D0002918BF0130C0B270471B201B
:1075280070470020704700BF3C190300072808B5C2
:1075380007DCFFF7DFFF044B03EBC00393F93C00C4
:1075480008BD0820FCE700BF3C19030010F0FF004D
:1075580008B5074B05D0012807D04D21B52001F00B
:1075680083FF01229A601A6008BD5862FCE700BFD9
:1075780000E0105010F0FF0008B5124B05D00128AC
:107588001AD07C21B52001F06FFF01225A60DA6021
:107598000D4AC3F800011070D3F80824D2070AD4A2
:1075A800D3F8682412F0010202BFC3F81021C3F80F
:1075B8001821C3F8142108BD00229862C3F81C21C1
:1075C800EAE700BF00E01050DD210020014B012256
:1075D8001A707047DD21002008B50B4B28B101282F
:1075E8000BD0C221B52001F03FFFD3F8103113B9F9
:1075F800064B187808BD0120FCE7D3F81C010038B9
:1076080018BF0120F6E700BF00E01050DD21002080
:10761800024BD3F8080400F00100704700E0105056
:10762800024BD3F8480400F00100704700E0105006
:10763800024BD3F84004C0B2704700BF00E01050BE
:1076480007490246D1F84C04D1F84C1410F48030A4
:1076580005D0D0B201F003031B1A584258417047B5
:1076680000E0105038B51A4BD3F80C34DA0304D4C0
:1076780040F279116D2001F0F7FE164A0124164BED
:10768800106A536620F03F0094645464136CDB0363
:10769800FCD4136A116C03F03F03C1F30A01C1F56E
:1076A800806181EAE1750B29A5EBE17509DD3F2BC6
:1076B80004D0013303431362172DE6DC00239364DF
:1076C80038BD0B31F8DA002BF8D0013BF2E700BFE8
:1076D80000E01050000812500100008038B50B4C33
:1076E80023781BB100232370FFF7BCFFEFF310854D
:1076F80072B6637803F0FF000BB9FFF73BFF05B9DB
:1077080062B6034B00225A6638BD00BFE021002054
:107718000008125070B5174D012204460E462B186A
:10772800DA7005F08FF9A0B934B1012C0FD040F20E
:1077380025116D2001F098FE11232A19012105EB6E
:10774800840451710C4AA660C2F8043370BD8023CA
:10775800F3E7002EFAD034B90220B047002305EB36
:107768008405AB60F2E7012C01D12046F5E74FF420
:10777800A071DEE7E021002000E01050044B002259
:10778800191803EB80034A719A60CA70704700BFEA
:10779800E0210020014B1882704700BFE021002043
:1077A800014B588A704700BFE0210020014B188A1E
:1077B800704700BFE021002010B5EFF3108472B6C7
:1077C800064B03445A780132D2B25A705B78012BC7
:1077D80001D1FFF7BBFE04B962B610BDE02100205D
:1077E800034610B5EFF3108472B611490B445A786A
:1077F80022B940F257216D2001F036FE5A78013A3D
:10780800D2B25A705B7883B90B7D43B1094BD3F878
:107818000C34DB0306D44B7803F0FF002BB9FFF7D9
:10782800A9FE02E0487D01F0B1FF04B962B610BDBF
:10783800E021002000E0105010B505F006F90C4CCE
:1078480005F000F960B1A37D3BB90A4B01229A61AA
:107858000423E3750023237610BD05F0F9F8F9E752
:1078680003230122E375034BC3F80423F2E700BFA7
:10787800E021002000E01050014B01221A627047FD
:1078880000E01050044B587E28B1044BD3F8100187
:10789800B0FA80F040097047E021002000E0105065
:1078A80038B50C4B5D7E5DB901245C7605F0CDF8EA
:1078B800094B1022C3F81051C3F80423DC6138BD0A
:1078C800FFF7E0FF0028FAD040F293216D2001F085
:1078D800CBFD00BFE021002000E01050024BD87D16
:1078E800003818BF01207047E021002038B5174C38
:1078F800237D23B940F206316D2001F0B5FD012347
:107908002370A37DC3B9A37EB3B1227E013B9A4203
:1079180012DA05F097F8054601F0D2FEA37E012B96
:1079280082BF237E0133237655B1E369C31A01333D
:10793800022B09D935B1E061BDE83840FFF77CBFBB
:10794800236AF3E72062F7E738BD00BFE021002093
:1079580037B5184CA37D63B9606A00F00300FFF7E0
:107968006FFE30B1EFF3108372B6E27D1AB103B93E
:1079780062B603B030BD0122E27503B962B60823CE
:107988000D4DC5F808334FF42073ADF80630BDF837
:1079980006309BB25A1E92B2ADF80620002BF6D1E3
:1079A800C5F80C3184F82830FFF746FF0823C5F8DE
:1079B8000433DEE7E021002000E010502DE9F74F06
:1079C800524C237D002B00F09D800323ADF804303A
:1079D8004F4BD3F80051D3F81C21003D18BF0125A7
:1079E80022B1012245F080058DF80520D3F80881E1
:1079F800D3F8142112B9D3F8183173B1444B0026C7
:107A0800C3F81461C3F81861C3F81061637E0BB141
:107A180005F01EF8667605F06AF93D4BD3F810318B
:107A28006BB3637E1BB105F013F8002363766379AB
:107A380013B102238DF8043045F01005354E0DF1D1
:107A4800040A334B4FF00009F71EC3F808531AF81D
:107A5800010B03280AD03B7843B14FF0000B336881
:107A680087F800B013B19847C6F800B009F10103D0
:107A7800043601374FF00109022BE8D101E0002D4F
:107A8800DCD1B8F1000F08D0214B0022C3F808213F
:107A98000422C3F80823FFF75BFF94F82860EA077D
:107AA8001B4BF6B2D3F80C7108D5E27D032A05D139
:107AB800A27D82B90422E27501229A61A7B1144B12
:107AC8000022C3F80C21E37D042B09D040F2693170
:107AD8006D2001F0C9FC04F0BBFF0223E375EDE75C
:107AE8000223E37504F0B4FF66B1002384F828305C
:107AF800E37D022B01D1FFF79FFE03B0BDE8F04FF5
:107B080004F0A6BF03B0BDE8F08F00BFE02100205D
:107B180000E01050E821002010B5054C606A00F024
:107B28000300FFF78DFD0028F8D0002010BD00BF2E
:107B3800E0210020F8B5054650B10278022A07D89E
:107B4800437842B9013B1F2B02D88378212B07D9F0
:107B58006FF015008CE0002BFAD18378002BF7D159
:107B6800654B4FF48042C3F8A020BFF34F8FBFF39B
:107B78006F8F624EC3F8A021FD23614CC6F808330D
:107B88000023C6F81C31C6F80031C6F80831C6F81B
:107B98000C316370A370AB886382FFF739FD10B1B5
:107BA8000123E3706370D6F80C0440F2563310F4E6
:107BB800803023821BD0FFF709FD524801F0BCFD3D
:107BC8004E4E602360750022C6F804332B78A978DE
:107BD800012B62766262A375A176227620D0022BF1
:107BE80017D0F3B140F21E516D2001F03DFCC6F8EC
:107BF8001001FFF7ABFC414AD2F81031002BFBD043
:107C0800FFF730FD0020FFF7B5FC3F4B00225A6616
:107C1800D3E704F01AFFD6F80C34D903FBD50223B6
:107C28006362FFF7FDFC48B3FFF702FD636A03F0E8
:107C38000303984222D1AB79DBB9FFF76DFFA37E2E
:107C480063B12B7853B904F0FDFE054601F038FD09
:107C58006FF00043002D4CD0C4E9070301234FF413
:107C6800804200202375244BE075C3F8A0211A62D6
:107C7800F8BD224B0422C3F80423E0E71F4B01227E
:107C880000215A61C3F8081194F82410C3F840146D
:107C98001A610422C3F80423AA79002ACFD1D3F8A1
:107CA8000423520702D440F2D1419DE7174A1769CD
:107CB800116907F0100741F010011161D3F808317C
:107CC8000BB905F04FFA0D4ED6F8083173B1FFF72E
:107CD80023FF27B90D4A136923F010031361042306
:107CE800C6F808330023C6F80831A8E705F038FAC3
:107CF800EAE7C4E90730B1E700E100E000E010502E
:107D0800E0210020E57600000008125000ED00E0B8
:107D180038B50E4B04460D461A791AB183216F20E7
:107D280001F0A2FB01280DD803445A790AB10020BA
:107D380038BD01225A71FFF73FFD29462046FFF75B
:107D4800E9FCF4E76FF01500F2E700BF0C22002011
:107D580070B50C4D04462E791EB19A216F2001F0A2
:107D680083FB01280BD805446B790BB9002070BD43
:107D7800FFF704FD20466E71FFF732FDF6E76FF05E
:107D88001500F4E70C220020014B9B68184700BF40
:107D98000C220020014BDB68184700BF0C22002092
:107DA800014B1B69184700BF0C22002008B5064B81
:107DB8001B7923B140F237116F2001F055FBBDE864
:107DC8000840FFF793BD00BF0C220020034B1A792F
:107DD8000AB9FFF7E5BC988D704700BF0C22002058
:107DE800034B1A790AB9FFF7E1BC988A704700BFBC
:107DF8000C220020024B1B790BB9FFF7A9BD704775
:107E08000C220020014B9B69184700BF0C22002060
:107E180038B51D4C237933B3FFF7C2FF50B91B4D5A
:107E2800C5F81001FFF7B0FFD5F81031002BFBD0D3
:107E3800FFF7B0FF154B6022C3F80423636A984725
:107E4800002806DB94F82E3023B10123002084F8A3
:107E5800303038BDFFF7D6FF0028F6DA40F28D1132
:107E68006F2001F001FB0A4BA3610A4BE3610A4B47
:107E780023620A4BA3600A4BE3600A4B2361FFF7B6
:107E880059FE0028E1D0E4E70C22002000E0105061
:107E9800217B000065CA0000E578000053CA000095
:107EA80059CA00005FCA000038B5084B04461D795E
:107EB80025B140F2E1116F2001F0D6FA00F0C6FDBD
:107EC8002046FFF767FC284638BD00BF0C2200207B
:107ED80008B5074800F0A8FD054800F019F801F0BA
:107EE80091F800F0AFFF00F0E5F9012008BD00BFF0
:107EF8004022002008B5054B1A781AB12721032023
:107F080001F0B2FA5860197008BD00BF482200207D
:107F1800024B986000221A705A607047482200206D
:107F2800F7B51E4C2378012BDAB204D0022A2ED0E2
:107F3800012003B0F0BD0DF10701606800F0D8F929
:107F480065686B7DDB071CD5AB7F042B19D000F06F
:107F5800FFFD0646A8B100F001FE2B69D5E9002710
:107F68009A18B36847F100070A332CBF012500258A
:107F78001B1845EB01059342BD4102D3606800F030
:107F8800BBFA0023636023709DF80700D1E70DF169
:107F98000701606800F0B6F9F3E700BF4822002047
:107FA80073B505460C4600F0D3FD0646AB7F012BA2
:107FB8001AD021462B4604F1180251F8040B9142BD
:107FC80043F8040BF9D101230DF107012846AB77DB
:107FD80000F08EF916B1012002B070BD034B0421E8
:107FE800986805F02BF8F6E70020F5E7482200200E
:107FF800024B0621986805F021B800BF48220020EE
:10800800174B1868F0B560B150F8102C50E90634D9
:1080180018380A3344F100049B18826944F10004BB
:1080280002B9F0BD52E90615994275EB0406F8D27B
:10803800077D12F8046CB7420BD00FD90A3152F8F9
:10804800103CA2F1180045F100055B1845F1000449
:1080580004E09688878BF61B3604EFD41268DFE7B6
:1080680054220020F8B5244C002323716371A371B6
:10807800E371EFF3108272B6A168E3606160A360F8
:1080880002B962B600261D4D636803B9F8BD9A7936
:10809800A3F11800032A07D11A6801219E7153F829
:1080A8000C3C62609847EFE71B6863B1183B0746D2
:1080B8002A46997F04290ED09B7F032B04D0632185
:1080C8009F2001F0D1F92A46136802211B6813602A
:1080D800C3688677E6E7B0F81CC0998BA1EB0C0162
:1080E8000904996944BF07F1180218460029EBD022
:1080F8001F46A1F11803DCE7542200205822002073
:10810800042300F1180283770023037643768376ED
:10811800C376044B996811B99A60DA607047D968D8
:108128000A60FAE7542200202DE9F041134C064674
:108138000F460020236833B9E8B1114BBDE8F04180
:10814800187801F023BB53E9061553F8082CD3F827
:108158000080521845F10005B242BD4109D222689B
:10816800A3F1180012682260FFF7CAFF01204346F6
:10817800E1E71C46FBE7BDE8F08100BF5422002080
:1081880088110020494B1B682DE9F74F044682836C
:108198008B46D0E9002003B1183B94F815C0DFF8EE
:1081A8000CE10CF0010C002B3BD0D3E90056AA429D
:1081B80070EB060135D3BCF1000F2CD0277D197D5B
:1081C8008F4228D399684D1946F1000615F10A081F
:1081D80046F1000E424570EB0E0119D2216989184B
:1081E80040F1000788457EEB070901D241467746F2
:1081F800A942B7410FD22046FFF782FF2C4B1878CF
:1082080001F0C4FA00238BF8003003B0BDE8F08F0A
:1082180011460746ECE703F1180E9B690BB1183BB2
:10822800C3E7BCF1000F34D0A168891840F10009F8
:10823800019173B30199D3E9007611F10A0549F167
:108248000001AF4276EB010123D2257D197D8D42D5
:1082580018D39D68ED1946F1000615F10A0A46F192
:108268000008524570EB080110D22169891840F1C5
:1082780000078A4578EB070C01D251464746A942C8
:10828800B741B8D39B6923B1183BD3E711460746DA
:10829800F5E7DEF80020234643F8182FCEF8003023
:1082A800FFF7AEFE8442ADD10123ACE75422002093
:1082B8008811002010B50B4C2378FF2B04D04FF405
:1082C8008D719F2001F0D0F8074801F035FA074B6F
:1082D800002220701A705A709A70DA709A60DA6008
:1082E8001A8210BD881100206D80000054220020E1
:1082F800034B1A8A10B4541C1C8210BCFFF742BFEF
:108308005422002038B504460D46FFF779FE231A9B
:1083180004F11801584258412870044804F0B4FE8A
:1083280010B100230120A37738BD00BF54220020DC
:1083380038B5114B044600F118019A68B2B19A6831
:1083480000209AB191420ED108B1A56905609D68D7
:10835800A94204BF12689A60DA68914200D1D860D5
:108368000023A37707E010461268EAE7034804F001
:108378008BFE0028F4D138BD54220020582200205A
:108388002DE9F041264E04460D46FFF7CDFE306834
:10839800002843D0A0F1180C50E90631A34271EB34
:1083A800050250F8102C3CBF234629460A322CBF40
:1083B800012700279B1841EB07020768604627B989
:1083C80000F118037361BDE8F08157E906EC9E459A
:1083D8007CEB0201F4D290F8148017F8041C88454D
:1083E80013D019D9744523462A46A7F1180075EB0E
:1083F8000C0157F8101C3CBF734662465B1842F1EB
:1084080000020A3342F1000206E0B988B0F81C8085
:10841800A1EB08010904E5D43F68D0E70346D1E79A
:108428005422002010B5054C6169204604F02CFE4A
:1084380018B1606900231838636110BD5422002008
:108448009C46144BF0B51D68FDB115F8043C183D69
:10845800834218D812F10A04D5E900364CF100011C
:10846800A34276EB01070BD22F69FF1846F10006ED
:10847800A7428E4107D3B4F10A0041F1FF31F0BDA4
:108488001C463146F7E7AD69DEE74FF0FF3001469D
:10849800F5E700BF5422002008B5837F022B1CD1CA
:1084A800437D13F0020302D00023837708BD032223
:1084B800037643768376C3760D4B827700F11802F4
:1084C800996839B99A60DA600A4B1878BDE80840AB
:1084D80001F05CB9D9680A60F5E7837F012BE5D024
:1084E800837F042BE2D04FF4FF719F2000F0BCFF84
:1084F800542200208811002010B500F1180104460C
:10850800084804F0C1FD20B94FF402719F2000F023
:10851800ABFF2046FFF7F4FD034BBDE81040187889
:1085280001F034B954220020881100202DE9F74FBA
:10853800D0F810E0BEF1000F04D040F227219F20B0
:1085480000F092FF836890F814800193D0E900143A
:10855800EFF3108972B6274BB3F810C01B686BB1E4
:10856800019D183B0A35D3E900264EF1000A6D1823
:1085780044EB0A0A95427AEB060707D2B9F1000FD5
:1085880035D0C0E9001403B0BDE8F08F8A4276EB1D
:1085980004070CD31F69BF1846F1000BAF427BEBF1
:1085A8000A0B34BF0125002575B99B69D7E712F17D
:1085B8000A0A9D6846F1000715EB0A0547F100070E
:1085C800A94274EB0707ECE71D7DA84509D0ECD953
:1085D80012F10A019D6846F10004691844F100048B
:1085E800E3E79D8BA5EB0C052D04DED5F0E762B61D
:1085F800C7E700BF54220020024B0521186804F089
:108608001DBD00BF70220020064B586810B520B968
:108618004FF41B71B02000F027FFC3680521BDE8A7
:1086280010401847702200202DE9F84F274C81464A
:10863800237BA668A3BB94F80D8018F0010803D02B
:10864800E3899E4238BF1E4600F01AFD10EB060B68
:1086580005460F4641F1000A58465146FFF790FE7D
:1086680008B3D0E900329B457AEB020104D29D1B86
:108678009B46924662F100070023154A2846394670
:108688002362C4E904BAC4E9065700F0CDFCB8F186
:10869800000F02D0E3899E4216D002230D4A0DE056
:1086A8004FF00008D0E7237B2BB1637B9B0702D5F3
:1086B800636A012098470023074A237384F8283007
:1086C800C9F80020BDE8F88F0123E7E770220020F1
:1086D80001860000F18700007DCC00002DE9F047FD
:1086E80017463D4C002B67D0E289D3E90065643218
:1086F800864275EB01034FF000033CBF06460D466A
:108708002362B6EB000A65EB010952451A4672EB83
:108718000902C4E9046527DA237B3BB1637B9A0726
:1087280002D5636A012098470023237394F80D80CB
:1087380008F00108A36803F5E1739A4579F100018F
:108748001DDAB8F1000F11D0E089244A301A65F11A
:108758000001C4E9060100F067FC0623204A84F8FA
:1087680028303A60BDE8F0879846E3E71B4A304670
:108778002946C4E9066500F057FC0523EEE7FFF734
:1087880009FBE089A368B8F1000F0BD0984209D91A
:10879800301A124A65F10001C4E9060100F044FCF0
:1087A8000123DBE7F01A0D4A65F10001C4E906016F
:1087B80000F03AFC0223D1E7237B2BB1637B9B07B4
:1087C80002D5636A0120984700252573FFF7E2FA6E
:1087D8002B46044AC3E700BF702200200186000030
:1087E800F18700007DCC0000023970B505460329E9
:1087F80000F2D480DFE801F006020840694B00224D
:1088080083F82920002024E0664C94F82830042BB3
:1088180009D8022B28D8013B012B1BD94FF4CD7165
:10882800B02000F021FE053B012BF7D8FFF778FBBD
:108838000028E7D000F014FC00F022FC06460C46A5
:10884800FFF79EFD2A46034621463046FFF746FFBE
:10885800022070BDFFF764FB0028D3D000F000FCB5
:108868002846FFF7E1FEF3E7FFF75AFB0028C9D0D7
:10887800012384F82930C5E74A4C94F828301A1F98
:10888800012A2AD8042B94F829600CD100F028FB7F
:1088980048B900200021FFF773FD08B1FFF72CFE4F
:1088A800FFF778FADCE7002EC6D1FFF7BBFD0028FA
:1088B800C2D06060C4E90B6600F0E2FA6068022387
:1088C80031468377C3689847D4E9040104F0D0F9A6
:1088D800354B84F828602B60BAE700F0D1FBA36918
:1088E800C01A236A9842ACBF2062236294F82830E9
:1088F800022B19D1FFF748FA94F82830022BD4E953
:1089080004012CD1637BDB071BD5237BCBB9E3891F
:10891800264AC01A61F10001C4E9060100F084FB8F
:10892800032384F828306DE7637BDA0701D5207BC1
:1089380010B140F2B31173E7636A984701232373B8
:10894800DAE73238236A194A41F1FF31C01841EB9E
:10895800E371C4E9060100F067FB0423E1E7012B9A
:108968000AD1A368114AC01A61F10001C4E90601DD
:1089780000F05AFB0223D4E7236A32380B4A41F14C
:10898800FF31181841EBE371C4E9060100F04CFB14
:1089980094F82830062BE0D10523C2E740F2F11104
:1089A8003EE700BF70220020B98900000186000060
:1089B80002392DE9F041064604292ED8DFE801F0F6
:1089C80003090B2D0E00174A537B003B18BF0123E8
:1089D800137300201FE0FFF7A3FAFAE7DFF84480DB
:1089E80000F05EFA00F04CFB0C460546FFF7C8FCA9
:1089F8000746D8F80400FFF74FFD00230022284659
:108A0800C8F8043000232146C8E904233B4632460F
:108A1800FFF764FE0220BDE8F08140F21721B02084
:108A280000F022FD70220020064A002310B5064CF3
:108A38000260206084F828306373FFF7D1F9323080
:108A4800A06010BD7DCC00007022002008B5074B47
:108A58001A681168064A914204D040F25121B020A8
:108A680000F002FD3230986008BD00BF702200207F
:108A78007DCC000010B5EFF3108472B6034B0421CF
:108A8800186804F0DBFA04B962B610BD7022002041
:108A980008B5094B5A6822B940F27221B02000F09B
:108AA800E3FCD3E90421BDE808408018034A41F1FA
:108AB800000100F0B9BA00BF702200201186000042
:108AC80008B5064B5B6823B94FF41E71B02000F05F
:108AD800CBFCBDE8084000F0C3BA00BF70220020FC
:108AE80008B5054B5A6822B940F27E21B02000F043
:108AF800BBFCD86208BD00BF7022002008B5054B3A
:108B08005A6822B94FF42171B02000F0ADFC186307
:108B180008BD00BF70220020054B1B6B10B523B9A0
:108B280040F28A21B02000F09FFCBDE810401847B1
:108B380070220020054BDB6A10B523B94FF424716D
:108B4800B02000F091FCBDE81040184770220020CA
:108B5800014B5868704700BF7022002008B5054BCC
:108B68005A6822B940F29B21B02000F07DFCD3E97D
:108B7800040108BD70220020034B587B10F001004F
:108B880018BFD889704700BF702200200028ADBFE9
:108B980000F1604000F00F00044B00F56140B4BFE5
:108BA800185C90F800034009704700BF14ED00E01E
:108BB8002DE9F04105460E46E1B9114F3B681BB15E
:108BC8008621452000F050FC38600E48FFF788FFEA
:108BD8000D48FFF793FF03F0F2FF6B7D04465B0738
:108BE80008D503F048FF0A34241A7C6000F05AFACA
:108BF8000028FBD02B6A3146686ABDE8F041184767
:108C0800A8220020358C0000158C0000064B1B683C
:108C180010B51BB97221452000F026FC1A6A042100
:108C2800586ABDE810401047A8220020064B1B6870
:108C380010B51BB96C21452000F016FC1A6A0321F7
:108C4800586ABDE810401047A8220020024B0022B5
:108C58001A601A81704700BFA822002008B5074B88
:108C68001A681AB9B921452000F0FEFB0449D16001
:108C780000221A60BDE80840FFF7BAB9A822002010
:108C8800B98B000030B587B00C4618220021054684
:108C9800684604F0C4FA637A4FF000026168C3F3CF
:108CA8008003029183F0010363F38202237A8DF833
:108CB8001430224B8DF81520039323785BBB9DF865
:108CC8001500D4E904324007CDE9003207D50A3B44
:108CD80001F10A0142F1FF320291CDE90032637AD3
:108CE80069469DF81520C3F3400322F003025B0098
:108CF80043F0010313438DF81530114B5868C0F346
:108D08000800B8B11038FFF741FF98B92846FFF7B7
:108D180047F907B030BD2369049303F0A6FE9DF818
:108D280015305B0744BF029B0A33CDE9000148BFF9
:108D38000293D4E7284603F0A4FEEAE7B98B0000C3
:108D480000ED00E008B50A4B1B6823B94FF4EE713B
:108D5800452000F089FB5B7D5B0703D4BDE8084034
:108D680003F02DBF03F02BFF0A3041F1000108BDCD
:108D7800A82200207FB503F078FE002305930B4B53
:108D8800039340F21E2302934FF0FF33CDE9000115
:108D9800694607480493FFF703F918B99B21432054
:108DA80000F062FB07B05DF804FB00BFE18D000036
:108DB800E022002010B5074C94F820304BB9FEF79C
:108DC800EFFF30B9012384F82030BDE81040FFF7E9
:108DD800D1BF10BDE022002008B505292DD8DFE855
:108DE80001F0032E282C2C0D03F03BFE144803F051
:108DF800E8FE1E38BDE8084003F039BEFEF7D0FF94
:108E080038B10F4B002283F82020BDE80840FFF757
:108E1800EFB803F028FE08B903F023FE00214FF451
:108E2800007003F09EFE0028E0D1B921432000F035
:108E38001BFBBDE80840FFF79DBFC521F6E708BD4D
:108E4800E02200204FF000430B4A0021C2F8803096
:108E5800A2F58022C2F88031012302F57832C2F8E7
:108E68000435A2F58022C2F804352022034B1846A7
:108E780083F8201004F0D3B900400C50E022002001
:108E880008B517F04DFF054AD2F8583743F00103EB
:108E9800C2F85837BDE80840FFF78CBF00200E50D5
:108EA80008B517F04DFF0B4AD2F8583723F00103E5
:108EB800C2F858370122084B5A604FF0FF32C3F806
:108EC80008232022054BC3F89021BDE8084000F094
:108ED800C7B800BF00200E500050085000E100E065
:108EE80008B5FEF75DFFB0B90D4BD3F800314BB9AB
:108EF8000C4A536A0133312B53620BD96C2143203E
:108F080000F0B2FA03F0AFFD08B17021F7E703F003
:108F1800A6FD012008BD034B00225A62F9E700BFF5
:108F280000E01050E022002040F20251014808B54C
:108F380000F090FAC48A03001848202208B5C0F847
:108F48009020BFF34F8FBFF36F8F154BC0F8902160
:108F5800D3F8041521F00301C3F80415D3F8081554
:108F680041F00301C3F8081592FAA2F1B1FA81F1B0
:108F7800092904DD40F29F310A4800F06BFAC3F872
:108F8800101501215960D9604FF00041C3F88010D5
:108F98004FF0FF31C3F80813026108BD00E100E09B
:108FA80000500850C48A0300134A4FF4E06320219C
:108FB800C2F838330023C2F8AC35C2F8BC35C2F861
:108FC800CC35C2F82031C2F82431C2F828310B4A16
:108FD800C2F89C11C2F89C10BFF34F8FBFF36F8F7C
:108FE800C2F89010BFF34F8FBFF36F8FC2F8901184
:108FF800034A1360704700BF00200E5000E100E0F4
:109008000823002008B5FFF7CFFF054B4FF4A062F7
:10901800C3F834232022034BC3F89C21DA6108BD2E
:1090280000200E5000E100E00B4B10B51C681CB18D
:109038004C21042000F018FAB1F5801F1A6001D302
:10904800FFF772FF054B0122C3F8A005C3F8A4156A
:10905800C3F8AC2510BD00BF0823002000200E5027
:10906800054A136833B100230449C1F8AC35C1F887
:1090780020311360704700BF0823002000200E50E5
:1090880030B54FF0FF30064C6FF04041D4E9002373
:10909800904271EB0305F9D31046C3F3130130BDB9
:1090A80040270E5008B5FFF7EBFF044BD3E9022326
:1090B800904299412CBF0120002008BD08230020C0
:1090C80008B5FFF739FF024B01221A6008BD00BF3F
:1090D8000050085010B5FFF72FFF0F4C0023C4F8BD
:1090E800BC35C4F82431FFF7CBFF0A3041F1000149
:1090F800B1F5801F01D1FFF717FF4FF00043C4F807
:10910800B005C4F8B415C4F8A4310123C4F8BC35BB
:10911800024BC3E9020110BD00200E5008230020B5
:10912800144BD3F8342312F4A06F10B503D1FB21EC
:10913800042000F099F9D3F8202162B100220E49E9
:10914800C3F8AC25C3F820210B6813B940F203110A
:10915800EEE70A609847074BD3F828214AB1002266
:10916800C3F8CC25C3F82821034BBDE810401B6980
:10917800184710BD00200E5008230020034610B3E6
:10918800007888B91A79012A1ED85A79012A1BD879
:109198009A680E49643A8A4216D8D8680C4B9842A5
:1091A8002CBF00200120704701280CD11A79012A10
:1091B80009D85A79012A06D8DA680449643A8A42F1
:1091C80001D89868EAE70020704700BF3C86010094
:1091D8000040420F70B5044603F047FC40F2F966C0
:1091E800656AD4E90632963342F100025B1905F547
:1091F800DF6542F10002B5FBF6F55B1942F10002AA
:1092080083428A410ED294F82A30052B03D0B32129
:109218006A2000F029F90A21236A94F8580098472F
:10922800B621F5E7044C236813B19847002323605F
:10923800BDE87040FFF712BD1C23002070B504463E
:109248000D4639B9012380F85930FFF7C3FF0226CC
:10925800304670BD0E78032E70D801A353F826F05F
:109268005792000079920000E39200009B92000060
:109278004868C72801D80026EAE7042103F071FCF2
:109288000028F8D003F0F5FB6968204603F041FD9B
:10929800DEE790F8286006BB4D682846FFF76EFFAA
:1092A80000284BD02B78D3B9012121702B796A790A
:1092B800003B18BF0123002A14BF0422022243F0F6
:1092C80004032272AA68A5326260EA686372032303
:1092D800226184F82A3084F829102046B5E794F8EA
:1092E8002A30052B04D040F293116A2000F0BCF814
:1092F800267004F130002B796A79003B18BF0123EE
:10930800002A14BF0422022243F004032272EA68EE
:109318006372A532A9686260D4E906325B1842EB31
:10932800E1722146C4E90432042384F82A30FFF7A5
:10933800A9FC0028D1D140F29511D6E7012384F881
:109348005930CAE72DE9F8438846074658B300F074
:109358002FF84FF0000904465FFA89F6B44203D8A3
:109368006FF00B00BDE8F883304609F1010900F001
:1093780025F890F82A50002DEED1304600F01EF85E
:109388000A490446058580F82A50024680F8586044
:10939800303003F086FC01232762284684F82A30FF
:1093A80088F80060DEE76FF01500DBE729CD0000E4
:1093B800014B1879704700BF20230020044B1A790D
:1093C800824283BF1B68602202FB00300020704786
:1093D800202300200A4610F0030110B50AD1074CDB
:1093E8002271206008B9002010BD60235A4303F0A1
:1093F80016FFF8E76FF00D00F6E700BF2023002006
:10940800BFF34F8F0549064BCA6802F4E062134365
:10941800CB60BFF34F8F00BFFDE700BF00ED00E05A
:109428000400FA05094B01225A604FF0FF32C3F8D5
:1094380008234FF40062064BC3F88820BFF34F8F10
:10944800BFF36F8FC3F88821704700BF00B0045086
:1094580000E100E008B572B6024B5B6803B19847BB
:10946800FFF7CEFF282300201FB572B6144B5C68A7
:1094780094B9FFF7C5FFB2FBF6F22B465D1C002A34
:10948800F9D1DBB203F110056D4405F80C2C0A2262
:1094980033B901A8A047ECE7024600230A26EDE706
:1094A800013BDBB203F110050DEB0506B0FBF2F54D
:1094B80002FB1500303006F80C0C2846E8E700BF20
:1094C80028230020F8B5234F05460C4616463B785E
:1094D800002B3CD103F0B5FA7E601F4B01263C817E
:1094E8004FF48062C3F8A4601C4BC3F89020BFF30C
:1094F8004F8FBFF36F8FC3F89021FFF793FF184B7F
:10950800002D14BF28461846FEF782FC0546E0B930
:10951800FFF79CFBFEF76EFC03F0DFFCFEF7D8FCC0
:1095280018B9B8211120FFF79FFF002C0BDB04F0BE
:109538001F036409A4009E4004F1604404F56144DB
:10954800C4F88061266001233B702846F8BD4FF0BF
:10955800FF35FAE72823002000A0085000E100E0CA
:10956800541A0300074BB3F90830002B09DB5A09DA
:10957800012103F01F03994002F14003024A42F817
:10958800231070472823002000E100E0014B1878E1
:10959800704700BF2823002050B1074B03F1140285
:1095A80053F8041B934240F8041BF9D1002070477C
:1095B8006FF01500704700BFF28A03002DE9F84FDD
:1095C8000746894693469846374CDFF8E0A0384D61
:1095D8002E780136F6B2D5E84F3F0133DBB2C5E845
:1095E800403F0028F7D101216160C4F80001C4F8A8
:1095F8000401EFF3108072B62E4BC5F80490AB60EF
:10960800C5E905B33B68C4F810357B68C4F8143560
:10961800BB68C4F81835FB68C4F81C35264BC4F879
:1096280030351033C4F83835216000B962B6D4F843
:1096380000312BB9D4F8043113B92B789E421CD0D1
:10964800B8F1000F09D00A9B3BB1D4F840350A9A0B
:10965800C8F80030D4F83C351360D4F80431002B36
:10966800B5D12978B142B2D1C4F80031C4F8043177
:109678000323C4F80833BDE8F88FDAF81030DB06A6
:10968800D5D503234FF40061C4F804330B4BC3F85A
:109698008811D4F80031002BC9D1D4F80431002B3B
:1096A800C5D103F05DFDC2E700B0045000ED00E055
:1096B800342300201000000B3823002000E100E0D4
:1096C8001A4B4FF4000270B5C3F89820BFF34F8FC0
:1096D800BFF36F8F164C0021164DC4F80011C3F864
:1096E80098212E692B6906F0100643F010032B61B0
:1096F8000123C4F804332360D4F800319BB11EB9A8
:109708002B6923F010032B610123D4F808054FF4CB
:1097180000026360C4F808330023C4F80031034B27
:10972800C3F8982170BD03F01BFDE5E700E100E0F8
:1097380000700D5000ED00E038B50B49042301EB33
:10974800C302157905F0FF042DB1013BF7D2402182
:109758006920FFF789FE41F8330001215471D8B21E
:109768009471117138BD00BF58230020042808B532
:1097780003D947216920FFF777FE034B002203EB4B
:10978800C0031A7108BD00BF58230020042808B57B
:1097980003D950216920FFF767FE094B03EBC0008E
:1097A8000379012B01D05121F4E743798279013300
:1097B800DBB29A4218BF4371BDE80840FFF7D2BE3A
:1097C8005823002038B505240F4D95F8281005EBCF
:1097D800C1031A79012A09D158799A79904205D09A
:1097E8005A79D2B29A7155F83130984795F828309D
:1097F800013C0133DBB2052B28BF002314F0FF0422
:1098080085F82830E1D138BD58230020094B0A4A91
:10981800C3F800230132C3F80C230132C3F818231C
:109828000132C3F820230132C3F81C230132C3F8E4
:109838001021704700A0085004000080074B002248
:10984800C3F80023C3F80C23C3F81823C3F8202354
:10985800C3F81C23C3F81021704700BF00A00850AC
:10986800844641EA000313F0030359D1403A33D345
:10987800F0B4F0C9F0C0F0C9F0C0F0C9F0C0F0C948
:10988800F0C0403AF5D2F0BC26E0403A24D300BFFD
:109898000B6803604B6843608B688360CB68C36068
:1098A8000B6903614B6943618B698361CB69C36150
:1098B8000B6A03624B6A43628B6A8362CB6AC36238
:1098C8000B6B03634B6B43638B6B8363CB6BC36320
:1098D80040304031403ADBD230320BD30B68036062
:1098E8004B6843608B688360CB68C360103010316D
:1098F800103AF3D20C3205D351F8043B40F8043B3C
:10990800043AF9D2043208D0D2071CBF11F8013B3F
:1099180000F8013B01D30B8803806046704700BF05
:10992800082A13D38B07B0D010F00303ADD0C3F1CE
:109938000403D21ADB071CBF11F8013B00F8013BF6
:10994800A3D331F8023B20F8023B9EE7043AD9D36F
:10995800013A11F8013B00F8013BF9D20B7803708A
:109968004B7843708B788370604670476DD20000E7
:1099780079D200007DD2000085D2000089D2000093
:1099880053B94AB9002908BF00281CBF4FF0FF315E
:109998004FF0FF3000F00CB8ADF1080C6DE904CEC3
:1099A80003F08AFCDDF804E0DDE9022304B0704727
:1099B800704700BF08B5F6F73DFFF8F797FDF6F7D3
:1099C8004FFE002008BDFFF7E7BDF8F74BBD01F0DB
:1099D80001B801F002B800F0FABF10B586B004462D
:1099E80001A8FFF7D9FD022300202370052360702A
:1099F800A3709DF80430E0706371BDF805302071E4
:109A0800E380DDF80730A36006B010BD00F0CFBDDD
:109A180070B50446FCF7E4FC012805461AD1601C21
:109A2800FCF7E6FCB0B1A3790020E61D63F03F0324
:109A3800A371F8F74DFE38B110220021304603F02B
:109A4800EEFB0020257070BD3046FCF7E5FC0028D1
:109A5800F2D0F6E70025F4E710B5044610220021FD
:109A680003F0DDFB04F1100310220021184603F077
:109A7800D6FBFCF7EBFC0020F8F72AFE20B12046C5
:109A8800FCF7CAFC002010BDFCF7AAFC0028F6D0A1
:109A9800F8E710B50446FFF713FEB0F5007F09DAC2
:109AA80010F5007F08DD031EB8BF03339B100020AC
:109AB800237010BD7F23FAE76FF07E03F7E7007885
:109AC800003818BF012000F04FBD37B505460C46D9
:109AD80000880DF1060100F068FE2B882380BDF890
:109AE8000630638003B030BDF8B504462046F9F768
:109AF80037FA0228054612D0042810D1204600F073
:109B080012F82678A7783046F6F7A8FE0028EDD098
:109B18003E2E04D13846F6F7E5FE0028E6D0284662
:109B2800F8BD01F00BBC10B503780446813B0E2B41
:109B38002FD8DFE803F02F353B3F496167085B55B5
:109B48006B6F2E7B75002920F6F7CCFE30B13E23D3
:109B58002370222363702923A3701AE00A20F6F7E2
:109B6800C1FE3E23237018B11F2363700A23F3E755
:109B78000123A37013236370E37903F00103E371F6
:109B8800D4F81A30C4F80E30E38B638294F820308E
:109B9800237510BD3E230370042343701423DBE7B1
:109BA8003E2303700A2343700323D5E7052323705C
:109BB800042307E05A20F6F751FE08230028F6D0C0
:109BC8005A2222706370E4E75B20F6F747FE18B16B
:109BD8005B2323700623F5E7302323700323F1E783
:109BE8003E2303700B2343700723B5E73E2303701E
:109BF800062343700C23AFE71323037083789B007D
:109C08000133DFE7572303700223DBE73E230370AA
:109C18000D23A1E73E2303700123437011239BE723
:109C2800FF2303700D234370802395E7FF23037000
:109C38002923437081238FE708B510B96FF0150009
:109C480008BDFFF76EFF0028F8D00020F8E710B530
:109C58000C4648B141B1FFF747FF002820700CBF00
:109C68006FF02200002010BD6FF01500FBE7F8B57B
:109C7800941C0E46054617460C446343B3F5004F43
:109C8800A8BF4FF0FF3310F003019CB203D0B021FE
:109C98001420F6F7A9FCB4F5004F01D9B121F7E774
:109CA8001422043003F0BBFAEF746C802E80F8BDE8
:109CB80038B50388C4888B420589C4F30E0203D2E1
:109CC800D1211420F6F790FC84EA0503C3F30E03B0
:109CD8000BB9AC4206D102F118030122C1528274B9
:109CE800184438BD1846FCE7023101444A43B2F52E
:109CF800004FA8BF4FF0FF3290B21B3020F0030096
:109D0800B0F5004F34BF00B24FF0FF3070474088C5
:109D18001B3020F00300B0F5004F34BF00B24FF005
:109D2800FF3080B2704738B503888B4203D2F721E1
:109D38001420F6F759FC857C65B1C388C3F30E037C
:109D48001833C25A8A4207D3C152811DF6F7DAFD89
:109D580000238374284638BD0025FBE703461830E6
:109D6800F0B59E88DD88B4B2C6F30E06A54214D0BD
:109D78005F89DD7C845B3D44E41B0235A4B2354435
:109D880028440D88A54284BF0C8025465989B1FA1C
:109D980081F149091170DD81F0BD00252846FAE7F7
:109DA800F8B582880026C38904460D4692B20E6033
:109DB800CBB14189C2F30E020B4418329BB287180B
:109DC800825A4381934204D94FF4A2711420F6F7C2
:109DD8000BFC04D1011DF6F795FD46812F60002389
:109DE8000120E381F8BD1846FCE783880146028913
:109DF8009BB29A4202D00831F6F784BD7047838837
:109E0800C0889BB2C31A584258417047828873B5BC
:109E180095B2C488C2F30E02AC4202F1180212D005
:109E28004189C689835A314499420EDB0DF10601F6
:109E3800ADF80650F6F766FDBDF80600001B18BF22
:109E4800012002B070BD0020FBE70120F9E770B5E2
:109E5800C488034606891830C4F30E0584EA06024E
:109E6800C2F30E020AB9B4420FD19C891A880CB108
:109E7800465B921B914207DCDA7C2C440232224476
:109E880010440A461A8270BD00221046FAE7F8B557
:109E9800038A002B38D08B4236D3C48800F11803CC
:109EA8008589C4F30E041E1995B91D5575708589E9
:109EB8001E5B0D443144ADB285811953D2B1811D69
:109EC800F6F720FD00238381002303820120F8BDDB
:109ED8001E5BAE4204D04FF4F6711420F6F784FBF3
:109EE800C57C2644878A023535445E195F53857DD3
:109EF800B570DCE7C27C254402322A4499189B5A83
:109F080083828B788375DFE70020E0E78388C28847
:109F18009BB29A4206D0428922B9C3F30E03183382
:109F28001844704700207047C37C0233C818704734
:109F38000230704738B58388C2889BB29A4207D0EE
:109F480045892DB9011DF6F7DDFCC581012038BD15
:109F58000020FCE703881380C388C3F30E0318337B
:109F6800034480890B6070470368002223B9C0E965
:109F78000132031D0360704759681B680A44F5E7FE
:109F88000729034670B504D84FF4EC711520F6F78D
:109F98002BFB0068C0B1446806461A688C4210D092
:109FA800106860B901F10805AC420DD354685050EF
:109FB8001868651A541800686560505002E0134626
:109FC800E9E7146830461C6070BD0023C1E900321F
:109FD80003680B600160704730B590B18478B1FBBD
:109FE800F4F304FB131300EB430252898A4201D1B4
:109FF800D8B230BDC27822B900F10803D0B2844289
:10A0080001D8FF20F5E733F8025F01328D42F5D120
:10A01800EFE78278038805324B4303EB4203184489
:10A02800704737B500240546CDE900448DF8060091
:10A038006846ADF80440F6F743FEBDF8044008B1A1
:10A0480003B030BD29462046F6F716FE0028EFD0AB
:10A0580040F235211720F6F7C7FA70B51E460D46AF
:10A068000921FFF741FE0446324609212846FFF739
:10A078003BFE40EA04031B0454BF00194FF0FF30B5
:10A0880070BDD31D23F0070370B5083390B110F0ED
:10A09800070403D058212220F6F7A6FA04604FF6E9
:10A0A800FF75C28000F108040A468180013A92B225
:10A0B800AA4203D103FB01F0083070BD0668266090
:10A0C80004601C44F2E718B1C2888188FFF7D9BF41
:10A0D80070470346EFF3108272B6006830B101682A
:10A0E80019600023037043708370C37002B962B6AD
:10A0F8007047EFF3108372B602680A60016003B913
:10A1080062B67047F6F76EBE7FB50022012300F1F4
:10A1180080010392CDE90423FB22029200F1900210
:10A12800CDE90032D0E91C230420FCF779FF07B001
:10A138005DF804FBF6F7B4BE00EA400000EA400010
:10A1480000EA400000EA400000EA400000EA40005F
:10A15800B0FA80F040097047F7B5002523262F464E
:10A16800F9F73CF80446F7F71DFB78B1CDE900771D
:10A178006846F6F7A5FD20B120462546F7F73CFBD3
:10A1880005E0009BD3F8C8309C42F1D10020013E85
:10A1980001D00028E4D025B940F215210F20F6F7A8
:10A1A80023FA284603B0F0BD08B501210020F6F7D0
:10A1B8004DFD28B901210846F6F748FD30B908BD1C
:10A1C800903002F008F90028F4D0F8E79030BDE8A4
:10A1D800084002F000B91FB5002240F6881303A911
:10A1E8000092FDF71DF905B05DF804FB10B50446B3
:10A1F80038B1F8F7A5F924EA0000B0FA80F0400970
:10A2080010BD0120FCE730B5841F40F67A45A4B2A2
:10A21800AC421CD88C1FA4B2AC4218D8884216D8BD
:10A228000132B2F5FA7F12DCA3F10A0040F6764457
:10A2380080B2A0420BD842F210704A43584340F60D
:10A24800C4135A43904294BF0020012030BD00201F
:10A25800FCE72DE9F0410F46B0F85E60B0F86050B9
:10A2680002F02AFA0221044600F0A5FE80460221E7
:10A27800204600F0A0FE464540F6480328BF464663
:10A28800B6B21B2E38BF1B26FB2E28BFFB268542E5
:10A2980028BF05467E80ADB21B2D38BF1B25FB2D80
:10A2A80028BFFB25B4F5A47F38BF4FF4A474FD8004
:10A2B8009C4228BF1C46BC803C81BDE8F08108B5A3
:10A2C80001210020F6F7C2FC30B901210846F6F753
:10A2D800BDFC40B9012008BD903002F07CF8002890
:10A2E800F3D00020F7E7903002F075F880F0010015
:10A2F800C0B2F0E72DE9F04186B00546008802A912
:10A3080000F068FE0446002870D1029A92F8503195
:10A31800D91E4B424B418DF80630D37B212B0ABF07
:10A328009DF80630034683F001038DF8073092F854
:10A3380062309B0603D49DF80730002B5CD0EB8875
:10A348001B3B9BB2E02B59D8298944F24810A1F550
:10A35800A4739BB2834251D86B881B3B9BB2E02B02
:10A368004CD8AA88A2F5A4739BB2834246D840F67B
:10A378004807B94244D8BA4242D8029E4FF0FF0873
:10A3880086F823819DF80630A3BB03A906F1A8002F
:10A39800FFF75FFF6A88BDF81230BDF814109342CA
:10A3A800E88828BF1346B942AA88A6F8283128BFEA
:10A3B8003946BDF80E30834228BF03462889A6F8DF
:10A3C8002431BDF81030BB4228BF3B46834228BF2A
:10A3D80003468A42A6F82631134628BF0B46A6F83C
:10A3E8002A3186F82281002386F82331204606B0D8
:10A3F800BDE8F0813A24F6E71A24F7E71224F5E7D6
:10A408001124F3E710B503780446012B01D9122073
:10A4180010BDFFF7C9FE58B9207810F0FD000DD126
:10A4280004F11703E21D611CBDE81040F8F7D6BA25
:10A43800F8F766FB0028EFD00C20E9E7A37903F0D2
:10A44800C003C02BE3D10120EAE710B50378044626
:10A45800012B0DD8FFF7A8FE60B9214611F8010BB2
:10A4680000F0FD00003818BF012000F006FD38B9E3
:10A47800122010BDF8F744FB0028EED00C20F8E7B6
:10A488000020F6E708B50088F8F740FB00280CBF65
:10A498003020002008BD38B50546FFF785FE044684
:10A4A80038B92878003818BF0120F8F723FB204670
:10A4B80038BD0C20FCE708B5FFF776FE18B9F8F7A9
:10A4C80009FB002008BDF8F71BFB0028F7D00C207B
:10A4D800F8E70823037000207047112243F239037C
:10A4E8000270C2705922A0F801308280C380002017
:10A4F8007047082108B5F6F7A7FC002008BD73B51A
:10A50800064600880C46088001A980B200F062FD6A
:10A51800054640B9B3784BB9019B93F91C01A0706B
:10A52800FBF716FEA070284602B070BD7F20FFF72B
:10A5380052FEF4E710B504466FF07F00FFF74BFEBC
:10A54800FBF706FE20707F20FFF745FEFBF700FEB5
:10A558006070002010BD0A4600F1100108B50723FD
:10A5680002F0F4FD002008BD012138B50546084673
:10A57800F6F76CFB20B940F2EF713920F6F734F8A2
:10A58800903001F028FF044620B92846FAF754FE17
:10A59800204638BD0C20FCE710B5014604460020D3
:10A5A800F8F77CF808B92060A080002010BD10B52D
:10A5B8000446F7F795FF28B900202146F8F756F822
:10A5C800002010BDFFF77BFE0028F5D10C20F8E72E
:10A5D80010B50446FFF773FE28B101202146F8F7AD
:10A5E80045F8002010BD0C20FCE7FFF783BE1FB51F
:10A5F80002880A8044F2902183888B4215D840F65D
:10A608004801ADF80420428801A88B42ADF8062025
:10A6180028BF0B46ADF80A20ADF80830ADF80C306D
:10A62800FFF768FE05B05DF804FB1220FAE737B5BE
:10A6380008800D4601A900F0CDFC044620B9019818
:10A648002946A830FFF705FE204603B030BD034673
:10A6580048210020082210B56FF004045870997042
:10A668001C70DA701C7158719971DA7110BD10B5CF
:10A678000446FFF799FD78B92146E27911F8010BF4
:10A6880000F0FD00003818BF0120F8F7FDFA80F04F
:10A6980001004000C0B210BDF8F732FA0028EBD034
:10A6A8000C20F8E713B500880C46088001A980B291
:10A6B80000F090FCC8B9019B83F8160193F81421A7
:10A6C800012A06D0022A04D04FF43F710620F5F77C
:10A6D8008BFFA27093F81521012A01D0022AF3D129
:10A6E800E27093F81621002AE6D102B010BD1FB51A
:10A6F800044603A9008800F06DFC38B9A388022B32
:10A7080014D8E078FFF772FD10B9112004B010BD1D
:10A71800A078FFF76BFD0028F7D0012303A800936A
:10A72800A388E278A17800F0D5F9EFE71220EDE7E9
:10A7380037B58378C17803F00104027903F0020386
:10A7480051EA04051DD052EA03051AD0002C18BF9F
:10A758000021002B037818BF00228DF802108DF815
:10A768000320427843EA0223ADF800304379827926
:10A77800684643EA0223ADF80430FFF7B8FF03B098
:10A7880030BD1120FBE707B503788DF8003043781A
:10A7980068468DF801300023ADF80230ADF804307A
:10A7A800F7F7B4FA03B05DF804FB13B50C4601A93A
:10A7B80000F010FC10B9019BDB88238002B010BDAB
:10A7C80013B5044601A9008800F01DFC20B9628970
:10A7D800A3899A4202D9122002B010BD2389E288C7
:10A7E800A1886088FFF70FFDF8B1019B93F8242238
:10A7F80002F0FF00DAB940F2E241A2884A438A42F5
:10A80800E9D9A3F81612C3F81C22E179A27942EA21
:10A818000122A3F82022227A617A42EA0122A3F8CF
:10A828002222FF2283F82422D6E73020D4E73A20D8
:10A83800D2E713B5044600F043FB88B12046FF2455
:10A84800F8F78EFA0023CDE900336846F6F738FAB0
:10A8580010B1002002B010BD009B83F80D42F4E750
:10A868001220F7E707B5008801A900F0CCFB30B942
:10A87800019B93F8332112B9FF2283F8332103B0E7
:10A888005DF804FB10B50446F7F754FE206000207D
:10A89800616010BD73B5044601A9008800F0B3FBE0
:10A8A800064638BB019D95F8563203F0FF0623BBD8
:10A8B80095F86230DB0722D5D4F8023005F50F721F
:10A8C800C5F84C32D4F80630C5F850326389A5F87B
:10A8D800543204F10C031C3453F8041BA34242F80D
:10A8E800041BF9D10C2105F50A70F6F7ADFAFF2320
:10A8F80085F85632304602B070BD3A26FAE71A2675
:10A90800F8E730B589B0034600F118056A461868BB
:10A91800083353F8041C1446AB4203C42246F6D14C
:10A928001868022320606846ADF81C30FFF7B2FFB4
:10A9380004461E220021684602F092FC204609B017
:10A9480030BD13B500880C46088001A980B200F01C
:10A9580041FB10B9019B9B8F638002B010BD37B5D6
:10A96800038804460B8098B2638813B9122003B099
:10A9780030BD01A900F02EFB0028F8D1658842F20D
:10A988001072019BA9B2D3F8C4405143B3F8DA203E
:10A998006243B3F8CC4004FB02229142E6D3D3F8D9
:10A9A800C420D3F8C4409442F9D100229D875A6349
:10A9B800621E0A44B2FBF4F29A63D8E708B500783D
:10A9C800003818BF0120FAF7AFFD002008BD0620A7
:10A9D800F7F7A4BD0820F7F7A1BD01F087BF10B5B0
:10A9E800044604B910BD236898476468F9E703680A
:10A9F8000BB9016070471A465B6813B18A42FAD1F5
:10AA080070478A4218BF5160704708B501F04FFE81
:10AA1800F6F7FCFF01F0A5FABDE80840F8F77CBF9F
:10AA280008B5F8F773FFFAF777FDF6F7EFFFBDE81B
:10AA38000840F9F713BF08B50020FFF7F2FAF6F758
:10AA4800C9F9F7F7CDFDF6F7BFFD20B140F2431184
:10AA58009320F5F7C9FD08BD08B5FFF7D6FF01F04B
:10AA68003FFF20B14FF4E8719320F5F7BDFD08BD15
:10AA780008B5F9F729FFFFF7D3FF00F0D0F9F6F78B
:10AA8800B3FD0020FFF7CDFA01F02CFFBDE8084028
:10AA9800F8F75EBA0B46892203F8032BD0F8092091
:10AAA800C1F80320427B1A71704738B50D46044639
:10AAB800F7F746FD2B78002B08BF034684F868306B
:10AAC8006B78002B08BF034684F869306B88A4F8BC
:10AAD8006A3038BD2DE9F743046899460F46164693
:10AAE80094F8633094F80F8043EAD303DB0702D469
:10AAF800B8F1250F36D16FBBF7F722FD0546BEBB6F
:10AB0800F7F71EFD45BBB8F1250F2ED100200546ED
:10AB1800FF2384F82D3194F82C3103F0FF08F3B9A2
:10AB28009DF8283001A984F82F0104F1A80084F8C1
:10AB38002C3184F82E518DF804708DF80560ADF82D
:10AB48000690FFF7B2FF002384F82D31404603B08A
:10AB5800BDE8F0833D46D2E70028D4D0D8E74FF0CF
:10AB68003A08F0E74FF01A08F0E74FF00908EDE768
:10AB7800002DC8D03046CBE708B503689A7B22B1D0
:10AB88004FF4E671AE20F5F72FFD23229A7308BD26
:10AB9800CBB284B0C2B2C1F30721012BC0F30720A6
:10ABA80015D101291BD0012A15D1012817D0114030
:10ABB8000340880754BF01F0010002209A0754BFE0
:10ABC80003F00103022340EA032004B07047022B7C
:10ABD800E9D10229E6E7022AE9D10228E6E710408E
:10ABE800034019400B46E4E7012803D0831E58426E
:10ABF8005841400070477FB50B4604681146184617
:10AC080094F81461FFF7C4FF94F81551C3B2C0F368
:10AC18000720B34208BF0023854208BF002084F8FC
:10AC2800123284F8130204B070BD2DE9F0410D68AA
:10AC38000446884695F81302FFF7D6FF064695F8AE
:10AC48001202FFF7D1FF95F89F30074673B946EA1D
:10AC5800000313F0FF0307D0284600F09FFDD8F843
:10AC68000030DB8803449BB2A5F81032B5F81032E7
:10AC78000520A670E3701B0A67702371BDE8F08198
:10AC8800F0B505680C4685B00646E97B17460029ED
:10AC980064D1AB7B273B022B62D903A8F7F7C2FC30
:10ACA800014628B1039B0DF10B01DB788DF80B30C1
:10ACB800A87B1622F8F7C4FA054630B102461621D9
:10ACC800304600F040FD054633E0637813F0070393
:10ACD8003ED0A27812F007023AD0346884F80C31DA
:10ACE800252384F80D21E37394F82D31F3B994F8F2
:10ACF8002C31012B1AD094F80C7194F8150194F8A2
:10AD08001011874294F81121B4F8123114D194F833
:10AD18000D7194F8140187420ED1022084F82E1187
:10AD280084F82F2184F82C01A4F83031304600F043
:10AD3800FDFC284605B0F0BD022000903046FFF724
:10AD4800C9FE0028F2D04FF46671AE20F5F74CFC2E
:10AD58003A462146304600F012FDB4E70125E8E7FF
:10AD68002025E6E737B50468A37B232B21D14B7850
:10AD780013F0070519D08B7813F0070215D00023BC
:10AD88008DF804508DF80520ADF80630019AD4F8F6
:10AD98002E11FFF730FF0123002084F84A302723C3
:10ADA800A4F84600A37303B030BD0023A4F8123200
:10ADB800F1E70120F7E738B503680546DA7BB3F811
:10ADC8001242252A14D184B9DC7393F82C31012B53
:10ADD80002D12146F7F7DEFB2B68002283F82C21ED
:10ADE8002846BDE8384000F0A9BC2822DA73F7E706
:10ADF8009A7B272A0ED154B99C732146F7F7CAFBD0
:10AE08002B6883F82C41002283F84A2038BD282279
:10AE18009A73F8E740F2CC51AE20F5F7E5FBF7F767
:10AE2800DFBB704730B542401C7808785D786040D9
:10AE38004C786C409D7820448C786C40DD782044B8
:10AE4800CC786C401D795B7920440C7949796C4049
:10AE58004B40204418441044B0FA80F0400930BDFB
:10AE6800024600200139C9B2FF2900D17047535C5E
:10AE780083F001030344D8B2F4E708B5F7F734FCCC
:10AE8800082807D0F7F752FC082803D0F7F762FC28
:10AE9800012008BD0020FCE708B5F7F725FC0828C5
:10AEA80003D0BDE80840F7F741BC08BD08B501F07C
:10AEB80050FD18B1BDE80840FBF742BA082008BDAC
:10AEC80070B503791F2B0FD8461E051D002416F8F0
:10AED800010F00F0DDFB0444AE42E4B2F7D1012CCF
:10AEE80094BF0020012070BD0020FCE7014400232E
:10AEF800884203D1B3FA83F04009704710F8012B58
:10AF08001343F5E7F8B505460C46D0E9047601F099
:10AF1800CEFE18B952212920F5F766FBE4B1D5E930
:10AF28000423D21B63EB0603012A73F100014FF0DF
:10AF3800000113DB6FF001009042994101DA5C21B6
:10AF4800E9E7631E1344B3FBF4F35C43E41946F1E9
:10AF58000006C5E904461C462046F8BD0C46FBE73A
:10AF6800F8B50C460546D0E9007601F02CFEF4B1A0
:10AF7800D5E90023D21B63EB0603012A73F1000114
:10AF88004FF0000115DB6FF001009042994103DAA0
:10AF980076212920F5F728FB631E1344B3FBF4F34D
:10AFA8005C43E41946F10006C5E900461C46204604
:10AFB800F8BD0C46FBE7022905D13C2808D98010CA
:10AFC8000F3880B27047702802D9C0100E38F8E7E1
:10AFD8000020704710B50C460021F5F737FE2060B9
:10AFE800B0FA80F04009400010BD0368587BC0B239
:10AFF80093F830302BB900F0FB00003818BF01205F
:10B0080070470020704710B50C46FFF7E3FF38B9CA
:10B018002046FFF7EAFF80F001004000C0B210BDF3
:10B028000220FCE738B54FF416720D46002104469D
:10B0380002F0F5F80123A4F8AA50A3756FF03603BF
:10B0480084F86330042384F864306FF03B0384F899
:10B0580065306F2384F86630032384F86730002353
:10B0680084F868306FF07F0384F869302B2384F804
:10B078006230FE2384F89E307F23E37238BD40F6A9
:10B08800B83307B5B0F8CE20D0F8C4100190838744
:10B0980001A8F7F729FE03B05DF804FBC2B292FAE3
:10B0A800A2F2030A93FAA3F31B0E100E40EA032040
:10B0B8007047013105300022C9B270B510F8013F60
:10B0C8008B4216D310F8054C0023012505FA03F628
:10B0D80026421CBF01F1FF31C9B269B10133082B07
:10B0E800F4D10132D2B2052AE8D19B214620F5F7E6
:10B0F8007BFAC91AC9B2F4E703EBC200C0B270BD4B
:10B108000B6870B5C0F8013004460B790546461D3A
:10B1180003F01F0343710023C37215F8010F00F0F9
:10B12800B7FA6871B542E37A1844E072F5D170BD98
:10B1380081EA114170B58CB20546C17A032682EACC
:10B148000400FFF7ABFF013E00EB001016F0FF060E
:10B1580004EB000290B2F4D144402522B4FBF2F390
:10B1680002FB1343C3F3C402D8B203F007032A4413
:10B178005678012202FA03F31E4207D1614328469A
:10B18800C1F30741BDE87040FFF793BF70BDF8B544
:10B1980090F8215004466B1E242B03D9E121462048
:10B1A800F5F722FADAB1807D002843D194F82330EC
:10B1B80094F8221002FB01322523B2FBF3F103FBC2
:10B1C8001123DBB204EBD30203F0070684F8233023
:10B1D800D17D0122B240114202D084F82430F8BD5A
:10B1E800B3FBF5F205FB123304F11B01013303F045
:10B1F800FF0311F8012F9A4219D311F8055C0022B8
:10B20800012606FA02F72F4208D0013B13F0FF038C
:10B2180004D102EBC00284F82420E0E70132082AB6
:10B22800EFD10130C0B20528E3D1D721B7E79B1A87
:10B23800DBB2F6E7E28804F11600096AFFF778FF47
:10B2480084F82400CBE7D0F803300B60B0F807305F
:10B258008B8070470378890123F0400301F0400197
:10B268000B4303707047037803F07F0343EAC1136D
:10B27800037070470078C00970470278437802F07D
:10B288000F02062A0FD8DFE802F00804080E0E0E97
:10B2980008000C3B584258417047981F1F288CBF24
:10B2A80000200120704700207047037803F00F0347
:10B2B800042B06D1407806381F288CBF00200120B7
:10B2C8007047002070472DE9F3470E4601A9144640
:10B2D8009946FFF77FFE054618B9019F2CB901234F
:10B2E8007B75012002B0BDE8F087D7F8BC80214605
:10B2F8004046FEF7DDFC824608B90020F2E7F6F783
:10B3080029FB8442F9D851464046FEF70DFE7B7D65
:10B318004946A0F80150002B224618BF022600F823
:10B32800036BFEF79DFA21464046FEF7FCFC18B970
:10B3380083212B20F5F758F97D75D2E7437802462B
:10B34800C3F30111012910B50ED0022915D00478D4
:10B35800022103F00F00131D528844EA0020FFF772
:10B36800B2FF38B1012010BD047803F00F00131D9F
:10B378005288F2E7F7F7C4FEF4E70020F3E71A2350
:10B388000B7001234B708B707047F7F791BD10B5A8
:10B3980021B940F2A9211020F5F726F94A600B726D
:10B3A800EFF3108472B6031D0B6042681AB1127A6B
:10B3B800012A08BF036003681960016004B962B616
:10B3C800BDE81040F7F7BEBD0222F7F787BE03229B
:10B3D800F7F784BE0422F7F781BE0222F7F7C2BE50
:10B3E8008A230B7030F8953CA1F8033030F8573CAD
:10B3F800A1F8053030F8533CA1F8073030F8553C37
:10B40800A1F8093030F8513CA1F80B3070470129F8
:10B4180008B503D10E30C00080B208BD022902D1A0
:10B428000F308000F8E74FF40C710620F5F7DCF8D0
:10B4380030B587B004460D46F6F792FA80B334F873
:10B448009E4C69462046FFF7F2F818B1FB212C20E4
:10B45800F5F7CAF8BDF8063003A8ADF80C40ADF80A
:10B468000E30BDF80830ADF81030BDF80230ADF838
:10B478001230BDF80430ADF81430FFF7B6F810B14B
:10B488004FF48271E3E7ADF80C009DF80C30002012
:10B4980063F307009DF80D3063F30F2007B030BD4C
:10B4A8002B468D2203F8032BD4F80920C5F8032076
:10B4B800D4F80D205A60B4F811201A810423ADF88D
:10B4C8000C30E2E740687047C08A70478A880B8969
:10B4D80010B5CC884988A0F85840A0F85410A0F8B6
:10B4E8005620A0F85A3010BD8383BDF80030018380
:10B4F8004283C38370470346B3F84C10B3F858200F
:10B50800914270B528BF1146B3F85A40B3F850209D
:10B51800B3F84850A242B0F84260B0F8460028BFDD
:10B528002246B3F84A40A3F842109442A3F84620B2
:10B5380038BF14468D4238BF0D468E42A3F84A40A4
:10B54800A3F8485021D1801A18BF0120B3F84E1033
:10B55800B3F85420B3F856609142B3F84050B3F8AA
:10B56800444028BF1146B3F85220B242A3F8401015
:10B5780028BF32468D42A3F8442008D1944218BF10
:10B5880040F0010000F0010070BD0120DEE701205D
:10B59800F8E738B5C58B0446438C007A9D4228BF2E
:10B5A8001D46FFF734FF6389AB4228BF2B469842FC
:10B5B80038BF184680B238BD2DE9F0419846074695
:10B5C8000E46808919461446FFF721FF0546414675
:10B5D8003846FFF7DEFF85429DF8181028BF05465C
:10B5E800B88AFFF714FFFB8AADB2834228BF03462F
:10B5F800A01D9BB230442B441844BDE8F08107B528
:10B6080090F86D30002296213430009390F838304D
:10B61800FFF7D2FF03B05DF804FB38B514460D46BA
:10B6280019469634FFF7EBFF2044A84294BF281A26
:10B63800002038BD38B50D4611460446FFF7DFFF38
:10B648002844A06338BD01F19C0383423DBF9C3868
:10B65800401A40080020704700F05533400800F0B9
:10B668005530034403F033329B0803F033331A4454
:10B6780002F00F33120902F00F32134403F0FF10E7
:10B688001B0A03F0FF13184400EB1040C0B27047C8
:10B6980000F05503400800F05500034403F0330060
:10B6A8009B0803F03303034403F00F0000EB13106F
:10B6B800704780EA6000FFF7CFBF32280CD006D869
:10B6C800162818BF012894BF012000207047A0F158
:10B6D8003E035842584170470120704708B502465A
:10B6E800FFF7EBFF40B10846FFF7E7FF20B18A42BA
:10B6F8000CBF23202A2008BD8A420DD1A2F13000B8
:10B70800C0B20B2808D840F62103C34013F0010F3C
:10B718000CBF00202320EEE70020ECE7036800229E
:10B728009A7383F84A20A3F84620704703680022DA
:10B73800A3F84E20012283F85020704703680022A6
:10B7480083F85020704708B5036883F89B1083F886
:10B758009A203422DA73FFF7E9FF002008BDA0F130
:10B768000903042B09D9A0F14603012B05D9233875
:10B7780007288CBF0020012070470120704703680C
:10B7880010B5DC7B44B90A7883F898200322DA7371
:10B79800FFF7CCFF204610BD0124FBE7B0F8CC0032
:10B7A800063080B2704730F8023CF7B505460E46C1
:10B7B800B0F8827073B101226846ADF801708DF857
:10B7C8000020ADF80330F6F719F918B19521632078
:10B7D800F4F70AFF83230024A6F803703370B470CB
:10B7E8006B7AD5F898007371FEF709FB08B9BA218E
:10B7F800EDE721463846F5F73FFA4FF40173204646
:10B8080003F004021B0A62F3070063F30F2003B07E
:10B81800F0BD036800201A7C063A012A81BF4A78E5
:10B828005A7406221A7470470268137C063B012B6F
:10B8380084BF07231374704708B503689A7B1AB14D
:10B848003B215520F4F7D0FE0A229A7308BD2DE952
:10B85800F74F0646894690460193FFF79FFFD6F8B3
:10B86800CC71044657B90023C8F80030F388234444
:10B878009CB2019B1C8003B0BDE8F08FF8F758F824
:10B888000028F0D1D6F8C4C0D6E96C320CFB04FE0F
:10B898001EEB030ED7E9021342F100020B44D7E96D
:10B8A80000155B1845F10005734575EB020114D2CC
:10B8B800BEEB03016FF0010B62EB050A8B4570EBE1
:10B8C8000A0A03D23D215620F4F78EFE3869471E36
:10B8D8003944B1FBF0F1E0FB0135B3EB0E0365EB46
:10B8E80002056FF001029A424FF00002AA4101D20C
:10B8F8004821E8E7B3FBF9F209FB1233B3FBFCF28A
:10B9080091B20CFB1133C8F80030F3881C4414447E
:10B91800A4B2AEE70B46822203F8032BD0F8092025
:10B92800C1F80320D0F80D205A60427C1A72002317
:10B93800CB70704708B503689A7B1AB1A2215620CC
:10B94800F4F752FE0C229A7308BD38B50D68044608
:10B9580040F2E240D5F81C12B5F81622B1FBF0F31C
:10B96800B2FBF0F22371C3F3072362706371B5F879
:10B978002032A3711B0AE371B5F8223223721B0A25
:10B98800637295F89F3033B905F5057305F50672AE
:10B998002846FFF75CFFB5F8143240F2E2420C206B
:10B9A800A3721B0AE372D5F81832B3FBF2F3A37043
:10B9B800C3F30723E37038BD0B46842203F8022B38
:10B9C800D0F80920C1F80220D0F80D205A6070473D
:10B9D8000B46852203F8022BD0F80920C1F8022073
:10B9E800B0F80D209A80704710B504460068837B34
:10B9F800192B12D100F1800200F50B71052300F517
:10BA08000F7001F0A3FB2368012200200021DA74E3
:10BA18001C22C3E91C019A7310BD0220FCE70368CD
:10BA28009A7B132A10D1D1F80120C3F83422D1F817
:10BA38000520C3F8382203680020D1F80920C3F88C
:10BA4800942019229A7370470220704703689A7BE2
:10BA58000F2A05BF002012220220D87408BF9A734B
:10BA6800704708B503689A7B122A04D040F2771110
:10BA78001F20F4F7B9FD012283F8522011229A738E
:10BA880008BD08B503689A7B1C2A04D040F2FE2141
:10BA98001F20F4F7A9FD1E229A7308BD08B5036894
:10BAA8009A7B22B14FF441711F20F4F79DFD0122CA
:10BAB80083F851200F229A7308BD08B503689A7B52
:10BAC8003AB193F8522022B940F20B311F20F4F713
:10BAD8008BFD012283F8512013229A73002283F8E8
:10BAE8009E2108BD3E230B700C234B7004238B70E2
:10BAF800D0F80930C1F80330D0F80D30C1F807305C
:10BB0800B0F81130A1F80B30C37C4B73704708B5FF
:10BB180003689A7B1AB1CF211C20F4F765FD042233
:10BB28009A7308BD03680022DA73A3F84E20FFF762
:10BB380005BE87230B7030F88C3C4B807047036838
:10BB480000209A7B052A01BF002283F83E2083F853
:10BB58004A209A73704738B50568EC7B2CB9FFF713
:10BB6800E5FD0223EB73204638BD0124FBE7FFF710
:10BB7800E5BD08B503689A7B1AB172214B20F4F72A
:10BB880033FD05229A7308BD10B5D0E90D42A242D3
:10BB980006D38B8C121B498E05334B43934202D339
:10BBA800012380F83E3010BD0C230B7008234B7026
:10BBB80000238B70B0F85630A1F80330437A4B71EC
:10BBC8004389CB8083890B81704710B5046894F84A
:10BBD80053309B070CD4A37B1BB177214020F4F78B
:10BBE80003FD0122A4F84630A27384F84A2010BD50
:10BBF800E37B0BB9FFF7A2FD002384F83231F6E7A7
:10BC080010B50B7901284C790A6843EA04211046DB
:10BC180008BF41F4803110BD07B5FFF7F1FF0DF102
:10BC28000702F7F719FE03B05DF804FB30B585B0DD
:10BC38001546089BC01A099B61EB0304002C21469A
:10BC480002DA404264EB440103AB2A46009302AB9C
:10BC580001F0C9FA002C039801DA00B1281A05B0DE
:10BC680030BD002307B501A80193FBF7A9FB019894
:10BC780010F0030018BF012003B05DF804FB08B5FD
:10BC8800FFF7EFFF002814BF1420002008BD08B5F7
:10BC980003689A7B1AB12621A320F4F7A5FC202279
:10BCA8009A7308BDF7B5056806460C46AB7B203B82
:10BCB800022B2BD8B1F805101A2921D9B4F807306E
:10BCC800B3F5A47F1CD3B4F801201A2A18D9B4F804
:10BCD8000300B0F5A47F13D305F1A804009005F183
:10BCE800DC00FFF701FC20463768FFF704FC18B1B9
:10BCF80007F23F10F7F758FA04213068F9F728FCE3
:10BD0800002085F84A00A87303B0F0BD0120FBE7C6
:10BD1800F7B504460068C57B002D40D1B1F8056031
:10BD28001A2E04D9B1F80730B3F5A47F05D22046FE
:10BD380003B0BDE8F040FFF722BDB1F801701A2F3B
:10BD4800F5D9B1F803C0BCF5A47FF0D33A46314623
:10BD5800DC30CDF800C0FFF7C7FB23689A7B202AA8
:10BD680008D123682222DA732046FFF7DFFC284631
:10BD780003B0F0BD93F82331002BF2D1236893F878
:10BD88002231002BEDD12368212203F1DC01DA7383
:10BD9800B3F8AA0003F5A472F7F70CFAE4E7012553
:10BDA800E5E70368002210B50446DA73A3F84E20CD
:10BDB800FFF7C4FC20680421BDE81040F9F7C8BBB0
:10BDC8000B46812203F8032BB0F80920A1F80320C1
:10BDD800C27A9A70704740F2BD21322008B5F4F754
:10BDE80003FC13B503460C4690F8BE2002F0FF0092
:10BDF80032B1A3F1360000F0A7FA8C230420237097
:10BE080002B010BD70B50E46044620B940F20631A6
:10BE18003220F4F7E9FB437A002B3BD1036DD0F8CD
:10BE28000E20C3F8AD20428AA3F8B120437B026DEF
:10BE380003F0FD03003B18BF012382F8AC3094F8EF
:10BE4800545094F889302BB194F88A301D4300235C
:10BE580084F88930204600F077FAAB0708D025F03F
:10BE6800040500222046114684F85450F9F742F997
:10BE78008822334603F8032B04F10902293452F8C7
:10BE8800041BA24243F8041BF9D112781A7000234C
:10BE9800B37170BD00214089F4F7D8FE10B940F2A3
:10BEA8001231B5E70021B0F8AA00F4F7E5FE002842
:10BEB800C5D040F21531ABE738B504460D4600F061
:10BEC80082FA94F87030012B03D094F87030002B6C
:10BED800F7D13F220021204601F0A1F907220023D3
:10BEE80084F8585084F8492040F2011284F85430FC
:10BEF80084F88830A4F84A20236684F8893038BD4D
:10BF080008B5F7F77BFEFAF767FDBDE80840F7F7D5
:10BF1800B9BF08B5F7F772FEF7F772FFFAF75CFDDD
:10BF2800BDE80840F7F7AEBFF7F778BF08B5F7F7F1
:10BF380065FEFAF751FD032008BD08B5F7F75EFE68
:10BF4800F7F75EFFFAF748FD032008BD90F83E00BA
:10BF5800003818BF01207047007A003818BF012048
:10BF6800704710B5012104460020F4F76FFE10B1A8
:10BF78002146FFF7A1FF01210846F4F767FE10B13B
:10BF88002146FFF799FFBDE81040F8F799BEF7F78B
:10BF980045BF80F84910704710B504460846194651
:10BFA80094F84030023B012B0AD994F8400000F085
:10BFB800FD000038BDE8104018BF0120F6F788BB27
:10BFC8000028F2D102F0FD02101E18BF0120FEF772
:10BFD80063FF0828E9D0012010BD90F8400000F068
:10BFE800FD00003818BF0120F6F772BB38B50446CB
:10BFF8000D4690F8893003F0FF00F3B994F85430F7
:10C00800013B012B18D8042916D1D4F8F03023B1FC
:10C0180040F6F8113220F4F7E7FA216D11B940F62D
:10C02800F911F7E704F1C80000F042FA84F88A50E1
:10C03800FF2384F88930012038BD0020FCE780F810
:10C048004010704701F0FD0380F85510B3FA83F3F0
:10C058005B0980F84A30704710B50446084619460F
:10C0680000280CBF0123002384F8560084F84B30C5
:10C078004FF0080384F84C3008D102F0FD02101E7E
:10C0880018BF0120FEF708FF84F84C0010BD08B562
:10C0980022B940F63F213220F4F7A6FA80F8591069
:10C0A8001368C0F85A30938890F84120A0F85E30A1
:10C0B800036D83F8B320D0F84220C3F8B420B0F859
:10C0C8004620A3F8B82008BD10B5D0F8B040944277
:10C0D8000BD190F840208A4207D1D0F8B4001B68F1
:10C0E8001630C31A5842584110BD0020FCE70129F8
:10C0F80010B5044601D1F7F783FE04F16C00F8F798
:10C1080013FE002384F8703010BD10B501210446D9
:10C118000020F4F79BFD20B940F6CB213220F4F73C
:10C1280063FA637880F85430A37880F84030E17877
:10C13800FFF788FF237980F8493010BD2330704716
:10C148001FB5002403949DF9204002949DF81C40DB
:10C1580001949DF818400094F8F75AFC04B010BDFB
:10C168001FB503939DF91830CDE90123FF2304225D
:10C1780000930023F8F74CFC05B05DF804FB70B59C
:10C18800037816460C460546C3F380134B74FFF735
:10C1980071F8062EA07407D8012303FA06F212F0EC
:10C1A800550F06D19E4212D000236370C4E90133B3
:10C1B80013E06370EB1C63600023A3606B78063B9D
:10C1C80013F0FF030AD009352374E56070BD03231B
:10C1D8006370EB1809356360A56000231D46F3E71B
:10C1E800027802F00F02FFF7CABF08B5D0F8C830CE
:10C1F800D21A04D540F28A312120F4F7F5F9D0F8A3
:10C20800B000B2FBF0F008BD10B504460120FAF703
:10C218000BFE00F522434FF47A72B133B3FBF2F30D
:10C2280003F50170D4F8F03003B1400010BDD0F828
:10C23800B430D0F8B00016331B1A58425841704732
:10C24800D0F8F01070B506461D46FFF7F0FF11B1A3
:10C258000130C0B270BDD6F8B0100724A1FB041499
:10C2680050B1D6E92630C91844EB00048A4275EB70
:10C2780004040AD20320EDE7D6E92A30C91844EBB2
:10C2880000048A4275EB040401D20220E2E701208F
:10C29800E0E72DE9F041044600F0E7FB0746884651
:10C2A8002046D4E92623FFF7CBFF064600F02FFCF3
:10C2B8001828034603D800263046BDE8F081421C02
:10C2C800D4E92E1513D04218AA42D4E9242028BF55
:10C2D8006B1AD21B60EB0800012A70F100054FF0C1
:10C2E80000052FDB9342854100DB13465D186D1A6C
:10C2F80041F288339D4228BF1D4600F0B6FBC7F1C6
:10C30800320303449D42D6D33146284600F029FC27
:10C3180006460028CFD000F0ACFBD4F8C020D4F8F3
:10C32800B830A818D4F8BC202B44C4F8C0009342F5
:10C33800C4F8B83003D1D4E93223C4E92A2300F081
:10C3480096FBB9E72B46D1E738B5044690F8F430A8
:10C3580003F0FF0043B3FF2384F8F53004F1F80538
:10C36800284600F0A5FB284600F0AEFB0021204639
:10C37800FFF7BDFE94F8F63004F1C805ABB1D4F868
:10C38800E830E3B12846F7F769FB002384F8F53075
:10C3980094F8F60010F0FF0018BF0C2084F8F6306F
:10C3A800C4F8F03084F8F43038BDD4F8F00030B177
:10C3B800D4F8E8301BB900F5D870F7F7DFFA28464B
:10C3C800F7F7DCFAE1E790F8F4300BB1FFF7BCBF00
:10C3D8007047FFF7F8BF90F86400003818BF0120D5
:10C3E800704708B50B7813F0060F04D040F29F2170
:10C3F8002120F4F7F9F890F8F42002F0FF0312B1C5
:10C4080040F2A521F4E70A7812F0010218BF8B6800
:10C418004968C0F8B010C0F8D81040F27121A0F8EF
:10C42800DC1012B1163BC0F8B43008BDD0F8F030BB
:10C438000BB1FFF789BF0C20704770B506460C4654
:10C4480090F8F53083BB00F010FB0546062C20D889
:10C45800DFE804F0241F1F27041F2C0040F20122EC
:10C46800D6F89810D6F8B8306D1A8C3B1544AB4204
:10C478008CBF012400240AD83046FFF70AFF30B1E8
:10C48800D6F8B8408C3CA5422CBF00240124204695
:10C4980070BD4FF44B712120F4F7A6F84FF40472E5
:10C4A800DEE74FF45772DBE70024F0E70124EEE7FC
:10C4B800F8B50D46064601F5D8770021D5F8B8013C
:10C4C800F7F7B2FAB042044606D18268D5F8B83117
:10C4D8009A4213D2816989B121463846F7F76CFA36
:10C4E800002333622CB194E80E005B1842F100027D
:10C4F80001E000231A46C5E96C32F8BD9A422CBF08
:10C50800B260B360F2693762002AF2D00ECAECE773
:10C5180070B5044688B0052961D8DFE801F0033515
:10C528003C37605390F8F5304BB10121FFF7DFFD40
:10C53800FAF7A6FA08B0BDE87040FCF78FBB00F028
:10C548003EFB0B46024606460D46C4E92601204638
:10C55800FFF74BFEB0FA80F032462B4640090294B2
:10C568008DF810002046FFF740FE003818BF012064
:10C578008DF8110002A8F8F7AFF9D4F8B80082389E
:10C58800C4F8C00000F073FA08B070BD08B0BDE888
:10C598007040FAF7BDBB0022012302A90092F8F708
:10C5A800D1FB58B102A904F1F800FCF76BFB002895
:10C5B800EAD140F273712120F4F716F82046F8F713
:10C5C800D3F9E1E790F8F53023B108B0BDE8704041
:10C5D800FFF7DDBCFFF75DFE0028D5D1F5E74FF486
:10C5E800E571E8E710B5044688B090F8F43003F038
:10C5F800FF0223B140F267212120F3F7F5FFFF2363
:10C6080080F8F43080F8F520FFF711FE78B9D4F8F7
:10C61800B4301633C4F8D03001220091002302A9A7
:10C628002046F8F78FFB28B94FF41F71E4E741F271
:10C638008833EFE702A904F1F800FCF723FB10B9EF
:10C6480040F27D21D8E708B010BD10B5044688B087
:10C6580090F8F52002F0FF039AB91A4602A9009350
:10C66800F8F770FB50B102A904F1F800FCF70AFBD7
:10C6780038B940F25A712120F3F7B6FF2046F8F78F
:10C6880073F9FAF7FDF908B0BDE81040FCF7E6BA0F
:10C6980010B5044690F86D1090F86C00F8F7E6FDB8
:10C6A800002201462046BDE81040FEF7C3BFF8F758
:10C6B80095BEC0F8B811704710B50446FFF7DFFA09
:10C6C80000F58A71E269636B9A4228BF1A461046E0
:10C6D800FEF7B9FF40F64803984228BF184680B2D3
:10C6E80010BD08B520B940F277113520F3F77CFF6B
:10C6F800437B03F0FF0113B14FF4BC71F5E720222F
:10C7080000F5EC70BDE8084000F089BD10B504469E
:10C7180086B020B94FF4BF713520F3F765FF427B2F
:10C7280002F0FF0312B140F27F11F5E70146012242
:10C738006846F8F7B1FD694604F5EC70FBF730FC84
:10C7480010B940F28311E7E706B010BD036893F80B
:10C75800A02022B100229A7383F84A207047DA7326
:10C76800FEF7ECBF03689A7B032A04D1002283F802
:10C778004A209A737047FEF7E1BF037D63B9837B54
:10C78800A3F10F02032A07D990F8520028B11F2BF2
:10C798008CBF00200120704701207047A1F11103D0
:10C7A800012B0AD910B9182902D87047112906D9BE
:10C7B8001E298CBF002001207047012070470020EF
:10C7C800704738B5142813680D4614469B7B0CD067
:10C7D80016281AD0122835D1052B14D1002220464C
:10C7E8001146BDE83840FFF7AAB9203B022B0AD80A
:10C7F8001046FEF793FF35B1226892F8623023F0B5
:10C80800200382F86230002038BD232BFBD110466C
:10C81800FEF784FF6DB1226892F8633023F00103BC
:10C8280082F86330226892F8633023F0080382F8B4
:10C8380063301A212046F5F7ADFE2368002283F8FD
:10C848002C21E0E740F2AE413620F3F7CDFE036835
:10C85800024649789B7BA3F10F0010280BD92C2B9B
:10C868000BD0202B0BD0052B0BD0232B0CBF162065
:10C87800FE20F8F7D1BF0320FBE72320F9E71420B7
:10C88800F7E71220F5E7024600680B4690F86210B9
:10C8980041F0040180F8621099785878F8F7BCBF25
:10C8A80070B50C460546D1E92F01F4F77FFA637B92
:10C8B8003BB104F5EC76304600F0FAF8304600F06B
:10C8C80003F904F5D8742046F7F74AF810B1204662
:10C8D800F7F754F828460221BDE87040F4F7CCB9C0
:10C8E80000207047F6F7CCBCF6F72ABDF6F740BD36
:10C8F80010B5827C0146B0F84030B2B9C3F10204E9
:10C9080091F83E3013B18B7B052B13D10846FFF706
:10C9180034FF88B18B6B486B043B181AA042A8BF40
:10C92800204620EAE07080B210BDB0F84240E41A18
:10C93800043CE5E70020F1E72046EFE708B5F9F702
:10C948000BFFF9F721FDF9F74FFCBDE80840FAF7AE
:10C958005FBB10B5C824F9F7DBFC022808D1013CFD
:10C9680014F0FF04F7D10620F6F7D8FB204610BDD7
:10C97800431E58425841FAE738B504461546F9F7B8
:10C988008FFD01462A462046BDE83840FAF710B820
:10C9980019B943780BB1C3788370704710B5044652
:10C9A8000846FAF741FA4FF47A73B0FBF3F0201A0D
:10C9B80010BD10B504460846FAF736FA4FF47A72F5
:10C9C80000F2E733023CB3FBF2F3E01A10BD00F0CB
:10C9D80038B8801A00F3070038B50D46144659B226
:10C9E80040B2FAF7A3FD0023287020446B7040B2D0
:10C9F80038BD0023036070477047002070474FF030
:10CA0800FF3070474FF0FF30704770474FF0FF30EE
:10CA1800704700207047002070470023037070475C
:10CA28009DF800300022FFF7D4BF4FF0FF30704769
:10CA3800002070474FF0FF3070474FF0FF307047CD
:10CA4800704770470020FAF7C7BD0020FAF7B4BE58
:10CA58000020FAF7C5BE0020FAF7BEBD7047FAF706
:10CA68000BBFFAF71DBFFAF70DBFFCF709BBFCF7C0
:10CA78000FB8FCF725B8FCF72DBBFCF721BBFCF77A
:10CA880011BB10B5837F8BB9034601F1180251F829
:10CA9800044B914243F8044BF9D101248477214691
:10CAA800FBF728FAFBF7E6FF204610BD0020FCE75D
:10CAB80010B504460221FBF71DFAFBF7DBFFA07F48
:10CAC800B0FA80F0400910BD38B50446A37F03B919
:10CAD80038BDA37F032B02D0A37F042B0ED1EFF325
:10CAE800108572B62046FBF723FC05B962B6A37F12
:10CAF800002BEDD0FF210320FCF7B6FCA37F012B10
:10CB080002D14FF48271F6E700F02AFBDEE7F8B5B0
:10CB18000746FCF71DF8044620B940F22911032006
:10CB2800FCF7A2FCFCF71AF8A4680025241838467C
:10CB380041F1000622463346FBF782FCA04271EB26
:10CB4800060309D3001B6FF0010361EB0601834262
:10CB580075EB010102D3F8BD2846FCE74FF0FF3022
:10CB6800F9E72DE9F04104460F46FBF7F1FF0646C9
:10CB780020B94FF4A3710320FCF776FC85680023E5
:10CB880062195B4113B10020BDE8F081FBF7E6FFB5
:10CB98002A18384641F1000314EB020843F1000556
:10CBA800FBF74EFC4045A941EDD3FCF769FA00F0CC
:10CBB8005FF8B368012037752344B360E4E7FBF7F7
:10CBC800CDBF80687047F8B50369044623B14FF4B8
:10CBD800D1710320FCF748FCFCF752FA05460E46D3
:10CBE800FBF7DEF870B36435D4E9003246F1000192
:10CBF800AB4272EB010001D22B460A46C4E900326F
:10CC0800EFF3108572B6FBF7A3FF064698B1FBF762
:10CC1800A5FFB3680B332CBF012200221B18D4E9EF
:10CC2800006042EB0101B34271EB00023CBF3346A6
:10CC38000146C4E9003105B962B62046BDE8F840AE
:10CC4800FBF774BCFBF7CCF80746FBF795FFB84237
:10CC580038BF3846963546F100024319D4E9000139
:10CC680042F10002834272EB0105C7D20346C4E7D2
:10CC7800FBF75ABA032910B5044606D801290ED87D
:10CC880040F25D11B020FCF7EFFB0429F8D1FBF767
:10CC980047F920B12046FBF7C7FC022010BD002051
:10CCA800FCE7C0E908122022002100F0B8BA10B54C
:10CCB800037886B0044623B14FF4AB714520FCF7E6
:10CCC800D3FB0593CDE90333D0E90423CDE9002351
:10CCD80043680293037A68468DF81430FFF773FFB0
:10CCE8000120DDE90023C4E9042306B010BDFCF7E8
:10CCF80061B808B500230B8581F82A300B6A092131
:10CD0800984728B103781BB1E9216A20FCF7ACFBEE
:10CD180008BD436A19444162A1F19600FFF7A7BE16
:10CD2800F8B5044620B940F2AD116A20FCF79CFB27
:10CD380090F85850052900F2C780DFE801F0038019
:10CD480043656F7990F82A30033B012B02D94FF4E1
:10CD5800DC71EAE7052380F82A30002380F859308F
:10CD68000378EBB12378012B24D1FBF7EBFF636841
:10CD780094F828606362C4E90601F6B9FFF77DFEFE
:10CD880031462046FFF7C5FF236A314628469847B3
:10CD980001462046FCF752FA022840F09880F8BD78
:10CDA800FFF763FE07460E46FBF7CCFF87428E412E
:10CDB800F6D3D7E7D4E90401D9E72046BDE8F8401F
:10CDC800FCF708BA90F82A30DA1E012A02D940F294
:10CDD800ED11AAE790F828202AB121462846BDE897
:10CDE800F840FFF786BF042B036A18BF012180F8BB
:10CDF8002A100521284698470028D0D00378002B10
:10CE0800CDD04FF4007190E790F82A30052B02D06E
:10CE180040F2062189E7036A0221B7E790F82A3031
:10CE2800052B02D04FF403717FE7036A0121ADE7B8
:10CE380090F82A30052BC0D040F2122175E790F8FF
:10CE48002A30052B07D090F829200AB1032B02D0ED
:10CE580040F2172169E794F82820002ABDD194F8F8
:10CE6800593083B102230821284684F8592084F8D0
:10CE78002A30236A9847002891D00378002B8ED057
:10CE880040F2232151E794F8292062B1214604F1A8
:10CE9800300084F82930FBF7F5FE00287FF47FAFD7
:10CEA8004FF40A7141E702230721284684F82A3003
:10CEB800236A984700283FF472AF0378002B3FF4A9
:10CEC8006EAF40F22F2130E74FF40D712DE70128A6
:10CED800236A0CBF0421032158E770B50024FCF72E
:10CEE80067FA05462646E0B2854200D870BDFCF7D1
:10CEF80065FA0134068580F82A60F4E7F8B5044637
:10CF08000D460027FCF754FA0646F8B2864204D8C4
:10CF1800082D0CD96FF0150008E0FCF74FFA90F8CF
:10CF28002A300137002BF0D04FF0FF30F8BD2CB17C
:10CF380029462046BDE8F840FCF74CBA2146204671
:10CF4800F8E710B50446FCF739FA014688B190F8BD
:10CF580028308BB990F82A3073B1013B012B04D8E3
:10CF68002046FFF7C6FE002010BD012380F82830B8
:10CF7800F9E76FF00100F7E76FF02200F4E770B50A
:10CF88000D46FCF71BFA044600284CD090F82A609E
:10CF9800731E012B4DD8002D48D02846FCF7EEF81B
:10CFA800002843D02B780BBB012323702B796A7997
:10CFB800003B18BF0123002A14BF0422022243F0B9
:10CFC80004032272AA68A5326260EA6863720323C6
:10CFD8002261214604F1300084F82A30FBF752FE22
:10CFE80050BB40F2C1216A20FCF73EFA022E20D144
:10CFF800002323702B796A79003B18BF0123002A8C
:10D0080018BF042643F004032672EA686372A53247
:10D01800A9686260D4E906325B1842EBE172C4E9A0
:10D0280004320423D5E76FF0010070BD6FF01500DE
:10D03800FBE76FF02200F8E70020F6E7F8B5037980
:10D0480004461BB11B219D20FCF70EFA467901719D
:10D0580026B901234371217909B96171F8BD27689F
:10D0680020462671B84702280546F4D103212046F8
:10D07800B84708B12F21E6E7236829462046984794
:10D088000028E8D03021DEE70346006800B9704781
:10D098008842F9D102681A60704701F1100301381B
:10D0A80013F8012D8B4200F8012FF9D170472DE9B3
:10D0B800F04713F0010F8EB004460D4617469A4606
:10D0C800DDE9168924D006A8FFF7E7FFA30735D0C6
:10D0D80002AA04F110052068083454F8041C134609
:10D0E800AC4203C31A46F6D106AD02AC1AF0020FE1
:10D0F8004346CDF8009023D0294620460AAAFCF7DB
:10D108005DFA0AA93846FFF7C8FF0EB0BDE8F087F8
:10D1180013F0040F0DD106AB0E4601F1100C1D469D
:10D128003068083656F8041C1A46664503C213468A
:10D13800F6D1214602A8FFF7B0FFD6E706ADD5E73E
:10D148003A4629462046FCF739FADEE713B50024AB
:10D15800CDE90044FFF7ABFF02B010BDFCF732BBCE
:10D1680020BF704720BF70479142F8B503D37321A1
:10D178009620FCF779F9B2FA82F33BB1C3F12004A7
:10D1880099409A4020FA04F4984021434FEA124CFF
:10D1980093B2040C87B2B1FBFCF50CFB151E05FB22
:10D1A80003F64FEA0E4E0EEB1040864205D9361AAA
:10D1B800964294BF01260226AD1B04EB01412804C8
:10D1C80005FB1211B1FBFCF40CFB1411634307EBD4
:10D1D8000147BB4205D9DB1B934294BF01230223BD
:10D1E800E41A2043F8BD70B5044615461E46FFF7FD
:10D1F800BBFF049B00FB154430601C6070BD62B12E
:10D20800013910B5841810F8012B11F8013FA0421C
:10D2180001D09A42F7D0D01A10BD10467047F0B529
:10D22800C9B20446A30726460ED14FF0013522F0B5
:10D2380003034D43E718BC420CD1334402F0030208
:10D248001A44934209D1F0BD002AFCD0013A04F8EF
:10D25800011BE7E744F8045BEDE703F8011BF0E77F
:10D26800FFF7DDBF00280CBF6FF0150000207047E6
:10D278000020704707230370002070470020704784
:10D288000020704710F8012B11F8013B012A28BF34
:10D298009A42F7D0D01A7047034611F8012B03F8C9
:10D2A800012B002AF9D17047034613F8012B002AF5
:10D2B800FBD1181A013870472DE9F0478C468E4685
:10D2C800089E154604461946002B40F0D08072454A
:10D2D80047D9B2FA82F74FB1C7F120030EFA07FC1B
:10D2E800BD40BC4020FA03F343EA0C0C4FEA154E4C
:10D2F800A8B2230CBCFBFEF80EFB18CC08FB00F907
:10D3080043EA0C43994528D9EB1808F1FF3204D2B7
:10D31800994502D9A8F102022B44A3EB0903A4B250
:10D32800B3FBFEFC0EFB1C330CFB00F044EA034489
:10D33800A04214D92C190CF1FF3304D2A04202D90F
:10D34800ACF102032C44241A43EA02401EB1FC400B
:10D35800002334607360BDE8F0874246DDE763462A
:10D36800F1E7002A79D0B2FA82F3002B3FD01946B0
:10D37800C1F1200302FA01F500FA01F42EFA03F2D2
:10D388000EFA01FE20FA03F3AFB243EA0E034FEAA6
:10D39800154EB2FBFEFC0EFB1C201A0C0CFB07F80A
:10D3A80042EA004290455AD9AA180CF1FF3004D23B
:10D3B800904502D9ACF102002A44A2EB08029BB2C4
:10D3C800B2FBFEFC0EFB1C220CFB07F743EA0243F0
:10D3D8009F4246D9EB180CF1FF3204D29F4202D982
:10D3E800ACF102022B44DB1B42EA004202E0AEEB46
:10D3F800020301224FEA154EAFB2200CB3FBFEFC2C
:10D408000EFB1C330CFB07F840EA034398452AD966
:10D41800EB180CF1FF3004D2984502D9ACF10200A8
:10D428002B44A3EB0803A4B2B3FBFEFC0EFB1C3396
:10D438000CFB07F744EA0344A74216D92C190CF150
:10D44800FF3304D2A74202D9ACF102032C44E41BF7
:10D4580043EA00400F46114678E71F2188E76046F7
:10D46800ABE76246BFE76046DBE76346EFE7734535
:10D4780006D916B9002108466DE7C6E9000EF9E796
:10D48800B3FA83F787B9734501D3824207D8841A60
:10D498006EEB030301209C461EB900215BE738466A
:10D4A800FAE7C6E9004CF8E7C7F1200CBB4000FAE0
:10D4B80007F422FA0CF520FA0CF1BA401D432EFAB3
:10D4C8000CF30EFA07FE4FEA154941EA0E011FFA5E
:10D4D80085FEB3FBF9F809FB18300B0C08FB0EFAB4
:10D4E80043EA00439A4540D9EB1808F1FF3004D2CB
:10D4F8009A4502D9A8F102002B44A3EB0A0389B28A
:10D50800B3FBF9F809FB183308FB0EFE41EA0341A7
:10D518008E452CD9691808F1FF3304D28E4502D9FB
:10D52800A8F10203294443EA0040A1EB0E01A0FB45
:10D5380002984145CE46434602D306D14C4504D213
:10D548000138B9EB020E68EB0503002EA5D0B4EB49
:10D558000E0261EB030101FA0CFC22FA07F3F94011
:10D568004CEA0303C6E9003197E74046C5E743465E
:10D57800D9E70000000000000022F0B585B0114690
:10D5880040F6034002AF07F0ABFE044600285BD12B
:10D5980007F046FC214641F203003A1D07F0A0FEC1
:10D5A8000446002850D17A68294DD16805F17803DE
:10D5B800D1F80100D1F8051003C3104606F052F95E
:10D5C800214641F201003A1D07F08AFE0446002870
:10D5D8003AD17868C3685A7885F870205A88A5F8CF
:10D5E80072201A7985F87120B3F80720A5F87420FD
:10D5F800B3F80530A5F8763006F034F9214641F243
:10D6080002003A1D07F06CFE0446E8B9D7F804C0DA
:10D6180005F18006DCF80C20531C413234461868AA
:10D628005968083303C493422646F7D1604606F08A
:10D6380019F995F87C305A0610D40121054A064894
:10D648001EF0C1FB6FF0120420460C37BD46F0BD3A
:10D6580098110020674E030068150300002142F26C
:10D6680003003A1D07F03CFE04460028ECD17A6816
:10D67800A74BD168D1F80100D1F8051003C31046B3
:10D6880006F0F0F8214642F202003A1D07F028FEA3
:10D6980004460028D8D17E68F468B4F801309AB2FC
:10D6A80092B1E27882B1A5F8FC30E378032B06D07A
:10D6B8000322022100929748974A1DF0D4FDE27890
:10D6C8009648114621F005FB304606F0CBF895F850
:10D6D8007C6016F0200619D14FF0FF304FF0FF3173
:10D6E80007F0C2FB0446002800F0BD8102210C307F
:10D6F80006F0EAF90123214603704670324640F6E7
:10D708006D4007F0EDFD044600289DD195F89C304A
:10D718001B0712D5002142F21C003A1D07F0E0FD5C
:10D728000446002890D17868C368D3F80120D3F85C
:10D738000530C5E9382306F095F895F8D8309E06E7
:10D7480023D53846B91C07F075FE044600287FF437
:10D758007BAF4FF0FF304FF0FF3107F085FB0646F7
:10D76800002800F0808104210C3006F0ADF93B88D8
:10D77800224603807B883146438042F2240007F02A
:10D78800AFFD044600287FF45FAF95F8D8305C06FB
:10D7980010D5002142F22A003A1D07F0A1FD0446E7
:10D7A80000287FF451AF7868C3685B7885F810313A
:10D7B80006F058F84FF0FF304FF0FF3107F054FBF8
:10D7C8000646002800F04F8108210C3006F07CF94D
:10D7D80095F8D84040F2022314F0400F08BF032305
:10D7E8000246A0074CBF43F02C0343F00C03A106EC
:10D7F80095F8D91048BF43F0400311F0090F18BF3E
:10D8080043F4006304F0010443EA041000211EF00D
:10D81800F5FA0022314642F2010007F061FD0446A4
:10D8280000287FF411AF95F87C30B5F8FC10980605
:10D838005CD4C9B941F205003A1D07F051FD044610
:10D8480000287FF401AFB5F8FC307C684BB9E36879
:10D85800B3F80120A5F8FC209A883048114621F039
:10D8680038FA204605F0FEFF4FF0FF304FF0FF3149
:10D8780007F0FAFA0446002800F0F58008210C3079
:10D8880006F022F995F8D8300246D90738D44FF077
:10D89800005123481EF0B2FA2146002240F601400A
:10D8A80007F01EFD044600287FF4CEAE01463A1D5F
:10D8B8004FF6014007F014FD002837D0194A02211D
:10D8C80014481EF080FAEB79002B40F0BC801EF063
:10D8D80053FC044600287FF4B7AE0AF029FE04463C
:10D8E80000287FF4B1AE07F069FCADE60029BBD192
:10D8F80001210D4A07481EF066FA6FF00404A3E6FA
:10D9080001A1D1E90001C5E790880002008000204C
:10D9180070120020681503008B4E03009812002037
:10D9280010880002F44E0300D14E03007B686E4657
:10D93800DC688AB0B4F80130042B96BF574A5849BE
:10D9480052F8231002AAD3614FF400735548138488
:10D95800554BC2E9050142F8103F4FF413515348A3
:10D968001EF040FAB4F80120B546022AB4F8033094
:10D9780049D1052B47D84E4A52F823106E468AB033
:10D9880002AAD3614FF400734A481384464BC2E994
:10D99800050142F8103F4FF4135144481EF022FA93
:10D9A800B546637994F806C0032B98BF424AB4F889
:10D9B8000760D4F809006C468CB094BF52F8231065
:10D9C800374902AAC2E9073C4FF40073DFF8ECE0DC
:10D9D80093853B4BC2E905E1C2E909604FF47351F5
:10D9E80042F8103F31481EF0FDF9A546786805F069
:10D9F80039FF00214FF602403A1D07F071FC04463A
:10DA080018B1304A5BE72649B8E77868C368B3F8C5
:10DA18000130A5F8C13005F025FF95F8C1305A0747
:10DA28007FF551AF21464FF603403A1D07F058FCE9
:10DA380008B1254A43E77868C3685B7885F8C03041
:10DA480005F010FF3FE72E78002E7FF440AF95F8E1
:10DA5800C1309B061FD54FF0FF304FF0FF3107F064
:10DA680003FA044610B96FF06804EDE506210C309E
:10DA780006F02AF8D5F8013021460360134B3246E8
:10DA88009B8883804FF6064007F02AFC044600284E
:10DA98003FF41DAFD8E56FF08504D5E5FC1C030005
:10DAA800ED4B0300184F0300040000016815030044
:10DAB800E41C0300314F0300D41C0300494F03004A
:10DAC80007000001764F03009F4F030099110020C3
:10DAD80008B5094BD3E8AF3F43B1FAF767F904A19A
:10DAE800D1E90001BDE8084013F0D4B808BD00BF73
:10DAF800389C1C0000000000F452002000000000C8
:10DB080013B500246FF009034FF4806212491348DB
:10DB1800009416F025F91249104821F051F91149DD
:10DB2800114815F0DFFE224604211C2005F088F874
:10DB380001220E4BD3E8EF1FC3E8E02F0028F9D1EC
:10DB480003A1D1E9000113F0A5F8204602B010BDE9
:10DB5800389C1C0000000000E87E00209849002046
:10DB6800DD770300610C02005C530020F4520020B2
:10DB780070B4174E0C46B042154608D00136B04274
:10DB88000FD0023EB04210D070BC1AF095BD0AA367
:10DB9800D3E90023C5E900230E4B0020236070BCA5
:10DBA800704707A3D3E90023F4E707A3D3E90023C9
:10DBB800F0E700BFAFF3008002C0FF7F0000000065
:10DBC80003C0FF7F0000000001C0FF7F00000000CD
:10DBD80002C0FF7F03004E800B460221014A024823
:10DBE8001CF023BBC0240300C81503000321024A0C
:10DBF80002481CF01CBB00BFEC240300C81503003E
:10DC08000221024A02481CF012BB00BFFE24030096
:10DC1800C815030038B504460D46084A03210848CC
:10DC28001CF005FB2946204604F052FB284604F068
:10DC380001FC2046BDE838401DF055BE1025030004
:10DC4800C815030008B5084609F0B2FB014B186077
:10DC580008BD00BF304D002003460221014A02489A
:10DC68001CF0E3BA2C250300C8150300084621B9A7
:10DC78000321034A03481CF0DABAFFF7EDBF00BFDF
:10DC88004B250300C815030070B505460E4B86B03A
:10DC980001AA03F11006144618685968083303C42A
:10DCA800B3422246F7D11B7828462370074A084B0F
:10DCB80001A903F093FF034620B10121054A064854
:10DCC8001CF0B3FA06B070BD681A0300E013002018
:10DCD800EC4C00205D250300C815030010B5064A6A
:10DCE800064802211CF0A3FABDE8104040F21B626E
:10DCF8000023034816F034BA95250300C81503001D
:10DD08004026002003460221014A02481CF08DBA31
:10DD1800BE250300C81503002DE9F04182B000AF0D
:10DD28001DF016FE044630B103462D4A01212D4848
:10DD38001CF07BFA1DE02C4D2C4E04F0F7F83A4607
:10DD48002946304606F03EFA0446B8B1E8468AB09D
:10DD58006A46274BCDE90750CDE90536254B4FF4E8
:10DD680041510993244B1F4842F8103F1CF061FAB7
:10DD7800C54620460837BD46BDE8F0813946022031
:10DD880004F040F8044610B11C4A0346CEE76C463E
:10DD98008AB06A461A4B0795CDE90536154B4FF4FC
:10DDA80023510893174B0F4842F8103F1CF041FAD3
:10DDB8000121A546022004F0E3F8044610B1124AF6
:10DDC8000346B3E7012004F045FA044610B10F4AB0
:10DDD8000346ABE703210E4A02481CF028FAC8E7BD
:10DDE800D5250300C8150300F6250300FD2503000B
:10DDF8000F2603000002010305000002402603006D
:10DE0800682603000400000283260300A8260300F6
:10DE1800CA26030010B50C461CF023FA044815F076
:10DE2800E7F924B12046BDE81040FFF76BBF10BDED
:10DE3800D018002008B51C2018F0DCFA38B10023EF
:10DE48000383011DBDE8084003481CF0F7B9BDE88D
:10DE58000840FFF743BF00BFD80A0300F8B50F46D4
:10DE6800164600241CF0FDF9B44209D01C2018F015
:10DE7800C1FA054630B902210F4A10481CF0D7F9FB
:10DE88000120F8BD331B142B8CBF14229AB2031D3A
:10DE980002833919184622F08CFC2A8B0146144457
:10DEA8000748A4B21CF0D3F90028DDD0294605485C
:10DEB80020F0F6FED8E700BFD7260300C8150300F8
:10DEC800D80A03002419002070B503788AB00446E4
:10DED8000E4607AD032B20D8DFE803F002191B1DFF
:10DEE80011492846FFF7D8F9059563781E21049350
:10DEF800A37830460393E3780C4A0293237901937D
:10DF080063790093A3791BF0AFFE0AB070BD08498E
:10DF1800E7E70849E5E70849E3E70A212846074A09
:10DF28001BF0A2FEE0E700BF022703001D27030045
:10DF3800F62503000927030013270300D16E030009
:10DF4800B0B588B000AF0C461EF042FA3946FFF76C
:10DF5800BBFF8AB06A46094B0794CDE90537084BE1
:10DF68004FF442510893074B07480993074B42F86F
:10DF7800103F1CF05EF92037BD46B0BD40270300B6
:10DF8800967E030000020204C81503000500000283
:10DF980090B589B000AF1EF01BFA3946FFF794FF21
:10DFA80088B06A46084B4FF4E651CDE905374FF47F
:10DFB8000073ADF81C30054B054842F8103F1CF0C3
:10DFC80038F92437BD4690BD6627030003000001D9
:10DFD800C8150300B0B588B000AF0C461EF0F8F9BC
:10DFE8003946FFF771FF8AB06A46094B0794CDE9B5
:10DFF80005374FF40073ADF82030064B4FF413513A
:10E00800054842F8103F1CF014F92037BD46B0BD52
:10E018007C27030004000001C8150300B0B588B0D0
:10E02800036800AF394618681446FFF74DFF8AB0F9
:10E03800094A0A4BCDE905274FF40072ADF82020B4
:10E048006A4607944FF41351054842F8103F1CF0F4
:10E05800F0F82037BD46B0BD9E270300040000013C
:10E06800C81503002DE9F04188B000AF0C460546FD
:10E078001EF0AEF93946FFF727FFE8468AB06A4630
:10E08800114B0794CDE90537104B114C0893114BF0
:10E098004FF443510993104B104842F8103F1CF0BD
:10E0A800C8F82368C5469D420AD100201CF0D8F85C
:10E0B800206809F0A7F900230948236015F03AFD04
:10E0C8002037BD46BDE8F081CB270300967E0300CC
:10E0D800304D00200002020405000002C8150300AC
:10E0E800344D00202DE9F0410D4688B000AF0446BC
:10E0F8001EF06EF93946FFF7E7FE1DB3E8468AB011
:10E108006A46314B0795CDE90537304B304D0893BA
:10E11800304B4FF4435109932F4B304842F8103F8E
:10E128001CF087F82B68C5469C4207D1204609F0A9
:10E1380069F900232A482B6015F0FCFC2037BD46FE
:10E14800BDE8F0816D4688B06A46264B4FF4E6512B
:10E15800CDE905374FF40073ADF81C30224B1F484A
:10E1680042F8103F1CF065F80120AD461CF078F825
:10E178001E4A1F4B1146204613600DF08DFC0346C6
:10E1880020B102211B4A15481CF04FF802212046F5
:10E198001EF099F8034658B10221174A0F481CF09F
:10E1A80044F80B4B1B689C4202D12046FFF76CFDDC
:10E1B8001DF0CEFB03460028C0D001210F4A0748B6
:10E1C8001CF033F8BAE700BFEE270300967E030081
:10E1D800304D00200002020405000002C8150300AB
:10E1E800344D00201128030003000001E84C0020F2
:10E1F80075DC00001F2803003C2803005728030093
:10E2080010B50B78052B00F29480DFE803F003804B
:10E218002C6172468B68002B00F08B8048680028C0
:10E2280000F08780434A1368DBB1181F002313608E
:10E23800414A136020F0A0FE002200233F4814F05A
:10E248004BFF002875D0028B011D3D481BF0FFFFD6
:10E2580000286ED03B4A0221BDE810403A481BF026
:10E26800E6BF0438E6E74A68CB68908A0344374833
:10E278009BB293820278002A5BD14A68134413F850
:10E28800013C0A2B01D00D2B53D1012303702C48DC
:10E29800BDE8104083685B69184700242B4B1C209D
:10E2A8001C7018F0A7F830B10483011DBDE81040B8
:10E2B80023481BF0C3BF264A234802211BF0B7FF9F
:10E2C800BDE8104040F21B620023224815F048BF09
:10E2D8001C2018F08FF8014648B100230383184822
:10E2E8001422BDE81040836804311B691847184A96
:10E2F800B1E74B68191F9B8A23B1BDE81040164847
:10E3080020F0CEBC0846BDE8104020F035BE094BD1
:10E31800186808B948681860074A8B681168194472
:10E328001160828ABDE81040521A014404481BF06B
:10E338008EBF10BDE44C0020E04C002024190020C2
:10E34800D80A030074280300C815030034580020B5
:10E358009525030040260020101900202DE9F043E0
:10E36800154689B000AF0E4604461EF031F839460E
:10E37800FFF7AAFDF5B96D468AB06A46184B0796AD
:10E38800CDE905374FF40073ADF82030154B4FF445
:10E398001351154842F8103F1BF04BFFAD46134B85
:10E3A8001B689C4202D12046FFF76EFC2437BD460D
:10E3B800BDE8F083E9468CB00D4A0E4BCDE9052740
:10E3C8000D4ACDE9076509920C4A4FF462510A9249
:10E3D8006A46054842F8103F1BF02BFFCD46DEE7A2
:10E3E8009228030004000001C8150300304D0020E6
:10E3F800B028030006000002967E03000002030511
:10E40800F0B589B01BF02BFF70480AF05DF838B101
:10E4180001216F4A6F481BF00AFF002009B0F0BDC8
:10E428006D480AF06DF818B16C481CF0A9F8F4E7CB
:10E4380007F05CFA044630B10346694A0121654891
:10E448001BF0F3FEE9E70321664A62481BF0EFFE82
:10E458001CF0E4FF644E304620F0BFFB40B90121B8
:10E46800624A5C481BF0E3FE6FF01203604AE5E77E
:10E478001C2017F0BFFF054650B304835D495E4872
:10E4880015F0DEFCB3681B682BB3224630465B49A7
:10E49800984703460028E9D13046291D1BF0CEFED7
:10E4A80003460028E2D1564B01AE0193554B039029
:10E4B8003146554802931DF081FA044670B1012196
:10E4C8000346524A43481BF0B0FE514A2346B5E77B
:10E4D8006FF00B03CAE76FF05703C7E74D4A0321F4
:10E4E8003C481BF0A4FE012330460194C6E90144D0
:10E4F8008DF8083003F076FE474803F073FC47496F
:10E50800474815F0EFF90321464A32481BF08FFEC1
:10E51800FFF702FC002880D143481CF031F81C2288
:10E528000021304622F06BF94FF0FF334FF0FF32F5
:10E538003E4814F0D1FDBDF81C40038BC4F114040F
:10E548009C42054628BF1C4600271CB9284620F0D7
:10E5580013FDE9E7BDF81C00391D043022462944A3
:10E56800304422F026F9BDF81C202744224492B2F8
:10E57800132AADF81C2008D802F120036B4413F8C5
:10E58800193C0A2B01D00D2B19D11F4802A903F001
:10E5980071FE034620B10221254A0E481BF045FEB4
:10E5A80041F250220023234814F0A0FE20B102219A
:10E5B800214A08481BF03BFE0023ADF81C302C8B89
:10E5C800E41B142C28BF1424BFE700BFC01300208D
:10E5D800D7280300C8150300B0130020032903003F
:10E5E8003529030054290300D80A03006A290300C7
:10E5F800802903003DDE00004026002009E20000DB
:10E6080065DE00001DDE0000EC4C00209A290300A6
:10E61800C4290300E4290300D813002041A2020002
:10E62800344D0020022A03001A2A03001019002082
:10E63800422A0300D0180020722A03002DE9F04175
:10E6480010F0030407464FD121F00306DFF8B4E0C9
:10E65800DFF8B4802D4A8D0800EB060C60451CD10C
:10E668006FF0030303FB0515B81900230544A842FE
:10E6780042D124484C405843234B4FEA70405843FA
:10E68800234B604080EA10405843224B80EA5030C8
:10E69800584380EA1040BDE8F08150F8043B0EFB77
:10E6A80003F34FEA734308FB03F363404FEAF34372
:10E6B80003EB83039C18D1E71B68043D7B434FEAB7
:10E6C80073430CFB03F363404FEAF34303EB830309
:10E6D8009C18032DA6EB0503EED86FF003028B08F8
:10E6E8005343CD18C01AC0E70D460024054FDFF884
:10E6F80018C0064A4618ECE710F8012B42EA032333
:10E70800B5E700BF512D9ECC9335871B646B54E64B
:10E718006BCAEB8535AEB2C22DE9F04104460D4611
:10E728001BF0E5FD804600284BD1294620461BF00A
:10E73800AFFD014620461BF0F2FD04EB80010E6997
:10E7480096B90122E36882401343E36002220D6117
:10E758002B46294620461BF090FD032229462046D9
:10E76800BDE8F0411BF089BD0222314620461BF06E
:10E7780079FD03220146074620461BF073FD8642B9
:10E788000BD00121104A11481CF05AFD88F311885A
:10E79800BFF36F8F0423184602DF3B460222294647
:10E7A80020461BF06AFD03223346294620461BF00B
:10E7B80064FD39462B4620461BF05FFD0222314698
:10E7C800CDE7BDE8F08100BF902A03005016030092
:10E7D8002DE9F041174603220E4604461BF042FD80
:10E7E8008642054607F104080AD10122E368BA40C7
:10E7F80023EA0203E360002344F82830BDE8F081EF
:10E808000222314620461BF02DFD03220146074611
:10E8180020461BF027FD864206D1022229462046C3
:10E828001BF020FD86420CD001210E4A0E481CF038
:10E8380007FD002383F31188BFF36F8F0423184665
:10E8480002DF2B4639462046032244F828501BF0A5
:10E8580014FD3B4629462046BDE8F04102221BF044
:10E868000CBD00BF902A03005016030038B50122E2
:10E8780005460C461BF0F6FCC30713D42146284670
:10E888001BF02FFD014628461BF024FD844209D1C8
:10E89800214628461BF01EFD014628461BF021FD97
:10E8A80084420CD00121064A06481CF0C9FC00230A
:10E8B80083F31188BFF36F8F0423184602DF38BD36
:10E8C800B42A0300501603002DE9F8430E4600AFA2
:10E8D800002900F0A3800468012220461BF015FDE2
:10E8E8000146054620461BF0BDFC10EA020816D179
:10E8F800E94688B06A464B4BCDE90536032342F812
:10E90800103F4FF4C2514346474802F071F8CD46D4
:10E9180088F31188BFF36F8F0423184602DF294656
:10E9280020461BF0DEFC014620461BF0D3FCA84223
:10E9380017D0E84688B06A463C4BCDE90536032334
:10E9480042F8103F00234FF4C251374802F050F804
:10E958000023C54683F31188BFF36F8F042318463D
:10E9680002DF294620461BF0B5FC014620461BF075
:10E97800B8FCA84217D0E84688B06A462C4BCDE9C7
:10E988000536032342F8103F00234FF4C2512648AE
:10E9980002F02EF80023C54683F31188BFF36F8F6A
:10E9A8000423184602DF0022294620461BF076FC85
:10E9B80029461BF096FC01220146064620461BF01C
:10E9C80051FCC2070CD431462046FFF74FFF3146B1
:10E9D80020461BF0F3FC3246294620461BF0A9FCD2
:10E9E800294620461BF076FC0122014606462046B1
:10E9F8001BF038FCC3070DD431462046FFF736FF1D
:10EA0800314620461BF0DAFC2A46314620461BF0E8
:10EA180090FC354629462046FFF77EFEBD46BDE8F8
:10EA2800F88300BF4D2B030050160300FD2A030096
:10EA3800262B0300B2F5802FF8B510D2042A28D867
:10EA48003F4940F2E3233F4A3F481BF0AFFD3F48B0
:10EA58001BF0ACFD40F2E3213A481BF09EFD082371
:10EA6800D21ACC1D114424F0070421F00701091B18
:10EA780017294FEAD1060ED835494FF43B73314A6E
:10EA880031481BF093FD31481BF090FD4FF43B716A
:10EA9800E2E70423E4E70023046031462046A66049
:10EAA800E3601BF03CFC820002F11B05B6F5004F49
:10EAB8004FEAD5050FD26B1C9E420CD2254940F275
:10EAC8000233204A20481BF071FD20481BF06EFDE0
:10EAD80040F20231C0E70021043204F1100021F0B5
:10EAE8008EFE2A46204600211BF0F0FB002320461C
:10EAF8001A4619461BF0C1FB771B1946204601220E
:10EB08001BF0CCFB3A4629461BF0E0FB2B460022C3
:10EB1800294620461BF0B1FB314620461BF0D6FBA8
:10EB28003B463146204600221BF0A7FB31462046D3
:10EB380001221BF0B3FB2946BDE8F840FFF7ECBD06
:10EB4800EA2B0300722B0300B02B03000B2C0300ED
:10EB5800242C03004D2C03002DE9F04F95B000AF95
:10EB68008A460546C7E9083258B99A4940F29933A6
:10EB7800994A9A481BF01AFD40F2993196481BF0C1
:10EB88000CFD49B903784678807800EB8300284467
:10EB9800564521D8A0EB050ABB6F95F8028003F013
:10EBA8000103BC6F3B61EB78B8F1000F0CBF002488
:10EBB80004F00104FB6113B1BB6F9A0715D4A4B923
:10EBC8007B6A1BB1514628463A6A984756463046F2
:10EBD8005437BD46BDE8F08F441C2046FEF764FB61
:10EBE800013020440AF1010AD2E7BB6FC3F3C00326
:10EBF8007B612B78FB609B007B606B68BB60FB686C
:10EC080005EB830B7B6A002B71D15646D844ACB117
:10EC18001C461BF8013B55F82300FEF745FBFB6F2C
:10EC280001303BB1D7F88030A34282BFFB6F23F895
:10EC380014000134C3450644EBD1D846BB6F4FF0EE
:10EC4800000913F0050F0CBF4FF0020B4FF0010B3A
:10EC5800FB699945BBD298F8013008F1020855F8CC
:10EC680023A05F4B9A45C0F080815E4B7A699A4534
:10EC78002CBF002301230AB318F8021CB8687B6272
:10EC88001BF05FFC7B6AC8B1EA468AB06A46564BFD
:10EC98000593BB68CDE906314FF40073ADF8203019
:10ECA800524B42F8103F00234FF41251504801F0E4
:10ECB8009FFED546023E09F10109C9E723B13B6928
:10ECC8002BB9A6EB0B06F6E7BB6F9B07F3D55046AF
:10ECD800FEF7EAFAFB6F43B1D7F880309C423FBF9A
:10ECE800FA6F431C22F8143001340644E3E7002C81
:10ECF80065D1B8F1000F68D0BB6F580768D5C14619
:10ED080007F140004246594621F053FD0BEB08033A
:10ED1800BB610023334AF9698B426BD3BA6F95F80C
:10ED280001B03969920704EB0B0348BF0022DBB23C
:10ED380058BF4FEA5902002940F0E180B96F11F03D
:10ED4800040F14BF494600216B70A970EA70284669
:10ED58003A6A79687B6A9847061EFFF638AFFB68FF
:10ED680049462B70FB693A6AEB7085F801B07B6AFB
:10ED780085F8028007F140009847B0F10009C0F219
:10ED8800F0807B68FA69B86903EB420141443A6A4A
:10ED98007B6AAAEB010198470028C0F2E4804FF093
:10EDA800000BB14409EB000607F1300AA345C0F097
:10EDB800A88000213A6A08467B6A984707E74446D4
:10EDC8004FF0000907F130009CE74446C1469DE733
:10EDD800A1469BE7002D0300802C0300B02B030005
:10EDE80048090300848D03001B2D03000400000163
:10EDF800C0150300B869DFF88CC110F8021B10F8C1
:10EE0800016CB86155F826006045C0F0B4809042A6
:10EE180078692CBF4FF0000B4FF0010B30B1B86888
:10EE28003B601BF08EFB3B68574A60BBBBF1000F91
:10EE38002BD0396959B10F2C36D9544940F2434384
:10EE4800534A54481BF0B2FB40F2434196E6B96F6F
:10EE5800490718D5B9F10F0F09D94F4940F2464370
:10EE68004B4A4C481BF0A2FB40F2464186E609F1AA
:10EE7800280007F1280C09F1010100EB0C0909F839
:10EE8800106C5FFA81F9013345E7B86F800715D533
:10EE98000F2C09D93D4940F24D433D4A3D481BF0EE
:10EEA80085FB40F24D4169E6611C04F1280007F139
:10EEB8002804041904F8206CCCB2E4E7B9F10F0F68
:10EEC80009D935494FF48A63314A32481BF06EFB41
:10EED8004FF48A6152E609F1280C07F1280EF44430
:10EEE80009F101000CF8101C07F1500109F10209A1
:10EEF80051FA80F05FFA89F900F8106CC3E7002135
:10EF080022E71BF80A3055F8239087F82F30FB6F5B
:10EF180023B3D7F880309B4520D2FB6F33F81B8092
:10EF280001213A6A7B6A07F12F00984700281ADB0B
:10EF38000644B8F1000F06D14846FEF7B5F900F1CE
:10EF480001081FFA88F8414648463A6A7B6A98479A
:10EF5800002808DB06440BF1010B27E74FF00008F7
:10EF6800DEE74E4633E6064631E67B69002B3FF482
:10EF7800ABAE002380E67869002886D04FF0000BFE
:10EF88004DE700BF48090300848D0300BE2D030030
:10EF9800802C0300B02B0300DD2D0300014B1B6800
:10EFA800184700BFEC130020014B1860704700BFE2
:10EFB800EC13002030B5044685B00D461022002120
:10EFC800684621F01CFC02238DF80230044B2A46C7
:10EFD8002146684601931AF0D7FE05B030BD00BF40
:10EFE800A5EF000080B505460E461746984616F070
:10EFF8001BFA034603F034FFDFF83C90044649F857
:10F008000030424639463046A8470C4B1B7873B946
:10F018000B4940F246330B4A0B481BF0C7FA0B4822
:10F028001BF0C4FA40F2463106481BF0B6FA54F811
:10F03800090003F0AFFE00BF08000000C95C002013
:10F04800392E03000E2E0300B02B03004C2E0300B4
:10F0580038B50D4604462022002121F0D0FB0022BD
:10F06800EB68E361AB68A3612B6823626B68A262FB
:10F0780063622A6923B1591E194208BF42F001028E
:10F0880022610122002104F12C001FF022FE48B168
:10F09800054906482F23064A1BF088FA2F21044801
:10F0A8001BF07BFA38BD00BF8E6D0300B02B030048
:10F0B8006E2E03002DE9F04F002789B0CDE901231A
:10F0C800436A04468B428846BA460597079754D345
:10F0D80000F11406EFF31185402383F31288BFF380
:10F0E8006F8F3046A94616F089FC58B984234D4ADB
:10F0F8004D494E481BF05AFA31464D481BF056FA16
:10F10800842163E0304616F09DFC079A2AB13946FF
:10F1180020461BF031FB0023079306A920461BF06D
:10F1280052FA06998346414530D32268236A20461D
:10F1380013F8221003EB820A21F0030103F82210CE
:10F14800216842461BF063FAE3682060984218D0B1
:10F158004FF0000B304616F05FFC50B389F311886E
:10F16800BFF36F8F059929B1A2690AB1204690476C
:10F1780000230593BBF1000FACD1504609B0BDE8A0
:10F18800F08F236943F008032361E1E718B12046B3
:10F198001BF057FADEE7DDE90132134339D003915A
:10F1A8001FF008FE0399A0BB9DBB304616F034FC47
:10F1B80078B94FF499731B4A1E491C481BF0F6F99D
:10F1C80031461D481BF0F2F94FF4997115481BF0B0
:10F1D800E4F985F31188BFF36F8F04F12C00DDE9A2
:10F1E800012314F083F88346EFF31189402383F356
:10F1F8001288BFF36F8F304616F000FC00283FF4EA
:10F2080075AFBBFA8BFB304616F01CFC4FEA5B1B54
:10F21800A0E7204607AB05AA27681BF031FA83460A
:10F2280098E700BF942E0300C12E0300B02B030003
:10F23800D62E0300EC2E0300032F03002DE9F04126
:10F248000446C36908460E46984704F11405074664
:10F25800EFF31188402383F31288BFF36F8F28469A
:10F2680016F0CCFB68B984231A4A1B491B481BF0CB
:10F278009DF929461A481BF099F9842115481BF075
:10F288008CF9284616F0DEFB33783A4643F0010342
:10F298003370616820461BF0BAF9606020461BF0A5
:10F2A80086FA284616F0B8FB68B94FF49973094AEC
:10F2B8000C490A481BF07AF929460B481BF076F9E5
:10F2C8004FF49971DAE788F31188BFF36F8FBDE8BF
:10F2D800F08100BF942E0300C12E0300B02B030061
:10F2E800D62E0300EC2E0300032F03002DE9F04770
:10F2F8000446002700F11406EFF31188402383F336
:10F308001288BFF36F8F304616F078FB054668B950
:10F318008423394A39493A481BF048F93146394873
:10F328001BF044F9842134481BF037F9304616F0B5
:10F3380089FB2369A168180702D463688B4200D24D
:10F34800636A5B1A002B41D0206A10F8213000EB69
:10F35800810913F003023CD0022A04D150F821207D
:10F368005FEA920A05D1DA0720D44846E36998474C
:10F378008246A168524620461BF049F95146A060D2
:10F3880020461BF052F92F46304616F045FB10BBBD
:10F398004FF49973184A1C4919481BF007F931466C
:10F3A8001A481BF003F94FF49971BCE743F00203C4
:10F3B80000F82130E3694846A5689847294602467F
:10F3C80020461BF024F90025A060DDE71D46A9466C
:10F3D800DAE71546FBE788F31188BFF36F8F002D36
:10F3E8008AD137B1B9F1000F03D104F12C0013F021
:10F3F800FFFE4846BDE8F087942E0300C12E0300A7
:10F40800B02B0300D62E0300EC2E0300032F0300BD
:10F418002DE9F0410446C36908460D46984704F1B2
:10F4280014060746EFF31188402383F31288BFF3CD
:10F438006F8F304616F0E2FA68B98423274A2849C4
:10F4480028481BF0B3F8314627481BF0AFF8842151
:10F4580022481BF0A2F8304616F0F4FA2B7823F075
:10F4680001032B7023699B0705D5E268236A03EB28
:10F4780082039D4222D12B7823F002032B70D4E91A
:10F488000231994204D13A4620461BF0C0F8A060E8
:10F49800394620461BF0C9F8304616F0BDFA90B937
:10F4A8004FF499730D4A11490E481BF07FF8314605
:10F4B8000F481BF07BF84FF49971C9E72B6867F385
:10F4C8009F032B60E8E788F31188BFF36F8F04F17F
:10F4D8002C00BDE8F04113F08BBE00BF942E030052
:10F4E800C12E0300B02B0300D62E0300EC2E030020
:10F4F800032F030070B5044600F11405EFF31186DD
:10F50800402383F31288BFF36F8F284616F076FAEC
:10F5180068B984231A4A1B491B481BF047F8294637
:10F528001A481BF043F8842115481BF036F8284682
:10F5380016F088FA2369A0681B0702D4636883421F
:10F5480013D2646A241A284616F066FA78B94FF47A
:10F5580099730B4A0E490C481BF028F829460D48A8
:10F568001BF024F84FF49971DEE71C1AEBE786F3D9
:10F578001188BFF36F8F201E18BF012070BD00BF18
:10F58800942E0300C12E0300B02B0300D62E0300D7
:10F59800EC2E0300032F03002DE9F84F0546AB8B33
:10F5A80008461907904616D501280CBF43F01003EA
:10F5B80043F02003AB831435284616F02DFA0028B3
:10F5C80040F0B181AE494FF49973AE4AAE481AF093
:10F5D800EDFF29469DE0022803F0070140F07D81F8
:10F5E80028461BF062F9052800F2FA8001A353F8B7
:10F5F80020F000BFBFF50000E3F80000E9F70000C5
:10F608008DF6000027F7000087F7000002F00702D8
:10F61800531F012B1AD80023062A2E68A4B2C5E965
:10F62800003309D1334603E0EA8B0132EA831B68D1
:10F63800002BF9D144F002042846AC831BF035F9BD
:10F64800002800F05A8144F0200455E1042A0DD125
:10F65800A4B22846AC831BF028F90646002800F01F
:10F668004C8144F020040026AC8346E1874940F2EF
:10F678001B13874A84481AF099FF40F21B118448EB
:10F688001AF08BFF49B183494FF4AB73804A7E4827
:10F698001AF08CFF4FF4AB71F1E72B684BB97E4938
:10F6A80040F257137A4A78481AF080FF40F257110F
:10F6B800E5E72B691F684FB978494FF4AD73744A71
:10F6C80071481AF073FF4FF4AD71D8E70E468A46B9
:10F6D8004FF00609AC8B24F0070444F00604A4B2EA
:10F6E800AC83AB68002B00F00F814FF0010B44F0A6
:10F6F8000804AC8305F11404204616F08DF900289F
:10F7080078D15F494FF499735E4A5F481AF04EFF0B
:10F71800214663481AF04AFF4FF499718EE0022996
:10F7280009D0604940F25D13594A57481AF03EFF24
:10F7380040F25D11A3E7EE8B4EB15B494FF4AF7316
:10F74800534A51481AF032FF4FF4AF7197E72B69CB
:10F758005F684FB9514940F261134D4A4A481AF05F
:10F7680025FF40F261118AE7AC8BB24624F007040A
:10F7780044F00404A4B24FF00409AC83B1E70129B2
:10F7880009D04A494FF4B273414A3F481AF00EFF74
:10F798004FF4B27173E72B684BB93F4940F26513D8
:10F7A8003B4A39481AF002FF40F2651167E72B69B6
:10F7B8009F684FB939494FF4B473354A32481AF043
:10F7C800F5FE4FF4B4715AE70026AC8BB24624F02C
:10F7D800070444F00504A4B24FF00509AC8380E7A0
:10F7E8002A4940F26B132A4A27481AF0DFFE40F2F2
:10F7F8006B1144E788F31188BFF36F8FBBF1000FDB
:10F808001ED1002E33D117B128462949B847EFF346
:10F818001188402383F31288BFF36F8F204616F0B8
:10F82800EDF800284AD18423164A224916481AF0CE
:10F83800BDFE214620481AF0B9FE842111481FE771
:10F84800A9680029DDD0D1F800800029D9D0534615
:10F858004A462846D1F804B0D847B8F1000F04D07A
:10F86800D8F8003041469846EFE74346FAE7314674
:10F8780053464A46284636681BF043F8C1E700BF9E
:10F88800EC2E0300942E0300B02B03005C7C0300D5
:10F89800232F0300482F0300542F0300772F030062
:10F8A800032F03008E2F0300A42F0300B32F0300A0
:10F8B8003DF90000C12E0300D62E0300204616F0A5
:10F8C800C1F8AC8B24F00804A4B2AC83E20621D5BD
:10F8D80024F01003AB8304F00701D5F818A0AA8B15
:10F8E800BAF1000F22F00704BFF690AE00232E688D
:10F8F800C5E9003344F00104AC8304F007098945E5
:10F908004FF000077FF4EDAE0EB9002FDED04FF0B8
:10F91800000BECE6A3067FF54EAE24F02003AB8384
:10F9280004F007015CE688F31188BFF36F8FBDE828
:10F93800F88F00BFF8B504460D4600F11406EFF342
:10F948001187402383F31288BFF36F8F304616F078
:10F9580055F868B984230C4A0C490D481AF026FE5C
:10F9680031460C481AF022FE842107481AF015FE89
:10F97800304616F067F8A5613A462046BDE8F840DB
:10F988000121FFF709BE00BF942E0300C12E03001A
:10F99800B02B0300D62E03002DE9F04704460E468F
:10F9A8001AF09FFF051E66DB04F11409EFF3118AB4
:10F9B800402383F31288BFF36F8F484616F01EF872
:10F9C800804660B98423374A374938481AF0EEFD33
:10F9D800494637481AF0EAFD8421324843E0484650
:10F9E80016F030F84FF6FF72E38BA78B934207F0BF
:10F9F800070743D0062F2CD8DFE807F01F43092B51
:10FA08001F041F006FF085054FF0000802E0022573
:10FA18000133E383484615F0FFFF002834D14FF443
:10FA28009973204A234921481AF0C0FD49462248C3
:10FA38001AF0BCFD4FF49971CFE700233360636877
:10FA480023B9C4E9006687B13D46DDE71E606660FC
:10FA5800F9E71A4915484FF4E473194A1AF0A6FD54
:10FA68004FF4E47116481AF098FD524602212046D8
:10FA7800FFF792FD3D462846BDE8F0876FF00A057E
:10FA8800C2E76FF00405BFE78AF31188BFF36F8FF1
:10FA9800B8F1000FEFD000233A46314620461AF05D
:10FAA80030FFE8E7942E0300C12E0300B02B0300BB
:10FAB800D62E0300EC2E0300032F0300B32F030000
:10FAC800232F030008B54268034602F00302032A05
:10FAD80081600AD06AB9084908484523084A1AF0DB
:10FAE80065FD452106481AF058FD006800225A6055
:10FAF80008BD0020FAE700BF5C7C0300B02B0300C0
:10FB0800C92F0300002200232DE9F04F00279FB0E2
:10FB1800CDE9082300F12803039305464FF0FF328F
:10FB28004FF0FF3328301AF074FFB8463E460DF107
:10FB3800480A0DF1580BEB69B3420DD8EB69434500
:10FB480055D1002F53D16FF0850403981BF091F81D
:10FB580020461FB0BDE8F08F6A6CA9695000884242
:10FB680094BF3346731EA1EB42022846CDE900BA82
:10FB7800CDE908231AF025FF04460028E5D19DF8B1
:10FB8800593085F82430199B03F47023B3F5803F6E
:10FB98002BD25246594628461AF09DFF28B3199B86
:10FBA80008F1010803F47F42B2F5844F0BD1DBB2B0
:10FBB800012B07D00121AA4AAA481AF01FFF6FF0AB
:10FBC8007A04C2E70746284608A91AF0EFFEDDE9DD
:10FBD80008232846CDE900BA1AF0A3FF041EB4DBB7
:10FBE8009DF8593085F82430A8D00136A3E7B342F0
:10FBF80048D16B6C089A0EAED21A099B284600961B
:10FC080063F100031AF0C8FE044600289DD130466F
:10FC180095F824101AF0FFFE18B9284608A91AF01A
:10FC2800C5FEDDE9086712AB0DF1580801933246AD
:10FC38003B462846CDF800801AF0C3FE044600284B
:10FC480083D1199B03F47023B3F5803F3AD2404621
:10FC58001AF0F2FEB0B3199B03F47F42B2F5844F59
:10FC680002D1DBB2012BA5D105F124030093324662
:10FC78003B4628461AF0F4FE811C044636D1002380
:10FC880085F8243000266B6C089A5B00B2EB0309F8
:10FC9800099BB04663F1000B5F46CDE9089BCDF8A0
:10FCA80010B00DF1680ACDF814B0049B4E4573EB03
:10FCB8000B011ED3DDE90823C5E90487C5E9022342
:10FCC8000AAE4EE02B6A13F0010309D100933246C5
:10FCD8003B4628461BF020F804460028C4D034E7E9
:10FCE8000121614A5F481AF089FE2CE70028C9D033
:10FCF8002BE74A465B462846CDF800A01AF04CFE92
:10FD0800044600287FF421AF504695F824101AF0D5
:10FD180082FE70B1BDF86A102646082907D9286CFA
:10FD28001AF09DFF1C99059F08440619B046CDE9B5
:10FD3800089B696CB9EB010189466BF1000BB4E7CC
:10FD4800D5E904879F4208BF904504D1BDF82A1021
:10FD5800002940F0A880696C521A63F10003C5E9D4
:10FD68000223424573EB070710D3284600961AF082
:10FD780013FE044600287FF4E8AE304695F82410B8
:10FD88001AF049FED5E902230028D9D16A6CAB697B
:10FD98005200E9689B1A61F10001CDE90831284653
:10FDA80008A91AF003FE12AB019316AB009328467C
:10FDB800DDE908231AF0B5FE041EFFF6C6AE012CD5
:10FDC80010D000246B6CAA69A96803EB4303D21A0C
:10FDD800A44208BF91427FF4B8AE28461BF016F83B
:10FDE8000446B2E60021D5E902636A6C07919DF8E2
:10FDF8005910961985F8241043F100081AAFA9691B
:10FE0800CDE90868A1EB42018E4231D30321174A9C
:10FE180014481AF0F3FD07AB00932846D5E90223EE
:10FE28001AF039FE044610B1A31C7FF48EAE079B6E
:10FE380028460093D5E902231AF06EFF04460028ED
:10FE48007FF483AE6A6CAB6902EB42029B1AEA68E4
:10FE58001B18C5E90402AB6028461BF060F846E0B1
:10FE6800EF2F0300F81503000C30030038300300AF
:10FE780032464346284600971AF08EFD044600286D
:10FE88007FF463AE38469DF869101AF0C4FD28B1B6
:10FE9800BDF86A3013B91B9B013307D06A6C9619F9
:10FEA80048F10008ABE76FF01C044EE6124A032144
:10FEB80012481AF0A3FDEB68284608A9CDE90843C3
:10FEC8001AF074FDDDE9086707AB009332463B463C
:10FED80028461AF0E0FD044610B1A21C7FF435AEA6
:10FEE800079B3246009328463B461AF015FF044606
:10FEF80000283FF466AF28E65F300300F8150300DA
:10FF08002DE9F04782B00C46054602AF48B93F4A92
:10FF180001213F481AF072FD6FF01500BD46BDE89B
:10FF2800F08728301EF0A0FEE86B8368DB689847EE
:10FF38000246286408B9374AEAE710211AF08FFE0A
:10FF480068641368013B1F2B01D9334AE0E7AA69AB
:10FF580000EB80039A4205D20121304A2C481BF05D
:10FF680078F9D9E7EB69012B01D82D4AD0E7284663
:10FF7800FFF7C8FD002838D1012385F82530D5E9D9
:10FF88000623032100922248264A1BF06CF9D5E982
:10FF98000232E9468AB002AE00244FF0060AB046A3
:10FFA8002149C6E90624C6E90834716148F810AF4A
:10FFB8004FF4435123464246154800F019FDD5E950
:10FFC8000432CD468AB01949C6E90743C6E9051285
:10FFD8007462C6F810A00E48234642464FF44351B7
:10FFE80000F006FD2046CD4698E7002C96D0022169
:08FFF80003460F4A06481BF006
:020000021000EC
:100000002CF928461AF0E5FE2846FFF77FFD002868
:10001000B6D087E774300300F81503007F30030083
:10002000A1300300BE300300EA3003002B3103008F
:1000300042310300583103006D3103002DE9F04FC8
:10004000894617461E46044685B038B901214C4AF8
:100050004C481AF0D7FC6FF0150509E090F82530F0
:1000600053B90121484A47481AF0CCFC6FF00C05FF
:10007000284605B0BDE8F08F3146006C1AF0F3FD5C
:10008000636CA26903EB8301521A96428246E2D85E
:10009000B6F5803FDFD20EB1002FDCD0BAF1000FF1
:1000A00003D0082E94BF9A469A4404F128084FF0D2
:1000B000FF324FF0FF3340461AF0AFFC4FF0000B19
:1000C000E3695B4558D0D4E90221002A3DD0D4E948
:1000D00004531AEB050043F100038242994134D3E3
:1000E000636C9A4200D186BB10220021684620F042
:1000F0008AFB94F82430082ECDF80490ADF8026005
:100100008DF8013018D9029568461AF07DFC082E4A
:1001100006D93246394620461AF0EBFE054638B974
:10012000694620461AF0E3FD002814BF054635460F
:1001300040461AF0A2FD9BE7731E072BE4D8324617
:10014000394602A820F039FBDEE720461AF07BFE94
:10015000054630B103460D4A01210A481BF07DF8DF
:10016000E6E720461AF0DFFE054610B1084A0346CE
:10017000F2E70BF1010BA3E76FF01B05D8E700BF17
:1001800074300300F815030094310300A831030014
:10019000D23103002DE9F04F15461E460022002300
:1001A0008BB088460446CDE9042348B93048012184
:1001B000304A1AF027FC6FF015000BB0BDE8F08F45
:1001C00090F825303BB92A4801212B4A1AF01AFC35
:1001D0006FF00C00F1E74FF00009D0E9022304AF03
:1001E0000DF1180BCDE902B7D4E90201CDE9000108
:1001F00041462046CDE904231AF0D5FC0028DCDB7B
:1002000011D039462046DDF814A009F101091AF091
:100210009CFC0028D1D1DDE9042314994945E1D2A1
:10022000079A424502D06FF00100C6E7BDF81A7088
:10023000002FF8D0082F0AD83DB1BE4232462846DA
:1002400028BF3A4608A920F0B8FA3846B5E7002D8D
:10025000FBD0089A53460244B74294BF01970196D7
:10026000204600951AF08CFB0028EED0A5E700BFD1
:10027000F8150300743003009431030008B558B931
:100280000749084840F23513074A1AF093F940F23B
:10029000351105481AF085F94368587908BD00BF43
:1002A0003A320300B02B03000232030010B548B904
:1002B00008490948A023094A1AF07CF9A0210748F7
:1002C0001AF06FF903681B6913B1BDE810401847B5
:1002D000184610BD3A320300B02B0300023203006F
:1002E0002DE9F843044606460127DFF8408094FADA
:1002F000A4F5B5FA85F507FA05F308EB05156FEADD
:10030000030924EA03042B7B5BB12846FFF7CEFFE9
:1003100038B96B6804222846196806EA09061AF0FB
:1003200023FF002CE3D13046BDE8F88378160300A4
:1003300010B5002288B00E490E481EF015FE0022AE
:1003400000230024CDE906230E234FF40062CDE9FB
:100350000334CDE90144084B08490094084814F0DF
:100360000DF9084906481EF02FFD204608B010BDC3
:100370006904010000370020B5070100D05C0020AF
:1003800070260020513203002DE9F047DFF8B890C5
:100390002E4C8046A9EB04038F2B0F460BD92C491A
:1003A00040F253132B4A2C481AF004F940F253112F
:1003B00028481AF0F6F829481AF0C8FE064660B335
:1003C00000252846BDE8F087237B8BB12368DB68D6
:1003D0000BB1204698476368204683F806A0FFF7D4
:1003E00065FFB0B963680422204619681AF0BCFEA4
:1003F000013610344C4514D9194940F25F13154A9F
:1004000015481AF0D7F817481AF0D4F840F25F11DF
:10041000CEE70AFA06F31D43EAE705464FF0010A64
:10042000E8E7D1D3B8F1000FCBD0002DC8D02846D3
:10043000FFF756FF0546002FF7D0002140F2391094
:1004400014F068FFF1E700BF881603007816030078
:100450008632030059320300B02B0300584D0020B0
:10046000B6320300D7320300014812F0C5BE00BF08
:10047000C0180020014B53F8200070472C1B0300CC
:1004800008B5034608462BB1044A136000F024FD6A
:10049000002008BD6FF01500FBE700BFF01300203F
:1004A00010B5044C237813B9034812F0A5FE0123BC
:1004B000237010BD35580020C018002010B5044628
:1004C00009481AF043FE3CB1084BD3E8EF1F01394D
:1004D000C3E8E21F002AF8D1054815F083FEBDE805
:1004E0001040044812F088BE504D0020544D0020AA
:1004F00000370020C01800200022044BD3E8EF0F83
:10050000C3E8E12F0029F9D1704700BF504D00200A
:1005100070B5FFF7F1FF0546104C114EB4421AD9E1
:10052000104940F21623104A10481AF043F81048B8
:100530001AF040F840F216210B481AF032F8204623
:10054000FFF79CFE28B123685B6813B1294620465B
:1005500098471034E2E7F2D370BD00BF781603006D
:1005600088160300B632030059320300B02B030093
:10057000D732030010B5044C04492046FEF76CFD49
:10058000034B1C6010BD00BF68170020181B030040
:10059000444D00200023154A10B51370144A154924
:1005A0001360154A15481360FFF76AFFFFF7E2FF73
:1005B000134B144918468B4215D9134940F22B139B
:1005C000124A134819F0F6FF124819F0F3FF40F2EF
:1005D0002B110E4819F0E5FF1A1A5C68121101324E
:1005E00022711033E7E7F7D310BD00BF3658002063
:1005F000504D002040420F00544D002049B10200F0
:100600007816030088160300B6320300593203003F
:10061000B02B0300D732030001460022002301481B
:10062000FEF74CBD681700200148FEF763BE00BF0F
:1006300068170020024B01461868FEF7EDBE00BFA8
:10064000444D00200148FEF759BF00BF6817002045
:10065000F8B5314B1B78002B5BD0FFF7E5FF044664
:10066000002846D12D4B2E4D1B68002B19DD1EF0A6
:1006700033FC4FF47A76A0FB060747F612220023DC
:1006800006FB0171F9F780F9D5E90032C01A40F292
:10069000E93361EB0201984271F1000101D3FFF7E8
:1006A00037FFD5E9003213F57A7342F10002C5E94C
:1006B000003274B3BDE8F840FFF7C4BF2846FFF727
:1006C000DDFD20B12B68214628461B689847103570
:1006D000B54211D9134940F20A23134A134819F0BD
:1006E00069FF134819F066FF40F20A210E4819F01D
:1006F00058FF104D104EEBE7E0D32046FFF79AFF6E
:100700000E4BD3E8EF1F0139C3E8E21F002AA9D03E
:10071000F7E70020F8BD00BF35580020504D0020FD
:10072000F8360020B632030059320300B02B030024
:10073000D73203007816030088160300544D0020BA
:1007400070B5154D297831BB0120FFF71DFE134C04
:10075000134EB44218D9134940F2CF13124A13482A
:1007600019F028FF124819F025FF40F2CF110E486A
:1007700019F017FF2046FFF781FD18B123682046C6
:100780009B6898471034E4E7F4D3FFF761FF002833
:10079000FBD101232B7070BD365800207816030062
:1007A00088160300B632030059320300B02B030051
:1007B000D73203002DE9F843374F384BFB1A1B099A
:1007C0000AD137494FF46F73364A374819F0F2FEB1
:1007D0004FF46F71334819E000210846FFF7D4FD4C
:1007E0000446A8B140F21B684FF000092F4B1B785C
:1007F0009BB92F4940F246332E4A2B4819F0DAFEB6
:100800002D4819F0D7FE40F246312A4819F0C9FEAA
:100810004FF0FF384FF0FF39E8E702F025FB274B98
:10082000274A1B58136033B1264B1B68092B02DD86
:10083000254812F0E1FC002544B12046FFF750FDA9
:10084000044618B94FF0FF384FF0FF39FFF700FFAB
:10085000064628B935B91C4842464B4612F04AFDB7
:100860003546E9E70D4D08E0F5D22B689B691BB1D1
:1008700000222846114698471035BD42F4D9134945
:100880004FF46C73074A084819F094FE104819F0A9
:1008900091FE4FF46C719DE78816030078160300F3
:1008A000F632030059320300B02B0300C95C00206C
:1008B000392E03000E2E03004C2E0300080000000A
:1008C0004C4D0020544D0020C0180020B6320300CB
:1008D000D732030013B52C481AF038FC2B4B1B7889
:1008E000002B35D0EFF31184402383F31288BFF33C
:1008F0006F8F274815F086F868B98423254A264962
:10090000264819F057FE2249254819F053FE842144
:10091000204819F046FE1E4815F098F8FFF798FE9B
:100920001B4815F07DF868B94FF49973194A1D49B1
:100930001A4819F03FFE16491B4819F03BFE4FF4C8
:100940009971E5E784F31188BFF36F8F02B010BD92
:10095000164B1B68002BF9D050B900220023144815
:10096000CDE9002347F61222002315F0CDFBEDE779
:100970000928EBD10E4815F035FC0E4802B0BDE851
:10098000104012F039BC00BF544D002036580020F2
:10099000484D0020942E0300C12E0300B02B03000D
:1009A000D62E0300EC2E0300032F03004C4D002035
:1009B00000370020C018002010B5064B04461B6805
:1009C00098472146A0600448FEF73CFCBDE8104073
:1009D000FFF780BFF013002068170020044A054B82
:1009E0009B1AB1EBD30F34BF52F83100002070478F
:1009F00028150300781603002DE9F04F8FB0C1F3DE
:100A00004A2604AF0D469046B8607B600C0D002E60
:100A100066D04FF000090A234FF0040B07F1140AC7
:100A2000FE60C7E90799C7F824900093CDF808B095
:100A3000CDF804A007F11C034A464046F968FEF7CA
:100A40008FF8B0F5006F03461CD36C468AB0D8F817
:100A5000041004AB2B481A46C3E9050140F2FF71AC
:100A6000D9614FF400711984274B42F8103F4FF4BD
:100A700012514B462548FFF7BFFFA5462C37BD4610
:100A8000BDE8F08FC0F30A0604F11700184420F007
:100A9000070080083B60FFF7BFFD66F3532504465F
:100AA00030B33B6800F11001C7E908390A23F96146
:100AB000CDE901AB00934046154AF96807F11C03E4
:100AC000FEF74EF8002813DA1249134840F2491392
:100AD000124A19F06FFD40F24911104819F061FDFA
:100AE00004F1170020F007008008FFF795FD044689
:100AF00066F353252A4620467B68B9681AF054FBF2
:100B0000BCE700BF1F330300040000010016030010
:100B10007BB102008A330300B02B03005E33030075
:100B2000406820B1034BC01A40F3CF0070474FF02C
:100B3000FF307047281503000EB403B503AB53F81C
:100B4000042B01460448019302F046FC02B05DF814
:100B500004EB03B0704700BF790B0100CA0605D44F
:100B60008B064CBF02490349FFF7E6BF704700BF41
:100B7000957E03009333030038B54B6805461A6829
:100B8000CB680C469A4202D108461AF08AFB636889
:100B9000D3E8EF2F511CC3E8E01F0028F8D1A36869
:100BA0009D5463681A68E3689A4209D90549064862
:100BB0007223064A19F0FEFC7221044819F0F1FC78
:100BC000002038BDC5330300B02B0300963303006B
:100BD0002DE9F04F89B099469DF85080159B044649
:100BE00006930D46DDE916A3189F05920493B8F10C
:100BF000000F00F0A180B8F1040F0BD988494FF421
:100C00001573884A884819F0D5FC4FF4157185484A
:100C100019F0C7FC07F4807307931AF0A3FA07F0E2
:100C2000020B0246002856D020468049FFF784FF79
:100C30000646BBF1000F08D017F0440F4DD12A46ED
:100C400020467B49FFF778FF064407F0010353B1C4
:100C5000784B204653F82820774B7849002A08BF64
:100C60001A46FFF769FF07F48073002B07F00803AB
:100C700018BF4FF00009002B5BD0714B204653F892
:100C800028207049FFF758FF0546059B2BB11A46EF
:100C900020466D49FFF750FF0544B9F1000F05D01C
:100CA0004A4620466949FFF747FF054468483544EE
:100CB000069B002B47D02246664919F015FC0028F8
:100CC00041DA654940F2B123564A574819F072FC9F
:100CD00040F2B1219BE70646ABE7604B186800285D
:100CE000B2D05F4B4FF47A7B1B684FF03C0CB5FBE6
:100CF000F3F5B5FBF0F14FF4616300FB11550BFB0D
:100D000005F5B1FBF3F2B5FBF0FE03FB121100FB9E
:100D10001E55B1FBFCF30BFB05F5B5FBF0F50CFB29
:100D2000131120460091CDE901E54E49FFF704FF7C
:100D30008AE707F00805A8E7B9F1010F45460CBF9F
:100D400043484948B4E7049B002B54D0DDF8109089
:100D50003946B9F1100F204628BF4FF01009002680
:100D6000FFF7FCFEB54218DC0026334620461AF891
:100D700003203E49FFF7E0FE0136102E13D0710725
:100D800003D120463A49FFF7D7FE4E453346EDD30F
:100D900020463849FFF7D0FEEEE720463449FFF7FA
:100DA000CBFE0136DEE7002620463349FFF7C4FEBE
:100DB00033461AF803202046A2F120035F2B28BFF8
:100DC0002E222E49FFF7B8FE0136102E0DD07207E5
:100DD00003D120462649FFF7AFFE4E453346E8D300
:100DE00020462349FFF7A8FEEEE7049BCA44B3EB75
:100DF00009030493AAD1B8F1000F0AD0FB0704D568
:100E000020460D4A0D49FFF797FE39462046FFF769
:100E1000A5FE204609B0BDE8F04F1AF042BA00BF67
:100E2000FA33030096330300B02B030005340300AC
:100E3000093403003C1B0300F53303002C4C030072
:100E4000501B03002E3403003434030038340300F5
:100E5000790B0100D93301003D340300604D0020BF
:100E60005C4D002012340300BDB202004634030082
:100E70004E3403004C34030050340300523403005A
:100E800042F20F7373B58B4228BF0B4605680446C8
:100E9000052168460D4A18F0EBFE064663682846B1
:100EA0000B225B680A491AF0EEF96368324669461C
:100EB00028465B681AF0E7F963681B2228465B68DE
:100EC00004491AF0E0F902B070BD00BF9B2703008F
:100ED000328B0300168B030000210123064A904247
:100EE00006D8064A01B901231360054B1860704704
:100EF000012140085B00F2E740420F005C4D0020FA
:100F0000604D00200122014B1A70704737580020B5
:100F1000014B002019607047784D00200148FFF711
:100F2000AFBF00BF801B030010B5064B0C4618680E
:100F3000FFF7A0FA2146BDE8104003460F22024801
:100F4000184700BF784D0020801B03000122F8B530
:100F5000084B094D094E1A70D5E900470CB92C60B1
:100F6000F8BD214630463A4600F01EF8241A0644E1
:100F7000F4E700BF385800206C4D0020395800209D
:100F800010B9074B18707047064B1B781BB141F224
:100F900088301DF022BE9D20002114F0BBB900BF97
:100FA00037580020385800202DE9F04780460F467A
:100FB0000425DFF87C901F4E99F80040ACB91DF075
:100FC000FFFD3A4682464146204611F06FF904463D
:100FD00050461DF0FDFDECB10123337099F800304F
:100FE0007BB93C462046BDE8F0873A4641460020A2
:100FF00011F05CF90446EEE728466C1EFFF7C0FFCF
:101000002546002011F09CF90028EAD03378002B07
:10101000F2D1E6E7337833B1013D2846FFF7B0FF60
:101020003378002BC8D13378002BDAD0DAE700BF51
:101030003858002037580020014B036000207047CB
:10104000901B030070B5104B0D461C68B4B10F4BDC
:10105000196800238B4202DB6FF0010070BD22464D
:1010600012F8106B864202D014460133F2E7E068B2
:101070001DF0B7FD28B100202C60EFE76FF00C00E9
:10108000ECE76FF01200E9E7F4130020901B030077
:1010900010B5436888B0029383680C46CDE90332EB
:1010A00000230A68C068CDE90623054901AA059313
:1010B0001DF044F8079808B9059B236008B010BDDF
:1010C00047B302002DE9F0410C4B05461C680E4663
:1010D00017467CB100F098F963682046D3F8108079
:1010E00032463B462946C047044600F097F9204661
:1010F000BDE8F0816FF00104F9E700BF7C4D0020EE
:1011000000230360044B5A6812B9C3E9000070471A
:1011100010605860704700BF804D0020014B186080
:10112000704700BF7C4D0020002330B585B0CDE96D
:1011300002330546019000F067F9094B1C6844B979
:10114000284600F0EBF8044600F068F9204605B0A8
:1011500030BD636820461B6801A998472468EEE704
:10116000804D00201FB5CDE90101039200F04CF93C
:10117000074B1C6824B900F051F9204604B010BD9B
:10118000636820461B6801A998472468F2E700BFFE
:10119000804D00200022024BC3E90022704700BFAF
:1011A000804D00200022024BC3E90022FFF7F2BF6E
:1011B000884D00202DE9F74307460C4609B100236E
:1011C0000B600026254DDFF898904D4524D9254920
:1011D0009D23254A254819F0EDF9254819F0EAF92B
:1011E0009D21214819F0DDF9D5F8008038464146A7
:1011F00001AA1AF01EF950B116B954B92E4606E0EC
:101200000022404631681AF014F90028F5D118354B
:10121000DBE7019B2360F1E7E6D3164B1D68C5B100
:1012200055F8188C3846414601AA183D1AF001F9C4
:1012300050B116B954B92E4606E000224046316836
:101240001AF0F7F80028F5D1AD69E8E7019B2360B3
:10125000F1E7304603B0BDE8F08300BF8816030015
:1012600018170300B334030081340300B02B0300CC
:10127000D7320300884D00202DE9F04784B002AF3B
:10128000D7F8289004460D46164698467860B9F17E
:10129000000F07D0D9F8001031BBD9F804A0BAF17B
:1012A000000F28D12046391DFFF784FF08B3D0F87E
:1012B0000C904346324629467868C847C8B16D4607
:1012C0008AB002AA124BD061C2E905344FF4007310
:1012D0001384104B42F8103F00234FF411510E4875
:1012E000FFF78AFBAD4604E03A1D1AF0A2F8002889
:1012F000D3D1002007E0D9F80830324600932946C0
:1013000043467868D0470837BD46BDE8F08700BF40
:10131000DB34030004000001581603002DE9F047F8
:1013200080464FF000470026DFF8C090DFF8C0A0ED
:101330003D46304C4C452FD92F494FF489732F4AE5
:101340002F4819F037F92F4819F034F94FF4897103
:101350002A4819F026F92F46EAE7B8F1000F03D121
:1013600022694AB91834E5E70022414620681AF09C
:1013700060F80028F4D1F5E76368BB4206DDAF42B0
:1013800002D0AB42A8BF2B461D46EBE7EAD19047FF
:10139000002E08BF0646E5E7DFD3DAF80040FCB1CF
:1013A000183CB8F1000F03D122694AB9A469F6E7E5
:1013B0000022414620681AF03CF80028F4D1F5E7F5
:1013C0006368BB4206DDAF4202D0AB42A8BF2B46EA
:1013D0001D46EBE7EAD19047002E08BF0646E5E739
:1013E000AF42B8D13046BDE8F08700BF1817030000
:1013F000884D002088160300B334030081340300B5
:10140000B02B0300D73203004FF0FF324FF0FF3311
:10141000014811F0EDBB00BFAC180020014811F0ED
:10142000AFBC00BFAC18002038B5094DFFF7ECFF8A
:101430002B785BB9FFF7B6FE00F032F9044608B925
:1014400001232B70FFF7EAFF204638BD0024F9E79F
:10145000495800202DE9F04F00F108069BB00746DF
:10146000894608234FF00041304607AA19F044FE90
:10147000002827DB089D0DB9284623E025F0010A46
:10148000492307AA5146304619F036FE0AF1804B2F
:1014900059460446304619F03CFE0823804629464A
:1014A000304605AA19F028FE00280BDB002C069D0B
:1014B00002DDB8F1000F08DC514638461AF051F849
:1014C0000028D8D01BB0BDE8F08F04F168030DEB05
:1014D00003040023414604F84C3C054ACDF8009033
:1014E00003AB07A8CDE9036BFFF7C6FEE8E700BF33
:1014F000A3B402002DE9F04F9BB004468846CDE925
:101500000123002900F0BC804A2140461FF0ADF9BC
:10151000019B814693B3029BB3FA83F56D094FF0AB
:10152000000B49464046FDF78DF84FF0FF36DA468E
:1015300020F0404020F01F0040F00043009304F1F1
:101540000803039394F85C305B4519DA53454AD39A
:10155000009F760006F01E0637436DB90125DDE9D0
:10156000012304F10806304607F18041FEF766FDCD
:10157000002842DB002D50D100203EE00125CEE7BF
:10158000009B039803EB4B073946492307AA19F040
:10159000B3FD831C06D1B6F1FF3F08BF5E460BF1D9
:1015A000010BCFE7002828DB49280BD936493748FB
:1015B0004FF4DF73364A18F0FDFF4FF4DF71344803
:1015C00018F0EFFF002200F168036B44484503F870
:1015D0004C2C05D14A46404607A91FF023F9A8B173
:1015E0000AF1010ADBE7BAF10F0F09D929480121F5
:1015F000294A19F029FE6FF01B001BB0BDE8F08FDF
:10160000009B84F85CA043EA4A07A6E7002DA6D019
:101610003946204619F0A5FFEFE700230693636DD6
:10162000002B22DA636D47F0010505932946082354
:10163000304605AAFEF702FD0028DEDBA36D30462A
:101640000593616D082305AA0695FEF7F7FC0028AF
:10165000D3DB636D4246C4E9155339464B463046E9
:10166000FEF7ECFC00EAE070C7E70A4802210B4AEB
:1016700019F0EAFD204619F01AFF0028D2D0BCE785
:101680006FF01500B9E700BF36350300B02B03003B
:1016900000350300581603004A3503006A3503007D
:1016A0007FB50123694603200193FFF7CBFC044675
:1016B00068BB032002AA01A919F067FE044610B115
:1016C00010F10C0F23D1009B03999A68134DB2FBC4
:1016D000F1F2C5E908125A68DB68AA602B656B64F1
:1016E000C3B105F1080019F000FD044678B985F88A
:1016F0005C00284619F0DBFE044640B9084E284637
:101700006E60FFF7FDFC28466E60FFF707FD204680
:1017100004B070BD6FF01204F9E700BF3837002045
:10172000381C030008B5044818F02EFF034818F0D1
:101730002BFF002008BD00BF9E350300D3350300FA
:1017400010B50024094B86B009480393CDE9044441
:1017500012F0F0FA03AB00934FF4A3620A23054999
:10176000034812F001FB204606B010BD003603000E
:1017700098370020D064002008B50121024A0348B0
:1017800019F0CFFF002008BD0E36030060150300DE
:1017900038B5C51C25F00305782D09D91649174819
:1017A0007023174A18F006FF7021154818F0F9FE4B
:1017B000144CD4F8503123B1D4F85831EA18782AAF
:1017C00015D97C2101201DF0E2FB58B100230360F4
:1017D000D4F854313BB9C4E954000023043318440D
:1017E000C4F8585138BD1860C4F85401F5E71546DF
:1017F000D4F85401F2E700BF50360300B02B0300C9
:1018000025360300904D00200848D0E8EF3F43F014
:101810000203C0E8E23F002AF7D1436AA0F59C70BA
:101820001B680BB141681847704700BFC84E0020C5
:10183000022808B502D8034B185C08BDFFF79CFFCF
:101840000020FAE73E8B03002DE9F041184C0546D5
:10185000D4F834310E46222B08D9164A01211648F5
:1018600019F05FFF00273846BDE8F081036818785B
:10187000FFF7DEFF80463044FFF78AFF08B90F4AC2
:10188000ECE7D4F8343130445A1CC4F834212A8AA5
:1018900004EBC307033304EBC30422816B8A60604B
:1018A000A372424629681C371EF087FFDBE700BFA2
:1018B000904D00209A36030060150300B6360300F1
:1018C00070B5054638B90B4A01210B4819F029FFBC
:1018D0000024204670BD0078FFF7AAFF0646FFF7F8
:1018E00057FF044608B9054AEEE7324629461EF07E
:1018F00064FFEEE7D336030060150300E73603000C
:1019000010B5A0F12C03D3E8AF3FDB0706D4BDE848
:10191000104002210C4A0D4819F003BFA0F5B27423
:10192000A0F5AE7120680AF013F9034658B1012101
:101930000648074A19F091FC2046BDE810406FF0B8
:101940000B0119F012BF10BDFC3603006015030037
:10195000123703002DE9F3417E4C0D462368834284
:1019600008D001217C4A7D4819F0DBFE6FF00D01A3
:1019700020465EE0137C032B00F0B2800ED8022BD1
:101980001CD177494FF4F973764A774818F012FE64
:10199000764818F00FFE4FF4F9713EE0052BF0D1B8
:1019A000002977D1D4F83431012B64D9238C04F584
:1019B000B271013323820323237667E031B92046D5
:1019C00019F0E9FE002002B0BDE8F081CF6828469A
:1019D0000821FFF739FF4FF000084FF42053064667
:1019E00001A928688DF80480ADF806301AF010F9C6
:1019F000B0B142F60103694628688DF80080ADF861
:101A000002301AF005F958B1594940F24B13554AC2
:101A1000554818F0CFFD40F24B11524818F0C1FD67
:101A200056B9544A01214D4819F07BFE6FF00B0165
:101A3000484819F09AFEC5E7304619F0C0FE054641
:101A400048B94D4940F25F13464A474818F0B2FD85
:101A500040F25F11E1E73B6803607B684360006828
:101A6000FFF72EFF286008B9444ADBE7AB88E38222
:101A7000B2889A4202D1FFF7C7FEA3E70023A36012
:101A800005232376B3883E49013323823D481DF068
:101A900085F997E7002642F60303286801A98DF827
:101AA0000460ADF806301AF0B3F850B908212846A2
:101AB000FFF7CAFE044619F0A2FE23680360012066
:101AC00081E731462846FFF7BFFE0028F7D12B8A71
:101AD00001212D4A214819F0C0FB6FF00B0147E7A7
:101AE0000029C8D000238DF8043042F6030328688B
:101AF00001A9ADF806301AF08BF848B123494FF42C
:101B0000DE73184A184818F055FD4FF4DE7184E76B
:101B10002046298A19F0E7FD10B96FF0020127E786
:101B2000EE6819F06CFE054648B919494FF4E473A4
:101B30000C4A0D4818F03EFD4FF4E4716DE7336830
:101B40000360736843600068FFF7BAFE28600028EE
:101B5000B5D1C2E7904D0020333703006015030074
:101B60005C7C030025360300B02B0300CA39030058
:101B7000553703006E38030097380300B63803006A
:101B8000F44E002098370020E43803002239030087
:101B9000AD39030070B505460E460024214628469F
:101BA00019F045FE0446A0B119F029FE58B90A49BA
:101BB0000A484FF40F730A4A18F0FCFC4FF40F71F7
:101BC000074818F0EEFC016830461AF021F80028AA
:101BD000E4D1204670BD00BFB6390300B02B03002E
:101BE00025360300F8B506460D4619B1097811F0FF
:101BF000FD0F4CD1002A4AD0284CD4E8EF1F41F009
:101C00000100C4E8E70F002FF7D111F0010141D125
:101C1000A4F59C74002DC4E9006314BF01230023C4
:101C2000C4E9541184F86031C4F85C21C4F834115B
:101C3000C4F858110AD02878FFF7FAFD2946024661
:101C400004F59E701EF0B9FD04F59E75144BA56059
:101C5000E3604FF6FF730125E38200231149124828
:101C60002376258211F042FE3046104909F070FFBC
:101C7000044650B10E4A034629460E4819F0EDFAC3
:101C80006FF00101054819F065FD2046F8BD6FF0C1
:101C90001504FAE76FF07704F7E700BFC84E00209D
:101CA0005519010001190100F44E0020984D002043
:101CB000E0390300601503001FB5094A01AB106845
:101CC000516803C39068074A044601AB03CBC2F8CE
:101CD0003E40C2F83600C2F83A1004B010BD00BF52
:101CE000201703000C4F00201822054BA3F84220B8
:101CF00028225A644FF4C872A3F84820704700BFE6
:101D00000C4F00202DE9F04F2B4E8BB096F8293068
:101D1000044688460392002B48D000273D464B7866
:101D200096F830B096F828A00193574505D384F86B
:101D30003C50BBF1000F11D136E04FF00009D8F84C
:101D40000430039A02931D4B9B5C0093019B9945C1
:101D50000ED3BBF1000F2CD084F83C50AA4525D1FE
:101D6000637801336370012384F83430A3701DE07D
:101D7000029B009A03EB090105A819F076FF0028E1
:101D8000E7D0316905A819F043FF10B1009B9944D1
:101D9000DCE7316904EB850201359163EDB2BBF1FB
:101DA000000F06D184F83C50002DD9D10BB0BDE80E
:101DB000F08F01371836B8E70C4F0020418B030035
:101DC000F8B505460E461746074B1C6854B154F843
:101DD000043C043C1B681BB13A46314628469847F0
:101DE0006468F3E7F8BD00BF044F002050B1002342
:101DF0004360054B021D596811B9C3E900227047C1
:101E00000A605A60704700BF044F002070B5054655
:101E10000C4692B0002978D04FF0FF324FF0FF33DC
:101E20003B4810F0E5FE052D6CD8DFE805F068684A
:101E300003406868374DEB7A002B60D1206807AE0D
:101E40006860A379A288AB722A812378032B28D8F3
:101E5000DFE803F0022123252F493046FBF720FA63
:101E6000059663781E210493A3782C4A0393E378A4
:101E70000AA802932379019363790093A37917F059
:101E8000F7FEEB7A0133EB720024214810F078FF63
:101E9000204612B070BD2249DFE72249DDE7224922
:101EA000DBE70A213046214A17F0E2FED8E7194B5A
:101EB00093F828201ABB2278012A0AD0022A0FD0D0
:101EC00002BB206858611A4A1A61012283F828204F
:101ED000DAE703F1140294E8030082E80300F2E772
:101EE00003F1140204F110061546206861680834F5
:101EF00003C5B4422A46F7D121782970E3E76FF091
:101F00000B04C2E76FF01504BFE76FF01504BFE7DD
:101F1000981800200C4F0020022703001D27030003
:101F2000F62503000927030013270300D16E0300E1
:101F3000204F002008B54FF0FF324FF0FF33094823
:101F400010F056FE0022084B1A709A70DA7283F86D
:101F5000282083F82C2083F82E200248BDE8084072
:101F600010F00EBF981800200C4F00200022054BE7
:101F70005A70DA701A7383F8292083F82D2083F8B9
:101F80002F2070470C4F002008B5830625D0FFF79F
:101F9000EDFF10F0020F18BF0122114B18BF1A738A
:101FA000C20744BF01225A70C20644BF0122DA7040
:101FB000420744BF012283F82920020744BF0122BF
:101FC00083F82D20820648BF01224FF0000048BF51
:101FD00083F82F2083F8301008BD6FF01500FBE761
:101FE0000C4F0020F0B51C4F054697F834300E46D4
:101FF00087B073B3037963B30023019319F0ACFC8A
:10200000164B02AC0FCB84E80F00214601AB3046E3
:1020100007F1420206F00CF9114B08351C6848B173
:10202000BCB154F8043C043C9B680BB1284698476B
:102030006468F5E7019E4CB154F8043C043CDB684D
:1020400013B13146284698476468F4E7019805F0D3
:10205000DDF907B0F0BD00BF0C4F00202C170300C6
:10206000044F00202DE9F04F5A4C97B006460D461C
:102070005422002101A81EF0C6FB94F830308DF8E0
:102080000730237B13B101238DF8043094F82930F5
:1020900023B19DF8043001338DF804303389D6F82C
:1020A000008003F001071B078DF808705DD537B974
:1020B000B94694F883B0DFF820A1D94548D38DF80C
:1020C0000870237BCBB1002794F80B80D6F80090E2
:1020D000424C474511D22146072248461EF0A2FB3A
:1020E000A2460734002860D10123CDF834A08DF832
:1020F00005308DF830308DF806302B68AA682846F8
:102100009C1A374901AAAF8802F0C2F9AB68AF80C8
:1021100013FA84F32B60334B3468CDE904359DF812
:1021200007309DF808500396002B40D09DF80520FD
:102130009DF804309A423ED106A903A82A46FFF72B
:102140003FFE214601A8FFF74DFF17B0BDE8F08F15
:102150005046072241461EF065FB0AF1070A10B1FE
:1021600009F10109A9E70127A9E7002FA9D094F8EF
:102170008230D8F80010C3EBC3034A33E150E218B1
:10218000B8F80430938098F80630937194F8823050
:10219000013303F0070384F8823094F88330072B6F
:1021A0009CBF013384F883308BE7013791E79DF8BA
:1021B0000630002BC0D10C4B1C68002CC5D054F845
:1021C000043C043C5B6813B1294603A89847646843
:1021D000F3E700BF0C4F0020564F0020104F0020A7
:1021E00027B902004E4F0020044F002038B50546A5
:1021F000174C184804F01AFC3422002120461EF027
:1022000002FBEDB12B7984F834302A688AB1136867
:10221000C4F836305368C4F83A309368C4F83E3096
:10222000AA684AB11368C4F8423053680A4A536036
:1022300038BDFFF741FDF3E7BDE83840FFF754BD77
:10224000FFF73AFDFFF750FD84F83450F0E700BF88
:102250000C4F0020081400204E4F0020034608B108
:10226000012805D10448002100F8363F04F086BB60
:102270006FF01500704700BF0C4F002070B5036869
:102280000BB3051DD5E8EF3F43F00404C5E8E64F66
:10229000002EF7D113F0040318D10E4C01638462B1
:1022A0000489C3858485828600F1280100680AF0CC
:1022B0007BF938B1D5E8EF3F23F00403C5E8E23FEE
:1022C000002AF7D170BD6FF07F00FBE76FF0770059
:1022D000F8E700BF5DB902002DE9F04196B00C4669
:1022E000054619F0A2FA19F06AFA4B4B076811AAD1
:1022F00003F1100C164618685968083303C6634585
:102300003246F7D11B783846337011A919F080FC9A
:10231000064628B16FF08506304616B0BDE8F0815C
:102320004FF0FF33A360A3813C4B02AA03F11008D6
:10233000174618685968083303C743453A46F7D12A
:102340001B7828463B7002A9FFF724FC074638B9E2
:10235000334A0121334818F077FF6FF01506DBE7A9
:102360002E4B07AA9446186859680833ACE8030056
:1023700043456246F6D11B78394628468CF8003032
:1023800007AA19F0A2FA08B9274AE2E78388394672
:10239000638100238DF8043042F60213284601AA17
:1023A000ADF8063019F091FA08B9204AD1E78388D0
:1023B0000CAAA3811E4B03F1100817461868596830
:1023C000083303C743453A46F7D11B7828463B708C
:1023D0000CA9FFF7DFFB074608B9164AB9E7144B0B
:1023E00011AA9446186859680833ACE803004345BD
:1023F0006246F6D11B78394628468CF8003011AA7F
:1024000019F063FA08B90C4AA3E7838828462381A8
:1024100019F009FA20607FE7791A03008A1A03008D
:10242000133A030040160300323A0300653A0300F2
:102430009B1A03008B3A0300AA3A030070B5051DEE
:10244000D5E8EF3F43F00202C5E8E12F0029F7D1BC
:102450009B0727D40126154B868303614389038399
:102460008389438300F12003D3E8EF1F3143C3E89E
:10247000E21F002AF8D100F1100100680AF066F9A5
:10248000044668B10A4A034631460A4818F0E5FE98
:10249000D5E8EF3F23F00203C5E8E23F002AF7D179
:1024A000204670BD6FF07704FAE700BF89B90200DB
:1024B000DD3A03004016030008B50348034A002133
:1024C000121A19F09CFA08BD801A0020CC5C00207A
:1024D000074808B5074A0849121A19F092FABDE8E8
:1024E00008400648064A0749121A19F08ABA00BF7E
:1024F00020110020801A00208C8D0300181100206C
:1025000020110020848D03002DE9F04706460C467B
:1025100000AF002936D0D1E90012E9468AB06D46F5
:10252000A3684FF0050AE8461F48CDE90723CDE927
:10253000050148F810AF002342464FF421511B48D3
:10254000FEF75AFAD4E90312CD466369AD4618483E
:10255000C5E90723C5E90501C5F810A000234246D7
:102560004FF421511148FEF747FACD46E3690121A6
:10257000104A0E4818F071FEA36901210E4A0B485B
:1025800018F06BFE012E07D1EFF305830B4A31469D
:102590000648103B18F061FE214630460FF030FF30
:1025A000BD46BDE8F08700BFFD3A030048160300B2
:1025B0002C3B03005B3B03006A3B0300983B03009A
:1025C00030BFFFF7FDBF00BF2DE9F04105460B4EC0
:1025D000DFF82C80324606EB0807CC1B2046094961
:1025E0001EF0EBF8A01942460021083C1EF00BF942
:1025F000AC6707F10800BDE8F08100BF00000000F3
:10260000080000001817030010B5244C2449254881
:1026100019F004FAA36A99013ED52248224919F01B
:10262000FDF91E20A36ADA0104D51E481F4919F0DE
:10263000F5F91F20194CA36ADB0204D519481C497F
:1026400019F0ECF90220A36A1C0304D515481949B6
:1026500019F0E4F92120114CA36A590304D511485B
:10266000154919F0DBF92220A36A9A0304D50D4815
:10267000124919F0D3F92320084CA36ADB0304D5CF
:1026800008480F4919F0CAF92420A36A6FEA0343E6
:102690006FEA1343A36210BD1D20C3E700ED00E005
:1026A000AB3B030048160300C33B0300D63B0300CB
:1026B000F03B03001A3C0300383C03005D3C030080
:1026C000773C030070B506460D46334C3349344819
:1026D00019F0A4F9A36AD9064DD53148314919F04A
:1026E0009DF91120A36A1A0704D52D482E4919F027
:1026F00095F91220284CA36A9B0712D52B4928482C
:1027000019F08CF9636BA26A110609D50121284AD8
:10271000234818F0A2FD1EB1A36A23F08003A36230
:1027200013201D4CA36ADA0704D51D48214919F06E
:1027300075F91420A36A9B0604D519481E4919F09F
:102740006DF91520144B9A6AD60602D49A6A94073A
:1027500013D59B6AD90610D5184940F22D13184A93
:10276000184817F027FF184817F024FF40F22D11E2
:10277000134817F016FF1020B4E7074B9A6A920629
:1027800042BF5A6A22F400525A629A6A42F0FF0229
:102790009A6200232B7070BD00ED00E0A23C0300A4
:1027A00048160300B83C0300EB3C0300FE3C03006A
:1027B000163D03002C3D03004B3D0300AC3D0300E0
:1027C0007A3D0300B02B0300F63D030070B50646CA
:1027D0000D46284C2849294819F020F9A36AD90444
:1027E0003CD52648264919F019F91720A36A1A057D
:1027F00004D52248234919F011F918201D4CA36A69
:102800009B0512D51D48204919F008F9A36BA26A4F
:10281000100409D501211D4A184818F01EFD1EB1EB
:10282000A36A23F40043A3621920124CA36A59053A
:1028300004D51248164919F0F1F81A20A36ADA05EE
:102840000ED50E48134919F0E9F81B20094A936A7E
:1028500043F47F43936200232B7070BD1620C5E7BD
:10286000A36A9B04F2D505480B4919F0D7F81C2040
:10287000ECE700BF00ED00E05A3E030048160300FD
:10288000703E0300EB3C0300813E03009A3E0300D0
:10289000AF3E0300CA3E03004B3D0300F0B58BB0D2
:1028A0007A4B04465868002500AFC0F3080385F34F
:1028B0001188BFF36F8F02F07F46B6F17F4F07D1CB
:1028C00002F00C06082E12D17149724819F0A6F8D0
:1028D000714940F21B43714A714817F06BFE714811
:1028E00017F068FE40F21B416C4817F05AFE1607BD
:1028F0004CBF0C460125002CEAD00022FA71DA1EEA
:10290000092A00F2A280DFE802F005989B7BA0A0D4
:10291000A0A0A09E64495F4819F080F800235B4E98
:10292000FB71F36A9A0705D560495A4819F076F8A1
:1029300000232DE0F36A002B01DA5D49F5E7F36A25
:102940005B006DD55B49534819F068F87369A2695B
:1029500043F480737361BFF34F8FBFF36F8F32F80F
:10296000023C726922F480727261BFF34F8FBFF331
:102970006F8F03F47F42B2F55F4F2AD1DBB2022B97
:1029800027D1236801214C4A424818F066FC23688D
:10299000FA79DAB907F1080604F1200C324620680A
:1029A0006168083403C264451646F7D17A6A002D7F
:1029B00068D0C2F3080121B96FEA52226FEA4222BD
:1029C0007A62184607F10801FFF79EFD2C37BD46D5
:1029D000F0BD2E4B9A6AD2B22AB10120F91DFFF741
:1029E00071FE0346D4E79A6A12F47F4F04D00120A7
:1029F000F91DFFF7EBFEF4E79B6AB3F5803F02D3C6
:102A0000FFF702FEEDE72D4940F2ED23234A24486B
:102A100017F0D0FD2A4817F0CDFD40F2ED2163E715
:102A200026494FF43C731D4A1D4817F0C3FD254845
:102A300017F0C0FD4FF43C7156E70020F91DCEE7BA
:102A40000020F91DD5E720496FE7204A6E4610F4B3
:102A5000F87F8AB01E4918BF11466A46103B07939B
:102A60004FF400731B48ADF820301B4BCDE9050136
:102A700042F8103F00234FF411510648FDF7BCFF08
:102A8000B54655E76FF308029AE700BF00ED00E096
:102A9000103F0300481603003B3F03007A3D03004C
:102AA000B02B03004E3F03008C3F0300A33F030005
:102AB000C43F0300D23F0300F13F03005C7C0300EE
:102AC0000D4003003140030061400300F73E030066
:102AD000E23E03008540030004000001064B5A69F2
:102AE00042F010025A615A6942F480625A615A698E
:102AF00022F008025A61704700ED00E0EFF3088011
:102B0000EFF3098101B57246FFF7C8FE01BD00BFB2
:102B1000002080F31488BFF36F8F002080F30A88B1
:102B200080F30B880F4880F308880EF0E9FA002044
:102B30000D490860BFF34F8F00F02CF8402080F360
:102B400011880A484FF40061401880F30988EFF3B8
:102B500014800221084380F31488BFF36F8F00F0C4
:102B6000B7F80000289A002094ED00E0E8820020E9
:102B7000002318460649D1F89020C2F30722934259
:102B800000DB7047C1F89830C1F8A0000133F6E7C8
:102B900000ED00E010B572B6002484F31388FFF74F
:102BA000E7FF23464FF0FF300C4A03F120010133C9
:102BB000102B42F82100F8D100234FF0FF30074AD4
:102BC00003F160010133102B42F82100F8D162B605
:102BD000BFF34F8FBFF36F8F10BD00BF00E100E068
:102BE0001EF0040F0CBFEFF30880EFF3098081693A
:102BF00011F8021C0229FFD001B5724618F003FF3C
:102C000001BD00BF00B2002807DB01234109034AD0
:102C100000F01F00834042F82130704700E100E0DF
:102C200000B200280CDB01220649430900F01F0016
:102C30008240203341F82320BFF34F8FBFF36F8FC3
:102C4000704700BF00E100E038B5D30704460D46E9
:102C500012D48B1C072B10D96B23114A114912482F
:102C600017F0A8FC294611480623224617F0A2FCBB
:102C70006B210B4817F095FC002320B20028ACBF55
:102C800000F160400A4A4FEA4313DBB2ABBF00F5E4
:102C9000614000F00F0080F80033135438BD00BFCE
:102CA00098400300CF400300B02B0300EA4003002C
:102CB00014ED00E0044B054A23F07F039360BFF35B
:102CC0004F8FBFF36F8F70470000000000ED00E0F2
:102CD00008B5FFF7EFFF074AD2F8883023F47003F6
:102CE000C2F88830FFF7E8FBFFF7F2FB00F09CF832
:102CF0000FF0E2FC00ED00E042F8203C009B0B49A5
:102D000042F81C3C019B21F0010142F8183C029B57
:102D100042F8081C42F8143C4FF0807342F8043C1F
:102D20000023203A0265C367704700BFEDEF000043
:102D300000B50D4B15469860826F0C4B0E461A601D
:102D4000836E83F30B882C4686F309880020044B9E
:102D500098472046002100220023024C2047000013
:102D60003BBA0200EDEF0000AC530020904F002072
:102D70001022014B1A61704700ED00E0054B5A69C3
:102D80009B689A421FBF044A536843F080535360C4
:102D9000704700BFAC53002000ED00E0084B9B687B
:102DA00083420BD1EFF3058343B1064B5A6842F0DF
:102DB00080525A605A6A22F400425A6212F03EBBB4
:102DC000AC53002000ED00E014498A684FF0300059
:102DD0001044EFF3098C80E8F01F402080F3128844
:102DE000BFF36F8F0E4F4FF000664A698A603E60F6
:102DF000906F0C4C2060D06F0023D36780F3118854
:102E000002F1300090E8F01F8CF3098802F1000015
:102E100004B518F00BFEBDE804407047AC53002029
:102E200004ED00E0904F0020002340210448C21828
:102E30000133B3F5917F82F80013F8D1704700BFDA
:102E400000E100E008B5EFF30583064A103B02EB12
:102E5000C30152F8330049688847BDE80840FFF7CE
:102E60008DBF00BF2C0B03000148006870470000B5
:102E7000904F00201FB50121094B0A4A0A4800F073
:102E80000FF90023064A0393084B0121019301A87F
:102E9000D31A029300F028F905B05DF804FB00BFD7
:102EA00000FC072000000020541C0300801A0020B2
:102EB0000A7A0B6810B562F304031C46CB6852090A
:102EC00023F01F0343EA4203044A43F00103C2F81C
:102ED0009800C2F89C40C2F8A03010BD00ED00E0A0
:102EE00010B50A4BD3F89030C3F30723013B984247
:102EF00008D901210346064A064818F0AEF96FF0DA
:102F0000150010BDFFF7D4FFFBE700BF00ED00E0A8
:102F10002E410300181603002DE9F04F8946144690
:102F200006464FF000084F4D85B0C84527DAD6F861
:102F300004A0BAF1000F44D0BAF11F0F17D91AF04C
:102F40001F0F14D1D6F800B01BF01F0F0FD1584639
:102F500018F096FD07460AEB0B00013818F090FDBB
:102F6000874210D06FF015073F4A3B4601E04346C9
:102F70003E4A01213E4818F070F96FF015042046D2
:102F800005B0BDE8F08F17F1160FEDD0BC42EBDDB8
:102F9000C5F89870D5F89C10C5F89870D5F8A03091
:102FA00021F01F0143F01F0BD6E900321A44994269
:102FB00002F1FF3A1AD1D34507D13146F8B218F0E1
:102FC00068FD08F101080C36AFE73146C5F8987086
:102FD000D5F89C30E0B263F30402C5F89C2018F0E9
:102FE00058FD10F1160FC8D0441CEAE7C5F89870D8
:102FF000D5F8A020013B23F01F0302F01F0213436A
:10300000D3453146E0B2C5F8A030E8D018F041FD14
:1030100010F1160FB1D0C5F89870D5F89C209DF826
:1030200008300BF1FF3B62F304038DF80830D5F84C
:10303000A0309DF808205B0863F347128DF8082044
:10304000D6E900321344009323F01F035B44A3EB43
:103050000A03013023F01F036946C0B20393FFF750
:103060003FFFBEE700ED00E07A410300544103005A
:10307000181603000522044BC3F89420BFF34F8FAA
:10308000BFF36F8F704700BF00ED00E0BFF35F8FAD
:103090000022024BC3F89420704700BF00ED00E00F
:1030A00038B50C4D0C462A78FFF736FF28701630DD
:1030B0000FD140F28913084A0849094817F07AFAF3
:1030C0002146084817F076FA40F28911024817F0B5
:1030D00068FA38BD4A5800209D4103005C7C03001B
:1030E000B02B0300CC4103002DE9F74F314D894649
:1030F00006464FF00008AB462F4FC84502DB03B031
:10310000BDE8F08FD6F804A0BAF1000F4CD03168BA
:103110000846019118F0B4FC019904460AEB01003D
:10312000013818F0ADFC84424FF01402234B15D047
:1031300002FB08F36FF015024BF8032040F29913DD
:103140001F4A2049204817F035FA49461F4817F012
:1031500031FA40F299111A4817F023FA14F1160FB8
:103160002C60EBD01978A142E8DD02FB08B0C7F86B
:103170009840C7F89840D7F89C4000F10801007BC0
:1031800064F304000871D7F8A0000C79400860F3DC
:1031900047140C71D7F89C1021F01F016960D7F813
:1031A000A01021F01F01296108F1010814350C3627
:1031B000A3E700BF944F002000ED00E04A58002034
:1031C0009D4103005C7C0300B02B0300F841030029
:1031D0002DE9F0416B4D6C4ED5F890303468C3F357
:1031E00007239C4286B013D940F20223674A6849FC
:1031F000684817F0DFF9D5F8902021466648C2F3F9
:10320000072217F0D7F940F20221604817F0C9F9F8
:103210000020FFF73BFF614BC5F8C03084421BD153
:103220005F4D01A82C70FDF707FF002607464FF001
:1032300061085C4CB74216D100202B785149D1F877
:103240009020C2F307229342C0F295800020FFF73E
:1032500011FF06B0BDE8F081716801EB0011FFF7C6
:1032600027FE0130DAE7019A300102EB0613D3F8AA
:103270000CC00CEA0401B1F1807F57D00AD8B1F537
:10328000001F29D0B1F5800F43D0B1F5801F14D0B5
:103290000136CFE7B1F1006F48D0B1F1805FF7D1CF
:1032A00059689B681258013B21F01F000344CDE987
:1032B000021223F01F0301220BE0596812589B6889
:1032C000CDE902122122013B21F01F00034423F02B
:1032D0001F038DF8102036E0596812589B68CDE91D
:1032E00002124122013B21F01F00034423F01F037F
:1032F0001CF0010F8DF81020059325D02A49842356
:10330000224A244817F056F9284817F053F9842127
:103310007BE759689B681258013B21F01F0003446A
:10332000CDE9021223F01F030222D2E75968125896
:103330009B6821F01F00013BCDE90212034423F0FA
:103340001F038DF810800593287802A9FFF7C8FDA8
:1033500000280CDA0E4940F235230C4A0D4817F0CC
:1033600029F9134817F026F940F235214DE72B785B
:1033700001332B708CE7C1F89830C1F8A0000133FD
:103380005DE700BF00ED00E0601C03009D4103000D
:103390005C7C0300B02B030027420300AAFF44001B
:1033A0004A5800200000F0FF5B4203008142030006
:1033B000B042030008B5054905481B23054A17F02C
:1033C000F9F81B21034817F0ECF800BF5C7C030000
:1033D000B02B0300E9420300F0B587B007460E4664
:1033E00014460021102268461D461DF00CFA0223E7
:1033F0008DF80230054B2A4621466846CDE9047611
:10340000019316F0C5FC07B0F0BD00BFC5BA0200BD
:1034100008B5024816F00CFCFEE700BF1743030096
:1034200008B5024B1B689847002008BDA84F002034
:10343000034B044A1860937843F00203937070477B
:10344000A84F00201414002008B50549054A21F0B2
:1034500007010548521AFBF7F1FA002008BD00BF2A
:103460006FC2002000FC0720AC4F002070B54169FE
:103470000446867A0A4D59B1437ADB0706D42C23D9
:1034800003FB06535B6A1B689B68984700236361D4
:103490002C20214600FB0650BDE870401BF00FBCFD
:1034A0004C1900202C22024B02FB0030704700BF59
:1034B0004C1900202C21827A054B01FB02339A6AB9
:1034C0001B7F801A1B3323F00303B0FBF3F070471C
:1034D0004C19002038B52C24827A064B04FB0233A9
:1034E0005B6AD3E901240C601568FFF7E3FF04FB76
:1034F000005038BD4C19002008B543684BB107494E
:1035000007485A23074A17F055F85A21054817F07B
:1035100048F803824369C36008BD00BF414303000C
:10352000B02B03001C4303002DE9FF470546684606
:1035300017461C4603911BF0D1FCDDE9008955B903
:103540005C4940F201135C4A5C4817F033F840F2E2
:103550000111594818E005F11406EFF3118A4023D0
:1035600083F31288BFF36F8F304612F04BFA68B9BD
:103570008423534A5349514817F01CF831465248A6
:1035800017F018F884214E4817F00BF8304612F067
:103590005DFA6B8B002B5AD02A8B9A4239D90022C4
:1035A000002328460FF09CFD0446002831D0304609
:1035B00012F036FA68B94FF49973414A43493F48CB
:1035C00016F0F8FF3146424816F0F4FF4FF49971B7
:1035D000D9E78AF31188BFF36F8F039D002D59D06F
:1035E00042464B4668461BF09EFC2C21A27A394B82
:1035F000204601FB02335B6A03A91B681E68DDE9F4
:103600000023B0476061002837D12046FFF72EFF26
:103610002EE06C8B3046631E6B8312F001FA00289B
:10362000C9D08AF31188BFF36F8F2B7F2A8B1B338E
:10363000121BAC6A23F0030302FB0344254B264A0A
:10364000EB1A9B105343A3722B7FE372C5E73046FE
:1036500012F0E6F90028AED08AF31188BFF36F8F1D
:1036600023463A4628460FF03BFD04460028B4D1D5
:103670000024204604B0BDE8F087039B9D420BD98F
:1036800016494FF4AB730C4A0C4816F093FF4FF4F5
:10369000AB715EE72B4665610021012261602281EA
:1036A0006382E27A04F118001DF0ADF82046FFF7BE
:1036B00023FFDEE7906003001C430300B02B0300F0
:1036C000942E0300C12E0300D62E0300EC2E03001F
:1036D000032F03004C190020A38B2EBA5B43030079
:1036E00070B50C46054658B9284940F29D13284A42
:1036F000284816F05FFF40F29D11254816F051FF53
:1037000049B925494FF4CF73214A224816F052FF98
:103710004FF4CF71F1E7EFF31186402383F3128862
:10372000BFF36F8F1D4812F06DF960B984231C4AF6
:103730001C49184816F03EFF18491B4816F03AFF7E
:1037400084211748DAE7154812F080F90023236036
:103750006B689BB9C5E90044104812F061F980B963
:103760004FF499730E4A11490A4816F023FF0B498A
:103770000F4816F01FFF4FF49971E2E71C606C6070
:10378000EAE786F31188BFF36F8F70BDCA5203005A
:103790001C430300B02B03001D4B0300B84F002057
:1037A000942E0300C12E0300D62E0300EC2E03003E
:1037B000032F030070B5044658B9234923484FF43A
:1037C000D573234A16F0F6FE4FF4D571204816F053
:1037D000E8FEEFF31186402383F31288BFF36F8F67
:1037E0001C4812F00FF960B984231B4A1B49174883
:1037F00016F0E0FE17491A4816F0DCFE8421164840
:10380000E5E7144812F022F925682DB162682B68AB
:103810009542236008BF63600E4812F001F968B951
:103820004FF499730C4A0F49084816F0C3FE094932
:103830000D4816F0BFFE4FF49971E0E786F311884A
:10384000BFF36F8F284670BDCA520300B02B030030
:103850001C430300B84F0020942E0300C12E030028
:10386000D62E0300EC2E0300032F0300F8B5054607
:1038700098B12C27184E2C46237A6D68CBB940F2AC
:10388000C113164A1649174816F094FE21461648E9
:1038900016F090FE40F2C11108E0144940F2BB134B
:1038A0000E4A104816F086FE40F2BB110B4816F087
:1038B00078FE013BDBB2237253B9E3606360A37A05
:1038C000204607FB03631B6A1BB19847002DD2D12A
:1038D000F8BDFFF7CBFDF9E74C1900201C430300AE
:1038E0006C430300B02B0300754303001D4B030022
:1038F00008B558B9074908484FF4F373074A16F05A
:1039000059FE4FF4F371054816F04BFE027A01326E
:10391000027208BD1D4B0300B02B03001C430300C3
:1039200008B5034658B90849084840F23123084A07
:1039300016F040FE40F23121054816F032FE1846DE
:103940005B68002BFBD108BD1D4B0300B02B0300AF
:103950001C43030070B50D46044658B90F494FF497
:103960000F730F4A0F4816F025FE4FF40F710C48E5
:1039700016F017FE49B90C4940F23D23084A0948A0
:1039800016F018FE40F23D21F1E746681EB10846E8
:10399000FFF7C6FF4660656070BD00BF26470300A5
:1039A0001C430300B02B03008A43030038B50546CF
:1039B0000C4659B90C490D484FF412730C4A16F0D5
:1039C000F9FD4FF412710A4816F0EBFD20B9BDE87D
:1039D00038400846FFF78CBFFFF7A2FF2146FFF7EC
:1039E000B9FF284638BD00BF8A430300B02B03004F
:1039F0001C4303002DE9F84F06460C461546FFF719
:103A00008FFF002783464FF02C09DFF87CA0BBF81E
:103A10001030BBF81220DBF81410D21ADBF80C308F
:103A20000BF10C005B1AD21AA24228BF22461FFAE1
:103A300082F82946424618F062F8B4EB080447447D
:103A400045441DD00C9B53B1DDE90A010D9A9847FE
:103A50008346A8B101463046FFF7A8FFD7E7B07A02
:103A600009FB00A0436A9B6843B1A34228BF2346D9
:103A70001946DDE90A23FFF757FDE9E72146F8E794
:103A80003846BDE8F88F00BF4C19002008B548B98A
:103A90000B492B230B4A0C4816F08CFD2B210948AF
:103AA00016F07FFD83883BB108492C23054A064860
:103AB00016F080FD2C21F2E783680B44036008BDFB
:103AC0001D4B030097430300B02B0300C3430300C7
:103AD000034670B505688288DC889E68A818A41A19
:103AE000AD1B641BA14209D9064907483E23074A7A
:103AF00016F060FD3E21054816F053FD0A449A80F9
:103B000070BD00BFD2430300B02B030097430300F6
:103B100008B5034600689A68821A91420BD9094990
:103B2000094840F25513094A16F044FD40F2551178
:103B3000064816F036FD9A88401A1144186099809C
:103B400008BD00BF06440300B02B030097430300E9
:103B500008B5828803468A420BD20949094840F2D7
:103B6000C313094A16F026FD40F2C311064816F0A9
:103B700018FD521A828000680844186008BD00BF12
:103B8000F6430300B02B03009743030008B5034638
:103B90009A8800688A420BD20849094840F2CF133C
:103BA000084A16F007FD40F2CF11064816F0F9FC5E
:103BB000521A01449A80196008BD00BFF643030001
:103BC000B02B03009743030008B5244A244B1A6026
:103BD0000BF028F84FF47A612248D0F82436C3F36A
:103BE0000802C3F309434B4382F480721E498832B2
:103BF00001FB02334FF4FA215B00B3FBF1F201FB4E
:103C000012331A49B3F57A3F28BF0132C1F80429AB
:103C1000D0F820364FF47A60C3F30802C3F30943A7
:103C2000434342F21C5082F4807202F2172200FBDE
:103C300002334FF47A701B0AB3FBF0F200FB12332D
:103C40000020B3F5FA7F4FF0010328BF0132C1F81D
:103C50001C27C1F80009C1F8003608BD0020A107E3
:103C6000B016002000C0FF00F82A008000001250AB
:103C700048B1054B054A1B68B3FBF2F35843044BAC
:103C800043F0010318477047B016002040420F0070
:103C9000F01A030070B50B7892B006460C4607ADDB
:103CA000032B31D8DFE803F0022A2C2E19492846CD
:103CB000F9F7F6FA05956378174A0493A3781E215D
:103CC0000393E3780AA80293237910AD01936379F3
:103CD0000093A37915F0CCFF32460AAB1C4603CC07
:103CE000AC4210605160234602F10802F6D1206810
:103CF00010603046A388938012B070BD0749D6E7A4
:103D00000749D4E70749D2E70A212846064A15F0B1
:103D1000AFFFCFE7022703001D270300F6250300AE
:103D20000927030013270300D16E03000E4B40291F
:103D300028BF402170B51D460C4C4618B04203F117
:103D4000020304D1002305F81130074870BD027842
:103D50001209A25C03F8022C10F8012B02F00F02EA
:103D6000A25C03F8012CE9E74B580020578B0300B5
:103D70002DE9F341064617469846214DD5E8AF3F59
:103D8000DA0720D538B901211E4A1F4817F05CFA1E
:103D90006FF0010018E001A917F06FFB022804463C
:103DA000F6D10246194930461CF03CFD0028EFD1FF
:103DB000D5E8AF3FC3F3C0061B0708D5144A214618
:103DC000114817F041FA002002B0BDE8F081A5F1DA
:103DD000D404072221464046B84706280AD80121C4
:103DE0000C4A094817F030FA45F8D46CE671C4F86B
:103DF0000360E8E70723B0FBF3F0E071E3E700BFFF
:103E00006C12002044440300A8150300102703008F
:103E100065440300894403002DE9F04389B0DDF8CF
:103E200040909D795E791F7993F803C093F802E082
:103E300093F801800C461B78B9F1000F15D0CDE93D
:103E40000639CDE904E81346CDE9027CCDE90056F8
:103E50000D4A15F00DFF002813DBA0422CBF6FF0B8
:103E60001500002009B0BDE8F083CDE90583CDE958
:103E700003CE1346CDE90167044A009515F0F8FE1C
:103E8000E9E76FF01500EDE7AE440300D24403000C
:103E900010B5FDF7C9FA044628B101210346034ACB
:103EA000034817F0DAF9204610BD00BFF3440300C1
:103EB000A815030070B504461E4615468CB0AAB17D
:103EC00029B10A4602A8042116F082FC02A9009139
:103ED0002B462246242103A8FFF79EFF70B93146E6
:103EE000109A03A8FDF7EEF80CB070BD034624212C
:103EF000044A03A815F0BCFE2328F0D96FF0150082
:103F0000F2E700BF1845030007B50B4B0B48DA7901
:103F1000C2EBC202009200221146FFF7CBFF03461C
:103F200038B10121064A074803B05DF804EB17F0E9
:103F300094B903B05DF804FB98110020102703002A
:103F40001E450300A815030030B5044615468DB084
:103F50009AB129B10A4602A8042116F039FC02A937
:103F600000912B462246242103A8FFF755FF60B994
:103F700003A817F05AFA0DB030BD03462421044AB5
:103F800003A815F075FE2328F2D96FF01500F2E7AB
:103F90001845030007B5009313460A460146034837
:103FA000FFF788FF03B05DF804FB00BF636B0300FD
:103FB0000A4601460148FFF7C7BF00BF636B030015
:103FC00007B5009313460A4601460348FFF772FF00
:103FD00003B05DF804FB00BF5D6B030007B5009301
:103FE00013460A4601460348FFF764FF03B05DF835
:103FF00004FB00BF4569030007B50022034600919A
:1040000003481146FFF756FF03B05DF804FB00BFFD
:10401000556B030008B502480FF090FD002008BD65
:104020008C150020F8B5194DD5E8AF3F13F0010FFE
:104030002E4628D015F8CD3CA5F1D4078BB902F057
:104040006DF9044630B10121114A124817F0FCF80D
:104050002046F8BDFB7923B902F070F90446002828
:10406000F1D1D5E8AF3F5A0701D400F0EDFFD6E813
:10407000EF3F23F40062C6E8E12F0029F7D11B05CA
:1040800001D5FFF7C7FF0024E2E700BF6C12002054
:1040900039450300A815030007B5009313460A46E7
:1040A00001460348FFF706FF03B05DF804FB00BFBD
:1040B000A77103000A4601460148FFF745BF00BF4C
:1040C000A771030010B50024094B86B0094803937B
:1040D000CDE904440FF02EFE03AB009340F6380206
:1040E0000A23054903480FF03FFE204606B010BDE5
:1040F0006C45030040380020E86900200146014873
:104100000FF026BF40380020014601481AF046BE95
:1041100040380020884208B501F1100310D99842B8
:1041200013D20E4940F2B3230D4A0E4816F042FA5C
:104130000D4816F03FFA40F2B321094816F031FA63
:10414000EFD000F110029142EAE7013813F8012D97
:104150008B4200F8012FF9D108BD00BFA74503002D
:1041600075450300B02B0300FE450300034630B441
:104170001A780846012A11D0022A20D062B9124AC0
:1041800002F1100452F8045BA24241F8045BF9D139
:104190005B881A0A8270C37030BC70470A4A02F109
:1041A000100452F8045BA24241F8045BF9D15B6849
:1041B0001A0C190E42700170C3F30722EAE7591C6A
:1041C00030BCFFF7A7BF00BF688B030070B50C467B
:1041D000511C154617F077FD064688BB20461A4944
:1041E000F9F754F820B120461849F9F74FF818B9F3
:1041F00000232B70304670BD20461549F9F746F86C
:1042000020B120461349F9F741F808B90123F0E736
:1042100020461149F9F73AF820B120460F49F9F73D
:1042200035F808B90223E4E720460D49F9F72EF8DE
:1042300020B120460B49F9F729F808B90323D8E73C
:104240006FF01506D6E700BF0227030030460300D3
:10425000F625030039460300092703004246030000
:10426000132703004E46030010B517F05DFD1AF04A
:10427000A5FD044608B910F001FE064BD3E8AF3F98
:104280000BB10A2098471CB9BDE8104010F068BE79
:1042900010BD00BFBC4F0020811EC9B21E2938B519
:1042A000044604D81A4820FA01F1C9070CD4194968
:1042B0007A23194A194816F07DF9194816F07AF947
:1042C0007A21154816F06DF9164817F007FC0546D7
:1042D000D0B1082C1AD00CD8022C10D0042C15D038
:1042E00011490E485223114A16F064F952210F4821
:1042F000E8E7102C01D0202CF2D1052100E00421A8
:1043000005F10C0017F007FC284638BD0221F7E73D
:1043100041000040894603005A460300B02B0300C9
:10432000CE460300281A00205C7C0300EE46030002
:10433000034BD3E8EF2FC3E8E10F0029F9D1704711
:10434000BC4F00200F2810B50CD80D280CD90A48F6
:1043500017F0C4FB044618B104210C3017F0DBFB46
:10436000204610BD1328F2D009B10448F0E702201E
:10437000BDE81040FFF790BF541A0020A419002098
:1043800038B50B6805460C464BB90E490E48FA2362
:104390000E4A16F00FF9FA210C4816F002F94A6895
:1043A000DA600B684A895A820868FFF75FFA20468C
:1043B000102200211CF027FA2846BDE8384017F0EB
:1043C000B3BC00BF20470300B02B03005A460300D4
:1043D0002DE9F84305460C461F4616464AB92649BC
:1043E000D623264A264816F0E5F8D621234816F0AB
:1043F000D8F838B92349D723204A214816F0DAF8EB
:10440000D721F3E7CA684B699A4207D11E49DB23DB
:104410001A4A1B4816F0CEF8DB21E7E7084617F0EA
:104420009BFC804638B11949DD23144A144816F024
:10443000C1F8DD21DAE701F10C09484605F10C016C
:1044400017F056FBE368626931469B1A13FA86F34C
:104450006B82012348466B722E82FFF779FBE3687B
:1044600028467B60638AC4F80C807B81A4F81280A4
:104470003C60BDE8F88300BF264403005A460300B1
:10448000B02B03002D470300324703004F470300C2
:10449000F0B505460E46174685B0AB88012B0ED900
:1044A000284617F04FFB044648B1AB88984208D91C
:1044B000022100930D4A03460D4816F0D8FE05B0C0
:1044C000F0BD284617F03EFB2B688DF80800013C34
:1044D000394602A88DF809400393B0470028EED072
:1044E00021462846FFF734FBD7E700BF6F4703009C
:1044F00048150300C3681B780221024A024817F0DE
:1045000073BC00BF9A4703006815030038B5C5683F
:104510002B7893B9B5F801400F21204603F018F924
:10452000EB78054650B90A4A118831B96FEA045050
:104530006FEA10501080074A137038BD03730121D1
:1045400002F0F2FF2846BDE8384002F05FBF00BF2E
:1045500014580020CC58002070B5C3681D787DBB6E
:10456000B3F801600F21304603F0F2F8044638B981
:1045700001213346BDE87040124A134817F034BC9D
:10458000294602F0D1FFA378012B04D02046BDE8D4
:10459000704002F03BBF231DD3E8AF3FDB07F5D5EA
:1045A0000321204602F0C0FF032017F0EEFD034672
:1045B0000028EBD00221054A034817F015FCE5E777
:1045C00070BD00BFC247030068150300E847030041
:1045D00010B5C3680121B3F80140204603F0B8F8D4
:1045E00038B901212346BDE81040044A044817F0B9
:1045F000FBBBBDE8104002F009BF00BF0E4803003E
:104600006815030010B5C36801211C88204603F01B
:104610009FF838B901212346BDE81040034A0448F9
:1046200017F0E2BBBDE8104002F0F0BE0E480300F8
:104630006815030010B501210C30FFF7A7FA0378C5
:104640000121BDE81040024A024817F0CDBB00BF6F
:104650003248030068150300014610B50848FFF70B
:104660003FF8084908481AF099FB031E06DABDE82E
:1046700010400121054A064817F0B6BB10BD00BF27
:10468000CC120020AC1500209039002054480300C3
:104690006815030073B5C5680121B5F8016030469F
:1046A00003F056F8044640B9012133462D4A2E48FE
:1046B00002B0BDE8704017F097BB2B781A2B19D1C8
:1046C000C378012B4AD14FF48041043017F081FBAD
:1046D00043040FD4D4F88C3069460093D4F8943056
:1046E0002046019304F03CFA204602B0BDE8704039
:1046F00002F08CBE2B788BBB40F2E242B5F803305F
:104700001A495343C4F88830B5F80520A4F890201E
:10471000B5F80720A4F89220A3F5EA520C3A8A4291
:1047200004D90221124A104817F05EFBB4F8903009
:10473000B3F5FA7F04D302210E4A0B4817F054FB5D
:1047400040F67641B4F89230A3F10A0292B28A425E
:1047500004D90221084A044817F046FB204603F01A
:10476000FDFAC1E70E4803006815030095F03C0010
:104770007148030098480300BF48030010B50024A7
:1047800086B003AB00934FF462724FF0FF330549DC
:104790000548CDE9034405940FF0E6FA204606B03B
:1047A00010BD00BF20720020E83800200121024A1D
:1047B000024817F00CBB00BFEB480300681503006C
:1047C0000B46B0B50D8A00AF04462946D868FFF7FE
:1047D000ADFA8AB06A46094BCDE90750CDE90534F8
:1047E00040F20243ADF82430054B4FF432510548F6
:1047F00042F8103F17F0FAFABD46B0BD0549030074
:10480000050000016815030070B5C5680121B5F801
:104810000160304602F09CFF044638B9012133465E
:10482000BDE870400B4A0C4817F0DEBA2B783BB954
:10483000D5F80330C0F89830D5F80730C0F89C3070
:10484000201D4FF4003117F0C4FA2046BDE8704037
:1048500002F0DCBD0E4803006815030037B50446BE
:10486000084602EBC3039A4202D16FF05E0010E0EB
:10487000114611F8085BA54211D1038A517899427B
:1048800009D908480121084A009416F0F0FC6FF09D
:10489000150003B030BD536898470020F9E70A4679
:1048A000E1E700BF68150300274903002DE9F04741
:1048B0000C4610F0E3FAE5682B78022B75D0042B38
:1048C0000AD001213D4A3E4817F08EFA2046FEF7F5
:1048D000CDFF6FF015040EE0B4F81080B8F1020FB0
:1048E0000ED84346374A3648012117F07DFA204654
:1048F000FEF7BCFF002410F033FB2046BDE8F08734
:1049000068783E280CD1B8F1030F02D12E4A4346F5
:10491000E9E7EB78012B01D00A2B46D1032704E00D
:1049200017F03BFA0746F8073FD504F10C060121C2
:104930003046D4F814A0FFF70BF902213046FFF7F8
:1049400025F9814600783E2807D1E3681B78012BC2
:1049500001D00A2B06D1032614E017F01EFAC10776
:1049600006460FD441F26813184A1949194815F040
:1049700021FE002383F31188BFF36F8F03231846B2
:1049800002DF0226144A0623214699F8000017F098
:1049900049FAB2070DD56369A5EB0A0513FA85F547
:1049A000E560A4F81080BB07A4D52046FFF754FEAD
:1049B000A0E72046FEF75AFFF5E700BFD249030003
:1049C0006815030049490300654903008549030050
:1049D000B9490300B02B0300101D030010B50121DD
:1049E00004460C30FFF7D2F82146BDE81040022300
:1049F000014A007817F016BA401D030073B53E480F
:104A0000FEF7D8FE0446002873D000F10C052846B6
:104A100017F098F80228034603D0042847D0374AF5
:104A200003E0238A032B05D8354A0121354817F0C6
:104A3000DBF913E004212846FFF7A8F8FF2342889A
:104A400006882376238AC6F30B009A42608309D036
:104A5000012100922B482C4A16F009FC2046FEF753
:104A600005FF12E00F2102F073FE054610B9638BBB
:104A7000264ADAE702F092FE21462076320B2846DB
:104A800002F01EFC284602F0C1FC214BD3F8343161
:104A90007BB3204920481AF081F9031E29DA01214D
:104AA0001E4A184802B0BDE8704017F09DB928466C
:104AB0000221FFF76BF8054600783E2812D017F068
:104AC0006CF910F002060DD140F69A43144A1549CC
:104AD000154815F06FFD86F31188BFF36F8F032320
:104AE000184602DF06232146104A287817F09AF963
:104AF000B4E702B070BD00BFCC1200207B4A0300B7
:104B0000E649030068150300074A03002B4A030027
:104B100098110020AC150020903900205448030063
:104B2000854903004D4A0300B02B0300501D0300CC
:104B300010B5012104460C30FFF728F82146BDE8E6
:104B400010400923014A007817F06CB9801D03005A
:104B5000F8B50121044600AF0C30FFF717F80678CE
:104B6000002321463046104AFFF778FE5F3019D106
:104B7000258AE0682946FFF7D9F86C468AB06A466C
:104B80000A4BCDE90750CDE9053640F20243ADF8B6
:104B90002430074B4FF43251064842F8103F17F0CB
:104BA00025F9A546BD46F8BDC81D03008F4A030080
:104BB00005000001681503002DE9F34700230746AF
:104BC00088461646DFF81091D9E8EF4FC9E8E23F72
:104BD000002AF9D144B901213B46404A404802B07D
:104BE000BDE8F04717F000B92046FEF763FC4FF030
:104BF0000C0A3C4D0AFB00504388BB4220D02046A3
:104C0000FEF758FC0AFB0050438801210093364A06
:104C10003B46334816F02BFBD9E8EF3FC9E8E24F9B
:104C2000002AF9D1002B54D03049314840F6EE1318
:104C3000304A15F0BFFC40F6EE112E4815F0B1FCDD
:104C4000A64208D02046FEF757FC328AF16804F1EC
:104C50000C0016F054FF2046FEF72CFC0C2606FB39
:104C600000504368ABB1B8F1000F12D12046FEF7F7
:104C700021FC012106FB00504268536803F01F002D
:104C8000814010685B0900EB8300137AEBB117F0E9
:104C9000A0F82046FEF70EFC0C2606FB00508368A9
:104CA0006BB12046FEF706FC704305F800802046F5
:104CB000FEF700FC06FB0055A8680EF09DFA2046A2
:104CC00002B0BDE8F047FEF7D1BDC94317F091F837
:104CD000DFE702B0BDE8F087C8120020C14A030038
:104CE00068150300C04F0020E94A03001C4B030075
:104CF000B02B0300854903002DE9F84FD0F80C9044
:104D0000018A99F8004000AFA30001338B4278D9A3
:104D10006D468AB06A46CDE9073105233A484FF41B
:104D20002151CDE90504394842F8103F17F05EF8EB
:104D3000AD46BD46BDE8F88F01212B46344A3348C5
:104D400017F052F8013699F800309E42F1DA09EB7B
:104D50008603B3F801500F212846B3F8038002F010
:104D6000F7FC04460028E7D000F1BC0AB8F1000FB8
:104D700003D1204602F04AFBE4E7656985B90121C9
:104D8000244A224817F023F8234940F28723234A74
:104D9000234815F00FFC40F28721204815F001FC54
:104DA000A2692B6895422046636108BFA36102F0A7
:104DB00013FA0EF021FAC5F800B0236A93B9C4E9DA
:104DC0000755DAE8AF3F08F1FF381FFA88F863B9F2
:104DD00014494FF42473114A114815F0EBFB4FF4BA
:104DE0002471DAE71D602562EBE7DAE8EF3F013B6B
:104DF000CAE8E23F002AF8D10021204602F0F8F983
:104E0000B4E70026B3469EE7214B03006815030074
:104E10004C4B0300684B03005C7C03008549030096
:104E2000B02B03007F4B030008B501F035FC064BA7
:104E3000D3E8AF2F02F00B02D3E8EF1FC3E8E02F57
:104E40000028F9D108BD00BF6C12002010B5C1E9DF
:104E500000239DF808300C460B72FEF72BFB0C224A
:104E6000024B02FB00335C6010BD00BFC04F00204E
:104E7000F8B502460B46104816F030FE0446C0B1A5
:104E800004210C30FEF702FE2046FEF713FB0C2730
:104E900000260A4D07FB005046802046FEF70AFB1D
:104EA00007FB005086602046FEF704FB07FB005519
:104EB0006E602046F8BD00BFFC190020C04F0020E6
:104EC00029289ABF014B185C09207047828B030088
:104ED00070B5C3680F21B3F801601D78304602F049
:104EE00037FC044638B901213346BDE87040184A02
:104EF000184816F079BF65B12846FFF7E1FF29464B
:104F00000246204603F02AF82046BDE8704002F031
:104F10007DBA8378012B07D109F086F9204616F077
:104F200024FF002808BF05252846FFF7C9FF2946AA
:104F30000246204603F012F8002DE5D00121064A72
:104F4000044816F044FF0521204602F0AFFCDBE7E1
:104F5000C247030068150300984B03002DE9F04198
:104F6000C6680F21B6F801703578384602F0F0FBBC
:104F7000044638B901213B46BDE8F0411E4A1F48AE
:104F800016F032BF65B12846FFF79AFF2946024660
:104F9000204602F0E3FF2046BDE8F04102F036BAB9
:104FA000F278C37A934205D10221154A134816F0CC
:104FB0001BFFF0E78378C272012B08D10AB109F018
:104FC00033F9204616F0D1FE002808BF05252846F3
:104FD000FFF776FF29460246204602F0BFFF002D6C
:104FE000D9D00121074A054816F0F1FE05212046D7
:104FF00002F05CFCCFE700BFC24703006815030066
:10500000BE4B0300984B030010B5044692B04822F3
:10501000684606491BF0D1FB112C9DBF12AB03EB78
:10502000840454F8480C024812B010BD3C17030029
:10503000ED4B0300034B0146D3F8500182689268A0
:10504000104700BF981100202DE9F04F91B00421C6
:1050500000AF4B4816F0BDFE6D4601F01DFB88B059
:105060006A46484B4FF4E6510593474B4748069331
:105070004FF40073ADF81C30454B464C42F8103FDE
:1050800016F0B4FEAD46E179434B444E07F12008DB
:10509000012998BF1E4640462146FEF7FBFD8AB017
:1050A0006A463F4BCDF81C80CDE905363D4B4FF4A9
:1050B000235108933C4B354842F8103F16F096FEBA
:1050C000A246AD460125394EDFF8E480E3790AF1C6
:1050D000070A9D423BDB94F870506E462846FFF766
:1050E00093FF8CB06A46B4F87210B4F87630CDE90C
:1050F00007514FF40075DFF8BCC009932E4BCDE982
:1051000005C0ADF828504FF4535142F8103F1F48E6
:1051100016F06CFEB54694F871603046FFF774FFE8
:105120008AB06A46B4F874302449CDE90763244B49
:10513000CDE90510ADF824504FF43351134842F82F
:10514000103F16F053FE4437BD46BDE8F08F514680
:105150003846FEF79FFDE9468AB06A4640F20133C1
:10516000CDE905650797ADF820304FF41351074896
:1051700042F8108F16F03AFE0135CD46A6E700BF83
:105180006C120020F94B03000B4C03006815030060
:105190000300000198110020967E0300F54B0300E8
:1051A0000F4C030000020103040000021E4C030028
:1051B000040000012F4C0300060000016D4C0300A9
:1051C0000500000108B50848C37933B90321074A2F
:1051D000074816F0FCFD002008BD0821D43016F069
:1051E000F8FDFFF731FFF6E798110020944C03001B
:1051F0006815030000487047C14C030010B50B4907
:105200000B4819F0CBFD041E0FDA41F25F43094A47
:1052100009490A4815F0CEF92146094815F0CAF99E
:1052200041F25F41034815F0BCF910BD9C15002008
:10523000E8380020854903003D340300B02B03000B
:10524000C84C030070B505460C4639B1CB684A69B5
:105250009B1A032B0ED86FF0150509E04FF0FF30B5
:105260004FF0FF31FFF704FE044618B96FF06805F0
:10527000284670BD2046FEF71DF90C22164BA618D5
:1052800002FB0033032130465D80FEF741FC0580C0
:10529000238A0121033B8370304616F04CFC40F614
:1052A00035439D420FD12046FFF7C4FE0546002836
:1052B000DED001210346094A094816F095FD204633
:1052C000FEF7D4FAD4E72146064819F0EDFC002594
:1052D000FFF794FFCCE700BFC04F0020CD4C030088
:1052E00068150300D41200202DE9F04784B08046F1
:1052F00091460C4600AF71B94FF0FF304FF0FF31CF
:10530000FFF7B6FD0446C0B96FF0680528461037B0
:10531000BD46BDE8F087887AFEF7C4F83A4B834271
:105320000BD03A493A484FF4D7733A4A15F042F94C
:105330004FF4D771374815F034F90122002138466F
:1053400019F0CBFC2046FEF7B5F80C23DFF8C8A017
:1053500003FB00A087602046FEF7CAFA01464046DC
:10536000FFF770FF054618B12046FEF77FFACDE73C
:1053700000233846294A0DF0BDFF064690B14FF490
:10538000F173244A2649224815F014F93246414661
:10539000244815F00FF985F31188BFF36F8F0323AD
:1053A000184602DF2046FEF785F80C2358431AF80A
:1053B0000060FEB16D468AB06A461B4B0796CDE988
:1053C00005381A4B4FF43251089340F20243ADF8BE
:1053D0002430174B174842F8103F093E16F006FDDF
:1053E0002046AD46F6B2FEF741FA092E08D8124B18
:1053F0009D578BE7B9F1000FB6D0C9F8004085E79B
:105400006FF0040582E700BFFC1900205C7C0300FC
:10541000B02B030085490300C04F0020B4C4040032
:105420008E6D0300EF4C0300344D0300967E0300A5
:105430000500000168150300788B030073B506466C
:105440000D4642F22F00002101AAFFF74DFF04464E
:1054500038B10121144A154816F0B9FC204602B0B3
:1054600070BD0198C368B3F801203280B3F80330EF
:105470002B80FEF7FBF93388A3F11B02E02A04D945
:1054800002210B4A094816F0AFFC44F248112B8860
:10549000A3F5A47292B28A42E0D90221054A0348D8
:1054A00016F0A2FCDAE700BF534D030068150300B5
:1054B000734D0300984D0300F0B585B006460DF11D
:1054C0000301002000F0A8FF054600284DD14FF051
:1054D000FF304FF0FF31FFF7CBFC0746002847D0E5
:1054E00019210C30FEF7F4FA0446294619221BF064
:1054F0008AF99DF80330204A237392F8111192F82B
:105500001031601D994294BF06F1700106F17E01D1
:1055100016F056FC938938462380D3896380B6F809
:105520008C30A4F80D30B6F88E30A4F80F30B6F8F1
:105530009030A4F81130B6F89230A4F813300F4B25
:1055400001930723029301238DF80C30FDF7B2FF7E
:105550000C220B4B394602FB003301AA5A6042F27F
:105560000D000022FFF7C0FE0546284605B0F0BD3D
:105570006FF06805F9E700BF981100206C12002059
:10558000C04F0020F8B50228054600AF3DD10021EC
:105590000246084602F0D0FD044680B90121264AA1
:1055A000264816F014FC032016F0EFFD034620B148
:1055B0000221234A214816F017FCBD46F8BD031D01
:1055C000D3E8AF3FDB0706D5032101F0ADFF20464E
:1055D00001F01CFFE7E740300EF062FC10F00C0613
:1055E00008D116482946174A16F0F1FB31462046E5
:1055F0002573EAE72046FFF75FFF0028E7D0012187
:10560000114A0E4816F0E3FBE1E76C468AB06A46A1
:105610000E4B4FF41251CDE905300D4B074807935F
:1056200040F20133ADF820300A4B42F8103F16F03B
:10563000DDFBA546C1E700BFBB4D030068150300B5
:10564000E8470300D94D0300FF4D03001B4E030044
:10565000967E03000400000130B54FF0FF304FF09C
:10566000FF3185B0FFF704FC0446B0B10C4B0025B8
:10567000019307238DF80C500293FDF71BFF0C22BA
:10568000084B214602FB003301AA5A6042F20E0089
:105690002A46FFF729FE05B030BD6FF06800FAE733
:1056A0006C120020C04F00202DE9F0438DB004782B
:1056B000054600AF5CB16149614840F28153614ADF
:1056C00014F078FF40F281515E4814F06AFF5E4B9F
:1056D000B0F80180198848F47042914205BF1C80DF
:1056E0005A4BA14693F8009000F098FCEB782E1DE1
:1056F000012B08BF564B304608BF93F86F4016F099
:105700000FFB3146C8B307F1080016F0FEFAD5F8D2
:105710001130C7F80130B5F81530A7F8053001236E
:105720003B70E87840B9022207F1080102F004FD5D
:10573000EB78044673B39CBB07F110043146204656
:10574000FEF7A8FA6D4688B06A46424B4FF4E25124
:10575000CDE905344FF40073ADF81C303E4B3F48A3
:1057600042F8103F16F042FB1321AD46404616F0BA
:1057700096FB3437BD46BDE8F083204616F0BFFCEB
:10578000014607F1080016F01BFB3146384616F0BB
:1057900017FBC6E76FF08001314816F02AFBCAE715
:1057A000204640F2E242B5F8013007F1080120F846
:1057B000703B16F005FBB5F8173053430022C4F8D0
:1057C0008830B5F81930A4F89030B5F81B30A4F83B
:1057D0009230EB782273E3706BB9394604F17E00A6
:1057E00016F0EEFA217A1A4BC1EBC101194404F10B
:1057F000770016F0E5FA0721204601F095FEB9F191
:10580000000F05D00121204684F80C9001F08CFE99
:10581000204602F03BF8204601F0F8FDE378002B2B
:10582000A7D1032016F0B1FC03460028A1D0022125
:105830000C4A0A4816F0D8FA9BE700BF374E03001F
:10584000B02B03008549030014580020CC580020D9
:10585000981100204B4E030003000001681503005F
:105860006C120020E847030000B5C16889B00878D1
:1058700020B109B05DF804EBFFF784BEB1F8013048
:105880008DF80000ADF80130CB7801A88DF8033019
:10589000B1F80B300431ADF81730B1F80930ADF87C
:1058A0001930B1F80B30ADF81B304B7B8DF81D3043
:1058B00016F086FA084B68461A689B88CDF80B20CC
:1058C000ADF80F30CDF81120ADF81530FFF7ECFE34
:1058D00009B05DF804FB00BF518B030010B5F7F76A
:1058E0004FFE034B1B6813B1BDE81040184710BDB5
:1058F000E44F002073B52D4D0646D5F8500119F040
:1059000070F948B901212A4A2A4816F060FA6FF066
:105910001204204602B070BD6FF0020105F1D40000
:1059200016F067FA012116F054FAC3073AD4FEF7CD
:10593000AFFA04460028ECD11F4B1E60012205F58A
:105940009070114619F0C9F905F59E7019F0A3F988
:105950001A480EF0EFF96FF0070340F69802184965
:10596000164800940EF000FA1649144819F02CFA63
:10597000D5F85001144983681B689847044630B134
:1059800001210346114A0B4816F02EFAC1E726B949
:1059900002B0BDE87040F7F7F3BD05F1C4000EF0AA
:1059A000CDF8B6E76FF07704B3E700BF9811002099
:1059B000C84F030068150300E44F00209039002011
:1059C000A8750020E04F0300AD480100E94F030037
:1059D000F0B5C56801212F8887B0BCB2204601F020
:1059E000B7FE064640B901212346274A274807B09B
:1059F000BDE8F04016F0F8B902ACD5F80220D5F8B1
:105A0000063001946989009118F05AF948B34FF0B3
:105A1000FF304FF0FF31FFF72BFA054648B901215F
:105A20001B4A1A4816F0D3F9304601F0EFFC07B0D4
:105A3000F0BD12210C30FEF74BF80346224623F846
:105A4000027B144603CC596006A98C42186022469A
:105A500003F10803F5D1294642F21A00FFF7F2FBE1
:105A6000E2E74FF0FF304FF0FF31FFF701FA044655
:105A70000028D4D002210C30FEF72AF821460780F6
:105A800042F21B00EAE700BF0E480300681503005E
:105A90000550030073B5C368D9789A781E8842EA26
:105AA0000122ADF8002059791A79B4B242EA0122F4
:105AB000ADF80220D9799A79204642EA0122ADF860
:105AC00004201A7A5B7A012142EA0323ADF80630FA
:105AD00001F03EFE054658B901211D4823461D4AE6
:105AE00016F082F90221204616F060FA02B070BD6D
:105AF000694602F097F938B91E21204616F056FA89
:105B0000284601F083FCF1E74FF0FF304FF0FF3102
:105B1000FFF7AEF904460028F2D00E210C30FDF755
:105B2000D7FF00230680C0F80A30BDF800302146B8
:105B30004380BDF802308380BDF80430C380BDF8D7
:105B40000630038142F22000FFF77CFBD8E700BF5C
:105B5000681503000E48030038B5042104460C30D4
:105B6000FEF714F8034640885D7818B1224619788C
:105B7000FFF722F835B104480DF03EFBBDE8384090
:105B8000FFF73CBB38BD00BFB8120020B0B50446DB
:105B9000032100AF0C30FDF7F9FFE26803461178EE
:105BA00040F63542B0F80100904216D16C468AB0FA
:105BB0006A46104B1048CDE90531104B4FF4125195
:105BC000079340F20133ADF820300D4B42F8103FFF
:105BD00016F00CF9A546BD46B0BD1D7810B12246A1
:105BE000FEF7EAFF002DF6D006480DF005FBFFF7A3
:105BF00005FBF0E71C50030068150300967E0300C8
:105C000004000001B812002038B50FF037F92F4D0D
:105C1000D5F83C31002B56D00022002305F59070BA
:105C20000DF068FB00284ED10022002305F59E7080
:105C30000DF056FA044668B940F6AA43244A2549AD
:105C4000254814F0B7FC84F31188BFF36F8F03234A
:105C5000184602DFD5F830315BB101211F4A2048D8
:105C600016F0B5F8D5F83001FDF700FE0023C5F8B1
:105C700030312046FDF73CFEC5F830012046FFF7E5
:105C8000D9F90346C8B10121164A154816F0ACF8F7
:105C900015480DF0B1FA2046FDF70CFC0C22134B11
:105CA00002FB0033588818B122461F21FEF784FFFB
:105CB0002046FDF7DBFDFFF7A1FAFFF79FFABDE8ED
:105CC00038400FF04DB901F039FEF8E79811002087
:105CD000854903001D4B0300B02B03005450030003
:105CE00068150300CD4C0300B8120020C04F0020FF
:105CF000F8B506460024094DEF79E3B29F4202D879
:105D00006FF0010007E02946304616F06BF90735C1
:105D1000631C08B12046F8BD1C46EEE79811002030
:105D200037B504460D46B9B12846164916F05AF95A
:105D300090B929461448C4EBC404204416F05CF919
:105D4000124816F060F9430703D5FEF763F915F022
:105D50005DFF002003B030BD684615F0A6FF0028A7
:105D6000F8D16846FFF7C4FF0028F5DA064BC4EB0C
:105D7000C4006946184416F03FF9002DE0D00146F2
:105D80002846DBE7448B0300981100206C120020AA
:105D900070B51A4E0622314605461AF043FD38B357
:105DA0004FF0FF304FF0FF31FFF762F8044608B3C1
:105DB000062229460C3015F0A2FE2146002242F2AE
:105DC0000500FFF791FA044648B110F10D0F04D118
:105DD00002210B4A0B4816F00DF9204670BD3346E0
:105DE0002A6843F86929AA88B280012283F86820CA
:105DF0000024F2E76FF06804EFE700BF0112002013
:105E0000945103007015030038B505460C4659B986
:105E1000204940F2DD33204A204814F0CBFB40F209
:105E2000DD311D4814F0BDFB086848B91C4940F23B
:105E3000DE33194A194814F0BDFB40F2DE31F0E7B9
:105E40004DB9184940F2DF33134A144814F0B2FB3D
:105E500040F2DF31E5E7037A5A0709D5124940F2EB
:105E6000E1330D4A0D4814F0A5FB40F2E131D8E7CB
:105E70004B686BB90B7A13B92B7A5B0708D52A7874
:105E800003789A4204D0294616F016F900B16560ED
:105E900038BD00BFD1510300A3510300B02B030054
:105EA000E95103000C52030024520300064BD3E8CF
:105EB000EFCF4CF4806CC3E8E2CF002AF7D1037A2D
:105EC00019430172704700BF6C1200202DE9F341A5
:105ED000002104460222084602F02EF9054648B188
:105EE00020460121FFF7E2FF284602B0BDE8F0415D
:105EF00001F08CBA404816F086F88206C0F34017CD
:105F000002D5284600F0E0FB3C4D95F8113183B1F5
:105F1000002016F0B8F860B10221394A394816F06D
:105F200069F8002F65D0012002B0BDE8F04100F013
:105F3000CBBB95F8112195F810319A4218D1022166
:105F4000314A304816F056F8002242F22900114634
:105F5000FFF7CAF910B101212C4ADFE795F811319A
:105F6000013385F81131237A43F004032372D8E713
:105F7000224604F10108414612F82E0B16F046F8AD
:105F8000064610B1224A01210EE095F81131013385
:105F900085F81131237A43F00403237295F8A73072
:105FA0005B0708D402211B4A164816F023F801208B
:105FB00016F069F8B5E74146684616F01DF801236A
:105FC0004FF0FF304FF0FF318DF80730FEF750FFF4
:105FD000044660B1082269460C3015F090FD324647
:105FE000214642F24E00FFF77FF90028DFD00A4A2F
:105FF000C9E702B0BDE8F0816C12002098110020C2
:1060000059520300701503007E520300AF52030083
:10601000CF520300EF52030019530300084BD3E89B
:10602000EF2F22F48061C3E8E01F0028F7D1530569
:1060300004D500220220034908F012BA704700BFBD
:106040006C12002047C102001FB500230190CDE96A
:10605000023302208DF80C1001AA034908F000FA5F
:10606000029805B05DF804FB095E0100034610B418
:1060700070B10A4991F8104191F811210CB1944284
:1060800008D2013281F811211A7A42F004021A7200
:1060900010BC704710BCFFF719BF00BF981100205B
:1060A0002DE9F843044660B3464D95F8102195F864
:1060B000113192B1013293421CDC002102220846C8
:1060C00002F03AF80646F0B120460221FFF7EEFE54
:1060D0003046BDE8F84301F099B95BB93A493B480D
:1060E00040F2E5433A4A14F065FA40F2E541384897
:1060F00014F057FA013B85F81131237A23F0040399
:106100002372BDE8F88305F1D40015F07CFF830607
:10611000C0F3401802D5304600F0D6FA002015F042
:10612000B2FF064698B1012103462A4A2A4815F0D3
:1061300094F895F8113113B1012015F0A4FFB8F1CE
:10614000000FDED0BDE8F843012000F0BDBA95F89D
:10615000113195F810219A420CD2013B85F811318A
:10616000237A024623F0040302201C49237208F01C
:1061700077F9DEE74FF0FF304FF0FF31FEF778FEA2
:1061800004F10109074668B107210C30FDF7A0FCB6
:10619000494615F031FF3246394642F22800FFF7F2
:1061A000A3F828B101210E4A0B4815F023FFC0E7E0
:1061B00095F81131013B85F81131237A23F004035E
:1061C0002372B6E79811002034530300B02B03006C
:1061D000A35103004D5303007015030071C002006A
:1061E0007A53030070B5044611BB20B3254915F05E
:1061F000F9FE00BB2046FFF77BFD00283BDA237841
:1062000053B92148C279002A35D1214615F0F4FE50
:106210000123C371104670BD012B04D1A37903F093
:10622000C003C02B07D00121184A194815F0E2FE1F
:106230006FF01500EFE7144DEB79012B1ED005F13F
:10624000D40015F0E0FEC30707D4002CF0D02046A0
:106250000C4915F0C7FE0028EAD1EE792146731CDF
:106260003046EB71FFF75CFD08B93046D3E7EB79B8
:10627000013BEB71CFE76FF07700CCE76FF00B00DD
:10628000C9E700BF448B0300981100209F5303000F
:10629000701503002DE9F341044640B91A4A022162
:1062A0001A4815F0A7FE002002B0BDE8F0810021D9
:1062B00041F2090001AAFFF717F8054608B1144A90
:1062C000EDE7019E0622D6F80C80124908F101077D
:1062D00038461AF0A7FA28B1062238460E491AF0B5
:1062E000A1FA18B93046FDF7C1FADCE7D8F8013059
:1062F0003046C4F80130BB882570A4F80530FDF79E
:10630000B5FA0120D0E700BFCD530300701503009C
:10631000E6530300518B03004B8B030007B568461F
:10632000FFF7B8FF044BD87118B169460020FFF79A
:10633000F7FC03B05DF804FB981100202DE9F04153
:10634000304E88B0F179002954D196F8C24014F04B
:10635000010411D12C4A02212C4815F04BFE0024D7
:10636000F471162500240127F379E0B283422BD87B
:10637000002B3FD000203AE06A464FF60940FEF776
:10638000B3FF08B1224AE6E7DDF800C0DCF80C50A4
:1063900095F80180B8F1000F0ED0AB1C02AA12359F
:1063A000174618685968083303C7AB423A46F7D115
:1063B000186838609B88BB806046FDF757FAB8F1D3
:1063C000000FCDD1134AC6E708AB05FB003353F8E5
:1063D000182C33F8143C6946CDF80120ADF805308F
:1063E0008DF80070FFF79CFC01340028BCD008B089
:1063F000BDE8F0810021084608B0BDE8F041FFF794
:10640000F1BE00BF98110020045403007015030072
:10641000305403005054030038B50C4661B10848AD
:106420000578012D05D10130FFF7B2FC00B92570C8
:1064300038BD00200870FBE76FF01500F8E700BFDB
:106440009811002070B505460E464FF0FF304FF012
:10645000FF3186B0FEF70CFD0446A0B102210C30DE
:10646000FDF736FB094A4670057003A9204605234F
:106470000095FEF7EBFC0022214642F20C00FEF7ED
:1064800033FF06B070BD6FF06800FAE76C120020B1
:1064900008B50C4B0246400903EB800015F072FE74
:1064A00002F01F0340FA03F313F0010006D122B9F2
:1064B000054815F067FE40F3C01008BD6FF0770087
:1064C000FBE700BFE84F00206C120020084A430998
:1064D00002EB8302012300F01F008340DB43D2E87C
:1064E000EF0F1840C2E8E10F0029F8D1704700BF54
:1064F000E84F002030B587B00022002360480CF040
:1065000077FB0446002840F098805E4815F03AFE7C
:1065100010F001035B4D4DD02B1D93E8070006AB37
:1065200003E90700584815F02DFEC0F34013554805
:1065300015F028FE0446002872D07BB10C22534986
:106540000DEB02001AF06EF90446002872D000210B
:106550000846FFF777FF044600286BD14A4815F03C
:1065600011FE420501D5FFF759FD0023ADF80930B2
:10657000BDF80E309DF80C00ADF80530BDF81030B8
:106580008DF80400ADF80730431E58420DF10901A3
:10659000584115F0E8FD044600284BD14FF0FF307C
:1065A0004FF0FF31FEF764FC0546002848D16FF03C
:1065B00068043FE0344815F0E5FD10F0800F344AE0
:1065C0000ED04FF480749089D1891269ADF80C40D7
:1065D000ADF80E00ADF81010ADF812300592A1E73D
:1065E0002C4C03AB2068616803C3A068186092F864
:1065F000D93024481C0744BF05238DF80D3015F011
:10660000C1FD800706D53023ADF810306023ADF80A
:106610000E3087E71B4815F0B5FD4107F3D481E73D
:1066200043B10146FFF70EFF044618B9174B286126
:10663000C3E9010012480CF0A3FB204607B030BDAF
:10664000072201A90C3015F05AFA2246294642F2D7
:106650000B00FEF749FE04460028EBD19DF80D1013
:10666000012001F00101FFF7EDFE04460028E1D111
:10667000064B06AA12E9070083E80700DAE700BF25
:1066800004500020E84F00206C120020F84F00203A
:10669000981100205C1A03004422002110B508481C
:1066A0001AF0B1F8064B03F11C001C4618F0E0FA92
:1066B00004F1300018F0DCFA0022024B1A6010BD21
:1066C000E84F002034500020044B0038597C18BF9C
:1066D000012001F00101FFF7B5BE00BFE84F002027
:1066E000032838B5054603D1BDE83840FFF702BF9F
:1066F000FFF7CEFE0446A8B90B4B6A0903EB8203F1
:10670000012205F01F018A40D3E8EF0F1043C3E8D0
:10671000E10F0029F8D1FFF7EDFE044610B128463D
:10672000FFF7D4FE204638BDE84F00202DE9F04F9A
:1067300000F10C088BB00446404615F003FA0646FB
:10674000864815F01FFD00F001038448039315F0FF
:1067500019FDC0F38003029316B90BB0BDE8F08FAA
:10676000039B13B9029B002BF7D0238A082B07D871
:1067700001217B4A7B480BB0BDE8F04F14F064BDAB
:1067800009214046FDF702FA037A228A01339A4230
:106790000546EDD30123ADF824307F238DF81E305C
:1067A000037A471C03445B7A8DF81D30FF238DF874
:1067B0001C300023ADF822300278042A98BF6A4BBF
:1067C0008DF81F2098BF9B5CADF82030037A63489A
:1067D000019315F0D7FC00F00109604815F0D2FCD8
:1067E0008246B9F1000F0BD0BDF820305A0707D50B
:1067F000297A40460131013EFDF7AAF9F6B2ABE72E
:10680000384615F08DFA0DF1100B00284FD039469F
:10681000584615F07AFAB9F1000F02D11AF0040FB8
:1068200059D1524BD3F800A0BAF1000F14D0E2684E
:106830006369B4F810B0A2EB0309019B9DF81F2017
:1068400023829DF91D10434604A8D0476369A4F82C
:1068500010B013FA89F3E36004AB0693444B1B6852
:10686000002B36D053F80899B9F1000F01D0A9F1E7
:1068700008091A688AB1E1686269B4F810B0A1EB3E
:10688000020A019A414622821B6806A8984763695A
:10689000A4F810B013FA8AF3E360B9F1000F18D02E
:1068A000D9F8082002B1083A4B469146E1E76B78E7
:1068B000FF2B09D12F4B186804909A889B79ABF86D
:1068C00004208BF80630A6E7394615F018FC03467D
:1068D000F1E7002306932148BDF8203015F052FC63
:1068E00010F0010984D1DB0782D50322484604A9B0
:1068F00001F022FC824600283FF47AAF022015F016
:1069000044FCD5F801305046CAF87E30BB88AAF85E
:106910008230BB798AF8843015F0BFFAA8B11F2302
:1069200049468AF80C30504600F0FEFD504600F013
:106930006DFDFFF7DFFD034600283FF459AF02214C
:106940000D4A084814F089FC52E75046022100F035
:10695000EBFD504600F05AFD4AE700BFE84F00202B
:106960007F54030090150300AC8B030034500020CB
:106970002C500020448B0300E8470300F8B505467F
:10698000224815F0FFFB43070F463CD52A78012A21
:1069900003D96FF015042046F8BD6B780F2BF8D89B
:1069A00043F6FC746888031F9BB2A342F1D8A98800
:1069B0000B1F9BB2A342ECD88842EAD37AB90022DB
:1069C000002313480CF014F904460028E3D1FFF724
:1069D0005FFD044640B10E480CF0D2F9DBE715F03C
:1069E000B0FB0028EBD1D4E728686968094E0A4B50
:1069F00003C6A8681F6030602046FFF771FE04469A
:106A000006F12400E8E76FF00A04C4E76C120020E6
:106A100018500020EC4F0020345000200020024B82
:106A2000186015F0B2BB00BF345000200A4A00F1D4
:106A30000803116831B98160516839B9C2E900337E
:106A4000002070478B4204D00968F3E70B60536065
:106A5000F6E76FF0100070472C50002008B503488F
:106A600015F090FB00F0010008BD00BFE84F0020CA
:106A7000884208B501F1200310D9984213D20E497B
:106A800040F2B3230D4A0E4813F094FD0D4813F065
:106A900091FD40F2B321094813F083FDEFD000F1DE
:106AA00020029142EAE7013813F8012D8B4200F8E9
:106AB000012FF9D108BD00BFA745030075450300AC
:106AC000B02B0300FE45030070B59AB018220021D8
:106AD00003A819F098FE47F21213ADF808304FF4EE
:106AE000807344F20102ADF80A30364B694602A8C1
:106AF000CDE9042310F038FA034618B3324A0121D5
:106B0000324814F0AAFB1F25314BD3E8EF1F21F0C8
:106B10000101C3E8E21F002AF7D12E4E0EF0AEF9B4
:106B2000346804B1043C002D2B4D18BF0025002C07
:106B300041D023680BB1284698476468002C3AD0AE
:106B4000043CF6E701AB4122009809A918F0D1FBFB
:106B5000034608B1214AD2E7214A0DF125030DF180
:106B6000650153F8040B8B4242F8040BF9D101ABD9
:106B700020221C49009818F099FB034608B11A4AD4
:106B8000BDE7009810F0D8F8054610B1174A034643
:106B9000B5E713491048FFF76BFF15491548FFF794
:106BA00067FF154BD3E8EF1F41F01001C3E8E21F68
:106BB000002AA9D0F6E70023C6E900330EF0D0F989
:106BC0001AB070BD0000020998540300501503006C
:106BD00038500020405000202D590020B6540300AA
:106BE000ED580020CD580020D9540300FD54030077
:106BF0000D5900204D5900206C12002030B5A7B06F
:106C00001822002107A819F0FEFD04233D220021CF
:106C100016A8159319F0F7FD47F21213ADF81830C6
:106C20004FF4807344F20102ADF81A30284B294921
:106C3000CDE9082306A804AB202210F0C9F80346CA
:106C4000E0B1254A0121254814F007FB6FF0040448
:106C50000EF014F9224B1D6865B100201860214B1D
:106C6000D3E8EF1F21F00201C3E8E21F002AF7D1A9
:106C700044B3A8470EF074F927B030BD1A4B0DF19C
:106C80005502194603F1400053F8044B834242F881
:106C9000044BF9D105AB029320230D48CDE9001335
:106CA00015AA4123049918F0F3FB034608B10F4AD3
:106CB000C8E7049810F040F804460028C8D00C4AF1
:106CC0000346BFE70DA80849FFF7D2FE0DA8D0E79D
:106CD00000000209CD5800201D5503005015030087
:106CE0003C50002038500020ED5800205355030040
:106CF0006F550300402208B5034919F093FDB0FA1F
:106D000080F0400908BD00BFB18B030010B59AB0F8
:106D100004461822002103A819F075FD44F212134D
:106D2000ADF808304FF480734FF48042ADF80A306C
:106D3000144B2146CDE9042304230DF125008DF8E1
:106D40002430FFF795FE04F120010DF14500FFF717
:106D50008FFE412201AB09A902A810F039F80446C0
:106D600002A818F0E1FB2CB901980FF0E5FF012013
:106D70001AB010BD044823460121044A14F06DFAEC
:106D80000020F5E700000209501503008C550300B0
:106D900010B5002834D01D4A136823B1043B984233
:106DA00031D05B68F9E71A4BD3E8AF1F890707D5E5
:106DB00018480221184A14F047FA6FF00F0010BD6E
:106DC0001468011D44605068116000B95160D3E837
:106DD000EF2F42F00101C3E8E01F0028F7D1D307ED
:106DE00001D50020EBE70D4BD3E8EF1F21F0100198
:106DF000C3E8E21F002AF7D10948FDF785F9F0E75B
:106E00006FF01500DBE76FF07700D8E74050002007
:106E10003850002050150300B05503006C120020BC
:106E2000CC150020044BD3E8AF3F13F0100F0348FC
:106E300008BF0020704700BF6C1200202D590020B1
:106E400070B50546194803688B4228D0184BD3E823
:106E5000AF3FDA0626D5036813B16FF00F0070BD9F
:106E6000144AD2E8AF3FDB07F7D4D2E8EF3F43F054
:106E70000204C2E8E64F002EF7D113F00204ECD171
:106E8000016029460C48FFF7F3FD0C4805F120018D
:106E9000FFF7EEFD0A48FDF737F92046DFE76FF010
:106EA0007700DCE76FF07C00D9E700BF3C500020A2
:106EB0006C12002038500020ED5800200D590020A1
:106EC000BC15002010B50446FCF7F4FA044901EBA8
:106ED00000112046FDF754FABDE81040FEF78EB9C8
:106EE0004850002070B50546134B1C6844B154F857
:106EF0001C3C1C3C13B12846297B9847E469F5E704
:106F00000E4C0F4EB44215D90E4940F2B6730E4ADC
:106F10000E4813F04FFB0E4813F04CFB40F2B671D5
:106F2000094813F03EFB236813B12846297B984794
:106F30002034E7E7F7D370BD7C500020D81403005D
:106F4000181503000E560300DE550300B02B030096
:106F5000D732030008B50B4B1B7873B90A4940F2CE
:106F600046330A4A0A4813F025FB0A4813F022FB6D
:106F700040F24631054813F014FBFBF775FF064B52
:106F8000185808BDC95C0020392E03000E2E0300DE
:106F9000B02B03004C2E03000800000010B50C4677
:106FA000817801290BD00C490C4840F2EE330C4A91
:106FB00013F000FB40F2EE31094813F0F2FAA16938
:106FC00004F118001160E26900211A60E27ABDE85C
:106FD000104019F018BC00BF29560300B02B030065
:106FE000DE55030070B505460022002316480CF05C
:106FF00081F938BB154B1C6834B154F8143C1C3C67
:1070000003B19847E469F7E7114C124EB44213D923
:10701000114940F27C63114A114813F0CBFA114830
:1070200013F0C8FA40F27C610C4813F0BAFAA36876
:1070300003B198472034E9E7F9D32846BDE870400A
:107040000CF07CBD70BD00BFE01800207C5000201B
:10705000D8140300181503000E560300DE55030074
:10706000B02B0300D73203002DE9F0410446FFF7AF
:1070700071FF1B4BD3F88830834223D14027002572
:10708000EFF3118287F31288BFF36F8FE16929B1A3
:10709000206A0B688142E36108BF236282F3118892
:1070A000BFF36F8FD1B1D1E901680E48C1E9015535
:1070B00017F0FAFD1EB1002241462046B047FEF708
:1070C0009DF8DDE7084909484FF49373084A13F027
:1070D00071FA4FF49371064813F063FABDE8F0813A
:1070E000504B0020381900203B560300B02B030002
:1070F000DE5503001FB504460430D0E8EF3F43F4EB
:107100008062C0E8E12F0029F7D15B053CD415F07F
:1071100055F8800324D5E178002937D0012941D0E2
:10712000637B072B30D1264B93F8D8309B062BD5A9
:1071300014F086FE40B30DF10E0103A8FEF77EF9B0
:1071400010BB2046BDF80E20BDF80C1014F0E6FE72
:107150000346C8B101211B4A1B4815F032F813E061
:10716000E37823B1164B93F8D8301907D3D52046CE
:1071700014F0B9FE034620B10121144A124815F05B
:1071800020F8637B072BC6D004B010BD0C4B93F8DE
:10719000D930DA0708D4022302210D4A0A4815F033
:1071A00010F8BDE70023F7E7022320461A460091B6
:1071B00014F0D3FE03460028B2D00121054AEDE7C2
:1071C00098110020D25603003815030081560300A1
:1071D000A2560300BB5603000448B0F8FC3000F58B
:1071E0008070002B08BF0020704700BF981100205E
:1071F00070B588B004460E46FFF7ACFE144BD3F8CA
:107200008820824205D1204608B0BDE87040FFF7D3
:107210002BBF24342146184617F0C0FD051E0FDA97
:107220004FF4AF730B4A0C490C4813F0C3F92946CD
:107230000B4813F0BFF94FF4AF71064813F0B1F9E2
:107240001EB1694620460CF07FFC08B070BD00BF3F
:10725000504B0020DE5503003D340300B02B0300EB
:10726000EE56030038B5002204468A4202D10024BB
:10727000204638BD012004F1C403D3E8EF5F002DA0
:1072800004D1C3E8EC0FBCF1000FF6D102D0C83432
:107290000244EAE7002CEAD0C4220021204619F07B
:1072A000B2FA04F1400004490CF0CEFD034904F1A8
:1072B00024000CF01BFBDBE7A9830100C7C102001F
:1072C000F7B516460D4601210446FFF791FF012E42
:1072D00023D0022E52D123693BB131480121314ADA
:1072E00013F0B2FF204614F092FF256121690B8A4A
:1072F000012B53D9CA681288043292B293424DD3FB
:1073000043D9012100922648274A13F0B0FF2046B6
:1073100003B0BDE8F04014F07ABF206940B9234AB9
:1073200031461F4813F090FF204614F070FF01E033
:107330002A8A2AB9284603B0BDE8F040FCF796BA7D
:10734000018A438A47695B1AC168C91B5B1A9A4262
:107350000CD9174A3146124813F076FF0022204616
:10736000216901F0D1FB00232361E3E7E9680C30D8
:1073700014F0C5FB2846FCF779FAB7E7012133463C
:107380000C4A074814F01DFFCEE7002301222046D7
:10739000236103B0BDE8F04001F0B6BB03B0F0BD1F
:1073A00038150300095703008957030026570300C7
:1073B000445703006B570300034610B590B100F12A
:1073C000C402104614F0FAFEC0B1411CD2E8EF4FDF
:1073D000844204D1C2E8EC1FBCF1000FF6D1F0D119
:1073E000184610BD0649074840F2B553064A13F047
:1073F000E1F840F2B551044813F0D3F80346EFE743
:10740000D85A0300B02B0300DE55030038B50446FC
:1074100070B9284940F2DF53274A284813F0CAF8C8
:10742000274813F0C7F840F2DF51234813F0B9F8AA
:1074300024300CF0D1FA04F1C403D3E8EF2F511E2D
:10744000C3E8E51F002DF8D1002A0CDC1D494FF4DC
:10745000BE63194A194813F0ADF81B4813F0AAF897
:107460004FF4BE61E1E7012A23D160B1174940F230
:10747000F953114A114813F09DF8154813F09AF882
:1074800040F2F951D1E7134B9C4212D303F1C802E9
:1074900094420ED2E41AC823B4FBF3F203FB124465
:1074A0003CB90D480BF0A8FEBDE838400B480CF085
:1074B00045BB38BDD85A0300DE550300B02B03008E
:1074C000A4570300C3570300CB570300E957030039
:1074D000FD570300383A0020E0180020EC1500208A
:1074E00010B50446FFF768FF0DF0C8FC0C4B04F123
:1074F000B801D3F8143143B90A4814F04FFE0DF027
:107500002FFDBDE81040FDF779BE994201D01B6800
:10751000F1E70DF025FD2046FFF778FFF1E700BF0A
:1075200098110020AC1200202DE9F843457B044659
:107530008D420E4600AF1DD1082D98BF694B6C4699
:1075400088B094BF53F82530674B6A466749CDE948
:1075500005134FF40073ADF81C30654B42F8103F33
:1075600000234FF4E4516348F9F746FAA546BD46B7
:10757000BDE8F8834173DDB1022D1CD0637B082B7D
:1075800000F2AD8001A252F823F000BFCD750100DA
:107590006F760100377601006F7501006F7501008D
:1075A0006F7501006F750100C57501006F750100F1
:1075B000FFF702FFE2E78378012BDFD140300CF0C8
:1075C000D9FDDBE70023C4E90D33D0E7082DCED881
:1075D000DFE805F02A0521172626212A2A0004F1D2
:1075E000400528460CF0C6FD01212046FFF700FEAD
:1075F000204614F00CFE0022002328460CF0B4FDB7
:10760000B5E7022014F0C1FD034620B102213A4A39
:10761000384814F0D6FD237B13B12046FFF762FCF7
:107620002046FFF7F3FEA2E73346344A02213148F1
:1076300014F0C7FD9BE7A378012B98D1304B9D8AAE
:10764000002D94D00A2347F6122640F2E73000219D
:107650005D434FF47A720023E5FB0601F2F794F9DB
:1076600002460B4604F140000CF0F6FC7FE7237B5A
:107670003E2B0FD16D4688B06A46224BCDE90534CA
:10768000032342F8103F00234FF4C4511948F9F77F
:10769000B3F9AD461A4D05F58078616911B9FDF76A
:1076A000ADFD64E7A2690B68914208BFA361636105
:1076B0000023D1E901691448C1E9013317F0F4FA54
:1076C00026B16FF06D0249462046B047B5F8FC3050
:1076D000002B14BF404600200BF08EFDDDE70B4A67
:1076E0003346A3E7DC1D0300345803003E58030073
:1076F00003000001381503004F58030080580300B1
:10770000981100209758030038190020BE58030034
:10771000F8B5074609480D461646FFF74DFE0446E4
:1077200050B183781F4203D1BDE8F840FFF76EBE29
:107730003146A8472046F7E7F8BD00BF383A002099
:10774000002201200149FFF7E3BF00BF03C202008E
:1077500070B505460E480E46FFF72EFE0446A0B152
:10776000437B012B02D0073B012B0CD82388AB4273
:1077700008D1A3781E4209D102212B46054A0648AA
:1077800014F01FFD2046FFF741FE0024204670BD87
:10779000383A0020DA5803003815030008B5114BB9
:1077A00098420AD303F1C802904206D2C822C01AF6
:1077B000B0FBF2F302FB130373B10B4940F21B63FE
:1077C0000A4A0B4812F0F6FE0A4812F0F3FE40F2A5
:1077D0001B61064812F0E5FE074BC0105843C0B2CB
:1077E00008BD00BF383A0020F1580300DE55030001
:1077F000B02B0300685A0300295C8FC22DE9F843BF
:1078000005460F4616461C469046994617F0D6FA8E
:1078100058B11749174840F23763174A12F0CAFEA9
:1078200040F23761144812F0BCFE34430BD0FFF72E
:1078300091FB124BD3F88830834207D10221104AC2
:10784000104813F001FD4FF00008C1460E494246B2
:107850004B46002D14BF2846084614F03FF9044655
:1078600018B1791D0C30FCF711F92046BDE8F883FA
:10787000825A0300B02B0300DE550300504B00205A
:10788000915A0300381503004C19002010B5044626
:1078900005480CF053F9204600F0EAFF2046BDE809
:1078A0001040FFF71FBB00BFDC15002010B5437B65
:1078B0000446023B062B35D8DFE803F00D043434D0
:1078C0003427320001730021FFF72EFEBDE810407F
:1078D0000220FEF705BF8378012B06D140300CF063
:1078E00049FCBDE81040FDF7B7BE4FF4F4630F4A02
:1078F0000F49104812F05EFEA1780F4812F05AFEB0
:107900004FF4F461094812F04CFE008814F0C7FAF5
:1079100038B9637B072B03D108212046FFF704FE0B
:10792000002010BD6FF07F00FBE700BFDE550300B5
:107930005C7C0300B02B0300BA5A03002DE9F04F22
:10794000002387B000AFFB607B619D4B5A8B3AB13F
:107950009C4DD5F814413CB91C37BD46BDE8F08FAD
:107960001B68002BF4D1F7E754F8B83903B1B83BE2
:107970000026954913E01346B5F8FC20002A00F0D4
:10798000D881D5F80821C2B904F1B806002BE3D09C
:10799000D3F8B8201C46002AEDD0A2F1B8039C42CF
:1079A000EAD18A4940F2B933894A8A4812F002FE84
:1079B00040F2B931864812F0F4FD0A68002AE3D09B
:1079C000D4F8A420002ADFD0D4F8A820002ADBD0E5
:1079D000D4F8AC20002AD7D0637B072B41D12046B6
:1079E000904700283DD004F1BC0014F0E7FB0228CA
:1079F00037DC2046FFF7E0FC04460028ACD0637B70
:107A0000072B40F093812046D4F8A430B5F8FC1041
:107A100007F1100298478046002800F07581B5F8FC
:107A2000FC203B699A4208D30146D4F8A86020465E
:107A300007F1140307F10C02B0473B69D7F80CA01B
:107A40007B60B8F81030D7F81490002B3BD1624916
:107A50004FF424735E4A5F4812F0ACFD4FF424717A
:107A6000A8E704F1B803B34209D15C4940F2D63328
:107A7000574A584812F09EFD40F2D6319AE7D4F8A2
:107A8000B820C6B9D5F81811C5F814218B4201D118
:107A9000C5F8182100232046C4F8B830D4F8AC301B
:107AA00098470028ABD0637B072B40F03F812046EE
:107AB000FFF716FDA3E73260D5F81821934208BFFF
:107AC000C5F81861E6E7404614F046F948B1424966
:107AD00040F297233E4A3F4812F06CFD40F2972156
:107AE00068E7B5F8FC303E48002B08BF00200022B4
:107AF00000230BF0FFFB60B1374940F2A723344A63
:107B0000344812F057FD374812F054FD40F2A721D7
:107B100050E7002200232C480BF0E2FA064660B939
:107B20002D4940F2B2232A4A2A4812F043FD2E483A
:107B300012F040FD40F2B2213CE7C0E901A97B68A8
:107B4000B5F8FCB05B4598F8083098BFB7F804B0BA
:107B5000013B012B09D9254940F2D2231C4A1D487B
:107B600012F028FD40F2D22124E7404614F0F4F848
:107B7000814638B11E49AC23154A164812F01AFD49
:107B8000AC2117E70146002200230D48FBF7CCFC8F
:107B9000824658B1FBF78EFC164B414603EB0013AF
:107BA0005A465046FCF714FC804638BB124940F256
:107BB000DB23074A074812F0FDFC40F2DB21F9E61F
:107BC000D01900209811002038190020D15A030044
:107BD000DE550300B02B03005C7C0300DD5A03007C
:107BE00098120020F85A03000D5B03001D5B030090
:107BF000455B0300485000205F5B03007B68B5F8DD
:107C0000FC2094F8C0B093428CBF4FF001090BF1F7
:107C1000020384F8C09098BF5FFA83FB04F1BC09AB
:107C2000D9E8EF2F0132C9E8E12F0029F8D104F19A
:107C30001403314618467B6014F0B0FA94F802A0A1
:107C4000BAF1010F64D108F10C02042110467A60E8
:107C5000FBF75EFF21880BF0FD0341EA033303804D
:107C6000B8F810307A68043B43800221104613F0C4
:107C700062FF4046FDF7DEF9002857D07860D9E86A
:107C8000EF2F013AC9E8E12F0029F8D1314604F17C
:107C9000140014F09BFA284A51467B68274814F0D8
:107CA00090FA4046FBF7E2FDD6E901890023314610
:107CB000C6E90133224816F0F7FFB8F1000F04D0EF
:107CC0006FF06D0249462046C047B5F8FC301D48AC
:107CD000002B08BF00200BF08FFA6D4688B06A4673
:107CE000194B05936FF00403CDE90634042342F8E1
:107CF000103F4FF4015111480023F8F77DFE132186
:107D0000AD462046FFF7D2FD2046FFF77FFB23E676
:107D100040F2FF230D4A0E490E4812F04BFCA178A9
:107D20000D4812F047FC40F2FF2143E6FDF766FAEA
:107D3000EAE79368FFDE00BFCD4C0300381503006F
:107D40003819002098120020905B0300DE550300D4
:107D50005C7C0300B02B0300735B030040F2E24342
:107D60002DE9F041D0F888600446B6FBF3F6031D18
:107D7000184614F023FA8204B6B213D5B4F88C2056
:107D8000B2420FD8B4F88E20B2420BD3D4E92412F9
:107D9000914207D1D3E8EF1F21F40051C3E8E21F5D
:107DA000002AF7D1184B1D6865B155F80C7C1C3DB5
:107DB00037B131462046B4F89230B4F89020B84735
:107DC000ED69F1E7114DDFF84880454519D91149B2
:107DD00040F2FC73104A114812F0ECFB104812F00C
:107DE000E9FB40F2FC710C4812F0DBFB2F6937B164
:107DF00031462046B4F89230B4F89020B847203588
:107E0000E3E7F3D3BDE8F0817C500020D8140300F1
:107E1000181503000E560300DE550300B02B0300B7
:107E2000D73203002DE9F041074608460D4614F00D
:107E300009F8064618B900263046BDE8F0811C4B0B
:107E40001C6884B154F8103C1C3C0BB9E469F8E799
:107E50002946384698470028EDD0284613F0F2FF0F
:107E60000028F3D1E7E7134CDFF84C80444518D9DC
:107E7000124940F63D03124A124812F09BFB124889
:107E800012F098FB40F63D010D4812F08AFB29469E
:107E9000384698470028CED0284613F0D3FF20B9A3
:107EA000C9E7C9D2E368002BF1D12034DEE700BF77
:107EB0007C500020D8140300181503000E56030050
:107EC000DE550300B02B0300D73203002DE9F0414B
:107ED000C37804468BB900F17E06194B1D687DB14D
:107EE0001C3D04F170076B691BB13A4631462046D0
:107EF0009847ED6925B11C3DF5E700F17706ECE701
:107F0000104D114F04F17008BD4216D90F4940F6CB
:107F1000C5130F4A0F4812F04DFB0F4812F04AFBF1
:107F200040F6C5110A4812F03CFB6B691BB1424692
:107F30003146204698472035E6E7F6D3BDE8F08184
:107F40007C500020D8140300181503000E560300BF
:107F5000DE550300B02B0300D7320300F8B5437A97
:107F600005468372164614F0E4FA154B1C684CB1B2
:107F700054F8043C1C3C1BB132462846697A9847A9
:107F8000E469F4E70F4C104FBC4216D90F4940F694
:107F90001E230F4A0F4812F00DFB0F4812F00AFB88
:107FA00040F61E210A4812F0FCFAA3691BB13246C2
:107FB0002846697A98472034E6E7F6D3F8BD00BF33
:107FC0007C500020D8140300181503000E5603003F
:107FD000DE550300B02B0300D732030038B5054649
:107FE0000C460F480121FFF73DF9C0B10572236827
:107FF0000367A388A0F87430A37980F87630012352
:10800000437283728370074BC0F8A430064BC0F8EC
:10801000A830064BC0F8AC30054BC0F88C3038BDEA
:10802000383A00202D8701009D6F0100B1C1020088
:108030001800280070B505460A480E46FFF7BCF93F
:10804000044620B18378012B04D0FFF7DFF9002428
:10805000204670BD3246294614F09EF90028F7D11B
:108060002046F2E7383A0020F0B589B000AF0D465F
:10807000FFF7E0FF044618B329463846FBF70AFE2F
:10808000637B6D46082B98BF0F4A8AB094BF52F8A5
:1080900023300E4B6A46CDE907730D4B0D4909930A
:1080A0000D4BCDE9051442F8103F00234FF4425127
:1080B0000A48F8F7A1FC2046AD46FFF7A7F90120D2
:1080C0002437BD46F0BD00BFDC1D0300345803005B
:1080D00001030204B35B030005000002381503002E
:1080E00038B50446134814F069F8420702D46FF01B
:1080F0000A0038BD084613F0A5FE10B96FF0150050
:10810000F7E7FEF7ABFC0028F1D10A4814F056F867
:108110000306C0F3C0150AD414F013F80028EDD0FC
:1081200021462846FFF7A0FF0028E2D0E6E76FF0DF
:108130007700DEE76C120020F8B505460E480E46C3
:108140001746FFF739F9044620B18378012B03D095
:10815000FFF75CF900240DE036B13246294614F0F1
:108160001BF908B92046F3E7637BBB42FAD1237AB7
:10817000AB42F7D12046F8BD383A002070B58B7875
:108180000646012B0C4692B042D191F8703007ADF3
:10819000032B37D8DFE803F0023032341E4928467B
:1081A000F5F77EF8059594F871301E21049394F844
:1081B00072301A4A039394F873300AA8029394F821
:1081C0007430019394F87530009394F8763011F080
:1081D0004FFD32460AAB10AD1C4603CCAC421060DA
:1081E0005160234602F10802F6D120681060304643
:1081F000A388938012B070BD0949D0E70949CEE742
:108200000949CCE70A212846084A11F031FDC9E79F
:1082100000238DF82830DCE7022703001D27030028
:10822000F62503000927030013270300D16E03007E
:108230002DE9F04104460F4615469846002B6ED0B6
:108240001B6823B10221394A394812F0FDFF294643
:108250002046FFF745FF064600283FD12046294625
:1082600014F070F8044600285CD097E80F00314DF8
:1082700005F1080C8CE80F00AB8A002B08BF4FF407
:108280009673AB822B8A03B9AB892B826B8A03B9B5
:10829000EB8929486B8213F091FF430501D5FDF767
:1082A000BDFE95F8112195F810319A4219D9032194
:1082B0002046FFF739F90220FEF712FA054658B1B9
:1082C000022013F062FF20460021FFF72DF920461F
:1082D000FFF79CF82E4601E0C8F800403046BDE8A4
:1082E000F08102212046FFF71FF9204613F0D5FD4B
:1082F00005460028F0D0002120462173FFF714F92D
:108300002046FFF783F80320FEF7EAF9034600282A
:10831000E0D00221094A064813F053FFDAE76FF074
:108320001506DBE76FF00B06D8E700BFEC5B030038
:1083300038150300981100206C120020E847030054
:1083400038B5044608460D4613F07CFD38B3154B8E
:1083500093F8D830990707D4E37873B129462046BB
:10836000BDE8384000F0FCBB94F898309A07F3D58C
:10837000201D13F023FF4304EED42946204614F0B9
:1083800031F858B92B88A4F88C306B88A4F88E305B
:10839000AB88A4F89430EB88A4F8963038BD6FF021
:1083A0001500FBE798110020F7B510F8333C0446A0
:1083B000A0F140068BBB304614F05EF83A4B1D68C6
:1083C0004DB155F8183C1C3D1BB1304614F8341C17
:1083D0009847ED69F4E7354D354FBD4216D935491B
:1083E00040F2C573344A354812F0E4F8344812F0CC
:1083F000E1F840F2C571304812F0D3F86B681BB158
:10840000304614F8341C98472035E6E7F6D330465A
:1084100003B0BDE8F040FEF7F9BF10F83E3C012B79
:108420003AD110F83D3C8BB9FDF716F9693033D1DC
:108430000221244A244812F007FF40F23912002397
:10844000204603B0BDE8F0400BF08EBEA0F13C0525
:10845000D5E8EF3F23F40052C5E8E12F0029F7D11A
:108460009B0411D5E36C69460093636D304601931C
:10847000FFF766FF034688B9D5E8EF3F23F4805342
:10848000C5E8E23F002AF7D1D5E8EF3F43F40063A7
:10849000C5E8E23F002AF7D103B0F0BD02210B4A44
:1084A000094813F08EFEEFE77C500020D81403003B
:1084B000181503000E560300DE550300B02B030011
:1084C000D7320300215C030038150300545C03001D
:1084D0000C4B10B91860002070471A6872B9026915
:1084E000002AF7D1026832B9426822B9826812B90B
:1084F0004269002AEED06FF0150070476FF07700E8
:10850000704700BF8C50002008B568B1094B00F1DE
:108510000C011A6822B9074813F040FE104605E026
:10852000914204D01268F5E76FF0150008BD6FF0B6
:108530007700FBE78450002038B5174816F0ABFBF6
:108540001649154816F0B0FB1549134816F0ACFB58
:108550001449114816F0A8FB14F0F2FB04F0D4FB08
:108560000446B8B905F00EFF044698B914F043F874
:108570000D48FEF721FF054660B1043013F01EFEE2
:10858000C30704D5032128462C72FEF7CDFF2846E9
:10859000FEF73CFF204638BD381900205850002017
:1085A0006450002070500020383A002010B5026856
:1085B000D2F8B0305BB90D490D484FF43C730D4A09
:1085C00011F0F8FF4FF43C710A4811F0EAFFD2F8BD
:1085D000B4401968A34200F1440008BFC2F8B410C7
:1085E0008342C2F8B010E6D110BD00BF335D030076
:1085F000B02B0300025D030003460121014A02483B
:1086000012F02BBE4D5D03008015030080B500AF56
:1086100088B06A46074BCDE90530032342F8103F86
:1086200000234FF4C2510448F8F7E6F96FF00B004D
:10863000BD4680BD755D03008015030008B5064A80
:10864000136823B90548506018460A6008BDFFF753
:10865000DDFF6FF00B00F9E790500020281E0300AB
:1086600070B5044652EA030007D1002213462046A3
:10867000BDE870400431FFF7C1B80E48007870B90A
:108680000D4940F246330D4A0D4811F093FF0D4855
:1086900011F090FF40F24631084811F082FFFAF7DE
:1086A000E3FB094D094ED5F8885030588542DED19C
:1086B000DBE700BFC95C0020392E03000E2E03004B
:1086C000B02B03004C2E0300504B0020080000008C
:1086D00073B5054618462B680BB35B7B072B1ED181
:1086E000002A0CBF012302230E7A9E4209DD0121DC
:1086F0000C4A0D48009612F0BAFD6FF0150002B05A
:1087000070BDCB7A072BF8D9C8618A6105F13000BA
:1087100016F0CAFA284613F08FFE0020EFE76FF03C
:108720007F00ECE79C5D0300801503002DE9F84F06
:10873000064688469146D0F8B04000AF3CB1443C74
:10874000236B5BB92046FFF731FF646CF6E7FCF75B
:1087500055FD00263046BD46BDE8F88F04F1300ACD
:10876000504616F0B6FA05460028F0D0737B072B6A
:108770000BD0384940F2D633374A384811F01AFF47
:1087800040F2D631344811F00CFF13F0E5FA80B115
:108790006C4688B06A46324BCDE90535032342F872
:1087A000103F00234FF4C2512E48F8F725F9A54693
:1087B000CFE72846FBF79CF8A56C06469DB9A38C2D
:1087C000058A403B9BB23F2B03D8238D9D4228BF97
:1087D0001D46042106F10C00FBF79AF90580A38CD5
:1087E00004354380A56445452AD8B6F810B0AB459A
:1087F00012D10022002350460AF072FC864209D0B2
:1088000019494FF48163144A144811F0D3FE4FF410
:108810008161B7E7FBF72AF8A38CA3F140023F2A56
:1088200006D8AB451ABF00221346104AF361B26165
:108830002046FFF7BBFE236B13B1204613F0FCFD6F
:10884000A36C98452CBF0021A3EB0801C9F80030A8
:10885000A1647FE7BC5D0300025D0300B02B030051
:10886000DD5D030080150300F55D0300A9C502006E
:108870002DE9F34104464FF000083D4D3D4FBD4208
:1088800071D93D494FF4D3733C4A3D4811F092FEF3
:108890003C4811F08FFE4FF4D37110E029884B1E35
:1088A0003E2B0FD940F2A913344A3749344811F00E
:1088B00081FE2988354811F07DFE40F2A9112F482C
:1088C00011F06FFE204613F066FE0646019068B177
:1088D00040F2AD13294A2E49294811F06BFE298830
:1088E0002C4811F067FE40F2AD11E8E720466B68B6
:1088F00001A99847002831DB019B2A889A829A8433
:1089000003F11002D2E8EF1FC2E8E06F0028F9D1AE
:108910005E649E649E60A16B03F1080201BBC4E922
:108920000D221C60C3F80C8003F1300016F0B3F97F
:10893000019843681B6803B19847019B1033D3E843
:10894000EF1F41F00101C3E8E21F002AF7D10198AF
:108950004368DB6913B100F11001984708358EE7D1
:108960000A60A263DDE799D302B0BDE8F08100BFE1
:10897000C0140300D81403009E5E0300025D0300D0
:10898000B02B0300D7320300055E0300345E030002
:108990005F5E0300735E03007FB50D46064604214B
:1089A00005F10C00FBF7F2F82A8A4388044693424B
:1089B00008D000931346444A0121444812F057FC62
:1089C00004B070BD417839B90121414A3F4804B033
:1089D000BDE8704012F038BC0278122A22D0132A67
:1089E0001AD0012AECD0022113463848394A12F035
:1089F00034FC617802220120356813F0B2FD044690
:108A00000028DDD002210C30FBF762F8002321465C
:108A100003704370284624E0022BD1D0022200923A
:108A20002D4AC9E7082B03D0082200922B4AC3E73E
:108A30003468637B072B02D00221294AC6E7E3781A
:108A4000A3B10222012013F08CFD05460028B7D007
:108A500002210C30FBF73CF80023294603704370D9
:108A6000204604B0BDE8704013F0ABBDEB681320A6
:108A70001A88ADF808205A88ADF80A209A88ADF80F
:108A80000C20DB880222ADF80E3013F06AFD05469B
:108A9000002895D002A92046FFF7C4F90646022116
:108AA00005F10C00FBF714F886F00103DBB203803C
:108AB0002946204613F085FD002E81D0204602A9CC
:108AC00013F090FC7CE700BFC55E03008015030037
:108AD000E65E0300725F0300075F0300325F03007E
:108AE000645F030008B50B8A032B06D80121044AF2
:108AF000044812F0A9FB002008BDFFF74DFFFAE77C
:108B00009A5F03008015030038B50B8A0546032BD6
:108B10000C4609D801210F4A0F4812F095FB204658
:108B2000BDE83840FAF7A2BE042104F10C00FBF7BF
:108B30002DF84188284613F055FD30B9074A0B46F9
:108B40000548022112F089FBE9E7436821465B6989
:108B50009847E4E7B85F030080150300D55F030082
:108B600070B5134A0C4613780646013313F0FF0123
:108B70000ABF01230B46194613701220082213F076
:108B8000F0FC054688B108210C30FAF7A1FF2288D5
:108B90002946028062884280A2888280E288C28060
:108BA0003046BDE8704013F00CBD6FF00B0070BD97
:108BB0006D59002023281FD81A2804D8431E182BCB
:108BC0000ED906207047A0F11B03082B1ED8DFE842
:108BD00003F0051D1B231D19251D050003207047EB
:108BE00001230F4A83401A40C2B90E4A1A40002A94
:108BF0000CBF06200120704700F07F03522B05D1E7
:108C000000207047012070470520704710F0400F8A
:108C100014BF0020062070470420704702207047D0
:108C2000AAAA8A025455450138B50446EFF31185C6
:108C3000402383F31288BFF36F8F24480CF0E2FEC9
:108C400068B98423224A2349234811F0B3FC1F4901
:108C5000224811F0AFFC84211D4811F0A2FC1B48F2
:108C60000CF0F4FE002323601D4B5A689AB9C3E947
:108C7000004416480CF0D4FE80B94FF49973144A9E
:108C80001849154811F096FC1049174811F092FC4C
:108C90004FF49971E0E714605C60EAE785F31188AE
:108CA000BFF36F8F11480AF049FF031E0CDA012150
:108CB0000F4A104812F0D1FA002383F31188BFF352
:108CC0006F8F0323184602DF38BD00BFE450002039
:108CD000942E0300C12E0300B02B0300D62E0300F8
:108CE000DC500020EC2E0300032F0300241600208C
:108CF0001160030028150300011F014809F098BE08
:108D0000C817002008B50B4B1B7873B90A4940F20D
:108D100046330A4A0A4811F04DFC0A4811F04AFC51
:108D200040F24631054811F03CFCFAF79DF8064B3D
:108D3000185808BDC95C0020392E03000E2E030010
:108D4000B02B03004C2E03000800000010B50446B1
:108D5000807AFAF7A7FB0B4B83420BD00A490B48EA
:108D60004FF4B5730A4A11F025FC4FF4B571084869
:108D700011F017FC2046FAF79DFB1822054B02FB69
:108D8000003010BD7819002069600300B02B03008B
:108D90003A600300E85000202DE9F84F07460846E6
:108DA0000C46FFF7D3FFE3680646D0F8089007F1BA
:108DB0005002D2E8AF2FD20709D40121294A2A480C
:108DC00013F03CFC6FF015052846BDE8F88F228AA9
:108DD0005AB9264926484FF4DA73264A11F0EAFBBD
:108DE0004FF4DA71234811F0DCFBE268127802716B
:108DF000002202601B78D22B0FD13B6821461868F5
:108E000014F0CBFF054640B101211B4A164813F070
:108E100015FC2046FAF72AFDD6E70023D4F80C808B
:108E2000D4F814B0B4F810A01A462146B760381D23
:108E3000FFF74EFC05460028C6D010F1690F04D19B
:108E400001210E4A084813F0F9FB6369A8EB0B08EF
:108E500013FA88F3E360A4F810A0C6F80890356010
:108E6000B2E700BF9560030028150300AF60030060
:108E7000B02B03003A600300D5600300E8600300F4
:108E80000121024A024813F0D9BB00BF0B61030065
:108E90002815030010B5044600F14C03D3E8EF1F7A
:108EA00041F00101C3E8E21F002AF7D1201F13F0AF
:108EB000E0FB04F16C0004490AF0C6FF2068BDE83D
:108EC000104003F0C1BD00BF119F010073B50E46F5
:108ED000438D418B01328B4228BF0B469A42054697
:108EE00009D9022100921A481A4A12F0C0F9002446
:108EF000204602B070BD3046FFF75CFE6FF01403F1
:108F0000034113F001030ED0FFF7FCFE124BD3F820
:108F10008830834219D0114B1B681A1A18BF4FF0C2
:108F2000FF32134600E00E4A00210E48FFF798FB7F
:108F300004460028DCD0FFF709FF0121856004F119
:108F40000C00FAF7C5FD0670D2E70022E9E700BF82
:108F50002815030028610300504B002030510020E9
:108F60001C4E0E007819002070B5044601F10C006B
:108F70000D4612F0EFFD266801462B8AEA6830683C
:108F800014F038FD1E2100222046FFF79FFF014606
:108F900030B90121044A054813F050FB002070BD90
:108FA000204613F06EFCF9E74D610300281503001D
:108FB000F0B51D4603680E460039044618BF01216E
:108FC00087B01868174614F026FD40B904F1500028
:108FD00013F089FC002846D0002007B0F0BD002D1A
:108FE00043D018220021684617F00DFC6FB1002213
:108FF00013212046FFF76AFF019030B91C48012178
:109000001C4A13F01BFB1120E7E7236829461B6865
:10901000284600930023ADF812300C9B164A0393A8
:10902000BDF834308DF80860ADF8103001238DF8AC
:1090300014306B4613F033FC9DF8143063B1002FED
:10904000CAD00198FAF712FC2A46314620469DF80C
:10905000143013F053FCBFE701990029BCD020461F
:1090600013F00FFCB8E71220B7E70120B5E700BF07
:10907000281503006A610300DBC602002DE9F341F5
:109080000B8A04460D4643B90121294A294813F0A9
:10909000D5FA002002B0BDE8F0810768012105F192
:1090A0000C00FAF773FD7B7B0646072BF1D154F8D1
:1090B000043C002BEDD0002203781F4F043C17F82E
:1090C00032004FEAC208984207EBC20114D12A8A43
:1090D0004878904226D90121009316481346174A32
:1090E00012F0C5F804234744BA78012AD1D1002BE5
:1090F000CFD00022317811E001321C2ADFD1104A92
:1091000002210C4812F0A9F831780846FFF752FD09
:109110002122C24012F00102BBD10623204613F0E7
:10912000EDFBB6E74B682046294698470346DAE749
:109130008361030028150300501E0300B86103007B
:109140009E610300F8B5104A074600230F480D46FC
:1091500012F0C4FC044638B901212B460C4A0D48D4
:1091600012F07BF82046F8BD00F10C0609213046CC
:10917000FAF78CFC2046FFF7E9FD012187603046B5
:10918000FAF7A6FC0570EDE71C4E0E0078190020DA
:109190004D5D0300281503002DE9F0410E8A0446B9
:1091A000043EF6B2022E08468CB001D0102E64D1D7
:1091B00004210C30FAF7EAFC0DF10808058847880D
:1091C000011D3246404612F050FD002857D0A5B38D
:1091D00000268FB3AF4230D34FF42053404601A94D
:1091E0008DF80460ADF8063012F012FD48BB142271
:1091F000002107A817F007FB11212046FFF7A2FF67
:109200000990002837D001210C30CDE90748FAF742
:109210005FFC00230A90394603701A4A0B932846D4
:1092200007AB13F03CFBDDE909131B78FBB90846DB
:10923000FAF71CFB0A2301E03D4601232A461021D0
:109240000EE042F60103404607A98DF81C60ADF818
:109250001E3012F0DDFC0028C9D010232A46194622
:10926000204613F04BFB00200CB0BDE8F0812046F7
:1092700013F007FBF7E71120F6E70420F4E70E20D0
:10928000F2E700BFDD9701002DE9FF4103680446C6
:109290000D461868012114F0BEFB40B904F15000DE
:1092A00013F021FBA0BB122004B0BDE8F081102216
:1092B0000021684617F0A7FA21212046FFF742FF58
:1092C000029038B34FF00108009405F10C072B8A87
:1092D000012B04D82046029913F0D3FA18E038463F
:1092E00012F038FC6B4601460B4A06468DF80C809E
:1092F00013F0D5FA9DF80C30002BE8D00298FAF75D
:10930000B5FA3246202120469DF80C3013F0F6FACB
:109310000020C9E71120C7E75FCB02002DE9FF411C
:10932000036804460D461868012114F074FB40B927
:1093300004F1500013F0D7FAA0BB122004B0BDE82E
:10934000F08110220021684617F05DFA0F212046B7
:10935000FFF7F8FE029038B34FF00108009405F1D2
:109360000C072B8A012B04D82046029913F089FAA6
:1093700018E0384612F0EEFB6B4601460B4A0646F3
:109380008DF80C8013F08BFA9DF80C30002BE8D090
:109390000298FAF76BFA32460E2120469DF80C30FF
:1093A00013F0ACFA0020C9E71120C7E7E3CB0200B5
:1093B000F0B51D46036804460E4685B001211868C5
:1093C000174614F028FB38B904F1500013F08BFA5B
:1093D00050BB122005B0F0BD65B3102200216846D5
:1093E00017F011FA39462046FFF7ACFE029018B389
:1093F000BDF828302946ADF80430012328468DF801
:109400000C300E4A6B46009413F049FA9DF80C306C
:1094100002995BB10846FAF729FA2A4631462046F6
:109420009DF80C3013F06AFA0020D3E7204613F0C1
:1094300028FAF9E70120CDE71120CBE7E3CB0200C2
:109440002DE9F0410E8A0446043EF6B2022E08468B
:109450008CB001D0102E76D104210C30FAF796FB97
:109460000DF1040805884788011D3246404612F078
:10947000FCFB002869D085B377B3BD422DD801210C
:10948000606814F0C8FA064678BB42F602038DF80D
:10949000000069464046ADF8023012F0B9FB20B337
:1094A00042F60303404606A98DF81860ADF81A305D
:1094B00012F0AEFBC8B1012D03D14FF6FF739F42EE
:1094C00013D004F1500013F00EFA002814BF00204E
:1094D00012200CB0BDE8F0813D4601232A46082148
:1094E000204613F00BFA0020F3E7182200210DEBC1
:1094F000020017F088F909212046FFF723FE0890A3
:10950000F8B101210C30CDE90648FAF7E1FA002361
:10951000099003700A2339468DF82C30284606AB93
:109520000B4A13F0BCF99DF82C3008992BB1084672
:10953000FAF79CF99DF82C30D0E7204613F0A1F9FA
:10954000D1E71120C5E70420C3E70E20C1E700BF23
:10955000959801002DE9F0430F460446062187B097
:1095600007F10C00FAF712FB0588EDB1B0F80280A4
:10957000B8F1000F17D0454516D8002382888DF822
:1095800000308DF804304FF42053684601A9D7F815
:109590000C90ADF80220ADF8063012F039FB06460B
:1095A00060B10A2301E0454601232A4606212046F0
:1095B00013F0A4F9002007B0BDE8F083014614229F
:1095C00001A83F7C17F01FF907212046FFF7BAFDDD
:1095D0000290D8B10A2341468DF81530284601ABD8
:1095E0000B4ACDE9036901948DF8147013F057F913
:1095F0009DF8153002992BB10846FAF737F99DF816
:109600001530D2E7204613F03CF9D3E71120D2E71A
:10961000819601007FB5CB6804461D888DB15E88B8
:1096200076B1B5420DD810220021684617F0EBF84C
:1096300005212046FFF786FD019058B9112007E06B
:10964000354601232A460421204613F057F900200D
:1096500004B070BD6B4631462846084A009413F0AA
:109660001EF9DDE9011323B90846FAF7FFF80A23CA
:10967000E8E7204613F005F9E9E700BF4DC702000F
:109680002DE9F04342F60103002591B0D2F80080A5
:1096900006460F4600680BA9D8F8049014468DF8CA
:1096A0002C50ADF82E3012F0B3FA00286DD04FF4E4
:1096B000205330680BA98DF82C50ADF82E3012F0E5
:1096C000A7FA38B1A3681BB15A88BA4200D25F80AA
:1096D000012010E06168084612F098FFB8F82A20CF
:1096E000B8F81A309A4294BFC0EB0200C0EB0300F6
:1096F000032803D8002011B0BDE8F0830846FAF72C
:109700000FF905466168084612F080FF6B8A2A8AC5
:10971000A3EB020C6B69EA68D21AACEB0203B8F84F
:109720002AC0B8F81A20944594BFC0EB0C00C0EBD7
:109730000200834228BF03466BB9887AF9F7B2FE6C
:109740000022002312F0CAF905460028D2D00146B3
:109750006068FAF72BF9002300933146D6F80480AD
:109760001023484602AAC047061E0EDB227CE06892
:10977000964227D001460BA812F077FA40B9237C15
:10978000134A0221134811F068FD0023A3609FE7EC
:10979000F2B202A906A812F068FA10B90E4A3346CE
:1097A000EFE706A90BA812F033FA0028EDD1002349
:1097B0000421637405F10C00FAF78AF9A0600780B0
:1097C000A36884E7324602A917F02CF8EDE700BF42
:1097D000D761030028150300F66103002DE9FF415E
:1097E0004FF000084FF4205305460E46006802A9CA
:1097F000144617688DF80880ADF80A3012F008FAA0
:10980000A0B142F60103286803A98DF80C80ADF8D9
:109810000E3012F0FDF948B123691BB15A88B242EB
:1098200000D25E80012004B0BDE8F0816168286844
:1098300012F0EEF910B100232361F3E7E368A068AA
:109840001A786AB1B7F81AC0798D038A8C4594BF2B
:10985000C3EB0C03C3EB0103934201DA0020E2E700
:1098600004210C30FAF734F9206106802369294677
:109870005E80074B0194009338460023A26813F0E2
:10988000E5F80028EADB2069003818BF0120CAE7A4
:1098900005C802002DE9F3471768054689460068A8
:1098A00051681446D7F804A012F0B2F98046002897
:1098B0004BD195222946504613F04FFF064620759E
:1098C00040B1E3681B780BB184F81480002002B02B
:1098D000BDE8F0872946504614F0D6F810B90823A1
:1098E0002375F3E7A0682675FAF71AF802210C3001
:1098F000FAF7EEF8164B2061A0F80090009301945F
:10990000334629463846A26813F0A0F8002807DA43
:1099100010F1FF0F32BF0E204042C0B22075D5E7D4
:109920002369002BD2D0A06812F070FE7B8D7A8B59
:109930009A4294BFC0EB0200C0EB0300E3681B78BF
:10994000984294BF00200120C1E70120BFE700BF7B
:109950001DC602002DE9F04182B000AF04468846E2
:109960000022002339463A4808F0D6FF0546B0B138
:109970006D4688B06A46374BCDE90534032342F87B
:10998000103F00234FF4C2513348F7F735F8AD4686
:109990006FF00B0630460837BD46BDE8F081FFF793
:1099A000B1F92E4B282218602946386816F02BFF93
:1099B0003B6800221C603C680023C4E90155C4E9EF
:1099C00008552748391D7D6008F0A6FF064688B176
:1099D00023686C4688B06A462249CDE90513032303
:1099E00042F8103F4FF4C4512B461B48F7F704F8D8
:1099F000A546CDE70146A822786816F004FF7868EE
:109A0000194B8360583015F046F97B685033D3E822
:109A1000EF2FC3E8E16F0029F9D17B681C60236A4E
:109A20007D681BB904F10C0015F035F9226A05F1C7
:109A3000A003C5F8A020626A236202B963621722FC
:109A40007B685A855A830433C8F80030A2E700BF08
:109A5000A8170020156203002815030030510020CC
:109A6000C81700203A620300FC15002008B5437BAC
:109A7000072B06D002210C4A0C4812F0DFFD002013
:109A800008BD042112F0AEFD10B9094A0121F3E727
:109A900000F14C03D3E8AF3FDB0701D4054AF5E7FB
:109AA00050F8040CECE700BF645F030028150300C6
:109AB0005F620300956003002DE9F04F85B000AFB1
:109AC000B860EFF31188402383F31288BFF36F8FE0
:109AD0006D480BF097FF68B984236C4A6C496D4858
:109AE00010F068FD68496C4810F064FD84216748F7
:109AF00010F057FD694D64480BF0A8FF284612F09E
:109B00007BFD044660482E680BF08AFF68B94FF46D
:109B100099735E4A62495F4810F04CFD5A496148AA
:109B200010F048FD4FF49971E1E788F31188BFF315
:109B30006F8F002C5CD02046FFF708F903690021E5
:109B4000D0E902581822FB60D0F800A090F80490E9
:109B5000B0F806B016F057FEA07AF9F7A3FC6169D9
:109B6000034659B1627AD00706D45A6A2046126871
:109B70007B60926890477B680022626121461846AC
:109B800015F09DF8B9F1000F0DD065B12B6853B1F8
:109B90001B6843B1BAF1000F2ED001215346424A4F
:109BA000424811F05AFB1EB30020B96815F0F6F8D0
:109BB00000281DDA6C468AB06A463D4B05933D4B42
:109BC000CDE906304FF40073ADF820303A4B42F83F
:109BD000103F00234FF411513448F6F70DFF0023D6
:109BE000A54683F31188BFF36F8F0323184602DF66
:109BF0001437BD46BDE8F08F281D13F022F8484603
:109C0000FEF7D8FF012101FA00F010F01404CAD1C8
:109C100010F0090F05F1500315D110F0220F23D0D9
:109C2000D3E8AF3FDA0704D4244A204812F006FDF7
:109C3000B9E76B6D002BB6D00023214A05F1700007
:109C40000AF092FAAFE72A681568D3E8AF3FDB075E
:109C5000EAD5B8F1000FA6D0A3B29B45A3D92846F8
:109C6000F968C0470134F7E740F21633154A164940
:109C7000084810F09FFC0621144810F09BFC40F2AD
:109C80001631104834E700BFE4500020942E030042
:109C9000C12E0300B02B0300D62E0300DC500020A1
:109CA000EC2E0300032F03007A6203002815030043
:109CB000B2620300F58B030004000001956003000D
:109CC0001C4E0E003A6003005C7C030099620300A6
:109CD000F8B50F461646FFF7C9FEB0B1046A204634
:109CE0001CB150F8A04904B1A03C731C194638B10E
:109CF000428B458DAA4228BF2A469A4207D264B9B0
:109D000002210A4A0A4811F0A8FA0020F8BD32469A
:109D10003946BDE8F840FFF7D9B8D4F8A05005B1EE
:109D2000A03D20460B462C46E2E700BFCD62030073
:109D300028150300002337B5054601930C46FEF7AE
:109D4000E1FF0E4B1B68834204D00D4BD3F88830E3
:109D5000834201D100252C4601A92A462346094801
:109D600008F0DAFD014630B91C22019816F04BFDCF
:109D7000019803B030BD0020FBE700BF3051002048
:109D8000504B0020E817002010B50446806818B139
:109D9000F9F76CFD0023A3602146BDE8104001489F
:109DA00008F046BEE81700202DE9F743044670305E
:109DB0000F4690461E460AF0DDF9606D50B902214B
:109DC000144A154812F03AFC204603B0BDE8F043AF
:109DD00000F086B8114B98424FF0000317D0456849
:109DE0004360606DD0F81890FFF7CEFF0023206825
:109DF000636512F057FF3DB12068CDF800904346EF
:109E00003A4631460068A84703B0BDE8F0831D46D6
:109E1000ECE700BFE862030028150300345100207E
:109E2000F7B550F8044C0546002C55D000F19C01C4
:109E300004F1200012F03EFD2E1F05F15407002210
:109E40000023384609F04CF9024658BB2B6D2BB164
:109E500001466FF067033046FFF7A6FF002345F881
:109E6000043C05F14C03D3E8EF1F21F00101C3E8E6
:109E7000E21F002AF7D1236A73BB04F10C0600220B
:109E80000023304609F02CF978B9666886B9214676
:109E90001248266008F0CCFD286803B0BDE8F04009
:109EA00002F094BEF9F7E2FCC9E7F9F7DFFCE6E758
:109EB000A26833689642636008BFA36077683FB1C9
:109EC000B3696FF067010093002320681A46B84712
:109ED0003046FFF759FFD8E703B0F0BDA8170020C0
:109EE00010B504460430FFF79BFF13216068FDF7AF
:109EF000DDFC034630B1BDE810400121024A0348B1
:109F000011F0ABB910BD00BFFF62030028150300BC
:109F1000F0B589B0044654F8703D00AF3846196872
:109F2000FEF72CF96E4688B06A460B4BCDE9053733
:109F30004FF40073ADF81C30084B42F8103F00237B
:109F40004FF4E2510648F6F757FD2046B546FFF7B5
:109F5000C7FF2437BD46F0BD1D63030003000001A9
:109F60002815030070B550F8043C0446061F002B6A
:109F70003BD039B1036D002B37D01B7CDA0734D5C9
:109F800005231CE00568284602F0C6FD6B7A012B0C
:109F90002BD0246D4CB3237CDB0726D5E368002B44
:109FA000EED030466269617CFEF790FF054668B9E5
:109FB000637C01210D4A0E4811F04FF90E23002257
:109FC0003046BDE870401146FFF7EEBEE368D4E9C5
:109FD0000512984718B12846F9F748FCEEE72946DC
:109FE0003046FEF7D9FE0028F5D170BD4963030065
:109FF0002815030038B5436D044623B3164A93422F
:10A0000021D0CB68DD78F5B1052D406815D00F2D36
:10A010001AD1437A012B17D8022112F058F908B14E
:10A02000103011D104F170000AF0A4F8626D137CB5
:10A0300043F001031374002038BD437A032B03D887
:10A04000064AD15CE9E70E2500222B461146204640
:10A05000FFF7AAFEEFE700BF34510020F18B0300A9
:10A0600070B50D4658B9224940F6CA73214A2248B4
:10A0700010F0A0FA40F6CA711E4810F092FA49B9E1
:10A080001E4940F6CB731B4A1B4810F093FA40F66A
:10A09000CB71F1E7FFF7EAFC044628B92846F9F747
:10A0A000E5FB6FF07F0070BD00F10C0629463046DD
:10A0B00014F0FAFD246AC4B154F8A05905B1A03DCA
:10A0C0000022104607E022467DB1D5F8A03003B14A
:10A0D000A03B2C461D46831C01D1002AF4D13146F9
:10A0E000204612F052FC0028EDD10020DBE700BF33
:10A0F000D85A03003A600300B02B03001D4B030045
:10A1000038B50C46054658B9184940F6DF73184A69
:10A11000184810F04FFA40F6DF71154810F041FA78
:10A1200049B915494FF47E63114A124810F042FABA
:10A130004FF47E61F1E70AF0A1FE2846FFF796FC96
:10A1400020B90AF00DFF6FF07F0038BD00232360B7
:10A1500083683BB9C0E9014412F0A4FD0AF000FF96
:10A160000020F2E71C608460F6E700BFD85A0300C5
:10A170003A600300B02B03006963030010B50C467E
:10A1800008B301B3FFF772FCE8B1036A3BB153F8BF
:10A19000A02902B1A03A596D8C4206D062B90430B0
:10A1A000214612F087FB204602E02046064A5A6507
:10A1B000BDE81040FFF7E8BDD2F8A01001B1A0390A
:10A1C00013460A46E7E710BD3451002008B515F0E4
:10A1D00013F938B101210346034A044812F080FE06
:10A1E0006FF0040008BD00BF74630300581503003E
:10A1F00010B51846144607491022A047041E07DA76
:10A2000001212346044A054812F06AFE204610BD8B
:10A210000024FBE7583B00208A6303005815030025
:10A2200070B50D4C064623780D46834204D128466E
:10A23000611C12F0ADFE58B9237CB3420AD1284606
:10A24000064912F0A5FE10B1012004EB001070BD0C
:10A250000020FAE70020FAE7685100207951002039
:10A2600070B50D4C064623780D46834204D128462E
:10A27000611C12F08DFE58B9237BB3420AD12846E7
:10A28000064912F085FE0028054808BF002070BD71
:10A290002046FCE70020FAE7003B00200D3B0020B1
:10A2A0000C3B002070B50E4C054623780E468342C9
:10A2B00003D1601C12F06CFE68B9237BAB420CD159
:10A2C0003146084812F064FE20B10120404200F0FF
:10A2D0000C00204470BD0020F8E70020FAE700BF22
:10A2E0001A5800202758002070B5204B1446826869
:10A2F0009A420FD1A568C66875B92279304621689F
:10A3000012F04EFE024628B11949013012F06DFEDE
:10A3100015701581012070BDE0680028FBD02B88E6
:10A320008B420AD0F6D2E068A36801380433E060BB
:10A33000003818BF0120A360EDE72568227929467F
:10A34000304612F02DFE024660B93046084912F040
:10A3500027FE02460028E6D02946013012F045FECD
:10A3600023791370A3685B881381DCE7B5A901002A
:10A37000448B0300102110B50648F9F73DFE034653
:10A3800030B1BDE810400121034A044812F0A8BDD5
:10A3900010BD00BF483B0020AB630300581503000D
:10A3A00038B5054648B1154B1A4613F8011C5C1E1A
:10A3B00011F0F2FF58B1204606E011490F4812F0A3
:10A3C000E7FD78B10D4B581E38BD0020FCE728464C
:10A3D000217C04F1110211F0DFFF0028F5D004F117
:10A3E0001000F1E7054B064903F1100012F0D0FD13
:10A3F0000028EAD0014B03F10F00E5E76951002086
:10A40000448B030010B54A1C0C4628B1097811F0A2
:10A41000C3FF30B1204610BD1046034912F0B8FD0D
:10A42000F7E70020F7E700BF448B030038B5054687
:10A4300048B1154B1A4613F8011C5C1E11F0ACFF15
:10A4400058B1204606E011490F4812F0A1FD78B13D
:10A450000D4B581E38BD0020FCE72846217C04F136
:10A46000110211F099FF0028F5D004F11000F1E776
:10A47000054B064903F1100012F08AFD0028EAD0CE
:10A48000014B03F10F00E5E795510020448B0300D9
:10A490002DE9F04707468946904611F0F5FC002863
:10A4A0003ED049463846FFF7DBFE0546C0B91D4899
:10A4B00012F0A2FD1C4E044608B306F1140012F07F
:10A4C0009BFDF0B9012406F10C05604200F00C0080
:10A4D00001304946304412F088FD0C235C43375567
:10A4E000012105F1080001FA08F112F068FDBDE84C
:10A4F000F04747F6122200230C4809F035BE3546D6
:10A50000E3E70B4940F22A530A4A0B4810F052F88D
:10A510000A4810F04FF840F22A51064810F041F86E
:10A52000BDE8F087083B0020003B0020183B0020DE
:10A5300001640300D1630300B02B03001364030024
:10A540000246014610B5042311F8010B0832F9F751
:10A5500021FD034630B1BDE810400121024A034805
:10A5600012F0BEBC10BD00BF3264030058150300DA
:10A570002DE9F04180460F4616461D46FFF792FE34
:10A58000044680B91749FFF78DFE044630B9BDE88F
:10A59000F0410121144A154812F031BD394600F846
:10A5A000018B12F022FD238973B9628972B9268169
:10A5B0006581214611F8010B11F066FC80B120463F
:10A5C000BDE8F041FFF7BCBF9E4204D36289AA42B6
:10A5D00006D29E42ECD263892681AB42E9D2E7E7FC
:10A5E000BDE8F081448B03004E640300581503005E
:10A5F00008B583685BB10949094840F66753094AC1
:10A600000FF0D8FF40F6675106480FF0CAFF064921
:10A610000130BDE8084012F0E8BC00BF6D640300E3
:10A62000B02B0300D1630300448B030008B5012164
:10A63000024A034812F0E3FC002008BD84640300D2
:10A640005815030038B514460E4B82680D469A42E1
:10A6500015D122792168C06812F0A2FC78B1D4F833
:10A66000C8302F2B03D9FFF7E1FF002038BD04EBE2
:10A6700083021581018901335181C4F8C83001205A
:10A68000F4E700BFB5A9010008B50121034A044859
:10A6900012F0B5FC6FF0150008BD00BFD8640300D0
:10A6A0005815030038B51546084B82689A420AD1FE
:10A6B000C46829680134204612F06AFC18B12046AB
:10A6C000696812F092FC012038BD00BFB5A90100F5
:10A6D00008B513468168074A914209D11A79196869
:10A6E000C06812F05DFC18B1002303604360038171
:10A6F000012008BDB5A9010040F23912002301482C
:10A7000009F032BDD83B002008B50421084812F0FA
:10A7100056FC6FF00201064812F05CFC044812F08F
:10A720006BFCC30701D5FFF7E7FF002008BD00BFA2
:10A73000083C0020024608B50749013012F055FCDC
:10A7400000230C3202F8043CD2E8EF1FC2E8E03FDD
:10A750000028F9D108BD00BF448B030010B5FFF7F6
:10A76000A1FD044678B1014611F8010BF9F720FC70
:10A77000034620B10121044A044812F0B1FB002332
:10A7800023606360A36010BDE464030058150300F8
:10A790002DE9F04385B00E4690469946044600AF39
:10A7A00058B90121344A354812F029FC6FF01505DB
:10A7B00028461437BD46BDE8F08307F1080111F0C3
:10A7C00001FA0546A0B16D4688B06A462C4BCDE92A
:10A7D00005344FF40073ADF81C302A4B42F8103F9B
:10A7E00000234FF4E2512548F6F706F9AD46DDE7C0
:10A7F0002046391D10F041FE786858B10A222946DA
:10A800000FF060FA034628B101211F4A1B4812F0DD
:10A8100067FBCBE7002007F10801FFF743FD044683
:10A8200020BB002EC4D01949FFF73CFD044638B9BF
:10A830000121174A114812F0E2FB6FF00B05B7E750
:10A84000002307F1080100F8013B12F0CEFB04F1F0
:10A85000080104224846C047041EA9DA0121234604
:10A860000C4A064812F03CFB2546A1E7002EEED12B
:10A870000660466086609BE7444403005815030069
:10A8800001650300030000011D650300448B030004
:10A89000386503008A6303002DE9F04706460D463C
:10A8A0001D48002190461F469DF820A0DDF8249009
:10A8B000FFF740FA044688B1456080F811A0C0F85F
:10A8C0001490C760C0F818804A4651463046FFF7DA
:10A8D000FFF9054638B92046FFF756FA6FF00B0529
:10A8E0002846BDE8F08700220123114612F0BCFA89
:10A8F0002846A56042464946B847054618B1204655
:10A90000FFF742FAECE721463046FFF7F9FB054630
:10A910000028E5D0F3E700BF1C4E0E002DE9F04102
:10A92000214B1546826807469A4202D1C468638962
:10A93000E3B90120BDE8F08105F170084146287AAD
:10A9400011F0A2FA68B9194B9C4202D1284612F0C4
:10A95000C8FD3046164912F048FB002323702381BE
:10A9600019E04146304612F040FB14E0238993B1D0
:10A97000264616F8011B2846324611F00DFD002828
:10A98000DAD131462078FDF755FB20B1457BFCF745
:10A990003DFD072DCDD00021E3686181002BC8D09B
:10A9A00038469847C5E700BFB5A901005C160020EE
:10A9B000448B03002DE9F0471F46BDF820300646C2
:10A9C0008846D1F80C90002B4ED17B1E012B4ED81F
:10A9D000012F49460CBF15781588FFF713FD044673
:10A9E000B8B915B93846BDE8F0874946FFF70AFD02
:10A9F000044638B91F4802211F4A12F000FB6FF0CD
:10AA00001000F0E706F17001013012F0EEFA337A2F
:10AA10002370D9F81030DBB9B4F808A02581B9F853
:10AA20000A30AB4203D04946404612F0EAFAAA4542
:10AA300005D00022307A06F17001FFF729FD002DC4
:10AA4000D0D10E49601C12F0D0FA25702581C9E7DB
:10AA50002A464146304698470028C4DB0138012881
:10AA6000DAD96FF00D00BEE76FF00600BBE76FF0BC
:10AA70000C00B8E7581503005A650300448B030027
:10AA800073B50C460546082104F11000164612F075
:10AA900096FA122304223146CDE900322846224696
:10AAA000024BFFF7F9FE02B070BD00BF2FD50200C8
:10AAB00008B50121114812F082FA10F0010F104B75
:10AAC0000AD1104A9A610D4812F096FA830713D4FE
:10AAD000BDE80840FFF710BE1A8B588B012A4FF6CD
:10AAE000FF7205D8904207D04FF6FF725A83EAE70B
:10AAF00090421983E7D0F7E708BD00BF083C00206B
:10AB0000B83B00200100FFFF2DE9F0419846BDF859
:10AB100018300646012B174636D84344012B4546CC
:10AB200035DCFFF73DFC044668B9FFF739FC044605
:10AB300048B90221194A1A4812F061FA6FF010055B
:10AB40002846BDE8F081B8F1000F11D00023217A2A
:10AB500021FA03F2D00703D53A78DA40D20719D5A3
:10AB60000133032BF4D13B7803F00703194321721F
:10AB700006F17001601C12F038FA337A0121204688
:10AB8000237012F0F9FCDBE76FF00605D8E76FF0F1
:10AB90000C05D5E76FF01205D2E700BF746503001E
:10ABA0005815030010B56FF0020104460E4812F06C
:10ABB00011FA0D4812F020FAC20704D50022002332
:10ABC0000A4809F0D1FA204612F02CF958B1204673
:10ABD000FFF7E6FB38B1037ADB0704D5BDE8104088
:10ABE000012112F0C9BC10BD083C0020D83B002058
:10ABF0002DE9F04385B0894616469846044600AFD5
:10AC000058B90121414A424812F0F9F96FF015058F
:10AC100028461437BD46BDE8F08307F1080110F05F
:10AC2000D1FF0546A0B16D4688B06A46394BCDE9E3
:10AC300005344FF40073ADF81C30374B42F8103F29
:10AC400000234FF4E2513248F5F7D6FEAD46DDE77A
:10AC50002046391D10F011FC786858B10A222946A7
:10AC60000FF030F8034628B101212C4A284812F091
:10AC700037F9CBE7002007F10801FFF7D1FA0446C6
:10AC800090B9FFF78DFB044638B90121244A2048CA
:10AC900012F0B5F96FF00B05BAE7002307F10801D0
:10ACA00000F8013B12F0A1F9B9F1000F2AD00222FD
:10ACB00039464046B047061E07DA01213346194A95
:10ACC000134812F00DF93546A2E73B78022E2372A5
:10ACD00009D00221144A0E4812F091F900212046B1
:10ACE00012F04AFC94E77B78012B05D90F4A3146D4
:10ACF000074812F0F5F8F1E7204603F0010112F0E1
:10AD00002BFC85E72046FFF715FD81E7444403004F
:10AD10005815030001650300030000011D650300D1
:10AD2000A06503008A630300C26503001666030082
:10AD300037B504460D46FFF773FA0246D0B1037AE1
:10AD40000C308DF8043012F057F910F0010318BFE1
:10AD500001238DF80530022301AA29462046F9F780
:10AD60002FF9034620B10121034A044812F0B8F834
:10AD700003B030BD0346F0E76766030058150300D3
:10AD8000104908B5104812F003F9014640B90E4BBE
:10AD9000581E12F0E1FB0C4911F8010CFFF7C8FF37
:10ADA00008490A4812F0F4F8014650B9084812F070
:10ADB000D3FB084B187C03F11101BDE80840FFF7F5
:10ADC000B7BF08BD448B03006951002079510020B2
:10ADD0007851002068510020012110B5234812F05D
:10ADE000EEF8C30740D40221204812F0E8F80840EA
:10ADF0001FD11F491F4A0B881F4CA24216D900B110
:10AE00000B801E4940F26B531D4A1E480FF0D2FBC7
:10AE10001D480FF0CFFB40F26B5119480FF0C1FBFA
:10AE20005068083203449BB20120E6E7F8D300B132
:10AE30000B801649164809F007F840F23912002332
:10AE40001348F9F75BF91349134808F0FDFF022195
:10AE5000124812F0B4F81248124908F0F5FFBDE8A4
:10AE600010401148FDF750BB10BD00BF88510020B5
:10AE700032580020181503002815030097660300B8
:10AE8000D1630300B02B0300D7320300ABD602001E
:10AE9000683B0020E9B70100D83B0020083C0020B7
:10AEA000183B00203BD702003416002003462DE952
:10AEB000F04198B3008A88BB01244FF0140C194963
:10AEC000DFF864E0714528D9184940F2E763184A71
:10AED00018480FF06FFB18480FF06CFB40F2E76169
:10AEE00013480FF05EFBD1E90076BB4204D30CFBA4
:10AEF0000672143A93420ED93444A2B21446083171
:10AF0000E0E70CFB057843450AD001356219B542EC
:10AF100092B2F6D1F2E70025F8E7E4D3BDE8F0817C
:10AF20001046FBE718150300281503009066030080
:10AF3000D1630300B02B0300D73203002DE9F74F94
:10AF400099464FF6FF73BDF830500746002D08BFF5
:10AF50001D462B4B90461B880091834232D203B092
:10AF6000BDE8F08F40468958019310F051FE019BD7
:10AF700090B101340AF1010AA4B2736853452CD987
:10AF8000009B9C42EBD8BC42F3D30BFB0AF2316826
:10AF90008B18B8F1000FE5D1B9F1000F0BD1013DCD
:10AFA0001846ADB221460E9A0D9B9847002DD6D07B
:10AFB0000028DED1D3E7DA689145DAD1EFE74FF028
:10AFC000000ADAE701244FF0140B0E4E06E0C6D259
:10AFD00073682344BB42F2D29CB208360A4B9E42AD
:10AFE000F5D90A4940F2AF73094A0A480FF0E2FA6C
:10AFF00009480FF0DFFA40F2AF7105480FF0D1FABF
:10B00000325800201815030028150300906603002D
:10B01000D1630300B02B0300D732030030B5ADF588
:10B020002F7D10220021684615F0EDFB182200212B
:10B0300005A815F0E8FB4FF41053ADF8103080234D
:10B040001022ADF812304FF48063254C6946CDE9EB
:10B0500006340DEB0200ACAB0BF0BAFE0BAD0346B1
:10B0600038B1204A0121204811F03AFF0DF52F7D1B
:10B0700030BD01464FF42172284615F0C4FB22462C
:10B080002846D5F8841214F0B4F9034608B1174ADB
:10B09000E8E72B464FF6FF710120154A12F0FAFA45
:10B0A00010222846134904AB14F0B8F90446D5F829
:10B0B00084020BF041FE14B10F4A2346D2E7214629
:10B0C0000C4B03F11002187812F8014D01310829D8
:10B0D00003F8014B1070F6D1084811F070FFC5E776
:10B0E0000002C003BF66030058150300E8660300B2
:10B0F000E5CE0200483B002006670300083C002024
:10B100002DE9F04118490446A1F1300015461E46CC
:10B11000BDF8187009F08AF8144811F06DFF0107A6
:10B1200005D4FFF77BFFFFF72BFEFFF723F920463F
:10B13000FFF736F968B1037ADA070AD500F10C0493
:10B14000204611F059FFC30703D40221204611F015
:10B1500036FF10233A46069331462846BDE8F041B3
:10B16000034B12F0FEB800BF983B0020083C0020C3
:10B17000483B002010B51A4811F03EFFC0F3C00054
:10B1800080F0010408B9FFF749FF154811F034FFBA
:10B190000346134811F030FFDA061FD5830606D5A3
:10B1A000E4B1FFF7EDFDBDE81040FFF7E3B8202163
:10B1B0000B4811F004FF10220A49881815F032FBE1
:10B1C00048B9094808F0D6FFBDE810406FF001010A
:10B1D000034811F0FFBEFFF76BFCE2E710BD00BFB4
:10B1E000083C0020483B0020D83B002008B5102137
:10B1F000034811F0E4FEFFF7BDFF002008BD00BFCB
:10B20000083C00202DE9F04FB9B000AF0C46904645
:10B2100038493A46D7F80801994610F00AF940B97A
:10B22000FFF732FA6FF015052846E437BD46BDE852
:10B23000F08F3E68391D304610F01FF93EB90121EC
:10B240002D4A2E4811F0DBFE6FF015043FE07868C0
:10B2500000BB4FF0000B07F1080A5146304687F853
:10B2600014B010F0AFFC054608B36C4688B06A46CF
:10B27000234BCDE905364FF40073ADF81C30214B5C
:10B2800042F8103F4FF4E2515B461C48F5F7B4FB1F
:10B29000A546D9E70A2200210EF014FD0346002836
:10B2A000D7D00121184A154811F01AFECCE7C7F88B
:10B2B00010A0E4B1C022484607F12001C047041E97
:10B2C00007DA01212346114A0C4811F009FE2546F0
:10B2D000AAE7A40807F12003C7E906344FF6FF7177
:10B2E00001200B4A07F1100312F0D4F99CE7234622
:10B2F000F2E700BF1C670300444403005815030035
:10B3000001650300030000011D6503008A6303005B
:10B31000E9A20100002330B5B5B001918DF8080015
:10B320003393044601AB0D4601204FF6FF710B4AE3
:10B3300012F0B0F9339B73B19B0003AA2946204653
:10B34000F8F74CFE034620B10121054A054811F0EB
:10B35000C7FD35B030BD1A46F0E700BF45A6010075
:10B3600023670300581503002DE9F34100F170082D
:10B37000CDE9001204460F46007A4146164610F009
:10B3800083FD05466B464FF6FF7101200C4A12F013
:10B3900081F91DB14146207AFFF7BCFF3946207A7A
:10B3A000FEF73EFF40B13146013011F01EFE1DB1E7
:10B3B0004146207AFFF7BCFC02B0BDE8F08100BF37
:10B3C000A5A60100002307B50193FFF76FFD411CFF
:10B3D00089B20846034A01AB12F05CF9019803B048
:10B3E0005DF804FB81CE02002DE9F04387B00C46E6
:10B3F0001546804602AF70B9744940F60E53744A40
:10B4000074480FF0D7F874480FF0D4F840F60E5196
:10B410006F480FF0C6F861B9704940F60F536C4A97
:10B420006C480FF0C7F86C480FF0C4F840F60F51A5
:10B43000EEE7437B072B40F0C38000233B7342F6CB
:10B440000303206807F10C01FB8110F0E1FB0646C5
:10B45000002843D1D4F80490B9F1000F05D101219F
:10B460005F4A604811F0CBFDAAE00123214600901D
:10B4700007F10802C847031E11DA6D4688B002AA18
:10B48000D36104235849C2E9051442F8103F4FF430
:10B49000015133465348F5F7AFFAAD4690E0012B22
:10B4A00005D00121514A4F4811F01AFD88E03B7A3E
:10B4B00013F0300F00F084802046FFF783FF04462E
:10B4C00060B9464940F62D53414A42480FF072F8A0
:10B4D00047480FF06FF840F62D5199E70023206898
:10B4E0003B7342F6021307F10C01FB8110F090FB55
:10B4F00088B12046FFF766FF044660B9374940F639
:10B500003353334A33480FF055F839480FF052F8A7
:10B5100040F633517CE7002642F60219206839468E
:10B520003E70A7F8029010F073FB18BB0023206850
:10B530003B7342F6021307F10C01FB8110F068FB2C
:10B54000064600283CD1D4F80490B9F1000F86D00B
:10B55000022300902146404607F10C02C847031E13
:10B560008BDB022B9DD1BB8905EA0300003818BF95
:10B57000012026E042F603032068391D3E71FB805E
:10B5800010F046FB0028D1D04FF42053206807F17B
:10B5900008013E727B8110F03BFB0028C6D042F6CA
:10B5A0000103206807F10C013E73FB8110F030FBB2
:10B5B0000028BBD02046FFF705FF04460028ADD188
:10B5C00000201437BD46BDE8F08300BFD85A030001
:10B5D000D1630300B02B03004167030056670300EB
:10B5E0005B670300581503006F670300956703004E
:10B5F000AE6703002DE9F843154689469422696831
:10B60000064612F0AAF88046002841D102223046B0
:10B610006968FFF7E9FE00283DD000211F48AF8A86
:10B62000FEF788FB0237044680B11D211C4B4761A1
:10B630003A464174C0F80C80436085613046FEF79D
:10B6400047FB074638B92046FEF79EFB6FF00B0517
:10B650002846BDE8F88301234246414611F004FC28
:10B66000A98A07F10C000231F8F732FA20F8029BA0
:10B67000AA8A296915F0A1F821463046A760FEF78D
:10B680003FFD05460028E3D02046FEF77DFBDFE7BF
:10B690004FF0FF35DCE76FF01505D9E71C4E0E00C3
:10B6A00087CE020030B505460C468BB071B94649CD
:10B6B00040F6B333454A46480EF07CFF45480EF04D
:10B6C00079FF40F6B33141480EF06BFF4B6873B918
:10B6D0000B6863B9404940F6B4333C4A3C480EF02D
:10B6E00069FF3C480EF066FF40F6B431EBE73B489B
:10B6F00011F082FC420761D515B16B7B072B60D13D
:10B7000060680590FFF7D2FB2268ADF818003AB3E5
:10B7100005A90291324900230191012100914FF6C0
:10B72000FF710593FFF70AFC059B1BB96FF0010041
:10B730000BB030BD6360059B04A9186800238DF829
:10B74000103042F60303ADF8123010F061FA70B910
:10B750000598C3689B799B0605D46FF01500E7E751
:10B760000028E8D1E2E711F04EFFADF81800BDF86F
:10B7700018003DB10123014622462846A375FFF774
:10B7800039FFD5E76FF07F0307930223ADF8203030
:10B7900042F60213ADF8123005ABA5750293114BBA
:10B7A0004FF6FF710193012304AA00932B460994DD
:10B7B0008DF81050FFF7C2FB0798B9E76FF00A0049
:10B7C000B6E76FF07F00B3E7C4670300D1630300FF
:10B7D000B02B0300CB670300E16703006C1200206D
:10B7E000B5CE020095B90100F7B500F13005044669
:10B7F000A0F12007284611F0FFFB8307C0F34006A5
:10B800000ED5194940F2BA43184A19480EF0D2FE33
:10B8100018480EF0CFFE40F2BA4114480EF0C1FEB7
:10B8200054F8083C6FF001012846019311F0D2FB57
:10B83000114B394644F81C3C104B304644F8183C38
:10B8400001AB44F8103C042324F8086C24F8066C7F
:10B8500024F80C3CFFF726FF18B90221284611F006
:10B86000AEFB03B0F0BD00BFFE670300D163030071
:10B87000B02B03002F6803006C1F0300A5AB010071
:10B880002DE9F84316463A4B826805469A4200AFC6
:10B8900024D1D0F80C803468B8F80830F3B14246AF
:10B8A000204612F8011B10F077FDB8B14FF49572E5
:10B8B0002946204611F051FF28B3032812D16C46C7
:10B8C00088B06A462B4BCDE9053542F8100F0023AE
:10B8D0004FF4C4512848F5F78FF8A5460120BD461E
:10B8E000BDE8F883052820460CBF4FF003094FF050
:10B8F000020910F021FD814505D933794B45EDD280
:10B9000086F80490EAE74146284611F07AFB1B4B83
:10B910009845E3D1207A04F17001FEF7C3FC054697
:10B920000028DBD0038913B94389002BD6D02046E9
:10B93000FBF734FF2A89124B124923F820206A8929
:10B9400003EB80035A80182202FB00110B610423D1
:10B950000D4A20464A600D4A8B828A60FFF7A2FE9C
:10B960000028BBD001210A4A034811F048FBB5E783
:10B97000B5A901004A680300581503005C160020B1
:10B9800016580020505100206C1F030095D502006E
:10B990005E6803002DE9F0413D4B1546826807467D
:10B9A0009A4203D001273846BDE8F081D0F80C80D8
:10B9B000384B984512D0B8F80820AB899A42F1D19B
:10B9C000414611F8010BFCF735FB06460028E9D08B
:10B9D000437B072B24D0FBF719FDE3E700262E4C11
:10B9E00020462E4911F0D4FA78B90722214614F8DE
:10B9F000010CFCF7A1FB80B92B6921461A6914F8E8
:10BA0000010C53881288FEF7B3FD731C022B4FF014
:10BA1000010604F10C04E3D1CDE7FBF7F7FCF4E7F2
:10BA2000D8F8143023B13946984708B93046D2E7E0
:10BA300039469422304611F090FE07460028F5D191
:10BA4000AB89022B15D1B8F808309A071ED53046BD
:10BA50002A69A988FFF7CEFD044618B92A69937DA3
:10BA6000013393753046FBF7D1FC002CAC609ADBB8
:10BA700098E7012B0AD1B8F80830DB0706D5304625
:10BA80002A69A98811F0A4FE0446EBE73C46E9E7E1
:10BA9000B5A901005C1600201B580020448B030050
:10BAA00073B50D46044670B9214940F65263214AE8
:10BAB00021480EF07FFD21480EF07CFD40F65261DA
:10BAC0001C480EF06EFD09B10B6863B91C4940F6C5
:10BAD0005363184A18480EF06DFD1A480EF06AFDBF
:10BAE00040F65361ECE7437B072B1AD1061D4FF458
:10BAF0008031304611F063FAC30315D40223204687
:10BB0000CDE900332A46104B1049FEF7C5FE044626
:10BB100020B16FF48031304611F05CFA204602B05B
:10BB200070BD6FF07F04F9E76FF07704F6E700BFB0
:10BB3000D85A0300D1630300B02B03004167030010
:10BB40007B680300CB67030033D00200BDCE020048
:10BB500070B50C46054686B070B9734941F2D713EB
:10BB6000724A73480EF026FD72480EF023FD41F232
:10BB7000D7116E480EF015FD09B14B6863B96E49D7
:10BB800041F2D813694A6A480EF014FD69480EF074
:10BB900011FD41F2D811ECE70A890AB1CB8963B9EA
:10BBA000664941F2D913614A61480EF003FD6148CC
:10BBB0000EF000FD41F2D911DBE79A420CD9604941
:10BBC00041F2DB13594A5A480EF0F4FC59480EF082
:10BBD000F1FC41F2DB11CCE7437B072B40F0A18065
:10BBE0000B7C062B10D8DFE803F004045A5A629548
:10BBF00028000B68CBB11B784BB1022B13D001216D
:10BC0000504A514811F06CF96FF0150009E0082313
:10BC100001930623224600934C494D4B2846FEF7DC
:10BC20003BFE06B070BD1623F2E710230421224626
:10BC3000CDE90031474B4849F0E708680028E3D0D8
:10BC40000678002EE0D14FF4245302A98DF8086045
:10BC5000ADF80A300FF0DCFF08B342F6021320689B
:10BC600003A98DF80C60ADF80E300FF0D1FFB0B124
:10BC700042F60313206804A98DF81060ADF8123065
:10BC80000FF0C6FF58B142F60413206805A98DF8DD
:10BC90001460ADF816300FF0BBFF0028B4D10823B4
:10BCA00004222E49CDE9003222462D4BB6E7086822
:10BCB00080B300264FF4205302A98DF80860ADF838
:10BCC0000A300FF0A5FF00289ED042F6010320683D
:10BCD00003A98DF80C60ADF80E300FF099FF002825
:10BCE00092D042F60203206804A98DF81060ADF8E6
:10BCF00012300FF08DFF002886D042F60303206833
:10BD000005A98DF81460ADF816300FF081FF0028FA
:10BD10003FF47AAF04232246CDE900331149124B98
:10BD20007CE76FF07F007CE7D85A0300D163030003
:10BD3000B02B0300CB6703007B680300926803000D
:10BD4000BF680300EC680300581503007BD80200AD
:10BD50002BD40200C7D002006DBD010091BE0100CE
:10BD6000F7D00200F9C101005FD002002DE9F047D1
:10BD70008EB0064617461C46169D31B12A46002154
:10BD80006B680EB0BDE8F047184763B902213D4A21
:10BD90003D4811F034F92A46002130466B68984737
:10BDA0000EB0BDE8F0871378062B08D0142B05D011
:10BDB0000121364A344811F093F8ECE702214FF0A4
:10BDC0000008C146013C8DF81010A4B207F1010A29
:10BDD0009C420CD2002CDED1B8F1000FDBD02A46F9
:10BDE000414630460EB0BDE8F04711F028BD1422A0
:10BDF000002109A814F007FDBAF8002093B2002B27
:10BE0000C9D0BAF802101FFA81F8B8F1000FC2D0F9
:10BE10004345C0D89DF8103013B3022B25D02B7C9E
:10BE2000ADF80C10002B42F6010308BF4FF420536D
:10BE3000ADF8063004AB029301AB099302ABADF849
:10BE400034200C932A4630466B688DF8049009A97B
:10BE500098470028A4D03B78E41AA4B29A44B7E7E4
:10BE6000BAF80430ADF81230D9E70AF104030DF145
:10BE700011000AF1140C53F804EB634540F804EB8D
:10BE8000F9D1CCE701690300581503000B690300E1
:10BE90002DE9F04F93B0174680461C460A461C9D7C
:10BEA00031B12A4600216B6813B0BDE8F04F184746
:10BEB000297C022940F083804BB9A84AA84811F098
:10BEC0009EF82A46002140466B6898475BE03B7825
:10BED000062B08D0082B05D00121A24AA04810F05B
:10BEE000FFFFEEE71146002642F6020A013C8DF8FC
:10BEF0002010A4B207F1010B9C420BD2002CE0D120
:10BF0000002EDED02A463146404613B0BDE8F04F41
:10BF100011F095BCBBF800901FFA89F6002ED0D026
:10BF2000BBF802009DF82020ADF81C00BBF80410FF
:10BF3000ADF81E1062B1022A15D0296831B308A8E5
:10BF40000FF066FE10B33B78E41AA4B29B44D3E72B
:10BF500008AA06929BF806209BF8071042EA0122E5
:10BF6000ADF82220E9E70A236881A981A5F80890A5
:10BF70004046019200932A467B4B7C49FEF78CFC9D
:10BF800086B2002EBED113B0BDE8F08F4FF0000393
:10BF9000102200210EA88DF81430ADF816A014F070
:10BFA00032FC05AA0D9206AA109240462A466B68FA
:10BFB000ADF844900DA998470028C4D1E3E70329C0
:10BFC00066D113B90221654A78E73B78072B02D086
:10BFD000152B81D102220026013C8DF82020A4B22D
:10BFE00007F101090DF1200A9C4287D3B9F800B08E
:10BFF0001FFA8BF6002E3FF464AF9DF8203063B13A
:10C00000022B13D02968F1B150460FF001FED0B1D8
:10C010003B78E41AA4B29944E6E799F8053099F818
:10C02000062043EA0223ADF82230EBE709F10503CD
:10C030000DF1210209F1150153F8040B8B4242F86E
:10C04000040BF9D1DEE799F80230B9F803208DF836
:10C050001E304FF000038DF8143042F60303002128
:10C06000ADF81C200EA81022ADF81630CDF818A09F
:10C0700014F0C9FB05AB0D9306AB10932A4640465E
:10C080006B68ADF844B00DA998470028C0D17AE795
:10C090002B681E782EB94CB9304A0221304810F076
:10C0A000AEFF2A46002140466B68FDE6B3F802A0C9
:10C0B000013CA4B207F10109AAF5245A3B78A34236
:10C0C00004D9002CEDD1002EEBD01BE7012C01D8B8
:10C0D000274AE2E7B9F800B01FFA8BF6002EE0D04D
:10C0E000BAF1040FDDD801A353F82AF001C1010011
:10C0F000A3C0010009C1010011C1010055C1010027
:10C10000032C09D81B4AC8E7032C05D81A4AC4E7F0
:10C11000032C01D8194AC0E7B9F80230ADF8203035
:10C120002B68102200210EA8039314F06CFB039BD4
:10C130002A460D9308AB109340466B68ADF844B0A7
:10C140000DA9984700283FF41EAF3B78E41AA4B22B
:10C150009944B3E7082C15D8094A9EE70169030002
:10C16000581503000B6903004BD00200C1C1010048
:10C170001F6903002D6903003B690300496903003F
:10C180005769030099F802308DF8203099F8033090
:10C190008DF8213099F8052099F8043043EA0223FC
:10C1A000ADF8223099F806308DF8243099F8073030
:10C1B00099F8082043EA0223ADF82630B0E700BF23
:10C1C00070B5102B05461146049C0BD00121084A7E
:10C1D000084810F085FE2246284663680021BDE825
:10C1E000704018472246BDE8704011F092BB00BF76
:10C1F0000B690300581503002DE9F04F8FB0074677
:10C20000189D184629B953B90221544A544810F0D0
:10C21000F6FE2A46002138466B6898479BE0137863
:10C22000012B07D0022B20D001214E4A4C4810F0A0
:10C2300057FEEEE70B464FF00409013880B248453F
:10C240008DF81030E5D34FF00008B0FBF9FBC24683
:10C25000541CCDF8008004AEBBF1000F08D12A4673
:10C260003846009911F0EBFA75E04FF01209E4E757
:10C2700023880193BDF804300093B8F1000F53D127
:10C280009DF81030002B37D0022B3CD029680029B4
:10C2900045D12B7C042B4DD14FF42053304602A9BD
:10C2A0008DF808A0ADF80A300FF0B2FC00283BD0A2
:10C2B00042F60103304603A98DF80CA0ADF80E300C
:10C2C0000FF0A6FC80B342F60203304609A98DF8B0
:10C2D00024A0ADF826300FF09BFC28B342F60303F0
:10C2E000304609A98DF824A0ADF826300FF090FC57
:10C2F00000BB4FF0010819E0A378E27843EA02237B
:10C30000ADF81230C2E7A31C0DF1110204F11201C5
:10C3100053F8040B8B4242F8040BF9D1B6E73046D0
:10C320000FF076FC0028B4D04FF000080BF1FF3B73
:10C330004C4491E7102200210AA814F064FABDF8D9
:10C3400004302A46ADF8343038466B68099609A99E
:10C3500098470028EAD10FB0BDE8F08F01690300CB
:10C36000581503006569030007B50A4670B92949E5
:10C3700041F23D33284A29480EF01CF928480EF0B6
:10C3800019F941F23D3124480EF00BF909B1096861
:10C3900061B9244941F23E331F4A20480EF00AF9A0
:10C3A0001F480EF007F941F23E31ECE7437B072BC3
:10C3B0002CD153683BB908234FF0040ECDE9003E61
:10C3C000194B1A4909E0012B11D0117B5B00019335
:10C3D00041B1202316490093164BFEF75DFA03B0D6
:10C3E0005DF804FB0E2314490093144BF5E75389C1
:10C3F00033B10C234FF0040CCDE9003C104BE0E7C7
:10C400000A230221CDE900310E4BDAE76FF07F00FD
:10C41000E5E700BFD85A0300D1630300B02B030047
:10C42000CB6703007B68030077D4020049C4010096
:10C43000E1D202005BD10200DBD1020033D1020065
:10C440008BD0020077D002002DE9F04F83B002AF0D
:10C45000804691461D460E46BC6A41B96BB92568B7
:10C46000002322460093F1B24046A8472EE0B1F5E2
:10C47000807F28BF0E262568F2E76368002B6ED107
:10C48000013D2689B4F80AB0ADB202F1010A002DCF
:10C490004CD099F80030AB4228BF2B46012B0AD86C
:10C4A00002213D4A3D4810F01BFD00230093224627
:10C4B00004212568D8E7BAF80020023B91B29BB26C
:10C4C00041B90121364A354810F099FD0437BD467F
:10C4D000BDE8F08F8E4201D88B4517D26D468AB0E9
:10C4E00002AA304BC2E9076BC2E90531052342F8C5
:10C4F000103F00234FF422512848F4F77DFAAD464F
:10C5000000230093256822460E21ADE72281009387
:10C51000224600214046D4F800C00AF10203E04759
:10C520000028D3D099F80030AB4206D921464046C6
:10C53000FFF71AFF0028C9DAE2E7238962899A42E5
:10C5400005D1002300932568224619468CE7013364
:10C55000238199F80030ED1AADB29A4497E700951F
:10C560001346D4F800C02246E0470028AED0238A04
:10C57000013B9D4203DA009633462568E4E7638970
:10C5800021461D4440466581FFF7EEFE00289DDAF6
:10C59000009633462568B6E777690300581503000F
:10C5A000AF690300BE69030073B50C46054670B958
:10C5B0002D4941F247432D4A2D480DF0FBFF2D48F0
:10C5C0000DF0F8FF41F2474128480DF0EAFF09B1AC
:10C5D0000B6863B9284941F24843244A24480DF0C6
:10C5E000E9FF24480DF0E6FF41F24841ECE78B8873
:10C5F00063B9224941F249431C4A1D480DF0DAFF54
:10C600001C480DF0D7FF41F24941DDE7437B072B82
:10C6100003D06FF07F0002B070BDCB88B3B1284665
:10C6200010F090FB0028F4D0A289431F9BB29342E4
:10C6300028BF134604339BB201931623224600936E
:10C640000F49104B2846FEF727F9E4E78E8910F0D2
:10C6500079FB02360138B042E1D31223224600931F
:10C6600009490A4B0196EDE7D85A0300D16303004C
:10C67000B02B0300CB6703007B680300256A03002F
:10C6800091D902009BD10200CDCE02005FD1020001
:10C69000032A2DE9F74306461C460CD80221244AFA
:10C6A000244810F0ACFC22460E213046236803B02B
:10C6B000BDE8F0431847B3F80C90151F4D4513D94A
:10C6C0001D4A01211B4810F09AFC18230121CDE9D5
:10C6D00000311A4B224630461949FEF7DDF8002892
:10C6E000E1D103B0BDE8F083DB88B1F80280984562
:10C6F00006D1A7682A463846043114F093F808B1E9
:10C70000104ADEE7A9EB050318FA85F82F449BB21F
:10C71000A4F80680A760A3812BB918230122CDE9D4
:10C720000032094BD6E721463046FFF73DFFD6E7FA
:10C730000169030058150300346A0300A3D0020006
:10C74000CDCE0200566A0300B5D0020070B50D468A
:10C75000064670B9424941F2E943424A42480DF067
:10C7600029FF42480DF026FF41F2E9413D480DF016
:10C7700018FF09B10B6863B93D4941F2EA43394AF0
:10C7800039480DF017FF39480DF014FF41F2EA4126
:10C79000ECE78B8963B9374941F2EB43314A3248C0
:10C7A0000DF008FF31480DF005FF41F2EB41DDE7E8
:10C7B0004B8963B9304941F2F1432A4A2A480DF0C6
:10C7C000F9FE2A480DF0F6FE41F2F141CEE7437B37
:10C7D000072B3CD1FDF72AFE044658B9FDF726FE8B
:10C7E0000446002836D006F17001013010F0FDFB40
:10C7F000337A2370A36893B10022143B9D422CD05E
:10C8000018892989884205D19889A989884228BF31
:10C8100042F001025B690BB1143BEFE76AB93046A5
:10C820002946164AFEF72CF9064630B1A36813B91B
:10C830002046FDF7DDFE304670BDA26805F1140309
:10C840006A61E268A36002B9E3600026F3E76FF073
:10C850007F06F0E76FF00B06EDE76FF07706EAE78B
:10C86000D85A0300D1630300B02B0300CB67030049
:10C870008C6A0300A56A0300B36A03005BD202005E
:10C88000F8B50C46054670B9344941F24F53344A65
:10C8900034480DF08FFE34480DF08CFE41F24F51BC
:10C8A0002F480DF07EFE61B9304941F250532C4AB9
:10C8B0002C480DF07FFE2C480DF07CFE41F25051CB
:10C8C000EEE7437B072B42D1FDF7B0FD064600287B
:10C8D00040D08368002B3DD000221746143B9C4279
:10C8E00009D018892189884208BF47F001075B6990
:10C8F0001BB1143BF3E70122F9E75AB304F110002E
:10C9000010F07AFB430703D52146284611F053F86F
:10C910006FB104F1140106F1080010F0C7FDB3680F
:10C9200013B93046FDF764FE57B9002007E02146F1
:10C9300028460F4AA781FEF7A3F80028E9D0F8BDE2
:10C94000002321461A4628462668B047EDE76FF0D7
:10C950007F00F4E76FF01500F1E700BFD85A03003D
:10C96000D1630300B02B0300CB670300C46703004F
:10C970005BD202002DE9F0478C6806469046994646
:10C98000BDF820A024B154F8145905B1143D0CB9D8
:10C99000BDE8F0872389434515D1727AA37B9A427B
:10C9A00011D353464A46214630462768B84750B906
:10C9B00021463046FFF764FF034620B10221064AB4
:10C9C000064810F08DFA2DB1696901B114392C4671
:10C9D0000D46DCE72946FAE7C66A0300581503004E
:10C9E000F0B587B007460E461546FDF71FFD044615
:10C9F000C8B12A46314603A80FF074F8BDF81030CC
:10CA0000042B10D9042103A8F7F7C0F8BDF81010C3
:10CA100046880288B14208D201213346084A0948B3
:10CA200000950EF024FC07B0F0BD2146031D0096D2
:10CA30003846FFF79FFF314603A8F7F7A7F8DDE771
:10CA4000E56A030058150300012370B500F1700575
:10CA50008EB0044603902946007A8DF810300FF00E
:10CA600013FA90B1227A52B302AE042130460DF08F
:10CA7000AFFE00962421134A2B4605A8F7F7CCF900
:10CA800005AA10461049F4F76DFB4FF6FF7101201F
:10CA90000E4A03AB10F0FEFD20460FF04DFC9DF852
:10CAA0001010884209D220460FF011FC034620B135
:10CAB0000221074A074810F013FA0EB070BD009229
:10CAC000D8E700BF4569030005B2010081B8010045
:10CAD000FE6A0300581503002DE9F0410D4B064690
:10CAE0001B680F46904623B153F8044904B1043C37
:10CAF0000BB9BDE8F0811B681BB142463946304690
:10CB000098472CB1656805B1043D23462C46EFE7F4
:10CB10002546FAE78C5100202DE9F04182B001232F
:10CB200000AF0546386000F17001007A3B710FF0EC
:10CB3000ABF988B94FF6FF7101203B461F4A10F050
:10CB4000A9FD0021284610F066FF08B9FDF7B0FFE7
:10CB50000837BD46BDE8F0812846FDF767FC002890
:10CB6000E8D08468002CE5D0143C04F1100318468A
:10CB700010F042FA02071FD4184610F03DFA83075E
:10CB8000C0F3400618D4214628460D4AFDF778FF29
:10CB9000002811DAE8468AB06A460A4BCDE9074018
:10CBA000CDE90535052342F8103F4FF422513346B5
:10CBB0000548F3F721FFC5466469D3E781B8010052
:10CBC000D5D202002A6B0300581503002DE9F74F58
:10CBD000044603464FF6FF7101203A4A04F17006FD
:10CBE00010F058FD3146207A10F071FD3146207A60
:10CBF0000FF04AF950B1237A4FF6FF718DF80430E7
:10CC000001206B46304A009610F044FD2046FDF7A7
:10CC10000DFC074640B92046FDF7C2FB054600283B
:10CC20003DD103B0BDE8F08F8568002DF3D055F8F5
:10CC30001489B8F1000F01D0A8F114084FF00009D1
:10CC4000CA4601E04546984605F1100B6FF0080111
:10CC5000584610F0BFF93146207A0FF015F980B927
:10CC60002B464A4639462046A5F80CA010F0D5FAC6
:10CC7000B8F1000FCFD0D8F81430002BE2D0143B1D
:10CC8000E0E7584610F0B8F9C307E9D47B781BB148
:10CC90003146781C10F0A9F905F11409E8E731468E
:10CCA000207A0FF0F1F828B9284603B0BDE8F04F1C
:10CCB000FDF740BD3146681C03B0BDE8F04F10F0F1
:10CCC00094B900BF1DA90100D1A6010008B50A4B07
:10CCD00042689A420ED183695BB90849084841F617
:10CCE0002313084A0DF066FC41F6231105480DF0A8
:10CCF00058FC198208BD00BF49C40100C467030085
:10CD0000B02B0300D16303007FB54FF42052002302
:10CD1000ADF8162004AA02920A4A0120CDE9003299
:10CD20004FF6FF7105AA04938DF81430FEF706F94B
:10CD3000049B012B14BF6FF01500002007B05DF8B5
:10CD400004FB00BF91DA0200014608B5054810F067
:10CD5000B8FE044B0028A3F1040314BF18460020BA
:10CD600008BD00BF143C0020084B00F5B4701A68E1
:10CD7000074BD0E8EF1F994204D1C0E8EC2FBCF17B
:10CD8000000FF6D1D0E8AF0F704700BF8C500020E5
:10CD9000103C002008B5FFF7E7FFB8B1036843B1C6
:10CDA000426832B1826812B90B4A12783AB904204B
:10CDB0000BE0094A127812B10BB1826842B942689D
:10CDC00042B9002B14BF0020032008BD0320FCE75C
:10CDD0000120FAE70220F8E76E59002008B501218A
:10CDE000024A034810F06BFE002008BD6E6B030082
:10CDF000B0150300002370B51A460446EC300D460A
:10CE0000FBF766FC58B1693004D10121084A094892
:10CE100010F055FE2846BDE87040F6F727BD04F532
:10CE20009C700023BDE87040034A07F09DB900BF25
:10CE3000E8600300B01503001C4E0E002DE9F04120
:10CE4000D0F8EC600446F57890B0002D6AD1CF6838
:10CE5000102229460CA813F0D6FC237A052B50D8B3
:10CE6000DFE803F0060303064F3ED4F8D8300C93F6
:10CE700006F177030DF1200802937E3604F11103C9
:10CE80000093CDF80C8001960CAB04F1270204F15D
:10CE9000370104F1C70011F0A0F8002836D11022A4
:10CEA0003946404613F0BEFC002839D1627B237D11
:10CEB00006A9069048609A4294BF00920093ADF88C
:10CEC000140004F14703D4F8EC0005AA0FF0BFF9F1
:10CED000002820DA0121144A144810F0F0FD15E072
:10CEE000D4F8E030002BC3D00DF1300C03F1100E5C
:10CEF000624618685968083303C273459446F7D1EF
:10CF0000B6E701210A4A094810F021FE0825284603
:10CF100010B0BDE8F0810121201D10F040FEF6E7C1
:10CF20000B25F4E70025F2E7A56B0300B01503001D
:10CF3000896B030038B50446051D0821284610F00A
:10CF40002EFE084904F15700F9F77AFF48B108218D
:10CF5000284610F0F1FD04480121044A10F0AFFD0D
:10CF6000082038BD75DE0200B0150300C06B030059
:10CF700070B5051D0E462846042110F0A2FD68B1CB
:10CF80000022002100230846FBF76AFB044638B95B
:10CF90000421284610F003FE204670BD034AF0E746
:10CFA00001210C30F6F794FD0670F5E71C4E0E00DB
:10CFB00070B50C210546FFF7DBFF0446F0B14021B8
:10CFC0000C30F6F785FD0E4B02461B68014603F157
:10CFD000200053F8046B834241F8046BF9D12032EE
:10CFE00003F1200153F8040B8B4242F8040BF9D1F2
:10CFF00028462146FFF7FEFE002070BD0820FCE712
:10D00000B451002070B5CD680446EB78102B01D0E8
:10D01000062070BD2A7990F8E830D0F8EC60134013
:10D0200080F8E8306A7990F8E930134080F8E93008
:10D03000022303742B68C0F81130AB88A0F81530B8
:10D04000AB781A0706D5037B1B0703D505210430EF
:10D0500010F0A5FDAB78980606D5237B990603D57D
:10D060001421201D10F09BFDAB78DA0729D5237B16
:10D07000DB0726D50D21201D10F091FD237BE17CDF
:10D080002D7803EA0102100704D5E27AA07C02435E
:10D09000D2071AD4042D1AD80B4313F0040307D077
:10D0A0002046FFF777FE314B05EB85052B441B5CD3
:10D0B00023722046D6F8A01010F009FD48B90320CD
:10D0C000A7E70023A4F8E830D8E70523F0E700231A
:10D0D000EEE7D4F8EC309B7A032B14D004D8013B54
:10D0E000012B1CD9082094E7042BFBD1237D627B04
:10D0F000934228BF1346102B8AD10521201D10F022
:10D10000E0FC0028DBD0237A002BD8D00521201D9D
:10D1100010F0D7FC18B9237A013B012BCFD9261D7B
:10D120000521304610F0CDFC0028C8D02046FFF77E
:10D130001BFE002384F8E83094F8E93003F0020382
:10D1400084F8E9300A4B1D682DB93046062110F0ED
:10D1500026FD28465DE720460C2110F020FD0B211E
:10D1600010F0EAFCBDE87040FFF722BF318C0300ED
:10D17000B45100202DE9F04304468DB008AE1022D2
:10D180000021304613F03FFB237A052B34D8DFE82B
:10D1900003F0060303063323D4F8D8300893D4F8F9
:10D1A000EC3004F1470204F1C707CDE9017204F144
:10D1B000270803F17E0204F13709009241464A46EE
:10D1C000773304F1970001F039FCF0B1294A0121CD
:10D1D000294810F074FC14E0D4F8E430002BDED0C1
:10D1E000354603F110072A4618685968083303C208
:10D1F000BB421546F7D1D2E70121204A1E4810F064
:10D20000A6FC08200DB0BDE8F083D4F8EC3004ADE6
:10D2100003F17E027733019304F10A030292009333
:10D220004A46334641463846039510F0D6FE08B1CB
:10D23000134ACCE70D21204610F0B1FC0D21FFF779
:10D2400097FE07460028DCD010210C30F6F740FC92
:10D250002A460346154603CDB542186059602A4652
:10D2600003F10803F6D120463946FFF7C3FD00203D
:10D27000C8E700BFD96B0300B0150300896B03003A
:10D28000EE6B030073B5047A0546022C23D844B133
:10D2900090F8DC30D0F8D840DC4004F0010444F0D1
:10D2A000800403212846FFF763FE0646D8B110210B
:10D2B0000C30F6F70DFC009012482346006805F18B
:10D2C000270205F1570110F063FE044680B1304695
:10D2D000F6F7CCFA07E0032C08D0012123460A4ACE
:10D2E0000A4810F034FC082002B070BD0024D8E7D2
:10D2F00031462846FFF77EFD281D214610F01CFC14
:10D300002046F1E7B4510020896B0300B0150300FB
:10D31000F7B504460E46FFF727FD04F1570705460B
:10D320003A46F36803F1200153F8040B8B4242F8AC
:10D33000040BF9D104F1770203F1200153F8040B37
:10D340008B4242F8040BF9D13846F9F7D3FCF8B117
:10D3500003216A4A6A4810F0B2FB201D0E2110F02A
:10D360001EFCD4F8EC60D6F8A00038B9307A06F18B
:10D37000700101F05FF8C6F8A000A0B1438A03F085
:10D38000240383B1437C98070DD4032003B0F0BD80
:10D390003846F9F7BBFC30B959480221594A10F018
:10D3A0008EFB0B20F2E7D4F8EC30DB780BB10020D9
:10D3B000ECE7261D0E21304610F083FB68B9524B76
:10D3C00020223846196813F02DFA30B902214F4A4D
:10D3D0004B4810F074FB0820D8E7237A052B00F2A5
:10D3E0008580DFE803F003490803835303212046C7
:10D3F00010F0D5FB31E02046D4F8EC70FFF7B4FC18
:10D4000004214FF0FF3305460DEB0100019303F0BB
:10D4100099FB0028DFD1019B3D4A84F8DC00B3FB77
:10D42000F2F102FB11330193C4F8D83055B12B68E7
:10D4300043B10B21304610F0B2FB38462B68D4F8CC
:10D44000D81098470321204610F0A9FB0E2110F0B8
:10D45000A6FBFFF717FF0028BDD13046072110F0CB
:10D460009EFB0820FFF770FC0028A0D1204603B0E7
:10D47000BDE8F040FFF75EBD0A21304610F08FFB9B
:10D480006B68D4F8EC0098470E21B0E7102104F146
:10D49000270003F057FB00289DD16DB3EB685BB309
:10D4A0001C4B1B88ADF80430D4F8EC30DB78DBB9CA
:10D4B000E37AA27C13F0010F0CBF03230123D107F1
:10D4C00003D55A1E534253415B008DF805300023AB
:10D4D0003046C4E938330C2110F061FBEB68D4F816
:10D4E000EC0001A99847B8E70323EEE701210A4AB7
:10D4F000034810F02CFB6EE7022047E7116C030095
:10D50000B0150300326C0300B45100204E6C0300D0
:10D5100040420F00AC1A0300896B03002DE9F04173
:10D52000044686B00D46FFF71FFC04F13707064698
:10D530003A46EB6803F1100153F8040B8B4242F8B2
:10D54000040BF9D1D4F8EC30DD78002D40F0838065
:10D55000237A052B68D8DFE803F022030322672D26
:10D5600094F8DC20D4F8D830D34003F0010343F022
:10D5700080033A490DF10808CDF800803A46096861
:10D5800004F1570010F004FD58B10121344A354828
:10D5900010F095FA0825284606B0BDE8F081002372
:10D5A000E7E71022414604F1170013F03BF908B1F8
:10D5B0000425F0E7237A052B36D8DFE803F03B1D7E
:10D5C0001D03353B02AB2548009300683B4604F140
:10D5D000270204F1570101F099FA0028DAD1201D41
:10D5E0000A2110F0DCFA092110F0D9FAB368029987
:10D5F000D4F8EC009847CEE794F8DC300133DBB286
:10D60000142B84F8DC3015D0102104F1270003F02E
:10D6100099FA0028BED10321204610F0C0FA06B0C6
:10D62000BDE8F041FFF72EBE01210F4A0D4810F072
:10D630008EFAAFE7231D0721184610F042FA20B1F9
:10D640000921184610F0ABFAA5E7204606B0BDE860
:10D65000F041FFF78FBD05259DE700BFB4510020C5
:10D66000696C0300B0150300896B030038B50446EC
:10D670000D49A0F1EC054C3006F0E6FB284610F011
:10D68000DBFA0A4A04F17C03D3E8EF1FC3E8E02F7A
:10D690000028F9D14FF0FF338034D4E8EF2FC4E8ED
:10D6A000E13F0029F9D138BDEDE10100103C002037
:10D6B000F0B589B0D0F8A04000AFE4B900F1700136
:10D6C0003846F6F7E7FA6E4688B06A460B4BCDE966
:10D6D00005374FF40073ADF81C30094B42F8103F8A
:10D6E000084823464FF4E251F3F786F90820B5467F
:10D6F0002437BD46F0BD0020FAE700BF826C03006E
:10D7000003000001B015030080B500AF88B06A4681
:10D71000074BCDE90530032342F8103F00234FF4B7
:10D72000C2510448F3F768F96FF00B00BD4680BDA5
:10D73000976C0300B015030008B5074AD2F8EC3027
:10D740002BB90648EC32506018460A6008BDFFF756
:10D75000DBFF6FF00B00F9E7103C0020E41F030033
:10D760002DE9F04188B006460B4600AF0D2104308C
:10D7700010F0A7F990B3DD68D6F8EC30022003F181
:10D7800070084246197A00F051FF0446E0B941465C
:10D790003846F6F77FFA6E4688B06A46124BCDE9F6
:10D7A00005374FF40073ADF81C30104B42F8103FB2
:10D7B0000F4823464FF4E251F3F71EF90820B5460F
:10D7C0002037BD46BDE8F0812B462E3405F110020E
:10D7D00053F8041B934244F8041BF9D13046092145
:10D7E00010F0DDF90020EBE7BC6C03000300000142
:10D7F000B01503002DE9F041054610F0AAF90446E2
:10D80000002800F0CD80071D0421384610F059F99A
:10D81000002840F0C8800221384610F052F9002854
:10D8200040F0B7800321384610F04BF918B16FF083
:10D830000F00BDE8F0810121384610F042F90028C0
:10D84000F5D12046FFF790FAD4F8EC3006469B7AE3
:10D85000032B15D005D8013B012B1BD96FF0150008
:10D86000E7E7042BFAD12046FFF794FA032804D106
:10D87000002EF3D0F368002BF0D04C4B1B7807E060
:10D880002046FFF787FA032804D1002EE6D0F3687C
:10D89000002BE3D0D5F8A0306BB10021EC2220465C
:10D8A00012F0B1FF102104F1270003F04BF970B121
:10D8B0006FF06800BDE7287A05F1700100F0BAFD4D
:10D8C000C5F8A0000028E8D16FF00B00B1E70521F2
:10D8D000204610F064F9F9F7A5FA354B01211860DC
:10D8E0002046FFF745FB80460028E1D006210C309A
:10D8F000F6F7EEF82D4B05461B782046002B14BF9B
:10D9000009260126FFF746FA2A4A0328127818BF8B
:10D9100046F0040604F5B673D3E8EF1F013103D1D6
:10D92000C3E8E02F0028F7D1D3E8AF3F9BB346F020
:10D9300001062046AE70FFF72DFA1F4B28701B78AA
:10D9400063BB1E4B1B786B701023EB70AB784146AA
:10D9500013F0010314BF032200222B716A7184F8B3
:10D96000E8306B79204684F8E930012363722B6834
:10D97000C4F80A30AB88E381FFF73CFA2046022165
:10D9800010F00DF90B2110F00AF90321384610F0C0
:10D9900006F900204DE706F00C06CAE70123D2E79E
:10D9A0006FF07F0045E76FF0040042E76E590020FA
:10D9B000B4510020501700206F59002070590020EA
:10D9C0002DE9F341051D0646D0F8EC40CB6828460A
:10D9D000022110F076F800286AD10321284610F0C1
:10D9E00070F8002864D10121284610F06AF8002858
:10D9F0005ED1314A1278002A5CD093F8008018F08A
:10DA0000080F57D0D4F8A00050B1438A03F0240384
:10DA1000CBB92046FFF7EEFE002841D10F2144E0AC
:10DA200004F170073A462020217A00F047FDC4F83F
:10DA3000A00040B93A460420217A00F03FFDC4F826
:10DA4000A0000028E5D018F0040F08F00F0712D04E
:10DA5000437CDA070FD43046FFF79CF9032803D044
:10DA600003213B46154A02E002213B46144A154871
:10DA700010F06DF8CDE7438A9B06F1D5037C00F1E9
:10DA80001C02009300F1140100F11E0320460EF069
:10DA9000DEFB002808DA01210B4A0A4810F00FF8D3
:10DAA000082002B0BDE8F0810121284610F077F887
:10DAB0000020F6E70320F4E76E590020D66C03003F
:10DAC000FD6C0300B0150300A56B0300F8B5D0F89A
:10DAD000EC400546D4F8A030061D002B3DD10221B4
:10DAE0003E4A3F480FF0EBFF07213E4B5F5CD4F806
:10DAF000A0304BB11B7C002B66D1D4F8A00000F005
:10DB0000B9FD0023C4F8A030022130460FF0D9FF40
:10DB100048B9072F94BF344B1F213A46204698BF7F
:10DB2000D95DFAF71BFA032130460FF0CAFF40B364
:10DB30002E4B1B682BB353F80C6906B10C3E03B394
:10DB40005B6813B1394620469847002E43D0F268EF
:10DB500002B10C3A33461646F1E779BB0D21304647
:10DB60000FF0AFFF074620B1D4F8A00008B100F0D5
:10DB70000FFF1E4B1B6823B153F80C6906B10C3E16
:10DB800073B9284610F058F8637B072B25D1627AC9
:10DB9000A37A9A4221D02046BDE8F84010F000B99F
:10DBA0001B6813B13946204698472EB1F26802B17E
:10DBB0000C3A33461646E3E73246FAE70139C9B272
:10DBC0000E2992D9092792E7022130460FF079FFFA
:10DBD000002892D198E73246BCE7F8BDB56D030046
:10DBE000B0150300228C0300118C03008450002028
:10DBF000F8B5031D06460F46184602210FF061FFD7
:10DC0000044620B1B6F8E840B4FA84F4640903216C
:10DC100018460FF056FF80B139463046FFF756FFE1
:10DC2000C4B1022119481A4A0FF049FF0521D6F85C
:10DC3000EC00F9F73BFE0020F8BD012118460FF07B
:10DC400040FF0028E8D10F2118460FF03AFF0028C6
:10DC5000E2D1E5E705213046FFF78AF9054688B1AC
:10DC600001210C30F5F734FF234607702246294680
:10DC700006F1EC00FAF72CFD0028DCD02846F5F779
:10DC8000F5FDD8E76FF06800D6E700BFB0150300D8
:10DC9000DF6D030010B50D4CD4E8AF3F5B0614D523
:10DCA000D4F8E830043CDB787BB92046FFF780F9F4
:10DCB00018B108212046FFF79BFFD4E8EF3F43F45B
:10DCC0008053C4E8E23F002AF7D110BD143C002085
:10DCD0001A4B10B5044618604FF0FF324FF0FF3377
:10DCE000174804F085FF58B1164941F23B33164AF4
:10DCF00016480CF05FFC41F23B3113480CF051FC2C
:10DD0000134806F043FB0E4805F03AF848B10D49B8
:10DD10004FF49A530C4A0D480CF04CFC4FF49A51B6
:10DD2000EBE734B90221BDE810400A4A0A480FF077
:10DD3000C6BEBDE81040FFF7ADBF00BFB451002024
:10DD4000741600208E6D03002C6D0300B02B0300B1
:10DD500088160020376E0300B01503002DE9F3414B
:10DD60000B8A04460E4643B901212D4A2D480FF077
:10DD7000A6FE002002B0BDE8F081012106F10C00F2
:10DD8000F5F704FFA4F1EC05E83C07460421204622
:10DD90000FF097FE3B7828B1234A022121480FF06B
:10DDA000D6FEE6E70E2B01D9204AF6E7DFF88080A1
:10DDB00058F833204AB902211E4A1A480FF0C7FE0C
:10DDC00007212846FFF714FFD3E7194628460FF02E
:10DDD000D3FE3B7860B902211248174A0FF0B7FE14
:10DDE000032120460FF06DFE0028C2D00821E8E78D
:10DDF00008EBC301328A0979914208D001210093CE
:10DE0000084813460D4A0DF032FA0A21D9E7314687
:10DE1000284658F83330984701460028A9D0D0E763
:10DE2000506E0300B01503006B6E03009C6E030080
:10DE30000C200300BE6E0300D86E0300B86103001F
:10DE40002DE9F04F99B090F8E930D1F80C8023F02B
:10DE5000020380F8E930D0F8EC6098F8003004460E
:10DE600000AF06F17009002B3BD098F8063003F0A4
:10DE7000C003C02B35D041463846F5F70BFF6E4640
:10DE800088B06C464FF4007A6D46764BDFF8D88147
:10DE9000CDE90537ADF81CA045F8108F00232A46C0
:10DEA0004FF4E251714807F1200BF2F7A5FD494606
:10DEB000B5465846F5F7EEFEA5466D4BA4F81CA0F6
:10DEC000C4E9053BC4F81080684800232A464FF493
:10DED000E251F2F791FD0A20B5466437BD46BDE830
:10DEE000F08F07224146484612F09CFC68B141463B
:10DEF000307A00F05DFB054638B1014620460FF050
:10DF0000E6FD50B3284600F0B5FB0D21201D0FF0B3
:10DF1000D8FD002800F088804A460220317A00F0BF
:10DF200085FB0546D8B907F1400449462046F5F778
:10DF3000B1FE6E4688B06A464E4BCDE905344FF4CB
:10DF40000073ADF81C30484B42F8103F4FF4E251DB
:10DF50002B464648F2F750FDB5460820BDE7F3785A
:10DF6000002B41D106F17E03187801282BD19A7934
:10DF700002F0C002402A26D1D3F80120C5F83E2085
:10DF8000B3F80530A5F8423096F87030DBB196F85A
:10DF9000763003F0C003C02B15D0374907F140029B
:10DFA000C7E91098BD64F9F7B3FBD8F800303046E4
:10DFB000C5F80130B8F80430A5F8053098F80630F7
:10DFC000EB71F9F783FF94F8E91011F002010ED01C
:10DFD0002A4941F228032A4A2A480CF0EBFA41F276
:10DFE000280127480CF0DDFA06F17703BCE7284644
:10DFF000F8F72AF8014630B11C480221224A0FF0F6
:10E000005EFD032069E72846F8F71EF848B11F496E
:10E0100041F24C031A4A1B480CF0CCFA41F24C0175
:10E02000DFE72846F8F722F894F8E9305B0703D5D4
:10E030000A2120460FF0B3FDF37823B1B4F8E810BD
:10E0400061B1002049E794F8E930002BF6D1D4F80B
:10E05000EC00FFF72DFB0028F0D07EE72046FFF70D
:10E0600035FDEEE7F36E030003000001B015030079
:10E070008F6C0300BC6C030079DC0200076F0300A7
:10E080002C6D0300B02B0300226F03005D6F0300B3
:10E090002DE9F0410E460446D0F8EC80FEF764FE10
:10E0A000F6680546337801210F48104A271D0FF006
:10E0B0004EFD0A2138460FF05FFD38B16DB920469C
:10E0C0003178FFF703FD0020BDE8F0810B213846D1
:10E0D0000FF052FD0028F1D1F1E72B69002BEED0B3
:10E0E00040469847EBE700BFB01503007F6F030081
:10E0F0002DE9F0410546A0F1E80604460F463046FA
:10E10000012155F8EC890FF037FD002861D0DFB10F
:10E11000032130460FF0D5FC00285AD03846F6F7D8
:10E12000CFFE0138C0B208288CBF00242E4B4FF020
:10E13000020198BF1C5C30460FF031FD2146284695
:10E14000BDE8F041FFF7C2BC98F80B30002B40D07F
:10E15000032130460FF0B5FC20B92846BDE8F04158
:10E160000FF06ABD052130460FF0ABFCB8B114F8D2
:10E17000043C1F0707D514F8033C180703D51121E9
:10E1800030460FF00CFD14F8043C23F0080304F8AB
:10E19000043C14F8033C23F0080304F8033C14F88F
:10E1A000033CD90717D5062128460FF0F8FC0221B9
:10E1B00030460FF0F4FC98F8033013B914F8033C20
:10E1C0003BB92068FFF774FA18B934F8041C002929
:10E1D000B5D0BDE8F0819A0701D50821E4E75B07D7
:10E1E000E5D50A21E0E700BF198C030037B5A0F59B
:10E1F0009C75A0F59A74D4E8AF3FD5E8AF2F012104
:10E2000000920748074A0DF032F828460821FFF728
:10E210005DFC0421204603B0BDE830400FF0BFBCD8
:10E22000B0150300A16F03002DE9F04389B000AFE2
:10E2300004460FF08EFC054680B3061D03213046D0
:10E240000FF03FFC50B3D4F8A00008B100F012FA70
:10E2500004F170094946207A00F0ECF88046C4F8D1
:10E26000A000F8B949463846F5F714FD6E4688B067
:10E270006A46414BCDE905374FF40073ADF81C30C9
:10E280003E4B42F8103F4FF4E2513D484346F2F70F
:10E29000B3FB0821B5462846FFF7AAFC2437BD4644
:10E2A000BDE8F0830E2130460FF00BFC28B1D4F806
:10E2B000A020537C43F0020353742B7A032B0DD818
:10E2C000002B4DD1D4F8A020537C23F020035374AD
:10E2D000D4F8A020537C23F001030DE0053B012B73
:10E2E000F0D8D4F8A020537C43F020035374D4F822
:10E2F000A020537C43F0010353742B7D697BD4F839
:10E30000A0208B4228BF0B463046137405210FF026
:10E31000D8FBD4F8A020537C48B343F010030D2160
:10E32000304653740FF0CDFB0028B7D02021D4F82D
:10E33000A00000F063F9D4F8A03005F147021E33C5
:10E34000573552F8041BAA4243F8041BF9D10023A5
:10E35000D4F8A02053619361D4F8A02093839DE763
:10E36000052130460FF0ADFB0028ABD0BFE723F00E
:10E370001003537492E700BFBC6C0300030000015C
:10E38000B0150300012208B5034B04481A70F8F7D2
:10E39000FFFC002008BD00BF6E5900209016002031
:10E3A00008B558B90A490B4840F249230A4A0CF00B
:10E3B00001F940F2492108480CF0F3F8437C5B0670
:10E3C00004D4BDE808400121F7F770BD08BD00BFC7
:10E3D00007700300B02B0300D76F030070B505462C
:10E3E00011480C4603780126AB4204D10722304481
:10E3F00012F018FAA0B12EB107220C490C4812F005
:10E4000011FA78B9084A134603F8015B2168C2F88B
:10E410000110A1889980A179997140F21123D360EC
:10E42000014870BD0020FCE7B8510020448B030078
:10E43000B951002008B549B9064907487123074A70
:10E440000CF0B8F8712105480CF0ABF8BDE80840B5
:10E45000FFF7C4BF1B700300B02B0300D76F03008E
:10E46000F8B5054616460C4699B90B490B48CD231D
:10E470000B4A0CF09FF8CD2109480CF092F83BB103
:10E4800031463846A04701227B8A2B40002AF6D02D
:10E49000F8BD0022034FF7E72F700300B02B0300F5
:10E4A000D76F0300B851002008B5002202200249AE
:10E4B000FFF7D6FF002008BDA1E3010070B50D46AF
:10E4C00011463AB10E4C0026638A227803400BD1E4
:10E4D000184670BD0B490C48DA230C4A0CF06AF858
:10E4E000DA210A480CF05DF8954204D10722601C3D
:10E4F00012F098F908B13046EBE72046E9E700BF93
:10E50000B85100201B700300B02B0300D76F03002D
:10E51000F8B506460C4659B91F49204840F2031386
:10E520001F4A0CF047F840F203111D480CF039F86F
:10E530000B78012B01D00020F8BD8B7903F0C003CC
:10E54000402BF8D1174D002329466F8A11F83E2B36
:10E55000BF0704F1010006D5B24204D1062212F031
:10E5600061F9B8B10023002BE5D16B8A9B07E2D596
:10E570002B78B342DFD1661C31460B480DF00FFB00
:10E580000028D8D0D4F80130C5F83E30B4F80520C2
:10E59000064B9A800348CFE71B700300B02B0300A3
:10E5A000D76F0300B8510020E6510020F65100203B
:10E5B00010B529B10D4C237883420DD0002010BD39
:10E5C0000B490C484FF49A730B4A0BF0F3FF4FF4CE
:10E5D0009A7109480BF0E5FF0722601C12F022F93E
:10E5E00000280CBF20460020E9E700BFB8510020FA
:10E5F0001B700300B02B0300D76F030008B558B998
:10E60000074908484FF4A273074A0BF0D3FF4FF4B1
:10E61000A27105480BF0C5FF438A1943418208BD2A
:10E6200007700300B02B0300D76F0300F8B5064650
:10E630000F4615464AB90C490C48EC230C4A0BF01E
:10E64000B9FFEC210A480BF0ACFFFFF737FF044697
:10E6500040B929463846FFF7EDFE044610B1314671
:10E66000FFF7CCFF2046F8BD1B700300B02B030062
:10E67000D76F030010B5044658B90E490E484FF441
:10E68000AA730E4A0BF096FF4FF4AA710B480BF0D9
:10E6900088FF037A5B0701D5F7F702FD214611F8E1
:10E6A000010BF5F707FD2046BDE81040442200218C
:10E6B00012F0A9B807700300B02B0300D76F030056
:10E6C0002DE9F043BDB01546044602AF38B901212B
:10E6D000A34AA4480CF0B8FD6FF0150642E03822BA
:10E6E000184607F1B001A847051E06DA2B469E4AD8
:10E6F00001219C480CF0B1FDEEE7204607F108012E
:10E700000DF060FA064698B16D4688B002AA974BA4
:10E71000C2E905344FF400739383954B42F8103FE0
:10E7200000234FF4E2518F48F2F766F9AD46D3E784
:10E730002046391D0CF0A1FE786838B10A22314616
:10E740000BF0C0FA034608B18A4AD1E755BB294607
:10E750003F2007F10802FFF7B1FE40B144222946ED
:10E7600012F051F83046EC37BD46BDE8F08307F1B2
:10E770001004204607F10801F5F78CFAE84688B046
:10E7800002AA7D4BC2E905344FF400739383784BA2
:10E7900042F8103F4FF4E4512B467248F2F72CF93F
:10E7A000C546DFE7002007F10801FFF717FE044622
:10E7B000E0B907F13005284607F10801F5F76AFAD4
:10E7C0006E4688B002AA6D4BC2E905354FF400735E
:10E7D0009383674B42F8103F4FF4E2512346614860
:10E7E000F2F70AF9B5466FF00B06BBE7382D97F83C
:10E7F000B0304FD0102B41D8342D3FD140F21123EF
:10E8000007F1B005C36007F1E00C00F110032A46E0
:10E8100003CA624518605960154603F10803F6D132
:10E8200010681860E27BB4F80D3043EA0243022B13
:10E830007BD1637CDA0795D513F0300592D107F1CF
:10E840009008404607F10801F5F724FAE94688B038
:10E8500002AA4B4BC2E905384FF400739383444B33
:10E8600042F8103F4FF4E4512B463E48F2F7C4F80B
:10E87000637CCD4623F00103637473E738230121E1
:10E880000093404A2B4637480CF0F1FC2046FFF736
:10E89000F1FE21E7102B35D840F2112307F1B00526
:10E8A000C36007F1E00C00F110032A4603CA624579
:10E8B00018605960154603F10803F6D11068186016
:10E8C000638A03F0220213F020056282AAD107F1C5
:10E8D0005006304607F10801F5F7DCF9E84688B044
:10E8E00002AA294BC2E905364FF400739383204BEB
:10E8F00042F8103F4FF4E4512B461A48F2F77CF8E7
:10E90000C546C3E707F1B00300F10C051A4603CA78
:10E91000696007F1E8018A422860134605F108059D
:10E92000F4D1237B112B3FF47DAF07F1700528460E
:10E9300007F10801F5F7AEF96E4688B002AA134B4D
:10E94000C2E905354FF400739383094B42F8103F39
:10E9500000234FF4E2510348F2F74EF8B54695E72D
:10E96000444403007815030043700300016503006D
:10E97000030000011D650300627003008570030041
:10E9800022710300A4700300C2700300E270030050
:10E99000024610B558B90E490E4840F289130E4A86
:10E9A0000BF008FE40F289110B480BF0FAFD01460E
:10E9B000382311F8010B0C32F5F76EFB044628B131
:10E9C00001210346054A06480CF047FC204610BDCD
:10E9D00007700300B02B0300D76F0300877103009B
:10E9E00078150300884210B500EB020311D98C188A
:10E9F000A04211D20D4940F2B3230D4A0D480BF04D
:10EA0000D9FD0D480BF0D6FD40F2B32108480BF0BC
:10EA1000C8FDEFD09942ECE7013A114411F8012901
:10EA200000F8012B8342F9D110BD00BFA7450300B8
:10EA300075450300B02B0300FE4503002DE9F043AC
:10EA40008446894616462F4C9BB01D46DDE9238738
:10EA50000CAB04F1300E1A4620686168083403C21A
:10EA600074451346F7D1206861461060227904A8E6
:10EA70001A712022FFF7B6FF6B462022224804A914
:10EA800000F072F80446C0BB102249460DF1350073
:10EA9000FFF7A8FF102231460DF14500FFF7A2FF56
:10EAA000294611F8013B06220DF156008DF855302C
:10EAB000FFF798FF2299062211F8013B0DF15D0046
:10EAC0008DF85C30FFF78EFF4346352268460CA96F
:10EAD00000F04AF8044680B940460FF04BFA012393
:10EAE00035228DF8303068463B460CA900F03CF8E2
:10EAF000044610B938460FF03DFA20461BB0BDE879
:10EB0000F08300BFAE1A03004A8C030070B50E46B6
:10EB10001D46144698B00146202204A8FFF762FF64
:10EB2000202231460CA8FFF75DFF1022294614A8C9
:10EB3000FFF758FF102221466846FFF753FF6B4648
:10EB40005022684604A900F00FF840B9039B054A1B
:10EB50001BBAB3FBF2F102FB11331C9A136018B01D
:10EB600070BD00BF40420F002DE9F0418EB0074656
:10EB70000C4615460021182208A81E4611F043FE37
:10EB80004FF41053ADF81C308023ADF81E304FF415
:10EB90004063DFF854801022CDE90938394605ABCF
:10EBA00007A808F015F9034648B1104A104801219A
:10EBB0000CF053FB6FF004000EB0BDE8F08106AB23
:10EBC0000293102322464146CDE9006305982B4667
:10EBD00010F051FC0446059808F0AEF82043EBD045
:10EBE000044A2346E2E700BF0002C003BE710300EF
:10EBF00040150300DA71030010B5094C0A44914234
:10EC000000D110BD11F8013B58400309E35C00013D
:10EC1000C0B243401809205C1B01DBB25840EEE74C
:10EC20005A8C03000122024BC3F80424704700BF32
:10EC3000002008E037B540230C460A490093411AEA
:10EC4000491105462346084A08480FF016FA0146BE
:10EC500028B12846234603B0BDE83040184703B02A
:10EC600030BD00BF10520020E7E00200300A030070
:10EC7000C9B2022908B509D9084909487E23094AB9
:10EC80000BF098FC7E2107480BF08BFC0C220369EB
:10EC900001FB0233986E00F0070008BD3B720300D1
:10ECA000B02B0300FE71030070B5C9B20229034600
:10ECB00000690BD9184919484FF4E873184A0BF04A
:10ECC00079FC4FF4E87116480BF06BFCEFF31186FA
:10ECD000402484F31288BFF36F8F0C2505FB0104D9
:10ECE000A46E14F0C00401D0A24211D1012205FB90
:10ECF00001008266002086F31188BFF36F8F30B960
:10ED00000C225B6802FB01335B689847002070BDF2
:10ED10004FF0FF30EFE700BF3B720300B02B030062
:10ED2000FE71030070B50D4606490446411A4911AB
:10ED300040220548FFF7B8FF2B4601462046BDE8B4
:10ED40007040184710520020300A03002DE9F843A4
:10ED50000022012107464FF48770F3F775FF114831
:10ED600002F070F80446C0B90FF0D6FD25464FF00A
:10ED70000C094FF001083E690B4906EB45100BF0FA
:10ED8000DAFD031E0CDB09FB05660135032DC6F811
:10ED90006880F0D12046BDE8F8836FF00404F9E7FD
:10EDA0001C46F7E75DEE0100842003001FB500223A
:10EDB00001236C46CDE902236B46074ACDE90044A6
:10EDC0000FF08AF928B943F609520023684604F087
:10EDD00091FA04B010BD00BFFFE0020010B5EFF3E0
:10EDE0001184402383F31288BFF36F8F074A13689F
:10EDF00023F00201DB07116002D4012001F0FEFFC5
:10EE000084F31188BFF36F8F10BD00BF94520020B0
:10EE10000C22104B014602FB0033002030B4D3E932
:10EE200018521866EFF31180402484F31288BFF360
:10EE30006F8F9C6E04F0C00444F002049C6680F363
:10EE40001188BFF36F8F1DB12B4630BC02481847A5
:10EE500030BC704710520020300A030008B5072864
:10EE60001ED8DFE800F027270F110427270D124BCB
:10EE7000986E10F007001DD1BDE80840FFF7C8BF2D
:10EE80000220F9E70120F7E70C4940F2FA230C4A87
:10EE90000C480BF08FFB40F2FA2109480BF081FB84
:10EEA00006494FF44173064A06480BF083FB4FF4C2
:10EEB0004171F2E708BD00BF105200205C7C0300E6
:10EEC000FE710300B02B030010B4EFF31180402259
:10EED00082F31288BFF36F8F16490B6843F0020468
:10EEE00013F001030C6017D0134BD3F80C3413F458
:10EEF000803311D0EFF3118182F31288BFF36F8F4B
:10EF00000E4A936E03F0C00343F00203936681F34D
:10EF10001188BFF36F8F012380F31188BFF36F8FC8
:10EF20001BB1002010BCFFF773BF012010BC01F023
:10EF300037BF00BF9452002000E010501052002054
:10EF40002DE9F041012206464149D1E8EF3FC1E8F1
:10EF5000E02F0028F9D1A3B93E493F484B60CB6070
:10EF60008A60F0F71DFD00280BDA3C4940F2A3232C
:10EF70003B4A3C480BF01EFB40F2A32138480BF003
:10EF800010FB002E4DD0731E012B56D8012E06D13A
:10EF9000354BD3F8503403F00303012B41D00FF06D
:10EFA0000DFF054650B1EFF31188402383F312881B
:10EFB000BFF36F8F01252C4C2C4F21E02C4B1B787D
:10EFC000002BF0D00422284B8046C3F80823F2E738
:10EFD0004DB340460CF045FDD4F8403413F0FF0328
:10EFE0000ED1D4F808215AB1C4F80831D4F8083148
:10EFF0004FF480420123C4F84034C7F8A0212361B4
:10F00000D4F84C24D4F84C34D203E1D503F00303F4
:10F01000012B01D0012EDBD155B188F31188BFF34C
:10F020006F8FBDE8F0810021202006F073F9D3E74F
:10F0300004220D4BC3F80423F3E70E4940F2B52335
:10F04000074A08480BF0B6FA40F2B52196E700BF30
:10F050000C520020FC510020305200203D340300AF
:10F06000FE710300B02B030000E0105000E100E04F
:10F07000C95C00205C7C030008B507480FF0B1FDB7
:10F0800038B10648F4F7D4F90448EFF791FF0020AF
:10F0900008BD6FF01200FBE7D80A0300A1F00100E1
:10F0A0000A2838B50446074D04D1AB680D2128461F
:10F0B000DB699847AB680348DB69E1B298472046B3
:10F0C00038BD00BFD80A03000023024A0020C1E96E
:10F0D0000023704700D01F0000487047B420030091
:10F0E000024B0B6001231360704700BFBC2003007C
:10F0F00008B50122054811460FF0EFFD01F022FF8F
:10F10000034B044A0020C3F80C2508BD9852002088
:10F1100000E004508000008010B50C1E10461A4616
:10F120000CDB084B9C4209D8C4F5FE1404F580544E
:10F13000A24203D811F041FB002010BD6FF0150072
:10F14000FBE700BFFFCF1F0038B542F201030F4DB0
:10F150001446C5F80035A1B111F02FFBBFF35F8F46
:10F16000D5F81834DB0706D4C4F308041CB1012316
:10F17000AB60BFF35F8F4FF40052044BC3F8002520
:10F1800038BDFF2111F03FFBE8E700BF00E004506D
:10F19000F0B5051E0F46144687B033DB1B4B9D426E
:10F1A00030D8C5F5FE1303F580539A422AD8FAB138
:10F1B0004FF0FF324FF0FF33154804F09BF80FF08B
:10F1C000AEFB0646B8B101238DF81430114B4FF455
:10F1D000FA50009302AB04940193CDE9027501F05B
:10F1E000B9FE684601F0BCFE0446094804F004F884
:10F1F000204607B0F0BD224639462846FFF7A4FF57
:10F200003446F2E76FF01504F2E700BFFFCF1F00AE
:10F210009852002095E1020038B5036961B921498F
:10F220006423214A21480BF0C5F921480BF0C2F9AB
:10F2300064211D480BF0B5F9486850B91D49652394
:10F24000194A1A480BF0B6F91B480BF0B3F96521BF
:10F25000EFE7586800B30024884219D108688CB9D8
:10F260009C685860A14200D19860002008602AB1D3
:10F270005A680A609A68596002B9996000200FE0E4
:10F280002846E9E720609868814208BF9C60ECE767
:10F2900005680446002DF3D1002AE9D16FF015006E
:10F2A00038BD00BFFB720300BF720300B02B030028
:10F2B00004730300137303002573030008B5036888
:10F2C0007F2B4FEA531107D80C4A03F01F0332F982
:10F2D0001120DA40D2070BD409490A484FF482635F
:10F2E000094A0BF067F94FF4826107480BF059F9AE
:10F2F0000360064B53F8210008BD00BFA82403009B
:10F300006F730300B02B03003C730300C4200300A1
:10F3100070B5446801F01F05207C86B045EA4015B1
:10F32000A068002872D0B2F5001F04D1294602F06F
:10F330003BFB00204EE06068667CB2F5800F4662C1
:10F340004FF0000601A80196466032D1B3F1007F6C
:10F3500014BF052304238DF804300023CDE90403F2
:10F360000393E3686E46CB4013F0010F34D1B2F142
:10F37000A07F31D168460095FFF7A0FF009B2033A6
:10F3800050F82330DB0727D46A462946A06802F0EC
:10F3900099F9163018D002962946A06803AA02F0FF
:10F3A00031F8002816DB01222946A06802F07AFA1B
:10F3B000BFE7B3F1C06F05D0B3F1007F14BF0123E5
:10F3C0000223C8E70323C6E76946A06802F046FAAD
:10F3D0000028E0DA06B070BD32462946A06802F087
:10F3E00071F90028D8D19DF80010A06802F016FA33
:10F3F0000028D1D00749084840F2F113074A0BF022
:10F40000D9F840F2F11105480BF0CBF86FF0850008
:10F41000E0E700BF8E6D0300B02B03009273030082
:10F420002DE9F043466840F20635337CD00601F002
:10F430001F0747EA431748BF032302EA050558BFE1
:10F44000C2F3401387B0B5F5837F14468DF80330BF
:10F4500043D00DD8062D42D005D8A5B1022D12D02B
:10F460006FF0150036E0B5F5807FF9D101250AE08F
:10F4700040F20222954234D0B5F5407F33D0B5F545
:10F48000007FEDD1042522032FD5012372688B4024
:10F490005360B06880BB03A80397FFF70FFF039B7F
:10F4A00000EB8300C4F3004383F00103C4F3404442
:10F4B000D0F8802044EA43049DF8033022F47062BF
:10F4C00044EA830422F00F0244EA05231343C0F800
:10F4D0008030002007B0BDE8F0830925D3E7082578
:10F4E000D1E70625CFE70525CDE7630341BF01231B
:10F4F00072688B409360CCE739460DF1020202F04E
:10F50000E1F814F4403F804617D13946B06802F064
:10F510006DF9B8F1000FDCD19DF80210B06802F06F
:10F520007DF90028D5D01E491E48FC231E4A0BF049
:10F5300041F8FC211C480BF034F84FF0000901ABF6
:10F54000CDE90199CDE90439CDF80C903946B06880
:10F5500003AA01F057FF4845BBDB14F4003314D075
:10F560009DF80330C4F3004484F001048DF80E309C
:10F570008DF80C508DF80D404B463946B06803AA03
:10F5800002F002F80028C4DAA3E7CDE904330DF154
:10F59000030303933946B06803AA01F033FFF1E790
:10F5A0008E6D0300B02B0300927303007F2870B5AB
:10F5B0004FEA50110CD8144A52F8216046B1326912
:10F5C000516829B1012500F01F030C689D4001B965
:10F5D00070BD8A682A4010D04B6863B90B498923F3
:10F5E0000B4A0C480AF0E6FF0B480AF0E3FF8921BA
:10F5F00007480AF0D6FF304698471CB123682146D9
:10F600001C46E4E72346FAE7D4200300BE73030058
:10F61000BF720300B02B03002573030038B54568A3
:10F62000A868C0B102F0C8F80146A0B9A86802F005
:10F630007DF8044688B902460949A86802F02AF80C
:10F6400022460121DB20F3F7FFFA2246012140F296
:10F650000D10F3F7F9FA002038BD6FF00400FBE756
:10F66000ADF5010008B503687F2B4FEA531107D8A9
:10F670000C4A03F01F0332F91120DA40D2070BD4F1
:10F6800009490A484FF48263094A0AF093FF4FF48C
:10F69000826107480AF085FF0360064B53F821009A
:10F6A00008BD00BFB02403006F730300B02B03003C
:10F6B0003C730300342103002DE9F04F1546064644
:10F6C0004FF0010985B000EB8108B04503D100205F
:10F6D00005B0BDE8F08F3268C2F3C323082BC2F334
:10F6E000080400F2A0805149CF5C40F2FF139C4215
:10F6F00008BF4FF0FF34B2F1D05F4FEA126310D26F
:10F70000192B12D8DFE803F014233734282F3411D3
:10F7100011111111111111111111111111113A7150
:10F720007477382B6AD04E2B25D06FF08500CFE749
:10F73000C5F80446621C56D003A80394FFF792FF55
:10F74000039B4FF0010A09FA03F3436029E0C5F86F
:10F750000C464FF0000B62E04FF0000AC5F800467F
:10F76000611C16D13FE04FF0010AC5F80446F7E7E7
:10F77000C5F80846EDE7C5F81046DBE7C5F8604573
:10F780007388601C03F001032DD0002BD4D14FF0FF
:10F79000010A03A80394FFF765FF039B09FA03F32B
:10F7A00083604FF0010B326803A8130444BF4FF08D
:10F7B000010A4FF0000B01920394FFF753FF039BE4
:10F7C000019A00EB8300C2F341223B02D0F8801083
:10F7D00043EA8203164A43EA0B030A40134343EA0F
:10F7E0004A03C0F8803004366FE7C5F86445C7E7C0
:10F7F000C5F86845C4E7C5F86C45C1E703A803949C
:10F80000FFF730FF4FF0010B039B00EB8300D0F8B4
:10F81000803023F0E04343F08043C0F88030631C25
:10F82000E1D0DA46BFE76FF0150051E76A8C0300BC
:10F83000F0F0FCFF70B5036986B0456804461422F9
:10F84000002101A81E6810F0DEFF05238DF80430AA
:10F85000002386F8633063680D4A1B68C3F80823E9
:10F860006B689B070ED5EFF31185402383F3128855
:10F87000BFF36F8F022120460EF0E4FD85F311885F
:10F88000BFF36F8F204601A90EF006FD06B070BDD4
:10F890003002180038B5044600220121C620F3F7D3
:10F8A000D3F9C620F3F7AEF965680121E8680EF0D8
:10F8B000BAFD636819686B69C1F82435EA8BAB8BB4
:10F8C000A87E13432A8C13436A8C13436A7E9BB22F
:10F8D0000243287E02431343C1F86C35256928682A
:10F8E00078B100221A4908300FF03EFB2B68DC6328
:10F8F00028680022174968300FF036FB2B68C3F8E0
:10F900009C4061680B68D3F8002242F48022C3F85F
:10F9100000220822C3F80025CA6A0121C3F83C2747
:10F920000022C3F840271965D3F830110029FBD015
:10F93000C3F800256368596811F0020106D1D86840
:10F940001C680EF070FD0823C4F80035002038BD97
:10F950007BE50200CBE302002DE9F84304460E46A6
:10F9600045680FF02BFAD0B9304B1B7883F00103B8
:10F970006268D2F80080A3B94FF040096427636839
:10F980001B68D3F83031002B3ED101200EF0D9FF97
:10F99000013FF4D10021202005F0BCFCEEE701235B
:10F9A000E6E740222369EFF3118782F31288BFF361
:10F9B0006F8F61680968D1F8301121B987F3118818
:10F9C000BFF36F8FEFE71B6853B1D3F8A4203AB1B0
:10F9D000D3F8B420002A03DAD8F84427C3F8B420B7
:10F9E000EB6A01221E702046E96A0EF051FD6B6839
:10F9F0009B0744BF4FF48053C8F8043387F3118842
:10FA0000BFF36F8FBDE8F883EFF311831F4689F3CF
:10FA10001288BFF36F8F62681268D2F83021002A13
:10FA2000DED183F31188BFF36F8FB3E7C95C002089
:10FA30002DE9F04F1F46D0F80490036985B01C688B
:10FA4000029399F80830834688461646D9F8005044
:10FA500073B15D4940F206735C4A5D480AF0AAFD45
:10FA60005C480AF0A7FD40F2067158480AF099FD7B
:10FA700094F86330002B40F0A38094F8642002F0E7
:10FA8000FF03002A40F09C80791C7DD0D9F810102B
:10FA90004FEAE77CA1FB070E00234F4A01FB0CE174
:10FAA000E9F772FF40F2FF33984228BF1846C5F8C5
:10FAB0007805D5F8003243F00053C5F8003227EA44
:10FAC000E773DA171F3342F100025B0943EAC263AE
:10FAD00052094FF0000AC4E91632C4E91086C4E99D
:10FAE00012AAC4F850A0D9F8042092075CD5EFF30D
:10FAF00011824021039281F31288BFF36F8F02219C
:10FB000058460EF0B4FC039A82F31188BFF36F8F4E
:10FB1000D9F80420930747D594F86120002A43D0F0
:10FB2000B24228BF324693464046D9F8281010F01A
:10FB300044FEB6EB0B06D84428D194F86120A2EB22
:10FB40000B02D2B284F86120D9F8280000EB0B0137
:10FB500010F040FE029B03F1080ADAE8EF3F43F0A1
:10FB60000403CAE8E23F002AF7D10122C5F3434368
:10FB7000C5F3043502FA05F5184A403342F823501C
:10FB8000002005B0BDE8F08F1A46A2E701370BD080
:10FB9000C5F810A1D5F81031D4E91623CDE900231A
:10FBA00004F1080006F0B0FA0D4BC5F80487C5F85B
:10FBB0000867C5F80433012384F86330AB62DFE7DC
:10FBC0006FF00F00DDE700BF5C7C0300F7730300FC
:10FBD000B02B03002B74030040420F0000E100E053
:10FBE000200218002DE9F04F43688DB01D680369AD
:10FBF000D5F8047304461E6803934FF400723B4625
:10FC00004FF4BA7128460EF002FC20B1F36C13B920
:10FC1000012386F862303B464FF400724FF4927134
:10FC200028460EF0F4FB814608B196F862903B46F8
:10FC30004FF400224FF4A67128460EF0E8FB3B4635
:10FC400010224FF48871804628460EF0E0FB3B46B8
:10FC50004FF480124FF4A871049028460EF0D7FBA1
:10FC60003B46824620224FF48A7128460EF0CFFB95
:10FC700020B3636814221B68002107A8D3F880B45E
:10FC8000059310F0C0FD06221BF0010F059B8DF8B7
:10FC90001C2042D11BF0020F41D11BF0040F40D1B8
:10FCA0000BF0080220468DF8202007A9C3F880B485
:10FCB0000EF0F2FA002120460EF01FFC049B93B1D7
:10FCC000002123696268D2F800B01A6882F86010D7
:10FCD0001868D0E91623CDE90023083006F014FA9D
:10FCE0001023CBF80833B8F1000F02D1BAF1000F9E
:10FCF0003FD0F36C33B3B8F1000F18D1D5F84C31C5
:10FD00008BB99849984840F6C313984A0AF052FCB8
:10FD100040F6C31195480AF044FC0122C2E70222D2
:10FD2000C0E70422BEE7C5F84C81D5F84C314A46FD
:10FD3000514620460EF058FCBAF1000F19D04FF092
:10FD4000000802E0BAF1000F0BD00021142207A82E
:10FD500010F059FD0323204607A98DF81C300EF042
:10FD60009BFAB8F1000F04D00022204611460EF095
:10FD70003BFCB9F1000F35D0002386F862302369CF
:10FD8000D4F8049053F8088BD3E8EF2F22F4803195
:10FD9000C3E8E01F0028F7D1D30303D508F108001A
:10FDA00006F020FAD8F8401029B120460EF07BFA70
:10FDB0000023C8F8403098F86430002B6FD000233F
:10FDC00088F86430636820461B68D3F8002222F06C
:10FDD0000052C3F800220022C3F81021D3F81031DA
:10FDE000FFF728FDF9043DD5D5F83031002B39D087
:10FDF00063682569D3F80080EFF31189402282F30C
:10FE00001288BFF36F8F2A685B68D2F8B41000299C
:10FE1000ACBFD2F8B470D8F844779A0707D54FF43E
:10FE2000805301212046C8F808330EF00BFB89F3FC
:10FE30001188BFF36F8F2868D0F8A03093B190F885
:10FE4000B820002A4ED0EFF31187402383F31288A5
:10FE5000BFF36F8F294620460EF02FFB87F31188E2
:10FE6000BFF36F8F039B0833D3E8EF2F22F0040119
:10FE7000C3E8E01F0028F7D153076FD52046716C07
:10FE80000EF025FA2046316C0EF00DFA00232046C4
:10FE9000C6E910330DB0BDE8F04FFFF7CBBCD9F881
:10FEA000043098078ED562681368926AC3F80427F5
:10FEB0000522C3F808270122DA61D3F84C21002A71
:10FEC000FBD00021C3F84C11D3F84C21D3F85021BA
:10FED0002AB1C3F85011D3F85021D3F80C2788F871
:10FEE00061206FE7D0F8A820934210D0D0F8AC2062
:10FEF000D0F8B030BA423B442ED1C0F8B0302046E2
:10FF00000EF066FA00289ED12868D0F8B0706830EC
:10FF100006F068F91422002107A810F074FC2B6881
:10FF20002046D3F8A03007A9CDE908372B68D3F8CD
:10FF3000A4309F421CBF01238DF81C304FF4805326
:10FF4000C8F8083300232A68C2F8A0302A68C2F82B
:10FF5000A4300EF0A1F985E71F46D8E70DB0BDE843
:10FF6000F08F00BF44740300B02B0300F77303004D
:10FF700070B50F48D0E90015541A63EB0506640903
:10FF800044EAC6642026E4FB0615C0E900150949C9
:10FF90000020C1E900230021074BC3E9000105F05F
:10FFA0006BFF01462046BDE8704005F0CDBE00BFA6
:10FFB000603E0020483E0020583E002008B5002248
:10FFC0000121E420F2F740FE164A0020D2F818374B
:10FFD00023F44033C2F8183701F022FF002820DB59
:10FFE0000120114901F0CCFF00281ADB01F0D8FEF6
:10FFF0000E4B20F01F00C3E900010D4B0022C3E9A6
:020000022000DC
:1000000000014FF0FF304FF0FF310A4BC3E9000110
:10001000094B0A49187A01F0EDFE67220020084BCF
:100020001A6008BD00200E50AC160020603E002073
:10003000403E0020483E0020A416002071FF010031
:10004000D852002008B501F0ABFE064AD2E90032D2
:10005000C01A054B61EB0201C3E90001400940EA07
:10006000C16008BD603E0020583E0020F7B5224B1D
:100070000146224F187A224BD7E90056D3E90023D4
:100080009E4208BF954211D1B1F1806F0ED2490155
:10009000012938BF012101224D1946F10006C7E9A7
:1000A000005603B0BDE8F04002F012B8154BDFF87F
:1000B00058C0D3E90043DCE9002CA41843EB0C0C36
:1000C0004FF0200E22466346C1FB0E23954276EB8D
:1000D0000301C7E900230DD2291B66EB0C04C829D4
:1000E00074F10004B4BF01210021009101F0B0FFC0
:1000F00003B0F0BD0021F8E7A4160020503E002018
:10010000483E0020603E0020583E002008B50248CE
:100110000AF03AFA002008BD9374030002460B4629
:10012000014802F065BD00BF84180020014802F0BC
:1001300027BE00BF841800201FB500230A220193A8
:100140000293CDF80B300091014601A810F07AFB24
:100150004FF4AC73074A084908480AF02BFA0848DC
:1001600001A9009A0AF026FA4FF4AC7101480AF08E
:1001700018FA00BFC57403005C7C0300B02B0300B9
:10018000FE74030003460A4610B5114881680C68E6
:1001900064B910496623104A10480AF00BFA104857
:1001A0000AF008FA66210C480AF0FBF91946A04744
:1001B00068B10C494FF436730B4A08480AF0FAF953
:1001C0000A480AF0F7F94FF436710748ECE710BD1A
:1001D000BC0A03005A75030026750300B02B030008
:1001E0007A7503008E6D0300C5740300A0750300CB
:1001F00008B50A490A480EF0D1FD00280CDA094971
:100200002F23094A09480AF0D5F909480AF0D2F91A
:100210002F2105480AF0C5F908BD00BFE0520020B3
:10022000984900205C7C0300DA750300B02B0300C2
:1002300003760300094B93F80031042B02D18107A8
:1002400009D47047022B02D1020704D47047082B4F
:1002500003D1830601D5FFF7CBBF7047805900203B
:100260002DE9F0418AB0064600AF0D4639483A49BB
:1002700003F03CFB07F11400E9F7A9FB6C4688B0DA
:100280006A46364B0593364B06934FF40073ADF830
:100290001C30344B42F8103F3349344807F1140303
:1002A000F0F7AAFBA54632480EF09BFC58B9012195
:1002B000304A2E480AF0C8FF6FF012042046283753
:1002C000BD46BDE8F0812C4B07F10800BB60E0F7AC
:1002D000B7FD034638B10121284A24480AF0BDFF82
:1002E0006FF01504EAE74FF0FF304FF0FF31FFF7F2
:1002F00015FF04460028E1D121492248E0F74EFAD3
:10030000044610B1FFF712FFD8E741F64C5807F149
:100310000C00C7F80C80E2F76FF820B1FFF706FF7A
:100320006FF08504CAE70123381D3B71EAF74AFBE9
:100330000028F3D107F11000C7F81080E2F764F845
:100340000028EBD1FFF7F2FE33690F481D60F3F789
:10035000EFFFB3E7E05200202BE802002C4C030033
:100360002676030003000001C01C4001A015030015
:10037000BC0A03004D760300850102006D76030080
:10038000683E0020490402003502020030B52B48C7
:1003900087B0E0F781F90446002849D10125E0F74C
:1003A0003BFAE9F716FBE9F716FBE9F716FBE9F765
:1003B00016FB2946204603AA8DF80C50E0F79AF95F
:1003C000002834DB08230721204603AAADF80C30AF
:1003D000E0F790F900282ADB4FF0FB13039340F27B
:1003E00003230321204603AAADF81030E0F782F979
:1003F00000281CDB03230521204603AA8DF80C30BE
:10040000E0F778F9002812DB40F62A33984212D937
:100410000B4A009029460B480AF029FF84F3118803
:10042000BFF36F8F0423184602DF6FF00B00044602
:10043000204607B030BD2046F9E700BF3901020071
:1004400091760300A015030073B5434C94F8003176
:100450003BB394F80031042B56D120783E2833D199
:10046000A678B31E5E425E416378FF2B2ED14FF417
:100470008073009340F201130121384A38480AF092
:10048000F6FE6FF00B030121364A35480AF0E5FE0F
:10049000002383F31188BFF36F8F0423184602DF14
:1004A0001DE04FF0FF304FF0FF31FFF737FE48B946
:1004B000204604F5807100F02FFB0546FFF736FE5D
:1004C000002DC6D002B070BD0026CDE7002200236B
:1004D0003146F3F737FF054648B9002EF2D0002326
:1004E00084F8003102B0BDE87040FFF781BE627849
:1004F0000232194905F10C000BF001FB1A4B294699
:100500001B681A489847EAE7022B10D10022002303
:100510000820F3F7C1FE05460028D3D063880433D2
:10052000B3F5807F0FD94FF480720092A4E7082BB7
:100530000BD1002300222020F3F7AEFE638805468E
:100540000028ECD1BEE71A46D3E70121084A044847
:100550000AF083FEC3E700BF80590020B476030091
:10056000A01503000E770300DC520020F40A0300FC
:10057000D57603002DE9F341A94D04462F78002FCD
:1005800040F0C28204238DF80730A64B0688D3F8CA
:100590000080B8F1000F15D1B6F5105F4FEA962331
:1005A0000BD2002B00F0A382013B072B62D8DFE8BF
:1005B00003F026614D95616161DD3F2B00F0D5812F
:1005C00001200FE20DF106030DF10702691CC0477F
:1005D0000128E1D09DF8063013B9012840F08A8245
:1005E0000F236B700423AB700123E8702B71A5F807
:1005F0000560012300202B7002B0BDE8F081204689
:1006000040F2064230F9033B934219D040F21D42BA
:10061000934218D0012042F219039E4200F2548204
:1006200042F20C039E4200F2488240F2064340F23E
:100630001D429E4218BF964214BF0127002730E09A
:10064000E1F7F8F9E7E7E1F767FAE4E7204640F673
:10065000634230F9033B934234D00EDC40F6034250
:10066000934223D040F62D42934222D040F60142DD
:10067000934213D00120074613E040F67B42934299
:1006800023D040F67C429342F4D19DF8073066496E
:1006900002338DF80730EAF766F901E0E0F700F978
:1006A000012787F001038DF8063093E7E9F786F913
:1006B000F6E79DF807305C4903338DF80730E9F71A
:1006C00022FFEDE7E0F7FEF8EAE79DF8073056492C
:1006D00004338DF80730EAF738F9E1E72388A3F50A
:1006E0008053013B082BC5D801A252F823F000BF6C
:1006F00015070200270702003B07020075060200EB
:1007000075060200750602007506020075060200F5
:100710005B0702009DF80730434808338DF8073027
:10072000E9F7DFFEBCE79DF807303F4840338DF81E
:1007300007300EF07CF80020B2E700229DF8073069
:1007400008338DF80730384B1A605A60EB7A23F083
:10075000600343F06003EB72EDE79DF80730324829
:1007600006338DF80730E9F71BFF99E7204630F88C
:10077000033BA3F50053013B4D2B00F28F81DFE8D3
:1007800013F0550062006B008D0174008D018D0126
:100790008D018D018D0177007A007D0080008D0133
:1007A0008D018D018D01830086008D0189008C00F3
:1007B00095009E008D018D01A1008D018D018D019F
:1007C0008D018D01AC008D01B5008D018D01B8004A
:1007D000BB00BE00C1008D018D01CA00CD00D0005C
:1007E000D900E200E5008D018D018D018D018D01A3
:1007F0008D018D018D018D018D018D018D018D0189
:100800008D018D018D018D018D018D018D018D0178
:100810008D018D018D01E8008D018D01F10000BF7A
:10082000815A0020F0520020885A0020E0F754F846
:1008300042F264039E423FF434AF42F264039E42AC
:1008400000F2D080E7E69DF80730B14803338DF819
:100850000730E1F7E5F8EBE79DF80730AC480833DF
:100860008DF80730EAF712F8E2E7E9F7B5FEDFE7BF
:10087000E1F71AFADCE7E9F78AFFD9E7E1F7F4FCD8
:10088000D6E7E1F757FDD3E7E9F79EFFD0E7E9F7B1
:10089000D4FFCDE7E9F7EAFFCAE79DF807309C49A6
:1008A00010338DF80730E9F75AFEC1E79DF807309D
:1008B000974808338DF80730E9F71FFEB8E7EAF7E5
:1008C00024F8B5E79DF80730002008338DF807308D
:1008D0007023EB714023EB72AAE79DF807308C4937
:1008E00002338DF80730E9F786FEA1E7E1F7D0F88B
:1008F0009EE7E9F78BFD9BE7E9F7ABFD98E7E9F7A2
:10090000DEFD95E79DF80730814801338DF807300B
:10091000E9F7E3FD8CE7E9F7C2FD89E7E9F7B6FD02
:1009200086E79DF807307A4808338DF80730E9F7F5
:1009300092FE7DE79DF80730754904338DF8073046
:10094000E9F7B4FE74E7E1F7BBF871E7E9F7F4FE05
:100950006EE79DF807306E4802338DF80730E9F7EF
:10096000EDFD65E7E9F787FE62E720464FF60352A3
:1009700030F8033B934276D013D803F2FF3292B2A1
:100980000A2A3FF61DAEA3F57C43013B0A2B00F279
:100990008780DFE803F01F358585855C85854A53B0
:1009A0005F004FF60552934260D003F2F32292B2F9
:1009B0000E2A3FF605AEA3F57D430D3B0E2B6FD8F7
:1009C000DFE803F05A6E6E6E6E576E5D6E666E6E89
:1009D0006E6E69009DF807304D480C338DF8073076
:1009E000E8F7FFFF42F285039E427AD842F267039E
:1009F0009E4257D842F26603F71A18BF012750E605
:100A000000209DF8073040338DF80730404B1880A8
:100A1000EB7923F0230343F02303EB712B7A23F0CC
:100A2000070343F007032B72DCE79DF807303848D3
:100A300017338DF80730E8F7EFFFD3E79DF807305D
:100A4000334820338DF80730E9F70AF8CAE7E8F7AA
:100A5000E1FFC7E79DF807302D4801338DF80730D7
:100A6000E9F71BF8BEE7E9F7ADFFBBE7E1F7C4FC28
:100A7000B8E7E1F7C9FCB5E7E9F725F8B2E79DF873
:100A80000730234904338DF80730E9F722F8A9E746
:100A9000E1F7C2FCA6E7E1F7CBFCA3E70120C7E63C
:100AA0000120CAE6A6F50153283B9AB2194BD34060
:100AB00003F0010383F00107F3E5A6F500530D3BB6
:100AC0009AB241F24123F2E742F232039E423FF4EE
:100AD000E8ADA6F50153033B012B94BF0027012786
:100AE000DFE54FF6025226F008039F1A85E701273B
:100AF0003846D6E59DF807300E22AB7001236A70A8
:100B0000EB70AE80A87174E54FF0FF3074E500BF64
:100B1000885A00202F80402038B5094C0D46237894
:100B20001BB9BDE83840E9F796B8A278611C0232DB
:100B30000FF043FE0020042320702B7038BD00BF4F
:100B4000815A002070B506460C460F4D28460EF01F
:100B500048F8A8B1A2B2AB681B6863B90B49662319
:100B60000B4A0C4809F026FD0B4809F023FD6621CD
:100B7000074809F016FD31462846BDE87040184781
:100B80006FF0120070BD00BFBC0A03005A7503006D
:100B900026750300B02B03007A7503004FF4007133
:100BA000014805F095BD00BFC95A00201FB50023BC
:100BB0000A2201930293CDF80B300091014601A85F
:100BC0000FF040FE40F24D13074A0849084809F06B
:100BD000F1FC084801A9009A09F0ECFC40F24D1123
:100BE000014809F0DEFC00BF667703005C7C03006F
:100BF000B02B030093770300322337B50125ADF8FE
:100C0000043000231C216846134A8DF80630ADF8E5
:100C100000508DF80230E8F759FC0446C8B90DF0D1
:100C200078FA80B2E7F744F929460C48ECF76AF9FC
:100C3000044670B901462A468520F2F705F82A468F
:100C40002146E520F2F700F82A4621468A20F1F7EE
:100C5000FBFF204603B030BDAD0B0200F852002070
:100C600008B54FF0FF304FF0FF31FFF757FA48B1AA
:100C700007490848E623084A09F09CFCE621064893
:100C800009F08FFCECF76EFABDE80840FFF74EBAAA
:100C9000AA770300B02B030066770300024608B56D
:100CA0000A480B460A4903F053F900280CDA0949AF
:100CB0004723094A094809F07DFC094809F07AFCF4
:100CC0004721054809F06DFC08BD00BF9849002088
:100CD000F01200205C7C0300DA750300B02B0300E7
:100CE000B777030008B50A490A480EF057F80028FC
:100CF0000CDA09492F23094A094809F05BFC094825
:100D000009F058FC2F21054809F04BFC08BD00BF35
:100D10005C530020984900205C7C0300DA750300D6
:100D2000B02B0300037603000122054B05491A632B
:100D3000A3F54023D3F818050860C3F818257047B9
:100D400000E01050585300200122044B5A63044B1A
:100D50001A68044BC3F81825704700BF00E0105014
:100D60005853002000E00450012803460ED002280A
:100D700005D040B10221074A07480AF06EBA0420A4
:100D8000064B1B681847054B1B68FBE7034B072006
:100D90001B68F7E7F1770300381603006C53002057
:100DA000012810B50FD0022813D0A8B10D494C234B
:100DB0000D4A0E4809F0FEFB0D4809F0FBFB4C21E3
:100DC000094809F0EEFB00200A49BDE81040E6F7AB
:100DD000A3BF01200749F8E7074B0220BDE81040F8
:100DE0001B6818475C7C03000D780300B02B0300E0
:100DF0004A780300690D02006C530020012808B5F1
:100E00000FD0022812D098B10A495F230A4A0B4832
:100E100009F0D0FB0A4809F0CDFB5F21064809F034
:100E2000C0FB0020BDE80840E6F796BF0120F9E7C7
:100E300008BD00BF5C7C03000D780300B02B0300ED
:100E40004A780300014B1860002070476C53002063
:100E500038B5304C0D46237C834209D02E4960239F
:100E60002E4A2F4809F0A6FB60212C4809F099FB77
:100E700004F13803D3E8AF3F2BBB09293DD8DFE8A5
:100E800001F0053C3C3C3C24241F3C22A369D3E9EF
:100E900000209047012808D0224B984203D002231B
:100EA000606384F82C3020480EE042F21073A36295
:100EB000032384F82C301D4B84F821002363F2E7D0
:100EC000144802F099F9002038BD002384F821303D
:100ED000174B207C1549A362ECF755F8044600280F
:100EE000F1D058230D4A13490D4809F063FB214600
:100EF000114809F05FFB5821B7E79323074A0F49D0
:100F0000074809F057FB29460D4809F053FB932188
:100F1000ABE700BF70530020A47803006A78030099
:100F2000B02B03001F6466029C5300208C530020EA
:100F3000FF3F420FC6780300CF7803005C7C0300BC
:100F4000F27803000122002101480DF0C6BE00BF67
:100F500070530020014B5861704700BF7053002050
:100F6000F8B54FF0FF3106464FF0FF30FFF7D6F8E7
:100F7000054648B14849BF23484A494809F01AFB89
:100F8000BF21464809F00DFB46494748E8F7DEF91E
:100F90000446FFF7CBF8002C08DA44482346012129
:100FA000434A0AF05AF96FF00B00F8BD40F2011302
:100FB000404C23846369A6616433636242F2107318
:100FC000A3626FF073032577636304F13806D6E8F4
:100FD000EF3FC6E8E25F002AF9D1A36837463BB18C
:100FE0003549D5232D4A2E4809F0E4FAD521C8E722
:100FF0004FF0FF304FF0FF31FFF790F838B126493E
:10100000D823264A264809F0D5FAD821B9E7207C0A
:1010100004F11C01EBF7B7FF054658B1DA231F4A6C
:1010200026491F4809F0C6FA2946254809F0C2FAA0
:10103000DA21A6E7FFF77AF800232046214A02F0DA
:1010400059F900280BDA01211F4A18480AF0FCF868
:101050000123D7E8EF2FC7E8E13F0029F9D14FF08E
:10106000FF304FF0FF31FFF759F838B10A49E52357
:101070000A4A0B4809F09EFAE52182E7207CEBF74B
:1010800064FFFFF753F8D6E8AF3F13B1094802F009
:10109000ABF9606B89E700BFAA7703006A780300A9
:1010A000B02B030080530020510E0200F015030006
:1010B0000A7903007053002030790300C6780300DA
:1010C000CF7803000E720B007B2A030003689A0797
:1010D0000CD50368DB070DD50922074BC3F80C2597
:1010E0000F22C3F8042501221A60FEE7034B0360B8
:1010F000EF3B0360704700BF00801050F000FA50D3
:1011000008B50123304AC2F80038A2F55722D2F8B8
:1011100000242E4AD2F84023292A01D0332A02D1B2
:101120002B4AC2F80C342B48FFF7D0FF0830FFF7EA
:10113000CDFF0830FFF7CAFF0830FFF7C7FF00F503
:10114000F470FFF7C3FF244AD2F88C3043F44063B5
:10115000C2F88C300022D30003F57F0303F540432F
:10116000D3F8001401310AD0D3F8001439B1D3F800
:1011700000140132D3F80434402A0B60EBD1174B32
:10118000D3F80026D2071AD4154B1349D3F81825E3
:1011900022F00302C3F81825D3F81825C3F8182540
:1011A000D1F88C2042F44062C1F88C200022C3F8B0
:1011B000A0250C4AD2F80034012BFBD008BD6FF0FB
:1011C0000102C3F80026DFE70000125000C0FF0054
:1011D0000030055000F50E5000ED00E000E010502A
:1011E00000E00450009004507F2898BF074B4FEA5E
:1011F00050129FBF33F9123000F01F0023FA00F0A5
:1012000000F0010088BF0020704700BFB824030031
:10121000034A4309D35C00F01F001844C0B2704772
:10122000738C030010B504460846FFF7F1FF04EB8A
:101230004000838ADA051CD5C3F3432123F4F85315
:10124000838204F1120204F1960032F8023F13F493
:10125000807F03D0C3F3432399420AD09042F4D154
:10126000002204EBC1035A6004F19C000DF085FBE1
:1012700000B910BD054906484FF4DB73054A09F073
:1012800099F94FF4DB71034809F08BF98E6D030077
:10129000B02B03006C79030010B5016804460846C2
:1012A000FFF7A2FF58B910494FF482630F4A104864
:1012B00009F080F94FF482610C4809F072F901F0ED
:1012C0001F037F2923604FEA511209D9094940F2CF
:1012D0001943064A064809F06DF940F21941EBE757
:1012E000054B53F8220010BD6F7303003C730300DD
:1012F000B02B03005C7C0300A8210300072808B57D
:101300000BD90849084840F2A733084A09F052F9B6
:1013100040F2A731054809F044F9800000F58070DB
:1013200008BD00BFDF790300B02B0300AA790300DA
:10133000F0B58446002587B0DFF848E0124F0191F0
:1013400002AE1EF8013B06AA02EBD30212F8144CBF
:1013500003F00703DC4014F0010406D10135042D2D
:10136000EFD10024204607B0F0BD97E80F0086E8D3
:101370000F0056F82520136A4CF825301362002B15
:10138000ECD0EFE7838C030084170300F7B5044625
:101390000846FFF73DFF04EB4006B38A0D46DB0726
:1013A0002AD520460DF0E2FB294620460DF0FEFA34
:1013B00050B120460DF029FB0023276807EB800081
:1013C000C0F81035C0F81035204600242946FFF734
:1013D00029FFB48201A80195FFF75EFF019B00EB96
:1013E0008300D0F88020064B134043F00203C0F87E
:1013F0008030204603B0F0BD6FF01500FAE700BF63
:10140000F0F0FCFF2DE9F0430E461746044685B088
:1014100058B95A495A4840F25E435A4A09F0CAF844
:1014200040F25E41574809F0BCF80846FFF7F0FE6D
:10143000D7F800800546B8F1000F19D020460DF00E
:10144000D9FA18BB4346CDE900008DF80E008DF89F
:101450000F000DF10F0230460DF10E010DF0FEFAF6
:1014600004EB4502938A23F0020343F001039382C5
:101470007B689BB33146204693F80080D3F80490F4
:101480000DF0ADFA28B1B9F1000F1FD06FF01500C3
:1014900027E004EB4500838A23F4604323F0200314
:1014A0008382B9F1000F11D0B8F1030FEED87B6839
:1014B00021685B6893F800C04FEA8C031944B8F1C7
:1014C000000F11D1C1F81085C1F8108504EB450259
:1014D000938A23F01C0343EA88039382BB684BBBC7
:1014E000002005B0BDE8F083D1F8102522F00302FA
:1014F000C1F8102522681344D3F8102522F447328E
:1015000022F47C72C3F8102541F6F072D3F810155E
:1015100002EA061242EA08420A43C3F8102504EB25
:101520004C03A3F8A060838A43EA4C3343F02003C2
:101530008382CBE73146D3E900782046FFF772FE7D
:10154000002FCDD063689F4206D004F19C000DF0BF
:10155000FAF9002804DAC4E7A3689845F5D1002019
:1015600004EBC003C3E9017804EB4505AB8AC0B2C4
:1015700043EA402343F48073AB82B1E7E979030087
:10158000B02B03006C7903002DE9FF410D46164690
:101590001F46044658B93B493B484FF48D633B4ACC
:1015A00009F008F84FF48D61384808F0FAFF084652
:1015B000FFF72EFE804616B320460DF010FA18B93C
:1015C00020460DF0F3F908BB294620460DF0F9F945
:1015D00010B17378012B19D001238DF80F3000233F
:1015E000721CCDE900632846B31C0DF10F010DF00C
:1015F00035FA04EB4802938A43F003039382002FE9
:101600003ED0294620460DF0EAF920B96FF01500CA
:1016100004B0BDE8F08100223E78236804EB480066
:1016200003EB8603C3F81025C3F81025838A4FEA1D
:10163000860C23F4604323F0200383827978F9B188
:101640002268134B6244D2F81045BF782340C2F899
:10165000103541F6F073090401F4403103EA051333
:101660000B433905D2F8104501F480110B43234395
:10167000C2F81035838A43EA463343F0200383825D
:101680000020C5E7E9790300B02B03006C79030063
:101690000FE0ECFF08B558B90749084840F271431C
:1016A000074A08F087FF40F27141054808F079FFCA
:1016B000C0E9031208BD00BFE9790300B02B0300A5
:1016C0006C79030070B51546044658B9134940F2C9
:1016D0007A43134A134808F06DFF40F27A411048EC
:1016E00008F05FFF4AB9104940F223330C4A0D4815
:1016F00008F060FF40F22331F1E70DF057F948B1EF
:101700000846FFF785FD04EB40040020A38A5B0B2D
:101710002B7070BD6FF01500FBE700BFE979030087
:101720006C790300B02B0300F4790300F8B504468C
:1017300058B91C491C484FF491631C4A08F03AFF01
:101740004FF49161194808F02CFF90F8B05090F8D0
:10175000B1701DBB8422294614300FF054F8144B8D
:10176000266853F83770AF4213D1002540F20D10B0
:10177000C6F84451D6F844310E4B9E4208BFDB20D8
:10178000F1F740FA0123284684F8B030C4F89C30C1
:10179000F8BDE8B2FFF7B2FD0135E4E76FF077007E
:1017A000F6E700BFE9790300B02B03006C79030072
:1017B000B821030000A00D5008B558B908490948E0
:1017C00040F28F43084A08F0F5FE40F28F41064888
:1017D00008F0E7FE90F8B000003818BF012008BDFF
:1017E000E9790300B02B03006C79030008B558B900
:1017F0000749084840F29D43074A08F0DBFE40F2E3
:101800009D41054808F0CDFEBDE80840FFF7BEBD8C
:10181000E9790300B02B03006C79030008B558B9CF
:101820000A490B4840F2A4430A4A08F0C3FE40F2BA
:10183000A441084808F0B5FE074B90F8B10003EB4F
:101840008000BDE808400DF098B800BFE9790300BA
:10185000B02B03006C790300B416002010B50C46C1
:1018600058B90C490C4840F2AB430C4A08F0A2FEB0
:1018700040F2AB41094808F094FE094B90F8B100E2
:1018800003EB80000DF05FF80028A4BF207000205B
:1018900010BD00BFE9790300B02B03006C79030091
:1018A000B41600202DE9F3410D461646044658B9FA
:1018B00038494FF4A563384A384808F07BFE4FF4A6
:1018C000A561354808F06DFE0DF07BF848B9344944
:1018D00040F23543304A314808F06CFE40F2354161
:1018E000EFE720460DF062F82768F8B120460DF0CA
:1018F00076F88046D0B920460DF087F80546FFF708
:10190000FDFC47F800803B58236803EB8503D3F8C0
:10191000102542F00102C3F8102526B101232268E8
:10192000AB40C2F8143302B0BDE8F081D7F81433ED
:101930009B035CBF4FF40033C7F814334EB9194909
:1019400040F24F43144A154808F034FE40F24F412C
:10195000B7E72846FFF75CFC04EB4004A38AC3F317
:101960008203042B11D0052B11D001A80195FFF79C
:1019700093FC019BC168D94001F001010231284666
:1019800002B0BDE8F0410DF0B6B80321F7E702213F
:10199000F5E700BFE97903006C790300B02B030081
:1019A000FE7903001F7A030008B558B907490848B3
:1019B00040F22F53074A08F0FDFD40F22F51054831
:1019C00008F0EFFDBDE808400DF0D0B8E97903005C
:1019D000B02B03006C7903002DE9F04F07468FB060
:1019E00058B97449744840F25C63744A08F0E2FDE7
:1019F00040F25C61714808F0D4FD804658F804BBA1
:101A000090F8B140DBF814136D4BC9B253F8342091
:101A1000584641F400310DF07DF8820305463AD571
:101A2000102200210AA80EF0EEFE654BE60003EB43
:101A3000C40463680AA819460193FFF779FC331DB3
:101A400004934FF0000A5F4B0DF128090393039AAA
:101A50005B4912F8013B0392049A02EBD3028A5CC1
:101A600003F0070322FA03F3DB071AD40AF1010A91
:101A7000BAF1040F09F10409E9D14FF40031002251
:101A800058460DF047F801990AA8FFF751FC0028C5
:101A9000D7D125F400350124002D74D10FB0BDE855
:101AA000F08F494B53440593D9F800100029DDD03D
:101AB00091FAA1F1B1FA81F1059B1C7841EA441435
:101AC0002046FFF7A5FB07EB4000828AC808C2F357
:101AD0008203CDE906230293012319F8006001F087
:101AE000070103FA01F126EA010109F8001009A82B
:101AF0000994FFF7D1FB0999069A203150F821602B
:101B000012F0100F079BC6F3014623D02146404632
:101B1000029A0CF084FF09A80994FFF7BDFB099B0A
:101B2000F6B2203350F82330C3F301439E4207D16D
:101B3000002120460CF0DFFF314620460CF0DBFF91
:101B400009A80994FFF7A8FB0122099B02FA03F3F5
:101B50000362A9E7022E14BF022103212046069347
:101B60000CF0C9FF069B032B03D0022E07D1012BDB
:101B7000E6D121464046029A0CF051FFE0E7032EE1
:101B8000DED1022BF4E795FAA5F3B3FA83F304FA56
:101B900003F225EA020503F5A2725BF8222007EBA7
:101BA00043034046B3F8A010C2F301420CF037FFE4
:101BB00072E700BFE9790300B02B03006C790300E2
:101BC000B8210300838C0300838C03000123034AA4
:101BD00003FA00F0936803439360704720130020DA
:101BE00073B504460191EFF31186402383F3128805
:101BF000BFF36F8F0B4D019B6A6801A813400193DF
:101C00000CF0A1FE002807DB01226B68824023EA6A
:101C100002036B602070002086F31188BFF36F8F82
:101C200002B070BD2013002008B5154B027AD3F81E
:101C3000101521F001010A43C3F810250268B2F51E
:101C4000803F0BD30F4940F2B9730F4A0F4808F099
:101C5000B1FC40F2B9710C4808F0A3FCC3F8A4260B
:101C60004268FF2A09D90A4940F2C473064A074864
:101C700008F0A0FC40F2C471EDE7C3F8AC2608BD43
:101C800000200E505D7A03002A7A0300B02B030077
:101C9000857A03000B2808B501D800290BDA0B4917
:101CA0000B4840F216530B4A08F084FC40F21651E0
:101CB000084808F076FC000100F1A04041EAC2713A
:101CC00000F56220C0F8281508BD00BFBF7A0300E8
:101CD000B02B03002A7A03000B2808B50BD90B4957
:101CE0000B4840F20B530B4A08F064FC40F20B51D6
:101CF000084808F056FC000100F1A04000F5622001
:101D0000D0F82415D0F8200508BD00BFAB7A030039
:101D1000B02B03002A7A03000B2808B50BD9114910
:101D20004FF4A063104A114808F044FC4FF4A0613E
:101D30000D4808F036FCB3F5801F09D30C4940F27A
:101D40000253094A094808F035FC40F20251EFE716
:101D5000000100F1A04000F56220C0F82025C0F885
:101D6000243508BDAB7A03002A7A0300B02B0300A8
:101D7000FB7A0300012303FA00F010F0670F0AD08A
:101D8000064B5B68DB4303F0670303420CBF6FF055
:101D90001500002070474FF0FF30704720130020DF
:101DA00038B50F4B1B78012B0ED14FF0FF306FF081
:101DB00040410C4CD4E90023904271EB0305F9D368
:101DC0001046C3F3130138BD0749084840F2191300
:101DD000074A08F0EFFB40F21911054808F0E1FB53
:101DE0002013002040270E50547B0300B02B03002B
:101DF000187B030030B50C25074B1C1894F8544091
:101E000005FB0433C3E9031218750123034A834019
:101E1000C2F8243330BD00BF2013002000200E5034
:101E2000F0B5504D85B02C78002C40F095804E4A8E
:101E300001AB07CA83E807004C491846D1F81025C2
:101E400022F00202C1F81025FFF7EEFE07236722F9
:101E500002F001012144013BCCB24FEA5202F7D11A
:101E6000052C7CD119464FF0010C3E4E0024672012
:101E7000CFB204E00CFA02F220EA0200013490FA38
:101E8000A0F25FFA84FE7745B2FA82F2F2D801310D
:101E9000327505292A4482F8547006F10C06E5D102
:101EA0000121002432489A0801FA02F212F0670F69
:101EB00018BF1C500433302BF5D1E420F0F7A2FEFC
:101EC0002A4B0024D3F81025012622F00202C3F881
:101ED000102540F6FF72C3F82823C3F88041C3F8E9
:101EE0008040C3F88441C3F88440C3F88841C3F8F4
:101EF0008840C3F88C41C3F88C40C3F89041C3F8C4
:101F00009040C3F89441C3F89440C3F89841C3F893
:101F10009840C3F89C41C3F89C40C3F8A041C3F863
:101F2000A040C3F8A441C3F8A440C3F8A841C3F833
:101F3000A840C3F8AC41C3F8AC401E660D4B0E4A36
:101F40001B685D20B3FBF2F358430C4B33439847B7
:101F500020462E7005B0F0BD6FF07700FAE76FF005
:101F60008B00F7E7201300209417030000200E5089
:101F700000210E50B016002040420F00001B03004D
:101F800038B52C4B0D461B78012B0BD02A492B481A
:101F900040F206232A4A08F00DFB40F206212848A9
:101FA00008F0FFFA274BD3F8102594073CD4D3F858
:101FB000102542F00202C3F81025C0B1D3F848271B
:101FC00012F0010202BFD3F8481741F00101C3F833
:101FD00048171C4BD3F84017D3F844174800F9D4DE
:101FE0002AB9D3F8482722F00102C3F84827164B34
:101FF000164A1B68B3FBF2F3124A03EB4313B3B167
:10200000D2F84017D2F8441749000BD44FF0FF31F3
:102010002846FFF7E5FD044610B92878FFF7D6FDFE
:10202000204638BD013BEAE76FF07704F8E76FF030
:102030007304F5E720130020547B0300B02B03004A
:10204000187B030000200E50B016002040420F0005
:102050002DE9F04104461D46FFF78CFE90460746E9
:102060009DF8186058B11549154840F2BB23154A30
:1020700008F0A0FA40F2BB21124808F092FA124987
:102080000B1993F854300C3301EBC30041F83320A3
:1020900045602B4620466EB10C4EA400FFF73CFE77
:1020A00033592BB1FFF77CFE4045A94100D237518F
:1020B000BDE8F081BDE8F041FFF72EBE7D7B030057
:1020C000B02B0300187B03002013002000210E50CA
:1020D000F8B50546FFF74EFE58B11149114840F2D8
:1020E0001933114A08F066FA40F219310E4808F027
:1020F00058FA0E48431993F854300C3350F83340D3
:1021000000EBC30CDCF80460641846F1000640F8EC
:102110003340CCF804602846BDE8F840FFF7BABD6C
:102120007D7B0300B02B0300187B030020130020ED
:102130002DE9F7432C4B2D4FD3F82C6307F1880979
:1021400016B903B0BDE8F08396FAA6F80123B8FAF1
:1021500088F803FA08F3D94326EA030607EB0803D5
:1021600093F854500C2303FB0573187D40450BD0A6
:102170001F49204840F2B7331F4A08F01BFA40F2CB
:10218000B7311D4808F00DFA1C4CDB684FEA880295
:1021900014441BB3D9E8EF3F03EA0102C9E8EC2F6E
:1021A000BCF1000FF6D123FA08F3DB0711D5FFF7D6
:1021B00093FD02460B4621680029C1D00021216011
:1021C0000C2101FB0575296940460091E9688847A3
:1021D000B6E707EBC503D3E91823ECE72268002A2A
:1021E000AED02360ACE700BF00200E5020130020CB
:1021F0009C7B0300B02B0300187B030000210E50D2
:1022000008B50649064840F2D623064A08F0D2F936
:1022100040F2D621034808F0C4F900BFF47B030064
:10222000B02B0300C07B0300202908B501D9FFF7BC
:10223000E7FF054B40EA0120C3F80005D3F800246E
:10224000D207FBD508BD00BF00E0045008B5124B13
:10225000A822002118460EF0D6FA03220F49026187
:1022600042610F4A8161C2614FF4805202620022D2
:1022700082624262C26201660A49034641661021D7
:10228000816609490267C266426711F8010D9854D8
:102290000132102AF9D108BD701000201A7C030009
:1022A0007000002060000020978C03002DE9F74F9C
:1022B0001826DFF88880814606FB008700FB06664B
:1022C0007D6AD7F828C046447368AC458B461446EF
:1022D00003EB050025D83B6AA3EB050A0AF1FF3E94
:1022E000724507D82C440EF068FA7C62012003B0D6
:1022F000BDE8F08FE64472451ED8524601930EF0B9
:102300005CFA019B2C44E41A05D0224670680BEB62
:102310000A010EF052FA182303FB0988C8F824407A
:10232000E4E70CF1FF3CACEB050C944504D32544E9
:102330000EF043FA7D62D9E70020D8E77010002044
:102340001822034B02FB00339A6A586A801A7047BE
:1023500070100020002310B4074A0849C85C12F826
:10236000014D844204D10133102BF7D110BC7047CA
:1023700010BCFFF76BBF00BF978C030070100020EC
:1023800038B5436905463BB90024EA686042537892
:1023900043F00103537038BD984704460028F3D03A
:1023A00000F1FF03FE2B0ED92123094A09490A48EF
:1023B00008F000F929680948224608F0FBF82121B5
:1023C000034808F0EEF8EB6844421C70DDE700BFFC
:1023D000237C0300467C0300B02B03005E7C0300DB
:1023E00010B50446EEF7ACF903480121034A08F0A2
:1023F0002BFF20460CF000FC48160300837C0300F2
:102400002DE9F84304460D4600AFEFF31188402351
:1024100083F31288BFF36F8F0428324A98BF324B80
:10242000E9468AB09668117C98BF53F820306A4616
:1024300088BF2E4BCDE9073140F201332C48ADF86F
:1024400024302C4BCDE9050442F8103F00234FF413
:1024500031512948EEF7D0FACD4645B1EB69C3F3C7
:10246000080323B10121254A234808F0EDFE2EB1CF
:1024700030460CF0ACFC08B1037803B92048E946BB
:102480008AB06A461F4B0790CDE9053640F201330A
:10249000ADF820301C4B42F8103F00234FF411518F
:1024A0001548EEF7A9FA2946CD462046FFF798FFD2
:1024B000042C0CD115498723154A164808F07AF8E0
:1024C000154808F077F88721114808F06AF888F372
:1024D0001188BFF36F8F3046F0F760FCBD46BDE852
:1024E000F88300BFAC530020C8210300927C030096
:1024F000A07C03000500000148160300C87C03000F
:10250000ED4B0300E97C030004000001237D030080
:10251000017D0300B02B0300407D030038B50A4B5A
:1025200053F82040013053F82050A54200D838BD60
:10253000606830B1037EDB0701D4FFF721FF083468
:10254000F3E723689847FAE7DC210300012270B51E
:10255000364B86B003201A70FFF7E0FF0CF029FD20
:102560000420FFF7DBFF324C324DAC42264628D91F
:1025700031494423314A324808F01CF8314808F008
:1025800019F844212D4808F00CF854F80C3C059338
:1025900054F8103C049354F8143C039354F8183C3A
:1025A000029354F81C3C019354F8203C009354E9E6
:1025B0000A2354E90C0101F07DFF54F8303C5E65BC
:1025C000D3E7AE4204F13004DFD302F057FC184CDD
:1025D000AC421FD918496823184A194807F0EAFF86
:1025E000184807F0E7FF6821CCE7D4E90A23B3F1E4
:1025F000FF3F08BFB2F1FF3F05D052EA0301206858
:1026000003D102F0BDFE3034E2E70F49183003F089
:1026100053FAF8E7E9D302F0A3FCEBF7F5FE0B4A17
:10262000938923F00103938106B070BDC95C00203B
:102630003C1403003C140300E07D0300BF7D030055
:10264000B02B0300D7320300694A0200C84A0020B9
:10265000882370B5134E012203FB0066002386B069
:10266000CDE904230F220193CDE9023214234FF464
:10267000A0720D4D0D4903FB0055044602FB0011ED
:102680000B4B3046009501F015FF337C2C7423F082
:1026900004033374074B013403EBC423EE606B6017
:1026A00006B070BD404A0020AC530020E88A0020EC
:1026B000A92B0200E88200207FB50020FFF72EFF43
:1026C000344B03F5006282F3088883F30A88E02321
:1026D000314C84F822302023E3770023237663767D
:1026E000A37684F82030626A42F4E022626284F8C1
:1026F0002330F0F7F3F9F0F73BFB4FF0FF33A36221
:10270000E362F0F765FDF0F7B5FBEDF743FF234813
:1027100001F07AFF224B234A93420ED92249CC235F
:10272000224A234807F046FF224807F043FFCC2106
:102730001E4807F036FF1C33EEE7FCD30120FFF7FD
:10274000EDFE02201C4CFFF7E9FE02F0C3FC1B4B20
:1027500000255C611A4B4FF460620593012319490F
:10276000CDE903532046184BCDE90155009501F002
:10277000A1FE0646237C204623F00403237402F0C6
:10278000E5F82846FFF764FF314620460E4AF0F789
:10279000CFFA00BFE882002000ED00E0F84B0020F7
:1027A000300A03002C0B03000D7E0300BF7D0300E5
:1027B000B02B0300D7320300C84A0020AC530020DE
:1027C000257E0300288C00204D25020038B50D4CD5
:1027D0000D4DAC4213D90D4925230D4A0D4807F084
:1027E000E9FE0D4807F0E6FE2521094807F0D9FE6D
:1027F0002046D4E901120CF007FA1834E9E7F7D3C0
:10280000002038BD0818002020180020977E030003
:102810002D7E0300B02B0300D7320300F8B5054628
:102820000E4600F11404EFF31187402383F312885E
:10283000BFF36F8F204603F0E5F868B984231B4A85
:102840001B491C4807F0B6FE21461B4807F0B2FEA4
:102850008421164807F0A5FE204603F0F7F8284625
:102860003146ECF735F805F10C0002F0EBFB28B12E
:1028700039462046BDE8F8400CF0EDBA204603F09A
:10288000CFF868B94FF49973084A0C49094807F022
:1028900091FE21460A4807F08DFE4FF49971D8E762
:1028A00087F31188BFF36F8FF8BD00BF942E03002C
:1028B000C12E0300B02B0300D62E0300EC2E030024
:1028C000032F030038B50E4C0E4DAC4212D90E4901
:1028D000A2230E4A0E4807F06DFE0E4807F06AFE6E
:1028E000A2210A4807F05DFE20460CF097F920B9B6
:1028F0002034EAE7F8D3002038BD6FF01500FBE77D
:10290000A817002008180020D57E0300B07E030021
:10291000B02B0300D73203002DE9F74305460F46DD
:1029200091461C4600F10806EFF31188402383F31B
:102930001288BFF36F8F304603F064F860B98423C8
:10294000314A3249324807F035FE3146314807F006
:1029500031FE84212C4826E0304603F077F82B69BD
:102960001BB33B601C68EB692C610133EB6114B94C
:102970006A6993421FD0EB68E41A09D4D5E90523AC
:102980005A43A24204D9B4FBF3F203FB124494B1BC
:102990002149F723214A1E4807F00CFE204807F082
:1029A00009FEF7211D4807F0FCFD59EA040214D185
:1029B0006FF00B043B60304603F032F8F0B94FF48F
:1029C0009973114A1749124807F0F4FD3146164829
:1029D00007F0F0FD4FF49971BCE7CDE900942A4669
:1029E0004146304602F088F8044618B90F4B9B6800
:1029F0005B693B60204603B0BDE8F08388F3118833
:102A0000BFF36F8FF6E700BF942E0300C12E0300C3
:102A1000B02B0300D62E0300F27E0300B07E03002D
:102A20006E7F0300EC2E0300032F0300AC53002045
:102A30002DE9F843C3680546CB1A0E4623D4D0E9E6
:102A40000512514399421ED9B3FBF2F102FB113337
:102A5000CBB900F10807EFF31189402484F3128801
:102A6000BFF36F8F384602F0CDFFD8B98423414AB7
:102A70004149424807F09EFD3946414807F09AFD1A
:102A800084213C480CE03F4940F21F133E4A3B483A
:102A900007F090FD3D4807F08DFD40F21F113A48C8
:102AA00007F07FFD384602F0D1FFD5F81080B8F16D
:102AB000000F40D1EFF3118384F31288BFF36F8FBF
:102AC00083F31188BFF36F8F5BB93149BB23314A60
:102AD0002A4807F06FFD304807F06CFDBB212D48F8
:102AE000DEE72C68A54226D02CB3A3683BB92B495E
:102AF000A423284A214807F05DFDA421EFE7D4E98B
:102B0000003213605A60237CC4E9008823F002037A
:102B10002374C4F8088004F1180003F0A9F82046D3
:102B2000C4F88080666101F011FF49463846BDE86F
:102B3000F8430CF090B92B6938463360EB692E618D
:102B4000013BEB6102F06CFF68B94FF49973094ADD
:102B500013490A4807F02EFD3946124807F02AFDAE
:102B60004FF499718DE789F31188BFF36F8FBDE83A
:102B7000F88300BF942E0300C12E0300B02B030086
:102B8000D62E03005C7C0300B07E0300897F030027
:102B9000D67F0300AB7F0300947E0300EE7F03002B
:102BA000EC2E0300032F030008B50D4B9B6893F92F
:102BB0000E30002B09DB4024EFF3118384F31288DD
:102BC000BFF36F8F08F040FFF6E7064906481C2365
:102BD000064A07F0EFFC1C21044807F0E2FC00BFA6
:102BE000AC53002026800300B02B030005800300B7
:102BF0002DE9F341044617461E46EFF3058565B1FE
:102C000054497323544A554807F0D4FC544807F0FC
:102C1000D1FC7321504807F0C4FCEFF31188402326
:102C200083F31288BFF36F8F4E4802F0EBFE60B95A
:102C300084234D4A4D49494807F0BCFC49494C485A
:102C400007F0B8FC84214848E5E7464802F0FEFE5C
:102C5000484BE2689B6892B1A068984227D057EA37
:102C600006022CD13F4802F0DBFE90B188F31188B8
:102C7000BFF36F8F6FF00F0002B0BDE8F08193F9E2
:102C80000E100132C4E902323648216102F0C8FE5A
:102C900078B94FF49973344A3749304807F08AFCC1
:102CA0003049364807F086FC4FF49971CBE721692B
:102CB000E7E788F31188BFF36F8F0020DCE793F913
:102CC0000E1090F90E30994205DA9942A8BF1946C4
:102CD0000BF0C6FF054622464146CDE90076214865
:102CE00001F00AFF0028E8D0EFF31186402383F3B8
:102CF0001288BFF36F8F1B4802F084FE002897D024
:102D0000184802F0A3FEA068C0B1236821699C4264
:102D10000AD04BB193F90E309942A8BF19466FF013
:102D20007F039942B8BF19460BF09AFF30B1314684
:102D30000C480CF090F86FF00A009DE7002DF6D1DA
:102D4000084802F06DFE0028A3D086F31188BFF377
:102D50006F8FF0E7708003004E800300B02B0300FC
:102D600082800300CC530020942E0300C12E030068
:102D7000D62E0300AC530020EC2E0300032F0300DB
:102D8000F8B50546EFF3058363B15649EA23564A81
:102D9000564807F00FFC564807F00CFCEA21524851
:102DA00007F0FFFB8368002B00F09580514A926882
:102DB000934240F09380C3684BB94F494FF48173FD
:102DC000494A4A4807F0F6FB4FF48171E7E7012BC7
:102DD00003D0013BC3600020F8BDEFF3118740240E
:102DE00084F31288BFF36F8F444802F00BFE60B982
:102DF0008423434A43493D4807F0DCFB3F494248AE
:102E000007F0D8FB84213E48CAE73C4802F01EFE8A
:102E10002969A8680BF024FFEFF3118384F312886B
:102E2000BFF36F8F83F31188BFF36F8F5BB937499F
:102E3000BB23374A2D4807F0BDFB364807F0BAFBE5
:102E4000BB213348ACE72C68AC4215D100232B489A
:102E5000C5E9023302F0E4FD002837D14FF499733D
:102E6000274A2D49214807F0A5FB24492B4807F0A4
:102E7000A1FB4FF49971C6E7002CE7D0A3683BB9DA
:102E80002749A423224A194807F094FBA421D8E734
:102E90000026D4E9003213605A60237CC4E900663E
:102EA00023F002032374A66004F1180002F0E0FE90
:102EB000AC6094F90E3020462B61C4F8806001F0BC
:102EC00045FD39460D480BF0C6FF84E787F31188AE
:102ED000BFF36F8F7FE76FF015007DE74FF0FF3096
:102EE0007AE700BF708003004E800300B02B030020
:102EF00082800300AC530020A7800300CC53002045
:102F0000942E0300C12E0300D62E0300D67F0300AB
:102F1000AB7F0300947E0300EC2E0300032F03001D
:102F2000EE7F030008B583684BB90B490B48A42317
:102F30000B4A07F03FFBA421094807F032FBD0E918
:102F4000003213605A600023027CC0E9003322F093
:102F500002020274836008BDEE7F0300B02B030001
:102F6000AB7F03002DE9F04704460D4691469A4693
:102F70009DF8206000F10807EFF31188402383F3E8
:102F80001288BFF36F8F384602F03CFD60B984238E
:102F90004A4A4B494B4807F00DFB39464A4807F06F
:102FA00009FB842145481BE0384602F04FFD06B17D
:102FB0006568EFF31183402282F31288BFF36F8FAD
:102FC00083F31188BFF36F8F63B94049BB23404A35
:102FD0003C4807F0EFFA3F4807F0ECFABB213C48C9
:102FE00007F0DFFA234653F80C6F9E4216D0AEB1BD
:102FF00000243046FFF796FF06F1180002F038FE75
:103000003046C6F88040C6F8149001F09FFC414657
:1030100038460BF020FF2046BDE8F087BAF1000FDC
:1030200014D0082003F0FAF900283FD00122C0F89C
:1030300004900260016801F003015DB922680A434F
:103040000260626820606AB960600BE04846C9F8B7
:1030500000A0EFE72A68032A1DD801606168A1B9C2
:10306000C4E900000024384602F0DAFC08BB4FF443
:103070009973124A1849134807F09CFA39461748C1
:1030800007F098FA4FF499718CE70A6802F003028E
:1030900002430A60D8E722F003020A4302602A686A
:1030A00002F0030240EA02032B60DBE76FF00B043F
:1030B000D9E788F31188BFF36F8FACE7942E030034
:1030C000C12E0300B02B0300D62E0300D67F0300D1
:1030D000AB7F0300947E0300EC2E0300032F03005C
:1030E0002DE9F743064690461F4600F10805EFF329
:1030F0001189402383F31288BFF36F8F284602F0B3
:1031000081FC68B98423254A2549264807F052FAEC
:103110002946254807F04EFA8421204807F041FA55
:10312000284602F093FC3468FCB12368726823F0EF
:103130000303944220464FF00101336008BF7360DF
:103140000BF09DFD0446284602F06AFCE8B94FF4F6
:103150009973124A1549134807F02CFA2946144866
:1031600007F028FA4FF49971D7E758EA0703EAD035
:1031700049462846CDE9008706F10C0201F0BCFC67
:1031800038B90C4B9B685C6903E089F31188BFF385
:103190006F8F204603B0BDE8F08300BF942E03007C
:1031A000C12E0300B02B0300D62E0300EC2E03002B
:1031B000032F0300AC53002008B583684BB90B49BB
:1031C0000B48A4230B4A07F0F5F9A421094807F09E
:1031D000E8F9D0E9003213605A600023027CC0E9AC
:1031E000003322F002020274836008BDEE7F030008
:1031F000B02B0300AB7F030070B50446EFF31186DC
:10320000402585F31288BFF36F8F304802F0FAFB38
:1032100060B984232E4A2F492F4807F0CBF92B4958
:103220002E4807F0C7F98421294818E0274802F002
:103230000DFCEFF3118385F31288BFF36F8F83F3D7
:103240001188BFF36F8F63B92549BB23254A2248F4
:1032500007F0B0F9244807F0ADF9BB21214807F089
:10326000A0F92568AC4213D095B12846FFF7A4FF1A
:1032700005F1180002F0FCFC00232846C5F8803058
:1032800001F064FB3146BDE8704010480BF0E3BD2F
:10329000D4E902329A4218BF01330C48A36002F00D
:1032A000BFFB68B94FF49973094A10490A4807F0FF
:1032B00081F906490E4807F07DF94FF49971B3E79B
:1032C00086F31188BFF36F8F70BD00BFD05300200D
:1032D000942E0300C12E0300B02B0300D62E030052
:1032E000D67F0300AB7F0300947E0300EC2E030027
:1032F000032F0300F7B5044616461D46EFF305837A
:103300007BB152EA05030CD02D4988232D4A2E4863
:1033100007F050F92D4807F04DF98821294807F0AA
:1033200040F9EFF31187402383F31288BFF36F8FC7
:10333000274802F067FB60B98423264A26492248C1
:1033400007F038F92249254807F034F9842121484B
:10335000E5E71F4802F07AFBA368D3B1013B1C48A4
:10336000A36002F05DFB68B94FF49973194A1C49D8
:10337000154807F01FF916491A4807F01BF94FF4D2
:103380009971E4E787F31188BFF36F8F002003B0D2
:10339000F0BD56EA05030BD10D4802F041FB0028B1
:1033A000E2D087F31188BFF36F8F6FF00F00EEE765
:1033B00022463946CDE90065054801F09DFBE6E768
:1033C000DE800300BE800300B02B0300947E030068
:1033D000D0530020942E0300C12E0300D62E0300EC
:1033E000EC2E0300032F03002DE9F0410546EFF317
:1033F0001188402787F31288BFF36F8F314802F09E
:1034000001FB064660B984232F4A3049304807F053
:10341000D1F82C492F4807F0CDF884212A4819E02B
:10342000284802F013FB0023EFF3118287F3128880
:10343000BFF36F8F82F31188BFF36F8F62B9264994
:10344000BB23264A224807F0B5F8254807F0B2F812
:10345000BB21224807F0A5F82C68A54210D07CB10A
:103460002046FFF7A9FE04F1180002F001FC6FF0FE
:103470000A032046C4F8803001F068FA3346D3E7E7
:103480000022AA608BB90F4802F0CAFA98B94FF42B
:1034900099730D4A13490E4807F08CF809491248F0
:1034A00007F088F84FF49971B8E74146BDE8F0415C
:1034B00004480BF0D0BC88F31188BFF36F8FBDE8D0
:1034C000F08100BFD0530020942E0300C12E0300D2
:1034D000B02B0300D62E0300D67F0300AB7F030082
:1034E000947E0300EC2E0300032F030007B5074B67
:1034F0004FF40062009306494FF0FF33054800F097
:1035000033FC002003B05DF804FB00BFF42103008E
:10351000289A0020504B00202DE9FF410446794EA7
:10352000EFF31187402383F31288BFF36F8F764840
:1035300002F068FA68B98423744A7549754807F03F
:1035400039F87149744807F035F884216F4807F05D
:1035500028F86D4802F07AFAD4F88C50F5B90221B7
:1035600004F1A4000BF0C5FB002840D004F19C0539
:1035700000220121284602F095F80028F8D1002306
:103580004FF0FF3202934FF0FF333946CDE900236D
:103590005D4804F1940202F0E3F8C1E7D4F890200A
:1035A0002B68954208BFC4F89030C4F88C30D4F82A
:1035B000A430554843F00203C4F8A430EB68D5F8B2
:1035C000048023F0040343F00103EB6002F028FAC7
:1035D000F8B94FF499734D4A50494E4806F0EAFF46
:1035E00049494F4806F0E6FF4FF49971AEE7D4F829
:1035F000A430DD06C3D5C4F8A400434802F010FA95
:103600000028E6D087F31188BFF36F8F04B0BDE8C0
:10361000F08187F31188BFF36F8FB8F1000F0AD1E3
:1036200040493C4840F2F3233F4A06F0C3FF40F2D2
:10363000F3213D488BE72846C047EFF3118740232D
:1036400083F31288BFF36F8F2F4802F0DBF9002855
:103650003FF471AF2C4802F0F9F9EB68D90623F07A
:10366000010236D4EA60EB689A0716D5306823F079
:103670000203EB6088B10022036870B141688D429B
:1036800035D103686ABB72683360904200D17360C1
:10369000002340F8083BFFF7AFFDD4F8A43023F037
:1036A0000203C4F8A430DB0529D4D4F88C50003DC3
:1036B00018BF0125144802F0B3F9002889D087F318
:1036C0001188BFF36F8F002D3FF42AAF01F00AFD80
:1036D00026E723F01103EB6005F11000FFF78CFDE6
:1036E000C1E713607368984208BF7260D0E7024672
:1036F0001BB1196818460B46BFE71946FAE70025C3
:10370000D8E700BFD4530020DC530020942E0300E0
:10371000C12E0300B02B0300D62E0300EC2E0300B5
:10372000032F0300768103003481030070B5C36862
:103730000546C3F340069B070C460DD50122002128
:1037400004F108000BF0C9FA00232360054B656003
:103750005A681AB9C3E90044304670BD14605C6011
:10376000FAE700BFD4530020F8B5C36804469A07AF
:103770000E46C3F340054FD45F074FD40B680BB917
:1037800083680B60E368D80736D5A3685BB9254921
:10379000254840F25713254A06F00CFF40F2571116
:1037A000224806F0FEFE02253360376867B3204BDF
:1037B0009A68D7F888309A4220D10BF0FFFA80F04F
:1037C0000100C0B2D7F8A430D907C3F380021ED5D8
:1037D00002B308B300232360D7F8903083B9C7E958
:1037E000234438460BF0A0FAE36843F00403E36097
:1037F0003368A3602846F8BD0125D6E70020E1E73D
:103800001C60C7F89040ECE76FF0150506E06FF01C
:10381000120503E01B07DDD56FF00F0500233360B1
:10382000E8E700BF55810300B02B0300348103009B
:10383000AC53002073B50446EFF31185402383F3A6
:103840001288BFF36F8F224802F0DCF868B9842336
:10385000204A2149214806F0ADFE1D49204806F0C6
:10386000A9FE84211B4806F09CFE194802F0EEF8E0
:1038700000230193D4E90423B3F1004F08BF012AC8
:1038800011D0134802F0CCF8E0B94FF49973114A03
:103890001449124806F08EFE0D49134806F08AFEC0
:1038A0004FF49971DEE70321201FA4F110060BF0FD
:1038B00020FA0028E5D0A369304601A90193FFF75B
:1038C00053FFDEE785F31188BFF36F8F02B070BD41
:1038D000DC530020942E0300C12E0300B02B030004
:1038E000D62E0300EC2E0300032F030038B50D463F
:1038F000044648B90C499C230C4A0D4806F05AFE70
:103900009C210A4806F04DFE39B90A499D23074A11
:10391000074806F04FFE9D21F3E7102200210CF02E
:1039200072FF656038BD00BF11820300348103005F
:10393000B02B030076810300F8B5C368064603F098
:103940000503002B0C4614BF0127002729D08568EA
:103950005DB91D491D4840F2C1131D4A06F02AFEFB
:1039600040F2C1111A4806F01CFE0122002104F1A8
:1039700010000BF0B2F920461649FFF7B7FFE368D5
:1039800043F01003E360F3685B0712D533682360EC
:103990006BB9D5F8903033B9C5E9234428460BF00C
:1039A000C3F93846F8BD1C60C5F89040F6E73460AE
:1039B000F4E7D5F88C302360D5F89030C5F88C400A
:1039C000002BEBD1F0E700BF5B810300B02B0300BD
:1039D0003481030009ED020038B50446EFF3118588
:1039E000402383F31288BFF36F8F184802F00AF860
:1039F00068B98423164A1749174806F0DBFD1349B6
:103A0000164806F0D7FD8421114806F0CAFD0F487C
:103A100002F01CF8E4680D4804F01F0402F000F8FE
:103A200068B94FF499730A4A0D490B4806F0C2FD74
:103A300006490C4806F0BEFD4FF49971E4E785F3A2
:103A40001188BFF36F8F204638BD00BFDC530020C4
:103A5000942E0300C12E0300B02B0300D62E0300CA
:103A6000EC2E0300032F030037B50C46019059B923
:103A7000284940F27D13284A284806F09BFD40F271
:103A80007D11254806F08DFD4B684BB924494FF454
:103A9000BF73214A214806F08DFD4FF4BF71F0E756
:103AA000EFF31185402383F31288BFF36F8F1D4816
:103AB00001F0A8FF60B984231B4A1C49174806F08F
:103AC00079FD18491A4806F075FD84211648D9E792
:103AD000144801F0BBFF204601A9FFF745FE04464C
:103AE000104801F09DFF68B94FF499730E4A1149CF
:103AF0000A4806F05FFD0B490F4806F05BFD4FF4E6
:103B00009971E3E785F31188BFF36F8F204603B007
:103B100030BD00BF1182030034810300B02B0300CD
:103B200070810300DC530020942E0300C12E03009B
:103B3000D62E0300EC2E0300032F0300014601489C
:103B40000BF02CB9504B002070B50C46054658B907
:103B5000384940F2CD13384A384806F02BFD40F280
:103B6000CD11354806F01DFDC368DB0509D5344984
:103B70004FF4E773304A314806F01CFD4FF4E7710B
:103B8000EFE70BF01BF948B12E4940F2CF132A4A58
:103B90002A4806F00FFD40F2CF11E2E74CB92A495E
:103BA0004FF4E873244A254806F004FD4FF4E87109
:103BB000D7E7EFF31186402383F31288BFF36F8FAB
:103BC000224801F01FFF60B98423214A21491B4884
:103BD00006F0F0FC1D49204806F0ECFC84211C484E
:103BE000C0E71A4801F032FF28462146FFF7A4FE3D
:103BF0000546164801F014FF68B94FF49973144A4A
:103C000016490E4806F0D6FC1049154806F0D2FCBD
:103C10004FF49971E3E786F31188BFF36F8F3DB1DD
:103C20004FF0FF324FF0FF3304F11000FFF762FB5B
:103C3000284670BD1182030034810300B02B0300BD
:103C40008D810300825A0300BC810300DC530020F5
:103C5000942E0300C12E0300D62E0300EC2E030089
:103C6000032F030038B5044658B9284940F22B23E6
:103C7000274A284806F09EFC40F22B21244806F0F3
:103C800090FCC368DB0509D523494FF40B73204A28
:103C9000204806F08FFC4FF40B71EFE7EFF311852E
:103CA000402383F31288BFF36F8F1C4801F0AAFEF4
:103CB00060B984231A4A1B49164806F07BFC174951
:103CC000194806F077FC84211548D8E7134801F01D
:103CD000BDFE20460BF02FF80446104801F0A0FE70
:103CE00068B94FF499730E4A10490A4806F062FC0D
:103CF0000A490F4806F05EFC4FF49971E4E785F33A
:103D00001188BFF36F8F204638BD00BF11820300BA
:103D100034810300B02B03008D810300DC530020AD
:103D2000942E0300C12E0300D62E0300EC2E0300B8
:103D3000032F030008B558B90849094840F2263353
:103D4000084A06F037FC40F22631064806F029FC06
:103D5000A82200210CF057FD08BD00BF5B810300C5
:103D6000B02B030034810300F0B589B004460E9DEA
:103D700058B92F4940F253332E4A2F4806F01AFC07
:103D800040F253312B4806F00CFC49B92B494FF453
:103D90005573284A284806F00DFC4FF45571F1E799
:103DA000D0F8A40010F0010009D0254940F25533A5
:103DB000204A214806F0FEFB40F25531E2E7C4E913
:103DC000230004F19400C4E9250004F19C00C4E937
:103DD000270055B32879002840F2011008BF0120C0
:103DE000C4F8A40000204FF0FF364FF0FF37CDE9B4
:103DF0000330CDE90100CDE906672046114B009460
:103E000000F0BCFB55B1296811B120460AF0DCFF77
:103E10006B791BB1A38943F00103A381204601F014
:103E2000AFFAC4F8884009B0F0BD0120D8E700BF60
:103E30000482030034810300B02B03000A820300D4
:103E4000D08103001935020038B50D46044658B933
:103E50000F4940F20F430F4A0F4806F0ABFB40F208
:103E60000F410C4806F09DFB49B90C494FF48263A1
:103E7000084A094806F09EFB4FF48261F1E73022C0
:103E800000210CF0C0FC4FF480736560E36038BD26
:103E90001082030034810300B02B030076810300FD
:103EA00038B5044658B9214921484FF48463214A62
:103EB00006F080FB4FF484611E4806F072FBEFF3BE
:103EC0001185402383F31288BFF36F8F1A4801F0E6
:103ED00099FD60B98423194A1949154806F06AFB0F
:103EE0001549184806F066FB84211448E5E7124896
:103EF00001F0ACFDE468104804F01F0401F090FDEF
:103F000068B94FF499730D4A0F49094806F052FBFE
:103F100009490E4806F04EFB4FF49971E5E785F329
:103F20001188BFF36F8F204638BD00BF1082030099
:103F3000B02B030034810300DC530020942E0300D7
:103F4000C12E0300D62E0300EC2E0300032F030026
:103F5000F7B50C4616461D46019058B9334940F254
:103F60008643334A334806F025FB40F28641304809
:103F700006F017FB49B9304940F287432C4A2D48D7
:103F800006F018FB40F28741F1E7EFF31187402379
:103F900083F31288BFF36F8F284801F033FD60B9B7
:103FA0008423274A2749234806F004FB234926484F
:103FB00006F000FB84212248DAE7204801F046FDA4
:103FC000E36813F01E0F27D155EA060216D12046EA
:103FD00001A9FFF7C9FB0446184801F021FDE8B923
:103FE0004FF49973164A1949124806F0E3FA134937
:103FF000174806F0DFFA4FF49971DCE743F0080345
:10400000E360019B04F11000A36232462B46114984
:1040100001F052FD0124DFE70024DDE787F311887A
:10402000BFF36F8F204603B0F0BD00BF5B8103007C
:1040300034810300B02B030010820300DC53002006
:10404000942E0300C12E0300D62E0300EC2E030095
:10405000032F03003538020001460148FFF778BFFF
:10406000504B0020F7B50C4616461D46019058B936
:10407000324940F2A943324A324806F09BFA40F2F4
:10408000A9412F4806F08DFA49B92F4940F2AA43B9
:104090002B4A2C4806F08EFA40F2AA41F1E7EFF3E2
:1040A0001187402383F31288BFF36F8F274801F0F5
:1040B000A9FC60B98423264A2649224806F07AFAE8
:1040C0002249254806F076FA84212148DAE71F487C
:1040D00001F0BCFC20460AF018FE55EA060316D192
:1040E000204601A9FFF740FB0446184801F098FC60
:1040F000E0B94FF49973164A1849124806F05AFA73
:104100001249174806F056FA4FF49971DDE7E36853
:1041100004F1100043F00803E360019B3246A36200
:1041200010492B4601F0C8FC0124DEE787F3118813
:10413000BFF36F8F204603B0F0BD00BF5B8103006B
:1041400034810300B02B030010820300DC530020F5
:10415000942E0300C12E0300D62E0300EC2E030084
:10416000032F03003538020001460148FFF77ABFEC
:10417000504B002038B5044658B92349234840F233
:10418000CB43234A06F016FA40F2CB41204806F012
:1041900008FAEFF31185402383F31288BFF36F8F82
:1041A0001C4801F02FFC60B984231B4A1B491748A7
:1041B00006F000FA17491A4806F0FCF9842116485F
:1041C000E5E7144801F042FC20460AF09EFD204637
:1041D0000AF0B1FD04460F4801F022FC68B94FF423
:1041E00099730D4A0F49094806F0E4F909490E4848
:1041F00006F0E0F94FF49971E1E785F31188BFF318
:104200006F8F204638BD00BF10820300B02B030023
:1042100034810300DC530020942E0300C12E0300E0
:10422000D62E0300EC2E0300032F03002DE9F041EE
:104230000E46054658B93A4940F2DC43394A3A48F5
:1042400006F0B8F940F2DC41364806F0AAF949B95F
:10425000364940F2DD43334A334806F0ABF940F2C9
:10426000DD41F1E70AF0AAFD044648B1304940F2C9
:10427000DE432C4A2C4806F09DF940F2DE41E3E78C
:10428000EFF31188402383F31288BFF36F8F29481F
:1042900001F0B8FB60B98423274A2849224806F078
:1042A00089F92449264806F085F984212248CCE77B
:1042B000204801F0CBFBEB6803F01F03002B14BF79
:1042C000012700270AD028460AF01FFD28460AF0D9
:1042D00032FD31462846FFF729FA0446154801F019
:1042E0009FFB68B94FF49973134A16490E4806F0BC
:1042F00061F91049144806F05DF94FF49971D5E75A
:1043000088F31188BFF36F8F3CB14FF0FF324FF04D
:10431000FF3306F10800FEF7EDFF3846BDE8F081F7
:104320001082030034810300B02B0300BC81030022
:10433000825A0300DC530020942E0300C12E030098
:10434000D62E0300EC2E0300032F030008B583686C
:104350004BB90B490B48A4230B4A06F02BF9A421B7
:10436000094806F01EF9D0E9003213605A600023B4
:10437000027CC0E9003322F002020274836008BDAF
:10438000EE7F0300B02B0300AB7F03002DE9F84361
:104390000546EFF31188402787F31288BFF36F8F2C
:1043A0003A4801F02FFB60B98423394A39493A4829
:1043B00006F000F93549394806F0FCF88421344804
:1043C00018E0324801F042FBEFF3118387F31288C3
:1043D000BFF36F8F83F31188BFF36F8F63B93049D9
:1043E000BB23304A2C4806F0E5F82F4806F0E2F8E7
:1043F000BB212C4806F0D5F82C68A54227D034B351
:1044000000262046FFF7A2FF04F1180001F030FC5F
:10441000B1462046C4F8809000F098FA0136EFF3D8
:10442000118387F31288BFF36F8F83F31188BFF373
:104430006F8F002BD3D02C68A54222D00CB320461E
:10444000FFF784FF04F1180001F012FCE1E70F48C8
:1044500001F0E6FA68B94FF499730D4A13490E4812
:1044600006F0A8F80949124806F0A4F84FF499712B
:10447000A5E788F31188BFF36F8F00263046BDE8AB
:10448000F883414601480AF0E6FCF7E7E0530020D4
:10449000942E0300C12E0300B02B0300D62E030080
:1044A000D67F0300AB7F0300947E0300EC2E030055
:1044B000032F03002DE9F04385B00F9D04460F2D17
:1044C0000E46984637D1274B984538D104F158030A
:1044D000C4E91633109B0027A38104230732A57378
:1044E00022F0070506EB0509494623742046C4E976
:1044F0000677A760E773EEF767F80E9B073020F0AA
:1045000007002067C4E91A6502930D9BA9EB000917
:1045100001930C9B4A460093314643462046EEF7F2
:10452000EBFB114B67659B6803B15B6F48466367A4
:1045300005B0BDE8F08305F110031E2BC6D940F28B
:104540004B230A4A0A490B4806F034F829460A4820
:104550006FF00F030E2206F02DF840F24B210348B6
:1045600006F01FF8A92B0200AC530020258203009F
:1045700048820300B02B0300C8820300F0B587B067
:104580000446DDE91276EFF3058575B1194940F26D
:104590001733194A194806F00DF8194806F00AF8B9
:1045A00040F21731144805F0FCFF0595109D049565
:1045B0000F9D03950E9D02950D9D01950C9D0095F7
:1045C000FFF778FFB6F1FF3F08BFB7F1FF3F05D017
:1045D00056EA070305D1204600F0D2FE204607B078
:1045E000F0BD3A46334604F11800064901F064FA7A
:1045F000F4E700BF7080030025820300B02B0300A6
:10460000F9820300694A0200012310B50374838113
:1046100000230446C0E91A3301F0FAFE014B9C6006
:1046200010BD00BFAC53002070B590F91020037C82
:10463000002A49DBD90647D163F07F030374264B78
:10464000984209D1254926485223264A05F0B2FF4F
:104650005221244805F0A5FF234C224652F8183F6A
:10466000E169934207D1C0E900210860E0610FE0F1
:104670008B42F8D01B68002BF5D093F90E6090F9AF
:104680000E50AE42F4DD5968C0E900310860586050
:10469000A569954200D005B9E568A3685BB91349DF
:1046A000EA23134A0E4805F085FF124805F082FF01
:1046B000EA210F48CEE71A7CD20606D1DA897F2A92
:1046C00003D9AA690AB9636170BDAB4202D028461A
:1046D00001F012F96561F7E7404A002040830300CA
:1046E000B02B03001E830300AC5300208D83030016
:1046F00061830300947E030038B590F910200146D1
:10470000002A037C1BDA224A03F07F0390420374E1
:1047100009D120495A23204A204805F04BFF5A214D
:104720001D4805F03EFFDC0707D51D495B231A4AEB
:104730001A4805F03FFF5B21F2E70AF04AFB194DEA
:104740002A4652F8184FAB68944200D004B9EC687E
:104750008B4214D05BB91449EA23144A0F4805F080
:1047600029FF134805F026FFEA211048D9E71A7CF3
:10477000D20604D1DA897F2A01D9A2692AB1A342DB
:1047800002D0204601F0B8F823466B6138BD00BF67
:10479000404A0020408303001E830300B02B030027
:1047A000B4830300AC5300208D83030061830300B6
:1047B000947E030008B5134A936880B1197C11F008
:1047C000090F0CD11049D923104A114805F0F2FE07
:1047D000104805F0EFFED9210C4805F0E2FE6FF01D
:1047E0000A01C3F880100C49D8674B6843F0805326
:1047F0004B60002383F31188BFF36F8F9368D3F866
:10480000800008BDAC530020F7830300CD83030074
:10481000B02B03006084030000ED00E070B5044697
:104820000D46F9B9EFF30586E6B91A4B5A699B684C
:104830009A4217D001F0F4F878B940F26D13164A95
:104840001649174805F0B6FE2146164805F0B2FE97
:1048500040F26D11104805F0A4FE3046BDE87040EE
:10486000FFF7A8BF204601F0DBF868B94FF4997351
:10487000094A0A490A4805F09DFE2146094805F003
:1048800099FE4FF49971E5E785F31188BFF36F8FB7
:1048900070BD00BFAC530020942E0300EC2E03002B
:1048A000B02B0300032F030008B583684BB90949F7
:1048B0000948A423094A05F07DFEA421074805F014
:1048C00070FE0AF086FA037C23F0020303740023CF
:1048D000836008BDEE7F0300B02B0300AB7F0300B5
:1048E00038B5184CA168E0690B68814214BF1A46BC
:1048F000002249680B605960A368E1692AB9124A2D
:10490000C3E900210B60E3610AE092F90E5093F9CC
:104910000E00854212DD5168C3E900210B6053602F
:10492000A569094B9D4200D005B9E568A3689D4281
:1049300002D0284600F0E0FF656138BD8A42DED033
:104940001268DBE7AC530020C453002038B504469E
:10495000EFF31185402383F31288BFF36F8F17485D
:1049600001F050F868B98423154A1649164805F035
:1049700021FE1249154805F01DFE8421104805F05E
:1049800010FE0E4801F062F82046FFF74DFE0B487E
:1049900001F046F868B94FF49973094A0C490A487E
:1049A00005F008FE05490B4805F004FE4FF4997127
:1049B000E4E785F31188BFF36F8F38BDE45300201F
:1049C000942E0300C12E0300B02B0300D62E03004B
:1049D000EC2E0300032F030038B50446EFF31185D6
:1049E000402383F31288BFF36F8F184801F00AF851
:1049F00068B98423164A1749174805F0DBFD1349A7
:104A0000164805F0D7FD8421114805F0CAFD0F486E
:104A100001F01CF8A36813B12046FFF745FF0B48CF
:104A200000F0FEFF68B94FF49973094A0C490A482F
:104A300005F0C0FD05490B4805F0BCFD4FF4997128
:104A4000E2E785F31188BFF36F8F38BDE453002090
:104A5000942E0300C12E0300B02B0300D62E0300BA
:104A6000EC2E0300032F030038B5A0F11804EFF378
:104A70001185402383F31288BFF36F8F174800F02E
:104A8000C1FF68B98423164A1649174805F092FDFC
:104A90001249164805F08EFD8421114805F081FD6C
:104AA0000E4800F0D3FF20460AF0C1F90B4800F091
:104AB000B7FF68B94FF49973094A0D490A4805F0E0
:104AC00079FD06490B4805F075FD4FF49971E4E74F
:104AD00085F31188BFF36F8F38BD00BFE45300200A
:104AE000942E0300C12E0300B02B0300D62E03002A
:104AF000EC2E0300032F03002DE9F047DFF8D4A0CC
:104B0000354D1746DDE90898DAF80820334BA842FE
:104B100004460E461A600BD13149324840F2B9239F
:104B2000314A05F047FD40F2B9212F4805F039FD23
:104B3000EFF31183402383F31288BFF36F8F28466E
:104B400000F060FF60B98423284A2949254805F010
:104B500031FD2946274805F02DFD84212348E5E74E
:104B6000284600F073FFDAF80850394628460AF064
:104B700038F9B8F1FF3F08BFB9F1FF3F06D04A4608
:104B800043461D4905F1180000F096FF204600F04D
:104B900047FF68B9194940F26D13144A114805F0EE
:104BA00009FD2146164805F005FD40F26D11D5E7D7
:104BB000094800F035FF40B9104940F26D130B4A27
:104BC000084805F0F7FC0449ECE73046BDE8F0473B
:104BD000FFF7F0BDAC530020E4530020E853002061
:104BE00088840300B02B03001E830300942E03006F
:104BF000C12E0300D62E0300694A0200EC2E0300EA
:104C0000032F030070B50546EFF31186402383F3AD
:104C10001288BFF36F8F1B4800F0F4FE68B984233D
:104C2000194A1A491A4805F0C5FC1649194805F0F1
:104C3000C1FC8421144805F0B4FC124800F006FFC2
:104C40002C68A54215D014B12046FFF72DFE0D4863
:104C500000F0E6FE78B94FF499730B4A0E490C4800
:104C600005F0A8FC07490D4805F0A4FC4FF4997124
:104C7000E0E70024EBE786F31188BFF36F8F20464F
:104C800070BD00BFE4530020942E0300C12E03002A
:104C9000B02B0300D62E0300EC2E0300032F0300DD
:104CA0002DE9F04104460D46EFF31187402383F3CD
:104CB0001288BFF36F8F594800F0A4FE60B98423B7
:104CC000574A5849584805F075FC5449574805F06B
:104CD00071FC8421524818E0504800F0B7FE237C54
:104CE00003F01F02002A0CBF0126002662D103F048
:104CF0007F0323744E4B9C4209D14E495A234E4A9E
:104D0000494805F057FC5A214B4805F04AFC20461B
:104D10000AF05FF8237C6DB243F08003DA07A573D5
:104D2000237407D545495323434A3F4805F042FCC5
:104D30005321E9E7DFF80881424652F8183FD8F8D6
:104D40001C10934208D1C4E900210C60C8F81C4033
:104D50000DE08B42F7D01B68002BF4D093F90E00C6
:104D6000A842F6DD5968C4E900310C605C60D8F8EF
:104D70001840944200D00CB9D8F80C40D8F808304C
:104D80009C4202D0204600F0B7FDC8F814402348EA
:104D900000F046FE00283AD14FF49973204A294981
:104DA000214805F007FC1D49274805F003FC4FF496
:104DB00099718FE79B0728D5A16841B923491A4803
:104DC000A423234A05F0F6FBA42121489DE72046B1
:104DD0006DB209F0FEFFA5730B68994209D14B68CB
:104DE000C4E900131C604C60D1E74A689342F6D0D6
:104DF0001B68002BF3D093F90E20AA42F5DD5A6808
:104E0000C4E9003214605C60C1E7A573BFE787F3B3
:104E10001188BFF36F8F3046BDE8F081E453002066
:104E2000942E0300C12E0300B02B0300D62E0300E6
:104E3000404A0020408303001E830300B483030024
:104E4000AC530020EC2E0300032F0300EE7F030081
:104E5000AB7F0300034648B9EFF3058232B9064A37
:104E600051699268914201D0FFF7A4BC83F3118885
:104E7000BFF36F8F704700BFAC53002010B5EFF346
:104E80001184402383F31288BFF36F8F284800F00A
:104E9000B9FD60B98423274A2749284805F08AFBD1
:104EA0002349274805F086FB8421224812E0204848
:104EB00000F0CCFDEFF3058373B1224940F23B33A0
:104EC000214A1E4805F076FB204805F073FB40F2AE
:104ED0003B311D4805F065FB1D4B9A68D37B012BC8
:104EE0000CD11C494FF44F73174A144805F062FB6C
:104EF000164805F05FFB4FF44F71EAE7013BD373AF
:104F00000B4800F08DFD68B94FF49973094A1249B6
:104F10000A4805F04FFB0649104805F04BFB4FF4DB
:104F20009971C2E784F31188BFF36F8F10BD00BF82
:104F3000E4530020942E0300C12E0300B02B030085
:104F4000D62E0300708003001E830300947E0300AE
:104F5000AC530020C1840300EC2E0300032F030098
:104F600070B5EFF31186402383F31288BFF36F8F80
:104F70002A4800F047FD68B98423294A29492A486C
:104F800005F018FB2549294805F014FB8421244825
:104F900005F007FB264D214800F058FDAB68DA7B91
:104FA0006AB9244940F24D33234A1F4805F002FBF9
:104FB000224805F0FFFA40F24D311F48E8E7EFF3D1
:104FC000058161B11E4940F24E331B4A164805F077
:104FD000F1FA1A4805F0EEFA40F24E31EDE70132EF
:104FE000DA732A4652F8184F944200D004B9EC689C
:104FF0001A7CD20604D1DA897F2A01D9A2692AB1A2
:105000009C4202D0204600F077FC23466B6131467B
:10501000BDE870400148FFF701BC00BFE453002029
:10502000942E0300C12E0300B02B0300D62E0300E4
:10503000AC530020F28403001E830300947E03001F
:105040007080030038B50446EFF31185402383F3E5
:105050001288BFF36F8F184800F0D4FC68B984231E
:10506000164A1749174805F0A5FA1349164805F0DE
:10507000A1FA8421114805F094FA0F4800F0E6FCEB
:10508000204609F0EAFE04460B4800F0C9FC68B966
:105090004FF49973094A0D490A4805F08BFA0649FD
:1050A0000B4805F087FA4FF49971E3E785F311880F
:1050B000BFF36F8F204638BDE4530020942E0300C9
:1050C000C12E0300B02B0300D62E0300EC2E0300EC
:1050D000032F0300024B03F11802C3E906227047B5
:1050E000AC53002070B5EFF3058373B138494FF42A
:1050F0009063384A384805F05DFA384805F05AFAA6
:105100004FF49061334805F04CFAEFF311864023D9
:1051100083F31288BFF36F8F314800F073FC60B9DE
:105120008423304A30492C4805F044FA2C492F4852
:1051300005F040FA84212B48E5E72D4C284800F083
:1051400085FCA168E0690B68814214BF1A46002201
:1051500049680B605960A368E1692AB9254AC3E927
:1051600000210B60E3610AE092F90E5093F90E0002
:10517000854223DD5168C3E900210B605360A569B6
:105180001C4B9D4200D005B9E568A3689D4202D042
:10519000284600F0B1FB1248656100F041FC88B977
:1051A00040F26D130F4A14490B4805F003FA0C49FD
:1051B000124805F0FFF940F26D11BCE78A42CDD0EC
:1051C0001268CAE73046BDE87040FFF7F3BA00BF87
:1051D000708003001E830300B02B0300947E030045
:1051E000E4530020942E0300C12E0300D62E0300AA
:1051F000AC530020C4530020EC2E0300032F030007
:105200002DE9F04106460C46EFF3058777B13449A6
:105210004FF49363334A344805F0CCF9334805F032
:10522000C9F94FF493612F4805F0BBF950EA010327
:1052300004D1FFF757FF0020BDE8F081EFF311889C
:10524000402383F31288BFF36F8F294800F0DAFB05
:1052500060B98423274A2849234805F0ABF924493B
:10526000264805F0A7F984212248DDE7244D20488F
:1052700000F0ECFBA868234B1860FFF73DFAA86824
:10528000234632462049183000F016FCAA6804462E
:10529000137C174843F00403137400F0C1FB68B992
:1052A00040F26D13134A19490F4805F083F910496C
:1052B000174805F07FF940F26D11D5E74046FFF73A
:1052C00079FAAB68D3E90A23B3F1004F08BFBA42B9
:1052D000B1D109F0FDFD201A20EAE070ACE700BF73
:1052E000708003001E830300B02B0300947E030034
:1052F000E4530020942E0300C12E0300D62E030099
:10530000AC530020E8530020694A0200EC2E030051
:10531000032F0300F8B507460E46EFF3058474B17A
:10532000134940F2C643134A134805F043F91348A2
:1053300005F040F940F2C6410E4805F032F9FFF79A
:105340005FFFB6F1FF3F08BFB7F1FF3F05460CD046
:10535000214647F611204FF47A7447F612220023B3
:10536000E5FB0401E4F710FBF8BD4FF0FF30FBE76D
:10537000708003001E830300B02B0300947E0300A3
:1053800038B50446EFF31185402383F31288BFF349
:105390006F8F204800F036FB68B984231E4A1F49EE
:1053A0001F4805F007F91B491E4805F003F9842141
:1053B000194805F0F6F8174800F048FB237C5B0716
:1053C00010D504F1180000F053FC237C204623F094
:1053D00004032374FFF728F92946BDE838400D4837
:1053E000FFF71CBA0B4800F01BFB68B94FF4997328
:1053F000094A0D490A4805F0DDF806490B4805F051
:10540000D9F84FF49971D3E785F31188BFF36F8F03
:1054100038BD00BFE4530020942E0300C12E0300CA
:10542000B02B0300D62E0300EC2E0300032F030045
:10543000014B9868704700BFAC5300202DE9F8433A
:1054400004468789EFF31185402383F31288BFF365
:105450006F8F824800F0D6FA68B98423804A814968
:10546000814805F0A7F87D49804805F0A3F884211C
:105470007B4805F096F8794800F0E8FA237C180795
:1054800017D5764800F0CCFA68B94FF49973744A8E
:105490007749754805F08EF87049764805F08AF826
:1054A0004FF49971E4E785F31188BFF36F8FBDE87E
:1054B000F883D90943F0080240F083802274A3687E
:1054C00013B12046FFF7F0F904F1180000F0D0FB0B
:1054D000A66D04F15808B04511D04FF0000976B11F
:1054E0003046FFF7E1F906F1180000F0C1FB304645
:1054F000C6F88090FFF798F8A66DB045EFD1DFF8B9
:105500007881D8F808309C427AD1EFF30589B9F157
:10551000000918BF4FF00109D8F81860574A9642A1
:1055200000D00EB9D8F80C60B34202D0304600F07B
:10553000E3F92046C8F8146006F07CFAB9F1000FD0
:1055400002D04F48FFF760F8D8F808309C426AD183
:10555000EFF30586002E66D1A389DA071FD53F48F1
:1055600000F05EFA002890D085F31188BFF36F8FAA
:1055700086F31188BFF36F8F0423184602DFEFF321
:105580001185402383F31288BFF36F8F334800F0F7
:1055900039FA00283FF461AF304800F057FA2F483D
:1055A00000F03EFA78BB40F26D132D4A30492E4888
:1055B00005F000F829492F4804F0FCFF40F26D1176
:1055C00056E7304A03F07F0343F008039442237404
:1055D00008D12D495A232D4A234804F0EBFF5A21C4
:1055E0002A4846E7D90707D529495B23274A1E4899
:1055F00004F0E0FF5B21F3E7204609F0EAFB5EE7F9
:105600004FF0000988E72846FFF7D4F821494FF406
:10561000EE731E4A144804F0CDFF1F4804F0CAFF81
:105620004FF4EE71DCE70D4800F0FAF900283FF482
:105630002CAF85F31188BFF36F8FFB077FF537AF72
:1056400040F2A253114A1549074804F0B3FF21461E
:10565000134804F0AFFF40F2A251C1E7E453002029
:10566000942E0300C12E0300B02B0300D62E03009E
:10567000EC2E0300032F0300AC530020C453002082
:10568000F84B0020404A0020408303001E830300A3
:10569000B4830300238503002E8503005085030097
:1056A0005B8503002DE9F843064688461746EFF36D
:1056B0001189402383F31288BFF36F8F214800F0D4
:1056C000A1F9054668B984231F4A2049204804F0FF
:1056D00071FF1C491F4804F06DFF84211A4804F033
:1056E00060FF184800F0B2F93468A6421FD004B336
:1056F0002046C4F880806761FFF7D6F804F11800EF
:1057000000F0B6FA2046FEF78FFF0E4800F088F949
:1057100088B94FF499730C4A0F490D4804F04AFFB9
:1057200008490E4804F046FF4FF49971D6E700256A
:10573000EBE72546E9E789F31188BFF36F8F284629
:10574000BDE8F883E4530020942E0300C12E03002B
:10575000B02B0300D62E0300EC2E0300032F030012
:10576000D3B5DDE90667089CCDE90067FFF7C4F90A
:105770001CB1034B9B685B69236002B0D0BD00BFC6
:10578000AC5300202DE9F0470546884616461F46D3
:10579000EFF31189402383F31288BFF36F8F2848FA
:1057A00000F030F968B98423264A2749274804F0D5
:1057B00001FF2349264804F0FDFE8421214804F01E
:1057C000F0FE1F4800F042F92868854208D038B141
:1057D0006B6898420CBF4FF0000AD0F800A0B0B937
:1057E000002416B139462046B047154800F018F994
:1057F000F8B94FF49973134A1649144804F0DAFEC5
:105800000F49154804F0D6FE4FF49971D6E7394692
:10581000C04704460028E4D1BAF1000F07D06B68F6
:10582000534501D0DAF800405046A246D7E7544627
:10583000FAE789F31188BFF36F8F2046BDE8F08740
:10584000E4530020942E0300C12E0300B02B03006C
:10585000D62E0300EC2E0300032F0300027C034628
:1058600012F01F0210D10A4988420DD00949086878
:1058700068B1D9897F2909D893F90E20064B1B6896
:105880009A42B8BF0020704700207047104670470A
:10589000404A0020BC160020EC53002008B568B137
:1058A0000F4B98420AD303F11802904206D21822F5
:1058B000C01AB0FBF2F302FB13034BB109490A48CB
:1058C0003F230A4A04F076FE3F21084804F069FEAF
:1058D0000122074BC0105843064B1A5408BD00BFA5
:1058E000804C0020A1850300B02B030079850300C4
:1058F000ABAAAAAACA5C002070B50C4B0C4D1E7C4A
:10590000FFF7ACFF182303FB06550446284600F0BA
:10591000AFF90022074B9A553CB1621E2846BDE8FC
:1059200070400549D31700F0C7B870BDAC530020D4
:10593000804C0020CA5C00209D58020038B5EFF36F
:105940001185402383F31288BFF36F8F234800F043
:1059500059F868B98423224A2249234804F02AFED0
:105960001E49224804F026FE84211D4804F019FE39
:105970001A4800F06BF81E4B1E4A9C681068A04243
:1059800013D1FFF7B9FF154800F04AF800BB4FF4F8
:105990009973134A1849144804F00CFE0F4917482C
:1059A00004F008FE4FF49971DFE700211B7C1160C1
:1059B000134AD35C002BE6D02046FFF74FFF0028A8
:1059C000E1D0237CDB0601D1FEF78AFF2046D8E731
:1059D00085F31188BFF36F8F38BD00BFE4530020FB
:1059E000942E0300C12E0300B02B0300D62E03001B
:1059F000AC530020E8530020EC2E0300032F0300DB
:105A0000CA5C0020006838B1044B00F003001B7C26
:105A1000C01A18BF0120704701207047AC53002006
:105A2000002302680360EFF30581074B986811B10A
:105A3000017CC90705D41B7C1843831A584258417E
:105A400070470120704700BFAC530020024B1A7C06
:105A50009B68134303607047AC530020024B1868E7
:105A6000984208BF00207047C0160020034B1B68F7
:105A70000BB9FAF7E7BA0020704700BFF0530020D7
:105A800030B570B10B4B5B6898420AD0036843B1E4
:105A9000D3E90421D0E90445121941EB0501C3E91A
:105AA0000421D0E9003213605A600023C0E90033BA
:105AB00030BD00BFC0160020B3F1FF3F08BFB2F1F8
:105AC000FF3F2DE9F84F04469B4615461F4600F060
:105AD000B280D0F80090B9F1000F0CD05749642380
:105AE000574A584804F066FD574804F063FD6421A6
:105AF000534804F056FD8160EFF31188402383F38F
:105B00001288BFF36F8F5148FFF77CFF824660B960
:105B100084234F4A4F494B4804F04CFD4B494E48B3
:105B200004F048FD84214A48E3E74848FFF78EFF28
:105B3000BBF1000F494A1FDBFFF798FF064601350E
:105B40004BF1000B454A2D184BEBE073D2E90017DF
:105B5000C4E904536D1843EB0707FFF77FFF0346C3
:105B6000DFF8FCE0DEF80490EBB9C4E900E9C9F81D
:105B70000040CEF8044028E06FF00103D2E90012A3
:105B80005B1A4FF0FF3161EB02025B1B62EB0B0211
:105B9000012B72F10001BCBF01234A464FF0000AFD
:105BA000C4E90432D9E7D3E9041CD4E904208A42C9
:105BB00070EB0C0B2EDA891A5A686CEB0000C3E903
:105BC0000410C4E9003214605C60FFF747FF8442B0
:105BD0000ED1244B1B685BB9BAF1000F02D1FFF75D
:105BE00045FF0646304609F05CF90021FAF73EFA17
:105BF0001648FFF715FFB0B94FF49973144A1A49C4
:105C0000104804F0D7FC1149184804F0D3FC4FF4B5
:105C1000997188E7521A60EB0C004B45C4E90420E7
:105C2000A3D01B68A0E788F31188BFF36F8F2846C5
:105C30003946BDE8F88F00252F46F8E77087030046
:105C40004C870300B02B0300947E0300F453002024
:105C5000942E0300C12E0300D62E0300984C002082
:105C6000C0160020F0530020EC2E0300032F030089
:105C700070B50446EFF31186402383F31288BFF317
:105C80006F8F2A48FFF7BEFE68B98423284A294946
:105C9000294804F08FFC2549284804F08BFC842116
:105CA000234804F07EFC2148FFF7D0FE23683BB375
:105CB000FFF7D4FE05462046FFF7E2FE00224FF034
:105CC0000043A542C4E9042312D000241748FFF77B
:105CD000A7FE20BB4FF49973154A1949164804F0E2
:105CE00069FC1249174804F065FC4FF49971D7E735
:105CF000FFF7BCFE09F0D5F80021FAF7B7F9E4E7A1
:105D0000D4E90423B3F1004F08BF012A04D10022D3
:105D10004FF00043C4E904236FF01504D6E786F37F
:105D20001188BFF36F8F204670BD00BFF453002071
:105D3000942E0300C12E0300B02B0300D62E0300C7
:105D4000EC2E0300032F03002DE9F047DFF8049148
:105D50000246C9F80000FFF781FE88460446002687
:105D60000027DFF8F4A04FEAE27CDAE9001354B12F
:105D7000D4E90450AA427CEB000E1EDAAD1A60EBA7
:105D80000C00C4E904500024521843EB0C032046D5
:105D9000CAE90023C9F8004009F083F82146FAF760
:105DA00065F92E48FFF73CFED0B188F31188BFF3A8
:105DB0006F8FBDE8F047FFF7C1BD691843EBE5738E
:105DC0002046C4E90467CAE90013FFF759FE01221F
:105DD0004FF000432148C4E90423FFF721FE78B9BE
:105DE0004FF499731E4A1F491F4804F0E3FB1B49F7
:105DF0001E4804F0DFFB4FF49971194804F0D1FB01
:105E000088F31188BFF36F8F2046A3689847EFF39C
:105E10001188402383F31288BFF36F8F0F48FFF779
:105E2000F1FD58B984230E4A11490F4804F0C2FB12
:105E30000A49104804F0BEFB8421DEE70748FFF75B
:105E400005FED9F80020521BC9F80020FFF706FE16
:105E5000044688E7F0530020984C0020F4530020BB
:105E6000942E0300EC2E0300B02B0300032F03003D
:105E7000C12E0300D62E030010B5EFF3118440238A
:105E800083F31288BFF36F8F0B48FFF7BBFD68B930
:105E900084230A4A0A490B4804F08CFB06490A4845
:105EA00004F088FB8421054804F07BFB0248FFF7DF
:105EB000CDFD204610BD00BFF4530020942E0300FA
:105EC000C12E0300B02B0300D62E030070B5EFF3F4
:105ED0001186402383F31288BFF36F8F1A48FFF7B0
:105EE00091FD68B98423194A19491A4804F062FBE4
:105EF0001549194804F05EFB8421144804F051FB55
:105F00001148FFF7A3FDFFF7B1FD144AD2E90045A0
:105F1000041945EBE0750C48FFF782FD68B94FF4B2
:105F200099730A4A0E490B4804F044FB06490D4890
:105F300004F040FB4FF49971DFE786F31188BFF35B
:105F40006F8F2046294670BDF4530020942E030025
:105F5000C12E0300B02B0300D62E0300984C002066
:105F6000EC2E0300032F0300F8B50446EFF311876E
:105F7000402383F31288BFF36F8F5B48FFF742FD26
:105F800068B98423594A5A495A4804F013FB5649C0
:105F9000594804F00FFB8421544804F002FB524896
:105FA000FFF754FDD4E90423B3F1004F08BF012AE1
:105FB00013D04D48FFF734FD002840F08F804FF498
:105FC00099734A4A4D494B4804F0F4FA46494C4803
:105FD00004F0F0FA4FF49971DEE7D4E90A566A1C2E
:105FE00046F10003022A73F1000334D3013D46F168
:105FF000FF36002EBCBF00252E4608F06DFF013095
:1060000041F10001401946EB0101012871F1000145
:106010005BDB08F061FF6FF00203013041F100012A
:10602000401946EB010183426FF000438B4151DB85
:1060300008F052FF013041F100016FF001024019F8
:1060400046EB01034FF0FF31121A61EB03032046C8
:106050002C49FFF731FD236B256A01332363D5B14A
:106060002148FFF7DDFC0028A9D087F31188BFF392
:106070006F8F2046A847EFF31187402383F31288E0
:10608000BFF36F8F1848FFF7BDFC00283FF479AFCE
:106090001548FFF7DBFC54F8185FA54289D0002DA6
:1060A00087D02846FEF798FC00230F48C5F88030BB
:1060B000FFF7B6FC002882D087F31188BFF36F8FFB
:1060C0002846BDE8F840FEF741BC6FF001024FF0F2
:1060D000FF33BCE700224FF00043B8E787F3118895
:1060E000BFF36F8FF8BD00BFF8530020942E03005C
:1060F000C12E0300B02B0300D62E0300EC2E0300AC
:10610000032F0300695F02002DE9F8430646144699
:106110001D4691469846EFF31187402383F312887A
:10612000BFF36F8F2748FFF76DFC68B98423264AB9
:106130002649274804F03EFA2249264804F03AFA54
:106140008421214804F02DFA1E48FFF77FFCB5F1A9
:10615000FF3F08BFB4F1FF3F11D11A48FFF760FCC1
:1061600050BB4FF49973184A1B49194804F022FA9E
:1061700014491A4804F01EFA4FF49971E1E7002D12
:106180000ADB012C75F100032246BCBF0122002569
:1061900012F1FF3945F1FF383046FFF769FDDDE9BF
:1061A0000823C6E90A2300234A46336330464346A0
:1061B0000B49FFF781FCD0E787F31188BFF36F8F9E
:1061C000BDE8F883F8530020942E0300C12E03008D
:1061D000B02B0300D62E0300EC2E0300032F030088
:1061E000695F020070B50546EFF31184402686F31F
:1061F0001288BFF36F8F2D48FFF704FC68B9842322
:106200002B4A2C492C4804F0D5F928492B4804F096
:10621000D1F98421264804F0C4F92448FFF716FC7C
:106220002846FFF725FD90B12048FFF7F9FB00282D
:1062300037D14FF499731E4A21491F4804F0BAF927
:106240001A49204804F0B6F94FF49971E2E76B6AF5
:10625000CBB11648FFF7E4FB0028EAD084F311889D
:10626000BFF36F8F28466B6A9847EFF3118486F36C
:106270001288BFF36F8F0D48FFF7C4FB0028BED014
:106280000A48FFF7E3FB05F11800FEF7BBFC002806
:10629000CAD0FEF75BFB2146BDE87040034808F01A
:1062A000DABD84F31188BFF36F8F70BDF8530020FF
:1062B000942E0300C12E0300B02B0300D62E030042
:1062C000EC2E0300032F03002DE9F84F4F1E0F4261
:1062D00006460D469A460BD02F4918232F4A3048C0
:1062E00004F068F92F4804F065F918212B481CE0E8
:1062F000141D4DD241F0040B00F11408EFF3118985
:10630000402383F31288BFF36F8F4046FFF77AFB79
:1063100068B98423244A2549214804F04BF94146B1
:10632000234804F047F984211F4804F03AF9404615
:10633000FFF78CFB224659463046D047044640467C
:10634000FFF76EFB68B94FF49973174A194914485F
:1063500004F030F94146184804F02CF94FF49971D3
:10636000E2E789F31188BFF36F8F8CB144F8046BB7
:106370007DB13C420DD03523084A1049084804F04D
:1063800019F921462A460E4804F014F93521ADE7E3
:1063900000242046BDE8F88F952B0300908703006A
:1063A000B02B0300CD2B0300942E0300C12E03005D
:1063B000D62E0300EC2E0300032F0300B487030046
:1063C000E68703002DE9F04105460E46174608F022
:1063D000F5FC28B9074B9B685C6F14B9BDE8F081E8
:1063E000054C3B46324629462046BDE8F041FFF7C2
:1063F0006BBF00BFAC5300200818002002460021EC
:10640000014B0248FFF760BFE3A402000818002018
:10641000014B4367704700BF081800200146024A3D
:106420000020FFF7CFBF00BFE3A4020001680E4ABF
:106430000346914215D1C169A2F11022A2F1EF12D7
:1064400091420ED18268012A0BD8C26812B101694B
:106450008A4206D0586928B19B691B1A5842584194
:1064600070470120704700BF55AA00FF70B50E4B62
:106470009E68B6B13046FFF7D9FF044618B9F368F5
:106480007BB935690DB9204670BD2846FFF7CEFFB0
:1064900028B9EB68B34204D12E462D69F2E70446D1
:1064A000F1E70124EFE700BFFC5300202DE9F041A4
:1064B000404D06466869884608F07EFD18B1002404
:1064C0002046BDE8F0812C68DCB1AC68CCB1002E70
:1064D0006AD0B8F1000F69D008FB06F7B7FBF6F6F3
:1064E000B04565D1391D63D8BA0710D027F0030233
:1064F0000432EC6803E0616891420AD2A469002C7E
:10650000F9D1686908F05EFD0028D9D0D7E73A468E
:10651000EFE7D4F808C0BCF1000F02D001200AF068
:106520007AF9891A232904F120061CD80123A360D3
:10653000D4E90523AAB19361A3690BB162695A61D9
:106540000023C4E905332B69DB0703D5FFF78EFF72
:106550000028E3D13A460021304634460AF053F988
:10656000CFE7EB60E8E702F1200023182039C3E908
:10657000011CDC602169DFF840C0196144F800C0EB
:106580000E48D86101B1CB6061695961A069986119
:1065900041B18B61996901B14B6101212361C4E96A
:1065A0000121CDE7EB60F5E73446AAE74446A8E7CA
:1065B0000446A6E7FC53002055AA00FF669911EE99
:1065C00070B5424E0546706908F0F6FC00287BD194
:1065D000002D5FD03368002B5CD0B268002A59D000
:1065E0009D4203D3726813449D4202D301200AF0F6
:1065F00012F9A5F120042046FFF718FF0028F5D175
:1066000055F8183C012BF1D155F8143C45F8180CFD
:10661000C3B19A68002A42D155F81C2C02F120011E
:106620005A680A445A6055E905321A6155F8145CF3
:106630002B6903B1DD602046202200210AF0E3F837
:1066400023462C462069002836D08268002A33D1A0
:106650006368426820331344636003692361D4E9AB
:106660000523F2B923BB436963618269A2610BB35D
:106670009C61A36903B15C61236903B1DC602022E2
:1066800000210AF0C0F833699B0703D5FFF7EEFE3F
:106690000028ABD17069BDE8704008F093BC0023BE
:1066A000D0E79361A369002BDDD062695A61DAE714
:1066B000F360F7E7F460DCE7002BE4D1F368A36153
:1066C00003B15C61F460DEE770BD00BFFC530020E5
:1066D00070B50C46164E14220021054630460AF0CD
:1066E00092F81448706108F065FC1349134800F0F3
:1066F00035F8232C1BD915F003031FBF043CE41805
:10670000C3F10403ED182246002128460AF07BF865
:10671000C6E90054203CB5606C60B368084A1A6052
:10672000B368A2F11022A2F1EF12DA61F36070BD3A
:10673000FC530020C8160020C1650200AD640200B1
:1067400055AA00FF014B1B68184700BF2C170020FB
:10675000014B1B68184700BF28170020024B186028
:10676000024B0020196070472C17002028170020CA
:1067700010B50A46044619B1024B00211B68984720
:1067800010BD00BF002203000E4B0340B3F1607F39
:1067900006D1B1F5885F0CBF00206FF0860070470E
:1067A000B3F1707F0BD101F4E043B3F5005F06D184
:1067B00011F4E06F14BF00206FF0860070476FF097
:1067C000860070470000C07F8A42F8B506460D4635
:1067D00000F00A8101F0FE41B1F1C06F61D1884C37
:1067E00022F4FF7121F00101A14222F0FF0014D038
:1067F00004F58854A04210D022F47F7626F00306D8
:10680000A4F57064A64208D004F5A064A04204D0A8
:1068100004F57454A14240F0EB80D1B2784E19B91E
:1068200022F48061B14224D125F4FF7424F00104E4
:10683000B44225F0FF0112D0724EB1420FD025F4C0
:106840007F7727F00307A6F57066B74207D006F5F5
:10685000A066B14203D006F57456B44209D115F0D2
:10686000FF0406D0684E44F00074B44204BF0246F0
:106870000D468BB122F4FF7323F00103B3F1062F11
:1068800006D0624B22F4FF6121F00701994203D147
:1068900022F4807225F48075954214BF00200120F7
:1068A000F8BDB1F1A06F16D102F0FE43B3F1A06FB5
:1068B00040F0888082EA050333F47E1340F0828042
:1068C00028047FD5C5F30540C2F3054290428CBF32
:1068D00000200120E4E74E4B9D4209D1A3F500437F
:1068E0009A4200F081804B4B22F47E109842D4E70C
:1068F000B1F1407F60D102F0FE43B3F1407F5BD144
:1069000082EA050030F47E1456D131462846FFF75E
:106910003BFF00286AD1404912F47C1701EA0201CA
:1069200013D0B1F1607FC2F3054333D1D1B241F04E
:10693000007101F17E410339122901D83748445CC6
:1069400015F47C1F2DD19C42A7E7B1F1607F0AD1DD
:10695000D3B243F0007303F17E43033B122B4BD8B9
:106960002F49CB5CE2E7B1F1707F17D106F4E04329
:10697000B3F5005F42D10123C6F302218B4006F438
:10698000E041B1F5005FDBD10120C6F3022600FA39
:1069900006F4D5E7B1F1707FD2D1F0E700242346A9
:1069A000CEE71FB9C5F30541A1421DD0290403D587
:1069B000C5F3054098428AE71A4B9D4202D1B2F1D5
:1069C000082F6AE725F0004323F47F03B3F1106F2B
:1069D0000CD102F0FE43B3F1106F07D11248104002
:1069E00040F01060A84258E7012059E7002057E71F
:1069F000002B7FF446AF4FE7002397E70023BEE765
:106A00000002000600130006FF000002004000061E
:106A10000093C004000140050000C07F988C030073
:106A2000988C03000002C0030000FFF670B5054615
:106A30000F480E4608F0C0FA044618B16FF08F04F4
:106A4000204670BD6B6933602B7F012B0ABF022388
:106A500030602B77064818BF6FF0960408F0B2FA42
:106A60000028EDD0002CE9D06FF09604E8E700BFD5
:106A70001017002038B50C4C0C4808F09DFA6578CA
:106A80000A4808F09FFA0A4808F096FA022D08D141
:106A90002478E31F5C425C41054808F093FA2046E5
:106AA00038BD0024F8E700BF14540020E016002091
:106AB000F81600202DE9F047894615461C4600F0DF
:106AC000C5FC0646002851D1D9F80070B7F800A0DF
:106AD0000AF4E043B3F5804FBB6808BF25F0010519
:106AE00035EA03033AD1002C40D0B5F5006F40D011
:106AF000A5F5005255425541284A24F4FF7323F06E
:106B00000103934213D0264924F0FF028A420ED09B
:106B100024F47F7020F00300A1F57061884206D054
:106B200001F5A0618A4202D01E4A934223D114F09B
:106B3000FF0304D01C4A43F00073934222D02B463B
:106B400022465046F968FFF73FFE804670B92B4653
:106B5000224650463969FFF737FEE0B96FF08406E8
:106B600000233846C9F8003000F03AFD3046BDE851
:106B7000F0870125C0E704F0FE43B3F1407F04D164
:106B80002304DCD56FF08606EAE7B3F1A06FF7D0F7
:106B9000054B9C42D2E74646E8E700BF00020006EC
:106BA0000013000600460006FF00000238B500F0A2
:106BB000FE43B3F1407F04460D4602D06FF08600DD
:106BC00038BDFFF7E1FD0028F8D114F47C1F18D080
:106BD000C4F30543032B137022D9224A2240B2F199
:106BE000607F31D1E4B244F0007404F17E44033C90
:106BF000122CE3D81C4A125D9342DFD8202BDFD938
:106C00000EE0184B2340B3F1607F0FD1E3B243F0A5
:106C1000007303F17E43033B122B04D9002313704E
:106C20006FF08500CCE71149CB5CD3E7B3F1707FFF
:106C3000F4D101F4E043B3F5005FEFD10123C1F3D8
:106C400002218B40DBB2C5E7B2F1707FB6D105F40B
:106C5000E042B2F5005FB1D10122C5F30225AA409E
:106C6000CAE700BF0000C07F988C0300988C030027
:106C70002DE9F3414768D0F81480044638460E46A3
:106C800008F078FC0546E8B9FFB22FB9B8F1000F5B
:106C900005D06FF0860515E0B8F1000FF9D0A368B4
:106CA00023F0031323F47F43002BF2D14FF6F87344
:106CB00062889A4228D81648277908F07DF928B1C9
:106CC0006FF08F05284602B0BDE8F08107B901A832
:106CD000314600F071FB05460D4808F073F910B11C
:106CE000002DEFD1ECE7002DECD10FCCD6F800C091
:106CF00066460FC694E8070086E80700002FE1D13A
:106D0000019BCCF81430DDE76FF08505DAE700BFB2
:106D10001017002010B5044650B1064808F04CF991
:106D2000204608F080FABDE81040024808F04AB951
:106D300010BD00BF1017002013B5044610B301A901
:106D400000F084FB0446E8B91F4808F035F958B153
:106D50000024019808F0F9FB002818BF04461A48DF
:106D600008F030F970B10AE00198037F032B11D1CC
:106D700008F0EBFB0446144808F024F928B10CB9DC
:106D80006FF08F04204602B010BD002C08BF6FF0DA
:106D90008704F7E7022B10D1032303770379FF2B36
:106DA0000ED04369094A03F14043A3F5805393424F
:106DB000CED800F0BFFD0446CBE76FF09604C8E7DD
:106DC0006FF08404C5E700BF10170020FFDFFF3F0E
:106DD0002DE9F04190461E46002288B00388054602
:106DE0000F460592CDF81C803260B8F1000F65D0D7
:106DF000B8F1005F80F0A18023F0FF03B3F5E24F0C
:106E000002D0B3F5824F25D1284608F0EAF80446AF
:106E1000002840F08680EB6883B16A8872B12B88C5
:106E200003F44F41B1F5824F02D0B1F5884F05D13F
:106E3000DBB2222B36D02CD8122B38D03A46002386
:106E400008EB070112F8010B8A4243EA0003F9D16B
:106E5000002B33D0284605A9FFF70AFF0446A0B946
:106E6000059B9B6A6BB3059B39465A882846069258
:106E700006AA029203F1280201929A6A00925B6AC2
:106E8000424600F01BFC044680B30598FFF742FF22
:106E900047E0273BDBB21B2BD0D8294921FA03F36B
:106EA000DB07CBD50732B8EBD20FC7D206E040F2F2
:106EB00009239A42F6D1B8F1400FBFD86FF086048B
:106EC0002FE06B681B0A07D10799059808F06BF94A
:106ED00004460028C7D0D8E742463946284607ABC3
:106EE00000F094FB04460028EED0CEE70599069BFF
:106EF0004A88D2B94B804FF6F873069A9A4219D84D
:106F00002B88059813B102889A4210D16B8813B16F
:106F100042889A420BD13146FFF788FD044600288B
:106F2000B3D1204608B0BDE8F0819A42E3D06FF0BB
:106F30008604AAE76FF08504A7E76FF08504F0E701
:106F40000102000C38B504460D46FFF793FD30B141
:106F50002A462146BDE83840024808F035BB6FF0AC
:106F6000880038BD18540020002273B503880A60D9
:106F70000092428804460D46002A00F0FF800288F5
:106F800002F4E042B2F5804F00F0F88023F0FF03F6
:106F9000B3F5E24F02D0B3F5824F04D1204608F09A
:106FA00020F80646D0B969462046FFF761FE06463E
:106FB00060BB009B9B6AA3B10099204601F12803A6
:106FC000D1E9091200F052FB06460098002E40F06D
:106FD000D2802946FFF72AFD0646B8B9304602B0EE
:106FE00070BD63681B0A40F0BD802288618802F48E
:106FF000E043B3F5805F0DD0B3F5005F0AD002F433
:107000004F40B0F5824F1ED06FF085060098FFF715
:1070100081FEE3E7104608F097F806460028F5D110
:1070200047F201039A4220D14B080133DB0803EBFE
:10703000C3033B330193DDE9000108F0B4F80646D1
:107040000028B9D0E2E7B3F5E04FDDD147F2010304
:107050009A42E9D022F0FF03B3F5884F15D1CB1D3A
:10706000DB0803EB43030133E4E744F201039A42F4
:1070700002D1CB081033DDE722F0FF03B3F5E84F70
:10708000EAD1CB1DDB085B00D4E7B3F5EE4F67D048
:10709000B3F58E4F02D1CB1DDB08CBE702F44F4096
:1070A000B0F5824F02D0B0F5884F06D1D0B2422859
:1070B00001D1CB08D7E74128EDD0B3F5E24FEAD0B4
:1070C000B3F5824F03D1CB1DDB085B00CBE744F265
:1070D0000D039A4224D844F201039A42DBD9A2F567
:1070E0008042023A0B2AD6D801A353F822F000BFFF
:1070F0003571020097700200417102009770020022
:1071000097700200497102005171020097700200ED
:1071100097700200597102009770020059710200C5
:1071200047F202039A421BD047F204039A42B2D1BB
:1071300040237FE74FF4A0724B095343203379E794
:107140004FF4C0720B0AF8E7CB1DDB08183371E768
:10715000CB1DDB081C336DE7CB1DDB08023392E748
:10716000202367E7204601A900F068FA06460028B8
:107170003FF461AF4AE708F04BF847E76FF0860647
:107180002CE700BF10B51B4C1B4807F015FF2378F8
:10719000590744BF03F0FB0323709A0705D500F09D
:1071A000F1F8237823F002032370134807F00AFF55
:1071B000124807F001FF637813B1114808F007FA8D
:1071C000002304210E486370FFF7D2FA0B4807F042
:1071D000F9FE094807F0F0FE2378DB0705D508F033
:1071E000D2F9237823F0010323700348BDE810404F
:1071F00007F0E8BE14540020F8160020E016002026
:107200001854002070B5FFF735FC10B1002420465B
:1072100070BD344807F0D0FE044620B16FF08F04F3
:10722000FFF7B0FFF3E7304D2B789E0706D400F050
:10723000A1F804462B7843F002032B70294807F08D
:10724000C1FE10B1002CE9D0EAE7002CE8D12548B6
:1072500007F0B2FE04460028E0D12B78D80706D408
:1072600008F08FF904462B7843F001032B701D487A
:1072700007F0A8FE0028E5D1002CD1D1194807F06D
:107280009BFE0028CAD117482E7807F09BFE0028E5
:10729000C4D1164807F090FE04460028BED16B7892
:1072A0003BB9F10705D5124808F08BF902230446D3
:1072B0006B700E4807F086FE0028C3D1002CAFD1BA
:1072C000084807F079FE0028A8D12B7805485A070E
:1072D0005CBF43F004032B7007F074FE002895D0C8
:1072E0009CE700BFF816002014540020E016002090
:1072F0001854002038B500F140430F2B0CD82C2235
:107300001A4C02FB0344237F022B02D163698342A0
:1073100024D06FF08B001AE06FF04042441E94427C
:107320000ED2124B00221C461D7F022D02D15D6938
:10733000854210D00132102A03F12C03F4D1E8E782
:107340000B4AA3F580539342EBD96FF0870038BD09
:107350006FF09600FBE72C2303FB0244204608F065
:10736000E7F80028F4D10C60F1E700BF1C540020BE
:10737000FFDFFF3F0122024B002083F8C02270474D
:107380001C5400202DE9F0410A4C002526464FF000
:10739000010803272046C4F820802777013507F02D
:1073A00042FF102D04F12C04F4D1002386F8C032E2
:1073B000BDE8F0811C540020F8B5214D0646214857
:1073C0000F4607F0F9FD95F8C0421E4807F0FAFD98
:1073D0007CB300242B462246197FD1B13CB9022947
:1073E00005D1196A19B91979002918BF1C4601324B
:1073F000102A03F12C03EFD114B96FF08C0006E0D2
:10740000204608F095F8204607F00DFF10B1002443
:107410000DE01C46237F7BB90123237736B10A4B4D
:10742000651BAD105D4305F18045356000203C6073
:10743000F8BD6FF08800EAE76FF09600E7E700BF5D
:107440001C540020F8160020A38B2EBA0023F0B5A0
:10745000054691B05E480B600E4607F0ADFD5D4BF2
:107460005B4893F8C04207F0ADFD002C00F0AC8003
:10747000594807F0A1FD074620B16FF08F04204660
:1074800011B0F0BD31462846FFF734FF10F18C0FE4
:10749000044607D0504807F095FD0028EFD0002C97
:1074A000EDD1EAE73846FFF787FF074620B14A48A3
:1074B00007F088FD3C46E2E70122336801465D6142
:1074C000336809A85A601C22356809F09CF900222B
:1074D00000236869CDE90623404A00F14043A3F543
:1074E00080539342CDE9047703971DD806AA03A9D8
:1074F00008F070F80446B8B9039B6A690A93DBB2D6
:10750000002B08BF00220346CDE90000DDE906019B
:107510000E9209AA00F060F910F18A0F04460ED00D
:10752000002808BF6FF09604306807F07CFE14F165
:107530008C0F08BF6FF0870400233360AAE704A90B
:1075400009A800F07BF804460028EDD128460499EC
:1075500007F029FE04460028E6D1DDE9060105AB67
:107560000193AB6A09AA00936B6A00F035F90446EF
:1075700018B1284607F04CFED6E72C46059BAB62B7
:1075800009AD0FCD0FC495E8070084E80700326805
:107590009368D80414D4990444BF43F400639360FF
:1075A00033681A7F012A04BF02221A77306807F075
:1075B000BFFF044600283FF46DAF6FF09604BBE7B1
:1075C00043F480639360E6E76FF0880457E700BFF9
:1075D000F81600201C54002010170020FFDFFF3F8A
:1075E00010B50446084807F0E7FC40B9204607F00C
:1075F000ACFF0446044807F0E5FC10B10CB96FF08D
:107600008F04204610BD00BF1017002010B419468B
:10761000002443680C60074C1A0AB4EB132F02D005
:10762000054B9A4202D110BC00F020BB6FF08600DF
:1076300010BC7047004E80004B4E800010B40024F8
:1076400043680C60074C1A0AB4EB132F02D0064BA8
:107650009A4202D110BC00F009BB6FF0860010BC4A
:10766000704700BF004E80004B4E80002DE9F04176
:10767000456804462D0A0E461746984606D00E4C1D
:10768000A54214D06FF08600BDE8F08105886D0436
:1076900007D443463A4631462046BDE8F04107F05C
:1076A00032BF00F061FD10F1860FEDD1F1E7BDE8CA
:1076B000F04100F059BD00BF4B4E80002DE9F04F66
:1076C000DFF880B0D0F804E085B0BBEB1E2F044695
:1076D000DDE90E890D4616461F46DDF840A04FEA4B
:1076E0001E2C1CD0DFF860E0F44518D0BCF1000F70
:1076F00022D1CDE9019ACDF8008000F0A7FC10F16D
:10770000860F1BD13B46324629462046CDE90F9ACB
:10771000CDF8388005B0BDE8F04F07F057BD3B46C7
:10772000324629462046CDE90F9ACDF8388005B07B
:10773000BDE8F04F00F08ABC6FF0860005B0BDE8F0
:10774000F08F00BF004E80004B4E800030B4446884
:10775000240A06D0064DAC4206D030BC6FF086003D
:10776000704730BC07F07CBD30BC07F0FBBF00BFEA
:107770004B4E80002DE9F7430D46DDE90A89164698
:10778000134942681F46B1EB122F04464FEA1223F9
:107790000ED0104A934200D0ABB93B463246294640
:1077A0002046CDE9008900F007FC10F1860F0CD1CE
:1077B0003B46324629462046CDE90A8903B0BDE85A
:1077C000F04300F0F9BB6FF0860003B0BDE8F08332
:1077D000004E80004B4E8000F0B4DFF82CC054689F
:1077E000DDE90456BCEB142F4FEA142702D0074CF6
:1077F000A74204D1CDE90456F0BC00F027BD6FF0DC
:107800008B00F0BC704700BF004E80004B4E8000E4
:107810002DE9F043DFF84490DDB2446845F000758F
:107820004D45DDF82C804FEA1424DDE90767DDE9DA
:1078300009CE0CD014B10A4DAC420CD1CDE90AE806
:10784000CDE9087C0796BDE8F04301F05BB96FF025
:107850008500BDE8F0836FF08600FAE705000002BE
:107860004B4E8000F7B5089E0E4FF5B2044645F02A
:1078700000754868BD424FEA10200DD010B10A4D86
:10788000A8420CD1009604F1080008F058F808B995
:107890000523236003B0F0BD6FF08500FAE76FF0B9
:1078A0008600F7E7050000024B4E8000F7B5089E02
:1078B0000E4FF5B2044645F000754868BD424FEAE8
:1078C00010200DD010B10A4DA8420CD1009604F141
:1078D000080008F036F808B90523236003B0F0BDAE
:1078E0006FF08500FAE76FF08600F7E70500000209
:1078F0004B4E80002DE9F04144681D46DDE9087CCF
:10790000DDE90636240ADDF828E003D0DFF8208020
:10791000444508D1CDE909E5CDE9077C0696BDE8E7
:10792000F04100F0F1BF6FF08600BDE8F08100BFCC
:107930004B4E80004268044BB3EB122F01D107F08D
:1079400048BF6FF0850070474B4E800010B50D4C5E
:10795000206802F037F80C4A1368591C11605BB9B3
:107960000A4A5920D2F8003443F00703C2F8003421
:10797000EBF748F901F028FB2068BDE8104002F061
:107980003BB800BF34170020E0560020009005509F
:1079900038B5164D286802F015F8154B1C68013CE7
:1079A0001C60ECB95920EBF73BF90722114BC3F8E7
:1079B0000823D3F8002422F00702C3F80024C3F8F8
:1079C0000041D3F80021C3F80441D3F804214FF05B
:1079D0000072C3F80841D3F80831074BC3F8882177
:1079E0002868BDE8384002F007B800BF341700200F
:1079F000E05600200090055000E100E070B5104D09
:107A0000104E2B68B34219D0FFF7A0FF01F05EFCC7
:107A100001F0F0FC38B107F0DFFD0446FFF7B8FFD6
:107A20003CB92E6005E000F00DFE044618B1FFF7EA
:107A3000AFFF204670BD07F06BFFEEE70024F8E7CC
:107A40003017002011736500F8B505460E4618463C
:107A50001C2117461C4608F079FE6B6821491A0A5A
:107A6000B1EB132F1BD1204A337822611F4A13F048
:107A70000303E26066610CD0023303F00303012BC1
:107A800026D86B880733DB086360194B236000201E
:107A9000F8BD6B880733DB086360164BF6E7164BBF
:107AA0009A4212D16A69154B1344022B13D9002351
:107AB000224642F8183FC4E9033362616A69104BF9
:107AC0009A4201D12023E7E747B1C4E90067DEE726
:107AD0006FF08400DCE76FF08500D9E76FF0960067
:107AE000D6E700BF4B4E8000BD820200D9F80200ED
:107AF0000000002000FF0720004E8000FF3F0080B4
:107B000004C0FF7F0022074BC3F81021C3F80C21EB
:107B1000C3F80021C3F80421C3F80821C3F81821D1
:107B2000704700BF0090045008B5FFF7EBFF01233A
:107B30000360104B0A6832B9D3F80C211AB9D3F894
:107B40000821002AF6D00B687BB90B4B99420ED066
:107B5000A3F58473D3F80831002B14BF6FF0020033
:107B60004FF0FF30FFF7CEFF08BD0020FAE74FF0DF
:107B7000FF30F7E7009004500891045070B50646B6
:107B80000D4619B34B6913F00F040CD0114955235E
:107B9000114A124802F00EFD114802F00BFD55216A
:107BA0000D4802F0FEFC2146012007F001F80D48C7
:107BB0000D49C0F80065C0F80455FFF7B5FF214630
:107BC0000546204606F0F4FF284670BD6FF001051B
:107BD000FAE700BF6888030015880300B02B030094
:107BE000918803000090045000910450034B044915
:107BF000C3F800050348FFF797BF00BF009004508B
:107C0000049104500490045010B504460021012052
:107C100006F0CEFF064B0749C3F800450648FFF7BC
:107C200083FF00210446084606F0C2FF204610BD2F
:107C300000900450089104500890045038B50C4648
:107C400059B1074D0749C5F800050748FFF76CFF14
:107C500010B9D5F80835236038BD6FF00100FBE797
:107C600000900450109104500C90045070B51C4EBC
:107C700044680288B6EB142F43884FEA142514D1C8
:107C80004069184B98420CD003F5FF437D33034401
:107C9000012B22D8B2F5105F1FD1022300200B6008
:107CA00070BD47F212139A42F6E70F48854214D18D
:107CB00002F44F40B0F5824F09D144F2121007335D
:107CC00082424FEAD303E9D15B000133E6E7B2F524
:107CD000885FE2D10733DB08E0E76FF08600DFE77B
:107CE000004E800001C0FF7F4B4E800000212DE937
:107CF000F043064695B0084601F058FA0DF1270505
:107D0000044625F01F0520B115B0BDE8F04307F08B
:107D100063BC4FF01009DFF88080012210211F485A
:107D200007F0C6FC1D4A2B19009320211023CDF823
:107D30000490A2F1200000F0DFFF074650B10020C0
:107D400001F022FA384607F047FC0746384615B0DE
:107D5000BDE8F083D8E90C321034013342F100025F
:107D6000302CC8E90C32D8D101F00EFA26B12246E7
:107D70003146284607F08FFC2E46074C0FCE0FC425
:107D800096E80F00203584E80F0095E80F001034C6
:107D900084E80F00DAE700BFA04C0020C04C0020B0
:107DA000F0B5194D194FAB6B8DB0BB4229D0184EB1
:107DB000306801F007FE402300221946284608F0EB
:107DC000BAFC3021684607F0A3FC044678B968463F
:107DD000FFF78CFF044690B93023024619466846E7
:107DE00008F0A9FC01220023C5E90C23AF63306829
:107DF00001F002FE204607F0EFFB0DB0F0BD0E24AF
:107E0000F5E70020F9E700BFA04C0020B4A5B4A519
:107E1000381700202DE9F04F99B00DF1570902F104
:107E20000F0A04468846154629F01F094FEA1A1A18
:107E300032B1002900F08780B2F5005F00F2838044
:107E4000424F434E386801F0BDFDD6E90C32134372
:107E500008D12046FFF7A4FF044618B1386801F0A6
:107E6000CBFD5CE0D6E90C231AEB020A43F10003D8
:107E7000BAF5803F73F1000314D3302102A807F054
:107E800047FCF8B902A8FFF731FF04460028E5D106
:107E900030230246194602A808F04DFC00220023B8
:107EA000C6E90C230021084601F080F9044660B9B8
:107EB00010249DB9284601F067F92846FFF716FF00
:107EC0000446CBE76FF09204C8E7386801F094FDF0
:107ED000204619B0BDE8F04F07F07EBB102D4FF0E3
:107EE00001024FF010011B48AB4628BF4FF0100BAA
:107EF00007F0DEFB174A10232021CDE90094A2F100
:107F0000200000F0F9FE824668B1002001F03CF943
:107F1000386801F071FD504607F05EFB04462046CC
:107F200019B0BDE8F08F5A464046494608F045FC76
:107F3000D6E90C32013342F10002C6E90C32A5EB5E
:107F40000B05D844B5E76FF08604E8E73817002042
:107F5000A04C0020C04C0020602A2DE9F0410546CD
:107F60000F4616461FD8DFF84880D8F8000001F009
:107F700029FD284607F0B0FC044620B932463846B1
:107F80000C4908F01AFC284600F098F90546D8F884
:107F9000000001F031FD002D14BF28462046BDE849
:107FA000F04107F019BB6FF08900BDE8F08100BF18
:107FB0003C170020000000202DE9F0410E46DDE9CD
:107FC00006EC17461C464BB91C4920231C4A1D4889
:107FD00002F0F0FA20211A4802F0E3FABCF1000F97
:107FE00007D119492123164A164802F0E3FA212144
:107FF000F1E74FF000080588CCF80080BEF1000FD3
:1080000015D025F0FF05B5F5E24F03D1BDE8F041ED
:1080100001F092BBB5F5824F0DD173462246394629
:108020003046CDF818C0BDE8F04108F083B96FF0D4
:108030008600BDE8F0816FF08500FAE7665703001F
:10804000A3880300B02B0300048903002DE9F04F3F
:108050008DB00446DDE91678894692461D46189E85
:108060004BB93B4978233B4A3B4802F0A3FA7821BD
:10807000384802F096FAB8F1000F07D13749792352
:10808000344A354802F096FA7921F1E73EB934498D
:108090007A23304A304802F08DFA7A21E8E74FF02F
:1080A000000CB0F800E0C6F800C0C8F800C0002F0F
:1080B00047D0D0F804C0DFF8ACB04FEA1C2CCDF8A4
:1080C0000CC0D0F804C0BBEB1C2F26D104A9D0F8FB
:1080D00014B0FFF7CBFD0146C0B9049B9F4219D3F2
:1080E0005FFA8BFB594653464A46204600F044F956
:1080F000014658B92B465846CDE9007805AA00F04C
:1081000001FB014610B9BDF81630336008460DB0CA
:10811000BDE8F08F6FF08901F8E7039CA4B92EF059
:10812000FF04B4F5E24F04D10DB0BDE8F04F08F004
:108130008FB8B4F5824F07D10DB0BDE8F04F08F00D
:10814000AEB86FF08601E1E76FF08501DEE700BFB2
:1081500010890300A3880300B02B03001B890300D0
:108160002D8903004B4E80002DE9F043054616464D
:1081700098460F4693B049B92F49EA232F4A304811
:1081800002F018FAEA212D4802F00BFA3BB92D490A
:10819000EB232A4A2A4802F00DFAEB21F3E7D0F844
:1081A00004C0DFF8A4900488B9EB1C2F4FEA1C2E02
:1081B0002DD142880732B2F5C47F4FEAD20937D2B7
:1081C00024F0FF02B2F5E24F11D14A4606A907F0AA
:1081D000D3FF48B905ABCDE901834A463B46284663
:1081E000009606A9FFF732FF13B0BDE8F083B4F59F
:1081F000105F06D0B4F5885F03D042F204039C42BE
:1082000016D14A4606A90020FFF704FEE1E7BEF1B9
:10821000000F0DD14AB124F0FF04B4F5E24F07D1AD
:1082200013B0BDE8F04307F0A7BF6FF08600DBE7AF
:108230006FF08500D8E700BF10890300A388030012
:10824000B02B03001B8903004B4E800030B4074C59
:10825000041961F10005032C75F1000502D330BC4F
:1082600000F050BA6FF0850030BC7047FF3F0080CF
:108270006029F8B505460E4618D80E4F386801F04B
:10828000A1FB284607F028FB07F0A6F9044640B9F1
:1082900009493246284608F090FA6021064808F05D
:1082A00055FA386801F0A8FB2046F8BD6FF0890444
:1082B000FAE700BF3C1700200000002008B5037853
:1082C0009B0705D00548602108F040FA002008BD52
:1082D00007F01EFB0028F5D00220F8E70000002080
:1082E000F7B5244943680446B1EB132FDAB23DD108
:1082F000032A03D16FF0840003B0F0BD466901A9E1
:10830000F5B2284607F092FA0028F5D121466A46D0
:10831000019807F060FA044610BB009FA74218D8E6
:108320009DF8043007F0070223F01F0343EA82039D
:1083300001A88DF804308DF80560FFF7BFFF3946BE
:10834000284607F08EFA70B903B0BDE8F04007F098
:10835000A0BA6019FFF74AFC0028CBD10134DCE752
:108360006FF09800C8E76FF09200C5E76FF08B00E0
:10837000C2E700BF4B4E80002DE9F04F89B00546A3
:108380000E4617461C4607F084FA002840F030815C
:108390006B690090C3F3013262F305108DF80000A1
:1083A00010F0300008D1A968890710D06FF0860856
:1083B000404609B0BDE8F08F102808D1BDF8023062
:1083C00023F4F87343F4A873ADF8023089E0E96848
:1083D00001F0FE4CBCF1A06F0BD0DFF84CC2614540
:1083E0000AD0DFF848C2614515D0DFF844C26145C4
:1083F0000ED0DBB2F82B07E01421009B61F393331E
:1084000000932B88B3F5105F1BD06FF08508CFE782
:108410002421009BF2E7AB685B04F6D52B8803F4BC
:108420004F41B1F5824F02D0B1F5884FEDD1DBB2AB
:10843000122B01D0412BE8D13821009B61F39333FB
:10844000009300234FF0010B984619469C46D5F83F
:1084500008E0DFF8E09159F804AB1EEA0A0F08D0F3
:108460000BFA0CF343EA080303F07F08012341EA07
:108470000A010CF1010CBCF1070FECD12BB19DF8F6
:10848000033068F347038DF803303EEA0101BCD1A5
:108490006B88FF2B39D005D8802B38D0C02BB4D1B6
:1084A000022306E0B3F5807F33D0B3F5C07FACD1B3
:1084B00006239DF8021063F306118DF8021018B917
:1084C0001EF0030F7FF472AF2B79022B2ED022D82F
:1084D000012B7FF46BAFBDF8021063F3C811ADF848
:1084E0000210012A3AD0032A25D0002A7FF45EAF79
:1084F0002B88B3F5105F88D1182C04D0202C02D023
:10850000102C7FF453AF4C4D2CE00323D1E7012313
:10851000CFE70423CDE7032B02D0FF2B7FF446AF38
:108520000221BDF8023061F3C8134DE7BDF80230F7
:1085300043F4C07348E7202C05D006D8102C02D095
:10854000182C7FF433AF3D4D0CE024F02003412B79
:1085500001D0302CF5E70137013CF4E7302C7FF4F3
:1085600025AF374D4FF000080F344FEA141906EBD2
:10857000080007F0C3F8002852D008F10108C145EF
:10858000F5D11F2C2ED11C22002101A808F03BF9A7
:108590004FF0000B4FF0FF3A05EB0B124FEA0B13B5
:1085A0000692BBF1000F26D1009A0792BDF8022077
:1085B0003B44C2F3C11205920DF1040C03F1100EFD
:1085C000624618685968083303C273459446F7D168
:1085D00001A906EB0B00FFF7D1FA804670B107F056
:1085E00058F905E04946304607F03BF90028CAD063
:1085F0006FF09208DCE6CDF81CA0D7E71C2101A89B
:108600000BF1010B08F0A2F8D945C5D11F2C3FF49E
:10861000CFAEBA20FFF7F8FA00283FF4C9AEE7E77B
:108620006FF08A08C4E600BF00444004000002095D
:108630000002C0030422030000FF07200000002006
:108640001094055010B590B01C22002101A808F02C
:10865000DAF8F82007F052F800B3202200200DEBE2
:108660000201FFF7D7FB0446F0B94FF48071104ABE
:10867000104B01A8CDE901230F4BCDE903130F4B9C
:10868000F821069320230DEB0302FFF775FE20214E
:1086900004460DEB010008F059F805E0F92007F059
:1086A0002DF80028D9D10446204610B010BD00BFD7
:1086B00000240001014B4E800010C004F800FF7F31
:1086C00073B5C5B20E46284601A9144607F0AEF8A8
:1086D00088B9BDF80630C3F3C113013BDBB2022BEE
:1086E0008FBF6FF08600054AD25C054B9EBF1343D7
:1086F0003360C4E9005002B070BD00BFAB8C030012
:10870000004B4E802DE9FF41884601A906461446DC
:108710001D460A9F07F08AF848B9B6F1F80348F1F8
:10872000FF38022B78F1000804D26FF0860004B005
:10873000BDE8F08107F0ADF8002861D1002CF4D03D
:108740009DF8041011F00F0240F0C380BDF8063010
:10875000C3F3C113013BDBB2022B00F2BD806348BF
:1087600001F03008C05C624BB8F1100F43EA00031F
:1087700063602AD15F4B2360204602A9FFF776FA97
:108780000028D4D1029BBB4200F2AC8044F212120A
:1087900021880198914204BF042205F8012B0B9A0D
:1087A000214613609DF804302A78C3F3011363F364
:1087B00001022A7003AA08BF07F1FF3707F00BF880
:1087C000002870D06FF09800B1E713469DF807C0FD
:1087D000DFF824E14FEA5C00A8B9D00454BF134687
:1087E00042F48063990448BF43F40063A360019B93
:1087F000C3F38533242B35D0382B0ED0142B35D032
:108800006FF0920093E7C10704D5062B67D85EF896
:1088100023100A4340080133DEE747F2121347F200
:10882000411C9DF8060000F07000302808BF634628
:108830003248E0609DF806002380C0F30210013842
:108840000528BFD80FF2040C5CF820F0A3880200C2
:10885000758802009388020097880200C58702008D
:108860009D8802004FF410532548E2E74FF410535F
:108870002448DEE7C0206080B8F1000F7FF47CAFB1
:10888000B3F5105F02D193073FF476AF6FF0960017
:108890004DE7FF20EFE74FF48070ECE74FF4C07036
:1088A000E9E78020E7E72B78039A6E7062F3840390
:1088B0002B70238803F44F42B2F5824F04D139461E
:1088C0002846FFF7D5FC32E7B3F5885F7FF42FAF7A
:1088D000F5E76FF088002AE76FF0910027E76FF067
:1088E000830024E76FF0890021E700BFAB8C030011
:1088F000004B4E8001108001042203000000020999
:108900000002C003004440042DE9F04706881746E2
:1089100006F44F4286B0B2F5824F9946DDE911A3C5
:10892000884602D0B2F5884F1DD1F6B20024224D00
:1089300041881D4023F0004323F47F03B3F1106FFF
:10894000CAF800401D4B45F010650ED19D420ED176
:10895000038823F0FF03B3F5E24F0ED06FF08600DB
:1089600006B0BDE8F0870026E0E79D4202D0144B38
:108970009D42F3D16FF08500F2E7304605AA00F082
:10898000CBFDB8B9059B5B68BB42E7D1304600F030
:1089900003FE0028EED0109B3A4602930F9B4146FF
:1089A00001930E9B05980093CDF80CA04B4600F068
:1089B0001FFFD5E72046D3E70000FFF600000209BD
:1089C000000001092DE9F041069C04F0FE45B5F1D7
:1089D000407F09D0204921481823214A01F0EAFDAF
:1089E00018211F4801F0DDFD05686DBB14F47C16ED
:1089F00004600BD0C4F305461A4D24F47E14AC4237
:108A0000466025D1BDE8F04100F0CCB8164D2540B8
:108A1000B5F1607F0AD1E5B245F0007505F17E45FC
:108A2000033D122DE8D8114E765DE5E7B5F1707F74
:108A3000E2D10D8805F4E047B7F5005F02BF0126DB
:108A4000C5F30225AE40D7E76FF08800BDE8F0819E
:108A50006FF08500FAE700BF8B890300B02B03009D
:108A6000368903000002C0030000C07FAE8C030003
:108A700010B4046844B15AB1084B24F47E149C42EB
:108A800008D110BC06F0A6BF6FF0880010BC70477C
:108A90001046FBE76FF08500F8E700BF0002C00357
:108AA000F8B51E46036805460F4603B311B3416887
:108AB000914222D8124A23F47E13934211D106F038
:108AC000C6FF044678B905F10C0138466A6807F01C
:108AD00074FE6B684FF41F712846336007F036FE52
:108AE00003E06FF09604002333602046F8BD6FF07A
:108AF0008804FAE76FF08604F7E76FF08904F4E77B
:108B00000002C0032DE9F04F06461D460F46904671
:108B1000ADF5237D03AC4FF41F72DDE9AFA9002151
:108B20002046DDF8B4B207F06EFE314643463A46C1
:108B300020460095FFF746FF064660BB184B25F41C
:108B40007E159D4212D16368534526D85A46204669
:108B5000AE9BAC9906F0CDFF0546B8B96368C9F87D
:108B6000003030460DF5237DBDE8F08F5A46204693
:108B7000AC99FFF77DFF054640B94B46524620466B
:108B8000AE99FFF78DFF05460028EAD0204606F093
:108B9000DAFE2E46E5E70546F8E76FF08905F5E7CA
:108BA0000002C003F8B50E461D4633880446B3F5EF
:108BB000105F114625D1A5F11002102A03D8144BDD
:108BC000D340DB070AD4736812481A0AB0EB132F9C
:108BD00002D0114B9A4214D1202D15D804F5B2774A
:108BE0002A46384607F0E9FD2A463946304604F55C
:108BF000A473FEF729FF18B9102384F84C00A36072
:108C0000F8BD6FF08500FBE76FF08600F8E700BF66
:108C1000010101004B4E8000004E80002DE9F04123
:108C20000446174698460D4619B10A688B681AB96A
:108C300053B96FF021064BE033B94B6823F00802BB
:108C4000102A01D0202B46D100232046C4E90085FC
:108C5000A36006F086FF0646002839D12146012090
:108C600051F8703BAA68D3F800C098F80730083371
:108C70009840069B18439301DBB29206184302F01A
:108C8000E042DCF80030024304F10C0000F0D4F8BC
:108C9000AB687BB923692A681A606B68226943F064
:108CA000005393602268236912685268DA6023696E
:108CB0001033236167B12369084A1F6023699A60F2
:108CC000226823691268D268DA602369103323614D
:108CD0003046BDE8F0816FF04106F9E71000002052
:108CE00007B50022034B0092FFF798FF03B05DF831
:108CF00004FB00BF2022030037B54FF480740194B9
:108D0000214C41F00051A16140F6110143F00053A4
:108D1000A3622123E16104F120016161012122624A
:108D2000E362069A194B01AD1A60079A256042F07A
:108D300000521125C3E901122022DFF854C020613E
:108D4000C4E902C504F1100565606162DA60BFF331
:108D50005F8F104A1460BFF35F8FBFF35F8F1361A3
:108D6000BFF35F8FBFF35F8F03235363BFF35F8F47
:108D7000BFF35F8F9363BFF35F8F00F0E7F8431C8F
:108D8000FBD003B030BD00BFF4560020E4560020F5
:108D9000040000200000015038B504460D4619B10A
:108DA0000A688B681AB953B96FF0210029E033B90A
:108DB0004B6823F00802102A01D0202B36D1256100
:108DC000EB68D3B91B4B04F1780123600123636086
:108DD000AB6804F114009A069B01DBB202F0E0429A
:108DE0001A4342F48032112300F026F8AB684BB1ED
:108DF00000201023C4E9020303E0686998470028B3
:108E0000E0D038BD2A68A3691A606B68A26943F094
:108E1000005393602268A36992699268DA60A3693B
:108E20001033A361636801336360E1E76FF04100D1
:108E3000E7E700BF40220300026100F114028260F4
:108E400000F110024160C2600A604268034991600B
:108E50004268D360436810334360704704000020C9
:108E60004368A3F11001914240D8012243F80C2C31
:108E700053F8042C42F0200243F8042C53F8082C39
:108E800042F0005243F8082C836800F11402A3F169
:108E9000100191422ED8012243F80C2C53F8042CD7
:108EA00042F0200243F8042C53F8082C42F0005200
:108EB00043F8082CC36803F15402BFF35F8F0F4BD4
:108EC0001A60BFF35F8FC2680432BFF35F8F1A610D
:108ED000BFF35F8FBFF35F8F03225A63BFF35F8FD0
:108EE000BFF35F8F9A63BFF35F8F7047103242F812
:108EF0000C2CB8E7103242F80C2CCAE700000150E5
:108F000038B5BFF35F8F104CE569BFF35F8FBFF3D8
:108F10005F8F10236363BFF35F8F012007F0E2FBD5
:108F2000BFF35F8F00236363BFF35F8FBFF35F8F78
:108F3000E36BBFF35F8F5B06F8D425B1BFF35F8FA0
:108F4000E561BFF35F8F38BD0000015008B500F048
:108F5000D1F9104A20B9BFF35F8F906ABFF35F8FDA
:108F6000BFF35F8FD36BBFF35F8F10F0240F03F05D
:108F7000230304D0FFF7C4FF6FF01F0008BD4FF0BC
:108F8000FF30002BFAD1BFF35F8F1063BFF35F8F09
:108F90001846F3E700000150BFF35F8F094A1368DA
:108FA000BFF35F8F43F48071BFF35F8F1160BFF336
:108FB0005F8F23F48073BFF35F8F1360BFF35F8F06
:108FC000704700BF00100150BFF35F8F1522064BA2
:108FD0005A62BFF35F8FBFF35F8F40F237129A621E
:108FE000BFF35F8F704700BF0010015008B5FFF757
:108FF000D3FFBFF35F8F064A1368BFF35F8F43F061
:109000000103BFF35F8F1360BFF35F8F08BD00BF25
:109010000010015070B50026C0E9006605460C46F8
:10902000FEF794FC01232B70FFF7B6FFBFF35F8FB1
:10903000204BDB68BFF35F8F9B08013BACB322681A
:1090400042B19A4205D9FEF7A3FC6FF03F002E70A3
:1090500070BD1346D4E90115E068002908BF4FF43C
:109060000071002808BFF1202469BFF35F8F114A07
:109070009360BFF35F8FBFF35F8F1564BFF35F8FA4
:10908000BFF35F8F5064BFF35F8FBFF35F8F516398
:10909000BFF35F8F44F4802444F00104BFF35F8F7B
:1090A0001460BFF35F8F0020D2E74FF40071F1200E
:1090B0002546DAE70010015070B503780D461446D6
:1090C000002B52D0BFF35F8F2C4A136BBFF35F8F1F
:1090D00003F00E010A294BD013F00C0F02D14FF010
:1090E000FF3070BD4368D3B9BFF35F8F5368BFF3E0
:1090F0005F8F032BF3D9224B2249BFF35F8FD2F846
:109100008060BFF35F8FBFF35F8F43F8046BBFF3E3
:109110005F8F8B42F1D1FFF769FF01234360BFF3FB
:109120005F8F164B9A68BFF35F8F0132B4EB021F5B
:1091300021D8BFF35F8F5A68BFF35F8FB4EB820F04
:10914000CDD884B1BFF35F8FD3F88020BFF35F8F9A
:10915000291D05F8012BA9424FEA122204F1FF3420
:10916000EFD0002CF5D10020BBE76FF02000B8E76E
:109170006FF05100B5E76FF03F00B2E7001001500B
:10918000101001502010015010B5044608B10378AA
:1091900043B1FEF7FDFB044B186800F02DFC0CB149
:1091A0000023237010BD00BF3C17002073B50D468F
:1091B0000646FEF7CBFB15F0010509D001A800F02B
:1091C00087F9044620B1FEF7E3FB204602B070BDEC
:1091D000184B186800F0F6FB0EB101233370BFF393
:1091E0005F8F0022144BDA61BFF35F8FBFF35F8F95
:1091F0004FF0FF321A63BFF35F8FBFF35F8F3422EC
:10920000DA61BFF35F8F012203F59223C3F80423D1
:1092100075B1019807F0E3F8042104460DEB010055
:1092200007F094FA002CD0D03046FFF7ADFFCCE722
:109230002C46CAE73C1700200000015038B51B4CF3
:10924000D4F80051BDB1BFF35F8F194B996ABFF3DA
:109250005F8FBFF35F8F4FF0FF321A63BFF35F8FF3
:109260000023C4F80031D4F80031124B1868BDE86F
:10927000384007F035BAD4F8083153B100F08AF815
:1092800006F0F9FDC4F80851D4F8083101210A4B61
:10929000ECE70A4950230A4A0A4801F08BF90A48C8
:1092A00001F088F95021064801F07BF90090055043
:1092B0000000015044170020401700205C7C030090
:1092C000D8890300B02B03003E8A030008B5074B82
:1092D000186807F0F4F9064B186807F0F0F9BDE8D4
:1092E0000840002259201146E9F7AEBC441700207F
:1092F0004017002038B5094B1C7864B1084B4FF07B
:10930000FF311D68284607F0DCF94FF0FF310446B5
:10931000284607F0E3F9204638BD00BFC95C0020AD
:109320004417002010B5064CE36C3BB9214651F8B8
:109330004C3B986906F0ECFE0123E364014810BD44
:10934000245700207057002010B504460E4B1868B3
:1093500000F038FB0D4B1A68236122605A68626086
:109360009A68A2600A4A12689A660023A364FEF70C
:10937000EDFA204606F070FD0028FAD1204606F0EE
:1093800070FD0028F5D110BD48170020245700209B
:109390007C220300004870472457002010B5044683
:1093A000054A036912689A6606F0A5FE2046BDE8E4
:1093B000104006F068BD00BF9422030010B50446BB
:1093C000FFF7ECFF0422084BC3F80823FEF7E0FA8E
:1093D000064A236912689A6600236364044BBDE859
:1093E0001040186800F008BB009005507C22030074
:1093F0004817002010B50E4B0E4C236003F5C043F8
:1094000063602461FFF78EFF236D2046B3F5007F74
:10941000CCBF4FF480634FF40073A360FFF794FF59
:109420002046FFF7BBFF2046FFF7C8FF002010BD16
:109430000020015024570020244B0340B3F5806FD7
:1094400030D016DC402B2FD008DC102B2ED0202B58
:109450002ED0181E18BF012040007047B3F5807F42
:1094600028D0B3F5007F27D0802B14BF02200B201B
:109470007047B3F5804F21D00BDCB3F5805F1FD070
:10948000B3F5005F1ED0B3F5006F14BF02200620B5
:109490007047B3F5004F17D0B3F5803F14BF0220DB
:1094A00003207047112070470A2070470C20704736
:1094B0000920704708207047072070471420704724
:1094C00005207047042070470F207047F0FF01000F
:1094D00070B50E4D0E4E0446286800F073FA3068E1
:1094E00028B980220B49FEF795FC60B92020094A73
:1094F000013852F82020306022600024286800F0F3
:109500007BFA204670BD0224F8E700BF4C1700200C
:10951000905700209457002012281BD0A0F112036E
:10952000302B2DD826280DD81738C3B20B2B27D8AF
:109530001648184100F00100C0F1FF2000F57F003F
:109540007A3070472738C3B21148D84000F0010084
:1095500087387047B1F5807F0ED006D8E02914BF58
:109560006FF086006FF085007047B1F5C07F0AD0BC
:1095700040F209239942F2E7064B0020136070473E
:109580006FF0860070476FF085007047EEF7FFFFC1
:109590001102000C6C220300A0F11203DBB21E2B9F
:1095A0009DBF0348D84000F001000020704700BF75
:1095B0002102214270B50446A4B0466811A80D46A8
:1095C000FFF7C2FE174B11A8196806F074FC21467C
:1095D0006B46002211A806F02BFD044680B911A8A5
:1095E00006F0CAFCDDE900120346284606F057FFE4
:1095F00011A806F080FD11A806F045FC044648B10C
:1096000011A8FFF7DBFE204605F0E6FF04462046E2
:1096100024B070BD11A8FFF7D1FE3146684607F0AF
:1096200095F8F4E72824030070B5D51D1C78ED08E3
:109630000646042C084611464FEA450286B002F160
:1096400001021DD10A9C94421AD1104C104A344098
:1096500044F0106494424FF0000414D15A1CCDE938
:1096600002526A1C134401AACDE904530194FFF786
:1096700053FF18B9019802A9FFF79CFF06B070BD0F
:109680006FF08600FAE72046F8E700BF0000FFF61B
:10969000000002092DE9F041038803F44F44B4F5BA
:1096A000824F02D0B4F5884F22D1DEB2C56803F4F0
:1096B000E0401F4B00241F4693F800C0B4451BD167
:1096C000D2F80080B0F5804F0CBFD3F80CC0D3F8AF
:1096D00008C0D3F804E0B8F1000F0BD18C4509D1D4
:1096E000C2F800E08C450DD06FF08600BDE8F08137
:1096F0000026DBE7F045F5D00134132C03F1140309
:10970000DAD1F1E7142303FB04773B7C13B96FF044
:109710008500EBE7422E09D1064B9D4206D003F2AD
:109720000B139D4202D00A339D42DDD10020DDE7BC
:10973000AC220300000800062DE9F34105881F460E
:1097400005F44F43B3F5824F0E468046418802D060
:10975000B3F5884F1BD1EDB2422D3DD8402D13D823
:10976000A5F11203DBB21E2B36D81E4A42FA03F3D0
:10977000DA0731D4CC1DE40864000134089BA3420D
:1097800007D26FF0890024E0CC1DE408F6E700243E
:109790002546284601AAFFF7BFFED0B9D8F8042015
:1097A000114BB3EB122F19D0123DEDB21E2D15D86F
:1097B0000E4BEB40DB0711D539460423019A01F823
:1097C000013B304600F0A6F805F006FF08B9099BFA
:1097D0001C6002B0BDE8F0810024DAE76FF085007C
:1097E000F7E700BFDEFFFFBF004E80002100004012
:1097F0002DE9F0411546C4B003AC1E460DF1040836
:109800000FABC8E90021C4E90132226020AB10226D
:109810000746002107A8E36006F0F5FF4A9A6B00AF
:1098200001339A426DD13378042B6AD14C9B9D420F
:109830006AD8731CCDE907536B1C1E44384607A930
:10984000CDE90956FFF7B6FE0546002855D131A8E7
:10985000FFF77AFD2E4B31A8196806F02CFB0A267B
:10986000002239460BAB31A806F0E2FB0546002882
:1098700034D131A806F080FB054602460B994046DC
:1098800006F0E4FDDDE90C122B4607A806F007FE02
:1098900031A806F030FC31A806F0F5FA0546E8B923
:1098A000013EDDD131A806F0A4FB064631A806F042
:1098B00063FB23460246D6E9000106F0E0FD63683B
:1098C00022680C93A3684B990D93E3680BA80B9245
:1098D0000E9306F0BBFD4D9B0B9A1A60D4E9001065
:1098E00006F034FFD4E9021006F030FF284605F0F8
:1098F00073FE054631A8FFF761FD284644B0BDE878
:10990000F0816FF08605F8E76FF08905F5E700BF95
:10991000402403002DE9F04796B0814603A80E4687
:1099200015465768FFF710FD254B03A8D3F800A094
:109930004FF00008514606F0BEFA6B460022294659
:1099400003A806F075FB044618B103A8FFF736FD1F
:1099500021E03A464946009806F0FFFDDDE9012383
:10996000294603A806F033FB03A806F0C4FB03A8AE
:1099700006F089FA0628044611D108F10108B8F169
:109980000A0F04D0514603A806F095FAD5E703A8BC
:10999000FFF714FD6A24204616B0BDE8F0870028C2
:1099A000D3D103A806F025FB05463A4601683046A8
:1099B00006F001FE3A466968F01906F0FCFDC4E7BE
:1099C0004024030008B54FF0FF324FF0FF33F9F7A2
:1099D0000FF948B1054906481723064A00F0EAFD89
:1099E0001721044800F0DDFD08BD00BFC678030064
:1099F000B02B0300568A030008B5F9F7C1F948B146
:109A0000054906481F23064A00F0D4FD1F210448DB
:109A100000F0C7FD08BD00BFC6780300B02B0300EF
:109A2000568A03002DE9F74305460C46914600F19E
:109A30000C06EFF31188402383F31288BFF36F8F76
:109A40003046FBF7DFFF68B98423164A16491748EA
:109A500000F0B0FD3146164800F0ACFD84211148FD
:109A600000F09FFD3046FBF7F1FFAB6828465C40F5
:109A700004EA090203EA09075340002200930D4952
:109A80006B460192FBF77EFEDDE9003223EA02031A
:109A900030464146AB6005F0DEF9384603B0BDE81C
:109AA000F08300BF942E0300C12E0300B02B0300EF
:109AB000D62E0300650703002DE9F04F85B08846D8
:109AC000DDE90E1B05461746EFF305838BB151EA1E
:109AD0000B030ED0404940F22113404A404800F0A9
:109AE00069FD404800F066FD40F221113B4800F05E
:109AF00058FD0291B8F1000F56D007F0010303930F
:109B0000FBF796FC05F10C048146EFF3118A402324
:109B100083F31288BFF36F8F2046FBF773FF029920
:109B200060B98423304A31492D4800F043FD214675
:109B30002F4800F03FFD84212B48D8E720460291B2
:109B4000FBF784FF17F0020F1CBF0023AB60AB686C
:109B500007F00102029903EA0806BAB1B04517D12D
:109B60007A0744BFB343AB602046FBF759FFE8B91F
:109B70004FF499731C4A1F49194800F01BFD2146F8
:109B80001D4800F017FD4FF49971D5E7002EE7D17D
:109B900051EA0B0312D12046FBF742FF0028E7D021
:109BA0008AF31188BFF36F8F002603E08AF31188D0
:109BB000BFF36F8F304605B0BDE8F08FC9E9188755
:109BC0002A46CDE9001B20465146FAF795FF0028AA
:109BD000EAD1D9F86060EDE7DE8003009B8A0300DC
:109BE000B02B0300947E0300942E0300C12E0300CB
:109BF000D62E0300EC2E0300032F030008B5EFF36D
:109C000005834BB1074908483A23084A00F0D2FCC3
:109C10003A21064800F0C5FCC0E90233C0E9000063
:109C200008BD00BF70800300B02B03009B8A0300B7
:109C3000F8B50E4B06461D68AB789B0712D56F68CA
:109C400016F8014B29462CB90A20B847002805DB35
:109C5000204609E02046B8470028F1DAAB7843F007
:109C60000403AB704FF0FF30F8BD00BF881C030049
:109C70000CB430B58BB004460D462022002102A85A
:109C800006F0C1FD0223002D06948DF80A300C4B1E
:109C9000039312DB01D06B1E1C440FAA0E9902A87D
:109CA0000794019200F074F815B1069B00221A7017
:109CB0000BB0BDE8304002B070470024EDE700BFB4
:109CC0002F090300242AF0B5044601D8012A40D107
:109CD0002E4B1622E9F7C8F81A5001B10C6000208B
:109CE000F0BD2F463D4615F8010B2028F9D0A0F114
:109CF00009060346042EF4D92B282CD02D282CD16C
:109D000001262B78BD1C302B2DD1287840F0200067
:109D1000782824D132F0100021D16B782C46102203
:109D200002350020392B82BF03F1FF3343F02003BB
:109D3000263B303B9A421AD9A0FB02040CB9C0184A
:109D400001D346F002062F462C4617F8013B3D464C
:109D5000E8E70746C6E70026D3E70026D3E7002A50
:109D600008BF0822DDE7002A08BF0A22D9E701B1AF
:109D70000C60F20748BF4042B307B1D5034B222223
:109D8000E9F772F81A504FF0FF30A9E70C00000015
:109D90002DE9F04F43688BB080469246009383785C
:109DA0009C0740F1F98000250878002800F0F68033
:109DB00025280AD04B1C019301354146009B98474A
:109DC0000028C0F2E3800199EEE74E788B1C252E27
:109DD0000193F1D000270A22B9463C461F2C22D815
:109DE000A6F12003102B20D8DFE803F0141F1F1A60
:109DF0001F1F1F0B1F1F1F121F171F1F090044F0DB
:109E00000104019B13F8016B0193002EE6D13AE0A7
:109E100044F0020444F00404F3E744F00804F0E7DB
:109E200044F01004EDE77F2C24D8A6F13003092B71
:109E300008D860064EBF02FB073744F0200402FB3F
:109E40000939DEE72A2E0DD161065AF8043B53D4B6
:109E5000002BA7BF44F020049946C3F1000944F049
:109E60002804CEE72E2E05D1630600F1978044F03A
:109E70004004C6E76C2E2ED028D8682E32D06A2E29
:109E800037D04C2E35D0002F46F02003B8BF24F039
:109E90004004A3F16502BCBF0027A4B2022A01D985
:109EA000612B2BD10AF1070A07279D4E2AF0070ADA
:109EB0000AF1080A210760D506EB070B34465C451A
:109EC0005DD1AE1BA9EB0709A21959E1742E98D0F8
:109ED0007A2E96D0D7E7260648BF44F4007444F0A3
:109EE00080048EE7E00548BF44F4007444F48074B5
:109EF00087E744F4207484E71F4682E7A6F16302F3
:109F0000122A00F2D880DFE812F013004D00D600CC
:109F1000D600D600D6004D00D600D600D600D6001A
:109F2000D600E800D100D600D6001A00D600A00066
:109F30005AF8043B012704AE8DF81030BAE75AF8FE
:109F4000046B784B002E08BF1E4614F0400F3046BD
:109F500014BF39464FF0FF3106F087FC0746A9E7EA
:109F600041462020009B984700280FDB013CA74278
:109F7000F6D34D44A1462D1B9EE74C46F7E74146DC
:109F800014F8010B009B9847002898DA98F80230E3
:109F900043F0040388F802304FF0FF3528460BB039
:109FA000BDE8F08F220630D5A3052AD50AF1070AAD
:109FB0002AF007039A4659685AF8080B24F0100B48
:109FC00000291FFA8BFB2FDA40424BF4806B61EBC8
:109FD000410104AC0A23224606F053FC1BF0400F5B
:109FE000A0EB040200F08E802BF001049742A4B293
:109FF00040F38F80002E40F08E802BF01104A4B22D
:10A000001DE05AF8040BC117D8E7E0055AF8041B05
:10A0100001D40846F7E7A20547BF48B241F3C01193
:10A0200008B241F3C031C9E750EA0103D1D1630658
:10A03000CFD5002FCDD124F011043A46A4B23B462F
:10A0400040F206410C4262D124E024F010040A23BD
:10A05000A4B214F0800243D014F4007117BF0AF1C7
:10A06000070A5AF8040B2AF0070292461CBF5168EF
:10A070005AF8080B50EA01023ED124F0160B620692
:10A080001FFA8BFB3CD5002F3AD124F017043A4637
:10A090003B46A4B221075AD4E10705D5994572DDA4
:10A0A000A9EB03039F184B469B464AE044F010047B
:10A0B00010237826CDE7782B04D1C6F1780343F03E
:10A0C0001003C6E741462520009B98470028FFF66D
:10A0D0005DAF02354146304670E608230026B8E7FA
:10A0E00014F480715AF8040BC4D014F400711ABF30
:10A0F000C0B2114680B2BDE724F006041FFA84FB0B
:10A1000004AC68E713465C46E10699D52EB90133E5
:10A11000C0E71346F8E73B46F6E70233BAE700BF6D
:10A120000E8B0300078B0300CDE90232414620204D
:10A13000009B98470028FFF629AF0BF1010BDDE9E2
:10A140000232D945F0DCEB1A03EB0B055B46E10666
:10A1500027D541463020CDE90232009B98470028A0
:10A16000FFF614AFDDE902327EB901352F44791BC9
:10A170008A4229DB144604AE94BB2A44A9EB0309A6
:10A180001546914440E017468EE702354146304679
:10A19000CDE90232009B98470028DDE90232E5DA7A
:10A1A000F4E640F206410C42E0D014F0020F05F153
:10A1B0000105414614BF2B20202014F4806FCDE907
:10A1C000023218BF2D20E5E7CDE902324146009B5F
:10A1D0003020013598470028DDE90232C7DAD5E69C
:10A1E000013C4146CDE90232305D009B9847002892
:10A1F000DDE90232C0DAC9E641462020009B013584
:10A2000098470028FFF6C2AEA9EB0503002BF3DC4C
:10A21000D9E500BF38B5044C044DAC4200D138BD7F
:10A2200054F8043D9847F8E70000000000000000E3
:10A23000704701F012B801F007B80023E6F7DCBB65
:10A24000E3F76EBD10B483681422DC684CF250331F
:10A25000A44610BC604710B483685C684FF0FF33BD
:10A26000A44610BC6047704770477047836800EB96
:10A27000C101B3F5004F2CBF51F8220031F8120094
:10A28000704700EBC1018068B0F5004F2CBF41F86A
:10A29000223021F812307047012208B5FFF7E6FF9F
:10A2A000D04008BD836800EBC101B3F5004F08D36F
:10A2B0004B681AB143F001034B60704723F0010370
:10A2C000FAE74B881AB143F001034B80704723F043
:10A2D0000103FAE753000122FFF7D3BF10B50022B4
:10A2E0000C46FFF7C3FF201A10BD10B50C46FFF750
:10A2F000D3FF204410BD08B58368B3F5004F06D3E3
:10A30000FFF7CAFF01288CBF0020012008BD0020F4
:10A31000FCE78368B3F5004F34BF04230823C91A50
:10A32000081AC00870478368B3F5004F28BF013989
:10A33000B1FA81F0C0F11F0070472DE9F0410446E9
:10A3400016460F46FFF7A8FF314605462046FFF7A1
:10A35000A3FF05442A4639462046FFF7BBFF314696
:10A360002046FFF7C2FF2B46014600222046BDE8EB
:10A37000F041FFF786BF2DE9F04115460E46044631
:10A38000FFF78AFFA5EB0608771B074442463146D4
:10A390002046FFF79FFF3A4629462046FFF79AFFDF
:10A3A0004346002229462046FFF76BFF29462046F8
:10A3B000FFF79BFF3B46014600222046BDE8F041E7
:10A3C000FFF75FBF38B504460D46FFF794FF70B93D
:10A3D00029462046FFF760FF01462046FFF7A3FF0E
:10A3E000294602462046BDE83840E4F7F5B938BDB5
:10A3F0002DE9F04705468946FFF795FF05EB800AF2
:10A40000DAF81070064677B94FF0FF34EB68013682
:10A41000B4401C4019D094FAA4F6B6FA86F6331D5F
:10A4200055F8234008E03C464FF0030821462846F3
:10A43000FFF732FF81450BD821462846E4F71AFA88
:10A44000324621462846E4F7C7F92046BDE8F087A2
:10A45000214603222846FFF709FFB8F10108044608
:10A46000CAF81000D0D08742E0D1CDE770B50568BA
:10A4700009B9002070BDAB6801F00704B3F5004FC7
:10A4800034BF0422082207341444E40804EBD10446
:10A490009C4228BF1C4628462146FFF7A9FF0646D6
:10A4A0000028E6D001462846FFF7F6FEA04209D96B
:10A4B0003444314628462246FFF75DFF21462846B0
:10A4C000E4F72EF9284601223146FFF7EBFEAB6890
:10A4D000B3F5004F34BF0423082303EBC60318442D
:10A4E000C8E71146FFF7C2BF2DE9F04706460D4603
:10A4F000174698462BB34FF0000A98F8004093F89F
:10A500000190DB78A40004EB430498F802301C446B
:10A510004444CA4509D339463046AC46D8F80420ED
:10A5200008F10803BDE8F047604714F8013B0AF161
:10A53000010A204648F82340E2F7BAFE01300444FD
:10A54000E7E76FF01500BDE8F08730B5024600245C
:10A55000002012F8013B43B178B18C4207D1702B37
:10A5600004D0A3F140053A2D07D8002030BDA3F157
:10A5700040053A2D01D80134EAE7252B08BF80F0C9
:10A580000100E6E7002070470FB407B504A951F8B1
:10A59000040B0191E4F712FD03B05DF804EB04B085
:10A5A0007047002383F31188BFF36F8F042318468D
:10A5B00002DF70470FB407B504A951F8040B0191ED
:10A5C000E4F7FCFC03B05DF804EB04B0704710B591
:10A5D0000369024613F0080009D11368D4689C424D
:10A5E0009BBF0120526AE31AD31A0B6010BD0023EF
:10A5F0001846FAE713B501A90446FFF7E8FF20B1B2
:10A60000019BE268013B13440193606A019BC01AFD
:10A61000013802B010BD10B5044650182269636AB3
:10A62000D20702D5013B184010BD984228BFC01A7E
:10A63000FAE710B504460A46C168FFF7ECFF236944
:10A64000E06023F00803236110BD38B50D46026AAF
:10A650008B00016843F00203044642F82130016890
:10A660002A46FFF7D8FFE3686168984208BF23696C
:10A67000206008BF43F008032A46204608BF236134
:10A68000FFF7C9FF606038BD2DE9F74F0F46002185
:10A69000D0F80CB0066A009216F82B209A4602F009
:10A6A0000302022A14BF894656F82B2006EB8B03BF
:10A6B0000193009B08BFC2F39D0919600446CAF8C4
:10A6C0000010B9F1000F07D04946FFF7B2FFE36869
:10A6D000A3604FF0010804E001698A0705D44FF038
:10A6E0000008404603B0BDE8F08FC16906EB8B005F
:10A6F000884716F82B10054611F00108EFD08B079C
:10A700001DD51FB139462046FFF79FFF61682A46D5
:10A710002046FFF780FFD4E902138B42606007D127
:10A720002A462046FFF777FF4FF000080146A06059
:10A730002369216043F00803E1602361D1E701460A
:10A740002046FFF776FFE168A1601FB12068216A0B
:10A7500041F82090EA19CAF8002021682046FFF746
:10A760005AFF2269206042F00802226116F82B206D
:10A7700022F0010206F82B20DDE900321A60A8E77A
:10A7800070B504461546FFF746FF2368834205D19E
:10A790002369216023F00803236170BD226AAB00A6
:10A7A00043F0020342F8213061682A462046FFF751
:10A7B00032FF6060F1E738B5036904465B0706D5F0
:10A7C000856AFFF717FF85422CBFA562A06238BDDE
:10A7D000F0B564230446042500204FF00A0C11B1A3
:10A7E000013D01D12570F0BDB2FBF3F79A42FEB2F4
:10A7F00002D2012B00D030B130360139013004F8DB
:10A80000016BC9B2C0B203FB1722B3FBFCF3D2B297
:10A81000E5E7A0F13003DBB2092B02D80B70002072
:10A820007047A0F16103052B02D857380870F6E78E
:10A83000A0F14103052B01D83738F7E76FF0150079
:10A840007047F7B5054601F0010000EB51069E4246
:10A850004FEA510703D90026304603B0F0BD58B186
:10A8600028780DF10701FFF7D4FF0028F3D19DF8F8
:10A870000730013502F8013B01351744BA42EBD0ED
:10A8800015F8010C0DF10701FFF7C3FF0028E2D115
:10A890009DF807402401E4B2147015F8020BFFF78D
:10A8A000B8FF0028D7D19DF807301C4402F8014BAF
:10A8B000E4E7838B13F0070306D10368002B18BF6E
:10A8C000032008BF00207047022B05D1C08BB0FACF
:10A8D00080F0400980007047012B04D10368002BF1
:10A8E00018BF0520EDE70020704710B50C4600B1F9
:10A8F00011B96FF0150010BD081D00F02FF80028E9
:10A90000F9D1A368032BF6D9F3E72DE9F0410D4601
:10A9100007461946281D90461E46E5F7D7F8044617
:10A9200038B13346424629463846A446BDE8F04190
:10A930006047BDE8F08138B50C46054658B151B1C5
:10A940000B6843B14B6833B12022002105F05BFF57
:10A9500000202C6138BD6FF01500FBE7034658B1AD
:10A96000426802F00302012A03D0032A04D10268DC
:10A9700012B10020986070476FF015007047704763
:10A9800070B41E461546DDE9032381690468C06B77
:10A9900006FB0141294484682468A44670BC6047D2
:10A9A00007B51021019104990091FFF7E9FF03B069
:10A9B0005DF804FB00224B6801334B60C069924292
:10A9C00008BF834208BF4A607047F7B5426C85698B
:10A9D0005200AD1A63F10006099B2A4600933346E4
:10A9E0000446089FFFF7DCFF50B92046626C0897C9
:10A9F000521946F1000303B0BDE8F040FFF7D0BFA5
:10AA000003B0F0BD00F020BC10B5411C04460F227D
:10AA1000FF20F4F7F1F8207010BDF8F7E9B810B591
:10AA2000437804468B4209D1411C0F22FF20F4F7E2
:10AA3000E3F823781B1A5842584110BD0020FCE768
:10AA400010B541780446FFF7EAFF40B14FF6FF73B7
:10AA500062889A4206D16068431C5842584100F00F
:10AA6000010010BD0020FAE710B58269416C86B084
:10AA7000521A02AC63F100030094FFF791FF002823
:10AA800008DB2046FFF7DCFF30B100209DF80920ED
:10AA9000089B1A7006B010BD6FF00100FAE730B5E0
:10AAA0008269416C87B0521A02AD63F100030095D0
:10AAB0000A9CFFF775FF00280ADB2846FFF7C0FF56
:10AAC00050B1049B33B99DF809201AB122600020CF
:10AAD00007B030BD2360FAE76FF00100F8E770B50A
:10AAE000064608460D461446FFF7AAFF08B900209F
:10AAF00070BD20466178FFF792FF0028F7D0638889
:10AB0000002BF4D163680133F1D1A268B3699B1AB9
:10AB1000726CB3FBF2F102FB1133002BE7D16878C2
:10AB20006378C31A58425841E2E773B5DDE9065627
:10AB3000CDE900560446FFF748FF20B932462946C2
:10AB40002046FFF7CCFF02B070BD30B50C46D1E90E
:10AB500000130546426C8BB0521843F10003C4E960
:10AB60000023406CA969A1EB40018A4213D1ABB923
:10AB7000E9699A184B1E06A9C4E90023019102A9AC
:10AB800028460091FFF7D1FF002805DB08D1D5E961
:10AB90000223C4E9002300200BB030BD013BEAE7EB
:10ABA000089B2360F7E72DE9F04F99460646884653
:10ABB00014464FF0FF378DB0CDE90629DDE916A325
:10ABC00008AD02930DF1170B22464B463046009517
:10ABD000FFF7E6FE024600283FD1304606A9FFF700
:10ABE000B4FF00283DD1099A42451AD1FA17904284
:10ABF00008BFB94503900CD022464B463046CDF8ED
:10AC000000B0FFF731FF831C0246039923D18DF872
:10AC1000171028469DF81710FFF701FF024640B9AC
:10AC20004F46DDE90612029B9A4208BF51450FD1FB
:10AC30000022189F2E460CAB03CE9E4238607960EE
:10AC4000354607F10807F5D1199BC3E9004904E02F
:10AC50000C469146B8E70028DBD010460DB0BDE8A1
:10AC6000F08F0246F9E70368012B81BFC91801F193
:10AC7000FF315B42194008467047F8F781B82DE96B
:10AC8000F04389B00746DDE910851DB9002009B001
:10AC9000BDE8F0838169066803FB0166036C164416
:10ACA0001C6864422C400DD0C06B83684246D3F8C8
:10ACB000049031462346C8470028E8D12D1BE5D033
:10ACC0002644A0442A464146684605F076FD3C6C81
:10ACD0000DEB050022686179521B05F094FDF86BBD
:10ACE00023688268314654686A46A047CFE737B583
:10ACF0001025CDE90015D0E902230446FFF7BFFF78
:10AD0000024650B92946206CFFF7ADFFD4E9023165
:10AD10001B1A61F10001C4E90231104603B030BDD5
:10AD20002DE9F0414FF0FF3200268CB004960592D9
:10AD3000ADF8122044F2012207920DF10F020092A9
:10AD400032461D4604460696FFF78EFE831CB0462B
:10AD50003AD18DF80F60A269616C12EB08024FEADC
:10AD6000410145F10003521A08A963F1000320468E
:10AD70000091FFF715FE002828DB9DF80F209DF8B5
:10AD80002110531CDBB2994204BF0232D3B2129A93
:10AD900004A8013206928DF81130FFF735FED4E990
:10ADA0000267A369626C13EB080345F100059B1A67
:10ADB00065F100052046C4E9023504A9FFF797FFB5
:10ADC00020B9C4E9026701E00028C4D00CB0BDE896
:10ADD000F081F0B500240546264685B003AFEB6947
:10ADE000A34202D8002005B0F0BD00222346284629
:10ADF00000970396FFF753FE08B1831CF3D1039B22
:10AE00000022009328462346FFF78AFF0028EAD154
:10AE10000134E4E71FB504461022FF21684605F01F
:10AE2000F2FC0023ADF8023023696846029394F8DF
:10AE300024308DF80130FFF7E7FD69462046FFF723
:10AE400056FF04B010BD30B58BB004461022FF2170
:10AE500002A805F0D8FC0023A268ADF80A30636CA4
:10AE600006A89B18049394F8243010228DF809301A
:10AE7000236C597905F0C7FCD4E9021341BB626C1D
:10AE8000A1695000884288BF013BA1EB4202C4E99E
:10AE9000022302A8FFF7B8FD02A92046FFF727FF0B
:10AEA000204604F10801FFF785FD04F12403009317
:10AEB000D4E902232046FFF7D7FD831C4FF000059D
:10AEC00014D184F82450E3680020C4E904530BE053
:10AED000D4E90402814273EB0202D0D3204606A9D2
:10AEE000FFF705FF0028C7D00BB030BD0028EAD01F
:10AEF000FAE737B5CDE900121546D0E90423044638
:10AF0000FFF7BDFE00280CDB2946206CFFF7ABFEE7
:10AF1000D4E904321B184FF0000042F10002C4E9EA
:10AF2000043203B030BD2DE9F04F0026ABB000F184
:10AF300024050095D0E9022304460B96FFF794FD03
:10AF4000821C0CD100962046D4E90223FFF7E8FECC
:10AF500060BB00952046D4E90223FFF785FD28BB9E
:10AF6000002294F8243020460693E3680CA9CDE92A
:10AF70000C23FFF71FFD0C9BA56904930D9B204636
:10AF80000593049BED18059B43F10006636CED1AD5
:10AF900012AB66F1000601931EAB00932A463346BE
:10AFA000CDE90E56FFF7C1FD002802DA2BB0BDE84F
:10AFB000F08F2CD09DF879300DF1580984F82430A9
:10AFC000636C5B00EB1A089366F100030993149B12
:10AFD000CDE90E36DDE90EA7204652463B46CDF8B8
:10AFE0000090FFF7DDFC0028E0D120460EA9FFF716
:10AFF000ACFD0028DAD1484694F82410FFF70FFD85
:10B00000F8B9DDE908239F4208BF9245E2D1069BCB
:10B01000204684F82430FFF7FDFE0028C6D10BAB94
:10B0200000932046DDE90423FFF739FD08B1831CB6
:10B03000BCD10B9B20460093DDE90423FFF770FE93
:10B04000B4E7BDF85A30002BDBD0D4E9022310A9B5
:10B0500003911AA902912046CDE900231799CDE961
:10B0600010A7FFF7A0FD0028A0DBDDE91023BB42FD
:10B0700008BF5245C5D1BDF85A60082E28D9B84638
:10B080002269DDF860B01892226C1268524202F018
:10B0900020030793079D22ABB54228BF3546009396
:10B0A0005A46434620460195FFF76AFC00287FF484
:10B0B0007DAF2A46204622A9FFF71BFF00287FF418
:10B0C00075AF15EB0B0248F10008761B9346E1D1F2
:10B0D000069B48468DF85930FFF796FC49462046B6
:10B0E000FFF705FE00288CD060E70021E4F70CBFD5
:10B0F00000231A46E4F7A2BF37B5002500951C4689
:10B10000E5F748F8002802DBA04228BF204603B03C
:10B1100030BD002307B51A460093E5F73BF803B0AE
:10B120005DF804FB03785B075FBF03684288C3F3E5
:10B130004A2303EB12105DBF173020F00700800890
:10B14000002070470020704703F019BB0346D3E886
:10B15000EF0F421CC3E8E12F0029F8D1704701200E
:10B16000E5F7ACB9002070474368DA710122436803
:10B17000196043685A71E5F793B970B515460C46E6
:10B1800069B1D2E901369B1B99420AD813680A4675
:10B190000146981905F011FBAB682344AB602046CB
:10B1A00070BD6FF01B00FBE770B50E4615461946E3
:10B1B000044618B9BDE87040E5F780B933B1C2F371
:10B1C0004A231030120D184405F0F7FAC4E900566E
:10B1D0002046BDE87040E5F7EFBB2DE9F3415F1C69
:10B1E0004FEA8708064608F1170020F0070080089C
:10B1F0000C461546E5F710FA00238DF80470ADF8FB
:10B2000005308DF8073068B10346019AA8F10401B2
:10B2100043F8102F2A46294452F8045B8A4243F827
:10B22000045FF9D100233146A20102F4E07242EA40
:10B23000482222F07F4222F4700222F03F0202B044
:10B24000BDE8F041FFF7B0BF07B50123019201AAA5
:10B25000FFF7C3FF03B05DF804FB07B5CDE900239A
:10B2600002236A46FFF7B9FF03B05DF804FB1FB580
:10B27000CDE90123069B01AA03930323FFF7ADFF4A
:10B2800005B05DF804FBF8B506460D4614461F46AA
:10B2900004B9F8BD214628463A46B047241A054469
:10B2A000F6E710B542680446D2E9002381680068D9
:10B2B000FFF7E9FF002263681A6010BD0A2838B55D
:10B2C00004460D4602D10D20E5F756FC29462046DE
:10B2D000E5F752FC002038BD2DE9F043054689B062
:10B2E00008460E8891F800900C46D1F80880174661
:10B2F000E5F716FC011EC6F38216C9F3C2091FDB6F
:10B300004846E5F76BFB0346214651F8102B608851
:10B31000C2F34A22002A01EB020408BF00210022E6
:10B32000C0F30B10CDE90507CDE9031428464146CB
:10B33000CDE900220296E5F74BFC09B0BDE8F083A9
:10B340000023E1E7704730B54C680368A34201D29F
:10B35000012030BD8A682244934201D30020F8E7DF
:10B36000D1E90452954203D36FF00B038B61F5E7EB
:10B37000CA681B1B42F835304368086902EBC002FB
:10B3800053600B6901330B61E2E737B50C46C0B27D
:10B3900001A91546E5F756FE00280CDB019850B1CF
:10B3A00021462A46E5F774FE04460198FFF7CAFFD6
:10B3B000204603B030BD6FF01504F9E7F0B587B053
:10B3C0001F4604460D46164600F05CFD022302931C
:10B3D0000DF116030193BDF83030ADF8160000935F
:10B3E00032463B462946204602F0F1F807B0F0BD50
:10B3F0002DE9FF411F460D4616460446E9F7FAFEC1
:10B400008046E1F755FFBDF8283080B2CDE90180D4
:10B41000009332463B462946204602F0D8F804B055
:10B42000BDE8F0810020E5F77FBE00221146E5F778
:10B4300049BE034610B508460AB10021116053B158
:10B44000D0B1411E11F8010F80B113F8014BA04299
:10B4500001D13D28F6D100200EE0013313600AE04F
:10B460003D2808D0B0FA80F0400905E018782F2870
:10B47000F6D1002AF1D1012010BD10B509B1002389
:10B480000B6058B103461A781C4601332AB13D2A95
:10B4900003D02F2AF7D101B10B60201A10BD08305C
:10B4A000704713460A46D0E90001FFF725BEF0B504
:10B4B000002704464FF0004585B000F1080680F8EB
:10B4C0005C7008236A4629463046FFF715FE831C48
:10B4D00021D1B5F1004F4FF000070FD108232946C5
:10B4E00030460DEB0302CDE90277E4F7A7FD002813
:10B4F00002DB3846C4E9155705B0F0BDA36D3046F0
:10B50000CDE902370823616D0DEB0302E4F796FDE8
:10B5100000EAE070F0E70028EEDB0099B9420ED1B6
:10B5200094F85C20C5F34303934217D8009B01981D
:10B530002F466565A3650028DED00546C1E7304685
:10B54000FFF7D6FD0028D7DB08236A462946304698
:10B550000097E4F773FD0028E2DACDE784F85C3069
:10B56000E4E77FB500F10805044628460E46FFF7DC
:10B57000BFFD002818DB284606F18041FFF7B8FD23
:10B58000002811DB46F0010608236A4631462846AA
:10B59000FFF7B2FD002807DB009939B9314628468C
:10B5A000FFF7A6FD002818DA04B070BD082328466E
:10B5B0000DEB0302FFF7A0FD0028F5DB019B0BB9A3
:10B5C000029AA26503930823284600990DEB030213
:10B5D000E4F734FD0028E1DAE6E70199C1B1082378
:10B5E00028460DEB0302FFF787FD0028DCDB009BFC
:10B5F00028460293082301990DEB0302E4F71EFD90
:10B600000028D1DB039B0BB9009BA3650020CBE78F
:10B61000009B6365FAE72DE9F0410D4607464A2194
:10B6200094B0284605F021F901462846E3F70AF8C8
:10B63000002620F0404424F01F0407F1080897F882
:10B640005C30B34201DA002417E066F34404492376
:10B65000404601AA44F00041FFF74EFD031E01DC05
:10B660000136ECE7002250336B44284601A903F869
:10B670004C2CE1F70BFE0028F2D1204614B0BDE8B7
:10B68000F08110B5044661B1FFF7C5FF58B140F035
:10B69000004101F1804104F10800BDE81040FFF7CE
:10B6A00038BD6FF0150010BDF8B5044616461D46AE
:10B6B000B1B1AAB1FFF7AFFFA0B140F0004000F177
:10B6C000804708342B46324639462046FFF714FDA2
:10B6D000A84207D139462046BDE8F840FFF719BD1A
:10B6E0006FF01500F8BD30B50446D0F83401A8B1AC
:10B6F000431E0020984201DD00200FE0C21802EB3B
:10B70000D272521004EBC2052D8C8D4201D2501C16
:10B71000F0E704D804EBC20404F11C0030BD531E52
:10B72000E8E7FFF791BD002310B50446C0F83431B7
:10B73000D4F8500110B9C4F8580110BDD4F8542100
:10B7400003689042C4F8503108BFC4F8543103F084
:10B7500017FCEDE7034610B5D3E8EF0F00EA01024E
:10B76000C3E8E42F002CF7D110BD70B504460D4698
:10B77000FFF7D9FF6FF0010104F59C70FFF7EAFFB6
:10B78000D4F85C319B682BB1294662682068BDE81B
:10B790007040184770BD10B50446FFF7C4FF6FF046
:10B7A000010104F59C70FFF7D5FFD4F85C315B68AC
:10B7B00023B1D4E90001BDE81040184710BD37B5EA
:10B7C0004FF4205300240546016868468DF8004078
:10B7D000ADF8023000F01CFA18B92868083803B038
:10B7E00030BD42F60103296801A88DF80440ADF888
:10B7F000063000F00DFA0028EFD02046EFE737B50D
:10B8000042F6030300240546016801A88DF80440B0
:10B81000ADF8063000F0FCF918B92868083803B014
:10B8200030BD2046FBE7006870471C307047F7B515
:10B8300000F11C030C46B9B91C46002642F603076A
:10B84000D0F8343100EBC30000F11C050834A542E8
:10B850000CD9216801A88DF80460ADF8067000F0DD
:10B86000D7F90028F2D102E09942E6D2002420461E
:10B8700003B0F0BD034600F11C0259B91146D3F8DC
:10B88000342101F1080003EBC2031C33984228BFA6
:10B89000002070479142F2D20020704713B5FFF7A5
:10B8A000E9FF044618B90024204602B010BD002369
:10B8B0008DF8043042F60303016801A8ADF80630A4
:10B8C00000F0A6F90028EFD1EDE770B50546164661
:10B8D0000C4621462846FFF7E1FF044628B13046D2
:10B8E000216800F095F90028F3D1204670BD38B5E5
:10B8F00000F59C7504466FF002012846FFF72AFF09
:10B9000083070DD504F5B270F8F7ACF92046FFF7C0
:10B910000AFF6FF001012846FFF71CFF002038BD29
:10B920006FF07700FBE710B5044623780846052B37
:10B9300006D8032B0ED8023B012B06D9012010BDDF
:10B94000063B012BFAD8022200E000222146E6F74E
:10B95000D9F9F3E70122F9E7EBF760B8104630B404
:10B9600092688389A0F12404D4E8EFCF2CF0040C72
:10B97000C4E8E5CF002DF7D144691CB1A44630BC22
:10B980002838604730BC704710B50C461146A4F10A
:10B9900010001A4679B92181A4F10C03D3E8EF1FF6
:10B9A00021F00201C3E8E21F002AF7D1236B03B1A3
:10B9B0009847002010BDA36A13B1BDE81040184796
:10B9C0000120F7E7024630B598B191B10430D0E8D4
:10B9D000EF3F43F00104C0E8E54F002DF7D113F02D
:10B9E000010009D10B6893634B68D3638B681364C0
:10B9F00030BD6FF01500FBE76FF07700F8E704F05B
:10BA000002BF04F0DABE01460068E6F77DBD08B566
:10BA1000E6F7D6FDBDE80840E7F7B0B90A460121D0
:10BA2000FFF712BC00210120E6F76EBD836E83F3A1
:10BA30000B8870476FF08500704761B662B680F37F
:10BA40001188BFF36F8F704772B6002383F311889C
:10BA5000BFF36F8FBFF34F8F30BF62B6BFF36F8FEF
:10BA6000704772B6002383F31188BFF36F8FBFF363
:10BA70004F8F20BF80F31188BFF36F8F62B670477E
:10BA800040E800F313F4803FD8B208BF6FF0150010
:10BA9000704730B50C684B6885B00A894D890094B1
:10BAA000013B24F01F04234402F01F0242EA451226
:10BAB00023F01F0369468DF808200393E7F710FA77
:10BAC00005B030BD08B5D1E904319847002008BD64
:10BAD00008B5E7F7A5FC002008BD7047416A8968F2
:10BAE000E7F722BD92B281600160C2808280704718
:10BAF00003680B6043684B6083688B60704738B5A0
:10BB00000D4614461146E7F7E3FF22462946BDE8F5
:10BB1000384004F052BE10B50C460121E7F7D8FFBB
:10BB2000047010BD10B50C460221E7F7D1FF047078
:10BB3000240A447010BD10B50C460121E7F7E8FF58
:10BB4000047010BD10B5036801211C78E8F700F8F7
:10BB5000204610BD10B5036802211C88E7F7F8FFE6
:10BB6000204610BD7FB5064614460A888B78ADF88E
:10BB7000002000210D220DF103008DF8023004F0A9
:10BB800042FE6A466946304602F082FE28B9BDF898
:10BB900000209DF802302280A37004B070BD13B560
:10BBA0000C4601AA0331FFF7DDFF48B90322204606
:10BBB00001A904F037FEB0FA80F0400902B010BDD0
:10BBC0000020FBE770B50D4600210446FFF755FC49
:10BBD0000D2818D1237B302B13D1002305F8063B09
:10BBE00004F10C062A462046012302210234FEF706
:10BBF00028FEB44205F1FF35F4D1002070BD0123C9
:10BC0000ECE7312BFBD06FF01500F7E70020704711
:10BC100010B50C460178227888B08A420ED0694669
:10BC2000E8F7A4FA204604A9E8F7A0FA102268462B
:10BC30000DEB020104F0F6FD08B010BD012A06D09C
:10BC4000022A07D072B940886388C01AF4E74068B6
:10BC50006368FAE71022611C013008B0BDE81040AB
:10BC600004F0E0BD6FF01500E6E7042A0AD0102AC0
:10BC70000DD0022A4FF0000315D103700B884380CA
:10BC800001207047012303700B684360F8E702232B
:10BC900000F8013B01F1100351F8042B994240F8E0
:10BCA000042BF9D1ECE718467047012310B50621A3
:10BCB000044600F8013BF4F745FF18B9A37963F097
:10BCC0003F03A37110BD70B504460D46E1F7F0FACD
:10BCD000112817D10223E25C3A2A13D10333112B26
:10BCE000F9D1053504F1120601232A460221204626
:10BCF000FEF7A7FD30B10334B44205F1FF35F3D1AF
:10BD0000002070BD6FF01500FBE70B6803608B88A7
:10BD100083808B798371037823F00203037070476B
:10BD20000078C0F34000704738B50446807AE7F7E2
:10BD3000B9FB6169054649B1637ADB0704D4436AFC
:10BD400020461B689B68984700236361214628466C
:10BD5000BDE8384002F0B3BF438A23B9C068B0FAE7
:10BD600080F04009704700207047D0F8A03083B1C0
:10BD70005A7CD1070DD5D2060DD51B7C102B0CBFDC
:10BD8000042303234372807A98428CBF0020012051
:10BD900070470223F6E70323F4E70F2806D80D289F
:10BDA0000BD8052814BF022003207047132804D0A5
:10BDB0001A2814BF022001207047012070477047E5
:10BDC0000B6803608B8883808B7983717047FFF7E2
:10BDD0003BBA034610B5D3E8EF0F40EA0102C3E8CF
:10BDE000E42F002CF7D110BDFFF737BA0023E4F79A
:10BDF00003BED0E8EF3F0B40C0E8E23F002AF8D195
:10BE000070477047C0F30723537000231070000E73
:10BE1000D070C1F30720090E9370137150719371A4
:10BE2000D171704738B504460D46E8F717FD5F300D
:10BE300005D129462046BDE83840E8F7C1BC38BDE9
:10BE40000020704710B5028843889A4218D8052A06
:10BE500016D9B3F5486F13D88488B4F5FA7F0FD29A
:10BE6000C18840F67640A1F10A0292B2824207D818
:10BE700004FB0333B3EB810F34BF0120002010BD5E
:10BE80000020FCE70020704708B5F2F791FB18B1DD
:10BE9000408A003818BF012008BDE9F70DBB70B516
:10BEA00006460D464FF0FF304FF0FF31E8F7E0FF58
:10BEB000044668B103210C30E7F70AFE068085705E
:10BEC0002146BDE87040002240F20640E9F70CBA76
:10BED0006FF0680070BDC368187808B1E9F752BB0D
:10BEE0001846E9F7E1BB38B54FF0FF3105464FF092
:10BEF000FF30E8F7BDFF044668B102210C30E7F7D8
:10BF0000E7FD2B88214603800022BDE8384042F23D
:10BF10001600E9F7E9B96FF0680038BDF8B50746D3
:10BF20000E464FF0FF304FF0FF311546E8F7A0FF07
:10BF3000044678B106210C30E7F7CAFD3B884680FD
:10BF4000038085802146BDE8F840002242F22200AD
:10BF5000E9F7CAB96FF06800F8BD2DE9F0478146EE
:10BF600088464FF0FF304FF0FF3117461E469DF8D0
:10BF700020A0E8F77DFF0546A0B107210C30E7F7C8
:10BF8000A7FDB9F8003080F802800380C770067101
:10BF9000A0F805A02946BDE8F047002242F2320091
:10BFA000E9F7A2B96FF06800BDE8F08770B5064602
:10BFB0000D464FF0FF304FF0FF31E8F759FF0446D0
:10BFC00018B9BDE87040E8F7F1BB03210C30E7F782
:10BFD0007FFD068085702146BDE8704042F2210059
:10BFE000E9F730B9072208B504F01CFCB0FA80F07C
:10BFF000400908BDFFF728B90B6803608B88838070
:10C000008B7983717047D0E8AF0F7047F8B50F4652
:10C01000144638BB4FF0FF304FF0FF31E8F728FFF0
:10C02000054610B327210C30E7F752FD224606469D
:10C030003946FFF7E1FFC31D04F1100152F8040B6C
:10C040008A4243F8040BF9D11022002106F11700AF
:10C0500004F0D9FB2946BDE8F840002242F227004F
:10C06000E9F742B96FF01500F8BD6FF06800FBE723
:10C07000037A02465B0705D501462E3211F8010B03
:10C08000FFF7C4BF704738B54FF0FF3105464FF09A
:10C09000FF30E8F7EDFE044658B129460C30FFF7B3
:10C0A0003AFD2146BDE83840002242F22D00E9F772
:10C0B0001BB96FF0680038BD70B5044686B00E46F7
:10C0C00001300131FFF78EFF2E3416220021054684
:10C0D000684604F098FB10226946204604F0A2FB53
:10C0E00040B11022204606F12E0104F09BFBB0FA6D
:10C0F00080F04009284300F0010006B070BD10B583
:10C100000C4630B919B1F2F703FA00B1441C2046CD
:10C1100010BD0024FBE707B580B906216846F4F797
:10C1200011FD40B99DF80530684603F03F038DF8D6
:10C130000530E9F72DFE03B05DF804FB6FF0150044
:10C14000F9E701207047037AD90704D523F00103EA
:10C150000372E9F78BBF990704D523F0020303723A
:10C16000E9F79EBF704710B50C4631B10020FFF7CC
:10C17000D2FF08B90123237010BD6FF01500FBE753
:10C1800000207047D0E8AF0F7047032808B501D0F2
:10C19000EAF79CF9BDE80840EAF7ACB900230B6068
:10C1A000436813B9C0E900117047196041607047D6
:10C1B000D0F8B000003818BF01207047D0E8AF0FAA
:10C1C0007047FFF74AB82438EAF74EBF00220368E9
:10C1D0000BB9184670478B4210D10B6842B94268C0
:10C1E0000360914200D14360002301200B6070473F
:10C1F00013604368994208BF4260F5E71A461B681E
:10C20000E6E7437B072B01D1EAF774BF704710B50F
:10C210000446006918B1E7F729FB0023236110BD2C
:10C2200010B50446D0F8A00028B9207A04F17001B6
:10C23000F2F7BEF938B1E278438A2AB903F0210057
:10C24000003818BF012010BD03F02400F8E72DE9E5
:10C25000F843089E8146102E0C4690461F462FD864
:10C260004FF0FF304FF0FF31E8F702FE054658B3BC
:10C270001C210C30E7F72CFC0346B9F800203946A6
:10C2800023F8022B2268C0F80220626800F10C0437
:10C290005A60B8F8003032464381204604F08DFAE7
:10C2A000102E05D00021C6F11002A01904F0ABFA3F
:10C2B0002946BDE8F843002242F21900E9F714B814
:10C2C0006FF01500BDE8F8836FF06800FAE710B56D
:10C2D00083780446012B27D1437B072B27D10A06FD
:10C2E00001F07F0310D5021DD2E8EF0F40F40040AB
:10C2F000C2E8E10F0029F7D12046A37201F050FDFA
:10C3000008B1637AA37210BD427A9A4212D2827A3D
:10C310009A420FD2021DD2E8EF0F20F40040C2E88B
:10C32000E10F0029E8D0F6E76FF01500EBE76FF0BA
:10C330007F00E8E70020E6E78378012B0CBF407A16
:10C340000020704773B506460C46FFF7E9FC6D46C2
:10C350003146A8B16846FFF7D8FC29460020EBF724
:10C360003DFE58B12388A0F88C306388A0F88E3049
:10C37000A388A0F89030E388A0F8923002B070BD96
:10C38000FFF7BDFE0346006800909A889B79ADF8E0
:10C3900004208DF80630E0E738B5037A04468B4276
:10C3A000154615D100F170010722284604F03AFA2B
:10C3B00080B1E378072243B904F17E01284604F0F6
:10C3C00031FAB0FA80F0400938BD04F17701F5E7A1
:10C3D0000020F9E70120F7E78378012B0CBF7030CC
:10C3E00000207047F8B507460D464FF0FF304FF07C
:10C3F000FF31E8F73DFD0646D0B10E210C30E7F7DE
:10C4000067FB04460E22002104F0FDF93B8831460B
:10C4100023802B88002263806B8842F21300A38064
:10C42000AB88E380EB882381BDE8F840E8F75CBF88
:10C430006FF06800F8BD704710B50446F8F71EFDB0
:10C44000234653F8442BD2F8B01061B96164D2F896
:10C45000B41061B9C2E92C33F8F782FD2068BDE859
:10C460001040EBF73DB88B42F6D00968EDE70B6062
:10C47000C2F8B430F0E770472DE9F843446B2CB1B3
:10C4800054F8085905B1083D00270CB9BDE8F883F8
:10C49000D4E900682EB3F8F7F1FC0022D6F8B030EA
:10C4A00004F1440163B1994233D1636C4ABBD6F8BD
:10C4B000B420C6F8B030914201D1C6F8B4306764F8
:10C4C000F8F74EFD04F13009002200234846F6F744
:10C4D00007FE064600BBD8F804300BB1204698474B
:10C4E0002760E3680BB120469847D8F820300BB19D
:10C4F00020469847DDB1AB6803B1083B2C461D468A
:10C50000C3E71360D6F8B430994208BFC6F8B42028
:10C51000D5E71A461B68C5E7B36923B16FF06D0212
:10C52000F169206898473046E7F7A0F9CCE72B4639
:10C53000E4E738B5406B0D4620B150F8084904B126
:10C54000083C00B938BD43689B680BB12946984741
:10C550002CB1A36803B1083B20461C46F1E72346F3
:10C56000FAE7F8B50F4600210546164600234FF2BC
:10C5700024420846ECF774F8044620B92846ECF744
:10C580003BF82046F8BD04210C30E7F7A1FA05700E
:10C5900047704680F5E7406B28B1838B08388B42A3
:10C5A00001D08068F8E7704710B54AB989B2FFF743
:10C5B000F2FF28B143689B6913B1BDE810401847EA
:10C5C00010BD38B50D460521FFF7E5FF00232946CC
:10C5D0001A46ECF77DF8044610B12846E7F746F90D
:10C5E000204638BD406B28B1838908388B4201D082
:10C5F0008068F8E7704770470346006828B15968BB
:10C60000026888421A6008BF5A60704703460020DB
:10C6100003B970471A8A5B681044F9E710B5D4680B
:10C620000231237813B92170012010BD8B42FBD059
:10C63000038A023B038200201061F6E7FEF704BE86
:10C6400008B503680A8A1868C968F0F7C9F90020B4
:10C6500008BD38B5054601F10C000C46FFF77AFA23
:10C660002D680146238A2868E26801F0C3F900209A
:10C6700038BD70B40668326A5AB3144654F8A0390B
:10C6800003B1A03B002211467CB9438D408B8B4205
:10C6900001D890421FD9824238BF02469942306881
:10C6A00038BF194670BCF0F717BA844207D0658DC1
:10C6B000648BA94238BF2946A24238BF224633B113
:10C6C000D3F8A05005B1A03D1C462B46DCE71D4623
:10C6D000FAE71146D9E770BC704773B514460146B6
:10C6E00005464FF49572206801F037F8207530B98F
:10C6F0002946206801F0CAF920B9082323750020D3
:10C7000002B070BD237AB3B1A3F118025342534172
:10C710009B000193638A29460093AE68238AE268EE
:10C720002068B047002808DB238A98420CD10023F8
:10C7300001202375E4E70223EBE710F1FF0F03D399
:10C740004042C0B22075DAE70E20FBE7F8B59368E7
:10C7500005460F461446166863B9506801210C302F
:10C76000E7F7B6F9A0602B681B78002B14BF0223F3
:10C7700001230370A3681B78012B03D0022B1FD069
:10C7800000201CE02B681B78002BF9D16068042185
:10C790000C30E7F79DF9E06007802A68E36852886B
:10C7A0005A806168728D738B088A9A4294BFC0EB7D
:10C7B0000200C0EB0300042894BF00200120F8BD54
:10C7C0002B681B78022BDBD1606812210C30E7F755
:10C7D0007FF9E06007802B68E268591C0232113350
:10C7E00051F8040B994242F8040BF9D16168728D3B
:10C7F000738B088A9A4294BFC0EB0200C0EB03001F
:10C800001228D9E7D0680431037813B901700120E8
:10C8100070478B42FBD0002091680B8A043B0B824F
:10C82000106170472DE9F04104468868FFF7EEFE7D
:10C83000638D628B0D46934228BF134683421DD3FE
:10C8400000276165D1F808808F60F8F717FB414633
:10C850002046ECF7A1FA064638B1C5F808806765AE
:10C86000F8F77EFB3046BDE8F081618D638B28468A
:10C87000994228BF1946F0F729FAF1E76FF07906D7
:10C88000F0E738B504460D46ECF786FA30B1294694
:10C8900004F15800BDE8384002F006BA38BD1FB5B3
:10C8A000CDE9012300231A460093EEF747FB05B0BC
:10C8B0005DF804FB0022036803B970478B420FD177
:10C8C0000B683AB942680360914200D1436000238B
:10C8D0000B60704713604368994208BF4260F6E7F7
:10C8E0001A461B68E8E7D0E8EF3F43F00802C0E8CB
:10C8F000E12F0029F7D1C3F3C00070472DE9F041C3
:10C90000064690461F460D46B9B104220121ECF7B8
:10C91000DDFA044618B9BDE8F041ECF7B1BA0421DC
:10C920000C30E7F7D5F80570A0F80180C7702146F4
:10C930003046BDE8F041FFF7A4BFBDE8F08137B550
:10C940000C46054601F10C00FFF704F9228A034664
:10C950000192E2681221009228461322ECF728FB8C
:10C9600003B030BD37B50C46054601F10C00FFF7AA
:10C97000F1F8228A03460192E268284600920022DA
:10C980001146ECF715FB03B030BD70B504460E46FA
:10C99000002200230846F6F7A3FB054658B10146DE
:10C9A0002046ECF7F9F9044618B12946304602F062
:10C9B00086F9204670BD6FF00104FAE707B5CA6832
:10C9C0000C211388528800920D22ECF7F1FC03B081
:10C9D0005DF804FB07B50022CB680A211B88009292
:10C9E0000B22ECF7E5FC03B05DF804FBF8B5CB686F
:10C9F00004461F88BBB2162B24D90321ECF7A2FBF7
:10CA0000064608B302210C30E7F762F800256FF004
:10CA100008034570037031462046FFF732FFF723C5
:10CA20006383236867851B680433D3E8EF1F41F4F1
:10CA30008031C3E8E21F002AF7D12046FFF719FE34
:10CA40002846F8BD0420FCE70E20FAE72DE9F04F58
:10CA5000064685B0104690469946FFF7D7FD738B82
:10CA6000728D8B46934228BF1346834275D97368F3
:10CA700040460393E6F754FF4FF0000A0446404651
:10CA8000FFF7C4FDE168228A658A6369AD1ACB1A93
:10CA9000ED1A778B738D9F4294BFC0EB0700C0EBFC
:10CAA0000300854228BF054625BB98F80A00E6F733
:10CAB000F9FC00220023FFF711F8044608B9574695
:10CAC00027E001464046E6F771FF4046FFF79EFD2E
:10CAD000E168228A658A6369AD1ACB1AED1A778DEF
:10CAE000738B9F4294BFC0EB0700C0EB03008542ED
:10CAF00028BF0546CDF80090DBF804700A4403987F
:10CB00005946ABB2B847071E07DABAF1000F18BF93
:10CB10005746384605B0BDE8F08F0E9BABB9394695
:10CB200004F10C00E6F7D4FF4046FFF76FFD738D6C
:10CB3000728BB944934228BF13468342BA441FFA0A
:10CB400089F9BCD9AF429AD0B9E7394620460F9A45
:10CB50000E9B98470028E2D1B1E70027D9E70023D0
:10CB60002DE9F34117681446D7F804800146137382
:10CB700006469522404600F0F0FD0546207330B988
:10CB80003146404600F080FF28B908232373002077
:10CB900002B0BDE8F081A068798D7A8B038A91425A
:10CBA00094BFC3EB0103C3EB0203012BEFDD0221B2
:10CBB0000C30E6F78DFFCDE900558046A38831465D
:10CBC0003846A268FFF742FF031E06DA13F1FF0F93
:10CBD0002ABF5B420E23DBB2D8E70120A8F8003061
:10CBE000D6E700232DE9F34117681446D7F80480EF
:10CBF0000146137306469522404600F0AEFD0546F9
:10CC0000207330B93146404600F03EFF28B9082372
:10CC10002373002002B0BDE8F081CDE90055314614
:10CC20003846A388A268FFF711FF002807DA10F141
:10CC3000FF0F32BF0E204042C0B22073E9E701204F
:10CC4000E8E7F8B5054650F8044C071F00F14C031F
:10CC5000D3E8EF1F21F00401C3E8E21F002AF7D157
:10CC6000FCB12B6D83B9636873B1201DFFF7C4FC61
:10CC7000064601463846FFF7D5FD90B1636833603C
:10CC8000A368666003B9A660384605F15401FFF752
:10CC90007CFE30B1384604F10C01BDE8F840FFF7E6
:10CCA00074BEF8BD2DE9F041046A074644B154F85A
:10CCB000A06906B1A03E0022154607F104080CB990
:10CCC000BDE8F081636D9BB905B98AB94046FFF7AD
:10CCD00093FC054658B101462046FFF7A3FD002806
:10CCE000EED07B682B60BB687D6003B9BD602246D7
:10CCF00036B1D6F8A03003B1A03B34461E46DEE77D
:10CD00003346FAE738B50546D1E8AF3FDB0716D51D
:10CD100050F8040C98B12B6D8BB90430FFF76CFC04
:10CD2000044660B10146281FFFF77CFD38B155F875
:10CD3000043C5A6822609A685C6002B99C6038BD05
:10CD4000EEF74AB808B5ECF791FE40B1006A30B191
:10CD5000024652F8A03903B1A03B002002B908BD39
:10CD6000518B528D8A4228BF0A46904238BF1046E6
:10CD700033B1D3F8A01001B1A0391A460B46EDE744
:10CD80001946FAE770B5CE68044633880D469AB264
:10CD9000162A06D8002204231146EDF705F80020D4
:10CDA00070BDF72243854283FFF763FC00233146C1
:10CDB00020462A8AF1E708B500230A8AC968ECF7F9
:10CDC000F3FF002008BDFFF7F6BFFFF7F4BFFFF742
:10CDD000F2BFFFF7F0BFFFF7EEBFFFF7ECBFFFF7C3
:10CDE000EABFFFF7E8BFFFF7E6BFFFF7E4BFFFF7D3
:10CDF000E2BF10B50C46ECF739FE90B1036A43B1BF
:10CE000053F84C2CA03B9169A14209D0D3F8A03033
:10CE1000F5E7406828B18369A34202D00068F9E7CA
:10CE2000104610BD0120704708B5ECF71FFE78B121
:10CE3000036A6BB1A03B03F15002D2E8EF0F20F080
:10CE40000800C2E8E10F0029F7D1D3F8A030F0E7DD
:10CE500008BD08B50421FFF7C5FB20B14C30D0E870
:10CE6000AF0FC0F3C00008BD70B51C460E46154696
:10CE7000EBF76CFF0123C0E90365C380047570BD47
:10CE800010600020704710B5029CA36833B1B1F563
:10CE9000807F28BF0E21CAB221469847A37DE26851
:10CEA000013BDBB2A37522B11BB92046BDE810409F
:10CEB000104710BD1060918000207047B1F5807F51
:10CEC00028BF0E21009AC9B213681847B1F5807FB8
:10CED00028BF0E21009AC9B2136818470020704776
:10CEE000FEF7BBB9F0B5076806463D78144689B031
:10CEF000E5B97B88B3F5245F04D011D8A3F520539E
:10CF0000032B13D8ADF80A10022220460DF10A01B6
:10CF1000EDF75CF970B16FF01503C4F8883206E0E4
:10CF200003F55643FF339BB2042B20D90125284635
:10CF300009B0F0BD7B88022220460DF10A01ADF850
:10CF40000A30EDF743F90028E5D1009003AA132336
:10CF500031467768B847021E02DAC4F88822E6E74D
:10CF600003A92046EDF732F90028DFD0D3E7ADF86A
:10CF70000A10022220460DF10A01EDF727F90028D8
:10CF8000C9D17B880222ADF80A300DF10A01E8E729
:10CF9000072208B503F046FCB0FA80F0400908BD4E
:10CFA00010B503780446934207D10130FFF7F0FF34
:10CFB000002814BF2046002010BD0020FCE70346D7
:10CFC00010B5D3E8EF0F40EA0102C3E8E42F002CCC
:10CFD000F7D110BD034610B5D3E8EF0F00EA010208
:10CFE000C3E8E42F002CF7D110BD0B6803608B88D9
:10CFF00083808B7983717047D0E8AF0F7047FEF75D
:10D0000023B970B50D46064611F8010BEBF712F87F
:10D01000044610B12C89EAF7F9F96B89A34207D0CD
:10D02000EB686C8123B121463046BDE8704018475B
:10D0300070BD08B502210C30E6F74AFD6FF008021A
:10D04000034600201A70587008BD10B5144602211E
:10D050000C30E6F73DFD63890380002010BD10B55C
:10D06000144604210C30E6F733FD23890380E3895D
:10D070004380002010BD10B5144602210C30E6F7A5
:10D0800027FD23890380002010BD10B5144604211C
:10D090000C30E6F71DFD238903806389438000205F
:10D0A00010BD08B501210C30E6F712FD0346002043
:10D0B000187008BD08B501210C30E6F709FD012301
:10D0C0000370002008BD38B5154600F10C0404219A
:10D0D0002046E6F7FDFC2B890380EB8943802B7CFF
:10D0E00033B94FF420512046FEF71CFD002038BD17
:10D0F00042F60101F7E738B5154600F10C040421AA
:10D100002046E6F7E5FC2B890380EB8943802B7CE6
:10D11000022B04D0032B09D02B68598801E042F67A
:10D1200002012046FEF7FEFC002038BD42F6030156
:10D13000F7E770B51446002500F10C066268EBB203
:10D140009A4205F1010501D8002070BDA268304661
:10D1500032F81310FEF7E6FCF0E7FFF7EABF30B550
:10D16000144685B0054602210C30E6F7B1FCA388D1
:10D17000002203800023CDE902330023CDE9002300
:10D180002846A268A189E6F735FCA389834214BF2B
:10D190006FF00B00002005B030BD7FB51546064688
:10D1A0000C460C300421E6F793FCAB880022038088
:10D1B000EB88043C43800023CDE902330023CDE912
:10D1C000002321463046AA68E6F714FC844214BFC7
:10D1D0006FF00B00002004B070BDF7B5089D064647
:10D1E0000C462F6851B973B900232A460893E1B25F
:10D1F0003046BC4603B0BDE8F0406047B1F5807FE3
:10D2000028BF0E24F0E7009313462A46B847089437
:10D2100023462A4621462F68EAE738B50C461946C8
:10D220006BB103F114055B6982B9E268A3609542B2
:10D2300000D1E36000230D681A464B61A847A3683C
:10D2400053B92046BDE83840EDF7D2B91360E36822
:10D250009D4208BFE260EDE738BD2DE9F0410C4684
:10D26000069D06466FF0040105F11000FFF7B2FEBF
:10D27000F4B13046EDF7DAF8014648B3836853B1AC
:10D280000022186805F1140C2BB1634508D12B4618
:10D290003046FFF7C2FFB4F5807F28BF0E240FE0B1
:10D2A00020B107681A4603463846EDE70746F9E716
:10D2B000AB892BB923462246294630462F68B8470A
:10D2C0006B682BB12A463046E1B2BDE8F041184701
:10D2D000BDE8F08111F1680F01D0FFF7BEBF7047C4
:10D2E000F0B50D4687B0114606461A460C9C5DB94E
:10D2F00083B92768002322463046BC46E9B20C9326
:10D3000007B0BDE8F0406047B5F5807F28BF0E2527
:10D310002768EFE703A8FEF7E5FBBDF81030012B07
:10D3200008D8002300932246194630462568A847AE
:10D3300007B0F0BD022103A8E6F728FC0346BDF8BC
:10D34000102033F8027B0021974228BF1746009730
:10D35000224630462568A847394603A8E6F716FC5A
:10D36000DBE738B5BDF810401546A2420CD84CB1E9
:10D370006BB1A41A8C42A8BF0C46A4B2224659191C
:10D3800003F01BFA204638BD6FF00604FAE76FF091
:10D390000D04F7E730B585B0C96814461D46EDF7B2
:10D3A00031F800B100890223ADF80E000093294640
:10D3B0002046BDF820200DF10E03FFF7D2FF05B087
:10D3C00030BD1FB50C461946E36810461C78BDF801
:10D3D00018203CB110240133069404B0BDE810407D
:10D3E000FFF7BFBF5B88ADF80E30022300930DF14D
:10D3F0000E03FFF7B6FF04B010BD30B51D46002385
:10D4000085B014468DF80C30ECF7CAFF10B1037AE2
:10D410008DF80C300123294600932046BDF82020CA
:10D4200003ABFFF79EFF05B030BD38B5144600F1E1
:10D430000C0506212846E6F74BFB23890380E38988
:10D440004380237C002B42F6010308BF4FF4205396
:10D45000838021680B781BB1022B06D0002038BDD9
:10D4600028464988FEF75EFBF8E71022284601317E
:10D47000FEF745FBF2E738B5154600F10C04042130
:10D480002046E6F725FB2B8903806B894380E968FA
:10D490000B782BB920464988FEF744FB002038BDA5
:10D4A000102220460131FEF72AFBF7E7002203682D
:10D4B0000BB9184670478B4210D10B6842B94268CD
:10D4C0000360914200D14360002301200B6070474C
:10D4D00013604368994208BF4260F5E71A461B682B
:10D4E000E6E770B500F1700605463146007AFEF7B2
:10D4F000CBFC04463146287A1CB1BDE87040EDF7FC
:10D500002DB9ECF7CFFE10B104604460846070BDAB
:10D51000022A10B508D1002300F170011A46007AE2
:10D52000EDF726F8022010BDFFF7DBFFFAE738B56C
:10D53000144600F10C0502212846E6F7C9FA638972
:10D540000380A1892846FEF7EDFA042104F11000BA
:10D55000FFF735FD002038BD08B50C3029B1012199
:10D56000FFF72DFDC043084008BD6FF00101FFF734
:10D5700031FD00F00100F7E710B50446FFF7ECFFBE
:10D5800038B12146BDE81040012211F8010BECF73B
:10D590007FBF10BD38B504461546FFF743FC48B1C0
:10D5A0002046ECF7FDFE28B1037ADB0702D5012106
:10D5B000FFF7E2FF55B9207A04F17001ECF772FE33
:10D5C00020B18560BDE83840ECF7BABF38BD38B54A
:10D5D000BDF81010BDF818401046A142059D0CD8AA
:10D5E0004CB16DB1641A9C42A8BF1C46A4B222463D
:10D5F000294403F0E2F8204638BD6FF00604FAE74C
:10D600006FF00D04F7E713B5044610B9002002B01F
:10D6100010BD00238DF8043042F60303006801A911
:10D62000ADF80630FEF7F4FA0028EFD1E3689888E9
:10D630000028ECD12046EDF739FC013080B2E6E756
:10D6400070B5CC681E46A37988B008468DF80C30BA
:10D650001546FFF7D8FFADF80D00246823786BB9A5
:10D660006388ADF80F300523009331462846BDF896
:10D67000302003ABFFF775FE08B070BD631C0DF1E1
:10D680000F02113453F8041BA34242F8041BF9D1D2
:10D690001323E9E71FB5CDE9012300231A460093C0
:10D6A000EDF74CFC05B05DF804FBEDF763BD38B554
:10D6B000044659B100F170052946007AEDF72AFEBB
:10D6C0002946207ABDE83840EDF732BB38BDF8B5C1
:10D6D00006460F46ECF7C4FD394604463046FEF7D1
:10D6E000D3FB48B344B304F108056FF001012846A9
:10D6F000FFF770FCC20703D539463046EDF70AFE46
:10D700006FF002012846FFF765FC830703D5394611
:10D710003046EDF70DFB2846FFF76EFC60B9234657
:10D7200003F8010BC4F80100C3F80300D5E8EF3F8C
:10D73000C5E8E20F002AF9D1F8BD10B50446A0F102
:10D74000170110F8180CFFF7C2FF14F80C0CA4F125
:10D750000B01BDE81040FFF7BABF38B54C8AD307BC
:10D760000546C4F30E0404D514F0950F2AD04B6877
:10D7700043B3900704D514F4957F25D08B681BB371
:10D78000144014F4DE7F0DD0EB7A2BB92846FEF757
:10D7900047FDD8B9052038BD14F0300F04D114F47A
:10D7A000C07F07D10020F6E72846FEF7C5FD022816
:10D7B000F5D8EFE7D5F8A030002BEBD05B7CDB068B
:10D7C000E8D5EFE70220E6E70320E4E70F20E2E7F1
:10D7D000F8B514460F46942261680646FFF7BDFF70
:10D7E00020BB012230466168EDF7FEFD08B3A28937
:10D7F0001B2130460232ECF76BFA0546E0B1A189F5
:10D800000C300231E6F764F920F8027BA289A168A6
:10D8100002F0D3FFD4E9041228460123FFF724FBCA
:10D8200029463046BDE8F840ECF71ABC4FF0FF300F
:10D83000F8BD6FF01500FBE76FF00B00F8E770B56F
:10D840000B460546144629B921462846EEF780F9CD
:10D8500028B970BD4FF6FF72914207D1218122464F
:10D86000284663680021BDE870401847E28901330B
:10D870009BB29A422381E7D2F1E72DE9F04F89B0BC
:10D8800006461446129F11B913F0030807D03A4612
:10D89000002130467B6809B0BDE8F04F1847C1460B
:10D8A00042F6010A03F47F73D518AC4207D13A4619
:10D8B0004146304609B0BDE8F04FFFF7C0BF3A7CA3
:10D8C0006388002A14BF52464FF42052ADF802205C
:10D8D0001022ADF808301FFA83F83B68B4F800B0A6
:10D8E00000210DEB020001938DF8009002F08BFFF8
:10D8F00001AB06933A4630467B68CDF80CD0ADF8C4
:10D900001CB003A9984704340028CED109B0BDE863
:10D91000F08FF0B553898FB0ADF80C309389054680
:10D92000ADF80E30022304A8144616898DF8103085
:10D9300002900DF1110301F1100251F8047B9142A4
:10D9400043F8047BF9D12168C1B9002142F60203F2
:10D9500010220AA88DF80410ADF8063002F053FF2B
:10D9600001AB099302AB0C93224628466368ADF8DD
:10D97000346009A9984728B90FB0F0BDFEF748F9FF
:10D980000028E2D0224628462189FFF758FFF3E716
:10D9900030B40C4611461A46029B4CB1B4F5807F58
:10D9A00028BF0E241D681A46E1B22B4630BC18472A
:10D9B00030BCEEF76DBE73B504460D46F7F75EFA60
:10D9C00029462046FFF715FA014620B902B0BDE806
:10D9D0007040F7F7C5BA46682046ECF7CFFBF7F77B
:10D9E000BFFA2EB100230E211A4620460095B047FB
:10D9F00002B070BDF7B50D46044616461F46ECF75B
:10DA000015FD014628B133462A4620460097EEF719
:10DA1000B1FF03B0F0BD2DE9F04105468846ECF7B3
:10DA2000BFFC0446E0B1037ADB0719D500F10C070F
:10DA30003846FFF7E1FA10F0010611D1B8F1000FF6
:10DA40000FD06FF002013846FFF7C4FA10F0020F52
:10DA5000284609D0FFF7E8F901212046FFF78CFDA1
:10DA600001263046BDE8F081FFF7DCF90028F8D048
:10DA70002846FFF7EEF90028F3D06FF00201384690
:10DA8000FFF7A8FA2846E5E7012070470120704714
:10DA900013B5C068144668B100238DF804304FF404
:10DAA000C05301A9ADF80630FEF7B2F810B92368EB
:10DAB00001332360012002B010BD07207047FDF73D
:10DAC000C3BBD0E8AF0F084100F00100704738B584
:10DAD0000A46034609B9012038BD488A10F0240FD0
:10DAE000F9D0197D5D7B147CA94228BF29468C4260
:10DAF00001D90020F0E7800607D4517CC9070BD478
:10DB0000187A003818BF0120E6E70521181DFFF735
:10DB1000D8FF0028F1D1ECE7197A0029E9D00521D6
:10DB2000181DFFF7CEFF18B9197A01390129E0D97C
:10DB3000527CD207CFD4E3E701238B40DB43D0E80C
:10DB4000EF2F1A40C0E8E12F0029F8D17047FDF708
:10DB500084BB10B50621FEF745FD044618B9EFF762
:10DB60003DF9204610BDA0F1EC04FAE7072070470C
:10DB70000720704707207047012303FA01F1CA43C9
:10DB800030B5D0E8EF3F03EA0204C0E8E54F002DCE
:10DB9000F7D101EA0300003818BF012030BD01238E
:10DBA0008B40D0E8EF2F1A43C0E8E12F0029F8D1CD
:10DBB000704708B50E21FFF7F2FF002008BD38B509
:10DBC00004210446EFF7D4F9054698B110210C3032
:10DBD000E5F77EFF04F1270304F1370253F8041B35
:10DBE000934240F8041BF9D120462946EFF702F989
:10DBF000002038BD0820FCE738B5CD6804460B216D
:10DC00000430FFF799FF2B4604F1170205F11001CC
:10DC100053F8040B8B4242F8040BF9D1D4F8EC30E2
:10DC2000DB783BB920460421FFF7B9FFBDE8384057
:10DC3000FFF7C5BF002038BD70B504460025D0F8F9
:10DC4000EC60031DD3E8EF2FC3E8E15F0029F9D1B1
:10DC500004F59C70F6F78EFA2572D4E8EF3FC4E81D
:10DC6000E25F002AF9D1F3782BB92046BDE8704075
:10DC70000B21FFF794BF70BD70B500F1700605462B
:10DC80000C4607223046096802F0CCFDB8B963683B
:10DC90001A682A679A88A5F874209B7985F87630E7
:10DCA000D5F8A0305BB1A268934208D062681168D1
:10DCB000C3F801109188A3F805109279DA7170BD4C
:10DCC0002DE9F84FDDF82C80044692461F46BDF83A
:10DCD0002890FFF73EFF054600285CD0061DB9F1ED
:10DCE000000F27D15AEA070324D103213046FFF75A
:10DCF000E8FEF8B101213046FFF7E3FED0B12C7DFC
:10DD00006B7B05F147019C4228BF1C4622464046DA
:10DD100002F053FD0F2C06D84946C4F1100208EB5F
:10DD2000040002F070FD30460121FFF738FF0120AA
:10DD3000BDE8F88FD4F8A03083B904F1700B5A46CF
:10DD40002020217AF0F7BAFBC4F8A00030B95A4677
:10DD50000120217AF0F7B2FBC4F8A000B9F1000F5E
:10DD60000CD15AEA070709D1D4F8A01031B14B8A77
:10DD70009B0603D50C7C1E312246C8E70F21304696
:10DD8000FFF79FFE20B1022206212046EAF7E6F8BF
:10DD90002846FFF751FF0020CAE76FF08500704763
:10DDA000F7B5C3780446002B5ED1FFF7D2FE0546D7
:10DDB00000285CD0061D03213046FFF782FE20B10B
:10DDC0006FF00F04204603B0F0BD01213046FFF78D
:10DDD00078FE0028F4D10F21201DFFF772FE28B134
:10DDE000204603B0BDE8F040EFF704BDD4F8A00032
:10DDF00090B904F170073A462020217AF0F75EFBD3
:10DE0000C4F8A00040B93A460420217AF0F756FB46
:10DE1000C4F8A0000028E3D0438A13F0240FDFD019
:10DE2000A27A022A09D9417CC907D9D5032A04D08C
:10DE30009B06D5D5037C102BD2D1037C00F11C02AC
:10DE4000009300F1140100F11E032046FEF7FFF9D4
:10DE500004460028B6D128460B21FFF7A0FE012179
:10DE60003046FFF79CFEADE76FF01504AAE76FF0B0
:10DE70007F04A7E770B504460820EEF765FF054666
:10DE8000E8B1061D08213046FFF756FE002C3CD0B5
:10DE90000721FFF751FE234605F1970204F1200107
:10DEA00053F8040B8B4242F8040BF9D10A21304697
:10DEB000FFF707FE70B109213046FFF770FE07201B
:10DEC000EEF742FF044610B3EFF734F8F8B108213B
:10DED000204617E010213046FFF7F3FD0921002806
:10DEE000EAD13046FFF7EDFD0028E8D0D5F8EC3058
:10DEF000DB78002BE3D12846EFF73CF90028DED091
:10DF000008212846EFF774FED9E70B21F9E770BD29
:10DF100070B50446A0F1EC0650F84C3BE83CD3F851
:10DF2000A050F6F727F903212046FFF7CAFDA0B15C
:10DF300008213046EFF7CAFD3DB16B8A13B16B7C07
:10DF40009B0702D52846F0F795FB3046BDE87040A8
:10DF50004FF4B872002102F056BC01212046FFF7B1
:10DF6000B0FD0028E4D10F212046FFF7AAFD0028CC
:10DF7000DED1E1E710B5431E00F11002073013F8BF
:10DF8000011F12F8014D83421C701170F7D110BDB2
:10DF9000F0B50E4614461D4697B00146202205A84E
:10DFA0001C9FF0F71FFD202231460DA8F0F71AFD47
:10DFB0002146102201A88DF85450F0F713FD3B467E
:10DFC000412205A901A8F0F7CFFD044610B9384653
:10DFD000FFF7D0FF204617B0F0BD2DE9F0431646FD
:10DFE0001D4697B00446DDE91F98102205A8219F21
:10DFF000F0F7F8FC1022314609A8F0F7F3FC1022E4
:10E0000029460DA8F0F7EEFC03221E9911A8F0F79F
:10E01000E9FC494611F8013BD9F801008DF8473079
:10E020008B880622129012A8ADF84C30F0F7DAFC7B
:10E03000414611F8013B06228DF84E30D8F80130E8
:10E040000DF14F00CDF84F308B88ADF85330F0F71D
:10E05000C9FC2146102201A8F0F7C4FC3B4641222E
:10E0600005A901A8F0F780FD044610B93846FFF76E
:10E0700081FF204617B0BDE8F083F8B5069F05463E
:10E080000469C9B2EFF3118C402080F31288BFF30A
:10E090006F8F0C2606FB0146B06E00F0070EBEF136
:10E0A000010F10D1B76600268CF31188BFF36F8F74
:10E0B0003EB90C2041430C44C4E918236B685B58FB
:10E0C00098473046F8BD00F0C00087420CBF6FF0A3
:10E0D00077064FF0FF36E7E713B580240094FFF78B
:10E0E000CCFF02B010BD0069CBB200EB43100021A1
:10E0F00010470220F2F754BE0220F2F77FBE10460E
:10E10000F5F77AB800F004BC00F003BC8022F0F709
:10E11000CBBD40F272607047084608B51146F8F76B
:10E1200011FF002818BF6FF0040008BD08B5F9F70B
:10E1300069F8002818BF6FF0040008BD2DE9F0470A
:10E140000024836886B0884691465B6902AA01A9CB
:10E150009847A2462546029BAB4202D806B0BDE8CE
:10E16000F0870026019F07EBC5077B6804933A6898
:10E170000AEB0603B24202D89A460135EBE749465C
:10E180000394059303A8C0470028E7D0049B0136F9
:10E190001C44ECE770B5037B04460BB100F0CBFBED
:10E1A0000026A06800B970BDB0F5007F28BF4FF40D
:10E1B000007005460246D4E90010F0F7C5FF636819
:10E1C0002B44636023680BB12B442360A3685B1B63
:10E1D000A360002BE5D0237B0136002BE1D0304635
:10E1E00000F0AAFB0028DCD00120DCE741EA0203B2
:10E1F0000846C3F30B0109B9F0F7CABF6FF0150069
:10E200007047084611461A4621B103431B0701D146
:10E21000F0F7BEBF6FF015007047436800205B68E1
:10E22000DB680B607047436802EA01005B6821EA23
:10E2300002015860002099607047436800205B68C5
:10E2400059607047436800205B6899607047436875
:10E250005B681A6821EA020011405860002099604A
:10E260007047F3F7B9BB30B543681360057A44686B
:10E2700004EBC504A34202D36FF0010030BD5C790A
:10E2800008338C42F1D10020F8E743681B68D3F8CB
:10E290008004C3F88004704703691A6813680BB1DF
:10E2A00052681847704730B587B004460D461422AF
:10E2B000002101A802F0A7FA042320460DEB030178
:10E2C0008DF804300295FFF7E7FF07B030BD70B559
:10E2D00086B0066904460D461422002101A802F00A
:10E2E00092FA02238DF80430336820461B6C01A992
:10E2F000029333689B6CCDE90335FFF7CDFF06B081
:10E3000070BD30B503691C6843681B68EFF3118565
:10E31000402080F31288BFF36F8F206CA8B1E06CAF
:10E32000B0B90020C4E91312042AC3F80417C3F8D3
:10E33000082782BFD3F8002242F02002C3F800224F
:10E3400085F31188BFF36F8F30BD6FF00C00F7E7D6
:10E350006FF00F00F4E70369186820B101601B68D3
:10E3600000205A6070476FF08500704710B5426812
:10E3700000691368006860B9D3F84C4164B1126B4E
:10E3800012780A70C3F84C01D3F84C2101229A622A
:10E3900010BD6FF08500FBE74FF0FF30F8E738B5B0
:10E3A0004268036915681A68D2F8A01051B10024B8
:10E3B00082F8B84018686830F7F714FF0123204648
:10E3C0006B6538BD6FF00D00FBE7406BFFF7E7BFF3
:10E3D00010B503691968D1F8A420D1F8B040121B18
:10E3E00013D0082A28BF08224068C1F8AC20196859
:10E3F000406AC1F8A8001B68D3F8A010D3F8B03069
:10E40000194402F0DAF9012010BD1046FCE710B5FE
:10E41000044612EA030005D0605818B10023012019
:10E420006350635810BD13B501AA0446FFF71BFFE4
:10E43000002805DB019B226819791868F1F73CF97F
:10E4400002B010BD10B402694468936823EA010168
:10E45000916011F0030108D143681B68C3F80015EF
:10E46000E068012110BCFFF7DEBF10BC704710B59B
:10E47000026993681943916013F0030107D143685F
:10E48000D8681C68FFF7CFFF0823C4F8003510BD1B
:10E4900010B543681C68C4F83C17C4F84027002234
:10E4A000C4F830215B68D4F830219B0702D50121E4
:10E4B000FFF7DDFF0123236510BD10B54368044657
:10E4C0001B68D3F830210B684AB9012283F8B820C1
:10E4D0004FF4805263681B68C3F8042310BD002208
:10E4E00083F8B8204FF0FF320B68C3F8B4200B68F4
:10E4F000D3E92A12FFF7CCFFEAE7F8B5036904462F
:10E500001D6843680F461E6805F10800F7F76AFEAC
:10E51000EFF31182402383F31288BFF36F8FEB6C0C
:10E5200053B1D6F8003223F02003C6F8003200239E
:10E53000C6F85031D6F85031002385F8633017B152
:10E54000012385F8643023691968012381F862305A
:10E5500061680968CB6282F31188BFF36F8FF8BDE1
:10E5600008B503691B681B6C23B10121FFF7C5FFC8
:10E57000002008BD6FF00D00FBE7F7B5426B536854
:10E580001C681369D4F8101153F8085BD3E8EF6FD7
:10E5900026F01007C3E8EC7FBCF1000FF6D1F306BC
:10E5A0000FD561B1D5E9162300260027CDE9006714
:10E5B000F7F7AAFD0023C4F81031D4F8103103B0E6
:10E5C000F0BD0029FBD113691968CB6CB3FA83F352
:10E5D0005B0981F86230536801221B68DA6203B07C
:10E5E000BDE8F040F7F7FEBD2DE9F34717460022DE
:10E5F0004368D0F810901E68D9F80040884694F817
:10E600006130D6F80C1784F86120A26C05469B1A7D
:10E610001944002901DDFFF75AFE2846216CFFF757
:10E6200042FEE36C2364236D63640023C4E9133367
:10E63000A36494F8633003F0FF029BB3EFF3118AF5
:10E64000402383F31288BFF36F8F236C6BB3D6F82C
:10E65000003223F02003C6F80032B8F1000F34D1A5
:10E660009FBB0123B362C6F82471D6F8243184F825
:10E670006270D9F8083043F01003C9F808308AF303
:10E680001188BFF36F8F6AB1D4E91632134309D0F2
:10E69000D4E9162300200021CDE9000104F108008F
:10E6A000F7F732FD02B0BDE8F087D4E91632134324
:10E6B00003D004F10800F7F795FD2B691A680123D0
:10E6C00082F862306A681268D3620022D7E72DE9C7
:10E6D000F341064617461C460569EFF311884023AF
:10E6E00083F31288BFF36F8F2B68D3F8A42042B155
:10E6F00088F31188BFF36F8F6FF00F0002B0BDE891
:10E70000F081C3F8A4702B6801F0604CC3F8A0102E
:10E71000BCF1005F2B6814D1C3F8A8102B68C3F8B4
:10E72000AC7029463046FFF7C8FE88F31188BFF366
:10E730006F8F73681B7E012B01D1631C06D10020F3
:10E74000DCE7C3F8B020FFF743FEEAE724EAE4720F
:10E750002868D3171F3243F10003520942EAC3620B
:10E7600068305B0900240025CDE90045F7F7CCFCB3
:10E77000E5E708B50220F0F7E3FB002008BD08B587
:10E78000F3F70EFB08BD10B54FF0FF304FF0FF312F
:10E79000F1F7C4FC044628B9D2F72EF8044618B1A4
:10E7A000F1F7C4FC204610BDF1F7C0FC2046E5F7A8
:10E7B000BFFDF7E738B50B8A0D463BB101F10C0000
:10E7C000FDF7C0F9012818D0022803D06FF0150416
:10E7D000204638BD4FF0FF304FF0FF31F1F79EFC7F
:10E7E00004460028F4D1E868DBF72AFA0446F1F77A
:10E7F0009DFCACB1F1F7FCFCEAE74FF0FF304FF0C5
:10E80000FF31F1F78BFC04460028E1D1E868F1F70D
:10E81000B1FE0446F1F78AFC002CD9D1F1F7E8FCEF
:10E820002846E5F723F80024D2E7F1F70DBE10B52E
:10E8300032220021044601F0E6FF202323708023CA
:10E84000A3706FF03F0363710423A3722823A373A3
:10E850000223E3730423A375172363763C23A37673
:10E860006FF01303E37609232377302384F82030F5
:10E87000402384F82130792384F822307E2384F8E1
:10E880002330802384F82630042384F8273010BDF9
:10E8900008B50323DEF75EFC002008BD08B5F2F7DB
:10E8A0007DF9002008BD08B5F8F7ACFC48B100239D
:10E8B00083F31188BFF36F8F0423184602DF6FF0D4
:10E8C000040008BD684620F007018D4601B5DAF75F
:10E8D00035F9BDE8014085467047684620F00701DC
:10E8E0008D4601B5DAF71CF9BDE801408546704751
:10E8F000684620F007018D4601B5DAF715FCBDE842
:10E9000001408546704708B5DEF765F8002008BD70
:10E9100070470020F2F744BA7047D9F753B808B5EA
:10E92000DAF738FE30B1EFF305800338032894BFDF
:10E930000020012008BD70470120704703460020D9
:10E94000184700F04AB9024610B5116891B1B1FA02
:10E9500081F3C3F11F000123834021EA0303D2E8BE
:10E96000EF4F8C4204D1C2E8EC3FBCF1000FF6D16E
:10E97000EBD110BD6FF00B00FBE710B50368CB4087
:10E98000DB0710D401238B40026843EA0201D0E880
:10E99000EF4F944204D1C0E8EC1FBCF1000FF6D158
:10E9A000F2D1002010BD6FF01500FBE710B5044652
:10E9B0000846F2F72DFC04EB4004207DC0F3401024
:10E9C00010BD10B504460846F2F722FC04EB4004E3
:10E9D000A08A00F01C00003818BF012010BD10B53F
:10E9E00004460846F2F714FC04EB4004207DC0F313
:10E9F000400010BD10B50446FFF7F1FF20B12046DE
:10EA0000BDE81040FFF7D2BF10BD10B50446084660
:10EA1000F2F7FEFB04EB4004A08A400B10BD70B57A
:10EA2000044608461646F2F7F3FB083034F8103077
:10EA30000D46DA0509D5C3F3432304EBC30231467F
:10EA4000284654F8333052689847A3682BB13146B2
:10EA50002846E268BDE87040184770BD2DE9F341D3
:10EA60001746DDE90858019001A80C461E46F2F74A
:10EA700013FC019B391E18BF012100EB8300231EEC
:10EA800018BF0123002E43EA41030CBF00210C21D3
:10EA9000002D43EA01030CBF00214FF47061B8F16F
:10EAA000000F43EA01030CBF00214FF44031D0F8BE
:10EAB00080200B4322EA030304B124780FB13F788E
:10EAC0007F001C430EB13678B6003C438DB12978E7
:10EAD00009023443B8F1000F03D098F800804FEAE0
:10EAE0000848214341EA0801C0F8801002B0BDE89F
:10EAF000F0812946EDE71FB50DF10F0301930023C7
:10EB00008DF80F101A4619460093FFF7A7FF05B0BE
:10EB10005DF804FB2DE9F0470025044688461746BA
:10EB20002E464FF00109AA46BE420CD1D4F844311A
:10EB300033B10023C4F84431D4F8443145F40035EE
:10EB40002846BDE8F087F0B2F2F7D8FBA0F5807355
:10EB50009B0809FA03F318EA030F05D022581AB1EB
:10EB600044F800A022581D430136DDE738B50446BD
:10EB70000D46FFF71BFFA8B12046FFF730FF88B90D
:10EB80002046FFF742FF012322688340C2F8183372
:10EB9000236803EB8000D0F8103523F00303C0F89E
:10EBA000103538BD2846BDE838400021FFF7A3BF27
:10EBB000C9B2F3F739BB08B5F3F7CCFB002008BDA9
:10EBC000EFF31180402383F31288BFF36F8F7047F8
:10EBD00080F31188BFF36F8F704708B1E5F748B82D
:10EBE000704740B1C368587810F001001EBF187814
:10EBF000B0FA80F040097047EFF31183402383F3AC
:10EC00001288BFF36F8FFEE710B400F10C04C0E967
:10EC100003440024446110BCDFF710BF10B58269C3
:10EC20006AB1C36842EA0301890708D14169A2FBBE
:10EC3000011424B95B182CBF0121002102D36FF00D
:10EC4000150005E001619B1A42698A4201D8002043
:10EC500010BD026901311A60826903619B1AF3E7F2
:10EC600090F90E308B4201D0F6F71AB800207047A9
:10EC700003460020C3E90033C3E90200704710B522
:10EC8000044630B10268930703D0446809B100F02C
:10EC900077F9204610BD0023C0E90033836000F1FE
:10ECA0000C03C0E903337047012307B50093002329
:10ECB0000A461946F4F756F903B05DF804FB002341
:10ECC00007B50A4600931946F4F74CF903B05DF80E
:10ECD00004FB00210068FFF7D2BF3AB18A4205D396
:10ECE000C0E90212C0E90000002070476FF0150073
:10ECF0007047012302688B4022EA0303036022FA73
:10ED000001F000F001007047704710B50321044680
:10ED10000C30FFF7EEFF30B104F11000F6F7A8FF5A
:10ED2000B0FA80F0400910BD20B1002294301146A5
:10ED3000F6F7B8BC704770B5C3680446C3F3400625
:10ED40009B0716D4856802210C30FFF7D2FF80B1F3
:10ED5000D5F88C206AB194421DD122689EB9D5F8AD
:10ED60009030C5F88C209C4201D1C5F8902000233A
:10ED70002360E36813F01F001EBF43F00203E3604B
:10ED800040F0020070BD3260D5F89020944208BF78
:10ED9000C5F89060EBE716461268DBE710B5F4F7AC
:10EDA00063FE041E08DDEFF31180402383F3128815
:10EDB000BFF36F8FF6F74EF8204610BDEFF30580D6
:10EDC000003818BF012070476FF0570070470020CF
:10EDD0007047D0E9003213605A600023C0E9003365
:10EDE000704738B504460D46F5F786FC237C43F0A2
:10EDF00002032374D5B1A5602B689D4209D16B68CD
:10EE0000C4E900531C606C6010E06A689A42F6D056
:10EE10001B68002BF3D093F90E1094F90E20914249
:10EE2000F3DD5A68C4E9003214605C6038BD10B587
:10EE3000037C044613F0280F0CD183680BB1F5F75F
:10EE400033FD237C204623F004032374BDE81040E7
:10EE5000F5F7EABB10BDF5F7E1BC38B50546046827
:10EE60000020AC4200D138BD002CFCD02046F5F784
:10EE70001BFD04F11800F6F7FBFE2046F5F7D4FB66
:10EE80002C680120A542EDE708B5C3171F3043F1F8
:10EE90000003400940EAC360C117F6F7B1F9400129
:10EEA00008BD08B50246F6F7D9FD70B1D0E90431C6
:10EEB0009B1A61EBE272B3F1004F72F1000104DAC8
:10EEC000002AACBF1846002008BD6FF00040FBE7E9
:10EED00008B5F6F7FBFF08BDF6F7F8BFB3F1FF3F43
:10EEE00008BFB2F1FF3F70B506461D46144614D068
:10EEF0001A4316D0002B08DBF6F7E8FF041941EBA4
:10EF00000501C6E90041304670BD6FF001031C1BCE
:10EF10004FF0FF3363EB0501F3E74FF0FF34214679
:10EF2000EFE70024FBE7B3F1FF3F08BFB2F1FF3F7B
:10EF3000F8B5074616461C4610D054EA020311D015
:10EF4000F6F7C4FFB0420A46A14103460AD2F31ABB
:10EF500064EB0204C7E900343846F8BD4FF0FF33D4
:10EF60001C46F7E70023FBE70023C0E9081200F185
:10EF70001802C0E90622C0E9003303634363704707
:10EF800020B1011F50F8040CF3F748BC704770B56E
:10EF9000A0FB015434B92846F7F730FA064618B9F1
:10EFA000304670BD0026FBE72A46214601F02BFCC7
:10EFB000F6E77047FFF75CBE4FF0FF324FF0FF33CC
:10EFC000F3F716BEF3F7DCBE00207047704710B5AC
:10EFD000044608B1F7F7CCFB2046BDE81040F7F730
:10EFE000B7BB0346C068F8B15888E8B11B8803F482
:10EFF0004F42B2F5824F02D0B2F5884F09D1DBB251
:10F00000272B2AD008D8172B0FD0222B34D0122B25
:10F0100016D06FF085007047302B2FD0413B012B6D
:10F02000F7D8FF2839D100207047C028FBD0E1284D
:10F03000F9D0B0F5807F14BF6FF0860000207047D4
:10F0400020F02003C02BEED020F08003B3F5807FAA
:10F05000E9D040F209239842EDE7E928E3D0EF2810
:10F06000E1D040F21B139842DDD040F29913984250
:10F07000D9D040F23B23EEE7E928F1E720F0200366
:10F08000C02BD0D020F04003B3F5807FCBD0B0F5BB
:10F09000C07FC8D0B0F5007FCDE7B0F5E07FCAE70C
:10F0A0003AB1002918BF00232121D21A184401F0D7
:10F0B000AABB70472DE9F04F9B46002389B08DF81D
:10F0C0001B30159B9146DDE912A7002B0D460B4620
:10F0D0000CBF4FF400624FF4806207A9DDF8508046
:10F0E000F7F7E8FC0446D0B9079E284631880DF1B1
:10F0F0001B02F7F75BFD044688B99DF81B30BB4245
:10F100001FD8CDE90338CDE901BACDF800902B46E0
:10F11000D6E909123046F8F77BFB044608B1C8F877
:10F1200000703A4621465046D8F80030FFF7B8FF45
:10F130000798F8F755FA002C18BF204609B0BDE82B
:10F14000F08F6FF08904EAE741F2062398421AD85B
:10F15000B0F5905F09D241F2010398420CD0B0F5AE
:10F16000885F09D06FF0850070476923A0F5905043
:10F1700080B2C340DB07F5D511F0070F14BF6FF065
:10F18000860000207047B0F5105FEBD121F04003FE
:10F19000802B06D0B1F5807F14BF6FF08600002071
:10F1A00070470020704770B5446A05460E463CB96A
:10F1B0000120F7F7C7FA686228B12046AE6270BD39
:10F1C0006FF08A00FBE76FF08C00F8E7F8B51E4699
:10F1D0000F4615460388C2B103F4E043B3F5805FE0
:10F1E00002D0B3F5005F10D1089BE90019600088D8
:10F1F000FFF7AAFF044630B92A463946304601F0E7
:10F20000DCFA079B1D602046F8BD6FF08504FAE725
:10F2100010B50446406A10B1A16AFFF7D8FE00207D
:10F22000C4E9090010BD38B50446FFF7F1FF237F9C
:10F23000012B0FD0023B012B0FD8236A012B14BFE7
:10F240006FF0960500252C220021204601F0DBFA04
:10F25000284638BD236A002BF1E76FF09605F2E7E8
:10F2600038B514460288049D02F4E040B0F5805F92
:10F2700007D0B0F5005F04D002F44F42B2F5824FE0
:10F280000ED1AC420FD81846224601F096FA002162
:10F290002A1B204401F0B7FA0020059B1C6038BDF2
:10F2A0006FF08500FBE76FF08900F8E7F0B50F46D7
:10F2B0001E46154685B0CAB100230122336003A95A
:10F2C000F7F7F8FB044670B9CDE9005603983B46C2
:10F2D000D0E90912F8F73AFA04460398F8F780F9EA
:10F2E000002C08BF0446204605B0F0BD6FF089042D
:10F2F000F9E7F0B50F461E46154685B0FAB1002372
:10F3000003A91A463360F7F7D5FB044688B903987A
:10F3100003885B0410D5CDE900563B46D0E90912BD
:10F32000F8F728FA04460398F8F75AF9002C08BFB2
:10F330000446204605B0F0BD6FF08604F3E76FF099
:10F340008904F6E710B50368044643B100F031F9CB
:10F3500000232360A3886FF30803A38010BD184621
:10F36000FCE72DE9FF41984600230C46016805465D
:10F3700016460393002939D14FF41F72083001F06B
:10F3800042FAB8F1000F204633460CBF4FF400623A
:10F390004FF4806203A9F7F78DFB0446B8B9039FC9
:10F3A000304639882A1DF7F701FC044678B96B7995
:10F3B000394668F300036B71D7E9092328460096A4
:10F3C000B8F1000F0FD0F8F74DFA044610B12846F7
:10F3D000FFF7B8FF0398F8F703F9002C18BF204691
:10F3E00004B0BDE8F081F8F761FAEEE76FF0880449
:10F3F000EDE70123FFF7B5BF38B5036805461446AE
:10F400004BB132B100F0C0F8044610B12846FFF706
:10F4100099FF204638BD6FF08804FAE72DE9F041E6
:10F420001646026805460F469846F2B14279D20761
:10F430001BD50279CAB1B2421AD800F0AEF8044620
:10F4400018B10023C8F800602B7137B1324621464D
:10F450003846D8F80030FFF723FE2846FFF772FF42
:10F46000002C18BF2046BDE8F0816FF08804E8E763
:10F470006FF08904E5E71FB501240394089C02940A
:10F48000079C0194069C0094FFF714FE04B010BD85
:10F490002DE9F04705469A46002388B0079325F0EA
:10F4A000004323F47F03B3F1106F0846DDE91096A3
:10F4B0001746DDF8488023D12B464FF4804207A938
:10F4C000F7F7F8FA044660B9CDE90368CDE901A978
:10F4D000079800972B46D0E90912F8F70BFA044673
:10F4E00028B131464846F7F72DFDC8F80060079867
:10F4F000F8F776F8002C18BF204608B0BDE8F08772
:10F500006FF08604EDE703461B88084603F4E043EA
:10F51000B3F5805F114602D0B3F5005F01D1F7F774
:10F5200011BD6FF0850070471C22002101F06BB9FE
:10F53000037F022B06D1036A5A1C03D001330362F6
:10F54000002070476FF096007047034668B1017F56
:10F550008A1E012A0BD80329026A03D1012A01D18C
:10F56000FFF761BE1AB1013A1A62002070476FF0CE
:10F5700096007047C0B2FF280CBF6FF086000020D5
:10F580007047F8F73BBA70470368052B02D1083083
:10F59000F9F76EBA6FF08600704710B40468052C56
:10F5A00003D110BC0830F9F77BBA6FF0860010BCAD
:10F5B00070470368052B02D1083000F0C4B9002061
:10F5C00070470020F8F7ECBB0020F8F723BC0020C0
:10F5D00000F0C6B8DEF7D0BA0A2842DCC31C1FDA36
:10F5E00010F1400F45D010F13F0F2BDA10F1410F11
:10F5F00042D010F1550F42D010F1490F14BF6FF0F7
:10F6000086006FF08400704709282DD8DFE800F0ED
:10F61000052C2C2F172C372C2C3A6FF098007047A4
:10F6200003300D2820D8DFE800F00A331F221F1F07
:10F630001F1F1F1F071F1F076FF0940070476FF0F9
:10F640008500704710F1210F1FD00DDB10F1200F46
:10F650001ED010F1100F14BF6FF086006FF09400F1
:10F66000704764380928CFD96FF0860070470020B2
:10F6700070476FF0840070476FF0890070476FF03B
:10F68000930070476FF08C0070476FF088007047F0
:10F690006FF09200704710B501380A44914200D1D2
:10F6A00010BD10F8013F11F8014B63400370F5E7FE
:10F6B0000144814200D1704711F8013D1A440A709B
:10F6C000120AF6E730B5002503F58073013A002AE7
:10F6D0000ADAD8B2284303D0FF2B94BF00200120C0
:10F6E000FF2B98BF013830BD845C1C448B5C013A11
:10F6F000E41A230AE4B2FF332543E8E707B501A97A
:10F70000F8F79CFA003818BF012003B05DF804FB3D
:10F71000F7B506460D46202D2F46A8BF202700210D
:10F720006846F9F777FC044670B93A4631466846B0
:10F73000F9F7C2FC10F1520F044608D0431CF4D074
:10F74000684600F07FFB34B1204603B0F0BD684648
:10F7500000F078FBE3E7EC1B3E44F5D02546DAE702
:10F76000002070472DE9F04107463C88184604F414
:10F770004F43B3F5824F0D469046079E02D0B3F536
:10F78000884F0FD1E4B2A4F14103012B01D9122C0F
:10F790000BD14246294601F010F80020C6F800803F
:10F7A000BDE8F081B4F5885FF2E77B88069A0733FD
:10F7B000B2EBD30F4FEAD30408D3014622462846C2
:10F7C000F8F7CAFB0028EBD13460E9E76FF0890055
:10F7D000E6E7F8F785BDC0F30253013B10B5052BF2
:10F7E00021D8DFE803F01B0B0B0B0313032300F0FE
:10F7F00030002028136013D0002010BD0B8844F285
:10F8000012118B420CBF04230223F0E70B8844F251
:10F8100012118B420CBF06230323E8E70123E6E71E
:10F8200002331360E8E76FF09800E6E713B50C4683
:10F83000F8F704FAC31C0FD0013009D004224FF0AE
:10F84000FF3321460DEB0200019300F0EBFF30B9CE
:10F850006FF08B0002B010BD6FF08400FAE700205B
:10F86000F8E730B589B0054618220C4601A80021FA
:10F8700000F0C9FF012344EA052401A9BA20079436
:10F880000593F8F77BF9002818BF6FF0920009B0D4
:10F8900030BDF7B5BA2001A9F8F7D0F9044610B188
:10F8A000002003B0F0BD019D2F0AEDB2AC4205D19E
:10F8B000BA20F8F7A9F90028F2D008E0E619304696
:10F8C000F8F7A2F930B13046FFF718FF10B96FF022
:10F8D0009200E6E70134E9E738B5037804460333DC
:10F8E00003F00303012B0FD86FF0210038BD6078BF
:10F8F0002844F8F77BF948B901352378C3F382032C
:10F900009D42F4D30020F1E70025F6E70220EDE761
:10F9100008B5F820FFF7F2FE18B9F920FFF7EEFE60
:10F9200010B16FF0920008BDF820F8F75FF90028D9
:10F93000F7D1F920F8F75AF90028F4D0F1E7F9F7F0
:10F9400041B8F9F73FB808B54FF41F7100F0FEFE5B
:10F95000002008BD002310B500F11002103112F88C
:10F96000014D43EA4403824201F8013D4FEAD413BA
:10F97000F5D110BD70B5064688B00C46154600217D
:10F980001022684600F03FFF06F5A47106F5D67018
:10F990006A4604AB00F0FBFC0646C0B9214604A849
:10F9A000FFF7D8FF9DF910302946002BB8BFE37B45
:10F9B0002046BCBF83F08703E373FFF7CBFF94F9C6
:10F9C0000030002BBEBFEB7B83F08703EB73304628
:10F9D00008B070BD2DE9F84F04468846154600274B
:10F9E00000F5CA7900F5C27AADB92DE03246494634
:10F9F0005046FFF750FE5346524604F5A47104F5F5
:10FA0000D67000F0C4FC00BB0146C4F8A401324625
:10FA1000484600F0F8FED4F8A40108EB0701C0F155
:10FA2000100BAB4528BFAB4648445A4600F0C5FE14
:10FA3000D4F8A4615F445E44102EC4F8A461A5EB21
:10FA40000B05D1D1002DD1D10020BDE8F88FF0B544
:10FA500004468DB010220021684600F0D4FE2046F6
:10FA600008AA04A9FFF786FF80BBD4F8A45104F5C7
:10FA7000CA76102D2A462BD1304604A9FFF70BFE7B
:10FA80006D46334604F5D2772A461868596808331C
:10FA900003C2BB421546F7D104F5C2751022694670
:10FAA0002846FFF7F8FD2B462A4604F5A47104F515
:10FAB000D67000F06CFC48B904F10C0355F8042B27
:10FAC000B54243F8042BF9D1102363600DB0F0BDAB
:10FAD0003146684600F071FE05F130030DEB030579
:10FAE00080231022684608A905F8303CFFF7D3FDB3
:10FAF000D2E72DE9F84300F1640604468846304613
:10FB0000012191461F46F9F751FB18B1BDE8F843B2
:10FB1000FFF762BD04F1500504F5A4712846F9F71A
:10FB20003BF9044680B94A464146284600F0D9F8D8
:10FB3000044648B93946284600F004F9044618B985
:10FB4000284600F072F904463046F9F71DFB2046BE
:10FB5000DCE743681BB11A690AB1586910470020F5
:10FB6000704738B54368054613B90024204638BDB0
:10FB7000DA68002AF9D05869904704460028F4D082
:10FB80002846FFF7E6FF002818BF0446EEE770B5E9
:10FB9000057B0446002D38D0B2F1807F06D3FFF7F5
:10FBA000D8FF002808BF6FF03F0070BD806825694E
:10FBB0001044A060296002F10F00216920F00F00BD
:10FBC00040F000558D60256826692D68811A2D69E1
:10FBD000824245EA0125F560256905F11005256198
:10FBE00065692B6063699A60636903F1100565615B
:10FBF00001D10020D9E700221A61636941F08041F8
:10FC00009960636910336361F3E76FF02000CCE71C
:10FC100038B5027B32B3016882680C7AA24206D200
:10FC2000FFF797FF002808BF6FF0530038BD4C7AEC
:10FC3000B2FBF4F504FB152232B1FFF78AFF00286E
:10FC400008BF6FF04500F1E7C269497911421CBF56
:10FC50008A43C261602100F170020C30F9F700F9AB
:10FC60000020E3E76FF02000E0E738B5037B0546AE
:10FC700063B1F9F76BF9431C044605D02846FFF73A
:10FC800068FF002818BF0446204638BD6FF02004E6
:10FC9000FAE710B504462046FFF7E7FF431CFAD009
:10FCA00010BD026913690BB15069184718467047B7
:10FCB00008B5826803465AB902681169426A11425E
:10FCC00006D0FFF7EEFF002808BF6FF0530008BD15
:10FCD00003F11400702103F17802F9F7C1F8002054
:10FCE000F5E710B5047D03464CB3B2F1807F06D32F
:10FCF000FFF7D7FF002808BF6FF03F0010BD446832
:10FD0000062C06D9FFF7CDFF002808BF6FF044008E
:10FD1000F4E70AB90020F1E78069016099698A6017
:10FD2000186899698069C068C860996910319961DB
:10FD3000596801315960996811449960EAE76FF098
:10FD40002000DBE710B4037D002B56D08368C3B9D5
:10FD5000836900F124021A60036882691B68013319
:10FD600043F000539360046882692368A4690133F7
:10FD7000E4681B0203F4F8532343D3608369103310
:10FD80008361036882681C68131923EA0403846989
:10FD90009B1A54F8042C42EA032244F8042C82698A
:10FDA00052F8084C234443F0005342F8083C0368DF
:10FDB0001A68C368134423EA0203C2691160C26966
:10FDC000C1689160C26902F11001C161C1688B42D2
:10FDD0000AD000211161C168C2695B1A43F08043F7
:10FDE0009360C3691033C3610368DA68436A23EA26
:10FDF0000203436210BCFFF75BBF6FF0200010BC32
:10FE0000704738B5037D054663B1F9F79FF8431C89
:10FE1000044605D02846FFF744FF002818BF0446D3
:10FE2000204638BD6FF02004FAE710B5037D044684
:10FE30002BB12046FFF7E5FF431CFAD010BD6FF051
:10FE40002000FBE710B5037804461BB1F7F7A0FDCF
:10FE500000232370002010BD0368D868C0F3004061
:10FE60007047036803F58053586A00F4A0200038F7
:10FE700018BF01207047022203689A607047036828
:10FE8000D868F9F7D9BA024608B5136803F5805364
:10FE90005B68C62B09D01046FFF7DEFF0028F4D1BF
:10FEA0001046BDE80840FFF7EABF6FF0010008BD4B
:10FEB00003685A5070470369996670470369986EE2
:10FEC000704770B506460D461446FFF7F7FF013D33
:10FED000026844EA0524304622430421BDE870400C
:10FEE000FFF7E6BF73B50546D0E90146CDE900232B
:10FEF000FFF7E4FF0068ED68C0009DF800209DF862
:10FF0000073004EB0614A5F1080114D502F03F02F6
:10FF100042F0200243F00103601B8DF800208DF8B1
:10FF2000073000F0EFFA083C08226946204600F04E
:10FF300014FB02B070BDA41B03F03F0342F00102AA
:10FF400043F0200304F108008DF800208DF80730FD
:10FF500000F0D8FAE8E710B50446FFF7AFFFC26833
:10FF60004AB142F420222046BDE81040002142F46C
:10FF70000062FFF79DBF10BDC06870472DE9F843D0
:10FF80000A680C4612F4700F15D1D0E90159D1F866
:10FF90000880FFF793FF03682046DB0048BF6368D3
:10FFA0004FF0000744BFA9EB0303ED1800F0D6F8AB
:10FFB0000646B74201DBBDE8F88341462846626841
:10FFC00000F0CBFA63684D4498440137F1E770B50F
:10FFD0000C461E461046D1E9012505EB420529468F
:10FFE00000F0BBFA62683046A918BDE8704000F026
:10FFF000B4BA38B50446FFF761FFD4E901350168AA
:020000023000CC
:100000004268C90042BFE168691A5B18002112B951
:1000100004F1140038BDD00707D50B2901D9E3F747
:10002000C9F904EB8100436101312B445210EEE722
:100030002DE9F04F044685B00E4691460193FFF737
:100040003DFFD4F848A00546BAF1000F07D020467E
:10005000F9F7B4F91025284605B0BDE8F08F876898
:10006000D4E9018BF9F75EF9326811064CBFC2681A
:1000700042687168914204DD2046F9F79FF90D2529
:10008000E9E7E1603268204649EA02092A6949EA5B
:100090000202FFF716FF2A68D20003D5E268ABEB35
:1000A000020290443FB931462046FFF767FF2B69B3
:1000B0006BB90025CFE7FB0748BF019B4FEA6707F5
:1000C00044BF43F82A800AF1010AD844EAE702A8AB
:1000D00000F0F4F9054618B12046F9F76FF9BAE7D0
:1000E0002046DDE90223FFF7FDFE08210DEB0100AC
:1000F00000F02CFBDDE710B50446FFF72CFFBFF343
:100100005F8F03222046BDE810400821FFF7D0BED4
:10011000C0F30B03482B4B6028BF482310F4003F6B
:100120008B6008BF0023CB6010F4803308BFC1E9A7
:10013000013300F47003B3F5700F14BF00238B6814
:1001400000284FF0010C4FF008028B60B8BF00236D
:10015000C1E905C2B8BFC1E905337047036802466B
:1001600013F4700F06D1806828B1D368506893FBF0
:10017000F0F07047002070472DE9F0479946058858
:1001800043888AB003F10708009305F44F43B3F5A1
:10019000824F04468A4617464FEAD80602D0B3F586
:1001A000884F3FD1EDB22022002102A800F02BFBA6
:1001B0000023BE42C9F8003041D8B8F5847F41D24F
:1001C00020466A463946F9F765FA044630BB2846A8
:1001D000009901AAF9F7A0F90446F8B9A5F141037D
:1001E000012B21D8324602A9F7F714FE28BB31466D
:1001F00002A800F079FA40BB412D04D1202E02D193
:1002000002A800F0F5F93246504602A900F0D5FAEE
:10021000202102A800F09AFAC9F8006020460AB02E
:10022000BDE8F0870025BEE73A465146019800F048
:10023000EAF90028ECD0FFF7CFF90446EEE76FF0BB
:100240008904EBE76FF08504E8E76FF09304E5E7D6
:100250002DE9F341DDF820801E46438842450F46D4
:100260001546019315D8294601AAF9F713FA044651
:1002700058B92B463A464146304600F04AFA58B142
:100280000A9B019A1A60099B1D60204602B0BDE8D6
:10029000F0816FF08904F8E76FF08604F5E72DE947
:1002A000F0431F460688438895B0029306F44F43F7
:1002B000B3F5824F0546144602D0B3F5884F2FD1CF
:1002C000F6B20A462346412103A8D5F80C9000F067
:1002D00020FA38B31C9B9C4227D82846214602AA04
:1002E000F9F7D8F90546B8B9122EDDF8088001D023
:1002F000302E07D1424631464846009403ABF9F709
:1003000093F9A8B92246384603A900F056FA1E9B75
:10031000C3F800801D9B1C60284615B0BDE8F08323
:100320000026CEE76FF08605F6E76FF08905F3E764
:100330000546F1E78B4238B505460C46104607D313
:100340000A46294600F039FA0020049B1C6038BD9B
:100350006FF08900FBE7F8B5069F05461646FFF7E4
:1003600016FC044640B92846FFF752FC044618B96B
:100370002846FFF78EFC044605F10C00F8F704FF51
:1003800004B93E602046BDE8F840FFF725B92DE9E5
:10039000FF4100F10C0804460D4640460121164677
:1003A0001F46F8F703FF20B104B0BDE8F041FFF7A6
:1003B00013B929462046F8F793FC054620B140467C
:1003C000F8F7E2FE2846EFE703AB009310223B4626
:1003D00031462046FFF7BFFF04B0BDE8F08110B5FD
:1003E0009EB0024646F611031AA901A8F8F724FDAB
:1003F0000023039A10211360039A01A89360039BC2
:100400001AAA10330393F8F72BFDF8F79FFD431C4E
:100410000446FAD001A8742100F098F920461EB0D5
:1004200010BDF8B50668054696420C46A2EB0607D5
:1004300001DDE2F7BFFF3946204600F063F832469F
:100440006968E019BDE8F84000F087B8FFF7E9BF38
:10045000F8B507461646D2E900208A420C460BDB67
:10046000551A294600F04EF822463946706828444D
:10047000BDE8F84000F09FB8891A3944F8E770B534
:1004800014460E461D4621461A46FFF7E1FF214657
:10049000304605F10802BDE87040FFF7D9BF70B5DE
:1004A000054616461C461A46FFF7BBFF2246314654
:1004B00005F10800BDE87040FFF7B3BF10B5044672
:1004C000F8F730FF436963B12046F9F701F850B9F6
:1004D000D4E900321343F7D0201DBDE81040F8F7EF
:1004E000F7BF6FF0020010BD13B504461046226836
:1004F00001921A4601AB184400F05FF9019B23609A
:1005000002B010BDF7B505460C4609B3002310F044
:10051000030601930BD0C6F1040732463B4601A9FE
:1005200020F00300FFF7E0FF26443D44341F2A4635
:10053000002124F003032B449A420BD114F003034F
:1005400006D024F00304002201A92819FFF7CCFFEC
:1005500003B0F0BD42F8041BEEE72DE9F04110F0C6
:10056000030705460E4614460BD0C7F10408434660
:100570003A4620F00300FFF7B7FF043C45444644E9
:100580003C44324624F00303291F33449A420BD1E2
:1005900014F003030DD024F00304311928190022AC
:1005A000BDE8F041FFF7A0BF52F8040B41F8040F7B
:1005B000ECE7BDE8F081F7B5034614460D4601AF00
:1005C0000CB903B0F0BD05F00301C1F10406A64269
:1005D00028BF264625F003021268184601923944C6
:1005E000324600F0EAF8034635443344A41BE7E7FB
:1005F000037823F007030370C37F03F07F0343F006
:100600004003C37770470B46D0E901108A42084483
:1006100002D31A4600F003B86FF0400070472DE98E
:10062000F0470446104639B122460023164612F818
:10063000015B35B98B4202D16FF0530435E00133D1
:10064000F4E78B42F8D04A1E9A4201D1022DF3D929
:10065000A25CD2072FD5FF2415EA040228D1E44377
:10066000A1EB0308C71800F066F8E5B208EB070A2B
:10067000424639460020F7F7CDFB0446E8B93B78FF
:1006800081462B403B703B4613F8012B9A4549EAC3
:100690000209F9D10023424631463846FFF712F8E5
:1006A000B9F1000FE4D00028E2DA2046BDE8F08777
:1006B0006400E4B2D0E76624F7E70224F5E7F9F72F
:1006C0009DBA07B54FF0FF334FF0FF32CDE900235D
:1006D000002200F06FF803B05DF804FB00F066B88C
:1006E00000F060B8FEF7D0BB002313B58DF80730DB
:1006F0008B4206D19DF80700B0FA80F0400902B0A5
:1007000010BDC45C9DF80720013322438DF80720FB
:10071000EEE78B4230B50CD8002421469C4203D131
:10072000081E18BF012030BD155D05552943013451
:10073000F4E70020F7E710B58B4294BFC4184418C3
:10074000A04200D110BD00F8012BF9E700231A46A2
:1007500082B001908B4201D102B070470198C2541F
:100760000133F7E710B50B680446D0E9180212F020
:10077000010F03EA000301D0984211D183B123662F
:10078000520748BF4A6804F1180044BF1A434A6040
:10079000F5F76EFA00232046C4F88030FEF747FBD9
:1007A000002010BD4FF0FF32F9F73CB90A46002196
:1007B000F9F738B95200F9F77FB90A44431E91425C
:1007C00000D1704710B511F8014B914203F8014F69
:1007D000F9D110BD884210B501EB020402D9844260
:1007E000234607D8431EA14207D011F8012B03F876
:1007F000012FF8E70244824200D110BD13F8011D19
:1008000002F8011DF7E702440346934200D1704706
:1008100003F8011BF9E7044608B5F9F7FBFC20468D
:10082000E2F7F6FD0139024410B5904201D10020F3
:1008300005E0037811F8014FA34201D0181B10BD49
:100840000130F2E70139034610B532B111F8014F1A
:10085000013A03F8014B002CF7D11A4400219342CE
:1008600000D110BD03F8011BF9E70246014410B5A1
:100870008A42134603D01C780132002CF8D1181A92
:1008800010BDF0B5C3F13707044603F01F0310464F
:10089000FFB2082BE6B232D0102B3DD06508A40879
:1008A00045EAC17544EA81748A082D1942EB510268
:1008B000290941EA02716D1842EB1212290A41EA34
:1008C00002616D1842EB1222290C41EA02416D18B7
:1008D00042EB1242AD1842F10002EC0844EA4274C5
:1008E000D10804EB8402A6EB4205EDB2092D0CD928
:1008F0000134A5F10A0541F10001EDB212E0E4086E
:1009000006F0070544EA4174C908303554EA01028B
:1009100000F8015BBDD1F0BD240906F00F0544EAE3
:1009200001740909092D84BFED19EDB2EDE7D1E994
:10093000043293421EBF5A1C0A61187070470000AF
:0809400080C9FD7F01000000E9
:10094800C93B010000000000BDFF010000000000DD
:1009580000000000300A0300B7EB020000000000AE
:10096800CD27020000000000C5280200000000009A
:1009780000000000840A0300000000004C0A030085
:1009880000000000680A030000000000A00A03003D
:10099800F90B02000000000007E902000000000057
:1009A80000000000BC0A030000000000D80A030091
:1009B80079F001000000000073E702000000000069
:1009C800310301000000000049340100000000006C
:1009D80000000000F40A030009DB0000000000002A
:1009E800ED3402000000000000000000100B0300BE
:1009F8004117010000000000C54001000000000090
:100A08009DE8020000000000A7E8020000000000C6
:100A18007D470100000000002517010000000000CC
:080A28000D01020000000000B6
:100A30005F7203009020030080140300541700200D
:100A4000105200204DED010000000000CA730300A9
:100A5000E42003005C1403005A170020A852002071
:100A60001DF6010000000000D6730300F82003000B
:100A70005C1403005C170020B45200201DF6010036
:100A800000000000E17303000C2103005C1403006C
:100A90005E170020C05200201DF60100000000007B
:100AA000EC730300202103005C1403006017002096
:100AB000CC5200201DF60100000000008F720300E0
:100AC000000000003C140300561700200000000046
:100AD0002DE10200000000007874030044210300AF
:100AE0009C140300621700209816002095F801005E
:100AF000000000003B770300000000009C21030081
:100B000064170020DC5200208D030200000000006A
:100B100097720300000000004414030058170020DF
:0C0B200000000000F1F0010000000000E7
:100B2C000000000025BA02000000000025BA0200F7
:100B3C000000000025BA02000000000025BA0200E7
:100B4C000000000025BA02000000000025BA0200D7
:100B5C000000000025BA02000000000025BA0200C7
:100B6C000000000025BA02000000000025BA0200B7
:100B7C000000000025BA02000000000025BA0200A7
:100B8C000000000025BA02000000000025BA020097
:100B9C000000000025BA02000000000025BA020087
:100BAC000000000025BA02000000000025BA020077
:100BBC000000000025BA02000000000025BA020067
:100BCC000000000025BA02000000000025BA020057
:100BDC000000000025BA02000000000025BA020047
:100BEC000000000025BA02000000000025BA020037
:100BFC000000000025BA02000000000025BA020027
:100C0C0000000000E50C02000000000025BA020004
:100C1C000000000025BA02000000000025BA020006
:100C2C000000000025BA02000000000025BA0200F6
:100C3C000000000025BA02000000000025BA0200E6
:100C4C000000000025BA02000000000025BA0200D6
:100C5C000000000025BA02000000000025BA0200C6
:100C6C000000000025BA02000000000025BA0200B6
:100C7C000000000025BA02000000000025BA0200A6
:100C8C000000000025BA02000000000025BA020096
:100C9C000000000025BA02000000000025BA020086
:100CAC000000000025BA02000000000025BA020076
:100CBC000000000025BA02000000000025BA020066
:100CCC000000000025BA02000000000025BA020056
:100CDC000000000025BA02000000000025BA020046
:100CEC000000000025BA02000000000025BA020036
:100CFC000000000025BA02000000000025BA020026
:100D0C000000000025BA02000000000025BA020015
:100D1C000000000025BA02000000000025BA020005
:100D2C000000000025BA02000000000025BA0200F5
:100D3C000000000025BA02000000000025BA0200E5
:100D4C000000000025BA02000000000025BA0200D5
:100D5C000000000025BA02000000000025BA0200C5
:100D6C000000000025BA02000000000025BA0200B5
:100D7C000000000025BA02000000000025BA0200A5
:100D8C000000000025BA02000000000025BA020095
:100D9C000000000025BA02000000000025BA020085
:100DAC000000000025BA02000000000025BA020075
:100DBC000000000025BA02000000000025BA020065
:100DCC000000000025BA02000000000025BA020055
:100DDC000000000025BA02000000000025BA020045
:100DEC000000000025BA0200000000003D92020045
:100DFC000000000025BA02000000000025BA020025
:100E0C000000000025BA02000000000025BA020014
:100E1C000000000025BA02000000000025BA020004
:100E2C000000000025BA02000000000025BA0200F4
:100E3C000000000025BA02000000000025BA0200E4
:100E4C000000000025BA02000000000025BA0200D4
:100E5C000000000025BA02000000000025BA0200C4
:100E6C000000000025BA02000000000025BA0200B4
:100E7C000000000025BA02000000000025BA0200A4
:100E8C000000000025BA02000000000025BA020094
:100E9C000000000025BA02000000000025BA020084
:100EAC000000000025BA02000000000025BA020074
:100EBC000000000025BA02000000000025BA020064
:100ECC000000000025BA02000000000025BA020054
:100EDC000000000025BA02000000000025BA020044
:100EEC000000000025BA02000000000025BA020034
:100EFC000000000025BA02000000000025BA020024
:100F0C000000000025BA02000000000025BA020013
:100F1C000000000025BA02000000000025BA020003
:100F2C000000000025BA02000000000025BA0200F3
:100F3C000000000025BA02000000000025BA0200E3
:100F4C000000000025BA02000000000025BA0200D3
:100F5C000000000025BA02000000000025BA0200C3
:100F6C000000000025BA02000000000025BA0200B3
:100F7C000000000025BA02000000000025BA0200A3
:100F8C000000000025BA02000000000025BA020093
:100F9C000000000025BA02000000000025BA020083
:100FAC000000000025BA02000000000025BA020073
:100FBC000000000025BA02000000000025BA020063
:100FCC000000000025BA02000000000025BA020053
:100FDC000000000025BA02000000000025BA020043
:100FEC000000000025BA02000000000025BA020033
:100FFC000000000025BA02000000000025BA020023
:10100C000000000025BA02000000000025BA020012
:10101C000000000025BA02000000000025BA020002
:10102C000000000025BA02000000000025BA0200F2
:10103C000000000025BA02000000000025BA0200E2
:10104C000000000025BA02000000000025BA0200D2
:10105C000000000025BA02000000000025BA0200C2
:10106C000000000025BA02000000000025BA0200B2
:10107C000000000025BA02000000000025BA0200A2
:10108C000000000025BA02000000000025BA020092
:10109C000000000025BA02000000000025BA020082
:1010AC000000000025BA02000000000025BA020072
:1010BC000000000025BA02000000000025BA020062
:1010CC000000000025BA02000000000025BA020052
:1010DC000000000025BA02000000000025BA020042
:1010EC000000000025BA02000000000025BA020032
:1010FC000000000025BA02000000000025BA020022
:10110C000000000025BA02000000000025BA020011
:10111C000000000025BA02000000000025BA020001
:10112C000000000025BA02000000000025BA0200F1
:10113C000000000025BA02000000000025BA0200E1
:10114C000000000025BA02000000000025BA0200D1
:10115C00D80A0300E5FB01000000000025BA0200DC
:10116C000000000025BA02000000000025BA0200B1
:10117C000000000025BA02000000000025BA0200A1
:10118C000000000025BA02000000000025BA020091
:10119C000000000025BA02000000000025BA020081
:1011AC000000000025BA02000000000025BA020071
:1011BC000000000025BA02000000000025BA020061
:1011CC000000000025BA02000000000025BA020051
:1011DC000000000025BA02000000000025BA020041
:1011EC000000000025BA02000000000025BA020031
:1011FC000000000025BA0200D814002063E20200AF
:10120C000000000025BA02000000000025BA020010
:10121C000000000025BA02000000000025BA020000
:10122C000000000025BA02000000000025BA0200F0
:10123C000000000025BA02000000000025BA0200E0
:10124C00312102003DE902000000000025BA020035
:10125C000000000025BA02000000000025BA0200C0
:10126C000000000025BA02000000000025BA0200B0
:10127C000000000025BA02000000000025BA0200A0
:10128C000000000025BA02000000000025BA020090
:10129C000000000025BA02000000000025BA020080
:1012AC000000000025BA02000000000025BA020070
:1012BC000000000025BA02000000000025BA020060
:1012CC000000000025BA02000000000025BA020050
:1012DC000000000025BA02000000000025BA020040
:1012EC000000000025BA02000000000025BA020030
:1012FC000000000025BA02000000000025BA020020
:10130C000000000025BA02000000000025BA02000F
:10131C000000000025BA02000000000025BA0200FF
:10132C000000000025BA02000000000025BA0200EF
:10133C000000000025BA02000000000025BA0200DF
:10134C000000000025BA02000000000025BA0200CF
:10135C000000000025BA02000000000025BA0200BF
:10136C000000000025BA02000000000025BA0200AF
:10137C000000000025BA02000000000025BA02009F
:10138C000000000025BA02002414002063E20200D1
:10139C001BE902003DE902000000000025BA020032
:1013AC000000000025BA02000000000025BA02006F
:1013BC000000000025BA02000000000025BA02005F
:1013CC000000000025BA02000000000025BA02004F
:1013DC000000000025BA02000000000025BA02003F
:1013EC000000000025BA02000000000025BA02002F
:1013FC000000000025BA02000000000025BA02001F
:10140C000000000025BA02000000000025BA02000E
:10141C000000000025BA02000000000025BA0200FE
:10142C000000000025BA02000000000025BA0200EE
:08143C0019E1020000000000AC
:1014440019F1010003E20200EDE10200D9F001000C
:08145400C9F00100E1F0010004
:10145C0021F401001BE2020027E202003BE2020041
:10146C0045E202004FE2020011F3010019F2010003
:04147C00000000006C
:10148000ADED01000DE10200D9E002000000000016
:0C14900071EC01000000000000000000F2
:10149C0057E30200CFE602009FE3020031FA01009D
:1014AC0003E3020061E502006DE3020059F901005B
:0414BC008BE20200BD
:1014C000050000003D8601000600000039D701003C
:0814D000040000005599010021
:1014D800EDE000006DE000000000000000000000EA
:1014E800000000000000000065E3000000000000AC
:1014F80000000000000000000000000000000000E4
:101508000000000069B301000000000000000000B6
:10151800441F030008000000D41B0300050000005E
:101528006D63030003000000684703000300000028
:10153800FA5C030003000000B4710300030000001C
:101548009247030003000000D75503000300000082
:10155800666B030003000000FC3903000300000071
:1015680088510300030000007954030003000000C1
:10157800AC710300030000000860030003000000D2
:101588003D440300030000000B3A03000300000081
:1015980058770300030000004677030003000000AB
:1015A8006045030003000000D06F03000300000043
:1015B800F371030003000000FD2D03000300000089
:1015C800832A030003000000817203000300000067
:1015D8000E8803000300000083440300030000009A
:1015E800B0720300030000005C79030003000000F0
:1015F800FB31030003000000123303000300000066
:101608001633030003000000E7770300030000001F
:101618002A410300030000008F4303000300000079
:101628002A44030003000000073A030003000000F7
:101638005A78030003000000F73A03000300000093
:101648002A7E030003000000782C0300030000003A
:101658006345030003000000394403000300000051
:10166800182F030003000000837403000300000028
:10167800641B0300644D0020713403000100000066
:101688005D4503000000000000000000713D0100FE
:1016980025400100000000001C6703000100000055
:1016A80000000000DDCE0200000000000000000085
:1016B8005A6B03000100000000000000F1AB0100BC
:1016C8000000000000000000526B03000100000051
:1016D80000000000F1A10100EDB1010000000000D0
:1016E800A47103000100000000000000C1E6010031
:1016F800A9E4010000000000606B03000100000085
:101708000000000091A7010009A7010000000000E7
:101720000001600030000000000000000000000028
:101730006000600000000000000000006F50030027
:1017400074500300785003007C5003008050030065
:1017500084500300885003008C5003009050030015
:1017600094500300985003009C500300A0500300C5
:10177000A4500300A8500300AC500300B050030075
:10178000B450030000A0105000820D50000405501A
:1017900000860D500500000004000000010000005C
:1017A00001010002070000000100000010270000F6
:1017B0001027000001000B0002000A0005000900CC
:1017C0000A000800140007001E0006003200050091
:1017D0004B0004006400030096000200FA000100C0
:1017E000F4010000F401FA00960064004B0032009E
:1017F0001E0014000A000500020001000C08021778
:101800000D0101020909010106020918180301016D
:1018100009098383850302012302022409100404B9
:1018200005050B0B040B2B1B1B159A9A1C021D168E
:10183000130501490D150508061B1B0F01010000CA
:10184000FEFEFEFEFEFEFEFEFEFEFEFEFEFEFEFEB8
:10185000FEFEFEFEFE16FEFEFEFEFEFEFEFEFEFE90
:10186000FEFE1F1FFE26FEFEFEFEFEFEFEFEFEFE2E
:10187000FEFEFEFEFEFEFEFE3E3EFEFEFEFE3B3B8E
:1018800025262700F82000200200000B01000000A0
:101890000700000000000000000000000000000041
:1018A0000406080A0C0E10121416181C1E202224FE
:1018B00026282A2C2E30323436383A3C3E404244D8
:1018C00046484A4C4E021A50000000002800000012
:1018D0001800000000000000F023000024130000A6
:1018E00000000000400600004006000000009808CC
:1018F0006B03000000000000F02300002413000030
:101900000000000048A3000014A0000000004006F2
:101910000C030000601100200200000B5A2100207F
:101920000200000CBE2100200200000BBE2100209E
:101930000100000CBC2100200100000C0000000090
:101940000000010101010101010101010101020287
:10195000020202020303040405050606070708083D
:10196000090A0B0C0D0E0F1011121314151617186F
:10197000191A1B0010010000D20000003001000005
:10198000D800000001000000E40000000200000098
:10199000EA00000002000000EC000000030000006C
:1019A000EE00000004000000F00000000500000050
:1019B000F200000006000000F40000000700000034
:1019C000F600000008000000F70000000900000019
:1019D000F80000000A000000F90000000B00000001
:1019E000FA0000000D000000FB0000000F000000E6
:1019F000FC00000011000000FD00000013000000CA
:101A0000FE00000015000000FF00000018000000AC
:101A1000000000001B000000010000001F0000008B
:101A20000200000023000000030000002800000066
:101A3000040000002D00000005000000330000003D
:101A40000600000039000000070000003F00000011
:101A50000800000000100200FA0000000001000869
:101A60001200000000000000029ECADC240EE5A95E
:101A7000E093F3A3B50100406E029ECADC240EE59C
:101A8000A9E093F3A3B50100406E029ECADC240EC8
:101A9000E5A9E093F3A3B50300406E029ECADC24DF
:101AA0000EE5A9E093F3A3B50200406E01030062C6
:101AB000746C6500000000000000000000000000E1
:101AC0000000000000000000000000000000000016
:101AD0000000000000000000000000000000000006
:101AE00000010000000000000000000000000000F5
:101AF0000338FDD87047000000000000000000001F
:101B00000338FDD87047000025E000000000000009
:101B100009DC00004DDC0000F82600200004000075
:101B20005FB1020025B1020002000000D9B202003C
:101B300000000000000000000000000000000000A5
:101B4000553403005D340300000000000000000075
:101B500000000000076903006534030069340300D6
:101B60006D340300290F01001D0F01004D0F01000E
:101B7000050F010000000000110F0100000000002F
:101B8000A90F01006C4D0020395800201000000002
:101B900004000000000000000000000000F8000049
:101BA000100B0300010000000000010000200F00E6
:101BB000100B0300020000000020100000200F00A6
:101BC000100B03000300000000401F000090000005
:101BD000100B030074240300C3D3020000000000B4
:101BE00070240300000001006C24030041D60200B1
:101BF0000000000000140020000001006424030025
:101C0000F1B302000000000000000000000001002D
:101C10006024030041D6020000000000F8130020F9
:101C20000000010058240300BDB3020000000000C2
:101C3000000000000000010055140100A9B60200D8
:101C400083B6020000000000F5140100000000004F
:101C50009FB40200201100200000000006000100D7
:101C600002000000681C030000000000DA420300CC
:101C700002000000E0CF1F0000000020E24203004D
:101C800021000000E0FB072014140020D5340100DF
:101C900000000000DBBA02008C1C0300A81C03003B
:101CA00000010000000000006CAA00208C1C030052
:101CB000BC1C03002E00000000000000BCB7002088
:101CC0008C1C0300D01C0300020100000000000077
:101CD00090B80020B8500300D6500300F150030024
:101CE000015103000E510300175103001E51030060
:101CF000255103002C510300345103000E51030001
:101D00003C5103004E510300635103007651030020
:101D10000E0300008D5B01000F040000595B010001
:101D20001A010000F5440100050400000D45010002
:101D300013010000F94C01003E010000DD490100E3
:101D400001120000BFBD02000A1E000003BE020017
:101D5000FF010000514B01003E010000314B01002A
:101D60000504000059450100080400005D4F010012
:101D700030030000D14E0100100100003546010083
:101D8000020100002D6701000112000069580100E6
:101D90000A1E0000D7BE020003090000954601009C
:101DA000040B000009480100060A0000955A0100D2
:101DB000070A0000054601000C050000D14501009E
:101DC000050C0000D15901008C1C0300D81D030034
:101DD0004700000000000000ACB90020795C03005F
:101DE000865C0300A65C03009A5C0300B15C030000
:101DF000C85C0300D85C0300685F0300EC5C030070
:101E00008C1C0300101E03000000000000000000F6
:101E1000CCBA00208C1C0300241E0300000100002B
:101E200000000000F4BA002037C4020077C40200AA
:101E3000000000000000000000000000E58A010032
:101E40000000000000000000000000000000000092
:101E500002020100EDC90200040401001596010010
:101E60000606010055950100080401004194010097
:101E70000A020100D5C902000C040100BDC902001C
:101E80000E0401001D93010020040100899201004D
:101E90001004010099910100120201003FC90200E3
:101EA0001E000400EFCD02005202000065C90200CE
:101EB00001040200F59F01000302020085CD02002B
:101EC00005010200B7CD020007040200C7CD0200E1
:101ED00009010200CBCD02000B000200CFCD0200B1
:101EE0000D000200D3CD02000F000200D7CD02008A
:101EF00021020200DBCD020011010200DFCD020051
:101F000013000200E3CD020017040200E7CD020037
:101F100019000200EBCD02001B02030053C60200B1
:101F20001D020500698F01002304030041C6020061
:101F30008C1C0300401F0300020100000000000091
:101F40006CBE0020A4240300C3D3020000000000E4
:101F5000A0240300000001009C24030041D60200DD
:101F6000000000005416002000000100942403002B
:101F70000000000000000000000000000000000061
:101F80009024030095D30200B5A901005C1600203F
:101F9000000003008C24030041D602000000000072
:101FA0004C1600200000010084240300FBD3020033
:101FB00009AB0100000000000000030080240300C2
:101FC00041D602000000000044160020000001007D
:101FD0007824030001B101000000000000000000AF
:101FE000000001006DD6010011DF0200F1E00100E8
:101FF00000000000000000005DDD010000000000A6
:1020000000000000000000000000000000000000D0
:102010000000000075DB02000600000005D0010092
:1020200006000000F9DB0200100000001DD50100D1
:102030001000000091E0010001000000BBDA020086
:102040001000000071DB02000A00000061D70100EF
:102050001000000041DE0100070000006DDB0200FF
:1020600010000000C1D901000100000011D30100DF
:10207000400000003DCE010010000000B3DB020074
:102080000100000035EC010025ED0100000000001A
:10209000C9EE0100DDED01006C72030009E10200F0
:1020A00005E1020072720300F3E00200F9E00200B1
:1020B000787203001000000001FF0000FD01000025
:1020C0000010000000A0105000820D5000040550C8
:1020D00000860D504C0A0300840A0300A00A030086
:1020E000680A0300FF03000000A010502414002021
:1020F0000000000000000000FF1F000000860D50DF
:10210000D81400200000000003000000FFFFFFFFC4
:1021100000820D50D81400200000000001000000D3
:10212000FF07000000040550000000000000000050
:102130000200000000A0105000820D500004055065
:1021400000860D5000600C500200000000000000EE
:102150007821030000C201000000D6010000000049
:102160000000004000100000785900207359002042
:10217000725900207159002000600C508421030026
:10218000010000008C21030004000000300000006A
:102190003200000231060001330600036102020032
:1021A00087E70200B5E7020000A0105000820D5042
:1021B0000004055000860D50080000000A000000D1
:1021C0000400000001000000757D0300837D030012
:1021D000977D0300A67D0300B27D0300480903003C
:1021E00058090300C0090300C8090300200A0300BE
:1021F000300A03002B810300000100008813000057
:1022000007080300000101000002020000140000A2
:102210000028000000400000010000000200000053
:102220002C2203000100000010101000110000001B
:1022300011080000114800001128000001000000F2
:102240000F0000001000000010000000200000003F
:1022500010000000100000005C22030011000000CC
:10226000112800001108000001000000000010000B
:1022700020000000C18C0300C00000008022030089
:10228000000000000000000000000000000000004E
:1022900000000000982203000F0000000000000072
:1022A00000000000060000000000000030000000F8
:1022B000C000000018000000310000000000000015
:1022C00030000000E00000001C00000039000000A9
:1022D00000000000300000000001000020000000AD
:1022E000410000000000000030000000400100003C
:1022F0002800000051000000000000003000000035
:1023000080010000300000006100000000000000BB
:1023100030000000000200004000000081000000CA
:102320000000000017000000C000000018000000BE
:10233000310000000000000017000000E100000074
:102340001D0000003B00000000000000170000001E
:10235000000100002000000041000000000000001B
:1023600012000000C0000000180000003100000052
:102370000100000012000000E00000001C0000004E
:102380003900000001000000120000000001000000
:1023900020000000410000000100000012000000C9
:1023A0004001000028000000510000000100000072
:1023B00012000000800100003000000061000000F9
:1023C00001000000120000000902000042000000AD
:1023D000850000000100000041000000FF00000037
:1023E000200000002000000000000000410000006C
:1023F000C0010000380000003800000000000000AC
:1024000042000000FF00000020000000200000004B
:102410000000000042000000C00100003900000080
:1024200039000000000000002C24030026000010EA
:1024300000000000003000000C0000000000000060
:102440004424030022000010000C000000310000B2
:102450000C000000000000030000012A0000012A17
:10246000000003280000002A0000002A00000328C2
:10247000000000180000002800002A2B00002A2B72
:10248000000003280000292B0000292B000003284E
:10249000000002290000052A0000052A0000032888
:1024A0000000011800000028FF03FFFFFF07FF1FC7
:1024B000FF03FFFFFF07FF1FFF03FFFFFF07FF1FD4
:1024C0004572726F72207768696C65206469736306
:1024D0006F766572696E6720474154542064617459
:1024E00061626173653A202825642900536572761C
:1024F000696365206E6F7420666F756E6400436F4C
:102500006E6E656374696E67206661696C656400F0
:102510005365727669636520646973636F7665726B
:102520007920636F6D706C65746564004D5455203F
:1025300065786368616E6765206661696C656420B3
:1025400028657272202568687529004D54552065EC
:10255000786368616E676520646F6E6500636F7590
:102560006C64206E6F74207374617274207468657B
:1025700020646973636F766572792070726F63652A
:10258000647572652C206572726F7220636F64656A
:102590003A202564004E6F742061626C6520746F70
:1025A00020616C6C6F6361746520554152542072D8
:1025B000656365697665206275666665720041547B
:1025C00054206572726F7220636F64653A203078B0
:1025D00025303258004661696C656420746F207341
:1025E000746F70207363616E6E696E672028657208
:1025F00072202564290072616E646F6D0045433A54
:1026000045463A34303A32443A35453A3436004356
:102610004F4E4649475F4C41425F5441475F4144FA
:10262000445220696E76616C69646F3A202225738A
:10263000202825732922202865727220256429000C
:10264000416464726573732066696C74657220639B
:10265000616E6E6F74206265206164646564202819
:10266000657272202564290046696C7472616E641B
:102670006F2070656C6F207461672025732028259A
:1026800073290046696C746572732063616E6E6FA6
:1026900074206265207475726E6564206F6E2028E8
:1026A00065727220256429005363616E6E696E67DE
:1026B000206661696C656420746F20737461727444
:1026C000202865727220256429005363616E20738F
:1026D000746172746564004E6F742061626C652071
:1026E000746F20616C6C6F63617465205541525446
:1026F0002073656E6420646174612062756666652E
:1027000072007075626C6963007075626C69632D2C
:1027100069640072616E646F6D2D696400253032EA
:10272000583A253032583A253032583A2530325806
:102730003A253032583A253032582028257329005E
:1027400050616972696E67206661696C65642063B7
:102750006F6E6E3A2025732C20726561736F6E2048
:1027600025642025730050616972696E672063617A
:102770006E63656C6C65643A202573005061697204
:10278000696E6720636F6D706C657465643A2025AF
:10279000732C20626F6E6465643A2025640046697C
:1027A0006C74657273206D6174636865642E20417A
:1027B0006464726573733A20257320636F6E6E656F
:1027C000637461626C653A20256400446973636FC9
:1027D0006E6E65637465643A2025732C20726561A2
:1027E000736F6E2030782530327820257300466173
:1027F000696C656420746F20636F6E6E656374200E
:10280000746F2025732C2030782530327820257382
:1028100000436F6E6E65637465643A202573004DE6
:1028200054552065786368616E6765206661696CE0
:102830006564202865727220256429004661696CF0
:10284000656420746F2073657420736563757269A5
:1028500074793A2025640053746F70204C452073BE
:1028600063616E206661696C656420286572722000
:10287000256429004661696C656420746F20736566
:102880006E642064617461206F76657220554152D8
:1028900054005365637572697479206368616E676B
:1028A00065643A202573206C6576656C202575007B
:1028B0005365637572697479206661696C65643A01
:1028C000202573206C6576656C20257520657272F5
:1028D000202564202573004661696C656420746F4F
:1028E00020726567697374657220617574686F72B0
:1028F000697A6174696F6E2063616C6C6261636B8D
:10290000732E004661696C656420746F2072656780
:10291000697374657220617574686F72697A617425
:10292000696F6E20696E666F2063616C6C626163B3
:102930006B732E0A00426C7565746F6F7468206942
:102940006E6974206661696C656420286572722006
:1029500025642900426C7565746F6F746820696E18
:10296000697469616C697A656400554152542064E8
:102970006576696365206E6F7420726561647900A5
:10298000756172745F696E6974206661696C6564F3
:10299000202865727220256429004E555320436C0F
:1029A00069656E7420696E697469616C697A6174B5
:1029B000696F6E206661696C65642028657272209B
:1029C000256429006E75735F636C69656E745F6959
:1029D0006E6974206661696C656420286572722076
:1029E000256429004E555320436C69656E74206D33
:1029F0006F64756C6520696E697469616C697A656C
:102A000064005363616E206D6F64756C6520696E40
:102A1000697469616C697A65640053746172746980
:102A20006E6720426C7565746F6F74682043656EC5
:102A30007472616C20554152542073616D706C65E5
:102A40000A004661696C656420746F2073656E646A
:102A50002064617461206F76657220424C4520636A
:102A60006F6E6E656374696F6E286572722025647F
:102A700029004E55532073656E642074696D656F2F
:102A800075740063656E7472616C5F756172740059
:102A90006865617020636F7272757074696F6E2003
:102AA0002866726565206C697374206C696E6B6151
:102AB000676529006865617020636F727275707454
:102AC000696F6E202866726565206368756E6B207D
:102AD0006C696E6B61676529006865617020636F62
:102AE0007272757074696F6E20286E6F7420696ED3
:102AF000207573653F292061742025700068656129
:102B00007020636F7272757074696F6E20286275C1
:102B100066666572206F766572666C6F773F2920F6
:102B20006174202570006865617020636F72727532
:102B30007074696F6E20286C656674206E656967B5
:102B400068626F723F29206174202570006865619A
:102B50007020636F7272757074696F6E2028646F75
:102B600075626C6520667265653F29206174202559
:102B70007000574553545F544F504449522F7A6563
:102B8000706879722F6C69622F686561702F686553
:102B900061702E630028616C69676E2026202861B1
:102BA0006C69676E202D20312929203D3D203000A1
:102BB000415353455254494F4E204641494C205BA6
:102BC00025735D20402025733A25640A0009616C55
:102BD00069676E206D757374206265206120706F67
:102BE000776572206F6620320A00627974657320FF
:102BF0003E20686561705F666F6F7465725F6279B1
:102C00007465732862797465732900096865617059
:102C10002073697A6520697320746F6F20736D610A
:102C20006C6C0A00686561705F737A203E2063688F
:102C3000756E6B737A2873697A656F662873747220
:102C4000756374207A5F686561702929006368750F
:102C50006E6B305F73697A65202B206D696E5F63E0
:102C600068756E6B5F73697A65286829203C3D2022
:102C7000686561705F737A006F735F68656170008B
:102C8000574553545F544F504449522F7A657068EA
:102C900079722F6C69622F6F732F63627072696E25
:102CA00074665F7061636B616765642E63000953CE
:102CB0007472696E67207769746820746F6F206D15
:102CC000616E7920617267756D656E74730A0009B3
:102CD0007374725F7074725F706F735B5D20746F7A
:102CE0006F20736D616C6C0A0009746F6F206D61E9
:102CF0006E7920666F726D617420617267730A006D
:102D0000696E5F7061636B6167656420213D202897
:102D100028766F6964202A2930290028756E736926
:102D2000676E6564292063686172202A2075736567
:102D30006420666F722025257020617267756D654D
:102D40006E742E2049742773207265636F6D6D65F4
:102D50006E64656420746F206361737420697420ED
:102D6000746F20766F6964202A20626563617573D1
:102D700065206974206D6179206361757365206DCC
:102D800069736265686176696F7220696E20636538
:102D9000727461696E20636F6E66696775726174C3
:102DA000696F6E732E20537472696E673A222573B1
:102DB0002220617267756D656E743A2564007363D5
:102DC00070795F636E74203C2073697A656F662842
:102DD0006370795F7374725F706F7329006B6565E0
:102DE000705F636E74203C2073697A656F66286B30
:102DF0006565705F7374725F706F732900636270D2
:102E000072696E74665F7061636B616765005745D8
:102E100053545F544F504449522F7A657068797209
:102E20002F696E636C7564652F7A65706879722F8F
:102E30006B65726E656C2E6800216B5F69735F70E5
:102E400072655F6B65726E656C282900096B5F6344
:102E5000757272656E745F6765742063616C6C6512
:102E600064207072652D6B65726E656C0A00574543
:102E700053545F544F504449522F7A6570687972A9
:102E80002F6C69622F6F732F6D7073635F70627543
:102E9000662E6300574553545F544F504449522F98
:102EA0007A65706879722F696E636C7564652F7AC4
:102EB00065706879722F7370696E6C6F636B2E68C2
:102EC000007A5F7370696E5F6C6F636B5F76616CC5
:102ED0006964286C290009496E76616C6964207305
:102EE00070696E6C6F636B2025700A007A5F737077
:102EF000696E5F756E6C6F636B5F76616C69642879
:102F00006C2900094E6F74206D79207370696E6CA6
:102F10006F636B2025700A007379735F6765746F48
:102F2000707400574553545F544F504449522F7AA0
:102F300065706879722F6C69622F7574696C732F74
:102F40006F6E6F66662E63007374617465203D3D1D
:102F500020305500217379735F736C6973745F69F6
:102F6000735F656D70747928266D67722D3E636C92
:102F700069656E747329007472616E7369742021BF
:102F80003D202828766F6964202A2930290073742F
:102F9000617465203D3D202831554C203C3C202863
:102FA000312929006D67722D3E72656673203D3DA3
:102FB0002030007374617465203D3D202831554CEC
:102FC000203C3C202830292900574553545F544F5A
:102FD000504449522F7A65706879722F6C69622F5C
:102FE0007574696C732F6E6F746966792E63005AFD
:102FF0004D532056657273696F6E206973206E6F32
:103000007420737570706F72746564004E6F2076F3
:10301000616C696420656D70747920415445206647
:103020006F756E6420696E20746865206C617374BE
:1030300020736563746F72004E6F20474320446FA6
:103040006E65206D61726B657220666F756E643A95
:103050002072657374617274696E672067630047DC
:103060004320446F6E65206D61726B657220666FE0
:10307000756E6400496E76616C6964206673004306
:103080006F756C64206E6F74206F627461696E205E
:10309000666C61736820706172616D6574657273CE
:1030A00000556E737570706F727465642077726905
:1030B000746520626C6F636B2073697A6500496E7A
:1030C00076616C696420736563746F722073697ACA
:1030D000652C2073686F756C6420626520617420B4
:1030E0006C6561737420257A7500436F6E6669673D
:1030F00075726174696F6E206572726F72202D2017
:10310000736563746F7220636F756E742062656C93
:103110006F77206D696E696D756D20726571756967
:1031200072656D656E7420283229002575205365FF
:1031300063746F7273206F662025752062797465E1
:103140007300616C6C6F63207772613A20256C6C40
:10315000752C20256C6C7800646174612077726135
:103160003A20256C6C752C20256C6C78005A4D53D8
:1031700020696E6974206661696C65642028256425
:10318000292C20776970696E672070617274697488
:10319000696F6E007A6D73206E6F7420696E69744A
:1031A00069616C697A6564004661696C6564207464
:1031B0006F20636C6F73652074686520736563743A
:1031C0006F722C2072657475726E6564203D2025C7
:1031D00064004761726261676520636F6C6C656350
:1031E00074696F6E206661696C65642C2072657409
:1031F00075726E6564203D2025640066735F7A6D8C
:103200007300574553545F544F504449522F7A65C9
:10321000706879722F696E636C7564652F7A65705A
:103220006879722F6C6F6767696E672F6C6F675F65
:103230006261636B656E642E68006261636B656ECC
:103240006420213D202828766F6964202A293029AE
:10325000006C6F6767696E6700574553545F544F42
:10326000504449522F7A65706879722F7375627372
:1032700079732F6C6F6767696E672F6C6F675F6319
:103280006F72652E63006C6F675F6261636B656E62
:10329000645F636F756E745F6765742829203C20D6
:1032A00028283332202F20335529202D2028312063
:1032B0002B20302929006261636B656E64203C3DE0
:1032C000205F6C6F675F6261636B656E645F6C69E2
:1032D00073745F656E640009756E657870656374FC
:1032E0006564206C69737420656E64206C6F636123
:1032F00074696F6E0A006C6F675F6261636B656E05
:10330000645F636F756E745F6765742829203E2063
:1033100030006C6F67006C6F675F6D676D74004D98
:1033200065737361676520282225732229206472E2
:103330006F70706564206265636175736520697480
:1033400020657863656564732073697A65206C69AC
:103350006D69746174696F6E202825752900574561
:1033600053545F544F504449522F7A6570687972B4
:103370002F7375627379732F6C6F6767696E672F30
:103380006C6F675F6D73672E63006C656E203E3DEA
:103390002030000D0A00574553545F544F504449A4
:1033A000522F7A65706879722F7375627379732FF3
:1033B0006C6F6767696E672F6C6F675F6F7574708E
:1033C00075742E63006F75745F6374782D3E636F40
:1033D0006E74726F6C5F626C6F636B2D3E6F6666AE
:1033E000736574203C3D206F75745F6374782D3E67
:1033F00073697A65001B5B306D006C6576656C20C7
:103400003C3D203400257320005B2530386C755D11
:1034100020005B253032753A253032753A2530323E
:10342000752E253033752C253033755D20003C25F5
:10343000733E200025732F0025733A2000657272B9
:10344000203E3D2030002530327820002020200012
:103450007C002563001B5B313B33316D001B5B310E
:103460003B33336D0077726E00696E66006462678D
:10347000006C6F675F6261636B656E645F7274742A
:1034800000574553545F544F504449522F7A65704A
:103490006879722F7375627379732F7365747469A9
:1034A0006E67732F7372632F73657474696E6773BD
:1034B0002E63006368203C3D205F73657474696E01
:1034C00067735F68616E646C65725F737461746961
:1034D000635F6C6973745F656E64007365742D76E9
:1034E000616C7565206661696C7572652E206B650F
:1034F000793A202573206572726F7228256429003D
:10350000574553545F544F504449522F7A65706861
:1035100079722F7375627379732F73657474696E22
:1035200067732F7372632F73657474696E67735F4B
:103530007A6D732E63007263203C2073697A656F25
:10354000662872646E616D6529004D6178696D75DC
:103550006D206861736820636F6C6C6973696F6E4E
:10356000732072656163686564004C696E6B6564A5
:10357000206C69737420666F72206861736865736C
:103580002069732062726F6B656E2C2054727969AA
:103590006E6720746F207265636F766572002A2AE9
:1035A0002A20426F6F74696E67206E524620436F07
:1035B0006E6E6563742053444B2076332E342E3068
:1035C0002D393935353330353536303762202A2AB2
:1035D0002A0A002A2A2A205573696E67205A6570C4
:1035E000687972204F532076342E342E302D626647
:1035F00038303165346533643139202A2A2A0A008B
:103600004254204741545420444D20575100556E98
:10361000737570706F7274656420555549442074D9
:103620007970652E00574553545F544F50444952AA
:103630002F6E72662F7375627379732F626C756566
:10364000746F6F74682F676174745F646D2E6300AC
:103650006C656E203C3D2028313238202D20736966
:103660007A656F6628737472756374206B5F686522
:103670006170202A29202D2073697A656F6628736E
:10368000747275637420646174615F6368756E6BD6
:103690005F6974656D202A2929004E6F207370615F
:1036A000636520666F72206E65772061747472693D
:1036B000627574652E004E6F2073706163652066BD
:1036C0006F722061747472696275746520646174CC
:1036D000612E00556E696E697469616C697A656402
:1036E00020555549442E004E6F207370616365204C
:1036F000666F72206120555549442E0041747472E2
:10370000696275746573206E6F74206C6F636B658E
:1037100064004741545420646973636F7665722076
:103720006661696C65642C206572726F723A20253F
:10373000642E00556E657870656374656420636FF0
:103740006E6E206F626A6563742E2041626F7274C0
:10375000696E672E0062745F757569645F636D7072
:1037600028617474722D3E757569642C2028286355
:103770006F6E7374207374727563742062745F75F6
:10378000756964202A29202828636F6E737420735A
:1037900074727563742062745F757569645F313625
:1037A0005B5D29207B7B202E75756964203D207B25
:1037B0002042545F555549445F545950455F313656
:1037C000207D2C202E76616C203D202830783238E8
:1037D0003030292C207D7D292929203D3D20302095
:1037E0007C7C2062745F757569645F636D702861AD
:1037F0007474722D3E757569642C202828636F6E71
:103800007374207374727563742062745F75756964
:1038100064202A29202828636F6E737420737472C1
:103820007563742062745F757569645F31365B5DC2
:1038300029207B7B202E75756964203D207B2042EA
:10384000545F555549445F545950455F3136207D8A
:103850002C202E76616C203D202830783238303193
:10386000292C207D7D292929203D3D2030004E6FC7
:103870007420656E6F756768206D656D6F72792055
:10388000666F722073657276696365206174747205
:1038900069627574652E006375725F73657276690F
:1038A00063655F76616C20213D202828766F69640E
:1038B000202A293029004E6F7420656E6F75676865
:1038C000206D656D6F727920666F722073657276F8
:1038D00069636520617474726962757465206461DE
:1038E00074612E004E6F7420656E6F756768206D71
:1038F000656D6F727920666F72206E6578742061D5
:10390000747472696275746520646573637269703A
:10391000746F722061742068616E646C6520257517
:103920002E0062745F757569645F636D70286174E1
:1039300074722D3E757569642C202828636F6E7330
:1039400074207374727563742062745F7575696432
:10395000202A29202828636F6E737420737472756F
:1039600063742062745F757569645F31365B5D29CD
:10397000207B7B202E75756964203D207B2042547E
:103980005F555549445F545950455F3136207D2C71
:10399000202E76616C203D20283078323830332953
:1039A0002C207D7D292929203D3D20300063757222
:1039B0005F676174745F6368726320213D2028280B
:1039C000766F6964202A2930290009556E6B6E6F65
:1039D000776E20706172616D20747970652E0A00B7
:1039E000446973636F766572206661696C65642CE7
:1039F000206572726F723A2025642E0062745F67D0
:103A00006174745F646D006E72665F62745F73638D
:103A1000616E004D697373696E67204E5553205473
:103A20005820636861726163746572697374696355
:103A30002E004D697373696E67204E55532054589C
:103A40002076616C75652064657363726970746F4C
:103A50007220696E20636861726163746572697354
:103A60007469632E004D697373696E67204E5553F8
:103A70002054582043434320696E2063686172617B
:103A80006374657269737469632E004D6973736939
:103A90006E67204E555320525820636861726163EF
:103AA00074657269737469632E004D697373696E0E
:103AB00067204E55532052582076616C75652064FE
:103AC000657363726970746F7220696E20636861D8
:103AD00072616374657269737469632E00537562F1
:103AE000736372696265206661696C65642028652C
:103AF000727220256429006E75735F630072302F27
:103B000061313A2020307825303878202072312FEA
:103B100061323A2020307825303878202072322FD8
:103B200061333A20203078253038780072332F61A5
:103B3000343A2020307825303878207231322F699D
:103B4000703A2020307825303878207231342F6C4C
:103B5000723A2020307825303878002078707372DF
:103B60003A2020307825303878004661756C7469C9
:103B70006E6720696E737472756374696F6E20610D
:103B800064647265737320287231352F7063293A2B
:103B90002030782530387800556E68616E646C6529
:103BA00064204952516E3A202564002A2A2A2A2A82
:103BB000205553414745204641554C54202A2A2A36
:103BC0002A2A0020204469766973696F6E20627921
:103BD000207A65726F002020556E616C69676E6592
:103BE00064206D656D6F7279206163636573730026
:103BF0002020537461636B206F766572666C6F77FB
:103C00002028636F6E746578742061726561206E20
:103C10006F742076616C6964290020204E6F2063E8
:103C20006F70726F636573736F7220696E737472F5
:103C3000756374696F6E73002020496C6C656761F1
:103C40006C206C6F6164206F66204558435F52455D
:103C50005455524E20696E746F2050430020204905
:103C60006C6C6567616C20757365206F6620746885
:103C7000652045505352002020417474656D707466
:103C800020746F206578656375746520756E646552
:103C900066696E656420696E737472756374696FAA
:103CA0006E002A2A2A2A2A204D5055204641554C7A
:103CB00054202A2A2A2A2A002020537461636B691F
:103CC0006E67206572726F722028636F6E746578FC
:103CD000742061726561206D696768742062652077
:103CE0006E6F742076616C696429002020556E73B4
:103CF0007461636B696E67206572726F7200202059
:103D000044617461204163636573732056696F6C0D
:103D10006174696F6E0020204D4D46415220416410
:103D200064726573733A2030782578002020496EDC
:103D3000737472756374696F6E2041636365737326
:103D40002056696F6C6174696F6E002020466C6F3D
:103D50006174696E672D706F696E74206C617A7919
:103D60002073746174652070726573657276617416
:103D7000696F6E206572726F7200574553545F54BD
:103D80004F504449522F7A65706879722F6172637F
:103D9000682F61726D2F636F72652F636F72746528
:103DA000785F6D2F6661756C742E6300212828285A
:103DB0005343425F54797065202A2920282830789F
:103DC0004530303045303030554C29202B2030786C
:103DD00030443030554C2920292D3E434653522043
:103DE00026202831554C203C3C20283055202B20C3
:103DF00034552929290009537461636B696E672062
:103E00006F7220446174612041636365737320564F
:103E1000696F6C6174696F6E206572726F72207762
:103E20006974686F757420737461636B2067756162
:103E300072642C20757365722D6D6F6465206F72CE
:103E4000206E756C6C2D706F696E74657220646580
:103E500074656374696F6E0A0A002A2A2A2A2A2066
:103E6000425553204641554C54202A2A2A2A2A00DA
:103E70002020537461636B696E67206572726F7284
:103E8000002020507265636973652064617461204D
:103E9000627573206572726F720020204246415233
:103EA00020416464726573733A203078257800206D
:103EB00020496D7072656369736520646174612067
:103EC000627573206572726F72002020496E737480
:103ED00072756374696F6E20627573206572726F9C
:103EE000720052657365727665642045786365700B
:103EF00074696F6E20280053707572696F75732036
:103F0000696E746572727570742028495251200070
:103F1000535053454C20696E20746872656164206B
:103F20006D6F646520646F6573206E6F7420696EB9
:103F30006469636174652050535000657366202185
:103F40003D202828766F6964202A293029000945F8
:103F5000534620636F756C64206E6F742062652019
:103F600072657472696576656420737563636573E1
:103F70007366756C6C792E205368616C6C206E656D
:103F8000766572206F636375722E0A002A2A2A2AC8
:103F90002A2048415244204641554C54202A2A2A7E
:103FA0002A2A002020427573206661756C74206F88
:103FB0006E20766563746F72207461626C65207226
:103FC0006561640020204465627567206576656ED2
:103FD000740020204661756C7420657363616C61A8
:103FE00074696F6E20287365652062656C6F772930
:103FF00000415243485F4558434550542077697407
:104000006820726561736F6E2025780A0009466129
:10401000756C7420657363616C6174696F6E207771
:104020006974686F75742046535220696E666F0A12
:104030000009486172644661756C74207769746820
:104040006F7574204846535220696E666F2053681E
:10405000616C6C206E65766572206F636375720AA1
:10406000002A2A2A2A2A204465627567206D6F6E0D
:1040700069746F7220657863657074696F6E202A49
:104080002A2A2A2A002A2A2A2A2A20257320256455
:1040900029202A2A2A2A2A00574553545F544F5070
:1040A0004449522F7A65706879722F617263682F64
:1040B00061726D2F636F72652F636F727465785FC5
:1040C0006D2F6972715F6D616E6167652E6300703F
:1040D00072696F203C3D20282831554C203C3C2003
:1040E00028332929202D2031290009696E76616C39
:1040F0006964207072696F72697479202564206622
:104100006F7220256420697271212076616C75655B
:1041100073206D757374206265206C6573732074F1
:1041200068616E20256C750A0A006D707500466125
:10413000696C656420746F20616C6C6F6361746579
:10414000206E6577204D505520726567696F6E202F
:1041500025750A00506172746974696F6E20257547
:104160003A20636F686572656E6365206368656396
:104170006B206661696C65642E00496E76616C69BE
:104180006420756E6465726C79696E67207265670C
:10419000696F6E20696E64657820257500574553F8
:1041A000545F544F504449522F7A65706879722F8A
:1041B000617263682F61726D2F636F72652F6D700E
:1041C000752F61726D5F6D70752E630009436F6EA0
:1041D0006669677572696E672025752073746174EE
:1041E0006963204D505520726567696F6E73206654
:1041F00061696C65640A0A00094D61726B696E67DA
:1042000020257520617265617320666F7220647964
:104210006E616D696320726567696F6E7320666198
:10422000696C65640A0A00095265717565737420CA
:10423000746F20636F6E6669677572653A202575C5
:1042400020726567696F6E732028737570706F7266
:104250007465643A202575290A0A00212872656769
:10426000696F6E5B6964785D2E64745F61747472EB
:104270002026202831554C203C3C20283029292953
:10428000000952414D5F4E4F4341434845207769F5
:1042900074682044545F4D454D5F43414348454158
:1042A000424C45206174747269627574650A0A0033
:1042B000094661696C656420746F20616C6C6F6382
:1042C000617465204D505520726567696F6E73206B
:1042D00066726F6D2044540A0A00464C4153485F91
:1042E00030005352414D5F3000574553545F544F97
:1042F000504449522F7A65706879722F6C69622F29
:104300006C6962632F7069636F6C6962632F61739C
:10431000736572742E630065786974005745535451
:104320005F544F504449522F7A65706879722F6CF0
:1043300069622F6E65745F6275662F6275662E63A3
:10434000006275662D3E6672616773203D3D2028D0
:1043500028766F6964202A293029007265715F739D
:10436000697A65203C3D2073697A65006275662D27
:104370003E726566000962756620257020646F755F
:10438000626C6520667265650A0066726167006E20
:1043900065745F62756600574553545F544F5044CF
:1043A00049522F7A65706879722F6C69622F6E6539
:1043B000745F6275662F6275665F73696D706C6598
:1043C0002E63006275662D3E6C656E203D3D20308B
:1043D00055006E65745F6275665F73696D706C65BC
:1043E0005F7461696C726F6F6D2862756629203E1B
:1043F0003D206C656E006275662D3E6C656E203EDC
:104400003D206C656E006E65745F6275665F7369F2
:104410006D706C655F68656164726F6F6D28627541
:104420006629203E3D206C656E006E65745F627586
:10443000665F73696D706C6500736F630062745FB3
:1044400072706100496E73756666696369656E7442
:10445000206E756D626572206F6620617267756D82
:10446000656E74730049676E6F72696E6720696468
:10447000656E7469746965732073746F7265642006
:10448000696E20666C61736800496E76616C696460
:10449000206C656E677468204944206164647265AD
:1044A000737320696E2073746F7261676500627444
:1044B0002F25732F25303278253032782530327809
:1044C00025303278253032782530327825752F2501
:1044D000730062742F25732F25303278253032789F
:1044E00025303278253032782530327825303278D0
:1044F00025750073657474696E67735F7375627395
:1045000079735F696E6974206661696C65642028DF
:10451000657272202564290062742F25730046613C
:10452000696C656420746F2073617665204944204E
:10453000286572722025642900556E61626C6520C1
:10454000746F20736574757020616E206964656E88
:1045500074697479206164647265737300627400B5
:1045600062745F73657474696E6773004254204CA3
:104570005720575100574553545F544F50444952A8
:104580002F7A65706879722F696E636C7564652F18
:104590007A65706879722F7379732F627974656F99
:1045A000726465722E6800282870737263203C2044
:1045B00070647374202626202870737263202B2069
:1045C0006C656E67746829203C3D207064737429A3
:1045D000207C7C202870737263203E20706473748A
:1045E000202626202870647374202B206C656E674B
:1045F000746829203C3D2070737263292900095397
:104600006F7572636520616E642064657374696E92
:104610006174696F6E2062756666657273206D7570
:104620007374206E6F74206F7665726C61700A000F
:10463000287075626C696329002872616E646F6D01
:104640002900287075626C69632D696429002872DD
:10465000616E646F6D2D69642900574553545F5432
:104660004F504449522F7A65706879722F73756282
:104670007379732F626C7565746F6F74682F686FD0
:1046800073742F6275662E630074797065203D3DEA
:104690002042545F4255465F455654207C7C20742E
:1046A000797065203D3D2042545F4255465F41434D
:1046B0004C5F494E207C7C2074797065203D3D2004
:1046C00042545F4255465F49534F5F494E00094986
:1046D0006E76616C696420627566666572207479B5
:1046E0007065207265717565737465640A0057455D
:1046F00053545F544F504449522F7A657068797211
:104700002F696E636C7564652F7A65706879722F96
:10471000626C7565746F6F74682F6275662E6800C1
:104720006D6574612D3E706172656E7400766965A9
:1047300077006E65745F6275665F68656164726F4D
:104740006F6D28706172656E7429203E20300021E3
:1047500062745F6275665F6861735F76696577280A
:10476000706172656E74290062745F627566006DB7
:10477000616C666F726D65642061647665727469E0
:1047800073696E672064617461202575202F202570
:10479000750062745F6461746100446174612062D9
:1047A0007566666572206F766572666C6F77202815
:1047B0006C696E6B207479706520307825303278A2
:1047C0002900556E61626C6520746F206C6F6F6B91
:1047D00020757020636F6E6E207769746820686141
:1047E0006E646C65202575004572726F7220776863
:1047F000696C65207570646174696E6720746865A2
:10480000207363616E6E6572202825642900556EE1
:1048100061626C6520746F206C6F6F6B75702063C4
:104820006F6E6E20666F722068616E646C65202505
:1048300075004861726477617265206572726F728B
:104840002C20686172647761726520636F64653AD9
:1048500020256400436F756C64206E6F742073753F
:10486000626D69742072785F776F726B3A2025648D
:1048700000696E74657276616C2065786365656445
:1048800073207468652076616C69642072616E675C
:1048900065202575207573006C6174656E637920E1
:1048A00065786365656473207468652076616C69FA
:1048B000642072616E67652030782530347800732B
:1048C0007570765F74696D656F7574206578636562
:1048D000656473207468652076616C696420726118
:1048E0006E67652030782530347800556E61626CD3
:1048F0006520746F20616C6C6F63617465206275F4
:104900006666657200556E68616E646C65642065EC
:1049100076656E7420307825303278206C656E2094
:1049200025753A20257300546F6F20736D616C6C90
:104930002028257520627974657329206576656E57
:10494000742030782530327800496E76616C696465
:1049500020484349206576656E742073697A652026
:104960002825752900496E76616C6964204C4520C4
:104970006D657461206576656E742073697A652053
:104980002825752900574553545F544F50444952C8
:104990002F7A65706879722F7375627379732F62DD
:1049A0006C7565746F6F74682F686F73742F6863AC
:1049B000695F636F72652E63006576745F666C6114
:1049C00067732026202831554C203C3C2028302974
:1049D0002900496E76616C6964206275662074797D
:1049E000706520257500496E76616C6964204843C6
:1049F000492041434C207061636B65742073697A70
:104A00006520282575290041434C2064617461208C
:104A10006C656E677468206D69736D61746368207E
:104A200028257520213D2025752900556E61626C71
:104A30006520746F2066696E6420636F6E6E2066F9
:104A40006F722068616E646C652025750062745F0A
:104A50006863695F6576745F6765745F666C6167DC
:104A600073286864722D3E657674292026202831CB
:104A7000554C203C3C202831292900556E6B6E6F27
:104A8000776E2062756620747970652025750055F3
:104A90006E68616E646C65642076656E646F722DFD
:104AA0007370656369666963206576656E7420302E
:104AB0007825303278206C656E2025753A20257374
:104AC000004E6F20636F6D6D616E642073656E7450
:104AD00020666F7220636D6420636F6D706C657407
:104AE0006520307825303478004F70436F6465203E
:104AF00030782530347820636F6D706C6574656430
:104B000020696E7374656164206F662065787065D6
:104B100063746564203078253034780021627566CE
:104B200000657674206E756D5F68616E646C657388
:104B300020283D25752920746F6F206C6172676590
:104B40002028257A75203E20257529004E6F206388
:104B50006F6E6E656374696F6E20666F7220686138
:104B60006E646C65202575007061636B65747320DD
:104B7000636F756E74206D69736D61746368006135
:104B8000746F6D69635F6765742826636F6E6E2D41
:104B90003E696E5F6C6C29004661696C65642074C7
:104BA0006F20736574207265717569726564207316
:104BB00065637572697479206C6576656C004E6FFB
:104BC000206368616E676520746F20656E6372791B
:104BD0007074696F6E2073746174652028656E63EC
:104BE00072797074203078253032782900756E6BB8
:104BF0006E6F776E005B305D0048434920747261D0
:104C00006E73706F72743A202573005344430049E9
:104C100064656E7469747925733A2025730049645C
:104C2000656E746974795B25645D3A20257300486C
:104C300043493A2076657273696F6E202573202888
:104C400030782530327829207265766973696F6E05
:104C5000203078253034782C206D616E7566616364
:104C6000747572657220307825303478004C4D5060
:104C70003A2076657273696F6E202573202830782C
:104C80002530327829207375627665722030782558
:104C9000303478004E6F204944206164647265733B
:104CA000732E20417070206D7573742063616C6C7D
:104CB0002073657474696E67735F6C6F6164282913
:104CC000005A6570687972000925640A00556E61A2
:104CD000626C6520746F2073656E6420746F20644D
:104CE0007269766572202865727220256429000930
:104CF000436F6E74726F6C6C657220756E72657343
:104D0000706F6E736976652C20636F6D6D616E6474
:104D1000206F70636F64652030782530347820749C
:104D2000696D656F7574207769746820657272208B
:104D300025640A006F70636F646520307825303415
:104D40007820737461747573203078253032782040
:104D50002573004661696C656420746F207265611B
:104D60006420444C45206D61782064617461206C3E
:104D7000656E0074785F6F63746574732065786323
:104D800065656473207468652076616C696420725F
:104D9000616E67652025750074785F74696D6520A4
:104DA00065786365656473207468652076616C69F5
:104DB000642072616E6765202575004E6F207065F6
:104DC0006E64696E672063656E7472616C20636FD8
:104DD0006E6E656374696F6E00436F6E6E656374AB
:104DE000696F6E206372656174696F6E2074696D9E
:104DF000656F7574207472696767657265640046D3
:104E000061696C656420746F20726573746172747B
:104E100020696E69746961746F7200556E6578708F
:104E200065637465642073746174757320307825CC
:104E3000303278202573006576742D3E737461746A
:104E40007573203D3D2030783030004E6F20706506
:104E50006E64696E6720636F6E6E20666F7220707D
:104E6000656572202573004E6F6E2D4C4520636181
:104E70007061626C6520636F6E74726F6C6C6572CA
:104E800020646574656374656421004E756D206FE0
:104E90006620436F6E74726F6C6C6572277320416D
:104EA000434C207061636B65747320213D20414346
:104EB0004C2062745F636F6E6E5F747820636F6EF8
:104EC00074657874732028257520213D2025752967
:104ED0000041434C2042522F454452206275666681
:104EE000657273206E6F7420696E697469616C6994
:104EF0007A65640056656E646F7220484349206588
:104F00007874656E73696F6E73206E6F742061764E
:104F100061696C61626C6500485720506C61746611
:104F20006F726D3A20257320283078253034782927
:104F30000048572056617269616E743A20257320CB
:104F40002830782530347829004669726D7761728F
:104F5000653A20257320283078253032782920566C
:104F6000657273696F6E2025752E257520427569EF
:104F70006C64202575004661696C656420746F203F
:104F80007265616420737570706F727465642076E9
:104F9000656E646F7220636F6D6D616E6473004641
:104FA00061696C656420746F20726561642073753B
:104FB00070706F727465642076656E646F722066BF
:104FC000656174757265730048434920647269763F
:104FD0006572206973206E6F742072656164790058
:104FE0004254205258205751004843492064726966
:104FF000766572206F70656E206661696C656420ED
:1050000028256429004F7574206F6620636F6D6DCD
:10501000616E64206275666665727300556E6578B0
:1050200070656374656420484F53545F4E554D5FFF
:10503000434F4D504C455445445F5041434B4554BC
:10504000532C207374617475732030782530327856
:1050500020257300556E636C656172656420706510
:105060006E64696E672073656E745F636D64003192
:105070002E306200312E3100312E3200322E3000BF
:10508000322E3100332E3000342E3000342E3100D9
:10509000342E3200352E3000352E3100352E3200C0
:1050A000352E3300352E3400362E3000362E3100AA
:1050B000362E3200362E33005374616E6461726492
:1050C00020426C7565746F6F746820636F6E7472C4
:1050D0006F6C6C65720056656E646F7220737065DC
:1050E000636966696320636F6E74726F6C6C65725E
:1050F000004669726D77617265206C6F61646572DC
:105100000052657363756520696D6167650072653E
:10511000736572766564006E5246353178006E5262
:1051200046353278006E5246353378006E52463539
:10513000344878006E524635344C7800496E7465B8
:105140006C20436F72706F726174696F6E004E6F86
:10515000726469632053656D69636F6E647563740F
:105160006F72004E58502053656D69636F6E6475A1
:1051700063746F7273004573707265737369662030
:1051800053797374656D730062745F6863695F63FC
:105190006F726500636D6420646973616C6C6F7716
:1051A000656400574553545F544F504449522F7A19
:1051B00065706879722F7375627379732F626C757D
:1051C00065746F6F74682F686F73742F69642E63D2
:1051D00000636F6E666C69637420213D2028287619
:1051E0006F6964202A29302900636F6E666C6963D9
:1051F000742D3E63616E64696461746520213D2095
:105200002828766F6964202A29302900726573691D
:1052100064656E7420213D202828766F6964202AF9
:105220002930290028636F6E666C6963742D3E63B4
:10523000616E6469646174652D3E73746174652088
:10524000262042545F4B4559535F49445F414444D3
:10525000454429203D3D2030004661696C6564204D
:10526000746F2064697361626C6520616464726547
:105270007373207265736F6C7574696F6E0052651D
:10528000736F6C76696E67206C6973742073697ACA
:10529000652065786365656465642E20537769745D
:1052A0006368696E6720746F20686F73742E0046A0
:1052B00061696C656420746F20636C656172207233
:1052C00065736F6C7574696F6E206C6973740046DA
:1052D00061696C656420746F206164642049524B7D
:1052E00020746F20636F6E74726F6C6C6572005304
:1052F00065742070726976616379206D6F646520D2
:10530000636F6D6D616E64206973206E6F742073BE
:105310007570706F72746564004661696C656420B5
:10532000746F207365742070726976616379206D83
:105330006F64650062745F6465762E6C652E726CB6
:105340005F656E7472696573203E20300044697336
:1053500061626C696E672061646472657373207248
:1053600065736F6C7574696F6E206661696C6564D6
:10537000202865727220256429004661696C656485
:1053800020746F2072656D6F76652049524B2066E0
:10539000726F6D20636F6E74726F6C6C6572004F0C
:1053A0006E6C792072616E646F6D207374617469C4
:1053B00063206964656E74697479206164647265E0
:1053C000737320737570706F7274656400496E76C4
:1053D000616C696420696E70757420706172616DB2
:1053E0006574657273004661696C656420746F2032
:1053F00072656164207075626C69632061646472B7
:10540000657373005265616420537461746963202D
:1054100041646472657373657320636F6D6D616E53
:1054200064206E6F7420617661696C61626C6500E6
:105430004661696C656420746F20726561642073D5
:105440007461746963206164647265737365730069
:105450004E6F207374617469632061646472657354
:105460007365732073746F72656420696E20636F57
:105470006E74726F6C6C65720062745F6964005563
:105480006E657870656374656420656E64206F6610
:1054900020627566666572004661696C6564207499
:1054A0006F2067656E657261746520454343206BAC
:1054B0006579202564004661696C656420746F20FD
:1054C0006578706F727420454343207075626C6913
:1054D00063206B6579202564004661696C656420F2
:1054E000746F206578706F7274204543432070722A
:1054F0006976617465206B65792025640046616971
:105500006C656420746F2064657374726F792045D4
:105510004343206B65792049442025640046616936
:105520006C656420746F20696D706F72742074688C
:10553000652070726976617465206B657920666F8D
:1055400072206B65792061677265656D656E742088
:10555000256400526177206B65792061677265650B
:105560006D656E74206661696C6564202564004613
:1055700061696C656420746F2064657374726F79FF
:1055800020746865206B6579202564007073615F05
:10559000696D706F72745F6B65792829207265740C
:1055A00075726E6564207374617475732025640070
:1055B0004275737920706572666F726D696E6720CF
:1055C000616E6F746865722045434448206F706552
:1055D000726174696F6E0062745F65636300574542
:1055E00053545F544F504449522F7A657068797212
:1055F0002F7375627379732F626C7565746F6F7436
:10560000682F686F73742F636F6E6E2E6300636212
:10561000203C3D205F62745F636F6E6E5F63625F0C
:105620006C6973745F656E640069735F61636C5F5E
:10563000636F6E6E28636F6E6E29006B5F637572A9
:1056400072656E745F6765742829203D3D206B5F2D
:10565000776F726B5F71756575655F746872656190
:10566000645F6765742874785F6E6F746966795FCC
:10567000776F726B71756575655F67657428292929
:10568000004661696C656420726561642072656DB5
:105690006F74652066656174757265732028256472
:1056A000290050485920307825303278206E6F74A8
:1056B00020737570706F72746564004661696C6503
:1056C00064204C4520536574205048592028256497
:1056D00029004661696C656420746F2073657420CD
:1056E00064617461206C656E20282564290009635B
:1056F0006F756C646E2774207375626D69742028F1
:10570000657272202564290A00556E65787065639C
:10571000746564206669727374204C324341502072
:105720006672616D6500556E657870656374656459
:10573000204C3243415020636F6E74696E75617402
:10574000696F6E004E6F7420656E6F7567682062BA
:10575000756666657220737061636520666F72207E
:105760004C32434150206461746100556E6578701D
:1057700065637465642041434C20666C61677320E7
:1057800028307825303278290041434C206C656EF2
:10579000206D69736D6174636820282575203E2033
:1057A0002575290009496E76616C696420636F6E06
:1057B0006E656374696F6E207265666572656E638F
:1057C000650A006F6C64203E20300009436F6E6EE6
:1057D000207265666572656E636520636F756E74B1
:1057E000657220697320300A0021636F6E6E5F74EA
:1057F000785F69735F70656E64696E6700097478BD
:105800005F636F6D706C6574655F776F726B206935
:10581000732070656E64696E67207768656E2063BB
:105820006F6E6E206973206465616C6C6F63617468
:1058300065640A0028756E6B6E6F776E29006E6F57
:10584000207472616E736974696F6E2025730045F0
:1058500072726F72207768696C652072656D6F7601
:10586000696E6720636F6E6E207573657220667255
:105870006F6D207363616E6E657220282564290048
:10588000496E76616C69642028257529206F6C64E7
:1058900020737461746500636F6E6E2025702066DE
:1058A00061696C656420746F2065737461626C69F2
:1058B00073682E205246206E6F6973653F006E6FCD
:1058C0002076616C696420282575292073746174C1
:1058D00065207761732073657400696E636F6D7006
:1058E000617469626C652068616E646C6520257501
:1058F000002828636F6E6E292026262028287569C7
:105900006E747074725F74292861636C5F636F6E6C
:105910006E732929203C3D20282875696E747074A7
:10592000725F742928636F6E6E292920262620282D
:105930002875696E747074725F742928636F6E6E57
:105940002929203C20282875696E747074725F7450
:105950002928262861636C5F636F6E6E73295B284C
:105960002873697A655F7429282828696E742973F9
:10597000697A656F6628636861725B31202D202823
:1059800032202A202128215F5F6275696C74696E5C
:105990005F74797065735F636F6D70617469626C59
:1059A000655F70285F5F747970656F665F5F2861FF
:1059B000636C5F636F6E6E73292C205F5F74797008
:1059C000656F665F5F28262861636C5F636F6E6E2C
:1059D00073295B305D292929295D29202D20312952
:1059E000202B202873697A656F662861636C5F637A
:1059F0006F6E6E7329202F2073697A656F66282871
:105A000061636C5F636F6E6E73295B305D2929295A
:105A1000295D29292026262028282875696E74707A
:105A200074725F742928636F6E6E2929202D2028D7
:105A30002875696E747074725F74292861636C5F75
:105A4000636F6E6E7329292920252073697A656F2B
:105A500066282861636C5F636F6E6E73295B305DCF
:105A600029203D3D2030290009496E76616C69642A
:105A70002062745F636F6E6E20706F696E74657202
:105A80000A00216B5F69735F696E5F697372282911
:105A90000054696D656F7574206469736361726425
:105AA00065642E204E6F20626C6F636B696E672099
:105AB000696E2073797377712E0009496E76616C77
:105AC000696420636F6E6E20747970652025750A95
:105AD00000746D7020213D20636F6E6E00707265E2
:105AE0007620213D2026636F6E6E2D3E5F636F6EC4
:105AF0006E5F726561647900094E6F20636F6E742A
:105B0000726F6C6C657220627566730A00094E6F65
:105B100020545820636F6E746578740A0030207CBE
:105B20007C20286275662D3E726566203D3D2031E1
:105B300029207C7C20286275662D3E726566203D9A
:105B40003D203229002162745F6275665F6861736F
:105B50005F76696577286F75747369646529006677
:105B600072616720213D202828766F6964202A29E8
:105B700030290009496E76616C696420636F6E6E2E
:105B8000656374696F6E20747970652025750A00ED
:105B9000466174616C206572726F722028256429D9
:105BA0002E20446973636F6E6E656374696E67203F
:105BB000257000466F756E642076616C69642063A1
:105BC0006F6E6E656374696F6E202825702920776B
:105BD0006974682061646472657373202573206939
:105BE0006E20257320737461746520002A636F6EC4
:105BF0006E2073686F756C6420626520756E7265C7
:105C0000666572656E63656420616E6420696E69A5
:105C10007469616C697A656420746F204E554C4CD0
:105C2000004E6F206275666665727320746F206324
:105C3000616E63656C20636F6E6E656374696F6E11
:105C40002C207265747279696E6720696E2031301C
:105C5000206D730053656E64204C45207061726145
:105C60006D20757064617465206661696C6564207F
:105C7000286572722025642900646973636F6E6EF3
:105C8000656374656400646973636F6E6E656374E5
:105C90002D636F6D706C657465007363616E2D624A
:105CA00065666F72652D696E6974696174696E6786
:105CB00000696E6974696174696E672D66696C74D8
:105CC00065722D6C697374006164762D636F6E6EFE
:105CD00065637461626C65006164762D6469722D20
:105CE000636F6E6E65637461626C65006469736393
:105CF0006F6E6E656374696E670062745F636F6E6A
:105D00006E00574553545F544F504449522F7A65A3
:105D1000706879722F7375627379732F626C756511
:105D2000746F6F74682F686F73742F6C3263617057
:105D30002E630073203D3D20266C655F6368616EB5
:105D40002D3E5F7064755F726561647900556E61A8
:105D5000626C6520746F20616C6C6F636174652088
:105D600062756666657220666F72206F702030788B
:105D700025303278004E6F20617661696C61626C0B
:105D800065204C3243415020636F6E7465787420F7
:105D9000666F7220636F6E6E2025700045787065A7
:105DA0006374696E6720757020746F20256420729B
:105DB0006566732C20676F7420256400636F6E6EB8
:105DC0002D3E7374617465203D3D2042545F434F06
:105DD0004E4E5F434F4E4E454354454400616C72F6
:105DE0006561647920686176652076696577206FE2
:105DF0006E202570006669666F5F706475203D3D9A
:105E0000207064750028666368616E2D3E63696466
:105E1000203E3D2030783030303120262620666309
:105E200068616E2D3E636964203C3D2030783030DF
:105E30003366290009434944202575206973206E83
:105E40006F7420696E2074686520666978656420C7
:105E50006368616E6E656C2072616E67650A0063CF
:105E600068616E203D3D202828766F6964202A29CC
:105E7000302900094669786564206368616E6E6543
:105E80006C20776974682043494420257520616C33
:105E90007265616479206578697374730A0066635A
:105EA00068616E203C3D205F62745F6C326361709C
:105EB0005F66697865645F6368616E5F6C6973745F
:105EC0005F656E64004C32434150206C656E6774B0
:105ED00068206D69736D61746368202825752021C1
:105EE0003D2025752900496E76616C6964206964DE
:105EF000656E742076616C756520696E204C324346
:105F000041502050445500496E76616C6964204CC4
:105F10004520636F6E6E20706172616D20727370C8
:105F20002073697A652028257520213D20257A7502
:105F30002900496E76616C6964204C4520636F6E60
:105F40006E2075706461746520706172616D20727D
:105F500065712073697A652028257520213D2025EB
:105F60007A7529004E6F7420636F6E6E6563746579
:105F7000640052656A656374696E6720756E6B6E46
:105F80006F776E204C324341502050445520636F50
:105F900064652030782530327800546F6F20736D3F
:105FA000616C6C204C32434150207369676E616CA8
:105FB000696E672050445500546F6F20736D616C9B
:105FC0006C204C324341502050445520726563652B
:105FD000697665640049676E6F72696E67206461F7
:105FE000746120666F7220756E6B6E6F776E2063C2
:105FF00068616E6E656C20494420307825303478B5
:1060000000636F6E6669670062745F6C3263617013
:10601000004661696C656420746F207375626D69F8
:1060200074206174745F74785F64657374726F79DF
:106030005F776F726B3A20256400574553545F5465
:106040004F504449522F7A65706879722F73756288
:106050007379732F626C7565746F6F74682F686FD6
:1060600073742F6174742E63006E65745F6275665D
:106070005F706F6F6C5F676574286275662D3E7028
:106080006F6F6C5F696429203D3D20266174745FE9
:10609000706F6F6C00415454206368616E6E656C64
:1060A000206E6F7420636F6E6E656374656400624A
:1060B00075662D3E6C656E203E3D2073697A656F76
:1060C00066287374727563742062745F6174745FA0
:1060D00068647229004572726F72207369676E6915
:1060E0006E6720646174610052616E206F75742068
:1060F0006F662054582062756666657273206F72F1
:1061000020636F6E74657874732E00556E61626CD7
:106110006520746F206372656174652065727220FA
:106120007273702050445500415454204D545520F2
:1061300065786365656465642C206D6178202575DC
:106140002C2077616E74656420257A7500556E6128
:10615000626C6520746F2063726561746520636F83
:106160006E6669726D2050445500556E61626C65B3
:1061700020746F20637265617465207273702050A3
:10618000445500546F6F20736D616C6C2041545402
:106190002050445520726563656976656400556ECC
:1061A00068616E646C65642041545420636F64655B
:1061B0002030782530327800496E76616C69642031
:1061C0006C656E20257520666F7220636F64652094
:1061D00030782530327800556E61626C6520746FBE
:1061E0002063726561746520555549443A2073698E
:1061F0007A6520257500556E61626C6520746F208C
:1062000063726561746520555549443A2073697A13
:1062100065202564004E6F20617661696C61626C57
:10622000652041545420636F6E7465787420666FE6
:106230007220636F6E6E202570004E6F2061766154
:10624000696C61626C6520415454206368616E6EB4
:10625000656C20666F7220636F6E6E20257000552E
:106260006E61626C6520746F2066696E64204154B3
:1062700054206368616E6E656C00476F74206572B0
:10628000722025642C206E6F742063616C6C696EC3
:1062900067204154542063620009556E6B6E6F771E
:1062A0006E206F70207479706520307825303258F8
:1062B0000A004661696C656420746F2072652D73F5
:1062C00075626D69742025733A202564004E6F2035
:1062D000415454206368616E6E656C20666F722055
:1062E0004D545520257A75004E6F2070656E646997
:1062F0006E67204154542072657175657374004453
:106300006973636F6E6E656374696E672066616939
:106310006C656420286572722025642900415454FC
:106320002054696D656F757420666F7220646576A0
:106330006963652025732E20446973636F6E6E65F3
:106340006374696E672E2E2E00556E61626C652037
:10635000746F206372656174652072657472792050
:106360005044552028257529007265710062745FBC
:1063700061747400434D41432075706461746520FD
:106380006661696C6564202564004661696C6564BA
:1063900020746F206465636F64652076616C756539
:1063A000202865727220257A6429004661696C652F
:1063B0006420746F2073617665204461746162614A
:1063C00073652048617368202865727220256429EE
:1063D00000574553545F544F504449522F7A6570CB
:1063E0006879722F7375627379732F626C75657437
:1063F0006F6F74682F686F73742F676174742E6386
:1064000000656C20213D202828766F6964202A29A8
:106410003029000943616E2774207361766520433B
:1064200046202F2043434320746F20666C617368BD
:106430000A006661696C656420746F2073746F7202
:106440006520534320286572722025642900756EEB
:1064500061626C6520746F20736176652053433AE6
:10646000206E6F20636667206C65667400676174D8
:10647000745F7375625F69735F656D70747928739B
:1064800075622900546F6F206D616E7920436C69CD
:10649000656E7420436861726163746572697374B8
:1064A000696320436F6E66696775726174696F6EA8
:1064B0002E2053656520434F4E4649475F42545F47
:1064C00053455454494E47535F4343435F53544FDE
:1064D00052455F4D41580A00496E76616C696420EF
:1064E0006B6579006661696C656420746F20646512
:1064F0006C657465205343202865727220256429D9
:1065000000556E61626C6520746F206465636F6412
:1065100065206164647265737320257300496E762B
:10652000616C6964206C6F63616C206964656E7472
:1065300069747920256C7500556E61626C652074F4
:106540006F20726573746F72652053433A206E6FCB
:1065500020636667206C656674004E6F20737061FF
:10656000636520746F2073746F726520434343200A
:10657000636667004E6F20737061636520746F20DF
:1065800073746F726520436C69656E742053757007
:10659000706F72746564204665617475726573000E
:1065A000556E61626C6520746F20726573746F72D2
:1065B000652043463A206E6F20636667206C6566EF
:1065C00074004368616E67652D6177617265207341
:1065D0007461747573206E6F7420666F756E6420BD
:1065E000696E2073657474696E67732C20646566C8
:1065F00061756C74696E6720706565722073746173
:1066000074757320746F206368616E67652D756E95
:1066100061776172650052656164206261636B201D
:10662000626164206368616E67652D617761726580
:106630002076616C75653A20307825782C20646569
:106640006661756C74696E6720706565722073741D
:106650006174757320746F206368616E67652D7552
:106660006E6177617265004661696C656420746F64
:106670002073746F726520436C69656E7420466583
:106680006174757265732028657272202564290013
:106690007374617469635F737663203C3D205F624D
:1066A000745F676174745F736572766963655F7345
:1066B00074617469635F6C6973745F656E640055BF
:1066C0006E61626C6520746F20696D706F727420EA
:1066D000746865206B657920666F72204145532090
:1066E000434D414320256400434D4143206F706575
:1066F000726174696F6E20696E6974206661696C7D
:10670000656420256400434D41432066696E6973CA
:1067100068206661696C65642025640062742F637B
:106720006363004661696C656420746F2073746FE5
:1067300072652043434373202865727220256429C3
:106740000009696E76616C696420706172616D65C3
:106750007465720A0A006174747200526561642083
:106760006D6574686F64206E6F7420736574004685
:1067700061696C656420746F207265616420617466
:1067800074726962757465202570202865727220A4
:10679000257A642900496E76616C696420726561AE
:1067A00064206C656E6774683A20257A6400094E2F
:1067B0006F206D6F726520617474726962757465A3
:1067C000730A0A00706172616D730009696E766107
:1067D0006C696420706172616D65746572730A0A18
:1067E00000706172616D732D3E61747472207C7CE7
:1067F00020706172616D732D3E7575696400216151
:10680000746F6D69635F746573745F626974287314
:10681000632D3E666C6167732C2053435F494E4481
:1068200049434154455F50454E44494E472900096C
:10683000496E64696361746520616C726561647935
:106840002070656E64696E670A00434343202570BB
:10685000206E6F74207772697461626C65005343B7
:1068600020726573746F726520696E646963617408
:10687000696F6E206661696C656400706172616D3C
:106880007320262620706172616D732D3E66756ED1
:10689000630028706172616D732D3E737461727450
:1068A0005F68616E646C6520262620706172616D80
:1068B000732D3E656E645F68616E646C65290028A7
:1068C000706172616D732D3E73746172745F686183
:1068D0006E646C65203C3D20706172616D732D3E6D
:1068E000656E645F68616E646C652900556E6B6EE1
:1068F0006F776E2055554944207479706520257551
:106900000050617273652065727200496E76616C29
:1069100069642064617461206C656E202575005087
:1069200061727365206572722064617400506172D7
:1069300073652065727220636570005061727365C3
:106940002065727220636363005061727365206515
:106950007272207363630050617273652065727296
:106960002063706600496E76616C696420666F72A0
:106970006D61742025750042616420706565723A0E
:106980002041545420726561642D62792D757569BA
:1069900064207273703A20696E76616C696420417C
:1069A00054545220504455206C656E202575004982
:1069B0006E76616C69642068616E646C650042612A
:1069C0006420706565723A20415454207265616498
:1069D0002D62792D75756964207273703A20486153
:1069E0006E646C6520307825303478206973206FB0
:1069F0007574736964652072657175657374656417
:106A00002072616E6765203078253034782D3078BB
:106A1000253034782E2041626F7274696E6720725F
:106A20006561642E00706172616D732D3E68616EE8
:106A3000646C6500496E636F7272656374206C6587
:106A40006E6774682C2063616E63656C696E672085
:106A5000777269746500496E636F72726563742042
:106A60006F6666736574206F72206461746120695B
:106A70006E20726573706F6E73652C2063616E6338
:106A8000656C696E67207772697465007061726108
:106A90006D7320262620706172616D732D3E6E6FBE
:106AA0007469667900706172616D732D3E76616CF8
:106AB000756500706172616D732D3E6363635F681D
:106AC000616E646C65004661696C656420746F205A
:106AD000756E737562736372696265202865727280
:106AE0002025642900496E76616C696420646174B4
:106AF00061206C656E202575203E2025750046615D
:106B0000696C656420746F207365742073656375A8
:106B10007269747920666F7220626F6E646564209A
:106B200070656572202825642900636F6E6E2025CC
:106B30007020706172616D732025702072657375AD
:106B400062206661696C6564202865727220256424
:106B5000290062742F686173680062742F63660095
:106B600062742F73630062745F6761747400556EA2
:106B700061626C6520746F2066696E6420534D50AD
:106B8000206368616E6E656C00556E6B6E6F776E1C
:106B90002070616972696E67206D6574686F64202A
:106BA00028257529004661696C656420746F20731F
:106BB0007461727420656E6372797074696F6E00AF
:106BC0004661696C656420746F2067656E657261EB
:106BD00074652044484B65790043616C63756C6152
:106BE0007465204C544B206661696C656400436198
:106BF0006C63756C617465206C6F63616C204448D4
:106C00004B657920636865636B206661696C6564B8
:106C10000052656D6F7465206973207573696E67C6
:106C2000204465627567205075626C6963206B65EE
:106C30007900526563656976656420696E76616C7A
:106C40006964207075626C6963206B6579005265B8
:106C50006D6F7465207075626C6963206B65792057
:106C600072656A65637465640043616C63756C6129
:106C7000746520636F6E6669726D206661696C650C
:106C800064004E6F206B65797320737061636520BB
:106C9000666F72202573004E6F20617661696C61AA
:106CA000626C6520534D5020636F6E74657874205C
:106CB000666F7220636F6E6E20257000556E616284
:106CC0006C6520746F20676574206B65797320662E
:106CD0006F72202573004E6577206175746820728D
:106CE0006571756972656D656E74733A20307825CB
:106CF000782C20726570616972696E6700556E73D9
:106D00007570706F72746564206175746820726547
:106D100071756972656D656E74733A203078257887
:106D20002C20726570616972696E67005745535413
:106D30005F544F504449522F7A65706879722F73AF
:106D400075627379732F626C7565746F6F74682FD9
:106D5000686F73742F736D702E63005075626C6969
:106D600063206B65792072652D67656E657261744D
:106D7000696F6E2072657175657374206661696CE8
:106D800065642028256429006D757465785F6572D7
:106D900072203D3D2030005075626C6963206B6548
:106DA000792067656E65726174696F6E2074696DB4
:106DB000656F75740054686520696E2D70726F6719
:106DC000726573732070616972696E6720686173A0
:106DD000206265656E2064656C657465642100538E
:106DE0004D5020646F6573206E6F7420616C6C6F02
:106DF0007720612070616972696E67206661696CD5
:106E0000757265206174207468697320706F696E93
:106E1000742E204B6E6F776E2069737375652E200C
:106E2000446973636F6E6E656374696E6720696E23
:106E300073746561642E005075626C6963206B65C4
:106E400079206E6F7420617661696C61626C650097
:106E5000546F6F20736D616C6C20534D5020504403
:106E60005520726563656976656400534D502063F3
:106E70006F6D6D616E642028636F646520307825C6
:106E800030327829207265636569766564206166B1
:106E90007465722074696D656F7574005265636501
:106EA0006976656420726573657276656420534DFA
:106EB0005020636F64652030782530327800556E3D
:106EC00068616E646C656420534D5020636F646527
:106ED0002030782530327800556E6578706563749F
:106EE000656420534D5020636F64652030782530F1
:106EF000327800496E76616C6964206964656E74ED
:106F0000697479202573002128736D702D3E726598
:106F10006D6F74655F646973742026203078303239
:106F200029005265667573696E67206E65772070FB
:106F3000616972696E672E20546865206F6C6420E9
:106F4000626F6E64206D75737420626520756E705B
:106F500061697265642066697273742E00216274BF
:106F60005F69645F66696E645F636F6E666C6963B8
:106F700074286E65775F626F6E642C203029007014
:106F8000616972696E67206661696C65642028704A
:106F900065657220726561736F6E2030782578297F
:106FA00000534D502054696D656F75742028666CD0
:106FB0006167733A30782530387820616C6C6F7770
:106FC00065645F636D64733A3078253038782900E2
:106FD00062745F736D7000574553545F544F504453
:106FE00049522F7A65706879722F7375627379735D
:106FF0002F626C7565746F6F74682F686F73742F70
:107000006B6579732E63006B65797320213D2028B1
:1070100028766F6964202A2930290061646472200F
:10702000213D202828766F6964202A2930290066AE
:10703000756E6320213D202828766F6964202A29F7
:107040003029004661696C656420746F2072656147
:10705000642076616C7565202865727220257A64DB
:107060002900556E61626C6520746F2066696E64DC
:107070002064656C65746564206B65797320666F48
:1070800072202573004661696C656420746F20610D
:107090006C6C6F63617465206B65797320666F72C9
:1070A00020257300496E76616C6964206B657920D8
:1070B0006C656E67746820257A6420213D20257AEE
:1070C000750044726F7070696E67206B657973200C
:1070D000666F722025732C206E6F205343204C5412
:1070E0004B0053746F726564206B65797320666F13
:1070F0007220257320646F206E6F74206D6174633D
:10710000682063757272656E7420636F6E6669675E
:1071100020666C616773206F722076657273696F89
:107120006E00546865206B65797320666F72202548
:10713000732061726520646F776E67726164656445
:1071400020746F20756E61757468656E7469636113
:107150007465642061732074686579206E6F206C9B
:107160006F6E676572206D65657420617574686502
:107170006E7469636174696F6E207265717569728E
:10718000656D656E7473004661696C656420746F2B
:107190002073617665206B65797320286572722093
:1071A0002564290062742F6B6579730062745F6BCC
:1071B0006579730062745F63727970746F00466101
:1071C000696C656420746F20696D706F7274204102
:1071D0004553206B6579202564004661696C6564C0
:1071E00020746F20636F6D70757465204D4143206E
:1071F00025640063616368655F6E72667800574559
:1072000053545F544F504449522F7A6570687972D5
:107210002F647269766572732F636C6F636B5F6343
:107220006F6E74726F6C2F636C6F636B5F636F6EE6
:1072300074726F6C5F6E72662E6300747970652075
:107240003C20434C4F434B5F434F4E54524F4C5F97
:107250004E52465F545950455F434F554E5400635C
:107260006C6F636B40313065303030006866636C42
:107270006B006C66636C6B006866636C6B32346DBC
:1072800000636C6F636B5F636F6E74726F6C007022
:1072900073612D726E67007272616D2D636F6E7413
:1072A000726F6C6C65724035303034653030300050
:1072B000666C6173685F6E72665F7272616D0057B3
:1072C0004553545F544F504449522F7A6570687942
:1072D000722F696E636C7564652F7A657068797258
:1072E0002F647269766572732F6770696F2F67708C
:1072F000696F5F7574696C732E680063616C6C6292
:1073000061636B00094E6F2063616C6C6261636B3B
:10731000210A0063616C6C6261636B2D3E68616E73
:10732000646C657200094E6F2063616C6C6261630E
:107330006B2068616E646C6572210A005745535476
:107340005F544F504449522F6D6F64756C65732FB5
:1073500068616C2F6E6F726469632F6E7266782F2E
:1073600068616C2F6E72665F6770696F2E68006E61
:1073700072665F6770696F5F70696E5F7072657368
:10738000656E745F636865636B282A705F70696EF1
:107390002900574553545F544F504449522F7A6542
:1073A000706879722F647269766572732F6770697D
:1073B0006F2F6770696F5F6E7266782E630063620D
:1073C0002D3E68616E646C6572006770696F403154
:1073D0003061303030006770696F4064383630306B
:1073E000006770696F406438323030006770696FD1
:1073F00040353034303000574553545F544F50447B
:1074000049522F7A65706879722F64726976657255
:10741000732F73657269616C2F756172745F6E7220
:1074200066785F75617274652E6300095458206F29
:107430006E6C7920554152544520696E7374616EAB
:1074400063650A006E72665F75617274655F65766A
:10745000656E745F636865636B2875617274652C13
:10746000204E52465F55415254455F4556454E5455
:107470005F454E445258290075617274406336303E
:10748000303000756172745F6E7266785F7561721C
:107490007465002A2A2A205573696E67204564673F
:1074A00065204149204164642D6F6E2076322E3371
:1074B0002E302D31633234663361393461633920C3
:1074C0002A2A2A0A00574553545F544F50444952C0
:1074D0002F6E72662F7375627379732F626C756588
:1074E000746F6F74682F636F6E74726F6C6C6572FB
:1074F0002F6863695F6472697665722E6300095351
:107500006F667444657669636520436F6E74726F4D
:107510006C6C6572204153534552543A2025732CAC
:107520002025640A0A00574553545F544F5044497C
:10753000522F7A65706879722F696E636C75646515
:107540002F7A65706879722F647269766572732F0D
:10755000656E74726F70792E68006170692D3E6778
:1075600065745F656E74726F707920213D202828E4
:10757000766F6964202A293029000943616C6C62A6
:1075800061636B20706F696E7465722073686F75CC
:107590006C64206E6F74206265204E554C4C0A005E
:1075A0000954686520656E74726F707920736F7509
:1075B0007263652072657475726E656420616E20F9
:1075C0006572726F7220696E206120626C6F636BEE
:1075D000696E672063616C6C0A00574553545F54B1
:1075E0004F504449522F6E72662F696E636C7564FA
:1075F000652F6D70736C2F6D70736C5F776F726B2E
:107600002E6800096B5F776F726B5F7375626D69CF
:10761000745F746F5F71756575652829206661698F
:107620006C65642E0A00536F667444657669636501
:1076300020436F6E74726F6C6C6572206275696C3A
:1076400064207265766973696F6E3A2000456E74C6
:10765000726F707920736F757263652064657669E7
:107660006365206E6F74207265616479004661699C
:107670006C656420746F207265676973746572202D
:1076800072616E6420736F757263652028256429AA
:1076900000416C6C6F6361746564206D656D6F7221
:1076A0007920746F6F206C6F773A20257A75203CB3
:1076B000202575004576656E742062756666657274
:1076C00020746F6F20736D616C6C2E20257A75208D
:1076D0003E20257500556E6578706563746564207D
:1076E0006D73675F747970653A2025752E20546834
:1076F00069732069662D656C7365206E65656473BA
:107700002061206E6577206272616E636800556E3D
:107710006B6E6F776E206572726F72207768656E20
:107720002070726F63657373696E67206863692088
:107730006D6573736167652025640062745F6863BB
:10774000695F7364630062745F7364635F68636935
:107750005F6472697665720062745F7364635F630D
:10776000727970746F00574553545F544F504449B9
:10777000522F6E72662F7375627379732F6D7073EB
:107780006C2F696E69742F6D70736C5F696E6974AC
:107790002E6300094D50534C204153534552543AE7
:1077A0002025732C2025640A0A00657272636F64B9
:1077B00065203D3D203000096B5F776F726B5F7312
:1077C00063686564756C655F666F725F717565751A
:1077D000652829206661696C65642E0A004D505346
:1077E0004C20576F726B006D70736C5F696E6974BB
:1077F00000556E737570706F7274656420484643EF
:107800004C4B206576656E743A20256400574553CD
:10781000545F544F504449522F6E72662F64726900
:10782000766572732F6D70736C2F636C6F636B5F13
:10783000636F6E74726F6C2F6E7266785F636C6FBD
:10784000636B5F6D70736C2E6300094E6F742073F1
:107850007570706F727465640A006E7266785F632B
:107860006C6F636B5F6D70736C00574553545F545E
:107870004F504449522F6E72662F6472697665725A
:10788000732F6D70736C2F666C6173685F73796EA4
:10789000632F666C6173685F73796E635F6D70737D
:1078A0006C2E630073657373696F6E5F6964203D4E
:1078B0003D205F636F6E746578742E7365737369B2
:1078C0006F6E5F696400726574203D3D2030000971
:1078D0006D70736C5F74696D65736C6F745F7265E6
:1078E0007175657374206661696C65643A202564FE
:1078F0000A0009756E657870656374656420736944
:10790000676E616C3A2025750A006D70736C5F7448
:10791000696D65736C6F745F73657373696F6E5FA8
:107920006F70656E206661696C65643A202564003D
:107930006B5F73656D5F636F756E745F67657428E9
:10794000265F636F6E746578742E74696D656F75EC
:10795000745F73656D29203D3D203000666C617356
:10796000685F73796E635F6D70736C005745535435
:107970005F544F504449522F6D6F64756C65732F7F
:1079800068616C2F6E6F726469632F6E7266782FF8
:10799000647269766572732F7372632F6E72667884
:1079A0005F6770696F74652E6300574553545F5469
:1079B0004F504449522F6D6F64756C65732F686129
:1079C0006C2F6E6F726469632F6E7266782F6861B8
:1079D0006C2F6E72665F6770696F74652E680069E0
:1079E0006E646578203C203800705F696E73746146
:1079F0006E636500705F6368616E6E656C007069D0
:107A00006E5F6861735F7472696767657228705F23
:107A1000696E7374616E63652C2070696E290069EC
:107A20006E745F656E61626C6500574553545F54B8
:107A30004F504449522F6D6F64756C65732F6861A8
:107A40006C2F6E6F726469632F6E7266782F686137
:107A50006C2F6E72665F677274632E680076616C5D
:107A60007565203C3D202828307846464646554CD2
:107A7000203C3C202830554C2929203E3E202830EF
:107A8000554C29290076616C7565203C3D202828DD
:107A900030784646554C203C3C202830554C29290E
:107AA000203E3E202830554C29290063635F6368DF
:107AB000616E6E656C203C20283132554C290028BF
:107AC00063635F6368616E6E656C203C20283132B1
:107AD000554C2929202626202876616C7565203C86
:107AE0003D202830783746464646464646554C2087
:107AF0003C3C202830554C2929290063635F6820CD
:107B00003C3D202830784646464646554C203C3C75
:107B1000202830554C292900574553545F544F5065
:107B20004449522F6D6F64756C65732F68616C2FBB
:107B30006E6F726469632F6E7266782F64726976F5
:107B40006572732F7372632F6E7266785F677274DB
:107B5000632E63006D5F63622E7374617465203DF4
:107B60003D204E5246585F4452565F53544154454F
:107B70005F494E495449414C495A45440073797311
:107B8000636F756E7465725F636865636B286368A5
:107B9000616E6E656C29203D3D2030006D5F636233
:107BA0002E6368616E6E656C5F646174615B695DB4
:107BB0002E6368616E6E656C203D3D2069647800BF
:107BC000574553545F544F504449522F6D6F64755D
:107BD0006C65732F68616C2F6E6F726469632F6EB2
:107BE0007266782F68616C2F6E72665F7272616D5B
:107BF000632E6800705F636F6E6669672D3E7772F3
:107C00006974655F627566665F73697A65203C3D7D
:107C1000202830783230554C29005465726D696ED9
:107C2000616C00574553545F544F504449522F7A6A
:107C300065706879722F6B65726E656C2F646576FE
:107C40006963652E63007263203E3D202D283078E5
:107C5000666629202626207263203C2030000964B5
:107C6000657669636520257320696E69743A2069B9
:107C70006E76616C6964206572726F72202825646B
:107C8000290A0048616C74696E67207379737465A2
:107C90006D00556E6B6E6F776E206572726F72003D
:107CA0003E3E3E205A455048595220464154414C90
:107CB000204552524F522025643A202573206F6E82
:107CC00020435055202564004661756C742064750E
:107CD00072696E6720696E7465727275707420685F
:107CE000616E646C696E670A0043757272656E74CA
:107CF000207468726561643A2025702028257329F4
:107D000000574553545F544F504449522F7A657081
:107D10006879722F6B65726E656C2F666174616C29
:107D20002E6300726561736F6E20213D204B5F45AD
:107D300052525F4B45524E454C5F50414E494300B5
:107D400009417474656D7074656420746F20726588
:107D5000636F7665722066726F6D2061206B65724D
:107D60006E656C2070616E696320636F6E64697408
:107D7000696F6E0A004350552065786365707469B9
:107D80006F6E00556E68616E646C656420696E7418
:107D900065727275707400537461636B206F7665E1
:107DA00072666C6F77004B65726E656C206F6F70DA
:107DB00073004B65726E656C2070616E696300576D
:107DC0004553545F544F504449522F7A6570687937
:107DD000722F6B65726E656C2F696E69742E63000D
:107DE0007468726561645F64617461203C3D205F0A
:107DF0005F7374617469635F7468726561645F6402
:107E00006174615F6C6973745F656E64006465764C
:107E1000203C3D205F6465766963655F6C697374BF
:107E20005F656E64006D61696E006F730057455346
:107E3000545F544F504449522F7A65706879722FBD
:107E40006B65726E656C2F6B686561702E630021C7
:107E5000617263685F69735F696E5F697372282915
:107E6000207C7C20282874696D656F7574292E74B8
:107E700069636B73203D3D202828286B5F74696D12
:107E8000656F75745F74297B307D29292E74696351
:107E90006B732900090A0068656170203C3D205F12
:107EA0006B5F686561705F6C6973745F656E6400B9
:107EB000574553545F544F504449522F7A65706868
:107EC00079722F6B65726E656C2F6D656D5F736C6B
:107ED00061622E6300736C6162203C3D205F6B5FCA
:107EE0006D656D5F736C61625F6C6973745F656E05
:107EF000640028736C61622D3E667265655F6C6913
:107F00007374203D3D202828766F6964202A29302B
:107F10002920262620736C61622D3E696E666F2EC5
:107F20006E756D5F75736564203D3D20736C616295
:107F30002D3E696E666F2E6E756D5F626C6F636B42
:107F40007329207C7C20736C61625F7074725F693E
:107F5000735F676F6F6428736C61622C20736C6150
:107F6000622D3E667265655F6C69737429000973E2
:107F70006C616220636F7272757074696F6E2064D9
:107F8000657465637465640A0009496E76616C699D
:107F900064206D656D6F727920706F696E746572A3
:107FA0002070726F76696465640A00574553545FA8
:107FB000544F504449522F7A65706879722F6B651F
:107FC000726E656C2F696E636C7564652F6B73637D
:107FD0006865642E680021617263685F6972715F11
:107FE000756E6C6F636B6564286B657929007468C6
:107FF000726561642D3E626173652E70656E6465A5
:10800000645F6F6E00574553545F544F504449525C
:108010002F7A65706879722F6B65726E656C2F6947
:10802000646C652E63005F6B65726E656C2E6370A9
:1080300075735B305D2E63757272656E742D3E6272
:108040006173652E7072696F203E3D203000574588
:1080500053545F544F504449522F7A657068797277
:108060002F6B65726E656C2F6D757465782E63006D
:1080700021617263685F69735F696E5F69737228FB
:108080002900096D7574657865732063616E6E6F84
:1080900074206265207573656420696E7369646518
:1080A00020495352730A006D757465782D3E6C6FCC
:1080B000636B5F636F756E74203E203055005745CB
:1080C00053545F544F504449522F7A657068797207
:1080D0002F6B65726E656C2F73656D2E630028289B
:1080E000617263685F69735F696E5F697372282983
:1080F000203D3D203029207C7C20282874696D6536
:108100006F7574292E7469636B73203D3D20282898
:10811000286B5F74696D656F75745F74297B307D42
:1081200029292E7469636B73292900737973776F1A
:10813000726B7100574553545F544F504449522F4E
:108140007A65706879722F6B65726E656C2F776FC8
:10815000726B2E6300776F726B2D3E71756575655E
:1081600020213D202828766F6964202A29302900A3
:10817000776F726B2D3E68616E646C657220213D75
:10818000202828766F6964202A2930290021666C0E
:1081900061675F746573742826776F726B2D3E6616
:1081A0006C6167732C204B5F574F524B5F44454CBB
:1081B000415941424C455F424954290073796E63ED
:1081C00020213D202828766F6964202A2930290043
:1081D00021666C61675F74657374282671756575B7
:1081E000652D3E666C6167732C204B5F574F524B79
:1081F0005F51554555455F535441525445445F4284
:1082000049542900717565756500737461636B006D
:1082100064776F726B20213D202828766F69642077
:108220002A29302900574553545F544F504449522E
:108230002F7A65706879722F6B65726E656C2F741A
:1082400068726561642E6300282828287072696F3F
:108250002929203D3D203135202626207A5F69736B
:108260005F69646C655F7468726561645F656E7494
:1082700072792828656E747279292929207C7C20DE
:108280002828283135202D203129203E3D2028283E
:108290002D31362929292026262028287072696F39
:1082A0002929203E3D2028282D313629292026261F
:1082B0002028287072696F2929203C3D20283135FB
:1082C000202D20312929290009696E76616C6964A5
:1082D000207072696F7269747920282564293B20A7
:1082E000616C6C6F7765642072616E67653A2025FA
:1082F0006420746F2025640A000954687265616403
:1083000073206D6179206E6F7420626520637265E1
:108310006174656420696E20495352730A005745A1
:1083200053545F544F504449522F7A6570687972A4
:108330002F6B65726E656C2F73636865642E6300C6
:10834000217A5F69735F69646C655F7468726561E7
:10835000645F6F626A65637428746872656164291A
:1083600000574553545F544F504449522F7A65701B
:108370006879722F6B65726E656C2F696E636C75B0
:1083800064652F6B7468726561642E68005F6B654D
:10839000726E656C2E637075735B305D2E637572E3
:1083A00072656E7420213D202828766F6964202A2A
:1083B000293029002169735F7468726561645F64A4
:1083C000756D6D792874687265616429005745532D
:1083D000545F544F504449522F7A65706879722F18
:1083E0006B65726E656C2F696E636C7564652F6B5F
:1083F000737761702E6800617263685F6972715F84
:10840000756E6C6F636B6564286B657929207C7C65
:10841000205F6B65726E656C2E637075735B305D8B
:108420002E63757272656E742D3E626173652E7473
:1084300068726561645F7374617465202620282802
:108440002831554C203C3C202830292929207C20EB
:10845000282831554C203C3C202833292929290043
:1084600009436F6E74657874207377697463686903
:108470006E67207768696C6520686F6C64696E67E9
:10848000206C6F636B210A0073697A656F66285FE1
:1084900073636865645F7370696E6C6F636B2920CA
:1084A0003D3D2030207C7C206C6F636B20213D2083
:1084B000265F73636865645F7370696E6C6F636B6E
:1084C000005F6B65726E656C2E637075735B305DFB
:1084D0002E63757272656E742D3E626173652E73C4
:1084E000636865645F6C6F636B656420213D203158
:1084F00055005F6B65726E656C2E637075735B30D3
:108500005D2E63757272656E742D3E626173652EA9
:1085100073636865645F6C6F636B656420213D20E5
:10852000305500217465726D696E61746500096172
:10853000626F72746564205F63757272656E742019
:108540006261636B2066726F6D20646561640A000E
:1085500021657373656E7469616C000961626F7285
:1085600074656420657373656E7469616C207468EA
:10857000726561642025700A00574553545F544F5B
:10858000504449522F7A65706879722F6B65726E0C
:10859000656C2F74696D65736C6963696E672E63B2
:1085A00000282874696D656F757429202626202897
:1085B0002875696E747074725F742928736C6963AE
:1085C000655F74696D656F7574732929203C3D2062
:1085D000282875696E747074725F74292874696DC7
:1085E000656F7574292920262620282875696E74E0
:1085F0007074725F74292874696D656F75742929A8
:10860000203C20282875696E747074725F74292864
:108610002628736C6963655F74696D656F75747323
:10862000295B282873697A655F7429282828696E70
:10863000742973697A656F6628636861725B31209B
:108640002D202832202A202128215F5F6275696C45
:1086500074696E5F74797065735F636F6D70617458
:1086600069626C655F70285F5F747970656F665FC3
:108670005F28736C6963655F74696D656F7574738A
:10868000292C205F5F747970656F665F5F282628EC
:10869000736C6963655F74696D656F757473295B6D
:1086A000305D292929295D29202D203129202B20E1
:1086B0002873697A656F6628736C6963655F74698E
:1086C0006D656F75747329202F2073697A656F66E5
:1086D0002828736C6963655F74696D656F75747361
:1086E000295B305D292929295D2929202626202872
:1086F000282875696E747074725F74292874696DA6
:10870000656F75742929202D20282875696E74706D
:1087100074725F742928736C6963655F74696D6531
:108720006F75747329292920252073697A656F660E
:108730002828736C6963655F74696D656F75747300
:10874000295B305D29203D3D203029005745535499
:108750005F544F504449522F7A65706879722F6B7D
:1087600065726E656C2F74696D656F75742E63002C
:10877000217379735F646E6F64655F69735F6C69A1
:108780006E6B65642826746F2D3E6E6F64652900DC
:10879000574553545F544F504449522F7A6570687F
:1087A00079722F6B65726E656C2F6D656D706F6F72
:1087B0006C2E6300616C69676E203D3D2030207C2B
:1087C0007C20282875696E747074725F74296D65D9
:1087D0006D20262028616C69676E202D20312929A3
:1087E000203D3D203000096D6973616C69676E65DD
:1087F00064206D656D6F727920617420257020286A
:10880000616C69676E203D20257A75290A006372C4
:108810006163656E00574553545F544F504449524D
:108820002F6E72662F7375627379732F6E72665F27
:1088300073656375726974792F7372632F647269DB
:10884000766572732F63726163656E2F636F6D6DF2
:108850006F6E2F7372632F63726163656E2F6C6925
:10886000625F6B6D752E63002828282875696E7409
:108870007074725F74296B6D755F7372632D3E64E3
:1088800065737429202520313629203D3D2030296B
:10889000000944455354206D6973616C69676E65C6
:1088A000640A00574553545F544F504449522F6E49
:1088B00072662F7375627379732F6E72665F73655C
:1088C0006375726974792F7372632F647269766548
:1088D00072732F63726163656E2F63726163656E7D
:1088E0007073612F7372632F63726163656E5F7063
:1088F00073615F6B65795F6D616E6167656D656EF4
:10890000742E6300646174615F6C656E67746800E7
:108910006B65795F627566666572006B65795F622B
:1089200075666665725F6C656E677468006B657905
:108930005F6269747300574553545F544F50444904
:10894000522F6E72662F7375627379732F6E726613
:108950005F73656375726974792F7372632F6472C4
:1089600069766572732F63726163656E2F637261DE
:1089700063656E5F73772F7372632F6372616365D4
:108980006E5F73775F6D61632E6300282828616CCA
:10899000672920262028287073615F616C676F72D9
:1089A0006974686D5F7429203078376630303030F4
:1089B00030302929203D3D2028287073615F616C8B
:1089C000676F726974686D5F742920307830333056
:1089D0003030303030292900574553545F544F50C0
:1089E0004449522F6E72662F7375627379732F6EBE
:1089F00072665F73656375726974792F7372632F22
:108A0000647269766572732F63726163656E2F732A
:108A10007873796D63727970742F7372632F706CD1
:108A20006174666F726D2F626172656D6574616CE1
:108A30002F696E74657272757074732E63000955B8
:108A40006E68616E646C656420696E7465727275BF
:108A500070742E200A00574553545F544F504449B8
:108A6000522F6E72662F7375627379732F6E7266F2
:108A70005F73656375726974792F7372632F757490
:108A8000696C732F6E72665F736563757269747952
:108A90005F6D7574657865732E6300574553545F39
:108AA000544F504449522F7A65706879722F6B6524
:108AB000726E656C2F6576656E74732E6300FFFFB2
:108AC000FFFF1F00647261676F6F6E2F6C696273C6
:108AD0002F73636865642F7372632F7363686564B3
:108AE0005F68616C5F74696D65725F677274632E35
:108AF0006300C8DA3098F9F034A44B6EBAD3081981
:108B0000CC0CEA51DA4700286E756C6C29002A6695
:108B10006C6F61742A00206D6573736167657320E3
:108B200064726F70706564202D2D2D0D0A1B5B30F3
:108B30006D001B5B313B33316D2D2D2D2000040862
:108B40001102041000000000000000FFFFFFFFFF03
:108B5000FF00000000000030313233343536373842
:108B60003961626364656600000000000000100067
:108B7000800000805F9B34FB91FBFBF3F4FBFBFB6D
:108B8000FBEA00090909090102090909090909099A
:108B9000090909090709090909090609090909094A
:108BA0000909090909090909090909050305020053
:108BB0000AE69D350E480103CCDBFDF4AC1191F4BF
:108BC000EFB9A5F9E9A7832C5E2CBE97F2D203B0CA
:108BD000208BD28915D08E1C742430ED8FC2456352
:108BE000765C15525ABF9A32636DEB2A65499C80B8
:108BF000DC020203046174745F74785F64657374EB
:108C0000726F795F776F726B5F68616E646C6572AB
:108C1000000005061F1F2918120308020305080A91
:108C20000008010304010504050906070101060601
:108C3000080000010001000301000302020100021C
:108C4000000000000002030100036C888391AAF574
:108C5000A53860370BDB5A6083BE00070E091C1B6A
:108C60001215383F363124232A2D0001040502064F
:108C700008090F000A2A3542424242424242424219
:108C8000424242000102030000000000005454521E
:108C9000205245474745530010141400001C203053
:108CA000401C2000001C2030400040010302101432
:108CB0001400001C2030401C2000001C203040000C
:108CC00040FFFFFFFF000000010000000000000067
:108CD0000000000000FFFFFFFFFFFFFFFFFFFFFF9F
:108CE000FFFFFFFFFF00000000FFFFFFFFFFFFFF90
:108CF000FFBCE6FAADA7179E84F3B9CAC2FC632590
:108D0000516B17D1F2E12C4247F8BCE6E563A44071
:108D1000F277037D812DEB33A0F4A13945D898C2B9
:108D2000964FE342E2FE1A7F9B8EE7EB4A7C0F9E52
:108D3000162BCE33576B315ECECBB6406837BF5162
:108D4000F5FFFFFFFF000000010000000000000031
:108D50000000000000FFFFFFFFFFFFFFFFFFFFFF1E
:108D6000FC5AC635D8AA3A93E7B3EBBD5576988638
:108D7000BC651D06B0CC53B0F63BCE3C3E27D2605E
:048D80004B000000A4
:108D8C00FFFFFFFFFF1F00001F000000000000009E
:108D9C001D40000000000000FFFFFFFF1FFF000050
:108DAC00BAABBABA101010107F000000000000001F
:108DBC000050085000000000000000000C000000F3
:108DCC00010000FF7F0000000000000079AA0000F5
:108DDC000000000061AA0000000000003FAA000093
:108DEC00000000007C740000FF000000749900007B
:108DFC000100000000000000000000000000000066
:108E0C000000000000000000000000000000000056
:108E1C000000000000000000000000000000000046
:108E2C000000000000000000000000000000000036
:108E3C000000000000000000000000000000000026
:108E4C000000000000000000000000000000000016
:108E5C000000000000000000000000000000000006
:108E6C0000000000000000000000000000000000F6
:108E7C0000000000000000000000000000000000E6
:108E8C0000000000000000000000000000000000D6
:108E9C0000000000000000000000000000000000C6
:108EAC0000000000000000000000000000000000B6
:108EBC0000000000000000000000000000000000A6
:108ECC00DD58010000000000000000000000000060
:108EDC000000000000000000000000000000000086
:108EEC000000000000000000000000000000000076
:108EFC000000000000000000000000000000000066
:108F0C000000000000000000000000000000000055
:108F1C000000000000000000000000000000000045
:108F2C000000000000000000000000000000000035
:108F3C000000000000000000000000000000000025
:108F4C000000000000000000F40A03000000000014
:108F5C0000000000D9DA0000000000000001000051
:108F6C0000000000000000000000000000000000F5
:108F7C0000000000000000000000000000000000E5
:108F8C00000000006700000000000000000000006E
:108F9C0000000000000000000000000000000000C5
:108FAC0000000000000000000000000000000000B5
:108FBC0000000000000000000000000000000000A5
:108FCC000000000000000000000000000000000095
:108FDC000000000000000000000000000000000085
:108FEC000000000000000000000000000000000075
:108FFC000000000000000000000000000000000065
:10900C000000000000000000000000000000000054
:10901C00DDDF000049DF0000000000000000000060
:10902C000000000000000000000000000000000034
:10903C0099DF000000000000081B03000000000086
:10904C001DDC0000F5DB0000E1DB000085A5020063
:10905C0045B10200941B03005C24030000000200D5
:10906C0068240300000002006520010000000000DD
:10907C000000000000000000D1BA02000000000057
:10908C000000000000C010500000000000000000B4
:10909C0000000000000000000000000000000000C4
:1090AC0000000000000000000000000000000000B4
:1090BC0000000000000000000000000000000000A4
:1090CC000000000000000000000000000000000094
:1090DC000000000000000000000000000000000084
:1090EC000000000000000000000000000000000074
:1090FC000000000000000000000000000000000064
:10910C000000000000000000000000000000000053
:10911C000000000000000000000000000000000043
:10912C000000000000000000000000000000000033
:10913C00000000000001000000A00D500000000025
:10914C000000000000000000000000000000000013
:10915C000000000000000000000000000000000003
:10916C0000000000000000000000000000000000F3
:10917C0000000000000000000000000000000000E3
:10918C0000000000000000000000000000000000D3
:10919C0000000000000000000000000000000000C3
:1091AC0000000000000000000000000000000000B3
:1091BC0000000000000000000000000000000000A3
:1091CC000000000000000000000000000000000093
:1091DC000000000000000000000000000000000083
:1091EC000000000000000000000000000000000073
:1091FC00093F01000000000000000000000000001A
:10920C00095C0100000000000000000000000000EC
:10921C00FD490100000000000000000000000000FB
:10922C00FD6B0100000000000000000000000000C9
:10923C00C96A0100000000000000000000000000EE
:10924C004177010000000000000000000000000059
:10925C00E56F01000000000000000000958E010089
:10926C00219E0100659F010000000000000000002D
:10927C007D90010043CC020005CD0200F98C010069
:10928C000000000000000000B99A0100000000007E
:10929C0000000000AFD6020000000000000000003B
:1092AC00000000007C24030000000200882403005E
:1092BC0000000A00982403000000200000000000B9
:1092CC0000000000000000000000000011D50200AA
:1092DC00000000007416002074160020000000002E
:1092EC00000000000E0000008816002088160020E8
:1092FC00D1DC010000000000803D002000000000D7
:10930C000000000071FF010000000000FF000000E1
:10931C000090D003FF0000000F000000710200005D
:10932C00C0160020C0160020C8160020C816002049
:10933C0000000000000000000E0000000000000013
:10934C00E0160020E01600200000000000000000E5
:10935C000E00000000000000F8160020F816002097
:10936C0000000000000000000E00000000000000E3
:10937C001017002010170020000000000000000053
:10938C000E00000000000000CDEF0200C9EF02004B
:10939C006774200020180020701800204818002046
:1093AC0000190020F0180020341800205C18002050
:0193BC0001AF
:1093BD0000000000000000000000000000000000A0
:0793CD000000000000000099
:1093D4000000000000000000000000000000000089
:1093E4000000000000000000000000000000000079
:1093F4000000000000000000000000000000000069
:0C9404000000000000000000000000005C
:049410000000000058
:10941400A8170020A817002000000000ECC10020BD
:10942400000000000100000028000000000000000F
:10943400C8170020C817002000000000407E00204C
:109444000000000001000000A8000000000000006F
:10945400E8170020E81700200000000014C20020D4
:1094640000000000030000001C00000000000000D9
:109474000000000028A200204408000000000000B2
:089484000000000000000000E0
:10948C002018002020180020000000000000000020
:10949C000E000000341800203418002000000000DA
:1094AC00000000000E0000004818002048180020A2
:1094BC0000000000000000000E0000005C180020FE
:1094CC005C18002000000000000000000E000000EE
:1094DC007018002070180020000000000000000030
:1094EC000E000000841800208418002000000000EA
:1094FC00000000000E0000009818002098180020B2
:10950C0000000000000000000E000000AC1800205D
:10951C00AC18002000000000000000000E0000004D
:10952C00C0180020C018002000000000010000003E
:10953C00D0180020D018002000000000010000000E
:10954C00E0180020E018002000000000FFFFFFFFE3
:10955C00F0180020F01800200000000000000000AF
:10956C00001900200019002000000000000000007D
:10957C000000000000000000000000001C1900208A
:10958C001C1900200000000000000000000000007A
:10959C0030190020301900200000000000000000ED
:0C95AC00000000004419002044190020B9
:1095B8000000000000000000000000005819002012
:1095C80058190020000000000300030010000000EC
:1095D80000000000141E0300F4BD0020000000007D
:1095E80000000000000000008419002084190020F9
:1095F800000000000300030010000000298C010097
:10960800301F030074C100200000000000000000AB
:1096180000000000B0190020B01900200000000070
:10962800030003000000000000000000AC1C030061
:1096380048B8002000000000000000000000000002
:10964800DC190020DC1900200000000001000100E6
:1096580010000000C56E0100001E0300CCBA0020F7
:10966800000000000000000000000000081A0020B0
:10967800081A00200000000003000300000000009A
:1096880000000000C81D030084BA0020000000008C
:109698000000000000000000341A0020341A0020E6
:1096A800000000000C000C000400000069420100EA
:1096B800981C03006CB600200000000000000000A9
:1096C80000000000601A0020601A0020000000005E
:1096D800010001000000000000000000C01C0300A1
:0496E80094B9002011
:0496EC0015E015E090
:0400000310002B11AD
:00000001FF
