:10000000A8210020512900000D9400003D29000086
:100010003D2900003D2900003D2900003D29000048
:10002000000000000000000000000000212A000085
:100030003D29000000000000712C00003D29000057
:10004000292D0000292D0000292D0000292D000058
:10005000292D0000292D0000292D0000292D000048
:10006000292D0000292D0000292D0000292D000038
:10007000292D0000292D0000292D0000292D000028
:10008000292D0000292D0000292D0000292D000018
:10009000292D0000292D0000292D0000292D000008
:1000A000292D0000292D0000292D0000292D0000F8
:1000B000292D0000292D0000292D0000292D0000E8
:1000C000292D0000292D0000292D0000292D0000D8
:1000D000292D0000292D0000292D0000292D0000C8
:1000E000292D0000292D0000292D0000292D0000B8
:1000F000292D0000292D0000292D0000292D0000A8
:10010000292D0000292D0000292D0000292D000097
:10011000292D0000292D0000292D0000292D000087
:10012000292D0000292D0000292D0000292D000077
:10013000292D0000292D0000292D0000292D000067
:10014000292D0000292D0000292D0000292D000057
:10015000292D0000292D0000292D0000292D000047
:10016000292D0000292D0000292D0000292D000037
:10017000292D0000292D0000292D0000292D000027
:10018000292D0000292D0000292D0000292D000017
:10019000292D0000292D0000292D0000292D000007
:1001A000292D0000292D0000292D0000292D0000F7
:1001B000292D0000292D0000292D0000292D0000E7
:1001C000292D0000292D0000292D0000292D0000D7
:1001D000292D0000292D0000292D0000292D0000C7
:1001E000292D0000292D0000292D0000292D0000B7
:1001F000292D0000292D0000292D0000292D0000A7
:10020000292D0000292D0000292D0000292D000096
:10021000292D0000292D0000292D0000292D000086
:10022000292D0000292D0000292D0000292D000076
:10023000292D0000292D0000292D0000292D000066
:10024000292D0000292D0000292D0000292D000056
:10025000292D0000292D0000292D0000292D000046
:10026000292D0000292D0000292D0000292D000036
:10027000292D0000292D0000292D0000292D000026
:10028000292D0000292D0000292D0000292D000016
:10029000292D0000292D0000292D0000292D000006
:1002A000292D0000292D0000292D0000292D0000F6
:1002B000292D0000292D0000292D0000292D0000E6
:1002C000292D0000292D0000292D0000292D0000D6
:1002D000292D0000292D0000292D0000292D0000C6
:1002E000292D0000292D0000292D0000292D0000B6
:1002F000292D0000292D0000292D0000292D0000A6
:10030000292D0000292D0000292D0000292D000095
:10031000292D0000292D0000292D0000292D000085
:10032000292D0000292D0000292D0000292D000075
:10033000292D0000292D0000292D0000292D000065
:10034000292D0000292D0000292D0000292D000055
:10035000292D0000292D0000292D0000292D000045
:10036000292D0000292D0000292D0000292D000035
:10037000292D0000292D0000292D0000292D000025
:10038000292D0000292D0000292D0000292D000015
:10039000292D0000292D0000292D0000292D000005
:1003A000292D0000292D0000292D0000292D0000F5
:1003B000292D0000292D0000292D0000292D0000E5
:1003C000292D0000292D0000292D0000292D0000D5
:1003D000292D0000292D0000292D0000292D0000C5
:1003E000292D0000292D0000292D0000292D0000B5
:1003F000292D0000292D0000292D0000292D0000A5
:10040000292D0000292D0000292D0000292D000094
:10041000292D0000292D0000292D0000292D000084
:10042000292D0000292D0000292D0000292D000074
:10043000292D0000292D0000292D0000292D000064
:10044000292D0000292D0000292D0000292D000054
:10045000292D0000292D0000292D0000292D000044
:10046000292D0000292D0000292D0000292D000034
:10047000292D0000292D0000292D0000292D000024
:10048000292D0000292D0000292D0000292D000014
:10049000292D0000292D0000292D0000292D000004
:1004A000292D0000292D0000292D0000292D0000F4
:1004B000292D0000292D0000292D0000292D0000E4
:1004C000292D0000292D00004FEA4102B2F1E0433E
:1004D00024BFB3F5001CDCF1FE5C0DD901F0004C2B
:1004E0004FEAC0024CEA5070B2F1004F40EB83007B
:1004F00008BF20F00100704711F0804F21D113F1A7
:100500003872BCBF01F00040704741F480114FEADF
:100510005252C2F11802C2F1200C10FA0CF320FA68
:1005200002F018BF40F001004FEAC1234FEAD32385
:1005300003FA0CFC40EA0C0023FA02F34FEA4303EF
:10054000CCE77FEA625307D150EA01331EBF4FF078
:10055000FE4040F44000704701F0004040F0FE4093
:1005600040F40000704700BF80F0004002E000BF90
:1005700081F0004142001FBF5FEA410392EA030F8E
:100580007FEA226C7FEA236C6AD04FEA1262D2EBD8
:100590001363C1BFD218414048404140B8BF5B42DD
:1005A000192B88BF704710F0004F40F4000020F076
:1005B0007F4018BF404211F0004F41F4000121F08C
:1005C0007F4118BF494292EA030F3FD0A2F10102D6
:1005D00041FA03FC10EB0C00C3F1200301FA03F114
:1005E00000F0004302D5494260EB4000B0F5000F37
:1005F00013D3B0F1807F06D340084FEA310102F1F6
:100600000102FE2A51D2B1F1004F40EBC25008BFA7
:1006100020F0010040EA03007047490040EB000071
:10062000013A28BFB0F5000FEDD2B0FA80FCACF172
:10063000080CB2EB0C0200FA0CF0AABF00EBC2509F
:1006400052421843BCBFD0401843704792F0000F8D
:1006500081F4000106BF80F400000132013BB5E7E0
:100660004FEA41037FEA226C18BF7FEA236C21D056
:1006700092EA030F04D092F0000F08BF08467047BB
:1006800090EA010F1CBF0020704712F07F4F04D189
:10069000400028BF40F00040704712F100723CBF9C
:1006A00000F50000704700F0004343F0FE4040F4C6
:1006B000000070477FEA226216BF08467FEA236384
:1006C0000146420206BF5FEA412390EA010F40F46F
:1006D000800070474FF0000304E000BF10F00043BB
:1006E00048BF40425FEA000C08BF704743F09643A2
:1006F00001464FF000001CE050EA010208BF7047BD
:100700004FF000030AE000BF50EA010208BF704743
:1007100011F0004302D5404261EB41015FEA010C58
:1007200002BF84460146002043F0B64308BFA3F150
:100730008053A3F50003BCFA8CF2083AA3EBC25332
:1007400010DB01FA02FC634400FA02FCC2F1200251
:10075000BCF1004F20FA02F243EB020008BF20F088
:100760000100704702F1200201FA02FCC2F12002EE
:1007700050EA4C0021FA02F243EB020008BF20EAE3
:10078000DC7070477BB972B90029BEBF00204FF002
:10079000004106E008BF00281CBF6FF000414FF089
:1007A000FF3000F057B8ADF1080C6DE904CE002918
:1007B00009DB002B1ADB00F057F8DDF804E0DDE977
:1007C000022304B07047404261EB4101002B1BDB68
:1007D00000F04AF8DDF804E0DDE9022304B040420D
:1007E00061EB4101524263EB43037047524263EBBA
:1007F000430300F039F8DDF804E0DDE9022304B03A
:10080000404261EB41017047524263EB430300F009
:100810002BF8DDF804E0DDE9022304B0524263EB7B
:100820004303704753B94AB9002908BF00281CBFC9
:100830004FF0FF314FF0FF3000F00CB8ADF1080C75
:100840006DE904CE00F010F8DDF804E0DDE90223E4
:1008500004B07047704700BF034613F8012B002A0D
:10086000FBD1181A013870472DE9F0478C468E46A7
:10087000089E154604461946002B40F0D08072456C
:1008800047D9B2FA82F74FB1C7F120030EFA07FC3D
:10089000BD40BC4020FA03F343EA0C0C4FEA154E6E
:1008A000A8B2230CBCFBFEF80EFB18CC08FB00F929
:1008B00043EA0C43994528D9EB1808F1FF3204D2DA
:1008C000994502D9A8F102022B44A3EB0903A4B273
:1008D000B3FBFEFC0EFB1C330CFB00F044EA0344AC
:1008E000A04214D92C190CF1FF3304D2A04202D932
:1008F000ACF102032C44241A43EA02401EB1FC402E
:10090000002334607360BDE8F0874246DDE763464C
:10091000F1E7002A79D0B2FA82F3002B3FD01946D2
:10092000C1F1200302FA01F500FA01F42EFA03F2F4
:100930000EFA01FE20FA03F3AFB243EA0E034FEAC8
:10094000154EB2FBFEFC0EFB1C201A0C0CFB07F82C
:1009500042EA004290455AD9AA180CF1FF3004D25D
:10096000904502D9ACF102002A44A2EB08029BB2E6
:10097000B2FBFEFC0EFB1C220CFB07F743EA024312
:100980009F4246D9EB180CF1FF3204D29F4202D9A4
:10099000ACF102022B44DB1B42EA004202E0AEEB68
:1009A000020301224FEA154EAFB2200CB3FBFEFC4E
:1009B0000EFB1C330CFB07F840EA034398452AD989
:1009C000EB180CF1FF3004D2984502D9ACF10200CB
:1009D0002B44A3EB0803A4B2B3FBFEFC0EFB1C33B9
:1009E0000CFB07F744EA0344A74216D92C190CF173
:1009F000FF3304D2A74202D9ACF102032C44E41B1A
:100A000043EA00400F46114678E71F2188E7604619
:100A1000ABE76246BFE76046DBE76346EFE7734557
:100A200006D916B9002108466DE7C6E9000EF9E7B8
:100A3000B3FA83F787B9734501D3824207D8841A82
:100A40006EEB030301209C461EB900215BE738468C
:100A5000FAE7C6E9004CF8E7C7F1200CBB4000FA02
:100A600007F422FA0CF520FA0CF1BA401D432EFAD5
:100A70000CF30EFA07FE4FEA154941EA0E011FFA80
:100A800085FEB3FBF9F809FB18300B0C08FB0EFAD6
:100A900043EA00439A4540D9EB1808F1FF3004D2ED
:100AA0009A4502D9A8F102002B44A3EB0A0389B2AC
:100AB000B3FBF9F809FB183308FB0EFE41EA0341CA
:100AC0008E452CD9691808F1FF3304D28E4502D91E
:100AD000A8F10203294443EA0040A1EB0E01A0FB68
:100AE00002984145CE46434602D306D14C4504D236
:100AF0000138B9EB020E68EB0503002EA5D0B4EB6C
:100B00000E0261EB030101FA0CFC22FA07F3F94033
:100B10004CEA0303C6E9003197E74046C5E7434680
:100B2000D9E700000000000010EE103A33F0004258
:100B300010B52DED028B06D10120BDEC028BBDE876
:100B4000104007F039BE002B05DABDEC028BBDE882
:100B5000104007F03FBEB3F1FF4F06DB30EE008AD6
:100B6000B0EE480ABDEC028B10BDB3F5000F604932
:100B7000BBBFDFED607A6FF01802002260EE277ACB
:100B8000B8BF17EE903AF7EE007ADC15C3F3160300
:100B90007F3C1944144401F4000282F07E5204EBBD
:100BA000D15403F10F011A4307EE102A524A0A40AA
:100BB00037EE678AB2BBB5EE408AF1EE10FA0FD17C
:100BC000002C00F08C8007EE904A9FED4C0A9FEDC0
:100BD0004C7AF8EEE77A27EE808A07EE878ABFE73D
:100BE00041A1D1E90001FFF76FFCB6EE007A07EEF4
:100BF000900A07EEC87A68EE087A27EE277A14B9C9
:100C000038EE478AACE707EE904ADFED3C6AF8EE33
:100C1000E77A07EEE67A37EE488A9FED397A17EEE3
:100C2000878A9DE7F0EE007A9FED365ADFED364A6F
:100C3000364A78EE277A1A44C3F5571388EE276AA6
:100C400007EE904A03F522731343F8EEE76ADFEDEF
:100C5000307A002B66EE065A25EEA57A07EE275A63
:100C6000DFED2C7A45EE077A9FED2B5A07EE875A77
:100C7000DFED2A7A47EE274ADFED297A44EE877ABC
:100C800067EE877A45EE257A1ADDB6EE007A28EE11
:100C9000077A27EE087A77EE877A67EE867A14B9B4
:100CA00037EE677AACE79FED156A46EE867A37EE47
:100CB000677A37EE488ADFED127A16EEA78A4FE799
:100CC00078EE677A67EE867A14B938EE678A47E776
:100CD0009FED0A7A46EEC77A37EEC88AEBE79FEDBA
:100CE000118A3DE7AFF30080555555555555D53F11
:100CF00020FB4A000000004CF0FF7F00D1F71737BF
:100D00008071313F25333A3E298E633E305CCFFF00
:100D10009788173E2549923EABAA2A3F4FD01C3EEA
:100D2000CDCCCC3E000000002DE9F04F2DED028B24
:100D3000804897B007F096FE7F4B09AC93E8070018
:100D400084E807001E2200210DF13A0009F0A9FDF8
:100D50007A4A7B4B0125CDE90C2328238DF83830C6
:100D60003C2310948DF839308DF854508DF856503E
:100D7000744C204609F0FCF8079040B9724807F01F
:100D800071FE002017B0BDEC028BBDE8F08FD4F8E7
:100D900008900CA92046D9F800309847011E03DAC4
:100DA0006A4807F05FFEECE729462046D9F8043090
:100DB0009847011E01DA6648F3E7664807F052FEDD
:100DC0004FF000080024079B0022059300230A2609
:100DD000A246A3462546CDE9022306944FF47A7332
:100DE00000930021D9F8087056480CAB09AAB847FF
:100DF000011E6ADA584807F035FE47F61220002136
:100E000009F005FA013EE9D1002CDBD0DDE9020151
:100E100022463346FFF7B6FCFFF776FC08EE100AD1
:100E2000B1EEC88A2246334606992846FFF7AAFC47
:100E3000BDEEC88A5B46009018EE102A414647482E
:100E400007F010FE18EE103A002B08F101076EDDD6
:100E5000B0EE480ABAEEE80A07F056FCF3EE047A60
:100E600020EE278ADFED3E6AF3EE0E7A38EE267A20
:100E700027EE277AC7EE267AFDEEE77A17EE904A3C
:100E80001E2CA8BF1E24374807F0ECFD0025364E67
:100E900024EAE4743548AC42C8BF3046013507F057
:100EA000E1FD1E2DF6D1FDEEC87A314817EE901AFD
:100EB00007F0D8FD059B1BB151462E4807F0D2FD27
:100EC0002D4807F0CFFDB8467CE70C9BDDF824E009
:100ED0005F081CB9012B88BFBEF900A070460EEB5D
:100EE000470C604505D1714624483C4409F075F82B
:100EF00088E730F9023B069A5D1942EBE3720692ED
:100F0000DDE90212C3FB8312CDE9021283EAE37228
:100F1000A2EBE37292B25A45C8BF0FFA82FB059A60
:100F2000534514BF002202F001020592D9E79FED5C
:100F3000148A97E78ABD000060B7000040420F00A6
:100F40005097310064AD0000DFBD0000FCBD000023
:100F50001EBE000044BE000081BE0000C0BE0000F6
:100F60000000B442DFBE000088BD0000D4C0000015
:100F7000E1BE0000ECBE00007FBE0000C003002008
:100F80000000B4C22DE9F04F91B0009302F00403C9
:100F90000293C2F3C2030133840705460E46DDF80F
:100FA00068A00392059340F09C81041D002849D15C
:100FB00001F00706341DC6F10806009B00274FF01C
:100FC00004085A1E4FF0FF33B9460193BB4643460F
:100FD00004970DB1009820600598002800F3D68092
:100FE0008F480099814203D38E488142C0F0CE8061
:100FF0000399601B11F0020C40F0D680B9F10F0F7D
:1010000000F2CF80002D00F0D68009F140010DEBF9
:10101000010E0199C0F387000EF8200C0EF8101C89
:10102000BCF1000F00F0C38060F07F000EF8200CD0
:10103000013709F10109C5F108014FF6DA7E0434E0
:1010400006918CE00729B8D86FF01B0011B0BDE8FD
:10105000F08F7A285BD84B280FD8472857D82928F3
:101060002ED8252850D052D8202818BF23280CBFAE
:101070004FF0010B4FF0000B71E04C382E2846D892
:10108000DFE800F06D454545454545454545454545
:1010900048454545454545454556454848565656B3
:1010A0006D486A456D4518481845457F7C4845455B
:1010B00048457C0000204FF0000B4FF0040835E05D
:1010C00001212A38C0B201FA00F010EA0E0F46D111
:1010D00010F0625C2CD110EA010B40D06046013C5C
:1010E0004444B4FBF8F408FB04F425B1A3EB050C6D
:1010F000A444B445A8D8002870D0059801380590BC
:101100005AF8040B009064E70199013901914FF0FE
:10111000000B24E012F8010C6C2834D1002012F8E6
:10112000023C83466C2BC8D14FF008084346D6E7F3
:101130000AF1070A2AF0070A0734BAEC027B24F006
:10114000070435B106982044B0423FF67DAF84EDE8
:10115000007B4FF0000B08344FF00808434612F8AC
:10116000010F002853D0BBF1000F7FF472AF252888
:10117000F5D14FF0010B019B013301934FF00408AF
:10118000ECE7584697E700208346A8E703998807CD
:101190007FF551AF4FF0010C601BB0F5007FFFF4FD
:1011A0002DAF6FF0150051E74FF0000CF5E70498F4
:1011B000013004903DE7BCF1000F01D0013638E763
:1011C0000299023600297FF434AF0098CDE9063247
:1011D000FFF742FBDDE9063206442AE7042B08D17B
:1011E0000AF1040015B1DAF80010216082460434D7
:1011F000B5E70AF1070323F0070303F1080A1DB15D
:1012000093ED007B84ED007B08230834A7E7631B84
:10121000B3F5806FC5D23DB9A6F10804E01815E713
:101220002CAC00002CCA0000029A9B0828602B708E
:101230009DF81030AAB1EB70AF702FB1002208A852
:10124000C5F1010C91450ED14FF0000AC5F1010323
:101250000DF1200801930DF1300BD14512D1601B27
:10126000F4E66B70E8E710F8013B190608D50CEBC3
:10127000040EB64503F07F033FF6E6AE04F8013BEB
:101280000132DFE71FB198F90020002A17DB029B2B
:10129000D3B11AF80B2004F8012B0022019B181976
:1012A0001044B0423FF6D0AE98F80000009904F820
:1012B000010B2046039209F0E7FA039A14440AF15D
:1012C000010A08F10108C8E798F8002055F8223013
:1012D0000093029B009845F82230FFF7BDFA421CAC
:1012E000DCE76FF00D00B1E62DE9F04F97B000AFED
:1012F00005468A46C7E90A3249B9037846788078B4
:1013000000EB83002844564524D8A0EB050AD7F803
:10131000803095F8028003F00103D7F88040FB612C
:10132000EB78B8F1000F0CBF002404F001047B62DD
:101330001BB1D7F880309A0715D4A4B9FB6A1BB14A
:1013400051462846BA6A9847564630465C37BD46ED
:10135000BDE8F08F441C2046FFF77EFA01302044A0
:101360000AF1010ACFE7D7F88030C3F3C0033B622C
:101370002B78BB619B003B616B687B61BB6905EBB4
:10138000830BFB6A002B77D15646D844BCB11C4670
:101390001BF8013B55F82300FFF75EFAD7F88430BD
:1013A000013043B1D7F88830A34282BFD7F88430E8
:1013B00023F814000134C3450644E9D1D846D7F8D0
:1013C00080304FF0000913F0050F0CBF4FF0020BF7
:1013D0004FF0010B7B6A9945B7D298F8013008F1BC
:1013E000020855F823A0AE4B9A45C0F04D81AD4B95
:1013F0003A6A9A452CBF002301230AB318F8021C4D
:101400007869FB6207F00FFBFB6AC8B1EA468AB055
:101410006A46A54B05937B69CDE906314FF400730D
:10142000ADF82030A14B42F8103F00234FF4125189
:101430009F4800F0E9FCD546023E09F10109C9E7E1
:1014400023B1FB6933B9A6EB0B06F6E7D7F880307A
:101450009B07F2D55046FFF7FFF9D7F884304BB120
:10146000D7F888309C423FBFD7F88420431C22F82D
:10147000143001340644E0E7002C6AD1B8F1000FC3
:101480006DD0D7F880305E076CD5C14607F14800B3
:101490004246594609F0F8F900220BEB0803FB60BD
:1014A0000233796A8A425FD3D7F8802095F801B079
:1014B000F969920704EB0B0348BF0022DBB258BF67
:1014C0004FEA5902002940F0A780D7F8801011F0A8
:1014D000040F14BF494600216B70A970EA702846BA
:1014E000BA6A3969FB6A9847061EFFF62EAFBB69D8
:1014F00049462B707B6ABA6AEB7085F801B0FB6ACB
:1015000085F8028007F148009847B0F10009C0F261
:10151000B7803B697A6A786A03EB4201FB68414411
:1015200003EB4000BA6AFB6AAAEB01019847002866
:10153000C0F2A8804FF0000BB14409EB000607F1A0
:10154000380AA3456AD30021BA6A0846FB6A98475D
:10155000FBE644464FF0000907F1380098E744469F
:10156000C14699E7A14697E713F8021C13F8016CEE
:10157000B96055F826004A498842C0F08B80494935
:101580008842396A2CBF4FF0000B4FF0010B41B17C
:10159000B9687869C7E9003207F045FAD7E900323F
:1015A000F0B9BBF1000F1ED0F96949B1611C04F11B
:1015B000280007F13004041904F8206CCCB20FE0C5
:1015C000D7F8801048070BD509F1280007F1300C37
:1015D00009F1010100EB0C0909F8106C5FFA81F9BF
:1015E000013202335DE7D7F880108907DED409F1B4
:1015F000280107F1300C8C44B96809F101000CF89E
:10160000101C07F1580109F1020951FA80F05FFA44
:1016100089F900F8106CE3E700215DE71BF80A3058
:1016200055F8239087F83730D7F884302BB3D7F8A4
:1016300088309B4521D2D7F8843033F81B800121B4
:10164000BA6AFB6A07F13700984700281ADB06449C
:10165000B8F1000F06D14846FFF7FEF800F1010887
:101660001FFA88F841464846BA6AFB6A984700283C
:1016700008DB06440BF1010B63E74FF00008DEE7DF
:101680004E4662E6064660E63B6A002B3FF4DEAE5D
:101690000023B3E6396A0029A5D04FF0000B77E7A5
:1016A0002CAC00002CCA00003EBF0000040000016A
:1016B000E4B60000014B1860704700BFF000002046
:1016C00080B505460E461746984604F01BFC0346B7
:1016D00001F03CFB0446DFF81890424649F8003020
:1016E00039463046A84754F8090001F0ABFA00BF6C
:1016F000080000002DE9F047058B0446280717462F
:101700000CD501290CBF45F0100545F020052583B7
:1017100087F31188BFF36F8FBDE8F087022905F0CA
:10172000070540F09480204607F015FC052864D892
:1017300001A353F820F000BF111700004F1800005C
:10174000FB170000BD170000D7170000E9170000C5
:1017500001F007035A1F012A1FD8002221F00701B8
:10176000062BD4F8008089B2C4E9002209D143468F
:1017700003E0628B013262831B68002BF9D141F0D8
:1017800002012046218307F0E6FB4FF00009002804
:101790006DD041F02001218369E0042B0AD121F0B2
:1017A000070189B22046218307F0D5FB10B141F033
:1017B000200121834FF00008C14658E02369D3F887
:1017C0000090238B23F0070343F006034FF000083B
:1017D000238346464BE02369D3F80490238B23F000
:1017E000070343F00403F1E72369D3F80890238B40
:1017F00023F0070343F00503E8E74FF00008C14674
:10180000E7E7012243F00803238387F31188BFF33E
:101810006F8F002A3BD1B8F1000F4AD1B9F1000F08
:1018200002D020462C49C847EFF31187202383F3C9
:101830001288BFF36F8F238B23F008039BB223839F
:10184000D9063FD523F01002228303F0070566690D
:10185000218B002EBFF67CAF00239946D4F8008080
:1018600021F00701C4E9003341F001012183238BFA
:1018700003F0070AAA4502D0A268002AC1D1B8F134
:10188000000F02D1B9F1000FDAD00022BAE7A16847
:101890000029C0D00D680029BDD0334652462046ED
:1018A0004F68B8471DB12B6829461D46F3E72B4604
:1018B000FAE74146334652462046D8F8008007F002
:1018C00076FBA8E79A067FF523AF23F02002228358
:1018D00003F0070527E700BFDB8F00002DE9F04785
:1018E000044607464FF00109DFF84C8094FAA4F54E
:1018F000B5FA85F509FA05F32E0108EB05156FEA2F
:10190000030A24EA03042B7B63B158F806301B69F1
:101910006BB94644736804222846196807EA0A0727
:1019200007F03AFC002CE1D13846BDE8F0872846A4
:1019300098470028F6D1ECE74CB7000010B500221C
:1019400088B00E490E4808F031FD00220023002423
:10195000CDE906230E234FF44072CDE90334CDE9DF
:101960000144084B08490094084804F065F8084908
:10197000064808F0B2FB204608B010BD95190000DB
:1019800028090020B11C0000681100205804002024
:10199000FDBF0000014803F0B7BF00BF2C040020CA
:1019A0002DE9F047804621480F4607F0D9FB06464F
:1019B000002833D000252846BDE8F087237B83B17B
:1019C0002368DB680BB120469847636883F806906C
:1019D00023681B69D3B9636804222046196807F09D
:1019E000DBFB013610345445E8D3B8F1000FE2D0E8
:1019F000002DDFD02846FFF771FF0546002FF7D0F6
:101A0000002140F2391008F002FCF1E72046984727
:101A10000028E0D009FA06F31D43E2E705464FF03F
:101A20000109034CDFF80CA0DDE700BF500C0020DB
:101A30004CB700005CB70000014B53F82000704722
:101A40003CBA000008B5034608462BB1044A1360AF
:101A500000F038FC002008BD6FF01500FBE700BF68
:101A6000F400002010B5044C237813B9034803F0A8
:101A70004BFF0123237010BD601100202C040020B7
:101A800010B50446094807F06BFB3CB1084BD3E89E
:101A9000EF1F0139C3E8E21F002AF8D1054804F01E
:101AA00041FDBDE81040044803F02EBF480C002063
:101AB0004C0C0020280900202C0400200022044B9C
:101AC000D3E8EF0FC3E8E12F0029F9D1704700BF39
:101AD000480C002070B5FFF7F1FF0546074C084E93
:101AE000B44200D370BD63685B792BB123685B6837
:101AF00013B12946204698471034F1E74CB700004F
:101B00005CB7000010B5044C0449204607F0B8F853
:101B1000034B1C6010BD00BF8403002028BA0000E6
:101B2000400C002000230D4A10B513700C4A0D49DB
:101B300013600D4A0D481360FFF784FFFFF7E2FFC3
:101B40000B4B0C4918468B4200D310BD1A1A5C6827
:101B50001211013222711033F5E700BF611100202C
:101B6000480C002040420F004C0C00205D9100000A
:101B70004CB700005CB7000001460022002301487A
:101B800007F09FB884030020014807F036B900BF72
:101B900084030020024B0146186807F089B900BF92
:101BA000400C0020014807F0BEB900BF84030020AC
:101BB000F8B5284B1B78002B4AD0FFF7E5FF044609
:101BC000002842D1244B254D1B68002B19DD08F05D
:101BD000EBFB4FF47A76A0FB060747F612220023B0
:101BE00006FB0171FEF71EFED5E90032C01A40F275
:101BF000E93361EB0201984271F1000101D3FFF773
:101C000069FFD5E9003213F57A7342F10002C5E9A4
:101C10000032ECB1BDE8F840FFF7C4BF6B685B79F8
:101C200023B12B68214628461B6898471035B542DA
:101C3000F4D32046FFF7AEFF094BD3E8EF1F01397D
:101C4000C3E8E21F002ABDD0F7E7064D064EEEE7D7
:101C50000020F8BD60110020480C00202009002061
:101C60004C0C00204CB700005CB7000070B50D4D67
:101C7000297861B90120FFF793FE0B4C0B4EB4425B
:101C800006D3FFF795FF0028FBD101232B7070BD11
:101C900063685B791BB1236820469B6898471034C2
:101CA000EDE700BF611100204CB700005CB70000F9
:101CB00000212DE9F8430846FFF772FE044648B3B9
:101CC00040F21B684FF0000901F040F81A4B1B4A24
:101CD0001B58136033B11A4B1B68092B02DD1948DE
:101CE00003F012FE0025184F44B12046FFF7F6FD21
:101CF000044618B94FF0FF384FF0FF39FFF758FF8F
:101D0000064628B9B5B90F4842464B4603F030FEA7
:101D10003546E9E74FF0FF384FF0FF39D4E72B683D
:101D20009B691BB100222846114698471035BD42D9
:101D3000F5D3E8E7054DFAE708000000440C002061
:101D40004C0C00202C0400205CB700004CB70000B5
:101D500013B5184807F004FA174B1B7873B1EFF36B
:101D60001184202383F31288BFF36F8FFFF720FFC6
:101D700084F31188BFF36F8F02B010BD0F4B1B6847
:101D8000002BF9D050B9002200230D48CDE90023E3
:101D900047F61222002304F08DFBEDE70928EBD172
:101DA000074804F0BFFB074802B0BDE8104003F04D
:101DB000ABBD00BF4C0C002061110020440C002082
:101DC000280900202C04002010B5064B04461B688F
:101DD00098472146A060044806F0F0FFBDE8104097
:101DE000FFF7B6BFF400002084030020044A054B2F
:101DF0009B1AB1EBD30F34BF52F83100002070476B
:101E0000DCB600004CB700002DE9F04F8FB0C1F3F5
:101E10004A2604AF0D469046B8607B600C0D002E3C
:101E200061D04FF000090A234FF0040B07F1140AA8
:101E3000FE60C7E90799C7F824900093CDF808B071
:101E4000CDF804A007F11C034A464046F968FFF7A5
:101E50004BFAB0F5006F03461CD36C468AB0D8F835
:101E6000041004AB24481A46C3E9050140F2FF718F
:101E7000D9614FF400711984204B42F8103F4FF4A0
:101E800012514B461E48FFF7BFFFA5462C37BD46F3
:101E9000BDE8F08FC0F30A0604F11700184420F0E3
:101EA000070080083B60FFF767FE66F35325044692
:101EB00080B13B6800F11001C7E908390A23F961D4
:101EC000CDE901AB009340460E4AF96807F11C03C7
:101ED000FFF70AFA66F353252A4620467B68B9685D
:101EE00007F07AF9D2E704F1170020F00700800824
:101EF000FFF742FE0446EDE712C0000004000001B7
:101F000004B70000AB9100002DE9F04F87B0054603
:101F1000DDE9106BDDE9127A884614469946BFB1B7
:101F200010213B465A460020CDF800A0CDF814A061
:101F3000FFF728F8B0F5006F01460BD340F2FF73AE
:101F40000221184A184807B0BDE8F04F07F09DB9C4
:101F50003946384604F0070305F00704E40044EA74
:101F6000831444EA402444EA065406F11700084466
:101F700020F0070080080391FFF7FEFD054640B101
:101F80003FB13B465A460399CDF800A01030FEF70A
:101F9000F9FF4B4622464146284607B0BDE8F04FC0
:101FA00007F01AB951C0000004B70000406820B122
:101FB000034BC01A40F3CF0070474FF0FF3070471B
:101FC000DCB600000EB403B503AB53F8042B014696
:101FD0000448019301F0EEF802B05DF804EB03B0A1
:101FE000704700BFD5920000CA0605D48B064CBFCF
:101FF00002490349FFF7E6BF704700BF7FBE0000FC
:1020000089C000002DE9F04F89B098469DF85090A6
:10201000159B044606930D46DDE916A3189F05920D
:102020000493B9F1000F00F0AE8007F480730793BA
:1020300007F0B0F807F0020B0246002872D02046E5
:102040007649FFF7BFFF0646BBF1000F08D017F037
:10205000440F69D12A4620467149FFF7B3FF064471
:1020600007F0010353B16F4B204653F829206E4B04
:102070006E49002A08BF1A46FFF7A4FF07F48073D1
:10208000002B07F0080318BF4FF00008002B77D093
:10209000674B204653F829206649FFF793FF054612
:1020A000059B2BB11A4620466349FFF78BFF054479
:1020B000B8F1000F05D0424620466049FFF782FF85
:1020C00005445F483544069B1BB122465D4906F036
:1020D00079FC049B002B00F08C80049B3946102B6C
:1020E00028BF1023204698460026FFF77DFFB54203
:1020F00050DC0026334620461AF803205249FFF7E9
:1021000061FF0136102E4BD0710703D120464F4995
:10211000FFF758FF46453346EDD320464C49FFF7BD
:1021200051FFEEE706468FE74A4B1868002896D025
:10213000494B4FF47A7B1B684FF03C0CB5FBF3F531
:10214000B5FBF0F14FF4616300FB11550BFB05F596
:10215000B1FBF3F2B5FBF0FE03FB121100FB1E55C1
:10216000B1FBFCF30BFB05F5B5FBF0F50CFB131114
:1021700020460091CDE901E53849FFF723FF6EE7DE
:1021800007F008058CE7B8F1010F4D460CBF2C484D
:10219000334898E720462D49FFF714FF0136A6E79C
:1021A000002620462F49FFF70DFF33461AF803207B
:1021B0002046A2F120035F2B28BF2E222A49FFF7D9
:1021C00001FF0136102E0DD0720703D120461F49A2
:1021D000FFF7F8FEB0453346E8D820461B49FFF725
:1021E000F1FEEEE7049BC244B3EB080304937FF4D3
:1021F00074AFB9F1000F0AD0FB0704D520460A4A94
:102200000A49FFF7DFFE39462046FFF7EDFE20467C
:1022100009B0BDE8F04F07F050B800BF91C0000012
:1022200095C000004CBA00008CC00000BAC000008D
:1022300060BA0000BDC00000C3C00000C7C00000FD
:10224000D5920000B5310000CCC00000D4C0000021
:10225000D2C00000580C0020540C00209EC000008A
:1022600003930000DFBE0000D6C0000042F20F73EF
:1022700073B58B4228BF0B460568044605216846A6
:102280000D4A05F077F90646636828460B225B681D
:102290000A4907F004F863683246694628465B68D5
:1022A00006F0FDFF63681B2228465B68044906F0C0
:1022B000F6FF02B070BD00BF3AC70000F2C90000CF
:1022C000D6C9000000210123064A904206D8064ADA
:1022D00001B901231360054B1860704701214008C4
:1022E0005B00F2E740420F00540C0020580C002025
:1022F000F8B50D460446064F4618B44201D12846AB
:10230000F8BD14F8011BBB6801485B689847F4E707
:1023100048AD0000014B036000207047A8BA0000E0
:1023200008B5044806F09EFB034806F09BFB00201E
:1023300008BD00BF13C1000048C1000008B5034834
:10234000034A0021121A07F059F808BD580400206A
:1023500068110020074808B5074A0849121A07F013
:102360004FF8BDE808400648064A0749121A07F028
:1023700047B800BF60000020540400202CCA0000B1
:1023800060000020600000202CCA00002DE9F84FFA
:1023900080460C4600AF002965D0D1E90012E9461D
:1023A0008AB0A3686D464FF0050A6E463748CDE9FE
:1023B0000723CDE9050146F810AF002332464FF45C
:1023C00021513348FFF720FDD4E90312CD4663695C
:1023D000AD463048C5E90723C5E90501C5F810A099
:1023E000002332464FF421512948FFF70DFDCD4619
:1023F000E3690121284A264806F047FF26460025C2
:102400004FF00A0ADFF8A0B0E946D6E908C0D6E9DD
:102410000A138EB06A46CDF81CC005F1010CCDE957
:1024200008C0A81CCDE90A01E91CCDE905B5CDE934
:102430000C1342F810AF002345F240011448043554
:10244000FFF7E2FC102DCD4606F11006DCD1236E1D
:102450000121124A0E4806F018FFA3690121104A13
:102460000B4806F012FFB8F1010F07D1EFF3058317
:102470000C4A41460648103B06F007FF21464046FD
:1024800002F0EAFEBD46BDE8F88F00BF75C100004E
:1024900024B70000A4C10000D3C1000025C2000081
:1024A00034C2000062C20000E2C1000030BFFFF78A
:1024B000FDBF00BF2DE9F04105460B4EDFF830802F
:1024C000324606EB0807CC1B2046084908F0DCF929
:1024D000A01942460021083C08F0E3F9AC6707F177
:1024E0000800BDE8F08100BF000000005CB70000FC
:1024F0000400000010B5244C2449254806F08DFF47
:10250000A36A99013ED52248224906F086FF1E2083
:10251000A36ADA0104D51E481F4906F07EFF1F207A
:10252000194CA36ADB0204D519481C4906F075FF53
:102530000220A36A1C0304D51548194906F06DFF53
:102540002120114CA36A590304D51148154906F0FE
:1025500064FF2220A36A9A0304D50D48124906F0AD
:102560005CFF2320084CA36ADB0304D508480F490D
:1025700006F053FF2420A36A6FEA03436FEA134374
:10258000A36210BD1D20C3E700ED00E075C200008E
:1025900024B700008DC20000A0C20000BAC2000033
:1025A000E4C2000002C3000027C3000041C30000D2
:1025B00070B506460D46294C29492A4806F02DFFDC
:1025C000A36ADB0647D52748274906F026FF1120D6
:1025D000A36A1C0704D52348244906F01EFF1220D5
:1025E0001E4CA36A990712D521491E4806F015FF13
:1025F000636BA26A120609D501211E4A194806F02A
:1026000044FE1EB1A36A23F08003A3621320134C7F
:10261000A36ADE0704D51348174906F0FEFE14200E
:10262000A36A9C0604D50F48144906F0F6FE15204F
:102630000A4B9A6AD10658BF9A6A9A6A920642BFB2
:102640005A6A22F400525A629A6A42F0FF029A626F
:1026500000232B7070BD1020BAE700BF00ED00E032
:102660006CC3000024B7000082C30000B5C30000A3
:10267000C8C30000E0C30000F6C3000015C400009A
:1026800070B506460D46284C2849294806F0C5FE77
:10269000A36AD9043CD52648264906F0BEFE172079
:1026A000A36A1A0504D52248234906F0B6FE18206D
:1026B0001D4CA36A9B0512D51D48204906F0ADFEAE
:1026C000A36BA26A100409D501211D4A184806F01F
:1026D000DCFD1EB1A36A23F40043A3621920124C4F
:1026E000A36A590504D51248164906F096FE1A2029
:1026F000A36ADA050ED50E48134906F08EFE1B209C
:10270000094A936A43F47F43936200232B7070BDA0
:102710001620C5E7A36A9B04F2D505480B4906F0CD
:102720007CFE1C20ECE700BF00ED00E044C400008C
:1027300024B700005AC40000B5C300006BC40000F9
:1027400084C4000099C40000B4C4000015C4000093
:102750002DE9F0419CB0644B0546D3F80480002677
:1027600000AFC8F3080486F31188BFF36F8F02F03F
:102770007F43B3F17F4F07D102F00C03082B12D136
:102780005A495B4806F049FE002635460023FB7196
:10279000E31E092B00F28880DFE803F00A7E817ACD
:1027A00086868686868410074CBF0D460126EDE797
:1027B00050494F4806F031FE00234B4CFB71E36A51
:1027C0009A0705D54C494A4806F027FE00242DE01B
:1027D000E36A002B01DA4949F5E7E36A5B00F5D5C6
:1027E0004749434806F019FE6369AA6943F48073B8
:1027F0006361BFF34F8FBFF36F8F32F8023C6269A2
:1028000022F480726261BFF34F8FBFF36F8F03F4C6
:102810007F42B2F55F4F25D1DBB2022B22D12B686C
:102820000121384A324806F030FD2C68FB79ABB9FB
:102830006822294607F1080008F026F87B6A002E76
:102840004FD0C3F3080222B96FEA53236FEA432340
:102850007B62204607F10801FFF798FD7037BD46FF
:10286000BDE8F081204B9A6AD2B222B10120F91D55
:10287000FFF79EFE0EE09A6A12F47F4F04D001200B
:10288000F91DFFF7FDFE05E09B6AB3F5803F9DD380
:10289000FFF730FE0446C9E70020F91DE8E70020F5
:1028A000F91DEEE718498EE7184A18F4F87FE84654
:1028B0008AB0174B08BF13466A461649103CCDE94B
:1028C00005134FF40073ADF82030134B079442F812
:1028D000103F00234FF411510548FFF795FAC54604
:1028E00074E76FF30803B3E700ED00E0FAC40000FB
:1028F00024B7000025C500003CC500005DC50000F0
:102900006BC500008AC50000A6C50000CCC400004D
:10291000E1C40000CAC5000004000001064B5A696A
:1029200042F010025A615A6942F480625A615A694F
:1029300022F008025A61704700ED00E0EFF30880D2
:10294000EFF3098101B57246FFF702FF01BD00BF39
:10295000002080F31488BFF36F8F002080F30A8873
:1029600080F30B880F4880F3088801F0BFFC00203B
:102970000D490860BFF34F8F00F02CF8202080F342
:1029800011880A484FF40061401880F30988EFF37A
:1029900014800221084380F31488BFF36F8F00F086
:1029A000A5F80000A821002094ED00E068140020A4
:1029B000002318460649D1F89020C2F3072293421B
:1029C00000DB7047C1F89830C1F8A0000133F6E78A
:1029D00000ED00E010B572B6002484F31388FFF711
:1029E000E7FF23464FF0FF300C4A03F1200101338B
:1029F000102B42F82100F8D100234FF0FF30074A96
:102A000003F160010133102B42F82100F8D162B6C6
:102A1000BFF34F8FBFF36F8F10BD00BF00E100E029
:102A20001EF0040F0CBFEFF30880EFF309808169FB
:102A300011F8021C0229FFD001B5724606F0E2FC33
:102A400001BD00BF00B2002807DB01234109034A92
:102A500000F01F00834042F82130704700E100E0A1
:102A600000B200280CDB01220649430900F01F00D8
:102A70008240203341F82320BFF34F8FBFF36F8F85
:102A8000704700BF00E100E0054B420953F82220E7
:102A9000012300F01F0003FA00F01040704700BF50
:102AA00000E100E000B2002801F10101ACBF00F13B
:102AB0006040064B4FEA4111C9B2ABBF00F561401F
:102AC00000F00F0080F800131954704714ED00E077
:102AD000044B054A23F07F039360BFF34F8FBFF38E
:102AE0006F8F70470000000000ED00E008B5FFF7B1
:102AF000EFFF104BD3F8882022F47002C3F888202F
:102B0000D3F8882042F4A002C3F888204FF0404256
:102B1000C3F83422BFF34F8FBFF36F8F0023E1EE72
:102B2000103AFFF70BFCFFF715FC00F0EFF802F08E
:102B3000B5FC00BF00ED00E04FF47D41C0F8C410CB
:102B400042F8203C009B0B4942F81C3C019B21F0C1
:102B5000010142F8183C029B42F8081C42F8143C60
:102B60004FF0807342F8043C0023203A0265C367AB
:102B7000704700BFC1160000104B9B6883421AD1FA
:102B8000EFF30580B8B9EFF31181202282F31288A8
:102B9000BFF36F8F9A8922F002029A81EFF31483B8
:102BA00023F0040383F31488BFF36F8F81F311883C
:102BB000BFF36F8F70476FF015007047B40D0020A2
:102BC0000E461546002300B5E1EE103AEFF31483EC
:102BD00023F0040383F31488BFF36F8FBFF36F8F69
:102BE0000B4B826F98600B4B1A60836E83F30B88DC
:102BF0002C4686F309880020034B98472046002185
:102C000000220023014C204737940000C116000029
:102C1000B40D0020800C00201022014B1A61704777
:102C200000ED00E0054B9A699B689A421FBF044A79
:102C3000536843F080535360704700BFB40D0020C9
:102C400000ED00E0084B9B6883420BD1EFF3058356
:102C500043B1064B5A6842F080525A605A6A22F4D5
:102C600000425A6203F054B9B40D002000ED00E0B8
:102C700023498A6882F8C5E04FF030001044EFF332
:102C8000098C80E8F01F1EF0100F03D102F18400C0
:102C900080EC108A202080F31288BFF36F8F194FC9
:102CA0004FF000668A698A603E60906F164C206023
:102CB00092F9C5E0D06F0023D36780F311881EF02E
:102CC000100F03D00023E1EE103A03E002F184007C
:102CD00090EC108AEFF3148323F0040383F3148839
:102CE000BFF36F8F02F1300090E8F01F8CF309887A
:102CF00002F1000004B506F098FBBDE804407047FF
:102D0000B40D002004ED00E0800C00200023202101
:102D10000448C2180133B3F5917F82F80013F8D14B
:102D2000704700BF00E100E008B5EFF30583064AF5
:102D3000103B02EBC30152F8330049688847BDE8F5
:102D40000840FFF76FBF00BF80AD0000014800687A
:102D500070470000800C00201FB50121094B0A4A72
:102D60000A4800F00FF90023064A0393084B01219B
:102D7000019301A8D31A029300F00EF905B05DF893
:102D800004FB00BF00FC072000000020A8BA0000E0
:102D9000580400200A7A0B6810B562F304031C463D
:102DA000CB68520923F01F0343EA4203044A43F06D
:102DB0000103C2F89800C2F89C40C2F8A03010BDD0
:102DC00000ED00E010B50A4BD3F89030C3F30723B1
:102DD000013B984208D901210346064A064806F0FD
:102DE00054FA6FF0150010BDFFF7D4FFFBE700BFEA
:102DF00000ED00E0E1C500001CB700002DE9F04F38
:102E00008946144606464FF000084F4D85B0C84528
:102E100027DAD6F804A0BAF1000F44D0BAF11F0F98
:102E200017D91AF01F0F14D1D6F800B01BF01F0FDE
:102E30000FD1584606F022FB07460AEB0B0001387B
:102E400006F01CFB874210D06FF015073F4A3B4647
:102E500001E043463E4A01213E4806F016FA6FF073
:102E60001504204605B0BDE8F08F17F1160FEDD020
:102E7000BC42EBDDC5F89870D5F89C10C5F8987089
:102E8000D5F8A03021F01F0143F01F0BD6E9003226
:102E90001A44994202F1FF3A1AD1D34507D131467B
:102EA000F8B206F0F4FA08F101080C36AFE7314643
:102EB000C5F89870D5F89C30E0B263F30402C5F809
:102EC0009C2006F0E4FA10F1160FC8D0441CEAE783
:102ED000C5F89870D5F8A020013B23F01F0302F03D
:102EE0001F021343D3453146E0B2C5F8A030E8D005
:102EF00006F0CDFA10F1160FB1D0C5F89870D5F8DC
:102F00009C209DF808300BF1FF3B62F304038DF821
:102F10000830D5F8A0309DF808205B0863F347120D
:102F20008DF80820D6E900321344009323F01F03E4
:102F30005B44A3EB0A03013023F01F036946C0B2D0
:102F40000393FFF73FFFBEE700ED00E02DC6000052
:102F500007C600001CB700000522044BC3F89420EC
:102F6000BFF34F8FBFF36F8F704700BF00ED00E0DE
:102F7000BFF35F8F0022024BC3F89420704700BF5D
:102F800000ED00E010B5034C2278FFF737FF20700A
:102F900010BD00BF631100202DE9F74F294D8A466F
:102FA00006464FF00008AB46274FD0451BDAD6F84F
:102FB0000490B9F1000F3FD031680846019106F046
:102FC0005DFA0199044609EB0100013806F056FA52
:102FD00084424FF014021D4B08D002FB08F36FF03F
:102FE00015024BF8032003B0BDE8F08F14F1160F63
:102FF0002C60F8D01978A142F5DD02FB08B0C7F8C3
:103000009840C7F89840D7F89C4000F10801007B31
:1030100064F304000871D7F8A0000C79400860F34D
:1030200047140C71D7F89C1021F01F016960D7F884
:10303000A01021F01F01296108F1010814350C3698
:10304000B3E700BF840C002000ED00E06311002016
:10305000F0B55349534DD1F890302C68C3F3072392
:103060009C4287B000F299800020FFF781FF4E4B11
:10307000C1F8C030844216D14C4D01A82C70FFF726
:1030800049F9002607464A4CB74213D100202B7855
:103090004349D1F89020C2F30722934277DBFFF730
:1030A0005BFF002046E0696801EB0011FFF772FE4C
:1030B0000130DFE70199300101EB0613DA682240A5
:1030C000B2F1807F52D00AD8B2F5001F34D0B2F5E9
:1030D000800F3ED0B2F5801F12D00136D4E7B2F196
:1030E000006F43D0B2F1805FF7D15A689B680958EE
:1030F000013B22F01F00034423F01F03012032E0B4
:103100005A689B680958013B22F01F0003440120C4
:10311000844623F01F0340EA4C10CDE902218DF8CC
:10312000100002A928780593FFF74CFE00282ADA40
:103130006FF0150007B0F0BD5A689B680958013B55
:1031400022F01F0003444FF0020C012023F01F0364
:10315000E1E75A689B680958013B22F01F000344CD
:10316000062023F01F034FF0000CD4E75A689B6839
:103170000958013B22F01F0003444FF0030C0120CB
:1031800023F01F03C7E72B7801332B70A5E7C1F8A5
:103190009830C1F8A00001337BE74FF0FF30C9E75A
:1031A00000ED00E0B4BA0000AAFF44006311002063
:1031B0000000F0FFF0B587B007460E461446002128
:1031C000102268461D4607F06CFB02238DF8023082
:1031D000054B2A4621466846CDE90476019304F062
:1031E00081FA07B0F0BD00BFC194000008B5024BE2
:1031F0001B689847002008BD980C0020034B044A28
:103200001860937843F0020393707047980C002085
:103210000001002008B50549054A21F007010548CD
:10322000521A05F07DFB002008BD00BFAF2600202C
:1032300000FC07209C0C002008B5244A244B1A608F
:1032400000F0E6FA4FF47A612248D0F82436C3F34E
:103250000802C3F309434B4382F480721E4988324B
:1032600001FB02334FF4FA215B00B3FBF1F201FBE7
:1032700012331A49B3F57A3F28BF0132C1F8042945
:10328000D0F820364FF47A60C3F30802C3F3094341
:10329000434342F21C5082F4807202F2172200FB78
:1032A00002334FF47A701B0AB3FBF0F200FB1233C7
:1032B0000020B3F5FA7F4FF0010328BF0132C1F8B7
:1032C0001C27C1F80009C1F8003608BD0020A1077D
:1032D0001003002000C0FF00F82A008000001250F8
:1032E00048B1054B054A1B68B3FBF2F35843044B46
:1032F00043F00103184770471003002040420F00BD
:1033000080B700002DE9F04106691D4696F8883027
:1033100017469A07069C07D41448154906F0DBF8AF
:103320006FF00400BDE8F081631C06F1600818D05E
:1033300047F6122C40F2E730002124EAE4744FF4FF
:103340007A720023E4FB0C01FDF76CFA02460B468F
:103350003946404602F0B2F90028E3D1736B2B6086
:10336000E0E74FF0FF321346F2E700BFFCB6000083
:1033700063C6000037B5044600220121D020FFF7C4
:1033800091FB636800211D6A01AA284606F079F9BD
:1033900000281FDB019B2A681979186800F098FD46
:1033A000002817DB04230C491A460C4806F065FE7A
:1033B00004230B481A460B4906F05FFE6368256933
:1033C00093F82430022B0CBF0220002000F03EFBBB
:1033D000E861002003B030BDB80C0020D802002006
:1033E000B0020020A80C00202DE9F04704690D462A
:1033F00094F88930D0F80490D1F810808CB003F0A4
:10340000FF0C43B15748584906F065F86FF00F00BC
:103410000CB0BDE8F08791F8243091F826A0012B7C
:103420000CBF1A46022281F825204FF0010281F8D4
:1034300027204FF0000218BF4FF0100CBAF1010F17
:103440000A6209D15A1E012A06D84A69624501D08A
:10345000012A01D1A96931B14449424806F03BF83B
:103460006FF01500D4E7D8F8000010B198F8040008
:1034700070B994F888309D0708D5204606F05FFCA7
:1034800094F8883023F0020384F888300020BFE7E6
:10349000102801D03649E0E7581ED0F1000E4EEB5F
:1034A000000E624518BF4FF0010C05AE09F104078C
:1034B00008BF8A460FCF0FC697E8070086E80700C7
:1034C000C5F81CC099F824302A4A022B0CBF0123EE
:1034D00000238DF82C30284B08BF13468DF814E0DC
:1034E0008DF815A00193D8F80030314602932B686F
:1034F00001A803936B68049301F038FE054608B1F8
:103500001E49AAE794F888309B0708D5204606F0A4
:1035100016FC94F8883065F3410384F8883020461F
:10352000D9F8002005A906F0E8FB034638B10D489C
:103530000121134A05F0A9FE6FF0040068E7B8F80E
:10354000063094F888206363D8F8083022F003022C
:10355000236399F82430003B18BF012343F0020392
:10356000134391E7FCB600007CC60000A7C600002C
:10357000D0C6000000366E010048E801F2C6000027
:1035800020C7000010B5044601F0D4FDC0B10121F0
:1035900003460C4A0C4805F078FE94F88830DB07A7
:1035A00009D5E06905F085FD031E04DA0121074A0B
:1035B000054805F06AFE00236FF0040084F88930A6
:1035C00010BD00BF3DC70000FCB6000055C700009D
:1035D0000B4670B502460069032B45D8DFE803F0BF
:1035E000020C020C90F8893023B1012380F88A3054
:1035F00006F006FC002070BD90F888309B0706D4CA
:103600001D491E4805F067FF6FF00400F3E790F8CE
:10361000893003F0FF05002BECD1012680F88A5099
:10362000146994F8883084F8896013F0010F15D07C
:10363000134BE56263624FF00303A362DAD0E069E3
:1036400004F1200105F0EAFC031ED3DA84F8895066
:103650000C4A3146094805F018FED5E72046FFF729
:1036600091FF0028C6D0CFE704480121064A05F0A3
:103670000CFE6FF01500BEE763C60000FCB600004C
:103680008D36000071C700008DC7000010B591F89D
:10369000693083B991F86830DB0712D551F8040C12
:1036A00005F007FD031E0CDABDE810400121054AB4
:1036B000054805F0EABDA1F12000BDE81040FFF784
:1036C00061BF10BD55C70000FCB60000F7B5067815
:1036D0000546454C66B100230022206B01A901F08C
:1036E00059FF031E19DA414A0121414805F0CDFD79
:1036F00094F88A206B68002A4FD0002B37D0002224
:1037000000233C4801A901F0D9FF00282BDA3A49EF
:10371000374805F0E0FE03B0F0BD019F0022002312
:1037200001A904F1380006F0B7FC00280EDA33498D
:103730002F4805F0D0FE206B019906F04EFC0123C6
:10374000204684F88A3006F05BFBE4E7626B39467A
:103750002046C2F34F0206F00CFB034608B1284A8C
:10376000C2E70646C4E70199206B06F036FC94F8E0
:103770008930002B34D0002384F8893094F88830C5
:10378000DB072DD5E06905F094FC031E28DA012142
:103790001C4A174805F079FDBDE70BB30022002352
:1037A000144801A901F08AFF002808DA12491048DC
:1037B00005F091FE01230C4884F88A30C3E700220B
:1037C0000023114801A906F067FC002808DA0F4918
:1037D000074805F080FE0199206B06F0FEFBE9E743
:1037E000002E98D0E6E700BF78020020A1C70000B5
:1037F000FCB60000B0020020F8C70000BFC7000000
:10380000DFC7000055C70000D80200200BC8000029
:103810000122024BC3F80424704700BF002008E0D7
:10382000084B70B5C31A0D4607499B10044659430F
:103830004022064805F05CFE2B4601462046BDE8C6
:1038400070401847DC0C0020B76DDBB6BCAC000044
:10385000402373B50B4C0093041B0B460D460A49DD
:10386000A41061430646094A094805F06DFE014669
:1038700028B130462B4602B0BDE87040184702B070
:1038800070BD00BFDC0C0020B76DDBB6B595000045
:10389000BCAC00002DE9F8430022012107464FF49B
:1038A0008770FFF7FFF8114800F0AAFD0446C0B981
:1038B00000F0D0FD25464FF01C094FF00C083E6982
:1038C0000B4909FB056005F096FB031E0CDB012389
:1038D00008FB05661D44032DF365F0D12046BDE8C5
:1038E000F8836FF00404F9E71C46F7E7213A00007B
:1038F00030BB00001FB5002201236C46CDE9022336
:103900006B46074ACDE9004405F04DFE28B943F661
:1039100009520023684602F02BF804B010BD00BF26
:10392000D595000010B5EFF31184202383F312889E
:10393000BFF36F8F074A136823F00201DB071160A2
:1039400002D4012005F091FF84F31188BFF36F8F3B
:1039500010BD00BF540D00200C22104B014602FB8D
:103960000033002030B4D3E915525865EFF31180CD
:10397000202484F31288BFF36F8FDC6D04F0C00441
:1039800044F00204DC6580F31188BFF36F8F1DB132
:103990002B4630BC0248184730BC7047DC0C002076
:1039A000BCAC000010B4EFF31180202282F3128827
:1039B000BFF36F8F17490B6843F0020413F0010344
:1039C0000C6017D0144BD3F80C3413F4803311D09F
:1039D000EFF3118182F31288BFF36F8F0F4AD36D1B
:1039E00003F0C00343F00203D36581F31188BFF3F2
:1039F0006F8F012380F31188BFF36F8F23B10020F5
:103A00005DF8044BFFF7A8BF01205DF8044B05F0FB
:103A100020BF00BF540D002000E01050DC0C00203F
:103A2000042804D0072809D0022809D07047064B83
:103A3000D86D10F0070005D1FFF78EBF0220FBE71D
:103A40000120F9E7704700BFDC0C0020C3B21C2046
:103A5000014A00FB03207047DC0C00202DE9F041F7
:103A6000012280463549D1E8EF3FC1E8E02F002828
:103A7000F9D133B9324933484B60CB608A6005F0E5
:103A8000CDFA08F1FF33012B4CD8B8F1010F06D164
:103A90002D4BD3F8503403F00303012B42D006F032
:103AA00016FB054650B1EFF31186202383F31288ED
:103AB000BFF36F8F0125244C244F21E0244B1B784A
:103AC000002BF0D00422204B0646C3F80823F2E76F
:103AD00055B3304605F0C3FCD4F8403413F0FF036F
:103AE0000ED1D4F808215AB1C4F80831D4F80831FD
:103AF0004FF480420123C4F84034C7F8A021236169
:103B0000D4F84C24D4F84C34D203E1D503F00303A9
:103B1000012B02D0B8F1010FDAD155B186F311882B
:103B2000BFF36F8FBDE8F0810021202006F06FFB0E
:103B3000D2E70422044BC3F80423F3E7D80C002097
:103B4000C80C0020F80C002000E0105000E100E05C
:103B50006611002008B5074806F00AFA38B1064891
:103B6000FFF74CFB0448FDF7A5FD002008BD6FF0F2
:103B70001200FBE748AD00007D3B00000A2838B585
:103B80000446074D04D1AB680D2128465B68984771
:103B9000AB6803485B68E1B29847204638BD00BF78
:103BA00048AD00002DE9F04340F206354768D006E5
:103BB00048BF4FF0030C3B7C02EA050558BFC2F337
:103BC000401C87B001F01F06B5F5837F144646EA16
:103BD00043168DF803C045D00DD8062D44D005D826
:103BE000A5B1022D12D06FF0150038E0B5F5807F39
:103BF000F9D101250AE040F20222954236D0B5F50E
:103C0000407F35D0B5F5007FEDD10425220331D5B5
:103C100001237A688B405360B86890BB7F2E06F012
:103C20001F034FEA561175D83C4A52F82120C4F3BD
:103C3000004102EB8302D2F8803081F00101C4F32D
:103C4000404423F4706344EA410423F00F031C430F
:103C500044EA8C0444EA0524C2F88040002007B0FE
:103C6000BDE8F0830925D1E70825CFE70625CDE794
:103C70000525CBE7630341BF01237A688B4093603E
:103C8000CAE731460DF1020205F0CAFF14F4403FC5
:103C900080460CD13146B86805F0DBFFB8F1000F63
:103CA000DCD19DF80210B86800F0C4FED6E74FF0F2
:103CB000000901ABCDE90199CDE90439CDF80C90AB
:103CC0003146B86803AA05F0F4FE4845C6DB14F493
:103CD000003314D09DF80330C4F3004484F0010491
:103CE0008DF80E308DF80C508DF80D404B46314656
:103CF000B86803AA00F0F0FD0028CFDAAEE7CDE9FE
:103D000004330DF1030303933146B86803AA05F0A9
:103D1000D0FEF1E7203350F82330FFDE70BB000007
:103D20007F2870B54FEA50110CD80D4A52F8216027
:103D300046B13269516829B1012500F01F030C68B2
:103D40009D4001B970BD8A682A4002D030464B6858
:103D500098471CB1236821461C46F2E72346FAE740
:103D600060BB000038B54568A868C0B105F06BFFBE
:103D70000146A0B9A86800F025FE044688B90246AD
:103D80000949A86805F049FF22460121DB20FEF71A
:103D900089FE2246012140F20D10FEF783FE00202D
:103DA00038BD6FF00400FBE7213D0000F0B544682A
:103DB0001646A068227C01F01F0587B045EA42152F
:103DC00000286CD0B6F5001F04D1294605F093FFFA
:103DD000002055E06268607CB6F5800F50624FF0BD
:103DE000000001AA0190506039D1B3F1007F14BFE7
:103DF000052304238DF804300023CDE90423039325
:103E0000E3680DF1030723FA01F111F0010139D143
:103E1000B6F1A07F36D105F01F037F2D4FEA551074
:103E200003F120033ED8214A52F8202052F82330D3
:103E3000DB0727D43A462946A06805F0F1FE163084
:103E400018D002972946A06803AA05F032FE002880
:103E500016DB01222946A06805F0FDFEB8E7B3F1A4
:103E6000C06F05D0B3F1007F14BF01230223C1E767
:103E70000323BFE73946A06800F0E6FD0028E0DA3A
:103E800007B0F0BD3A462946A06805F0C9FE0028F3
:103E9000D8D19DF80310A06800F0CCFDD2E76FF0F8
:103EA0008500EDE751F82330FFDE00BF70BB000056
:103EB000036803F01F027F2B02604FEA53129ABF80
:103EC000024B53F822000020704700BFD0BB000017
:103ED0002DE9F74F154606464FF0010800EB81012A
:103EE000B14203D1002003B0BDE8F08F3268C2F3C5
:103EF000C323082BC2F3080400F2A6805448C75C11
:103F000040F2FF139C4208BF4FF0FF34B2F1D05F84
:103F10004FEA126310D2192B12D8DFE803F01423F2
:103F20003734282F341111111111111111111111E0
:103F300011113A3D40777A7D382B70D04E2B25D029
:103F40006FF08500CFE7C5F80446621C5CD001A87D
:103F50000194FFF7ADFF019B4FF0010908FA03F34D
:103F600043602FE0C5F80C464FF0000A68E04FF0C0
:103F70000009C5F80046601C1CD145E0C5F80446A0
:103F80004FF00109F7E7C5F80846EDE7C5F8104618
:103F9000DBE7C5F84045F3E7C5F84445E4E7C5F875
:103FA00060457388621C03F001032DD0002BCED135
:103FB0004FF0010901A80194FFF77AFF019B08FA6D
:103FC00003F383604FF0010AD6F800B001A81BF498
:103FD000004F1CBF4FF001094FF0000A0194FFF79A
:103FE00067FF019B1B4C00EB8300D0F88020CBF3D4
:103FF000412B3B0243EA8B0343EA0A031440234369
:1040000043EA4903C0F88030043669E7C5F86445DF
:10401000C7E7C5F86845C4E7C5F86C45C1E701A81E
:104020000194FFF745FF4FF0010A019B00EB83006D
:10403000D0F8803023F0E04343F08043C0F8803074
:10404000631CE1D0D146BFE76FF015004BE700BF1E
:10405000FEC90000F0F0FCFF2DE9F04104460D46DA
:10406000476806F034F888B12021EFF311831A462F
:1040700081F31288BFF36F8F60680068D0F8300159
:10408000D0B983F31188BFF36F8FEEE71E4B1B7817
:10409000002BE9D04FF02008642663681B68D3F832
:1040A0003031FBB9012005F09DFB013EF5D1002127
:1040B000202006F0ACF8EFE77B6A00201D706368F3
:1040C000796A1B68C3F83C170121C3F84017C3F88D
:1040D0003001D3F83001196582F31188BFF36F8F77
:1040E000BDE8F081EFF311831A4688F31288BFF31D
:1040F0006F8F61680968D1F830110029DCD183F332
:104100001188BFF36F8FD2E76611002070B40F4C97
:10411000D4E90015501A63EB0506400940EAC66071
:104120002026E0FB0615C4E90015002400250849F7
:10413000C1E90023074BC3E90045EFF3118186F382
:104140001288BFF36F8F70BC02F0BEB880090020E8
:10415000680900207809002008B500220121E42028
:10416000FEF7A0FC164A0020D2F8183723F440339B
:10417000C2F8183700F0B4FD002820DB01201149F7
:1041800000F03AFE00281ADB00F082FD0E4B20F012
:104190001F00C3E900010D4B0022C3E900014FF0ED
:1041A000FF304FF0FF310A4BC3E90001094B0A49C8
:1041B000187A00F07FFD67220020084B1A6008BDC6
:1041C00000200E500C030020800900206009002010
:1041D00068090020040300200D410000900D00201C
:1041E00008B500F055FD064AD2E90032C01A054B69
:1041F00061EB0201C3E90001400940EAC16008BD6A
:104200008009002078090020F7B5224B0146224F93
:10421000187A224BD7E90056D3E900239E4208BF03
:10422000954211D1B1F1806F0ED24901012938BFF9
:10423000012101224D1946F10006C7E9005603B0DD
:10424000BDE8F04000F05EBE154BDFF858C0D3E982
:104250000043DCE9002CA41843EB0C0C4FF0200EBB
:1042600022466346C1FB0E23954276EB0301C7E964
:1042700000230DD2291B66EB0C04C82974F100043D
:10428000B4BF01210021009100F006FE03B0F0BD93
:104290000021F8E7040300207009002068090020CD
:1042A000800900207809002008B5024804F0DAFBF4
:1042B000002008BDBAC8000003689A070CD503683F
:1042C000DB070DD50922074BC3F80C250F22C3F8D5
:1042D000042501221A60FEE7034B0360EF3B0360F5
:1042E000704700BF00801050F000FA5008B501235D
:1042F000354AC2F80038A2F55722D2F80024334AD2
:10430000D2F84023292A01D0332A02D1304AC2F8F8
:104310000C343048FFF7D0FF0830FFF7CDFF0830EE
:10432000FFF7CAFF0830FFF7C7FF00F5F470FFF78B
:10433000C3FF294AD2F88C3043F44063C2F88C3072
:104340000022D30003F57F0303F54043D3F80014A4
:1043500001310AD0D3F8001439B1D3F80014013276
:10436000D3F80434402A0B60EBD11C4BD3F8002661
:10437000D20724D41A4BD3F8182522F00302C3F82D
:104380001825D3F81825C3F81825134AD2F88C102D
:1043900041F44061C2F88C10D2F8881041F47001E9
:1043A000C2F88810BFF34F8FBFF36F8F0022C3F89E
:1043B000A0250C4AD2F80034012BFBD008BD6FF0C9
:1043C0000102C3F80026D5E70000125000C0FF002C
:1043D0000030055000F50E5000ED00E000E01050F8
:1043E00000E0045000900450014B1B68184700BFC8
:1043F000940D0020014B07201B681847940D0020E6
:1044000010B5104C2379D3B9012323710E4B00282A
:10441000206018BF184600F0FFF890B923680B48D9
:10442000002B08BF184600F041F850B9236808482F
:10443000002B08BF1846BDE8104000F085B96FF0AA
:10444000770010BD940D0020E94300004F98000054
:10445000F543000008B5074B1B6853B14FF4877054
:10446000FEF712FB28B9BDE808404FF48770FEF74D
:10447000E9BA08BD940D002038B504230A4C42F275
:104480001075C4F80833012363610023C4F80831B0
:10449000D4F80831D4F84C34DB0304D5012005F0FE
:1044A000A1F9013DF6D138BD00E01050064A13795C
:1044B0003BB9012110601171044A1846C2F840341A
:1044C00070476FF0770070479C0D002000E010509F
:1044D00010B51D4B1D4CD3F84C14D3F84C2411F4DB
:1044E000803F19D002F00302012A01D08AB90022CC
:1044F000154BC3F840240022C3F80821D3F8082143
:1045000001221A6122688AB9D3F80821002AFBD057
:1045100014E0FFF7B1FFEAE7D3F84824D107E6D566
:10452000D3F850249207F4D422681AB10422C3F8B5
:10453000042310BDD3F80821002AFBD00022C3F8C1
:104540000821D3F80831F4E700E010509C0D00205A
:10455000F8B50125184C194ED4F80C3303F00C03B0
:1045600003B9F8BDB3FA83F30027C3F11F039A0020
:1045700002F5807292B202F1A04202F58712176032
:1045800005FA03F1022B1268D8B2C4F8081310D14F
:10459000D4F84C34D4F84C349B070AD10423C4F823
:1045A0004054C4F804332561D4F80C3303F00C03F1
:1045B000D6E733689847F7E700E010509C0D0020DD
:1045C000712238B5114B0021C3F8082301225A602B
:1045D000C3F80011D3F800110D49D1F8401329296F
:1045E00001D0332900D1DA6042F21074074DD5F8BA
:1045F0000C3413F4803305D0012005F0F3F8013CAE
:10460000F5D138BD034A5371FBE700BF00E01050FD
:1046100000C0FF00A40D0020054B0246187918B910
:104620001A6001221A7170476FF07700704700BF5F
:10463000A40D00200022174BC3F81021D3F810114D
:10464000C3F81821D3F81811C3F81421D3F8142192
:10465000114AD2F84023292A01D0332A01D101225C
:104660009A600022C3F80021D3F8002101221A60C9
:104670000A4A126852B9074BD3F80021002AFBD02E
:104680000022C3F80021D3F8003170477122C3F82B
:104690000423704700E0105000C0FF00A40D00206C
:1046A000F8B50126194C1A4DD4F80C3303F07103F8
:1046B00003B9F8BDB3FA83F30021C3F11F039A00D5
:1046C00002F5807292B202F1A04202F587121160E7
:1046D00006FA03F7042B1268D8B2C4F8087308D09E
:1046E000062B10D02B689847D4F80C3303F07103D5
:1046F000DEE702236B71C4F81411D4F814312023BF
:10470000C4F80433EEE76971ECE700BF00E0105035
:10471000A40D002038B580230A4C42F21075C4F86D
:1047200008330123A3620023C4F81C31D4F81C31E0
:10473000D4F86C34DB0304D5012005F053F8013DB7
:10474000F6D138BD00E01050054B0246187918B973
:104750001A6001221A7170476FF07700704700BF2E
:10476000AC0D002000220C4BC3F81C21D3F81C21F7
:1047700001225A62094A12681AB18022C3F804233E
:104780007047D3F81C21002AFBD00022C3F81C215B
:10479000D3F81C31704700BF00E01050AC0D002072
:1047A000094BD3F8042312060DD5D3F81C2152B1BE
:1047B0000022C3F81C21D3F81C218022C3F808234F
:1047C000024B1B681847704700E01050AC0D0020EA
:1047D000036803F01F027F2B02604FEA53129ABF57
:1047E000024B53F822000020704700BF30BC00008D
:1047F000034A4309D35C00F01F001844C0B270475D
:1048000007CA0000F0B58446002587B0DFF84CE009
:10481000114F019102AE1EF8013B06AA02EBD30232
:1048200012F8144C03F00703DC4014F0010406D125
:104830000135042DEFD10024204607B0F0BD97E8E4
:104840000F0086E80F0056F82520136A4CF8253033
:104850001362002BECD0EFE76CB7000017CA000022
:10486000F7B504460846FFF7C3FF04EB4006B38ADA
:104870000D46DB072AD5204605F0F9F829462046E3
:1048800005F066F850B1204605F078F80023276857
:1048900007EB8000C0F81035C0F8103529462046D7
:1048A00005F095F8002101A8B1820195FFF790FF6E
:1048B000019B00EB8300D0F88020064B134043F0AF
:1048C0000203C0F88030084603B0F0BD6FF0150059
:1048D000FAE700BFF0F0FCFF2DE9F043044685B095
:1048E000084615461F46FFF783FF0E46804625B350
:1048F000204605F038F818B9204605F029F818BB0D
:1049000004EB4809B9F8143003F01C0313B16B78B9
:10491000012B19D001238DF80F3000233046CDE94B
:1049200000536A1CAB1C0DF10F0104F0B9FFB9F87C
:10493000143043F00303A9F81430002F3ED0314661
:10494000204605F010F820B96FF0150005B0BDE85D
:10495000F0830022397823684FEA810C03EB81034E
:10496000C3F81025C3F8102504EB4802938A23F4FA
:10497000604323F0200393827D78FDB12468B878EA
:104980006444D4F810750E4B2D043B40C4F8103528
:1049900041F6F07305F4403503EA06130005D4F838
:1049A00010752B4300F4801003433B43C4F81035CB
:1049B000938A43EA413343F0200393820020C5E702
:1049C0000FE0ECFF70B590F8B040054690F8B1608C
:1049D0004CBB84222146143005F063FF2146134A64
:1049E0002B6852F836608E4213D1002440F20D102D
:1049F000C3F84441D3F844210D4A934208BFDB2059
:104A0000FEF720F80123204685F8B030C5F89C3029
:104A100070BDCAB2920002F58070442A04BF1C50D7
:104A20001A580131DFE76FF07700F1E740BC000072
:104A300000A00D5090F8B100024B03EB800004F091
:104A4000EDBE00BF1403002010B5064B90F8B10076
:104A50000C4603EB800004F0C7FE0028A4BF2070C2
:104A6000002010BD140300202DE9F04F804658F8B7
:104A700004BB90F8B140DBF814136B4BC9B253F888
:104A8000342007468DB0584641F4003104F0C8FF89
:104A9000820305463AD51022002108A805F001FF3F
:104AA000614BE60003EBC404636808A81946009351
:104AB000FFF7A8FE331D03934FF0000A5B4B0DF187
:104AC00020090293029A584912F8013B0292039A74
:104AD00002EBD3028A5C03F0070322FA03F3DB073D
:104AE0001AD40AF1010ABAF1040F09F10409E9D153
:104AF0004FF400310022584604F092FF009908A8B4
:104B0000FFF780FE0028D7D125F400350124002DC1
:104B100073D10DB0BDE8F08F454B53440493D9F8E1
:104B20000060002EDDD096FAA6F6B6FA86F6049B53
:104B30001C7846EA44142046FFF75AFE07EB400073
:104B4000818AF208C1F3820305930193012319F8C6
:104B5000020006F0070603FA06F620EA060009F846
:104B6000020007A80794FFF733FE079A11F0100F11
:104B700002F1200250F82260059BC6F3014623D0C3
:104B80004046019A214604F003FF07A80794FFF767
:104B90001FFE079BF6B2203350F82330C3F30143C6
:104BA0009E4207D10021204604F0C3FE3146204634
:104BB00004F0BFFE07A80794FFF70AFE0122079B37
:104BC00002FA03F30362AAE7022E14BF02210321B3
:104BD0002046059304F0ADFE059B032B03D0022E67
:104BE00007D1012BE6D121464046019A04F0D0FEC0
:104BF000E0E7032EDED1022BF4E795FAA5F3B3FA32
:104C000083F304FA03F225EA020503F5A2725BF8C6
:104C1000222007EB43034046B3F8A010C2F3014241
:104C200004F0B6FE73E700BF40BC000017CA0000E6
:104C300017CA00000123034A03FA00F093680343F4
:104C4000936070476000002073B504460191EFF354
:104C50001186202383F31288BFF36F8F0B4D019BC6
:104C60006A6801A81340019304F0BEFD002807DB29
:104C700001226B68824023EA02036B6020700020EF
:104C800086F31188BFF36F8F02B070BD6000002003
:104C90004FF0FF306FF0404130B5054CD4E90023B0
:104CA000904271EB0305F9D31046C3F3130130BDF5
:104CB00040270E5030B50C25074B1C1894F8544073
:104CC00005FB0433C3E9031218750123034A83402B
:104CD000C2F8243330BD00BF6000002000200E5019
:104CE000F8B53E4C2278002A72D13D4BD3F810150E
:104CF00021F00201C3F81015D3F8101541F001019D
:104D0000C3F810150521C3F8A4160421C3F8AC1686
:104D10000723672101F001000244013BD2B24FEAB0
:104D20005101F7D1052A56D119464FF0010C2B4EEF
:104D300000256720CFB204E00CFA02F220EA02005C
:104D4000013590FAA0F25FFA85FEBE45B2FA82F212
:104D5000F2D3013132750529224482F8547006F1EC
:104D60000C06E5D1012100251E489A0801FA02F23D
:104D700012F0670F18BF1D500433302BF5D1E4201B
:104D8000FDF760FE164B1849D3F8102503F5C073E4
:104D900022F00202C3F8902340F6FF72C3F8A82164
:104DA00000221A60A3F5807004338B420260F8D1B0
:104DB00001250B4B0D4A1D660D4B5D201B68B3FB97
:104DC000F2F358430B4B2B43984700202570F8BD56
:104DD0006FF07700FBE76FF08B00F8E760000020D2
:104DE00000200E5000210E50B0210E5040420F0006
:104DF0001003002090B7000038B5244B0D46D3F8BF
:104E0000102594073CD4D3F8102542F00202C3F8D1
:104E10001025C0B1D3F8482712F0010202BFD3F821
:104E2000481741F00101C3F84817184BD3F8401751
:104E3000D3F844174800F9D42AB9D3F8482722F008
:104E40000102C3F84827124B124A1B68B3FBF2F366
:104E50000E4A03EB4313B3B1D2F84017D2F844170C
:104E600049000BD44FF0FF312846FFF7EDFE044612
:104E700010B92878FFF7DEFE204638BD013BEAE78F
:104E80006FF07704F8E76FF07304F5E700200E5039
:104E90001003002040420F0070B51E461546174A09
:104EA0009DF81010131893F854300C3302EBC30420
:104EB00042F833506660C6F313020401A1B104F155
:104EC000A04404F56224C4F82055C4F824250C4CF1
:104ED00080000444236833B1FFF7DAFEA842B141F1
:104EE00001D20023236070BD04F1A04303F56223C7
:104EF000C3F82055C3F82425F5E700BF6000002063
:104F000000210E50F0B50E4D2B1893F854300001CF
:104F10000C3355F8334005EBC3077E68641800F185
:104F2000A04021F0004146F1000641EAC27100F5BF
:104F3000622045F833407E60C0F82815F0BD00BF00
:104F400060000020F7B5284B284CD3F82C6304F1FF
:104F500088070EB903B0F0BD96FAA6F00123B0FAA7
:104F600080F08340DA43224926EA0306231893F8A7
:104F70005450830019440C2303FB0543DB6873B3CF
:104F8000D7E8EF3F03EA020CC7E8EECFBEF1000F0F
:104F9000F6D1C340DB0719D5020102F1A04202F5A8
:104FA0006222D2F82435D2F82025D1F800C0BCF115
:104FB000000FCED04FF0000CC1F800C00C2101FB57
:104FC000054529690091E9688847C2E705F10C03A6
:104FD00004EBC30C54F83320DCF80430E5E70A682E
:104FE000002AB6D00B60B4E700200E50600000200D
:104FF00000210E502DE9F8434B7E83BB4A687F2A7F
:105000004FEA52146DD83A4E02F01F0256F824505F
:10501000012404FA02F2AA604C687F2C04F01F02FB
:105020004FEA54155FD856F82550324C05EB8205EF
:10503000D5F88020224042F00302C5F880208D6818
:105040007F2D05F01F024FEA55174CD856F8273030
:1050500003EB8203D3F880202240C3F880208B7EAC
:1050600033B9D1E901420368C3F84045C3F8442588
:105070004A780C78D1F8108091F80CE091F80DC0C6
:1050800091F818908F7ED1E901650368097D52007F
:10509000C3F8201502F0020204F001010A43C3F82C
:1050A0004C95C3F88085C3F80825C3F818E5C3F804
:1050B0001CC51FB9C3F84065C3F8445500230468F4
:1050C000C4F80031D4F80021C4F30830C4F8043126
:1050D000D4F80431FDF7B6FC0323C4F80433BDE86B
:1050E000F8839B60FFDE203253F82230FAE700BFDE
:1050F00050BC0000F0F0FCFF7F2800F01F034FEAD7
:1051000050110DD8094A52F8212002EB8302D2F83F
:105110008010074B0B4043F00203C2F88030704709
:105120000022203352F82330FFDE00BF50BC0000C5
:10513000F0F0FCFF437D2BB1437D012B11D06FF0CC
:105140000F00704702234375012302680376C2F300
:105150004341C2F30432934001F14002024941F855
:1051600022300020704700BF00E100E02DE9F0414F
:1051700002464FF000084FF0FF30284CD2F804E010
:105180002678136806FB0EFCB3FBFCF7B3FBF7F3C2
:105190009568AB4234D3D568AB4231D8B3FBF6F354
:1051A0009E458CBFAEEB0303A3EB0E03834227D2D5
:1051B0000F60C3B118464FF0010E136807F1010CE0
:1051C000B3FBFCF39768BB421DD3D768BB421AD828
:1051D000B3FBF6F357689F428CBFFB1ADB1B83427D
:1051E00011D2C1F800C060780871184608F10108B2
:1051F000B8F1070F0CD002340028BFD1BDE8F08110
:105200004FF0000ED9E7BEF1000FEFD00346EAE7FA
:10521000431C0CBF6FF015000020EFE71BCA000015
:10522000044B40EA0120C3F80005D3F80024D2075C
:10523000FBD5704700E0045010B50446FCF716FD9E
:1052400003480121034A04F017F8204604F09BFEAE
:1052500024B70000ECC800002DE9F84304460D46D1
:1052600000AFEFF31188202383F31288BFF36F8F11
:1052700004282A4A98BF2A4BE9468AB09668117CCE
:1052800098BF53F820306A4688BF264BCDE90731D6
:1052900040F201332448ADF82430244BCDE9050415
:1052A00042F8103F00234FF431512148FCF7ACFD88
:1052B000CD4645B1EB69C3F3080323B101211D4A73
:1052C0001B4803F0D9FF2EB1304604F009FF08B1A6
:1052D000037803B91848E9468AB06A46174B079025
:1052E000CDE9053640F20133ADF82030144B42F8D9
:1052F000103F00234FF411510D48FCF785FD29465E
:10530000CD462046FFF798FF88F31188BFF36F8FD3
:105310003046FDF797FCBD46BDE8F883B40D00208C
:1053200060BC0000FBC8000011C9000005000001BE
:1053300024B7000039C9000009C900005AC900009B
:105340000400000138B50A4B53F82040013053F8EF
:105350002050A54200D838BD606830B1037EDB071D
:1053600001D404F0EDFD0834F3E723689847FAE729
:1053700074BC0000012270B5294B86B003201A705E
:10538000FFF7E0FF05F01EF80420FFF7DBFF254CD8
:10539000254D2646AE4204F130040FD300F0EEFC5A
:1053A000204CAC4226D300F0FDFCFBF7BDFC1F4AAD
:1053B000938923F00103938106B070BD54F80C3C2F
:1053C000059354F8103C049354F8143C039354F898
:1053D000183C029354F81C3C019354F8203C009371
:1053E00054E90A2354E90C0100F0E8FA54F8303C7F
:1053F0005E65CEE7D4E90A23B3F1FF3F08BFB2F1FF
:10540000FF3F05D052EA0301206803D104F028FFD2
:105410003034C6E70649183000F0C6FEF8E700BF92
:105420006611002090B6000090B60000500A0020DF
:10543000BDA10000C82370B5134E012203FB006616
:10544000002386B0CDE904230F220193CDE9023277
:1054500018234FF4A0720D4D0D4903FB005504466F
:1054600002FB00110B4B3046009500F0A7FA337C8D
:105470002C7423F004033374074B013403EBC4236F
:10548000EE606B6006B070BD88090020B40D00208E
:10549000681C00204BA00000681400207FB500208D
:1054A000FFF750FF294B03F5006282F3088883F36E
:1054B0000A880024E023264D85F82230EC772C76EC
:1054C0006C76AC7685F820406B6A43F4E0236B621F
:1054D00085F82340FDF722FAFDF79EFB4FF0FF33DE
:1054E000AB62EB62FDF7B4FDFDF736FCFCF71AFB8F
:1054F000184800F0CDFA0120FFF724FF0220164DD6
:10550000FFF720FF00F078FC144B4FF480629D61A0
:10551000134B1449059301232846CDE90343CDE9F4
:105520000144114B009400F049FA06462B7C2846B2
:1055300023F004032B7404F00DFE2046FFF77AFFDE
:1055400031462846084AFDF73BFB00BF681400209F
:1055500000ED00E0180B0020500A0020B40D0020E0
:10556000BCC90000A81D00207553000038B5074CC9
:10557000074DAC4201D3002038BD204604F00BFD9E
:1055800008B91C34F5E76FF01500F5E7C0030020FB
:10559000DC03002073B50C46EFF31181202585F361
:1055A0001288BFF36F8FC5685DB125602B68C3603B
:1055B000836901338361002081F31188BFF36F8F0A
:1055C00011E052EA030603D16FF00B002560F3E708
:1055D000CDE900230246083000F042FB18B9034B26
:1055E0009B685B69236002B070BD00BFB40D0020F2
:1055F000F7B50D4604469DF82010EFF311872020E3
:1056000080F31288BFF36F8F266AE068864240D22B
:105610002668B4421AD0CEB1304604F021FD06F11E
:10562000180004F088FE2946002554F8082F7069F8
:1056300005F02AF93046C6F8805004F08BFD20466C
:10564000394604F0E1FD284603B0F0BDA268A9B1D7
:105650002946E06905F018F9E369A2681344626914
:10566000E361934201D12369E3610020236A01339E
:10567000236287F31188BFF36F8FE5E7A069236981
:105680002946984208BF6069801AA06105F0FCF8BD
:10569000EBE752EA03010BD0074904F108008968DF
:1056A0004D61CDE900233946224600F0D9FACBE717
:1056B0006FF02200DDE700BFB40D0020F7B504460F
:1056C0000846EFF31186202181F31288BFF36F8F14
:1056D000216A00293BD0A268A16905F0D5F8A36929
:1056E000A268256813446269A361934204BF2369D9
:1056F000A361236AAC4203F1FF33236236D028460C
:10570000002D34D0002704F0ABFC05F1180004F0A4
:1057100012FE6969A268E06905F0B6F8E369A2685B
:10572000284613446269E361934204BF2369E3613D
:10573000236A01332362C5F8807004F00BFD04F185
:105740000800314604F060FD384603B0F0BD52EA6F
:10575000030111D00A4989684861CDE90023314627
:10576000224604F1080000F07BFAEEE7002086F301
:105770001188BFF36F8FE8E76FF02200F7E700BFF3
:10578000B40D00202DE9F341044617461E46EFF301
:105790001188202383F31288BFF36F8F304BC268C8
:1057A0009B6872B18068984217D057EA060216D1FA
:1057B00088F31188BFF36F8F6FF00F0002B0BDE860
:1057C000F08193F90E1001322161C4E9023288F3AD
:1057D0001188BFF36F8F0020F0E72169F3E793F999
:1057E0000E1090F90E30994230DA9942A8BF19464E
:1057F00004F059FC054622464146CDE90076194899
:1058000000F02EFA0028E6D0EFF31186202383F370
:105810001288BFF36F8FA068D0B1236821699C42C2
:105820000AD04BB193F90E309942A8BF19466FF0D8
:105830007F039942B8BF194604F035FC40B13146A8
:10584000084804F0E1FC6FF00A00B7E70025D2E752
:10585000002DF4D186F31188BFF36F8FF3E700BFFB
:10586000B40D002067110020F8B583680546002BB1
:1058700040D0234A926893423FD1C368012B03D999
:10588000013BC3600020F8BDEFF31187202383F3B1
:105890001288BFF36F8F0169806804F004FC2C68E4
:1058A000A54207D10023C5E9023387F31188BFF36E
:1058B0006F8FE7E7002CF5D0D4E9003200261360A3
:1058C0005A60237CC4E9006623F002032374A660B7
:1058D00004F1180004F02FFDAC6094F90E3020465E
:1058E0002B61C4F8806004F035FC3946054804F0AB
:1058F0008BFCC7E76FF01500C5E74FF0FF30C2E73C
:10590000B40D00206711002070B5EFF3118620233D
:1059100083F31288BFF36F8F0468A0421BD0D4B109
:10592000D4E90032002513605A60237CC4E9005595
:1059300023F002032374A56004F1180004F0FBFCBB
:105940002046C4F8805004F005FC3146BDE87040A4
:10595000064804F059BCD0E902329A4218BF01331C
:10596000836086F31188BFF36F8F70BD67110020CD
:1059700013B5EFF31181202484F31288BFF36F8FE6
:10598000846844B1013C846081F31188BFF36F8F58
:10599000002002B010BD52EA030406D181F3118841
:1059A000BFF36F8F6FF00F00F3E7CDE900230246DE
:1059B000014800F055F9ECE7671100202DE9F043AC
:1059C000984685B000F15803C0E91633109B0026B5
:1059D00083810423073222F0070503740F9B01EB38
:1059E00005090F4683734946C0E906668660C6739B
:1059F0000446FCF75FFD0E9B073020F00700206790
:105A0000C4E91A7502930D9BA9EB000901930C9B45
:105A10004A460093394643462046FDF78DF8054B2C
:105A200066659B6803B15B6F4846636705B0BDE878
:105A3000F08300BFB40D0020F0B5002587B00595B8
:105A4000109DDDE9127604950F9D044603950E9D89
:105A500002950D9D01950C9D0095FFF7AFFFB6F1E6
:105A6000FF3F08BFB7F1FF3F05D056EA070305D156
:105A7000204604F0F5FB204607B0F0BD3A46334619
:105A800004F11800014900F08FFBF4E7BDA100000C
:105A90000123037483810023C0E91A334367014B58
:105AA00098607047B40D00206FF00A01094A9368AE
:105AB000C3F880100849D8674B6843F080534B60A7
:105AC000002383F31188BFF36F8F9368D3F88000AE
:105AD000704700BFB40D002000ED00E070B590F9F4
:105AE0001020037C002A2FDBD9062DD11A4C63F03D
:105AF0007F032246037452F81C3F216A934207D168
:105B0000C0E90021086020620FE09942F8D01B68CC
:105B1000002BF5D093F90E6090F90E50AE42F4DDF3
:105B20005968C0E9003108605860E569954200D0C5
:105B300005B9E568A3681A7CD20606D1DA897F2AFE
:105B400003D9AA690AB9A36170BDAB4202D0284645
:105B500000F0ACFAA561F7E7B40D002038B590F974
:105B600010200146002A037C04DA03F07F0303744B
:105B700004F0B8FA0D4D2A4652F81C4FAB68944217
:105B800000D004B9EC688B4207D01A7CD20604D14D
:105B9000DA897F2A01D9A2692AB1A34202D020461C
:105BA00000F084FA2346AB6138BD00BFB40D00207D
:105BB000B3F1FF3F08BFB2F1FF3F03D002491830F5
:105BC00000F0F2BA704700BFBDA10000034648B91B
:105BD000EFF3058232B9064A91699268914201D089
:105BE000FFF762BF83F31188BFF36F8F704700BF69
:105BF000B40D002038B5184CA168206A0B688142AA
:105C000014BF1A46002249680B605960A368216AD4
:105C10002AB9124AC3E900210B6023620AE092F913
:105C20000E5093F90E00854212DD5168C3E9002140
:105C30000B605360E569094B9D4200D005B9E568EA
:105C4000A3689D4202D0284600F030FAA56138BD15
:105C50008A42DED01268DBE7B40D0020D00D0020B0
:105C6000F8B5DDE906670D4B0C46986811460C4AFD
:105C70001060EFF31182202282F31288BFF36F8F3E
:105C80009D68284604F040FA284632463B46FFF716
:105C90008FFF2046BDE8F840FFF706BFB40D002097
:105CA000D80D0020F8B50446EFF31187202383F3C5
:105CB0001288BFF36F8F037C49B203F01F02002AE2
:105CC0000CBF0126002635D103F07F032A4D037453
:105CD00004F008FA2A46037C817363F07F0303749F
:105CE00052F81C3F286A934207D1C4E9002004609F
:105CF0002C620DE09842F8D01B68002BF5D093F988
:105D00000EC08C45F6DD5968C4E900310C605C605A
:105D1000EC69944200D004B9EC68AB689C4202D0B4
:105D2000204600F0C3F9AC6187F31188BFF36F8F91
:105D30003046F8BD9B071CD5856804F0D3F9817304
:105D40002B689D4209D16B68C4E900531C606C60EC
:105D5000EAE76A689A42F6D01B68002BF3D093F901
:105D60000E208A42F5DD5A68C4E9003214605C6096
:105D7000DAE78173D8E700BFB40D0020EFF311819B
:105D8000202383F31288BFF36F8F054B9A68D37B70
:105D9000013BD37381F31188BFF36F8F704700BF4E
:105DA000B40D002070B5EFF31186202383F3128821
:105DB000BFF36F8F0F4DAB68DA7B0132DA732A467F
:105DC00052F81C4F944200D004B9EC681A7CD206F9
:105DD00004D1DA897F2A01D9A2692AB19C4202D072
:105DE000204600F063F92346AB613046BDE87040C1
:105DF000FFF7ECBEB40D0020024B03F11C02C3E917
:105E000007227047B40D002070B5EFF311862023F0
:105E100083F31288BFF36F8F1A4CA168206A0B6856
:105E2000814214BF1A46002249680B605960A3687A
:105E3000216A2AB9144AC3E900210B6023620AE0EF
:105E400092F90E5093F90E00854216DD5168C3E9B0
:105E500000210B605360E5690B4B9D4200D005B9F2
:105E6000E568A3689D4202D0284600F01FF9A561AD
:105E70003046BDE87040FFF717BE8A42DAD012689C
:105E8000D7E700BFB40D0020D00D0020F8B550EAD0
:105E9000010306460C4603D1FFF7B6FF0020F8BD0C
:105EA000EFF31187202383F31288BFF36F8F124D16
:105EB000124BA8681860FFF751FEA86823463246C7
:105EC0000F49183000F070F9AA680446137C384670
:105ED00043F004031374FFF7E7FDAB68D3E90A232B
:105EE000B3F1004F08BF002AD8D104F059FA201AA4
:105EF00020EAE070D3E700BFB40D0020D80D0020E9
:105F0000BDA10000014B9868704700BFB40D002090
:105F10002DE9F84304468789EFF31186202383F3A4
:105F20001288BFF36F8F037C190705D586F311889C
:105F3000BFF36F8FBDE8F883D90943F008026FD132
:105F40000274A36813B1204604F0D4F804F11800D9
:105F500004F0F1F9A56D04F15808A84511D04FF0EF
:105F6000000975B1284604F0C5F805F1180004F0E1
:105F7000E2F92846C5F88090FFF7B0FDA56DA84569
:105F8000EFD1DFF8C480D8F808309C4250D1EFF34D
:105F90000589B9F1000918BF4FF00109D8F81C5064
:105FA000274A954200D00DB9D8F80C50AB4202D028
:105FB000284600F07BF82046C8F8185003F039FA5C
:105FC000B9F1000F02D01F48FFF762FDD8F8083082
:105FD0009C4230D1EFF305836BBBA289D20711D568
:105FE00086F31188BFF36F8F83F31188BFF36F8F30
:105FF0000423184602DFEFF31186202383F312886F
:10600000BFF36F8F3046FFF74FFDFB0792D500239C
:1060100083F31188BFF36F8F0423184602DF89E7EB
:1060200003F07F0343F00803037404F05BF888E790
:106030004FF00009B2E786F31188BFF36F8FE4E7F2
:10604000D00D0020180B0020B40D0020027C034668
:1060500012F01F0210D10A4988420DD00949086880
:1060600068B1D9897F2909D893F90E20064B1B689E
:106070009A42B8BF00207047002070471046704712
:10608000880900201C030020DC0D00200122044BA5
:10609000C01A044BC0105843034B1A54704700BF3A
:1060A000E00B0020ABAAAAAA6711002070B50C4B28
:1060B0000C4D1E7CFFF7CAFF182303FB0655044650
:1060C000284604F038F90022074B9A553CB1621E6D
:1060D0002846BDE870400549D31700F065B870BD8B
:1060E000B40D0020E00B0020671100208D6000003F
:1060F00038B5EFF31185202383F31288BFF36F8F38
:106100000F4B104A9C681068A04206D1FFF7CEFFE3
:1061100085F31188BFF36F8F38BD00211B7C1160A0
:10612000094AD35C002BF3D02046FFF78FFF0028ED
:10613000EED0237CDB0601D1FFF75CFD2046E5E7CE
:10614000B40D0020D80D002067110020024B186804
:10615000984208BF0020704720030020034B1B68B3
:106160000BB9FEF73DB80020704700BFE00D0020DE
:1061700030B570B10B4B5B6898420AD0036843B1ED
:10618000D3E90421D0E90445121941EB0501C3E923
:106190000421D0E9003213605A600023C0E90033C3
:1061A00030BD00BF20030020B3F1FF3F08BFB2F1B4
:1061B000FF3F2DE9F84F0446994615461F467AD011
:1061C0008160EFF31188202383F31288BFF36F8F70
:1061D000B9F1000FDFF8E8A020DBFFF7BFFFDAE935
:1061E0000027013549F100092D1849EBE0730646F7
:1061F0004FF00109C4E90453AD1843EB0707FFF75B
:10620000A5FF0346DFF8BCE0DEF804A0EBB9C4E963
:1062100000EACAF80040CEF8044028E06FF001031D
:10622000DAE900125B1A4FF0FF3161EB02025B1BEF
:1062300062EB0902012B72F10001BCBF01230022B5
:106240004FF00009C0E90432D9E7D3E9041CD4E9CE
:1062500004208A4270EB0C0B24DA891A5A686CEB22
:106260000000C3E90410C4E9003214605C60FFF769
:106270006DFF84420ED1114B1B685BB9B9F1000F61
:1062800002D1FFF76BFF0646304604F03DF80021CF
:10629000FDF7BAFF88F31188BFF36F8F28463946A0
:1062A000BDE8F88F521A60EB0C005345C4E9042096
:1062B000ADD01B68AAE700252F46EFE7E00D0020D0
:1062C000F80B0020200300202DE9F047284F02465C
:1062D00038600D46FFF73AFF4FF000084FF0000915
:1062E000244E4FEAE27ED6E9001350B1D0E9044CC7
:1062F000A2427EEB0C0A19DAA41A6CEB0E0CC0E970
:10630000044C0024521843EB0E032046C6E9002338
:106310003C6003F0F9FF2146FDF776FF85F3118815
:10632000BFF36F8FBDE8F047FFF7E2BE611843EBA4
:10633000E473C0E90489C6E90013FFF719FF0122DD
:106340004FF00043C0E9042385F31188BFF36F8F3A
:1063500083689847EFF31185202383F31288BFF3F6
:106360006F8F3A68121B3A60FFF7F0FEB9E700BF83
:10637000E00D0020F80B002010B5EFF3118420236E
:1063800083F31288BFF36F8FFFF7E8FE0346054AD9
:10639000D2E90001181841EBE37184F31188BFF3CF
:1063A0006F8F10BDF80B0020F8B50446EFF311878E
:1063B000202383F31288BFF36F8FD0E90423B3F156
:1063C000004F08BF012A04D087F31188BFF36F8FF5
:1063D000F8BDD0E90A566A1C46F10003022A73F19F
:1063E000000334D3013D46F1FF36002EBCBF00252B
:1063F0002E4603F0D9FF013041F10001401946EB70
:106400000101012871F1000148DB03F0CDFF6FF0BD
:106410000203013041F10001401946EB01018342C2
:106420006FF000438B413EDB03F0BEFF013041F1D2
:1064300000016FF00102401946EB01034FF0FF31FC
:10644000121A61EB030320461949FFF7ADFE236BD7
:1064500001332363236A63B187F31188BFF36F8F1E
:1064600020469847EFF31187202383F31288BFF368
:106470006F8F54F8185FA542A6D0002DA4D02846EF
:1064800003F077FE0023C5F8803087F31188BFF34F
:106490006F8F2846BDE8F84003F05CBE6FF0010244
:1064A0004FF0FF33CFE700224FF00043CBE700BFB0
:1064B000A96300002DE9F04105461C4690461F46A1
:1064C000EFF31186202383F31288BFF36F8FB4F1AB
:1064D000FF3F08BFB2F1FF3F05D186F31188BFF33C
:1064E0006F8FBDE8F081002C09DB012A74F10003F5
:1064F000BCBF0122002412F1FF3844F1FF372846C7
:1065000003F019FFDDE90623C5E90A23002342460B
:106510002B6328463B460249FFF746FEDDE700BFF6
:10652000A963000070B50546EFF31184202686F3B9
:106530001288BFF36F8F03F0FEFE20B184F3118841
:10654000BFF36F8F70BD6B6A63B184F31188BFF3C3
:106550006F8F28466B6A9847EFF3118486F3128891
:10656000BFF36F8F05F1180003F038FE0028E5D067
:1065700003F0F0FD2146BDE87040014803F044BE41
:106580006811002038B5064C064DAC4201D30020FE
:1065900038BD2046D4E9011203F015FF1434F4E7A6
:1065A000DC030020DC03002038B50C4C0C4803F061
:1065B00042FF65780A4803F044FF0A4803F03BFFB6
:1065C000022D08D12478E31F5C425C41054803F0AA
:1065D00038FF204638BD0024F8E700BFE40D002056
:1065E000280300204003002010B51B4C1B4803F07B
:1065F00022FF2378590744BF03F0FB0323709A0757
:1066000005D500F0B1F8237823F002032370134876
:1066100003F017FF124803F00EFF637813B111481F
:1066200003F007FF002304210E48637000F0B6F862
:106630000B4803F006FF094803F0FDFE2378DB0753
:1066400005D503F0F3FE237823F0010323700348FC
:10665000BDE8104003F0F5BEE40D0020400300202B
:1066600028030020E80D002070B5FFF79DFF10B152
:106670000024204670BD344803F0DDFE044620B1FE
:106680006FF08F04FFF7B0FFF3E7304D2B789E07D4
:1066900006D400F061F804462B7843F002032B7017
:1066A000294803F0CEFE10B1002CE9D0EAE7002C17
:1066B000E8D1254803F0BFFE04460028E0D12B783E
:1066C000D80706D403F0B0FE04462B7843F001034C
:1066D0002B701D4803F0B5FE0028E5D1002CD1D168
:1066E000194803F0A8FE0028CAD117482E7803F0F5
:1066F000A8FE0028C4D1164803F09DFE04460028D9
:10670000BED16B783BB9F10705D5124803F08FFE77
:10671000022304466B700E4803F093FE0028C3D199
:10672000002CAFD1084803F086FE0028A8D12B78B2
:1067300005485A075CBF43F004032B7003F081FE49
:10674000002895D09CE700BF40030020E40D002006
:1067500028030020E80D00200122024B002083F8CE
:10676000C0227047EC0D00202DE9F0410A4C0025B5
:1067700026464FF0010803272046C4F820802777DB
:10678000013503F034FE102D04F12C04F4D1002364
:1067900086F8C032BDE8F081EC0D002010B50A4645
:1067A000044619B1024B00211B68984710BD00BF79
:1067B0008CBC000010B50D4C206803F0BEFF0C4AE5
:1067C0001368591C11605BB90A4A5920D2F8003489
:1067D00043F00703C2F80034FCF734F900F080FA04
:1067E0002068BDE8104003F0AEBF00BF5C0300208E
:1067F000B01000200090055038B5164D286803F001
:106800009CFF154B1C68013C1C60ECB95920FCF73F
:1068100027F90722114BC3F80823D3F8002422F0EC
:106820000702C3F80024C3F80041D3F80021C3F8DD
:106830000441D3F804214FF00072C3F80841D3F8A3
:106840000831074BC3F888212868BDE8384003F0B9
:106850007ABF00BF5C030020B010002000900550FC
:1068600000E100E070B5104D104E2B68B34219D016
:10687000FFF7A0FF00F084FB00F016FC38B103F036
:10688000E2FD0446FFF7B8FF3CB92E6005E000F0DA
:10689000D1F9044618B1FFF7AFFF204670BD03F0F1
:1068A0008DFEEEE70024F8E7580300201173650021
:1068B0000022074BC3F81021C3F80C21C3F80021B4
:1068C000C3F80421C3F80821C3F81821704700BF9A
:1068D0000090045008B5FFF7EBFF01230360104B55
:1068E0000A6832B9D3F80C211AB9D3F80821002A62
:1068F000F6D00B687BB90B4B99420ED0A3F584738D
:10690000D3F80831002B14BF6FF002004FF0FF30B6
:10691000FFF7CEFF08BD0020FAE74FF0FF30F7E7A2
:10692000009004500891045038B505460C4691B1CA
:106930000021012003F0FDFA08480949C0F800557C
:10694000C0F80445FFF7C6FF00210446084603F0DF
:10695000F0FA204638BD6FF00104FAE700900450C9
:1069600000910450034B0449C3F800050348FFF7A6
:10697000B1BF00BF00900450049104500490045033
:1069800010B504460021012003F0D3FA064B074955
:10699000C3F800450648FFF79DFF0021044608465E
:1069A00003F0C7FA204610BD00900450089104502F
:1069B0000890045038B50C4659B1074D0749C5F841
:1069C00000050748FFF786FF10B9D5F808352360A2
:1069D00038BD6FF00100FBE70090045010910450A7
:1069E0000C9004502DE9F04F89B01C4607460D4627
:1069F000164603F0C0FD0346002840F0F8807A698F
:106A00000090C2F3013161F305138DF8003013F0EB
:106A1000300308D1B868800710D06FF08608404670
:106A200009B0BDE8F08F102B08D1BDF8023023F477
:106A3000F87343F4A873ADF8023053E0D2B2F82AE9
:106A40002ED100224FF0010B904610469446D7F805
:106A500008E0DFF8DC9159F804AB1EEA0A0F08D011
:106A60000BFA0CF242EA080202F07F08012240EA27
:106A70000A000CF1010CBCF1070FECD12AB19DF812
:106A8000032068F347028DF803203EEA000007D197
:106A90007A88FF2A0FD006D8802A35D0C02A35D070
:106AA0006FF08508BBE7B2F5807F31D0B2F5C07FCB
:106AB000F6D1062200E003229DF8020062F30610E0
:106AC0008DF8020013B91EF0030FA6D13B79022BFB
:106AD0002BD01FD8012BA0D1BDF8022063F3C81220
:106AE000ADF80220012938D0032923D0002994D100
:106AF0003B88B3F5105FD3D1182C03D0202C01D0E4
:106B0000102C8AD1474F2CE00122D5E70222D3E78F
:106B10000422D1E7032B02D0FF2B7FF47EAF0222A9
:106B2000BDF8023062F3C81385E7BDF8023043F4C4
:106B3000C07380E7202C05D006D8102C02D0182C6A
:106B40007FF46BAF384F0CE024F02003412B01D0D1
:106B5000302CF5E70136013CF4E7302C7FF45DAFD3
:106B6000324F4FF000080F344FEA141905EB0800BC
:106B700003F0DFFC002852D008F10108C145F5D12F
:106B80001F2C2ED11C22002101A803F08AFE4FF0F9
:106B9000000B4FF0FF3A07EB0B124FEA0B13069274
:106BA000BBF1000F26D1009A0792BDF802203344B2
:106BB000C2F3C11205920DF1040C03F1100E6246EE
:106BC00018685968083303C273459446F7D101A980
:106BD00005EB0B00FFF7A8FE804670B103F0CBFC7D
:106BE00005E04946284603F0AEFC0028CAD06FF005
:106BF000920814E7CDF81CA0D7E71C2101A80BF1DF
:106C0000010B03F0C2FDD945C5D11F2C3FF407AFDE
:106C1000BA20FFF7B5FE00283FF401AFE7E76FF0B9
:106C20008A08FCE600FF07200000002010940550B1
:106C300090BC000010B590B01C22002101A803F008
:106C400030FEF82003F075FC00B3202200200DEB8D
:106C5000020100F02BFB0446F0B94FF48071104A9A
:106C6000104B01A8CDE901230F4BCDE903130F4BC6
:106C7000F821069320230DEB0302FFF7B3FE20213A
:106C800004460DEB010003F080FD05E0F92003F060
:106C900050FC0028D9D10446204610B010BD00BFDA
:106CA00000240001014B4E800010C004F800FF7F5B
:106CB000BFF35F8F094A1368BFF35F8F43F480719E
:106CC000BFF35F8F1160BFF35F8F23F48073BFF357
:106CD0005F8F1360BFF35F8F704700BF00100150DC
:106CE000BFF35F8F1522064B5A62BFF35F8FBFF36E
:106CF0005F8F40F237129A62BFF35F8F704700BF19
:106D00000010015008B5FFF7D3FFBFF35F8F064AAD
:106D10001368BFF35F8F43F00103BFF35F8F13600E
:106D2000BFF35F8F08BD00BF0010015070B5002693
:106D3000C0E9006605460C46FFF73CFD01232B70B9
:106D4000FFF7B6FFBFF35F8F204BDB68BFF35F8FAA
:106D50009B08013BACB3226842B19A4205D9FFF7C8
:106D60004BFD6FF03F002E7070BD1346D4E9011546
:106D7000E068002908BF4FF40071002808BFF12027
:106D80002469BFF35F8F114A9360BFF35F8FBFF336
:106D90005F8F1564BFF35F8FBFF35F8F5064BFF3E6
:106DA0005F8FBFF35F8F5163BFF35F8F44F4802425
:106DB00044F00104BFF35F8F1460BFF35F8F0020C6
:106DC000D2E74FF40071F1202546DAE700100150B8
:106DD00070B503780D461446002B52D0BFF35F8F79
:106DE0002C4A136BBFF35F8F03F00E010A294BD0BF
:106DF00013F00C0F02D14FF0FF3070BD4368D3B9D0
:106E0000BFF35F8F5368BFF35F8F032BF3D9224B20
:106E10002249BFF35F8FD2F88060BFF35F8FBFF36B
:106E20005F8F43F8046BBFF35F8F8B42F1D1FFF7A5
:106E300069FF01234360BFF35F8F164B9A68BFF36E
:106E40005F8F0132B4EB021F21D8BFF35F8F5A6806
:106E5000BFF35F8FB4EB820FCDD884B1BFF35F8FE8
:106E6000D3F88020BFF35F8F291D05F8012BA942BD
:106E70004FEA122204F1FF34EFD0002CF5D10020AC
:106E8000BBE76FF02000B8E76FF05100B5E76FF097
:106E90003F00B2E7001001501010015020100150C7
:106EA00010B50446FFF786FC104B186803F045FC4C
:106EB0000CB101232370BFF35F8F00200C4BD8610E
:106EC000BFF35F8FBFF35F8F4FF0FF321A63BFF3E3
:106ED0005F8FBFF35F8F3422DA61BFF35F8F0122D0
:106EE00003F59223C3F8042310BD00BF6003002004
:106EF0000000015010B5044608B1037843B1FFF714
:106F00007BFC044B186803F01EFC0CB100232370BB
:106F100010BD00BF6003002038B5154CD4F80051F7
:106F2000BDB1BFF35F8F134B996ABFF35F8FBFF3A0
:106F30005F8F4FF0FF321A63BFF35F8F0023C4F8F7
:106F40000031D4F800310C4B1868BDE8384003F02C
:106F50000DBCD4F8083153B100F076F803F05EFBB5
:106F6000C4F80851D4F808310121044BECE738BDCE
:106F700000900550000001506803002064030020C9
:106F800008B5074B186803F0E0FB064B186803F0E0
:106F9000DCFBBDE80840002259201146FBF782BD0A
:106FA000680300206403002038B5094B1C7864B1E5
:106FB000084B4FF0FF311D68284603F0C8FB4FF027
:106FC000FF310446284603F0CFFB204638BD00BF02
:106FD000661100206803002010B5064CE36C3BB935
:106FE000214651F84C3B986903F059FB0123E364B7
:106FF000014810BDB41000200011002010B5044657
:107000000E4B186803F099FB0D4B1A682361226040
:107010005A6862609A68A2600A4A12689A660023F7
:10702000A364FFF7C7FB204603F0E9FA0028FAD172
:10703000204603F0E9FA0028F5D110BD6C030020CA
:10704000B4100020ACBC000000487047B410002011
:1070500010B50446054A036912689A6603F012FBEC
:107060002046BDE8104003F0E1BA00BFC4BC0000F8
:1070700010B50446FFF7ECFF0422084BC3F80823C1
:10708000FFF7BAFB064A236912689A660023636415
:10709000044BBDE81040186803F055BB0090055044
:1070A000ACBC00006C03002010B50E4B0E4C2360EE
:1070B00003F5C04363602461FFF78EFF236D204614
:1070C000B3F5007FCCBF4FF480634FF40073A3602F
:1070D000FFF794FF2046FFF7BBFF2046FFF7C8FFEE
:1070E000002010BD00200150B4100020244B0340AC
:1070F000B3F5806F30D016DC402B2FD008DC102B7E
:107100002ED0202B2ED0181E18BF01204000704713
:10711000B3F5807F28D0B3F5007F27D0802B14BF34
:1071200002200B207047B3F5804F21D00BDCB3F564
:10713000805F1FD0B3F5005F1ED0B3F5006F14BFA2
:10714000022006207047B3F5004F17D0B3F5803FFB
:1071500014BF022003207047112070470A20704797
:107160000C2070470920704708207047072070479F
:107170001420704705207047042070470F20704787
:10718000F0FF010000212DE9F043064695B00846C6
:10719000FFF786FE0DF12705044625F01F0520B1F7
:1071A00015B0BDE8F04303F04EB94FF01009DFF819
:1071B0008480012210211E4803F0B1F91C4A2B19CA
:1071C000009320211023CDF80490A2F1200000F0BC
:1071D0000FF9074650B10020FFF78CFE384603F048
:1071E00032F90746384615B0BDE8F083D8E90C32CD
:1071F0001034013342F10002302CC8E90C32D8D1EE
:10720000FFF778FE26B122463146284603F07AF988
:107210002E46084C0FCE0FC496E80F00203584E8A8
:107220000F0095E80F00103484E80F00DAE700BF84
:10723000200C0020000C0020F0B5194D194FAB6B4D
:107240008DB0BB4229D0184E306803F076FA402347
:1072500000221946284603F08DFA3021684603F0D3
:1072600044FA044678B96846FFF78CFF044690B9A3
:10727000302302461946684603F07CFA01220023B7
:10728000C5E90C23AF63306803F05DFA204603F0D4
:10729000DAF80DB0F0BD0E24F5E70020F9E700BFE5
:1072A000000C0020B4A5B4A5700300202DE9F04F18
:1072B00099B00DF1570902F10F0A044688461546A8
:1072C00029F01F094FEA1A1A32B1002900F087800D
:1072D000B2F5005F00F28380424F434E386803F0FE
:1072E0002CFAD6E90C32134308D12046FFF7A4FF4D
:1072F000044618B1386803F026FA5CE0D6E90C239E
:107300001AEB020A43F10003BAF5803F73F1000360
:1073100014D3302102A803F0E8F9F8B902A8FFF766
:1073200031FF04460028E5D130230246194602A861
:1073300003F020FA00220023C6E90C2300210846AE
:10734000FFF7AEFD044660B910249DB92846FFF74B
:10735000D1FD2846FFF716FF0446CBE76FF09204F5
:10736000C8E7386803F0EFF9204619B0BDE8F04FE0
:1073700003F069B8102D4FF001024FF010011B48C7
:10738000AB4628BF4FF0100B03F0C9F8174A102383
:107390002021CDE90094A2F1200000F029F88246D6
:1073A00068B10020FFF7A6FD386803F0CCF950461D
:1073B00003F049F80446204619B0BDE8F08F5A465C
:1073C0004046494603F060FAD6E90C32013342F1F7
:1073D0000002C6E90C32A5EB0B05D844B5E76FF007
:1073E0008604E8E770030020000C0020200C002039
:1073F00037B54FF480740194214C41F00051A161E4
:1074000040F6110143F00053A3622123E16104F12E
:107410002001616101212262E362069A194B01ADEC
:107420001A60079A256042F000521125C3E9011243
:107430002022DFF858C02061C4E902C504F110051C
:1074400065606162DA60BFF35F8F0F4A1460BFF35B
:107450005F8FBFF35F8F1361BFF35F8FBFF35F8FEA
:1074600003235363BFF35F8FBFF35F8F9363BFF358
:107470005F8F00F033F8431CFBD003B030BD00BF7A
:1074800030110020201100200000015004000020D5
:1074900038B5BFF35F8F104CE569BFF35F8FBFF363
:1074A0005F8F10236363BFF35F8F012003F060F9E8
:1074B000BFF35F8F00236363BFF35F8FBFF35F8F03
:1074C000E36BBFF35F8F5B06F8D425B1BFF35F8F2B
:1074D000E561BFF35F8F38BD0000015008B5FFF7CD
:1074E00063FD104A20B9BFF35F8F906ABFF35F8FCF
:1074F000BFF35F8FD36BBFF35F8F10F0240F03F0E8
:10750000230304D0FFF7C4FF6FF01F0008BD4FF046
:10751000FF30002BFAD1BFF35F8F1063BFF35F8F93
:107520001846F3E70000015073B50446EFF31186E7
:10753000202383F31288BFF36F8F8368594003EAD7
:1075400002050A4053400022009309496B4601920C
:1075500002F0A6FEDDE9003223EA020304F10C008A
:107560003146A36002F050FE284602B070BD00BF55
:1075700029A800000CB430B58BB004460D4620227B
:10758000002102A803F08DF90223002D06948DF846
:107590000A300C4B039312DB01D06B1E1C440FAA64
:1075A0000E9902A80794019200F09CF815B1069B71
:1075B00000221A700BB0BDE8304002B070470024C2
:1075C000EDE700BFFFAB00002DE9F0410126B2421C
:1075D00001DCBDE8F08107463B461F4613F8014B2E
:1075E000002CF6D0252CF8D11D780237252DF3D0AC
:1075F0000023DFF8EC809C461C461F2C27D8A5F101
:10760000200EBEF1100F06D828FA0EFE1EF0010F54
:1076100053D12E2D3CD02E2D27D8242D33D02A2DDA
:1076200036D0BCF1000FD4D0B445D5D145F02007F9
:107630000B68A7F1650CBCF1020F01D9612F42D193
:10764000073323F00703083301360B60BFE77F2CB5
:10765000DFD96C2D23D01DD8682D27D06A2D01D0FD
:107660004C2DDED144F4207408E0A5F1300EBEF1BB
:10767000090FEED80A2404FB03E3202417F8015B6A
:10768000002DBAD1CDE7BCF1000F18D0B34218D00D
:107690000023F3E7742DF1D07A2DEFD0C1E7250652
:1076A00048BF44F4007444F08004E7E7E50548BFB0
:1076B00044F4007444F48074E0E70024DEE79C4660
:1076C000E6E76325B2E7692D02D007D8632D03D022
:1076D000250601D5A405B3D40433B5E7732DF6E729
:1076E000892801002DE9F04F837893B08046D0F8C7
:1076F00004909C07CDE9081214D50B4600250B9287
:10770000187888B1252813D00133069341460135F6
:10771000C847002880F2F48398F8023043F004034D
:1077200088F802304FF0FF35284613B0BDE8F08FDF
:1077300093F801A09A1CBAF1250F0692E6D04FF0FB
:10774000000B5E465F465C461F2C23D8AAF120033F
:10775000102B22D8DFE803F01521211B2121210B5A
:107760002121211321182121090044F00104069B45
:1077700013F801AB0693BAF1000FE5D11BE044F01A
:10778000020444F00404F2E744F00804EFE744F094
:107790001004ECE77F2C00F2F880BAF12E0F00F015
:1077A000D58000F2AE80BAF1240F00F0D580BAF196
:1077B0002A0F00F0B680BBF1000F06D0099B5A4695
:1077C0000BA908980B93FFF7FFFE002E4AF0200349
:1077D000B8BF24F040040493A3F16503BCBF0026A6
:1077E000A4B2022B04D94AF02003612B40F0888216
:1077F0006FEA0A0A0AF0200307930B9B073323F072
:10780000070303F108020B92049A612AD3E900AB43
:1078100004F0400340F0E680002B079B50460CAA82
:1078200008BF4FF0FF360093594644F4C054334626
:1078300003F05EF901304FF0010CDDF830A0C3B267
:10784000B3420393A8BF03F1FF367023CDE9043C94
:107850000AF10903122B0DD90AF16303C62B40F27A
:10786000F4800AF2E73340F2CE7293428CBF0423D5
:10787000032305939DF83430D80700F1E880A20770
:1078800000F1E880C4F3800B4FEA4B1B5FFA8BFBDF
:1078900013F00C0F00F0EA80BBF1000F0CBF0323C4
:1078A0000423BB420EDA2007A7EB03070BD42F44B7
:1078B00041462020C847002805F10105FFF62CAFFE
:1078C000BD42F5D10027BBF1000F07D04146584615
:1078D000C847002805F10105FFF61EAF9DF83430BA
:1078E000AD4C13F0080FAD4B08BF1C462646324680
:1078F00016F8010B002840F0B0802C1B02EB040BA3
:107900007AE1AAF13003092B3FD814F0400F4FF071
:107910000A020ABF44F0200402FB063602FB0737C6
:1079200025E7BBF1000F7FF422AF0B9A600652F8F7
:10793000043B0B9201D51E4619E7002BA7BF44F06C
:1079400020041F465F4244F0280410E763063FF519
:10795000EBAE44F040040AE7BBF1000F3DD014F059
:10796000400A099B0BA908980CBF3A4632460B9374
:10797000FFF72AFE0B9B53F8042B0B93BAF1000F71
:1079800001D01646F3E61746F1E6BAF16C0F16D0B1
:107990000CD8BAF1680F19D0BAF16A0F03D0BAF156
:1079A0004C0F7FF408AF44F42074E0E6BAF1740F92
:1079B0003FF4DDAEBAF17A0F3FF4D9AEFBE6200614
:1079C00048BF44F4007444F08004D0E6E30548BFA7
:1079D00044F4007444F48074C9E65E46BB46344601
:1079E0003746C4E6002B049B08BF0626652B0ED144
:1079F000721C44F48054D2B21346112A4FF0650130
:107A00004FF0000228BF11239446049107E0049B25
:107A1000662B12D144F40054B4460122112350467F
:107A20005946CDE9002C0CAA00F014FBDDF830A07B
:107A3000C3B20393022305930AE716F0FF02DBD1DA
:107A40006523944604930123E9E7022311E74FF0ED
:107A50002D0B1DE74FF02B0B1AE7079B4146C01A71
:107A6000C0B2C8470028BFF642AF55E614F4405FE5
:107A700040F09680039B002E03F1480308BF0126C7
:107A80006B44133B039A1AB113F8012D302A75D0B9
:107A900014F0100F039B18BF33461AF1040F72DB6A
:107AA000B24570DA534544F400547CDD0AF1010616
:107AB0009E1B2AEAEA730133BBF1000F00D00133A9
:107AC000002E72D0721C13449F42CCBFFF1A0027B5
:107AD00014F0090F03D12F44BD426AD10027BBF136
:107AE000000F07D041465846C847002805F1010558
:107AF000FFF612AE230510D541463020C8470028B6
:107B0000FFF60AAE079B41460235C3F1780000F04C
:107B1000F800C8470028FFF6FFAD200704D4AB46A5
:107B20007D195D454DD10027A10468D52AEAEA7385
:107B30007642AAEB030A039A013B05F1010B524579
:107B400089BF0CAA3020524450799E4241DC414604
:107B50000493C84700280AF1010A049BFFF6DCAD34
:107B60005A1C09D141462E200493C8470028FFF62D
:107B7000D3AD05F1020B049B5D46DCE7039A013AA5
:107B8000D2B203927EE75E1E14F4006F059A14BF12
:107B90000523032313448FE7CBC90000F1C0000085
:107BA000A10486D4F0E7002683E7E20648BF01334C
:107BB0008AE741462020C847002805F101058BDAF5
:107BC000AAE541463020C84700280BF1010BA8DA8E
:107BD000A2E541460393C8470028FFF69DADE6069F
:107BE0000AD5039B013307D105F1020B41462E2034
:107BF000C8470028FFF690AD5D465F4412E241465B
:107C00009DF83500C8470028FFF686AD002E5DDDE3
:107C100041462E20C8470028FFF67EAD01240CAB5C
:107C2000039A4146A346A242CABFE21830205079C7
:107C3000C8470028FFF670AD01340CABA642EFDA5E
:107C4000AC1C5C44049B4146079A981AC0B2C847D2
:107C50000028FFF661ADBAF1000F4146B6BF2D20F6
:107C60002B20CAF1000AC8470028FFF655AD059B36
:107C7000042B37D14FF47A7641460334BAFBF6F53C
:107C800005F13000C0B2C8470028FFF645AD06FB3D
:107C900015AA642641460134BAFBF6F505F1300019
:107CA000C0B2C8470028FFF637AD06FB15AA0A2662
:107CB00041460134BAFBF6F505F13000C0B2C847C1
:107CC0000028FFF629AD06FB15AA12E0E40601D450
:107CD0006C1CB7E741462E20C847002805F1020476
:107CE000B0DA19E5059B0234032BD2D0059B012B9A
:107CF000DDD10AF1300004F1010B4146C0B277E753
:107D0000AAF16303122B00F2E580DFE813F0130001
:107D10005400E300E300E300E3005400E300E30069
:107D2000E300E300E300FC00DD00E300E3002900E2
:107D3000E300AB000B9B01260DF1300A1A1D1B68F6
:107D40000B928DF8303020072CD50AEB060B5446E9
:107D50005C4529D1A5EB0A0ABF1B04EB0A0B4BE7D4
:107D60000B9B1A1D0B92D3F800A0A94BBAF1000F80
:107D700008BF9A4614F0400F504614BF31464FF0EA
:107D8000FF3102F096FD0646DDE741462020C84758
:107D90000028FFF6C1AC013CA642F6D32F443D1BA0
:107DA0002746D2E73C46F7E7414614F8010BC8479F
:107DB0000028CDDAB0E421060B9B32D5A2052BD5E5
:107DC000073323F0070303F10802D3E900010B9204
:107DD00024F0100B00291FFA8BFB32DA40424BF4DF
:107DE000806B61EB41010CAC0A23224602F06DFD71
:107DF0001BF0400FA0EB040200F09C802BF001036D
:107E000096429BB240F39F80BAF1000F40F09D80F4
:107E10002BF011039BB21FE01A1D18680B92C117BB
:107E2000D6E71A1DE00519680B9201D40846F6E75B
:107E3000A20547BF48B241F3C01108B241F3C031B7
:107E4000C6E750EA0103CED16306CCD5002ECAD1D5
:107E500024F011043246A3B2344640F206410B42EC
:107E60006FD126E024F010040A23A4B214F0800C91
:107E70000B9A4CD014F4007115BF0732101D22F07C
:107E800007020B900FBF106802F108010B91D2E9B5
:107E9000000150EA010247D124F0160B62061FFAD6
:107EA0008BFB45D5002E43D124F017043246A3B2F4
:107EB000344619075FD4D90704D5A74272DD3C1BAD
:107EC000A6183C46A34650E044F0100410234FF09F
:107ED000780ACBE74AF02003782B04D1CAF1780363
:107EE00043F01003C2E741462520C8470028FFF6AB
:107EF00013AC41465046C8470028FFF60DAC02358A
:107F0000069BFFF7FDBB08234FF0000AAEE7111DEB
:107F100010680B9114F48071BBD014F400711ABF77
:107F2000C0B2614680B2B4E724F006041FFA84FBB5
:107F30000CAC5AE714465B46D9068ED5BAF1000F51
:107F400005D10134B5E71446F6E73446F4E70234C8
:107F5000AFE741462020CDE90332C8470028FFF6AD
:107F6000DBAB0BF1010BDDE903325F45F1DC2C1BD0
:107F700004EB0B055C46D90616D54146302003922A
:107F8000C8470028FFF6C8AB039ABAF1000F32D0F9
:107F9000023541465046C8470028039AFFF6BCAB5D
:107FA0002E441DE016468DE740F206410B42F7D005
:107FB00013F0020F05F101054146039214BF2B2077
:107FC000202013F4806F18BF2D20E4E741463020B5
:107FD0000392C847002805F10105039AFFF69CAB00
:107FE000731B9A42F2DB16460DF1300A2EB902EBF2
:107FF000050B3F1B00E60135D2E7013E41460392E7
:108000001AF80600C8470028039AEFDAFFF784BB86
:10801000CFC9000041462020C847002805F10105CE
:10802000FFF67AAB7B1B002BF4DC69E71FB502ABD4
:10803000074A00934FF0CC3302F024FDDDE9020142
:10804000C00840EA4170C90805B05DF804FB00BFF4
:10805000CDCCCCCC2DE9F04F9BB00F0D04460A934C
:108060009DF890300592C1F30A520C93C1F31303AB
:10807000C90F07917AB950EA03017ED105993023DF
:1080800001274B71079B0A6043F002030B713846CE
:108090001BB0BDE8F08F40F2FF718A420BD1034361
:1080A000079B059A4FF0000714BF43F0080343F005
:1080B00004031371EBE7A2F2354A43F4801523431E
:1080C00004F001024FEA85080CBF27F001070127E1
:1080D00048EA9478089208BF7F054FEA840602BFF9
:1080E0007F0DB7FA87F77F09BAF1000FC0F2B680AB
:1080F000504600F0EFF9BAF1030FC8BF0138049001
:1081000000F0F4F9049B7C3016A9A3EB0A0A824420
:10811000184600F07DFA12AB20462946019310ABB9
:1081200016AA02970093534602F0F5FB049B0446FF
:108130000D46152B00F28E8014ABA94A30464146FD
:1081400000934FF0CC33DDE9109A02F09BFC149BB6
:10815000159A9B0843EA827303EB8303B34210D161
:108160004146304600F0CAF9049B83428CBF4FF071
:1081700000084FF00108002715E01D46DFF864A253
:108180009DE7089B002B55D1013E48F1FF31F01BC4
:1081900061F1000100F0B2F9049BDDF82080834218
:1081A0008CBF002701270C9B002B40F0C880DDF816
:1081B000289000264FF00A0B06960996DDE910017B
:1081C000FFF734FFDDE912A3CDE90D011946504652
:1081D0000F93FFF72BFF0A4603460D990B908B4236
:1081E0000E9B72EB03010F9B80F0C4802046294652
:1081F0000F92FFF71BFF0B9B002E14BF4FF00008E0
:1082000008F001080F9A0BFB10460BFB03F50D9BC2
:10821000F6B204461093554514BF002707F0010736
:108220000E9B0D46139211930B9B1293069B0133E9
:108230000693C3E7B01C48F1000100F05FF9049B0E
:1082400083428CBF00200120B9EB00006AF10002DC
:10825000CDE910024FF000084746A4E7CAF1000B31
:10826000584600F03DF9BAF1FF3F0CBF8146A0F13E
:108270000109ABEB090B0AEB09035846049300F024
:1082800035F916A9A0F17D0A584600F04FF912AB56
:10829000A9EB0A0A2046019310AB294616AA0093BF
:1082A0005346029702F037FBB9F1010F04460D4621
:1082B0000ED8089B13B94FF0010874E7109B4FF0DC
:1082C0000108119A013B42F1FF32CDE9103252E729
:1082D000B9F13E0FBED84FF0FF33A9F12000C9F12C
:1082E000200103FA09F203FA00F023FA01F103FA7C
:1082F00009F3024326EA03060A4328EA020856EA7B
:1083000008060CBF4FF001084FF0000833E700FBF0
:1083100002F60133A1FB001232448C4275EB0206D7
:10832000F5D2049A1344259A1344D20F9342B8BF4E
:1083300013460A9A9A42A8BF1A46914639E70A217B
:10834000002201230846E8E70BFB01FE0CF1010CBB
:10835000A0FB0B017144844275EB010EF4D2CC45B5
:108360000DDDB9F1000F02D154EA050107D0012358
:1083700009933BE70A2000214FF0010CEBE7002FA7
:1083800032D04FF00A0B50461946FFF74FFE0BFB59
:1083900000F20B9152450E9026D1002E14BF4FF0E3
:1083A000000808F00108DDE91001FFF73FFE8A46EA
:1083B0000D9029462046FFF739FE0D9A0E9B0BFBC8
:1083C00010460D4604461293F6B2CDE9102A0B9AD8
:1083D0009A460B9B1392069A01320692D3E700BF8E
:1083E000CDCCCCCCCCFBFFFFB8F1000F05D0052ED7
:1083F00003D104F001060436F6B2049B069A134436
:108400009846099B53B9DDE912239D4208BF944267
:1084100004D1089B002B49D1002F47D0042E94BFD4
:108420000026012630194FF00A024FF000034FF0EA
:10843000010745F100011446904271EB030537D264
:10844000F6B1B9451CDA0C9B6BB1259A08EB070312
:1084500013440A9A012BB8BF01239A42A8BF1A46B7
:10846000974291460CDD053008F1010807F1FF370E
:108470004FF00A024FF0000341F10001F8F7D2F982
:108480004F450FFA88F8059BA8BF4F464FF00009EB
:108490003FB2B84408F1FF3607F105089844B945E2
:1084A0000DDB059B079A1E601A71F0E50126B9E7FE
:1084B00004FB03F50137A2FB04232B44BCE70A228B
:1084C0000023F8F7AFF9303209F1010908F8012D5E
:1084D000E5E700BF014B5843800C70474134010071
:1084E000014B5843000D7047FB2E0B00024B5843C5
:1084F000C00C0130704700BF4F93120070B50346A7
:10850000094A00204FF0CC364FF0333506FB03F418
:1085100002FB0144A3FB023121449D4275EB01049F
:1085200001D30130F2E770BDCDCCCCCC1A232DE9BC
:10853000F04FB0FBF3FA334E03FB1A0389B0044645
:108540000D4606EB0A1653B9D6E90023C1E900230C
:10855000D6E90201C5E9020109B0BDE8F08F2A4A57
:1085600002EBC303D3E9008904AB404649460093BC
:10857000D6E9022302F086FA06AB83460F46404650
:1085800049460093D6E9002302F07CFA0023814695
:10859000DDE9066216EB0B0652EB070828BF012344
:1085A00033B1049B059A013342F10002CDE9043254
:1085B00020460391FFF79AFF07461A2000FB0AF0B6
:1085C000FFF794FF3F1A3246434648460399009707
:1085D00002F06FFA0D4A4FEA141C640004F01E0307
:1085E00052F82C40DC4004F003042418304641F1DA
:1085F0000001DDE90423C5E900414146009702F08E
:1086000058FAA7E768B8000098B70000DCBC000083
:108610002DE9F04F1A2700F11905DFF8E8A089B01D
:1086200004460E46B5FBF7F56F434FEA051B0AEB10
:1086300005153A1A0AD1D5E90023C1E90023D5E985
:108640000201C6E9020109B0BDE8F08F2B4B03EB34
:10865000C203D3E9008904AB404649460093D5E9FB
:10866000022302F00FFA5AF80B206B68013ACDE9A9
:10867000020106A963F1000340460091494602F059
:1086800001FA8A46029900238146DDE906526D18F7
:10869000039952EB010828BF012333B1049B059ACB
:1086A000013342F10002CDE904323846FFF71EFFE4
:1086B00007462046FFF71AFF3F1A2A464346484618
:1086C0005146009702F0F5F90D4A4FEA141C640078
:1086D00004F01E0352F82C40DC4004F00304013483
:1086E0002418284641F10001DDE90423C6E90041D0
:1086F0004146009702F0DDF9A3E700BF98B70000FC
:1087000030BD000038B9000010EE102AF0EE407ABB
:1087100008B532F000432DED028B06D10120BDECEF
:10872000028BBDE8084000F047B8002A05DABDEC2E
:10873000028BBDE8084000F04DB8B2F1FF4F04DBFA
:1087400030EE000ABDEC028B08BDB2F5000FBBBFD6
:108750009FED157A6FF01801002160EE077AB8BF1F
:1087600017EE902AD315C2F316027F3B0B44D90FA4
:1087700003EBD37307EE903AC1F17F0342EAC35390
:10878000B8EEE78A00EE103AF8F7CEF9DFED077A97
:1087900020EE270ADFED067A08EE270ADFED057ADC
:1087A00008EE270ACEE700BF0000004CD95BDE3E92
:1087B000DB27543580209A3EBFEE007A0028F7EE82
:1087C000007A9FED030A47FE877A87EE800A70479A
:1087D0000000000008B52DED028BB0EE408A02F0DB
:1087E00016FA20B138EE080ABDEC028B08BDDFEDA9
:1087F000027A87EEA70AF7E7000000007047836857
:1088000000EBC101B3F5004F2CBF51F8220031F845
:108810001200704700EBC1018068B0F5004F2CBF1B
:1088200041F8223021F812307047012208B5FFF7D5
:10883000E6FFD04008BD836800EBC101B3F5004FEF
:1088400008D34B681AB143F001034B60704723F023
:108850000103FAE74B881AB143F001034B807047DC
:1088600023F00103FAE753000122FFF7D3BF08B555
:108870008368B3F5004F06D3FFF7D7FF01288CBFFD
:108880000020012008BD0020FCE78368B3F5004FFD
:1088900028BF0139B1FA81F0C0F11F0070472DE9FE
:1088A000F04104460D46FFF7E2FFB8BB29462046DB
:1088B000FFF7BBFF01462046FFF7E7FF04EB80010F
:1088C0000E6996B90122E36882401343E3600222F5
:1088D0000D612B4629462046FFF79CFF03222946BF
:1088E0002046BDE8F041FFF795BF02223146204601
:1088F000FFF785FF0746034629462046FFF78AFF14
:108900000322334629462046FFF784FF39462B468B
:108910002046FFF77FFF02223146E1E7BDE8F08104
:10892000B2F5802F34BF042308232DE9F04100263F
:10893000D21A8C18CD1D25F0070524F00704641BFE
:10894000E408056021462846AC60EE60FFF79DFF15
:10895000820002F11B07FF083146043205F11000C6
:1089600001F09FFF3A4631462846FFF77CFF334629
:10897000324631462846FFF74DFFA4EB070828464C
:1089800031460122FFF757FF42463946FFF76BFF9A
:108990003B46324639462846FFF73CFF21462846EB
:1089A000FFF761FF4346324621462846FFF732FF74
:1089B000214628460122FFF73EFF3946BDE8F04137
:1089C000FFF76DBF2DE9F04706460D46174698465E
:1089D0002BB34FF0000A98F8004093F80190DB7831
:1089E000A40004EB430498F802301C444444CA45F4
:1089F00009D339463046AC46D8F8042008F10803BC
:108A0000BDE8F047604714F8013B0AF1010A20462F
:108A100048F82340F7F720FF01300444E7E76FF000
:108A20001500BDE8F08730B502460024002012F89A
:108A3000013B43B178B18C4207D1702B04D0A3F134
:108A400040053A2D07D8002030BDA3F140053A2D4E
:108A500001D80134EAE7252B08BF80F00100E6E7E2
:108A6000002070470FB407B504A951F8040B019119
:108A700000F07FFB03B05DF804EB04B0704710B565
:108A80000369024613F0080009D11368D4689C42B8
:108A90009BBF0120126AE31AD31A0B6010BD00239A
:108AA0001846FAE713B501A90446FFF7E8FF20B11D
:108AB000019BE268013B13440193206A019BC01AA9
:108AC000013802B010BD10B5044650182269236A5F
:108AD000D20702D5013B184010BD984228BFC01AEA
:108AE000FAE710B504460A46C168FFF7ECFF2369B0
:108AF000E06023F00803236110BD38B50D46C2695C
:108B00008B00016843F00203044642F821300168FB
:108B10002A46FFF7D8FFE3686168984208BF2369D7
:108B2000206008BF43F008032A46204608BF23619F
:108B3000FFF7C9FF606038BD2DE9F74F0F460021F0
:108B4000D0F80CB0C669009216F82B209A4602F0B5
:108B50000302022A14BF894656F82B2006EB8B032A
:108B60000193009B08BFC2F39D0919600446CAF82F
:108B70000010B9F1000F07D04946FFF7B2FFE368D4
:108B8000A3604FF0010804E001698A0705D44FF0A3
:108B90000008404603B0BDE8F08F816906EB8B000A
:108BA000884716F82B10054611F00108EFD08B0707
:108BB0001DD51FB139462046FFF79FFF61682A4641
:108BC0002046FFF780FFD4E902138B42606007D193
:108BD0002A462046FFF777FF4FF000080146A060C5
:108BE0002369216043F00803E1602361D1E7014676
:108BF0002046FFF776FFE168A1601FB12068E169B8
:108C000041F82090EA19CAF8002021682046FFF7B1
:108C10005AFF2269206042F00802226116F82B20D8
:108C200022F0010206F82B20DDE900321A60A8E7E5
:108C300070B504461546FFF746FF2368834205D109
:108C40002369216023F00803236170BDE269AB0052
:108C500043F0020342F8213061682A462046FFF7BC
:108C600032FF6060F1E738B5036904465B0706D55B
:108C7000456AFFF717FF85422CBF6562606238BD09
:108C800038B50D4604461C22002101F00AFE0022E0
:108C9000EB68A361AB6863612B68E3616B68626238
:108CA00023622A6923B1591E194208BF42F001020A
:108CB0002261012204F128000021BDE8384001F0C2
:108CC000FAB92DE9F04F00259846036A87B08B4228
:108CD00004460E469346AA460395059538D3EFF30E
:108CE0001189202383F31288BFF36F8F059A2AB16D
:108CF00029462046FFF79CFF0023059304A9204640
:108D0000FFF7BDFE04990746B1422AD32268E36902
:108D1000204613F8221003EB820A21F0030103F826
:108D2000221021683246FFF7CEFEE36820609842A9
:108D300012D0002789F31188BFF36F8F039929B1EF
:108D400062690AB12046904700230393002FC6D1E1
:108D5000504607B0BDE8F08F236943F00803236154
:108D6000E7E718B12046FFF7C8FEE3E75BEA080330
:108D70001CD0019101F0ABF90199B8B9B9F1000F1C
:108D800014D189F31188BFF36F8F5A46434604F11B
:108D90002800FCF7EDFDEFF31189202383F31288FF
:108DA000BFF36F8FB0FA80F77F09C3E7204605ABAA
:108DB00003AA2568FFF7C0FE0746BBE770B5044667
:108DC000836908460D4698470246EFF31186202333
:108DD00083F31288BFF36F8F2B78204643F0010393
:108DE0002B706168FFF76FFE60602046FFF73BFF66
:108DF00086F31188BFF36F8F70BD2DE9F8430446E9
:108E000000272026EFF3118586F31288BFF36F8FBA
:108E10002369A268190702D46368934200D2236AC7
:108E20009B1A002B42D0E06910F8221000EB820957
:108E300011F003033AD0022B04D150F822305FEA3C
:108E4000930805D1CB0720D44846A36998478046AC
:108E5000A16842462046FFF736FE0127A060414642
:108E60002046FFF73EFE3B4685F31188BFF36F8F28
:108E7000002BC7D137B1B9F1000F03D104F128009D
:108E8000FCF742FD4846BDE8F88341F0020100F8D6
:108E90002210A3694846D4F8088098474146024604
:108EA0002046FFF710FE0023A060DDE79946DBE7D0
:108EB000F8B50446836908460D4698470646EFF321
:108EC0001187202383F31288BFF36F8F2B7823F051
:108ED00001032B7023699B0705D5E268E36903EB67
:108EE00082039D421AD12B7823F002032B70D4E920
:108EF0000231994204D132462046FFF7E4FDA060DA
:108F000031462046FFF7EDFD87F31188BFF36F8FE1
:108F100004F12800BDE8F840FCF7F6BC2B6860F3CC
:108F20009F032B60F0E7EFF31181202383F3128876
:108F3000BFF36F8F02698368120702D442689A42B6
:108F400000D2026AD31A81F31188BFF36F8F181E03
:108F500018BF01207047038B13F0070306D1036885
:108F6000002B18BF032008BF00207047022B05D13B
:108F7000408BB0FA80F0400980007047012B04D18B
:108F80000368002B18BF0520EDE70020704710B5DF
:108F90000C4600B111B96FF0150010BD081D00F0AE
:108FA000ACF80028F9D1A368032BF6D9F3E72DE933
:108FB000F0410D4607461946281D90461E4600F012
:108FC000ADF8044638B13346424629463846A446F1
:108FD000BDE8F0416047BDE8F08110B4EFF31182C5
:108FE000202484F31288BFF36F8F41615DF8044B36
:108FF0000121F8F77FBB38B50C46054658B151B191
:109000000B6843B14B6833B11C22002101F049FCCD
:1090100000202C6138BD6FF01500FBE7F8B5044661
:109020000E46FFF7B4FF051E3BDBEFF31182202352
:1090300083F31288BFF36F8F4FF6FF71638B278B1B
:109040008B4207F007072ED0062F2FD8DFE807F056
:10905000182E082E180418006FF08505002303E071
:10906000013363830225012382F31188BFF36F8FDD
:10907000BBB100233A4631462046FFF798FF10E087
:1090800000233360636823B9C4E9006627B13D4615
:10909000E4E71E606660F9E702212046F8F72AFB44
:1090A0003D462846F8BD6FF00A05D7E76FF0040586
:1090B000D4E710B5EFF31182202383F31288BFF3B6
:1090C0006F8F048B04F00704022C0AD0012C0CBF14
:1090D0006FF004006FF0850082F31188BFF36F8F8B
:1090E00008E0438B013B9BB2438323B92146F8F749
:1090F00001FB204610BD2046EEE7034658B142680A
:1091000002F00302012A03D0032A04D1026812B13B
:109110000020986070476FF0150070474268034662
:1091200002F00302032A4FF00002816014BF1046D0
:1091300000685A607047704703785B075FBF036839
:109140004288C3F34A2303EB12105DBF173020F0AF
:1091500007008008002070470020704700F02CBBFB
:109160000346D3E8EF0F421CC3E8E12F0029F8D1F2
:1091700070471FB50023CDE902011A46194618466B
:10918000CDE90033F8F7C0FE05B05DF804FB01201F
:10919000F8F776BC002070474368DA710122436813
:1091A000196043685A71F8F75DBC70B515460C46F6
:1091B00069B1D2E901369B1B99420AD813680A4665
:1091C0000146981901F060FBAB682344AB60204670
:1091D00070BD6FF01B00FBE770B50E4615461946D3
:1091E000044618B9BDE87040F8F74ABC33B1C2F381
:1091F0004A231030120D184401F046FBC4E9005612
:109200002046BDE87040F8F7DFBD2DE9F3415F1C53
:109210004FEA8708064608F1170020F0070080088B
:109220000C461546F8F7A8FC00238DF80470ADF83D
:1092300005308DF8073068B10346019AA8F10401A2
:1092400043F8102F2A46294452F8045B8A4243F817
:10925000045FF9D100233146A20102F4E07242EA30
:10926000482222F07F4222F4700222F03F0202B034
:10927000BDE8F041FFF7B0BF07B50123019201AA95
:10928000FFF7C3FF03B05DF804FB07B5CDE900238A
:1092900002236A46FFF7B9FF03B05DF804FBF8B597
:1092A00006460D4614461F4604B9F8BD2146284619
:1092B0003A46B047241A0544F6E710B5426804461A
:1092C000D2E9002381680068FFF7E9FF00226368A4
:1092D0001A6010BD38B54B6805461A68CB680C4655
:1092E0009A4202D10846FFF7E8FF6368D3E8EF2F00
:1092F000511CC3E8E01F0028F8D1A36800209D544A
:1093000038BD0A2838B504460D4602D10D20FFF7B6
:10931000E1FF29462046FFF7DDFF002038BD2DE99B
:10932000F043054689B008460E8891F800900C4637
:10933000D1F808801746F8F739FE011EC6F38216E9
:10934000C9F3C2091FDB4846F8F750FD0346214622
:1093500051F8102B6088C2F34A22002A01EB020464
:1093600008BF00210022C0F30B10CDE90507CDE9AD
:10937000031428464146CDE900220296F8F742FE42
:1093800009B0BDE8F0830023E1E7436800201B68D3
:109390005B681961704743681B681A6852685360BC
:1093A000704701212DE9F04143681B685A68117527
:1093B0001D682F68D5E90136D3E900481CB96B68F0
:1093C0001C60BDE8F081214630464246B847241A69
:1093D0000644F3E743681B681868F8F747BF70B5A1
:1093E00043680C461D686B681869F8F725FB214631
:1093F00003460F222868BDE87040184701F051BAB3
:1094000001F042BA01460068F8F7C0BF08B5F9F7A5
:109410004DF8BDE80840F9F705BC0A460121FFF701
:109420002BBF00210120F8F7B1BF836E83F30B88B7
:109430007047F9F7A1BB61B662B680F31188BFF33C
:109440006F8F704772B6002383F31188BFF36F8F5D
:10945000BFF34F8F30BF62B6BFF36F8F704772B6E6
:10946000002383F31188BFF36F8FBFF34F8F20BFAB
:1094700080F31188BFF36F8F62B6704740E800F346
:1094800013F4803FD8B208BF6FF01500704730B5B5
:109490000C684B6885B00A894D890094013B24F023
:1094A0001F04234402F01F0242EA451223F01F0367
:1094B00069468DF808200393F9F784FC05B030BDA8
:1094C00008B5D1E904319847002008BD08B5F9F77F
:1094D0008DFE002008BD0A460121FFF7CDBE0C22FB
:1094E0000369C9B202FB0133D86D00F00700704771
:1094F00070B50346C9B20069EFF31186202484F3E6
:109500001288BFF36F8F0C2505FB0104E46D14F086
:10951000C00401D0A24211D1012205FB0100C265A5
:10952000002086F31188BFF36F8F30B90C225B687F
:1095300002FB01335B689847002070BD4FF0FF309D
:10954000EFE78022FFF7D4BFF8B5069F0546046910
:10955000C9B2EFF3118C202080F31288BFF36F8F14
:109560000C2606FB0146F06D00F0070EBEF1010F60
:1095700010D1F76500268CF31188BFF36F8F3EB9C9
:109580000C2041430C44C4E915236B685B58984791
:109590003046F8BD00F0C00087420CBF6FF0770680
:1095A0004FF0FF36E7E713B580240094FFF7CCFFB8
:1095B00002B010BD10B41C240069CBB204FB030040
:1095C00000215DF8044B1047022000F042B9022050
:1095D00000F04BB91046FCF797B900F05BB9FAF709
:1095E00077BF436800205B68DB680B6070474368A7
:1095F00002EA01005B6821EA0201586000209960DC
:109600007047436800205B685960704743680020DA
:109610005B689960704743685B681A6821EA0200DA
:109620001140586000209960704730B50369586850
:1096300000B30024884219D108688CB99C6858602E
:10964000A14200D19860002008602AB15A680A60DF
:109650009A68596002B9996000200FE02846E9E74E
:1096600020609868814208BF9C60ECE7056804466A
:10967000002DF3D1002AE9D16FF0150030BDFBF7C2
:10968000F3B930B543681360057A446804EBC50448
:10969000A34202D36FF0010030BD5C7908338C42E5
:1096A000F1D10020F8E743681B68D3F830317047E8
:1096B00043681B68D3F88004C3F88004704742688D
:1096C0001368D3F84C0150B10020926A12780A70E6
:1096D000C3F84C01D3F84C2101229A6270474FF035
:1096E000FF30704713B501AA0446FFF7CAFF0028F0
:1096F00005DB019B226819791868FAF7E9FB02B0CB
:1097000010BD38B5054600220121C620F9F7CAF977
:10971000C620F9F797F96C680121E068FFF7E2FFCE
:109720006B6819686369C1F82435E28BA38BA07E4E
:109730001343228C1343628C1343627E9BB2024319
:10974000207E02431343C1F86C3569680B68D3F877
:10975000002242F48022C3F800220822C3F8002528
:109760004A6A0121C3F83C270022C3F84027196543
:10977000D3F830110029FBD0C3F800256D68002113
:10978000E8682C68FFF7AEFF0823C4F800352A7A92
:1097900052B9AB6AC4F804370123C4F80837C4F8D7
:1097A0004C21D4F84C21A362002038BD08B502201A
:1097B000FAF754F9002008BD08B5FBF769FA08BDAF
:1097C00008B5FCF751FF48B1002383F31188BFF3BC
:1097D0006F8F0423184602DF6FF0040008BD0346B4
:1097E0000020184700F0A8BB024610B5116891B1DF
:1097F000B1FA81F3C3F11F000123834021EA03037F
:10980000D2E8EF4F8C4204D1C2E8EC3FBCF1000F2C
:10981000F6D1EBD110BD6FF00B00FBE710B503687C
:10982000CB40DB0710D401238B40026843EA0201DE
:10983000D0E8EF4F944204D1C0E8EC1FBCF1000F18
:10984000F6D1F2D1002010BD6FF01500FBE7FAF75A
:10985000CBBD012804D0022804D028B9FAF738BEBD
:10986000FAF7E8BEFAF77EBF7047012803D0022856
:1098700005D010B1704700F00FB800F00BB800F041
:109880000DB808B5FAF70CFFFAF762FEBDE808401C
:10989000FAF786BFFAF7F0BDFAF792BEFAF73ABFC9
:1098A000F7B51646DDE90847019001A81D46FAF70D
:1098B0008FFF019BB6F1000C18BF4FF0010C00EBBD
:1098C00083000B1E18BF0123002D43EA4C030CBF7D
:1098D0004FF0000C4FF00C0C002C43EA0C030CBFB3
:1098E0004FF0000C4FF4706C002F43EA0C030CBFD8
:1098F0004FF0000C4FF4403CD0F8802043EA0C03BA
:1099000022EA030301B109780EB1367876001943D3
:109910000DB12D78AD0031430CB1247824022943D8
:109920000FB13F783F040C433C43C0F8804003B084
:10993000F0BD1FB50DF10F03019300238DF80F103B
:109940001A4619460093FFF7ABFF05B05DF804FB1C
:1099500010B504460846FAF74BFF04EB4004207D9F
:10996000C0F3401010BD10B504460846FAF740FF9A
:1099700004EB4004207DC0F3400010BD10B5044648
:109980000846FAF735FF04EB4004A08A400B10BDEF
:1099900070B5044608461646FAF72AFF083034F830
:1099A00010300D46DA0509D5C3F3432304EBC30297
:1099B0003146284654F8333052689847A3682BB193
:1099C00031462846E268BDE87040184770BD10B5C2
:1099D00004460846FAF70CFF04EB4000838ADA05D8
:1099E0001DD5C3F3432123F4F853838204F11202FB
:1099F00004F1960032F8023F13F4807F03D0C3F3E2
:109A0000432399420BD08242F4D1002204EBC103DC
:109A10005A6004F19C00BDE81040FFF7FFBE10BD86
:109A2000F0B50446002001270546844695420AD138
:109A3000D4F8443133B10023C4F84431D4F844316C
:109A400040F40030F0BDEBB29B0003F580769B083C
:109A500007FA03F3194208D054F806E0BEF1000FEC
:109A600003D044F806C0A65918430135DEE738B5DF
:109A700004460D46FFF76CFFA8B12046FFF773FFC1
:109A800088B92046FFF77AFF012322688340C2F895
:109A90001833236803EB8000D0F8103523F003035C
:109AA000C0F8103538BD2846BDE838400021FFF722
:109AB00040BF2DE9F0431746044685B00846FAF743
:109AC00097FED7F800800E460546B8F1000F1ED06D
:109AD0002046FFF748FF18B12046FFF739FF20BBAB
:109AE00000230DF10F02CDE900338DF80E308DF813
:109AF0000F30304643460DF10E01FFF7D1FE04EB67
:109B00004502938A23F0020343F0010393827B68AA
:109B10009BB33146204693F80080D3F80490FFF7BA
:109B200022FF28B1B9F1000F1FD06FF0150027E018
:109B300004EB4500838A23F4604323F020038382EF
:109B4000B9F1000F11D0B8F1030FEED87B6821688E
:109B50005B6893F800C04FEA8C031944B8F1000F1A
:109B600011D1C1F81085C1F8108504EB4502938A24
:109B700023F01C0343EA88039382BB684BBB00209D
:109B800005B0BDE8F083D1F8102522F00302C1F83A
:109B9000102522681344D3F8102522F4473222F40A
:109BA0007C72C3F8102541F6F072D3F8101502EA62
:109BB000061242EA08420A43C3F8102504EB4C039C
:109BC000A3F8A060838A43EA4C3343F020038382E6
:109BD000CBE73146D3E900782046FFF7F8FE002FA7
:109BE000CDD063689F4206D004F19C00FFF7FCFDD6
:109BF000002804DAC4E7A3689845F5D1002004EBF7
:109C0000C003C3E9017804EB4505AB8AC0B243EA5F
:109C1000402343F48073AB82B1E7C0E9031270477D
:109C200070B504461546FFF793FE48B10846FAF7AB
:109C3000DFFD04EB40040020A38A5B0B2B7070BD9A
:109C40006FF01500FBE790F8B000003818BF012056
:109C50007047FAF705BE2DE9F34104461746FFF7B2
:109C600077FE0D462668F0B12046FFF77CFE804661
:109C7000C8B92046FFF782FE820002F5807346F8DD
:109C80000380F35823681344D3F8102542F00102EF
:109C9000C3F8102527B1012322688340C2F814338A
:109CA00002B0BDE8F081D6F8143328469B035CBFB0
:109CB0004FF40033C6F81433FAF79AFD04EB40046E
:109CC000A38AC3F38203042B11D0052B11D001A862
:109CD0000195FAF77DFD019BC168D94001F00101B2
:109CE0000231284602B0BDE8F041FFF722BE032151
:109CF000F7E70221F5E7FFF7BABE38B5057D044660
:109D0000BDB9C0E90255C5824260457569B14A7E58
:109D100042760A7B502A0FD84A7B502A0CD80B690E
:109D2000043B7A2B08D8FBF765F901230020237543
:109D300038BD6FF07700FBE76FF01500F8E738B536
:109D400004460068C0F30830F8F78AFE0022236852
:109D5000C3F80025637E4BB92368D3F84005D3F8D8
:109D60004455FBF7C9F92846FBF7C6F900232375CC
:109D700038BD70B5037D04460E461546002B36D01F
:109D8000437D032B36D0002937D0130435D4006827
:109D9000C0F30830F8F764FE637DA27D023B18BF74
:109DA000012323EA020304EB83018A68E2B92268F3
:109DB00004EB43038E601D826D00C2F86065C2F83B
:109DC0006455237D022B07D00223237501232268CB
:109DD000C2F800352268136000252068C0F30830FF
:109DE000F8F730FE284670BD6FF00F05F5E76FF00D
:109DF0007605F7E76FF00F05F4E76FF01505F1E76B
:109E0000427D012AD3B20BD0437D13B1437D022B97
:109E10000CD100230268C2F800354375002070475A
:109E200003224275026803755360F7E76FF00F0075
:109E300070471FB502680446D2F800312BB10023E9
:109E4000C2F80031D2F800310123D2F80411002900
:109E50006CD00021C2F80411D2F80421002B42D0AA
:109E6000A37DDA4302F0010204EB8201896811B993
:109E7000617D02292CD1607D002102280CBF0123C5
:109E800004EB8303E17516BF9868637599604FF022
:109E900001038DF80C100EBF02910290A2758DF88F
:109EA0000430636801A89847637D022B01D1012328
:109EB0006375237E53B101238DF80430002301A87C
:109EC00002938DF80C3023766368984704B010BD78
:109ED000E37D002BE8D18DF80430029301238DF847
:109EE0000C30E375DDE72268C2F80035A27D6375AA
:109EF00004EB820291688DF80C308DF8043021B1AA
:109F000093606368029101A89847A37DDB4303F047
:109F1000010304EB83039A682AB1029200229A603B
:109F2000636801A898470023A375C2E7002B97D167
:109F3000BFE7C9B2FBF774B908B1F9F7D1B97047F7
:109F400010B5436904463BB90020E26840425378AB
:109F500043F00103537010BD98470028F4D0002847
:109F6000B8BF4042FF28A8BFFF20E3681870ECE7A5
:109F700040B1C368587810F001001EBF1878B0FADD
:109F800080F040097047EFF31183202383F3128898
:109F9000BFF36F8FFEE710B542696AB1836842EA8A
:109FA0000301890708D10169A2FB011424B95B18D8
:109FB0002CBF0121002102D36FF0150005E0C16024
:109FC0009B1A02698A4201D8002010BDC268013183
:109FD0001A604269C3609B1AF3E72DE9F041054618
:109FE0000F46EFF31188202383F31288BFF36F8F9E
:109FF000C668FEB90468A0421CD0DCB1D4E90032C6
:10A0000013605A60237CC4E9006623F002032374C2
:10A01000A66004F1180000F08EF92046C4F88060B4
:10A02000676100F097F8414605F10800BDE8F0418E
:10A0300000F0EAB83E60AB69EF60013BAB6188F3CA
:10A040001188BFF36F8FBDE8F081202408B5EFF3CE
:10A05000118384F31288BFF36F8FFFF7F3F9F6E7EC
:10A06000D0E9003213605A600023027CC0E900335B
:10A0700022F00202027483607047C0E9022303FBEE
:10A0800002120023C0E90521C0E900000161C1619D
:10A09000036280F82430704713B501240094FBF765
:10A0A000A7FA02B010BD90F90E308B4201D0FBF739
:10A0B000F9BD002070473AB18A4205D3C0E90212C7
:10A0C000C0E90000002070476FF015007047EFF303
:10A0D0000580003818BF012070476FF057007047A7
:10A0E00000207047D0E9003213605A600023C0E9B5
:10A0F0000033704708B5FFF7F5FF037C23F0020338
:10A1000003740023836008BD38B504460D46FBF791
:10A1100025FD237C43F002032374D5B1A5602B6891
:10A120009D4209D16B68C4E900531C606C6010E06B
:10A130006A689A42F6D01B68002BF3D093F90E1090
:10A1400094F90E209142F3DD5A68C4E9003214609C
:10A150005C6038BD10B5EFF31184202383F31288BF
:10A16000BFF36F8FFBF7BAFC84F31188BFF36F8FD7
:10A1700010BD08B5EFF31181202282F31288BFF3DE
:10A180006F8F83680BB1FFF7B5FF81F31188BFF3C1
:10A190006F8F08BD08B5037C014613F0280F0CD162
:10A1A00083680BB1FFF7A6FF0B7C084623F004037E
:10A1B0000B74BDE80840FBF791BC08BD10B5EFF388
:10A1C0001184202383F31288BFF36F8F1838FFF7B1
:10A1D000E1FF84F31188BFF36F8F10BD08B503460C
:10A1E000EFF31181202282F31288BFF36F8F006892
:10A1F000834207D008B1FFF77DFF81F31188BFF3D9
:10A200006F8F08BD0020F8E70846FBF7DFBC70B58C
:10A2100006460D46FBF73AFEB5F1FF3F08BFB6F123
:10A22000FF3F04460CD047F6112000214FF47A7509
:10A2300047F612220023E4FB0501F6F7F3FA70BD9E
:10A240004FF0FF30FBE708B5C3171F3043F10003A1
:10A25000400940EAC360C117FBF718FE400108BD82
:10A2600038B50446EFF31185202383F31288BFF33A
:10A270006F8F037C5B070ED5183000F05CF8237CF1
:10A28000204623F004032374FBF728FC2846BDE88E
:10A290003840FBF79BBC85F31188BFF36F8F38BD47
:10A2A0002DE9F04706460F4691469A46EFF311888E
:10A2B000202383F31288BFF36F8F0068864206D095
:10A2C00028B1736898420CBF0025056868B900245E
:10A2D000B9F1000F02D051462046C84788F31188D3
:10A2E000BFF36F8F2046BDE8F0875146B84704465C
:10A2F0000028EDD135B17368AB4200D02C682846F8
:10A300002546E3E72C46FAE708B50246FBF71EFFB1
:10A3100070B1D0E904319B1A61EBE272B3F1004FE6
:10A3200072F1000104DA002AACBF1846002008BD13
:10A330006FF00040FBE7024638B5EFF311852023AC
:10A3400083F31288BFF36F8F0368D3B1FBF7FEFE70
:10A3500004461046FBF70CFF00224FF000438442F6
:10A36000C0E9042305D0002085F31188BFF36F8F67
:10A3700038BDFBF7F3FEFFF7C7FF0021F9F744FFF5
:10A38000F1E7D0E90413B3F1004F08BF012902BF80
:10A3900000204FF00041C2E904016FF01500E3E72F
:10A3A00008B5FBF7E9FF08BDFBF7E6BF0023C0E9EE
:10A3B000081200F11802C0E90622C0E90033036365
:10A3C00043637047704710B400F10C04C0E90344C4
:10A3D0005DF8044BFEF7A4BA10B5836A04461BB1BE
:10A3E00001212430FCF7DAF90020A06210BD38B555
:10A3F0000446FFF7F1FF237F012B0FD0023B012B17
:10A400000FD8236A012B14BF6FF0960500252C226C
:10A410000021204600F045FA284638BD236A002B6B
:10A42000F1E76FF09605F2E7FCF71CBA70470020E1
:10A430007047002070474FF0FF324FF0FF33FBF7BB
:10A44000A1B9FBF711BA0A2842DCC31C1FDA10F1CC
:10A45000400F45D010F13F0F2BDA10F1410F42D0E1
:10A4600010F1550F42D010F1490F14BF6FF0860064
:10A470006FF08400704709282DD8DFE800F0052C24
:10A480002C2F172C372C2C3A6FF098007047033084
:10A490000D2820D8DFE800F00A331F221F1F1F1FDE
:10A4A0001F1F071F1F076FF0940070476FF0850094
:10A4B000704710F1210F1FD00DDB10F1200F1ED0BF
:10A4C00010F1100F14BF6FF086006FF0940070470A
:10A4D00064380928CFD96FF0860070470020704794
:10A4E0006FF0840070476FF0890070476FF0930041
:10A4F00070476FF08C0070476FF0880070476FF006
:10A500009200704710B501380A44914200D110BD45
:10A5100010F8013F11F8014B63400370F5E7014467
:10A52000814200D1704711F8013D1A440A70120AA5
:10A53000F6E707B501A9FCF73DFA003818BF01207E
:10A5400003B05DF804FB30B589B0054618220C460F
:10A5500001A8002100F0A5F9012344EA052401A97E
:10A56000BA2007940593FCF7DFF9002818BF6FF0B5
:10A57000920009B030BDF7B5BA2001A9FCF71AFA6C
:10A58000044610B1002003B0F0BD019D2F0AEDB2CA
:10A59000AC4205D1BA20FCF7F3F90028F2D008E06C
:10A5A000E6193046FCF7ECF930B13046FFF7C1FF51
:10A5B00010B96FF09200E6E70134E9E708B5F8203A
:10A5C000FFF7B7FF18B9F920FFF7B3FF10B16FF02D
:10A5D000920008BDF820FCF7C5F90028F7D1F92052
:10A5E000FCF7C0F90028F4D0F1E710B50378044671
:10A5F0001BB1FCF701F900232370002010BD036894
:10A60000D868C0F300407047036803F58053586A68
:10A6100000F4A020003818BF012070470222036810
:10A620009A6070470368D868FCF760BD024608B5B9
:10A63000136803F580535B68C62B09D01046FFF7FB
:10A64000DEFF0028F4D11046BDE80840FFF7EABF5E
:10A650006FF0010008BD03685A5070470369986E97
:10A66000704710B50446FFF7F9FFC2684AB142F4DB
:10A6700020222046BDE81040002142F40062FFF78E
:10A68000EABF10BD10B50446FFF7EBFFBFF35F8FC5
:10A6900003222046BDE810400821FFF7DCBFC0F3CD
:10A6A0000B03482B4B6028BF482310F4003F8B60FE
:10A6B00008BF0023CB6010F4803308BFC1E9013329
:10A6C00000F47003B3F5700F14BF00238B680028EB
:10A6D0004FF0010C4FF008028B60B8BF0023C1E9B6
:10A6E00005C2B8BFC1E905337047F7B506460D4648
:10A6F000202D2F46A8BF202700216846FCF716FB17
:10A70000044670B93A4631466846FCF761FB10F1E1
:10A71000520F044608D0431CF4D06846FFF765FF8B
:10A7200034B1204603B0F0BD6846FFF75EFFE3E7B3
:10A73000EC1B3E44F5D02546DAE74FF0FF324FF0F0
:10A74000FF33FBF71FB8FBF78FB800F08DB807B5E4
:10A750004FF0FF334FF0FF32CDE90023002200F02D
:10A7600090F803B05DF804FB00F087B800F081B802
:10A77000FFF769BD10B58B4294BFC4184418A042BE
:10A7800000D110BD00F8012BF9E700231A4682B072
:10A7900001908B4201D102B070470198C25401333D
:10A7A000F7E72DE9F3470446DDE90A9815460E461A
:10A7B00059B302F0010AFBF7A5FB0746EFF311813D
:10A7C000202383F31288BFF36F8FA80744BF0023B1
:10A7D000A360A36803EA0600BAF1000F0CD086421A
:10A7E0000CD16A0744BF8343A36081F31188BFF390
:10A7F0006F8F02B0BDE8F0870028F2D159EA080354
:10A8000005D181F31188BFF36F8F0020F1E7C7E90D
:10A8100018652246CDE9009804F10C00FBF720FAF8
:10A820000028F2D1386EE4E710B50B680446D0E991
:10A83000180212F0010F03EA000301D0984211D16F
:10A8400083B12366520748BF4A6804F1180044BF29
:10A850001A434A60FFF76FFD00232046C4F880309A
:10A86000FFF798FC002010BD0023C0E900008360C2
:10A8700070474FF0FF32FCF757BE0A460021FCF745
:10A8800053BE5200FFF78DBF0A44431E914200D1D0
:10A89000704710B511F8014B914203F8014FF9D1FF
:10A8A00010BD02440346934200D1704703F8011BD8
:10A8B000F9E70246014410B58A42134603D01C78DA
:10A8C0000132002CF8D1181A10BD2DE9F843C3F15C
:10A8D00037090746884603F01F055FFA89F91646CF
:10A8E000384641462A460023F5F79CFF4346D4B23A
:10A8F0003A4688460746092C84BF4C44E4B2AA4233
:10A900004FF0000204F13004934106F8014BE7D206
:10A910003046BDE8F8832DE9F04F051889B0904620
:10A9200041EB0104029304AB284621460093D2E98F
:10A93000002300F0A7F806AB0746894628462146C3
:10A9400000930025D8E9022300F09CF8DDE90423F8
:10A95000841851EB0306069B28BF0125D8E9001295
:10A96000ED18079B43F10003791849EB0202B94245
:10A9700072EB0902D8E9022134BF01200020A2189D
:10A9800046EB01018018029A41F10001A042A2F1B8
:10A99000410A71EB0602CDF800A034BF012200226B
:10A9A0005219CDE9065343F1000300F082F8129BDF
:10A9B000C3E90001D8E90221DDE9065303911499A6
:10A9C0000129D8E900E027D1A21A0399CDF800A007
:10A9D00066EB0101774579EB000034BF01200020D0
:10A9E000101A61F10001844276EB010234BF0122AA
:10A9F0000022AA1A63F1000300F05BF8139BC3E97D
:10AA00000001DDE9062320463146CDF800A000F024
:10AA100050F809B0BDE8F08F17EB070B49EB090CB4
:10AA200014EB040846EB0601BB457CEB090934BF77
:10AA30000127002718EB070741F10008F3457CEBDD
:10AA4000000C34BF01200020381A68F10001801A80
:10AA5000039A61EB02016D195B41A74278EB060294
:10AA600034BF01220022AD1843F10003874278EB86
:10AA7000010834BF01220022AA1A029DA5F1400557
:10AA80000095B7E7F0B500240D4606469446A0FBB6
:10AA900002012246059FE5FB0C12A446E5FB0324B8
:10AAA000E3FB061C12EB0C0244F10004C7E900248E
:10AAB000F0BDF0B5059CC4F14007C4F12006A4F137
:10AAC0002005E04002FA06F6BB4022FA05F5BA403E
:10AAD0003343C4F120062B4301FA06F6A4F1200506
:10AAE000304321FA05F5E140284319431043F0BDF6
:10AAF0002DE9F0410446CE0FC1F30A55C1F313010D
:10AB000040F2FF70167154EA01076BD1002D71D12C
:10AB10002C462946002B156060DB0C2B60DCC3F152
:10AB20000D050120AD0005F1FF3CA5F12107C5F1A0
:10AB3000210600FA07F720FA06F600FA0CF0374370
:10AB4000061847EB0708D6F1000E68EB480C013EEB
:10AB500048F1FF38264008EA0108B04277EB0808C0
:10AB600010DBC5F12008B5F1200624FA05F501FA3D
:10AB700008F858BF41FA06F645EA080558BF3543BC
:10AB8000ED0703D52018044641EB070104EA0E0443
:10AB900001EA0C019DF8186018460D250532C6F132
:10ABA000270604F00F03240944EA0174091163B96C
:10ABB000A8420DDA013DF4D21AE01DB90125A5F233
:10ABC000FF35A7E741F48011F9E7092BC8BF9B19AE
:10ABD0003033A8425355B8BF2846EBE70023D9E7E6
:10ABE0000D23D7E78542E8D146F00806002016710C
:10ABF000BDE8F0818542E5D146F00406F6E7D1E9EB
:10AC0000043293421EBF5A1C0A611870704710EE3E
:10AC1000103A23F00040B0F1FF4F94BF0020012014
:10AC200070470000445CFF7F0100000039320000E3
:10AC3000000000005941000000000000000000007A
:10AC4000BCAC00006D5500000000000085650000F0
:10AC5000000000000000000010AD00000000000037
:10AC6000D8AC000000000000F4AC000000000000C0
:10AC70002CAD00000000000048AD0000553B000076
:10AC800000000000AD970000000000003D1900002A
:10AC9000000000001532000000000000C197000015
:10ACA000000000000000000064AD0000212300004F
:10ACB00000000000A94200000000000042C800009F
:10ACC0003CBB0000B4B6000076030020DC0C002082
:10ACD000953800000000000072C8000080BB000032
:10ACE00090B6000078030020580D0020653D00005C
:10ACF000000000007EC8000094BB000090B6000079
:10AD00007A030020640D0020653D00000000000073
:10AD100089C80000A8BB000090B600007C0300209A
:10AD2000700D0020653D00000000000094C8000088
:10AD3000BCBB000090B600007E0300207C0D00200C
:10AD4000653D0000000000009FC80000E0BB00005F
:10AD5000D0B6000080030020880D0020039700007B
:10AD6000000000001FC80000DCBA000024BB000087
:10AD700074030020780200207533000000000000FA
:10AD80000000000023940000000000002394000055
:10AD90000000000023940000000000002394000045
:10ADA0000000000023940000000000002394000035
:10ADB0000000000023940000000000002394000025
:10ADC0000000000023940000000000002394000015
:10ADD0000000000023940000000000002394000005
:10ADE00000000000239400000000000023940000F5
:10ADF00000000000239400000000000023940000E5
:10AE000000000000239400000000000023940000D4
:10AE100000000000239400000000000023940000C4
:10AE200000000000239400000000000023940000B4
:10AE300000000000239400000000000023940000A4
:10AE40000000000023940000000000002394000094
:10AE50000000000023940000000000002394000084
:10AE60000000000023940000000000002394000074
:10AE70000000000023940000000000002394000064
:10AE80000000000023940000000000002394000054
:10AE90000000000023940000000000002394000044
:10AEA0000000000023940000000000002394000034
:10AEB0000000000023940000000000002394000024
:10AEC0000000000023940000000000002394000014
:10AED0000000000023940000000000002394000004
:10AEE00000000000239400000000000023940000F4
:10AEF00000000000239400000000000023940000E4
:10AF000000000000239400000000000023940000D3
:10AF100000000000239400000000000023940000C3
:10AF200000000000239400000000000023940000B3
:10AF300000000000239400000000000023940000A3
:10AF40000000000023940000000000002394000093
:10AF50000000000023940000000000002394000083
:10AF60000000000023940000000000002394000073
:10AF70000000000023940000000000002394000063
:10AF80000000000023940000000000002394000053
:10AF90000000000023940000000000002394000043
:10AFA0000000000023940000000000002394000033
:10AFB0000000000023940000000000002394000023
:10AFC0000000000023940000000000002394000013
:10AFD0000000000023940000000000002394000003
:10AFE00000000000239400000000000023940000F3
:10AFF00000000000239400000000000023940000E3
:10B0000000000000239400000000000023940000D2
:10B0100000000000239400000000000023940000C2
:10B0200000000000239400000000000023940000B2
:10B0300000000000239400000000000023940000A2
:10B04000000000002394000000000000196F0000C1
:10B050000000000023940000000000002394000082
:10B060000000000023940000000000002394000072
:10B070000000000023940000000000002394000062
:10B080000000000023940000000000002394000052
:10B090000000000023940000000000002394000042
:10B0A0000000000023940000000000002394000032
:10B0B0000000000023940000000000002394000022
:10B0C0000000000023940000000000002394000012
:10B0D0000000000023940000000000002394000002
:10B0E00000000000239400000000000023940000F2
:10B0F00000000000239400000000000023940000E2
:10B1000000000000239400000000000023940000D1
:10B1100000000000239400000000000023940000C1
:10B1200000000000239400000000000023940000B1
:10B1300000000000239400000000000023940000A1
:10B140000000000023940000000000002394000091
:10B150000000000023940000000000002394000081
:10B160000000000023940000000000002394000071
:10B170000000000023940000000000002394000061
:10B180000000000023940000000000002394000051
:10B190000000000023940000000000002394000041
:10B1A0000000000023940000000000002394000031
:10B1B0000000000023940000000000002394000021
:10B1C0000000000023940000000000002394000011
:10B1D0000000000023940000000000002394000001
:10B1E00000000000239400000000000023940000F1
:10B1F00000000000239400000000000023940000E1
:10B2000000000000239400000000000023940000D0
:10B2100000000000239400000000000023940000C0
:10B2200000000000239400000000000023940000B0
:10B2300000000000239400000000000023940000A0
:10B240000000000023940000000000002394000090
:10B250000000000023940000000000002394000080
:10B260000000000023940000000000002394000070
:10B270000000000023940000000000002394000060
:10B280000000000023940000000000002394000050
:10B290000000000023940000000000002394000040
:10B2A0000000000023940000000000002394000030
:10B2B0000000000023940000000000002394000020
:10B2C0000000000023940000000000002394000010
:10B2D0000000000023940000000000002394000000
:10B2E00000000000239400000000000023940000F0
:10B2F00000000000239400000000000023940000E0
:10B3000000000000239400000000000023940000CF
:10B3100000000000239400000000000023940000BF
:10B3200000000000239400000000000023940000AF
:10B33000000000002394000000000000239400009F
:10B34000000000002394000000000000239400008F
:10B35000000000002394000000000000239400007F
:10B36000000000002394000000000000239400006F
:10B37000000000002394000000000000239400005F
:10B38000000000002394000000000000239400004F
:10B39000000000002394000000000000239400003F
:10B3A000000000002394000000000000239400002F
:10B3B00048AD0000A79600000000000023940000A4
:10B3C000000000002394000000000000239400000F
:10B3D00000000000239400000000000023940000FF
:10B3E00000000000239400000000000023940000EF
:10B3F00000000000239400000000000023940000DF
:10B4000078020020339E000000000000239400001A
:10B4100000000000239400000000000023940000BE
:10B4200000000000239400000000000023940000AE
:10B43000000000002394000000000000239400009E
:10B44000000000002394000000000000239400008E
:10B450000000000023940000C40100207F9600003B
:10B46000000000002394000000000000239400006E
:10B47000000000002394000000000000239400005E
:10B48000000000002394000000000000239400004E
:10B49000000000002394000000000000239400003E
:10B4A000454F0000DF9700000000000023940000DB
:10B4B000000000002394000000000000239400001E
:10B4C000000000002394000000000000239400000E
:10B4D00000000000239400000000000023940000FE
:10B4E00000000000239400000000000023940000EE
:10B4F00000000000239400000000000023940000DE
:10B5000000000000239400000000000023940000CD
:10B5100000000000239400000000000023940000BD
:10B5200000000000239400000000000023940000AD
:10B53000000000002394000000000000239400009D
:10B54000000000002394000000000000239400008D
:10B55000000000002394000000000000239400007D
:10B56000000000002394000000000000239400006D
:10B57000000000002394000000000000239400005D
:10B58000000000002394000000000000239400004D
:10B59000000000002394000000000000239400003D
:10B5A000000000002394000000000000239400002D
:10B5B000000000002394000000000000239400001D
:10B5C000000000002394000000000000239400000D
:10B5D00000000000239400000000000023940000FD
:10B5E0000000000023940000100100207F9600005E
:10B5F00083980000DF970000000000002394000003
:10B6000000000000239400000000000023940000CC
:10B6100000000000239400000000000023940000BC
:10B6200000000000239400000000000023940000AC
:10B63000000000002394000000000000239400009C
:10B64000000000002394000000000000239400008C
:10B65000000000002394000000000000239400007C
:10B66000000000002394000000000000239400006C
:10B67000000000002394000000000000239400005C
:10B68000000000002394000000000000239400004C
:10B69000A53B0000E3950000EF9500000396000035
:10B6A0000D96000017960000AD3D00002B9600009F
:10B6B00000000000F538000043950000A795000049
:10B6C00000000000DF940000000000000000000007
:10B6D000BF96000059400000B196000037C8000036
:10B6E00003000000E1BF00000300000064C8000088
:10B6F00003000000C4C900000300000029C80000C6
:10B700000300000005C000000300000009C00000A5
:10B71000030000000AC1000003000000DDC50000B6
:10B7200003000000C1C900000300000036BF000094
:10B73000030000005FC6000003000000F2BF00002D
:10B7400003000000AAC80000030000008CBA00003B
:0CB75000F8000020F9C00000010000001B
:10B76000803E000010004001C003002000A01050E7
:10B7700000820D500004055000860D5000000000AE
:10B780000338FDD8704700000000000000000000F2
:10B790000338FDD8704700000100000000000000E1
:10B7A000050000000000000019000000000000007B
:10B7B0007D00000000000000710200000000000099
:10B7C000350C000000000000093D000000000000F2
:10B7D0002D31010000000000E1F50500000000002F
:10B7E00065CD1D0000000000F9029500000000007A
:10B7F000DD0EE90200000000514A8D0E000000003D
:10B800009573C24800000000E941CC6B01000000C4
:10B810008D49FD1A07000000C16FF2862300000069
:10B82000C52EBCA2B1000000D9E9AC2D7803000000
:10B830003D9160E45811000031D6E275BC5600001D
:10B84000F52E6E4DAEB10100C9EA26836778080077
:10B85000ED95C28F055A2A00A1EDCCCE1BC2D300B4
:10B8600025A4000A8BCA220400000000000000008A
:10B8700000000000000000100000000000000000B8
:10B88000B9340332B7F4AD1410DB1AB30892540E76
:10B890000D307D951447BA1A66088F4D26ADC66DDA
:10B8A000F598BF85E2B74511CA96853D92BD1DEB5F
:10B8B000FCA11860DCEF52163C92AE220BB8C1B46A
:10B8C000839D2D5B0562DA1C304C7E8F4E8BB25B04
:10B8D00016F4529F8B56A512FBD4827643ED8AF064
:10B8E0008FE7F9311565191850F19BD94A13EEB459
:10B8F000284CF0A686C1251F035FC270CB9E491657
:10B90000E642889C44EB2014B0650836AD6EA585F0
:10B9100085F0CA14E2FD031A0B899979D5B13D0966
:10B92000D8DA973A35EBCF10AC363F5E73BB38CFE1
:10B930003E6752FA44AFBA15010000000000000053
:10B940000000000000000020345065C05FC9A6520E
:10B95000BB13CBAEC440C21806C8DF7100D5A87CAB
:10B96000F56F0FDA58FC27136E4756357D24206596
:10B9700002C7E768E48CA41DE9E60268D7CD396107
:10B980007977FCC2405BEF16798CDE43FFA751F953
:10B9900091F3B278F5BDBE11E857E9D6E8BEE87B71
:10B9A000B054AC8F848D751BEA23A499E9F9D38B2D
:10B9B000B7A3714061DA3E15CEE33ECB73F9480878
:10B9C0008C97B427D51B7010A2BFEFB9EB85321549
:10B9D0004DB44DB49BBB6F1996B6076CF8E7EEAD4E
:10B9E00036D9B4F59135AE13222218AF4E6A684DA0
:10B9F00091DAAA3D4F40741E9FBD9EE006A1C098FB
:10BA000057C2A7FDA40E90170E7D497173E3208FD6
:10BA1000B220D87605143B12853D7434811343B0AF
:10BA2000AD297A5F27F4351C2005002000010000B5
:10BA30008F91000039910000020000001F93000068
:10BA400000000000000000000000000000000000F6
:10BA5000D9C00000E1C000000000000000000000AC
:10BA600000000000E9C00000EDC00000F1C00000CF
:10BA7000F5C000007CBA00005C0C0020F122000040
:10BA8000740C00206211002001000000DF93000010
:10BA9000D5930000A39300009793000000000000DE
:10BAA0008B930000000000006000002000000000F8
:10BAB0000600010002000000BCBA00000000000007
:10BAC00050C6000006000000E0CF1F00000000206C
:10BAD00058C6000021000000E0FB0720CD36000022
:10BAE00001000000000000000000000028280700FE
:10BAF00004000000020000000001010008BB00007B
:10BB0000000000000000000000000D5014BB000009
:10BB1000010000001CBB0000020000002400001413
:10BB200025000015E9330000D13500000533000081
:10BB3000513800002138000000000000A539000045
:10BB4000253900004FC80000DF950000DB9500009C
:10BB500055C80000C9950000CF9500005BC80000E3
:10BB6000D8AC000010AD00002CAD0000F4AC00001B
:10BB700000A0105000820D500004055000860D50AA
:10BB8000FF03000000A01050100100200000000082
:10BB900000000000FF1F000000860D50C4010020BF
:10BBA0000000000003000000FFFFFFFF00820D50B7
:10BBB000C40100200000000001000000FF07000099
:10BBC000000405500000000000000000020000001A
:10BBD00000A0105000820D500004055000860D504A
:10BBE00000600C5000000000000000000CBC0000D1
:10BBF00000C201000000D60100000000000000406B
:10BC000000100000651100206411002000600C503D
:10BC100018BC00000100000020BC0000040000006F
:10BC2000300000003200000231060001330600033C
:10BC300000A0105000820D500004055000860D50E9
:10BC4000080000000A0000000400000001000000DD
:10BC500000A0105000820D500004055000860D50C9
:10BC600072C9000080C9000094C90000A3C9000087
:10BC7000AFC900002CAC00003CAC000084AC00005C
:10BC80008CAC0000ACAC0000BCAC0000A3A8000071
:10BC90000001010000020200001400000028000062
:10BCA000004000000100000002000000B0BC0000E5
:10BCB0000000000000000000000000000000000084
:10BCC00000000000C8BC00000F00000000000000E1
:10BCD000000000000600000000000000000000005E
:10BCE0000000000000000000000000000000004014
:10BCF00095596959555554551555555604051541CD
:10BD000010545540455155444045504450555545B3
:10BD10000040004040044496655556554540455402
:10BD2000514115405591555555554051050100005B
:10BD300054455454455505040010041014044000A3
:10BD40000000014055551541540400004400010015
:10BD500000000040410000445044455054005555F7
:10BD600054556551004000400100000100050100EC
:10BD700011545151545555050015415000000440CF
:10BD8000100104050000000023000A3D3D3D206D28
:10BD900069635F636865636B3A2050444D323020BD
:10BDA000434C4B3D50312E3034204441543D5031B2
:10BDB0002E30352053454C3D474E442C2031362003
:10BDC0006B487A206D6F6E6F202863616E616C2006
:10BDD000657371756572646F29203D3D3D0A0045AC
:10BDE00052524F3A2070646D3230206E616F206580
:10BDF0007374612070726F6E746F0A004552524FF7
:10BE00003A20646D69635F636F6E6669677572651A
:10BE10002066616C686F7520282564290A004552E8
:10BE2000524F3A20646D69635F7472696767657227
:10BE30002053544152542066616C686F7520282548
:10BE400064290A0050444D20726F64616E646F2E45
:10BE50002046616C6520706572746F20646F206D80
:10BE60006963726F666F6E6520652076656A612012
:10BE7000612062617272612073756269722E0A0AB2
:10BE8000004552524F3A20646D69635F7265616488
:10BE90002066616C686F7520282564293A206F2020
:10BEA00050444D206E616F206573746120656E741F
:10BEB000726567616E646F20626C6F636F730A00F6
:10BEC0005B2535755D20726D733D25356420706985
:10BED000636F3D2535642064633D25366420007C16
:10BEE000007C2025346420644246530020203C2DF1
:10BEF0002D20414D4F535452415320544F444153F0
:10BF00002049475541495320282564293A20736523
:10BF10006D206461646F20646F206D69633A2063F3
:10BF20006F6E66697261204441542C2053454C2049
:10BF30006520564444006F735F6865617000287522
:10BF40006E7369676E6564292063686172202A20B8
:10BF50007573656420666F72202525702061726795
:10BF6000756D656E742E2049742773207265636F3A
:10BF70006D6D656E64656420746F206361737420F9
:10BF8000697420746F20766F6964202A206265636B
:10BF900061757365206974206D61792063617573C3
:10BFA00065206D69736265686176696F7220696E7C
:10BFB000206365727461696E20636F6E6669677570
:10BFC000726174696F6E732E20537472696E673A72
:10BFD0002225732220617267756D656E743A25643F
:10BFE0000063627072696E74665F7061636B616733
:10BFF00065007379735F6765746F7074006C6F6749
:10C0000067696E67006C6F67006C6F675F6D676D67
:10C0100074004D657373616765202822257322299A
:10C020002064726F7070656420626563617573650A
:10C0300020697420657863656564732073697A6527
:10C04000206C696D69746174696F6E20282575298B
:10C05000004D6573736167652064726F707065640D
:10C060002062656361757365206974206578636516
:10C070006564732073697A65206C696D6974617495
:10C08000696F6E2028257529000D0A001B5B306D35
:10C0900000257320005B2530386C755D20005B2522
:10C0A0003032753A253032753A253032752E2530CA
:10C0B00033752C253033755D20002573003C2573C6
:10C0C0003E200025732F0025733A2000253032785A
:10C0D0002000202020002563001B5B313B33316DA5
:10C0E000001B5B313B33336D006572720077726EFB
:10C0F00000696E6600646267006C6F675F6261630F
:10C100006B656E645F75617274006C6F675F7561FB
:10C110007274002A2A2A20426F6F74696E67206E3B
:10C12000524620436F6E6E6563742053444B2076F5
:10C13000332E342E302D39393535333035353630D0
:10C140003762202A2A2A0A002A2A2A205573696E71
:10C1500067205A6570687972204F532076342E34E8
:10C160002E302D62663830316534653364313920C4
:10C170002A2A2A0A0072302F61313A20203078258D
:10C18000303878202072312F61323A2020307825E3
:10C19000303878202072322F61333A2020307825D1
:10C1A0003038780072332F61343A202030782530CF
:10C1B0003878207231322F69703A2020307825305B
:10C1C0003878207231342F6C723A20203078253044
:10C1D00038780020787073723A2020307825303813
:10C1E0007800735B2532645D3A2020307825303842
:10C1F000782020735B2532645D3A2020307825302A
:10C2000038782020735B2532645D3A202030782511
:10C210003038782020735B2532645D3A20203078F6
:10C22000253038780066707363723A2020307825A4
:10C23000303878004661756C74696E6720696E737A
:10C240007472756374696F6E206164647265737370
:10C2500020287231352F7063293A20307825303804
:10C260007800556E68616E646C6564204952516E49
:10C270003A202564002A2A2A2A2A20555341474574
:10C28000204641554C54202A2A2A2A2A002020449C
:10C2900069766973696F6E206279207A65726F00C2
:10C2A0002020556E616C69676E6564206D656D6FE9
:10C2B0007279206163636573730020205374616336
:10C2C0006B206F766572666C6F772028636F6E7473
:10C2D0006578742061726561206E6F742076616C80
:10C2E0006964290020204E6F20636F70726F636550
:10C2F00073736F7220696E737472756374696F6E95
:10C3000073002020496C6C6567616C206C6F616400
:10C31000206F66204558435F52455455524E206960
:10C320006E746F205043002020496C6C6567616C0F
:10C3300020757365206F66207468652045505352E0
:10C34000002020417474656D707420746F206578CE
:10C35000656375746520756E646566696E656420D5
:10C36000696E737472756374696F6E002A2A2A2A63
:10C370002A204D5055204641554C54202A2A2A2A1D
:10C380002A002020537461636B696E6720657272A6
:10C390006F722028636F6E746578742061726561B6
:10C3A000206D69676874206265206E6F7420766105
:10C3B0006C696429002020556E737461636B696E2B
:10C3C00067206572726F72002020446174612041A1
:10C3D00063636573732056696F6C6174696F6E0077
:10C3E00020204D4D46415220416464726573733A7A
:10C3F0002030782578002020496E7374727563743C
:10C40000696F6E204163636573732056696F6C6159
:10C4100074696F6E002020466C6F6174696E672DC1
:10C42000706F696E74206C617A79207374617465C1
:10C4300020707265736572766174696F6E206572C3
:10C44000726F72002A2A2A2A2A2042555320464116
:10C45000554C54202A2A2A2A2A002020537461632A
:10C460006B696E67206572726F7200202050726572
:10C4700063697365206461746120627573206572FD
:10C48000726F7200202042464152204164647265FE
:10C4900073733A2030782578002020496D707265DA
:10C4A00063697365206461746120627573206572CD
:10C4B000726F72002020496E737472756374696FB5
:10C4C0006E20627573206572726F720052657365BB
:10C4D0007276656420457863657074696F6E202894
:10C4E0000053707572696F757320696E746572722E
:10C4F00075707420284952512000535053454C20E8
:10C50000696E20746872656164206D6F6465206473
:10C510006F6573206E6F7420696E64696361746502
:10C5200020505350002A2A2A2A2A204841524420C7
:10C530004641554C54202A2A2A2A2A002020427596
:10C5400073206661756C74206F6E20766563746FFE
:10C5500072207461626C6520726561640020204401
:10C5600065627567206576656E740020204661758A
:10C570006C7420657363616C6174696F6E202873DD
:10C5800065652062656C6F772900415243485F45BD
:10C590005843455054207769746820726561736F01
:10C5A0006E2025780A002A2A2A2A2A2044656275E4
:10C5B00067206D6F6E69746F722065786365707443
:10C5C000696F6E202A2A2A2A2A002A2A2A2A2A2041
:10C5D000257320256429202A2A2A2A2A006D7075AD
:10C5E000004661696C656420746F20616C6C6F63D8
:10C5F000617465206E6577204D50552072656769BE
:10C600006F6E2025750A00506172746974696F6ECF
:10C610002025753A20636F686572656E63652063D7
:10C620006865636B206661696C65642E00496E768F
:10C63000616C696420756E6465726C79696E6720DF
:10C64000726567696F6E20696E6465782025750074
:10C65000464C4153485F30005352414D5F300073A8
:10C660006F6300446576696365206973206E6F743B
:10C6700020636F6E666967757265640043616E6EF4
:10C680006F7420636F6E6669677572652064657686
:10C69000696365207768696C652069742069732017
:10C6A000616374697665005265717565737465645C
:10C6B00020636F6E66696775726174696F6E206959
:10C6C00073206E6F7420737570706F727465640080
:10C6D0004F6E6C792031362D6269742073616D70F4
:10C6E0006C65732061726520737570706F7274650C
:10C6F000640043616E6E6F742066696E64207375AA
:10C70000697461626C652050444D20636C6F636B8B
:10C7100020636F6E66696775726174696F6E2E0053
:10C720004661696C656420746F20696E6974696123
:10C730006C697A652050444D3A2025640046616951
:10C740006C656420746F2073746172742050444D62
:10C750003A202564004661696C656420746F20721C
:10C76000656C6561736520636C6F636B3A2025644B
:10C77000004661696C656420746F2072657175652F
:10C78000737420636C6F636B3A20256400496E7686
:10C79000616C696420636F6D6D616E643A2025641D
:10C7A000004661696C656420746F20616C6C6F6316
:10C7B000617465206275666665723A20256400556D
:10C7C0006E61626C6520746F20707574206D656D8C
:10C7D00020736C616220696E207175657565004615
:10C7E00061696C656420746F20736574206275667E
:10C7F0006665723A202564004E6F20627566666534
:10C80000727320746F2066726565004E6F20726FC0
:10C810006F6D20696E2052582071756575650070C6
:10C82000646D40643030303000646D69635F6E72F7
:10C8300066785F70646D0063616368655F6E7266E1
:10C840007800636C6F636B40313065303030006866
:10C8500066636C6B006C66636C6B006866636C6B24
:10C8600032346D00636C6F636B5F636F6E74726FF5
:10C870006C006770696F4031306130303000677034
:10C88000696F406438363030006770696F406438D3
:10C89000323030006770696F4035303430300075A9
:10C8A00061727440633630303000756172745F6E4F
:10C8B0007266785F7561727465002A2A2A20557342
:10C8C000696E672045646765204149204164642D95
:10C8D0006F6E2076322E332E302D31633234663334
:10C8E000613934616339202A2A2A0A0048616C744C
:10C8F000696E672073797374656D00556E6B6E6F2A
:10C90000776E206572726F7200756E6B6E6F776EE8
:10C91000003E3E3E205A455048595220464154411F
:10C920004C204552524F522025643A202573206FE7
:10C930006E20435055202564004661756C74206458
:10C940007572696E6720696E746572727570742095
:10C9500068616E646C696E670A0043757272656E19
:10C9600074207468726561643A20257020282573EC
:10C97000290043505520657863657074696F6E00B7
:10C98000556E68616E646C656420696E7465727260
:10C9900075707400537461636B206F766572666C9A
:10C9A0006F77004B65726E656C206F6F7073004B14
:10C9B00065726E656C2070616E6963006D61696E91
:10C9C000006F730063726163656E006E616E0028B4
:10C9D0006E756C6C2900206D6573736167657320DB
:10C9E00064726F70706564202D2D2D0D0A1B5B30F5
:10C9F0006D001B5B313B33316D2D2D2D200000016F
:10CA00000405020608090F000A2A35424242424242
:10CA1000424242424242420001020330003201409F
:10CA200002500360049605C00600000000000000EC
:10CA3000670000000000000000000000000000008F
:10CA400000000000000000000000000000000000E6
:10CA500000000000000000000000000000000000D6
:10CA600000000000000000000000000000000000C6
:10CA700000000000000000000000000000000000B6
:10CA800000000000000000000000000000000000A6
:10CA90000000000000000000000000000000000096
:10CAA0000000000000000000000000000000000086
:10CAB000000000000000000000000000618A00008B
:10CAC0005991000074BA000000000000000000004E
:10CAD000CD940000000000000000000000C01050D5
:10CAE0000000000000000000000000000000000046
:10CAF0000000000000000000000000000000000036
:10CB00000000000000000000000000000000000025
:10CB10000000000000000000000000000000000015
:10CB20000000000000000000000000000000000005
:10CB300000000000000000000000000000000000F5
:10CB400000000000000000000000000000000000E5
:10CB500000000000000000000000000000000000D5
:10CB600000000000000000000000000000000000C5
:10CB700000000000000000000000000000000000B5
:10CB800000000000000000000000000000010000A4
:10CB900000A00D5000000000000000000000000098
:10CBA0000000000000000000000000000000000085
:10CBB0000000000000000000000000000000000075
:10CBC0000000000000000000000000000000000065
:10CBD0000000000000000000000000000000000055
:10CBE0000000000000000000000000000000000045
:10CBF0000000000000000000000000000000000035
:10CC00000000000000000000000000000000000024
:10CC10000000000000000000000000000000000014
:10CC20000000000000000000000000000000000004
:10CC300000000000000000000000000000000000F4
:10CC40000000000000000D50000000000000000087
:10CC500000000000000000000000000000000000D4
:10CC600000000000000000000000000000000000C4
:10CC700000000000000000000000000000000000B4
:10CC800000000000000000000000000000000000A4
:10CC90000000000000000000000000000000000094
:10CCA0000000000000000000000000000000000084
:10CCB0000000000000000000000000000000000074
:10CCC0000000000000000000000000000000000064
:10CCD0000D41000000000000FF0000000090D003A4
:10CCE000FF0000000F000000710200002003002080
:10CCF000200300202803002028030020000000005B
:10CD0000000000000E0000000000000040030020B2
:10CD10004003002000000000000000000E000000A2
:10CD20000000000067742000DC03002004040020E1
:10CD3000480400203C040020F003002018040020D8
:10CD400000000000000000000000000000000000E3
:10CD500000000000000000000000000000000000D3
:10CD600000000000000000000000000000000000C3
:10CD700000000000000000000000000000000000B3
:10CD8000000000000000000000000000C0030020C0
:10CD9000C0030020A82100200000000004000000C3
:10CDA0004001000000000000DC030020DC03002044
:10CDB00000000000000000000E000000F003002052
:10CDC000F003002000000000000000000E00000042
:10CDD0000404002004040020000000000000000003
:10CDE0000E000000180400201804002000000000BD
:10CDF000000000000E0000002C0400202C04002085
:10CE000000000000010000003C0400203C04002061
:10CE1000000000004804002048040020000000003A
:04CE200015E015E024
:00000001FF
