:10000000A85A0020195F0000A5230100055F000029
:10001000055F0000055F0000055F0000055F000050
:10002000000000000000000000000000E95F000088
:10003000055F00000000000071620000055F000025
:100040002963000029630000296300002963000080
:100050002963000029630000296300002963000070
:100060002963000029630000296300002963000060
:100070002963000029630000296300002963000050
:100080002963000029630000296300002963000040
:100090002963000029630000296300002963000030
:1000A0002963000029630000296300002963000020
:1000B0002963000029630000296300002963000010
:1000C0002963000029630000296300002963000000
:1000D00029630000296300002963000029630000F0
:1000E00029630000296300002963000029630000E0
:1000F00029630000296300002963000029630000D0
:1001000029630000296300002963000029630000BF
:1001100029630000296300002963000029630000AF
:10012000296300002963000029630000296300009F
:10013000296300002963000029630000296300008F
:10014000296300002963000029630000296300007F
:10015000296300002963000029630000296300006F
:10016000296300002963000029630000296300005F
:10017000296300002963000029630000296300004F
:10018000296300002963000029630000296300003F
:10019000296300002963000029630000296300002F
:1001A000296300002963000029630000296300001F
:1001B000296300002963000029630000296300000F
:1001C00029630000296300002963000029630000FF
:1001D00029630000296300002963000029630000EF
:1001E00029630000296300002963000029630000DF
:1001F00029630000296300002963000029630000CF
:1002000029630000296300002963000029630000BE
:1002100029630000296300002963000029630000AE
:10022000296300002963000029630000296300009E
:10023000296300002963000029630000296300008E
:10024000296300002963000029630000296300007E
:10025000296300002963000029630000296300006E
:10026000296300002963000029630000296300005E
:10027000296300002963000029630000296300004E
:10028000296300002963000029630000296300003E
:10029000296300002963000029630000296300002E
:1002A000296300002963000029630000296300001E
:1002B000296300002963000029630000296300000E
:1002C00029630000296300002963000029630000FE
:1002D00029630000296300002963000029630000EE
:1002E00029630000296300002963000029630000DE
:1002F00029630000296300002963000029630000CE
:1003000029630000296300002963000029630000BD
:1003100029630000296300002963000029630000AD
:10032000296300002963000029630000296300009D
:10033000296300002963000029630000296300008D
:10034000296300002963000029630000296300007D
:10035000296300002963000029630000296300006D
:10036000296300002963000029630000296300005D
:10037000296300002963000029630000296300004D
:10038000296300002963000029630000296300003D
:10039000296300002963000029630000296300002D
:1003A000296300002963000029630000296300001D
:1003B000296300002963000029630000296300000D
:1003C00029630000296300002963000029630000FD
:1003D00029630000296300002963000029630000ED
:1003E00029630000296300002963000029630000DD
:1003F00029630000296300002963000029630000CD
:1004000029630000296300002963000029630000BC
:1004100029630000296300002963000029630000AC
:10042000296300002963000029630000296300009C
:10043000296300002963000029630000296300008C
:10044000296300002963000029630000296300007C
:10045000296300002963000029630000296300006C
:10046000296300002963000029630000296300005C
:10047000296300002963000029630000296300004C
:10048000296300002963000029630000296300003C
:10049000296300002963000029630000296300002C
:1004A000296300002963000029630000296300001C
:1004B000296300002963000029630000296300000C
:0804C00029630000296300001C
:1004C80081F0004102E000BF83F0004330B54FEAFD
:1004D80041044FEA430594EA050F08BF90EA020F6A
:1004E8001FBF54EA000C55EA020C7FEA645C7FEAFD
:1004F800655C00F0E2804FEA5454D4EB5555B8BF20
:100508006D420CDD2C4480EA020281EA030382EA90
:10051800000083EA010180EA020281EA0303362D22
:1005280088BF30BD11F0004F4FEA01314FF4801CF5
:100538004CEA113102D0404261EB410113F0004F07
:100548004FEA03334CEA133302D0524263EB4303BE
:1005580094EA050F00F0A780A4F10104D5F1200E5C
:100568000DDB02FA0EFC22FA05F2801841F10001B7
:1005780003FA0EF2801843FA05F359410EE0A5F18B
:1005880020050EF1200E012A03FA0EFC28BF4CF0BC
:10059800020C43FA05F3C01851EBE37101F0004572
:1005A80007D54FF0000EDCF1000C7EEB00006EEB7F
:1005B8000101B1F5801F1BD3B1F5001F0CD3490809
:1005C8005FEA30004FEA3C0C04F101044FEA445260
:1005D80012F5800F80F09A80BCF1004F08BF5FEAE7
:1005E800500C50F1000041EB045141EA050130BDC7
:1005F8005FEA4C0C404141EB0101013C28BFB1F5D9
:10060800801FE9D291F0000F04BF01460020B1FA23
:1006180081F308BF2033A3F10B03B3F120020CDAF6
:100628000C3208DD02F1140CC2F10C0201FA0CF0D4
:1006380021FA02F10CE002F11402D8BFC2F1200C39
:1006480001FA02F120FA0CFCDCBF41EA0C019040EF
:10065800E41AA2BF01EB0451294330BD6FEA040438
:100668001F3C1CDA0C340EDC04F11404C4F1200223
:1006780020FA04F001FA02F340EA030021FA04F335
:1006880045EA030130BDC4F10C04C4F1200220FA8C
:1006980002F001FA04F340EA0300294630BD21FACA
:1006A80004F0294630BD94F0000F83F4801306BF90
:1006B80081F480110134013D4EE77FEA645C18BF84
:1006C8007FEA655C29D094EA050F08BF90EA020F1B
:1006D80005D054EA000C04BF1946104630BD91EA13
:1006E800030F1EBF0021002030BD5FEA545C05D116
:1006F8004000494128BF41F0004130BD14F5800455
:100708003CBF01F5801130BD01F0004545F0FE41C8
:1007180041F470014FF0000030BD7FEA645C1ABFFD
:10072800194610467FEA655C1CBF0B46024650EA34
:10073800013406BF52EA033591EA030F41F4002160
:1007480030BD00BF90F0000F04BF0021704730B5E6
:100758004FF4806404F132044FF000054FF00001BB
:1007680050E700BF90F0000F04BF0021704730B57C
:100778004FF4806404F1320410F0004548BF404251
:100788004FF000013EE700BF42004FEAE2014FEAA6
:1007980031014FEA02701FBF12F07F4393F07F4F81
:1007A80081F06051704732F07F4208BF704793F084
:1007B8007F4F04BF41F40021704730B54FF4607497
:1007C80001F0004521F000411CE700BF50EA01029A
:1007D80008BF704730B54FF000050AE050EA010243
:1007E80008BF704730B511F0004502D5404261EBB3
:1007F80041014FF4806404F132045FEA915C3FF4F4
:10080800D8AE4FF003025FEADC0C18BF03325FEA90
:10081800DC0C18BF033202EBDC02C2F1200300FA41
:1008280003FC20FA02F001FA03FE40EA0E0021FA66
:1008380002F11444BDE600BF70B54FF0FF0C4CF454
:10084800E06C1CEA11541DBF1CEA135594EA0C0F06
:1008580095EA0C0F00F0DEF82C4481EA030621EA41
:100868004C5123EA4C5350EA013518BF52EA03357C
:1008780041F4801143F4801338D0A0FB02CE4FF02E
:100888000005E1FB02E506F00042E0FB03E54FF05E
:100898000006E1FB03569CF0000F18BF4EF0010E56
:1008A800A4F1FF04B6F5007F64F5407404D25FEA52
:1008B8004E0E6D4146EB060642EAC62141EA555105
:1008C8004FEAC52040EA5E504FEACE2EB4F1FD0C47
:1008D80088BFBCF5E06F1ED8BEF1004F08BF5FEAC5
:1008E800500E50F1000041EB045170BD06F0004677
:1008F80046EA010140EA020081EA0301B4EB5C0424
:10090800C2BFD4EB0C0541EA045170BD41F480111B
:100918004FF0000E013C00F3AB8014F1360FDEBF40
:10092800002001F0004170BDC4F10004203C35DA1C
:100938000C341BDC04F11404C4F1200500FA05F39F
:1009480020FA04F001FA05F240EA020001F0004240
:1009580021F0004110EBD37021FA04F642EB0601B6
:100968005EEA430E08BF20EAD37070BDC4F10C04E0
:10097800C4F1200500FA04F320FA05F001FA04F2A4
:1009880040EA020001F0004110EBD37041F1000190
:100998005EEA430E08BF20EAD37070BDC4F120059B
:1009A80000FA05F24EEA020E20FA04F301FA05F203
:1009B80043EA020321FA04F001F0004121FA04F2AB
:1009C80020EA020000EBD3705EEA430E08BF20EA7B
:1009D800D37070BD94F0000F0FD101F000464000B5
:1009E80041EB010111F4801F08BF013CF7D041EA37
:1009F800060195F0000F18BF704703F0004652003B
:100A080043EB030313F4801F08BF013DF7D043EA0B
:100A18000603704794EA0C0F0CEA135518BF95EAC1
:100A28000C0F0CD050EA410618BF52EA4306D1D148
:100A380081EA030101F000414FF0000070BD50EA67
:100A4800410606BF1046194652EA430619D094EAF1
:100A58000C0F02D150EA013613D195EA0C0F05D1DB
:100A680052EA03361CBF104619460AD181EA03012F
:100A780001F0004141F0FE4141F470014FF00000E7
:100A880070BD41F0FE4141F4780170BD70B54FF082
:100A9800FF0C4CF4E06C1CEA11541DBF1CEA135502
:100AA80094EA0C0F95EA0C0F00F0A7F8A4EB0504E4
:100AB80081EA030E52EA03354FEA013100F08880DB
:100AC8004FEA03334FF0805545EA131343EA1263A4
:100AD8004FEA022245EA111545EA10654FEA002659
:100AE8000EF000419D4208BF964244F1FD0404F512
:100AF800407402D25B084FEA3202B61A65EB03056E
:100B08005B084FEA32024FF480104FF4002CB6EB2A
:100B1800020E75EB030E22BFB61A754640EA0C00AA
:100B28005B084FEA3202B6EB020E75EB030E22BFEA
:100B3800B61A754640EA5C005B084FEA3202B6EB2B
:100B4800020E75EB030E22BFB61A754640EA9C00EA
:100B58005B084FEA3202B6EB020E75EB030E22BFBA
:100B6800B61A754640EADC0055EA060E18D04FEA78
:100B7800051545EA16754FEA06164FEAC30343EA18
:100B880052734FEAC2025FEA1C1CC0D111F4801FE5
:100B98000BD141EA00014FF000004FF0004CB6E7DE
:100BA80011F4801F04BF01430020B4F1FD0C88BF7D
:100BB800BCF5E06F3FF6AFAEB5EB030C04BFB6EB88
:100BC800020C5FEA500C50F1000041EB045170BD7B
:100BD8000EF0004E4EEA113114EB5C04C2BFD4EBA8
:100BE8000C0541EA045170BD41F480114FF0000E2C
:100BF800013C90E645EA060E8DE60CEA135594EAA8
:100C08000C0F08BF95EA0C0F3FF43BAF94EA0C0FAA
:100C18000AD150EA01347FF434AF95EA0C0F7FF41F
:100C280025AF104619462CE795EA0C0F06D152EA73
:100C380003353FF4FDAE1046194622E750EA410657
:100C480018BF52EA43067FF4C5AE50EA41047FF468
:100C58000DAF52EA43057FF4EBAE12E74FF0FF3CCD
:100C680006E000BF4FF0010C02E000BF4FF0010C9E
:100C78004DF804CD4FEA410C7FEA6C5C4FEA430C17
:100C880018BF7FEA6C5C1BD001B050EA410C0CBF66
:100C980052EA430C91EA030F02BF90EA020F0020C8
:100CA800704710F1000F91EA030F58BF994208BF2F
:100CB80090422CBFD8176FEAE37040F001007047EC
:100CC8004FEA410C7FEA6C5C02D150EA013C07D143
:100CD8004FEA430C7FEA6C5CD6D152EA033CD3D08E
:100CE8005DF8040B704700BF8446104662468C4688
:100CF8001946634600E000BF01B5FFF7B7FF0028BB
:100D080048BF10F1000F01BD4DF808EDFFF7F4FFE3
:100D18000CBF012000205DF808FB00BF4DF808ED6E
:100D2800FFF7EAFF34BF012000205DF808FB00BF91
:100D38004DF808EDFFF7E0FF94BF012000205DF8B3
:100D480008FB00BF4DF808EDFFF7CEFF94BF012068
:100D580000205DF808FB00BF4DF808EDFFF7C4FF61
:100D680034BF012000205DF808FB00BF4FEA4102B4
:100D780012F5001215D211D56FF47873B3EB6252E5
:100D880012D94FEAC12343F0004343EA505311F00C
:100D9800004F23FA02F018BF404270474FF000009E
:100DA800704750EA013005D111F0004008BF6FF0DC
:100DB800004070474FF00000704700BF4FEA410203
:100DC800B2F1E04324BFB3F5001CDCF1FE5C0DD9A1
:100DD80001F0004C4FEAC0024CEA5070B2F1004FEB
:100DE80040EB830008BF20F00100704711F0804FEE
:100DF80021D113F13872BCBF01F00040704741F4B3
:100E080080114FEA5252C2F11802C2F1200C10FAB6
:100E18000CF320FA02F018BF40F001004FEAC1239A
:100E28004FEAD32303FA0CFC40EA0C0023FA02F33E
:100E38004FEA4303CCE77FEA625307D150EA013314
:100E48001EBF4FF0FE4040F44000704701F00040E4
:100E580040F0FE4040F40000704700BF53B94AB963
:100E6800002908BF00281CBF4FF0FF314FF0FF30AA
:100E780000F00CB8ADF1080C6DE904CE00F010F8E4
:100E8800DDF804E0DDE9022304B07047704700BFD5
:100E9800034613F8012B002AFBD1181A01387047B2
:100EA8002DE9F0478C468E46089E1546044619469D
:100EB800002B40F0D080724547D9B2FA82F74FB183
:100EC800C7F120030EFA07FCBD40BC4020FA03F32B
:100ED80043EA0C0C4FEA154EA8B2230CBCFBFEF8F3
:100EE8000EFB18CC08FB00F943EA0C43994528D9B6
:100EF800EB1808F1FF3204D2994502D9A8F1020291
:100F08002B44A3EB0903A4B2B3FBFEFC0EFB1C337A
:100F18000CFB00F044EA0344A04214D92C190CF14C
:100F2800FF3304D2A04202D9ACF102032C44241AA4
:100F380043EA02401EB1FC40002334607360BDE800
:100F4800F0874246DDE76346F1E7002A79D0B2FA36
:100F580082F3002B3FD01946C1F1200302FA01F5B4
:100F680000FA01F42EFA03F20EFA01FE20FA03F356
:100F7800AFB243EA0E034FEA154EB2FBFEFC0EFB7E
:100F88001C201A0C0CFB07F842EA004290455AD97B
:100F9800AA180CF1FF3004D2904502D9ACF1020036
:100FA8002A44A2EB08029BB2B2FBFEFC0EFB1C22F9
:100FB8000CFB07F743EA02439F4246D9EB180CF1B2
:100FC800FF3204D29F4202D9ACF102022B44DB1B50
:100FD80042EA004202E0AEEB020301224FEA154E5C
:100FE800AFB2200CB3FBFEFC0EFB1C330CFB07F866
:100FF80040EA034398452AD9EB180CF1FF3004D294
:10100800984502D9ACF102002B44A3EB0803A4B223
:10101800B3FBFEFC0EFB1C330CFB07F744EA03444E
:10102800A74216D92C190CF1FF3304D2A74202D9D2
:10103800ACF102032C44E41B43EA00400F4611467E
:1010480078E71F2188E76046ABE76246BFE760465E
:10105800DBE76346EFE7734506D916B90021084672
:101068006DE7C6E9000EF9E7B3FA83F787B9734568
:1010780001D3824207D8841A6EEB030301209C46F1
:101088001EB900215BE73846FAE7C6E9004CF8E7E5
:10109800C7F1200CBB4000FA07F422FA0CF520FA3D
:1010A8000CF1BA401D432EFA0CF30EFA07FE4FEA74
:1010B800154941EA0E011FFA85FEB3FBF9F809FB51
:1010C80018300B0C08FB0EFA43EA00439A4540D946
:1010D800EB1808F1FF3004D29A4502D9A8F10200B2
:1010E8002B44A3EB0A0389B2B3FBF9F809FB1833C5
:1010F80008FB0EFE41EA03418E452CD9691808F118
:10110800FF3304D28E4502D9A8F10203294443EAE9
:101118000040A1EB0E01A0FB02984145CE46434694
:1011280002D306D14C4504D20138B9EB020E68EB64
:101138000503002EA5D0B4EB0E0261EB030101FA02
:101148000CFC22FA07F3F9404CEA0303C6E9003124
:1011580097E74046C5E74346D9E70000000000008E
:101168002DE9F04F2DED028B154687B000F14202B4
:10117800044601919200002B00F0A18035B91A6055
:10118800284607B0BDEC028BBDE8F08F19681A60DD
:10119800914201D20025F3E72E460FF22C19D9E926
:1011A800008900274FF0000A019BDFF82CB1286066
:1011B8006B602046FFF7D6FABC4241EC100B52DDBB
:1011C800CDE904013846FFF7CDFA41A3D3E900235E
:1011D800FFF732FB9DED040B53EC102BFFF756FC89
:1011E800019B41EC180B3BB118EE903A03F1004318
:1011F800029003939DED028BB0EE480AF0EE680A68
:1012080000F01AF9424651EC100B4B46FFF714FB5D
:1012180052465B46FFF75AF941EC100B0FF08EFC73
:1012280051EC100BFFF7A2FDB0EE480AF0EE680A89
:10123800A6F8080100F044FB424651EC100B4B465F
:10124800FFF7FAFA52465B46FFF740F941EC100BFC
:101258000FF074FC51EC100BFFF788FD0137A6F86E
:101268000A010436A5E70FF0C7FC0FF067FC042657
:1012780059EC108B05F1080794FBF6F306FB1342B3
:10128800AAB1022E0FD0042E0FD002363046FFF737
:1012980069FA02460B4640464946FFF73FFD0028DB
:1012A80018BF2646E8E70326F0E70226EEE7012BFB
:1012B8001C46C7E900637FF763AF0837DCE71D46C4
:1012C8005EE700BFAFF3008000000000C0FFDF4012
:1012D800182D4454FB2119C00000E03F0000000015
:1012E8002DE9F04F2DED028B10F0010687B0154661
:1012F800029112D1441004F1420004EB4402800030
:1013080002EBD272521000F10C07059007EB820233
:101318001BB11F681A60974206D20025284607B0FD
:10132800BDEC028BBDE8F08F002DF6D005F10C0264
:101338001318A0F5847018446B60A8602A602046D2
:1013480005ABFFF70DFF4FF0000A04EBD477DFF889
:10135800E0B07F10B742E1DD01363046FFF702FA10
:10136800804620468946FFF7FDF902460B4640466F
:101378004946FFF78BFB52465B46FFF7A7F828A3C1
:10138800D3E90023FFF758FA029B41EC180B3BB155
:1013980018EE903A03F10043009001939DED008B05
:1013A800B0EE480AF0EE680A00F046F81EA3D3E94A
:1013B800002351EC100BFFF73FFA52465B46FFF74C
:1013C80085F841EC100B0FF0B9FB4FEA8609AB68C2
:1013D80051EC100BA9F1040903EB09080393FFF77B
:1013E800C5FC039BB0EE480AF0EE680A23F8090032
:1013F80000F066FA0CA3D3E9002351EC100BFFF7B9
:101408001BFA52465B46FFF761F841EC100B0FF0F0
:1014180095FB51EC100BFFF7A9FCA8F8020099E71F
:10142800182D4454FB2109C000000000C0FFDF4014
:101438000000E03F000000007FB58DED000B019B30
:101448001F4A23F00043934206D89FED1B1B07B0A9
:101458005DF804EB00F090BE1A4A934204D907B035
:101468005DF804EB00F060BD02A800F02DF800F074
:10147800030001289DED020B9DED041B07D00228F7
:1014880011D098B900F078FE53EC102B06E001F06B
:1014980083FA51EC100B024601F1004343EC102B88
:1014A80007B05DF804FB00F067FEF2E7012001F0E9
:1014B80073FAE9E7AFF300800000000000000000C5
:1014C800FB21E93FFFFFEF7F2DE9F04F59EC108B2F
:1014D80029F0004AC44B8FB004469A45CDF81890BD
:1014E80007D80022002380ED000BC0E90223002565
:1014F80028E0BE4B9A4578D8069B4046BC4D4946E5
:10150800002BABA3D3E9002338DDFEF7DDFFAA45A6
:1015180006460F461AD0A8A3D3E90023FEF7D4FF46
:1015280002460B468046894630463946FEF7CCFFD0
:10153800A1A3D3E900230125FEF7C6FFC4E900896A
:10154800C4E9020128460FB0BDE8F08F9CA3D3E997
:101558000023FEF7B9FF06460F469BA3D3E90023F5
:10156800FEF7B2FF02460B468046894630463946AA
:10157800FEF7AAFF94A3D3E90023DCE7FEF7A6FF52
:10158800AA4506460F4618D08BA3D3E90023FEF7D9
:101598009DFF02460B468046894630463946FEF78F
:1015A80093FF85A3D3E90023FEF790FF4FF0FF35A3
:1015B800C4E90089C4E90201C4E781A3D3E900238F
:1015C800FEF784FF06460F467FA3D3E90023FEF704
:1015D8007DFF02460B468046894630463946FEF76F
:1015E80073FF79A3D3E90023DEE7824B9A4500F223
:1015F800D18029F00047404675A3D3E90023394636
:10160800FFF71AF900227C4BFEF760FFFFF7AEFBED
:101618000546FFF7A7F802460B46CDE9042364A365
:10162800D3E90023FFF708F902460B46404639463E
:10163800FEF74AFF804689465FA3D3E90023DDE928
:101648000401FFF7F9F802460B46CDE902014046CE
:101658004946FEF739FF1F2D06460F4605DC6A1E70
:10166800664B53F82230534508D14FEA2A53079363
:10167800C7F30A53C3EB1A53102B02DCC4E9006703
:101688003BE04FA3D3E90023DDE90401FFF7D4F8D9
:1016980006460F4602460B4640464946FEF714FFEB
:1016A80002460B4682468B4640464946FEF70CFFEB
:1016B80032463B46FEF708FF06460F4642A3D3E9EB
:1016C8000023DDE90401FFF7B7F832463B46FEF791
:1016D800FBFE02460B46CDE9020150465946FEF78D
:1016E800F3FE079AC1F30A5306460F46D31A312B65
:1016F8001DDCD046D946C4E9006732463B46404621
:101708004946FEF7E1FEDDE90223FEF7DDFE069B12
:10171800002BC4E90201BFF615AF07F100432660AC
:10172800A060636001F10043E3606D420AE72AA309
:10173800D3E90023DDE90401FFF77EF806460F46EA
:1017480002460B4650465946FEF7BEFE02460B4679
:101758008046894650465946FEF7B6FE32463B4615
:10176800FEF7B2FE06460F461DA3D3E90023DDE9C6
:101778000401FFF761F832463B46FEF7A5FE024634
:101788000B46CDE9020140464946FEF79DFE064656
:101798000F4673E71A4B9A4534D942464B464046A2
:1017A8004946FEF791FEC4E90201C4E900019EE63C
:1017B80000004054FB21F93F3163621A61B4D03D07
:1017C8000000601A61B4D03D7370032E8A19A33BE0
:1017D80083C8C96D305FE43F0000002E8A19A33B1F
:1017E800C14920259A837B39FB21E93F7BD90240F7
:1017F800FB21F93FFB2139410000E03FC4F3010020
:10180800FFFFEF7F4FEA2A5540460DF13809A5F250
:101818001645AAEB05573946FFF7A8FAFEF7A2FFC7
:1018280002460B46404639464FF00308CDE90823E7
:10183800FEF74AFE0022204BFEF7FEFF0F46064643
:10184800FFF794FAFEF78EFF02460B4630463946FC
:1018580000260027CDE90A23FEF736FE0022164BA4
:10186800FEF7EAFFCDE90C0132463B46C24608F1D5
:10187800FF3879E90201FFF747FA0028F4D10F4B46
:101888002A46214608A8019302230093534600F0F4
:1018980033FD069B0546002BBFF654AED4E9002164
:1018A80001F10043C4E90023D4E9022101F1004316
:1018B800C4E9022339E700BF0000704144F4010085
:1018C8007FB58DED000B019B1F4A23F00043934227
:1018D80007D800209FED1A1B07B05DF804EB01F054
:1018E8005BB81A4A934204D907B05DF804EB00F0DC
:1018F8001BBB02A8FFF7E8FD00F0030001289DEDDF
:10190800020B9DED041B0CD002280DD0A8B90120B4
:1019180001F042F853EC102B43EC102B07B05DF8A4
:1019280004FB00F029FCF5E7012001F035F851EC43
:10193800100B024601F10043EEE700F01DFCF6E74C
:101948000000000000000000FB21E93FFFFFEF7FDF
:10195800F8B510EE904A10EE103A34F000472DED2D
:10196800048BB0EE609A0DD183F480035B0013F50D
:10197800000F40F2AA8230EE098AB0EE480ABDECA8
:10198800048BF8BD23F000411846B1F1FF4F02D88F
:10199800B7F1FF4F08D9B3F17E5FECD184F480042E
:1019A800640014F5000FE4E7002B25DAB7F1974F30
:1019B80080F09482B7F17E5F39D3FA15C2F19602AE
:1019C80047FA02F505FA02F2BA4229D105F00105F3
:1019D800C5F10205B7F17E5F2AD1002C80F27B8227
:1019E800B5EE400AF1EE10FA1CD1D80FBDEC048B0D
:1019F800BDE8F8400FF084BBB7F1FF4F10D1B1F14B
:101A08007E5F00F0628205D9002CDFEDD17A29FED5
:101A1800278AB2E7002C80F25B82B1EE498AACE7F4
:101A28000025D7E7B7EE007A87EE008AA5E70025FC
:101A3800B4F1804F0A4640F05782B1F1BF4F0CD243
:101A4800B1F1D05F02D920EE008A96E7B0EEC08AE5
:101A580059BB012D00FE088A8FE723F04046B0EEFF
:101A6800C08AB6F17E5F17D1002CBCBFB7EE007AF2
:101A780087EE088A002B80DAA1F17E51294305D12F
:101A8800BDEC048BBDE8F8400FF048BB012D7FF496
:101A980074AFB1EE488A70E739B9002CD9DA002B57
:101AA800A4D06B1E58425841A0E7DE0F013E55EA0C
:101AB8000600E5D0B7F19A4F71D9A64B994208D8DC
:101AC800002C0BDA0020BDEC048BBDE8F8400FF0C9
:101AD80009BBA14B994208D9002CF3DC0020BDECCE
:101AE800048BBDE8F8400FF0EFBAB7EE007ADFEDEF
:101AF8009B7ADFED9B9A38EE478A93A1D1E90001E2
:101B080068EE278AFFF75AF9B5EE007A07EE900AD1
:101B1800DFED946A68EE299A48EE477AB6EE007AC5
:101B280007EEC87A68EE087A27EE277AF0EE687A28
:101B380047EE667A39EEA77A17EE103A6FF30B0381
:101B480007EE103A77EE699A77EEE97A013DF7EEFB
:101B5800006ABFEE008A6FF30B04354367EE890A0B
:101B680008FE268A06EE904A39EE666A67EE267AFD
:101B780046EE070A30EEA77A17EE101A002921F070
:101B8800004340F31381B3F1864F40F2CC80B5EEA9
:101B9800C08AF1EE10FA4CBF0120002093E713F041
:101BA800FF4F05BF9FED707A6FF01701002168EEB7
:101BB800077A08BF17EE902AD315C2F316027F3BA7
:101BC80042F07E500B4469498A4206DD68498A42E0
:101BD80040F3A7800133A0F500000021654A06EE16
:101BE800100AF7EE006A02EB8102D2ED005A75EE98
:101BF800867A36EE657AC6EEA74A27EE245A15EE9F
:101C0800102A6FF30B0206EE902A5B4A02EA600282
:101C180042F0005202F5800202EB415207EE902A90
:101C280006EEE77A77EEE57ADFED545A36EE676A24
:101C380065EE057A06EE667A9FED516A47EE865A9A
:101C48009FED506A27EE247A66EEA64A05EEA76A4B
:101C5800DFED4D5A46EE275A9FED4C6A05EEA76A0E
:101C6800DFED4B5A46EE275A36EE856A67EEA77ABD
:101C780026EE076A05EEA76AF0EE085A74EEA57A12
:101C880077EE867A17EE902A6FF30B0207EE902A0A
:101C980077EEE55A27EE277A66EEA76A75EEE45ADC
:101CA80036EE656A06EE057A9FED3A6A76EE877A31
:101CB80017EE902A6FF30B0207EE902A364A77EE5A
:101CC800E66A02EB810227EE866A37EE667ADFED76
:101CD800336A67EEA67ADFED326A47EE267A92ED2E
:101CE800007A77EE877A07EE103A2E4BF8EEC76A3D
:101CF80003EB810336EE277AD3ED005A37EE257AC7
:101D080037EE267A17EE103A6FF30B0307EE103A08
:101D180077EE666A76EEE56A76EEC66A77EEE67A7A
:101D280014E701215AE755D1DFED1F6A37EE677ACC
:101D380070EEA66AF4EEC76AF1EE10FA3FF727AF25
:101D480086234BE0AFF30080E13D55555555D53F0F
:101D580000000000F3FF7F3F0700803F70A5EC36CE
:101D680000AAB83F3BAAB83F0000804B71C41C00D2
:101D7800D6B35D005CF5010000F0FFDF55326C3E24
:101D880042F1533E05A38B3EABAAAA3EB76DDB3E9C
:101D98009A99193F0040763F4CF50100C623F6B8E2
:101DA8004F38763F54F501003CAA3833534A9342E2
:101DB80007D9B5EEC08AF1EE10FA4CBF0120002019
:101DC8008DE607D137EE677AB4EEE07AF1EE10FAD5
:101DD800B6DBEEE7B3F17C5F72D9DB157E3B4FF4DF
:101DE8000000474A002940FA03F00844C0F3C753EB
:101DF800A3F17F0342FA03F2C3F1170302EA0002D8
:101E0800C0F3160040F4000007EE102A40FA03F071
:101E180077EEC77AB8BF404237EEA07ADFED396A6D
:101E2800DFED395AB7EE000A9FED386A17EE103A1F
:101E38006FF30B0307EE103A77EE677A67EE266AC0
:101E480070EEE70ADFED327A27EE277ADFED317A96
:101E580000EEA77A76EE877A77EEE66A37EE667A4C
:101E680067EEA76A07EE877A16EEA56ADFED2A5AAB
:101E780046EE265A9FED296A15EEA66ADFED285A26
:101E880046EE265AB0EE676A05EEE66AF0EE006A9C
:101E980067EE865A36EE666AC5EE866A36EEC77A09
:101EA80077EE677A30EE670A10EE103A03EBC0530C
:101EB800B3F5000F06DA0FF0C1F820EE088A5CE5EA
:101EC8000020A9E700EE103AF7E7B7EE008A54E5DC
:101ED8009FED148A51E5B0EE408A4EE5B7F1FF4F09
:101EE8003FF48DAD0A460225B4F17C5F7FF4B5ADB1
:101EF800002BFFF6B2ADB1EEC08A3EE500001643F6
:101F0800000080FF0072313F4CBB31330EEADD35F3
:101F18008CBEBF351872313F55B38A38610B363BDA
:101F2800ABAA2A3E0000000008B513F032FA9FED74
:101F3800020B08BDAFF30080000000000000F87F2E
:101F480010EE103AB3F1FF4F10B52DED048BB0EE43
:101F5800408A06DB30EE008AB0EE480ABDEC048BFE
:101F680010BD774A934276DC23F00042B2F17E5FDF
:101F780013D3FFEE007AB4EE670AF1EE10FA06D139
:101F88000120BDEC048BBDE810400FF0B9B8BDECE2
:101F9800048BBDE810400FF0C1B8B2F1645F0FD2F6
:101FA800B2F14A5F24BF20EE007AF6EE007ABDEC6B
:101FB800048B28BF07EE670ABDE810400FF026BC67
:101FC800604A134493424ED8F7EE007A38EE277AE7
:101FD80017EE103ADC157F3C002CD5BF77EE677AF8
:101FE80037EE488A78EE677A77EEC87A87EE879A6E
:101FF800C3F31603544A9342CCBF43F07C5243F0D8
:102008007E52F7EE007AC8BFC3F5000307EE102A28
:10201800C4BF01349B1037EE678AF6EE008A68EE7B
:10202800288A68EE888A002B44D1B5EE408AF1EE02
:1020380010FA1DD1002C7AD007EE904AB0EE498AEA
:102048009FED427AF8EEE77A07EE878A9FED407AAD
:1020580007EE878A80E7B3F1B44FB5DBDC159FED57
:102068003D9A7F3CC4E7012300249FED3A9AD4E7C8
:1020780031A1D1E90001FEF7A1FEB7EE007A07EE23
:10208800900A07EEC87A27EE287A14B938EE478AFC
:1020980062E707EE904ADFED2D6AF8EEE77A07EE81
:1020A800A69A37EE497A37EE488A9FED297A17EED5
:1020B800878A51E7F0EE007A9FED276A9FED277A2D
:1020C80078EE277AC8EE276A66EEA67A07EE867A51
:1020D8009FED236A07EE276A9FED227A06EE277A9C
:1020E8009FED216A07EE276A9FED207A06EE277A90
:1020F8009FED1F6A07EE276AB0EE687A06EE277A28
:1021080027EE267A24B978EEC78A38EE688A23E75C
:1021180007EE904ADFED0D6AF8EEE77A07EEA69A29
:1021280039EE079A78EEC98A38EEC88ABDE79FED7E
:10213800098A11E7AFF30080555555555555E53FC8
:10214800D613D43EE0096A41F6043500D1F71737B3
:102158008071313F000000009788173E4FD01C3E29
:1021680025333A3E298E633E2549923ECDCCCC3E5E
:10217800ABAA2A3F000000002DE9F74F59EC108B5D
:1021880029F00046B6F1795F8DED001BC0F088801C
:1021980042464B4640464946FEF74EFB04460D462E
:1021A80000224F4BFEF748FB82468B4620462946C5
:1021B8003DA3D3E90023FEF73FFB3DA3D3E900236A
:1021C800FEF784F922462B46FEF736FB3AA3D3E9FD
:1021D8000023FEF779F922462B46FEF72DFB38A39C
:1021E800D3E90023FEF772F922462B46FEF724FBBB
:1021F80035A3D3E90023FEF767F922462B46FEF7FD
:102208001BFB33A3D3E90023FEF760F922462B46D4
:10221800FEF712FB22462B46FEF70EFB04460D4640
:1022280040464946DDE90023FEF706FB0B46024619
:1022380029462046FEF748F92A4B804689469E42A1
:1022480010D802460B4650465946FEF73DF902465D
:102258000B4600202449FEF737F941EC100B03B078
:10226800BDE8F08F214B002400201F499E422246E2
:1022780094BFA6F500151E4D2B46FEF725F92246FC
:1022880006460F462B4650465946FEF71DF942466C
:102298004B46FEF719F902460B4630463946DAE74F
:1022A8009FED0D0BDBE700BFD43888BEE9FAA8BD67
:1022B800C4B1B4BD9EEE213EAD529C804F7E923E8D
:1022C8009015CB19A001FA3E7751C1166CC1563F43
:1022D8004C5555555555A53F000000000000F03FEE
:1022E8000000E03F3233D33F0000F03F0000E93FF9
:1022F8000000D23F000000002DE9F04F2DED028BC9
:10230800ADF5197D12F1140F4FF000050693A8BF23
:10231800D41EC14BB8BF0024049120AEA4990890E4
:1023280053F821300093069B03F1FF330593A4BFB4
:10233800182394FBF3F46FF0170304FB033303EB48
:10234800020B009B059A03EB0208A71AA59B9FEDB9
:10235800AE8B03EB8709454512DD20AD069B0DF5D5
:10236800E07A002705EBC305009B9F422EDCDDF8D1
:102378002090A84600269FEDA47B8DED027B1BE0F4
:10238800EF4207D459F82500FEF7ECF90135E6E8E5
:102398000201E0E751EC180BF8E778E90223F9E8C5
:1023A80002010136FEF748FA02460B46DDE9020152
:1023B800FEF78CF8CDE90201059B9E42EDDD013761
:1023C80008359DED027BAAEC027BCDE7009A0CABA9
:1023D80003EB820390460A93A59B03EB84030993BE
:1023E8004FEAC8030CAC70ADC2460B9398AB05EB33
:1023F800C805A14603EBC80313ED287B8DED027BCE
:10240800BAF1000F77DC58469DED020B0FF0A2F9E8
:1024180000224FF07F5357EC106B30463946FEF7D9
:102428000BFA41EC100B0EF089FB00227B4B51ECB0
:10243800100BFEF701FA02460B4630463946FEF706
:1024480043F80F460646FEF791FC0290FEF78AF91C
:1024580002460B4630463946FEF736F8BBF1000F08
:1024680006460F466CDD08F1FF300CA9CBF11805C4
:10247800029B51F820C04CFA05F21344AA4002937B
:10248800ACEB0203CBF1170241F8203043FA02F912
:10249800B9F1000F64DD029B00226FF07F41013328
:1024A80015460293904500F3A180BBF1000F07DDAC
:1024B800BBF1010F00F0BE80BBF1020F00F0C48039
:1024C800B9F1020F4CD132463B4600205449FDF782
:1024D800FBFF06460F46002D42D058469FED4C0B99
:1024E8000FF038F93046394653EC102BFDF7ECFF66
:1024F80006460F4634E000224A4B0AF1FF3ADDE96E
:102508000201FEF799F9FEF731FCFEF72BF90022DC
:10251800454B06460F46FEF78FF902460B46DDE9A6
:102528000201FDF7D1FFFEF721FC394649F8040BFB
:10253800304675E90223FDF7C9FFCDE902015FE7DF
:1025480007D108F1FF330CAA52F823304FEAE359B8
:102558009EE70022354BFEF7F5FB002843D1814664
:102568000022002330463946FEF7CEFB002800F053
:10257800C18008F1FF3300220CA9009883426BDA6E
:10258800002A00F0858008F1FF38ABF1180B0CAA7F
:1025980052F82830002B00F0A880584670AF464605
:1025A8000DF1300A9FED1A0B0FF0D4F808F1010372
:1025B800DA0007EBC307059255EC104B002E80F2AA
:1025C800D1804446002CC0F2FE80194B4FF0000A1F
:1025D8004FF0000B00261F4670ABA8EB040503EB79
:1025E800C4030693E3E04FF0020954E754F8043BB0
:1025F80045B923B1C3F1807344F8043C0123013287
:102608001D464FE7CB1AF7E7000000000000000066
:10261800000000000000F03FFCF80100000020402E
:102628000000F03F0000703E000070410000E03FF5
:102638002065010008F1FF310CAA52F82130C3F3DC
:10264800160342F821303BE708F1FF310CAA52F893
:102658002130C3F31503F4E751F82300013B02438B
:102668008BE7013453F8042D002AFAD00B9B20AED7
:1026780008F10107444403F518730DEB0305069BA5
:102688004344983D06EBC306BC4204DAA046A7E6DD
:102698000A9B0124E6E7099B4FF0000853F827003E
:1026A800FEF760F8DDF820909FEDAF7BE6E80201C9
:1026B800B2468DED027B059B984505DD01379DED02
:1026C800027BA5EC027BDFE77AE90223F9E8020145
:1026D800FEF7B2F802460B4608F10108DDE90201EF
:1026E800FDF7F4FECDE90201E5E708F1FF38ABF1AB
:1026F800180B4DE7CBF1000047EC106B0FF02AF8F0
:1027080000229B4B55EC104B20462946FEF71AFB3E
:1027180000B30022974B20462946FEF78DF80CAFF0
:10272800FEF724FB0646FEF71DF80022904B0BF13E
:10273800180BFEF781F802460B4620462946FDF79E
:10274800C3FEFEF713FB47F8280008F1010847F815
:10275800286022E720462946FEF708FB0CAB43F821
:1027680028001AE75AF82600013EFDF7FBFF22462B
:102778002B46FEF761F800227E4B67E902012046EE
:102788002946FEF759F804460D4617E7069901361B
:10279800F1E802230691F7E80201FEF74DF8024638
:1027A8000B4650465946FDF791FE82468B46009BE4
:1027B8009E4201DCAE42E9DD48AB013C03EBC505B6
:1027C800C5E900ABFEE6A49B022B0BDC002B35DC35
:1027D80059D0029B03F007000DF5197DBDEC028B63
:1027E800BDE8F08FA49B032BF3D1059BC24603F5EC
:1027F80018730DEB0304A4F5A4742546BAF1000F71
:1028080069DC4546012D00F3878048AC059D002012
:1028180000212544B8F1010F00F39C80D4E900673A
:10282800D4E90245B9F1000F40F0A680049BC3E942
:102838000067C3E90245C3E90401CAE748AD059E3C
:10284800444600202E440021002C35DAB9F1000F4F
:1028580038D0024601F10043049CC4E90023024633
:102868000B460124D5E900014AADFDF72DFEA04530
:102878002BDAB9F1000F02D001F100431946049B8D
:10288800C3E90201A5E748AC059B002000211C44D0
:10289800B8F1000F09DAB9F1000F02D001F10043D5
:1028A8001946049BC3E9000193E774E9022308F180
:1028B800FF38FDF70BFEEBE776E90223013CFDF755
:1028C80005FEC1E702460B46C6E7F5E802230134D8
:1028D800FDF7FCFDCBE735ED027B0AF1FF3A8DED04
:1028E800007B95ED027BDDE9000153EC172B8DEDA4
:1028F800067BFDF7EBFD02460B4606460F46DDE973
:102908000001FDF7E1FDDDE90623FDF7DFFDC5E97F
:102918000067C5E9020171E734ED027B013DD4E9A6
:1029280002AB51EC170B52465B468DED007BFDF771
:10293800CDFD02460B4606460F46DDE90001FDF7D0
:10294800C3FD52465B46FDF7C1FDC4E90067C4E913
:10295800020157E775E9022308F1FF38FDF7B6FDD4
:1029680058E700BFAFF3008000000000000000003F
:10297800000070410000703E049B049A1E6007F13D
:1029880000439460536005F100431061D36001F186
:10299800004353611DE700BF2DE9F04F55EC104B84
:1029A80025F0004385B08046B3F1795F8DED021BB9
:1029B80052D322462B4620462946FDF73DFF824644
:1029C8008B4602460B4620462946FDF735FF41A3B4
:1029D800D3E90023CDE9000150465946FDF72CFF05
:1029E8003EA3D3E90023FDF76FFD52465B46FDF792
:1029F80023FF3CA3D3E90023FDF768FD52465B465D
:102A0800FDF71AFF39A3D3E90023FDF75DFD524610
:102A18005B46FDF711FF37A3D3E90023FDF756FD09
:102A280006460F46B8F1000F1BD102460B4650462A
:102A38005946FDF701FF31A3D3E90023FDF744FD13
:102A4800DDE90023FDF7F8FE02460B46204629463D
:102A5800FDF73CFD04460D4645EC104B05B0BDE8BE
:102A6800F08F00221A4BDDE90201FDF7E5FE8046F2
:102A7800894632463B46DDE90001FDF7DDFE0246A8
:102A88000B4640464946FDF71FFD52465B46FDF79B
:102A9800D3FEDDE90223FDF717FD06460F460AA31C
:102AA800D3E90023DDE90001FDF7C6FE02460B4627
:102AB80030463946FDF708FD02460B4620462946B2
:102AC800FDF702FDC6E700BF495555555555C5BF29
:102AD8000000E03F7CD5CF5A3AD9E53DEB9C2B8AE4
:102AE800E6E55A3E7DFEB157E31DC73ED561C119E3
:102AF800A0012A3FA6F810111111813F49555555DB
:102B08005555C53F0000000010B19FED030B7047FD
:102B18009FED030B704700BF00000000000000801D
:102B2800000000000000000010B19FED030B70478B
:102B38009FED030B704700BF000000000000F0FF8E
:102B4800000000000000F07F2DE9F04F2DED028B12
:102B58007C4893B00EF0F6FF00F018F9074640B92C
:102B680079480EF0EFFF002013B0BDEC028BBDE8F2
:102B7800F08F10F0D9FA04460028F1D1384610F049
:102B8800C7FA0546384610F0C1FA294602466F488A
:102B98000EF0D8FF6E4B012593E8070005AB83E8DC
:102BA80007001E2221460DF12A0012F0BBFA694ADD
:102BB800694B8DF84450CDE9082328238DF8283037
:102BC8003C238DF8293005AB0C938DF84650DFF87F
:102BD800B88140460FF033FF08B96048C1E7D8F81C
:102BE800086008A9404633689847011E03DA5C4824
:102BF8000EF0A8FFB7E72946404673689847011EBC
:102C080001DA5848F4E758480EF09CFF10F000F835
:102C18004FF47A75A0FB0506002305FB016147F612
:102C28001222FEF71BF9A2462646A1469FED4F8ABF
:102C3800DFED4F8A10F57A7541F1000303934FF4E5
:102C48007A72D8F8083000920021D3F808B04046CC
:102C580008AB05AAD847011E08DA46480EF072FFED
:102C6800002147F6122009F02BFDE8E70599A0227C
:102C7800384610F01AFA834605993F4807F0FCFDDC
:102C8800BBF1000FDBD1384610F023FA8346002849
:102C9800D5D1FB6CD3ED007AB4EEE78AF1EE10FAE9
:102CA800F4EEE87A48BFB0EE678AF1EE10FAACBFEE
:102CB800012300231E44A6EB993643EA4903BAF1DF
:102CC800000F06F0FF06C3F30E0926DD0AF1FF3AEE
:102CD8000FF09EFF4FF47A7CA0FB0C0E002347F602
:102CE80012220CFB01E1FEF7B9F8039BA8429941B7
:102CF800A5DBDFED227A28EE278AFDEEC87A15F5E6
:102D08007A7543F10003224617EE901A1C48039384
:102D18009FED168A0EF016FF91E7042ED8D9DFED45
:102D2800177A68EE277AFDEEE77A0134224617EE25
:102D3800901A14480EF006FF4FF0420A5E46D94634
:102D4800C6E700BF68FB0100A8FB0100C5FB010046
:102D58005060010040420F0050973100F8FB01001D
:102D680015FC010037FC01005DFC010000000000BB
:102D78006666663F8EFC0100B40400200000C8426D
:102D8800D1FC0100ABFC010044560100004870472B
:102D9800F00000202DE9F04104460D460EF08AFDB2
:102DA800804600284BD1294620460EF054FD0146A6
:102DB80020460EF097FD04EB80010E6996B90122BA
:102DC800E36882401343E36002220D612B462946E3
:102DD80020460EF035FD032229462046BDE8F04185
:102DE8000EF02EBD0222314620460EF01EFD0322B3
:102DF8000146074620460EF018FD86420BD00121F9
:102E0800104A11480FF0C9F888F31188BFF36F8F83
:102E18000423184602DF3B460222294620460EF0CC
:102E28000FFD03223346294620460EF009FD394698
:102E38002B4620460EF004FD02223146CDE7BDE8C0
:102E4800F08100BF30FD0100146001002DE9F04160
:102E5800174603220E4604460EF0E7FC8642054656
:102E680007F104080AD10122E368BA4023EA020301
:102E7800E360002344F82830BDE8F081022231469F
:102E880020460EF0D2FC03220146074620460EF0EB
:102E9800CCFC864206D10222294620460EF0C5FC0B
:102EA80086420CD001210E4A0E480FF076F8002316
:102EB80083F31188BFF36F8F0423184602DF2B4674
:102EC80039462046032244F828500EF0B9FC3B4608
:102ED80029462046BDE8F04102220EF0B1BC00BFF1
:102EE80030FD01001460010038B5012205460C468A
:102EF8000EF09BFCC30713D4214628460EF0D4FCE1
:102F0800014628460EF0C9FC844209D121462846CC
:102F18000EF0C3FC014628460EF0C6FC84420CD0D5
:102F28000121064A06480FF038F8002383F3118878
:102F3800BFF36F8F0423184602DF38BD54FD01002C
:102F4800146001002DE9F8430E4600AF002900F097
:102F5800A3800468012220460EF0BAFC014605460B
:102F680020460EF062FC10EA020816D1E94688B045
:102F78006A464B4BCDE90536032342F8103F4FF420
:102F8800C2514346474801F083FFCD4688F3118874
:102F9800BFF36F8F0423184602DF294620460EF040
:102FA80083FC014620460EF078FCA84217D0E8467C
:102FB80088B06A463C4BCDE90536032342F8103FFA
:102FC80000234FF4C251374801F062FF0023C54681
:102FD80083F31188BFF36F8F0423184602DF294655
:102FE80020460EF05AFC014620460EF05DFCA84231
:102FF80017D0E84688B06A462C4BCDE9053603233E
:1030080042F8103F00234FF4C251264801F040FF18
:103018000023C54683F31188BFF36F8F0423184636
:1030280002DF0022294620460EF01BFC29460EF03E
:103038003BFC01220146064620460EF0F6FBC2077D
:103048000CD431462046FFF74FFF314620460EF09C
:1030580098FC3246294620460EF04EFC294620466A
:103068000EF01BFC01220146064620460EF0DDFB51
:10307800C3070DD431462046FFF736FF31462046B8
:103088000EF07FFC2A46314620460EF035FC3546C8
:1030980029462046FFF77EFEBD46BDE8F88300BFFF
:1030A800EDFD0100146001009DFD0100C6FD010059
:1030B8002DE9F0474B42066803EA010731EA0303AA
:1030C8001446B2681DD0B2F5004F2CBF0823042364
:1030D800BB4228BF3B46B946CF1B07F1FF3A1AEA65
:1030E800070F1DD03C4940F2E9133C4A3C480EF01A
:1030F8003FFD3C480EF03CFD40F2E91137480EF028
:103108002EFDB2F5004F34BF04230823994204D89A
:103118002146BDE8F0470EF088BC4FF00009DCE717
:103128001CB900252846BDE8F087B2F5004F34BF2A
:1031380004250825FB1AE10804F0070001EBD30178
:10314800073003F0070303442B4401EBD3019142FA
:1031580028BF114630460EF02AFC80460028E0D0F1
:10316800B36809EBC005B3F5004F34BF0423082347
:103178001D4435445544B5FBF7F57D43A5EB0905DA
:10318800294630460EF0A4FB2C44073424F00704EB
:10319800A41B804507464FEAE40408D2024641468C
:1031A80030460EF0C7FB41463046FFF7F3FD39467F
:1031B80030460EF079FBA04208D9394630462246FF
:1031C8000EF0B8FB21463046FFF7E4FD01223946F0
:1031D80030460EF046FBA5E735FE010012FE010061
:1031E80050FE01006DFE0100B2F5802FF8B510D237
:1031F800042A28D83F4940F2E3233F4A3F480EF0CB
:10320800B7FC3F480EF0B4FC40F2E3213A480EF018
:10321800A6FC0823D21ACC1D114424F0070421F07F
:103228000701091B17294FEAD1060ED835494FF473
:103238003B73314A31480EF09BFC31480EF098FC44
:103248004FF43B71E2E70423E4E7002304603146CE
:103258002046A660E3600EF045FB820002F11B05E4
:10326800B6F5004F4FEAD5050FD26B1C9E420CD223
:10327800254940F20233204A20480EF079FC2048C4
:103288000EF076FC40F20231C0E70021043204F16E
:10329800100011F047FF2A46204600210EF0F9FAE7
:1032A800002320461A4619460EF0CAFA771B19461B
:1032B800204601220EF0D5FA3A4629460EF0E9FAE0
:1032C8002B460022294620460EF0BAFA31462046FF
:1032D8000EF0DFFA3B463146204600220EF0B0FAE7
:1032E8003146204601220EF0BCFA2946BDE8F840D6
:1032F800FFF750BD8AFE010012FE010050FE0100DA
:10330800ABFE0100C4FE0100EDFE01002DE9F04F07
:1033180091B0009302F004030293C2F3C203013395
:10332800840705460E46DDF868A00392059340F031
:10333800C881041D002837D101F00706341DC6F1E5
:103348000806009B4FF0000804275A1E4FF0FF3371
:10335800C1460193C3463B46CDF810800DB1009895
:1033680020600598002800F3BF809C48009981429E
:1033780003D39B488142C0F0B7800399601B11F0CA
:10338800020C40F0CA80B9F10F0F40F2C98095498C
:1033980040F28123944A95480EF0EAFB94480EF0D7
:1033A800E7FB40F28121B5E00729CAD86FF01B007E
:1033B80011B0BDE8F08F7A285AD84B280FD8472883
:1033C80056D829282DD825284FD051D8202818BFBD
:1033D80023280CBF4FF0010B4FF0000B6EE04C3868
:1033E8002E2845D8DFE800F06A4444444444444465
:1033F800444444444744444444444444445444476F
:10340800475454546A4768446A4418471844447BEC
:10341800794744444744790000204FF0000B0427C3
:1034280034E001212A38C0B201FA00F010EA0E0F88
:1034380044D110F0625C2BD110EA010B3ED06046FB
:10344800013C3C44B4FBF7F47C4325B1A3EB050CE9
:10345800A444B445AAD8002800F0968005980138FD
:1034680005905AF8040B009078E701990139019109
:103478004FF0000B22E012F8010C6C2831D100202B
:1034880012F8023C83466C2BC9D108273B46D7E784
:103498000AF1070A2AF0070A0734BAEC027B24F07B
:1034A800070435B106982044B0423FF67FAF84ED5B
:1034B800007B4FF0000B083408273B4612F8010F39
:1034C80000287AD0BBF1000F7FF475AF2528F5D11D
:1034D8004FF0010B019B013301930427EDE7584698
:1034E8009BE700208346ABE7039988072FD54FF069
:1034F800010C601BB0F5007FFFF445AF39494FF46C
:103508001F73394A39480EF033FB3A480EF030FB46
:103518004FF41F7134480EF022FB4FF0000CE9E71E
:1035280005B309F140010DEB010E0199C0F38700C5
:103538000EF8200C0EF8101CBCF1000F0ED060F035
:103548007F000EF8200C08F1010809F10109C5F106
:1035580008014FF6DA7E04340691AFE7049801308B
:103568000490F2E7BCF1000F01D00136EDE70299B3
:1035780002360029E9D10098CDE90632FDF788FC2A
:10358800DDE906320644E0E7042B08D10AF104001D
:1035980015B1DAF800102160824604348EE70AF18A
:1035A800070323F0070303F1080A1DB193ED007B1D
:1035B80084ED007B0823083480E7631BB3F5806F34
:1035C8001CD3084940F2D223074A08480EF0D0FA23
:1035D80009480EF0CDFA40F2D2219BE7F4540100DD
:1035E800D82A0200D31A020020FF010050FE010071
:1035F8006FFF01004EFF010089FF01001DB9A6F110
:103608000804E018D4E6029A9B0828602B709DF8FD
:103618001030BAB1EB7085F80280B8F1000F05D010
:10362800002208A8C5F1010791450DD14FF0000A05
:10363800C5F1010308AF01930DF1300BD14512D14B
:10364800601BB5E66B70E6E710F8013B190608D574
:1036580007EB040CB44503F07F033FF6A7AE04F86C
:10366800013B0132E0E7B8F1000F03D097F90020E1
:10367800002A16DB029BC3B11AF80B2004F8012BB1
:103688000022019B18191044B0423FF68FAE3878DB
:10369800009904F8010B2046039211F01DFD039ACE
:1036A80014440AF1010A0137C8E73A7855F822307C
:1036B8000093029B009845F82230FDF7E9FB421C75
:1036C800DFE76FF00D0073E62DE9F04F95B000AF1E
:1036D8008A460546C7E9083258B99B4940F29933EA
:1036E8009A4A9B480EF044FA40F2993197480EF0F6
:1036F80036FA49B903784678807800EB8300284485
:10370800564521D8A0EB050ABB6F95F8028003F057
:103718000103BC6F3B61EB78B8F1000F0CBF0024CC
:1037280004F00104FB6113B1BB6F9E0715D4A4B963
:103738007B6A1BB1514628463A6A98475646304636
:103748005437BD46BDE8F08F441C2046FDF7A0FB6A
:10375800013020440AF1010AD2E7BB6FC3F3C0036A
:103768007B612B78FB609B007B606B68BB60FB68B0
:1037780005EB830B7B6A002B71D15646D844ACB15C
:103788001C461BF8013B55F82300FDF781FBFB6F36
:1037980001303BB1D7F88030A34282BFFB6F23F8DA
:1037A80014000134C3450644EBD1D846BB6F4FF033
:1037B800000913F0050F0CBF4FF0020B4FF0010B7F
:1037C800FB699945BBD298F8013008F1020855F811
:1037D80023A0604B9A45C0F082815F4B7A699A4575
:1037E8002CBF002301230AB318F8021CB8687B62B7
:1037F8000EF087F97B6AC8B1EA468AB06A46574B29
:103808000593BB68CDE906314FF40073ADF820305D
:10381800534B42F8103F00234FF41251514801F026
:1038280037FBD546023E09F10109C9E723B13B69D7
:103838002BB9A6EB0B06F6E7BB6F9807F3D55046F6
:10384800FDF726FBFB6F43B1D7F880309C423FBFA2
:10385800FA6F431C22F8143001340644E3E7002CC5
:1038680066D1B8F1000F69D0BB6F590769D5C14659
:1038780007F140004246594611F02EFC0BEB0803B5
:10388800BB610023DFF8D0E0FA6993426CD3BA6FCA
:1038980095F801B03969920704EB0B0348BF002281
:1038A800DBB258BF4FEA5902002940F0E280B96FF5
:1038B80011F0040F14BF494600216B70A970EA701B
:1038C80028463A6A79687B6A9847061EFFF637AF3A
:1038D800FB6849462B70FB693A6AEB7085F801B0C2
:1038E8007B6A85F8028007F140009847B0F100092B
:1038F800C0F2F1807B68FA69B86903EB4201414480
:103908003A6A7B6AAAEB010198470028C0F2E58071
:103918004FF0000BB14409EB000607F1300AA3454C
:10392800C0F0A98000213A6A08467B6A984706E7F2
:1039380044464FF0000907F130009BE74446C14672
:103948009CE7A1469AE700BFA0FF010020FF010005
:1039580050FE0100F4540100D82A0200BBFF010008
:1039680004000001C45F0100B869634A10F8021B33
:1039780010F8016CB86155F826009042C0F0B58087
:103988007A6970452CBF4FF0000B4FF0010B3AB12C
:10399800B8683B600EF0B5F83B68DFF870E160BBD3
:1039A800BBF1000F2BD03A695AB10F2C36D95349C5
:1039B80040F24343524A53480EF0DAF840F243418A
:1039C80094E6BA6F520718D5B9F10F0F09D94E49C5
:1039D80040F246434A4A4B480EF0CAF840F2464184
:1039E80084E609F1280207F1280009F1010102EB38
:1039F800000909F8106C5FFA81F9013344E7BA6FDE
:103A0800900715D50F2C09D93C4940F24D433C4A43
:103A18003C480EF0ADF840F24D4167E604F128024B
:103A280007F12800611C141804F8206CCCB2E4E7F4
:103A3800B9F10F0F09D934494FF48A63304A314834
:103A48000EF096F84FF48A6150E609F1280207F162
:103A5800280C09F10100944407F1500209F1020908
:103A680052FA80F00CF8101C5FFA89F900F8106C13
:103A7800C3E7002121E71BF80A3055F8239087F89F
:103A88002F30FB6F23B3D7F880309B4520D2FB6FD4
:103A980033F81B8001213A6A7B6A07F12F009847A7
:103AA80000281ADB0644B8F1000F06D14846FDF796
:103AB800EFF900F101081FFA88F8414648463A6ACA
:103AC8007B6A9847002808DB06440BF1010B26E7C0
:103AD8004FF00008DEE74E4631E606462FE67B69E2
:103AE800002B3FF4A9AE00237EE67A69002A86D02F
:103AF8004FF0000B4CE700BFF45401005E000200D9
:103B080020FF010050FE01007D000200D82A0200BB
:103B1800014B1860704700BF8801002080B505463A
:103B28000E461746984608F059FE034602F00AFC6E
:103B3800DFF85090044649F800304246394630468E
:103B4800A8470B4B1B7873B90A4940F246330A4A17
:103B58000A480EF00DF80A480EF00AF840F246310D
:103B680005480DF0FCFF54F8090002F067FB00BFA0
:103B7800E4400020D9000200AE00020050FE01001F
:103B8800EC0002000800000038B50D46044620226B
:103B9800002111F0C7FA0022EB68E361AB68A3616A
:103BA8002B6823626B68A26263622A6923B1591E7B
:103BB800194208BF42F0010222610122002104F1EA
:103BC8002C000EF080FF48B1054906482F23064A0D
:103BD8000DF0CEFF2F2104480DF0C1FF38BD00BF06
:103BE8003401020050FE01000E0102002DE9F04FE1
:103BF800002789B0CDE90123436A04468B428846F1
:103C0800BA460597079754D300F11406EFF31185C8
:103C1800202383F31288BFF36F8F3046A94609F03B
:103C2800C7F858B984234D4A4D494E480DF0A0FFB6
:103C380031464D480DF09CFF842163E0304609F081
:103C4800DBF8079A2AB1394620460EF077F80023A8
:103C5800079306A920460DF098FF0699834641452B
:103C680030D32268236A204613F8221003EB820A15
:103C780021F0030103F82210216842460DF0A9FF44
:103C8800E3682060984218D04FF0000B304609F0E6
:103C98009DF850B389F31188BFF36F8F059929B147
:103CA800A2690AB12046904700230593BBF1000F93
:103CB800ACD1504609B0BDE8F08F236943F0080342
:103CC8002361E1E718B120460DF09DFFDEE7DDE94D
:103CD8000132134339D003910EF023FF0399A0BB9F
:103CE8009DBB304609F072F878B94FF499731B4AB6
:103CF8001E491C480DF03CFF31461D480DF038FFA9
:103D08004FF4997115480DF02AFF85F31188BFF318
:103D18006F8F04F12C00DDE9012307F0E7FA8346F1
:103D2800EFF31189202383F31288BFF36F8F304696
:103D380009F03EF800283FF475AFBBFA8BFB30461C
:103D480009F05AF84FEA5B1BA0E7204607AB05AA23
:103D580027680DF077FF834698E700BF3D01020012
:103D68006A01020050FE01007F0102009501020075
:103D7800AC0102002DE9F0410446C36908460E462D
:103D8800984704F114050746EFF31188202383F3BD
:103D98001288BFF36F8F284609F00AF868B98423A0
:103DA8001A4A1B491B480DF0E3FE29461A480DF034
:103DB800DFFE842115480DF0D2FE284609F01CF8D4
:103DC80033783A4643F001033370616820460DF0BA
:103DD80000FF606020460DF0CCFF284608F0F6FF93
:103DE80068B94FF49973094A0C490A480DF0C0FEA6
:103DF80029460B480DF0BCFE4FF49971DAE788F3B9
:103E08001188BFF36F8FBDE8F08100BF3D0102004C
:103E18006A01020050FE01007F01020095010200C4
:103E2800AC0102002DE9F0470446002700F1140612
:103E3800EFF31188202383F31288BFF36F8F304686
:103E480008F0B6FF054668B98423394A39493A4823
:103E58000DF08EFE314639480DF08AFE8421344833
:103E68000DF07DFE304608F0C7FF2369A1681807EA
:103E780002D463688B4200D2636A5B1A002B41D07C
:103E8800206A10F8213000EB810913F003023CD0BE
:103E9800022A04D150F821205FEA920A05D1DA07F4
:103EA80020D44846E36998478246A168524620468E
:103EB8000DF08FFE5146A06020460DF098FE2F466B
:103EC800304608F083FF10BB4FF49973184A1C4919
:103ED80019480DF04DFE31461A480DF049FE4FF4D1
:103EE8009971BCE743F0020300F82130E3694846C2
:103EF800A56898472946024620460DF06AFE002527
:103F0800A060DDE71D46A946DAE71546FBE788F31A
:103F18001188BFF36F8F002D8AD137B1B9F1000F27
:103F280003D104F12C0007F063F94846BDE8F08797
:103F38003D0102006A01020050FE01007F010200FB
:103F480095010200AC0102002DE9F0410446C36965
:103F580008460D46984704F114060746EFF3118802
:103F6800202383F31288BFF36F8F304608F020FFB9
:103F780068B98423274A284928480DF0F9FD3146B5
:103F880027480DF0F5FD842122480DF0E8FD304664
:103F980008F032FF2B7823F001032B7023699B076D
:103FA80005D5E268236A03EB82039D4222D12B7870
:103FB80023F002032B70D4E90231994204D13A4626
:103FC80020460DF006FEA060394620460DF00FFE93
:103FD800304608F0FBFE90B94FF499730D4A114929
:103FE8000E480DF0C5FD31460F480DF0C1FD4FF4E8
:103FF8009971C9E72B6867F39F032B60E8E788F39B
:104008001188BFF36F8F04F12C00BDE8F04107F071
:10401800EFB800BF3D0102006A01020050FE010036
:104028007F01020095010200AC01020070B5044650
:1040380000F11405EFF31186202383F31288BFF3F0
:104048006F8F284608F0B4FE68B984231A4A1B49C2
:104058001B480DF08DFD29461A480DF089FD842175
:1040680015480DF07CFD284608F0C6FE2369A068B7
:104078001B0702D46368834213D2646A241A284651
:1040880008F0A4FE78B94FF499730B4A0E490C480E
:104098000DF06EFD29460D480DF06AFD4FF499713B
:1040A800DEE71C1AEBE786F31188BFF36F8F201E3B
:1040B80018BF012070BD00BF3D0102006A01020067
:1040C80050FE01007F01020095010200AC010200D0
:1040D8002DE9F84F0546AB8B08461907904616D5CB
:1040E80001280CBF43F0100343F02003AB831435C1
:1040F800284608F06BFE002840F0B181AE494FF425
:104108009973AE4AAE480DF033FD29469DE002286A
:1041180003F0070140F07D8128460DF037FE0528A1
:1041280000F2FA8001A353F820F000BFF740000026
:104138001B44000021430000C54100005F4200000D
:10414800BF42000002F00702531F012B1AD80023B8
:10415800062A2E68A4B2C5E9003309D1334603E024
:10416800EA8B0132EA831B68002BF9D144F0020480
:104178002846AC830DF00AFE002800F05A8144F06E
:10418800200455E1042A0DD1A4B22846AC830DF0D1
:10419800FDFD0646002800F04C8144F0200400266E
:1041A800AC8346E1874940F21B13874A84480DF0E7
:1041B800DFFC40F21B1184480DF0D1FC49B1834962
:1041C8004FF4AB73804A7E480DF0D2FC4FF4AB71CC
:1041D800F1E72B684BB97E4940F257137A4A784881
:1041E8000DF0C6FC40F25711E5E72B691F684FB97F
:1041F80078494FF4AD73744A71480DF0B9FC4FF427
:10420800AD71D8E70E468A464FF00609AC8B24F00C
:10421800070444F00604A4B2AC83AB68002B00F09A
:104228000F814FF0010B44F00804AC8305F114042E
:10423800204608F0CBFD002878D15F494FF49973E8
:104248005E4A5F480DF094FC214663480DF090FCEF
:104258004FF499718EE0022909D0604940F25D134C
:10426800594A57480DF084FC40F25D11A3E7EE8BE4
:104278004EB15B494FF4AF73534A51480DF078FC87
:104288004FF4AF7197E72B695F684FB9514940F216
:1042980061134D4A4A480DF06BFC40F261118AE700
:1042A800AC8BB24624F0070444F00404A4B24FF0E7
:1042B8000409AC83B1E7012909D04A494FF4B27324
:1042C800414A3F480DF054FC4FF4B27173E72B6834
:1042D8004BB93F4940F265133B4A39480DF048FC59
:1042E80040F2651167E72B699F684FB939494FF468
:1042F800B473354A32480DF03BFC4FF4B4715AE7B9
:104308000026AC8BB24624F0070444F00504A4B29E
:104318004FF00509AC8380E72A4940F26B132A4A1B
:1043280027480DF025FC40F26B1144E788F311880B
:10433800BFF36F8FBBF1000F1ED1002E33D117B121
:1043480028462949B847EFF31188202383F31288B8
:10435800BFF36F8F204608F02BFD00284AD1842335
:10436800164A224916480DF003FC214620480DF054
:10437800FFFB842111481FE7A9680029DDD0D1F887
:1043880000800029D9D053464A462846D1F804B0BF
:10439800D847B8F1000F04D0D8F800304146984605
:1043A800EFE74346FAE7314653464A462846366819
:1043B8000DF018FDC1E700BF950102003D010200A4
:1043C80050FE0100D31A0200CC010200F1010200E4
:1043D800FD01020020020200AC01020037020200C7
:1043E8004D0202005C020200754400006A010200EE
:1043F8007F010200204608F0FFFCAC8B24F0080483
:10440800A4B2AC83E20621D524F01003AB8304F0F8
:104418000701D5F818A0AA8BBAF1000F22F00704FB
:10442800BFF690AE00232E68C5E9003344F00104BE
:10443800AC8304F0070989454FF000077FF4EDAE1F
:104448000EB9002FDED04FF0000BECE6A3067FF587
:104458004EAE24F02003AB8304F007015CE688F33A
:104468001188BFF36F8FBDE8F88F00BFF8B5044619
:104478000D4600F11406EFF31187202383F3128809
:10448800BFF36F8F304608F093FC68B984230C4A59
:104498000C490D480DF06CFB31460C480DF068FBDB
:1044A800842107480DF05BFB304608F0A5FCA561A8
:1044B8003A462046BDE8F8400121FFF709BE00BF93
:1044C8003D0102006A01020050FE01007F01020066
:1044D8002DE9F04704460E460DF074FC051E66DB18
:1044E80004F11409EFF3118A202383F31288BFF330
:1044F8006F8F484608F05CFC804660B98423374AD1
:10450800374938480DF034FB494637480DF030FB41
:104518008421324843E0484608F06EFC4FF6FF72AB
:10452800E38BA78B934207F0070743D0062F2CD8BD
:10453800DFE807F01F43092B1F041F006FF08505F4
:104548004FF0000802E002250133E383484608F0F3
:104558003DFC002834D14FF49973204A234921485F
:104568000DF006FB494622480DF002FB4FF4997105
:10457800CFE700233360636823B9C4E9006687B1D5
:104588003D46DDE71E606660F9E71A4915484FF4B5
:10459800E473194A0DF0ECFA4FF4E47116480DF083
:1045A800DEFA524602212046FFF792FD3D46284694
:1045B800BDE8F0876FF00A05C2E76FF00405BFE7B2
:1045C8008AF31188BFF36F8FB8F1000FEFD0002383
:1045D8003A46314620460DF005FCE8E73D01020069
:1045E8006A01020050FE01007F01020095010200ED
:1045F800AC0102005C020200CC010200F8B50546DD
:1046080000F11406EFF31187202383F31288BFF318
:104618006F8F304608F0CCFB60B98423254A2649C1
:1046280026480DF0A5FA314625480DF0A1FA842157
:1046380020482BE0304608F0DFFBAC8B04F0070481
:10464800022C17D0012C0CBF6FF004046FF0850406
:10465800304608F0BBFB38BB4FF49973154A19492B
:1046680016480DF085FA314617480DF081FA4FF4D7
:104678009971DDE7EB8B5BB91449104840F2EF13F1
:10468800134A0DF075FA40F2EF1111480DF067FA70
:10469800013B9BB2EB83002BDAD13A4621462846F0
:1046A800FFF716FD2046F8BD87F31188BFF36F8F1B
:1046B800F8E700BF3D0102006A01020050FE010058
:1046C8007F01020095010200AC01020072020200A3
:1046D800CC01020008B54268034602F00302032A2F
:1046E80081600AD06AB9084908484523084A0DF08C
:1046F8003FFA452106480DF032FA006800225A6058
:1047080008BD0020FAE700BFD31A020050FE0100DE
:104718008002020008B558B90749084840F2351325
:10472800074A0DF025FA40F2351105480DF017FA41
:104738004368587908BD00BFDE02020050FE010040
:10474800A602020010B548B908490948A023094A39
:104758000DF00EFAA02107480DF001FA03681B6955
:1047680013B1BDE810401847184610BDDE0202001C
:1047780050FE0100A60202002DE9F8430446064651
:104788000127DFF8408094FAA4F5B5FA85F507FA11
:1047980005F308EB05156FEA030924EA03042B7BEC
:1047A8005BB12846FFF7CEFF38B96B68042228466C
:1047B800196806EA09060DF080FB002CE3D13046A3
:1047C800BDE8F8833460010010B5002288B00E49B6
:1047D8000E480EF01FFA002200230024CDE906231C
:1047E8000E234FF40062CDE90334CDE90144084BB0
:1047F80008490094084807F0E3F8084906480EF00D
:1048080096F9204608B010BD09490000C8230020C9
:10481800554C000068410020F81E0020F5020200F7
:104828002DE9F047DFF8D4902D4C8046A9EB04031E
:104838008F2B0F460BD92B4940F253132A4A2B488A
:104848000DF096F940F2531127480DF088F92848E1
:104858000DF017FB064660B300252846BDE8F08733
:10486800237B8BB12368DB680BB1204698476368CC
:10487800204683F806A0FFF765FFB0B963680422F5
:10488800204619680DF019FB013610344C4514D92F
:10489800184940F25F13144A14480DF069F9164894
:1048A8000DF066F940F25F11CEE70AFA06F31D43F0
:1048B800EAE705464FF0010AE8E7D1D3B8F1000F5F
:1048C800CBD0002DC8D02846FFF756FF0546002F4D
:1048D800F7D0002140F2391007F0F2FEF1E700BFEF
:1048E800346001002A030200FD02020050FE0100AC
:1048F800103A00205A0302007B03020044600100C2
:10490800014806F075BC00BF44050020014B53F870
:10491800200070471CEE010008B5034608462BB17D
:10492800044A136000F094FD002008BD6FF01500E4
:10493800FBE700BF8C01002010B5044C237813B9A5
:10494800034806F055FC0123237010BDDC4000200D
:104958004405002010B5044609480DF092FA3CB110
:10496800084BD3E8EF1F0139C3E8E21F002AF8D14A
:10497800054808F00FFEBDE81040044806F038BCB2
:10498800083A00200C3A0020C823002044050020E3
:104998000022044BD3E8EF0FC3E8E12F0029F9D137
:1049A800704700BF083A002070B5FFF7F1FF0546D1
:1049B800104C114EB4421AD9104940F21623104A2D
:1049C80010480DF0D5F810480DF0D2F840F2162135
:1049D8000B480DF0C4F82046FFF79CFE28B1236869
:1049E8005B6813B12946204698471034E2E7F2D3B2
:1049F80070BD00BF34600100446001005A0302002A
:104A0800FD02020050FE01007B03020010B5044CB9
:104A180004492046FFF7B8F8034B1C6010BD00BFDF
:104A28007404002008EE0100FC3900200023154A18
:104A380010B51370144A15491360154A15481360C8
:104A4800FFF76AFFFFF7E2FF134B144918468B4242
:104A580015D9134940F22B13124A13480DF088F860
:104A680012480DF085F840F22B110E480DF077F83A
:104A78001A1A5C681211013222711033E7E7F7D372
:104A880010BD00BFDD400020083A002040420F0062
:104A98000C3A0020871E01003460010044600100C8
:104AA8005A030200FD02020050FE01007B030200CF
:104AB8000146002200230148FFF798B8740400203B
:104AC8000148FFF7AFB900BF74040020024B01464C
:104AD8001868FFF739BA00BFFC3900200148FFF712
:104AE800A5BA00BF74040020F8B5314B1B78002B21
:104AF8005BD0FFF7E5FF0446002846D12D4B2E4D2D
:104B08001B68002B19DD0EF083F84FF47A76A0FBB2
:104B1800060747F61222002306FB0171FCF79EF9EF
:104B2800D5E90032C01A40F2E93361EB020198423C
:104B380071F1000101D3FFF737FFD5E9003213F512
:104B48007A7342F10002C5E9003274B3BDE8F84057
:104B5800FFF7C4BF2846FFF7DDFD20B12B682146CB
:104B680028461B6898471035B54211D9134940F2B9
:104B78000A23134A13480CF0FBFF13480CF0F8FF04
:104B880040F20A210E480CF0EAFF104D104EEBE7F8
:104B9800E0D32046FFF79AFF0E4BD3E8EF1F013909
:104BA800C3E8E21F002AA9D0F7E70020F8BD00BF3C
:104BB800DC400020083A0020C02300205A030200ED
:104BC800FD02020050FE01007B0302003460010078
:104BD800446001000C3A002070B5154D297831BBAE
:104BE8000120FFF71DFE134C134EB44218D9134988
:104BF80040F2CF13124A13480CF0BAFF12480CF0D7
:104C0800B7FF40F2CF110E480CF0A9FF2046FFF77E
:104C180081FD18B1236820469B6898471034E4E763
:104C2800F4D3FFF761FF0028FBD101232B7070BD7F
:104C3800DD40002034600100446001005A03020096
:104C4800FD02020050FE01007B0302002DE9F8433B
:104C5800374F384BFB1A1B090AD137494FF46F738A
:104C6800364A37480CF084FF4FF46F71334819E027
:104C780000210846FFF7D4FD0446A8B140F21B689E
:104C88004FF000092F4B1B789BB92F4940F2463350
:104C98002E4A2B480CF06CFF2D480CF069FF40F2AF
:104CA80046312A480CF05BFF4FF0FF384FF0FF39D0
:104CB800E8E701F047FB274B274A1B58136033B13D
:104CC800264B1B68092B02DD254806F091FA0025C2
:104CD80044B12046FFF750FD044618B94FF0FF389D
:104CE8004FF0FF39FFF700FF064628B935B91C48D1
:104CF80042464B4606F0FAFA3546E9E70D4D08E01C
:104D0800F5D22B689B691BB10022284611469847AB
:104D18001035BD42F4D913494FF46C73074A08485B
:104D28000CF026FF10480CF023FF4FF46C719DE740
:104D380044600100346001009A030200FD02020091
:104D480050FE0100E4400020D9000200AE0002003D
:104D5800EC00020008000000043A00200C3A002091
:104D6800440500205A0302007B03020013B52C48B7
:104D78000DF087F82B4B1B78002B35D0EFF31184FF
:104D8800202383F31288BFF36F8F274808F010F8A9
:104D980068B98423254A264926480CF0E9FE2249A9
:104DA80025480CF0E5FE842120480CF0D8FE1E486A
:104DB80008F022F8FFF798FE1B4808F007F868B9D2
:104DC8004FF49973194A1D491A480CF0D1FE164937
:104DD8001B480CF0CDFE4FF49971E5E784F3118878
:104DE800BFF36F8F02B010BD164B1B68002BF9D0B4
:104DF80050B9002200231448CDE9002347F61222B7
:104E0800002308F059FBEDE70928EBD10E4808F01C
:104E1800C1FB0E4802B0BDE8104006F0E9B900BF7A
:104E28000C3A0020DD400020003A00203D0102003D
:104E38006A01020050FE01007F0102009501020094
:104E4800AC010200043A0020C823002044050020D9
:104E580010B5064B04461B6898472146A0600448D5
:104E6800FEF788FFBDE81040FFF780BF8C010020E7
:104E780074040020044A054B9B1AB1EBD30F34BFCE
:104E880052F8310000207047BC5F01003460010017
:104E98002DE9F04F8FB0C1F34A2604AF0D46904676
:104EA800B8607B600C0D002E66D04FF000090A2315
:104EB8004FF0040B07F1140AFE60C7E90799C7F819
:104EC80024900093CDF808B0CDF804A007F11C0396
:104ED8004A464046F968FEF7F7FBB0F5006F03460F
:104EE8001CD36C468AB0D8F8041004AB2B481A4679
:104EF800C3E9050140F2FF71D9614FF400711984CB
:104F0800274B42F8103F4FF412514B462548FFF704
:104F1800BFFFA5462C37BD46BDE8F08FC0F30A0693
:104F280004F11700184420F0070080083B60FFF7E1
:104F3800BFFD66F35325044630B33B6800F110010A
:104F4800C7E908390A23F961CDE901AB0093404666
:104F5800154AF96807F11C03FEF7B6FB002813DAB7
:104F68001249134840F24913124A0CF001FE40F26C
:104F7800491110480CF0F3FD04F1170020F0070068
:104F88008008FFF795FD044666F353252A46204618
:104F98007B68B9680CF0B1FFBCE700BFC30302002F
:104FA80004000001E45F0100D51E01002F04020087
:104FB80050FE0100020402002DE9F04F87B00546BB
:104FC800DDE9106BDDE9127A8846144699462FB35D
:104FD8003B465A4610210020CDF800A0CDF814A079
:104FE800FEF794F900280BDA27494FF4B473274ADF
:104FF80027480CF0BDFD4FF4B47124480CF0AFFD08
:10500800B0F5006F01460BD340F2FF730221214A2D
:10501800214807B0BDE8F04F0CF0C8BF3946384604
:1050280004F0070305F00704E40044EA831444EAA3
:10503800402444EA065406F11700084420F007000B
:1050480080080391FFF734FD0546A0B19FB13B46A8
:105058005A460399CDF800A01030FEF757F90028FA
:1050680009DA094940F28D13084A09480CF080FD15
:1050780040F28D11C1E74B4622464146284607B00B
:10508800BDE8F04F0CF039BF2E0402000204020004
:1050980050FE010038040200E45F0100406820B1BE
:1050A800034BC01A40F3CF0070474FF0FF307047F2
:1050B800BC5F01000EB403B503AB53F8042B0146E3
:1050C8000448019301F0E4FB02B05DF804EB03B07F
:1050D800704700BFFD500000CA0605D48B064CBFC0
:1050E80002490349FFF7E6BF704700BFEB1D020006
:1050F8007004020038B54B6805461A68CB680C4640
:105108009A4202D108460CF075FF6368D3E8EF2F86
:10511800511CC3E8E01F0028F8D1A3689D546368B8
:105128001A68E3689A4209D9054906487223064A6B
:105138000CF01EFD722104480CF011FD002038BD52
:10514800A204020050FE0100730402002DE9F04F92
:1051580089B099469DF85080159B044606930D46E4
:10516800DDE916A3189F05920493B8F1000F00F02B
:10517800A180B8F1040F0BD987494FF41573874AFA
:1051880087480CF0F5FC4FF4157184480CF0E7FCE7
:1051980007F4807307930CF08EFE07F0020B0246AB
:1051A800002856D020467F49FFF784FF0646BBF10A
:1051B800000F08D017F0440F4DD12A4620467A49EF
:1051C800FFF778FF064407F0010353B1774B2046F9
:1051D80053F82820764B7749002A08BF1A46FFF76C
:1051E80069FF07F48073002B07F0080318BF4FF01E
:1051F8000009002B5BD0704B204653F828206F49DC
:10520800FFF758FF0546059B2BB11A4620466C4907
:10521800FFF750FF0544B9F1000F05D04A46204674
:105228006849FFF747FF054467483544069B002B4C
:1052380047D0224665490CF033FC002841DA64491E
:1052480040F2B123554A56480CF092FC40F2B12185
:105258009BE70646ABE75F4B18680028B2D05E4B69
:105268004FF47A7B1B684FF03C0CB5FBF3F5B5FBAC
:10527800F0F14FF4616300FB11550BFB05F5B1FB31
:10528800F3F2B5FBF0FE03FB121100FB1E55B1FB58
:10529800FCF30BFB05F5B5FBF0F50CFB13112046F1
:1052A8000091CDE901E54D49FFF704FF8AE707F0D2
:1052B8000805A8E7B9F1010F45460CBF4248484820
:1052C800B4E7049B002B52D0049B3946102B28BF0F
:1052D8001023204699460026FFF7FEFEB54218DC4B
:1052E8000026334620461AF803203E49FFF7E2FE1F
:1052F8000136102E13D0710703D120463A49FFF723
:10530800D9FE4E453346EDD320463849FFF7D2FE45
:10531800EEE720463449FFF7CDFE0136DEE70026EA
:1053280020463349FFF7C6FE33461AF803202046C5
:10533800A2F120035F2B28BF2E222E49FFF7BAFEC9
:105348000136102E0DD0720703D120462649FFF7EB
:10535800B1FE4E453346E8D320462349FFF7AAFE5F
:10536800EEE7049BCA44B3EB09030493ACD1B8F14C
:10537800000F0AD0FB0704D520460D4A0D49FFF758
:1053880099FE39462046FFF7A7FE204609B0BDE83A
:10539800F04F0CF02FBE00BFD704020073040200C8
:1053A80050FE0100E2040200E60402002CEE0100B7
:1053B800D20402000B05020040EE01000E050200B7
:1053C8001405020018050200FD500000996800004D
:1053D8001D050200183A0020143A0020EF040200CC
:1053E80017200100260502002E0502002C050200E8
:1053F800300502003205020042F20F7373B58B428A
:1054080028BF0B4605680446052168460D4A0AF080
:10541800CBFA0646636828460B225B680A490CF0FB
:10542800DBFD63683246694628465B680CF0D4FDAC
:1054380063681B2228465B6804490CF0CDFD02B066
:1054480070BD00BF8C110200DF290200C3290200D1
:1054580000210123064A904206D8064A01B90123D1
:105468001360054B18607047012140085B00F2E7A4
:1054780040420F00143A0020183A0020F8B50D46B3
:105488000446064F4618B44201D12846F8BD14F820
:10549800011BBB6801485B689847F4E72856010080
:1054A80010B543681C6809480DF0C9FA48B908499D
:1054B80008489923084A0CF05BFB992106480CF030
:1054C8004EFB23685B685C6010BD00BF2856010076
:1054D8009305020050FE010055050200014B0360D0
:1054E8000020704788EE010008B504480CF02AFB3C
:1054F80003480CF027FB002008BD00BFC7050200C9
:10550800FC05020010B5B9B190F93D20002A05DA72
:105518000A480CF021FF6FF0C90010BD182303FBE7
:10552800020402FB033318448388228AE068534349
:10553800A28A5A430FF0D0FD0020EEE729060200A8
:10554800800017282DE9F84F0C466DD900296BD03B
:105558008B7DBBB9CE8906F00106AAB9237D042B41
:1055680003D0E289524202F003020027D4E9005036
:10557800DFF8CC80DFF8CC90218ABBB2994257D8AB
:10558800002053E00026E8E70022EEE735F902ABF9
:105598008AEAEA71A1EBEA7189B2B1F5004F36D017
:1055A8004FEAE11BBBF1C00F38F81B3007DC19F8D4
:1055B8000BB001F07F0111FB0BF103EBD113217D3F
:1055C800BAF1000FB8BFC3F5804302291BB221D03E
:1055D800042922D0012924D19B11803B7F2BA8BF0D
:1055E8007F2300F8013B0CF1010CE1891FFA8CF3D1
:1055F8009942CBD805EB460510440EF1010EA1895E
:105608001FFA8EF3994216D94FF0000CEDE743F6D6
:10561800FA73D4E720F8023BE5E71B0540F8043BA2
:10562800E1E706480CF098FE4FF0FF30BDE8F88F30
:105638004FF0000EE3E701379EE700BF5006020077
:1056480048F90100EB2902001FB5002301930393D9
:105658000123694611480293FEF73AFF58B11049F1
:1056680040F257130F4A10480CF082FA40F25711D3
:105678000C480CF074FA029B9B07FCD1039B4BB1BE
:105688000A4940F25D13074A07480CF071FA40F2E4
:105698005D11EDE705B05DF804FB00BF543A00204A
:1056A800CA0602007706020050FE0100D206020078
:1056B80008B5074A0121D2F80034002043F001035D
:1056C800C2F800340CF0CFFE024B186008BD00BFD2
:1056D80000600550743A0020054A0021D2F80034D1
:1056E80023F00103C2F80034024B186801F01EBB16
:1056F80000600550743A00204FF0FF324FF0FF333E
:10570800014805F0F3BD00BF34050020014805F04D
:105718006FBD00BF34050020014806F077B800BF10
:10572800443A002038B5164B1B7873B9154940F236
:105738004633154A15480CF01BFA15480CF018FAB0
:1057480040F2463110480CF00AFA00F0FBFD114B0C
:10575800114C1D582368AB4210D0236823B10F4B5E
:10576800D3F8C830AB4209D0FFF76EFF4FF0FF32D5
:105778004FF0FF330A4805F0B9FD2560012038BD18
:10578800E4400020D9000200AE00020050FE0100F3
:10579800EC00020008000000403A0020B825002074
:1057A8002405002008B50A48FEF728FF0FF02DFB56
:1057B800084B38B1084AD2F8C8201A60BDE808403A
:1057C8000FF03BBB18600548BDE8084005F010BD68
:1057D800543A0020403A0020B82500202405002033
:1057E800002208B5044B05481A60FEF707FFBDE81C
:1057F8000840034805F0FCBC403A0020543A002019
:105808002405002010B5104910480CF001FB0028B1
:1058180016DB0F490F4805F069FFFFF749FF0E48EF
:105828000EF0E1FF044648B902460121562000F077
:1058380019FC562000F0E6FBFFF74EFF204610BD8E
:105848004FF0FF34FAE700BF88EE0100543A002019
:1058580025230100443A00200060055008B503489C
:10586800034A0021121A0CF091FD08BD78050020AA
:1058780064410020074808B5074A0849121A0CF085
:1058880087FDBDE808400648064A0749121A0CF089
:105898007FBD00BF6000002074050020D82A0200E8
:1058A8006000002060000020D82A02002DE9F84F8F
:1058B80080460C4600AF002965D0D1E90012E946C0
:1058C8008AB0A3686D464FF0050A6E463748CDE9A1
:1058D8000723CDE9050146F810AF002332464FF4FF
:1058E80021513348FFF7D4FAD4E90312CD4663694E
:1058F800AD463048C5E90723C5E90501C5F810A03C
:10590800002332464FF421512948FFF7C1FACD460A
:10591800E3690121284A26480CF048FB2646002561
:105928004FF00A0ADFF8A0B0E946D6E908C0D6E980
:105938000A138EB06A46CDF81CC005F1010CCDE9FA
:1059480008C0A81CCDE90A01E91CCDE905B5CDE9D7
:105958000C1342F810AF002345F2400114480435F7
:10596800FFF796FA102DCD4606F11006DCD1236E0E
:105978000121124A0E480CF019FBA3690121104AB3
:105988000B480CF013FBB8F1010F07D1EFF30583B7
:105998000C4A41460648103B0CF008FB214640469D
:1059A80004F0D0FCBD46BDE8F88F00BFE306020056
:1059B8000C60010012070200410702009307020071
:1059C800A2070200D00702005007020030BFFFF70D
:1059D800FDBF00BF2DE9F04105460B4EDFF83080D2
:1059E800324606EB0807CC1B204608490FF074FB2B
:1059F800A01942460021083C0FF094FBAC6707F160
:105A08000800BDE8F08100BF00000000446001000C
:105A18000800000010B5244C244925480CF0C5FCAA
:105A2800A36A99013ED5224822490CF0BEFC1E20EB
:105A3800A36ADA0104D51E481F490CF0B6FC1F20E2
:105A4800194CA36ADB0204D519481C490CF0ADFCBB
:105A58000220A36A1C0304D5154819490CF0A5FCBB
:105A68002120114CA36A590304D5114815490CF09B
:105A78009CFC2220A36A9A0304D50D4812490CF015
:105A880094FC2320084CA36ADB0304D508480F497B
:105A98000CF08BFC2420A36A6FEA03436FEA1343DC
:105AA800A36210BD1D20C3E700ED00E0E30702007C
:105AB8000C600100FB0702000E0802002808020023
:105AC800520802007008020095080200AF080200A0
:105AD80070B506460D46334C334934480CF065FC26
:105AE800A36AD9064DD5314831490CF05EFC112026
:105AF800A36A1A0704D52D482E490CF056FC12202B
:105B0800284CA36A9B0712D52B4928480CF04DFC5A
:105B1800636BA26A110609D50121284A23480CF0B3
:105B280045FA1EB1A36A23F08003A36213201D4C1B
:105B3800A36ADA0704D51D4821490CF036FC142065
:105B4800A36A9B0604D519481E490CF02EFC1520A3
:105B5800144B9A6AD60602D49A6A940713D59B6A9C
:105B6800D90610D5184940F22D13184A18480BF0D9
:105B7800FFFF18480BF0FCFF40F22D1113480BF003
:105B8800EEFF1020B4E7074B9A6A920642BF5A6AA2
:105B980022F400525A629A6A42F0FF029A62002383
:105BA8002B7070BD00ED00E0DA0802000C60010007
:105BB800F008020023090200360902004E0902001B
:105BC8006409020083090200E4090200B209020024
:105BD80050FE01002E0A020070B506460D46284CFC
:105BE800284929480CF0E1FBA36AD9043CD526488A
:105BF80026490CF0DAFB1720A36A1A0504D52248B7
:105C080023490CF0D2FB18201D4CA36A9B0512D522
:105C18001D4820490CF0C9FBA36BA26A100409D5E2
:105C280001211D4A18480CF0C1F91EB1A36A23F4DA
:105C38000043A3621920124CA36A590504D51248DF
:105C480016490CF0B2FB1A20A36ADA050ED50E48E5
:105C580013490CF0AAFB1B20094A936A43F47F43BB
:105C6800936200232B7070BD1620C5E7A36A9B04BE
:105C7800F2D505480B490CF098FB1C20ECE700BF57
:105C880000ED00E0920A02000C600100A80A020080
:105C980023090200B90A0200D20A0200E70A020038
:105CA800020B020083090200F0B59DB0774B054650
:105CB8005868002600AFC0F3080386F31188BFF3C5
:105CC8006F8F02F07F44B4F17F4F07D102F00C04CC
:105CD800082C12D16E496F480CF067FB6E4940F2F0
:105CE8001B436E4A6E480BF043FF6E480BF040FFB3
:105CF80040F21B4169480BF032FF14074CBF0D46B8
:105D08000126002DEAD00022FA71DA1E092A00F2D3
:105D18009C80DFE802F0059295759A9A9A9A9A986B
:105D280061495C480CF041FB0023584CFB71E36A65
:105D38009A0705D55D4957480CF037FB00242DE03C
:105D4800E36A002B01DA5A49F5E7E36A5B0067D595
:105D5800584950480CF029FB6369AA6943F48073D9
:105D68006361BFF34F8FBFF36F8F32F8023C6269F4
:105D780022F480726261BFF34F8FBFF36F8F03F419
:105D88007F42B2F55F4F24D1DBB2022B21D12B68C1
:105D98000121494A3F480CF009F92C68FB79ABB955
:105DA8006822294607F108000FF096F97B6A002E51
:105DB80068D0C3F3080222B96FEA53236FEA43237A
:105DC8007B62204607F10801FFF770FD7437BD4676
:105DD800F0BD2E4B9A6AD2B22AB10120F91DFFF705
:105DE80077FE0446DAE79A6A12F47F4F04D001205E
:105DF800F91DFFF7F1FEF4E79B6AB3F5803F02D384
:105E0800FFF708FEEDE72D4940F2ED23234A244829
:105E18000BF0AEFE2A480BF0ABFE40F2ED2169E72D
:105E280026494FF43C731D4A1D480BF0A1FE254836
:105E38000BF09EFE4FF43C715CE70020F91DCEE7A5
:105E48000020F91DD5E7204975E7204A6C4610F473
:105E5800F87F8AB01E4918BF11466A46103B07935F
:105E68004FF400731B48ADF820301B4BCDE90501FA
:105E780042F8103F00234FF411510648FFF708F885
:105E8800A5465BE76FF308039AE700BF00ED00E063
:105E9800480B02000C600100730B0200B2090200FB
:105EA80050FE0100860B0200C40B0200DB0B02004F
:105EB800FC0B02000A0C0200290C0200D31A020093
:105EC800450C0200690C0200990C02002F0B02001D
:105ED8001A0B0200BD0C020004000001064B5A69AF
:105EE80042F010025A615A6942F480625A615A6952
:105EF80022F008025A61704700ED00E0EFF30880D5
:105F0800EFF3098101B57246FFF7CEFE01BD00BF70
:105F1800002080F31488BFF36F8F002080F30A8875
:105F280080F30B880F4880F3088802F031F90020CD
:105F38000D490860BFF34F8F00F02CF8202080F344
:105F480011880A484FF40061401880F30988EFF37C
:105F580014800221084380F31488BFF36F8F00F088
:105F6800C1F80000A85A002094ED00E0684900201C
:105F7800002318460649D1F89020C2F3072293421D
:105F880000DB7047C1F89830C1F8A0000133F6E78C
:105F980000ED00E010B572B6002484F31388FFF713
:105FA800E7FF23464FF0FF300C4A03F1200101338D
:105FB800102B42F82100F8D100234FF0FF30074A98
:105FC80003F160010133102B42F82100F8D162B6C9
:105FD800BFF34F8FBFF36F8F10BD00BF00E100E02C
:105FE8001EF0040F0CBFEFF30880EFF309808169FE
:105FF80011F8021C0229FFD001B572460CF0CAF94B
:1060080001BD00BF00B2002807DB01234109034A94
:1060180000F01F00834042F82130704700E100E0A3
:1060280000B200280CDB01220649430900F01F00DA
:106038008240203341F82320BFF34F8FBFF36F8F87
:10604800704700BF00E100E0054B420953F82220E9
:10605800012300F01F0003FA00F01040704700BF52
:1060680000E100E038B54B1C072B04460D460FD95C
:106078006B23104A104911480BF07AFD2946104845
:10608800072322460BF074FD6B210A480BF067FDCD
:1060980000B20028ACBF00F160400A4A4FEA43133F
:1060A800DBB2ABBF00F5614000F00F0080F80033B1
:1060B800135438BDD00C0200070D020050FE010039
:1060C800220D020014ED00E0044B054A23F07F0383
:1060D8009360BFF34F8FBFF36F8F704700000000CE
:1060E80000ED00E008B5FFF7EFFF104BD3F888206C
:1060F80022F47002C3F88820D3F8882042F4A00262
:10610800C3F888204FF04042C3F83422BFF34F8FC2
:10611800BFF36F8F0023E1EE103AFFF79FFBFFF705
:10612800A9FB00F0EFF804F069FA00BF00ED00E009
:106138004FF47D41C0F8C41042F8203C009B0B4945
:1061480042F81C3C019B21F0010142F8183C029BDB
:1061580042F8081C42F8143C4FF0807342F8043CA3
:106168000023203A0265C367704700BF253B000043
:10617800104B9B6883421AD1EFF30580B8B9EFF34F
:106188001181202282F31288BFF36F8F9A8922F03F
:1061980002029A81EFF3148323F0040383F3148833
:1061A800BFF36F8F81F31188BFF36F8F70476FF064
:1061B800150070470C3C00200E461546002300B51C
:1061C800E1EE103AEFF3148323F0040383F3148809
:1061D800BFF36F8FBFF36F8F0B4B826F98600B4BC2
:1061E8001A60836E83F30B882C4686F30988002097
:1061F800034B98472046002100220023014C2047EA
:10620800CF230100253B00000C3C0020783A0020F9
:106218001022014B1A61704700ED00E0054B9A69A6
:106228009B689A421FBF044A536843F080535360E7
:10623800704700BF0C3C002000ED00E0084B9B6855
:1062480083420BD1EFF3058343B1064B5A6842F002
:1062580080525A605A6A22F400425A6206F0C4BA5E
:106268000C3C002000ED00E023498A6882F8C5E074
:106278004FF030001044EFF3098C80E8F01F1EF057
:10628800100F03D102F1840080EC108A202080F3E3
:106298001288BFF36F8F194F4FF000668A698A60C2
:1062A8003E60906F164C206092F9C5E0D06F0023D5
:1062B800D36780F311881EF0100F03D00023E1EE9E
:1062C800103A03E002F1840090EC108AEFF3148393
:1062D80023F0040383F31488BFF36F8F02F13000B7
:1062E80090E8F01F8CF3098802F1000004B50CF067
:1062F80064F8BDE8044070470C3C002004ED00E061
:10630800783A0020002320210448C2180133B3F54D
:10631800917F82F80013F8D1704700BF00E100E0D8
:1063280008B5EFF30583064A103B02EBC30152F8A8
:10633800330049688847BDE80840FFF76FBF00BFD2
:10634800605601000148006870470000783A002054
:106358001FB50121094B0A4A0A4800F00FF900232A
:10636800064A0393084B0121019301A8D31A02930B
:1063780000F028F905B05DF804FB00BF00FC072019
:106388000000002094EE0100780500200A7A0B68CE
:1063980010B562F304031C46CB68520923F01F03AF
:1063A80043EA4203044A43F00103C2F89800C2F8E2
:1063B8009C40C2F8A03010BD00ED00E010B50A4BBB
:1063C800D3F89030C3F30723013B984208D9012141
:1063D8000346064A06480BF0E9FD6FF0150010BDAC
:1063E800FFF7D4FFFBE700BF00ED00E0660D0200F9
:1063F800046001002DE9F04F8946144606464FF027
:1064080000084F4D85B0C84527DAD6F804A0BAF180
:10641800000F44D0BAF11F0F17D91AF01F0F14D16B
:10642800D6F800B01BF01F0F0FD158460BF0EEFF47
:1064380007460AEB0B0001380BF0E8FF874210D043
:106448006FF015073F4A3B4601E043463E4A0121AB
:106458003E480BF0ABFD6FF01504204605B0BDE8D3
:10646800F08F17F1160FEDD0BC42EBDDC5F8987030
:10647800D5F89C10C5F89870D5F8A03021F01F0108
:1064880043F01F0BD6E900321A44994202F1FF3A51
:106498001AD1D34507D13146F8B20BF0C0FF08F145
:1064A80001080C36AFE73146C5F89870D5F89C302E
:1064B800E0B263F30402C5F89C200BF0B0FF10F1C2
:1064C800160FC8D0441CEAE7C5F89870D5F8A02084
:1064D800013B23F01F0302F01F021343D34531464B
:1064E800E0B2C5F8A030E8D00BF099FF10F1160F14
:1064F800B1D0C5F89870D5F89C209DF808300BF1FC
:10650800FF3B62F304038DF80830D5F8A0309DF8FE
:1065180008205B0863F347128DF80820D6E900329B
:106528001344009323F01F035B44A3EB0A030130D9
:1065380023F01F036946C0B20393FFF73FFFBEE78E
:1065480000ED00E0B20D02008C0D020004600100B5
:106558000522044BC3F89420BFF34F8FBFF36F8F0E
:10656800704700BF00ED00E0BFF35F8F0022024BD1
:10657800C3F89420704700BF00ED00E038B50C4D1B
:106588000C462A78FFF736FF287016300FD140F2F4
:106598008913084A084909480BF0EAFA21460848CD
:1065A8000BF0E6FA40F2891102480BF0D8FA38BD30
:1065B800DF400020D50D0200D31A020050FE010072
:1065C800040E02002DE9F74F314D894606464FF07B
:1065D8000008AB462F4FC84502DB03B0BDE8F08F7B
:1065E800D6F804A0BAF1000F4CD0316808460191E2
:1065F8000BF00CFF019904460AEB010001380BF07F
:1066080005FF84424FF01402234B15D002FB08F318
:106618006FF015024BF8032040F299131F4A2049E6
:1066280020480BF0A5FA49461F480BF0A1FA40F2A2
:1066380099111A480BF093FA14F1160F2C60EBD04D
:106648001978A142E8DD02FB08B0C7F89840C7F8FE
:106658009840D7F89C4000F10801007B64F30400DF
:106668000871D7F8A0000C79400860F347140C7142
:10667800D7F89C1021F01F016960D7F8A01021F00D
:106688001F01296108F1010814350C36A3E700BF82
:106698007C3A002000ED00E0DF400020D50D02002C
:1066A800D31A020050FE0100300E02002DE9F0411D
:1066B8006B4D6C4ED5F890303468C3F307239C4279
:1066C80086B013D940F20223674A684968480BF03C
:1066D8004FFAD5F8902021466648C2F307220BF0FE
:1066E80047FA40F2022160480BF039FA0020FFF720
:1066F8003BFF614BC5F8C03084421BD15F4D01A8F8
:106708002C70FEF7EBFE002607464FF061085C4C44
:10671800B74216D100202B785149D1F89020C2F306
:1067280007229342C0F295800020FFF711FF06B0C0
:10673800BDE8F081716801EB0011FFF727FE013019
:10674800DAE7019A300102EB0613D3F80CC00CEA21
:106758000401B1F1807F57D00AD8B1F5001F29D0C4
:10676800B1F5800F43D0B1F5801F14D00136CFE7C3
:10677800B1F1006F48D0B1F1805FF7D159689B68DB
:106788001258013B21F01F000344CDE9021223F007
:106798001F0301220BE0596812589B68CDE90212C9
:1067A8002122013B21F01F00034423F01F038DF831
:1067B800102036E0596812589B68CDE90212412230
:1067C800013B21F01F00034423F01F031CF0010FBD
:1067D8008DF81020059325D02A498423224A24487D
:1067E8000BF0C6F928480BF0C3F984217BE75968F8
:1067F8009B681258013B21F01F000344CDE90212A7
:1068080023F01F030622D2E7596812589B6821F02B
:106818001F00013BCDE90212034423F01F038DF84A
:1068280010800593287802A9FFF7C8FD00280CDA24
:106838000E4940F235230C4A0D480BF099F91348DC
:106848000BF096F940F235214DE72B7801332B7088
:106858008CE7C1F89830C1F8A00001335DE700BFAC
:1068680000ED00E0A0EE0100D50D0200D31A0200F1
:1068780050FE01005F0E0200AAFF4400DF40002026
:106888000000F0FF930E0200B90E0200E80E0200AD
:10689800F0B587B007460E46144600211022684618
:1068A8001D460EF03FFC02238DF80230054B2A46A8
:1068B80021466846CDE90476019309F02DF907B021
:1068C800F0BD00BF5924010008B5024B1B6898476A
:1068D800002008BD903A0020034B044A18609378C2
:1068E80043F0020393707047903A0020980100200B
:1068F80008B505480BF026F9002383F31188BFF388
:106908006F8F0423184602DF210F020008B50549DE
:10691800054A21F007010548521AFCF765FC0020DA
:1069280008BD00BFAF63002000FC0720943A002098
:1069380008B54FF0FF324FF0FF33074804F09EFAD6
:1069480048B1064906488923064A0BF011F98921FE
:1069580004480BF004F908BDA8010020640F0200E8
:1069680050FE01002A0F0200014804F04FBB00BF8F
:10697800A801002038B50546FFF7DAFF2A460821A6
:106988000748FCF795FB044628B925B1FFF7DAFC60
:106998000C22044B1A50FFF7E7FF204638BD00BF12
:1069A800943A00200C00000010B50446FFF7C0FF21
:1069B80021460348FCF7C6FABDE81040FFF7D4BFEC
:1069C800943A002070B5A0FB015434B92846FFF76B
:1069D800D1FF064640B9304670BDFFF7B3FC0C2224
:1069E800044B00261A50F6E72A4621460EF09AFB79
:1069F800F1E700BF0C00000008B5244A244B1A60D8
:106A080000F0C4FC4FF47A612248D0F82436C3F36E
:106A18000802C3F309434B4382F480721E4988324B
:106A280001FB02334FF4FA215B00B3FBF1F201FBE7
:106A380012331A49B3F57A3F28BF0132C1F8042945
:106A4800D0F820364FF47A60C3F30802C3F3094341
:106A5800434342F21C5082F4807202F2172200FB78
:106A680002334FF47A701B0AB3FBF0F200FB1233C7
:106A78000020B3F5FA7F4FF0010328BF0132C1F8B7
:106A88001C27C1F80009C1F8003608BD0020A1077D
:106A9800C803002000C0FF00F82A00800000125040
:106AA80048B1054B054A1B68B3FBF2F35843044B46
:106AB80043F0010318477047C803002040420F0005
:106AC8007062010010B501F003FD214C206001F057
:106AD800FBFC606001F000FD4FF6FF71A060002034
:106AE80001F0FEFC6FF07F41012001F0F9FC4FF648
:106AF800FF71022001F0F4FC0F21032001F0F0FCEB
:106B080040F6FF71042001F0EBFC4FF6FF71052001
:106B180001F0E6FCFF21062001F0E2FC0F2107202E
:106B280001F0DEFC0321002001F0F6FC3F210120EA
:106B380001F0F2FC3F21022001F0EEFC032108469F
:106B480001F0EAFC204601F0A1FB002010BD00BFC7
:106B5800A03A002030B585B001F05AFA00284FF06D
:106B68000103184C0CDB2268834013432360012285
:106B78001546246864B9039801F05AFC204619E0C8
:106B880002210093104A002310480BF019FAEEE78F
:106B980094FAA4F3B3FA83F30D4805FA03F19B00C2
:106BA80024EA010418443AB10A4903AA0BF0E9FDA2
:106BB800002804DA05B030BD03990BF0CEFD0022A1
:106BC800D8E700BFB03A0020760F02001C60010031
:106BD80000210E5000E004502DE9F041044688469B
:106BE80015461F46EFF31186202383F31288BFF35F
:106BF8006F8F414806F0DCF860B984233F4A40496A
:106C080040480AF0B5FF3C493F480AF0B1FF8421EB
:106C18003A4823E0384806F0EFF83C4A10680FB9C4
:106C28000E2C4CD900284BD090FAA0F50123B5FAC8
:106C380085F5AB4020EA03001060002F38D00F3CE8
:106C480048F1FF310B2D0BDD31494FF4A063314A78
:106C58002C480AF08DFF4FF4A0612E480AF07FFF00
:106C6800B1F5801F09D32C4940F20253294A25481F
:106C78000AF07EFF40F20251EFE72B0103F1A04337
:106C880003F56223C3F82045C3F824151A4806F013
:106C98009DF848BB4FF49973184A204919480AF0DF
:106CA80067FF15491E480AF063FF4FF49971AFE773
:106CB8003A46A4F10F01E8B202F0E4FEE6E700B9B3
:106CC8007DB118490A6842B91748D0F8183523F039
:106CD800030343F00103C0F81835013220250A6088
:106CE800D4E76FF05705D1E786F31188BFF36F8FAC
:106CF8002846BDE8F08100BFAC3A00203D01020003
:106D08006A01020050FE01007F010200B03A002033
:106D1800DF0F0200AC0F0200F30F02009501020022
:106D2800AC010200B43A002000E00450002810B57D
:106D380008DA3A49D0233A4A3A480AF019FFD021EA
:106D480037480FE0202823D0B1B1C3B20B2B0BD9A1
:106D58003549344840F24473344A0AF009FF40F296
:106D6800447132480AF0FBFE00221B0103F1A043E4
:106D780003F56223C3F82C2501232D4A8340D2E86A
:106D8800EF0F1843C2E8E10F0029F8D1002010BD29
:106D9800EFF3118480F31288BFF36F8F254806F054
:106DA80007F860B98423244A24491E480AF0E0FE03
:106DB800204923480AF0DCFE84211F48D2E71D48F9
:106DC80006F01AF81F4A13683BB91F49DF23144A13
:106DD80014480AF0CDFEDF21B2E7013B136033B956
:106DE8001A4AD2F8183523F00303C2F818351148A7
:106DF80005F0ECFF68B94FF499730F4A1449094834
:106E08000AF0B6FE0B4913480AF0B2FE4FF4997126
:106E1800D3E784F31188BFF36F8FB7E745100200FB
:106E28001010020050FE0100DF0F0200AC0F02003C
:106E3800B03A0020AC3A00203D0102006A0102008D
:106E48007F010200B43A00205110020000E0045013
:106E580095010200AC0102002DE9F04106691D46CA
:106E680096F8903017469A07069C07D41448154997
:106E78000BF004FB6FF00400BDE8F081631C06F121
:106E8800640818D047F6122C40F2E730002124EAB3
:106E9800E4744FF47A720023E4FB0C01F9F7DEFF87
:106EA80002460B463946404603F0FEFE0028E3D171
:106EB800736B2B60E0E74FF0FF321346F2E700BF39
:106EC800DC5F01006310020037B50446002201218F
:106ED800D020FFF7C7F8636800211D6A01AA284679
:106EE8000BF042FB00282CDB019B2A6819791868F3
:106EF80000F0F8FE002824DB042313491A4613483F
:106F080003F0A2FE042312481A46124903F09CFE1D
:106F18006368256993F82430022B0CBF02200020F7
:106F280000F0C4FBE86158B90B490C484FF4F373FF
:106F38000B4A0AF01DFE4FF4F37109480AF00FFEE0
:106F4800002003B030BD00BFC83A002088030020ED
:106F58005C030020B83A0020AD10020050FE01008A
:106F68007C1002002DE9F04704690D4694F8913031
:106F7800D0F80490D1F810808CB003F0FF0C43B126
:106F8800574858490BF07AFA6FF00F000CB0BDE87B
:106F9800F08791F8243091F826A0012B0CBF1A46EF
:106FA800022281F825204FF0010281F827204FF0B6
:106FB800000218BF4FF0100CBAF1010F0A6209D194
:106FC8005A1E012A06D84A69624501D0012A01D110
:106FD800A96931B1444942480BF050FA6FF01500E5
:106FE800D4E7D8F8000010B198F8040070B994F804
:106FF80090309D0708D5204602F0D8FE94F89030CE
:1070080023F0020384F890300020BFE7102801D055
:107018003649E0E7581ED0F1000E4EEB000E6245EF
:1070280018BF4FF0010C05AE09F1040708BF8A46E6
:107038000FCF0FC697E8070086E80700C5F81CC001
:1070480099F824302A4A022B0CBF012300238DF81B
:107058002C30284B08BF13468DF814E08DF815A086
:107068000193D8F80030314602932B6801A80393A6
:107078006B68049302F094FF054608B11E49AAE71D
:1070880094F890309B0708D5204602F08FFE94F8BC
:10709800903065F3410384F890302046D9F80020F9
:1070A80005A902F04FFE034638B10D480121134AE5
:1070B8000AF07CFF6FF0040068E7B8F8063094F82F
:1070C80090206363D8F8083022F00302236399F80C
:1070D8002430003B18BF012343F00203134391E718
:1070E800DC5F0100CE100200F9100200221102003C
:1070F80000366E010048E8014411020072110200D6
:1071080010B5044602F07EFEC0B1012103460C4AC8
:107118000C480AF04BFF94F89030DB0709D5E0697A
:10712800FDF76CFA031E04DA0121074A05480AF044
:107138003DFF00236FF0040084F8913010BD00BFBC
:107148008F110200DC5F0100A71102000B4670B529
:1071580002460069032B45D8DFE803F0020C020C55
:1071680090F8913023B1012380F8923002F0DCFED0
:10717800002070BD90F890309B0706D41D491E482A
:107188000BF07CF96FF00400F3E790F8913003F00E
:10719800FF05002BECD1012680F89250146994F871
:1071A800903084F8916013F0010F15D0134BE5620D
:1071B80063624FF00303A362DAD0E06904F12001AF
:1071C800FDF786F9031ED3DA84F891500C4A31464C
:1071D80009480AF0EBFED5E72046FFF791FF0028A3
:1071E800C6D0CFE704480121064A0AF0DFFE6FF057
:1071F8001500BEE763100200DC5F01001172000099
:10720800C3110200DF11020010B591F8713083B983
:1072180091F87030DB0712D551F8040CFDF7EEF940
:10722800031E0CDABDE810400121054A05480AF0A2
:10723800BDBEA1F12000BDE81040FFF761BF10BD41
:10724800A7110200DC5F0100F7B506780546454C3A
:1072580066B100230022206B01A903F081FA031E06
:1072680019DA414A012141480AF0A0FE94F8922017
:107278006B68002A4FD0002B37D0002200233C48EF
:1072880001A903F011FD00282BDA3A4937480BF021
:10729800F5F803B0F0BD019F0022002301A904F115
:1072A80038000BF001FC00280EDA33492F480BF0A8
:1072B800E5F8206B019903F0DFFA0123204684F8F2
:1072C800923002F031FEE4E7626B39462046C2F3A1
:1072D8004F0202F0D1FD034608B1284AC2E706462C
:1072E800C4E70199206B03F0C7FA94F89130002B9A
:1072F80034D0002384F8913094F89030DB072DD5F2
:10730800E069FDF77BF9031E28DA01211C4A1748BA
:107318000AF04CFEBDE70BB300220023144801A974
:1073280003F0C2FC002808DA124910480BF0A6F84E
:1073380001230C4884F89230C3E700220023114847
:1073480001A90BF0B1FB002808DA0F4907480BF038
:1073580095F80199206B03F08FFAE9E7002E98D091
:10736800E6E700BF24030020F3110200DC5F010000
:107378005C0300204A1202001112020031120200BE
:10738800A7110200880300205D1202000122024BAF
:10739800C3F80424704700BF002008E037B5402335
:1073A8000C460A490093411A491105462346084AE2
:1073B80008480BF067F8014628B12846234603B071
:1073C800BDE83040184703B030BD00BFEC3A00209C
:1073D800F92401009C550100C9B2022908B509D950
:1073E800084909487E23094A0AF0C2FB7E2107485A
:1073F8000AF0B5FB0C22036901FB0233986E00F01A
:10740800070008BDD112020050FE010094120200CC
:1074180070B5C9B20229034600690BD91849194841
:107428004FF4E873184A0AF0A3FB4FF4E8711648C2
:107438000AF095FBEFF31186202484F31288BFF33A
:107448006F8F0C2505FB0104A46E14F0C00401D055
:10745800A24211D1012205FB01008266002086F3B9
:107468001188BFF36F8F30B90C225B6802FB0133C0
:107478005B689847002070BD4FF0FF30EFE700BF12
:10748800D112020050FE01009412020070B50D46A0
:1074980006490446411A491140220548FFF7B8FF3A
:1074A8002B4601462046BDE870401847EC3A0020BC
:1074B8009C5501002DE9F8430022012107464FF4AD
:1074C8008770FEF7CFFD114801F04EF80446C0B9A9
:1074D80001F074F825464FF00C094FF001083E6999
:1074E8000B4906EB45100AF093FC031E0CDB09FB65
:1074F80005660135032DC6F86880F0D12046BDE841
:10750800F8836FF00404F9E71C46F7E7CD7500002F
:1075180020EF01001FB5002201236C46CDE90223AC
:107528006B46074ACDE900440AF0DBFF28B943F669
:1075380009520023684603F0D9FE04B010BD00BF0D
:107548001125010010B5EFF31184202383F312886D
:10755800BFF36F8F074A136823F00201DB0711603E
:1075680002D4012001F088F884F31188BFF36F8FEB
:1075780010BD00BF703B00200C22104B014602FBDF
:107588000033002030B4D3E918521866EFF31180A5
:10759800202484F31288BFF36F8F9C6E04F0C0041C
:1075A80044F002049C6680F31188BFF36F8F1DB10D
:1075B8002B4630BC0248184730BC7047EC3A0020D4
:1075C8009C55010008B507281ED8DFE800F02727DA
:1075D8000F110427270D124B986E10F007001DD1CC
:1075E800BDE80840FFF7C8BF0220F9E70120F7E728
:1075F8000C4940F2FA230C4A0C480AF0B9FA40F256
:10760800FA2109480AF0ABFA06494FF44173064AD1
:1076180006480AF0ADFA4FF44171F2E708BD00BF21
:10762800EC3A0020D31A02009412020050FE010026
:1076380010B4EFF31180202282F31288BFF36F8F0A
:1076480017490B6843F0020413F001030C6017D0CC
:10765800144BD3F80C3413F4803311D0EFF31181A9
:1076680082F31288BFF36F8F0F4A936E03F0C00343
:1076780043F00203936681F31188BFF36F8F0123F0
:1076880080F31188BFF36F8F23B100205DF8044B9E
:10769800FFF772BF01205DF8044B00F0B7BF00BFD1
:1076A800703B002000E01050EC3A0020024BC0B2C2
:1076B80003EB4010704700BFEC3A00202DE9F04181
:1076C800012206464149D1E8EF3FC1E8E02F0028F2
:1076D800F9D1A3B93E493F484B60CB608A60FCF7BB
:1076E800F7FE00280BDA3C4940F2A3233B4A3C480A
:1076F8000AF03EFA40F2A32138480AF030FA002E88
:107708004DD0731E012B56D8012E06D1354BD3F818
:10771800503403F00303012B41D00BF002FA054665
:1077280050B1EFF31188202383F31288BFF36F8FD2
:1077380001252C4C2C4F21E02C4B1B78002BF0D032
:107748000422284B8046C3F80823F2E74DB340468D
:107758000AF04DFED4F8403413F0FF030ED1D4F8EC
:1077680008215AB1C4F80831D4F808314FF48042DE
:107778000123C4F84034C7F8A0212361D4F84C246D
:10778800D4F84C34D203E1D503F00303012B01D024
:10779800012EDBD155B188F31188BFF36F8FBDE897
:1077A800F0810021202004F08BFFD3E704220D4B49
:1077B800C3F80423F3E70E4940F2B523074A084803
:1077C8000AF0D6F940F2B52196E700BFE83A002062
:1077D800D83A00200C3B00201D050200941202003C
:1077E80050FE010000E0105000E100E0E4400020FD
:1077F800D31A020008B507480BF021F938B106483A
:10780800FFF76AF80448FCF783F9002008BD6FF019
:107818001200FBE728560100257800000A2838B531
:107828000446074D04D1AB680D2128465B6898478C
:10783800AB6803485B68E1B29847204638BD00BF93
:107848002856010038B5036961B921496423214AE2
:1078580021480AF08DF921480AF08AF964211D4867
:107868000AF07DF9486850B91D496523194A1A4834
:107878000AF07EF91B480AF07BF96521EFE75868A2
:1078880000B30024884219D108688CB99C685860F4
:10789800A14200D19860002008602AB15A680A60A5
:1078A8009A68596002B9996000200FE02846E9E714
:1078B80020609868814208BF9C60ECE70568044630
:1078C800002DF3D1002AE9D16FF0150038BD00BFB3
:1078D800611302002513020050FE01006A13020022
:1078E800791302008B13020008B503687F2B4FEA57
:1078F800531107D80C4A03F01F0332F91120DA405C
:10790800D2070BD409490A484FF48263094A0AF09E
:107918002FF94FF4826107480AF021F90360064BFA
:1079280053F8210008BD00BF48FB0100D513020031
:1079380050FE0100A213020050EF010070B5446828
:1079480001F01F05207C86B045EA4015A068002894
:1079580072D0B2F5001F04D1294601F0FFFC0020C7
:107968004EE06068667CB2F5800F46624FF0000614
:1079780001A80196466032D1B3F1007F14BF0523F8
:1079880004238DF804300023CDE904030393E3684E
:107998006E46CB4013F0010F34D1B2F1A07F31D144
:1079A80068460095FFF7A0FF009B203350F823306E
:1079B800DB0727D46A462946A06801F05DFB16302C
:1079C80018D002962946A06803AA01F0F5F9002804
:1079D80016DB01222946A06801F03EFCBFE7B3F19F
:1079E800C06F05D0B3F1007F14BF01230223C8E79D
:1079F8000323C6E76946A06801F00AFC0028E0DA1C
:107A080006B070BD32462946A06801F035FB002853
:107A1800D8D19DF80010A06801F0DAFB0028D1D079
:107A28000749084840F2F113074A0AF0A1F840F262
:107A3800F11105480AF093F86FF08500E0E700BF00
:107A48003401020050FE0100F81302002DE9F04352
:107A5800466840F20635337CD00601F01F0747EA36
:107A6800431748BF032302EA050558BFC2F3401372
:107A780087B0B5F5837F14468DF8033043D00DD811
:107A8800062D42D005D8A5B1022D12D06FF01500F1
:107A980036E0B5F5807FF9D101250AE040F20222EF
:107AA800954234D0B5F5407F33D0B5F5007FEDD1A0
:107AB800042522032FD5012372688B405360B068D8
:107AC80080BB03A80397FFF70FFF039B00EB83001E
:107AD800C4F3004383F00103C4F34044D0F880208A
:107AE80044EA43049DF8033022F4706244EA8304B4
:107AF80022F00F0244EA05231343C0F88030002027
:107B080007B0BDE8F0830925D3E70825D1E70625A6
:107B1800CFE70525CDE7630341BF012372688B409A
:107B28009360CCE739460DF1020201F0A5FA14F48E
:107B3800403F804617D13946B06801F031FBB8F1B3
:107B4800000FDCD19DF80210B06801F041FB00285D
:107B5800D5D01E491E48FC231E4A0AF009F8FC210C
:107B68001C4809F0FCFF4FF0000901ABCDE9019971
:107B7800CDE90439CDF80C903946B06803AA01F074
:107B88001BF94845BBDB14F4003314D09DF80330CF
:107B9800C4F3004484F001048DF80E308DF80C50C5
:107BA8008DF80D404B463946B06803AA01F0C6F976
:107BB8000028C4DAA3E7CDE904330DF103030393E6
:107BC8003946B06803AA01F0F7F8F1E7340102007A
:107BD80050FE0100F81302007F2870B54FEA5011DB
:107BE8000CD8144A52F8216046B13269516829B15B
:107BF800012500F01F030C689D4001B970BD8A681B
:107C08002A4010D04B6863B90B4989230B4A0C48AA
:107C180009F0AEFF0B4809F0ABFF8921074809F0CE
:107C28009EFF304698471CB1236821461C46E4E76E
:107C38002346FAE760EF010024140200251302002E
:107C480050FE01008B13020038B54568A868C0B122
:107C580001F08CFA0146A0B9A86801F041FA04467F
:107C680088B902460949A86801F0EEF922460121BF
:107C7800DB20FEF7F7F92246012140F20D10FEF74E
:107C8800F1F9002038BD6FF00400FBE7E17B00004C
:107C980008B503687F2B4FEA531107D80C4A03F045
:107CA8001F0332F91120DA40D2070BD409490A48D8
:107CB8004FF48263094A09F05BFF4FF48261074879
:107CC80009F04DFF0360064B53F8210008BD00BFC3
:107CD80050FB0100D513020050FE0100A213020060
:107CE800C0EF01002DE9F04F154606464FF0010997
:107CF80085B000EB8108B04503D1002005B0BDE890
:107D0800F08F3268C2F3C323082BC2F3080400F2D1
:107D1800A6805449CF5C40F2FF139C4208BF4FF045
:107D2800FF34B2F1D05F4FEA126310D2192B12D888
:107D3800DFE803F014233734282F341111111111FF
:107D480011111111111111113A3D40777A7D382B1B
:107D580070D04E2B25D06FF08500CFE7C5F80446CC
:107D6800621C5CD003A80394FFF792FF039B4FF0BB
:107D7800010A09FA03F343602FE0C5F80C464FF0F7
:107D8800000B68E04FF0000AC5F80046611C1CD1E2
:107D980045E0C5F804464FF0010AF7E7C5F808467C
:107DA800EDE7C5F81046DBE7C5F84045F3E7C5F849
:107DB8004445E4E7C5F860457388601C03F0010397
:107DC8002DD0002BCED14FF0010A03A80394FFF762
:107DD8005FFF039B09FA03F383604FF0010B3268DE
:107DE80003A8130444BF4FF0010A4FF0000B01929F
:107DF8000394FFF74DFF039B019A00EB8300C2F346
:107E080041223B02D0F8801043EA8203164A43EA33
:107E18000B030A40134343EA4A03C0F88030043690
:107E280069E7C5F86445C7E7C5F86845C4E7C5F814
:107E38006C45C1E703A80394FFF72AFF4FF0010B35
:107E4800039B00EB8300D0F8803023F0E04343F03D
:107E58008043C0F88030631CE1D0DA46BFE76FF09A
:107E680015004BE7AC2A0200F0F0FCFF2DE9F041C9
:107E780004460D4647680AF054FE88B12021EFF306
:107E880011831A4681F31288BFF36F8F6068006808
:107E9800D0F83001D0B983F31188BFF36F8FEEE7C4
:107EA8001E4B1B78002BE9D04FF02008642663682E
:107EB8001B68D3F83031FBB901200AF006FC013EFB
:107EC800F5D10021202004F0FBFBEFE77B6A0020BE
:107ED8001D706368796A1B68C3F83C170121C3F8F1
:107EE8004017C3F83001D3F83001196582F31188BF
:107EF800BFF36F8FBDE8F081EFF311831A4688F363
:107F08001288BFF36F8F61680968D1F830110029B2
:107F1800DCD183F31188BFF36F8FD2E7E4400020F0
:107F280070B5154C154620681E46002805DB002153
:107F3800FEF7FCFE4FF0FF332360104BD3E900122D
:107F48006C1A66EB0200640944EAC0642020E4FB72
:107F580000120020C3E900120021094BC3E90056B2
:107F6800084BC3E9000105F05FF901462046BDE86A
:107F7800704005F0BFB800BFB803002020240020DF
:107F8800082400201824002008B500220121E4203C
:107F9800FEF768F8164A0020D2F8183723F4403361
:107FA800C2F8183701F016FC002820DB012011491F
:107FB80001F0C0FC00281ADB01F0CCFB0E4B20F0CE
:107FC8001F00C3E900010D4B0022C3E900014FF077
:107FD800FF304FF0FF310A4BC3E90001094B0A4952
:107FE800187A01F0E1FB67220020084B1A6008BDEF
:107FF80000200E50C403002020240020002400206C
:1080080008240020BC030020297F0000AC3B00208E
:1080180013B50A4C2378032B03D96FF00B0002B079
:1080280010BD0DF107000AF0F8FC0028F5DB2378F5
:108038009DF8070001332370F1E700BFE2400020FC
:1080480008B501F087FB064AD2E90032C01A054B91
:1080580061EB0201C3E90001400940EAC16008BDC3
:1080680020240020182400202DE9F341354D8046B6
:108078002868354B00281E7A05DB0121FEF756FEDD
:108088004FF0FF332B60314F3149D7E90032D1E946
:1080980000018A4208BF83421FD1B8F1806F1CD209
:1080A8004FEA4814012C38BF0124E31842F10002BA
:1080B800B8F11E0FC7E900320CDC002120460AF097
:1080C800D2F9286001222146304602B0BDE8F041CD
:1080D80001F0D8BC4FF0FF30F3E71E49DFF878C055
:1080E800D1E90041DCE9000C241841EB0C0C4FF0FD
:1080F800200E20466146C8FB0E01834272EB010E3A
:10810800C7E9000118D21B1B62EB0C02C82B72F1E5
:108118000002B4BF01240024B8F11E0F0EDC0022B7
:108128000AF0A9F9286000943046D7E9002301F045
:1081380069FC02B0BDE8F0810024EDE74FF0FF30A4
:10814800F0E700BFB8030020BC0300201024002083
:1081580008240020202400201824002003689A07FF
:108168000CD50368DB070DD50922074BC3F80C258E
:108178000F22C3F8042501221A60FEE7034B0360AF
:10818800EF3B0360704700BF00801050F000FA50CA
:1081980008B50123354AC2F80038A2F55722D2F8AB
:1081A8000024334AD2F84023292A01D0332A02D1A5
:1081B800304AC2F80C343048FFF7D0FF0830FFF7D8
:1081C800CDFF0830FFF7CAFF0830FFF7C7FF00F5FB
:1081D800F470FFF7C3FF294AD2F88C3043F44063A8
:1081E800C2F88C300022D30003F57F0303F5404327
:1081F800D3F8001401310AD0D3F8001439B1D3F8F8
:1082080000140132D3F80434402A0B60EBD11C4B24
:10821800D3F80026D20724D41A4BD3F8182522F015
:108228000302C3F81825D3F81825C3F81825134AEC
:10823800D2F88C1041F44061C2F88C10D2F8881042
:1082480041F47001C2F88810BFF34F8FBFF36F8FEE
:108258000022C3F8A0250C4AD2F80034012BFBD029
:1082680008BD6FF00102C3F80026D5E700001250E0
:1082780000C0FF000030055000F50E5000ED00E092
:1082880000E0105000E0045000900450014B1860CA
:10829800704700BFB03B00202DE9F04F604C87B01D
:1082A800019222685AB95F495F484FF4B8735F4A30
:1082B80009F05EFC4FF4B8715C4809F050FC526854
:1082C80088428BBF52F8212052F82020401A091A00
:1082D80087BF52F82020012652F821200026EFF30C
:1082E800118C202181F31288BFF36F8F002115793B
:1082F800A94225D300204FF0010E04AF117988421E
:108308002CD300208CF31188BFF36F8F002840F026
:108318008480216886F001070C687106141BE40844
:1083280041EA84610446BF000297B70004AD039791
:108338001779A74233D8019B196007B0BDE8F08FC1
:10834800106850F8210023B1B3F800E04778BE4523
:1083580002D040680068F8B10131C9E7116851F8E6
:1083680020104BB1B3F800804D78A84504D1997816
:1083780007F8011B0130C1E7D1F80480D8F8005094
:10838800B5FA85F1C1F11F010EFA01F925EA0905CF
:10839800C8F80050C9B2EBE76FF00B00B2E71768F6
:1083A80057F824C09CF80070012F20D195F800E000
:1083B80095F8019015F8017C56BBB8464F4647F032
:1083C80000470097029F0EF1200B0CEB0709039F53
:1083D800D9F808900CEB070ADAF808A0009F48F0D3
:1083E80000480EF1600E4AF82B8049F82E7004EB15
:1083F80084072BB19CF801E0B3F800C0E64509D02A
:1084080095F800C00CFA07F73943013401358FE7B6
:10841800C846D4E74FF01F0CF4E76FF00B008CE769
:10842800B03B0020B514020050FE01007814020091
:1084380070B5154B810E1B6801261A6800F01F03E2
:1084480002EBC10552F831202C791268D16800225C
:10845800A24200D370BD1F2B18BF06FA03F302F126
:10846800020218BFC1F80435944288BF296802EB9C
:10847800820388BF51F8221020FA03F394BF002129
:10848800C96803F01F03E3E7B03B002030B50D4B8C
:108498001A68830E126802EBC302002314799C4207
:1084A80002D86FF015000AE0156855F823506D786A
:1084B8008D4205D103EB8303D84000F01F0030BD87
:1084C8000133ECE7B03B002000487047CC030020A4
:1084D8000048704720F0010000487047D8F00100BC
:1084E800072808B509D9084908488823084A09F01F
:1084F8003FFB8821064809F032FB064B03EB0013CB
:108508005B68196008BD00BF1D15020050FE010020
:10851800CB140200D8F00100032808B509D908498E
:1085280008488F23084A09F023FB8F21064809F0E1
:1085380016FB064B03EB00139B68196008BD00BFD0
:108548003C15020050FE0100CB140200D8F00100D7
:10855800014B1B68184700BFE43B0020014B072074
:108568001B681847E43B002010B5104C2379D3B999
:10857800012323710E4B0028206018BF184600F015
:10858800C1F990B923680B48002B08BF184600F0C2
:10859800C3F850B923680848002B08BF1846BDE83F
:1085A800104000F08BBA6FF0770010BDE43B00205C
:1085B80059850000092801006585000008B50E4BA3
:1085C8001A794AB90D490E48B1230E4A09F0D0FA72
:1085D800B1210C4809F0C3FA1B6843B14FF4877006
:1085E800FDF732FD18B94FF48770FDF70BFD012236
:1085F800054B1A7008BD00BFE43B00209D15020022
:1086080050FE010060150200E340002008B5154B3C
:108618001B795BB9144940F20513144A144809F050
:10862800A7FA40F20511114809F099FA012806D075
:10863800022808D058B9BDE8084000F07FB8BDE866
:10864800084000F06DB9BDE8084000F045BA094996
:108658004FF49273054A064809F08AFA4FF492716A
:10866800E1E700BFE43B00209D1502006015020011
:1086780050FE0100D31A020008B5154B1B795BB9EF
:10868800144940F22B13144A144809F071FA40F2C5
:108698002B11114809F063FA01280CD0022812D0D6
:1086A80068B10F494FF4A5730B4A0C4809F060FAFA
:1086B8004FF4A571EDE7BDE8084000F07BB9BDE8CF
:1086C800084000F08DB8BDE8084000F035BA00BF9A
:1086D800E43B00209D1502006015020050FE0100D9
:1086E800D31A020038B504230A4C42F21075C4F8B4
:1086F8000833012363610023C4F80831D4F8083132
:10870800D4F84C34DB0304D5012009F0DEFF013D29
:10871800F6D138BD00E01050064A13793BB9012163
:1087280010601171044A1846C2F8403470476FF05F
:1087380077007047EC3B002000E0105010B5234C48
:1087480023794BB922492348E523234A09F010FA33
:10875800E521214809F003FA204BD3F84C14D3F84B
:108768004C24C80319D502F00302012A01D08AB9A2
:1087780000221A4BC3F840240022C3F80821D3F87A
:10878800082101221A6122688AB9D3F80821002A2F
:10879800FBD014E0FFF7A6FFEAE7D3F84824D10797
:1087A800E6D5D3F850249207F4D422681AB10422EB
:1087B800C3F8042310BDD3F80821002AFBD00022F7
:1087C800C3F80821D3F80831F4E700BFEC3B0020D8
:1087D8009D15020050FE0100BB15020000E010507C
:1087E80008B5094B1B795BB9084909484FF49173DF
:1087F800084A09F0BDF94FF49171064809F0AFF93C
:10880800BDE80840FFF76EBFEC3B00209D15020055
:1088180050FE0100BB15020070B501251E4C1F4E0D
:10882800D4F80C0300F00C0000B970BDB0FA80F069
:108838000021C0F11F00830003F580739BB203F190
:10884800A04303F58713196005FA00F202281B6894
:10885800C4F8082313D1D4F84C34D4F84C349B070B
:108868000AD10423C4F84054C4F804332561D4F869
:108878000C0300F00C00D7E733689847F7E708497E
:1088880008484FF4F573084A09F072F94FF4F57186
:10889800054809F064F900BF00E01050EC3B0020E7
:1088A800D31A020050FE0100BB150200712238B530
:1088B800114B0021C3F8082301225A60C3F80011A4
:1088C800D3F800110D49D1F84013292901D03329D3
:1088D80000D1DA6042F21074074DD5F80C3413F465
:1088E800803305D0012009F0F0FE013CF5D138BDF8
:1088F800034A5371FBE700BF00E0105000C0FF00BF
:10890800F43B0020054B0246187918B91A60012279
:108918001A7170476FF07700704700BFF43B002072
:1089280008B51E490B794BB91D491E4892231E4AAA
:1089380009F01EF992211C4809F011F900221B4B7D
:10894800C3F81021D3F81001C3F81821D3F818017F
:10895800C3F81421D3F81421154AD2F84023292A40
:1089680001D0332A01D101229A600022C3F80021E4
:10897800D3F8002101221A600A6852B90B4BD3F8C8
:108988000021002AFBD00022C3F80021D3F80031CF
:1089980002E07122C3F8042308BD00BFF43B0020A5
:1089A8009D15020050FE0100FE15020000E0105067
:1089B80000C0FF0008B5084B1B794BB907490848A8
:1089C800B223084A09F0D4F8B221064809F0C7F8DA
:1089D800BDE80840FFF76ABFF43B00209D15020080
:1089E80050FE0100FE150200F8B50126214C224D6B
:1089F800D4F80C3303F0710303B9F8BDB3FA83F369
:108A08000021C3F11F039A0002F5807292B202F1AD
:108A1800A04202F58712116006FA03F7052B1268C7
:108A2800D8B2C4F808731DD0202F0ED8D3B1042BA8
:108A38000FD0124912484FF49D73124A09F098F862
:108A48004FF49D710F4809F08AF8062BF1D169712E
:108A580008E002236B71C4F81411D4F814312023F0
:108A6800C4F804332B689847D4F80C3303F0710327
:108A7800C2E700BF00E01050F43B0020D31A020008
:108A880050FE0100FE15020038B580230A4C42F260
:108A98001075C4F808330123A3620023C4F81C31FD
:108AA800D4F81C31D4F86C34DB0304D5012009F068
:108AB8000CFE013DF6D138BD00E01050054B0246D2
:108AC800187918B91A6001221A7170476FF0770087
:108AD800704700BFFC3B002008B5124A13794BB918
:108AE800114912486123124A09F042F861211048DD
:108AF80009F035F800210F4BC3F81C11D3F81C11ED
:108B08000121596212681AB18022C3F8042308BDF2
:108B1800D3F81C21002AFBD00022C3F81C21D3F86B
:108B28001C31F4E7FC3B00209D15020050FE0100BB
:108B38003E16020000E0105008B5084B1B794BB9EF
:108B4800074908487323084A09F012F873210648B0
:108B580009F005F8BDE80840FFF796BFFC3B002088
:108B68009D15020050FE01003E160200094BD3F885
:108B7800042312060DD5D3F81C2152B10022C3F8E4
:108B88001C21D3F81C218022C3F80823024B1B6840
:108B98001847704700E01050FC3B00207F2898BF22
:108BA800074B4FEA50129FBF33F9123000F01F00F5
:108BB80023FA00F000F0010088BF0020704700BFD2
:108BC80058FB0100034A4309D35C00F01F00184416
:108BD800C0B27047B52A020010B504460846FFF730
:108BE800F1FF04EB4000838ADA051CD5C3F3432167
:108BF80023F4F853838204F1120204F1960032F848
:108C0800023F13F4807F03D0C3F3432399420AD071
:108C18009042F4D1002204EBC1035A6004F19C0095
:108C280009F06FFD00B910BD054906484FF4DB7324
:108C3800054A08F09DFF4FF4DB71034808F08FFFE9
:108C48003401020050FE01008116020010B50168CF
:108C580004460846FFF7A2FF58B910494FF482634B
:108C68000F4A104808F084FF4FF482610C4808F05E
:108C780076FF01F01F037F2923604FEA511209D9BB
:108C8800094940F21943064A064808F071FF40F2C4
:108C98001941EBE7054B53F8220010BDD51302002C
:108CA800A213020050FE0100D31A020058F101007D
:108CB800072808B50BD90849084840F2A733084ADD
:108CC80008F056FF40F2A731054808F048FF800039
:108CD80000F5807008BD00BFF416020050FE0100C8
:108CE800BF160200F0B58446002587B0DFF84CE0D7
:108CF800114F019102AE1EF8013B06AA02EBD30206
:108D080012F8144C03F00703DC4014F0010406D1F8
:108D18000135042DEFD10024204607B0F0BD97E8B7
:108D28000F0086E80F0056F82520136A4CF8253006
:108D38001362002BECD0EFE75C600100C52A02004B
:108D4800F7B504460846FFF73DFF04EB4006B38A33
:108D58000D46DB072AD5204609F03DFE2946204668
:108D680009F059FD50B1204609F084FD0023276819
:108D780007EB8000C0F81035C0F8103520460024F5
:108D88002946FFF729FFB48201A80195FFF75EFF86
:108D9800019B00EB8300D0F88020064B134043F082
:108DA8000203C0F88030204603B0F0BD6FF0150014
:108DB800FAE700BFF0F0FCFF2DE9F0430E46174636
:108DC800044685B058B95A495A4840F25E435A4A4F
:108DD80008F0CEFE40F25E41574808F0C0FE084653
:108DE800FFF7F0FED7F800800546B8F1000F19D05C
:108DF800204609F034FD18BB4346CDE900008DF844
:108E08000E008DF80F000DF10F0230460DF10E0126
:108E180009F059FD04EB4502938A23F0020343F05D
:108E2800010393827B689BB33146204693F8008008
:108E3800D3F8049009F008FD28B1B9F1000F1FD04C
:108E48006FF0150027E004EB4500838A23F46043A4
:108E580023F020038382B9F1000F11D0B8F1030F7A
:108E6800EED87B6821685B6893F800C04FEA8C03F2
:108E78001944B8F1000F11D1C1F81085C1F8108557
:108E880004EB4502938A23F01C0343EA8803938288
:108E9800BB684BBB002005B0BDE8F083D1F81025B6
:108EA80022F00302C1F8102522681344D3F81025D4
:108EB80022F4473222F47C72C3F8102541F6F0728E
:108EC800D3F8101502EA061242EA08420A43C3F828
:108ED800102504EB4C03A3F8A060838A43EA4C33C3
:108EE80043F020038382CBE73146D3E9007820465C
:108EF800FFF772FE002FCDD063689F4206D004F1C1
:108F08009C0009F0E4FB002804DAC4E7A36898454C
:108F1800F5D1002004EBC003C3E9017804EB450553
:108F2800AB8AC0B243EA402343F48073AB82B1E713
:108F3800FE16020050FE0100811602002DE9FF41D5
:108F48000D4616461F46044658B93B493B484FF460
:108F58008D633B4A08F00CFE4FF48D61384808F0E9
:108F6800FEFD0846FFF72EFE804616B3204609F0A0
:108F78006BFC18B9204609F04EFC08BB2946204670
:108F880009F054FC10B17378012B19D001238DF826
:108F98000F300023721CCDE900632846B31C0DF185
:108FA8000F0109F090FC04EB4802938A43F0030395
:108FB8009382002F3ED02946204609F045FC20B96F
:108FC8006FF0150004B0BDE8F08100223E782368F8
:108FD80004EB480003EB8603C3F81025C3F81025FB
:108FE800838A4FEA860C23F4604323F020038382AC
:108FF8007978F9B12268134B6244D2F81045BF78EA
:109008002340C2F8103541F6F073090401F44031E9
:1090180003EA05130B433905D2F8104501F4801112
:109028000B432343C2F81035838A43EA463343F09F
:10903800200383820020C5E7FE16020050FE0100CF
:10904800811602000FE0ECFF08B558B90749084837
:1090580040F27143074A08F08BFD40F27141054820
:1090680008F07DFDC0E9031208BD00BFFE1602002E
:1090780050FE01008116020070B51546044658B925
:10908800134940F27A43134A134808F071FD40F23D
:109098007A41104808F063FD4AB9104940F2233379
:1090A8000C4A0D4808F064FD40F22331F1E709F05D
:1090B800B2FB48B10846FFF785FD04EB40040020E9
:1090C800A38A5B0B2B7070BD6FF01500FBE700BF28
:1090D800FE1602008116020050FE01000917020068
:1090E800F8B5044658B91C491C484FF491631C4A0A
:1090F80008F03EFD4FF49161194808F030FD90F8F2
:10910800B05090F8B1701DBB8422294614300CF081
:1091180009F8144B266853F83770AF4213D100256D
:1091280040F20D10C6F84451D6F844310E4B9E4219
:1091380008BFDB20FCF766FF0123284684F8B0301F
:10914800C4F89C30F8BDE8B2FFF7B2FD0135E4E79A
:109158006FF07700F6E700BFFE16020050FE010030
:109168008116020068F1010000A00D5008B558B939
:109178000849094840F28F43084A08F0F9FC40F2D0
:109188008F41064808F0EBFC90F8B000003818BF93
:10919800012008BDFE16020050FE010081160200E3
:1091A80008B558B90749084840F29D43074A08F0EE
:1091B800DFFC40F29D41054808F0D1FCBDE80840BD
:1091C800FFF7BEBDFE16020050FE01008116020028
:1091D80008B558B90A490B4840F2A4430A4A08F0AE
:1091E800C7FC40F2A441084808F0B9FC074B90F8C6
:1091F800B10003EB8000BDE8084009F082BA00BF67
:10920800FE16020050FE0100811602000404002030
:1092180010B50C4658B90C490C4840F2AB430C4AFF
:1092280008F0A6FC40F2AB41094808F098FC094B4D
:1092380090F8B10003EB800009F049FA0028A4BFB8
:109248002070002010BD00BFFE16020050FE010075
:1092580081160200040400202DE9F3410D4616464C
:10926800044658B938494FF4A563384A384808F0D5
:109278007FFC4FF4A561354808F071FC09F0D6FA77
:1092880048B9344940F23543304A314808F070FC57
:1092980040F23541EFE7204609F0BDFA2768F8B1FA
:1092A800204609F0D1FA8046D0B9204609F0E2FA02
:1092B8000546FFF7FDFC47F800803B58236803EBA1
:1092C8008503D3F8102542F00102C3F8102526B112
:1092D80001232268AB40C2F8143302B0BDE8F08124
:1092E800D7F814339B035CBF4FF40033C7F814332B
:1092F8004EB9194940F24F43144A154808F038FC52
:1093080040F24F41B7E72846FFF75CFC04EB400406
:10931800A38AC3F38203042B11D0052B11D001A813
:109328000195FFF793FC019BC168D94001F0010149
:109338000231284602B0BDE8F04109F011BB032113
:10934800F7E70221F5E700BFFE16020081160200CA
:1093580050FE0100131702003417020008B558B96F
:109368000749084840F22F53074A08F001FC40F229
:109378002F51054808F0F3FBBDE8084009F02BBB66
:10938800FE16020050FE0100811602002DE9F04F82
:1093980007468FB058B97449744840F25C63744A00
:1093A80008F0E6FB40F25C61714808F0D8FB8046A3
:1093B80058F804BB90F8B140DBF814136D4BC9B2F0
:1093C80053F83420584641F4003109F0D8FA8203A2
:1093D80005463AD5102200210AA80BF0A3FE654BDA
:1093E800E60003EBC40463680AA819460193FFF773
:1093F80079FC331D04934FF0000A5F4B0DF12809E7
:109408000393039A5B4912F8013B0392049A02EB17
:10941800D3028A5C03F0070322FA03F3DB071AD4AA
:109428000AF1010ABAF1040F09F10409E9D14FF46C
:1094380000310022584609F0A2FA01990AA8FFF75C
:1094480051FC0028D7D125F400350124002D74D112
:109458000FB0BDE8F08F494B53440593D9F800107D
:109468000029DDD091FAA1F1B1FA81F1059B1C78B0
:1094780041EA44142046FFF7A5FB07EB4000828A27
:10948800C808C2F38203CDE906230293012319F821
:10949800006001F0070103FA01F126EA010109F869
:1094A800001009A80994FFF7D1FB0999069A203101
:1094B80050F8216012F0100F079BC6F3014623D025
:1094C80021464046029A09F0DFF909A80994FFF7F6
:1094D800BDFB099BF6B2203350F82330C3F3014398
:1094E8009E4207D10021204609F03AFA314620462B
:1094F80009F036FA09A80994FFF7A8FB0122099B8D
:1095080002FA03F30362A9E7022E14BF0221032122
:109518002046069309F024FA069B032B03D0022E5B
:1095280007D1012BE6D121464046029A09F0ACF951
:10953800E0E7032EDED1022BF4E795FAA5F3B3FAA0
:1095480083F304FA03F225EA020503F5A2725BF835
:10955800222007EB43034046B3F8A010C2F30142B0
:1095680009F092F972E700BFFE16020050FE0100F2
:109578008116020068F10100C52A0200C52A02000E
:109588000123034A03FA00F093680343936070478A
:109598006000002073B504460191EFF31186202383
:1095A80083F31288BFF36F8F0B4D019B6A6801A884
:1095B8001340019309F08BF8002807DB01226B6840
:1095C800824023EA02036B602070002086F3118832
:1095D800BFF36F8F02B070BD6000002008B5154B57
:1095E800027AD3F8101521F001010A43C3F81025B7
:1095F8000268B2F5803F0BD30F4940F2B9730F4AA6
:109608000F4808F0B5FA40F2B9710C4808F0A7FA0B
:10961800C3F8A4264268FF2A09D90A4940F2C4734C
:10962800064A074808F0A4FA40F2C471EDE7C3F807
:10963800AC2608BD00200E503F170200AC0F0200F8
:1096480050FE0100671702000B2808B501D8002951
:109658000BDA0B490B4840F216530B4A08F088FA0C
:1096680040F21651084808F07AFA000100F1A040CB
:1096780041EAC27100F56220C0F8281508BD00BF94
:109688008D17020050FE0100AC0F02000B2808B530
:109698000BD90B490B4840F20B530B4A08F068FAF8
:1096A80040F20B51084808F05AFA000100F1A040B6
:1096B80000F56220D0F82415D0F8200508BD00BFB9
:1096C800DF0F020050FE0100AC0F02000B2808B5A6
:1096D8000BD911494FF4A063104A114808F048FA11
:1096E8004FF4A0610D4808F03AFAB3F5801F09D38A
:1096F8000C4940F20253094A094808F039FA40F285
:109708000251EFE7000100F1A04000F56220C0F827
:109718002025C0F8243508BDDF0F0200AC0F020079
:1097280050FE0100F30F0200012303FA00F010F0CD
:10973800670F0AD0064B5B68DB4303F067030342FD
:109748000CBF6FF01500002070474FF0FF307047D6
:109758006000002038B50F4B1B78012B0ED14FF05D
:10976800FF306FF040410C4CD4E90023904271EB7C
:109778000305F9D31046C3F3130138BD0749084858
:1097880040F21913074A08F0F3F940F21911054895
:1097980008F0E5F96000002040270E500518020087
:1097A80050FE0100C917020030B50C25074B1C18E4
:1097B80094F8544005FB0433C3E9031218750123D8
:1097C800034A8340C2F8243330BD00BF6000002044
:1097D80000200E50F0B5504D85B02C78002C40F08C
:1097E80095804E4A01AB07CA83E807004C491846E2
:1097F800D1F8102522F00202C1F81025FFF7EEFE7D
:109808000723672202F001012144013BCCB24FEA51
:109818005202F7D1052C7CD119464FF0010C3E4E6F
:1098280000246720CFB204E00CFA02F220EA02001A
:10983800013490FAA0F25FFA84FE7745B2FA82F218
:10984800F2D80131327505292A4482F8547006F19C
:109858000C06E5D10121002432489A0801FA02F2E7
:1098680012F0670F18BF1C500433302BF5D1E420D9
:10987800FCF7C8FB2A4B0024D3F81025012622F058
:109888000202C3F8102540F6FF72C3F82823C3F874
:109898008041C3F88040C3F88441C3F88440C3F8CA
:1098A8008841C3F88840C3F88C41C3F88C40C3F89A
:1098B8009041C3F89040C3F89441C3F89440C3F86A
:1098C8009841C3F89840C3F89C41C3F89C40C3F83A
:1098D800A041C3F8A040C3F8A441C3F8A440C3F80A
:1098E800A841C3F8A840C3F8AC41C3F8AC401E6611
:1098F8000D4B0E4A1B685D20B3FBF2F358430C4B2B
:109908003343984720462E7005B0F0BD6FF07700BE
:10991800FAE76FF08B00F7E7600000206C60010049
:1099280000200E5000210E50C803002040420F00B6
:109938008062010038B52C4B0D461B78012B0BD0EB
:109948002A492B4840F206232A4A08F011F940F226
:109958000621284808F003F9274BD3F81025940767
:109968003CD4D3F8102542F00202C3F81025C0B148
:10997800D3F8482712F0010202BFD3F8481741F084
:109988000101C3F848171C4BD3F84017D3F8441704
:109998004800F9D42AB9D3F8482722F00102C3F8BD
:1099A8004827164B164A1B68B3FBF2F3124A03EB1F
:1099B8004313B3B1D2F84017D2F8441749000BD477
:1099C8004FF0FF312846FFF7E5FD044610B9287827
:1099D800FFF7D6FD204638BD013BEAE76FF0770474
:1099E800F8E76FF07304F5E760000020051802003F
:1099F80050FE0100C917020000200E50C8030020C5
:109A080040420F002DE9F04104461D46FFF78CFE49
:109A1800904607469DF8186058B11549154840F218
:109A2800BB23154A08F0A4F840F2BB21124808F0FD
:109A380096F812490B1993F854300C3301EBC30014
:109A480041F8332045602B4620466EB10C4EA400E9
:109A5800FFF73CFE33592BB1FFF77CFE4045A94187
:109A680000D23751BDE8F081BDE8F041FFF72EBEC6
:109A78002E18020050FE0100C917020060000020E5
:109A880000210E50F8B50546FFF74EFE58B11149B2
:109A9800114840F21933114A08F06AF840F21931B6
:109AA8000E4808F05CF80E48431993F854300C330C
:109AB80050F8334000EBC30CDCF80460641846F13E
:109AC800000640F83340CCF804602846BDE8F8406A
:109AD800FFF7BABD2E18020050FE0100C917020098
:109AE800600000202DE9F7432C4B2D4FD3F82C6351
:109AF80007F1880916B903B0BDE8F08396FAA6F80D
:109B08000123B8FA88F803FA08F3D94326EA0306CA
:109B180007EB080393F854500C2303FB0573187DD7
:109B280040450BD01F49204840F2B7331F4A08F080
:109B38001FF840F2B7311D4808F011F81C4CDB68DB
:109B48004FEA880214441BB3D9E8EF3F03EA010245
:109B5800C9E8EC2FBCF1000FF6D123FA08F3DB07B4
:109B680011D5FFF793FD02460B4621680029C1D0A5
:109B7800002121600C2101FB0575296940460091EF
:109B8800E9688847B6E707EBC503D3E91823ECE78C
:109B98002268002AAED02360ACE700BF00200E5038
:109BA800600000204D18020050FE0100C917020095
:109BB80000210E5008B503687F2B4FEA531107D8D0
:109BC8000C4A03F01F0332F91120DA40D2070BD4F4
:109BD80009490A484FF48263094A07F0C9FF4FF45C
:109BE8008261074807F0BBFF0360064B53F821006A
:109BF80008BD00BF60FB0100D513020050FE010044
:109C0800A213020078F101002DE9F7434B7E0546C7
:109C18000C462BBB4B6801A80193FFF7CBFF012330
:109C2800019A394E93408360636801A80193FFF756
:109C3800C1FF019B00EB8300D0F88030334043F034
:109C48000303C0F88030A36801A80193FFF7B2FFAF
:109C5800019B00EB8300D0F880303340C0F880309F
:109C6800A37E33B9D4E901122B68C3F84015C3F8B1
:109C78004425D4F810802178627894F80CE094F8A0
:109C88000DC094F81890A77ED4E901602B68247D54
:109C9800C3F82045A8F104047A2CC3F84C950BD9D5
:109CA8001A491B4840F2DF331A4A07F061FF40F2B5
:109CB800DF31184807F053FF520002F0020201F0AA
:109CC80001010A43C3F88085C3F80825C3F818E5DD
:109CD800C3F81CC51FB9C3F84065C3F84405002381
:109CE8002C68C4F80031D4F80021C4F30830C4F853
:109CF8000431D4F80431FCF785F90323C4F804339C
:109D080003B0BDE8F08300BFF0F0FCFFA318020029
:109D180050FE01007118020007B5019001A8FFF775
:109D280049FF019B00EB8300D0F88020044B1340CF
:109D380043F00203C0F8803003B05DF804FB00BFB5
:109D4800F0F0FCFF38B5054608B101B14AB914492D
:109D580014485E23144A07F00BFF5E21124807F0EF
:109D6800FEFE047DB4B9C0E90244C4824260447571
:109D78004A7E42760A7B502A0FD84A7B502A0CD852
:109D88000B69043B7A2B08D8FFF73EFF01232046D6
:109D98002B7538BD6FF07700FBE76FF01500F8E71B
:109DA8001119020050FE0100D618020038B5044609
:109DB80048B911491148BA23114A07F0D9FEBA2106
:109DC8000F4807F0CCFE0068C0F30830FCF728F90C
:109DD80000222368C3F80025637E4BB92368D3F8B3
:109DE8004005D3F84455FFF797FF2846FFF794FF3F
:109DF8000023237538BD00BFFE16020050FE010087
:109E0800D618020008B548B91649DA23164A174881
:109E180007F0AEFEDA21144807F0A1FE037D3BB936
:109E28001349DD23104A114807F0A2FEDD21F2E7AD
:109E3800437D2BB1437D012B11D06FF00F0008BD7E
:109E480002234375012302680376C2F34341C2F338
:109E58000432934001F14002064941F822300020C3
:109E6800EDE700BFFE160200D618020050FE010002
:109E78004219020000E100E070B50E46154604469E
:109E880048B926492648FB23264A07F071FEFB21DC
:109E9800244807F064FE037D002B36D0437D032B56
:109EA80036D0002937D0130435D40068C0F3083001
:109EB800FCF7B6F8637DA27D023B18BF012323EAB5
:109EC800020304EB83018A68E2B9226804EB4303C6
:109ED8008E601D826D00C2F86065C2F86455237DEE
:109EE800022B07D00223237501232268C2F800350C
:109EF8002268136000252068C0F30830FCF782F858
:109F0800284670BD6FF00F05F5E76FF07605F7E7A7
:109F18006FF00F05F4E76FF01505F1E7FE16020084
:109F280050FE0100D618020008B558B918494FF478
:109F38009B73184A184807F01BFE4FF49B7115488D
:109F480007F00DFE037D4BB9144940F23913114A4D
:109F5800114807F00DFE40F23911F0E7427D012A61
:109F6800D3B20BD0437D13B1437D022B0CD1002318
:109F78000268C2F800354375002008BD0322427507
:109F8800026803755360F7E76FF00F00F5E700BF4D
:109F9800FE160200D618020050FE01004219020007
:109FA80002462DE9F04100B159B9304930484FF423
:109FB8000073304A07F0DCFD4FF400712D4807F0BC
:109FC800CEFD4FF0FF304FF000082B4CD2F804E0E4
:109FD8002678136806FB0EFCB3FBFCF7B3FBF7F31C
:109FE8009568AB4234D3D568AB4231D8B3FBF6F3AE
:109FF8009E458CBFAEEB0303A3EB0E03834227D22F
:10A008000F60C3B118464FF0010E136807F1010C39
:10A01800B3FBFCF39768BB421DD3D768BB421AD881
:10A02800B3FBF6F357689F428CBFFB1ADB1B8342D6
:10A0380011D2C1F800C060780871184608F101080B
:10A04800B8F1070F0CD002340028BFD1BDE8F08169
:10A058004FF0000ED9E7BEF1000FEFD00346EAE754
:10A06800431C0CBF6FF015000020EFE772190200C7
:10A0780050FE0100D6180200C92A02001FB5044686
:10A0880058B94549454840F24523454A07F070FD0F
:10A0980040F24521424807F062FD0268D2F80031DB
:10A0A8002BB10023C2F80031D2F800310123D2F8D5
:10A0B800041100296CD00021C2F80411D2F804213F
:10A0C800002B42D0A37DDA4302F0010204EB8201A7
:10A0D800896811B9617D02292CD1607D002102288F
:10A0E8000CBF012304EB8303E17516BF9868637501
:10A0F80099604FF001038DF80C100EBF0291029089
:10A10800A2758DF80430636801A89847637D022B17
:10A1180001D101236375237E53B101238DF80430E7
:10A12800002301A802938DF80C30237663689847C2
:10A1380004B010BDE37D002BE8D18DF80430029304
:10A1480001238DF80C30E375DDE72268C2F800358D
:10A15800A27D637504EB820291688DF80C308DF84E
:10A16800043021B193606368029101A89847A37DE8
:10A17800DB4303F0010304EB83039A682AB10292DC
:10A1880000229A60636801A898470023A375C2E774
:10A19800002B97D1BFE700BFFE16020050FE01005A
:10A1A800D618020010B5294BD3F80443E10417D59B
:10A1B800D3F83021A2B10022C3F83021D3F83031CE
:10A1C800234B1B685BB9234940F26F13224A23488B
:10A1D80007F0CEFC40F26F111F4807F0C0FC98470B
:10A1E800A20416D5194BD3F8342192B10020C3F834
:10A1F8003401D3F834311A4B1B684BB919494FF461
:10A20800BC73154A154807F0B3FC4FF4BC71E3E77B
:10A218009847630419D50D4BD3F83821AAB1002209
:10A22800C3F83821D3F838310D4B1B684BB90D49A9
:10A2380040F27F13084A094807F09AFC40F27F1160
:10A24800CAE70120BDE81040184710BD00E01050D3
:10A25800083C0020CB1902008E19020050FE0100B4
:10A26800043C0020EC19020008B50649064840F2F3
:10A27800D623064A07F07CFC40F2D621034807F0B3
:10A288006EFC00BF421A020050FE01000E1A0200C6
:10A29800202908B501D9FFF7E7FF054B40EA01205F
:10A2A800C3F80005D3F80024D207FBD508BD00BFCA
:10A2B80000E0045008B5024807F044FC002008BD3F
:10A2C800681A020038B5436905463BB90024EA68B4
:10A2D8006042537843F00103537038BD98470446F1
:10A2E8000028F3D000F1FF03FE2B0ED92123094AE1
:10A2F80009490A4807F03CFC29680948224607F042
:10A3080037FC2121034807F02AFCEB6844421C7003
:10A31800DDE700BF9A1A0200BD1A020050FE0100D4
:10A32800D51A020010B50446FAF756FC0348012175
:10A33800034A07F032FE204608F08CFB0C6001004F
:10A34800FA1A02002DE9F84304460D4600AFEFF370
:10A358001188202383F31288BFF36F8F0428324AB1
:10A3680098BF324BE9468AB09668117C98BF53F87B
:10A3780020306A4688BF2E4BCDE9073140F20133C1
:10A388002C48ADF824302C4BCDE9050442F8103F99
:10A3980000234FF431512948FAF77AFDCD4645B1EB
:10A3A800EB69C3F3080323B10121254A234807F0C9
:10A3B800F4FD2EB1304608F0BDFB08B1037803B9AF
:10A3C8002048E9468AB06A461F4B0790CDE9053612
:10A3D80040F20133ADF820301C4B42F8103F002307
:10A3E8004FF411511548FAF753FD2946CD4620463A
:10A3F800FFF798FF042C0CD115498723154A1648F6
:10A4080007F0B6FB154807F0B3FB8721114807F0A2
:10A41800A6FB88F31188BFF36F8F3046FBF70EFF5A
:10A42800BD46BDE8F88300BF0C3C002088F1010060
:10A43800091B02001F1B0200050000010C6001003F
:10A44800471B0200171B0200681B020004000001E2
:10A45800A21B0200801B020050FE0100BF1B02006D
:10A4680038B50A4B53F82040013053F82050A54224
:10A4780000D838BD606830B1037EDB0701D4FFF730
:10A4880021FF0834F3E723689847FAE79CF10100B5
:10A49800012270B5364B86B003201A70FFF7E0FF33
:10A4A80008F0C4FB0420FFF7DBFF324C324DAC420E
:10A4B800264628D931494423314A324807F058FB07
:10A4C800314807F055FB44212D4807F048FB54F864
:10A4D8000C3C059354F8103C049354F8143C039333
:10A4E80054F8183C029354F81C3C019354F8203C4F
:10A4F800009354E90A2354E90C0101F0FDF954F8DA
:10A50800303C5E65D3E7AE4204F13004DFD301F09E
:10A51800D3FE184CAC421FD918496823184A194869
:10A5280007F026FB184807F023FB6821CCE7D4E99D
:10A538000A23B3F1FF3F08BFB2F1FF3F05D052EA4B
:10A548000301206803D102F0F1F83034E2E70F4943
:10A55800183002F087FCF8E7E9D301F01FFFF8F79D
:10A56800F3FA0B4A938923F00103938106B070BD77
:10A57800E4400020705F0100705F01005F1C020072
:10A588003E1C020050FE01007B030200ADBE00002D
:10A59800F0240020C82370B5134E012203FB006687
:10A5A800002386B0CDE904230F220193CDE90232BE
:10A5B80018234FF4A0720D4D0D4903FB00550446B6
:10A5C80002FB00110B4B3046009501F095F9337CE6
:10A5D8002C7423F004033374074B013403EBC423B6
:10A5E800EE606B6006B070BD282400200C3C002093
:10A5F80068510020F9A90000684900207FB50020B3
:10A60800FFF72EFF334B03F5006282F3088883F3CC
:10A618000A88E023304C84F822300023E37723763D
:10A628006376A37684F82030626A42F4E02262629C
:10A6380084F82330FBF752FCFBF7EAFD4FF0FF33B9
:10A64800A362E362FCF732F8FBF782FEFAF7EEF951
:10A65800224801F0FBF9224B224A93420ED92249A3
:10A66800CC23224A224807F083FA224807F080FACE
:10A67800CC211E4807F073FA1C33EEE7FCD3012007
:10A68800FFF7EEFE02201C4CFFF7EAFE01F0F8FE91
:10A698001A4B00259C611A4B4FF400620593012365
:10A6A8001849CDE903532046174BCDE901550095CC
:10A6B80001F022F90646237C204623F00403237484
:10A6C80001F062FB2846FFF765FF314620460E4A37
:10A6D800FBF772FD6849002000ED00E0A02600208D
:10A6E8009C550100605601008C1C02003E1C0200B3
:10A6F80050FE01007B030200F02400200C3C0020E7
:10A70800A41C0200A852002099A4000038B50E4CE1
:10A718000E4DAC4212D90E49A2230E4A0E4807F03C
:10A7280027FA0E4807F024FAA2210A4807F017FA78
:10A73800204608F097F920B92034EAE7F8D300203A
:10A7480038BD6FF01500FBE7B4040020D4040020E6
:10A75800D11C0200AC1C020050FE01007B03020069
:10A768002DE9F74305460F4691461C4600F10806B9
:10A77800EFF31188202383F31288BFF36F8F3046DD
:10A7880002F016FB60B98423314A3249324807F097
:10A79800EFF93146314807F0EBF984212C4826E0DF
:10A7A800304602F029FB2B691BB33B601C68EB6940
:10A7B8002C610133EB6114B96A6993421FD0EB68CD
:10A7C800E41A09D4D5E905235A43A24204D9B4FBB3
:10A7D800F3F203FB124494B12149F723214A1E489E
:10A7E80007F0C6F9204807F0C3F9F7211D4807F01C
:10A7F800B6F959EA040214D16FF00B043B603046F5
:10A8080002F0E4FAF0B94FF49973114A1749124863
:10A8180007F0AEF93146164807F0AAF94FF49971D6
:10A82800BCE7CDE900942A464146304601F082FB58
:10A83800044618B90F4B9B685B693B60204603B020
:10A84800BDE8F08388F31188BFF36F8FF6E700BF88
:10A858003D0102006A01020050FE01007F01020072
:10A86800EE1C0200AC1C02006A1D020095010200E9
:10A87800AC0102000C3C00202DE9F843C3680546F2
:10A88800CB1A0E4623D4D0E90512514399421ED95A
:10A89800B3FBF2F102FB1133CBB900F10807EFF378
:10A8A8001189202484F31288BFF36F8F384602F091
:10A8B8007FFAD8B98423414A4149424807F058F9F8
:10A8C8003946414807F054F984213C480CE03F4997
:10A8D80040F21F133E4A3B4807F04AF93D4807F04B
:10A8E80047F940F21F113A4807F039F9384602F0A3
:10A8F80083FAD5F81080B8F1000F40D1EFF3118337
:10A9080084F31288BFF36F8F83F31188BFF36F8FBF
:10A918005BB93149BB23314A2A4807F029F9304845
:10A9280007F026F9BB212D48DEE72C68A54226D082
:10A938002CB3A3683BB92B49A423284A214807F024
:10A9480017F9A421EFE7D4E9003213605A60237C99
:10A95800C4E9008823F002032374C4F8088004F1D2
:10A96800180002F05BFB2046C4F88080666101F0A5
:10A978000BFA49463846BDE8F84308F01FB92B6979
:10A9880038463360EB692E61013BEB6102F01EFA39
:10A9980068B94FF49973094A13490A4807F0E8F867
:10A9A8003946124807F0E4F84FF499718DE789F3B6
:10A9B8001188BFF36F8FBDE8F88300BF3D01020027
:10A9C8006A01020050FE01007F010200D31A020052
:10A9D800AC1C0200851D0200D21D0200A71D02004A
:10A9E800EA1D0200ED1D020095010200AC01020003
:10A9F80008B50D4B9B6893F90E30002B09DB20241A
:10AA0800EFF3118384F31288BFF36F8F07F0E2FC32
:10AA1800F6E7064906481C23064A07F0A9F81C2150
:10AA2800044807F09CF800BF0C3C0020251E0200DB
:10AA380050FE0100041E020008B583684BB90B499B
:10AA48000B48A4230B4A07F093F8A421094807F000
:10AA580086F8D0E9003213605A600023027CC0E90E
:10AA6800003322F002020274836008BDED1D02006B
:10AA780050FE0100A71D02002DE9F74F0446884645
:10AA880092461E469DF83090EFF3058373B152EA63
:10AA980006030BD05F4999235F4A604807F068F8BE
:10AAA8005F4807F065F899215B4819E004F108054B
:10AAB800EFF311874FF0200B8BF31288BFF36F8FE2
:10AAC800284602F075F968B98423564A564953480E
:10AAD80007F04EF82946554807F04AF884215148AE
:10AAE80007F03DF8284602F087F9626A23699A421E
:10AAF80077D2EFF311838BF31288BFF36F8F83F351
:10AB08001188BFF36F8F5BB94949BB23494A434852
:10AB180007F02EF8424807F02BF8BB214548DFE73D
:10AB28002668B4421AD0CEB13046FFF785FF06F149
:10AB3800180002F073FAE2680024414670690AF0CE
:10AB4800CBFA3046C6F8804001F01EF9394628464F
:10AB580008F034F8204603B0BDE8F08F206A666933
:10AB6800B04207D3A3695A1E904203D8E268191A63
:10AB7800914207D23049B423274A284806F0F8FF03
:10AB8800B42191E7B9F1000F21D041460AF0A4FAA7
:10AB9800236AE2681344A2692362934201D163697C
:10ABA8002362636A013363620024284602F00EF9C7
:10ABB80050BB4FF499731B4A2049184806F0D8FF38
:10ABC80029461F4806F0D4FF4FF4997187E7E169D9
:10ABD8008E4218BF0B46981A4146E0610AF07CFA8B
:10ABE800DFE75AEA06030CD0164B22469B68394623
:10ABF800C3F814802846CDE900A601F09BF9044665
:10AC0800A8E76FF02204D0E787F31188BFF36F8FAE
:10AC1800A0E700BF6F1E02004D1E020050FE01009B
:10AC2800EA1D02003D0102006A0102007F010200E4
:10AC3800D21D0200A71D0200B41E020095010200E9
:10AC4800AC0102000C3C002038B5A2FB03545CB9EF
:10AC580002FB03F54D1911D30F492F230F4A104852
:10AC680006F086FF2F2106E00E492E230B4A0C48DA
:10AC780006F07EFF2E21094806F071FFC0E9032384
:10AC8800C0E90515C0E90711C0E90000446280F871
:10AC98002840846038BD00BF8F1F02004D1E02008F
:10ACA80050FE01005A1F02002DE9F743044688466A
:10ACB80017461D46EFF3058383B152EA05030DD00D
:10ACC80061494FF49773614A614806F051FF614842
:10ACD80006F04EFF4FF497715C4818E004F108063F
:10ACE800EFF31189202383F31288BFF36F8F304667
:10ACF80002F05EF868B98423574A5849544806F068
:10AD080037FF3146564806F033FF8421524806F093
:10AD180026FF304602F070F8636A002B68D0E268BC
:10AD28004046E1690AF0D8F9E369E2681344A26988
:10AD3800E361934204BF6369E361636A013B636251
:10AD4800EFF31183202282F31288BFF36F8F83F30E
:10AD58001188BFF36F8F5BB94249BB23424A3C4815
:10AD680006F006FF3B4806F003FFBB213E48CEE74E
:10AD78002568AC424CD0002D4BD02846FFF75CFE2E
:10AD880005F1180002F04AF9206A6369984207D36E
:10AD9800A3695A1E904203D8E2681B1A934209D24B
:10ADA80032494FF4A473294A294806F0E1FE4FF4CA
:10ADB800A47191E769690AF08FF9236AE268284665
:10ADC8001344A2692362934204BF63692362636ADE
:10ADD800013363620024C5F8804000F0D5FF49467E
:10ADE800304607F0EBFE2546284603B0BDE8F08361
:10ADF80057EA05031FD01E4B22469B684946C3F8F5
:10AE080014803046CDE9007501F094F80546EBE76B
:10AE18000025304601F0DAFF80B94FF499730E4AE5
:10AE280014490B4806F0A4FE3146134806F0A0FE6C
:10AE38004FF499716AE76FF02205EAE789F3118800
:10AE4800BFF36F8FD0E700BF6F1E02004D1E0200D8
:10AE580050FE0100EA1D02003D0102006A010200E5
:10AE68007F010200D21D0200A71D0200B41E0200CD
:10AE78000C3C002095010200AC0102002DE9F341D1
:10AE8800044617461E46EFF3058565B154497323FA
:10AE9800544A554806F06CFE544806F069FE732182
:10AEA800504806F05CFEEFF31188202383F31288E4
:10AEB800BFF36F8F4E4801F07BFF60B984234D4A82
:10AEC8004D49494806F054FE49494C4806F050FEA1
:10AED80084214848E5E7464801F08EFF484BE26880
:10AEE8009B6892B1A068984227D057EA06022CD1F5
:10AEF8003F4801F06BFF90B188F31188BFF36F8F63
:10AF08006FF00F0002B0BDE8F08193F90E10013226
:10AF1800C4E902323648216101F058FF78B94FF48C
:10AF28009973344A3749304806F022FE304936488A
:10AF380006F01EFE4FF49971CBE72169E7E788F325
:10AF48001188BFF36F8F0020DCE793F90E1090F99A
:10AF58000E30994205DA9942A8BF194607F0ABFDB1
:10AF6800054622464146CDE90076214800F0E2FF39
:10AF78000028E8D0EFF31186202383F31288BFF36B
:10AF88006F8F1B4801F014FF002897D0184801F074
:10AF980033FFA068C0B1236821699C420AD04BB135
:10AFA80093F90E309942A8BF19466FF07F03994272
:10AFB800B8BF194607F07FFD30B131460C4807F09D
:10AFC800FDFD6FF00A009DE7002DF6D1084801F05D
:10AFD800FDFE0028A3D086F31188BFF36F8FF0E73A
:10AFE80002200200E01F020050FE010014200200AF
:10AFF800303C00203D0102006A0102007F0102008E
:10B008000C3C002095010200AC010200F8B5054691
:10B01800EFF3058363B15649EA23564A564806F0CA
:10B02800A7FD564806F0A4FDEA21524806F097FD10
:10B038008368002B00F09580514A9268934240F053
:10B048009380C3684BB94F494FF48173494A4A48C2
:10B0580006F08EFD4FF48171E7E7012B03D0013B29
:10B06800C3600020F8BDEFF31187202484F3128811
:10B07800BFF36F8F444801F09BFE60B98423434AB5
:10B0880043493D4806F074FD3F49424806F070FDCB
:10B0980084213E48CAE73C4801F0AEFE2969A86809
:10B0A80007F009FDEFF3118384F31288BFF36F8F64
:10B0B80083F31188BFF36F8F5BB93749BB23374AD6
:10B0C8002D4806F055FD364806F052FDBB213348A1
:10B0D800ACE72C68AC4215D100232B48C5E90233F4
:10B0E80001F074FE002837D14FF49973274A2D498F
:10B0F800214806F03DFD24492B4806F039FD4FF460
:10B108009971C6E7002CE7D0A3683BB92749A42367
:10B11800224A194806F02CFDA421D8E70026D4E9D4
:10B12800003213605A60237CC4E9006623F00203EE
:10B138002374A66004F1180001F070FFAC6094F964
:10B148000E3020462B61C4F8806000F01DFE3946A1
:10B158000D4807F033FD84E787F31188BFF36F8F3D
:10B168007FE76FF015007DE74FF0FF307AE700BF0B
:10B1780002200200E01F020050FE0100142002001D
:10B188000C3C002039200200303C00203D01020028
:10B198006A0102007F010200D21D0200A71D020001
:10B1A800EA1D020095010200AC010200ED1D02003B
:10B1B80008B583684BB90B490B48A4230B4A06F022
:10B1C800D7FCA421094806F0CAFCD0E90032136074
:10B1D8005A600023027CC0E9003322F002020274A4
:10B1E800836008BDED1D020050FE0100A71D02008E
:10B1F80070B50446EFF31186202585F31288BFF356
:10B208006F8F304801F0D4FD60B984232E4A2F494E
:10B218002F4806F0ADFC2B492E4806F0A9FC8421E6
:10B22800294818E0274801F0E7FDEFF3118385F37B
:10B238001288BFF36F8F83F31188BFF36F8F63B9E1
:10B248002549BB23254A224806F092FC244806F0EB
:10B258008FFCBB21214806F082FC2568AC4213D044
:10B2680095B12846FFF7A4FF05F1180001F0D6FEB6
:10B2780000232846C5F8803000F086FD3146BDE839
:10B288007040104807F09ABCD4E902329A4218BFBD
:10B2980001330C48A36001F099FD68B94FF4997324
:10B2A800094A10490A4806F063FC06490E4806F0A8
:10B2B8005FFC4FF49971B3E786F31188BFF36F8F82
:10B2C80070BD00BF343C00203D0102006A0102004D
:10B2D80050FE01007F010200D21D0200A71D0200DE
:10B2E800EA1D020095010200AC010200F7B5044610
:10B2F80016461D46EFF305837BB152EA05030CD0D1
:10B308002D4988232D4A2E4806F032FC2D4806F098
:10B318002FFC8821294806F022FCEFF3118720230F
:10B3280083F31288BFF36F8F274801F041FD60B99E
:10B338008423264A2649224806F01AFC2249254831
:10B3480006F016FC84212148E5E71F4801F054FD6A
:10B35800A368D3B1013B1C48A36001F037FD68B96D
:10B368004FF49973194A1C49154806F001FC16490F
:10B378001A4806F0FDFB4FF49971E4E787F311884A
:10B38800BFF36F8F002003B0F0BD56EA05030BD161
:10B398000D4801F01BFD0028E2D087F31188BFF3A8
:10B3A8006F8F6FF00F00EEE722463946CDE9006552
:10B3B800054800F0BFFDE6E77020020050200200BB
:10B3C80050FE0100EA1D0200343C00203D0102004D
:10B3D8006A0102007F01020095010200AC0102002F
:10B3E80007B5074B4FF48062009306494FF0FF33CF
:10B3F800054800F011FA002003B05DF804FB00BF17
:10B40800B4F10100A85A0020B82500202DE9FF4119
:10B418000446794EEFF31187202383F31288BFF394
:10B428006F8F764801F0C4FC68B98423744A754963
:10B43800754806F09DFB7149744806F099FB842114
:10B448006F4806F08CFB6D4801F0D6FCD4F8CC5060
:10B45800F5B9022104F1E40007F041FB002840D0CF
:10B4680004F1DC0500220121284601F0F1FA002848
:10B47800F8D100234FF0FF3202934FF0FF333946E3
:10B48800CDE900235D4804F1D40201F03FFBC1E798
:10B49800D4F8D0202B68954208BFC4F8D030C4F83F
:10B4A800CC30D4F8E430554843F00203C4F8E43013
:10B4B800EB68D5F8048023F0040343F00103EB6044
:10B4C80001F084FCF8B94FF499734D4A50494E483D
:10B4D80006F04EFB49494F4806F04AFB4FF4997174
:10B4E800AEE7D4F8E430DD06C3D5C4F8E400434839
:10B4F80001F06CFC0028E6D087F31188BFF36F8F4A
:10B5080004B0BDE8F08187F31188BFF36F8FB8F1FD
:10B51800000F0AD140493C4840F2F3233F4A06F065
:10B5280027FB40F2F3213D488BE72846C047EFF35D
:10B538001187202383F31288BFF36F8F2F4801F000
:10B5480037FC00283FF471AF2C4801F055FCEB683C
:10B55800D90623F0010236D4EA60EB689A0716D5BB
:10B56800306823F00203EB6088B10022036870B1F1
:10B5780041688D4235D103686ABB72683360904276
:10B5880000D17360002340F8083BFFF731FED4F880
:10B59800E43023F00203C4F8E430DB0529D4D4F8FE
:10B5A800CC50003D18BF0125144801F00FFC0028BD
:10B5B80089D087F31188BFF36F8F002D3FF42AAF2E
:10B5C80000F066FF26E723F01103EB6005F1100099
:10B5D800FFF70EFEC1E713607368984208BF7260F8
:10B5E800D0E702461BB1196818460B46BFE7194653
:10B5F800FAE70025D8E700BF383C0020403C00208F
:10B608003D0102006A01020050FE01007F010200B4
:10B6180095010200AC0102001C210200C6200200B4
:10B62800F8B5C36804469A070E46C3F340054FD4DD
:10B638005F074FD40B680BB983680B60E368D807C2
:10B6480036D5A3685BB92549254840F25713254AE2
:10B6580006F08EFA40F25711224806F080FA0225C9
:10B668003360376867B3204B9A68D7F8C8309A4276
:10B6780020D107F056FA80F00100C0B2D7F8E430C4
:10B68800D907C3F380021ED502B308B30023236091
:10B69800D7F8D03083B9C7E93344384607F02AFAD7
:10B6A800E36843F00403E3603368A3602846F8BD09
:10B6B8000125D6E70020E1E71C60C7F8D040ECE799
:10B6C8006FF0150506E06FF0120503E01B07DDD5E6
:10B6D8006FF00F0500233360E8E700BFE7200200A2
:10B6E80050FE0100C62002000C3C002038B50D4673
:10B6F800044648B90C499C230C4A0D4806F038FA10
:10B708009C210A4806F02BFA39B90A499D23074AB1
:10B71800074806F02DFA9D21F3E71022002109F0D1
:10B7280001FD656038BD00BF02210200C62002008D
:10B7380050FE01001C21020037B50C46019059B992
:10B74800284940F27D13284A284806F011FA40F2A9
:10B758007D11254806F003FA4B684BB924494FF48C
:10B76800BF73214A214806F003FA4FF4BF71F0E78E
:10B77800EFF31185202383F31288BFF36F8F1D48E1
:10B7880001F016FB60B984231B4A1C49174806F0D0
:10B79800EFF918491A4806F0EBF984211648D9E759
:10B7A800144801F029FB204601A9FFF739FF044698
:10B7B800104801F00BFB68B94FF499730E4A114910
:10B7C8000A4806F0D5F90B490F4806F0D1F94FF4AD
:10B7D8009971E3E785F31188BFF36F8F204603B0B3
:10B7E80030BD00BF02210200C620020050FE010049
:10B7F80016210200403C00203D0102006A010200BF
:10B808007F01020095010200AC01020001460148D7
:10B8180007F077B9B8250020F0B589B004460E9D29
:10B8280058B92F4940F253332E4A2F4806F0A0F951
:10B8380040F253312B4806F092F949B92B494FF49D
:10B848005573284A284806F093F94FF45571F1E7E3
:10B85800D0F8E40010F0010009D0254940F2553332
:10B86800204A214806F084F940F25531E2E7C4E95C
:10B87800330004F1D400C4E9350004F1DC00C4E964
:10B88800370055B32879002840F2011008BF01207D
:10B89800C4F8E40000204FF0FF364FF0FF37CDE941
:10B8A8000330CDE90100CDE906672046114B00942D
:10B8B80000F086F855B1296811B1204607F037F92C
:10B8C8006B791BB1A38943F00103A381204600F0E3
:10B8D8002DFFC4F8C84009B0F0BD0120D8E700BF6B
:10B8E8006B120200C620020050FE01006721020010
:10B8F8003321020015B400002DE9F04385B00F9DF7
:10B9080004460F2D0E46984637D1274B984538D117
:10B9180004F15803C4E91633109B0027A3810423BC
:10B928000732A57322F0070506EB0509494623747B
:10B938002046C4E90677A760E773FAF74BF80E9B31
:10B94800073020F007002067C4E91A6502930D9BB1
:10B95800A9EB000901930C9B4A46009331464346E4
:10B968002046FAF7E5FB114B67659B6803B15B6FEF
:10B978004846636705B0BDE8F08305F110031E2B48
:10B98800C6D940F24B230A4A0A490B4806F0F0F898
:10B9980029460A486FF00F030E2206F0E9F840F234
:10B9A8004B21034806F0DBF8F9A900000C3C002005
:10B9B8006D2102009021020050FE010010220200B9
:10B9C800F0B587B00446DDE91276EFF3058575B169
:10B9D800194940F21733194A194806F0C9F81948A5
:10B9E80006F0C6F840F21731144806F0B8F8059585
:10B9F800109D04950F9D03950E9D02950D9D019533
:10BA08000C9D0095FFF778FFB6F1FF3F08BFB7F12F
:10BA1800FF3F05D056EA070305D1204600F086FE11
:10BA2800204607B0F0BD3A46334604F118000649EF
:10BA380001F018FAF4E700BF022002006D210200AD
:10BA480050FE010041220200ADBE00000123037434
:10BA580083810023C0E91A334367014B986070471C
:10BA68000C3C002070B590F91020037C002A49DBBB
:10BA7800D90647D163F07F030374264B984209D156
:10BA8800254926485223264A06F072F852212448AE
:10BA980006F065F8234C224652F81C3F216A93426F
:10BAA80007D1C0E90021086020620FE08B42F8D07E
:10BAB8001B68002BF5D093F90E6090F90E50AE423A
:10BAC800F4DD5968C0E9003108605860E5699542BD
:10BAD80000D005B9E568A3685BB91349EA23134A9E
:10BAE8000E4806F045F8124806F042F8EA210F48D9
:10BAF800CEE71A7CD20606D1DA897F2A03D9AA6949
:10BB08000AB9A36170BDAB4202D0284601F0CAF859
:10BB1800A561F7E7282400208822020050FE0100D2
:10BB2800662202000C3C0020D5220200A922020055
:10BB3800EA1D020038B590F910200146002A037C5E
:10BB48001BDA224A03F07F039042037409D120498B
:10BB58005A23204A204806F00BF85A211D4805F0C0
:10BB6800FEFFDC0707D51D495B231A4A1A4805F072
:10BB7800FFFF5B21F2E706F0DFFF194D2A4652F876
:10BB88001C4FAB68944200D004B9EC688B4214D0C7
:10BB98005BB91449EA23144A0F4805F0E9FF134832
:10BBA80005F0E6FFEA211048D9E71A7CD20604D14D
:10BBB800DA897F2A01D9A2692AB1A34202D0204694
:10BBC80001F070F82346AB6138BD00BF282400207F
:10BBD800882202006622020050FE0100FC220200B8
:10BBE8000C3C0020D5220200A9220200EA1D020016
:10BBF80008B5134A936880B1197C11F0090F0CD16C
:10BC08001049D923104A114805F0B2FF104805F031
:10BC1800AFFFD9210C4805F0A2FF6FF00A01C3F865
:10BC280080100C49D8674B6843F080534B60002361
:10BC380083F31188BFF36F8F9368D3F8800008BD32
:10BC48000C3C00203F2302001523020050FE010097
:10BC5800A823020000ED00E070B504460D46F9B9CE
:10BC6800EFF30586E6B91A4B9A699B689A4217D092
:10BC780001F0ACF878B940F26D13164A1649174826
:10BC880005F076FF2146164805F072FF40F26D1167
:10BC9800104805F064FF3046BDE87040FFF7A8BFC4
:10BCA800204601F093F868B94FF49973094A0A4994
:10BCB8000A4805F05DFF2146094805F059FF4FF491
:10BCC8009971E5E785F31188BFF36F8F70BD00BFE9
:10BCD8000C3C00203D0102009501020050FE0100CD
:10BCE800AC01020008B583684BB909490948A42387
:10BCF800094A05F03DFFA421074805F030FF06F08A
:10BD08001BFF037C23F0020303740023836008BD38
:10BD1800ED1D020050FE0100A71D020038B5184CA9
:10BD2800A168206A0B68814214BF1A46002249683C
:10BD38000B605960A368216A2AB9124AC3E9002135
:10BD48000B6023620AE092F90E5093F90E008542C7
:10BD580012DD5168C3E900210B605360E569094BA6
:10BD68009D4200D005B9E568A3689D4202D02846E7
:10BD780000F098FFA56138BD8A42DED01268DBE783
:10BD88000C3C0020283C002038B50446EFF3118510
:10BD9800202383F31288BFF36F8F174801F008F848
:10BDA80068B98423154A1649164805F0E1FE124978
:10BDB800154805F0DDFE8421104805F0D0FE0E4838
:10BDC80001F01AF82046FFF74DFE0B4800F0FEFF81
:10BDD80068B94FF49973094A0C490A4805F0C8FE36
:10BDE80005490B4805F0C4FE4FF49971E4E785F363
:10BDF8001188BFF36F8F38BD443C00203D0102001D
:10BE08006A01020050FE01007F0102009501020054
:10BE1800AC01020038B50446EFF31185202383F303
:10BE28001288BFF36F8F184800F0C2FF68B98423E7
:10BE3800164A1749174805F09BFE1349164805F09E
:10BE480097FE8421114805F08AFE0F4800F0D4FFC0
:10BE5800A36813B12046FFF745FF0B4800F0B6FF73
:10BE680068B94FF49973094A0C490A4805F080FEED
:10BE780005490B4805F07CFE4FF49971E2E785F31C
:10BE88001188BFF36F8F38BD443C00203D0102008C
:10BE98006A01020050FE01007F01020095010200C4
:10BEA800AC01020038B5A0F11804EFF31185202386
:10BEB80083F31288BFF36F8F174800F079FF68B9D2
:10BEC8008423164A1649174805F052FE12491648A7
:10BED80005F04EFE8421114805F041FE0E4800F0A1
:10BEE8008BFF204606F056FE0B4800F06FFF68B93E
:10BEF8004FF49973094A0D490A4805F039FE064975
:10BF08000B4805F035FE4FF49971E4E785F3118885
:10BF1800BFF36F8F38BD00BF443C00203D010200D5
:10BF28006A01020050FE01007F0102009501020033
:10BF3800AC0102002DE9F047DFF800A1344D1746A7
:10BF4800DDE90898DAF80820324BA84204460E4684
:10BF58001A600BD13049314840F2B923304A05F014
:10BF680007FE40F2B9212E4805F0F9FDEFF31183E1
:10BF7800202383F31288BFF36F8F284600F018FF41
:10BF880060B98423274A2849244805F0F1FD294649
:10BF9800264805F0EDFD84212248E5E7284600F013
:10BFA8002BFFDAF808503946284606F0CDFDB8F1DF
:10BFB800FF3F08BFB9F1FF3F06D04A4643461C4938
:10BFC80005F1180000F04EFF204600F0FFFE68B9AA
:10BFD800184940F26D13134A104805F0C9FD21466F
:10BFE800154805F0C5FD40F26D11D5E7084800F089
:10BFF800EDFE40B90F4940F26D130A4A074805F0B3
:10C00800B7FD0349ECE73046BDE8F047FFF7F0BD60
:10C01800443C0020483C0020D023020050FE010090
:10C02800662202003D0102006A0102007F0102004F
:10C03800ADBE000095010200AC0102000C3C0020DE
:10C0480070B50546EFF31186202383F31288BFF3FA
:10C058006F8F1B4800F0ACFE68B98423194A1A494F
:10C068001A4805F085FD1649194805F081FD842117
:10C07800144805F074FD124800F0BEFE2C68A54275
:10C0880015D014B12046FFF72DFE0D4800F09EFE96
:10C0980078B94FF499730B4A0E490C4805F068FDBE
:10C0A80007490D4805F064FD4FF49971E0E7002455
:10C0B800EBE786F31188BFF36F8F204670BD00BF92
:10C0C800443C00203D0102006A01020050FE0100CC
:10C0D8007F01020095010200AC0102002DE9F04148
:10C0E80004460D46EFF31187202383F31288BFF32C
:10C0F8006F8F594800F05CFE60B98423574A58494D
:10C10800584805F035FD5449574805F031FD84215C
:10C11800524818E0504800F06FFE237C03F01F02DD
:10C12800002A0CBF0126002662D103F07F03237486
:10C138004E4B9C4209D14E495A234E4A494805F074
:10C1480017FD5A214B4805F00AFD204606F0F4FC7D
:10C15800237C6DB243F08003DA07A573237407D5F7
:10C1680045495323434A3F4805F002FD5321E9E777
:10C17800DFF81881424652F81C3FD8F82010934245
:10C1880008D1C4E900210C60C8F820400DE08B42BA
:10C19800F7D01B68002BF4D093F90E00A842F6DD07
:10C1A8005968C4E900310C605C60D8F81C409442BE
:10C1B80000D00CB9D8F80C40D8F808309C4202D00E
:10C1C800204600F06FFDC8F81840234800F0FEFD37
:10C1D80000283AD14FF49973204A2849214805F09C
:10C1E800C7FC1D49264805F0C3FC4FF499718FE739
:10C1F8009B0728D5A16841B922491A48A423224A95
:10C2080005F0B6FCA42120489DE720466DB206F053
:10C2180093FCA5730B68994209D14B68C4E90013D4
:10C228001C604C60D1E74A689342F6D01B68002B2B
:10C23800F3D093F90E20AA42F5DD5A68C4E900321A
:10C2480014605C60C1E7A573BFE787F31188BFF38B
:10C258006F8F3046BDE8F081443C00203D0102006C
:10C268006A01020050FE01007F010200282400201C
:10C278008822020066220200FC22020095010200C8
:10C28800AC010200ED1D0200A71D02000C3C0020BD
:10C29800034648B9EFF3058232B9064A91699268B4
:10C2A800914201D0FFF7A4BC83F31188BFF36F8FCD
:10C2B800704700BF0C3C002010B5EFF31184202319
:10C2C80083F31288BFF36F8F284800F071FD60B9BF
:10C2D8008423274A2749284805F04AFC2349274848
:10C2E80005F046FC8421224812E0204800F084FD35
:10C2F800EFF3058373B1224940F23B33214A1E48CC
:10C3080005F036FC204805F033FC40F23B311D486F
:10C3180005F025FC1D4B9A68D37B012B0CD11C49D9
:10C328004FF44F73174A144805F022FC164805F0DD
:10C338001FFC4FF44F71EAE7013BD3730B4800F041
:10C3480045FD68B94FF49973094A12490A4805F03E
:10C358000FFC0649104805F00BFC4FF49971C2E731
:10C3680084F31188BFF36F8F10BD00BF443C0020D9
:10C378003D0102006A01020050FE01007F01020037
:10C388000220020066220200EA1D02000C3C002086
:10C398000924020095010200AC01020070B5EFF318
:10C3A8001186202383F31288BFF36F8F2A4800F089
:10C3B800FFFC68B98423294A29492A4805F0D8FB93
:10C3C8002549294805F0D4FB8421244805F0C7FBFA
:10C3D800264D214800F010FDAB68DA7B6AB9244984
:10C3E80040F24D33234A1F4805F0C2FB224805F0AE
:10C3F800BFFB40F24D311F48E8E7EFF3058161B11B
:10C408001E4940F24E331B4A164805F0B1FB1A4844
:10C4180005F0AEFB40F24E31EDE70132DA732A4601
:10C4280052F81C4F944200D004B9EC681A7CD2062A
:10C4380004D1DA897F2A01D9A2692AB19C4202D0A3
:10C44800204600F02FFC2346AB613146BDE8704022
:10C458000148FFF701BC00BF443C00203D01020039
:10C468006A01020050FE01007F0102000C3C00201E
:10C478003A24020066220200EA1D0200022002009D
:10C48800024B03F11C02C3E9072270470C3C002051
:10C4980070B5EFF3058373B138494FF49063384AA8
:10C4A800384805F065FB384805F062FB4FF49061A9
:10C4B800334805F054FBEFF31186202383F31288E9
:10C4C800BFF36F8F314800F073FC60B98423304AA2
:10C4D80030492C4805F04CFB2C492F4805F048FB07
:10C4E80084212B48E5E72D4C284800F085FCA168FD
:10C4F800206A0B68814214BF1A46002249680B6003
:10C508005960A368216A2AB9254AC3E900210B604A
:10C5180023620AE092F90E5093F90E00854223DD5A
:10C528005168C3E900210B605360E5691C4B9D42CB
:10C5380000D005B9E568A3689D4202D0284600F0FE
:10C54800B1FB1248A56100F041FC88B940F26D13B7
:10C558000F4A14490B4805F00BFB0C49124805F02B
:10C5680007FB40F26D11BCE78A42CDD01268CAE7DA
:10C578003046BDE87040FFF73BBB00BF0220020019
:10C588006622020050FE0100EA1D0200443C002021
:10C598003D0102006A0102007F0102000C3C0020FC
:10C5A800283C002095010200AC0102002DE9F04171
:10C5B80006460C46EFF3058777B134494FF4936389
:10C5C800334A344805F0D4FA334805F0D1FA4FF429
:10C5D80093612F4805F0C3FA50EA010304D1FFF72D
:10C5E80057FF0020BDE8F081EFF31188202383F383
:10C5F8001288BFF36F8F294800F0DAFB60B98423F3
:10C60800274A2849234805F0B3FA2449264805F063
:10C61800AFFA84212248DDE7244D204800F0ECFBE6
:10C62800A868234B1860FFF785FAA86823463246A6
:10C638002049183000F016FCAA680446137C1748F5
:10C6480043F00403137400F0C1FB68B940F26D13A2
:10C65800134A19490F4805F08BFA1049174805F095
:10C6680087FA40F26D11D5E74046FFF7C1FAAB688B
:10C67800D3E90A23B3F1004F08BFBA42B1D106F09B
:10C68800C3FA201A20EAE070ACE700BF02200200DB
:10C698006622020050FE0100EA1D0200443C002010
:10C6A8003D0102006A0102007F0102000C3C0020EB
:10C6B800483C0020ADBE000095010200AC0102001C
:10C6C800F8B507460E46EFF3058474B1134940F2F6
:10C6D800C643134A134805F04BFA134805F048FAC5
:10C6E80040F2C6410E4805F03AFAFFF75FFFB6F18F
:10C6F800FF3F08BFB7F1FF3F05460CD0214647F67C
:10C7080011204FF47A7447F612220023E5FB040146
:10C71800F4F7A4FBF8BD4FF0FF30FBE7022002005E
:10C728006622020050FE0100EA1D020038B50446E8
:10C73800EFF31185202383F31288BFF36F8F20480E
:10C7480000F036FB68B984231E4A1F491F4805F0CC
:10C758000FFA1B491E4805F00BFA8421194805F009
:10C76800FEF9174800F048FB237C5B0710D504F15D
:10C77800180000F053FC237C204623F004032374A4
:10C78800FFF770F92946BDE838400D48FFF764BA4D
:10C798000B4800F01BFB68B94FF49973094A0D491F
:10C7A8000A4805F0E5F906490B4805F0E1F94FF4A8
:10C7B8009971D3E785F31188BFF36F8F38BD00BF38
:10C7C800443C00203D0102006A01020050FE0100C5
:10C7D8007F01020095010200AC010200014B98683C
:10C7E800704700BF0C3C00202DE9F84304468789B8
:10C7F800EFF31185202383F31288BFF36F8F8248EC
:10C8080000F0D6FA68B98423804A8149814805F046
:10C81800AFF97D49804805F0ABF984217B4805F0E4
:10C828009EF9794800F0E8FA237C180717D576486E
:10C8380000F0CCFA68B94FF49973744A774975488F
:10C8480005F096F97049764805F092F94FF4997118
:10C85800E4E785F31188BFF36F8FBDE8F883D90942
:10C8680043F0080240F083802274A36813B1204685
:10C87800FFF738FA04F1180000F0D0FBA66D04F1B8
:10C888005808B04511D04FF0000976B13046FFF78F
:10C8980029FA06F1180000F0C1FB3046C6F880906E
:10C8A800FFF7E0F8A66DB045EFD1DFF8A081D8F822
:10C8B80008309C427AD1EFF30589B9F1000918BF15
:10C8C8004FF00109D8F81C60564A964200D00EB9BC
:10C8D800D8F80C60B34202D0304600F0E3F92046A5
:10C8E800C8F8186005F06DFDB9F1000F02D04E4888
:10C8F800FFF7ACF8D8F808309C426AD1EFF3058608
:10C90800002E66D1A389DA071FD53F4800F05EFAEA
:10C91800002890D085F31188BFF36F8F86F31188B4
:10C92800BFF36F8F0423184602DFEFF3118520232E
:10C9380083F31288BFF36F8F334800F039FA002869
:10C948003FF461AF304800F057FA2F4800F03EFA44
:10C9580078BB40F26D132D4A30492E4805F008F98E
:10C9680029492F4805F004F940F26D1156E72F4A7E
:10C9780003F07F0343F008039442237408D12C4941
:10C988005A232C4A234805F0F3F85A21294846E748
:10C99800D90707D528495B23264A1E4805F0E8F839
:10C9A8005B21F3E7204606F0C7F85EE74FF0000981
:10C9B80088E72846FFF71CF920494FF4EE731D4A13
:10C9C800144805F0D5F81E4805F0D2F84FF4EE717A
:10C9D800DCE70D4800F0FAF900283FF42CAF85F3A6
:10C9E8001188BFF36F8FFB077FF537AF40F2A25373
:10C9F800104A1449074805F0BBF82146124805F0CB
:10CA0800B7F840F2A251C1E7443C00203D010200C2
:10CA18006A01020050FE01007F0102009501020038
:10CA2800AC010200283C0020A02600202824002079
:10CA38008822020066220200FC2202006B24020007
:10CA48007624020098240200A32402000C3C002053
:10CA58002DE9F843064688461746EFF31189202347
:10CA680083F31288BFF36F8F214800F0A1F90546C0
:10CA780068B984231F4A2049204805F079F81C49E1
:10CA88001F4805F075F884211A4805F068F8184819
:10CA980000F0B2F93468A6421FD004B32046C4F8A7
:10CAA80080806761FFF71EF904F1180000F0B6FAFC
:10CAB8002046FEF7D7FF0E4800F088F988B94FF4F2
:10CAC80099730C4A0F490D4805F052F808490E4869
:10CAD80005F04EF84FF49971D6E70025EBE72546A7
:10CAE800E9E789F31188BFF36F8F2846BDE8F8831B
:10CAF800443C00203D0102006A01020050FE010092
:10CB08007F01020095010200AC010200D3B5DDE906
:10CB18000667089CCDE90067FFF70CFA1CB1034BC8
:10CB28009B685B69236002B0D0BD00BF0C3C00204D
:10CB38002DE9F0470546884616461F46EFF311894A
:10CB4800202383F31288BFF36F8F284800F030F951
:10CB580068B98423264A2749274805F009F8234954
:10CB6800264805F005F88421214804F0F8FF1F48FD
:10CB780000F042F92868854208D038B16B689842BD
:10CB88000CBF4FF0000AD0F800A0B0B9002416B1CD
:10CB980039462046B047154800F018F9F8B94FF45F
:10CBA8009973134A1649144804F0E2FF0F491548CF
:10CBB80004F0DEFF4FF49971D6E73946C0470446C2
:10CBC8000028E4D1BAF1000F07D06B68534501D0B3
:10CBD800DAF800405046A246D7E75446FAE789F308
:10CBE8001188BFF36F8F2046BDE8F087443C0020D2
:10CBF8003D0102006A01020050FE01007F010200AF
:10CC080095010200AC010200027C034612F01F02EB
:10CC180010D10A4988420DD00949086868B1D989F4
:10CC28007F2909D893F90E20064B1B689A42B8BF92
:10CC380000207047002070471046704728240020C5
:10CC48000C0400204C3C002008B568B10F4B9842FA
:10CC58000AD303F11802904206D21822C01AB0FB78
:10CC6800F2F302FB13034BB109490A483F230A4A6E
:10CC780004F07EFF3F21084804F071FF0122074BB2
:10CC8800C0105843064B1A5408BD00BF682700203F
:10CC9800E924020050FE0100C1240200ABAAAAAA9E
:10CCA800E540002070B50C4B0C4D1E7CFFF7ACFF27
:10CCB800182303FB06550446284600F0AFF9002266
:10CCC800074B9A553CB1621E2846BDE8704005499D
:10CCD800D31700F0C7B870BD0C3C002068270020AF
:10CCE800E540002051CC000038B5EFF31185202332
:10CCF80083F31288BFF36F8F234800F059F868B99F
:10CD08008423224A2249234804F032FF1E4922483C
:10CD180004F02EFF84211D4804F021FF1A4800F07A
:10CD28006BF81E4B1E4A9C681068A04213D1FFF78F
:10CD3800B9FF154800F04AF800BB4FF49973134A3D
:10CD48001849144804F014FF0F49174804F010FF5D
:10CD58004FF49971DFE700211B7C1160134AD35C03
:10CD6800002BE6D02046FFF74FFF0028E1D0237CB8
:10CD7800DB0601D1FEF7D2FF2046D8E785F31188FC
:10CD8800BFF36F8F38BD00BF443C00203D01020057
:10CD98006A01020050FE01007F0102000C3C0020E5
:10CDA800483C002095010200AC010200E54000204B
:10CDB800006838B1044B00F003001B7CC01A18BF90
:10CDC80001207047012070470C3C002000230268B6
:10CDD8000360EFF30581074B986811B1017CC9071F
:10CDE80005D41B7C1843831A5842584170470120C8
:10CDF800704700BF0C3C0020024B1A7C9B68134311
:10CE0800036070470C3C0020024B1868984208BF2A
:10CE18000020704710040020034B1B680BB9FBF778
:10CE28000FB90020704700BF503C002030B570B1EA
:10CE38000B4B5B6898420AD0036843B1D3E90421DD
:10CE4800D0E90445121941EB0501C3E90421D0E9F1
:10CE5800003213605A600023C0E9003330BD00BFC0
:10CE680010040020B3F1FF3F08BFB2F1FF3F2DE9E6
:10CE7800F84F04469B4615461F4600F0B280D0F88E
:10CE88000090B9F1000F0CD057496423574A58480D
:10CE980004F06EFE574804F06BFE6421534804F01A
:10CEA8005EFE8160EFF31188202383F31288BFF3BD
:10CEB8006F8F5148FFF77CFF824660B984234F4A41
:10CEC8004F494B4804F054FE4B494E4804F050FE7D
:10CED80084214A48E3E74848FFF78EFFBBF1000F7B
:10CEE800494A1FDBFFF798FF064601354BF1000B57
:10CEF800454A2D184BEBE073D2E90017C4E90453F7
:10CF08006D1843EB0707FFF77FFF0346DFF808E1DB
:10CF1800DEF80490EBB9C4E900E9C9F80040CEF89E
:10CF2800044028E06FF00103D2E900125B1A4FF0C9
:10CF3800FF3161EB02025B1B62EB0B02012B72F10A
:10CF48000001BCBF01234A464FF0000AC4E904327D
:10CF5800D9E7D3E9041CD4E904208A4270EB0C0B0E
:10CF68002EDA891A5A686CEB0000C3E90410C4E988
:10CF7800003214605C60FFF747FF84420ED1234BF8
:10CF88001B685BB9BAF1000F02D1FFF745FF0646EF
:10CF9800304605F022FE0021FBF766F81648FFF739
:10CFA80015FFB0B94FF49973144A1949104804F0A1
:10CFB800DFFD1149174804F0DBFD4FF4997188E74C
:10CFC800521A60EB0C004B45C4E90420A3D01B683F
:10CFD800A0E788F31188BFF36F8F28463946BDE86C
:10CFE800F88F00252F46F8E7B8260200942602009D
:10CFF80050FE0100EA1D0200543C00203D010200E1
:10D008006A0102007F01020080270020503C0020B6
:10D0180095010200AC0102001004002070B504461E
:10D02800EFF31186202383F31288BFF36F8F2A480A
:10D03800FFF7BEFE68B98423284A2949294804F025
:10D0480097FD2549284804F093FD8421234804F0DE
:10D0580086FD2148FFF7D0FE23683BB3FFF7D4FED7
:10D0680005462046FFF7E2FE00224FF00043A542A6
:10D07800C4E9042312D000241748FFF7A7FE20BBF9
:10D088004FF49973154A1949164804F071FD12496D
:10D09800174804F06DFD4FF49971D7E7FFF7BCFE10
:10D0A80005F09BFD0021FAF7DFFFE4E7D4E904234C
:10D0B800B3F1004F08BF012A02BF00224FF000431E
:10D0C800C4E904236FF01504D6E786F31188BFF38B
:10D0D8006F8F204670BD00BF543C00203D01020008
:10D0E8006A01020050FE01007F0102009501020062
:10D0F800AC0102002DE9F04DDFF828810246C8F89E
:10D108000000FFF781FE0E4604464FF0000A4FF07C
:10D11800000B3C4F4FEAE27CD7E9001354B1D4E945
:10D128000450AA427CEB000E1EDAAD1A60EB0C002C
:10D13800C4E904500024521843EB0C032046C7E905
:10D148000023C8F8004005F048FD2146FAF78CFF97
:10D158002D48FFF73BFED0B186F31188BFF36F8FE0
:10D16800BDE8F04DFFF7C0BD691843EBE5732046F5
:10D17800C4E904ABC7E90013FFF758FE01224FF0DA
:10D1880000432148C4E90423FFF720FE78B94FF48F
:10D1980099731E4A1E491F4804F0EAFC1A491E48A2
:10D1A80004F0E6FC4FF49971184804F0D8FC86F3B3
:10D1B8001188BFF36F8F2046A3689847EFF3118655
:10D1C800202383F31288BFF36F8F0F48FFF7F0FD1A
:10D1D80058B984230D4A11490E4804F0C9FC0A497C
:10D1E8000F4804F0C5FC8421DEE70748FFF704FE7A
:10D1F800D8F80020521BC8F80020FFF705FE0446A7
:10D2080088E700BF80270020543C00203D01020031
:10D218009501020050FE0100AC0102006A01020003
:10D228007F010200503C002010B5EFF31184202349
:10D2380083F31288BFF36F8F0B48FFF7B9FD68B906
:10D2480084230A4A0A490B4804F092FC06490A4812
:10D2580004F08EFC8421054804F081FC0248FFF7A5
:10D26800CBFD204610BD00BF543C00203D0102000C
:10D278006A01020050FE01007F01020070B5EFF361
:10D288001186202383F31288BFF36F8F1A48FFF7A4
:10D298008FFD68B98423194A19491A4804F068FCB3
:10D2A8001549194804F064FC8421144804F057FC1B
:10D2B8001148FFF7A1FDFFF7AFFD144AD2E9004579
:10D2C800041945EBE0750C48FFF780FD68B94FF489
:10D2D80099730A4A0E490B4804F04AFC06490D485E
:10D2E80004F046FC4FF49971DFE786F31188BFF329
:10D2F8006F8F2046294670BD543C00203D01020036
:10D308006A01020050FE01007F0102008027002010
:10D3180095010200AC010200F8B50446EFF311874D
:10D32800202383F31288BFF36F8F5B48FFF740FD1C
:10D3380068B98423594A5A495A4804F019FC56498D
:10D34800594804F015FC8421544804F008FC52485C
:10D35800FFF752FDD4E90423B3F1004F08BF012AB7
:10D3680013D04D48FFF732FD002840F08F804FF46E
:10D3780099734A4A4D494B4804F0FAFB46494C48D0
:10D3880004F0F6FB4FF49971DEE7D4E90A566A1CFB
:10D3980046F10003022A73F1000334D3013D46F13C
:10D3A800FF36002EBCBF00252E4605F031FC0130AB
:10D3B80041F10001401946EB0101012871F100011A
:10D3C8005BDB05F025FC6FF00203013041F1000141
:10D3D800401946EB010183426FF000438B4151DB5A
:10D3E80005F016FC013041F100016FF0010240190F
:10D3F80046EB01034FF0FF31121A61EB030320469D
:10D408002C49FFF72FFD236B256A01332363D5B120
:10D418002148FFF7DBFC0028A9D087F31188BFF368
:10D428006F8F2046A847EFF31187202383F31288D4
:10D43800BFF36F8F1848FFF7BBFC00283FF479AFA4
:10D448001548FFF7D9FC54F8185FA54289D0002D7C
:10D4580087D02846FEF7DEFC00230F48C5F8803049
:10D46800FFF7B4FC002882D087F31188BFF36F8FD1
:10D478002846BDE8F840FEF787BC6FF001024FF080
:10D48800FF33BCE700224FF00043B8E787F3118869
:10D49800BFF36F8FF8BD00BF583C00203D0102006C
:10D4A8006A01020050FE01007F010200950102009E
:10D4B800AC01020021D300002DE9F84306461446CA
:10D4C8001D4691469846EFF31187202383F312886F
:10D4D800BFF36F8F2748FFF76BFC68B98423264A90
:10D4E8002649274804F044FB2249264804F040FB1B
:10D4F8008421214804F033FB1E48FFF77DFCB5F179
:10D50800FF3F08BFB4F1FF3F11D11A48FFF75EFC97
:10D5180050BB4FF49973184A1B49194804F028FB6B
:10D5280014491A4804F024FB4FF49971E1E7002DDF
:10D538000ADB012C75F100032246BCBF012200253D
:10D5480012F1FF3945F1FF383046FFF767FDDDE995
:10D558000823C6E90A2300234A4633633046434674
:10D568000B49FFF77FFCD0E787F31188BFF36F8F74
:10D57800BDE8F883583C00203D0102006A01020022
:10D5880050FE01007F01020095010200AC0102007B
:10D5980021D3000070B50546EFF31184202686F3E9
:10D5A8001288BFF36F8F2D48FFF702FC68B98423F8
:10D5B8002B4A2C492C4804F0DBFA28492B4804F064
:10D5C800D7FA8421264804F0CAFA2448FFF714FC45
:10D5D8002846FFF723FD90B12048FFF7F7FB002806
:10D5E80037D14FF499731E4A21491F4804F0C0FAF5
:10D5F8001A49204804F0BCFA4FF49971E2E76B6AC3
:10D60800CBB11648FFF7E2FB0028EAD084F3118873
:10D61800BFF36F8F28466B6A9847EFF3118486F340
:10D628001288BFF36F8F0D48FFF7C2FB0028BED0EA
:10D638000A48FFF7E1FB05F11800FEF701FD002895
:10D64800CAD0FEF7A1FB2146BDE87040034805F0AB
:10D65800B5BA84F31188BFF36F8F70BD583C0020B2
:10D668003D0102006A01020050FE01007F01020034
:10D6780095010200AC01020038B50D4C0D4DAC42CD
:10D6880013D90D4925230D4A0D4804F071FA0D48A8
:10D6980004F06EFA2521094804F061FA2046D4E91D
:10D6A800011205F0C4FA1834E9E7F7D3002038BDB1
:10D6B800D4040020D4040020FA260200D826020050
:10D6C80050FE01007B03020038B50C4C0C4805F0F5
:10D6D800E8FA65780A4805F0EAFA0A4805F0E1FA36
:10D6E800022D08D12478E31F5C425C41054805F00F
:10D6F800DEFA204638BD0024F8E700BF5C3C002075
:10D70800180400203004002010B51B4C1B4805F0FD
:10D71800C8FA2378590744BF03F0FB0323709A071C
:10D7280005D500F0B1F8237823F0020323701348DD
:10D7380005F0BDFA124805F0B4FA637813B1114840
:10D7480005F0ADFA002304210E48637000F0B6F826
:10D758000B4805F0ACFA094805F0A3FA2378DB0773
:10D7680005D505F099FA237823F0010323700348BF
:10D77800BDE8104005F09BBA5C3C00203004002056
:10D7880018040020603C002070B5FFF79DFF10B121
:10D798000024204670BD344805F083FA044620B1C1
:10D7A8006FF08F04FFF7B0FFF3E7304D2B789E073B
:10D7B80006D400F061F804462B7843F002032B707E
:10D7C800294805F074FA10B1002CE9D0EAE7002CDA
:10D7D800E8D1254805F065FA04460028E0D12B7801
:10D7E800D80706D405F056FA04462B7843F001030F
:10D7F8002B701D4805F05BFA0028E5D1002CD1D12B
:10D80800194805F04EFA0028CAD117482E7805F0B5
:10D818004EFA0028C4D1164805F043FA04460028F9
:10D82800BED16B783BB9F10705D5124805F035FA3A
:10D83800022304466B700E4805F039FA0028C3D15C
:10D84800002CAFD1084805F02CFA0028A8D12B7875
:10D8580005485A075CBF43F004032B7005F027FA0C
:10D86800002895D09CE700BF300400205C3C0020D5
:10D8780018040020603C00200122024B002083F89D
:10D88800C0227047643C00202DE9F0410A4C002575
:10D8980026464FF0010803272046C4F82080277742
:10D8A800013505F0DAF9102D04F12C04F4D1002328
:10D8B80086F8C032BDE8F081643C002010B50A4605
:10D8C800044619B1024B00211B68984710BD00BFE0
:10D8D800C0F1010010B50D4C206800F0E3FE0C4AC1
:10D8E8001368591C11605BB90A4A5920D2F80034F0
:10D8F80043F00703C2F80034F8F784FB00F09AFA03
:10D908002068BDE8104000F0E7BE00BF4C040020CE
:10D91800283F00200090055038B5164D286800F0C3
:10D92800C1FE154B1C68013C1C60ECB95920F8F786
:10D9380077FB0722114BC3F80823D3F8002422F001
:10D948000702C3F80024C3F80041D3F80021C3F844
:10D958000441D3F804214FF00072C3F80841D3F80A
:10D968000831074BC3F888212868BDE8384000F023
:10D97800B3BE00BF4C040020283F00200090055093
:10D9880000E100E070B5104D104E2B68B34219D07D
:10D99800FFF7A0FF00F0B2FB00F044FC38B105F03F
:10D9A80088F90446FFF7B8FF3CB92E6005E000F09F
:10D9B800EBF9044618B1FFF7AFFF204670BD05F03C
:10D9C80033FAEEE70024F8E74804002011736500F5
:10D9D8000022074BC3F81021C3F80C21C3F800211B
:10D9E800C3F80421C3F80821C3F81821704700BF01
:10D9F8000090045008B5FFF7EBFF01230360104BBC
:10DA08000A6832B9D3F80C211AB9D3F80821002AC8
:10DA1800F6D00B687BB90B4B99420ED0A3F58473F3
:10DA2800D3F80831002B14BF6FF002004FF0FF301D
:10DA3800FFF7CEFF08BD0020FAE74FF0FF30F7E709
:10DA4800009004500891045070B506460D4619B36D
:10DA58004B6913F00F040CD011495523114A124891
:10DA680004F086F8114804F083F855210D4804F0B5
:10DA780076F82146012004F0DBFF0D480D49C0F877
:10DA88000065C0F80455FFF7B5FF21460546204656
:10DA980004F0CEFF284670BD6FF00105FAE700BF1D
:10DAA8006D2702001A27020050FE01009627020087
:10DAB8000090045000910450034B0449C3F800053A
:10DAC8000348FFF797BF00BF00900450049104502B
:10DAD8000490045010B504460021012004F0A8FF6A
:10DAE800064B0749C3F800450648FFF783FF0021A6
:10DAF8000446084604F09CFF204610BD00900450E0
:10DB0800089104500890045038B50C4659B1074D97
:10DB18000749C5F800050748FFF76CFF10B9D5F8A5
:10DB28000835236038BD6FF00100FBE70090045012
:10DB3800109104500C9004502DE9F04F89B01C4608
:10DB480007460D46164605F04CF90346002840F0F6
:10DB5800F8807A690090C2F3013161F305138DF8FA
:10DB6800003013F0300308D1B868800710D06FF088
:10DB78008608404609B0BDE8F08F102B08D1BDF8E3
:10DB8800023023F4F87343F4A873ADF8023053E07D
:10DB9800D2B2F82A2ED100224FF0010B904610463F
:10DBA8009446D7F808E0DFF8DC9159F804AB1EEA90
:10DBB8000A0F08D00BFA0CF242EA080202F07F08BA
:10DBC800012240EA0A000CF1010CBCF1070FECD16C
:10DBD8002AB19DF8032068F347028DF803203EEA36
:10DBE800000007D17A88FF2A0FD006D8802A35D0BE
:10DBF800C02A35D06FF08508BBE7B2F5807F31D0F9
:10DC0800B2F5C07FF6D1062200E003229DF802009B
:10DC180062F306108DF8020013B91EF0030FA6D1A7
:10DC28003B79022B2BD01FD8012BA0D1BDF80220A5
:10DC380063F3C812ADF80220012938D0032923D094
:10DC4800002994D13B88B3F5105FD3D1182C03D0A9
:10DC5800202C01D0102C8AD1474F2CE00122D5E787
:10DC68000222D3E70422D1E7032B02D0FF2B7FF453
:10DC78007EAF0222BDF8023062F3C81385E7BDF813
:10DC8800023043F4C07380E7202C05D006D8102C4E
:10DC980002D0182C7FF46BAF384F0CE024F020032F
:10DCA800412B01D0302CF5E70136013CF4E7302C4C
:10DCB8007FF45DAF324F4FF000080F344FEA14196C
:10DCC80005EB080005F06BF8002852D008F10108B0
:10DCD800C145F5D11F2C2ED11C22002101A807F027
:10DCE80021FA4FF0000B4FF0FF3A07EB0B124FEA07
:10DCF8000B130692BBF1000F26D1009A0792BDF8CC
:10DD080002203344C2F3C11205920DF1040C03F151
:10DD1800100E624618685968083303C27345944662
:10DD2800F7D101A905EB0B00FFF78EFE804670B115
:10DD380005F057F805E04946284605F03AF8002866
:10DD4800CAD06FF0920814E7CDF81CA0D7E71C21C1
:10DD580001A80BF1010B05F046F9D945C5D11F2CD7
:10DD68003FF407AFBA20FFF7B5FE00283FF401AF34
:10DD7800E7E76FF08A08FCE600FF072000000020B4
:10DD880010940550C4F1010010B590B01C22002178
:10DD980001A807F0C7F9F82005F001F800B3202220
:10DDA80000200DEB020100F03FFB0446F0B94FF4F0
:10DDB8008071104A104B01A8CDE901230F4BCDE922
:10DDC80003130F4BF821069320230DEB0302FFF7F3
:10DDD800B3FE202104460DEB010005F004F905E02F
:10DDE800F92004F0DCFF0028D9D10446204610B001
:10DDF80010BD00BF00240001014B4E800010C0047C
:10DE0800F800FF7FBFF35F8F094A1368BFF35F8F86
:10DE180043F48071BFF35F8F1160BFF35F8F23F40A
:10DE28008073BFF35F8F1360BFF35F8F704700BFCE
:10DE380000100150BFF35F8F1522064B5A62BFF3E3
:10DE48005F8FBFF35F8F40F237129A62BFF35F8F25
:10DE5800704700BF0010015008B5FFF7D3FFBFF3AC
:10DE68005F8F064A1368BFF35F8F43F00103BFF368
:10DE78005F8F1360BFF35F8F08BD00BF00100150B4
:10DE880070B50026C0E9006605460C46FFF722FD7E
:10DE980001232B70FFF7B6FFBFF35F8F204BDB68C2
:10DEA800BFF35F8F9B08013BACB3226842B19A4233
:10DEB80005D9FFF731FD6FF03F002E7070BD134696
:10DEC800D4E90115E068002908BF4FF40071002863
:10DED80008BFF1202469BFF35F8F114A9360BFF335
:10DEE8005F8FBFF35F8F1564BFF35F8FBFF35F8FE3
:10DEF8005064BFF35F8FBFF35F8F5163BFF35F8FD2
:10DF080044F4802444F00104BFF35F8F1460BFF32E
:10DF18005F8F0020D2E74FF40071F1202546DAE741
:10DF28000010015070B503780D461446002B52D0EE
:10DF3800BFF35F8F2C4A136BBFF35F8F03F00E01A3
:10DF48000A294BD013F00C0F02D14FF0FF3070BDEF
:10DF58004368D3B9BFF35F8F5368BFF35F8F032B59
:10DF6800F3D9224B2249BFF35F8FD2F88060BFF309
:10DF78005F8FBFF35F8F43F8046BBFF35F8F8B42F4
:10DF8800F1D1FFF769FF01234360BFF35F8F164BA1
:10DF98009A68BFF35F8F0132B4EB021F21D8BFF339
:10DFA8005F8F5A68BFF35F8FB4EB820FCDD884B10F
:10DFB800BFF35F8FD3F88020BFF35F8F291D05F86B
:10DFC800012BA9424FEA122204F1FF34EFD0002CB2
:10DFD800F5D10020BBE76FF02000B8E76FF05100E3
:10DFE800B5E76FF03F00B2E7001001501010015084
:10DFF8002010015010B50446FFF76CFC104B186850
:10E0080000F050FB0CB101232370BFF35F8F002099
:10E018000C4BD861BFF35F8FBFF35F8F4FF0FF32B8
:10E028001A63BFF35F8FBFF35F8F3422DA61BFF3E8
:10E038005F8F012203F59223C3F8042310BD00BFAC
:10E04800500400200000015010B5044608B10378C0
:10E0580043B1FFF761FC044B186800F03DFB0CB1BD
:10E068000023237010BD00BF5004002038B51B4C9E
:10E07800D4F80051BDB1BFF35F8F194B996ABFF354
:10E088005F8FBFF35F8F4FF0FF321A63BFF35F8F6D
:10E098000023C4F80031D4F80031124B1868BDE8E9
:10E0A800384004F091BFD4F8083153B100F08AF831
:10E0B80004F0EAFEC4F80851D4F8083101210A4BEB
:10E0C800ECE70A4950230A4A0A4803F051FD0A4876
:10E0D80003F04EFD5021064803F041FD0090055025
:10E0E800000001505804002054040020D31A0200F4
:10E0F800A827020050FE01000E28020008B5074BB1
:10E10800186804F050FF064B186804F04CFFBDE88F
:10E118000840002259201146F7F7A4BF58040020F0
:10E128005404002038B5094B1C7864B1084B4FF0F3
:10E13800FF311D68284604F038FF4FF0FF310446D0
:10E14800284604F03FFF204638BD00BFE4400020C9
:10E158005804002010B5064CE36C3BB9214651F831
:10E168004C3B986904F0D1FE0123E364014810BDDB
:10E178002C3F0020783F002010B504460E4B18684D
:10E1880000F090FA0D4B1A68236122605A686260A9
:10E198009A68A2600A4A12689A660023A364FFF785
:10E1A80099FB204604F061FE0028FAD1204604F0CD
:10E1B80061FE0028F5D110BD5C0400202C3F002032
:10E1C800E0F10100004870472C3F002010B50446DC
:10E1D800054A036912689A6604F08AFE2046BDE87B
:10E1E800104004F059BE00BFF8F1010010B5044614
:10E1F800FFF7ECFF0422084BC3F80823FFF78CFB5A
:10E20800064A236912689A6600236364044BBDE8D2
:10E218001040186800F060BA00900550E0F1010065
:10E228005C04002010B50E4B0E4C236003F5C04370
:10E2380063602461FFF78EFF236D2046B3F5007FEE
:10E24800CCBF4FF480634FF40073A360FFF794FFD3
:10E258002046FFF7BBFF2046FFF7C8FF002010BD90
:10E26800002001502C3F0020244B0340B3F5806F61
:10E2780030D016DC402B2FD008DC102B2ED0202BD2
:10E288002ED0181E18BF012040007047B3F5807FBC
:10E2980028D0B3F5007F27D0802B14BF02200B2095
:10E2A8007047B3F5804F21D00BDCB3F5805F1FD0EA
:10E2B800B3F5005F1ED0B3F5006F14BF022006202F
:10E2C8007047B3F5004F17D0B3F5803F14BF022055
:10E2D80003207047112070470A2070470C207047B0
:10E2E800092070470820704707207047142070479E
:10E2F80005207047042070470F207047F0FF010089
:10E3080000212DE9F043064695B00846FFF772FE56
:10E318000DF12705044625F01F0520B115B0BDE80D
:10E32800F04304F0C6BC4FF01009DFF884800122E6
:10E3380010211E4804F029FD1C4A2B1900932021A6
:10E348001023CDF80490A2F1200000F00FF9074641
:10E3580050B10020FFF778FE384604F0AAFC0746C3
:10E36800384615B0BDE8F083D8E90C3210340133D3
:10E3780042F10002302CC8E90C32D8D1FFF764FE14
:10E3880026B122463146284604F0F2FC2E46084CB7
:10E398000FCE0FC496E80F00203584E80F0095E8EB
:10E3A8000F00103484E80F00DAE700BFA827002028
:10E3B80088270020F0B5194D194FAB6B8DB0BB42C3
:10E3C80029D0184E306800F06DF940230022194614
:10E3D800284604F0FDFD3021684604F0BCFD0446E3
:10E3E80078B96846FFF78CFF044690B93023024697
:10E3F8001946684604F0ECFD01220023C5E90C2308
:10E40800AF63306800F068F9204604F052FC0DB0A4
:10E41800F0BD0E24F5E70020F9E700BF88270020AB
:10E42800B4A5B4A5600400202DE9F04F99B00DF112
:10E43800570902F10F0A04468846154629F01F09B4
:10E448004FEA1A1A32B1002900F08780B2F5005F4E
:10E4580000F28380424F434E386800F023F9D6E932
:10E468000C32134308D12046FFF7A4FF044618B125
:10E47800386800F031F95CE0D6E90C231AEB020A9F
:10E4880043F10003BAF5803F73F1000314D3302140
:10E4980002A804F060FDF8B902A8FFF731FF0446AE
:10E4A8000028E5D130230246194602A804F090FD61
:10E4B80000220023C6E90C2300210846FFF79AFD35
:10E4C800044660B910249DB92846FFF7BDFD2846CB
:10E4D800FFF716FF0446CBE76FF09204C8E73868E9
:10E4E80000F0FAF8204619B0BDE8F04F04F0E1BB9F
:10E4F800102D4FF001024FF010011B48AB4628BF0A
:10E508004FF0100B04F041FC174A10232021CDE9ED
:10E518000094A2F1200000F029F8824668B100209A
:10E52800FFF792FD386800F0D7F8504604F0C1FBB9
:10E538000446204619B0BDE8F08F5A464046494681
:10E5480006F0CAFDD6E90C32013342F10002C6E9F1
:10E558000C32A5EB0B05D844B5E76FF08604E8E765
:10E568006004002088270020A827002037B54FF432
:10E5780080740194214C41F00051A16140F61101D1
:10E5880043F00053A3622123E16104F1200161619A
:10E5980001212262E362069A194B01AD1A60079ABB
:10E5A800256042F000521125C3E901122022DFF84C
:10E5B80058C02061C4E902C504F1100565606162B4
:10E5C800DA60BFF35F8F0F4A1460BFF35F8FBFF34A
:10E5D8005F8F1361BFF35F8FBFF35F8F03235363B5
:10E5E800BFF35F8FBFF35F8F9363BFF35F8F00F05D
:10E5F80033F8431CFBD003B030BD00BFA83F002058
:10E60800983F0020000001500400002038B5BFF3F7
:10E618005F8F104CE569BFF35F8FBFF35F8F1023E7
:10E628006363BFF35F8F012004F0D0FCBFF35F8FFB
:10E6380000236363BFF35F8FBFF35F8FE36BBFF3A9
:10E648005F8F5B06F8D425B1BFF35F8FE561BFF339
:10E658005F8F38BD0000015008B5FFF763FD104A11
:10E6680020B9BFF35F8F906ABFF35F8FBFF35F8FEF
:10E67800D36BBFF35F8F10F0240F03F0230304D094
:10E68800FFF7C4FF6FF01F0008BD4FF0FF30002BED
:10E69800FAD1BFF35F8F1063BFF35F8F1846F3E7BC
:10E6A8000000015008B54FF0FF324FF0FF33FCF780
:10E6B800E5FB48B1054906481723064A03F058FA0E
:10E6C8001721044803F04BFA08BD00BF690F020088
:10E6D80050FE01002628020008B5FCF797FC48B157
:10E6E800054906481F23064A03F042FA1F21044839
:10E6F80003F035FA08BD00BF690F020050FE0100A3
:10E70800262802002DE9F74305460C46914600F1FC
:10E718000C06EFF31188202383F31288BFF36F8F61
:10E728003046FEF745FB68B98423164A1649174850
:10E7380003F01EFA3146164803F01AFA84211148EC
:10E7480003F00DFA3046FEF757FBAB6828465C40ED
:10E7580004EA090203EA09075340002200930D491D
:10E768006B460192FEF7E4F9DDE9003223EA020381
:10E7780030464146AB6004F021FA384603B0BDE8A4
:10E78800F08300BF3D0102006A01020050FE010053
:10E798007F010200073001002DE9F04F85B088465F
:10E7A800DDE90E1B05461746EFF305838BB151EAE9
:10E7B8000B030ED0404940F22113404A404803F071
:10E7C800D7F9404803F0D4F940F221113B4803F04F
:10E7D800C6F90291B8F1000F56D007F00103039370
:10E7E800FDF7FCFF05F10C048146EFF3118A2023A5
:10E7F80083F31288BFF36F8F2046FEF7D9FA029988
:10E8080060B98423304A31492D4803F0B1F92146D3
:10E818002F4803F0ADF984212B48D8E72046029110
:10E82800FEF7EAFA17F0020F1CBF0023AB60AB68D3
:10E8380007F00102029903EA0806BAB1B04517D1F8
:10E848007A0744BFB343AB602046FEF7BFFAE8B986
:10E858004FF499731C4A1F49194803F089F9214656
:10E868001D4803F085F94FF49971D5E7002EE7D1DB
:10E8780051EA0B0312D12046FEF7A8FA0028E7D088
:10E888008AF31188BFF36F8F002603E08AF311889B
:10E89800BFF36F8F304605B0BDE8F08FC9E9188720
:10E8A8002A46CDE9001B20465146FDF743FB0028C8
:10E8B800EAD1D9F86060EDE7702002006B28020009
:10E8C80050FE0100EA1D02003D0102006A0102003B
:10E8D8007F01020095010200AC01020008B5EFF3C8
:10E8E80005834BB1074908483A23084A03F040F921
:10E8F8003A21064803F033F9C0E90233C0E90000C1
:10E9080008BD00BF0220020050FE01006B28020073
:10E9180073B51546069AD40323D59F2921D9124EDB
:10E92800A039337800EB41046BB97D2341F64C5292
:10E938001E21CDE900324FF47A5028230A2200F034
:10E94800A9F8012333702A46A021204600F0EAF8EE
:10E9580028B90146A022284606F0E4FB282002B088
:10E9680070BD0020FBE700BFE640002070B51F4DDA
:10E9780004462B78A0B03BB9012378221C491D48D6
:10E9880004F040FC01232B70236B1A4D19681A8A76
:10E99800A06B0B46CDE90012E66B04F04CFCDDE9F8
:10E9A8000012284604F008FCE8B902AB19462868AA
:10E9B800421E273012F9015F033303F8035C92F912
:10E9C8002850824203F8025C92F9505003F8015C27
:10E9D800F0D13246A06B04F029FC003818BF0120A2
:10E9E800404220B070BD7E20FBE700BF5F410020A1
:10E9F800E7400020D83F002000487047020202008C
:10EA080070B585880C46012D03681DD01E46194631
:10EA1800DFED1E7AAA0003EB8500814219D19FED34
:10EA28001C7AF4EEC77AF1EE10FA20DC18460021C1
:10EA380006F078FB03460022DFED147A1146AA425D
:10EA480017D32180658002E04FF480320A6063604A
:10EA580070BDB1EC017A77EE877ADEE7D2ED006A15
:10EA680086EEA77AA2EC017A8242F7D1E3E71A464A
:10EA7800FAE7B6EC017AB4EEE77AF1EE10FAC4BF21
:10EA88001146F0EE477A0132D9E700BF00000000D6
:10EA980000000034F0B51D461C4B91B004460F46EB
:10EAA800164618468822002106F03CFBBDF858207F
:10EAB800072107EE902AF8EE677ABDF85C20CDEDC5
:10EAC800047A07EE902A0A22CDE90512104A114964
:10EAD8000792114A0B9108921049114A0C91099218
:10EAE80015210122CDE90D120A920622F8EE677A65
:10EAF80001460F9268462246CDED037ACDE90076AD
:10EB0800029504F036FD11B0F0BD00BFE43F0020CF
:10EB1800CDCCCC3C3333733F8FC2753D0000A0424F
:10EB2800CDCC4C3D10B586B0144603AA0B460092D6
:10EB38000F49024604A804F0C4FC059BB3B104982D
:10EB480090B122469FED0B7A023804EB830130F82E
:10EB5800024F07EE904AF8EE677A67EE877AE2ECA2
:10EB6800017A8A42F3D198B206B010BD1846FBE785
:10EB7800E43F00200000203D38B50A4D04462B78BC
:10EB880033B9F6F73FFE08B140B238BD01232B7008
:10EB9800204603F097FB40B2003818BF01204042DE
:10EBA800F3E700BF604100202DE9F04F014616460B
:10EBB8001D4618468FB07BB100248B691A9FDFF879
:10EBC80040A0D3E900980DF1180B8DF8304044456A
:10EBD80005D11A9BFA1A90100FB0BDE8F08F1B9B55
:10EBE800CDE90065DDE91801CDE903A3CDF808B04A
:10EBF8003A4659F824309847013407EB8007E6E78E
:10EC0800313301002DE9F04F154692B21F4695B0F9
:10EC1800002A32D00024C369219A9E68D3E900A94A
:10EC280009ABD6F8008008930CAB0793DDF880B0E9
:10EC380007AB8DF848408DF82C4093604C450BD1BC
:10EC4800B8F1000F01D1C6F80080209BABEB03029E
:10EC5800901015B0BDE8F08F219BCDE90057DDE994
:10EC68001E010493064B5A46CDE902635AF8243034
:10EC7800984701340BEB800BE0E71046E9E700BF4B
:10EC8800313301002DE9F04F1546120C1E4687B0AE
:10EC98001ED00024A346036A129FDFF838A0D3E9E8
:10ECA8000098444505D1129BFA1A901007B0BDE8A8
:10ECB800F08F139B8DE86008DDE91001CDE903A30F
:10ECC8003A4659F824309847013407EB8007E8E7BB
:10ECD8001046EBE7313301002DE9F74F00244FF0E0
:10ECE80001094BF2721E4FF4004801924268DFF8A6
:10ECF80098C00092C3F1000A019A944240DA02686F
:10ED080051F824508AB3002BB4BF25FA0AF59D4068
:10ED1800012D33D9B5FA85F6C6F11F070F2F09FA69
:10ED280007F2A5EB0202D5BF0F3EC6F10F06B240AF
:10ED380032415612751C3CF816B03CF81550A2EB3F
:10ED48004626A5EB0B056E435A4402EB264606EB16
:10ED5800074742460026E7FB0E26009D120C42EAB2
:10ED68000642AA4002F50042150C4FF6FF72954282
:10ED780028BF154621F814500134BDE70025F4E7F3
:10ED8800084603B0BDE8F08F10F201000346DFED3E
:10ED9800156A93ED027A27EE267ABCEEC77AD3ED90
:10EDA800037A104617EE102A93ED017A67EEA67AD9
:10EDB80027EE267AFCEEE77ABCEEC77A10B50C4649
:10EDC800196817EE903AE28017EE102A2160A280A7
:10EDD80004212381E060F7F7F5FD2061003818BFB2
:10EDE800012010BD0000804610B5012407EE902ACE
:10EDF800C368B8EE677A04FA03F300EE103A04FA2F
:10EE080001F307EE903AF8EE677AD0ED010A2DED9E
:10EE1800028BB8EE408A87EE270AD0ED027AF1EE2F
:10EE2800600A30EE270AF2F793FDDFED0C7A28EE40
:10EE3800000ABDEC028BB4EEE70AF1EE10FADFBF70
:10EE4800F6EE007A30EE270ABDEEC00A10EE103A50
:10EE5800CCBF47F6FF7018B210BD00BF00FEFF46DA
:10EE68004FF47A732DE9F04105680C465543B5FB1C
:10EE7800F3F52DED048B0D6041684FEA45084A43D0
:10EE8800B2FBF3F24046A260F7F774FD07466060F4
:10EE980020B90020BDEC048BBDE8F08107EE905A44
:10EEA8009FED1C7AF8EEE77A002687EE279AB6EEF1
:10EEB800008ADFED198AB5421BD007EE906AB8EEDA
:10EEC800E70A30EE080A20EE090A01F053FFF0EED7
:10EED800487AE0EE487AB0EE480AA7EEA80A06F0AB
:10EEE80055FABDEEC00A10EE103A27F81630013672
:10EEF800E1E7002340462361F7F73CFDE060002886
:10EF0800C7D04046F7F736FD6061003818BF0120CA
:10EF1800C0E700BFDB0FC94000008045DFED057A80
:10EF280008B580EE270AF3F70BF8DFED037A20EE39
:10EF3800270A08BD00002F4400E08C442DE9F04F5B
:10EF48002DED088B08EE903A036887B00B6001330B
:10EF58005D00824628460C4608EE102A0193F7F712
:10EF680009FDE06002902846F7F704FD206183461A
:10EF78002846F7F7FFFC019B60610646D800F7F7C3
:10EF8800F9FC019B20629800F7F7F4FC0746284635
:10EF9800F7F7F0FC81462846F7F7ECFC029B804621
:10EFA80043B1BBF1000F05D026B11FB1B9F1000F75
:10EFB80000D070B93846F7F7F7FC4846F7F7F4FC85
:10EFC8004046F7F7F1FC002007B0BDEC088BBDE820
:10EFD800F08F9AED020AB5EEC00AF1EE10FADAEDFA
:10EFE800019A05DA27219C4B9C4A9D4800F0C0FCF9
:10EFF800B4EEE90AF1EE10FA03D42821994B974AA6
:10F00800F3E7FFF78BFFB0EE409AB0EE690AFFF71F
:10F0180085FFDDED017A30EE490AF8EEE77A3A46E7
:10F02800C0EE276A00230397019999420BDD01334B
:10F0380007EE903AB8EEE77AF0EE497AE6EE877A8C
:10F04800E2EC017AF0E7B8EEC88AB6EE00AAF8EE6C
:10F05800E87AF7EE00AA28EE0A8A77EEEA7A9AEDBD
:10F06800027A88EE279AC7EE097AB7EE087A77EE21
:10F07800877A0026FDEEE77AB34617EE905AC4ED7C
:10F08800017ACDE90476A660019B9E4255DA029585
:10F09800DDED027AB8EEE70A20EE090AFFF73EFF37
:10F0A800049BD3ED007AB4EEE70AF1EE10FA029B66
:10F0B80002D801330293EBE75B1BD4E903E26069F2
:10F0C8004FEA460C29F8165028F8163002EB46018C
:10F0D800DBB92EF8163022F816304FF0040320F86A
:10F0E8001630059B5BB98A4205D0B2F90050043549
:10F0F80022F8025BF7E701230BF1040B0593049B4D
:10F10800029D043301360493BEE7002D05F001018A
:10F11800B8BF494219444B1E48BF8B1C23F003015A
:10F1280005EBD575043125F001052EF80C5022F8B1
:10F138000CB020F80C108B44E1E702215846F7F791
:10F1480041FC0221A06105465846F7F73BFCE06107
:10F15800002D3FF42FAF00283FF42CAF9AED020AA0
:10F16800FFF7DCFE0026F0EE409A9FED3FBA019BC8
:10F178009E425FDAE16839F916A031F91650216923
:10F1880038F9162031F91630AAEB0505002E3FD0C4
:10F19800039951ED01BA4FF0000B1D446D000AEBC5
:10F1A8000B03934500EE103A35DAB8EEC00A039B1C
:10F1B80020EE090A93ED008A0592FFF7AFFE78EE7C
:10F1C8006B7A38EE400A80EE278AB0EE4A0AE16987
:10F1D800A369A8EE0B0A0491029306F0D7F8BDEED6
:10F1E800C00A3AEEC88A10EE102AB0EE4A0A029B0C
:10F1F800A8EE0B0A5A5306F0C9F8BDEEC00A10EE85
:10F20800103A0499059A4B530BF1010B0235C6E7E6
:10F21800F0EE69BABFE7002AACBF0AEB02010AF1B7
:10F228000001A36801369942039BC8BFA16004335B
:10F2380003939CE73846F7F7B7FB4846F7F7B4FB64
:10F248004046F7F7B1FB18EE903AA0689842ACBF79
:10F2580000200120B8E600BF8E280200AC2802007A
:10F26800E72802004E2902000000804580B400AF64
:10F27800024B1846BD465DF8047B70476C40002081
:10F2880080B584B002AF786039607B68B3F5005F01
:10F2980009D13B68B3F58A7F03D03B680D4A934296
:10F2A80001D1002311E03B681B0CDAB23B681B0A52
:10F2B800D9B23B68DBB200930B467968064803F085
:10F2C8004BF8064803F048F8002318460837BD46AF
:10F2D80080BD00BF0202010078600100B860010033
:10F2E80080B582B000AF78600921786805F09BF995
:10F2F8000346002B08D00921786805F094F90346E5
:10F308001946034803F028F800BF0837BD4680BDFA
:10F31800DC60010080B584B000AFFFF7A7FFB860DC
:10F32800BB68002B02D14FF0FF33A3E0BB6893F812
:10F338005630012B66D10921B86805F074F90246E8
:10F34800BB685A61BB685B691A460921B86805F051
:10F358007EF9BB685A69494B1340002B3AD0BB6809
:10F368005B6903F0D003002B12D0BB685B6903F024
:10F37800F0031946424802F0EFFF1221B86805F081
:10F3880052F903467B607B6819463E4802F0E4FF69
:10F39800BB685A693C4B1340002B07D0BB685A69BD
:10F3A800394B13401946394802F0D6FFBB685B69F0
:10F3B80003F02003002B07D0BB685B6903F0200330
:10F3C8001946334802F0C8FF324802F0C5FFB86852
:10F3D80005F09EF9BB685A692F4B1340002B06D0E5
:10F3E8000323FB81BB68012283F857203AE0BB68FE
:10F3F8005969BB68DB691A46284802F0ADFF00234B
:10F40800FB812FE02121B86805F0E3F80246BB68CC
:10F41800DA61BB68DB691A462121B86805F0EDF8A6
:10F42800BB68DB691946B86800F042FABB68DB695B
:10F43800002B0DD02021B86805F0CBF80346002B2F
:10F4480006D00323FB81BB68012283F8572009E01B
:10F45800BB685969BB68DB691A46104802F07CFF33
:10F468000023FB81B7F90E30032B01D1F6F754F9CD
:10F47800B7F90E3018461037BD4680BDF0F303FECD
:10F48800186101003061010000F303FE40610100D2
:10F498005861010074610100F2F303FE8861010004
:10F4A80080B584B000AF78607B6893F85630012B44
:10F4B80017D10921786805F0B6F802467B685A61C9
:10F4C8007B685A69184B1340FB60FB68002B06D019
:10F4D8007B685B691A460921786805F0B8F8FB680B
:10F4E8001EE07B6893F85630002B18D121217868EC
:10F4F80005F06FF802467B68DA617B68DA697B6839
:10F508009B691340FB60FB68002B06D07B68DB69B6
:10F518001A462121786805F070F8FB6800E000239E
:10F5280018461037BD4680BDF2F303FE80B582B0A1
:10F5380000AF7860074A0821786805F088F87B688A
:10F548009B691A462021786805F057F800BF0837EC
:10F55800BD4680BDF2F303FE80B588B000AF00233E
:10F56800FB8300237B77FFF781FEB861BB6993F8C3
:10F578005430002B02D1BB691B6B00E000237B6178
:10F58800BB6993F85430002B03D1BB691B6B1B6814
:10F5980008E0BB6993F85430013BBA690633DB00D5
:10F5A80013445B683B613B699B68B3F1FF3F02D141
:10F5B80001237B7765E0BB6993F85730002B60D057
:10F5C8003B695A683B699B689B0013441B683B6016
:10F5D800FB7803F00803DBB2002B12D1BB6993F868
:10F5E8005630012B14BF01230023DBB21A46BB6936
:10F5F80083F8562000BFB869FFF752FF0346002B77
:10F60800F9D0FF23FB73BB6993F85630FB73FB7B80
:10F61800012B1ED1BB695A69604B1340002B03D0E4
:10F628004FF6FB73FB8310E0BB6914331B7803F0C0
:10F638000203DBB2002B08D1BB695B691946584845
:10F6480002F08AFE6FF00403A3E0BB6900225A614E
:10F6580013E0BB691C335B7803F00103DBB2002BBA
:10F6680008D1BB69DB6919464E4802F075FE6FF098
:10F6780004038EE0BB690022DA61BB69002283F8CB
:10F688005720B7F91E30002B20D17B7F002B15D0D7
:10F69800BB6993F85430002B10D1BB691B6BDB6836
:10F6A800002B0BD0BB691B6B1869BB691B6BD96836
:10F6B800BB691B6B9B8A1A4605F00EFD7B7F3A6976
:10F6C8001946B86905F050FA0346FB83B7F91E30AE
:10F6D800012B02D1B7F91E305BE0BB6993F85430B7
:10F6E800002B19D0BB6993F85430013BBA69063333
:10F6F800DB0013441B7A022B0BD1BB6993F85430FF
:10F70800013BBA690633DB001344FA8B5A81F5F7DB
:10F71800FDFFB7F91E303CE002F02BFEB860BB6974
:10F728001B6BDA69BB691A63BB691B6B002B14BFBF
:10F7380001230023FB71B86802F023FEFB7983F0F4
:10F748000103DBB2002B01D0F6F74AF87B699B690D
:10F75800002B05D07B699B697A69526810469847E7
:10F768007B699B68002B07D07B699B687A69516825
:10F77800B7F91E2010469847FB79002B07D0BB69C4
:10F788001B6B1B681A460121B86905F0EDF9FB7976
:10F798001BB218462037BD4680BD00BFF0F303FEFC
:10F7A800AC610100D061010080B586B000AF78601F
:10F7B8004FF000737B61FB7D43F00303FB75FB7D1A
:10F7C80043F01003FB75BB7D23F01003BB75BB7DB5
:10F7D80043F02003BB75BB7D43F04003BB75BB7D85
:10F7E80043F08003BB757B691A461D21786805F0D4
:10F7F800B7FBFF23BB74FF23FB74FF237B74FF233A
:10F808003B743B691A461F21786805F0A9FB274B12
:10F81800FB60FB7B43F01003FB73FB681A461E2159
:10F82800786805F09DFB4FF0FF33BB60BB681A4654
:10F838002121786805F094FB7B6818334FF0FF327C
:10F848001A607B6803F11802137823F00103137020
:10F858007B6803F11802937823F0010393707B68A7
:10F8680003F11802937823F0020393707B6803F185
:10F878001802937823F0040393707B6803F118024D
:10F88800937823F0080393707B6803F11802937848
:10F8980023F0100393707B689B691A4620217868CF
:10F8A80005F05EFB00BF1837BD4680BD006000084C
:10F8B80080B584B000AF786039603B6803F01E0300
:10F8C800002B25D000221D21786805F049FB3A68F5
:10F8D8002121786805F044FB0F4802F03DFD002324
:10F8E800FB600EE0FB68DBB21946786805F024FB84
:10F8F80003461A46F968094802F02EFDFB680133F1
:10F90800FB60FB68222BEDDD786805F03FFB00E02B
:10F9180000BF1037BD4680BDF46101000C620100D4
:10F9280080B582B000AF78607B68B3F5877F03D07D
:10F938007B680C4A934201D100230EE07B681B0CC4
:10F94800D9B27B681B0ADAB27B68DBB2064802F0E0
:10F9580003FD064802F000FD002318460837BD469F
:10F9680080BD00BF010201001C6201004C62010061
:10F978001FB51446084D1A4654B1084B0091084962
:10F98800CDE901340346286805F0E0FBF6F7B0FF3F
:10F99800044B1C46F2E700BFC8EE01007C290200B8
:10F9A80089290200EC1D02000CB430B58BB0044666
:10F9B8000D462022002102A805F0B4FB0223002DE9
:10F9C80006948DF80A300C4B039312DB01D06B1EA2
:10F9D8001C440FAA0E9902A80794019200F09CF803
:10F9E80015B1069B00221A700BB0BDE8304002B07A
:10F9F80070470024EDE700BFC75401002DE9F0412E
:10FA08000126B24201DCBDE8F08107463B461F46AD
:10FA180013F8014B002CF6D0252CF8D11D780237AD
:10FA2800252DF3D00023DFF8EC809C461C461F2CC4
:10FA380027D8A5F1200EBEF1100F06D828FA0EFE21
:10FA48001EF0010F53D12E2D3CD02E2D27D8242D5A
:10FA580033D02A2D36D0BCF1000FD4D0B445D5D13F
:10FA680045F020070B68A7F1650CBCF1020F01D91E
:10FA7800612F42D1073323F00703083301360B60A7
:10FA8800BFE77F2CDFD96C2D23D01DD8682D27D058
:10FA98006A2D01D04C2DDED144F4207408E0A5F184
:10FAA800300EBEF1090FEED80A2404FB03E320242C
:10FAB80017F8015B002DBAD1CDE7BCF1000F18D0C3
:10FAC800B34218D00023F3E7742DF1D07A2DEFD08C
:10FAD800C1E7250648BF44F4007444F08004E7E712
:10FAE800E50548BF44F4007444F48074E0E700245A
:10FAF800DEE79C46E6E76325B2E7692D02D007D822
:10FB0800632D03D0250601D5A405B3D40433B5E786
:10FB1800732DF6E7892801002DE9F04F837893B01B
:10FB28008046D0F804909C07CDE9081214D50B46FE
:10FB380000250B92187888B1252813D00133069335
:10FB480041460135C847002880F2F48398F802300E
:10FB580043F0040388F802304FF0FF35284613B00D
:10FB6800BDE8F08F93F801A09A1CBAF1250F069210
:10FB7800E6D04FF0000B5E465F465C461F2C23D84C
:10FB8800AAF12003102B22D8DFE803F01521211B4E
:10FB98002121210B2121211321182121090044F0C1
:10FBA8000104069B13F801AB0693BAF1000FE5D1E7
:10FBB8001BE044F0020444F00404F2E744F00804B3
:10FBC800EFE744F01004ECE77F2C00F2F880BAF17C
:10FBD8002E0F00F0D58000F2AE80BAF1240F00F0AD
:10FBE800D580BAF12A0F00F0B680BBF1000F06D01D
:10FBF800099B5A460BA908980B93FFF7FFFE002EA6
:10FC08004AF02003B8BF24F040040493A3F165032D
:10FC1800BCBF0026A4B2022B04D94AF02003612BF2
:10FC280040F088826FEA0A0A0AF0200307930B9BC8
:10FC3800073323F0070303F108020B92049A612AA1
:10FC4800D3E900AB04F0400340F0E680002B079BAB
:10FC580050460CAA08BF4FF0FF360093594644F4AB
:10FC6800C054334605F0A4FB01304FF0010CDDF819
:10FC780030A0C3B2B3420393A8BF03F1FF36702389
:10FC8800CDE9043C0AF10903122B0DD90AF16303EB
:10FC9800C62B40F2F4800AF2E73340F2CE72934268
:10FCA8008CBF0423032305939DF83430D80700F153
:10FCB800E880A20700F1E880C4F3800B4FEA4B1BF1
:10FCC8005FFA8BFB13F00C0F00F0EA80BBF1000F1A
:10FCD8000CBF03230423BB420EDA2007A7EB03075C
:10FCE8000BD42F4441462020C847002805F10105C0
:10FCF800FFF62CAFBD42F5D10027BBF1000F07D0AE
:10FD080041465846C847002805F10105FFF61EAFD1
:10FD18009DF83430AD4C13F0080FAD4B08BF1C46AE
:10FD28002646324616F8010B002840F0B0802C1BFE
:10FD380002EB040B7AE1AAF13003092B3FD814F047
:10FD4800400F4FF00A020ABF44F0200402FB0636B7
:10FD580002FB073725E7BBF1000F7FF422AF0B9AB0
:10FD6800600652F8043B0B9201D51E4619E7002B9A
:10FD7800A7BF44F020041F465F4244F0280410E760
:10FD880063063FF5EBAE44F040040AE7BBF1000F11
:10FD98003DD014F0400A099B0BA908980CBF3A46BD
:10FDA80032460B93FFF72AFE0B9B53F8042B0B9359
:10FDB800BAF1000F01D01646F3E61746F1E6BAF19C
:10FDC8006C0F16D00CD8BAF1680F19D0BAF16A0FB7
:10FDD80003D0BAF14C0F7FF408AF44F42074E0E686
:10FDE800BAF1740F3FF4DDAEBAF17A0F3FF4D9AE31
:10FDF800FBE6200648BF44F4007444F08004D0E6D3
:10FE0800E30548BF44F4007444F48074C9E65E46D0
:10FE1800BB4634463746C4E6002B049B08BF06267B
:10FE2800652B0ED1721C44F48054D2B21346112AA9
:10FE38004FF065014FF0000228BF1123944604914A
:10FE480007E0049B662B12D144F40054B446012207
:10FE5800112350465946CDE9002C0CAA00F014FB9A
:10FE6800DDF830A0C3B20393022305930AE716F026
:10FE7800FF02DBD16523944604930123E9E70223BB
:10FE880011E74FF02D0B1DE74FF02B0B1AE7079BDF
:10FE98004146C01AC0B2C8470028BFF642AF55E66F
:10FEA80014F4405F40F09680039B002E03F1480352
:10FEB80008BF01266B44133B039A1AB113F8012DAE
:10FEC800302A75D014F0100F039B18BF33461AF16F
:10FED800040F72DBB24570DA534544F400547CDDFC
:10FEE8000AF101069E1B2AEAEA730133BBF1000FEF
:10FEF80000D00133002E72D0721C13449F42CCBF35
:10FF0800FF1A002714F0090F03D12F44BD426AD10C
:10FF18000027BBF1000F07D041465846C8470028C4
:10FF280005F10105FFF612AE230510D54146302034
:10FF3800C8470028FFF60AAE079B41460235C3F1C1
:10FF4800780000F0F800C8470028FFF6FFAD20074A
:10FF580004D4AB467D195D454DD10027A10468D571
:10FF68002AEAEA737642AAEB030A039A013B05F1EF
:10FF7800010B524589BF0CAA3020524450799E4249
:10FF880041DC41460493C84700280AF1010A049B52
:10FF9800FFF6DCAD5A1C09D141462E200493C84710
:10FFA8000028FFF6D3AD05F1020B049B5D46DCE7A4
:10FFB800039A013AD2B203927EE75E1E14F4006FF0
:10FFC800059A14BF0523032313448FE7B8290200B9
:10FFD8004D050200A10486D4F0E7002683E7E20677
:10FFE80048BF01338AE741462020C847002805F169
:08FFF80001058BDAAAE5414680
:020000021000EC
:100000003020C84700280BF1010BA8DAA2E54146D1
:100010000393C8470028FFF69DADE6060AD5039B6B
:10002000013307D105F1020B41462E20C8470028B5
:10003000FFF690AD5D465F4412E241469DF8350003
:10004000C8470028FFF686AD002E5DDD41462E2014
:10005000C8470028FFF67EAD01240CAB039A414649
:10006000A346A242CABFE21830205079C8470028F0
:10007000FFF670AD01340CABA642EFDAAC1C5C4469
:10008000049B4146079A981AC0B2C8470028FFF659
:1000900061ADBAF1000F4146B6BF2D202B20CAF149
:1000A000000AC8470028FFF655AD059B042B37D141
:1000B0004FF47A7641460334BAFBF6F505F1300089
:1000C000C0B2C8470028FFF645AD06FB15AA642656
:1000D00041460134BAFBF6F505F13000C0B2C8471D
:1000E0000028FFF637AD06FB15AA0A264146013463
:1000F000BAFBF6F505F13000C0B2C8470028FFF69C
:1001000029AD06FB15AA12E0E40601D46C1CB7E782
:1001100041462E20C847002805F10204B0DA19E54F
:10012000059B0234032BD2D0059B012BDDD10AF1B4
:10013000300004F1010B4146C0B277E7AAF1630336
:10014000122B00F2E580DFE813F013005400E30007
:10015000E300E300E3005400E300E300E300E30016
:10016000E300FC00DD00E300E3002900E300AB0056
:100170000B9B01260DF1300A1A1D1B680B928DF89E
:10018000303020072CD50AEB060B54465C4529D1AC
:10019000A5EB0A0ABF1B04EB0A0B4BE70B9B1A1DCE
:1001A0000B92D3F800A0A94BBAF1000F08BF9A46F2
:1001B00014F0400F504614BF31464FF0FF3104F0A9
:1001C000BDFF0646DDE741462020C8470028FFF670
:1001D000C1AC013CA642F6D32F443D1B2746D2E7D3
:1001E0003C46F7E7414614F8010BC8470028CDDA32
:1001F000B0E421060B9B32D5A2052BD5073323F0A3
:10020000070303F10802D3E900010B9224F0100B5D
:1002100000291FFA8BFB32DA40424BF4806B61EB12
:1002200041010CAC0A23224604F0A1FF1BF0400F51
:10023000A0EB040200F09C802BF0010396429BB2DD
:1002400040F39F80BAF1000F40F09D802BF0110326
:100250009BB21FE01A1D18680B92C117D6E71A1D32
:10026000E00519680B9201D40846F6E7A20547BFDE
:1002700048B241F3C01108B241F3C031C6E750EAB9
:100280000103CED16306CCD5002ECAD124F01104CF
:100290003246A3B2344640F206410B426FD126E00B
:1002A00024F010040A23A4B214F0800C0B9A4CD052
:1002B00014F4007115BF0732101D22F007020B90D5
:1002C0000FBF106802F108010B91D2E9000150EA5A
:1002D000010247D124F0160B62061FFA8BFB45D5AD
:1002E000002E43D124F017043246A3B23446190736
:1002F0005FD4D90704D5A74272DD3C1BA6183C4643
:10030000A34650E044F0100410234FF0780ACBE7E6
:100310004AF02003782B04D1CAF1780343F010038C
:10032000C2E741462520C8470028FFF613AC4146E6
:100330005046C8470028FFF60DAC0235069BFFF774
:10034000FDBB08234FF0000AAEE7111D10680B91AA
:1003500014F48071BBD014F400711ABFC0B26146AE
:1003600080B2B4E724F006041FFA84FB0CAC5AE711
:1003700014465B46D9068ED5BAF1000F05D101347B
:10038000B5E71446F6E73446F4E70234AFE74146F2
:100390002020CDE90332C8470028FFF6DBAB0BF184
:1003A000010BDDE903325F45F1DC2C1B04EB0B058F
:1003B0005C46D90616D5414630200392C84700282E
:1003C000FFF6C8AB039ABAF1000F32D002354146AE
:1003D0005046C8470028039AFFF6BCAB2E441DE0E8
:1003E00016468DE740F206410B42F7D013F0020F9C
:1003F00005F101054146039214BF2B20202013F480
:10040000806F18BF2D20E4E7414630200392C84793
:10041000002805F10105039AFFF69CAB731B9A4275
:10042000F2DB16460DF1300A2EB902EB050B3F1B2D
:1004300000E60135D2E7013E414603921AF8060074
:10044000C8470028039AEFDAFFF784BBBC290200F3
:1004500041462020C847002805F10105FFF67AAB88
:100460007B1B002BF4DC69E71FB502AB074A009346
:100470004FF0CC3304F058FFDDE90201C00840EA38
:100480004170C90805B05DF804FB00BFCDCCCCCCF1
:100490002DE9F04F9BB00F0D04460A939DF8903064
:1004A0000592C1F30A520C93C1F31303C90F0791CC
:1004B0007AB950EA03017ED10599302301274B71A7
:1004C000079B0A6043F002030B7138461BB0BDE87E
:1004D000F08F40F2FF718A420BD10343079B059ACC
:1004E0004FF0000714BF43F0080343F004031371F7
:1004F000EBE7A2F2354A43F48015234304F00102EE
:100500004FEA85080CBF27F00107012748EA9478D5
:10051000089208BF7F054FEA840602BF7F0DB7FA35
:1005200087F77F09BAF1000FC0F2B680504600F09D
:10053000EFF9BAF1030FC8BF0138049000F0F4F9E5
:10054000049B7C3016A9A3EB0A0A8244184600F0EB
:100550007DFA12AB20462946019310AB16AA0297EA
:100560000093534604F029FE049B04460D46152BC8
:1005700000F28E8014ABA94A3046414600934FF0FA
:10058000CC33DDE9109A04F0CFFE149B159A9B083A
:1005900043EA827303EB8303B34210D141463046F2
:1005A00000F0CAF9049B83428CBF4FF000084FF063
:1005B0000108002715E01D46DFF864A29DE7089BAF
:1005C000002B55D1013E48F1FF31F01B61F10001D4
:1005D00000F0B2F9049BDDF8208083428CBF002735
:1005E00001270C9B002B40F0C880DDF828900026E6
:1005F0004FF00A0B06960996DDE91001FFF734FF6C
:10060000DDE912A3CDE90D01194650460F93FFF71E
:100610002BFF0A4603460D990B908B420E9B72EB03
:1006200003010F9B80F0C480204629460F92FFF7FC
:100630001BFF0B9B002E14BF4FF0000808F00108B1
:100640000F9A0BFB10460BFB03F50D9BF6B204460D
:100650001093554514BF002707F001070E9B0D4668
:10066000139211930B9B1293069B01330693C3E7DE
:10067000B01C48F1000100F05FF9049B83428CBF7D
:1006800000200120B9EB00006AF10002CDE9100260
:100690004FF000084746A4E7CAF1000B584600F0A7
:1006A0003DF9BAF1FF3F0CBF8146A0F10109ABEB68
:1006B000090B0AEB09035846049300F035F916A913
:1006C000A0F17D0A584600F04FF912ABA9EB0A0AD7
:1006D0002046019310AB294616AA00935346029771
:1006E00004F06BFDB9F1010F04460D460ED8089BCE
:1006F00013B94FF0010874E7109B4FF00108119AED
:10070000013B42F1FF32CDE9103252E7B9F13E0F21
:10071000BED84FF0FF33A9F12000C9F1200103FA40
:1007200009F203FA00F023FA01F103FA09F3024394
:1007300026EA03060A4328EA020856EA08060CBF1E
:100740004FF001084FF0000833E700FB02F60133D9
:10075000A1FB001232448C4275EB0206F5D2049ADA
:100760001344259A1344D20F9342B8BF13460A9AF2
:100770009A42A8BF1A46914639E70A21002201236E
:100780000846E8E70BFB01FE0CF1010CA0FB0B0196
:100790007144844275EB010EF4D2CC450DDDB9F104
:1007A000000F02D154EA050107D0012309933BE76A
:1007B0000A2000214FF0010CEBE7002F32D04FF060
:1007C0000A0B50461946FFF74FFE0BFB00F20B9148
:1007D00052450E9026D1002E14BF4FF0000808F0AD
:1007E0000108DDE91001FFF73FFE8A460D9029461A
:1007F0002046FFF739FE0D9A0E9B0BFB10460D4667
:1008000004461293F6B2CDE9102A0B9A9A460B9B36
:100810001392069A01320692D3E700BFCDCCCCCC1E
:10082000CCFBFFFFB8F1000F05D0052E03D104F07B
:1008300001060436F6B2049B069A13449846099BB7
:1008400053B9DDE912239D4208BF944204D1089BAD
:10085000002B49D1002F47D0042E94BF002601263B
:1008600030194FF00A024FF000034FF0010745F135
:1008700000011446904271EB030537D2F6B1B94539
:100880001CDA0C9B6BB1259A08EB070313440A9AF8
:10089000012BB8BF01239A42A8BF1A46974291463E
:1008A0000CDD053008F1010807F1FF374FF00A02AF
:1008B0004FF0000341F10001F0F7D4FA4F450FFA71
:1008C00088F8059BA8BF4F464FF000093FB2B844D7
:1008D00008F1FF3607F105089844B9450DDB059B83
:1008E000079A1E601A71F0E50126B9E704FB03F5CB
:1008F0000137A2FB04232B44BCE70A220023F0F7B4
:10090000B1FA303209F1010908F8012DE5E700BF1D
:10091000014B5843800C704741340100014B584350
:10092000000D7047FB2E0B00024B5843C00C0130EA
:10093000704700BF4F93120070B50346094A00206C
:100940004FF0CC364FF0333506FB03F402FB014485
:10095000A3FB023121449D4275EB010401D3013018
:10096000F2E770BDCDCCCCCC1A232DE9F04FB0FB13
:10097000F3FA334E03FB1A0389B004460D4606EB27
:100980000A1653B9D6E90023C1E90023D6E90201CA
:10099000C5E9020109B0BDE8F08F2A4A02EBC303A2
:1009A000D3E9008904AB404649460093D6E90223C7
:1009B00004F0BAFC06AB83460F4640464946009316
:1009C000D6E9002304F0B0FC00238146DDE906628D
:1009D00016EB0B0652EB070828BF012333B1049B2B
:1009E000059A013342F10002CDE904322046039119
:1009F000FFF79AFF07461A2000FB0AF0FFF794FF63
:100A00003F1A3246434648460399009704F0A3FC38
:100A10000D4A4FEA141C640004F01E0352F82C40E7
:100A2000DC4004F003042418304641F10001DDE904
:100A30000423C5E900414146009704F08CFCA7E778
:100A4000606301009062010018F301002DE9F04F8E
:100A50001A2700F11905DFF8E8A089B004460E4610
:100A6000B5FBF7F56F434FEA051B0AEB05153A1A7C
:100A70000AD1D5E90023C1E90023D5E90201C6E97D
:100A8000020109B0BDE8F08F2B4B03EBC203D3E9A1
:100A9000008904AB404649460093D5E9022304F09F
:100AA00043FC5AF80B206B68013ACDE9020106A914
:100AB00063F1000340460091494604F035FC8A4644
:100AC000029900238146DDE906526D18039952EB25
:100AD000010828BF012333B1049B059A013342F179
:100AE0000002CDE904323846FFF71EFF07462046D4
:100AF000FFF71AFF3F1A2A464346484651460097D9
:100B000004F029FC0D4A4FEA141C640004F01E0393
:100B100052F82C40DC4004F0030401342418284629
:100B200041F10001DDE90423C6E900414146009797
:100B300004F011FCA3E700BF906201006CF3010018
:100B40003064010070B555EC104BC5F30A502B46CC
:100B50002146A0F2FF32132A1FDC002A0ADA002DF8
:100B600043DA25F00043194342D14FF000431D46BC
:100B70000C461EE02048104105EA0006264318D026
:100B8000002DBCBF4FF4801141FA02F24FF000017A
:100B9000B8BF9B1823EA0003E9E7332A0CDDB2F55E
:100BA000806F06D1224620462946EFF793FC044683
:100BB0000D4645EC104B70BDA0F213404FF0FF36D0
:100BC000C6403442F5D0002D02DA142A03D1013395
:100BD00021EA0601CBE70120C2F1340200FA02F259
:100BE000A218114628BF1B18F2E700210B46BEE7EA
:100BF0000021024BBBE700BFFFFF0F000000F0BF6A
:100C00005D4A2DE9F04155EC104BAA432B4616D115
:100C1000002D08DA04F0C1FB28B945EC104BBDE803
:100C2000F041F1F785B922462B4620462946EFF7D9
:100C300051FC04460D4645EC104BBDE8F081002DFB
:100C4000204615DC25F000422243F4D0002DE6D1E9
:100C50000022002B7AD00021DD027BD54C1E121B16
:100C600021B1C1F1200420FA04F42343884001E0BB
:100C70002A15EDD0C3F31303D407A2F2FF354FF0CA
:100C8000000243F480134FF0160C4FEA6505174637
:100C900058BF5B004FF400115CBF03EBD073400002
:100CA0005B00460003EBD07378189842DEBF1B1A36
:100CB00047185218BCF1010C4FEA43034FEA5101A7
:100CC00003EBD6734FEA4606EED164464FF0200E92
:100CD0004FF00041BB4201EB0C0002DC13D1B042EB
:100CE00011D8002800EB010C37DABCF1000F34DB1F
:100CF00007F10108DB1BB0420C44A6EB000688BFDD
:100D000003F1FF3347465B00BEF1010E4FEA51018C
:100D100003EBD6734FEA4606DCD133430BD0F1EE3A
:100D2000103A13F4400320D0B3F5800F03D1611CB7
:100D300015D1013200245310640803F17F5344EAB3
:100D4000C27003F5001303EB055172E7C30A153AAD
:100D500040057EE75B0001317EE7B846CAE7A01C8C
:100D600004F1020408BF0132E5E7631CE1D001345D
:100D700024F00104DFE700BF0000F07F10EE103A1E
:100D800007B523F00043184A934206D8DFED170A4F
:100D900003B05DF804EB00F0D9B9B3F1FF4F04D311
:100DA00003B05DF804EB00F0BDB9684600F020F830
:100DB00000F003009DED000A0128DDED010A07D0D7
:100DC00002280AD060B900F0C1F903B05DF804FB55
:100DD00000F07CFCB1EE400AF7E700F0B7F9F9E764
:100DE000012000F073FCF0E7D80F493F000000003D
:100DF00070B510EE105A854A86B0044625F00043BF
:100E0000934205D8002380ED000A4360002022E0D1
:100E10007F4A93423AD825F00043002DDFED7D7ADA
:100E200023F00F037C4A18DD934230EE670A09BFB6
:100E3000DFED7A7A9FED7A7A30EE670A9FED797A64
:100E400070EE477A30EE670AC0ED007A30EE470A5E
:100E500080ED010A012006B070BD934230EE270AF2
:100E600009BFDFED6E7A9FED6E7A30EE270A9FEDB7
:100E70006D7A70EE077A30EE670AC0ED007A30EED8
:100E8000070A80ED010A4FF0FF30E4E7664A93421B
:100E90006DD8F6EE007A9FED657AB0EEC00A40EEAE
:100EA000077AFDEEE77AB8EEE76A17EE900ADFED13
:100EB000597A1F2806EE670ADFED597A66EE277A1F
:100EC00030EE677A09DC25F00042461E584922F0D0
:100ED000FF0251F826108A4208D117EE101ADA15CF
:100EE000C1F3C751C1EBD353082B02DC84ED007A68
:100EF0001AE0DFED4A7A9FED4B7A66EE277A70EEC4
:100F0000676A30EE660A70EE677A56EE077A36EE5A
:100F1000E77A17EE103AC3F3C753D31A192B15DC2F
:100F2000B0EE660A84ED007A30EE470A002D30EE0E
:100F3000670A84ED010A8EDAB1EE477AB1EE400A13
:100F400084ED007A84ED010A404284E7DFED397ACE
:100F50009FED397A66EE277A36EEE70A76EEC06ABA
:100F600076EEE77A56EE077A30EE677ABEE7B3F1AF
:100F7000FF4F06D330EE400A80ED010A80ED000AF3
:100F800044E7DA15DFED2D6A863AA3EBC25307EE8C
:100F9000903ABDEEE77AB8EEC77A77EEC77A8DED74
:100FA000037A67EEA67ABDEEE77AB8EEC77A77EEF7
:100FB000C77A8DED047A67EEA67AF5EE407ACDED2C
:100FC000057AF1EE10FA1DD1B5EE407AF1EE10FA85
:100FD0001AD002231A4903A8019102210091214647
:100FE00000F00CF9002DBFF636AFD4ED007AF1EE2B
:100FF000677AC4ED007AD4ED017AF1EE677AC4ED38
:10100000017AA1E70323E5E70123E3E7D80F493F8E
:10101000E3CB1640800FC93FD00FC93F004435379E
:101020004344353708A3852E800F494384F9223F76
:1010300064F5010000A3852E32318D240000804329
:10104000E4F50100024610EE100AC0F3C75320F089
:10105000004183B9A9B3DFED1B7A1B4960EE277A03
:101060008A4217EE900AC0F3C753A3F1190307DAB7
:10107000C00F00F02DB8FF2B02D130EE000A7047F0
:101080004CF250318A4202DDC00F00F02FB81344F9
:10109000FE2BF9DC002B06DD20F0FF4040EAC353B5
:1010A00000EE103A704713F1180FE1DB193320F00E
:1010B000FF409FED060A40EAC35007EE900A27EE74
:1010C000800A70470000004CB03CFFFF0000003376
:1010D0009FED040A0028DFED047A40FE277A27EE10
:1010E000800A704700008000000080809FED040AA5
:1010F0000028DFED047A40FE277A27EE800A704749
:10110000FFFF7F7FFFFF7FFFBFEE007A0028F7EE33
:10111000007A9FED030A47FE877A87EE800A7047C0
:101120000000000008B52DED028BB0EE408A04F0FF
:10113000D2F920B138EE080ABDEC028B08BDDFED14
:10114000027A87EEA70AF7E70000000010EE103AD7
:10115000B7EE007A23F00043B3F1485F3BD360EE73
:10116000006ADFED1E5A9FED1E6AF6EE007A1D4AF8
:1011700060EE200A06EEA56ADFED1B5A934266EE8A
:10118000A77A56EE265A9FED196A05EEA66ADFED9C
:10119000185A56EE265A9FED176A05EEA66A26EEF5
:1011A000266A56EE260A04D877EEE07A37EE670A0A
:1011B0007047114A934296BF03F17F43F5EE026AEE
:1011C00006EE903A77EEE67A37EE660A77EEE07A48
:1011D00030EE670A7047B0EE470A70474ED747AD0A
:1011E000F6740F319999993E7CF29334010DD03702
:1011F000610BB63AABAA2A3D0000483F2DE9F04FFB
:1012000090469B46B94B0F4618F1040F2DED048B09
:10121000D9B0669A679D53F822A00BF1FF32019076
:1012200025DBB8F1030348BF08F10403DB105E1CA3
:101230009C1A0AEB020C0DF17009F1009FEDAF7AD8
:10124000A8EBC606029105EB840E0021614510DD76
:101250001CA90DF58879002401EB8B01544526DC8F
:10126000DDF804E08C46DFEDA57A002018E00023CD
:10127000DDE7CC4254BF5EF82100F0EE477A01F181
:1012800001015CBF07EE900AF8EEE77AE9EC017A1B
:10129000DCE7FEEC016A01303CED017A46EE877A2C
:1012A0009042F6DD01340431E9EC017AD6E708A971
:1012B00005EB83035446DFED908A01EB8A019FED35
:1012C0008D9A03930491A30044A92046059358AB3B
:1012D00001EB840103EB840313ED140A08AB1D46F4
:1012E00000284CDC3046CDE90623FFF7ABFEF4EED8
:1012F000007AB0EE408A60EE277AFBFE677AB2EEA3
:10130000007A002EDDE9062307EEC78AFDEEC87AD3
:1013100017EE909AF8EEE77A38EE678A41DD08A971
:10132000601EC6F1080E51F820C04CFA0EF5A94413
:1013300005FA0EF5ACEB050541F82050C6F10701A2
:101340000D41002D3CDD4FF0000C09F10109614613
:1013500064456BDC002E03DD012E77D0022E7FD09A
:10136000022D2DD1B7EE000A30EE488A41B3304647
:101370000692FFF767FE069A38EE408A20E060EE9C
:10138000287A0138FDEEE77AF8EEE77A07EEC90A27
:10139000BDEEC00AA5EC010A31ED010A37EE800A64
:1013A0009EE705D1611E08A850F82150ED11C8E74D
:1013B000F6EE007AB4EEE78AF1EE10FA34DA0025A0
:1013C000B5EE408AF1EE10FA40F09A80611E0020DE
:1013D0000DF1200C51454BDA002863D0013C083E4A
:1013E00008AA52F82430002B7DD03046B7EE000A10
:1013F000FFF728FE631C44AA08A998009FED3E7AD7
:1014000002EB83022346002B80F2A8802346002BA8
:10141000C0F2C48044AADFF8D8C0DFED387A0021DA
:1014200002EB8306E21AAEE002258CE753F8040BC8
:1014300049B920B1C0F5807043F8040C01200CF1CB
:10144000010C014684E7C0F1FF00F5E704F1FF3C21
:1014500008A850F82C3003F07F0340F82C307FE7C9
:1014600004F1FF3C08A850F82C3003F03F03F4E7E8
:101470005CF8213001391843ACE7013351F8040D11
:101480000028FAD0059904EB0B0C1CA8651C01F58B
:10149000B071234400EB8C0069444C39AB4204DA50
:1014A0001C4610E704990123E8E7039CDDF804C01B
:1014B00054F8254007EE904A05940024F8EEE77AA8
:1014C000E0EC017A8646DFED0D7A944203DD0135CA
:1014D000E1EC017AE2E7FCEC016A01343EED017ACD
:1014E00046EE877AF1E7013C083E7AE738F90100D9
:1014F0000CF90100000080430000803B0000000068
:10150000029BB0EE480AA3EB0800FFF79BFD1FED1E
:10151000077AB4EEC70AF1EE10FA19DB5FED0A7A2A
:1015200008AA083660EE277AFDEEE77AF8EEE77A49
:1015300007EEC70AFDEEE77ABDEEC00A10EE103ADC
:1015400042F82430013417EE903A42F824304CE748
:10155000BDEEC00A08AA10EE103AF6E751F8236073
:10156000013B07EE906AF8EEE77A67EE807A20EEAC
:10157000070A62ED017A46E7FCEC016A0131B6EC3C
:10158000017A46EE877A514501DC9142F4DD58A993
:10159000013B01EB820242ED287A38E7669B022B81
:1015A00009DC002B26DC3FD009F0070059B0BDEC68
:1015B000048BBDE8F08F669B032BF5D130AA031F87
:1015C000264613441946002E4FDC214601295CDCD7
:1015D00013185FED367A012C67DCDDED306A9DED86
:1015E000317A002D67D1C7ED006A87ED017AC7ED2A
:1015F000027AD9E730AB22461FED407A0344002A35
:1016000024DA4DB3F1EE477AC7ED007A31AADDED69
:10161000307A012377EEC77A9C4220DA0DB1F1EEE1
:10162000677AC7ED017ABFE730AB5FED4C7A0344D0
:10163000002C05DA0DB1F1EE677AC7ED007AB3E759
:1016400033ED017A013C77EE877AF1E773ED017AA9
:10165000013A37EE277AD2E7F0EE477AD4E7B2ECD8
:10166000017A013377EE877AD6E771ED017A013E90
:10167000D1ED016A37EEA67A77EEC77A81ED007A6E
:1016800077EEA67AC1ED017A9DE773ED017A013913
:10169000D3ED016A37EEA67A77EEC77A83ED007A4A
:1016A00077EEA67AC3ED017A90E733ED017A013C3B
:1016B00077EE877A8FE7F1EE666AB1EE477AF1EE60
:1016C000677AC7ED006A87ED017A90E710EE103A6D
:1016D000F0EE407A23F00043B3F1485F01D200F00E
:1016E00099B860EE006A9FED167ADFED165A56EE55
:1016F000875A9FED157A20EE266A05EEA67ADFED71
:10170000135A57EE265A9FED127A05EEA67A40B983
:10171000DFED105A56EE875A45EE867AB0EE670A2C
:10172000704726EE077AF6EE005A10EEA57A57EECD
:10173000260A9FED097A46EE470A30EE600A7047A6
:10174000D3C92E2F342FD7321BEF3836010D503925
:101750008988083CABAA2A3EABAA2ABE70B555ECD4
:10176000104BC5F30A5306462A46BBB925F0004183
:10177000214334D00022244B20462946EFF760F85D
:10178000C1F30A530D460A4620490446363B8E42B1
:1017900011DAE80FBDE87040F1F7BAB940F2FF7115
:1017A0008B4208D122462B4620462946EEF792FE70
:1017B00004460D4613E04CF250318E4204DDD00F4A
:1017C000BDE87040F1F7B4B9334440F2FE718B428A
:1017D000F5DC002B06DD6FF31E5242EA035545ECA3
:1017E000104B70BD13F1350F01DAD00FD2E736334D
:1017F0006FF31E52204642EA03550022044B29464D
:10180000EFF71EF8D4E700BF00005043B03CFFFFE5
:101810000000903CF7EE007A9FED047A82B077EEFC
:10182000877ACDED017A019B02B0704700008000FD
:101830007047836800EBC101B3F5004F2CBF51F82E
:10184000220031F81200704700EBC1018068B0F54A
:10185000004F2CBF41F8223021F81230704701228E
:1018600008B5FFF7E6FFD04008BD836800EBC10173
:10187000B3F5004F08D34B681AB143F001034B6036
:10188000704723F00103FAE74B881AB143F00103D4
:101890004B80704723F00103FAE753000122FFF762
:1018A000D3BF10B500220C46FFF7C3FF201A10BDAE
:1018B00010B50C46FFF7D3FF204410BD08B5836870
:1018C000B3F5004F06D3FFF7CAFF01288CBF0020F5
:1018D000012008BD0020FCE78368B3F5004F34BF4A
:1018E00004230823C91A081AC00870478368B3F58F
:1018F000004F28BF0139B1FA81F0C0F11F007047D5
:101900002DE9F041044616460F46FFF7A8FF314681
:1019100005462046FFF7A3FF05442A4639462046E0
:10192000FFF7BBFF31462046FFF7C2FF2B460146BB
:1019300000222046BDE8F041FFF786BF2DE9F041C7
:1019400015460E460446FFF78AFFA5EB0608771BEF
:101950000744424631462046FFF79FFF3A46294654
:101960002046FFF79AFF4346002229462046FFF70C
:101970006BFF29462046FFF79BFF3B4601460022AE
:101980002046BDE8F041FFF75FBF38B504460D467D
:10199000FFF794FF70B929462046FFF760FF014624
:1019A0002046FFF7A3FF294602462046BDE83840FF
:1019B000F1F750BA38BD2DE9F04705468946FFF7E3
:1019C00095FF05EB800ADAF81070064677B94FF0FC
:1019D000FF34EB680136B4401C4019D094FAA4F6E9
:1019E000B6FA86F6331D55F8234008E03C464FF022
:1019F000030821462846FFF732FF81450BD82146D0
:101A00002846F1F775FA324621462846F1F722FAC0
:101A10002046BDE8F087214603222846FFF709FF4C
:101A2000B8F101080446CAF81000D0D08742E0D1CE
:101A3000CDE770B5056809B9002070BDAB6801F04D
:101A40000704B3F5004F34BF0422082207341444BE
:101A5000E40804EBD1049C4228BF1C4628462146DA
:101A6000FFF7A9FF06460028E6D001462846FFF703
:101A7000F6FEA04209D93444314628462246FFF7F3
:101A80005DFF21462846F1F789F9284601223146B3
:101A9000FFF7EBFEAB68B3F5004F34BF0423082318
:101AA00003EBC6031844C8E72DE9F04706460D4688
:101AB000174698462BB34FF0000A98F8004093F869
:101AC0000190DB78A40004EB430498F802301C4436
:101AD0004444CA4509D339463046AC46D8F80420B8
:101AE00008F10803BDE8F047604714F8013B0AF12C
:101AF000010A204648F82340EFF7CEF901300444AC
:101B0000E7E76FF01500BDE8F08730B50246002426
:101B1000002012F8013B43B178B18C4207D1702B01
:101B200004D0A3F140053A2D07D8002030BDA3F121
:101B300040053A2D01D80134EAE7252B08BF80F093
:101B40000100E6E70020704700F0A8B90FB407B520
:101B500004A951F8040B019100F0A0F903B05DF85D
:101B600004EB04B07047002383F31188BFF36F8F39
:101B70000423184602DF70470FB407B504A951F8D3
:101B8000040B0191FFF7E0FF03B05DF804EB04B034
:101B9000704710B50369024613F0080009D11368B5
:101BA000D4689C429BBF0120526AE31AD31A0B608F
:101BB00010BD00231846FAE713B501A90446FFF744
:101BC000E8FF20B1019BE268013B13440193606A86
:101BD000019BC01A013802B010BD10B50446501860
:101BE0002269636AD20702D5013B184010BD9842B2
:101BF00028BFC01AFAE710B504460A46C168FFF7C5
:101C0000ECFF2369E06023F00803236110BD38B5C1
:101C10000D46026A8B00016843F00203044642F855
:101C2000213001682A46FFF7D8FFE36861689842CF
:101C300008BF2369206008BF43F008032A462046F6
:101C400008BF2361FFF7C9FF606038BD2DE9F74F7A
:101C50000F460021D0F80CB0066A009216F82B202F
:101C60009A4602F00302022A14BF894656F82B2036
:101C700006EB8B030193009B08BFC2F39D0919601B
:101C80000446CAF80010B9F1000F07D04946FFF723
:101C9000B2FFE368A3604FF0010804E001698A071E
:101CA00005D44FF00008404603B0BDE8F08FC1698D
:101CB00006EB8B00884716F82B10054611F001083B
:101CC000EFD08B071DD51FB139462046FFF79FFF88
:101CD00061682A462046FFF780FFD4E902138B4251
:101CE000606007D12A462046FFF777FF4FF00008D3
:101CF0000146A0602369216043F00803E16023618D
:101D0000D1E701462046FFF776FFE168A1601FB1E9
:101D10002068216A41F82090EA19CAF80020216859
:101D20002046FFF75AFF2269206042F00802226134
:101D300016F82B2022F0010206F82B20DDE90032F4
:101D40001A60A8E770B504461546FFF746FF2368FA
:101D5000834205D12369216023F00803236170BD0C
:101D6000226AAB0043F0020342F8213061682A4640
:101D70002046FFF732FF6060F1E738B5036904469B
:101D80005B0706D5856AFFF717FF85422CBFA56262
:101D9000A06238BD838B13F0070306D10368002BC4
:101DA00018BF032008BF00207047022B05D1C08B4D
:101DB000B0FA80F0400980007047012B04D103681D
:101DC000002B18BF0520EDE70020704710B50C462A
:101DD00000B111B96FF0150010BD081D00F02FF80B
:101DE0000028F9D1A368032BF6D9F3E72DE9F041D8
:101DF0000D4607461946281D90461E46F2F76EFC12
:101E0000044638B13346424629463846A446BDE822
:101E1000F0416047BDE8F08138B50C46054658B141
:101E200051B10B6843B14B6833B12022002103F05C
:101E30007DF900202C6138BD6FF01500FBE70346EB
:101E400058B1426802F00302012A03D0032A04D1E8
:101E5000026812B10020986070476FF0150070475B
:101E6000704703785B075FBF03684288C3F34A2368
:101E700003EB12105DBF173020F007008008002030
:101E800070470020704700F00EBC0346D3E8EF0F08
:101E9000421CC3E8E12F0029F8D170471FB5002389
:101EA000CDE902011A4619461846CDE90033F3F789
:101EB00087F805B05DF804FB0120F2F74FBD002064
:101EC00070474368DA7101224368196043685A71A8
:101ED000F2F736BD70B515460C4669B1D2E9013648
:101EE0009B1B99420AD813680A460146981903F0C9
:101EF000F7F8AB682344AB60204670BD6FF01B0061
:101F0000FBE770B50E4615461946044618B9BDE8FC
:101F10007040F2F723BD33B1C2F34A231030120DE3
:101F2000184403F0DDF8C4E900562046BDE87040CF
:101F3000F2F792BF2DE9F3415F1C4FEA870806468E
:101F400008F1170020F0070080080C461546F2F74C
:101F5000B3FD00238DF80470ADF805308DF807301F
:101F600068B10346019AA8F1040143F8102F2A46EC
:101F7000294452F8045B8A4243F8045FF9D10023F4
:101F80003146A20102F4E07242EA482222F07F4286
:101F900022F4700222F03F0202B0BDE8F041FFF7E8
:101FA000B0BF07B50123019201AAFFF7C3FF03B039
:101FB0005DF804FB07B5CDE9002302236A46FFF76D
:101FC000B9FF03B05DF804FB1FB5CDE90123069B03
:101FD00001AA03930323FFF7ADFF05B05DF804FBEF
:101FE000F8B506460D4614461F4604B9F8BD21460D
:101FF00028463A46B047241A0544F6E710B5426829
:102000000446D2E9002381680068FFF7E9FF002257
:1020100063681A6010BD0A2838B504460D4602D11F
:102020000D20F3F76BF829462046F3F767F80020F8
:1020300038BD2DE9F043054689B008460E8891F871
:1020400000900C46D1F808801746F3F72BF8011ED4
:10205000C6F38216C9F3C2091FDB4846F2F70EFF2A
:102060000346214651F8102B6088C2F34A22002A09
:1020700001EB020408BF00210022C0F30B10CDE9E0
:102080000507CDE9031428464146CDE90022029612
:10209000F3F760F809B0BDE8F0830023E1E7436897
:1020A00000201B685B681961704701212DE9F04130
:1020B00043681B685A6811751D682F68D5E9013699
:1020C000D3E900481CB96B681C60BDE8F08121466B
:1020D00030464246B847241A0644F3E743681B6873
:1020E0001868F3F78DB970B543680C461D686B68C6
:1020F0001869F2F70FFC214603460F222868BDE855
:10210000704018470023182230B5083090F834404A
:10211000D9B28C4202D84FF0FF3005E003FB022514
:10212000455D591C0DB158B230BD0B46F0E7F0B516
:10213000044671B3B0F882308B422CD3B4F87430BB
:1021400090F87600B4F872205843B4F87030142632
:10215000434302FB03F085074FF000051CBF20F04E
:102160000300043001398D4200DBF0BDD4F8842037
:1021700006FB05221789937A01357B439788D2881D
:102180007B4353439A071CBF23F0030304331844D3
:10219000E9E70846E9E74FF0FF30E6E72DE9F74FBA
:1021A000B0F8723090F87650044615FB03F50F46F0
:1021B0000B464FF00008B0F87E90D0F840A0ADB2CA
:1021C000B4F874101FFA88F2914223D82368B3F54B
:1021D000813F0BD3B4F8823043B100252368B3F5B7
:1021E000813F03D3B4F882309D4215DB03B0BDE8D4
:1021F000F08F514618462A4602F072FF0346CA4441
:102200002B440136B4F87010B2B29142F1D808F103
:102210000108D5E70026F5E714236B43D4F88420A2
:102220000135E9B22046D61852F80390FFF77FFF38
:102230004FF00008B27AF188B6F812A012FB01F252
:102240003B1892B230891FFA88F18842C6D94FF004
:10225000000B0AE049461846019202F041FF03468E
:10226000019AD14413440BF1010BB0881FFA8BF192
:102270008842EFD808F10108E4E77FB504460D462F
:102280001646016DC26D01A802F0FBF9F3F74EFA94
:10229000C8B129462046F3F739F9024630B1F3F7C1
:1022A00085FA6FF0C905284604B070BD022101A867
:1022B00002F0CDFD05461EB131462046FFF76EFF08
:1022C000F3F774FAEFE76FF0CA05ECE770B505466F
:1022D0000024B5F86C20A3B29A4201D800200BE08C
:1022E000A86EA3B21E0100EB03131A7B012A04D0CF
:1022F000022A09D04FF0FF3070BD8059D3E9012187
:1023000002F014FF0134E4E75A68815922F0010217
:102310000A449142F6D0986821F8020BF9E70122AD
:10232000F3F712B902F068BD70B50C46054602F02D
:1023300056FAF3F7D5F928462346BDE87040002148
:10234000184770B50C460546F3F7B6F902F039FAAE
:1023500028462346BDE8704000211847FCF7DEBF41
:102360000FB407B504A951F8040B0191FFF7ECFB7A
:1023700003B05DF804EB04B07047EFF31180202345
:1023800083F31288BFF36F8F704780F31188BFF318
:102390006F8F704702F0CABE02F0A2BE014600680D
:1023A000F3F788BA08B5F3F715FBBDE80840F3F773
:1023B00039BF0A460121FFF7F4BD00210120F3F7E0
:1023C00079BA836E83F30B887047F3F7D5BE61B695
:1023D00062B680F31188BFF36F8F704772B6002327
:1023E00083F31188BFF36F8FBFF34F8F30BF62B697
:1023F000BFF36F8F704772B6002383F31188BFF36A
:102400006F8FBFF34F8F20BF80F31188BFF36F8FA3
:1024100062B6704740E800F313F4803FD8B208BFBB
:102420006FF01500704730B50C684B6885B00A89AD
:102430004D890094013B24F01F04234402F01F0245
:1024400042EA451223F01F0369468DF808200393E2
:10245000F3F7B8FF05B030BD08B5D1E904319847AE
:10246000002008BD08B5F4F733FA002008BD0023AA
:102470000A46194682B0009302B0F4F7B1BB0123BB
:10248000F4F7AEBB0A460121FFF78BBDF8B5069FF6
:1024900005460469C9B2EFF3118C202080F312883D
:1024A000BFF36F8F0C2606FB0146B06E00F0070EDF
:1024B000BEF1010F10D1B76600268CF31188BFF36F
:1024C0006F8F3EB90C2041430C44C4E918236B685C
:1024D0005B5898473046F8BD00F0C00087420CBFFB
:1024E0006FF077064FF0FF36E7E713B580240094CE
:1024F000FFF7CCFF02B010BD0069CBB200EB431078
:10250000002110470220F6F785B80220F6F7B8B888
:102510001046F8F771BEF6F767B9F6F713B98022DF
:10252000F4F77ABF436800205B68DB680B60704794
:10253000436802EA01005B6821EA0201586000205A
:1025400099607047436800205B6859607047436832
:1025500000205B689960704743685B681A6821EAED
:10256000020011405860002099607047F6F712BFD2
:1025700030B543681360057A446804EBC504A34290
:1025800002D36FF0010030BD5C7908338C42F1D189
:102590000020F8E743681B68D3F830317047436880
:1025A0001B68D3F88004C3F880047047426813683E
:1025B000D3F84C0150B10020926A12780A70C3F827
:1025C0004C01D3F84C2101229A6270474FF0FF3042
:1025D000704713B501AA0446FFF7CAFF002805DBC0
:1025E000019B226819791868F5F780FB02B010BDCD
:1025F00038B5054600220121C620F3F737FDC62075
:10260000F3F704FD6C680121E068FFF7E2FF6B68F7
:1026100019686369C1F82435E28BA38BA07E13434C
:10262000228C1343628C1343627E9BB20243207E52
:1026300002431343C1F86C3569680B68D3F8002274
:1026400042F48022C3F800220822C3F800254A6A17
:102650000121C3F83C270022C3F840271965D3F8AD
:1026600030110029FBD0C3F800256D680021E8680F
:102670002C68FFF7AEFF0823C4F800352A7A52B958
:10268000AB6AC4F804370123C4F80837C4F84C21F6
:10269000D4F84C21A362002038BD08B50220F5F71C
:1026A00011F8002008BD08B5F7F758F808BD08B5BF
:1026B000FBF76EF848B1002383F31188BFF36F8FE7
:1026C0000423184602DF6FF0040008BD0346002013
:1026D000184700F0B4B9024610B5116891B1B1FACB
:1026E00081F3C3F11F000123834021EA0303D2E8F1
:1026F000EF4F8C4204D1C2E8EC3FBCF1000FF6D1A1
:10270000EBD110BD6FF00B00FBE710B50368CB40B9
:10271000DB0710D401238B40026843EA0201D0E8B2
:10272000EF4F944204D1C0E8EC1FBCF1000FF6D18A
:10273000F2D1002010BD6FF01500FBE70023F5F784
:10274000AFBD41F2640200F13043A3F50A23934286
:102750008CBF80234FF4807341F00041195000205A
:10276000704738B50D46044600F04AF80146284641
:10277000F5F790FE011E05DB2046C9B2FFF7E1FF29
:10278000002038BD6FF01500FBE7F8B5164641F2A2
:10279000640200F13043A3F50A2393428CBF8023E7
:1027A0004FF48073C3580746002B0D4622DB01F11E
:1027B0003043A3F50A2393428CBF80234FF48073E8
:1027C000CB58002B16DB00F01BF80446284600F01F
:1027D00017F8324601462046FFF7B0FF044660B9BD
:1027E00031683846FFF7BDFF28463168FFF7B9FF6B
:1027F0002046F8BD6FF01504FAE76FF00B04F7E719
:10280000C0F3824001387047F5F7A6BE08B5F6F769
:10281000EFF8F6F705F8BDE80840F6F7ABB910B5E4
:1028200004460846F6F7D2F904EB4004207DC0F3D5
:10283000401010BD10B504460846F6F7C7F904EB82
:102840004004A08A00F01C00003818BF012010BD11
:1028500010B504460846F6F7B9F904EB4004207DAC
:10286000C0F3400010BD10B50446FFF7F1FF20B1E2
:102870002046BDE81040FFF7D2BF10BD10B504469A
:102880000846F6F7A3F904EB4004A08A400B10BDFC
:1028900070B5044608461646F6F798F9083034F83D
:1028A00010300D46DA0509D5C3F3432304EBC30208
:1028B0003146284654F8333052689847A3682BB104
:1028C00031462846E268BDE87040184770BD2DE9E2
:1028D000F3411746DDE90858019001A80C461E4651
:1028E000F6F7B8F9019B391E18BF012100EB8300F0
:1028F000231E18BF0123002E43EA41030CBF002111
:102900000C21002D43EA01030CBF00214FF470613C
:10291000B8F1000F43EA01030CBF00214FF440312E
:10292000D0F880200B4322EA030304B124780FB1CE
:102930003F787F001C430EB13678B6003C438DB122
:10294000297809023443B8F1000F03D098F80080C9
:102950004FEA0848214341EA0801C0F8801002B05C
:10296000BDE8F0812946EDE71FB50DF10F03019396
:1029700000238DF80F101A4619460093FFF7A7FFA2
:1029800005B05DF804FB2DE9F047002504468846B4
:1029900017462E464FF00109AA46BE420CD1D4F884
:1029A000443133B10023C4F84431D4F8443145F400
:1029B00000352846BDE8F087F0B2F6F77DF9A0F5BE
:1029C00080739B0809FA03F318EA030F05D0225815
:1029D0001AB144F800A022581D430136DDE738B58E
:1029E00004460D46FFF71BFFA8B12046FFF730FF56
:1029F00088B92046FFF742FF012322688340C2F8CE
:102A00001833236803EB8000D0F8103523F003035C
:102A1000C0F8103538BD2846BDE838400021FFF722
:102A2000A3BF4FF0FF31F6F7B9BD08B5F7F7BEFB0E
:102A3000BDE80840FFF7EABEC9B2F7F72DBC08B100
:102A4000F4F732B8704740B1C368587810F001000D
:102A50001EBF1878B0FA80F040097047EFF3118379
:102A6000202383F31288BFF36F8FFEE710B58269CE
:102A70006AB1C36842EA0301890708D14169A2FB30
:102A8000011424B95B182CBF0121002102D36FF07F
:102A9000150005E001619B1A42698A4201D80020B5
:102AA00010BD026901311A60826903619B1AF3E764
:102AB00013B501240094F7F7E3FF02B010BD90F9BD
:102AC0000E308B4201D0F9F70DBB002070473AB1B0
:102AD0008A4205D3C0E90212C0E900000020704715
:102AE0006FF015007047012302688B4022EA030350
:102AF000036022FA01F000F00100704720B10022CB
:102B0000D4301146F9F7A8BF704710B5F8F718FE92
:102B1000041E08DDEFF31180202383F31288BFF336
:102B20006F8FF9F7B9FB204610BDEFF30580003831
:102B300018BF012070476FF05700704700207047A2
:102B4000D0E9003213605A600023C0E900337047B7
:102B500038B504460D46F8F7F1FF237C43F0020335
:102B60002374D5B1A5602B689D4209D16B68C4E977
:102B700000531C606C6010E06A689A42F6D01B68D3
:102B8000002BF3D093F90E1094F90E209142F3DD4F
:102B90005A68C4E9003214605C6038BD10B5037C2B
:102BA000044613F0280F0CD183680BB1F9F79EF897
:102BB000237C204623F004032374BDE81040F8F77B
:102BC00055BF10BDF9F74CB808B5C3171F3043F116
:102BD0000003400940EAC360C117F9F7EBFC40016C
:102BE00008BD08B50246FAF713F970B1D0E904310F
:102BF0009B1A61EBE272B3F1004F72F1000104DA4B
:102C0000002AACBF1846002008BD6FF00040FBE76B
:102C100008B5FAF737FB08BDFAF734BB0023C0E963
:102C2000081200F11802C0E90622C0E9003303636C
:102C300043637047704710B400F10C04C0E90344CB
:102C4000002444615DF8044BF0F7D2BA10B5836AF2
:102C500004461BB101212430FAF734FE0020A062A3
:102C600010BD38B50446FFF7F1FF237F012B0FD0CD
:102C7000023B012B0FD8236A012B14BF6FF096057E
:102C800000252C220021204602F050FA284638BDAB
:102C9000236A002BF1E76FF09605F2E7FAF776BEAC
:102CA000704700207047002070474FF0FF324FF010
:102CB000FF33F8F7E7B8F8F7ADB90A2842DCC31CD0
:102CC0001FDA10F1400F45D010F13F0F2BDA10F151
:102CD000410F42D010F1550F42D010F1490F14BFEF
:102CE0006FF086006FF08400704709282DD8DFE868
:102CF00000F0052C2C2F172C372C2C3A6FF0980055
:102D0000704703300D2820D8DFE800F00A331F2277
:102D10001F1F1F1F1F1F071F1F076FF09400704703
:102D20006FF08500704710F1210F1FD00DDB10F1FF
:102D3000200F1ED010F1100F14BF6FF086006FF03F
:102D40009400704764380928CFD96FF08600704727
:102D5000002070476FF0840070476FF08900704763
:102D60006FF0930070476FF08C0070476FF0880031
:102D700070476FF09200704710B501380A449142D5
:102D800000D110BD10F8013F11F8014B63400370F2
:102D9000F5E70144814200D1704711F8013D1A4422
:102DA0000A70120AF6E707B501A9FAF7B1FE003872
:102DB00018BF012003B05DF804FB30B589B00546AB
:102DC00018220C4601A8002102F0B0F9012344EAC0
:102DD000052401A9BA2007940593FAF739FE0028C3
:102DE00018BF6FF0920009B030BDF7B5BA2001A945
:102DF000FAF78EFE044610B1002003B0F0BD019D2D
:102E00002F0AEDB2AC4205D1BA20FAF767FE0028CE
:102E1000F2D008E0E6193046FAF760FE30B13046ED
:102E2000FFF7C1FF10B96FF09200E6E70134E9E760
:102E300008B5F820FFF7B7FF18B9F920FFF7B3FF7F
:102E400010B16FF0920008BDF820FAF739FE0028A3
:102E5000F7D1F920FAF734FE0028F4D0F1E710B5E5
:102E6000037804461BB1FAF75BFD002323700020B2
:102E700010BD0368D868C0F300407047036803F5CD
:102E80008053586A00F4A020003818BF0120704712
:102E9000022203689A6070470368D868FBF7E8B9B4
:102EA000024608B5136803F580535B68C62B09D04A
:102EB0001046FFF7DEFF0028F4D11046BDE80840B9
:102EC000FFF7EABF6FF0010008BD03685A50704772
:102ED0000369986E704710B50446FFF7F9FFC268A2
:102EE0004AB142F420222046BDE81040002142F4BD
:102EF0000062FFF7EABF10BD10B50446FFF7EBFF15
:102F0000BFF35F8F03222046BDE810400821FFF782
:102F1000DCBFC0F30B03482B4B6028BF482310F4E1
:102F2000003F8B6008BF0023CB6010F4803308BFE4
:102F3000C1E9013300F47003B3F5700F14BF00232F
:102F40008B6800284FF0010C4FF008028B60B8BF6F
:102F50000023C1E905C2B8BFC1E905337047F7B521
:102F600006460D46202D2F46A8BF20270021684683
:102F7000FAF78AFF044670B93A4631466846FAF7CE
:102F8000D5FF10F1520F044608D0431CF4D0684618
:102F9000FFF765FF34B1204603B0F0BD6846FFF788
:102FA0005EFFE3E7EC1B3E44F5D02546DAE7FBF78E
:102FB00099BC07B54FF0FF334FF0FF32CDE9002346
:102FC000002200F048F803B05DF804FB00F03FB8C1
:102FD00000F039B8FFF7F8BD10B58B4294BFC418A4
:102FE0004418A04200D110BD00F8012BF9E70023DE
:102FF0001A4682B001908B4201D102B0704701980D
:10300000C2540133F7E710B50B680446D0E9180243
:1030100012F0010F03EA000301D0984211D183B1ED
:103020002366520748BF4A6804F1180044BF1A4398
:103030004A60F9F7F7FF00232046C4F88030FFF715
:10304000ADFD002010BD4FF0FF32FBF75FBB0A461D
:103050000021FBF75BBB5200FBF7A2BB08B500F0F9
:103060008BF9002008BD08B5806BFBF789FD00389F
:1030700018BF0120404208BD08B5CB070AD4438AD7
:10308000406AB2FBF3F200F06FF800280CBF00209A
:103090007E2008BD6FF00500FBE708B5028B438A70
:1030A000D0E9081000F0B2F8002818BF6FF0010056
:1030B00008BD10B448B141B162B1448B944209D803
:1030C000C36D5DF8044B083018476FF002005DF8DF
:1030D000044B70476FF00100F9E738B50446B0B112
:1030E000036E016B08309847054670B92046A36E01
:1030F0009847054648B9E36E04F134009847236FBA
:1031000004F1480104F13C009847284638BD6FF0AF
:103110000205FAE7008C70470068704708B503465F
:10312000FBF76EFC1B79C0B21B1A5842584108BD10
:1031300010B5044660B1FFF7F1FF60B1A36D04F173
:103140000800984730B92046636EBDE81040184724
:103150006FF0020010BD6FF00600FBE78368828904
:103160001946406800F0ABB82DE9F041C388848867
:103170000546E61AB6B2D0F800C0964294BF981938
:1031800098182F8982B24FEA470E934215D1E41A5C
:10319000A0B2002814BF1A460022EA80BDE8F081E0
:1031A00031F9168001362CF81080204480B2B742E5
:1031B000F6D8013371449BB2E7E718460026F6E7DC
:1031C000F0B5C38884880546E61AB6B20789D0F8F8
:1031D00000C0964294BF9819981882B293420DD0BD
:1031E0001846CE1905E011F901EB0CF800E0204477
:1031F00080B2B142F7D101339BB2EFE7E41AA0B23B
:10320000002814BF1A460022EA80F0BD60B159B10F
:10321000012A0CD95BB1828000229BB20160C2807E
:1032200003814381104670474FF0FF3070476FF0C5
:103230000100704708B5FFF720F840B208BD2DE93E
:10324000F0410D46074690461E46FEF75BFF012102
:1032500004B204EB440407EBC404A37F6FF07F02C5
:103260009940182303FB007707EE901A97ED067A32
:10327000F8EE677AB8EE477A2946C7EE876A701E7D
:1032800005EB8808414501D1BDE8F08194F91F3074
:10329000B1EC016A07EE903A86EE267AF8EEE77A0C
:1032A00077EE877AFDEEE77A17EE903A9342B8BF51
:1032B00013467F2BA8BF7F2300F8013FE2E770B5DC
:1032C0000124D0ED1E7A90F87C50B8EE677AAC40BD
:1032D00007EE904AF8EEE77A90F87640C7EE276A54
:1032E000042C12D1013A00D270BD90F97D6051F8E2
:1032F000224003EB8205A41B07EE904AF8EEE77A22
:1033000067EEA67AC5ED007AECE7012CECD1013A24
:10331000EAD38C5690F97D6003EB8205A41B07EE7F
:10332000904AF8EEE77A67EEA67AC5ED007AEEE706
:1033300070B50128049C0ED1A1F10800012803D822
:103340009B681B68236070BD0A39012903D89B68FC
:103350005B686360F7E72146586804EB4205C4EBFD
:103360004006A94202D110445860ECE71C680C44A6
:10337000A45F21F8024BF4E72DE9F04F838A95B062
:103380000C930B688A460A93CB68068B1193002333
:1033900090F81CB072000B92056A0BF1FF320A9C88
:1033A0001293089311AF0E920C9A08998A4205D88D
:1033B0000A9BE01A801015B0BDE8F08F5A1C0692E7
:1033C000DAF81420504602EBC303D3E90089CDE9B3
:1033D000024742464B46CDE90056FBF7E9FB04EBBA
:1033E000800442464B46CDE902475046CDE900569F
:1033F000FBF70CFC04EB8004CDE9024742464B4648
:103400005046CDE90056FBF741FC04EB8004BBF1CC
:10341000000F53D0B6FBFBF399B20BFB13639BB2C7
:103420000D93069B05950993002307930E9B079A1E
:103430005046934208BF0D9B099A08BFC918DAF895
:10344000143008BF89B203EBC203D3E90089059B9E
:103450004246CDE90247019100934B460F91FBF79D
:10346000A7FB0F99059B04EB80044246CDE9024778
:103470000191009350464B46FBF7C8FB0F99059B03
:1034800004EB8004CDE902470191009342464B468C
:103490005046FBF7FBFB059B0F9904EB800403EB05
:1034A00041030593079B01330793099B013309935C
:1034B000079B9B45BAD8069B5B4406930B9B1D4418
:1034C000089B01330893069B6EE773B50C461146C3
:1034D0001A4600230546C0E900332046069B00F04B
:1034E00099F9A8B3B4F918606169B6FA86F6113E85
:1034F000324604F11C0000F0E8F9216A04F13400BE
:103500000A46CDE9000100F04BFADDE9000100F0C8
:103510005EFA3146009800F09BFA0146009004F1F3
:10352000580000F082F8E36E009923B104F16C00BA
:1035300000F0E8F80099636A626BB3FA83F304F170
:103540008000C3F11903FBF7CBFB636BC5E90003F4
:10355000284602B070BD10B5044600F0A4F904F18D
:103560001C0000F0D3F904F1340000F0EAFA04F191
:103570005800BDE8104000F08FB8F7B50C4605467E
:10358000164600218822204601F0D0FD3246214611
:103590002846FBF769FC10B9002003B0F0BD2746B0
:1035A00057F81C1B384600F0C3F90028F4D0384601
:1035B00000F0ABF9636A32465B08013304F1340171
:1035C00005F10800FBF7BEFC0028E5D0626B04F1B2
:1035D000580105F11800FBF7DDFB0028DCD0636A19
:1035E000A26EB3FA83F3C3F119030193B4F8583010
:1035F00004F16C01009305F12800636B00F0A8F85A
:103600000028C9D004F1800105F1380000F007F866
:103610000028C1D02046FFF79EFF0120BDE70368C8
:103620000B60436801204B6070472DE9F041002595
:10363000C7680439AF422DDDEB07D0F810E054BF66
:10364000B0F80480B0F806805EF82530C8F58042F6
:10365000A2FB0326D0F800C051F8044F04FA0CF482
:10366000E4FB0826930B43EA86434EF82530028993
:103670000E689C42A2FB062694BF241BE41A920B00
:1036800042EA864224FA0CF393422CBF0B600A6094
:103690000135CFE7BDE8F081C268002100699200E2
:1036A00001F044BD022870B502D831F9100070BD98
:1036B000B0FA80F3C3F12006F2000A2EA2F10C0248
:1036C00001EB0205D5BF153BA6F10B039840D8408E
:1036D000AB88C0F3090013FB00F4B5F902305B01BD
:1036E00003EB641358438B5E00F5804003EBE0303E
:1036F00000B2DCE7B0F5005F39BF4043000D800940
:1037000040387047F8B50446002687680D1FB74259
:103710001DDD6368E16853F82600FFF7C3FF55F825
:10372000043FD4F810C0A0FB0330CCF12001ACF171
:10373000200223FA0CF300FA01F10B4320FA02F203
:1037400043EA0200FFF7D6FF01362860DFE7F8BD45
:103750002DE9F74F0C46016806460D9F21600029B0
:1037600054D0FA20C4E90123F3F708F90546E060D4
:1037700000284CD0F368BDF83080DB1B0C3BA8EB75
:1037800007082361002241463046FBF731FB012246
:10379000288041463046E568FBF72AFB6880022511
:1037A0004FF00109AA46E3680C3BE3606B1E202D35
:1037B00009FA03F20CBF4FF0FF330AFA03F3414654
:1037C000304602EB52070193FBF712FB3A46834661
:1037D00041463046FBF70CFB019B07461A46414623
:1037E0003046FBF705FBE268A0EB0B03A7EB0B07EA
:1037F00022F835B002EBC501C3EB87070135DB1BAF
:10380000212D4F808B80D1D10C32E260012003B09A
:10381000BDE8F08F2DE9F04107689846036904463A
:10382000FE1A964228BF1646C068720000EB43009D
:1038300001F056FCC8F800602269B51822682561BD
:1038400095422ED300263546D4F804E0E068D4F83B
:103850001480BD4216DA3EF8153030F8151011FB11
:1038600003F141F30F33002B4FEA213C28F81530C8
:10387000BCBFCCF100031BB2B342B8BF3346013525
:103880001EB2E6E7A168521A520000EB410101F0B6
:1038900034FC01202369A26826839B1A2361BDE8BA
:1038A000F0810020FBE710B50446026800215200B9
:1038B000C06801F03BFC226800216069520001F001
:1038C00035FC00232361238310BDF8B5D0E90267DE
:1038D000044600230568BB4210D1F21A5200B342DD
:1038E00088BF0022002105EB430001F01FFC2946A0
:1038F00062682069BDE8F84000F0CCBD31F81300E3
:10390000904025F813000133E5E7704710B50446F1
:10391000826800215200006801F008FCA26860681B
:10392000520801320021BDE81040920001F0FEBBB8
:10393000012373B50446C1608360A5688D424FEAD8
:10394000450001D2A060F8E7F3F718F8206010B93D
:10395000002002B070BD68080130C000F3F70EF817
:1039600060600028F4D000222846114601AB019285
:10397000EDF7BAFC05460028EAD1019E3046F2F781
:10398000FDFF024620610028E2D001AB2946A06875
:103990006661EDF7A9FC23691B1A58425841D8E724
:1039A00030B5D0E9013502EB830201EB8301AB4274
:1039B00001F104010ADA31F9024C31F9040C6443D3
:1039C00000FB0040013342F8040BF0E730BD2DE965
:1039D000F04FC36887B002930369076A0393436992
:1039E000059104930368019300231A461D46019C28
:1039F0009C422ADB91460022029CC66934F913E0FE
:103A0000039C059934F913C0846906EB4C0604EB5A
:103A10004C0A049CAC4634F913B01546144601EB2D
:103A20008E0E5C450BDA3AF914805EF82410C1FB67
:103A3000089C36F914800134C1FB0825F1E747F8EA
:103A4000089B47F804CC0133D1E707B0BDE8F08FFD
:103A50002DE9F74F00274FF000480368006A0191F5
:103A6000009300F10809009B9F4267DA59F8085B50
:103A700059F8046C36BB2A4615B3B5FA85F343F002
:103A8000010328FA03F1C3F11F035B100133013B6B
:103A900008D3741894424FEA56069CBF7618121B3E
:103AA0008908F4E7964204D24FF6FF739E4218BF8E
:103AB0000136B3B2019AD34040F827300137D2E73C
:103AC0002B46F7E7B6FA86F242F00102C2F1200176
:103AD000A2F1200328FA03F308FA01F119430023A5
:103AE0001C4628FA02FCC2F13F0252100132013A90
:103AF0001AD313EB010E44EB0C0A75454FEA53033E
:103B000076EB0A0B43EAC4734FEA540406D3B5EBD1
:103B10000E0566EB0A06CB1844EB0C04890841EA53
:103B20008C714FEA9C0CE2E7AB4274EB0601C1D208
:103B3000002C08BF9342BDD00133BBE703B0BDE802
:103B4000F08F026800210132006AD20001F0EEBA63
:103B50002DE9F04F1646A1B0DDE92A25D2E9007A19
:103B60000AFB07F9039000EB890906FB03F0BAF1A1
:103B7000010F4FEA800810D1039B0A68414443F8C3
:103B8000042B9945F9D1BB1E032B00F24484DFE8D6
:103B900013F01C007D004B016B020832144606FB3B
:103BA00007F203984FEA8A0BCDE90045CDE90401FD
:103BB000CDE90623FFF7CCFFDDE90623049805993C
:103BC000584481454144EFD1DDE7039B43F6FF773D
:103BD0001C464FF480420AF10101B60003EB81015B
:103BE000043434F8043CBAF1010A13FB07234FEA0A
:103BF000E33324F8043C34F8023C01F1040113FBE4
:103C000007234FEAE33324F8023C31F8083C04F17F
:103C1000040413FB07234FEAE33C31F8063C21F888
:103C200008CC13FB07234FEAE33321F8063CB5F930
:103C30000881B5F90AE108FB0CF00EFB130008FB44
:103C400003F334F8089C0EFB0C3300F58040C0F3FE
:103C5000CF30A9EB000921F8089C34F806CC03F515
:103C60008043C3F3CF33ACEB030C21F806CC34F81C
:103C700008CC3544604424F8080C34F8060C03449E
:103C800024F8063CADD121B0BDE8F08F06FB0AF365
:103C9000AB4605EB8303049542F6AA294FF4804511
:103CA000B3F90A314FEA8A000693B3000C93F3008C
:103CB0000D93039B4FEACA079A1C32F8023C039902
:103CC00013FB0953DB1322F8023C039BBAF1010AF0
:103CD0005B8813FB09534FEAE3334B800B5A13FB0A
:103CE00009534FEAE3330B52135A13FB09534FEABC
:103CF000E3331352CE5B16FB09564FEAE636CE533A
:103D0000D15B11FB09514FEAE133D3530593039B78
:103D1000BBF90A411B5E09941946BBF90831049CA2
:103D20000793B4F90881B4F90AE1079C135E01FB1B
:103D300004FC0893DDE9084304FB13CC0CF5804C2C
:103D4000CCF3CF3308FB06FC0A93059B0EFB13CC88
:103D50000CF5804CCCF3CF330B93DDE90A3403EB45
:103D6000040CDDE9073403FB04F42346099C01FB42
:103D700004330599039C08FB01F10EFB061632F88B
:103D800002EC4CF34E08AEEB080E03F5804306F54B
:103D9000804624F800E0C3F3CF33C6F3CF36B4F83F
:103DA00002E003EB060141F34E08AEEB080E22F8E9
:103DB00000E032F802ECA3EB06031EFA8CFC22F8BA
:103DC00002CCB4F802C01CFA81F16180069911FBA3
:103DD0000353215AC3F3CF331944E153DDE90A14E5
:103DE000A1EB040C06991CFB015C115ACCF3CF3CEF
:103DF000A1EB0C01D1530399095AA1EB03030399D9
:103E00000B52135A9C440B4603F1040303930C9B7F
:103E100022F800C09B44049B0D9902F104020B445C
:103E200004937FF44AAF2EE753460C2241F6FF7C01
:103E30004FF4804802FB03FE9F00B3001393F3008E
:103E4000149302FB06F315936B68CDE906551693A0
:103E5000039BCDF814A004954FEACA0A023333F845
:103E6000022C039912FB0C82D21323F8022C039A22
:103E7000528812FB0C82D2134A80CA5B12FB0C825E
:103E8000D213CA53DA5B12FB0C82D213DA5331F825
:103E90000A2012FB0C82D21321F80A2033F80A20E0
:103EA00012FB0C82D21323F80A2031F80E2012FBE9
:103EB0000C824FEAE23B21F80EB033F80E2012FBE1
:103EC0000C82D21323F80E20C95F08910499B1F92E
:103ED00008110991D95F0A910499B1F90A110B915E
:103EE000039931F90A100C910799B1F90811079853
:103EF0000D91B0F90A91069833F90A10B0F908014A
:103F000033F8025C0E900698B0F90A010F90DDE9D3
:103F10000C40604301FB190000F58040C0F3CF3036
:103F20002E1AB4B21094039C284466880D9C80B26B
:103F300061430C9C23F8020C04FB091101F580413C
:103F4000C1F3CF31741A0E44B1B20D910C900399A4
:103F50000D9811944880DDE9080100FB01F5DDE9C9
:103F60000A01BDF8444000FB115512940E99089EB9
:103F700001FB0BF00F9905F5804501FB1200DDE90F
:103F8000094161430B9C00F5804006FB04110E9C27
:103F900001F5804162430F9CC1F3CF3104FB0B223A
:103FA00002F58042C2F3CF3201EB020B1FFA8BF411
:103FB000C5F3CF350894C0F3CF308C1A05EB000958
:103FC00009940C9C039E1FFA89F9A4EB090426F8B6
:103FD0000A40089C0D9EA5EB000B361B23F80A60D7
:103FE00033F8026C039C4E4423F8026C6688089CEC
:103FF0001FFA8BFB2644039C6680109C109E611A5E
:10400000119C1BFA84FB099C16FA84F6129C651B12
:10401000169CFCB11144039A0544D15323F807B010
:1040200022F80E6023F80E50039A1399043203927B
:10403000049A04330A4404921499079A0A44079292
:104040001599069A0A440692059A013A05927FF458
:1040500006AF18E6039C05441144E653DD5324F8EB
:104060000E1023F80EB0DFE70AFB06F305F58471A6
:1040700001EB830231F92310CDE90B550691B2F91A
:1040800002100595079102EB830132F923300A955E
:104090000893B1F902300993039B03EBCA019B46D5
:1040A00003EB8A0E01EB8A03039301EBCA0304932B
:1040B000B3001C93F3001D930C2373431E93330131
:1040C0001F9300230D934FF48043039A0BF1040BCD
:1040D00004320392049A0EF1040E043204920D9AF3
:1040E000043192457FF7CFAD41F699103BF8042C8F
:1040F000039C12FB0032D2132BF8042C3BF8022C49
:1041000012FB0032D2132BF8022C3EF8042C12FBC7
:104110000032D2132EF8042C3EF8022C12FB00328F
:10412000D2132EF8022C31F8042C12FB0032D213D9
:1041300021F8042C31F8022C12FB0032D21321F8A2
:10414000022C039A32F8042C12FB0032D21324F80A
:10415000042C34F8022C039C12FB0032D21324F8F6
:10416000022C049A059C32F8046C049A16FB003663
:10417000F61322F8046C32F8022C12FB0032049879
:10418000D21320F8022C3EF9040C0E900598B0F9D9
:1041900008913EF9020CB4F90A410F9431F9044C2C
:1041A0000F9D10940A9CB4F90841119431F9024C06
:1041B00012940A9CB4F90A411394039C34F9044CF8
:1041C00014940B9CB4F908411594039C34F9028CA7
:1041D0000B9CB4F90A4116940C9CB4F908C1B4F9CB
:1041E0000A4117940E9C179F04FB09F400FB154429
:1041F0000CFB06F507FB125504F5804405F58045D8
:10420000C4F3CF34C5F3CF35671918943C4609FB86
:1042100000F00CFB02F2BFB21A9727B21997DDE942
:104220000E4704FB0700179C00F5804004FB0622A4
:1042300002F58042C0F3CF30C2F3CF328618B4B259
:10424000821A1B9412B234B20E941792189CDDE9B4
:1042500010024243641B24B2DDE9116575430F94DB
:10426000DDE9124004FB1022DDE914406043109F99
:10427000139E169C07FB0655159E08FB140006FBB3
:1042800008F8149F169E02F5804200F5804007FB57
:104290000688C0F3CF30C2F3CF321418121A12B20C
:1042A00011921A9A05F5804508F580480FFA84F9AD
:1042B000C5F3CF35C8F3CF3812FA84F41B9A3BF814
:1042C00002CC05EB0806A5EB08083BF8045C37B206
:1042D000199812FA86F6069A2C44664400FB0230BE
:1042E00010972BF8044C2BF8026C089A089E09FBD7
:1042F0000232D213069C02EBE0320E980FFA88F8D5
:1043000004FB003406FB0730C013179E00EBE430BB
:10431000079C079F06FB0434099E2A4408FB0636C7
:10432000F61306EBE4360F9CB6B207FB0434099F84
:104330001294119C92B207FB0434129FE41304EB15
:10434000E7346044971BA4B23244049E2EF8047CE8
:1043500014FA80F7001B2EF8027C26F8042C26F8AD
:10436000020C089A199800FB0232069800FB0939E2
:104370004FEAE93909EBE232089815440E9A00FB3E
:1043800002360698109A00FB0232D21302EBE63690
:10439000079A179802FB0838099AB44400FB0232C6
:1043A0000998C2F3CF360F9AC8F3CF3800FB023416
:1043B000119A0798C4F3CF3400FB0230A8EB060231
:1043C000C0F3CF3012FA85F221F8042C221A12FA27
:1043D0008CF221F8022C041B039AA6EB080818FAA9
:1043E00085F814FA8CFC22F8048C22F802CC0D9A81
:1043F0001C9801320D92059A024405921D980A9A62
:1044000002440A921E980B9A02440B921F980C9A2F
:1044100002440C9259E6002247F6FF7C92457FF752
:1044200032AC154600218F4218DD039B8E0053F8F5
:1044300025009CFBF7F30FFA80FE001403FB0EFE31
:1044400043430EF5804E03F580434FEAEE3EDB1307
:10445000A6F800E0738055440131E4E7002F05DD44
:1044600000231868039B43F82200FFDE0132D5E7E2
:1044700013B50446104604F108028842CDE9002431
:1044800008BF00200122FFF763FB02B010BD01232B
:10449000FFF7EEBF2DE9F04F8046006817464568EC
:1044A00089B0002D40F09680D8F804200468FFF70A
:1044B000EEFF43F6FF7C4FF48040BA46D8F804E0A4
:1044C00007EB8406BEF80030BEF8022013FB0C0395
:1044D00012FB0C02C3F3CF33C2F3CF3299189B1AED
:1044E000398027F824302AF8025F7580012504EB13
:1044F000D4735B1005930EEB840301930EF102035A
:104500000793059BAB4265DB019B3EF8252033F802
:10451000041C079B12FB0C0233F8253011FB0C0125
:1045200013FB0C03C3F3CF330293019BC1F3CF31D1
:1045300033F8023CC2F3CF325B4213FB0C03C3F3EC
:10454000CF330393531A1BB204934FEA8509DDE975
:1045500002340A441B1BD8F8084011B2A9F104091F
:1045600004EB090B069134F909900499BBF9024058
:1045700001FB09FB1BB203FB14BB0BF5804B4BF398
:10458000CF3B0BFA82F2521027F8252009FB03F3E8
:10459000DDE902210A4411B202910499043E01FBB3
:1045A000043303F5804343F3CF3303FA82F252100E
:1045B0002AF82520069A0135A2EB0B0B029A4FEA46
:1045C0006B0B9B1A5B107380019BA6F800B0043B39
:1045D000019396E709B0BDE8F08F80B483B000AFD7
:1045E00078600B46FB707B681A68FB7803F5E07314
:1045F0009B0013441B6818460C37BD465DF8047BCE
:10460000704780B485B000AFF8600B467A60FB72EB
:10461000FB681A68FB7A03F5E0739B0013447A6821
:104620001A6000BF1437BD465DF8047B704780B444
:1046300083B000AF78600B46FB707B681A68FB782C
:1046400003F5A0739B0013441B6818460C37BD4646
:104650005DF8047B704780B485B000AFF8600B460E
:104660007A60FB72FB681A68FB7A03F5A0739B0003
:1046700013447A681A6000BF1437BD465DF8047BA6
:10468000704780B584B000AFF860B9607A60FB68AD
:10469000002B05D0BB68002B02D07B68002B02D119
:1046A0006FF00C030BE00C220021F86800F03EFDD7
:1046B000FB687A681A60FB68BA685A60002318467B
:1046C0001037BD4680BD80B582B000AF78604FF036
:1046D000FF3209217868FFF7BEFF00BF0837BD46EB
:1046E00080BD80B584B000AF786010217868FFF796
:1046F0009EFF0346FB60FB6823F00F031A46102160
:104700007868FFF7A8FFF02209217868FFF7A3FF78
:1047100000BF1037BD4680BD80B586B000AF786061
:10472000002208217868FFF796FF7868FFF7D9FF25
:1047300000237B613B7D43F001033B757B691A4697
:1047400002217868FFF787FF3B7D23F001033B756B
:104750007B691A4602217868FFF77DFF7868FFF7CA
:10476000B2FF7868FAF7C0FD4FF0FF333B613B6959
:104770001A4612217868FFF76EFF0023FB603B7B2F
:1047800023F001033B733B7B43F002033B733B7B12
:1047900043F004033B733B7B43F008033B73BB7B59
:1047A00043F00303BB73FB7B43F01003FB73FB6815
:1047B0001A4610217868FFF74EFF00BF1837BD4634
:1047C00080BD80B582B000AFFAF754FD786078689C
:1047D000FFF7A2FF002318460837BD4680BD80B40E
:1047E00000AF00231846BD465DF8047B704780B5D6
:1047F00084B000AF7860FAF73DFDF860FB687A6836
:104800001A60FB68022283F85520FB681B68002BA6
:1048100002D14FF0FF3322E00021F868FFF707FFD5
:104820000246FB685A600121F868FFF700FF024664
:10483000FB689A60FB685A68FB689B6819461046DB
:10484000FAF722FD0346002B02D06FF0050306E0C5
:10485000F86800F0D5FB03467B81B7F90A301846AB
:104860001037BD4680BD80B584B000AFF8600B4600
:104870007A607B81FB6800225A617B681A46382186
:10488000F868FFF7E8FE7A8913461B0413441A46BA
:104890003921F868FFF7DFFE01223C21F868FFF7B5
:1048A000DAFE012318461037BD4680BD80B582B0C0
:1048B00000AF7860002208217868FFF7CCFE00BFC7
:1048C0000837BD4680BD80B582B000AF78607B6898
:1048D0009B691A4620217868FFF793FE00BF0837CE
:1048E000BD4680BD80B582B000AF7860002208214F
:1048F0007868FFF7B0FE002220217868FFF781FE7C
:1049000000BF0837BD4680BD80B584B000AF786079
:104910000123FB817B6893F85430002B04D1786825
:10492000FAF708FE012351E07B6893F85430013B0D
:104930007A680633DB0013441B7A032B15D0032B54
:1049400041DC012B29D0022B3DD17868FAF7F2FD2A
:10495000F0F7D6FE7B6893F85430013B7A68063353
:10496000DB001344B3F90A3030E07868FAF79CFDB5
:104970000346002B0ED07B68012283F8572000F0FD
:104980003BFA0346FB81B7F90E30012B02D0786861
:10499000FAF7D0FDB7F90E3018E000BF7868FAF7E3
:1049A00083FD0346002BF9D07B68012283F8572052
:1049B00000F022FA0346FB81B7F90E30012BECD050
:1049C000B7F90E3002E000BF4FF0FF331846103742
:1049D000BD4680BD80B586B000AF786039603B6869
:1049E0001A1D3A601B683B610023FB821FE03B6895
:1049F000FB60FB681B68FA68526892B2920090B242
:104A0000FA6808321146984703467B81B7F90A30A5
:104A1000002B02D0B7F90A300EE0FB685B68023366
:104A20009B003A6813443B60FB8A0133FB82FB8A9C
:104A30003A699A42DBD8002318461837BD4680BD34
:104A400080B584B000AF786039603B685A683B68D5
:104A50009B689B001344FB603B689A683B681B683B
:104A60009A4201D300237FE0FB68DB7803F07003F8
:104A7000DBB2402B76D1FB681B88002B37D17B68DB
:104A8000DB6D002B02D14FF0FF336DE07B68DB6DF7
:104A9000DA687B689B6ED0187B68DB6D99687B68F1
:104AA000DB6D9B691A4600F01BFB7B68DB6E5A1CB2
:104AB0007B68DA667B68DA6E7B68DB6D1B6A9A421C
:104AC00008D33B689B685A1C3B689A607B6800224D
:104AD000DA6546E07B689A6E7B68DB6DDB691A44B9
:104AE0007B689A667B681A6E3B689A601EE07B68FA
:104AF000DB6D002B02D04FF0FF3335E07B685C3379
:104B000014220021184600F011FB3B685A683B68EC
:104B10009B6801339B001A447B68DA653B689B689D
:104B2000FA68128813445A1C7B681A667B68DB6D2E
:104B300058687B68DB6D1A687B685B6ED1187B6890
:104B4000DB6D1B691A4600F0CBFA7B685A6E7B68F6
:104B5000DB6D5B691A447B685A667B681A6E3B683A
:104B60009A6072E700BF012318461037BD4680BD2A
:104B700080B588B000AFF8600B467A60FB72FB7AB4
:104B8000002B18D07B6800229A607968F868FFF7DC
:104B900057FF0346FB83B7F91E30002B02DCB7F941
:104BA0001E3025E17B685A687B689B689B00134434
:104BB0001B687B612BE07B685A687B689B689B0065
:104BC00013441B687B617B689B68BA8A13445A1C38
:104BD0007B689A607B689A687B681B689A4201D3FD
:104BE000002305E17968F868FFF72AFF0346FB8395
:104BF000B7F91E30002B02DCB7F91E30F8E07B68F5
:104C00005A687B689B689B0013441B687B617B68C8
:104C10005A687B689B6801339B001344BB6138E092
:104C2000B969F868FFF7D6FE0346FB83B7F91E3073
:104C3000002B02D0B7F91E30DAE07B689B68BA8A95
:104C400013445A1C7B689A607B689A687B681B686F
:104C50009A4201D30023CBE07968F868FFF7F0FEB1
:104C60000346FB83B7F91E30002B02DCB7F91E3078
:104C7000BEE07B685A687B689B689B0013441B6896
:104C80007B617B685A687B689B6801339B00134497
:104C9000BB61FB7D03F07003DBB2202BC0D01EE0B4
:104CA0007B689B68BA8A13445A1C7B689A607B684D
:104CB0009A687B681B689A4201D3002398E07B685E
:104CC0005A687B689B689B0013441B687B617B6808
:104CD0005A687B689B6801339B001344BB61FB7D72
:104CE00003F07003DBB2302BDAD0FB7D23F07F03BF
:104CF000DBB2002B0DD0FB7D03F07003DBB2102B79
:104D000014BF01230023DBB21A46FB6883F8562048
:104D100007E0FB7DC3F30213DBB21A46FB6883F89E
:104D20005620FB7D03F07003DBB2102B17D1FB7D07
:104D300003F00403DBB2002B02D1F868FFF7B6FDE5
:104D4000BB8ABA691946F868FFF78DFD0346FB83F5
:104D5000B7F91E30002B22DAB7F91E3048E0FB7D90
:104D600003F07003DBB2002B17D1FB7D03F00403CB
:104D7000DBB2002B02D1F868FFF7A5FDBB8ABA6948
:104D80001946F86800F079F90346FB83B7F91E303D
:104D9000002B04DAB7F91E302AE0002328E0FB7D5F
:104DA00003F00403DBB2002B1FD17B689B68BA8A37
:104DB00013445A1C7B689A607B685A687B689B68BE
:104DC0009B0013441B687B61FB7DC3F30213DBB2C2
:104DD0001A46FB6883F856207B685A687B689B6894
:104DE00001339B001344BB619BE700BFB7F91E3042
:104DF00018462037BD4680BD80B582B000AFFAF7B7
:104E0000AFFB0346FB80B7F9063018460837BD46AE
:104E100080BD80B584B000AFFAF72CFAF860FDF7DA
:104E2000ACFAB860FB681B6B002B14BF0123002396
:104E3000FB71B868FDF7A9FAFB7918461037BD4633
:104E400080BD80B500AFF0F76BFC00BF80BD80B5C2
:104E500084B000AF78600B46FB701346BB70002334
:104E6000FB81F0F763FCFAF705FAB860BB6893F8CA
:104E70005430032B02D96FF0CB035DE0BB6893F88D
:104E80005430BA680633DB0013447A685A60BB6852
:104E900093F85430BA680633DB001344FA781A7278
:104EA000BB6893F854300133DAB2BB6883F85420FE
:104EB0007B68002B02D14FF0FF333DE0FB78032BE2
:104EC00002D0FB78012B02D1B868FFF70BFD7A689E
:104ED0000121B868FFF74CFE0346FB81B7F90E309D
:104EE000012B04D1B868FFF70FFD0346FB81BB68B7
:104EF00093F85430013BDAB2BB6883F85420BB68A6
:104F000093F85430002B0AD0BB6893F85430013B1F
:104F1000BA680633DB0013441B7A022B02D1B8684F
:104F2000FAF708FBBB7883F00103DBB2002B01D05A
:104F3000F0F73CFCB7F90E3018461037BD4680BD7F
:104F400080B483B000AF78600B46FB707B681A6852
:104F5000FB7803F5E0739B0013441B6818460C377D
:104F6000BD465DF8047B704780B485B000AFF86043
:104F70000B467A60FB72FB681A68FB7A03F5E073F4
:104F80009B0013447A681A6000BF1437BD465DF871
:104F9000047B704780B584B000AF78600023FB606D
:104FA000FB681A4620217868FFF7DEFF4FF0007398
:104FB000BB603B7A43F001033B72BB681A461D217C
:104FC0007868FFF7D1FF1D217868FFF7B9FF034626
:104FD000BB603B7A23F001033B72BB681A461D217C
:104FE0007868FFF7C1FF1D217868FFF7A9FF034626
:104FF000BB607868FAF7DCFB00BF1037BD4680BDA8
:1050000080B584B000AF78607B68FB60FB68002BE4
:1050100002D14FF0FF3315E01221F868FFF790FF3F
:105020000246FB68DA60FB68DB681846FAF77CFC2E
:105030000346002B02D06FF0050303E0F868FAF78F
:10504000B7FB002318461037BD4680BD80B584B03D
:1050500000AF78607B680022DA610023FB607B7B15
:1050600043F001037B73FB681A4610217868FFF751
:105070007BFF00BF1037BD4680BD80B588B000AF54
:10508000F860B9607A607B68FB61BB681B09BB761E
:105090000023FB7612E000237B61FB697B617B6967
:1050A0001A461B21F868FFF75FFF97F91B30DBB248
:1050B0000133DBB2FB76FB694033FB6197F91B20C0
:1050C00097F91A309A42E6DB97F91A30002B02DD85
:1050D000F868FFF7BBFF012318462037BD4680BDA7
:1050E0000A44431E914200D1704710B511F8014B9C
:1050F000914203F8014FF9D110BD884210B501EB80
:10510000020402D98442234607D8431EA14207D095
:1051100011F8012B03F8012FF8E70244824200D175
:1051200010BD13F8011D02F8011DF7E70244034604
:10513000934200D1704703F8011BF9E7024601448E
:1051400010B58A42134603D01C780132002CF8D1E6
:10515000181A10BD0EB403B503AA52F8041B01922D
:10516000FAF7DEFC02B05DF804EB03B070472DE9FE
:10517000F843C3F137090746884603F01F055FFA75
:1051800089F91646384641462A460023EBF76AFE5F
:105190004346D4B23A4688460746092C84BF4C445D
:1051A000E4B2AA424FF0000204F13004934106F841
:1051B000014BE7D23046BDE8F8832DE9F04F0518E2
:1051C00089B0904641EB0104029304AB2846214686
:1051D0000093D2E9002300F0A7F806AB0746894602
:1051E0002846214600930025D8E9022300F09CF8C8
:1051F000DDE90423841851EB0306069B28BF012533
:10520000D8E90012ED18079B43F10003791849EB28
:105210000202B94272EB0902D8E9022134BF01202F
:105220000020A21846EB01018018029A41F100010A
:10523000A042A2F1410A71EB0602CDF800A034BFF2
:10524000012200225219CDE9065343F1000300F078
:1052500082F8129BC3E90001D8E90221DDE9065377
:10526000039114990129D8E900E027D1A21A0399E2
:10527000CDF800A066EB0101774579EB000034BF63
:1052800001200020101A61F10001844276EB010236
:1052900034BF01220022AA1A63F1000300F05BF878
:1052A000139BC3E90001DDE9062320463146CDF812
:1052B00000A000F050F809B0BDE8F08F17EB070B25
:1052C00049EB090C14EB040846EB0601BB457CEBEB
:1052D000090934BF0127002718EB070741F100082F
:1052E000F3457CEB000C34BF01200020381A68F134
:1052F0000001801A039A61EB02016D195B41A7421C
:1053000078EB060234BF01220022AD1843F10003FE
:10531000874278EB010834BF01220022AA1A029DBD
:10532000A5F140050095B7E7F0B500240D46064607
:105330009446A0FB02012246059FE5FB0C12A44601
:10534000E5FB0324E3FB061C12EB0C0244F1000412
:10535000C7E90024F0BDF0B5059CC4F14007C4F1D5
:105360002006A4F12005E04002FA06F6BB4022FA2E
:1053700005F5BA403343C4F120062B4301FA06F683
:10538000A4F12005304321FA05F5E14028431943F3
:105390001043F0BDBBFE400A704751EC100B0246B3
:1053A00021F000405342134340EAD370C0F1FF4064
:1053B00000F5E000C00F70472DE9F0410446CE0F24
:1053C000C1F30A55C1F3130140F2FF70167154EA9C
:1053D00001076BD1002D71D12C462946002B156099
:1053E00060DB0C2B60DCC3F10D050120AD0005F185
:1053F000FF3CA5F12107C5F1210600FA07F720FAC5
:1054000006F600FA0CF03743061847EB0708D6F10A
:10541000000E68EB480C013E48F1FF38264008EAD0
:105420000108B04277EB080810DBC5F12008B5F1A0
:10543000200624FA05F501FA08F858BF41FA06F6E5
:1054400045EA080558BF3543ED0703D52018044643
:1054500041EB070104EA0E0401EA0C019DF8186013
:1054600018460D250532C6F1270604F00F0324095E
:1054700044EA0174091163B9A8420DDA013DF4D27E
:105480001AE01DB90125A5F2FF35A7E741F4801107
:10549000F9E7092BC8BF9B193033A8425355B8BF51
:1054A0002846EBE70023D9E70D23D7E78542E8D16B
:1054B00046F0080600201671BDE8F0818542E5D16E
:1054C00046F00406F6E7D1E9043293421EBF5A1CA7
:1054D0000A611870704710EE103A23F00040B0F1E6
:0C54E000FF4F94BF002001207047000027
:0854EC00BCB9FE7F01000000C5
:1054F400016A000000000000CD6A00000000000006
:10550400917F0000000000005D6B000000000000BF
:10551400000000009C55010015A7000000000000D9
:1055240081D600000000000000000000F0550100DA
:1055340000000000B855010000000000D45501002F
:10554400000000000C560100000000002856010075
:10555400FD770000000000009B2601000000000011
:10556400D1470000000000001569000000000000A1
:10557400E9B3000000000000AF26010000000000B5
:105584000000000044560100F15400000000000037
:08559400BDA2000000000000B0
:10559C00F51202002CEF0100945F0100660400205C
:1055AC00EC3A0020BD740000000000003014020032
:1055BC0070EF0100705F010068040020743B002054
:1055CC00517C0000000000003C14020084EF01003C
:1055DC00705F01006A040020803B0020517C0000B9
:1055EC00000000004714020098EF0100705F0100FA
:1055FC006C0400208C3B0020517C0000000000005B
:10560C0052140200ACEF0100705F01006E04002028
:10561C00983B0020517C0000000000005D1402004B
:10562C00D0EF0100B05F010070040020A43B00200B
:10563C00F12501000000000071120200CCEE010007
:10564C0014EF01006404002024030020D16E00003C
:04565C00000000004A
:1056600000000000BB23010000000000BB2301007C
:1056700000000000BB23010000000000BB2301006C
:1056800000000000BB23010000000000BB2301005C
:1056900000000000BB23010000000000BB2301004C
:1056A00000000000BB23010000000000BB2301003C
:1056B00000000000BB23010000000000BB2301002C
:1056C00000000000BB23010000000000BB2301001C
:1056D00000000000BB23010000000000BB2301000C
:1056E00000000000BB23010000000000BB230100FC
:1056F00000000000BB23010000000000BB230100EC
:1057000000000000BB23010000000000BB230100DB
:1057100000000000BB23010000000000BB230100CB
:1057200000000000BB23010000000000BB230100BB
:1057300000000000BB23010000000000BB230100AB
:1057400000000000BB23010000000000BB2301009B
:1057500000000000BB23010000000000BB2301008B
:1057600000000000BB23010000000000BB2301007B
:1057700000000000BB23010000000000BB2301006B
:1057800000000000BB23010000000000BB2301005B
:1057900000000000BB23010000000000BB2301004B
:1057A00000000000BB23010000000000BB2301003B
:1057B00000000000BB23010000000000BB2301002B
:1057C00000000000BB23010000000000BB2301001B
:1057D00000000000BB23010000000000BB2301000B
:1057E00000000000BB23010000000000BB230100FB
:1057F00000000000BB23010000000000BB230100EB
:1058000000000000BB23010000000000BB230100DA
:1058100000000000BB23010000000000BB230100CA
:1058200000000000BB23010000000000BB230100BA
:1058300000000000BB23010000000000BB230100AA
:1058400000000000BB23010000000000BB2301009A
:1058500000000000BB23010000000000BB2301008A
:1058600000000000BB23010000000000BB2301007A
:1058700000000000BB23010000000000BB2301006A
:1058800000000000BB23010000000000BB2301005A
:1058900000000000BB23010000000000BB2301004A
:1058A00000000000BB23010000000000BB2301003A
:1058B00000000000BB23010000000000BB2301002A
:1058C00000000000BB23010000000000BB2301001A
:1058D00000000000BB23010000000000BB2301000A
:1058E00000000000BB23010000000000BB230100FA
:1058F00000000000BB23010000000000BB230100EA
:1059000000000000BB23010000000000BB230100D9
:10591000000000005D23010000000000BB23010027
:1059200000000000BB2301000000000075E0000043
:1059300000000000BB23010000000000BB230100A9
:1059400000000000BB23010000000000BB23010099
:1059500000000000BB23010000000000BB23010089
:1059600000000000BB23010000000000BB23010079
:1059700000000000BB23010000000000BB23010069
:1059800000000000BB23010000000000BB23010059
:1059900000000000BB23010000000000BB23010049
:1059A00000000000BB23010000000000BB23010039
:1059B00000000000BB23010000000000BB23010029
:1059C00000000000BB23010000000000BB23010019
:1059D00000000000BB23010000000000BB23010009
:1059E00000000000BB23010000000000BB230100F9
:1059F00000000000BB23010000000000BB230100E9
:105A000000000000BB23010000000000BB230100D8
:105A100000000000BB23010000000000BB230100C8
:105A200000000000BB23010000000000BB230100B8
:105A300000000000BB23010000000000BB230100A8
:105A400000000000BB23010000000000BB23010098
:105A500000000000BB23010000000000BB23010088
:105A600000000000BB23010000000000BB23010078
:105A700000000000BB23010000000000BB23010068
:105A800000000000BB23010000000000BB23010058
:105A900000000000BB23010000000000BB23010048
:105AA00000000000BB23010000000000BB23010038
:105AB00000000000BB23010000000000BB23010028
:105AC00000000000BB23010000000000BB23010018
:105AD00000000000BB23010000000000BB23010008
:105AE00000000000BB23010000000000BB230100F8
:105AF00000000000BB23010000000000BB230100E8
:105B000000000000BB23010000000000BB230100D7
:105B100000000000BB23010000000000BB230100C7
:105B200000000000BB23010000000000BB230100B7
:105B300000000000BB23010000000000BB230100A7
:105B400000000000BB23010000000000BB23010097
:105B500000000000BB23010000000000BB23010087
:105B600000000000BB23010000000000BB23010077
:105B700000000000BB23010000000000BB23010067
:105B800000000000BB23010000000000BB23010057
:105B900000000000BB23010000000000BB23010047
:105BA00000000000BB23010000000000BB23010037
:105BB00000000000BB23010000000000BB23010027
:105BC00000000000BB23010000000000BB23010017
:105BD00000000000BB23010000000000BB23010007
:105BE00000000000BB23010000000000BB230100F7
:105BF00000000000BB23010000000000BB230100E7
:105C000000000000BB23010000000000BB230100D6
:105C100000000000BB23010000000000BB230100C6
:105C200000000000BB23010000000000BB230100B6
:105C300000000000BB23010000000000BB230100A6
:105C400000000000BB23010000000000BB23010096
:105C500000000000BB23010000000000BB23010086
:105C600000000000BB23010000000000BB23010076
:105C700000000000BB23010000000000BB23010066
:105C800000000000BB23010000000000BB23010056
:105C9000285601009525010000000000BB230100EB
:105CA00000000000BB23010000000000BB23010036
:105CB00000000000BB23010000000000BB23010026
:105CC00000000000BB23010000000000BB23010016
:105CD00000000000BB23010000000000BB23010006
:105CE0002403002085A0000000000000BB23010069
:105CF00000000000BB23010000000000BB230100E6
:105D000000000000BB23010000000000BB230100D5
:105D100000000000BB23010000000000BB230100C5
:105D200000000000BB23010000000000BB230100B5
:105D300000000000BB230100700200206D2501005F
:105D400000000000BB23010000000000BB23010095
:105D500000000000BB23010000000000BB23010085
:105D600000000000BB23010000000000BB23010075
:105D700000000000BB23010000000000BB23010065
:105D8000ED9A0000CD26010000000000BB230100B9
:105D900000000000BB23010000000000BB23010045
:105DA00000000000BB23010000000000BB23010035
:105DB00000000000BB23010000000000BB23010025
:105DC00000000000BB23010000000000BB23010015
:105DD00000000000BB23010000000000BB23010005
:105DE00000000000BB23010000000000BB230100F5
:105DF00000000000BB23010000000000BB230100E5
:105E000000000000BB23010000000000BB230100D4
:105E100000000000BB23010000000000BB230100C4
:105E200000000000BB23010000000000BB230100B4
:105E300000000000BB23010000000000BB230100A4
:105E400000000000BB23010000000000BB23010094
:105E500000000000BB23010000000000BB23010084
:105E600000000000BB23010000000000BB23010074
:105E700000000000BB23010000000000BB23010064
:105E800000000000BB23010000000000BB23010054
:105E900000000000BB23010000000000BB23010044
:105EA00000000000BB23010000000000BB23010034
:105EB00000000000BB23010000000000BB23010024
:105EC00000000000BB230100BC0100206D25010083
:105ED0002B2A0100CD26010000000000BB23010099
:105EE00000000000BB23010000000000BB230100F4
:105EF00000000000BB23010000000000BB230100E4
:105F000000000000BB23010000000000BB230100D3
:105F100000000000BB23010000000000BB230100C3
:105F200000000000BB23010000000000BB230100B3
:105F300000000000BB23010000000000BB230100A3
:105F400000000000BB23010000000000BB23010093
:105F500000000000BB23010000000000BB23010083
:105F600000000000BB23010000000000BB23010073
:105F7000557A000025250100312501004525010045
:105F80004F25010059250100457900004D7800009A
:045F9000000000000D
:105F94001D7500001F250100EB2401000000000016
:0C5FA400E173000000000000000000009D
:0C5FB000AD250100757E00009F2501005A
:105FBC0089120200030000009D0002000300000093
:105FCC001713020003000000132702000300000057
:105FDC007B12020003000000B60302000300000065
:105FEC00BA03020003000000BE050200030000001B
:105FFC00DE06020003000000620D02000300000038
:10600C00A91C02000300000018FF0100030000009F
:10601C00720F020003000000C10102000300000027
:08602C006814020003000000EB
:106034006CEE010090010020AD050200010000009B
:10605000803E000010004001B404002000A0105059
:1060600000820D500004055000860D500500000010
:1060700004000000010000004552524F5221204907
:106080006E76616C69642061786F6E2D6E6E20682B
:10609000617264776172653B2069643A20307825CB
:1060A000782C207374733A20253032642E253032D8
:1060B000642E253032640A0044454255472120525F
:1060C000455455524E494E4720535543434553532B
:1060D00020414E59574159210A0000005761726E04
:1060E000696E673A20495251207265676973746519
:1060F00072207374617475732061667465722074A4
:106100007279696E6720746F20636C6561723A20E2
:1061100030782578000000004952513A2057415408
:106120004348444F47202830782578290000000054
:106130005744472054696D65723A203078257800BD
:106140004952513A204255532F4649464F20283054
:1061500078257829000000004952513A203634420F
:106160004954204F564552464C4F572028307825E9
:1061700078290000526573657474696E67204178F0
:106180006F6E2E2E2E00000073707572696F75731E
:1061900020696E746572727570743F20307825784E
:1061A000206F7220307825780A3F00000A4552524D
:1061B0004F522121212041584F4E2D4E4E20494E05
:1061C000542053544154555320307825780A000008
:1061D0000A4552524F522121212041584F4E2D4401
:1061E000535020494E542053544154555320307835
:1061F00025780A000A212121445350205741544355
:106200004820444F472121210A0000007265672081
:106210002564203D2030782530387800696E76611D
:106220006C69642061786F6E2D6473702068617290
:1062300064776172652069643A20253032642E25C6
:106240003032642E253032640A0000004445425545
:1062500047212052455455524E494E4720535543ED
:106260004345535320414E59574159210A000000DC
:106270000338FDD870470000000000000000000057
:106280000338FDD870470000000001000000000046
:1062900001000000000000000500000000000000F8
:1062A00019000000000000007D0000000000000058
:1062B0007102000000000000350C0000000000002A
:1062C000093D0000000000002D3101000000000029
:1062D000E1F505000000000065CD1D000000000094
:1062E000F902950000000000DD0EE9020000000048
:1062F000514A8D0E000000009573C2480000000056
:10630000E941CC6B010000008D49FD1A0700000037
:10631000C16FF28623000000C52EBCA2B1000000B0
:10632000D9E9AC2D780300003D9160E458110000DC
:1063300031D6E275BC560000F52E6E4DAEB10100AF
:10634000C9EA268367780800ED95C28F055A2A00AE
:10635000A1EDCCCE1BC2D30025A4000A8BCA220417
:10636000000000000000000000000000000000101D
:106370000000000000000000B9340332B7F4AD148F
:1063800010DB1AB30892540E0D307D951447BA1ADB
:1063900066088F4D26ADC66DF598BF85E2B74511ED
:1063A000CA96853D92BD1DEBFCA11860DCEF52162C
:1063B0003C92AE220BB8C1B4839D2D5B0562DA1C02
:1063C000304C7E8F4E8BB25B16F4529F8B56A512CB
:1063D000FBD4827643ED8AF08FE7F9311565191801
:1063E00050F19BD94A13EEB4284CF0A686C1251F64
:1063F000035FC270CB9E4916E642889C44EB201492
:10640000B0650836AD6EA58585F0CA14E2FD031AA5
:106410000B899979D5B13D09D8DA973A35EBCF1088
:10642000AC363F5E73BB38CF3E6752FA44AFBA1505
:10643000010000000000000000000000000000203B
:10644000345065C05FC9A652BB13CBAEC440C2185E
:1064500006C8DF7100D5A87CF56F0FDA58FC27134A
:106460006E4756357D24206502C7E768E48CA41D7D
:10647000E9E60268D7CD39617977FCC2405BEF1657
:10648000798CDE43FFA751F991F3B278F5BDBE11C7
:10649000E857E9D6E8BEE87BB054AC8F848D751B15
:1064A000EA23A499E9F9D38BB7A3714061DA3E15C9
:1064B000CEE33ECB73F948088C97B427D51B7010F8
:1064C000A2BFEFB9EB8532154DB44DB49BBB6F192C
:1064D00096B6076CF8E7EEAD36D9B4F59135AE1344
:1064E000222218AF4E6A684D91DAAA3D4F40741EC1
:1064F0009FBD9EE006A1C09857C2A7FDA40E9017AD
:106500000E7D497173E3208FB220D87605143B12BB
:10651000853D7434811343B0AD297A5F27F4351C6F
:1065200000000040FB21F93F000000002D44743EB4
:10653000000000809846F83C0000006051CC783B99
:1065400000000080831BF0390000004020257A38CD
:10655000000000802282E336000000001DF3693550
:106560006C650100010000000000000019E9000056
:1065700000000000000000000005010008FD01000F
:106580000000000078050020010003002800010041
:1065900027764E0003001380010000000000000079
:1065A00000000000000000000000000000000000EB
:1065B000000000000100000078060020000000003C
:1065C000A01700000000000064660100648C010058
:1065D000A461000080090000DC27002020120000D8
:1065E0000466010006000000010001000100010036
:1065F000000020001D8001000000000000000000DD
:1066000000020100DC2700200004000080FFFFFFE3
:1066100001000000DC2B00200003000080FFFFFFD2
:1066200001000000DC2E00208000000080FFFFFF42
:10663000010000005C2F0020A000000080FFFFFF91
:1066400001000000FC2F00200004000080FFFFFF7D
:1066500001000000FC3300200006000080FFFFFF67
:10666000010000004F09FF1F80000006020001002A
:106670005C2F002004003300040000000000000034
:106680000000000028000300A00000080000000037
:10669000000000000000050004000100F0050020DB
:1066A00008000300080000000002000000000000D5
:1066B000C80000040000000000000000000000000E
:1066C0000300000000000000F000000000010000D6
:1066D0008000000303000100780500200300330060
:1066E00003000000B0000000F4050020BC00000022
:1066F00001000000F0000000000100008000000721
:1067000002000100F5050020080033000800000029
:106710000400010014F30100280033000000000011
:10672000AC000004020001005C2F00200400030004
:106730000400000003000000CC0000000000010184
:10674000D800000001000000F0000000000100007F
:106750008000000705002800F20500200800033033
:106760000000040005002800648C01002000A30242
:10677000C8000000A800000300001500010001008F
:106780003007002004000500BC00000100000000EC
:1067900080FF0000C80000030000010000000301AA
:1067A0000000010303170100800100010300000045
:1067B00000000000A401000000000000C80100016A
:1067C000000000C0000000C064010001805CFDFF0B
:1067D000B40E0000D800000001000001F00000002D
:1067E000000100006401000180C8FCFF260D0000CC
:1067F0006401000180010400E80A00006401000156
:1068000080C7FEFF98090000640100018089040030
:106810004D0A00006401000100F2FEFFE9080000DB
:1068200064010001004D0000170A0000640100012E
:1068300000FFFFFF7D0D00006401000100BFFCFFB1
:10684000250F0000640100010071FEFF38090000FF
:106850006401000100B3FCFF6B0A00006401000149
:10686000809AFEFF200A00006401000100BDFEFFC7
:106870007F0A0000640100018095FDFF400A0000CE
:106880006401000180EAFCFFD40D000064010001F6
:106890008086010083090000640100018022FEFF60
:1068A000580C00006401000180F60200460C000054
:1068B000640100018053FFFF0D0A00006401000124
:1068C00000A90200BF090000640100018082FEFFF0
:1068D000D70A000064010001005E0600A60A00005D
:1068E00064010001001F0200330B0000640100017D
:1068F00080F90200B0090000640100018025FEFF5C
:10690000440E00006401000100B9FDFFB20900005F
:106910006401000100B5FDFF4E0A000064010001A2
:1069200000880500EF0A000064010001803FFDFFC0
:10693000E20A000064010001801AFFFFB6090000AE
:1069400064010001005EFEFF3B0B000064010001DA
:1069500080210500D60A0000800000060400010026
:10696000DC2E0020040033000400000000000000C2
:106970000000000020000300A80000040000050043
:106980000400010078050020080003000800000052
:10699000C80000040000000000000000000000002B
:1069A0000300000000000000F000000000010000F3
:1069B000800000010100010030070020B00000004D
:1069C0007C050020BC00000003000000F000000077
:1069D000000100008000000705000100780500208C
:1069E00008000318080000000500010064A501006C
:1069F0002000330005000000A8000005000015007D
:106A000001000100780600200400050004000000D9
:106A100000000000C80000030000010000000101A8
:106A200000000103031C01008001000102000000BE
:106A300000000080CC010000000000606401000143
:106A40000628FFFF5FE71100D800000001000001E9
:106A5000F000000000010000640100017A40FFFF27
:106A60006C941C006401000100F5FFFF28C81200AF
:106A7000640100018377FFFFEB650B0064010001F7
:106A80007EFDFFFF24B00E0064010001F8840000C9
:106A90004E520F00640100015449FFFFA4D80A00C0
:106AA0006401000109370000769A100064010001BA
:106AB000813C0000A4EA1300640100018EAB0000D9
:106AC000C5730E0064010001F7BAFFFF4EF1130019
:106AD000640100010BC7FFFF0C4F130064010001AC
:106AE000F38FFFFF8E561200640100016C9BFFFFC5
:106AF00092BC0C00640100010965FFFF9C2B120091
:106B0000640100011DD90000386C06006401000119
:106B1000E7CC0000E59E0C006401000177D9FFFF7F
:106B2000F00D0C00640100018A66000052A40F0001
:106B300064010001740600009CB10F0064010001B3
:106B400078AE00008B5C0F006401000100F0FFFFD5
:106B500056681100640100018489FFFF60F4090098
:106B600064010001042000000F0B0F00640100010C
:106B7000908B0000B8F61200640100018599FFFFB8
:106B80008CDD0F00640100018DA600002369180050
:106B90006401000173670000AA600C006401000139
:106BA00003EA00002E801E0064010001117900003C
:106BB00005FA0E006401000108750000816D0B00EC
:106BC0006401000175D6FFFFDEDF120080000007C0
:106BD000800001007806002000040303000000008C
:106BE0000400010014F30100010033000400000060
:106BF000AC00000320000100F80600202000030084
:106C000020000000C000000000000000C8000003D9
:106C1000000000000000040100000000030000006C
:106C2000D800000001000000F0000000000100009A
:106C30008000000720000100F8060020200033003B
:106C4000000004002000010004A601004000330001
:106C500020000000A8000004000005000100010061
:106C6000180700200400030004000000C80000030F
:106C700000000100000001010000010303170100F2
:106C8000800100010300000000000000CC010000B2
:106C9000000000C0640100019CECFFFF19550100D9
:106CA000D800000005000001F00000000001000015
:106CB0006401000189EEFFFF22FC00006401000175
:106CC000F0F9FFFF59D4000064010001BFE9FFFFA4
:106CD000D1AA000064010001EEF8FFFFB92801000D
:106CE000640100011D1000003E1901006401000153
:106CF000C9FCFFFF6E13010064010001E6E8FFFF1D
:106D000028D000006401000145FEFFFFB25D0100D4
:106D10006401000146FCFFFFFB2201006401000149
:106D20001A0B00007B3C010064010001D903000044
:106D300068180100640100011C000000DBAE0000C7
:106D400064010001D5160000ECDF000064010001C1
:106D500055DFFFFF60B60000640100017EF3FFFF16
:106D600053BF010064010001EC050000B8F200000F
:106D700064010001E3010000F65501006401000117
:106D80009D0400003E110100640100011B01000090
:106D90009284010064010001D2FAFFFF49D800008B
:106DA00064010001A70100009C31010064010001A1
:106DB000F30B00000513010064010001310600001F
:106DC000A2440100640100015FF5FFFF5B1A0100AE
:106DD00064010001F2FFFFFFF3690100640100019B
:106DE000B81500008C27010064010001D5140000D3
:106DF0006ACA000064010001FD1300006F18010061
:106E000064010001FA0C0000C3E30000640100010A
:106E10007B0400001905010064010001CEE1FFFFC1
:106E20001B5901006401000154F0FFFFD5FE000072
:106E30006401000185F8FFFF69140100640100018D
:106E400056FCFFFF3127010064010001980A000091
:106E500040B401006401000184FFFFFFAD27010081
:106E60006401000128F0FFFF1DF80000640100012B
:106E70008D120000BBCB000064010001381400003B
:106E800093D5000064010001B0F6FFFFC2D10000FD
:106E90006401000157FAFFFFDB32010064010001C9
:106EA0005BFEFFFFA540010064010001C3FCFFFF82
:106EB0004F94010064010001010200007EF6000011
:106EC0006401000176E4FFFFA7EB0000640100010C
:106ED00051080000F711020064010001F4050000F0
:106EE000B65E010064010001F90A00006E140100A1
:106EF00064010001EFF9FFFFAF040100640100012C
:106F0000B20D0000F1C20000640100010CFAFFFFA5
:106F1000221D0100640100018FE4FFFF67C1000032
:106F2000640100014A0600007BA601006401000123
:106F3000700100007AFA0100640100010003000002
:106F400033EF00006401000185FCFFFF6F42010088
:106F500064010001A1010000DBDF00006401000109
:106F60008CFDFFFF49D2000064010001A2F9FFFF80
:106F70008517010064010001820B00006CC4000051
:106F8000640100015F0F000074470100640100010B
:106F9000C7F6FFFF24F30000640100011BFEFFFFA2
:106FA0002CE50000800000070400010079050020A6
:106FB00008003300080000000400010014F3010081
:106FC0002000330000000000AC00000104000100BC
:106FD000DC2E0020BC00000003000000C800000000
:106FE00000000000D00000020000000003000000CC
:106FF00001000000F0000000000100008000000619
:107000000A000100DC2B00200C0033000C00000003
:10701000000000000000000040000300AC0000047D
:107020000C000100180800201000030010000000F0
:1070300000020000CC00000000000000D8000000AA
:1070400000000000F00000000001000080000003CC
:1070500001000100180700200400330004000000B4
:10706000AC0000010400010024080020BC00000066
:1070700003000000F0000000000100008000000696
:107080000B0001001A08002010003300100000005F
:107090000400010014F3010020003300AC000003E1
:1070A0000B000100780600200C0003000C0000001B
:1070B000CC00000000000101D80000000100000029
:1070C000F000000000010000840000001A0A002007
:1070D000B0000000180C0020F000000000010000CB
:1070E000800000010A0001001B0800209800000039
:1070F00040003300AC0000010A000100DC2B00203E
:10710000F000000000010000800000030700010003
:107110007C0600200C0033000C00000098000000EA
:1071200020003300AC00000307000100980D002090
:107130000800030008000000F0000000000100004B
:1071400084000004980D00200800031808000000C7
:107150000700010004AE01009C00000007000000D1
:10716000A8000006000015000100010078060020BC
:1071700004000500040000000000000080FF000083
:10718000C80000030000010000000101000001032D
:10719000031A0100800100010200000000000080CD
:1071A000CC0100000000009464010001E91B000014
:1071B000C7470200D800000001000001F0000000F5
:1071C00000010000640100012406FFFFBAC00100B5
:1071D00064010001646DFFFF61950200640100011C
:1071E00050040100C5A5020064010001606BFFFFAF
:1071F0001053020064010001B452000048C50300AE
:1072000064010001C38D00002574020064010001C7
:10721000419CFFFFE5F00200640100011BDFFFFF5E
:10722000AB880300640100018907FFFFF838020002
:10723000640100016E4600007C71020064010001DF
:107240009F600000EA03040064010001399300001C
:10725000E7B00200640100013099FFFF608902007D
:1072600064010001269FFFFFB030030064010001AC
:107270000D38000035BA030064010001B943000075
:10728000930A03006401000175ABFFFF62770200FF
:1072900064010001DFB500007C53020064010001BD
:1072A0001177FFFF4F39040064010001E065000021
:1072B000BB5302006401000170DC0000A2E4010085
:1072C00064010001973800009C8E040064010001F5
:1072D000D80B00003E90030064010001AE360000B0
:1072E0004155020064010001BFFDFFFF61BA0300C8
:1072F0006401000151CDFFFF478B020064010001D2
:10730000E2A800004E6F020064010001DAC9FFFF2D
:10731000B64703006401000169630000520B0300DB
:1073200064010001631F0000BA9E040064010001B3
:107330008750FFFFBF0F0200800000050B00010017
:10734000180C00200C0003180C0000000B000100BA
:10735000E4AE01009C0000000B000000B000000043
:10736000F8060020CC0000000000010164010001CB
:10737000FC74FFFFE31C0300D800000001000001C3
:10738000F000000000010000640100015B25000026
:10739000E77D0300640100012568FFFF649002009F
:1073A000640100010225FFFF5DDC030064010001B0
:1073B00098180000447802006401000111120000D6
:1073C000775103006401000157F0FFFF5C7B06006A
:1073D00064010001A51A00005C580400640100016A
:1073E0000468FFFF409C020064010001EE460000BB
:1073F000C7BC0200640100015295FFFF63CF020089
:10740000640100015C7B00005FC4040064010001B2
:10741000F663FFFF31220200640100014B89000086
:107420007D520300640100012CADFFFF76A503002F
:1074300064010001D40B0000009C04006401000101
:10744000516FFFFF40410200640100019FF0FEFF09
:10745000B4980200640100013E1DFFFF55DD0200EB
:107460006401000182E4FFFF64390300640100014C
:10747000165C00000D84020064010001757A0000B2
:107480006936050064010001E05B000058C302009A
:1074900064010001CCD6FFFF249A030064010001BF
:1074A000BDCBFEFFA350020064010001BE9BFFFFA5
:1074B000988102006401000184B400000887020082
:1074C0006401000165C200008A72020064010001CB
:1074D0009E580000FFCE02006401000176E8000023
:1074E000F165020064010001618CFFFF0EE40300FE
:1074F00064010001ED110000D51F030080000006AB
:1075000001000100780600200400330004000000A0
:10751000000000000000000020000300A80000069A
:107520000000050004000100180C00200400030006
:10753000040000000300000000000000C800000478
:107540000000000000000000000000000300000038
:1075500000000000F00000000001000084000000B6
:10756000F8060020B0000000980C0020F000000099
:10757000000100008000000700010100180C00203D
:1075800000048301000000000400010014F3010066
:107590000100330004000000A800000500001500F1
:1075A0004000010078060020400003004000000079
:1075B00000000000CC00000000000401D800000022
:1075C00001000000F0000000000100008000000742
:1075D0004000010078060020400033000000040055
:1075E0004000010044B001004000330040000000B2
:1075F000A80000040000050001000100B8060020FA
:107600000400030004000000C800000300000100A3
:1076100000000101000001030317010080010001C7
:107620000300000000000000CC010000000000C0CA
:10763000640100018A310000DBAB0000D8000000CB
:1076400005000001F00000000001000064010001DD
:1076500066C3FFFF049700006401000138F6FFFFD6
:107660006CB10000640100019DDFFFFFF4A5000084
:1076700064010001541C0000D0A20000640100015C
:10768000281A000099CC0000640100010B030000DF
:107690008EC300006401000162DAFFFF459900001B
:1076A0006401000195080000B95401006401000163
:1076B000AA2100004B90000064010001BA2E0000D6
:1076C000217E0000640100011E010000FED80000C0
:1076D00064010001100F000058BA000064010001AD
:1076E00007410000ED8B000064010001DA2E00006C
:1076F0006199000064010001982B0000A59E000024
:107700006401000153E8FFFF4E9A0000640100018C
:107710005B10000083C1000064010001EDC7FFFFA2
:10772000919F00006401000131E8FFFF6FB200008B
:107730006401000103F4FFFFC4AD00006401000117
:1077400036EAFFFFB474000064010001DD0A0000A6
:1077500059AB0000640100011DCCFFFF2190000027
:1077600064010001FB1B0000D799000064010001C7
:10777000B6E6FFFF8EF90000640100013B03000044
:10778000B6AD0000640100017B0600004A930000D2
:1077900064010001F8DEFFFFFD89000064010001C3
:1077A000B7CDFFFF5AEB000064010001281900006B
:1077B000169E0000640100011C06000057880000AE
:1077C00064010001C4C1FFFFBD820000640100012B
:1077D0004B78000009B3000064010001ED350000A2
:1077E000B1D4000064010001A5E4FFFF70D10000E6
:1077F0006401000190B7FFFFAFCE000064010001FB
:10780000AFF1FFFFA8B5000064010001E31F000015
:1078100079AC000064010001CF21000020DC0000F1
:10782000640100016E070000FD9200006401000188
:10783000800600009BBC000064010001D212000021
:1078400049AD000064010001FC1B000074C600008B
:10785000640100013BEFFFFF359A00006401000165
:1078600035BFFFFFCE6D000064010001FF06000080
:107870003698000064010001C1190000F591000074
:1078800064010001371F0000209400006401000122
:107890002AE8FFFF439B000064010001CA0C0000BE
:1078A00059C20000640100013F290000629D0000F0
:1078B0006401000149170000279D000064010001D8
:1078C000083000008574000064010001141C0000F1
:1078D000D999000064010001211C000054D100006E
:1078E0006401000134DBFFFF0EAE00006401000103
:1078F000ACC8FFFF27BF000064010001575800001B
:107900009685000064010001F3450000946B0000BF
:10791000640100016BDBFFFFE27F000064010001F6
:107920007D1000007DE60000640100016B13000083
:10793000E2A2000064010001ACFCFFFF41E0000096
:10794000800000060E000100DC270020100033003C
:1079500010000000000000000000000040000300D4
:10796000AC00000410000100180C002014000300FB
:107970001400000000020000C80000040000000025
:1079800000000000000000000300000000000000F4
:10799000F000000000010000800000030100010071
:1079A000B80600200400330004000000AC00000111
:1079B00004000100280C0020BC00000003000000AF
:1079C000F000000000010000800000070F0001002F
:1079D0001A0C002014003300140000000400010001
:1079E00014F301002000330000000000AC0000038D
:1079F0000F0001001811002010000300100000000B
:107A0000CC00000000000101D800000001000000CF
:107A1000F000000000010000840000009A0E002029
:107A2000B000000018130020F0000000000100006A
:107A3000800000010E0001001B0C002098000000D7
:107A400040003300AC0000010E000100DC270020E4
:107A5000F0000000000100008000000309000100A8
:107A60001E110020100033001000000098000000DC
:107A700020003300AC00000309000100780600205C
:107A80000C0003000C000000F000000000010000EA
:107A900084000004780600200C0003180C0000008D
:107AA0000900010044C001009C0000000900000022
:107AB000A80000010000150001000100B40000034F
:107AC00004000500040000000000000080FF00002A
:107AD000C8000003000001000000010100000103D4
:107AE000031A010080010001020000000000008074
:107AF000CC010000000000586401000105460000B0
:107B0000021D0200D800000001000001F00000008A
:107B100000010000640100014357FFFFCE8F020007
:107B200064010001C79EFFFF36920200640100015C
:107B300097DE0000FC13020064010001156E0000D6
:107B4000A198020064010001161F0000D322030067
:107B50006401000103E1000075CA03006401000133
:107B6000DE2AFFFF38FD0200640100015CDFFFFF39
:107B7000A0CD040064010001B32EFFFF141F02001A
:107B800064010001B062FFFFF34C020064010001D8
:107B9000FCB80000F9F2020064010001DDEAFFFF19
:107BA00037E40100640100012C23FFFFBCAD01009C
:107BB00064010001BCEC0000650F020064010001DB
:107BC000A24B00004ECC0100640100011F45FFFFE5
:107BD0001965030064010001215E0000CBF801007B
:107BE000640100019AE5FEFF2F29020064010001F3
:107BF00016780000C0D9020064010001347CFFFF48
:107C0000AF0D02006401000118DCFFFF839B01003F
:107C100064010001F02401003AEF01006401000159
:107C20004696000020D2020064010001B411010058
:107C3000E8440200640100018B030000F5B002007B
:107C4000640100015910FFFF0AF001006401000106
:107C500067C3FFFFB936030064010001C2D800000A
:107C600037C1010064010001B1CFFFFF8A7D02002E
:107C700064010001E47CFFFF8F4002006401000109
:107C80007330000076670300800000050F000100DC
:107C90001813002010000318100000000F0001004E
:107CA00064C101009C0000000F000000B000000053
:107CB000F8060020CC000000000001016401000172
:107CC0002711FFFF49850200D800000001000001D4
:107CD000F00000000001000064010001F394FFFFC8
:107CE000808002006401000139520000D2260500A4
:107CF00064010001246500000AB002006401000173
:107D00009E340000080B030064010001A7F8FFFF88
:107D10006BFC010064010001E2B3FFFFA4C003009B
:107D2000640100014F460000550703006401000193
:107D30006E6F00008A5C02006401000132FFFEFFEA
:107D4000B204020064010001A42F0000534E03009E
:107D5000640100016A1A00009F47020064010001EB
:107D6000CA00FFFF4A94020064010001BB590000F1
:107D70004531020064010001286F0000A164020087
:107D8000640100018C260000837703006401000178
:107D9000DF570000612D020064010001F8A2FFFF1F
:107DA00084D3010064010001B3C5FDFF03DD0100C0
:107DB000640100010ACFFFFF44D501006401000106
:107DC000E5BDFEFF5FC1020064010001D0F1FEFFCE
:107DD000C4D2010064010001F70D0100E6DA0200DF
:107DE000640100014BAB0000C423020064010001E8
:107DF0005E5B0000F7C20100640100015F8CFEFFC2
:107E0000BA6D01006401000141660000CB830200ED
:107E100064010001CB79010081EC010064010001E3
:107E2000F3AAFEFFB6F70100640100015F21000024
:107E300078C6020064010001B5700000C5FD0300B2
:107E400064010001330AFFFF5FF2010080000006B9
:107E50000100010078060020040033000400000047
:107E6000000000000000000020000300A800000641
:107E700000000500040001001811002004000300A8
:107E8000040000000300000000000000C80000041F
:107E900000000000000000000000000003000000DF
:107EA00000000000F000000000010000840000005D
:107EB000F8060020B000000098110020F00000003B
:107EC00000010000800000070001010018110020DF
:107ED00000048301000000000400010014F301000D
:107EE0000100330004000000A80000050000150098
:107EF0004000010078060020400003004000000020
:107F000000000000CC00000000000401D8000000C8
:107F100001000000F00000000001000080000007E8
:107F200040000100780600204000330000000400FB
:107F30004000010044C30100400033004000000045
:107F4000A80000040000050001000100B8060020A0
:107F50000400030004000000C8000003000001004A
:107F6000000001010000010303170100800100016E
:107F70000300000000000000CC010000000000C071
:107F80006401000159F1FFFF9CAF0000D800000020
:107F900005000001F0000000000100006401000184
:107FA000743200002AE7000064010001CE260000C0
:107FB000ABCA000064010001393D000043C200006B
:107FC000640100018CF2FFFFEFCB000064010001AF
:107FD000671C000036C1000064010001A7CAFFFF52
:107FE000CEDF0000640100013FF4FFFF7C91000040
:107FF000640100016EFFFFFF86BD00006401000107
:10800000FE1C0000AC070100640100012F1C0000F1
:1080100032E90000640100011F07000086D400005F
:10802000640100018CE3FFFF59A40000640100011A
:108030003D220000D9D4000064010001522C000050
:108040005DAC000064010001CCE8FFFF9E07010069
:1080500064010001A0BCFFFF7B9C000064010001E3
:10806000A3F1FFFF04A10000640100015F2F0000E5
:10807000D5A8000064010001D705000069A6000032
:1080800064010001120F0000CA0501006401000133
:1080900054000000F5CB0000640100017F090000DE
:1080A0006D8F0000640100010FD7FFFFBCAC000022
:1080B00064010001AF0C0000CBBE000064010001B0
:1080C000F501000055950000640100014C1E000000
:1080D0002A890000640100018F240000A4AF000081
:1080E000640100014FE2FFFFC3B60000640100011C
:1080F000C6A7FFFF4EEA000064010001BEF2FFFFC9
:1081000075EA0000640100012AD4FFFF88D900004D
:10811000640100019EE4FFFF110E010064010001F3
:108120003C9FFFFFA47E0000640100018701000066
:1081300007B30000640100011A2B00000E9100003B
:108140006401000156F5FFFF129700006401000171
:10815000941C0000C59C0000640100015B1F00002E
:10816000E1960000640100015BE5FFFFF7D8000025
:1081700064010001910B00008F9000006401000178
:10818000561B0000DAB80000640100019D2A0000BF
:10819000FF99000064010001EB2B0000D7E700000D
:1081A000640100014CF5FFFFFEBA0000640100010C
:1081B000C3CBFFFFC8C5000064010001B9D0FFFFB9
:1081C000DBBE000064010001030300009EBC000050
:1081D00064010001AC11000047FE000064010001D1
:1081E0002A320000C9BD0000640100010918000026
:1081F000C3F40000640100016932000022CC0000D9
:108200006401000143EFFFFF30F100006401000151
:108210004CC4FFFFBDC9000064010001F3ECFFFF87
:1082200099AD000064010001451F000022B8000064
:1082300064010001550200007DAC000064010001F2
:10824000F2E1FFFF30A30000640100012569000096
:1082500047B1000064010001E9D3FFFFD0AC00008A
:1082600064010001A2FBFFFF94CB00006401000148
:10827000F300000005BE000064010001DE080000FC
:1082800010C600006401000105080000CFB0000026
:108290008000000616000100FC33002018003300A7
:1082A0001800000000000000000000004000030073
:1082B000AC00000418000100181100201C0003008D
:1082C0001C00000000020000C800000400000000C4
:1082D000000000000000000003000000000000009B
:1082E000F000000000010000800000030100010018
:1082F000B80600200400330004000000AC000001B8
:108300000400010030110020BC0000000300000048
:10831000F0000000000100008000000717000100CD
:108320001A1100201C00F30F1C00000017000100B0
:1083300044D301004000330017000000A8000006ED
:10834000000015000100010078060020040005006F
:10835000040000000000000080FF0000C8000003CF
:10836000000001000000010100000103031E0100E4
:10837000800100010200000000000080CC0100002C
:10838000000000406401000134E2FEFF04192800EF
:10839000D800000001000001F00000000001000012
:1083A00064010001D9B2FFFFDCEF3100640100017C
:1083B0004C47FFFF84212F00640100015D38FFFF5F
:1083C0005804280064010001DEEEFFFF3C0B27008B
:1083D0006401000196AD0000EAD91E0064010001AD
:1083E000F84D0000A251240064010001C63E0100C6
:1083F00022782300640100012925FFFFD48D140099
:108400006401000176700200504B18006401000105
:10841000F3530100A1C91B006401000101A0FFFF8B
:1084200089DA140064010001F66C0100646821001F
:10843000640100015E92010058831A00640100018A
:10844000F3C80000573D1800640100015ACF000036
:10845000D1D63E0064010001B9F6FEFF99C12600A5
:108460006401000119D001005FBF18006401000120
:108470005960FFFF10FE1600640100019316000012
:1084800093F3130064010001E9E5FFFF28431F0097
:1084900064010001BD4700004C591C00640100014B
:1084A0004CB1FEFF610A1C006401000177E4FFFF8C
:1084B0008A15240064010001B2C30000FA3E2600C0
:1084C0006401000101FEFDFF9F4A1A0064010001E2
:1084D000EB5B01000494130064010001F10800004B
:1084E00004FC1E006401000182D1FEFF72262700F9
:1084F00064010001210BFFFFAEC7230064010001EE
:108500003E820200D66A180064010001FB9EFFFF54
:1085100094E52D0064010001EEE5FFFF1CBA120096
:10852000640100010906FFFF9CB61C006401000104
:1085300094F6FFFFAE2A1700640100011AADFFFF99
:108540004B43170064010001BA6F000088081C004B
:10855000640100013BC5FEFF2E8B18006401000181
:10856000E0DC0000848F1900640100013942FFFF44
:108570000C9E350064010001D13F0100EC82160021
:1085800064010001B1F4FDFFFBE61300640100018A
:10859000181EFFFF9C1B2B0064010001F1CB0000A3
:1085A000B05A1E00640100011547FFFF9430180007
:1085B00064010001DE960000AD661B00640100014D
:1085C000CFE5FFFF139F2C0064010001D92A0000B2
:1085D0006112220064010001BBA6FFFF2E323700AA
:1085E00064010001A937FFFF102D24006401000180
:1085F0005351FFFF6E80320064010001B59DFFFF03
:1086000097461A006401000111050000D6262700D4
:10861000640100012E5500001FE2290064010001E1
:108620002ED5FEFFAFBD1A0064010001E525000054
:10863000F7122200640100019698FFFFCA6D340012
:1086400064010001C12CFFFFFD3F24006401000113
:108650000B830000C445410064010001A29AFFFFA2
:10866000E20B16006401000183D0000014F1200029
:10867000640100017FD7FFFF72093200640100012D
:1086800054ACFFFF72B01D0064010001A3C4FFFFE2
:10869000CC9D190080000007000101007806002031
:1086A00000048301000000000400010014F3010035
:1086B0000100330004000000AC0000034000010092
:1086C000780700204000030040000000C0000000C8
:1086D00000000000C80000030000000000000401CA
:1086E0000000000003000000D800000001000000AE
:1086F000F0000000000100008000000740000100C1
:108700007807002040003300000004004000010012
:1087100004D901004000330040000000A80000041C
:10872000000005000100010078060020040003009D
:1087300004000000C8000003000001000000010167
:108740000000010303170100800100010300000085
:1087500000000000CC010000000000C06401000126
:108760000BE3FFFF6BFB0000D800000005000001D9
:10877000F000000000010000640100015BBAFFFF8F
:1087800033E800006401000120A4FFFFE8F20000CC
:108790006401000156F7FFFF41E800006401000199
:1087A000B20100009904010064010001210B0000E6
:1087B000D5F800006401000164E2FFFF6EF70000DD
:1087C000640100019FC5FFFF3FD10000640100016B
:1087D000DBD6FFFF782C010064010001332B000081
:1087E000FB7501006401000138BAFFFF18C30000E7
:1087F00064010001BC1000004BFE00006401000198
:10880000C1D7FFFF9D2901006401000151EEFFFF68
:1088100037F700006401000102EAFFFF075F010073
:10882000640100019FC9FFFFE7FE00006401000131
:1088300086B3FFFF0B0B01006401000129CDFFFF90
:10884000F1B9000064010001F9C2FFFF71EF0000FF
:108850006401000120CBFFFF380301006401000127
:10886000A2ADFFFFDBFD000064010001A20B0000D0
:1088700080E80000640100016FA3FFFF2CE5000009
:108880006401000121FEFFFF9C0001006401000162
:108890000494FFFF52F000006401000165EDFFFF4A
:1088A000F5EB000064010001B0B7FFFF95F3000095
:1088B0006401000132160000F5E2000064010001CD
:1088C0004FD0FFFF233B010064010001F1CAFFFF0D
:1088D00033EF0000640100016EA2FFFF740F01007E
:1088E00064010001BBC2FFFF81F7000064010001C9
:1088F00048080000AB020100640100016419000097
:108900009B40010064010001D80000004D5F0100A0
:108910006401000165B9FFFFA75401006401000173
:1089200011C8FFFF55D9000064010001ECA4FFFF4E
:1089300006DD0000640100012AF5FFFF35FE00009E
:1089400064010001302D000005DD0000640100011C
:10895000E9FCFFFF003101006401000146D8FFFF80
:108960004C3A010064010001BA97FFFFCBC600003A
:108970006401000176D3FFFF25420100640100017C
:10898000A6400000AAFE0000640100013EB2FFFF05
:10899000D2EA0000640100018ED4FFFFC57201001D
:1089A000640100012DB8FFFF1EE100006401000119
:1089B000E7110000264C010064010001A12B00001A
:1089C00039D6000064010001BCB3FFFFD8E6000007
:1089D0006401000142DEFFFF3D1A01006401000155
:1089E000FAB4FFFF411A0100640100012699FFFF5C
:1089F000DA2A01006401000129ABFFFFEB4201000C
:108A00006401000100FBFFFFBCFA000064010001EB
:108A100090F3FFFF1D120100640100019CD0FFFFD5
:108A200010C4000064010001D29DFFFFC7ED0000EB
:108A3000640100014BE4FFFFA8E0000064010001B5
:108A400094D8FFFF51010100640100010BBBFFFF3F
:108A50000414010064010001FAAFFFFF9EF700005B
:108A600064010001943D00004BBF0000800000063F
:108A700010000100FC2F0020100033001000000047
:108A8000000000000000000040000300AC000003F4
:108A9000100001001818002014000300140000004A
:108AA000C8000004000000000000000000000000FA
:108AB0000300000000000000F000000000010000C2
:108AC000800000030100010078060020040033004C
:108AD00004000000AC000001040001002818002080
:108AE000BC00000003000000F000000000010000D6
:108AF00080000006FF03010018180020FF03330068
:108B000000000000FF03010004E901000100330040
:108B1000A00000050100010004EE010004000500B2
:108B2000010001007806002002000500BC000000E2
:108B300000000000D4000001050000000502000054
:108B4000800100010200000000000080A801000078
:108B500077370000CC01000000000000F0000000AA
:108B60000001000080000001FE000100171C002031
:108B700090000001FE00010003ED0100A4000000D0
:108B800078060020B00000017C06002002000400EE
:108B9000D000000100000103040F0100F0000000FC
:108BA000000100000900FF2F010000001F23010049
:108BB000060000007C06002078060020000000402F
:108BC0000100010001001680010000002500FF1FC8
:108BD0008000000F1000010019180020140033005D
:108BE000140000000400010014F3010040003300F1
:108BF0000000000000000000000000000000050070
:108C000010000100FC2F00201000030010000000E5
:108C100003000000C8000004000000000000010183
:108C2000000000000300000001000000F000000050
:108C30000001000080000003160001001B1100204D
:108C40001C0033001C000000AC00000316000100F3
:108C5000FC3300201800030018000000F0000000A2
:108C60000001000016FD12FCEBF7F6D308FDFD0E27
:108C7000F3F3F6160AEEE2FA401E0FD2E7DEC1B5B4
:108C8000D4CBD3C5D3F702E8F90E1919320E0DF87B
:108C9000FA5B37340202321EFD01D6EBA99EC4D422
:108CA000F2D0B5C9D41BF7020A1A1708F803FFFC63
:108CB000E6040C080BEB091C19DEF7F1070AE4C9FE
:108CC000BCE5FBDFFC0B070D06101C16142021F180
:108CD000E4F7FE00F72339DAC9F13531FD04120F4C
:108CE0001A050EEBF7EDF3E4F0FF06212706F9F382
:108CF000FFEFBDABBB240705180EFBEDF5202D2DB6
:108D0000120CF4F31008E1E6FE3813C5D7E3371769
:108D1000D4E2014209B4AEEE27F587D4FC28ED81F8
:108D2000BCD524F890F519511DB1D2AECC0D4B49EC
:108D300041F702E6DDFEE6E50EF60BF707C8B5BC27
:108D4000C80008D8071E24D0EB02E2E417FCF3E2C7
:108D5000F3E8041DF7DFE91054060DDBFBF52715DA
:108D6000EECE01250106E8F2F2D4EAF1C9FB10FBD0
:108D7000F5CAF813EA3CEAB4BCC2D2CCF4E2E31779
:108D80001409FF15CFD7FF02F4331CF2E8F52829A8
:108D90001E00D9E31BF822E3DBE6DEFFD8EE140D5C
:108DA000F4F1E4EDC2E8F82020E80D0EC2EEE60A88
:108DB00028FEF3D72829380DE4210207FCC8031D3B
:108DC000DC0EE3FD392207D70F0C05DD203628E83D
:108DD000B12A4B10E2C8FB3F580CF0F61315E3A77D
:108DE0000D0AF4B49DDD01DD8981401621A58600C0
:108DF000F5E89DB82845653EF9E90D240102D0202B
:108E00003E2512EF1A0A072FC8FD142718F7FC3861
:108E10002014DE1C493422E14A53561D11273C27F9
:108E2000E0283156FDF23B4A523728F92A72676F23
:108E3000C31244202AEC45231F0019122920FBEFFE
:108E4000F12E2AFBF9304241FA002543332F1A252F
:108E50000C3CDC31361419140C0EF5FBDCF923251F
:108E600013F20D35F6EAEBD6D2DDF5F9F31601FE75
:108E7000E2F8F20A11DBCFF4F8DBAFF513240EE8C9
:108E8000001109F0BECAC0FAED03D5D9F6D0C9A8C1
:108E9000D72E18FFD1030BF2BDF0FEF3D5C8EAFCC4
:108EA0001F01A40E332905D30F4827DC81170F1E9D
:108EB00017CE2A0B25ECA20C4F5206D02E6933395F
:108EC000F8242E2ADA9F26F1F4DCF37F533456027D
:108ED00000D7BBFAFB1312FB08F80E020DD00106F7
:108EE000F50CF0F50610DD17C10B0918D5FC12FBC7
:108EF000EBD7D717061DBAD229F7D2DBB9406021CC
:108F0000E9E340412FF10F27404B3E403655002208
:108F10001F37354329381830ED1C2322331B1C34EE
:108F2000110DFAF708E30A0CE2F9F502D6E9C5DFFC
:108F3000C4CFD5EEFEF5EBE5D0190B1C1FCC9ABAC9
:108F4000D6AD8BDCEDEB050CE2A6CAB3CB0EC11897
:108F5000FDEADBC29DB0AEF3D2FBCAD3F6C3E8D2C2
:108F6000CCB0E7ACA386F9F1C4CDD34E2E261DE0DC
:108F70000FFC0CDED918140E1012071A1902012169
:108F800002113633F4FB1529E5EEF2215011F4E01D
:108F900023391831E351592436084B6A3F220E39E0
:108FA0003924F4E110485B1EED23202BE5D0EC3191
:108FB00016ECD7160D2BDFDFF4F518FEB2F803FF21
:108FC0003BE00C17FEFCFF0EF4E6FD0C041B0A0F41
:108FD000041F2F0C01D9080C06C3B9E82A24C8D0F5
:108FE000EAFC0EF3FEFE1A3819FF18082D9FC3D8AD
:108FF0002364EFCD181D0638100D09F73330577F65
:109000005903F60CF1370B0B444645152041180D5A
:1090100028FD17E013001442383C0E2623160C0CD2
:109020000B04201CF3FB2A2BFCF1B5BA2533422A92
:10903000392508C8CDCCF9E9D9ED0507F1ECC7ED24
:109040003909E6C6FA1F0606C6F038FFF3B0B3E5E5
:1090500000585657335704F5BAFB22373F5E2C0DA4
:10906000D0D7F402391F03273D3EE594B194B03BBD
:10907000F252124AD899A9D9E9180EEFEDB8EFD0FB
:10908000DA13D225EA773100078EC2EEE255C62800
:10909000C647B1BDD4A981210729A9B8ECF7BBA661
:1090A000E622F7102FC9DEF61DC0960B2FBFC0A514
:1090B00029E80DEA02F7E5ECEEE32A1E1DECF41BAD
:1090C000371B472FF706FF0CEA452E2F353FE90BDC
:1090D000EE31F2160B19230FC0C507F8E752344FD3
:1090E0001F09E8F5F0C7F8F9381A0D46EC0D1C0415
:1090F000333535382F2CB6C2D3BEB21A232D020613
:10910000BCB2C18EAB2E2479290897ECC3C3CF2300
:1091100025FB42FD1C05100F19BDCE819EAF102E00
:109120004A3B49BDCFC3DBF21B11180428E2E70715
:1091300002231304283054BBBBB8C8EF3246621C6C
:1091400017D2CAF6E3161F2F5E4F4DF90AF4F3F655
:109150005C5D7B462A14FDFBE9092A1653323CFA72
:10916000FCF0E1FF1C2A4011FFAAB8C4E7F1050991
:109170002F2DFEF9C7C0D0D10CF91DFDFAB4ACC734
:10918000D7EF1CF1381335D0F9F0E7E7233E381F4D
:10919000FAE0E5F4EE19F816280D2AFD0DD509F0D0
:1091A000EDFD23190FCFE4E5081208051B161A0080
:1091B000F1FCFDF3E8040C3B24D4FD0E2416190643
:1091C000200638B3B8CBDDF80F020B1704AEBDD1C3
:1091D000BFDBFD1FF928FBBFF5D7D9DFCDBDBFB180
:1091E000D1D2B987A7A5DEB69CB5C4D5DB81AAB01C
:1091F0001700F90102280A0CFEFA26445F463331B3
:1092000020212C1619081820250F100FFAFC290F01
:109210001B080BF00200DEEE342A18EAEE0C040FF5
:10922000F4FC3A223A1B1703FA1618013E2C25FDCE
:10923000FCF9F7F0E9CF373B231104E20FEF080701
:109240001F1530120F07F3F0FDFB290A0F07FAFC78
:10925000F4F1F5FDF50C141B07D0EDDBF6F7F0107B
:1092600018201CE9E0F4EE1501FFE2FCF5D2D8E786
:10927000F21402F0FAE70300CFDDE10A1912FAF363
:1092800007D4D9EE0D12110FF81F20D3E6FD03E924
:10929000FC14FF1B12E9F9081E1D181F120D1926D8
:1092A00025322629DF040EF90D05121F1FFA311889
:1092B000181B061C12100BE44D513B0EE03113E657
:1092C000C3BB4A1206E8FD2012F3ECD50FECE3DC39
:1092D000C6290721FCC70F13EADFD8112010FE07AB
:1092E0000F0BF5F1D52D1AF8C2C7312C17D1A71BDA
:1092F000D3A3B99624E5D9A7BC0C0BFAD6C804FDB4
:10930000ECD4D1F9EEBD8A8128EAD19AA3001FEEF0
:10931000CBC8240EF2C7D4FF0EF3DCD21BEFF4D976
:10932000CB16210C10D0FE09ECFF17FFD4DEE9E9C3
:10933000FC1404FEF117081313EF0F151A0D06F0B5
:10934000FD03FEF308130D0EDFFDE7C8DCD210F2BB
:10935000EDE0EFF8161EE3C502FB0C24DE19F62043
:10936000E9DFEBFD16E5F3E5EF1016F8ADB9B4F85B
:109370002633C42B082FF1CC0509F5238946ED547B
:10938000000CD9A6815122D814FEE0879ACFCEF9DD
:1093900006B02A043FE718EFD906F629EAD814E404
:1093A000E6FED8C3AAA3010B0212E50BD948291A7D
:1093B0001B23D281DAA9BA4DB5ADD9F851EE20B34D
:1093C000CF2201D901034A3C26E72901CDAAB8D909
:1093D000E4F306FFC3BFEC89FF9B221133E00AF7D9
:1093E000D6C4BADFD71005F8B103CCD9181F0715BA
:1093F000EDDDB928030DEBE113492060FCC818012D
:10940000161C4409F010E83054F71DE20304F4E59B
:10941000C41DED1DD80A1ED01710FB541A27350B9A
:10942000460D32352F4D68542B482813012B30122E
:109430000D312BC0E6EFE6FD0705BEC0B3EA0CCE4A
:1094400097C4ACAFB2B8D9D524FEDFEF0FA58EB864
:109450001519F6BF0211331BE4F3F92432DE8CC177
:1094600004C79DB7FA29D9C8ABB9BFD2CDC4DDF6C0
:10947000F3DDB1A8EBB09A0B3E150AD20DE1F91558
:10948000EF083226E5D0E3F100F5BB1D254FE8E0FB
:10949000EBFFCF00DDFE24ECE0DCE4EAFAFEE805B9
:1094A000103AD2D6D40B00BBBAFE0326E7C8041F7D
:1094B00038CF142A3357F2E8E8F30AFBE61D212FD0
:1094C000C4E8EDEB0FCBE6072E609F080BF904FC18
:1094D000F1394C2C81C3DDFCF1FA2149501803EF1E
:1094E00024FE2C3C45577A3CF0F6E6FD2207394A2B
:1094F0002E2DDADCEFFBF93E4B4D51232DF1260DDD
:10950000EBF2DEE3F7EDF401C7D3CFD3FED71FEACA
:109510008A99AFADB59AAECCB0AA828D81B59BC405
:10952000CCB4A4A0F8D1BBB6CE12F5F70F02E6D5A5
:10953000ED19EECFE2021F17E3E9F80A2622290F00
:1095400015ED01FE2F2E0227422030373F255C3DCE
:10955000272A443730141E0D592F350935262D2B57
:1095600026201038224B1F592F3657524C323808BC
:10957000EFFC0A191E2B2D310A26331CD8B60B35E9
:1095800015170A24EBFDCDE300E1DCD82100C0B9BA
:10959000B20EF3F8CB120AFCE7E6D0EF3015DABED4
:1095A000B425D7BDCFD7F3BAD0D3D00B2A2D1DF712
:1095B000E80A0F0BD819E40C0B28F6E5FBEBEB409F
:1095C0000306290BF6061F102CDA1737432FDD1A76
:1095D000F8140C1703251418C3FCFEE6DB1723153B
:1095E00011E7EE1DEBEFCC453E321F3C0A1D0B0D83
:1095F000F13D243B22E307FEFAEFD7243A2302177A
:1096000000070808F84157313DFE12111FF7DC3002
:109610004F50322CC8DCE2B2E9BAD1DFC7EC8ADFA6
:109620009381B39ECFBDE9F6B2CCA1DE99F70EEFE0
:10963000D4DE03F9EBEEDEEE2CF8E1D7FC0415F7EF
:10964000D43710F6E1FF274C17083224636D4840E9
:10965000EF0715EFE827FCFFC9E4BADEC9FEE517FE
:109660003119250B4A48200827CDEAF607DBB1BBA4
:10967000BDA2BEEAE0EA08F8A1E6A3C49017392823
:109680000733E1E9CC07FA06DDDFEBF02733342FAF
:109690003319FD0633089F81AF99B8D6D5CCE3E5E1
:1096A0002E441334290E0F2C1634DB03D8E9EDFBBE
:1096B00013D902E7262831F914CCC8BEA2C1C5FBD4
:1096C000CDDBD3E1DCD2D4E5EADFB3ACCE16FBFAD6
:1096D000F7F4E2D5DAE2FBF1D1DDDDCF1E211D1872
:1096E0001A2627461A3C15231D1E223E4D632B4C7D
:1096F000F9FB21092B463213380AEF11190615021E
:109700001111F42E03EBDFFA0DEA1017153D05F3E6
:1097100006DF17070717F51CEDE3F7083112172BC3
:10972000051DB0CA01EFE626210F0AF11AE901FD75
:10973000D4D3D1F59ADDDFF312EDE60B09F809ED8C
:10974000D4CFB29199CC05F6E6ECF3E3D7E0DAB5E5
:10975000C9A6D2BFFAF4FAE8E4F8EAE9041CEFE596
:10976000F6F0D9E9EEDAEEF5D4DAE5FAFC241C1FBE
:10977000201A0F222512F80701EFFFE5F314FE0C63
:10978000F300FC0FF9F905FF2623151CFB170BE569
:10979000192B2815201416EDF5DB12032108ECF027
:1097A000FEFBFDE7090BFF08DB1D121203002B2354
:1097B000210F04F4F6FE0DF1230F19020321061503
:1097C000D3EA0816D6EDDD24F7D9B3D905EBADB34E
:1097D000CE251BFBD9DD0FFEB8ABC713EEB68598BF
:1097E0001FEED3CCEC290FDDBF0C23DEBBACFB504E
:1097F00039FBEFFF0AEAC39ED05320D9ABCB3F29F8
:1098000004D1E35634D4BEEC1DE3B59E0A28E981A9
:10981000AB2A28FFAECA125126C392D2ED363F2B97
:10982000F9ED364AF6131B1DEF221949E51D082FE5
:109830000DD5C2D7F636F31CE319F103E5EA09EEBC
:10984000C3CD11EFAFD9C9BD0703D3E81A2BFAFD79
:10985000ACBAC42810FCDF99D704ECDCD9AFE6FD24
:10986000DCCFD8FFF02410F9DAEAF4CFE7FAB3E15D
:10987000C8E8D1DEC0E9EBEDEB0C0DC5B0C2BED936
:1098800012003219FD08EA3A2B291C1A0FFC0503B5
:1098900028001C1734074E39060B1128F4EE4E44ED
:1098A0002527612B20641817385E6C7F6A1A2236D0
:1098B000413B11131F1708F9F007F8DDF5052B01DF
:1098C000F9D1E406EAEE452D37072F1D0E0B220CC9
:1098D00013122C3C0D0CF3180FDE152EFE1915CBB0
:1098E000FCFAE2C33534221B1B070612FB0600FDFF
:1098F0002304FFE4E5C4E01BBEACD0FD19C0C3DB0C
:10990000CDD707303AFBE446513E2CFB3D3C2D0DB4
:1099100011D2C8BAC117CE91C2D417818CC1F82B0D
:10992000D6E0E7232F291A311FE8052D2E0F07F95E
:10993000E3FBD7E0E4CFB4DEF7E9E8C9E6EFF009EE
:109940000118212A343810F6182317190EF1EFE602
:10995000ECFE0BFEE59FA7180F0AD1B7F7FFE0E773
:10996000F400FE04FCE10F161C1DF1131C120BDCAD
:1099700029031FFC0F11E1FAEBFB26DA00FC0D02B4
:10998000FEFCF3FCF6F6E1F21EFEF4F0EBD6301628
:1099900011010BDBE8C5D8D0D5E2F42A48E5BEE7D3
:1099A00010FD08F8280A0AF2E10D1D0D19146B7F4D
:1099B0006B294039451F3D381D1D3C5D294B251342
:1099C0002202F5F6F0CFD70F0221C6C8DD12F9F654
:1099D000D5F2FBF8EFF5CAE6EDFCCED8D0F4F8F9F5
:1099E000F3C7E21B0C0B2F39FE0012EBF7FEF9EC6C
:1099F000E501CFE4F1E3EE06F7F3F3301AE5E0DD3D
:109A0000FB27E405F8E2331517DEF419E5FB00FD4A
:109A100017DB03F600F4D9F524F5E9F8F6E51A03A7
:109A2000D0D8DBFB382109F10106F201FBF23B241F
:109A3000131F1A32FDE9DCF01BEBF5FD05FF05DD18
:109A4000DAF32E352A21261CF3F3ECF521192D1912
:109A50001CF11037211827F614090FF3E8EDFC0F5D
:109A60001A1021362C09F8FFF30A60175123174EFC
:109A70002C3F572E3A59661707E1E2F4F2E90D2A16
:109A800030493DAAD91D2DF91D375131420BFF0434
:109A9000290E000F134749BED2DB052ED1EBF3345C
:109AA0000FD4F5FD341EEBD23E4B55F6EA02F32FF0
:109AB000AFC4F80A29ADD0BEDB1BAFE2F4141BF330
:109AC000C6ECFBEAE0B7D0CFDBBFEEF73217C2F748
:109AD000F11255E5C6D6CE10D99CD9E429E6CFC2FD
:109AE000DB33BBB0B7F61915E8E2D7E81900D1842B
:109AF000895D6B0481902502E49B8A1D21FEFFD8BD
:109B0000F0FC28100823403027DB03260306FA0D5B
:109B1000250601F11F204C20053E2E2F2A31281A40
:109B20002149230D280CEFC74D4D0FEFF620F9D03A
:109B3000BCB00BFFE104F6EE2BECAFB5FB1A10FC4A
:109B40003B0B02150416261E2701EE5E4D32F181F5
:109B50006B2F11F29D1E41642C0AD4E83E435CD960
:109B6000E96854371D0824D8FA5537CF91966D5AB5
:109B70004206DE4E203D3DFD2230EEE0C626044189
:109B800008E806E2011223C7C60DDE50FF0612C721
:109B9000BCE91E232722E0EC433F12113F6B320544
:109BA0002200FDBCC315F82AE2E10C301629F4FAB4
:109BB000FF0E3F10C7CB40336DB8CC060A18B0D8A3
:109BC000EAABF1F0C2F9E90E95CCE2ECDBABEA03CB
:109BD0000C35BFD51D2C5D03DF153F1EFC052F1670
:109BE00026DF0F42F222C0FB280241E9EDF017FC0C
:109BF000D6EDFDED06D5FEE7100F00E409C2F79D96
:109C0000E5180B79F7E8CCB3F0EBE01EC81908F7BC
:109C1000F0E11BDF3622214FD8B2ADCAEE1A0A316D
:109C20001708F5CBEBE311290140E30B16DCD4F266
:109C3000F61AE62E39ECF5EAC1F1CAF7EF15F2F1A2
:109C4000F7D20208E6E11415DFC42405111525FF3B
:109C5000225F44F01DB5D40BF140FE4D1FF1DEB67E
:109C6000DCEAEE330E4D1F140B8199DDDDF801099E
:109C7000DFE8FCFE0CF9ECEBEB11F30CC1E2F8C8E9
:109C8000E81B2D5A122ECED4D522CAE906120FFF98
:109C9000F8B6F6F004F7CBF82428D2F4F3121FBA82
:109CA000F81A2914AFD0F2F113C10BF6102A1B0FCA
:109CB0001212F314357F4655B3A6C6B5B917175A15
:109CC0007336DCC0BB0111EFDF0A1026FA32FD1338
:109CD000C413484FF1EE0D33360AE5107F531EFBD7
:109CE000506240281720424D130FBCF539E8BDD112
:109CF000F317CEB9091E47F7F1F927341141282986
:109D0000524221F51120F70757645D43D0253B4CA3
:109D10002D10D90B010F0BF8E10DE2FB07444E1794
:109D2000DDD12F5C20F2F0081AF7C1FF244A2A0E79
:109D3000083A0507D6E62D4825E405234120E9E643
:109D40001D5838FDE2DB13E6D42E4015B39D4320A9
:109D50003CBBB4F73E36BBC6140A2AFDE50014FC32
:109D6000CCC41629E9B6CDD52438421B2D111EE6E8
:109D7000E1F91D4D3930D60B5D1D0421575A01CB39
:109D800030303CDEC11F4B3E10DED40118F019F11B
:109D90001A6D353663737F4859DAF3F8F30F080705
:109DA0001B243CD3D6E707FEFB02153416C3DDC2E5
:109DB000E0F614171D19FF05FE01EBD7F20D3A2A44
:109DC00029F8DF100811F2F2080F10141111D71240
:109DD00021F6140E06F4C8BBD7CE0FFE1A0A3DD9E1
:109DE000D8EE0A1A233F4A2B2400DEF515F812118B
:109DF0001D18220900EDF816F0F507203A2D1E1166
:109E0000210F270C40282805F8F411101515FAF138
:109E1000E62A34E8F8E71D32F5FDEE0902CAE3BE92
:109E20002A1D07F10D1618F4EEC0FA061E0AFFEE01
:109E3000FCDCDDCBD4EFE508F608FFDEC1E05B43D8
:109E40004C190BE7EFCBDBCD242B211433E1D3EA04
:109E5000D3E51D3E3B1834E2DAE3F8E777743015BA
:109E6000455022B5EBF45631230A25E8CCD3CEF584
:109E70005854F208F230F9F8D8D44F3611003A208D
:109E80000402F7F5181EF2D9F24F32E1EEED181781
:109E9000D908213C5403261B1F0AF8D8BDF805F940
:109EA000DBFC0DFD02E70712F91601FF5E4B2E10D9
:109EB000EC14EB28EABD2F08D3060E5BF6D7C83C9E
:109EC0002610D4BAC20611EE0005211B1236DCE8BA
:109ED000E9BDCBD0330D02D81F37E4E3DC0F5B2B99
:109EE00008A9FD352FCEBC01640CC3EE2A4A2C16FE
:109EF000FB1E430CD4E025132F0C220238382439E2
:109F00002A2C393B2E2F564025102A280AA081D111
:109F10006D7828DFBDDDEDB984B6371FEFA3A5044A
:109F200001FDBCAA1B0203F0DAE701F3FB0EED030F
:109F3000FDFC01E9FB1613F0CFCDF70F06F5FBE8AA
:109F4000E7EAE2E6FF0114EC0417ED03011D331606
:109F50002811FB1B050501FEF81817280AD3BFD5E9
:109F60003E1EF6EAEEF4DAE2DAFCF0C7C0ECDD09F8
:109F7000FEF5E9EE0905233D22D6DB010E06DDC81C
:109F8000DF030F01F6EEE7EA182028FFF2CBF4EB2F
:109F9000DEF7F90AF716FF00E7E8B7C4F81333272E
:109FA000FFE1183A4A240019384114D6FEFDE4A80E
:109FB000EC0B08FBCE0C3D49E6D0E10322E9A8D228
:109FC0000C1A09DEF32725CAB5D62038F181D10253
:109FD00017E79AE32132E993F9111ED5A6FF22284B
:109FE000EFC707324503E3FF1A3715F1EE020A18EF
:109FF0002A1AFCB7BAF82E03EDE534EE222B315FB6
:10A00000EC161E4B2C6412DDBBC84DE6CECCABF972
:10A01000BDBBA4EAD7DB16F121D845346952F3DD84
:10A02000DE0FFD7F1FCD8AAA080FA4A7972C3FF44F
:10A0300099AA3730FCEC99392C15E5ED483B13E330
:10A04000C50B0E0614FE1718F4B08F451DDE8A9559
:10A0500015DCB4A2D9F100DEF6F7FCF02E334B1577
:10A060001AF7E3F9211A16B3FA3042E2DEF31B11B4
:10A07000EBB208E4F5261B54E3D9B1CC0721EF99E4
:10A08000B51FEACFB0C9130102F5FC1EE1DFF308EA
:10A0900036151DF920054D1FF8E5E306280DD4E916
:10A0A0001A0CD201F822F9CFCDE0EAFDD3DE013758
:10A0B0004DBDBE22DCE8ED231ED6132F5C0A0E0137
:10A0C000F8ECC37FEA16F715EEEBBAF8C9F418FE00
:10A0D000543DCB18E4D6AEC2F814244DC8F8E0A71E
:10A0E000C0B375021C64E320ACDDAD4C141B13053A
:10A0F000B60FD408EC34E0064901CC48B2DBD2BE3E
:10A10000F13D0C1CF0DFEAB0E036ED04F76C02BB69
:10A11000AFE905FB1735EE56F0DEEDD3E77F06F825
:10A120001F27B8E4DAE4C51201362437DFC8EAE7AE
:10A13000E974C2110048C512E4EFD752D8283B0693
:10A14000FFADBBD619F9B6F8D9FEFD2FED0CC9E667
:10A15000DFC4F41EF3D102EB1594D217EFD6FFFC47
:10A16000ACEEED3B0D1F3615FDFEADD9F3EC3720FF
:10A17000123DCFD5DEB9FB0AE4EA0CDBD7D7D6F324
:10A18000EB18272B392CE7E4D8FA105047573F3902
:10A19000F206EE1103082E662D46282730233307DA
:10A1A00006233637102B2929110D1132284C14158E
:10A1B0000C0C11132B485050171B02130803F316F5
:10A1C0000A341B0417F30B0A1A241638211EFE0545
:10A1D0000F0A0B26302AF7FCDFDDF119D711EA153B
:10A1E000FF040C05D1281F414B4C110008F5E7ED89
:10A1F000E0DD191F1F2A10FCE6F703F30515EDEE4D
:10A200000A03011010331D2AEED6C9C8E4C4F7E0D2
:10A21000FA00F6E0CFE3F1F90A294A7FE402F814E4
:10A220001012FA17F10EF2FDFCF7190F29122B4448
:10A23000D0E8F6EAE5152F1B2D3AF6D2FAD8D32E40
:10A24000403A31511EC6DF0DED1188BC674BB60B8D
:10A25000280CD4E37F0ED6D7EC09FECCDED9EF650F
:10A26000FBCFB0F3E314900ED1FE12EBF21BF3BF61
:10A27000D5409D43C9E1E7AD1CC113D835D6F4EFF5
:10A280009EFEC5E8230323022A0128CADA2FEA32F8
:10A2900024D0FED2FCF50CECD607E64CE90A1009F6
:10A2A0000005F6FD26101224CD21E3F0E9B8E8EB15
:10A2B0000125DAB5CBACDD2631471605FF36C01DCA
:10A2C000200FDDFDE9DB1EAF069018DAEBC7503436
:10A2D000CEFFD209051A4312F723D48AC6C4C71B7E
:10A2E000733C3BA40BC9FB28C1C01FA0F9FD1FEBA9
:10A2F0001CE4C354044EF11AFCF2F0EED355DE0D0B
:10A300005D34C7C0D810F0082318D611F1EA08B29E
:10A31000DA06EAF7B3ECFA0E212639DE00294017F7
:10A320004611594C401201605D4A282A3C7045CDC7
:10A330000016492B1E0B170A2420150DECE1102CDA
:10A340000EEFDFC6E1173F3008F200210BA3BF0D6F
:10A350000E10BBC8F8EB12CEFDE506FD35361AED42
:10A36000E5D3FC0EFDD917F4212BF2F0DFFEF81D2A
:10A3700005F7F8FEFBE4F6E1F7130CF5EFB4CEB900
:10A38000AC86FD1808E3C8F4E00006D8FCEBFBDD62
:10A39000819DB4D8BE90AECCB0C3AD83A40BDEB764
:10A3A000C5C4F2CBDBAFD2060519C6DCF5E7211C2C
:10A3B0003000D30DE319D4D6DD04281320282B0B4D
:10A3C0001127252748061B111A10284A1E472F530C
:10A3D000372F0B31A8AA93AB99F0D2B3A49543249D
:10A3E0002328FD5C474924140B0A0DE7F5FDFEE622
:10A3F000E3E93B2110061C260D0CE8E6F11D0FF4E5
:10A4000019FAE1FEC3E1120BF9070A0000CDB4DC32
:10A41000E0DEB6C1DFF5E4C9D8CAFBB5AE97B2FB42
:10A42000C4988197030AEAE4D82516CDDFD25116E5
:10A430000C2F281B341EE7F4251F372B37502A0119
:10A44000103EF9180F2A0B180CEEDEE619E8080486
:10A45000210705EAEAF90E0C230E2108FDEDF1CAE9
:10A46000EF13D2EFEE1EECDCC49A15F1E2CEF63C0F
:10A4700026F808EC3D1F1617092A01FFFFD31C29F7
:10A48000E2DBFD3F2E0D0BCBFFF2F2EAF5023411B9
:10A49000F6CB092B160A0132410E2F29E6F3C8E04C
:10A4A000BC6C57461C3FFAEBF0DC202927102D2905
:10A4B00019E0E0F5E63A7F6019181135E6F9DC4756
:10A4C0007C3E0F1AF42BECE0F5403E100DFAD6F866
:10A4D000B3B8C0342D2DF2EFFE06E5DFEC17490FBF
:10A4E000EE272E310AF2E84E3508F00E0F15D6C7CA
:10A4F000E1416732352525F5C5D1FF04611D230CE7
:10A50000E1E9F9E6340C3F3E2C240508ED0E0AE79C
:10A5100025F81437F6F6FE0D29FF4002241F3925D1
:10A52000EE2F115508070E2B1B0BAFC5E931643A0E
:10A5300026281114F3FF1A48130F1C3F0200DBDB1F
:10A54000FE1CFFBBD0E0C9C2BEB8E25E635A223532
:10A55000E7EADACBF20F2225042AECFDEC1F2B36BA
:10A56000660A091681D38D9AD5BBC6C581BA04F394
:10A57000815C16908115C60308F0813E447F595CCA
:10A5800019BDAD268A81B5F8A7F07F60367F62C21B
:10A59000A025441E7F5163F2B781E9D22941D181C0
:10A5A000F2BE81CF202CC7F5CE81D6DBA181F73D4D
:10A5B000196B727F3C4950467F0D7FDFC286B2190E
:10A5C0002E7F55B5DE7F2BD0707F35DE5BCA0D3B0D
:10A5D000814D61EC81B78E49FD3381465E16FF7F68
:10A5E0002554D481B2D87F7A0E1630D2101C527FF7
:10A5F000592B7F7C5537C450287FAF726DDD7F812A
:10A600003C3FD0E10BF8340E0749E7FACFD13FAD1C
:10A610003D50F40305200258FBE7413A0ED4DE37E3
:10A620007F46193C29CD112FF1F27F10D304CD2D97
:10A63000E2FCF84119CBC5DF43E7FD386EFE294B3C
:10A64000F423ADD553CD477DDBEA224C3CED1E8192
:10A650000A0B006D1E280AF7E3640A1252B148BBC8
:10A6600020B06073B9169AE11A2DA9E78BE9402B47
:10A670002147B5D73E327FF1BCD4D1155699AD7480
:10A68000286CB0E3F3F4D981D95024283212B72FC3
:10A69000C2AFFB20F8BBEB1ADAF7D6F71211F8FFBE
:10A6A000F5442DFE940EF71A032ED71C21BFC4B912
:10A6B000E8B0DAF029580B4A162214D019A608B4CB
:10A6C00083FADC7F9C7F9921FB2A7E4151E6F609C3
:10A6D000EC66E3F6C51FE992313D3E06F3D2382819
:10A6E00087D1602EA5410B19A41EC721811AC1B3C1
:10A6F0002F2C21195DC21B29E394FF152AC4B04FEA
:10A70000583B4914E2FD11E20FFEFF1A7F35CFD10D
:10A710001A131EF33431D0F74807E8FBDFED3DB9DB
:10A7200006E54526DFC8E7DE2DF7EFF95B1D3B1B8D
:10A73000D80EC6DCD8224D1A0844DD2C12FC34EFAA
:10A74000000BAC7F14F2F9D2470FFEFC0ACAF215D7
:10A75000F281FCE3CD61C4071719DE4DE71017D76E
:10A76000E68D192A037F61E93ABF470F05E7F90A29
:10A77000E8C750FDBE18D4CF20314209B0DC07E84D
:10A78000033B23FE655A0004D46CD6F0245C3D4A9A
:10A79000C130C1B6906112D5FF0D7EDC0414E0BD5E
:10A7A0008155052EF718BADD1213D3AF4BD76B8145
:10A7B0000E1B4BE4F49BE0F9B3154295203228A41C
:10A7C0003BC0B801E261063C440BD671622779C6F2
:10A7D00030C421F54FE15506F14DFDE328CFBC7F94
:10A7E000A3FFEDE3160C1C146CF70F02F51D05F525
:10A7F000FCF9F1E7F3E4231AC2C6EA7FE3F4F33588
:10A80000FD03FD36C32B0FB2B1F2CA7C0FA7E417CC
:10A8100054F3F0FCB2BFF2FBA4E4289FD6F1071674
:10A82000C81F2E81340D21FF3A5AFA11EF18FAD5BC
:10A8300017FC2330019833D6BF10CEAC811BF9D45E
:10A84000EC133642FF30E2269B101DC79395F2EEC3
:10A85000D4E021360F0DA612F014E3DD0F996F132B
:10A8600014D57F15CF2D2CF70222F5F8E503EB1256
:10A870007FCD47ED962309ED1DE9190A0928AEEEB3
:10A88000F81B2DE0F2F5C6E1E42AD5D93D99432F16
:10A8900099DFEE0173D2337F1214D23BF3E63220FC
:10A8A000E5BDD6E83344D3AFFEF665F0250198E563
:10A8B000E20AEAC78121C5F2650020C413C6143933
:10A8C000421D05F2ACEFB81DD32C2924AEC5F053C0
:10A8D000172481ED0C7CF2E2FBD844F832F4C4E397
:10A8E000B733E4EAC9D7670A1DEF20D8379ACBE718
:10A8F000EF31BCF820A8074C0C81350F3DF2F1ED8B
:10A9000012F3F73AE03CB72F27180E1581EB3961A7
:10A910001149DB201B412E56D0C8FFECDAA3ED34E1
:10A9200034F9D6DB22EB379AFB87E36AE6F318911A
:10A93000C9D078F04AF361D88BFA1521F181CAF7B2
:10A94000585BD72E3D14DF99D9CDD90ECE3CCE4AD7
:10A9500095EBDEB113A4A505D4FC0CEFDF3A81E73B
:10A96000CC0EF65AF4F09350B5CE1BED190A2BF825
:10A970008190E0A7CFCEF03FFD33B1DFAA4CDD12CE
:10A98000A2BD1349D9000617030823E1C30CB5D1B2
:10A99000C1FA6803C97F4AE72EED11D0E41BB5A2C6
:10A9A000B4C914D7EDFDBBDB15F92A811403E40902
:10A9B000EC190005F0D7033500D129ED1ADD24C2CA
:10A9C000EBF2FD12EA4700230E1A370706F50737A8
:10A9D000DD1432E4CD1FC01E3B147F0ECCBC23C05F
:10A9E000E7F23230DAD5EFD0EF4BF03A1F056E1BAD
:10A9F000DA38613A30EA593E0801EA307FFC37061E
:10AA00002E3010F7CAF40D0B5FCB1A67B94443A080
:10AA1000498BBF060D207F0F29F720ED3DC9152476
:10AA2000D5093B9F3F17E59026314912085D117FFC
:10AA3000E0C44B22AF2CD8CE194A48CBFB62EE06BD
:10AA400044D11EF4F621EE031D3CCECF51CF31E2AE
:10AA5000B822FC34F401F1E2F807AD7F29D100C33C
:10AA60001B26CE32E20928FF14CFE42E58BEED1982
:10AA70002FE7FDEB150AFAECCFE5FDE622EDADE59B
:10AA800081EB02F9FFC8D228CACEFDFC813EBA573D
:10AA9000E41DCBDB21CEFD01BAB411E30EA70F35C7
:10AAA0003D40FEFF640D61F2004AEAE61E0016F327
:10AAB0006F1C4CEE0A1CFAB41B1E0E7FF21CF4F83D
:10AAC000335911F2AFF39538FAE761043759D2A23E
:10AAD0004026A93CF905D9F0CD48621903FFD7817A
:10AAE000CFD3E2F5F3999D279E39FC2F0722A5E0ED
:10AAF000EFD3D4D2176591F781D919F12B1600B68F
:10AB000017F5E13B08230FE3B1ABBFF8F00C088C5D
:10AB1000FD0F14642F1801D3DA812567350229D27D
:10AB2000F4166BC0EF81F6DB1B2A3104F50609EE43
:10AB3000E9BC66EC2ED6D1F34CE2BCFB0FB760F853
:10AB400019F4616A15D60F1B13F1260F1BD57F0070
:10AB5000CBE7381D1D0D135C9F1BF0E128EBD025C2
:10AB6000DCF8D2487F3E08000E3B7BEAFD1F4BF429
:10AB7000EC280ECCE623F4F927FA27D2E524300E90
:10AB80000BFFD3CC1CCCB8001A003616990C632DE1
:10AB9000C8AD0F1C1434F49BBDC8D1F8E28124CC9D
:10ABA000722574DEB4E5274BE40CFC7F1E4B4B98FA
:10ABB0005EC22BBB3E493E67E947441C2A9AC93C0A
:10ABC0006B4ED1E4017F0C0AE8F901110AC4EA1EB8
:10ABD000FB1406DDF71CC40402EE2CDFE9EAD3FE09
:10ABE000BDE7F409F01055CCE410E7EAEB1421F2CC
:10ABF000FB17E5DB17DDE6250881FEA41FE2F0D692
:10AC00001E1BE7ED5BCFEACC7FD3EC12FDE5DE1C2B
:10AC1000F5D3BCDBD3D0C9D4FD54041FBCBE03D2D2
:10AC20004211E30D7714167F2E4FB8D91F3897FACB
:10AC300094B95AD720451DE596F3770DAC57E51228
:10AC4000A80552C6E33BC6176025378128992661BF
:10AC50000B16B2D1E600F9128E5BDD3AD417B7EBD2
:10AC600081F1D51ADCE316C6C416DF232F6BBFBBF8
:10AC700037C90C8181E443C46B163E2C3FDC57F08E
:10AC80003529FFF7CD29E181F229BB265F5EE7CDAB
:10AC90004F4E473024A81D093DEAB42B305EE2E94F
:10ACA0004A7634DEDDFC13222381E20D0A08FBF72D
:10ACB00026F60BCC2DF01FF0E913F8062B169CE6B8
:10ACC000CF173652607F1E1206EB1AE0DDE1E02A54
:10ACD0000B09030AB9EABE2E180837E1B43E001387
:10ACE0000500E6E4DBC6F414DF41048A3CEE269658
:10ACF0002C26BFF531F61782D1D5343A1CE77FCC2C
:10AD00004C199BB4C9CC4110D0E30DE4200FE911DC
:10AD1000E41DCE0E0F11D0811D8901E459E6111BEF
:10AD20003D29FC2D90EB17DCF193454771CFE89D51
:10AD30007FFD84DC2387020A9C1EEF3E26D7E01E9F
:10AD4000995705D7CDB35EE11C1C1330175651DC63
:10AD5000B0265A214F01C80EAD9C28FFF9FC23BA3A
:10AD6000B97FEDB17F0D0E3CEF510BCDBEF8CE1784
:10AD70003AF12F7400F1C0D814E4E402D748220E4F
:10AD8000088C48BE1BE80AC5B51852871F03AEF5EC
:10AD9000EB7F32003CF6E70611FC3DFA06FF64AE9D
:10ADA000E3DCC01B01EC0411EFBC2FBAD5B9328132
:10ADB0003A18D62F12D2573D9E361BD2E592F9E8AB
:10ADC000C702B9D9434525AB5B28D6E14004F3F06F
:10ADD000BFA8F5C9C836CACF20193344814B414BAF
:10ADE000DB131FD9DEE57E68FC34D9AE0DEAF0082E
:10ADF0005B237F21B9F03CC10E2E5356FA43010A62
:10AE0000BAE5E82593F54129347F99FF871197DF4B
:10AE1000818DFE42B4A69681266D3A0A5D3E7F384A
:10AE2000D8CEF4BCBA814FD058E1D5FA597F352934
:10AE300037217F4DA181A8AFB8EB596BE9C6F7D098
:10AE4000187FB104D2998D81980832B2CE687F57AD
:10AE50009809FCFA11EE447FCB2A4A547F2CE77FF5
:10AE600021E4DFA99489FD232314E58184D20FCC4A
:10AE70007157817840E947EF1C7F8EB181B1A32BD8
:10AE80006B3F7F01397D470AEB81E524E0B2E7E9BA
:10AE9000870B7F46F856340F19355D77147F14FD04
:10AEA000DDF70E057F59505ADEC7E48181CA4C5E3A
:10AEB000364FF00402F8197FBCAA477F37A68C9A58
:10AEC000D0473538607F169FD6BA81C4F06E56F2EF
:10AED00017D60EF57F5EE2F610DED9227F59D790A5
:10AEE0008181C626CDBD81DEB9D4C2E4624424345A
:10AEF000FAA4CE147F082F0CF4DB81BCCB1EB71D47
:10AF000002BDC6173681CE00F2BCB102C0F1DC1121
:10AF100083C3E8E2697F7B23D6B8FECCD8EC361B2E
:10AF20001311207FDDA5111F20EB01F103FD290A7C
:10AF3000814033FCF012421614E9EC81B6E8CBC430
:10AF4000E1CABF327218816F2D0C3D371F2C25C806
:10AF500081B7B681BD29E214E9ACCE634A7F3C03D8
:10AF60000F0901F023290DDE231B67CB96FEB6BC2B
:10AF7000819F3081D337525A4048EE031450C2B9F2
:10AF8000A7D4D0FA07D425237FD2D8FFF71F27E410
:10AF9000CCCF367F928137743E39A78F02D0AF85F0
:10AFA000E8D5D3C801FF0BB781C081ADF6CF04A1AE
:10AFB000F0DBCCFD0E81E1D5E3112DF8E10D4F3C26
:10AFC0003DE437277F65E9CDC317D17F3901EF060F
:10AFD000050E000E0F1DFFE3ADC89D1648447F69A6
:10AFE0003B7F3E130727AFA3A7DC18C2EBEB908192
:10AFF00017E2C217B192A51F07C7DBB64F2C2FEF80
:10B0000081A07F4E52BE47143C0913F4EB7F01022E
:10B0100020EED9E51B616C5D5DEE0F133D26696D79
:10B02000E49E811615347F106A13E1DF4A7BDCB1A0
:10B03000F32ACFFC31D1071881F0F338565AEAEBE6
:10B04000360CC081FDF7E2AF433B121A56E71EB63D
:10B050003F5027196DBEDFC2810E051C040A52E95C
:10B060004E1E03240ED1ED1AF133AFD6CA39D4B82F
:10B070002A165E100AFA0F4415A1F72EDF452B01A0
:10B08000AF0DF9110A32E2312384E7BF03FDFBCC97
:10B09000DFB9E7A5C8AFDE234514941CBEBB9112EF
:10B0A000C7BFD6DF47A56901D7114A707F2EC3E716
:10B0B000EA279A69EDF2D3230F2112D323DF16FF7B
:10B0C00057D0B24A55D54E21EEE3E1E5ADEAF0C9DD
:10B0D000231D18E50717F97FDAFAC54228C628416B
:10B0E000AC0313FDCC2F164CF2E6DB13DC8BE3D262
:10B0F000C1EF16DF2B5F0FE8F8CFF3E4BE6A2ADB5F
:10B10000D41249D3D6E6D1E9EF21F733175824DE1C
:10B11000A5192481A5F1E0BD11DE020799BC4E32CC
:10B1200003BF2725F5DF3B2BE6BAFEF2E31CF6A7AB
:10B13000BB06F74429F0302CE6E7C3F71519ED08F4
:10B14000B5FF2A0FE8F940C85024B257CDF0D5CA50
:10B1500004EED5079F02BB10F80651813CC704CC12
:10B1600063322BEC2CFB112F19CDF5F3BE031B180A
:10B17000561A0774204155FE0CFDD42DBFE6F4CDC0
:10B18000B31539DDD416371D092503DF1AEF016326
:10B1900036D5E5811FF1B5304EC4FEE7F2F808C29E
:10B1A0002A3873DD115524E13117B8F92524F1C18E
:10B1B000EC1B50E71C07FCC602F00F303CF701C83F
:10B1C000D2010DB6C91410E9CD1DE22CE9E2042329
:10B1D0001A2D20D4CF4D0BBE1C1E1602DD03814B51
:10B1E00062451E14FAE817F600D135DD270F03D4A7
:10B1F000E9F62BE6D8F43BF50FBECA282410F9383F
:10B20000ABF1DDFA273D1CBAD384DEE914F7F1EE89
:10B21000BF5AD8AB4E1B4A9B0F2CA621A910D33185
:10B2200046D0BAF9E9ECDCCE0F483B74E1FFF2C23C
:10B23000F1FB0EE93A812455D2D4C41022273729D4
:10B24000D5D5ED0F1D0304140330DD2BF110C225FD
:10B25000E8FA0205F303E50D08EA240B120F04DAFD
:10B260000F1E44D138F10222F2F081B404E400FA56
:10B2700008072743140EFDFD03FFDDEAF70DE70283
:10B28000BF1C0BF73924414BD5312F1BF4DCF307DE
:10B29000220679821323D3CA0A087F61F30D051DA4
:10B2A000EE353DE05218BBCE41E7C5A8070EF8FCCD
:10B2B00042E496CC3346B6EF070327E7FA72F2C1B1
:10B2C000F5F3C934D0FC210A25FAF027DFF0DD259B
:10B2D00001F1E428412D816DD1EDFEE2270313D465
:10B2E0002DEBCCE765DF46EBA1F14C0D29086F088B
:10B2F0004ADD39AA051EF7441CEB3F69DFDB0CA1D0
:10B3000010EFDD0C9928F8DB08FB0124E019392C3B
:10B3100059E2E109E2E73B08DD0E0E13E2E2F11328
:10B3200018377F1C1CF4C81B02FBB3C54559FCFE33
:10B33000F04164DADAC7000CE6231C060ECBF8E411
:10B34000CCE6D3D7E51A06C70F4E0F361602DB3709
:10B35000B1FB0EFD17D8F9C2B21816CFFEFA001CC9
:10B36000C72AED730A1CD8442C34D2EE5122177F21
:10B370000B0412E2FE0EC5C126F70AFCFF0C1AD41C
:10B38000C0A20BFD61DA001C41270472ED48DAFE11
:10B3900018EE19DCDD279D283C40D590F4E914DA3D
:10B3A000DE4D24FC3100340A2FC8FFF015D416EC12
:10B3B000D1EEF07638240AE203CB7FFE06E2C12408
:10B3C000303CE9E151062D45ED19E01B1BD84DEF4E
:10B3D000C40927B9DBFFCE600427F45AD7C9E53981
:10B3E00030D0DA0E0920E60E4CE7FF19DFDFD92353
:10B3F000469E9E47FF2CFE10CEF01F29772FABEC08
:10B40000FDB17F3CFB2F543D16DDDA04FCFB2AE83E
:10B4100052E719F1ED0100EF10614CE3042B182203
:10B420002BE2D65EEED4093B2C439800ED3FBC1DC9
:10B430002B7F231432CB11D9F0C44CDD92EB0429BD
:10B44000FEACD80825F81A082DB34F5221E8304534
:10B450001F8AB122E83CEC8AF2600CFBD9DD102196
:10B4600037E43237F88149B407D73C152F19F3CAAE
:10B4700046151846DF93050EC20AF417CFF8FBA74E
:10B48000010F84FF222AE8CFF3E41446F6FCF640CD
:10B49000F61F2418D1E6B61E98C77F0AC252EA9C4E
:10B4A00005E40B03E5EE0B00C82F0AAF06BEFF0E46
:10B4B000FFD32532FE260710E7FAD607CAE1241B80
:10B4C00069443230ED2DCCDCE26C35E7EDDE221E36
:10B4D000FDD4132D1610180BF60D0E98D117533FEF
:10B4E000333B4AF02AF9DDE738F1DB81D6A64DFA85
:10B4F000C2B2DEADACC0F4CE3804430C200CD6E9A9
:10B50000B5A8F1D42DEE4806E5E8C2C8EDD80DA0E7
:10B51000B32024EB2081E81524BA172030F0D14362
:10B520000DEFD9F51FE62435F92523E5252EE40294
:10B53000E2F601201AEB1DA610E00016E7E80DF573
:10B540000EF1CE3ACCEBCEF7CBF03D6314F27F3068
:10B55000F710A52C953A841CD128360833D8361418
:10B5600044EF08C4ED03013FE9A702C8E61A3E29EB
:10B5700045FD0FE2ADE95DE7D833D82521EAB2C831
:10B5800015D323E618F71881CCF5E234DE23F51D38
:10B59000F4D915FFE6A2DAEC8ECEA9EDD3DA0E1AB5
:10B5A000224623E136FCF23C52EEEE316379D0497B
:10B5B000ADA5EAAD2F59313BBEE4DFCD3BAD34FA4A
:10B5C000F71F2DBCDEC5CFBFCB083710DD331E1CE7
:10B5D0001AE7167F41F910CCDE423DB803F9251D6C
:10B5E0009C23240A0E2211C3DAE4C5F4F81CBB58CC
:10B5F0001814DB5B46F2EDDD5CF76500C7BF0D3963
:10B600002A22FFF020BFB87EB0A0C5292361D03A1E
:10B61000BFAFC2DE27B460125CBD47C2287F16F5FB
:10B62000D2D231B0DF2FCE0EF52BD4DCF00543D3D0
:10B63000DA46561005CB0B2BD4C4D68218B1A10C18
:10B64000F61A28F0E7F5FE1B1A29E9C9AD25AA2A42
:10B65000F1A36DB705EC20E2EDE94FC340FB0D000F
:10B66000B34A3B24BD3C03EE381EA9003DEDD70B89
:10B67000AD3FF8395B0AF214012B05A0101A031232
:10B680002A38107FC920B0C802F341FC1FCCE4DF88
:10B69000F3104FEC01E1D1BA2004EA1DC1D71EE737
:10B6A000C9CAEDEEE9FCF3D72326014719F5A5DE5B
:10B6B000F7CAF9237F17CFA4E81E50F72E0D1320E9
:10B6C00035F83106092A0104C0E4DEF2322CF921F2
:10B6D0001308D71BF58A4606FF0609E12FC7063473
:10B6E0002A243008D9D7FF3B24B2F2DE1D4DF11ECB
:10B6F000F4DA7FE2E1AA321DE9FCE9DA5EDDF7E087
:10B700000DF9E2F3C61E5FEB999EDCCD363C285561
:10B71000091EDE6AFDEEC55CE8239232EE7E2FAF95
:10B720001109AA080E1E1F4014D47F2537E41B19E7
:10B7300026E6F0B1A421E0B0DEDF08DBC80027DF99
:10B7400049FBA40FD4C5C7321C81E94D78A65DFD25
:10B75000B4BAE3F220F9AA4425A0EE2A5E031761E9
:10B76000134A05FDF7BECF02E4DC37CB3F0939D2DF
:10B77000A765E5C70D4C0B87FD1D0760B3B749945E
:10B78000BB0A27F8210CE74DC2BF22CD263ED0F0E0
:10B79000F74FF7121BE6000CDCFE10E0E33725D371
:10B7A000E1168EDCCBF9EDDAF13915F321F8C9EAAF
:10B7B000D3099ED93AED210519EF3DC681D6CB0AB2
:10B7C0003A253C05FB581A1C13EDF4242CAE3B26FD
:10B7D0001EEE36DCF360ED560DF726E6022331DC73
:10B7E0002C1272F508F9B3F7B8BAFD1152EA98E9CC
:10B7F000B5883DCE1251EE2F4CE43C47DBF622B427
:10B80000DBFEA481333BFA1F0017EDE6D25EC04891
:10B81000F0E578D5273BDA3508C437AF2744CA1A94
:10B82000CE517FEFD1E7EAC4061391AE21C3F3C234
:10B83000C514ED47042828F4D3EA49ABC52435B92B
:10B84000CD2A2305E4EB1EA7C3421733B9F30DD469
:10B85000C4E3C121255E9F94B31B09A46202F2EAEE
:10B86000A51F0539C2E54ED48107C7DC35214AF151
:10B870003B0F16A307CD53961F480130CBF41CABEA
:10B88000B2DE4CCD0EF4611D4153F31BF0EC2A15D2
:10B89000FF1F32250100D2D61F03D4D12E4C3AB05F
:10B8A00027F8520BBB4208D5B7296E1AD829F93BA5
:10B8B0001DFE7F965A0A48F433172E4D2A14171F7F
:10B8C0000EF508C81E2A10DE14D6D424021C090F57
:10B8D000F219FF0EE8F5021ED225EDE61B24E5F273
:10B8E000F0E8F5181402337FD42BEFD2F91A3F4A4F
:10B8F00009F3FDE8F30709F3029AE2522D02040965
:10B900000DE910040DDCC910DB1C02E0E5FDE814B4
:10B9100027D22DE400EDE526DCE1F410E5F808DBA4
:10B92000F4F71BCC13C0C3F3DBB30A36EFBE09FD3B
:10B93000FC8D2DEF310935B0247FF5390C28010835
:10B9400023FB102E1E07C207DE06451D18F2CFDFAF
:10B95000AD18148CC1E3BC11F909B652E0E317111C
:10B960002B34D3C5C37F3F3122DDEEE9D8B436C9CD
:10B97000C5CAFCE2C3D41103A7F1E00DDA4B59FAB2
:10B9800003EC21BBF7E99AC5ED240328AB71DA0378
:10B990001AC2F0C808F1FF2FD427D656F7D9F6E41B
:10B9A0002EF812AE2101E7EB16E6B21A02F8EA2CE5
:10B9B00016DA054C3C250702EFECEE194DEFF57F4A
:10B9C00004DBD9E2C7E416AFD9E424DDF8DAB01518
:10B9D0002BFA2E13F7BBF44FF82BBDFFECF6272004
:10B9E00024F619C7D11F1E7F6A10B71D175C3C666D
:10B9F000FF11FCEF3C3737F011D4EBB2DDFFFDED6A
:10BA000013E04B0C4E36FADB3AFD7FFA3E13343B23
:10BA1000F0282499F82917D3FD271E3500CA18FEEF
:10BA20000411DB3A0A0CC3F705BB1E12CA03233DFF
:10BA3000E1C3D62C01EAB3EF2AEB3407C1D115EDEF
:10BA4000FD3204520DFA0AD6D23AEB63E33D733667
:10BA5000E8F4ECCAC65A28DCC0010FACF7C90A5397
:10BA600001EAD61025E77F1B0CF9DD31CE35C54D37
:10BA7000DAF0B918F0EA1C27CAAA1EB815ECAB32E6
:10BA80005B1E39CE0C1EF42F0AC7C44837103EF592
:10BA9000E3BF0EED1621EE1F11DDF0FBE825204778
:10BAA00014C1EF0914D0E9F31E13F21C1AE0D0817F
:10BAB0001903E9172C2410C3F6291FBCEDD9E21A8B
:10BAC000010FED2A375EE21735F74B5B67C55CF572
:10BAD0001337E89B9E14B34018E52BF2E781070A61
:10BAE000D8EFDFF80019D2E242BEB73C2CB03D459A
:10BAF00020E2DF5F21E4EA0EE9D2E953F2CBDFDD99
:10BB0000E025360A18012FF0FDFA08210EF4F9F3AA
:10BB1000F2311581C62FFE64D2EDF02EDEC23ACF8F
:10BB20003422F6FEF5401BE9DDE004FAEDE5F8FB12
:10BB3000E2E22E1E46F9FAF0F6E23FF51401CB39A7
:10BB4000C2544CD6E42B34353AEC0D8DDA11C1ECED
:10BB50001ACD12D510134005CE09FCF5050A25EAC9
:10BB6000FA32E016B12A1C1332F59EFAF928CC1CE1
:10BB7000C917F81D21111E0A03CCF181DF3C11EB1E
:10BB80002230CFF80A1403042DB2C8CF0342AD14FB
:10BB900006D76EA2F9EF2435B1BBD1DF3102CF5AFF
:10BBA000283DBDED88242E1B26A5ADDA840BD82DAB
:10BBB000C7091FE3490505F0B205FE15DE39EAFAAB
:10BBC0000E1EFF817F3DA60814EB4940D0FA4E0AB5
:10BBD000FED8E885AAF116F74547E6D31D5DF713B1
:10BBE000EEC3BA27BF5692AC00CC0ED12A33E82A56
:10BBF000F8151D4C08401FEFFA2008D1AC75B5C7E9
:10BC0000054B37BCAF2E00D2B6983BA3D94E09A640
:10BC1000F3543381E850F90DC6F3F89EA4D14009DE
:10BC2000A933B4560468EC3940251B3B3AC224F8CA
:10BC3000061AE7FA62F60A1C39FDD5E49BA05D31CD
:10BC40006B234A30F81FFE03F93D94F7CF05080B2C
:10BC5000D29DCD7F14C6CF210ACC05F0014C37E828
:10BC6000DB587D2F194904710C30DBD44409A4F54D
:10BC700010F1FCFEB407EC1001160B3513F5EA07C2
:10BC800006D2164131132B0BE32FFF23C6A8222324
:10BC9000292436E2C1B6DFFD4FF1C5572FC0CB7561
:10BCA0004616E0A8F6E2B48ADDF326FCC100352989
:10BCB000443AECE1ED4AE229B60BB9EBFB0E1D1755
:10BCC000815218FF0CE316D70FFF59E32EF1149F92
:10BCD000E8522181C73A2018052DE0652209E40CBD
:10BCE000D6D1EEEDE9FB183F59083D330340F4CFC0
:10BCF000C2F9DE1016EC04FADFF3E9F3BFEFF9FB4B
:10BD0000E7022A3E6DC223A3BFE01CEAF243F1C65C
:10BD1000EEFC2923F3D20627FD7FE50FF32FE00485
:10BD20000A1DE4320CB53716E0F65ACACFE62D09E3
:10BD300008D90B190EB76B2910EE6601EAF0ED3346
:10BD400021FB53E40339E3D32FE3E50BA4FA2AD410
:10BD50004329410EC6D4F825A6033D07AAEEE1D833
:10BD6000271AE7092A241C24B9FCFE01CDF6DCF9C8
:10BD70003195F13BE936CADE31D40530C94A0416A3
:10BD8000163C7F142265049C6E42D6D7E10BC2405C
:10BD90001CE7E4F8B1EE09C451F8D8C730704EAFD3
:10BDA000D5AFDE114EF313D21B1C0F2BCFD05FDBB0
:10BDB0002B20E3B1A9077F4D59E0720A3F7F29B0DC
:10BDC0000982E9182614631AF3DDD7E2D740F1059A
:10BDD000D6B87FE2EA092F3D19FF25A9FFEDF71834
:10BDE0001A360F2BD527F61A1944B0E20B0EC8E904
:10BDF0001934F6FC03FBFAC1091930C3ED3EF6E82D
:10BE0000CC28101D2565F7EE40040FFF4DF0A7412B
:10BE1000E9482C20DE1B30C70A95FB0E1F22B435E3
:10BE2000E3E7CA0F4E26F3CE041536E17F07103E36
:10BE300014F7A401D1F2A0F0E2FCA5DB3915F9E971
:10BE40000904116D1C439D031149E92C57F3D62CAD
:10BE500005F003EDA7B529AC8715D1B4E4F8C021EE
:10BE60008B12F44AE7FBED30F5CA2812DD0CE6E64A
:10BE7000F2F8620113CE3A170A1CEDD7DEC64AD893
:10BE8000EC7FDB0616B4A3EDB900C0F6E8C63A991C
:10BE900081DCE53FCDDE294603D2A10250CD061F4D
:10BEA00024C7F5F5EEDFC6E7FA2B2315F64134CAB1
:10BEB000E9D3E3F6C850F0392834DDF1EF0B244420
:10BEC000262839E50EE903960B20141D68191D304C
:10BED0000FE2580110F3D110E95CE9BF472CFBECED
:10BEE000CB4AD526287F545DE0EC1D423D8DA94606
:10BEF0001019CC2D1BFDC832EE326A0E3BE5E14C29
:10BF0000DBF8E1FB81EEE13442A6BDB0FD15F24164
:10BF1000ACA3DCF5F803CE0FCE16C018BC2273E03C
:10BF2000E35C56576D01626A366230743AC7680541
:10BF3000E08F050BD71D18DCE1AE2E03315092497E
:10BF400029FC295E1C494A1BD15A054A12A9B1A0F5
:10BF5000E0AD945EE73FB3FC32FEA8410DF88FBF21
:10BF6000720BF0187FC2CDBCC943D330DC332FEA4B
:10BF700052DDE927F1F6DA14F2DFB3F117CEAF079D
:10BF80009B1EF50AF310B7462CEE0FE71D7F143702
:10BF9000212946E10BF5EBDEEA2F21E7ED24120320
:10BFA000C4EFF011E7F4FA1ACCB820081F18E267C2
:10BFB00007E2A5E833E9E70A01DA09E60F27CA1A1A
:10BFC000082BDDF1313D06CB34FE0C54E9F0272877
:10BFD00043191CD1C1E6330722BE0A1126FD030E08
:10BFE000EBEAFB652ECF58C62825DAF456F9F0A304
:10BFF000E40FA8FDDC1A9245847FE2C6F11397DBBB
:10C0000006095CDFBC310205054CF5DD45FECFE6D7
:10C01000C023E618D11706F5CDE40AFD0F814615B9
:10C020001CFF0647F51211F23CEA01FE2411FC1236
:10C030000D24F0C533FA172416D720F6EDDDF4B140
:10C0400017CCF713F1D1D2FDF77E7FC444B281CA79
:10C05000E82401D628AA81EF6101F2FDACE1EFE707
:10C0600044F9CF5F5F503D7F302AD903FFFDE343A2
:10C070007F180134FFE9D9AB097F2420142428401C
:10C080001A417FDB06E8DCC9E4D1B68105090D0958
:10C0900009F8130581D401DEC9CBAA0ADB81CB14D0
:10C0A000F5E681B0F22FB918265618081C18097F3A
:10C0B000447A7FF9DAAB9BCCB281C1A3B7C116F841
:10C0C0002FA95B060A31772E257FF699E17A7F79D1
:10C0D00042C1DAD0D7F4D802D6DCDCD6816C7D1030
:10C0E0001040C2BE8179E0ADBB81C6E796C1FA7F40
:10C0F0005814FBDF04E6152AB72FCBFB2EFE8981EF
:10C10000147F6D48A29FE6DCCEAF4C3804082A5459
:10C110004D7F702023FBD71F42FC3A7F75393E3696
:10C12000F9191A5C7F3A41DB81A607FD196DF3E529
:10C13000D49481F5F5E19544121FE5E0EEE8F8812D
:10C140005A0244D93D165A0B7FC4D41E04818C4236
:10C150005E31AA819ED1E3E8F63A63FCEFD9F7F7A6
:10C160000E1F067F81B2CDCFD423BFDF181321EF7E
:10C17000D0CEED7F2BEC0CF8D0FAD5E00706D3D368
:10C18000ACB07F250EFBF9FA0DEF04F9FE07F70AB4
:10C19000077F644416232CF402E2CFF0C2F305F1CA
:10C1A000FC81267425422F0637C401F9CED61F968E
:10C1B000E80070451FE78D88B511FE7F5B0081B5F3
:10C1C000E8F80F15F0E2D40D022B262304ADC3DBF3
:10C1D0000B1AD4F0DEFD061737687F437F6C1E15FF
:10C1E0000E4F1A461E00EBE0C5CB88819BC3E1E1F0
:10C1F000EBE6E4DF3A05D907D2DA7F3ACEFD49E132
:10C20000D10EFC122218F8E3AEA01F1EF77F6623A2
:10C21000E1432525A1B4D4C18185C4BFC004F1D2B6
:10C22000E205090CF907F4AA810C45EA2A0C22D68A
:10C23000E00946214E7F2601035B13F7FD207F4670
:10C24000F4C9F80EA8F1ECE8E3BBE6EFFF05050240
:10C2500013257F55E7A9D5463FD87F17C8CBF056A1
:10C260004338FCC90AD98489AEA4274F2A6E7F12AD
:10C27000F8A794BBCBC503B0A8CEADAFB78194DF10
:10C2800085F23F466EE9D4B6DFF1D79B9EBF207F93
:10C2900008C6DDE6E1DAFBDA06DAD1BDBEB28140DE
:10C2A0005E2848DECCA89891818D99F1F1CD39189E
:10C2B000E81E422EFB0409230A362E3F7F567F4894
:10C2C0001125663505063408EBFAAA956D75767F5B
:10C2D000392ECFC9F91B9AACA104E8BAFACBE2EB2C
:10C2E000E9E59DA1A981D640C0BD7F6535420C43DB
:10C2F000080604FAC4CFEBDBBD2D445B4020130AD3
:10C30000305C111CFE54147FDCEE3BEE34DDBF00CC
:10C31000C581AAA5E5918B5A29392A0EF90D142554
:10C32000F810F3F998817F4006FF12201E04030BDA
:10C3300000E2FCFBE10D5676B3B231DBE413B8C684
:10C3400084A6A6810D5EB9023407452E29DD9A81A7
:10C35000ECD8CE4DE25B4DCDF01E2BD00E063696BE
:10C36000DD06FEECF36061CE2ACB9E05AB3E5F9707
:10C37000DE376375E307E01FC80A0C172A52EAD6B6
:10C38000FBD49756E9C605E5DD24261DF1CC02D87D
:10C39000C4F221000C1404F351DF11C1C22AEAF5E2
:10C3A000DCDD289ED94A48C1D6A9D9BD2A6CFDE258
:10C3B000E181DE3635180BCAE843CD063F2503FD83
:10C3C00008248A203A18182B7027C62504F8D5A50A
:10C3D0000203CFDA05FF28F30FEA1FCD2540692BB2
:10C3E00014B114F0CA038CF800E04CD5C9EAD82582
:10C3F00015E720C9CD05C0EB2737E3DAF0EBC5819F
:10C40000F61C5025A4D5DDC893D845D561BEC144DE
:10C41000F8160E74D70EB25606570DD50FC131C59A
:10C42000F7F2DFEEFE33E3E9F4E816D4DE0E4E4F0A
:10C4300026E44A81ACC259E13DB8E689244FF3E8CD
:10C44000F990C4C7F0D0200DD81BBF181CE0BBD793
:10C45000417F2C56F0395B11FA94DEF1F5CC67FB85
:10C4600045A265E5CCFE1E4301DCF91EE83135200E
:10C470000B1135E0EC1F37EEE73AE903F724C21B56
:10C48000C2C20C962A10EB6563811123B274168820
:10C49000F1BE17F91D1B2AF339141EE2A4EE3E4A21
:10C4A0001804F0F5195CECF5EE0ACCF5D5E4ABB464
:10C4B00051D01ED1DE25C20541FDC12015033192A8
:10C4C000E1DCF205F1E5E1FA0ADC6D2B2B18DAD597
:10C4D000364DCE11E41BDE02F31BFCACE91E32EF3D
:10C4E0000137EAA616D100DC151A25F51AEB14FF60
:10C4F00052B60712FD283F30104CF94DCB1A7F1968
:10C50000174A210B0AED171E3231044BF1F5CBEB24
:10C510002112CB0AB2EA0A66E71792582E82CC2083
:10C520001D160B0D1520E0ACCE124BBA50F62CB8F0
:10C530003E79FF050AA824D7CB024657B61AE0D1A8
:10C5400081E430B7CA30F1E40DA4FF170D6B19C7B1
:10C550003123C8B45B815D4DEB38AE22CBED05D9FC
:10C56000FBFAC2D81A4845378912F32E08E0210099
:10C570000E362B2D100EFE233E3140FAFEE2F4075C
:10C58000EDEA81E7F4C52DE13BF30CF2F4F4EB0E98
:10C59000FBC421FC3DD623FFE9D9FFB919CF4D4D8E
:10C5A000F814CBEBC7C3DF1FC6F10DA538324740E7
:10C5B000FFB51ADFC1E7B9273BEBAAEB58F87FD3E9
:10C5C000EDF9B522CE350AD8F7F835DA0932DB179E
:10C5D000124381E81500192016E8B81A0DD2F0E9C7
:10C5E000DD064F2B4C0FE232160AFF0803E4F6C9B2
:10C5F00000BCCCE5E41174DD2BC510B0F612BD17FC
:10C600000B02DC2BF9362CF1EAB8F6D036E71FA77F
:10C61000606F2E2FFFD0FE35130CBDC7C6D753EE6B
:10C6200038123686FB08E7DF4BB9D1BDD31B015C5E
:10C6300029E37FFB15E6F2C64743CA42011AE5B576
:10C640003B0AFD0C31B6F875ADE47FB8D1355724FF
:10C65000030FD10E3DE7C62D26B1CC300B25B2F825
:10C66000BB16EED8641F04FEB90103FAD1CF12A1A4
:10C67000F635096101FC230262FC04F02F1EE34041
:10C6800006F11D07E21D16E027B99538B00E28FE09
:10C69000E4FEFC4110CFE4AFD618CEFEDCF5FB2F54
:10C6A0002EFB05ACDA081804DD3E051CD8DFEF03CD
:10C6B00017EA7F18D5E64739FFD2C1BAF5D140173E
:10C6C000F5080A13CB67FCDA1FF8C1F2CD1BE6E0D0
:10C6D00018F4FD1BD4E71CE7F38E3732B8AFF4D75C
:10C6E000DA4DF14FE8D12203D6511FE4E4351BD5D2
:10C6F0007F1BCACF41E4C6F1019DB009ED53C305CC
:10C700004EE8B609DA1D05CE0156230C86171534FE
:10C710001A0FE1CAEBFA17F30906C6F409E6F4E9C1
:10C720002E29FC37EA050FF70BF9F6812E082F0F9B
:10C73000192CFBEEF5F9430A1A093211032B28DCF8
:10C74000D84614E152ABDA81DC3803396DCACA39F4
:10C75000FAD11F1B593111402C254B224AEAC7D46C
:10C76000F897124D31CFFB0A2E0302D045135C1F00
:10C77000A52BD602A0D6C6CFC9A12D5941BD2519DA
:10C78000FC52344901322F465EE9DE10BDDB1DD17B
:10C7900002DC54EFEBF80081C2C222DDBA842A4CDD
:10C7A0002F6A4ECC2EF403C7330914BDF504DA30DA
:10C7B00026E0D755FA5F0052CBCAFF3CE9EBFD21DA
:10C7C000122220E1A2100DAE2581AD0E4A50FC21AF
:10C7D0001B2FA9D848395BE107CFB7E9E963C6D079
:10C7E00021DDC4DC4BD82729AF14D5B7CBE2C7BDB8
:10C7F000F3FD0309AE4E3E1BEF5345271403E0DB68
:10C80000F851F3BE3B2412FFEB0A3E9AD814D1C173
:10C8100012D41BFFE2FFE6D4BC7ACBD3E4581DED63
:10C82000072E1BFA2C34321081FDF34607F6280E32
:10C83000F1DE33E5CB54D7A214D7EE17051BCD3765
:10C84000EECBDDF9EDD08534245452F208CACBDEAC
:10C850002D073D2B17DE343D00D0DA9B186426C42B
:10C86000004414D7D6ED04D00C94011AD9068112D5
:10C87000142BEAFEFEC4C6C52457D8E941BB0AF909
:10C880001AE8FB1844482165E219FFB281143126E9
:10C89000AC2EFE090B16FD270EEBD00DAAECEAFF1D
:10C8A000C00C06F5C95025EA279F2DEB23F90C1380
:10C8B000E3BDEAEB4747E4DFE008D8C5A4B139554A
:10C8C00047C23CD937FD732A18BEB501537828D426
:10C8D00013532112520D6B8C4BF3AF82AD1A3A10E9
:10C8E000D3BD7FFAFBE6204114B0DEA71C0EABC718
:10C8F0003C1CCB05FE1F0B1AE0F8EE010900BFC778
:10C900000E4C20E7BC15FF9A256BDF511F44B52460
:10C91000A42EC7B21A511DCDB9F3CF3524B715B423
:10C920000C00030519254CD6EE38A62721122F7FBF
:10C93000E8B917FFEB563C63F41606036231452F46
:10C94000010AC12F49FBFF14133D5B8FD8CE0203B0
:10C9500006EE1212A1D86804091E0E97C92BF281A7
:10C96000C945E1B3F32BB1C247FA33F0E7312CCA22
:10C970002A0F0B24A22E9D2102C90CC5F429FDF516
:10C980006D140FF2C7F1E01EDC02DDC9D4F9F21319
:10C99000D58F1BE9BFF80C2CC115F55BDE05B6DFA2
:10C9A000111C3AF74D812004F88E2DC83145EC5BFF
:10C9B0004BFBE704E74CB6D25AFFF73D15F6492882
:10C9C0002A0838B2CA4913EB13D99DED2D2850E639
:10C9D000F49ECB0EDBC91FE3E083FE75ADE300F3ED
:10C9E0000D5012DC56FE111D812B7A0312DCFE3134
:10C9F0005B2115D21110FFD0F4EAC7D1E8CEE62DA5
:10CA000001AB3C30C947E81E0F331F28E0570CF438
:10CA1000C905C241093C5DD3FFA6CCB5DCEF1AEFD6
:10CA20009D3B1BE51501D8FCEA2C261AA63BEA37EC
:10CA30005981EE0BE30726D81331C8CDFE3B12EF28
:10CA400007B4FF042C160BE4B31B2A12E21C7F2C44
:10CA50003CF3B2C40E97F9EDF119160EF1B5CE1DE7
:10CA6000EBC7011A0CF028E0C4ED9A025B58D81508
:10CA7000E8FD572113E6F606346A1FF3FA1C4C183A
:10CA80006553ECF6EFDD321D0F1FEBF2E81739337B
:10CA900032480B1403251AF43010EEE2124224DB64
:10CAA0000A21581EE74013494239CC813BEB49DD4E
:10CAB0004315F54FFAF22D1CF409F9060C04F9F0B0
:10CAC000F03820B526B60D0C0AB6301E050A27111F
:10CAD000061EFBFBDDEBFFEC3527FAC01417EC3725
:10CAE000313D7F2F17FBE3DDDC1DF2B4D913D6985F
:10CAF0001DF4DDBBDD0B0FF02535FF1D6E10EFFDC6
:10CB00000C25E916091C0EF74337D33B81FDD907E5
:10CB1000010F160C371101360512AFEC28F814542A
:10CB2000FCB82001E94632EBFE52EB300FFFCF2478
:10CB30002D2B0FCC34E0F428B0F02FF92B0F2A2343
:10CB4000EDFCBAE73B0E7F1FFE26F5FB250F38E80C
:10CB500027DF27ED2CFBE4B72BE03305D9CC3230AF
:10CB600016D70EE6F70C19CD020A1EEF30060C1888
:10CB7000B81024F6162DCBD5F6EFE6F1C209202B1E
:10CB8000F8DA05E9CD0C10F0E607AD9CA504C61C4B
:10CB900074C52D23EA7204E2CFEF0821F14AF8FEB2
:10CBA00054D947C168C3795DD3064713307C4337F6
:10CBB000651609D4275C06FBCA4EBD7FDCBF501842
:10CBC000397057E63A4E34F3B6EC1BD27D0EF8FDC1
:10CBD000B0CB81310B08D58947F428CED3E93B0B84
:10CBE000C5AB69110528EBD00055021FE5345D3F48
:10CBF0001C44F8FBD727E2D94C063D3DBE55CFFF7C
:10CC0000FAFBAEDDED0D9916FDEDCC01A7DC1BB7EF
:10CC1000A500EBEC30F50013FD730AF050D2E5C52A
:10CC2000D8DD779A8E08E74911E92A11D0CBF6D9D9
:10CC300002D21DFE0FC731E68F4FEBF9DFA98D0E33
:10CC40007F067C38F006F9D7F4FCE051FB11033A7B
:10CC5000FFE110E1B6D9EBBC2AD7D8F3223130F589
:10CC600032772316513D1C0C810C77ACEFCFF33398
:10CC70002E2629DEC745580647E9D81CE9E91623C0
:10CC80009CCF180581F0D20A14A8DBFD1C37D80709
:10CC9000AAE1901BBC9D583F9FD4856437EEB29F9C
:10CCA0002B1103E2BA4E584D5545EDAA24B5192C67
:10CCB00004112F32E44BF6C2F82044F757D2C3F5E3
:10CCC000D5EBC3A2902725FE10D042291DD4DB90BE
:10CCD000D98E39E0294D25E8F706F602EFF14C2A06
:10CCE000CDAD3CD72CC0E90A812204ADDD4E0B430B
:10CCF000F90122C2DF4BD6C30739C1EB595FF210ED
:10CD0000F1E6F8034813E01DF00DEE7781D3F13919
:10CD100009E7DB234E451511132003203203035C82
:10CD200018DADF1C0D3EC21FF9E21700F1EE0ED932
:10CD3000EDECFD40CBFC2AD3BB2346F00724F0DD0D
:10CD400011E512CF1BF1EADEF8C441B2073D1D2107
:10CD50001D3A9FED60C17F1B2A0ECB468DA7FF3B7E
:10CD60001AE8C2DD0C30EE29262BCBE8BEF7DFEF48
:10CD7000DF03E131EA296B3008512FB91CC108E407
:10CD8000F5099208F70D0E051AEBF9E62120F5ECEE
:10CD9000023AB44416011637E2331B5709C2C4E401
:10CDA0003881E5C01FE1F3014E18F32EC3D412E021
:10CDB000AFF91CDEF7B1DAC2282708FA14CBD6D9AE
:10CDC00006E8D2F018CE42C2F511D55AFC4496D6E8
:10CDD000FED0DCB7C3225ED7EAF481EADAF5CED121
:10CDE000EA340708F81B524CF3A34DA0D167453431
:10CDF000CEEFB5D2D52746C3B9F9052DE35FEC795F
:10CE00001F9FAE572AB22FEA10BAFDFFDA1BFA1D98
:10CE1000CDD41907E00A090E481E27E68121DDF965
:10CE20000BF4FD9E18D9C6E7F711170C1DFAD4BAFA
:10CE300035C612CEDACFD648EADAB907DD19F122C3
:10CE4000031F2AEEED2B58EB1EF6D5028E0B53A2D4
:10CE5000232F1F1AEDCB25F018C023B1BB9D43082B
:10CE6000F4B67F5224E7CCAE3DCF160A27CE9E4AB9
:10CE7000F31128DB733DFA3B195FE7F3EAE70D1581
:10CE80005F072B0EF9F219FFCBB2DE135B3ADEE03F
:10CE9000F133E51F14FE54E92302D53445CEDEE418
:10CEA00020DCFCF31CC5ED0966FA553540F67F1110
:10CEB0000814F54BEA970ECDCD76402D51C0CA052A
:10CEC000340D41BB4A1B5CE4BE09E9D817E904BA3A
:10CED000F607BC3B114412860A36E2D8D6441E78C7
:10CEE000350C16042B6E7F2C1A0A0D0F4B1B2D0AC6
:10CEF000DF02CEC6415F2BBE322820439DFA3FF2AF
:10CF0000E56DAD9B1CA85005D46F2181EFEA12E2BC
:10CF100061DBE00DA6EAD4EF354042A52A5D0DD3D2
:10CF2000E519D6C81EEF18EC1AE20338DDCBEB2B5F
:10CF300046C5D151F2C4B8042C07C302D61137C577
:10CF40004C39E51B1C2827EA11ECD824DD16CCF05F
:10CF5000EBF7E5E0155A05DBC80B0EF3171203F4E7
:10CF600005F50BD7120C257FE6C7C6EFEDE2FD1CD9
:10CF7000CEF20ED131BF2EF5C90E2BD040CEF1E945
:10CF80001B29CF03C8551F4343193AEBCB531B0C46
:10CF9000E979B9D101D521872603F8FEC3A2F3F3BD
:10CFA000F7F43208CB08A6B0C0CD16E2B1D9B1383B
:10CFB000F5F707F64D08F7FD45B73119AC52F68184
:10CFC000B6162029CF2DC30B3EED0EFAE20DDE0E74
:10CFD000F41912DED5E8FCDDC8DBDB2515DA03C168
:10CFE0000B7FD846DF010EC20C19F5DFCB28F92ED6
:10CFF0004D33CE02FFF9E9311E1A14CBE6E706E401
:10D00000CD9AD9DF18CAF1ADF3F5FDCB3139F40370
:10D01000A9F9A546FCB521DC311151D8D4FCF68123
:10D020008817EEF6EF41D00EAC185F30AE46DDEF5C
:10D030003DAC2641A90EEA1437E1ED3AE94D111451
:10D04000E0DAF0DEF0290D3A05E43215FE06E1E003
:10D0500081260E3A1234EB130094061E4310CC03C3
:10D06000CF2C450E26263CE2BCE34E1BEC361D18A9
:10D0700012FFB81226F3FAD4D5DEE5C5123E2B1204
:10D0800004E5C1CE1C1303F1D80D620102CECC41E0
:10D090002A1A10B6081009FD1E221BFEE530FEC23A
:10D0A0000025D52009E881F9143943B6FF0E2EE496
:10D0B000571F1D39B61707DDDE05426FEBE9F9D6BC
:10D0C0001E526D3B04D9F6B515D4D5D005F208F53E
:10D0D000F6DC22EDB7F9B903F8EDF9290DF729BE11
:10D0E0005912D411DBD2B4A83811160706CD18DEB8
:10D0F000472B48264A26CD38DD06AC75D9F94911AB
:10D10000D8157F32ACF024FB38BCEFA94303DCFC1C
:10D110001C1D4BAB4FEB51EDD7F1811A9DF224044E
:10D120004AE7BCEB13CBE1CB3D5DB095214376EAFA
:10D13000F3BE27F11426CF32DB180EE2262ED2F1F1
:10D14000BB0CE3E7ECFEF5CF6218A42E8D96E2202F
:10D15000411909D29E50EEE397EA2C2B7F270EE26D
:10D1600036221B38E723D8EF21464317DFEEC3F3FF
:10D17000C9DD1746CFFDCDACBDF135291346E8B763
:10D18000D70DF3AF264FD2142502BF1D8EFBFC9A9C
:10D190004DD1E53029E67FF7E906B010095B27039A
:10D1A0005B4CF7412A10C51D99CF25ADE6B6FA5262
:10D1B000C92A1B570A5D195BCCF62E2D02D8270110
:10D1C000A6240A9DDB33A984D7C4A5BE592CE48EBE
:10D1D000243CF61F8EF82AC6F2F1FB04E1DF2BAEE9
:10D1E0003EE6E3813FF8D8339BBF004EF0F5E1C245
:10D1F00019DF1BF21FD60D2B1D458C35CDB325ED48
:10D20000C8EC2CE9527DCA1FD62E0C01009A1EF6DE
:10D2100016E5DAE6D02DA7E4727BF88D1C3D4C07AD
:10D22000B3E7813B576D1EE53EF531684F3F4F2414
:10D23000C558E021FAEB17C39C13B8F27E36FBC940
:10D240000FDD9D500E29C40341E810D7F6FDC8112B
:10D250000439CDAE122333EDCD432FB5105E5323E9
:10D26000112A2D1881DA3D3833D79BD5054FF3E7C6
:10D27000F2F70CF116D8DD4732EE09AA3701E29A2F
:10D280003CEEE91F20620E39273E0117811EF3EDA7
:10D29000FE43C7AF21AC19D1C80715041BF3B1FC7D
:10D2A000F80E162E340064D909C59D36531A170797
:10D2B000CCFFE111E30A0CDADE22E3CBD55D1FDD02
:10D2C0003025CFEE0268A699B84ED4156A21EA241B
:10D2D0003A4FC9E6F0AEE6EF06E95ABBE037EB811C
:10D2E00009671DE72AE301F7D51ED4EF4E58E0F099
:10D2F000DDB792FFF600FAED15021F01320B220294
:10D3000061CF4A0D30E5732618CFFDEC0D09E9B069
:10D310008B2F1B0C5CF9B3F126C35A1D82D2F03B54
:10D32000EBC04F1AC277001C41172CE91EE7613D84
:10D33000D8BB813AFA1A30D624409C4CC0A933E6B7
:10D34000C9DBF09C81BAC6EAEEFA290514CBC9E51F
:10D35000E5FC02FEF8D4E6FCED020881CDE1FA001E
:10D3600006FF061311140A03F5FB1217101412F925
:10D37000EFD481D3D3E2E10519F7F3E9F30EFF050A
:10D3800007FFEFEAF2F7E9D2BD253014F1121A22B5
:10D3900000FADDC0E4EA021DFADBEFD4D2C9C58190
:10D3A000C881D9D30EFFF51829F9F8222F09F338CF
:10D3B0001EE7EE05F6110400E6313707EAB5B9E4D9
:10D3C000FC0AE30E200E0C232F194955797F7F5458
:10D3D00046413017F9E3B3CDE7F3FF0C29141804E5
:10D3E000F3E1D0DDEC493F46241B131416122B1138
:10D3F0000813EE170A1B1F051E193A7F7F381930D4
:10D400000326E7D21CBBDADD918EB0DBFA2BE7C72F
:10D41000BEA59652D00725053A48206D7F5F406E25
:10D4200050603C34040D411827464F433B432B3298
:10D43000586D4D4EDFF9F3F4E7D8F3EBEEDFFC2B3C
:10D440007FE6D9DCBCE5A5B3CCD95D7F2050B187A0
:10D450009FC0EB3856664BE0514C1616EEE4D8F000
:10D46000ED162A2F09080C18FD253230344B7F4B5E
:10D47000546A57E7BDE6042A5A34052734403F1161
:10D48000DCF50D50677F7015F70B011ABAA0ADB42B
:10D49000F5281B2B4E29FF30293152437F09051FE8
:10D4A00028050214150704FAFBF301070A0B190EED
:10D4B0001C24277F81D0DCE3FAE4DFF4F4F21005CA
:10D4C000E5FA08E4F9FBD4E8E8ABBF0536393529BD
:10D4D00009FC3B7F76620718E11017103C3E2C09CF
:10D4E00054456850481E0F180ED5AB81A9AAE3F920
:10D4F000E1BAC9EEF9D9EFD2CECACC81C7F27F2109
:10D50000EC14072D13263360245210C9C0E3E0F257
:10D51000552E8681E4E924E20224EB35531A2128B2
:10D52000EC0EF7C6B3E409B9C7C0C5FA174D340A03
:10D5300016EC044E407F5C373F06DDC4C0BFD4C646
:10D54000BBC2DCEC0921FB08C6DAD4E3D30AF80E2F
:10D55000DCDDCBAD817F4B4B311C22FFEAC4E8D22E
:10D56000ECEFD5F607EBE0D9E0C2ECEEEEFF0DED07
:10D57000040B13F9F5D0FC1CFA1708171B110A212C
:10D5800039477F29190CD4B6AFB4B3C8C2EFE0A0B5
:10D59000B1BBB704EEE7D8B7CC816E496D0E03A0DE
:10D5A000D4642A1C34C7E2E90F07242B3B7C7F405C
:10D5B0002FA28185B7E70E2236313A29FBEB140EF4
:10D5C0001D0D1813242C142781B7D9EBE1CBD5E915
:10D5D000F4E2030500FBF501EEE9090DFEEBE8E8D6
:10D5E000D0D4CEF9D4E9B8ED2C192BF9F4FDF1FC27
:10D5F000F8F1D1CBD981C3F04E6C490B17333866A3
:10D600006A1F333E7F55262D011C29545D2E0809C3
:10D6100013000E0E000306EB0500FC0415FFF0F9E5
:10D62000E7C0C781458EBBD9C57F3C681F820FB953
:10D630009FAAA60922F2054D523AE58E81BAAFD3D0
:10D64000F70BD3E4CD06E4F4EFF3F514F8F00A1881
:10D65000131E2E1EDC4B4EFF3324C37F3FEDEAAC7E
:10D66000A3C9C4C404FEEFC9E9536B7F330FED14A3
:10D6700036F525E1D2FFCCBAB390B9B0A4D80CE00E
:10D680007F7349100ED9C6EE16353213EEF5F00849
:10D690001F10FBEEFAF0EB7F26E7E5F3EC9CC4BC31
:10D6A000E5CDE8E2E5E404C1E1D2E2C2BB95B9EE22
:10D6B000D3117F6D08F10B2B3918341A0B02360C7D
:10D6C000E21127FFDFF401EBE8EFF8FFF0F3EFF3EF
:10D6D000EF04F0FAF0EEF603EFCFEF81BDBEF615E2
:10D6E0002B1659327F771A431B24180D0F2FFB1E60
:10D6F000051D24848CDDD0E4B9A2A993DEE4FD11DC
:10D70000FAE903E8B9DBBECAF28181C1D2E0E2F0F6
:10D71000EDF30F080C1313F706F70903F1FBE9D13A
:10D72000CF7F3A340E1BF9051D032926270A100660
:10D730000EF70C2D1B20E8E7714A577D25E2D3E850
:10D7400020819A0AF31200FDCEFBB6B5A4BBD37FAD
:10D75000611BFC5D6D420B1DD2ADD808E0F00609DF
:10D76000D2E6E40D144E81ABCCFAEB0E33EA19127B
:10D77000FE0F0301181607171B0405111A00DE031C
:10D78000F1ED17E0C6CBCAD1E3F8EE11EBF320447C
:10D7900041454C7F81D8DBF205F7F20908F7F3EE3B
:10D7A000F6011118060CF8060B041D81B5D8E1BD71
:10D7B000BFF00325110009E0F7EE402013EABFFF98
:10D7C0000ACDF0E8EEDCEBF6101300F5FDF90017DA
:10D7D000010304EEF0DBC2AD81E0BFAEB1D90B2E88
:10D7E0006835221AE215FCCBB29293C0014E767FC7
:10D7F0007F452F17FFE1C6D6E0D1E2EDDF130E0E15
:10D8000014060BEBE000F67F592B2F210A08EB00E2
:10D81000040B06F500F0F5FC0301F1FCEFEDADDAC9
:10D82000DEEFFCDB080ADCD6E706FAE50EEFDEC227
:10D83000C2D1E2C3817F4A4322EF9CC3DAF8EBEF07
:10D840000104F6ED041B0BF0261BFED5DDE0ECF029
:10D85000F7FF14070A08FB0A0602FB00FD0303F0AA
:10D86000CFCD810818F610E6F1E1DFE9ECD9E6D674
:10D8700003FCF2DEEF0CECD2C6811F1E0A06FB0988
:10D880000203070910FFFDFC0F0004F702070E2A30
:10D890007FE07F4F7D12FEBD9CF891EA969DD027D8
:10D8A0005E5253F5EED692CF7F62272931FCF4D831
:10D8B000FE01FCF2F8C0E6DA024924190F2F2B8191
:10D8C000E3F102071611071805EBF0F906F30A0C4D
:10D8D0001006FE1E0CFF07C0C481F0F6D2EA2246F5
:10D8E0000C1D56EEFFF7D04B592ADFB5A5C0DBD192
:10D8F0004ED0B8D081EE2741F10BE1084341090732
:10D90000F02DF6DE2DE911C1FDDBB9D10AF8B1FD2C
:10D9100063D119853FF2EA36392812002953A3DD75
:10D92000B525DA3912FEF020B3E5B24C10DB6026E3
:10D93000C0BE1C0FF3E6B23F2F0E7F17DD01F2DCF5
:10D94000B61E37FC9FD10628B3D004CCD408C158EA
:10D95000D9DC23B5193D662AE20A303C3801EB9E3A
:10D960004661CFB76C4143CBD060D5E8BF36D70A0C
:10D9700084C72C40F93829B538F6F77FDF49B5FD63
:10D9800026162C1E2E4220A406C90ACC405131BEB8
:10D990003D9D1B1944E2F821F3B1160DF1EB017F17
:10D9A000DBFC44D5F24F19D4B94E3230E72B03FEDD
:10D9B000480A52C7E1E414B368CC77C32A2207D6D9
:10D9C000CEC808B4EC031C13BCBD15142FED011117
:10D9D000CA0B38F8E4E0190A2609E708BD6CDB2C0D
:10D9E0001A3BF4DD310FC650F11ACEF107F1A39CBA
:10D9F00019382124C3F41FFDD14A41F522D48154A2
:10DA0000E6DFF4A32FD81019E04ED5E9F3021E7417
:10DA1000D2370ED13604BF35E5D2E326332C3C2C69
:10DA2000B609172A24E30F4213DFC56DDDE4DFF1E9
:10DA3000F3498DB7BEA32BDADBB4D5060901422327
:10DA40009ABF258112E90D673E2C8141D00D2EFE33
:10DA5000242A3A51F902C4FD68D90AFEC5E021A57D
:10DA6000DBCA35A01543530519CA1AB72BFBEE20A4
:10DA70001DB84BC138D0BDD1E1D92030DDB8ADDA09
:10DA8000FC016927DDFEFC1AFC1EFAF431FB16E6E8
:10DA9000B6F681DC23E3F51319E3E80FDE60003E00
:10DAA000AADD03D8132DDA442AF8EAE92DE747E87E
:10DAB000C533DC139C1B341332C742FBE9C00E8C08
:10DAC0004DD8BF26EA3039DF2D16E5D1F122E4D357
:10DAD00034134E2A2905F4E40BD1E10657F0E62968
:10DAE000CBEAC209F9F5DC4EF9CF443CE77FB94FE8
:10DAF0000CC4E1208BA8ED44E3C3DC42E23BFD947F
:10DB00003CB5CA0406B35729FA0EEBEE328153FC3A
:10DB100054D92317240C2D1C2208EF2CD2EFF5D951
:10DB20000118124F34D7DDEFEC1CDA0D401EF6E879
:10DB3000DE0CB5F5EFFDDE3826D019BF51D1F00D62
:10DB4000A9DCFDE81246CEDBBAFF0520E6D5E8D415
:10DB50000912F6E424FFC824AB02BE0F18F91A1705
:10DB600020D41C6529E8FEDA1BC003701DEADB1215
:10DB70003310FDEC25F22F14EFBEBCF52CD57F0F32
:10DB80000B21C5F028D053E5AFBFE7EEE0DC22FF64
:10DB90001AD10F3D00B40DE9CFF049BBBB29101BD2
:10DBA000C70844081625021D071108F102050CD903
:10DBB000F871DD2521393B8119C75FA50B3BB2C840
:10DBC000A6F984EFF32400FF02E6CDE11A3AEDBC9A
:10DBD000054C20B704F2DCD0E4C41EEECDF31D05E5
:10DBE000E939D6EFC6E9812C052BC4302A3DE34044
:10DBF00035E65B0D41C7EFE9DB10F3DDF653D002EC
:10DC0000D739E11EEAB61D81FF03F6CE4600CD5B93
:10DC1000F6BD38BC247BF3D837B7F4AD37D5D7730E
:10DC20003EF3CFAB4A11AC6C3C2EF3680558EC4F79
:10DC3000D0B1BF4347071D2204ED0AEF10E6CB0E1B
:10DC4000484925FD2625FF26DF280D8114D6FCCD69
:10DC5000201A49DE2D0E3DF5CD0D08124731F4F0A6
:10DC60000054F40E0A1BF0BC131FCCDC0EE2FC388F
:10DC7000FCA5D80E23C50A2A01F10D44E76DA5F0D5
:10DC8000382A3FB5EA28E70A0816F9B3132FD0EF70
:10DC9000F5F32DCBEB06DCF1FF0303091501F702C9
:10DCA000007FFCE718FC04DDDB423A091F510B0F33
:10DCB000F3F726391312F6CCCD0610DFF43F002E11
:10DCC0001EFFC50C06F308CCF3382101C7FBCC249A
:10DCD000D9B9141B7D42FE2374488105D0EEE605B8
:10DCE00021C3383ED7174ED0A2F4493DCF16EDF4EC
:10DCF000BE94FC212CC9ECF836F449C775F7E6F35D
:10DD00003F992C671D04E8D221DDFCE2EE197CEA84
:10DD10003A41E73F2AC331207BEAF05BCD1DD510A5
:10DD2000D2B425BDEF1810D32E4711F4E237F2D547
:10DD3000E100E0BFF2C8326102AF00F17FF2FF0EF6
:10DD4000FB25CD1A20F9B5EA5C1ACDAA513767EC4C
:10DD500027EBB744070B180523CE5C4034CB9F4517
:10DD6000CAEA00EF17F8DEF3D216C465F20152FDDD
:10DD70003F012535D0FC677F963BF60AFCEC0BECA7
:10DD800074D7D636F1642F88E495D39833054519B6
:10DD9000151BE83810F8E7E3BFD64F81FB47F9FFC2
:10DDA000AD1C4FDCD7FB3F40E7DAC1D21205D8FBF0
:10DDB0004CE508CD17CCFBFCC61A40CA1437102A14
:10DDC000FA1EE4D0070B00FF3DEEF7BC272302E567
:10DDD0003EBD4E067FD7BC0D49DAE81A1227184718
:10DDE000330EBE2C4E39151B053EE0233C6425C482
:10DDF0004BB705F1C412EB3B26EE43D4F457D58C58
:10DE0000038408CEA4814DF6F9E726FE25D0C3EDA4
:10DE100034C628071B0A533A0E16FD66DAFECEEB0F
:10DE2000FD48112DFB14E5F6051728081637A5D96E
:10DE3000EED7FAEDCF1FED202AD9132824EAA80641
:10DE40000F16E92112ECDAF2810E1CD1C1BE12F4D8
:10DE5000E92CCD0BEFC7AECDBC1ABED9A22DE2DAAC
:10DE6000B64F2CEC24F50123FA21D4D1E8D5090FC3
:10DE7000F54B31EBDA1A114E2C1639F10332281713
:10DE800004FEEEF2D0E16FB420EF85CF3C234700D3
:10DE9000252FB0F45BB002C9DB55D081C27BB7C778
:10DEA000BE3351D12A055B8513DCC9001D38EEFD58
:10DEB000ECAFF70653EEFD2851C403C8780C0104FB
:10DEC000D62FF2E4222D03D2662624EE06EC0CD1E6
:10DED0001F9F9FE402527F010CBCF110C80BC49934
:10DEE0006B2A34FC1622CC2549DCD638DD02341AE4
:10DEF0000E3717086A830CC8101606B718E9FE40DB
:10DF000003260448912510237A08C70F5AE5F02408
:10DF100016C311F75ECCF7D3DF9CD8D73013A70E0A
:10DF2000303038A962360D0AFE584EE6C646BFEAC2
:10DF300012FE32C81FB2628FE9E07FF91C3FC72E84
:10DF4000EDD7AB31C1810DE01B5DD440FDBE2FF29A
:10DF50000233EA11D5DDDD08FEDBE535F54E28F3A9
:10DF600008EE2D0D2513E2483646EDD742CFE1CB22
:10DF7000911FD705D0C7E8255BA1F0F0DA15E4378B
:10DF8000FFAE1EE8404A17130315FCEA04D937BC5C
:10DF90007FFDD43F1AA9FF0D6D08ED110DDCB7CC44
:10DFA000FBF746BACBEED71E551BE019C443AE1B98
:10DFB000DBF90CC5F60042FAC4F158644E40BC04CB
:10DFC000074BD0FD13CCEAD142D5AD09F2CAF47E9D
:10DFD00005570BA9FE43123255489CEE2E37F0EB45
:10DFE0000FBD810B2D0F2412090B5C61EF04DDFEC8
:10DFF00012154C2DC630DF56ED0CEC46F4D835FA30
:10E00000CEE91240C3BF3917E9C12404F5EEE83B5D
:10E010004411F6396D2CFA32F044E107DFCA2612BA
:10E0200008F3BE4E133DF3DE28F119EE1424D1EAB5
:10E0300006C4E781E6F104D929EC0CF67102DEBAD8
:10E04000D4F32E3AEDFA281233C8EBDE60A2293160
:10E0500048E3B6D524C909E02CCE081EF942C8CE43
:10E0600032D74D21271EEBE10138F9E40BF9FFE629
:10E07000DB0FBDDBA517D2EB40D707EAD93908E2A1
:10E08000E1BB7FE6ECFA7FC019AC43F602D826F775
:10E090003BB5C833E2F714F00831372207F4DE0449
:10E0A000DCED3AF9E417DF39BEF02027FA1339F531
:10E0B000E3D81457D2262F04E8114EF51C000101B5
:10E0C0001FC50FF319E00EEF0CFDEF0D3AE3982199
:10E0D000250EE1326ED411C41197E1343602F025D9
:10E0E0002C321B4AF04DCCF72958161AF23DBACF04
:10E0F0004498D70004562185ECA759E719FF817988
:10E10000BF2D2DB5381F1C1C0AF6E41BFBF70218A7
:10E110000E072B74F612F1134D0B3004F8FCE89F38
:10E12000F89CF09F223529ED16CC168E34FD09D7C8
:10E13000E5D2290640FB81B439F636B9F29FC03BDF
:10E14000202236465A4EDB42324B27D007A4FCFC35
:10E150001ED6FA99FD33453C4A40EEF4161830E3DA
:10E1600009FC0B35CD3F25F9131B0962DBDE6EFE82
:10E17000810E3CF806BA03D70CFAC50AFDE7206207
:10E18000F0E9043E099207CDEBD7362C42C84AF29B
:10E19000E829327F49F6030C1E61D6220627CE2CD1
:10E1A000F5AB1C201FDEF0DF18FAEFF3B558F817B7
:10E1B000EA01BD08FD0687F8EC44E437DA1EE42FD7
:10E1C00006DC1CD8DAE27FF50DD2191407D30D0056
:10E1D00029E805F659BA29CB30DA0D06D30209D160
:10E1E000EF0715D11C1A1A0D0628EBFFF81DC610F3
:10E1F000EAFFDCD92D3BE4B636D3082234F5DCED5A
:10E20000D0182709F008FC144E16DDC1C4F6F2162A
:10E2100009D31615D42E55512D0F3D427EAB032840
:10E22000B4EDF91D05F4E01FEE6E1CECB40EC8034E
:10E23000119C057FCDFE061C28F2E009C41B180FB7
:10E2400007D1051107EB3700690A3EAE0795049A1E
:10E25000FA250A761AF9103A254043C4E7D8A89D52
:10E26000A2F030D438CDFC20D8050602CCDBCE217C
:10E2700029CD42B9E7EB32C9AA1C7F3D7445210C78
:10E28000F6EA065704810819D8BDCACC53D9A4D0E0
:10E29000CF0419AF07D15100E505D4F50D3DC2E11A
:10E2A000FE080C2AE01DBCD8DF0FF7F5D303CDED37
:10E2B000F720D2E3DA32DB2805E207EBD82E07C3DA
:10E2C00010E7BCFF45192F49E22207FDC928159325
:10E2D0003DD819491693DEC6F80A14A0081417523F
:10E2E000562C0E011A770E15F335C4B91BE66A22B7
:10E2F0001B404AD546B981E7054C445CD7F1DE2E78
:10E30000FF34ECF226EF1DB42C783AF20FF9D63E2A
:10E31000272601D1E243F522DDB4F20A230BDEF613
:10E32000FF0E3D28C0E72326F100FA7F28FB073FB8
:10E33000DC2FFD2D33EC030DE7F1ED13ECFD530C59
:10E34000260EE5E6F308B2E40E0FDFD52A31F62CEF
:10E35000EC03F9F47C06551FF22F0A15503A1D18EC
:10E3600024B41BE2C06AE9151920172781ED1E1895
:10E3700019C1F11A23B1190FD9F5E5392743C2EABA
:10E380004FFE5A1DF5DC5DE04EDD2D1FF4E858DB35
:10E3900046030B44FEE6EC252EDA02EFE033FD32B5
:10E3A000EE0C7FF2263F062BFF310A080710FCDF38
:10E3B00025F7EC0E0BFE09C41C9E51C35D2B96285D
:10E3C000F4E2391AD51BE4FEE5F7AAD000E0FDED32
:10E3D0000BFBFAF937F50FDAF3C5F9B93AECDE6A57
:10E3E000EEE5DD15397FEECFE705BCFCDF4915BE54
:10E3F00007C8C3FE5CDC17DF21FD36482618D8C8E5
:10E40000FF43011A743EC4EA47FA424657A60DFF7D
:10E41000FF2EFB38FD16183100C2BBD1F9101023B6
:10E42000462453B2086CC5BADCD1A0E4EF403045B5
:10E4300021CE7FCF7CBCC9E9A005EA18F7ECC54E18
:10E44000CC19D3F9E29D0A3504C27FB62E2B5EEFBC
:10E45000369ED14F3509EB6D5742334544D71ACE1E
:10E460001AF72DF3F4ECDC39DA125128C4D1F63561
:10E47000F9EE76D9FFD751CFB728290C3E13E446E1
:10E48000F459A63BE92906063904CDF417211ED319
:10E49000370EFD07241AE1F6FE24442C260CDB0778
:10E4A000ED31F8DDF5E0C90D0DFA15DAF046F50DA0
:10E4B000EDDBEB05F3C90B41E4D90241F17FCFEE6F
:10E4C000EF1005F657B54A36DB1AE727F2DE2DE7DF
:10E4D0004797B94441B702240739004BBF28B8D247
:10E4E000D30E41F8FB0F4EC011E20E0D144DEFE7B5
:10E4F000E6C2C62809453A1B3381E7F94127AD1E1C
:10E50000E5F8E518F0F2E423FD1E09DCE5F11C3323
:10E51000F20613E00ABBACCD0EECF7EE227FEF095A
:10E5200018F7D2D6D1FC0E0A2834D3E918E5E5E570
:10E530000B47D01622222703FF1E1A27E10CF6FFF5
:10E54000EA17E2D017F4BCF6BDDD5EF9DDE0DECE01
:10E550003516FCA6E9F7F836B29291BFE84457F0B9
:10E56000CBFC9C26E3F8C62A4AFFC00230E3A8434E
:10E570007F48F4472E0A37DAED1509D130EBF2D097
:10E58000B921F6142FCA7FBC2BC604051EF258B35E
:10E590007BA91C453BB81BE225D81EF52310F03F94
:10E5A000CECE25221ADAE0221DB3083356DB0DCA7F
:10E5B000EEE90A2107F3125016E6FC97550BEC2200
:10E5C000AF174412621458452721550FDC81171DDF
:10E5D000401A532447F1BB2B03DC23292FD72E27C6
:10E5E0008C41D9313D00F05306B50D461E36094C1D
:10E5F0003D07291F374C34A5E91D111A7736B6009F
:10E6000019B326171EBA0E91F7EA0CEB05F5E5FDD6
:10E61000F3D9FA4447BDF8F626AA06F4D5FC19F159
:10E6200081FA5E170F05F1F9AF18A22C0CE9C2EAC6
:10E63000F10D1F0C2F2C0DF1D5F50C346908F26883
:10E64000F7E5D8BCFCCD27C9F5DFEFEA2429E63190
:10E650002CE2A10F20122AF4D2DA5D342510AB0C83
:10E66000F8E712DA05321301B2391601D1EE098149
:10E67000E80CFE2CD13F0BB8D0C82619D323B60521
:10E680003DA2EB07C0245D0D3C1EF7D97FED2CD9D0
:10E6900030DBFA220DD7EBC9FF170B2CFEF914FD66
:10E6A000EFE641EB191D23D8DF16E2FC0B420CD735
:10E6B000DC26D3B5EEE93E14EEC9081A3C282AED53
:10E6C000EFA2EF0E00433E11AAECDAD08CF5FC0B62
:10E6D0001E573EA30AD3AFE6DDD8E51903161E1A6E
:10E6E000ED1EB6202211FD1ABC0E187C37C7F9DFCB
:10E6F0004C0B26DA58F4410381A167DF0B2B173D41
:10E700009ECAC8FEDE01E833C35EE22E29DE371E54
:10E710001B441CEE081FFF1FF3C014BB095B02253E
:10E72000F616F7EC7FE60262C83612E132EFF3E448
:10E73000B43406F1D7E5E750329E09CB05C8C322B1
:10E74000F3DB66E39BD34E1F4548DBF105D9BCF1F3
:10E7500003E568B67F282176D0EF23E46AF7D33A41
:10E760003419D6CDFF3EF6F625100F4DEC58BA22DF
:10E7700009F0F56244BD135CEE25F9CA5E0EC7418F
:10E7800021F750DCB33FCDCE390981A93033F624CF
:10E79000D4F8CB2915E83918B91506F30472B5D4A5
:10E7A000D5E60EA2BD0570B3A72222F8C55102A37B
:10E7B000D5D9B6B12DC225F3C4833F5DF722BCE5A0
:10E7C000650744100BDAD65022382AEF4DEA46BFCF
:10E7D000FF592BBC79DC0CE80D20943B55443A20C2
:10E7E000D1142818A73AFF10450AF818D054D5CDEF
:10E7F00045D8B8180A860133AEB307B37FEEF147A8
:10E800000FEC67E5F00C433133EEE025F7E22A5DCB
:10E81000D52618DE6C320D4F4C1DB2D71D2D0B2C9A
:10E82000DFFB2812505141CEF0F92C332222CC0CC0
:10E83000A2E416DCDDDCFD213A0DFDCA7FD9380EDD
:10E84000D62D1814C4C820CE05D13581DB2F05097B
:10E85000EF2E2E04D7EE09EF05CA23E60FCC2B08C6
:10E860008E31111CF5E8C059143D10F9D9FAFE1388
:10E87000D61A35B305182199BC40FCF209270DBE04
:10E8800039BEA035DC1553262690A1E4FDB54822FB
:10E8900035D6DA6361EED545A2FE2DB73BF5053BD3
:10E8A0001415BB38244AF0EE8106170E5D4608D2D7
:10E8B000FF20169407342EC49CD627FB711F9A356F
:10E8C000ABCCA6074B0731FB14E710DEE70CF58154
:10E8D000FF6C2FAEF700F8124DDDD44ACFF15FDEAA
:10E8E0003B31825DCDF4FDFE7D0EC2E12EE2A3063A
:10E8F0004D2DF2D6DB56F92AEAEDC928370026FA63
:10E90000A118E50307020216062127211EFFF2E2E5
:10E91000EECECCF0D8000000D0F701FCFFF6F4FCFE
:10E9200003D2D3D2DBE5F3F0F6000000EFEC1032B7
:10E930003D2F13ECFD00201113F2E300C70000008F
:10E94000E705F9F1F9FEFAE3E0F3160C17151418D0
:10E95000FF000000B7F202E90E08FD1706FDFB0DEF
:10E96000112E15F3AA000000FA1416FA13F9130574
:10E9700012140C0AE40C280D4E000000D0FA03F328
:10E980000E06FBD7CBE6030A0D0B061A1E0000008D
:10E99000EAF5041211FE04101B1B171419F0D6E738
:10E9A000CB00000098EEF6EEEAF90C1208EDDCEB75
:10E9B00002FDF8F3E30000001808F20C02F1FCE39A
:10E9C000F80DFA25030824D681000000C4CFD9E34E
:10E9D000E407FDF6EBFFF7151015F5F3F400000062
:10E9E0002A02E200DFF3FEF801F6F8EF0E0CFF0159
:10E9F000CC00000006030CF5F7DFF5F5ED0004FD93
:10EA0000EBEDDAC69D0000001315EAE0F80D0D0AE3
:10EA10001E0904EACFD9F2F5E90000002011F5043F
:10EA2000FA04EDE1EBDFD8F604EFF3E2F5000000C5
:10EA3000F1F83500170AE6E0FAE5EDE7EDDADBEB91
:10EA4000C4000000FAEAFAEAEFEEE8EACAF710EECC
:10EA5000CEEB02EAFF000000FEF7F106F50D0A0317
:10EA6000F1E6ECE30CF5F2FCD5000000200FFCEF22
:10EA7000DAE0E2FAE9E4F0F2F200F0E7D9000000AF
:10EA8000DD302C33472C1F100FF6FEFCDBDCE3E6F9
:10EA9000EC000000B0F1F511EFF2FBF20A0001E129
:10EAA000E1ED05FEFA000000F0E5C4D7E415091910
:10EAB000EEE7FE171C0917F608000000CCE1E6EEB1
:10EAC000E3F3F2150A02F2E4E6DFE1E0CE00000033
:10EAD0002B1E1B000CE707F3F0F8EEF2F809FEF826
:10EAE000E4000000E70C03FCEFEA01DAF6FDF6FFB4
:10EAF000F1F7E0D3D7000000B500FAF8EAF101071A
:10EB0000FB03F9FC10FD12012A000000230BE9E8C9
:10EB1000EAEC08F901F3EDE5D6E50200C1000000DA
:10EB2000E0EDFF0A160909170D05150E00D1D2F107
:10EB3000B9000000CA0D0810070E13DCF8FEEBEF59
:10EB4000EEFCF6DDBF000000B20A0FF7F508E9039E
:10EB50000B01F8F5F0FBFD13FF000000E1F8EFFEFC
:10EB6000F907EBDCDFD1ECD0DFCEE7EAC50000002F
:10EB7000ECEEF9EADCF71617140914F712E706F3BE
:10EB8000AB000000F4F513111C0A0F040D020E086F
:10EB9000EE191D094E000000280A220A1116FDFA7E
:10EBA0000E03ECEDDDD9C3CBBA000000F1140B0667
:10EBB0001F1915171A151716161D23205A000000C5
:10EBC000B3F8E3D6DAF8F7D7EBE4ECE5F4FEF204B9
:10EBD000DE000000F2F9E6091206F8160CFCF2E677
:10EBE000E1DADDBDC2000000FFF8020DFFE4EBFD3D
:10EBF00000DDD1E3C6CCFAF7E6000000C8F0F8E289
:10EC0000F4E1ECFF12FDFD161416FDF5F80000000E
:10EC1000200800F5FAFE0FFD090E110F071319FD6C
:10EC20003900000014031707FB11EC0D060712FD55
:10EC3000000609E08B00000007ECECE9FEE40208A6
:10EC400010FE04EACBD9DDD9B3000000DBF0F7EE0B
:10EC5000F1F3DAF1EEEEF8F1E4F90AF6E50000007E
:10EC600025150205F3EB02D6DAEAE0DECDE2E2E6B4
:10EC7000FC000000571BFF0FF006FB040BFF020017
:10EC8000F308120D3900000000ECF6080D0DEAF053
:10EC9000EAEACCE7D0DBD9D7C00000001010FDFDB8
:10ECA0000AE7FCF912261D060FFBF2D5C50000008D
:10ECB000D1E9FFE9F6F2F9030906F508171300EFA9
:10ECC000AF000000DFE9DCD4EA07D2F3120A0F0834
:10ECD0000E0AFA121F0000001A03EBFAE0CAD6DD92
:10ECE000000E04270D0DFBFFEE000000DBF3EADE53
:10ECF000F9F40DEDECF6D2F1EAD9E2F0A80000004B
:10ED0000D0F1E3DAE2F3EAE6E9EEE6ECF4EBEBF17C
:10ED1000B4000000F014FAECDDF4F7FAF70D14EE8D
:10ED2000FCFBF6E796000000BEF3F6E9EAE7D8E55B
:10ED300004F0E0FEF2F2D0EDF1000000CC01EED2E2
:10ED4000F8E7F100121914E9D2F1F10CEC0000001F
:10ED50000303D90C050420FA000EE31D221B15FC49
:10ED6000A3000000C3E7FAE003FEF7EFEFE4DE1ACA
:10ED700009010C101E000000FDF2F1F30C0CF3D79A
:10ED8000EB0807FB01E3C7C9D9000000CEEDEEFC9C
:10ED9000E5F5E6F2D8E5DFDFD6DDF3F1F0000000BF
:10EDA000E4F9FAE7E4D6CFE5011018060404CCC173
:10EDB000BC000000D7022B000410F21D1D08F3EA6E
:10EDC000F7E3DCC9C8000000DFECE5EFEEEBF9E2A9
:10EDD00001FAF403EB00F1F2F40000000012F9F183
:10EDE000EC05E7ECF2FAF11D1601FFCFAD000000D3
:10EDF0000008EC01EAF3EAD70A1A211610FAF4EF38
:10EE0000F100000053D4ECFFC01F002000010000FF
:10EE1000B91E0100631E0100020000003320010042
:10EE200000000000000000000000000000000000E2
:10EE3000350502003D050200000000000000000052
:10EE40000000000045050200490502004D050200D2
:10EE5000510502005CEE01001C3A002085540000C0
:10EE6000343A0020DE40002001000000E7200100CD
:10EE7000DD200100AB200100A954000000000000CB
:10EE80009F2001000000000043230100292301000E
:10EE900000000000600000200000000006000100EB
:10EEA00002000000A8EE010000000000120F0200A6
:10EEB00006000000E0CF1F00000000201A0F020033
:10EEC00021000000E0FB07209801002051720000A3
:10EED00001000000000000000000000028280700DA
:10EEE000040000000200000000010100F8EE010033
:10EEF000000000000000000000000D5004EF0100C1
:10EF0000010000000CEF01000200000024000014CA
:10EF1000250000156D6F000055710000616E000046
:10EF2000A573000095740000000000003976000011
:10EF30004D750000021302001B250100172501007A
:10EF400008130200052501000B2501000E13020025
:10EF500000A0105000820D500004055000860D5096
:10EF6000B8550100F05501000C560100D4550100C0
:10EF7000FF03000000A01050BC01002000000000B2
:10EF800000000000FF1F000000860D5070020020EE
:10EF90000000000003000000FFFFFFFF00820D5093
:10EFA000700200200000000001000000FF070000C8
:10EFB00000040550000000000000000002000000F6
:10EFC00000A0105000820D500004055000860D5026
:10EFD00000600C500000000000000000FCEF010089
:10EFE00000C201000000D601000000000000004047
:10EFF00000100000E1400020E040002000600C50C4
:10F0000008F001000100000010F001000400000001
:10F010003000000032000002310600013306000318
:10F02000D4F0010001000000D0F001000100000058
:10F03000CCF0010001000000C8F001000100000058
:10F04000BCF0010003000000B0F00100030000006C
:10F050009CF001000500000090F00100030000009A
:10F060007CF001000500000070F0010003000000CA
:10F07000F8F0010048F1010008F10100E8F001009A
:10F0800028F10100F8F0010048F1010008F1010049
:10F09000E8F0010028F10100F8F00100D8F00100CB
:10F0A00038F10100F8F0010048F1010008F1010019
:10F0B000D8F0010038F10100F8F00100D8F00100AB
:10F0C00018F10100E8F0010008F10100F8F001007A
:10F0D000E8F00100D8F0010000000000C43B00206F
:10F0E000B43B00200020045000010000C83B002079
:10F0F000B83B00200020085000020000CC3B00205C
:10F10000BC3B002000200C5000030000D03B00203E
:10F11000C03B00200020105001040000D43B002020
:10F12000004004500030085001050000D83B00208A
:10F130000040085000400C5001060000DC3B00205D
:10F140000050045000300C5001070000E03B00204C
:10F1500000500C500030105000A0105000820D5094
:10F160000004055000860D50080000000A00000051
:10F17000040000000100000000A0105000820D50AB
:10F180000004055000860D50F41B0200021C020012
:10F19000161C0200251C0200311C0200F454010060
:10F1A0000C5501005C550100645501008C550100AF
:10F1B0009C550100BD2002000001000088130000E2
:10F1C0002D510100000101000002020000140000A6
:10F1D00000280000004000000100000002000000C4
:10F1E000E4F1010000000000000000000000000049
:10F1F0000000000000000000FCF101000F00000012
:10F2000000000000000000000600000000000000F8
:10F210000000E000BA018E025D032704EB04AA059A
:10F2200064061907C80773081909BA09560AED0ACE
:10F23000800B0F0C980C1E0D9F0D1B0E940E080FCB
:10F24000780FE40F4C10B01010116C11C511191289
:10F250006A12B712001346138913C71303143A1422
:10F260006F14A014CE14F8142015441565158315D9
:10F270009D15B515CA15DB15EA15F615FF1505160A
:10F280000816091606160116FA15EF15E215D2151D
:10F29000C015AB1594157A155E153F151E15FA1499
:10F2A000D414AB14811453142414F213BE13881312
:10F2B00050131513D9129A1259121612D1118A111C
:10F2C0004011F510A81058100710B40F5F0F080F69
:10F2D000AF0E540EF70D990D380DD60C720C0C0CA8
:10F2E000A50B3B0BD00A630AF509850913099F0892
:10F2F0002A08B3073B07C1064506C8054905C804E7
:10F300004604C3033E03B7022F02A5011A018E0073
:10F3100000000000010000000000000000000000EC
:10F3200000000000000000000000004095596959ED
:10F33000555554551555555604051541105455400D
:10F3400045515544404550445055554500400040B6
:10F350004004449665555655454045545141154025
:10F36000559155555555405105010000544554548B
:10F37000455505040010041014044000000001402D
:10F3800055551541540400004400010000000040A0
:10F390004100004450444550540055555455655162
:10F3A00000400040010000010005010011545151CE
:10F3B0005455550500154150000004401001040546
:10F3C00000000000FB21F93FFB2109407CD91240DD
:10F3D000FB2119407A6A1F407CD92240BBFD2540A1
:10F3E000FB2129403A462C407A6A2F405C47314045
:10F3F0007CD932409C6B3440BBFD3540DB8F3740BD
:10F40000FB2139401BB43A403A463C405AD83D4073
:10F410007A6A3F404C7E40405C4741406C1042401D
:10F420007CD942408CA243409C6B4440AC34454064
:10F43000BBFD4540CBC64640DB8F4740EB584840BC
:10F44000FB21494083F9A200444E6E00FC291500BF
:10F45000D1572700DD34F50062DBC0003C999500F0
:10F46000419043006351FE00BBDEAB00B761C500B5
:10F470003A6E2400D24D42004906E00009EA2E000F
:10F480001C92D100EB1DFE0029B11C00E83EA70034
:10F49000F535820044BB2E009CE98400B426700040
:10F4A000417E5F00D6913900538339009CF43900C6
:10F4B0008B5F840028F9BD00F81F3B00DEFF97003A
:10F4C0000F980500112FEF000A5A8B006D1F6D0079
:10F4D000CF7E360009CB2700464FB7009E663F001F
:10F4E0002DEA5F00BA277500E5EBC7003D7BF10010
:10F4F000F739070092528A00FB6BEA001FB15F00E8
:10F50000085D8D00300356007BFC4600F0AB6B00BD
:10F5100020BCCF0036F49A00E3A91D005E61910083
:10F52000081BE60085996500A0145F008D40680007
:10F5300080D8FF0027734D0006063100CA5615001B
:10F54000C9A873007BE260006B8CC0000000000063
:10F55000DCCFD1350000000000C0153F0000803F27
:10F560000000C03F000FC93F000F494000CB96404C
:10F57000000FC9400053FB4000CB164100ED2F4166
:10F58000000F49410031624100537B41003A8A41FA
:10F5900000CB9641005CA34100EDAF41007EBC4131
:10F5A000000FC94100A0D5410031E24100C2EE4147
:10F5B0000053FB4100F20342003A0A42008310422A
:10F5C00000CB164200141D42005C234200A52942D4
:10F5D00000ED2F4200363642007E3C4200C74242D8
:10F5E000000F4942A2000000F90000008300000063
:10F5F0006E0000004E0000004400000015000000F6
:10F6000029000000FC000000270000005700000057
:10F61000D1000000F500000034000000DD00000013
:10F62000C0000000DB000000620000009500000048
:10F63000990000003C000000430000009000000022
:10F6400041000000FE0000005100000063000000C7
:10F65000AB000000DE000000BB000000C5000000A1
:10F6600061000000B7000000240000006E000000F0
:10F670003A000000420000004D000000D2000000EF
:10F68000E000000006000000490000002E0000001D
:10F69000EA00000009000000D10000009200000014
:10F6A0001C000000FE0000001D000000EB00000038
:10F6B0001C000000B100000029000000A7000000AD
:10F6C0003E000000E800000082000000350000005D
:10F6D000F50000002E000000BB0000004400000008
:10F6E00084000000E90000009C00000070000000A1
:10F6F00026000000B40000005F0000007E00000053
:10F70000410000003900000091000000D600000018
:10F7100039000000830000005300000039000000A1
:10F72000F40000009C000000840000005F00000066
:10F730008B000000BD000000F90000002800000060
:10F740003B0000001F000000F800000097000000D0
:10F75000FF000000DE00000005000000980000002F
:10F760000F000000EF0000002F000000110000005B
:10F770008B0000005A0000000A0000006D0000002D
:10F780001F0000006D000000360000007E00000039
:10F79000CF00000027000000CB000000090000009F
:10F7A000B70000004F000000460000003F000000CE
:10F7B000660000009E0000005F000000EA000000FC
:10F7C0002D0000007500000027000000BA000000B6
:10F7D000C7000000EB000000E5000000F1000000A1
:10F7E0007B0000003D000000070000003900000021
:10F7F000F70000008A0000005200000092000000A4
:10F80000EA0000006B000000FB0000005F00000049
:10F81000B10000001F0000008D0000005D0000002E
:10F820000800000056000000030000003000000047
:10F8300046000000FC0000007B0000006B000000A0
:10F84000AB000000F0000000CF000000BC00000092
:10F85000200000009A000000F400000036000000C4
:10F860001D000000A9000000E3000000910000005E
:10F87000610000005E000000E60000001B000000C8
:10F8800008000000650000009900000085000000ED
:10F890005F00000014000000A000000068000000ED
:10F8A000400000008D000000FF000000D8000000B4
:10F8B000800000004D0000007300000027000000E1
:10F8C00031000000060000000600000015000000E6
:10F8D00056000000CA00000073000000A8000000ED
:10F8E000C900000060000000E20000007B00000092
:10F8F000C00000008C0000006B000000020000004F
:10F900000300000004000000060000000000C93FE2
:10F910000000F0390000DA370000A2330000842E26
:10F920000000502B0000C2270000D0220000C41F9E
:10F930000000C61B00004417040000000700000080
:10F9400009000000FF7F008000208020002180212E
:10F95000FF217F22FE227C23FB237824F6247225BC
:10F96000EE256926E4265E27D6274E28C5283B29A2
:10F97000B029242A962A072B782BE72B542CC12C4C
:10F980002C2D952DFD2D642ECA2E2E2F902FF12F6C
:10F990005130AF300B316631BF3117326D32C23268
:10F9A00015336733B733063453349F34E934313574
:10F9B0007935BE35023645368636C6360537423786
:10F9C0007E37B837F13729385F389438C838FB3874
:10F9D0002C395C398B39B939E639113A3C3A653AF8
:10F9E0008E3AB53ADB3A013B253B493B6B3B8D3BBD
:10F9F000AD3BCD3BEC3B0A3C283C443C603C7B3C73
:10FA0000953CAF3CC73CE03CF73C0E3D243D393DC6
:10FA10004E3D633D773D8A3D9C3DAF3DC03DD13D70
:10FA2000E23DF23D023E113E203E2E3E3C3E4A3E2D
:10FA3000573E633E703E7C3E883E933E9E3EA93ECE
:10FA4000B33EBD3EC73ED03ED93EE23EEB3EF33E26
:10FA5000FB3E033F0B3F123F1A3F213F273F2E3F04
:10FA6000343F3B3F413F463F4C3F513F573F5C3F58
:10FA7000613F663F6A3F6F3F733F783F7C3F803F07
:10FA8000843F883F8B3F8F3F923F963F993F9C3FFB
:10FA90009F3FA23FA53FA83FAA3FAD3FB03FB23F27
:10FAA000B43FB73FB93FBB3FBD3FBF3FC13FC33F7F
:10FAB000C53FC73FC93FCA3FCC3FCE3FCF3FD13FF5
:10FAC000D23FD43FD53FD63FD73FD93FDA3FDB3F88
:10FAD000DC3FDD3FDE3FDF3FE03FE13FE23FE33F32
:10FAE000E43FE53FE63FE73FE73FE83FE93FEA3FE6
:10FAF000EA3FEB3FEC3FEC3FED3FED3FEE3FEF3FAA
:10FB0000EF3FF03FF03FF13FF13FF23FF23FF23F76
:10FB1000F33FF33FF43FF43FF43FF53FF53FF53F4C
:10FB2000F63FF63FF63FF73FF73FF73FF73FF83F27
:10FB3000F83FF83FF83FF93FF93FF93FF93FFA3F07
:10FB4000FA3FFA3FFA3FFA3FFF03FFFFFF07FF1FAD
:10FB5000FF03FFFFFF07FF1FFF03FFFFFF07FF1F5D
:10FB6000FF03FFFFFF07FF1F0A3D3D3D2030395FC8
:10FB7000646F675F6261726B5F646574656374690B
:10FB80006F6E3A206465746563746F7220646520DB
:10FB90006C617469646F206E61204E50552041780D
:10FBA0006F6E203D3D3D0A004552524F3A20696E2E
:10FBB000697420646F206D6F64656C6F2066616C82
:10FBC000686F750A004D6F64656C6F2070726F6EA0
:10FBD000746F3A20736F6C7574696F6E2025732C87
:10FBE000206A616E656C6120646520257520616DF9
:10FBF0006F73747261730A004552524F3A207064F9
:10FC00006D3230206E616F20657374612070726F89
:10FC10006E746F0A004552524F3A20646D69635FFB
:10FC2000636F6E6669677572652066616C686F7573
:10FC300020282564290A004552524F3A20646D69F4
:10FC4000635F747269676765722053544152542030
:10FC500066616C686F7520282564290A0045736306
:10FC60007574616E646F2E20546F71756520756DAB
:10FC7000206C617469646F20706572746F20646FAA
:10FC8000206D6963726F666F6E652E0A0A004552B9
:10FC9000524F3A20646D69635F72656164206661EA
:10FCA0006C686F7520282564290A003E3E3E204C72
:10FCB000415449444F20287069636F2025642525ED
:10FCC0002920E28094206576656E746F2025750A80
:10FCD000005B6C617469646F5D207069636F2064A0
:10FCE0006F20756C74696D6F20736567756E646FD6
:10FCF0003A2025336425252020286576656E746FAB
:10FD0000733A202575290A0061786F6E5F757365F7
:10FD1000725F696E7374616E63655F736F756E6435
:10FD20005F6576656E745F646F675F6261726B00BA
:10FD30006865617020636F7272757074696F6E2090
:10FD40002866726565206C697374206C696E6B61DE
:10FD5000676529006865617020636F7272757074E1
:10FD6000696F6E202866726565206368756E6B200A
:10FD70006C696E6B61676529006865617020636FEF
:10FD80007272757074696F6E20286E6F7420696E60
:10FD9000207573653F2920617420257000686561B6
:10FDA0007020636F7272757074696F6E202862754F
:10FDB00066666572206F766572666C6F773F292084
:10FDC0006174202570006865617020636F727275C0
:10FDD0007074696F6E20286C656674206E65696743
:10FDE00068626F723F292061742025700068656128
:10FDF0007020636F7272757074696F6E2028646F03
:10FE000075626C6520667265653F292061742025E6
:10FE10007000574553545F544F504449522F7A65F0
:10FE2000706879722F6C69622F686561702F6865E0
:10FE300061702E630028616C69676E20262028613E
:10FE40006C69676E202D20312929203D3D2030002E
:10FE5000415353455254494F4E204641494C205B33
:10FE600025735D20402025733A25640A0009616CE2
:10FE700069676E206D757374206265206120706FF4
:10FE8000776572206F6620320A006279746573208C
:10FE90003E20686561705F666F6F7465725F62793E
:10FEA00074657328627974657329000968656170E7
:10FEB0002073697A6520697320746F6F20736D6198
:10FEC0006C6C0A00686561705F737A203E2063681D
:10FED000756E6B737A2873697A656F6628737472AE
:10FEE000756374207A5F686561702929006368759D
:10FEF0006E6B305F73697A65202B206D696E5F636E
:10FF000068756E6B5F73697A65286829203C3D20AF
:10FF1000686561705F737A006F735F686561700018
:10FF2000574553545F544F504449522F7A65706877
:10FF300079722F6C69622F6F732F63627072696EB2
:10FF400074665F7061636B616765642E630009535B
:10FF50007472696E67207769746820746F6F206DA2
:10FF6000616E7920617267756D656E74730A000940
:10FF70007374725F7074725F706F735B5D20746F07
:10FF80006F20736D616C6C0A0009746F6F206D6176
:10FF90006E7920666F726D617420617267730A00FA
:10FFA000696E5F7061636B6167656420213D202825
:10FFB00028766F6964202A2930290028756E7369B4
:10FFC000676E6564292063686172202A20757365F5
:10FFD0006420666F722025257020617267756D65DB
:10FFE0006E742E2049742773207265636F6D6D6582
:10FFF0006E64656420746F2063617374206974207B
:020000022000DC
:10000000746F20766F6964202A206265636175735E
:1000100065206974206D6179206361757365206D59
:1000200069736265686176696F7220696E206365C5
:10003000727461696E20636F6E6669677572617450
:10004000696F6E732E20537472696E673A2225733E
:100050002220617267756D656E743A256400736362
:1000600070795F636E74203C2073697A656F6628CF
:100070006370795F7374725F706F7329006B65656D
:10008000705F636E74203C2073697A656F66286BBD
:100090006565705F7374725F706F7329006362705F
:1000A00072696E74665F7061636B61676500574566
:1000B00053545F544F504449522F7A657068797297
:1000C0002F696E636C7564652F7A65706879722F1D
:1000D0006B65726E656C2E6800216B5F69735F7073
:1000E00072655F6B65726E656C282900096B5F63D2
:1000F000757272656E745F6765742063616C6C65A0
:1001000064207072652D6B65726E656C0A005745D0
:1001100053545F544F504449522F7A657068797236
:100120002F6C69622F6F732F6D7073635F706275D0
:10013000662E6300657272203D3D203000574553A6
:10014000545F544F504449522F7A65706879722F2A
:10015000696E636C7564652F7A65706879722F7348
:1001600070696E6C6F636B2E68007A5F7370696E76
:100170005F6C6F636B5F76616C6964286C29000942
:10018000496E76616C6964207370696E6C6F636B25
:100190002025700A007A5F7370696E5F756E6C6FF0
:1001A000636B5F76616C6964286C2900094E6F741B
:1001B000206D79207370696E6C6F636B2025700AF7
:1001C000007379735F6765746F707400574553549B
:1001D0005F544F504449522F7A65706879722F6C82
:1001E00069622F7574696C732F6F6E6F66662E630C
:1001F000007374617465203D3D2030550021737992
:10020000735F736C6973745F69735F656D70747924
:1002100028266D67722D3E636C69656E74732900C4
:100220007472616E73697420213D202828766F698D
:1002300064202A293029007374617465203D3D20B3
:100240002831554C203C3C2028312929006D67720B
:100250002D3E72656673203D3D20300073746174DD
:1002600065203D3D202831554C203C3C202830293C
:1002700029006D67722D3E72656673203E20300046
:10028000574553545F544F504449522F7A65706814
:1002900079722F6C69622F7574696C732F6E6F742D
:1002A0006966792E6300574553545F544F50444953
:1002B000522F7A65706879722F696E636C75646508
:1002C0002F7A65706879722F6C6F6767696E672F18
:1002D0006C6F675F6261636B656E642E680062615C
:1002E000636B656E6420213D202828766F69642049
:1002F0002A293029006C6F6767696E67005745537C
:10030000545F544F504449522F7A65706879722F68
:100310007375627379732F6C6F6767696E672F6C83
:100320006F675F636F72652E63006C6F675F6261FA
:10033000636B656E645F636F756E745F6765742869
:1003400029203C2028283332202F20335529202DE6
:10035000202831202B20302929006261636B656ED3
:1003600064203C3D205F6C6F675F6261636B656E0C
:10037000645F6C6973745F656E640009756E65789F
:10038000706563746564206C69737420656E6420A5
:100390006C6F636174696F6E0A006C6F675F626196
:1003A000636B656E645F636F756E745F67657428F9
:1003B00029203E2030006C6F67006C6F675F6D67AF
:1003C0006D74004D65737361676520282225732263
:1003D000292064726F707065642062656361757353
:1003E0006520697420657863656564732073697A34
:1003F00065206C696D69746174696F6E202825755C
:100400002900574553545F544F504449522F7A6541
:10041000706879722F7375627379732F6C6F676769
:10042000696E672F6C6F675F6D73672E6300706C0A
:10043000656E203E3D2030004D6573736167652019
:1004400064726F70706564206265636175736520A6
:10045000697420657863656564732073697A6520C3
:100460006C696D69746174696F6E20282575290047
:100470000D0A00574553545F544F504449522F7A48
:1004800065706879722F7375627379732F6C6F67FB
:1004900067696E672F6C6F675F6F75747075742E08
:1004A00063006F75745F6374782D3E636F6E747252
:1004B0006F6C5F626C6F636B2D3E6F666673657405
:1004C000203C3D206F75745F6374782D3E73697AAC
:1004D00065001B5B306D006C6576656C203C3D20D3
:1004E0003400257320005B2530386C755D20005B7F
:1004F000253032753A253032753A253032752E2541
:100500003033752C253033755D20002573003C2574
:10051000733E200025732F0025733A200065727208
:10052000203E3D2030002530327820002020200061
:100530007C002563001B5B313B33316D001B5B315D
:100540003B33336D006572720077726E00696E66C0
:100550000064626700574553545F544F50444952FA
:100560002F7A65706879722F7375627379732F6C47
:100570006F6767696E672F6261636B656E64732F67
:100580006C6F675F6261636B656E645F75617274E7
:100590002E63006465766963655F69735F72656188
:1005A000647928756172745F64657629006C6F6781
:1005B0005F6261636B656E645F75617274006C6F1E
:1005C000675F75617274002A2A2A20426F6F74690E
:1005D0006E67206E524620436F6E6E6563742053C3
:1005E000444B2076332E342E302D39393535333087
:1005F000353536303762202A2A2A0A002A2A2A204C
:100600005573696E67205A6570687972204F532060
:1006100076342E342E302D626638303165346533B1
:10062000643139202A2A2A0A004552524F52212089
:100630004D4F44454C204C41434B5320414E2045A7
:10064000585445524E414C20494E505554210A00B1
:1006500041786F6E204E4E3A20496E76616C696427
:10066000205369676D6F6964206279746577696486
:1006700074682025640A00433A2F6E63732F7364F5
:100680006B2D656467652D61692F656467652D61F4
:10069000692F6C69622F61786F6E2F706C61746660
:1006A0006F726D2F7372632F7A65706879722F6E17
:1006B00072665F61786F6E5F706C6174666F726D89
:1006C0005F7A65706879722E63007263203D3D2009
:1006D0003000726573756C74203D3D2030006D6C88
:1006E00073730072302F61313A2020307825303812
:1006F00078202072312F61323A202030782530382E
:1007000078202072322F61333A202030782530381B
:10071000780072332F61343A2020307825303878D1
:10072000207231322F69703A2020307825303878A5
:10073000207231342F6C723A20203078253038788E
:100740000020787073723A20203078253038780095
:10075000735B2532645D3A2020307825303878206C
:1007600020735B2532645D3A20203078253038785C
:100770002020735B2532645D3A20203078253038A4
:10078000782020735B2532645D3A20203078253054
:1007900038780066707363723A20203078253038DC
:1007A00078004661756C74696E6720696E73747247
:1007B000756374696F6E2061646472657373202859
:1007C0007231352F7063293A20307825303878001F
:1007D000556E68616E646C6564204952516E3A20B2
:1007E0002564002A2A2A2A2A2055534147452046B3
:1007F00041554C54202A2A2A2A2A0020204469766E
:100800006973696F6E206279207A65726F002020AB
:10081000556E616C69676E6564206D656D6F727988
:1008200020616363657373002020537461636B20E0
:100830006F766572666C6F772028636F6E7465786B
:10084000742061726561206E6F742076616C6964DA
:10085000290020204E6F20636F70726F6365737381
:100860006F7220696E737472756374696F6E730052
:100870002020496C6C6567616C206C6F6164206F2F
:1008800066204558435F52455455524E20696E7458
:100890006F205043002020496C6C6567616C2075A7
:1008A0007365206F662074686520455053520020A0
:1008B00020417474656D707420746F206578656371
:1008C00075746520756E646566696E656420696E11
:1008D000737472756374696F6E002A2A2A2A2A203B
:1008E0004D5055204641554C54202A2A2A2A2A0088
:1008F0002020537461636B696E67206572726F723A
:100900002028636F6E746578742061726561206D54
:1009100069676874206265206E6F742076616C6907
:100920006429002020556E737461636B696E6720C3
:100930006572726F720020204461746120416363AC
:100940006573732056696F6C6174696F6E00202047
:100950004D4D46415220416464726573733A2030B4
:10096000782578002020496E737472756374696FFE
:100970006E204163636573732056696F6C6174699F
:100980006F6E002020466C6F6174696E672D706F0A
:10099000696E74206C617A7920737461746520705B
:1009A0007265736572766174696F6E206572726FBD
:1009B0007200574553545F544F504449522F7A6543
:1009C000706879722F617263682F61726D2F636F27
:1009D00072652F636F727465785F6D2F6661756CD9
:1009E000742E6300212828285343425F5479706590
:1009F000202A2920282830784530303045303030C2
:100A0000554C29202B20307830443030554C29204B
:100A1000292D3E434653522026202831554C203C58
:100A20003C20283055202B203455292929000953F2
:100A30007461636B696E67206F722044617461201A
:100A40004163636573732056696F6C6174696F6E7F
:100A5000206572726F7220776974686F7574207385
:100A60007461636B2067756172642C2075736572A5
:100A70002D6D6F6465206F72206E756C6C2D706FBC
:100A8000696E74657220646574656374696F6E0A5B
:100A90000A002A2A2A2A2A20425553204641554C28
:100AA00054202A2A2A2A2A002020537461636B6961
:100AB0006E67206572726F720020205072656369E4
:100AC0007365206461746120627573206572726F52
:100AD0007200202042464152204164647265737363
:100AE0003A2030782578002020496D70726563695E
:100AF0007365206461746120627573206572726F22
:100B000072002020496E737472756374696F6E2071
:100B1000627573206572726F7200526573657276CA
:100B2000656420457863657074696F6E2028005392
:100B3000707572696F757320696E74657272757005
:100B40007420284952512000535053454C20696E5F
:100B500020746872656164206D6F646520646F65E0
:100B600073206E6F7420696E6469636174652050D0
:100B700053500065736620213D202828766F6964F4
:100B8000202A293029000945534620636F756C647B
:100B9000206E6F7420626520726574726965766577
:100BA00064207375636365737366756C6C792E204E
:100BB0005368616C6C206E65766572206F63637537
:100BC000722E0A002A2A2A2A2A2048415244204604
:100BD00041554C54202A2A2A2A2A00202042757383
:100BE000206661756C74206F6E20766563746F7219
:100BF000207461626C652072656164002020446528
:100C0000627567206576656E740020204661756C9C
:100C10007420657363616C6174696F6E20287365FD
:100C2000652062656C6F772900415243485F4558E3
:100C300043455054207769746820726561736F6E04
:100C40002025780A00094661756C7420657363611C
:100C50006C6174696F6E20776974686F7574204673
:100C6000535220696E666F0A0009486172644661DA
:100C7000756C7420776974686F7574204846535298
:100C800020696E666F205368616C6C206E657665B6
:100C900072206F636375720A002A2A2A2A2A204466
:100CA00065627567206D6F6E69746F722065786319
:100CB000657074696F6E202A2A2A2A2A002A2A2A35
:100CC0002A2A20257320256429202A2A2A2A2A0054
:100CD000574553545F544F504449522F7A657068BA
:100CE00079722F617263682F61726D2F636F726505
:100CF0002F636F727465785F6D2F6972715F6D61BC
:100D00006E6167652E63007072696F203C3D20281C
:100D10002831554C203C3C2028332929202D2031D6
:100D2000290009696E76616C6964207072696F725E
:100D300069747920256420666F72202564206972A9
:100D400071212076616C756573206D7573742062F6
:100D500065206C657373207468616E20256C750A5C
:100D60000A006D7075004661696C656420746F20BF
:100D7000616C6C6F63617465206E6577204D5055B2
:100D800020726567696F6E2025750A005061727464
:100D90006974696F6E2025753A20636F68657265A6
:100DA0006E636520636865636B206661696C65646A
:100DB0002E00496E76616C696420756E6465726C94
:100DC00079696E6720726567696F6E20696E646508
:100DD0007820257500574553545F544F504449526D
:100DE0002F7A65706879722F617263682F61726DF6
:100DF0002F636F72652F6D70752F61726D5F6D70EF
:100E0000752E630009436F6E6669677572696E6758
:100E100020257520737461746963204D50552072CC
:100E20006567696F6E73206661696C65640A0A00A4
:100E3000094D61726B696E6720257520617265616D
:100E40007320666F722064796E616D6963207265CC
:100E500067696F6E73206661696C65640A0A0009D0
:100E60005265717565737420746F20636F6E666967
:100E7000677572653A20257520726567696F6E73B4
:100E80002028737570706F727465643A2025752917
:100E90000A0A002128726567696F6E5B6964785D74
:100EA0002E64745F617474722026202831554C20A2
:100EB0003C3C202830292929000952414D5F4E4FE2
:100EC000434143484520776974682044545F4D4549
:100ED0004D5F434143484541424C45206174747223
:100EE00069627574650A0A00094661696C65642067
:100EF000746F20616C6C6F63617465204D50552078
:100F0000726567696F6E732066726F6D2044540A54
:100F10000A00464C4153485F30005352414D5F3008
:100F20000061626F727428290A00574553545F5458
:100F30004F504449522F7A65706879722F6C6962FC
:100F40002F6C6962632F636F6D6D6F6E2F736F759A
:100F50007263652F7374646C69622F6D616C6C6F62
:100F6000632E63006C6F636B5F726574203D3D2080
:100F70003000736F6300416C6C6F63617465642053
:100F80006C6573732047525443206368616E6E65CD
:100F90006C732028256429207468616E2072657145
:100FA000756573746564202825642900574553547A
:100FB0005F544F504449522F6D6F64756C65732FA9
:100FC00068616C2F6E6F726469632F6E7266782F22
:100FD00068616C2F6E72665F677274632E6800635F
:100FE000635F6368616E6E656C203C20283132550A
:100FF0004C290063635F68203C3D202830784646DA
:10100000464646554C203C3C202830554C2929006A
:10101000574553545F544F504449522F7A65706876
:1010200079722F736F632F6E6F726469632F636FB2
:101030006D6D6F6E2F6E72665F7379735F65766527
:101040006E742E630068616E646C65203E3D2030D6
:10105000006576656E745F7265665F636E74203ED0
:10106000203000446576696365206973206E6F7473
:1010700020636F6E666967757265640057455354E7
:101080005F544F504449522F7A65706879722F64CB
:101090007269766572732F617564696F2F646D690B
:1010A000635F6E7266785F70646D2E630064727643
:1010B0005F646174612D3E636C6B5F6D67722021AC
:1010C0003D202828766F6964202A29302900436151
:1010D0006E6E6F7420636F6E6669677572652064EB
:1010E0006576696365207768696C65206974206935
:1010F00073206163746976650052657175657374F8
:10110000656420636F6E66696775726174696F6E7E
:10111000206973206E6F7420737570706F727465C0
:1011200064004F6E6C792031362D626974207361D2
:101130006D706C65732061726520737570706F726D
:101140007465640043616E6E6F742066696E64201E
:101150007375697461626C652050444D20636C6FD7
:10116000636B20636F6E66696775726174696F6E19
:101170002E004661696C656420746F20696E697425
:1011800069616C697A652050444D3A2025640046B7
:1011900061696C656420746F20737461727420508F
:1011A000444D3A202564004661696C656420746F83
:1011B0002072656C6561736520636C6F636B3A20A8
:1011C0002564004661696C656420746F20726571E6
:1011D0007565737420636C6F636B3A2025640049F6
:1011E0006E76616C696420636F6D6D616E643A2028
:1011F0002564004661696C656420746F20616C6CC5
:101200006F63617465206275666665723A20256455
:1012100000556E61626C6520746F20707574206D6E
:10122000656D20736C616220696E207175657565EE
:10123000004661696C656420746F20736574206278
:1012400075666665723A202564004E6F2062756689
:101250006665727320746F2066726565004E6F203C
:10126000726F6F6D20696E205258207175657565BB
:101270000070646D40643030303000646D69635FCD
:101280006E7266785F70646D0063616368655F6E3F
:1012900072667800574553545F544F504449522F5B
:1012A0007A65706879722F647269766572732F63DC
:1012B0006C6F636B5F636F6E74726F6C2F636C6FB8
:1012C000636B5F636F6E74726F6C5F6E72662E63BA
:1012D0000074797065203C20434C4F434B5F434F73
:1012E0004E54524F4C5F4E52465F545950455F43E7
:1012F0004F554E5400636C6F636B40313065303036
:1013000030006866636C6B006C66636C6B006866CB
:10131000636C6B32346D00636C6F636B5F636F6E15
:1013200074726F6C00574553545F544F5044495288
:101330002F7A65706879722F696E636C7564652F9A
:101340007A65706879722F647269766572732F6737
:1013500070696F2F6770696F5F7574696C732E6841
:101360000063616C6C6261636B00094E6F206361A6
:101370006C6C6261636B210A0063616C6C62616317
:101380006B2D3E68616E646C657200094E6F206360
:10139000616C6C6261636B2068616E646C65722164
:1013A0000A00574553545F544F504449522F6D6FB4
:1013B00064756C65732F68616C2F6E6F72646963FE
:1013C0002F6E7266782F68616C2F6E72665F677021
:1013D000696F2E68006E72665F6770696F5F706913
:1013E0006E5F70726573656E745F636865636B28AA
:1013F0002A705F70696E2900574553545F544F50EF
:101400004449522F7A65706879722F6472697665E3
:1014100072732F6770696F2F6770696F5F6E726686
:10142000782E630063622D3E68616E646C657200A5
:101430006770696F40313061303030006770696FBC
:10144000406438363030006770696F40643832303D
:1014500030006770696F403530343030007561722C
:101460007440633630303000756172745F6E72663E
:10147000785F756172746500574553545F544F50DF
:101480004449522F6D6F64756C65732F68616C2FC2
:101490006E6F726469632F6E7266782F68656C7008
:1014A0006572732F6E7266785F677070695F6470C3
:1014B00070692E6300705F6770706920213D20287D
:1014C00028766F6964202A29302900574553545FD4
:1014D000544F504449522F6D6F64756C65732F687B
:1014E000616C2F6E6F726469632F6E7266782F6203
:1014F00073702F737461626C652F736F632F696EE5
:10150000746572636F6E6E6563742F6E7266785F5A
:10151000677070695F64327070692E63006E6F640B
:10152000655F6964203C204E5246585F47505049E1
:101530005F4E4F44455F434F554E54006E6F646598
:101540005F6964203C204E5246585F475050495FC7
:101550004E4F44455F445050495F434F554E5400F1
:10156000574553545F544F504449522F6D6F647523
:101570006C65732F68616C2F6E6F726469632F6E78
:101580007266782F647269766572732F7372632F37
:101590006E7266785F636C6F636B2E63006D5F6362
:1015A0006C6F636B5F63622E6D6F64756C655F69F2
:1015B0006E697469616C697A656400574553545F5C
:1015C000544F504449522F6D6F64756C65732F688A
:1015D000616C2F6E6F726469632F6E7266782F6410
:1015E0007269766572732F7372632F6E7266785F9D
:1015F000636C6F636B5F6C66636C6B2E6300574547
:1016000053545F544F504449522F6D6F64756C654D
:10161000732F68616C2F6E6F726469632F6E7266D0
:10162000782F647269766572732F7372632F6E728E
:1016300066785F636C6F636B5F786F2E63005745EE
:1016400053545F544F504449522F6D6F64756C650D
:10165000732F68616C2F6E6F726469632F6E726690
:10166000782F647269766572732F7372632F6E724E
:1016700066785F636C6F636B5F786F32346D2E6377
:1016800000574553545F544F504449522F6D6F6477
:10169000756C65732F68616C2F6E6F726469632F50
:1016A0006E7266782F647269766572732F737263D7
:1016B0002F6E7266785F6770696F74652E6300576E
:1016C0004553545F544F504449522F6D6F64756CAD
:1016D00065732F68616C2F6E6F726469632F6E7211
:1016E00066782F68616C2F6E72665F6770696F74C1
:1016F000652E6800696E646578203C203800705F54
:10170000696E7374616E636500705F6368616E6EAD
:10171000656C0070696E5F6861735F74726967679A
:10172000657228705F696E7374616E63652C2070DA
:10173000696E2900696E745F656E61626C65007622
:10174000616C7565203C3D20282830784646464629
:10175000554C203C3C202830554C2929203E3E2029
:101760002830554C29290076616C7565203C3D2058
:10177000282830784646554C203C3C202830554C93
:101780002929203E3E202830554C29290028636312
:101790005F6368616E6E656C203C20283132554C69
:1017A0002929202626202876616C7565203C3D205D
:1017B0002830783746464646464646554C203C3CFF
:1017C000202830554C29292900574553545F544F40
:1017D000504449522F6D6F64756C65732F68616C4E
:1017E0002F6E6F726469632F6E7266782F647269F0
:1017F000766572732F7372632F6E7266785F67728D
:1018000074632E63006D5F63622E73746174652070
:101810003D3D204E5246585F4452565F535441540A
:10182000455F494E495449414C495A4544007379F2
:1018300073636F756E7465725F636865636B28634D
:1018400068616E6E656C29203D3D2030006D5F63E0
:10185000622E6368616E6E656C5F646174615B6962
:101860005D2E6368616E6E656C203D3D2069647815
:1018700000574553545F544F504449522F6D6F6485
:10188000756C65732F68616C2F6E6F726469632F5E
:101890006E7266782F68616C2F6E72665F70646D11
:1018A0002E6800287072657363616C6572203E3D1E
:1018B000202830783034554C2929202626202870BD
:1018C00072657363616C6572203C3D202830783707
:1018D00045554C292900574553545F544F504449AE
:1018E000522F6D6F64756C65732F68616C2F6E6F0E
:1018F000726469632F6E7266782F6472697665729E
:10190000732F7372632F6E7266785F70646D2E63CF
:1019100000705F696E7374616E63652026262070A7
:101920005F636F6E666967202626206576656E7434
:101930005F68616E646C657200705F636F6E66698C
:101940006700705F63622D3E6472765F73746174CA
:101950006520213D204E5246585F4452565F5354F5
:101960004154455F554E494E495449414C495A45A9
:1019700044006F75747075745F636F6E666967207D
:101980002626207072657363616C6572730057451B
:1019900053545F544F504449522F6D6F64756C65BA
:1019A000732F68616C2F6E6F726469632F6E72663D
:1019B000782F647269766572732F7372632F6E72FB
:1019C00066785F706F7765722E63006D5F706F660B
:1019D0007761726E5F68616E646C657220213D2074
:1019E0002828766F6964202A293029006D5F736C7E
:1019F0006565706576745F68616E646C65722021E0
:101A00003D202828766F6964202A2930290057450F
:101A100053545F544F504449522F6D6F64756C6539
:101A2000732F68616C2F6E6F726469632F6E7266BC
:101A3000782F68616C2F6E72665F7272616D632EB3
:101A40006800705F636F6E6669672D3E77726974B8
:101A5000655F627566665F73697A65203C3D202824
:101A600030783230554C29002A2A2A205573696E65
:101A7000672045646765204149204164642D6F6E8D
:101A80002076322E332E302D316332346633613975
:101A900034616339202A2A2A0A00574553545F5477
:101AA0004F504449522F7A65706879722F6B657276
:101AB0006E656C2F6465766963652E6300726320C2
:101AC0003E3D202D28307866662920262620726328
:101AD000203C203000096465766963652025732009
:101AE000696E69743A20696E76616C69642065720A
:101AF000726F7220282564290A0048616C74696E2F
:101B0000672073797374656D00556E6B6E6F776EB9
:101B1000206572726F7200756E6B6E6F776E003E2D
:101B20003E3E205A455048595220464154414C208F
:101B30004552524F522025643A202573206F6E2063
:101B4000435055202564004661756C74206475729D
:101B5000696E6720696E7465727275707420686151
:101B60006E646C696E670A0043757272656E7420EC
:101B70007468726561643A202570202825732900F5
:101B8000574553545F544F504449522F7A657068FB
:101B900079722F6B65726E656C2F666174616C2E45
:101BA0006300726561736F6E20213D204B5F45526B
:101BB000525F4B45524E454C5F50414E49430009E0
:101BC000417474656D7074656420746F2072656310
:101BD0006F7665722066726F6D2061206B65726E24
:101BE000656C2070616E696320636F6E64697469EF
:101BF0006F6E0A0043505520657863657074696F95
:101C00006E00556E68616E646C656420696E746503
:101C1000727275707400537461636B206F766572B5
:101C2000666C6F77004B65726E656C206F6F7073BA
:101C3000004B65726E656C2070616E69630057457C
:101C400053545F544F504449522F7A6570687972EB
:101C50002F6B65726E656C2F696E69742E630074EC
:101C600068726561645F64617461203C3D205F5F00
:101C70007374617469635F7468726561645F6461E1
:101C800074615F6C6973745F656E6400646576206F
:101C90003C3D205F6465766963655F6C6973745F62
:101CA000656E64006D61696E006F73005745535433
:101CB0005F544F504449522F7A65706879722F6B88
:101CC00065726E656C2F6D656D5F736C61622E63FE
:101CD00000736C6162203C3D205F6B5F6D656D5FE2
:101CE000736C61625F6C6973745F656E6400287306
:101CF0006C61622D3E667265655F6C697374203D30
:101D00003D202828766F6964202A2930292026263C
:101D100020736C61622D3E696E666F2E6E756D5F0D
:101D200075736564203D3D20736C61622D3E696E64
:101D3000666F2E6E756D5F626C6F636B7329207CAE
:101D40007C20736C61625F7074725F69735F676F30
:101D50006F6428736C61622C20736C61622D3E6627
:101D60007265655F6C697374290009736C61622028
:101D7000636F7272757074696F6E206465746563E9
:101D80007465640A0009496E76616C6964206D654A
:101D90006D6F727920706F696E7465722070726FEA
:101DA00076696465640A00574553545F544F504444
:101DB00049522F7A65706879722F6B65726E656C07
:101DC0002F696E636C7564652F6B73636865642E31
:101DD000680021617263685F6972715F756E6C6F14
:101DE000636B6564286B65792900090A0074687261
:101DF0006561642D3E626173652E70656E64656415
:101E00005F6F6E00574553545F544F504449522FF3
:101E10007A65706879722F6B65726E656C2F696474
:101E20006C652E63005F6B65726E656C2E637075FA
:101E3000735B305D2E63757272656E742D3E6261E8
:101E400073652E7072696F203E3D203000574553F8
:101E5000545F544F504449522F7A65706879722FFD
:101E60006B65726E656C2F6D73675F712E630021F9
:101E7000617263685F69735F696E5F697372282955
:101E8000207C7C20282874696D656F7574292E74F8
:101E900069636B73203D3D202828286B5F74696D52
:101EA000656F75745F74297B307D29292E74696391
:101EB0006B732900286D7367712D3E7772697465A5
:101EC0005F707472203E3D206D7367712D3E6275A8
:101ED000666665725F7374617274292026262028F5
:101EE0006D7367712D3E77726974655F70747220CF
:101EF0003C3D20286D7367712D3E62756666657284
:101F00005F656E64202D203129292026262028286F
:101F100073697A655F74292875696E747074725F6D
:101F20007429286D7367712D3E6275666665725FF0
:101F3000656E64202D206D7367712D3E7772697414
:101F4000655F70747229203E3D206D7367712D3E70
:101F50006D73675F73697A6529002173697A655FBC
:101F60006D756C5F6F766572666C6F77286D6178E2
:101F70005F6D7367732C206D73675F73697A652C6F
:101F800020262873697A655F74297B307D290021BA
:101F900073697A655F6164645F6F766572666C6FA2
:101FA00077282873697A655F74292875696E74705B
:101FB00074725F74296275666665722C206D617833
:101FC0005F6D736773202A206D73675F73697A652D
:101FD0002C20262873697A655F74297B307D29005F
:101FE000574553545F544F504449522F7A65706897
:101FF00079722F6B65726E656C2F6D757465782EB6
:10200000630021617263685F69735F696E5F697302
:1020100072282900096D7574657865732063616E97
:102020006E6F74206265207573656420696E7369D4
:10203000646520495352730A006D757465782D3EAE
:102040006C6F636B5F636F756E74203E203055005C
:10205000574553545F544F504449522F7A65706826
:1020600079722F6B65726E656C2F73656D2E6300D0
:102070002828617263685F69735F696E5F69737254
:102080002829203D3D203029207C7C202828746987
:102090006D656F7574292E7469636B73203D3D20E7
:1020A0002828286B5F74696D656F75745F74297B70
:1020B000307D29292E7469636B7329290073797324
:1020C000776F726B7100574553545F544F504449BA
:1020D000522F7A65706879722F6B65726E656C2FFE
:1020E000776F726B2E6300776F726B2D3E71756523
:1020F000756520213D202828766F6964202A2930C3
:102100002900776F726B20213D202828766F696443
:10211000202A29302900776F726B2D3E68616E642A
:102120006C657220213D202828766F6964202A2959
:1021300030290021666C61675F74657374282671AD
:10214000756575652D3E666C6167732C204B5F5716
:102150004F524B5F51554555455F5354415254457D
:10216000445F4249542900737461636B00574553BF
:10217000545F544F504449522F7A65706879722FDA
:102180006B65726E656C2F7468726561642E630096
:10219000282828287072696F2929203D3D20313573
:1021A000202626207A5F69735F69646C655F7468B6
:1021B000726561645F656E7472792828656E7472E9
:1021C00079292929207C7C202828283135202D2098
:1021D0003129203E3D2028282D3136292929202645
:1021E000262028287072696F2929203E3D20282842
:1021F0002D313629292026262028287072696F293A
:1022000029203C3D20283135202D20312929290045
:1022100009696E76616C6964207072696F726974A5
:102220007920282564293B20616C6C6F77656420D8
:1022300072616E67653A20256420746F2025640AF8
:10224000000954687265616473206D6179206E6F56
:1022500074206265206372656174656420696E2014
:10226000495352730A00574553545F544F504449E1
:10227000522F7A65706879722F6B65726E656C2F5C
:1022800073636865642E6300217A5F69735F6964B4
:102290006C655F7468726561645F6F626A656374C0
:1022A000287468726561642900574553545F544F20
:1022B000504449522F7A65706879722F6B65726E3F
:1022C000656C2F696E636C7564652F6B74687265DD
:1022D00061642E68005F6B65726E656C2E6370754D
:1022E000735B305D2E63757272656E7420213D20C4
:1022F0002828766F6964202A293029002169735FB4
:102300007468726561645F64756D6D792874687254
:102310006561642900574553545F544F50444952F6
:102320002F7A65706879722F6B65726E656C2F6994
:102330006E636C7564652F6B737761702E680061D6
:102340007263685F6972715F756E6C6F636B6564F1
:10235000286B657929207C7C205F6B65726E656CCB
:102360002E637075735B305D2E63757272656E746B
:102370002D3E626173652E7468726561645F73746B
:1023800061746520262028282831554C203C3C20AB
:102390002830292929207C20282831554C203C3CF4
:1023A000202833292929290009436F6E7465787420
:1023B00020737769746368696E67207768696C65F4
:1023C00020686F6C64696E67206C6F636B210A0014
:1023D00073697A656F66285F73636865645F73709D
:1023E000696E6C6F636B29203D3D2030207C7C2022
:1023F0006C6F636B20213D20265F73636865645FAB
:102400007370696E6C6F636B005F6B65726E656C89
:102410002E637075735B305D2E63757272656E74BA
:102420002D3E626173652E73636865645F6C6F63D4
:102430006B656420213D203155005F6B65726E65D0
:102440006C2E637075735B305D2E63757272656E92
:10245000742D3E626173652E73636865645F6C6F93
:10246000636B656420213D20305500217465726DD9
:10247000696E617465000961626F72746564205FE2
:1024800063757272656E74206261636B2066726F31
:102490006D20646561640A0021657373656E7469FB
:1024A000616C000961626F727465642065737365A5
:1024B0006E7469616C207468726561642025700AAD
:1024C00000574553545F544F504449522F7A65701A
:1024D0006879722F6B65726E656C2F74696D6573A8
:1024E0006C6963696E672E6300282874696D656F77
:1024F00075742920262620282875696E74707472D8
:102500005F742928736C6963655F74696D656F75A5
:1025100074732929203C3D20282875696E747074D5
:10252000725F74292874696D656F75742929202676
:102530002620282875696E747074725F7429287457
:10254000696D656F75742929203C20282875696E8E
:10255000747074725F7429282628736C6963655FD0
:1025600074696D656F757473295B282873697A6562
:102570005F7429282828696E742973697A656F66E3
:1025800028636861725B31202D202832202A2021A7
:1025900028215F5F6275696C74696E5F747970651C
:1025A000735F636F6D70617469626C655F70285FE3
:1025B0005F747970656F665F5F28736C6963655FD0
:1025C00074696D656F757473292C205F5F74797001
:1025D000656F665F5F282628736C6963655F746941
:1025E0006D656F757473295B305D292929295D2913
:1025F000202D203129202B202873697A656F6628C9
:10260000736C6963655F74696D656F757473292098
:102610002F2073697A656F662828736C6963655F1C
:1026200074696D656F757473295B305D292929297B
:102630005D29292026262028282875696E74707443
:10264000725F74292874696D656F75742929202D4E
:1026500020282875696E747074725F742928736CF1
:102660006963655F74696D656F75747329292920C5
:10267000252073697A656F662828736C6963655FC6
:1026800074696D656F757473295B305D29203D3DFC
:1026900020302900574553545F544F504449522F1E
:1026A0007A65706879722F6B65726E656C2F7469CC
:1026B0006D656F75742E6300217379735F646E6F3F
:1026C00064655F69735F6C696E6B65642826746FFF
:1026D0002D3E6E6F64652900574553545F544F502B
:1026E0004449522F7A65706879722F6B65726E65F6
:1026F0006C2F6B686561702E630068656170203CAB
:102700003D205F6B5F686561705F6C6973745F65C6
:102710006E640063726163656E00574553545F5485
:102720004F504449522F6E72662F737562737973DE
:102730002F6E72665F73656375726974792F737239
:10274000632F647269766572732F63726163656E5D
:102750002F636F6D6D6F6E2F7372632F6372616382
:10276000656E2F6C69625F6B6D752E63002828287B
:102770002875696E747074725F74296B6D755F7300
:1027800072632D3E6465737429202520313629201B
:102790003D3D203029000944455354206D69736143
:1027A0006C69676E65640A00574553545F544F5017
:1027B0004449522F6E72662F7375627379732F6E50
:1027C00072665F73656375726974792F7372632FB4
:1027D000647269766572732F63726163656E2F73BD
:1027E0007873796D63727970742F7372632F706C64
:1027F0006174666F726D2F626172656D6574616C74
:102800002F696E74657272757074732E630009554A
:102810006E68616E646C656420696E746572727551
:1028200070742E200A00574553545F544F5044494A
:10283000522F6E72662F7375627379732F6E726684
:102840005F73656375726974792F7372632F757422
:10285000696C732F6E72665F7365637572697479E4
:102860005F6D7574657865732E6300574553545FCB
:10287000544F504449522F7A65706879722F6B65B6
:10288000726E656C2F6576656E74732E63006C6F67
:102890007765725F6672657175656E63795F6C6985
:1028A0006D6974203E3D20302E306600766F69647D
:1028B0002043616C63756C61746543656E74657209
:1028C0004672657175656E6369657328696E742CEF
:1028D00020666C6F61742C20666C6F61742C2066AE
:1028E0006C6F61742A29002F73646B2D6E72662DD4
:1028F000656467652D61692F646570732F746869FD
:1029000072645F70617274792F74662F74656E7370
:102910006F72666C6F772F6C6974652F6578706560
:1029200072696D656E74616C2F6D6963726F66722A
:102930006F6E74656E642F6C69622F66696C746566
:102940007262616E6B5F7574696C2E636300757083
:102950007065725F6672657175656E63795F6C69CB
:102960006D6974203E206C6F7765725F6672657169
:1029700075656E63795F6C696D6974002C2066758E
:102980006E6374696F6E3A20006173736572746967
:102990006F6E2022257322206661696C65643A207F
:1029A00066696C6520222573222C206C696E652077
:1029B0002564257325730A006E616E00286E756CA0
:1029C0006C2900206D657373616765732064726F95
:1029D00070706564202D2D2D0D0A1B5B306D001B62
:1029E0005B313B33316D2D2D2D20008080807F8029
:1029F0007F7E7F7D7E7C7C7B7B7A78787776757432
:102A00007271716F6D6D6B69686766646261605E3B
:102A10005C5B595856555352504F4D4C4A484845A7
:102A2000444341403F3D3C3A393836353433313008
:102A30002F2E2D2B2B292927262624242222202025
:102A40001F1E1E1C1C1B1A1A1819171716151515F0
:102A50001413121311111110100F0F0E0E0E0D0C76
:102A60000D0C0C0B0B0B0A0A0A09090909080808C6
:102A700008070807060706070605060506050505F3
:102A8000040504050404040403040304030303030A
:102A90000303020303020203020202020202020211
:102AA000020102020102010201010102000104050A
:102AB000020608090F000A2A3542424242424242B7
:102AC00042424242420001020330003201400250C1
:082AD0000360049605C0060036
:102AD8000000000067000000000000000000000087
:102AE80000000000000000000000000000000000DE
:102AF80000000000000000000000000000000000CE
:102B080000000000000000000000000000000000BD
:102B180000000000000000000000000000000000AD
:102B2800000000000000000000000000000000009D
:102B3800000000000000000000000000000000008D
:102B4800000000000000000000000000000000007D
:102B5800000000000000000000000000000000006D
:102B68001BFD01000202020046F9010044F90100C0
:102B78000000000000000000020001000100010048
:102B8800A000A00000000000B81D0020CC270020F5
:102B9800640100200101000078650100C8270020B9
:102BA8000100000002000000000001000000000019
:102BB80000000000000000009B3001007930010097
:102BC8005D3001006730010075E900005D310100EA
:102BD80009EA0000181D00207465010070650100F5
:102BE80000000000280001008862010000000000C9
:102BF8000000000060650100451B0100831E010004
:102C080054EE0100000000000000000065240100EF
:102C18000000000000000000A8010020A80100201A
:102C280000000000000000000E00000000C010506E
:102C3800000000000000000000000000000000008C
:102C4800000000000000000000000000000000007C
:102C5800000000000000000000000000000000006C
:102C6800000000000000000000000000000000005C
:102C7800000000000000000000000000000000004C
:102C8800000000000000000000000000000000003C
:102C9800000000000000000000000000000000002C
:102CA800000000000000000000000000000000001C
:102CB800000000000000000000000000000000000C
:102CC80000000000000000000000000000000000FC
:102CD80000000000000000000000000000010000EB
:102CE80000A00D50000000000000000000000000DF
:102CF80000000000000000000000000000000000CC
:102D080000000000000000000000000000000000BB
:102D180000000000000000000000000000000000AB
:102D2800000000000000000000000000000000009B
:102D3800000000000000000000000000000000008B
:102D4800000000000000000000000000000000007B
:102D5800000000000000000000000000000000006B
:102D6800000000000000000000000000000000005B
:102D7800000000000000000000000000000000004B
:102D8800000000000000000000000000000000003B
:102D98000000000000000D500000000000000000CE
:102DA800000000000000000000000000000000001B
:102DB800000000000000000000000000000000000B
:102DC80000000000000000000000000000000000FB
:102DD80000000000000000000000000000000000EB
:102DE80000000000000000000000000000000000DB
:102DF80000000000000000000000000000000000CB
:102E080000000000000000000000000000000000BA
:102E180000000000000000000000000000000000AA
:102E28000000000000000000FFFFFFFF297F0000F6
:102E380000000000FF0000000090D003F403002011
:102E4800E8030020E0030020DC03002038F0010044
:102E580030F0010068F0010028F0010058F001008E
:102E680060F0010020F0010040F0010048F001008E
:102E780050F00100FF0000000F0000007102000088
:102E8800100400201004002018040020180400205A
:102E980000000000000000000E000000000000001C
:102EA8003004002030040020000000000000000072
:102EB8000E0000000000000067742000D404002009
:102EC800FC0400206405002054050020E8040020CC
:042ED80010050020C1
:102EDC0000000000000000000000000000000000E6
:102EEC0000000000000000000000000000000000D6
:102EFC0000000000000000000000000000000000C6
:102F0C0000000000000000000000000000000000B5
:0C2F1C00000000000000000000000000A9
:042F280000000000A5
:102F2C00B4040020B404002000000000A85E0020BF
:102F3C000000000004000000400100000000000040
:102F4C00D4040020D4040020000000000000000085
:102F5C000E000000E8040020E8040020000000003F
:102F6C00000000000E000000FC040020FC04002007
:102F7C0000000000000000000E0000001005002002
:102F8C001005002000000000000000000E000000F2
:102F9C002405002024050020010000000100000091
:102FAC003405002034050020000000000100000062
:102FBC004405002044050020000000000100000032
:102FCC005405002054050020000000000000000003
:102FDC0064050020640500200000000000000000D3
:042FEC0015E015E0F7
:0400000300005F1981
:00000001FF
