:020000040000FA
:10000000182F0020613F000009E100004D3F000073
:100010004D3F00004D3F00004D3F00004D3F0000B0
:10002000000000000000000000000000314000005F
:100030004D3F000000000000B94200004D3F0000AD
:1000400071430000714300007143000071430000E0
:1000500071430000714300007143000071430000D0
:1000600071430000714300007143000071430000C0
:1000700071430000714300007143000071430000B0
:1000800071430000714300007143000071430000A0
:100090007143000071430000714300007143000090
:1000A0007143000071430000714300007143000080
:1000B0007143000071430000714300007143000070
:1000C0007143000071430000714300007143000060
:1000D0007143000071430000714300007143000050
:1000E0007143000071430000714300007143000040
:1000F0007143000071430000714300007143000030
:10010000714300007143000071430000714300001F
:10011000714300007143000071430000714300000F
:1001200071430000714300007143000071430000FF
:1001300071430000714300007143000071430000EF
:1001400071430000714300007143000071430000DF
:1001500071430000714300007143000071430000CF
:1001600071430000714300007143000071430000BF
:1001700071430000714300007143000071430000AF
:10018000714300007143000071430000714300009F
:10019000714300007143000071430000714300008F
:1001A000714300007143000071430000714300007F
:1001B000714300007143000071430000714300006F
:1001C000714300007143000071430000714300005F
:1001D000714300007143000071430000714300004F
:1001E000714300007143000071430000714300003F
:1001F000714300007143000071430000714300002F
:10020000714300007143000071430000714300001E
:10021000714300007143000071430000714300000E
:1002200071430000714300007143000071430000FE
:1002300071430000714300007143000071430000EE
:1002400071430000714300007143000071430000DE
:1002500071430000714300007143000071430000CE
:1002600071430000714300007143000071430000BE
:1002700071430000714300007143000071430000AE
:10028000714300007143000071430000714300009E
:10029000714300007143000071430000714300008E
:1002A000714300007143000071430000714300007E
:1002B000714300007143000071430000714300006E
:1002C000714300007143000071430000714300005E
:1002D000714300007143000071430000714300004E
:1002E000714300007143000071430000714300003E
:1002F000714300007143000071430000714300002E
:10030000714300007143000071430000714300001D
:10031000714300007143000071430000714300000D
:1003200071430000714300007143000071430000FD
:1003300071430000714300007143000071430000ED
:1003400071430000714300007143000071430000DD
:1003500071430000714300007143000071430000CD
:1003600071430000714300007143000071430000BD
:1003700071430000714300007143000071430000AD
:10038000714300007143000071430000714300009D
:10039000714300007143000071430000714300008D
:1003A000714300007143000071430000714300007D
:1003B000714300007143000071430000714300006D
:1003C000714300007143000071430000714300005D
:1003D000714300007143000071430000714300004D
:1003E000714300007143000071430000714300003D
:1003F000714300007143000071430000714300002D
:10040000714300007143000071430000714300001C
:10041000714300007143000071430000714300000C
:1004200071430000714300007143000071430000FC
:1004300071430000714300007143000071430000EC
:1004400071430000714300007143000071430000DC
:1004500071430000714300007143000071430000CC
:1004600071430000714300007143000071430000BC
:1004700071430000714300007143000071430000AC
:10048000714300007143000071430000714300009C
:10049000714300007143000071430000714300008C
:1004A000714300007143000071430000714300007C
:1004B000714300007143000071430000714300006C
:1004C000714300007143000081F0004102E000BF71
:1004D00083F0004330B54FEA41044FEA430594EA04
:1004E000050F08BF90EA020F1FBF54EA000C55EA3F
:1004F000020C7FEA645C7FEA655C00F0E2804FEA10
:100500005454D4EB5555B8BF6D420CDD2C4480EAF1
:10051000020281EA030382EA000083EA010180EA21
:10052000020281EA0303362D88BF30BD11F0004F6F
:100530004FEA01314FF4801C4CEA113102D04042A5
:1005400061EB410113F0004F4FEA03334CEA1333E0
:1005500002D0524263EB430394EA050F00F0A780F8
:10056000A4F10104D5F1200E0DDB02FA0EFC22FAF3
:1005700005F2801841F1000103FA0EF2801843FAE7
:1005800005F359410EE0A5F120050EF1200E012AD8
:1005900003FA0EFC28BF4CF0020C43FA05F3C01816
:1005A00051EBE37101F0004507D54FF0000EDCF18F
:1005B000000C7EEB00006EEB0101B1F5801F1BD338
:1005C000B1F5001F0CD349085FEA30004FEA3C0C3C
:1005D00004F101044FEA445212F5800F80F09A8032
:1005E000BCF1004F08BF5FEA500C50F1000041EB36
:1005F000045141EA050130BD5FEA4C0C404141EB3A
:100600000101013C28BFB1F5801FE9D291F0000F34
:1006100004BF01460020B1FA81F308BF2033A3F1E3
:100620000B03B3F120020CDA0C3208DD02F1140CDA
:10063000C2F10C0201FA0CF021FA02F10CE002F115
:100640001402D8BFC2F1200C01FA02F120FA0CFC0E
:10065000DCBF41EA0C019040E41AA2BF01EB045157
:10066000294330BD6FEA04041F3C1CDA0C340EDC55
:1006700004F11404C4F1200220FA04F001FA02F398
:1006800040EA030021FA04F345EA030130BDC4F156
:100690000C04C4F1200220FA02F001FA04F340EA4B
:1006A0000300294630BD21FA04F0294630BD94F0FC
:1006B000000F83F4801306BF81F480110134013DE3
:1006C0004EE77FEA645C18BF7FEA655C29D094EA54
:1006D000050F08BF90EA020F05D054EA000C04BFD2
:1006E0001946104630BD91EA030F1EBF00210020BD
:1006F00030BD5FEA545C05D14000494128BF41F05C
:10070000004130BD14F580043CBF01F5801130BDBF
:1007100001F0004545F0FE4141F470014FF000004A
:1007200030BD7FEA645C1ABF194610467FEA655CFB
:100730001CBF0B46024650EA013406BF52EA03359D
:1007400091EA030F41F4002130BD00BF90F0000F8B
:1007500004BF0021704730B54FF4806404F13204C7
:100760004FF000054FF0000150E700BF90F0000F80
:1007700004BF0021704730B54FF4806404F13204A7
:1007800010F0004548BF40424FF000013EE700BF77
:1007900042004FEAE2014FEA31014FEA02701FBF07
:1007A00012F07F4393F07F4F81F06051704732F039
:1007B0007F4208BF704793F07F4F04BF41F4002190
:1007C000704730B54FF4607401F0004521F00041EE
:1007D0001CE700BF50EA010208BF704730B54FF078
:1007E00000050AE050EA010208BF704730B511F079
:1007F000004502D5404261EB41014FF4806404F1B1
:1008000032045FEA915C3FF4D8AE4FF003025FEA36
:10081000DC0C18BF03325FEADC0C18BF033202EBBA
:10082000DC02C2F1200300FA03FC20FA02F001FA14
:1008300003FE40EA0E0021FA02F11444BDE600BFB7
:100840004FF0FF3C06E000BF4FF0010C02E000BF9C
:100850004FF0010C4DF804CD4FEA410C7FEA6C5C7F
:100860004FEA430C18BF7FEA6C5C1BD001B050EA22
:10087000410C0CBF52EA430C91EA030F02BF90EA0D
:10088000020F0020704710F1000F91EA030F58BFCC
:10089000994208BF90422CBFD8176FEAE37040F02E
:1008A000010070474FEA410C7FEA6C5C02D150EACC
:1008B000013C07D14FEA430C7FEA6C5CD6D152EA87
:1008C000033CD3D05DF8040B704700BF844610464C
:1008D00062468C461946634600E000BF01B5FFF74B
:1008E000B7FF002848BF10F1000F01BD4DF808ED1B
:1008F000FFF7F4FF0CBF012000205DF808FB00BFEC
:100900004DF808EDFFF7EAFF34BF012000205DF845
:1009100008FB00BF4DF808EDFFF7E0FF94BF012092
:1009200000205DF808FB00BF4DF808EDFFF7CEFF93
:1009300094BF012000205DF808FB00BF4DF808EDD2
:10094000FFF7C4FF34BF012000205DF808FB00BFA3
:1009500080F0004002E000BF81F0004142001FBF74
:100960005FEA410392EA030F7FEA226C7FEA236C7D
:100970006AD04FEA1262D2EB1363C1BFD218414072
:1009800048404140B8BF5B42192B88BF704710F008
:10099000004F40F4000020F07F4018BF404211F0AB
:1009A000004F41F4000121F07F4118BF494292EA13
:1009B000030F3FD0A2F1010241FA03FC10EB0C003F
:1009C000C3F1200301FA03F100F0004302D54942CC
:1009D00060EB4000B0F5000F13D3B0F1807F06D379
:1009E00040084FEA310102F10102FE2A51D2B1F171
:1009F000004F40EBC25008BF20F0010040EA030066
:100A00007047490040EB0000013A28BFB0F5000FE5
:100A1000EDD2B0FA80FCACF1080CB2EB0C0200FA9B
:100A20000CF0AABF00EBC25052421843BCBFD040EA
:100A30001843704792F0000F81F4000106BF80F464
:100A400000000132013BB5E74FEA41037FEA226C27
:100A500018BF7FEA236C21D092EA030F04D092F0F2
:100A6000000F08BF0846704790EA010F1CBF002026
:100A7000704712F07F4F04D1400028BF40F0004083
:100A8000704712F100723CBF00F50000704700F0A3
:100A9000004343F0FE4040F4000070477FEA2262CA
:100AA00016BF08467FEA23630146420206BF5FEA9B
:100AB000412390EA010F40F4800070474FF000039B
:100AC00004E000BF10F0004348BF40425FEA000C62
:100AD00008BF704743F0964301464FF000001CE00A
:100AE00050EA010208BF70474FF000030AE000BF60
:100AF00050EA010208BF704711F0004302D540429E
:100B000061EB41015FEA010C02BF8446014600200F
:100B100043F0B64308BFA3F18053A3F50003BCFA2A
:100B20008CF2083AA3EBC25310DB01FA02FC6344D7
:100B300000FA02FCC2F12002BCF1004F20FA02F2DE
:100B400043EB020008BF20F00100704702F12002D1
:100B500001FA02FCC2F1200250EA4C0021FA02F232
:100B600043EB020008BF20EADC70704753B94AB972
:100B7000002908BF00281CBF4FF0FF314FF0FF30A5
:100B800000F00CB8ADF1080C6DE904CE00F010F8DF
:100B9000DDF804E0DDE9022304B07047704700BFD0
:100BA000034613F8012B002AFBD1181A01387047AD
:100BB0002DE9F0478C468E46089E15460446194698
:100BC000002B40F0D080724547D9B2FA82F74FB17E
:100BD000C7F120030EFA07FCBD40BC4020FA03F326
:100BE00043EA0C0C4FEA154EA8B2230CBCFBFEF8EE
:100BF0000EFB18CC08FB00F943EA0C43994528D9B1
:100C0000EB1808F1FF3204D2994502D9A8F102028B
:100C10002B44A3EB0903A4B2B3FBFEFC0EFB1C3375
:100C20000CFB00F044EA0344A04214D92C190CF147
:100C3000FF3304D2A04202D9ACF102032C44241A9F
:100C400043EA02401EB1FC40002334607360BDE8FB
:100C5000F0874246DDE76346F1E7002A79D0B2FA31
:100C600082F3002B3FD01946C1F1200302FA01F5AF
:100C700000FA01F42EFA03F20EFA01FE20FA03F351
:100C8000AFB243EA0E034FEA154EB2FBFEFC0EFB79
:100C90001C201A0C0CFB07F842EA004290455AD976
:100CA000AA180CF1FF3004D2904502D9ACF1020031
:100CB0002A44A2EB08029BB2B2FBFEFC0EFB1C22F4
:100CC0000CFB07F743EA02439F4246D9EB180CF1AD
:100CD000FF3204D29F4202D9ACF102022B44DB1B4B
:100CE00042EA004202E0AEEB020301224FEA154E57
:100CF000AFB2200CB3FBFEFC0EFB1C330CFB07F861
:100D000040EA034398452AD9EB180CF1FF3004D28E
:100D1000984502D9ACF102002B44A3EB0803A4B21E
:100D2000B3FBFEFC0EFB1C330CFB07F744EA034449
:100D3000A74216D92C190CF1FF3304D2A74202D9CD
:100D4000ACF102032C44E41B43EA00400F46114679
:100D500078E71F2188E76046ABE76246BFE7604659
:100D6000DBE76346EFE7734506D916B9002108466D
:100D70006DE7C6E9000EF9E7B3FA83F787B9734563
:100D800001D3824207D8841A6EEB030301209C46EC
:100D90001EB900215BE73846FAE7C6E9004CF8E7E0
:100DA000C7F1200CBB4000FA07F422FA0CF520FA38
:100DB0000CF1BA401D432EFA0CF30EFA07FE4FEA6F
:100DC000154941EA0E011FFA85FEB3FBF9F809FB4C
:100DD00018300B0C08FB0EFA43EA00439A4540D941
:100DE000EB1808F1FF3004D29A4502D9A8F10200AD
:100DF0002B44A3EB0A0389B2B3FBF9F809FB1833C0
:100E000008FB0EFE41EA03418E452CD9691808F112
:100E1000FF3304D28E4502D9A8F10203294443EAE4
:100E20000040A1EB0E01A0FB02984145CE4643468F
:100E300002D306D14C4504D20138B9EB020E68EB5F
:100E40000503002EA5D0B4EB0E0261EB030101FAFD
:100E50000CFC22FA07F3F9404CEA0303C6E900311F
:100E600097E74046C5E74346D9E700000000000089
:100E70002DE9F04F2DED088B800017280C4687B028
:100E800040F22181002900F01E81CB898D8915FB5C
:100E900003F50B68ADB24FEA850A03EB850C634599
:100EA000278A32D115FB07F7BFB23E464FF0000943
:100EB000D4F80080BB1B9BB29F4245D80123D4EDE0
:100EC000027AA27CB8EE677A934007EE903AF8EE89
:100ED000E77A4FF00008C7EE278A9FED819ADFED91
:100EE000819A9FED81AADFED81AA23680593059B76
:100EF00003EB880B1FFA88F39D4240F2EB8000233E
:100F000059461E461F46208A4AE000211A6803EB14
:100F10000A06013188B287420AD819460020A2F594
:100F2000F3424E3A278A86B2B74207D80433B6E76F
:100F3000306856448242B8BF0246EAE70E68013084
:100F4000B61A0E605144EDE7B6F5007F1DD8032EAA
:100F500014D8C6F104029200002108EB86000FF0BD
:100F6000B3FA04220123414640460093A6F50076D9
:100F70000EF0C9FC08F50068B6B29BE7F30707D589
:100F8000721C48F8269092B2ECE74FF40072E9E741
:100F90003246E7E70A680133961947EBE277514496
:100FA0009AB29042F6D856EA070304BF01260027FA
:100FB0004FF000099FED4EBA228A1FFA89F39A4238
:100FC00002D808F1010892E7DBED007A3046394695
:100FD000B8EEE78AFFF784FD28EE288A07EE100AAC
:100FE000C8EE077AF8FE677A94F9133008EE103AE3
:100FF000B8EEC88A237D38EE278A022B22D0042B34
:101000003CD0012B15D1B4EEEA8AF1EE10FA1FFAAA
:1010100089F205FB028261680FDCB4EECB8AF1EE47
:1010200010FA0CD4FDEEC87ACDED037A9DF90C30A0
:101030008B54D34409F10109BEE77F23F8E76FF031
:101040007F03F5E7B4EEC98AF1EE10FA1FFA89F2D0
:1010500005FB028261680CDCB4EEE98AF1EE10FA5D
:101060000AD4BDEEC88A18EE103A1BB221F812302D
:10107000DFE747F6FF73F9E71E4BF7E7636818EE03
:10108000100A03931FFA89F305FB03830493FFF708
:101090007FFB11A3D3E90023FFF750FC68B9B4EE3E
:1010A000CA8AF1EE10FA0BD4FDEEC87A17EE903A28
:1010B000DDE9032142F82130BBE76FF00043F7E799
:1010C0004FF00043F4E74FF0FF3007B0BDEC088B62
:1010D000BDE8F08F0020F8E70000C0FFFFFFDF4110
:1010E00000FEFF46000000C7000000CF0000FE42E7
:1010F000000000C30080FFFF00487047F0000020A0
:101100002DE9F04F574958488FB00CF0D4FBFFF74A
:10111000F3FF0446002800F09E800DF0BCFE05465B
:10112000002840F0988020460DF0A9FE0646204693
:101130000DF0A0FE074620460DF09EFE3A460346FF
:1011400031464A480CF0B7FB0895002564234FF060
:10115000FF382F46AB46AA462E460993CDF82C8081
:101160000A95DFF8209132222046D9F808100DF0B8
:1011700050FE024600283CD0D9F800103C480CF044
:101180009AFB3C4B09F10C094B45ECD1099B013B07
:101190000993E6D1089B4FF47A72013308935846BD
:1011A000002351460695FFF7E1FC099BCDE90401B8
:1011B0003A460A993046FFF7D9FC4FF47A72002379
:1011C000FFF7D4FC4FF47A72CDE9020100230B99AA
:1011D0004046FFF7CBFC3B46CDE90001089A214988
:1011E00025480CF068FB00214FF2244008F0EAF893
:1011F000ABE70DF006F90D9020460DF01EFE0C90A9
:101200000DF0FFF8DDE90C211AB1D9F800101B48E8
:10121000B5E74FF47A73401AA0FB03020A9B8619C4
:1012200043EB02030A930B9B404572EB03013CBF67
:101230000B92804683457AEB020138BF9246B4F8A0
:101240004810D9F8042038BF8346914207F10107BE
:1012500018BF013595E70A480CF02DFB00200FB0B0
:10126000BDE8F08F234901002E49010066490100C5
:1012700092490100243F0100C4490100A84901002E
:1012800049490100D03E01002DE9F04104460D46D8
:101290000CF0A7FA804600284BD1294620460CF0D6
:1012A0007EFA014620460CF0AAFA04EB80010E6992
:1012B00096B90122E36882401343E36002220D6184
:1012C0002B46294620460CF05FFA03222946204689
:1012D000BDE8F0410CF058BA0222314620460CF02D
:1012E00048FA03220146074620460CF042FA86429D
:1012F0000BD00121104A11480CF008FD88F3118829
:10130000BFF36F8F0423184602DF3B4602222946B3
:1013100020460CF039FA03223346294620460CF0C9
:1013200033FA39462B4620460CF02EFA022231467B
:10133000CDE7BDE8F08100BF5C4A01002813010041
:10134000B2F5802FF8B510D2042A28D83F4940F2D0
:10135000E3233F4A3F480CF0C4FA3F480CF0C1FA7F
:1013600040F2E3213A480CF0B3FA0823D21ACC1D1C
:10137000114424F0070421F00701091B17294FEA43
:10138000D1060ED835494FF43B73314A31480CF041
:10139000A8FA31480CF0A5FA4FF43B71E2E70423B8
:1013A000E4E70023046031462046A660E3600CF0C9
:1013B00026FA820002F11B05B6F5004F4FEAD5056B
:1013C0000FD26B1C9E420CD2254940F20233204AB8
:1013D00020480CF086FA20480CF083FA40F20231E3
:1013E000C0E70021043204F110000FF06DF82A4626
:1013F000204600210CF0F1F9002320461A46194638
:101400000CF0C2F9771B1946204601220CF0CDF9E9
:101410003A4629460CF0E1F92B460022294620469F
:101420000CF0B2F9314620460CF0D7F93B46314674
:10143000204600220CF0A8F93146204601220CF08B
:10144000B4F92946BDE8F840FFF71EBFF84A01008D
:10145000804A0100BE4A0100194B0100324B0100D5
:101460005B4B01002DE9F04F91B0009302F00403B3
:101470000293C2F3C2030133840705460E46DDF82A
:1014800068A00392059340F0C881041D002837D15D
:1014900001F00706341DC6F10806009B4FF0000856
:1014A00004275A1E4FF0FF33C1460193C3463B4603
:1014B000CDF810800DB1009820600598002800F349
:1014C000BF809C480099814203D39B488142C0F071
:1014D000B7800399601B11F0020C40F0CA80B9F18B
:1014E0000F0F40F2C980954940F28123944A9548F4
:1014F0000CF0F7F994480CF0F4F940F28121B5E0D2
:101500000729CAD86FF01B0011B0BDE8F08F7A2808
:101510005AD84B280FD8472856D829282DD82528FF
:101520004FD051D8202818BF23280CBF4FF0010BF3
:101530004FF0000B6EE04C382E2845D8DFE800F065
:101540006A44444444444444444444444744444432
:101550004444444444544447475454546A476844B8
:101560006A4418471844447B794744444744790007
:1015700000204FF0000B042734E001212A38C0B2CC
:1015800001FA00F010EA0E0F44D110F0625C2BD18A
:1015900010EA010B3ED06046013C3C44B4FBF7F43A
:1015A0007C4325B1A3EB050CA444B445AAD800287C
:1015B00000F096800598013805905AF8040B0090C9
:1015C00078E70199013901914FF0000B22E012F800
:1015D000010C6C2831D1002012F8023C83466C2BA0
:1015E000C9D108273B46D7E70AF1070A2AF0070ABC
:1015F0000734BAEC027B24F0070435B10698204486
:10160000B0423FF67FAF84ED007B4FF0000B083413
:1016100008273B4612F8010F00287AD0BBF1000FD3
:101620007FF475AF2528F5D14FF0010B019B0133F5
:1016300001930427EDE758469BE700208346ABE77C
:10164000039988072FD54FF0010C601BB0F5007F80
:10165000FFF445AF39494FF41F73394A39480CF04C
:1016600040F93A480CF03DF94FF41F7134480CF042
:101670002FF94FF0000CE9E705B309F140010DEB3C
:10168000010E0199C0F387000EF8200C0EF8101C13
:10169000BCF1000F0ED060F07F000EF8200C08F1B6
:1016A000010809F10109C5F108014FF6DA7E043499
:1016B0000691AFE7049801300490F2E7BCF1000F07
:1016C00001D00136EDE7029902360029E9D10098F0
:1016D000CDE90632FFF764FADDE906320644E0E7B9
:1016E000042B08D10AF1040015B1DAF800102160CA
:1016F000824604348EE70AF1070323F0070303F15F
:10170000080A1DB193ED007B84ED007B08230834AB
:1017100080E7631BB3F5806F1CD3084940F2D223E6
:10172000074A08480CF0DDF809480CF0DAF840F2F6
:10173000D2219BE744080100DC6E010088630100B0
:101740008E4B0100BE4A0100DD4B0100BC4B010085
:10175000F74B01001DB9A6F10804E018D4E6029A7F
:101760009B0828602B709DF81030BAB1EB7085F89B
:101770000280B8F1000F05D0002208A8C5F10107CA
:1017800091450DD14FF0000AC5F1010308AF019357
:101790000DF1300BD14512D1601BB5E66B70E6E759
:1017A00010F8013B190608D507EB040CB44503F00B
:1017B0007F033FF6A7AE04F8013B0132E0E7B8F142
:1017C000000F03D097F90020002A16DB029BC3B15B
:1017D0001AF80B2004F8012B0022019B1819104461
:1017E000B0423FF68FAE3878009904F8010B2046DE
:1017F00003920EF05CFE039A14440AF1010A0137C9
:10180000C8E73A7855F822300093029B009845F8D3
:101810002230FFF7C5F9421CDFE76FF00D0073E6D9
:101820002DE9F04F95B000AF8A460546C7E908326A
:1018300058B99B4940F299339A4A9B480CF051F8A9
:1018400040F2993197480CF043F849B9037846784B
:10185000807800EB83002844564521D8A0EB050A88
:10186000BB6F95F8028003F00103BC6F3B61EB781E
:10187000B8F1000F0CBF002404F00104FB6113B1A8
:10188000BB6F9E0715D4A4B97B6A1BB1514628468D
:101890003A6A9847564630465437BD46BDE8F08F01
:1018A000441C2046FFF77CF9013020440AF1010A6C
:1018B000D2E7BB6FC3F3C0037B612B78FB609B0057
:1018C0007B606B68BB60FB6805EB830B7B6A002B5E
:1018D00071D15646D844ACB11C461BF8013B55F8B3
:1018E0002300FFF75DF9FB6F01303BB1D7F8803083
:1018F000A34282BFFB6F23F814000134C3450644A2
:10190000EBD1D846BB6F4FF0000913F0050F0CBFA9
:101910004FF0020B4FF0010BFB699945BBD298F8D1
:10192000013008F1020855F823A0604B9A45C0F039
:1019300082815F4B7A699A452CBF002301230AB349
:1019400018F8021CB8687B620BF094FF7B6AC8B180
:10195000EA468AB06A46574B0593BB68CDE9063123
:101960004FF40073ADF82030534B42F8103F002382
:101970004FF41251514801F037FBD546023E09F1B0
:101980000109C9E723B13B692BB9A6EB0B06F6E7C2
:10199000BB6F9807F3D55046FFF702F9FB6F43B1D1
:1019A000D7F880309C423FBFFA6F431C22F81430B6
:1019B00001340644E3E7002C66D1B8F1000F69D08A
:1019C000BB6F590769D5C14607F1400042465946E9
:1019D0000EF06DFD0BEB0803BB610023DFF8D0E0D8
:1019E000FA6993426CD3BA6F95F801B039699207DE
:1019F00004EB0B0348BF0022DBB258BF4FEA590289
:101A0000002940F0E280B96F11F0040F14BF49467D
:101A100000216B70A970EA7028463A6A79687B6A7F
:101A20009847061EFFF637AFFB6849462B70FB69E7
:101A30003A6AEB7085F801B07B6A85F8028007F19D
:101A400040009847B0F10009C0F2F1807B68FA6964
:101A5000B86903EB420141443A6A7B6AAAEB01018F
:101A600098470028C0F2E5804FF0000BB14409EB25
:101A7000000607F1300AA345C0F0A98000213A6AA8
:101A800008467B6A984706E744464FF0000907F18D
:101A900030009BE74446C1469CE7A1469AE700BF59
:101AA0000E4C01008E4B0100BE4A010044080100AB
:101AB000DC6E0100294C010004000001E01201006D
:101AC000B869634A10F8021B10F8016CB86155F848
:101AD00026009042C0F0B5807A6970452CBF4FF067
:101AE000000B4FF0010B3AB1B8683B600BF0C2FE3F
:101AF0003B68DFF870E160BBBBF1000F2BD03A69A7
:101B00005AB10F2C36D9534940F24343524A5348F5
:101B10000BF0E7FE40F2434194E6BA6F520718D546
:101B2000B9F10F0F09D94E4940F246434A4A4B4892
:101B30000BF0D7FE40F2464184E609F1280207F196
:101B4000280009F1010102EB000909F8106C5FFAA5
:101B500081F9013344E7BA6F900715D50F2C09D9E5
:101B60003C4940F24D433C4A3C480BF0BAFE40F23F
:101B70004D4167E604F1280207F12800611C1418A2
:101B800004F8206CCCB2E4E7B9F10F0F09D934495D
:101B90004FF48A63304A31480BF0A3FE4FF48A6158
:101BA00050E609F1280207F1280C09F101009444DC
:101BB00007F1500209F1020952FA80F00CF8101CEA
:101BC0005FFA89F900F8106CC3E7002121E71BF8E0
:101BD0000A3055F8239087F82F30FB6F23B3D7F8DE
:101BE00080309B4520D2FB6F33F81B8001213A6A7D
:101BF0007B6A07F12F00984700281ADB0644B8F1EA
:101C0000000F06D14846FEF7CBFF00F101081FFA8E
:101C100088F8414648463A6A7B6A9847002808DBBC
:101C200006440BF1010B26E74FF00008DEE74E46B5
:101C300031E606462FE67B69002B3FF4A9AE002370
:101C40007EE67A69002A86D04FF0000B4CE700BF91
:101C500044080100CC4C01008E4B0100BE4A01003B
:101C6000EB4C0100DC6E0100014B1860704700BFB7
:101C7000A401002080B505460E461746984607F099
:101C80002FFC034602F086FBDFF85090044649F82B
:101C90000030424639463046A8470B4B1B7873B993
:101CA0000A4940F246330A4A0A480BF01AFE0A482B
:101CB0000BF017FE40F2463105480BF009FE54F8D0
:101CC000090002F0E3FA00BFD0150020474D0100E3
:101CD0001C4D0100BE4A01005A4D010008000000E1
:101CE00038B50D460446202200210EF0EDFB0022FF
:101CF000EB68E361AB68A3612B6823626B68A26247
:101D000063622A6923B1591E194208BF42F00102D9
:101D100022610122002104F12C000CF05DFD48B18C
:101D2000054906482F23064A0BF0DBFD2F21044806
:101D30000BF0CEFD38BD00BFA24D0100BE4A010030
:101D40007C4D01002DE9F04F002789B0CDE901233A
:101D5000436A04468B428846BA460597079754D390
:101D600000F11406EFF31185202383F31288BFF3EB
:101D70006F8F3046A94607F09DFE58B984234D4A1F
:101D80004D494E480BF0ADFD31464D480BF0A9FDD5
:101D9000842163E0304607F0B1FE079A2AB1394644
:101DA00020460BF084FE0023079306A920460BF083
:101DB000A5FD06998346414530D32268236A204613
:101DC00013F8221003EB820A21F0030103F822101A
:101DD000216842460BF0B6FDE3682060984218D0B7
:101DE0004FF0000B304607F073FE50B389F31188B3
:101DF000BFF36F8F059929B1A2690AB120469047B8
:101E000000230593BBF1000FACD1504609B0BDE8EB
:101E1000F08F236943F008032361E1E718B12046FE
:101E20000BF0AAFDDEE7DDE90132134339D003915F
:101E30000CF000FD0399A0BB9DBB304607F048FEA7
:101E400078B94FF499731B4A1E491C480BF049FDA1
:101E500031461D480BF045FD4FF4997115480BF0C4
:101E600037FD85F31188BFF36F8F04F12C00DDE996
:101E7000012306F0BDF88346EFF31189202383F395
:101E80001288BFF36F8F304607F014FE00283FF42E
:101E900075AFBBFA8BFB304607F030FE4FEA5B1B99
:101EA000A0E7204607AB05AA27680BF084FD834610
:101EB00098E700BFAB4D0100D84D0100BE4A0100BC
:101EC000ED4D0100034E01001A4E01002DE9F041D5
:101ED0000446C36908460E46984704F114050746B0
:101EE000EFF31188202383F31288BFF36F8F284606
:101EF00007F0E0FD68B984231A4A1B491B480BF020
:101F0000F0FC29461A480BF0ECFC842115480BF034
:101F1000DFFC284607F0F2FD33783A4643F0010330
:101F20003370616820460BF00DFD606020460BF0B9
:101F3000D9FD284607F0CCFD68B94FF49973094ADA
:101F40000C490A480BF0CDFC29460B480BF0C9FCA4
:101F50004FF49971DAE788F31188BFF36F8FBDE80A
:101F6000F08100BFAB4D0100D84D0100BE4A010019
:101F7000ED4D0100034E01001A4E01002DE9F0471E
:101F80000446002700F11406EFF31188202383F3A1
:101F90001288BFF36F8F304607F08CFD054668B995
:101FA0008423394A39493A480BF09BFC3146394879
:101FB0000BF097FC842134480BF08AFC304607F084
:101FC0009DFD2369A168180702D463688B4200D283
:101FD000636A5B1A002B41D0206A10F8213000EBB5
:101FE000810913F003023CD0022A04D150F82120C9
:101FF0005FEA920A05D1DA0720D44846E369984798
:102000008246A168524620460BF09CFC5146A060D7
:1020100020460BF0A5FC2F46304607F059FD10BBBB
:102020004FF49973184A1C4919480BF05AFC314671
:102030001A480BF056FC4FF49971BCE743F00203C9
:1020400000F82130E3694846A568984729460246CA
:1020500020460BF077FC0025A060DDE71D46A94671
:10206000DAE71546FBE788F31188BFF36F8F002D81
:102070008AD137B1B9F1000F03D104F12C0005F07A
:1020800039FF4846BDE8F087AB4D0100D84D01004F
:10209000BE4A0100ED4D0100034E01001A4E010041
:1020A0002DE9F0410446C36908460D46984704F1FE
:1020B00014060746EFF31188202383F31288BFF339
:1020C0006F8F304607F0F6FC68B98423274A284909
:1020D00028480BF006FC314627480BF002FC84210F
:1020E00022480BF0F5FB304607F008FD2B7823F073
:1020F00001032B7023699B0705D5E268236A03EB74
:1021000082039D4222D12B7823F002032B70D4E965
:102110000231994204D13A4620460BF013FCA060EC
:10212000394620460BF01CFC304607F0D1FC90B934
:102130004FF499730D4A11490E480BF0D2FB31460A
:102140000F480BF0CEFB4FF49971C9E72B6867F38A
:102150009F032B60E8E788F31188BFF36F8F04F1CA
:102160002C00BDE8F04105F0C5BE00BFAB4D01003D
:10217000D84D0100BE4A0100ED4D0100034E0100A3
:102180001A4E010070B5044600F11405EFF31186F4
:10219000202383F31288BFF36F8F284607F08AFC51
:1021A00068B984231A4A1B491B480BF09AFB29463D
:1021B0001A480BF096FB842115480BF089FB284642
:1021C00007F09CFC2369A0681B0702D46368834264
:1021D00013D2646A241A284607F07AFC78B94FF4BF
:1021E00099730B4A0E490C480BF07BFB29460D48AE
:1021F0000BF077FB4FF49971DEE71C1AEBE786F3DF
:102200001188BFF36F8F201E18BF012070BD00BF63
:10221000AB4D0100D84D0100BE4A0100ED4D01005B
:10222000034E01001A4E01002DE9F84F0546AB8B15
:1022300008461907904616D501280CBF43F0100335
:1022400043F02003AB831435284607F041FC0028F7
:1022500040F0B181AE494FF49973AE4AAE480BF0ED
:1022600040FB29469DE0022803F0070140F07D81F4
:1022700028460BF044FC052800F2FA8001A353F82D
:1022800020F000BF472200006B25000071240000F1
:1022900015230000AF2300000F24000002F0070206
:1022A000531F012B1AD80023062A2E68A4B2C5E9B1
:1022B000003309D1334603E0EA8B0132EA831B681D
:1022C000002BF9D144F002042846AC830BF017FC34
:1022D000002800F05A8144F0200455E1042A0DD171
:1022E000A4B22846AC830BF00AFC0646002800F096
:1022F0004C8144F020040026AC8346E1874940F23B
:102300001B13874A84480BF0ECFA40F21B118448F7
:102310000BF0DEFA49B183494FF4AB73804A7E4833
:102320000BF0DFFA4FF4AB71F1E72B684BB97E4944
:1023300040F257137A4A78480BF0D3FA40F257111B
:10234000E5E72B691F684FB978494FF4AD73744ABC
:1023500071480BF0C6FA4FF4AD71D8E70E468A46C5
:102360004FF00609AC8B24F0070444F00604A4B235
:10237000AC83AB68002B00F00F814FF0010B44F0F1
:102380000804AC8305F11404204607F0A1FB0028E3
:1023900078D15F494FF499735E4A5F480BF0A1FA18
:1023A000214663480BF09DFA4FF499718EE00229A3
:1023B00009D0604940F25D13594A57480BF091FA31
:1023C00040F25D11A3E7EE8B4EB15B494FF4AF7362
:1023D000534A51480BF085FA4FF4AF7197E72B69D8
:1023E0005F684FB9514940F261134D4A4A480BF0BA
:1023F00078FA40F261118AE7AC8BB24624F0070408
:1024000044F00404A4B24FF00409AC83B1E70129FD
:1024100009D04A494FF4B273414A3F480BF061FA80
:102420004FF4B27173E72B684BB93F4940F2651323
:102430003B4A39480BF055FA40F2651167E72B69C2
:102440009F684FB939494FF4B473354A32480BF09D
:1024500048FA4FF4B4715AE70026AC8BB24624F028
:10246000070444F00504A4B24FF00509AC8380E7EB
:102470002A4940F26B132A4A27480BF032FA40F2FD
:102480006B1144E788F31188BFF36F8FBBF1000F26
:102490001ED1002E33D117B128462949B847EFF392
:1024A0001188202383F31288BFF36F8F204607F033
:1024B00001FB00284AD18423164A224916480BF012
:1024C00010FA214620480BF00CFA842111481FE72E
:1024D000A9680029DDD0D1F800800029D9D0534661
:1024E0004A462846D1F804B0D847B8F1000F04D0C6
:1024F000D8F8003041469846EFE74346FAE73146C0
:1025000053464A46284636680BF025FBC1E700BF14
:10251000034E0100AB4D0100BE4A0100886301007B
:102520003A4E01005F4E01006B4E01008E4E0100DD
:102530001A4E0100A54E0100BB4E0100CA4E01001B
:10254000C5250000D84D0100ED4D0100204607F0E3
:10255000D5FAAC8B24F00804A4B2AC83E20621D5F2
:1025600024F01003AB8304F00701D5F818A0AA8B60
:10257000BAF1000F22F00704BFF690AE00232E68D8
:10258000C5E9003344F00104AC8304F00709894530
:102590004FF000077FF4EDAE0EB9002FDED04FF004
:1025A000000BECE6A3067FF54EAE24F02003AB83D0
:1025B00004F007015CE688F31188BFF36F8FBDE874
:1025C000F88F00BFF8B504460D4600F11406EFF38E
:1025D0001187202383F31288BFF36F8F304607F0F3
:1025E00069FA68B984230C4A0C490D480BF079F953
:1025F00031460C480BF075F9842107480BF068F957
:10260000304607F07BFAA5613A462046BDE8F8401F
:102610000121FFF709BE00BFAB4D0100D84D0100FD
:10262000BE4A0100ED4D01002DE9F04704460E467B
:102630000BF081FA051E66DB04F11409EFF3118A31
:10264000202383F31288BFF36F8F484607F032FAD6
:10265000804660B98423374A374938480BF041F93E
:10266000494637480BF03DF98421324843E048465B
:1026700007F044FA4FF6FF72E38BA78B934207F003
:10268000070743D0062F2CD8DFE807F01F43092B9C
:102690001F041F006FF085054FF0000802E00225BF
:1026A0000133E383484607F013FA002834D14FF48E
:1026B0009973204A234921480BF013F949462248CF
:1026C0000BF00FF94FF49971CFE700233360636883
:1026D00023B9C4E9006687B13D46DDE71E60666048
:1026E000F9E71A4915484FF4E473194A0BF0F9F861
:1026F0004FF4E47116480BF0EBF8524602212046E5
:10270000FFF792FD3D462846BDE8F0876FF00A05C9
:10271000C2E76FF00405BFE78AF31188BFF36F8F3C
:10272000B8F1000FEFD000233A46314620460BF0B7
:1027300012FAE8E7AB4D0100D84D0100BE4A010096
:10274000ED4D0100034E01001A4E0100CA4E01007A
:102750003A4E0100F8B5054600F11406EFF3118773
:10276000202383F31288BFF36F8F304607F0A2F95E
:1027700060B98423254A264926480BF0B2F8314631
:1027800025480BF0AEF8842120482BE0304607F0B6
:10279000B5F9AC8B04F00704022C17D0012C0CBF48
:1027A0006FF004046FF08504304607F091F938BBF0
:1027B0004FF49973154A194916480BF092F83146AF
:1027C00017480BF08EF84FF49971DDE7EB8B5BB98E
:1027D0001449104840F2EF13134A0BF082F840F20C
:1027E000EF1111480BF074F8013B9BB2EB83002B07
:1027F000DAD13A4621462846FFF716FD2046F8BDB5
:1028000087F31188BFF36F8FF8E700BFAB4D01006E
:10281000D84D0100BE4A0100ED4D0100034E0100FC
:102820001A4E0100E04E01003A4E010008B5426820
:10283000034602F00302032A81600AD06AB90849FC
:1028400008484523084A0BF04CF8452106480BF090
:102850003FF8006800225A6008BD0020FAE700BF78
:1028600088630100BE4A0100EE4E010008B558B968
:102870000749084840F23513074A0BF032F840F296
:10288000351105480BF024F84368587908BD00BF9E
:102890004C4F0100BE4A0100144F010010B548B969
:1028A00008490948A023094A0BF01BF8A021074852
:1028B0000BF00EF803681B6913B1BDE81040184710
:1028C000184610BD4C4F0100BE4A0100144F0100D4
:1028D0002DE9F843044606460127DFF8408094FAC4
:1028E000A4F5B5FA85F507FA05F308EB05156FEAC7
:1028F000030924EA03042B7B5BB12846FFF7CEFFD4
:1029000038B96B6804222846196806EA09060BF0F4
:102910008DF9002CE3D13046BDE8F883481301005F
:1029200010B5002288B00E490E480BF0FCFF0022C3
:1029300000230024CDE906230E234FF40062CDE9E5
:102940000334CDE90144084B08490094084805F0D8
:10295000B9FE084906480BF073FF204608B010BDC9
:10296000592A0000400B0020A52D0000D81500209A
:1029700070060020634F01002DE9F047DFF8D49086
:102980002D4C8046A9EB04038F2B0F460BD92B4906
:1029900040F253132A4A2B480AF0A3FF40F2531186
:1029A00027480AF095FF28480BF024F9064660B343
:1029B00000252846BDE8F087237B8BB12368DB68C0
:1029C0000BB1204698476368204683F806A0FFF7BE
:1029D00065FFB0B963680422204619680BF026F938
:1029E000013610344C4514D9184940F25F13144A8B
:1029F00014480AF076FF16480AF073FF40F25F11A0
:102A0000CEE70AFA06F31D43EAE705464FF0010A4E
:102A1000E8E7D1D3B8F1000FCBD0002DC8D02846BD
:102A2000FFF756FF0546002FF7D0002140F239107E
:102A300006F0C8FCF1E700BF48130100984F010001
:102A40006B4F0100BE4A0100800F0020C84F0100FB
:102A5000E94F010058130100014805F04BBA00BFCF
:102A6000D8040020014B53F820007047B044010007
:102A700008B5034608462BB1044A136000F094FDE4
:102A8000002008BD6FF01500FBE700BFA801002083
:102A900010B5044C237813B9034805F02BFA012331
:102AA000237010BDC8150020D804002010B50446BE
:102AB00009480BF09FF83CB1084BD3E8EF1F0139F0
:102AC000C3E8E21F002AF8D1054807F0E5FBBDE89E
:102AD0001040044805F00EBA780F00207C0F00204B
:102AE000400B0020D80400200022044BD3E8EF0F55
:102AF000C3E8E12F0029F9D1704700BF780F00200B
:102B000070B5FFF7F1FF0546104C114EB4421AD9CB
:102B1000104940F21623104A10480AF0E2FE10480D
:102B20000AF0DFFE40F216210B480AF0D1FE2046E3
:102B3000FFF79CFE28B123685B6813B12946204645
:102B400098471034E2E7F2D370BD00BF481301008C
:102B500058130100C84F01006B4F0100BE4A01002D
:102B6000E94F010010B5044C04492046FFF7B8F8BE
:102B7000034B1C6010BD00BF280400209C440100D2
:102B80006C0F00200023154A10B51370144A154924
:102B90001360154A15481360FFF76AFFFFF7E2FF5D
:102BA000134B144918468B4215D9134940F22B1385
:102BB000124A13480AF095FE12480AF092FE40F2BB
:102BC0002B110E480AF084FE1A1A5C6812110132A9
:102BD00022711033E7E7F7D310BD00BFC9150020FD
:102BE000780F002040420F007C0F0020F1DB000036
:102BF0004813010058130100C84F01006B4F01003A
:102C0000BE4A0100E94F01000146002200230148AD
:102C1000FFF798B8280400200148FFF7AFB900BFBC
:102C200028040020024B01461868FFF739BA00BF9C
:102C30006C0F00200148FFF7A5BA00BF2804002050
:102C4000F8B5314B1B78002B5BD0FFF7E5FF04464E
:102C5000002846D12D4B2E4D1B68002B19DD0BF0A3
:102C600060FE4FF47A76A0FB060747F61222002397
:102C700006FB0171FDF77AFFD5E90032C01A40F278
:102C8000E93361EB0201984271F1000101D3FFF7D2
:102C900037FFD5E9003213F57A7342F10002C5E936
:102CA000003274B3BDE8F840FFF7C4BF2846FFF711
:102CB000DDFD20B12B68214628461B68984710355A
:102CC000B54211D9134940F20A23134A13480AF0B6
:102CD00008FE13480AF005FE40F20A210E480AF0E9
:102CE000F7FD104D104EEBE7E0D32046FFF79AFFBB
:102CF0000E4BD3E8EF1F0139C3E8E21F002AA9D029
:102D0000F7E70020F8BD00BFC8150020780F0020AD
:102D1000380B0020C84F01006B4F0100BE4A010074
:102D2000E94F010048130100581301007C0F0020F7
:102D300070B5154D297831BB0120FFF71DFE134CEE
:102D4000134EB44218D9134940F2CF13124A134814
:102D50000AF0C7FD12480AF0C4FD40F2CF110E4838
:102D60000AF0B6FD2046FFF781FD18B12368204622
:102D70009B6898471034E4E7F4D3FFF761FF00281D
:102D8000FBD101232B7070BDC91500204813010031
:102D900058130100C84F01006B4F0100BE4A0100EB
:102DA000E94F01002DE9F843374F384BFB1A1B0957
:102DB0000AD137494FF46F73364A37480AF091FD0C
:102DC0004FF46F71334819E000210846FFF7D4FD36
:102DD0000446A8B140F21B684FF000092F4B1B7846
:102DE0009BB92F4940F246332E4A2B480AF079FD11
:102DF0002D480AF076FD40F246312A480AF068FD77
:102E00004FF0FF384FF0FF39E8E701F0C3FA274BE6
:102E1000274A1B58136033B1264B1B68092B02DD70
:102E2000254805F067F8002544B12046FFF750FD1E
:102E3000044618B94FF0FF384FF0FF39FFF700FF95
:102E4000064628B935B91C4842464B4605F0D0F82D
:102E50003546E9E70D4D08E0F5D22B689B691BB1BB
:102E600000222846114698471035BD42F4D913492F
:102E70004FF46C73074A08480AF033FD10480AF013
:102E800030FD4FF46C719DE75813010048130100A9
:102E9000085001006B4F0100BE4A0100D015002010
:102EA000474D01001C4D01005A4D01000800000073
:102EB000740F00207C0F0020D8040020C84F0100B0
:102EC000E94F010013B52C480AF094FE2B4B1B78F8
:102ED000002B35D0EFF31184202383F31288BFF346
:102EE0006F8F274806F0E6FD68B98423254A2649F6
:102EF00026480AF0F6FC224925480AF0F2FC842113
:102F000020480AF0E5FC1E4806F0F8FDFFF798FEA1
:102F10001B4806F0DDFD68B94FF49973194A1D4945
:102F20001A480AF0DEFC16491B480AF0DAFC4FF496
:102F30009971E5E784F31188BFF36F8F02B010BD7C
:102F4000164B1B68002BF9D050B9002200231448FF
:102F5000CDE9002347F61222002307F02FF9EDE711
:102F60000928EBD10E4807F097F90E4802B0BDE8EA
:102F7000104004F0BFBF00BF7C0F0020C915002027
:102F8000700F0020AB4D0100D84D0100BE4A01007A
:102F9000ED4D0100034E01001A4E0100740F002098
:102FA000400B0020D804002010B5064B04461B68D7
:102FB00098472146A0600448FEF788FFBDE810400E
:102FC000FFF780BFA801002028040020044A054B19
:102FD0009B1AB1EBD30F34BF52F831000020704779
:102FE000D8120100481301002DE9F04F8FB0C1F352
:102FF0004A2604AF0D469046B8607B600C0D002E4B
:1030000066D04FF000090A234FF0040B07F1140AB1
:10301000FE60C7E90799C7F824900093CDF808B07F
:10302000CDF804A007F11C034A464046F968FEF7B4
:10303000F7FBB0F5006F03461CD36C468AB0D8F896
:10304000041004AB2B481A46C3E9050140F2FF7196
:10305000D9614FF400711984274B42F8103F4FF4A7
:1030600012514B462548FFF7BFFFA5462C37BD46FA
:10307000BDE8F08FC0F30A0604F11700184420F0F1
:10308000070080083B60FFF7BFFD66F35325044649
:1030900030B33B6800F11001C7E908390A23F96130
:1030A000CDE901AB00934046154AF96807F11C03CE
:1030B000FEF7B6FB002813DA1249134840F2491311
:1030C000124A0AF00EFC40F2491110480AF000FCC6
:1030D00004F1170020F007008008FFF795FD044673
:1030E00066F353252A4620467B68B9680AF0BEFD80
:1030F000BCE700BF3150010004000001F8120100DC
:103100003FDC00009D500100BE4A010070500100EC
:103110002DE9F04F87B00546DDE9106BDDE9127A45
:103120008846144699462FB33B465A461021002044
:10313000CDF800A0CDF814A0FEF794F900280BDA22
:1031400027494FF4B473274A27480AF0CAFB4FF4C3
:10315000B47124480AF0BCFBB0F5006F01460BD3F4
:1031600040F2FF730221214A214807B0BDE8F04F29
:103170000AF0D5BD3946384604F0070305F00704C8
:10318000E40044EA831444EA402444EA065406F185
:103190001700084420F0070080080391FFF734FD72
:1031A0000546A0B19FB13B465A460399CDF800A011
:1031B0001030FEF757F9002809DA094940F28D135B
:1031C000084A09480AF08DFB40F28D11C1E74B46D1
:1031D00022464146284607B0BDE8F04F0AF046BDFA
:1031E0009C50010070500100BE4A0100A650010031
:1031F000F8120100406820B1034BC01A40F3CF0021
:1032000070474FF0FF307047D81201000EB403B57D
:1032100003AB53F8042B01460448019301F060FB13
:1032200002B05DF804EB03B0704700BF4D32000000
:10323000CA0605D48B064CBF02490349FFF7E6BF17
:10324000704700BF5E660100DE50010038B54B6874
:1032500005461A68CB680C469A4202D108460AF025
:1032600082FD6368D3E8EF2F511CC3E8E01F0028FC
:10327000F8D1A3689D5463681A68E3689A4209D933
:10328000054906487223064A0AF02BFB72210448BE
:103290000AF01EFB002038BD10510100BE4A01009B
:1032A000E15001002DE9F04F89B099469DF850801A
:1032B000159B044606930D46DDE916A3189F05925B
:1032C0000493B8F1000F00F0A180B8F1040F0BD9FE
:1032D00087494FF41573874A87480AF002FB4FF479
:1032E000157184480AF0F4FA07F4807307930AF022
:1032F0009BFC07F0020B0246002856D020467F496F
:10330000FFF784FF0646BBF1000F08D017F0440F0B
:103310004DD12A4620467A49FFF778FF064407F048
:10332000010353B1774B204653F82820764B774959
:10333000002A08BF1A46FFF769FF07F48073002BC5
:1033400007F0080318BF4FF00009002B5BD0704B4B
:10335000204653F828206F49FFF758FF0546059B84
:103360002BB11A4620466C49FFF750FF0544B9F1CE
:10337000000F05D04A4620466849FFF747FF05443D
:1033800067483544069B002B47D0224665490AF022
:1033900040FA002841DA644940F2B123554A5648C0
:1033A0000AF09FFA40F2B1219BE70646ABE75F4B7C
:1033B00018680028B2D05E4B4FF47A7B1B684FF040
:1033C0003C0CB5FBF3F5B5FBF0F14FF4616300FB8A
:1033D00011550BFB05F5B1FBF3F2B5FBF0FE03FB5A
:1033E000121100FB1E55B1FBFCF30BFB05F5B5FB01
:1033F000F0F50CFB131120460091CDE901E54D4994
:10340000FFF704FF8AE707F00805A8E7B9F1010F05
:1034100045460CBF42484848B4E7049B002B52D0B5
:10342000049B3946102B28BF1023204699460026BE
:10343000FFF7FEFEB54218DC0026334620461AF898
:1034400003203E49FFF7E2FE0136102E13D071072C
:1034500003D120463A49FFF7D9FE4E453346EDD316
:1034600020463849FFF7D2FEEEE720463449FFF701
:10347000CDFE0136DEE7002620463349FFF7C6FEC3
:1034800033461AF803202046A2F120035F2B28BF01
:103490002E222E49FFF7BAFE0136102E0DD07207EC
:1034A00003D120462649FFF7B1FE4E453346E8D307
:1034B00020462349FFF7AAFEEEE7049BCA44B3EB7C
:1034C00009030493ACD1B8F1000F0AD0FB0704D56F
:1034D00020460D4A0D49FFF799FE39462046FFF771
:1034E000A7FE204609B0BDE8F04F0AF03CBC00BF83
:1034F00045510100E1500100BE4A01005051010058
:1035000054510100C04401004051010079510100B3
:10351000D44401007C510100825101008651010018
:103520004D320000E14800008B510100880F00205F
:10353000840F00205D51010081DD000094510100E5
:103540009C5101009A5101009E510100A0510100BF
:1035500042F20F7373B58B4228BF0B4605680446D1
:10356000052168460D4A09F039F806466368284681
:103570000B225B680A490AF0E8FB63683246694639
:1035800028465B680AF0E1FB63681B2228465B68FB
:1035900004490AF0DAFB02B070BD00BF20540100FC
:1035A000B06E0100946E010000210123064A904292
:1035B00006D8064A01B901231360054B186070470D
:1035C000012140085B00F2E740420F00840F002019
:1035D000880F0020F8B50D460446064F4618B44241
:1035E00001D12846F8BD14F8011BBB6801485B688F
:1035F0009847F4E76009010010B543681C68094862
:103600000BF0CFF848B9084908489923084A0AF04E
:1036100068F9992106480AF05BF923685B685C60E9
:1036200010BD00BF6009010001520100BE4A010047
:10363000C3510100014B0360002070471C4501008D
:1036400010B5B9B190F93D20002A05DA0A480AF010
:1036500039FD6FF0C90010BD182303FB020402FB03
:10366000033318448388228AE0685343A28A5A436A
:103670000CF01DFF0020EEE7355201001FB50023BE
:10368000019303930123694611480293FEF7CCFF8F
:1036900058B1104940F257130F4A10480AF021F967
:1036A00040F257110C480AF013F9029B9B07FCD11A
:1036B000039B4BB10A4940F25D13074A07480AF0E1
:1036C00010F940F25D11EDE705B05DF804FB00BFB5
:1036D000C40F0020A85201005C520100BE4A010044
:1036E000B052010008B5074A0121D2F80034002089
:1036F00043F00103C2F800340AF06BFD024B18607E
:1037000008BD00BF00600550E40F0020054A0021FD
:10371000D2F8003423F00103C2F80034024B1868D9
:1037200001F0BABA00600550E40F00204FF0FF32FC
:103730004FF0FF33014804F05BBC00BFC804002019
:10374000014804F0D7BB00BFC8040020014804F0C2
:10375000DFBE00BFB40F002038B5164B1B7873B91D
:10376000154940F24633154A15480AF0BAF815488B
:103770000AF0B7F840F2463110480AF0A9F800F014
:1037800009FE114B114C1D582368AB4210D0236821
:1037900023B10F4BD3F8C830AB4209D0FFF76EFF0F
:1037A0004FF0FF324FF0FF330A4804F021FC256050
:1037B000012038BDD0150020474D01001C4D0100EF
:1037C000BE4A01005A4D010008000000B00F002061
:1037D000300D0020B804002008B50A48FEF7BAFFF3
:1037E0000CF0FEFC084B38B1084AD2F8C8201A6029
:1037F000BDE808400CF00CBD18600548BDE8084065
:1038000004F078BBC40F0020B00F0020300D002062
:10381000B8040020002208B5044B05481A60FEF7E2
:1038200099FFBDE80840034804F064BBB00F0020D6
:10383000C40F0020B804002010B5104910480AF049
:10384000A0F9002816DB0F490F4804F0D1FDFFF75F
:1038500049FF0E480CF0B2F9044648B9024601216E
:10386000562000F027FC562000F0F4FBFFF74EFF37
:10387000204610BD4FF0FF34FAE700BF1C450100A1
:10388000C40F002089E00000B40F00200060055044
:1038900008B504480AF00FF803480AF00CF80020B5
:1038A00008BD00BFC1520100F652010008B503482F
:1038B000034A0021121A0AF01FFC08BD0805002067
:1038C000D4150020074808B5074A0849121A0AF01B
:1038D00015FCBDE808400648064A0749121A0AF0D6
:1038E0000DBC00BF6000002008050020DC6E010058
:1038F0006000002060000020DC6E01002DE9F84F20
:1039000080460C4600AF002965D0D1E90012E94697
:103910008AB0A3686D464FF0050A6E463748CDE978
:103920000723CDE9050146F810AF002332464FF4D6
:1039300021513348FFF758FBD4E90312CD466369A0
:10394000AD463048C5E90723C5E90501C5F810A013
:10395000002332464FF421512948FFF745FBCD465D
:10396000E3690121284A26480AF0D9F926460025AC
:103970004FF00A0ADFF8A0B0E946D6E908C0D6E958
:103980000A138EB06A46CDF81CC005F1010CCDE9D2
:1039900008C0A81CCDE90A01E91CCDE905B5CDE9AF
:1039A0000C1342F810AF002345F2400114480435CF
:1039B000FFF71AFB102DCD4606F11006DCD1236E61
:1039C0000121124A0E480AF0AAF9A3690121104AFE
:1039D0000B480AF0A4F9B8F1010F07D1EFF3058302
:1039E0000C4A41460648103B0AF099F921464046E8
:1039F00003F0BEFEBD46BDE8F88F00BF23530100B3
:103A0000201301005253010081530100D3530100E0
:103A1000E2530100105401009053010030BFFFF742
:103A2000FDBF00BF2DE9F04105460B4EDFF83080A9
:103A3000324606EB0807CC1B204608490CF037FD40
:103A4000A01942460021083C0CF03EFDAC6707F18E
:103A50000800BDE8F08100BF00000000581301001D
:103A60000400000010B5244C244925480AF053FBFB
:103A7000A36A99013ED5224822490AF04CFB1E2038
:103A8000A36ADA0104D51E481F490AF044FB1F202F
:103A9000194CA36ADB0204D519481C490AF03BFB08
:103AA0000220A36A1C0304D5154819490AF033FB08
:103AB0002120114CA36A590304D5114815490AF075
:103AC0002AFB2220A36A9A0304D50D4812490AF062
:103AD00022FB2320084CA36ADB0304D508480F49C6
:103AE0000AF019FB2420A36A6FEA03436FEA134329
:103AF000A36210BD1D20C3E700ED00E023540100C8
:103B0000201301003B5401004E5401006854010091
:103B100092540100B0540100D5540100EF5401004B
:103B200070B506460D46334C334934480AF0F3FA73
:103B3000A36AD9064DD5314831490AF0ECFA112073
:103B4000A36A1A0704D52D482E490AF0E4FA122078
:103B5000284CA36A9B0712D52B4928480AF0DBFAA8
:103B6000636BA26A110609D50121284A23480AF08D
:103B7000D6F81EB1A36A23F08003A36213201D4C64
:103B8000A36ADA0704D51D4821490AF0C4FA1420B3
:103B9000A36A9B0604D519481E490AF0BCFA1520F1
:103BA000144B9A6AD60602D49A6A940713D59B6A74
:103BB000D90610D5184940F22D13184A184809F0B3
:103BC00090FE184809F08DFE40F22D11134809F0BF
:103BD0007FFE1020B4E7074B9A6A920642BF5A6AEA
:103BE00022F400525A629A6A42F0FF029A6200235B
:103BF0002B7070BD00ED00E01A550100201301008C
:103C00003055010063550100765501008E550100C5
:103C1000A4550100C355010024560100F2550100CE
:103C2000BE4A01006E56010070B506460D46284C8E
:103C3000284929480AF06FFAA36AD9043CD52648D6
:103C400026490AF068FA1720A36A1A0504D5224803
:103C500023490AF060FA18201D4CA36A9B0512D56F
:103C60001D4820490AF057FAA36BA26A100409D52F
:103C700001211D4A18480AF052F81EB1A36A23F424
:103C80000043A3621920124CA36A590504D51248B7
:103C900016490AF040FA1A20A36ADA050ED50E4832
:103CA00013490AF038FA1B20094A936A43F47F4308
:103CB000936200232B7070BD1620C5E7A36A9B0496
:103CC000F2D505480B490AF026FA1C20ECE700BFA4
:103CD00000ED00E0D256010020130100E85601007B
:103CE00063550100F95601001257010027570100E2
:103CF00042570100C3550100F0B59DB0774B054612
:103D00005868002600AFC0F3080386F31188BFF39C
:103D10006F8F02F07F44B4F17F4F07D102F00C04A3
:103D2000082C12D16E496F480AF0F5F96E4940F23D
:103D30001B436E4A6E4809F0D4FD6E4809F0D1FD70
:103D400040F21B41694809F0C3FD14074CBF0D4602
:103D50000126002DEAD00022FA71DA1E092A00F2AB
:103D60009C80DFE802F0059295759A9A9A9A9A9843
:103D700061495C480AF0CFF90023584CFB71E36AB3
:103D80009A0705D55D4957480AF0C5F900242DE08A
:103D9000E36A002B01DA5A49F5E7E36A5B0067D56D
:103DA000584950480AF0B7F96369AA6943F4807327
:103DB0006361BFF34F8FBFF36F8F32F8023C6269CC
:103DC00022F480726261BFF34F8FBFF36F8F03F4F1
:103DD0007F42B2F55F4F24D1DBB2022B21D12B6899
:103DE0000121494A3F4809F09AFF2C68FB79ABB999
:103DF0006822294607F108000CF059FB7B6A002E67
:103E000068D0C3F3080222B96FEA53236FEA432351
:103E10007B62204607F10801FFF770FD7437BD464D
:103E2000F0BD2E4B9A6AD2B22AB10120F91DFFF7DC
:103E300077FE0446DAE79A6A12F47F4F04D0012035
:103E4000F91DFFF7F1FEF4E79B6AB3F5803F02D35B
:103E5000FFF708FEEDE72D4940F2ED23234A244801
:103E600009F03FFD2A4809F03CFD40F2ED2169E7E9
:103E700026494FF43C731D4A1D4809F032FD254880
:103E800009F02FFD4FF43C715CE70020F91DCEE7EF
:103E90000020F91DD5E7204975E7204A6C4610F44B
:103EA000F87F8AB01E4918BF11466A46103B079337
:103EB0004FF400731B48ADF820301B4BCDE90501D2
:103EC00042F8103F00234FF411510648FFF78CF8D9
:103ED000A5465BE76FF308039AE700BF00ED00E03B
:103EE0008857010020130100B3570100F25501006B
:103EF000BE4A0100C6570100045801001B580100CA
:103F00003C5801004A5801006958010088630100CB
:103F100085580100A9580100D95801006F570100C8
:103F20005A570100FD58010004000001064B5A6970
:103F300042F010025A615A6942F480625A615A6929
:103F400022F008025A61704700ED00E0EFF30880AC
:103F5000EFF3098101B57246FFF7CEFE01BD00BF48
:103F6000002080F31488BFF36F8F002080F30A884D
:103F700080F30B880F4880F3088801F01FFE0020B3
:103F80000D490860BFF34F8F00F02CF8202080F31C
:103F900011880A484FF40061401880F30988EFF354
:103FA00014800221084380F31488BFF36F8F00F060
:103FB000C1F80000182F002094ED00E0D81D00206B
:103FC000002318460649D1F89020C2F307229342F5
:103FD00000DB7047C1F89830C1F8A0000133F6E764
:103FE00000ED00E010B572B6002484F31388FFF7EB
:103FF000E7FF23464FF0FF300C4A03F12001013365
:10400000102B42F82100F8D100234FF0FF30074A6F
:1040100003F160010133102B42F82100F8D162B6A0
:10402000BFF34F8FBFF36F8F10BD00BF00E100E003
:104030001EF0040F0CBFEFF30880EFF309808169D5
:1040400011F8021C0229FFD001B572460AF058F897
:1040500001BD00BF00B2002807DB01234109034A6C
:1040600000F01F00834042F82130704700E100E07B
:1040700000B200280CDB01220649430900F01F00B2
:104080008240203341F82320BFF34F8FBFF36F8F5F
:10409000704700BF00E100E0054B420953F82220C1
:1040A000012300F01F0003FA00F01040704700BF2A
:1040B00000E100E038B54B1C072B04460D460FD934
:1040C0006B23104A1049114809F00BFC294610488F
:1040D0000723224609F005FC6B210A4809F0F8FB8A
:1040E00000B20028ACBF00F160400A4A4FEA431317
:1040F000DBB2ABBF00F5614000F00F0080F8003389
:10410000135438BD1059010047590100BE4A01003F
:104110006259010014ED00E0044B054A23F07F03CF
:104120009360BFF34F8FBFF36F8F704700000000A5
:1041300000ED00E008B5FFF7EFFF104BD3F8882043
:1041400022F47002C3F88820D3F8882042F4A00239
:10415000C3F888204FF04042C3F83422BFF34F8F9A
:10416000BFF36F8F0023E1EE103AFFF79FFBFFF7DD
:10417000A9FB00F0EFF803F057FC00BF00ED00E0F2
:104180004FF47D41C0F8C41042F8203C009B0B491D
:1041900042F81C3C019B21F0010142F8183C029BB3
:1041A00042F8081C42F8143C4FF0807342F8043C7B
:1041B0000023203A0265C367704700BF751C0000EA
:1041C000104B9B6883421AD1EFF30580B8B9EFF327
:1041D0001181202282F31288BFF36F8F9A8922F017
:1041E00002029A81EFF3148323F0040383F314880B
:1041F000BFF36F8F81F31188BFF36F8F70476FF03C
:10420000150070475C1100200E461546002300B5CE
:10421000E1EE103AEFF3148323F0040383F31488E0
:10422000BFF36F8FBFF36F8F0B4B826F98600B4B99
:104230001A60836E83F30B882C4686F3098800206E
:10424000034B98472046002100220023014C2047C1
:1042500033E10000751C00005C110020E80F002015
:104260001022014B1A61704700ED00E0054B9A697E
:104270009B689A421FBF044A536843F080535360BF
:10428000704700BF5C11002000ED00E0084B9B6808
:1042900083420BD1EFF3058343B1064B5A6842F0DA
:1042A00080525A605A6A22F400425A6205F01EB9DE
:1042B0005C11002000ED00E023498A6882F8C5E027
:1042C0004FF030001044EFF3098C80E8F01F1EF02F
:1042D000100F03D102F1840080EC108A202080F3BB
:1042E0001288BFF36F8F194F4FF000668A698A609A
:1042F0003E60906F164C206092F9C5E0D06F0023AD
:10430000D36780F311881EF0100F03D00023E1EE75
:10431000103A03E002F1840090EC108AEFF314836A
:1043200023F0040383F31488BFF36F8F02F130008E
:1043300090E8F01F8CF3098802F1000004B509F041
:10434000F2FEBDE8044070475C11002004ED00E07F
:10435000E80F0020002320210448C2180133B3F5E0
:10436000917F82F80013F8D1704700BF00E100E0B0
:1043700008B5EFF30583064A103B02EBC30152F880
:10438000330049688847BDE80840FFF76FBF00BFAA
:104390007C0901000148006870470000E80F002018
:1043A0001FB50121094B0A4A0A4800F00FF9002302
:1043B000064A0393084B0121019301A8D31A0293E3
:1043C00000F028F905B05DF804FB00BF00FC0720F1
:1043D0000000002028450100080500200A7A0B682B
:1043E00010B562F304031C46CB68520923F01F0387
:1043F00043EA4203044A43F00103C2F89800C2F8BA
:104400009C40C2F8A03010BD00ED00E010B50A4B92
:10441000D3F89030C3F30723013B984208D9012118
:104420000346064A064809F07AFC6FF0150010BDF5
:10443000FFF7D4FFFBE700BF00ED00E0A659010045
:10444000181301002DE9F04F8946144606464FF037
:1044500000084F4D85B0C84527DAD6F804A0BAF158
:10446000000F44D0BAF11F0F17D91AF01F0F14D143
:10447000D6F800B01BF01F0F0FD1584609F07CFE94
:1044800007460AEB0B00013809F076FE874210D090
:104490006FF015073F4A3B4601E043463E4A012183
:1044A0003E4809F03CFC6FF01504204605B0BDE81D
:1044B000F08F17F1160FEDD0BC42EBDDC5F8987008
:1044C000D5F89C10C5F89870D5F8A03021F01F01E0
:1044D00043F01F0BD6E900321A44994202F1FF3A29
:1044E0001AD1D34507D13146F8B209F04EFE08F192
:1044F00001080C36AFE73146C5F89870D5F89C3006
:10450000E0B263F30402C5F89C2009F03EFE10F10E
:10451000160FC8D0441CEAE7C5F89870D5F8A0205B
:10452000013B23F01F0302F01F021343D345314622
:10453000E0B2C5F8A030E8D009F027FE10F1160F60
:10454000B1D0C5F89870D5F89C209DF808300BF1D3
:10455000FF3B62F304038DF80830D5F8A0309DF8D6
:1045600008205B0863F347128DF80820D6E9003273
:104570001344009323F01F035B44A3EB0A030130B1
:1045800023F01F036946C0B20393FFF73FFFBEE766
:1045900000ED00E0F2590100CC59010018130100B0
:1045A0000522044BC3F89420BFF34F8FBFF36F8FE6
:1045B000704700BF00ED00E0BFF35F8F0022024BA9
:1045C000C3F89420704700BF00ED00E038B50C4DF3
:1045D0000C462A78FFF736FF287016300FD140F2CC
:1045E0008913084A0849094809F07BF92146084817
:1045F00009F077F940F28911024809F069F938BDEC
:10460000CB150020155A010088630100BE4A010045
:10461000445A01002DE9F74F314D894606464FF0C7
:104620000008AB462F4FC84502DB03B0BDE8F08F52
:10463000D6F804A0BAF1000F4CD0316808460191B9
:1046400009F09AFD019904460AEB0100013809F0CE
:1046500093FD84424FF01402234B15D002FB08F364
:104660006FF015024BF8032040F299131F4A2049BE
:10467000204809F036F949461F4809F032F940F25E
:1046800099111A4809F024F914F1160F2C60EBD097
:104690001978A142E8DD02FB08B0C7F89840C7F8D6
:1046A0009840D7F89C4000F10801007B64F30400B7
:1046B0000871D7F8A0000C79400860F347140C711A
:1046C000D7F89C1021F01F016960D7F8A01021F0E5
:1046D0001F01296108F1010814350C36A3E700BF5A
:1046E000EC0F002000ED00E0CB150020155A010072
:1046F00088630100BE4A0100705A01002DE9F041B3
:104700006B4D6C4ED5F890303468C3F307239C4250
:1047100086B013D940F20223674A6849684809F015
:10472000E0F8D5F8902021466648C2F3072209F048
:10473000D8F840F20221604809F0CAF80020FFF7DB
:104740003BFF614BC5F8C03084421BD15F4D01A8CF
:104750002C70FEF76FFF002607464FF061085C4C97
:10476000B74216D100202B785149D1F89020C2F3DE
:1047700007229342C0F295800020FFF711FF06B098
:10478000BDE8F081716801EB0011FFF727FE0130F1
:10479000DAE7019A300102EB0613D3F80CC00CEAF9
:1047A0000401B1F1807F57D00AD8B1F5001F29D09C
:1047B000B1F5800F43D0B1F5801F14D00136CFE79B
:1047C000B1F1006F48D0B1F1805FF7D159689B68B3
:1047D0001258013B21F01F000344CDE9021223F0DF
:1047E0001F0301220BE0596812589B68CDE90212A1
:1047F0002122013B21F01F00034423F01F038DF809
:10480000102036E0596812589B68CDE90212412207
:10481000013B21F01F00034423F01F031CF0010F94
:104820008DF81020059325D02A498423224A244854
:1048300009F057F8284809F054F884217BE75968B3
:104840009B681258013B21F01F000344CDE902127E
:1048500023F01F030622D2E7596812589B6821F003
:104860001F00013BCDE90212034423F01F038DF822
:1048700010800593287802A9FFF7C8FD00280CDAFC
:104880000E4940F235230C4A0D4809F02AF8134826
:1048900009F027F840F235214DE72B7801332B70D2
:1048A0008CE7C1F89830C1F8A00001335DE700BF84
:1048B00000ED00E034450100155A01008863010055
:1048C000BE4A01009F5A0100AAFF4400CB150020F8
:1048D0000000F0FFD35A0100F95A0100285B0100E3
:1048E000F0B587B007460E461446002110226846F0
:1048F0001D460BF0E9FD02238DF80230054B2A46D8
:1049000021466846CDE90476019307F01FFF07B002
:10491000F0BD00BFBDE1000008B5024B1B68984721
:10492000002008BD00100020034B044A1860937853
:1049300043F002039370704700100020B401002080
:1049400008B50549054A21F007010548521AFCF748
:10495000F7FC002008BD00BF1F33002000FC07202B
:104960000410002008B5244A244B1A6000F02AFAEB
:104970004FF47A612248D0F82436C3F30802C3F317
:1049800009434B4382F480721E49883201FB023393
:104990004FF4FA215B00B3FBF1F201FB12331A4929
:1049A000B3F57A3F28BF0132C1F80429D0F8203688
:1049B0004FF47A60C3F30802C3F30943434342F25E
:1049C0001C5082F4807202F2172200FB02334FF473
:1049D0007A701B0AB3FBF0F200FB12330020B3F530
:1049E000FA7F4FF0010328BF0132C1F81C27C1F83C
:1049F0000009C1F8003608BD0020A1073C030020D3
:104A000000C0FF00F82A00800000125048B1054B9A
:104A1000054A1B68B3FBF2F35843044B43F0010310
:104A2000184770473C03002040420F0080150100EA
:104A300010B501F063FA214C206001F05BFA606070
:104A400001F060FA4FF6FF71A060002001F05EFAFD
:104A50006FF07F41012001F059FA4FF6FF710220FB
:104A600001F054FA0F21032001F050FA40F6FF71D3
:104A7000042001F04BFA4FF6FF71052001F046FAD1
:104A8000FF21062001F042FA0F21072001F03EFA33
:104A90000321002001F056FA3F21012001F052FAD3
:104AA0003F21022001F04EFA0321084601F04AFAA4
:104AB000204601F001F9002010BD00BF10100020B9
:104AC00030B585B000F0B2FF00284FF00103184C5C
:104AD0000CDB2268834013432360012215462468BF
:104AE00064B9039801F0BAF9204619E00221009355
:104AF000104A0023104809F01CF9EEE794FAA4F3D9
:104B0000B3FA83F30D4805FA03F19B0024EA01048C
:104B100018443AB10A4903AA09F0E5FC002804DA6E
:104B200005B030BD039909F0CAFC0022D8E700BFE8
:104B300020100020655B01003013010000210E50A1
:104B400000E004502DE9F0410446884615461F4612
:104B5000EFF31186202383F31288BFF36F8F414850
:104B600004F0A8FF60B984233F4A4049404808F058
:104B7000B8FE3C493F4808F0B4FE84213A4823E09F
:104B8000384804F0BBFF3C4A10680FB90E2C4CD9D2
:104B900000284BD090FAA0F50123B5FA85F5AB407B
:104BA00020EA03001060002F38D00F3C48F1FF319D
:104BB0000B2D0BDD31494FF4A063314A2C4808F02E
:104BC00090FE4FF4A0612E4808F082FEB1F5801FE0
:104BD00009D32C4940F20253294A254808F081FEA6
:104BE00040F20251EFE72B0103F1A04303F56223EA
:104BF000C3F82045C3F824151A4804F069FF48BBE0
:104C00004FF49973184A2049194808F06AFE15496B
:104C10001E4808F066FE4FF49971AFE73A46A4F1DA
:104C20000F01E8B202F044FCE6E700B97DB1184993
:104C30000A6842B91748D0F8183523F0030343F047
:104C40000103C0F81835013220250A60D4E76FF05F
:104C50005705D1E786F31188BFF36F8F2846BDE86B
:104C6000F08100BF1C100020AB4D0100D84D0100A9
:104C7000BE4A0100ED4D010020100020CE5B010076
:104C80009B5B0100E25B0100034E01001A4E010034
:104C90002410002000E00450002810B508DA3A493A
:104CA000D0233A4A3A4808F01CFED02137480FE09A
:104CB000202823D0B1B1C3B20B2B0BD935493448CE
:104CC00040F24473344A08F00CFE40F2447132481A
:104CD00008F0FEFD00221B0103F1A04303F562234F
:104CE000C3F82C2501232D4A8340D2E8EF0F184347
:104CF000C2E8E10F0029F8D1002010BDEFF31184C4
:104D000080F31288BFF36F8F254804F0D3FE60B99B
:104D10008423244A24491E4808F0E3FD20492348FF
:104D200008F0DFFD84211F48D2E71D4804F0E6FEAD
:104D30001F4A13683BB91F49DF23144A144808F07F
:104D4000D0FDDF21B2E7013B136033B91A4AD2F834
:104D5000183523F00303C2F81835114804F0B8FEE3
:104D600068B94FF499730F4A1449094808F0B9FD1E
:104D70000B49134808F0B5FD4FF49971D3E784F35C
:104D80001188BFF36F8FB7E7345C0100FF5B010050
:104D9000BE4A0100CE5B01009B5B01002010002099
:104DA0001C100020AB4D0100D84D0100ED4D01005D
:104DB00024100020405C010000E00450034E01007C
:104DC0001A4E01000122024BC3F80424704700BFB1
:104DD000002008E037B540230C460A490093411AE9
:104DE000491105462346084A084809F0FDF90146DD
:104DF00028B12846234603B0BDE83040184703B029
:104E000030BD00BF3C10002055E20000D408010076
:104E1000C9B2022908B509D9084909487E23094AB7
:104E200008F05FFD7E21074808F052FD0C2203695F
:104E300001FB0233986E00F0070008BD9A5C010088
:104E4000BE4A01005D5C010070B5C9B2022903468B
:104E500000690BD9184919484FF4E873184A08F04B
:104E600040FD4FF4E871164808F032FDEFF311866B
:104E7000202484F31288BFF36F8F0C2505FB0104F7
:104E8000A46E14F0C00401D0A24211D1012205FB8E
:104E900001008266002086F31188BFF36F8F30B95E
:104EA0000C225B6802FB01335B689847002070BDF1
:104EB0004FF0FF30EFE700BF9A5C0100BE4A0100EF
:104EC0005D5C010070B50D4606490446411A491162
:104ED00040220548FFF7B8FF2B4601462046BDE8B3
:104EE000704018473C100020D40801002DE9F84319
:104EF0000022012107464FF48770FFF7DBF81148C5
:104F000001F048F80446C0B901F06EF825464FF0AC
:104F10000C094FF001083E690B4906EB451008F0FB
:104F200030FE031E0CDB09FB05660135032DC6F8B8
:104F30006880F0D12046BDE8F8836FF00404F9E7FB
:104F40001C46F7E7FD4F00005C4501001FB500223D
:104F500001236C46CDE902236B46074ACDE90044A4
:104F600009F071F928B943F609520023684603F0A5
:104F70003FF804B010BD00BF6DE2000010B5EFF3C4
:104F80001184202383F31288BFF36F8F074A1368BD
:104F900023F00201DB07116002D4012001F082F846
:104FA00084F31188BFF36F8F10BD00BFC0100020C5
:104FB0000C22104B014602FB0033002030B4D3E931
:104FC00018521866EFF31180202484F31288BFF37F
:104FD0006F8F9C6E04F0C00444F002049C6680F362
:104FE0001188BFF36F8F1DB12B4630BC02481847A4
:104FF00030BC70473C100020D408010008B50728D9
:105000001ED8DFE800F027270F110427270D124BC9
:10501000986E10F007001DD1BDE80840FFF7C8BF2B
:105020000220F9E70120F7E70C4940F2FA230C4A85
:105030000C4808F056FC40F2FA21094808F048FCF8
:1050400006494FF44173064A064808F04AFC4FF4FB
:105050004171F2E708BD00BF3C10002088630100E9
:105060005D5C0100BE4A010010B4EFF31180202204
:1050700082F31288BFF36F8F17490B6843F0020465
:1050800013F001030C6017D0144BD3F80C3413F455
:10509000803311D0EFF3118182F31288BFF36F8F49
:1050A0000F4A936E03F0C00343F00203936681F34B
:1050B0001188BFF36F8F012380F31188BFF36F8FC7
:1050C00023B100205DF8044BFFF772BF01205DF8AB
:1050D000044B00F0B1BF00BFC010002000E0105032
:1050E0003C1000202DE9F041012206464149D1E85B
:1050F000EF3FC1E8E02F0028F9D1A3B93E493F486E
:105100004B60CB608A60FDF78FFA00280BDA3C49D0
:1051100040F2A3233B4A3C4808F0E3FB40F2A321C2
:10512000384808F0D5FB002E4DD0731E012B56D801
:10513000012E06D1354BD3F8503403F00303012B75
:1051400041D009F077FB054650B1EFF311882023D9
:1051500083F31288BFF36F8F01252C4C2C4F21E075
:105160002C4B1B78002BF0D00422284B8046C3F830
:105170000823F2E74DB3404608F0EFFFD4F840347F
:1051800013F0FF030ED1D4F808215AB1C4F8083146
:10519000D4F808314FF480420123C4F84034C7F8F2
:1051A000A0212361D4F84C24D4F84C34D203E1D5A7
:1051B00003F00303012B01D0012EDBD155B188F39D
:1051C0001188BFF36F8FBDE8F0810021202004F02B
:1051D000F9F8D3E704220D4BC3F80423F3E70E4993
:1051E00040F2B523074A084808F07BFB40F2B5219E
:1051F00096E700BF38100020281000205C10002027
:105200008B5101005D5C0100BE4A010000E01050BE
:1052100000E100E0D01500208863010008B50748D0
:1052200009F0BFFA38B10648FFF77EFB0448FCF7E7
:105230001BFD002008BD6FF01200FBE760090100B4
:10524000455200000A2838B50446074D04D1AB6822
:105250000D2128465B689847AB6803485B68E1B25C
:105260009847204638BD00BF6009010038B5036982
:1052700061B921496423214A214808F032FB2148C1
:1052800008F02FFB64211D4808F022FB486850B944
:105290001D496523194A1A4808F023FB1B4808F0EA
:1052A00020FB6521EFE7586800B30024884219D13C
:1052B00008688CB99C685860A14200D198600020B1
:1052C00008602AB15A680A609A68596002B9996000
:1052D00000200FE02846E9E720609868814208BF77
:1052E0009C60ECE705680446002DF3D1002AE9D163
:1052F0006FF0150038BD00BF2A5D0100EE5C0100B3
:10530000BE4A0100335D0100425D0100545D0100B1
:1053100008B503687F2B4FEA531107D80C4A03F0F6
:105320001F0332F91120DA40D2070BD409490A4889
:105330004FF48263094A08F0D4FA4FF482610748B7
:1053400008F0C6FA0360064B53F8210008BD00BF01
:10535000E84801009E5D0100BE4A01006B5D01004E
:105360008C45010070B5446801F01F05207C86B0B3
:1053700045EA4015A068002872D0B2F5001F04D19C
:10538000294601F001FD00204EE06068667CB2F520
:10539000800F46624FF0000601A80196466032D1A8
:1053A000B3F1007F14BF052304238DF804300023DC
:1053B000CDE904030393E3686E46CB4013F0010F7D
:1053C00034D1B2F1A07F31D168460095FFF7A0FF3C
:1053D000009B203350F82330DB0727D46A46294648
:1053E000A06801F05FFB163018D002962946A0682D
:1053F00003AA01F0F7F9002816DB01222946A0686C
:1054000001F040FCBFE7B3F1C06F05D0B3F1007FFE
:1054100014BF01230223C8E70323C6E76946A06837
:1054200001F00CFC0028E0DA06B070BD32462946D7
:10543000A06801F037FB0028D8D19DF80010A068C3
:1054400001F0DCFB0028D1D00749084840F2F113F5
:10545000074A08F046FA40F2F111054808F038FA18
:105460006FF08500E0E700BFA24D0100BE4A0100D9
:10547000C15D01002DE9F043466840F20635337CFA
:10548000D00601F01F0747EA431748BF032302EA8B
:10549000050558BFC2F3401387B0B5F5837F1446A6
:1054A0008DF8033043D00DD8062D42D005D8A5B1D4
:1054B000022D12D06FF0150036E0B5F5807FF9D1DE
:1054C00001250AE040F20222954234D0B5F5407F32
:1054D00033D0B5F5007FEDD1042522032FD501236C
:1054E00072688B405360B06880BB03A80397FFF7D6
:1054F0000FFF039B00EB8300C4F3004383F0010321
:10550000C4F34044D0F8802044EA43049DF80330BB
:1055100022F4706244EA830422F00F0244EA052375
:105520001343C0F88030002007B0BDE8F0830925A0
:10553000D3E70825D1E70625CFE70525CDE76303A7
:1055400041BF012372688B409360CCE739460DF16F
:10555000020201F0A7FA14F4403F804617D1394601
:10556000B06801F033FBB8F1000FDCD19DF80210F8
:10557000B06801F043FB0028D5D01E491E48FC232B
:105580001E4A08F0AEF9FC211C4808F0A1F94FF0C2
:10559000000901ABCDE90199CDE90439CDF80C90B2
:1055A0003946B06803AA01F01DF94845BBDB14F485
:1055B000003314D09DF80330C4F3004484F0010498
:1055C0008DF80E308DF80C508DF80D404B46394655
:1055D000B06803AA01F0C8F90028C4DAA3E7CDE94E
:1055E00004330DF1030303933946B06803AA01F0B5
:1055F000F9F8F1E7A24D0100BE4A0100C15D0100CA
:105600007F2870B54FEA50110CD8144A52F8216027
:1056100046B13269516829B1012500F01F030C68B9
:105620009D4001B970BD8A682A4010D04B6863B9AB
:105630000B4989230B4A0C4808F053F90B4808F032
:1056400050F98921074808F043F9304698471CB1C2
:10565000236821461C46E4E72346FAE79C450100FF
:10566000ED5D0100EE5C0100BE4A0100545D0100E9
:1056700038B54568A868C0B101F08EFA0146A0B9F6
:10568000A86801F043FA044688B902460949A868A7
:1056900001F0F0F922460121DB20FEF70BFD224646
:1056A000012140F20D10FEF705FD002038BD6FF01E
:1056B0000400FBE70156000008B503687F2B4FEAA2
:1056C000531107D80C4A03F01F0332F91120DA40B6
:1056D000D2070BD409490A484FF48263094A08F0FB
:1056E00000F94FF48261074808F0F2F80360064BB6
:1056F00053F8210008BD00BFF04801009E5D010085
:10570000BE4A01006B5D0100FC4501002DE9F04F30
:10571000154606464FF0010985B000EB8108B045FB
:1057200003D1002005B0BDE8F08F3268C2F3C32377
:10573000082BC2F3080400F2A0805149CF5C40F26C
:10574000FF139C4208BF4FF0FF34B2F1D05F4FEA25
:10575000126310D2192B12D8DFE803F01423373468
:10576000282F3411111111111111111111111111D1
:1057700011113A717477382B6AD04E2B25D06FF007
:105780008500CFE7C5F80446621C56D003A80394F1
:10579000FFF792FF039B4FF0010A09FA03F34360FE
:1057A00029E0C5F80C464FF0000B62E04FF0000A0C
:1057B000C5F80046611C16D13FE04FF0010AC5F85C
:1057C0000446F7E7C5F80846EDE7C5F81046DBE7FD
:1057D000C5F860457388601C03F001032DD0002BD1
:1057E000D4D14FF0010A03A80394FFF765FF039B90
:1057F00009FA03F383604FF0010B326803A8130426
:1058000044BF4FF0010A4FF0000B01920394FFF7E1
:1058100053FF039B019A00EB8300C2F341223B023A
:10582000D0F8801043EA8203164A43EA0B030A4089
:10583000134343EA4A03C0F8803004366FE7C5F8E3
:105840006445C7E7C5F86845C4E7C5F86C45C1E7D6
:1058500003A80394FFF730FF4FF0010B039B00EB0D
:105860008300D0F8803023F0E04343F08043C0F859
:105870008030631CE1D0DA46BFE76FF0150051E7D6
:10588000BC6E0100F0F0FCFF2DE9F04104460D462E
:10589000476808F0CFFF88B12021EFF311831A4643
:1058A00081F31288BFF36F8F60680068D0F8300111
:1058B000D0B983F31188BFF36F8FEEE71E4B1B78CF
:1058C000002BE9D04FF02008642663681B68D3F8EA
:1058D0003031FBB9012008F0AAFD013EF5D10021CD
:1058E000202003F06FFDEFE77B6A00201D706368E6
:1058F000796A1B68C3F83C170121C3F84017C3F845
:105900003001D3F83001196582F31188BFF36F8F2E
:10591000BDE8F081EFF311831A4688F31288BFF3D4
:105920006F8F61680968D1F830110029DCD183F3E9
:105930001188BFF36F8FD2E7D015002070B5154CDA
:10594000154620681E46002805DB0021FFF7A4F954
:105950004FF0FF332360104BD3E900126C1A66EB53
:105960000200640944EAC0642020E4FB0012002025
:10597000C3E900120021094BC3E90056084BC3E9F3
:10598000000104F0D3FA01462046BDE8704004F05F
:1059900033BA00BF2C030020980B0020800B00209E
:1059A000900B002008B500220121E420FEF782FBC5
:1059B000164A0020D2F8183723F44033C2F81837BB
:1059C00001F01EFC002820DB0120114901F0C8FC79
:1059D00000281ADB01F0D4FB0E4B20F01F00C3E9B6
:1059E00000010D4B0022C3E900014FF0FF304FF0E2
:1059F000FF310A4BC3E90001094B0A49187A01F04B
:105A0000E9FB67220020084B1A6008BD00200E50F9
:105A100038030020980B0020780B0020800B00201A
:105A2000300300203D590000FC10002013B50A4C43
:105A30002378032B03D96FF00B0002B010BD0DF1DA
:105A4000070008F09CFE0028F5DB23789DF807008E
:105A500001332370F1E700BFCE15002008B501F037
:105A60008FFB064AD2E90032C01A054B61EB0201F6
:105A7000C3E90001400940EAC16008BD980B00205D
:105A8000900B00202DE9F341354D80462868354BB9
:105A900000281E7A05DB0121FFF7FEF84FF0FF33E7
:105AA0002B60314F3149D7E90032D1E900018A42F8
:105AB00008BF83421FD1B8F1806F1CD24FEA48144F
:105AC000012C38BF0124E31842F10002B8F11E0F87
:105AD000C7E900320CDC0021204608F07AFB286080
:105AE00001222146304602B0BDE8F04101F0E0BCA1
:105AF0004FF0FF30F3E71E49DFF878C0D1E90041ED
:105B0000DCE9000C241841EB0C0C4FF0200E204671
:105B10006146C8FB0E01834272EB010EC7E900012A
:105B200018D21B1B62EB0C02C82B72F10002B4BF2F
:105B300001240024B8F11E0F0EDC002208F051FBF6
:105B4000286000943046D7E9002301F071FC02B0D0
:105B5000BDE8F0810024EDE74FF0FF30F0E700BF33
:105B60002C03002030030020880B0020800B002035
:105B7000980B0020900B002008B5024807F09BFE10
:105B8000002008BD415E010003689A070CD5036838
:105B9000DB070DD50922074BC3F80C250F22C3F8EC
:105BA000042501221A60FEE7034B0360EF3B03600C
:105BB000704700BF00801050F000FA5008B5012374
:105BC000354AC2F80038A2F55722D2F80024334AE9
:105BD000D2F84023292A01D0332A02D1304AC2F810
:105BE0000C343048FFF7D0FF0830FFF7CDFF083006
:105BF000FFF7CAFF0830FFF7C7FF00F5F470FFF7A3
:105C0000C3FF294AD2F88C3043F44063C2F88C3089
:105C10000022D30003F57F0303F54043D3F80014BB
:105C200001310AD0D3F8001439B1D3F8001401328D
:105C3000D3F80434402A0B60EBD11C4BD3F8002678
:105C4000D20724D41A4BD3F8182522F00302C3F844
:105C50001825D3F81825C3F81825134AD2F88C1044
:105C600041F44061C2F88C10D2F8881041F4700100
:105C7000C2F88810BFF34F8FBFF36F8F0022C3F8B5
:105C8000A0250C4AD2F80034012BFBD008BD6FF0E0
:105C90000102C3F80026D5E70000125000C0FF0043
:105CA0000030055000F50E5000ED00E000E010500F
:105CB00000E0045000900450014B1860704700BF92
:105CC000001100202DE9F04F604C87B0019222684E
:105CD0005AB95F495F484FF4B8735F4A07F001FE55
:105CE0004FF4B8715C4807F0F3FD526888428BBFEF
:105CF00052F8212052F82020401A091A87BF52F882
:105D00002020012652F821200026EFF3118C2021BB
:105D100081F31288BFF36F8F00211579A94225D333
:105D200000204FF0010E04AF117988422CD30020DF
:105D30008CF31188BFF36F8F002840F084802168B6
:105D400086F001070C687106141BE40841EA8461BF
:105D50000446BF000297B70004AD03971779A74226
:105D600033D8019B196007B0BDE8F08F106850F878
:105D7000210023B1B3F800E04778BE4502D0406867
:105D80000068F8B10131C9E7116851F820104BB132
:105D9000B3F800804D78A84504D1997807F8011B25
:105DA0000130C1E7D1F80480D8F80050B5FA85F188
:105DB000C1F11F010EFA01F925EA0905C8F80050E2
:105DC000C9B2EBE76FF00B00B2E7176857F824C0D1
:105DD0009CF80070012F20D195F800E095F8019013
:105DE00015F8017C56BBB8464F4647F00047009770
:105DF000029F0EF1200B0CEB0709039FD9F80890C6
:105E00000CEB070ADAF808A0009F48F000480EF1F2
:105E1000600E4AF82B8049F82E7004EB84072BB1F2
:105E20009CF801E0B3F800C0E64509D095F800C041
:105E30000CFA07F73943013401358FE7C846D4E738
:105E40004FF01F0CF4E76FF00B008CE700110020FF
:105E5000B05E0100BE4A0100735E010070B5154BD3
:105E6000810E1B6801261A6800F01F0302EBC105B2
:105E700052F831202C791268D1680022A24200D356
:105E800070BD1F2B18BF06FA03F302F1020218BF00
:105E9000C1F80435944288BF296802EB820388BFA9
:105EA00051F8221020FA03F394BF0021C96803F0CF
:105EB0001F03E3E70011002030B50D4B1A68830E75
:105EC000126802EBC302002314799C4202D86FF0DF
:105ED00015000AE0156855F823506D788D4205D1FC
:105EE00003EB8303D84000F01F0030BD0133ECE723
:105EF0000011002000487047400300200048704710
:105F00005C4601000048704714470100072808B5A7
:105F100009D9084908488823084A07F0E2FC882183
:105F2000064807F0D5FC064B03EB00135B681960CD
:105F300008BD00BF185F0100BE4A0100C65E010037
:105F400014470100032808B509D9084908488F23D8
:105F5000084A07F0C6FC8F21064807F0B9FC064B3B
:105F600003EB00139B68196008BD00BF375F010099
:105F7000BE4A0100C65E010014470100014B1B68C8
:105F8000184700BF34110020014B07201B68184739
:105F90003411002010B5104C2379D3B9012323719B
:105FA0000E4B0028206018BF184600F0C1F990B9C8
:105FB00023680B48002B08BF184600F0C3F850B9FF
:105FC00023680848002B08BF1846BDE8104000F0C1
:105FD0008BBA6FF0770010BD341100207D5F000098
:105FE00065E50000895F000008B50E4B1A794AB9D3
:105FF0000D490E48B1230E4A07F073FCB1210C483D
:1060000007F066FC1B6843B14FF48770FEF744F855
:1060100018B94FF48770FEF71DF80122054B1A706E
:1060200008BD00BF34110020985F0100BE4A010086
:106030005B5F0100CF15002008B5154B1B795BB9DC
:10604000144940F20513144A144807F04AFC40F280
:106050000511114807F03CFC012806D0022808D0A1
:1060600058B9BDE8084000F07FB8BDE8084000F02E
:106070006DB9BDE8084000F045BA09494FF4927384
:10608000054A064807F02DFC4FF49271E1E700BF86
:1060900034110020985F01005B5F0100BE4A0100DF
:1060A0008863010008B5154B1B795BB9144940F2B0
:1060B0002B13144A144807F014FC40F22B1111481A
:1060C00007F006FC01280CD0022812D068B10F4955
:1060D0004FF4A5730B4A0C4807F003FC4FF4A5716D
:1060E000EDE7BDE8084000F07BB9BDE8084000F0EE
:1060F0008DB8BDE8084000F035BA00BF341100206B
:10610000985F01005B5F0100BE4A010088630100E7
:1061100038B504230A4C42F21075C4F80833012341
:1061200063610023C4F80831D4F80831D4F84C3442
:10613000DB0304D5012008F07AF9013DF6D138BD22
:1061400000E01050064A13793BB90121106011712B
:10615000044A1846C2F8403470476FF07700704721
:106160003C11002000E0105010B5234C23794BB9AE
:1061700022492348E523234A07F0B3FBE5212148C0
:1061800007F0A6FB204BD3F84C14D3F84C24C803DB
:1061900019D502F00302012A01D08AB900221A4B54
:1061A000C3F840240022C3F80821D3F808210122B3
:1061B0001A6122688AB9D3F80821002AFBD014E0BA
:1061C000FFF7A6FFEAE7D3F84824D107E6D5D3F8CE
:1061D00050249207F4D422681AB10422C3F804238D
:1061E00010BDD3F80821002AFBD00022C3F80821F3
:1061F000D3F80831F4E700BF3C110020985F01009C
:10620000BE4A0100B65F010000E0105008B5094B1E
:106210001B795BB9084909484FF49173084A07F0A4
:1062200060FB4FF49171064807F052FBBDE808404F
:10623000FFF76EBF3C110020985F0100BE4A0100CD
:10624000B65F010070B501251E4C1F4ED4F80C033B
:1062500000F00C0000B970BDB0FA80F00021C0F170
:106260001F00830003F580739BB203F1A04303F585
:106270008713196005FA00F202281B68C4F8082386
:1062800013D1D4F84C34D4F84C349B070AD10423EE
:10629000C4F84054C4F804332561D4F80C0300F06A
:1062A0000C00D7E733689847F7E7084908484FF4E8
:1062B000F573084A07F015FB4FF4F571054807F030
:1062C00007FB00BF00E010503C1100208863010074
:1062D000BE4A0100B65F0100712238B5114B0021A2
:1062E000C3F8082301225A60C3F80011D3F8001143
:1062F0000D49D1F84013292901D0332900D1DA60A2
:1063000042F21074074DD5F80C3413F4803305D0E5
:10631000012008F08CF8013CF5D138BD034A5371D7
:10632000FBE700BF00E0105000C0FF004411002058
:10633000054B0246187918B91A6001221A71704784
:106340006FF07700704700BF4411002008B51E4968
:106350000B794BB91D491E4892231E4A07F0C1FA1A
:1063600092211C4807F0B4FA00221B4BC3F81021FD
:10637000D3F81001C3F81821D3F81801C3F8142179
:10638000D3F81421154AD2F84023292A01D0332A00
:1063900001D101229A600022C3F80021D3F8002124
:1063A00001221A600A6852B90B4BD3F80021002A67
:1063B000FBD00022C3F80021D3F8003102E07122A3
:1063C000C3F8042308BD00BF44110020985F0100FA
:1063D000BE4A0100F95F010000E0105000C0FF005C
:1063E00008B5084B1B794BB907490848B223084A3E
:1063F00007F077FAB221064807F06AFABDE80840CC
:10640000FFF76ABF44110020985F0100BE4A0100F7
:10641000F95F0100F8B50126214C224DD4F80C3368
:1064200003F0710303B9F8BDB3FA83F30021C3F19C
:106430001F039A0002F5807292B202F1A04202F5A7
:106440008712116006FA03F7052B1268D8B2C4F858
:1064500008731DD0202F0ED8D3B1042B0FD01249B2
:1064600012484FF49D73124A07F03BFA4FF49D71A6
:106470000F4807F02DFA062BF1D1697108E00223CD
:106480006B71C4F81411D4F814312023C4F8043308
:106490002B689847D4F80C3303F07103C2E700BFB0
:1064A00000E010504411002088630100BE4A010042
:1064B000F95F010038B580230A4C42F21075C4F828
:1064C00008330123A3620023C4F81C31D4F81C3123
:1064D000D4F86C34DB0304D5012007F0A8FF013D9C
:1064E000F6D138BD00E01050054B0246187918B9B6
:1064F0001A6001221A7170476FF07700704700BF71
:106500004C11002008B5124A13794BB911491248B1
:106510006123124A07F0E5F96121104807F0D8F924
:1065200000210F4BC3F81C11D3F81C110121596233
:1065300012681AB18022C3F8042308BDD3F81C21C5
:10654000002AFBD00022C3F81C21D3F81C31F4E749
:106550004C110020985F0100BE4A01003960010023
:1065600000E0105008B5084B1B794BB907490848A3
:106570007323084A07F0B5F97321064807F0A8F914
:10658000BDE80840FFF796BF4C110020985F01005E
:10659000BE4A010039600100094BD3F804231206FA
:1065A0000DD5D3F81C2152B10022C3F81C21D3F819
:1065B0001C218022C3F80823024B1B681847704730
:1065C00000E010504C1100207F2898BF074B4FEA85
:1065D00050129FBF33F9123000F01F0023FA00F071
:1065E00000F0010088BF0020704700BFF84801009C
:1065F000034A4309D35C00F01F001844C0B270473F
:10660000C56E010010B504460846FFF7F1FF04EB24
:106610004000838ADA051CD5C3F3432123F4F853E1
:10662000838204F1120204F1960032F8023F13F45F
:10663000807F03D0C3F3432399420AD09042F4D120
:10664000002204EBC1035A6004F19C0007F00BFF29
:1066500000B910BD054906484FF4DB73054A07F041
:1066600040F94FF4DB71034807F032F9A24D010005
:10667000BE4A01007C60010010B50168044608466E
:10668000FFF7A2FF58B910494FF482630F4A104830
:1066900007F027F94FF482610C4807F019F901F06F
:1066A0001F037F2923604FEA511209D9094940F29B
:1066B0001943064A064807F014F940F21941EBE77E
:1066C000054B53F8220010BD9E5D01006B5D01007B
:1066D000BE4A01008863010094470100072808B5FD
:1066E0000BD90849084840F2A733084A07F0F9F8DF
:1066F00040F2A731054807F0EBF8800000F5807004
:1067000008BD00BFEF600100BE4A0100BA60010091
:10671000F0B58446002587B0DFF84CE0114F0191B9
:1067200002AE1EF8013B06AA02EBD30212F8144C8B
:1067300003F00703DC4014F0010406D10135042DF9
:10674000EFD10024204607B0F0BD97E80F0086E89F
:106750000F0056F82520136A4CF825301362002BE1
:10676000ECD0EFE760130100D56E0100F7B50446E9
:106770000846FFF73DFF04EB4006B38A0D46DB07F2
:106780002AD5204607F0D9FF2946204607F0F5FE16
:1067900050B1204607F020FF0023276807EB800058
:1067A000C0F81035C0F81035204600242946FFF700
:1067B00029FFB48201A80195FFF75EFF019B00EB62
:1067C0008300D0F88020064B134043F00203C0F84A
:1067D0008030204603B0F0BD6FF01500FAE700BF2F
:1067E000F0F0FCFF2DE9F0430E461746044685B055
:1067F00058B95A495A4840F25E435A4A07F071F86C
:1068000040F25E41574807F063F80846FFF7F0FE94
:10681000D7F800800546B8F1000F19D0204607F0E0
:10682000D0FE18BB4346CDE900008DF80E008DF870
:106830000F000DF10F0230460DF10E0107F0F5FECD
:1068400004EB4502938A23F0020343F00103938291
:106850007B689BB33146204693F80080D3F80490C0
:1068600007F0A4FE28B1B9F1000F1FD06FF015009A
:1068700027E004EB4500838A23F4604323F02003E0
:106880008382B9F1000F11D0B8F1030FEED87B6805
:1068900021685B6893F800C04FEA8C031944B8F193
:1068A000000F11D1C1F81085C1F8108504EB450225
:1068B000938A23F01C0343EA88039382BB684BBB93
:1068C000002005B0BDE8F083D1F8102522F00302C6
:1068D000C1F8102522681344D3F8102522F447325A
:1068E00022F47C72C3F8102541F6F072D3F810152B
:1068F00002EA061242EA08420A43C3F8102504EBF2
:106900004C03A3F8A060838A43EA4C3343F020038E
:106910008382CBE73146D3E900782046FFF772FE49
:10692000002FCDD063689F4206D004F19C0007F091
:1069300080FD002804DAC4E7A3689845F5D100205B
:1069400004EBC003C3E9017804EB4505AB8AC0B290
:1069500043EA402343F48073AB82B1E7F96001005E
:10696000BE4A01007C6001002DE9FF410D4616463C
:106970001F46044658B93B493B484FF48D633B4A98
:1069800006F0AFFF4FF48D61384806F0A1FF0846CE
:10699000FFF72EFE804616B3204607F007FE18B913
:1069A000204607F0EAFD08BB2946204607F0F0FD27
:1069B00010B17378012B19D001238DF80F3000230B
:1069C000721CCDE900632846B31C0DF10F0107F0DE
:1069D0002CFE04EB4802938A43F003039382002FBA
:1069E0003ED02946204607F0E1FD20B96FF01500A2
:1069F00004B0BDE8F08100223E78236804EB480033
:106A000003EB8603C3F81025C3F81025838A4FEAE9
:106A1000860C23F4604323F0200383827978F9B154
:106A20002268134B6244D2F81045BF782340C2F865
:106A3000103541F6F073090401F4403103EA0513FF
:106A40000B433905D2F8104501F480110B43234361
:106A5000C2F81035838A43EA463343F02003838229
:106A60000020C5E7F9600100BE4A01007C6001001A
:106A70000FE0ECFF08B558B90749084840F27143E8
:106A8000074A06F02EFF40F27141054806F020FF4C
:106A9000C0E9031208BD00BFF9600100BE4A010051
:106AA0007C60010070B51546044658B9134940F2A0
:106AB0007A43134A134806F014FF40F27A41104813
:106AC00006F006FF4AB9104940F223330C4A0D483C
:106AD00006F007FF40F22331F1E707F04EFD48B121
:106AE0000846FFF785FD04EB40040020A38A5B0BFA
:106AF0002B7070BD6FF01500FBE700BFF96001005F
:106B00007C600100BE4A010004610100F8B5044642
:106B100058B91C491C484FF491631C4A06F0E1FE29
:106B20004FF49161194806F0D3FE90F8B05090F8F8
:106B3000B1701DBB84222946143009F0C5FC144BEA
:106B4000266853F83770AF4213D1002540F20D107C
:106B5000C6F84451D6F844310E4B9E4208BFDB20A4
:106B6000FDF778FA0123284684F8B030C4F89C3049
:106B7000F8BDE8B2FFF7B2FD0135E4E76FF077004A
:106B8000F6E700BFF9600100BE4A01007C60010029
:106B9000A447010000A00D5008B558B9084909489C
:106BA00040F28F43084A06F09CFE40F28F410648AF
:106BB00006F08EFE90F8B000003818BF012008BD26
:106BC000F9600100BE4A01007C60010008B558B9B7
:106BD0000749084840F29D43074A06F082FE40F20A
:106BE0009D41054806F074FEBDE80840FFF7BEBDB4
:106BF000F9600100BE4A01007C60010008B558B987
:106C00000A490B4840F2A4430A4A06F06AFE40F2E1
:106C1000A441084806F05CFE074B90F8B10003EB76
:106C20008000BDE8084007F01EBC00BFF96001000D
:106C3000BE4A01007C6001007803002010B50C46BC
:106C400058B90C490C4840F2AB430C4A06F049FED7
:106C500040F2AB41094806F03BFE094B90F8B10009
:106C600003EB800007F0E5FB0028A4BF20700020A4
:106C700010BD00BFF9600100BE4A01007C60010048
:106C8000780300202DE9F3410D461646044658B915
:106C900038494FF4A563384A384806F022FE4FF4CD
:106CA000A561354806F014FE07F072FC48B9344976
:106CB00040F23543304A314806F013FE40F2354188
:106CC000EFE7204607F059FC2768F8B1204607F0A7
:106CD0006DFC8046D0B9204607F07EFC0546FFF7E4
:106CE000FDFC47F800803B58236803EB8503D3F88D
:106CF000102542F00102C3F8102526B101232268B5
:106D0000AB40C2F8143302B0BDE8F081D7F81433B9
:106D10009B035CBF4FF40033C7F814334EB91949D5
:106D200040F24F43144A154806F0DBFD40F24F4154
:106D3000B7E72846FFF75CFC04EB4004A38AC3F3E3
:106D40008203042B11D0052B11D001A80195FFF768
:106D500093FC019BC168D94001F001010231284632
:106D600002B0BDE8F04107F0ADBC0321F7E7022116
:106D7000F5E700BFF96001007C600100BE4A010038
:106D80000E6101002F61010008B558B90749084894
:106D900040F22F53074A06F0A4FD40F22F51054858
:106DA00006F096FDBDE8084007F0C7BCF960010099
:106DB000BE4A01007C6001002DE9F04F07468FB00C
:106DC00058B97449744840F25C63744A06F089FD0E
:106DD00040F25C61714806F07BFD804658F804BBC8
:106DE00090F8B140DBF814136D4BC9B253F834205E
:106DF000584641F4003107F074FC820305463AD549
:106E0000102200210AA809F05FFB654BE60003EBA6
:106E1000C40463680AA819460193FFF779FC331D7F
:106E200004934FF0000A5F4B0DF128090393039A76
:106E30005B4912F8013B0392049A02EBD3028A5C8D
:106E400003F0070322FA03F3DB071AD40AF1010A5D
:106E5000BAF1040F09F10409E9D14FF4003100221D
:106E6000584607F03EFC01990AA8FFF751FC00289C
:106E7000D7D125F400350124002D74D10FB0BDE821
:106E8000F08F494B53440593D9F800100029DDD009
:106E900091FAA1F1B1FA81F1059B1C7841EA441401
:106EA0002046FFF7A5FB07EB4000828AC808C2F323
:106EB0008203CDE906230293012319F8006001F053
:106EC000070103FA01F126EA010109F8001009A8F7
:106ED0000994FFF7D1FB0999069A203150F82160F7
:106EE00012F0100F079BC6F3014623D021464046FF
:106EF000029A07F07BFB09A80994FFF7BDFB099BE9
:106F0000F6B2203350F82330C3F301439E4207D139
:106F10000021204607F0D6FB3146204607F0D2FB81
:106F200009A80994FFF7A8FB0122099B02FA03F3C1
:106F30000362A9E7022E14BF022103212046069313
:106F400007F0C0FB069B032B03D0022E07D1012BB9
:106F5000E6D121464046029A07F048FBE0E7032EBF
:106F6000DED1022BF4E795FAA5F3B3FA83F304FA22
:106F700003F225EA020503F5A2725BF8222007EB73
:106F800043034046B3F8A010C2F3014207F02EFBC2
:106F900072E700BFF9600100BE4A01007C60010099
:106FA000A4470100D56E0100D56E01000123034AFC
:106FB00003FA00F093680343936070476000002079
:106FC00073B504460191EFF31186202383F31288F1
:106FD000BFF36F8F0B4D019B6A6801A813400193AB
:106FE00007F027FA002807DB01226B68824023EABA
:106FF00002036B602070002086F31188BFF36F8F4F
:1070000002B070BD6000002008B5154B027AD3F8BD
:10701000101521F001010A43C3F810250268B2F5EA
:10702000803F0BD30F4940F2B9730F4A0F4806F067
:1070300058FC40F2B9710C4806F04AFCC3F8A4268B
:107040004268FF2A09D90A4940F2C473064A074830
:1070500006F047FC40F2C471EDE7C3F8AC2608BD6A
:1070600000200E503A6101009B5B0100BE4A010006
:10707000626101000B2808B501D800290BDA0B4921
:107080000B4840F216530B4A06F02BFC40F2165107
:10709000084806F01DFC000100F1A04041EAC27161
:1070A00000F56220C0F8281508BD00BF8861010006
:1070B000BE4A01009B5B01000B2808B50BD90B49A8
:1070C0000B4840F20B530B4A06F00BFC40F20B51FD
:1070D000084806F0FDFB000100F1A04000F5622029
:1070E000D0F82415D0F8200508BD00BFCE5B010004
:1070F000BE4A01009B5B01000B2808B50BD9114962
:107100004FF4A063104A114806F0EBFB4FF4A06166
:107110000D4806F0DDFBB3F5801F09D30C4940F2A2
:107120000253094A094806F0DCFB40F20251EFE73E
:10713000000100F1A04000F56220C0F82025C0F851
:10714000243508BDCE5B01009B5B0100BE4A0100F7
:10715000E25B0100012303FA00F010F0670F0AD090
:10716000064B5B68DB4303F0670303420CBF6FF021
:107170001500002070474FF0FF307047600000207E
:1071800038B50F4B1B78012B0ED14FF0FF306FF04D
:1071900040410C4CD4E90023904271EB0305F9D334
:1071A0001046C3F3130138BD0749084840F21913CC
:1071B000074A06F096FB40F21911054806F088FBD5
:1071C0006000002040270E5000620100BE4A01000E
:1071D000C461010030B50C25074B1C1894F85440CD
:1071E00005FB0433C3E9031218750123034A8340E6
:1071F000C2F8243330BD00BF6000002000200E50D4
:10720000F0B5504D85B02C78002C40F095804E4A5A
:1072100001AB07CA83E807004C491846D1F810258E
:1072200022F00202C1F81025FFF7EEFE07236722C5
:1072300002F001012144013BCCB24FEA5202F7D1E6
:10724000052C7CD119464FF0010C3E4E00246720DE
:10725000CFB204E00CFA02F220EA0200013490FA04
:10726000A0F25FFA84FE7745B2FA82F2F2D80131D9
:10727000327505292A4482F8547006F10C06E5D1CE
:107280000121002432489A0801FA02F212F0670F35
:1072900018BF1C500433302BF5D1E420FCF7DAFE84
:1072A0002A4B0024D3F81025012622F00202C3F84D
:1072B000102540F6FF72C3F82823C3F88041C3F8B5
:1072C0008040C3F88441C3F88440C3F88841C3F8C0
:1072D0008840C3F88C41C3F88C40C3F89041C3F890
:1072E0009040C3F89441C3F89440C3F89841C3F860
:1072F0009840C3F89C41C3F89C40C3F8A041C3F830
:10730000A040C3F8A441C3F8A440C3F8A841C3F8FF
:10731000A840C3F8AC41C3F8AC401E660D4B0E4A02
:107320001B685D20B3FBF2F358430C4B3343984783
:1073300020462E7005B0F0BD6FF07700FAE76FF0D1
:107340008B00F7E7600000207013010000200E5052
:1073500000210E503C03002040420F009015010018
:1073600038B52C4B0D461B78012B0BD02A492B48E6
:1073700040F206232A4A06F0B4FA40F206212848D1
:1073800006F0A6FA274BD3F8102594073CD4D3F87F
:10739000102542F00202C3F81025C0B1D3F84827E7
:1073A00012F0010202BFD3F8481741F00101C3F8FF
:1073B00048171C4BD3F84017D3F844174800F9D4AA
:1073C0002AB9D3F8482722F00102C3F84827164B00
:1073D000164A1B68B3FBF2F3124A03EB4313B3B133
:1073E000D2F84017D2F8441749000BD44FF0FF31C0
:1073F0002846FFF7E5FD044610B92878FFF7D6FDCB
:10740000204638BD013BEAE76FF07704F8E76FF0FC
:107410007304F5E76000002000620100BE4A01002D
:10742000C461010000200E503C03002040420F00C8
:107430002DE9F04104461D46FFF78CFE90460746B5
:107440009DF8186058B11549154840F2BB23154AFC
:1074500006F047FA40F2BB21124806F039FA124909
:107460000B1993F854300C3301EBC30041F833206F
:1074700045602B4620466EB10C4EA400FFF73CFE43
:1074800033592BB1FFF77CFE4045A94100D237515B
:10749000BDE8F081BDE8F041FFF72EBE2962010092
:1074A000BE4A0100C46101006000002000210E50AE
:1074B000F8B50546FFF74EFE58B11149114840F2A4
:1074C0001933114A06F00DFA40F219310E4806F050
:1074D000FFF90E48431993F854300C3350F83340F9
:1074E00000EBC30CDCF80460641846F1000640F8B9
:1074F0003340CCF804602846BDE8F840FFF7BABD39
:1075000029620100BE4A0100C46101006000002040
:107510002DE9F7432C4B2D4FD3F82C6307F1880945
:1075200016B903B0BDE8F08396FAA6F80123B8FABD
:1075300088F803FA08F3D94326EA030607EB0803A1
:1075400093F854500C2303FB0573187D40450BD072
:107550001F49204840F2B7331F4A06F0C2F940F2F3
:10756000B7311D4806F0B4F91C4CDB684FEA8802BD
:1075700014441BB3D9E8EF3F03EA0102C9E8EC2F3A
:10758000BCF1000FF6D123FA08F3DB0711D5FFF7A2
:1075900093FD02460B4621680029C1D000212160DD
:1075A0000C2101FB0575296940460091E96888476F
:1075B000B6E707EBC503D3E91823ECE72268002AF6
:1075C000AED02360ACE700BF00200E50600000206A
:1075D00048620100BE4A0100C461010000210E5052
:1075E00010B5294BD3F80443E10417D5D3F8302163
:1075F000A2B10022C3F83021D3F83031234B1B68ED
:107600005BB9234940F26F13224A234806F069F917
:1076100040F26F111F4806F05BF99847A20416D597
:10762000194BD3F8342192B10020C3F83401D3F8B8
:1076300034311A4B1B684BB919494FF4BC73154AC6
:10764000154806F04EF94FF4BC71E3E79847630420
:1076500019D50D4BD3F83821AAB10022C3F838212F
:10766000D3F838310D4B1B684BB90D4940F27F13ED
:10767000084A094806F035F940F27F11CAE70120AF
:10768000BDE81040184710BD00E010505811002010
:10769000B26201006C620100BE4A01005411002078
:1076A000D362010008B50649064840F2D623064ACF
:1076B00006F017F940F2D621034806F009F900BF99
:1076C00029630100BE4A0100F5620100202908B5C6
:1076D00001D9FFF7E7FF054B40EA0120C3F8000599
:1076E000D3F80024D207FBD508BD00BF00E004504A
:1076F00038B5436905463BB90024EA6860425378CF
:1077000043F00103537038BD984704460028F3D076
:1077100000F1FF03FE2B0ED92123094A09490A482B
:1077200006F0DFF829680948224606F0DAF8212138
:10773000034806F0CDF8EB6844421C70DDE700BF5B
:107740004F63010072630100BE4A01008A630100B9
:1077500010B50446FBF7ECFA03480121034A06F092
:10776000D5FA204607F028F820130100AF63010086
:107770002DE9F84304460D4600AFEFF311882023AE
:1077800083F31288BFF36F8F0428324A98BF324BBD
:10779000E9468AB09668117C98BF53F820306A4653
:1077A00088BF2E4BCDE9073140F201332C48ADF8AC
:1077B00024302C4BCDE9050442F8103F00234FF450
:1077C00031512948FBF710FCCD4645B1EB69C3F3B5
:1077D000080323B10121254A234806F097FA2EB168
:1077E000304607F030F808B1037803B92048E9467D
:1077F0008AB06A461F4B0790CDE9053640F2013347
:10780000ADF820301C4B42F8103F00234FF41151CB
:107810001548FBF7E9FB2946CD462046FFF798FFC0
:10782000042C0CD115498723154A164806F059F83F
:10783000154806F056F88721114806F049F888F3F4
:107840001188BFF36F8F3046FCF720FDBD46BDE8C1
:10785000F88300BF5C110020B4470100BE63010043
:10786000D46301000500000120130100FC63010046
:10787000CC6301001D640100040000015764010095
:1078800035640100BE4A01007464010038B50A4B3A
:1078900053F82040013053F82050A54200D838BD9D
:1078A000606830B1037EDB0701D4FFF721FF0834A5
:1078B000F3E723689847FAE7C8470100012270B54B
:1078C000364B86B003201A70FFF7E0FF07F037F859
:1078D0000420FFF7DBFF324C324DAC42264628D95C
:1078E00031494423314A324805F0FBFF314805F065
:1078F000F8FF44212D4805F0EBFF54F80C3C0593AC
:1079000054F8103C049354F8143C039354F8183C76
:10791000029354F81C3C019354F8203C009354E922
:107920000A2354E90C0100F069FE54F8303C5E650E
:10793000D3E7AE4204F13004DFD301F03FFB184C33
:10794000AC421FD918496823184A194805F0C9FFE5
:10795000184805F0C6FF6821CCE7D4E90A23B3F143
:10796000FF3F08BFB2F1FF3F05D052EA0301206894
:1079700003D101F05DFD3034E2E70F49183002F029
:10798000F3F8F8E7E9D301F08BFBF9F7B9FB0B4A01
:10799000938923F00103938106B070BDD0150020B8
:1079A0008C1201008C12010014650100F3640100C7
:1079B000BE4A0100E94F0100A98B0000680C0020BD
:1079C000C82370B5134E012203FB0066002386B066
:1079D000CDE904230F220193CDE9023218234FF49D
:1079E000A0720D4D0D4903FB0055044602FB00112A
:1079F0000B4B3046009500F001FE337C2C7423F0D5
:107A000004033374074B013403EBC423EE606B6053
:107A100006B070BDA00B00205C110020D82500200E
:107A2000397B0000D81D00207FB50020FFF72EFF16
:107A3000334B03F5006282F3088883F30A88E0235E
:107A4000304C84F822300023E37723766376A376E4
:107A500084F82030626A42F4E022626284F82330C3
:107A6000FCF764FAFCF7FCFB4FF0FF33A362E36220
:107A7000FCF744FEFCF794FCFBF784F8224800F086
:107A800067FE224B224A93420ED92249CC23224A36
:107A9000224805F026FF224805F023FFCC211E488E
:107AA00005F016FF1C33EEE7FCD30120FFF7EEFED6
:107AB00002201C4CFFF7EAFE01F064FB1A4B002584
:107AC0009C611A4B4FF40062059301231849CDE9DC
:107AD00003532046174BCDE90155009500F08EFD6C
:107AE0000646237C204623F00403237400F0CEFFD7
:107AF0002846FFF765FF314620460E4AFCF784FB17
:107B0000D81D002000ED00E0180E0020D408010070
:107B10007C09010041650100F3640100BE4A0100D7
:107B2000E94F0100680C00205C110020596501003C
:107B300018270020BD78000008B50D4B9B6893F90D
:107B40000E30002B09DB2024EFF3118384F312881D
:107B5000BFF36F8F06F0F4FAF6E7064906481C23D8
:107B6000064A05F0BEFE1C21044805F0B1FE00BF28
:107B70005C11002082650100BE4A010061650100C0
:107B80002DE9F341044617461E46EFF3058565B11E
:107B900054497323544A554805F0A3FE544805F050
:107BA000A0FE7321504805F093FEEFF311882023C7
:107BB00083F31288BFF36F8F4E4801F07BFF60B9EB
:107BC00084234D4A4D49494805F08BFE49494C48AC
:107BD00005F087FE84214848E5E7464801F08EFF1E
:107BE000484BE2689B6892B1A068984227D057EA58
:107BF00006022CD13F4801F06BFF90B188F3118849
:107C0000BFF36F8F6FF00F0002B0BDE8F08193F902
:107C10000E100132C4E902323648216101F058FFEA
:107C200078B94FF49973344A3749304805F059FE12
:107C30003049364805F055FE4FF49971CBE721697C
:107C4000E7E788F31188BFF36F8F0020DCE793F933
:107C50000E1090F90E30994205DA9942A8BF1946E4
:107C600006F0B2FD054622464146CDE900762148A0
:107C700000F0E2FF0028E8D0EFF31186202383F321
:107C80001288BFF36F8F1B4801F014FF002897D0B4
:107C9000184801F033FFA068C0B1236821699C42F5
:107CA0000AD04BB193F90E309942A8BF19466FF034
:107CB0007F039942B8BF194606F086FD30B13146C0
:107CC0000C4806F004FE6FF00A009DE7002DF6D187
:107CD000084801F0FDFE0028A3D086F31188BFF309
:107CE0006F8FF0E7CC650100AA650100BE4A010074
:107CF000DE65010080110020AB4D0100D84D010070
:107D0000ED4D01005C110020034E01001A4E0100F0
:107D1000F8B50546EFF3058363B15649EA23564AA1
:107D2000564805F0DEFD564805F0DBFDEA215248D5
:107D300005F0CEFD8368002B00F09580514A9268D3
:107D4000934240F09380C3684BB94F494FF481731D
:107D5000494A4A4805F0C5FD4FF48171E7E7012B18
:107D600003D0013BC3600020F8BDEFF3118720244E
:107D700084F31288BFF36F8F444801F09BFE60B913
:107D80008423434A43493D4805F0ABFD3F494248FF
:107D900005F0A7FD84213E48CAE73C4801F0AEFE4D
:107DA0002969A86806F010FDEFF3118384F31288A7
:107DB000BFF36F8F83F31188BFF36F8F5BB93749C0
:107DC000BB23374A2D4805F08CFD364805F089FD68
:107DD000BB213348ACE72C68AC4215D100232B48BB
:107DE000C5E9023301F074FE002837D14FF49973CE
:107DF000274A2D49214805F074FD24492B4805F0F8
:107E000070FD4FF49971C6E7002CE7D0A3683BB929
:107E10002749A423224A194805F063FDA421D8E785
:107E20000026D4E9003213605A60237CC4E900665E
:107E300023F002032374A66004F1180001F070FF20
:107E4000AC6094F90E3020462B61C4F8806000F0DD
:107E50001DFE39460D4806F03AFD84E787F3118888
:107E6000BFF36F8F7FE76FF015007DE74FF0FF30B6
:107E70007AE700BFCC650100AA650100BE4A010097
:107E8000DE6501005C110020036601008011002006
:107E9000AB4D0100D84D0100ED4D010045660100DC
:107EA0001A6601005D660100034E01001A4E0100D2
:107EB0006066010008B583684BB90B490B48A423E1
:107EC0000B4A05F00EFDA421094805F001FDD0E99B
:107ED000003213605A600023027CC0E9003322F0B4
:107EE00002020274836008BD60660100BE4A0100A0
:107EF0001A66010070B50446EFF31186202585F35C
:107F00001288BFF36F8F304801F0D4FD60B984232D
:107F10002E4A2F492F4805F0E4FC2B492E4805F046
:107F2000E0FC8421294818E0274801F0E7FDEFF341
:107F3000118385F31288BFF36F8F83F31188BFF32A
:107F40006F8F63B92549BB23254A224805F0C9FC38
:107F5000244805F0C6FCBB21214805F0B9FC256882
:107F6000AC4213D095B12846FFF7A4FF05F11800E5
:107F700001F0D6FE00232846C5F8803000F086FDCB
:107F80003146BDE87040104806F0A1BCD4E9023289
:107F90009A4218BF01330C48A36001F099FD68B9FB
:107FA0004FF49973094A10490A4805F09AFC0649AA
:107FB0000E4805F096FC4FF49971B3E786F31188EB
:107FC000BFF36F8F70BD00BF84110020AB4D010067
:107FD000D84D0100BE4A0100ED4D0100456601008B
:107FE0001A6601005D660100034E01001A4E010091
:107FF000F7B5044616461D46EFF305837BB152EAFA
:1080000005030CD02D4988232D4A2E4805F069FC24
:108010002D4805F066FC8821294805F059FCEFF34E
:108020001187202383F31288BFF36F8F274801F055
:1080300041FD60B98423264A2649224805F051FCB7
:108040002249254805F04DFC84212148E5E71F48D9
:1080500001F054FDA368D3B1013B1C48A36001F0BB
:1080600037FD68B94FF49973194A1C49154805F052
:1080700038FC16491A4805F034FC4FF49971E4E7CE
:1080800087F31188BFF36F8F002003B0F0BD56EA6D
:1080900005030BD10D4801F01BFD0028E2D087F34A
:1080A0001188BFF36F8F6FF00F00EEE7224639465D
:1080B000CDE90065054800F0BFFDE6E797660100E1
:1080C00077660100BE4A01005D6601008411002050
:1080D000AB4D0100D84D0100ED4D0100034E0100F4
:1080E0001A4E010007B5074B4FF480620093064912
:1080F0004FF0FF33054800F011FA002003B05DF89F
:1081000004FB00BFE0470100182F0020300D0020C5
:108110002DE9FF410446794EEFF31187202383F3C5
:108120001288BFF36F8F764801F0C4FC68B98423CE
:10813000744A7549754805F0D4FB7149744805F0D7
:10814000D0FB84216F4805F0C3FB6D4801F0D6FCDD
:10815000D4F8CC50F5B9022104F1E40006F048FB54
:10816000002840D004F1DC0500220121284601F05E
:10817000F1FA0028F8D100234FF0FF3202934FF0BC
:10818000FF333946CDE900235D4804F1D40201F004
:108190003FFBC1E7D4F8D0202B68954208BFC4F854
:1081A000D030C4F8CC30D4F8E430554843F0020362
:1081B000C4F8E430EB68D5F8048023F0040343F0FE
:1081C0000103EB6001F084FCF8B94FF499734D4A58
:1081D00050494E4805F085FB49494F4805F081FB61
:1081E0004FF49971AEE7D4F8E430DD06C3D5C4F896
:1081F000E400434801F06CFC0028E6D087F31188C6
:10820000BFF36F8F04B0BDE8F08187F31188BFF32F
:108210006F8FB8F1000F0AD140493C4840F2F32378
:108220003F4A05F05EFB40F2F3213D488BE72846CC
:10823000C047EFF31187202383F31288BFF36F8FBA
:108240002F4801F037FC00283FF471AF2C4801F0B3
:1082500055FCEB68D90623F0010236D4EA60EB68DE
:108260009A0716D5306823F00203EB6088B100222C
:10827000036870B141688D4235D103686ABB72688A
:108280003360904200D17360002340F8083BFFF751
:1082900031FED4F8E43023F00203C4F8E430DB0507
:1082A00029D4D4F8CC50003D18BF0125144801F062
:1082B0000FFC002889D087F31188BFF36F8F002D42
:1082C0003FF42AAF00F066FF26E723F01103EB60CE
:1082D00005F11000FFF70EFEC1E7136073689842C6
:1082E00008BF7260D0E702461BB1196818460B46FA
:1082F000BFE71946FAE70025D8E700BF881100203C
:1083000090110020AB4D0100D84D0100BE4A010084
:10831000ED4D0100034E01001A4E010043670100BC
:10832000ED660100F8B5C36804469A070E46C3F32C
:1083300040054FD45F074FD40B680BB983680B60BF
:10834000E368D80736D5A3685BB92549254840F2CC
:108350005713254A05F0C5FA40F25711224805F097
:10836000B7FA02253360376867B3204B9A68D7F8AD
:10837000C8309A4220D106F05DFA80F00100C0B208
:10838000D7F8E430D907C3F380021ED502B308B38F
:1083900000232360D7F8D03083B9C7E93344384687
:1083A00006F031FAE36843F00403E3603368A36046
:1083B0002846F8BD0125D6E70020E1E71C60C7F894
:1083C000D040ECE76FF0150506E06FF0120503E012
:1083D0001B07DDD56FF00F0500233360E8E700BF12
:1083E0000E670100BE4A0100ED6601005C1100202D
:1083F00038B50D46044648B90C499C230C4A0D4833
:1084000005F06FFA9C210A4805F062FA39B90A4969
:108410009D23074A074805F064FA9D21F3E71022DF
:10842000002108F051F8656038BD00BF29670100E0
:10843000ED660100BE4A01004367010037B50C46F6
:10844000019059B9284940F27D13284A284805F07F
:1084500048FA40F27D11254805F03AFA4B684BB9CD
:1084600024494FF4BF73214A214805F03AFA4FF4EA
:10847000BF71F0E7EFF31185202383F31288BFF378
:108480006F8F1D4801F016FB60B984231B4A1C49FD
:10849000174805F026FA18491A4805F022FA8421EF
:1084A0001648D9E7144801F029FB204601A9FFF737
:1084B00039FF0446104801F00BFB68B94FF499737B
:1084C0000E4A11490A4805F00CFA0B490F4805F00D
:1084D00008FA4FF49971E3E785F31188BFF36F8FC2
:1084E000204603B030BD00BF29670100ED660100E2
:1084F000BE4A01003D67010090110020AB4D010014
:10850000D84D0100ED4D0100034E01001A4E01004F
:108510000146014806F07EB9300D0020F0B589B063
:1085200004460E9D58B92F4940F253332E4A2F4826
:1085300005F0D7F940F253312B4805F0C9F949B994
:108540002B494FF45573284A284805F0CAF94FF4CF
:108550005571F1E7D0F8E40010F0010009D0254989
:1085600040F25533204A214805F0BBF940F255311D
:10857000E2E7C4E9330004F1D400C4E9350004F1B2
:10858000DC00C4E9370055B32879002840F2011017
:1085900008BF0120C4F8E40000204FF0FF364FF080
:1085A000FF37CDE90330CDE90100CDE9066720466C
:1085B000114B009400F086F855B1296811B120469E
:1085C00006F03EF96B791BB1A38943F00103A38147
:1085D000204600F02DFFC4F8C84009B0F0BD0120CE
:1085E000D8E700BF8E670100ED660100BE4A0100BA
:1085F000946701005A670100118100002DE9F043E2
:1086000085B00F9D04460F2D0E46984637D1274B57
:10861000984538D104F15803C4E91633109B00275C
:10862000A38104230732A57322F0070506EB050991
:10863000494623742046C4E90677A760E773FBF731
:10864000F1F90E9B073020F007002067C4E91A6596
:1086500002930D9BA9EB000901930C9B4A460093E2
:10866000314643462046FBF78BFD114B67659B68FF
:1086700003B15B6F4846636705B0BDE8F08305F161
:1086800010031E2BC6D940F24B230A4A0A490B4855
:1086900005F027F929460A486FF00F030E2205F06E
:1086A00020F940F24B21034805F012F9397B000014
:1086B0005C1100209A670100BD670100BE4A0100FD
:1086C0003D680100F0B587B00446DDE91276EFF3AE
:1086D000058575B1194940F21733194A194805F053
:1086E00000F9194805F0FDF840F21731144805F07B
:1086F000EFF80595109D04950F9D03950E9D02952D
:108700000D9D01950C9D0095FFF778FFB6F1FF3F99
:1087100008BFB7F1FF3F05D056EA070305D1204651
:1087200000F086FE204607B0F0BD3A46334604F11D
:108730001800064901F018FAF4E700BFCC65010003
:108740009A670100BE4A01006E680100A98B000013
:108750000123037483810023C0E91A334367014B6B
:10876000986070475C11002070B590F91020037C70
:10877000002A49DBD90647D163F07F030374264BF7
:10878000984209D1254926485223264A05F0A9F8DE
:108790005221244805F09CF8234C224652F81C3FF5
:1087A000216A934207D1C0E90021086020620FE0EE
:1087B0008B42F8D01B68002BF5D093F90E6090F92E
:1087C0000E50AE42F4DD5968C0E9003108605860CF
:1087D000E569954200D005B9E568A3685BB913491E
:1087E000EA23134A0E4805F07CF8124805F079F8A0
:1087F000EA210F48CEE71A7CD20606D1DA897F2A11
:1088000003D9AA690AB9A36170BDAB4202D0284658
:1088100001F0CAF8A561F7E7A00B0020B5680100D8
:10882000BE4A0100936801005C110020026901004A
:10883000D66801005D66010038B590F91020014648
:10884000002A037C1BDA224A03F07F039042037460
:1088500009D120495A23204A204805F042F85A21DC
:108860001D4805F035F8DC0707D51D495B231A4A7A
:108870001A4805F036F85B21F2E705F0E6FF194DDE
:108880002A4652F81C4FAB68944200D004B9EC68F9
:108890008B4214D05BB91449EA23144A0F4805F0FF
:1088A00020F8134805F01DF8EA211048D9E71A7C92
:1088B000D20604D1DA897F2A01D9A2692AB1A3425A
:1088C00002D0204601F070F82346AB6138BD00BFEE
:1088D000A00B0020B568010093680100BE4A0100AA
:1088E000296901005C11002002690100D6680100BD
:1088F0005D66010008B5134A936880B1197C11F0D8
:10890000090F0CD11049D923104A114804F0E9FF8E
:10891000104804F0E6FFD9210C4804F0D9FF6FF0AD
:108920000A01C3F880100C49D8674B6843F08053A4
:108930004B60002383F31188BFF36F8F9368D3F8E4
:10894000800008BD5C1100206C69010042690100D3
:10895000BE4A0100D569010000ED00E070B5044693
:108960000D46F9B9EFF30586E6B91A4B9A699B688B
:108970009A4217D001F0ACF878B940F26D13164A5C
:108980001649174804F0ADFF2146164804F0A9FF28
:1089900040F26D11104804F09BFF3046BDE8704076
:1089A000FFF7A8BF204601F093F868B94FF4997318
:1089B000094A0A490A4804F094FF2146094804F08C
:1089C00090FF4FF49971E5E785F31188BFF36F8F3E
:1089D00070BD00BF5C110020AB4D0100034E0100D3
:1089E000BE4A01001A4E010008B583684BB9094917
:1089F0000948A423094A04F074FFA421074804F09D
:108A000067FF05F022FF037C23F0020303740023B9
:108A1000836008BD60660100BE4A01001A6601005D
:108A200038B5184CA168206A0B68814214BF1A46F9
:108A3000002249680B605960A368216A2AB9124A6A
:108A4000C3E900210B6023620AE092F90E5093F90A
:108A50000E00854212DD5168C3E900210B605360AE
:108A6000E569094B9D4200D005B9E568A3689D42C0
:108A700002D0284600F098FFA56138BD8A42DED0BA
:108A80001268DBE75C1100207811002038B504463D
:108A9000EFF31185202383F31288BFF36F8F1748FC
:108AA00001F008F868B98423154A1649164804F0FD
:108AB00018FF1249154804F014FF8421104804F0EF
:108AC00007FF0E4801F01AF82046FFF74DFE0B484D
:108AD00000F0FEFF68B94FF49973094A0C490A483F
:108AE00004F0FFFE05490B4804F0FBFE4FF49971BA
:108AF000E4E785F31188BFF36F8F38BD9411002030
:108B0000AB4D0100D84D0100BE4A0100ED4D010002
:108B1000034E01001A4E010038B50446EFF31185EB
:108B2000202383F31288BFF36F8F184800F0C2FF31
:108B300068B98423164A1749174804F0D2FE13492E
:108B4000164804F0CEFE8421114804F0C1FE0F48FF
:108B500000F0D4FFA36813B12046FFF745FF0B4890
:108B600000F0B6FF68B94FF49973094A0C490A48F6
:108B700004F0B7FE05490B4804F0B3FE4FF49971B9
:108B8000E2E785F31188BFF36F8F38BD94110020A1
:108B9000AB4D0100D84D0100BE4A0100ED4D010072
:108BA000034E01001A4E010038B5A0F11804EFF38E
:108BB0001185202383F31288BFF36F8F174800F0CD
:108BC00079FF68B98423164A1649174804F089FECC
:108BD0001249164804F085FE8421114804F078FEFD
:108BE0000E4800F08BFF204605F05DFE0B4800F0BC
:108BF0006FFF68B94FF49973094A0D490A4804F0A8
:108C000070FE06490B4804F06CFE4FF49971E4E7DE
:108C100085F31188BFF36F8F38BD00BF941100201A
:108C2000AB4D0100D84D0100BE4A0100ED4D0100E1
:108C3000034E01001A4E01002DE9F047DFF800A1B4
:108C4000344D1746DDE90898DAF80820324BA8427F
:108C500004460E461A600BD13049314840F2B92320
:108C6000304A04F03EFE40F2B9212E4804F030FEB6
:108C7000EFF31183202383F31288BFF36F8F28460D
:108C800000F018FF60B98423274A2849244804F0DB
:108C900028FE2946264804F024FE84212248E5E7E0
:108CA000284600F02BFFDAF808503946284605F030
:108CB000D4FDB8F1FF3F08BFB9F1FF3F06D04A46E7
:108CC00043461C4905F1180000F04EFF204600F015
:108CD000FFFE68B9184940F26D13134A104804F0BA
:108CE00000FE2146154804F0FCFD40F26D11D5E769
:108CF000084800F0EDFE40B90F4940F26D130A4AF2
:108D0000074804F0EEFD0349ECE73046BDE8F047C4
:108D1000FFF7F0BD9411002098110020FD690100BB
:108D2000BE4A010093680100AB4D0100D84D01001F
:108D3000ED4D0100A98B0000034E01001A4E010009
:108D40005C11002070B50546EFF31186202383F3F4
:108D50001288BFF36F8F1B4800F0ACFE68B9842304
:108D6000194A1A491A4804F0BCFD1649194804F07A
:108D7000B8FD8421144804F0ABFD124800F0BEFE9B
:108D80002C68A54215D014B12046FFF72DFE0D48E2
:108D900000F09EFE78B94FF499730B4A0E490C48C7
:108DA00004F09FFD07490D4804F09BFD4FF49971B5
:108DB000E0E70024EBE786F31188BFF36F8F2046CE
:108DC00070BD00BF94110020AB4D0100D84D0100D3
:108DD000BE4A0100ED4D0100034E01001A4E010094
:108DE0002DE9F04104460D46EFF31187202383F36C
:108DF0001288BFF36F8F594800F05CFE60B984237E
:108E0000574A5849584804F06CFD5449574804F0F3
:108E100068FD8421524818E0504800F06FFE237C22
:108E200003F01F02002A0CBF0126002662D103F0C6
:108E30007F0323744E4B9C4209D14E495A234E4A1C
:108E4000494804F04EFD5A214B4804F041FD2046AC
:108E500005F0FBFC237C6DB243F08003DA07A573B9
:108E6000237407D545495323434A3F4804F039FD4D
:108E70005321E9E7DFF81881424652F81C3FD8F841
:108E80002010934208D1C4E900210C60C8F82040AA
:108E90000DE08B42F7D01B68002BF4D093F90E0045
:108EA000A842F6DD5968C4E900310C605C60D8F86E
:108EB0001C40944200D00CB9D8F80C40D8F80830C7
:108EC0009C4202D0204600F06FFDC8F818402348AD
:108ED00000F0FEFD00283AD14FF49973204A28494A
:108EE000214804F0FEFC1D49264804F0FAFC4FF42A
:108EF00099718FE79B0728D5A16841B922491A4883
:108F0000A423224A04F0EDFCA42120489DE720463A
:108F10006DB205F09AFCA5730B68994209D14B68B4
:108F2000C4E900131C604C60D1E74A689342F6D054
:108F30001B68002BF3D093F90E20AA42F5DD5A6886
:108F4000C4E9003214605C60C1E7A573BFE787F332
:108F50001188BFF36F8F3046BDE8F0819411002077
:108F6000AB4D0100D84D0100BE4A0100ED4D01009E
:108F7000A00B0020B5680100936801002969010079
:108F8000034E01001A4E0100606601001A660100DE
:108F90005C110020034648B9EFF3058232B9064A56
:108FA00091699268914201D0FFF7A4BC83F31188C4
:108FB000BFF36F8F704700BF5C11002010B5EFF357
:108FC0001184202383F31288BFF36F8F284800F0A9
:108FD00071FD60B98423274A2749284804F081FCA1
:108FE0002349274804F07DFC8421224812E02048D0
:108FF00000F084FDEFF3058373B1224940F23B3367
:10900000214A1E4804F06DFC204804F06AFC40F23E
:109010003B311D4804F05CFC1D4B9A68D37B012B4F
:109020000CD11C494FF44F73174A144804F059FCF3
:10903000164804F056FC4FF44F71EAE7013BD37336
:109040000B4800F045FD68B94FF49973094A12497D
:109050000A4804F046FC0649104804F042FC4FF46C
:109060009971C2E784F31188BFF36F8F10BD00BF01
:1090700094110020AB4D0100D84D0100BE4A010003
:10908000ED4D0100CC650100936801005D660100B3
:109090005C110020366A0100034E01001A4E0100E7
:1090A00070B5EFF31186202383F31288BFF36F8F1F
:1090B0002A4800F0FFFC68B98423294A29492A4834
:1090C00004F00FFC2549294804F00BFC84212448B6
:1090D00004F0FEFB264D214800F010FDAB68DA7B62
:1090E0006AB9244940F24D33234A1F4804F0F9FB82
:1090F000224804F0F6FB40F24D311F48E8E7EFF359
:10910000058161B11E4940F24E331B4A164804F0F6
:10911000E8FB1A4804F0E5FB40F24E31EDE701327E
:10912000DA732A4652F81C4F944200D004B9EC6816
:109130001A7CD20604D1DA897F2A01D9A2692AB120
:109140009C4202D0204600F02FFC2346AB61314602
:10915000BDE870400148FFF701BC00BF941100203A
:10916000AB4D0100D84D0100BE4A0100ED4D01009C
:109170005C110020676A0100936801005D660100D0
:10918000CC650100024B03F11C02C3E907227047C2
:109190005C11002070B5EFF3058373B138494FF4CB
:1091A0009063384A384804F09CFB384804F099FB37
:1091B0004FF49061334804F08BFBEFF311862023CA
:1091C00083F31288BFF36F8F314800F073FC60B9EE
:1091D0008423304A30492C4804F083FB2C492F4823
:1091E00004F07FFB84212B48E5E72D4C284800F054
:1091F00085FCA168206A0B68814214BF1A460022D0
:1092000049680B605960A368216A2AB9254AC3E9F5
:1092100000210B6023620AE092F90E5093F90E00D0
:10922000854223DD5168C3E900210B605360E56985
:109230001C4B9D4200D005B9E568A3689D4202D051
:10924000284600F0B1FB1248A56100F041FC88B946
:1092500040F26D130F4A14490B4804F042FB0C49CD
:10926000124804F03EFB40F26D11BCE78A42CDD0BB
:109270001268CAE73046BDE87040FFF73BBB00BF4D
:10928000CC65010093680100BE4A01005D660100E3
:1092900094110020AB4D0100D84D0100ED4D0100AF
:1092A0005C11002078110020034E01001A4E0100CD
:1092B0002DE9F04106460C46EFF3058777B13449B6
:1092C0004FF49363334A344804F00BFB334804F003
:1092D00008FB4FF493612F4804F0FAFA50EA0103B7
:1092E00004D1FFF757FF0020BDE8F081EFF31188AC
:1092F000202383F31288BFF36F8F294800F0DAFB35
:1093000060B98423274A2849234804F0EAFA24490B
:10931000264804F0E6FA84212248DDE7244D20485F
:1093200000F0ECFBA868234B1860FFF785FAA868EB
:10933000234632462049183000F016FCAA6804463D
:10934000137C174843F00403137400F0C1FB68B9A1
:1093500040F26D13134A19490F4804F0C2FA10493C
:10936000174804F0BEFA40F26D11D5E74046FFF70A
:10937000C1FAAB68D3E90A23B3F1004F08BFBA4280
:10938000B1D105F0CAFA201A20EAE070ACE700BFBC
:10939000CC65010093680100BE4A01005D660100D2
:1093A00094110020AB4D0100D84D0100ED4D01009E
:1093B0005C11002098110020A98B0000034E0100D1
:1093C0001A4E0100F8B507460E46EFF3058474B156
:1093D000134940F2C643134A134804F082FA134873
:1093E00004F07FFA40F2C6410E4804F071FAFFF72C
:1093F0005FFFB6F1FF3F08BFB7F1FF3F05460CD056
:10940000214647F611204FF47A7447F612220023C2
:10941000E5FB0401F7F7AAFBF8BD4FF0FF30FBE7CF
:10942000CC65010093680100BE4A01005D66010041
:1094300038B50446EFF31185202383F31288BFF378
:109440006F8F204800F036FB68B984231E4A1F49FD
:109450001F4804F046FA1B491E4804F042FA8421D2
:10946000194804F035FA174800F048FB237C5B07E5
:1094700010D504F1180000F053FC237C204623F0A3
:1094800004032374FFF770F92946BDE838400D48FE
:10949000FFF764BA0B4800F01BFB68B94FF49973EF
:1094A000094A0D490A4804F01CFA06490B4804F021
:1094B00018FA4FF49971D3E785F31188BFF36F8FD2
:1094C00038BD00BF94110020AB4D0100D84D010004
:1094D000BE4A0100ED4D0100034E01001A4E01008D
:1094E000014B9868704700BF5C1100202DE9F843DC
:1094F00004468789EFF31185202383F31288BFF395
:109500006F8F824800F0D6FA68B98423804A814977
:10951000814804F0E6F97D49804804F0E2F98421AD
:109520007B4804F0D5F9794800F0E8FA237C180765
:1095300017D5764800F0CCFA68B94FF49973744A9D
:109540007749754804F0CDF97049764804F0C9F9B7
:109550004FF49971E4E785F31188BFF36F8FBDE88D
:10956000F883D90943F0080240F083802274A3688D
:1095700013B12046FFF738FA04F1180000F0D0FBD1
:10958000A66D04F15808B04511D04FF0000976B12E
:109590003046FFF729FA06F1180000F0C1FB30460B
:1095A000C6F88090FFF7E0F8A66DB045EFD1DFF880
:1095B000A081D8F808309C427AD1EFF30589B9F13F
:1095C000000918BF4FF00109D8F81C60564A9642AE
:1095D00000D00EB9D8F80C60B34202D0304600F08B
:1095E000E3F92046C8F8186004F0A1FDB9F1000FB6
:1095F00002D04E48FFF7ACF8D8F808309C426AD148
:10960000EFF30586002E66D1A389DA071FD53F4800
:1096100000F05EFA002890D085F31188BFF36F8FB9
:1096200086F31188BFF36F8F0423184602DFEFF330
:109630001185202383F31288BFF36F8F334800F026
:1096400039FA00283FF461AF304800F057FA2F484C
:1096500000F03EFA78BB40F26D132D4A30492E4897
:1096600004F03FF929492F4804F03BF940F26D110D
:1096700056E72F4A03F07F0343F008039442237414
:1096800008D12C495A232C4A234804F02AF95A219C
:10969000294846E7D90707D528495B23264A1E48AB
:1096A00004F01FF95B21F3E7204605F0CEF85EE7F2
:1096B0004FF0000988E72846FFF71CF920494FF4CE
:1096C000EE731D4A144804F00CF91E4804F009F921
:1096D0004FF4EE71DCE70D4800F0FAF900283FF492
:1096E0002CAF85F31188BFF36F8FFB077FF537AF82
:1096F00040F2A253104A1449074804F0F2F82146F8
:10970000124804F0EEF840F2A251C1E79411002093
:10971000AB4D0100D84D0100BE4A0100ED4D0100E6
:10972000034E01001A4E010078110020180E00208F
:10973000A00B0020B56801009368010029690100B1
:10974000986A0100A36A0100C56A0100D06A01009D
:109750005C1100202DE9F843064688461746EFF3D2
:109760001189202383F31288BFF36F8F214800F003
:10977000A1F9054668B984231F4A2049204804F00E
:10978000B0F81C491F4804F0ACF884211A4804F0D2
:109790009FF8184800F0B2F93468A6421FD004B30D
:1097A0002046C4F880806761FFF71EF904F11800B5
:1097B00000F0B6FA2046FEF7D7FF0E4800F088F911
:1097C00088B94FF499730C4A0F490D4804F089F891
:1097D00008490E4804F085F84FF49971D6E7002542
:1097E000EBE72546E9E789F31188BFF36F8F284639
:1097F000BDE8F88394110020AB4D0100D84D010065
:10980000BE4A0100ED4D0100034E01001A4E010059
:10981000D3B5DDE90667089CCDE90067FFF70CFAD0
:109820001CB1034B9B685B69236002B0D0BD00BFD5
:109830005C1100202DE9F0470546884616461F4674
:10984000EFF31189202383F31288BFF36F8F284829
:1098500000F030F968B98423264A2749274804F0E4
:1098600040F82349264804F03CF88421214804F0BC
:109870002FF81F4800F042F92868854208D038B117
:109880006B6898420CBF4FF0000AD0F800A0B0B946
:10989000002416B139462046B047154800F018F9A3
:1098A000F8B94FF49973134A1649144804F019F89B
:1098B0000F49154804F015F84FF49971D6E7394669
:1098C000C04704460028E4D1BAF1000F07D06B6806
:1098D000534501D0DAF800405046A246D7E7544637
:1098E000FAE789F31188BFF36F8F2046BDE8F08750
:1098F00094110020AB4D0100D84D0100BE4A01007B
:10990000ED4D0100034E01001A4E0100027C03469A
:1099100012F01F0210D10A4988420DD00949086887
:1099200068B1D9897F2909D893F90E20064B1B68A5
:109930009A42B8BF00207047002070471046704719
:10994000A00B0020800300209C11002008B568B106
:109950000F4B98420AD303F11802904206D2182204
:10996000C01AB0FBF2F302FB13034BB109490A48DA
:109970003F230A4A03F0B5FF3F21084803F0A8FF40
:109980000122074BC0105843064B1A5408BD00BFB4
:10999000E00E0020166B0100BE4A0100EE6A0100D5
:1099A000ABAAAAAAD115002070B50C4B0C4D1E7C99
:1099B000FFF7ACFF182303FB06550446284600F0CA
:1099C000AFF90022074B9A553CB1621E2846BDE80C
:1099D00070400549D31700F0C7B870BD5C11002076
:1099E000E00E0020D11500204D99000038B5EFF3AE
:1099F0001185202383F31288BFF36F8F234800F073
:109A000059F868B98423224A2249234803F069FFA0
:109A10001E49224803F065FF84211D4803F058FFCA
:109A20001A4800F06BF81E4B1E4A9C681068A04252
:109A300013D1FFF7B9FF154800F04AF800BB4FF407
:109A40009973134A1849144803F04BFF0F491748FC
:109A500003F047FF4FF49971DFE700211B7C116091
:109A6000134AD35C002BE6D02046FFF74FFF0028B7
:109A7000E1D0237CDB0601D1FEF7D2FF2046D8E7F8
:109A800085F31188BFF36F8F38BD00BF941100209C
:109A9000AB4D0100D84D0100BE4A0100ED4D010063
:109AA0005C11002098110020034E01001A4E0100A5
:109AB000D1150020006838B1044B00F003001B7C76
:109AC000C01A18BF01207047012070475C110020A8
:109AD000002302680360EFF30581074B986811B11A
:109AE000017CC90705D41B7C1843831A584258418E
:109AF00070470120704700BF5C110020024B1A7CA8
:109B00009B681343036070475C110020024B186888
:109B1000984208BF0020704784030020034B1B6855
:109B20000BB9FBF79BBF0020704700BFA0110020BE
:109B300030B570B10B4B5B6898420AD0036843B1F3
:109B4000D3E90421D0E90445121941EB0501C3E929
:109B50000421D0E9003213605A600023C0E90033C9
:109B600030BD00BF84030020B3F1FF3F08BFB2F156
:109B7000FF3F2DE9F84F04469B4615461F4600F06F
:109B8000B280D0F80090B9F1000F0CD0574964238F
:109B9000574A584803F0A5FE574803F0A2FE642137
:109BA000534803F095FE8160EFF31188202383F37F
:109BB0001288BFF36F8F5148FFF77CFF824660B970
:109BC00084234F4A4F494B4803F08BFE4B494E4884
:109BD00003F087FE84214A48E3E74848FFF78EFFF9
:109BE000BBF1000F494A1FDBFFF798FF064601351E
:109BF0004BF1000B454A2D184BEBE073D2E90017EF
:109C0000C4E904536D1843EB0707FFF77FFF0346D2
:109C1000DFF808E1DEF80490EBB9C4E900E9C9F81F
:109C20000040CEF8044028E06FF00103D2E90012B2
:109C30005B1A4FF0FF3161EB02025B1B62EB0B0220
:109C4000012B72F10001BCBF01234A464FF0000A0C
:109C5000C4E90432D9E7D3E9041CD4E904208A42D8
:109C600070EB0C0B2EDA891A5A686CEB0000C3E912
:109C70000410C4E9003214605C60FFF747FF8442BF
:109C80000ED1234B1B685BB9BAF1000F02D1FFF76D
:109C900045FF0646304604F029FE0021FBF7F2FEA0
:109CA0001648FFF715FFB0B94FF49973144A1949D4
:109CB000104803F016FE1149174803F012FE4FF446
:109CC000997188E7521A60EB0C004B45C4E90420F7
:109CD000A3D01B68A0E788F31188BFF36F8F2846D5
:109CE0003946BDE8F88F00252F46F8E7E56C0100FE
:109CF000C16C0100BE4A01005D660100A411002094
:109D0000AB4D0100D84D0100ED4D0100F80E0020D3
:109D1000A0110020034E01001A4E01008403002010
:109D200070B50446EFF31186202383F31288BFF346
:109D30006F8F2A48FFF7BEFE68B98423284A294955
:109D4000294803F0CEFD2549284803F0CAFD8421A7
:109D5000234803F0BDFD2148FFF7D0FE23683BB345
:109D6000FFF7D4FE05462046FFF7E2FE00224FF043
:109D70000043A542C4E9042312D000241748FFF78A
:109D8000A7FE20BB4FF49973154A1949164803F0F2
:109D9000A8FD1249174803F0A4FD4FF49971D7E7C5
:109DA000FFF7BCFE04F0A2FD0021FBF76BFEE4E729
:109DB000D4E90423B3F1004F08BF012A02BF0022F7
:109DC0004FF00043C4E904236FF01504D6E786F38F
:109DD0001188BFF36F8F204670BD00BFA411002013
:109DE000AB4D0100D84D0100BE4A0100ED4D010010
:109DF000034E01001A4E01002DE9F04DDFF82881D5
:109E00000246C8F80000FFF781FE0E4604464FF0F8
:109E1000000A4FF0000B3C4F4FEAE27CD7E90013F9
:109E200054B1D4E90450AA427CEB000E1EDAAD1AFC
:109E300060EB0C00C4E904500024521843EB0C03FF
:109E40002046C7E90023C8F8004004F04FFD214632
:109E5000FBF718FE2D48FFF73BFED0B186F31188C3
:109E6000BFF36F8FBDE8F04DFFF7C0BD691843EB3E
:109E7000E5732046C4E904ABC7E90013FFF758FEB9
:109E800001224FF000432148C4E90423FFF720FEDC
:109E900078B94FF499731E4A1E491F4803F021FDFB
:109EA0001A491E4803F01DFD4FF49971184803F03C
:109EB0000FFD86F31188BFF36F8F2046A368984784
:109EC000EFF31186202383F31288BFF36F8F0F48BF
:109ED000FFF7F0FD58B984230D4A11490E4803F0ED
:109EE00000FD0A490F4803F0FCFC8421DEE7074827
:109EF000FFF704FED8F80020521BC8F80020FFF737
:109F000005FE044688E700BFF80E0020A4110020DB
:109F1000AB4D0100034E0100BE4A01001A4E010084
:109F2000D84D0100ED4D0100A011002010B5EFF358
:109F30001184202383F31288BFF36F8F0B48FFF740
:109F4000B9FD68B984230A4A0A490B4803F0C9FCE1
:109F500006490A4803F0C5FC8421054803F0B8FC13
:109F60000248FFF7CBFD204610BD00BFA411002022
:109F7000AB4D0100D84D0100BE4A0100ED4D01007E
:109F800070B5EFF31186202383F31288BFF36F8F30
:109F90001A48FFF78FFD68B98423194A19491A48EE
:109FA00003F09FFC1549194803F09BFC84211448D9
:109FB00003F08EFC1148FFF7A1FDFFF7AFFD144A37
:109FC000D2E90045041945EBE0750C48FFF780FD28
:109FD00068B94FF499730A4A0E490B4803F081FCA3
:109FE00006490D4803F07DFC4FF49971DFE786F3D5
:109FF0001188BFF36F8F2046294670BDA411002041
:10A00000AB4D0100D84D0100BE4A0100ED4D0100ED
:10A01000F80E0020034E01001A4E0100F8B5044668
:10A02000EFF31187202383F31288BFF36F8F5B4810
:10A03000FFF740FD68B98423594A5A495A4803F04A
:10A0400050FC5649594803F04CFC8421544803F015
:10A050003FFC5248FFF752FDD4E90423B3F1004F0F
:10A0600008BF012A13D04D48FFF732FD002840F009
:10A070008F804FF499734A4A4D494B4803F031FCA5
:10A0800046494C4803F02DFC4FF49971DEE7D4E9C2
:10A090000A566A1C46F10003022A73F1000334D306
:10A0A000013D46F1FF36002EBCBF00252E4604F0D0
:10A0B00038FC013041F10001401946EB0101012853
:10A0C00071F100015BDB04F02CFC6FF00203013046
:10A0D00041F10001401946EB010183426FF000435A
:10A0E0008B4151DB04F01DFC013041F100016FF0A8
:10A0F0000102401946EB01034FF0FF31121A61EBE8
:10A10000030320462C49FFF72FFD236B256A0133FB
:10A110002363D5B12148FFF7DBFC0028A9D087F3E2
:10A120001188BFF36F8F2046A847EFF311872023D4
:10A1300083F31288BFF36F8F1848FFF7BBFC00282A
:10A140003FF479AF1548FFF7D9FC54F8185FA542E2
:10A1500089D0002D87D02846FEF7DEFC00230F486B
:10A16000C5F88030FFF7B4FC002882D087F311884F
:10A17000BFF36F8F2846BDE8F840FEF787BC6FF04D
:10A1800001024FF0FF33BCE700224FF00043B8E775
:10A1900087F31188BFF36F8FF8BD00BFA8110020AF
:10A1A000AB4D0100D84D0100BE4A0100ED4D01004C
:10A1B000034E01001A4E01001DA000002DE9F843D6
:10A1C000064614461D4691469846EFF31187202314
:10A1D00083F31288BFF36F8F2748FFF76BFC68B9D2
:10A1E0008423264A2649274803F07BFB2249264838
:10A1F00003F077FB8421214803F06AFB1E48FFF738
:10A200007DFCB5F1FF3F08BFB4F1FF3F11D11A4803
:10A21000FFF75EFC50BB4FF49973184A1B4919486D
:10A2200003F05FFB14491A4803F05BFB4FF499718C
:10A23000E1E7002D0ADB012C75F100032246BCBFCB
:10A240000122002512F1FF3945F1FF383046FFF7B2
:10A2500067FDDDE90823C6E90A2300234A46336384
:10A26000304643460B49FFF77FFCD0E787F3118860
:10A27000BFF36F8FBDE8F883A8110020AB4D01003C
:10A28000D84D0100BE4A0100ED4D0100034E010012
:10A290001A4E01001DA0000070B50546EFF31184B1
:10A2A000202686F31288BFF36F8F2D48FFF702FC3C
:10A2B00068B984232B4A2C492C4803F012FB284907
:10A2C0002B4803F00EFB8421264803F001FB2448B1
:10A2D000FFF714FC2846FFF723FD90B12048FFF755
:10A2E000F7FB002837D14FF499731E4A21491F48C4
:10A2F00003F0F7FA1A49204803F0F3FA4FF4997182
:10A30000E2E76B6ACBB11648FFF7E2FB0028EAD020
:10A3100084F31188BFF36F8F28466B6A9847EFF379
:10A32000118486F31288BFF36F8F0D48FFF7C2FBCD
:10A330000028BED00A48FFF7E1FB05F11800FEF740
:10A3400001FD0028CAD0FEF7A1FB2146BDE8704000
:10A35000034804F0BCBA84F31188BFF36F8F70BD5B
:10A36000A8110020AB4D0100D84D0100BE4A0100EC
:10A37000ED4D0100034E01001A4E010010B59DF88D
:10A380000E30144613F0040308D09FED050A89B27D
:10A3900004F07CFE012084ED000A10BD1846FCE7A5
:10A3A00000000000004870470202020070B5858876
:10A3B0000C46012D03681DD01E461946DFED1E7A9E
:10A3C000AA0003EB8500814219D19FED1C7AF4EEBF
:10A3D000C77AF1EE10FA20DC1846002106F074F876
:10A3E00003460022DFED147A1146AA4217D32180DA
:10A3F000658002E04FF480320A60636070BDB1ECAA
:10A40000017A77EE877ADEE7D2ED006A86EEA77AE8
:10A41000A2EC017A8242F7D1E3E71A46FAE7B6ECFA
:10A42000017AB4EEE77AF1EE10FAC4BF1146F0EE0D
:10A43000477A0132D9E700BF000000000000003475
:10A440009FED0A0A00EB8101884207D12AB182ED13
:10A45000000A137C43F0080313747047F0EC017A90
:10A46000F0EEE77A30EE270AEEE700BF00000000CA
:10A47000013989B20B469FED0C7A043033B907EEEF
:10A48000901AB8EEE70A87EE000A704750ED017A9D
:10A49000F0EC016A77EEE67AF0EEE77A013B37EE10
:10A4A000277A9BB2EAE700BF0000000070B52DEDEF
:10A4B000028B144682B01A4605460E46DFED1A8A14
:10A4C00000F0DEF9B4EEE80AF1EE10FAB0EE408AE0
:10A4D00026D46A463146284600F008FA9DED000A67
:10A4E00084ED008A80EE080A04F0F1FCDDED007ACC
:10A4F000F4EEE87AF1EE10FA84ED010A10D4B4EE2D
:10A50000E80AF1EE10FA0BD49DED010A80EE270A5D
:10A5100004F0DDFC94ED017AC0EE077AC4ED027A16
:10A5200002B0BDEC028B70BD0000003407EE901A43
:10A5300038B504462DED028B0D46B8EEE78A8AB198
:10A54000137CDB070ED5D2ED017A87EE887A9FED7A
:10A550000D0A04EB8505A5420BD180EE080ABDEC7F
:10A56000028B38BD2946204600F042F980EE087A79
:10A57000EDE7F4EC017A77EEC77AF0EEE77A30EEA9
:10A58000270AE8E700000000D0ED007ADFED0E6A50
:10A5900000EB8101884204D1C2ED007AC3ED006A6C
:10A5A0007047B0EC017AF4EEC76AF1EE10FA07D406
:10A5B000F4EE477AF1EE10FAC8BFF0EE477AE9E719
:10A5C000F0EE476AE6E700BFFFFF7FFF38B52DEDED
:10A5D000068B9FED259A1446F0EE499AF0EE496AF3
:10A5E0001D4600EB810398422ED107EE901AB8EE7B
:10A5F000E78ADFED1E7AC6EE888AF4EEE78AF1EE8E
:10A6000010FA1ED428EEA8AAC5ED008A2AEE280A60
:10A6100004F05DFC89EE887AC7EE007A89EE087A4C
:10A62000C5ED017AC7EE0A7AB0EE087A77EEC77AFE
:10A63000C5ED027A2CB1C4ED038A237C43F00403F8
:10A640002374BDEC068B38BDF0EC017A77EEC07A4E
:10A6500027EEA77A76EE876A27EE877A79EE879AD1
:10A6600007EE879ABFE700BF00000000000000343B
:10A67000DFED1F7AF4EEE70AF1EE10FA10B514469A
:10A680002DED048B23D49FED1B7AB0EE476A00EBCF
:10A69000810383421ED107EE901A20EEA08AF8EEC5
:10A6A000E77AC4ED000A20EE880AC7EE278A86EE14
:10A6B000279A04F00CFCC9EE007AB0EE087AC4EDDB
:10A6C000017AC8EE887A77EEC77AC4ED027ABDECDB
:10A6D000048B10BDF0EC017A77EEC07A67EEA76AC2
:10A6E00066EEA76A36EE266A07EEA67AD1E700BFC5
:10A6F0000000003400000000F0B5DFED317A0646BE
:10A7000054080134059F00EB820500EB8404AE423F
:10A7100024D107EE102AF0EE675AB8EEC76A14ED9E
:10A72000017A56EE075AF0EE674AF0EE656AB0EE2F
:10A73000677A891A89B205EB81018D4213D12FB155
:10A7400076EEE56AC6EE867AC7ED007A2BB137EE73
:10A75000647AC7EE067AC3ED007AF0BDB6EC017AF2
:10A7600077EE877AD3E7B5EC015A77EE857AB0ECCD
:10A77000015A77EEC57AF4EEE74AB4EC014AB0EE3E
:10A78000675AF1EE10FA16EE045A13DCB4EE677A4B
:10A79000F1EE10FA48BFB0EE677AF4EEC55AF1EE6A
:10A7A00010FA0ADCF4EE456AF1EE10FA48BFF0EE5A
:10A7B000456AC2E7F0EE674AEFE7F0EE455ABCE7BC
:10A7C000000000009FED090A0139043089B209B97F
:10A7D00004F07DBB50ED017AB0EC017A77EEC77AD8
:10A7E000013907EEA70A89B2F1E700BF00000000B7
:10A7F0009FED090A00EB8101884207D12AB182ED61
:10A80000010A137C43F0010313747047F0EC017AE2
:10A8100030EE270AF0E700BF000000009FED090AB4
:10A8200000EB8101884207D12AB182ED020A137C34
:10A8300043F0020313747047F0EC017A07EEA70AA5
:10A84000F0E700BF000000007AB1DFED0C7AB0EE57
:10A85000677A00EB8101884208D1C2ED017A82ED6E
:10A86000027A137C43F0030313747047F0EC016A1F
:10A8700006EEA67A77EEA67AEDE700BF00000000AC
:10A8800007EE901A70B505462DED028B0E46144664
:10A89000B8EEE78AC2B1137CDB0715D5D2ED017A99
:10A8A000C7EE886A9FED107A05EB8606AE4213D19B
:10A8B00087EE080A2CB184ED030A237C43F00403DD
:10A8C0002374BDEC028B70BD224631462846FFF74B
:10A8D0008FFFC0EE086AE5E7F5EC017A77EEE67ADD
:10A8E00007EEA77AE2E700BF0000000070B504465B
:10A8F00090ED017AF4EC017ADFED266A01398BB232
:10A90000C1F34E0177EEC77A26460D46B0EE666A71
:10A9100008361DBB00EBC10004EBC101DC070BD501
:10A9200090ED007AD1ED005A37EE657A77EEC77A6E
:10A9300007EE076A47EEA76A07EE903AB8EEE77AA5
:10A94000C6EE077A013BC2ED007A07EE903AF8EEC8
:10A95000E77A86EEA77A82ED017A70BD56ED025A4B
:10A9600016ED037A37EE657A77EEC77A47EEA76A77
:10A9700056ED017A75EEE77A67EEA75A47EE075A69
:10A9800037EEC77A013D36EE256A47EE076AADB26B
:10A99000BEE700BF0000000038B50A4D04462B7822
:10A9A00033B9F8F749FF08B140B238BD01232B7025
:10A9B000204603F040FB40B2003818BF012040425F
:10A9C000F3E700BFD21500202DE9F04F01461646EF
:10A9D0001D4618468DB07BB100248B69189FDFF8A7
:10A9E00040A0D3E900980DF11C0B8DF82C40444594
:10A9F00005D1189BFA1A90100DB0BDE8F08F199B85
:10AA0000CDE90065DDE91601CDE903A3CDF808B075
:10AA10003A4659F824309847013407EB8007E6E7B7
:10AA200059F300002DE9F04F154692B21F4691B040
:10AA3000002A32D00024C3691D9A9E68D3E900A978
:10AA400008ABD6F8008007930BAB0693DDF870B027
:10AA500006AB8DF83C408DF8284093604C450BD1F7
:10AA6000B8F1000F01D1C6F800801C9BABEB0302CC
:10AA7000901011B0BDE8F08F1D9BCDE90057DDE9C6
:10AA80001A010493064B5A46CDE902635AF8243062
:10AA9000984701340BEB800BE0E71046E9E700BF75
:10AAA00059F300002DE9F04F1546120C1E4687B0F1
:10AAB0001ED00024A346036A129FDFF838A0D3E912
:10AAC0000098444505D1129BFA1A901007B0BDE8D2
:10AAD000F08F139B8DE86008DDE91001CDE903A339
:10AAE0003A4659F824309847013407EB8007E8E7E5
:10AAF0001046EBE759F3000038B50C4C0C4804F055
:10AB000029FD65780A4804F02BFD0A4804F022FD6F
:10AB1000022D08D12478E31F5C425C41054804F013
:10AB20001FFD204638BD0024F8E700BFAC1100200F
:10AB30008C030020A403002010B51B4C1B4804F01C
:10AB400009FD2378590744BF03F0FB0323709A07DC
:10AB500005D500F0B1F8237823F0020323701348E1
:10AB600004F0FEFC124804F0F5FC637813B11148C0
:10AB700004F0EEFC002304210E48637000F0B6F8E8
:10AB80000B4804F0EDFC094804F0E4FC2378DB07F3
:10AB900005D504F0DAFC237823F001032370034881
:10ABA000BDE8104004F0DCBCAC110020A403002080
:10ABB0008C030020B011002070B5FFF79DFF10B18D
:10ABC0000024204670BD344804F0C4FC044620B183
:10ABD0006FF08F04FFF7B0FFF3E7304D2B789E073F
:10ABE00006D400F061F804462B7843F002032B7082
:10ABF000294804F0B5FC10B1002CE9D0EAE7002C9C
:10AC0000E8D1254804F0A6FC04460028E0D12B78C2
:10AC1000D80706D404F097FC04462B7843F00103D0
:10AC20002B701D4804F09CFC0028E5D1002CD1D1EC
:10AC3000194804F08FFC0028CAD117482E7804F078
:10AC40008FFC0028C4D1164804F084FC0446002878
:10AC5000BED16B783BB9F10705D5124804F076FCFC
:10AC6000022304466B700E4804F07AFC0028C3D11E
:10AC7000002CAFD1084804F06DFC0028A8D12B7837
:10AC800005485A075CBF43F004032B7004F068FCCE
:10AC9000002895D09CE700BFA4030020AC11002041
:10ACA0008C030020B01100200122024B002083F809
:10ACB000C0227047B41100202DE9F0410A4C002554
:10ACC00026464FF0010803272046C4F82080277746
:10ACD000013504F01BFC102D04F12C04F4D10023E9
:10ACE00086F8C032BDE8F081B411002010B50A46E4
:10ACF000044619B1024B00211B68984710BD00BFE4
:10AD0000EC47010010B50D4C206800F0E3FE0C4A42
:10AD10001368591C11605BB90A4A5920D2F80034F3
:10AD200043F00703C2F80034F9F794F900F09AFAF7
:10AD30002068BDE8104000F0E7BE00BFC00300205F
:10AD4000781400200090055038B5164D286800F0A2
:10AD5000C1FE154B1C68013C1C60ECB95920F9F789
:10AD600087F90722114BC3F80823D3F8002422F0F7
:10AD70000702C3F80024C3F80041D3F80021C3F848
:10AD80000441D3F804214FF00072C3F80841D3F80E
:10AD90000831074BC3F888212868BDE8384000F027
:10ADA000B3BE00BFC00300207814002000900550FF
:10ADB00000E100E070B5104D104E2B68B34219D081
:10ADC000FFF7A0FF00F0B2FB00F044FC38B104F044
:10ADD000C9FB0446FFF7B8FF3CB92E6005E000F060
:10ADE000EBF9044618B1FFF7AFFF204670BD04F041
:10ADF00074FCEEE70024F8E7BC0300201173650043
:10AE00000022074BC3F81021C3F80C21C3F800211E
:10AE1000C3F80421C3F80821C3F81821704700BF04
:10AE20000090045008B5FFF7EBFF01230360104BBF
:10AE30000A6832B9D3F80C211AB9D3F80821002ACC
:10AE4000F6D00B687BB90B4B99420ED0A3F58473F7
:10AE5000D3F80831002B14BF6FF002004FF0FF3021
:10AE6000FFF7CEFF08BD0020FAE74FF0FF30F7E70D
:10AE7000009004500891045070B506460D4619B371
:10AE80004B6913F00F040CD011495523114A124895
:10AE900002F027FD114802F024FD55210D4802F073
:10AEA00017FD2146012003F075FC0D480D49C0F83F
:10AEB0000065C0F80455FFF7B5FF2146054620465A
:10AEC00003F068FC284670BD6FF00105FAE700BF8B
:10AED0005F6D01000C6D0100BE4A0100886D01002C
:10AEE0000090045000910450034B0449C3F800053E
:10AEF0000348FFF797BF00BF00900450049104502F
:10AF00000490045010B504460021012003F042FCD7
:10AF1000064B0749C3F800450648FFF783FF0021A9
:10AF20000446084603F036FC204610BD009004504D
:10AF3000089104500890045038B50C4659B1074D9B
:10AF40000749C5F800050748FFF76CFF10B9D5F8A9
:10AF50000835236038BD6FF00100FBE70090045016
:10AF6000109104500C9004502DE9F04F89B01C460C
:10AF700007460D46164604F08DFB0346002840F0B8
:10AF8000F8807A690090C2F3013161F305138DF8FE
:10AF9000003013F0300308D1B868800710D06FF08C
:10AFA0008608404609B0BDE8F08F102B08D1BDF8E7
:10AFB000023023F4F87343F4A873ADF8023053E081
:10AFC000D2B2F82A2ED100224FF0010B9046104643
:10AFD0009446D7F808E0DFF8DC9159F804AB1EEA94
:10AFE0000A0F08D00BFA0CF242EA080202F07F08BE
:10AFF000012240EA0A000CF1010CBCF1070FECD170
:10B000002AB19DF8032068F347028DF803203EEA39
:10B01000000007D17A88FF2A0FD006D8802A35D0C1
:10B02000C02A35D06FF08508BBE7B2F5807F31D0FC
:10B03000B2F5C07FF6D1062200E003229DF802009F
:10B0400062F306108DF8020013B91EF0030FA6D1AB
:10B050003B79022B2BD01FD8012BA0D1BDF80220A9
:10B0600063F3C812ADF80220012938D0032923D098
:10B07000002994D13B88B3F5105FD3D1182C03D0AD
:10B08000202C01D0102C8AD1474F2CE00122D5E78B
:10B090000222D3E70422D1E7032B02D0FF2B7FF457
:10B0A0007EAF0222BDF8023062F3C81385E7BDF817
:10B0B000023043F4C07380E7202C05D006D8102C52
:10B0C00002D0182C7FF46BAF384F0CE024F0200333
:10B0D000412B01D0302CF5E70136013CF4E7302C50
:10B0E0007FF45DAF324F4FF000080F344FEA141970
:10B0F00005EB080004F0ACFA002852D008F1010872
:10B10000C145F5D11F2C2ED11C22002101A805F02C
:10B11000DBF94FF0000B4FF0FF3A07EB0B124FEA51
:10B120000B130692BBF1000F26D1009A0792BDF8CF
:10B1300002203344C2F3C11205920DF1040C03F155
:10B14000100E624618685968083303C27345944666
:10B15000F7D101A905EB0B00FFF78EFE804670B119
:10B1600004F098FA05E04946284604F07BFA0028E6
:10B17000CAD06FF0920814E7CDF81CA0D7E71C21C5
:10B1800001A80BF1010B04F087FBD945C5D11F2C99
:10B190003FF407AFBA20FFF7B5FE00283FF401AF38
:10B1A000E7E76FF08A08FCE600FF072000000020B8
:10B1B00010940550F047010010B590B01C220021FA
:10B1C00001A805F081F9F82004F042FA00B320222A
:10B1D00000200DEB020100F03FFB0446F0B94FF4F4
:10B1E0008071104A104B01A8CDE901230F4BCDE926
:10B1F00003130F4BF821069320230DEB0302FFF7F7
:10B20000B3FE202104460DEB010004F045FB05E0F0
:10B21000F92004F01DFA0028D9D10446204610B0C8
:10B2200010BD00BF00240001014B4E800010C0047F
:10B23000F800FF7FBFF35F8F094A1368BFF35F8F8A
:10B2400043F48071BFF35F8F1160BFF35F8F23F40E
:10B250008073BFF35F8F1360BFF35F8F704700BFD2
:10B2600000100150BFF35F8F1522064B5A62BFF3E7
:10B270005F8FBFF35F8F40F237129A62BFF35F8F29
:10B28000704700BF0010015008B5FFF7D3FFBFF3B0
:10B290005F8F064A1368BFF35F8F43F00103BFF36C
:10B2A0005F8F1360BFF35F8F08BD00BF00100150B8
:10B2B00070B50026C0E9006605460C46FFF722FD82
:10B2C00001232B70FFF7B6FFBFF35F8F204BDB68C6
:10B2D000BFF35F8F9B08013BACB3226842B19A4237
:10B2E00005D9FFF731FD6FF03F002E7070BD13469A
:10B2F000D4E90115E068002908BF4FF40071002867
:10B3000008BFF1202469BFF35F8F114A9360BFF338
:10B310005F8FBFF35F8F1564BFF35F8FBFF35F8FE6
:10B320005064BFF35F8FBFF35F8F5163BFF35F8FD5
:10B3300044F4802444F00104BFF35F8F1460BFF332
:10B340005F8F0020D2E74FF40071F1202546DAE745
:10B350000010015070B503780D461446002B52D0F2
:10B36000BFF35F8F2C4A136BBFF35F8F03F00E01A7
:10B370000A294BD013F00C0F02D14FF0FF3070BDF3
:10B380004368D3B9BFF35F8F5368BFF35F8F032B5D
:10B39000F3D9224B2249BFF35F8FD2F88060BFF30D
:10B3A0005F8FBFF35F8F43F8046BBFF35F8F8B42F8
:10B3B000F1D1FFF769FF01234360BFF35F8F164BA5
:10B3C0009A68BFF35F8F0132B4EB021F21D8BFF33D
:10B3D0005F8F5A68BFF35F8FB4EB820FCDD884B113
:10B3E000BFF35F8FD3F88020BFF35F8F291D05F86F
:10B3F000012BA9424FEA122204F1FF34EFD0002CB6
:10B40000F5D10020BBE76FF02000B8E76FF05100E6
:10B41000B5E76FF03F00B2E7001001501010015087
:10B420002010015010B50446FFF76CFC104B186853
:10B4300000F050FB0CB101232370BFF35F8F00209D
:10B440000C4BD861BFF35F8FBFF35F8F4FF0FF32BC
:10B450001A63BFF35F8FBFF35F8F3422DA61BFF3EC
:10B460005F8F012203F59223C3F8042310BD00BFB0
:10B47000C40300200000015010B5044608B1037851
:10B4800043B1FFF761FC044B186800F03DFB0CB1C1
:10B490000023237010BD00BFC403002038B51B4C2F
:10B4A000D4F80051BDB1BFF35F8F194B996ABFF358
:10B4B0005F8FBFF35F8F4FF0FF321A63BFF35F8F71
:10B4C0000023C4F80031D4F80031124B1868BDE8ED
:10B4D000384004F0D2B9D4F8083153B100F08AF8FA
:10B4E00004F02BF9C4F80851D4F8083101210A4BB3
:10B4F000ECE70A4950230A4A0A4802F0F2F90A48DE
:10B5000002F0EFF95021064802F0E2F900900550F0
:10B5100000000150CC030020C80300208863010014
:10B520009A6D0100BE4A0100006E010008B5074B8C
:10B53000186804F091F9064B186804F08DF9BDE81D
:10B540000840002259201146F8F7B4BDCC03002072
:10B55000C803002038B5094B1C7864B1084B4FF084
:10B56000FF311D68284604F079F94FF0FF31044699
:10B57000284604F080F9204638BD00BFD0150020D1
:10B58000CC03002010B5064CE36C3BB9214651F8C2
:10B590004C3B986904F012F90123E364014810BDA3
:10B5A0007C140020C814002010B504460E4B186807
:10B5B00000F090FA0D4B1A68236122605A686260AD
:10B5C0009A68A2600A4A12689A660023A364FFF789
:10B5D00099FB204604F0A2F80028FAD1204604F096
:10B5E000A2F80028F5D110BDD00300207C14002063
:10B5F0000C480100004870477C14002010B5044638
:10B60000054A036912689A6604F0CBF82046BDE843
:10B61000104004F09AB800BF2448010010B5044659
:10B62000FFF7ECFF0422084BC3F80823FFF78CFB5D
:10B63000064A236912689A6600236364044BBDE8D6
:10B640001040186800F060BA009005500C480100E6
:10B65000D003002010B50E4B0E4C236003F5C04301
:10B6600063602461FFF78EFF236D2046B3F5007FF2
:10B67000CCBF4FF480634FF40073A360FFF794FFD7
:10B680002046FFF7BBFF2046FFF7C8FF002010BD94
:10B69000002001507C140020244B0340B3F5806F40
:10B6A00030D016DC402B2FD008DC102B2ED0202BD6
:10B6B0002ED0181E18BF012040007047B3F5807FC0
:10B6C00028D0B3F5007F27D0802B14BF02200B2099
:10B6D0007047B3F5804F21D00BDCB3F5805F1FD0EE
:10B6E000B3F5005F1ED0B3F5006F14BF0220062033
:10B6F0007047B3F5004F17D0B3F5803F14BF022059
:10B7000003207047112070470A2070470C207047B3
:10B7100009207047082070470720704714207047A1
:10B7200005207047042070470F207047F0FF01008C
:10B7300000212DE9F043064695B00846FFF772FE5A
:10B740000DF12705044625F01F0520B115B0BDE811
:10B75000F04303F007BF4FF01009DFF884800122A7
:10B7600010211E4803F06AFF1C4A2B190093202168
:10B770001023CDF80490A2F1200000F00FF9074645
:10B7800050B10020FFF778FE384603F0EBFE074685
:10B79000384615B0BDE8F083D8E90C3210340133D7
:10B7A00042F10002302CC8E90C32D8D1FFF764FE18
:10B7B00026B122463146284603F033FF2E46084C78
:10B7C0000FCE0FC496E80F00203584E80F0095E8EF
:10B7D0000F00103484E80F00DAE700BF200F0020CC
:10B7E000000F0020F0B5194D194FAB6B8DB0BB4267
:10B7F00029D0184E306800F06DF940230022194618
:10B80000284604F03EF83021684603F0FDFF044668
:10B8100078B96846FFF78CFF044690B9302302469A
:10B820001946684604F02DF801220023C5E90C23CF
:10B83000AF63306800F068F9204603F093FE0DB066
:10B84000F0BD0E24F5E70020F9E700BF000F00204F
:10B85000B4A5B4A5D40300202DE9F04F99B00DF1A3
:10B86000570902F10F0A04468846154629F01F09B8
:10B870004FEA1A1A32B1002900F08780B2F5005F52
:10B8800000F28380424F434E386800F023F9D6E936
:10B890000C32134308D12046FFF7A4FF044618B129
:10B8A000386800F031F95CE0D6E90C231AEB020AA3
:10B8B00043F10003BAF5803F73F1000314D3302144
:10B8C00002A803F0A1FFF8B902A8FFF731FF044670
:10B8D0000028E5D130230246194602A803F0D1FF23
:10B8E00000220023C6E90C2300210846FFF79AFD39
:10B8F000044660B910249DB92846FFF7BDFD2846CF
:10B90000FFF716FF0446CBE76FF09204C8E73868EC
:10B9100000F0FAF8204619B0BDE8F04F03F022BE5F
:10B92000102D4FF001024FF010011B48AB4628BF0D
:10B930004FF0100B03F082FE174A10232021CDE9AF
:10B940000094A2F1200000F029F8824668B100209E
:10B95000FFF792FD386800F0D7F8504603F002FE7A
:10B960000446204619B0BDE8F08F5A464046494685
:10B9700004F09DFDD6E90C32013342F10002C6E924
:10B980000C32A5EB0B05D844B5E76FF08604E8E769
:10B99000D4030020000F0020200F002037B54FF403
:10B9A00080740194214C41F00051A16140F61101D5
:10B9B00043F00053A3622123E16104F1200161619E
:10B9C00001212262E362069A194B01AD1A60079ABF
:10B9D000256042F000521125C3E901122022DFF850
:10B9E00058C02061C4E902C504F1100565606162B8
:10B9F000DA60BFF35F8F0F4A1460BFF35F8FBFF34E
:10BA00005F8F1361BFF35F8FBFF35F8F03235363B8
:10BA1000BFF35F8FBFF35F8F9363BFF35F8F00F060
:10BA200033F8431CFBD003B030BD00BFF814002036
:10BA3000E8140020000001500400002038B5BFF3D6
:10BA40005F8F104CE569BFF35F8FBFF35F8F1023EB
:10BA50006363BFF35F8F012003F011FFBFF35F8FBC
:10BA600000236363BFF35F8FBFF35F8FE36BBFF3AD
:10BA70005F8F5B06F8D425B1BFF35F8FE561BFF33D
:10BA80005F8F38BD0000015008B5FFF763FD104A15
:10BA900020B9BFF35F8F906ABFF35F8FBFF35F8FF3
:10BAA000D36BBFF35F8F10F0240F03F0230304D098
:10BAB000FFF7C4FF6FF01F0008BD4FF0FF30002BF1
:10BAC000FAD1BFF35F8F1063BFF35F8F1846F3E7C0
:10BAD0000000015008B54FF0FF324FF0FF33FCF784
:10BAE0004FF848B1054906481723064A01F0F9FE08
:10BAF0001721044801F0ECFE08BD00BF5D6E010097
:10BB0000BE4A0100186E010008B5FCF701F948B102
:10BB1000054906481F23064A01F0E3FE1F21044899
:10BB200001F0D6FE08BD00BF5D6E0100BE4A0100F7
:10BB3000186E01002DE9F74305460C46914600F1C9
:10BB40000C06EFF31188202383F31288BFF36F8F65
:10BB50003046FDF7AFFF68B98423164A16491748E7
:10BB600001F0BFFE3146164801F0BBFE84211148AA
:10BB700001F0AEFE3046FDF7C1FFAB6828465C40E1
:10BB800004EA090203EA09075340002200930D4921
:10BB90006B460192FDF74EFEDDE9003223EA020317
:10BBA00030464146AB6002F092FE384603B0BDE835
:10BBB000F08300BFAB4D0100D84D0100BE4A01002B
:10BBC000ED4D0100B1F800002DE9F04F85B0884639
:10BBD000DDE90E1B05461746EFF305838BB151EAED
:10BBE0000B030ED0404940F22113404A404801F077
:10BBF00078FE404801F075FE40F221113B4801F00B
:10BC000067FE0291B8F1000F56D007F001030393CD
:10BC1000FDF766FC05F10C048146EFF3118A202341
:10BC200083F31288BFF36F8F2046FDF743FF02991D
:10BC300060B98423304A31492D4801F052FE214633
:10BC40002F4801F04EFE84212B48D8E72046029170
:10BC5000FDF754FF17F0020F1CBF0023AB60AB6869
:10BC600007F00102029903EA0806BAB1B04517D1FC
:10BC70007A0744BFB343AB602046FDF729FFE8B91C
:10BC80004FF499731C4A1F49194801F02AFE2146B6
:10BC90001D4801F026FE4FF49971D5E7002EE7D13B
:10BCA00051EA0B0312D12046FDF712FF0028E7D01E
:10BCB0008AF31188BFF36F8F002603E08AF311889F
:10BCC000BFF36F8F304605B0BDE8F08FC9E9188724
:10BCD0002A46CDE9001B20465146FCF7ADFF00285F
:10BCE000EAD1D9F86060EDE797660100666E010061
:10BCF000BE4A01005D660100AB4D0100D84D010058
:10BD0000ED4D0100034E01001A4E010008B5EFF39E
:10BD100005834BB1074908483A23084A01F0E1FD81
:10BD20003A21064801F0D4FDC0E90233C0E9000021
:10BD300008BD00BFCC650100BE4A0100666E01006F
:10BD400080B485B000AFF860B9601346FB80144A38
:10BD5000FB689360124ABB689362114AFB88C3F385
:10BD60000B0399B2538861F30B0353800C4AFB8891
:10BD7000C3F30B0399B2938961F30B039381084AD0
:10BD8000FB88C3F30B0399B2938D61F30B03938587
:10BD9000044B18461437BD465DF8047B704700BF5E
:10BDA000DC030020D803002080B400AF024B18460B
:10BDB000BD465DF8047B70472815002080B584B02F
:10BDC00002AF786039607B68B3F5005F09D13B68EA
:10BDD000B3F58A7F03D03B680D4A934201D100231B
:10BDE00011E03B681B0CDAB23B681B0AD9B23B6816
:10BDF000DBB200930B467968064802F063F9064807
:10BE000002F060F9002318460837BD4680BD00BF28
:10BE1000020201007C130100BC13010080B582B056
:10BE200000AF78600921786803F0E8FD0346002B35
:10BE300008D00921786803F0E1FD0346194603485C
:10BE400002F040F900BF0837BD4680BDE013010095
:10BE500080B584B000AFFFF7A7FFB860BB68002BC8
:10BE600002D14FF0FF33A3E0BB6893F85630012BAB
:10BE700066D10921B86803F0C1FD0246BB685A616A
:10BE8000BB685B691A460921B86803F0CBFDBB6843
:10BE90005A69494B1340002B3AD0BB685B6903F0E9
:10BEA000D003002B12D0BB685B6903F0F003194686
:10BEB000424802F007F91221B86803F09FFD0346DB
:10BEC0007B607B6819463E4802F0FCF8BB685A6903
:10BED0003C4B1340002B07D0BB685A69394B1340C9
:10BEE0001946394802F0EEF8BB685B6903F020039D
:10BEF000002B07D0BB685B6903F020031946334869
:10BF000002F0E0F8324802F0DDF8B86803F0EBFD2B
:10BF1000BB685A692F4B1340002B06D00323FB81CB
:10BF2000BB68012283F857203AE0BB685969BB68B7
:10BF3000DB691A46284802F0C5F80023FB812FE090
:10BF40002121B86803F030FD0246BB68DA61BB68A6
:10BF5000DB691A462121B86803F03AFDBB68DB694A
:10BF60001946B86800F0DAFABB68DB69002B0DD01F
:10BF70002021B86803F018FD0346002B06D00323E8
:10BF8000FB81BB68012283F8572009E0BB6859692F
:10BF9000BB68DB691A46104802F094F80023FB8165
:10BFA000B7F90E30032B01D1F7F7D0FBB7F90E30FC
:10BFB00018461037BD4680BDF0F303FE1C14010087
:10BFC0003414010000F303FE441401005C1401006A
:10BFD00078140100F2F303FE8C14010080B584B0E4
:10BFE00000AF78607B6893F85630012B17D1092198
:10BFF000786803F003FD02467B685A617B685A69E2
:10C00000184B1340FB60FB68002B06D07B685B6914
:10C010001A460921786803F005FDFB681EE07B687D
:10C0200093F85630002B18D12121786803F0BCFC1E
:10C0300002467B68DA617B68DA697B689B6913403A
:10C04000FB60FB68002B06D07B68DB691A46212168
:10C05000786803F0BDFCFB6800E000231846103749
:10C06000BD4680BDF2F303FE80B582B000AF7860BC
:10C07000074A0821786803F0D5FC7B689B691A465B
:10C080002021786803F0A4FC00BF0837BD4680BDBE
:10C09000F2F303FE80B588B000AF0023FB830023DA
:10C0A0007B77FFF781FEB861BB6993F85430002BB2
:10C0B00002D1BB691B6B00E000237B61BB6993F875
:10C0C0005430002B03D1BB691B6B1B6808E0BB69B4
:10C0D00093F85430013BBA690633DB0013445B68C4
:10C0E0003B613B699B68B3F1FF3F02D101237B7742
:10C0F00065E0BB6993F85730002B60D03B695A6804
:10C100003B699B689B0013441B683B60FB7803F012
:10C110000803DBB2002B12D1BB6993F85630012B18
:10C1200014BF01230023DBB21A46BB6983F85620F3
:10C1300000BFB869FFF752FF0346002BF9D0FF2379
:10C14000FB73BB6993F85630FB73FB7B012B1ED14D
:10C15000BB695A69604B1340002B03D04FF6FB7349
:10C16000FB8310E0BB6914331B7803F00203DBB2DE
:10C17000002B08D1BB695B691946584801F0A2FF42
:10C180006FF00403A3E0BB6900225A6113E0BB69AE
:10C190001C335B7803F00103DBB2002B08D1BB69D1
:10C1A000DB6919464E4801F08DFF6FF004038EE005
:10C1B000BB690022DA61BB69002283F85720B7F916
:10C1C0001E30002B20D17B7F002B15D0BB6993F84C
:10C1D0005430002B10D1BB691B6BDB68002B0BD0DC
:10C1E000BB691B6B1869BB691B6BD968BB691B6B8F
:10C1F0009B8A1A4604F05BF97B7F3A691946B86955
:10C2000003F09DFE0346FB83B7F91E30012B02D1DC
:10C21000B7F91E305BE0BB6993F85430002B19D09E
:10C22000BB6993F85430013BBA690633DB00134411
:10C230001B7A022B0BD1BB6993F85430013BBA69CE
:10C240000633DB001344FA8B5A81F7F779FAB7F912
:10C250001E303CE001F043FFB860BB691B6BDA693C
:10C26000BB691A63BB691B6B002B14BF012300233E
:10C27000FB71B86801F03BFFFB7983F00103DBB28F
:10C28000002B01D0F7F7C6FA7B699B69002B05D01C
:10C290007B699B697A695268104698477B699B68FD
:10C2A000002B07D07B699B687A695168B7F91E201B
:10C2B00010469847FB79002B07D0BB691B6B1B68A6
:10C2C0001A460121B86903F03AFEFB791BB2184601
:10C2D0002037BD4680BD00BFF0F303FEB01401005F
:10C2E000D414010080B586B000AFF860B960134681
:10C2F000FB71FFF759FD38613B6993F85430032B0C
:10C3000002D96FF0CB037FE03B6993F854301946B4
:10C310003F4A0B465B000B449B001344BA681A600B
:10C320003B6993F854301946394A0B465B000B447D
:10C330009B0013440433FA681A603B6993F8543045
:10C340001A463B6993F85430184613465B00134471
:10C350009B002F4A1A443969831DDB000B445A6045
:10C360003B6993F854303A690633DB001344FA7999
:10C370001A723B6993F854300133DAB23B6983F89F
:10C380005420FB79032B02D0FB79012B02D13869B1
:10C3900003F08FFC3B6993F854305A1E13465B0040
:10C3A00013449B001A4A13441A460121386903F0CA
:10C3B000C6FD0346FB82FB79002B03D0B7F916308C
:10C3C000012B04D1386903F086FC0346FB823B69EC
:10C3D00093F85430013BDAB23B6983F854203B694F
:10C3E00093F85430002B0AD03B6993F85430013B4A
:10C3F0003A690633DB0013441B7A022B02D13869F9
:10C40000FFF732FEB7F9163018461837BD4680BD23
:10C410009815002080B586B000AF78604FF00073AB
:10C420007B61FB7D43F00303FB75FB7D43F0100351
:10C43000FB75BB7D23F01003BB75BB7D43F0200370
:10C44000BB75BB7D43F04003BB75BB7D43F08003F0
:10C45000BB757B691A461D21786803F06CFFFF23CA
:10C46000BB74FF23FB74FF237B74FF233B743B6986
:10C470001A461F21786803F05EFF274BFB60FB7BA9
:10C4800043F01003FB73FB681A461E21786803F023
:10C4900052FF4FF0FF33BB60BB681A46212178681A
:10C4A00003F049FF7B6818334FF0FF321A607B6856
:10C4B00003F11802137823F0010313707B6803F172
:10C4C0001802937823F0010393707B6803F118023C
:10C4D000937823F0020393707B6803F1180293783A
:10C4E00023F0040393707B6803F11802937823F020
:10C4F000080393707B6803F11802937823F010030C
:10C5000093707B689B691A462021786803F013FFBB
:10C5100000BF1837BD4680BD0060000880B584B0FC
:10C5200000AF786039603B6803F01E03002B25D014
:10C5300000221D21786803F0FEFE3A682121786808
:10C5400003F0F9FE0F4801F0BDFD0023FB600EE093
:10C55000FB68DBB21946786803F0D9FE03461A4639
:10C56000F968094801F0AEFDFB680133FB60FB6828
:10C57000222BEDDD786803F0F4FE00E000BF1037F9
:10C58000BD4680BDF81401001015010080B582B0D1
:10C5900000AF78607B68B3F5877F03D07B680C4A77
:10C5A000934201D100230EE07B681B0CD9B27B685B
:10C5B0001B0ADAB27B68DBB2064801F083FD06484D
:10C5C00001F080FD002318460837BD4680BD00BF3E
:10C5D0000102010020150100501501000CB430B516
:10C5E0008BB004460D462022002102A803F06CFF08
:10C5F0000223002D06948DF80A300C4B039312DBB6
:10C6000001D06B1E1C440FAA0E9902A80794019238
:10C6100000F09CF815B1069B00221A700BB0BDE823
:10C62000304002B070470024EDE700BF2B08010046
:10C630002DE9F0410126B24201DCBDE8F081074658
:10C640003B461F4613F8014B002CF6D0252CF8D1A1
:10C650001D780237252DF3D00023DFF8EC809C46AF
:10C660001C461F2C27D8A5F1200EBEF1100F06D8AE
:10C6700028FA0EFE1EF0010F53D12E2D3CD02E2D88
:10C6800027D8242D33D02A2D36D0BCF1000FD4D09A
:10C69000B445D5D145F020070B68A7F1650CBCF176
:10C6A000020F01D9612F42D1073323F0070308336A
:10C6B00001360B60BFE77F2CDFD96C2D23D01DD84E
:10C6C000682D27D06A2D01D04C2DDED144F4207482
:10C6D00008E0A5F1300EBEF1090FEED80A2404FBE4
:10C6E00003E3202417F8015B002DBAD1CDE7BCF19C
:10C6F000000F18D0B34218D00023F3E7742DF1D007
:10C700007A2DEFD0C1E7250648BF44F4007444F009
:10C710008004E7E7E50548BF44F4007444F48074FE
:10C72000E0E70024DEE79C46E6E76325B2E7692DF3
:10C7300002D007D8632D03D0250601D5A405B3D4B4
:10C740000433B5E7732DF6E7892801002DE9F04F92
:10C75000837893B08046D0F804909C07CDE9081206
:10C7600014D50B4600250B92187888B1252813D0D4
:10C770000133069341460135C847002880F2F4830F
:10C7800098F8023043F0040388F802304FF0FF3588
:10C79000284613B0BDE8F08F93F801A09A1CBAF1B7
:10C7A000250F0692E6D04FF0000B5E465F465C46D2
:10C7B0001F2C23D8AAF12003102B22D8DFE803F086
:10C7C0001521211B2121210B212121132118212198
:10C7D000090044F00104069B13F801AB0693BAF17B
:10C7E000000FE5D11BE044F0020444F00404F2E73A
:10C7F00044F00804EFE744F01004ECE77F2C00F26B
:10C80000F880BAF12E0F00F0D58000F2AE80BAF1B8
:10C81000240F00F0D580BAF12A0F00F0B680BBF1EA
:10C82000000F06D0099B5A460BA908980B93FFF7F7
:10C83000FFFE002E4AF02003B8BF24F0400404930A
:10C84000A3F16503BCBF0026A4B2022B04D94AF0B1
:10C850002003612B40F088826FEA0A0A0AF0200365
:10C8600007930B9B073323F0070303F108020B9296
:10C87000049A612AD3E900AB04F0400340F0E6805B
:10C88000002B079B50460CAA08BF4FF0FF360093C1
:10C89000594644F4C054334603F040FF01304FF092
:10C8A000010CDDF830A0C3B2B3420393A8BF03F17B
:10C8B000FF367023CDE9043C0AF10903122B0DD990
:10C8C0000AF16303C62B40F2F4800AF2E73340F228
:10C8D000CE7293428CBF0423032305939DF834301A
:10C8E000D80700F1E880A20700F1E880C4F3800BCC
:10C8F0004FEA4B1B5FFA8BFB13F00C0F00F0EA8042
:10C90000BBF1000F0CBF03230423BB420EDA200748
:10C91000A7EB03070BD42F4441462020C84700282B
:10C9200005F10105FFF62CAFBD42F5D10027BBF1A3
:10C93000000F07D041465846C847002805F10105B9
:10C94000FFF61EAF9DF83430AD4C13F0080FAD4B21
:10C9500008BF1C462646324616F8010B002840F058
:10C96000B0802C1B02EB040B7AE1AAF13003092BF7
:10C970003FD814F0400F4FF00A020ABF44F02004E1
:10C9800002FB063602FB073725E7BBF1000F7FF4F9
:10C9900022AF0B9A600652F8043B0B9201D51E465B
:10C9A00019E7002BA7BF44F020041F465F4244F064
:10C9B000280410E763063FF5EBAE44F040040AE7B5
:10C9C000BBF1000F3DD014F0400A099B0BA9089859
:10C9D0000CBF3A4632460B93FFF72AFE0B9B53F8E7
:10C9E000042B0B93BAF1000F01D01646F3E617465D
:10C9F000F1E6BAF16C0F16D00CD8BAF1680F19D065
:10CA0000BAF16A0F03D0BAF14C0F7FF408AF44F4C7
:10CA10002074E0E6BAF1740F3FF4DDAEBAF17A0F9C
:10CA20003FF4D9AEFBE6200648BF44F4007444F05E
:10CA30008004D0E6E30548BF44F4007444F48074F5
:10CA4000C9E65E46BB4634463746C4E6002B049B27
:10CA500008BF0626652B0ED1721C44F48054D2B256
:10CA60001346112A4FF065014FF0000228BF112331
:10CA70009446049107E0049B662B12D144F40054C1
:10CA8000B4460122112350465946CDE9002C0CAA88
:10CA900000F014FBDDF830A0C3B20393022305932A
:10CAA0000AE716F0FF02DBD16523944604930123C5
:10CAB000E9E7022311E74FF02D0B1DE74FF02B0B99
:10CAC0001AE7079B4146C01AC0B2C8470028BFF604
:10CAD00042AF55E614F4405F40F09680039B002E71
:10CAE00003F1480308BF01266B44133B039A1AB1B4
:10CAF00013F8012D302A75D014F0100F039B18BFC6
:10CB000033461AF1040F72DBB24570DA534544F430
:10CB100000547CDD0AF101069E1B2AEAEA73013308
:10CB2000BBF1000F00D00133002E72D0721C1344F1
:10CB30009F42CCBFFF1A002714F0090F03D12F44E6
:10CB4000BD426AD10027BBF1000F07D041465846CD
:10CB5000C847002805F10105FFF612AE230510D5E0
:10CB600041463020C8470028FFF60AAE079B4146E1
:10CB70000235C3F1780000F0F800C8470028FFF63E
:10CB8000FFAD200704D4AB467D195D454DD100278C
:10CB9000A10468D52AEAEA737642AAEB030A039A4B
:10CBA000013B05F1010B524589BF0CAA30205244CC
:10CBB00050799E4241DC41460493C84700280AF15F
:10CBC000010A049BFFF6DCAD5A1C09D141462E2018
:10CBD0000493C8470028FFF6D3AD05F1020B049B70
:10CBE0005D46DCE7039A013AD2B203927EE75E1E0D
:10CBF00014F4006F059A14BF0523032313448FE731
:10CC0000896E0100BB510100A10486D4F0E7002623
:10CC100083E7E20648BF01338AE741462020C84740
:10CC2000002805F101058BDAAAE541463020C84706
:10CC300000280BF1010BA8DAA2E541460393C8478F
:10CC40000028FFF69DADE6060AD5039B013307D108
:10CC500005F1020B41462E20C8470028FFF690AD93
:10CC60005D465F4412E241469DF83500C847002802
:10CC7000FFF686AD002E5DDD41462E20C847002818
:10CC8000FFF67EAD01240CAB039A4146A346A242B7
:10CC9000CABFE21830205079C8470028FFF670ADAF
:10CCA00001340CABA642EFDAAC1C5C44049B414659
:10CCB000079A981AC0B2C8470028FFF661ADBAF1CA
:10CCC000000F4146B6BF2D202B20CAF1000AC847ED
:10CCD0000028FFF655AD059B042B37D14FF47A762B
:10CCE00041460334BAFBF6F505F13000C0B2C8473F
:10CCF0000028FFF645AD06FB15AA6426414601341F
:10CD0000BAFBF6F505F13000C0B2C8470028FFF6BF
:10CD100037AD06FB15AA0A2641460134BAFBF6F5E3
:10CD200005F13000C0B2C8470028FFF629AD06FB68
:10CD300015AA12E0E40601D46C1CB7E741462E2088
:10CD4000C847002805F10204B0DA19E5059B023452
:10CD5000032BD2D0059B012BDDD10AF1300004F169
:10CD6000010B4146C0B277E7AAF16303122B00F230
:10CD7000E580DFE813F013005400E300E300E30074
:10CD8000E3005400E300E300E300E300E300FC0001
:10CD9000DD00E300E3002900E300AB000B9B01266C
:10CDA0000DF1300A1A1D1B680B928DF830302007E8
:10CDB0002CD50AEB060B54465C4529D1A5EB0A0A93
:10CDC000BF1B04EB0A0B4BE70B9B1A1D0B92D3F80E
:10CDD00000A0A94BBAF1000F08BF9A4614F0400F0B
:10CDE000504614BF31464FF0FF3103F075FB064645
:10CDF000DDE741462020C8470028FFF6C1AC013CD2
:10CE0000A642F6D32F443D1B2746D2E73C46F7E720
:10CE1000414614F8010BC8470028CDDAB0E42106DA
:10CE20000B9B32D5A2052BD5073323F0070303F163
:10CE30000802D3E900010B9224F0100B00291FFA1D
:10CE40008BFB32DA40424BF4806B61EB41010CAC5E
:10CE50000A23224603F04CFB1BF0400FA0EB040218
:10CE600000F09C802BF0010396429BB240F39F8020
:10CE7000BAF1000F40F09D802BF011039BB21FE030
:10CE80001A1D18680B92C117D6E71A1DE00519681C
:10CE90000B9201D40846F6E7A20547BF48B241F31A
:10CEA000C01108B241F3C031C6E750EA0103CED148
:10CEB0006306CCD5002ECAD124F011043246A3B2A9
:10CEC000344640F206410B426FD126E024F01004B4
:10CED0000A23A4B214F0800C0B9A4CD014F4007105
:10CEE00015BF0732101D22F007020B900FBF10680C
:10CEF00002F108010B91D2E9000150EA010247D189
:10CF000024F0160B62061FFA8BFB45D5002E43D189
:10CF100024F017043246A3B2344619075FD4D90768
:10CF200004D5A74272DD3C1BA6183C46A34650E040
:10CF300044F0100410234FF0780ACBE74AF02003A6
:10CF4000782B04D1CAF1780343F01003C2E74146BD
:10CF50002520C8470028FFF613AC41465046C84775
:10CF60000028FFF60DAC0235069BFFF7FDBB08233A
:10CF70004FF0000AAEE7111D10680B9114F4807198
:10CF8000BBD014F400711ABFC0B2614680B2B4E7DE
:10CF900024F006041FFA84FB0CAC5AE714465B46E7
:10CFA000D9068ED5BAF1000F05D10134B5E7144684
:10CFB000F6E73446F4E70234AFE741462020CDE9F6
:10CFC0000332C8470028FFF6DBAB0BF1010BDDE9AC
:10CFD00003325F45F1DC2C1B04EB0B055C46D906E4
:10CFE00016D5414630200392C8470028FFF6C8AB4B
:10CFF000039ABAF1000F32D0023541465046C84775
:10D000000028039AFFF6BCAB2E441DE016468DE7C0
:10D0100040F206410B42F7D013F0020F05F1010573
:10D020004146039214BF2B20202013F4806F18BFB9
:10D030002D20E4E7414630200392C847002805F13F
:10D040000105039AFFF69CAB731B9A42F2DB16466E
:10D050000DF1300A2EB902EB050B3F1B00E601353E
:10D06000D2E7013E414603921AF80600C84700285D
:10D07000039AEFDAFFF784BB8D6E01004146202052
:10D08000C847002805F10105FFF67AAB7B1B002B92
:10D09000F4DC69E71FB502AB074A00934FF0CC33CD
:10D0A00003F003FBDDE90201C00840EA4170C90852
:10D0B00005B05DF804FB00BFCDCCCCCC2DE9F04F22
:10D0C0009BB00F0D04460A939DF890300592C1F372
:10D0D0000A520C93C1F31303C90F07917AB950EAAE
:10D0E00003017ED10599302301274B71079B0A600C
:10D0F00043F002030B7138461BB0BDE8F08F40F2DD
:10D10000FF718A420BD10343079B059A4FF000073A
:10D1100014BF43F0080343F004031371EBE7A2F2DA
:10D12000354A43F48015234304F001024FEA850891
:10D130000CBF27F00107012748EA9478089208BF3E
:10D140007F054FEA840602BF7F0DB7FA87F77F0994
:10D15000BAF1000FC0F2B680504600F0EFF9BAF114
:10D16000030FC8BF0138049000F0F4F9049B7C3031
:10D1700016A9A3EB0A0A8244184600F07DFA12AB06
:10D1800020462946019310AB16AA029700935346F6
:10D1900003F0D4F9049B04460D46152B00F28E8053
:10D1A00014ABA94A3046414600934FF0CC33DDE939
:10D1B000109A03F07AFA149B159A9B0843EA82733B
:10D1C00003EB8303B34210D14146304600F0CAF965
:10D1D000049B83428CBF4FF000084FF001080027EA
:10D1E00015E01D46DFF864A29DE7089B002B55D192
:10D1F000013E48F1FF31F01B61F1000100F0B2F98E
:10D20000049BDDF8208083428CBF002701270C9B04
:10D21000002B40F0C880DDF8289000264FF00A0B64
:10D2200006960996DDE91001FFF734FFDDE912A348
:10D23000CDE90D01194650460F93FFF72BFF0A4623
:10D2400003460D990B908B420E9B72EB03010F9BD3
:10D2500080F0C480204629460F92FFF71BFF0B9BEE
:10D26000002E14BF4FF0000808F001080F9A0BFBC6
:10D2700010460BFB03F50D9BF6B204461093554583
:10D2800014BF002707F001070E9B0D461392119360
:10D290000B9B1293069B01330693C3E7B01C48F126
:10D2A000000100F05FF9049B83428CBF0020012045
:10D2B000B9EB00006AF10002CDE910024FF000085E
:10D2C0004746A4E7CAF1000B584600F03DF9BAF111
:10D2D000FF3F0CBF8146A0F10109ABEB090B0AEB44
:10D2E00009035846049300F035F916A9A0F17D0A08
:10D2F000584600F04FF912ABA9EB0A0A20460193F9
:10D3000010AB294616AA00935346029703F016F96C
:10D31000B9F1010F04460D460ED8089B13B94FF022
:10D32000010874E7109B4FF00108119A013B42F18C
:10D33000FF32CDE9103252E7B9F13E0FBED84FF0BF
:10D34000FF33A9F12000C9F1200103FA09F203FA21
:10D3500000F023FA01F103FA09F3024326EA030677
:10D360000A4328EA020856EA08060CBF4FF00108F3
:10D370004FF0000833E700FB02F60133A1FB001277
:10D3800032448C4275EB0206F5D2049A1344259A76
:10D390001344D20F9342B8BF13460A9A9A42A8BFC9
:10D3A0001A46914639E70A21002201230846E8E798
:10D3B0000BFB01FE0CF1010CA0FB0B01714484423C
:10D3C00075EB010EF4D2CC450DDDB9F1000F02D1A1
:10D3D00054EA050107D0012309933BE70A20002105
:10D3E0004FF0010CEBE7002F32D04FF00A0B504604
:10D3F0001946FFF74FFE0BFB00F20B9152450E90C2
:10D4000026D1002E14BF4FF0000808F00108DDE916
:10D410001001FFF73FFE8A460D9029462046FFF790
:10D4200039FE0D9A0E9B0BFB10460D4604461293D7
:10D43000F6B2CDE9102A0B9A9A460B9B1392069AE4
:10D4400001320692D3E700BFCDCCCCCCCCFBFFFFA2
:10D45000B8F1000F05D0052E03D104F00106043603
:10D46000F6B2049B069A13449846099B53B9DDE92A
:10D4700012239D4208BF944204D1089B002B49D13E
:10D48000002F47D0042E94BF0026012630194FF0FC
:10D490000A024FF000034FF0010745F10001144666
:10D4A000904271EB030537D2F6B1B9451CDA0C9BFB
:10D4B0006BB1259A08EB070313440A9A012BB8BFF6
:10D4C00001239A42A8BF1A46974291460CDD0530C7
:10D4D00008F1010807F1FF374FF00A024FF000038F
:10D4E00041F10001F3F742FB4F450FFA88F8059B25
:10D4F000A8BF4F464FF000093FB2B84408F1FF36CD
:10D5000007F105089844B9450DDB059B079A1E6095
:10D510001A71F0E50126B9E704FB03F50137A2FB18
:10D5200004232B44BCE70A220023F3F71FFB30320D
:10D5300009F1010908F8012DE5E700BF014B584347
:10D54000800C704741340100014B5843000D704777
:10D55000FB2E0B00024B5843C00C0130704700BF3C
:10D560004F93120070B50346094A00204FF0CC36A5
:10D570004FF0333506FB03F402FB0144A3FB0231F9
:10D5800021449D4275EB010401D30130F2E770BDE7
:10D59000CDCCCCCC1A232DE9F04FB0FBF3FA334EAF
:10D5A00003FB1A0389B004460D4606EB0A1653B96D
:10D5B000D6E90023C1E90023D6E90201C5E9020149
:10D5C00009B0BDE8F08F2A4A02EBC303D3E9008912
:10D5D00004AB404649460093D6E9022303F065F8C0
:10D5E00006AB83460F46404649460093D6E90023E2
:10D5F00003F05BF800238146DDE9066216EB0B06BB
:10D6000052EB070828BF012333B1049B059A01336D
:10D6100042F10002CDE9043220460391FFF79AFF60
:10D6200007461A2000FB0AF0FFF794FF3F1A324624
:10D63000434648460399009703F04EF80D4A4FEAD7
:10D64000141C640004F01E0352F82C40DC4004F06B
:10D6500003042418304641F10001DDE90423C5E943
:10D6600000414146009703F037F8A7E77016010024
:10D67000A01501003C4801002DE9F04F1A2700F1E8
:10D680001905DFF8E8A089B004460E46B5FBF7F5AA
:10D690006F434FEA051B0AEB05153A1A0AD1D5E983
:10D6A0000023C1E90023D5E90201C6E9020109B05E
:10D6B000BDE8F08F2B4B03EBC203D3E9008904AB29
:10D6C000404649460093D5E9022302F0EEFF5AF89E
:10D6D0000B206B68013ACDE9020106A963F1000352
:10D6E00040460091494602F0E0FF8A460299002335
:10D6F0008146DDE906526D18039952EB010828BFF7
:10D70000012333B1049B059A013342F10002CDE9B4
:10D7100004323846FFF71EFF07462046FFF71AFF80
:10D720003F1A2A46434648465146009702F0D4FF26
:10D730000D4A4FEA141C640004F01E0352F82C40FA
:10D74000DC4004F0030401342418284641F10001B0
:10D75000DDE90423C6E900414146009702F0BCFF21
:10D76000A3E700BFA0150100904801004017010089
:10D770007047836800EBC101B3F5004F2CBF51F82F
:10D78000220031F81200704700EBC1018068B0F54B
:10D79000004F2CBF41F8223021F81230704701228F
:10D7A00008B5FFF7E6FFD04008BD836800EBC10174
:10D7B000B3F5004F08D34B681AB143F001034B6037
:10D7C000704723F00103FAE74B881AB143F00103D5
:10D7D0004B80704723F00103FAE753000122FFF763
:10D7E000D3BF08B58368B3F5004F06D3FFF7D7FF63
:10D7F00001288CBF0020012008BD0020FCE78368C1
:10D80000B3F5004F28BF0139B1FA81F0C0F11F0014
:10D8100070472DE9F04706460D46174698462BB34C
:10D820004FF0000A98F8004093F80190DB78A400CC
:10D8300004EB430498F802301C444444CA4509D31D
:10D8400039463046AC46D8F8042008F10803BDE854
:10D85000F047604714F8013B0AF1010A204648F8F6
:10D860002340F3F79DF901300444E7E76FF015001A
:10D87000BDE8F08730B502460024002012F8013BD5
:10D8800043B178B18C4207D1702B04D0A3F140058D
:10D890003A2D07D8002030BDA3F140053A2D01D81C
:10D8A0000134EAE7252B08BF80F00100E6E70020FD
:10D8B000704700F0A8B90FB407B504A951F8040BDC
:10D8C000019100F0A0F903B05DF804EB04B07047DB
:10D8D000002383F31188BFF36F8F0423184602DF00
:10D8E00070470FB407B504A951F8040B0191FFF775
:10D8F000E0FF03B05DF804EB04B0704710B50369B6
:10D90000024613F0080009D11368D4689C429BBFFB
:10D910000120526AE31AD31A0B6010BD0023184687
:10D92000FAE713B501A90446FFF7E8FF20B1019B10
:10D93000E268013B13440193606A019BC01A0138FD
:10D9400002B010BD10B5044650182269636AD207B0
:10D9500002D5013B184010BD984228BFC01AFAE713
:10D9600010B504460A46C168FFF7ECFF2369E06082
:10D9700023F00803236110BD38B50D46026A8B0001
:10D98000016843F00203044642F8213001682A4648
:10D99000FFF7D8FFE3686168984208BF23692060F9
:10D9A00008BF43F008032A46204608BF2361FFF75B
:10D9B000C9FF606038BD2DE9F74F0F460021D0F850
:10D9C0000CB0066A009216F82B209A4602F0030269
:10D9D000022A14BF894656F82B2006EB8B030193CD
:10D9E000009B08BFC2F39D0919600446CAF80010E5
:10D9F000B9F1000F07D04946FFF7B2FFE368A36013
:10DA00004FF0010804E001698A0705D44FF00008CF
:10DA1000404603B0BDE8F08FC16906EB8B00884734
:10DA200016F82B10054611F00108EFD08B071DD515
:10DA30001FB139462046FFF79FFF61682A462046FE
:10DA4000FFF780FFD4E902138B42606007D12A46BA
:10DA50002046FFF777FF4FF000080146A0602369DA
:10DA6000216043F00803E1602361D1E701462046CD
:10DA7000FFF776FFE168A1601FB12068216A41F8D5
:10DA80002090EA19CAF8002021682046FFF75AFFC3
:10DA90002269206042F00802226116F82B2022F051
:10DAA000010206F82B20DDE900321A60A8E770B504
:10DAB00004461546FFF746FF2368834205D12369D4
:10DAC000216023F00803236170BD226AAB0043F09C
:10DAD000020342F8213061682A462046FFF732FFF0
:10DAE0006060F1E738B5036904465B0706D5856ACF
:10DAF000FFF717FF85422CBFA562A06238BD838B5C
:10DB000013F0070306D10368002B18BF032008BFDA
:10DB100000207047022B05D1C08BB0FA80F040097D
:10DB200080007047012B04D10368002B18BF05202B
:10DB3000EDE70020704710B50C4600B111B96FF049
:10DB4000150010BD081D00F02FF80028F9D1A368BA
:10DB5000032BF6D9F3E72DE9F0410D4607461946A8
:10DB6000281D90461E46F4F761FE044638B1334640
:10DB7000424629463846A446BDE8F0416047BDE824
:10DB8000F08138B50C46054658B151B10B6843B128
:10DB90004B6833B12022002102F096FC00202C615A
:10DBA00038BD6FF01500FBE7034658B1426802F03C
:10DBB0000302012A03D0032A04D1026812B1002013
:10DBC000986070476FF015007047704703785B07E7
:10DBD0005FBF03684288C3F34A2303EB12105DBFA3
:10DBE000173020F0070080080020704700207047A1
:10DBF00000F007BC0346D3E8EF0F421CC3E8E12F57
:10DC00000029F8D170471FB50023CDE902011A465B
:10DC100019461846CDE90033F5F77AFA05B05DF8F4
:10DC200004FB0120F4F742BF002070474368DA711B
:10DC300001224368196043685A71F4F729BF70B52F
:10DC400015460C4669B1D2E901369B1B99420AD8A8
:10DC500013680A460146981902F029FCAB68234470
:10DC6000AB60204670BD6FF01B00FBE770B50E4641
:10DC700015461946044618B9BDE87040F4F716BFBA
:10DC800033B1C2F34A231030120D184402F00FFCD6
:10DC9000C4E900562046BDE87040F5F785B92DE986
:10DCA000F3415F1C4FEA8708064608F1170020F091
:10DCB000070080080C461546F4F7A6FF00238DF8F0
:10DCC0000470ADF805308DF8073068B10346019A4D
:10DCD000A8F1040143F8102F2A46294452F8045BA6
:10DCE0008A4243F8045FF9D100233146A20102F4CD
:10DCF000E07242EA482222F07F4222F4700222F0CF
:10DD00003F0202B0BDE8F041FFF7B0BF07B5012305
:10DD1000019201AAFFF7C3FF03B05DF804FB07B54A
:10DD2000CDE9002302236A46FFF7B9FF03B05DF88F
:10DD300004FB1FB5CDE90123069B01AA039303232E
:10DD4000FFF7ADFF05B05DF804FBF8B506460D46DC
:10DD500014461F4604B9F8BD214628463A46B04746
:10DD6000241A0544F6E710B542680446D2E90023B8
:10DD700081680068FFF7E9FF002263681A6010BD40
:10DD80000A2838B504460D4602D10D20F5F75EFA93
:10DD900029462046F5F75AFA002038BD2DE9F04310
:10DDA000054689B008460E8891F800900C46D1F8D7
:10DDB00008801746F5F71EFA011EC6F38216C9F34E
:10DDC000C2091FDB4846F5F701F90346214651F821
:10DDD000102B6088C2F34A22002A01EB020408BF1C
:10DDE00000210022C0F30B10CDE90507CDE9031493
:10DDF00028464146CDE900220296F5F753FA09B0CC
:10DE0000BDE8F0830023E1E7436800201B685B68FE
:10DE10001961704701212DE9F04143681B685A6878
:10DE200011751D682F68D5E90136D3E900481CB982
:10DE30006B681C60BDE8F081214630464246B84719
:10DE4000241A0644F3E743681B681868F5F780BB9B
:10DE500070B543680C461D686B681869F4F702FEDC
:10DE6000214603460F222868BDE87040184700236A
:10DE7000182230B5083090F83440D9B28C4202D81C
:10DE80004FF0FF3005E003FB0225455D591C0DB145
:10DE900058B230BD0B46F0E7F0B5044671B3B0F8A8
:10DEA00082308B422CD3B4F8743090F87600B4F8FA
:10DEB00072205843B4F870301426434302FB03F039
:10DEC00085074FF000051CBF20F003000430013926
:10DED0008D4200DBF0BDD4F8842006FB05221789B3
:10DEE000937A01357B439788D2887B4353439A07C3
:10DEF0001CBF23F0030304331844E9E70846E9E7AD
:10DF00004FF0FF30E6E72DE9F74FB0F8723090F8A8
:10DF10007650044615FB03F50F460B464FF00008FC
:10DF2000B0F87E90D0F840A0ADB2B4F874101FFAEB
:10DF300088F2914223D82368B3F5813F0BD3B4F81C
:10DF4000823043B100252368B3F5813F03D3B4F891
:10DF500082309D4215DB03B0BDE8F08F5146184674
:10DF60002A4602F0A4FA0346CA442B440136B4F808
:10DF70007010B2B29142F1D808F10108D5E700263D
:10DF8000F5E714236B43D4F884200135E9B2204629
:10DF9000D61852F80390FFF77FFF4FF00008B27ACF
:10DFA000F188B6F812A012FB01F23B1892B2308948
:10DFB0001FFA88F18842C6D94FF0000B0AE04946A3
:10DFC0001846019202F073FA0346019AD1441344B1
:10DFD0000BF1010BB0881FFA8BF18842EFD808F1E2
:10DFE0000108E4E77FB504460D461646016DC26D93
:10DFF00001A801F02DFDF5F7AFFBC8B12946204679
:10E00000F5F71EFB024630B1F5F7E6FB6FF0C905E8
:10E01000284604B070BD022101A802F0FFF80546B1
:10E020001EB131462046FFF76EFFF5F7D5FBEFE74F
:10E030006FF0CA05ECE770B505460024B5F86C2012
:10E04000A3B29A4201D800200BE0A86EA3B21E0131
:10E0500000EB03131A7B012A04D0022A09D04FF0E7
:10E06000FF3070BD8059D3E9012102F02DFA01344F
:10E07000E4E75A68815922F001020A449142F6D03D
:10E08000986821F8020BF9E702F09DB870B50C46CC
:10E09000054601F08BFDF5F739FB28462346BDE820
:10E0A00070400021184770B50C460546F5F71AFB7D
:10E0B00001F06EFD28462346BDE870400021184758
:10E0C000FDF7C6BE0FB407B504A951F8040B0191C2
:10E0D000FFF7EFFB03B05DF804EB04B07047EFF31C
:10E0E0001180202383F31288BFF36F8F704780F372
:10E0F0001188BFF36F8F704702F0E6B902F0D7B90D
:10E1000001460068F5F7FABB08B5F5F787FCBDE8EE
:10E110000840F6F7ABB80A460121FFF7F7BD00212A
:10E120000120F5F7EBBB836E83F30B887047F6F79E
:10E1300047B861B662B680F31188BFF36F8F70473E
:10E1400072B6002383F31188BFF36F8FBFF34F8F35
:10E1500030BF62B6BFF36F8F704772B6002383F390
:10E160001188BFF36F8FBFF34F8F20BF80F31188EB
:10E17000BFF36F8F62B6704740E800F313F4803F3F
:10E18000D8B208BF6FF01500704730B50C684B6807
:10E1900085B00A894D890094013B24F01F04234473
:10E1A00002F01F0242EA451223F01F0369468DF870
:10E1B00008200393F6F72AF905B030BD08B5D1E978
:10E1C00004319847002008BD08B5F6F7A5FB0020EC
:10E1D00008BD00230A46194682B0009302B0F6F744
:10E1E000B1BC0123F6F7AEBCF8B5069F054604693D
:10E1F000C9B2EFF3118C202080F31288BFF36F8F28
:10E200000C2606FB0146B06E00F0070EBEF1010FB2
:10E2100010D1B76600268CF31188BFF36F8F3EB91B
:10E220000C2041430C44C4E918236B685B589847A1
:10E230003046F8BD00F0C00087420CBF6FF0770693
:10E240004FF0FF36E7E713B580240094FFF7CCFFCB
:10E2500002B010BD0069CBB200EB431000211047A3
:10E260000220F7F7E9BE0220F7F71CBF1046F9F7C6
:10E2700041BEF7F7CBBFF7F777BF8022F6F7E4BDD3
:10E28000436800205B68DB680B607047436802EA04
:10E2900001005B6821EA0201586000209960704724
:10E2A000436800205B6859607047436800205B68E2
:10E2B0009960704743685B681A6821EA0200114060
:10E2C0005860002099607047F8F776BD30B5436814
:10E2D0001360057A446804EBC504A34202D36FF0CF
:10E2E000010030BD5C7908338C42F1D10020F8E7A1
:10E2F00043681B68D3F83031704743681B68D3F814
:10E300008004C3F88004704742681368D3F84C0156
:10E3100050B10020926A12780A70C3F84C01D3F809
:10E320004C2101229A6270474FF0FF30704713B5BD
:10E3300001AA0446FFF7CAFF002805DB019B2268FB
:10E3400019791868F7F7E2F902B010BD38B505463B
:10E3500000220121C620F5F7ADFEC620F5F77AFEB2
:10E360006C680121E068FFF7E2FF6B681968636978
:10E37000C1F82435E28BA38BA07E1343228C134378
:10E38000628C1343627E9BB20243207E024313439E
:10E39000C1F86C3569680B68D3F8002242F480221A
:10E3A000C3F800220822C3F800254A6A0121C3F8F5
:10E3B0003C270022C3F840271965D3F83011002903
:10E3C000FBD0C3F800256D680021E8682C68FFF7D2
:10E3D000AEFF0823C4F800352A7A52B9AB6AC4F8F4
:10E3E00004370123C4F80837C4F84C21D4F84C2171
:10E3F000A362002038BD08B50220F6F773FE0020A6
:10E4000008BD08B5F8F7BCFE08BD08B5FCF7D4FB9D
:10E4100048B1002383F31188BFF36F8F042318469C
:10E4200002DF6FF0040008BD03460020184700F02B
:10E43000B4B9024610B5116891B1B1FA81F3C3F1D4
:10E440001F000123834021EA0303D2E8EF4F8C42EF
:10E4500004D1C2E8EC3FBCF1000FF6D1EBD110BD06
:10E460006FF00B00FBE710B50368CB40DB0710D45F
:10E4700001238B40026843EA0201D0E8EF4F944247
:10E4800004D1C0E8EC1FBCF1000FF6D1F2D100209E
:10E4900010BD6FF01500FBE70023F7F713BC41F246
:10E4A000640200F13043A3F50A2393428CBF80231A
:10E4B0004FF4807341F0004119500020704738B587
:10E4C0000D46044600F04AF801462846F7F7F4FCEA
:10E4D000011E05DB2046C9B2FFF7E1FF002038BD71
:10E4E0006FF01500FBE7F8B5164641F2640200F143
:10E4F0003043A3F50A2393428CBF80234FF48073EB
:10E50000C3580746002B0D4622DB01F13043A3F52B
:10E510000A2393428CBF80234FF48073CB58002B87
:10E5200016DB00F01BF80446284600F017F83246C8
:10E5300001462046FFF7B0FF044660B9316838460F
:10E54000FFF7BDFF28463168FFF7B9FF2046F8BD49
:10E550006FF01504FAE76FF00B04F7E7C0F38240A1
:10E5600001387047F7F70ABD08B5F7F753FFF7F71B
:10E5700069FEBDE80840F8F70FB810B50446084634
:10E58000F8F736F804EB4004207DC0F3401010BDCE
:10E5900010B504460846F8F72BF804EB4004A08AAF
:10E5A00000F01C00003818BF012010BD10B5044653
:10E5B0000846F8F71DF804EB4004207DC0F3400046
:10E5C00010BD10B50446FFF7F1FF20B12046BDE8AD
:10E5D0001040FFF7D2BF10BD10B504460846F8F74B
:10E5E00007F804EB4004A08A400B10BD70B5044648
:10E5F00008461646F7F7FCFF083034F810300D4691
:10E60000DA0509D5C3F3432304EBC3023146284698
:10E6100054F8333052689847A3682BB131462846E6
:10E62000E268BDE87040184770BD2DE9F341174618
:10E63000DDE90858019001A80C461E46F8F71CF8C1
:10E64000019B391E18BF012100EB8300231E18BF58
:10E650000123002E43EA41030CBF00210C21002DB1
:10E6600043EA01030CBF00214FF47061B8F1000FC1
:10E6700043EA01030CBF00214FF44031D0F8802061
:10E680000B4322EA030304B124780FB13F787F00E3
:10E690001C430EB13678B6003C438DB1297809028F
:10E6A0003443B8F1000F03D098F800804FEA0848CF
:10E6B000214341EA0801C0F8801002B0BDE8F081B2
:10E6C0002946EDE71FB50DF10F03019300238DF8E7
:10E6D0000F101A4619460093FFF7A7FF05B05DF823
:10E6E00004FB2DE9F04700250446884617462E46D0
:10E6F0004FF00109AA46BE420CD1D4F8443133B1DF
:10E700000023C4F84431D4F8443145F40035284698
:10E71000BDE8F087F0B2F7F7E1FFA0F580739B0842
:10E7200009FA03F318EA030F05D022581AB144F886
:10E7300000A022581D430136DDE738B504460D46DA
:10E74000FFF71BFFA8B12046FFF730FF88B920462E
:10E75000FFF742FF012322688340C2F81833236881
:10E7600003EB8000D0F8103523F00303C0F8103518
:10E7700038BD2846BDE838400021FFF7A3BF4FF061
:10E78000FF31F8F71DBC08B5F8F72AFFBDE80840CF
:10E79000FFF7EABEC9B2F8F799BF08B1F6F736B984
:10E7A000704740B1C368587810F001001EBF187858
:10E7B000B0FA80F040097047EFF31183202383F310
:10E7C0001288BFF36F8FFEE790F90E308B4201D0B5
:10E7D000FAF706BB002070473AB18A4205D3C0E978
:10E7E0000212C0E90000002070476FF0150070476A
:10E7F000012302688B4022EA0303036022FA01F03E
:10E8000000F00100704720B10022D4301146FAF721
:10E81000A1BF704710B5F9F711FE041E08DDEFF334
:10E820001180202383F31288BFF36F8FFAF7B2FBB6
:10E83000204610BDEFF30580003818BF0120704757
:10E840006FF05700704700207047D0E90032136026
:10E850005A600023C0E90033704738B504460D46BE
:10E86000F9F7EAFF237C43F002032374D5B1A560D6
:10E870002B689D4209D16B68C4E900531C606C6031
:10E8800010E06A689A42F6D01B68002BF3D093F927
:10E890000E1094F90E209142F3DD5A68C4E900325B
:10E8A00014605C6038BD10B5037C044613F0280F7B
:10E8B0000CD183680BB1FAF797F8237C204623F03C
:10E8C00004032374BDE81040F9F74EBF10BDFAF7FA
:10E8D00045B808B5C3171F3043F10003400940EAAB
:10E8E000C360C117FAF7E4FC400108BD08B5024651
:10E8F000FBF70CF970B1D0E904319B1A61EBE272BD
:10E90000B3F1004F72F1000104DA002AACBF1846DF
:10E91000002008BD6FF00040FBE708B5FBF730FBB7
:10E9200008BDFBF72DBB0023C0E9081200F1180257
:10E93000C0E90622C0E900330363436370477047B0
:10E9400037B59DF81C5014466B071DD001AB6A46C5
:10E9500089B2FBF719FE2046E90744BF009B40F847
:10E96000043BAA0744BF019B40F8043B6B0707D553
:10E97000DDED017A9DED007A77EEC77AE0EC017A61
:10E98000001B801003B030BD1046F9E710B500241D
:10E99000049A89B21474FBF757FF204610BD10B5D6
:10E9A000039B144613F0080307D0049A89B200F0C1
:10E9B000A3FA012084ED000A10BD1846FCE710B54B
:10E9C000039B144613F0100307D0049A89B2FBF797
:10E9D000ADFD012084ED000A10BD1846FCE730B5FE
:10E9E00085B09DF82450144615F0600F17D0002311
:10E9F0000A9ACDE90133039389B201AB00F0B1FA71
:10EA00002046AA0644BF029B40F8043B6B0602D591
:10EA1000039B40F8043B001B801005B030BD10463E
:10EA2000F9E710B59DF90C301446002B07DA049A6B
:10EA300089B200F07BFB012084ED000A10BD0020AC
:10EA4000FCE710B59DF80D30144613F0010307D014
:10EA5000049A89B200F034FB012084ED000A10BD55
:10EA60001846FCE710B59DF80D30144613F002036C
:10EA700007D0049A89B200F052FA012084ED000A0E
:10EA800010BD1846FCE710B59DF80D30144613F084
:10EA9000040306D089B200F07FFB012084ED000A58
:10EAA00010BD1846FCE72DE9F04786B09DF83D40C3
:10EAB0000646DDE9118914F0300F0F46154630D0B7
:10EAC00014F0100A06D005AB009301224B460C212E
:10EAD0000020C04714F0200406D005AB00930122AB
:10EAE0004B460D210020C047DDED057AFCEEE77AAC
:10EAF00004AB3046009317EE902A03ABB9B2FBF794
:10EB0000FBFD2846BAF1000F02D0039B40F8043BFE
:10EB100014B1049B40F8043B401B801006B0BDE8D4
:10EB2000F0871046F8E710B59DF80D30144613F045
:10EB3000400307D0049A89B200F0CBF9012084ED9C
:10EB4000000A10BD1846FCE710B59DF90D301446BB
:10EB5000002B06DA89B2FBF78BFC012084ED000A5A
:10EB600010BD0020FCE7F0B587B09DF836300546B3
:10EB700013F001030E46144619D005AB01221021F3
:10EB8000002000930F9F109BB847DDED057AFDEE46
:10EB9000E77ACDED037A28460E9B9DF90C20B1B2A1
:10EBA00000F0A4FA012084ED000A07B0F0BD184679
:10EBB000FBE7F0B587B09DF83630054613F0020349
:10EBC0000E46144619D005AB0122112100200093F6
:10EBD0000F9F109BB847DDED057AFDEEE77ACDED8E
:10EBE000037A28460E9B9DF90C20B1B200F07EFA04
:10EBF000012084ED000A07B0F0BD1846FBE710B510
:10EC00009DF80E30144613F0080307D0049A89B219
:10EC100000F0FAF9012084ED000A10BD1846FCE767
:10EC2000F0B587B09DF83630054613F010030E4658
:10EC3000144619D005AB01221421002000930F9F28
:10EC4000109BB847DDED057AFDEEE77ACDED037A4E
:10EC500028460E9B9DF90C20B1B200F0F7F9012077
:10EC600084ED000A07B0F0BD1846FBE710B59DF82B
:10EC70000E30144613F0400306D089B2FBF7A2FD14
:10EC8000012084ED000A10BD1846FCE730B585B0C0
:10EC90009DF827501446AB0717D0002301AA019313
:10ECA0000293039389B20A9BFBF700FC2046EA0714
:10ECB00044BF029B40F8043BAB0702D5039B40F8DE
:10ECC000043B001B801005B030BD1046F9E713B5BA
:10ECD0000C4600F066FBA368216882B200930846E8
:10ECE0006368019200F003F8002002B010BD30B557
:10ECF000BDF81050039C954222D101EB8505A94235
:10ED000000D130BDF3EC016AF0EC017AF4EEE76A71
:10ED1000F1EE10FAB4EC017A0FDCB4EE677AF1EEA2
:10ED200010FA48BFF0EE477A77EEE67A37EE667A69
:10ED3000C7EE876AE1EC016AE1E7F0EE667AF3E795
:10ED400093ED007AD4ED006A01EB82029142D8D0B3
:10ED5000F0EC017AB4EEE77AF1EE10FA0FDCF4EEA3
:10ED6000676AF1EE10FA48BFF0EE667A77EEC77A7E
:10ED700076EEC75A87EEA56AA1EC016AE6E7F0EEE7
:10ED8000477AF3E708B5806BFBF706FE003818BF3B
:10ED90000120404208BD37B5044690F84430C56BA9
:10EDA000DB0745BF828B038C036B12FB03F24DBF65
:10EDB000816A19681A8A92B20B46806B019100F041
:10EDC00052FA2A460199A06B00F048FA003818BFA1
:10EDD0000120404203B030BD08B58B070AD1438AF9
:10EDE000406AB2FBF3F200F0F6F900280CBF0020F5
:10EDF0007E2008BD6FF00500FBE708B5028B438A53
:10EE0000D0E9081000F016FA002818BF6FF00100D2
:10EE100008BD10B448B141B162B1448B944209D8E5
:10EE2000C36D5DF8044B083018476FF002005DF8C1
:10EE3000044B70476FF00100F9E738B50446B0B1F4
:10EE4000036E016B08309847054670B92046A36EE3
:10EE50009847054648B9E36E04F134009847236F9C
:10EE600004F1480104F13C009847284638BD6FF092
:10EE70000205FAE7008C7047B0F840007047006860
:10EE8000704708B50346FBF78DFA1B79C0B21B1A11
:10EE90005842584108BD10B5044660B1FFF7F1FF74
:10EEA00060B1A36D04F10800984730B92046636E45
:10EEB000BDE8104018476FF0020010BD6FF006006B
:10EEC000FBE7836882891946406800F00CBA01F0BC
:10EED00022BC10B50C465AB1137C1B0708D592ED25
:10EEE000000A07EE904AF8EEE77A80EE270A10BD96
:10EEF0002146FBF7A5FAF4E710B50C465AB1137C8E
:10EF0000DB0708D592ED010A07EE904AF8EEE77AA2
:10EF100080EE270A10BD2146FBF76AFCF4E700B536
:10EF200007EE901A2DED028BB8EEE78A83B07AB126
:10EF3000137CDB070CD592ED017AC7EE087AB0EEB0
:10EF4000670A03B0BDEC028B5DF804EB00F0FCB87F
:10EF5000CDE90001FBF74CFCDDE90001C0EE087AC9
:10EF6000EDE71FB51446002B4CD04AB1127C02F0DD
:10EF70000502052A46D8DFE802F003284545321885
:10EF80002246CDE901010393FBF732FC02992246A8
:10EF900007EE901AF8EEE77A80EE270A039B0198B5
:10EFA00004B0BDE81040FBF711BB07EE901A94EDDA
:10EFB000010AF8EEE77A1A46D4ED030A80EE270A32
:10EFC00004B0BDE81040FBF753BB07EE901A94ED78
:10EFD000010AF8EEE77A224680EE270AE0E72246A9
:10EFE000CDE901010393FBF703FC0299039B07EEB4
:10EFF000901AF8EEE77A1A46D4ED030A80EE270A53
:10F000000198DDE704B010BD00B507EE901A2DEDB4
:10F01000028BB8EEE78A83B07AB1137CDB070CD59C
:10F0200092ED017AC7EE087AB0EE670A03B0BDEC44
:10F03000028B5DF804EB00F029B8CDE90001FBF785
:10F04000D7FBDDE90001C0EE087AEDE730B52DED24
:10F05000028B08EE102A83B004460D461A4601932F
:10F0600000F064F8F8EEC87A29462046019A27EEA7
:10F07000808AFFF741FF294638EE000A204603B098
:10F08000BDEC028BBDE8304000F000B8002300EB7F
:10F09000810290420AD107EE903A07EE101AF8EE7C
:10F0A000677AB8EEC70A87EE800A7047F0EC017AFB
:10F0B000F4EEC07AF1EE10FAC4BF01339BB2E8E778
:10F0C00010B50C4672B1137C9B070BD592ED020A6A
:10F0D00007EE904ABDE81040F8EEE77A80EE270A86
:10F0E000FFF7F5BE2146FBF799FBF1E730B52DEDB3
:10F0F000028B08EE102A83B004460D461A4601938F
:10F1000000F014F8F8EEC87A29462046019A27EE56
:10F11000808AFFF7F1FE294638EE000A204603B048
:10F12000BDEC028BBDE8304000F00EB808B542B12E
:10F13000137C5B0705D592ED030ABDE80840FFF795
:10F14000C6BEFBF79DFBF8E7F0EC017A77EEC07ADC
:10F1500017EE902A0023013930B5D20F8DB255B980
:10F1600007EE903A07EE101AF8EEE77AB8EEC70A03
:10F1700087EE800A30BDF0EC017A77EEC07A17EEA8
:10F18000904AE40FA24218BF013305F1FF35224631
:10F1900018BF1BB2ADB2E2E7002330B550F8044B04
:10F1A00001398AB2E40F52B907EE903A07EE101A0D
:10F1B000F8EEE77AB8EEC70A87EE800A30BD50F85D
:10F1C000045B013AED0FAC4218BF01332C4618BF67
:10F1D0001BB292B2E7E72DE9F047C3888488054661
:10F1E000D0F800E0E01A80B2904294BF1E189E183A
:10F1F0002F89B2B24FEA8708934217D1E41AA0B21E
:10F20000002814BF1A460022EA80BDE8F0875CF8A7
:10F2100004AB0EEB80092044C9F800A0013680B28F
:10F22000B742F4D8013341449BB2E5E718468C4617
:10F230000026F5E760B159B1012A0CD95BB1828093
:10F2400000229BB20160C280038143811046704757
:10F250004FF0FF3070476FF00100704708B5FEF7C0
:10F26000C1FE40B208BD2DE9F0410D46074690466B
:10F270001E46FEF7FCFD012104B204EB440407EB3B
:10F28000C404A37F6FF07F029940182303FB00772B
:10F2900007EE901A97ED067AF8EE677AB8EE477A9D
:10F2A0002946C7EE876A701E05EB8808414501D1E3
:10F2B000BDE8F08194F91F30B1EC016A07EE903A95
:10F2C00086EE267AF8EEE77A77EE877AFDEEE77A31
:10F2D00017EE903A9342B8BF13467F2BA8BF7F2307
:10F2E00000F8013FE2E770B50124D0ED1E7A90F8F6
:10F2F0007C50B8EE677AAC4007EE904AF8EEE77AB9
:10F3000090F87640C7EE276A042C12D1013A00D259
:10F3100070BD90F97D6051F8224003EB8205A41B7B
:10F3200007EE904AF8EEE77A67EEA67AC5ED007A26
:10F33000ECE7012CECD1013AEAD38C5690F97D60D0
:10F3400003EB8205A41B07EE904AF8EEE77A67EE1E
:10F35000A67AC5ED007AEEE770B50128049C0ED1BF
:10F36000A1F10800012803D89B681B68236070BDC9
:10F370000A39012903D89B685B686360F7E7214677
:10F380005D6804EB8204C1EB8506A14202D11544FD
:10F390005D60ECE7186808443044006841F8040BED
:10F3A000F3E72DE9F04F838A95B00C930B688A46FA
:10F3B0000A93CB68068B1193002390F81CB0B2001F
:10F3C000CDE912330B92056A0BF1FF320A9C0893C8
:10F3D00011AF0E920C9A08998A4205D80A9BE01A3E
:10F3E000801015B0BDE8F08F5A1C0692DAF8142090
:10F3F000504602EBC303D3E90089CDE902474246F8
:10F400004B46CDE90056FBF7DFFA04EB8004424699
:10F410004B46CDE902475046CDE90056FBF702FBCB
:10F4200004EB8004CDE9024742464B465046CDE905
:10F430000056FBF737FB04EB8004BBF1000F53D001
:10F44000B6FBFBF399B20BFB13639BB20D93069BC8
:10F4500005950993002307930E9B079A5046934204
:10F4600008BF0D9B099A08BFC918DAF8143008BF05
:10F4700089B203EBC203D3E90089059B4246CDE97B
:10F480000247019100934B460F91FBF79DFA0F99AC
:10F49000059B04EB80044246CDE9024701910093AD
:10F4A00050464B46FBF7BEFA0F99059B04EB8004D0
:10F4B000CDE902470191009342464B465046FBF787
:10F4C000F1FA059B0F9904EB800403EB810305938C
:10F4D000079B01330793099B01330993079B9B45C6
:10F4E000BAD8069B5B4406930B9B1D44089B0133D3
:10F4F0000893069B6EE710B5836A04461BB1012191
:10F500002430FBF7F3FB0020A06210BD38B50446A1
:10F51000FFF7F1FF237F012B0FD0023B012B0FD808
:10F52000236A012B14BF6FF0960500252C220021C1
:10F53000204600F0C9FF284638BD236A002BF1E7BA
:10F540006FF09605F2E7FBF735BC70470020704777
:10F55000002070474FF0FF324FF0FF33F8F710BB39
:10F56000F8F7D6BB0A2842DCC31C1FDA10F1400FA3
:10F5700045D010F13F0F2BDA10F1410F42D010F1BE
:10F58000550F42D010F1490F14BF6FF086006FF095
:10F590008400704709282DD8DFE800F0052C2C2FB7
:10F5A000172C372C2C3A6FF09800704703300D2839
:10F5B00020D8DFE800F00A331F221F1F1F1F1F1F64
:10F5C000071F1F076FF0940070476FF085007047AA
:10F5D00010F1210F1FD00DDB10F1200F1ED010F104
:10F5E000100F14BF6FF086006FF0940070476438FE
:10F5F0000928CFD96FF086007047002070476FF060
:10F60000840070476FF0890070476FF09300704777
:10F610006FF08C0070476FF0880070476FF09200B9
:10F62000704710B501380A44914200D110BD10F85E
:10F63000013F11F8014B63400370F5E7014481423B
:10F6400000D1704711F8013D1A440A70120AF6E71A
:10F6500007B501A9FBF770FC003818BF012003B003
:10F660005DF804FB30B589B0054618220C4601A8A8
:10F67000002100F029FF012344EA052401A9BA2052
:10F6800007940593FBF7F8FB002818BF6FF0920072
:10F6900009B030BDF7B5BA2001A9FBF74DFC04460F
:10F6A00010B1002003B0F0BD019D2F0AEDB2AC42B5
:10F6B00005D1BA20FBF726FC0028F2D008E0E619B5
:10F6C0003046FBF71FFC30B13046FFF7C1FF10B9E1
:10F6D0006FF09200E6E70134E9E708B5F820FFF79C
:10F6E000B7FF18B9F920FFF7B3FF10B16FF0920020
:10F6F00008BDF820FBF7F8FB0028F7D1F920FBF74D
:10F70000F3FB0028F4D0F1E710B5037804461BB1F1
:10F71000FBF71AFB00232370002010BD0368D86894
:10F72000C0F300407047036803F58053586A00F443
:10F73000A020003818BF01207047022203689A6099
:10F7400070470368D868FBF7A7BF024608B513687F
:10F7500003F580535B68C62B09D01046FFF7DEFF28
:10F760000028F4D11046BDE80840FFF7EABF6FF06B
:10F77000010008BD03685A5070470369986E7047CE
:10F7800010B50446FFF7F9FFC2684AB142F42022DF
:10F790002046BDE81040002142F40062FFF7EABFB6
:10F7A00010BD10B50446FFF7EBFFBFF35F8F0322D8
:10F7B0002046BDE810400821FFF7DCBFC0F30B0373
:10F7C000482B4B6028BF482310F4003F8B6008BFD4
:10F7D0000023CB6010F4803308BFC1E9013300F48B
:10F7E0007003B3F5700F14BF00238B6800284FF02F
:10F7F000010C4FF008028B60B8BF0023C1E905C2BD
:10F80000B8BFC1E905337047F7B506460D46202D50
:10F810002F46A8BF202700216846FBF749FD044674
:10F8200070B93A4631466846FBF794FD10F1520F25
:10F83000044608D0431CF4D06846FFF765FF34B196
:10F84000204603B0F0BD6846FFF75EFFE3E7EC1B20
:10F850003E44F5D02546DAE7FCF758BA07B54FF035
:10F86000FF334FF0FF32CDE90023002200F048F8CB
:10F8700003B05DF804FB00F03FB800F039B8FFF7C3
:10F8800028B810B58B4294BFC4184418A04200D1C8
:10F8900010BD00F8012BF9E700231A4682B0019051
:10F8A0008B4201D102B070470198C2540133F7E78F
:10F8B00010B50B680446D0E9180212F0010F03EAF4
:10F8C000000301D0984211D183B12366520748BF8B
:10F8D0004A6804F1180044BF1A434A60FAF720FA54
:10F8E00000232046C4F88030FEF7DDFF002010BD65
:10F8F0004FF0FF32FCF71EB90A460021FCF71AB997
:10F900005200FCF761B980B586B000AFF860B9600D
:10F9100011461A460B46FB8013467B71FB88032B6E
:10F9200008D9FB88B3F5007F04D8FB8803F00103F6
:10F93000002B02D06FF0010300E00023FB82B7F937
:10F940001630002B02DAB7F9163023E000F026F863
:10F95000FB881A46B968F868FCF7F2F938613B6928
:10F960001B88013319467B79002B01D07B7900E09D
:10F9700001231A463869FCF7B5FC0346FB8297F869
:10F98000203083F00103DBB2002B01D0F3F724FF1A
:10F99000B7F9163018461837BD4680BD80B500AFA0
:10F9A000F3F7DAFE00BF80BD80B483B000AF7860AB
:10F9B0000B46FB707B681A68FB7803F5E0739B00CD
:10F9C00013441B6818460C37BD465DF8047B70472E
:10F9D00080B485B000AFF8600B467A60FB72FB68BC
:10F9E0001A68FB7A03F5E0739B0013447A681A6087
:10F9F00000BF1437BD465DF8047B704780B483B008
:10FA000000AF78600B46FB707B681A68FB7803F5E3
:10FA1000A0739B0013441B6818460C37BD465DF865
:10FA2000047B704780B485B000AFF8600B467A6005
:10FA3000FB72FB681A68FB7A03F5A0739B00134402
:10FA40007A681A6000BF1437BD465DF8047B7047C2
:10FA500080B584B000AFF860B9607A60FB68002BB5
:10FA600005D0BB68002B02D07B68002B02D16FF061
:10FA70000C030BE00C220021F86800F025FDFB6868
:10FA80007A681A60FB68BA685A6000231846103713
:10FA9000BD4680BD80B582B000AF78604FF0FF32C8
:10FAA00009217868FFF7BEFF00BF0837BD4680BD5B
:10FAB00080B584B000AF786010217868FFF79EFFB2
:10FAC0000346FB60FB6823F00F031A461021786899
:10FAD000FFF7A8FFF02209217868FFF7A3FF00BF16
:10FAE0001037BD4680BD80B586B000AF786000227B
:10FAF00008217868FFF796FF7868FFF7D9FF0023A1
:10FB00007B613B7D43F001033B757B691A46022113
:10FB10007868FFF787FF3B7D23F001033B757B6926
:10FB20001A4602217868FFF77DFF7868FFF7B2FF79
:10FB30007868FCF773F94FF0FF333B613B691A4675
:10FB400012217868FFF76EFF0023FB603B7B23F0F8
:10FB500001033B733B7B43F002033B733B7B43F06E
:10FB600004033B733B7B43F008033B73BB7B43F0D5
:10FB70000303BB73FB7B43F01003FB73FB681A4664
:10FB800010217868FFF74EFF00BF1837BD4680BDD3
:10FB900080B582B000AFFCF707F978607868FFF7AE
:10FBA000A2FF002318460837BD4680BD80B400AFD1
:10FBB00000231846BD465DF8047B704780B584B0CD
:10FBC00000AF7860FCF7F0F8F860FB687A681A60BC
:10FBD000FB68022283F85520FB681B68002B02D1CA
:10FBE0004FF0FF3322E00021F868FFF707FF0246DD
:10FBF000FB685A600121F868FFF700FF0246FB68C6
:10FC00009A60FB685A68FB689B6819461046FCF7C7
:10FC1000D5F80346002B02D06FF0050306E0F86824
:10FC200000F0D5FB03467B81B7F90A301846103740
:10FC3000BD4680BD80B584B000AFF8600B467A60E9
:10FC40007B81FB6800225A617B681A463821F8687C
:10FC5000FFF7E8FE7A8913461B0413441A4639213C
:10FC6000F868FFF7DFFE01223C21F868FFF7DAFEB3
:10FC7000012318461037BD4680BD80B582B000AF65
:10FC80007860002208217868FFF7CCFE00BF0837B3
:10FC9000BD4680BD80B582B000AF78607B689B694F
:10FCA0001A4620217868FFF793FE00BF0837BD464B
:10FCB00080BD80B582B000AF7860002208217868EE
:10FCC000FFF7B0FE002220217868FFF781FE00BF19
:10FCD0000837BD4680BD80B584B000AF7860012391
:10FCE000FB817B6893F85430002B04D17868FCF7D3
:10FCF000BBF9012351E07B6893F85430013B7A68EB
:10FD00000633DB0013441B7A032B15D0032B41DC95
:10FD1000012B29D0022B3DD17868FCF7A5F9F3F728
:10FD200005FD7B6893F85430013B7A680633DB00AD
:10FD30001344B3F90A3030E07868FCF74FF9034612
:10FD4000002B0ED07B68012283F8572000F03BFA8D
:10FD50000346FB81B7F90E30012B02D07868FCF71F
:10FD600083F9B7F90E3018E000BF7868FCF736F970
:10FD70000346002BF9D07B68012283F8572000F05E
:10FD800022FA0346FB81B7F90E30012BECD0B7F90C
:10FD90000E3002E000BF4FF0FF3318461037BD466B
:10FDA00080BD80B586B000AF786039603B681A1DB1
:10FDB0003A601B683B610023FB821FE03B68FB60ED
:10FDC000FB681B68FA68526892B2920090B2FA68B7
:10FDD00008321146984703467B81B7F90A30002B59
:10FDE00002D0B7F90A300EE0FB685B6802339B0073
:10FDF0003A6813443B60FB8A0133FB82FB8A3A6911
:10FE00009A42DBD8002318461837BD4680BD80B51E
:10FE100084B000AF786039603B685A683B689B6883
:10FE20009B001344FB603B689A683B681B689A42DE
:10FE300001D300237FE0FB68DB7803F07003DBB2C3
:10FE4000402B76D1FB681B88002B37D17B68DB6D9C
:10FE5000002B02D14FF0FF336DE07B68DB6DDA6879
:10FE60007B689B6ED0187B68DB6D99687B68DB6D67
:10FE70009B691A4600F01BFB7B68DB6E5A1C7B6893
:10FE8000DA667B68DA6E7B68DB6D1B6A9A4208D3A0
:10FE90003B689B685A1C3B689A607B680022DA6565
:10FEA00046E07B689A6E7B68DB6DDB691A447B6891
:10FEB0009A667B681A6E3B689A601EE07B68DB6D11
:10FEC000002B02D04FF0FF3335E07B685C33142207
:10FED0000021184600F0F8FA3B685A683B689B68B6
:10FEE00001339B001A447B68DA653B689B68FA68BB
:10FEF000128813445A1C7B681A667B68DB6D58684D
:10FF00007B68DB6D1A687B685B6ED1187B68DB6D84
:10FF10001B691A4600F0CBFA7B685A6E7B68DB6D72
:10FF20005B691A447B685A667B681A6E3B689A6004
:10FF300072E700BF012318461037BD4680BD80B56B
:10FF400088B000AFF8600B467A60FB72FB7A002B3A
:10FF500018D07B6800229A607968F868FFF757FF2D
:10FF60000346FB83B7F91E30002B02DCB7F91E30C5
:10FF700025E17B685A687B689B689B0013441B687B
:10FF80007B612BE07B685A687B689B689B0013440D
:10FF90001B687B617B689B68BA8A13445A1C7B6828
:10FFA0009A607B689A687B681B689A4201D3002339
:10FFB00005E17968F868FFF72AFF0346FB83B7F984
:10FFC0001E30002B02DCB7F91E30F8E07B685A685F
:10FFD0007B689B689B0013441B687B617B685A6845
:10FFE0007B689B6801339B001344BB6138E0B969AF
:10FFF000F868FFF7D6FE0346FB83B7F91E30002BE7
:020000040001F9
:1000000002D0B7F91E30DAE07B689B68BA8A1344E5
:100010005A1C7B689A607B689A687B681B689A4266
:1000200001D30023CBE07968F868FFF7F0FE0346C0
:10003000FB83B7F91E30002B02DCB7F91E30BEE09F
:100040007B685A687B689B689B0013441B687B61D4
:100050007B685A687B689B6801339B001344BB61D3
:10006000FB7D03F07003DBB2202BC0D01EE07B6869
:100070009B68BA8A13445A1C7B689A607B689A68AA
:100080007B681B689A4201D3002398E07B685A681A
:100090007B689B689B0013441B687B617B685A6884
:1000A0007B689B6801339B001344BB61FB7D03F0BD
:1000B0007003DBB2302BDAD0FB7D23F07F03DBB2A1
:1000C000002B0DD0FB7D03F07003DBB2102B14BFAF
:1000D00001230023DBB21A46FB6883F8562007E0B1
:1000E000FB7DC3F30213DBB21A46FB6883F856208C
:1000F000FB7D03F07003DBB2102B17D1FB7D03F007
:100100000403DBB2002B02D1F868FFF7B6FDBB8A0F
:10011000BA691946F868FFF78DFD0346FB83B7F906
:100120001E30002B22DAB7F91E3048E0FB7D03F0C9
:100130007003DBB2002B17D1FB7D03F00403DBB2AD
:10014000002B02D1F868FFF7A5FDBB8ABA691946F2
:10015000F86800F079F90346FB83B7F91E30002BED
:1001600004DAB7F91E302AE0002328E0FB7D03F013
:100170000403DBB2002B1FD17B689B68BA8A13444F
:100180005A1C7B689A607B685A687B689B689B00F6
:1001900013441B687B61FB7DC3F30213DBB21A4679
:1001A000FB6883F856207B685A687B689B6801333C
:1001B0009B001344BB619BE700BFB7F91E30184694
:1001C0002037BD4680BD80B582B000AFFBF762FF2F
:1001D0000346FB80B7F9063018460837BD4680BD98
:1001E00080B584B000AFFBF7DFFDF860FDF777FF67
:1001F000B860FB681B6B002B14BF01230023FB714D
:10020000B868FDF774FFFB7918461037BD4680BD0E
:1002100080B500AFF3F79AFA00BF80BD80B584B017
:1002200000AF78600B46FB701346BB700023FB8168
:10023000F3F792FAFBF7B8FDB860BB6893F8543057
:10024000032B02D96FF0CB035DE0BB6893F8543009
:10025000BA680633DB0013447A685A60BB6893F8C7
:100260005430BA680633DB001344FA781A72BB685C
:1002700093F854300133DAB2BB6883F854207B68BA
:10028000002B02D14FF0FF333DE0FB78032B02D06F
:10029000FB78012B02D1B868FFF70BFD7A680121CA
:1002A000B868FFF74CFE0346FB81B7F90E30012B0F
:1002B00004D1B868FFF70FFD0346FB81BB6893F8D4
:1002C0005430013BDAB2BB6883F85420BB6893F822
:1002D0005430002B0AD0BB6893F85430013BBA6805
:1002E0000633DB0013441B7A022B02D1B868FBF7FC
:1002F000BBFEBB7883F00103DBB2002B01D0F3F728
:100300006BFAB7F90E3018461037BD4680BD80B481
:1003100083B000AF78600B46FB707B681A68FB788F
:1003200003F5E0739B0013441B6818460C37BD4669
:100330005DF8047B704780B485B000AFF8600B4671
:100340007A60FB72FB681A68FB7A03F5E0739B0026
:1003500013447A681A6000BF1437BD465DF8047B09
:10036000704780B584B000AF78600023FB60FB6805
:100370001A4620217868FFF7DEFF4FF00073BB605C
:100380003B7A43F001033B72BB681A461D21786833
:10039000FFF7D1FF1D217868FFF7B9FF0346BB6067
:1003A0003B7A23F001033B72BB681A461D21786833
:1003B000FFF7C1FF1D217868FFF7A9FF0346BB6067
:1003C0007868FCF727F800BF1037BD4680BD80B5C0
:1003D00084B000AF78607B68FB60FB68002B02D1C3
:1003E0004FF0FF3315E01221F868FFF790FF024647
:1003F000FB68DA60FB68DB681846FCF7C7F8034661
:10040000002B02D06FF0050303E0F868FCF702F858
:10041000002318461037BD4680BD80B584B000AFBC
:1004200078607B680022DA610023FB607B7B43F00D
:1004300001037B73FB681A4610217868FFF77BFF86
:1004400000BF1037BD4680BD80B588B000AFF860F2
:10045000B9607A607B68FB61BB681B09BB760023CF
:10046000FB7612E000237B61FB697B617B691A46A6
:100470001B21F868FFF75FFF97F91B30DBB20133F0
:10048000DBB2FB76FB694033FB6197F91B2097F9E0
:100490001A309A42E6DB97F91A30002B02DDF86831
:1004A000FFF7BBFF012318462037BD4680BD0A4435
:1004B000431E914200D1704710B511F8014B914293
:1004C00003F8014FF9D110BD02440346934200D115
:1004D000704703F8011BF9E70246014410B58A4250
:1004E000134603D01C780132002CF8D1181A10BD25
:1004F0002DE9F843C3F137090746884603F01F0585
:100500005FFA89F91646384641462A460023F0F735
:100510002DFB4346D4B23A4688460746092C84BF91
:100520004C44E4B2AA424FF0000204F1300493417B
:1005300006F8014BE7D23046BDE8F8832DE9F04FCD
:10054000051889B0904641EB0104029304AB28469C
:1005500021460093D2E9002300F0A7F806AB074636
:1005600089462846214600930025D8E9022300F059
:100570009CF8DDE90423841851EB0306069B28BF91
:100580000125D8E90012ED18079B43F10003791803
:1005900049EB0202B94272EB0902D8E9022134BFE9
:1005A00001200020A21846EB01018018029A41F1B7
:1005B0000001A042A2F1410A71EB0602CDF800A0B1
:1005C00034BF012200225219CDE9065343F1000342
:1005D00000F082F8129BC3E90001D8E90221DDE9AD
:1005E0000653039114990129D8E900E027D1A21AF2
:1005F0000399CDF800A066EB0101774579EB000087
:1006000034BF01200020101A61F10001844276EB12
:10061000010234BF01220022AA1A63F1000300F094
:100620005BF8139BC3E90001DDE906232046314650
:10063000CDF800A000F050F809B0BDE8F08F17EB3E
:10064000070B49EB090C14EB040846EB0601BB450C
:100650007CEB090934BF0127002718EB070741F19C
:100660000008F3457CEB000C34BF01200020381A51
:1006700068F10001801A039A61EB02016D195B4178
:10068000A74278EB060234BF01220022AD1843F1E5
:100690000003874278EB010834BF01220022AA1A26
:1006A000029DA5F140050095B7E7F0B500240D4681
:1006B00006469446A0FB02012246059FE5FB0C126C
:1006C000A446E5FB0324E3FB061C12EB0C0244F1F9
:1006D0000004C7E90024F0BDF0B5059CC4F1400753
:1006E000C4F12006A4F12005E04002FA06F6BB4062
:1006F00022FA05F5BA403343C4F120062B4301FA30
:1007000006F6A4F12005304321FA05F5E14028431F
:1007100019431043F0BDB1EEC00A70472DE9F04116
:100720000446CE0FC1F30A55C1F3130140F2FF7026
:10073000167154EA01076BD1002D71D12C46294660
:10074000002B156060DB0C2B60DCC3F10D05012074
:10075000AD0005F1FF3CA5F12107C5F1210600FA26
:1007600007F720FA06F600FA0CF03743061847EBB5
:100770000708D6F1000E68EB480C013E48F1FF383F
:10078000264008EA0108B04277EB080810DBC5F103
:100790002008B5F1200624FA05F501FA08F858BF3B
:1007A00041FA06F645EA080558BF3543ED0703D57B
:1007B0002018044641EB070104EA0E0401EA0C018B
:1007C0009DF8186018460D250532C6F1270604F07D
:1007D0000F03240944EA0174091163B9A8420DDA30
:1007E000013DF4D21AE01DB90125A5F2FF35A7E7B6
:1007F00041F48011F9E7092BC8BF9B193033A84297
:100800005355B8BF2846EBE70023D9E70D23D7E7B8
:100810008542E8D146F0080600201671BDE8F08157
:100820008542E5D146F00406F6E7D1E90432934269
:100830001EBF5A1C0A611870704700007403FF7FC6
:10084000010000006549000000000000314A00007E
:1008500000000000A559000000000000C14A00008F
:100860000000000000000000D408010000000000AB
:100870002809010000000000F0080100000000004D
:100880000C09010000000000440901000000000004
:10089000600901001D52000000000000F7E30000A5
:1008A0000000000021290000000000004149000074
:1008B00000000000E5800000000000000BE40000E4
:1008C000000000009138000000000000795B00008B
:1008D00000000000BE5C010068450100B01201008C
:1008E0001C0400203C100020ED4E00000000000021
:1008F000F95D0100AC4501008C1201001E040020CE
:10090000C41000207156000000000000055E0100C8
:10091000C04501008C12010020040020D0100020EE
:100920007156000000000000105E0100D445010077
:100930008C12010022040020DC10002071560000FF
:10094000000000001B5E0100E84501008C12010060
:1009500024040020E8100020715600000000000070
:10096000265E01000C460100CC1201002604002086
:10097000F41000204DE30000000000000000000023
:100980001FE10000000000001FE100000000000067
:100990001FE10000000000001FE100000000000057
:1009A0001FE10000000000001FE100000000000047
:1009B0001FE10000000000001FE100000000000037
:1009C0001FE10000000000001FE100000000000027
:1009D0001FE10000000000001FE100000000000017
:1009E0001FE10000000000001FE100000000000007
:1009F0001FE10000000000001FE1000000000000F7
:100A00001FE10000000000001FE1000000000000E6
:100A10001FE10000000000001FE1000000000000D6
:100A20001FE10000000000001FE1000000000000C6
:100A30001FE10000000000001FE1000000000000B6
:100A40001FE10000000000001FE1000000000000A6
:100A50001FE10000000000001FE100000000000096
:100A60001FE10000000000001FE100000000000086
:100A70001FE10000000000001FE100000000000076
:100A80001FE10000000000001FE100000000000066
:100A90001FE10000000000001FE100000000000056
:100AA0001FE10000000000001FE100000000000046
:100AB0001FE10000000000001FE100000000000036
:100AC0001FE10000000000001FE100000000000026
:100AD0001FE10000000000001FE100000000000016
:100AE0001FE10000000000001FE100000000000006
:100AF0001FE10000000000001FE1000000000000F6
:100B00001FE10000000000001FE1000000000000E5
:100B10001FE10000000000001FE1000000000000D5
:100B20001FE10000000000001FE1000000000000C5
:100B30001FE10000000000001FE1000000000000B5
:100B40001FE10000000000001FE1000000000000A5
:100B50001FE10000000000001FE100000000000095
:100B60001FE10000000000001FE100000000000085
:100B70001FE10000000000001FE100000000000075
:100B80001FE10000000000001FE100000000000065
:100B90001FE10000000000001FE100000000000055
:100BA0001FE10000000000001FE100000000000045
:100BB0001FE10000000000001FE100000000000035
:100BC0001FE10000000000001FE100000000000025
:100BD0001FE10000000000001FE100000000000015
:100BE0001FE10000000000001FE100000000000005
:100BF0001FE10000000000001FE1000000000000F5
:100C00001FE10000000000001FE1000000000000E4
:100C10001FE10000000000001FE1000000000000D4
:100C20001FE10000000000001FE1000000000000C4
:100C3000C1E00000000000001FE100000000000013
:100C40001FE10000000000009DB400000000000053
:100C50001FE10000000000001FE100000000000094
:100C60001FE10000000000001FE100000000000084
:100C70001FE10000000000001FE100000000000074
:100C80001FE10000000000001FE100000000000064
:100C90001FE10000000000001FE100000000000054
:100CA0001FE10000000000001FE100000000000044
:100CB0001FE10000000000001FE100000000000034
:100CC0001FE10000000000001FE100000000000024
:100CD0001FE10000000000001FE100000000000014
:100CE0001FE10000000000001FE100000000000004
:100CF0001FE10000000000001FE1000000000000F4
:100D00001FE10000000000001FE1000000000000E3
:100D10001FE10000000000001FE1000000000000D3
:100D20001FE10000000000001FE1000000000000C3
:100D30001FE10000000000001FE1000000000000B3
:100D40001FE10000000000001FE1000000000000A3
:100D50001FE10000000000001FE100000000000093
:100D60001FE10000000000001FE100000000000083
:100D70001FE10000000000001FE100000000000073
:100D80001FE10000000000001FE100000000000063
:100D90001FE10000000000001FE100000000000053
:100DA0001FE10000000000001FE100000000000043
:100DB0001FE10000000000001FE100000000000033
:100DC0001FE10000000000001FE100000000000023
:100DD0001FE10000000000001FE100000000000013
:100DE0001FE10000000000001FE100000000000003
:100DF0001FE10000000000001FE1000000000000F3
:100E00001FE10000000000001FE1000000000000E2
:100E10001FE10000000000001FE1000000000000D2
:100E20001FE10000000000001FE1000000000000C2
:100E30001FE10000000000001FE1000000000000B2
:100E40001FE10000000000001FE1000000000000A2
:100E50001FE10000000000001FE100000000000092
:100E60001FE10000000000001FE100000000000082
:100E70001FE10000000000001FE100000000000072
:100E80001FE10000000000001FE100000000000062
:100E90001FE10000000000001FE100000000000052
:100EA0001FE10000000000001FE100000000000042
:100EB0001FE10000000000001FE100000000000032
:100EC0001FE10000000000001FE100000000000022
:100ED0001FE10000000000001FE100000000000012
:100EE0001FE10000000000001FE100000000000002
:100EF0001FE10000000000001FE1000000000000F2
:100F00001FE10000000000001FE1000000000000E1
:100F10001FE10000000000001FE1000000000000D1
:100F20001FE10000000000001FE1000000000000C1
:100F30001FE10000000000001FE1000000000000B1
:100F40001FE10000000000001FE1000000000000A1
:100F50001FE10000000000001FE100000000000091
:100F60001FE10000000000001FE100000000000081
:100F70001FE10000000000001FE100000000000071
:100F80001FE10000000000001FE100000000000061
:100F90001FE10000000000001FE100000000000051
:100FA0001FE10000000000001FE1000060090100D7
:100FB000F1E20000000000001FE10000000000005E
:100FC0001FE10000000000001FE100000000000021
:100FD0001FE10000000000001FE100000000000011
:100FE0001FE10000000000001FE100000000000001
:100FF0001FE10000000000001FE1000000000000F1
:101000001FE10000000000001FE1000000000000E0
:101010001FE10000000000001FE1000000000000D0
:101020001FE10000000000001FE1000000000000C0
:101030001FE10000000000001FE1000000000000B0
:101040001FE10000000000001FE1000000000000A0
:101050001FE1000078020020C9E20000000000004B
:101060001FE10000000000001FE100000000000080
:101070001FE10000000000001FE100000000000070
:101080001FE10000000000001FE100000000000060
:101090001FE10000000000001FE1000011750000CA
:1010A00029E40000000000001FE100000000000033
:1010B0001FE10000000000001FE100000000000030
:1010C0001FE10000000000001FE100000000000020
:1010D0001FE10000000000001FE100000000000010
:1010E0001FE10000000000001FE100000000000000
:1010F0001FE10000000000001FE1000000000000F0
:101100001FE10000000000001FE1000000000000DF
:101110001FE10000000000001FE1000000000000CF
:101120001FE10000000000001FE1000000000000BF
:101130001FE10000000000001FE1000000000000AF
:101140001FE10000000000001FE10000000000009F
:101150001FE10000000000001FE10000000000008F
:101160001FE10000000000001FE10000000000007F
:101170001FE10000000000001FE10000000000006F
:101180001FE10000000000001FE10000000000005F
:101190001FE10000000000001FE10000000000004F
:1011A0001FE10000000000001FE10000000000003F
:1011B0001FE10000000000001FE10000000000002F
:1011C0001FE10000000000001FE10000000000001F
:1011D0001FE10000000000001FE10000000000000F
:1011E0001FE10000C4010020C9E2000087E7000001
:1011F00029E40000000000001FE1000000000000E2
:101200001FE10000000000001FE1000000000000DE
:101210001FE10000000000001FE1000000000000CE
:101220001FE10000000000001FE1000000000000BE
:101230001FE10000000000001FE1000000000000AE
:101240001FE10000000000001FE10000000000009E
:101250001FE10000000000001FE10000000000008E
:101260001FE10000000000001FE10000000000007E
:101270001FE10000000000001FE10000000000006E
:101280001FE10000000000001FE100007554000095
:1012900081E200008DE20000A1E20000ABE200006C
:1012A000B5E20000655300006D5200000000000030
:1012B0004D4F00007BE2000047E20000000000000C
:1012C000114E0000000000000000000009E30000D3
:1012D00089580000FBE20000525C0100030000009E
:1012E0000B4D010003000000E05C01000300000062
:1012F000056D010003000000245001000300000000
:1013000028500100030000002C52010003000000DF
:10131000BC52010003000000A259010003000000BC
:101320005E65010003000000864B01000300000021
:10133000615B0100030000002F4E0100030000006C
:10134000315E01000300000000450100AC010020F7
:081350001B5201000100000026
:1013600000A0105000820D500004055000860D5062
:101370000500000004000000010000004552524F2B
:10138000522120496E76616C69642061786F6E2D00
:101390006E6E2068617264776172653B2069643AA1
:1013A00020307825782C207374733A2025303264ED
:1013B0002E253032642E253032640A0044454255D1
:1013C00047212052455455524E494E4720535543CC
:1013D0004345535320414E59574159210A000000BB
:1013E0005761726E696E673A204952512072656783
:1013F00069737465722073746174757320616674A7
:10140000657220747279696E6720746F20636C65F1
:1014100061723A2030782578000000004952513A34
:10142000205741544348444F472028307825782995
:10143000000000005744472054696D65723A20301F
:10144000782578004952513A204255532F46494653
:101450004F20283078257829000000004952513A61
:10146000203634424954204F564552464C4F57205F
:101470002830782578290000526573657474696E88
:10148000672041786F6E2E2E2E00000073707572EB
:10149000696F757320696E746572727570743F2020
:1014A00030782578206F7220307825780A3F000048
:1014B0000A4552524F522121212041584F4E2D4E64
:1014C0004E20494E542053544154555320307825D2
:1014D000780A00000A4552524F52212121204158DA
:1014E0004F4E2D44535020494E542053544154558F
:1014F0005320307825780A000A21212144535020B6
:10150000574154434820444F472121210A000000FD
:10151000726567202564203D2030782530387800BA
:10152000696E76616C69642061786F6E2D6473708A
:101530002068617264776172652069643A202530A1
:1015400032642E253032642E253032640A000000C9
:101550004445425547212052455455524E494E4725
:10156000205355434345535320414E595741592128
:101570000A00000000000000000000000000000061
:101580000338FDD870470000000000000000000094
:101590000338FDD87047000000000000FFF75F032C
:1015A0000100000000000000050000000000000035
:1015B00019000000000000007D0000000000000095
:1015C0007102000000000000350C00000000000067
:1015D000093D0000000000002D3101000000000066
:1015E000E1F505000000000065CD1D0000000000D1
:1015F000F902950000000000DD0EE9020000000085
:10160000514A8D0E000000009573C2480000000092
:10161000E941CC6B010000008D49FD1A0700000074
:10162000C16FF28623000000C52EBCA2B1000000ED
:10163000D9E9AC2D780300003D9160E45811000019
:1016400031D6E275BC560000F52E6E4DAEB10100EC
:10165000C9EA268367780800ED95C28F055A2A00EB
:10166000A1EDCCCE1BC2D30025A4000A8BCA220454
:10167000000000000000000000000000000000105A
:101680000000000000000000B9340332B7F4AD14CC
:1016900010DB1AB30892540E0D307D951447BA1A18
:1016A00066088F4D26ADC66DF598BF85E2B745112A
:1016B000CA96853D92BD1DEBFCA11860DCEF521669
:1016C0003C92AE220BB8C1B4839D2D5B0562DA1C3F
:1016D000304C7E8F4E8BB25B16F4529F8B56A51208
:1016E000FBD4827643ED8AF08FE7F931156519183E
:1016F00050F19BD94A13EEB4284CF0A686C1251FA1
:10170000035FC270CB9E4916E642889C44EB2014CE
:10171000B0650836AD6EA58585F0CA14E2FD031AE2
:101720000B899979D5B13D09D8DA973A35EBCF10C5
:10173000AC363F5E73BB38CF3E6752FA44AFBA1542
:101740000100000000000000000000000000002078
:10175000345065C05FC9A652BB13CBAEC440C2189B
:1017600006C8DF7100D5A87CF56F0FDA58FC271387
:101770006E4756357D24206502C7E768E48CA41DBA
:10178000E9E60268D7CD39617977FCC2405BEF1694
:10179000798CDE43FFA751F991F3B278F5BDBE1104
:1017A000E857E9D6E8BEE87BB054AC8F848D751B52
:1017B000EA23A499E9F9D38BB7A3714061DA3E1506
:1017C000CEE33ECB73F948088C97B427D51B701035
:1017D000A2BFEFB9EB8532154DB44DB49BBB6F1969
:1017E00096B6076CF8E7EEAD36D9B4F59135AE1381
:1017F000222218AF4E6A684D91DAAA3D4F40741EFE
:101800009FBD9EE006A1C09857C2A7FDA40E9017E9
:101810000E7D497173E3208FB220D87605143B12F8
:10182000853D7434811343B0AD297A5F27F4351CAC
:101830003C18010013000000000000008DE90000CA
:1018400041E900009FE90000BFE90000DFE9000076
:1018500023EA000043EA000065EA000087EA00008E
:10186000A7EA000027EB000049EB000067EB00004F
:10187000B3EB00007DA30000FFEB000021EC0000B3
:101880006DEC00008DEC0000662A954424916248BE
:101890000F9961488531B0459F7A0D46A16DDB40B7
:1018A000DF14344224A4FC46E83900472FA7603FE8
:1018B0000000000071A661475C9461488531B04525
:1018C00054BC13469953F03E9953F03E0000803FBC
:1018D0008FC2753F9A99993EF0809F48B724F23F96
:1018E000DFEE7A406B70C8404747DA420059C84083
:1018F000C94734428F5B9E3F3FC4C3C042C2C8BF8A
:101900006BFCC03FDDBC4F42192FA73C000000001C
:10191000001A2540000DAF40C94734427D1EE23F0A
:1019200000000000000000000000803F0AD7A33C38
:10193000000000005B95764131A5933E42E2763F80
:1019400000008040000080400000803F0000803F99
:101950000000803F000301000049010088010020D1
:10196000080500200100170001000100F8FFF7073B
:1019700017001380010000000000000000000000BC
:101980000000000000000000000000000000000057
:1019900001000000080500200000000040000000D9
:1019A00000000000E0190100BC1B01000C23000036
:1019B00077000000000000000000000000000000B0
:1019C00000000000010007000100010000002000ED
:1019D0001D80070000000000000000000002010060
:1019E0006C00FF1F800000021700010008050020A6
:1019F000170033009000000217004000BC1B0100DC
:101A000001003300A0000005400001007C2101001E
:101A1000000105004000010008050020400003000F
:101A2000BC00000000000000C8000004000000002E
:101A30000000000000000103031701000502000080
:101A4000800100010300000000000000A40100016B
:101A5000000000004D410000C8010001000000C06E
:101A6000000000C0F0000000000100008000000045
:101A70004000010088000000400033009000000199
:101A8000400040007C220100A40000007C320100E4
:101A9000A801000013820000F00000000001000017
:101AA00090000001400020007C330100A0000003F2
:101AB000200001007C3B01008000050020000100A7
:101AC000B400000020000300A8010000F07700002F
:101AD000F000000000010000800000002000010074
:101AE000880000002000330090000001200010005A
:101AF000FC3B0100A000000310000100FC3D0100C0
:101B00004000050010000100B400000010000300B8
:101B1000A801000058D00000F00000000001000003
:101B20008000000010000100880000001000330059
:101B300090000001100007003C3E0100A0000005DD
:101B400007000100AC3E01001C0005000700010079
:101B5000180500201C000500D4000000050D010040
:101B60008001000207000000D2E1FEFF2E1E0100EE
:101B7000A80100018072000000000000C8010002FE
:101B80000000008000000000FFFFFF7FF000000069
:101B9000000100000900FF2F01000000710E00008D
:101BA0000600000018050020080500200000004085
:101BB0000100010007001680010000001BD6E1F7BC
:101BC000B3F318E3FFEB18CBECF2B908E9F70A0519
:101BD000BE05FCFD3B20083408003B1EE209464BD5
:101BE00004221009EDCEFE2B0DF3F2FB152D4BFB5D
:101BF000FB0C06FBED2A0A203BF402150401230E20
:101C00000B25EBE00A0EF1F4030DE81308020004C3
:101C1000120E01E709FF0CF4E91206F5F4E90F19B9
:101C2000EB0F191211EFF5FA1417F6FC0701F5087E
:101C3000F6E6FCB3F213DEE6F417F8DBFD9CEC00ED
:101C40001605F5E41F0A21E3B905CBF0F8A6F3F970
:101C50000FC2B3F090F9F310001BA2F000E20AE209
:101C60000E282400F3F8FEFF17DC1B0E10051615D6
:101C7000F9E8E8FBF1EBDBE1AF1EFABFEBE90ABEE6
:101C8000DEEBD0E80001140DE5060912CAC8FCA07D
:101C9000E40CA5F1EDF686CBEAA20C07FDFBF8AE4D
:101CA0001C10E00819143424F41C17FDFA2CEE2142
:101CB0001F0810ED0DF106ED02F6E0E61BF8F6E563
:101CC000F70B01F2F0E2110B0FF5FD1A1CE1F4E83D
:101CD0001FEDBAE7C2FA1ED6EFFFF5E1BBFFAE0378
:101CE000F8FB15F2B3E913F9E1C4FABBF8F7B2084F
:101CF000020EBFC710CAFA18EB120CD80A0705F279
:101D0000ECEBC5F61DCEFF2710ECD711DB110DF65D
:101D1000F202D400F50CEE12F70D0CEEE60DEDE933
:101D20000CF5EA110FF117F8F80AFEE5E7F010FCE0
:101D3000FAECEAEA03EAEE17E7F2F2160DF3FEFC1C
:101D40000D0411EB2D1B1E6B02042EFE14E7352D26
:101D5000FE31F5FCF5F61212010A01EE09194CFAF2
:101D6000EE1F1EE6EF1CF2254AEC0DF3F914F5FB0D
:101D700006E1DAFDE1FE01D5ECF322ECD5DF0DDD65
:101D80000903121BFBFC0D01D9F5FEED0F10080233
:101D9000EA11111BFB04340E16151903FCF6F5129B
:101DA000DADF0AF3F9E6CAEBEF02EAE8FFC1E5F68B
:101DB000F91C01C7DC0C22F1D0E6CBED13D803FEF1
:101DC000F7B2D2DEA306FFEA0D03BEF2ECED232E3E
:101DD000FC4901BC1CFD0BF02605235516EE06023E
:101DE000162A0BF006331B0748F00D3D1FD8E84EAE
:101DF00025123600FB0AC4123A0A1CE505FFFD3322
:101E00001A09F9FC0AED15001D1FEF0BF0160F154E
:101E1000E2EAFC01F2050EFB0FECFD02F9FCF0FE1C
:101E200005F0E5EEF805F8F0E5FBD7B1E4BB1515D4
:101E3000DAE1FEEEE8E4D2C4F407F60AEFD01112BC
:101E400003E2F3F9C8E708D8DEF0EAC7E500D00CF2
:101E5000E81626F8E2FD19F0E9EFFD0204A0EA1207
:101E60000D05E8D2111916F1FB0D13FAF10FEBE491
:101E7000DAF8B6020ED6E003F8C8B9E697E805EE40
:101E80000FF9B21B0922C9D0E2AFF10CB0DFEDF2BD
:101E9000B7BE13930EF414F30AAFF6E6E00D04FB9D
:101EA000371FF1F3E6FEF81211FB17F415F50304E2
:101EB0000B011BFD1304F8FDFDEB17FDEEF206F719
:101EC000FFFAE60502EAF7E7FBEBEFEDDD103A0D6E
:101ED0000EE508F01224DFFE28150EE60DFA02E7E3
:101EE00003ECE91407FDEBEA1010E70E0FFCF51404
:101EF000FBFDF902F210EC0119ECDEF4A7E012C0D0
:101F0000FFF1F7ADAE03A10DF8FBF804AC0DEDDD6C
:101F10000DE7E82708FE21EC10F608FB0A0A100678
:101F200015E4121F050D17DFD5ECC6EDEFC2E3FD7A
:101F3000EDD9A500B3FE07F2FE13BAE40108F0FDE7
:101F400003FAF20C15F1F2E6180BE812EBEA12E8CC
:101F500008ECECFFE205281A5D00CB0B080E0540EB
:101F60001E2C38FD0AF209FD210900F12D17EB6145
:101F700014034FF109F3412BE33615F4F9E9092B6A
:101F8000F013FAD1D805DBF4E3E6E81504D0D2EE7D
:101F9000F3152519F208F7FEFDFAF903F110F3E93C
:101FA000F9080AE8F70EF80E10F6F2F2EB19F2E76C
:101FB00025E9B6E5AFE307C00716ED81ACEED0F238
:101FC000ECECFD0EA409EEF8EEEC16201BE20C1072
:101FD000EDF611D40D20EC0D010BEEF3FA0EFFED32
:101FE000F0FDF3EDCBE70F1710F1CB1001020AEF74
:101FF000051DCEEDF9F5020E1DF015C4DD06F4F653
:10200000F4DB1EFA0AFC0C110EDDECD7F101021113
:1020100005EF051FFE141309F6F50CF40F15E01279
:10202000091FF80EF4C9F8ACF716BEE5F709DAD1C6
:1020300004BAFBF2FA2402BCEBF507DFE9F6E1E8AB
:10204000FDD1DC20F2D4D5DFD50B03FC1DFEC20789
:1020500003FFF5E61314FDEB0B18F6F608FAFBEE9A
:10206000EBF8EB15F4E9F7F4DB11F71B481EFCF66F
:10207000FCFBF705E9F5450DF70E120CFDFB02EA36
:10208000C4EFFDB8030CE8E818F2D2E2DFC7FAFCAF
:102090001603F1BB1B131AC3A2EAB4FE0CAAF0F09C
:1020A00018C4B2E2A2FF1614EF189FED0D13F5EB62
:1020B0000E1AFBED07E6EF0A18ECE9ED00F802F660
:1020C000EE17000205E3D01BDDF410C2ED1409C8C1
:1020D000D91AE1FC0FFCFDF6C215F5F6EAFBF10298
:1020E000F3F317EA0DF517EE0E04EE10170FF810C4
:1020F000E9F9DFD1E9F4F6040BFEE1E7EFFBFF09B4
:10210000E70AE7F41F09EF0D11E419F2144B19F176
:10211000F41CEFFE23FF2126F6031A0A14F3F5F44C
:102120001CE3ACF89CE10FB10406F19AA2E5A5000E
:10213000FCEEFDF8CA07031ED0C7DFAF0012DEECCD
:10214000FC0ABFEA07AD05F806EA09E70205F4153F
:102150000921F1FAEBEA170208F0E40617EDE4EBC7
:102160001520DCE5F406CBC421CF01F3DAE914ED48
:10217000BFC404EEFC0BEA0CECC510FDDE45FFFF0E
:102180004AC00000179E00008A0300008913000067
:102190005072FFFF77DFFEFF18140000B631FFFF1B
:1021A00049B0FEFFCB6F0000A9BCFFFFA620FFFFD8
:1021B000F03DFFFFC392FFFFC8DFFFFF00C6FFFF38
:1021C0009FC10000B3610000E795FFFFAE3500003E
:1021D0005446FFFF7E02FFFF869400008AD600006F
:1021E00087370000D3B4FFFFD91BFFFF9B63FFFFBE
:1021F000ABBAFFFFC6EEFEFFE9BDFEFFD73400001D
:1022000000BBFFFF141C000080E6FFFFA2DFFEFF03
:102210004A2C0000DDE6FEFF80CCFFFFA5AD0000EC
:1022200069BC00003679FFFF00CCFFFF2DB2FEFF36
:102230002604000024A7FFFF3CB8FFFFAC380000D5
:102240001920FFFFEE47FFFFB0C5FFFFD34B000093
:10225000AC43FFFFA7C7FEFF68DCFFFF796EFFFFFF
:1022600000EEFFFF21ADFFFF6E6400000FAEFEFF2A
:102270003E2DFFFF58DDFFFFF035FFFF04C507E8E7
:10228000F7D90211E8D31F1E0111F202ECFB0DE594
:1022900002000AF5A70DF9CC0717C006F51204F8DD
:1022A000F7FE21FB0ADFFA0FFEF70620E10BCCF266
:1022B0000AE308000D09F7FDE5F33D0F01D0EFEC4F
:1022C000F2E71000FDD719F009F7FC16ECEB14EB60
:1022D000E715F6F2E3150EDD051DF40E0C0006FF02
:1022E000DEEDFD0BDCEDED13DAF60D02EC19F3EE8D
:1022F00014C8F7F7F2ED1214C1EF0D0BF7EB010C58
:1023000002FCFF060E02FB05ECF4F4EA0AE603EE1B
:10231000F6F10100020617EEFE0405F0F804FD04D4
:10232000FAE305F513F71305F1F909FA0511F908B0
:10233000F806E3F4E7EBFB0704E8F3EEFEF20EF039
:10234000E9D122F51EEF0AF11D13E4FD0DE2F6DFDF
:10235000DF0118FBCF08EFF3FA11F118F4F011FECA
:1023600000ED18FCD4CEDF16020CFA1AF01DFCFBAF
:10237000FAE40009E702F70EEDEC2DFAEF061D0F67
:1023800006010113E6F11B090BFBF012FE0211031B
:1023900009E9F3021206F6E0DCFDE3F306021A0E89
:1023A000FC0E00F8221BF701F229F2100AF207F8DE
:1023B0002411F2FD0F07F402F5FE0F04150301F0DE
:1023C0000020E3EEF8FFFD060A0A1902FF0ED821ED
:1023D00000F0F5EA10F60A1B0C0600F7F7F0FBFB1D
:1023E000FFF9FC1109D1FFF0FE060FDD150D0D10F0
:1023F0000523EC060006FCE00709F317E7FE19F5D4
:1024000006E6D315E6FC22170E0EF3EA0408E3FBFA
:1024100011CCF219FD18EE07F4FDF4DB0BFD06F309
:10242000EE17EA0D2700F6F0F400F71308F5FCFBB1
:10243000120ACD0317F501FBEFF6E205070D0115B2
:10244000F31807CEFD0BBDFB07F106EFEEF5E70A2B
:102450000701190A10D1F60515E9172EE7F3D30A7B
:102460002FFF1804E1EEFA100AE9F8F313FDFA1051
:10247000C0040B15FE07F9F0110E1D00F414001234
:10248000FBFD1DB6F11ECFF1E70305F2FCDFF508F9
:10249000E9FB11D808CBFD131BD6F42000FADDEAC6
:1024A00015FA1103D30B0603FDE0FBEB12F900084C
:1024B000D1F3020817FC09FA050714F2FFF6F0F948
:1024C0000B0813F4282600070D0CF109FDF1E82391
:1024D000F3FDFCE004FC17043F01140506EFF0F2E5
:1024E000FD04EFFFF1EF0CF81BF0120319190B17A5
:1024F000F8190901F4041B0415FDFA120614250A43
:10250000F30BF4BC0517DC0CE90BFEEAED0AE9E974
:1025100001FAEFF40BD00F051EF70409E9FFDAF713
:102520001EFA1902E1D818F50BD4F8F009FDF514DC
:10253000E6170DFCF6151BF9170DF4F80F26EE1B28
:102540000FFAF5D6F916E40AF60DF613090D0D0883
:102550000F0D100B14E11510F817FC1AE516F70F04
:10256000291512EC18F6190020E010EE18FF1A16C3
:10257000F2FD13EE06F5EBEC0FF9F70FE3F6D5E1FC
:10258000EE0AFD001EF50ECFEF04FFFB10F5F9FB80
:1025900029FBDEECED06131400F112E41F13140BFB
:1025A000F3320EF4F41E03F8F8FEEEE3EDD8E01477
:1025B0000518F805F50316FAF5E5FCDF1B001EF417
:1025C000EA2BC9FBDFFE0C12FAF0F3EDFDFFD50597
:1025D0000BE6EBFCEE0AFEED09F81AF308E9F0F25F
:1025E00002DBE30216BE04E9F4F0EEFB18F6FCEFA2
:1025F000F80FF4131B0F06EF081DF4080BE0FD03A2
:1026000004CE19F007DC1A1AF910F5F9F9F7FBF006
:10261000F42222F1B40F02E3FBFDDC2701EDF615F5
:1026200023ED01FB03DC16FF04151726080DE6EE6B
:102630000BCB0DF9F816050EF7052101E702121D67
:10264000F5F2101CEBF0190EEA0802F9EC0811FA89
:102650001BDEFDFDE21CFEFCEBFF03CA1C041D0794
:10266000E81C010C11FBF6EA071B16110BE1100C1C
:1026700016FCF615FD08FC03EEEC0BFBE800060C5F
:10268000FFF8D020F4070B03D5FCFBEC0012140379
:1026900013D6F71FED0810FFBD0EF9D6101313EE79
:1026A000FB1AF4EF1C0A1008F70FF51216D6FEFB02
:1026B000160DEDF907110B12EBDC0505F03F103795
:1026C00015E00BF3DCE907EAE5819F020A0E17E04B
:1026D000E503F924520AFF0CE6DCE7EC150A0DFFCE
:1026E000E70C0DE90E23C6F3FFFBBBFE12EBE30D77
:1026F00003DA07F8D6F80006EDE8A0880BEB17F22E
:10270000EB051B00F3080319FCF115FEEBF712EDC6
:10271000FD2304FCB7FD08000BFEE635FEFAFF0EB4
:102720001AF60115F9CDFE0AFB07EB25F904FBF9B2
:10273000F9061AF10BFC0AFE090632FBF8D519F866
:10274000FAE1FC0D0DE4030F0B08EB04F6FD04CBDE
:10275000FD03F81BC700FCD7F70CC9FE08FE1A0AD8
:10276000EDE10304FAF7F4FDDF170908FFEAE9FEDB
:102770001DCCF4E90DF2160EC7F10E0EFDEFE1DFF0
:1027800010FADC0D26DA02F11510F30EF5EDC4187F
:1027900008EFD4ECEA05EE1C190B24FA12F002FA49
:1027A000DC18E4ECE406E8EBCDEEE7E6F815F5120C
:1027B0001028DFF309E90FEBD3FFE2051AF7E6D2A1
:1027C000F8E90B1532D201FB091CFE0F11F9E603E3
:1027D0000D1202E3D9FCEE0119FC11FEFEF9F6F828
:1027E000D5F80CEDE6E1E6F5D003F50A0B250DFF73
:1027F00018F80B0F05FD1201D300FF04ECFA0710C7
:102800000B0AE9FF0CEFFAEB1003FBF10BF1F303FA
:10281000F5E9F410EFEB05ED07EF0AF3EF11F8FD22
:102820000702150BF507F70111F7FFED05EAF013A5
:10283000EBEAE9FDFA04E6FE09F40FEFF0E5FEF637
:10284000F7DE171707C615FB0801D8F2EBF90EBC27
:10285000180B0412F21E0C120800EC102B0A0B04C9
:10286000FC0A10FBF3071517001DFCFAF8F3DAEC6D
:1028700007FE00E9DA0E2415C2EDF7E8F50CFC00BE
:102880000704FAFEF30EE2F20D0A0314EEEEF50F62
:10289000F900050523EEFEF5FFEA1B0FDA01EB1642
:1028A00024020104FAF3090F09FD0FF20F120EFFC3
:1028B000EEFEFC0AFB0609DB121A170E12E305EF07
:1028C000FCDDFB0E0CFFFF09F71BFDEBEAFB07012C
:1028D00010250906C2FD0FE51720F3FEF4ED0909E6
:1028E0000CF301F7F6D614F21BFB1E1BFD0C030CB8
:1028F0000BE7FA0A130AFAFE130A28F405C6FAF0DF
:102900000AD9F60D08C1FA16F906ED08F7020EE22B
:102910000A11E6FBAE1B04ED0811C1FC07FE19FC11
:1029200003FEFBF4EFF5FA04F40D0E1AE006DC14D6
:1029300017D1FAF10117FC09C6002EFCF4010D01B4
:10294000FFD1E6FFCA1D1321E0FA06030405F8FCD7
:102950001703ED29FC16F5D6C926ECE0FBF8FF0AB3
:1029600012FCE60F240D0B00200E010907D7130FF0
:10297000F70AF40DF6F5FE0004DAF9161705CA0495
:1029800002012EF30C27CFFC070AF70401DE05EB4A
:10299000F1350E05E6EEFF0A190FE010ED030B14FA
:1029A0001C0C2AFDD0F5F8EA21FA0721F90FF613DD
:1029B000E4F52DFFFDFAF0022712260804FC0212AE
:1029C000EE170FF71F0DFA09080606F208DCF70CE0
:1029D000F61E1AF6EEEB0EF33D0008220900FD0983
:1029E00026F629FAEBD200F820FD060FF22813078D
:1029F00003F0241101EB15FDF50503FCE209E5E404
:102A000015F3040C2BE9FFD7CCF4F6EA03F2E51634
:102A100030E6F6F01009F11715F228F9210718171A
:102A2000DD42FA0DEC350B140A06F4E5FBD8FBF495
:102A30000F1111F4CEFC2CF904E9D4CA1EF9030BD2
:102A40001009EBFDFAF2F3F61616F802F6E30EEDB6
:102A5000FB1B0ED7FEFBF31419F6E939F7F3F80167
:102A60000AFF0DFEE6D4F3F10205F6FBEE32FDEBB4
:102A7000EE05F5F20E0B19FA00192EFBE8D501EE62
:102A800013ED070EDBF90225000D06FC16FC050A06
:102A900011FFEF09CDF9EBE9E108EB0AF4EF060FBE
:102AA0002516FB0502022D1616030F190CD6020F70
:102AB0000CECF8F610F8F109201907170A20F312A8
:102AC000FC06F8EDE70AC316ED000CFDEA010A1C4E
:102AD00013041D0D14EAFAF001061613CC08DC0AE3
:102AE00016F905EFFEFB281613F404FF1D130B0067
:102AF000D4020D0813FFF3F02A10180F1339EEF863
:102B0000FA1315EF0424CD0D020401F70AD910FFC2
:102B1000FC1A05EF2ED8F604EDF2F913FF04EC0CC5
:102B200014060608E60EF1E92D0202E30CF702FC9A
:102B3000CD0C131109EAE9EA2201F50C06E5141699
:102B40000703F712F2C41A0000F2F616EAF121EFB9
:102B500012E3ECF8F30C080CE2E9F1FD07F4100DB8
:102B6000DF13F3F4FA08DAFEDC1B0312FC10E20EAA
:102B700008FF07FB01FF0B19D2FFF8FEEC0C13094D
:102B800006DEDF01EFF5110EDF020C13FC27191C26
:102B900004D6EF15FB20130ABF0B10BC0FED04F495
:102BA000FB09D91205081201EDF8161318BF091513
:102BB0001500EAF4F115E710F8D2EC0D0BE8FD1260
:102BC000F2FD080714EADFEFF407FDF913E50A0741
:102BD000FD0DFAE9070F03F404E8E90FF401F6022A
:102BE000FC0CFDFCE8FA0BFE0400EC06F121FB09ED
:102BF000DAE7E6FFF30EE8E50B070D14ECE91FFF3B
:102C0000EAE2F609FECF1015EEFFECEA13150DEA25
:102C1000F6140121D8060DE1E9F9CDF813F218F503
:102C2000F7FD07FFF3E4F4EDDFFE0C200204CBFF19
:102C300003F00C12F5FBFB10DAEC2403E9E21009B7
:102C400008E3E72CFCF621FCF6FFFD131518031131
:102C50000F030206D91BECE20B11E6EF0BFA01128F
:102C6000DA00F1EE080202ECE615FF07F30DE703C8
:102C700025E5FF1404160C2AE7DC010EEF1B1935BD
:102C800016130D0B0CE70FD809C6D415FF1A21E156
:102C9000FB20D6F72201F20EFCD00DE5061012043F
:102CA000EF182001F416E40BEB25BFE4FEFCBC0F8B
:102CB0000F020408E2EB0103F30FCAA113F0F0DEE8
:102CC0000A14EA2720C40FFC070307F80813FC0BBB
:102CD000FEF2E8F8D818FA0419F108FE1F00F9EA24
:102CE000DDF4FCF3FEFED216C505F618F215060F4C
:102CF00003FCE0FAEFE9FF16DFF015FAF9F8FAE065
:102D0000EE1CFFF31BFDFBFA131912F1EFF6DEF2D6
:102D10000CECE2DCF50700210BED0EFD060FE6EEF4
:102D20001513F0F70BE7FC12F1F5F1F906FEE905D2
:102D30000702E00D021118E7FE160301A80B1C5A4A
:102D400010F8000AF5DF0FFACAD3E0F810F70BD637
:102D50000DE0D8F52825EEECC508FFD1EC0A0502F8
:102D6000EC01FAFFFDF3F9F306FA020D05D6CD00EA
:102D70001CF1E801DA09032105C4FECE13FCDA02D6
:102D800015141805181606081004FBF2FDE9FCECF2
:102D9000DF1B08E9ED07110E2B09E83C08FD0F11B8
:102DA00014F7060FCEE2EDF21311FB0EFB06000046
:102DB000F4E41DF50EEC0EF3041A07070A04FDEA0D
:102DC000FB2AD5F21602FCE6180F03EDF6F1CD084A
:102DD00014DAD7D50204141F12EF0C1D16F90103E3
:102DE000F50ED508F2EDEBF6D905F0CFFF0311EDA6
:102DF0000906DCF9F51612060917E2F50908E717C6
:102E00000A0405DBFDFCDCEC0F020CF615E9F510FD
:102E1000E70A150B17D2ED191FEB1719D5FDF501B0
:102E200013FD1A0DD40900F805E2FEFF0F05000797
:102E3000DB12FA150D13FBD9040A03011417FD1454
:102E40000FFA180EF702DF131504EF0A04CC08E698
:102E5000F92100D8E904FEF427F5EE0AD8F4F20FC0
:102E60002AF335ECD2DA06F40C041F120310F9F23F
:102E7000F7052CEAECF115161B0C1613111117FEB1
:102E8000052A0BF8150C050407EBFB0F01050203DF
:102E9000F6F4E9F32A06F61E18FC21041715F0F3E0
:102EA0000EF1F608FA03F917F8F3E6FE100C07ED39
:102EB00003F9FF0310070FF6FC02E3EC21F0EC002E
:102EC000FF08001213DFFC030B11F00103ECEAF81A
:102ED000F90D03E4E71414ED38E71A0D12F0EC05D0
:102EE0000CEC03ECE8D4E416EFF5F3EEF528070359
:102EF0000E190303F91317F509FA1EF7E6F500FF9B
:102F000012E6FEE7EFF4F0FC04000914F0E4F1F936
:102F1000F1FAEE0DF9FBFDE8F7E8E803F6EEE8F26A
:102F20000CF8E410EF03020D010BEAF507FF091896
:102F3000FDF8EB03EBF0F90AE801FE0C054216265A
:102F4000EE0122FA05160FE01290A9FFF01026EA12
:102F5000EC17FE273203F5121ECF0BE5FD13020C12
:102F6000E312F80C1538E113F80BC6E6030FDAECA0
:102F700001EE1505B811EE110A21918BED010B1828
:102F8000ECFFFDF0E8F9F2F0DDEDF404FBF80316D8
:102F900014F2F0F80B0B02E4EF01F5FCEC0BF11668
:102FA000F4040705F707F7FB09FCE7EB0FF7061238
:102FB000F6060F03FE120A05F8E1FA0C0CF613EC04
:102FC000FCF90712F7CD210F15F003FCF811FCFAFC
:102FD000F2F7FBE9D00DE8050CFFE909FAEF101252
:102FE00003D8F31007D1EE08F91FF321EA0BEF0124
:102FF000F6F8FB1101080021D8032A0A01FCCF0FC3
:103000000EFF0EF5FA1DDB1106F50A090CBD09F9D4
:10301000E21EFBDF03C91310F802052CCAFFFB16E2
:103020000EF927F1E2EE00141300FEF40218080373
:10303000BAEF27FCEF10F0E112000815F500F802D6
:10304000061CF6FAF60FEB0C0A1C14FA0306DD1C3C
:10305000F9FB15051607020D1AF4FFFE03F1DCF269
:103060000A05EDF20AD61FFF20E8FDF2051A161137
:10307000F311FF0C19ED0CF7190B030B1203070AE0
:103080000908F8E8F62CDD1BF2040DEDF7EDF60B60
:10309000FD12112D24D00DF014230B0DF10CE20EB6
:1030A0001D12FE1510EF26EF24E1250F0BFA0EF985
:1030B000EB1E06051A04F5EE3506FCF1F4151016A4
:1030C0000007F2D9E811D30F0B1203F8FDFEF41B31
:1030D0000C0B150E2BDA10FE041E1AFADAECDFECDC
:1030E0002A20F5F7F7F728ED1EE00A0D0AFB15F781
:1030F000E90E02F2060AF8F21DF812EB1317D414C7
:10310000100120EC0D1EB4F111F9F31512CF0F0CC4
:10311000FA021AF404CEEE0B08000F12ED04E4FAE2
:1031200011F10508D0E9FDFE36EF0F11FBFA101280
:10313000C3111CFAF1F9F3FB23F905F4F017190D8B
:10314000F2F311F5DB10F201F014010A120DEF1F7A
:10315000F3F0FB203FFEEBE5FC11EEBD02F3F514AE
:10316000FC08EF1124211EEE1DFC1012F9DA1F05D8
:103170000616F113EF0AED0818E706FD09EE0BF449
:1031800016E9FC1D1DDF2907FB11FB03050C0FF8D9
:1031900019DBFB06D91D0CF6E6170BFF2BEE0FF122
:1031A000DEEAE8F305EA0712CF08F013F9FC00F5B0
:1031B00037F7F214FFEC0EFCE9EFF8F2F4EB1BFE2C
:1031C000FFEBF7210EEF241D030005F1F3FB1CFCC0
:1031D000FFEFFE10D8060B0EF40EEE010EF816F5FA
:1031E000ED0BE3FE06E2F4F9E521F22D0AE7071301
:1031F0001FEDF304010CFE0ED8DF17F703E1F8E82A
:1032000011CA17FAED04081701FE05F101F1FF01DB
:103210000319040AB01401E50C11EB15011215088D
:103220000DEE2CFBFFE20B0E14141230E207F90234
:10323000FFCA24EC0B110207090A32FFD60E0F0653
:10324000FCDCFCFBD0091010CC050908F015FC07CC
:1032500001DEEC11FB090FDFA217E6C4F71605EE3D
:10326000E705F7001C0211041DF91F06F8CAFB0F41
:1032700006EFE6FD1303061306CC0501C85FFFFF4A
:10328000A327FFFF2E7DFFFF0F72FFFF15470000F2
:10329000270F0000BF9AFFFF19DBFFFF755EFFFFDE
:1032A000E4850000E5A6FFFF1B9A00006290FFFF87
:1032B000CC6CFFFF90E8FFFFC42600001DE1FFFF7C
:1032C0008FBEFEFF962C0000D93BFFFF121AFFFFB6
:1032D00025A6FFFF0A7DFFFF90B9FFFF2133000005
:1032E000702700002455FFFF5BE2FFFF6D610000C7
:1032F0004996000096C6FFFF6F010000C22C000037
:10330000615C00003C0B0000AEA8FFFF1BCBFFFF81
:10331000EE97FFFF3064FFFF0FFEFFFF9C95FFFF5E
:103320002895FFFFA9B5FFFF52FFFEFFBA5300002B
:10333000967EFFFFC9F1FFFF0A330000955F000092
:1033400020F9FFFF3734FFFFA892FFFFE29BFFFF4A
:10335000E9CDFFFF5EC6FFFFF557000076AB00002A
:10336000B9340000F3E7FFFFD64300007AE3FFFF24
:103370007FF7FFFFBF3B00003A6DFFFF3C2C0D3491
:10338000F4EDF7261D16082AFFF41D1BF7CF0BFDE1
:10339000CFFD1302FF2125F93918F4111D09EEF6AE
:1033A000030E0F16D5E803D912DF1527E3F21CC46C
:1033B0001E032F0E2A241A0D0A062FFEF6000408FB
:1033C0000709FE0A3CFC2925E71306E21B16FAE46E
:1033D00016FEECF61D07FA280FF81D071C101CD46A
:1033E000EA1EF1ED0DDA10F6F9FE1E0CF4F42026BB
:1033F0002306150E232F2E36CED813261400E8E60A
:10340000F92E1D29F11C0D01BC1404F60ABD0CF1A6
:10341000040EEEEC2202EE2BFD03C4F414F02CF2A9
:1034200012F6D701C3F72ED6E01329ECFDF0F0BB5E
:10343000F80A05041D2910F1FF15E820F2F204E551
:103440002FFF15E4D5FEEE0931F0FA383BC3092908
:10345000FF141422070E1E07090419E8EFEED81313
:1034600009DF2D3AF916F316FAF8D3E90F0DFCE946
:10347000ECFCF702EEE7E3EE363A1B04060D1517F7
:10348000F500F61C181823F11C0D05FCE3D3EAF631
:103490003F280BEC030510D91020173104D6F50492
:1034A000F40B02FFC91616AF24380D061C3001BEFE
:1034B00011FC23FC00E6FAEA17FB11D4EE00F9F642
:1034C0000D1FF627200D2C33E72B0A0320DA0712F5
:1034D0000209F4E40D04ED14EE22EBDC173008E8E9
:1034E000FDF1CFF4E0EF18E208F02606EFF21DE858
:1034F0000DF2001C393206230611082BFDFEEA05E9
:10350000F309EA2825041B03BD1CEEDACEDE150400
:1035100007001ACD0C0713E40218BA23E3E30C05E5
:10352000DA23FE0FDB2BFDD720210E1C1120F6BA6B
:10353000E52D06E9F709F5E31FF4ECEA062BE0298F
:10354000FCE3EF1627DBFB0FFEEC3400F8B92E216D
:10355000CE17E52CFE072E0629F2C4FB0004111637
:10356000020E18F7D513D3F612BB0126D30C1DB7E4
:103570000F1012EB140836EDF90C2EFF35D907DBCE
:1035800007FC2AE0F7DD0103011CF90C0A81002386
:10359000EDE907DC0AFF1D16CBFBCCD42114C913BF
:1035A0001FF8261CBAFEE8EECBC40BE9D5B016898D
:1035B000EFF0D4E80810FE122C041E16E9FF04F206
:1035C000FC1518F204F8DEE5F60AFC07F0B606F57D
:1035D000271912EDE907FCD9F1F2FD0402F9D9FF30
:1035E000EBF8D7FDC52A2EDC1C2C19E5F714F4E501
:1035F000ECF3E61CD4D700D50D1D08DAEF090A1745
:103600000CD2FED5F311DED739D6E60BF042DB063D
:10361000211BF208EBD8FBFA101C3EF0CEC6F10DD0
:103620000BF3FA0F3FFBFD13EFFEF6140020052B02
:1036300024E9EBFDF1FBF3FD0012F0EA12290B0186
:10364000E4F7E2E0ECF90FE9FDF316DCE7F6FE172C
:10365000C8051327D5191BC0F7FEF519D9CCDBF91E
:10366000C60A2819E10BE0C317CCF716F01818D2D8
:1036700012FDF1E3CAEA15E00F1816CFF4E5E6FBF8
:10368000FC0CF40A36F128FA02FF14CFE20402F827
:1036900000EEF9DE21F00A07110B0A16071132DBE2
:1036A000D81EE1D5E30CF9370B061C171F1508E0EF
:1036B000E9E32EF011F135EEE5D60CF12540E310EB
:1036C000E9E8CB17220821F8F6E22CE5D206092515
:1036D000DAFF1F25FA1D0DDE2B19FEFAEB0EFD0099
:1036E000EFE71EFFC3F108E21EFFE828092AE3F412
:1036F000F01E0A0DF005FDDAF60720BBE4DFEFE966
:10370000121023E4E0F3D2D9E721CE020CF7F50042
:1037100011F8FFE8F9E4D7FBD5E11704DED9E8207A
:103720001516F926FC1B080A060DE6DB0919FBEC49
:103730001821CCFAEBD6CA100D08DDECBBCDECF7A6
:1037400027050DDCEDDEDEED4ADAF4181B14C905A1
:1037500015D40518D8B0E3EFE4D838FED7E8EE1654
:10376000F4E7FDFF2D2409FFDC170EE715F5EF0642
:103770000A07E5D4DCFE05010415BCFA05EEFDEEF2
:10378000E8EEE5EFE201170BFDFEFD19E3F801FF9E
:10379000E6DE0604EDEFF4F1FE11EAF1EA0818E9BD
:1037A000DC0ADE00EADBF0180FE2FEE7DA0C11EBD0
:1037B0001910EFE309E5FC0B1AECF8E4A2FD13CBBA
:1037C00003150AEFD107E3141DF7B20AFB5CEDD035
:1037D0002D2113030200CD19CDF15FF4E912F5108C
:1037E00027DFF3F40217F11FFFFEDFD516F404679D
:1037F00001E10708FDFDF22924FDD1EF0CEFEBDA22
:103800000DCF04D7FA96F1E7FC1E021817D2EC167A
:10381000DAD3E611ECFA0F26BAAAF9E224D90D247C
:103820002D0534FF1701E530CCE602D4EAD5EFBF11
:103830000003FFC4FAFC04F7FA1F1E23221CE60A49
:1038400024F215DED4E40AD5CC191111FED71F34A9
:10385000DEE2151C07F129F5E0EFB3F4F0FDCF3EF1
:10386000FD062C1F30F6084EEDFDF208F5F5EFD7FA
:103870000C41E60EFCEAFC0B15220917060F0900A5
:1038800010F0F901CEF809DD120BEDFC19E5181E58
:103890001D101205F30A2FE4E000EB1AFAE2CF370D
:1038A00000FE0609D03206EF090CDBEDF5EA00BD9B
:1038B000142BD9E9C7D4D8DB1A2CFEFB1B290A0F1D
:1038C0002BF905E1F60CF4F732EE081734F6F12F78
:1038D00012FA083CFC071F06E502011107E2D909AC
:1038E000F7F117441412F130EAE6DDF5E00509E2DC
:1038F0001326DAFD0B08DDF02F2AFB2823230334DF
:10390000E0F7CB12400F31F4EAE84FD1DCE817269C
:10391000FDF8151B1A183D034802DF1F0F1517E0AD
:10392000DA2426E7D90C01EA0C16FF2B1C04E8F672
:10393000EBEF36E8F5102101E7E60FCFEBF20EF7DB
:10394000002E130814181D21DD23E2F3EEF501DE2D
:10395000FB021DC40E21FC24FB0ED208231FF8DF3E
:103960002221CE06DF1201ED00010CEC271300C668
:103970000BF0EA22243DFB1EECE7F205FAFBEB0B11
:103980001209F93D0EFD3225E71AE8F1F3D3FDE601
:103990001BF60BEF2F10070D16F3E30E13042BE4A9
:1039A0001103F00002FE03E7E514080C01F415F41E
:1039B00014100A1E350C0E08EEE40E262414151001
:1039C00014FC16E2F313D108DE062217E7A6091E3F
:1039D000081318FB0C0115DC0C16AF32F5F6FA07CC
:1039E000DBF6081DAE2D15C20EF5ED1DEA1D19AE54
:1039F000142F0104F0EFF8FA0B051AC0FEE510F5DC
:103A0000F808E01CFA013814C8FAFACAD60810F00F
:103A100011F61CB91001FCE313FA0020FE01FBFEB5
:103A2000ED0CDAD2E5F228040A321EF0261AECDD9B
:103A3000E00C1D03E81915E3DCED05FF2F27E42E4C
:103A400001EAF71DEFDC12FC09FE3F2529E22B04F9
:103A5000B3D7F7FB1029251FFA0EDFF4311119FD3A
:103A600025E73A11F0E7D21112C3FF10EAD411ECA6
:103A70001E2221F40B0C12250B27332DCADCFCD897
:103A8000FB16F003DAF5DFD52007C3040C27D5F5C4
:103A90002E081218D9D1EC04E5EC4C0DD0D7CC1E71
:103AA00014EBFB0C3414281EF920EFD41D201C1736
:103AB000EE0BC51ACAF9EFFFFEF7D0F91BE30BC6F0
:103AC00023FD2F07F9D5EE23DE3CF71E15F40A0877
:103AD000F5CFE7F4FB11F624F5DAC1001924092526
:103AE0001A09021D1812F052E7FEE6E00EE2E6DACD
:103AF000EEF3F8F01718D332FD1EEE391403EAF98D
:103B000011C914F7F6D507F705EF0F1119D81909E0
:103B1000D101EFFFDFFE3CFB10ECE50915E2DB2EE7
:103B20000AE1411CE51CD10D13C1C7F5F30F13DDEC
:103B3000F2F703BADED90EE50D1E0AF5251CFC3995
:103B40000512FA0DFA021519CD100CE3DAC53D196C
:103B5000061CF1DEF9320E06FA3BAB43F804F0071F
:103B6000F4F60929D40BECC910E70D17273FFBA584
:103B7000FA390A2BFAF92DF3FD08FFF6AB22010002
:103B8000120B01005CD5FFFF59640000787800003B
:103B900047B200001FB0FFFFB440000087E3FEFF04
:103BA000FA30FFFFB9E3FFFF9DFDFEFF6503000054
:103BB000581000006406FFFF6FF4FEFF80FFFEFF59
:103BC000D2E0FFFF36E2FEFF0A2F0000BB93FFFFAB
:103BD000B1C10000CAC000001D49000007A10000DB
:103BE000C3DDFFFF4DA7FFFF41FC0000AB64FFFFFB
:103BF000DF2C00009458FFFF0889000035272E0CA9
:103C00003A31E42FF7FD574CCB32AE18D257B8D922
:103C1000E22E093819F9CA38F2FD0B1AF6C317015A
:103C20004C396B09145AD2563629DEF2F80F8F261A
:103C300006EDF8E9F74A2701D3D321123727DBDD58
:103C40003BD93E49E2F7113135641ACED1CC012679
:103C500044C85BFCEA483840D902233ADB0240E41E
:103C60002A1E3115320DE7EED8F428F114F7F6DEEE
:103C70004008132333254D132DF7D9F821111A25A8
:103C8000FEE4FEE03D12B0ECDD09D7C9F9F0DD1A23
:103C9000C324123C31391A14B504CC1041173689AB
:103CA000E72238440407DBF9540FBBB7CDCF42AD50
:103CB000C7AD190E08FD2B2ED32AFAEF523326EA90
:103CC000E63FE97F4FE9AD1DE302D9E516F31D0993
:103CD00008171DD62A38F944A5102A2A3D3849F973
:103CE000EC5738DD190AE6ED4133F8D7E236AF116B
:103CF000E0FF0B503A4E3B07E45CC95AFB3319A472
:103D000044102936CD45D8182502DBFC01E5BDE974
:103D1000CDAE250E38F11BE92C0EF228E5D0373058
:103D200068F212F7CF59FDEED5E33307160FC6EB55
:103D300062FDF509EA5025AD17F4102325B5EE3BD9
:103D400000E9501DFA361445071DE6D519C4E726CB
:103D500044421CF5DA2DEDEEA1D6302F150FCEED35
:103D6000EDD40218D30EF921CEB7F01DE9D8F5D362
:103D7000EA24DD00F11911CF1FE0EA11F1B7F5F9DE
:103D80001FFA3C9EEA4164FBAE063327F751ED0F64
:103D90000E30BA07F408ED0F3BFEEF15E010136983
:103DA000F0FBCBCE6BEF29A6D6E17961DE227E4215
:103DB0002C1DC6F8F30FC9221C4F4BFF22065F07CC
:103DC000E62FE2FEFB369D19E0002FCBCCDC1D0276
:103DD000060FE846142610FBE210D849CF86E716F6
:103DE000ACD12E1D269F0F32BEEB1302CFDF445BFA
:103DF000564FF7AC98F0DB4AE23F330911D0000090
:103E0000DCB10000D82B010036CA00003AF2FFFFF7
:103E100072DDFFFF3CD800006F4501004B2D000014
:103E20009B810000307E0000374FFFFFA84E00004E
:103E30004D0B01006E54000061C1FFFF06261A22DF
:103E4000014716363CE2C8F1DBB027B8E5F4FA06C4
:103E500006254DD7F9F0FE0CA61D1D2D0CEDECCE60
:103E6000E828C7DC20CBBEE31B2CE433260E9E17CC
:103E7000911BEE81BA3CEF32380AFCB237303EDAA1
:103E8000FDF529E6DA06410BDAACFC093F03C5F182
:103E900026F93E2FDFABB11EF50539D9BC2EEE3227
:103EA000E3BCBA33F72502C925F041D9511E000001
:103EB0009F13000092A9FFFF9A84FFFF261B0000BA
:103EC000F4F3FFFFE0D6FFFF249162486B70C84017
:103ED000274A010000000000D44301002C4A0100E1
:103EE000010000000C430100344A01000200000000
:103EF000444201003B4A0100030000007C410100F4
:103F0000454A010004000000B44001004E4A01008F
:103F100005000000EC3F0100554A010006000000CA
:103F2000243F0100B282804467717C448AFE7F4452
:103F3000EB1B7D44DF2B7F446C9D7E4415517D44FB
:103F40005358AF44271F86447985824454147944DA
:103F5000994B88447F1D804464BD8144CD9C83443B
:103F600076DD8444AD297F444A807144B6A0624422
:103F7000E8F759445C094E4403CC4744F8124244E4
:103F800094563F44D8B04844C0659144A9277E4424
:103F9000A0929942D559B1440F787B448D2A81442F
:103FA00058FE8B441E886C4439618744D7786D4431
:103FB000C50B8544E7B87444DDE77F444140804445
:103FC000A2BD7A44BC4E8044B12C7C446C00814438
:103FD00004397E4491047E4468B37F44C17C7C44B0
:103FE00097E97B442655794491CE844427097F4440
:103FF000308D9244958F7344AD218744030F6A44FA
:104000005F8A86445C376E44149C6F44B2F2654408
:1040100074466C44789C7C44A10D8344CEA16E44CC
:1040200010A96944CCE78144CECC7544F44E8A444F
:104030006D9D7F44A1616244BC6F7F4427898144A8
:1040400006A8844436E68144C1346B44A48C86447B
:104050000F67844497688D4431787344F1AE80448F
:1040600036C4844402A1864489E08344A00E73448C
:1040700025CE8244A0417844B07F81440C307C44FA
:104080009A778144C62B8244B94082449731704468
:1040900073B481443241744405AE77444CDB8344AD
:1040A000BDFA7444117379440B4B814440D26F4480
:1040B00067358244028D864402A28A441B2A9144B9
:1040C000B9A99A442D05A34489DDA8440F319B4426
:1040D00084518444D3396A448DF86144FF7F63443A
:1040E00065507244879C7E44B28F7444909F6044B4
:1040F000473F4D4470554644E8E14D446B6E57448C
:1041000089296044E4816944BA696D449CA9694481
:10411000E9C86F449C417C448D078944BA75944436
:1041200053D7914419ED8F44D75F8D4430DA9644CC
:10413000B3669744CC4C9A443988A4441C039544F4
:10414000BFF069443E4F544403D7554402FF5A44DC
:104150002C116B44C4C774448493734467A65F44B2
:104160004FA44F44F48B4944683D5444F1FB5B44F5
:10417000AC276244B73F654446F17044DB7E13428E
:104180007969024268BDEB41D7C60242D571084247
:10419000B0A20442D06C07421B9D0042E56252422D
:1041A000BFBD1242E0321A426D100E4241894142B7
:1041B0005F0B3D4204621E42482E1F420D873D4266
:1041C00076734842FAC95E42DB838142598C8C4245
:1041D0008D838942C8D788427D3F844284C79642F6
:1041E00049B66842FA68A3427D58A24270B594422B
:1041F00027B6784280927F42101D3942562B2C42BE
:10420000FAD71F42DDD61E42E125094228452F423A
:10421000C2D9DD4197FFDA4198CF3B422D96C64186
:104220000077F1411102144237083042473C1E42E8
:104230001D78224392CF4A42D7567D418BE8974260
:10424000B3C2A442DCDE7D4438B07D447AA17D4413
:10425000361E7D44A8747C44D8617D4453BC7C44A4
:1042600008987D44C9BC7C443B7B7D448FE07D4401
:10427000E01C7D44CF357244BA36AE44C5B9B94569
:104280002361D845FF4186456C2258454C7404454E
:1042900073F84B450230EB44A1EAB8445792AA4464
:1042A000C8D11045B07C4545DB7B1545933FA34401
:1042B000D4259244B7F08644EC148344E1959544A8
:1042C000DDDE8344896E8F4405DB72440FD1834465
:1042D000B1667B44F49379449F58804436F3774425
:1042E0009149804462C77B44D0927D4456FD7B4413
:1042F00073517C4401D67D44AF437D4402727D44BA
:1043000073157D440BD27C44DAA37D44CE20504407
:1043100032059F4474E79D44DB38BA44A465E84401
:10432000C980DD4485CFCA4467A7B144183B7744B0
:104330000989354502197B44625F70446328C4448F
:1043400084DCF044EDF50645C432ED44D5A5BF4408
:10435000F32F2445F587824438BC58446B486E449B
:10436000708D7244166FC644A751E2448B26CC442C
:104370005D59D844AB940545066C1D4424A2854480
:10438000A6958344A461884474C9C644830EE64458
:104390006EA3E44441CADF449D1C5B455FD2AE443A
:1043A00084348844BD6C1C44F881554423FF9444F4
:1043B0009C7BBE44074DBA44781CC8449DF0B94468
:1043C000E60E8B4456BFEE44ECCC8644BCE6724409
:1043D0000A355A4408CF7E44BEA97E44AE2C7E44A2
:1043E000B4F97E44E1417E4463987D44B1267E4425
:1043F000E40C7E44C20E7E4486A37E4473147E4445
:10440000A9447E44AB9F7E44AF687D449C5A7E4461
:1044100079487F4449AC7E4449F67E44B4277E44C3
:10442000E6F77C442F137F449A9E7E44ACE27D44A1
:10443000D29C7D4432507D4413D27D4457367E4415
:10444000DB457F441C6A7E44E74F7D44459F7E44A4
:10445000A25A7D44CD9D7E447A5D7E4460867D4433
:104460006D367E4468197E44DF0B7E445DBB7D441F
:10447000A2D17E44D9597E4470147E4429987E444A
:10448000DBDD7E4433CE7E4476727D44AEFC7D44DB
:10449000C7AD7D4480A27E44C7AD7D44380700206F
:1044A0000001000023DC0000CDDB00000200000062
:1044B0009DDD000000000000000000000000000082
:1044C00000000000A3510100AB51010000000000FA
:1044D0000000000000000000B3510100B7510100CE
:1044E000BB510100BF510100F04401008C0F0020BE
:1044F000D5350000A40F0020CA15002001000000DF
:1045000051DE000047DE000015DE0000F935000036
:104510000000000009DE000000000000A7E000002D
:104520008DE000000000000060000020000000009E
:1045300006000100020000003C45010000000000F0
:10454000525B010006000000E0CF1F0000000020C9
:104550005A5B010021000000E0FB0720D54D000060
:10456000C54E000000000000695000007D4F0000B3
:10457000CB5C010077E2000073E20000D15C010037
:1045800061E2000067E20000D75C010000A010506B
:1045900000820D500004055000860D50F008010007
:1045A00028090100440901000C090100FF03000073
:1045B00000A01050C4010020000000000000000016
:1045C000FF1F000000860D50780200200000000050
:1045D00003000000FFFFFFFF00820D507802002063
:1045E0000000000001000000FF070000000405506B
:1045F00000000000000000000200000000A01050B9
:1046000000820D500004055000860D5000600C50D3
:1046100000000000000000003846010000C2010058
:104620000000D60100000000000000400010000063
:10463000CD150020CC15002000600C504446010030
:10464000010000004C4601000400000030000000A2
:10465000320000023106000133060003104701005A
:10466000010000000C4701000100000008470100A4
:10467000010000000447010001000000F8460100AD
:1046800003000000EC46010003000000D8460100D2
:1046900005000000CC46010003000000B846010000
:1046A00005000000AC460100030000003447010093
:1046B000844701004447010024470100644701008A
:1046C00034470100844701004447010024470100AA
:1046D000644701003447010014470100744701009A
:1046E000344701008447010044470100144701009A
:1046F000744701003447010014470100544701008A
:1047000024470100444701003447010024470100C9
:1047100014470100000000001411002004110020C3
:104720000020045000010000181100200811002092
:1047300000200850000200001C1100200C11002075
:1047400000200C5000030000201100201011002058
:1047500000201050010400002411002000400450EB
:1047600000300850010500002811002000400850CA
:1047700000400C50010600002C1100200050045095
:1047800000300C50010700003011002000500C5088
:104790000030105000A0105000820D500004055051
:1047A00000860D50080000000A0000000400000010
:1047B00001000000A9640100B7640100CB6401009E
:1047C000DA640100E6640100440801005C080100AD
:1047D0009C080100A4080100C4080100D4080100DD
:1047E000E46601000001000088130000C904010014
:1047F0000001010000020200001400000028000077
:10480000004000000100000002000000104801000C
:104810000000000000000000000000000000000098
:1048200000000000284801000F0000000000000008
:104830000000000006000000000000000000000072
:104840000000000000000000000000000000004028
:1048500095596959555554551555555604051541E1
:1048600010545540455155444045504450555545C8
:104870000040004040044496655556554540455417
:104880005141154055915555555540510501000070
:1048900054455454455505040010041014044000B8
:1048A000000001405555154154040000440001002A
:1048B000000000404100004450444550540055550C
:1048C0005455655100400040010000010005010001
:1048D00011545151545555050015415000000440E4
:1048E0001001040500000000FF03FFFFFF07FF1F8A
:1048F000FF03FFFFFF07FF1FFF03FFFFFF07FF1F70
:1049000061786F6E5F757365725F696E7374616EE7
:1049100063655F33363233370031003200330035A0
:1049200000360041786F6E20284E505529000A3D10
:104930003D3D2031315F62656E63686D61726B3A37
:10494000202573203D3D3D0A004552524F3A2069D3
:104950006E697420646F206D6F64656C6F20666192
:104960006C686F750A004D6F64656C6F3A20736FE9
:104970006C7574696F6E2025732C206A616E656C8E
:10498000612025752C20257520636C617373657318
:104990000A004552524F3A20666565642027257308
:1049A0002720282564290A004552524F3A20696E73
:1049B000666572656E636961202725732720282547
:1049C00064290A005B25735D2072616A616461205D
:1049D00025753A20257520696E666572656E636976
:1049E00061732C206C6174656E636961207573203E
:1049F0006D696E2F6D65642F6D6178203D20256C8B
:104A00006C75202F20256C6C75202F20256C6C7503
:104A10002C20636C617373657320657272616461CD
:104A2000733A2025750A0069646C65007368616BD0
:104A3000696E6700696D7061637400667265655FB9
:104A400066616C6C006361727279696E6700696E91
:104A50005F63617200706C616365640068656170BA
:104A600020636F7272757074696F6E20286672654C
:104A700065206C697374206C696E6B6167652900D1
:104A8000574553545F544F504449522F7A657068CC
:104A900079722F6C69622F686561702F686561702B
:104AA0002E630028616C69676E20262028616C697E
:104AB000676E202D20312929203D3D2030004153B3
:104AC00053455254494F4E204641494C205B257373
:104AD0005D20402025733A25640A0009616C6967EE
:104AE0006E206D757374206265206120706F77652C
:104AF00072206F6620320A006279746573203E204E
:104B0000686561705F666F6F7465725F6279746506
:104B10007328627974657329000968656170207370
:104B2000697A6520697320746F6F20736D616C6C96
:104B30000A00686561705F737A203E206368756E55
:104B40006B737A2873697A656F66287374727563FC
:104B500074207A5F686561702929006368756E6BDF
:104B6000305F73697A65202B206D696E5F636875AD
:104B70006E6B5F73697A65286829203C3D20686503
:104B800061705F737A006F735F686561700057458D
:104B900053545F544F504449522F7A65706879726C
:104BA0002F6C69622F6F732F63627072696E746607
:104BB0005F7061636B616765642E63000953747293
:104BC000696E67207769746820746F6F206D616EFD
:104BD0007920617267756D656E74730A000973746C
:104BE000725F7074725F706F735B5D20746F6F20A3
:104BF000736D616C6C0A0009746F6F206D616E7962
:104C000020666F726D617420617267730A00696E4D
:104C10005F7061636B6167656420213D20282876A1
:104C20006F6964202A2930290028756E7369676EC0
:104C30006564292063686172202A20757365642089
:104C4000666F722025257020617267756D656E74C0
:104C50002E2049742773207265636F6D6D656E64D5
:104C6000656420746F206361737420697420746FAD
:104C700020766F6964202A20626563617573652000
:104C80006974206D6179206361757365206D697346
:104C90006265686176696F7220696E2063657274FF
:104CA00061696E20636F6E66696775726174696FA2
:104CB0006E732E20537472696E673A222573222018
:104CC000617267756D656E743A25640073637079FF
:104CD0005F636E74203C2073697A656F6628637029
:104CE000795F7374725F706F7329006B6565705FB5
:104CF000636E74203C2073697A656F66286B656506
:104D0000705F7374725F706F732900636270726991
:104D10006E74665F7061636B6167650057455354DD
:104D20005F544F504449522F7A65706879722F69E9
:104D30006E636C7564652F7A65706879722F6B6528
:104D4000726E656C2E6800216B5F69735F707265AF
:104D50005F6B65726E656C282900096B5F63757205
:104D600072656E745F6765742063616C6C65642046
:104D70007072652D6B65726E656C0A0057455354F1
:104D80005F544F504449522F7A65706879722F6C86
:104D900069622F6F732F6D7073635F706275662E1B
:104DA0006300657272203D3D203000574553545FCB
:104DB000544F504449522F7A65706879722F696E4A
:104DC000636C7564652F7A65706879722F7370698A
:104DD0006E6C6F636B2E68007A5F7370696E5F6CC8
:104DE0006F636B5F76616C6964286C290009496E9A
:104DF00076616C6964207370696E6C6F636B2025DB
:104E0000700A007A5F7370696E5F756E6C6F636BAA
:104E10005F76616C6964286C2900094E6F74206D9F
:104E200079207370696E6C6F636B2025700A007354
:104E300079735F6765746F707400574553545F549E
:104E40004F504449522F7A65706879722F6C6962AD
:104E50002F7574696C732F6F6E6F66662E630073A7
:104E600074617465203D3D20305500217379735F76
:104E7000736C6973745F69735F656D7074792826EC
:104E80006D67722D3E636C69656E74732900747270
:104E9000616E73697420213D202828766F69642033
:104EA0002A293029007374617465203D3D20283122
:104EB000554C203C3C2028312929006D67722D3E3D
:104EC00072656673203D3D20300073746174652007
:104ED0003D3D202831554C203C3C202830292900DC
:104EE0006D67722D3E72656673203E203000574517
:104EF00053545F544F504449522F7A657068797209
:104F00002F6C69622F7574696C732F6E6F7469668C
:104F1000792E6300574553545F544F504449522FE4
:104F20007A65706879722F696E636C7564652F7A23
:104F300065706879722F6C6F6767696E672F6C6F29
:104F4000675F6261636B656E642E68006261636BAC
:104F5000656E6420213D202828766F6964202A2907
:104F60003029006C6F6767696E6700574553545F5F
:104F7000544F504449522F7A65706879722F737577
:104F8000627379732F6C6F6767696E672F6C6F67D9
:104F90005F636F72652E63006C6F675F6261636B46
:104FA000656E645F636F756E745F67657428292032
:104FB0003C2028283332202F20335529202D20282B
:104FC00031202B20302929006261636B656E6420DB
:104FD0003C3D205F6C6F675F6261636B656E645F11
:104FE0006C6973745F656E640009756E65787065D1
:104FF00063746564206C69737420656E64206C6FE3
:10500000636174696F6E0A006C6F675F6261636BE6
:10501000656E645F636F756E745F676574282920C1
:105020003E2030006C6F67006C6F675F6D676D745A
:10503000004D65737361676520282225732229203E
:1050400064726F707065642062656361757365205A
:10505000697420657863656564732073697A652077
:105060006C696D69746174696F6E202825752900FB
:10507000574553545F544F504449522F7A657068D6
:1050800079722F7375627379732F6C6F6767696EAE
:10509000672F6C6F675F6D73672E6300706C656E52
:1050A000203E3D2030004D6573736167652064725A
:1050B0006F707065642062656361757365206974E3
:1050C00020657863656564732073697A65206C690F
:1050D0006D69746174696F6E2028257529000D0A49
:1050E00000574553545F544F504449522F7A6570CE
:1050F0006879722F7375627379732F6C6F67676944
:105100006E672F6C6F675F6F75747075742E6300B8
:105110006F75745F6374782D3E636F6E74726F6C1D
:105120005F626C6F636B2D3E6F6666736574203CC7
:105130003D206F75745F6374782D3E73697A6500E6
:105140001B5B306D006C6576656C203C3D20340047
:10515000257320005B2530386C755D20005B2530A1
:1051600032753A253032753A253032752E25303376
:10517000752C253033755D20002573003C25733E6A
:10518000200025732F0025733A2000657272203E9F
:105190003D203000253032782000202020007C0087
:1051A0002563001B5B313B33316D001B5B313B33AF
:1051B000336D006572720077726E00696E6600640E
:1051C000626700574553545F544F504449522F7AF9
:1051D00065706879722F7375627379732F6C6F675E
:1051E00067696E672F6261636B656E64732F6C6FA6
:1051F000675F6261636B656E645F756172742E6375
:10520000006465766963655F69735F72656164797F
:1052100028756172745F64657629006C6F675F62E0
:1052200061636B656E645F75617274006C6F675F5C
:1052300075617274004552524F5221204D4F4445C2
:105240004C204C41434B5320414E2045585445522D
:105250004E414C20494E505554210A005745535455
:105260005F544F504449522F656467652D61692F23
:105270006C69622F61786F6E2F706C6174666F72EB
:105280006D2F7372632F7A65706879722F6E7266F4
:105290005F61786F6E5F706C6174666F726D5F7A5C
:1052A00065706879722E63007263203D3D20300086
:1052B000726573756C74203D3D2030006D6C7373A6
:1052C000002A2A2A20426F6F74696E67206E524648
:1052D00020436F6E6E6563742053444B2076332EEB
:1052E000342E302D39393535333035353630376257
:1052F000202A2A2A0A002A2A2A205573696E672042
:105300005A6570687972204F532076342E342E30CF
:105310002D626638303165346533643139202A2A8C
:105320002A0A0072302F61313A2020307825303837
:1053300078202072312F61323A20203078253038A1
:1053400078202072322F61333A202030782530388F
:10535000780072332F61343A202030782530387845
:10536000207231322F69703A202030782530387819
:10537000207231342F6C723A202030782530387802
:105380000020787073723A20203078253038780009
:10539000735B2532645D3A202030782530387820E0
:1053A00020735B2532645D3A2020307825303878D0
:1053B0002020735B2532645D3A2020307825303818
:1053C000782020735B2532645D3A202030782530C8
:1053D00038780066707363723A2020307825303850
:1053E00078004661756C74696E6720696E737472BB
:1053F000756374696F6E20616464726573732028CD
:105400007231352F7063293A203078253038780092
:10541000556E68616E646C6564204952516E3A2025
:105420002564002A2A2A2A2A205553414745204626
:1054300041554C54202A2A2A2A2A002020446976E1
:105440006973696F6E206279207A65726F0020201F
:10545000556E616C69676E6564206D656D6F7279FC
:1054600020616363657373002020537461636B2054
:105470006F766572666C6F772028636F6E746578DF
:10548000742061726561206E6F742076616C69644E
:10549000290020204E6F20636F70726F63657373F5
:1054A0006F7220696E737472756374696F6E7300C6
:1054B0002020496C6C6567616C206C6F6164206FA3
:1054C00066204558435F52455455524E20696E74CC
:1054D0006F205043002020496C6C6567616C20751B
:1054E0007365206F66207468652045505352002014
:1054F00020417474656D707420746F2065786563E5
:1055000075746520756E646566696E656420696E84
:10551000737472756374696F6E002A2A2A2A2A20AE
:105520004D5055204641554C54202A2A2A2A2A00FB
:105530002020537461636B696E67206572726F72AD
:105540002028636F6E746578742061726561206DC8
:1055500069676874206265206E6F742076616C697B
:105560006429002020556E737461636B696E672037
:105570006572726F72002020446174612041636320
:105580006573732056696F6C6174696F6E002020BB
:105590004D4D46415220416464726573733A203028
:1055A000782578002020496E737472756374696F72
:1055B0006E204163636573732056696F6C61746913
:1055C0006F6E002020466C6F6174696E672D706F7E
:1055D000696E74206C617A792073746174652070CF
:1055E0007265736572766174696F6E206572726F31
:1055F0007200574553545F544F504449522F7A65B7
:10560000706879722F617263682F61726D2F636F9A
:1056100072652F636F727465785F6D2F6661756C4C
:10562000742E6300212828285343425F5479706503
:10563000202A292028283078453030304530303035
:10564000554C29202B20307830443030554C2920BF
:10565000292D3E434653522026202831554C203CCC
:105660003C20283055202B20345529292900095366
:105670007461636B696E67206F722044617461208E
:105680004163636573732056696F6C6174696F6EF3
:10569000206572726F7220776974686F75742073F9
:1056A0007461636B2067756172642C207573657219
:1056B0002D6D6F6465206F72206E756C6C2D706F30
:1056C000696E74657220646574656374696F6E0ACF
:1056D0000A002A2A2A2A2A20425553204641554C9C
:1056E00054202A2A2A2A2A002020537461636B69D5
:1056F0006E67206572726F72002020507265636958
:105700007365206461746120627573206572726FC5
:1057100072002020424641522041646472657373D6
:105720003A2030782578002020496D7072656369D1
:105730007365206461746120627573206572726F95
:1057400072002020496E737472756374696F6E20E5
:10575000627573206572726F72005265736572763E
:10576000656420457863657074696F6E2028005306
:10577000707572696F757320696E74657272757079
:105780007420284952512000535053454C20696ED3
:1057900020746872656164206D6F646520646F6554
:1057A00073206E6F7420696E646963617465205044
:1057B00053500065736620213D202828766F696468
:1057C000202A293029000945534620636F756C64EF
:1057D000206E6F74206265207265747269657665EB
:1057E00064207375636365737366756C6C792E20C2
:1057F0005368616C6C206E65766572206F636375AB
:10580000722E0A002A2A2A2A2A2048415244204677
:1058100041554C54202A2A2A2A2A002020427573F6
:10582000206661756C74206F6E20766563746F728C
:10583000207461626C65207265616400202044659B
:10584000627567206576656E740020204661756C10
:105850007420657363616C6174696F6E2028736571
:10586000652062656C6F772900415243485F455857
:1058700043455054207769746820726561736F6E78
:105880002025780A00094661756C74206573636190
:105890006C6174696F6E20776974686F75742046E7
:1058A000535220696E666F0A00094861726446614E
:1058B000756C7420776974686F757420484653520C
:1058C00020696E666F205368616C6C206E6576652A
:1058D00072206F636375720A002A2A2A2A2A2044DA
:1058E00065627567206D6F6E69746F72206578638D
:1058F000657074696F6E202A2A2A2A2A002A2A2AA9
:105900002A2A20257320256429202A2A2A2A2A00C7
:10591000574553545F544F504449522F7A6570682D
:1059200079722F617263682F61726D2F636F726578
:105930002F636F727465785F6D2F6972715F6D612F
:105940006E6167652E63007072696F203C3D202890
:105950002831554C203C3C2028332929202D20314A
:10596000290009696E76616C6964207072696F72D2
:1059700069747920256420666F722025642069721D
:1059800071212076616C756573206D75737420626A
:1059900065206C657373207468616E20256C750AD0
:1059A0000A006D7075004661696C656420746F2033
:1059B000616C6C6F63617465206E6577204D505526
:1059C00020726567696F6E2025750A0050617274D8
:1059D0006974696F6E2025753A20636F686572651A
:1059E0006E636520636865636B206661696C6564DE
:1059F0002E00496E76616C696420756E6465726C08
:105A000079696E6720726567696F6E20696E64657B
:105A10007820257500574553545F544F50444952E0
:105A20002F7A65706879722F617263682F61726D69
:105A30002F636F72652F6D70752F61726D5F6D7062
:105A4000752E630009436F6E6669677572696E67CC
:105A500020257520737461746963204D5055207240
:105A60006567696F6E73206661696C65640A0A0018
:105A7000094D61726B696E672025752061726561E1
:105A80007320666F722064796E616D696320726540
:105A900067696F6E73206661696C65640A0A000944
:105AA0005265717565737420746F20636F6E6669DB
:105AB000677572653A20257520726567696F6E7328
:105AC0002028737570706F727465643A202575298B
:105AD0000A0A002128726567696F6E5B6964785DE8
:105AE0002E64745F617474722026202831554C2016
:105AF0003C3C202830292929000952414D5F4E4F56
:105B0000434143484520776974682044545F4D45BC
:105B10004D5F434143484541424C45206174747296
:105B200069627574650A0A00094661696C656420DA
:105B3000746F20616C6C6F63617465204D505520EB
:105B4000726567696F6E732066726F6D2044540AC8
:105B50000A00464C4153485F30005352414D5F307C
:105B600000736F6300416C6C6F6361746564206CDB
:105B70006573732047525443206368616E6E656C91
:105B8000732028256429207468616E207265717500
:105B90006573746564202825642900574553545F54
:105BA000544F504449522F6D6F64756C65732F6864
:105BB000616C2F6E6F726469632F6E7266782F68E6
:105BC000616C2F6E72665F677274632E6800636328
:105BD0005F6368616E6E656C203C20283132554CE5
:105BE000290063635F68203C3D20283078464646A4
:105BF0004646554C203C3C202830554C292900571E
:105C00004553545F544F504449522F7A6570687918
:105C1000722F736F632F6E6F726469632F636F6D82
:105C20006D6F6E2F6E72665F7379735F6576656EEA
:105C3000742E630068616E646C65203E3D20300008
:105C40006576656E745F7265665F636E74203E2074
:105C5000300063616368655F6E7266780057455314
:105C6000545F544F504449522F7A65706879722FAF
:105C7000647269766572732F636C6F636B5F636FB9
:105C80006E74726F6C2F636C6F636B5F636F6E7497
:105C9000726F6C5F6E72662E630074797065203C63
:105CA00020434C4F434B5F434F4E54524F4C5F4E3B
:105CB00052465F545950455F434F554E5400636CF4
:105CC0006F636B40313065303030006866636C6BF9
:105CD000006C66636C6B006866636C6B32346D00DD
:105CE000636C6F636B5F636F6E74726F6C005745AC
:105CF00053545F544F504449522F7A6570687972FB
:105D00002F696E636C7564652F7A65706879722F80
:105D1000647269766572732F6770696F2F67706937
:105D20006F5F7574696C732E680063616C6C62617F
:105D3000636B00094E6F2063616C6C6261636B2161
:105D40000A0063616C6C6261636B2D3E68616E6416
:105D50006C657200094E6F2063616C6C6261636BED
:105D60002068616E646C6572210A00574553545F68
:105D7000544F504449522F6D6F64756C65732F6892
:105D8000616C2F6E6F726469632F6E7266782F6814
:105D9000616C2F6E72665F6770696F2E68006E723D
:105DA000665F6770696F5F70696E5F70726573655B
:105DB0006E745F636865636B282A705F70696E2913
:105DC00000574553545F544F504449522F7A6570E1
:105DD0006879722F647269766572732F6770696F64
:105DE0002F6770696F5F6E7266782E630063622D35
:105DF0003E68616E646C6572006770696F40313037
:105E000061303030006770696F4064383630300080
:105E10006770696F406438323030006770696F4076
:105E20003530343030007561727440633630303054
:105E300000756172745F6E7266785F756172746509
:105E4000002A2A2A205573696E67204564676520F9
:105E50004149204164642D6F6E2076322E332E30FE
:105E60002D316332346633613934616339202A2A33
:105E70002A0A00574553545F544F504449522F6DDE
:105E80006F64756C65732F68616C2F6E6F726469D7
:105E9000632F6E7266782F68656C706572732F6EF3
:105EA0007266785F677070695F647070692E6300F6
:105EB000705F6770706920213D202828766F6964C3
:105EC000202A29302900574553545F544F504449E4
:105ED000522F6D6F64756C65732F68616C2F6E6FD8
:105EE000726469632F6E7266782F6273702F737499
:105EF00061626C652F736F632F696E746572636F77
:105F00006E6E6563742F6E7266785F677070695F1E
:105F100064327070692E63006E6F64655F6964201F
:105F20003C204E5246585F475050495F4E4F4445C3
:105F30005F434F554E54006E6F64655F6964203C4B
:105F4000204E5246585F475050495F4E4F44455F80
:105F5000445050495F434F554E5400574553545F8A
:105F6000544F504449522F6D6F64756C65732F68A0
:105F7000616C2F6E6F726469632F6E7266782F6426
:105F80007269766572732F7372632F6E7266785FB3
:105F9000636C6F636B2E63006D5F636C6F636B5F2D
:105FA00063622E6D6F64756C655F696E697469619B
:105FB0006C697A656400574553545F544F504449A7
:105FC000522F6D6F64756C65732F68616C2F6E6FE7
:105FD000726469632F6E7266782F64726976657277
:105FE000732F7372632F6E7266785F636C6F636B6F
:105FF0005F6C66636C6B2E6300574553545F544F60
:10600000504449522F6D6F64756C65732F68616CD5
:106010002F6E6F726469632F6E7266782F64726977
:10602000766572732F7372632F6E7266785F636C1E
:106030006F636B5F786F2E6300574553545F544F07
:10604000504449522F6D6F64756C65732F68616C95
:106050002F6E6F726469632F6E7266782F64726937
:10606000766572732F7372632F6E7266785F636CDE
:106070006F636B5F786F32346D2E630057455354F6
:106080005F544F504449522F6D6F64756C65732F88
:1060900068616C2F6E6F726469632F6E7266782F01
:1060A000647269766572732F7372632F6E7266788D
:1060B0005F6770696F74652E6300574553545F5472
:1060C0004F504449522F6D6F64756C65732F686132
:1060D0006C2F6E6F726469632F6E7266782F6861C1
:1060E0006C2F6E72665F6770696F74652E680069E9
:1060F0006E646578203C203800705F696E7374614F
:106100006E636500705F6368616E6E656C007069D8
:106110006E5F6861735F7472696767657228705F2C
:10612000696E7374616E63652C2070696E290069F5
:106130006E745F656E61626C650076616C7565207A
:106140003C3D202828307846464646554C203C3C6D
:10615000202830554C2929203E3E202830554C29F6
:10616000290076616C7565203C3D202828307846F2
:1061700046554C203C3C202830554C2929203E3E99
:10618000202830554C2929002863635F6368616EBD
:106190006E656C203C20283132554C29292026265A
:1061A000202876616C7565203C3D20283078374684
:1061B000464646464646554C203C3C202830554CE9
:1061C00029292900574553545F544F504449522FB1
:1061D0006D6F64756C65732F68616C2F6E6F726480
:1061E00069632F6E7266782F647269766572732F99
:1061F0007372632F6E7266785F677274632E6300CA
:106200006D5F63622E7374617465203D3D204E5254
:1062100046585F4452565F53544154455F494E4976
:106220005449414C495A454400737973636F756E04
:106230007465725F636865636B286368616E6E6521
:106240006C29203D3D2030006D5F63622E636861E4
:106250006E6E656C5F646174615B695D2E6368611D
:106260006E6E656C203D3D2069647800574553543F
:106270005F544F504449522F6D6F64756C65732F96
:1062800068616C2F6E6F726469632F6E7266782F0F
:10629000647269766572732F7372632F6E7266789B
:1062A0005F706F7765722E6300705F636F6E6669F3
:1062B00067006D5F706F667761726E5F68616E64B4
:1062C0006C657220213D202828766F6964202A2978
:1062D0003029006D5F736C6565706576745F686109
:1062E0006E646C657220213D202828766F696420D9
:1062F0002A29302900574553545F544F504449527E
:106300002F6D6F64756C65732F68616C2F6E6F7283
:106310006469632F6E7266782F68616C2F6E726687
:106320005F7272616D632E6800705F636F6E666985
:10633000672D3E77726974655F627566665F736923
:106340007A65203C3D202830783230554C29005762
:106350004553545F544F504449522F7A65706879C1
:10636000722F6B65726E656C2F6465766963652E3E
:1063700063007263203E3D202D2830786666292018
:106380002626207263203C2030000964657669630C
:106390006520257320696E69743A20696E76616C98
:1063A0006964206572726F7220282564290A00488A
:1063B000616C74696E672073797374656D00556ED6
:1063C0006B6E6F776E206572726F7200756E6B6E9A
:1063D0006F776E003E3E3E205A4550485952204647
:1063E0004154414C204552524F522025643A2025B9
:1063F00073206F6E20435055202564004661756CF4
:106400007420647572696E6720696E746572727546
:1064100070742068616E646C696E670A00437572FF
:1064200072656E74207468726561643A202570200C
:106430002825732900574553545F544F50444952FF
:106440002F7A65706879722F6B65726E656C2F6636
:106450006174616C2E6300726561736F6E20213D03
:10646000204B5F4552525F4B45524E454C5F504169
:106470004E49430009417474656D707465642074FD
:106480006F207265636F7665722066726F6D206132
:10649000206B65726E656C2070616E696320636F3E
:1064A0006E646974696F6E0A0043505520657863A5
:1064B000657074696F6E00556E68616E646C6564BA
:1064C00020696E7465727275707400537461636BC9
:1064D000206F766572666C6F77004B65726E656CC7
:1064E000206F6F7073004B65726E656C2070616E0B
:1064F000696300574553545F544F504449522F7AB3
:1065000065706879722F6B65726E656C2F696E6944
:10651000742E63007468726561645F6461746120E5
:106520003C3D205F5F7374617469635F746872657A
:1065300061645F646174615F6C6973745F656E64EC
:1065400000646576203C3D205F6465766963655F25
:106550006C6973745F656E64006D61696E006F7362
:1065600000574553545F544F504449522F7A657039
:106570006879722F6B65726E656C2F69646C652E1D
:1065800063005F6B65726E656C2E637075735B3054
:106590005D2E63757272656E742D3E626173652E39
:1065A0007072696F203E3D203000574553545F5450
:1065B0004F504449522F7A65706879722F6B65721B
:1065C0006E656C2F6D757465782E63002161726342
:1065D000685F69735F696E5F697372282900096D6E
:1065E0007574657865732063616E6E6F7420626583
:1065F000207573656420696E736964652049535220
:10660000730A006D757465782D3E6C6F636B5F6304
:106610006F756E74203E20305500574553545F54BB
:106620004F504449522F7A65706879722F6B6572AA
:106630006E656C2F696E636C7564652F6B73636830
:1066400065642E680021617263685F6972715F75AD
:106650006E6C6F636B6564286B65792900090A00AD
:106660007468726561642D3E626173652E70656E3B
:106670006465645F6F6E00574553545F544F5044D8
:1066800049522F7A65706879722F6B65726E656CEE
:106690002F73656D2E63002828617263685F6973CC
:1066A0005F696E5F6973722829203D3D2030292083
:1066B0007C7C20282874696D656F7574292E746937
:1066C000636B73203D3D202828286B5F74696D65DE
:1066D0006F75745F74297B307D29292E7469636B13
:1066E00073292900737973776F726B710057455363
:1066F000545F544F504449522F7A65706879722F15
:106700006B65726E656C2F776F726B2E6300776F9F
:10671000726B2D3E717565756520213D20282876A8
:106720006F6964202A29302900776F726B20213D20
:10673000202828766F6964202A29302900776F7213
:106740006B2D3E68616E646C657220213D202828A7
:10675000766F6964202A2930290021666C61675FA1
:1067600074657374282671756575652D3E666C6158
:1067700067732C204B5F574F524B5F515545554522
:106780005F535441525445445F4249542900717546
:1067900065756500737461636B00574553545F54AE
:1067A0004F504449522F7A65706879722F6B657229
:1067B0006E656C2F7468726561642E6300282828EA
:1067C000287072696F2929203D3D20313520262609
:1067D000207A5F69735F69646C655F746872656174
:1067E000645F656E7472792828656E7472792929E0
:1067F00029207C7C202828283135202D2031292073
:106800003E3D2028282D31362929292026262028DA
:10681000287072696F2929203E3D2028282D3136A5
:1068200029292026262028287072696F2929203CD2
:106830003D20283135202D20312929290009696E74
:1068400076616C6964207072696F7269747920284E
:106850002564293B20616C6C6F7765642072616EE2
:1068600067653A20256420746F2025640A00095466
:10687000687265616473206D6179206E6F74206247
:1068800065206372656174656420696E20495352A6
:10689000730A00574553545F544F504449522F7A5E
:1068A00065706879722F6B65726E656C2F736368A3
:1068B00065642E6300217A5F69735F69646C655F4C
:1068C0007468726561645F6F626A65637428746876
:1068D000726561642900574553545F544F504449D1
:1068E000522F7A65706879722F6B65726E656C2FA6
:1068F000696E636C7564652F6B7468726561642E74
:1069000068005F6B65726E656C2E637075735B30CB
:106910005D2E63757272656E7420213D2028287685
:106920006F6964202A293029002169735F746872B5
:106930006561645F64756D6D792874687265616402
:106940002900574553545F544F504449522F7A659C
:10695000706879722F6B65726E656C2F696E636CEF
:106960007564652F6B737761702E68006172636860
:106970005F6972715F756E6C6F636B6564286B65C0
:106980007929207C7C205F6B65726E656C2E63704C
:1069900075735B305D2E63757272656E742D3E6229
:1069A0006173652E7468726561645F737461746588
:1069B00020262028282831554C203C3C20283029EE
:1069C0002929207C20282831554C203C3C20283384
:1069D000292929290009436F6E746578742073771B
:1069E00069746368696E67207768696C6520686F91
:1069F0006C64696E67206C6F636B210A0073697A3F
:106A0000656F66285F73636865645F7370696E6C39
:106A10006F636B29203D3D2030207C7C206C6F63B0
:106A20006B20213D20265F73636865645F73706926
:106A30006E6C6F636B005F6B65726E656C2E63705E
:106A400075735B305D2E63757272656E742D3E6278
:106A50006173652E73636865645F6C6F636B6564F7
:106A600020213D203155005F6B65726E656C2E6391
:106A70007075735B305D2E63757272656E742D3E3A
:106A8000626173652E73636865645F6C6F636B65C9
:106A90006420213D20305500217465726D696E615E
:106AA0007465000961626F72746564205F6375725A
:106AB00072656E74206261636B2066726F6D206414
:106AC0006561640A0021657373656E7469616C00A9
:106AD0000961626F7274656420657373656E7469B1
:106AE000616C207468726561642025700A005745E6
:106AF00053545F544F504449522F7A6570687972ED
:106B00002F6B65726E656C2F74696D65736C69634C
:106B1000696E672E6300282874696D656F75742926
:106B200020262620282875696E747074725F742977
:106B300028736C6963655F74696D656F757473291B
:106B400029203C3D20282875696E747074725F742A
:106B5000292874696D656F757429292026262028D7
:106B60002875696E747074725F74292874696D6514
:106B70006F75742929203C20282875696E747074FB
:106B8000725F7429282628736C6963655F74696D68
:106B9000656F757473295B282873697A655F74293A
:106BA000282828696E742973697A656F6628636876
:106BB00061725B31202D202832202A202128215F7C
:106BC0005F6275696C74696E5F74797065735F6319
:106BD0006F6D70617469626C655F70285F5F747956
:106BE00070656F665F5F28736C6963655F74696D5C
:106BF000656F757473292C205F5F747970656F669B
:106C00005F5F282628736C6963655F74696D656FC3
:106C1000757473295B305D292929295D29202D2070
:106C20003129202B202873697A656F6628736C6977
:106C300063655F74696D656F75747329202F2073A8
:106C4000697A656F662828736C6963655F74696D1E
:106C5000656F757473295B305D292929295D2929A0
:106C60002026262028282875696E747074725F7437
:106C7000292874696D656F75742929202D202828AD
:106C800075696E747074725F742928736C696365BA
:106C90005F74696D656F75747329292920252073C8
:106CA000697A656F662828736C6963655F74696DBE
:106CB000656F757473295B305D29203D3D20302957
:106CC00000574553545F544F504449522F7A6570D2
:106CD0006879722F6B65726E656C2F74696D656F64
:106CE00075742E6300217379735F646E6F64655FE2
:106CF00069735F6C696E6B65642826746F2D3E6ED8
:106D00006F6465290063726163656E005745535473
:106D10005F544F504449522F6E72662F73756273E1
:106D200079732F6E72665F73656375726974792FFC
:106D30007372632F647269766572732F6372616315
:106D4000656E2F636F6D6D6F6E2F7372632F63723D
:106D50006163656E2F6C69625F6B6D752E630028D1
:106D600028282875696E747074725F74296B6D754C
:106D70005F7372632D3E646573742920252031365C
:106D800029203D3D203029000944455354206D6998
:106D900073616C69676E65640A00574553545F54AC
:106DA0004F504449522F6E72662F73756273797318
:106DB0002F6E72665F73656375726974792F737273
:106DC000632F647269766572732F63726163656E97
:106DD0002F737873796D63727970742F7372632F68
:106DE000706C6174666F726D2F626172656D65742F
:106DF000616C2F696E74657272757074732E6300A6
:106E000009556E68616E646C656420696E746572A4
:106E1000727570742E200A00574553545F544F50BA
:106E20004449522F6E72662F7375627379732F6E99
:106E300072665F73656375726974792F7372632FFD
:106E40007574696C732F6E72665F736563757269B2
:106E500074795F6D7574657865732E6300726574FF
:106E6000203D3D203000574553545F544F50444916
:106E7000522F7A65706879722F6B65726E656C2F10
:106E80006576656E74732E63006E616E00286E7594
:106E90006C6C2900206D6573736167657320647283
:106EA0006F70706564202D2D2D0D0A1B5B306D00F9
:106EB0001B5B313B33316D2D2D2D2000000104056E
:106EC000020608090F000A2A354242424242424263
:106ED0004242424242000102030000000000000062
:106EE000670000000000000000000000000000003B
:106EF0000000000000000000000000000000000092
:106F00000000000000000000000000000000000081
:106F10000000000000000000000000000000000071
:106F20000000000000000000000000000000000061
:106F30000000000000000000000000000000000051
:106F40000000000000000000000000000000000041
:106F50000000000000000000000000000000000031
:106F600000000000000000000000000013490100C4
:106F700002020000CC3E0100C83E010000000000FB
:106F80000000000004000100010001003200320096
:106F900000000000A80500205C0F00206401002014
:106FA0000100000054190100400F002007000000FC
:106FB00002000000000007000000000000000000C8
:106FC00000000000FBED0000D9ED0000CFEC000058
:106FD00085ED000097ED0000C3EE0000ADA30000BA
:106FE00048050020E418010088180100401901003C
:106FF0001700010098150100301801000000000082
:107000000000000088630100194901001B490100CC
:107010001D4901004E5101001F4901002149010095
:10702000AFD80000EDDB0000E844010000000000E4
:1070300000000000C9E100000000000000000000A6
:1070400000C0105000000000000000000000000020
:107050000000000000000000000000000000000030
:107060000000000000000000000000000000000020
:107070000000000000000000000000000000000010
:107080000000000000000000000000000000000000
:1070900000000000000000000000000000000000F0
:1070A00000000000000000000000000000000000E0
:1070B00000000000000000000000000000000000D0
:1070C00000000000000000000000000000000000C0
:1070D00000000000000000000000000000000000B0
:1070E00000000000000000000000000000000000A0
:1070F0000001000000A00D50000000000000000092
:10710000000000000000000000000000000000007F
:10711000000000000000000000000000000000006F
:10712000000000000000000000000000000000005F
:10713000000000000000000000000000000000004F
:10714000000000000000000000000000000000003F
:10715000000000000000000000000000000000002F
:10716000000000000000000000000000000000001F
:10717000000000000000000000000000000000000F
:1071800000000000000000000000000000000000FF
:1071900000000000000000000000000000000000EF
:1071A0000000000000000000FFFFFFFF3D5900004D
:1071B00000000000FF0000000090D00368030020E2
:1071C0005C0300205403002050030020744601009B
:1071D0006C460100A446010064460100944601008B
:1071E0009C4601005C4601007C460100844601008B
:1071F0008C460100FF0000000F000000710200003B
:1072000084030020840300208C0300208C030020D2
:1072100000000000000000000E0000000000000060
:10722000A4030020A40300200000000000000000D0
:107230000E000000000000006774200068040020B9
:1072400090040020F8040020E80400207C040020C2
:10725000A40400201000FF0F110010000200000025
:10726000000000001000010000000000000000000D
:10727000000000000000000000000000000000000E
:1072800000000000100001000000000000000000ED
:1072900000000000000000000000000000000000EE
:1072A00000000000000000000000000000000000DE
:1072B00000000000000000000000000000000000CE
:1072C00000000000000000000000000000000000BE
:1072D00000000000000000000000000000000000AE
:1072E0000000000068040020680400200000000086
:1072F000000000000E0000007C0400207C04002040
:1073000000000000000000000E00000090040020BB
:107310009004002000000000000000000E000000AB
:10732000A4040020A40400200000000000000000CD
:107330000E000000B8040020B80400200100000086
:1073400001000000C8040020C80400200000000064
:1073500001000000D8040020D80400200000000034
:1073600001000000E8040020E80400200000000004
:1073700000000000F8040020F804002000000000D5
:087380000000000015E015E01B
:00000001FF
