# anchor: gnss (+-0.5 s)
2026-09-07 02:23:50.559631 L23_AT_STRING => AT+CFUN?
2026-09-07 02:23:50.559722 L23_AT_STRING <= +CFUN: 45\r\nOK\r\n
2026-09-07 02:23:50.559997 UUID eae22c84-2506-423a-883e-91bd9b2ad229
2026-09-07 02:23:50.559997 HWVERSION nRF9151 A1A
2026-09-07 02:23:50.560760 L23_AT_STRING => AT%XSYSTEMMODE=0,0,1,0
2026-09-07 02:23:50.561065 L23_AT_STRING <= OK\r\n
2026-09-07 02:23:50.561706 L23_AT_STRING => AT+CFUN=31
2026-09-07 02:23:50.567901 L23_AT_STRING <= OK\r\n
2026-09-07 02:23:50.595764 GNSS_GPS_MEAS_REPORT Measurement report 1 AGC 179 scnt 530454865920 runi 0
2026-09-07 02:23:50.597442 RFHAL_KERNEL_BIN_TRACE_RX_ON RX ON -- AntPwr: -89, FreqCtrl: 0x18099d98, OF|AnaGi|AdcAttn|BQ|BWs: 0x05000704, dsp_corr: 103
2026-09-07 02:23:50.695434 RFHAL_KERNEL_BIN_TRACE_RX_OFF RX OFF -- AntPwr: -89, prev W/NBPM: -81, -83, TF|AltADC|DCI/Q(Q5): 0x001d0c, s: 212346, e: 7738746
2026-09-07 02:23:50.780426 RFHAL_KERNEL_BIN_TRACE_RX_ON RX ON -- AntPwr: -89, FreqCtrl: 0x18099d98, OF|AnaGi|AdcAttn|BQ|BWs: 0x05000704, dsp_corr: 103
2026-09-07 02:23:50.878448 RFHAL_KERNEL_BIN_TRACE_RX_OFF RX OFF -- AntPwr: -90, prev W/NBPM: -80, -82, TF|AltADC|DCI/Q(Q5): 0x001d0d, s: 139010, e: 7665410
2026-09-07 02:23:50.963440 RFHAL_KERNEL_BIN_TRACE_RX_ON RX ON -- AntPwr: -90, FreqCtrl: 0x18099d98, OF|AnaGi|AdcAttn|BQ|BWs: 0x05000704, dsp_corr: 103
2026-09-07 02:23:51.061431 RFHAL_KERNEL_BIN_TRACE_RX_OFF RX OFF -- AntPwr: -90, prev W/NBPM: -80, -82, TF|AltADC|DCI/Q(Q5): 0x001d0d, s: 131874, e: 7658274
2026-09-07 02:23:51.146453 RFHAL_KERNEL_BIN_TRACE_RX_ON RX ON -- AntPwr: -90, FreqCtrl: 0x18099d98, OF|AnaGi|AdcAttn|BQ|BWs: 0x05000704, dsp_corr: 103
2026-09-07 02:23:51.244445 RFHAL_KERNEL_BIN_TRACE_RX_OFF RX OFF -- AntPwr: -89, prev W/NBPM: -80, -82, TF|AltADC|DCI/Q(Q5): 0x001d0d, s: 125083, e: 7651483
2026-09-07 02:23:51.332458 RFHAL_KERNEL_BIN_TRACE_RX_ON RX ON -- AntPwr: -89, FreqCtrl: 0x18099d98, OF|AnaGi|AdcAttn|BQ|BWs: 0x05000704, dsp_corr: 103
2026-09-07 02:23:51.430450 RFHAL_KERNEL_BIN_TRACE_RX_OFF RX OFF -- AntPwr: -90, prev W/NBPM: -81, -83, TF|AltADC|DCI/Q(Q5): 0x001d0d, s: 177414, e: 7703814
2026-09-07 02:23:51.513458 RFHAL_KERNEL_BIN_TRACE_RX_ON RX ON -- AntPwr: -90, FreqCtrl: 0x18099d98, OF|AnaGi|AdcAttn|BQ|BWs: 0x05000704, dsp_corr: 103
2026-09-07 02:23:51.560485 TRACE_SYSTEM_WARNING Traces dropped kernel: 80 user: 0 (buffer: 0 peer buffer: 0 message: 0) - Throughput: kernel: 5952 user: 4058 bytes / s
2026-09-07 02:23:51.596527 GNSS_GPS_MEAS_REPORT Measurement report 2 AGC 179 scnt 530458383360 runi 0
2026-09-07 02:23:51.596618 GNSS_GPS_MLOG_T 530458383360 1300 0 1 1 176291968 420 0 181 879 30547 0 0 140858
2026-09-07 02:23:51.611450 RFHAL_KERNEL_BIN_TRACE_RX_OFF RX OFF -- AntPwr: -90, prev W/NBPM: -80, -82, TF|AltADC|DCI/Q(Q5): 0x001d0d, s: 168240, e: 7694640
2026-09-07 02:23:51.694458 RFHAL_KERNEL_BIN_TRACE_RX_ON RX ON -- AntPwr: -90, FreqCtrl: 0x18099d98, OF|AnaGi|AdcAttn|BQ|BWs: 0x05000704, dsp_corr: 103
2026-09-07 02:23:51.792480 RFHAL_KERNEL_BIN_TRACE_RX_OFF RX OFF -- AntPwr: -90, prev W/NBPM: -81, -83, TF|AltADC|DCI/Q(Q5): 0x001d0d, s: 173986, e: 7700386
2026-09-07 02:23:51.874481 RFHAL_KERNEL_BIN_TRACE_RX_ON RX ON -- AntPwr: -90, FreqCtrl: 0x18099d98, OF|AnaGi|AdcAttn|BQ|BWs: 0x05000704, dsp_corr: 103
2026-09-07 02:23:51.972473 RFHAL_KERNEL_BIN_TRACE_RX_OFF RX OFF -- AntPwr: -90, prev W/NBPM: -80, -82, TF|AltADC|DCI/Q(Q5): 0x001d0d, s: 121097, e: 7647497
2026-09-07 02:23:52.054473 RFHAL_KERNEL_BIN_TRACE_RX_ON RX ON -- AntPwr: -90, FreqCtrl: 0x18099d98, OF|AnaGi|AdcAttn|BQ|BWs: 0x05000704, dsp_corr: 103
2026-09-07 02:23:52.152465 RFHAL_KERNEL_BIN_TRACE_RX_OFF RX OFF -- AntPwr: -90, prev W/NBPM: -80, -83, TF|AltADC|DCI/Q(Q5): 0x001d0d, s: 111225, e: 7637625
2026-09-07 02:23:52.237487 RFHAL_KERNEL_BIN_TRACE_RX_ON RX ON -- AntPwr: -90, FreqCtrl: 0x18099d98, OF|AnaGi|AdcAttn|BQ|BWs: 0x05000704, dsp_corr: 103
2026-09-07 02:23:52.335479 RFHAL_KERNEL_BIN_TRACE_RX_OFF RX OFF -- AntPwr: -90, prev W/NBPM: -81, -82, TF|AltADC|DCI/Q(Q5): 0x001d0d, s: 125321, e: 7651721
2026-09-07 02:23:52.420471 RFHAL_KERNEL_BIN_TRACE_RX_ON RX ON -- AntPwr: -90, FreqCtrl: 0x18099d98, OF|AnaGi|AdcAttn|BQ|BWs: 0x05000704, dsp_corr: 103
2026-09-07 02:23:52.518493 RFHAL_KERNEL_BIN_TRACE_RX_OFF RX OFF -- AntPwr: -90, prev W/NBPM: -80, -82, TF|AltADC|DCI/Q(Q5): 0x001d0d, s: 125378, e: 7651778
2026-09-07 02:23:52.596618 GNSS_GPS_MEAS_REPORT Measurement report 3 AGC 180 scnt 530461866240 runi 0
2026-09-07 02:23:52.596679 GNSS_GPS_MLOG_T 530461866240 1300 0 1 1 176291968 490 0 0 878 11512 0 0 140998
2026-09-07 02:23:52.603485 RFHAL_KERNEL_BIN_TRACE_RX_ON RX ON -- AntPwr: -90, FreqCtrl: 0x18099d98, OF|AnaGi|AdcAttn|BQ|BWs: 0x05000704, dsp_corr: 103
2026-09-07 02:23:52.701507 RFHAL_KERNEL_BIN_TRACE_RX_OFF RX OFF -- AntPwr: -90, prev W/NBPM: -81, -82, TF|AltADC|DCI/Q(Q5): 0x001d0d, s: 117113, e: 7643513
2026-09-07 02:23:53.597656 GNSS_GPS_MEAS_REPORT Measurement report 4 AGC 180 scnt 530462568960 runi 0
2026-09-07 02:23:53.597747 GNSS_GPS_MLOG_T 530462568960 1300 0 1 4 176291968 420 0 0 230 17160 0 0 -50331
2026-09-07 02:23:53.597778 GNSS_GPS_MLOG_T 530462568960 1300 1 1 2 176291968 470 0 0 490 5560 0 0 245366
2026-09-07 02:23:53.597778 GNSS_GPS_MLOG_T 530462568960 1300 2 1 1 176291968 460 0 0 877 44369 0 0 134287
2026-09-07 02:23:53.797515 RFHAL_KERNEL_BIN_TRACE_RX_ON RX ON -- AntPwr: -90, FreqCtrl: 0x18099d98, OF|AnaGi|AdcAttn|BQ|BWs: 0x05000704, dsp_corr: 103
2026-09-07 02:23:54.599365 GNSS_GPS_MEAS_REPORT Measurement report 5 AGC 180 scnt 530470222080 runi 0
2026-09-07 02:23:54.599487 GNSS_GPS_MLOG_T 530470222080 1300 0 1 26 167772321 311 0 611 275 65191 0 0 -90275
2026-09-07 02:23:54.599517 GNSS_GPS_MLOG_T 530470222080 1300 1 1 9 167772321 334 0 596 56 42086 0 0 -147644
2026-09-07 02:23:54.599548 GNSS_GPS_MLOG_T 530470222080 1300 2 1 3 167772321 319 0 622 608 25386 0 0 -81220
2026-09-07 02:23:54.599548 GNSS_GPS_MLOG_T 530470222080 1300 3 1 4 167772289 372 0 622 231 33260 0 0 -52046
2026-09-07 02:23:54.599578 GNSS_GPS_MLOG_T 530470222080 1300 4 1 2 167772321 470 0 616 485 51014 0 0 245486
2026-09-07 02:23:54.599609 GNSS_GPS_MLOG_T 530470222080 1300 5 1 1 167772321 460 0 621 875 22345 0 0 139525
2026-09-07 02:23:55.599060 GNSS_GPS_MEAS_REPORT Measurement report 6 AGC 179 scnt 530474062080 runi 0
2026-09-07 02:23:55.599212 GNSS_GPS_MLOG_T 530474062080 1300 0 1 26 167772321 320 0 1611 276 54407 0 0 -90038
2026-09-07 02:23:55.599243 GNSS_GPS_MLOG_T 530474062080 1300 1 1 9 167772321 355 0 1596 58 740 0 0 -147472
2026-09-07 02:23:55.599243 GNSS_GPS_MLOG_T 530474062080 1300 2 1 3 167772321 327 0 1622 609 8145 0 0 -80994
2026-09-07 02:23:55.599273 GNSS_GPS_MLOG_T 530474062080 1300 3 1 4 167772289 399 0 1622 231 64324 0 0 -51882
2026-09-07 02:23:55.599304 GNSS_GPS_MLOG_T 530474062080 1300 4 1 2 167772321 462 0 1616 483 32971 0 0 245762
2026-09-07 02:23:55.599304 GNSS_GPS_MLOG_T 530474062080 1300 5 1 1 167772321 454 0 1621 874 3565 0 0 139821
2026-09-07 02:23:56.599304 GNSS_GPS_MEAS_REPORT Measurement report 7 AGC 180 scnt 530477902080 runi 0
2026-09-07 02:23:56.599456 GNSS_GPS_MLOG_T 530477902080 1300 0 1 26 184549537 324 0 2611 277 43979 0 0 -90035
2026-09-07 02:23:56.599456 GNSS_GPS_MLOG_T 530477902080 1300 1 1 9 184549537 366 0 2596 59 24826 0 0 -147441
2026-09-07 02:23:56.599487 GNSS_GPS_MLOG_T 530477902080 1300 2 1 3 184549537 334 0 2622 609 56630 0 0 -80985
2026-09-07 02:23:56.599517 GNSS_GPS_MLOG_T 530477902080 1300 3 1 4 184549537 399 0 2622 232 30190 0 0 -51824
2026-09-07 02:23:56.599517 GNSS_GPS_MLOG_T 530477902080 1300 4 1 2 184549537 457 0 2616 481 14721 0 0 245738
2026-09-07 02:23:56.599548 GNSS_GPS_MLOG_T 530477902080 1300 5 1 1 184549537 454 0 2621 872 49798 0 0 139808
2026-09-07 02:23:57.599334 GNSS_GPS_MEAS_REPORT Measurement report 8 AGC 180 scnt 530481742080 runi 0
2026-09-07 02:23:57.599487 GNSS_GPS_MLOG_T 530481742080 1300 0 1 26 184549537 323 0 3611 278 34013 0 0 -89992
2026-09-07 02:23:57.599487 GNSS_GPS_MLOG_T 530481742080 1300 1 1 9 184549537 372 0 3596 60 49337 0 0 -147394
2026-09-07 02:23:57.599517 GNSS_GPS_MLOG_T 530481742080 1300 2 1 3 184549537 339 0 3622 610 40050 0 0 -80954
2026-09-07 02:23:57.599517 GNSS_GPS_MLOG_T 530481742080 1300 3 1 4 184549537 414 0 3622 232 61801 0 0 -51761
2026-09-07 02:23:57.599517 GNSS_GPS_MLOG_T 530481742080 1300 4 1 2 184549537 458 0 3616 478 61455 0 0 245768
2026-09-07 02:23:57.599548 GNSS_GPS_MLOG_T 530481742080 1300 5 1 1 184549537 452 0 3621 871 30475 0 0 139849
2026-09-07 02:23:58.599456 GNSS_GPS_MEAS_REPORT Measurement report 9 AGC 180 scnt 530485582080 runi 0
2026-09-07 02:23:58.599609 GNSS_GPS_MLOG_T 530485582080 1300 0 1 26 184549537 318 0 4611 279 21921 0 0 -89836
2026-09-07 02:23:58.599609 GNSS_GPS_MLOG_T 530485582080 1300 1 1 9 184549537 373 0 4596 62 8688 0 0 -147242
2026-09-07 02:23:58.599639 GNSS_GPS_MLOG_T 530485582080 1300 2 1 3 184549537 345 0 4622 611 23508 0 0 -80786
2026-09-07 02:23:58.599670 GNSS_GPS_MLOG_T 530485582080 1300 3 1 4 184549537 421 0 4622 233 27478 0 0 -51610
2026-09-07 02:23:58.599670 GNSS_GPS_MLOG_T 530485582080 1300 4 1 2 184549537 459 0 4616 476 42996 0 0 245920
2026-09-07 02:23:58.599701 GNSS_GPS_MLOG_T 530485582080 1300 5 1 1 184549537 452 0 4621 870 11285 0 0 140012
2026-09-07 02:23:59.599487 GNSS_GPS_MEAS_REPORT Measurement report 10 AGC 180 scnt 530489422080 runi 0
2026-09-07 02:23:59.599639 GNSS_GPS_MLOG_T 530489422080 1300 0 1 26 185598113 319 0 5611 280 10404 0 0 -89760
2026-09-07 02:23:59.599639 GNSS_GPS_MLOG_T 530489422080 1300 1 1 9 185598113 376 0 5596 63 33027 0 0 -147134
2026-09-07 02:23:59.599670 GNSS_GPS_MLOG_T 530489422080 1300 2 1 3 185598113 348 0 5622 612 7115 0 0 -80670
2026-09-07 02:23:59.599670 GNSS_GPS_MLOG_T 530489422080 1300 3 1 4 185598113 424 0 5622 233 59276 0 0 -51482
2026-09-07 02:23:59.599701 GNSS_GPS_MLOG_T 530489422080 1300 4 1 2 185598113 460 0 5616 474 24417 0 0 246034
2026-09-07 02:23:59.599731 GNSS_GPS_MLOG_T 530489422080 1300 5 1 1 185598113 447 0 5621 868 57513 0 0 140175
2026-09-07 02:24:00.599426 GNSS_GPS_MEAS_REPORT Measurement report 11 AGC 180 scnt 530493262080 runi 0
2026-09-07 02:24:00.599548 GNSS_GPS_MLOG_T 530493262080 1300 0 1 26 185598115 318 0 11 280 65470 0 0 -89688
2026-09-07 02:24:00.599578 GNSS_GPS_MLOG_T 530493262080 1300 1 1 9 185598115 376 0 16 64 57158 0 0 -147114
2026-09-07 02:24:00.599609 GNSS_GPS_MLOG_T 530493262080 1300 2 1 3 185598115 348 0 22 612 55724 0 0 -80657
2026-09-07 02:24:00.599609 GNSS_GPS_MLOG_T 530493262080 1300 3 1 4 185598115 424 0 22 234 25203 0 0 -51451
2026-09-07 02:24:00.599639 GNSS_GPS_MLOG_T 530493262080 1300 4 1 2 185598115 459 0 16 472 5678 0 0 246062
2026-09-07 02:24:00.599670 GNSS_GPS_MLOG_T 530493262080 1300 5 1 1 185598115 446 0 21 867 37639 0 0 140218
2026-09-07 02:24:01.599487 GNSS_GPS_MEAS_REPORT Measurement report 12 AGC 179 scnt 530497102080 runi 0
2026-09-07 02:24:01.599670 GNSS_GPS_MLOG_T 530497102080 1300 0 1 26 185598119 318 95058 1611 281 53463 0 0 -89560
2026-09-07 02:24:01.599670 GNSS_GPS_MLOG_T 530497102080 1300 1 1 9 185598119 379 95058 1616 66 15823 0 0 -146972
2026-09-07 02:24:01.599670 GNSS_GPS_MLOG_T 530497102080 1300 2 1 3 185598119 348 95058 1622 613 40757 0 0 -80536
2026-09-07 02:24:01.599701 GNSS_GPS_MLOG_T 530497102080 1300 3 1 4 185598119 422 95058 1622 234 56702 0 0 -51316
2026-09-07 02:24:01.599701 GNSS_GPS_MLOG_T 530497102080 1300 4 1 2 185598119 458 95058 1616 469 52136 0 0 246196
2026-09-07 02:24:01.599701 GNSS_GPS_MLOG_T 530497102080 1300 5 1 1 185598119 442 95058 1621 866 18243 0 0 140372
2026-09-07 02:24:01.599731 GNSS_GPS_MLOG_T 530497102080 1300 6 1 5 128 268 0 761 899 40450 0 0 -19287
2026-09-07 02:24:02.599578 GNSS_GPS_MEAS_REPORT Measurement report 13 AGC 180 scnt 530500942080 runi 0
2026-09-07 02:24:02.599762 GNSS_GPS_MLOG_T 530500942080 1300 0 1 26 185598119 317 95058 2611 282 42489 0 0 -89507
2026-09-07 02:24:02.599762 GNSS_GPS_MLOG_T 530500942080 1300 1 1 9 185598119 382 95058 2616 67 39305 0 0 -147004
2026-09-07 02:24:02.599762 GNSS_GPS_MLOG_T 530500942080 1300 2 1 3 185598119 347 95058 2622 614 24260 0 0 -80506
2026-09-07 02:24:02.599792 GNSS_GPS_MLOG_T 530500942080 1300 3 1 4 185598119 422 95058 2622 235 22205 0 0 -51330
2026-09-07 02:24:02.599792 GNSS_GPS_MLOG_T 530500942080 1300 4 1 2 185598119 459 95058 2616 467 33467 0 0 246184
2026-09-07 02:24:02.599792 GNSS_GPS_MLOG_T 530500942080 1300 5 1 1 185598119 442 95058 2621 864 64220 0 0 140365
2026-09-07 02:24:02.599823 GNSS_GPS_MLOG_T 530500942080 1300 6 1 5 128 258 0 1761 899 48059 0 0 -19011
2026-09-07 02:24:02.599823 GNSS_GPS_MLOG_T 530500942080 1300 7 1 18 128 271 0 591 601 45537 0 0 1389
2026-09-07 02:24:02.599853 GNSS_GPS_MLOG_T 530500942080 1300 8 1 7 8388736 272 0 440 612 31462 0 0 -34894
2026-09-07 02:24:03.599609 GNSS_GPS_MEAS_REPORT Measurement report 14 AGC 180 scnt 530504782080 runi 0
2026-09-07 02:24:03.599792 GNSS_GPS_MLOG_T 530504782080 1300 0 1 26 185598119 317 95058 3611 283 32145 0 0 -89378
2026-09-07 02:24:03.599792 GNSS_GPS_MLOG_T 530504782080 1300 1 1 9 185598119 382 95058 3616 68 62914 0 0 -146846
2026-09-07 02:24:03.599823 GNSS_GPS_MLOG_T 530504782080 1300 2 1 3 185598119 349 95058 3622 615 7264 0 0 -80390
2026-09-07 02:24:03.599853 GNSS_GPS_MLOG_T 530504782080 1300 3 1 4 185598119 420 95058 3622 235 53668 0 0 -51186
2026-09-07 02:24:03.599853 GNSS_GPS_MLOG_T 530504782080 1300 4 1 2 185598119 456 95058 3616 465 14926 0 0 246317
2026-09-07 02:24:03.599884 GNSS_GPS_MLOG_T 530504782080 1300 5 1 1 185598119 442 95058 3621 863 43926 0 0 140516
2026-09-07 02:24:03.599914 GNSS_GPS_MLOG_T 530504782080 1300 6 1 5 16777344 251 0 2761 899 62179 0 0 -20695
2026-09-07 02:24:03.599914 GNSS_GPS_MLOG_T 530504782080 1300 7 1 18 128 250 0 1591 601 49129 0 0 -1216
2026-09-07 02:24:03.599945 GNSS_GPS_MLOG_T 530504782080 1300 8 1 7 128 248 0 1440 612 58067 0 0 -36539
2026-09-07 02:24:04.599792 GNSS_GPS_MEAS_REPORT Measurement report 15 AGC 180 scnt 530508622080 runi 0
2026-09-07 02:24:04.600036 GNSS_GPS_MLOG_T 530508622080 1300 0 1 26 185598119 316 95058 4611 284 19047 0 0 -89206
2026-09-07 02:24:04.600036 GNSS_GPS_MLOG_T 530508622080 1300 1 1 9 185598119 385 95058 4616 70 20918 0 0 -146666
2026-09-07 02:24:04.600067 GNSS_GPS_MLOG_T 530508622080 1300 2 1 3 185598119 349 95058 4622 615 56764 0 0 -80224
2026-09-07 02:24:04.600097 GNSS_GPS_MLOG_T 530508622080 1300 3 1 4 185598119 424 95058 4622 236 19234 0 0 -50999
2026-09-07 02:24:04.600097 GNSS_GPS_MLOG_T 530508622080 1300 4 1 2 185598119 456 95058 4616 462 61751 0 0 246499
2026-09-07 02:24:04.600128 GNSS_GPS_MLOG_T 530508622080 1300 5 1 1 185598119 442 95058 4621 862 23466 0 0 140739
2026-09-07 02:24:04.600158 GNSS_GPS_MLOG_T 530508622080 1300 6 1 5 16777344 254 0 3761 900 11443 0 0 -26345
2026-09-07 02:24:04.600158 GNSS_GPS_MLOG_T 530508622080 1300 7 1 18 16777344 246 0 2591 601 57342 0 0 -109
2026-09-07 02:24:04.600189 GNSS_GPS_MLOG_T 530508622080 1300 8 1 7 128 243 0 2440 613 10877 0 0 -31276
2026-09-07 02:24:04.600189 GNSS_GPS_MLOG_T 530508622080 1300 9 1 10 8388736 297 0 17 891 1757 0 0 34849
2026-09-07 02:24:05.599548 GNSS_GPS_MEAS_REPORT Measurement report 16 AGC 180 scnt 530512462080 runi 0
2026-09-07 02:24:05.599731 GNSS_GPS_MLOG_T 530512462080 1300 0 1 26 185598119 315 95058 5611 285 7678 0 0 -89262
2026-09-07 02:24:05.599762 GNSS_GPS_MLOG_T 530512462080 1300 1 1 9 185598119 387 95058 5616 71 44268 0 0 -146692
2026-09-07 02:24:05.599762 GNSS_GPS_MLOG_T 530512462080 1300 2 1 3 185598119 348 95058 5622 616 40266 0 0 -80245
2026-09-07 02:24:05.599792 GNSS_GPS_MLOG_T 530512462080 1300 3 1 4 185598119 426 95058 5622 236 50006 0 0 -51006
2026-09-07 02:24:05.599823 GNSS_GPS_MLOG_T 530512462080 1300 4 1 2 185598119 456 95058 5616 460 42331 0 0 246477
2026-09-07 02:24:05.599823 GNSS_GPS_MLOG_T 530512462080 1300 5 1 1 185598119 442 95058 5621 861 3926 0 0 140722
2026-09-07 02:24:05.599853 GNSS_GPS_MLOG_T 530512462080 1300 6 1 5 128 266 0 561 980 50477 0 0 47105
2026-09-07 02:24:05.599884 GNSS_GPS_MLOG_T 530512462080 1300 7 1 18 16777344 248 0 3591 601 58925 0 0 2560
2026-09-07 02:24:05.599884 GNSS_GPS_MLOG_T 530512462080 1300 8 1 7 16777344 247 0 3440 613 26999 0 0 -24544
2026-09-07 02:24:05.599914 GNSS_GPS_MLOG_T 530512462080 1300 9 1 10 128 259 0 1017 890 47795 0 0 36408
2026-09-07 02:24:06.599762 GNSS_GPS_MEAS_REPORT Measurement report 17 AGC 181 scnt 530516302080 runi 0
2026-09-07 02:24:06.599945 GNSS_GPS_MLOG_T 530516302080 1300 0 1 26 185598113 314 95064 611 285 60434 0 0 -89196
2026-09-07 02:24:06.599975 GNSS_GPS_MLOG_T 530516302080 1300 1 1 9 185598119 387 95064 616 73 3075 0 0 -146538
2026-09-07 02:24:06.600006 GNSS_GPS_MLOG_T 530516302080 1300 2 1 3 185598119 345 95064 622 617 23874 0 0 -80074
2026-09-07 02:24:06.600006 GNSS_GPS_MLOG_T 530516302080 1300 3 1 4 185598119 425 95064 622 237 14932 0 0 -50862
2026-09-07 02:24:06.600036 GNSS_GPS_MLOG_T 530516302080 1300 4 1 2 185598119 455 95064 616 458 23524 0 0 246608
2026-09-07 02:24:06.600036 GNSS_GPS_MLOG_T 530516302080 1300 5 1 1 185598119 445 95064 621 859 48873 0 0 140888
2026-09-07 02:24:06.600067 GNSS_GPS_MLOG_T 530516302080 1300 6 1 5 128 247 0 1561 980 25276 0 0 44801
2026-09-07 02:24:06.600097 GNSS_GPS_MLOG_T 530516302080 1300 7 1 27 8388736 283 0 386 480 44928 0 0 -89064
2026-09-07 02:24:06.600097 GNSS_GPS_MLOG_T 530516302080 1300 8 1 17 8388736 298 0 4 962 32823 0 0 -91505
2026-09-07 02:24:06.600128 GNSS_GPS_MLOG_T 530516302080 1300 9 1 10 128 250 0 2017 890 22225 0 0 35572
2026-09-07 02:24:07.599609 GNSS_GPS_MEAS_REPORT Measurement report 18 AGC 180 scnt 530520142080 runi 0
2026-09-07 02:24:07.599792 GNSS_GPS_MLOG_T 530520142080 1300 1 1 9 185598139 389 95064 1616 74 26065 0 0 -146206
2026-09-07 02:24:07.599792 GNSS_GPS_MLOG_T 530520142080 1300 2 1 3 185598139 343 95064 1622 618 6487 0 0 -79802
2026-09-07 02:24:07.599823 GNSS_GPS_MLOG_T 530520142080 1300 3 1 4 185598139 424 95064 1622 237 45613 0 0 -50522
2026-09-07 02:24:07.599853 GNSS_GPS_MLOG_T 530520142080 1300 4 1 2 185598139 454 95064 1616 456 3987 0 0 246946
2026-09-07 02:24:07.599853 GNSS_GPS_MLOG_T 530520142080 1300 5 1 1 185598139 445 95064 1621 858 28274 0 0 141245
2026-09-07 02:24:07.599884 GNSS_GPS_MLOG_T 530520142080 1300 6 1 5 16777344 243 0 2561 979 54724 0 0 43369
2026-09-07 02:24:07.599914 GNSS_GPS_MLOG_T 530520142080 1300 8 1 17 128 272 0 1004 963 8727 0 0 -90926
2026-09-07 02:24:08.599701 GNSS_GPS_MEAS_REPORT Measurement report 19 AGC 180 scnt 530523982080 runi 0
2026-09-07 02:24:08.599884 GNSS_GPS_MLOG_T 530523982080 1300 0 1 18 128 265 0 947 1002 59052 0 0 -99471
2026-09-07 02:24:08.599914 GNSS_GPS_MLOG_T 530523982080 1300 1 1 9 185598139 386 95064 2616 75 49795 0 0 -146435
2026-09-07 02:24:08.599914 GNSS_GPS_MLOG_T 530523982080 1300 2 1 3 185598139 340 95064 2622 618 55860 0 0 -79942
2026-09-07 02:24:08.599945 GNSS_GPS_MLOG_T 530523982080 1300 3 1 4 185598139 421 95064 2622 238 10811 0 0 -50731
2026-09-07 02:24:08.599975 GNSS_GPS_MLOG_T 530523982080 1300 4 1 2 185598139 455 95064 2616 453 50388 0 0 246727
2026-09-07 02:24:08.599975 GNSS_GPS_MLOG_T 530523982080 1300 5 1 1 185598139 447 95064 2621 857 7410 0 0 141051
2026-09-07 02:24:08.600006 GNSS_GPS_MLOG_T 530523982080 1300 6 1 5 16777344 248 0 3561 979 33165 0 0 34375
2026-09-07 02:24:08.600036 GNSS_GPS_MLOG_T 530523982080 1300 8 1 17 128 251 0 2004 963 63280 0 0 -88923
2026-09-07 02:24:09.599701 GNSS_GPS_MEAS_REPORT Measurement report 20 AGC 180 scnt 530527822080 runi 0
2026-09-07 02:24:09.599853 GNSS_GPS_MLOG_T 530527822080 1300 0 1 18 128 252 0 1947 1003 48981 0 0 -107805
2026-09-07 02:24:09.599884 GNSS_GPS_MLOG_T 530527822080 1300 1 1 9 185598139 387 95064 3616 77 8375 0 0 -146289
2026-09-07 02:24:09.599884 GNSS_GPS_MLOG_T 530527822080 1300 2 1 3 185598139 337 95064 3622 619 39527 0 0 -79827
2026-09-07 02:24:09.599914 GNSS_GPS_MLOG_T 530527822080 1300 3 1 4 185598139 421 95064 3622 238 41594 0 0 -50592
2026-09-07 02:24:09.599945 GNSS_GPS_MLOG_T 530527822080 1300 4 1 2 185598139 454 95064 3616 451 31544 0 0 246872
2026-09-07 02:24:09.599945 GNSS_GPS_MLOG_T 530527822080 1300 5 1 1 185598139 450 95064 3621 855 52242 0 0 141210
2026-09-07 02:24:09.599975 GNSS_GPS_MLOG_T 530527822080 1300 8 1 17 16777344 243 0 3004 964 53452 0 0 -89533
2026-09-07 02:24:10.599578 GNSS_GPS_MEAS_REPORT Measurement report 21 AGC 179 scnt 530531662080 runi 0
2026-09-07 02:24:10.599731 GNSS_GPS_MLOG_T 530531662080 1300 0 1 18 16777344 247 0 2947 1004 44780 0 0 -112131
2026-09-07 02:24:10.599762 GNSS_GPS_MLOG_T 530531662080 1300 1 1 9 185598139 387 95064 4616 78 32334 0 0 -146379
2026-09-07 02:24:10.599792 GNSS_GPS_MLOG_T 530531662080 1300 2 1 3 185598139 334 95064 4622 620 23380 0 0 -79883
2026-09-07 02:24:10.599792 GNSS_GPS_MLOG_T 530531662080 1300 3 1 4 185598139 420 95064 4622 239 7129 0 0 -50659
2026-09-07 02:24:10.599823 GNSS_GPS_MLOG_T 530531662080 1300 4 1 2 185598139 455 95064 4616 449 12192 0 0 246792
2026-09-07 02:24:10.599853 GNSS_GPS_MLOG_T 530531662080 1300 5 1 1 185598139 453 95064 4621 854 31595 0 0 141142
2026-09-07 02:24:10.599853 GNSS_GPS_MLOG_T 530531662080 1300 8 1 17 16777344 250 0 4004 965 35492 0 0 -92436
2026-09-07 02:24:11.599578 GNSS_GPS_MEAS_REPORT Measurement report 22 AGC 180 scnt 530535502080 runi 0
2026-09-07 02:24:11.599731 GNSS_GPS_MLOG_T 530535502080 1300 0 1 18 16777344 241 0 3947 1005 47871 0 0 -113581
2026-09-07 02:24:11.599762 GNSS_GPS_MLOG_T 530535502080 1300 1 1 9 185598139 383 95064 5616 79 56301 0 0 -146247
2026-09-07 02:24:11.599792 GNSS_GPS_MLOG_T 530535502080 1300 2 1 3 185598139 332 95064 5622 621 6366 0 0 -79798
2026-09-07 02:24:11.599792 GNSS_GPS_MLOG_T 530535502080 1300 3 1 4 185598139 420 95064 5622 239 38207 0 0 -50559
2026-09-07 02:24:11.599823 GNSS_GPS_MLOG_T 530535502080 1300 4 1 2 185598139 456 95064 5616 446 58835 0 0 246893
2026-09-07 02:24:11.599853 GNSS_GPS_MLOG_T 530535502080 1300 5 1 1 185598139 457 95064 5621 853 10521 0 0 141282
2026-09-07 02:24:11.599853 GNSS_GPS_MLOG_T 530535502080 1300 6 1 19 8388736 294 0 228 990 44779 0 0 -138462
2026-09-07 02:24:12.599731 GNSS_GPS_MEAS_REPORT Measurement report 23 AGC 179 scnt 530539342080 runi 0
2026-09-07 02:24:12.599884 GNSS_GPS_MLOG_T 530539342080 1300 1 1 9 185598139 382 95070 616 81 14116 0 0 -146274
2026-09-07 02:24:12.599884 GNSS_GPS_MLOG_T 530539342080 1300 2 1 3 185598139 329 95070 622 621 53825 0 0 -79772
2026-09-07 02:24:12.599914 GNSS_GPS_MLOG_T 530539342080 1300 3 1 4 185598139 423 95070 622 240 3756 0 0 -50567
2026-09-07 02:24:12.599914 GNSS_GPS_MLOG_T 530539342080 1300 4 1 2 185598139 454 95070 616 444 39276 0 0 246866
2026-09-07 02:24:12.599914 GNSS_GPS_MLOG_T 530539342080 1300 5 1 1 185598139 462 95070 621 851 55558 0 0 141276
2026-09-07 02:24:12.599945 GNSS_GPS_MLOG_T 530539342080 1300 6 1 19 128 258 0 1228 992 1307 0 0 -137243
2026-09-07 02:24:13.599884 GNSS_GPS_MEAS_REPORT Measurement report 24 AGC 180 scnt 530543182080 runi 0
2026-09-07 02:24:13.600067 GNSS_GPS_MLOG_T 530543182080 1300 0 1 16 1049729 276 0 109 746 42992 0 0 -152063
2026-09-07 02:24:13.600097 GNSS_GPS_MLOG_T 530543182080 1300 1 1 9 185598139 381 95070 1616 82 37959 0 0 -146329
2026-09-07 02:24:13.600097 GNSS_GPS_MLOG_T 530543182080 1300 2 1 3 185598139 326 95070 1622 622 38119 0 0 -79881
2026-09-07 02:24:13.600128 GNSS_GPS_MLOG_T 530543182080 1300 3 1 4 185598139 423 95070 1622 240 35085 0 0 -50621
2026-09-07 02:24:13.600158 GNSS_GPS_MLOG_T 530543182080 1300 4 1 2 185598139 455 95070 1616 442 20295 0 0 246836
2026-09-07 02:24:13.600158 GNSS_GPS_MLOG_T 530543182080 1300 5 1 1 185598139 465 95070 1621 850 34583 0 0 141253
2026-09-07 02:24:13.600189 GNSS_GPS_MLOG_T 530543182080 1300 6 1 19 128 254 0 2228 993 20681 0 0 -139157
2026-09-07 02:24:13.600189 GNSS_GPS_MLOG_T 530543182080 1300 7 1 7 128 262 0 707 982 52128 0 0 123803
2026-09-07 02:24:14.600036 GNSS_GPS_MEAS_REPORT Measurement report 25 AGC 179 scnt 530547022080 runi 0
2026-09-07 02:24:14.600219 GNSS_GPS_MLOG_T 530547022080 1300 0 1 16 1049761 267 0 1109 748 4379 0 0 -151840
2026-09-07 02:24:14.600250 GNSS_GPS_MLOG_T 530547022080 1300 1 1 9 185598139 379 95070 2616 83 61631 0 0 -146394
2026-09-07 02:24:14.600250 GNSS_GPS_MLOG_T 530547022080 1300 2 1 3 185598139 321 95070 2622 623 21423 0 0 -79906
2026-09-07 02:24:14.600280 GNSS_GPS_MLOG_T 530547022080 1300 3 1 4 185598139 423 95070 2622 241 525 0 0 -50666
2026-09-07 02:24:14.600311 GNSS_GPS_MLOG_T 530547022080 1300 4 1 2 185598139 454 95070 2616 440 1026 0 0 246745
2026-09-07 02:24:14.600311 GNSS_GPS_MLOG_T 530547022080 1300 5 1 1 185598139 465 95070 2621 849 13766 0 0 141185
2026-09-07 02:24:14.600341 GNSS_GPS_MLOG_T 530547022080 1300 6 1 22 128 261 0 700 994 33151 0 0 -163022
2026-09-07 02:24:14.600372 GNSS_GPS_MLOG_T 530547022080 1300 7 1 7 128 249 0 1707 981 46697 0 0 127763
2026-09-07 02:24:14.600372 GNSS_GPS_MLOG_T 530547022080 1300 8 1 31 8388736 265 0 373 580 37611 0 0 128534
2026-09-07 02:24:15.599975 GNSS_GPS_MEAS_REPORT Measurement report 26 AGC 179 scnt 530550862080 runi 0
2026-09-07 02:24:15.600189 GNSS_GPS_MLOG_T 530550862080 1300 0 1 16 17825953 260 0 2109 749 31305 0 0 -151534
2026-09-07 02:24:15.600219 GNSS_GPS_MLOG_T 530550862080 1300 1 1 9 185598139 378 95070 3616 85 18829 0 0 -145857
2026-09-07 02:24:15.600219 GNSS_GPS_MLOG_T 530550862080 1300 2 1 3 185598139 319 95070 3622 624 3050 0 0 -79414
2026-09-07 02:24:15.600250 GNSS_GPS_MLOG_T 530550862080 1300 3 1 4 185598139 421 95070 3622 241 31201 0 0 -50089
2026-09-07 02:24:15.600280 GNSS_GPS_MLOG_T 530550862080 1300 4 1 2 185598139 453 95070 3616 437 47590 0 0 247367
2026-09-07 02:24:15.600280 GNSS_GPS_MLOG_T 530550862080 1300 5 1 1 185598139 466 95070 3621 847 58883 0 0 141822
2026-09-07 02:24:15.600311 GNSS_GPS_MLOG_T 530550862080 1300 6 1 22 128 247 0 1700 995 65382 0 0 -166196
2026-09-07 02:24:15.600341 GNSS_GPS_MLOG_T 530550862080 1300 7 1 7 16777344 243 0 2707 980 36403 0 0 130807
2026-09-07 02:24:15.600341 GNSS_GPS_MLOG_T 530550862080 1300 8 1 31 128 246 0 1373 579 29732 0 0 123069
2026-09-07 02:24:15.600372 GNSS_GPS_MLOG_T 530550862080 1300 9 1 11 128 262 0 955 632 35790 0 0 134188
2026-09-07 02:24:15.600402 GNSS_GPS_MLOG_T 530550862080 1300 10 1 19 128 273 0 659 739 19676 0 0 -170565
2026-09-07 02:24:15.600402 GNSS_GPS_MLOG_T 530550862080 1300 11 1 18 128 266 0 503 387 55388 0 0 141855
2026-09-07 02:24:16.600158 GNSS_GPS_MEAS_REPORT Measurement report 27 AGC 179 scnt 530554702080 runi 0
2026-09-07 02:24:16.600341 GNSS_GPS_MLOG_T 530554702080 1300 0 1 16 17825953 254 0 3109 750 54589 0 0 -151835
2026-09-07 02:24:16.600341 GNSS_GPS_MLOG_T 530554702080 1300 1 1 9 185598139 377 95070 4616 86 42032 0 0 -146389
2026-09-07 02:24:16.600372 GNSS_GPS_MLOG_T 530554702080 1300 2 1 3 185598139 316 95070 4622 624 51489 0 0 -79860
2026-09-07 02:24:16.600402 GNSS_GPS_MLOG_T 530554702080 1300 3 1 4 185598139 419 95070 4622 241 61640 0 0 -50695
2026-09-07 02:24:16.600402 GNSS_GPS_MLOG_T 530554702080 1300 4 1 2 185598139 450 95070 4616 435 28347 0 0 246683
2026-09-07 02:24:16.600433 GNSS_GPS_MLOG_T 530554702080 1300 5 1 1 185598139 468 95070 4621 846 37612 0 0 141168
2026-09-07 02:24:16.600463 GNSS_GPS_MLOG_T 530554702080 1300 6 1 17 8388736 293 0 231 721 47065 0 0 -19076
2026-09-07 02:24:16.600463 GNSS_GPS_MLOG_T 530554702080 1300 7 1 7 16777344 245 0 3707 979 25468 0 0 135291
2026-09-07 02:24:16.600494 GNSS_GPS_MLOG_T 530554702080 1300 8 1 31 128 242 0 2373 578 18058 0 0 122633
2026-09-07 02:24:16.600524 GNSS_GPS_MLOG_T 530554702080 1300 9 1 11 128 254 0 1955 631 20523 0 0 140930
2026-09-07 02:24:17.600189 GNSS_GPS_MEAS_REPORT Measurement report 28 AGC 179 scnt 530558542080 runi 0
2026-09-07 02:24:17.600433 GNSS_GPS_MLOG_T 530558542080 1300 0 1 16 17825953 251 0 4109 752 15856 0 0 -151703
2026-09-07 02:24:17.600433 GNSS_GPS_MLOG_T 530558542080 1300 1 1 9 185598139 377 95070 5616 87 65454 0 0 -146305
2026-09-07 02:24:17.600463 GNSS_GPS_MLOG_T 530558542080 1300 2 1 3 185598139 314 95070 5622 625 34894 0 0 -79850
2026-09-07 02:24:17.600494 GNSS_GPS_MLOG_T 530558542080 1300 3 1 4 185598139 418 95070 5622 242 27266 0 0 -50567
2026-09-07 02:24:17.600494 GNSS_GPS_MLOG_T 530558542080 1300 4 1 2 185598139 449 95070 5616 433 9561 0 0 246846
2026-09-07 02:24:17.600524 GNSS_GPS_MLOG_T 530558542080 1300 5 1 1 185598139 470 95070 5621 845 17067 0 0 141345
2026-09-07 02:24:17.601257 GNSS_GPS_MLOG_T 530558542080 1300 6 1 17 128 262 0 1231 721 61411 0 0 -23234
2026-09-07 02:24:17.601287 GNSS_GPS_MLOG_T 530558542080 1300 7 1 29 8388736 286 0 197 706 49674 0 0 -27342
2026-09-07 02:24:17.601318 GNSS_GPS_MLOG_T 530558542080 1300 8 1 31 16777376 237 0 3373 577 4702 0 0 119871
2026-09-07 02:24:17.601348 GNSS_GPS_MLOG_T 530558542080 1300 9 1 11 16777344 259 0 2955 629 60182 0 0 140367
2026-09-07 02:24:17.601379 GNSS_GPS_MLOG_T 530558542080 1300 10 1 19 128 263 0 775 215 16896 0 0 -21647
2026-09-07 02:24:17.601379 GNSS_GPS_MLOG_T 530558542080 1300 11 1 8 8388736 293 0 101 1012 23233 0 0 1290
2026-09-07 02:24:18.600219 GNSS_GPS_MEAS_REPORT Measurement report 29 AGC 179 scnt 530562382080 runi 0
2026-09-07 02:24:18.600402 GNSS_GPS_MLOG_T 530562382080 1300 0 1 16 17825955 240 0 9 753 44371 0 0 -151671
2026-09-07 02:24:18.600433 GNSS_GPS_MLOG_T 530562382080 1300 1 1 9 185598139 380 95076 616 89 23181 0 0 -146035
2026-09-07 02:24:18.600433 GNSS_GPS_MLOG_T 530562382080 1300 2 1 3 185598139 315 95076 622 626 18614 0 0 -79539
2026-09-07 02:24:18.600433 GNSS_GPS_MLOG_T 530562382080 1300 3 1 4 185598139 417 95076 622 242 57738 0 0 -50291
2026-09-07 02:24:18.600463 GNSS_GPS_MLOG_T 530562382080 1300 4 1 2 185598139 449 95076 616 430 55473 0 0 247105
2026-09-07 02:24:18.600463 GNSS_GPS_MLOG_T 530562382080 1300 5 1 1 185598139 474 95076 621 843 62036 0 0 141635
2026-09-07 02:24:18.600494 GNSS_GPS_MLOG_T 530562382080 1300 7 1 29 128 253 0 1197 706 59984 0 0 -30023
2026-09-07 02:24:18.600494 GNSS_GPS_MLOG_T 530562382080 1300 8 1 31 16777376 240 0 4373 575 56639 0 0 124374
2026-09-07 02:24:18.600494 GNSS_GPS_MLOG_T 530562382080 1300 9 1 32 128 269 0 593 429 39972 0 0 -19137
2026-09-07 02:24:18.600524 GNSS_GPS_MLOG_T 530562382080 1300 11 1 8 128 255 0 1101 1012 9225 0 0 10155
2026-09-07 02:24:19.600158 GNSS_GPS_MEAS_REPORT Measurement report 30 AGC 179 scnt 530566222080 runi 0
2026-09-07 02:24:19.600402 GNSS_GPS_MLOG_T 530566222080 1300 0 1 16 17825959 223 95076 1609 755 3391 0 0 -151696
2026-09-07 02:24:19.600402 GNSS_GPS_MLOG_T 530566222080 1300 1 1 9 185598139 382 95076 1616 90 45846 0 0 -146008
2026-09-07 02:24:19.600433 GNSS_GPS_MLOG_T 530566222080 1300 2 1 3 185598139 317 95076 1622 627 735 0 0 -79502
2026-09-07 02:24:19.600463 GNSS_GPS_MLOG_T 530566222080 1300 3 1 4 185598139 415 95076 1622 243 22893 0 0 -50242
2026-09-07 02:24:19.600463 GNSS_GPS_MLOG_T 530566222080 1300 4 1 2 185598139 449 95076 1616 428 36083 0 0 247163
2026-09-07 02:24:19.600494 GNSS_GPS_MLOG_T 530566222080 1300 5 1 1 185598139 478 95076 1621 842 41291 0 0 141706
2026-09-07 02:24:19.600494 GNSS_GPS_MLOG_T 530566222080 1300 6 1 20 128 255 0 972 35 9612 0 0 -29315
2026-09-07 02:24:19.600524 GNSS_GPS_MLOG_T 530566222080 1300 7 1 29 128 245 0 2197 707 3151 0 0 -33706
2026-09-07 02:24:19.600555 GNSS_GPS_MLOG_T 530566222080 1300 8 1 31 16777376 242 0 5373 574 47702 0 0 118914
2026-09-07 02:24:19.600555 GNSS_GPS_MLOG_T 530566222080 1300 9 1 32 160 260 0 1593 429 47741 0 0 -17284
2026-09-07 02:24:19.600586 GNSS_GPS_MLOG_T 530566222080 1300 10 1 14 8388768 282 0 363 407 629 0 0 2369
2026-09-07 02:24:19.600616 GNSS_GPS_MLOG_T 530566222080 1300 11 1 8 128 249 0 2101 1011 61529 0 0 8943
2026-09-07 02:24:20.561187 UUID eae22c84-2506-423a-883e-91bd9b2ad229
2026-09-07 02:24:20.561187 HWVERSION nRF9151 A1A
2026-09-07 02:24:20.600128 GNSS_GPS_MEAS_REPORT Measurement report 31 AGC 179 scnt 530570062080 runi 0
2026-09-07 02:24:20.600372 GNSS_GPS_MLOG_T 530570062080 1300 0 1 16 8389783 421 95076 2610 140 55275 0 0 -78549
2026-09-07 02:24:20.600372 GNSS_GPS_MLOG_T 530570062080 1300 1 1 9 185598139 385 95076 2616 92 3818 0 0 -146026
2026-09-07 02:24:20.600372 GNSS_GPS_MLOG_T 530570062080 1300 2 1 3 185598139 316 95076 2622 627 48781 0 0 -79502
2026-09-07 02:24:20.600402 GNSS_GPS_MLOG_T 530570062080 1300 3 1 4 185598139 416 95076 2622 243 53631 0 0 -50265
2026-09-07 02:24:20.600402 GNSS_GPS_MLOG_T 530570062080 1300 4 1 2 185598139 451 95076 2616 426 16566 0 0 247126
2026-09-07 02:24:20.600402 GNSS_GPS_MLOG_T 530570062080 1300 5 1 1 185598139 483 95076 2621 841 20453 0 0 141691
2026-09-07 02:24:20.600433 GNSS_GPS_MLOG_T 530570062080 1300 6 1 20 128 250 0 1972 35 26599 0 0 -20530
2026-09-07 02:24:20.600433 GNSS_GPS_MLOG_T 530570062080 1300 7 1 29 16777344 249 0 3197 707 18128 0 0 -32328
2026-09-07 02:24:20.600463 GNSS_GPS_MLOG_T 530570062080 1300 8 1 31 16777376 241 0 373 573 33151 0 0 125552
2026-09-07 02:24:20.600463 GNSS_GPS_MLOG_T 530570062080 1300 9 1 32 16777376 252 0 2593 429 55620 0 0 -14986
2026-09-07 02:24:20.600463 GNSS_GPS_MLOG_T 530570062080 1300 10 1 14 128 259 0 1363 406 50322 0 0 1638
2026-09-07 02:24:20.600494 GNSS_GPS_MLOG_T 530570062080 1300 11 1 8 16777344 245 0 3101 1011 53613 0 0 8320
2026-09-07 02:24:21.600189 GNSS_GPS_MEAS_REPORT Measurement report 32 AGC 178 scnt 530573902080 runi 0
2026-09-07 02:24:21.600372 GNSS_GPS_MLOG_T 530573902080 1300 0 1 16 1153 421 95076 3610 141 30787 0 0 -71258
2026-09-07 02:24:21.600402 GNSS_GPS_MLOG_T 530573902080 1300 1 1 9 185598139 385 95076 3616 93 27423 0 0 -146212
2026-09-07 02:24:21.600402 GNSS_GPS_MLOG_T 530573902080 1300 2 1 3 185598139 316 95076 3622 628 31272 0 0 -79566
2026-09-07 02:24:21.600433 GNSS_GPS_MLOG_T 530573902080 1300 3 1 4 185598139 415 95076 3622 244 18766 0 0 -50450
2026-09-07 02:24:21.600463 GNSS_GPS_MLOG_T 530573902080 1300 4 1 2 185598139 446 95076 3616 423 62559 0 0 246949
2026-09-07 02:24:21.600463 GNSS_GPS_MLOG_T 530573902080 1300 5 1 1 185598139 473 95076 3621 839 65173 0 0 141522
2026-09-07 02:24:21.600494 GNSS_GPS_MLOG_T 530573902080 1300 8 1 31 16777376 247 0 1373 572 27205 0 0 123143
2026-09-07 02:24:21.600524 GNSS_GPS_MLOG_T 530573902080 1300 10 1 14 160 245 0 2363 406 57095 0 0 -5434
2026-09-07 02:24:21.600524 GNSS_GPS_MLOG_T 530573902080 1300 11 1 8 16777344 244 0 4101 1011 47492 0 0 8606
2026-09-07 02:24:22.600097 GNSS_GPS_MEAS_REPORT Measurement report 33 AGC 179 scnt 530577742080 runi 0
2026-09-07 02:24:22.600311 GNSS_GPS_MLOG_T 530577742080 1300 0 1 16 1153 421 95076 4610 142 1801 0 0 -81357
2026-09-07 02:24:22.600311 GNSS_GPS_MLOG_T 530577742080 1300 1 1 9 185598139 389 95076 4616 94 50371 0 0 -145934
2026-09-07 02:24:22.600341 GNSS_GPS_MLOG_T 530577742080 1300 2 1 3 185598139 316 95076 4622 629 14259 0 0 -79472
2026-09-07 02:24:22.600372 GNSS_GPS_MLOG_T 530577742080 1300 3 1 4 185598139 410 95076 4622 244 49184 0 0 -50182
2026-09-07 02:24:22.600372 GNSS_GPS_MLOG_T 530577742080 1300 4 1 2 185598139 446 95076 4616 421 42810 0 0 247203
2026-09-07 02:24:22.600402 GNSS_GPS_MLOG_T 530577742080 1300 5 1 1 185598139 479 95076 4621 838 44447 0 0 141812
2026-09-07 02:24:22.600433 GNSS_GPS_MLOG_T 530577742080 1300 6 1 30 128 255 0 891 39 38604 0 0 -26565
2026-09-07 02:24:22.600433 GNSS_GPS_MLOG_T 530577742080 1300 7 1 13 8388768 297 0 353 981 59281 0 0 1897
2026-09-07 02:24:22.600463 GNSS_GPS_MLOG_T 530577742080 1300 8 1 8 8388736 283 0 134 955 65077 0 0 -34978
2026-09-07 02:24:22.600494 GNSS_GPS_MLOG_T 530577742080 1300 10 1 14 16777376 248 0 3363 407 3483 0 0 -18773
2026-09-07 02:24:23.600433 GNSS_GPS_MEAS_REPORT Measurement report 34 AGC 179 scnt 530581582080 runi 0
2026-09-07 02:24:23.600647 GNSS_GPS_MLOG_T 530581582080 1300 0 1 16 16778369 421 95076 5610 142 53009 0 0 -88471
2026-09-07 02:24:23.600677 GNSS_GPS_MLOG_T 530581582080 1300 1 1 9 185598139 389 95076 5616 96 8080 0 0 -145965
2026-09-07 02:24:23.600708 GNSS_GPS_MLOG_T 530581582080 1300 2 1 3 185598139 316 95076 5622 629 63865 0 0 -79457
2026-09-07 02:24:23.600708 GNSS_GPS_MLOG_T 530581582080 1300 3 1 4 185598139 413 95076 5622 245 14898 0 0 -50164
2026-09-07 02:24:23.600738 GNSS_GPS_MLOG_T 530581582080 1300 4 1 2 185598139 449 95076 5616 419 23538 0 0 247194
2026-09-07 02:24:23.600769 GNSS_GPS_MLOG_T 530581582080 1300 5 1 1 185598139 482 95076 5621 837 23521 0 0 141829
2026-09-07 02:24:23.600769 GNSS_GPS_MLOG_T 530581582080 1300 6 1 30 128 247 0 1891 39 57998 0 0 -27689
2026-09-07 02:24:23.600799 GNSS_GPS_MLOG_T 530581582080 1300 8 1 8 128 255 0 1134 956 18990 0 0 -37928
2026-09-07 02:24:23.600799 GNSS_GPS_MLOG_T 530581582080 1300 9 1 7 128 265 0 917 184 26689 0 0 -196
2026-09-07 02:24:23.600830 GNSS_GPS_MLOG_T 530581582080 1300 10 1 14 17826945 249 0 802 407 16660 0 0 -16719
2026-09-07 02:24:24.600280 GNSS_GPS_MEAS_REPORT Measurement report 35 AGC 180 scnt 530585422080 runi 0
2026-09-07 02:24:24.600463 GNSS_GPS_MLOG_T 530585422080 1300 1 1 9 185598139 388 95082 616 97 31189 0 0 -145924
2026-09-07 02:24:24.600463 GNSS_GPS_MLOG_T 530585422080 1300 2 1 3 185598139 314 95082 622 630 45644 0 0 -79280
2026-09-07 02:24:24.600494 GNSS_GPS_MLOG_T 530585422080 1300 3 1 4 185598139 411 95082 622 245 45219 0 0 -50142
2026-09-07 02:24:24.600494 GNSS_GPS_MLOG_T 530585422080 1300 4 1 2 185598139 451 95082 616 417 4056 0 0 247206
2026-09-07 02:24:24.600524 GNSS_GPS_MLOG_T 530585422080 1300 5 1 1 185598139 487 95082 621 836 2367 0 0 141862
2026-09-07 02:24:24.600555 GNSS_GPS_MLOG_T 530585422080 1300 6 1 30 16777344 247 0 2891 40 6083 0 0 -27336
2026-09-07 02:24:24.600555 GNSS_GPS_MLOG_T 530585422080 1300 8 1 8 128 247 0 2134 956 43726 0 0 -44330
2026-09-07 02:24:24.600586 GNSS_GPS_MLOG_T 530585422080 1300 10 1 14 17826977 140 0 1802 407 23403 0 0 -16427
2026-09-07 02:24:25.600524 GNSS_GPS_MEAS_REPORT Measurement report 36 AGC 179 scnt 530589262080 runi 0
2026-09-07 02:24:25.600769 GNSS_GPS_MLOG_T 530589262080 1300 0 1 5 128 257 0 898 595 13557 0 0 -65033
2026-09-07 02:24:25.600769 GNSS_GPS_MLOG_T 530589262080 1300 1 1 9 185598139 387 95082 1616 98 54270 0 0 -145857
2026-09-07 02:24:25.600799 GNSS_GPS_MLOG_T 530589262080 1300 2 1 3 185598139 312 95082 1622 631 28146 0 0 -79311
2026-09-07 02:24:25.600799 GNSS_GPS_MLOG_T 530589262080 1300 3 1 4 185598139 411 95082 1622 246 10316 0 0 -50028
2026-09-07 02:24:25.600799 GNSS_GPS_MLOG_T 530589262080 1300 4 1 2 185598139 453 95082 1616 414 49807 0 0 247294
2026-09-07 02:24:25.600830 GNSS_GPS_MLOG_T 530589262080 1300 5 1 1 185598139 491 95082 1621 834 47140 0 0 141972
2026-09-07 02:24:25.600830 GNSS_GPS_MLOG_T 530589262080 1300 6 1 30 16777344 248 0 3891 40 21717 0 0 -24244
2026-09-07 02:24:25.600860 GNSS_GPS_MLOG_T 530589262080 1300 7 1 16 8388768 277 0 453 431 48329 0 0 -66578
2026-09-07 02:24:25.600860 GNSS_GPS_MLOG_T 530589262080 1300 8 1 8 16777344 248 0 3134 957 3974 0 0 -39655
2026-09-07 02:24:25.600860 GNSS_GPS_MLOG_T 530589262080 1300 10 1 14 17826977 115 0 2802 407 38197 0 0 -16391
2026-09-07 02:24:26.600128 GNSS_GPS_MEAS_REPORT Measurement report 37 AGC 179 scnt 530593102080 runi 0
2026-09-07 02:24:26.600280 GNSS_GPS_MLOG_T 530593102080 1300 0 1 20 8388736 308 0 46 904 288 0 0 -85003
2026-09-07 02:24:26.600311 GNSS_GPS_MLOG_T 530593102080 1300 1 1 9 185598139 387 95082 2616 100 12884 0 0 -145877
2026-09-07 02:24:26.600311 GNSS_GPS_MLOG_T 530593102080 1300 2 1 3 185598139 308 95082 2622 632 13273 0 0 -79103
2026-09-07 02:24:26.600341 GNSS_GPS_MLOG_T 530593102080 1300 3 1 4 185598139 410 95082 2622 246 40834 0 0 -50106
2026-09-07 02:24:26.600341 GNSS_GPS_MLOG_T 530593102080 1300 4 1 2 185598139 450 95082 2616 412 30394 0 0 247259
2026-09-07 02:24:26.600341 GNSS_GPS_MLOG_T 530593102080 1300 5 1 1 185598139 495 95082 2621 833 26211 0 0 141942
2026-09-07 02:24:26.600372 GNSS_GPS_MLOG_T 530593102080 1300 6 1 17 8388736 284 0 342 431 54439 0 0 52517
2026-09-07 02:24:26.600372 GNSS_GPS_MLOG_T 530593102080 1300 10 1 14 17826977 120 0 3802 407 50471 0 0 -16444
2026-09-07 02:24:27.600372 GNSS_GPS_MEAS_REPORT Measurement report 38 AGC 179 scnt 530596942080 runi 0
2026-09-07 02:24:27.600555 GNSS_GPS_MLOG_T 530596942080 1300 0 1 20 128 263 0 1046 904 44010 0 0 -87448
2026-09-07 02:24:27.600586 GNSS_GPS_MLOG_T 530596942080 1300 1 1 9 185598139 388 95082 3616 101 36287 0 0 -145841
2026-09-07 02:24:27.600586 GNSS_GPS_MLOG_T 530596942080 1300 2 1 3 185598139 308 95082 3622 632 61570 0 0 -79327
2026-09-07 02:24:27.600616 GNSS_GPS_MLOG_T 530596942080 1300 3 1 4 185598139 412 95082 3622 247 5223 0 0 -50022
2026-09-07 02:24:27.600647 GNSS_GPS_MLOG_T 530596942080 1300 4 1 2 185598139 452 95082 3616 410 10858 0 0 247301
2026-09-07 02:24:27.600647 GNSS_GPS_MLOG_T 530596942080 1300 5 1 1 185598139 495 95082 3621 832 5211 0 0 142012
2026-09-07 02:24:27.600677 GNSS_GPS_MLOG_T 530596942080 1300 6 1 17 128 255 0 1342 431 40845 0 0 53642
2026-09-07 02:24:27.600708 GNSS_GPS_MLOG_T 530596942080 1300 7 1 8 8388736 272 0 445 797 60071 0 0 66611
2026-09-07 02:24:27.600708 GNSS_GPS_MLOG_T 530596942080 1300 10 1 14 18351233 121 0 4802 407 58281 0 0 -13689
2026-09-07 02:24:28.600494 GNSS_GPS_MEAS_REPORT Measurement report 39 AGC 179 scnt 530600782080 runi 0
2026-09-07 02:24:28.600738 GNSS_GPS_MLOG_T 530600782080 1300 0 1 20 128 246 0 2046 905 22654 0 0 -87740
2026-09-07 02:24:28.600769 GNSS_GPS_MLOG_T 530600782080 1300 1 1 9 185598139 386 95082 4616 102 59540 0 0 -145834
2026-09-07 02:24:28.600799 GNSS_GPS_MLOG_T 530600782080 1300 2 1 3 185598139 307 95082 4622 633 42893 0 0 -79329
2026-09-07 02:24:28.600799 GNSS_GPS_MLOG_T 530600782080 1300 3 1 4 185598139 413 95082 4622 247 35775 0 0 -50028
2026-09-07 02:24:28.600830 GNSS_GPS_MLOG_T 530600782080 1300 4 1 2 185598139 452 95082 4616 407 57243 0 0 247313
2026-09-07 02:24:28.600860 GNSS_GPS_MLOG_T 530600782080 1300 5 1 1 185598139 495 95082 4621 830 49907 0 0 142046
2026-09-07 02:24:28.601348 GNSS_GPS_MLOG_T 530600782080 1300 6 1 17 128 248 0 2342 431 13090 0 0 51241
2026-09-07 02:24:28.601348 GNSS_GPS_MLOG_T 530600782080 1300 7 1 8 128 252 0 1445 797 30509 0 0 64451
2026-09-07 02:24:28.601379 GNSS_GPS_MLOG_T 530600782080 1300 8 1 16 128 272 0 987 594 23360 0 0 72655
2026-09-07 02:24:28.601409 GNSS_GPS_MLOG_T 530600782080 1300 9 1 18 128 255 0 770 956 40305 0 0 -104508
2026-09-07 02:24:28.601409 GNSS_GPS_MLOG_T 530600782080 1300 10 1 14 18351233 95 0 5802 408 1078 0 0 -13689
2026-09-07 02:24:29.600494 GNSS_GPS_MEAS_REPORT Measurement report 40 AGC 179 scnt 530604622080 runi 0
2026-09-07 02:24:29.600677 GNSS_GPS_MLOG_T 530604622080 1300 0 1 20 16777344 247 0 3046 906 18367 0 0 -90595
2026-09-07 02:24:29.600708 GNSS_GPS_MLOG_T 530604622080 1300 1 1 9 185598139 388 95082 5616 104 17249 0 0 -145593
2026-09-07 02:24:29.600708 GNSS_GPS_MLOG_T 530604622080 1300 2 1 3 185598139 309 95082 5622 634 25137 0 0 -79087
2026-09-07 02:24:29.600738 GNSS_GPS_MLOG_T 530604622080 1300 3 1 4 185598139 413 95082 5622 248 1073 0 0 -49758
2026-09-07 02:24:29.600769 GNSS_GPS_MLOG_T 530604622080 1300 4 1 2 185598139 451 95082 5616 405 38093 0 0 247548
2026-09-07 02:24:29.600769 GNSS_GPS_MLOG_T 530604622080 1300 5 1 1 185598139 494 95082 5621 829 28917 0 0 142316
2026-09-07 02:24:29.600799 GNSS_GPS_MLOG_T 530604622080 1300 6 1 17 16777344 246 0 3342 430 45593 0 0 53511
2026-09-07 02:24:29.600830 GNSS_GPS_MLOG_T 530604622080 1300 7 1 8 128 247 0 2445 796 57838 0 0 62917
2026-09-07 02:24:29.600830 GNSS_GPS_MLOG_T 530604622080 1300 9 1 18 128 250 0 1770 957 46743 0 0 -110714
2026-09-07 02:24:29.600860 GNSS_GPS_MLOG_T 530604622080 1300 10 1 14 18351233 81 0 802 408 9410 0 0 -13689
2026-09-07 02:24:29.999786 GNSS_GPS_MEAS_REPORT Measurement report 41 AGC 179 scnt 530606154240 runi 0
2026-09-07 02:24:29.999969 GNSS_GPS_MLOG_T 530606154240 1300 0 1 20 16777344 247 0 3445 906 39258 0 0 -88147
2026-09-07 02:24:30.000000 GNSS_GPS_MLOG_T 530606154240 1300 1 1 9 185598395 388 95088 15 104 52391 0 0 -145667
2026-09-07 02:24:30.000030 GNSS_GPS_MLOG_T 530606154240 1300 2 1 3 185598395 309 95088 21 634 43100 0 0 -79163
2026-09-07 02:24:30.000030 GNSS_GPS_MLOG_T 530606154240 1300 3 1 4 185598395 412 95088 21 248 13552 0 0 -49846
2026-09-07 02:24:30.000061 GNSS_GPS_MLOG_T 530606154240 1300 4 1 2 185598395 451 95088 15 404 43371 0 0 247454
2026-09-07 02:24:30.000061 GNSS_GPS_MLOG_T 530606154240 1300 5 1 1 185598395 494 95088 20 828 59847 0 0 142223
2026-09-07 02:24:30.000091 GNSS_GPS_MLOG_T 530606154240 1300 6 1 17 16777344 248 0 3741 430 31234 0 0 53612
2026-09-07 02:24:30.000122 GNSS_GPS_MLOG_T 530606154240 1300 7 1 8 16777344 250 0 2844 796 36000 0 0 63104
2026-09-07 02:24:30.000122 GNSS_GPS_MLOG_T 530606154240 1300 9 1 18 128 242 0 2169 958 6938 0 0 -109903
2026-09-07 02:24:30.000152 GNSS_GPS_MLOG_T 530606154240 1300 10 1 14 18351233 89 0 1201 408 12735 0 0 -13689
2026-09-07 02:24:30.034057 GNSS_POS_REP_PV Lat -30.028696 Lon -51.213337 Height 166.21 Speed 0.09 Heading 0.00 Accuracy 12.35
2026-09-07 02:24:30.046020 RFHAL_KERNEL_BIN_TRACE_RX_OFF RX OFF -- AntPwr: -89, prev W/NBPM: -80, -82, TF|AltADC|DCI/Q(Q5): 0x001d0d, s: 141593, e: 2783933422
2026-09-07 02:24:30.052917 L23_AT_STRING => AT+CCLK="26/09/07,02:24:30+99"
2026-09-07 02:24:30.053192 L23_AT_STRING <= OK\r\n
2026-09-07 02:24:30.062103 L23_AT_STRING => AT+CFUN=30
2026-09-07 02:24:30.062591 L23_AT_STRING <= OK\r\n
2026-09-07 02:28:32.560363 L23_AT_STRING => AT+CFUN?
2026-09-07 02:28:32.560485 L23_AT_STRING <= +CFUN: 45\r\nOK\r\n
2026-09-07 02:28:32.560760 TRACE_SYSTEM_WARNING Traces dropped kernel: 9 user: 0 (buffer: 0 peer buffer: 0 message: 0) - Throughput: kernel: 6002 user: 5224 bytes / s
2026-09-07 02:28:32.561340 L23_AT_STRING => AT%CSUS=0
2026-09-07 02:28:32.561370 L23_AT_STRING <= OK\r\n
2026-09-07 02:28:32.561584 UUID eae22c84-2506-423a-883e-91bd9b2ad229
2026-09-07 02:28:32.561615 HWVERSION nRF9151 A1A
2026-09-07 02:28:32.562347 L23_AT_STRING => AT%XSYSTEMMODE=0,0,0,0,1
2026-09-07 02:28:32.562896 L23_AT_STRING <= OK\r\n
2026-09-07 02:28:32.570983 L23_AT_STRING => AT%LOCATION=2,"-30.028696","-51.213337","166.2",0,0
2026-09-07 02:28:32.571197 L23_AT_STRING <= OK\r\n
2026-09-07 02:28:32.572174 L23_AT_STRING => AT%LOCATION=0
2026-09-07 02:28:32.572204 L23_AT_STRING <= OK\r\n
2026-09-07 02:28:32.572906 L23_AT_STRING => AT%XBANDLOCK=1,,"256"
2026-09-07 02:28:32.572998 L23_AT_STRING <= OK\r\n
2026-09-07 02:28:32.573974 L23_AT_STRING => AT%CHSELECT=2,14,229232
2026-09-07 02:28:32.574005 L23_AT_STRING <= ERROR\r\n
2026-09-07 02:28:32.574890 L23_AT_STRING => AT%FREQRANGES=0
2026-09-07 02:28:32.574951 L23_AT_STRING <= OK\r\n
2026-09-07 02:28:32.575866 L23_AT_STRING => AT%FREQRANGES=1,6,,1,"229232",""
2026-09-07 02:28:32.576232 L23_AT_STRING <= OK\r\n
2026-09-07 02:28:32.583435 L23_AT_STRING => AT%PERIODICSEARCHCONF=0,1,0,0,"1,2"
2026-09-07 02:28:32.583557 L23_AT_STRING <= OK\r\n
2026-09-07 02:28:32.584289 L23_AT_STRING => AT+CGEREP=1
2026-09-07 02:28:32.584320 L23_AT_STRING <= OK\r\n
2026-09-07 02:28:32.585266 L23_AT_STRING => AT%SIBCONFIG=32,1,31,0
2026-09-07 02:28:32.585296 L23_AT_STRING <= ERROR\r\n
2026-09-07 02:28:32.585998 L23_AT_STRING => AT+CEREG=5
2026-09-07 02:28:32.586029 L23_AT_STRING <= OK\r\n
2026-09-07 02:28:32.586731 L23_AT_STRING => AT+CSCON=1
2026-09-07 02:28:32.586761 L23_AT_STRING <= OK\r\n
2026-09-07 02:28:32.587371 L23_AT_STRING => AT+CFUN=21
2026-09-07 02:28:32.610260 L23_DEFAULT_INFO_RRCSTATECHANGEEVENT RRC State: 1
2026-09-07 02:28:32.610961 L23_DEFAULT_INFO_EMM_STATE_VALUE emm_state: 1, emm_substate: 0
2026-09-07 02:28:32.611938 UICC_SERVICE_STATE UICC service state is: 1
2026-09-07 02:28:32.612915 L23_AT_STRING <= OK\r\n
2026-09-07 02:28:32.613708 L23_AT_STRING => AT+CNEC=16
2026-09-07 02:28:32.613739 L23_AT_STRING <= OK\r\n
2026-09-07 02:28:32.614441 L23_AT_STRING => AT+CGEREP=1
2026-09-07 02:28:32.614471 L23_AT_STRING <= OK\r\n
2026-09-07 02:28:32.615264 L23_AT_STRING => AT%XTIME=1
2026-09-07 02:28:32.615295 L23_AT_STRING <= OK\r\n
2026-09-07 02:28:32.736114 APDU_RECEIVED_ATR [3b9f96803f87008031e073fe211b57454d75303020518c]
2026-09-07 02:28:32.901855 APDU_TRANSPORT_DONE_INFO [80f20000000168]
2026-09-07 02:28:32.901855 APDU_RECEIVED_R_APDU_DATA [62298202782183023f00a50c800171830400044a688701018a01058b032f060ec60990014083010183010a9000]
2026-09-07 02:28:32.914611 APDU_TRANSPORT_DONE_INFO [00a408040000022fe20168]
2026-09-07 02:28:32.914642 APDU_RECEIVED_R_APDU_DATA [62178202412183022fe28a01058b032f060b8002000a8801109000]
2026-09-07 02:28:32.921386 APDU_TRANSPORT_DONE_INFO [00b000000a]
2026-09-07 02:28:32.921417 APDU_RECEIVED_R_APDU_DATA [988803030010708929919000]
2026-09-07 02:28:32.933136 APDU_TRANSPORT_DONE_INFO [00a408040000022f000168]
2026-09-07 02:28:32.933166 APDU_RECEIVED_R_APDU_DATA [621a8205422100200183022f008a01058b032f060a800200208801f09000]
2026-09-07 02:28:32.942840 APDU_TRANSPORT_DONE_INFO [00b2010420]
2026-09-07 02:28:32.942871 APDU_RECEIVED_R_APDU_DATA [61184f10a0000000871002ffffffff890709000050045553494dffffffffffff9000]
2026-09-07 02:28:32.955047 APDU_TRANSPORT_DONE_INFO [00a408040000022f050168]
2026-09-07 02:28:32.955078 APDU_RECEIVED_R_APDU_DATA [621c8202412183022f05a503d001108a01058b032f0601800200088801289000]
2026-09-07 02:28:32.962036 APDU_TRANSPORT_DONE_INFO [00b0000008]
2026-09-07 02:28:32.962036 APDU_RECEIVED_R_APDU_DATA [6465656effffffff9000]
2026-09-07 02:28:32.972930 APDU_TRANSPORT_DONE_INFO [00a408040000022f080168]
2026-09-07 02:28:32.972930 APDU_RECEIVED_R_APDU_DATA [62168202412183022f088a01058b032f060a8002000588009000]
2026-09-07 02:28:32.978881 APDU_TRANSPORT_DONE_INFO [00b0000005]
2026-09-07 02:28:32.978881 APDU_RECEIVED_R_APDU_DATA [0a140200009000]
2026-09-07 02:28:33.009185 APDU_TRANSPORT_DONE_INFO [80aa00000ca90a8003040a148100820100]
2026-09-07 02:28:33.180023 APDU_TRANSPORT_DONE_INFO [9000]
2026-09-07 02:28:33.180023 APDU_TRANSPORT_DONE_INFO [80100000233301e842119c00078000001f2060000043c0000000004000400000000008008017700c]
2026-09-07 02:28:33.195343 APDU_TRANSPORT_DONE_INFO [910f]
2026-09-07 02:28:33.195343 APDU_TRANSPORT_DONE_INFO [00a408040000047f666fd20168]
2026-09-07 02:28:33.228302 APDU_TRANSPORT_DONE_INFO [6a82]
2026-09-07 02:28:33.228302 APDU_TRANSPORT_DONE_INFO [00a40404000010a0000000871002ffffffff89070900000168]
2026-09-07 02:28:33.228332 APDU_RECEIVED_R_APDU_DATA [623e8202782183027ff08410a0000000871002ffffffff8907090000a50c800171830400044a688701018a01058b032f060ec60c90016083010183018183010a910f]
2026-09-07 02:28:33.242218 APDU_TRANSPORT_DONE_INFO [00a408040000087fff7f665f404f440168]
2026-09-07 02:28:33.259826 APDU_TRANSPORT_DONE_INFO [6a82]
2026-09-07 02:28:33.259826 APDU_TRANSPORT_DONE_INFO [00a408040000047fff6f070168]
2026-09-07 02:28:33.259826 APDU_RECEIVED_R_APDU_DATA [62178202412183026f078a01058b036f060680020009880138910f]
2026-09-07 02:28:33.273193 APDU_TRANSPORT_DONE_INFO [00b0000009]
2026-09-07 02:28:33.273223 APDU_RECEIVED_R_APDU_DATA [089910340050081530910f]
2026-09-07 02:28:33.289306 APDU_TRANSPORT_DONE_INFO [00a408040000047fff6fad0168]
2026-09-07 02:28:33.289306 APDU_RECEIVED_R_APDU_DATA [62178202412183026fad8a01058b036f060a80020004880118910f]
2026-09-07 02:28:33.302154 APDU_TRANSPORT_DONE_INFO [00b0000004]
2026-09-07 02:28:33.302154 APDU_RECEIVED_R_APDU_DATA [01ff0802910f]
2026-09-07 02:28:33.319488 APDU_TRANSPORT_DONE_INFO [00a408040000047fff6f380168]
2026-09-07 02:28:33.319488 APDU_RECEIVED_R_APDU_DATA [62178202412183026f388a01058b036f060280020011880120910f]
2026-09-07 02:28:33.333465 APDU_TRANSPORT_DONE_INFO [00b0000011]
2026-09-07 02:28:33.333465 APDU_RECEIVED_R_APDU_DATA [0ace171c23f00000000010000000000000910f]
2026-09-07 02:28:33.350280 APDU_TRANSPORT_DONE_INFO [00a408040000047fff6f560168]
2026-09-07 02:28:33.350280 APDU_RECEIVED_R_APDU_DATA [62178202412183026f568a01058b036f060880020001880128910f]
2026-09-07 02:28:33.362243 APDU_TRANSPORT_DONE_INFO [00b0000001]
2026-09-07 02:28:33.362243 APDU_RECEIVED_R_APDU_DATA [00910f]
2026-09-07 02:28:33.378234 APDU_TRANSPORT_DONE_INFO [00a408040000047fff6fe30168]
2026-09-07 02:28:33.378234 APDU_RECEIVED_R_APDU_DATA [62178202412183026fe38a01058b036f0605800200128801f0910f]
2026-09-07 02:28:33.392334 APDU_TRANSPORT_DONE_INFO [00b0000012]
2026-09-07 02:28:33.392334 APDU_RECEIVED_R_APDU_DATA [0bf609f179000101fffffffffffffffffe02910f]
2026-09-07 02:28:33.408233 APDU_TRANSPORT_DONE_INFO [00a408040000047fff6fe40168]
2026-09-07 02:28:33.408264 APDU_RECEIVED_R_APDU_DATA [621a8205422100360183026fe48a01058b036f0605800200368801c0910f]
2026-09-07 02:28:33.426117 APDU_TRANSPORT_DONE_INFO [00b2010436]
2026-09-07 02:28:33.426147 APDU_RECEIVED_R_APDU_DATA [a034800107812046c76eab42632603451de8f27110c65ae9adf5774ea4f99e40dafb4aeb3eeeeb820400000004830400000002840102910f]
2026-09-07 02:28:33.442688 APDU_TRANSPORT_DONE_INFO [00a408040000047fff6f730168]
2026-09-07 02:28:33.442688 APDU_RECEIVED_R_APDU_DATA [62178202412183026f738a01058b036f06098002000e880160910f]
2026-09-07 02:28:33.456359 APDU_TRANSPORT_DONE_INFO [00b000000e]
2026-09-07 02:28:33.456359 APDU_RECEIVED_R_APDU_DATA [ffffffffffffffffffff0000ff01910f]
2026-09-07 02:28:33.472473 APDU_TRANSPORT_DONE_INFO [00a408040000047fff6f7e0168]
2026-09-07 02:28:33.472473 APDU_RECEIVED_R_APDU_DATA [62178202412183026f7e8a01058b036f06098002000b880158910f]
2026-09-07 02:28:33.485717 APDU_TRANSPORT_DONE_INFO [00b000000b]
2026-09-07 02:28:33.485717 APDU_RECEIVED_R_APDU_DATA [ffffffffffffff0000ff01910f]
2026-09-07 02:28:33.501037 APDU_TRANSPORT_DONE_INFO [00a408040000047fff6f3e0168]
2026-09-07 02:28:33.501037 APDU_RECEIVED_R_APDU_DATA [62168202412183026f3e8a01058b036f0602800200058800910f]
2026-09-07 02:28:33.513977 APDU_TRANSPORT_DONE_INFO [00b0000005]
2026-09-07 02:28:33.513977 APDU_RECEIVED_R_APDU_DATA [ffffffffff910f]
2026-09-07 02:28:33.529113 APDU_TRANSPORT_DONE_INFO [00a408040000047fff6f3f0168]
2026-09-07 02:28:33.529113 APDU_RECEIVED_R_APDU_DATA [62168202412183026f3f8a01058b036f0602800200058800910f]
2026-09-07 02:28:33.541717 APDU_TRANSPORT_DONE_INFO [00b0000005]
2026-09-07 02:28:33.541717 APDU_RECEIVED_R_APDU_DATA [ffffffffff910f]
2026-09-07 02:28:33.559295 APDU_TRANSPORT_DONE_INFO [00a408040000047fff6f090168]
2026-09-07 02:28:33.559326 APDU_RECEIVED_R_APDU_DATA [62178202412183026f098a01058b036f060980020021880148910f]
2026-09-07 02:28:33.574798 APDU_TRANSPORT_DONE_INFO [00b0000021]
2026-09-07 02:28:33.574829 APDU_RECEIVED_R_APDU_DATA [007623b218fed2aad0de904fb65d2b9d0b5f949bb99193d7fcd43560d3270ce993910f]
2026-09-07 02:28:33.592254 APDU_TRANSPORT_DONE_INFO [00a408040000047fff6f310168]
2026-09-07 02:28:33.592254 APDU_RECEIVED_R_APDU_DATA [62178202412183026f318a01058b036f060280020001880190910f]
2026-09-07 02:28:33.604522 APDU_TRANSPORT_DONE_INFO [00b0000001]
2026-09-07 02:28:33.604522 APDU_RECEIVED_R_APDU_DATA [00910f]
2026-09-07 02:28:33.620819 APDU_TRANSPORT_DONE_INFO [00a408040000047fff6f780168]
2026-09-07 02:28:33.620819 APDU_RECEIVED_R_APDU_DATA [62178202412183026f788a01058b036f060680020002880130910f]
2026-09-07 02:28:33.633331 APDU_TRANSPORT_DONE_INFO [00b0000002]
2026-09-07 02:28:33.633331 APDU_RECEIVED_R_APDU_DATA [0008910f]
2026-09-07 02:28:33.649475 APDU_TRANSPORT_DONE_INFO [00a408040000047fff6f7b0168]
2026-09-07 02:28:33.649475 APDU_RECEIVED_R_APDU_DATA [62178202412183026f7b8a01058b036f06058002000c880168910f]
2026-09-07 02:28:33.662841 APDU_TRANSPORT_DONE_INFO [00b000000c]
2026-09-07 02:28:33.662841 APDU_RECEIVED_R_APDU_DATA [ffffffffffffffffffffffff910f]
2026-09-07 02:28:33.680145 APDU_TRANSPORT_DONE_INFO [00a408040000047fff6f420168]
2026-09-07 02:28:33.680175 APDU_RECEIVED_R_APDU_DATA [62198205422100280283026f428a01058b036f0605800200508800910f]
2026-09-07 02:28:33.686676 APDU_TRANSPORT_DONE_INFO [801200000f]
2026-09-07 02:28:33.686706 APDU_RECEIVED_R_APDU_DATA [d00d8103010500820281829902090a9000]
2026-09-07 02:28:33.703033 APDU_TRANSPORT_DONE_INFO [00b2010428]
2026-09-07 02:28:33.703064 APDU_RECEIVED_R_APDU_DATA [fffffffffffffffffffffffffdffffffffffffffffffffffff099188130700000010f0ffffffffff9000]
2026-09-07 02:28:33.732696 APDU_TRANSPORT_DONE_INFO [801400000c810301050082028281830100]
2026-09-07 02:28:33.749786 APDU_TRANSPORT_DONE_INFO [9000]
2026-09-07 02:28:33.749786 APDU_TRANSPORT_DONE_INFO [00b2020428]
2026-09-07 02:28:33.749786 APDU_RECEIVED_R_APDU_DATA [ffffffffffffffffffffffffffffffffffffffffffffffffffffffffffffffffffffffffffffffff9000]
2026-09-07 02:28:33.766937 APDU_TRANSPORT_DONE_INFO [00a408040000047fff6f430168]
2026-09-07 02:28:33.766967 APDU_RECEIVED_R_APDU_DATA [62168202412183026f438a01058b036f06058002000288009000]
2026-09-07 02:28:33.779663 APDU_TRANSPORT_DONE_INFO [00b0000002]
2026-09-07 02:28:33.779663 APDU_RECEIVED_R_APDU_DATA [ffff9000]
2026-09-07 02:28:33.793151 APDU_TRANSPORT_DONE_INFO [00a408040000087fff7f665f404f400168]
2026-09-07 02:28:33.806549 APDU_TRANSPORT_DONE_INFO [6a82]
2026-09-07 02:28:33.806549 APDU_TRANSPORT_DONE_INFO [00a408040000087fff7f665f404f410168]
2026-09-07 02:28:33.819915 APDU_TRANSPORT_DONE_INFO [6a82]
2026-09-07 02:28:33.819915 APDU_TRANSPORT_DONE_INFO [00a408040000087fff7f665f404f420168]
2026-09-07 02:28:33.833313 APDU_TRANSPORT_DONE_INFO [6a82]
2026-09-07 02:28:33.833313 APDU_TRANSPORT_DONE_INFO [00a408040000087fff7f665f404f430168]
2026-09-07 02:28:33.846710 APDU_TRANSPORT_DONE_INFO [6a82]
2026-09-07 02:28:33.846710 APDU_TRANSPORT_DONE_INFO [00a408040000087fff7f665f304f340168]
2026-09-07 02:28:33.862457 APDU_TRANSPORT_DONE_INFO [6a82]
2026-09-07 02:28:33.862457 APDU_TRANSPORT_DONE_INFO [00a408040000047fff6f400168]
2026-09-07 02:28:33.862457 APDU_RECEIVED_R_APDU_DATA [621982054221001c0283026f408a01058b036f06058002003888009000]
2026-09-07 02:28:33.877868 APDU_TRANSPORT_DONE_INFO [00b201041c]
2026-09-07 02:28:33.877868 APDU_RECEIVED_R_APDU_DATA [ffffffffffffffffffffffffffffffffffffffffffffffffffffffff9000]
2026-09-07 02:28:33.878509 UICC_SERVICE_STATE UICC service state is: 2
2026-09-07 02:28:33.879180 L23_DEFAULT_INFO_EMM_STATE_VALUE emm_state: 2, emm_substate: 4
2026-09-07 02:28:33.880066 L23_DEFAULT_INFO_EMM_STATE_VALUE emm_state: 2, emm_substate: 2
2026-09-07 02:28:33.884491 L23_AT_STRING <= +CGEV: EXCE STATUS 0\r\n
2026-09-07 02:28:33.890319 RFHAL_KERNEL_BIN_TRACE_RX_ON RX ON -- AntPwr: -103, FreqCtrl: 0x380d5700, OF|AnaGi|AdcAttn|BQ|BWs: 0x07000700, dsp_corr: 6141
2026-09-07 02:28:33.901306 RFHAL_KERNEL_BIN_TRACE_RX_OFF RX OFF -- AntPwr: -114, prev W/NBPM: -92, -114, TF|AltADC|DCI/Q(Q5): 0x001a0c, s: 550396, e: 1395196
2026-09-07 02:28:33.908233 RFHAL_KERNEL_BIN_TRACE_RX_ON RX ON -- AntPwr: -103, FreqCtrl: 0x380d5700, OF|AnaGi|AdcAttn|BQ|BWs: 0x07000700, dsp_corr: -6141
2026-09-07 02:28:33.912628 APDU_TRANSPORT_DONE_INFO [80f2010c]
2026-09-07 02:28:33.912689 APDU_TRANSPORT_DONE_INFO [9000]
2026-09-07 02:28:33.912689 UICC_SERVICE_STATE UICC service state is: 3
2026-09-07 02:28:33.919220 RFHAL_KERNEL_BIN_TRACE_RX_OFF RX OFF -- AntPwr: -114, prev W/NBPM: -93, -114, TF|AltADC|DCI/Q(Q5): 0x001a0c, s: 496087, e: 1340887
2026-09-07 02:28:33.926117 RFHAL_KERNEL_BIN_TRACE_RX_ON RX ON -- AntPwr: -104, FreqCtrl: 0x380d5700, OF|AnaGi|AdcAttn|BQ|BWs: 0x07000700, dsp_corr: 18423
2026-09-07 02:28:33.937103 RFHAL_KERNEL_BIN_TRACE_RX_OFF RX OFF -- AntPwr: -113, prev W/NBPM: -93, -113, TF|AltADC|DCI/Q(Q5): 0x001a0c, s: 496076, e: 1340876
2026-09-07 02:28:33.944000 RFHAL_KERNEL_BIN_TRACE_RX_ON RX ON -- AntPwr: -104, FreqCtrl: 0x380d5700, OF|AnaGi|AdcAttn|BQ|BWs: 0x07000700, dsp_corr: -18423
2026-09-07 02:28:33.955017 RFHAL_KERNEL_BIN_TRACE_RX_OFF RX OFF -- AntPwr: -114, prev W/NBPM: -92, -114, TF|AltADC|DCI/Q(Q5): 0x001a0b, s: 496052, e: 1340852
2026-09-07 02:28:33.955627 L23_DEFAULT_INFO_RRCSTATECHANGEEVENT RRC State: 1
2026-09-07 02:28:33.956085 L23_DEFAULT_INFO_EMM_STATE_VALUE emm_state: 2, emm_substate: 4
2026-09-07 02:28:33.956482 L23_DEFAULT_INFO_RRCSTATECHANGEEVENT RRC State: 0
2026-09-07 02:28:33.956482 L23_ERRC_3GPP_TIMER_STOP 0 STOP
2026-09-07 02:28:33.956482 L23_ERRC_3GPP_TIMER_STOP 1 STOP
2026-09-07 02:28:33.956482 L23_ERRC_3GPP_TIMER_STOP 4 STOP
2026-09-07 02:28:33.956482 L23_ERRC_3GPP_TIMER_STOP 6 STOP
2026-09-07 02:28:33.956512 L23_ERRC_3GPP_TIMER_STOP 7 STOP
2026-09-07 02:28:33.956512 L23_ERRC_3GPP_TIMER_STOP 9 STOP
2026-09-07 02:28:33.956512 L23_ERRC_3GPP_TIMER_STOP 10 STOP
2026-09-07 02:28:33.956512 L23_ERRC_3GPP_TIMER_STOP 13 STOP
2026-09-07 02:28:33.956512 L23_ERRC_3GPP_TIMER_STOP 11 STOP
2026-09-07 02:28:33.956543 L23_ERRC_3GPP_TIMER_STOP 12 STOP
2026-09-07 02:28:33.958282 L23_AT_STRING <= +CEREG: 91,,,14\r\n
2026-09-07 02:28:33.958496 L23_AT_STRING <= +CEREG: 4\r\n
2026-09-07 02:28:35.955963 TRACE_SYSTEM_WARNING Traces dropped kernel: 0 user: 4 (buffer: 0 peer buffer: 0 message: 4) - Throughput: kernel: 2486 user: 11633 bytes / s
2026-09-07 02:28:35.956543 L23_DEFAULT_INFO_RRCSTATECHANGEEVENT RRC State: 0
2026-09-07 02:28:35.977935 L23_DEFAULT_INFO_RRCSTATECHANGEEVENT RRC State: 1
2026-09-07 02:28:35.979309 L23_DEFAULT_INFO_EMM_STATE_VALUE emm_state: 2, emm_substate: 2
2026-09-07 02:28:35.989593 RFHAL_KERNEL_BIN_TRACE_RX_ON RX ON -- AntPwr: -104, FreqCtrl: 0x380d5700, OF|AnaGi|AdcAttn|BQ|BWs: 0x07000700, dsp_corr: 6141
2026-09-07 02:28:36.000610 RFHAL_KERNEL_BIN_TRACE_RX_OFF RX OFF -- AntPwr: -114, prev W/NBPM: -93, -114, TF|AltADC|DCI/Q(Q5): 0x001b0c, s: 550602, e: 1395402
2026-09-07 02:28:36.007507 RFHAL_KERNEL_BIN_TRACE_RX_ON RX ON -- AntPwr: -105, FreqCtrl: 0x380d5700, OF|AnaGi|AdcAttn|BQ|BWs: 0x07000700, dsp_corr: -6141
2026-09-07 02:28:36.018493 RFHAL_KERNEL_BIN_TRACE_RX_OFF RX OFF -- AntPwr: -114, prev W/NBPM: -92, -114, TF|AltADC|DCI/Q(Q5): 0x001b0b, s: 496055, e: 1340855
2026-09-07 02:28:36.025390 RFHAL_KERNEL_BIN_TRACE_RX_ON RX ON -- AntPwr: -104, FreqCtrl: 0x380d5700, OF|AnaGi|AdcAttn|BQ|BWs: 0x07000700, dsp_corr: 18423
2026-09-07 02:28:36.036377 RFHAL_KERNEL_BIN_TRACE_RX_OFF RX OFF -- AntPwr: -114, prev W/NBPM: -92, -114, TF|AltADC|DCI/Q(Q5): 0x001a0b, s: 496054, e: 1340854
2026-09-07 02:28:36.043274 RFHAL_KERNEL_BIN_TRACE_RX_ON RX ON -- AntPwr: -104, FreqCtrl: 0x380d5700, OF|AnaGi|AdcAttn|BQ|BWs: 0x07000700, dsp_corr: -18423
2026-09-07 02:28:36.054260 RFHAL_KERNEL_BIN_TRACE_RX_OFF RX OFF -- AntPwr: -114, prev W/NBPM: -93, -114, TF|AltADC|DCI/Q(Q5): 0x001a0b, s: 496050, e: 1340850
2026-09-07 02:28:36.054870 L23_DEFAULT_INFO_RRCSTATECHANGEEVENT RRC State: 1
2026-09-07 02:28:36.055328 L23_DEFAULT_INFO_EMM_STATE_VALUE emm_state: 2, emm_substate: 4
2026-09-07 02:28:36.055694 L23_DEFAULT_INFO_RRCSTATECHANGEEVENT RRC State: 0
2026-09-07 02:28:36.055694 L23_ERRC_3GPP_TIMER_STOP 0 STOP
2026-09-07 02:28:36.055725 L23_ERRC_3GPP_TIMER_STOP 1 STOP
2026-09-07 02:28:36.055725 L23_ERRC_3GPP_TIMER_STOP 4 STOP
2026-09-07 02:28:36.055725 L23_ERRC_3GPP_TIMER_STOP 6 STOP
2026-09-07 02:28:36.055725 L23_ERRC_3GPP_TIMER_STOP 7 STOP
2026-09-07 02:28:36.055725 L23_ERRC_3GPP_TIMER_STOP 9 STOP
2026-09-07 02:28:36.055755 L23_ERRC_3GPP_TIMER_STOP 10 STOP
2026-09-07 02:28:36.055755 L23_ERRC_3GPP_TIMER_STOP 13 STOP
2026-09-07 02:28:36.055755 L23_ERRC_3GPP_TIMER_STOP 11 STOP
2026-09-07 02:28:36.055755 L23_ERRC_3GPP_TIMER_STOP 12 STOP
2026-09-07 02:28:38.055786 L23_DEFAULT_INFO_RRCSTATECHANGEEVENT RRC State: 0
2026-09-07 02:28:38.077148 L23_DEFAULT_INFO_RRCSTATECHANGEEVENT RRC State: 1
2026-09-07 02:28:38.078491 L23_DEFAULT_INFO_EMM_STATE_VALUE emm_state: 2, emm_substate: 2
2026-09-07 02:28:38.088775 RFHAL_KERNEL_BIN_TRACE_RX_ON RX ON -- AntPwr: -103, FreqCtrl: 0x380d5700, OF|AnaGi|AdcAttn|BQ|BWs: 0x07000700, dsp_corr: 6141
2026-09-07 02:28:38.099762 RFHAL_KERNEL_BIN_TRACE_RX_OFF RX OFF -- AntPwr: -114, prev W/NBPM: -93, -114, TF|AltADC|DCI/Q(Q5): 0x001b0c, s: 550599, e: 1395399
2026-09-07 02:28:38.106659 RFHAL_KERNEL_BIN_TRACE_RX_ON RX ON -- AntPwr: -105, FreqCtrl: 0x380d5700, OF|AnaGi|AdcAttn|BQ|BWs: 0x07000700, dsp_corr: -6141
2026-09-07 02:28:38.117675 RFHAL_KERNEL_BIN_TRACE_RX_OFF RX OFF -- AntPwr: -114, prev W/NBPM: -92, -114, TF|AltADC|DCI/Q(Q5): 0x001a0c, s: 496054, e: 1340854
2026-09-07 02:28:38.124572 RFHAL_KERNEL_BIN_TRACE_RX_ON RX ON -- AntPwr: -104, FreqCtrl: 0x380d5700, OF|AnaGi|AdcAttn|BQ|BWs: 0x07000700, dsp_corr: 18423
2026-09-07 02:28:38.135559 RFHAL_KERNEL_BIN_TRACE_RX_OFF RX OFF -- AntPwr: -115, prev W/NBPM: -92, -115, TF|AltADC|DCI/Q(Q5): 0x001a0b, s: 496051, e: 1340851
2026-09-07 02:28:38.142456 RFHAL_KERNEL_BIN_TRACE_RX_ON RX ON -- AntPwr: -104, FreqCtrl: 0x380d5700, OF|AnaGi|AdcAttn|BQ|BWs: 0x07000700, dsp_corr: -18423
2026-09-07 02:28:38.153442 RFHAL_KERNEL_BIN_TRACE_RX_OFF RX OFF -- AntPwr: -114, prev W/NBPM: -93, -114, TF|AltADC|DCI/Q(Q5): 0x001a0c, s: 496053, e: 1340853
2026-09-07 02:28:38.154052 L23_DEFAULT_INFO_RRCSTATECHANGEEVENT RRC State: 1
2026-09-07 02:28:38.154541 L23_DEFAULT_INFO_EMM_STATE_VALUE emm_state: 2, emm_substate: 4
2026-09-07 02:28:38.154907 L23_DEFAULT_INFO_RRCSTATECHANGEEVENT RRC State: 0
2026-09-07 02:28:38.154907 L23_ERRC_3GPP_TIMER_STOP 0 STOP
2026-09-07 02:28:38.154907 L23_ERRC_3GPP_TIMER_STOP 1 STOP
2026-09-07 02:28:38.154907 L23_ERRC_3GPP_TIMER_STOP 4 STOP
2026-09-07 02:28:38.154907 L23_ERRC_3GPP_TIMER_STOP 6 STOP
2026-09-07 02:28:38.154937 L23_ERRC_3GPP_TIMER_STOP 7 STOP
2026-09-07 02:28:38.154937 L23_ERRC_3GPP_TIMER_STOP 9 STOP
2026-09-07 02:28:38.154937 L23_ERRC_3GPP_TIMER_STOP 10 STOP
2026-09-07 02:28:38.154937 L23_ERRC_3GPP_TIMER_STOP 13 STOP
2026-09-07 02:28:38.154937 L23_ERRC_3GPP_TIMER_STOP 11 STOP
2026-09-07 02:28:38.154968 L23_ERRC_3GPP_TIMER_STOP 12 STOP
2026-09-07 02:28:40.154388 TRACE_SYSTEM_WARNING Traces dropped kernel: 0 user: 4 (buffer: 0 peer buffer: 0 message: 4) - Throughput: kernel: 2700 user: 6677 bytes / s
2026-09-07 02:28:40.154998 L23_DEFAULT_INFO_RRCSTATECHANGEEVENT RRC State: 0
2026-09-07 02:28:40.176361 L23_DEFAULT_INFO_RRCSTATECHANGEEVENT RRC State: 1
2026-09-07 02:28:40.177734 L23_DEFAULT_INFO_EMM_STATE_VALUE emm_state: 2, emm_substate: 2
2026-09-07 02:28:40.188049 RFHAL_KERNEL_BIN_TRACE_RX_ON RX ON -- AntPwr: -105, FreqCtrl: 0x380d5700, OF|AnaGi|AdcAttn|BQ|BWs: 0x07000700, dsp_corr: 6141
2026-09-07 02:28:40.199035 RFHAL_KERNEL_BIN_TRACE_RX_OFF RX OFF -- AntPwr: -116, prev W/NBPM: -93, -116, TF|AltADC|DCI/Q(Q5): 0x001b0b, s: 550603, e: 1395403
2026-09-07 02:28:40.205932 RFHAL_KERNEL_BIN_TRACE_RX_ON RX ON -- AntPwr: -106, FreqCtrl: 0x380d5700, OF|AnaGi|AdcAttn|BQ|BWs: 0x07000700, dsp_corr: -6141
2026-09-07 02:28:40.216919 RFHAL_KERNEL_BIN_TRACE_RX_OFF RX OFF -- AntPwr: -114, prev W/NBPM: -92, -114, TF|AltADC|DCI/Q(Q5): 0x001b0b, s: 496056, e: 1340856
2026-09-07 02:28:40.223816 RFHAL_KERNEL_BIN_TRACE_RX_ON RX ON -- AntPwr: -104, FreqCtrl: 0x380d5700, OF|AnaGi|AdcAttn|BQ|BWs: 0x07000700, dsp_corr: 18423
2026-09-07 02:28:40.234802 RFHAL_KERNEL_BIN_TRACE_RX_OFF RX OFF -- AntPwr: -114, prev W/NBPM: -92, -114, TF|AltADC|DCI/Q(Q5): 0x001a0b, s: 496050, e: 1340850
2026-09-07 02:28:40.241699 RFHAL_KERNEL_BIN_TRACE_RX_ON RX ON -- AntPwr: -105, FreqCtrl: 0x380d5700, OF|AnaGi|AdcAttn|BQ|BWs: 0x07000700, dsp_corr: -18423
2026-09-07 02:28:40.252716 RFHAL_KERNEL_BIN_TRACE_RX_OFF RX OFF -- AntPwr: -115, prev W/NBPM: -93, -115, TF|AltADC|DCI/Q(Q5): 0x001a0b, s: 496051, e: 1340851
2026-09-07 02:28:40.253326 L23_DEFAULT_INFO_RRCSTATECHANGEEVENT RRC State: 1
2026-09-07 02:28:40.253784 L23_DEFAULT_INFO_EMM_STATE_VALUE emm_state: 2, emm_substate: 4
2026-09-07 02:28:40.254150 L23_DEFAULT_INFO_RRCSTATECHANGEEVENT RRC State: 0
2026-09-07 02:28:40.254150 L23_ERRC_3GPP_TIMER_STOP 0 STOP
2026-09-07 02:28:40.254150 L23_ERRC_3GPP_TIMER_STOP 1 STOP
2026-09-07 02:28:40.254150 L23_ERRC_3GPP_TIMER_STOP 4 STOP
2026-09-07 02:28:40.254150 L23_ERRC_3GPP_TIMER_STOP 6 STOP
2026-09-07 02:28:40.254180 L23_ERRC_3GPP_TIMER_STOP 7 STOP
2026-09-07 02:28:40.254180 L23_ERRC_3GPP_TIMER_STOP 9 STOP
2026-09-07 02:28:40.254180 L23_ERRC_3GPP_TIMER_STOP 10 STOP
2026-09-07 02:28:40.254180 L23_ERRC_3GPP_TIMER_STOP 13 STOP
2026-09-07 02:28:40.254180 L23_ERRC_3GPP_TIMER_STOP 11 STOP
2026-09-07 02:28:40.254211 L23_ERRC_3GPP_TIMER_STOP 12 STOP
2026-09-07 02:28:42.254211 L23_DEFAULT_INFO_RRCSTATECHANGEEVENT RRC State: 0
2026-09-07 02:28:42.275604 L23_DEFAULT_INFO_RRCSTATECHANGEEVENT RRC State: 1
2026-09-07 02:28:42.276947 L23_DEFAULT_INFO_EMM_STATE_VALUE emm_state: 2, emm_substate: 2
2026-09-07 02:28:42.287201 RFHAL_KERNEL_BIN_TRACE_RX_ON RX ON -- AntPwr: -104, FreqCtrl: 0x380d5700, OF|AnaGi|AdcAttn|BQ|BWs: 0x07000700, dsp_corr: 6141
2026-09-07 02:28:42.298187 RFHAL_KERNEL_BIN_TRACE_RX_OFF RX OFF -- AntPwr: -114, prev W/NBPM: -93, -114, TF|AltADC|DCI/Q(Q5): 0x001b0b, s: 550606, e: 1395406
2026-09-07 02:28:42.305114 RFHAL_KERNEL_BIN_TRACE_RX_ON RX ON -- AntPwr: -103, FreqCtrl: 0x380d5700, OF|AnaGi|AdcAttn|BQ|BWs: 0x07000700, dsp_corr: -6141
2026-09-07 02:28:42.316101 RFHAL_KERNEL_BIN_TRACE_RX_OFF RX OFF -- AntPwr: -114, prev W/NBPM: -93, -114, TF|AltADC|DCI/Q(Q5): 0x001a0b, s: 496056, e: 1340856
2026-09-07 02:28:42.322998 RFHAL_KERNEL_BIN_TRACE_RX_ON RX ON -- AntPwr: -103, FreqCtrl: 0x380d5700, OF|AnaGi|AdcAttn|BQ|BWs: 0x07000700, dsp_corr: 18423
2026-09-07 02:28:42.333984 RFHAL_KERNEL_BIN_TRACE_RX_OFF RX OFF -- AntPwr: -115, prev W/NBPM: -92, -115, TF|AltADC|DCI/Q(Q5): 0x001a0b, s: 496054, e: 1340854
2026-09-07 02:28:42.340881 RFHAL_KERNEL_BIN_TRACE_RX_ON RX ON -- AntPwr: -103, FreqCtrl: 0x380d5700, OF|AnaGi|AdcAttn|BQ|BWs: 0x07000700, dsp_corr: -18423
2026-09-07 02:28:42.351867 RFHAL_KERNEL_BIN_TRACE_RX_OFF RX OFF -- AntPwr: -115, prev W/NBPM: -93, -115, TF|AltADC|DCI/Q(Q5): 0x001a0b, s: 496052, e: 1340852
2026-09-07 02:28:42.352508 L23_DEFAULT_INFO_RRCSTATECHANGEEVENT RRC State: 1
2026-09-07 02:28:42.352966 L23_DEFAULT_INFO_EMM_STATE_VALUE emm_state: 2, emm_substate: 4
2026-09-07 02:28:42.353332 L23_DEFAULT_INFO_RRCSTATECHANGEEVENT RRC State: 0
2026-09-07 02:28:42.353332 L23_ERRC_3GPP_TIMER_STOP 0 STOP
2026-09-07 02:28:42.353332 L23_ERRC_3GPP_TIMER_STOP 1 STOP
2026-09-07 02:28:42.353363 L23_ERRC_3GPP_TIMER_STOP 4 STOP
2026-09-07 02:28:42.353363 L23_ERRC_3GPP_TIMER_STOP 6 STOP
2026-09-07 02:28:42.353363 L23_ERRC_3GPP_TIMER_STOP 7 STOP
2026-09-07 02:28:42.353363 L23_ERRC_3GPP_TIMER_STOP 9 STOP
2026-09-07 02:28:42.353363 L23_ERRC_3GPP_TIMER_STOP 10 STOP
2026-09-07 02:28:42.353393 L23_ERRC_3GPP_TIMER_STOP 13 STOP
2026-09-07 02:28:42.353393 L23_ERRC_3GPP_TIMER_STOP 11 STOP
2026-09-07 02:28:42.353393 L23_ERRC_3GPP_TIMER_STOP 12 STOP
2026-09-07 02:28:44.352844 TRACE_SYSTEM_WARNING Traces dropped kernel: 0 user: 4 (buffer: 0 peer buffer: 0 message: 4) - Throughput: kernel: 2700 user: 6687 bytes / s
2026-09-07 02:28:44.353424 L23_DEFAULT_INFO_RRCSTATECHANGEEVENT RRC State: 0
2026-09-07 02:28:44.374786 L23_DEFAULT_INFO_RRCSTATECHANGEEVENT RRC State: 1
2026-09-07 02:28:44.376159 L23_DEFAULT_INFO_EMM_STATE_VALUE emm_state: 2, emm_substate: 2
2026-09-07 02:28:44.386474 RFHAL_KERNEL_BIN_TRACE_RX_ON RX ON -- AntPwr: -103, FreqCtrl: 0x380d5700, OF|AnaGi|AdcAttn|BQ|BWs: 0x07000700, dsp_corr: 6141
2026-09-07 02:28:44.397461 RFHAL_KERNEL_BIN_TRACE_RX_OFF RX OFF -- AntPwr: -110, prev W/NBPM: -92, -110, TF|AltADC|DCI/Q(Q5): 0x001b0b, s: 550605, e: 1395405
2026-09-07 02:28:44.404357 RFHAL_KERNEL_BIN_TRACE_RX_ON RX ON -- AntPwr: -104, FreqCtrl: 0x380d5700, OF|AnaGi|AdcAttn|BQ|BWs: 0x07000700, dsp_corr: -6141
2026-09-07 02:28:44.415374 RFHAL_KERNEL_BIN_TRACE_RX_OFF RX OFF -- AntPwr: -115, prev W/NBPM: -92, -115, TF|AltADC|DCI/Q(Q5): 0x001b0b, s: 496052, e: 1340852
2026-09-07 02:28:44.422271 RFHAL_KERNEL_BIN_TRACE_RX_ON RX ON -- AntPwr: -102, FreqCtrl: 0x380d5700, OF|AnaGi|AdcAttn|BQ|BWs: 0x07000700, dsp_corr: 18423
2026-09-07 02:28:44.433258 RFHAL_KERNEL_BIN_TRACE_RX_OFF RX OFF -- AntPwr: -113, prev W/NBPM: -93, -113, TF|AltADC|DCI/Q(Q5): 0x001a0b, s: 496053, e: 1340853
2026-09-07 02:28:44.440155 RFHAL_KERNEL_BIN_TRACE_RX_ON RX ON -- AntPwr: -103, FreqCtrl: 0x380d5700, OF|AnaGi|AdcAttn|BQ|BWs: 0x07000700, dsp_corr: -18423
2026-09-07 02:28:44.451141 RFHAL_KERNEL_BIN_TRACE_RX_OFF RX OFF -- AntPwr: -114, prev W/NBPM: -92, -114, TF|AltADC|DCI/Q(Q5): 0x001a0b, s: 496052, e: 1340852
2026-09-07 02:28:44.451751 L23_DEFAULT_INFO_RRCSTATECHANGEEVENT RRC State: 1
2026-09-07 02:28:44.452209 L23_DEFAULT_INFO_EMM_STATE_VALUE emm_state: 2, emm_substate: 4
2026-09-07 02:28:44.452575 L23_DEFAULT_INFO_RRCSTATECHANGEEVENT RRC State: 0
2026-09-07 02:28:44.452575 L23_ERRC_3GPP_TIMER_STOP 0 STOP
2026-09-07 02:28:44.452575 L23_ERRC_3GPP_TIMER_STOP 1 STOP
2026-09-07 02:28:44.452606 L23_ERRC_3GPP_TIMER_STOP 4 STOP
2026-09-07 02:28:44.452606 L23_ERRC_3GPP_TIMER_STOP 6 STOP
2026-09-07 02:28:44.452606 L23_ERRC_3GPP_TIMER_STOP 7 STOP
2026-09-07 02:28:44.452606 L23_ERRC_3GPP_TIMER_STOP 9 STOP
2026-09-07 02:28:44.452606 L23_ERRC_3GPP_TIMER_STOP 10 STOP
2026-09-07 02:28:44.452636 L23_ERRC_3GPP_TIMER_STOP 13 STOP
2026-09-07 02:28:44.452636 L23_ERRC_3GPP_TIMER_STOP 11 STOP
2026-09-07 02:28:44.452636 L23_ERRC_3GPP_TIMER_STOP 12 STOP
2026-09-07 02:28:46.452667 L23_DEFAULT_INFO_RRCSTATECHANGEEVENT RRC State: 0
2026-09-07 02:28:46.474029 L23_DEFAULT_INFO_RRCSTATECHANGEEVENT RRC State: 1
2026-09-07 02:28:46.475372 L23_DEFAULT_INFO_EMM_STATE_VALUE emm_state: 2, emm_substate: 2
2026-09-07 02:28:46.485656 RFHAL_KERNEL_BIN_TRACE_RX_ON RX ON -- AntPwr: -103, FreqCtrl: 0x380d5700, OF|AnaGi|AdcAttn|BQ|BWs: 0x07000700, dsp_corr: 6141
2026-09-07 02:28:46.496643 RFHAL_KERNEL_BIN_TRACE_RX_OFF RX OFF -- AntPwr: -115, prev W/NBPM: -93, -115, TF|AltADC|DCI/Q(Q5): 0x001b0b, s: 550602, e: 1395402
2026-09-07 02:28:46.503540 RFHAL_KERNEL_BIN_TRACE_RX_ON RX ON -- AntPwr: -104, FreqCtrl: 0x380d5700, OF|AnaGi|AdcAttn|BQ|BWs: 0x07000700, dsp_corr: -6141
2026-09-07 02:28:46.514526 RFHAL_KERNEL_BIN_TRACE_RX_OFF RX OFF -- AntPwr: -114, prev W/NBPM: -92, -114, TF|AltADC|DCI/Q(Q5): 0x001b0b, s: 496054, e: 1340854
2026-09-07 02:28:46.521423 RFHAL_KERNEL_BIN_TRACE_RX_ON RX ON -- AntPwr: -103, FreqCtrl: 0x380d5700, OF|AnaGi|AdcAttn|BQ|BWs: 0x07000700, dsp_corr: 18423
2026-09-07 02:28:46.532440 RFHAL_KERNEL_BIN_TRACE_RX_OFF RX OFF -- AntPwr: -114, prev W/NBPM: -92, -114, TF|AltADC|DCI/Q(Q5): 0x001a0b, s: 496049, e: 1340849
2026-09-07 02:28:46.539306 RFHAL_KERNEL_BIN_TRACE_RX_ON RX ON -- AntPwr: -105, FreqCtrl: 0x380d5700, OF|AnaGi|AdcAttn|BQ|BWs: 0x07000700, dsp_corr: -18423
2026-09-07 02:28:46.550323 RFHAL_KERNEL_BIN_TRACE_RX_OFF RX OFF -- AntPwr: -114, prev W/NBPM: -93, -114, TF|AltADC|DCI/Q(Q5): 0x001a0b, s: 496054, e: 1340854
2026-09-07 02:28:46.550903 L23_DEFAULT_INFO_RRCSTATECHANGEEVENT RRC State: 1
2026-09-07 02:28:46.551391 L23_DEFAULT_INFO_EMM_STATE_VALUE emm_state: 2, emm_substate: 4
2026-09-07 02:28:46.551757 L23_DEFAULT_INFO_RRCSTATECHANGEEVENT RRC State: 0
2026-09-07 02:28:46.551757 L23_ERRC_3GPP_TIMER_STOP 0 STOP
2026-09-07 02:28:46.551757 L23_ERRC_3GPP_TIMER_STOP 1 STOP
2026-09-07 02:28:46.551757 L23_ERRC_3GPP_TIMER_STOP 4 STOP
2026-09-07 02:28:46.551757 L23_ERRC_3GPP_TIMER_STOP 6 STOP
2026-09-07 02:28:46.551788 L23_ERRC_3GPP_TIMER_STOP 7 STOP
2026-09-07 02:28:46.551788 L23_ERRC_3GPP_TIMER_STOP 9 STOP
2026-09-07 02:28:46.551788 L23_ERRC_3GPP_TIMER_STOP 10 STOP
2026-09-07 02:28:46.551788 L23_ERRC_3GPP_TIMER_STOP 13 STOP
2026-09-07 02:28:46.551788 L23_ERRC_3GPP_TIMER_STOP 11 STOP
2026-09-07 02:28:46.551818 L23_ERRC_3GPP_TIMER_STOP 12 STOP
2026-09-07 02:28:48.551818 L23_DEFAULT_INFO_RRCSTATECHANGEEVENT RRC State: 0
2026-09-07 02:28:48.573181 L23_DEFAULT_INFO_RRCSTATECHANGEEVENT RRC State: 1
2026-09-07 02:28:48.574554 L23_DEFAULT_INFO_EMM_STATE_VALUE emm_state: 2, emm_substate: 2
2026-09-07 02:28:48.584838 RFHAL_KERNEL_BIN_TRACE_RX_ON RX ON -- AntPwr: -103, FreqCtrl: 0x380d5700, OF|AnaGi|AdcAttn|BQ|BWs: 0x07000700, dsp_corr: 6141
2026-09-07 02:28:48.595825 RFHAL_KERNEL_BIN_TRACE_RX_OFF RX OFF -- AntPwr: -91, prev W/NBPM: -88, -91, TF|AltADC|DCI/Q(Q5): 0x00280f, s: 550603, e: 1395403
2026-09-07 02:28:48.607574 RFHAL_KERNEL_BIN_TRACE_RX_ON RX ON -- AntPwr: -91, FreqCtrl: 0x380d5700, OF|AnaGi|AdcAttn|BQ|BWs: 0x06000100, dsp_corr: 6141
2026-09-07 02:28:48.608398 RFHAL_KERNEL_BIN_TRACE_RX_OFF RX OFF -- AntPwr: -91, prev W/NBPM: -84, -115, TF|AltADC|DCI/Q(Q5): 0x000e07, s: 54030, e: 115630
2026-09-07 02:28:48.611572 RFHAL_KERNEL_BIN_TRACE_RX_ON RX ON -- AntPwr: -115, FreqCtrl: 0x380d5700, OF|AnaGi|AdcAttn|BQ|BWs: 0x07000700, dsp_corr: 6141
2026-09-07 02:28:48.612396 RFHAL_KERNEL_BIN_TRACE_RX_OFF RX OFF -- AntPwr: -115, prev W/NBPM: -93, -125, TF|AltADC|DCI/Q(Q5): 0x00260e, s: 54228, e: 115828
2026-09-07 02:28:48.617584 RFHAL_KERNEL_BIN_TRACE_RX_ON RX ON -- AntPwr: -125, FreqCtrl: 0x380d5700, OF|AnaGi|AdcAttn|BQ|BWs: 0x07000700, dsp_corr: 6141
2026-09-07 02:28:48.618408 RFHAL_KERNEL_BIN_TRACE_RX_OFF RX OFF -- AntPwr: -125, prev W/NBPM: -93, -128, TF|AltADC|DCI/Q(Q5): 0x00240e, s: 54227, e: 115827
2026-09-07 02:28:48.621582 RFHAL_KERNEL_BIN_TRACE_RX_ON RX ON -- AntPwr: -128, FreqCtrl: 0x380d5700, OF|AnaGi|AdcAttn|BQ|BWs: 0x07000700, dsp_corr: 6141
2026-09-07 02:28:48.622375 RFHAL_KERNEL_BIN_TRACE_RX_OFF RX OFF -- AntPwr: -128, prev W/NBPM: -93, -128, TF|AltADC|DCI/Q(Q5): 0x00220d, s: 54233, e: 115833
2026-09-07 02:28:48.631195 RFHAL_KERNEL_BIN_TRACE_RX_ON RX ON -- AntPwr: -104, FreqCtrl: 0x380d5700, OF|AnaGi|AdcAttn|BQ|BWs: 0x07000700, dsp_corr: 12002
2026-09-07 02:28:48.652191 RFHAL_KERNEL_BIN_TRACE_RX_OFF RX OFF -- AntPwr: -110, prev W/NBPM: -92, -108, TF|AltADC|DCI/Q(Q5): 0x00220d, s: 562926, e: 2175726
2026-09-07 02:28:48.652801 L1_DEFAULT_INFO_NEIGHBOR_CELL_MEASUREMENTS earfcn: 229232, pci: 221, rsrp: 0, rsrq: 0
2026-09-07 02:28:48.662384 RFHAL_KERNEL_BIN_TRACE_RX_ON RX ON -- AntPwr: -110, FreqCtrl: 0x380d5700, OF|AnaGi|AdcAttn|BQ|BWs: 0x07000700, dsp_corr: 12002
2026-09-07 02:28:48.663391 RFHAL_KERNEL_BIN_TRACE_RX_OFF RX OFF -- AntPwr: -110, prev W/NBPM: -93, -101, TF|AltADC|DCI/Q(Q5): 0x00240e, s: 39278, e: 116081
2026-09-07 02:28:48.667389 RFHAL_KERNEL_BIN_TRACE_RX_ON RX ON -- AntPwr: -109, FreqCtrl: 0x380d5700, OF|AnaGi|AdcAttn|BQ|BWs: 0x07000700, dsp_corr: 12002
2026-09-07 02:28:48.668396 RFHAL_KERNEL_BIN_TRACE_RX_OFF RX OFF -- AntPwr: -109, prev W/NBPM: -92, -97, TF|AltADC|DCI/Q(Q5): 0x00250e, s: 39412, e: 116215
2026-09-07 02:28:48.672363 RFHAL_KERNEL_BIN_TRACE_RX_ON RX ON -- AntPwr: -109, FreqCtrl: 0x380d5700, OF|AnaGi|AdcAttn|BQ|BWs: 0x07000700, dsp_corr: 11992
2026-09-07 02:28:48.673370 RFHAL_KERNEL_BIN_TRACE_RX_OFF RX OFF -- AntPwr: -109, prev W/NBPM: -93, -100, TF|AltADC|DCI/Q(Q5): 0x00250e, s: 39380, e: 116183
2026-09-07 02:28:48.677368 RFHAL_KERNEL_BIN_TRACE_RX_ON RX ON -- AntPwr: -108, FreqCtrl: 0x380d5700, OF|AnaGi|AdcAttn|BQ|BWs: 0x07000700, dsp_corr: 11992
2026-09-07 02:28:48.678405 RFHAL_KERNEL_BIN_TRACE_RX_OFF RX OFF -- AntPwr: -108, prev W/NBPM: -89, -93, TF|AltADC|DCI/Q(Q5): 0x00260f, s: 39386, e: 116189
2026-09-07 02:28:48.681366 RFHAL_KERNEL_BIN_TRACE_RX_ON RX ON -- AntPwr: -108, FreqCtrl: 0x380d5700, OF|AnaGi|AdcAttn|BQ|BWs: 0x07000700, dsp_corr: 12002
2026-09-07 02:28:48.683380 RFHAL_KERNEL_BIN_TRACE_RX_OFF RX OFF -- AntPwr: -93, prev W/NBPM: -91, -93, TF|AltADC|DCI/Q(Q5): 0x00270f, s: 40182, e: 193785
2026-09-07 02:28:48.687378 RFHAL_KERNEL_BIN_TRACE_RX_ON RX ON -- AntPwr: -107, FreqCtrl: 0x380d5700, OF|AnaGi|AdcAttn|BQ|BWs: 0x07000700, dsp_corr: 12002
2026-09-07 02:28:48.688385 RFHAL_KERNEL_BIN_TRACE_RX_OFF RX OFF -- AntPwr: -107, prev W/NBPM: -85, -91, TF|AltADC|DCI/Q(Q5): 0x00270f, s: 39392, e: 116195
2026-09-07 02:28:48.692382 RFHAL_KERNEL_BIN_TRACE_RX_ON RX ON -- AntPwr: -107, FreqCtrl: 0x380d5700, OF|AnaGi|AdcAttn|BQ|BWs: 0x07000700, dsp_corr: 12012
2026-09-07 02:28:48.693389 RFHAL_KERNEL_BIN_TRACE_RX_OFF RX OFF -- AntPwr: -107, prev W/NBPM: -92, -99, TF|AltADC|DCI/Q(Q5): 0x00280f, s: 39382, e: 116185
2026-09-07 02:28:48.697387 RFHAL_KERNEL_BIN_TRACE_RX_ON RX ON -- AntPwr: -106, FreqCtrl: 0x380d5700, OF|AnaGi|AdcAttn|BQ|BWs: 0x07000700, dsp_corr: 12012
2026-09-07 02:28:48.698394 RFHAL_KERNEL_BIN_TRACE_RX_OFF RX OFF -- AntPwr: -106, prev W/NBPM: -93, -100, TF|AltADC|DCI/Q(Q5): 0x00280f, s: 39389, e: 116192
2026-09-07 02:28:48.701385 RFHAL_KERNEL_BIN_TRACE_RX_ON RX ON -- AntPwr: -106, FreqCtrl: 0x380d5700, OF|AnaGi|AdcAttn|BQ|BWs: 0x07000700, dsp_corr: 12022
2026-09-07 02:28:48.703369 RFHAL_KERNEL_BIN_TRACE_RX_OFF RX OFF -- AntPwr: -93, prev W/NBPM: -89, -93, TF|AltADC|DCI/Q(Q5): 0x00290f, s: 40178, e: 193781
2026-09-07 02:28:48.707367 RFHAL_KERNEL_BIN_TRACE_RX_ON RX ON -- AntPwr: -105, FreqCtrl: 0x380d5700, OF|AnaGi|AdcAttn|BQ|BWs: 0x06000700, dsp_corr: 12022
2026-09-07 02:28:48.708404 RFHAL_KERNEL_BIN_TRACE_RX_OFF RX OFF -- AntPwr: -105, prev W/NBPM: -90, -103, TF|AltADC|DCI/Q(Q5): 0x00280f, s: 39390, e: 116193
2026-09-07 02:28:48.712371 RFHAL_KERNEL_BIN_TRACE_RX_ON RX ON -- AntPwr: -105, FreqCtrl: 0x380d5700, OF|AnaGi|AdcAttn|BQ|BWs: 0x06000700, dsp_corr: 12012
2026-09-07 02:28:48.713378 RFHAL_KERNEL_BIN_TRACE_RX_OFF RX OFF -- AntPwr: -105, prev W/NBPM: -90, -103, TF|AltADC|DCI/Q(Q5): 0x002710, s: 39380, e: 116183
2026-09-07 02:28:48.717376 RFHAL_KERNEL_BIN_TRACE_RX_ON RX ON -- AntPwr: -105, FreqCtrl: 0x380d5700, OF|AnaGi|AdcAttn|BQ|BWs: 0x06000700, dsp_corr: 12012
2026-09-07 02:28:48.718383 RFHAL_KERNEL_BIN_TRACE_RX_OFF RX OFF -- AntPwr: -105, prev W/NBPM: -90, -103, TF|AltADC|DCI/Q(Q5): 0x002710, s: 39388, e: 116191
2026-09-07 02:28:48.721374 RFHAL_KERNEL_BIN_TRACE_RX_ON RX ON -- AntPwr: -105, FreqCtrl: 0x380d5700, OF|AnaGi|AdcAttn|BQ|BWs: 0x06000700, dsp_corr: 12002
2026-09-07 02:28:48.723388 RFHAL_KERNEL_BIN_TRACE_RX_OFF RX OFF -- AntPwr: -101, prev W/NBPM: -90, -101, TF|AltADC|DCI/Q(Q5): 0x002610, s: 40176, e: 193779
2026-09-07 02:28:48.727386 RFHAL_KERNEL_BIN_TRACE_RX_ON RX ON -- AntPwr: -106, FreqCtrl: 0x380d5700, OF|AnaGi|AdcAttn|BQ|BWs: 0x07000700, dsp_corr: 12002
2026-09-07 02:28:48.728393 RFHAL_KERNEL_BIN_TRACE_RX_OFF RX OFF -- AntPwr: -106, prev W/NBPM: -93, -99, TF|AltADC|DCI/Q(Q5): 0x002610, s: 39393, e: 116196
2026-09-07 02:28:48.732391 RFHAL_KERNEL_BIN_TRACE_RX_ON RX ON -- AntPwr: -106, FreqCtrl: 0x380d5700, OF|AnaGi|AdcAttn|BQ|BWs: 0x07000700, dsp_corr: 12012
2026-09-07 02:28:48.733368 RFHAL_KERNEL_BIN_TRACE_RX_OFF RX OFF -- AntPwr: -106, prev W/NBPM: -93, -99, TF|AltADC|DCI/Q(Q5): 0x002710, s: 39378, e: 116181
2026-09-07 02:28:48.737365 RFHAL_KERNEL_BIN_TRACE_RX_ON RX ON -- AntPwr: -105, FreqCtrl: 0x380d5700, OF|AnaGi|AdcAttn|BQ|BWs: 0x06000700, dsp_corr: 12012
2026-09-07 02:28:48.738403 RFHAL_KERNEL_BIN_TRACE_RX_OFF RX OFF -- AntPwr: -105, prev W/NBPM: -89, -103, TF|AltADC|DCI/Q(Q5): 0x002610, s: 39388, e: 116191
2026-09-07 02:28:48.741363 RFHAL_KERNEL_BIN_TRACE_RX_ON RX ON -- AntPwr: -105, FreqCtrl: 0x380d5700, OF|AnaGi|AdcAttn|BQ|BWs: 0x06000700, dsp_corr: 12002
2026-09-07 02:28:48.743377 RFHAL_KERNEL_BIN_TRACE_RX_OFF RX OFF -- AntPwr: -101, prev W/NBPM: -89, -101, TF|AltADC|DCI/Q(Q5): 0x002611, s: 40176, e: 193779
2026-09-07 02:28:48.747375 RFHAL_KERNEL_BIN_TRACE_RX_ON RX ON -- AntPwr: -104, FreqCtrl: 0x380d5700, OF|AnaGi|AdcAttn|BQ|BWs: 0x06000700, dsp_corr: 12002
2026-09-07 02:28:48.748382 RFHAL_KERNEL_BIN_TRACE_RX_OFF RX OFF -- AntPwr: -104, prev W/NBPM: -90, -100, TF|AltADC|DCI/Q(Q5): 0x002511, s: 39391, e: 116194
2026-09-07 02:28:48.752380 RFHAL_KERNEL_BIN_TRACE_RX_ON RX ON -- AntPwr: -104, FreqCtrl: 0x380d5700, OF|AnaGi|AdcAttn|BQ|BWs: 0x06000700, dsp_corr: 12002
2026-09-07 02:28:48.753387 RFHAL_KERNEL_BIN_TRACE_RX_OFF RX OFF -- AntPwr: -104, prev W/NBPM: -90, -104, TF|AltADC|DCI/Q(Q5): 0x002511, s: 39377, e: 116180
2026-09-07 02:28:48.757385 RFHAL_KERNEL_BIN_TRACE_RX_ON RX ON -- AntPwr: -105, FreqCtrl: 0x380d5700, OF|AnaGi|AdcAttn|BQ|BWs: 0x06000700, dsp_corr: 12002
2026-09-07 02:28:48.758392 RFHAL_KERNEL_BIN_TRACE_RX_OFF RX OFF -- AntPwr: -105, prev W/NBPM: -90, -103, TF|AltADC|DCI/Q(Q5): 0x002511, s: 39390, e: 116193
2026-09-07 02:28:48.761383 RFHAL_KERNEL_BIN_TRACE_RX_ON RX ON -- AntPwr: -105, FreqCtrl: 0x380d5700, OF|AnaGi|AdcAttn|BQ|BWs: 0x06000700, dsp_corr: 12012
2026-09-07 02:28:48.763366 RFHAL_KERNEL_BIN_TRACE_RX_OFF RX OFF -- AntPwr: -101, prev W/NBPM: -90, -101, TF|AltADC|DCI/Q(Q5): 0x002511, s: 40175, e: 193778
2026-09-07 02:28:48.767364 RFHAL_KERNEL_BIN_TRACE_RX_ON RX ON -- AntPwr: -106, FreqCtrl: 0x380d5700, OF|AnaGi|AdcAttn|BQ|BWs: 0x07000700, dsp_corr: 12012
2026-09-07 02:28:48.768402 RFHAL_KERNEL_BIN_TRACE_RX_OFF RX OFF -- AntPwr: -106, prev W/NBPM: -93, -98, TF|AltADC|DCI/Q(Q5): 0x002611, s: 39388, e: 116191
2026-09-07 02:28:48.772369 RFHAL_KERNEL_BIN_TRACE_RX_ON RX ON -- AntPwr: -106, FreqCtrl: 0x380d5700, OF|AnaGi|AdcAttn|BQ|BWs: 0x07000700, dsp_corr: 12022
2026-09-07 02:28:48.773376 RFHAL_KERNEL_BIN_TRACE_RX_OFF RX OFF -- AntPwr: -106, prev W/NBPM: -93, -98, TF|AltADC|DCI/Q(Q5): 0x002610, s: 39381, e: 116184
2026-09-07 02:28:48.777374 RFHAL_KERNEL_BIN_TRACE_RX_ON RX ON -- AntPwr: -105, FreqCtrl: 0x380d5700, OF|AnaGi|AdcAttn|BQ|BWs: 0x06000700, dsp_corr: 12022
2026-09-07 02:28:48.778411 RFHAL_KERNEL_BIN_TRACE_RX_OFF RX OFF -- AntPwr: -105, prev W/NBPM: -90, -109, TF|AltADC|DCI/Q(Q5): 0x002611, s: 39381, e: 116184
2026-09-07 02:28:48.781372 RFHAL_KERNEL_BIN_TRACE_RX_ON RX ON -- AntPwr: -105, FreqCtrl: 0x380d5700, OF|AnaGi|AdcAttn|BQ|BWs: 0x06000700, dsp_corr: 12012
2026-09-07 02:28:48.783386 RFHAL_KERNEL_BIN_TRACE_RX_OFF RX OFF -- AntPwr: -98, prev W/NBPM: -89, -98, TF|AltADC|DCI/Q(Q5): 0x002511, s: 40173, e: 193776
2026-09-07 02:28:48.787384 RFHAL_KERNEL_BIN_TRACE_RX_ON RX ON -- AntPwr: -105, FreqCtrl: 0x380d5700, OF|AnaGi|AdcAttn|BQ|BWs: 0x06000700, dsp_corr: 12012
2026-09-07 02:28:48.788391 RFHAL_KERNEL_BIN_TRACE_RX_OFF RX OFF -- AntPwr: -105, prev W/NBPM: -91, -102, TF|AltADC|DCI/Q(Q5): 0x002511, s: 39387, e: 116190
2026-09-07 02:28:48.792389 RFHAL_KERNEL_BIN_TRACE_RX_ON RX ON -- AntPwr: -105, FreqCtrl: 0x380d5700, OF|AnaGi|AdcAttn|BQ|BWs: 0x06000700, dsp_corr: 12022
2026-09-07 02:28:48.793396 RFHAL_KERNEL_BIN_TRACE_RX_OFF RX OFF -- AntPwr: -105, prev W/NBPM: -90, -102, TF|AltADC|DCI/Q(Q5): 0x002511, s: 39378, e: 116181
2026-09-07 02:28:48.797363 RFHAL_KERNEL_BIN_TRACE_RX_ON RX ON -- AntPwr: -106, FreqCtrl: 0x380d5700, OF|AnaGi|AdcAttn|BQ|BWs: 0x07000700, dsp_corr: 12022
2026-09-07 02:28:48.798400 RFHAL_KERNEL_BIN_TRACE_RX_OFF RX OFF -- AntPwr: -106, prev W/NBPM: -91, -93, TF|AltADC|DCI/Q(Q5): 0x002610, s: 39386, e: 116189
2026-09-07 02:28:48.801391 RFHAL_KERNEL_BIN_TRACE_RX_ON RX ON -- AntPwr: -106, FreqCtrl: 0x380d5700, OF|AnaGi|AdcAttn|BQ|BWs: 0x07000700, dsp_corr: 12031
2026-09-07 02:28:48.803375 RFHAL_KERNEL_BIN_TRACE_RX_OFF RX OFF -- AntPwr: -93, prev W/NBPM: -90, -93, TF|AltADC|DCI/Q(Q5): 0x002710, s: 40174, e: 193777
2026-09-07 02:28:48.807373 RFHAL_KERNEL_BIN_TRACE_RX_ON RX ON -- AntPwr: -105, FreqCtrl: 0x380d5700, OF|AnaGi|AdcAttn|BQ|BWs: 0x06000700, dsp_corr: 12031
2026-09-07 02:28:48.808410 RFHAL_KERNEL_BIN_TRACE_RX_OFF RX OFF -- AntPwr: -105, prev W/NBPM: -90, -100, TF|AltADC|DCI/Q(Q5): 0x002610, s: 39391, e: 116194
2026-09-07 02:28:48.812378 RFHAL_KERNEL_BIN_TRACE_RX_ON RX ON -- AntPwr: -105, FreqCtrl: 0x380d5700, OF|AnaGi|AdcAttn|BQ|BWs: 0x06000700, dsp_corr: 12041
2026-09-07 02:28:48.813385 RFHAL_KERNEL_BIN_TRACE_RX_OFF RX OFF -- AntPwr: -105, prev W/NBPM: -90, -103, TF|AltADC|DCI/Q(Q5): 0x002610, s: 39375, e: 116178
2026-09-07 02:28:48.817382 RFHAL_KERNEL_BIN_TRACE_RX_ON RX ON -- AntPwr: -106, FreqCtrl: 0x380d5700, OF|AnaGi|AdcAttn|BQ|BWs: 0x07000700, dsp_corr: 12041
2026-09-07 02:28:48.818389 RFHAL_KERNEL_BIN_TRACE_RX_OFF RX OFF -- AntPwr: -106, prev W/NBPM: -88, -92, TF|AltADC|DCI/Q(Q5): 0x002710, s: 39385, e: 116188
2026-09-07 02:28:48.821380 RFHAL_KERNEL_BIN_TRACE_RX_ON RX ON -- AntPwr: -106, FreqCtrl: 0x380d5700, OF|AnaGi|AdcAttn|BQ|BWs: 0x07000700, dsp_corr: 12031
2026-09-07 02:28:48.823394 RFHAL_KERNEL_BIN_TRACE_RX_OFF RX OFF -- AntPwr: -93, prev W/NBPM: -90, -93, TF|AltADC|DCI/Q(Q5): 0x002710, s: 40175, e: 193778
2026-09-07 02:28:48.827392 RFHAL_KERNEL_BIN_TRACE_RX_ON RX ON -- AntPwr: -105, FreqCtrl: 0x380d5700, OF|AnaGi|AdcAttn|BQ|BWs: 0x06000700, dsp_corr: 12031
2026-09-07 02:28:48.828399 RFHAL_KERNEL_BIN_TRACE_RX_OFF RX OFF -- AntPwr: -105, prev W/NBPM: -90, -104, TF|AltADC|DCI/Q(Q5): 0x002710, s: 39391, e: 116194
2026-09-07 02:28:48.832367 RFHAL_KERNEL_BIN_TRACE_RX_ON RX ON -- AntPwr: -105, FreqCtrl: 0x380d5700, OF|AnaGi|AdcAttn|BQ|BWs: 0x06000700, dsp_corr: 12031
2026-09-07 02:28:48.833374 RFHAL_KERNEL_BIN_TRACE_RX_OFF RX OFF -- AntPwr: -105, prev W/NBPM: -89, -103, TF|AltADC|DCI/Q(Q5): 0x002610, s: 39376, e: 116179
2026-09-07 02:28:48.837371 RFHAL_KERNEL_BIN_TRACE_RX_ON RX ON -- AntPwr: -105, FreqCtrl: 0x380d5700, OF|AnaGi|AdcAttn|BQ|BWs: 0x06000700, dsp_corr: 12031
2026-09-07 02:28:48.838409 RFHAL_KERNEL_BIN_TRACE_RX_OFF RX OFF -- AntPwr: -105, prev W/NBPM: -90, -101, TF|AltADC|DCI/Q(Q5): 0x002610, s: 39386, e: 116189
2026-09-07 02:28:48.841369 RFHAL_KERNEL_BIN_TRACE_RX_ON RX ON -- AntPwr: -105, FreqCtrl: 0x380d5700, OF|AnaGi|AdcAttn|BQ|BWs: 0x06000700, dsp_corr: 12041
2026-09-07 02:28:48.843383 RFHAL_KERNEL_BIN_TRACE_RX_OFF RX OFF -- AntPwr: -100, prev W/NBPM: -90, -100, TF|AltADC|DCI/Q(Q5): 0x002511, s: 40176, e: 193779
2026-09-07 02:28:48.847381 RFHAL_KERNEL_BIN_TRACE_RX_ON RX ON -- AntPwr: -106, FreqCtrl: 0x380d5700, OF|AnaGi|AdcAttn|BQ|BWs: 0x07000700, dsp_corr: 12041
2026-09-07 02:28:48.848388 RFHAL_KERNEL_BIN_TRACE_RX_OFF RX OFF -- AntPwr: -106, prev W/NBPM: -93, -100, TF|AltADC|DCI/Q(Q5): 0x002610, s: 39390, e: 116193
2026-09-07 02:28:48.852386 RFHAL_KERNEL_BIN_TRACE_RX_ON RX ON -- AntPwr: -106, FreqCtrl: 0x380d5700, OF|AnaGi|AdcAttn|BQ|BWs: 0x07000700, dsp_corr: 12031
2026-09-07 02:28:48.853393 RFHAL_KERNEL_BIN_TRACE_RX_OFF RX OFF -- AntPwr: -106, prev W/NBPM: -92, -100, TF|AltADC|DCI/Q(Q5): 0x002710, s: 39376, e: 116179
2026-09-07 02:28:48.857391 RFHAL_KERNEL_BIN_TRACE_RX_ON RX ON -- AntPwr: -105, FreqCtrl: 0x380d5700, OF|AnaGi|AdcAttn|BQ|BWs: 0x06000700, dsp_corr: 12031
2026-09-07 02:28:48.858398 RFHAL_KERNEL_BIN_TRACE_RX_OFF RX OFF -- AntPwr: -105, prev W/NBPM: -90, -101, TF|AltADC|DCI/Q(Q5): 0x002610, s: 39385, e: 116188
2026-09-07 02:28:48.861389 RFHAL_KERNEL_BIN_TRACE_RX_ON RX ON -- AntPwr: -105, FreqCtrl: 0x380d5700, OF|AnaGi|AdcAttn|BQ|BWs: 0x06000700, dsp_corr: 12022
2026-09-07 02:28:48.863372 RFHAL_KERNEL_BIN_TRACE_RX_OFF RX OFF -- AntPwr: -101, prev W/NBPM: -90, -101, TF|AltADC|DCI/Q(Q5): 0x002610, s: 40174, e: 193777
2026-09-07 02:28:48.867370 RFHAL_KERNEL_BIN_TRACE_RX_ON RX ON -- AntPwr: -106, FreqCtrl: 0x380d5700, OF|AnaGi|AdcAttn|BQ|BWs: 0x07000700, dsp_corr: 12022
2026-09-07 02:28:48.868408 RFHAL_KERNEL_BIN_TRACE_RX_OFF RX OFF -- AntPwr: -106, prev W/NBPM: -93, -98, TF|AltADC|DCI/Q(Q5): 0x002610, s: 39391, e: 116194
2026-09-07 02:28:48.872375 RFHAL_KERNEL_BIN_TRACE_RX_ON RX ON -- AntPwr: -106, FreqCtrl: 0x380d5700, OF|AnaGi|AdcAttn|BQ|BWs: 0x07000700, dsp_corr: 12031
2026-09-07 02:28:48.873382 RFHAL_KERNEL_BIN_TRACE_RX_OFF RX OFF -- AntPwr: -106, prev W/NBPM: -92, -100, TF|AltADC|DCI/Q(Q5): 0x002710, s: 39379, e: 116182
2026-09-07 02:28:48.877380 RFHAL_KERNEL_BIN_TRACE_RX_ON RX ON -- AntPwr: -105, FreqCtrl: 0x380d5700, OF|AnaGi|AdcAttn|BQ|BWs: 0x06000700, dsp_corr: 12031
2026-09-07 02:28:48.878387 RFHAL_KERNEL_BIN_TRACE_RX_OFF RX OFF -- AntPwr: -105, prev W/NBPM: -90, -104, TF|AltADC|DCI/Q(Q5): 0x002610, s: 39373, e: 116176
2026-09-07 02:28:48.881378 RFHAL_KERNEL_BIN_TRACE_RX_ON RX ON -- AntPwr: -105, FreqCtrl: 0x380d5700, OF|AnaGi|AdcAttn|BQ|BWs: 0x06000700, dsp_corr: 12041
2026-09-07 02:28:48.883392 RFHAL_KERNEL_BIN_TRACE_RX_OFF RX OFF -- AntPwr: -102, prev W/NBPM: -90, -102, TF|AltADC|DCI/Q(Q5): 0x002511, s: 40176, e: 193779
2026-09-07 02:28:48.887390 RFHAL_KERNEL_BIN_TRACE_RX_ON RX ON -- AntPwr: -105, FreqCtrl: 0x380d5700, OF|AnaGi|AdcAttn|BQ|BWs: 0x06000700, dsp_corr: 12041
2026-09-07 02:28:48.888397 RFHAL_KERNEL_BIN_TRACE_RX_OFF RX OFF -- AntPwr: -105, prev W/NBPM: -89, -100, TF|AltADC|DCI/Q(Q5): 0x002511, s: 39389, e: 116192
2026-09-07 02:28:48.892395 RFHAL_KERNEL_BIN_TRACE_RX_ON RX ON -- AntPwr: -105, FreqCtrl: 0x380d5700, OF|AnaGi|AdcAttn|BQ|BWs: 0x06000700, dsp_corr: 12031
2026-09-07 02:28:48.893371 RFHAL_KERNEL_BIN_TRACE_RX_OFF RX OFF -- AntPwr: -105, prev W/NBPM: -89, -96, TF|AltADC|DCI/Q(Q5): 0x002511, s: 39376, e: 116179
2026-09-07 02:28:48.897369 RFHAL_KERNEL_BIN_TRACE_RX_ON RX ON -- AntPwr: -104, FreqCtrl: 0x380d5700, OF|AnaGi|AdcAttn|BQ|BWs: 0x06000700, dsp_corr: 12031
2026-09-07 02:28:48.898407 RFHAL_KERNEL_BIN_TRACE_RX_OFF RX OFF -- AntPwr: -104, prev W/NBPM: -90, -103, TF|AltADC|DCI/Q(Q5): 0x002511, s: 39384, e: 116187
2026-09-07 02:28:48.901367 RFHAL_KERNEL_BIN_TRACE_RX_ON RX ON -- AntPwr: -104, FreqCtrl: 0x380d5700, OF|AnaGi|AdcAttn|BQ|BWs: 0x06000700, dsp_corr: 12022
2026-09-07 02:28:48.903381 RFHAL_KERNEL_BIN_TRACE_RX_OFF RX OFF -- AntPwr: -115, prev W/NBPM: -90, -115, TF|AltADC|DCI/Q(Q5): 0x002210, s: 40174, e: 193777
2026-09-07 02:28:48.907379 RFHAL_KERNEL_BIN_TRACE_RX_ON RX ON -- AntPwr: -105, FreqCtrl: 0x380d5700, OF|AnaGi|AdcAttn|BQ|BWs: 0x06000700, dsp_corr: 12022
2026-09-07 02:28:48.908386 RFHAL_KERNEL_BIN_TRACE_RX_OFF RX OFF -- AntPwr: -105, prev W/NBPM: -89, -115, TF|AltADC|DCI/Q(Q5): 0x002110, s: 39391, e: 116194
2026-09-07 02:28:48.912384 RFHAL_KERNEL_BIN_TRACE_RX_ON RX ON -- AntPwr: -105, FreqCtrl: 0x380d5700, OF|AnaGi|AdcAttn|BQ|BWs: 0x06000700, dsp_corr: 12012
2026-09-07 02:28:48.913391 RFHAL_KERNEL_BIN_TRACE_RX_OFF RX OFF -- AntPwr: -105, prev W/NBPM: -89, -115, TF|AltADC|DCI/Q(Q5): 0x002010, s: 39379, e: 116182
2026-09-07 02:28:48.917389 RFHAL_KERNEL_BIN_TRACE_RX_ON RX ON -- AntPwr: -105, FreqCtrl: 0x380d5700, OF|AnaGi|AdcAttn|BQ|BWs: 0x06000700, dsp_corr: 12012
2026-09-07 02:28:48.918396 RFHAL_KERNEL_BIN_TRACE_RX_OFF RX OFF -- AntPwr: -105, prev W/NBPM: -89, -113, TF|AltADC|DCI/Q(Q5): 0x001f10, s: 39388, e: 116191
2026-09-07 02:28:48.921386 RFHAL_KERNEL_BIN_TRACE_RX_ON RX ON -- AntPwr: -105, FreqCtrl: 0x380d5700, OF|AnaGi|AdcAttn|BQ|BWs: 0x06000700, dsp_corr: 12002
2026-09-07 02:28:48.923370 RFHAL_KERNEL_BIN_TRACE_RX_OFF RX OFF -- AntPwr: -115, prev W/NBPM: -90, -115, TF|AltADC|DCI/Q(Q5): 0x001e0f, s: 40174, e: 193777
2026-09-07 02:28:48.927368 RFHAL_KERNEL_BIN_TRACE_RX_ON RX ON -- AntPwr: -106, FreqCtrl: 0x380d5700, OF|AnaGi|AdcAttn|BQ|BWs: 0x07000700, dsp_corr: 12002
2026-09-07 02:28:48.928405 RFHAL_KERNEL_BIN_TRACE_RX_OFF RX OFF -- AntPwr: -106, prev W/NBPM: -93, -117, TF|AltADC|DCI/Q(Q5): 0x001d0f, s: 39386, e: 116189
2026-09-07 02:28:48.932373 RFHAL_KERNEL_BIN_TRACE_RX_ON RX ON -- AntPwr: -106, FreqCtrl: 0x380d5700, OF|AnaGi|AdcAttn|BQ|BWs: 0x07000700, dsp_corr: 12012
2026-09-07 02:28:48.933380 RFHAL_KERNEL_BIN_TRACE_RX_OFF RX OFF -- AntPwr: -106, prev W/NBPM: -92, -116, TF|AltADC|DCI/Q(Q5): 0x001d0e, s: 39375, e: 116178
2026-09-07 02:28:48.937378 RFHAL_KERNEL_BIN_TRACE_RX_ON RX ON -- AntPwr: -107, FreqCtrl: 0x380d5700, OF|AnaGi|AdcAttn|BQ|BWs: 0x07000700, dsp_corr: 12012
2026-09-07 02:28:48.938415 RFHAL_KERNEL_BIN_TRACE_RX_OFF RX OFF -- AntPwr: -107, prev W/NBPM: -93, -115, TF|AltADC|DCI/Q(Q5): 0x001c0e, s: 39383, e: 116186
2026-09-07 02:28:48.941375 RFHAL_KERNEL_BIN_TRACE_RX_ON RX ON -- AntPwr: -107, FreqCtrl: 0x380d5700, OF|AnaGi|AdcAttn|BQ|BWs: 0x07000700, dsp_corr: 12002
2026-09-07 02:28:48.943389 RFHAL_KERNEL_BIN_TRACE_RX_OFF RX OFF -- AntPwr: -92, prev W/NBPM: -87, -92, TF|AltADC|DCI/Q(Q5): 0x00210e, s: 40177, e: 193780
2026-09-07 02:28:48.947387 RFHAL_KERNEL_BIN_TRACE_RX_ON RX ON -- AntPwr: -106, FreqCtrl: 0x380d5700, OF|AnaGi|AdcAttn|BQ|BWs: 0x07000700, dsp_corr: 12002
2026-09-07 02:28:48.948394 RFHAL_KERNEL_BIN_TRACE_RX_OFF RX OFF -- AntPwr: -106, prev W/NBPM: -93, -103, TF|AltADC|DCI/Q(Q5): 0x00220f, s: 39389, e: 116192
2026-09-07 02:28:48.952392 RFHAL_KERNEL_BIN_TRACE_RX_ON RX ON -- AntPwr: -106, FreqCtrl: 0x380d5700, OF|AnaGi|AdcAttn|BQ|BWs: 0x07000700, dsp_corr: 12012
2026-09-07 02:28:48.953369 RFHAL_KERNEL_BIN_TRACE_RX_OFF RX OFF -- AntPwr: -106, prev W/NBPM: -93, -99, TF|AltADC|DCI/Q(Q5): 0x00240f, s: 39381, e: 116184
2026-09-07 02:28:48.957367 RFHAL_KERNEL_BIN_TRACE_RX_ON RX ON -- AntPwr: -105, FreqCtrl: 0x380d5700, OF|AnaGi|AdcAttn|BQ|BWs: 0x06000700, dsp_corr: 12012
2026-09-07 02:28:48.958404 RFHAL_KERNEL_BIN_TRACE_RX_OFF RX OFF -- AntPwr: -105, prev W/NBPM: -90, -99, TF|AltADC|DCI/Q(Q5): 0x00240f, s: 39384, e: 116187
2026-09-07 02:28:48.961395 RFHAL_KERNEL_BIN_TRACE_RX_ON RX ON -- AntPwr: -105, FreqCtrl: 0x380d5700, OF|AnaGi|AdcAttn|BQ|BWs: 0x06000700, dsp_corr: 12022
2026-09-07 02:28:48.963378 RFHAL_KERNEL_BIN_TRACE_RX_OFF RX OFF -- AntPwr: -102, prev W/NBPM: -90, -102, TF|AltADC|DCI/Q(Q5): 0x002410, s: 40173, e: 193776
2026-09-07 02:28:48.967376 RFHAL_KERNEL_BIN_TRACE_RX_ON RX ON -- AntPwr: -106, FreqCtrl: 0x380d5700, OF|AnaGi|AdcAttn|BQ|BWs: 0x07000700, dsp_corr: 12022
2026-09-07 02:28:48.968414 RFHAL_KERNEL_BIN_TRACE_RX_OFF RX OFF -- AntPwr: -106, prev W/NBPM: -93, -98, TF|AltADC|DCI/Q(Q5): 0x002510, s: 39387, e: 116190
2026-09-07 02:28:48.972381 RFHAL_KERNEL_BIN_TRACE_RX_ON RX ON -- AntPwr: -106, FreqCtrl: 0x380d5700, OF|AnaGi|AdcAttn|BQ|BWs: 0x07000700, dsp_corr: 12012
2026-09-07 02:28:48.973388 RFHAL_KERNEL_BIN_TRACE_RX_OFF RX OFF -- AntPwr: -106, prev W/NBPM: -93, -102, TF|AltADC|DCI/Q(Q5): 0x002610, s: 39377, e: 116180
2026-09-07 02:28:48.977386 RFHAL_KERNEL_BIN_TRACE_RX_ON RX ON -- AntPwr: -105, FreqCtrl: 0x380d5700, OF|AnaGi|AdcAttn|BQ|BWs: 0x06000700, dsp_corr: 12012
2026-09-07 02:28:48.978393 RFHAL_KERNEL_BIN_TRACE_RX_OFF RX OFF -- AntPwr: -105, prev W/NBPM: -90, -107, TF|AltADC|DCI/Q(Q5): 0x002510, s: 39385, e: 116188
2026-09-07 02:28:48.981384 RFHAL_KERNEL_BIN_TRACE_RX_ON RX ON -- AntPwr: -105, FreqCtrl: 0x380d5700, OF|AnaGi|AdcAttn|BQ|BWs: 0x06000700, dsp_corr: 12002
2026-09-07 02:28:48.983398 RFHAL_KERNEL_BIN_TRACE_RX_OFF RX OFF -- AntPwr: -100, prev W/NBPM: -90, -100, TF|AltADC|DCI/Q(Q5): 0x002510, s: 40176, e: 193779
2026-09-07 02:28:48.987396 RFHAL_KERNEL_BIN_TRACE_RX_ON RX ON -- AntPwr: -106, FreqCtrl: 0x380d5700, OF|AnaGi|AdcAttn|BQ|BWs: 0x07000700, dsp_corr: 12002
2026-09-07 02:28:48.988403 RFHAL_KERNEL_BIN_TRACE_RX_OFF RX OFF -- AntPwr: -106, prev W/NBPM: -92, -97, TF|AltADC|DCI/Q(Q5): 0x002610, s: 39393, e: 116196
2026-09-07 02:28:48.992370 RFHAL_KERNEL_BIN_TRACE_RX_ON RX ON -- AntPwr: -106, FreqCtrl: 0x380d5700, OF|AnaGi|AdcAttn|BQ|BWs: 0x07000700, dsp_corr: 12012
2026-09-07 02:28:48.993377 RFHAL_KERNEL_BIN_TRACE_RX_OFF RX OFF -- AntPwr: -106, prev W/NBPM: -93, -99, TF|AltADC|DCI/Q(Q5): 0x002610, s: 39378, e: 116181
2026-09-07 02:28:48.997375 RFHAL_KERNEL_BIN_TRACE_RX_ON RX ON -- AntPwr: -105, FreqCtrl: 0x380d5700, OF|AnaGi|AdcAttn|BQ|BWs: 0x06000700, dsp_corr: 12012
2026-09-07 02:28:48.998413 RFHAL_KERNEL_BIN_TRACE_RX_OFF RX OFF -- AntPwr: -105, prev W/NBPM: -90, -103, TF|AltADC|DCI/Q(Q5): 0x002610, s: 39389, e: 116192
2026-09-07 02:28:49.001373 RFHAL_KERNEL_BIN_TRACE_RX_ON RX ON -- AntPwr: -105, FreqCtrl: 0x380d5700, OF|AnaGi|AdcAttn|BQ|BWs: 0x06000700, dsp_corr: 12002
2026-09-07 02:28:49.003387 RFHAL_KERNEL_BIN_TRACE_RX_OFF RX OFF -- AntPwr: -101, prev W/NBPM: -90, -101, TF|AltADC|DCI/Q(Q5): 0x002511, s: 40175, e: 193778
2026-09-07 02:28:49.007385 RFHAL_KERNEL_BIN_TRACE_RX_ON RX ON -- AntPwr: -106, FreqCtrl: 0x380d5700, OF|AnaGi|AdcAttn|BQ|BWs: 0x07000700, dsp_corr: 12002
2026-09-07 02:28:49.008392 RFHAL_KERNEL_BIN_TRACE_RX_OFF RX OFF -- AntPwr: -106, prev W/NBPM: -89, -92, TF|AltADC|DCI/Q(Q5): 0x002610, s: 39388, e: 116191
2026-09-07 02:28:49.012390 RFHAL_KERNEL_BIN_TRACE_RX_ON RX ON -- AntPwr: -106, FreqCtrl: 0x380d5700, OF|AnaGi|AdcAttn|BQ|BWs: 0x07000700, dsp_corr: 12002
2026-09-07 02:28:49.013397 RFHAL_KERNEL_BIN_TRACE_RX_OFF RX OFF -- AntPwr: -106, prev W/NBPM: -91, -97, TF|AltADC|DCI/Q(Q5): 0x002710, s: 39377, e: 116180
2026-09-07 02:28:49.017395 RFHAL_KERNEL_BIN_TRACE_RX_ON RX ON -- AntPwr: -105, FreqCtrl: 0x380d5700, OF|AnaGi|AdcAttn|BQ|BWs: 0x06000700, dsp_corr: 12002
2026-09-07 02:28:49.018402 RFHAL_KERNEL_BIN_TRACE_RX_OFF RX OFF -- AntPwr: -105, prev W/NBPM: -90, -102, TF|AltADC|DCI/Q(Q5): 0x002610, s: 39385, e: 116188
2026-09-07 02:28:49.021392 RFHAL_KERNEL_BIN_TRACE_RX_ON RX ON -- AntPwr: -105, FreqCtrl: 0x380d5700, OF|AnaGi|AdcAttn|BQ|BWs: 0x06000700, dsp_corr: 11992
2026-09-07 02:28:49.023376 RFHAL_KERNEL_BIN_TRACE_RX_OFF RX OFF -- AntPwr: -98, prev W/NBPM: -90, -98, TF|AltADC|DCI/Q(Q5): 0x002611, s: 40176, e: 193779
2026-09-07 02:28:49.027374 RFHAL_KERNEL_BIN_TRACE_RX_ON RX ON -- AntPwr: -106, FreqCtrl: 0x380d5700, OF|AnaGi|AdcAttn|BQ|BWs: 0x07000700, dsp_corr: 11992
2026-09-07 02:28:49.028411 RFHAL_KERNEL_BIN_TRACE_RX_OFF RX OFF -- AntPwr: -106, prev W/NBPM: -93, -100, TF|AltADC|DCI/Q(Q5): 0x002611, s: 39391, e: 116194
2026-09-07 02:28:49.032379 RFHAL_KERNEL_BIN_TRACE_RX_ON RX ON -- AntPwr: -106, FreqCtrl: 0x380d5700, OF|AnaGi|AdcAttn|BQ|BWs: 0x07000700, dsp_corr: 11992
2026-09-07 02:28:49.033386 RFHAL_KERNEL_BIN_TRACE_RX_OFF RX OFF -- AntPwr: -106, prev W/NBPM: -93, -99, TF|AltADC|DCI/Q(Q5): 0x002710, s: 39375, e: 116178
2026-09-07 02:28:49.037384 RFHAL_KERNEL_BIN_TRACE_RX_ON RX ON -- AntPwr: -105, FreqCtrl: 0x380d5700, OF|AnaGi|AdcAttn|BQ|BWs: 0x06000700, dsp_corr: 11992
2026-09-07 02:28:49.038391 RFHAL_KERNEL_BIN_TRACE_RX_OFF RX OFF -- AntPwr: -105, prev W/NBPM: -89, -100, TF|AltADC|DCI/Q(Q5): 0x002611, s: 39382, e: 116185
2026-09-07 02:28:49.041381 RFHAL_KERNEL_BIN_TRACE_RX_ON RX ON -- AntPwr: -105, FreqCtrl: 0x380d5700, OF|AnaGi|AdcAttn|BQ|BWs: 0x06000700, dsp_corr: 11982
2026-09-07 02:28:49.043396 RFHAL_KERNEL_BIN_TRACE_RX_OFF RX OFF -- AntPwr: -101, prev W/NBPM: -90, -101, TF|AltADC|DCI/Q(Q5): 0x002611, s: 40177, e: 193780
2026-09-07 02:28:49.047393 RFHAL_KERNEL_BIN_TRACE_RX_ON RX ON -- AntPwr: -106, FreqCtrl: 0x380d5700, OF|AnaGi|AdcAttn|BQ|BWs: 0x07000700, dsp_corr: 11982
2026-09-07 02:28:49.048400 RFHAL_KERNEL_BIN_TRACE_RX_OFF RX OFF -- AntPwr: -106, prev W/NBPM: -89, -92, TF|AltADC|DCI/Q(Q5): 0x002610, s: 39388, e: 116191
2026-09-07 02:28:49.052368 RFHAL_KERNEL_BIN_TRACE_RX_ON RX ON -- AntPwr: -106, FreqCtrl: 0x380d5700, OF|AnaGi|AdcAttn|BQ|BWs: 0x07000700, dsp_corr: 11982
2026-09-07 02:28:49.053375 RFHAL_KERNEL_BIN_TRACE_RX_OFF RX OFF -- AntPwr: -106, prev W/NBPM: -86, -91, TF|AltADC|DCI/Q(Q5): 0x002710, s: 39379, e: 116182
2026-09-07 02:28:49.057373 RFHAL_KERNEL_BIN_TRACE_RX_ON RX ON -- AntPwr: -105, FreqCtrl: 0x380d5700, OF|AnaGi|AdcAttn|BQ|BWs: 0x06000700, dsp_corr: 11982
2026-09-07 02:28:49.058410 RFHAL_KERNEL_BIN_TRACE_RX_OFF RX OFF -- AntPwr: -105, prev W/NBPM: -90, -103, TF|AltADC|DCI/Q(Q5): 0x002610, s: 39382, e: 116185
2026-09-07 02:28:49.061370 RFHAL_KERNEL_BIN_TRACE_RX_ON RX ON -- AntPwr: -105, FreqCtrl: 0x380d5700, OF|AnaGi|AdcAttn|BQ|BWs: 0x06000700, dsp_corr: 11972
2026-09-07 02:28:49.063385 RFHAL_KERNEL_BIN_TRACE_RX_OFF RX OFF -- AntPwr: -99, prev W/NBPM: -90, -99, TF|AltADC|DCI/Q(Q5): 0x002611, s: 40176, e: 193779
2026-09-07 02:28:49.067382 RFHAL_KERNEL_BIN_TRACE_RX_ON RX ON -- AntPwr: -106, FreqCtrl: 0x380d5700, OF|AnaGi|AdcAttn|BQ|BWs: 0x07000700, dsp_corr: 11972
2026-09-07 02:28:49.068389 RFHAL_KERNEL_BIN_TRACE_RX_OFF RX OFF -- AntPwr: -106, prev W/NBPM: -89, -128, TF|AltADC|DCI/Q(Q5): 0x002410, s: 39394, e: 116197
2026-09-07 02:28:49.072387 RFHAL_KERNEL_BIN_TRACE_RX_ON RX ON -- AntPwr: -106, FreqCtrl: 0x380d5700, OF|AnaGi|AdcAttn|BQ|BWs: 0x07000700, dsp_corr: 11982
2026-09-07 02:28:49.073394 RFHAL_KERNEL_BIN_TRACE_RX_OFF RX OFF -- AntPwr: -106, prev W/NBPM: -93, -120, TF|AltADC|DCI/Q(Q5): 0x00220f, s: 39378, e: 116181
2026-09-07 02:28:49.077392 RFHAL_KERNEL_BIN_TRACE_RX_ON RX ON -- AntPwr: -105, FreqCtrl: 0x380d5700, OF|AnaGi|AdcAttn|BQ|BWs: 0x06000700, dsp_corr: 11982
2026-09-07 02:28:49.078399 RFHAL_KERNEL_BIN_TRACE_RX_OFF RX OFF -- AntPwr: -105, prev W/NBPM: -90, -114, TF|AltADC|DCI/Q(Q5): 0x00210f, s: 39384, e: 116187
2026-09-07 02:28:49.081390 RFHAL_KERNEL_BIN_TRACE_RX_ON RX ON -- AntPwr: -105, FreqCtrl: 0x380d5700, OF|AnaGi|AdcAttn|BQ|BWs: 0x06000700, dsp_corr: 11972
2026-09-07 02:28:49.083374 RFHAL_KERNEL_BIN_TRACE_RX_OFF RX OFF -- AntPwr: -115, prev W/NBPM: -89, -115, TF|AltADC|DCI/Q(Q5): 0x001f0f, s: 40174, e: 193777
2026-09-07 02:28:49.087371 RFHAL_KERNEL_BIN_TRACE_RX_ON RX ON -- AntPwr: -106, FreqCtrl: 0x380d5700, OF|AnaGi|AdcAttn|BQ|BWs: 0x07000700, dsp_corr: 11972
2026-09-07 02:28:49.088409 RFHAL_KERNEL_BIN_TRACE_RX_OFF RX OFF -- AntPwr: -106, prev W/NBPM: -93, -114, TF|AltADC|DCI/Q(Q5): 0x001e0f, s: 39380, e: 116183
2026-09-07 02:28:49.092376 RFHAL_KERNEL_BIN_TRACE_RX_ON RX ON -- AntPwr: -106, FreqCtrl: 0x380d5700, OF|AnaGi|AdcAttn|BQ|BWs: 0x07000700, dsp_corr: 11982
2026-09-07 02:28:49.093383 RFHAL_KERNEL_BIN_TRACE_RX_OFF RX OFF -- AntPwr: -106, prev W/NBPM: -93, -116, TF|AltADC|DCI/Q(Q5): 0x001e0e, s: 39379, e: 116182
2026-09-07 02:28:49.097381 RFHAL_KERNEL_BIN_TRACE_RX_ON RX ON -- AntPwr: -107, FreqCtrl: 0x380d5700, OF|AnaGi|AdcAttn|BQ|BWs: 0x07000700, dsp_corr: 11982
2026-09-07 02:28:49.098388 RFHAL_KERNEL_BIN_TRACE_RX_OFF RX OFF -- AntPwr: -107, prev W/NBPM: -93, -116, TF|AltADC|DCI/Q(Q5): 0x001d0d, s: 39381, e: 116184
2026-09-07 02:28:49.101379 RFHAL_KERNEL_BIN_TRACE_RX_ON RX ON -- AntPwr: -107, FreqCtrl: 0x380d5700, OF|AnaGi|AdcAttn|BQ|BWs: 0x07000700, dsp_corr: 11992
2026-09-07 02:28:49.103393 RFHAL_KERNEL_BIN_TRACE_RX_OFF RX OFF -- AntPwr: -116, prev W/NBPM: -93, -116, TF|AltADC|DCI/Q(Q5): 0x001c0d, s: 40174, e: 193777
2026-09-07 02:28:49.107391 RFHAL_KERNEL_BIN_TRACE_RX_ON RX ON -- AntPwr: -108, FreqCtrl: 0x380d5700, OF|AnaGi|AdcAttn|BQ|BWs: 0x07000700, dsp_corr: 11992
2026-09-07 02:28:49.108398 RFHAL_KERNEL_BIN_TRACE_RX_OFF RX OFF -- AntPwr: -108, prev W/NBPM: -93, -117, TF|AltADC|DCI/Q(Q5): 0x001c0d, s: 39389, e: 116192
2026-09-07 02:28:49.112396 RFHAL_KERNEL_BIN_TRACE_RX_ON RX ON -- AntPwr: -108, FreqCtrl: 0x380d5700, OF|AnaGi|AdcAttn|BQ|BWs: 0x07000700, dsp_corr: 11982
2026-09-07 02:28:49.113372 RFHAL_KERNEL_BIN_TRACE_RX_OFF RX OFF -- AntPwr: -108, prev W/NBPM: -93, -116, TF|AltADC|DCI/Q(Q5): 0x001b0c, s: 39380, e: 116183
2026-09-07 02:28:49.117370 RFHAL_KERNEL_BIN_TRACE_RX_ON RX ON -- AntPwr: -109, FreqCtrl: 0x380d5700, OF|AnaGi|AdcAttn|BQ|BWs: 0x07000700, dsp_corr: 11982
2026-09-07 02:28:49.118408 RFHAL_KERNEL_BIN_TRACE_RX_OFF RX OFF -- AntPwr: -109, prev W/NBPM: -92, -114, TF|AltADC|DCI/Q(Q5): 0x001b0c, s: 39386, e: 116189
2026-09-07 02:28:49.121368 RFHAL_KERNEL_BIN_TRACE_RX_ON RX ON -- AntPwr: -109, FreqCtrl: 0x380d5700, OF|AnaGi|AdcAttn|BQ|BWs: 0x07000700, dsp_corr: 11992
2026-09-07 02:28:49.123382 RFHAL_KERNEL_BIN_TRACE_RX_OFF RX OFF -- AntPwr: -115, prev W/NBPM: -93, -115, TF|AltADC|DCI/Q(Q5): 0x001b0c, s: 40176, e: 193779
2026-09-07 02:28:49.127380 RFHAL_KERNEL_BIN_TRACE_RX_ON RX ON -- AntPwr: -110, FreqCtrl: 0x380d5700, OF|AnaGi|AdcAttn|BQ|BWs: 0x07000700, dsp_corr: 11992
2026-09-07 02:28:49.128387 RFHAL_KERNEL_BIN_TRACE_RX_OFF RX OFF -- AntPwr: -110, prev W/NBPM: -93, -116, TF|AltADC|DCI/Q(Q5): 0x001b0c, s: 39392, e: 116195
2026-09-07 02:28:49.132385 RFHAL_KERNEL_BIN_TRACE_RX_ON RX ON -- AntPwr: -110, FreqCtrl: 0x380d5700, OF|AnaGi|AdcAttn|BQ|BWs: 0x07000700, dsp_corr: 11982
2026-09-07 02:28:49.133392 RFHAL_KERNEL_BIN_TRACE_RX_OFF RX OFF -- AntPwr: -110, prev W/NBPM: -93, -114, TF|AltADC|DCI/Q(Q5): 0x001b0c, s: 39381, e: 116184
2026-09-07 02:28:49.137390 RFHAL_KERNEL_BIN_TRACE_RX_ON RX ON -- AntPwr: -111, FreqCtrl: 0x380d5700, OF|AnaGi|AdcAttn|BQ|BWs: 0x07000700, dsp_corr: 11982
2026-09-07 02:28:49.138397 RFHAL_KERNEL_BIN_TRACE_RX_OFF RX OFF -- AntPwr: -111, prev W/NBPM: -93, -115, TF|AltADC|DCI/Q(Q5): 0x001a0c, s: 39386, e: 116189
2026-09-07 02:28:49.141388 RFHAL_KERNEL_BIN_TRACE_RX_ON RX ON -- AntPwr: -111, FreqCtrl: 0x380d5700, OF|AnaGi|AdcAttn|BQ|BWs: 0x07000700, dsp_corr: 11972
2026-09-07 02:28:49.143371 RFHAL_KERNEL_BIN_TRACE_RX_OFF RX OFF -- AntPwr: -114, prev W/NBPM: -93, -114, TF|AltADC|DCI/Q(Q5): 0x001a0b, s: 40174, e: 193777
2026-09-07 02:28:49.147369 RFHAL_KERNEL_BIN_TRACE_RX_ON RX ON -- AntPwr: -112, FreqCtrl: 0x380d5700, OF|AnaGi|AdcAttn|BQ|BWs: 0x07000700, dsp_corr: 11972
2026-09-07 02:28:49.148407 RFHAL_KERNEL_BIN_TRACE_RX_OFF RX OFF -- AntPwr: -112, prev W/NBPM: -93, -115, TF|AltADC|DCI/Q(Q5): 0x001a0b, s: 39387, e: 116190
2026-09-07 02:28:49.152374 RFHAL_KERNEL_BIN_TRACE_RX_ON RX ON -- AntPwr: -112, FreqCtrl: 0x380d5700, OF|AnaGi|AdcAttn|BQ|BWs: 0x07000700, dsp_corr: 11982
2026-09-07 02:28:49.153381 RFHAL_KERNEL_BIN_TRACE_RX_OFF RX OFF -- AntPwr: -112, prev W/NBPM: -93, -115, TF|AltADC|DCI/Q(Q5): 0x001a0b, s: 39378, e: 116181
2026-09-07 02:28:49.157379 RFHAL_KERNEL_BIN_TRACE_RX_ON RX ON -- AntPwr: -113, FreqCtrl: 0x380d5700, OF|AnaGi|AdcAttn|BQ|BWs: 0x07000700, dsp_corr: 11982
2026-09-07 02:28:49.158416 RFHAL_KERNEL_BIN_TRACE_RX_OFF RX OFF -- AntPwr: -113, prev W/NBPM: -93, -115, TF|AltADC|DCI/Q(Q5): 0x001a0b, s: 39386, e: 116189
2026-09-07 02:28:49.161377 RFHAL_KERNEL_BIN_TRACE_RX_ON RX ON -- AntPwr: -113, FreqCtrl: 0x380d5700, OF|AnaGi|AdcAttn|BQ|BWs: 0x07000700, dsp_corr: 11992
2026-09-07 02:28:49.163391 RFHAL_KERNEL_BIN_TRACE_RX_OFF RX OFF -- AntPwr: -115, prev W/NBPM: -93, -115, TF|AltADC|DCI/Q(Q5): 0x001a0b, s: 40173, e: 193776
2026-09-07 02:28:49.167389 RFHAL_KERNEL_BIN_TRACE_RX_ON RX ON -- AntPwr: -114, FreqCtrl: 0x380d5700, OF|AnaGi|AdcAttn|BQ|BWs: 0x07000700, dsp_corr: 11992
2026-09-07 02:28:49.168396 RFHAL_KERNEL_BIN_TRACE_RX_OFF RX OFF -- AntPwr: -114, prev W/NBPM: -93, -115, TF|AltADC|DCI/Q(Q5): 0x001a0b, s: 39391, e: 116194
2026-09-07 02:28:49.172393 RFHAL_KERNEL_BIN_TRACE_RX_ON RX ON -- AntPwr: -114, FreqCtrl: 0x380d5700, OF|AnaGi|AdcAttn|BQ|BWs: 0x07000700, dsp_corr: 12002
2026-09-07 02:28:49.173400 RFHAL_KERNEL_BIN_TRACE_RX_OFF RX OFF -- AntPwr: -114, prev W/NBPM: -92, -114, TF|AltADC|DCI/Q(Q5): 0x001a0b, s: 39378, e: 116181
2026-09-07 02:28:49.177368 RFHAL_KERNEL_BIN_TRACE_RX_ON RX ON -- AntPwr: -115, FreqCtrl: 0x380d5700, OF|AnaGi|AdcAttn|BQ|BWs: 0x07000700, dsp_corr: 12002
2026-09-07 02:28:49.178405 RFHAL_KERNEL_BIN_TRACE_RX_OFF RX OFF -- AntPwr: -115, prev W/NBPM: -93, -114, TF|AltADC|DCI/Q(Q5): 0x001a0b, s: 39386, e: 116189
2026-09-07 02:28:49.181396 RFHAL_KERNEL_BIN_TRACE_RX_ON RX ON -- AntPwr: -115, FreqCtrl: 0x380d5700, OF|AnaGi|AdcAttn|BQ|BWs: 0x07000700, dsp_corr: 12012
2026-09-07 02:28:49.183380 RFHAL_KERNEL_BIN_TRACE_RX_OFF RX OFF -- AntPwr: -114, prev W/NBPM: -93, -114, TF|AltADC|DCI/Q(Q5): 0x001a0b, s: 40176, e: 193779
2026-09-07 02:28:49.187378 RFHAL_KERNEL_BIN_TRACE_RX_ON RX ON -- AntPwr: -116, FreqCtrl: 0x380d5700, OF|AnaGi|AdcAttn|BQ|BWs: 0x07000700, dsp_corr: 12012
2026-09-07 02:28:49.188415 RFHAL_KERNEL_BIN_TRACE_RX_OFF RX OFF -- AntPwr: -116, prev W/NBPM: -93, -116, TF|AltADC|DCI/Q(Q5): 0x001a0b, s: 39390, e: 116193
2026-09-07 02:28:49.192382 RFHAL_KERNEL_BIN_TRACE_RX_ON RX ON -- AntPwr: -116, FreqCtrl: 0x380d5700, OF|AnaGi|AdcAttn|BQ|BWs: 0x07000700, dsp_corr: 12002
2026-09-07 02:28:49.193389 RFHAL_KERNEL_BIN_TRACE_RX_OFF RX OFF -- AntPwr: -116, prev W/NBPM: -93, -114, TF|AltADC|DCI/Q(Q5): 0x001a0b, s: 39376, e: 116179
2026-09-07 02:28:49.197387 RFHAL_KERNEL_BIN_TRACE_RX_ON RX ON -- AntPwr: -116, FreqCtrl: 0x380d5700, OF|AnaGi|AdcAttn|BQ|BWs: 0x07000700, dsp_corr: 12002
2026-09-07 02:28:49.198394 RFHAL_KERNEL_BIN_TRACE_RX_OFF RX OFF -- AntPwr: -116, prev W/NBPM: -93, -114, TF|AltADC|DCI/Q(Q5): 0x001a0b, s: 39387, e: 116190
2026-09-07 02:28:49.201385 RFHAL_KERNEL_BIN_TRACE_RX_ON RX ON -- AntPwr: -116, FreqCtrl: 0x380d5700, OF|AnaGi|AdcAttn|BQ|BWs: 0x07000700, dsp_corr: 12012
2026-09-07 02:28:49.203399 RFHAL_KERNEL_BIN_TRACE_RX_OFF RX OFF -- AntPwr: -116, prev W/NBPM: -93, -116, TF|AltADC|DCI/Q(Q5): 0x001a0b, s: 40174, e: 193777
2026-09-07 02:28:49.207397 RFHAL_KERNEL_BIN_TRACE_RX_ON RX ON -- AntPwr: -116, FreqCtrl: 0x380d5700, OF|AnaGi|AdcAttn|BQ|BWs: 0x07000700, dsp_corr: 12012
2026-09-07 02:28:49.208404 RFHAL_KERNEL_BIN_TRACE_RX_OFF RX OFF -- AntPwr: -116, prev W/NBPM: -93, -114, TF|AltADC|DCI/Q(Q5): 0x001a0b, s: 39389, e: 116192
2026-09-07 02:28:49.212371 RFHAL_KERNEL_BIN_TRACE_RX_ON RX ON -- AntPwr: -116, FreqCtrl: 0x380d5700, OF|AnaGi|AdcAttn|BQ|BWs: 0x07000700, dsp_corr: 12002
2026-09-07 02:28:49.213378 RFHAL_KERNEL_BIN_TRACE_RX_OFF RX OFF -- AntPwr: -116, prev W/NBPM: -93, -118, TF|AltADC|DCI/Q(Q5): 0x001a0b, s: 39372, e: 116175
2026-09-07 02:28:49.217376 RFHAL_KERNEL_BIN_TRACE_RX_ON RX ON -- AntPwr: -117, FreqCtrl: 0x380d5700, OF|AnaGi|AdcAttn|BQ|BWs: 0x07000700, dsp_corr: 12002
2026-09-07 02:28:49.218414 RFHAL_KERNEL_BIN_TRACE_RX_OFF RX OFF -- AntPwr: -117, prev W/NBPM: -93, -115, TF|AltADC|DCI/Q(Q5): 0x001a0b, s: 39385, e: 116188
2026-09-07 02:28:49.221374 RFHAL_KERNEL_BIN_TRACE_RX_ON RX ON -- AntPwr: -117, FreqCtrl: 0x380d5700, OF|AnaGi|AdcAttn|BQ|BWs: 0x07000700, dsp_corr: 12012
2026-09-07 02:28:49.223388 RFHAL_KERNEL_BIN_TRACE_RX_OFF RX OFF -- AntPwr: -115, prev W/NBPM: -93, -115, TF|AltADC|DCI/Q(Q5): 0x001a0b, s: 40171, e: 193774
2026-09-07 02:28:49.227386 RFHAL_KERNEL_BIN_TRACE_RX_ON RX ON -- AntPwr: -117, FreqCtrl: 0x380d5700, OF|AnaGi|AdcAttn|BQ|BWs: 0x07000700, dsp_corr: 12012
2026-09-07 02:28:49.228393 RFHAL_KERNEL_BIN_TRACE_RX_OFF RX OFF -- AntPwr: -117, prev W/NBPM: -92, -114, TF|AltADC|DCI/Q(Q5): 0x001a0b, s: 39390, e: 116193
2026-09-07 02:28:49.232391 RFHAL_KERNEL_BIN_TRACE_RX_ON RX ON -- AntPwr: -117, FreqCtrl: 0x380d5700, OF|AnaGi|AdcAttn|BQ|BWs: 0x07000700, dsp_corr: 12022
2026-09-07 02:28:49.233398 RFHAL_KERNEL_BIN_TRACE_RX_OFF RX OFF -- AntPwr: -117, prev W/NBPM: -93, -115, TF|AltADC|DCI/Q(Q5): 0x001a0b, s: 39378, e: 116181
2026-09-07 02:28:49.237396 RFHAL_KERNEL_BIN_TRACE_RX_ON RX ON -- AntPwr: -117, FreqCtrl: 0x380d5700, OF|AnaGi|AdcAttn|BQ|BWs: 0x07000700, dsp_corr: 12022
2026-09-07 02:28:49.238403 RFHAL_KERNEL_BIN_TRACE_RX_OFF RX OFF -- AntPwr: -117, prev W/NBPM: -93, -115, TF|AltADC|DCI/Q(Q5): 0x001a0b, s: 39386, e: 116189
2026-09-07 02:28:49.241394 RFHAL_KERNEL_BIN_TRACE_RX_ON RX ON -- AntPwr: -117, FreqCtrl: 0x380d5700, OF|AnaGi|AdcAttn|BQ|BWs: 0x07000700, dsp_corr: 12031
2026-09-07 02:28:49.243377 RFHAL_KERNEL_BIN_TRACE_RX_OFF RX OFF -- AntPwr: -114, prev W/NBPM: -93, -114, TF|AltADC|DCI/Q(Q5): 0x001a0b, s: 40173, e: 193776
2026-09-07 02:28:49.247375 RFHAL_KERNEL_BIN_TRACE_RX_ON RX ON -- AntPwr: -117, FreqCtrl: 0x380d5700, OF|AnaGi|AdcAttn|BQ|BWs: 0x07000700, dsp_corr: 12031
2026-09-07 02:28:49.248413 RFHAL_KERNEL_BIN_TRACE_RX_OFF RX OFF -- AntPwr: -117, prev W/NBPM: -92, -115, TF|AltADC|DCI/Q(Q5): 0x001a0b, s: 39394, e: 116197
2026-09-07 02:28:49.252380 RFHAL_KERNEL_BIN_TRACE_RX_ON RX ON -- AntPwr: -117, FreqCtrl: 0x380d5700, OF|AnaGi|AdcAttn|BQ|BWs: 0x07000700, dsp_corr: 12022
2026-09-07 02:28:49.253387 RFHAL_KERNEL_BIN_TRACE_RX_OFF RX OFF -- AntPwr: -117, prev W/NBPM: -93, -116, TF|AltADC|DCI/Q(Q5): 0x001a0b, s: 39377, e: 116180
2026-09-07 02:28:49.257385 RFHAL_KERNEL_BIN_TRACE_RX_ON RX ON -- AntPwr: -117, FreqCtrl: 0x380d5700, OF|AnaGi|AdcAttn|BQ|BWs: 0x07000700, dsp_corr: 12022
2026-09-07 02:28:49.258392 RFHAL_KERNEL_BIN_TRACE_RX_OFF RX OFF -- AntPwr: -117, prev W/NBPM: -93, -116, TF|AltADC|DCI/Q(Q5): 0x001a0b, s: 39384, e: 116187
2026-09-07 02:28:49.261383 RFHAL_KERNEL_BIN_TRACE_RX_ON RX ON -- AntPwr: -117, FreqCtrl: 0x380d5700, OF|AnaGi|AdcAttn|BQ|BWs: 0x07000700, dsp_corr: 12031
2026-09-07 02:28:49.263397 RFHAL_KERNEL_BIN_TRACE_RX_OFF RX OFF -- AntPwr: -116, prev W/NBPM: -93, -116, TF|AltADC|DCI/Q(Q5): 0x001a0b, s: 40177, e: 193780
2026-09-07 02:28:49.267395 RFHAL_KERNEL_BIN_TRACE_RX_ON RX ON -- AntPwr: -117, FreqCtrl: 0x380d5700, OF|AnaGi|AdcAttn|BQ|BWs: 0x07000700, dsp_corr: 12031
2026-09-07 02:28:49.268402 RFHAL_KERNEL_BIN_TRACE_RX_OFF RX OFF -- AntPwr: -117, prev W/NBPM: -93, -115, TF|AltADC|DCI/Q(Q5): 0x001a0b, s: 39391, e: 116194
2026-09-07 02:28:49.272399 RFHAL_KERNEL_BIN_TRACE_RX_ON RX ON -- AntPwr: -117, FreqCtrl: 0x380d5700, OF|AnaGi|AdcAttn|BQ|BWs: 0x07000700, dsp_corr: 12022
2026-09-07 02:28:49.273376 RFHAL_KERNEL_BIN_TRACE_RX_OFF RX OFF -- AntPwr: -117, prev W/NBPM: -87, -99, TF|AltADC|DCI/Q(Q5): 0x001d0c, s: 39374, e: 116177
2026-09-07 02:28:49.277374 RFHAL_KERNEL_BIN_TRACE_RX_ON RX ON -- AntPwr: -116, FreqCtrl: 0x380d5700, OF|AnaGi|AdcAttn|BQ|BWs: 0x07000700, dsp_corr: 12022
2026-09-07 02:28:49.278411 RFHAL_KERNEL_BIN_TRACE_RX_OFF RX OFF -- AntPwr: -116, prev W/NBPM: -87, -99, TF|AltADC|DCI/Q(Q5): 0x001f0c, s: 39381, e: 116184
2026-09-07 02:28:49.281372 RFHAL_KERNEL_BIN_TRACE_RX_ON RX ON -- AntPwr: -116, FreqCtrl: 0x380d5700, OF|AnaGi|AdcAttn|BQ|BWs: 0x07000700, dsp_corr: 12012
2026-09-07 02:28:49.283386 RFHAL_KERNEL_BIN_TRACE_RX_OFF RX OFF -- AntPwr: -99, prev W/NBPM: -90, -99, TF|AltADC|DCI/Q(Q5): 0x00230d, s: 39742, e: 193345
2026-09-07 02:28:49.290466 RFHAL_KERNEL_BIN_TRACE_RX_ON RX ON -- AntPwr: -103, FreqCtrl: 0x380d5700, OF|AnaGi|AdcAttn|BQ|BWs: 0x07000700, dsp_corr: 6141
2026-09-07 02:28:49.301452 RFHAL_KERNEL_BIN_TRACE_RX_OFF RX OFF -- AntPwr: -115, prev W/NBPM: -93, -115, TF|AltADC|DCI/Q(Q5): 0x001e0c, s: 496078, e: 1340878
2026-09-07 02:28:49.308349 RFHAL_KERNEL_BIN_TRACE_RX_ON RX ON -- AntPwr: -104, FreqCtrl: 0x380d5700, OF|AnaGi|AdcAttn|BQ|BWs: 0x07000700, dsp_corr: -6141
2026-09-07 02:28:49.319366 RFHAL_KERNEL_BIN_TRACE_RX_OFF RX OFF -- AntPwr: -115, prev W/NBPM: -93, -115, TF|AltADC|DCI/Q(Q5): 0x001c0c, s: 496052, e: 1340852
2026-09-07 02:28:49.326263 RFHAL_KERNEL_BIN_TRACE_RX_ON RX ON -- AntPwr: -104, FreqCtrl: 0x380d5700, OF|AnaGi|AdcAttn|BQ|BWs: 0x07000700, dsp_corr: 18423
2026-09-07 02:28:49.337249 RFHAL_KERNEL_BIN_TRACE_RX_OFF RX OFF -- AntPwr: -114, prev W/NBPM: -92, -114, TF|AltADC|DCI/Q(Q5): 0x001b0c, s: 496052, e: 1340852
2026-09-07 02:28:49.344146 RFHAL_KERNEL_BIN_TRACE_RX_ON RX ON -- AntPwr: -104, FreqCtrl: 0x380d5700, OF|AnaGi|AdcAttn|BQ|BWs: 0x07000700, dsp_corr: -18423
2026-09-07 02:28:49.355133 RFHAL_KERNEL_BIN_TRACE_RX_OFF RX OFF -- AntPwr: -115, prev W/NBPM: -92, -115, TF|AltADC|DCI/Q(Q5): 0x001a0b, s: 496052, e: 1340852
2026-09-07 02:28:49.355743 L23_DEFAULT_INFO_RRCSTATECHANGEEVENT RRC State: 1
2026-09-07 02:28:49.356231 L23_DEFAULT_INFO_EMM_STATE_VALUE emm_state: 2, emm_substate: 4
2026-09-07 02:28:49.356597 L23_DEFAULT_INFO_RRCSTATECHANGEEVENT RRC State: 0
2026-09-07 02:28:49.356597 L23_ERRC_3GPP_TIMER_STOP 0 STOP
2026-09-07 02:28:49.356597 L23_ERRC_3GPP_TIMER_STOP 1 STOP
2026-09-07 02:28:49.356597 L23_ERRC_3GPP_TIMER_STOP 4 STOP
2026-09-07 02:28:49.356628 L23_ERRC_3GPP_TIMER_STOP 6 STOP
2026-09-07 02:28:49.356628 L23_ERRC_3GPP_TIMER_STOP 7 STOP
2026-09-07 02:28:49.356628 L23_ERRC_3GPP_TIMER_STOP 9 STOP
2026-09-07 02:28:49.356628 L23_ERRC_3GPP_TIMER_STOP 10 STOP
2026-09-07 02:28:49.356628 L23_ERRC_3GPP_TIMER_STOP 13 STOP
2026-09-07 02:28:49.356628 L23_ERRC_3GPP_TIMER_STOP 11 STOP
2026-09-07 02:28:49.356659 L23_ERRC_3GPP_TIMER_STOP 12 STOP
2026-09-07 02:28:51.356689 L23_DEFAULT_INFO_RRCSTATECHANGEEVENT RRC State: 0
2026-09-07 02:28:51.378051 L23_DEFAULT_INFO_RRCSTATECHANGEEVENT RRC State: 1
2026-09-07 02:28:51.379425 L23_DEFAULT_INFO_EMM_STATE_VALUE emm_state: 2, emm_substate: 2
2026-09-07 02:28:51.389709 RFHAL_KERNEL_BIN_TRACE_RX_ON RX ON -- AntPwr: -103, FreqCtrl: 0x380d5700, OF|AnaGi|AdcAttn|BQ|BWs: 0x07000700, dsp_corr: 6141
2026-09-07 02:28:51.400726 RFHAL_KERNEL_BIN_TRACE_RX_OFF RX OFF -- AntPwr: -115, prev W/NBPM: -92, -115, TF|AltADC|DCI/Q(Q5): 0x001a0b, s: 550601, e: 1395401
2026-09-07 02:28:51.407623 RFHAL_KERNEL_BIN_TRACE_RX_ON RX ON -- AntPwr: -105, FreqCtrl: 0x380d5700, OF|AnaGi|AdcAttn|BQ|BWs: 0x07000700, dsp_corr: -6141
2026-09-07 02:28:51.418609 RFHAL_KERNEL_BIN_TRACE_RX_OFF RX OFF -- AntPwr: -114, prev W/NBPM: -92, -114, TF|AltADC|DCI/Q(Q5): 0x001a0b, s: 496058, e: 1340858
2026-09-07 02:28:51.425506 RFHAL_KERNEL_BIN_TRACE_RX_ON RX ON -- AntPwr: -104, FreqCtrl: 0x380d5700, OF|AnaGi|AdcAttn|BQ|BWs: 0x07000700, dsp_corr: 18423
2026-09-07 02:28:51.436493 RFHAL_KERNEL_BIN_TRACE_RX_OFF RX OFF -- AntPwr: -114, prev W/NBPM: -92, -114, TF|AltADC|DCI/Q(Q5): 0x001a0b, s: 496050, e: 1340850
2026-09-07 02:28:51.443389 RFHAL_KERNEL_BIN_TRACE_RX_ON RX ON -- AntPwr: -104, FreqCtrl: 0x380d5700, OF|AnaGi|AdcAttn|BQ|BWs: 0x07000700, dsp_corr: -18423
2026-09-07 02:28:51.454376 RFHAL_KERNEL_BIN_TRACE_RX_OFF RX OFF -- AntPwr: -113, prev W/NBPM: -92, -113, TF|AltADC|DCI/Q(Q5): 0x001a0b, s: 496053, e: 1340853
2026-09-07 02:28:51.454986 L23_DEFAULT_INFO_RRCSTATECHANGEEVENT RRC State: 1
2026-09-07 02:28:51.455444 L23_DEFAULT_INFO_EMM_STATE_VALUE emm_state: 2, emm_substate: 4
2026-09-07 02:28:51.455810 L23_DEFAULT_INFO_RRCSTATECHANGEEVENT RRC State: 0
2026-09-07 02:28:51.455841 L23_ERRC_3GPP_TIMER_STOP 0 STOP
2026-09-07 02:28:51.455841 L23_ERRC_3GPP_TIMER_STOP 1 STOP
2026-09-07 02:28:51.455841 L23_ERRC_3GPP_TIMER_STOP 4 STOP
2026-09-07 02:28:51.455841 L23_ERRC_3GPP_TIMER_STOP 6 STOP
2026-09-07 02:28:51.455841 L23_ERRC_3GPP_TIMER_STOP 7 STOP
2026-09-07 02:28:51.455871 L23_ERRC_3GPP_TIMER_STOP 9 STOP
2026-09-07 02:28:51.455871 L23_ERRC_3GPP_TIMER_STOP 10 STOP
2026-09-07 02:28:51.455871 L23_ERRC_3GPP_TIMER_STOP 13 STOP
2026-09-07 02:28:51.455871 L23_ERRC_3GPP_TIMER_STOP 11 STOP
2026-09-07 02:28:51.455871 L23_ERRC_3GPP_TIMER_STOP 12 STOP
2026-09-07 02:28:53.455902 L23_DEFAULT_INFO_RRCSTATECHANGEEVENT RRC State: 0
2026-09-07 02:28:53.477264 L23_DEFAULT_INFO_RRCSTATECHANGEEVENT RRC State: 1
2026-09-07 02:28:53.478607 L23_DEFAULT_INFO_EMM_STATE_VALUE emm_state: 2, emm_substate: 2
2026-09-07 02:28:53.488891 RFHAL_KERNEL_BIN_TRACE_RX_ON RX ON -- AntPwr: -105, FreqCtrl: 0x380d5700, OF|AnaGi|AdcAttn|BQ|BWs: 0x07000700, dsp_corr: 6141
2026-09-07 02:28:53.499878 RFHAL_KERNEL_BIN_TRACE_RX_OFF RX OFF -- AntPwr: -114, prev W/NBPM: -93, -114, TF|AltADC|DCI/Q(Q5): 0x001b0c, s: 550602, e: 1395402
2026-09-07 02:28:53.506774 RFHAL_KERNEL_BIN_TRACE_RX_ON RX ON -- AntPwr: -102, FreqCtrl: 0x380d5700, OF|AnaGi|AdcAttn|BQ|BWs: 0x07000700, dsp_corr: -6141
2026-09-07 02:28:53.517791 RFHAL_KERNEL_BIN_TRACE_RX_OFF RX OFF -- AntPwr: -99, prev W/NBPM: -87, -99, TF|AltADC|DCI/Q(Q5): 0x00200d, s: 496055, e: 1340855
2026-09-07 02:28:53.524688 RFHAL_KERNEL_BIN_TRACE_RX_ON RX ON -- AntPwr: -104, FreqCtrl: 0x380d5700, OF|AnaGi|AdcAttn|BQ|BWs: 0x07000700, dsp_corr: 18423
2026-09-07 02:28:53.535675 RFHAL_KERNEL_BIN_TRACE_RX_OFF RX OFF -- AntPwr: -114, prev W/NBPM: -92, -114, TF|AltADC|DCI/Q(Q5): 0x001d0c, s: 496053, e: 1340853
2026-09-07 02:28:53.542572 RFHAL_KERNEL_BIN_TRACE_RX_ON RX ON -- AntPwr: -104, FreqCtrl: 0x380d5700, OF|AnaGi|AdcAttn|BQ|BWs: 0x07000700, dsp_corr: -18423
2026-09-07 02:28:53.553558 RFHAL_KERNEL_BIN_TRACE_RX_OFF RX OFF -- AntPwr: -113, prev W/NBPM: -93, -113, TF|AltADC|DCI/Q(Q5): 0x001b0c, s: 496051, e: 1340851
2026-09-07 02:28:53.554168 L23_DEFAULT_INFO_RRCSTATECHANGEEVENT RRC State: 1
2026-09-07 02:28:53.554657 L23_DEFAULT_INFO_EMM_STATE_VALUE emm_state: 2, emm_substate: 4
2026-09-07 02:28:53.555023 L23_DEFAULT_INFO_RRCSTATECHANGEEVENT RRC State: 0
2026-09-07 02:28:53.555023 L23_ERRC_3GPP_TIMER_STOP 0 STOP
2026-09-07 02:28:53.555023 L23_ERRC_3GPP_TIMER_STOP 1 STOP
2026-09-07 02:28:53.555023 L23_ERRC_3GPP_TIMER_STOP 4 STOP
2026-09-07 02:28:53.555053 L23_ERRC_3GPP_TIMER_STOP 6 STOP
2026-09-07 02:28:53.555053 L23_ERRC_3GPP_TIMER_STOP 7 STOP
2026-09-07 02:28:53.555053 L23_ERRC_3GPP_TIMER_STOP 9 STOP
2026-09-07 02:28:53.555053 L23_ERRC_3GPP_TIMER_STOP 10 STOP
2026-09-07 02:28:53.555053 L23_ERRC_3GPP_TIMER_STOP 13 STOP
2026-09-07 02:28:53.555053 L23_ERRC_3GPP_TIMER_STOP 11 STOP
2026-09-07 02:28:53.555084 L23_ERRC_3GPP_TIMER_STOP 12 STOP
2026-09-07 02:28:55.554504 TRACE_SYSTEM_WARNING Traces dropped kernel: 0 user: 4 (buffer: 0 peer buffer: 0 message: 4) - Throughput: kernel: 2700 user: 6705 bytes / s
2026-09-07 02:28:55.555114 L23_DEFAULT_INFO_RRCSTATECHANGEEVENT RRC State: 0
2026-09-07 02:28:55.576477 L23_DEFAULT_INFO_RRCSTATECHANGEEVENT RRC State: 1
2026-09-07 02:28:55.577850 L23_DEFAULT_INFO_EMM_STATE_VALUE emm_state: 2, emm_substate: 2
2026-09-07 02:28:55.588134 RFHAL_KERNEL_BIN_TRACE_RX_ON RX ON -- AntPwr: -102, FreqCtrl: 0x380d5700, OF|AnaGi|AdcAttn|BQ|BWs: 0x07000700, dsp_corr: 6141
2026-09-07 02:28:55.599151 RFHAL_KERNEL_BIN_TRACE_RX_OFF RX OFF -- AntPwr: -91, prev W/NBPM: -90, -91, TF|AltADC|DCI/Q(Q5): 0x00280f, s: 550603, e: 1395403
2026-09-07 02:28:55.606048 RFHAL_KERNEL_BIN_TRACE_RX_ON RX ON -- AntPwr: -103, FreqCtrl: 0x380d5700, OF|AnaGi|AdcAttn|BQ|BWs: 0x07000700, dsp_corr: -6141
2026-09-07 02:28:55.617034 RFHAL_KERNEL_BIN_TRACE_RX_OFF RX OFF -- AntPwr: -96, prev W/NBPM: -88, -96, TF|AltADC|DCI/Q(Q5): 0x00290f, s: 496055, e: 1340855
2026-09-07 02:28:55.623931 RFHAL_KERNEL_BIN_TRACE_RX_ON RX ON -- AntPwr: -101, FreqCtrl: 0x380d5700, OF|AnaGi|AdcAttn|BQ|BWs: 0x07000700, dsp_corr: 18423
2026-09-07 02:28:55.634918 RFHAL_KERNEL_BIN_TRACE_RX_OFF RX OFF -- AntPwr: -89, prev W/NBPM: -87, -89, TF|AltADC|DCI/Q(Q5): 0x00290f, s: 496052, e: 1340852
2026-09-07 02:28:55.641815 RFHAL_KERNEL_BIN_TRACE_RX_ON RX ON -- AntPwr: -103, FreqCtrl: 0x380d5700, OF|AnaGi|AdcAttn|BQ|BWs: 0x07000700, dsp_corr: -18423
2026-09-07 02:28:55.652801 RFHAL_KERNEL_BIN_TRACE_RX_OFF RX OFF -- AntPwr: -100, prev W/NBPM: -90, -100, TF|AltADC|DCI/Q(Q5): 0x002910, s: 496052, e: 1340852
2026-09-07 02:28:55.653411 L23_DEFAULT_INFO_RRCSTATECHANGEEVENT RRC State: 1
2026-09-07 02:28:55.653869 L23_DEFAULT_INFO_EMM_STATE_VALUE emm_state: 2, emm_substate: 4
2026-09-07 02:28:55.654235 L23_DEFAULT_INFO_RRCSTATECHANGEEVENT RRC State: 0
2026-09-07 02:28:55.654266 L23_ERRC_3GPP_TIMER_STOP 0 STOP
2026-09-07 02:28:55.654266 L23_ERRC_3GPP_TIMER_STOP 1 STOP
2026-09-07 02:28:55.654266 L23_ERRC_3GPP_TIMER_STOP 4 STOP
2026-09-07 02:28:55.654266 L23_ERRC_3GPP_TIMER_STOP 6 STOP
2026-09-07 02:28:55.654266 L23_ERRC_3GPP_TIMER_STOP 7 STOP
2026-09-07 02:28:55.654296 L23_ERRC_3GPP_TIMER_STOP 9 STOP
2026-09-07 02:28:55.654296 L23_ERRC_3GPP_TIMER_STOP 10 STOP
2026-09-07 02:28:55.654296 L23_ERRC_3GPP_TIMER_STOP 13 STOP
2026-09-07 02:28:55.654296 L23_ERRC_3GPP_TIMER_STOP 11 STOP
2026-09-07 02:28:55.654296 L23_ERRC_3GPP_TIMER_STOP 12 STOP
2026-09-07 02:28:57.654327 L23_DEFAULT_INFO_RRCSTATECHANGEEVENT RRC State: 0
2026-09-07 02:28:57.675689 L23_DEFAULT_INFO_RRCSTATECHANGEEVENT RRC State: 1
2026-09-07 02:28:57.677032 L23_DEFAULT_INFO_EMM_STATE_VALUE emm_state: 2, emm_substate: 2
2026-09-07 02:28:57.687316 RFHAL_KERNEL_BIN_TRACE_RX_ON RX ON -- AntPwr: -104, FreqCtrl: 0x380d5700, OF|AnaGi|AdcAttn|BQ|BWs: 0x07000700, dsp_corr: 6141
2026-09-07 02:28:57.698333 RFHAL_KERNEL_BIN_TRACE_RX_OFF RX OFF -- AntPwr: -114, prev W/NBPM: -93, -114, TF|AltADC|DCI/Q(Q5): 0x001b0b, s: 550603, e: 1395403
2026-09-07 02:28:57.705230 RFHAL_KERNEL_BIN_TRACE_RX_ON RX ON -- AntPwr: -105, FreqCtrl: 0x380d5700, OF|AnaGi|AdcAttn|BQ|BWs: 0x07000700, dsp_corr: -6141
2026-09-07 02:28:57.716217 RFHAL_KERNEL_BIN_TRACE_RX_OFF RX OFF -- AntPwr: -114, prev W/NBPM: -93, -114, TF|AltADC|DCI/Q(Q5): 0x001b0b, s: 496054, e: 1340854
2026-09-07 02:28:57.723114 RFHAL_KERNEL_BIN_TRACE_RX_ON RX ON -- AntPwr: -103, FreqCtrl: 0x380d5700, OF|AnaGi|AdcAttn|BQ|BWs: 0x07000700, dsp_corr: 18423
2026-09-07 02:28:57.734100 RFHAL_KERNEL_BIN_TRACE_RX_OFF RX OFF -- AntPwr: -115, prev W/NBPM: -93, -115, TF|AltADC|DCI/Q(Q5): 0x001a0b, s: 496050, e: 1340850
2026-09-07 02:28:57.740997 RFHAL_KERNEL_BIN_TRACE_RX_ON RX ON -- AntPwr: -103, FreqCtrl: 0x380d5700, OF|AnaGi|AdcAttn|BQ|BWs: 0x07000700, dsp_corr: -18423
2026-09-07 02:28:57.752014 RFHAL_KERNEL_BIN_TRACE_RX_OFF RX OFF -- AntPwr: -116, prev W/NBPM: -92, -116, TF|AltADC|DCI/Q(Q5): 0x001b0b, s: 496051, e: 1340851
2026-09-07 02:28:57.752624 L23_DEFAULT_INFO_RRCSTATECHANGEEVENT RRC State: 1
2026-09-07 02:28:57.753082 L23_DEFAULT_INFO_EMM_STATE_VALUE emm_state: 2, emm_substate: 4
2026-09-07 02:28:57.753448 L23_DEFAULT_INFO_RRCSTATECHANGEEVENT RRC State: 0
2026-09-07 02:28:57.753448 L23_ERRC_3GPP_TIMER_STOP 0 STOP
2026-09-07 02:28:57.753479 L23_ERRC_3GPP_TIMER_STOP 1 STOP
2026-09-07 02:28:57.753479 L23_ERRC_3GPP_TIMER_STOP 4 STOP
2026-09-07 02:28:57.753479 L23_ERRC_3GPP_TIMER_STOP 6 STOP
2026-09-07 02:28:57.753479 L23_ERRC_3GPP_TIMER_STOP 7 STOP
2026-09-07 02:28:57.753479 L23_ERRC_3GPP_TIMER_STOP 9 STOP
2026-09-07 02:28:57.753509 L23_ERRC_3GPP_TIMER_STOP 10 STOP
2026-09-07 02:28:57.753509 L23_ERRC_3GPP_TIMER_STOP 13 STOP
2026-09-07 02:28:57.753509 L23_ERRC_3GPP_TIMER_STOP 11 STOP
2026-09-07 02:28:57.753509 L23_ERRC_3GPP_TIMER_STOP 12 STOP
2026-09-07 02:28:59.752960 TRACE_SYSTEM_WARNING Traces dropped kernel: 0 user: 4 (buffer: 0 peer buffer: 0 message: 4) - Throughput: kernel: 2700 user: 6705 bytes / s
2026-09-07 02:28:59.753540 L23_DEFAULT_INFO_RRCSTATECHANGEEVENT RRC State: 0
2026-09-07 02:28:59.774932 L23_DEFAULT_INFO_RRCSTATECHANGEEVENT RRC State: 1
2026-09-07 02:28:59.776275 L23_DEFAULT_INFO_EMM_STATE_VALUE emm_state: 2, emm_substate: 2
2026-09-07 02:28:59.786590 RFHAL_KERNEL_BIN_TRACE_RX_ON RX ON -- AntPwr: -105, FreqCtrl: 0x380d5700, OF|AnaGi|AdcAttn|BQ|BWs: 0x07000700, dsp_corr: 6141
2026-09-07 02:28:59.797576 RFHAL_KERNEL_BIN_TRACE_RX_OFF RX OFF -- AntPwr: -114, prev W/NBPM: -92, -114, TF|AltADC|DCI/Q(Q5): 0x001b0b, s: 550604, e: 1395404
2026-09-07 02:28:59.804473 RFHAL_KERNEL_BIN_TRACE_RX_ON RX ON -- AntPwr: -103, FreqCtrl: 0x380d5700, OF|AnaGi|AdcAttn|BQ|BWs: 0x07000700, dsp_corr: -6141
2026-09-07 02:28:59.815490 RFHAL_KERNEL_BIN_TRACE_RX_OFF RX OFF -- AntPwr: -115, prev W/NBPM: -93, -115, TF|AltADC|DCI/Q(Q5): 0x001b0b, s: 496055, e: 1340855
2026-09-07 02:28:59.824432 RFHAL_KERNEL_BIN_TRACE_RX_ON RX ON -- AntPwr: -114, FreqCtrl: 0x380d5700, OF|AnaGi|AdcAttn|BQ|BWs: 0x07000700, dsp_corr: -6141
2026-09-07 02:28:59.825256 RFHAL_KERNEL_BIN_TRACE_RX_OFF RX OFF -- AntPwr: -114, prev W/NBPM: -93, -113, TF|AltADC|DCI/Q(Q5): 0x001b0b, s: 54041, e: 115641
2026-09-07 02:28:59.828430 RFHAL_KERNEL_BIN_TRACE_RX_ON RX ON -- AntPwr: -113, FreqCtrl: 0x380d5700, OF|AnaGi|AdcAttn|BQ|BWs: 0x07000700, dsp_corr: -6141
2026-09-07 02:28:59.829254 RFHAL_KERNEL_BIN_TRACE_RX_OFF RX OFF -- AntPwr: -113, prev W/NBPM: -92, -114, TF|AltADC|DCI/Q(Q5): 0x001a0b, s: 54228, e: 115828
2026-09-07 02:28:59.834442 RFHAL_KERNEL_BIN_TRACE_RX_ON RX ON -- AntPwr: -114, FreqCtrl: 0x380d5700, OF|AnaGi|AdcAttn|BQ|BWs: 0x07000700, dsp_corr: -6141
2026-09-07 02:28:59.835266 RFHAL_KERNEL_BIN_TRACE_RX_OFF RX OFF -- AntPwr: -114, prev W/NBPM: -93, -114, TF|AltADC|DCI/Q(Q5): 0x001a0b, s: 54233, e: 115833
2026-09-07 02:28:59.838440 RFHAL_KERNEL_BIN_TRACE_RX_ON RX ON -- AntPwr: -114, FreqCtrl: 0x380d5700, OF|AnaGi|AdcAttn|BQ|BWs: 0x07000700, dsp_corr: -6141
2026-09-07 02:28:59.839233 RFHAL_KERNEL_BIN_TRACE_RX_OFF RX OFF -- AntPwr: -114, prev W/NBPM: -93, -114, TF|AltADC|DCI/Q(Q5): 0x001a0b, s: 54231, e: 115831
2026-09-07 02:28:59.847168 RFHAL_KERNEL_BIN_TRACE_RX_ON RX ON -- AntPwr: -103, FreqCtrl: 0x380d5700, OF|AnaGi|AdcAttn|BQ|BWs: 0x07000700, dsp_corr: 18423
2026-09-07 02:28:59.858154 RFHAL_KERNEL_BIN_TRACE_RX_OFF RX OFF -- AntPwr: -113, prev W/NBPM: -93, -113, TF|AltADC|DCI/Q(Q5): 0x001a0b, s: 496091, e: 1340891
2026-09-07 02:28:59.865051 RFHAL_KERNEL_BIN_TRACE_RX_ON RX ON -- AntPwr: -104, FreqCtrl: 0x380d5700, OF|AnaGi|AdcAttn|BQ|BWs: 0x07000700, dsp_corr: -18423
2026-09-07 02:28:59.876037 RFHAL_KERNEL_BIN_TRACE_RX_OFF RX OFF -- AntPwr: -114, prev W/NBPM: -92, -114, TF|AltADC|DCI/Q(Q5): 0x001a0b, s: 496051, e: 1340851
2026-09-07 02:28:59.876648 L23_DEFAULT_INFO_RRCSTATECHANGEEVENT RRC State: 1
2026-09-07 02:28:59.877105 L23_DEFAULT_INFO_EMM_STATE_VALUE emm_state: 2, emm_substate: 4
2026-09-07 02:28:59.877472 L23_DEFAULT_INFO_RRCSTATECHANGEEVENT RRC State: 0
2026-09-07 02:28:59.877472 L23_ERRC_3GPP_TIMER_STOP 0 STOP
2026-09-07 02:28:59.877502 L23_ERRC_3GPP_TIMER_STOP 1 STOP
2026-09-07 02:28:59.877502 L23_ERRC_3GPP_TIMER_STOP 4 STOP
2026-09-07 02:28:59.877502 L23_ERRC_3GPP_TIMER_STOP 6 STOP
2026-09-07 02:28:59.877502 L23_ERRC_3GPP_TIMER_STOP 7 STOP
2026-09-07 02:28:59.877502 L23_ERRC_3GPP_TIMER_STOP 9 STOP
2026-09-07 02:28:59.877502 L23_ERRC_3GPP_TIMER_STOP 10 STOP
2026-09-07 02:28:59.877533 L23_ERRC_3GPP_TIMER_STOP 13 STOP
2026-09-07 02:28:59.877533 L23_ERRC_3GPP_TIMER_STOP 11 STOP
2026-09-07 02:28:59.877533 L23_ERRC_3GPP_TIMER_STOP 12 STOP
2026-09-07 02:29:01.877563 L23_DEFAULT_INFO_RRCSTATECHANGEEVENT RRC State: 0
2026-09-07 02:29:01.898925 L23_DEFAULT_INFO_RRCSTATECHANGEEVENT RRC State: 1
2026-09-07 02:29:01.900268 L23_DEFAULT_INFO_EMM_STATE_VALUE emm_state: 2, emm_substate: 2
2026-09-07 02:29:01.910553 RFHAL_KERNEL_BIN_TRACE_RX_ON RX ON -- AntPwr: -102, FreqCtrl: 0x380d5700, OF|AnaGi|AdcAttn|BQ|BWs: 0x07000700, dsp_corr: 6141
2026-09-07 02:29:01.921539 RFHAL_KERNEL_BIN_TRACE_RX_OFF RX OFF -- AntPwr: -114, prev W/NBPM: -92, -114, TF|AltADC|DCI/Q(Q5): 0x001b0c, s: 550603, e: 1395403
2026-09-07 02:29:01.928436 RFHAL_KERNEL_BIN_TRACE_RX_ON RX ON -- AntPwr: -103, FreqCtrl: 0x380d5700, OF|AnaGi|AdcAttn|BQ|BWs: 0x07000700, dsp_corr: -6141
2026-09-07 02:29:01.939453 RFHAL_KERNEL_BIN_TRACE_RX_OFF RX OFF -- AntPwr: -114, prev W/NBPM: -93, -114, TF|AltADC|DCI/Q(Q5): 0x001b0c, s: 496057, e: 1340857
2026-09-07 02:29:01.944519 RFHAL_KERNEL_BIN_TRACE_RX_ON RX ON -- AntPwr: -113, FreqCtrl: 0x380d5700, OF|AnaGi|AdcAttn|BQ|BWs: 0x07000700, dsp_corr: -6141
2026-09-07 02:29:01.945312 RFHAL_KERNEL_BIN_TRACE_RX_OFF RX OFF -- AntPwr: -113, prev W/NBPM: -93, -115, TF|AltADC|DCI/Q(Q5): 0x001b0c, s: 54039, e: 115639
2026-09-07 02:29:01.948516 RFHAL_KERNEL_BIN_TRACE_RX_ON RX ON -- AntPwr: -115, FreqCtrl: 0x380d5700, OF|AnaGi|AdcAttn|BQ|BWs: 0x07000700, dsp_corr: -6141
2026-09-07 02:29:01.949310 RFHAL_KERNEL_BIN_TRACE_RX_OFF RX OFF -- AntPwr: -115, prev W/NBPM: -92, -114, TF|AltADC|DCI/Q(Q5): 0x001a0b, s: 54227, e: 115827
2026-09-07 02:29:01.954498 RFHAL_KERNEL_BIN_TRACE_RX_ON RX ON -- AntPwr: -114, FreqCtrl: 0x380d5700, OF|AnaGi|AdcAttn|BQ|BWs: 0x07000700, dsp_corr: -6141
2026-09-07 02:29:01.955322 RFHAL_KERNEL_BIN_TRACE_RX_OFF RX OFF -- AntPwr: -114, prev W/NBPM: -92, -114, TF|AltADC|DCI/Q(Q5): 0x001a0b, s: 54230, e: 115830
2026-09-07 02:29:01.958496 RFHAL_KERNEL_BIN_TRACE_RX_ON RX ON -- AntPwr: -114, FreqCtrl: 0x380d5700, OF|AnaGi|AdcAttn|BQ|BWs: 0x07000700, dsp_corr: -6141
2026-09-07 02:29:01.959320 RFHAL_KERNEL_BIN_TRACE_RX_OFF RX OFF -- AntPwr: -114, prev W/NBPM: -93, -114, TF|AltADC|DCI/Q(Q5): 0x001a0b, s: 54234, e: 115834
2026-09-07 02:29:01.968109 RFHAL_KERNEL_BIN_TRACE_RX_ON RX ON -- AntPwr: -104, FreqCtrl: 0x380d5700, OF|AnaGi|AdcAttn|BQ|BWs: 0x07000700, dsp_corr: -2264
2026-09-07 02:29:01.989105 RFHAL_KERNEL_BIN_TRACE_RX_OFF RX OFF -- AntPwr: -113, prev W/NBPM: -92, -114, TF|AltADC|DCI/Q(Q5): 0x001a0c, s: 562926, e: 2175726
2026-09-07 02:29:01.991302 L1_DEFAULT_INFO_NEIGHBOR_CELL_MEASUREMENTS earfcn: 229232, pci: 22, rsrp: -129, rsrq: -13
2026-09-07 02:29:01.999298 RFHAL_KERNEL_BIN_TRACE_RX_ON RX ON -- AntPwr: -113, FreqCtrl: 0x380d5700, OF|AnaGi|AdcAttn|BQ|BWs: 0x07000700, dsp_corr: -2264
2026-09-07 02:29:02.000305 RFHAL_KERNEL_BIN_TRACE_RX_OFF RX OFF -- AntPwr: -113, prev W/NBPM: -93, -115, TF|AltADC|DCI/Q(Q5): 0x001a0c, s: 39258, e: 116061
2026-09-07 02:29:02.004303 RFHAL_KERNEL_BIN_TRACE_RX_ON RX ON -- AntPwr: -114, FreqCtrl: 0x380d5700, OF|AnaGi|AdcAttn|BQ|BWs: 0x07000700, dsp_corr: -2264
2026-09-07 02:29:02.005310 RFHAL_KERNEL_BIN_TRACE_RX_OFF RX OFF -- AntPwr: -114, prev W/NBPM: -93, -112, TF|AltADC|DCI/Q(Q5): 0x001a0b, s: 39392, e: 116195
2026-09-07 02:29:02.008300 RFHAL_KERNEL_BIN_TRACE_RX_ON RX ON -- AntPwr: -114, FreqCtrl: 0x380d5700, OF|AnaGi|AdcAttn|BQ|BWs: 0x07000700, dsp_corr: -2254
2026-09-07 02:29:02.010315 RFHAL_KERNEL_BIN_TRACE_RX_OFF RX OFF -- AntPwr: -113, prev W/NBPM: -93, -113, TF|AltADC|DCI/Q(Q5): 0x001a0b, s: 40181, e: 193784
2026-09-07 02:29:02.010498 L1_DCI_DEC_NBIOT_MIB_EARFCN_PRESENT current earfcn:229232, lsb of earfcn:0
2026-09-07 02:29:02.010528 L1_DCI_DEC_NBIOT_MIB_DECODE modem: sib1br_tbs:3, value_tag:0, ab_enabled:0, operation_mode:3, channel_raster_offset:0*2.5kHz, num_crs_port:0
2026-09-07 02:29:02.010559 L1_PEER_MSG_MIB_NB MasterInformationBlock-NB [00c0c04000]
2026-09-07 02:29:02.198303 RFHAL_KERNEL_BIN_TRACE_RX_ON RX ON -- AntPwr: -112, FreqCtrl: 0x380d5700, OF|AnaGi|AdcAttn|BQ|BWs: 0x07000700, dsp_corr: -2254
2026-09-07 02:29:02.237335 RFHAL_KERNEL_BIN_TRACE_RX_OFF RX OFF -- AntPwr: -115, prev W/NBPM: -93, -115, TF|AltADC|DCI/Q(Q5): 0x001a0b, s: 77514, e: 3072717
2026-09-07 02:29:02.239318 RFHAL_KERNEL_BIN_TRACE_RX_ON RX ON -- AntPwr: -115, FreqCtrl: 0x380d5700, OF|AnaGi|AdcAttn|BQ|BWs: 0x07000700, dsp_corr: -2303
2026-09-07 02:29:02.240326 RFHAL_KERNEL_BIN_TRACE_RX_OFF RX OFF -- AntPwr: -115, prev W/NBPM: -93, -114, TF|AltADC|DCI/Q(Q5): 0x001a0b, s: 40145, e: 116948
2026-09-07 02:29:02.243316 RFHAL_KERNEL_BIN_TRACE_RX_ON RX ON -- AntPwr: -115, FreqCtrl: 0x380d5700, OF|AnaGi|AdcAttn|BQ|BWs: 0x07000700, dsp_corr: -2303
2026-09-07 02:29:02.245330 RFHAL_KERNEL_BIN_TRACE_RX_OFF RX OFF -- AntPwr: -113, prev W/NBPM: -93, -113, TF|AltADC|DCI/Q(Q5): 0x001a0b, s: 40128, e: 193731
2026-09-07 02:29:02.248321 RFHAL_KERNEL_BIN_TRACE_RX_ON RX ON -- AntPwr: -115, FreqCtrl: 0x380d5700, OF|AnaGi|AdcAttn|BQ|BWs: 0x07000700, dsp_corr: -2293
2026-09-07 02:29:02.250305 RFHAL_KERNEL_BIN_TRACE_RX_OFF RX OFF -- AntPwr: -113, prev W/NBPM: -93, -113, TF|AltADC|DCI/Q(Q5): 0x001a0c, s: 40174, e: 193777
2026-09-07 02:29:02.253326 RFHAL_KERNEL_BIN_TRACE_RX_ON RX ON -- AntPwr: -115, FreqCtrl: 0x380d5700, OF|AnaGi|AdcAttn|BQ|BWs: 0x07000700, dsp_corr: -2293
2026-09-07 02:29:02.255340 RFHAL_KERNEL_BIN_TRACE_RX_OFF RX OFF -- AntPwr: -112, prev W/NBPM: -92, -112, TF|AltADC|DCI/Q(Q5): 0x001a0c, s: 40166, e: 193769
2026-09-07 02:29:02.258300 RFHAL_KERNEL_BIN_TRACE_RX_ON RX ON -- AntPwr: -115, FreqCtrl: 0x380d5700, OF|AnaGi|AdcAttn|BQ|BWs: 0x07000700, dsp_corr: -2303
2026-09-07 02:29:02.260315 RFHAL_KERNEL_BIN_TRACE_RX_OFF RX OFF -- AntPwr: -113, prev W/NBPM: -92, -113, TF|AltADC|DCI/Q(Q5): 0x001a0c, s: 40181, e: 193784
2026-09-07 02:29:02.263305 RFHAL_KERNEL_BIN_TRACE_RX_ON RX ON -- AntPwr: -115, FreqCtrl: 0x380d5700, OF|AnaGi|AdcAttn|BQ|BWs: 0x07000700, dsp_corr: -2303
2026-09-07 02:29:02.265319 RFHAL_KERNEL_BIN_TRACE_RX_OFF RX OFF -- AntPwr: -114, prev W/NBPM: -93, -114, TF|AltADC|DCI/Q(Q5): 0x001a0c, s: 40132, e: 193735
2026-09-07 02:29:02.268310 RFHAL_KERNEL_BIN_TRACE_RX_ON RX ON -- AntPwr: -115, FreqCtrl: 0x380d5700, OF|AnaGi|AdcAttn|BQ|BWs: 0x07000700, dsp_corr: -2313
2026-09-07 02:29:02.270324 RFHAL_KERNEL_BIN_TRACE_RX_OFF RX OFF -- AntPwr: -113, prev W/NBPM: -93, -113, TF|AltADC|DCI/Q(Q5): 0x001a0c, s: 40177, e: 193780
2026-09-07 02:29:02.273315 RFHAL_KERNEL_BIN_TRACE_RX_ON RX ON -- AntPwr: -115, FreqCtrl: 0x380d5700, OF|AnaGi|AdcAttn|BQ|BWs: 0x07000700, dsp_corr: -2313
2026-09-07 02:29:02.275329 RFHAL_KERNEL_BIN_TRACE_RX_OFF RX OFF -- AntPwr: -114, prev W/NBPM: -93, -114, TF|AltADC|DCI/Q(Q5): 0x001a0c, s: 40167, e: 193770
2026-09-07 02:29:02.278320 RFHAL_KERNEL_BIN_TRACE_RX_ON RX ON -- AntPwr: -115, FreqCtrl: 0x380d5700, OF|AnaGi|AdcAttn|BQ|BWs: 0x07000700, dsp_corr: -2323
2026-09-07 02:29:02.280304 RFHAL_KERNEL_BIN_TRACE_RX_OFF RX OFF -- AntPwr: -114, prev W/NBPM: -93, -114, TF|AltADC|DCI/Q(Q5): 0x001a0c, s: 40180, e: 193783
2026-09-07 02:29:02.283325 RFHAL_KERNEL_BIN_TRACE_RX_ON RX ON -- AntPwr: -115, FreqCtrl: 0x380d5700, OF|AnaGi|AdcAttn|BQ|BWs: 0x07000700, dsp_corr: -2323
2026-09-07 02:29:02.285308 RFHAL_KERNEL_BIN_TRACE_RX_OFF RX OFF -- AntPwr: -114, prev W/NBPM: -93, -114, TF|AltADC|DCI/Q(Q5): 0x001a0c, s: 40135, e: 193738
2026-09-07 02:29:02.288299 RFHAL_KERNEL_BIN_TRACE_RX_ON RX ON -- AntPwr: -115, FreqCtrl: 0x380d5700, OF|AnaGi|AdcAttn|BQ|BWs: 0x07000700, dsp_corr: -2332
2026-09-07 02:29:02.290313 RFHAL_KERNEL_BIN_TRACE_RX_OFF RX OFF -- AntPwr: -114, prev W/NBPM: -93, -114, TF|AltADC|DCI/Q(Q5): 0x001a0c, s: 40179, e: 193782
2026-09-07 02:29:02.293304 RFHAL_KERNEL_BIN_TRACE_RX_ON RX ON -- AntPwr: -115, FreqCtrl: 0x380d5700, OF|AnaGi|AdcAttn|BQ|BWs: 0x07000700, dsp_corr: -2332
2026-09-07 02:29:02.295349 RFHAL_KERNEL_BIN_TRACE_RX_OFF RX OFF -- AntPwr: -116, prev W/NBPM: -93, -116, TF|AltADC|DCI/Q(Q5): 0x001a0c, s: 40165, e: 193768
2026-09-07 02:29:02.298309 RFHAL_KERNEL_BIN_TRACE_RX_ON RX ON -- AntPwr: -115, FreqCtrl: 0x380d5700, OF|AnaGi|AdcAttn|BQ|BWs: 0x07000700, dsp_corr: -2323
2026-09-07 02:29:02.300323 RFHAL_KERNEL_BIN_TRACE_RX_OFF RX OFF -- AntPwr: -112, prev W/NBPM: -93, -112, TF|AltADC|DCI/Q(Q5): 0x001a0c, s: 40181, e: 193784
2026-09-07 02:29:02.303314 RFHAL_KERNEL_BIN_TRACE_RX_ON RX ON -- AntPwr: -115, FreqCtrl: 0x380d5700, OF|AnaGi|AdcAttn|BQ|BWs: 0x07000700, dsp_corr: -2323
2026-09-07 02:29:02.305328 RFHAL_KERNEL_BIN_TRACE_RX_OFF RX OFF -- AntPwr: -113, prev W/NBPM: -92, -113, TF|AltADC|DCI/Q(Q5): 0x001a0c, s: 40132, e: 193735
2026-09-07 02:29:02.308319 RFHAL_KERNEL_BIN_TRACE_RX_ON RX ON -- AntPwr: -115, FreqCtrl: 0x380d5700, OF|AnaGi|AdcAttn|BQ|BWs: 0x07000700, dsp_corr: -2323
2026-09-07 02:29:02.310333 RFHAL_KERNEL_BIN_TRACE_RX_OFF RX OFF -- AntPwr: -114, prev W/NBPM: -93, -114, TF|AltADC|DCI/Q(Q5): 0x001a0c, s: 40177, e: 193780
2026-09-07 02:29:02.313324 RFHAL_KERNEL_BIN_TRACE_RX_ON RX ON -- AntPwr: -115, FreqCtrl: 0x380d5700, OF|AnaGi|AdcAttn|BQ|BWs: 0x07000700, dsp_corr: -2323
2026-09-07 02:29:02.315338 RFHAL_KERNEL_BIN_TRACE_RX_OFF RX OFF -- AntPwr: -114, prev W/NBPM: -93, -114, TF|AltADC|DCI/Q(Q5): 0x001a0c, s: 40166, e: 193769
2026-09-07 02:29:02.318328 RFHAL_KERNEL_BIN_TRACE_RX_ON RX ON -- AntPwr: -115, FreqCtrl: 0x380d5700, OF|AnaGi|AdcAttn|BQ|BWs: 0x07000700, dsp_corr: -2323
2026-09-07 02:29:02.320312 RFHAL_KERNEL_BIN_TRACE_RX_OFF RX OFF -- AntPwr: -114, prev W/NBPM: -93, -114, TF|AltADC|DCI/Q(Q5): 0x001a0c, s: 40179, e: 193782
2026-09-07 02:29:02.323303 RFHAL_KERNEL_BIN_TRACE_RX_ON RX ON -- AntPwr: -115, FreqCtrl: 0x380d5700, OF|AnaGi|AdcAttn|BQ|BWs: 0x07000700, dsp_corr: -2323
2026-09-07 02:29:02.325317 RFHAL_KERNEL_BIN_TRACE_RX_OFF RX OFF -- AntPwr: -114, prev W/NBPM: -93, -114, TF|AltADC|DCI/Q(Q5): 0x001a0c, s: 40137, e: 193740
2026-09-07 02:29:02.328308 RFHAL_KERNEL_BIN_TRACE_RX_ON RX ON -- AntPwr: -115, FreqCtrl: 0x380d5700, OF|AnaGi|AdcAttn|BQ|BWs: 0x07000700, dsp_corr: -2332
2026-09-07 02:29:02.330322 RFHAL_KERNEL_BIN_TRACE_RX_OFF RX OFF -- AntPwr: -115, prev W/NBPM: -93, -115, TF|AltADC|DCI/Q(Q5): 0x001a0c, s: 40178, e: 193781
2026-09-07 02:29:02.333313 RFHAL_KERNEL_BIN_TRACE_RX_ON RX ON -- AntPwr: -115, FreqCtrl: 0x380d5700, OF|AnaGi|AdcAttn|BQ|BWs: 0x07000700, dsp_corr: -2332
2026-09-07 02:29:02.335327 RFHAL_KERNEL_BIN_TRACE_RX_OFF RX OFF -- AntPwr: -113, prev W/NBPM: -93, -113, TF|AltADC|DCI/Q(Q5): 0x001a0c, s: 40175, e: 193778
2026-09-07 02:29:02.338317 RFHAL_KERNEL_BIN_TRACE_RX_ON RX ON -- AntPwr: -115, FreqCtrl: 0x380d5700, OF|AnaGi|AdcAttn|BQ|BWs: 0x07000700, dsp_corr: -2332
2026-09-07 02:29:02.340332 RFHAL_KERNEL_BIN_TRACE_RX_OFF RX OFF -- AntPwr: -112, prev W/NBPM: -92, -112, TF|AltADC|DCI/Q(Q5): 0x001a0c, s: 40179, e: 193782
2026-09-07 02:29:02.343322 RFHAL_KERNEL_BIN_TRACE_RX_ON RX ON -- AntPwr: -115, FreqCtrl: 0x380d5700, OF|AnaGi|AdcAttn|BQ|BWs: 0x07000700, dsp_corr: -2332
2026-09-07 02:29:02.345306 RFHAL_KERNEL_BIN_TRACE_RX_OFF RX OFF -- AntPwr: -113, prev W/NBPM: -93, -113, TF|AltADC|DCI/Q(Q5): 0x001a0c, s: 40139, e: 193742
2026-09-07 02:29:02.348327 RFHAL_KERNEL_BIN_TRACE_RX_ON RX ON -- AntPwr: -115, FreqCtrl: 0x380d5700, OF|AnaGi|AdcAttn|BQ|BWs: 0x07000700, dsp_corr: -2323
2026-09-07 02:29:02.350311 RFHAL_KERNEL_BIN_TRACE_RX_OFF RX OFF -- AntPwr: -113, prev W/NBPM: -93, -113, TF|AltADC|DCI/Q(Q5): 0x001a0c, s: 40180, e: 193783
2026-09-07 02:29:02.353302 RFHAL_KERNEL_BIN_TRACE_RX_ON RX ON -- AntPwr: -116, FreqCtrl: 0x380d5700, OF|AnaGi|AdcAttn|BQ|BWs: 0x07000700, dsp_corr: -2323
2026-09-07 02:29:02.355346 RFHAL_KERNEL_BIN_TRACE_RX_OFF RX OFF -- AntPwr: -112, prev W/NBPM: -93, -112, TF|AltADC|DCI/Q(Q5): 0x001a0c, s: 40172, e: 193775
2026-09-07 02:29:02.358306 RFHAL_KERNEL_BIN_TRACE_RX_ON RX ON -- AntPwr: -116, FreqCtrl: 0x380d5700, OF|AnaGi|AdcAttn|BQ|BWs: 0x07000700, dsp_corr: -2332
2026-09-07 02:29:02.360321 RFHAL_KERNEL_BIN_TRACE_RX_OFF RX OFF -- AntPwr: -115, prev W/NBPM: -93, -115, TF|AltADC|DCI/Q(Q5): 0x001a0c, s: 40180, e: 193783
2026-09-07 02:29:02.363311 RFHAL_KERNEL_BIN_TRACE_RX_ON RX ON -- AntPwr: -116, FreqCtrl: 0x380d5700, OF|AnaGi|AdcAttn|BQ|BWs: 0x07000700, dsp_corr: -2332
2026-09-07 02:29:02.365326 RFHAL_KERNEL_BIN_TRACE_RX_OFF RX OFF -- AntPwr: -114, prev W/NBPM: -93, -114, TF|AltADC|DCI/Q(Q5): 0x001a0c, s: 40131, e: 193734
2026-09-07 02:29:02.368316 RFHAL_KERNEL_BIN_TRACE_RX_ON RX ON -- AntPwr: -116, FreqCtrl: 0x380d5700, OF|AnaGi|AdcAttn|BQ|BWs: 0x07000700, dsp_corr: -2342
2026-09-07 02:29:02.370330 RFHAL_KERNEL_BIN_TRACE_RX_OFF RX OFF -- AntPwr: -115, prev W/NBPM: -93, -115, TF|AltADC|DCI/Q(Q5): 0x001a0c, s: 40176, e: 193779
2026-09-07 02:29:02.373321 RFHAL_KERNEL_BIN_TRACE_RX_ON RX ON -- AntPwr: -115, FreqCtrl: 0x380d5700, OF|AnaGi|AdcAttn|BQ|BWs: 0x07000700, dsp_corr: -2342
2026-09-07 02:29:02.375335 RFHAL_KERNEL_BIN_TRACE_RX_OFF RX OFF -- AntPwr: -114, prev W/NBPM: -93, -114, TF|AltADC|DCI/Q(Q5): 0x001a0c, s: 40172, e: 193775
2026-09-07 02:29:02.378326 RFHAL_KERNEL_BIN_TRACE_RX_ON RX ON -- AntPwr: -115, FreqCtrl: 0x380d5700, OF|AnaGi|AdcAttn|BQ|BWs: 0x07000700, dsp_corr: -2342
2026-09-07 02:29:02.380310 RFHAL_KERNEL_BIN_TRACE_RX_OFF RX OFF -- AntPwr: -114, prev W/NBPM: -93, -114, TF|AltADC|DCI/Q(Q5): 0x001a0c, s: 40179, e: 193782
2026-09-07 02:29:02.383331 RFHAL_KERNEL_BIN_TRACE_RX_ON RX ON -- AntPwr: -115, FreqCtrl: 0x380d5700, OF|AnaGi|AdcAttn|BQ|BWs: 0x07000700, dsp_corr: -2342
2026-09-07 02:29:02.385315 RFHAL_KERNEL_BIN_TRACE_RX_OFF RX OFF -- AntPwr: -116, prev W/NBPM: -93, -116, TF|AltADC|DCI/Q(Q5): 0x001a0c, s: 39705, e: 193308
2026-09-07 02:29:02.770416 UUID eae22c84-2506-423a-883e-91bd9b2ad229
2026-09-07 02:29:02.770446 HWVERSION nRF9151 A1A
2026-09-07 02:29:02.784545 RFHAL_KERNEL_BIN_TRACE_RX_ON RX ON -- AntPwr: -115, FreqCtrl: 0x380d5700, OF|AnaGi|AdcAttn|BQ|BWs: 0x07000700, dsp_corr: -2352
2026-09-07 02:29:02.785339 RFHAL_KERNEL_BIN_TRACE_RX_OFF RX OFF -- AntPwr: -115, prev W/NBPM: -93, -114, TF|AltADC|DCI/Q(Q5): 0x001a0c, s: 96129, e: 157729
2026-09-07 02:29:02.788513 RFHAL_KERNEL_BIN_TRACE_RX_ON RX ON -- AntPwr: -114, FreqCtrl: 0x380d5700, OF|AnaGi|AdcAttn|BQ|BWs: 0x07000700, dsp_corr: -2352
2026-09-07 02:29:02.789367 RFHAL_KERNEL_BIN_TRACE_RX_OFF RX OFF -- AntPwr: -114, prev W/NBPM: -93, -113, TF|AltADC|DCI/Q(Q5): 0x001a0c, s: 54919, e: 119079
2026-09-07 02:29:02.794525 RFHAL_KERNEL_BIN_TRACE_RX_ON RX ON -- AntPwr: -113, FreqCtrl: 0x380d5700, OF|AnaGi|AdcAttn|BQ|BWs: 0x07000700, dsp_corr: -2352
2026-09-07 02:29:02.795349 RFHAL_KERNEL_BIN_TRACE_RX_OFF RX OFF -- AntPwr: -113, prev W/NBPM: -93, -114, TF|AltADC|DCI/Q(Q5): 0x001a0b, s: 55048, e: 119208
2026-09-07 02:29:02.804534 RFHAL_KERNEL_BIN_TRACE_RX_ON RX ON -- AntPwr: -114, FreqCtrl: 0x380d5700, OF|AnaGi|AdcAttn|BQ|BWs: 0x07000700, dsp_corr: -2352
2026-09-07 02:29:02.805358 RFHAL_KERNEL_BIN_TRACE_RX_OFF RX OFF -- AntPwr: -114, prev W/NBPM: -92, -114, TF|AltADC|DCI/Q(Q5): 0x001a0b, s: 55043, e: 119203
2026-09-07 02:29:02.808532 RFHAL_KERNEL_BIN_TRACE_RX_ON RX ON -- AntPwr: -114, FreqCtrl: 0x380d5700, OF|AnaGi|AdcAttn|BQ|BWs: 0x07000700, dsp_corr: -2352
2026-09-07 02:29:02.809356 RFHAL_KERNEL_BIN_TRACE_RX_OFF RX OFF -- AntPwr: -114, prev W/NBPM: -93, -113, TF|AltADC|DCI/Q(Q5): 0x001a0b, s: 55830, e: 119990
2026-09-07 02:29:02.814514 RFHAL_KERNEL_BIN_TRACE_RX_ON RX ON -- AntPwr: -113, FreqCtrl: 0x380d5700, OF|AnaGi|AdcAttn|BQ|BWs: 0x07000700, dsp_corr: -2352
2026-09-07 02:29:02.815368 RFHAL_KERNEL_BIN_TRACE_RX_OFF RX OFF -- AntPwr: -113, prev W/NBPM: -93, -115, TF|AltADC|DCI/Q(Q5): 0x001a0b, s: 55053, e: 119213
2026-09-07 02:29:02.824524 RFHAL_KERNEL_BIN_TRACE_RX_ON RX ON -- AntPwr: -115, FreqCtrl: 0x380d5700, OF|AnaGi|AdcAttn|BQ|BWs: 0x07000700, dsp_corr: -2352
2026-09-07 02:29:02.825347 RFHAL_KERNEL_BIN_TRACE_RX_OFF RX OFF -- AntPwr: -115, prev W/NBPM: -92, -113, TF|AltADC|DCI/Q(Q5): 0x001a0b, s: 55043, e: 119203
2026-09-07 02:29:02.879333 RFHAL_KERNEL_BIN_TRACE_RX_ON RX ON -- AntPwr: -113, FreqCtrl: 0x380d5700, OF|AnaGi|AdcAttn|BQ|BWs: 0x07000700, dsp_corr: -2513
2026-09-07 02:29:02.880340 RFHAL_KERNEL_BIN_TRACE_RX_OFF RX OFF -- AntPwr: -113, prev W/NBPM: -93, -114, TF|AltADC|DCI/Q(Q5): 0x001a0b, s: 39006, e: 115809
2026-09-07 02:29:02.883331 RFHAL_KERNEL_BIN_TRACE_RX_ON RX ON -- AntPwr: -113, FreqCtrl: 0x380d5700, OF|AnaGi|AdcAttn|BQ|BWs: 0x07000700, dsp_corr: -2513
2026-09-07 02:29:02.885345 RFHAL_KERNEL_BIN_TRACE_RX_OFF RX OFF -- AntPwr: -114, prev W/NBPM: -93, -114, TF|AltADC|DCI/Q(Q5): 0x001a0b, s: 40132, e: 193735
2026-09-07 02:29:02.888336 RFHAL_KERNEL_BIN_TRACE_RX_ON RX ON -- AntPwr: -113, FreqCtrl: 0x380d5700, OF|AnaGi|AdcAttn|BQ|BWs: 0x07000700, dsp_corr: -2523
2026-09-07 02:29:02.890350 RFHAL_KERNEL_BIN_TRACE_RX_OFF RX OFF -- AntPwr: -113, prev W/NBPM: -93, -113, TF|AltADC|DCI/Q(Q5): 0x001a0b, s: 40177, e: 193780
2026-09-07 02:29:02.893341 RFHAL_KERNEL_BIN_TRACE_RX_ON RX ON -- AntPwr: -114, FreqCtrl: 0x380d5700, OF|AnaGi|AdcAttn|BQ|BWs: 0x07000700, dsp_corr: -2523
2026-09-07 02:29:02.895355 RFHAL_KERNEL_BIN_TRACE_RX_OFF RX OFF -- AntPwr: -114, prev W/NBPM: -93, -114, TF|AltADC|DCI/Q(Q5): 0x001a0b, s: 40161, e: 193764
2026-09-07 02:29:02.898346 RFHAL_KERNEL_BIN_TRACE_RX_ON RX ON -- AntPwr: -114, FreqCtrl: 0x380d5700, OF|AnaGi|AdcAttn|BQ|BWs: 0x07000700, dsp_corr: -2533
2026-09-07 02:29:02.900329 RFHAL_KERNEL_BIN_TRACE_RX_OFF RX OFF -- AntPwr: -113, prev W/NBPM: -93, -113, TF|AltADC|DCI/Q(Q5): 0x001a0b, s: 40180, e: 193783
2026-09-07 02:29:02.903350 RFHAL_KERNEL_BIN_TRACE_RX_ON RX ON -- AntPwr: -115, FreqCtrl: 0x380d5700, OF|AnaGi|AdcAttn|BQ|BWs: 0x07000700, dsp_corr: -2533
2026-09-07 02:29:02.905334 RFHAL_KERNEL_BIN_TRACE_RX_OFF RX OFF -- AntPwr: -114, prev W/NBPM: -93, -114, TF|AltADC|DCI/Q(Q5): 0x001a0b, s: 40133, e: 193736
2026-09-07 02:29:02.907287 APDU_TRANSPORT_DONE_INFO [80f2000c]
2026-09-07 02:29:02.908325 APDU_TRANSPORT_DONE_INFO [9000]
2026-09-07 02:29:02.908325 RFHAL_KERNEL_BIN_TRACE_RX_ON RX ON -- AntPwr: -115, FreqCtrl: 0x380d5700, OF|AnaGi|AdcAttn|BQ|BWs: 0x07000700, dsp_corr: -2523
2026-09-07 02:29:02.910339 RFHAL_KERNEL_BIN_TRACE_RX_OFF RX OFF -- AntPwr: -114, prev W/NBPM: -93, -114, TF|AltADC|DCI/Q(Q5): 0x001a0b, s: 40052, e: 193655
2026-09-07 02:29:02.913330 RFHAL_KERNEL_BIN_TRACE_RX_ON RX ON -- AntPwr: -115, FreqCtrl: 0x380d5700, OF|AnaGi|AdcAttn|BQ|BWs: 0x07000700, dsp_corr: -2523
2026-09-07 02:29:02.915344 RFHAL_KERNEL_BIN_TRACE_RX_OFF RX OFF -- AntPwr: -114, prev W/NBPM: -92, -114, TF|AltADC|DCI/Q(Q5): 0x001a0b, s: 40172, e: 193775
2026-09-07 02:29:02.918335 RFHAL_KERNEL_BIN_TRACE_RX_ON RX ON -- AntPwr: -115, FreqCtrl: 0x380d5700, OF|AnaGi|AdcAttn|BQ|BWs: 0x07000700, dsp_corr: -2533
2026-09-07 02:29:02.920349 RFHAL_KERNEL_BIN_TRACE_RX_OFF RX OFF -- AntPwr: -112, prev W/NBPM: -93, -112, TF|AltADC|DCI/Q(Q5): 0x001a0b, s: 40180, e: 193783
2026-09-07 02:29:02.923339 RFHAL_KERNEL_BIN_TRACE_RX_ON RX ON -- AntPwr: -115, FreqCtrl: 0x380d5700, OF|AnaGi|AdcAttn|BQ|BWs: 0x07000700, dsp_corr: -2533
2026-09-07 02:29:02.925354 RFHAL_KERNEL_BIN_TRACE_RX_OFF RX OFF -- AntPwr: -113, prev W/NBPM: -92, -113, TF|AltADC|DCI/Q(Q5): 0x001a0b, s: 40131, e: 193734
2026-09-07 02:29:02.928344 RFHAL_KERNEL_BIN_TRACE_RX_ON RX ON -- AntPwr: -115, FreqCtrl: 0x380d5700, OF|AnaGi|AdcAttn|BQ|BWs: 0x07000700, dsp_corr: -2533
2026-09-07 02:29:02.930328 RFHAL_KERNEL_BIN_TRACE_RX_OFF RX OFF -- AntPwr: -115, prev W/NBPM: -93, -115, TF|AltADC|DCI/Q(Q5): 0x001a0b, s: 40178, e: 193781
2026-09-07 02:29:02.933349 RFHAL_KERNEL_BIN_TRACE_RX_ON RX ON -- AntPwr: -115, FreqCtrl: 0x380d5700, OF|AnaGi|AdcAttn|BQ|BWs: 0x07000700, dsp_corr: -2533
2026-09-07 02:29:02.935363 RFHAL_KERNEL_BIN_TRACE_RX_OFF RX OFF -- AntPwr: -114, prev W/NBPM: -93, -114, TF|AltADC|DCI/Q(Q5): 0x001a0b, s: 40168, e: 193771
2026-09-07 02:29:02.938324 RFHAL_KERNEL_BIN_TRACE_RX_ON RX ON -- AntPwr: -115, FreqCtrl: 0x380d5700, OF|AnaGi|AdcAttn|BQ|BWs: 0x07000700, dsp_corr: -2542
2026-09-07 02:29:02.940338 RFHAL_KERNEL_BIN_TRACE_RX_OFF RX OFF -- AntPwr: -114, prev W/NBPM: -93, -114, TF|AltADC|DCI/Q(Q5): 0x001a0b, s: 40182, e: 193785
2026-09-07 02:29:02.943328 RFHAL_KERNEL_BIN_TRACE_RX_ON RX ON -- AntPwr: -115, FreqCtrl: 0x380d5700, OF|AnaGi|AdcAttn|BQ|BWs: 0x07000700, dsp_corr: -2542
2026-09-07 02:29:02.945343 RFHAL_KERNEL_BIN_TRACE_RX_OFF RX OFF -- AntPwr: -114, prev W/NBPM: -93, -114, TF|AltADC|DCI/Q(Q5): 0x001a0b, s: 40131, e: 193734
2026-09-07 02:29:02.948333 RFHAL_KERNEL_BIN_TRACE_RX_ON RX ON -- AntPwr: -115, FreqCtrl: 0x380d5700, OF|AnaGi|AdcAttn|BQ|BWs: 0x07000700, dsp_corr: -2552
2026-09-07 02:29:02.950347 RFHAL_KERNEL_BIN_TRACE_RX_OFF RX OFF -- AntPwr: -115, prev W/NBPM: -93, -115, TF|AltADC|DCI/Q(Q5): 0x001a0b, s: 40178, e: 193781
2026-09-07 02:29:02.953338 RFHAL_KERNEL_BIN_TRACE_RX_ON RX ON -- AntPwr: -115, FreqCtrl: 0x380d5700, OF|AnaGi|AdcAttn|BQ|BWs: 0x07000700, dsp_corr: -2552
2026-09-07 02:29:02.955352 RFHAL_KERNEL_BIN_TRACE_RX_OFF RX OFF -- AntPwr: -114, prev W/NBPM: -92, -114, TF|AltADC|DCI/Q(Q5): 0x001a0b, s: 40162, e: 193765
2026-09-07 02:29:02.958343 RFHAL_KERNEL_BIN_TRACE_RX_ON RX ON -- AntPwr: -115, FreqCtrl: 0x380d5700, OF|AnaGi|AdcAttn|BQ|BWs: 0x07000700, dsp_corr: -2562
2026-09-07 02:29:02.960327 RFHAL_KERNEL_BIN_TRACE_RX_OFF RX OFF -- AntPwr: -114, prev W/NBPM: -93, -114, TF|AltADC|DCI/Q(Q5): 0x001a0b, s: 40182, e: 193785
2026-09-07 02:29:02.963348 RFHAL_KERNEL_BIN_TRACE_RX_ON RX ON -- AntPwr: -115, FreqCtrl: 0x380d5700, OF|AnaGi|AdcAttn|BQ|BWs: 0x07000700, dsp_corr: -2562
2026-09-07 02:29:02.965332 RFHAL_KERNEL_BIN_TRACE_RX_OFF RX OFF -- AntPwr: -113, prev W/NBPM: -93, -113, TF|AltADC|DCI/Q(Q5): 0x001a0c, s: 40132, e: 193735
2026-09-07 02:29:02.968322 RFHAL_KERNEL_BIN_TRACE_RX_ON RX ON -- AntPwr: -115, FreqCtrl: 0x380d5700, OF|AnaGi|AdcAttn|BQ|BWs: 0x07000700, dsp_corr: -2572
2026-09-07 02:29:02.970336 RFHAL_KERNEL_BIN_TRACE_RX_OFF RX OFF -- AntPwr: -113, prev W/NBPM: -93, -113, TF|AltADC|DCI/Q(Q5): 0x001a0c, s: 40178, e: 193781
2026-09-07 02:29:02.973327 RFHAL_KERNEL_BIN_TRACE_RX_ON RX ON -- AntPwr: -115, FreqCtrl: 0x380d5700, OF|AnaGi|AdcAttn|BQ|BWs: 0x07000700, dsp_corr: -2572
2026-09-07 02:29:02.975372 RFHAL_KERNEL_BIN_TRACE_RX_OFF RX OFF -- AntPwr: -114, prev W/NBPM: -93, -114, TF|AltADC|DCI/Q(Q5): 0x001a0b, s: 40165, e: 193768
2026-09-07 02:29:02.978332 RFHAL_KERNEL_BIN_TRACE_RX_ON RX ON -- AntPwr: -115, FreqCtrl: 0x380d5700, OF|AnaGi|AdcAttn|BQ|BWs: 0x07000700, dsp_corr: -2572
2026-09-07 02:29:02.980346 RFHAL_KERNEL_BIN_TRACE_RX_OFF RX OFF -- AntPwr: -114, prev W/NBPM: -92, -114, TF|AltADC|DCI/Q(Q5): 0x001a0c, s: 40178, e: 193781
2026-09-07 02:29:02.983337 RFHAL_KERNEL_BIN_TRACE_RX_ON RX ON -- AntPwr: -115, FreqCtrl: 0x380d5700, OF|AnaGi|AdcAttn|BQ|BWs: 0x07000700, dsp_corr: -2572
2026-09-07 02:29:02.985351 RFHAL_KERNEL_BIN_TRACE_RX_OFF RX OFF -- AntPwr: -114, prev W/NBPM: -93, -114, TF|AltADC|DCI/Q(Q5): 0x001a0c, s: 40134, e: 193737
2026-09-07 02:29:02.988342 RFHAL_KERNEL_BIN_TRACE_RX_ON RX ON -- AntPwr: -115, FreqCtrl: 0x380d5700, OF|AnaGi|AdcAttn|BQ|BWs: 0x07000700, dsp_corr: -2582
2026-09-07 02:29:02.990356 RFHAL_KERNEL_BIN_TRACE_RX_OFF RX OFF -- AntPwr: -114, prev W/NBPM: -93, -114, TF|AltADC|DCI/Q(Q5): 0x001a0b, s: 40183, e: 193786
2026-09-07 02:29:02.993347 RFHAL_KERNEL_BIN_TRACE_RX_ON RX ON -- AntPwr: -116, FreqCtrl: 0x380d5700, OF|AnaGi|AdcAttn|BQ|BWs: 0x07000700, dsp_corr: -2582
2026-09-07 02:29:02.995361 RFHAL_KERNEL_BIN_TRACE_RX_OFF RX OFF -- AntPwr: -113, prev W/NBPM: -93, -113, TF|AltADC|DCI/Q(Q5): 0x001a0b, s: 40168, e: 193771
2026-09-07 02:29:02.998352 RFHAL_KERNEL_BIN_TRACE_RX_ON RX ON -- AntPwr: -116, FreqCtrl: 0x380d5700, OF|AnaGi|AdcAttn|BQ|BWs: 0x07000700, dsp_corr: -2592
2026-09-07 02:29:03.000335 RFHAL_KERNEL_BIN_TRACE_RX_OFF RX OFF -- AntPwr: -114, prev W/NBPM: -93, -114, TF|AltADC|DCI/Q(Q5): 0x001a0b, s: 40183, e: 193786
2026-09-07 02:29:03.003326 RFHAL_KERNEL_BIN_TRACE_RX_ON RX ON -- AntPwr: -116, FreqCtrl: 0x380d5700, OF|AnaGi|AdcAttn|BQ|BWs: 0x07000700, dsp_corr: -2592
2026-09-07 02:29:03.005340 RFHAL_KERNEL_BIN_TRACE_RX_OFF RX OFF -- AntPwr: -115, prev W/NBPM: -93, -115, TF|AltADC|DCI/Q(Q5): 0x001a0c, s: 40133, e: 193736
2026-09-07 02:29:03.008331 RFHAL_KERNEL_BIN_TRACE_RX_ON RX ON -- AntPwr: -116, FreqCtrl: 0x380d5700, OF|AnaGi|AdcAttn|BQ|BWs: 0x07000700, dsp_corr: -2582
2026-09-07 02:29:03.010345 RFHAL_KERNEL_BIN_TRACE_RX_OFF RX OFF -- AntPwr: -116, prev W/NBPM: -93, -116, TF|AltADC|DCI/Q(Q5): 0x001a0b, s: 40179, e: 193782
2026-09-07 02:29:03.013336 RFHAL_KERNEL_BIN_TRACE_RX_ON RX ON -- AntPwr: -116, FreqCtrl: 0x380d5700, OF|AnaGi|AdcAttn|BQ|BWs: 0x07000700, dsp_corr: -2582
2026-09-07 02:29:03.015350 RFHAL_KERNEL_BIN_TRACE_RX_OFF RX OFF -- AntPwr: -114, prev W/NBPM: -93, -114, TF|AltADC|DCI/Q(Q5): 0x001a0b, s: 40165, e: 193768
2026-09-07 02:29:03.018341 RFHAL_KERNEL_BIN_TRACE_RX_ON RX ON -- AntPwr: -116, FreqCtrl: 0x380d5700, OF|AnaGi|AdcAttn|BQ|BWs: 0x07000700, dsp_corr: -2572
2026-09-07 02:29:03.020355 RFHAL_KERNEL_BIN_TRACE_RX_OFF RX OFF -- AntPwr: -113, prev W/NBPM: -93, -113, TF|AltADC|DCI/Q(Q5): 0x001a0b, s: 40181, e: 193784
2026-09-07 02:29:03.023346 RFHAL_KERNEL_BIN_TRACE_RX_ON RX ON -- AntPwr: -116, FreqCtrl: 0x380d5700, OF|AnaGi|AdcAttn|BQ|BWs: 0x07000700, dsp_corr: -2572
2026-09-07 02:29:03.025329 RFHAL_KERNEL_BIN_TRACE_RX_OFF RX OFF -- AntPwr: -117, prev W/NBPM: -93, -117, TF|AltADC|DCI/Q(Q5): 0x001a0b, s: 39694, e: 193297
2026-09-07 02:29:03.026092 ERRC_PDU_TYPE_BCCH_SIB1_NB ERRC PDU: SystemInformationBlockType1-NB
2026-09-07 02:29:03.026092 ERRC_PEER_MSG_NB_SIB1 System Information Block 1 (SIB1-NB) [405910c80a5e00020000002000ff4008a0040030482ad2143640000000000000000000000000000000]
2026-09-07 02:29:03.026916 ERRC_PDU_TYPE_BCCH_SI_NB ERRC PDU: SystemInformation-NB
2026-09-07 02:29:03.026916 ERRC_PEER_MSG_NB_SI System Information (SI-NB) [004240217fffe0074a0da00201929020a23302a2934b14c0000dc85040710001803c22005006000000018200e400000000000000000000]
2026-09-07 02:29:03.264556 RFHAL_KERNEL_BIN_TRACE_RX_ON RX ON -- AntPwr: -116, FreqCtrl: 0x380d5700, OF|AnaGi|AdcAttn|BQ|BWs: 0x07000700, dsp_corr: -2562
2026-09-07 02:29:03.265350 RFHAL_KERNEL_BIN_TRACE_RX_OFF RX OFF -- AntPwr: -116, prev W/NBPM: -93, -113, TF|AltADC|DCI/Q(Q5): 0x001a0b, s: 94780, e: 156380
2026-09-07 02:29:03.268524 RFHAL_KERNEL_BIN_TRACE_RX_ON RX ON -- AntPwr: -113, FreqCtrl: 0x380d5700, OF|AnaGi|AdcAttn|BQ|BWs: 0x07000700, dsp_corr: -2562
2026-09-07 02:29:03.269378 RFHAL_KERNEL_BIN_TRACE_RX_OFF RX OFF -- AntPwr: -113, prev W/NBPM: -93, -113, TF|AltADC|DCI/Q(Q5): 0x001a0b, s: 54517, e: 118677
2026-09-07 02:29:03.274536 RFHAL_KERNEL_BIN_TRACE_RX_ON RX ON -- AntPwr: -113, FreqCtrl: 0x380d5700, OF|AnaGi|AdcAttn|BQ|BWs: 0x07000700, dsp_corr: -2562
2026-09-07 02:29:03.275390 RFHAL_KERNEL_BIN_TRACE_RX_OFF RX OFF -- AntPwr: -113, prev W/NBPM: -93, -114, TF|AltADC|DCI/Q(Q5): 0x001a0b, s: 54649, e: 118809
2026-09-07 02:29:03.284545 RFHAL_KERNEL_BIN_TRACE_RX_ON RX ON -- AntPwr: -114, FreqCtrl: 0x380d5700, OF|AnaGi|AdcAttn|BQ|BWs: 0x07000700, dsp_corr: -2562
2026-09-07 02:29:03.285369 RFHAL_KERNEL_BIN_TRACE_RX_OFF RX OFF -- AntPwr: -114, prev W/NBPM: -92, -113, TF|AltADC|DCI/Q(Q5): 0x001a0b, s: 54643, e: 118803
2026-09-07 02:29:03.288543 RFHAL_KERNEL_BIN_TRACE_RX_ON RX ON -- AntPwr: -113, FreqCtrl: 0x380d5700, OF|AnaGi|AdcAttn|BQ|BWs: 0x07000700, dsp_corr: -2562
2026-09-07 02:29:03.289367 RFHAL_KERNEL_BIN_TRACE_RX_OFF RX OFF -- AntPwr: -113, prev W/NBPM: -93, -115, TF|AltADC|DCI/Q(Q5): 0x001a0b, s: 55426, e: 119586
2026-09-07 02:29:03.294525 RFHAL_KERNEL_BIN_TRACE_RX_ON RX ON -- AntPwr: -115, FreqCtrl: 0x380d5700, OF|AnaGi|AdcAttn|BQ|BWs: 0x07000700, dsp_corr: -2562
2026-09-07 02:29:03.295379 RFHAL_KERNEL_BIN_TRACE_RX_OFF RX OFF -- AntPwr: -115, prev W/NBPM: -92, -112, TF|AltADC|DCI/Q(Q5): 0x001a0b, s: 54651, e: 118811
2026-09-07 02:29:03.304534 RFHAL_KERNEL_BIN_TRACE_RX_ON RX ON -- AntPwr: -112, FreqCtrl: 0x380d5700, OF|AnaGi|AdcAttn|BQ|BWs: 0x07000700, dsp_corr: -2562
2026-09-07 02:29:03.305389 RFHAL_KERNEL_BIN_TRACE_RX_OFF RX OFF -- AntPwr: -112, prev W/NBPM: -92, -113, TF|AltADC|DCI/Q(Q5): 0x001a0b, s: 54644, e: 118804
2026-09-07 02:29:03.350341 RFHAL_KERNEL_BIN_TRACE_RX_ON RX ON -- AntPwr: -113, FreqCtrl: 0x380d5700, OF|AnaGi|AdcAttn|BQ|BWs: 0x07000700, dsp_corr: -2616
2026-09-07 02:29:03.372345 RFHAL_KERNEL_BIN_TRACE_RX_OFF RX OFF -- AntPwr: -116, prev W/NBPM: -92, -114, TF|AltADC|DCI/Q(Q5): 0x001a0b, s: 38724, e: 1728327
2026-09-07 02:29:03.390350 RFHAL_KERNEL_BIN_TRACE_RX_ON RX ON -- AntPwr: -116, FreqCtrl: 0x380d5700, OF|AnaGi|AdcAttn|BQ|BWs: 0x07000700, dsp_corr: -2646
2026-09-07 02:29:03.412353 RFHAL_KERNEL_BIN_TRACE_RX_OFF RX OFF -- AntPwr: -116, prev W/NBPM: -93, -114, TF|AltADC|DCI/Q(Q5): 0x001a0b, s: 38675, e: 1728278
2026-09-07 02:29:03.412841 ERRC_PDU_TYPE_BCCH_SI_NB ERRC PDU: SystemInformation-NB
2026-09-07 02:29:03.412841 ERRC_PEER_MSG_NB_SI System Information (SI-NB) [002145c08a50cddc662d175d4d6a37f53fa37a608800000140a0000000000000000000000000000000]
2026-09-07 02:29:03.415222 L1_DEFAULT_INFO_PAGING_DRX earfcn 229232 pci: 22 ue_id: 47 paging_cycle: 128 drx_sys_frame_num_offset: 47 drx_sub_frame_num_offset: 0 drx_nb: 0
2026-09-07 02:29:03.415313 L1_DEFAULT_INFO_SERVING_CELL_MEASUREMENTS earfcn: 229232, pci: 22, rsrp: -133, rsrq: -17, SNR: -4
2026-09-07 02:29:03.416076 L23_ERRC_3GPP_TIMER_START 11 START, timeout 1000 ms
2026-09-07 02:29:03.416107 L23_DEFAULT_INFO_SCELL_ID plmn_id: 90197, band_indicator: 256, tracking_area_code: 1, cell_id: 1
2026-09-07 02:29:03.416107 L23_ERRC_3GPP_TIMER_START 12 START, timeout 86400000 ms
2026-09-07 02:29:03.416259 L23_DEFAULT_INFO_RRCSTATECHANGEEVENT RRC State: 2
2026-09-07 02:29:03.417907 L23_DEFAULT_INFO_EMM_STATE_VALUE emm_state: 3, emm_substate: 0
2026-09-07 02:29:03.418609 NAS_PDU_ATTACH_REQUEST_W_PDN_CONNECTIVITY_REQUEST ATTACH REQUEST(PDN CONNECTIVITY REQUEST) [07417108991034005008153009f0f000000084080008002d0202d0317b00268080211001010010810600000000830600000000000d00000300000a00001000001600001900f5c1]
2026-09-07 02:29:03.419281 L23_AT_STRING <= +CEREG: 2,"0001","00000001",14\r\n
2026-09-07 02:29:03.423980 RFHAL_KERNEL_BIN_TRACE_RX_ON RX ON -- AntPwr: -103, FreqCtrl: 0x380d5700, OF|AnaGi|AdcAttn|BQ|BWs: 0x07000700, dsp_corr: -2655
2026-09-07 02:29:03.435546 APDU_TRANSPORT_DONE_INFO [00a408040000047fff6fe40168]
2026-09-07 02:29:03.435577 APDU_RECEIVED_R_APDU_DATA [621a8205422100360183026fe48a01058b036f0605800200368801c09000]
2026-09-07 02:29:03.437011 L1_DEFAULT_INFO_SERVING_CELL_MEASUREMENTS earfcn: 229232, pci: 22, rsrp: -133, rsrq: -17, SNR: -4
2026-09-07 02:29:03.444976 RFHAL_KERNEL_BIN_TRACE_RX_OFF RX OFF -- AntPwr: -112, prev W/NBPM: -92, -113, TF|AltADC|DCI/Q(Q5): 0x001a0b, s: 562983, e: 2175783
2026-09-07 02:29:03.447235 L23_DEFAULT_INFO_RRCSTATECHANGEEVENT RRC State: 3
2026-09-07 02:29:03.447296 L23_ERRC_3GPP_TIMER_START 0 START, timeout 2500 ms
2026-09-07 02:29:03.448364 RFHAL_KERNEL_BIN_TRACE_RX_ON RX ON -- AntPwr: -116, FreqCtrl: 0x380d5700, OF|AnaGi|AdcAttn|BQ|BWs: 0x07000700, dsp_corr: -2665
2026-09-07 02:29:03.456085 APDU_TRANSPORT_DONE_INFO [00dc010436a034800107812046c76eab42632603451de8f27110c65ae9adf5774ea4f99e40dafb4aeb3eeeeb820400000004830400000002840102]
2026-09-07 02:29:03.487457 APDU_TRANSPORT_DONE_INFO [9000]
2026-09-07 02:29:03.487457 L1_DEFAULT_INFO_SERVING_CELL_MEASUREMENTS earfcn: 229232, pci: 22, rsrp: -132, rsrq: -17, SNR: -4
2026-09-07 02:29:03.488372 RFHAL_KERNEL_BIN_TRACE_RX_OFF RX OFF -- AntPwr: -116, prev W/NBPM: -93, -114, TF|AltADC|DCI/Q(Q5): 0x001b0b, s: 39864, e: 3111867
2026-09-07 02:29:04.442993 L1_DEFAULT_INFO_SERVING_CELL_MEASUREMENTS earfcn: 229232, pci: 22, rsrp: -132, rsrq: -17, SNR: -4
2026-09-07 02:29:04.444610 RFHAL_KERNEL_BIN_TRACE_RX_ON RX ON -- AntPwr: -116, FreqCtrl: 0x380d5700, OF|AnaGi|AdcAttn|BQ|BWs: 0x07000700, dsp_corr: -2967
2026-09-07 02:29:04.445404 RFHAL_KERNEL_BIN_TRACE_RX_OFF RX OFF -- AntPwr: -116, prev W/NBPM: -93, -113, TF|AltADC|DCI/Q(Q5): 0x001b0b, s: 86042, e: 147642
2026-09-07 02:29:04.448577 RFHAL_KERNEL_BIN_TRACE_RX_ON RX ON -- AntPwr: -113, FreqCtrl: 0x380d5700, OF|AnaGi|AdcAttn|BQ|BWs: 0x07000700, dsp_corr: -2968
2026-09-07 02:29:04.449432 RFHAL_KERNEL_BIN_TRACE_RX_OFF RX OFF -- AntPwr: -113, prev W/NBPM: -93, -113, TF|AltADC|DCI/Q(Q5): 0x001a0b, s: 54928, e: 119088
2026-09-07 02:29:04.454589 RFHAL_KERNEL_BIN_TRACE_RX_ON RX ON -- AntPwr: -113, FreqCtrl: 0x380d5700, OF|AnaGi|AdcAttn|BQ|BWs: 0x07000700, dsp_corr: -2970
2026-09-07 02:29:04.455413 RFHAL_KERNEL_BIN_TRACE_RX_OFF RX OFF -- AntPwr: -113, prev W/NBPM: -93, -113, TF|AltADC|DCI/Q(Q5): 0x001a0b, s: 54829, e: 118989
2026-09-07 02:29:04.464569 RFHAL_KERNEL_BIN_TRACE_RX_ON RX ON -- AntPwr: -113, FreqCtrl: 0x380d5700, OF|AnaGi|AdcAttn|BQ|BWs: 0x07000700, dsp_corr: -2973
2026-09-07 02:29:04.465423 RFHAL_KERNEL_BIN_TRACE_RX_OFF RX OFF -- AntPwr: -113, prev W/NBPM: -93, -112, TF|AltADC|DCI/Q(Q5): 0x001a0b, s: 54825, e: 118985
2026-09-07 02:29:04.468597 RFHAL_KERNEL_BIN_TRACE_RX_ON RX ON -- AntPwr: -112, FreqCtrl: 0x380d5700, OF|AnaGi|AdcAttn|BQ|BWs: 0x07000700, dsp_corr: -2974
2026-09-07 02:29:04.469421 RFHAL_KERNEL_BIN_TRACE_RX_OFF RX OFF -- AntPwr: -112, prev W/NBPM: -93, -113, TF|AltADC|DCI/Q(Q5): 0x001a0b, s: 55850, e: 120010
2026-09-07 02:29:04.474578 RFHAL_KERNEL_BIN_TRACE_RX_ON RX ON -- AntPwr: -113, FreqCtrl: 0x380d5700, OF|AnaGi|AdcAttn|BQ|BWs: 0x07000700, dsp_corr: -2975
2026-09-07 02:29:04.475433 RFHAL_KERNEL_BIN_TRACE_RX_OFF RX OFF -- AntPwr: -113, prev W/NBPM: -93, -112, TF|AltADC|DCI/Q(Q5): 0x001a0b, s: 54829, e: 118989
2026-09-07 02:29:04.484588 RFHAL_KERNEL_BIN_TRACE_RX_ON RX ON -- AntPwr: -112, FreqCtrl: 0x380d5700, OF|AnaGi|AdcAttn|BQ|BWs: 0x07000700, dsp_corr: -2978
2026-09-07 02:29:04.485412 RFHAL_KERNEL_BIN_TRACE_RX_OFF RX OFF -- AntPwr: -112, prev W/NBPM: -93, -113, TF|AltADC|DCI/Q(Q5): 0x001a0b, s: 54818, e: 118978
2026-09-07 02:29:04.539062 RFHAL_KERNEL_BIN_TRACE_TX_ON TX ON: gen: 0xf4bf0ae7, cmn: 0x144df4, norm: 0x24064, 0xb84e00, 0x4027, mrx: 0x68825d, dsp_corr: 3220
2026-09-07 02:29:04.628387 RFHAL_KERNEL_BIN_TRACE_TX_OFF TX OFF: gen: 0x42, s: 46368, e: 6927648
2026-09-07 02:29:04.630401 RFHAL_KERNEL_BIN_TRACE_RX_ON RX ON -- AntPwr: -113, FreqCtrl: 0x380d5700, OF|AnaGi|AdcAttn|BQ|BWs: 0x07000700, dsp_corr: -3012
2026-09-07 02:29:04.796417 RFHAL_KERNEL_BIN_TRACE_RX_OFF RX OFF -- AntPwr: -115, prev W/NBPM: -93, -114, TF|AltADC|DCI/Q(Q5): 0x001b0b, s: 40413, e: 12789216
2026-09-07 02:29:04.802398 RFHAL_KERNEL_BIN_TRACE_RX_ON RX ON -- AntPwr: -115, FreqCtrl: 0x380d5700, OF|AnaGi|AdcAttn|BQ|BWs: 0x07000700, dsp_corr: -3071
2026-09-07 02:29:04.860412 RFHAL_KERNEL_BIN_TRACE_RX_OFF RX OFF -- AntPwr: -117, prev W/NBPM: -93, -116, TF|AltADC|DCI/Q(Q5): 0x001a0c, s: 39728, e: 4494131
2026-09-07 02:29:04.862396 RFHAL_KERNEL_BIN_TRACE_RX_ON RX ON -- AntPwr: -116, FreqCtrl: 0x380d5700, OF|AnaGi|AdcAttn|BQ|BWs: 0x07000700, dsp_corr: -3088
2026-09-07 02:29:04.962555 L1_DEFAULT_INFO_SERVING_CELL_MEASUREMENTS earfcn: 229232, pci: 22, rsrp: -132, rsrq: -17, SNR: -4
2026-09-07 02:29:05.034423 RFHAL_KERNEL_BIN_TRACE_RX_OFF RX OFF -- AntPwr: -116, prev W/NBPM: -92, -117, TF|AltADC|DCI/Q(Q5): 0x001a0b, s: 40465, e: 13250068
2026-09-07 02:29:05.045410 RFHAL_KERNEL_BIN_TRACE_RX_ON RX ON -- AntPwr: -116, FreqCtrl: 0x380d5700, OF|AnaGi|AdcAttn|BQ|BWs: 0x07000700, dsp_corr: -3139
2026-09-07 02:29:05.098419 RFHAL_KERNEL_BIN_TRACE_RX_OFF RX OFF -- AntPwr: -116, prev W/NBPM: -93, -114, TF|AltADC|DCI/Q(Q5): 0x001a0b, s: 38627, e: 4109030
2026-09-07 02:29:05.121429 RFHAL_KERNEL_BIN_TRACE_RX_ON RX ON -- AntPwr: -116, FreqCtrl: 0x380d5700, OF|AnaGi|AdcAttn|BQ|BWs: 0x07000700, dsp_corr: -3161
2026-09-07 02:29:05.180420 RFHAL_KERNEL_BIN_TRACE_RX_OFF RX OFF -- AntPwr: -116, prev W/NBPM: -93, -114, TF|AltADC|DCI/Q(Q5): 0x001a0c, s: 38620, e: 4569823
2026-09-07 02:29:05.182403 RFHAL_KERNEL_BIN_TRACE_RX_ON RX ON -- AntPwr: -116, FreqCtrl: 0x380d5700, OF|AnaGi|AdcAttn|BQ|BWs: 0x07000700, dsp_corr: -3178
2026-09-07 02:29:05.278564 L1_DEFAULT_INFO_PRACH_REPORT ce_level: 2, ce_mode: 0
2026-09-07 02:29:05.279419 RFHAL_KERNEL_BIN_TRACE_RX_OFF RX OFF -- AntPwr: -116, prev W/NBPM: -93, -114, TF|AltADC|DCI/Q(Q5): 0x001a0c, s: 40471, e: 7490074
2026-09-07 02:29:05.288543 RFHAL_KERNEL_BIN_TRACE_RX_ON RX ON -- AntPwr: -104, FreqCtrl: 0x380d5700, OF|AnaGi|AdcAttn|BQ|BWs: 0x07000700, dsp_corr: -3215
2026-09-07 02:29:05.309539 RFHAL_KERNEL_BIN_TRACE_RX_OFF RX OFF -- AntPwr: -112, prev W/NBPM: -92, -113, TF|AltADC|DCI/Q(Q5): 0x001a0b, s: 591765, e: 2204565
2026-09-07 02:29:05.311615 L1_DEFAULT_INFO_NEIGHBOR_CELL_MEASUREMENTS earfcn: 229232, pci: 22, rsrp: -129, rsrq: -13
2026-09-07 02:29:05.724639 RFHAL_KERNEL_BIN_TRACE_RX_ON RX ON -- AntPwr: -117, FreqCtrl: 0x380d5700, OF|AnaGi|AdcAttn|BQ|BWs: 0x07000700, dsp_corr: -3340
2026-09-07 02:29:05.725463 RFHAL_KERNEL_BIN_TRACE_RX_OFF RX OFF -- AntPwr: -117, prev W/NBPM: -93, -113, TF|AltADC|DCI/Q(Q5): 0x001a0b, s: 96917, e: 158517
2026-09-07 02:29:05.728637 RFHAL_KERNEL_BIN_TRACE_RX_ON RX ON -- AntPwr: -113, FreqCtrl: 0x380d5700, OF|AnaGi|AdcAttn|BQ|BWs: 0x07000700, dsp_corr: -3341
2026-09-07 02:29:05.729492 RFHAL_KERNEL_BIN_TRACE_RX_OFF RX OFF -- AntPwr: -113, prev W/NBPM: -93, -112, TF|AltADC|DCI/Q(Q5): 0x001a0b, s: 54971, e: 119131
2026-09-07 02:29:05.734619 RFHAL_KERNEL_BIN_TRACE_RX_ON RX ON -- AntPwr: -112, FreqCtrl: 0x380d5700, OF|AnaGi|AdcAttn|BQ|BWs: 0x07000700, dsp_corr: -3343
2026-09-07 02:29:05.735473 RFHAL_KERNEL_BIN_TRACE_RX_OFF RX OFF -- AntPwr: -112, prev W/NBPM: -93, -113, TF|AltADC|DCI/Q(Q5): 0x001a0b, s: 54829, e: 118989
2026-09-07 02:29:05.744628 RFHAL_KERNEL_BIN_TRACE_RX_ON RX ON -- AntPwr: -113, FreqCtrl: 0x380d5700, OF|AnaGi|AdcAttn|BQ|BWs: 0x07000700, dsp_corr: -3346
2026-09-07 02:29:05.745452 RFHAL_KERNEL_BIN_TRACE_RX_OFF RX OFF -- AntPwr: -113, prev W/NBPM: -93, -113, TF|AltADC|DCI/Q(Q5): 0x001a0b, s: 54820, e: 118980
2026-09-07 02:29:05.748626 RFHAL_KERNEL_BIN_TRACE_RX_ON RX ON -- AntPwr: -113, FreqCtrl: 0x380d5700, OF|AnaGi|AdcAttn|BQ|BWs: 0x07000700, dsp_corr: -3347
2026-09-07 02:29:05.749481 RFHAL_KERNEL_BIN_TRACE_RX_OFF RX OFF -- AntPwr: -113, prev W/NBPM: -93, -113, TF|AltADC|DCI/Q(Q5): 0x001a0b, s: 55849, e: 120009
2026-09-07 02:29:05.754638 RFHAL_KERNEL_BIN_TRACE_RX_ON RX ON -- AntPwr: -113, FreqCtrl: 0x380d5700, OF|AnaGi|AdcAttn|BQ|BWs: 0x07000700, dsp_corr: -3349
2026-09-07 02:29:05.755462 RFHAL_KERNEL_BIN_TRACE_RX_OFF RX OFF -- AntPwr: -113, prev W/NBPM: -92, -113, TF|AltADC|DCI/Q(Q5): 0x001a0b, s: 54830, e: 118990
2026-09-07 02:29:05.764618 RFHAL_KERNEL_BIN_TRACE_RX_ON RX ON -- AntPwr: -113, FreqCtrl: 0x380d5700, OF|AnaGi|AdcAttn|BQ|BWs: 0x07000700, dsp_corr: -3351
2026-09-07 02:29:05.765472 RFHAL_KERNEL_BIN_TRACE_RX_OFF RX OFF -- AntPwr: -113, prev W/NBPM: -93, -113, TF|AltADC|DCI/Q(Q5): 0x001a0b, s: 54823, e: 118983
2026-09-07 02:29:05.819122 RFHAL_KERNEL_BIN_TRACE_TX_ON TX ON: gen: 0xf4bf0ae7, cmn: 0x144df4, norm: 0x24064, 0xb84e00, 0x830026, mrx: 0x68845e, dsp_corr: 3564
2026-09-07 02:29:05.908416 RFHAL_KERNEL_BIN_TRACE_TX_OFF TX OFF: gen: 0x83, s: 46230, e: 6927510
2026-09-07 02:29:05.910430 RFHAL_KERNEL_BIN_TRACE_RX_ON RX ON -- AntPwr: -113, FreqCtrl: 0x380d5700, OF|AnaGi|AdcAttn|BQ|BWs: 0x07000700, dsp_corr: -3388
2026-09-07 02:29:05.966461 RFHAL_KERNEL_BIN_TRACE_RX_OFF RX OFF -- AntPwr: -116, prev W/NBPM: -93, -113, TF|AltADC|DCI/Q(Q5): 0x001b0c, s: 40413, e: 4341216
2026-09-07 02:29:05.966522 L1_DEFAULT_INFO_PAGING_DRX earfcn 229232 pci: 22 ue_id: 47 paging_cycle: 128 drx_sys_frame_num_offset: 47 drx_sub_frame_num_offset: 0 drx_nb: 0
2026-09-07 02:29:05.968261 L23_DEFAULT_INFO_RRCSTATECHANGEEVENT RRC State: 2
2026-09-07 02:29:05.968750 L23_DEFAULT_INFO_EMM_STATE_VALUE emm_state: 2, emm_substate: 5
2026-09-07 02:29:05.985992 APDU_TRANSPORT_DONE_INFO [00a408040000047fff6fe40168]
2026-09-07 02:29:05.985992 APDU_RECEIVED_R_APDU_DATA [621a8205422100360183026fe48a01058b036f0605800200368801c09000]
2026-09-07 02:29:06.005767 APDU_TRANSPORT_DONE_INFO [00dc010436a034800107812046c76eab42632603451de8f27110c65ae9adf5774ea4f99e40dafb4aeb3eeeeb820400000004830400000002840102]
2026-09-07 02:29:06.005774 APDU_TRANSPORT_DONE_INFO [9000]
2026-09-07 02:29:06.180450 RFHAL_KERNEL_BIN_TRACE_RX_ON RX ON -- AntPwr: -116, FreqCtrl: 0x380d5700, OF|AnaGi|AdcAttn|BQ|BWs: 0x07000700, dsp_corr: -3465
2026-09-07 02:29:06.220459 RFHAL_KERNEL_BIN_TRACE_RX_OFF RX OFF -- AntPwr: -117, prev W/NBPM: -93, -114, TF|AltADC|DCI/Q(Q5): 0x001a0b, s: 74989, e: 3146992
2026-09-07 02:29:06.222442 RFHAL_KERNEL_BIN_TRACE_RX_ON RX ON -- AntPwr: -117, FreqCtrl: 0x380d5700, OF|AnaGi|AdcAttn|BQ|BWs: 0x07000700, dsp_corr: -3467
2026-09-07 02:29:06.242584 L1_DEFAULT_INFO_SERVING_CELL_MEASUREMENTS earfcn: 229232, pci: 22, rsrp: -132, rsrq: -16, SNR: -4
2026-09-07 02:29:06.243469 RFHAL_KERNEL_BIN_TRACE_RX_OFF RX OFF -- AntPwr: -117, prev W/NBPM: -93, -113, TF|AltADC|DCI/Q(Q5): 0x001a0c, s: 39945, e: 1652748
2026-09-07 02:29:07.404693 RFHAL_KERNEL_BIN_TRACE_RX_ON RX ON -- AntPwr: -116, FreqCtrl: 0x380d5700, OF|AnaGi|AdcAttn|BQ|BWs: 0x07000700, dsp_corr: -3797
2026-09-07 02:29:07.405517 RFHAL_KERNEL_BIN_TRACE_RX_OFF RX OFF -- AntPwr: -116, prev W/NBPM: -93, -115, TF|AltADC|DCI/Q(Q5): 0x001a0c, s: 93136, e: 154736
2026-09-07 02:29:07.408691 RFHAL_KERNEL_BIN_TRACE_RX_ON RX ON -- AntPwr: -115, FreqCtrl: 0x380d5700, OF|AnaGi|AdcAttn|BQ|BWs: 0x07000700, dsp_corr: -3798
2026-09-07 02:29:07.409545 RFHAL_KERNEL_BIN_TRACE_RX_OFF RX OFF -- AntPwr: -115, prev W/NBPM: -93, -114, TF|AltADC|DCI/Q(Q5): 0x001a0c, s: 55066, e: 119226
2026-09-07 02:29:07.414703 RFHAL_KERNEL_BIN_TRACE_RX_ON RX ON -- AntPwr: -114, FreqCtrl: 0x380d5700, OF|AnaGi|AdcAttn|BQ|BWs: 0x07000700, dsp_corr: -3800
2026-09-07 02:29:07.415527 RFHAL_KERNEL_BIN_TRACE_RX_OFF RX OFF -- AntPwr: -114, prev W/NBPM: -93, -114, TF|AltADC|DCI/Q(Q5): 0x001a0c, s: 54931, e: 119091
2026-09-07 02:29:07.424682 RFHAL_KERNEL_BIN_TRACE_RX_ON RX ON -- AntPwr: -114, FreqCtrl: 0x380d5700, OF|AnaGi|AdcAttn|BQ|BWs: 0x07000700, dsp_corr: -3802
2026-09-07 02:29:07.425537 RFHAL_KERNEL_BIN_TRACE_RX_OFF RX OFF -- AntPwr: -114, prev W/NBPM: -93, -114, TF|AltADC|DCI/Q(Q5): 0x001a0c, s: 54923, e: 119083
2026-09-07 02:29:07.428680 RFHAL_KERNEL_BIN_TRACE_RX_ON RX ON -- AntPwr: -114, FreqCtrl: 0x380d5700, OF|AnaGi|AdcAttn|BQ|BWs: 0x07000700, dsp_corr: -3803
2026-09-07 02:29:07.429534 RFHAL_KERNEL_BIN_TRACE_RX_OFF RX OFF -- AntPwr: -114, prev W/NBPM: -93, -113, TF|AltADC|DCI/Q(Q5): 0x001a0b, s: 55941, e: 120101
2026-09-07 02:29:07.434692 RFHAL_KERNEL_BIN_TRACE_RX_ON RX ON -- AntPwr: -113, FreqCtrl: 0x380d5700, OF|AnaGi|AdcAttn|BQ|BWs: 0x07000700, dsp_corr: -3805
2026-09-07 02:29:07.435516 RFHAL_KERNEL_BIN_TRACE_RX_OFF RX OFF -- AntPwr: -113, prev W/NBPM: -92, -114, TF|AltADC|DCI/Q(Q5): 0x001a0b, s: 54926, e: 119086
2026-09-07 02:29:07.444702 RFHAL_KERNEL_BIN_TRACE_RX_ON RX ON -- AntPwr: -114, FreqCtrl: 0x380d5700, OF|AnaGi|AdcAttn|BQ|BWs: 0x07000700, dsp_corr: -3808
2026-09-07 02:29:07.445526 RFHAL_KERNEL_BIN_TRACE_RX_OFF RX OFF -- AntPwr: -114, prev W/NBPM: -92, -114, TF|AltADC|DCI/Q(Q5): 0x001a0b, s: 54924, e: 119084
2026-09-07 02:29:07.502502 RFHAL_KERNEL_BIN_TRACE_RX_ON RX ON -- AntPwr: -114, FreqCtrl: 0x380d5700, OF|AnaGi|AdcAttn|BQ|BWs: 0x07000700, dsp_corr: -3798
2026-09-07 02:29:07.522674 L1_DEFAULT_INFO_SERVING_CELL_MEASUREMENTS earfcn: 229232, pci: 22, rsrp: -133, rsrq: -18, SNR: -4
2026-09-07 02:29:07.523498 RFHAL_KERNEL_BIN_TRACE_RX_OFF RX OFF -- AntPwr: -116, prev W/NBPM: -93, -115, TF|AltADC|DCI/Q(Q5): 0x001a0b, s: 38135, e: 1650938
2026-09-07 02:29:07.531677 RFHAL_KERNEL_BIN_TRACE_RX_ON RX ON -- AntPwr: -103, FreqCtrl: 0x380d5700, OF|AnaGi|AdcAttn|BQ|BWs: 0x07000700, dsp_corr: -3814
2026-09-07 02:29:07.552673 RFHAL_KERNEL_BIN_TRACE_RX_OFF RX OFF -- AntPwr: -113, prev W/NBPM: -92, -115, TF|AltADC|DCI/Q(Q5): 0x001a0b, s: 563008, e: 2175808
2026-09-07 02:29:07.554077 L1_DEFAULT_INFO_NEIGHBOR_CELL_MEASUREMENTS earfcn: 229232, pci: 22, rsrp: -132, rsrq: -17
2026-09-07 02:29:08.684753 RFHAL_KERNEL_BIN_TRACE_RX_ON RX ON -- AntPwr: -116, FreqCtrl: 0x380d5700, OF|AnaGi|AdcAttn|BQ|BWs: 0x07000700, dsp_corr: -4136
2026-09-07 02:29:08.685546 RFHAL_KERNEL_BIN_TRACE_RX_OFF RX OFF -- AntPwr: -116, prev W/NBPM: -93, -114, TF|AltADC|DCI/Q(Q5): 0x001a0b, s: 94711, e: 156311
2026-09-07 02:29:08.688720 RFHAL_KERNEL_BIN_TRACE_RX_ON RX ON -- AntPwr: -114, FreqCtrl: 0x380d5700, OF|AnaGi|AdcAttn|BQ|BWs: 0x07000700, dsp_corr: -4137
2026-09-07 02:29:08.689605 RFHAL_KERNEL_BIN_TRACE_RX_OFF RX OFF -- AntPwr: -114, prev W/NBPM: -93, -115, TF|AltADC|DCI/Q(Q5): 0x001a0b, s: 55066, e: 119226
2026-09-07 02:29:08.694732 RFHAL_KERNEL_BIN_TRACE_RX_ON RX ON -- AntPwr: -115, FreqCtrl: 0x380d5700, OF|AnaGi|AdcAttn|BQ|BWs: 0x07000700, dsp_corr: -4139
2026-09-07 02:29:08.695587 RFHAL_KERNEL_BIN_TRACE_RX_OFF RX OFF -- AntPwr: -115, prev W/NBPM: -92, -113, TF|AltADC|DCI/Q(Q5): 0x001a0b, s: 54933, e: 119093
2026-09-07 02:29:08.704742 RFHAL_KERNEL_BIN_TRACE_RX_ON RX ON -- AntPwr: -113, FreqCtrl: 0x380d5700, OF|AnaGi|AdcAttn|BQ|BWs: 0x07000700, dsp_corr: -4142
2026-09-07 02:29:08.705566 RFHAL_KERNEL_BIN_TRACE_RX_OFF RX OFF -- AntPwr: -113, prev W/NBPM: -93, -114, TF|AltADC|DCI/Q(Q5): 0x001a0b, s: 54924, e: 119084
2026-09-07 02:29:08.708740 RFHAL_KERNEL_BIN_TRACE_RX_ON RX ON -- AntPwr: -114, FreqCtrl: 0x380d5700, OF|AnaGi|AdcAttn|BQ|BWs: 0x07000700, dsp_corr: -4143
2026-09-07 02:29:08.709564 RFHAL_KERNEL_BIN_TRACE_RX_OFF RX OFF -- AntPwr: -114, prev W/NBPM: -93, -113, TF|AltADC|DCI/Q(Q5): 0x001a0b, s: 55942, e: 120102
2026-09-07 02:29:08.714752 RFHAL_KERNEL_BIN_TRACE_RX_ON RX ON -- AntPwr: -113, FreqCtrl: 0x380d5700, OF|AnaGi|AdcAttn|BQ|BWs: 0x07000700, dsp_corr: -4144
2026-09-07 02:29:08.715576 RFHAL_KERNEL_BIN_TRACE_RX_OFF RX OFF -- AntPwr: -113, prev W/NBPM: -93, -115, TF|AltADC|DCI/Q(Q5): 0x001a0b, s: 54930, e: 119090
2026-09-07 02:29:08.724731 RFHAL_KERNEL_BIN_TRACE_RX_ON RX ON -- AntPwr: -115, FreqCtrl: 0x380d5700, OF|AnaGi|AdcAttn|BQ|BWs: 0x07000700, dsp_corr: -4147
2026-09-07 02:29:08.725586 RFHAL_KERNEL_BIN_TRACE_RX_OFF RX OFF -- AntPwr: -115, prev W/NBPM: -93, -115, TF|AltADC|DCI/Q(Q5): 0x001a0b, s: 54922, e: 119082
2026-09-07 02:29:08.782562 RFHAL_KERNEL_BIN_TRACE_RX_ON RX ON -- AntPwr: -115, FreqCtrl: 0x380d5700, OF|AnaGi|AdcAttn|BQ|BWs: 0x07000700, dsp_corr: -4182
2026-09-07 02:29:08.802673 L1_DEFAULT_INFO_SERVING_CELL_MEASUREMENTS earfcn: 229232, pci: 22, rsrp: -133, rsrq: -16, SNR: -5
2026-09-07 02:29:08.803558 RFHAL_KERNEL_BIN_TRACE_RX_OFF RX OFF -- AntPwr: -116, prev W/NBPM: -93, -113, TF|AltADC|DCI/Q(Q5): 0x001a0b, s: 38269, e: 1651072
2026-09-07 02:29:09.964813 RFHAL_KERNEL_BIN_TRACE_RX_ON RX ON -- AntPwr: -117, FreqCtrl: 0x380d5700, OF|AnaGi|AdcAttn|BQ|BWs: 0x07000700, dsp_corr: -4508
2026-09-07 02:29:09.965606 RFHAL_KERNEL_BIN_TRACE_RX_OFF RX OFF -- AntPwr: -117, prev W/NBPM: -92, -113, TF|AltADC|DCI/Q(Q5): 0x001a0b, s: 95625, e: 157225
2026-09-07 02:29:09.968780 RFHAL_KERNEL_BIN_TRACE_RX_ON RX ON -- AntPwr: -113, FreqCtrl: 0x380d5700, OF|AnaGi|AdcAttn|BQ|BWs: 0x07000700, dsp_corr: -4509
2026-09-07 02:29:09.969635 RFHAL_KERNEL_BIN_TRACE_RX_OFF RX OFF -- AntPwr: -113, prev W/NBPM: -93, -114, TF|AltADC|DCI/Q(Q5): 0x001a0b, s: 55066, e: 119226
2026-09-07 02:29:09.974792 RFHAL_KERNEL_BIN_TRACE_RX_ON RX ON -- AntPwr: -114, FreqCtrl: 0x380d5700, OF|AnaGi|AdcAttn|BQ|BWs: 0x07000700, dsp_corr: -4511
2026-09-07 02:29:09.975616 RFHAL_KERNEL_BIN_TRACE_RX_OFF RX OFF -- AntPwr: -114, prev W/NBPM: -93, -115, TF|AltADC|DCI/Q(Q5): 0x001a0b, s: 54931, e: 119091
2026-09-07 02:29:09.984771 RFHAL_KERNEL_BIN_TRACE_RX_ON RX ON -- AntPwr: -115, FreqCtrl: 0x380d5700, OF|AnaGi|AdcAttn|BQ|BWs: 0x07000700, dsp_corr: -4513
2026-09-07 02:29:09.985626 RFHAL_KERNEL_BIN_TRACE_RX_OFF RX OFF -- AntPwr: -115, prev W/NBPM: -93, -113, TF|AltADC|DCI/Q(Q5): 0x001a0b, s: 54921, e: 119081
2026-09-07 02:29:09.988769 RFHAL_KERNEL_BIN_TRACE_RX_ON RX ON -- AntPwr: -113, FreqCtrl: 0x380d5700, OF|AnaGi|AdcAttn|BQ|BWs: 0x07000700, dsp_corr: -4514
2026-09-07 02:29:09.989624 RFHAL_KERNEL_BIN_TRACE_RX_OFF RX OFF -- AntPwr: -113, prev W/NBPM: -92, -114, TF|AltADC|DCI/Q(Q5): 0x001a0b, s: 55937, e: 120097
2026-09-07 02:29:09.994781 RFHAL_KERNEL_BIN_TRACE_RX_ON RX ON -- AntPwr: -114, FreqCtrl: 0x380d5700, OF|AnaGi|AdcAttn|BQ|BWs: 0x07000700, dsp_corr: -4516
2026-09-07 02:29:09.995636 RFHAL_KERNEL_BIN_TRACE_RX_OFF RX OFF -- AntPwr: -114, prev W/NBPM: -93, -114, TF|AltADC|DCI/Q(Q5): 0x001a0b, s: 54928, e: 119088
2026-09-07 02:29:10.004791 RFHAL_KERNEL_BIN_TRACE_RX_ON RX ON -- AntPwr: -114, FreqCtrl: 0x380d5700, OF|AnaGi|AdcAttn|BQ|BWs: 0x07000700, dsp_corr: -4519
2026-09-07 02:29:10.005615 RFHAL_KERNEL_BIN_TRACE_RX_OFF RX OFF -- AntPwr: -114, prev W/NBPM: -93, -113, TF|AltADC|DCI/Q(Q5): 0x001a0b, s: 54921, e: 119081
2026-09-07 02:29:10.062591 RFHAL_KERNEL_BIN_TRACE_RX_ON RX ON -- AntPwr: -113, FreqCtrl: 0x380d5700, OF|AnaGi|AdcAttn|BQ|BWs: 0x07000700, dsp_corr: -4541
2026-09-07 02:29:10.082763 L1_DEFAULT_INFO_SERVING_CELL_MEASUREMENTS earfcn: 229232, pci: 22, rsrp: -132, rsrq: -16, SNR: -3
2026-09-07 02:29:10.083587 RFHAL_KERNEL_BIN_TRACE_RX_OFF RX OFF -- AntPwr: -116, prev W/NBPM: -93, -114, TF|AltADC|DCI/Q(Q5): 0x001b0b, s: 38129, e: 1650932
2026-09-07 02:29:10.091766 RFHAL_KERNEL_BIN_TRACE_RX_ON RX ON -- AntPwr: -104, FreqCtrl: 0x380d5700, OF|AnaGi|AdcAttn|BQ|BWs: 0x07000700, dsp_corr: -4547
2026-09-07 02:29:10.112762 RFHAL_KERNEL_BIN_TRACE_RX_OFF RX OFF -- AntPwr: -113, prev W/NBPM: -93, -114, TF|AltADC|DCI/Q(Q5): 0x001b0b, s: 563007, e: 2175807
2026-09-07 02:29:10.114166 L1_DEFAULT_INFO_NEIGHBOR_CELL_MEASUREMENTS earfcn: 229232, pci: 22, rsrp: -132, rsrq: -17
2026-09-07 02:29:11.244842 RFHAL_KERNEL_BIN_TRACE_RX_ON RX ON -- AntPwr: -116, FreqCtrl: 0x380d5700, OF|AnaGi|AdcAttn|BQ|BWs: 0x07000700, dsp_corr: -4865
2026-09-07 02:29:11.245666 RFHAL_KERNEL_BIN_TRACE_RX_OFF RX OFF -- AntPwr: -116, prev W/NBPM: -93, -115, TF|AltADC|DCI/Q(Q5): 0x001b0b, s: 94883, e: 156483
2026-09-07 02:29:11.248840 RFHAL_KERNEL_BIN_TRACE_RX_ON RX ON -- AntPwr: -115, FreqCtrl: 0x380d5700, OF|AnaGi|AdcAttn|BQ|BWs: 0x07000700, dsp_corr: -4866
2026-09-07 02:29:11.249694 RFHAL_KERNEL_BIN_TRACE_RX_OFF RX OFF -- AntPwr: -115, prev W/NBPM: -93, -115, TF|AltADC|DCI/Q(Q5): 0x001b0b, s: 55067, e: 119227
2026-09-07 02:29:11.254821 RFHAL_KERNEL_BIN_TRACE_RX_ON RX ON -- AntPwr: -115, FreqCtrl: 0x380d5700, OF|AnaGi|AdcAttn|BQ|BWs: 0x07000700, dsp_corr: -4868
2026-09-07 02:29:11.255676 RFHAL_KERNEL_BIN_TRACE_RX_OFF RX OFF -- AntPwr: -115, prev W/NBPM: -93, -114, TF|AltADC|DCI/Q(Q5): 0x001b0b, s: 54929, e: 119089
2026-09-07 02:29:11.264831 RFHAL_KERNEL_BIN_TRACE_RX_ON RX ON -- AntPwr: -114, FreqCtrl: 0x380d5700, OF|AnaGi|AdcAttn|BQ|BWs: 0x07000700, dsp_corr: -4871
2026-09-07 02:29:11.265686 RFHAL_KERNEL_BIN_TRACE_RX_OFF RX OFF -- AntPwr: -114, prev W/NBPM: -93, -114, TF|AltADC|DCI/Q(Q5): 0x001b0b, s: 54923, e: 119083
2026-09-07 02:29:11.268829 RFHAL_KERNEL_BIN_TRACE_RX_ON RX ON -- AntPwr: -114, FreqCtrl: 0x380d5700, OF|AnaGi|AdcAttn|BQ|BWs: 0x07000700, dsp_corr: -4872
2026-09-07 02:29:11.269683 RFHAL_KERNEL_BIN_TRACE_RX_OFF RX OFF -- AntPwr: -114, prev W/NBPM: -93, -114, TF|AltADC|DCI/Q(Q5): 0x001b0b, s: 55937, e: 120097
2026-09-07 02:29:11.274841 RFHAL_KERNEL_BIN_TRACE_RX_ON RX ON -- AntPwr: -114, FreqCtrl: 0x380d5700, OF|AnaGi|AdcAttn|BQ|BWs: 0x07000700, dsp_corr: -4873
2026-09-07 02:29:11.275665 RFHAL_KERNEL_BIN_TRACE_RX_OFF RX OFF -- AntPwr: -114, prev W/NBPM: -93, -115, TF|AltADC|DCI/Q(Q5): 0x001b0b, s: 54931, e: 119091
2026-09-07 02:29:11.284820 RFHAL_KERNEL_BIN_TRACE_RX_ON RX ON -- AntPwr: -115, FreqCtrl: 0x380d5700, OF|AnaGi|AdcAttn|BQ|BWs: 0x07000700, dsp_corr: -4876
2026-09-07 02:29:11.285675 RFHAL_KERNEL_BIN_TRACE_RX_OFF RX OFF -- AntPwr: -115, prev W/NBPM: -93, -114, TF|AltADC|DCI/Q(Q5): 0x001b0b, s: 54919, e: 119079
2026-09-07 02:29:11.342651 RFHAL_KERNEL_BIN_TRACE_RX_ON RX ON -- AntPwr: -114, FreqCtrl: 0x380d5700, OF|AnaGi|AdcAttn|BQ|BWs: 0x07000700, dsp_corr: -4866
2026-09-07 02:29:11.362793 L1_DEFAULT_INFO_SERVING_CELL_MEASUREMENTS earfcn: 229232, pci: 22, rsrp: -133, rsrq: -17, SNR: -4
2026-09-07 02:29:11.363647 RFHAL_KERNEL_BIN_TRACE_RX_OFF RX OFF -- AntPwr: -117, prev W/NBPM: -93, -114, TF|AltADC|DCI/Q(Q5): 0x001b0b, s: 38276, e: 1651079
2026-09-07 02:29:12.524902 RFHAL_KERNEL_BIN_TRACE_RX_ON RX ON -- AntPwr: -117, FreqCtrl: 0x380d5700, OF|AnaGi|AdcAttn|BQ|BWs: 0x07000700, dsp_corr: -5187
2026-09-07 02:29:12.525695 RFHAL_KERNEL_BIN_TRACE_RX_OFF RX OFF -- AntPwr: -117, prev W/NBPM: -93, -115, TF|AltADC|DCI/Q(Q5): 0x001a0b, s: 96038, e: 157638
2026-09-07 02:29:12.528869 RFHAL_KERNEL_BIN_TRACE_RX_ON RX ON -- AntPwr: -115, FreqCtrl: 0x380d5700, OF|AnaGi|AdcAttn|BQ|BWs: 0x07000700, dsp_corr: -5188
2026-09-07 02:29:12.529724 RFHAL_KERNEL_BIN_TRACE_RX_OFF RX OFF -- AntPwr: -115, prev W/NBPM: -93, -113, TF|AltADC|DCI/Q(Q5): 0x001b0b, s: 55067, e: 119227
2026-09-07 02:29:12.534881 RFHAL_KERNEL_BIN_TRACE_RX_ON RX ON -- AntPwr: -113, FreqCtrl: 0x380d5700, OF|AnaGi|AdcAttn|BQ|BWs: 0x07000700, dsp_corr: -5190
2026-09-07 02:29:12.535705 RFHAL_KERNEL_BIN_TRACE_RX_OFF RX OFF -- AntPwr: -113, prev W/NBPM: -93, -115, TF|AltADC|DCI/Q(Q5): 0x001a0b, s: 54932, e: 119092
2026-09-07 02:29:12.544891 RFHAL_KERNEL_BIN_TRACE_RX_ON RX ON -- AntPwr: -115, FreqCtrl: 0x380d5700, OF|AnaGi|AdcAttn|BQ|BWs: 0x07000700, dsp_corr: -5192
2026-09-07 02:29:12.545715 RFHAL_KERNEL_BIN_TRACE_RX_OFF RX OFF -- AntPwr: -115, prev W/NBPM: -92, -114, TF|AltADC|DCI/Q(Q5): 0x001a0b, s: 54922, e: 119082
2026-09-07 02:29:12.548889 RFHAL_KERNEL_BIN_TRACE_RX_ON RX ON -- AntPwr: -114, FreqCtrl: 0x380d5700, OF|AnaGi|AdcAttn|BQ|BWs: 0x07000700, dsp_corr: -5193
2026-09-07 02:29:12.549713 RFHAL_KERNEL_BIN_TRACE_RX_OFF RX OFF -- AntPwr: -114, prev W/NBPM: -93, -115, TF|AltADC|DCI/Q(Q5): 0x001a0b, s: 55939, e: 120099
2026-09-07 02:29:12.554870 RFHAL_KERNEL_BIN_TRACE_RX_ON RX ON -- AntPwr: -115, FreqCtrl: 0x380d5700, OF|AnaGi|AdcAttn|BQ|BWs: 0x07000700, dsp_corr: -5195
2026-09-07 02:29:12.555725 RFHAL_KERNEL_BIN_TRACE_RX_OFF RX OFF -- AntPwr: -115, prev W/NBPM: -93, -113, TF|AltADC|DCI/Q(Q5): 0x001a0b, s: 54931, e: 119091
2026-09-07 02:29:12.564880 RFHAL_KERNEL_BIN_TRACE_RX_ON RX ON -- AntPwr: -113, FreqCtrl: 0x380d5700, OF|AnaGi|AdcAttn|BQ|BWs: 0x07000700, dsp_corr: -5198
2026-09-07 02:29:12.565704 RFHAL_KERNEL_BIN_TRACE_RX_OFF RX OFF -- AntPwr: -113, prev W/NBPM: -93, -115, TF|AltADC|DCI/Q(Q5): 0x001a0b, s: 54924, e: 119084
2026-09-07 02:29:12.622680 RFHAL_KERNEL_BIN_TRACE_RX_ON RX ON -- AntPwr: -115, FreqCtrl: 0x380d5700, OF|AnaGi|AdcAttn|BQ|BWs: 0x07000700, dsp_corr: -5227
2026-09-07 02:29:12.642852 L1_DEFAULT_INFO_SERVING_CELL_MEASUREMENTS earfcn: 229232, pci: 22, rsrp: -133, rsrq: -16, SNR: -4
2026-09-07 02:29:12.643707 RFHAL_KERNEL_BIN_TRACE_RX_OFF RX OFF -- AntPwr: -116, prev W/NBPM: -92, -114, TF|AltADC|DCI/Q(Q5): 0x001b0b, s: 38132, e: 1650935
2026-09-07 02:29:12.651886 RFHAL_KERNEL_BIN_TRACE_RX_ON RX ON -- AntPwr: -103, FreqCtrl: 0x380d5700, OF|AnaGi|AdcAttn|BQ|BWs: 0x07000700, dsp_corr: -5233
2026-09-07 02:29:12.672882 RFHAL_KERNEL_BIN_TRACE_RX_OFF RX OFF -- AntPwr: -113, prev W/NBPM: -92, -114, TF|AltADC|DCI/Q(Q5): 0x001a0b, s: 563012, e: 2175812
2026-09-07 02:29:12.674957 L1_DEFAULT_INFO_NEIGHBOR_CELL_MEASUREMENTS earfcn: 229232, pci: 22, rsrp: -130, rsrq: -15
2026-09-07 02:29:13.804931 RFHAL_KERNEL_BIN_TRACE_RX_ON RX ON -- AntPwr: -116, FreqCtrl: 0x380d5700, OF|AnaGi|AdcAttn|BQ|BWs: 0x07000700, dsp_corr: -5546
2026-09-07 02:29:13.805755 RFHAL_KERNEL_BIN_TRACE_RX_OFF RX OFF -- AntPwr: -116, prev W/NBPM: -92, -113, TF|AltADC|DCI/Q(Q5): 0x001a0b, s: 95484, e: 157084
2026-09-07 02:29:13.808929 RFHAL_KERNEL_BIN_TRACE_RX_ON RX ON -- AntPwr: -113, FreqCtrl: 0x380d5700, OF|AnaGi|AdcAttn|BQ|BWs: 0x07000700, dsp_corr: -5547
2026-09-07 02:29:13.809784 RFHAL_KERNEL_BIN_TRACE_RX_OFF RX OFF -- AntPwr: -113, prev W/NBPM: -93, -115, TF|AltADC|DCI/Q(Q5): 0x001a0b, s: 55068, e: 119228
2026-09-07 02:29:13.814941 RFHAL_KERNEL_BIN_TRACE_RX_ON RX ON -- AntPwr: -115, FreqCtrl: 0x380d5700, OF|AnaGi|AdcAttn|BQ|BWs: 0x07000700, dsp_corr: -5548
2026-09-07 02:29:13.815765 RFHAL_KERNEL_BIN_TRACE_RX_OFF RX OFF -- AntPwr: -115, prev W/NBPM: -93, -114, TF|AltADC|DCI/Q(Q5): 0x001a0b, s: 54934, e: 119094
2026-09-07 02:29:13.824920 RFHAL_KERNEL_BIN_TRACE_RX_ON RX ON -- AntPwr: -114, FreqCtrl: 0x380d5700, OF|AnaGi|AdcAttn|BQ|BWs: 0x07000700, dsp_corr: -5551
2026-09-07 02:29:13.825775 RFHAL_KERNEL_BIN_TRACE_RX_OFF RX OFF -- AntPwr: -114, prev W/NBPM: -93, -113, TF|AltADC|DCI/Q(Q5): 0x001a0b, s: 54922, e: 119082
2026-09-07 02:29:13.828918 RFHAL_KERNEL_BIN_TRACE_RX_ON RX ON -- AntPwr: -113, FreqCtrl: 0x380d5700, OF|AnaGi|AdcAttn|BQ|BWs: 0x07000700, dsp_corr: -5552
2026-09-07 02:29:13.829773 RFHAL_KERNEL_BIN_TRACE_RX_OFF RX OFF -- AntPwr: -113, prev W/NBPM: -93, -113, TF|AltADC|DCI/Q(Q5): 0x001a0b, s: 55941, e: 120101
2026-09-07 02:29:13.834930 RFHAL_KERNEL_BIN_TRACE_RX_ON RX ON -- AntPwr: -113, FreqCtrl: 0x380d5700, OF|AnaGi|AdcAttn|BQ|BWs: 0x07000700, dsp_corr: -5554
2026-09-07 02:29:13.835754 RFHAL_KERNEL_BIN_TRACE_RX_OFF RX OFF -- AntPwr: -113, prev W/NBPM: -92, -113, TF|AltADC|DCI/Q(Q5): 0x001a0b, s: 54932, e: 119092
2026-09-07 02:29:13.844940 RFHAL_KERNEL_BIN_TRACE_RX_ON RX ON -- AntPwr: -113, FreqCtrl: 0x380d5700, OF|AnaGi|AdcAttn|BQ|BWs: 0x07000700, dsp_corr: -5556
2026-09-07 02:29:13.845764 RFHAL_KERNEL_BIN_TRACE_RX_OFF RX OFF -- AntPwr: -113, prev W/NBPM: -93, -113, TF|AltADC|DCI/Q(Q5): 0x001a0b, s: 54928, e: 119088
2026-09-07 02:29:13.902740 RFHAL_KERNEL_BIN_TRACE_RX_ON RX ON -- AntPwr: -113, FreqCtrl: 0x380d5700, OF|AnaGi|AdcAttn|BQ|BWs: 0x07000700, dsp_corr: -5558
2026-09-07 02:29:13.922882 L1_DEFAULT_INFO_SERVING_CELL_MEASUREMENTS earfcn: 229232, pci: 22, rsrp: -133, rsrq: -18, SNR: -5
2026-09-07 02:29:13.923736 RFHAL_KERNEL_BIN_TRACE_RX_OFF RX OFF -- AntPwr: -116, prev W/NBPM: -93, -114, TF|AltADC|DCI/Q(Q5): 0x001b0b, s: 38231, e: 1651034
2026-09-07 02:29:15.084991 RFHAL_KERNEL_BIN_TRACE_RX_ON RX ON -- AntPwr: -116, FreqCtrl: 0x380d5700, OF|AnaGi|AdcAttn|BQ|BWs: 0x07000700, dsp_corr: -5873
2026-09-07 02:29:15.085815 RFHAL_KERNEL_BIN_TRACE_RX_OFF RX OFF -- AntPwr: -116, prev W/NBPM: -93, -114, TF|AltADC|DCI/Q(Q5): 0x001a0b, s: 96819, e: 158419
2026-09-07 02:29:15.088989 RFHAL_KERNEL_BIN_TRACE_RX_ON RX ON -- AntPwr: -114, FreqCtrl: 0x380d5700, OF|AnaGi|AdcAttn|BQ|BWs: 0x07000700, dsp_corr: -5874
2026-09-07 02:29:15.089843 RFHAL_KERNEL_BIN_TRACE_RX_OFF RX OFF -- AntPwr: -114, prev W/NBPM: -93, -114, TF|AltADC|DCI/Q(Q5): 0x001a0b, s: 55067, e: 119227
2026-09-07 02:29:15.094970 RFHAL_KERNEL_BIN_TRACE_RX_ON RX ON -- AntPwr: -114, FreqCtrl: 0x380d5700, OF|AnaGi|AdcAttn|BQ|BWs: 0x07000700, dsp_corr: -5876
2026-09-07 02:29:15.095825 RFHAL_KERNEL_BIN_TRACE_RX_OFF RX OFF -- AntPwr: -114, prev W/NBPM: -93, -114, TF|AltADC|DCI/Q(Q5): 0x001a0b, s: 54930, e: 119090
2026-09-07 02:29:15.104980 RFHAL_KERNEL_BIN_TRACE_RX_ON RX ON -- AntPwr: -114, FreqCtrl: 0x380d5700, OF|AnaGi|AdcAttn|BQ|BWs: 0x07000700, dsp_corr: -5878
2026-09-07 02:29:15.105804 RFHAL_KERNEL_BIN_TRACE_RX_OFF RX OFF -- AntPwr: -114, prev W/NBPM: -93, -114, TF|AltADC|DCI/Q(Q5): 0x001a0b, s: 54922, e: 119082
2026-09-07 02:29:15.108978 RFHAL_KERNEL_BIN_TRACE_RX_ON RX ON -- AntPwr: -114, FreqCtrl: 0x380d5700, OF|AnaGi|AdcAttn|BQ|BWs: 0x07000700, dsp_corr: -5879
2026-09-07 02:29:15.109802 RFHAL_KERNEL_BIN_TRACE_RX_OFF RX OFF -- AntPwr: -114, prev W/NBPM: -93, -113, TF|AltADC|DCI/Q(Q5): 0x001a0b, s: 55939, e: 120099
2026-09-07 02:29:15.114990 RFHAL_KERNEL_BIN_TRACE_RX_ON RX ON -- AntPwr: -113, FreqCtrl: 0x380d5700, OF|AnaGi|AdcAttn|BQ|BWs: 0x07000700, dsp_corr: -5881
2026-09-07 02:29:15.115814 RFHAL_KERNEL_BIN_TRACE_RX_OFF RX OFF -- AntPwr: -113, prev W/NBPM: -93, -113, TF|AltADC|DCI/Q(Q5): 0x001a0b, s: 54931, e: 119091
2026-09-07 02:29:15.124969 RFHAL_KERNEL_BIN_TRACE_RX_ON RX ON -- AntPwr: -113, FreqCtrl: 0x380d5700, OF|AnaGi|AdcAttn|BQ|BWs: 0x07000700, dsp_corr: -5884
2026-09-07 02:29:15.125824 RFHAL_KERNEL_BIN_TRACE_RX_OFF RX OFF -- AntPwr: -113, prev W/NBPM: -93, -114, TF|AltADC|DCI/Q(Q5): 0x001a0b, s: 54923, e: 119083
2026-09-07 02:29:15.182800 RFHAL_KERNEL_BIN_TRACE_RX_ON RX ON -- AntPwr: -114, FreqCtrl: 0x380d5700, OF|AnaGi|AdcAttn|BQ|BWs: 0x07000700, dsp_corr: -5907
2026-09-07 02:29:15.202941 L1_DEFAULT_INFO_SERVING_CELL_MEASUREMENTS earfcn: 229232, pci: 22, rsrp: -134, rsrq: -17, SNR: -5
2026-09-07 02:29:15.203796 RFHAL_KERNEL_BIN_TRACE_RX_OFF RX OFF -- AntPwr: -117, prev W/NBPM: -93, -113, TF|AltADC|DCI/Q(Q5): 0x001a0b, s: 38143, e: 1650946
2026-09-07 02:29:15.211975 RFHAL_KERNEL_BIN_TRACE_RX_ON RX ON -- AntPwr: -107, FreqCtrl: 0x380d5700, OF|AnaGi|AdcAttn|BQ|BWs: 0x07000700, dsp_corr: -5912
2026-09-07 02:29:15.232971 RFHAL_KERNEL_BIN_TRACE_RX_OFF RX OFF -- AntPwr: -112, prev W/NBPM: -92, -113, TF|AltADC|DCI/Q(Q5): 0x001a0b, s: 563012, e: 2175812
2026-09-07 02:29:15.234344 L1_DEFAULT_INFO_NEIGHBOR_CELL_MEASUREMENTS earfcn: 229232, pci: 22, rsrp: -131, rsrq: -16
2026-09-07 02:29:15.969909 L23_DEFAULT_INFO_EMM_STATE_VALUE emm_state: 3, emm_substate: 0
2026-09-07 02:29:15.970581 NAS_PDU_ATTACH_REQUEST_W_PDN_CONNECTIVITY_REQUEST ATTACH REQUEST(PDN CONNECTIVITY REQUEST) [07417108991034005008153009f0f000000084080008002d0203d0317b00268080211001020010810600000000830600000000000d00000300000a00001000001600001900f5c1]
2026-09-07 02:29:15.987152 APDU_TRANSPORT_DONE_INFO [00a408040000047fff6fe40168]
2026-09-07 02:29:15.987182 APDU_RECEIVED_R_APDU_DATA [621a8205422100360183026fe48a01058b036f0605800200368801c09000]
2026-09-07 02:29:16.005035 RFHAL_KERNEL_BIN_TRACE_RX_ON RX ON -- AntPwr: -117, FreqCtrl: 0x380d5700, OF|AnaGi|AdcAttn|BQ|BWs: 0x07000700, dsp_corr: -6125
2026-09-07 02:29:16.005828 RFHAL_KERNEL_BIN_TRACE_RX_OFF RX OFF -- AntPwr: -117, prev W/NBPM: -93, -114, TF|AltADC|DCI/Q(Q5): 0x001a0b, s: 89701, e: 151301
2026-09-07 02:29:16.008667 APDU_TRANSPORT_DONE_INFO [00dc010436a034800107812046c76eab42632603451de8f27110c65ae9adf5774ea4f99e40dafb4aeb3eeeeb820400000004830400000002840102]
2026-09-07 02:29:16.009002 APDU_TRANSPORT_DONE_INFO [9000]
2026-09-07 02:29:16.009002 RFHAL_KERNEL_BIN_TRACE_RX_ON RX ON -- AntPwr: -114, FreqCtrl: 0x380d5700, OF|AnaGi|AdcAttn|BQ|BWs: 0x07000700, dsp_corr: -6126
2026-09-07 02:29:16.009857 RFHAL_KERNEL_BIN_TRACE_RX_OFF RX OFF -- AntPwr: -114, prev W/NBPM: -92, -114, TF|AltADC|DCI/Q(Q5): 0x001a0b, s: 55330, e: 119490
2026-09-07 02:29:16.015014 RFHAL_KERNEL_BIN_TRACE_RX_ON RX ON -- AntPwr: -114, FreqCtrl: 0x380d5700, OF|AnaGi|AdcAttn|BQ|BWs: 0x07000700, dsp_corr: -6127
2026-09-07 02:29:16.015838 RFHAL_KERNEL_BIN_TRACE_RX_OFF RX OFF -- AntPwr: -114, prev W/NBPM: -93, -113, TF|AltADC|DCI/Q(Q5): 0x001a0b, s: 54750, e: 118910
2026-09-07 02:29:16.025024 RFHAL_KERNEL_BIN_TRACE_RX_ON RX ON -- AntPwr: -113, FreqCtrl: 0x380d5700, OF|AnaGi|AdcAttn|BQ|BWs: 0x07000700, dsp_corr: -6130
2026-09-07 02:29:16.025848 RFHAL_KERNEL_BIN_TRACE_RX_OFF RX OFF -- AntPwr: -113, prev W/NBPM: -93, -114, TF|AltADC|DCI/Q(Q5): 0x001a0b, s: 54923, e: 119083
2026-09-07 02:29:16.029022 RFHAL_KERNEL_BIN_TRACE_RX_ON RX ON -- AntPwr: -114, FreqCtrl: 0x380d5700, OF|AnaGi|AdcAttn|BQ|BWs: 0x07000700, dsp_corr: -6131
2026-09-07 02:29:16.029876 RFHAL_KERNEL_BIN_TRACE_RX_OFF RX OFF -- AntPwr: -114, prev W/NBPM: -93, -114, TF|AltADC|DCI/Q(Q5): 0x001a0b, s: 55946, e: 120106
2026-09-07 02:29:16.035003 RFHAL_KERNEL_BIN_TRACE_RX_ON RX ON -- AntPwr: -114, FreqCtrl: 0x380d5700, OF|AnaGi|AdcAttn|BQ|BWs: 0x07000700, dsp_corr: -6133
2026-09-07 02:29:16.035858 RFHAL_KERNEL_BIN_TRACE_RX_OFF RX OFF -- AntPwr: -114, prev W/NBPM: -93, -114, TF|AltADC|DCI/Q(Q5): 0x001a0b, s: 54935, e: 119095
2026-09-07 02:29:16.045013 RFHAL_KERNEL_BIN_TRACE_RX_ON RX ON -- AntPwr: -114, FreqCtrl: 0x380d5700, OF|AnaGi|AdcAttn|BQ|BWs: 0x07000700, dsp_corr: -6135
2026-09-07 02:29:16.045837 RFHAL_KERNEL_BIN_TRACE_RX_OFF RX OFF -- AntPwr: -114, prev W/NBPM: -93, -114, TF|AltADC|DCI/Q(Q5): 0x001a0b, s: 54927, e: 119087
2026-09-07 02:29:16.049011 RFHAL_KERNEL_BIN_TRACE_RX_ON RX ON -- AntPwr: -114, FreqCtrl: 0x380d5700, OF|AnaGi|AdcAttn|BQ|BWs: 0x07000700, dsp_corr: -6136
2026-09-07 02:29:16.049865 RFHAL_KERNEL_BIN_TRACE_RX_OFF RX OFF -- AntPwr: -114, prev W/NBPM: -93, -114, TF|AltADC|DCI/Q(Q5): 0x001a0b, s: 55941, e: 120101
2026-09-07 02:29:16.055023 RFHAL_KERNEL_BIN_TRACE_RX_ON RX ON -- AntPwr: -114, FreqCtrl: 0x380d5700, OF|AnaGi|AdcAttn|BQ|BWs: 0x07000700, dsp_corr: -6138
2026-09-07 02:29:16.055847 RFHAL_KERNEL_BIN_TRACE_RX_OFF RX OFF -- AntPwr: -114, prev W/NBPM: -93, -114, TF|AltADC|DCI/Q(Q5): 0x001a0b, s: 54934, e: 119094
2026-09-07 02:29:16.065002 RFHAL_KERNEL_BIN_TRACE_RX_ON RX ON -- AntPwr: -114, FreqCtrl: 0x380d5700, OF|AnaGi|AdcAttn|BQ|BWs: 0x07000700, dsp_corr: -6141
2026-09-07 02:29:16.065857 RFHAL_KERNEL_BIN_TRACE_RX_OFF RX OFF -- AntPwr: -114, prev W/NBPM: -93, -115, TF|AltADC|DCI/Q(Q5): 0x001a0b, s: 54922, e: 119082
2026-09-07 02:29:16.069000 RFHAL_KERNEL_BIN_TRACE_RX_ON RX ON -- AntPwr: -115, FreqCtrl: 0x380d5700, OF|AnaGi|AdcAttn|BQ|BWs: 0x07000700, dsp_corr: -6142
2026-09-07 02:29:16.069854 RFHAL_KERNEL_BIN_TRACE_RX_OFF RX OFF -- AntPwr: -115, prev W/NBPM: -93, -114, TF|AltADC|DCI/Q(Q5): 0x001a0b, s: 55943, e: 120103
2026-09-07 02:29:16.075012 RFHAL_KERNEL_BIN_TRACE_RX_ON RX ON -- AntPwr: -114, FreqCtrl: 0x380d5700, OF|AnaGi|AdcAttn|BQ|BWs: 0x07000700, dsp_corr: -6143
2026-09-07 02:29:16.075866 RFHAL_KERNEL_BIN_TRACE_RX_OFF RX OFF -- AntPwr: -114, prev W/NBPM: -92, -114, TF|AltADC|DCI/Q(Q5): 0x001a0b, s: 55242, e: 119402
2026-09-07 02:29:16.085022 RFHAL_KERNEL_BIN_TRACE_RX_ON RX ON -- AntPwr: -114, FreqCtrl: 0x380d5700, OF|AnaGi|AdcAttn|BQ|BWs: 0x07000700, dsp_corr: -6146
2026-09-07 02:29:16.085846 RFHAL_KERNEL_BIN_TRACE_RX_OFF RX OFF -- AntPwr: -114, prev W/NBPM: -93, -114, TF|AltADC|DCI/Q(Q5): 0x001a0b, s: 54444, e: 118604
2026-09-07 02:29:16.086822 RFHAL_KERNEL_BIN_TRACE_RX_ON RX ON -- AntPwr: -114, FreqCtrl: 0x380d5700, OF|AnaGi|AdcAttn|BQ|BWs: 0x07000700, dsp_corr: -6125
2026-09-07 02:29:16.125915 L1_DEFAULT_INFO_SERVING_CELL_MEASUREMENTS earfcn: 229232, pci: 22, rsrp: -136, rsrq: -22, SNR: -6
2026-09-07 02:29:16.126831 RFHAL_KERNEL_BIN_TRACE_RX_OFF RX OFF -- AntPwr: -117, prev W/NBPM: -93, -115, TF|AltADC|DCI/Q(Q5): 0x001a0c, s: 46917, e: 3118920
2026-09-07 02:29:16.135009 RFHAL_KERNEL_BIN_TRACE_RX_ON RX ON -- AntPwr: -104, FreqCtrl: 0x380d5700, OF|AnaGi|AdcAttn|BQ|BWs: 0x07000700, dsp_corr: -6156
2026-09-07 02:29:16.156005 RFHAL_KERNEL_BIN_TRACE_RX_OFF RX OFF -- AntPwr: -113, prev W/NBPM: -92, -115, TF|AltADC|DCI/Q(Q5): 0x001a0c, s: 563012, e: 2175812
2026-09-07 02:29:16.159820 RFHAL_KERNEL_BIN_TRACE_RX_ON RX ON -- AntPwr: -117, FreqCtrl: 0x380d5700, OF|AnaGi|AdcAttn|BQ|BWs: 0x07000700, dsp_corr: -6165
2026-09-07 02:29:16.192840 RFHAL_KERNEL_BIN_TRACE_RX_OFF RX OFF -- AntPwr: -117, prev W/NBPM: -93, -115, TF|AltADC|DCI/Q(Q5): 0x001a0b, s: 40385, e: 2574788
2026-09-07 02:29:16.210815 RFHAL_KERNEL_BIN_TRACE_RX_ON RX ON -- AntPwr: -117, FreqCtrl: 0x380d5700, OF|AnaGi|AdcAttn|BQ|BWs: 0x07000700, dsp_corr: -6188
2026-09-07 02:29:16.232849 RFHAL_KERNEL_BIN_TRACE_RX_OFF RX OFF -- AntPwr: -117, prev W/NBPM: -93, -113, TF|AltADC|DCI/Q(Q5): 0x001a0c, s: 38535, e: 1728138
2026-09-07 02:29:16.250824 RFHAL_KERNEL_BIN_TRACE_RX_ON RX ON -- AntPwr: -117, FreqCtrl: 0x380d5700, OF|AnaGi|AdcAttn|BQ|BWs: 0x07000700, dsp_corr: -6189
2026-09-07 02:29:16.272827 RFHAL_KERNEL_BIN_TRACE_RX_OFF RX OFF -- AntPwr: -117, prev W/NBPM: -92, -114, TF|AltADC|DCI/Q(Q5): 0x001a0c, s: 38541, e: 1728144
2026-09-07 02:29:16.290832 RFHAL_KERNEL_BIN_TRACE_RX_ON RX ON -- AntPwr: -117, FreqCtrl: 0x380d5700, OF|AnaGi|AdcAttn|BQ|BWs: 0x07000700, dsp_corr: -6199
2026-09-07 02:29:16.312835 RFHAL_KERNEL_BIN_TRACE_RX_OFF RX OFF -- AntPwr: -117, prev W/NBPM: -93, -114, TF|AltADC|DCI/Q(Q5): 0x001a0c, s: 38543, e: 1728146
2026-09-07 02:29:16.313751 ERRC_PDU_TYPE_BCCH_SI_NB ERRC PDU: SystemInformation-NB
2026-09-07 02:29:16.313751 ERRC_PEER_MSG_NB_SI System Information (SI-NB) [002145c08a58c75c5cc1e76136b6340840d27a969800000140a0000000000000000000000000000000]
2026-09-07 02:29:16.317504 L1_DEFAULT_INFO_SERVING_CELL_MEASUREMENTS earfcn: 229232, pci: 22, rsrp: -138, rsrq: -20, SNR: -6
2026-09-07 02:29:16.325775 RFHAL_KERNEL_BIN_TRACE_RX_ON RX ON -- AntPwr: -103, FreqCtrl: 0x380d5700, OF|AnaGi|AdcAttn|BQ|BWs: 0x07000700, dsp_corr: -6225
2026-09-07 02:29:16.366790 RFHAL_KERNEL_BIN_TRACE_RX_OFF RX OFF -- AntPwr: -114, prev W/NBPM: -92, -114, TF|AltADC|DCI/Q(Q5): 0x001a0c, s: 591874, e: 3740674
2026-09-07 02:29:16.372161 L23_DEFAULT_INFO_RRCSTATECHANGEEVENT RRC State: 3
2026-09-07 02:29:16.372222 L23_ERRC_3GPP_TIMER_START 0 START, timeout 2500 ms
2026-09-07 02:29:16.373840 RFHAL_KERNEL_BIN_TRACE_RX_ON RX ON -- AntPwr: -117, FreqCtrl: 0x380d5700, OF|AnaGi|AdcAttn|BQ|BWs: 0x07000700, dsp_corr: -6242
2026-09-07 02:29:16.412933 L1_DEFAULT_INFO_SERVING_CELL_MEASUREMENTS earfcn: 229232, pci: 22, rsrp: -136, rsrq: -20, SNR: -6
2026-09-07 02:29:16.413848 RFHAL_KERNEL_BIN_TRACE_RX_OFF RX OFF -- AntPwr: -116, prev W/NBPM: -93, -115, TF|AltADC|DCI/Q(Q5): 0x001a0c, s: 38603, e: 3110606
2026-09-07 02:29:17.243438 L1_DEFAULT_INFO_SERVING_CELL_MEASUREMENTS earfcn: 229232, pci: 22, rsrp: -136, rsrq: -20, SNR: -7
2026-09-07 02:29:17.245086 RFHAL_KERNEL_BIN_TRACE_RX_ON RX ON -- AntPwr: -116, FreqCtrl: 0x380d5700, OF|AnaGi|AdcAttn|BQ|BWs: 0x07000700, dsp_corr: -6460
2026-09-07 02:29:17.245880 RFHAL_KERNEL_BIN_TRACE_RX_OFF RX OFF -- AntPwr: -116, prev W/NBPM: -92, -115, TF|AltADC|DCI/Q(Q5): 0x001a0c, s: 88658, e: 150258
2026-09-07 02:29:17.249054 RFHAL_KERNEL_BIN_TRACE_RX_ON RX ON -- AntPwr: -115, FreqCtrl: 0x380d5700, OF|AnaGi|AdcAttn|BQ|BWs: 0x07000700, dsp_corr: -6461
2026-09-07 02:29:17.249908 RFHAL_KERNEL_BIN_TRACE_RX_OFF RX OFF -- AntPwr: -115, prev W/NBPM: -93, -114, TF|AltADC|DCI/Q(Q5): 0x001a0c, s: 54928, e: 119088
2026-09-07 02:29:17.255066 RFHAL_KERNEL_BIN_TRACE_RX_ON RX ON -- AntPwr: -114, FreqCtrl: 0x380d5700, OF|AnaGi|AdcAttn|BQ|BWs: 0x07000700, dsp_corr: -6463
2026-09-07 02:29:17.255889 RFHAL_KERNEL_BIN_TRACE_RX_OFF RX OFF -- AntPwr: -114, prev W/NBPM: -93, -114, TF|AltADC|DCI/Q(Q5): 0x001a0c, s: 54830, e: 118990
2026-09-07 02:29:17.265075 RFHAL_KERNEL_BIN_TRACE_RX_ON RX ON -- AntPwr: -114, FreqCtrl: 0x380d5700, OF|AnaGi|AdcAttn|BQ|BWs: 0x07000700, dsp_corr: -6465
2026-09-07 02:29:17.265899 RFHAL_KERNEL_BIN_TRACE_RX_OFF RX OFF -- AntPwr: -114, prev W/NBPM: -93, -116, TF|AltADC|DCI/Q(Q5): 0x001a0c, s: 54822, e: 118982
2026-09-07 02:29:17.269073 RFHAL_KERNEL_BIN_TRACE_RX_ON RX ON -- AntPwr: -116, FreqCtrl: 0x380d5700, OF|AnaGi|AdcAttn|BQ|BWs: 0x07000700, dsp_corr: -6466
2026-09-07 02:29:17.269928 RFHAL_KERNEL_BIN_TRACE_RX_OFF RX OFF -- AntPwr: -116, prev W/NBPM: -93, -114, TF|AltADC|DCI/Q(Q5): 0x001a0c, s: 55845, e: 120005
2026-09-07 02:29:17.275055 RFHAL_KERNEL_BIN_TRACE_RX_ON RX ON -- AntPwr: -114, FreqCtrl: 0x380d5700, OF|AnaGi|AdcAttn|BQ|BWs: 0x07000700, dsp_corr: -6468
2026-09-07 02:29:17.275909 RFHAL_KERNEL_BIN_TRACE_RX_OFF RX OFF -- AntPwr: -114, prev W/NBPM: -93, -115, TF|AltADC|DCI/Q(Q5): 0x001a0c, s: 54831, e: 118991
2026-09-07 02:29:17.285064 RFHAL_KERNEL_BIN_TRACE_RX_ON RX ON -- AntPwr: -115, FreqCtrl: 0x380d5700, OF|AnaGi|AdcAttn|BQ|BWs: 0x07000700, dsp_corr: -6471
2026-09-07 02:29:17.285888 RFHAL_KERNEL_BIN_TRACE_RX_OFF RX OFF -- AntPwr: -115, prev W/NBPM: -93, -114, TF|AltADC|DCI/Q(Q5): 0x001a0c, s: 54825, e: 118985
2026-09-07 02:29:17.289062 RFHAL_KERNEL_BIN_TRACE_RX_ON RX ON -- AntPwr: -114, FreqCtrl: 0x380d5700, OF|AnaGi|AdcAttn|BQ|BWs: 0x07000700, dsp_corr: -6472
2026-09-07 02:29:17.289917 RFHAL_KERNEL_BIN_TRACE_RX_OFF RX OFF -- AntPwr: -114, prev W/NBPM: -93, -114, TF|AltADC|DCI/Q(Q5): 0x001a0c, s: 55851, e: 120011
2026-09-07 02:29:17.295074 RFHAL_KERNEL_BIN_TRACE_RX_ON RX ON -- AntPwr: -114, FreqCtrl: 0x380d5700, OF|AnaGi|AdcAttn|BQ|BWs: 0x07000700, dsp_corr: -6473
2026-09-07 02:29:17.295898 RFHAL_KERNEL_BIN_TRACE_RX_OFF RX OFF -- AntPwr: -114, prev W/NBPM: -93, -114, TF|AltADC|DCI/Q(Q5): 0x001a0c, s: 54829, e: 118989
2026-09-07 02:29:17.305053 RFHAL_KERNEL_BIN_TRACE_RX_ON RX ON -- AntPwr: -114, FreqCtrl: 0x380d5700, OF|AnaGi|AdcAttn|BQ|BWs: 0x07000700, dsp_corr: -6476
2026-09-07 02:29:17.305908 RFHAL_KERNEL_BIN_TRACE_RX_OFF RX OFF -- AntPwr: -114, prev W/NBPM: -93, -114, TF|AltADC|DCI/Q(Q5): 0x001a0c, s: 54821, e: 118981
2026-09-07 02:29:17.309051 RFHAL_KERNEL_BIN_TRACE_RX_ON RX ON -- AntPwr: -114, FreqCtrl: 0x380d5700, OF|AnaGi|AdcAttn|BQ|BWs: 0x07000700, dsp_corr: -6477
2026-09-07 02:29:17.309906 RFHAL_KERNEL_BIN_TRACE_RX_OFF RX OFF -- AntPwr: -114, prev W/NBPM: -92, -114, TF|AltADC|DCI/Q(Q5): 0x001a0c, s: 55848, e: 120008
2026-09-07 02:29:17.315063 RFHAL_KERNEL_BIN_TRACE_RX_ON RX ON -- AntPwr: -114, FreqCtrl: 0x380d5700, OF|AnaGi|AdcAttn|BQ|BWs: 0x07000700, dsp_corr: -6478
2026-09-07 02:29:17.315887 RFHAL_KERNEL_BIN_TRACE_RX_OFF RX OFF -- AntPwr: -114, prev W/NBPM: -93, -117, TF|AltADC|DCI/Q(Q5): 0x001a0c, s: 55078, e: 119238
2026-09-07 02:29:17.325073 RFHAL_KERNEL_BIN_TRACE_RX_ON RX ON -- AntPwr: -117, FreqCtrl: 0x380d5700, OF|AnaGi|AdcAttn|BQ|BWs: 0x07000700, dsp_corr: -6481
2026-09-07 02:29:17.325897 RFHAL_KERNEL_BIN_TRACE_RX_OFF RX OFF -- AntPwr: -117, prev W/NBPM: -93, -116, TF|AltADC|DCI/Q(Q5): 0x001a0b, s: 54344, e: 118504
2026-09-07 02:29:17.339447 RFHAL_KERNEL_BIN_TRACE_TX_ON TX ON: gen: 0xf4bf0ae7, cmn: 0x144df4, norm: 0x24064, 0xb84e00, 0x1050025, mrx: 0xa8865f, dsp_corr: 6682
2026-09-07 02:29:17.428741 RFHAL_KERNEL_BIN_TRACE_TX_OFF TX OFF: gen: 0xc4, s: 46237, e: 6927517
2026-09-07 02:29:17.430877 RFHAL_KERNEL_BIN_TRACE_RX_ON RX ON -- AntPwr: -116, FreqCtrl: 0x380d5700, OF|AnaGi|AdcAttn|BQ|BWs: 0x07000700, dsp_corr: -6526
2026-09-07 02:29:17.596893 RFHAL_KERNEL_BIN_TRACE_RX_OFF RX OFF -- AntPwr: -117, prev W/NBPM: -93, -114, TF|AltADC|DCI/Q(Q5): 0x001a0c, s: 40412, e: 12789215
2026-09-07 02:29:17.602874 RFHAL_KERNEL_BIN_TRACE_RX_ON RX ON -- AntPwr: -117, FreqCtrl: 0x380d5700, OF|AnaGi|AdcAttn|BQ|BWs: 0x07000700, dsp_corr: -6563
2026-09-07 02:29:17.660888 RFHAL_KERNEL_BIN_TRACE_RX_OFF RX OFF -- AntPwr: -118, prev W/NBPM: -93, -114, TF|AltADC|DCI/Q(Q5): 0x001a0c, s: 39726, e: 4494129
2026-09-07 02:29:17.662872 RFHAL_KERNEL_BIN_TRACE_RX_ON RX ON -- AntPwr: -118, FreqCtrl: 0x380d5700, OF|AnaGi|AdcAttn|BQ|BWs: 0x07000700, dsp_corr: -6588
2026-09-07 02:29:17.763031 L1_DEFAULT_INFO_SERVING_CELL_MEASUREMENTS earfcn: 229232, pci: 22, rsrp: -138, rsrq: -23, SNR: -8
2026-09-07 02:29:17.808014 L1_DCI_DEC_N1_CONTENT_PHY_ALLOC modem: k0:0, n_sf:2, tbs:15, n_rep:8, ndi:0, ack_nack_sc:0, ack_nack_k0:13, dci_sf_rep_nbr:32, harq_id:0
2026-09-07 02:29:17.814025 L1_DCI_DEC_N1_CONTENT_PHY_ALLOC modem: k0:0, n_sf:2, tbs:15, n_rep:8, ndi:0, ack_nack_sc:0, ack_nack_k0:13, dci_sf_rep_nbr:32, harq_id:0
2026-09-07 02:29:17.824005 L1_DCI_DEC_N1_CONTENT_PHY_ALLOC modem: k0:0, n_sf:2, tbs:15, n_rep:8, ndi:0, ack_nack_sc:0, ack_nack_k0:13, dci_sf_rep_nbr:32, harq_id:0
2026-09-07 02:29:17.829010 L1_DCI_DEC_N1_CONTENT_PHY_ALLOC modem: k0:0, n_sf:2, tbs:15, n_rep:8, ndi:0, ack_nack_sc:0, ack_nack_k0:13, dci_sf_rep_nbr:32, harq_id:0
2026-09-07 02:29:17.834899 RFHAL_KERNEL_BIN_TRACE_RX_OFF RX OFF -- AntPwr: -118, prev W/NBPM: -93, -115, TF|AltADC|DCI/Q(Q5): 0x001a0c, s: 40463, e: 13250066
2026-09-07 02:29:17.835022 L1_DCI_DEC_N1_CONTENT_PHY_ALLOC modem: k0:0, n_sf:2, tbs:15, n_rep:8, ndi:0, ack_nack_sc:0, ack_nack_k0:13, dci_sf_rep_nbr:32, harq_id:0
2026-09-07 02:29:17.836883 RFHAL_KERNEL_BIN_TRACE_RX_ON RX ON -- AntPwr: -118, FreqCtrl: 0x380d5700, OF|AnaGi|AdcAttn|BQ|BWs: 0x07000700, dsp_corr: -6614
2026-09-07 02:29:17.898895 RFHAL_KERNEL_BIN_TRACE_RX_OFF RX OFF -- AntPwr: -117, prev W/NBPM: -93, -114, TF|AltADC|DCI/Q(Q5): 0x001a0c, s: 40997, e: 4802600
2026-09-07 02:29:17.921905 RFHAL_KERNEL_BIN_TRACE_RX_ON RX ON -- AntPwr: -117, FreqCtrl: 0x380d5700, OF|AnaGi|AdcAttn|BQ|BWs: 0x07000700, dsp_corr: -6636
2026-09-07 02:29:17.980896 RFHAL_KERNEL_BIN_TRACE_RX_OFF RX OFF -- AntPwr: -117, prev W/NBPM: -93, -115, TF|AltADC|DCI/Q(Q5): 0x001a0b, s: 38714, e: 4569917
2026-09-07 02:29:17.982910 RFHAL_KERNEL_BIN_TRACE_RX_ON RX ON -- AntPwr: -117, FreqCtrl: 0x380d5700, OF|AnaGi|AdcAttn|BQ|BWs: 0x07000700, dsp_corr: -6632
2026-09-07 02:29:18.079040 L1_DEFAULT_INFO_PRACH_REPORT ce_level: 2, ce_mode: 0
2026-09-07 02:29:18.079895 RFHAL_KERNEL_BIN_TRACE_RX_OFF RX OFF -- AntPwr: -117, prev W/NBPM: -93, -114, TF|AltADC|DCI/Q(Q5): 0x001a0c, s: 40471, e: 7490074
2026-09-07 02:29:18.088989 RFHAL_KERNEL_BIN_TRACE_RX_ON RX ON -- AntPwr: -105, FreqCtrl: 0x380d5700, OF|AnaGi|AdcAttn|BQ|BWs: 0x07000700, dsp_corr: -6686
2026-09-07 02:29:18.130004 RFHAL_KERNEL_BIN_TRACE_RX_OFF RX OFF -- AntPwr: -114, prev W/NBPM: -93, -114, TF|AltADC|DCI/Q(Q5): 0x001a0c, s: 591767, e: 3740567
2026-09-07 02:29:18.132110 L1_DEFAULT_INFO_NEIGHBOR_CELL_MEASUREMENTS earfcn: 229232, pci: 22, rsrp: -136, rsrq: -20
2026-09-07 02:29:18.525116 RFHAL_KERNEL_BIN_TRACE_RX_ON RX ON -- AntPwr: -117, FreqCtrl: 0x380d5700, OF|AnaGi|AdcAttn|BQ|BWs: 0x07000700, dsp_corr: -6802
2026-09-07 02:29:18.525940 RFHAL_KERNEL_BIN_TRACE_RX_OFF RX OFF -- AntPwr: -117, prev W/NBPM: -93, -114, TF|AltADC|DCI/Q(Q5): 0x001a0c, s: 95178, e: 156778
2026-09-07 02:29:18.529113 RFHAL_KERNEL_BIN_TRACE_RX_ON RX ON -- AntPwr: -114, FreqCtrl: 0x380d5700, OF|AnaGi|AdcAttn|BQ|BWs: 0x07000700, dsp_corr: -6803
2026-09-07 02:29:18.529968 RFHAL_KERNEL_BIN_TRACE_RX_OFF RX OFF -- AntPwr: -114, prev W/NBPM: -93, -113, TF|AltADC|DCI/Q(Q5): 0x001a0c, s: 54970, e: 119130
2026-09-07 02:29:18.535125 RFHAL_KERNEL_BIN_TRACE_RX_ON RX ON -- AntPwr: -113, FreqCtrl: 0x380d5700, OF|AnaGi|AdcAttn|BQ|BWs: 0x07000700, dsp_corr: -6804
2026-09-07 02:29:18.535949 RFHAL_KERNEL_BIN_TRACE_RX_OFF RX OFF -- AntPwr: -113, prev W/NBPM: -92, -115, TF|AltADC|DCI/Q(Q5): 0x001a0c, s: 54828, e: 118988
2026-09-07 02:29:18.545105 RFHAL_KERNEL_BIN_TRACE_RX_ON RX ON -- AntPwr: -115, FreqCtrl: 0x380d5700, OF|AnaGi|AdcAttn|BQ|BWs: 0x07000700, dsp_corr: -6807
2026-09-07 02:29:18.545959 RFHAL_KERNEL_BIN_TRACE_RX_OFF RX OFF -- AntPwr: -115, prev W/NBPM: -92, -114, TF|AltADC|DCI/Q(Q5): 0x001a0c, s: 54820, e: 118980
2026-09-07 02:29:18.549102 RFHAL_KERNEL_BIN_TRACE_RX_ON RX ON -- AntPwr: -114, FreqCtrl: 0x380d5700, OF|AnaGi|AdcAttn|BQ|BWs: 0x07000700, dsp_corr: -6808
2026-09-07 02:29:18.549957 RFHAL_KERNEL_BIN_TRACE_RX_OFF RX OFF -- AntPwr: -114, prev W/NBPM: -93, -113, TF|AltADC|DCI/Q(Q5): 0x001a0c, s: 55849, e: 120009
2026-09-07 02:29:18.555114 RFHAL_KERNEL_BIN_TRACE_RX_ON RX ON -- AntPwr: -113, FreqCtrl: 0x380d5700, OF|AnaGi|AdcAttn|BQ|BWs: 0x07000700, dsp_corr: -6810
2026-09-07 02:29:18.555938 RFHAL_KERNEL_BIN_TRACE_RX_OFF RX OFF -- AntPwr: -113, prev W/NBPM: -93, -113, TF|AltADC|DCI/Q(Q5): 0x001a0b, s: 54827, e: 118987
2026-09-07 02:29:18.565124 RFHAL_KERNEL_BIN_TRACE_RX_ON RX ON -- AntPwr: -113, FreqCtrl: 0x380d5700, OF|AnaGi|AdcAttn|BQ|BWs: 0x07000700, dsp_corr: -6812
2026-09-07 02:29:18.565948 RFHAL_KERNEL_BIN_TRACE_RX_OFF RX OFF -- AntPwr: -113, prev W/NBPM: -93, -114, TF|AltADC|DCI/Q(Q5): 0x001a0b, s: 54821, e: 118981
2026-09-07 02:29:18.569122 RFHAL_KERNEL_BIN_TRACE_RX_ON RX ON -- AntPwr: -114, FreqCtrl: 0x380d5700, OF|AnaGi|AdcAttn|BQ|BWs: 0x07000700, dsp_corr: -6813
2026-09-07 02:29:18.569976 RFHAL_KERNEL_BIN_TRACE_RX_OFF RX OFF -- AntPwr: -114, prev W/NBPM: -93, -113, TF|AltADC|DCI/Q(Q5): 0x001a0b, s: 55851, e: 120011
2026-09-07 02:29:18.575103 RFHAL_KERNEL_BIN_TRACE_RX_ON RX ON -- AntPwr: -113, FreqCtrl: 0x380d5700, OF|AnaGi|AdcAttn|BQ|BWs: 0x07000700, dsp_corr: -6815
2026-09-07 02:29:18.575958 RFHAL_KERNEL_BIN_TRACE_RX_OFF RX OFF -- AntPwr: -113, prev W/NBPM: -92, -113, TF|AltADC|DCI/Q(Q5): 0x001a0b, s: 54827, e: 118987
2026-09-07 02:29:18.585113 RFHAL_KERNEL_BIN_TRACE_RX_ON RX ON -- AntPwr: -113, FreqCtrl: 0x380d5700, OF|AnaGi|AdcAttn|BQ|BWs: 0x07000700, dsp_corr: -6817
2026-09-07 02:29:18.585937 RFHAL_KERNEL_BIN_TRACE_RX_OFF RX OFF -- AntPwr: -113, prev W/NBPM: -93, -114, TF|AltADC|DCI/Q(Q5): 0x001a0b, s: 54823, e: 118983
2026-09-07 02:29:18.589111 RFHAL_KERNEL_BIN_TRACE_RX_ON RX ON -- AntPwr: -114, FreqCtrl: 0x380d5700, OF|AnaGi|AdcAttn|BQ|BWs: 0x07000700, dsp_corr: -6818
2026-09-07 02:29:18.589965 RFHAL_KERNEL_BIN_TRACE_RX_OFF RX OFF -- AntPwr: -114, prev W/NBPM: -92, -115, TF|AltADC|DCI/Q(Q5): 0x001a0c, s: 55845, e: 120005
2026-09-07 02:29:18.595123 RFHAL_KERNEL_BIN_TRACE_RX_ON RX ON -- AntPwr: -115, FreqCtrl: 0x380d5700, OF|AnaGi|AdcAttn|BQ|BWs: 0x07000700, dsp_corr: -6820
2026-09-07 02:29:18.595947 RFHAL_KERNEL_BIN_TRACE_RX_OFF RX OFF -- AntPwr: -115, prev W/NBPM: -93, -114, TF|AltADC|DCI/Q(Q5): 0x001a0c, s: 55093, e: 119253
2026-09-07 02:29:18.605102 RFHAL_KERNEL_BIN_TRACE_RX_ON RX ON -- AntPwr: -114, FreqCtrl: 0x380d5700, OF|AnaGi|AdcAttn|BQ|BWs: 0x07000700, dsp_corr: -6822
2026-09-07 02:29:18.605957 RFHAL_KERNEL_BIN_TRACE_RX_OFF RX OFF -- AntPwr: -114, prev W/NBPM: -93, -114, TF|AltADC|DCI/Q(Q5): 0x001a0c, s: 54343, e: 118503
2026-09-07 02:29:18.619476 RFHAL_KERNEL_BIN_TRACE_TX_ON TX ON: gen: 0xf4bf0ae7, cmn: 0x144df4, norm: 0x24064, 0xb84e00, 0x1030025, mrx: 0x78845e, dsp_corr: 7033
2026-09-07 02:29:18.708770 RFHAL_KERNEL_BIN_TRACE_TX_OFF TX OFF: gen: 0x105, s: 46315, e: 6927595
2026-09-07 02:29:18.710937 RFHAL_KERNEL_BIN_TRACE_RX_ON RX ON -- AntPwr: -114, FreqCtrl: 0x380d5700, OF|AnaGi|AdcAttn|BQ|BWs: 0x07000700, dsp_corr: -6840
2026-09-07 02:29:18.873931 RFHAL_KERNEL_BIN_TRACE_RX_OFF RX OFF -- AntPwr: -117, prev W/NBPM: -93, -114, TF|AltADC|DCI/Q(Q5): 0x001a0c, s: 40377, e: 12558780
2026-09-07 02:29:18.874023 L1_DEFAULT_INFO_PAGING_DRX earfcn 229232 pci: 22 ue_id: 47 paging_cycle: 128 drx_sys_frame_num_offset: 47 drx_sub_frame_num_offset: 0 drx_nb: 0
2026-09-07 02:29:18.875732 L23_DEFAULT_INFO_RRCSTATECHANGEEVENT RRC State: 2
2026-09-07 02:29:18.876556 L23_DEFAULT_INFO_EMM_STATE_VALUE emm_state: 2, emm_substate: 5
2026-09-07 02:29:18.893982 APDU_TRANSPORT_DONE_INFO [00a408040000047fff6fe30168]
2026-09-07 02:29:18.893982 APDU_RECEIVED_R_APDU_DATA [62178202412183026fe38a01058b036f0605800200128801f09000]
2026-09-07 02:29:18.911132 APDU_TRANSPORT_DONE_INFO [00d60000120bf609f179000101fffffffffffffffffe01]
2026-09-07 02:29:18.928649 APDU_TRANSPORT_DONE_INFO [9000]
2026-09-07 02:29:18.928649 APDU_TRANSPORT_DONE_INFO [00a408040000047fff6fe40168]
2026-09-07 02:29:18.928649 APDU_RECEIVED_R_APDU_DATA [621a8205422100360183026fe48a01058b036f0605800200368801c09000]
2026-09-07 02:29:18.948364 APDU_TRANSPORT_DONE_INFO [00dc010436a034800107812046c76eab42632603451de8f27110c65ae9adf5774ea4f99e40dafb4aeb3eeeeb820400000004830400000002840102]
2026-09-07 02:29:18.948368 APDU_TRANSPORT_DONE_INFO [9000]
2026-09-07 02:29:18.980926 RFHAL_KERNEL_BIN_TRACE_RX_ON RX ON -- AntPwr: -117, FreqCtrl: 0x380d5700, OF|AnaGi|AdcAttn|BQ|BWs: 0x07000700, dsp_corr: -6909
2026-09-07 02:29:19.020935 RFHAL_KERNEL_BIN_TRACE_RX_OFF RX OFF -- AntPwr: -117, prev W/NBPM: -93, -115, TF|AltADC|DCI/Q(Q5): 0x001b0c, s: 71385, e: 3143388
2026-09-07 02:29:19.022949 RFHAL_KERNEL_BIN_TRACE_RX_ON RX ON -- AntPwr: -117, FreqCtrl: 0x380d5700, OF|AnaGi|AdcAttn|BQ|BWs: 0x07000700, dsp_corr: -6911
2026-09-07 02:29:19.043060 L1_DEFAULT_INFO_SERVING_CELL_MEASUREMENTS earfcn: 229232, pci: 22, rsrp: -138, rsrq: -20, SNR: -10
2026-09-07 02:29:19.043945 RFHAL_KERNEL_BIN_TRACE_RX_OFF RX OFF -- AntPwr: -117, prev W/NBPM: -92, -115, TF|AltADC|DCI/Q(Q5): 0x001a0c, s: 39975, e: 1652778
2026-09-07 02:29:20.205200 RFHAL_KERNEL_BIN_TRACE_RX_ON RX ON -- AntPwr: -117, FreqCtrl: 0x380d5700, OF|AnaGi|AdcAttn|BQ|BWs: 0x07000700, dsp_corr: -7213
2026-09-07 02:29:20.205993 RFHAL_KERNEL_BIN_TRACE_RX_OFF RX OFF -- AntPwr: -117, prev W/NBPM: -93, -113, TF|AltADC|DCI/Q(Q5): 0x001a0c, s: 94268, e: 155868
2026-09-07 02:29:20.209167 RFHAL_KERNEL_BIN_TRACE_RX_ON RX ON -- AntPwr: -113, FreqCtrl: 0x380d5700, OF|AnaGi|AdcAttn|BQ|BWs: 0x07000700, dsp_corr: -7214
2026-09-07 02:29:20.210022 RFHAL_KERNEL_BIN_TRACE_RX_OFF RX OFF -- AntPwr: -113, prev W/NBPM: -93, -116, TF|AltADC|DCI/Q(Q5): 0x001a0c, s: 55069, e: 119229
2026-09-07 02:29:20.215179 RFHAL_KERNEL_BIN_TRACE_RX_ON RX ON -- AntPwr: -116, FreqCtrl: 0x380d5700, OF|AnaGi|AdcAttn|BQ|BWs: 0x07000700, dsp_corr: -7216
2026-09-07 02:29:20.216003 RFHAL_KERNEL_BIN_TRACE_RX_OFF RX OFF -- AntPwr: -116, prev W/NBPM: -93, -117, TF|AltADC|DCI/Q(Q5): 0x001a0c, s: 54932, e: 119092
2026-09-07 02:29:20.225189 RFHAL_KERNEL_BIN_TRACE_RX_ON RX ON -- AntPwr: -117, FreqCtrl: 0x380d5700, OF|AnaGi|AdcAttn|BQ|BWs: 0x07000700, dsp_corr: -7218
2026-09-07 02:29:20.226013 RFHAL_KERNEL_BIN_TRACE_RX_OFF RX OFF -- AntPwr: -117, prev W/NBPM: -93, -114, TF|AltADC|DCI/Q(Q5): 0x001a0c, s: 54923, e: 119083
2026-09-07 02:29:20.229187 RFHAL_KERNEL_BIN_TRACE_RX_ON RX ON -- AntPwr: -114, FreqCtrl: 0x380d5700, OF|AnaGi|AdcAttn|BQ|BWs: 0x07000700, dsp_corr: -7219
2026-09-07 02:29:20.230041 RFHAL_KERNEL_BIN_TRACE_RX_OFF RX OFF -- AntPwr: -114, prev W/NBPM: -93, -116, TF|AltADC|DCI/Q(Q5): 0x001a0c, s: 55941, e: 120101
2026-09-07 02:29:20.235168 RFHAL_KERNEL_BIN_TRACE_RX_ON RX ON -- AntPwr: -116, FreqCtrl: 0x380d5700, OF|AnaGi|AdcAttn|BQ|BWs: 0x07000700, dsp_corr: -7221
2026-09-07 02:29:20.236023 RFHAL_KERNEL_BIN_TRACE_RX_OFF RX OFF -- AntPwr: -116, prev W/NBPM: -93, -115, TF|AltADC|DCI/Q(Q5): 0x001a0c, s: 54932, e: 119092
2026-09-07 02:29:20.245178 RFHAL_KERNEL_BIN_TRACE_RX_ON RX ON -- AntPwr: -115, FreqCtrl: 0x380d5700, OF|AnaGi|AdcAttn|BQ|BWs: 0x07000700, dsp_corr: -7223
2026-09-07 02:29:20.246032 RFHAL_KERNEL_BIN_TRACE_RX_OFF RX OFF -- AntPwr: -115, prev W/NBPM: -93, -114, TF|AltADC|DCI/Q(Q5): 0x001a0c, s: 54924, e: 119084
2026-09-07 02:29:20.249176 RFHAL_KERNEL_BIN_TRACE_RX_ON RX ON -- AntPwr: -114, FreqCtrl: 0x380d5700, OF|AnaGi|AdcAttn|BQ|BWs: 0x07000700, dsp_corr: -7224
2026-09-07 02:29:20.250030 RFHAL_KERNEL_BIN_TRACE_RX_OFF RX OFF -- AntPwr: -114, prev W/NBPM: -93, -115, TF|AltADC|DCI/Q(Q5): 0x001a0c, s: 55943, e: 120103
2026-09-07 02:29:20.255188 RFHAL_KERNEL_BIN_TRACE_RX_ON RX ON -- AntPwr: -115, FreqCtrl: 0x380d5700, OF|AnaGi|AdcAttn|BQ|BWs: 0x07000700, dsp_corr: -7226
2026-09-07 02:29:20.256012 RFHAL_KERNEL_BIN_TRACE_RX_OFF RX OFF -- AntPwr: -115, prev W/NBPM: -93, -115, TF|AltADC|DCI/Q(Q5): 0x001a0c, s: 54929, e: 119089
2026-09-07 02:29:20.265167 RFHAL_KERNEL_BIN_TRACE_RX_ON RX ON -- AntPwr: -115, FreqCtrl: 0x380d5700, OF|AnaGi|AdcAttn|BQ|BWs: 0x07000700, dsp_corr: -7228
2026-09-07 02:29:20.266021 RFHAL_KERNEL_BIN_TRACE_RX_OFF RX OFF -- AntPwr: -115, prev W/NBPM: -93, -114, TF|AltADC|DCI/Q(Q5): 0x001a0c, s: 54924, e: 119084
2026-09-07 02:29:20.302978 RFHAL_KERNEL_BIN_TRACE_RX_ON RX ON -- AntPwr: -114, FreqCtrl: 0x380d5700, OF|AnaGi|AdcAttn|BQ|BWs: 0x07000700, dsp_corr: -7230
2026-09-07 02:29:20.323150 L1_DEFAULT_INFO_SERVING_CELL_MEASUREMENTS earfcn: 229232, pci: 22, rsrp: -137, rsrq: -20, SNR: -9
2026-09-07 02:29:20.324005 RFHAL_KERNEL_BIN_TRACE_RX_OFF RX OFF -- AntPwr: -117, prev W/NBPM: -93, -115, TF|AltADC|DCI/Q(Q5): 0x001b0c, s: 38141, e: 1650944
2026-09-07 02:29:20.332183 RFHAL_KERNEL_BIN_TRACE_RX_ON RX ON -- AntPwr: -103, FreqCtrl: 0x380d5700, OF|AnaGi|AdcAttn|BQ|BWs: 0x07000700, dsp_corr: -7244
2026-09-07 02:29:20.373169 RFHAL_KERNEL_BIN_TRACE_RX_OFF RX OFF -- AntPwr: -114, prev W/NBPM: -92, -114, TF|AltADC|DCI/Q(Q5): 0x001a0c, s: 563010, e: 3711810
2026-09-07 02:29:20.375274 L1_DEFAULT_INFO_NEIGHBOR_CELL_MEASUREMENTS earfcn: 229232, pci: 22, rsrp: -139, rsrq: -22
2026-09-07 02:29:21.485260 RFHAL_KERNEL_BIN_TRACE_RX_ON RX ON -- AntPwr: -118, FreqCtrl: 0x380d5700, OF|AnaGi|AdcAttn|BQ|BWs: 0x07000700, dsp_corr: -7538
2026-09-07 02:29:21.486053 RFHAL_KERNEL_BIN_TRACE_RX_OFF RX OFF -- AntPwr: -118, prev W/NBPM: -93, -115, TF|AltADC|DCI/Q(Q5): 0x001a0c, s: 95616, e: 157216
2026-09-07 02:29:21.489227 RFHAL_KERNEL_BIN_TRACE_RX_ON RX ON -- AntPwr: -115, FreqCtrl: 0x380d5700, OF|AnaGi|AdcAttn|BQ|BWs: 0x07000700, dsp_corr: -7539
2026-09-07 02:29:21.490081 RFHAL_KERNEL_BIN_TRACE_RX_OFF RX OFF -- AntPwr: -115, prev W/NBPM: -93, -114, TF|AltADC|DCI/Q(Q5): 0x001a0c, s: 55066, e: 119226
2026-09-07 02:29:21.495239 RFHAL_KERNEL_BIN_TRACE_RX_ON RX ON -- AntPwr: -114, FreqCtrl: 0x380d5700, OF|AnaGi|AdcAttn|BQ|BWs: 0x07000700, dsp_corr: -7541
2026-09-07 02:29:21.496063 RFHAL_KERNEL_BIN_TRACE_RX_OFF RX OFF -- AntPwr: -114, prev W/NBPM: -93, -114, TF|AltADC|DCI/Q(Q5): 0x001a0c, s: 54928, e: 119088
2026-09-07 02:29:21.505218 RFHAL_KERNEL_BIN_TRACE_RX_ON RX ON -- AntPwr: -114, FreqCtrl: 0x380d5700, OF|AnaGi|AdcAttn|BQ|BWs: 0x07000700, dsp_corr: -7543
2026-09-07 02:29:21.506073 RFHAL_KERNEL_BIN_TRACE_RX_OFF RX OFF -- AntPwr: -114, prev W/NBPM: -93, -114, TF|AltADC|DCI/Q(Q5): 0x001a0c, s: 54920, e: 119080
2026-09-07 02:29:21.509216 RFHAL_KERNEL_BIN_TRACE_RX_ON RX ON -- AntPwr: -114, FreqCtrl: 0x380d5700, OF|AnaGi|AdcAttn|BQ|BWs: 0x07000700, dsp_corr: -7544
2026-09-07 02:29:21.510070 RFHAL_KERNEL_BIN_TRACE_RX_OFF RX OFF -- AntPwr: -114, prev W/NBPM: -93, -115, TF|AltADC|DCI/Q(Q5): 0x001a0c, s: 55940, e: 120100
2026-09-07 02:29:21.515228 RFHAL_KERNEL_BIN_TRACE_RX_ON RX ON -- AntPwr: -115, FreqCtrl: 0x380d5700, OF|AnaGi|AdcAttn|BQ|BWs: 0x07000700, dsp_corr: -7546
2026-09-07 02:29:21.516082 RFHAL_KERNEL_BIN_TRACE_RX_OFF RX OFF -- AntPwr: -115, prev W/NBPM: -93, -115, TF|AltADC|DCI/Q(Q5): 0x001a0c, s: 54931, e: 119091
2026-09-07 02:29:21.525238 RFHAL_KERNEL_BIN_TRACE_RX_ON RX ON -- AntPwr: -115, FreqCtrl: 0x380d5700, OF|AnaGi|AdcAttn|BQ|BWs: 0x07000700, dsp_corr: -7548
2026-09-07 02:29:21.526062 RFHAL_KERNEL_BIN_TRACE_RX_OFF RX OFF -- AntPwr: -115, prev W/NBPM: -93, -115, TF|AltADC|DCI/Q(Q5): 0x001a0c, s: 54919, e: 119079
2026-09-07 02:29:21.529235 RFHAL_KERNEL_BIN_TRACE_RX_ON RX ON -- AntPwr: -115, FreqCtrl: 0x380d5700, OF|AnaGi|AdcAttn|BQ|BWs: 0x07000700, dsp_corr: -7549
2026-09-07 02:29:21.530090 RFHAL_KERNEL_BIN_TRACE_RX_OFF RX OFF -- AntPwr: -115, prev W/NBPM: -92, -115, TF|AltADC|DCI/Q(Q5): 0x001a0c, s: 55941, e: 120101
2026-09-07 02:29:21.535217 RFHAL_KERNEL_BIN_TRACE_RX_ON RX ON -- AntPwr: -115, FreqCtrl: 0x380d5700, OF|AnaGi|AdcAttn|BQ|BWs: 0x07000700, dsp_corr: -7551
2026-09-07 02:29:21.536071 RFHAL_KERNEL_BIN_TRACE_RX_OFF RX OFF -- AntPwr: -115, prev W/NBPM: -93, -114, TF|AltADC|DCI/Q(Q5): 0x001a0c, s: 54927, e: 119087
2026-09-07 02:29:21.545227 RFHAL_KERNEL_BIN_TRACE_RX_ON RX ON -- AntPwr: -114, FreqCtrl: 0x380d5700, OF|AnaGi|AdcAttn|BQ|BWs: 0x07000700, dsp_corr: -7553
2026-09-07 02:29:21.546081 RFHAL_KERNEL_BIN_TRACE_RX_OFF RX OFF -- AntPwr: -114, prev W/NBPM: -92, -114, TF|AltADC|DCI/Q(Q5): 0x001a0c, s: 54918, e: 119078
2026-09-07 02:29:21.549224 RFHAL_KERNEL_BIN_TRACE_RX_ON RX ON -- AntPwr: -114, FreqCtrl: 0x380d5700, OF|AnaGi|AdcAttn|BQ|BWs: 0x07000700, dsp_corr: -7554
2026-09-07 02:29:21.550079 RFHAL_KERNEL_BIN_TRACE_RX_OFF RX OFF -- AntPwr: -114, prev W/NBPM: -93, -115, TF|AltADC|DCI/Q(Q5): 0x001a0c, s: 55940, e: 120100
2026-09-07 02:29:21.555236 RFHAL_KERNEL_BIN_TRACE_RX_ON RX ON -- AntPwr: -115, FreqCtrl: 0x380d5700, OF|AnaGi|AdcAttn|BQ|BWs: 0x07000700, dsp_corr: -7556
2026-09-07 02:29:21.556060 RFHAL_KERNEL_BIN_TRACE_RX_OFF RX OFF -- AntPwr: -115, prev W/NBPM: -93, -115, TF|AltADC|DCI/Q(Q5): 0x001a0b, s: 55191, e: 119351
2026-09-07 02:29:21.565246 RFHAL_KERNEL_BIN_TRACE_RX_ON RX ON -- AntPwr: -115, FreqCtrl: 0x380d5700, OF|AnaGi|AdcAttn|BQ|BWs: 0x07000700, dsp_corr: -7558
2026-09-07 02:29:21.566070 RFHAL_KERNEL_BIN_TRACE_RX_OFF RX OFF -- AntPwr: -115, prev W/NBPM: -93, -114, TF|AltADC|DCI/Q(Q5): 0x001a0c, s: 54442, e: 118602
2026-09-07 02:29:21.583038 RFHAL_KERNEL_BIN_TRACE_RX_ON RX ON -- AntPwr: -114, FreqCtrl: 0x380d5700, OF|AnaGi|AdcAttn|BQ|BWs: 0x07000700, dsp_corr: -7585
2026-09-07 02:29:21.603180 L1_DEFAULT_INFO_SERVING_CELL_MEASUREMENTS earfcn: 229232, pci: 22, rsrp: -137, rsrq: -20, SNR: -9
2026-09-07 02:29:21.604034 RFHAL_KERNEL_BIN_TRACE_RX_OFF RX OFF -- AntPwr: -117, prev W/NBPM: -93, -114, TF|AltADC|DCI/Q(Q5): 0x001a0c, s: 38259, e: 1651062
2026-09-07 02:29:22.685302 RFHAL_KERNEL_BIN_TRACE_RX_ON RX ON -- AntPwr: -117, FreqCtrl: 0x380d5700, OF|AnaGi|AdcAttn|BQ|BWs: 0x07000700, dsp_corr: -7842
2026-09-07 02:29:22.686096 RFHAL_KERNEL_BIN_TRACE_RX_OFF RX OFF -- AntPwr: -117, prev W/NBPM: -93, -116, TF|AltADC|DCI/Q(Q5): 0x001a0c, s: 96008, e: 157608
2026-09-07 02:29:22.689270 RFHAL_KERNEL_BIN_TRACE_RX_ON RX ON -- AntPwr: -116, FreqCtrl: 0x380d5700, OF|AnaGi|AdcAttn|BQ|BWs: 0x07000700, dsp_corr: -7842
2026-09-07 02:29:22.690124 RFHAL_KERNEL_BIN_TRACE_RX_OFF RX OFF -- AntPwr: -116, prev W/NBPM: -93, -115, TF|AltADC|DCI/Q(Q5): 0x001a0c, s: 55068, e: 119228
2026-09-07 02:29:22.695282 RFHAL_KERNEL_BIN_TRACE_RX_ON RX ON -- AntPwr: -115, FreqCtrl: 0x380d5700, OF|AnaGi|AdcAttn|BQ|BWs: 0x07000700, dsp_corr: -7844
2026-09-07 02:29:22.696106 RFHAL_KERNEL_BIN_TRACE_RX_OFF RX OFF -- AntPwr: -115, prev W/NBPM: -92, -114, TF|AltADC|DCI/Q(Q5): 0x001a0c, s: 54929, e: 119089
2026-09-07 02:29:22.705291 RFHAL_KERNEL_BIN_TRACE_RX_ON RX ON -- AntPwr: -114, FreqCtrl: 0x380d5700, OF|AnaGi|AdcAttn|BQ|BWs: 0x07000700, dsp_corr: -7847
2026-09-07 02:29:22.706115 RFHAL_KERNEL_BIN_TRACE_RX_OFF RX OFF -- AntPwr: -114, prev W/NBPM: -93, -115, TF|AltADC|DCI/Q(Q5): 0x001a0c, s: 54925, e: 119085
2026-09-07 02:29:22.709289 RFHAL_KERNEL_BIN_TRACE_RX_ON RX ON -- AntPwr: -115, FreqCtrl: 0x380d5700, OF|AnaGi|AdcAttn|BQ|BWs: 0x07000700, dsp_corr: -7847
2026-09-07 02:29:22.710144 RFHAL_KERNEL_BIN_TRACE_RX_OFF RX OFF -- AntPwr: -115, prev W/NBPM: -93, -114, TF|AltADC|DCI/Q(Q5): 0x001a0c, s: 55940, e: 120100
2026-09-07 02:29:22.715271 RFHAL_KERNEL_BIN_TRACE_RX_ON RX ON -- AntPwr: -114, FreqCtrl: 0x380d5700, OF|AnaGi|AdcAttn|BQ|BWs: 0x07000700, dsp_corr: -7849
2026-09-07 02:29:22.716125 RFHAL_KERNEL_BIN_TRACE_RX_OFF RX OFF -- AntPwr: -114, prev W/NBPM: -93, -116, TF|AltADC|DCI/Q(Q5): 0x001a0c, s: 54931, e: 119091
2026-09-07 02:29:22.725280 RFHAL_KERNEL_BIN_TRACE_RX_ON RX ON -- AntPwr: -116, FreqCtrl: 0x380d5700, OF|AnaGi|AdcAttn|BQ|BWs: 0x07000700, dsp_corr: -7852
2026-09-07 02:29:22.726104 RFHAL_KERNEL_BIN_TRACE_RX_OFF RX OFF -- AntPwr: -116, prev W/NBPM: -93, -116, TF|AltADC|DCI/Q(Q5): 0x001a0c, s: 54923, e: 119083
2026-09-07 02:29:22.729278 RFHAL_KERNEL_BIN_TRACE_RX_ON RX ON -- AntPwr: -116, FreqCtrl: 0x380d5700, OF|AnaGi|AdcAttn|BQ|BWs: 0x07000700, dsp_corr: -7852
2026-09-07 02:29:22.730133 RFHAL_KERNEL_BIN_TRACE_RX_OFF RX OFF -- AntPwr: -116, prev W/NBPM: -93, -115, TF|AltADC|DCI/Q(Q5): 0x001a0c, s: 55940, e: 120100
2026-09-07 02:29:22.735290 RFHAL_KERNEL_BIN_TRACE_RX_ON RX ON -- AntPwr: -115, FreqCtrl: 0x380d5700, OF|AnaGi|AdcAttn|BQ|BWs: 0x07000700, dsp_corr: -7854
2026-09-07 02:29:22.736114 RFHAL_KERNEL_BIN_TRACE_RX_OFF RX OFF -- AntPwr: -115, prev W/NBPM: -93, -114, TF|AltADC|DCI/Q(Q5): 0x001a0c, s: 54933, e: 119093
2026-09-07 02:29:22.745269 RFHAL_KERNEL_BIN_TRACE_RX_ON RX ON -- AntPwr: -114, FreqCtrl: 0x380d5700, OF|AnaGi|AdcAttn|BQ|BWs: 0x07000700, dsp_corr: -7857
2026-09-07 02:29:22.746124 RFHAL_KERNEL_BIN_TRACE_RX_OFF RX OFF -- AntPwr: -114, prev W/NBPM: -93, -114, TF|AltADC|DCI/Q(Q5): 0x001a0c, s: 54922, e: 119082
2026-09-07 02:29:22.749267 RFHAL_KERNEL_BIN_TRACE_RX_ON RX ON -- AntPwr: -114, FreqCtrl: 0x380d5700, OF|AnaGi|AdcAttn|BQ|BWs: 0x07000700, dsp_corr: -7857
2026-09-07 02:29:22.750122 RFHAL_KERNEL_BIN_TRACE_RX_OFF RX OFF -- AntPwr: -114, prev W/NBPM: -93, -117, TF|AltADC|DCI/Q(Q5): 0x001a0c, s: 55941, e: 120101
2026-09-07 02:29:22.755279 RFHAL_KERNEL_BIN_TRACE_RX_ON RX ON -- AntPwr: -117, FreqCtrl: 0x380d5700, OF|AnaGi|AdcAttn|BQ|BWs: 0x07000700, dsp_corr: -7859
2026-09-07 02:29:22.756134 RFHAL_KERNEL_BIN_TRACE_RX_OFF RX OFF -- AntPwr: -117, prev W/NBPM: -93, -114, TF|AltADC|DCI/Q(Q5): 0x001a0c, s: 54930, e: 119090
2026-09-07 02:29:22.765289 RFHAL_KERNEL_BIN_TRACE_RX_ON RX ON -- AntPwr: -114, FreqCtrl: 0x380d5700, OF|AnaGi|AdcAttn|BQ|BWs: 0x07000700, dsp_corr: -7862
2026-09-07 02:29:22.766113 RFHAL_KERNEL_BIN_TRACE_RX_OFF RX OFF -- AntPwr: -114, prev W/NBPM: -93, -116, TF|AltADC|DCI/Q(Q5): 0x001a0b, s: 54923, e: 119083
2026-09-07 02:29:22.769287 RFHAL_KERNEL_BIN_TRACE_RX_ON RX ON -- AntPwr: -116, FreqCtrl: 0x380d5700, OF|AnaGi|AdcAttn|BQ|BWs: 0x07000700, dsp_corr: -7862
2026-09-07 02:29:22.770111 RFHAL_KERNEL_BIN_TRACE_RX_OFF RX OFF -- AntPwr: -116, prev W/NBPM: -92, -115, TF|AltADC|DCI/Q(Q5): 0x001a0b, s: 55943, e: 120103
2026-09-07 02:29:22.775268 RFHAL_KERNEL_BIN_TRACE_RX_ON RX ON -- AntPwr: -115, FreqCtrl: 0x380d5700, OF|AnaGi|AdcAttn|BQ|BWs: 0x07000700, dsp_corr: -7864
2026-09-07 02:29:22.776123 RFHAL_KERNEL_BIN_TRACE_RX_OFF RX OFF -- AntPwr: -115, prev W/NBPM: -93, -115, TF|AltADC|DCI/Q(Q5): 0x001a0b, s: 54931, e: 119091
2026-09-07 02:29:22.785278 RFHAL_KERNEL_BIN_TRACE_RX_ON RX ON -- AntPwr: -115, FreqCtrl: 0x380d5700, OF|AnaGi|AdcAttn|BQ|BWs: 0x07000700, dsp_corr: -7867
2026-09-07 02:29:22.786132 RFHAL_KERNEL_BIN_TRACE_RX_OFF RX OFF -- AntPwr: -115, prev W/NBPM: -92, -116, TF|AltADC|DCI/Q(Q5): 0x001a0b, s: 54922, e: 119082
2026-09-07 02:29:22.789276 RFHAL_KERNEL_BIN_TRACE_RX_ON RX ON -- AntPwr: -116, FreqCtrl: 0x380d5700, OF|AnaGi|AdcAttn|BQ|BWs: 0x07000700, dsp_corr: -7867
2026-09-07 02:29:22.790130 RFHAL_KERNEL_BIN_TRACE_RX_OFF RX OFF -- AntPwr: -116, prev W/NBPM: -93, -116, TF|AltADC|DCI/Q(Q5): 0x001a0b, s: 55940, e: 120100
2026-09-07 02:29:22.795288 RFHAL_KERNEL_BIN_TRACE_RX_ON RX ON -- AntPwr: -116, FreqCtrl: 0x380d5700, OF|AnaGi|AdcAttn|BQ|BWs: 0x07000700, dsp_corr: -7869
2026-09-07 02:29:22.796112 RFHAL_KERNEL_BIN_TRACE_RX_OFF RX OFF -- AntPwr: -116, prev W/NBPM: -93, -115, TF|AltADC|DCI/Q(Q5): 0x001a0b, s: 54931, e: 119091
2026-09-07 02:29:22.805297 RFHAL_KERNEL_BIN_TRACE_RX_ON RX ON -- AntPwr: -115, FreqCtrl: 0x380d5700, OF|AnaGi|AdcAttn|BQ|BWs: 0x07000700, dsp_corr: -7872
2026-09-07 02:29:22.806121 RFHAL_KERNEL_BIN_TRACE_RX_OFF RX OFF -- AntPwr: -115, prev W/NBPM: -93, -113, TF|AltADC|DCI/Q(Q5): 0x001a0b, s: 54926, e: 119086
2026-09-07 02:29:22.809295 RFHAL_KERNEL_BIN_TRACE_RX_ON RX ON -- AntPwr: -113, FreqCtrl: 0x380d5700, OF|AnaGi|AdcAttn|BQ|BWs: 0x07000700, dsp_corr: -7872
2026-09-07 02:29:22.810119 RFHAL_KERNEL_BIN_TRACE_RX_OFF RX OFF -- AntPwr: -113, prev W/NBPM: -93, -114, TF|AltADC|DCI/Q(Q5): 0x001a0b, s: 55940, e: 120100
2026-09-07 02:29:22.815277 RFHAL_KERNEL_BIN_TRACE_RX_ON RX ON -- AntPwr: -114, FreqCtrl: 0x380d5700, OF|AnaGi|AdcAttn|BQ|BWs: 0x07000700, dsp_corr: -7874
2026-09-07 02:29:22.816131 RFHAL_KERNEL_BIN_TRACE_RX_OFF RX OFF -- AntPwr: -114, prev W/NBPM: -93, -115, TF|AltADC|DCI/Q(Q5): 0x001a0b, s: 54932, e: 119092
2026-09-07 02:29:22.825286 RFHAL_KERNEL_BIN_TRACE_RX_ON RX ON -- AntPwr: -115, FreqCtrl: 0x380d5700, OF|AnaGi|AdcAttn|BQ|BWs: 0x07000700, dsp_corr: -7877
2026-09-07 02:29:22.826110 RFHAL_KERNEL_BIN_TRACE_RX_OFF RX OFF -- AntPwr: -115, prev W/NBPM: -93, -113, TF|AltADC|DCI/Q(Q5): 0x001a0b, s: 54925, e: 119085
2026-09-07 02:29:22.829284 RFHAL_KERNEL_BIN_TRACE_RX_ON RX ON -- AntPwr: -113, FreqCtrl: 0x380d5700, OF|AnaGi|AdcAttn|BQ|BWs: 0x07000700, dsp_corr: -7877
2026-09-07 02:29:22.830108 RFHAL_KERNEL_BIN_TRACE_RX_OFF RX OFF -- AntPwr: -113, prev W/NBPM: -93, -114, TF|AltADC|DCI/Q(Q5): 0x001a0b, s: 55942, e: 120102
2026-09-07 02:29:22.835296 RFHAL_KERNEL_BIN_TRACE_RX_ON RX ON -- AntPwr: -114, FreqCtrl: 0x380d5700, OF|AnaGi|AdcAttn|BQ|BWs: 0x07000700, dsp_corr: -7879
2026-09-07 02:29:22.836120 RFHAL_KERNEL_BIN_TRACE_RX_OFF RX OFF -- AntPwr: -114, prev W/NBPM: -93, -115, TF|AltADC|DCI/Q(Q5): 0x001a0b, s: 55194, e: 119354
2026-09-07 02:29:22.845275 RFHAL_KERNEL_BIN_TRACE_RX_ON RX ON -- AntPwr: -115, FreqCtrl: 0x380d5700, OF|AnaGi|AdcAttn|BQ|BWs: 0x07000700, dsp_corr: -7882
2026-09-07 02:29:22.846130 RFHAL_KERNEL_BIN_TRACE_RX_OFF RX OFF -- AntPwr: -115, prev W/NBPM: -92, -114, TF|AltADC|DCI/Q(Q5): 0x001a0b, s: 54440, e: 118600
2026-09-07 02:29:22.863098 RFHAL_KERNEL_BIN_TRACE_RX_ON RX ON -- AntPwr: -114, FreqCtrl: 0x380d5700, OF|AnaGi|AdcAttn|BQ|BWs: 0x07000700, dsp_corr: -7881
2026-09-07 02:29:22.883270 L1_DEFAULT_INFO_SERVING_CELL_MEASUREMENTS earfcn: 229232, pci: 22, rsrp: -140, rsrq: -27, SNR: -12
2026-09-07 02:29:22.884094 RFHAL_KERNEL_BIN_TRACE_RX_OFF RX OFF -- AntPwr: -117, prev W/NBPM: -93, -114, TF|AltADC|DCI/Q(Q5): 0x001a0b, s: 38135, e: 1650938
2026-09-07 02:29:22.892273 RFHAL_KERNEL_BIN_TRACE_RX_ON RX ON -- AntPwr: -103, FreqCtrl: 0x380d5700, OF|AnaGi|AdcAttn|BQ|BWs: 0x07000700, dsp_corr: -7896
2026-09-07 02:29:22.933258 RFHAL_KERNEL_BIN_TRACE_RX_OFF RX OFF -- AntPwr: -114, prev W/NBPM: -92, -114, TF|AltADC|DCI/Q(Q5): 0x001a0c, s: 563010, e: 3711810
2026-09-07 02:29:22.935363 L1_DEFAULT_INFO_NEIGHBOR_CELL_MEASUREMENTS earfcn: 229232, pci: 22, rsrp: -142, rsrq: -25
2026-09-07 02:29:23.965332 RFHAL_KERNEL_BIN_TRACE_RX_ON RX ON -- AntPwr: -118, FreqCtrl: 0x380d5700, OF|AnaGi|AdcAttn|BQ|BWs: 0x07000700, dsp_corr: -8164
2026-09-07 02:29:23.966156 RFHAL_KERNEL_BIN_TRACE_RX_OFF RX OFF -- AntPwr: -118, prev W/NBPM: -93, -115, TF|AltADC|DCI/Q(Q5): 0x001a0c, s: 93441, e: 155041
2026-09-07 02:29:23.969329 RFHAL_KERNEL_BIN_TRACE_RX_ON RX ON -- AntPwr: -115, FreqCtrl: 0x380d5700, OF|AnaGi|AdcAttn|BQ|BWs: 0x07000700, dsp_corr: -8164
2026-09-07 02:29:23.970184 RFHAL_KERNEL_BIN_TRACE_RX_OFF RX OFF -- AntPwr: -115, prev W/NBPM: -92, -114, TF|AltADC|DCI/Q(Q5): 0x001a0c, s: 55067, e: 119227
2026-09-07 02:29:23.975341 RFHAL_KERNEL_BIN_TRACE_RX_ON RX ON -- AntPwr: -114, FreqCtrl: 0x380d5700, OF|AnaGi|AdcAttn|BQ|BWs: 0x07000700, dsp_corr: -8166
2026-09-07 02:29:23.976165 RFHAL_KERNEL_BIN_TRACE_RX_OFF RX OFF -- AntPwr: -114, prev W/NBPM: -93, -115, TF|AltADC|DCI/Q(Q5): 0x001a0b, s: 54928, e: 119088
2026-09-07 02:29:23.985321 RFHAL_KERNEL_BIN_TRACE_RX_ON RX ON -- AntPwr: -115, FreqCtrl: 0x380d5700, OF|AnaGi|AdcAttn|BQ|BWs: 0x07000700, dsp_corr: -8169
2026-09-07 02:29:23.986175 RFHAL_KERNEL_BIN_TRACE_RX_OFF RX OFF -- AntPwr: -115, prev W/NBPM: -92, -114, TF|AltADC|DCI/Q(Q5): 0x001a0b, s: 54926, e: 119086
2026-09-07 02:29:23.989318 RFHAL_KERNEL_BIN_TRACE_RX_ON RX ON -- AntPwr: -114, FreqCtrl: 0x380d5700, OF|AnaGi|AdcAttn|BQ|BWs: 0x07000700, dsp_corr: -8169
2026-09-07 02:29:23.990173 RFHAL_KERNEL_BIN_TRACE_RX_OFF RX OFF -- AntPwr: -114, prev W/NBPM: -93, -115, TF|AltADC|DCI/Q(Q5): 0x001a0c, s: 55938, e: 120098
2026-09-07 02:29:23.995330 RFHAL_KERNEL_BIN_TRACE_RX_ON RX ON -- AntPwr: -115, FreqCtrl: 0x380d5700, OF|AnaGi|AdcAttn|BQ|BWs: 0x07000700, dsp_corr: -8171
2026-09-07 02:29:23.996154 RFHAL_KERNEL_BIN_TRACE_RX_OFF RX OFF -- AntPwr: -115, prev W/NBPM: -93, -114, TF|AltADC|DCI/Q(Q5): 0x001a0b, s: 54930, e: 119090
2026-09-07 02:29:24.005340 RFHAL_KERNEL_BIN_TRACE_RX_ON RX ON -- AntPwr: -114, FreqCtrl: 0x380d5700, OF|AnaGi|AdcAttn|BQ|BWs: 0x07000700, dsp_corr: -8173
2026-09-07 02:29:24.006164 RFHAL_KERNEL_BIN_TRACE_RX_OFF RX OFF -- AntPwr: -114, prev W/NBPM: -93, -114, TF|AltADC|DCI/Q(Q5): 0x001a0b, s: 54923, e: 119083
2026-09-07 02:29:24.009338 RFHAL_KERNEL_BIN_TRACE_RX_ON RX ON -- AntPwr: -114, FreqCtrl: 0x380d5700, OF|AnaGi|AdcAttn|BQ|BWs: 0x07000700, dsp_corr: -8173
2026-09-07 02:29:24.010192 RFHAL_KERNEL_BIN_TRACE_RX_OFF RX OFF -- AntPwr: -114, prev W/NBPM: -93, -115, TF|AltADC|DCI/Q(Q5): 0x001a0b, s: 55942, e: 120102
2026-09-07 02:29:24.015319 RFHAL_KERNEL_BIN_TRACE_RX_ON RX ON -- AntPwr: -115, FreqCtrl: 0x380d5700, OF|AnaGi|AdcAttn|BQ|BWs: 0x07000700, dsp_corr: -8176
2026-09-07 02:29:24.016174 RFHAL_KERNEL_BIN_TRACE_RX_OFF RX OFF -- AntPwr: -115, prev W/NBPM: -93, -115, TF|AltADC|DCI/Q(Q5): 0x001a0b, s: 54932, e: 119092
2026-09-07 02:29:24.025329 RFHAL_KERNEL_BIN_TRACE_RX_ON RX ON -- AntPwr: -115, FreqCtrl: 0x380d5700, OF|AnaGi|AdcAttn|BQ|BWs: 0x07000700, dsp_corr: -8178
2026-09-07 02:29:24.026184 RFHAL_KERNEL_BIN_TRACE_RX_OFF RX OFF -- AntPwr: -115, prev W/NBPM: -93, -114, TF|AltADC|DCI/Q(Q5): 0x001a0b, s: 54923, e: 119083
2026-09-07 02:29:24.029327 RFHAL_KERNEL_BIN_TRACE_RX_ON RX ON -- AntPwr: -114, FreqCtrl: 0x380d5700, OF|AnaGi|AdcAttn|BQ|BWs: 0x07000700, dsp_corr: -8178
2026-09-07 02:29:24.030181 RFHAL_KERNEL_BIN_TRACE_RX_OFF RX OFF -- AntPwr: -114, prev W/NBPM: -93, -114, TF|AltADC|DCI/Q(Q5): 0x001a0b, s: 55941, e: 120101
2026-09-07 02:29:24.035339 RFHAL_KERNEL_BIN_TRACE_RX_ON RX ON -- AntPwr: -114, FreqCtrl: 0x380d5700, OF|AnaGi|AdcAttn|BQ|BWs: 0x07000700, dsp_corr: -8181
2026-09-07 02:29:24.036163 RFHAL_KERNEL_BIN_TRACE_RX_OFF RX OFF -- AntPwr: -114, prev W/NBPM: -93, -115, TF|AltADC|DCI/Q(Q5): 0x001a0b, s: 54931, e: 119091
2026-09-07 02:29:24.045318 RFHAL_KERNEL_BIN_TRACE_RX_ON RX ON -- AntPwr: -115, FreqCtrl: 0x380d5700, OF|AnaGi|AdcAttn|BQ|BWs: 0x07000700, dsp_corr: -8183
2026-09-07 02:29:24.046173 RFHAL_KERNEL_BIN_TRACE_RX_OFF RX OFF -- AntPwr: -115, prev W/NBPM: -93, -115, TF|AltADC|DCI/Q(Q5): 0x001a0b, s: 54925, e: 119085
2026-09-07 02:29:24.143158 RFHAL_KERNEL_BIN_TRACE_RX_ON RX ON -- AntPwr: -115, FreqCtrl: 0x380d5700, OF|AnaGi|AdcAttn|BQ|BWs: 0x07000700, dsp_corr: -8127
2026-09-07 02:29:24.163299 L1_DEFAULT_INFO_SERVING_CELL_MEASUREMENTS earfcn: 229232, pci: 22, rsrp: -141, rsrq: -21, SNR: -13
2026-09-07 02:29:24.164154 RFHAL_KERNEL_BIN_TRACE_RX_OFF RX OFF -- AntPwr: -117, prev W/NBPM: -93, -113, TF|AltADC|DCI/Q(Q5): 0x001a0c, s: 38229, e: 1651032
2026-09-07 02:29:25.245391 RFHAL_KERNEL_BIN_TRACE_RX_ON RX ON -- AntPwr: -117, FreqCtrl: 0x380d5700, OF|AnaGi|AdcAttn|BQ|BWs: 0x07000700, dsp_corr: -8425
2026-09-07 02:29:25.246215 RFHAL_KERNEL_BIN_TRACE_RX_OFF RX OFF -- AntPwr: -117, prev W/NBPM: -93, -114, TF|AltADC|DCI/Q(Q5): 0x001a0c, s: 92659, e: 154259
2026-09-07 02:29:25.249389 RFHAL_KERNEL_BIN_TRACE_RX_ON RX ON -- AntPwr: -114, FreqCtrl: 0x380d5700, OF|AnaGi|AdcAttn|BQ|BWs: 0x07000700, dsp_corr: -8425
2026-09-07 02:29:25.250244 RFHAL_KERNEL_BIN_TRACE_RX_OFF RX OFF -- AntPwr: -114, prev W/NBPM: -93, -115, TF|AltADC|DCI/Q(Q5): 0x001a0b, s: 55063, e: 119223
2026-09-07 02:29:25.255371 RFHAL_KERNEL_BIN_TRACE_RX_ON RX ON -- AntPwr: -115, FreqCtrl: 0x380d5700, OF|AnaGi|AdcAttn|BQ|BWs: 0x07000700, dsp_corr: -8428
2026-09-07 02:29:25.256225 RFHAL_KERNEL_BIN_TRACE_RX_OFF RX OFF -- AntPwr: -115, prev W/NBPM: -92, -114, TF|AltADC|DCI/Q(Q5): 0x001a0b, s: 54929, e: 119089
2026-09-07 02:29:25.265380 RFHAL_KERNEL_BIN_TRACE_RX_ON RX ON -- AntPwr: -114, FreqCtrl: 0x380d5700, OF|AnaGi|AdcAttn|BQ|BWs: 0x07000700, dsp_corr: -8430
2026-09-07 02:29:25.266204 RFHAL_KERNEL_BIN_TRACE_RX_OFF RX OFF -- AntPwr: -114, prev W/NBPM: -93, -114, TF|AltADC|DCI/Q(Q5): 0x001a0b, s: 54923, e: 119083
2026-09-07 02:29:25.269378 RFHAL_KERNEL_BIN_TRACE_RX_ON RX ON -- AntPwr: -114, FreqCtrl: 0x380d5700, OF|AnaGi|AdcAttn|BQ|BWs: 0x07000700, dsp_corr: -8430
2026-09-07 02:29:25.270233 RFHAL_KERNEL_BIN_TRACE_RX_OFF RX OFF -- AntPwr: -114, prev W/NBPM: -93, -114, TF|AltADC|DCI/Q(Q5): 0x001a0b, s: 55940, e: 120100
2026-09-07 02:29:25.275390 RFHAL_KERNEL_BIN_TRACE_RX_ON RX ON -- AntPwr: -114, FreqCtrl: 0x380d5700, OF|AnaGi|AdcAttn|BQ|BWs: 0x07000700, dsp_corr: -8433
2026-09-07 02:29:25.276214 RFHAL_KERNEL_BIN_TRACE_RX_OFF RX OFF -- AntPwr: -114, prev W/NBPM: -92, -115, TF|AltADC|DCI/Q(Q5): 0x001a0b, s: 54929, e: 119089
2026-09-07 02:29:25.285369 RFHAL_KERNEL_BIN_TRACE_RX_ON RX ON -- AntPwr: -115, FreqCtrl: 0x380d5700, OF|AnaGi|AdcAttn|BQ|BWs: 0x07000700, dsp_corr: -8435
2026-09-07 02:29:25.286224 RFHAL_KERNEL_BIN_TRACE_RX_OFF RX OFF -- AntPwr: -115, prev W/NBPM: -93, -114, TF|AltADC|DCI/Q(Q5): 0x001a0b, s: 54922, e: 119082
2026-09-07 02:29:25.289367 RFHAL_KERNEL_BIN_TRACE_RX_ON RX ON -- AntPwr: -114, FreqCtrl: 0x380d5700, OF|AnaGi|AdcAttn|BQ|BWs: 0x07000700, dsp_corr: -8435
2026-09-07 02:29:25.290222 RFHAL_KERNEL_BIN_TRACE_RX_OFF RX OFF -- AntPwr: -114, prev W/NBPM: -92, -115, TF|AltADC|DCI/Q(Q5): 0x001a0b, s: 55938, e: 120098
2026-09-07 02:29:25.295379 RFHAL_KERNEL_BIN_TRACE_RX_ON RX ON -- AntPwr: -115, FreqCtrl: 0x380d5700, OF|AnaGi|AdcAttn|BQ|BWs: 0x07000700, dsp_corr: -8438
2026-09-07 02:29:25.296234 RFHAL_KERNEL_BIN_TRACE_RX_OFF RX OFF -- AntPwr: -115, prev W/NBPM: -93, -114, TF|AltADC|DCI/Q(Q5): 0x001a0b, s: 54928, e: 119088
2026-09-07 02:29:25.305389 RFHAL_KERNEL_BIN_TRACE_RX_ON RX ON -- AntPwr: -114, FreqCtrl: 0x380d5700, OF|AnaGi|AdcAttn|BQ|BWs: 0x07000700, dsp_corr: -8440
2026-09-07 02:29:25.306213 RFHAL_KERNEL_BIN_TRACE_RX_OFF RX OFF -- AntPwr: -114, prev W/NBPM: -93, -117, TF|AltADC|DCI/Q(Q5): 0x001a0b, s: 54921, e: 119081
2026-09-07 02:29:25.309387 RFHAL_KERNEL_BIN_TRACE_RX_ON RX ON -- AntPwr: -117, FreqCtrl: 0x380d5700, OF|AnaGi|AdcAttn|BQ|BWs: 0x07000700, dsp_corr: -8440
2026-09-07 02:29:25.310241 RFHAL_KERNEL_BIN_TRACE_RX_OFF RX OFF -- AntPwr: -117, prev W/NBPM: -92, -114, TF|AltADC|DCI/Q(Q5): 0x001a0b, s: 55940, e: 120100
2026-09-07 02:29:25.315368 RFHAL_KERNEL_BIN_TRACE_RX_ON RX ON -- AntPwr: -114, FreqCtrl: 0x380d5700, OF|AnaGi|AdcAttn|BQ|BWs: 0x07000700, dsp_corr: -8442
2026-09-07 02:29:25.316223 RFHAL_KERNEL_BIN_TRACE_RX_OFF RX OFF -- AntPwr: -114, prev W/NBPM: -92, -115, TF|AltADC|DCI/Q(Q5): 0x001a0b, s: 54928, e: 119088
2026-09-07 02:29:25.325378 RFHAL_KERNEL_BIN_TRACE_RX_ON RX ON -- AntPwr: -115, FreqCtrl: 0x380d5700, OF|AnaGi|AdcAttn|BQ|BWs: 0x07000700, dsp_corr: -8445
2026-09-07 02:29:25.326232 RFHAL_KERNEL_BIN_TRACE_RX_OFF RX OFF -- AntPwr: -115, prev W/NBPM: -93, -114, TF|AltADC|DCI/Q(Q5): 0x001a0b, s: 54920, e: 119080
2026-09-07 02:29:25.423187 RFHAL_KERNEL_BIN_TRACE_RX_ON RX ON -- AntPwr: -114, FreqCtrl: 0x380d5700, OF|AnaGi|AdcAttn|BQ|BWs: 0x07000700, dsp_corr: -8524
2026-09-07 02:29:25.443359 L1_DEFAULT_INFO_SERVING_CELL_MEASUREMENTS earfcn: 229232, pci: 22, rsrp: -138, rsrq: -21, SNR: -11
2026-09-07 02:29:25.444213 RFHAL_KERNEL_BIN_TRACE_RX_OFF RX OFF -- AntPwr: -118, prev W/NBPM: -93, -114, TF|AltADC|DCI/Q(Q5): 0x001a0b, s: 38120, e: 1650923
2026-09-07 02:29:25.452392 RFHAL_KERNEL_BIN_TRACE_RX_ON RX ON -- AntPwr: -104, FreqCtrl: 0x380d5700, OF|AnaGi|AdcAttn|BQ|BWs: 0x07000700, dsp_corr: -8538
2026-09-07 02:29:25.493377 RFHAL_KERNEL_BIN_TRACE_RX_OFF RX OFF -- AntPwr: -114, prev W/NBPM: -92, -115, TF|AltADC|DCI/Q(Q5): 0x001a0b, s: 563009, e: 3711809
2026-09-07 02:29:25.495483 L1_DEFAULT_INFO_NEIGHBOR_CELL_MEASUREMENTS earfcn: 229232, pci: 22, rsrp: -139, rsrq: -23
2026-09-07 02:29:26.525451 RFHAL_KERNEL_BIN_TRACE_RX_ON RX ON -- AntPwr: -117, FreqCtrl: 0x380d5700, OF|AnaGi|AdcAttn|BQ|BWs: 0x07000700, dsp_corr: -8799
2026-09-07 02:29:26.526245 RFHAL_KERNEL_BIN_TRACE_RX_OFF RX OFF -- AntPwr: -117, prev W/NBPM: -93, -114, TF|AltADC|DCI/Q(Q5): 0x001a0b, s: 96507, e: 158107
2026-09-07 02:29:26.529419 RFHAL_KERNEL_BIN_TRACE_RX_ON RX ON -- AntPwr: -114, FreqCtrl: 0x380d5700, OF|AnaGi|AdcAttn|BQ|BWs: 0x07000700, dsp_corr: -8799
2026-09-07 02:29:26.530273 RFHAL_KERNEL_BIN_TRACE_RX_OFF RX OFF -- AntPwr: -114, prev W/NBPM: -93, -115, TF|AltADC|DCI/Q(Q5): 0x001a0b, s: 55064, e: 119224
2026-09-07 02:29:26.535430 RFHAL_KERNEL_BIN_TRACE_RX_ON RX ON -- AntPwr: -115, FreqCtrl: 0x380d5700, OF|AnaGi|AdcAttn|BQ|BWs: 0x07000700, dsp_corr: -8802
2026-09-07 02:29:26.536285 RFHAL_KERNEL_BIN_TRACE_RX_OFF RX OFF -- AntPwr: -115, prev W/NBPM: -93, -114, TF|AltADC|DCI/Q(Q5): 0x001a0b, s: 54930, e: 119090
2026-09-07 02:29:26.545440 RFHAL_KERNEL_BIN_TRACE_RX_ON RX ON -- AntPwr: -114, FreqCtrl: 0x380d5700, OF|AnaGi|AdcAttn|BQ|BWs: 0x07000700, dsp_corr: -8804
2026-09-07 02:29:26.546264 RFHAL_KERNEL_BIN_TRACE_RX_OFF RX OFF -- AntPwr: -114, prev W/NBPM: -93, -114, TF|AltADC|DCI/Q(Q5): 0x001a0b, s: 54925, e: 119085
2026-09-07 02:29:26.549438 RFHAL_KERNEL_BIN_TRACE_RX_ON RX ON -- AntPwr: -114, FreqCtrl: 0x380d5700, OF|AnaGi|AdcAttn|BQ|BWs: 0x07000700, dsp_corr: -8804
2026-09-07 02:29:26.550293 RFHAL_KERNEL_BIN_TRACE_RX_OFF RX OFF -- AntPwr: -114, prev W/NBPM: -92, -114, TF|AltADC|DCI/Q(Q5): 0x001a0b, s: 55941, e: 120101
2026-09-07 02:29:26.555420 RFHAL_KERNEL_BIN_TRACE_RX_ON RX ON -- AntPwr: -114, FreqCtrl: 0x380d5700, OF|AnaGi|AdcAttn|BQ|BWs: 0x07000700, dsp_corr: -8806
2026-09-07 02:29:26.556274 RFHAL_KERNEL_BIN_TRACE_RX_OFF RX OFF -- AntPwr: -114, prev W/NBPM: -93, -116, TF|AltADC|DCI/Q(Q5): 0x001a0b, s: 54929, e: 119089
2026-09-07 02:29:26.565429 RFHAL_KERNEL_BIN_TRACE_RX_ON RX ON -- AntPwr: -116, FreqCtrl: 0x380d5700, OF|AnaGi|AdcAttn|BQ|BWs: 0x07000700, dsp_corr: -8809
2026-09-07 02:29:26.566284 RFHAL_KERNEL_BIN_TRACE_RX_OFF RX OFF -- AntPwr: -116, prev W/NBPM: -93, -115, TF|AltADC|DCI/Q(Q5): 0x001a0b, s: 54916, e: 119076
2026-09-07 02:29:26.569427 RFHAL_KERNEL_BIN_TRACE_RX_ON RX ON -- AntPwr: -115, FreqCtrl: 0x380d5700, OF|AnaGi|AdcAttn|BQ|BWs: 0x07000700, dsp_corr: -8809
2026-09-07 02:29:26.570282 RFHAL_KERNEL_BIN_TRACE_RX_OFF RX OFF -- AntPwr: -115, prev W/NBPM: -93, -114, TF|AltADC|DCI/Q(Q5): 0x001a0b, s: 55942, e: 120102
2026-09-07 02:29:26.575439 RFHAL_KERNEL_BIN_TRACE_RX_ON RX ON -- AntPwr: -114, FreqCtrl: 0x380d5700, OF|AnaGi|AdcAttn|BQ|BWs: 0x07000700, dsp_corr: -8811
2026-09-07 02:29:26.576263 RFHAL_KERNEL_BIN_TRACE_RX_OFF RX OFF -- AntPwr: -114, prev W/NBPM: -93, -113, TF|AltADC|DCI/Q(Q5): 0x001a0b, s: 54930, e: 119090
2026-09-07 02:29:26.585449 RFHAL_KERNEL_BIN_TRACE_RX_ON RX ON -- AntPwr: -113, FreqCtrl: 0x380d5700, OF|AnaGi|AdcAttn|BQ|BWs: 0x07000700, dsp_corr: -8814
2026-09-07 02:29:26.586273 RFHAL_KERNEL_BIN_TRACE_RX_OFF RX OFF -- AntPwr: -113, prev W/NBPM: -93, -113, TF|AltADC|DCI/Q(Q5): 0x001a0b, s: 54922, e: 119082
2026-09-07 02:29:26.589447 RFHAL_KERNEL_BIN_TRACE_RX_ON RX ON -- AntPwr: -113, FreqCtrl: 0x380d5700, OF|AnaGi|AdcAttn|BQ|BWs: 0x07000700, dsp_corr: -8814
2026-09-07 02:29:26.590301 RFHAL_KERNEL_BIN_TRACE_RX_OFF RX OFF -- AntPwr: -113, prev W/NBPM: -93, -115, TF|AltADC|DCI/Q(Q5): 0x001a0b, s: 55940, e: 120100
2026-09-07 02:29:26.595428 RFHAL_KERNEL_BIN_TRACE_RX_ON RX ON -- AntPwr: -115, FreqCtrl: 0x380d5700, OF|AnaGi|AdcAttn|BQ|BWs: 0x07000700, dsp_corr: -8816
2026-09-07 02:29:26.596283 RFHAL_KERNEL_BIN_TRACE_RX_OFF RX OFF -- AntPwr: -115, prev W/NBPM: -93, -114, TF|AltADC|DCI/Q(Q5): 0x001a0b, s: 54929, e: 119089
2026-09-07 02:29:26.605438 RFHAL_KERNEL_BIN_TRACE_RX_ON RX ON -- AntPwr: -114, FreqCtrl: 0x380d5700, OF|AnaGi|AdcAttn|BQ|BWs: 0x07000700, dsp_corr: -8818
2026-09-07 02:29:26.606262 RFHAL_KERNEL_BIN_TRACE_RX_OFF RX OFF -- AntPwr: -114, prev W/NBPM: -93, -114, TF|AltADC|DCI/Q(Q5): 0x001a0b, s: 54922, e: 119082
2026-09-07 02:29:26.703247 RFHAL_KERNEL_BIN_TRACE_RX_ON RX ON -- AntPwr: -114, FreqCtrl: 0x380d5700, OF|AnaGi|AdcAttn|BQ|BWs: 0x07000700, dsp_corr: -8851
2026-09-07 02:29:26.723388 L1_DEFAULT_INFO_SERVING_CELL_MEASUREMENTS earfcn: 229232, pci: 22, rsrp: -139, rsrq: -21, SNR: -11
2026-09-07 02:29:26.724243 RFHAL_KERNEL_BIN_TRACE_RX_OFF RX OFF -- AntPwr: -117, prev W/NBPM: -93, -116, TF|AltADC|DCI/Q(Q5): 0x001a0b, s: 38218, e: 1651021
2026-09-07 02:29:27.805511 RFHAL_KERNEL_BIN_TRACE_RX_ON RX ON -- AntPwr: -117, FreqCtrl: 0x380d5700, OF|AnaGi|AdcAttn|BQ|BWs: 0x07000700, dsp_corr: -9113
2026-09-07 02:29:27.806305 RFHAL_KERNEL_BIN_TRACE_RX_OFF RX OFF -- AntPwr: -117, prev W/NBPM: -93, -115, TF|AltADC|DCI/Q(Q5): 0x001a0b, s: 95998, e: 157598
2026-09-07 02:29:27.809478 RFHAL_KERNEL_BIN_TRACE_RX_ON RX ON -- AntPwr: -115, FreqCtrl: 0x380d5700, OF|AnaGi|AdcAttn|BQ|BWs: 0x07000700, dsp_corr: -9113
2026-09-07 02:29:27.810333 RFHAL_KERNEL_BIN_TRACE_RX_OFF RX OFF -- AntPwr: -115, prev W/NBPM: -93, -115, TF|AltADC|DCI/Q(Q5): 0x001a0b, s: 55065, e: 119225
2026-09-07 02:29:27.815490 RFHAL_KERNEL_BIN_TRACE_RX_ON RX ON -- AntPwr: -115, FreqCtrl: 0x380d5700, OF|AnaGi|AdcAttn|BQ|BWs: 0x07000700, dsp_corr: -9115
2026-09-07 02:29:27.816314 RFHAL_KERNEL_BIN_TRACE_RX_OFF RX OFF -- AntPwr: -115, prev W/NBPM: -93, -114, TF|AltADC|DCI/Q(Q5): 0x001b0b, s: 54930, e: 119090
2026-09-07 02:29:27.825500 RFHAL_KERNEL_BIN_TRACE_RX_ON RX ON -- AntPwr: -114, FreqCtrl: 0x380d5700, OF|AnaGi|AdcAttn|BQ|BWs: 0x07000700, dsp_corr: -9117
2026-09-07 02:29:27.826324 RFHAL_KERNEL_BIN_TRACE_RX_OFF RX OFF -- AntPwr: -114, prev W/NBPM: -93, -115, TF|AltADC|DCI/Q(Q5): 0x001b0b, s: 54920, e: 119080
2026-09-07 02:29:27.829498 RFHAL_KERNEL_BIN_TRACE_RX_ON RX ON -- AntPwr: -115, FreqCtrl: 0x380d5700, OF|AnaGi|AdcAttn|BQ|BWs: 0x07000700, dsp_corr: -9117
2026-09-07 02:29:27.830352 RFHAL_KERNEL_BIN_TRACE_RX_OFF RX OFF -- AntPwr: -115, prev W/NBPM: -93, -115, TF|AltADC|DCI/Q(Q5): 0x001b0b, s: 55934, e: 120094
2026-09-07 02:29:27.835479 RFHAL_KERNEL_BIN_TRACE_RX_ON RX ON -- AntPwr: -115, FreqCtrl: 0x380d5700, OF|AnaGi|AdcAttn|BQ|BWs: 0x07000700, dsp_corr: -9120
2026-09-07 02:29:27.836334 RFHAL_KERNEL_BIN_TRACE_RX_OFF RX OFF -- AntPwr: -115, prev W/NBPM: -92, -116, TF|AltADC|DCI/Q(Q5): 0x001b0b, s: 54931, e: 119091
2026-09-07 02:29:27.845489 RFHAL_KERNEL_BIN_TRACE_RX_ON RX ON -- AntPwr: -116, FreqCtrl: 0x380d5700, OF|AnaGi|AdcAttn|BQ|BWs: 0x07000700, dsp_corr: -9122
2026-09-07 02:29:27.846313 RFHAL_KERNEL_BIN_TRACE_RX_OFF RX OFF -- AntPwr: -116, prev W/NBPM: -93, -114, TF|AltADC|DCI/Q(Q5): 0x001b0b, s: 54924, e: 119084
2026-09-07 02:29:27.849487 RFHAL_KERNEL_BIN_TRACE_RX_ON RX ON -- AntPwr: -114, FreqCtrl: 0x380d5700, OF|AnaGi|AdcAttn|BQ|BWs: 0x07000700, dsp_corr: -9122
2026-09-07 02:29:27.850341 RFHAL_KERNEL_BIN_TRACE_RX_OFF RX OFF -- AntPwr: -114, prev W/NBPM: -93, -114, TF|AltADC|DCI/Q(Q5): 0x001b0b, s: 55938, e: 120098
2026-09-07 02:29:27.855499 RFHAL_KERNEL_BIN_TRACE_RX_ON RX ON -- AntPwr: -114, FreqCtrl: 0x380d5700, OF|AnaGi|AdcAttn|BQ|BWs: 0x07000700, dsp_corr: -9125
2026-09-07 02:29:27.856323 RFHAL_KERNEL_BIN_TRACE_RX_OFF RX OFF -- AntPwr: -114, prev W/NBPM: -93, -116, TF|AltADC|DCI/Q(Q5): 0x001b0b, s: 54926, e: 119086
2026-09-07 02:29:27.865478 RFHAL_KERNEL_BIN_TRACE_RX_ON RX ON -- AntPwr: -116, FreqCtrl: 0x380d5700, OF|AnaGi|AdcAttn|BQ|BWs: 0x07000700, dsp_corr: -9127
2026-09-07 02:29:27.866333 RFHAL_KERNEL_BIN_TRACE_RX_OFF RX OFF -- AntPwr: -116, prev W/NBPM: -93, -116, TF|AltADC|DCI/Q(Q5): 0x001a0b, s: 54924, e: 119084
2026-09-07 02:29:27.869476 RFHAL_KERNEL_BIN_TRACE_RX_ON RX ON -- AntPwr: -116, FreqCtrl: 0x380d5700, OF|AnaGi|AdcAttn|BQ|BWs: 0x07000700, dsp_corr: -9127
2026-09-07 02:29:27.870330 RFHAL_KERNEL_BIN_TRACE_RX_OFF RX OFF -- AntPwr: -116, prev W/NBPM: -93, -115, TF|AltADC|DCI/Q(Q5): 0x001a0b, s: 55940, e: 120100
2026-09-07 02:29:27.875488 RFHAL_KERNEL_BIN_TRACE_RX_ON RX ON -- AntPwr: -115, FreqCtrl: 0x380d5700, OF|AnaGi|AdcAttn|BQ|BWs: 0x07000700, dsp_corr: -9129
2026-09-07 02:29:27.876312 RFHAL_KERNEL_BIN_TRACE_RX_OFF RX OFF -- AntPwr: -115, prev W/NBPM: -92, -114, TF|AltADC|DCI/Q(Q5): 0x001a0b, s: 54930, e: 119090
2026-09-07 02:29:27.885498 RFHAL_KERNEL_BIN_TRACE_RX_ON RX ON -- AntPwr: -114, FreqCtrl: 0x380d5700, OF|AnaGi|AdcAttn|BQ|BWs: 0x07000700, dsp_corr: -9132
2026-09-07 02:29:27.886322 RFHAL_KERNEL_BIN_TRACE_RX_OFF RX OFF -- AntPwr: -114, prev W/NBPM: -93, -114, TF|AltADC|DCI/Q(Q5): 0x001a0b, s: 54922, e: 119082
2026-09-07 02:29:27.889495 RFHAL_KERNEL_BIN_TRACE_RX_ON RX ON -- AntPwr: -114, FreqCtrl: 0x380d5700, OF|AnaGi|AdcAttn|BQ|BWs: 0x07000700, dsp_corr: -9132
2026-09-07 02:29:27.890319 RFHAL_KERNEL_BIN_TRACE_RX_OFF RX OFF -- AntPwr: -114, prev W/NBPM: -92, -115, TF|AltADC|DCI/Q(Q5): 0x001a0b, s: 55936, e: 120096
2026-09-07 02:29:27.895477 RFHAL_KERNEL_BIN_TRACE_RX_ON RX ON -- AntPwr: -115, FreqCtrl: 0x380d5700, OF|AnaGi|AdcAttn|BQ|BWs: 0x07000700, dsp_corr: -9134
2026-09-07 02:29:27.896331 RFHAL_KERNEL_BIN_TRACE_RX_OFF RX OFF -- AntPwr: -115, prev W/NBPM: -93, -114, TF|AltADC|DCI/Q(Q5): 0x001a0b, s: 54932, e: 119092
2026-09-07 02:29:27.905487 RFHAL_KERNEL_BIN_TRACE_RX_ON RX ON -- AntPwr: -114, FreqCtrl: 0x380d5700, OF|AnaGi|AdcAttn|BQ|BWs: 0x07000700, dsp_corr: -9136
2026-09-07 02:29:27.906341 RFHAL_KERNEL_BIN_TRACE_RX_OFF RX OFF -- AntPwr: -114, prev W/NBPM: -93, -114, TF|AltADC|DCI/Q(Q5): 0x001a0b, s: 54921, e: 119081
2026-09-07 02:29:27.909484 RFHAL_KERNEL_BIN_TRACE_RX_ON RX ON -- AntPwr: -114, FreqCtrl: 0x380d5700, OF|AnaGi|AdcAttn|BQ|BWs: 0x07000700, dsp_corr: -9136
2026-09-07 02:29:27.910339 RFHAL_KERNEL_BIN_TRACE_RX_OFF RX OFF -- AntPwr: -114, prev W/NBPM: -93, -114, TF|AltADC|DCI/Q(Q5): 0x001a0b, s: 55938, e: 120098
2026-09-07 02:29:27.915496 RFHAL_KERNEL_BIN_TRACE_RX_ON RX ON -- AntPwr: -114, FreqCtrl: 0x380d5700, OF|AnaGi|AdcAttn|BQ|BWs: 0x07000700, dsp_corr: -9139
2026-09-07 02:29:27.916320 RFHAL_KERNEL_BIN_TRACE_RX_OFF RX OFF -- AntPwr: -114, prev W/NBPM: -93, -114, TF|AltADC|DCI/Q(Q5): 0x001a0b, s: 54927, e: 119087
2026-09-07 02:29:27.925476 RFHAL_KERNEL_BIN_TRACE_RX_ON RX ON -- AntPwr: -114, FreqCtrl: 0x380d5700, OF|AnaGi|AdcAttn|BQ|BWs: 0x07000700, dsp_corr: -9141
2026-09-07 02:29:27.926330 RFHAL_KERNEL_BIN_TRACE_RX_OFF RX OFF -- AntPwr: -114, prev W/NBPM: -93, -115, TF|AltADC|DCI/Q(Q5): 0x001a0b, s: 54919, e: 119079
2026-09-07 02:29:27.929504 RFHAL_KERNEL_BIN_TRACE_RX_ON RX ON -- AntPwr: -115, FreqCtrl: 0x380d5700, OF|AnaGi|AdcAttn|BQ|BWs: 0x07000700, dsp_corr: -9141
2026-09-07 02:29:27.930328 RFHAL_KERNEL_BIN_TRACE_RX_OFF RX OFF -- AntPwr: -115, prev W/NBPM: -93, -114, TF|AltADC|DCI/Q(Q5): 0x001a0b, s: 55940, e: 120100
2026-09-07 02:29:27.935485 RFHAL_KERNEL_BIN_TRACE_RX_ON RX ON -- AntPwr: -114, FreqCtrl: 0x380d5700, OF|AnaGi|AdcAttn|BQ|BWs: 0x07000700, dsp_corr: -9143
2026-09-07 02:29:27.936340 RFHAL_KERNEL_BIN_TRACE_RX_OFF RX OFF -- AntPwr: -114, prev W/NBPM: -92, -114, TF|AltADC|DCI/Q(Q5): 0x001a0b, s: 54932, e: 119092
2026-09-07 02:29:27.945495 RFHAL_KERNEL_BIN_TRACE_RX_ON RX ON -- AntPwr: -114, FreqCtrl: 0x380d5700, OF|AnaGi|AdcAttn|BQ|BWs: 0x07000700, dsp_corr: -9146
2026-09-07 02:29:27.946319 RFHAL_KERNEL_BIN_TRACE_RX_OFF RX OFF -- AntPwr: -114, prev W/NBPM: -92, -114, TF|AltADC|DCI/Q(Q5): 0x001a0b, s: 54920, e: 119080
2026-09-07 02:29:27.949493 RFHAL_KERNEL_BIN_TRACE_RX_ON RX ON -- AntPwr: -114, FreqCtrl: 0x380d5700, OF|AnaGi|AdcAttn|BQ|BWs: 0x07000700, dsp_corr: -9146
2026-09-07 02:29:27.950317 RFHAL_KERNEL_BIN_TRACE_RX_OFF RX OFF -- AntPwr: -114, prev W/NBPM: -93, -115, TF|AltADC|DCI/Q(Q5): 0x001a0b, s: 55940, e: 120100
2026-09-07 02:29:27.955505 RFHAL_KERNEL_BIN_TRACE_RX_ON RX ON -- AntPwr: -115, FreqCtrl: 0x380d5700, OF|AnaGi|AdcAttn|BQ|BWs: 0x07000700, dsp_corr: -9148
2026-09-07 02:29:27.956329 RFHAL_KERNEL_BIN_TRACE_RX_OFF RX OFF -- AntPwr: -115, prev W/NBPM: -93, -115, TF|AltADC|DCI/Q(Q5): 0x001a0b, s: 55191, e: 119351
2026-09-07 02:29:27.965484 RFHAL_KERNEL_BIN_TRACE_RX_ON RX ON -- AntPwr: -115, FreqCtrl: 0x380d5700, OF|AnaGi|AdcAttn|BQ|BWs: 0x07000700, dsp_corr: -9151
2026-09-07 02:29:27.966339 RFHAL_KERNEL_BIN_TRACE_RX_OFF RX OFF -- AntPwr: -115, prev W/NBPM: -93, -115, TF|AltADC|DCI/Q(Q5): 0x001a0b, s: 54441, e: 118601
2026-09-07 02:29:27.983306 RFHAL_KERNEL_BIN_TRACE_RX_ON RX ON -- AntPwr: -115, FreqCtrl: 0x380d5700, OF|AnaGi|AdcAttn|BQ|BWs: 0x07000700, dsp_corr: -9118
2026-09-07 02:29:28.003479 L1_DEFAULT_INFO_SERVING_CELL_MEASUREMENTS earfcn: 229232, pci: 22, rsrp: -138, rsrq: -22, SNR: -11
2026-09-07 02:29:28.004303 RFHAL_KERNEL_BIN_TRACE_RX_OFF RX OFF -- AntPwr: -117, prev W/NBPM: -93, -114, TF|AltADC|DCI/Q(Q5): 0x001b0b, s: 38135, e: 1650938
2026-09-07 02:29:28.012481 RFHAL_KERNEL_BIN_TRACE_RX_ON RX ON -- AntPwr: -104, FreqCtrl: 0x380d5700, OF|AnaGi|AdcAttn|BQ|BWs: 0x07000700, dsp_corr: -9143
2026-09-07 02:29:28.053497 RFHAL_KERNEL_BIN_TRACE_RX_OFF RX OFF -- AntPwr: -114, prev W/NBPM: -92, -114, TF|AltADC|DCI/Q(Q5): 0x001b0b, s: 563009, e: 3711809
2026-09-07 02:29:28.055603 L1_DEFAULT_INFO_NEIGHBOR_CELL_MEASUREMENTS earfcn: 229232, pci: 22, rsrp: -141, rsrq: -25
2026-09-07 02:29:29.085571 RFHAL_KERNEL_BIN_TRACE_RX_ON RX ON -- AntPwr: -117, FreqCtrl: 0x380d5700, OF|AnaGi|AdcAttn|BQ|BWs: 0x07000700, dsp_corr: -9396
2026-09-07 02:29:29.086364 RFHAL_KERNEL_BIN_TRACE_RX_OFF RX OFF -- AntPwr: -117, prev W/NBPM: -93, -113, TF|AltADC|DCI/Q(Q5): 0x001b0b, s: 95534, e: 157134
2026-09-07 02:29:29.089538 RFHAL_KERNEL_BIN_TRACE_RX_ON RX ON -- AntPwr: -113, FreqCtrl: 0x380d5700, OF|AnaGi|AdcAttn|BQ|BWs: 0x07000700, dsp_corr: -9396
2026-09-07 02:29:29.090393 RFHAL_KERNEL_BIN_TRACE_RX_OFF RX OFF -- AntPwr: -113, prev W/NBPM: -92, -115, TF|AltADC|DCI/Q(Q5): 0x001a0b, s: 55062, e: 119222
2026-09-07 02:29:29.095550 RFHAL_KERNEL_BIN_TRACE_RX_ON RX ON -- AntPwr: -115, FreqCtrl: 0x380d5700, OF|AnaGi|AdcAttn|BQ|BWs: 0x07000700, dsp_corr: -9398
2026-09-07 02:29:29.096374 RFHAL_KERNEL_BIN_TRACE_RX_OFF RX OFF -- AntPwr: -115, prev W/NBPM: -93, -114, TF|AltADC|DCI/Q(Q5): 0x001b0b, s: 54927, e: 119087
2026-09-07 02:29:29.105529 RFHAL_KERNEL_BIN_TRACE_RX_ON RX ON -- AntPwr: -114, FreqCtrl: 0x380d5700, OF|AnaGi|AdcAttn|BQ|BWs: 0x07000700, dsp_corr: -9401
2026-09-07 02:29:29.106384 RFHAL_KERNEL_BIN_TRACE_RX_OFF RX OFF -- AntPwr: -114, prev W/NBPM: -92, -115, TF|AltADC|DCI/Q(Q5): 0x001b0b, s: 54924, e: 119084
2026-09-07 02:29:29.109527 RFHAL_KERNEL_BIN_TRACE_RX_ON RX ON -- AntPwr: -115, FreqCtrl: 0x380d5700, OF|AnaGi|AdcAttn|BQ|BWs: 0x07000700, dsp_corr: -9401
2026-09-07 02:29:29.110382 RFHAL_KERNEL_BIN_TRACE_RX_OFF RX OFF -- AntPwr: -115, prev W/NBPM: -93, -114, TF|AltADC|DCI/Q(Q5): 0x001b0b, s: 55940, e: 120100
2026-09-07 02:29:29.115539 RFHAL_KERNEL_BIN_TRACE_RX_ON RX ON -- AntPwr: -114, FreqCtrl: 0x380d5700, OF|AnaGi|AdcAttn|BQ|BWs: 0x07000700, dsp_corr: -9403
2026-09-07 02:29:29.116363 RFHAL_KERNEL_BIN_TRACE_RX_OFF RX OFF -- AntPwr: -114, prev W/NBPM: -93, -114, TF|AltADC|DCI/Q(Q5): 0x001b0b, s: 54931, e: 119091
2026-09-07 02:29:29.125549 RFHAL_KERNEL_BIN_TRACE_RX_ON RX ON -- AntPwr: -114, FreqCtrl: 0x380d5700, OF|AnaGi|AdcAttn|BQ|BWs: 0x07000700, dsp_corr: -9405
2026-09-07 02:29:29.126373 RFHAL_KERNEL_BIN_TRACE_RX_OFF RX OFF -- AntPwr: -114, prev W/NBPM: -93, -115, TF|AltADC|DCI/Q(Q5): 0x001b0b, s: 54923, e: 119083
2026-09-07 02:29:29.129547 RFHAL_KERNEL_BIN_TRACE_RX_ON RX ON -- AntPwr: -115, FreqCtrl: 0x380d5700, OF|AnaGi|AdcAttn|BQ|BWs: 0x07000700, dsp_corr: -9405
2026-09-07 02:29:29.130401 RFHAL_KERNEL_BIN_TRACE_RX_OFF RX OFF -- AntPwr: -115, prev W/NBPM: -93, -114, TF|AltADC|DCI/Q(Q5): 0x001b0b, s: 55938, e: 120098
2026-09-07 02:29:29.135528 RFHAL_KERNEL_BIN_TRACE_RX_ON RX ON -- AntPwr: -114, FreqCtrl: 0x380d5700, OF|AnaGi|AdcAttn|BQ|BWs: 0x07000700, dsp_corr: -9408
2026-09-07 02:29:29.136383 RFHAL_KERNEL_BIN_TRACE_RX_OFF RX OFF -- AntPwr: -114, prev W/NBPM: -92, -116, TF|AltADC|DCI/Q(Q5): 0x001b0b, s: 54930, e: 119090
2026-09-07 02:29:29.145538 RFHAL_KERNEL_BIN_TRACE_RX_ON RX ON -- AntPwr: -116, FreqCtrl: 0x380d5700, OF|AnaGi|AdcAttn|BQ|BWs: 0x07000700, dsp_corr: -9410
2026-09-07 02:29:29.146392 RFHAL_KERNEL_BIN_TRACE_RX_OFF RX OFF -- AntPwr: -116, prev W/NBPM: -93, -115, TF|AltADC|DCI/Q(Q5): 0x001b0b, s: 54920, e: 119080
2026-09-07 02:29:29.149536 RFHAL_KERNEL_BIN_TRACE_RX_ON RX ON -- AntPwr: -115, FreqCtrl: 0x380d5700, OF|AnaGi|AdcAttn|BQ|BWs: 0x07000700, dsp_corr: -9410
2026-09-07 02:29:29.150390 RFHAL_KERNEL_BIN_TRACE_RX_OFF RX OFF -- AntPwr: -115, prev W/NBPM: -93, -115, TF|AltADC|DCI/Q(Q5): 0x001b0b, s: 55935, e: 120095
2026-09-07 02:29:29.155548 RFHAL_KERNEL_BIN_TRACE_RX_ON RX ON -- AntPwr: -115, FreqCtrl: 0x380d5700, OF|AnaGi|AdcAttn|BQ|BWs: 0x07000700, dsp_corr: -9412
2026-09-07 02:29:29.156372 RFHAL_KERNEL_BIN_TRACE_RX_OFF RX OFF -- AntPwr: -115, prev W/NBPM: -93, -115, TF|AltADC|DCI/Q(Q5): 0x001b0b, s: 54932, e: 119092
2026-09-07 02:29:29.165527 RFHAL_KERNEL_BIN_TRACE_RX_ON RX ON -- AntPwr: -115, FreqCtrl: 0x380d5700, OF|AnaGi|AdcAttn|BQ|BWs: 0x07000700, dsp_corr: -9415
2026-09-07 02:29:29.166381 RFHAL_KERNEL_BIN_TRACE_RX_OFF RX OFF -- AntPwr: -115, prev W/NBPM: -93, -115, TF|AltADC|DCI/Q(Q5): 0x001b0b, s: 54923, e: 119083
2026-09-07 02:29:29.169555 RFHAL_KERNEL_BIN_TRACE_RX_ON RX ON -- AntPwr: -115, FreqCtrl: 0x380d5700, OF|AnaGi|AdcAttn|BQ|BWs: 0x07000700, dsp_corr: -9415
2026-09-07 02:29:29.170379 RFHAL_KERNEL_BIN_TRACE_RX_OFF RX OFF -- AntPwr: -115, prev W/NBPM: -93, -115, TF|AltADC|DCI/Q(Q5): 0x001b0b, s: 55936, e: 120096
2026-09-07 02:29:29.175537 RFHAL_KERNEL_BIN_TRACE_RX_ON RX ON -- AntPwr: -115, FreqCtrl: 0x380d5700, OF|AnaGi|AdcAttn|BQ|BWs: 0x07000700, dsp_corr: -9417
2026-09-07 02:29:29.176391 RFHAL_KERNEL_BIN_TRACE_RX_OFF RX OFF -- AntPwr: -115, prev W/NBPM: -92, -114, TF|AltADC|DCI/Q(Q5): 0x001b0b, s: 54929, e: 119089
2026-09-07 02:29:29.185546 RFHAL_KERNEL_BIN_TRACE_RX_ON RX ON -- AntPwr: -114, FreqCtrl: 0x380d5700, OF|AnaGi|AdcAttn|BQ|BWs: 0x07000700, dsp_corr: -9419
2026-09-07 02:29:29.186370 RFHAL_KERNEL_BIN_TRACE_RX_OFF RX OFF -- AntPwr: -114, prev W/NBPM: -93, -114, TF|AltADC|DCI/Q(Q5): 0x001b0b, s: 54917, e: 119077
2026-09-07 02:29:29.189544 RFHAL_KERNEL_BIN_TRACE_RX_ON RX ON -- AntPwr: -114, FreqCtrl: 0x380d5700, OF|AnaGi|AdcAttn|BQ|BWs: 0x07000700, dsp_corr: -9419
2026-09-07 02:29:29.190368 RFHAL_KERNEL_BIN_TRACE_RX_OFF RX OFF -- AntPwr: -114, prev W/NBPM: -92, -116, TF|AltADC|DCI/Q(Q5): 0x001b0b, s: 55944, e: 120104
2026-09-07 02:29:29.195556 RFHAL_KERNEL_BIN_TRACE_RX_ON RX ON -- AntPwr: -116, FreqCtrl: 0x380d5700, OF|AnaGi|AdcAttn|BQ|BWs: 0x07000700, dsp_corr: -9422
2026-09-07 02:29:29.196380 RFHAL_KERNEL_BIN_TRACE_RX_OFF RX OFF -- AntPwr: -116, prev W/NBPM: -93, -115, TF|AltADC|DCI/Q(Q5): 0x001b0b, s: 54927, e: 119087
2026-09-07 02:29:29.205535 RFHAL_KERNEL_BIN_TRACE_RX_ON RX ON -- AntPwr: -115, FreqCtrl: 0x380d5700, OF|AnaGi|AdcAttn|BQ|BWs: 0x07000700, dsp_corr: -9424
2026-09-07 02:29:29.206390 RFHAL_KERNEL_BIN_TRACE_RX_OFF RX OFF -- AntPwr: -115, prev W/NBPM: -93, -116, TF|AltADC|DCI/Q(Q5): 0x001b0b, s: 54921, e: 119081
2026-09-07 02:29:29.209533 RFHAL_KERNEL_BIN_TRACE_RX_ON RX ON -- AntPwr: -116, FreqCtrl: 0x380d5700, OF|AnaGi|AdcAttn|BQ|BWs: 0x07000700, dsp_corr: -9424
2026-09-07 02:29:29.210388 RFHAL_KERNEL_BIN_TRACE_RX_OFF RX OFF -- AntPwr: -116, prev W/NBPM: -93, -114, TF|AltADC|DCI/Q(Q5): 0x001b0b, s: 55939, e: 120099
2026-09-07 02:29:29.215545 RFHAL_KERNEL_BIN_TRACE_RX_ON RX ON -- AntPwr: -114, FreqCtrl: 0x380d5700, OF|AnaGi|AdcAttn|BQ|BWs: 0x07000700, dsp_corr: -9426
2026-09-07 02:29:29.216369 RFHAL_KERNEL_BIN_TRACE_RX_OFF RX OFF -- AntPwr: -114, prev W/NBPM: -93, -115, TF|AltADC|DCI/Q(Q5): 0x001b0b, s: 54931, e: 119091
2026-09-07 02:29:29.225555 RFHAL_KERNEL_BIN_TRACE_RX_ON RX ON -- AntPwr: -115, FreqCtrl: 0x380d5700, OF|AnaGi|AdcAttn|BQ|BWs: 0x07000700, dsp_corr: -9429
2026-09-07 02:29:29.226379 RFHAL_KERNEL_BIN_TRACE_RX_OFF RX OFF -- AntPwr: -115, prev W/NBPM: -93, -115, TF|AltADC|DCI/Q(Q5): 0x001b0b, s: 54922, e: 119082
2026-09-07 02:29:29.229553 RFHAL_KERNEL_BIN_TRACE_RX_ON RX ON -- AntPwr: -115, FreqCtrl: 0x380d5700, OF|AnaGi|AdcAttn|BQ|BWs: 0x07000700, dsp_corr: -9429
2026-09-07 02:29:29.230377 RFHAL_KERNEL_BIN_TRACE_RX_OFF RX OFF -- AntPwr: -115, prev W/NBPM: -93, -114, TF|AltADC|DCI/Q(Q5): 0x001b0b, s: 55938, e: 120098
2026-09-07 02:29:29.235534 RFHAL_KERNEL_BIN_TRACE_RX_ON RX ON -- AntPwr: -114, FreqCtrl: 0x380d5700, OF|AnaGi|AdcAttn|BQ|BWs: 0x07000700, dsp_corr: -9431
2026-09-07 02:29:29.236389 RFHAL_KERNEL_BIN_TRACE_RX_OFF RX OFF -- AntPwr: -114, prev W/NBPM: -93, -115, TF|AltADC|DCI/Q(Q5): 0x001b0b, s: 55192, e: 119352
2026-09-07 02:29:29.245544 RFHAL_KERNEL_BIN_TRACE_RX_ON RX ON -- AntPwr: -115, FreqCtrl: 0x380d5700, OF|AnaGi|AdcAttn|BQ|BWs: 0x07000700, dsp_corr: -9433
2026-09-07 02:29:29.246399 RFHAL_KERNEL_BIN_TRACE_RX_OFF RX OFF -- AntPwr: -115, prev W/NBPM: -93, -115, TF|AltADC|DCI/Q(Q5): 0x001b0b, s: 54440, e: 118600
2026-09-07 02:29:29.263366 RFHAL_KERNEL_BIN_TRACE_RX_ON RX ON -- AntPwr: -115, FreqCtrl: 0x380d5700, OF|AnaGi|AdcAttn|BQ|BWs: 0x07000700, dsp_corr: -9400
2026-09-07 02:29:29.283508 L1_DEFAULT_INFO_SERVING_CELL_MEASUREMENTS earfcn: 229232, pci: 22, rsrp: -139, rsrq: -23, SNR: -12
2026-09-07 02:29:29.284362 RFHAL_KERNEL_BIN_TRACE_RX_OFF RX OFF -- AntPwr: -117, prev W/NBPM: -93, -114, TF|AltADC|DCI/Q(Q5): 0x001a0b, s: 38218, e: 1651021
2026-09-07 02:29:30.365600 RFHAL_KERNEL_BIN_TRACE_RX_ON RX ON -- AntPwr: -117, FreqCtrl: 0x380d5700, OF|AnaGi|AdcAttn|BQ|BWs: 0x07000700, dsp_corr: -9664
2026-09-07 02:29:30.366424 RFHAL_KERNEL_BIN_TRACE_RX_OFF RX OFF -- AntPwr: -117, prev W/NBPM: -92, -114, TF|AltADC|DCI/Q(Q5): 0x001b0b, s: 94903, e: 156503
2026-09-07 02:29:30.369598 RFHAL_KERNEL_BIN_TRACE_RX_ON RX ON -- AntPwr: -114, FreqCtrl: 0x380d5700, OF|AnaGi|AdcAttn|BQ|BWs: 0x07000700, dsp_corr: -9664
2026-09-07 02:29:30.370452 RFHAL_KERNEL_BIN_TRACE_RX_OFF RX OFF -- AntPwr: -114, prev W/NBPM: -93, -113, TF|AltADC|DCI/Q(Q5): 0x001b0b, s: 55066, e: 119226
2026-09-07 02:29:30.375579 RFHAL_KERNEL_BIN_TRACE_RX_ON RX ON -- AntPwr: -113, FreqCtrl: 0x380d5700, OF|AnaGi|AdcAttn|BQ|BWs: 0x07000700, dsp_corr: -9667
2026-09-07 02:29:30.376434 RFHAL_KERNEL_BIN_TRACE_RX_OFF RX OFF -- AntPwr: -113, prev W/NBPM: -93, -117, TF|AltADC|DCI/Q(Q5): 0x001b0b, s: 54928, e: 119088
2026-09-07 02:29:30.385589 RFHAL_KERNEL_BIN_TRACE_RX_ON RX ON -- AntPwr: -117, FreqCtrl: 0x380d5700, OF|AnaGi|AdcAttn|BQ|BWs: 0x07000700, dsp_corr: -9669
2026-09-07 02:29:30.386444 RFHAL_KERNEL_BIN_TRACE_RX_OFF RX OFF -- AntPwr: -117, prev W/NBPM: -93, -114, TF|AltADC|DCI/Q(Q5): 0x001b0b, s: 54923, e: 119083
2026-09-07 02:29:30.389587 RFHAL_KERNEL_BIN_TRACE_RX_ON RX ON -- AntPwr: -114, FreqCtrl: 0x380d5700, OF|AnaGi|AdcAttn|BQ|BWs: 0x07000700, dsp_corr: -9669
2026-09-07 02:29:30.390441 RFHAL_KERNEL_BIN_TRACE_RX_OFF RX OFF -- AntPwr: -114, prev W/NBPM: -93, -114, TF|AltADC|DCI/Q(Q5): 0x001b0b, s: 55938, e: 120098
2026-09-07 02:29:30.395599 RFHAL_KERNEL_BIN_TRACE_RX_ON RX ON -- AntPwr: -114, FreqCtrl: 0x380d5700, OF|AnaGi|AdcAttn|BQ|BWs: 0x07000700, dsp_corr: -9671
2026-09-07 02:29:30.396423 RFHAL_KERNEL_BIN_TRACE_RX_OFF RX OFF -- AntPwr: -114, prev W/NBPM: -93, -114, TF|AltADC|DCI/Q(Q5): 0x001b0b, s: 54930, e: 119090
2026-09-07 02:29:30.405609 RFHAL_KERNEL_BIN_TRACE_RX_ON RX ON -- AntPwr: -114, FreqCtrl: 0x380d5700, OF|AnaGi|AdcAttn|BQ|BWs: 0x07000700, dsp_corr: -9673
2026-09-07 02:29:30.406433 RFHAL_KERNEL_BIN_TRACE_RX_OFF RX OFF -- AntPwr: -114, prev W/NBPM: -93, -114, TF|AltADC|DCI/Q(Q5): 0x001a0b, s: 54922, e: 119082
2026-09-07 02:29:30.409607 RFHAL_KERNEL_BIN_TRACE_RX_ON RX ON -- AntPwr: -114, FreqCtrl: 0x380d5700, OF|AnaGi|AdcAttn|BQ|BWs: 0x07000700, dsp_corr: -9673
2026-09-07 02:29:30.410461 RFHAL_KERNEL_BIN_TRACE_RX_OFF RX OFF -- AntPwr: -114, prev W/NBPM: -93, -115, TF|AltADC|DCI/Q(Q5): 0x001a0b, s: 55940, e: 120100
2026-09-07 02:29:30.415588 RFHAL_KERNEL_BIN_TRACE_RX_ON RX ON -- AntPwr: -115, FreqCtrl: 0x380d5700, OF|AnaGi|AdcAttn|BQ|BWs: 0x07000700, dsp_corr: -9676
2026-09-07 02:29:30.416442 RFHAL_KERNEL_BIN_TRACE_RX_OFF RX OFF -- AntPwr: -115, prev W/NBPM: -93, -115, TF|AltADC|DCI/Q(Q5): 0x001a0b, s: 54927, e: 119087
2026-09-07 02:29:30.425598 RFHAL_KERNEL_BIN_TRACE_RX_ON RX ON -- AntPwr: -115, FreqCtrl: 0x380d5700, OF|AnaGi|AdcAttn|BQ|BWs: 0x07000700, dsp_corr: -9678
2026-09-07 02:29:30.426422 RFHAL_KERNEL_BIN_TRACE_RX_OFF RX OFF -- AntPwr: -115, prev W/NBPM: -92, -115, TF|AltADC|DCI/Q(Q5): 0x001a0b, s: 54920, e: 119080
2026-09-07 02:29:30.429596 RFHAL_KERNEL_BIN_TRACE_RX_ON RX ON -- AntPwr: -115, FreqCtrl: 0x380d5700, OF|AnaGi|AdcAttn|BQ|BWs: 0x07000700, dsp_corr: -9678
2026-09-07 02:29:30.430450 RFHAL_KERNEL_BIN_TRACE_RX_OFF RX OFF -- AntPwr: -115, prev W/NBPM: -92, -114, TF|AltADC|DCI/Q(Q5): 0x001a0b, s: 55940, e: 120100
2026-09-07 02:29:30.435607 RFHAL_KERNEL_BIN_TRACE_RX_ON RX ON -- AntPwr: -114, FreqCtrl: 0x380d5700, OF|AnaGi|AdcAttn|BQ|BWs: 0x07000700, dsp_corr: -9680
2026-09-07 02:29:30.436431 RFHAL_KERNEL_BIN_TRACE_RX_OFF RX OFF -- AntPwr: -114, prev W/NBPM: -93, -114, TF|AltADC|DCI/Q(Q5): 0x001a0b, s: 54929, e: 119089
2026-09-07 02:29:30.445587 RFHAL_KERNEL_BIN_TRACE_RX_ON RX ON -- AntPwr: -114, FreqCtrl: 0x380d5700, OF|AnaGi|AdcAttn|BQ|BWs: 0x07000700, dsp_corr: -9683
2026-09-07 02:29:30.446441 RFHAL_KERNEL_BIN_TRACE_RX_OFF RX OFF -- AntPwr: -114, prev W/NBPM: -92, -115, TF|AltADC|DCI/Q(Q5): 0x001b0b, s: 54923, e: 119083
2026-09-07 02:29:30.449585 RFHAL_KERNEL_BIN_TRACE_RX_ON RX ON -- AntPwr: -115, FreqCtrl: 0x380d5700, OF|AnaGi|AdcAttn|BQ|BWs: 0x07000700, dsp_corr: -9683
2026-09-07 02:29:30.450439 RFHAL_KERNEL_BIN_TRACE_RX_OFF RX OFF -- AntPwr: -115, prev W/NBPM: -93, -115, TF|AltADC|DCI/Q(Q5): 0x001a0b, s: 55938, e: 120098
2026-09-07 02:29:30.455597 RFHAL_KERNEL_BIN_TRACE_RX_ON RX ON -- AntPwr: -115, FreqCtrl: 0x380d5700, OF|AnaGi|AdcAttn|BQ|BWs: 0x07000700, dsp_corr: -9685
2026-09-07 02:29:30.456420 RFHAL_KERNEL_BIN_TRACE_RX_OFF RX OFF -- AntPwr: -115, prev W/NBPM: -93, -114, TF|AltADC|DCI/Q(Q5): 0x001a0b, s: 54930, e: 119090
2026-09-07 02:29:30.465606 RFHAL_KERNEL_BIN_TRACE_RX_ON RX ON -- AntPwr: -114, FreqCtrl: 0x380d5700, OF|AnaGi|AdcAttn|BQ|BWs: 0x07000700, dsp_corr: -9687
2026-09-07 02:29:30.466430 RFHAL_KERNEL_BIN_TRACE_RX_OFF RX OFF -- AntPwr: -114, prev W/NBPM: -93, -113, TF|AltADC|DCI/Q(Q5): 0x001a0b, s: 54922, e: 119082
2026-09-07 02:29:30.469604 RFHAL_KERNEL_BIN_TRACE_RX_ON RX ON -- AntPwr: -113, FreqCtrl: 0x380d5700, OF|AnaGi|AdcAttn|BQ|BWs: 0x07000700, dsp_corr: -9687
2026-09-07 02:29:30.470459 RFHAL_KERNEL_BIN_TRACE_RX_OFF RX OFF -- AntPwr: -113, prev W/NBPM: -93, -114, TF|AltADC|DCI/Q(Q5): 0x001a0b, s: 55940, e: 120100
2026-09-07 02:29:30.475586 RFHAL_KERNEL_BIN_TRACE_RX_ON RX ON -- AntPwr: -114, FreqCtrl: 0x380d5700, OF|AnaGi|AdcAttn|BQ|BWs: 0x07000700, dsp_corr: -9689
2026-09-07 02:29:30.476440 RFHAL_KERNEL_BIN_TRACE_RX_OFF RX OFF -- AntPwr: -114, prev W/NBPM: -93, -114, TF|AltADC|DCI/Q(Q5): 0x001a0b, s: 54930, e: 119090
2026-09-07 02:29:30.485595 RFHAL_KERNEL_BIN_TRACE_RX_ON RX ON -- AntPwr: -114, FreqCtrl: 0x380d5700, OF|AnaGi|AdcAttn|BQ|BWs: 0x07000700, dsp_corr: -9692
2026-09-07 02:29:30.486450 RFHAL_KERNEL_BIN_TRACE_RX_OFF RX OFF -- AntPwr: -114, prev W/NBPM: -93, -114, TF|AltADC|DCI/Q(Q5): 0x001a0b, s: 54923, e: 119083
2026-09-07 02:29:30.489593 RFHAL_KERNEL_BIN_TRACE_RX_ON RX ON -- AntPwr: -114, FreqCtrl: 0x380d5700, OF|AnaGi|AdcAttn|BQ|BWs: 0x07000700, dsp_corr: -9692
2026-09-07 02:29:30.490448 RFHAL_KERNEL_BIN_TRACE_RX_OFF RX OFF -- AntPwr: -114, prev W/NBPM: -93, -116, TF|AltADC|DCI/Q(Q5): 0x001a0b, s: 55940, e: 120100
2026-09-07 02:29:30.495605 RFHAL_KERNEL_BIN_TRACE_RX_ON RX ON -- AntPwr: -116, FreqCtrl: 0x380d5700, OF|AnaGi|AdcAttn|BQ|BWs: 0x07000700, dsp_corr: -9694
2026-09-07 02:29:30.496429 RFHAL_KERNEL_BIN_TRACE_RX_OFF RX OFF -- AntPwr: -116, prev W/NBPM: -92, -114, TF|AltADC|DCI/Q(Q5): 0x001a0b, s: 54930, e: 119090
2026-09-07 02:29:30.505584 RFHAL_KERNEL_BIN_TRACE_RX_ON RX ON -- AntPwr: -114, FreqCtrl: 0x380d5700, OF|AnaGi|AdcAttn|BQ|BWs: 0x07000700, dsp_corr: -9696
2026-09-07 02:29:30.506439 RFHAL_KERNEL_BIN_TRACE_RX_OFF RX OFF -- AntPwr: -114, prev W/NBPM: -93, -115, TF|AltADC|DCI/Q(Q5): 0x001a0b, s: 54919, e: 119079
2026-09-07 02:29:30.509613 RFHAL_KERNEL_BIN_TRACE_RX_ON RX ON -- AntPwr: -115, FreqCtrl: 0x380d5700, OF|AnaGi|AdcAttn|BQ|BWs: 0x07000700, dsp_corr: -9696
2026-09-07 02:29:30.510437 RFHAL_KERNEL_BIN_TRACE_RX_OFF RX OFF -- AntPwr: -115, prev W/NBPM: -93, -115, TF|AltADC|DCI/Q(Q5): 0x001a0b, s: 55940, e: 120100
2026-09-07 02:29:30.515594 RFHAL_KERNEL_BIN_TRACE_RX_ON RX ON -- AntPwr: -115, FreqCtrl: 0x380d5700, OF|AnaGi|AdcAttn|BQ|BWs: 0x07000700, dsp_corr: -9699
2026-09-07 02:29:30.516449 RFHAL_KERNEL_BIN_TRACE_RX_OFF RX OFF -- AntPwr: -115, prev W/NBPM: -93, -115, TF|AltADC|DCI/Q(Q5): 0x001a0b, s: 55193, e: 119353
2026-09-07 02:29:30.525604 RFHAL_KERNEL_BIN_TRACE_RX_ON RX ON -- AntPwr: -115, FreqCtrl: 0x380d5700, OF|AnaGi|AdcAttn|BQ|BWs: 0x07000700, dsp_corr: -9701
2026-09-07 02:29:30.526428 RFHAL_KERNEL_BIN_TRACE_RX_OFF RX OFF -- AntPwr: -115, prev W/NBPM: -93, -116, TF|AltADC|DCI/Q(Q5): 0x001a0b, s: 54442, e: 118602
2026-09-07 02:29:30.543396 RFHAL_KERNEL_BIN_TRACE_RX_ON RX ON -- AntPwr: -116, FreqCtrl: 0x380d5700, OF|AnaGi|AdcAttn|BQ|BWs: 0x07000700, dsp_corr: -9705
2026-09-07 02:29:30.563568 L1_DEFAULT_INFO_SERVING_CELL_MEASUREMENTS_SYNC_LOST earfcn: 229232, pci: 22, rsrp: N/A, rsrq: N/A, SNR: -14
2026-09-07 02:29:30.564422 RFHAL_KERNEL_BIN_TRACE_RX_OFF RX OFF -- AntPwr: -118, prev W/NBPM: -93, -116, TF|AltADC|DCI/Q(Q5): 0x001b0b, s: 38887, e: 1651690
2026-09-07 02:29:30.572601 RFHAL_KERNEL_BIN_TRACE_RX_ON RX ON -- AntPwr: -102, FreqCtrl: 0x380d5700, OF|AnaGi|AdcAttn|BQ|BWs: 0x07000700, dsp_corr: -9710
2026-09-07 02:29:30.613586 RFHAL_KERNEL_BIN_TRACE_RX_OFF RX OFF -- AntPwr: -115, prev W/NBPM: -93, -116, TF|AltADC|DCI/Q(Q5): 0x001b0b, s: 563009, e: 3711809
2026-09-07 02:29:30.614166 L1_DEFAULT_INFO_NEIGHBOR_CELL_MEASUREMENTS earfcn: 229232, pci: 22, rsrp: -140, rsrq: -24
2026-09-07 02:29:31.645660 RFHAL_KERNEL_BIN_TRACE_RX_ON RX ON -- AntPwr: -118, FreqCtrl: 0x380d5700, OF|AnaGi|AdcAttn|BQ|BWs: 0x07000700, dsp_corr: -9956
2026-09-07 02:29:31.646453 RFHAL_KERNEL_BIN_TRACE_RX_OFF RX OFF -- AntPwr: -118, prev W/NBPM: -93, -117, TF|AltADC|DCI/Q(Q5): 0x001b0b, s: 94617, e: 156217
2026-09-07 02:29:31.649658 RFHAL_KERNEL_BIN_TRACE_RX_ON RX ON -- AntPwr: -117, FreqCtrl: 0x380d5700, OF|AnaGi|AdcAttn|BQ|BWs: 0x07000700, dsp_corr: -9956
2026-09-07 02:29:31.650512 RFHAL_KERNEL_BIN_TRACE_RX_OFF RX OFF -- AntPwr: -117, prev W/NBPM: -93, -116, TF|AltADC|DCI/Q(Q5): 0x001b0b, s: 55067, e: 119227
2026-09-07 02:29:31.655639 RFHAL_KERNEL_BIN_TRACE_RX_ON RX ON -- AntPwr: -116, FreqCtrl: 0x380d5700, OF|AnaGi|AdcAttn|BQ|BWs: 0x07000700, dsp_corr: -9958
2026-09-07 02:29:31.656494 RFHAL_KERNEL_BIN_TRACE_RX_OFF RX OFF -- AntPwr: -116, prev W/NBPM: -93, -116, TF|AltADC|DCI/Q(Q5): 0x001b0b, s: 54930, e: 119090
2026-09-07 02:29:31.665649 RFHAL_KERNEL_BIN_TRACE_RX_ON RX ON -- AntPwr: -116, FreqCtrl: 0x380d5700, OF|AnaGi|AdcAttn|BQ|BWs: 0x07000700, dsp_corr: -9961
2026-09-07 02:29:31.666473 RFHAL_KERNEL_BIN_TRACE_RX_OFF RX OFF -- AntPwr: -116, prev W/NBPM: -93, -115, TF|AltADC|DCI/Q(Q5): 0x001b0b, s: 54920, e: 119080
2026-09-07 02:29:31.669647 RFHAL_KERNEL_BIN_TRACE_RX_ON RX ON -- AntPwr: -115, FreqCtrl: 0x380d5700, OF|AnaGi|AdcAttn|BQ|BWs: 0x07000700, dsp_corr: -9961
2026-09-07 02:29:31.670501 RFHAL_KERNEL_BIN_TRACE_RX_OFF RX OFF -- AntPwr: -115, prev W/NBPM: -93, -115, TF|AltADC|DCI/Q(Q5): 0x001b0b, s: 55943, e: 120103
2026-09-07 02:29:31.675659 RFHAL_KERNEL_BIN_TRACE_RX_ON RX ON -- AntPwr: -115, FreqCtrl: 0x380d5700, OF|AnaGi|AdcAttn|BQ|BWs: 0x07000700, dsp_corr: -9963
2026-09-07 02:29:31.676483 RFHAL_KERNEL_BIN_TRACE_RX_OFF RX OFF -- AntPwr: -115, prev W/NBPM: -93, -115, TF|AltADC|DCI/Q(Q5): 0x001b0b, s: 54933, e: 119093
2026-09-07 02:29:31.685638 RFHAL_KERNEL_BIN_TRACE_RX_ON RX ON -- AntPwr: -115, FreqCtrl: 0x380d5700, OF|AnaGi|AdcAttn|BQ|BWs: 0x07000700, dsp_corr: -9965
2026-09-07 02:29:31.686493 RFHAL_KERNEL_BIN_TRACE_RX_OFF RX OFF -- AntPwr: -115, prev W/NBPM: -93, -115, TF|AltADC|DCI/Q(Q5): 0x001b0b, s: 54922, e: 119082
2026-09-07 02:29:31.689636 RFHAL_KERNEL_BIN_TRACE_RX_ON RX ON -- AntPwr: -115, FreqCtrl: 0x380d5700, OF|AnaGi|AdcAttn|BQ|BWs: 0x07000700, dsp_corr: -9965
2026-09-07 02:29:31.690490 RFHAL_KERNEL_BIN_TRACE_RX_OFF RX OFF -- AntPwr: -115, prev W/NBPM: -93, -115, TF|AltADC|DCI/Q(Q5): 0x001b0b, s: 55939, e: 120099
2026-09-07 02:29:31.695648 RFHAL_KERNEL_BIN_TRACE_RX_ON RX ON -- AntPwr: -115, FreqCtrl: 0x380d5700, OF|AnaGi|AdcAttn|BQ|BWs: 0x07000700, dsp_corr: -9967
2026-09-07 02:29:31.696472 RFHAL_KERNEL_BIN_TRACE_RX_OFF RX OFF -- AntPwr: -115, prev W/NBPM: -93, -115, TF|AltADC|DCI/Q(Q5): 0x001b0b, s: 54932, e: 119092
2026-09-07 02:29:31.705658 RFHAL_KERNEL_BIN_TRACE_RX_ON RX ON -- AntPwr: -115, FreqCtrl: 0x380d5700, OF|AnaGi|AdcAttn|BQ|BWs: 0x07000700, dsp_corr: -9970
2026-09-07 02:29:31.706482 RFHAL_KERNEL_BIN_TRACE_RX_OFF RX OFF -- AntPwr: -115, prev W/NBPM: -93, -114, TF|AltADC|DCI/Q(Q5): 0x001b0b, s: 54925, e: 119085
2026-09-07 02:29:31.709655 RFHAL_KERNEL_BIN_TRACE_RX_ON RX ON -- AntPwr: -114, FreqCtrl: 0x380d5700, OF|AnaGi|AdcAttn|BQ|BWs: 0x07000700, dsp_corr: -9970
2026-09-07 02:29:31.710510 RFHAL_KERNEL_BIN_TRACE_RX_OFF RX OFF -- AntPwr: -114, prev W/NBPM: -93, -115, TF|AltADC|DCI/Q(Q5): 0x001b0b, s: 55944, e: 120104
2026-09-07 02:29:31.715637 RFHAL_KERNEL_BIN_TRACE_RX_ON RX ON -- AntPwr: -115, FreqCtrl: 0x380d5700, OF|AnaGi|AdcAttn|BQ|BWs: 0x07000700, dsp_corr: -9972
2026-09-07 02:29:31.716491 RFHAL_KERNEL_BIN_TRACE_RX_OFF RX OFF -- AntPwr: -115, prev W/NBPM: -93, -115, TF|AltADC|DCI/Q(Q5): 0x001b0b, s: 54933, e: 119093
2026-09-07 02:29:31.725647 RFHAL_KERNEL_BIN_TRACE_RX_ON RX ON -- AntPwr: -115, FreqCtrl: 0x380d5700, OF|AnaGi|AdcAttn|BQ|BWs: 0x07000700, dsp_corr: -9974
2026-09-07 02:29:31.726471 RFHAL_KERNEL_BIN_TRACE_RX_OFF RX OFF -- AntPwr: -115, prev W/NBPM: -93, -113, TF|AltADC|DCI/Q(Q5): 0x001b0b, s: 54924, e: 119084
2026-09-07 02:29:31.729644 RFHAL_KERNEL_BIN_TRACE_RX_ON RX ON -- AntPwr: -113, FreqCtrl: 0x380d5700, OF|AnaGi|AdcAttn|BQ|BWs: 0x07000700, dsp_corr: -9974
2026-09-07 02:29:31.730499 RFHAL_KERNEL_BIN_TRACE_RX_OFF RX OFF -- AntPwr: -113, prev W/NBPM: -93, -116, TF|AltADC|DCI/Q(Q5): 0x001b0b, s: 55942, e: 120102
2026-09-07 02:29:31.735656 RFHAL_KERNEL_BIN_TRACE_RX_ON RX ON -- AntPwr: -116, FreqCtrl: 0x380d5700, OF|AnaGi|AdcAttn|BQ|BWs: 0x07000700, dsp_corr: -9976
2026-09-07 02:29:31.736480 RFHAL_KERNEL_BIN_TRACE_RX_OFF RX OFF -- AntPwr: -116, prev W/NBPM: -93, -115, TF|AltADC|DCI/Q(Q5): 0x001b0b, s: 54935, e: 119095
2026-09-07 02:29:31.745636 RFHAL_KERNEL_BIN_TRACE_RX_ON RX ON -- AntPwr: -115, FreqCtrl: 0x380d5700, OF|AnaGi|AdcAttn|BQ|BWs: 0x07000700, dsp_corr: -9979
2026-09-07 02:29:31.746490 RFHAL_KERNEL_BIN_TRACE_RX_OFF RX OFF -- AntPwr: -115, prev W/NBPM: -93, -114, TF|AltADC|DCI/Q(Q5): 0x001b0b, s: 54923, e: 119083
2026-09-07 02:29:31.749633 RFHAL_KERNEL_BIN_TRACE_RX_ON RX ON -- AntPwr: -114, FreqCtrl: 0x380d5700, OF|AnaGi|AdcAttn|BQ|BWs: 0x07000700, dsp_corr: -9979
2026-09-07 02:29:31.750488 RFHAL_KERNEL_BIN_TRACE_RX_OFF RX OFF -- AntPwr: -114, prev W/NBPM: -92, -116, TF|AltADC|DCI/Q(Q5): 0x001b0b, s: 55939, e: 120099
2026-09-07 02:29:31.755645 RFHAL_KERNEL_BIN_TRACE_RX_ON RX ON -- AntPwr: -116, FreqCtrl: 0x380d5700, OF|AnaGi|AdcAttn|BQ|BWs: 0x07000700, dsp_corr: -9981
2026-09-07 02:29:31.756500 RFHAL_KERNEL_BIN_TRACE_RX_OFF RX OFF -- AntPwr: -116, prev W/NBPM: -93, -115, TF|AltADC|DCI/Q(Q5): 0x001b0b, s: 54930, e: 119090
2026-09-07 02:29:31.765655 RFHAL_KERNEL_BIN_TRACE_RX_ON RX ON -- AntPwr: -115, FreqCtrl: 0x380d5700, OF|AnaGi|AdcAttn|BQ|BWs: 0x07000700, dsp_corr: -9983
2026-09-07 02:29:31.766479 RFHAL_KERNEL_BIN_TRACE_RX_OFF RX OFF -- AntPwr: -115, prev W/NBPM: -93, -114, TF|AltADC|DCI/Q(Q5): 0x001b0b, s: 54921, e: 119081
2026-09-07 02:29:31.769653 RFHAL_KERNEL_BIN_TRACE_RX_ON RX ON -- AntPwr: -114, FreqCtrl: 0x380d5700, OF|AnaGi|AdcAttn|BQ|BWs: 0x07000700, dsp_corr: -9983
2026-09-07 02:29:31.770507 RFHAL_KERNEL_BIN_TRACE_RX_OFF RX OFF -- AntPwr: -114, prev W/NBPM: -93, -116, TF|AltADC|DCI/Q(Q5): 0x001b0b, s: 55937, e: 120097
2026-09-07 02:29:31.775634 RFHAL_KERNEL_BIN_TRACE_RX_ON RX ON -- AntPwr: -116, FreqCtrl: 0x380d5700, OF|AnaGi|AdcAttn|BQ|BWs: 0x07000700, dsp_corr: -9985
2026-09-07 02:29:31.776489 RFHAL_KERNEL_BIN_TRACE_RX_OFF RX OFF -- AntPwr: -116, prev W/NBPM: -93, -115, TF|AltADC|DCI/Q(Q5): 0x001b0b, s: 54932, e: 119092
2026-09-07 02:29:31.785644 RFHAL_KERNEL_BIN_TRACE_RX_ON RX ON -- AntPwr: -115, FreqCtrl: 0x380d5700, OF|AnaGi|AdcAttn|BQ|BWs: 0x07000700, dsp_corr: -9988
2026-09-07 02:29:31.786499 RFHAL_KERNEL_BIN_TRACE_RX_OFF RX OFF -- AntPwr: -115, prev W/NBPM: -93, -115, TF|AltADC|DCI/Q(Q5): 0x001b0b, s: 54923, e: 119083
2026-09-07 02:29:31.789642 RFHAL_KERNEL_BIN_TRACE_RX_ON RX ON -- AntPwr: -115, FreqCtrl: 0x380d5700, OF|AnaGi|AdcAttn|BQ|BWs: 0x07000700, dsp_corr: -9988
2026-09-07 02:29:31.790496 RFHAL_KERNEL_BIN_TRACE_RX_OFF RX OFF -- AntPwr: -115, prev W/NBPM: -93, -116, TF|AltADC|DCI/Q(Q5): 0x001b0b, s: 55938, e: 120098
2026-09-07 02:29:31.795654 RFHAL_KERNEL_BIN_TRACE_RX_ON RX ON -- AntPwr: -116, FreqCtrl: 0x380d5700, OF|AnaGi|AdcAttn|BQ|BWs: 0x07000700, dsp_corr: -9990
2026-09-07 02:29:31.796478 RFHAL_KERNEL_BIN_TRACE_RX_OFF RX OFF -- AntPwr: -116, prev W/NBPM: -93, -116, TF|AltADC|DCI/Q(Q5): 0x001b0b, s: 55193, e: 119353
2026-09-07 02:29:31.805664 RFHAL_KERNEL_BIN_TRACE_RX_ON RX ON -- AntPwr: -116, FreqCtrl: 0x380d5700, OF|AnaGi|AdcAttn|BQ|BWs: 0x07000700, dsp_corr: -9992
2026-09-07 02:29:31.806488 RFHAL_KERNEL_BIN_TRACE_RX_OFF RX OFF -- AntPwr: -116, prev W/NBPM: -93, -115, TF|AltADC|DCI/Q(Q5): 0x001b0b, s: 54442, e: 118602
2026-09-07 02:29:31.823455 RFHAL_KERNEL_BIN_TRACE_RX_ON RX ON -- AntPwr: -115, FreqCtrl: 0x380d5700, OF|AnaGi|AdcAttn|BQ|BWs: 0x07000700, dsp_corr: -9996
2026-09-07 02:29:31.843628 L1_DEFAULT_INFO_SERVING_CELL_MEASUREMENTS_SYNC_LOST earfcn: 229232, pci: 22, rsrp: N/A, rsrq: N/A, SNR: -14
2026-09-07 02:29:31.844451 RFHAL_KERNEL_BIN_TRACE_RX_OFF RX OFF -- AntPwr: -118, prev W/NBPM: -93, -114, TF|AltADC|DCI/Q(Q5): 0x001b0b, s: 39802, e: 1652605
2026-09-07 02:29:31.852661 RFHAL_KERNEL_BIN_TRACE_RX_ON RX ON -- AntPwr: -103, FreqCtrl: 0x380d5700, OF|AnaGi|AdcAttn|BQ|BWs: 0x07000700, dsp_corr: -10001
2026-09-07 02:29:31.893646 RFHAL_KERNEL_BIN_TRACE_RX_OFF RX OFF -- AntPwr: -114, prev W/NBPM: -92, -114, TF|AltADC|DCI/Q(Q5): 0x001b0b, s: 563010, e: 3711810
2026-09-07 02:29:31.894195 L1_DEFAULT_INFO_NEIGHBOR_CELL_MEASUREMENTS earfcn: 229232, pci: 22, rsrp: -140, rsrq: -23
2026-09-07 02:29:32.911621 UUID eae22c84-2506-423a-883e-91bd9b2ad229
2026-09-07 02:29:32.911651 HWVERSION nRF9151 A1A
2026-09-07 02:29:32.925720 RFHAL_KERNEL_BIN_TRACE_RX_ON RX ON -- AntPwr: -118, FreqCtrl: 0x380d5700, OF|AnaGi|AdcAttn|BQ|BWs: 0x07000700, dsp_corr: -10243
2026-09-07 02:29:32.926513 RFHAL_KERNEL_BIN_TRACE_RX_OFF RX OFF -- AntPwr: -118, prev W/NBPM: -93, -115, TF|AltADC|DCI/Q(Q5): 0x001b0b, s: 94060, e: 155660
2026-09-07 02:29:32.929687 RFHAL_KERNEL_BIN_TRACE_RX_ON RX ON -- AntPwr: -115, FreqCtrl: 0x380d5700, OF|AnaGi|AdcAttn|BQ|BWs: 0x07000700, dsp_corr: -10243
2026-09-07 02:29:32.930542 RFHAL_KERNEL_BIN_TRACE_RX_OFF RX OFF -- AntPwr: -115, prev W/NBPM: -92, -113, TF|AltADC|DCI/Q(Q5): 0x001b0b, s: 55072, e: 119232
2026-09-07 02:29:32.935699 RFHAL_KERNEL_BIN_TRACE_RX_ON RX ON -- AntPwr: -113, FreqCtrl: 0x380d5700, OF|AnaGi|AdcAttn|BQ|BWs: 0x07000700, dsp_corr: -10246
2026-09-07 02:29:32.936523 RFHAL_KERNEL_BIN_TRACE_RX_OFF RX OFF -- AntPwr: -113, prev W/NBPM: -93, -115, TF|AltADC|DCI/Q(Q5): 0x001b0b, s: 54934, e: 119094
2026-09-07 02:29:32.945709 RFHAL_KERNEL_BIN_TRACE_RX_ON RX ON -- AntPwr: -115, FreqCtrl: 0x380d5700, OF|AnaGi|AdcAttn|BQ|BWs: 0x07000700, dsp_corr: -10248
2026-09-07 02:29:32.946533 RFHAL_KERNEL_BIN_TRACE_RX_OFF RX OFF -- AntPwr: -115, prev W/NBPM: -93, -116, TF|AltADC|DCI/Q(Q5): 0x001a0b, s: 54924, e: 119084
2026-09-07 02:29:32.949707 RFHAL_KERNEL_BIN_TRACE_RX_ON RX ON -- AntPwr: -116, FreqCtrl: 0x380d5700, OF|AnaGi|AdcAttn|BQ|BWs: 0x07000700, dsp_corr: -10248
2026-09-07 02:29:32.950561 RFHAL_KERNEL_BIN_TRACE_RX_OFF RX OFF -- AntPwr: -116, prev W/NBPM: -92, -115, TF|AltADC|DCI/Q(Q5): 0x001a0b, s: 55943, e: 120103
2026-09-07 02:29:32.955688 RFHAL_KERNEL_BIN_TRACE_RX_ON RX ON -- AntPwr: -115, FreqCtrl: 0x380d5700, OF|AnaGi|AdcAttn|BQ|BWs: 0x07000700, dsp_corr: -10250
2026-09-07 02:29:32.956543 RFHAL_KERNEL_BIN_TRACE_RX_OFF RX OFF -- AntPwr: -115, prev W/NBPM: -93, -117, TF|AltADC|DCI/Q(Q5): 0x001a0b, s: 54935, e: 119095
2026-09-07 02:29:32.965698 RFHAL_KERNEL_BIN_TRACE_RX_ON RX ON -- AntPwr: -117, FreqCtrl: 0x380d5700, OF|AnaGi|AdcAttn|BQ|BWs: 0x07000700, dsp_corr: -10252
2026-09-07 02:29:32.966522 RFHAL_KERNEL_BIN_TRACE_RX_OFF RX OFF -- AntPwr: -117, prev W/NBPM: -93, -114, TF|AltADC|DCI/Q(Q5): 0x001a0b, s: 54923, e: 119083
2026-09-07 02:29:32.969696 RFHAL_KERNEL_BIN_TRACE_RX_ON RX ON -- AntPwr: -114, FreqCtrl: 0x380d5700, OF|AnaGi|AdcAttn|BQ|BWs: 0x07000700, dsp_corr: -10252
2026-09-07 02:29:32.970550 RFHAL_KERNEL_BIN_TRACE_RX_OFF RX OFF -- AntPwr: -114, prev W/NBPM: -93, -114, TF|AltADC|DCI/Q(Q5): 0x001a0b, s: 55943, e: 120103
2026-09-07 02:29:32.975708 RFHAL_KERNEL_BIN_TRACE_RX_ON RX ON -- AntPwr: -114, FreqCtrl: 0x380d5700, OF|AnaGi|AdcAttn|BQ|BWs: 0x07000700, dsp_corr: -10255
2026-09-07 02:29:32.976532 RFHAL_KERNEL_BIN_TRACE_RX_OFF RX OFF -- AntPwr: -114, prev W/NBPM: -93, -115, TF|AltADC|DCI/Q(Q5): 0x001a0b, s: 54934, e: 119094
2026-09-07 02:29:32.985687 RFHAL_KERNEL_BIN_TRACE_RX_ON RX ON -- AntPwr: -115, FreqCtrl: 0x380d5700, OF|AnaGi|AdcAttn|BQ|BWs: 0x07000700, dsp_corr: -10257
2026-09-07 02:29:32.986541 RFHAL_KERNEL_BIN_TRACE_RX_OFF RX OFF -- AntPwr: -115, prev W/NBPM: -93, -115, TF|AltADC|DCI/Q(Q5): 0x001a0b, s: 54925, e: 119085
2026-09-07 02:29:32.989685 RFHAL_KERNEL_BIN_TRACE_RX_ON RX ON -- AntPwr: -115, FreqCtrl: 0x380d5700, OF|AnaGi|AdcAttn|BQ|BWs: 0x07000700, dsp_corr: -10257
2026-09-07 02:29:32.990539 RFHAL_KERNEL_BIN_TRACE_RX_OFF RX OFF -- AntPwr: -115, prev W/NBPM: -92, -116, TF|AltADC|DCI/Q(Q5): 0x001a0b, s: 55942, e: 120102
2026-09-07 02:29:32.995697 RFHAL_KERNEL_BIN_TRACE_RX_ON RX ON -- AntPwr: -116, FreqCtrl: 0x380d5700, OF|AnaGi|AdcAttn|BQ|BWs: 0x07000700, dsp_corr: -10259
2026-09-07 02:29:32.996551 RFHAL_KERNEL_BIN_TRACE_RX_OFF RX OFF -- AntPwr: -116, prev W/NBPM: -93, -114, TF|AltADC|DCI/Q(Q5): 0x001a0b, s: 54931, e: 119091
2026-09-07 02:29:33.005706 RFHAL_KERNEL_BIN_TRACE_RX_ON RX ON -- AntPwr: -114, FreqCtrl: 0x380d5700, OF|AnaGi|AdcAttn|BQ|BWs: 0x07000700, dsp_corr: -10261
2026-09-07 02:29:33.006530 RFHAL_KERNEL_BIN_TRACE_RX_OFF RX OFF -- AntPwr: -114, prev W/NBPM: -93, -115, TF|AltADC|DCI/Q(Q5): 0x001a0b, s: 54925, e: 119085
2026-09-07 02:29:33.009704 RFHAL_KERNEL_BIN_TRACE_RX_ON RX ON -- AntPwr: -115, FreqCtrl: 0x380d5700, OF|AnaGi|AdcAttn|BQ|BWs: 0x07000700, dsp_corr: -10261
2026-09-07 02:29:33.010559 RFHAL_KERNEL_BIN_TRACE_RX_OFF RX OFF -- AntPwr: -115, prev W/NBPM: -93, -115, TF|AltADC|DCI/Q(Q5): 0x001a0b, s: 55943, e: 120103
2026-09-07 02:29:33.015686 RFHAL_KERNEL_BIN_TRACE_RX_ON RX ON -- AntPwr: -115, FreqCtrl: 0x380d5700, OF|AnaGi|AdcAttn|BQ|BWs: 0x07000700, dsp_corr: -10263
2026-09-07 02:29:33.016540 RFHAL_KERNEL_BIN_TRACE_RX_OFF RX OFF -- AntPwr: -115, prev W/NBPM: -92, -116, TF|AltADC|DCI/Q(Q5): 0x001a0b, s: 54934, e: 119094
2026-09-07 02:29:33.025695 RFHAL_KERNEL_BIN_TRACE_RX_ON RX ON -- AntPwr: -116, FreqCtrl: 0x380d5700, OF|AnaGi|AdcAttn|BQ|BWs: 0x07000700, dsp_corr: -10266
2026-09-07 02:29:33.026550 RFHAL_KERNEL_BIN_TRACE_RX_OFF RX OFF -- AntPwr: -116, prev W/NBPM: -93, -115, TF|AltADC|DCI/Q(Q5): 0x001a0b, s: 54924, e: 119084
2026-09-07 02:29:33.029693 RFHAL_KERNEL_BIN_TRACE_RX_ON RX ON -- AntPwr: -115, FreqCtrl: 0x380d5700, OF|AnaGi|AdcAttn|BQ|BWs: 0x07000700, dsp_corr: -10266
2026-09-07 02:29:33.030548 RFHAL_KERNEL_BIN_TRACE_RX_OFF RX OFF -- AntPwr: -115, prev W/NBPM: -93, -114, TF|AltADC|DCI/Q(Q5): 0x001a0b, s: 55941, e: 120101
2026-09-07 02:29:33.035705 RFHAL_KERNEL_BIN_TRACE_RX_ON RX ON -- AntPwr: -114, FreqCtrl: 0x380d5700, OF|AnaGi|AdcAttn|BQ|BWs: 0x07000700, dsp_corr: -10268
2026-09-07 02:29:33.036529 RFHAL_KERNEL_BIN_TRACE_RX_OFF RX OFF -- AntPwr: -114, prev W/NBPM: -93, -115, TF|AltADC|DCI/Q(Q5): 0x001a0b, s: 54930, e: 119090
2026-09-07 02:29:33.045715 RFHAL_KERNEL_BIN_TRACE_RX_ON RX ON -- AntPwr: -115, FreqCtrl: 0x380d5700, OF|AnaGi|AdcAttn|BQ|BWs: 0x07000700, dsp_corr: -10270
2026-09-07 02:29:33.046539 RFHAL_KERNEL_BIN_TRACE_RX_OFF RX OFF -- AntPwr: -115, prev W/NBPM: -93, -115, TF|AltADC|DCI/Q(Q5): 0x001a0b, s: 54923, e: 119083
2026-09-07 02:29:33.049713 RFHAL_KERNEL_BIN_TRACE_RX_ON RX ON -- AntPwr: -115, FreqCtrl: 0x380d5700, OF|AnaGi|AdcAttn|BQ|BWs: 0x07000700, dsp_corr: -10270
2026-09-07 02:29:33.050567 RFHAL_KERNEL_BIN_TRACE_RX_OFF RX OFF -- AntPwr: -115, prev W/NBPM: -93, -116, TF|AltADC|DCI/Q(Q5): 0x001a0b, s: 55939, e: 120099
2026-09-07 02:29:33.055694 RFHAL_KERNEL_BIN_TRACE_RX_ON RX ON -- AntPwr: -116, FreqCtrl: 0x380d5700, OF|AnaGi|AdcAttn|BQ|BWs: 0x07000700, dsp_corr: -10272
2026-09-07 02:29:33.056549 RFHAL_KERNEL_BIN_TRACE_RX_OFF RX OFF -- AntPwr: -116, prev W/NBPM: -93, -114, TF|AltADC|DCI/Q(Q5): 0x001a0b, s: 54932, e: 119092
2026-09-07 02:29:33.065704 RFHAL_KERNEL_BIN_TRACE_RX_ON RX ON -- AntPwr: -114, FreqCtrl: 0x380d5700, OF|AnaGi|AdcAttn|BQ|BWs: 0x07000700, dsp_corr: -10275
2026-09-07 02:29:33.066528 RFHAL_KERNEL_BIN_TRACE_RX_OFF RX OFF -- AntPwr: -114, prev W/NBPM: -93, -115, TF|AltADC|DCI/Q(Q5): 0x001a0b, s: 54925, e: 119085
2026-09-07 02:29:33.069702 RFHAL_KERNEL_BIN_TRACE_RX_ON RX ON -- AntPwr: -115, FreqCtrl: 0x380d5700, OF|AnaGi|AdcAttn|BQ|BWs: 0x07000700, dsp_corr: -10275
2026-09-07 02:29:33.070556 RFHAL_KERNEL_BIN_TRACE_RX_OFF RX OFF -- AntPwr: -115, prev W/NBPM: -93, -114, TF|AltADC|DCI/Q(Q5): 0x001a0b, s: 55944, e: 120104
2026-09-07 02:29:33.075714 RFHAL_KERNEL_BIN_TRACE_RX_ON RX ON -- AntPwr: -114, FreqCtrl: 0x380d5700, OF|AnaGi|AdcAttn|BQ|BWs: 0x07000700, dsp_corr: -10277
2026-09-07 02:29:33.076538 RFHAL_KERNEL_BIN_TRACE_RX_OFF RX OFF -- AntPwr: -114, prev W/NBPM: -93, -114, TF|AltADC|DCI/Q(Q5): 0x001a0b, s: 55196, e: 119356
2026-09-07 02:29:33.085693 RFHAL_KERNEL_BIN_TRACE_RX_ON RX ON -- AntPwr: -114, FreqCtrl: 0x380d5700, OF|AnaGi|AdcAttn|BQ|BWs: 0x07000700, dsp_corr: -10279
2026-09-07 02:29:33.086547 RFHAL_KERNEL_BIN_TRACE_RX_OFF RX OFF -- AntPwr: -114, prev W/NBPM: -93, -117, TF|AltADC|DCI/Q(Q5): 0x001a0b, s: 54442, e: 118602
2026-09-07 02:29:33.103515 RFHAL_KERNEL_BIN_TRACE_RX_ON RX ON -- AntPwr: -117, FreqCtrl: 0x380d5700, OF|AnaGi|AdcAttn|BQ|BWs: 0x07000700, dsp_corr: -10283
2026-09-07 02:29:33.123687 L1_DEFAULT_INFO_SERVING_CELL_MEASUREMENTS_SYNC_LOST earfcn: 229232, pci: 22, rsrp: N/A, rsrq: N/A, SNR: -17
2026-09-07 02:29:33.124511 RFHAL_KERNEL_BIN_TRACE_RX_OFF RX OFF -- AntPwr: -118, prev W/NBPM: -93, -116, TF|AltADC|DCI/Q(Q5): 0x001a0b, s: 39805, e: 1652608
2026-09-07 02:29:33.132690 RFHAL_KERNEL_BIN_TRACE_RX_ON RX ON -- AntPwr: -103, FreqCtrl: 0x380d5700, OF|AnaGi|AdcAttn|BQ|BWs: 0x07000700, dsp_corr: -10258
2026-09-07 02:29:33.173706 RFHAL_KERNEL_BIN_TRACE_RX_OFF RX OFF -- AntPwr: -115, prev W/NBPM: -92, -115, TF|AltADC|DCI/Q(Q5): 0x001a0b, s: 563007, e: 3711807
2026-09-07 02:29:33.174255 L1_DEFAULT_INFO_NEIGHBOR_CELL_MEASUREMENTS earfcn: 229232, pci: 22, rsrp: -140, rsrq: -24
2026-09-07 02:29:34.205780 RFHAL_KERNEL_BIN_TRACE_RX_ON RX ON -- AntPwr: -118, FreqCtrl: 0x380d5700, OF|AnaGi|AdcAttn|BQ|BWs: 0x07000700, dsp_corr: -10496
2026-09-07 02:29:34.206573 RFHAL_KERNEL_BIN_TRACE_RX_OFF RX OFF -- AntPwr: -118, prev W/NBPM: -93, -115, TF|AltADC|DCI/Q(Q5): 0x001a0b, s: 93404, e: 155004
2026-09-07 02:29:34.209747 RFHAL_KERNEL_BIN_TRACE_RX_ON RX ON -- AntPwr: -115, FreqCtrl: 0x380d5700, OF|AnaGi|AdcAttn|BQ|BWs: 0x07000700, dsp_corr: -10496
2026-09-07 02:29:34.210601 RFHAL_KERNEL_BIN_TRACE_RX_OFF RX OFF -- AntPwr: -115, prev W/NBPM: -93, -115, TF|AltADC|DCI/Q(Q5): 0x001a0b, s: 55071, e: 119231
2026-09-07 02:29:34.215759 RFHAL_KERNEL_BIN_TRACE_RX_ON RX ON -- AntPwr: -115, FreqCtrl: 0x380d5700, OF|AnaGi|AdcAttn|BQ|BWs: 0x07000700, dsp_corr: -10499
2026-09-07 02:29:34.216583 RFHAL_KERNEL_BIN_TRACE_RX_OFF RX OFF -- AntPwr: -115, prev W/NBPM: -93, -115, TF|AltADC|DCI/Q(Q5): 0x001a0b, s: 54935, e: 119095
2026-09-07 02:29:34.225738 RFHAL_KERNEL_BIN_TRACE_RX_ON RX ON -- AntPwr: -115, FreqCtrl: 0x380d5700, OF|AnaGi|AdcAttn|BQ|BWs: 0x07000700, dsp_corr: -10501
2026-09-07 02:29:34.226593 RFHAL_KERNEL_BIN_TRACE_RX_OFF RX OFF -- AntPwr: -115, prev W/NBPM: -93, -116, TF|AltADC|DCI/Q(Q5): 0x001a0b, s: 54923, e: 119083
2026-09-07 02:29:34.229736 RFHAL_KERNEL_BIN_TRACE_RX_ON RX ON -- AntPwr: -116, FreqCtrl: 0x380d5700, OF|AnaGi|AdcAttn|BQ|BWs: 0x07000700, dsp_corr: -10501
2026-09-07 02:29:34.230590 RFHAL_KERNEL_BIN_TRACE_RX_OFF RX OFF -- AntPwr: -116, prev W/NBPM: -93, -116, TF|AltADC|DCI/Q(Q5): 0x001a0b, s: 55943, e: 120103
2026-09-07 02:29:34.235748 RFHAL_KERNEL_BIN_TRACE_RX_ON RX ON -- AntPwr: -116, FreqCtrl: 0x380d5700, OF|AnaGi|AdcAttn|BQ|BWs: 0x07000700, dsp_corr: -10503
2026-09-07 02:29:34.236602 RFHAL_KERNEL_BIN_TRACE_RX_OFF RX OFF -- AntPwr: -116, prev W/NBPM: -93, -116, TF|AltADC|DCI/Q(Q5): 0x001a0b, s: 54933, e: 119093
2026-09-07 02:29:34.245758 RFHAL_KERNEL_BIN_TRACE_RX_ON RX ON -- AntPwr: -116, FreqCtrl: 0x380d5700, OF|AnaGi|AdcAttn|BQ|BWs: 0x07000700, dsp_corr: -10505
2026-09-07 02:29:34.246582 RFHAL_KERNEL_BIN_TRACE_RX_OFF RX OFF -- AntPwr: -116, prev W/NBPM: -93, -115, TF|AltADC|DCI/Q(Q5): 0x001a0b, s: 54924, e: 119084
2026-09-07 02:29:34.249755 RFHAL_KERNEL_BIN_TRACE_RX_ON RX ON -- AntPwr: -115, FreqCtrl: 0x380d5700, OF|AnaGi|AdcAttn|BQ|BWs: 0x07000700, dsp_corr: -10505
2026-09-07 02:29:34.250610 RFHAL_KERNEL_BIN_TRACE_RX_OFF RX OFF -- AntPwr: -115, prev W/NBPM: -93, -114, TF|AltADC|DCI/Q(Q5): 0x001a0b, s: 55945, e: 120105
2026-09-07 02:29:34.255737 RFHAL_KERNEL_BIN_TRACE_RX_ON RX ON -- AntPwr: -114, FreqCtrl: 0x380d5700, OF|AnaGi|AdcAttn|BQ|BWs: 0x07000700, dsp_corr: -10507
2026-09-07 02:29:34.256591 RFHAL_KERNEL_BIN_TRACE_RX_OFF RX OFF -- AntPwr: -114, prev W/NBPM: -93, -116, TF|AltADC|DCI/Q(Q5): 0x001a0b, s: 54932, e: 119092
2026-09-07 02:29:34.265747 RFHAL_KERNEL_BIN_TRACE_RX_ON RX ON -- AntPwr: -116, FreqCtrl: 0x380d5700, OF|AnaGi|AdcAttn|BQ|BWs: 0x07000700, dsp_corr: -10510
2026-09-07 02:29:34.266601 RFHAL_KERNEL_BIN_TRACE_RX_OFF RX OFF -- AntPwr: -116, prev W/NBPM: -93, -116, TF|AltADC|DCI/Q(Q5): 0x001a0b, s: 54930, e: 119090
2026-09-07 02:29:34.269744 RFHAL_KERNEL_BIN_TRACE_RX_ON RX ON -- AntPwr: -116, FreqCtrl: 0x380d5700, OF|AnaGi|AdcAttn|BQ|BWs: 0x07000700, dsp_corr: -10510
2026-09-07 02:29:34.270599 RFHAL_KERNEL_BIN_TRACE_RX_OFF RX OFF -- AntPwr: -116, prev W/NBPM: -93, -115, TF|AltADC|DCI/Q(Q5): 0x001a0b, s: 55946, e: 120106
2026-09-07 02:29:34.275756 RFHAL_KERNEL_BIN_TRACE_RX_ON RX ON -- AntPwr: -115, FreqCtrl: 0x380d5700, OF|AnaGi|AdcAttn|BQ|BWs: 0x07000700, dsp_corr: -10512
2026-09-07 02:29:34.276580 RFHAL_KERNEL_BIN_TRACE_RX_OFF RX OFF -- AntPwr: -115, prev W/NBPM: -93, -116, TF|AltADC|DCI/Q(Q5): 0x001a0b, s: 54933, e: 119093
2026-09-07 02:29:34.285766 RFHAL_KERNEL_BIN_TRACE_RX_ON RX ON -- AntPwr: -116, FreqCtrl: 0x380d5700, OF|AnaGi|AdcAttn|BQ|BWs: 0x07000700, dsp_corr: -10514
2026-09-07 02:29:34.286590 RFHAL_KERNEL_BIN_TRACE_RX_OFF RX OFF -- AntPwr: -116, prev W/NBPM: -93, -115, TF|AltADC|DCI/Q(Q5): 0x001a0b, s: 54924, e: 119084
2026-09-07 02:29:34.289764 RFHAL_KERNEL_BIN_TRACE_RX_ON RX ON -- AntPwr: -115, FreqCtrl: 0x380d5700, OF|AnaGi|AdcAttn|BQ|BWs: 0x07000700, dsp_corr: -10514
2026-09-07 02:29:34.290588 RFHAL_KERNEL_BIN_TRACE_RX_OFF RX OFF -- AntPwr: -115, prev W/NBPM: -93, -115, TF|AltADC|DCI/Q(Q5): 0x001a0c, s: 55945, e: 120105
2026-09-07 02:29:34.295745 RFHAL_KERNEL_BIN_TRACE_RX_ON RX ON -- AntPwr: -115, FreqCtrl: 0x380d5700, OF|AnaGi|AdcAttn|BQ|BWs: 0x07000700, dsp_corr: -10516
2026-09-07 02:29:34.296600 RFHAL_KERNEL_BIN_TRACE_RX_OFF RX OFF -- AntPwr: -115, prev W/NBPM: -93, -115, TF|AltADC|DCI/Q(Q5): 0x001a0c, s: 54934, e: 119094
2026-09-07 02:29:34.305755 RFHAL_KERNEL_BIN_TRACE_RX_ON RX ON -- AntPwr: -115, FreqCtrl: 0x380d5700, OF|AnaGi|AdcAttn|BQ|BWs: 0x07000700, dsp_corr: -10518
2026-09-07 02:29:34.306579 RFHAL_KERNEL_BIN_TRACE_RX_OFF RX OFF -- AntPwr: -115, prev W/NBPM: -93, -115, TF|AltADC|DCI/Q(Q5): 0x001a0b, s: 54924, e: 119084
2026-09-07 02:29:34.309753 RFHAL_KERNEL_BIN_TRACE_RX_ON RX ON -- AntPwr: -115, FreqCtrl: 0x380d5700, OF|AnaGi|AdcAttn|BQ|BWs: 0x07000700, dsp_corr: -10518
2026-09-07 02:29:34.310577 RFHAL_KERNEL_BIN_TRACE_RX_OFF RX OFF -- AntPwr: -115, prev W/NBPM: -93, -116, TF|AltADC|DCI/Q(Q5): 0x001a0c, s: 55941, e: 120101
2026-09-07 02:29:34.315765 RFHAL_KERNEL_BIN_TRACE_RX_ON RX ON -- AntPwr: -116, FreqCtrl: 0x380d5700, OF|AnaGi|AdcAttn|BQ|BWs: 0x07000700, dsp_corr: -10521
2026-09-07 02:29:34.316589 RFHAL_KERNEL_BIN_TRACE_RX_OFF RX OFF -- AntPwr: -116, prev W/NBPM: -93, -114, TF|AltADC|DCI/Q(Q5): 0x001a0b, s: 54933, e: 119093
2026-09-07 02:29:34.325744 RFHAL_KERNEL_BIN_TRACE_RX_ON RX ON -- AntPwr: -114, FreqCtrl: 0x380d5700, OF|AnaGi|AdcAttn|BQ|BWs: 0x07000700, dsp_corr: -10523
2026-09-07 02:29:34.326599 RFHAL_KERNEL_BIN_TRACE_RX_OFF RX OFF -- AntPwr: -114, prev W/NBPM: -92, -114, TF|AltADC|DCI/Q(Q5): 0x001a0b, s: 54928, e: 119088
2026-09-07 02:29:34.329742 RFHAL_KERNEL_BIN_TRACE_RX_ON RX ON -- AntPwr: -114, FreqCtrl: 0x380d5700, OF|AnaGi|AdcAttn|BQ|BWs: 0x07000700, dsp_corr: -10523
2026-09-07 02:29:34.330597 RFHAL_KERNEL_BIN_TRACE_RX_OFF RX OFF -- AntPwr: -114, prev W/NBPM: -93, -115, TF|AltADC|DCI/Q(Q5): 0x001a0c, s: 55946, e: 120106
2026-09-07 02:29:34.335754 RFHAL_KERNEL_BIN_TRACE_RX_ON RX ON -- AntPwr: -115, FreqCtrl: 0x380d5700, OF|AnaGi|AdcAttn|BQ|BWs: 0x07000700, dsp_corr: -10525
2026-09-07 02:29:34.336578 RFHAL_KERNEL_BIN_TRACE_RX_OFF RX OFF -- AntPwr: -115, prev W/NBPM: -93, -114, TF|AltADC|DCI/Q(Q5): 0x001a0c, s: 54933, e: 119093
2026-09-07 02:29:34.345764 RFHAL_KERNEL_BIN_TRACE_RX_ON RX ON -- AntPwr: -114, FreqCtrl: 0x380d5700, OF|AnaGi|AdcAttn|BQ|BWs: 0x07000700, dsp_corr: -10527
2026-09-07 02:29:34.346588 RFHAL_KERNEL_BIN_TRACE_RX_OFF RX OFF -- AntPwr: -114, prev W/NBPM: -93, -115, TF|AltADC|DCI/Q(Q5): 0x001a0c, s: 54928, e: 119088
2026-09-07 02:29:34.349762 RFHAL_KERNEL_BIN_TRACE_RX_ON RX ON -- AntPwr: -115, FreqCtrl: 0x380d5700, OF|AnaGi|AdcAttn|BQ|BWs: 0x07000700, dsp_corr: -10527
2026-09-07 02:29:34.350586 RFHAL_KERNEL_BIN_TRACE_RX_OFF RX OFF -- AntPwr: -115, prev W/NBPM: -93, -116, TF|AltADC|DCI/Q(Q5): 0x001a0c, s: 55945, e: 120105
2026-09-07 02:29:34.355743 RFHAL_KERNEL_BIN_TRACE_RX_ON RX ON -- AntPwr: -116, FreqCtrl: 0x380d5700, OF|AnaGi|AdcAttn|BQ|BWs: 0x07000700, dsp_corr: -10529
2026-09-07 02:29:34.356597 RFHAL_KERNEL_BIN_TRACE_RX_OFF RX OFF -- AntPwr: -116, prev W/NBPM: -93, -114, TF|AltADC|DCI/Q(Q5): 0x001a0c, s: 55194, e: 119354
2026-09-07 02:29:34.365753 RFHAL_KERNEL_BIN_TRACE_RX_ON RX ON -- AntPwr: -114, FreqCtrl: 0x380d5700, OF|AnaGi|AdcAttn|BQ|BWs: 0x07000700, dsp_corr: -10532
2026-09-07 02:29:34.366607 RFHAL_KERNEL_BIN_TRACE_RX_OFF RX OFF -- AntPwr: -114, prev W/NBPM: -93, -115, TF|AltADC|DCI/Q(Q5): 0x001b0c, s: 54446, e: 118606
2026-09-07 02:29:34.383575 RFHAL_KERNEL_BIN_TRACE_RX_ON RX ON -- AntPwr: -115, FreqCtrl: 0x380d5700, OF|AnaGi|AdcAttn|BQ|BWs: 0x07000700, dsp_corr: -10590
2026-09-07 02:29:34.403717 L1_DEFAULT_INFO_SERVING_CELL_MEASUREMENTS earfcn: 229232, pci: 22, rsrp: -142, rsrq: -24, SNR: -20
2026-09-07 02:29:34.404571 RFHAL_KERNEL_BIN_TRACE_RX_OFF RX OFF -- AntPwr: -117, prev W/NBPM: -93, -116, TF|AltADC|DCI/Q(Q5): 0x001b0b, s: 38128, e: 1650931
2026-09-07 02:29:35.485839 RFHAL_KERNEL_BIN_TRACE_RX_ON RX ON -- AntPwr: -117, FreqCtrl: 0x380d5700, OF|AnaGi|AdcAttn|BQ|BWs: 0x07000700, dsp_corr: -10830
2026-09-07 02:29:35.486633 RFHAL_KERNEL_BIN_TRACE_RX_OFF RX OFF -- AntPwr: -117, prev W/NBPM: -93, -116, TF|AltADC|DCI/Q(Q5): 0x001b0b, s: 93960, e: 155560
2026-09-07 02:29:35.489807 RFHAL_KERNEL_BIN_TRACE_RX_ON RX ON -- AntPwr: -116, FreqCtrl: 0x380d5700, OF|AnaGi|AdcAttn|BQ|BWs: 0x07000700, dsp_corr: -10830
2026-09-07 02:29:35.490661 RFHAL_KERNEL_BIN_TRACE_RX_OFF RX OFF -- AntPwr: -116, prev W/NBPM: -93, -117, TF|AltADC|DCI/Q(Q5): 0x001b0b, s: 55066, e: 119226
2026-09-07 02:29:35.495819 RFHAL_KERNEL_BIN_TRACE_RX_ON RX ON -- AntPwr: -117, FreqCtrl: 0x380d5700, OF|AnaGi|AdcAttn|BQ|BWs: 0x07000700, dsp_corr: -10832
2026-09-07 02:29:35.496643 RFHAL_KERNEL_BIN_TRACE_RX_OFF RX OFF -- AntPwr: -117, prev W/NBPM: -93, -114, TF|AltADC|DCI/Q(Q5): 0x001b0b, s: 54929, e: 119089
2026-09-07 02:29:35.505798 RFHAL_KERNEL_BIN_TRACE_RX_ON RX ON -- AntPwr: -114, FreqCtrl: 0x380d5700, OF|AnaGi|AdcAttn|BQ|BWs: 0x07000700, dsp_corr: -10834
2026-09-07 02:29:35.506652 RFHAL_KERNEL_BIN_TRACE_RX_OFF RX OFF -- AntPwr: -114, prev W/NBPM: -93, -117, TF|AltADC|DCI/Q(Q5): 0x001b0b, s: 54921, e: 119081
2026-09-07 02:29:35.509826 RFHAL_KERNEL_BIN_TRACE_RX_ON RX ON -- AntPwr: -117, FreqCtrl: 0x380d5700, OF|AnaGi|AdcAttn|BQ|BWs: 0x07000700, dsp_corr: -10834
2026-09-07 02:29:35.510681 RFHAL_KERNEL_BIN_TRACE_RX_OFF RX OFF -- AntPwr: -117, prev W/NBPM: -93, -114, TF|AltADC|DCI/Q(Q5): 0x001b0b, s: 55943, e: 120103
2026-09-07 02:29:35.515808 RFHAL_KERNEL_BIN_TRACE_RX_ON RX ON -- AntPwr: -114, FreqCtrl: 0x380d5700, OF|AnaGi|AdcAttn|BQ|BWs: 0x07000700, dsp_corr: -10837
2026-09-07 02:29:35.516662 RFHAL_KERNEL_BIN_TRACE_RX_OFF RX OFF -- AntPwr: -114, prev W/NBPM: -93, -115, TF|AltADC|DCI/Q(Q5): 0x001b0b, s: 54935, e: 119095
2026-09-07 02:29:35.525817 RFHAL_KERNEL_BIN_TRACE_RX_ON RX ON -- AntPwr: -115, FreqCtrl: 0x380d5700, OF|AnaGi|AdcAttn|BQ|BWs: 0x07000700, dsp_corr: -10839
2026-09-07 02:29:35.526641 RFHAL_KERNEL_BIN_TRACE_RX_OFF RX OFF -- AntPwr: -115, prev W/NBPM: -93, -115, TF|AltADC|DCI/Q(Q5): 0x001b0b, s: 54922, e: 119082
2026-09-07 02:29:35.529815 RFHAL_KERNEL_BIN_TRACE_RX_ON RX ON -- AntPwr: -115, FreqCtrl: 0x380d5700, OF|AnaGi|AdcAttn|BQ|BWs: 0x07000700, dsp_corr: -10839
2026-09-07 02:29:35.530670 RFHAL_KERNEL_BIN_TRACE_RX_OFF RX OFF -- AntPwr: -115, prev W/NBPM: -93, -115, TF|AltADC|DCI/Q(Q5): 0x001b0b, s: 55941, e: 120101
2026-09-07 02:29:35.535827 RFHAL_KERNEL_BIN_TRACE_RX_ON RX ON -- AntPwr: -115, FreqCtrl: 0x380d5700, OF|AnaGi|AdcAttn|BQ|BWs: 0x07000700, dsp_corr: -10841
2026-09-07 02:29:35.536651 RFHAL_KERNEL_BIN_TRACE_RX_OFF RX OFF -- AntPwr: -115, prev W/NBPM: -93, -114, TF|AltADC|DCI/Q(Q5): 0x001a0b, s: 54933, e: 119093
2026-09-07 02:29:35.545806 RFHAL_KERNEL_BIN_TRACE_RX_ON RX ON -- AntPwr: -114, FreqCtrl: 0x380d5700, OF|AnaGi|AdcAttn|BQ|BWs: 0x07000700, dsp_corr: -10843
2026-09-07 02:29:35.546661 RFHAL_KERNEL_BIN_TRACE_RX_OFF RX OFF -- AntPwr: -114, prev W/NBPM: -93, -115, TF|AltADC|DCI/Q(Q5): 0x001a0b, s: 54924, e: 119084
2026-09-07 02:29:35.549804 RFHAL_KERNEL_BIN_TRACE_RX_ON RX ON -- AntPwr: -115, FreqCtrl: 0x380d5700, OF|AnaGi|AdcAttn|BQ|BWs: 0x07000700, dsp_corr: -10843
2026-09-07 02:29:35.550659 RFHAL_KERNEL_BIN_TRACE_RX_OFF RX OFF -- AntPwr: -115, prev W/NBPM: -93, -116, TF|AltADC|DCI/Q(Q5): 0x001a0b, s: 55943, e: 120103
2026-09-07 02:29:35.555816 RFHAL_KERNEL_BIN_TRACE_RX_ON RX ON -- AntPwr: -116, FreqCtrl: 0x380d5700, OF|AnaGi|AdcAttn|BQ|BWs: 0x07000700, dsp_corr: -10845
2026-09-07 02:29:35.556640 RFHAL_KERNEL_BIN_TRACE_RX_OFF RX OFF -- AntPwr: -116, prev W/NBPM: -93, -115, TF|AltADC|DCI/Q(Q5): 0x001a0b, s: 54929, e: 119089
2026-09-07 02:29:35.565826 RFHAL_KERNEL_BIN_TRACE_RX_ON RX ON -- AntPwr: -115, FreqCtrl: 0x380d5700, OF|AnaGi|AdcAttn|BQ|BWs: 0x07000700, dsp_corr: -10847
2026-09-07 02:29:35.566650 RFHAL_KERNEL_BIN_TRACE_RX_OFF RX OFF -- AntPwr: -115, prev W/NBPM: -93, -114, TF|AltADC|DCI/Q(Q5): 0x001a0b, s: 54921, e: 119081
2026-09-07 02:29:35.663635 RFHAL_KERNEL_BIN_TRACE_RX_ON RX ON -- AntPwr: -114, FreqCtrl: 0x380d5700, OF|AnaGi|AdcAttn|BQ|BWs: 0x07000700, dsp_corr: -10824
2026-09-07 02:29:35.683776 L1_DEFAULT_INFO_SERVING_CELL_MEASUREMENTS earfcn: 229232, pci: 22, rsrp: -142, rsrq: -26, SNR: -19
2026-09-07 02:29:35.684631 RFHAL_KERNEL_BIN_TRACE_RX_OFF RX OFF -- AntPwr: -117, prev W/NBPM: -93, -114, TF|AltADC|DCI/Q(Q5): 0x001b0b, s: 38272, e: 1651075
2026-09-07 02:29:35.692840 RFHAL_KERNEL_BIN_TRACE_RX_ON RX ON -- AntPwr: -105, FreqCtrl: 0x380d5700, OF|AnaGi|AdcAttn|BQ|BWs: 0x07000700, dsp_corr: -10810
2026-09-07 02:29:35.733825 RFHAL_KERNEL_BIN_TRACE_RX_OFF RX OFF -- AntPwr: -114, prev W/NBPM: -93, -114, TF|AltADC|DCI/Q(Q5): 0x001a0c, s: 563008, e: 3711808
2026-09-07 02:29:35.734710 L1_DEFAULT_INFO_NEIGHBOR_CELL_MEASUREMENTS earfcn: 229232, pci: 22, rsrp: -140, rsrq: -23
2026-09-07 02:29:36.765899 RFHAL_KERNEL_BIN_TRACE_RX_ON RX ON -- AntPwr: -117, FreqCtrl: 0x380d5700, OF|AnaGi|AdcAttn|BQ|BWs: 0x07000700, dsp_corr: -11041
2026-09-07 02:29:36.766693 RFHAL_KERNEL_BIN_TRACE_RX_OFF RX OFF -- AntPwr: -117, prev W/NBPM: -93, -114, TF|AltADC|DCI/Q(Q5): 0x001a0c, s: 95428, e: 157028
2026-09-07 02:29:36.769867 RFHAL_KERNEL_BIN_TRACE_RX_ON RX ON -- AntPwr: -114, FreqCtrl: 0x380d5700, OF|AnaGi|AdcAttn|BQ|BWs: 0x07000700, dsp_corr: -11041
2026-09-07 02:29:36.770721 RFHAL_KERNEL_BIN_TRACE_RX_OFF RX OFF -- AntPwr: -114, prev W/NBPM: -93, -114, TF|AltADC|DCI/Q(Q5): 0x001a0c, s: 55068, e: 119228
2026-09-07 02:29:36.775878 RFHAL_KERNEL_BIN_TRACE_RX_ON RX ON -- AntPwr: -114, FreqCtrl: 0x380d5700, OF|AnaGi|AdcAttn|BQ|BWs: 0x07000700, dsp_corr: -11043
2026-09-07 02:29:36.776702 RFHAL_KERNEL_BIN_TRACE_RX_OFF RX OFF -- AntPwr: -114, prev W/NBPM: -93, -116, TF|AltADC|DCI/Q(Q5): 0x001a0b, s: 54931, e: 119091
2026-09-07 02:29:36.785858 RFHAL_KERNEL_BIN_TRACE_RX_ON RX ON -- AntPwr: -116, FreqCtrl: 0x380d5700, OF|AnaGi|AdcAttn|BQ|BWs: 0x07000700, dsp_corr: -11046
2026-09-07 02:29:36.786712 RFHAL_KERNEL_BIN_TRACE_RX_OFF RX OFF -- AntPwr: -116, prev W/NBPM: -93, -115, TF|AltADC|DCI/Q(Q5): 0x001a0b, s: 54923, e: 119083
2026-09-07 02:29:36.789856 RFHAL_KERNEL_BIN_TRACE_RX_ON RX ON -- AntPwr: -115, FreqCtrl: 0x380d5700, OF|AnaGi|AdcAttn|BQ|BWs: 0x07000700, dsp_corr: -11046
2026-09-07 02:29:36.790710 RFHAL_KERNEL_BIN_TRACE_RX_OFF RX OFF -- AntPwr: -115, prev W/NBPM: -93, -115, TF|AltADC|DCI/Q(Q5): 0x001a0b, s: 55942, e: 120102
2026-09-07 02:29:36.795868 RFHAL_KERNEL_BIN_TRACE_RX_ON RX ON -- AntPwr: -115, FreqCtrl: 0x380d5700, OF|AnaGi|AdcAttn|BQ|BWs: 0x07000700, dsp_corr: -11048
2026-09-07 02:29:36.796722 RFHAL_KERNEL_BIN_TRACE_RX_OFF RX OFF -- AntPwr: -115, prev W/NBPM: -93, -114, TF|AltADC|DCI/Q(Q5): 0x001a0b, s: 54927, e: 119087
2026-09-07 02:29:36.805877 RFHAL_KERNEL_BIN_TRACE_RX_ON RX ON -- AntPwr: -114, FreqCtrl: 0x380d5700, OF|AnaGi|AdcAttn|BQ|BWs: 0x07000700, dsp_corr: -11050
2026-09-07 02:29:36.806701 RFHAL_KERNEL_BIN_TRACE_RX_OFF RX OFF -- AntPwr: -114, prev W/NBPM: -93, -114, TF|AltADC|DCI/Q(Q5): 0x001a0b, s: 54925, e: 119085
2026-09-07 02:29:36.809875 RFHAL_KERNEL_BIN_TRACE_RX_ON RX ON -- AntPwr: -114, FreqCtrl: 0x380d5700, OF|AnaGi|AdcAttn|BQ|BWs: 0x07000700, dsp_corr: -11050
2026-09-07 02:29:36.810730 RFHAL_KERNEL_BIN_TRACE_RX_OFF RX OFF -- AntPwr: -114, prev W/NBPM: -93, -114, TF|AltADC|DCI/Q(Q5): 0x001a0b, s: 55942, e: 120102
2026-09-07 02:29:36.815857 RFHAL_KERNEL_BIN_TRACE_RX_ON RX ON -- AntPwr: -114, FreqCtrl: 0x380d5700, OF|AnaGi|AdcAttn|BQ|BWs: 0x07000700, dsp_corr: -11052
2026-09-07 02:29:36.816711 RFHAL_KERNEL_BIN_TRACE_RX_OFF RX OFF -- AntPwr: -114, prev W/NBPM: -93, -115, TF|AltADC|DCI/Q(Q5): 0x001a0b, s: 54929, e: 119089
2026-09-07 02:29:36.825866 RFHAL_KERNEL_BIN_TRACE_RX_ON RX ON -- AntPwr: -115, FreqCtrl: 0x380d5700, OF|AnaGi|AdcAttn|BQ|BWs: 0x07000700, dsp_corr: -11054
2026-09-07 02:29:36.826721 RFHAL_KERNEL_BIN_TRACE_RX_OFF RX OFF -- AntPwr: -115, prev W/NBPM: -93, -115, TF|AltADC|DCI/Q(Q5): 0x001a0b, s: 54924, e: 119084
2026-09-07 02:29:36.829864 RFHAL_KERNEL_BIN_TRACE_RX_ON RX ON -- AntPwr: -115, FreqCtrl: 0x380d5700, OF|AnaGi|AdcAttn|BQ|BWs: 0x07000700, dsp_corr: -11054
2026-09-07 02:29:36.830719 RFHAL_KERNEL_BIN_TRACE_RX_OFF RX OFF -- AntPwr: -115, prev W/NBPM: -93, -113, TF|AltADC|DCI/Q(Q5): 0x001b0b, s: 55940, e: 120100
2026-09-07 02:29:36.835876 RFHAL_KERNEL_BIN_TRACE_RX_ON RX ON -- AntPwr: -113, FreqCtrl: 0x380d5700, OF|AnaGi|AdcAttn|BQ|BWs: 0x07000700, dsp_corr: -11056
2026-09-07 02:29:36.836700 RFHAL_KERNEL_BIN_TRACE_RX_OFF RX OFF -- AntPwr: -113, prev W/NBPM: -92, -116, TF|AltADC|DCI/Q(Q5): 0x001b0b, s: 54931, e: 119091
2026-09-07 02:29:36.845886 RFHAL_KERNEL_BIN_TRACE_RX_ON RX ON -- AntPwr: -116, FreqCtrl: 0x380d5700, OF|AnaGi|AdcAttn|BQ|BWs: 0x07000700, dsp_corr: -11058
2026-09-07 02:29:36.846710 RFHAL_KERNEL_BIN_TRACE_RX_OFF RX OFF -- AntPwr: -116, prev W/NBPM: -93, -116, TF|AltADC|DCI/Q(Q5): 0x001b0b, s: 54922, e: 119082
2026-09-07 02:29:36.849884 RFHAL_KERNEL_BIN_TRACE_RX_ON RX ON -- AntPwr: -116, FreqCtrl: 0x380d5700, OF|AnaGi|AdcAttn|BQ|BWs: 0x07000700, dsp_corr: -11058
2026-09-07 02:29:36.850708 RFHAL_KERNEL_BIN_TRACE_RX_OFF RX OFF -- AntPwr: -116, prev W/NBPM: -93, -114, TF|AltADC|DCI/Q(Q5): 0x001b0b, s: 55941, e: 120101
2026-09-07 02:29:36.855865 RFHAL_KERNEL_BIN_TRACE_RX_ON RX ON -- AntPwr: -114, FreqCtrl: 0x380d5700, OF|AnaGi|AdcAttn|BQ|BWs: 0x07000700, dsp_corr: -11060
2026-09-07 02:29:36.856720 RFHAL_KERNEL_BIN_TRACE_RX_OFF RX OFF -- AntPwr: -114, prev W/NBPM: -93, -114, TF|AltADC|DCI/Q(Q5): 0x001b0b, s: 54933, e: 119093
2026-09-07 02:29:36.865875 RFHAL_KERNEL_BIN_TRACE_RX_ON RX ON -- AntPwr: -114, FreqCtrl: 0x380d5700, OF|AnaGi|AdcAttn|BQ|BWs: 0x07000700, dsp_corr: -11063
2026-09-07 02:29:36.866699 RFHAL_KERNEL_BIN_TRACE_RX_OFF RX OFF -- AntPwr: -114, prev W/NBPM: -93, -115, TF|AltADC|DCI/Q(Q5): 0x001b0b, s: 54921, e: 119081
2026-09-07 02:29:36.869873 RFHAL_KERNEL_BIN_TRACE_RX_ON RX ON -- AntPwr: -115, FreqCtrl: 0x380d5700, OF|AnaGi|AdcAttn|BQ|BWs: 0x07000700, dsp_corr: -11063
2026-09-07 02:29:36.870697 RFHAL_KERNEL_BIN_TRACE_RX_OFF RX OFF -- AntPwr: -115, prev W/NBPM: -93, -116, TF|AltADC|DCI/Q(Q5): 0x001b0b, s: 55937, e: 120097
2026-09-07 02:29:36.875885 RFHAL_KERNEL_BIN_TRACE_RX_ON RX ON -- AntPwr: -116, FreqCtrl: 0x380d5700, OF|AnaGi|AdcAttn|BQ|BWs: 0x07000700, dsp_corr: -11065
2026-09-07 02:29:36.876709 RFHAL_KERNEL_BIN_TRACE_RX_OFF RX OFF -- AntPwr: -116, prev W/NBPM: -93, -117, TF|AltADC|DCI/Q(Q5): 0x001b0b, s: 54925, e: 119085
2026-09-07 02:29:36.885864 RFHAL_KERNEL_BIN_TRACE_RX_ON RX ON -- AntPwr: -117, FreqCtrl: 0x380d5700, OF|AnaGi|AdcAttn|BQ|BWs: 0x07000700, dsp_corr: -11067
2026-09-07 02:29:36.886718 RFHAL_KERNEL_BIN_TRACE_RX_OFF RX OFF -- AntPwr: -117, prev W/NBPM: -93, -115, TF|AltADC|DCI/Q(Q5): 0x001b0b, s: 54923, e: 119083
2026-09-07 02:29:36.889862 RFHAL_KERNEL_BIN_TRACE_RX_ON RX ON -- AntPwr: -115, FreqCtrl: 0x380d5700, OF|AnaGi|AdcAttn|BQ|BWs: 0x07000700, dsp_corr: -11067
2026-09-07 02:29:36.890716 RFHAL_KERNEL_BIN_TRACE_RX_OFF RX OFF -- AntPwr: -115, prev W/NBPM: -93, -114, TF|AltADC|DCI/Q(Q5): 0x001b0b, s: 55940, e: 120100
2026-09-07 02:29:36.895874 RFHAL_KERNEL_BIN_TRACE_RX_ON RX ON -- AntPwr: -114, FreqCtrl: 0x380d5700, OF|AnaGi|AdcAttn|BQ|BWs: 0x07000700, dsp_corr: -11069
2026-09-07 02:29:36.896698 RFHAL_KERNEL_BIN_TRACE_RX_OFF RX OFF -- AntPwr: -114, prev W/NBPM: -93, -114, TF|AltADC|DCI/Q(Q5): 0x001b0b, s: 54930, e: 119090
2026-09-07 02:29:36.905883 RFHAL_KERNEL_BIN_TRACE_RX_ON RX ON -- AntPwr: -114, FreqCtrl: 0x380d5700, OF|AnaGi|AdcAttn|BQ|BWs: 0x07000700, dsp_corr: -11071
2026-09-07 02:29:36.906707 RFHAL_KERNEL_BIN_TRACE_RX_OFF RX OFF -- AntPwr: -114, prev W/NBPM: -93, -115, TF|AltADC|DCI/Q(Q5): 0x001b0b, s: 54923, e: 119083
2026-09-07 02:29:36.909881 RFHAL_KERNEL_BIN_TRACE_RX_ON RX ON -- AntPwr: -115, FreqCtrl: 0x380d5700, OF|AnaGi|AdcAttn|BQ|BWs: 0x07000700, dsp_corr: -11071
2026-09-07 02:29:36.910705 RFHAL_KERNEL_BIN_TRACE_RX_OFF RX OFF -- AntPwr: -115, prev W/NBPM: -93, -114, TF|AltADC|DCI/Q(Q5): 0x001b0b, s: 55938, e: 120098
2026-09-07 02:29:36.915863 RFHAL_KERNEL_BIN_TRACE_RX_ON RX ON -- AntPwr: -114, FreqCtrl: 0x380d5700, OF|AnaGi|AdcAttn|BQ|BWs: 0x07000700, dsp_corr: -11073
2026-09-07 02:29:36.916717 RFHAL_KERNEL_BIN_TRACE_RX_OFF RX OFF -- AntPwr: -114, prev W/NBPM: -93, -115, TF|AltADC|DCI/Q(Q5): 0x001b0b, s: 55192, e: 119352
2026-09-07 02:29:36.925872 RFHAL_KERNEL_BIN_TRACE_RX_ON RX ON -- AntPwr: -115, FreqCtrl: 0x380d5700, OF|AnaGi|AdcAttn|BQ|BWs: 0x07000700, dsp_corr: -11075
2026-09-07 02:29:36.926727 RFHAL_KERNEL_BIN_TRACE_RX_OFF RX OFF -- AntPwr: -115, prev W/NBPM: -93, -115, TF|AltADC|DCI/Q(Q5): 0x001b0b, s: 54439, e: 118599
2026-09-07 02:29:36.943695 RFHAL_KERNEL_BIN_TRACE_RX_ON RX ON -- AntPwr: -115, FreqCtrl: 0x380d5700, OF|AnaGi|AdcAttn|BQ|BWs: 0x07000700, dsp_corr: -11117
2026-09-07 02:29:36.963836 L1_DEFAULT_INFO_SERVING_CELL_MEASUREMENTS earfcn: 229232, pci: 22, rsrp: -141, rsrq: -23, SNR: -17
2026-09-07 02:29:36.964691 RFHAL_KERNEL_BIN_TRACE_RX_OFF RX OFF -- AntPwr: -118, prev W/NBPM: -93, -115, TF|AltADC|DCI/Q(Q5): 0x001a0b, s: 38132, e: 1650935
2026-09-07 02:29:38.045929 RFHAL_KERNEL_BIN_TRACE_RX_ON RX ON -- AntPwr: -118, FreqCtrl: 0x380d5700, OF|AnaGi|AdcAttn|BQ|BWs: 0x07000700, dsp_corr: -11339
2026-09-07 02:29:38.046753 RFHAL_KERNEL_BIN_TRACE_RX_OFF RX OFF -- AntPwr: -118, prev W/NBPM: -92, -115, TF|AltADC|DCI/Q(Q5): 0x001a0b, s: 95261, e: 156861
2026-09-07 02:29:38.049926 RFHAL_KERNEL_BIN_TRACE_RX_ON RX ON -- AntPwr: -115, FreqCtrl: 0x380d5700, OF|AnaGi|AdcAttn|BQ|BWs: 0x07000700, dsp_corr: -11339
2026-09-07 02:29:38.050781 RFHAL_KERNEL_BIN_TRACE_RX_OFF RX OFF -- AntPwr: -115, prev W/NBPM: -92, -114, TF|AltADC|DCI/Q(Q5): 0x001a0b, s: 55064, e: 119224
2026-09-07 02:29:38.055908 RFHAL_KERNEL_BIN_TRACE_RX_ON RX ON -- AntPwr: -114, FreqCtrl: 0x380d5700, OF|AnaGi|AdcAttn|BQ|BWs: 0x07000700, dsp_corr: -11341
2026-09-07 02:29:38.056762 RFHAL_KERNEL_BIN_TRACE_RX_OFF RX OFF -- AntPwr: -114, prev W/NBPM: -93, -112, TF|AltADC|DCI/Q(Q5): 0x001a0b, s: 54927, e: 119087
2026-09-07 02:29:38.065918 RFHAL_KERNEL_BIN_TRACE_RX_ON RX ON -- AntPwr: -112, FreqCtrl: 0x380d5700, OF|AnaGi|AdcAttn|BQ|BWs: 0x07000700, dsp_corr: -11343
2026-09-07 02:29:38.066772 RFHAL_KERNEL_BIN_TRACE_RX_OFF RX OFF -- AntPwr: -112, prev W/NBPM: -93, -115, TF|AltADC|DCI/Q(Q5): 0x001a0b, s: 54919, e: 119079
2026-09-07 02:29:38.069915 RFHAL_KERNEL_BIN_TRACE_RX_ON RX ON -- AntPwr: -115, FreqCtrl: 0x380d5700, OF|AnaGi|AdcAttn|BQ|BWs: 0x07000700, dsp_corr: -11343
2026-09-07 02:29:38.070770 RFHAL_KERNEL_BIN_TRACE_RX_OFF RX OFF -- AntPwr: -115, prev W/NBPM: -93, -116, TF|AltADC|DCI/Q(Q5): 0x001a0b, s: 55940, e: 120100
2026-09-07 02:29:38.075927 RFHAL_KERNEL_BIN_TRACE_RX_ON RX ON -- AntPwr: -116, FreqCtrl: 0x380d5700, OF|AnaGi|AdcAttn|BQ|BWs: 0x07000700, dsp_corr: -11345
2026-09-07 02:29:38.076751 RFHAL_KERNEL_BIN_TRACE_RX_OFF RX OFF -- AntPwr: -116, prev W/NBPM: -93, -114, TF|AltADC|DCI/Q(Q5): 0x001a0b, s: 54931, e: 119091
2026-09-07 02:29:38.085937 RFHAL_KERNEL_BIN_TRACE_RX_ON RX ON -- AntPwr: -114, FreqCtrl: 0x380d5700, OF|AnaGi|AdcAttn|BQ|BWs: 0x07000700, dsp_corr: -11347
2026-09-07 02:29:38.086761 RFHAL_KERNEL_BIN_TRACE_RX_OFF RX OFF -- AntPwr: -114, prev W/NBPM: -92, -116, TF|AltADC|DCI/Q(Q5): 0x001a0b, s: 54923, e: 119083
2026-09-07 02:29:38.089935 RFHAL_KERNEL_BIN_TRACE_RX_ON RX ON -- AntPwr: -116, FreqCtrl: 0x380d5700, OF|AnaGi|AdcAttn|BQ|BWs: 0x07000700, dsp_corr: -11347
2026-09-07 02:29:38.090789 RFHAL_KERNEL_BIN_TRACE_RX_OFF RX OFF -- AntPwr: -116, prev W/NBPM: -93, -114, TF|AltADC|DCI/Q(Q5): 0x001a0b, s: 55938, e: 120098
2026-09-07 02:29:38.095916 RFHAL_KERNEL_BIN_TRACE_RX_ON RX ON -- AntPwr: -114, FreqCtrl: 0x380d5700, OF|AnaGi|AdcAttn|BQ|BWs: 0x07000700, dsp_corr: -11349
2026-09-07 02:29:38.096771 RFHAL_KERNEL_BIN_TRACE_RX_OFF RX OFF -- AntPwr: -114, prev W/NBPM: -93, -114, TF|AltADC|DCI/Q(Q5): 0x001a0b, s: 54926, e: 119086
2026-09-07 02:29:38.105926 RFHAL_KERNEL_BIN_TRACE_RX_ON RX ON -- AntPwr: -114, FreqCtrl: 0x380d5700, OF|AnaGi|AdcAttn|BQ|BWs: 0x07000700, dsp_corr: -11352
2026-09-07 02:29:38.106750 RFHAL_KERNEL_BIN_TRACE_RX_OFF RX OFF -- AntPwr: -114, prev W/NBPM: -93, -114, TF|AltADC|DCI/Q(Q5): 0x001a0b, s: 54926, e: 119086
2026-09-07 02:29:38.109924 RFHAL_KERNEL_BIN_TRACE_RX_ON RX ON -- AntPwr: -114, FreqCtrl: 0x380d5700, OF|AnaGi|AdcAttn|BQ|BWs: 0x07000700, dsp_corr: -11352
2026-09-07 02:29:38.110778 RFHAL_KERNEL_BIN_TRACE_RX_OFF RX OFF -- AntPwr: -114, prev W/NBPM: -93, -114, TF|AltADC|DCI/Q(Q5): 0x001a0b, s: 55936, e: 120096
2026-09-07 02:29:38.115936 RFHAL_KERNEL_BIN_TRACE_RX_ON RX ON -- AntPwr: -114, FreqCtrl: 0x380d5700, OF|AnaGi|AdcAttn|BQ|BWs: 0x07000700, dsp_corr: -11354
2026-09-07 02:29:38.116760 RFHAL_KERNEL_BIN_TRACE_RX_OFF RX OFF -- AntPwr: -114, prev W/NBPM: -93, -115, TF|AltADC|DCI/Q(Q5): 0x001a0b, s: 54926, e: 119086
2026-09-07 02:29:38.125915 RFHAL_KERNEL_BIN_TRACE_RX_ON RX ON -- AntPwr: -115, FreqCtrl: 0x380d5700, OF|AnaGi|AdcAttn|BQ|BWs: 0x07000700, dsp_corr: -11356
2026-09-07 02:29:38.126770 RFHAL_KERNEL_BIN_TRACE_RX_OFF RX OFF -- AntPwr: -115, prev W/NBPM: -93, -115, TF|AltADC|DCI/Q(Q5): 0x001a0b, s: 54919, e: 119079
2026-09-07 02:29:38.129913 RFHAL_KERNEL_BIN_TRACE_RX_ON RX ON -- AntPwr: -115, FreqCtrl: 0x380d5700, OF|AnaGi|AdcAttn|BQ|BWs: 0x07000700, dsp_corr: -11356
2026-09-07 02:29:38.130767 RFHAL_KERNEL_BIN_TRACE_RX_OFF RX OFF -- AntPwr: -115, prev W/NBPM: -93, -116, TF|AltADC|DCI/Q(Q5): 0x001a0b, s: 55942, e: 120102
2026-09-07 02:29:38.135925 RFHAL_KERNEL_BIN_TRACE_RX_ON RX ON -- AntPwr: -116, FreqCtrl: 0x380d5700, OF|AnaGi|AdcAttn|BQ|BWs: 0x07000700, dsp_corr: -11358
2026-09-07 02:29:38.136779 RFHAL_KERNEL_BIN_TRACE_RX_OFF RX OFF -- AntPwr: -116, prev W/NBPM: -93, -114, TF|AltADC|DCI/Q(Q5): 0x001a0b, s: 54926, e: 119086
2026-09-07 02:29:38.145935 RFHAL_KERNEL_BIN_TRACE_RX_ON RX ON -- AntPwr: -114, FreqCtrl: 0x380d5700, OF|AnaGi|AdcAttn|BQ|BWs: 0x07000700, dsp_corr: -11360
2026-09-07 02:29:38.146759 RFHAL_KERNEL_BIN_TRACE_RX_OFF RX OFF -- AntPwr: -114, prev W/NBPM: -93, -114, TF|AltADC|DCI/Q(Q5): 0x001a0b, s: 54920, e: 119080
2026-09-07 02:29:38.149932 RFHAL_KERNEL_BIN_TRACE_RX_ON RX ON -- AntPwr: -114, FreqCtrl: 0x380d5700, OF|AnaGi|AdcAttn|BQ|BWs: 0x07000700, dsp_corr: -11360
2026-09-07 02:29:38.150756 RFHAL_KERNEL_BIN_TRACE_RX_OFF RX OFF -- AntPwr: -114, prev W/NBPM: -92, -115, TF|AltADC|DCI/Q(Q5): 0x001a0b, s: 55940, e: 120100
2026-09-07 02:29:38.155914 RFHAL_KERNEL_BIN_TRACE_RX_ON RX ON -- AntPwr: -115, FreqCtrl: 0x380d5700, OF|AnaGi|AdcAttn|BQ|BWs: 0x07000700, dsp_corr: -11362
2026-09-07 02:29:38.156768 RFHAL_KERNEL_BIN_TRACE_RX_OFF RX OFF -- AntPwr: -115, prev W/NBPM: -93, -115, TF|AltADC|DCI/Q(Q5): 0x001a0c, s: 54930, e: 119090
2026-09-07 02:29:38.165924 RFHAL_KERNEL_BIN_TRACE_RX_ON RX ON -- AntPwr: -115, FreqCtrl: 0x380d5700, OF|AnaGi|AdcAttn|BQ|BWs: 0x07000700, dsp_corr: -11364
2026-09-07 02:29:38.166778 RFHAL_KERNEL_BIN_TRACE_RX_OFF RX OFF -- AntPwr: -115, prev W/NBPM: -93, -115, TF|AltADC|DCI/Q(Q5): 0x001a0c, s: 54919, e: 119079
2026-09-07 02:29:38.169921 RFHAL_KERNEL_BIN_TRACE_RX_ON RX ON -- AntPwr: -115, FreqCtrl: 0x380d5700, OF|AnaGi|AdcAttn|BQ|BWs: 0x07000700, dsp_corr: -11364
2026-09-07 02:29:38.170776 RFHAL_KERNEL_BIN_TRACE_RX_OFF RX OFF -- AntPwr: -115, prev W/NBPM: -93, -116, TF|AltADC|DCI/Q(Q5): 0x001a0c, s: 55939, e: 120099
2026-09-07 02:29:38.175933 RFHAL_KERNEL_BIN_TRACE_RX_ON RX ON -- AntPwr: -116, FreqCtrl: 0x380d5700, OF|AnaGi|AdcAttn|BQ|BWs: 0x07000700, dsp_corr: -11366
2026-09-07 02:29:38.176757 RFHAL_KERNEL_BIN_TRACE_RX_OFF RX OFF -- AntPwr: -116, prev W/NBPM: -92, -114, TF|AltADC|DCI/Q(Q5): 0x001a0c, s: 54929, e: 119089
2026-09-07 02:29:38.185943 RFHAL_KERNEL_BIN_TRACE_RX_ON RX ON -- AntPwr: -114, FreqCtrl: 0x380d5700, OF|AnaGi|AdcAttn|BQ|BWs: 0x07000700, dsp_corr: -11368
2026-09-07 02:29:38.186767 RFHAL_KERNEL_BIN_TRACE_RX_OFF RX OFF -- AntPwr: -114, prev W/NBPM: -93, -114, TF|AltADC|DCI/Q(Q5): 0x001a0c, s: 54919, e: 119079
2026-09-07 02:29:38.189941 RFHAL_KERNEL_BIN_TRACE_RX_ON RX ON -- AntPwr: -114, FreqCtrl: 0x380d5700, OF|AnaGi|AdcAttn|BQ|BWs: 0x07000700, dsp_corr: -11368
2026-09-07 02:29:38.190765 RFHAL_KERNEL_BIN_TRACE_RX_OFF RX OFF -- AntPwr: -114, prev W/NBPM: -93, -115, TF|AltADC|DCI/Q(Q5): 0x001a0c, s: 55940, e: 120100
2026-09-07 02:29:38.195922 RFHAL_KERNEL_BIN_TRACE_RX_ON RX ON -- AntPwr: -115, FreqCtrl: 0x380d5700, OF|AnaGi|AdcAttn|BQ|BWs: 0x07000700, dsp_corr: -11370
2026-09-07 02:29:38.196777 RFHAL_KERNEL_BIN_TRACE_RX_OFF RX OFF -- AntPwr: -115, prev W/NBPM: -93, -115, TF|AltADC|DCI/Q(Q5): 0x001a0c, s: 55192, e: 119352
2026-09-07 02:29:38.205932 RFHAL_KERNEL_BIN_TRACE_RX_ON RX ON -- AntPwr: -115, FreqCtrl: 0x380d5700, OF|AnaGi|AdcAttn|BQ|BWs: 0x07000700, dsp_corr: -11372
2026-09-07 02:29:38.206756 RFHAL_KERNEL_BIN_TRACE_RX_OFF RX OFF -- AntPwr: -115, prev W/NBPM: -93, -116, TF|AltADC|DCI/Q(Q5): 0x001a0c, s: 54439, e: 118599
2026-09-07 02:29:38.223724 RFHAL_KERNEL_BIN_TRACE_RX_ON RX ON -- AntPwr: -116, FreqCtrl: 0x380d5700, OF|AnaGi|AdcAttn|BQ|BWs: 0x07000700, dsp_corr: -11433
2026-09-07 02:29:38.243896 L1_DEFAULT_INFO_SERVING_CELL_MEASUREMENTS earfcn: 229232, pci: 22, rsrp: -141, rsrq: -24, SNR: -15
2026-09-07 02:29:38.244751 RFHAL_KERNEL_BIN_TRACE_RX_OFF RX OFF -- AntPwr: -118, prev W/NBPM: -93, -116, TF|AltADC|DCI/Q(Q5): 0x001a0c, s: 38223, e: 1651026
2026-09-07 02:29:38.252929 RFHAL_KERNEL_BIN_TRACE_RX_ON RX ON -- AntPwr: -105, FreqCtrl: 0x380d5700, OF|AnaGi|AdcAttn|BQ|BWs: 0x07000700, dsp_corr: -11428
2026-09-07 02:29:38.293914 RFHAL_KERNEL_BIN_TRACE_RX_OFF RX OFF -- AntPwr: -114, prev W/NBPM: -92, -114, TF|AltADC|DCI/Q(Q5): 0x001a0c, s: 563007, e: 3711807
2026-09-07 02:29:38.294830 L1_DEFAULT_INFO_NEIGHBOR_CELL_MEASUREMENTS earfcn: 229232, pci: 22, rsrp: -138, rsrq: -21
2026-09-07 02:29:39.325988 RFHAL_KERNEL_BIN_TRACE_RX_ON RX ON -- AntPwr: -118, FreqCtrl: 0x380d5700, OF|AnaGi|AdcAttn|BQ|BWs: 0x07000700, dsp_corr: -11652
2026-09-07 02:29:39.326812 RFHAL_KERNEL_BIN_TRACE_RX_OFF RX OFF -- AntPwr: -118, prev W/NBPM: -93, -115, TF|AltADC|DCI/Q(Q5): 0x001a0c, s: 94815, e: 156415
2026-09-07 02:29:39.329986 RFHAL_KERNEL_BIN_TRACE_RX_ON RX ON -- AntPwr: -115, FreqCtrl: 0x380d5700, OF|AnaGi|AdcAttn|BQ|BWs: 0x07000700, dsp_corr: -11652
2026-09-07 02:29:39.330841 RFHAL_KERNEL_BIN_TRACE_RX_OFF RX OFF -- AntPwr: -115, prev W/NBPM: -93, -115, TF|AltADC|DCI/Q(Q5): 0x001a0c, s: 55067, e: 119227
2026-09-07 02:29:39.335968 RFHAL_KERNEL_BIN_TRACE_RX_ON RX ON -- AntPwr: -115, FreqCtrl: 0x380d5700, OF|AnaGi|AdcAttn|BQ|BWs: 0x07000700, dsp_corr: -11654
2026-09-07 02:29:39.336822 RFHAL_KERNEL_BIN_TRACE_RX_OFF RX OFF -- AntPwr: -115, prev W/NBPM: -93, -114, TF|AltADC|DCI/Q(Q5): 0x001a0c, s: 54931, e: 119091
2026-09-07 02:29:39.345977 RFHAL_KERNEL_BIN_TRACE_RX_ON RX ON -- AntPwr: -114, FreqCtrl: 0x380d5700, OF|AnaGi|AdcAttn|BQ|BWs: 0x07000700, dsp_corr: -11656
2026-09-07 02:29:39.346832 RFHAL_KERNEL_BIN_TRACE_RX_OFF RX OFF -- AntPwr: -114, prev W/NBPM: -93, -114, TF|AltADC|DCI/Q(Q5): 0x001a0c, s: 54923, e: 119083
2026-09-07 02:29:39.349975 RFHAL_KERNEL_BIN_TRACE_RX_ON RX ON -- AntPwr: -114, FreqCtrl: 0x380d5700, OF|AnaGi|AdcAttn|BQ|BWs: 0x07000700, dsp_corr: -11656
2026-09-07 02:29:39.350830 RFHAL_KERNEL_BIN_TRACE_RX_OFF RX OFF -- AntPwr: -114, prev W/NBPM: -93, -116, TF|AltADC|DCI/Q(Q5): 0x001a0c, s: 55940, e: 120100
2026-09-07 02:29:39.355987 RFHAL_KERNEL_BIN_TRACE_RX_ON RX ON -- AntPwr: -116, FreqCtrl: 0x380d5700, OF|AnaGi|AdcAttn|BQ|BWs: 0x07000700, dsp_corr: -11658
2026-09-07 02:29:39.356811 RFHAL_KERNEL_BIN_TRACE_RX_OFF RX OFF -- AntPwr: -116, prev W/NBPM: -93, -114, TF|AltADC|DCI/Q(Q5): 0x001a0c, s: 54929, e: 119089
2026-09-07 02:29:39.365966 RFHAL_KERNEL_BIN_TRACE_RX_ON RX ON -- AntPwr: -114, FreqCtrl: 0x380d5700, OF|AnaGi|AdcAttn|BQ|BWs: 0x07000700, dsp_corr: -11660
2026-09-07 02:29:39.366821 RFHAL_KERNEL_BIN_TRACE_RX_OFF RX OFF -- AntPwr: -114, prev W/NBPM: -93, -115, TF|AltADC|DCI/Q(Q5): 0x001a0c, s: 54925, e: 119085
2026-09-07 02:29:39.369995 RFHAL_KERNEL_BIN_TRACE_RX_ON RX ON -- AntPwr: -115, FreqCtrl: 0x380d5700, OF|AnaGi|AdcAttn|BQ|BWs: 0x07000700, dsp_corr: -11660
2026-09-07 02:29:39.370849 RFHAL_KERNEL_BIN_TRACE_RX_OFF RX OFF -- AntPwr: -115, prev W/NBPM: -93, -115, TF|AltADC|DCI/Q(Q5): 0x001a0c, s: 55936, e: 120096
2026-09-07 02:29:39.375976 RFHAL_KERNEL_BIN_TRACE_RX_ON RX ON -- AntPwr: -115, FreqCtrl: 0x380d5700, OF|AnaGi|AdcAttn|BQ|BWs: 0x07000700, dsp_corr: -11663
2026-09-07 02:29:39.376831 RFHAL_KERNEL_BIN_TRACE_RX_OFF RX OFF -- AntPwr: -115, prev W/NBPM: -92, -115, TF|AltADC|DCI/Q(Q5): 0x001a0c, s: 54931, e: 119091
2026-09-07 02:29:39.385986 RFHAL_KERNEL_BIN_TRACE_RX_ON RX ON -- AntPwr: -115, FreqCtrl: 0x380d5700, OF|AnaGi|AdcAttn|BQ|BWs: 0x07000700, dsp_corr: -11665
2026-09-07 02:29:39.386810 RFHAL_KERNEL_BIN_TRACE_RX_OFF RX OFF -- AntPwr: -115, prev W/NBPM: -93, -114, TF|AltADC|DCI/Q(Q5): 0x001a0c, s: 54919, e: 119079
2026-09-07 02:29:39.389984 RFHAL_KERNEL_BIN_TRACE_RX_ON RX ON -- AntPwr: -114, FreqCtrl: 0x380d5700, OF|AnaGi|AdcAttn|BQ|BWs: 0x07000700, dsp_corr: -11665
2026-09-07 02:29:39.390838 RFHAL_KERNEL_BIN_TRACE_RX_OFF RX OFF -- AntPwr: -114, prev W/NBPM: -93, -114, TF|AltADC|DCI/Q(Q5): 0x001a0c, s: 55940, e: 120100
2026-09-07 02:29:39.395996 RFHAL_KERNEL_BIN_TRACE_RX_ON RX ON -- AntPwr: -114, FreqCtrl: 0x380d5700, OF|AnaGi|AdcAttn|BQ|BWs: 0x07000700, dsp_corr: -11667
2026-09-07 02:29:39.396820 RFHAL_KERNEL_BIN_TRACE_RX_OFF RX OFF -- AntPwr: -114, prev W/NBPM: -93, -115, TF|AltADC|DCI/Q(Q5): 0x001a0c, s: 54928, e: 119088
2026-09-07 02:29:39.405975 RFHAL_KERNEL_BIN_TRACE_RX_ON RX ON -- AntPwr: -115, FreqCtrl: 0x380d5700, OF|AnaGi|AdcAttn|BQ|BWs: 0x07000700, dsp_corr: -11669
2026-09-07 02:29:39.406829 RFHAL_KERNEL_BIN_TRACE_RX_OFF RX OFF -- AntPwr: -115, prev W/NBPM: -92, -115, TF|AltADC|DCI/Q(Q5): 0x001a0c, s: 54922, e: 119082
2026-09-07 02:29:39.409973 RFHAL_KERNEL_BIN_TRACE_RX_ON RX ON -- AntPwr: -115, FreqCtrl: 0x380d5700, OF|AnaGi|AdcAttn|BQ|BWs: 0x07000700, dsp_corr: -11669
2026-09-07 02:29:39.410827 RFHAL_KERNEL_BIN_TRACE_RX_OFF RX OFF -- AntPwr: -115, prev W/NBPM: -93, -115, TF|AltADC|DCI/Q(Q5): 0x001a0c, s: 55938, e: 120098
2026-09-07 02:29:39.415985 RFHAL_KERNEL_BIN_TRACE_RX_ON RX ON -- AntPwr: -115, FreqCtrl: 0x380d5700, OF|AnaGi|AdcAttn|BQ|BWs: 0x07000700, dsp_corr: -11671
2026-09-07 02:29:39.416809 RFHAL_KERNEL_BIN_TRACE_RX_OFF RX OFF -- AntPwr: -115, prev W/NBPM: -93, -115, TF|AltADC|DCI/Q(Q5): 0x001a0c, s: 54931, e: 119091
2026-09-07 02:29:39.425994 RFHAL_KERNEL_BIN_TRACE_RX_ON RX ON -- AntPwr: -115, FreqCtrl: 0x380d5700, OF|AnaGi|AdcAttn|BQ|BWs: 0x07000700, dsp_corr: -11673
2026-09-07 02:29:39.426818 RFHAL_KERNEL_BIN_TRACE_RX_OFF RX OFF -- AntPwr: -115, prev W/NBPM: -93, -114, TF|AltADC|DCI/Q(Q5): 0x001a0c, s: 54921, e: 119081
2026-09-07 02:29:39.429992 RFHAL_KERNEL_BIN_TRACE_RX_ON RX ON -- AntPwr: -114, FreqCtrl: 0x380d5700, OF|AnaGi|AdcAttn|BQ|BWs: 0x07000700, dsp_corr: -11673
2026-09-07 02:29:39.430816 RFHAL_KERNEL_BIN_TRACE_RX_OFF RX OFF -- AntPwr: -114, prev W/NBPM: -92, -115, TF|AltADC|DCI/Q(Q5): 0x001a0c, s: 55941, e: 120101
2026-09-07 02:29:39.435974 RFHAL_KERNEL_BIN_TRACE_RX_ON RX ON -- AntPwr: -115, FreqCtrl: 0x380d5700, OF|AnaGi|AdcAttn|BQ|BWs: 0x07000700, dsp_corr: -11675
2026-09-07 02:29:39.436828 RFHAL_KERNEL_BIN_TRACE_RX_OFF RX OFF -- AntPwr: -115, prev W/NBPM: -93, -114, TF|AltADC|DCI/Q(Q5): 0x001a0c, s: 54931, e: 119091
2026-09-07 02:29:39.445983 RFHAL_KERNEL_BIN_TRACE_RX_ON RX ON -- AntPwr: -114, FreqCtrl: 0x380d5700, OF|AnaGi|AdcAttn|BQ|BWs: 0x07000700, dsp_corr: -11677
2026-09-07 02:29:39.446807 RFHAL_KERNEL_BIN_TRACE_RX_OFF RX OFF -- AntPwr: -114, prev W/NBPM: -93, -114, TF|AltADC|DCI/Q(Q5): 0x001a0c, s: 54921, e: 119081
2026-09-07 02:29:39.449981 RFHAL_KERNEL_BIN_TRACE_RX_ON RX ON -- AntPwr: -114, FreqCtrl: 0x380d5700, OF|AnaGi|AdcAttn|BQ|BWs: 0x07000700, dsp_corr: -11677
2026-09-07 02:29:39.450836 RFHAL_KERNEL_BIN_TRACE_RX_OFF RX OFF -- AntPwr: -114, prev W/NBPM: -93, -114, TF|AltADC|DCI/Q(Q5): 0x001a0c, s: 55937, e: 120097
2026-09-07 02:29:39.455993 RFHAL_KERNEL_BIN_TRACE_RX_ON RX ON -- AntPwr: -114, FreqCtrl: 0x380d5700, OF|AnaGi|AdcAttn|BQ|BWs: 0x07000700, dsp_corr: -11679
2026-09-07 02:29:39.456817 RFHAL_KERNEL_BIN_TRACE_RX_OFF RX OFF -- AntPwr: -114, prev W/NBPM: -92, -114, TF|AltADC|DCI/Q(Q5): 0x001a0c, s: 54930, e: 119090
2026-09-07 02:29:39.465972 RFHAL_KERNEL_BIN_TRACE_RX_ON RX ON -- AntPwr: -114, FreqCtrl: 0x380d5700, OF|AnaGi|AdcAttn|BQ|BWs: 0x07000700, dsp_corr: -11681
2026-09-07 02:29:39.466827 RFHAL_KERNEL_BIN_TRACE_RX_OFF RX OFF -- AntPwr: -114, prev W/NBPM: -93, -115, TF|AltADC|DCI/Q(Q5): 0x001a0c, s: 54921, e: 119081
2026-09-07 02:29:39.469970 RFHAL_KERNEL_BIN_TRACE_RX_ON RX ON -- AntPwr: -115, FreqCtrl: 0x380d5700, OF|AnaGi|AdcAttn|BQ|BWs: 0x07000700, dsp_corr: -11681
2026-09-07 02:29:39.470825 RFHAL_KERNEL_BIN_TRACE_RX_OFF RX OFF -- AntPwr: -115, prev W/NBPM: -93, -116, TF|AltADC|DCI/Q(Q5): 0x001a0c, s: 55940, e: 120100
2026-09-07 02:29:39.475982 RFHAL_KERNEL_BIN_TRACE_RX_ON RX ON -- AntPwr: -116, FreqCtrl: 0x380d5700, OF|AnaGi|AdcAttn|BQ|BWs: 0x07000700, dsp_corr: -11683
2026-09-07 02:29:39.476837 RFHAL_KERNEL_BIN_TRACE_RX_OFF RX OFF -- AntPwr: -116, prev W/NBPM: -92, -114, TF|AltADC|DCI/Q(Q5): 0x001a0c, s: 55194, e: 119354
2026-09-07 02:29:39.485992 RFHAL_KERNEL_BIN_TRACE_RX_ON RX ON -- AntPwr: -114, FreqCtrl: 0x380d5700, OF|AnaGi|AdcAttn|BQ|BWs: 0x07000700, dsp_corr: -11685
2026-09-07 02:29:39.486816 RFHAL_KERNEL_BIN_TRACE_RX_OFF RX OFF -- AntPwr: -114, prev W/NBPM: -93, -116, TF|AltADC|DCI/Q(Q5): 0x001a0c, s: 54443, e: 118603
2026-09-07 02:29:39.503784 RFHAL_KERNEL_BIN_TRACE_RX_ON RX ON -- AntPwr: -116, FreqCtrl: 0x380d5700, OF|AnaGi|AdcAttn|BQ|BWs: 0x07000700, dsp_corr: -11685
2026-09-07 02:29:39.523925 L1_DEFAULT_INFO_SERVING_CELL_MEASUREMENTS earfcn: 229232, pci: 22, rsrp: -141, rsrq: -24, SNR: -16
2026-09-07 02:29:39.524810 RFHAL_KERNEL_BIN_TRACE_RX_OFF RX OFF -- AntPwr: -118, prev W/NBPM: -93, -113, TF|AltADC|DCI/Q(Q5): 0x001b0c, s: 38118, e: 1650921
2026-09-07 02:29:40.606048 RFHAL_KERNEL_BIN_TRACE_RX_ON RX ON -- AntPwr: -118, FreqCtrl: 0x380d5700, OF|AnaGi|AdcAttn|BQ|BWs: 0x07000700, dsp_corr: -11909
2026-09-07 02:29:40.606872 RFHAL_KERNEL_BIN_TRACE_RX_OFF RX OFF -- AntPwr: -118, prev W/NBPM: -93, -115, TF|AltADC|DCI/Q(Q5): 0x001b0b, s: 96999, e: 158599
2026-09-07 02:29:40.610046 RFHAL_KERNEL_BIN_TRACE_RX_ON RX ON -- AntPwr: -115, FreqCtrl: 0x380d5700, OF|AnaGi|AdcAttn|BQ|BWs: 0x07000700, dsp_corr: -11909
2026-09-07 02:29:40.610900 RFHAL_KERNEL_BIN_TRACE_RX_OFF RX OFF -- AntPwr: -115, prev W/NBPM: -93, -115, TF|AltADC|DCI/Q(Q5): 0x001a0b, s: 55063, e: 119223
2026-09-07 02:29:40.616027 RFHAL_KERNEL_BIN_TRACE_RX_ON RX ON -- AntPwr: -115, FreqCtrl: 0x380d5700, OF|AnaGi|AdcAttn|BQ|BWs: 0x07000700, dsp_corr: -11911
2026-09-07 02:29:40.616882 RFHAL_KERNEL_BIN_TRACE_RX_OFF RX OFF -- AntPwr: -115, prev W/NBPM: -93, -114, TF|AltADC|DCI/Q(Q5): 0x001a0b, s: 54927, e: 119087
2026-09-07 02:29:40.626037 RFHAL_KERNEL_BIN_TRACE_RX_ON RX ON -- AntPwr: -114, FreqCtrl: 0x380d5700, OF|AnaGi|AdcAttn|BQ|BWs: 0x07000700, dsp_corr: -11913
2026-09-07 02:29:40.626861 RFHAL_KERNEL_BIN_TRACE_RX_OFF RX OFF -- AntPwr: -114, prev W/NBPM: -93, -115, TF|AltADC|DCI/Q(Q5): 0x001a0b, s: 54923, e: 119083
2026-09-07 02:29:40.630035 RFHAL_KERNEL_BIN_TRACE_RX_ON RX ON -- AntPwr: -115, FreqCtrl: 0x380d5700, OF|AnaGi|AdcAttn|BQ|BWs: 0x07000700, dsp_corr: -11913
2026-09-07 02:29:40.630889 RFHAL_KERNEL_BIN_TRACE_RX_OFF RX OFF -- AntPwr: -115, prev W/NBPM: -92, -114, TF|AltADC|DCI/Q(Q5): 0x001a0b, s: 55939, e: 120099
2026-09-07 02:29:40.636047 RFHAL_KERNEL_BIN_TRACE_RX_ON RX ON -- AntPwr: -114, FreqCtrl: 0x380d5700, OF|AnaGi|AdcAttn|BQ|BWs: 0x07000700, dsp_corr: -11915
2026-09-07 02:29:40.636871 RFHAL_KERNEL_BIN_TRACE_RX_OFF RX OFF -- AntPwr: -114, prev W/NBPM: -93, -115, TF|AltADC|DCI/Q(Q5): 0x001a0b, s: 54929, e: 119089
2026-09-07 02:29:40.646026 RFHAL_KERNEL_BIN_TRACE_RX_ON RX ON -- AntPwr: -115, FreqCtrl: 0x380d5700, OF|AnaGi|AdcAttn|BQ|BWs: 0x07000700, dsp_corr: -11917
2026-09-07 02:29:40.646881 RFHAL_KERNEL_BIN_TRACE_RX_OFF RX OFF -- AntPwr: -115, prev W/NBPM: -92, -115, TF|AltADC|DCI/Q(Q5): 0x001a0b, s: 54923, e: 119083
2026-09-07 02:29:40.650024 RFHAL_KERNEL_BIN_TRACE_RX_ON RX ON -- AntPwr: -115, FreqCtrl: 0x380d5700, OF|AnaGi|AdcAttn|BQ|BWs: 0x07000700, dsp_corr: -11917
2026-09-07 02:29:40.650878 RFHAL_KERNEL_BIN_TRACE_RX_OFF RX OFF -- AntPwr: -115, prev W/NBPM: -92, -114, TF|AltADC|DCI/Q(Q5): 0x001a0b, s: 55936, e: 120096
2026-09-07 02:29:40.656036 RFHAL_KERNEL_BIN_TRACE_RX_ON RX ON -- AntPwr: -114, FreqCtrl: 0x380d5700, OF|AnaGi|AdcAttn|BQ|BWs: 0x07000700, dsp_corr: -11919
2026-09-07 02:29:40.656890 RFHAL_KERNEL_BIN_TRACE_RX_OFF RX OFF -- AntPwr: -114, prev W/NBPM: -93, -115, TF|AltADC|DCI/Q(Q5): 0x001a0b, s: 54931, e: 119091
2026-09-07 02:29:40.666046 RFHAL_KERNEL_BIN_TRACE_RX_ON RX ON -- AntPwr: -115, FreqCtrl: 0x380d5700, OF|AnaGi|AdcAttn|BQ|BWs: 0x07000700, dsp_corr: -11921
2026-09-07 02:29:40.666870 RFHAL_KERNEL_BIN_TRACE_RX_OFF RX OFF -- AntPwr: -115, prev W/NBPM: -93, -117, TF|AltADC|DCI/Q(Q5): 0x001a0b, s: 54920, e: 119080
2026-09-07 02:29:40.670044 RFHAL_KERNEL_BIN_TRACE_RX_ON RX ON -- AntPwr: -117, FreqCtrl: 0x380d5700, OF|AnaGi|AdcAttn|BQ|BWs: 0x07000700, dsp_corr: -11921
2026-09-07 02:29:40.670898 RFHAL_KERNEL_BIN_TRACE_RX_OFF RX OFF -- AntPwr: -117, prev W/NBPM: -92, -115, TF|AltADC|DCI/Q(Q5): 0x001a0b, s: 55942, e: 120102
2026-09-07 02:29:40.676025 RFHAL_KERNEL_BIN_TRACE_RX_ON RX ON -- AntPwr: -115, FreqCtrl: 0x380d5700, OF|AnaGi|AdcAttn|BQ|BWs: 0x07000700, dsp_corr: -11923
2026-09-07 02:29:40.676879 RFHAL_KERNEL_BIN_TRACE_RX_OFF RX OFF -- AntPwr: -115, prev W/NBPM: -93, -114, TF|AltADC|DCI/Q(Q5): 0x001a0b, s: 54928, e: 119088
2026-09-07 02:29:40.686035 RFHAL_KERNEL_BIN_TRACE_RX_ON RX ON -- AntPwr: -114, FreqCtrl: 0x380d5700, OF|AnaGi|AdcAttn|BQ|BWs: 0x07000700, dsp_corr: -11925
2026-09-07 02:29:40.686889 RFHAL_KERNEL_BIN_TRACE_RX_OFF RX OFF -- AntPwr: -114, prev W/NBPM: -93, -115, TF|AltADC|DCI/Q(Q5): 0x001a0b, s: 54924, e: 119084
2026-09-07 02:29:40.690033 RFHAL_KERNEL_BIN_TRACE_RX_ON RX ON -- AntPwr: -115, FreqCtrl: 0x380d5700, OF|AnaGi|AdcAttn|BQ|BWs: 0x07000700, dsp_corr: -11925
2026-09-07 02:29:40.690887 RFHAL_KERNEL_BIN_TRACE_RX_OFF RX OFF -- AntPwr: -115, prev W/NBPM: -93, -114, TF|AltADC|DCI/Q(Q5): 0x001a0b, s: 55936, e: 120096
2026-09-07 02:29:40.696045 RFHAL_KERNEL_BIN_TRACE_RX_ON RX ON -- AntPwr: -114, FreqCtrl: 0x380d5700, OF|AnaGi|AdcAttn|BQ|BWs: 0x07000700, dsp_corr: -11927
2026-09-07 02:29:40.696868 RFHAL_KERNEL_BIN_TRACE_RX_OFF RX OFF -- AntPwr: -114, prev W/NBPM: -93, -115, TF|AltADC|DCI/Q(Q5): 0x001a0b, s: 54929, e: 119089
2026-09-07 02:29:40.706054 RFHAL_KERNEL_BIN_TRACE_RX_ON RX ON -- AntPwr: -115, FreqCtrl: 0x380d5700, OF|AnaGi|AdcAttn|BQ|BWs: 0x07000700, dsp_corr: -11929
2026-09-07 02:29:40.706878 RFHAL_KERNEL_BIN_TRACE_RX_OFF RX OFF -- AntPwr: -115, prev W/NBPM: -93, -117, TF|AltADC|DCI/Q(Q5): 0x001a0b, s: 54922, e: 119082
2026-09-07 02:29:40.710052 RFHAL_KERNEL_BIN_TRACE_RX_ON RX ON -- AntPwr: -117, FreqCtrl: 0x380d5700, OF|AnaGi|AdcAttn|BQ|BWs: 0x07000700, dsp_corr: -11929
2026-09-07 02:29:40.710876 RFHAL_KERNEL_BIN_TRACE_RX_OFF RX OFF -- AntPwr: -117, prev W/NBPM: -93, -114, TF|AltADC|DCI/Q(Q5): 0x001a0b, s: 55939, e: 120099
2026-09-07 02:29:40.716034 RFHAL_KERNEL_BIN_TRACE_RX_ON RX ON -- AntPwr: -114, FreqCtrl: 0x380d5700, OF|AnaGi|AdcAttn|BQ|BWs: 0x07000700, dsp_corr: -11931
2026-09-07 02:29:40.716888 RFHAL_KERNEL_BIN_TRACE_RX_OFF RX OFF -- AntPwr: -114, prev W/NBPM: -93, -115, TF|AltADC|DCI/Q(Q5): 0x001a0b, s: 54928, e: 119088
2026-09-07 02:29:40.726043 RFHAL_KERNEL_BIN_TRACE_RX_ON RX ON -- AntPwr: -115, FreqCtrl: 0x380d5700, OF|AnaGi|AdcAttn|BQ|BWs: 0x07000700, dsp_corr: -11933
2026-09-07 02:29:40.726867 RFHAL_KERNEL_BIN_TRACE_RX_OFF RX OFF -- AntPwr: -115, prev W/NBPM: -93, -116, TF|AltADC|DCI/Q(Q5): 0x001a0b, s: 54919, e: 119079
2026-09-07 02:29:40.730041 RFHAL_KERNEL_BIN_TRACE_RX_ON RX ON -- AntPwr: -116, FreqCtrl: 0x380d5700, OF|AnaGi|AdcAttn|BQ|BWs: 0x07000700, dsp_corr: -11933
2026-09-07 02:29:40.730865 RFHAL_KERNEL_BIN_TRACE_RX_OFF RX OFF -- AntPwr: -116, prev W/NBPM: -93, -115, TF|AltADC|DCI/Q(Q5): 0x001a0b, s: 55941, e: 120101
2026-09-07 02:29:40.736053 RFHAL_KERNEL_BIN_TRACE_RX_ON RX ON -- AntPwr: -115, FreqCtrl: 0x380d5700, OF|AnaGi|AdcAttn|BQ|BWs: 0x07000700, dsp_corr: -11935
2026-09-07 02:29:40.736877 RFHAL_KERNEL_BIN_TRACE_RX_OFF RX OFF -- AntPwr: -115, prev W/NBPM: -93, -116, TF|AltADC|DCI/Q(Q5): 0x001a0b, s: 54930, e: 119090
2026-09-07 02:29:40.746032 RFHAL_KERNEL_BIN_TRACE_RX_ON RX ON -- AntPwr: -116, FreqCtrl: 0x380d5700, OF|AnaGi|AdcAttn|BQ|BWs: 0x07000700, dsp_corr: -11937
2026-09-07 02:29:40.746887 RFHAL_KERNEL_BIN_TRACE_RX_OFF RX OFF -- AntPwr: -116, prev W/NBPM: -93, -115, TF|AltADC|DCI/Q(Q5): 0x001a0b, s: 54921, e: 119081
2026-09-07 02:29:40.750030 RFHAL_KERNEL_BIN_TRACE_RX_ON RX ON -- AntPwr: -115, FreqCtrl: 0x380d5700, OF|AnaGi|AdcAttn|BQ|BWs: 0x07000700, dsp_corr: -11937
2026-09-07 02:29:40.750885 RFHAL_KERNEL_BIN_TRACE_RX_OFF RX OFF -- AntPwr: -115, prev W/NBPM: -93, -115, TF|AltADC|DCI/Q(Q5): 0x001a0b, s: 55941, e: 120101
2026-09-07 02:29:40.756042 RFHAL_KERNEL_BIN_TRACE_RX_ON RX ON -- AntPwr: -115, FreqCtrl: 0x380d5700, OF|AnaGi|AdcAttn|BQ|BWs: 0x07000700, dsp_corr: -11939
2026-09-07 02:29:40.756866 RFHAL_KERNEL_BIN_TRACE_RX_OFF RX OFF -- AntPwr: -115, prev W/NBPM: -93, -115, TF|AltADC|DCI/Q(Q5): 0x001a0b, s: 55190, e: 119350
2026-09-07 02:29:40.766052 RFHAL_KERNEL_BIN_TRACE_RX_ON RX ON -- AntPwr: -115, FreqCtrl: 0x380d5700, OF|AnaGi|AdcAttn|BQ|BWs: 0x07000700, dsp_corr: -11941
2026-09-07 02:29:40.766876 RFHAL_KERNEL_BIN_TRACE_RX_OFF RX OFF -- AntPwr: -115, prev W/NBPM: -92, -115, TF|AltADC|DCI/Q(Q5): 0x001a0c, s: 54442, e: 118602
2026-09-07 02:29:40.783844 RFHAL_KERNEL_BIN_TRACE_RX_ON RX ON -- AntPwr: -115, FreqCtrl: 0x380d5700, OF|AnaGi|AdcAttn|BQ|BWs: 0x07000700, dsp_corr: -11914
2026-09-07 02:29:40.804016 L1_DEFAULT_INFO_SERVING_CELL_MEASUREMENTS earfcn: 229232, pci: 22, rsrp: -139, rsrq: -20, SNR: -15
2026-09-07 02:29:40.804870 RFHAL_KERNEL_BIN_TRACE_RX_OFF RX OFF -- AntPwr: -117, prev W/NBPM: -93, -114, TF|AltADC|DCI/Q(Q5): 0x001a0c, s: 38268, e: 1651071
2026-09-07 02:29:40.813049 RFHAL_KERNEL_BIN_TRACE_RX_ON RX ON -- AntPwr: -102, FreqCtrl: 0x380d5700, OF|AnaGi|AdcAttn|BQ|BWs: 0x07000700, dsp_corr: -11918
2026-09-07 02:29:40.854034 RFHAL_KERNEL_BIN_TRACE_RX_OFF RX OFF -- AntPwr: -114, prev W/NBPM: -92, -114, TF|AltADC|DCI/Q(Q5): 0x001a0c, s: 563010, e: 3711810
2026-09-07 02:29:40.854919 L1_DEFAULT_INFO_NEIGHBOR_CELL_MEASUREMENTS earfcn: 229232, pci: 22, rsrp: -139, rsrq: -22
2026-09-07 02:29:41.886108 RFHAL_KERNEL_BIN_TRACE_RX_ON RX ON -- AntPwr: -117, FreqCtrl: 0x380d5700, OF|AnaGi|AdcAttn|BQ|BWs: 0x07000700, dsp_corr: -12134
2026-09-07 02:29:41.886901 RFHAL_KERNEL_BIN_TRACE_RX_OFF RX OFF -- AntPwr: -117, prev W/NBPM: -93, -116, TF|AltADC|DCI/Q(Q5): 0x001a0c, s: 96520, e: 158120
2026-09-07 02:29:41.890075 RFHAL_KERNEL_BIN_TRACE_RX_ON RX ON -- AntPwr: -116, FreqCtrl: 0x380d5700, OF|AnaGi|AdcAttn|BQ|BWs: 0x07000700, dsp_corr: -12134
2026-09-07 02:29:41.890930 RFHAL_KERNEL_BIN_TRACE_RX_OFF RX OFF -- AntPwr: -116, prev W/NBPM: -92, -114, TF|AltADC|DCI/Q(Q5): 0x001a0c, s: 55065, e: 119225
2026-09-07 02:29:41.896087 RFHAL_KERNEL_BIN_TRACE_RX_ON RX ON -- AntPwr: -114, FreqCtrl: 0x380d5700, OF|AnaGi|AdcAttn|BQ|BWs: 0x07000700, dsp_corr: -12136
2026-09-07 02:29:41.896942 RFHAL_KERNEL_BIN_TRACE_RX_OFF RX OFF -- AntPwr: -114, prev W/NBPM: -92, -114, TF|AltADC|DCI/Q(Q5): 0x001a0c, s: 54930, e: 119090
2026-09-07 02:29:41.906097 RFHAL_KERNEL_BIN_TRACE_RX_ON RX ON -- AntPwr: -114, FreqCtrl: 0x380d5700, OF|AnaGi|AdcAttn|BQ|BWs: 0x07000700, dsp_corr: -12138
2026-09-07 02:29:41.906921 RFHAL_KERNEL_BIN_TRACE_RX_OFF RX OFF -- AntPwr: -114, prev W/NBPM: -93, -115, TF|AltADC|DCI/Q(Q5): 0x001a0c, s: 54917, e: 119077
2026-09-07 02:29:41.910095 RFHAL_KERNEL_BIN_TRACE_RX_ON RX ON -- AntPwr: -115, FreqCtrl: 0x380d5700, OF|AnaGi|AdcAttn|BQ|BWs: 0x07000700, dsp_corr: -12138
2026-09-07 02:29:41.910949 RFHAL_KERNEL_BIN_TRACE_RX_OFF RX OFF -- AntPwr: -115, prev W/NBPM: -93, -116, TF|AltADC|DCI/Q(Q5): 0x001a0b, s: 55940, e: 120100
2026-09-07 02:29:41.916107 RFHAL_KERNEL_BIN_TRACE_RX_ON RX ON -- AntPwr: -116, FreqCtrl: 0x380d5700, OF|AnaGi|AdcAttn|BQ|BWs: 0x07000700, dsp_corr: -12140
2026-09-07 02:29:41.916931 RFHAL_KERNEL_BIN_TRACE_RX_OFF RX OFF -- AntPwr: -116, prev W/NBPM: -93, -115, TF|AltADC|DCI/Q(Q5): 0x001a0b, s: 54929, e: 119089
2026-09-07 02:29:41.926086 RFHAL_KERNEL_BIN_TRACE_RX_ON RX ON -- AntPwr: -115, FreqCtrl: 0x380d5700, OF|AnaGi|AdcAttn|BQ|BWs: 0x07000700, dsp_corr: -12142
2026-09-07 02:29:41.926941 RFHAL_KERNEL_BIN_TRACE_RX_OFF RX OFF -- AntPwr: -115, prev W/NBPM: -93, -115, TF|AltADC|DCI/Q(Q5): 0x001a0b, s: 54924, e: 119084
2026-09-07 02:29:41.930084 RFHAL_KERNEL_BIN_TRACE_RX_ON RX ON -- AntPwr: -115, FreqCtrl: 0x380d5700, OF|AnaGi|AdcAttn|BQ|BWs: 0x07000700, dsp_corr: -12142
2026-09-07 02:29:41.930938 RFHAL_KERNEL_BIN_TRACE_RX_OFF RX OFF -- AntPwr: -115, prev W/NBPM: -93, -115, TF|AltADC|DCI/Q(Q5): 0x001a0b, s: 55938, e: 120098
2026-09-07 02:29:41.936096 RFHAL_KERNEL_BIN_TRACE_RX_ON RX ON -- AntPwr: -115, FreqCtrl: 0x380d5700, OF|AnaGi|AdcAttn|BQ|BWs: 0x07000700, dsp_corr: -12144
2026-09-07 02:29:41.936920 RFHAL_KERNEL_BIN_TRACE_RX_OFF RX OFF -- AntPwr: -115, prev W/NBPM: -93, -114, TF|AltADC|DCI/Q(Q5): 0x001a0b, s: 54930, e: 119090
2026-09-07 02:29:41.946106 RFHAL_KERNEL_BIN_TRACE_RX_ON RX ON -- AntPwr: -114, FreqCtrl: 0x380d5700, OF|AnaGi|AdcAttn|BQ|BWs: 0x07000700, dsp_corr: -12146
2026-09-07 02:29:41.946930 RFHAL_KERNEL_BIN_TRACE_RX_OFF RX OFF -- AntPwr: -114, prev W/NBPM: -93, -115, TF|AltADC|DCI/Q(Q5): 0x001a0b, s: 54920, e: 119080
2026-09-07 02:29:41.950103 RFHAL_KERNEL_BIN_TRACE_RX_ON RX ON -- AntPwr: -115, FreqCtrl: 0x380d5700, OF|AnaGi|AdcAttn|BQ|BWs: 0x07000700, dsp_corr: -12146
2026-09-07 02:29:41.950958 RFHAL_KERNEL_BIN_TRACE_RX_OFF RX OFF -- AntPwr: -115, prev W/NBPM: -93, -114, TF|AltADC|DCI/Q(Q5): 0x001a0b, s: 55938, e: 120098
2026-09-07 02:29:41.956085 RFHAL_KERNEL_BIN_TRACE_RX_ON RX ON -- AntPwr: -114, FreqCtrl: 0x380d5700, OF|AnaGi|AdcAttn|BQ|BWs: 0x07000700, dsp_corr: -12148
2026-09-07 02:29:41.956939 RFHAL_KERNEL_BIN_TRACE_RX_OFF RX OFF -- AntPwr: -114, prev W/NBPM: -93, -115, TF|AltADC|DCI/Q(Q5): 0x001a0b, s: 54927, e: 119087
2026-09-07 02:29:41.966095 RFHAL_KERNEL_BIN_TRACE_RX_ON RX ON -- AntPwr: -115, FreqCtrl: 0x380d5700, OF|AnaGi|AdcAttn|BQ|BWs: 0x07000700, dsp_corr: -12150
2026-09-07 02:29:41.966919 RFHAL_KERNEL_BIN_TRACE_RX_OFF RX OFF -- AntPwr: -115, prev W/NBPM: -93, -115, TF|AltADC|DCI/Q(Q5): 0x001a0b, s: 54923, e: 119083
2026-09-07 02:29:41.970092 RFHAL_KERNEL_BIN_TRACE_RX_ON RX ON -- AntPwr: -115, FreqCtrl: 0x380d5700, OF|AnaGi|AdcAttn|BQ|BWs: 0x07000700, dsp_corr: -12150
2026-09-07 02:29:41.970947 RFHAL_KERNEL_BIN_TRACE_RX_OFF RX OFF -- AntPwr: -115, prev W/NBPM: -93, -115, TF|AltADC|DCI/Q(Q5): 0x001a0b, s: 55938, e: 120098
2026-09-07 02:29:41.976104 RFHAL_KERNEL_BIN_TRACE_RX_ON RX ON -- AntPwr: -115, FreqCtrl: 0x380d5700, OF|AnaGi|AdcAttn|BQ|BWs: 0x07000700, dsp_corr: -12152
2026-09-07 02:29:41.976928 RFHAL_KERNEL_BIN_TRACE_RX_OFF RX OFF -- AntPwr: -115, prev W/NBPM: -92, -114, TF|AltADC|DCI/Q(Q5): 0x001a0b, s: 54928, e: 119088
2026-09-07 02:29:41.986084 RFHAL_KERNEL_BIN_TRACE_RX_ON RX ON -- AntPwr: -114, FreqCtrl: 0x380d5700, OF|AnaGi|AdcAttn|BQ|BWs: 0x07000700, dsp_corr: -12154
2026-09-07 02:29:41.986938 RFHAL_KERNEL_BIN_TRACE_RX_OFF RX OFF -- AntPwr: -114, prev W/NBPM: -92, -115, TF|AltADC|DCI/Q(Q5): 0x001a0b, s: 54922, e: 119082
2026-09-07 02:29:41.990081 RFHAL_KERNEL_BIN_TRACE_RX_ON RX ON -- AntPwr: -115, FreqCtrl: 0x380d5700, OF|AnaGi|AdcAttn|BQ|BWs: 0x07000700, dsp_corr: -12154
2026-09-07 02:29:41.990936 RFHAL_KERNEL_BIN_TRACE_RX_OFF RX OFF -- AntPwr: -115, prev W/NBPM: -93, -115, TF|AltADC|DCI/Q(Q5): 0x001a0b, s: 55939, e: 120099
2026-09-07 02:29:41.996093 RFHAL_KERNEL_BIN_TRACE_RX_ON RX ON -- AntPwr: -115, FreqCtrl: 0x380d5700, OF|AnaGi|AdcAttn|BQ|BWs: 0x07000700, dsp_corr: -12156
2026-09-07 02:29:41.996948 RFHAL_KERNEL_BIN_TRACE_RX_OFF RX OFF -- AntPwr: -115, prev W/NBPM: -93, -115, TF|AltADC|DCI/Q(Q5): 0x001a0b, s: 54928, e: 119088
2026-09-07 02:29:42.006103 RFHAL_KERNEL_BIN_TRACE_RX_ON RX ON -- AntPwr: -115, FreqCtrl: 0x380d5700, OF|AnaGi|AdcAttn|BQ|BWs: 0x07000700, dsp_corr: -12158
2026-09-07 02:29:42.006927 RFHAL_KERNEL_BIN_TRACE_RX_OFF RX OFF -- AntPwr: -115, prev W/NBPM: -93, -114, TF|AltADC|DCI/Q(Q5): 0x001a0b, s: 54920, e: 119080
2026-09-07 02:29:42.010101 RFHAL_KERNEL_BIN_TRACE_RX_ON RX ON -- AntPwr: -114, FreqCtrl: 0x380d5700, OF|AnaGi|AdcAttn|BQ|BWs: 0x07000700, dsp_corr: -12158
2026-09-07 02:29:42.010925 RFHAL_KERNEL_BIN_TRACE_RX_OFF RX OFF -- AntPwr: -114, prev W/NBPM: -93, -114, TF|AltADC|DCI/Q(Q5): 0x001a0b, s: 55943, e: 120103
2026-09-07 02:29:42.016082 RFHAL_KERNEL_BIN_TRACE_RX_ON RX ON -- AntPwr: -114, FreqCtrl: 0x380d5700, OF|AnaGi|AdcAttn|BQ|BWs: 0x07000700, dsp_corr: -12160
2026-09-07 02:29:42.016937 RFHAL_KERNEL_BIN_TRACE_RX_OFF RX OFF -- AntPwr: -114, prev W/NBPM: -93, -115, TF|AltADC|DCI/Q(Q5): 0x001a0b, s: 54928, e: 119088
2026-09-07 02:29:42.026092 RFHAL_KERNEL_BIN_TRACE_RX_ON RX ON -- AntPwr: -115, FreqCtrl: 0x380d5700, OF|AnaGi|AdcAttn|BQ|BWs: 0x07000700, dsp_corr: -12162
2026-09-07 02:29:42.026947 RFHAL_KERNEL_BIN_TRACE_RX_OFF RX OFF -- AntPwr: -115, prev W/NBPM: -93, -115, TF|AltADC|DCI/Q(Q5): 0x001a0c, s: 54923, e: 119083
2026-09-07 02:29:42.030090 RFHAL_KERNEL_BIN_TRACE_RX_ON RX ON -- AntPwr: -115, FreqCtrl: 0x380d5700, OF|AnaGi|AdcAttn|BQ|BWs: 0x07000700, dsp_corr: -12162
2026-09-07 02:29:42.030944 RFHAL_KERNEL_BIN_TRACE_RX_OFF RX OFF -- AntPwr: -115, prev W/NBPM: -93, -114, TF|AltADC|DCI/Q(Q5): 0x001a0c, s: 55939, e: 120099
2026-09-07 02:29:42.036102 RFHAL_KERNEL_BIN_TRACE_RX_ON RX ON -- AntPwr: -114, FreqCtrl: 0x380d5700, OF|AnaGi|AdcAttn|BQ|BWs: 0x07000700, dsp_corr: -12164
2026-09-07 02:29:42.036926 RFHAL_KERNEL_BIN_TRACE_RX_OFF RX OFF -- AntPwr: -114, prev W/NBPM: -93, -115, TF|AltADC|DCI/Q(Q5): 0x001a0c, s: 55192, e: 119352
2026-09-07 02:29:42.046112 RFHAL_KERNEL_BIN_TRACE_RX_ON RX ON -- AntPwr: -115, FreqCtrl: 0x380d5700, OF|AnaGi|AdcAttn|BQ|BWs: 0x07000700, dsp_corr: -12166
2026-09-07 02:29:42.046936 RFHAL_KERNEL_BIN_TRACE_RX_OFF RX OFF -- AntPwr: -115, prev W/NBPM: -93, -114, TF|AltADC|DCI/Q(Q5): 0x001a0c, s: 54442, e: 118602
2026-09-07 02:29:42.063903 RFHAL_KERNEL_BIN_TRACE_RX_ON RX ON -- AntPwr: -114, FreqCtrl: 0x380d5700, OF|AnaGi|AdcAttn|BQ|BWs: 0x07000700, dsp_corr: -12168
2026-09-07 02:29:42.084045 L1_DEFAULT_INFO_SERVING_CELL_MEASUREMENTS earfcn: 229232, pci: 22, rsrp: -137, rsrq: -21, SNR: -12
2026-09-07 02:29:42.084899 RFHAL_KERNEL_BIN_TRACE_RX_OFF RX OFF -- AntPwr: -117, prev W/NBPM: -93, -115, TF|AltADC|DCI/Q(Q5): 0x001b0b, s: 38126, e: 1650929
2026-09-07 02:29:43.166168 RFHAL_KERNEL_BIN_TRACE_RX_ON RX ON -- AntPwr: -117, FreqCtrl: 0x380d5700, OF|AnaGi|AdcAttn|BQ|BWs: 0x07000700, dsp_corr: -12384
2026-09-07 02:29:43.166961 RFHAL_KERNEL_BIN_TRACE_RX_OFF RX OFF -- AntPwr: -117, prev W/NBPM: -93, -114, TF|AltADC|DCI/Q(Q5): 0x001a0c, s: 94512, e: 156112
2026-09-07 02:29:43.170135 RFHAL_KERNEL_BIN_TRACE_RX_ON RX ON -- AntPwr: -114, FreqCtrl: 0x380d5700, OF|AnaGi|AdcAttn|BQ|BWs: 0x07000700, dsp_corr: -12384
2026-09-07 02:29:43.170990 RFHAL_KERNEL_BIN_TRACE_RX_OFF RX OFF -- AntPwr: -114, prev W/NBPM: -92, -115, TF|AltADC|DCI/Q(Q5): 0x001a0c, s: 55065, e: 119225
2026-09-07 02:29:43.176147 RFHAL_KERNEL_BIN_TRACE_RX_ON RX ON -- AntPwr: -115, FreqCtrl: 0x380d5700, OF|AnaGi|AdcAttn|BQ|BWs: 0x07000700, dsp_corr: -12386
2026-09-07 02:29:43.176971 RFHAL_KERNEL_BIN_TRACE_RX_OFF RX OFF -- AntPwr: -115, prev W/NBPM: -93, -114, TF|AltADC|DCI/Q(Q5): 0x001a0c, s: 54934, e: 119094
2026-09-07 02:29:43.186157 RFHAL_KERNEL_BIN_TRACE_RX_ON RX ON -- AntPwr: -114, FreqCtrl: 0x380d5700, OF|AnaGi|AdcAttn|BQ|BWs: 0x07000700, dsp_corr: -12388
2026-09-07 02:29:43.186981 RFHAL_KERNEL_BIN_TRACE_RX_OFF RX OFF -- AntPwr: -114, prev W/NBPM: -93, -116, TF|AltADC|DCI/Q(Q5): 0x001a0c, s: 54925, e: 119085
2026-09-07 02:29:43.190155 RFHAL_KERNEL_BIN_TRACE_RX_ON RX ON -- AntPwr: -116, FreqCtrl: 0x380d5700, OF|AnaGi|AdcAttn|BQ|BWs: 0x07000700, dsp_corr: -12388
2026-09-07 02:29:43.191009 RFHAL_KERNEL_BIN_TRACE_RX_OFF RX OFF -- AntPwr: -116, prev W/NBPM: -93, -114, TF|AltADC|DCI/Q(Q5): 0x001a0c, s: 55942, e: 120102
2026-09-07 02:29:43.196136 RFHAL_KERNEL_BIN_TRACE_RX_ON RX ON -- AntPwr: -114, FreqCtrl: 0x380d5700, OF|AnaGi|AdcAttn|BQ|BWs: 0x07000700, dsp_corr: -12390
2026-09-07 02:29:43.196991 RFHAL_KERNEL_BIN_TRACE_RX_OFF RX OFF -- AntPwr: -114, prev W/NBPM: -93, -114, TF|AltADC|DCI/Q(Q5): 0x001a0c, s: 54931, e: 119091
2026-09-07 02:29:43.206146 RFHAL_KERNEL_BIN_TRACE_RX_ON RX ON -- AntPwr: -114, FreqCtrl: 0x380d5700, OF|AnaGi|AdcAttn|BQ|BWs: 0x07000700, dsp_corr: -12392
2026-09-07 02:29:43.207000 RFHAL_KERNEL_BIN_TRACE_RX_OFF RX OFF -- AntPwr: -114, prev W/NBPM: -93, -114, TF|AltADC|DCI/Q(Q5): 0x001a0c, s: 54926, e: 119086
2026-09-07 02:29:43.210144 RFHAL_KERNEL_BIN_TRACE_RX_ON RX ON -- AntPwr: -114, FreqCtrl: 0x380d5700, OF|AnaGi|AdcAttn|BQ|BWs: 0x07000700, dsp_corr: -12392
2026-09-07 02:29:43.210998 RFHAL_KERNEL_BIN_TRACE_RX_OFF RX OFF -- AntPwr: -114, prev W/NBPM: -93, -116, TF|AltADC|DCI/Q(Q5): 0x001a0c, s: 55940, e: 120100
2026-09-07 02:29:43.216156 RFHAL_KERNEL_BIN_TRACE_RX_ON RX ON -- AntPwr: -116, FreqCtrl: 0x380d5700, OF|AnaGi|AdcAttn|BQ|BWs: 0x07000700, dsp_corr: -12394
2026-09-07 02:29:43.216980 RFHAL_KERNEL_BIN_TRACE_RX_OFF RX OFF -- AntPwr: -116, prev W/NBPM: -92, -115, TF|AltADC|DCI/Q(Q5): 0x001a0c, s: 54932, e: 119092
2026-09-07 02:29:43.226135 RFHAL_KERNEL_BIN_TRACE_RX_ON RX ON -- AntPwr: -115, FreqCtrl: 0x380d5700, OF|AnaGi|AdcAttn|BQ|BWs: 0x07000700, dsp_corr: -12396
2026-09-07 02:29:43.226989 RFHAL_KERNEL_BIN_TRACE_RX_OFF RX OFF -- AntPwr: -115, prev W/NBPM: -93, -115, TF|AltADC|DCI/Q(Q5): 0x001a0b, s: 54923, e: 119083
2026-09-07 02:29:43.230163 RFHAL_KERNEL_BIN_TRACE_RX_ON RX ON -- AntPwr: -115, FreqCtrl: 0x380d5700, OF|AnaGi|AdcAttn|BQ|BWs: 0x07000700, dsp_corr: -12396
2026-09-07 02:29:43.231018 RFHAL_KERNEL_BIN_TRACE_RX_OFF RX OFF -- AntPwr: -115, prev W/NBPM: -93, -114, TF|AltADC|DCI/Q(Q5): 0x001a0b, s: 55942, e: 120102
2026-09-07 02:29:43.236145 RFHAL_KERNEL_BIN_TRACE_RX_ON RX ON -- AntPwr: -114, FreqCtrl: 0x380d5700, OF|AnaGi|AdcAttn|BQ|BWs: 0x07000700, dsp_corr: -12398
2026-09-07 02:29:43.236999 RFHAL_KERNEL_BIN_TRACE_RX_OFF RX OFF -- AntPwr: -114, prev W/NBPM: -93, -115, TF|AltADC|DCI/Q(Q5): 0x001a0b, s: 54934, e: 119094
2026-09-07 02:29:43.246154 RFHAL_KERNEL_BIN_TRACE_RX_ON RX ON -- AntPwr: -115, FreqCtrl: 0x380d5700, OF|AnaGi|AdcAttn|BQ|BWs: 0x07000700, dsp_corr: -12400
2026-09-07 02:29:43.246978 RFHAL_KERNEL_BIN_TRACE_RX_OFF RX OFF -- AntPwr: -115, prev W/NBPM: -93, -114, TF|AltADC|DCI/Q(Q5): 0x001a0b, s: 54920, e: 119080
2026-09-07 02:29:43.250152 RFHAL_KERNEL_BIN_TRACE_RX_ON RX ON -- AntPwr: -114, FreqCtrl: 0x380d5700, OF|AnaGi|AdcAttn|BQ|BWs: 0x07000700, dsp_corr: -12400
2026-09-07 02:29:43.251007 RFHAL_KERNEL_BIN_TRACE_RX_OFF RX OFF -- AntPwr: -114, prev W/NBPM: -92, -116, TF|AltADC|DCI/Q(Q5): 0x001a0b, s: 55943, e: 120103
2026-09-07 02:29:43.256164 RFHAL_KERNEL_BIN_TRACE_RX_ON RX ON -- AntPwr: -116, FreqCtrl: 0x380d5700, OF|AnaGi|AdcAttn|BQ|BWs: 0x07000700, dsp_corr: -12402
2026-09-07 02:29:43.256988 RFHAL_KERNEL_BIN_TRACE_RX_OFF RX OFF -- AntPwr: -116, prev W/NBPM: -93, -116, TF|AltADC|DCI/Q(Q5): 0x001a0b, s: 54931, e: 119091
2026-09-07 02:29:43.266143 RFHAL_KERNEL_BIN_TRACE_RX_ON RX ON -- AntPwr: -116, FreqCtrl: 0x380d5700, OF|AnaGi|AdcAttn|BQ|BWs: 0x07000700, dsp_corr: -12404
2026-09-07 02:29:43.266998 RFHAL_KERNEL_BIN_TRACE_RX_OFF RX OFF -- AntPwr: -116, prev W/NBPM: -93, -116, TF|AltADC|DCI/Q(Q5): 0x001a0b, s: 54923, e: 119083
2026-09-07 02:29:43.270141 RFHAL_KERNEL_BIN_TRACE_RX_ON RX ON -- AntPwr: -116, FreqCtrl: 0x380d5700, OF|AnaGi|AdcAttn|BQ|BWs: 0x07000700, dsp_corr: -12404
2026-09-07 02:29:43.270996 RFHAL_KERNEL_BIN_TRACE_RX_OFF RX OFF -- AntPwr: -116, prev W/NBPM: -93, -117, TF|AltADC|DCI/Q(Q5): 0x001a0c, s: 55944, e: 120104
2026-09-07 02:29:43.276153 RFHAL_KERNEL_BIN_TRACE_RX_ON RX ON -- AntPwr: -117, FreqCtrl: 0x380d5700, OF|AnaGi|AdcAttn|BQ|BWs: 0x07000700, dsp_corr: -12406
2026-09-07 02:29:43.276977 RFHAL_KERNEL_BIN_TRACE_RX_OFF RX OFF -- AntPwr: -117, prev W/NBPM: -93, -114, TF|AltADC|DCI/Q(Q5): 0x001a0c, s: 54931, e: 119091
2026-09-07 02:29:43.286163 RFHAL_KERNEL_BIN_TRACE_RX_ON RX ON -- AntPwr: -114, FreqCtrl: 0x380d5700, OF|AnaGi|AdcAttn|BQ|BWs: 0x07000700, dsp_corr: -12408
2026-09-07 02:29:43.286987 RFHAL_KERNEL_BIN_TRACE_RX_OFF RX OFF -- AntPwr: -114, prev W/NBPM: -93, -115, TF|AltADC|DCI/Q(Q5): 0x001a0c, s: 54922, e: 119082
2026-09-07 02:29:43.290161 RFHAL_KERNEL_BIN_TRACE_RX_ON RX ON -- AntPwr: -115, FreqCtrl: 0x380d5700, OF|AnaGi|AdcAttn|BQ|BWs: 0x07000700, dsp_corr: -12408
2026-09-07 02:29:43.291015 RFHAL_KERNEL_BIN_TRACE_RX_OFF RX OFF -- AntPwr: -115, prev W/NBPM: -93, -114, TF|AltADC|DCI/Q(Q5): 0x001a0c, s: 55944, e: 120104
2026-09-07 02:29:43.296142 RFHAL_KERNEL_BIN_TRACE_RX_ON RX ON -- AntPwr: -114, FreqCtrl: 0x380d5700, OF|AnaGi|AdcAttn|BQ|BWs: 0x07000700, dsp_corr: -12410
2026-09-07 02:29:43.296997 RFHAL_KERNEL_BIN_TRACE_RX_OFF RX OFF -- AntPwr: -114, prev W/NBPM: -93, -113, TF|AltADC|DCI/Q(Q5): 0x001a0c, s: 54930, e: 119090
2026-09-07 02:29:43.306152 RFHAL_KERNEL_BIN_TRACE_RX_ON RX ON -- AntPwr: -113, FreqCtrl: 0x380d5700, OF|AnaGi|AdcAttn|BQ|BWs: 0x07000700, dsp_corr: -12411
2026-09-07 02:29:43.307006 RFHAL_KERNEL_BIN_TRACE_RX_OFF RX OFF -- AntPwr: -113, prev W/NBPM: -93, -116, TF|AltADC|DCI/Q(Q5): 0x001a0c, s: 54921, e: 119081
2026-09-07 02:29:43.310150 RFHAL_KERNEL_BIN_TRACE_RX_ON RX ON -- AntPwr: -116, FreqCtrl: 0x380d5700, OF|AnaGi|AdcAttn|BQ|BWs: 0x07000700, dsp_corr: -12411
2026-09-07 02:29:43.311004 RFHAL_KERNEL_BIN_TRACE_RX_OFF RX OFF -- AntPwr: -116, prev W/NBPM: -93, -114, TF|AltADC|DCI/Q(Q5): 0x001a0c, s: 55939, e: 120099
2026-09-07 02:29:43.316162 RFHAL_KERNEL_BIN_TRACE_RX_ON RX ON -- AntPwr: -114, FreqCtrl: 0x380d5700, OF|AnaGi|AdcAttn|BQ|BWs: 0x07000700, dsp_corr: -12413
2026-09-07 02:29:43.316986 RFHAL_KERNEL_BIN_TRACE_RX_OFF RX OFF -- AntPwr: -114, prev W/NBPM: -93, -116, TF|AltADC|DCI/Q(Q5): 0x001a0c, s: 55193, e: 119353
2026-09-07 02:29:43.326141 RFHAL_KERNEL_BIN_TRACE_RX_ON RX ON -- AntPwr: -116, FreqCtrl: 0x380d5700, OF|AnaGi|AdcAttn|BQ|BWs: 0x07000700, dsp_corr: -12415
2026-09-07 02:29:43.326995 RFHAL_KERNEL_BIN_TRACE_RX_OFF RX OFF -- AntPwr: -116, prev W/NBPM: -93, -115, TF|AltADC|DCI/Q(Q5): 0x001a0c, s: 54443, e: 118603
2026-09-07 02:29:43.343963 RFHAL_KERNEL_BIN_TRACE_RX_ON RX ON -- AntPwr: -115, FreqCtrl: 0x380d5700, OF|AnaGi|AdcAttn|BQ|BWs: 0x07000700, dsp_corr: -12502
2026-09-07 02:29:43.364135 L1_DEFAULT_INFO_SERVING_CELL_MEASUREMENTS earfcn: 229232, pci: 22, rsrp: -144, rsrq: -33, SNR: -15
2026-09-07 02:29:43.364959 RFHAL_KERNEL_BIN_TRACE_RX_OFF RX OFF -- AntPwr: -117, prev W/NBPM: -92, -115, TF|AltADC|DCI/Q(Q5): 0x001a0c, s: 38268, e: 1651071
2026-09-07 02:29:43.373169 RFHAL_KERNEL_BIN_TRACE_RX_ON RX ON -- AntPwr: -106, FreqCtrl: 0x380d5700, OF|AnaGi|AdcAttn|BQ|BWs: 0x07000700, dsp_corr: -12487
2026-09-07 02:29:43.414154 RFHAL_KERNEL_BIN_TRACE_RX_OFF RX OFF -- AntPwr: -114, prev W/NBPM: -93, -114, TF|AltADC|DCI/Q(Q5): 0x001a0c, s: 563008, e: 3711808
2026-09-07 02:29:43.415039 L1_DEFAULT_INFO_NEIGHBOR_CELL_MEASUREMENTS earfcn: 229232, pci: 22, rsrp: -147, rsrq: -30
2026-09-07 02:29:44.446228 RFHAL_KERNEL_BIN_TRACE_RX_ON RX ON -- AntPwr: -117, FreqCtrl: 0x380d5700, OF|AnaGi|AdcAttn|BQ|BWs: 0x07000700, dsp_corr: -12696
2026-09-07 02:29:44.447021 RFHAL_KERNEL_BIN_TRACE_RX_OFF RX OFF -- AntPwr: -117, prev W/NBPM: -93, -114, TF|AltADC|DCI/Q(Q5): 0x001a0c, s: 96117, e: 157717
2026-09-07 02:29:44.450195 RFHAL_KERNEL_BIN_TRACE_RX_ON RX ON -- AntPwr: -114, FreqCtrl: 0x380d5700, OF|AnaGi|AdcAttn|BQ|BWs: 0x07000700, dsp_corr: -12696
2026-09-07 02:29:44.451049 RFHAL_KERNEL_BIN_TRACE_RX_OFF RX OFF -- AntPwr: -114, prev W/NBPM: -93, -115, TF|AltADC|DCI/Q(Q5): 0x001a0c, s: 55065, e: 119225
2026-09-07 02:29:44.456207 RFHAL_KERNEL_BIN_TRACE_RX_ON RX ON -- AntPwr: -115, FreqCtrl: 0x380d5700, OF|AnaGi|AdcAttn|BQ|BWs: 0x07000700, dsp_corr: -12698
2026-09-07 02:29:44.457031 RFHAL_KERNEL_BIN_TRACE_RX_OFF RX OFF -- AntPwr: -115, prev W/NBPM: -92, -115, TF|AltADC|DCI/Q(Q5): 0x001a0c, s: 54933, e: 119093
2026-09-07 02:29:44.466217 RFHAL_KERNEL_BIN_TRACE_RX_ON RX ON -- AntPwr: -115, FreqCtrl: 0x380d5700, OF|AnaGi|AdcAttn|BQ|BWs: 0x07000700, dsp_corr: -12699
2026-09-07 02:29:44.467041 RFHAL_KERNEL_BIN_TRACE_RX_OFF RX OFF -- AntPwr: -115, prev W/NBPM: -93, -115, TF|AltADC|DCI/Q(Q5): 0x001a0b, s: 54920, e: 119080
2026-09-07 02:29:44.470214 RFHAL_KERNEL_BIN_TRACE_RX_ON RX ON -- AntPwr: -115, FreqCtrl: 0x380d5700, OF|AnaGi|AdcAttn|BQ|BWs: 0x07000700, dsp_corr: -12699
2026-09-07 02:29:44.471069 RFHAL_KERNEL_BIN_TRACE_RX_OFF RX OFF -- AntPwr: -115, prev W/NBPM: -93, -116, TF|AltADC|DCI/Q(Q5): 0x001a0b, s: 55941, e: 120101
2026-09-07 02:29:44.476196 RFHAL_KERNEL_BIN_TRACE_RX_ON RX ON -- AntPwr: -116, FreqCtrl: 0x380d5700, OF|AnaGi|AdcAttn|BQ|BWs: 0x07000700, dsp_corr: -12701
2026-09-07 02:29:44.477050 RFHAL_KERNEL_BIN_TRACE_RX_OFF RX OFF -- AntPwr: -116, prev W/NBPM: -93, -116, TF|AltADC|DCI/Q(Q5): 0x001a0b, s: 54933, e: 119093
2026-09-07 02:29:44.486206 RFHAL_KERNEL_BIN_TRACE_RX_ON RX ON -- AntPwr: -116, FreqCtrl: 0x380d5700, OF|AnaGi|AdcAttn|BQ|BWs: 0x07000700, dsp_corr: -12703
2026-09-07 02:29:44.487060 RFHAL_KERNEL_BIN_TRACE_RX_OFF RX OFF -- AntPwr: -116, prev W/NBPM: -93, -115, TF|AltADC|DCI/Q(Q5): 0x001a0b, s: 54922, e: 119082
2026-09-07 02:29:44.490203 RFHAL_KERNEL_BIN_TRACE_RX_ON RX ON -- AntPwr: -115, FreqCtrl: 0x380d5700, OF|AnaGi|AdcAttn|BQ|BWs: 0x07000700, dsp_corr: -12703
2026-09-07 02:29:44.491058 RFHAL_KERNEL_BIN_TRACE_RX_OFF RX OFF -- AntPwr: -115, prev W/NBPM: -93, -114, TF|AltADC|DCI/Q(Q5): 0x001a0b, s: 55941, e: 120101
2026-09-07 02:29:44.496215 RFHAL_KERNEL_BIN_TRACE_RX_ON RX ON -- AntPwr: -114, FreqCtrl: 0x380d5700, OF|AnaGi|AdcAttn|BQ|BWs: 0x07000700, dsp_corr: -12705
2026-09-07 02:29:44.497039 RFHAL_KERNEL_BIN_TRACE_RX_OFF RX OFF -- AntPwr: -114, prev W/NBPM: -93, -114, TF|AltADC|DCI/Q(Q5): 0x001a0b, s: 54930, e: 119090
2026-09-07 02:29:44.506195 RFHAL_KERNEL_BIN_TRACE_RX_ON RX ON -- AntPwr: -114, FreqCtrl: 0x380d5700, OF|AnaGi|AdcAttn|BQ|BWs: 0x07000700, dsp_corr: -12707
2026-09-07 02:29:44.507049 RFHAL_KERNEL_BIN_TRACE_RX_OFF RX OFF -- AntPwr: -114, prev W/NBPM: -93, -116, TF|AltADC|DCI/Q(Q5): 0x001a0b, s: 54927, e: 119087
2026-09-07 02:29:44.510223 RFHAL_KERNEL_BIN_TRACE_RX_ON RX ON -- AntPwr: -116, FreqCtrl: 0x380d5700, OF|AnaGi|AdcAttn|BQ|BWs: 0x07000700, dsp_corr: -12707
2026-09-07 02:29:44.511047 RFHAL_KERNEL_BIN_TRACE_RX_OFF RX OFF -- AntPwr: -116, prev W/NBPM: -92, -113, TF|AltADC|DCI/Q(Q5): 0x001a0b, s: 55942, e: 120102
2026-09-07 02:29:44.516204 RFHAL_KERNEL_BIN_TRACE_RX_ON RX ON -- AntPwr: -113, FreqCtrl: 0x380d5700, OF|AnaGi|AdcAttn|BQ|BWs: 0x07000700, dsp_corr: -12709
2026-09-07 02:29:44.517059 RFHAL_KERNEL_BIN_TRACE_RX_OFF RX OFF -- AntPwr: -113, prev W/NBPM: -93, -115, TF|AltADC|DCI/Q(Q5): 0x001a0b, s: 54930, e: 119090
2026-09-07 02:29:44.526214 RFHAL_KERNEL_BIN_TRACE_RX_ON RX ON -- AntPwr: -115, FreqCtrl: 0x380d5700, OF|AnaGi|AdcAttn|BQ|BWs: 0x07000700, dsp_corr: -12711
2026-09-07 02:29:44.527038 RFHAL_KERNEL_BIN_TRACE_RX_OFF RX OFF -- AntPwr: -115, prev W/NBPM: -93, -116, TF|AltADC|DCI/Q(Q5): 0x001a0b, s: 54921, e: 119081
2026-09-07 02:29:44.530212 RFHAL_KERNEL_BIN_TRACE_RX_ON RX ON -- AntPwr: -116, FreqCtrl: 0x380d5700, OF|AnaGi|AdcAttn|BQ|BWs: 0x07000700, dsp_corr: -12711
2026-09-07 02:29:44.531066 RFHAL_KERNEL_BIN_TRACE_RX_OFF RX OFF -- AntPwr: -116, prev W/NBPM: -93, -115, TF|AltADC|DCI/Q(Q5): 0x001a0b, s: 55939, e: 120099
2026-09-07 02:29:44.536224 RFHAL_KERNEL_BIN_TRACE_RX_ON RX ON -- AntPwr: -115, FreqCtrl: 0x380d5700, OF|AnaGi|AdcAttn|BQ|BWs: 0x07000700, dsp_corr: -12713
2026-09-07 02:29:44.537048 RFHAL_KERNEL_BIN_TRACE_RX_OFF RX OFF -- AntPwr: -115, prev W/NBPM: -93, -115, TF|AltADC|DCI/Q(Q5): 0x001a0c, s: 54930, e: 119090
2026-09-07 02:29:44.546203 RFHAL_KERNEL_BIN_TRACE_RX_ON RX ON -- AntPwr: -115, FreqCtrl: 0x380d5700, OF|AnaGi|AdcAttn|BQ|BWs: 0x07000700, dsp_corr: -12715
2026-09-07 02:29:44.547058 RFHAL_KERNEL_BIN_TRACE_RX_OFF RX OFF -- AntPwr: -115, prev W/NBPM: -93, -115, TF|AltADC|DCI/Q(Q5): 0x001a0c, s: 54922, e: 119082
2026-09-07 02:29:44.550201 RFHAL_KERNEL_BIN_TRACE_RX_ON RX ON -- AntPwr: -115, FreqCtrl: 0x380d5700, OF|AnaGi|AdcAttn|BQ|BWs: 0x07000700, dsp_corr: -12715
2026-09-07 02:29:44.551055 RFHAL_KERNEL_BIN_TRACE_RX_OFF RX OFF -- AntPwr: -115, prev W/NBPM: -93, -115, TF|AltADC|DCI/Q(Q5): 0x001a0c, s: 55943, e: 120103
2026-09-07 02:29:44.556213 RFHAL_KERNEL_BIN_TRACE_RX_ON RX ON -- AntPwr: -115, FreqCtrl: 0x380d5700, OF|AnaGi|AdcAttn|BQ|BWs: 0x07000700, dsp_corr: -12717
2026-09-07 02:29:44.557037 RFHAL_KERNEL_BIN_TRACE_RX_OFF RX OFF -- AntPwr: -115, prev W/NBPM: -93, -116, TF|AltADC|DCI/Q(Q5): 0x001a0c, s: 54930, e: 119090
2026-09-07 02:29:44.566223 RFHAL_KERNEL_BIN_TRACE_RX_ON RX ON -- AntPwr: -116, FreqCtrl: 0x380d5700, OF|AnaGi|AdcAttn|BQ|BWs: 0x07000700, dsp_corr: -12719
2026-09-07 02:29:44.567047 RFHAL_KERNEL_BIN_TRACE_RX_OFF RX OFF -- AntPwr: -116, prev W/NBPM: -92, -115, TF|AltADC|DCI/Q(Q5): 0x001a0c, s: 54921, e: 119081
2026-09-07 02:29:44.570221 RFHAL_KERNEL_BIN_TRACE_RX_ON RX ON -- AntPwr: -115, FreqCtrl: 0x380d5700, OF|AnaGi|AdcAttn|BQ|BWs: 0x07000700, dsp_corr: -12719
2026-09-07 02:29:44.571075 RFHAL_KERNEL_BIN_TRACE_RX_OFF RX OFF -- AntPwr: -115, prev W/NBPM: -93, -116, TF|AltADC|DCI/Q(Q5): 0x001a0c, s: 55945, e: 120105
2026-09-07 02:29:44.576202 RFHAL_KERNEL_BIN_TRACE_RX_ON RX ON -- AntPwr: -116, FreqCtrl: 0x380d5700, OF|AnaGi|AdcAttn|BQ|BWs: 0x07000700, dsp_corr: -12720
2026-09-07 02:29:44.577056 RFHAL_KERNEL_BIN_TRACE_RX_OFF RX OFF -- AntPwr: -116, prev W/NBPM: -92, -113, TF|AltADC|DCI/Q(Q5): 0x001a0c, s: 54932, e: 119092
2026-09-07 02:29:44.586212 RFHAL_KERNEL_BIN_TRACE_RX_ON RX ON -- AntPwr: -113, FreqCtrl: 0x380d5700, OF|AnaGi|AdcAttn|BQ|BWs: 0x07000700, dsp_corr: -12722
2026-09-07 02:29:44.587036 RFHAL_KERNEL_BIN_TRACE_RX_OFF RX OFF -- AntPwr: -113, prev W/NBPM: -92, -115, TF|AltADC|DCI/Q(Q5): 0x001a0c, s: 54924, e: 119084
2026-09-07 02:29:44.590210 RFHAL_KERNEL_BIN_TRACE_RX_ON RX ON -- AntPwr: -115, FreqCtrl: 0x380d5700, OF|AnaGi|AdcAttn|BQ|BWs: 0x07000700, dsp_corr: -12722
2026-09-07 02:29:44.591064 RFHAL_KERNEL_BIN_TRACE_RX_OFF RX OFF -- AntPwr: -115, prev W/NBPM: -93, -115, TF|AltADC|DCI/Q(Q5): 0x001a0c, s: 55941, e: 120101
2026-09-07 02:29:44.596222 RFHAL_KERNEL_BIN_TRACE_RX_ON RX ON -- AntPwr: -115, FreqCtrl: 0x380d5700, OF|AnaGi|AdcAttn|BQ|BWs: 0x07000700, dsp_corr: -12724
2026-09-07 02:29:44.597045 RFHAL_KERNEL_BIN_TRACE_RX_OFF RX OFF -- AntPwr: -115, prev W/NBPM: -93, -114, TF|AltADC|DCI/Q(Q5): 0x001a0c, s: 55195, e: 119355
2026-09-07 02:29:44.606201 RFHAL_KERNEL_BIN_TRACE_RX_ON RX ON -- AntPwr: -114, FreqCtrl: 0x380d5700, OF|AnaGi|AdcAttn|BQ|BWs: 0x07000700, dsp_corr: -12726
2026-09-07 02:29:44.607055 RFHAL_KERNEL_BIN_TRACE_RX_OFF RX OFF -- AntPwr: -114, prev W/NBPM: -93, -114, TF|AltADC|DCI/Q(Q5): 0x001a0c, s: 54442, e: 118602
2026-09-07 02:29:44.624023 RFHAL_KERNEL_BIN_TRACE_RX_ON RX ON -- AntPwr: -114, FreqCtrl: 0x380d5700, OF|AnaGi|AdcAttn|BQ|BWs: 0x07000700, dsp_corr: -12814
2026-09-07 02:29:44.644165 L1_DEFAULT_INFO_SERVING_CELL_MEASUREMENTS earfcn: 229232, pci: 22, rsrp: -146, rsrq: -24, SNR: -20
2026-09-07 02:29:44.645019 RFHAL_KERNEL_BIN_TRACE_RX_OFF RX OFF -- AntPwr: -118, prev W/NBPM: -93, -116, TF|AltADC|DCI/Q(Q5): 0x001b0b, s: 38130, e: 1650933
2026-09-07 02:29:45.726287 RFHAL_KERNEL_BIN_TRACE_RX_ON RX ON -- AntPwr: -118, FreqCtrl: 0x380d5700, OF|AnaGi|AdcAttn|BQ|BWs: 0x07000700, dsp_corr: -13023
2026-09-07 02:29:45.727081 RFHAL_KERNEL_BIN_TRACE_RX_OFF RX OFF -- AntPwr: -118, prev W/NBPM: -93, -115, TF|AltADC|DCI/Q(Q5): 0x001a0b, s: 94241, e: 155841
2026-09-07 02:29:45.730255 RFHAL_KERNEL_BIN_TRACE_RX_ON RX ON -- AntPwr: -115, FreqCtrl: 0x380d5700, OF|AnaGi|AdcAttn|BQ|BWs: 0x07000700, dsp_corr: -13023
2026-09-07 02:29:45.731109 RFHAL_KERNEL_BIN_TRACE_RX_OFF RX OFF -- AntPwr: -115, prev W/NBPM: -93, -116, TF|AltADC|DCI/Q(Q5): 0x001a0b, s: 55066, e: 119226
2026-09-07 02:29:45.736267 RFHAL_KERNEL_BIN_TRACE_RX_ON RX ON -- AntPwr: -116, FreqCtrl: 0x380d5700, OF|AnaGi|AdcAttn|BQ|BWs: 0x07000700, dsp_corr: -13024
2026-09-07 02:29:45.737091 RFHAL_KERNEL_BIN_TRACE_RX_OFF RX OFF -- AntPwr: -116, prev W/NBPM: -92, -115, TF|AltADC|DCI/Q(Q5): 0x001a0b, s: 54930, e: 119090
2026-09-07 02:29:45.746276 RFHAL_KERNEL_BIN_TRACE_RX_ON RX ON -- AntPwr: -115, FreqCtrl: 0x380d5700, OF|AnaGi|AdcAttn|BQ|BWs: 0x07000700, dsp_corr: -13026
2026-09-07 02:29:45.747100 RFHAL_KERNEL_BIN_TRACE_RX_OFF RX OFF -- AntPwr: -115, prev W/NBPM: -93, -114, TF|AltADC|DCI/Q(Q5): 0x001a0b, s: 54922, e: 119082
2026-09-07 02:29:45.750274 RFHAL_KERNEL_BIN_TRACE_RX_ON RX ON -- AntPwr: -114, FreqCtrl: 0x380d5700, OF|AnaGi|AdcAttn|BQ|BWs: 0x07000700, dsp_corr: -13026
2026-09-07 02:29:45.751129 RFHAL_KERNEL_BIN_TRACE_RX_OFF RX OFF -- AntPwr: -114, prev W/NBPM: -92, -116, TF|AltADC|DCI/Q(Q5): 0x001a0b, s: 55938, e: 120098
2026-09-07 02:29:45.756256 RFHAL_KERNEL_BIN_TRACE_RX_ON RX ON -- AntPwr: -116, FreqCtrl: 0x380d5700, OF|AnaGi|AdcAttn|BQ|BWs: 0x07000700, dsp_corr: -13028
2026-09-07 02:29:45.757110 RFHAL_KERNEL_BIN_TRACE_RX_OFF RX OFF -- AntPwr: -116, prev W/NBPM: -93, -114, TF|AltADC|DCI/Q(Q5): 0x001a0b, s: 54929, e: 119089
2026-09-07 02:29:45.766265 RFHAL_KERNEL_BIN_TRACE_RX_ON RX ON -- AntPwr: -114, FreqCtrl: 0x380d5700, OF|AnaGi|AdcAttn|BQ|BWs: 0x07000700, dsp_corr: -13030
2026-09-07 02:29:45.767089 RFHAL_KERNEL_BIN_TRACE_RX_OFF RX OFF -- AntPwr: -114, prev W/NBPM: -92, -115, TF|AltADC|DCI/Q(Q5): 0x001a0b, s: 54922, e: 119082
2026-09-07 02:29:45.770263 RFHAL_KERNEL_BIN_TRACE_RX_ON RX ON -- AntPwr: -115, FreqCtrl: 0x380d5700, OF|AnaGi|AdcAttn|BQ|BWs: 0x07000700, dsp_corr: -13030
2026-09-07 02:29:45.771118 RFHAL_KERNEL_BIN_TRACE_RX_OFF RX OFF -- AntPwr: -115, prev W/NBPM: -93, -114, TF|AltADC|DCI/Q(Q5): 0x001a0b, s: 55939, e: 120099
2026-09-07 02:29:45.776275 RFHAL_KERNEL_BIN_TRACE_RX_ON RX ON -- AntPwr: -114, FreqCtrl: 0x380d5700, OF|AnaGi|AdcAttn|BQ|BWs: 0x07000700, dsp_corr: -13032
2026-09-07 02:29:45.777099 RFHAL_KERNEL_BIN_TRACE_RX_OFF RX OFF -- AntPwr: -114, prev W/NBPM: -93, -114, TF|AltADC|DCI/Q(Q5): 0x001a0b, s: 54931, e: 119091
2026-09-07 02:29:45.786254 RFHAL_KERNEL_BIN_TRACE_RX_ON RX ON -- AntPwr: -114, FreqCtrl: 0x380d5700, OF|AnaGi|AdcAttn|BQ|BWs: 0x07000700, dsp_corr: -13034
2026-09-07 02:29:45.787109 RFHAL_KERNEL_BIN_TRACE_RX_OFF RX OFF -- AntPwr: -114, prev W/NBPM: -93, -115, TF|AltADC|DCI/Q(Q5): 0x001a0b, s: 54920, e: 119080
2026-09-07 02:29:45.790252 RFHAL_KERNEL_BIN_TRACE_RX_ON RX ON -- AntPwr: -115, FreqCtrl: 0x380d5700, OF|AnaGi|AdcAttn|BQ|BWs: 0x07000700, dsp_corr: -13034
2026-09-07 02:29:45.791107 RFHAL_KERNEL_BIN_TRACE_RX_OFF RX OFF -- AntPwr: -115, prev W/NBPM: -93, -114, TF|AltADC|DCI/Q(Q5): 0x001a0b, s: 55939, e: 120099
2026-09-07 02:29:45.796264 RFHAL_KERNEL_BIN_TRACE_RX_ON RX ON -- AntPwr: -114, FreqCtrl: 0x380d5700, OF|AnaGi|AdcAttn|BQ|BWs: 0x07000700, dsp_corr: -13036
2026-09-07 02:29:45.797088 RFHAL_KERNEL_BIN_TRACE_RX_OFF RX OFF -- AntPwr: -114, prev W/NBPM: -93, -114, TF|AltADC|DCI/Q(Q5): 0x001a0b, s: 54930, e: 119090
2026-09-07 02:29:45.806274 RFHAL_KERNEL_BIN_TRACE_RX_ON RX ON -- AntPwr: -114, FreqCtrl: 0x380d5700, OF|AnaGi|AdcAttn|BQ|BWs: 0x07000700, dsp_corr: -13038
2026-09-07 02:29:45.807098 RFHAL_KERNEL_BIN_TRACE_RX_OFF RX OFF -- AntPwr: -114, prev W/NBPM: -93, -115, TF|AltADC|DCI/Q(Q5): 0x001a0c, s: 54922, e: 119082
2026-09-07 02:29:45.810272 RFHAL_KERNEL_BIN_TRACE_RX_ON RX ON -- AntPwr: -115, FreqCtrl: 0x380d5700, OF|AnaGi|AdcAttn|BQ|BWs: 0x07000700, dsp_corr: -13038
2026-09-07 02:29:45.811126 RFHAL_KERNEL_BIN_TRACE_RX_OFF RX OFF -- AntPwr: -115, prev W/NBPM: -93, -115, TF|AltADC|DCI/Q(Q5): 0x001a0c, s: 55940, e: 120100
2026-09-07 02:29:45.816253 RFHAL_KERNEL_BIN_TRACE_RX_ON RX ON -- AntPwr: -115, FreqCtrl: 0x380d5700, OF|AnaGi|AdcAttn|BQ|BWs: 0x07000700, dsp_corr: -13040
2026-09-07 02:29:45.817108 RFHAL_KERNEL_BIN_TRACE_RX_OFF RX OFF -- AntPwr: -115, prev W/NBPM: -93, -114, TF|AltADC|DCI/Q(Q5): 0x001a0b, s: 54927, e: 119087
2026-09-07 02:29:45.826263 RFHAL_KERNEL_BIN_TRACE_RX_ON RX ON -- AntPwr: -114, FreqCtrl: 0x380d5700, OF|AnaGi|AdcAttn|BQ|BWs: 0x07000700, dsp_corr: -13041
2026-09-07 02:29:45.827118 RFHAL_KERNEL_BIN_TRACE_RX_OFF RX OFF -- AntPwr: -114, prev W/NBPM: -92, -115, TF|AltADC|DCI/Q(Q5): 0x001a0b, s: 54920, e: 119080
2026-09-07 02:29:45.830261 RFHAL_KERNEL_BIN_TRACE_RX_ON RX ON -- AntPwr: -115, FreqCtrl: 0x380d5700, OF|AnaGi|AdcAttn|BQ|BWs: 0x07000700, dsp_corr: -13041
2026-09-07 02:29:45.831115 RFHAL_KERNEL_BIN_TRACE_RX_OFF RX OFF -- AntPwr: -115, prev W/NBPM: -92, -115, TF|AltADC|DCI/Q(Q5): 0x001a0b, s: 55938, e: 120098
2026-09-07 02:29:45.836273 RFHAL_KERNEL_BIN_TRACE_RX_ON RX ON -- AntPwr: -115, FreqCtrl: 0x380d5700, OF|AnaGi|AdcAttn|BQ|BWs: 0x07000700, dsp_corr: -13043
2026-09-07 02:29:45.837097 RFHAL_KERNEL_BIN_TRACE_RX_OFF RX OFF -- AntPwr: -115, prev W/NBPM: -93, -114, TF|AltADC|DCI/Q(Q5): 0x001a0b, s: 54930, e: 119090
2026-09-07 02:29:45.846252 RFHAL_KERNEL_BIN_TRACE_RX_ON RX ON -- AntPwr: -114, FreqCtrl: 0x380d5700, OF|AnaGi|AdcAttn|BQ|BWs: 0x07000700, dsp_corr: -13045
2026-09-07 02:29:45.847107 RFHAL_KERNEL_BIN_TRACE_RX_OFF RX OFF -- AntPwr: -114, prev W/NBPM: -93, -115, TF|AltADC|DCI/Q(Q5): 0x001a0b, s: 54917, e: 119077
2026-09-07 02:29:45.850280 RFHAL_KERNEL_BIN_TRACE_RX_ON RX ON -- AntPwr: -115, FreqCtrl: 0x380d5700, OF|AnaGi|AdcAttn|BQ|BWs: 0x07000700, dsp_corr: -13045
2026-09-07 02:29:45.851135 RFHAL_KERNEL_BIN_TRACE_RX_OFF RX OFF -- AntPwr: -115, prev W/NBPM: -93, -114, TF|AltADC|DCI/Q(Q5): 0x001a0b, s: 55936, e: 120096
2026-09-07 02:29:45.856262 RFHAL_KERNEL_BIN_TRACE_RX_ON RX ON -- AntPwr: -114, FreqCtrl: 0x380d5700, OF|AnaGi|AdcAttn|BQ|BWs: 0x07000700, dsp_corr: -13047
2026-09-07 02:29:45.857116 RFHAL_KERNEL_BIN_TRACE_RX_OFF RX OFF -- AntPwr: -114, prev W/NBPM: -92, -114, TF|AltADC|DCI/Q(Q5): 0x001a0b, s: 54930, e: 119090
2026-09-07 02:29:45.866272 RFHAL_KERNEL_BIN_TRACE_RX_ON RX ON -- AntPwr: -114, FreqCtrl: 0x380d5700, OF|AnaGi|AdcAttn|BQ|BWs: 0x07000700, dsp_corr: -13049
2026-09-07 02:29:45.867096 RFHAL_KERNEL_BIN_TRACE_RX_OFF RX OFF -- AntPwr: -114, prev W/NBPM: -93, -115, TF|AltADC|DCI/Q(Q5): 0x001a0b, s: 54918, e: 119078
2026-09-07 02:29:45.870269 RFHAL_KERNEL_BIN_TRACE_RX_ON RX ON -- AntPwr: -115, FreqCtrl: 0x380d5700, OF|AnaGi|AdcAttn|BQ|BWs: 0x07000700, dsp_corr: -13049
2026-09-07 02:29:45.871124 RFHAL_KERNEL_BIN_TRACE_RX_OFF RX OFF -- AntPwr: -115, prev W/NBPM: -93, -114, TF|AltADC|DCI/Q(Q5): 0x001a0b, s: 55941, e: 120101
2026-09-07 02:29:45.876281 RFHAL_KERNEL_BIN_TRACE_RX_ON RX ON -- AntPwr: -114, FreqCtrl: 0x380d5700, OF|AnaGi|AdcAttn|BQ|BWs: 0x07000700, dsp_corr: -13051
2026-09-07 02:29:45.877105 RFHAL_KERNEL_BIN_TRACE_RX_OFF RX OFF -- AntPwr: -114, prev W/NBPM: -93, -115, TF|AltADC|DCI/Q(Q5): 0x001a0b, s: 55192, e: 119352
2026-09-07 02:29:45.886261 RFHAL_KERNEL_BIN_TRACE_RX_ON RX ON -- AntPwr: -115, FreqCtrl: 0x380d5700, OF|AnaGi|AdcAttn|BQ|BWs: 0x07000700, dsp_corr: -13053
2026-09-07 02:29:45.887115 RFHAL_KERNEL_BIN_TRACE_RX_OFF RX OFF -- AntPwr: -115, prev W/NBPM: -93, -116, TF|AltADC|DCI/Q(Q5): 0x001a0b, s: 54440, e: 118600
2026-09-07 02:29:45.904083 RFHAL_KERNEL_BIN_TRACE_RX_ON RX ON -- AntPwr: -116, FreqCtrl: 0x380d5700, OF|AnaGi|AdcAttn|BQ|BWs: 0x07000700, dsp_corr: -13056
2026-09-07 02:29:45.924224 L1_DEFAULT_INFO_SERVING_CELL_MEASUREMENTS_SYNC_LOST earfcn: 229232, pci: 22, rsrp: N/A, rsrq: N/A, SNR: -22
2026-09-07 02:29:45.925079 RFHAL_KERNEL_BIN_TRACE_RX_OFF RX OFF -- AntPwr: -117, prev W/NBPM: -93, -114, TF|AltADC|DCI/Q(Q5): 0x001a0c, s: 39802, e: 1652605
2026-09-07 02:29:45.933288 RFHAL_KERNEL_BIN_TRACE_RX_ON RX ON -- AntPwr: -102, FreqCtrl: 0x380d5700, OF|AnaGi|AdcAttn|BQ|BWs: 0x07000700, dsp_corr: -13060
2026-09-07 02:29:45.974273 RFHAL_KERNEL_BIN_TRACE_RX_OFF RX OFF -- AntPwr: -115, prev W/NBPM: -93, -114, TF|AltADC|DCI/Q(Q5): 0x001a0b, s: 563026, e: 3711826
2026-09-07 02:29:45.974823 L1_DEFAULT_INFO_NEIGHBOR_CELL_MEASUREMENTS earfcn: 229232, pci: 22, rsrp: -145, rsrq: -29
2026-09-07 02:29:46.155090 RFHAL_KERNEL_BIN_TRACE_RX_ON RX ON -- AntPwr: -118, FreqCtrl: 0x380d5700, OF|AnaGi|AdcAttn|BQ|BWs: 0x07000700, dsp_corr: -13103
2026-09-07 02:29:46.195098 RFHAL_KERNEL_BIN_TRACE_RX_OFF RX OFF -- AntPwr: -118, prev W/NBPM: -93, -115, TF|AltADC|DCI/Q(Q5): 0x001a0b, s: 76429, e: 3148432
2026-09-07 02:29:46.197082 RFHAL_KERNEL_BIN_TRACE_RX_ON RX ON -- AntPwr: -118, FreqCtrl: 0x380d5700, OF|AnaGi|AdcAttn|BQ|BWs: 0x07000700, dsp_corr: -13110
2026-09-07 02:29:46.254089 RFHAL_KERNEL_BIN_TRACE_RX_OFF RX OFF -- AntPwr: -118, prev W/NBPM: -93, -116, TF|AltADC|DCI/Q(Q5): 0x001b0b, s: 40394, e: 4417997
2026-09-07 02:29:46.256103 RFHAL_KERNEL_BIN_TRACE_RX_ON RX ON -- AntPwr: -118, FreqCtrl: 0x380d5700, OF|AnaGi|AdcAttn|BQ|BWs: 0x07000700, dsp_corr: -13121
2026-09-07 02:29:46.294097 RFHAL_KERNEL_BIN_TRACE_RX_OFF RX OFF -- AntPwr: -117, prev W/NBPM: -93, -117, TF|AltADC|DCI/Q(Q5): 0x001a0b, s: 40494, e: 2958897
2026-09-07 02:29:46.296081 RFHAL_KERNEL_BIN_TRACE_RX_ON RX ON -- AntPwr: -117, FreqCtrl: 0x380d5700, OF|AnaGi|AdcAttn|BQ|BWs: 0x07000700, dsp_corr: -13129
2026-09-07 02:29:46.334106 RFHAL_KERNEL_BIN_TRACE_RX_OFF RX OFF -- AntPwr: -117, prev W/NBPM: -93, -114, TF|AltADC|DCI/Q(Q5): 0x001a0c, s: 40497, e: 2958900
2026-09-07 02:29:46.336090 RFHAL_KERNEL_BIN_TRACE_RX_ON RX ON -- AntPwr: -117, FreqCtrl: 0x380d5700, OF|AnaGi|AdcAttn|BQ|BWs: 0x07000700, dsp_corr: -13136
2026-09-07 02:29:46.374115 RFHAL_KERNEL_BIN_TRACE_RX_OFF RX OFF -- AntPwr: -118, prev W/NBPM: -93, -115, TF|AltADC|DCI/Q(Q5): 0x001a0b, s: 40496, e: 2958899
2026-09-07 02:29:46.666320 RFHAL_KERNEL_BIN_TRACE_RX_ON RX ON -- AntPwr: -118, FreqCtrl: 0x380d5700, OF|AnaGi|AdcAttn|BQ|BWs: 0x07000700, dsp_corr: -13198
2026-09-07 02:29:46.667114 RFHAL_KERNEL_BIN_TRACE_RX_OFF RX OFF -- AntPwr: -118, prev W/NBPM: -93, -115, TF|AltADC|DCI/Q(Q5): 0x001a0b, s: 96199, e: 157799
2026-09-07 02:29:46.670288 RFHAL_KERNEL_BIN_TRACE_RX_ON RX ON -- AntPwr: -115, FreqCtrl: 0x380d5700, OF|AnaGi|AdcAttn|BQ|BWs: 0x07000700, dsp_corr: -13198
2026-09-07 02:29:46.671173 RFHAL_KERNEL_BIN_TRACE_RX_OFF RX OFF -- AntPwr: -115, prev W/NBPM: -93, -115, TF|AltADC|DCI/Q(Q5): 0x001a0b, s: 55529, e: 119689
2026-09-07 02:29:46.676300 RFHAL_KERNEL_BIN_TRACE_RX_ON RX ON -- AntPwr: -115, FreqCtrl: 0x380d5700, OF|AnaGi|AdcAttn|BQ|BWs: 0x07000700, dsp_corr: -13200
2026-09-07 02:29:46.677154 RFHAL_KERNEL_BIN_TRACE_RX_OFF RX OFF -- AntPwr: -115, prev W/NBPM: -93, -115, TF|AltADC|DCI/Q(Q5): 0x001a0b, s: 55388, e: 119548
2026-09-07 02:29:46.686309 RFHAL_KERNEL_BIN_TRACE_RX_ON RX ON -- AntPwr: -115, FreqCtrl: 0x380d5700, OF|AnaGi|AdcAttn|BQ|BWs: 0x07000700, dsp_corr: -13202
2026-09-07 02:29:46.687133 RFHAL_KERNEL_BIN_TRACE_RX_OFF RX OFF -- AntPwr: -115, prev W/NBPM: -93, -114, TF|AltADC|DCI/Q(Q5): 0x001a0b, s: 55381, e: 119541
2026-09-07 02:29:46.690307 RFHAL_KERNEL_BIN_TRACE_RX_ON RX ON -- AntPwr: -114, FreqCtrl: 0x380d5700, OF|AnaGi|AdcAttn|BQ|BWs: 0x07000700, dsp_corr: -13202
2026-09-07 02:29:46.691162 RFHAL_KERNEL_BIN_TRACE_RX_OFF RX OFF -- AntPwr: -114, prev W/NBPM: -93, -114, TF|AltADC|DCI/Q(Q5): 0x001a0b, s: 56410, e: 120570
2026-09-07 02:29:46.696319 RFHAL_KERNEL_BIN_TRACE_RX_ON RX ON -- AntPwr: -114, FreqCtrl: 0x380d5700, OF|AnaGi|AdcAttn|BQ|BWs: 0x07000700, dsp_corr: -13204
2026-09-07 02:29:46.697143 RFHAL_KERNEL_BIN_TRACE_RX_OFF RX OFF -- AntPwr: -114, prev W/NBPM: -93, -116, TF|AltADC|DCI/Q(Q5): 0x001a0b, s: 55393, e: 119553
2026-09-07 02:29:46.706298 RFHAL_KERNEL_BIN_TRACE_RX_ON RX ON -- AntPwr: -116, FreqCtrl: 0x380d5700, OF|AnaGi|AdcAttn|BQ|BWs: 0x07000700, dsp_corr: -13206
2026-09-07 02:29:46.707153 RFHAL_KERNEL_BIN_TRACE_RX_OFF RX OFF -- AntPwr: -116, prev W/NBPM: -93, -117, TF|AltADC|DCI/Q(Q5): 0x001a0b, s: 55386, e: 119546
2026-09-07 02:29:46.710296 RFHAL_KERNEL_BIN_TRACE_RX_ON RX ON -- AntPwr: -117, FreqCtrl: 0x380d5700, OF|AnaGi|AdcAttn|BQ|BWs: 0x07000700, dsp_corr: -13206
2026-09-07 02:29:46.711151 RFHAL_KERNEL_BIN_TRACE_RX_OFF RX OFF -- AntPwr: -117, prev W/NBPM: -93, -114, TF|AltADC|DCI/Q(Q5): 0x001a0b, s: 56414, e: 120574
2026-09-07 02:29:46.716308 RFHAL_KERNEL_BIN_TRACE_RX_ON RX ON -- AntPwr: -114, FreqCtrl: 0x380d5700, OF|AnaGi|AdcAttn|BQ|BWs: 0x07000700, dsp_corr: -13208
2026-09-07 02:29:46.717132 RFHAL_KERNEL_BIN_TRACE_RX_OFF RX OFF -- AntPwr: -114, prev W/NBPM: -93, -113, TF|AltADC|DCI/Q(Q5): 0x001a0b, s: 55438, e: 119598
2026-09-07 02:29:46.726318 RFHAL_KERNEL_BIN_TRACE_RX_ON RX ON -- AntPwr: -113, FreqCtrl: 0x380d5700, OF|AnaGi|AdcAttn|BQ|BWs: 0x07000700, dsp_corr: -13209
2026-09-07 02:29:46.727142 RFHAL_KERNEL_BIN_TRACE_RX_OFF RX OFF -- AntPwr: -113, prev W/NBPM: -93, -115, TF|AltADC|DCI/Q(Q5): 0x001a0b, s: 55382, e: 119542
2026-09-07 02:29:46.730316 RFHAL_KERNEL_BIN_TRACE_RX_ON RX ON -- AntPwr: -115, FreqCtrl: 0x380d5700, OF|AnaGi|AdcAttn|BQ|BWs: 0x07000700, dsp_corr: -13209
2026-09-07 02:29:46.731170 RFHAL_KERNEL_BIN_TRACE_RX_OFF RX OFF -- AntPwr: -115, prev W/NBPM: -93, -115, TF|AltADC|DCI/Q(Q5): 0x001a0b, s: 56408, e: 120568
2026-09-07 02:29:46.736297 RFHAL_KERNEL_BIN_TRACE_RX_ON RX ON -- AntPwr: -115, FreqCtrl: 0x380d5700, OF|AnaGi|AdcAttn|BQ|BWs: 0x07000700, dsp_corr: -13211
2026-09-07 02:29:46.737152 RFHAL_KERNEL_BIN_TRACE_RX_OFF RX OFF -- AntPwr: -115, prev W/NBPM: -93, -114, TF|AltADC|DCI/Q(Q5): 0x001a0b, s: 55379, e: 119539
2026-09-07 02:29:46.746307 RFHAL_KERNEL_BIN_TRACE_RX_ON RX ON -- AntPwr: -114, FreqCtrl: 0x380d5700, OF|AnaGi|AdcAttn|BQ|BWs: 0x07000700, dsp_corr: -13213
2026-09-07 02:29:46.747131 RFHAL_KERNEL_BIN_TRACE_RX_OFF RX OFF -- AntPwr: -114, prev W/NBPM: -93, -115, TF|AltADC|DCI/Q(Q5): 0x001a0b, s: 55386, e: 119546
2026-09-07 02:29:46.750305 RFHAL_KERNEL_BIN_TRACE_RX_ON RX ON -- AntPwr: -115, FreqCtrl: 0x380d5700, OF|AnaGi|AdcAttn|BQ|BWs: 0x07000700, dsp_corr: -13213
2026-09-07 02:29:46.751159 RFHAL_KERNEL_BIN_TRACE_RX_OFF RX OFF -- AntPwr: -115, prev W/NBPM: -94, -114, TF|AltADC|DCI/Q(Q5): 0x001a0b, s: 56410, e: 120570
2026-09-07 02:29:46.756317 RFHAL_KERNEL_BIN_TRACE_RX_ON RX ON -- AntPwr: -114, FreqCtrl: 0x380d5700, OF|AnaGi|AdcAttn|BQ|BWs: 0x07000700, dsp_corr: -13215
2026-09-07 02:29:46.757141 RFHAL_KERNEL_BIN_TRACE_RX_OFF RX OFF -- AntPwr: -114, prev W/NBPM: -93, -113, TF|AltADC|DCI/Q(Q5): 0x001a0b, s: 55391, e: 119551
2026-09-07 02:29:46.766296 RFHAL_KERNEL_BIN_TRACE_RX_ON RX ON -- AntPwr: -113, FreqCtrl: 0x380d5700, OF|AnaGi|AdcAttn|BQ|BWs: 0x07000700, dsp_corr: -13217
2026-09-07 02:29:46.767150 RFHAL_KERNEL_BIN_TRACE_RX_OFF RX OFF -- AntPwr: -113, prev W/NBPM: -93, -115, TF|AltADC|DCI/Q(Q5): 0x001a0b, s: 55382, e: 119542
2026-09-07 02:29:46.770294 RFHAL_KERNEL_BIN_TRACE_RX_ON RX ON -- AntPwr: -115, FreqCtrl: 0x380d5700, OF|AnaGi|AdcAttn|BQ|BWs: 0x07000700, dsp_corr: -13217
2026-09-07 02:29:46.771148 RFHAL_KERNEL_BIN_TRACE_RX_OFF RX OFF -- AntPwr: -115, prev W/NBPM: -92, -114, TF|AltADC|DCI/Q(Q5): 0x001a0b, s: 56411, e: 120571
2026-09-07 02:29:46.776306 RFHAL_KERNEL_BIN_TRACE_RX_ON RX ON -- AntPwr: -114, FreqCtrl: 0x380d5700, OF|AnaGi|AdcAttn|BQ|BWs: 0x07000700, dsp_corr: -13219
2026-09-07 02:29:46.777160 RFHAL_KERNEL_BIN_TRACE_RX_OFF RX OFF -- AntPwr: -114, prev W/NBPM: -93, -115, TF|AltADC|DCI/Q(Q5): 0x001a0b, s: 55392, e: 119552
2026-09-07 02:29:46.786316 RFHAL_KERNEL_BIN_TRACE_RX_ON RX ON -- AntPwr: -115, FreqCtrl: 0x380d5700, OF|AnaGi|AdcAttn|BQ|BWs: 0x07000700, dsp_corr: -13220
2026-09-07 02:29:46.787139 RFHAL_KERNEL_BIN_TRACE_RX_OFF RX OFF -- AntPwr: -115, prev W/NBPM: -93, -114, TF|AltADC|DCI/Q(Q5): 0x001a0b, s: 55381, e: 119541
2026-09-07 02:29:46.790313 RFHAL_KERNEL_BIN_TRACE_RX_ON RX ON -- AntPwr: -114, FreqCtrl: 0x380d5700, OF|AnaGi|AdcAttn|BQ|BWs: 0x07000700, dsp_corr: -13220
2026-09-07 02:29:46.791168 RFHAL_KERNEL_BIN_TRACE_RX_OFF RX OFF -- AntPwr: -114, prev W/NBPM: -93, -114, TF|AltADC|DCI/Q(Q5): 0x001a0b, s: 56408, e: 120568
2026-09-07 02:29:46.796295 RFHAL_KERNEL_BIN_TRACE_RX_ON RX ON -- AntPwr: -114, FreqCtrl: 0x380d5700, OF|AnaGi|AdcAttn|BQ|BWs: 0x07000700, dsp_corr: -13222
2026-09-07 02:29:46.797149 RFHAL_KERNEL_BIN_TRACE_RX_OFF RX OFF -- AntPwr: -114, prev W/NBPM: -93, -115, TF|AltADC|DCI/Q(Q5): 0x001a0b, s: 55391, e: 119551
2026-09-07 02:29:46.806305 RFHAL_KERNEL_BIN_TRACE_RX_ON RX ON -- AntPwr: -115, FreqCtrl: 0x380d5700, OF|AnaGi|AdcAttn|BQ|BWs: 0x07000700, dsp_corr: -13224
2026-09-07 02:29:46.807159 RFHAL_KERNEL_BIN_TRACE_RX_OFF RX OFF -- AntPwr: -115, prev W/NBPM: -93, -114, TF|AltADC|DCI/Q(Q5): 0x001a0b, s: 55381, e: 119541
2026-09-07 02:29:46.810302 RFHAL_KERNEL_BIN_TRACE_RX_ON RX ON -- AntPwr: -114, FreqCtrl: 0x380d5700, OF|AnaGi|AdcAttn|BQ|BWs: 0x07000700, dsp_corr: -13224
2026-09-07 02:29:46.811157 RFHAL_KERNEL_BIN_TRACE_RX_OFF RX OFF -- AntPwr: -114, prev W/NBPM: -93, -115, TF|AltADC|DCI/Q(Q5): 0x001a0b, s: 56410, e: 120570
2026-09-07 02:29:46.816314 RFHAL_KERNEL_BIN_TRACE_RX_ON RX ON -- AntPwr: -115, FreqCtrl: 0x380d5700, OF|AnaGi|AdcAttn|BQ|BWs: 0x07000700, dsp_corr: -13226
2026-09-07 02:29:46.817138 RFHAL_KERNEL_BIN_TRACE_RX_OFF RX OFF -- AntPwr: -115, prev W/NBPM: -93, -114, TF|AltADC|DCI/Q(Q5): 0x001a0b, s: 55655, e: 119815
2026-09-07 02:29:46.826324 RFHAL_KERNEL_BIN_TRACE_RX_ON RX ON -- AntPwr: -114, FreqCtrl: 0x380d5700, OF|AnaGi|AdcAttn|BQ|BWs: 0x07000700, dsp_corr: -13228
2026-09-07 02:29:46.827148 RFHAL_KERNEL_BIN_TRACE_RX_OFF RX OFF -- AntPwr: -114, prev W/NBPM: -92, -115, TF|AltADC|DCI/Q(Q5): 0x001a0b, s: 54908, e: 119068
2026-09-07 02:29:46.837127 RFHAL_KERNEL_BIN_TRACE_RX_ON RX ON -- AntPwr: -115, FreqCtrl: 0x380d5700, OF|AnaGi|AdcAttn|BQ|BWs: 0x07000700, dsp_corr: -13230
2026-09-07 02:29:46.894134 RFHAL_KERNEL_BIN_TRACE_RX_OFF RX OFF -- AntPwr: -118, prev W/NBPM: -93, -114, TF|AltADC|DCI/Q(Q5): 0x001a0c, s: 39344, e: 4416947
2026-09-07 02:29:46.896118 RFHAL_KERNEL_BIN_TRACE_RX_ON RX ON -- AntPwr: -118, FreqCtrl: 0x380d5700, OF|AnaGi|AdcAttn|BQ|BWs: 0x07000700, dsp_corr: -13240
2026-09-07 02:29:46.934112 RFHAL_KERNEL_BIN_TRACE_RX_OFF RX OFF -- AntPwr: -118, prev W/NBPM: -93, -115, TF|AltADC|DCI/Q(Q5): 0x001a0c, s: 40487, e: 2958890
2026-09-07 02:29:46.936126 RFHAL_KERNEL_BIN_TRACE_RX_ON RX ON -- AntPwr: -118, FreqCtrl: 0x380d5700, OF|AnaGi|AdcAttn|BQ|BWs: 0x07000700, dsp_corr: -13248
2026-09-07 02:29:46.974121 RFHAL_KERNEL_BIN_TRACE_RX_OFF RX OFF -- AntPwr: -117, prev W/NBPM: -93, -114, TF|AltADC|DCI/Q(Q5): 0x001a0b, s: 40496, e: 2958899
2026-09-07 02:29:46.976135 RFHAL_KERNEL_BIN_TRACE_RX_ON RX ON -- AntPwr: -117, FreqCtrl: 0x380d5700, OF|AnaGi|AdcAttn|BQ|BWs: 0x07000700, dsp_corr: -13255
2026-09-07 02:29:47.014129 RFHAL_KERNEL_BIN_TRACE_RX_OFF RX OFF -- AntPwr: -118, prev W/NBPM: -93, -115, TF|AltADC|DCI/Q(Q5): 0x001a0b, s: 40498, e: 2958901
2026-09-07 02:29:47.142120 RFHAL_KERNEL_BIN_TRACE_RX_ON RX ON -- AntPwr: -118, FreqCtrl: 0x380d5700, OF|AnaGi|AdcAttn|BQ|BWs: 0x07000700, dsp_corr: -13286
2026-09-07 02:29:47.182128 RFHAL_KERNEL_BIN_TRACE_RX_OFF RX OFF -- AntPwr: -117, prev W/NBPM: -93, -115, TF|AltADC|DCI/Q(Q5): 0x001b0b, s: 77193, e: 3149196
2026-09-07 02:29:47.184143 RFHAL_KERNEL_BIN_TRACE_RX_ON RX ON -- AntPwr: -117, FreqCtrl: 0x380d5700, OF|AnaGi|AdcAttn|BQ|BWs: 0x07000700, dsp_corr: -13293
2026-09-07 02:29:47.204284 L1_DEFAULT_INFO_SERVING_CELL_MEASUREMENTS_SYNC_LOST earfcn: 229232, pci: 22, rsrp: N/A, rsrq: N/A, SNR: -23
2026-09-07 02:29:47.205139 RFHAL_KERNEL_BIN_TRACE_RX_OFF RX OFF -- AntPwr: -119, prev W/NBPM: -93, -114, TF|AltADC|DCI/Q(Q5): 0x001a0b, s: 40456, e: 1653259
2026-09-07 02:29:47.213317 RFHAL_KERNEL_BIN_TRACE_RX_ON RX ON -- AntPwr: -103, FreqCtrl: 0x380d5700, OF|AnaGi|AdcAttn|BQ|BWs: 0x07000700, dsp_corr: -13289
2026-09-07 02:29:47.254333 RFHAL_KERNEL_BIN_TRACE_RX_OFF RX OFF -- AntPwr: -115, prev W/NBPM: -93, -115, TF|AltADC|DCI/Q(Q5): 0x001a0c, s: 563014, e: 3711814
2026-09-07 02:29:47.254882 L1_DEFAULT_INFO_NEIGHBOR_CELL_MEASUREMENTS earfcn: 229232, pci: 22, rsrp: -138, rsrq: -22
2026-09-07 02:29:47.435150 RFHAL_KERNEL_BIN_TRACE_RX_ON RX ON -- AntPwr: -120, FreqCtrl: 0x380d5700, OF|AnaGi|AdcAttn|BQ|BWs: 0x07000700, dsp_corr: -13331
2026-09-07 02:29:47.475158 RFHAL_KERNEL_BIN_TRACE_RX_OFF RX OFF -- AntPwr: -118, prev W/NBPM: -93, -115, TF|AltADC|DCI/Q(Q5): 0x001b0c, s: 78323, e: 3150326
2026-09-07 02:29:47.477142 RFHAL_KERNEL_BIN_TRACE_RX_ON RX ON -- AntPwr: -118, FreqCtrl: 0x380d5700, OF|AnaGi|AdcAttn|BQ|BWs: 0x07000700, dsp_corr: -13338
2026-09-07 02:29:47.534149 RFHAL_KERNEL_BIN_TRACE_RX_OFF RX OFF -- AntPwr: -117, prev W/NBPM: -93, -115, TF|AltADC|DCI/Q(Q5): 0x001a0c, s: 40415, e: 4418018
2026-09-07 02:29:47.536163 RFHAL_KERNEL_BIN_TRACE_RX_ON RX ON -- AntPwr: -117, FreqCtrl: 0x380d5700, OF|AnaGi|AdcAttn|BQ|BWs: 0x07000700, dsp_corr: -13349
2026-09-07 02:29:47.574157 RFHAL_KERNEL_BIN_TRACE_RX_OFF RX OFF -- AntPwr: -117, prev W/NBPM: -93, -114, TF|AltADC|DCI/Q(Q5): 0x001a0c, s: 40497, e: 2958900
2026-09-07 02:29:47.576141 RFHAL_KERNEL_BIN_TRACE_RX_ON RX ON -- AntPwr: -117, FreqCtrl: 0x380d5700, OF|AnaGi|AdcAttn|BQ|BWs: 0x07000700, dsp_corr: -13356
2026-09-07 02:29:47.614166 RFHAL_KERNEL_BIN_TRACE_RX_OFF RX OFF -- AntPwr: -118, prev W/NBPM: -93, -115, TF|AltADC|DCI/Q(Q5): 0x001a0c, s: 40494, e: 2958897
2026-09-07 02:29:47.616149 RFHAL_KERNEL_BIN_TRACE_RX_ON RX ON -- AntPwr: -118, FreqCtrl: 0x380d5700, OF|AnaGi|AdcAttn|BQ|BWs: 0x07000700, dsp_corr: -13364
2026-09-07 02:29:47.654144 RFHAL_KERNEL_BIN_TRACE_RX_OFF RX OFF -- AntPwr: -117, prev W/NBPM: -93, -115, TF|AltADC|DCI/Q(Q5): 0x001a0c, s: 40496, e: 2958899
2026-09-07 02:29:47.946380 RFHAL_KERNEL_BIN_TRACE_RX_ON RX ON -- AntPwr: -118, FreqCtrl: 0x380d5700, OF|AnaGi|AdcAttn|BQ|BWs: 0x07000700, dsp_corr: -13434
2026-09-07 02:29:47.947174 RFHAL_KERNEL_BIN_TRACE_RX_OFF RX OFF -- AntPwr: -118, prev W/NBPM: -92, -114, TF|AltADC|DCI/Q(Q5): 0x001a0c, s: 101066, e: 162666
2026-09-07 02:29:47.950347 RFHAL_KERNEL_BIN_TRACE_RX_ON RX ON -- AntPwr: -114, FreqCtrl: 0x380d5700, OF|AnaGi|AdcAttn|BQ|BWs: 0x07000700, dsp_corr: -13434
2026-09-07 02:29:47.951202 RFHAL_KERNEL_BIN_TRACE_RX_OFF RX OFF -- AntPwr: -114, prev W/NBPM: -93, -115, TF|AltADC|DCI/Q(Q5): 0x001a0c, s: 55779, e: 119939
2026-09-07 02:29:47.956359 RFHAL_KERNEL_BIN_TRACE_RX_ON RX ON -- AntPwr: -115, FreqCtrl: 0x380d5700, OF|AnaGi|AdcAttn|BQ|BWs: 0x07000700, dsp_corr: -13435
2026-09-07 02:29:47.957183 RFHAL_KERNEL_BIN_TRACE_RX_OFF RX OFF -- AntPwr: -115, prev W/NBPM: -93, -114, TF|AltADC|DCI/Q(Q5): 0x001a0c, s: 55569, e: 119729
2026-09-07 02:29:47.960632 APDU_TRANSPORT_DONE_INFO [80f2000c]
2026-09-07 02:29:47.966369 APDU_TRANSPORT_DONE_INFO [9000]
2026-09-07 02:29:47.966369 RFHAL_KERNEL_BIN_TRACE_RX_ON RX ON -- AntPwr: -114, FreqCtrl: 0x380d5700, OF|AnaGi|AdcAttn|BQ|BWs: 0x07000700, dsp_corr: -13437
2026-09-07 02:29:47.967193 RFHAL_KERNEL_BIN_TRACE_RX_OFF RX OFF -- AntPwr: -114, prev W/NBPM: -93, -115, TF|AltADC|DCI/Q(Q5): 0x001a0b, s: 55348, e: 119508
2026-09-07 02:29:47.970367 RFHAL_KERNEL_BIN_TRACE_RX_ON RX ON -- AntPwr: -115, FreqCtrl: 0x380d5700, OF|AnaGi|AdcAttn|BQ|BWs: 0x07000700, dsp_corr: -13437
2026-09-07 02:29:47.971222 RFHAL_KERNEL_BIN_TRACE_RX_OFF RX OFF -- AntPwr: -115, prev W/NBPM: -93, -116, TF|AltADC|DCI/Q(Q5): 0x001a0b, s: 56412, e: 120572
2026-09-07 02:29:47.976348 RFHAL_KERNEL_BIN_TRACE_RX_ON RX ON -- AntPwr: -116, FreqCtrl: 0x380d5700, OF|AnaGi|AdcAttn|BQ|BWs: 0x07000700, dsp_corr: -13439
2026-09-07 02:29:47.977203 RFHAL_KERNEL_BIN_TRACE_RX_OFF RX OFF -- AntPwr: -116, prev W/NBPM: -93, -115, TF|AltADC|DCI/Q(Q5): 0x001a0b, s: 55395, e: 119555
2026-09-07 02:29:47.986358 RFHAL_KERNEL_BIN_TRACE_RX_ON RX ON -- AntPwr: -115, FreqCtrl: 0x380d5700, OF|AnaGi|AdcAttn|BQ|BWs: 0x07000700, dsp_corr: -13441
2026-09-07 02:29:47.987213 RFHAL_KERNEL_BIN_TRACE_RX_OFF RX OFF -- AntPwr: -115, prev W/NBPM: -93, -114, TF|AltADC|DCI/Q(Q5): 0x001a0b, s: 55381, e: 119541
2026-09-07 02:29:47.990356 RFHAL_KERNEL_BIN_TRACE_RX_ON RX ON -- AntPwr: -114, FreqCtrl: 0x380d5700, OF|AnaGi|AdcAttn|BQ|BWs: 0x07000700, dsp_corr: -13441
2026-09-07 02:29:47.991211 RFHAL_KERNEL_BIN_TRACE_RX_OFF RX OFF -- AntPwr: -114, prev W/NBPM: -93, -115, TF|AltADC|DCI/Q(Q5): 0x001a0b, s: 56409, e: 120569
2026-09-07 02:29:47.996368 RFHAL_KERNEL_BIN_TRACE_RX_ON RX ON -- AntPwr: -115, FreqCtrl: 0x380d5700, OF|AnaGi|AdcAttn|BQ|BWs: 0x07000700, dsp_corr: -13443
2026-09-07 02:29:47.997192 RFHAL_KERNEL_BIN_TRACE_RX_OFF RX OFF -- AntPwr: -115, prev W/NBPM: -93, -113, TF|AltADC|DCI/Q(Q5): 0x001a0b, s: 55389, e: 119549
2026-09-07 02:29:48.006378 RFHAL_KERNEL_BIN_TRACE_RX_ON RX ON -- AntPwr: -113, FreqCtrl: 0x380d5700, OF|AnaGi|AdcAttn|BQ|BWs: 0x07000700, dsp_corr: -13445
2026-09-07 02:29:48.007202 RFHAL_KERNEL_BIN_TRACE_RX_OFF RX OFF -- AntPwr: -113, prev W/NBPM: -93, -116, TF|AltADC|DCI/Q(Q5): 0x001a0b, s: 55383, e: 119543
2026-09-07 02:29:48.010376 RFHAL_KERNEL_BIN_TRACE_RX_ON RX ON -- AntPwr: -116, FreqCtrl: 0x380d5700, OF|AnaGi|AdcAttn|BQ|BWs: 0x07000700, dsp_corr: -13445
2026-09-07 02:29:48.011230 RFHAL_KERNEL_BIN_TRACE_RX_OFF RX OFF -- AntPwr: -116, prev W/NBPM: -93, -115, TF|AltADC|DCI/Q(Q5): 0x001a0b, s: 56408, e: 120568
2026-09-07 02:29:48.016357 RFHAL_KERNEL_BIN_TRACE_RX_ON RX ON -- AntPwr: -115, FreqCtrl: 0x380d5700, OF|AnaGi|AdcAttn|BQ|BWs: 0x07000700, dsp_corr: -13446
2026-09-07 02:29:48.017211 RFHAL_KERNEL_BIN_TRACE_RX_OFF RX OFF -- AntPwr: -115, prev W/NBPM: -93, -114, TF|AltADC|DCI/Q(Q5): 0x001a0b, s: 55389, e: 119549
2026-09-07 02:29:48.026367 RFHAL_KERNEL_BIN_TRACE_RX_ON RX ON -- AntPwr: -114, FreqCtrl: 0x380d5700, OF|AnaGi|AdcAttn|BQ|BWs: 0x07000700, dsp_corr: -13448
2026-09-07 02:29:48.027191 RFHAL_KERNEL_BIN_TRACE_RX_OFF RX OFF -- AntPwr: -114, prev W/NBPM: -93, -115, TF|AltADC|DCI/Q(Q5): 0x001a0b, s: 55386, e: 119546
2026-09-07 02:29:48.030365 RFHAL_KERNEL_BIN_TRACE_RX_ON RX ON -- AntPwr: -115, FreqCtrl: 0x380d5700, OF|AnaGi|AdcAttn|BQ|BWs: 0x07000700, dsp_corr: -13448
2026-09-07 02:29:48.031219 RFHAL_KERNEL_BIN_TRACE_RX_OFF RX OFF -- AntPwr: -115, prev W/NBPM: -93, -115, TF|AltADC|DCI/Q(Q5): 0x001a0b, s: 56410, e: 120570
2026-09-07 02:29:48.036377 RFHAL_KERNEL_BIN_TRACE_RX_ON RX ON -- AntPwr: -115, FreqCtrl: 0x380d5700, OF|AnaGi|AdcAttn|BQ|BWs: 0x07000700, dsp_corr: -13450
2026-09-07 02:29:48.037201 RFHAL_KERNEL_BIN_TRACE_RX_OFF RX OFF -- AntPwr: -115, prev W/NBPM: -93, -116, TF|AltADC|DCI/Q(Q5): 0x001a0b, s: 55388, e: 119548
2026-09-07 02:29:48.046356 RFHAL_KERNEL_BIN_TRACE_RX_ON RX ON -- AntPwr: -116, FreqCtrl: 0x380d5700, OF|AnaGi|AdcAttn|BQ|BWs: 0x07000700, dsp_corr: -13452
2026-09-07 02:29:48.047210 RFHAL_KERNEL_BIN_TRACE_RX_OFF RX OFF -- AntPwr: -116, prev W/NBPM: -93, -116, TF|AltADC|DCI/Q(Q5): 0x001a0b, s: 55383, e: 119543
2026-09-07 02:29:48.050354 RFHAL_KERNEL_BIN_TRACE_RX_ON RX ON -- AntPwr: -116, FreqCtrl: 0x380d5700, OF|AnaGi|AdcAttn|BQ|BWs: 0x07000700, dsp_corr: -13452
2026-09-07 02:29:48.051208 RFHAL_KERNEL_BIN_TRACE_RX_OFF RX OFF -- AntPwr: -116, prev W/NBPM: -92, -116, TF|AltADC|DCI/Q(Q5): 0x001a0b, s: 56408, e: 120568
2026-09-07 02:29:48.056366 RFHAL_KERNEL_BIN_TRACE_RX_ON RX ON -- AntPwr: -116, FreqCtrl: 0x380d5700, OF|AnaGi|AdcAttn|BQ|BWs: 0x07000700, dsp_corr: -13454
2026-09-07 02:29:48.057190 RFHAL_KERNEL_BIN_TRACE_RX_OFF RX OFF -- AntPwr: -116, prev W/NBPM: -93, -113, TF|AltADC|DCI/Q(Q5): 0x001a0b, s: 55393, e: 119553
2026-09-07 02:29:48.066375 RFHAL_KERNEL_BIN_TRACE_RX_ON RX ON -- AntPwr: -113, FreqCtrl: 0x380d5700, OF|AnaGi|AdcAttn|BQ|BWs: 0x07000700, dsp_corr: -13455
2026-09-07 02:29:48.067199 RFHAL_KERNEL_BIN_TRACE_RX_OFF RX OFF -- AntPwr: -113, prev W/NBPM: -93, -116, TF|AltADC|DCI/Q(Q5): 0x001a0b, s: 55381, e: 119541
2026-09-07 02:29:48.070373 RFHAL_KERNEL_BIN_TRACE_RX_ON RX ON -- AntPwr: -116, FreqCtrl: 0x380d5700, OF|AnaGi|AdcAttn|BQ|BWs: 0x07000700, dsp_corr: -13455
2026-09-07 02:29:48.071228 RFHAL_KERNEL_BIN_TRACE_RX_OFF RX OFF -- AntPwr: -116, prev W/NBPM: -93, -115, TF|AltADC|DCI/Q(Q5): 0x001a0b, s: 56409, e: 120569
2026-09-07 02:29:48.076355 RFHAL_KERNEL_BIN_TRACE_RX_ON RX ON -- AntPwr: -115, FreqCtrl: 0x380d5700, OF|AnaGi|AdcAttn|BQ|BWs: 0x07000700, dsp_corr: -13457
2026-09-07 02:29:48.077209 RFHAL_KERNEL_BIN_TRACE_RX_OFF RX OFF -- AntPwr: -115, prev W/NBPM: -92, -116, TF|AltADC|DCI/Q(Q5): 0x001a0b, s: 55394, e: 119554
2026-09-07 02:29:48.086364 RFHAL_KERNEL_BIN_TRACE_RX_ON RX ON -- AntPwr: -116, FreqCtrl: 0x380d5700, OF|AnaGi|AdcAttn|BQ|BWs: 0x07000700, dsp_corr: -13459
2026-09-07 02:29:48.087219 RFHAL_KERNEL_BIN_TRACE_RX_OFF RX OFF -- AntPwr: -116, prev W/NBPM: -93, -115, TF|AltADC|DCI/Q(Q5): 0x001a0b, s: 55385, e: 119545
2026-09-07 02:29:48.090362 RFHAL_KERNEL_BIN_TRACE_RX_ON RX ON -- AntPwr: -115, FreqCtrl: 0x380d5700, OF|AnaGi|AdcAttn|BQ|BWs: 0x07000700, dsp_corr: -13459
2026-09-07 02:29:48.091217 RFHAL_KERNEL_BIN_TRACE_RX_OFF RX OFF -- AntPwr: -115, prev W/NBPM: -93, -116, TF|AltADC|DCI/Q(Q5): 0x001a0b, s: 56408, e: 120568
2026-09-07 02:29:48.096374 RFHAL_KERNEL_BIN_TRACE_RX_ON RX ON -- AntPwr: -116, FreqCtrl: 0x380d5700, OF|AnaGi|AdcAttn|BQ|BWs: 0x07000700, dsp_corr: -13461
2026-09-07 02:29:48.097198 RFHAL_KERNEL_BIN_TRACE_RX_OFF RX OFF -- AntPwr: -116, prev W/NBPM: -93, -115, TF|AltADC|DCI/Q(Q5): 0x001a0b, s: 55658, e: 119818
2026-09-07 02:29:48.106353 RFHAL_KERNEL_BIN_TRACE_RX_ON RX ON -- AntPwr: -115, FreqCtrl: 0x380d5700, OF|AnaGi|AdcAttn|BQ|BWs: 0x07000700, dsp_corr: -13463
2026-09-07 02:29:48.107208 RFHAL_KERNEL_BIN_TRACE_RX_OFF RX OFF -- AntPwr: -115, prev W/NBPM: -93, -115, TF|AltADC|DCI/Q(Q5): 0x001a0b, s: 54904, e: 119064
2026-09-07 02:29:48.117187 RFHAL_KERNEL_BIN_TRACE_RX_ON RX ON -- AntPwr: -115, FreqCtrl: 0x380d5700, OF|AnaGi|AdcAttn|BQ|BWs: 0x07000700, dsp_corr: -13465
2026-09-07 02:29:48.174194 RFHAL_KERNEL_BIN_TRACE_RX_OFF RX OFF -- AntPwr: -117, prev W/NBPM: -93, -114, TF|AltADC|DCI/Q(Q5): 0x001a0c, s: 39465, e: 4417068
2026-09-07 02:29:48.176178 RFHAL_KERNEL_BIN_TRACE_RX_ON RX ON -- AntPwr: -118, FreqCtrl: 0x380d5700, OF|AnaGi|AdcAttn|BQ|BWs: 0x07000700, dsp_corr: -13485
2026-09-07 02:29:48.214172 RFHAL_KERNEL_BIN_TRACE_RX_OFF RX OFF -- AntPwr: -118, prev W/NBPM: -93, -115, TF|AltADC|DCI/Q(Q5): 0x001a0c, s: 40499, e: 2958902
2026-09-07 02:29:48.216186 RFHAL_KERNEL_BIN_TRACE_RX_ON RX ON -- AntPwr: -118, FreqCtrl: 0x380d5700, OF|AnaGi|AdcAttn|BQ|BWs: 0x07000700, dsp_corr: -13492
2026-09-07 02:29:48.254180 RFHAL_KERNEL_BIN_TRACE_RX_OFF RX OFF -- AntPwr: -117, prev W/NBPM: -93, -116, TF|AltADC|DCI/Q(Q5): 0x001a0c, s: 40497, e: 2958900
2026-09-07 02:29:48.256195 RFHAL_KERNEL_BIN_TRACE_RX_ON RX ON -- AntPwr: -117, FreqCtrl: 0x380d5700, OF|AnaGi|AdcAttn|BQ|BWs: 0x07000700, dsp_corr: -13499
2026-09-07 02:29:48.294189 RFHAL_KERNEL_BIN_TRACE_RX_OFF RX OFF -- AntPwr: -119, prev W/NBPM: -92, -115, TF|AltADC|DCI/Q(Q5): 0x001a0b, s: 40512, e: 2958915
2026-09-07 02:29:48.422180 RFHAL_KERNEL_BIN_TRACE_RX_ON RX ON -- AntPwr: -118, FreqCtrl: 0x380d5700, OF|AnaGi|AdcAttn|BQ|BWs: 0x07000700, dsp_corr: -13530
2026-09-07 02:29:48.462188 RFHAL_KERNEL_BIN_TRACE_RX_OFF RX OFF -- AntPwr: -117, prev W/NBPM: -93, -115, TF|AltADC|DCI/Q(Q5): 0x001a0c, s: 75269, e: 3147272
2026-09-07 02:29:48.464202 RFHAL_KERNEL_BIN_TRACE_RX_ON RX ON -- AntPwr: -117, FreqCtrl: 0x380d5700, OF|AnaGi|AdcAttn|BQ|BWs: 0x07000700, dsp_corr: -13527
2026-09-07 02:29:48.484344 L1_DEFAULT_INFO_SERVING_CELL_MEASUREMENTS_SYNC_LOST earfcn: 229232, pci: 22, rsrp: N/A, rsrq: N/A, SNR: -23
2026-09-07 02:29:48.485199 RFHAL_KERNEL_BIN_TRACE_RX_OFF RX OFF -- AntPwr: -118, prev W/NBPM: -93, -115, TF|AltADC|DCI/Q(Q5): 0x001a0c, s: 40459, e: 1653262
2026-09-07 02:29:48.493377 RFHAL_KERNEL_BIN_TRACE_RX_ON RX ON -- AntPwr: -104, FreqCtrl: 0x380d5700, OF|AnaGi|AdcAttn|BQ|BWs: 0x07000700, dsp_corr: -13531
2026-09-07 02:29:48.534393 RFHAL_KERNEL_BIN_TRACE_RX_OFF RX OFF -- AntPwr: -114, prev W/NBPM: -92, -114, TF|AltADC|DCI/Q(Q5): 0x001a0c, s: 563017, e: 3711817
2026-09-07 02:29:48.534942 L1_DEFAULT_INFO_NEIGHBOR_CELL_MEASUREMENTS earfcn: 229232, pci: 22, rsrp: -138, rsrq: -22
2026-09-07 02:29:48.715210 RFHAL_KERNEL_BIN_TRACE_RX_ON RX ON -- AntPwr: -118, FreqCtrl: 0x380d5700, OF|AnaGi|AdcAttn|BQ|BWs: 0x07000700, dsp_corr: -13573
2026-09-07 02:29:48.755218 RFHAL_KERNEL_BIN_TRACE_RX_OFF RX OFF -- AntPwr: -118, prev W/NBPM: -93, -114, TF|AltADC|DCI/Q(Q5): 0x001a0c, s: 78207, e: 3150210
2026-09-07 02:29:48.757202 RFHAL_KERNEL_BIN_TRACE_RX_ON RX ON -- AntPwr: -118, FreqCtrl: 0x380d5700, OF|AnaGi|AdcAttn|BQ|BWs: 0x07000700, dsp_corr: -13571
2026-09-07 02:29:48.814209 RFHAL_KERNEL_BIN_TRACE_RX_OFF RX OFF -- AntPwr: -118, prev W/NBPM: -92, -114, TF|AltADC|DCI/Q(Q5): 0x001a0c, s: 40419, e: 4418022
2026-09-07 02:29:48.816223 RFHAL_KERNEL_BIN_TRACE_RX_ON RX ON -- AntPwr: -118, FreqCtrl: 0x380d5700, OF|AnaGi|AdcAttn|BQ|BWs: 0x07000700, dsp_corr: -13562
2026-09-07 02:29:48.854217 RFHAL_KERNEL_BIN_TRACE_RX_OFF RX OFF -- AntPwr: -118, prev W/NBPM: -93, -116, TF|AltADC|DCI/Q(Q5): 0x001a0c, s: 40496, e: 2958899
2026-09-07 02:29:48.856201 RFHAL_KERNEL_BIN_TRACE_RX_ON RX ON -- AntPwr: -118, FreqCtrl: 0x380d5700, OF|AnaGi|AdcAttn|BQ|BWs: 0x07000700, dsp_corr: -13559
2026-09-07 02:29:48.894226 RFHAL_KERNEL_BIN_TRACE_RX_OFF RX OFF -- AntPwr: -118, prev W/NBPM: -93, -115, TF|AltADC|DCI/Q(Q5): 0x001a0c, s: 40511, e: 2958914
2026-09-07 02:29:48.896209 RFHAL_KERNEL_BIN_TRACE_RX_ON RX ON -- AntPwr: -118, FreqCtrl: 0x380d5700, OF|AnaGi|AdcAttn|BQ|BWs: 0x07000700, dsp_corr: -13556
2026-09-07 02:29:48.934204 RFHAL_KERNEL_BIN_TRACE_RX_OFF RX OFF -- AntPwr: -118, prev W/NBPM: -93, -116, TF|AltADC|DCI/Q(Q5): 0x001a0c, s: 40497, e: 2958900
2026-09-07 02:29:49.226440 RFHAL_KERNEL_BIN_TRACE_RX_ON RX ON -- AntPwr: -118, FreqCtrl: 0x380d5700, OF|AnaGi|AdcAttn|BQ|BWs: 0x07000700, dsp_corr: -13606
2026-09-07 02:29:49.227233 RFHAL_KERNEL_BIN_TRACE_RX_OFF RX OFF -- AntPwr: -118, prev W/NBPM: -93, -113, TF|AltADC|DCI/Q(Q5): 0x001a0c, s: 96108, e: 157708
2026-09-07 02:29:49.230407 RFHAL_KERNEL_BIN_TRACE_RX_ON RX ON -- AntPwr: -113, FreqCtrl: 0x380d5700, OF|AnaGi|AdcAttn|BQ|BWs: 0x07000700, dsp_corr: -13606
2026-09-07 02:29:49.231262 RFHAL_KERNEL_BIN_TRACE_RX_OFF RX OFF -- AntPwr: -113, prev W/NBPM: -93, -116, TF|AltADC|DCI/Q(Q5): 0x001a0c, s: 55529, e: 119689
2026-09-07 02:29:49.236419 RFHAL_KERNEL_BIN_TRACE_RX_ON RX ON -- AntPwr: -116, FreqCtrl: 0x380d5700, OF|AnaGi|AdcAttn|BQ|BWs: 0x07000700, dsp_corr: -13607
2026-09-07 02:29:49.237243 RFHAL_KERNEL_BIN_TRACE_RX_OFF RX OFF -- AntPwr: -116, prev W/NBPM: -92, -115, TF|AltADC|DCI/Q(Q5): 0x001a0c, s: 55391, e: 119551
2026-09-07 02:29:49.246429 RFHAL_KERNEL_BIN_TRACE_RX_ON RX ON -- AntPwr: -115, FreqCtrl: 0x380d5700, OF|AnaGi|AdcAttn|BQ|BWs: 0x07000700, dsp_corr: -13609
2026-09-07 02:29:49.247253 RFHAL_KERNEL_BIN_TRACE_RX_OFF RX OFF -- AntPwr: -115, prev W/NBPM: -93, -115, TF|AltADC|DCI/Q(Q5): 0x001a0c, s: 55382, e: 119542
2026-09-07 02:29:49.250427 RFHAL_KERNEL_BIN_TRACE_RX_ON RX ON -- AntPwr: -115, FreqCtrl: 0x380d5700, OF|AnaGi|AdcAttn|BQ|BWs: 0x07000700, dsp_corr: -13609
2026-09-07 02:29:49.251281 RFHAL_KERNEL_BIN_TRACE_RX_OFF RX OFF -- AntPwr: -115, prev W/NBPM: -93, -115, TF|AltADC|DCI/Q(Q5): 0x001a0c, s: 56409, e: 120569
2026-09-07 02:29:49.256408 RFHAL_KERNEL_BIN_TRACE_RX_ON RX ON -- AntPwr: -115, FreqCtrl: 0x380d5700, OF|AnaGi|AdcAttn|BQ|BWs: 0x07000700, dsp_corr: -13611
2026-09-07 02:29:49.257263 RFHAL_KERNEL_BIN_TRACE_RX_OFF RX OFF -- AntPwr: -115, prev W/NBPM: -93, -114, TF|AltADC|DCI/Q(Q5): 0x001a0c, s: 55394, e: 119554
2026-09-07 02:29:49.266418 RFHAL_KERNEL_BIN_TRACE_RX_ON RX ON -- AntPwr: -114, FreqCtrl: 0x380d5700, OF|AnaGi|AdcAttn|BQ|BWs: 0x07000700, dsp_corr: -13613
2026-09-07 02:29:49.267273 RFHAL_KERNEL_BIN_TRACE_RX_OFF RX OFF -- AntPwr: -114, prev W/NBPM: -93, -114, TF|AltADC|DCI/Q(Q5): 0x001a0c, s: 55382, e: 119542
2026-09-07 02:29:49.270416 RFHAL_KERNEL_BIN_TRACE_RX_ON RX ON -- AntPwr: -114, FreqCtrl: 0x380d5700, OF|AnaGi|AdcAttn|BQ|BWs: 0x07000700, dsp_corr: -13613
2026-09-07 02:29:49.271270 RFHAL_KERNEL_BIN_TRACE_RX_OFF RX OFF -- AntPwr: -114, prev W/NBPM: -93, -114, TF|AltADC|DCI/Q(Q5): 0x001a0c, s: 56411, e: 120571
2026-09-07 02:29:49.276428 RFHAL_KERNEL_BIN_TRACE_RX_ON RX ON -- AntPwr: -114, FreqCtrl: 0x380d5700, OF|AnaGi|AdcAttn|BQ|BWs: 0x07000700, dsp_corr: -13615
2026-09-07 02:29:49.277252 RFHAL_KERNEL_BIN_TRACE_RX_OFF RX OFF -- AntPwr: -114, prev W/NBPM: -93, -115, TF|AltADC|DCI/Q(Q5): 0x001a0c, s: 55392, e: 119552
2026-09-07 02:29:49.286407 RFHAL_KERNEL_BIN_TRACE_RX_ON RX ON -- AntPwr: -115, FreqCtrl: 0x380d5700, OF|AnaGi|AdcAttn|BQ|BWs: 0x07000700, dsp_corr: -13616
2026-09-07 02:29:49.287262 RFHAL_KERNEL_BIN_TRACE_RX_OFF RX OFF -- AntPwr: -115, prev W/NBPM: -93, -115, TF|AltADC|DCI/Q(Q5): 0x001a0b, s: 55385, e: 119545
2026-09-07 02:29:49.290435 RFHAL_KERNEL_BIN_TRACE_RX_ON RX ON -- AntPwr: -115, FreqCtrl: 0x380d5700, OF|AnaGi|AdcAttn|BQ|BWs: 0x07000700, dsp_corr: -13616
2026-09-07 02:29:49.291290 RFHAL_KERNEL_BIN_TRACE_RX_OFF RX OFF -- AntPwr: -115, prev W/NBPM: -93, -116, TF|AltADC|DCI/Q(Q5): 0x001a0c, s: 56408, e: 120568
2026-09-07 02:29:49.296417 RFHAL_KERNEL_BIN_TRACE_RX_ON RX ON -- AntPwr: -116, FreqCtrl: 0x380d5700, OF|AnaGi|AdcAttn|BQ|BWs: 0x07000700, dsp_corr: -13618
2026-09-07 02:29:49.297271 RFHAL_KERNEL_BIN_TRACE_RX_OFF RX OFF -- AntPwr: -116, prev W/NBPM: -93, -115, TF|AltADC|DCI/Q(Q5): 0x001a0c, s: 55393, e: 119553
2026-09-07 02:29:49.306427 RFHAL_KERNEL_BIN_TRACE_RX_ON RX ON -- AntPwr: -115, FreqCtrl: 0x380d5700, OF|AnaGi|AdcAttn|BQ|BWs: 0x07000700, dsp_corr: -13620
2026-09-07 02:29:49.307251 RFHAL_KERNEL_BIN_TRACE_RX_OFF RX OFF -- AntPwr: -115, prev W/NBPM: -93, -114, TF|AltADC|DCI/Q(Q5): 0x001a0c, s: 55382, e: 119542
2026-09-07 02:29:49.310424 RFHAL_KERNEL_BIN_TRACE_RX_ON RX ON -- AntPwr: -114, FreqCtrl: 0x380d5700, OF|AnaGi|AdcAttn|BQ|BWs: 0x07000700, dsp_corr: -13620
2026-09-07 02:29:49.311279 RFHAL_KERNEL_BIN_TRACE_RX_OFF RX OFF -- AntPwr: -114, prev W/NBPM: -92, -116, TF|AltADC|DCI/Q(Q5): 0x001a0c, s: 56408, e: 120568
2026-09-07 02:29:49.316436 RFHAL_KERNEL_BIN_TRACE_RX_ON RX ON -- AntPwr: -116, FreqCtrl: 0x380d5700, OF|AnaGi|AdcAttn|BQ|BWs: 0x07000700, dsp_corr: -13622
2026-09-07 02:29:49.317260 RFHAL_KERNEL_BIN_TRACE_RX_OFF RX OFF -- AntPwr: -116, prev W/NBPM: -93, -117, TF|AltADC|DCI/Q(Q5): 0x001a0c, s: 55392, e: 119552
2026-09-07 02:29:49.326416 RFHAL_KERNEL_BIN_TRACE_RX_ON RX ON -- AntPwr: -117, FreqCtrl: 0x380d5700, OF|AnaGi|AdcAttn|BQ|BWs: 0x07000700, dsp_corr: -13624
2026-09-07 02:29:49.327270 RFHAL_KERNEL_BIN_TRACE_RX_OFF RX OFF -- AntPwr: -117, prev W/NBPM: -92, -115, TF|AltADC|DCI/Q(Q5): 0x001a0c, s: 55384, e: 119544
2026-09-07 02:29:49.330413 RFHAL_KERNEL_BIN_TRACE_RX_ON RX ON -- AntPwr: -115, FreqCtrl: 0x380d5700, OF|AnaGi|AdcAttn|BQ|BWs: 0x07000700, dsp_corr: -13624
2026-09-07 02:29:49.331268 RFHAL_KERNEL_BIN_TRACE_RX_OFF RX OFF -- AntPwr: -115, prev W/NBPM: -93, -114, TF|AltADC|DCI/Q(Q5): 0x001a0c, s: 56408, e: 120568
2026-09-07 02:29:49.336425 RFHAL_KERNEL_BIN_TRACE_RX_ON RX ON -- AntPwr: -114, FreqCtrl: 0x380d5700, OF|AnaGi|AdcAttn|BQ|BWs: 0x07000700, dsp_corr: -13625
2026-09-07 02:29:49.337249 RFHAL_KERNEL_BIN_TRACE_RX_OFF RX OFF -- AntPwr: -114, prev W/NBPM: -93, -114, TF|AltADC|DCI/Q(Q5): 0x001a0c, s: 55392, e: 119552
2026-09-07 02:29:49.346435 RFHAL_KERNEL_BIN_TRACE_RX_ON RX ON -- AntPwr: -114, FreqCtrl: 0x380d5700, OF|AnaGi|AdcAttn|BQ|BWs: 0x07000700, dsp_corr: -13627
2026-09-07 02:29:49.347259 RFHAL_KERNEL_BIN_TRACE_RX_OFF RX OFF -- AntPwr: -114, prev W/NBPM: -92, -115, TF|AltADC|DCI/Q(Q5): 0x001a0c, s: 55382, e: 119542
2026-09-07 02:29:49.350433 RFHAL_KERNEL_BIN_TRACE_RX_ON RX ON -- AntPwr: -115, FreqCtrl: 0x380d5700, OF|AnaGi|AdcAttn|BQ|BWs: 0x07000700, dsp_corr: -13627
2026-09-07 02:29:49.351287 RFHAL_KERNEL_BIN_TRACE_RX_OFF RX OFF -- AntPwr: -115, prev W/NBPM: -93, -115, TF|AltADC|DCI/Q(Q5): 0x001a0c, s: 56407, e: 120567
2026-09-07 02:29:49.356414 RFHAL_KERNEL_BIN_TRACE_RX_ON RX ON -- AntPwr: -115, FreqCtrl: 0x380d5700, OF|AnaGi|AdcAttn|BQ|BWs: 0x07000700, dsp_corr: -13629
2026-09-07 02:29:49.357269 RFHAL_KERNEL_BIN_TRACE_RX_OFF RX OFF -- AntPwr: -115, prev W/NBPM: -93, -114, TF|AltADC|DCI/Q(Q5): 0x001a0c, s: 55389, e: 119549
2026-09-07 02:29:49.366424 RFHAL_KERNEL_BIN_TRACE_RX_ON RX ON -- AntPwr: -114, FreqCtrl: 0x380d5700, OF|AnaGi|AdcAttn|BQ|BWs: 0x07000700, dsp_corr: -13631
2026-09-07 02:29:49.367279 RFHAL_KERNEL_BIN_TRACE_RX_OFF RX OFF -- AntPwr: -114, prev W/NBPM: -93, -114, TF|AltADC|DCI/Q(Q5): 0x001a0c, s: 55383, e: 119543
2026-09-07 02:29:49.370422 RFHAL_KERNEL_BIN_TRACE_RX_ON RX ON -- AntPwr: -114, FreqCtrl: 0x380d5700, OF|AnaGi|AdcAttn|BQ|BWs: 0x07000700, dsp_corr: -13631
2026-09-07 02:29:49.371276 RFHAL_KERNEL_BIN_TRACE_RX_OFF RX OFF -- AntPwr: -114, prev W/NBPM: -92, -116, TF|AltADC|DCI/Q(Q5): 0x001a0c, s: 56408, e: 120568
2026-09-07 02:29:49.376434 RFHAL_KERNEL_BIN_TRACE_RX_ON RX ON -- AntPwr: -116, FreqCtrl: 0x380d5700, OF|AnaGi|AdcAttn|BQ|BWs: 0x07000700, dsp_corr: -13632
2026-09-07 02:29:49.377258 RFHAL_KERNEL_BIN_TRACE_RX_OFF RX OFF -- AntPwr: -116, prev W/NBPM: -93, -114, TF|AltADC|DCI/Q(Q5): 0x001a0c, s: 55660, e: 119820
2026-09-07 02:29:49.386413 RFHAL_KERNEL_BIN_TRACE_RX_ON RX ON -- AntPwr: -114, FreqCtrl: 0x380d5700, OF|AnaGi|AdcAttn|BQ|BWs: 0x07000700, dsp_corr: -13634
2026-09-07 02:29:49.387268 RFHAL_KERNEL_BIN_TRACE_RX_OFF RX OFF -- AntPwr: -114, prev W/NBPM: -93, -114, TF|AltADC|DCI/Q(Q5): 0x001a0c, s: 54904, e: 119064
2026-09-07 02:29:49.397247 RFHAL_KERNEL_BIN_TRACE_RX_ON RX ON -- AntPwr: -114, FreqCtrl: 0x380d5700, OF|AnaGi|AdcAttn|BQ|BWs: 0x07000700, dsp_corr: -13636
2026-09-07 02:29:49.454254 RFHAL_KERNEL_BIN_TRACE_RX_OFF RX OFF -- AntPwr: -118, prev W/NBPM: -93, -116, TF|AltADC|DCI/Q(Q5): 0x001a0c, s: 40253, e: 4417856
2026-09-07 02:29:49.456237 RFHAL_KERNEL_BIN_TRACE_RX_ON RX ON -- AntPwr: -118, FreqCtrl: 0x380d5700, OF|AnaGi|AdcAttn|BQ|BWs: 0x07000700, dsp_corr: -13646
2026-09-07 02:29:49.494232 RFHAL_KERNEL_BIN_TRACE_RX_OFF RX OFF -- AntPwr: -117, prev W/NBPM: -93, -114, TF|AltADC|DCI/Q(Q5): 0x001a0c, s: 40490, e: 2958893
2026-09-07 02:29:49.496246 RFHAL_KERNEL_BIN_TRACE_RX_ON RX ON -- AntPwr: -117, FreqCtrl: 0x380d5700, OF|AnaGi|AdcAttn|BQ|BWs: 0x07000700, dsp_corr: -13644
2026-09-07 02:29:49.534240 RFHAL_KERNEL_BIN_TRACE_RX_OFF RX OFF -- AntPwr: -116, prev W/NBPM: -92, -117, TF|AltADC|DCI/Q(Q5): 0x001a0c, s: 40509, e: 2958912
2026-09-07 02:29:49.536254 RFHAL_KERNEL_BIN_TRACE_RX_ON RX ON -- AntPwr: -117, FreqCtrl: 0x380d5700, OF|AnaGi|AdcAttn|BQ|BWs: 0x07000700, dsp_corr: -13641
2026-09-07 02:29:49.574249 RFHAL_KERNEL_BIN_TRACE_RX_OFF RX OFF -- AntPwr: -118, prev W/NBPM: -92, -114, TF|AltADC|DCI/Q(Q5): 0x001a0c, s: 40498, e: 2958901
2026-09-07 02:29:49.702240 RFHAL_KERNEL_BIN_TRACE_RX_ON RX ON -- AntPwr: -118, FreqCtrl: 0x380d5700, OF|AnaGi|AdcAttn|BQ|BWs: 0x07000700, dsp_corr: -13651
2026-09-07 02:29:49.742248 RFHAL_KERNEL_BIN_TRACE_RX_OFF RX OFF -- AntPwr: -117, prev W/NBPM: -92, -115, TF|AltADC|DCI/Q(Q5): 0x001a0c, s: 77174, e: 3149177
2026-09-07 02:29:49.744262 RFHAL_KERNEL_BIN_TRACE_RX_ON RX ON -- AntPwr: -117, FreqCtrl: 0x380d5700, OF|AnaGi|AdcAttn|BQ|BWs: 0x07000700, dsp_corr: -13648
2026-09-07 02:29:49.764404 L1_DEFAULT_INFO_SERVING_CELL_MEASUREMENTS_SYNC_LOST earfcn: 229232, pci: 22, rsrp: N/A, rsrq: N/A, SNR: -23
2026-09-07 02:29:49.765258 RFHAL_KERNEL_BIN_TRACE_RX_OFF RX OFF -- AntPwr: -118, prev W/NBPM: -93, -115, TF|AltADC|DCI/Q(Q5): 0x001a0c, s: 40469, e: 1653272
2026-09-07 02:29:49.773437 RFHAL_KERNEL_BIN_TRACE_RX_ON RX ON -- AntPwr: -105, FreqCtrl: 0x380d5700, OF|AnaGi|AdcAttn|BQ|BWs: 0x07000700, dsp_corr: -13652
2026-09-07 02:29:49.814453 RFHAL_KERNEL_BIN_TRACE_RX_OFF RX OFF -- AntPwr: -114, prev W/NBPM: -93, -114, TF|AltADC|DCI/Q(Q5): 0x001a0c, s: 563014, e: 3711814
2026-09-07 02:29:49.815002 L1_DEFAULT_INFO_NEIGHBOR_CELL_MEASUREMENTS earfcn: 229232, pci: 22, rsrp: -141, rsrq: -25
2026-09-07 02:29:49.995269 RFHAL_KERNEL_BIN_TRACE_RX_ON RX ON -- AntPwr: -118, FreqCtrl: 0x380d5700, OF|AnaGi|AdcAttn|BQ|BWs: 0x07000700, dsp_corr: -13693
2026-09-07 02:29:50.035278 RFHAL_KERNEL_BIN_TRACE_RX_OFF RX OFF -- AntPwr: -118, prev W/NBPM: -93, -114, TF|AltADC|DCI/Q(Q5): 0x001a0c, s: 78285, e: 3150288
2026-09-07 02:29:50.037262 RFHAL_KERNEL_BIN_TRACE_RX_ON RX ON -- AntPwr: -118, FreqCtrl: 0x380d5700, OF|AnaGi|AdcAttn|BQ|BWs: 0x07000700, dsp_corr: -13700
2026-09-07 02:29:50.094268 RFHAL_KERNEL_BIN_TRACE_RX_OFF RX OFF -- AntPwr: -118, prev W/NBPM: -92, -115, TF|AltADC|DCI/Q(Q5): 0x001a0c, s: 40432, e: 4418035
2026-09-07 02:29:50.096252 RFHAL_KERNEL_BIN_TRACE_RX_ON RX ON -- AntPwr: -118, FreqCtrl: 0x380d5700, OF|AnaGi|AdcAttn|BQ|BWs: 0x07000700, dsp_corr: -13711
2026-09-07 02:29:50.134277 RFHAL_KERNEL_BIN_TRACE_RX_OFF RX OFF -- AntPwr: -118, prev W/NBPM: -93, -115, TF|AltADC|DCI/Q(Q5): 0x001a0c, s: 40510, e: 2958913
2026-09-07 02:29:50.136261 RFHAL_KERNEL_BIN_TRACE_RX_ON RX ON -- AntPwr: -118, FreqCtrl: 0x380d5700, OF|AnaGi|AdcAttn|BQ|BWs: 0x07000700, dsp_corr: -13728
2026-09-07 02:29:50.174285 RFHAL_KERNEL_BIN_TRACE_RX_OFF RX OFF -- AntPwr: -118, prev W/NBPM: -92, -115, TF|AltADC|DCI/Q(Q5): 0x001a0c, s: 40496, e: 2958899
2026-09-07 02:29:50.176269 RFHAL_KERNEL_BIN_TRACE_RX_ON RX ON -- AntPwr: -118, FreqCtrl: 0x380d5700, OF|AnaGi|AdcAttn|BQ|BWs: 0x07000700, dsp_corr: -13735
2026-09-07 02:29:50.214264 RFHAL_KERNEL_BIN_TRACE_RX_OFF RX OFF -- AntPwr: -118, prev W/NBPM: -93, -114, TF|AltADC|DCI/Q(Q5): 0x001a0c, s: 40508, e: 2958911
2026-09-07 02:29:50.506500 RFHAL_KERNEL_BIN_TRACE_RX_ON RX ON -- AntPwr: -118, FreqCtrl: 0x380d5700, OF|AnaGi|AdcAttn|BQ|BWs: 0x07000700, dsp_corr: -13793
2026-09-07 02:29:50.507293 RFHAL_KERNEL_BIN_TRACE_RX_OFF RX OFF -- AntPwr: -118, prev W/NBPM: -93, -115, TF|AltADC|DCI/Q(Q5): 0x001a0c, s: 93985, e: 155585
2026-09-07 02:29:50.510467 RFHAL_KERNEL_BIN_TRACE_RX_ON RX ON -- AntPwr: -115, FreqCtrl: 0x380d5700, OF|AnaGi|AdcAttn|BQ|BWs: 0x07000700, dsp_corr: -13793
2026-09-07 02:29:50.511322 RFHAL_KERNEL_BIN_TRACE_RX_OFF RX OFF -- AntPwr: -115, prev W/NBPM: -93, -114, TF|AltADC|DCI/Q(Q5): 0x001a0c, s: 55528, e: 119688
2026-09-07 02:29:50.516479 RFHAL_KERNEL_BIN_TRACE_RX_ON RX ON -- AntPwr: -114, FreqCtrl: 0x380d5700, OF|AnaGi|AdcAttn|BQ|BWs: 0x07000700, dsp_corr: -13795
2026-09-07 02:29:50.517303 RFHAL_KERNEL_BIN_TRACE_RX_OFF RX OFF -- AntPwr: -114, prev W/NBPM: -93, -117, TF|AltADC|DCI/Q(Q5): 0x001a0c, s: 55392, e: 119552
2026-09-07 02:29:50.526489 RFHAL_KERNEL_BIN_TRACE_RX_ON RX ON -- AntPwr: -117, FreqCtrl: 0x380d5700, OF|AnaGi|AdcAttn|BQ|BWs: 0x07000700, dsp_corr: -13797
2026-09-07 02:29:50.527313 RFHAL_KERNEL_BIN_TRACE_RX_OFF RX OFF -- AntPwr: -117, prev W/NBPM: -93, -115, TF|AltADC|DCI/Q(Q5): 0x001a0c, s: 55382, e: 119542
2026-09-07 02:29:50.530487 RFHAL_KERNEL_BIN_TRACE_RX_ON RX ON -- AntPwr: -115, FreqCtrl: 0x380d5700, OF|AnaGi|AdcAttn|BQ|BWs: 0x07000700, dsp_corr: -13797
2026-09-07 02:29:50.531341 RFHAL_KERNEL_BIN_TRACE_RX_OFF RX OFF -- AntPwr: -115, prev W/NBPM: -93, -115, TF|AltADC|DCI/Q(Q5): 0x001a0c, s: 56405, e: 120565
2026-09-07 02:29:50.536468 RFHAL_KERNEL_BIN_TRACE_RX_ON RX ON -- AntPwr: -115, FreqCtrl: 0x380d5700, OF|AnaGi|AdcAttn|BQ|BWs: 0x07000700, dsp_corr: -13799
2026-09-07 02:29:50.537323 RFHAL_KERNEL_BIN_TRACE_RX_OFF RX OFF -- AntPwr: -115, prev W/NBPM: -93, -115, TF|AltADC|DCI/Q(Q5): 0x001a0c, s: 55393, e: 119553
2026-09-07 02:29:50.546478 RFHAL_KERNEL_BIN_TRACE_RX_ON RX ON -- AntPwr: -115, FreqCtrl: 0x380d5700, OF|AnaGi|AdcAttn|BQ|BWs: 0x07000700, dsp_corr: -13800
2026-09-07 02:29:50.547332 RFHAL_KERNEL_BIN_TRACE_RX_OFF RX OFF -- AntPwr: -115, prev W/NBPM: -93, -115, TF|AltADC|DCI/Q(Q5): 0x001a0c, s: 55382, e: 119542
2026-09-07 02:29:50.550476 RFHAL_KERNEL_BIN_TRACE_RX_ON RX ON -- AntPwr: -115, FreqCtrl: 0x380d5700, OF|AnaGi|AdcAttn|BQ|BWs: 0x07000700, dsp_corr: -13800
2026-09-07 02:29:50.551330 RFHAL_KERNEL_BIN_TRACE_RX_OFF RX OFF -- AntPwr: -115, prev W/NBPM: -93, -116, TF|AltADC|DCI/Q(Q5): 0x001a0c, s: 56409, e: 120569
2026-09-07 02:29:50.556488 RFHAL_KERNEL_BIN_TRACE_RX_ON RX ON -- AntPwr: -116, FreqCtrl: 0x380d5700, OF|AnaGi|AdcAttn|BQ|BWs: 0x07000700, dsp_corr: -13802
2026-09-07 02:29:50.557312 RFHAL_KERNEL_BIN_TRACE_RX_OFF RX OFF -- AntPwr: -116, prev W/NBPM: -93, -116, TF|AltADC|DCI/Q(Q5): 0x001a0c, s: 55388, e: 119548
2026-09-07 02:29:50.566467 RFHAL_KERNEL_BIN_TRACE_RX_ON RX ON -- AntPwr: -116, FreqCtrl: 0x380d5700, OF|AnaGi|AdcAttn|BQ|BWs: 0x07000700, dsp_corr: -13804
2026-09-07 02:29:50.567321 RFHAL_KERNEL_BIN_TRACE_RX_OFF RX OFF -- AntPwr: -116, prev W/NBPM: -93, -114, TF|AltADC|DCI/Q(Q5): 0x001a0c, s: 55387, e: 119547
2026-09-07 02:29:50.570495 RFHAL_KERNEL_BIN_TRACE_RX_ON RX ON -- AntPwr: -114, FreqCtrl: 0x380d5700, OF|AnaGi|AdcAttn|BQ|BWs: 0x07000700, dsp_corr: -13804
2026-09-07 02:29:50.571319 RFHAL_KERNEL_BIN_TRACE_RX_OFF RX OFF -- AntPwr: -114, prev W/NBPM: -93, -115, TF|AltADC|DCI/Q(Q5): 0x001a0c, s: 56409, e: 120569
2026-09-07 02:29:50.576477 RFHAL_KERNEL_BIN_TRACE_RX_ON RX ON -- AntPwr: -115, FreqCtrl: 0x380d5700, OF|AnaGi|AdcAttn|BQ|BWs: 0x07000700, dsp_corr: -13806
2026-09-07 02:29:50.577331 RFHAL_KERNEL_BIN_TRACE_RX_OFF RX OFF -- AntPwr: -115, prev W/NBPM: -92, -115, TF|AltADC|DCI/Q(Q5): 0x001a0c, s: 55393, e: 119553
2026-09-07 02:29:50.586486 RFHAL_KERNEL_BIN_TRACE_RX_ON RX ON -- AntPwr: -115, FreqCtrl: 0x380d5700, OF|AnaGi|AdcAttn|BQ|BWs: 0x07000700, dsp_corr: -13807
2026-09-07 02:29:50.587310 RFHAL_KERNEL_BIN_TRACE_RX_OFF RX OFF -- AntPwr: -115, prev W/NBPM: -93, -115, TF|AltADC|DCI/Q(Q5): 0x001a0c, s: 55385, e: 119545
2026-09-07 02:29:50.590484 RFHAL_KERNEL_BIN_TRACE_RX_ON RX ON -- AntPwr: -115, FreqCtrl: 0x380d5700, OF|AnaGi|AdcAttn|BQ|BWs: 0x07000700, dsp_corr: -13807
2026-09-07 02:29:50.591339 RFHAL_KERNEL_BIN_TRACE_RX_OFF RX OFF -- AntPwr: -115, prev W/NBPM: -92, -114, TF|AltADC|DCI/Q(Q5): 0x001a0c, s: 56412, e: 120572
2026-09-07 02:29:50.596496 RFHAL_KERNEL_BIN_TRACE_RX_ON RX ON -- AntPwr: -114, FreqCtrl: 0x380d5700, OF|AnaGi|AdcAttn|BQ|BWs: 0x07000700, dsp_corr: -13809
2026-09-07 02:29:50.597320 RFHAL_KERNEL_BIN_TRACE_RX_OFF RX OFF -- AntPwr: -114, prev W/NBPM: -92, -114, TF|AltADC|DCI/Q(Q5): 0x001a0c, s: 55390, e: 119550
2026-09-07 02:29:50.606475 RFHAL_KERNEL_BIN_TRACE_RX_ON RX ON -- AntPwr: -114, FreqCtrl: 0x380d5700, OF|AnaGi|AdcAttn|BQ|BWs: 0x07000700, dsp_corr: -13811
2026-09-07 02:29:50.607330 RFHAL_KERNEL_BIN_TRACE_RX_OFF RX OFF -- AntPwr: -114, prev W/NBPM: -93, -117, TF|AltADC|DCI/Q(Q5): 0x001a0c, s: 55382, e: 119542
2026-09-07 02:29:50.610473 RFHAL_KERNEL_BIN_TRACE_RX_ON RX ON -- AntPwr: -117, FreqCtrl: 0x380d5700, OF|AnaGi|AdcAttn|BQ|BWs: 0x07000700, dsp_corr: -13811
2026-09-07 02:29:50.611328 RFHAL_KERNEL_BIN_TRACE_RX_OFF RX OFF -- AntPwr: -117, prev W/NBPM: -93, -115, TF|AltADC|DCI/Q(Q5): 0x001a0c, s: 56407, e: 120567
2026-09-07 02:29:50.616485 RFHAL_KERNEL_BIN_TRACE_RX_ON RX ON -- AntPwr: -115, FreqCtrl: 0x380d5700, OF|AnaGi|AdcAttn|BQ|BWs: 0x07000700, dsp_corr: -13813
2026-09-07 02:29:50.617309 RFHAL_KERNEL_BIN_TRACE_RX_OFF RX OFF -- AntPwr: -115, prev W/NBPM: -92, -115, TF|AltADC|DCI/Q(Q5): 0x001a0c, s: 55392, e: 119552
2026-09-07 02:29:50.626495 RFHAL_KERNEL_BIN_TRACE_RX_ON RX ON -- AntPwr: -115, FreqCtrl: 0x380d5700, OF|AnaGi|AdcAttn|BQ|BWs: 0x07000700, dsp_corr: -13814
2026-09-07 02:29:50.627319 RFHAL_KERNEL_BIN_TRACE_RX_OFF RX OFF -- AntPwr: -115, prev W/NBPM: -93, -115, TF|AltADC|DCI/Q(Q5): 0x001a0c, s: 55380, e: 119540
2026-09-07 02:29:50.630493 RFHAL_KERNEL_BIN_TRACE_RX_ON RX ON -- AntPwr: -115, FreqCtrl: 0x380d5700, OF|AnaGi|AdcAttn|BQ|BWs: 0x07000700, dsp_corr: -13814
2026-09-07 02:29:50.631347 RFHAL_KERNEL_BIN_TRACE_RX_OFF RX OFF -- AntPwr: -115, prev W/NBPM: -93, -113, TF|AltADC|DCI/Q(Q5): 0x001a0c, s: 56408, e: 120568
2026-09-07 02:29:50.636474 RFHAL_KERNEL_BIN_TRACE_RX_ON RX ON -- AntPwr: -113, FreqCtrl: 0x380d5700, OF|AnaGi|AdcAttn|BQ|BWs: 0x07000700, dsp_corr: -13816
2026-09-07 02:29:50.637329 RFHAL_KERNEL_BIN_TRACE_RX_OFF RX OFF -- AntPwr: -113, prev W/NBPM: -93, -114, TF|AltADC|DCI/Q(Q5): 0x001a0c, s: 55391, e: 119551
2026-09-07 02:29:50.646484 RFHAL_KERNEL_BIN_TRACE_RX_ON RX ON -- AntPwr: -114, FreqCtrl: 0x380d5700, OF|AnaGi|AdcAttn|BQ|BWs: 0x07000700, dsp_corr: -13818
2026-09-07 02:29:50.647308 RFHAL_KERNEL_BIN_TRACE_RX_OFF RX OFF -- AntPwr: -114, prev W/NBPM: -93, -114, TF|AltADC|DCI/Q(Q5): 0x001a0c, s: 55381, e: 119541
2026-09-07 02:29:50.650482 RFHAL_KERNEL_BIN_TRACE_RX_ON RX ON -- AntPwr: -114, FreqCtrl: 0x380d5700, OF|AnaGi|AdcAttn|BQ|BWs: 0x07000700, dsp_corr: -13818
2026-09-07 02:29:50.651336 RFHAL_KERNEL_BIN_TRACE_RX_OFF RX OFF -- AntPwr: -114, prev W/NBPM: -93, -114, TF|AltADC|DCI/Q(Q5): 0x001a0c, s: 56410, e: 120570
2026-09-07 02:29:50.656494 RFHAL_KERNEL_BIN_TRACE_RX_ON RX ON -- AntPwr: -114, FreqCtrl: 0x380d5700, OF|AnaGi|AdcAttn|BQ|BWs: 0x07000700, dsp_corr: -13820
2026-09-07 02:29:50.657318 RFHAL_KERNEL_BIN_TRACE_RX_OFF RX OFF -- AntPwr: -114, prev W/NBPM: -93, -114, TF|AltADC|DCI/Q(Q5): 0x001a0c, s: 55657, e: 119817
2026-09-07 02:29:50.666473 RFHAL_KERNEL_BIN_TRACE_RX_ON RX ON -- AntPwr: -114, FreqCtrl: 0x380d5700, OF|AnaGi|AdcAttn|BQ|BWs: 0x07000700, dsp_corr: -13821
2026-09-07 02:29:50.667327 RFHAL_KERNEL_BIN_TRACE_RX_OFF RX OFF -- AntPwr: -114, prev W/NBPM: -92, -116, TF|AltADC|DCI/Q(Q5): 0x001a0c, s: 54906, e: 119066
2026-09-07 02:29:50.677307 RFHAL_KERNEL_BIN_TRACE_RX_ON RX ON -- AntPwr: -116, FreqCtrl: 0x380d5700, OF|AnaGi|AdcAttn|BQ|BWs: 0x07000700, dsp_corr: -13757
2026-09-07 02:29:50.734314 RFHAL_KERNEL_BIN_TRACE_RX_OFF RX OFF -- AntPwr: -118, prev W/NBPM: -93, -115, TF|AltADC|DCI/Q(Q5): 0x001a0c, s: 38721, e: 4416324
2026-09-07 02:29:50.736297 RFHAL_KERNEL_BIN_TRACE_RX_ON RX ON -- AntPwr: -118, FreqCtrl: 0x380d5700, OF|AnaGi|AdcAttn|BQ|BWs: 0x07000700, dsp_corr: -13767
2026-09-07 02:29:50.774292 RFHAL_KERNEL_BIN_TRACE_RX_OFF RX OFF -- AntPwr: -119, prev W/NBPM: -93, -113, TF|AltADC|DCI/Q(Q5): 0x001a0c, s: 40488, e: 2958891
2026-09-07 02:29:50.776306 RFHAL_KERNEL_BIN_TRACE_RX_ON RX ON -- AntPwr: -119, FreqCtrl: 0x380d5700, OF|AnaGi|AdcAttn|BQ|BWs: 0x07000700, dsp_corr: -13793
2026-09-07 02:29:50.814300 RFHAL_KERNEL_BIN_TRACE_RX_OFF RX OFF -- AntPwr: -117, prev W/NBPM: -93, -115, TF|AltADC|DCI/Q(Q5): 0x001a0c, s: 40511, e: 2958914
2026-09-07 02:29:50.816314 RFHAL_KERNEL_BIN_TRACE_RX_ON RX ON -- AntPwr: -117, FreqCtrl: 0x380d5700, OF|AnaGi|AdcAttn|BQ|BWs: 0x07000700, dsp_corr: -13800
2026-09-07 02:29:50.854309 RFHAL_KERNEL_BIN_TRACE_RX_OFF RX OFF -- AntPwr: -117, prev W/NBPM: -93, -116, TF|AltADC|DCI/Q(Q5): 0x001a0c, s: 40496, e: 2958899
2026-09-07 02:29:50.856781 L23_ERRC_3GPP_TIMER_STOP 11 STOP
2026-09-07 02:29:50.856811 L23_ERRC_3GPP_TIMER_STOP 12 STOP
2026-09-07 02:29:50.856872 L23_DEFAULT_INFO_RRCSTATECHANGEEVENT RRC State: 1
2026-09-07 02:29:50.857940 L23_DEFAULT_INFO_EMM_STATE_VALUE emm_state: 2, emm_substate: 2
2026-09-07 02:29:50.860260 L23_AT_STRING <= +CEREG: 2\r\n
2026-09-07 02:29:50.867279 RFHAL_KERNEL_BIN_TRACE_RX_ON RX ON -- AntPwr: -105, FreqCtrl: 0x380d5700, OF|AnaGi|AdcAttn|BQ|BWs: 0x07000700, dsp_corr: -13817
2026-09-07 02:29:50.888275 RFHAL_KERNEL_BIN_TRACE_RX_OFF RX OFF -- AntPwr: -114, prev W/NBPM: -92, -114, TF|AltADC|DCI/Q(Q5): 0x001a0c, s: 591941, e: 2204741
2026-09-07 02:29:50.888916 L1_DEFAULT_INFO_NEIGHBOR_CELL_MEASUREMENTS earfcn: 229232, pci: 22, rsrp: -141, rsrq: -25
2026-09-07 02:29:50.901306 RFHAL_KERNEL_BIN_TRACE_RX_ON RX ON -- AntPwr: -117, FreqCtrl: 0x380d5700, OF|AnaGi|AdcAttn|BQ|BWs: 0x07000700, dsp_corr: -13825
2026-09-07 02:29:50.902313 RFHAL_KERNEL_BIN_TRACE_RX_OFF RX OFF -- AntPwr: -117, prev W/NBPM: -93, -114, TF|AltADC|DCI/Q(Q5): 0x001a0c, s: 37945, e: 114748
2026-09-07 02:29:50.906311 RFHAL_KERNEL_BIN_TRACE_RX_ON RX ON -- AntPwr: -117, FreqCtrl: 0x380d5700, OF|AnaGi|AdcAttn|BQ|BWs: 0x07000700, dsp_corr: -13825
2026-09-07 02:29:50.907318 RFHAL_KERNEL_BIN_TRACE_RX_OFF RX OFF -- AntPwr: -117, prev W/NBPM: -92, -115, TF|AltADC|DCI/Q(Q5): 0x001a0c, s: 39263, e: 116066
2026-09-07 02:29:50.910308 RFHAL_KERNEL_BIN_TRACE_RX_ON RX ON -- AntPwr: -117, FreqCtrl: 0x380d5700, OF|AnaGi|AdcAttn|BQ|BWs: 0x07000700, dsp_corr: -13816
2026-09-07 02:29:50.912323 RFHAL_KERNEL_BIN_TRACE_RX_OFF RX OFF -- AntPwr: -115, prev W/NBPM: -93, -115, TF|AltADC|DCI/Q(Q5): 0x001a0c, s: 40062, e: 193665
2026-09-07 02:29:50.916320 RFHAL_KERNEL_BIN_TRACE_RX_ON RX ON -- AntPwr: -116, FreqCtrl: 0x380d5700, OF|AnaGi|AdcAttn|BQ|BWs: 0x07000700, dsp_corr: -13818
2026-09-07 02:29:50.917327 RFHAL_KERNEL_BIN_TRACE_RX_OFF RX OFF -- AntPwr: -116, prev W/NBPM: -93, -114, TF|AltADC|DCI/Q(Q5): 0x001a0c, s: 38164, e: 114967
2026-09-07 02:29:50.921295 RFHAL_KERNEL_BIN_TRACE_RX_ON RX ON -- AntPwr: -116, FreqCtrl: 0x380d5700, OF|AnaGi|AdcAttn|BQ|BWs: 0x07000700, dsp_corr: -13828
2026-09-07 02:29:50.922302 RFHAL_KERNEL_BIN_TRACE_RX_OFF RX OFF -- AntPwr: -116, prev W/NBPM: -93, -115, TF|AltADC|DCI/Q(Q5): 0x001a0c, s: 39256, e: 116059
2026-09-07 02:29:50.926300 RFHAL_KERNEL_BIN_TRACE_RX_ON RX ON -- AntPwr: -116, FreqCtrl: 0x380d5700, OF|AnaGi|AdcAttn|BQ|BWs: 0x07000700, dsp_corr: -13829
2026-09-07 02:29:50.927337 RFHAL_KERNEL_BIN_TRACE_RX_OFF RX OFF -- AntPwr: -116, prev W/NBPM: -93, -115, TF|AltADC|DCI/Q(Q5): 0x001a0c, s: 39269, e: 116072
2026-09-07 02:29:50.930297 RFHAL_KERNEL_BIN_TRACE_RX_ON RX ON -- AntPwr: -116, FreqCtrl: 0x380d5700, OF|AnaGi|AdcAttn|BQ|BWs: 0x07000700, dsp_corr: -13821
2026-09-07 02:29:50.932312 RFHAL_KERNEL_BIN_TRACE_RX_OFF RX OFF -- AntPwr: -116, prev W/NBPM: -93, -116, TF|AltADC|DCI/Q(Q5): 0x001a0c, s: 38856, e: 192459
2026-09-07 02:29:50.936309 RFHAL_KERNEL_BIN_TRACE_RX_ON RX ON -- AntPwr: -116, FreqCtrl: 0x380d5700, OF|AnaGi|AdcAttn|BQ|BWs: 0x07000700, dsp_corr: -13822
2026-09-07 02:29:50.937316 RFHAL_KERNEL_BIN_TRACE_RX_OFF RX OFF -- AntPwr: -116, prev W/NBPM: -93, -113, TF|AltADC|DCI/Q(Q5): 0x001a0c, s: 39289, e: 116092
2026-09-07 02:29:50.941314 RFHAL_KERNEL_BIN_TRACE_RX_ON RX ON -- AntPwr: -116, FreqCtrl: 0x380d5700, OF|AnaGi|AdcAttn|BQ|BWs: 0x07000700, dsp_corr: -13832
2026-09-07 02:29:50.942321 RFHAL_KERNEL_BIN_TRACE_RX_OFF RX OFF -- AntPwr: -116, prev W/NBPM: -93, -114, TF|AltADC|DCI/Q(Q5): 0x001a0c, s: 38120, e: 114923
2026-09-07 02:29:50.946319 RFHAL_KERNEL_BIN_TRACE_RX_ON RX ON -- AntPwr: -116, FreqCtrl: 0x380d5700, OF|AnaGi|AdcAttn|BQ|BWs: 0x07000700, dsp_corr: -13832
2026-09-07 02:29:50.947326 RFHAL_KERNEL_BIN_TRACE_RX_OFF RX OFF -- AntPwr: -116, prev W/NBPM: -93, -115, TF|AltADC|DCI/Q(Q5): 0x001a0c, s: 39277, e: 116080
2026-09-07 02:29:50.950317 RFHAL_KERNEL_BIN_TRACE_RX_ON RX ON -- AntPwr: -116, FreqCtrl: 0x380d5700, OF|AnaGi|AdcAttn|BQ|BWs: 0x07000700, dsp_corr: -13833
2026-09-07 02:29:50.952301 RFHAL_KERNEL_BIN_TRACE_RX_OFF RX OFF -- AntPwr: -114, prev W/NBPM: -93, -114, TF|AltADC|DCI/Q(Q5): 0x001a0c, s: 40060, e: 193663
2026-09-07 02:29:50.956298 RFHAL_KERNEL_BIN_TRACE_RX_ON RX ON -- AntPwr: -116, FreqCtrl: 0x380d5700, OF|AnaGi|AdcAttn|BQ|BWs: 0x07000700, dsp_corr: -13835
2026-09-07 02:29:50.957336 RFHAL_KERNEL_BIN_TRACE_RX_OFF RX OFF -- AntPwr: -116, prev W/NBPM: -93, -116, TF|AltADC|DCI/Q(Q5): 0x001a0c, s: 38172, e: 114975
2026-09-07 02:29:50.961303 RFHAL_KERNEL_BIN_TRACE_RX_ON RX ON -- AntPwr: -116, FreqCtrl: 0x380d5700, OF|AnaGi|AdcAttn|BQ|BWs: 0x07000700, dsp_corr: -13825
2026-09-07 02:29:50.962310 RFHAL_KERNEL_BIN_TRACE_RX_OFF RX OFF -- AntPwr: -116, prev W/NBPM: -93, -115, TF|AltADC|DCI/Q(Q5): 0x001a0c, s: 39255, e: 116058
2026-09-07 02:29:50.966308 RFHAL_KERNEL_BIN_TRACE_RX_ON RX ON -- AntPwr: -117, FreqCtrl: 0x380d5700, OF|AnaGi|AdcAttn|BQ|BWs: 0x07000700, dsp_corr: -13826
2026-09-07 02:29:50.967346 RFHAL_KERNEL_BIN_TRACE_RX_OFF RX OFF -- AntPwr: -117, prev W/NBPM: -93, -115, TF|AltADC|DCI/Q(Q5): 0x001a0c, s: 39268, e: 116071
2026-09-07 02:29:50.970306 RFHAL_KERNEL_BIN_TRACE_RX_ON RX ON -- AntPwr: -117, FreqCtrl: 0x380d5700, OF|AnaGi|AdcAttn|BQ|BWs: 0x07000700, dsp_corr: -13818
2026-09-07 02:29:50.972320 RFHAL_KERNEL_BIN_TRACE_RX_OFF RX OFF -- AntPwr: -114, prev W/NBPM: -93, -114, TF|AltADC|DCI/Q(Q5): 0x001a0c, s: 38859, e: 192462
2026-09-07 02:29:50.976318 RFHAL_KERNEL_BIN_TRACE_RX_ON RX ON -- AntPwr: -117, FreqCtrl: 0x380d5700, OF|AnaGi|AdcAttn|BQ|BWs: 0x07000700, dsp_corr: -13819
2026-09-07 02:29:50.977325 RFHAL_KERNEL_BIN_TRACE_RX_OFF RX OFF -- AntPwr: -117, prev W/NBPM: -93, -115, TF|AltADC|DCI/Q(Q5): 0x001a0c, s: 39288, e: 116091
2026-09-07 02:29:50.981323 RFHAL_KERNEL_BIN_TRACE_RX_ON RX ON -- AntPwr: -117, FreqCtrl: 0x380d5700, OF|AnaGi|AdcAttn|BQ|BWs: 0x07000700, dsp_corr: -13810
2026-09-07 02:29:50.982299 RFHAL_KERNEL_BIN_TRACE_RX_OFF RX OFF -- AntPwr: -117, prev W/NBPM: -93, -116, TF|AltADC|DCI/Q(Q5): 0x001a0c, s: 38122, e: 114925
2026-09-07 02:29:50.986297 RFHAL_KERNEL_BIN_TRACE_RX_ON RX ON -- AntPwr: -117, FreqCtrl: 0x380d5700, OF|AnaGi|AdcAttn|BQ|BWs: 0x07000700, dsp_corr: -13810
2026-09-07 02:29:50.987335 RFHAL_KERNEL_BIN_TRACE_RX_OFF RX OFF -- AntPwr: -117, prev W/NBPM: -92, -114, TF|AltADC|DCI/Q(Q5): 0x001a0c, s: 39292, e: 116095
2026-09-07 02:29:50.990326 RFHAL_KERNEL_BIN_TRACE_RX_ON RX ON -- AntPwr: -117, FreqCtrl: 0x380d5700, OF|AnaGi|AdcAttn|BQ|BWs: 0x07000700, dsp_corr: -13801
2026-09-07 02:29:50.992309 RFHAL_KERNEL_BIN_TRACE_RX_OFF RX OFF -- AntPwr: -115, prev W/NBPM: -92, -115, TF|AltADC|DCI/Q(Q5): 0x001a0c, s: 40057, e: 193660
2026-09-07 02:29:50.996307 RFHAL_KERNEL_BIN_TRACE_RX_ON RX ON -- AntPwr: -117, FreqCtrl: 0x380d5700, OF|AnaGi|AdcAttn|BQ|BWs: 0x07000700, dsp_corr: -13803
2026-09-07 02:29:50.997345 RFHAL_KERNEL_BIN_TRACE_RX_OFF RX OFF -- AntPwr: -117, prev W/NBPM: -92, -115, TF|AltADC|DCI/Q(Q5): 0x001a0c, s: 38166, e: 114969
2026-09-07 02:29:51.001312 RFHAL_KERNEL_BIN_TRACE_RX_ON RX ON -- AntPwr: -117, FreqCtrl: 0x380d5700, OF|AnaGi|AdcAttn|BQ|BWs: 0x07000700, dsp_corr: -13813
2026-09-07 02:29:51.002319 RFHAL_KERNEL_BIN_TRACE_RX_OFF RX OFF -- AntPwr: -117, prev W/NBPM: -93, -115, TF|AltADC|DCI/Q(Q5): 0x001a0c, s: 39254, e: 116057
2026-09-07 02:29:51.006317 RFHAL_KERNEL_BIN_TRACE_RX_ON RX ON -- AntPwr: -117, FreqCtrl: 0x380d5700, OF|AnaGi|AdcAttn|BQ|BWs: 0x07000700, dsp_corr: -13814
2026-09-07 02:29:51.007324 RFHAL_KERNEL_BIN_TRACE_RX_OFF RX OFF -- AntPwr: -117, prev W/NBPM: -92, -115, TF|AltADC|DCI/Q(Q5): 0x001a0c, s: 39273, e: 116076
2026-09-07 02:29:51.010315 RFHAL_KERNEL_BIN_TRACE_RX_ON RX ON -- AntPwr: -117, FreqCtrl: 0x380d5700, OF|AnaGi|AdcAttn|BQ|BWs: 0x07000700, dsp_corr: -13825
2026-09-07 02:29:51.012329 RFHAL_KERNEL_BIN_TRACE_RX_OFF RX OFF -- AntPwr: -116, prev W/NBPM: -93, -116, TF|AltADC|DCI/Q(Q5): 0x001a0c, s: 38858, e: 192461
2026-09-07 02:29:51.016326 RFHAL_KERNEL_BIN_TRACE_RX_ON RX ON -- AntPwr: -117, FreqCtrl: 0x380d5700, OF|AnaGi|AdcAttn|BQ|BWs: 0x07000700, dsp_corr: -13826
2026-09-07 02:29:51.017334 RFHAL_KERNEL_BIN_TRACE_RX_OFF RX OFF -- AntPwr: -117, prev W/NBPM: -93, -114, TF|AltADC|DCI/Q(Q5): 0x001a0c, s: 39291, e: 116094
2026-09-07 02:29:51.021301 RFHAL_KERNEL_BIN_TRACE_RX_ON RX ON -- AntPwr: -117, FreqCtrl: 0x380d5700, OF|AnaGi|AdcAttn|BQ|BWs: 0x07000700, dsp_corr: -13817
2026-09-07 02:29:51.022308 RFHAL_KERNEL_BIN_TRACE_RX_OFF RX OFF -- AntPwr: -117, prev W/NBPM: -93, -114, TF|AltADC|DCI/Q(Q5): 0x001a0c, s: 38116, e: 114919
2026-09-07 02:29:51.026306 RFHAL_KERNEL_BIN_TRACE_RX_ON RX ON -- AntPwr: -117, FreqCtrl: 0x380d5700, OF|AnaGi|AdcAttn|BQ|BWs: 0x07000700, dsp_corr: -13817
2026-09-07 02:29:51.027343 RFHAL_KERNEL_BIN_TRACE_RX_OFF RX OFF -- AntPwr: -117, prev W/NBPM: -93, -115, TF|AltADC|DCI/Q(Q5): 0x001a0c, s: 39278, e: 116081
2026-09-07 02:29:51.030304 RFHAL_KERNEL_BIN_TRACE_RX_ON RX ON -- AntPwr: -117, FreqCtrl: 0x380d5700, OF|AnaGi|AdcAttn|BQ|BWs: 0x07000700, dsp_corr: -13808
2026-09-07 02:29:51.032318 RFHAL_KERNEL_BIN_TRACE_RX_OFF RX OFF -- AntPwr: -115, prev W/NBPM: -93, -115, TF|AltADC|DCI/Q(Q5): 0x001a0c, s: 40057, e: 193660
2026-09-07 02:29:51.036316 RFHAL_KERNEL_BIN_TRACE_RX_ON RX ON -- AntPwr: -117, FreqCtrl: 0x380d5700, OF|AnaGi|AdcAttn|BQ|BWs: 0x07000700, dsp_corr: -13810
2026-09-07 02:29:51.037323 RFHAL_KERNEL_BIN_TRACE_RX_OFF RX OFF -- AntPwr: -117, prev W/NBPM: -93, -116, TF|AltADC|DCI/Q(Q5): 0x001a0c, s: 38172, e: 114975
2026-09-07 02:29:51.041320 RFHAL_KERNEL_BIN_TRACE_RX_ON RX ON -- AntPwr: -117, FreqCtrl: 0x380d5700, OF|AnaGi|AdcAttn|BQ|BWs: 0x07000700, dsp_corr: -13800
2026-09-07 02:29:51.042327 RFHAL_KERNEL_BIN_TRACE_RX_OFF RX OFF -- AntPwr: -117, prev W/NBPM: -93, -115, TF|AltADC|DCI/Q(Q5): 0x001a0c, s: 39257, e: 116060
2026-09-07 02:29:51.046325 RFHAL_KERNEL_BIN_TRACE_RX_ON RX ON -- AntPwr: -117, FreqCtrl: 0x380d5700, OF|AnaGi|AdcAttn|BQ|BWs: 0x07000700, dsp_corr: -13801
2026-09-07 02:29:51.047332 RFHAL_KERNEL_BIN_TRACE_RX_OFF RX OFF -- AntPwr: -117, prev W/NBPM: -93, -116, TF|AltADC|DCI/Q(Q5): 0x001a0c, s: 39271, e: 116074
2026-09-07 02:29:51.050323 RFHAL_KERNEL_BIN_TRACE_RX_ON RX ON -- AntPwr: -117, FreqCtrl: 0x380d5700, OF|AnaGi|AdcAttn|BQ|BWs: 0x07000700, dsp_corr: -13812
2026-09-07 02:29:51.052307 RFHAL_KERNEL_BIN_TRACE_RX_OFF RX OFF -- AntPwr: -114, prev W/NBPM: -93, -114, TF|AltADC|DCI/Q(Q5): 0x001a0c, s: 38857, e: 192460
2026-09-07 02:29:51.056305 RFHAL_KERNEL_BIN_TRACE_RX_ON RX ON -- AntPwr: -117, FreqCtrl: 0x380d5700, OF|AnaGi|AdcAttn|BQ|BWs: 0x07000700, dsp_corr: -13813
2026-09-07 02:29:51.057342 RFHAL_KERNEL_BIN_TRACE_RX_OFF RX OFF -- AntPwr: -117, prev W/NBPM: -93, -114, TF|AltADC|DCI/Q(Q5): 0x001a0c, s: 39287, e: 116090
2026-09-07 02:29:51.061309 RFHAL_KERNEL_BIN_TRACE_RX_ON RX ON -- AntPwr: -117, FreqCtrl: 0x380d5700, OF|AnaGi|AdcAttn|BQ|BWs: 0x07000700, dsp_corr: -13804
2026-09-07 02:29:51.062316 RFHAL_KERNEL_BIN_TRACE_RX_OFF RX OFF -- AntPwr: -117, prev W/NBPM: -93, -115, TF|AltADC|DCI/Q(Q5): 0x001a0c, s: 38129, e: 114932
2026-09-07 02:29:51.066314 RFHAL_KERNEL_BIN_TRACE_RX_ON RX ON -- AntPwr: -117, FreqCtrl: 0x380d5700, OF|AnaGi|AdcAttn|BQ|BWs: 0x07000700, dsp_corr: -13804
2026-09-07 02:29:51.067321 RFHAL_KERNEL_BIN_TRACE_RX_OFF RX OFF -- AntPwr: -117, prev W/NBPM: -93, -115, TF|AltADC|DCI/Q(Q5): 0x001a0c, s: 39280, e: 116083
2026-09-07 02:29:51.070312 RFHAL_KERNEL_BIN_TRACE_RX_ON RX ON -- AntPwr: -117, FreqCtrl: 0x380d5700, OF|AnaGi|AdcAttn|BQ|BWs: 0x07000700, dsp_corr: -13815
2026-09-07 02:29:51.072326 RFHAL_KERNEL_BIN_TRACE_RX_OFF RX OFF -- AntPwr: -115, prev W/NBPM: -93, -115, TF|AltADC|DCI/Q(Q5): 0x001a0c, s: 40049, e: 193652
2026-09-07 02:29:51.076324 RFHAL_KERNEL_BIN_TRACE_RX_ON RX ON -- AntPwr: -117, FreqCtrl: 0x380d5700, OF|AnaGi|AdcAttn|BQ|BWs: 0x07000700, dsp_corr: -13817
2026-09-07 02:29:51.077331 RFHAL_KERNEL_BIN_TRACE_RX_OFF RX OFF -- AntPwr: -117, prev W/NBPM: -93, -116, TF|AltADC|DCI/Q(Q5): 0x001a0c, s: 38172, e: 114975
2026-09-07 02:29:51.081329 RFHAL_KERNEL_BIN_TRACE_RX_ON RX ON -- AntPwr: -117, FreqCtrl: 0x380d5700, OF|AnaGi|AdcAttn|BQ|BWs: 0x07000700, dsp_corr: -13827
2026-09-07 02:29:51.082305 RFHAL_KERNEL_BIN_TRACE_RX_OFF RX OFF -- AntPwr: -117, prev W/NBPM: -93, -114, TF|AltADC|DCI/Q(Q5): 0x001a0c, s: 39260, e: 116063
2026-09-07 02:29:51.086303 RFHAL_KERNEL_BIN_TRACE_RX_ON RX ON -- AntPwr: -116, FreqCtrl: 0x380d5700, OF|AnaGi|AdcAttn|BQ|BWs: 0x07000700, dsp_corr: -13828
2026-09-07 02:29:51.087341 RFHAL_KERNEL_BIN_TRACE_RX_OFF RX OFF -- AntPwr: -116, prev W/NBPM: -92, -115, TF|AltADC|DCI/Q(Q5): 0x001a0c, s: 39276, e: 116079
2026-09-07 02:29:51.090332 RFHAL_KERNEL_BIN_TRACE_RX_ON RX ON -- AntPwr: -116, FreqCtrl: 0x380d5700, OF|AnaGi|AdcAttn|BQ|BWs: 0x07000700, dsp_corr: -13819
2026-09-07 02:29:51.092315 RFHAL_KERNEL_BIN_TRACE_RX_OFF RX OFF -- AntPwr: -116, prev W/NBPM: -93, -116, TF|AltADC|DCI/Q(Q5): 0x001a0c, s: 38853, e: 192456
2026-09-07 02:29:51.096313 RFHAL_KERNEL_BIN_TRACE_RX_ON RX ON -- AntPwr: -116, FreqCtrl: 0x380d5700, OF|AnaGi|AdcAttn|BQ|BWs: 0x07000700, dsp_corr: -13820
2026-09-07 02:29:51.097351 RFHAL_KERNEL_BIN_TRACE_RX_OFF RX OFF -- AntPwr: -116, prev W/NBPM: -93, -114, TF|AltADC|DCI/Q(Q5): 0x001a0c, s: 39285, e: 116088
2026-09-07 02:29:51.101318 RFHAL_KERNEL_BIN_TRACE_RX_ON RX ON -- AntPwr: -116, FreqCtrl: 0x380d5700, OF|AnaGi|AdcAttn|BQ|BWs: 0x07000700, dsp_corr: -13831
2026-09-07 02:29:51.102325 RFHAL_KERNEL_BIN_TRACE_RX_OFF RX OFF -- AntPwr: -116, prev W/NBPM: -93, -115, TF|AltADC|DCI/Q(Q5): 0x001a0c, s: 38126, e: 114929
2026-09-07 02:29:51.106323 RFHAL_KERNEL_BIN_TRACE_RX_ON RX ON -- AntPwr: -117, FreqCtrl: 0x380d5700, OF|AnaGi|AdcAttn|BQ|BWs: 0x07000700, dsp_corr: -13831
2026-09-07 02:29:51.107330 RFHAL_KERNEL_BIN_TRACE_RX_OFF RX OFF -- AntPwr: -117, prev W/NBPM: -92, -114, TF|AltADC|DCI/Q(Q5): 0x001a0c, s: 39271, e: 116074
2026-09-07 02:29:51.110321 RFHAL_KERNEL_BIN_TRACE_RX_ON RX ON -- AntPwr: -117, FreqCtrl: 0x380d5700, OF|AnaGi|AdcAttn|BQ|BWs: 0x07000700, dsp_corr: -13842
2026-09-07 02:29:51.112335 RFHAL_KERNEL_BIN_TRACE_RX_OFF RX OFF -- AntPwr: -115, prev W/NBPM: -92, -115, TF|AltADC|DCI/Q(Q5): 0x001a0c, s: 40053, e: 193656
2026-09-07 02:29:51.116333 RFHAL_KERNEL_BIN_TRACE_RX_ON RX ON -- AntPwr: -117, FreqCtrl: 0x380d5700, OF|AnaGi|AdcAttn|BQ|BWs: 0x07000700, dsp_corr: -13844
2026-09-07 02:29:51.117340 RFHAL_KERNEL_BIN_TRACE_RX_OFF RX OFF -- AntPwr: -117, prev W/NBPM: -93, -115, TF|AltADC|DCI/Q(Q5): 0x001a0c, s: 38170, e: 114973
2026-09-07 02:29:51.121307 RFHAL_KERNEL_BIN_TRACE_RX_ON RX ON -- AntPwr: -117, FreqCtrl: 0x380d5700, OF|AnaGi|AdcAttn|BQ|BWs: 0x07000700, dsp_corr: -13834
2026-09-07 02:29:51.122314 RFHAL_KERNEL_BIN_TRACE_RX_OFF RX OFF -- AntPwr: -117, prev W/NBPM: -93, -115, TF|AltADC|DCI/Q(Q5): 0x001a0c, s: 39261, e: 116064
2026-09-07 02:29:51.126312 RFHAL_KERNEL_BIN_TRACE_RX_ON RX ON -- AntPwr: -117, FreqCtrl: 0x380d5700, OF|AnaGi|AdcAttn|BQ|BWs: 0x07000700, dsp_corr: -13835
2026-09-07 02:29:51.127349 RFHAL_KERNEL_BIN_TRACE_RX_OFF RX OFF -- AntPwr: -117, prev W/NBPM: -93, -115, TF|AltADC|DCI/Q(Q5): 0x001a0c, s: 39276, e: 116079
2026-09-07 02:29:51.130310 RFHAL_KERNEL_BIN_TRACE_RX_ON RX ON -- AntPwr: -117, FreqCtrl: 0x380d5700, OF|AnaGi|AdcAttn|BQ|BWs: 0x07000700, dsp_corr: -13836
2026-09-07 02:29:51.132324 RFHAL_KERNEL_BIN_TRACE_RX_OFF RX OFF -- AntPwr: -117, prev W/NBPM: -93, -117, TF|AltADC|DCI/Q(Q5): 0x001a0c, s: 38858, e: 192461
2026-09-07 02:29:51.136322 RFHAL_KERNEL_BIN_TRACE_RX_ON RX ON -- AntPwr: -117, FreqCtrl: 0x380d5700, OF|AnaGi|AdcAttn|BQ|BWs: 0x07000700, dsp_corr: -13837
2026-09-07 02:29:51.137329 RFHAL_KERNEL_BIN_TRACE_RX_OFF RX OFF -- AntPwr: -117, prev W/NBPM: -93, -115, TF|AltADC|DCI/Q(Q5): 0x001a0c, s: 39287, e: 116090
2026-09-07 02:29:51.141326 RFHAL_KERNEL_BIN_TRACE_RX_ON RX ON -- AntPwr: -117, FreqCtrl: 0x380d5700, OF|AnaGi|AdcAttn|BQ|BWs: 0x07000700, dsp_corr: -13838
2026-09-07 02:29:51.142334 RFHAL_KERNEL_BIN_TRACE_RX_OFF RX OFF -- AntPwr: -117, prev W/NBPM: -93, -115, TF|AltADC|DCI/Q(Q5): 0x001a0c, s: 38132, e: 114935
2026-09-07 02:29:51.146331 RFHAL_KERNEL_BIN_TRACE_RX_ON RX ON -- AntPwr: -117, FreqCtrl: 0x380d5700, OF|AnaGi|AdcAttn|BQ|BWs: 0x07000700, dsp_corr: -13838
2026-09-07 02:29:51.147338 RFHAL_KERNEL_BIN_TRACE_RX_OFF RX OFF -- AntPwr: -117, prev W/NBPM: -93, -114, TF|AltADC|DCI/Q(Q5): 0x001a0c, s: 39282, e: 116085
2026-09-07 02:29:51.150329 RFHAL_KERNEL_BIN_TRACE_RX_ON RX ON -- AntPwr: -117, FreqCtrl: 0x380d5700, OF|AnaGi|AdcAttn|BQ|BWs: 0x07000700, dsp_corr: -13829
2026-09-07 02:29:51.152313 RFHAL_KERNEL_BIN_TRACE_RX_OFF RX OFF -- AntPwr: -115, prev W/NBPM: -93, -115, TF|AltADC|DCI/Q(Q5): 0x001a0c, s: 40053, e: 193656
2026-09-07 02:29:51.156311 RFHAL_KERNEL_BIN_TRACE_RX_ON RX ON -- AntPwr: -117, FreqCtrl: 0x380d5700, OF|AnaGi|AdcAttn|BQ|BWs: 0x07000700, dsp_corr: -13831
2026-09-07 02:29:51.157348 RFHAL_KERNEL_BIN_TRACE_RX_OFF RX OFF -- AntPwr: -117, prev W/NBPM: -93, -115, TF|AltADC|DCI/Q(Q5): 0x001a0c, s: 38176, e: 114979
2026-09-07 02:29:51.161316 RFHAL_KERNEL_BIN_TRACE_RX_ON RX ON -- AntPwr: -117, FreqCtrl: 0x380d5700, OF|AnaGi|AdcAttn|BQ|BWs: 0x07000700, dsp_corr: -13841
2026-09-07 02:29:51.162323 RFHAL_KERNEL_BIN_TRACE_RX_OFF RX OFF -- AntPwr: -117, prev W/NBPM: -93, -115, TF|AltADC|DCI/Q(Q5): 0x001a0c, s: 39259, e: 116062
2026-09-07 02:29:51.166320 RFHAL_KERNEL_BIN_TRACE_RX_ON RX ON -- AntPwr: -117, FreqCtrl: 0x380d5700, OF|AnaGi|AdcAttn|BQ|BWs: 0x07000700, dsp_corr: -13842
2026-09-07 02:29:51.167327 RFHAL_KERNEL_BIN_TRACE_RX_OFF RX OFF -- AntPwr: -117, prev W/NBPM: -93, -114, TF|AltADC|DCI/Q(Q5): 0x001a0c, s: 39275, e: 116078
2026-09-07 02:29:51.170318 RFHAL_KERNEL_BIN_TRACE_RX_ON RX ON -- AntPwr: -117, FreqCtrl: 0x380d5700, OF|AnaGi|AdcAttn|BQ|BWs: 0x07000700, dsp_corr: -13833
2026-09-07 02:29:51.172332 RFHAL_KERNEL_BIN_TRACE_RX_OFF RX OFF -- AntPwr: -114, prev W/NBPM: -93, -114, TF|AltADC|DCI/Q(Q5): 0x001a0c, s: 38856, e: 192459
2026-09-07 02:29:51.176330 RFHAL_KERNEL_BIN_TRACE_RX_ON RX ON -- AntPwr: -117, FreqCtrl: 0x380d5700, OF|AnaGi|AdcAttn|BQ|BWs: 0x07000700, dsp_corr: -13834
2026-09-07 02:29:51.177337 RFHAL_KERNEL_BIN_TRACE_RX_OFF RX OFF -- AntPwr: -117, prev W/NBPM: -93, -117, TF|AltADC|DCI/Q(Q5): 0x001a0c, s: 39290, e: 116093
2026-09-07 02:29:51.181335 RFHAL_KERNEL_BIN_TRACE_RX_ON RX ON -- AntPwr: -117, FreqCtrl: 0x380d5700, OF|AnaGi|AdcAttn|BQ|BWs: 0x07000700, dsp_corr: -13845
2026-09-07 02:29:51.182312 RFHAL_KERNEL_BIN_TRACE_RX_OFF RX OFF -- AntPwr: -117, prev W/NBPM: -93, -114, TF|AltADC|DCI/Q(Q5): 0x001a0c, s: 38132, e: 114935
2026-09-07 02:29:51.186309 RFHAL_KERNEL_BIN_TRACE_RX_ON RX ON -- AntPwr: -116, FreqCtrl: 0x380d5700, OF|AnaGi|AdcAttn|BQ|BWs: 0x07000700, dsp_corr: -13845
2026-09-07 02:29:51.187347 RFHAL_KERNEL_BIN_TRACE_RX_OFF RX OFF -- AntPwr: -116, prev W/NBPM: -93, -114, TF|AltADC|DCI/Q(Q5): 0x001a0c, s: 39280, e: 116083
2026-09-07 02:29:51.190307 RFHAL_KERNEL_BIN_TRACE_RX_ON RX ON -- AntPwr: -116, FreqCtrl: 0x380d5700, OF|AnaGi|AdcAttn|BQ|BWs: 0x07000700, dsp_corr: -13836
2026-09-07 02:29:51.192321 RFHAL_KERNEL_BIN_TRACE_RX_OFF RX OFF -- AntPwr: -116, prev W/NBPM: -93, -116, TF|AltADC|DCI/Q(Q5): 0x001a0c, s: 40052, e: 193655
2026-09-07 02:29:51.196319 RFHAL_KERNEL_BIN_TRACE_RX_ON RX ON -- AntPwr: -116, FreqCtrl: 0x380d5700, OF|AnaGi|AdcAttn|BQ|BWs: 0x07000700, dsp_corr: -13838
2026-09-07 02:29:51.197357 RFHAL_KERNEL_BIN_TRACE_RX_OFF RX OFF -- AntPwr: -116, prev W/NBPM: -93, -115, TF|AltADC|DCI/Q(Q5): 0x001a0c, s: 38164, e: 114967
2026-09-07 02:29:51.201324 RFHAL_KERNEL_BIN_TRACE_RX_ON RX ON -- AntPwr: -116, FreqCtrl: 0x380d5700, OF|AnaGi|AdcAttn|BQ|BWs: 0x07000700, dsp_corr: -13828
2026-09-07 02:29:51.202331 RFHAL_KERNEL_BIN_TRACE_RX_OFF RX OFF -- AntPwr: -116, prev W/NBPM: -93, -115, TF|AltADC|DCI/Q(Q5): 0x001a0c, s: 39259, e: 116062
2026-09-07 02:29:51.206329 RFHAL_KERNEL_BIN_TRACE_RX_ON RX ON -- AntPwr: -116, FreqCtrl: 0x380d5700, OF|AnaGi|AdcAttn|BQ|BWs: 0x07000700, dsp_corr: -13829
2026-09-07 02:29:51.207336 RFHAL_KERNEL_BIN_TRACE_RX_OFF RX OFF -- AntPwr: -116, prev W/NBPM: -92, -115, TF|AltADC|DCI/Q(Q5): 0x001a0c, s: 39275, e: 116078
2026-09-07 02:29:51.210327 RFHAL_KERNEL_BIN_TRACE_RX_ON RX ON -- AntPwr: -116, FreqCtrl: 0x380d5700, OF|AnaGi|AdcAttn|BQ|BWs: 0x07000700, dsp_corr: -13840
2026-09-07 02:29:51.212341 RFHAL_KERNEL_BIN_TRACE_RX_OFF RX OFF -- AntPwr: -115, prev W/NBPM: -92, -115, TF|AltADC|DCI/Q(Q5): 0x001a0c, s: 38844, e: 192447
2026-09-07 02:29:51.216308 RFHAL_KERNEL_BIN_TRACE_RX_ON RX ON -- AntPwr: -116, FreqCtrl: 0x380d5700, OF|AnaGi|AdcAttn|BQ|BWs: 0x07000700, dsp_corr: -13841
2026-09-07 02:29:51.217346 RFHAL_KERNEL_BIN_TRACE_RX_OFF RX OFF -- AntPwr: -116, prev W/NBPM: -93, -115, TF|AltADC|DCI/Q(Q5): 0x001a0c, s: 39290, e: 116093
2026-09-07 02:29:51.221313 RFHAL_KERNEL_BIN_TRACE_RX_ON RX ON -- AntPwr: -116, FreqCtrl: 0x380d5700, OF|AnaGi|AdcAttn|BQ|BWs: 0x07000700, dsp_corr: -13832
2026-09-07 02:29:51.222320 RFHAL_KERNEL_BIN_TRACE_RX_OFF RX OFF -- AntPwr: -116, prev W/NBPM: -93, -114, TF|AltADC|DCI/Q(Q5): 0x001a0c, s: 38123, e: 114926
2026-09-07 02:29:51.226318 RFHAL_KERNEL_BIN_TRACE_RX_ON RX ON -- AntPwr: -117, FreqCtrl: 0x380d5700, OF|AnaGi|AdcAttn|BQ|BWs: 0x07000700, dsp_corr: -13832
2026-09-07 02:29:51.227356 RFHAL_KERNEL_BIN_TRACE_RX_OFF RX OFF -- AntPwr: -117, prev W/NBPM: -92, -114, TF|AltADC|DCI/Q(Q5): 0x001a0c, s: 39275, e: 116078
2026-09-07 02:29:51.230316 RFHAL_KERNEL_BIN_TRACE_RX_ON RX ON -- AntPwr: -117, FreqCtrl: 0x380d5700, OF|AnaGi|AdcAttn|BQ|BWs: 0x07000700, dsp_corr: -13823
2026-09-07 02:29:51.232330 RFHAL_KERNEL_BIN_TRACE_RX_OFF RX OFF -- AntPwr: -115, prev W/NBPM: -93, -115, TF|AltADC|DCI/Q(Q5): 0x001a0b, s: 40050, e: 193653
2026-09-07 02:29:51.236328 RFHAL_KERNEL_BIN_TRACE_RX_ON RX ON -- AntPwr: -117, FreqCtrl: 0x380d5700, OF|AnaGi|AdcAttn|BQ|BWs: 0x07000700, dsp_corr: -13825
2026-09-07 02:29:51.237335 RFHAL_KERNEL_BIN_TRACE_RX_OFF RX OFF -- AntPwr: -117, prev W/NBPM: -92, -115, TF|AltADC|DCI/Q(Q5): 0x001a0b, s: 38166, e: 114969
2026-09-07 02:29:51.241333 RFHAL_KERNEL_BIN_TRACE_RX_ON RX ON -- AntPwr: -117, FreqCtrl: 0x380d5700, OF|AnaGi|AdcAttn|BQ|BWs: 0x07000700, dsp_corr: -13835
2026-09-07 02:29:51.242340 RFHAL_KERNEL_BIN_TRACE_RX_OFF RX OFF -- AntPwr: -117, prev W/NBPM: -93, -116, TF|AltADC|DCI/Q(Q5): 0x001a0b, s: 39255, e: 116058
2026-09-07 02:29:51.246337 RFHAL_KERNEL_BIN_TRACE_RX_ON RX ON -- AntPwr: -117, FreqCtrl: 0x380d5700, OF|AnaGi|AdcAttn|BQ|BWs: 0x07000700, dsp_corr: -13836
2026-09-07 02:29:51.247345 RFHAL_KERNEL_BIN_TRACE_RX_OFF RX OFF -- AntPwr: -117, prev W/NBPM: -93, -115, TF|AltADC|DCI/Q(Q5): 0x001a0b, s: 39267, e: 116070
2026-09-07 02:29:51.250335 RFHAL_KERNEL_BIN_TRACE_RX_ON RX ON -- AntPwr: -117, FreqCtrl: 0x380d5700, OF|AnaGi|AdcAttn|BQ|BWs: 0x07000700, dsp_corr: -13847
2026-09-07 02:29:51.252319 RFHAL_KERNEL_BIN_TRACE_RX_OFF RX OFF -- AntPwr: -115, prev W/NBPM: -93, -115, TF|AltADC|DCI/Q(Q5): 0x001a0b, s: 38850, e: 192453
2026-09-07 02:29:51.256317 RFHAL_KERNEL_BIN_TRACE_RX_ON RX ON -- AntPwr: -117, FreqCtrl: 0x380d5700, OF|AnaGi|AdcAttn|BQ|BWs: 0x07000700, dsp_corr: -13848
2026-09-07 02:29:51.257354 RFHAL_KERNEL_BIN_TRACE_RX_OFF RX OFF -- AntPwr: -117, prev W/NBPM: -93, -116, TF|AltADC|DCI/Q(Q5): 0x001a0b, s: 39287, e: 116090
2026-09-07 02:29:51.261322 RFHAL_KERNEL_BIN_TRACE_RX_ON RX ON -- AntPwr: -117, FreqCtrl: 0x380d5700, OF|AnaGi|AdcAttn|BQ|BWs: 0x07000700, dsp_corr: -13839
2026-09-07 02:29:51.262329 RFHAL_KERNEL_BIN_TRACE_RX_OFF RX OFF -- AntPwr: -117, prev W/NBPM: -92, -114, TF|AltADC|DCI/Q(Q5): 0x001a0b, s: 38116, e: 114919
2026-09-07 02:29:51.266326 RFHAL_KERNEL_BIN_TRACE_RX_ON RX ON -- AntPwr: -117, FreqCtrl: 0x380d5700, OF|AnaGi|AdcAttn|BQ|BWs: 0x07000700, dsp_corr: -13839
2026-09-07 02:29:51.267334 RFHAL_KERNEL_BIN_TRACE_RX_OFF RX OFF -- AntPwr: -117, prev W/NBPM: -92, -115, TF|AltADC|DCI/Q(Q5): 0x001a0b, s: 39277, e: 116080
2026-09-07 02:29:51.270324 RFHAL_KERNEL_BIN_TRACE_RX_ON RX ON -- AntPwr: -117, FreqCtrl: 0x380d5700, OF|AnaGi|AdcAttn|BQ|BWs: 0x07000700, dsp_corr: -13830
2026-09-07 02:29:51.272338 RFHAL_KERNEL_BIN_TRACE_RX_OFF RX OFF -- AntPwr: -115, prev W/NBPM: -92, -115, TF|AltADC|DCI/Q(Q5): 0x001a0b, s: 40047, e: 193650
2026-09-07 02:29:51.276336 RFHAL_KERNEL_BIN_TRACE_RX_ON RX ON -- AntPwr: -117, FreqCtrl: 0x380d5700, OF|AnaGi|AdcAttn|BQ|BWs: 0x07000700, dsp_corr: -13832
2026-09-07 02:29:51.277343 RFHAL_KERNEL_BIN_TRACE_RX_OFF RX OFF -- AntPwr: -117, prev W/NBPM: -93, -115, TF|AltADC|DCI/Q(Q5): 0x001a0b, s: 38168, e: 114971
2026-09-07 02:29:51.281311 RFHAL_KERNEL_BIN_TRACE_RX_ON RX ON -- AntPwr: -117, FreqCtrl: 0x380d5700, OF|AnaGi|AdcAttn|BQ|BWs: 0x07000700, dsp_corr: -13842
2026-09-07 02:29:51.282318 RFHAL_KERNEL_BIN_TRACE_RX_OFF RX OFF -- AntPwr: -117, prev W/NBPM: -93, -115, TF|AltADC|DCI/Q(Q5): 0x001a0c, s: 39255, e: 116058
2026-09-07 02:29:51.286316 RFHAL_KERNEL_BIN_TRACE_RX_ON RX ON -- AntPwr: -117, FreqCtrl: 0x380d5700, OF|AnaGi|AdcAttn|BQ|BWs: 0x07000700, dsp_corr: -13843
2026-09-07 02:29:51.287353 RFHAL_KERNEL_BIN_TRACE_RX_OFF RX OFF -- AntPwr: -117, prev W/NBPM: -93, -114, TF|AltADC|DCI/Q(Q5): 0x001a0c, s: 39272, e: 116075
2026-09-07 02:29:51.290313 RFHAL_KERNEL_BIN_TRACE_RX_ON RX ON -- AntPwr: -117, FreqCtrl: 0x380d5700, OF|AnaGi|AdcAttn|BQ|BWs: 0x07000700, dsp_corr: -13854
2026-09-07 02:29:51.292327 RFHAL_KERNEL_BIN_TRACE_RX_OFF RX OFF -- AntPwr: -115, prev W/NBPM: -93, -115, TF|AltADC|DCI/Q(Q5): 0x001a0b, s: 38850, e: 192453
2026-09-07 02:29:51.296325 RFHAL_KERNEL_BIN_TRACE_RX_ON RX ON -- AntPwr: -117, FreqCtrl: 0x380d5700, OF|AnaGi|AdcAttn|BQ|BWs: 0x07000700, dsp_corr: -13855
2026-09-07 02:29:51.297332 RFHAL_KERNEL_BIN_TRACE_RX_OFF RX OFF -- AntPwr: -117, prev W/NBPM: -93, -116, TF|AltADC|DCI/Q(Q5): 0x001a0b, s: 39290, e: 116093
2026-09-07 02:29:51.301330 RFHAL_KERNEL_BIN_TRACE_RX_ON RX ON -- AntPwr: -117, FreqCtrl: 0x380d5700, OF|AnaGi|AdcAttn|BQ|BWs: 0x07000700, dsp_corr: -13866
2026-09-07 02:29:51.302337 RFHAL_KERNEL_BIN_TRACE_RX_OFF RX OFF -- AntPwr: -117, prev W/NBPM: -93, -114, TF|AltADC|DCI/Q(Q5): 0x001a0b, s: 38124, e: 114927
2026-09-07 02:29:51.306335 RFHAL_KERNEL_BIN_TRACE_RX_ON RX ON -- AntPwr: -117, FreqCtrl: 0x380d5700, OF|AnaGi|AdcAttn|BQ|BWs: 0x07000700, dsp_corr: -13866
2026-09-07 02:29:51.307342 RFHAL_KERNEL_BIN_TRACE_RX_OFF RX OFF -- AntPwr: -117, prev W/NBPM: -92, -114, TF|AltADC|DCI/Q(Q5): 0x001a0b, s: 39267, e: 116070
2026-09-07 02:29:51.310333 RFHAL_KERNEL_BIN_TRACE_RX_ON RX ON -- AntPwr: -117, FreqCtrl: 0x380d5700, OF|AnaGi|AdcAttn|BQ|BWs: 0x07000700, dsp_corr: -13877
2026-09-07 02:29:51.312316 RFHAL_KERNEL_BIN_TRACE_RX_OFF RX OFF -- AntPwr: -115, prev W/NBPM: -92, -115, TF|AltADC|DCI/Q(Q5): 0x001a0b, s: 40045, e: 193648
2026-09-07 02:29:51.316314 RFHAL_KERNEL_BIN_TRACE_RX_ON RX ON -- AntPwr: -117, FreqCtrl: 0x380d5700, OF|AnaGi|AdcAttn|BQ|BWs: 0x07000700, dsp_corr: -13879
2026-09-07 02:29:51.317352 RFHAL_KERNEL_BIN_TRACE_RX_OFF RX OFF -- AntPwr: -117, prev W/NBPM: -93, -115, TF|AltADC|DCI/Q(Q5): 0x001a0b, s: 38172, e: 114975
2026-09-07 02:29:51.321319 RFHAL_KERNEL_BIN_TRACE_RX_ON RX ON -- AntPwr: -117, FreqCtrl: 0x380d5700, OF|AnaGi|AdcAttn|BQ|BWs: 0x07000700, dsp_corr: -13888
2026-09-07 02:29:51.322326 RFHAL_KERNEL_BIN_TRACE_RX_OFF RX OFF -- AntPwr: -117, prev W/NBPM: -93, -115, TF|AltADC|DCI/Q(Q5): 0x001a0b, s: 39255, e: 116058
2026-09-07 02:29:51.326324 RFHAL_KERNEL_BIN_TRACE_RX_ON RX ON -- AntPwr: -117, FreqCtrl: 0x380d5700, OF|AnaGi|AdcAttn|BQ|BWs: 0x07000700, dsp_corr: -13889
2026-09-07 02:29:51.327362 RFHAL_KERNEL_BIN_TRACE_RX_OFF RX OFF -- AntPwr: -117, prev W/NBPM: -92, -115, TF|AltADC|DCI/Q(Q5): 0x001a0b, s: 39274, e: 116077
2026-09-07 02:29:51.330322 RFHAL_KERNEL_BIN_TRACE_RX_ON RX ON -- AntPwr: -117, FreqCtrl: 0x380d5700, OF|AnaGi|AdcAttn|BQ|BWs: 0x07000700, dsp_corr: -13881
2026-09-07 02:29:51.332336 RFHAL_KERNEL_BIN_TRACE_RX_OFF RX OFF -- AntPwr: -116, prev W/NBPM: -93, -116, TF|AltADC|DCI/Q(Q5): 0x001a0b, s: 38845, e: 192448
2026-09-07 02:29:51.336334 RFHAL_KERNEL_BIN_TRACE_RX_ON RX ON -- AntPwr: -117, FreqCtrl: 0x380d5700, OF|AnaGi|AdcAttn|BQ|BWs: 0x07000700, dsp_corr: -13882
2026-09-07 02:29:51.337341 RFHAL_KERNEL_BIN_TRACE_RX_OFF RX OFF -- AntPwr: -117, prev W/NBPM: -93, -115, TF|AltADC|DCI/Q(Q5): 0x001a0b, s: 39287, e: 116090
2026-09-07 02:29:51.341339 RFHAL_KERNEL_BIN_TRACE_RX_ON RX ON -- AntPwr: -117, FreqCtrl: 0x380d5700, OF|AnaGi|AdcAttn|BQ|BWs: 0x07000700, dsp_corr: -13892
2026-09-07 02:29:51.342346 RFHAL_KERNEL_BIN_TRACE_RX_OFF RX OFF -- AntPwr: -117, prev W/NBPM: -93, -114, TF|AltADC|DCI/Q(Q5): 0x001a0b, s: 38130, e: 114933
2026-09-07 02:29:51.346313 RFHAL_KERNEL_BIN_TRACE_RX_ON RX ON -- AntPwr: -117, FreqCtrl: 0x380d5700, OF|AnaGi|AdcAttn|BQ|BWs: 0x07000700, dsp_corr: -13892
2026-09-07 02:29:51.347351 RFHAL_KERNEL_BIN_TRACE_RX_OFF RX OFF -- AntPwr: -117, prev W/NBPM: -93, -115, TF|AltADC|DCI/Q(Q5): 0x001a0b, s: 39276, e: 116079
2026-09-07 02:29:51.350341 RFHAL_KERNEL_BIN_TRACE_RX_ON RX ON -- AntPwr: -117, FreqCtrl: 0x380d5700, OF|AnaGi|AdcAttn|BQ|BWs: 0x07000700, dsp_corr: -13884
2026-09-07 02:29:51.352325 RFHAL_KERNEL_BIN_TRACE_RX_OFF RX OFF -- AntPwr: -114, prev W/NBPM: -93, -114, TF|AltADC|DCI/Q(Q5): 0x001a0b, s: 40048, e: 193651
2026-09-07 02:29:51.356323 RFHAL_KERNEL_BIN_TRACE_RX_ON RX ON -- AntPwr: -117, FreqCtrl: 0x380d5700, OF|AnaGi|AdcAttn|BQ|BWs: 0x07000700, dsp_corr: -13886
2026-09-07 02:29:51.357360 RFHAL_KERNEL_BIN_TRACE_RX_OFF RX OFF -- AntPwr: -117, prev W/NBPM: -93, -116, TF|AltADC|DCI/Q(Q5): 0x001a0b, s: 38158, e: 114961
2026-09-07 02:29:51.361328 RFHAL_KERNEL_BIN_TRACE_RX_ON RX ON -- AntPwr: -117, FreqCtrl: 0x380d5700, OF|AnaGi|AdcAttn|BQ|BWs: 0x07000700, dsp_corr: -13876
2026-09-07 02:29:51.362335 RFHAL_KERNEL_BIN_TRACE_RX_OFF RX OFF -- AntPwr: -117, prev W/NBPM: -93, -114, TF|AltADC|DCI/Q(Q5): 0x001a0c, s: 39257, e: 116060
2026-09-07 02:29:51.366333 RFHAL_KERNEL_BIN_TRACE_RX_ON RX ON -- AntPwr: -117, FreqCtrl: 0x380d5700, OF|AnaGi|AdcAttn|BQ|BWs: 0x07000700, dsp_corr: -13877
2026-09-07 02:29:51.367340 RFHAL_KERNEL_BIN_TRACE_RX_OFF RX OFF -- AntPwr: -117, prev W/NBPM: -93, -115, TF|AltADC|DCI/Q(Q5): 0x001a0c, s: 39268, e: 116071
2026-09-07 02:29:51.370330 RFHAL_KERNEL_BIN_TRACE_RX_ON RX ON -- AntPwr: -117, FreqCtrl: 0x380d5700, OF|AnaGi|AdcAttn|BQ|BWs: 0x07000700, dsp_corr: -13868
2026-09-07 02:29:51.372345 RFHAL_KERNEL_BIN_TRACE_RX_OFF RX OFF -- AntPwr: -114, prev W/NBPM: -93, -114, TF|AltADC|DCI/Q(Q5): 0x001a0c, s: 38841, e: 192444
2026-09-07 02:29:51.376342 RFHAL_KERNEL_BIN_TRACE_RX_ON RX ON -- AntPwr: -117, FreqCtrl: 0x380d5700, OF|AnaGi|AdcAttn|BQ|BWs: 0x07000700, dsp_corr: -13869
2026-09-07 02:29:51.377349 RFHAL_KERNEL_BIN_TRACE_RX_OFF RX OFF -- AntPwr: -117, prev W/NBPM: -93, -115, TF|AltADC|DCI/Q(Q5): 0x001a0c, s: 39289, e: 116092
2026-09-07 02:29:51.381317 RFHAL_KERNEL_BIN_TRACE_RX_ON RX ON -- AntPwr: -117, FreqCtrl: 0x380d5700, OF|AnaGi|AdcAttn|BQ|BWs: 0x07000700, dsp_corr: -13880
2026-09-07 02:29:51.382324 RFHAL_KERNEL_BIN_TRACE_RX_OFF RX OFF -- AntPwr: -117, prev W/NBPM: -93, -114, TF|AltADC|DCI/Q(Q5): 0x001a0c, s: 38132, e: 114935
2026-09-07 02:29:51.386322 RFHAL_KERNEL_BIN_TRACE_RX_ON RX ON -- AntPwr: -117, FreqCtrl: 0x380d5700, OF|AnaGi|AdcAttn|BQ|BWs: 0x07000700, dsp_corr: -13880
2026-09-07 02:29:51.387359 RFHAL_KERNEL_BIN_TRACE_RX_OFF RX OFF -- AntPwr: -117, prev W/NBPM: -92, -115, TF|AltADC|DCI/Q(Q5): 0x001a0c, s: 39274, e: 116077
2026-09-07 02:29:51.390319 RFHAL_KERNEL_BIN_TRACE_RX_ON RX ON -- AntPwr: -117, FreqCtrl: 0x380d5700, OF|AnaGi|AdcAttn|BQ|BWs: 0x07000700, dsp_corr: -13871
2026-09-07 02:29:51.392334 RFHAL_KERNEL_BIN_TRACE_RX_OFF RX OFF -- AntPwr: -114, prev W/NBPM: -93, -114, TF|AltADC|DCI/Q(Q5): 0x001a0c, s: 40050, e: 193653
2026-09-07 02:29:51.396331 RFHAL_KERNEL_BIN_TRACE_RX_ON RX ON -- AntPwr: -117, FreqCtrl: 0x380d5700, OF|AnaGi|AdcAttn|BQ|BWs: 0x07000700, dsp_corr: -13872
2026-09-07 02:29:51.397338 RFHAL_KERNEL_BIN_TRACE_RX_OFF RX OFF -- AntPwr: -117, prev W/NBPM: -93, -115, TF|AltADC|DCI/Q(Q5): 0x001a0c, s: 38162, e: 114965
2026-09-07 02:29:51.401336 RFHAL_KERNEL_BIN_TRACE_RX_ON RX ON -- AntPwr: -117, FreqCtrl: 0x380d5700, OF|AnaGi|AdcAttn|BQ|BWs: 0x07000700, dsp_corr: -13862
2026-09-07 02:29:51.402343 RFHAL_KERNEL_BIN_TRACE_RX_OFF RX OFF -- AntPwr: -117, prev W/NBPM: -93, -116, TF|AltADC|DCI/Q(Q5): 0x001a0c, s: 39255, e: 116058
2026-09-07 02:29:51.406341 RFHAL_KERNEL_BIN_TRACE_RX_ON RX ON -- AntPwr: -117, FreqCtrl: 0x380d5700, OF|AnaGi|AdcAttn|BQ|BWs: 0x07000700, dsp_corr: -13863
2026-09-07 02:29:51.407348 RFHAL_KERNEL_BIN_TRACE_RX_OFF RX OFF -- AntPwr: -117, prev W/NBPM: -93, -116, TF|AltADC|DCI/Q(Q5): 0x001a0c, s: 39268, e: 116071
2026-09-07 02:29:51.410339 RFHAL_KERNEL_BIN_TRACE_RX_ON RX ON -- AntPwr: -117, FreqCtrl: 0x380d5700, OF|AnaGi|AdcAttn|BQ|BWs: 0x07000700, dsp_corr: -13855
2026-09-07 02:29:51.412323 RFHAL_KERNEL_BIN_TRACE_RX_OFF RX OFF -- AntPwr: -116, prev W/NBPM: -93, -116, TF|AltADC|DCI/Q(Q5): 0x001a0c, s: 38841, e: 192444
2026-09-07 02:29:51.416320 RFHAL_KERNEL_BIN_TRACE_RX_ON RX ON -- AntPwr: -117, FreqCtrl: 0x380d5700, OF|AnaGi|AdcAttn|BQ|BWs: 0x07000700, dsp_corr: -13856
2026-09-07 02:29:51.417358 RFHAL_KERNEL_BIN_TRACE_RX_OFF RX OFF -- AntPwr: -117, prev W/NBPM: -92, -114, TF|AltADC|DCI/Q(Q5): 0x001a0c, s: 39292, e: 116095
2026-09-07 02:29:51.421325 RFHAL_KERNEL_BIN_TRACE_RX_ON RX ON -- AntPwr: -117, FreqCtrl: 0x380d5700, OF|AnaGi|AdcAttn|BQ|BWs: 0x07000700, dsp_corr: -13848
2026-09-07 02:29:51.422332 RFHAL_KERNEL_BIN_TRACE_RX_OFF RX OFF -- AntPwr: -117, prev W/NBPM: -93, -116, TF|AltADC|DCI/Q(Q5): 0x001a0c, s: 38131, e: 114934
2026-09-07 02:29:51.426330 RFHAL_KERNEL_BIN_TRACE_RX_ON RX ON -- AntPwr: -116, FreqCtrl: 0x380d5700, OF|AnaGi|AdcAttn|BQ|BWs: 0x07000700, dsp_corr: -13848
2026-09-07 02:29:51.427337 RFHAL_KERNEL_BIN_TRACE_RX_OFF RX OFF -- AntPwr: -116, prev W/NBPM: -93, -115, TF|AltADC|DCI/Q(Q5): 0x001a0c, s: 39275, e: 116078
2026-09-07 02:29:51.430328 RFHAL_KERNEL_BIN_TRACE_RX_ON RX ON -- AntPwr: -116, FreqCtrl: 0x380d5700, OF|AnaGi|AdcAttn|BQ|BWs: 0x07000700, dsp_corr: -13858
2026-09-07 02:29:51.432342 RFHAL_KERNEL_BIN_TRACE_RX_OFF RX OFF -- AntPwr: -115, prev W/NBPM: -93, -115, TF|AltADC|DCI/Q(Q5): 0x001a0c, s: 40045, e: 193648
2026-09-07 02:29:51.436340 RFHAL_KERNEL_BIN_TRACE_RX_ON RX ON -- AntPwr: -117, FreqCtrl: 0x380d5700, OF|AnaGi|AdcAttn|BQ|BWs: 0x07000700, dsp_corr: -13859
2026-09-07 02:29:51.437347 RFHAL_KERNEL_BIN_TRACE_RX_OFF RX OFF -- AntPwr: -117, prev W/NBPM: -93, -115, TF|AltADC|DCI/Q(Q5): 0x001a0c, s: 38162, e: 114965
2026-09-07 02:29:51.441345 RFHAL_KERNEL_BIN_TRACE_RX_ON RX ON -- AntPwr: -117, FreqCtrl: 0x380d5700, OF|AnaGi|AdcAttn|BQ|BWs: 0x07000700, dsp_corr: -13869
2026-09-07 02:29:51.442321 RFHAL_KERNEL_BIN_TRACE_RX_OFF RX OFF -- AntPwr: -117, prev W/NBPM: -93, -115, TF|AltADC|DCI/Q(Q5): 0x001a0c, s: 39256, e: 116059
2026-09-07 02:29:51.446319 RFHAL_KERNEL_BIN_TRACE_RX_ON RX ON -- AntPwr: -118, FreqCtrl: 0x380d5700, OF|AnaGi|AdcAttn|BQ|BWs: 0x07000700, dsp_corr: -13870
2026-09-07 02:29:51.447357 RFHAL_KERNEL_BIN_TRACE_RX_OFF RX OFF -- AntPwr: -118, prev W/NBPM: -93, -114, TF|AltADC|DCI/Q(Q5): 0x001a0c, s: 39269, e: 116072
2026-09-07 02:29:51.450347 RFHAL_KERNEL_BIN_TRACE_RX_ON RX ON -- AntPwr: -118, FreqCtrl: 0x380d5700, OF|AnaGi|AdcAttn|BQ|BWs: 0x07000700, dsp_corr: -13862
2026-09-07 02:29:51.452331 RFHAL_KERNEL_BIN_TRACE_RX_OFF RX OFF -- AntPwr: -114, prev W/NBPM: -93, -114, TF|AltADC|DCI/Q(Q5): 0x001a0c, s: 38839, e: 192442
2026-09-07 02:29:51.456329 RFHAL_KERNEL_BIN_TRACE_RX_ON RX ON -- AntPwr: -118, FreqCtrl: 0x380d5700, OF|AnaGi|AdcAttn|BQ|BWs: 0x07000700, dsp_corr: -13863
2026-09-07 02:29:51.457367 RFHAL_KERNEL_BIN_TRACE_RX_OFF RX OFF -- AntPwr: -118, prev W/NBPM: -93, -116, TF|AltADC|DCI/Q(Q5): 0x001a0c, s: 39287, e: 116090
2026-09-07 02:29:51.461334 RFHAL_KERNEL_BIN_TRACE_RX_ON RX ON -- AntPwr: -118, FreqCtrl: 0x380d5700, OF|AnaGi|AdcAttn|BQ|BWs: 0x07000700, dsp_corr: -13874
2026-09-07 02:29:51.462341 RFHAL_KERNEL_BIN_TRACE_RX_OFF RX OFF -- AntPwr: -118, prev W/NBPM: -93, -117, TF|AltADC|DCI/Q(Q5): 0x001a0c, s: 38125, e: 114928
2026-09-07 02:29:51.466339 RFHAL_KERNEL_BIN_TRACE_RX_ON RX ON -- AntPwr: -118, FreqCtrl: 0x380d5700, OF|AnaGi|AdcAttn|BQ|BWs: 0x07000700, dsp_corr: -13874
2026-09-07 02:29:51.467346 RFHAL_KERNEL_BIN_TRACE_RX_OFF RX OFF -- AntPwr: -118, prev W/NBPM: -93, -114, TF|AltADC|DCI/Q(Q5): 0x001a0c, s: 39275, e: 116078
2026-09-07 02:29:51.470336 RFHAL_KERNEL_BIN_TRACE_RX_ON RX ON -- AntPwr: -118, FreqCtrl: 0x380d5700, OF|AnaGi|AdcAttn|BQ|BWs: 0x07000700, dsp_corr: -13885
2026-09-07 02:29:51.472351 RFHAL_KERNEL_BIN_TRACE_RX_OFF RX OFF -- AntPwr: -114, prev W/NBPM: -92, -114, TF|AltADC|DCI/Q(Q5): 0x001a0c, s: 40048, e: 193651
2026-09-07 02:29:51.476348 RFHAL_KERNEL_BIN_TRACE_RX_ON RX ON -- AntPwr: -118, FreqCtrl: 0x380d5700, OF|AnaGi|AdcAttn|BQ|BWs: 0x07000700, dsp_corr: -13886
2026-09-07 02:29:51.477356 RFHAL_KERNEL_BIN_TRACE_RX_OFF RX OFF -- AntPwr: -118, prev W/NBPM: -93, -114, TF|AltADC|DCI/Q(Q5): 0x001a0c, s: 38171, e: 114974
2026-09-07 02:29:51.481323 RFHAL_KERNEL_BIN_TRACE_RX_ON RX ON -- AntPwr: -118, FreqCtrl: 0x380d5700, OF|AnaGi|AdcAttn|BQ|BWs: 0x07000700, dsp_corr: -13896
2026-09-07 02:29:51.482330 RFHAL_KERNEL_BIN_TRACE_RX_OFF RX OFF -- AntPwr: -118, prev W/NBPM: -93, -115, TF|AltADC|DCI/Q(Q5): 0x001a0c, s: 39253, e: 116056
2026-09-07 02:29:51.486328 RFHAL_KERNEL_BIN_TRACE_RX_ON RX ON -- AntPwr: -117, FreqCtrl: 0x380d5700, OF|AnaGi|AdcAttn|BQ|BWs: 0x07000700, dsp_corr: -13897
2026-09-07 02:29:51.487365 RFHAL_KERNEL_BIN_TRACE_RX_OFF RX OFF -- AntPwr: -117, prev W/NBPM: -93, -115, TF|AltADC|DCI/Q(Q5): 0x001a0c, s: 39268, e: 116071
2026-09-07 02:29:51.490326 RFHAL_KERNEL_BIN_TRACE_RX_ON RX ON -- AntPwr: -117, FreqCtrl: 0x380d5700, OF|AnaGi|AdcAttn|BQ|BWs: 0x07000700, dsp_corr: -13889
2026-09-07 02:29:51.492340 RFHAL_KERNEL_BIN_TRACE_RX_OFF RX OFF -- AntPwr: -115, prev W/NBPM: -93, -115, TF|AltADC|DCI/Q(Q5): 0x001a0c, s: 38847, e: 192450
2026-09-07 02:29:51.496337 RFHAL_KERNEL_BIN_TRACE_RX_ON RX ON -- AntPwr: -117, FreqCtrl: 0x380d5700, OF|AnaGi|AdcAttn|BQ|BWs: 0x07000700, dsp_corr: -13890
2026-09-07 02:29:51.497345 RFHAL_KERNEL_BIN_TRACE_RX_OFF RX OFF -- AntPwr: -117, prev W/NBPM: -92, -115, TF|AltADC|DCI/Q(Q5): 0x001a0c, s: 39289, e: 116092
2026-09-07 02:29:51.501342 RFHAL_KERNEL_BIN_TRACE_RX_ON RX ON -- AntPwr: -117, FreqCtrl: 0x380d5700, OF|AnaGi|AdcAttn|BQ|BWs: 0x07000700, dsp_corr: -13901
2026-09-07 02:29:51.502349 RFHAL_KERNEL_BIN_TRACE_RX_OFF RX OFF -- AntPwr: -117, prev W/NBPM: -93, -115, TF|AltADC|DCI/Q(Q5): 0x001a0c, s: 38130, e: 114933
2026-09-07 02:29:51.506347 RFHAL_KERNEL_BIN_TRACE_RX_ON RX ON -- AntPwr: -116, FreqCtrl: 0x380d5700, OF|AnaGi|AdcAttn|BQ|BWs: 0x07000700, dsp_corr: -13901
2026-09-07 02:29:51.507354 RFHAL_KERNEL_BIN_TRACE_RX_OFF RX OFF -- AntPwr: -116, prev W/NBPM: -93, -115, TF|AltADC|DCI/Q(Q5): 0x001a0c, s: 39267, e: 116070
2026-09-07 02:29:51.510345 RFHAL_KERNEL_BIN_TRACE_RX_ON RX ON -- AntPwr: -116, FreqCtrl: 0x380d5700, OF|AnaGi|AdcAttn|BQ|BWs: 0x07000700, dsp_corr: -13912
2026-09-07 02:29:51.512329 RFHAL_KERNEL_BIN_TRACE_RX_OFF RX OFF -- AntPwr: -115, prev W/NBPM: -93, -115, TF|AltADC|DCI/Q(Q5): 0x001a0c, s: 39615, e: 193218
2026-09-07 02:29:51.519409 RFHAL_KERNEL_BIN_TRACE_RX_ON RX ON -- AntPwr: -104, FreqCtrl: 0x380d5700, OF|AnaGi|AdcAttn|BQ|BWs: 0x07000700, dsp_corr: 6141
2026-09-07 02:29:51.530395 RFHAL_KERNEL_BIN_TRACE_RX_OFF RX OFF -- AntPwr: -116, prev W/NBPM: -92, -116, TF|AltADC|DCI/Q(Q5): 0x001a0c, s: 496083, e: 1340883
2026-09-07 02:29:51.537292 RFHAL_KERNEL_BIN_TRACE_RX_ON RX ON -- AntPwr: -105, FreqCtrl: 0x380d5700, OF|AnaGi|AdcAttn|BQ|BWs: 0x07000700, dsp_corr: -6141
2026-09-07 02:29:51.548309 RFHAL_KERNEL_BIN_TRACE_RX_OFF RX OFF -- AntPwr: -114, prev W/NBPM: -92, -114, TF|AltADC|DCI/Q(Q5): 0x001a0c, s: 496051, e: 1340851
2026-09-07 02:29:51.555206 RFHAL_KERNEL_BIN_TRACE_RX_ON RX ON -- AntPwr: -104, FreqCtrl: 0x380d5700, OF|AnaGi|AdcAttn|BQ|BWs: 0x07000700, dsp_corr: 18423
2026-09-07 02:29:51.566192 RFHAL_KERNEL_BIN_TRACE_RX_OFF RX OFF -- AntPwr: -114, prev W/NBPM: -93, -114, TF|AltADC|DCI/Q(Q5): 0x001a0c, s: 496052, e: 1340852
2026-09-07 02:29:51.573089 RFHAL_KERNEL_BIN_TRACE_RX_ON RX ON -- AntPwr: -104, FreqCtrl: 0x380d5700, OF|AnaGi|AdcAttn|BQ|BWs: 0x07000700, dsp_corr: -18423
2026-09-07 02:29:51.584076 RFHAL_KERNEL_BIN_TRACE_RX_OFF RX OFF -- AntPwr: -114, prev W/NBPM: -93, -114, TF|AltADC|DCI/Q(Q5): 0x001a0c, s: 496054, e: 1340854
2026-09-07 02:29:51.584686 L23_DEFAULT_INFO_RRCSTATECHANGEEVENT RRC State: 1
2026-09-07 02:29:51.585174 L23_DEFAULT_INFO_EMM_STATE_VALUE emm_state: 2, emm_substate: 4
2026-09-07 02:29:51.585540 L23_DEFAULT_INFO_RRCSTATECHANGEEVENT RRC State: 0
2026-09-07 02:29:51.585540 L23_ERRC_3GPP_TIMER_STOP 0 STOP
2026-09-07 02:29:51.585571 L23_ERRC_3GPP_TIMER_STOP 1 STOP
2026-09-07 02:29:51.585571 L23_ERRC_3GPP_TIMER_STOP 4 STOP
2026-09-07 02:29:51.585571 L23_ERRC_3GPP_TIMER_STOP 6 STOP
2026-09-07 02:29:51.585571 L23_ERRC_3GPP_TIMER_STOP 7 STOP
2026-09-07 02:29:51.585571 L23_ERRC_3GPP_TIMER_STOP 9 STOP
2026-09-07 02:29:51.585601 L23_ERRC_3GPP_TIMER_STOP 10 STOP
2026-09-07 02:29:51.585601 L23_ERRC_3GPP_TIMER_STOP 13 STOP
2026-09-07 02:29:51.585601 L23_ERRC_3GPP_TIMER_STOP 11 STOP
2026-09-07 02:29:51.585601 L23_ERRC_3GPP_TIMER_STOP 12 STOP
2026-09-07 02:29:51.587341 L23_AT_STRING <= +CEREG: 91,,,14\r\n
2026-09-07 02:29:51.587555 L23_AT_STRING <= +CEREG: 4\r\n
2026-09-07 02:29:53.585662 L23_DEFAULT_INFO_RRCSTATECHANGEEVENT RRC State: 0
2026-09-07 02:29:53.607025 L23_DEFAULT_INFO_RRCSTATECHANGEEVENT RRC State: 1
2026-09-07 02:29:53.608398 L23_DEFAULT_INFO_EMM_STATE_VALUE emm_state: 2, emm_substate: 2
2026-09-07 02:29:53.618713 RFHAL_KERNEL_BIN_TRACE_RX_ON RX ON -- AntPwr: -102, FreqCtrl: 0x380d5700, OF|AnaGi|AdcAttn|BQ|BWs: 0x07000700, dsp_corr: 6141
2026-09-07 02:29:53.629699 RFHAL_KERNEL_BIN_TRACE_RX_OFF RX OFF -- AntPwr: -114, prev W/NBPM: -92, -114, TF|AltADC|DCI/Q(Q5): 0x001b0c, s: 550601, e: 1395401
2026-09-07 02:29:53.636596 RFHAL_KERNEL_BIN_TRACE_RX_ON RX ON -- AntPwr: -103, FreqCtrl: 0x380d5700, OF|AnaGi|AdcAttn|BQ|BWs: 0x07000700, dsp_corr: -6141
2026-09-07 02:29:53.647583 RFHAL_KERNEL_BIN_TRACE_RX_OFF RX OFF -- AntPwr: -114, prev W/NBPM: -92, -114, TF|AltADC|DCI/Q(Q5): 0x001a0c, s: 496057, e: 1340857
2026-09-07 02:29:53.654480 RFHAL_KERNEL_BIN_TRACE_RX_ON RX ON -- AntPwr: -104, FreqCtrl: 0x380d5700, OF|AnaGi|AdcAttn|BQ|BWs: 0x07000700, dsp_corr: 18423
2026-09-07 02:29:53.665496 RFHAL_KERNEL_BIN_TRACE_RX_OFF RX OFF -- AntPwr: -114, prev W/NBPM: -93, -114, TF|AltADC|DCI/Q(Q5): 0x001a0c, s: 496050, e: 1340850
2026-09-07 02:29:53.672393 RFHAL_KERNEL_BIN_TRACE_RX_ON RX ON -- AntPwr: -102, FreqCtrl: 0x380d5700, OF|AnaGi|AdcAttn|BQ|BWs: 0x07000700, dsp_corr: -18423
2026-09-07 02:29:53.683380 RFHAL_KERNEL_BIN_TRACE_RX_OFF RX OFF -- AntPwr: -114, prev W/NBPM: -93, -114, TF|AltADC|DCI/Q(Q5): 0x001a0c, s: 496048, e: 1340848
2026-09-07 02:29:53.683990 L23_DEFAULT_INFO_RRCSTATECHANGEEVENT RRC State: 1
2026-09-07 02:29:53.684448 L23_DEFAULT_INFO_EMM_STATE_VALUE emm_state: 2, emm_substate: 4
2026-09-07 02:29:53.684814 L23_DEFAULT_INFO_RRCSTATECHANGEEVENT RRC State: 0
2026-09-07 02:29:53.684814 L23_ERRC_3GPP_TIMER_STOP 0 STOP
2026-09-07 02:29:53.684845 L23_ERRC_3GPP_TIMER_STOP 1 STOP
2026-09-07 02:29:53.684845 L23_ERRC_3GPP_TIMER_STOP 4 STOP
2026-09-07 02:29:53.684845 L23_ERRC_3GPP_TIMER_STOP 6 STOP
2026-09-07 02:29:53.684845 L23_ERRC_3GPP_TIMER_STOP 7 STOP
2026-09-07 02:29:53.684845 L23_ERRC_3GPP_TIMER_STOP 9 STOP
2026-09-07 02:29:53.684875 L23_ERRC_3GPP_TIMER_STOP 10 STOP
2026-09-07 02:29:53.684875 L23_ERRC_3GPP_TIMER_STOP 13 STOP
2026-09-07 02:29:53.684875 L23_ERRC_3GPP_TIMER_STOP 11 STOP
2026-09-07 02:29:53.684875 L23_ERRC_3GPP_TIMER_STOP 12 STOP
2026-09-07 02:29:55.684906 L23_DEFAULT_INFO_RRCSTATECHANGEEVENT RRC State: 0
2026-09-07 02:29:55.706268 L23_DEFAULT_INFO_RRCSTATECHANGEEVENT RRC State: 1
2026-09-07 02:29:55.707611 L23_DEFAULT_INFO_EMM_STATE_VALUE emm_state: 2, emm_substate: 2
2026-09-07 02:29:55.717895 RFHAL_KERNEL_BIN_TRACE_RX_ON RX ON -- AntPwr: -103, FreqCtrl: 0x380d5700, OF|AnaGi|AdcAttn|BQ|BWs: 0x07000700, dsp_corr: 6141
2026-09-07 02:29:55.728912 RFHAL_KERNEL_BIN_TRACE_RX_OFF RX OFF -- AntPwr: -114, prev W/NBPM: -93, -114, TF|AltADC|DCI/Q(Q5): 0x001b0c, s: 550598, e: 1395398
2026-09-07 02:29:55.735809 RFHAL_KERNEL_BIN_TRACE_RX_ON RX ON -- AntPwr: -103, FreqCtrl: 0x380d5700, OF|AnaGi|AdcAttn|BQ|BWs: 0x07000700, dsp_corr: -6141
2026-09-07 02:29:55.746795 RFHAL_KERNEL_BIN_TRACE_RX_OFF RX OFF -- AntPwr: -115, prev W/NBPM: -92, -115, TF|AltADC|DCI/Q(Q5): 0x001b0c, s: 496055, e: 1340855
2026-09-07 02:29:55.753692 RFHAL_KERNEL_BIN_TRACE_RX_ON RX ON -- AntPwr: -104, FreqCtrl: 0x380d5700, OF|AnaGi|AdcAttn|BQ|BWs: 0x07000700, dsp_corr: 18423
2026-09-07 02:29:55.764679 RFHAL_KERNEL_BIN_TRACE_RX_OFF RX OFF -- AntPwr: -115, prev W/NBPM: -92, -115, TF|AltADC|DCI/Q(Q5): 0x001a0c, s: 496052, e: 1340852
2026-09-07 02:29:55.771576 RFHAL_KERNEL_BIN_TRACE_RX_ON RX ON -- AntPwr: -105, FreqCtrl: 0x380d5700, OF|AnaGi|AdcAttn|BQ|BWs: 0x07000700, dsp_corr: -18423
2026-09-07 02:29:55.782592 RFHAL_KERNEL_BIN_TRACE_RX_OFF RX OFF -- AntPwr: -116, prev W/NBPM: -93, -116, TF|AltADC|DCI/Q(Q5): 0x001a0c, s: 496052, e: 1340852
2026-09-07 02:29:55.783203 L23_DEFAULT_INFO_RRCSTATECHANGEEVENT RRC State: 1
2026-09-07 02:29:55.783660 L23_DEFAULT_INFO_EMM_STATE_VALUE emm_state: 2, emm_substate: 4
2026-09-07 02:29:55.784057 L23_DEFAULT_INFO_RRCSTATECHANGEEVENT RRC State: 0
2026-09-07 02:29:55.784057 L23_ERRC_3GPP_TIMER_STOP 0 STOP
2026-09-07 02:29:55.784057 L23_ERRC_3GPP_TIMER_STOP 1 STOP
2026-09-07 02:29:55.784057 L23_ERRC_3GPP_TIMER_STOP 4 STOP
2026-09-07 02:29:55.784057 L23_ERRC_3GPP_TIMER_STOP 6 STOP
2026-09-07 02:29:55.784057 L23_ERRC_3GPP_TIMER_STOP 7 STOP
2026-09-07 02:29:55.784088 L23_ERRC_3GPP_TIMER_STOP 9 STOP
2026-09-07 02:29:55.784088 L23_ERRC_3GPP_TIMER_STOP 10 STOP
2026-09-07 02:29:55.784088 L23_ERRC_3GPP_TIMER_STOP 13 STOP
2026-09-07 02:29:55.784088 L23_ERRC_3GPP_TIMER_STOP 11 STOP
2026-09-07 02:29:55.784118 L23_ERRC_3GPP_TIMER_STOP 12 STOP
2026-09-07 02:29:57.783538 TRACE_SYSTEM_WARNING Traces dropped kernel: 0 user: 4 (buffer: 0 peer buffer: 0 message: 4) - Throughput: kernel: 2678 user: 6837 bytes / s
2026-09-07 02:29:57.784118 L23_DEFAULT_INFO_RRCSTATECHANGEEVENT RRC State: 0
2026-09-07 02:29:57.805511 L23_DEFAULT_INFO_RRCSTATECHANGEEVENT RRC State: 1
2026-09-07 02:29:57.806884 L23_DEFAULT_INFO_EMM_STATE_VALUE emm_state: 2, emm_substate: 2
2026-09-07 02:29:57.817199 RFHAL_KERNEL_BIN_TRACE_RX_ON RX ON -- AntPwr: -105, FreqCtrl: 0x380d5700, OF|AnaGi|AdcAttn|BQ|BWs: 0x07000700, dsp_corr: 6141
2026-09-07 02:29:57.828186 RFHAL_KERNEL_BIN_TRACE_RX_OFF RX OFF -- AntPwr: -115, prev W/NBPM: -92, -115, TF|AltADC|DCI/Q(Q5): 0x001b0c, s: 550605, e: 1395405
2026-09-07 02:29:57.835083 RFHAL_KERNEL_BIN_TRACE_RX_ON RX ON -- AntPwr: -104, FreqCtrl: 0x380d5700, OF|AnaGi|AdcAttn|BQ|BWs: 0x07000700, dsp_corr: -6141
2026-09-07 02:29:57.846069 RFHAL_KERNEL_BIN_TRACE_RX_OFF RX OFF -- AntPwr: -114, prev W/NBPM: -93, -114, TF|AltADC|DCI/Q(Q5): 0x001b0c, s: 496056, e: 1340856
2026-09-07 02:29:57.852966 RFHAL_KERNEL_BIN_TRACE_RX_ON RX ON -- AntPwr: -104, FreqCtrl: 0x380d5700, OF|AnaGi|AdcAttn|BQ|BWs: 0x07000700, dsp_corr: 18423
2026-09-07 02:29:57.863983 RFHAL_KERNEL_BIN_TRACE_RX_OFF RX OFF -- AntPwr: -115, prev W/NBPM: -93, -115, TF|AltADC|DCI/Q(Q5): 0x001b0c, s: 496054, e: 1340854
2026-09-07 02:29:57.870849 RFHAL_KERNEL_BIN_TRACE_RX_ON RX ON -- AntPwr: -104, FreqCtrl: 0x380d5700, OF|AnaGi|AdcAttn|BQ|BWs: 0x07000700, dsp_corr: -18423
2026-09-07 02:29:57.881866 RFHAL_KERNEL_BIN_TRACE_RX_OFF RX OFF -- AntPwr: -115, prev W/NBPM: -93, -115, TF|AltADC|DCI/Q(Q5): 0x001b0c, s: 496051, e: 1340851
2026-09-07 02:29:57.882476 L23_DEFAULT_INFO_RRCSTATECHANGEEVENT RRC State: 1
2026-09-07 02:29:57.882934 L23_DEFAULT_INFO_EMM_STATE_VALUE emm_state: 2, emm_substate: 4
2026-09-07 02:29:57.883300 L23_DEFAULT_INFO_RRCSTATECHANGEEVENT RRC State: 0
2026-09-07 02:29:57.883300 L23_ERRC_3GPP_TIMER_STOP 0 STOP
2026-09-07 02:29:57.883331 L23_ERRC_3GPP_TIMER_STOP 1 STOP
2026-09-07 02:29:57.883331 L23_ERRC_3GPP_TIMER_STOP 4 STOP
2026-09-07 02:29:57.883331 L23_ERRC_3GPP_TIMER_STOP 6 STOP
2026-09-07 02:29:57.883331 L23_ERRC_3GPP_TIMER_STOP 7 STOP
2026-09-07 02:29:57.883331 L23_ERRC_3GPP_TIMER_STOP 9 STOP
2026-09-07 02:29:57.883361 L23_ERRC_3GPP_TIMER_STOP 10 STOP
2026-09-07 02:29:57.883361 L23_ERRC_3GPP_TIMER_STOP 13 STOP
2026-09-07 02:29:57.883361 L23_ERRC_3GPP_TIMER_STOP 11 STOP
2026-09-07 02:29:57.883361 L23_ERRC_3GPP_TIMER_STOP 12 STOP
2026-09-07 02:29:59.883392 L23_DEFAULT_INFO_RRCSTATECHANGEEVENT RRC State: 0
2026-09-07 02:29:59.904754 L23_DEFAULT_INFO_RRCSTATECHANGEEVENT RRC State: 1
2026-09-07 02:29:59.906097 L23_DEFAULT_INFO_EMM_STATE_VALUE emm_state: 2, emm_substate: 2
2026-09-07 02:29:59.916381 RFHAL_KERNEL_BIN_TRACE_RX_ON RX ON -- AntPwr: -104, FreqCtrl: 0x380d5700, OF|AnaGi|AdcAttn|BQ|BWs: 0x07000700, dsp_corr: 6141
2026-09-07 02:29:59.927368 RFHAL_KERNEL_BIN_TRACE_RX_OFF RX OFF -- AntPwr: -114, prev W/NBPM: -92, -114, TF|AltADC|DCI/Q(Q5): 0x001b0c, s: 550600, e: 1395400
2026-09-07 02:29:59.934295 RFHAL_KERNEL_BIN_TRACE_RX_ON RX ON -- AntPwr: -103, FreqCtrl: 0x380d5700, OF|AnaGi|AdcAttn|BQ|BWs: 0x07000700, dsp_corr: -6141
2026-09-07 02:29:59.945282 RFHAL_KERNEL_BIN_TRACE_RX_OFF RX OFF -- AntPwr: -115, prev W/NBPM: -92, -115, TF|AltADC|DCI/Q(Q5): 0x001a0c, s: 496058, e: 1340858
2026-09-07 02:29:59.952179 RFHAL_KERNEL_BIN_TRACE_RX_ON RX ON -- AntPwr: -104, FreqCtrl: 0x380d5700, OF|AnaGi|AdcAttn|BQ|BWs: 0x07000700, dsp_corr: 18423
2026-09-07 02:29:59.963165 RFHAL_KERNEL_BIN_TRACE_RX_OFF RX OFF -- AntPwr: -114, prev W/NBPM: -92, -114, TF|AltADC|DCI/Q(Q5): 0x001a0c, s: 496052, e: 1340852
2026-09-07 02:29:59.970062 RFHAL_KERNEL_BIN_TRACE_RX_ON RX ON -- AntPwr: -104, FreqCtrl: 0x380d5700, OF|AnaGi|AdcAttn|BQ|BWs: 0x07000700, dsp_corr: -18423
2026-09-07 02:29:59.981079 RFHAL_KERNEL_BIN_TRACE_RX_OFF RX OFF -- AntPwr: -115, prev W/NBPM: -93, -115, TF|AltADC|DCI/Q(Q5): 0x001a0c, s: 496054, e: 1340854
2026-09-07 02:29:59.981689 L23_DEFAULT_INFO_RRCSTATECHANGEEVENT RRC State: 1
2026-09-07 02:29:59.982147 L23_DEFAULT_INFO_EMM_STATE_VALUE emm_state: 2, emm_substate: 4
2026-09-07 02:29:59.982513 L23_DEFAULT_INFO_RRCSTATECHANGEEVENT RRC State: 0
2026-09-07 02:29:59.982544 L23_ERRC_3GPP_TIMER_STOP 0 STOP
2026-09-07 02:29:59.982544 L23_ERRC_3GPP_TIMER_STOP 1 STOP
2026-09-07 02:29:59.982544 L23_ERRC_3GPP_TIMER_STOP 4 STOP
2026-09-07 02:29:59.982544 L23_ERRC_3GPP_TIMER_STOP 6 STOP
2026-09-07 02:29:59.982544 L23_ERRC_3GPP_TIMER_STOP 7 STOP
2026-09-07 02:29:59.982574 L23_ERRC_3GPP_TIMER_STOP 9 STOP
2026-09-07 02:29:59.982574 L23_ERRC_3GPP_TIMER_STOP 10 STOP
2026-09-07 02:29:59.982574 L23_ERRC_3GPP_TIMER_STOP 13 STOP
2026-09-07 02:29:59.982574 L23_ERRC_3GPP_TIMER_STOP 11 STOP
2026-09-07 02:29:59.982574 L23_ERRC_3GPP_TIMER_STOP 12 STOP
2026-09-07 02:30:01.982605 L23_DEFAULT_INFO_RRCSTATECHANGEEVENT RRC State: 0
2026-09-07 02:30:02.003997 L23_DEFAULT_INFO_RRCSTATECHANGEEVENT RRC State: 1
2026-09-07 02:30:02.005340 L23_DEFAULT_INFO_EMM_STATE_VALUE emm_state: 2, emm_substate: 2
2026-09-07 02:30:02.015655 RFHAL_KERNEL_BIN_TRACE_RX_ON RX ON -- AntPwr: -103, FreqCtrl: 0x380d5700, OF|AnaGi|AdcAttn|BQ|BWs: 0x07000700, dsp_corr: 6141
2026-09-07 02:30:02.026641 RFHAL_KERNEL_BIN_TRACE_RX_OFF RX OFF -- AntPwr: -114, prev W/NBPM: -92, -114, TF|AltADC|DCI/Q(Q5): 0x001b0c, s: 550602, e: 1395402
2026-09-07 02:30:02.033569 RFHAL_KERNEL_BIN_TRACE_RX_ON RX ON -- AntPwr: -104, FreqCtrl: 0x380d5700, OF|AnaGi|AdcAttn|BQ|BWs: 0x07000700, dsp_corr: -6141
2026-09-07 02:30:02.044555 RFHAL_KERNEL_BIN_TRACE_RX_OFF RX OFF -- AntPwr: -114, prev W/NBPM: -92, -114, TF|AltADC|DCI/Q(Q5): 0x001a0c, s: 496056, e: 1340856
2026-09-07 02:30:02.051452 RFHAL_KERNEL_BIN_TRACE_RX_ON RX ON -- AntPwr: -103, FreqCtrl: 0x380d5700, OF|AnaGi|AdcAttn|BQ|BWs: 0x07000700, dsp_corr: 18423
2026-09-07 02:30:02.062439 RFHAL_KERNEL_BIN_TRACE_RX_OFF RX OFF -- AntPwr: -115, prev W/NBPM: -93, -115, TF|AltADC|DCI/Q(Q5): 0x001a0b, s: 496052, e: 1340852
2026-09-07 02:30:02.069336 RFHAL_KERNEL_BIN_TRACE_RX_ON RX ON -- AntPwr: -104, FreqCtrl: 0x380d5700, OF|AnaGi|AdcAttn|BQ|BWs: 0x07000700, dsp_corr: -18423
2026-09-07 02:30:02.080322 RFHAL_KERNEL_BIN_TRACE_RX_OFF RX OFF -- AntPwr: -115, prev W/NBPM: -92, -115, TF|AltADC|DCI/Q(Q5): 0x001a0b, s: 496051, e: 1340851
2026-09-07 02:30:02.080932 L23_DEFAULT_INFO_RRCSTATECHANGEEVENT RRC State: 1
2026-09-07 02:30:02.081390 L23_DEFAULT_INFO_EMM_STATE_VALUE emm_state: 2, emm_substate: 4
2026-09-07 02:30:02.081787 L23_DEFAULT_INFO_RRCSTATECHANGEEVENT RRC State: 0
2026-09-07 02:30:02.081787 L23_ERRC_3GPP_TIMER_STOP 0 STOP
2026-09-07 02:30:02.081787 L23_ERRC_3GPP_TIMER_STOP 1 STOP
2026-09-07 02:30:02.081787 L23_ERRC_3GPP_TIMER_STOP 4 STOP
2026-09-07 02:30:02.081787 L23_ERRC_3GPP_TIMER_STOP 6 STOP
2026-09-07 02:30:02.081787 L23_ERRC_3GPP_TIMER_STOP 7 STOP
2026-09-07 02:30:02.081817 L23_ERRC_3GPP_TIMER_STOP 9 STOP
2026-09-07 02:30:02.081817 L23_ERRC_3GPP_TIMER_STOP 10 STOP
2026-09-07 02:30:02.081817 L23_ERRC_3GPP_TIMER_STOP 13 STOP
2026-09-07 02:30:02.081817 L23_ERRC_3GPP_TIMER_STOP 11 STOP
2026-09-07 02:30:02.081848 L23_ERRC_3GPP_TIMER_STOP 12 STOP
2026-09-07 02:30:04.081237 UUID eae22c84-2506-423a-883e-91bd9b2ad229
2026-09-07 02:30:04.081268 HWVERSION nRF9151 A1A
2026-09-07 02:30:04.081848 L23_DEFAULT_INFO_RRCSTATECHANGEEVENT RRC State: 0
2026-09-07 02:30:04.103210 L23_DEFAULT_INFO_RRCSTATECHANGEEVENT RRC State: 1
2026-09-07 02:30:04.104583 L23_DEFAULT_INFO_EMM_STATE_VALUE emm_state: 2, emm_substate: 2
2026-09-07 02:30:04.114837 RFHAL_KERNEL_BIN_TRACE_RX_ON RX ON -- AntPwr: -104, FreqCtrl: 0x380d5700, OF|AnaGi|AdcAttn|BQ|BWs: 0x07000700, dsp_corr: 6141
2026-09-07 02:30:04.125854 RFHAL_KERNEL_BIN_TRACE_RX_OFF RX OFF -- AntPwr: -116, prev W/NBPM: -93, -116, TF|AltADC|DCI/Q(Q5): 0x001b0b, s: 550606, e: 1395406
2026-09-07 02:30:04.132751 RFHAL_KERNEL_BIN_TRACE_RX_ON RX ON -- AntPwr: -104, FreqCtrl: 0x380d5700, OF|AnaGi|AdcAttn|BQ|BWs: 0x07000700, dsp_corr: -6141
2026-09-07 02:30:04.143737 RFHAL_KERNEL_BIN_TRACE_RX_OFF RX OFF -- AntPwr: -115, prev W/NBPM: -92, -115, TF|AltADC|DCI/Q(Q5): 0x001a0b, s: 496054, e: 1340854
2026-09-07 02:30:04.150634 RFHAL_KERNEL_BIN_TRACE_RX_ON RX ON -- AntPwr: -103, FreqCtrl: 0x380d5700, OF|AnaGi|AdcAttn|BQ|BWs: 0x07000700, dsp_corr: 18423
2026-09-07 02:30:04.161651 RFHAL_KERNEL_BIN_TRACE_RX_OFF RX OFF -- AntPwr: -114, prev W/NBPM: -92, -114, TF|AltADC|DCI/Q(Q5): 0x001a0b, s: 496052, e: 1340852
2026-09-07 02:30:04.168548 RFHAL_KERNEL_BIN_TRACE_RX_ON RX ON -- AntPwr: -104, FreqCtrl: 0x380d5700, OF|AnaGi|AdcAttn|BQ|BWs: 0x07000700, dsp_corr: -18423
2026-09-07 02:30:04.179534 RFHAL_KERNEL_BIN_TRACE_RX_OFF RX OFF -- AntPwr: -116, prev W/NBPM: -92, -116, TF|AltADC|DCI/Q(Q5): 0x001b0b, s: 496053, e: 1340853
2026-09-07 02:30:04.180145 L23_DEFAULT_INFO_RRCSTATECHANGEEVENT RRC State: 1
2026-09-07 02:30:04.180633 L23_DEFAULT_INFO_EMM_STATE_VALUE emm_state: 2, emm_substate: 4
2026-09-07 02:30:04.180999 L23_DEFAULT_INFO_RRCSTATECHANGEEVENT RRC State: 0
2026-09-07 02:30:04.180999 L23_ERRC_3GPP_TIMER_STOP 0 STOP
2026-09-07 02:30:04.180999 L23_ERRC_3GPP_TIMER_STOP 1 STOP
2026-09-07 02:30:04.180999 L23_ERRC_3GPP_TIMER_STOP 4 STOP
2026-09-07 02:30:04.180999 L23_ERRC_3GPP_TIMER_STOP 6 STOP
2026-09-07 02:30:04.181030 L23_ERRC_3GPP_TIMER_STOP 7 STOP
2026-09-07 02:30:04.181030 L23_ERRC_3GPP_TIMER_STOP 9 STOP
2026-09-07 02:30:04.181030 L23_ERRC_3GPP_TIMER_STOP 10 STOP
2026-09-07 02:30:04.181030 L23_ERRC_3GPP_TIMER_STOP 13 STOP
2026-09-07 02:30:04.181030 L23_ERRC_3GPP_TIMER_STOP 11 STOP
2026-09-07 02:30:04.181060 L23_ERRC_3GPP_TIMER_STOP 12 STOP
2026-09-07 02:30:06.180481 TRACE_SYSTEM_WARNING Traces dropped kernel: 0 user: 4 (buffer: 0 peer buffer: 0 message: 4) - Throughput: kernel: 2700 user: 6819 bytes / s
2026-09-07 02:30:06.181060 L23_DEFAULT_INFO_RRCSTATECHANGEEVENT RRC State: 0
2026-09-07 02:30:06.202453 L23_DEFAULT_INFO_RRCSTATECHANGEEVENT RRC State: 1
2026-09-07 02:30:06.203826 L23_DEFAULT_INFO_EMM_STATE_VALUE emm_state: 2, emm_substate: 2
2026-09-07 02:30:06.214141 RFHAL_KERNEL_BIN_TRACE_RX_ON RX ON -- AntPwr: -103, FreqCtrl: 0x380d5700, OF|AnaGi|AdcAttn|BQ|BWs: 0x07000700, dsp_corr: 6141
2026-09-07 02:30:06.225128 RFHAL_KERNEL_BIN_TRACE_RX_OFF RX OFF -- AntPwr: -115, prev W/NBPM: -92, -115, TF|AltADC|DCI/Q(Q5): 0x001b0c, s: 550605, e: 1395405
2026-09-07 02:30:06.232025 RFHAL_KERNEL_BIN_TRACE_RX_ON RX ON -- AntPwr: -104, FreqCtrl: 0x380d5700, OF|AnaGi|AdcAttn|BQ|BWs: 0x07000700, dsp_corr: -6141
2026-09-07 02:30:06.243042 RFHAL_KERNEL_BIN_TRACE_RX_OFF RX OFF -- AntPwr: -115, prev W/NBPM: -93, -115, TF|AltADC|DCI/Q(Q5): 0x001a0b, s: 496056, e: 1340856
2026-09-07 02:30:06.249908 RFHAL_KERNEL_BIN_TRACE_RX_ON RX ON -- AntPwr: -103, FreqCtrl: 0x380d5700, OF|AnaGi|AdcAttn|BQ|BWs: 0x07000700, dsp_corr: 18423
2026-09-07 02:30:06.260925 RFHAL_KERNEL_BIN_TRACE_RX_OFF RX OFF -- AntPwr: -115, prev W/NBPM: -92, -115, TF|AltADC|DCI/Q(Q5): 0x001a0b, s: 496052, e: 1340852
2026-09-07 02:30:06.267822 RFHAL_KERNEL_BIN_TRACE_RX_ON RX ON -- AntPwr: -103, FreqCtrl: 0x380d5700, OF|AnaGi|AdcAttn|BQ|BWs: 0x07000700, dsp_corr: -18423
2026-09-07 02:30:06.278808 RFHAL_KERNEL_BIN_TRACE_RX_OFF RX OFF -- AntPwr: -115, prev W/NBPM: -93, -115, TF|AltADC|DCI/Q(Q5): 0x001a0b, s: 496051, e: 1340851
2026-09-07 02:30:06.279419 L23_DEFAULT_INFO_RRCSTATECHANGEEVENT RRC State: 1
2026-09-07 02:30:06.279876 L23_DEFAULT_INFO_EMM_STATE_VALUE emm_state: 2, emm_substate: 4
2026-09-07 02:30:06.280243 L23_DEFAULT_INFO_RRCSTATECHANGEEVENT RRC State: 0
2026-09-07 02:30:06.280273 L23_ERRC_3GPP_TIMER_STOP 0 STOP
2026-09-07 02:30:06.280273 L23_ERRC_3GPP_TIMER_STOP 1 STOP
2026-09-07 02:30:06.280273 L23_ERRC_3GPP_TIMER_STOP 4 STOP
2026-09-07 02:30:06.280273 L23_ERRC_3GPP_TIMER_STOP 6 STOP
2026-09-07 02:30:06.280273 L23_ERRC_3GPP_TIMER_STOP 7 STOP
2026-09-07 02:30:06.280304 L23_ERRC_3GPP_TIMER_STOP 9 STOP
2026-09-07 02:30:06.280304 L23_ERRC_3GPP_TIMER_STOP 10 STOP
2026-09-07 02:30:06.280304 L23_ERRC_3GPP_TIMER_STOP 13 STOP
2026-09-07 02:30:06.280304 L23_ERRC_3GPP_TIMER_STOP 11 STOP
2026-09-07 02:30:06.280304 L23_ERRC_3GPP_TIMER_STOP 12 STOP
2026-09-07 02:30:08.280334 L23_DEFAULT_INFO_RRCSTATECHANGEEVENT RRC State: 0
2026-09-07 02:30:08.301696 L23_DEFAULT_INFO_RRCSTATECHANGEEVENT RRC State: 1
2026-09-07 02:30:08.303039 L23_DEFAULT_INFO_EMM_STATE_VALUE emm_state: 2, emm_substate: 2
2026-09-07 02:30:08.313324 RFHAL_KERNEL_BIN_TRACE_RX_ON RX ON -- AntPwr: -102, FreqCtrl: 0x380d5700, OF|AnaGi|AdcAttn|BQ|BWs: 0x07000700, dsp_corr: 6141
2026-09-07 02:30:08.324310 RFHAL_KERNEL_BIN_TRACE_RX_OFF RX OFF -- AntPwr: -114, prev W/NBPM: -93, -114, TF|AltADC|DCI/Q(Q5): 0x001b0b, s: 550607, e: 1395407
2026-09-07 02:30:08.331237 RFHAL_KERNEL_BIN_TRACE_RX_ON RX ON -- AntPwr: -103, FreqCtrl: 0x380d5700, OF|AnaGi|AdcAttn|BQ|BWs: 0x07000700, dsp_corr: -6141
2026-09-07 02:30:08.342224 RFHAL_KERNEL_BIN_TRACE_RX_OFF RX OFF -- AntPwr: -114, prev W/NBPM: -92, -114, TF|AltADC|DCI/Q(Q5): 0x001a0b, s: 496058, e: 1340858
2026-09-07 02:30:08.349121 RFHAL_KERNEL_BIN_TRACE_RX_ON RX ON -- AntPwr: -104, FreqCtrl: 0x380d5700, OF|AnaGi|AdcAttn|BQ|BWs: 0x07000700, dsp_corr: 18423
2026-09-07 02:30:08.360107 RFHAL_KERNEL_BIN_TRACE_RX_OFF RX OFF -- AntPwr: -116, prev W/NBPM: -92, -116, TF|AltADC|DCI/Q(Q5): 0x001a0b, s: 496050, e: 1340850
2026-09-07 02:30:08.367004 RFHAL_KERNEL_BIN_TRACE_RX_ON RX ON -- AntPwr: -102, FreqCtrl: 0x380d5700, OF|AnaGi|AdcAttn|BQ|BWs: 0x07000700, dsp_corr: -18423
2026-09-07 02:30:08.378021 RFHAL_KERNEL_BIN_TRACE_RX_OFF RX OFF -- AntPwr: -115, prev W/NBPM: -93, -115, TF|AltADC|DCI/Q(Q5): 0x001a0b, s: 496051, e: 1340851
2026-09-07 02:30:08.378631 L23_DEFAULT_INFO_RRCSTATECHANGEEVENT RRC State: 1
2026-09-07 02:30:08.379089 L23_DEFAULT_INFO_EMM_STATE_VALUE emm_state: 2, emm_substate: 4
2026-09-07 02:30:08.379455 L23_DEFAULT_INFO_RRCSTATECHANGEEVENT RRC State: 0
2026-09-07 02:30:08.379486 L23_ERRC_3GPP_TIMER_STOP 0 STOP
2026-09-07 02:30:08.379486 L23_ERRC_3GPP_TIMER_STOP 1 STOP
2026-09-07 02:30:08.379486 L23_ERRC_3GPP_TIMER_STOP 4 STOP
2026-09-07 02:30:08.379486 L23_ERRC_3GPP_TIMER_STOP 6 STOP
2026-09-07 02:30:08.379486 L23_ERRC_3GPP_TIMER_STOP 7 STOP
2026-09-07 02:30:08.379516 L23_ERRC_3GPP_TIMER_STOP 9 STOP
2026-09-07 02:30:08.379516 L23_ERRC_3GPP_TIMER_STOP 10 STOP
2026-09-07 02:30:08.379516 L23_ERRC_3GPP_TIMER_STOP 13 STOP
2026-09-07 02:30:08.379516 L23_ERRC_3GPP_TIMER_STOP 11 STOP
2026-09-07 02:30:08.379516 L23_ERRC_3GPP_TIMER_STOP 12 STOP
2026-09-07 02:30:10.378967 TRACE_SYSTEM_WARNING Traces dropped kernel: 0 user: 4 (buffer: 0 peer buffer: 0 message: 4) - Throughput: kernel: 2678 user: 6819 bytes / s
2026-09-07 02:30:10.379547 L23_DEFAULT_INFO_RRCSTATECHANGEEVENT RRC State: 0
2026-09-07 02:30:10.400940 L23_DEFAULT_INFO_RRCSTATECHANGEEVENT RRC State: 1
2026-09-07 02:30:10.402313 L23_DEFAULT_INFO_EMM_STATE_VALUE emm_state: 2, emm_substate: 2
2026-09-07 02:30:10.412628 RFHAL_KERNEL_BIN_TRACE_RX_ON RX ON -- AntPwr: -105, FreqCtrl: 0x380d5700, OF|AnaGi|AdcAttn|BQ|BWs: 0x07000700, dsp_corr: 6141
2026-09-07 02:30:10.423614 RFHAL_KERNEL_BIN_TRACE_RX_OFF RX OFF -- AntPwr: -114, prev W/NBPM: -92, -114, TF|AltADC|DCI/Q(Q5): 0x001b0b, s: 550600, e: 1395400
2026-09-07 02:30:10.430511 RFHAL_KERNEL_BIN_TRACE_RX_ON RX ON -- AntPwr: -105, FreqCtrl: 0x380d5700, OF|AnaGi|AdcAttn|BQ|BWs: 0x07000700, dsp_corr: -6141
2026-09-07 02:30:10.441497 RFHAL_KERNEL_BIN_TRACE_RX_OFF RX OFF -- AntPwr: -115, prev W/NBPM: -92, -115, TF|AltADC|DCI/Q(Q5): 0x001b0b, s: 496055, e: 1340855
2026-09-07 02:30:10.448394 RFHAL_KERNEL_BIN_TRACE_RX_ON RX ON -- AntPwr: -104, FreqCtrl: 0x380d5700, OF|AnaGi|AdcAttn|BQ|BWs: 0x07000700, dsp_corr: 18423
2026-09-07 02:30:10.459411 RFHAL_KERNEL_BIN_TRACE_RX_OFF RX OFF -- AntPwr: -115, prev W/NBPM: -92, -115, TF|AltADC|DCI/Q(Q5): 0x001b0b, s: 496052, e: 1340852
2026-09-07 02:30:10.466278 RFHAL_KERNEL_BIN_TRACE_RX_ON RX ON -- AntPwr: -104, FreqCtrl: 0x380d5700, OF|AnaGi|AdcAttn|BQ|BWs: 0x07000700, dsp_corr: -18423
2026-09-07 02:30:10.477295 RFHAL_KERNEL_BIN_TRACE_RX_OFF RX OFF -- AntPwr: -114, prev W/NBPM: -92, -114, TF|AltADC|DCI/Q(Q5): 0x001b0b, s: 496051, e: 1340851
2026-09-07 02:30:10.477874 L23_DEFAULT_INFO_RRCSTATECHANGEEVENT RRC State: 1
2026-09-07 02:30:10.478363 L23_DEFAULT_INFO_EMM_STATE_VALUE emm_state: 2, emm_substate: 4
2026-09-07 02:30:10.478729 L23_DEFAULT_INFO_RRCSTATECHANGEEVENT RRC State: 0
2026-09-07 02:30:10.478729 L23_ERRC_3GPP_TIMER_STOP 0 STOP
2026-09-07 02:30:10.478759 L23_ERRC_3GPP_TIMER_STOP 1 STOP
2026-09-07 02:30:10.478759 L23_ERRC_3GPP_TIMER_STOP 4 STOP
2026-09-07 02:30:10.478759 L23_ERRC_3GPP_TIMER_STOP 6 STOP
2026-09-07 02:30:10.478759 L23_ERRC_3GPP_TIMER_STOP 7 STOP
2026-09-07 02:30:10.478759 L23_ERRC_3GPP_TIMER_STOP 9 STOP
2026-09-07 02:30:10.478790 L23_ERRC_3GPP_TIMER_STOP 10 STOP
2026-09-07 02:30:10.478790 L23_ERRC_3GPP_TIMER_STOP 13 STOP
2026-09-07 02:30:10.478790 L23_ERRC_3GPP_TIMER_STOP 11 STOP
2026-09-07 02:30:10.478790 L23_ERRC_3GPP_TIMER_STOP 12 STOP
2026-09-07 02:30:12.478790 L23_DEFAULT_INFO_RRCSTATECHANGEEVENT RRC State: 0
2026-09-07 02:30:12.500183 L23_DEFAULT_INFO_RRCSTATECHANGEEVENT RRC State: 1
2026-09-07 02:30:12.501525 L23_DEFAULT_INFO_EMM_STATE_VALUE emm_state: 2, emm_substate: 2
2026-09-07 02:30:12.511810 RFHAL_KERNEL_BIN_TRACE_RX_ON RX ON -- AntPwr: -103, FreqCtrl: 0x380d5700, OF|AnaGi|AdcAttn|BQ|BWs: 0x07000700, dsp_corr: 6141
2026-09-07 02:30:12.522827 RFHAL_KERNEL_BIN_TRACE_RX_OFF RX OFF -- AntPwr: -113, prev W/NBPM: -93, -113, TF|AltADC|DCI/Q(Q5): 0x001a0c, s: 550604, e: 1395404
2026-09-07 02:30:12.529724 RFHAL_KERNEL_BIN_TRACE_RX_ON RX ON -- AntPwr: -102, FreqCtrl: 0x380d5700, OF|AnaGi|AdcAttn|BQ|BWs: 0x07000700, dsp_corr: -6141
2026-09-07 02:30:12.540710 RFHAL_KERNEL_BIN_TRACE_RX_OFF RX OFF -- AntPwr: -115, prev W/NBPM: -93, -115, TF|AltADC|DCI/Q(Q5): 0x001a0c, s: 496055, e: 1340855
2026-09-07 02:30:12.547607 RFHAL_KERNEL_BIN_TRACE_RX_ON RX ON -- AntPwr: -106, FreqCtrl: 0x380d5700, OF|AnaGi|AdcAttn|BQ|BWs: 0x07000700, dsp_corr: 18423
2026-09-07 02:30:12.558593 RFHAL_KERNEL_BIN_TRACE_RX_OFF RX OFF -- AntPwr: -116, prev W/NBPM: -93, -116, TF|AltADC|DCI/Q(Q5): 0x001a0c, s: 496049, e: 1340849
2026-09-07 02:30:12.565490 RFHAL_KERNEL_BIN_TRACE_RX_ON RX ON -- AntPwr: -103, FreqCtrl: 0x380d5700, OF|AnaGi|AdcAttn|BQ|BWs: 0x07000700, dsp_corr: -18423
2026-09-07 02:30:12.576507 RFHAL_KERNEL_BIN_TRACE_RX_OFF RX OFF -- AntPwr: -115, prev W/NBPM: -93, -115, TF|AltADC|DCI/Q(Q5): 0x001a0c, s: 496054, e: 1340854
2026-09-07 02:30:12.577118 L23_DEFAULT_INFO_RRCSTATECHANGEEVENT RRC State: 1
2026-09-07 02:30:12.577575 L23_DEFAULT_INFO_EMM_STATE_VALUE emm_state: 2, emm_substate: 4
2026-09-07 02:30:12.577972 L23_DEFAULT_INFO_RRCSTATECHANGEEVENT RRC State: 0
2026-09-07 02:30:12.577972 L23_ERRC_3GPP_TIMER_STOP 0 STOP
2026-09-07 02:30:12.577972 L23_ERRC_3GPP_TIMER_STOP 1 STOP
2026-09-07 02:30:12.577972 L23_ERRC_3GPP_TIMER_STOP 4 STOP
2026-09-07 02:30:12.577972 L23_ERRC_3GPP_TIMER_STOP 6 STOP
2026-09-07 02:30:12.577972 L23_ERRC_3GPP_TIMER_STOP 7 STOP
2026-09-07 02:30:12.578003 L23_ERRC_3GPP_TIMER_STOP 9 STOP
2026-09-07 02:30:12.578003 L23_ERRC_3GPP_TIMER_STOP 10 STOP
2026-09-07 02:30:12.578003 L23_ERRC_3GPP_TIMER_STOP 13 STOP
2026-09-07 02:30:12.578003 L23_ERRC_3GPP_TIMER_STOP 11 STOP
2026-09-07 02:30:12.578033 L23_ERRC_3GPP_TIMER_STOP 12 STOP
2026-09-07 02:30:14.578033 L23_DEFAULT_INFO_RRCSTATECHANGEEVENT RRC State: 0
2026-09-07 02:30:14.599426 L23_DEFAULT_INFO_RRCSTATECHANGEEVENT RRC State: 1
2026-09-07 02:30:14.600799 L23_DEFAULT_INFO_EMM_STATE_VALUE emm_state: 2, emm_substate: 2
2026-09-07 02:30:14.611084 RFHAL_KERNEL_BIN_TRACE_RX_ON RX ON -- AntPwr: -103, FreqCtrl: 0x380d5700, OF|AnaGi|AdcAttn|BQ|BWs: 0x07000700, dsp_corr: 6141
2026-09-07 02:30:14.622100 RFHAL_KERNEL_BIN_TRACE_RX_OFF RX OFF -- AntPwr: -116, prev W/NBPM: -92, -116, TF|AltADC|DCI/Q(Q5): 0x001b0b, s: 550602, e: 1395402
2026-09-07 02:30:14.628997 RFHAL_KERNEL_BIN_TRACE_RX_ON RX ON -- AntPwr: -104, FreqCtrl: 0x380d5700, OF|AnaGi|AdcAttn|BQ|BWs: 0x07000700, dsp_corr: -6141
2026-09-07 02:30:14.639984 RFHAL_KERNEL_BIN_TRACE_RX_OFF RX OFF -- AntPwr: -115, prev W/NBPM: -92, -115, TF|AltADC|DCI/Q(Q5): 0x001b0b, s: 496054, e: 1340854
2026-09-07 02:30:14.646881 RFHAL_KERNEL_BIN_TRACE_RX_ON RX ON -- AntPwr: -102, FreqCtrl: 0x380d5700, OF|AnaGi|AdcAttn|BQ|BWs: 0x07000700, dsp_corr: 18423
2026-09-07 02:30:14.657867 RFHAL_KERNEL_BIN_TRACE_RX_OFF RX OFF -- AntPwr: -114, prev W/NBPM: -93, -114, TF|AltADC|DCI/Q(Q5): 0x001b0c, s: 496050, e: 1340850
2026-09-07 02:30:14.664764 RFHAL_KERNEL_BIN_TRACE_RX_ON RX ON -- AntPwr: -103, FreqCtrl: 0x380d5700, OF|AnaGi|AdcAttn|BQ|BWs: 0x07000700, dsp_corr: -18423
2026-09-07 02:30:14.675781 RFHAL_KERNEL_BIN_TRACE_RX_OFF RX OFF -- AntPwr: -115, prev W/NBPM: -93, -115, TF|AltADC|DCI/Q(Q5): 0x001a0c, s: 496048, e: 1340848
2026-09-07 02:30:14.676361 L23_DEFAULT_INFO_RRCSTATECHANGEEVENT RRC State: 1
2026-09-07 02:30:14.676849 L23_DEFAULT_INFO_EMM_STATE_VALUE emm_state: 2, emm_substate: 4
2026-09-07 02:30:14.677215 L23_DEFAULT_INFO_RRCSTATECHANGEEVENT RRC State: 0
2026-09-07 02:30:14.677215 L23_ERRC_3GPP_TIMER_STOP 0 STOP
2026-09-07 02:30:14.677215 L23_ERRC_3GPP_TIMER_STOP 1 STOP
2026-09-07 02:30:14.677246 L23_ERRC_3GPP_TIMER_STOP 4 STOP
2026-09-07 02:30:14.677246 L23_ERRC_3GPP_TIMER_STOP 6 STOP
2026-09-07 02:30:14.677246 L23_ERRC_3GPP_TIMER_STOP 7 STOP
2026-09-07 02:30:14.677246 L23_ERRC_3GPP_TIMER_STOP 9 STOP
2026-09-07 02:30:14.677246 L23_ERRC_3GPP_TIMER_STOP 10 STOP
2026-09-07 02:30:14.677276 L23_ERRC_3GPP_TIMER_STOP 13 STOP
2026-09-07 02:30:14.677276 L23_ERRC_3GPP_TIMER_STOP 11 STOP
2026-09-07 02:30:14.677276 L23_ERRC_3GPP_TIMER_STOP 12 STOP
2026-09-07 02:30:16.677276 L23_DEFAULT_INFO_RRCSTATECHANGEEVENT RRC State: 0
2026-09-07 02:30:16.698639 L23_DEFAULT_INFO_RRCSTATECHANGEEVENT RRC State: 1
2026-09-07 02:30:16.700012 L23_DEFAULT_INFO_EMM_STATE_VALUE emm_state: 2, emm_substate: 2
2026-09-07 02:30:16.710296 RFHAL_KERNEL_BIN_TRACE_RX_ON RX ON -- AntPwr: -104, FreqCtrl: 0x380d5700, OF|AnaGi|AdcAttn|BQ|BWs: 0x07000700, dsp_corr: 6141
2026-09-07 02:30:16.721283 RFHAL_KERNEL_BIN_TRACE_RX_OFF RX OFF -- AntPwr: -116, prev W/NBPM: -92, -116, TF|AltADC|DCI/Q(Q5): 0x001b0c, s: 550607, e: 1395407
2026-09-07 02:30:16.728210 RFHAL_KERNEL_BIN_TRACE_RX_ON RX ON -- AntPwr: -105, FreqCtrl: 0x380d5700, OF|AnaGi|AdcAttn|BQ|BWs: 0x07000700, dsp_corr: -6141
2026-09-07 02:30:16.739196 RFHAL_KERNEL_BIN_TRACE_RX_OFF RX OFF -- AntPwr: -116, prev W/NBPM: -92, -116, TF|AltADC|DCI/Q(Q5): 0x001b0c, s: 496057, e: 1340857
2026-09-07 02:30:16.746093 RFHAL_KERNEL_BIN_TRACE_RX_ON RX ON -- AntPwr: -104, FreqCtrl: 0x380d5700, OF|AnaGi|AdcAttn|BQ|BWs: 0x07000700, dsp_corr: 18423
2026-09-07 02:30:16.757080 RFHAL_KERNEL_BIN_TRACE_RX_OFF RX OFF -- AntPwr: -114, prev W/NBPM: -93, -114, TF|AltADC|DCI/Q(Q5): 0x001b0c, s: 496050, e: 1340850
2026-09-07 02:30:16.763977 RFHAL_KERNEL_BIN_TRACE_RX_ON RX ON -- AntPwr: -105, FreqCtrl: 0x380d5700, OF|AnaGi|AdcAttn|BQ|BWs: 0x07000700, dsp_corr: -18423
2026-09-07 02:30:16.774963 RFHAL_KERNEL_BIN_TRACE_RX_OFF RX OFF -- AntPwr: -114, prev W/NBPM: -92, -114, TF|AltADC|DCI/Q(Q5): 0x001a0c, s: 496052, e: 1340852
2026-09-07 02:30:16.775604 L23_DEFAULT_INFO_RRCSTATECHANGEEVENT RRC State: 1
2026-09-07 02:30:16.776062 L23_DEFAULT_INFO_EMM_STATE_VALUE emm_state: 2, emm_substate: 4
2026-09-07 02:30:16.776428 L23_DEFAULT_INFO_RRCSTATECHANGEEVENT RRC State: 0
2026-09-07 02:30:16.776428 L23_ERRC_3GPP_TIMER_STOP 0 STOP
2026-09-07 02:30:16.776458 L23_ERRC_3GPP_TIMER_STOP 1 STOP
2026-09-07 02:30:16.776458 L23_ERRC_3GPP_TIMER_STOP 4 STOP
2026-09-07 02:30:16.776458 L23_ERRC_3GPP_TIMER_STOP 6 STOP
2026-09-07 02:30:16.776458 L23_ERRC_3GPP_TIMER_STOP 7 STOP
2026-09-07 02:30:16.776458 L23_ERRC_3GPP_TIMER_STOP 9 STOP
2026-09-07 02:30:16.776489 L23_ERRC_3GPP_TIMER_STOP 10 STOP
2026-09-07 02:30:16.776489 L23_ERRC_3GPP_TIMER_STOP 13 STOP
2026-09-07 02:30:16.776489 L23_ERRC_3GPP_TIMER_STOP 11 STOP
2026-09-07 02:30:16.776489 L23_ERRC_3GPP_TIMER_STOP 12 STOP
2026-09-07 02:30:17.921569 TRACE_SYSTEM_WARNING Traces dropped kernel: 0 user: 4 (buffer: 0 peer buffer: 0 message: 4) - Throughput: kernel: 2678 user: 6877 bytes / s
2026-09-07 02:30:17.950164 APDU_TRANSPORT_DONE_INFO [80f2000c]
2026-09-07 02:30:17.950165 APDU_TRANSPORT_DONE_INFO [9000]
2026-09-07 02:30:18.776519 L23_DEFAULT_INFO_RRCSTATECHANGEEVENT RRC State: 0
2026-09-07 02:30:18.797882 L23_DEFAULT_INFO_RRCSTATECHANGEEVENT RRC State: 1
2026-09-07 02:30:18.799224 L23_DEFAULT_INFO_EMM_STATE_VALUE emm_state: 2, emm_substate: 2
2026-09-07 02:30:18.809509 RFHAL_KERNEL_BIN_TRACE_RX_ON RX ON -- AntPwr: -105, FreqCtrl: 0x380d5700, OF|AnaGi|AdcAttn|BQ|BWs: 0x07000700, dsp_corr: 6141
2026-09-07 02:30:18.820526 RFHAL_KERNEL_BIN_TRACE_RX_OFF RX OFF -- AntPwr: -114, prev W/NBPM: -93, -114, TF|AltADC|DCI/Q(Q5): 0x001a0c, s: 550601, e: 1395401
2026-09-07 02:30:18.827423 RFHAL_KERNEL_BIN_TRACE_RX_ON RX ON -- AntPwr: -104, FreqCtrl: 0x380d5700, OF|AnaGi|AdcAttn|BQ|BWs: 0x07000700, dsp_corr: -6141
2026-09-07 02:30:18.838409 RFHAL_KERNEL_BIN_TRACE_RX_OFF RX OFF -- AntPwr: -114, prev W/NBPM: -92, -114, TF|AltADC|DCI/Q(Q5): 0x001a0c, s: 496055, e: 1340855
2026-09-07 02:30:18.845306 RFHAL_KERNEL_BIN_TRACE_RX_ON RX ON -- AntPwr: -105, FreqCtrl: 0x380d5700, OF|AnaGi|AdcAttn|BQ|BWs: 0x07000700, dsp_corr: 18423
2026-09-07 02:30:18.856323 RFHAL_KERNEL_BIN_TRACE_RX_OFF RX OFF -- AntPwr: -115, prev W/NBPM: -92, -115, TF|AltADC|DCI/Q(Q5): 0x001a0c, s: 496054, e: 1340854
2026-09-07 02:30:18.863220 RFHAL_KERNEL_BIN_TRACE_RX_ON RX ON -- AntPwr: -105, FreqCtrl: 0x380d5700, OF|AnaGi|AdcAttn|BQ|BWs: 0x07000700, dsp_corr: -18423
2026-09-07 02:30:18.874206 RFHAL_KERNEL_BIN_TRACE_RX_OFF RX OFF -- AntPwr: -114, prev W/NBPM: -93, -114, TF|AltADC|DCI/Q(Q5): 0x001a0c, s: 496049, e: 1340849
2026-09-07 02:30:18.874816 L23_DEFAULT_INFO_RRCSTATECHANGEEVENT RRC State: 1
2026-09-07 02:30:18.875274 L23_DEFAULT_INFO_EMM_STATE_VALUE emm_state: 2, emm_substate: 4
2026-09-07 02:30:18.875671 L23_DEFAULT_INFO_RRCSTATECHANGEEVENT RRC State: 0
2026-09-07 02:30:18.875671 L23_ERRC_3GPP_TIMER_STOP 0 STOP
2026-09-07 02:30:18.875671 L23_ERRC_3GPP_TIMER_STOP 1 STOP
2026-09-07 02:30:18.875671 L23_ERRC_3GPP_TIMER_STOP 4 STOP
2026-09-07 02:30:18.875671 L23_ERRC_3GPP_TIMER_STOP 6 STOP
2026-09-07 02:30:18.875701 L23_ERRC_3GPP_TIMER_STOP 7 STOP
2026-09-07 02:30:18.875701 L23_ERRC_3GPP_TIMER_STOP 9 STOP
2026-09-07 02:30:18.875701 L23_ERRC_3GPP_TIMER_STOP 10 STOP
2026-09-07 02:30:18.875701 L23_ERRC_3GPP_TIMER_STOP 13 STOP
2026-09-07 02:30:18.875701 L23_ERRC_3GPP_TIMER_STOP 11 STOP
2026-09-07 02:30:18.875732 L23_ERRC_3GPP_TIMER_STOP 12 STOP
2026-09-07 02:30:20.875122 TRACE_SYSTEM_WARNING Traces dropped kernel: 0 user: 4 (buffer: 0 peer buffer: 0 message: 4) - Throughput: kernel: 2722 user: 6846 bytes / s
2026-09-07 02:30:20.875732 L23_DEFAULT_INFO_RRCSTATECHANGEEVENT RRC State: 0
2026-09-07 02:30:20.897125 L23_DEFAULT_INFO_RRCSTATECHANGEEVENT RRC State: 1
2026-09-07 02:30:20.898498 L23_DEFAULT_INFO_EMM_STATE_VALUE emm_state: 2, emm_substate: 2
2026-09-07 02:30:20.908813 RFHAL_KERNEL_BIN_TRACE_RX_ON RX ON -- AntPwr: -105, FreqCtrl: 0x380d5700, OF|AnaGi|AdcAttn|BQ|BWs: 0x07000700, dsp_corr: 6141
2026-09-07 02:30:20.919799 RFHAL_KERNEL_BIN_TRACE_RX_OFF RX OFF -- AntPwr: -114, prev W/NBPM: -92, -114, TF|AltADC|DCI/Q(Q5): 0x001b0c, s: 550605, e: 1395405
2026-09-07 02:30:20.926727 RFHAL_KERNEL_BIN_TRACE_RX_ON RX ON -- AntPwr: -104, FreqCtrl: 0x380d5700, OF|AnaGi|AdcAttn|BQ|BWs: 0x07000700, dsp_corr: -6141
2026-09-07 02:30:20.937713 RFHAL_KERNEL_BIN_TRACE_RX_OFF RX OFF -- AntPwr: -114, prev W/NBPM: -92, -114, TF|AltADC|DCI/Q(Q5): 0x001a0c, s: 496055, e: 1340855
2026-09-07 02:30:20.944610 RFHAL_KERNEL_BIN_TRACE_RX_ON RX ON -- AntPwr: -105, FreqCtrl: 0x380d5700, OF|AnaGi|AdcAttn|BQ|BWs: 0x07000700, dsp_corr: 18423
2026-09-07 02:30:20.955597 RFHAL_KERNEL_BIN_TRACE_RX_OFF RX OFF -- AntPwr: -115, prev W/NBPM: -93, -115, TF|AltADC|DCI/Q(Q5): 0x001a0c, s: 496049, e: 1340849
2026-09-07 02:30:20.962493 RFHAL_KERNEL_BIN_TRACE_RX_ON RX ON -- AntPwr: -104, FreqCtrl: 0x380d5700, OF|AnaGi|AdcAttn|BQ|BWs: 0x07000700, dsp_corr: -18423
2026-09-07 02:30:20.973480 RFHAL_KERNEL_BIN_TRACE_RX_OFF RX OFF -- AntPwr: -114, prev W/NBPM: -92, -114, TF|AltADC|DCI/Q(Q5): 0x001a0c, s: 496052, e: 1340852
2026-09-07 02:30:20.974090 L23_DEFAULT_INFO_RRCSTATECHANGEEVENT RRC State: 1
2026-09-07 02:30:20.974548 L23_DEFAULT_INFO_EMM_STATE_VALUE emm_state: 2, emm_substate: 4
2026-09-07 02:30:20.974945 L23_DEFAULT_INFO_RRCSTATECHANGEEVENT RRC State: 0
2026-09-07 02:30:20.974945 L23_ERRC_3GPP_TIMER_STOP 0 STOP
2026-09-07 02:30:20.974945 L23_ERRC_3GPP_TIMER_STOP 1 STOP
2026-09-07 02:30:20.974945 L23_ERRC_3GPP_TIMER_STOP 4 STOP
2026-09-07 02:30:20.974945 L23_ERRC_3GPP_TIMER_STOP 6 STOP
2026-09-07 02:30:20.974975 L23_ERRC_3GPP_TIMER_STOP 7 STOP
2026-09-07 02:30:20.974975 L23_ERRC_3GPP_TIMER_STOP 9 STOP
2026-09-07 02:30:20.974975 L23_ERRC_3GPP_TIMER_STOP 10 STOP
2026-09-07 02:30:20.974975 L23_ERRC_3GPP_TIMER_STOP 13 STOP
2026-09-07 02:30:20.974975 L23_ERRC_3GPP_TIMER_STOP 11 STOP
2026-09-07 02:30:20.975006 L23_ERRC_3GPP_TIMER_STOP 12 STOP
2026-09-07 02:30:22.975006 L23_DEFAULT_INFO_RRCSTATECHANGEEVENT RRC State: 0
2026-09-07 02:30:22.996368 L23_DEFAULT_INFO_RRCSTATECHANGEEVENT RRC State: 1
2026-09-07 02:30:22.997741 L23_DEFAULT_INFO_EMM_STATE_VALUE emm_state: 2, emm_substate: 2
2026-09-07 02:30:23.007995 RFHAL_KERNEL_BIN_TRACE_RX_ON RX ON -- AntPwr: -105, FreqCtrl: 0x380d5700, OF|AnaGi|AdcAttn|BQ|BWs: 0x07000700, dsp_corr: 6141
2026-09-07 02:30:23.019012 RFHAL_KERNEL_BIN_TRACE_RX_OFF RX OFF -- AntPwr: -114, prev W/NBPM: -93, -114, TF|AltADC|DCI/Q(Q5): 0x001a0b, s: 550605, e: 1395405
2026-09-07 02:30:23.025909 RFHAL_KERNEL_BIN_TRACE_RX_ON RX ON -- AntPwr: -104, FreqCtrl: 0x380d5700, OF|AnaGi|AdcAttn|BQ|BWs: 0x07000700, dsp_corr: -6141
2026-09-07 02:30:23.036895 RFHAL_KERNEL_BIN_TRACE_RX_OFF RX OFF -- AntPwr: -116, prev W/NBPM: -92, -116, TF|AltADC|DCI/Q(Q5): 0x001a0b, s: 496055, e: 1340855
2026-09-07 02:30:23.043792 RFHAL_KERNEL_BIN_TRACE_RX_ON RX ON -- AntPwr: -104, FreqCtrl: 0x380d5700, OF|AnaGi|AdcAttn|BQ|BWs: 0x07000700, dsp_corr: 18423
2026-09-07 02:30:23.054809 RFHAL_KERNEL_BIN_TRACE_RX_OFF RX OFF -- AntPwr: -114, prev W/NBPM: -93, -114, TF|AltADC|DCI/Q(Q5): 0x001a0b, s: 496054, e: 1340854
2026-09-07 02:30:23.061706 RFHAL_KERNEL_BIN_TRACE_RX_ON RX ON -- AntPwr: -105, FreqCtrl: 0x380d5700, OF|AnaGi|AdcAttn|BQ|BWs: 0x07000700, dsp_corr: -18423
2026-09-07 02:30:23.072692 RFHAL_KERNEL_BIN_TRACE_RX_OFF RX OFF -- AntPwr: -114, prev W/NBPM: -92, -114, TF|AltADC|DCI/Q(Q5): 0x001a0b, s: 496053, e: 1340853
2026-09-07 02:30:23.073303 L23_DEFAULT_INFO_RRCSTATECHANGEEVENT RRC State: 1
2026-09-07 02:30:23.073791 L23_DEFAULT_INFO_EMM_STATE_VALUE emm_state: 2, emm_substate: 4
2026-09-07 02:30:23.074157 L23_DEFAULT_INFO_RRCSTATECHANGEEVENT RRC State: 0
2026-09-07 02:30:23.074157 L23_ERRC_3GPP_TIMER_STOP 0 STOP
2026-09-07 02:30:23.074157 L23_ERRC_3GPP_TIMER_STOP 1 STOP
2026-09-07 02:30:23.074157 L23_ERRC_3GPP_TIMER_STOP 4 STOP
2026-09-07 02:30:23.074188 L23_ERRC_3GPP_TIMER_STOP 6 STOP
2026-09-07 02:30:23.074188 L23_ERRC_3GPP_TIMER_STOP 7 STOP
2026-09-07 02:30:23.074188 L23_ERRC_3GPP_TIMER_STOP 9 STOP
2026-09-07 02:30:23.074188 L23_ERRC_3GPP_TIMER_STOP 10 STOP
2026-09-07 02:30:23.074188 L23_ERRC_3GPP_TIMER_STOP 13 STOP
2026-09-07 02:30:23.074188 L23_ERRC_3GPP_TIMER_STOP 11 STOP
2026-09-07 02:30:23.074218 L23_ERRC_3GPP_TIMER_STOP 12 STOP
2026-09-07 02:30:25.073639 TRACE_SYSTEM_WARNING Traces dropped kernel: 0 user: 4 (buffer: 0 peer buffer: 0 message: 4) - Throughput: kernel: 2700 user: 6819 bytes / s
2026-09-07 02:30:25.074249 L23_DEFAULT_INFO_RRCSTATECHANGEEVENT RRC State: 0
2026-09-07 02:30:25.095611 L23_DEFAULT_INFO_RRCSTATECHANGEEVENT RRC State: 1
2026-09-07 02:30:25.096984 L23_DEFAULT_INFO_EMM_STATE_VALUE emm_state: 2, emm_substate: 2
2026-09-07 02:30:25.107299 RFHAL_KERNEL_BIN_TRACE_RX_ON RX ON -- AntPwr: -103, FreqCtrl: 0x380d5700, OF|AnaGi|AdcAttn|BQ|BWs: 0x07000700, dsp_corr: 6141
2026-09-07 02:30:25.118286 RFHAL_KERNEL_BIN_TRACE_RX_OFF RX OFF -- AntPwr: -115, prev W/NBPM: -93, -115, TF|AltADC|DCI/Q(Q5): 0x001b0b, s: 550604, e: 1395404
2026-09-07 02:30:25.125213 RFHAL_KERNEL_BIN_TRACE_RX_ON RX ON -- AntPwr: -104, FreqCtrl: 0x380d5700, OF|AnaGi|AdcAttn|BQ|BWs: 0x07000700, dsp_corr: -6141
2026-09-07 02:30:25.136200 RFHAL_KERNEL_BIN_TRACE_RX_OFF RX OFF -- AntPwr: -115, prev W/NBPM: -92, -115, TF|AltADC|DCI/Q(Q5): 0x001a0b, s: 496056, e: 1340856
2026-09-07 02:30:25.143097 RFHAL_KERNEL_BIN_TRACE_RX_ON RX ON -- AntPwr: -103, FreqCtrl: 0x380d5700, OF|AnaGi|AdcAttn|BQ|BWs: 0x07000700, dsp_corr: 18423
2026-09-07 02:30:25.154083 RFHAL_KERNEL_BIN_TRACE_RX_OFF RX OFF -- AntPwr: -114, prev W/NBPM: -92, -114, TF|AltADC|DCI/Q(Q5): 0x001a0b, s: 496050, e: 1340850
2026-09-07 02:30:25.160980 RFHAL_KERNEL_BIN_TRACE_RX_ON RX ON -- AntPwr: -104, FreqCtrl: 0x380d5700, OF|AnaGi|AdcAttn|BQ|BWs: 0x07000700, dsp_corr: -18423
2026-09-07 02:30:25.171966 RFHAL_KERNEL_BIN_TRACE_RX_OFF RX OFF -- AntPwr: -114, prev W/NBPM: -93, -114, TF|AltADC|DCI/Q(Q5): 0x001a0b, s: 496051, e: 1340851
2026-09-07 02:30:25.172576 L23_DEFAULT_INFO_RRCSTATECHANGEEVENT RRC State: 1
2026-09-07 02:30:25.173034 L23_DEFAULT_INFO_EMM_STATE_VALUE emm_state: 2, emm_substate: 4
2026-09-07 02:30:25.173431 L23_DEFAULT_INFO_RRCSTATECHANGEEVENT RRC State: 0
2026-09-07 02:30:25.173431 L23_ERRC_3GPP_TIMER_STOP 0 STOP
2026-09-07 02:30:25.173431 L23_ERRC_3GPP_TIMER_STOP 1 STOP
2026-09-07 02:30:25.173431 L23_ERRC_3GPP_TIMER_STOP 4 STOP
2026-09-07 02:30:25.173431 L23_ERRC_3GPP_TIMER_STOP 6 STOP
2026-09-07 02:30:25.173461 L23_ERRC_3GPP_TIMER_STOP 7 STOP
2026-09-07 02:30:25.173461 L23_ERRC_3GPP_TIMER_STOP 9 STOP
2026-09-07 02:30:25.173461 L23_ERRC_3GPP_TIMER_STOP 10 STOP
2026-09-07 02:30:25.173461 L23_ERRC_3GPP_TIMER_STOP 13 STOP
2026-09-07 02:30:25.173461 L23_ERRC_3GPP_TIMER_STOP 11 STOP
2026-09-07 02:30:25.173492 L23_ERRC_3GPP_TIMER_STOP 12 STOP
2026-09-07 02:30:27.173492 L23_DEFAULT_INFO_RRCSTATECHANGEEVENT RRC State: 0
2026-09-07 02:30:27.194854 L23_DEFAULT_INFO_RRCSTATECHANGEEVENT RRC State: 1
2026-09-07 02:30:27.196228 L23_DEFAULT_INFO_EMM_STATE_VALUE emm_state: 2, emm_substate: 2
2026-09-07 02:30:27.206482 RFHAL_KERNEL_BIN_TRACE_RX_ON RX ON -- AntPwr: -104, FreqCtrl: 0x380d5700, OF|AnaGi|AdcAttn|BQ|BWs: 0x07000700, dsp_corr: 6141
2026-09-07 02:30:27.217498 RFHAL_KERNEL_BIN_TRACE_RX_OFF RX OFF -- AntPwr: -114, prev W/NBPM: -93, -114, TF|AltADC|DCI/Q(Q5): 0x001a0c, s: 550600, e: 1395400
2026-09-07 02:30:27.224395 RFHAL_KERNEL_BIN_TRACE_RX_ON RX ON -- AntPwr: -105, FreqCtrl: 0x380d5700, OF|AnaGi|AdcAttn|BQ|BWs: 0x07000700, dsp_corr: -6141
2026-09-07 02:30:27.235382 RFHAL_KERNEL_BIN_TRACE_RX_OFF RX OFF -- AntPwr: -114, prev W/NBPM: -92, -114, TF|AltADC|DCI/Q(Q5): 0x001a0c, s: 496056, e: 1340856
2026-09-07 02:30:27.242279 RFHAL_KERNEL_BIN_TRACE_RX_ON RX ON -- AntPwr: -104, FreqCtrl: 0x380d5700, OF|AnaGi|AdcAttn|BQ|BWs: 0x07000700, dsp_corr: 18423
2026-09-07 02:30:27.253295 RFHAL_KERNEL_BIN_TRACE_RX_OFF RX OFF -- AntPwr: -114, prev W/NBPM: -92, -114, TF|AltADC|DCI/Q(Q5): 0x001a0c, s: 496052, e: 1340852
2026-09-07 02:30:27.260192 RFHAL_KERNEL_BIN_TRACE_RX_ON RX ON -- AntPwr: -104, FreqCtrl: 0x380d5700, OF|AnaGi|AdcAttn|BQ|BWs: 0x07000700, dsp_corr: -18423
2026-09-07 02:30:27.271179 RFHAL_KERNEL_BIN_TRACE_RX_OFF RX OFF -- AntPwr: -115, prev W/NBPM: -93, -115, TF|AltADC|DCI/Q(Q5): 0x001a0c, s: 496058, e: 1340858
2026-09-07 02:30:27.271789 L23_DEFAULT_INFO_RRCSTATECHANGEEVENT RRC State: 1
2026-09-07 02:30:27.272277 L23_DEFAULT_INFO_EMM_STATE_VALUE emm_state: 2, emm_substate: 4
2026-09-07 02:30:27.272644 L23_DEFAULT_INFO_RRCSTATECHANGEEVENT RRC State: 0
2026-09-07 02:30:27.272644 L23_ERRC_3GPP_TIMER_STOP 0 STOP
2026-09-07 02:30:27.272644 L23_ERRC_3GPP_TIMER_STOP 1 STOP
2026-09-07 02:30:27.272644 L23_ERRC_3GPP_TIMER_STOP 4 STOP
2026-09-07 02:30:27.272644 L23_ERRC_3GPP_TIMER_STOP 6 STOP
2026-09-07 02:30:27.272674 L23_ERRC_3GPP_TIMER_STOP 7 STOP
2026-09-07 02:30:27.272674 L23_ERRC_3GPP_TIMER_STOP 9 STOP
2026-09-07 02:30:27.272674 L23_ERRC_3GPP_TIMER_STOP 10 STOP
2026-09-07 02:30:27.272674 L23_ERRC_3GPP_TIMER_STOP 13 STOP
2026-09-07 02:30:27.272674 L23_ERRC_3GPP_TIMER_STOP 11 STOP
2026-09-07 02:30:27.272705 L23_ERRC_3GPP_TIMER_STOP 12 STOP
2026-09-07 02:30:29.272094 TRACE_SYSTEM_WARNING Traces dropped kernel: 0 user: 4 (buffer: 0 peer buffer: 0 message: 4) - Throughput: kernel: 2678 user: 6791 bytes / s
2026-09-07 02:30:29.272735 L23_DEFAULT_INFO_RRCSTATECHANGEEVENT RRC State: 0
2026-09-07 02:30:29.294097 L23_DEFAULT_INFO_RRCSTATECHANGEEVENT RRC State: 1
2026-09-07 02:30:29.295471 L23_DEFAULT_INFO_EMM_STATE_VALUE emm_state: 2, emm_substate: 2
2026-09-07 02:30:29.305786 RFHAL_KERNEL_BIN_TRACE_RX_ON RX ON -- AntPwr: -104, FreqCtrl: 0x380d5700, OF|AnaGi|AdcAttn|BQ|BWs: 0x07000700, dsp_corr: 6141
2026-09-07 02:30:29.316772 RFHAL_KERNEL_BIN_TRACE_RX_OFF RX OFF -- AntPwr: -115, prev W/NBPM: -93, -115, TF|AltADC|DCI/Q(Q5): 0x001b0c, s: 550601, e: 1395401
2026-09-07 02:30:29.323700 RFHAL_KERNEL_BIN_TRACE_RX_ON RX ON -- AntPwr: -104, FreqCtrl: 0x380d5700, OF|AnaGi|AdcAttn|BQ|BWs: 0x07000700, dsp_corr: -6141
2026-09-07 02:30:29.334686 RFHAL_KERNEL_BIN_TRACE_RX_OFF RX OFF -- AntPwr: -114, prev W/NBPM: -92, -114, TF|AltADC|DCI/Q(Q5): 0x001a0c, s: 496056, e: 1340856
2026-09-07 02:30:29.341583 RFHAL_KERNEL_BIN_TRACE_RX_ON RX ON -- AntPwr: -103, FreqCtrl: 0x380d5700, OF|AnaGi|AdcAttn|BQ|BWs: 0x07000700, dsp_corr: 18423
2026-09-07 02:30:29.352569 RFHAL_KERNEL_BIN_TRACE_RX_OFF RX OFF -- AntPwr: -116, prev W/NBPM: -92, -116, TF|AltADC|DCI/Q(Q5): 0x001a0c, s: 496051, e: 1340851
2026-09-07 02:30:29.359466 RFHAL_KERNEL_BIN_TRACE_RX_ON RX ON -- AntPwr: -103, FreqCtrl: 0x380d5700, OF|AnaGi|AdcAttn|BQ|BWs: 0x07000700, dsp_corr: -18423
2026-09-07 02:30:29.370452 RFHAL_KERNEL_BIN_TRACE_RX_OFF RX OFF -- AntPwr: -114, prev W/NBPM: -92, -114, TF|AltADC|DCI/Q(Q5): 0x001a0c, s: 496054, e: 1340854
2026-09-07 02:30:29.371063 L23_DEFAULT_INFO_RRCSTATECHANGEEVENT RRC State: 1
2026-09-07 02:30:29.371521 L23_DEFAULT_INFO_EMM_STATE_VALUE emm_state: 2, emm_substate: 4
2026-09-07 02:30:29.371917 L23_DEFAULT_INFO_RRCSTATECHANGEEVENT RRC State: 0
2026-09-07 02:30:29.371917 L23_ERRC_3GPP_TIMER_STOP 0 STOP
2026-09-07 02:30:29.371917 L23_ERRC_3GPP_TIMER_STOP 1 STOP
2026-09-07 02:30:29.371917 L23_ERRC_3GPP_TIMER_STOP 4 STOP
2026-09-07 02:30:29.371917 L23_ERRC_3GPP_TIMER_STOP 6 STOP
2026-09-07 02:30:29.371917 L23_ERRC_3GPP_TIMER_STOP 7 STOP
2026-09-07 02:30:29.371948 L23_ERRC_3GPP_TIMER_STOP 9 STOP
2026-09-07 02:30:29.371948 L23_ERRC_3GPP_TIMER_STOP 10 STOP
2026-09-07 02:30:29.371948 L23_ERRC_3GPP_TIMER_STOP 13 STOP
2026-09-07 02:30:29.371948 L23_ERRC_3GPP_TIMER_STOP 11 STOP
2026-09-07 02:30:29.371978 L23_ERRC_3GPP_TIMER_STOP 12 STOP
2026-09-07 02:30:31.371978 L23_DEFAULT_INFO_RRCSTATECHANGEEVENT RRC State: 0
2026-09-07 02:30:31.393341 L23_DEFAULT_INFO_RRCSTATECHANGEEVENT RRC State: 1
2026-09-07 02:30:31.394683 L23_DEFAULT_INFO_EMM_STATE_VALUE emm_state: 2, emm_substate: 2
2026-09-07 02:30:31.404968 RFHAL_KERNEL_BIN_TRACE_RX_ON RX ON -- AntPwr: -104, FreqCtrl: 0x380d5700, OF|AnaGi|AdcAttn|BQ|BWs: 0x07000700, dsp_corr: 6141
2026-09-07 02:30:31.415985 RFHAL_KERNEL_BIN_TRACE_RX_OFF RX OFF -- AntPwr: -115, prev W/NBPM: -93, -115, TF|AltADC|DCI/Q(Q5): 0x001a0b, s: 550602, e: 1395402
2026-09-07 02:30:31.422882 RFHAL_KERNEL_BIN_TRACE_RX_ON RX ON -- AntPwr: -103, FreqCtrl: 0x380d5700, OF|AnaGi|AdcAttn|BQ|BWs: 0x07000700, dsp_corr: -6141
2026-09-07 02:30:31.433868 RFHAL_KERNEL_BIN_TRACE_RX_OFF RX OFF -- AntPwr: -114, prev W/NBPM: -92, -114, TF|AltADC|DCI/Q(Q5): 0x001a0b, s: 496058, e: 1340858
2026-09-07 02:30:31.440765 RFHAL_KERNEL_BIN_TRACE_RX_ON RX ON -- AntPwr: -104, FreqCtrl: 0x380d5700, OF|AnaGi|AdcAttn|BQ|BWs: 0x07000700, dsp_corr: 18423
2026-09-07 02:30:31.451782 RFHAL_KERNEL_BIN_TRACE_RX_OFF RX OFF -- AntPwr: -114, prev W/NBPM: -92, -114, TF|AltADC|DCI/Q(Q5): 0x001a0b, s: 496050, e: 1340850
2026-09-07 02:30:31.458648 RFHAL_KERNEL_BIN_TRACE_RX_ON RX ON -- AntPwr: -104, FreqCtrl: 0x380d5700, OF|AnaGi|AdcAttn|BQ|BWs: 0x07000700, dsp_corr: -18423
2026-09-07 02:30:31.469665 RFHAL_KERNEL_BIN_TRACE_RX_OFF RX OFF -- AntPwr: -115, prev W/NBPM: -92, -115, TF|AltADC|DCI/Q(Q5): 0x001a0b, s: 496047, e: 1340847
2026-09-07 02:30:31.470275 L23_DEFAULT_INFO_RRCSTATECHANGEEVENT RRC State: 1
2026-09-07 02:30:31.470733 L23_DEFAULT_INFO_EMM_STATE_VALUE emm_state: 2, emm_substate: 4
2026-09-07 02:30:31.471130 L23_DEFAULT_INFO_RRCSTATECHANGEEVENT RRC State: 0
2026-09-07 02:30:31.471130 L23_ERRC_3GPP_TIMER_STOP 0 STOP
2026-09-07 02:30:31.471130 L23_ERRC_3GPP_TIMER_STOP 1 STOP
2026-09-07 02:30:31.471130 L23_ERRC_3GPP_TIMER_STOP 4 STOP
2026-09-07 02:30:31.471130 L23_ERRC_3GPP_TIMER_STOP 6 STOP
2026-09-07 02:30:31.471160 L23_ERRC_3GPP_TIMER_STOP 7 STOP
2026-09-07 02:30:31.471160 L23_ERRC_3GPP_TIMER_STOP 9 STOP
2026-09-07 02:30:31.471160 L23_ERRC_3GPP_TIMER_STOP 10 STOP
2026-09-07 02:30:31.471160 L23_ERRC_3GPP_TIMER_STOP 13 STOP
2026-09-07 02:30:31.471160 L23_ERRC_3GPP_TIMER_STOP 11 STOP
2026-09-07 02:30:31.471191 L23_ERRC_3GPP_TIMER_STOP 12 STOP
2026-09-07 02:30:33.470581 TRACE_SYSTEM_WARNING Traces dropped kernel: 0 user: 4 (buffer: 0 peer buffer: 0 message: 4) - Throughput: kernel: 2700 user: 6837 bytes / s
2026-09-07 02:30:33.471191 L23_DEFAULT_INFO_RRCSTATECHANGEEVENT RRC State: 0
2026-09-07 02:30:33.492584 L23_DEFAULT_INFO_RRCSTATECHANGEEVENT RRC State: 1
2026-09-07 02:30:33.493957 L23_DEFAULT_INFO_EMM_STATE_VALUE emm_state: 2, emm_substate: 2
2026-09-07 02:30:33.504272 RFHAL_KERNEL_BIN_TRACE_RX_ON RX ON -- AntPwr: -104, FreqCtrl: 0x380d5700, OF|AnaGi|AdcAttn|BQ|BWs: 0x07000700, dsp_corr: 6141
2026-09-07 02:30:33.515258 RFHAL_KERNEL_BIN_TRACE_RX_OFF RX OFF -- AntPwr: -115, prev W/NBPM: -92, -115, TF|AltADC|DCI/Q(Q5): 0x001b0b, s: 550603, e: 1395403
2026-09-07 02:30:33.522155 RFHAL_KERNEL_BIN_TRACE_RX_ON RX ON -- AntPwr: -103, FreqCtrl: 0x380d5700, OF|AnaGi|AdcAttn|BQ|BWs: 0x07000700, dsp_corr: -6141
2026-09-07 02:30:33.533142 RFHAL_KERNEL_BIN_TRACE_RX_OFF RX OFF -- AntPwr: -114, prev W/NBPM: -92, -114, TF|AltADC|DCI/Q(Q5): 0x001b0b, s: 496056, e: 1340856
2026-09-07 02:30:33.540039 RFHAL_KERNEL_BIN_TRACE_RX_ON RX ON -- AntPwr: -104, FreqCtrl: 0x380d5700, OF|AnaGi|AdcAttn|BQ|BWs: 0x07000700, dsp_corr: 18423
2026-09-07 02:30:33.551055 RFHAL_KERNEL_BIN_TRACE_RX_OFF RX OFF -- AntPwr: -116, prev W/NBPM: -92, -116, TF|AltADC|DCI/Q(Q5): 0x001a0b, s: 496051, e: 1340851
2026-09-07 02:30:33.557952 RFHAL_KERNEL_BIN_TRACE_RX_ON RX ON -- AntPwr: -102, FreqCtrl: 0x380d5700, OF|AnaGi|AdcAttn|BQ|BWs: 0x07000700, dsp_corr: -18423
2026-09-07 02:30:33.568939 RFHAL_KERNEL_BIN_TRACE_RX_OFF RX OFF -- AntPwr: -114, prev W/NBPM: -93, -114, TF|AltADC|DCI/Q(Q5): 0x001a0b, s: 496052, e: 1340852
2026-09-07 02:30:33.569549 L23_DEFAULT_INFO_RRCSTATECHANGEEVENT RRC State: 1
2026-09-07 02:30:33.570007 L23_DEFAULT_INFO_EMM_STATE_VALUE emm_state: 2, emm_substate: 4
2026-09-07 02:30:33.570373 L23_DEFAULT_INFO_RRCSTATECHANGEEVENT RRC State: 0
2026-09-07 02:30:33.570373 L23_ERRC_3GPP_TIMER_STOP 0 STOP
2026-09-07 02:30:33.570404 L23_ERRC_3GPP_TIMER_STOP 1 STOP
2026-09-07 02:30:33.570404 L23_ERRC_3GPP_TIMER_STOP 4 STOP
2026-09-07 02:30:33.570404 L23_ERRC_3GPP_TIMER_STOP 6 STOP
2026-09-07 02:30:33.570404 L23_ERRC_3GPP_TIMER_STOP 7 STOP
2026-09-07 02:30:33.570404 L23_ERRC_3GPP_TIMER_STOP 9 STOP
2026-09-07 02:30:33.570434 L23_ERRC_3GPP_TIMER_STOP 10 STOP
2026-09-07 02:30:33.570434 L23_ERRC_3GPP_TIMER_STOP 13 STOP
2026-09-07 02:30:33.570434 L23_ERRC_3GPP_TIMER_STOP 11 STOP
2026-09-07 02:30:33.570434 L23_ERRC_3GPP_TIMER_STOP 12 STOP
2026-09-07 02:30:35.569854 UUID eae22c84-2506-423a-883e-91bd9b2ad229
2026-09-07 02:30:35.569885 HWVERSION nRF9151 A1A
2026-09-07 02:30:35.570465 L23_DEFAULT_INFO_RRCSTATECHANGEEVENT RRC State: 0
2026-09-07 02:30:35.591827 L23_DEFAULT_INFO_RRCSTATECHANGEEVENT RRC State: 1
2026-09-07 02:30:35.593170 L23_DEFAULT_INFO_EMM_STATE_VALUE emm_state: 2, emm_substate: 2
2026-09-07 02:30:35.603454 RFHAL_KERNEL_BIN_TRACE_RX_ON RX ON -- AntPwr: -104, FreqCtrl: 0x380d5700, OF|AnaGi|AdcAttn|BQ|BWs: 0x07000700, dsp_corr: 6141
2026-09-07 02:30:35.614441 RFHAL_KERNEL_BIN_TRACE_RX_OFF RX OFF -- AntPwr: -115, prev W/NBPM: -92, -115, TF|AltADC|DCI/Q(Q5): 0x001b0c, s: 550605, e: 1395405
2026-09-07 02:30:35.621337 RFHAL_KERNEL_BIN_TRACE_RX_ON RX ON -- AntPwr: -103, FreqCtrl: 0x380d5700, OF|AnaGi|AdcAttn|BQ|BWs: 0x07000700, dsp_corr: -6141
2026-09-07 02:30:35.632354 RFHAL_KERNEL_BIN_TRACE_RX_OFF RX OFF -- AntPwr: -115, prev W/NBPM: -92, -115, TF|AltADC|DCI/Q(Q5): 0x001b0c, s: 496058, e: 1340858
2026-09-07 02:30:35.639251 RFHAL_KERNEL_BIN_TRACE_RX_ON RX ON -- AntPwr: -103, FreqCtrl: 0x380d5700, OF|AnaGi|AdcAttn|BQ|BWs: 0x07000700, dsp_corr: 18423
2026-09-07 02:30:35.650238 RFHAL_KERNEL_BIN_TRACE_RX_OFF RX OFF -- AntPwr: -115, prev W/NBPM: -92, -115, TF|AltADC|DCI/Q(Q5): 0x001a0c, s: 496052, e: 1340852
2026-09-07 02:30:35.657135 RFHAL_KERNEL_BIN_TRACE_RX_ON RX ON -- AntPwr: -105, FreqCtrl: 0x380d5700, OF|AnaGi|AdcAttn|BQ|BWs: 0x07000700, dsp_corr: -18423
2026-09-07 02:30:35.668121 RFHAL_KERNEL_BIN_TRACE_RX_OFF RX OFF -- AntPwr: -115, prev W/NBPM: -92, -115, TF|AltADC|DCI/Q(Q5): 0x001a0c, s: 496052, e: 1340852
2026-09-07 02:30:35.668731 L23_DEFAULT_INFO_RRCSTATECHANGEEVENT RRC State: 1
2026-09-07 02:30:35.669220 L23_DEFAULT_INFO_EMM_STATE_VALUE emm_state: 2, emm_substate: 4
2026-09-07 02:30:35.669586 L23_DEFAULT_INFO_RRCSTATECHANGEEVENT RRC State: 0
2026-09-07 02:30:35.669586 L23_ERRC_3GPP_TIMER_STOP 0 STOP
2026-09-07 02:30:35.669586 L23_ERRC_3GPP_TIMER_STOP 1 STOP
2026-09-07 02:30:35.669616 L23_ERRC_3GPP_TIMER_STOP 4 STOP
2026-09-07 02:30:35.669616 L23_ERRC_3GPP_TIMER_STOP 6 STOP
2026-09-07 02:30:35.669616 L23_ERRC_3GPP_TIMER_STOP 7 STOP
2026-09-07 02:30:35.669616 L23_ERRC_3GPP_TIMER_STOP 9 STOP
2026-09-07 02:30:35.669616 L23_ERRC_3GPP_TIMER_STOP 10 STOP
2026-09-07 02:30:35.669647 L23_ERRC_3GPP_TIMER_STOP 13 STOP
2026-09-07 02:30:35.669647 L23_ERRC_3GPP_TIMER_STOP 11 STOP
2026-09-07 02:30:35.669647 L23_ERRC_3GPP_TIMER_STOP 12 STOP
2026-09-07 02:30:37.669067 TRACE_SYSTEM_WARNING Traces dropped kernel: 0 user: 4 (buffer: 0 peer buffer: 0 message: 4) - Throughput: kernel: 2700 user: 6819 bytes / s
2026-09-07 02:30:37.669677 L23_DEFAULT_INFO_RRCSTATECHANGEEVENT RRC State: 0
2026-09-07 02:30:37.691040 L23_DEFAULT_INFO_RRCSTATECHANGEEVENT RRC State: 1
2026-09-07 02:30:37.692413 L23_DEFAULT_INFO_EMM_STATE_VALUE emm_state: 2, emm_substate: 2
2026-09-07 02:30:37.702728 RFHAL_KERNEL_BIN_TRACE_RX_ON RX ON -- AntPwr: -104, FreqCtrl: 0x380d5700, OF|AnaGi|AdcAttn|BQ|BWs: 0x07000700, dsp_corr: 6141
2026-09-07 02:30:37.713714 RFHAL_KERNEL_BIN_TRACE_RX_OFF RX OFF -- AntPwr: -116, prev W/NBPM: -92, -116, TF|AltADC|DCI/Q(Q5): 0x001b0c, s: 550601, e: 1395401
2026-09-07 02:30:37.720642 RFHAL_KERNEL_BIN_TRACE_RX_ON RX ON -- AntPwr: -104, FreqCtrl: 0x380d5700, OF|AnaGi|AdcAttn|BQ|BWs: 0x07000700, dsp_corr: -6141
2026-09-07 02:30:37.731628 RFHAL_KERNEL_BIN_TRACE_RX_OFF RX OFF -- AntPwr: -114, prev W/NBPM: -92, -114, TF|AltADC|DCI/Q(Q5): 0x001a0c, s: 496055, e: 1340855
2026-09-07 02:30:37.738525 RFHAL_KERNEL_BIN_TRACE_RX_ON RX ON -- AntPwr: -105, FreqCtrl: 0x380d5700, OF|AnaGi|AdcAttn|BQ|BWs: 0x07000700, dsp_corr: 18423
2026-09-07 02:30:37.749511 RFHAL_KERNEL_BIN_TRACE_RX_OFF RX OFF -- AntPwr: -115, prev W/NBPM: -92, -115, TF|AltADC|DCI/Q(Q5): 0x001a0b, s: 496054, e: 1340854
2026-09-07 02:30:37.760650 RFHAL_KERNEL_BIN_TRACE_RX_ON RX ON -- AntPwr: -115, FreqCtrl: 0x380d5700, OF|AnaGi|AdcAttn|BQ|BWs: 0x07000700, dsp_corr: 18423
2026-09-07 02:30:37.761474 RFHAL_KERNEL_BIN_TRACE_RX_OFF RX OFF -- AntPwr: -115, prev W/NBPM: -93, -116, TF|AltADC|DCI/Q(Q5): 0x001a0b, s: 54042, e: 115642
2026-09-07 02:30:37.764648 RFHAL_KERNEL_BIN_TRACE_RX_ON RX ON -- AntPwr: -116, FreqCtrl: 0x380d5700, OF|AnaGi|AdcAttn|BQ|BWs: 0x07000700, dsp_corr: 18423
2026-09-07 02:30:37.765472 RFHAL_KERNEL_BIN_TRACE_RX_OFF RX OFF -- AntPwr: -116, prev W/NBPM: -93, -115, TF|AltADC|DCI/Q(Q5): 0x001a0b, s: 54226, e: 115826
2026-09-07 02:30:37.770660 RFHAL_KERNEL_BIN_TRACE_RX_ON RX ON -- AntPwr: -115, FreqCtrl: 0x380d5700, OF|AnaGi|AdcAttn|BQ|BWs: 0x07000700, dsp_corr: 18423
2026-09-07 02:30:37.771484 RFHAL_KERNEL_BIN_TRACE_RX_OFF RX OFF -- AntPwr: -115, prev W/NBPM: -93, -116, TF|AltADC|DCI/Q(Q5): 0x001a0b, s: 54229, e: 115829
2026-09-07 02:30:37.774658 RFHAL_KERNEL_BIN_TRACE_RX_ON RX ON -- AntPwr: -116, FreqCtrl: 0x380d5700, OF|AnaGi|AdcAttn|BQ|BWs: 0x07000700, dsp_corr: 18423
2026-09-07 02:30:37.775451 RFHAL_KERNEL_BIN_TRACE_RX_OFF RX OFF -- AntPwr: -116, prev W/NBPM: -92, -115, TF|AltADC|DCI/Q(Q5): 0x001a0b, s: 54232, e: 115832
2026-09-07 02:30:37.783386 RFHAL_KERNEL_BIN_TRACE_RX_ON RX ON -- AntPwr: -104, FreqCtrl: 0x380d5700, OF|AnaGi|AdcAttn|BQ|BWs: 0x07000700, dsp_corr: -18423
2026-09-07 02:30:37.794372 RFHAL_KERNEL_BIN_TRACE_RX_OFF RX OFF -- AntPwr: -115, prev W/NBPM: -92, -115, TF|AltADC|DCI/Q(Q5): 0x001a0b, s: 496092, e: 1340892
2026-09-07 02:30:37.794982 L23_DEFAULT_INFO_RRCSTATECHANGEEVENT RRC State: 1
2026-09-07 02:30:37.795440 L23_DEFAULT_INFO_EMM_STATE_VALUE emm_state: 2, emm_substate: 4
2026-09-07 02:30:37.795837 L23_DEFAULT_INFO_RRCSTATECHANGEEVENT RRC State: 0
2026-09-07 02:30:37.795837 L23_ERRC_3GPP_TIMER_STOP 0 STOP
2026-09-07 02:30:37.795837 L23_ERRC_3GPP_TIMER_STOP 1 STOP
2026-09-07 02:30:37.795837 L23_ERRC_3GPP_TIMER_STOP 4 STOP
2026-09-07 02:30:37.795837 L23_ERRC_3GPP_TIMER_STOP 6 STOP
2026-09-07 02:30:37.795868 L23_ERRC_3GPP_TIMER_STOP 7 STOP
2026-09-07 02:30:37.795868 L23_ERRC_3GPP_TIMER_STOP 9 STOP
2026-09-07 02:30:37.795868 L23_ERRC_3GPP_TIMER_STOP 10 STOP
2026-09-07 02:30:37.795868 L23_ERRC_3GPP_TIMER_STOP 13 STOP
2026-09-07 02:30:37.795868 L23_ERRC_3GPP_TIMER_STOP 11 STOP
2026-09-07 02:30:37.795898 L23_ERRC_3GPP_TIMER_STOP 12 STOP
2026-09-07 02:30:39.795898 L23_DEFAULT_INFO_RRCSTATECHANGEEVENT RRC State: 0
2026-09-07 02:30:39.817260 L23_DEFAULT_INFO_RRCSTATECHANGEEVENT RRC State: 1
2026-09-07 02:30:39.818603 L23_DEFAULT_INFO_EMM_STATE_VALUE emm_state: 2, emm_substate: 2
2026-09-07 02:30:39.828888 RFHAL_KERNEL_BIN_TRACE_RX_ON RX ON -- AntPwr: -104, FreqCtrl: 0x380d5700, OF|AnaGi|AdcAttn|BQ|BWs: 0x07000700, dsp_corr: 6141
2026-09-07 02:30:39.839904 RFHAL_KERNEL_BIN_TRACE_RX_OFF RX OFF -- AntPwr: -116, prev W/NBPM: -92, -116, TF|AltADC|DCI/Q(Q5): 0x001a0c, s: 550600, e: 1395400
2026-09-07 02:30:39.846801 RFHAL_KERNEL_BIN_TRACE_RX_ON RX ON -- AntPwr: -101, FreqCtrl: 0x380d5700, OF|AnaGi|AdcAttn|BQ|BWs: 0x07000700, dsp_corr: -6141
2026-09-07 02:30:39.857788 RFHAL_KERNEL_BIN_TRACE_RX_OFF RX OFF -- AntPwr: -115, prev W/NBPM: -92, -115, TF|AltADC|DCI/Q(Q5): 0x001a0b, s: 496055, e: 1340855
2026-09-07 02:30:39.864685 RFHAL_KERNEL_BIN_TRACE_RX_ON RX ON -- AntPwr: -104, FreqCtrl: 0x380d5700, OF|AnaGi|AdcAttn|BQ|BWs: 0x07000700, dsp_corr: 18423
2026-09-07 02:30:39.875671 RFHAL_KERNEL_BIN_TRACE_RX_OFF RX OFF -- AntPwr: -116, prev W/NBPM: -92, -116, TF|AltADC|DCI/Q(Q5): 0x001a0b, s: 496053, e: 1340853
2026-09-07 02:30:39.882568 RFHAL_KERNEL_BIN_TRACE_RX_ON RX ON -- AntPwr: -104, FreqCtrl: 0x380d5700, OF|AnaGi|AdcAttn|BQ|BWs: 0x07000700, dsp_corr: -18423
2026-09-07 02:30:39.893585 RFHAL_KERNEL_BIN_TRACE_RX_OFF RX OFF -- AntPwr: -114, prev W/NBPM: -92, -114, TF|AltADC|DCI/Q(Q5): 0x001a0b, s: 496052, e: 1340852
2026-09-07 02:30:39.894195 L23_DEFAULT_INFO_RRCSTATECHANGEEVENT RRC State: 1
2026-09-07 02:30:39.894653 L23_DEFAULT_INFO_EMM_STATE_VALUE emm_state: 2, emm_substate: 4
2026-09-07 02:30:39.895050 L23_DEFAULT_INFO_RRCSTATECHANGEEVENT RRC State: 0
2026-09-07 02:30:39.895050 L23_ERRC_3GPP_TIMER_STOP 0 STOP
2026-09-07 02:30:39.895050 L23_ERRC_3GPP_TIMER_STOP 1 STOP
2026-09-07 02:30:39.895050 L23_ERRC_3GPP_TIMER_STOP 4 STOP
2026-09-07 02:30:39.895050 L23_ERRC_3GPP_TIMER_STOP 6 STOP
2026-09-07 02:30:39.895050 L23_ERRC_3GPP_TIMER_STOP 7 STOP
2026-09-07 02:30:39.895080 L23_ERRC_3GPP_TIMER_STOP 9 STOP
2026-09-07 02:30:39.895080 L23_ERRC_3GPP_TIMER_STOP 10 STOP
2026-09-07 02:30:39.895080 L23_ERRC_3GPP_TIMER_STOP 13 STOP
2026-09-07 02:30:39.895080 L23_ERRC_3GPP_TIMER_STOP 11 STOP
2026-09-07 02:30:39.895111 L23_ERRC_3GPP_TIMER_STOP 12 STOP
2026-09-07 02:30:41.895141 L23_DEFAULT_INFO_RRCSTATECHANGEEVENT RRC State: 0
2026-09-07 02:30:41.916503 L23_DEFAULT_INFO_RRCSTATECHANGEEVENT RRC State: 1
2026-09-07 02:30:41.917877 L23_DEFAULT_INFO_EMM_STATE_VALUE emm_state: 2, emm_substate: 2
2026-09-07 02:30:41.928192 RFHAL_KERNEL_BIN_TRACE_RX_ON RX ON -- AntPwr: -102, FreqCtrl: 0x380d5700, OF|AnaGi|AdcAttn|BQ|BWs: 0x07000700, dsp_corr: 6141
2026-09-07 02:30:41.939178 RFHAL_KERNEL_BIN_TRACE_RX_OFF RX OFF -- AntPwr: -114, prev W/NBPM: -93, -114, TF|AltADC|DCI/Q(Q5): 0x001b0b, s: 550603, e: 1395403
2026-09-07 02:30:41.946075 RFHAL_KERNEL_BIN_TRACE_RX_ON RX ON -- AntPwr: -103, FreqCtrl: 0x380d5700, OF|AnaGi|AdcAttn|BQ|BWs: 0x07000700, dsp_corr: -6141
2026-09-07 02:30:41.957061 RFHAL_KERNEL_BIN_TRACE_RX_OFF RX OFF -- AntPwr: -114, prev W/NBPM: -92, -114, TF|AltADC|DCI/Q(Q5): 0x001a0b, s: 496055, e: 1340855
2026-09-07 02:30:41.963958 RFHAL_KERNEL_BIN_TRACE_RX_ON RX ON -- AntPwr: -103, FreqCtrl: 0x380d5700, OF|AnaGi|AdcAttn|BQ|BWs: 0x07000700, dsp_corr: 18423
2026-09-07 02:30:41.974975 RFHAL_KERNEL_BIN_TRACE_RX_OFF RX OFF -- AntPwr: -114, prev W/NBPM: -93, -114, TF|AltADC|DCI/Q(Q5): 0x001b0c, s: 496052, e: 1340852
2026-09-07 02:30:41.981872 RFHAL_KERNEL_BIN_TRACE_RX_ON RX ON -- AntPwr: -104, FreqCtrl: 0x380d5700, OF|AnaGi|AdcAttn|BQ|BWs: 0x07000700, dsp_corr: -18423
2026-09-07 02:30:41.992858 RFHAL_KERNEL_BIN_TRACE_RX_OFF RX OFF -- AntPwr: -114, prev W/NBPM: -92, -114, TF|AltADC|DCI/Q(Q5): 0x001a0c, s: 496052, e: 1340852
2026-09-07 02:30:41.993469 L23_DEFAULT_INFO_RRCSTATECHANGEEVENT RRC State: 1
2026-09-07 02:30:41.993927 L23_DEFAULT_INFO_EMM_STATE_VALUE emm_state: 2, emm_substate: 4
2026-09-07 02:30:41.994293 L23_DEFAULT_INFO_RRCSTATECHANGEEVENT RRC State: 0
2026-09-07 02:30:41.994293 L23_ERRC_3GPP_TIMER_STOP 0 STOP
2026-09-07 02:30:41.994323 L23_ERRC_3GPP_TIMER_STOP 1 STOP
2026-09-07 02:30:41.994323 L23_ERRC_3GPP_TIMER_STOP 4 STOP
2026-09-07 02:30:41.994323 L23_ERRC_3GPP_TIMER_STOP 6 STOP
2026-09-07 02:30:41.994323 L23_ERRC_3GPP_TIMER_STOP 7 STOP
2026-09-07 02:30:41.994323 L23_ERRC_3GPP_TIMER_STOP 9 STOP
2026-09-07 02:30:41.994354 L23_ERRC_3GPP_TIMER_STOP 10 STOP
2026-09-07 02:30:41.994354 L23_ERRC_3GPP_TIMER_STOP 13 STOP
2026-09-07 02:30:41.994354 L23_ERRC_3GPP_TIMER_STOP 11 STOP
2026-09-07 02:30:41.994354 L23_ERRC_3GPP_TIMER_STOP 12 STOP
2026-09-07 02:30:43.994384 L23_DEFAULT_INFO_RRCSTATECHANGEEVENT RRC State: 0
2026-09-07 02:30:44.015747 L23_DEFAULT_INFO_RRCSTATECHANGEEVENT RRC State: 1
2026-09-07 02:30:44.017089 L23_DEFAULT_INFO_EMM_STATE_VALUE emm_state: 2, emm_substate: 2
2026-09-07 02:30:44.027374 RFHAL_KERNEL_BIN_TRACE_RX_ON RX ON -- AntPwr: -104, FreqCtrl: 0x380d5700, OF|AnaGi|AdcAttn|BQ|BWs: 0x07000700, dsp_corr: 6141
2026-09-07 02:30:44.038360 RFHAL_KERNEL_BIN_TRACE_RX_OFF RX OFF -- AntPwr: -115, prev W/NBPM: -93, -115, TF|AltADC|DCI/Q(Q5): 0x001a0c, s: 550604, e: 1395404
2026-09-07 02:30:44.045257 RFHAL_KERNEL_BIN_TRACE_RX_ON RX ON -- AntPwr: -105, FreqCtrl: 0x380d5700, OF|AnaGi|AdcAttn|BQ|BWs: 0x07000700, dsp_corr: -6141
2026-09-07 02:30:44.056274 RFHAL_KERNEL_BIN_TRACE_RX_OFF RX OFF -- AntPwr: -114, prev W/NBPM: -93, -114, TF|AltADC|DCI/Q(Q5): 0x001a0c, s: 496056, e: 1340856
2026-09-07 02:30:44.063171 RFHAL_KERNEL_BIN_TRACE_RX_ON RX ON -- AntPwr: -101, FreqCtrl: 0x380d5700, OF|AnaGi|AdcAttn|BQ|BWs: 0x07000700, dsp_corr: 18423
2026-09-07 02:30:44.074157 RFHAL_KERNEL_BIN_TRACE_RX_OFF RX OFF -- AntPwr: -114, prev W/NBPM: -92, -114, TF|AltADC|DCI/Q(Q5): 0x001a0c, s: 496050, e: 1340850
2026-09-07 02:30:44.081054 RFHAL_KERNEL_BIN_TRACE_RX_ON RX ON -- AntPwr: -104, FreqCtrl: 0x380d5700, OF|AnaGi|AdcAttn|BQ|BWs: 0x07000700, dsp_corr: -18423
2026-09-07 02:30:44.092041 RFHAL_KERNEL_BIN_TRACE_RX_OFF RX OFF -- AntPwr: -114, prev W/NBPM: -92, -114, TF|AltADC|DCI/Q(Q5): 0x001a0c, s: 496051, e: 1340851
2026-09-07 02:30:44.092651 L23_DEFAULT_INFO_RRCSTATECHANGEEVENT RRC State: 1
2026-09-07 02:30:44.093139 L23_DEFAULT_INFO_EMM_STATE_VALUE emm_state: 2, emm_substate: 4
2026-09-07 02:30:44.093505 L23_DEFAULT_INFO_RRCSTATECHANGEEVENT RRC State: 0
2026-09-07 02:30:44.093505 L23_ERRC_3GPP_TIMER_STOP 0 STOP
2026-09-07 02:30:44.093505 L23_ERRC_3GPP_TIMER_STOP 1 STOP
2026-09-07 02:30:44.093536 L23_ERRC_3GPP_TIMER_STOP 4 STOP
2026-09-07 02:30:44.093536 L23_ERRC_3GPP_TIMER_STOP 6 STOP
2026-09-07 02:30:44.093536 L23_ERRC_3GPP_TIMER_STOP 7 STOP
2026-09-07 02:30:44.093536 L23_ERRC_3GPP_TIMER_STOP 9 STOP
2026-09-07 02:30:44.093536 L23_ERRC_3GPP_TIMER_STOP 10 STOP
2026-09-07 02:30:44.093566 L23_ERRC_3GPP_TIMER_STOP 13 STOP
2026-09-07 02:30:44.093566 L23_ERRC_3GPP_TIMER_STOP 11 STOP
2026-09-07 02:30:44.093566 L23_ERRC_3GPP_TIMER_STOP 12 STOP
2026-09-07 02:30:46.093597 L23_DEFAULT_INFO_RRCSTATECHANGEEVENT RRC State: 0
2026-09-07 02:30:46.114959 L23_DEFAULT_INFO_RRCSTATECHANGEEVENT RRC State: 1
2026-09-07 02:30:46.116333 L23_DEFAULT_INFO_EMM_STATE_VALUE emm_state: 2, emm_substate: 2
2026-09-07 02:30:46.126648 RFHAL_KERNEL_BIN_TRACE_RX_ON RX ON -- AntPwr: -104, FreqCtrl: 0x380d5700, OF|AnaGi|AdcAttn|BQ|BWs: 0x07000700, dsp_corr: 6141
2026-09-07 02:30:46.137634 RFHAL_KERNEL_BIN_TRACE_RX_OFF RX OFF -- AntPwr: -114, prev W/NBPM: -93, -114, TF|AltADC|DCI/Q(Q5): 0x001a0c, s: 550605, e: 1395405
2026-09-07 02:30:46.144561 RFHAL_KERNEL_BIN_TRACE_RX_ON RX ON -- AntPwr: -104, FreqCtrl: 0x380d5700, OF|AnaGi|AdcAttn|BQ|BWs: 0x07000700, dsp_corr: -6141
2026-09-07 02:30:46.155548 RFHAL_KERNEL_BIN_TRACE_RX_OFF RX OFF -- AntPwr: -114, prev W/NBPM: -92, -114, TF|AltADC|DCI/Q(Q5): 0x001a0c, s: 496056, e: 1340856
2026-09-07 02:30:46.162445 RFHAL_KERNEL_BIN_TRACE_RX_ON RX ON -- AntPwr: -104, FreqCtrl: 0x380d5700, OF|AnaGi|AdcAttn|BQ|BWs: 0x07000700, dsp_corr: 18423
2026-09-07 02:30:46.173431 RFHAL_KERNEL_BIN_TRACE_RX_OFF RX OFF -- AntPwr: -114, prev W/NBPM: -92, -114, TF|AltADC|DCI/Q(Q5): 0x001a0c, s: 496052, e: 1340852
2026-09-07 02:30:46.180328 RFHAL_KERNEL_BIN_TRACE_RX_ON RX ON -- AntPwr: -104, FreqCtrl: 0x380d5700, OF|AnaGi|AdcAttn|BQ|BWs: 0x07000700, dsp_corr: -18423
2026-09-07 02:30:46.191314 RFHAL_KERNEL_BIN_TRACE_RX_OFF RX OFF -- AntPwr: -115, prev W/NBPM: -93, -115, TF|AltADC|DCI/Q(Q5): 0x001a0c, s: 496049, e: 1340849
2026-09-07 02:30:46.191925 L23_DEFAULT_INFO_RRCSTATECHANGEEVENT RRC State: 1
2026-09-07 02:30:46.192382 L23_DEFAULT_INFO_EMM_STATE_VALUE emm_state: 2, emm_substate: 4
2026-09-07 02:30:46.192779 L23_DEFAULT_INFO_RRCSTATECHANGEEVENT RRC State: 0
2026-09-07 02:30:46.192779 L23_ERRC_3GPP_TIMER_STOP 0 STOP
2026-09-07 02:30:46.192779 L23_ERRC_3GPP_TIMER_STOP 1 STOP
2026-09-07 02:30:46.192779 L23_ERRC_3GPP_TIMER_STOP 4 STOP
2026-09-07 02:30:46.192779 L23_ERRC_3GPP_TIMER_STOP 6 STOP
2026-09-07 02:30:46.192779 L23_ERRC_3GPP_TIMER_STOP 7 STOP
2026-09-07 02:30:46.192810 L23_ERRC_3GPP_TIMER_STOP 9 STOP
2026-09-07 02:30:46.192810 L23_ERRC_3GPP_TIMER_STOP 10 STOP
2026-09-07 02:30:46.192810 L23_ERRC_3GPP_TIMER_STOP 13 STOP
2026-09-07 02:30:46.192810 L23_ERRC_3GPP_TIMER_STOP 11 STOP
2026-09-07 02:30:46.192840 L23_ERRC_3GPP_TIMER_STOP 12 STOP
2026-09-07 02:30:47.939605 APDU_TRANSPORT_DONE_INFO [80f2000c]
2026-09-07 02:30:48.192840 APDU_TRANSPORT_DONE_INFO [9000]
2026-09-07 02:30:48.192840 L23_DEFAULT_INFO_RRCSTATECHANGEEVENT RRC State: 0
2026-09-07 02:30:48.214233 L23_DEFAULT_INFO_RRCSTATECHANGEEVENT RRC State: 1
2026-09-07 02:30:48.215606 L23_DEFAULT_INFO_EMM_STATE_VALUE emm_state: 2, emm_substate: 2
2026-09-07 02:30:48.225891 RFHAL_KERNEL_BIN_TRACE_RX_ON RX ON -- AntPwr: -105, FreqCtrl: 0x380d5700, OF|AnaGi|AdcAttn|BQ|BWs: 0x07000700, dsp_corr: 6141
2026-09-07 02:30:48.236908 RFHAL_KERNEL_BIN_TRACE_RX_OFF RX OFF -- AntPwr: -115, prev W/NBPM: -92, -115, TF|AltADC|DCI/Q(Q5): 0x001b0b, s: 550603, e: 1395403
2026-09-07 02:30:48.243805 RFHAL_KERNEL_BIN_TRACE_RX_ON RX ON -- AntPwr: -104, FreqCtrl: 0x380d5700, OF|AnaGi|AdcAttn|BQ|BWs: 0x07000700, dsp_corr: -6141
2026-09-07 02:30:48.254791 RFHAL_KERNEL_BIN_TRACE_RX_OFF RX OFF -- AntPwr: -114, prev W/NBPM: -93, -114, TF|AltADC|DCI/Q(Q5): 0x001a0b, s: 496054, e: 1340854
2026-09-07 02:30:48.261688 RFHAL_KERNEL_BIN_TRACE_RX_ON RX ON -- AntPwr: -103, FreqCtrl: 0x380d5700, OF|AnaGi|AdcAttn|BQ|BWs: 0x07000700, dsp_corr: 18423
2026-09-07 02:30:48.272674 RFHAL_KERNEL_BIN_TRACE_RX_OFF RX OFF -- AntPwr: -116, prev W/NBPM: -92, -116, TF|AltADC|DCI/Q(Q5): 0x001a0b, s: 496054, e: 1340854
2026-09-07 02:30:48.279571 RFHAL_KERNEL_BIN_TRACE_RX_ON RX ON -- AntPwr: -103, FreqCtrl: 0x380d5700, OF|AnaGi|AdcAttn|BQ|BWs: 0x07000700, dsp_corr: -18423
2026-09-07 02:30:48.290588 RFHAL_KERNEL_BIN_TRACE_RX_OFF RX OFF -- AntPwr: -114, prev W/NBPM: -92, -114, TF|AltADC|DCI/Q(Q5): 0x001a0b, s: 496055, e: 1340855
2026-09-07 02:30:48.291168 L23_DEFAULT_INFO_RRCSTATECHANGEEVENT RRC State: 1
2026-09-07 02:30:48.291626 L23_DEFAULT_INFO_EMM_STATE_VALUE emm_state: 2, emm_substate: 4
2026-09-07 02:30:48.292022 L23_DEFAULT_INFO_RRCSTATECHANGEEVENT RRC State: 0
2026-09-07 02:30:48.292022 L23_ERRC_3GPP_TIMER_STOP 0 STOP
2026-09-07 02:30:48.292022 L23_ERRC_3GPP_TIMER_STOP 1 STOP
2026-09-07 02:30:48.292022 L23_ERRC_3GPP_TIMER_STOP 4 STOP
2026-09-07 02:30:48.292053 L23_ERRC_3GPP_TIMER_STOP 6 STOP
2026-09-07 02:30:48.292053 L23_ERRC_3GPP_TIMER_STOP 7 STOP
2026-09-07 02:30:48.292053 L23_ERRC_3GPP_TIMER_STOP 9 STOP
2026-09-07 02:30:48.292053 L23_ERRC_3GPP_TIMER_STOP 10 STOP
2026-09-07 02:30:48.292053 L23_ERRC_3GPP_TIMER_STOP 13 STOP
2026-09-07 02:30:48.292083 L23_ERRC_3GPP_TIMER_STOP 11 STOP
2026-09-07 02:30:48.292083 L23_ERRC_3GPP_TIMER_STOP 12 STOP
2026-09-07 02:30:50.292083 L23_DEFAULT_INFO_RRCSTATECHANGEEVENT RRC State: 0
2026-09-07 02:30:50.313446 L23_DEFAULT_INFO_RRCSTATECHANGEEVENT RRC State: 1
2026-09-07 02:30:50.314819 L23_DEFAULT_INFO_EMM_STATE_VALUE emm_state: 2, emm_substate: 2
2026-09-07 02:30:50.325103 RFHAL_KERNEL_BIN_TRACE_RX_ON RX ON -- AntPwr: -103, FreqCtrl: 0x380d5700, OF|AnaGi|AdcAttn|BQ|BWs: 0x07000700, dsp_corr: 6141
2026-09-07 02:30:50.336090 RFHAL_KERNEL_BIN_TRACE_RX_OFF RX OFF -- AntPwr: -115, prev W/NBPM: -93, -115, TF|AltADC|DCI/Q(Q5): 0x001b0c, s: 550602, e: 1395402
2026-09-07 02:30:50.343017 RFHAL_KERNEL_BIN_TRACE_RX_ON RX ON -- AntPwr: -103, FreqCtrl: 0x380d5700, OF|AnaGi|AdcAttn|BQ|BWs: 0x07000700, dsp_corr: -6141
2026-09-07 02:30:50.354003 RFHAL_KERNEL_BIN_TRACE_RX_OFF RX OFF -- AntPwr: -115, prev W/NBPM: -92, -115, TF|AltADC|DCI/Q(Q5): 0x001b0c, s: 496055, e: 1340855
2026-09-07 02:30:50.360900 RFHAL_KERNEL_BIN_TRACE_RX_ON RX ON -- AntPwr: -103, FreqCtrl: 0x380d5700, OF|AnaGi|AdcAttn|BQ|BWs: 0x07000700, dsp_corr: 18423
2026-09-07 02:30:50.371887 RFHAL_KERNEL_BIN_TRACE_RX_OFF RX OFF -- AntPwr: -115, prev W/NBPM: -92, -115, TF|AltADC|DCI/Q(Q5): 0x001a0c, s: 496053, e: 1340853
2026-09-07 02:30:50.378784 RFHAL_KERNEL_BIN_TRACE_RX_ON RX ON -- AntPwr: -105, FreqCtrl: 0x380d5700, OF|AnaGi|AdcAttn|BQ|BWs: 0x07000700, dsp_corr: -18423
2026-09-07 02:30:50.389770 RFHAL_KERNEL_BIN_TRACE_RX_OFF RX OFF -- AntPwr: -115, prev W/NBPM: -93, -115, TF|AltADC|DCI/Q(Q5): 0x001a0c, s: 496058, e: 1340858
2026-09-07 02:30:50.390411 L23_DEFAULT_INFO_RRCSTATECHANGEEVENT RRC State: 1
2026-09-07 02:30:50.390869 L23_DEFAULT_INFO_EMM_STATE_VALUE emm_state: 2, emm_substate: 4
2026-09-07 02:30:50.391235 L23_DEFAULT_INFO_RRCSTATECHANGEEVENT RRC State: 0
2026-09-07 02:30:50.391235 L23_ERRC_3GPP_TIMER_STOP 0 STOP
2026-09-07 02:30:50.391265 L23_ERRC_3GPP_TIMER_STOP 1 STOP
2026-09-07 02:30:50.391265 L23_ERRC_3GPP_TIMER_STOP 4 STOP
2026-09-07 02:30:50.391265 L23_ERRC_3GPP_TIMER_STOP 6 STOP
2026-09-07 02:30:50.391265 L23_ERRC_3GPP_TIMER_STOP 7 STOP
2026-09-07 02:30:50.391265 L23_ERRC_3GPP_TIMER_STOP 9 STOP
2026-09-07 02:30:50.391296 L23_ERRC_3GPP_TIMER_STOP 10 STOP
2026-09-07 02:30:50.391296 L23_ERRC_3GPP_TIMER_STOP 13 STOP
2026-09-07 02:30:50.391296 L23_ERRC_3GPP_TIMER_STOP 11 STOP
2026-09-07 02:30:50.391296 L23_ERRC_3GPP_TIMER_STOP 12 STOP
2026-09-07 02:30:52.390747 TRACE_SYSTEM_WARNING Traces dropped kernel: 0 user: 4 (buffer: 0 peer buffer: 0 message: 4) - Throughput: kernel: 2678 user: 6837 bytes / s
2026-09-07 02:30:52.391326 L23_DEFAULT_INFO_RRCSTATECHANGEEVENT RRC State: 0
2026-09-07 02:30:52.412689 L23_DEFAULT_INFO_RRCSTATECHANGEEVENT RRC State: 1
2026-09-07 02:30:52.414062 L23_DEFAULT_INFO_EMM_STATE_VALUE emm_state: 2, emm_substate: 2
2026-09-07 02:30:52.424377 RFHAL_KERNEL_BIN_TRACE_RX_ON RX ON -- AntPwr: -104, FreqCtrl: 0x380d5700, OF|AnaGi|AdcAttn|BQ|BWs: 0x07000700, dsp_corr: 6141
2026-09-07 02:30:52.435394 RFHAL_KERNEL_BIN_TRACE_RX_OFF RX OFF -- AntPwr: -115, prev W/NBPM: -92, -115, TF|AltADC|DCI/Q(Q5): 0x001a0c, s: 550604, e: 1395404
2026-09-07 02:30:52.442291 RFHAL_KERNEL_BIN_TRACE_RX_ON RX ON -- AntPwr: -104, FreqCtrl: 0x380d5700, OF|AnaGi|AdcAttn|BQ|BWs: 0x07000700, dsp_corr: -6141
2026-09-07 02:30:52.453277 RFHAL_KERNEL_BIN_TRACE_RX_OFF RX OFF -- AntPwr: -114, prev W/NBPM: -93, -114, TF|AltADC|DCI/Q(Q5): 0x001a0c, s: 496056, e: 1340856
2026-09-07 02:30:52.460174 RFHAL_KERNEL_BIN_TRACE_RX_ON RX ON -- AntPwr: -105, FreqCtrl: 0x380d5700, OF|AnaGi|AdcAttn|BQ|BWs: 0x07000700, dsp_corr: 18423
2026-09-07 02:30:52.471160 RFHAL_KERNEL_BIN_TRACE_RX_OFF RX OFF -- AntPwr: -115, prev W/NBPM: -92, -115, TF|AltADC|DCI/Q(Q5): 0x001a0c, s: 496048, e: 1340848
2026-09-07 02:30:52.478057 RFHAL_KERNEL_BIN_TRACE_RX_ON RX ON -- AntPwr: -103, FreqCtrl: 0x380d5700, OF|AnaGi|AdcAttn|BQ|BWs: 0x07000700, dsp_corr: -18423
2026-09-07 02:30:52.489044 RFHAL_KERNEL_BIN_TRACE_RX_OFF RX OFF -- AntPwr: -115, prev W/NBPM: -92, -115, TF|AltADC|DCI/Q(Q5): 0x001a0b, s: 496051, e: 1340851
2026-09-07 02:30:52.489654 L23_DEFAULT_INFO_RRCSTATECHANGEEVENT RRC State: 1
2026-09-07 02:30:52.490112 L23_DEFAULT_INFO_EMM_STATE_VALUE emm_state: 2, emm_substate: 4
2026-09-07 02:30:52.490509 L23_DEFAULT_INFO_RRCSTATECHANGEEVENT RRC State: 0
2026-09-07 02:30:52.490509 L23_ERRC_3GPP_TIMER_STOP 0 STOP
2026-09-07 02:30:52.490509 L23_ERRC_3GPP_TIMER_STOP 1 STOP
2026-09-07 02:30:52.490509 L23_ERRC_3GPP_TIMER_STOP 4 STOP
2026-09-07 02:30:52.490509 L23_ERRC_3GPP_TIMER_STOP 6 STOP
2026-09-07 02:30:52.490539 L23_ERRC_3GPP_TIMER_STOP 7 STOP
2026-09-07 02:30:52.490539 L23_ERRC_3GPP_TIMER_STOP 9 STOP
2026-09-07 02:30:52.490539 L23_ERRC_3GPP_TIMER_STOP 10 STOP
2026-09-07 02:30:52.490539 L23_ERRC_3GPP_TIMER_STOP 13 STOP
2026-09-07 02:30:52.490539 L23_ERRC_3GPP_TIMER_STOP 11 STOP
2026-09-07 02:30:52.490570 L23_ERRC_3GPP_TIMER_STOP 12 STOP
2026-09-07 02:30:54.490570 L23_DEFAULT_INFO_RRCSTATECHANGEEVENT RRC State: 0
2026-09-07 02:30:54.511932 L23_DEFAULT_INFO_RRCSTATECHANGEEVENT RRC State: 1
2026-09-07 02:30:54.513275 L23_DEFAULT_INFO_EMM_STATE_VALUE emm_state: 2, emm_substate: 2
2026-09-07 02:30:54.523590 RFHAL_KERNEL_BIN_TRACE_RX_ON RX ON -- AntPwr: -102, FreqCtrl: 0x380d5700, OF|AnaGi|AdcAttn|BQ|BWs: 0x07000700, dsp_corr: 6141
2026-09-07 02:30:54.534576 RFHAL_KERNEL_BIN_TRACE_RX_OFF RX OFF -- AntPwr: -114, prev W/NBPM: -92, -114, TF|AltADC|DCI/Q(Q5): 0x001b0c, s: 550603, e: 1395403
2026-09-07 02:30:54.541473 RFHAL_KERNEL_BIN_TRACE_RX_ON RX ON -- AntPwr: -105, FreqCtrl: 0x380d5700, OF|AnaGi|AdcAttn|BQ|BWs: 0x07000700, dsp_corr: -6141
2026-09-07 02:30:54.552490 RFHAL_KERNEL_BIN_TRACE_RX_OFF RX OFF -- AntPwr: -114, prev W/NBPM: -92, -114, TF|AltADC|DCI/Q(Q5): 0x001a0c, s: 496055, e: 1340855
2026-09-07 02:30:54.559387 RFHAL_KERNEL_BIN_TRACE_RX_ON RX ON -- AntPwr: -102, FreqCtrl: 0x380d5700, OF|AnaGi|AdcAttn|BQ|BWs: 0x07000700, dsp_corr: 18423
2026-09-07 02:30:54.570373 RFHAL_KERNEL_BIN_TRACE_RX_OFF RX OFF -- AntPwr: -116, prev W/NBPM: -92, -116, TF|AltADC|DCI/Q(Q5): 0x001a0c, s: 496052, e: 1340852
2026-09-07 02:30:54.577270 RFHAL_KERNEL_BIN_TRACE_RX_ON RX ON -- AntPwr: -104, FreqCtrl: 0x380d5700, OF|AnaGi|AdcAttn|BQ|BWs: 0x07000700, dsp_corr: -18423
2026-09-07 02:30:54.588256 RFHAL_KERNEL_BIN_TRACE_RX_OFF RX OFF -- AntPwr: -115, prev W/NBPM: -92, -115, TF|AltADC|DCI/Q(Q5): 0x001a0c, s: 496051, e: 1340851
2026-09-07 02:30:54.588867 L23_DEFAULT_INFO_RRCSTATECHANGEEVENT RRC State: 1
2026-09-07 02:30:54.589355 L23_DEFAULT_INFO_EMM_STATE_VALUE emm_state: 2, emm_substate: 4
2026-09-07 02:30:54.589721 L23_DEFAULT_INFO_RRCSTATECHANGEEVENT RRC State: 0
2026-09-07 02:30:54.589721 L23_ERRC_3GPP_TIMER_STOP 0 STOP
2026-09-07 02:30:54.589721 L23_ERRC_3GPP_TIMER_STOP 1 STOP
2026-09-07 02:30:54.589752 L23_ERRC_3GPP_TIMER_STOP 4 STOP
2026-09-07 02:30:54.589752 L23_ERRC_3GPP_TIMER_STOP 6 STOP
2026-09-07 02:30:54.589752 L23_ERRC_3GPP_TIMER_STOP 7 STOP
2026-09-07 02:30:54.589752 L23_ERRC_3GPP_TIMER_STOP 9 STOP
2026-09-07 02:30:54.589752 L23_ERRC_3GPP_TIMER_STOP 10 STOP
2026-09-07 02:30:54.589782 L23_ERRC_3GPP_TIMER_STOP 13 STOP
2026-09-07 02:30:54.589782 L23_ERRC_3GPP_TIMER_STOP 11 STOP
2026-09-07 02:30:54.589782 L23_ERRC_3GPP_TIMER_STOP 12 STOP
2026-09-07 02:30:56.589233 TRACE_SYSTEM_WARNING Traces dropped kernel: 0 user: 4 (buffer: 0 peer buffer: 0 message: 4) - Throughput: kernel: 2678 user: 6837 bytes / s
2026-09-07 02:30:56.589813 L23_DEFAULT_INFO_RRCSTATECHANGEEVENT RRC State: 0
2026-09-07 02:30:56.611175 L23_DEFAULT_INFO_RRCSTATECHANGEEVENT RRC State: 1
2026-09-07 02:30:56.612548 L23_DEFAULT_INFO_EMM_STATE_VALUE emm_state: 2, emm_substate: 2
2026-09-07 02:30:56.622863 RFHAL_KERNEL_BIN_TRACE_RX_ON RX ON -- AntPwr: -105, FreqCtrl: 0x380d5700, OF|AnaGi|AdcAttn|BQ|BWs: 0x07000700, dsp_corr: 6141
2026-09-07 02:30:56.633850 RFHAL_KERNEL_BIN_TRACE_RX_OFF RX OFF -- AntPwr: -114, prev W/NBPM: -93, -114, TF|AltADC|DCI/Q(Q5): 0x001b0c, s: 550604, e: 1395404
2026-09-07 02:30:56.640777 RFHAL_KERNEL_BIN_TRACE_RX_ON RX ON -- AntPwr: -104, FreqCtrl: 0x380d5700, OF|AnaGi|AdcAttn|BQ|BWs: 0x07000700, dsp_corr: -6141
2026-09-07 02:30:56.651764 RFHAL_KERNEL_BIN_TRACE_RX_OFF RX OFF -- AntPwr: -114, prev W/NBPM: -92, -114, TF|AltADC|DCI/Q(Q5): 0x001b0c, s: 496059, e: 1340859
2026-09-07 02:30:56.658660 RFHAL_KERNEL_BIN_TRACE_RX_ON RX ON -- AntPwr: -104, FreqCtrl: 0x380d5700, OF|AnaGi|AdcAttn|BQ|BWs: 0x07000700, dsp_corr: 18423
2026-09-07 02:30:56.669647 RFHAL_KERNEL_BIN_TRACE_RX_OFF RX OFF -- AntPwr: -115, prev W/NBPM: -92, -115, TF|AltADC|DCI/Q(Q5): 0x001a0c, s: 496050, e: 1340850
2026-09-07 02:30:56.676544 RFHAL_KERNEL_BIN_TRACE_RX_ON RX ON -- AntPwr: -103, FreqCtrl: 0x380d5700, OF|AnaGi|AdcAttn|BQ|BWs: 0x07000700, dsp_corr: -18423
2026-09-07 02:30:56.687530 RFHAL_KERNEL_BIN_TRACE_RX_OFF RX OFF -- AntPwr: -115, prev W/NBPM: -92, -115, TF|AltADC|DCI/Q(Q5): 0x001a0c, s: 496051, e: 1340851
2026-09-07 02:30:56.688140 L23_DEFAULT_INFO_RRCSTATECHANGEEVENT RRC State: 1
2026-09-07 02:30:56.688598 L23_DEFAULT_INFO_EMM_STATE_VALUE emm_state: 2, emm_substate: 4
2026-09-07 02:30:56.688995 L23_DEFAULT_INFO_RRCSTATECHANGEEVENT RRC State: 0
2026-09-07 02:30:56.688995 L23_ERRC_3GPP_TIMER_STOP 0 STOP
2026-09-07 02:30:56.688995 L23_ERRC_3GPP_TIMER_STOP 1 STOP
2026-09-07 02:30:56.688995 L23_ERRC_3GPP_TIMER_STOP 4 STOP
2026-09-07 02:30:56.688995 L23_ERRC_3GPP_TIMER_STOP 6 STOP
2026-09-07 02:30:56.689025 L23_ERRC_3GPP_TIMER_STOP 7 STOP
2026-09-07 02:30:56.689025 L23_ERRC_3GPP_TIMER_STOP 9 STOP
2026-09-07 02:30:56.689025 L23_ERRC_3GPP_TIMER_STOP 10 STOP
2026-09-07 02:30:56.689025 L23_ERRC_3GPP_TIMER_STOP 13 STOP
2026-09-07 02:30:56.689025 L23_ERRC_3GPP_TIMER_STOP 11 STOP
2026-09-07 02:30:56.689056 L23_ERRC_3GPP_TIMER_STOP 12 STOP
2026-09-07 02:30:58.689056 L23_DEFAULT_INFO_RRCSTATECHANGEEVENT RRC State: 0
2026-09-07 02:30:58.710418 L23_DEFAULT_INFO_RRCSTATECHANGEEVENT RRC State: 1
2026-09-07 02:30:58.711792 L23_DEFAULT_INFO_EMM_STATE_VALUE emm_state: 2, emm_substate: 2
2026-09-07 02:30:58.722076 RFHAL_KERNEL_BIN_TRACE_RX_ON RX ON -- AntPwr: -103, FreqCtrl: 0x380d5700, OF|AnaGi|AdcAttn|BQ|BWs: 0x07000700, dsp_corr: 6141
2026-09-07 02:30:58.733062 RFHAL_KERNEL_BIN_TRACE_RX_OFF RX OFF -- AntPwr: -114, prev W/NBPM: -93, -114, TF|AltADC|DCI/Q(Q5): 0x001a0c, s: 550605, e: 1395405
2026-09-07 02:30:58.739959 RFHAL_KERNEL_BIN_TRACE_RX_ON RX ON -- AntPwr: -102, FreqCtrl: 0x380d5700, OF|AnaGi|AdcAttn|BQ|BWs: 0x07000700, dsp_corr: -6141
2026-09-07 02:30:58.750976 RFHAL_KERNEL_BIN_TRACE_RX_OFF RX OFF -- AntPwr: -114, prev W/NBPM: -92, -114, TF|AltADC|DCI/Q(Q5): 0x001a0c, s: 496059, e: 1340859
2026-09-07 02:30:58.757873 RFHAL_KERNEL_BIN_TRACE_RX_ON RX ON -- AntPwr: -104, FreqCtrl: 0x380d5700, OF|AnaGi|AdcAttn|BQ|BWs: 0x07000700, dsp_corr: 18423
2026-09-07 02:30:58.768859 RFHAL_KERNEL_BIN_TRACE_RX_OFF RX OFF -- AntPwr: -115, prev W/NBPM: -92, -115, TF|AltADC|DCI/Q(Q5): 0x001a0b, s: 496049, e: 1340849
2026-09-07 02:30:58.775756 RFHAL_KERNEL_BIN_TRACE_RX_ON RX ON -- AntPwr: -103, FreqCtrl: 0x380d5700, OF|AnaGi|AdcAttn|BQ|BWs: 0x07000700, dsp_corr: -18423
2026-09-07 02:30:58.786743 RFHAL_KERNEL_BIN_TRACE_RX_OFF RX OFF -- AntPwr: -114, prev W/NBPM: -92, -114, TF|AltADC|DCI/Q(Q5): 0x001a0b, s: 496052, e: 1340852
2026-09-07 02:30:58.787353 L23_DEFAULT_INFO_RRCSTATECHANGEEVENT RRC State: 1
2026-09-07 02:30:58.787841 L23_DEFAULT_INFO_EMM_STATE_VALUE emm_state: 2, emm_substate: 4
2026-09-07 02:30:58.788208 L23_DEFAULT_INFO_RRCSTATECHANGEEVENT RRC State: 0
2026-09-07 02:30:58.788208 L23_ERRC_3GPP_TIMER_STOP 0 STOP
2026-09-07 02:30:58.788208 L23_ERRC_3GPP_TIMER_STOP 1 STOP
2026-09-07 02:30:58.788238 L23_ERRC_3GPP_TIMER_STOP 4 STOP
2026-09-07 02:30:58.788238 L23_ERRC_3GPP_TIMER_STOP 6 STOP
2026-09-07 02:30:58.788238 L23_ERRC_3GPP_TIMER_STOP 7 STOP
2026-09-07 02:30:58.788238 L23_ERRC_3GPP_TIMER_STOP 9 STOP
2026-09-07 02:30:58.788238 L23_ERRC_3GPP_TIMER_STOP 10 STOP
2026-09-07 02:30:58.788238 L23_ERRC_3GPP_TIMER_STOP 13 STOP
2026-09-07 02:30:58.788269 L23_ERRC_3GPP_TIMER_STOP 11 STOP
2026-09-07 02:30:58.788269 L23_ERRC_3GPP_TIMER_STOP 12 STOP
2026-09-07 02:31:00.788299 L23_DEFAULT_INFO_RRCSTATECHANGEEVENT RRC State: 0
2026-09-07 02:31:00.809661 L23_DEFAULT_INFO_RRCSTATECHANGEEVENT RRC State: 1
2026-09-07 02:31:00.811035 L23_DEFAULT_INFO_EMM_STATE_VALUE emm_state: 2, emm_substate: 2
2026-09-07 02:31:00.821350 RFHAL_KERNEL_BIN_TRACE_RX_ON RX ON -- AntPwr: -103, FreqCtrl: 0x380d5700, OF|AnaGi|AdcAttn|BQ|BWs: 0x07000700, dsp_corr: 6141
2026-09-07 02:31:00.832336 RFHAL_KERNEL_BIN_TRACE_RX_OFF RX OFF -- AntPwr: -116, prev W/NBPM: -92, -116, TF|AltADC|DCI/Q(Q5): 0x001b0c, s: 550604, e: 1395404
2026-09-07 02:31:00.839233 RFHAL_KERNEL_BIN_TRACE_RX_ON RX ON -- AntPwr: -103, FreqCtrl: 0x380d5700, OF|AnaGi|AdcAttn|BQ|BWs: 0x07000700, dsp_corr: -6141
2026-09-07 02:31:00.850250 RFHAL_KERNEL_BIN_TRACE_RX_OFF RX OFF -- AntPwr: -113, prev W/NBPM: -92, -113, TF|AltADC|DCI/Q(Q5): 0x001b0c, s: 496056, e: 1340856
2026-09-07 02:31:00.857147 RFHAL_KERNEL_BIN_TRACE_RX_ON RX ON -- AntPwr: -104, FreqCtrl: 0x380d5700, OF|AnaGi|AdcAttn|BQ|BWs: 0x07000700, dsp_corr: 18423
2026-09-07 02:31:00.868133 RFHAL_KERNEL_BIN_TRACE_RX_OFF RX OFF -- AntPwr: -115, prev W/NBPM: -92, -115, TF|AltADC|DCI/Q(Q5): 0x001a0c, s: 496053, e: 1340853
2026-09-07 02:31:00.875030 RFHAL_KERNEL_BIN_TRACE_RX_ON RX ON -- AntPwr: -104, FreqCtrl: 0x380d5700, OF|AnaGi|AdcAttn|BQ|BWs: 0x07000700, dsp_corr: -18423
2026-09-07 02:31:00.886016 RFHAL_KERNEL_BIN_TRACE_RX_OFF RX OFF -- AntPwr: -116, prev W/NBPM: -92, -116, TF|AltADC|DCI/Q(Q5): 0x001a0c, s: 496047, e: 1340847
2026-09-07 02:31:00.886627 L23_DEFAULT_INFO_RRCSTATECHANGEEVENT RRC State: 1
2026-09-07 02:31:00.887085 L23_DEFAULT_INFO_EMM_STATE_VALUE emm_state: 2, emm_substate: 4
2026-09-07 02:31:00.887481 L23_DEFAULT_INFO_RRCSTATECHANGEEVENT RRC State: 0
2026-09-07 02:31:00.887481 L23_ERRC_3GPP_TIMER_STOP 0 STOP
2026-09-07 02:31:00.887481 L23_ERRC_3GPP_TIMER_STOP 1 STOP
2026-09-07 02:31:00.887481 L23_ERRC_3GPP_TIMER_STOP 4 STOP
2026-09-07 02:31:00.887481 L23_ERRC_3GPP_TIMER_STOP 6 STOP
2026-09-07 02:31:00.887481 L23_ERRC_3GPP_TIMER_STOP 7 STOP
2026-09-07 02:31:00.887512 L23_ERRC_3GPP_TIMER_STOP 9 STOP
2026-09-07 02:31:00.887512 L23_ERRC_3GPP_TIMER_STOP 10 STOP
2026-09-07 02:31:00.887512 L23_ERRC_3GPP_TIMER_STOP 13 STOP
2026-09-07 02:31:00.887512 L23_ERRC_3GPP_TIMER_STOP 11 STOP
2026-09-07 02:31:00.887542 L23_ERRC_3GPP_TIMER_STOP 12 STOP
2026-09-07 02:31:02.887542 L23_DEFAULT_INFO_RRCSTATECHANGEEVENT RRC State: 0
2026-09-07 02:31:02.908905 L23_DEFAULT_INFO_RRCSTATECHANGEEVENT RRC State: 1
2026-09-07 02:31:02.910247 L23_DEFAULT_INFO_EMM_STATE_VALUE emm_state: 2, emm_substate: 2
2026-09-07 02:31:02.920562 RFHAL_KERNEL_BIN_TRACE_RX_ON RX ON -- AntPwr: -104, FreqCtrl: 0x380d5700, OF|AnaGi|AdcAttn|BQ|BWs: 0x07000700, dsp_corr: 6141
2026-09-07 02:31:02.931549 RFHAL_KERNEL_BIN_TRACE_RX_OFF RX OFF -- AntPwr: -115, prev W/NBPM: -92, -115, TF|AltADC|DCI/Q(Q5): 0x001b0c, s: 550600, e: 1395400
2026-09-07 02:31:02.938446 RFHAL_KERNEL_BIN_TRACE_RX_ON RX ON -- AntPwr: -104, FreqCtrl: 0x380d5700, OF|AnaGi|AdcAttn|BQ|BWs: 0x07000700, dsp_corr: -6141
2026-09-07 02:31:02.949462 RFHAL_KERNEL_BIN_TRACE_RX_OFF RX OFF -- AntPwr: -115, prev W/NBPM: -92, -115, TF|AltADC|DCI/Q(Q5): 0x001a0c, s: 496055, e: 1340855
2026-09-07 02:31:02.956329 RFHAL_KERNEL_BIN_TRACE_RX_ON RX ON -- AntPwr: -104, FreqCtrl: 0x380d5700, OF|AnaGi|AdcAttn|BQ|BWs: 0x07000700, dsp_corr: 18423
2026-09-07 02:31:02.967346 RFHAL_KERNEL_BIN_TRACE_RX_OFF RX OFF -- AntPwr: -115, prev W/NBPM: -92, -115, TF|AltADC|DCI/Q(Q5): 0x001a0c, s: 496054, e: 1340854
2026-09-07 02:31:02.974243 RFHAL_KERNEL_BIN_TRACE_RX_ON RX ON -- AntPwr: -102, FreqCtrl: 0x380d5700, OF|AnaGi|AdcAttn|BQ|BWs: 0x07000700, dsp_corr: -18423
2026-09-07 02:31:02.985229 RFHAL_KERNEL_BIN_TRACE_RX_OFF RX OFF -- AntPwr: -114, prev W/NBPM: -92, -114, TF|AltADC|DCI/Q(Q5): 0x001a0c, s: 496051, e: 1340851
2026-09-07 02:31:02.985839 L23_DEFAULT_INFO_RRCSTATECHANGEEVENT RRC State: 1
2026-09-07 02:31:02.986328 L23_DEFAULT_INFO_EMM_STATE_VALUE emm_state: 2, emm_substate: 4
2026-09-07 02:31:02.986694 L23_DEFAULT_INFO_RRCSTATECHANGEEVENT RRC State: 0
2026-09-07 02:31:02.986694 L23_ERRC_3GPP_TIMER_STOP 0 STOP
2026-09-07 02:31:02.986694 L23_ERRC_3GPP_TIMER_STOP 1 STOP
2026-09-07 02:31:02.986694 L23_ERRC_3GPP_TIMER_STOP 4 STOP
2026-09-07 02:31:02.986724 L23_ERRC_3GPP_TIMER_STOP 6 STOP
2026-09-07 02:31:02.986724 L23_ERRC_3GPP_TIMER_STOP 7 STOP
2026-09-07 02:31:02.986724 L23_ERRC_3GPP_TIMER_STOP 9 STOP
2026-09-07 02:31:02.986724 L23_ERRC_3GPP_TIMER_STOP 10 STOP
2026-09-07 02:31:02.986724 L23_ERRC_3GPP_TIMER_STOP 13 STOP
2026-09-07 02:31:02.986755 L23_ERRC_3GPP_TIMER_STOP 11 STOP
2026-09-07 02:31:02.986755 L23_ERRC_3GPP_TIMER_STOP 12 STOP
2026-09-07 02:31:04.986175 TRACE_SYSTEM_WARNING Traces dropped kernel: 0 user: 4 (buffer: 0 peer buffer: 0 message: 4) - Throughput: kernel: 2678 user: 6837 bytes / s
2026-09-07 02:31:04.986785 L23_DEFAULT_INFO_RRCSTATECHANGEEVENT RRC State: 0
2026-09-07 02:31:05.008148 L23_DEFAULT_INFO_RRCSTATECHANGEEVENT RRC State: 1
2026-09-07 02:31:05.009521 L23_DEFAULT_INFO_EMM_STATE_VALUE emm_state: 2, emm_substate: 2
2026-09-07 02:31:05.019836 RFHAL_KERNEL_BIN_TRACE_RX_ON RX ON -- AntPwr: -104, FreqCtrl: 0x380d5700, OF|AnaGi|AdcAttn|BQ|BWs: 0x07000700, dsp_corr: 6141
2026-09-07 02:31:05.030822 RFHAL_KERNEL_BIN_TRACE_RX_OFF RX OFF -- AntPwr: -115, prev W/NBPM: -93, -115, TF|AltADC|DCI/Q(Q5): 0x001a0c, s: 550604, e: 1395404
2026-09-07 02:31:05.037719 RFHAL_KERNEL_BIN_TRACE_RX_ON RX ON -- AntPwr: -104, FreqCtrl: 0x380d5700, OF|AnaGi|AdcAttn|BQ|BWs: 0x07000700, dsp_corr: -6141
2026-09-07 02:31:05.048736 RFHAL_KERNEL_BIN_TRACE_RX_OFF RX OFF -- AntPwr: -115, prev W/NBPM: -92, -115, TF|AltADC|DCI/Q(Q5): 0x001a0c, s: 496055, e: 1340855
2026-09-07 02:31:05.055633 RFHAL_KERNEL_BIN_TRACE_RX_ON RX ON -- AntPwr: -104, FreqCtrl: 0x380d5700, OF|AnaGi|AdcAttn|BQ|BWs: 0x07000700, dsp_corr: 18423
2026-09-07 02:31:05.066619 RFHAL_KERNEL_BIN_TRACE_RX_OFF RX OFF -- AntPwr: -114, prev W/NBPM: -92, -114, TF|AltADC|DCI/Q(Q5): 0x001a0c, s: 496051, e: 1340851
2026-09-07 02:31:05.073516 RFHAL_KERNEL_BIN_TRACE_RX_ON RX ON -- AntPwr: -104, FreqCtrl: 0x380d5700, OF|AnaGi|AdcAttn|BQ|BWs: 0x07000700, dsp_corr: -18423
2026-09-07 02:31:05.084503 RFHAL_KERNEL_BIN_TRACE_RX_OFF RX OFF -- AntPwr: -114, prev W/NBPM: -92, -114, TF|AltADC|DCI/Q(Q5): 0x001a0c, s: 496051, e: 1340851
2026-09-07 02:31:05.085113 L23_DEFAULT_INFO_RRCSTATECHANGEEVENT RRC State: 1
2026-09-07 02:31:05.085571 L23_DEFAULT_INFO_EMM_STATE_VALUE emm_state: 2, emm_substate: 4
2026-09-07 02:31:05.085968 L23_DEFAULT_INFO_RRCSTATECHANGEEVENT RRC State: 0
2026-09-07 02:31:05.085968 L23_ERRC_3GPP_TIMER_STOP 0 STOP
2026-09-07 02:31:05.085968 L23_ERRC_3GPP_TIMER_STOP 1 STOP
2026-09-07 02:31:05.085968 L23_ERRC_3GPP_TIMER_STOP 4 STOP
2026-09-07 02:31:05.085968 L23_ERRC_3GPP_TIMER_STOP 6 STOP
2026-09-07 02:31:05.085968 L23_ERRC_3GPP_TIMER_STOP 7 STOP
2026-09-07 02:31:05.085998 L23_ERRC_3GPP_TIMER_STOP 9 STOP
2026-09-07 02:31:05.085998 L23_ERRC_3GPP_TIMER_STOP 10 STOP
2026-09-07 02:31:05.085998 L23_ERRC_3GPP_TIMER_STOP 13 STOP
2026-09-07 02:31:05.085998 L23_ERRC_3GPP_TIMER_STOP 11 STOP
2026-09-07 02:31:05.086029 L23_ERRC_3GPP_TIMER_STOP 12 STOP
2026-09-07 02:31:07.085418 UUID eae22c84-2506-423a-883e-91bd9b2ad229
2026-09-07 02:31:07.085449 HWVERSION nRF9151 A1A
2026-09-07 02:31:07.086029 L23_DEFAULT_INFO_RRCSTATECHANGEEVENT RRC State: 0
2026-09-07 02:31:07.107391 L23_DEFAULT_INFO_RRCSTATECHANGEEVENT RRC State: 1
2026-09-07 02:31:07.108764 L23_DEFAULT_INFO_EMM_STATE_VALUE emm_state: 2, emm_substate: 2
2026-09-07 02:31:07.119049 RFHAL_KERNEL_BIN_TRACE_RX_ON RX ON -- AntPwr: -103, FreqCtrl: 0x380d5700, OF|AnaGi|AdcAttn|BQ|BWs: 0x07000700, dsp_corr: 6141
2026-09-07 02:31:07.130035 RFHAL_KERNEL_BIN_TRACE_RX_OFF RX OFF -- AntPwr: -115, prev W/NBPM: -93, -115, TF|AltADC|DCI/Q(Q5): 0x001b0c, s: 550598, e: 1395398
2026-09-07 02:31:07.136932 RFHAL_KERNEL_BIN_TRACE_RX_ON RX ON -- AntPwr: -103, FreqCtrl: 0x380d5700, OF|AnaGi|AdcAttn|BQ|BWs: 0x07000700, dsp_corr: -6141
2026-09-07 02:31:07.147918 RFHAL_KERNEL_BIN_TRACE_RX_OFF RX OFF -- AntPwr: -114, prev W/NBPM: -92, -114, TF|AltADC|DCI/Q(Q5): 0x001a0c, s: 496058, e: 1340858
2026-09-07 02:31:07.154815 RFHAL_KERNEL_BIN_TRACE_RX_ON RX ON -- AntPwr: -103, FreqCtrl: 0x380d5700, OF|AnaGi|AdcAttn|BQ|BWs: 0x07000700, dsp_corr: 18423
2026-09-07 02:31:07.165832 RFHAL_KERNEL_BIN_TRACE_RX_OFF RX OFF -- AntPwr: -115, prev W/NBPM: -92, -115, TF|AltADC|DCI/Q(Q5): 0x001a0c, s: 496051, e: 1340851
2026-09-07 02:31:07.172729 RFHAL_KERNEL_BIN_TRACE_RX_ON RX ON -- AntPwr: -105, FreqCtrl: 0x380d5700, OF|AnaGi|AdcAttn|BQ|BWs: 0x07000700, dsp_corr: -18423
2026-09-07 02:31:07.183715 RFHAL_KERNEL_BIN_TRACE_RX_OFF RX OFF -- AntPwr: -115, prev W/NBPM: -92, -115, TF|AltADC|DCI/Q(Q5): 0x001a0c, s: 496052, e: 1340852
2026-09-07 02:31:07.184326 L23_DEFAULT_INFO_RRCSTATECHANGEEVENT RRC State: 1
2026-09-07 02:31:07.184814 L23_DEFAULT_INFO_EMM_STATE_VALUE emm_state: 2, emm_substate: 4
2026-09-07 02:31:07.185180 L23_DEFAULT_INFO_RRCSTATECHANGEEVENT RRC State: 0
2026-09-07 02:31:07.185180 L23_ERRC_3GPP_TIMER_STOP 0 STOP
2026-09-07 02:31:07.185180 L23_ERRC_3GPP_TIMER_STOP 1 STOP
2026-09-07 02:31:07.185211 L23_ERRC_3GPP_TIMER_STOP 4 STOP
2026-09-07 02:31:07.185211 L23_ERRC_3GPP_TIMER_STOP 6 STOP
2026-09-07 02:31:07.185211 L23_ERRC_3GPP_TIMER_STOP 7 STOP
2026-09-07 02:31:07.185211 L23_ERRC_3GPP_TIMER_STOP 9 STOP
2026-09-07 02:31:07.185211 L23_ERRC_3GPP_TIMER_STOP 10 STOP
2026-09-07 02:31:07.185211 L23_ERRC_3GPP_TIMER_STOP 13 STOP
2026-09-07 02:31:07.185241 L23_ERRC_3GPP_TIMER_STOP 11 STOP
2026-09-07 02:31:07.185241 L23_ERRC_3GPP_TIMER_STOP 12 STOP
2026-09-07 02:31:09.185272 L23_DEFAULT_INFO_RRCSTATECHANGEEVENT RRC State: 0
2026-09-07 02:31:09.206634 L23_DEFAULT_INFO_RRCSTATECHANGEEVENT RRC State: 1
2026-09-07 02:31:09.208007 L23_DEFAULT_INFO_EMM_STATE_VALUE emm_state: 2, emm_substate: 2
2026-09-07 02:31:09.218322 RFHAL_KERNEL_BIN_TRACE_RX_ON RX ON -- AntPwr: -104, FreqCtrl: 0x380d5700, OF|AnaGi|AdcAttn|BQ|BWs: 0x07000700, dsp_corr: 6141
2026-09-07 02:31:09.229309 RFHAL_KERNEL_BIN_TRACE_RX_OFF RX OFF -- AntPwr: -115, prev W/NBPM: -93, -115, TF|AltADC|DCI/Q(Q5): 0x001a0c, s: 550605, e: 1395405
2026-09-07 02:31:09.236236 RFHAL_KERNEL_BIN_TRACE_RX_ON RX ON -- AntPwr: -103, FreqCtrl: 0x380d5700, OF|AnaGi|AdcAttn|BQ|BWs: 0x07000700, dsp_corr: -6141
2026-09-07 02:31:09.247222 RFHAL_KERNEL_BIN_TRACE_RX_OFF RX OFF -- AntPwr: -115, prev W/NBPM: -92, -115, TF|AltADC|DCI/Q(Q5): 0x001a0c, s: 496055, e: 1340855
2026-09-07 02:31:09.254119 RFHAL_KERNEL_BIN_TRACE_RX_ON RX ON -- AntPwr: -104, FreqCtrl: 0x380d5700, OF|AnaGi|AdcAttn|BQ|BWs: 0x07000700, dsp_corr: 18423
2026-09-07 02:31:09.265106 RFHAL_KERNEL_BIN_TRACE_RX_OFF RX OFF -- AntPwr: -114, prev W/NBPM: -92, -114, TF|AltADC|DCI/Q(Q5): 0x001a0c, s: 496056, e: 1340856
2026-09-07 02:31:09.272003 RFHAL_KERNEL_BIN_TRACE_RX_ON RX ON -- AntPwr: -102, FreqCtrl: 0x380d5700, OF|AnaGi|AdcAttn|BQ|BWs: 0x07000700, dsp_corr: -18423
2026-09-07 02:31:09.282989 RFHAL_KERNEL_BIN_TRACE_RX_OFF RX OFF -- AntPwr: -114, prev W/NBPM: -93, -114, TF|AltADC|DCI/Q(Q5): 0x001a0c, s: 496051, e: 1340851
2026-09-07 02:31:09.283599 L23_DEFAULT_INFO_RRCSTATECHANGEEVENT RRC State: 1
2026-09-07 02:31:09.284057 L23_DEFAULT_INFO_EMM_STATE_VALUE emm_state: 2, emm_substate: 4
2026-09-07 02:31:09.284454 L23_DEFAULT_INFO_RRCSTATECHANGEEVENT RRC State: 0
2026-09-07 02:31:09.284454 L23_ERRC_3GPP_TIMER_STOP 0 STOP
2026-09-07 02:31:09.284454 L23_ERRC_3GPP_TIMER_STOP 1 STOP
2026-09-07 02:31:09.284454 L23_ERRC_3GPP_TIMER_STOP 4 STOP
2026-09-07 02:31:09.284454 L23_ERRC_3GPP_TIMER_STOP 6 STOP
2026-09-07 02:31:09.284454 L23_ERRC_3GPP_TIMER_STOP 7 STOP
2026-09-07 02:31:09.284484 L23_ERRC_3GPP_TIMER_STOP 9 STOP
2026-09-07 02:31:09.284484 L23_ERRC_3GPP_TIMER_STOP 10 STOP
2026-09-07 02:31:09.284484 L23_ERRC_3GPP_TIMER_STOP 13 STOP
2026-09-07 02:31:09.284484 L23_ERRC_3GPP_TIMER_STOP 11 STOP
2026-09-07 02:31:09.284515 L23_ERRC_3GPP_TIMER_STOP 12 STOP
2026-09-07 02:31:11.284515 L23_DEFAULT_INFO_RRCSTATECHANGEEVENT RRC State: 0
2026-09-07 02:31:11.305877 L23_DEFAULT_INFO_RRCSTATECHANGEEVENT RRC State: 1
2026-09-07 02:31:11.307220 L23_DEFAULT_INFO_EMM_STATE_VALUE emm_state: 2, emm_substate: 2
2026-09-07 02:31:11.317535 RFHAL_KERNEL_BIN_TRACE_RX_ON RX ON -- AntPwr: -105, FreqCtrl: 0x380d5700, OF|AnaGi|AdcAttn|BQ|BWs: 0x07000700, dsp_corr: 6141
2026-09-07 02:31:11.328521 RFHAL_KERNEL_BIN_TRACE_RX_OFF RX OFF -- AntPwr: -115, prev W/NBPM: -92, -115, TF|AltADC|DCI/Q(Q5): 0x001b0c, s: 550604, e: 1395404
2026-09-07 02:31:11.335418 RFHAL_KERNEL_BIN_TRACE_RX_ON RX ON -- AntPwr: -105, FreqCtrl: 0x380d5700, OF|AnaGi|AdcAttn|BQ|BWs: 0x07000700, dsp_corr: -6141
2026-09-07 02:31:11.346405 RFHAL_KERNEL_BIN_TRACE_RX_OFF RX OFF -- AntPwr: -115, prev W/NBPM: -93, -115, TF|AltADC|DCI/Q(Q5): 0x001a0c, s: 496054, e: 1340854
2026-09-07 02:31:11.353302 RFHAL_KERNEL_BIN_TRACE_RX_ON RX ON -- AntPwr: -104, FreqCtrl: 0x380d5700, OF|AnaGi|AdcAttn|BQ|BWs: 0x07000700, dsp_corr: 18423
2026-09-07 02:31:11.364318 RFHAL_KERNEL_BIN_TRACE_RX_OFF RX OFF -- AntPwr: -114, prev W/NBPM: -92, -114, TF|AltADC|DCI/Q(Q5): 0x001a0c, s: 496052, e: 1340852
2026-09-07 02:31:11.371215 RFHAL_KERNEL_BIN_TRACE_RX_ON RX ON -- AntPwr: -105, FreqCtrl: 0x380d5700, OF|AnaGi|AdcAttn|BQ|BWs: 0x07000700, dsp_corr: -18423
2026-09-07 02:31:11.382202 RFHAL_KERNEL_BIN_TRACE_RX_OFF RX OFF -- AntPwr: -114, prev W/NBPM: -93, -114, TF|AltADC|DCI/Q(Q5): 0x001a0c, s: 496053, e: 1340853
2026-09-07 02:31:11.382812 L23_DEFAULT_INFO_RRCSTATECHANGEEVENT RRC State: 1
2026-09-07 02:31:11.383300 L23_DEFAULT_INFO_EMM_STATE_VALUE emm_state: 2, emm_substate: 4
2026-09-07 02:31:11.383667 L23_DEFAULT_INFO_RRCSTATECHANGEEVENT RRC State: 0
2026-09-07 02:31:11.383667 L23_ERRC_3GPP_TIMER_STOP 0 STOP
2026-09-07 02:31:11.383667 L23_ERRC_3GPP_TIMER_STOP 1 STOP
2026-09-07 02:31:11.383667 L23_ERRC_3GPP_TIMER_STOP 4 STOP
2026-09-07 02:31:11.383697 L23_ERRC_3GPP_TIMER_STOP 6 STOP
2026-09-07 02:31:11.383697 L23_ERRC_3GPP_TIMER_STOP 7 STOP
2026-09-07 02:31:11.383697 L23_ERRC_3GPP_TIMER_STOP 9 STOP
2026-09-07 02:31:11.383697 L23_ERRC_3GPP_TIMER_STOP 10 STOP
2026-09-07 02:31:11.383697 L23_ERRC_3GPP_TIMER_STOP 13 STOP
2026-09-07 02:31:11.383697 L23_ERRC_3GPP_TIMER_STOP 11 STOP
2026-09-07 02:31:11.383728 L23_ERRC_3GPP_TIMER_STOP 12 STOP
2026-09-07 02:31:13.383148 TRACE_SYSTEM_WARNING Traces dropped kernel: 0 user: 4 (buffer: 0 peer buffer: 0 message: 4) - Throughput: kernel: 2678 user: 6809 bytes / s
2026-09-07 02:31:13.383758 L23_DEFAULT_INFO_RRCSTATECHANGEEVENT RRC State: 0
2026-09-07 02:31:13.405120 L23_DEFAULT_INFO_RRCSTATECHANGEEVENT RRC State: 1
2026-09-07 02:31:13.406494 L23_DEFAULT_INFO_EMM_STATE_VALUE emm_state: 2, emm_substate: 2
2026-09-07 02:31:13.416809 RFHAL_KERNEL_BIN_TRACE_RX_ON RX ON -- AntPwr: -103, FreqCtrl: 0x380d5700, OF|AnaGi|AdcAttn|BQ|BWs: 0x07000700, dsp_corr: 6141
2026-09-07 02:31:13.427795 RFHAL_KERNEL_BIN_TRACE_RX_OFF RX OFF -- AntPwr: -114, prev W/NBPM: -92, -114, TF|AltADC|DCI/Q(Q5): 0x001b0c, s: 550605, e: 1395405
2026-09-07 02:31:13.434692 RFHAL_KERNEL_BIN_TRACE_RX_ON RX ON -- AntPwr: -103, FreqCtrl: 0x380d5700, OF|AnaGi|AdcAttn|BQ|BWs: 0x07000700, dsp_corr: -6141
2026-09-07 02:31:13.445709 RFHAL_KERNEL_BIN_TRACE_RX_OFF RX OFF -- AntPwr: -114, prev W/NBPM: -92, -114, TF|AltADC|DCI/Q(Q5): 0x001b0c, s: 496057, e: 1340857
2026-09-07 02:31:13.452575 RFHAL_KERNEL_BIN_TRACE_RX_ON RX ON -- AntPwr: -106, FreqCtrl: 0x380d5700, OF|AnaGi|AdcAttn|BQ|BWs: 0x07000700, dsp_corr: 18423
2026-09-07 02:31:13.463592 RFHAL_KERNEL_BIN_TRACE_RX_OFF RX OFF -- AntPwr: -115, prev W/NBPM: -92, -115, TF|AltADC|DCI/Q(Q5): 0x001b0b, s: 496051, e: 1340851
2026-09-07 02:31:13.470489 RFHAL_KERNEL_BIN_TRACE_RX_ON RX ON -- AntPwr: -103, FreqCtrl: 0x380d5700, OF|AnaGi|AdcAttn|BQ|BWs: 0x07000700, dsp_corr: -18423
2026-09-07 02:31:13.481475 RFHAL_KERNEL_BIN_TRACE_RX_OFF RX OFF -- AntPwr: -114, prev W/NBPM: -93, -114, TF|AltADC|DCI/Q(Q5): 0x001b0b, s: 496052, e: 1340852
2026-09-07 02:31:13.482086 L23_DEFAULT_INFO_RRCSTATECHANGEEVENT RRC State: 1
2026-09-07 02:31:13.482544 L23_DEFAULT_INFO_EMM_STATE_VALUE emm_state: 2, emm_substate: 4
2026-09-07 02:31:13.482910 L23_DEFAULT_INFO_RRCSTATECHANGEEVENT RRC State: 0
2026-09-07 02:31:13.482940 L23_ERRC_3GPP_TIMER_STOP 0 STOP
2026-09-07 02:31:13.482940 L23_ERRC_3GPP_TIMER_STOP 1 STOP
2026-09-07 02:31:13.482940 L23_ERRC_3GPP_TIMER_STOP 4 STOP
2026-09-07 02:31:13.482940 L23_ERRC_3GPP_TIMER_STOP 6 STOP
2026-09-07 02:31:13.482940 L23_ERRC_3GPP_TIMER_STOP 7 STOP
2026-09-07 02:31:13.482971 L23_ERRC_3GPP_TIMER_STOP 9 STOP
2026-09-07 02:31:13.482971 L23_ERRC_3GPP_TIMER_STOP 10 STOP
2026-09-07 02:31:13.482971 L23_ERRC_3GPP_TIMER_STOP 13 STOP
2026-09-07 02:31:13.482971 L23_ERRC_3GPP_TIMER_STOP 11 STOP
2026-09-07 02:31:13.482971 L23_ERRC_3GPP_TIMER_STOP 12 STOP
2026-09-07 02:31:15.483001 L23_DEFAULT_INFO_RRCSTATECHANGEEVENT RRC State: 0
2026-09-07 02:31:15.504364 L23_DEFAULT_INFO_RRCSTATECHANGEEVENT RRC State: 1
2026-09-07 02:31:15.505706 L23_DEFAULT_INFO_EMM_STATE_VALUE emm_state: 2, emm_substate: 2
2026-09-07 02:31:15.515991 RFHAL_KERNEL_BIN_TRACE_RX_ON RX ON -- AntPwr: -104, FreqCtrl: 0x380d5700, OF|AnaGi|AdcAttn|BQ|BWs: 0x07000700, dsp_corr: 6141
2026-09-07 02:31:15.527008 RFHAL_KERNEL_BIN_TRACE_RX_OFF RX OFF -- AntPwr: -114, prev W/NBPM: -92, -114, TF|AltADC|DCI/Q(Q5): 0x001b0c, s: 550605, e: 1395405
2026-09-07 02:31:15.533905 RFHAL_KERNEL_BIN_TRACE_RX_ON RX ON -- AntPwr: -104, FreqCtrl: 0x380d5700, OF|AnaGi|AdcAttn|BQ|BWs: 0x07000700, dsp_corr: -6141
2026-09-07 02:31:15.544891 RFHAL_KERNEL_BIN_TRACE_RX_OFF RX OFF -- AntPwr: -115, prev W/NBPM: -92, -115, TF|AltADC|DCI/Q(Q5): 0x001a0b, s: 496055, e: 1340855
2026-09-07 02:31:15.551788 RFHAL_KERNEL_BIN_TRACE_RX_ON RX ON -- AntPwr: -104, FreqCtrl: 0x380d5700, OF|AnaGi|AdcAttn|BQ|BWs: 0x07000700, dsp_corr: 18423
2026-09-07 02:31:15.562774 RFHAL_KERNEL_BIN_TRACE_RX_OFF RX OFF -- AntPwr: -114, prev W/NBPM: -93, -114, TF|AltADC|DCI/Q(Q5): 0x001a0c, s: 496055, e: 1340855
2026-09-07 02:31:15.569671 RFHAL_KERNEL_BIN_TRACE_RX_ON RX ON -- AntPwr: -104, FreqCtrl: 0x380d5700, OF|AnaGi|AdcAttn|BQ|BWs: 0x07000700, dsp_corr: -18423
2026-09-07 02:31:15.580688 RFHAL_KERNEL_BIN_TRACE_RX_OFF RX OFF -- AntPwr: -115, prev W/NBPM: -93, -115, TF|AltADC|DCI/Q(Q5): 0x001a0c, s: 496047, e: 1340847
2026-09-07 02:31:15.581298 L23_DEFAULT_INFO_RRCSTATECHANGEEVENT RRC State: 1
2026-09-07 02:31:15.581756 L23_DEFAULT_INFO_EMM_STATE_VALUE emm_state: 2, emm_substate: 4
2026-09-07 02:31:15.582122 L23_DEFAULT_INFO_RRCSTATECHANGEEVENT RRC State: 0
2026-09-07 02:31:15.582153 L23_ERRC_3GPP_TIMER_STOP 0 STOP
2026-09-07 02:31:15.582153 L23_ERRC_3GPP_TIMER_STOP 1 STOP
2026-09-07 02:31:15.582153 L23_ERRC_3GPP_TIMER_STOP 4 STOP
2026-09-07 02:31:15.582153 L23_ERRC_3GPP_TIMER_STOP 6 STOP
2026-09-07 02:31:15.582153 L23_ERRC_3GPP_TIMER_STOP 7 STOP
2026-09-07 02:31:15.582183 L23_ERRC_3GPP_TIMER_STOP 9 STOP
2026-09-07 02:31:15.582183 L23_ERRC_3GPP_TIMER_STOP 10 STOP
2026-09-07 02:31:15.582183 L23_ERRC_3GPP_TIMER_STOP 13 STOP
2026-09-07 02:31:15.582183 L23_ERRC_3GPP_TIMER_STOP 11 STOP
2026-09-07 02:31:15.582183 L23_ERRC_3GPP_TIMER_STOP 12 STOP
2026-09-07 02:31:17.581634 TRACE_SYSTEM_WARNING Traces dropped kernel: 0 user: 4 (buffer: 0 peer buffer: 0 message: 4) - Throughput: kernel: 2678 user: 6819 bytes / s
2026-09-07 02:31:17.582214 L23_DEFAULT_INFO_RRCSTATECHANGEEVENT RRC State: 0
2026-09-07 02:31:17.603607 L23_DEFAULT_INFO_RRCSTATECHANGEEVENT RRC State: 1
2026-09-07 02:31:17.604980 L23_DEFAULT_INFO_EMM_STATE_VALUE emm_state: 2, emm_substate: 2
2026-09-07 02:31:17.615264 RFHAL_KERNEL_BIN_TRACE_RX_ON RX ON -- AntPwr: -104, FreqCtrl: 0x380d5700, OF|AnaGi|AdcAttn|BQ|BWs: 0x07000700, dsp_corr: 6141
2026-09-07 02:31:17.626281 RFHAL_KERNEL_BIN_TRACE_RX_OFF RX OFF -- AntPwr: -115, prev W/NBPM: -92, -115, TF|AltADC|DCI/Q(Q5): 0x001b0c, s: 550604, e: 1395404
2026-09-07 02:31:17.633178 RFHAL_KERNEL_BIN_TRACE_RX_ON RX ON -- AntPwr: -104, FreqCtrl: 0x380d5700, OF|AnaGi|AdcAttn|BQ|BWs: 0x07000700, dsp_corr: -6141
2026-09-07 02:31:17.637054 APDU_TRANSPORT_DONE_INFO [80f2000c]
2026-09-07 02:31:17.644165 APDU_TRANSPORT_DONE_INFO [9000]
2026-09-07 02:31:17.644165 RFHAL_KERNEL_BIN_TRACE_RX_OFF RX OFF -- AntPwr: -115, prev W/NBPM: -93, -115, TF|AltADC|DCI/Q(Q5): 0x001b0c, s: 496057, e: 1340857
2026-09-07 02:31:17.651062 RFHAL_KERNEL_BIN_TRACE_RX_ON RX ON -- AntPwr: -104, FreqCtrl: 0x380d5700, OF|AnaGi|AdcAttn|BQ|BWs: 0x07000700, dsp_corr: 18423
2026-09-07 02:31:17.662078 RFHAL_KERNEL_BIN_TRACE_RX_OFF RX OFF -- AntPwr: -114, prev W/NBPM: -92, -114, TF|AltADC|DCI/Q(Q5): 0x001b0c, s: 496061, e: 1340861
2026-09-07 02:31:17.668975 RFHAL_KERNEL_BIN_TRACE_RX_ON RX ON -- AntPwr: -103, FreqCtrl: 0x380d5700, OF|AnaGi|AdcAttn|BQ|BWs: 0x07000700, dsp_corr: -18423
2026-09-07 02:31:17.679962 RFHAL_KERNEL_BIN_TRACE_RX_OFF RX OFF -- AntPwr: -116, prev W/NBPM: -92, -116, TF|AltADC|DCI/Q(Q5): 0x001a0c, s: 496051, e: 1340851
2026-09-07 02:31:17.680572 L23_DEFAULT_INFO_RRCSTATECHANGEEVENT RRC State: 1
2026-09-07 02:31:17.681060 L23_DEFAULT_INFO_EMM_STATE_VALUE emm_state: 2, emm_substate: 4
2026-09-07 02:31:17.681427 L23_DEFAULT_INFO_RRCSTATECHANGEEVENT RRC State: 0
2026-09-07 02:31:17.681427 L23_ERRC_3GPP_TIMER_STOP 0 STOP
2026-09-07 02:31:17.681427 L23_ERRC_3GPP_TIMER_STOP 1 STOP
2026-09-07 02:31:17.681427 L23_ERRC_3GPP_TIMER_STOP 4 STOP
2026-09-07 02:31:17.681427 L23_ERRC_3GPP_TIMER_STOP 6 STOP
2026-09-07 02:31:17.681457 L23_ERRC_3GPP_TIMER_STOP 7 STOP
2026-09-07 02:31:17.681457 L23_ERRC_3GPP_TIMER_STOP 9 STOP
2026-09-07 02:31:17.681457 L23_ERRC_3GPP_TIMER_STOP 10 STOP
2026-09-07 02:31:17.681457 L23_ERRC_3GPP_TIMER_STOP 13 STOP
2026-09-07 02:31:17.681457 L23_ERRC_3GPP_TIMER_STOP 11 STOP
2026-09-07 02:31:17.681488 L23_ERRC_3GPP_TIMER_STOP 12 STOP
2026-09-07 02:31:19.681518 L23_DEFAULT_INFO_RRCSTATECHANGEEVENT RRC State: 0
2026-09-07 02:31:19.702880 L23_DEFAULT_INFO_RRCSTATECHANGEEVENT RRC State: 1
2026-09-07 02:31:19.704254 L23_DEFAULT_INFO_EMM_STATE_VALUE emm_state: 2, emm_substate: 2
2026-09-07 02:31:19.714569 RFHAL_KERNEL_BIN_TRACE_RX_ON RX ON -- AntPwr: -104, FreqCtrl: 0x380d5700, OF|AnaGi|AdcAttn|BQ|BWs: 0x07000700, dsp_corr: 6141
2026-09-07 02:31:19.725555 RFHAL_KERNEL_BIN_TRACE_RX_OFF RX OFF -- AntPwr: -115, prev W/NBPM: -93, -115, TF|AltADC|DCI/Q(Q5): 0x001b0b, s: 550601, e: 1395401
2026-09-07 02:31:19.732452 RFHAL_KERNEL_BIN_TRACE_RX_ON RX ON -- AntPwr: -105, FreqCtrl: 0x380d5700, OF|AnaGi|AdcAttn|BQ|BWs: 0x07000700, dsp_corr: -6141
2026-09-07 02:31:19.743469 RFHAL_KERNEL_BIN_TRACE_RX_OFF RX OFF -- AntPwr: -115, prev W/NBPM: -93, -115, TF|AltADC|DCI/Q(Q5): 0x001a0b, s: 496055, e: 1340855
2026-09-07 02:31:19.750335 RFHAL_KERNEL_BIN_TRACE_RX_ON RX ON -- AntPwr: -103, FreqCtrl: 0x380d5700, OF|AnaGi|AdcAttn|BQ|BWs: 0x07000700, dsp_corr: 18423
2026-09-07 02:31:19.761352 RFHAL_KERNEL_BIN_TRACE_RX_OFF RX OFF -- AntPwr: -115, prev W/NBPM: -92, -115, TF|AltADC|DCI/Q(Q5): 0x001a0b, s: 496052, e: 1340852
2026-09-07 02:31:19.768249 RFHAL_KERNEL_BIN_TRACE_RX_ON RX ON -- AntPwr: -103, FreqCtrl: 0x380d5700, OF|AnaGi|AdcAttn|BQ|BWs: 0x07000700, dsp_corr: -18423
2026-09-07 02:31:19.779235 RFHAL_KERNEL_BIN_TRACE_RX_OFF RX OFF -- AntPwr: -115, prev W/NBPM: -92, -115, TF|AltADC|DCI/Q(Q5): 0x001a0b, s: 496051, e: 1340851
2026-09-07 02:31:19.779846 L23_DEFAULT_INFO_RRCSTATECHANGEEVENT RRC State: 1
2026-09-07 02:31:19.780304 L23_DEFAULT_INFO_EMM_STATE_VALUE emm_state: 2, emm_substate: 4
2026-09-07 02:31:19.780670 L23_DEFAULT_INFO_RRCSTATECHANGEEVENT RRC State: 0
2026-09-07 02:31:19.780670 L23_ERRC_3GPP_TIMER_STOP 0 STOP
2026-09-07 02:31:19.780700 L23_ERRC_3GPP_TIMER_STOP 1 STOP
2026-09-07 02:31:19.780700 L23_ERRC_3GPP_TIMER_STOP 4 STOP
2026-09-07 02:31:19.780700 L23_ERRC_3GPP_TIMER_STOP 6 STOP
2026-09-07 02:31:19.780700 L23_ERRC_3GPP_TIMER_STOP 7 STOP
2026-09-07 02:31:19.780700 L23_ERRC_3GPP_TIMER_STOP 9 STOP
2026-09-07 02:31:19.780731 L23_ERRC_3GPP_TIMER_STOP 10 STOP
2026-09-07 02:31:19.780731 L23_ERRC_3GPP_TIMER_STOP 13 STOP
2026-09-07 02:31:19.780731 L23_ERRC_3GPP_TIMER_STOP 11 STOP
2026-09-07 02:31:19.780731 L23_ERRC_3GPP_TIMER_STOP 12 STOP
2026-09-07 02:31:21.780761 L23_DEFAULT_INFO_RRCSTATECHANGEEVENT RRC State: 0
2026-09-07 02:31:21.802124 L23_DEFAULT_INFO_RRCSTATECHANGEEVENT RRC State: 1
2026-09-07 02:31:21.803466 L23_DEFAULT_INFO_EMM_STATE_VALUE emm_state: 2, emm_substate: 2
2026-09-07 02:31:21.813751 RFHAL_KERNEL_BIN_TRACE_RX_ON RX ON -- AntPwr: -104, FreqCtrl: 0x380d5700, OF|AnaGi|AdcAttn|BQ|BWs: 0x07000700, dsp_corr: 6141
2026-09-07 02:31:21.824768 RFHAL_KERNEL_BIN_TRACE_RX_OFF RX OFF -- AntPwr: -116, prev W/NBPM: -93, -116, TF|AltADC|DCI/Q(Q5): 0x001b0c, s: 550605, e: 1395405
2026-09-07 02:31:21.831665 RFHAL_KERNEL_BIN_TRACE_RX_ON RX ON -- AntPwr: -103, FreqCtrl: 0x380d5700, OF|AnaGi|AdcAttn|BQ|BWs: 0x07000700, dsp_corr: -6141
2026-09-07 02:31:21.842651 RFHAL_KERNEL_BIN_TRACE_RX_OFF RX OFF -- AntPwr: -114, prev W/NBPM: -92, -114, TF|AltADC|DCI/Q(Q5): 0x001a0c, s: 496055, e: 1340855
2026-09-07 02:31:21.849548 RFHAL_KERNEL_BIN_TRACE_RX_ON RX ON -- AntPwr: -103, FreqCtrl: 0x380d5700, OF|AnaGi|AdcAttn|BQ|BWs: 0x07000700, dsp_corr: 18423
2026-09-07 02:31:21.860534 RFHAL_KERNEL_BIN_TRACE_RX_OFF RX OFF -- AntPwr: -115, prev W/NBPM: -92, -115, TF|AltADC|DCI/Q(Q5): 0x001a0c, s: 496052, e: 1340852
2026-09-07 02:31:21.867431 RFHAL_KERNEL_BIN_TRACE_RX_ON RX ON -- AntPwr: -106, FreqCtrl: 0x380d5700, OF|AnaGi|AdcAttn|BQ|BWs: 0x07000700, dsp_corr: -18423
2026-09-07 02:31:21.878448 RFHAL_KERNEL_BIN_TRACE_RX_OFF RX OFF -- AntPwr: -116, prev W/NBPM: -92, -116, TF|AltADC|DCI/Q(Q5): 0x001a0c, s: 496052, e: 1340852
2026-09-07 02:31:21.879058 L23_DEFAULT_INFO_RRCSTATECHANGEEVENT RRC State: 1
2026-09-07 02:31:21.879516 L23_DEFAULT_INFO_EMM_STATE_VALUE emm_state: 2, emm_substate: 4
2026-09-07 02:31:21.879913 L23_DEFAULT_INFO_RRCSTATECHANGEEVENT RRC State: 0
2026-09-07 02:31:21.879913 L23_ERRC_3GPP_TIMER_STOP 0 STOP
2026-09-07 02:31:21.879913 L23_ERRC_3GPP_TIMER_STOP 1 STOP
2026-09-07 02:31:21.879913 L23_ERRC_3GPP_TIMER_STOP 4 STOP
2026-09-07 02:31:21.879913 L23_ERRC_3GPP_TIMER_STOP 6 STOP
2026-09-07 02:31:21.879913 L23_ERRC_3GPP_TIMER_STOP 7 STOP
2026-09-07 02:31:21.879943 L23_ERRC_3GPP_TIMER_STOP 9 STOP
2026-09-07 02:31:21.879943 L23_ERRC_3GPP_TIMER_STOP 10 STOP
2026-09-07 02:31:21.879943 L23_ERRC_3GPP_TIMER_STOP 13 STOP
2026-09-07 02:31:21.879943 L23_ERRC_3GPP_TIMER_STOP 11 STOP
2026-09-07 02:31:21.879974 L23_ERRC_3GPP_TIMER_STOP 12 STOP
2026-09-07 02:31:23.879364 TRACE_SYSTEM_WARNING Traces dropped kernel: 0 user: 4 (buffer: 0 peer buffer: 0 message: 4) - Throughput: kernel: 2678 user: 6837 bytes / s
2026-09-07 02:31:23.879974 L23_DEFAULT_INFO_RRCSTATECHANGEEVENT RRC State: 0
2026-09-07 02:31:23.901367 L23_DEFAULT_INFO_RRCSTATECHANGEEVENT RRC State: 1
2026-09-07 02:31:23.902740 L23_DEFAULT_INFO_EMM_STATE_VALUE emm_state: 2, emm_substate: 2
2026-09-07 02:31:23.913055 RFHAL_KERNEL_BIN_TRACE_RX_ON RX ON -- AntPwr: -104, FreqCtrl: 0x380d5700, OF|AnaGi|AdcAttn|BQ|BWs: 0x07000700, dsp_corr: 6141
2026-09-07 02:31:23.924041 RFHAL_KERNEL_BIN_TRACE_RX_OFF RX OFF -- AntPwr: -115, prev W/NBPM: -92, -115, TF|AltADC|DCI/Q(Q5): 0x001b0c, s: 550599, e: 1395399
2026-09-07 02:31:23.930938 RFHAL_KERNEL_BIN_TRACE_RX_ON RX ON -- AntPwr: -105, FreqCtrl: 0x380d5700, OF|AnaGi|AdcAttn|BQ|BWs: 0x07000700, dsp_corr: -6141
2026-09-07 02:31:23.941955 RFHAL_KERNEL_BIN_TRACE_RX_OFF RX OFF -- AntPwr: -114, prev W/NBPM: -92, -114, TF|AltADC|DCI/Q(Q5): 0x001a0c, s: 496054, e: 1340854
2026-09-07 02:31:23.948822 RFHAL_KERNEL_BIN_TRACE_RX_ON RX ON -- AntPwr: -104, FreqCtrl: 0x380d5700, OF|AnaGi|AdcAttn|BQ|BWs: 0x07000700, dsp_corr: 18423
2026-09-07 02:31:23.959838 RFHAL_KERNEL_BIN_TRACE_RX_OFF RX OFF -- AntPwr: -115, prev W/NBPM: -93, -115, TF|AltADC|DCI/Q(Q5): 0x001a0c, s: 496051, e: 1340851
2026-09-07 02:31:23.966735 RFHAL_KERNEL_BIN_TRACE_RX_ON RX ON -- AntPwr: -104, FreqCtrl: 0x380d5700, OF|AnaGi|AdcAttn|BQ|BWs: 0x07000700, dsp_corr: -18423
2026-09-07 02:31:23.977722 RFHAL_KERNEL_BIN_TRACE_RX_OFF RX OFF -- AntPwr: -114, prev W/NBPM: -92, -114, TF|AltADC|DCI/Q(Q5): 0x001a0c, s: 496052, e: 1340852
2026-09-07 02:31:23.978332 L23_DEFAULT_INFO_RRCSTATECHANGEEVENT RRC State: 1
2026-09-07 02:31:23.978790 L23_DEFAULT_INFO_EMM_STATE_VALUE emm_state: 2, emm_substate: 4
2026-09-07 02:31:23.979156 L23_DEFAULT_INFO_RRCSTATECHANGEEVENT RRC State: 0
2026-09-07 02:31:23.979156 L23_ERRC_3GPP_TIMER_STOP 0 STOP
2026-09-07 02:31:23.979187 L23_ERRC_3GPP_TIMER_STOP 1 STOP
2026-09-07 02:31:23.979187 L23_ERRC_3GPP_TIMER_STOP 4 STOP
2026-09-07 02:31:23.979187 L23_ERRC_3GPP_TIMER_STOP 6 STOP
2026-09-07 02:31:23.979187 L23_ERRC_3GPP_TIMER_STOP 7 STOP
2026-09-07 02:31:23.979187 L23_ERRC_3GPP_TIMER_STOP 9 STOP
2026-09-07 02:31:23.979217 L23_ERRC_3GPP_TIMER_STOP 10 STOP
2026-09-07 02:31:23.979217 L23_ERRC_3GPP_TIMER_STOP 13 STOP
2026-09-07 02:31:23.979217 L23_ERRC_3GPP_TIMER_STOP 11 STOP
2026-09-07 02:31:23.979217 L23_ERRC_3GPP_TIMER_STOP 12 STOP
2026-09-07 02:31:25.979248 L23_DEFAULT_INFO_RRCSTATECHANGEEVENT RRC State: 0
2026-09-07 02:31:26.000610 L23_DEFAULT_INFO_RRCSTATECHANGEEVENT RRC State: 1
2026-09-07 02:31:26.001953 L23_DEFAULT_INFO_EMM_STATE_VALUE emm_state: 2, emm_substate: 2
2026-09-07 02:31:26.012237 RFHAL_KERNEL_BIN_TRACE_RX_ON RX ON -- AntPwr: -103, FreqCtrl: 0x380d5700, OF|AnaGi|AdcAttn|BQ|BWs: 0x07000700, dsp_corr: 6141
2026-09-07 02:31:26.023223 RFHAL_KERNEL_BIN_TRACE_RX_OFF RX OFF -- AntPwr: -115, prev W/NBPM: -92, -115, TF|AltADC|DCI/Q(Q5): 0x001b0c, s: 550598, e: 1395398
2026-09-07 02:31:26.030151 RFHAL_KERNEL_BIN_TRACE_RX_ON RX ON -- AntPwr: -104, FreqCtrl: 0x380d5700, OF|AnaGi|AdcAttn|BQ|BWs: 0x07000700, dsp_corr: -6141
2026-09-07 02:31:26.041137 RFHAL_KERNEL_BIN_TRACE_RX_OFF RX OFF -- AntPwr: -115, prev W/NBPM: -92, -115, TF|AltADC|DCI/Q(Q5): 0x001b0c, s: 496059, e: 1340859
2026-09-07 02:31:26.048034 RFHAL_KERNEL_BIN_TRACE_RX_ON RX ON -- AntPwr: -104, FreqCtrl: 0x380d5700, OF|AnaGi|AdcAttn|BQ|BWs: 0x07000700, dsp_corr: 18423
2026-09-07 02:31:26.059021 RFHAL_KERNEL_BIN_TRACE_RX_OFF RX OFF -- AntPwr: -115, prev W/NBPM: -92, -115, TF|AltADC|DCI/Q(Q5): 0x001b0c, s: 496049, e: 1340849
2026-09-07 02:31:26.065918 RFHAL_KERNEL_BIN_TRACE_RX_ON RX ON -- AntPwr: -104, FreqCtrl: 0x380d5700, OF|AnaGi|AdcAttn|BQ|BWs: 0x07000700, dsp_corr: -18423
2026-09-07 02:31:26.076904 RFHAL_KERNEL_BIN_TRACE_RX_OFF RX OFF -- AntPwr: -116, prev W/NBPM: -93, -116, TF|AltADC|DCI/Q(Q5): 0x001b0c, s: 496051, e: 1340851
2026-09-07 02:31:26.077545 L23_DEFAULT_INFO_RRCSTATECHANGEEVENT RRC State: 1
2026-09-07 02:31:26.078003 L23_DEFAULT_INFO_EMM_STATE_VALUE emm_state: 2, emm_substate: 4
2026-09-07 02:31:26.078369 L23_DEFAULT_INFO_RRCSTATECHANGEEVENT RRC State: 0
2026-09-07 02:31:26.078399 L23_ERRC_3GPP_TIMER_STOP 0 STOP
2026-09-07 02:31:26.078399 L23_ERRC_3GPP_TIMER_STOP 1 STOP
2026-09-07 02:31:26.078399 L23_ERRC_3GPP_TIMER_STOP 4 STOP
2026-09-07 02:31:26.078399 L23_ERRC_3GPP_TIMER_STOP 6 STOP
2026-09-07 02:31:26.078399 L23_ERRC_3GPP_TIMER_STOP 7 STOP
2026-09-07 02:31:26.078430 L23_ERRC_3GPP_TIMER_STOP 9 STOP
2026-09-07 02:31:26.078430 L23_ERRC_3GPP_TIMER_STOP 10 STOP
2026-09-07 02:31:26.078430 L23_ERRC_3GPP_TIMER_STOP 13 STOP
2026-09-07 02:31:26.078430 L23_ERRC_3GPP_TIMER_STOP 11 STOP
2026-09-07 02:31:26.078430 L23_ERRC_3GPP_TIMER_STOP 12 STOP
2026-09-07 02:31:28.077850 TRACE_SYSTEM_WARNING Traces dropped kernel: 0 user: 4 (buffer: 0 peer buffer: 0 message: 4) - Throughput: kernel: 2678 user: 6809 bytes / s
2026-09-07 02:31:28.078460 L23_DEFAULT_INFO_RRCSTATECHANGEEVENT RRC State: 0
2026-09-07 02:31:28.099823 L23_DEFAULT_INFO_RRCSTATECHANGEEVENT RRC State: 1
2026-09-07 02:31:28.101226 L23_DEFAULT_INFO_EMM_STATE_VALUE emm_state: 2, emm_substate: 2
2026-09-07 02:31:28.111541 RFHAL_KERNEL_BIN_TRACE_RX_ON RX ON -- AntPwr: -105, FreqCtrl: 0x380d5700, OF|AnaGi|AdcAttn|BQ|BWs: 0x07000700, dsp_corr: 6141
2026-09-07 02:31:28.122528 RFHAL_KERNEL_BIN_TRACE_RX_OFF RX OFF -- AntPwr: -115, prev W/NBPM: -92, -115, TF|AltADC|DCI/Q(Q5): 0x001b0c, s: 550599, e: 1395399
2026-09-07 02:31:28.129425 RFHAL_KERNEL_BIN_TRACE_RX_ON RX ON -- AntPwr: -104, FreqCtrl: 0x380d5700, OF|AnaGi|AdcAttn|BQ|BWs: 0x07000700, dsp_corr: -6141
2026-09-07 02:31:28.140411 RFHAL_KERNEL_BIN_TRACE_RX_OFF RX OFF -- AntPwr: -114, prev W/NBPM: -92, -114, TF|AltADC|DCI/Q(Q5): 0x001a0c, s: 496056, e: 1340856
2026-09-07 02:31:28.147308 RFHAL_KERNEL_BIN_TRACE_RX_ON RX ON -- AntPwr: -105, FreqCtrl: 0x380d5700, OF|AnaGi|AdcAttn|BQ|BWs: 0x07000700, dsp_corr: 18423
2026-09-07 02:31:28.158294 RFHAL_KERNEL_BIN_TRACE_RX_OFF RX OFF -- AntPwr: -115, prev W/NBPM: -93, -115, TF|AltADC|DCI/Q(Q5): 0x001a0b, s: 496050, e: 1340850
2026-09-07 02:31:28.165191 RFHAL_KERNEL_BIN_TRACE_RX_ON RX ON -- AntPwr: -104, FreqCtrl: 0x380d5700, OF|AnaGi|AdcAttn|BQ|BWs: 0x07000700, dsp_corr: -18423
2026-09-07 02:31:28.176208 RFHAL_KERNEL_BIN_TRACE_RX_OFF RX OFF -- AntPwr: -115, prev W/NBPM: -93, -115, TF|AltADC|DCI/Q(Q5): 0x001a0b, s: 496050, e: 1340850
2026-09-07 02:31:28.176818 L23_DEFAULT_INFO_RRCSTATECHANGEEVENT RRC State: 1
2026-09-07 02:31:28.177276 L23_DEFAULT_INFO_EMM_STATE_VALUE emm_state: 2, emm_substate: 4
2026-09-07 02:31:28.177642 L23_DEFAULT_INFO_RRCSTATECHANGEEVENT RRC State: 0
2026-09-07 02:31:28.177642 L23_ERRC_3GPP_TIMER_STOP 0 STOP
2026-09-07 02:31:28.177673 L23_ERRC_3GPP_TIMER_STOP 1 STOP
2026-09-07 02:31:28.177673 L23_ERRC_3GPP_TIMER_STOP 4 STOP
2026-09-07 02:31:28.177673 L23_ERRC_3GPP_TIMER_STOP 6 STOP
2026-09-07 02:31:28.177673 L23_ERRC_3GPP_TIMER_STOP 7 STOP
2026-09-07 02:31:28.177673 L23_ERRC_3GPP_TIMER_STOP 9 STOP
2026-09-07 02:31:28.177673 L23_ERRC_3GPP_TIMER_STOP 10 STOP
2026-09-07 02:31:28.177703 L23_ERRC_3GPP_TIMER_STOP 13 STOP
2026-09-07 02:31:28.177703 L23_ERRC_3GPP_TIMER_STOP 11 STOP
2026-09-07 02:31:28.177703 L23_ERRC_3GPP_TIMER_STOP 12 STOP
2026-09-07 02:31:30.177703 L23_DEFAULT_INFO_RRCSTATECHANGEEVENT RRC State: 0
2026-09-07 02:31:30.199096 L23_DEFAULT_INFO_RRCSTATECHANGEEVENT RRC State: 1
2026-09-07 02:31:30.200439 L23_DEFAULT_INFO_EMM_STATE_VALUE emm_state: 2, emm_substate: 2
2026-09-07 02:31:30.210723 RFHAL_KERNEL_BIN_TRACE_RX_ON RX ON -- AntPwr: -103, FreqCtrl: 0x380d5700, OF|AnaGi|AdcAttn|BQ|BWs: 0x07000700, dsp_corr: 6141
2026-09-07 02:31:30.221710 RFHAL_KERNEL_BIN_TRACE_RX_OFF RX OFF -- AntPwr: -115, prev W/NBPM: -92, -115, TF|AltADC|DCI/Q(Q5): 0x001b0c, s: 550604, e: 1395404
2026-09-07 02:31:30.228607 RFHAL_KERNEL_BIN_TRACE_RX_ON RX ON -- AntPwr: -102, FreqCtrl: 0x380d5700, OF|AnaGi|AdcAttn|BQ|BWs: 0x07000700, dsp_corr: -6141
2026-09-07 02:31:30.239624 RFHAL_KERNEL_BIN_TRACE_RX_OFF RX OFF -- AntPwr: -115, prev W/NBPM: -92, -115, TF|AltADC|DCI/Q(Q5): 0x001b0c, s: 496056, e: 1340856
2026-09-07 02:31:30.246521 RFHAL_KERNEL_BIN_TRACE_RX_ON RX ON -- AntPwr: -105, FreqCtrl: 0x380d5700, OF|AnaGi|AdcAttn|BQ|BWs: 0x07000700, dsp_corr: 18423
2026-09-07 02:31:30.257507 RFHAL_KERNEL_BIN_TRACE_RX_OFF RX OFF -- AntPwr: -114, prev W/NBPM: -92, -114, TF|AltADC|DCI/Q(Q5): 0x001a0c, s: 496055, e: 1340855
2026-09-07 02:31:30.264404 RFHAL_KERNEL_BIN_TRACE_RX_ON RX ON -- AntPwr: -104, FreqCtrl: 0x380d5700, OF|AnaGi|AdcAttn|BQ|BWs: 0x07000700, dsp_corr: -18423
2026-09-07 02:31:30.275390 RFHAL_KERNEL_BIN_TRACE_RX_OFF RX OFF -- AntPwr: -114, prev W/NBPM: -93, -114, TF|AltADC|DCI/Q(Q5): 0x001a0c, s: 496052, e: 1340852
2026-09-07 02:31:30.276001 L23_DEFAULT_INFO_RRCSTATECHANGEEVENT RRC State: 1
2026-09-07 02:31:30.276489 L23_DEFAULT_INFO_EMM_STATE_VALUE emm_state: 2, emm_substate: 4
2026-09-07 02:31:30.276855 L23_DEFAULT_INFO_RRCSTATECHANGEEVENT RRC State: 0
2026-09-07 02:31:30.276855 L23_ERRC_3GPP_TIMER_STOP 0 STOP
2026-09-07 02:31:30.276855 L23_ERRC_3GPP_TIMER_STOP 1 STOP
2026-09-07 02:31:30.276886 L23_ERRC_3GPP_TIMER_STOP 4 STOP
2026-09-07 02:31:30.276886 L23_ERRC_3GPP_TIMER_STOP 6 STOP
2026-09-07 02:31:30.276886 L23_ERRC_3GPP_TIMER_STOP 7 STOP
2026-09-07 02:31:30.276886 L23_ERRC_3GPP_TIMER_STOP 9 STOP
2026-09-07 02:31:30.276886 L23_ERRC_3GPP_TIMER_STOP 10 STOP
2026-09-07 02:31:30.276916 L23_ERRC_3GPP_TIMER_STOP 13 STOP
2026-09-07 02:31:30.276916 L23_ERRC_3GPP_TIMER_STOP 11 STOP
2026-09-07 02:31:30.276916 L23_ERRC_3GPP_TIMER_STOP 12 STOP
2026-09-07 02:31:32.276336 TRACE_SYSTEM_WARNING Traces dropped kernel: 0 user: 4 (buffer: 0 peer buffer: 0 message: 4) - Throughput: kernel: 2678 user: 6819 bytes / s
2026-09-07 02:31:32.276947 L23_DEFAULT_INFO_RRCSTATECHANGEEVENT RRC State: 0
2026-09-07 02:31:32.298309 L23_DEFAULT_INFO_RRCSTATECHANGEEVENT RRC State: 1
2026-09-07 02:31:32.299682 L23_DEFAULT_INFO_EMM_STATE_VALUE emm_state: 2, emm_substate: 2
2026-09-07 02:31:32.309997 RFHAL_KERNEL_BIN_TRACE_RX_ON RX ON -- AntPwr: -104, FreqCtrl: 0x380d5700, OF|AnaGi|AdcAttn|BQ|BWs: 0x07000700, dsp_corr: 6141
2026-09-07 02:31:32.320983 RFHAL_KERNEL_BIN_TRACE_RX_OFF RX OFF -- AntPwr: -115, prev W/NBPM: -92, -115, TF|AltADC|DCI/Q(Q5): 0x001b0c, s: 550607, e: 1395407
2026-09-07 02:31:32.327911 RFHAL_KERNEL_BIN_TRACE_RX_ON RX ON -- AntPwr: -103, FreqCtrl: 0x380d5700, OF|AnaGi|AdcAttn|BQ|BWs: 0x07000700, dsp_corr: -6141
2026-09-07 02:31:32.338897 RFHAL_KERNEL_BIN_TRACE_RX_OFF RX OFF -- AntPwr: -114, prev W/NBPM: -92, -114, TF|AltADC|DCI/Q(Q5): 0x001b0c, s: 496055, e: 1340855
2026-09-07 02:31:32.345794 RFHAL_KERNEL_BIN_TRACE_RX_ON RX ON -- AntPwr: -105, FreqCtrl: 0x380d5700, OF|AnaGi|AdcAttn|BQ|BWs: 0x07000700, dsp_corr: 18423
2026-09-07 02:31:32.356781 RFHAL_KERNEL_BIN_TRACE_RX_OFF RX OFF -- AntPwr: -114, prev W/NBPM: -92, -114, TF|AltADC|DCI/Q(Q5): 0x001a0c, s: 496054, e: 1340854
2026-09-07 02:31:32.363678 RFHAL_KERNEL_BIN_TRACE_RX_ON RX ON -- AntPwr: -105, FreqCtrl: 0x380d5700, OF|AnaGi|AdcAttn|BQ|BWs: 0x07000700, dsp_corr: -18423
2026-09-07 02:31:32.374664 RFHAL_KERNEL_BIN_TRACE_RX_OFF RX OFF -- AntPwr: -114, prev W/NBPM: -92, -114, TF|AltADC|DCI/Q(Q5): 0x001a0c, s: 496051, e: 1340851
2026-09-07 02:31:32.375274 L23_DEFAULT_INFO_RRCSTATECHANGEEVENT RRC State: 1
2026-09-07 02:31:32.375732 L23_DEFAULT_INFO_EMM_STATE_VALUE emm_state: 2, emm_substate: 4
2026-09-07 02:31:32.376129 L23_DEFAULT_INFO_RRCSTATECHANGEEVENT RRC State: 0
2026-09-07 02:31:32.376129 L23_ERRC_3GPP_TIMER_STOP 0 STOP
2026-09-07 02:31:32.376129 L23_ERRC_3GPP_TIMER_STOP 1 STOP
2026-09-07 02:31:32.376129 L23_ERRC_3GPP_TIMER_STOP 4 STOP
2026-09-07 02:31:32.376129 L23_ERRC_3GPP_TIMER_STOP 6 STOP
2026-09-07 02:31:32.376159 L23_ERRC_3GPP_TIMER_STOP 7 STOP
2026-09-07 02:31:32.376159 L23_ERRC_3GPP_TIMER_STOP 9 STOP
2026-09-07 02:31:32.376159 L23_ERRC_3GPP_TIMER_STOP 10 STOP
2026-09-07 02:31:32.376159 L23_ERRC_3GPP_TIMER_STOP 13 STOP
2026-09-07 02:31:32.376159 L23_ERRC_3GPP_TIMER_STOP 11 STOP
2026-09-07 02:31:32.376190 L23_ERRC_3GPP_TIMER_STOP 12 STOP
2026-09-07 02:31:34.376190 L23_DEFAULT_INFO_RRCSTATECHANGEEVENT RRC State: 0
2026-09-07 02:31:34.397552 L23_DEFAULT_INFO_RRCSTATECHANGEEVENT RRC State: 1
2026-09-07 02:31:34.398895 L23_DEFAULT_INFO_EMM_STATE_VALUE emm_state: 2, emm_substate: 2
2026-09-07 02:31:34.409179 RFHAL_KERNEL_BIN_TRACE_RX_ON RX ON -- AntPwr: -104, FreqCtrl: 0x380d5700, OF|AnaGi|AdcAttn|BQ|BWs: 0x07000700, dsp_corr: 6141
2026-09-07 02:31:34.420196 RFHAL_KERNEL_BIN_TRACE_RX_OFF RX OFF -- AntPwr: -115, prev W/NBPM: -93, -115, TF|AltADC|DCI/Q(Q5): 0x001b0b, s: 550601, e: 1395401
2026-09-07 02:31:34.427093 RFHAL_KERNEL_BIN_TRACE_RX_ON RX ON -- AntPwr: -105, FreqCtrl: 0x380d5700, OF|AnaGi|AdcAttn|BQ|BWs: 0x07000700, dsp_corr: -6141
2026-09-07 02:31:34.438079 RFHAL_KERNEL_BIN_TRACE_RX_OFF RX OFF -- AntPwr: -110, prev W/NBPM: -93, -110, TF|AltADC|DCI/Q(Q5): 0x001a0b, s: 496054, e: 1340854
2026-09-07 02:31:34.444976 RFHAL_KERNEL_BIN_TRACE_RX_ON RX ON -- AntPwr: -104, FreqCtrl: 0x380d5700, OF|AnaGi|AdcAttn|BQ|BWs: 0x07000700, dsp_corr: 18423
2026-09-07 02:31:34.455993 RFHAL_KERNEL_BIN_TRACE_RX_OFF RX OFF -- AntPwr: -115, prev W/NBPM: -93, -115, TF|AltADC|DCI/Q(Q5): 0x001a0c, s: 496055, e: 1340855
2026-09-07 02:31:34.462890 RFHAL_KERNEL_BIN_TRACE_RX_ON RX ON -- AntPwr: -104, FreqCtrl: 0x380d5700, OF|AnaGi|AdcAttn|BQ|BWs: 0x07000700, dsp_corr: -18423
2026-09-07 02:31:34.473877 RFHAL_KERNEL_BIN_TRACE_RX_OFF RX OFF -- AntPwr: -114, prev W/NBPM: -92, -114, TF|AltADC|DCI/Q(Q5): 0x001a0c, s: 496052, e: 1340852
2026-09-07 02:31:34.474487 L23_DEFAULT_INFO_RRCSTATECHANGEEVENT RRC State: 1
2026-09-07 02:31:34.474975 L23_DEFAULT_INFO_EMM_STATE_VALUE emm_state: 2, emm_substate: 4
2026-09-07 02:31:34.475341 L23_DEFAULT_INFO_RRCSTATECHANGEEVENT RRC State: 0
2026-09-07 02:31:34.475341 L23_ERRC_3GPP_TIMER_STOP 0 STOP
2026-09-07 02:31:34.475341 L23_ERRC_3GPP_TIMER_STOP 1 STOP
2026-09-07 02:31:34.475341 L23_ERRC_3GPP_TIMER_STOP 4 STOP
2026-09-07 02:31:34.475341 L23_ERRC_3GPP_TIMER_STOP 6 STOP
2026-09-07 02:31:34.475372 L23_ERRC_3GPP_TIMER_STOP 7 STOP
2026-09-07 02:31:34.475372 L23_ERRC_3GPP_TIMER_STOP 9 STOP
2026-09-07 02:31:34.475372 L23_ERRC_3GPP_TIMER_STOP 10 STOP
2026-09-07 02:31:34.475372 L23_ERRC_3GPP_TIMER_STOP 13 STOP
2026-09-07 02:31:34.475372 L23_ERRC_3GPP_TIMER_STOP 11 STOP
2026-09-07 02:31:34.475402 L23_ERRC_3GPP_TIMER_STOP 12 STOP
2026-09-07 02:31:34.624908 L23_AT_STRING => AT+CFUN=45
2026-09-07 02:31:34.627044 L23_DEFAULT_INFO_RRCSTATECHANGEEVENT RRC State: 0
2026-09-07 02:31:34.627380 L23_DEFAULT_INFO_EMM_STATE_VALUE emm_state: 1, emm_substate: 0
2026-09-07 02:31:34.627777 L23_DEFAULT_INFO_EMM_STATE_VALUE emm_state: 1, emm_substate: 0
