# anchor: gnss (+-0.5 s)
2026-09-02 02:11:30.653625 L23_AT_STRING => AT+CFUN?
2026-09-02 02:11:30.653717 L23_AT_STRING <= +CFUN: 45\r\nOK\r\n
2026-09-02 02:11:30.653991 UUID eae22c84-2506-423a-883e-91bd9b2ad229
2026-09-02 02:11:30.653991 HWVERSION nRF9151 A1A
2026-09-02 02:11:30.654754 L23_AT_STRING => AT%XSYSTEMMODE=0,0,1,0
2026-09-02 02:11:30.655059 L23_AT_STRING <= OK\r\n
2026-09-02 02:11:30.655670 L23_AT_STRING => AT+CFUN=31
2026-09-02 02:11:30.661895 L23_AT_STRING <= OK\r\n
2026-09-02 02:11:30.689941 GNSS_GPS_MEAS_REPORT Measurement report 1 AGC 178 scnt 1682915128320 runi 0
2026-09-02 02:11:30.691284 RFHAL_KERNEL_BIN_TRACE_RX_ON RX ON -- AntPwr: -89, FreqCtrl: 0x18099d98, OF|AnaGi|AdcAttn|BQ|BWs: 0x05000704, dsp_corr: 91
2026-09-02 02:11:30.789306 RFHAL_KERNEL_BIN_TRACE_RX_OFF RX OFF -- AntPwr: -89, prev W/NBPM: -80, -82, TF|AltADC|DCI/Q(Q5): 0x001d0c, s: 186902, e: 7713302
2026-09-02 02:11:30.863281 RFHAL_KERNEL_BIN_TRACE_RX_ON RX ON -- AntPwr: -89, FreqCtrl: 0x18099d98, OF|AnaGi|AdcAttn|BQ|BWs: 0x05000704, dsp_corr: 91
2026-09-02 02:11:30.961303 RFHAL_KERNEL_BIN_TRACE_RX_OFF RX OFF -- AntPwr: -89, prev W/NBPM: -80, -81, TF|AltADC|DCI/Q(Q5): 0x001d0c, s: 146657, e: 7673057
2026-09-02 02:11:31.035308 RFHAL_KERNEL_BIN_TRACE_RX_ON RX ON -- AntPwr: -89, FreqCtrl: 0x18099d98, OF|AnaGi|AdcAttn|BQ|BWs: 0x05000704, dsp_corr: 91
2026-09-02 02:11:31.133300 RFHAL_KERNEL_BIN_TRACE_RX_OFF RX OFF -- AntPwr: -89, prev W/NBPM: -80, -82, TF|AltADC|DCI/Q(Q5): 0x001d0c, s: 146385, e: 7672785
2026-09-02 02:11:31.207305 RFHAL_KERNEL_BIN_TRACE_RX_ON RX ON -- AntPwr: -89, FreqCtrl: 0x18099d98, OF|AnaGi|AdcAttn|BQ|BWs: 0x05000704, dsp_corr: 91
2026-09-02 02:11:31.305328 RFHAL_KERNEL_BIN_TRACE_RX_OFF RX OFF -- AntPwr: -89, prev W/NBPM: -80, -82, TF|AltADC|DCI/Q(Q5): 0x001d0c, s: 137074, e: 7663474
2026-09-02 02:11:31.381317 RFHAL_KERNEL_BIN_TRACE_RX_ON RX ON -- AntPwr: -89, FreqCtrl: 0x18099d98, OF|AnaGi|AdcAttn|BQ|BWs: 0x05000704, dsp_corr: 91
2026-09-02 02:11:31.479309 RFHAL_KERNEL_BIN_TRACE_RX_OFF RX OFF -- AntPwr: -89, prev W/NBPM: -80, -82, TF|AltADC|DCI/Q(Q5): 0x001d0c, s: 114262, e: 7640662
2026-09-02 02:11:31.551330 RFHAL_KERNEL_BIN_TRACE_RX_ON RX ON -- AntPwr: -89, FreqCtrl: 0x18099d98, OF|AnaGi|AdcAttn|BQ|BWs: 0x05000704, dsp_corr: 91
2026-09-02 02:11:31.649322 RFHAL_KERNEL_BIN_TRACE_RX_OFF RX OFF -- AntPwr: -89, prev W/NBPM: -80, -82, TF|AltADC|DCI/Q(Q5): 0x001d0c, s: 150170, e: 7676570
2026-09-02 02:11:31.654418 TRACE_SYSTEM_WARNING Traces dropped kernel: 56 user: 0 (buffer: 0 peer buffer: 0 message: 0) - Throughput: kernel: 7003 user: 4130 bytes / s
2026-09-02 02:11:31.690155 GNSS_GPS_MEAS_REPORT Measurement report 2 AGC 178 scnt 1682918430720 runi 0
2026-09-02 02:11:31.690216 GNSS_GPS_MLOG_T 1682918430720 1300 0 1 1 176291968 400 0 170 773 11446 0 0 61306
2026-09-02 02:11:31.721313 RFHAL_KERNEL_BIN_TRACE_RX_ON RX ON -- AntPwr: -89, FreqCtrl: 0x18099d98, OF|AnaGi|AdcAttn|BQ|BWs: 0x05000704, dsp_corr: 91
2026-09-02 02:11:31.819335 RFHAL_KERNEL_BIN_TRACE_RX_OFF RX OFF -- AntPwr: -89, prev W/NBPM: -80, -81, TF|AltADC|DCI/Q(Q5): 0x001d0c, s: 156595, e: 7682995
2026-09-02 02:11:31.891326 RFHAL_KERNEL_BIN_TRACE_RX_ON RX ON -- AntPwr: -89, FreqCtrl: 0x18099d98, OF|AnaGi|AdcAttn|BQ|BWs: 0x05000704, dsp_corr: 91
2026-09-02 02:11:31.989349 RFHAL_KERNEL_BIN_TRACE_RX_OFF RX OFF -- AntPwr: -89, prev W/NBPM: -80, -82, TF|AltADC|DCI/Q(Q5): 0x001d0c, s: 171904, e: 7698304
2026-09-02 02:11:32.061340 RFHAL_KERNEL_BIN_TRACE_RX_ON RX ON -- AntPwr: -89, FreqCtrl: 0x18099d98, OF|AnaGi|AdcAttn|BQ|BWs: 0x05000704, dsp_corr: 91
2026-09-02 02:11:32.159332 RFHAL_KERNEL_BIN_TRACE_RX_OFF RX OFF -- AntPwr: -89, prev W/NBPM: -80, -81, TF|AltADC|DCI/Q(Q5): 0x001d0c, s: 170841, e: 7697241
2026-09-02 02:11:32.233337 RFHAL_KERNEL_BIN_TRACE_RX_ON RX ON -- AntPwr: -89, FreqCtrl: 0x18099d98, OF|AnaGi|AdcAttn|BQ|BWs: 0x05000704, dsp_corr: 91
2026-09-02 02:11:32.331359 RFHAL_KERNEL_BIN_TRACE_RX_OFF RX OFF -- AntPwr: -89, prev W/NBPM: -80, -81, TF|AltADC|DCI/Q(Q5): 0x001d0c, s: 124043, e: 7650443
2026-09-02 02:11:32.405334 RFHAL_KERNEL_BIN_TRACE_RX_ON RX ON -- AntPwr: -89, FreqCtrl: 0x18099d98, OF|AnaGi|AdcAttn|BQ|BWs: 0x05000704, dsp_corr: 91
2026-09-02 02:11:32.503356 RFHAL_KERNEL_BIN_TRACE_RX_OFF RX OFF -- AntPwr: -89, prev W/NBPM: -80, -81, TF|AltADC|DCI/Q(Q5): 0x001d0c, s: 125367, e: 7651767
2026-09-02 02:11:32.577362 RFHAL_KERNEL_BIN_TRACE_RX_ON RX ON -- AntPwr: -89, FreqCtrl: 0x18099d98, OF|AnaGi|AdcAttn|BQ|BWs: 0x05000704, dsp_corr: 91
2026-09-02 02:11:32.675354 RFHAL_KERNEL_BIN_TRACE_RX_OFF RX OFF -- AntPwr: -89, prev W/NBPM: -80, -82, TF|AltADC|DCI/Q(Q5): 0x001d0c, s: 127106, e: 7653506
2026-09-02 02:11:32.690582 GNSS_GPS_MEAS_REPORT Measurement report 3 AGC 178 scnt 1682922370560 runi 0
2026-09-02 02:11:32.690704 GNSS_GPS_MLOG_T 1682922370560 1300 0 1 1 176291968 490 0 0 772 17023 0 0 60607
2026-09-02 02:11:32.878356 RFHAL_KERNEL_BIN_TRACE_RX_ON RX ON -- AntPwr: -89, FreqCtrl: 0x18099d98, OF|AnaGi|AdcAttn|BQ|BWs: 0x05000704, dsp_corr: 91
2026-09-02 02:11:33.692230 GNSS_GPS_MEAS_REPORT Measurement report 4 AGC 178 scnt 1682926640640 runi 0
2026-09-02 02:11:33.692352 GNSS_GPS_MLOG_T 1682926640640 1300 0 1 9 167772321 500 0 688 219 44074 0 0 -178539
2026-09-02 02:11:33.692382 GNSS_GPS_MLOG_T 1682926640640 1300 1 1 4 167772321 430 0 675 979 58417 0 0 -98426
2026-09-02 02:11:33.692382 GNSS_GPS_MLOG_T 1682926640640 1300 2 1 2 167772321 450 0 675 560 23578 0 0 201109
2026-09-02 02:11:33.692382 GNSS_GPS_MLOG_T 1682926640640 1300 3 1 1 167772321 490 0 678 771 59423 0 0 60410
2026-09-02 02:11:34.691894 GNSS_GPS_MEAS_REPORT Measurement report 5 AGC 178 scnt 1682930480640 runi 0
2026-09-02 02:11:34.692016 GNSS_GPS_MLOG_T 1682930480640 1300 0 1 9 167772321 484 0 1688 221 21624 0 0 -177905
2026-09-02 02:11:34.692047 GNSS_GPS_MLOG_T 1682930480640 1300 1 1 4 167772321 413 0 1675 980 53251 0 0 -97785
2026-09-02 02:11:34.692047 GNSS_GPS_MLOG_T 1682930480640 1300 2 1 2 167772321 433 0 1675 558 31414 0 0 201799
2026-09-02 02:11:34.692047 GNSS_GPS_MLOG_T 1682930480640 1300 3 1 1 167772321 472 0 1678 771 22754 0 0 61082
2026-09-02 02:11:35.691955 GNSS_GPS_MEAS_REPORT Measurement report 6 AGC 178 scnt 1682934320640 runi 0
2026-09-02 02:11:35.692047 GNSS_GPS_MLOG_T 1682934320640 1300 0 1 9 184549537 478 0 2688 222 64403 0 0 -177938
2026-09-02 02:11:35.692077 GNSS_GPS_MLOG_T 1682934320640 1300 1 1 4 184549537 408 0 2675 981 46811 0 0 -97830
2026-09-02 02:11:35.692077 GNSS_GPS_MLOG_T 1682934320640 1300 2 1 2 184549537 426 0 2675 556 40197 0 0 201756
2026-09-02 02:11:35.692077 GNSS_GPS_MLOG_T 1682934320640 1300 3 1 1 184549537 468 0 2678 770 51386 0 0 61062
2026-09-02 02:11:36.691986 GNSS_GPS_MEAS_REPORT Measurement report 7 AGC 178 scnt 1682938160640 runi 0
2026-09-02 02:11:36.692108 GNSS_GPS_MLOG_T 1682938160640 1300 0 1 9 184549539 477 0 108 224 41706 0 0 -177802
2026-09-02 02:11:36.692108 GNSS_GPS_MLOG_T 1682938160640 1300 1 1 4 184549539 405 0 115 982 40785 0 0 -97699
2026-09-02 02:11:36.692138 GNSS_GPS_MLOG_T 1682938160640 1300 2 1 2 184549539 422 0 115 554 48537 0 0 201889
2026-09-02 02:11:36.692138 GNSS_GPS_MLOG_T 1682938160640 1300 3 1 1 184549539 469 0 118 770 14207 0 0 61214
2026-09-02 02:11:37.692108 GNSS_GPS_MEAS_REPORT Measurement report 8 AGC 178 scnt 1682942000640 runi 0
2026-09-02 02:11:37.692199 GNSS_GPS_MLOG_T 1682942000640 1300 0 1 9 184549543 474 267114 1708 226 18964 0 0 -177708
2026-09-02 02:11:37.692230 GNSS_GPS_MLOG_T 1682942000640 1300 1 1 4 184549543 401 267114 1715 983 35227 0 0 -97582
2026-09-02 02:11:37.692230 GNSS_GPS_MLOG_T 1682942000640 1300 2 1 2 184549543 418 267114 1715 552 57124 0 0 201988
2026-09-02 02:11:37.692260 GNSS_GPS_MLOG_T 1682942000640 1300 3 1 1 184549543 469 267114 1718 769 42731 0 0 61344
2026-09-02 02:11:38.692047 GNSS_GPS_MEAS_REPORT Measurement report 9 AGC 178 scnt 1682945840640 runi 0
2026-09-02 02:11:38.692138 GNSS_GPS_MLOG_T 1682945840640 1300 0 1 9 185598119 478 267114 2708 227 61430 0 0 -177607
2026-09-02 02:11:38.692169 GNSS_GPS_MLOG_T 1682945840640 1300 1 1 4 185598119 398 267114 2715 984 28582 0 0 -97464
2026-09-02 02:11:38.692169 GNSS_GPS_MLOG_T 1682945840640 1300 2 1 2 185598119 416 267114 2715 550 65442 0 0 202118
2026-09-02 02:11:38.692199 GNSS_GPS_MLOG_T 1682945840640 1300 3 1 1 185598119 469 267114 2718 769 5209 0 0 61475
2026-09-02 02:11:39.692077 GNSS_GPS_MEAS_REPORT Measurement report 10 AGC 178 scnt 1682949680640 runi 0
2026-09-02 02:11:39.692199 GNSS_GPS_MLOG_T 1682949680640 1300 0 1 9 185598119 475 267114 3708 229 38261 0 0 -177516
2026-09-02 02:11:39.692230 GNSS_GPS_MLOG_T 1682949680640 1300 1 1 4 185598119 397 267114 3715 985 22525 0 0 -97379
2026-09-02 02:11:39.692230 GNSS_GPS_MLOG_T 1682949680640 1300 2 1 2 185598119 415 267114 3715 549 8226 0 0 202234
2026-09-02 02:11:39.692230 GNSS_GPS_MLOG_T 1682949680640 1300 3 1 1 185598119 470 267114 3718 768 33422 0 0 61594
2026-09-02 02:11:40.692321 GNSS_GPS_MEAS_REPORT Measurement report 11 AGC 178 scnt 1682953520640 runi 0
2026-09-02 02:11:40.692443 GNSS_GPS_MLOG_T 1682953520640 1300 0 1 9 185598119 477 267114 4708 231 15305 0 0 -177653
2026-09-02 02:11:40.692474 GNSS_GPS_MLOG_T 1682953520640 1300 1 1 4 185598119 398 267114 4715 986 15934 0 0 -97539
2026-09-02 02:11:40.692474 GNSS_GPS_MLOG_T 1682953520640 1300 2 1 2 185598119 416 267114 4715 547 15690 0 0 202094
2026-09-02 02:11:40.692504 GNSS_GPS_MLOG_T 1682953520640 1300 3 1 1 185598119 472 267114 4718 767 61264 0 0 61482
2026-09-02 02:11:40.692504 GNSS_GPS_MLOG_T 1682953520640 1300 4 1 28 8388736 315 0 458 26 11160 0 0 268749
2026-09-02 02:11:41.692199 GNSS_GPS_MEAS_REPORT Measurement report 12 AGC 178 scnt 1682957360640 runi 0
2026-09-02 02:11:41.692382 GNSS_GPS_MLOG_T 1682957360640 1300 0 1 9 185598119 475 267114 5708 232 57925 0 0 -177664
2026-09-02 02:11:41.692413 GNSS_GPS_MLOG_T 1682957360640 1300 1 1 4 185598119 398 267114 5715 987 9813 0 0 -97502
2026-09-02 02:11:41.692413 GNSS_GPS_MLOG_T 1682957360640 1300 2 1 2 185598119 415 267114 5715 545 23895 0 0 202110
2026-09-02 02:11:41.692443 GNSS_GPS_MLOG_T 1682957360640 1300 3 1 1 185598119 472 267114 5718 767 23244 0 0 61500
2026-09-02 02:11:41.692474 GNSS_GPS_MLOG_T 1682957360640 1300 4 1 28 128 252 0 1458 23 46584 0 0 266120
2026-09-02 02:11:41.692474 GNSS_GPS_MLOG_T 1682957360640 1300 5 1 22 160 276 0 758 597 57118 0 0 -18430
2026-09-02 02:11:41.692504 GNSS_GPS_MLOG_T 1682957360640 1300 6 1 21 128 273 0 519 860 38810 0 0 -12908
2026-09-02 02:11:41.692535 GNSS_GPS_MLOG_T 1682957360640 1300 7 1 11 8388736 287 0 367 656 58737 0 0 -19635
2026-09-02 02:11:41.692535 GNSS_GPS_MLOG_T 1682957360640 1300 8 1 14 8388736 284 0 151 867 33959 0 0 -7970
2026-09-02 02:11:42.692413 GNSS_GPS_MEAS_REPORT Measurement report 13 AGC 178 scnt 1682961200640 runi 0
2026-09-02 02:11:42.692627 GNSS_GPS_MLOG_T 1682961200640 1300 0 1 9 185598119 476 267120 708 234 35072 0 0 -177362
2026-09-02 02:11:42.692627 GNSS_GPS_MLOG_T 1682961200640 1300 1 1 4 185598119 393 267120 715 988 3860 0 0 -97180
2026-09-02 02:11:42.692627 GNSS_GPS_MLOG_T 1682961200640 1300 2 1 2 185598119 414 267120 715 543 31661 0 0 202433
2026-09-02 02:11:42.692657 GNSS_GPS_MLOG_T 1682961200640 1300 3 1 1 185598119 472 267120 718 766 51102 0 0 61834
2026-09-02 02:11:42.692657 GNSS_GPS_MLOG_T 1682961200640 1300 4 1 28 128 248 0 2458 21 12923 0 0 262586
2026-09-02 02:11:42.692657 GNSS_GPS_MLOG_T 1682961200640 1300 5 1 11 8388736 283 0 483 512 10694 0 0 -36289
2026-09-02 02:11:42.692688 GNSS_GPS_MLOG_T 1682961200640 1300 6 1 7 8388736 283 0 32 483 27221 0 0 -39557
2026-09-02 02:11:43.692504 GNSS_GPS_MEAS_REPORT Measurement report 14 AGC 178 scnt 1682965040640 runi 0
2026-09-02 02:11:43.692657 GNSS_GPS_MLOG_T 1682965040640 1300 0 1 9 185598139 477 267120 1708 236 11740 0 0 -177294
2026-09-02 02:11:43.692688 GNSS_GPS_MLOG_T 1682965040640 1300 1 1 4 185598139 396 267120 1715 988 62886 0 0 -97116
2026-09-02 02:11:43.692688 GNSS_GPS_MLOG_T 1682965040640 1300 2 1 2 185598139 414 267120 1715 541 40050 0 0 202505
2026-09-02 02:11:43.692718 GNSS_GPS_MLOG_T 1682965040640 1300 3 1 1 185598139 475 267120 1718 766 13278 0 0 61935
2026-09-02 02:11:43.692749 GNSS_GPS_MLOG_T 1682965040640 1300 4 1 28 16777344 250 0 3458 18 56342 0 0 257380
2026-09-02 02:11:43.692749 GNSS_GPS_MLOG_T 1682965040640 1300 6 1 7 128 256 0 1032 483 47031 0 0 -34042
2026-09-02 02:11:44.692291 GNSS_GPS_MEAS_REPORT Measurement report 15 AGC 177 scnt 1682968880640 runi 0
2026-09-02 02:11:44.692443 GNSS_GPS_MLOG_T 1682968880640 1300 0 1 9 185598139 475 267120 2708 237 54060 0 0 -177106
2026-09-02 02:11:44.692443 GNSS_GPS_MLOG_T 1682968880640 1300 1 1 4 185598139 395 267120 2715 989 56559 0 0 -96909
2026-09-02 02:11:44.692474 GNSS_GPS_MLOG_T 1682968880640 1300 2 1 2 185598139 412 267120 2715 539 47311 0 0 202715
2026-09-02 02:11:44.692474 GNSS_GPS_MLOG_T 1682968880640 1300 3 1 1 185598139 474 267120 2718 765 41096 0 0 62139
2026-09-02 02:11:44.692474 GNSS_GPS_MLOG_T 1682968880640 1300 5 1 11 8388736 269 0 469 968 16401 0 0 30342
2026-09-02 02:11:44.692504 GNSS_GPS_MLOG_T 1682968880640 1300 6 1 7 128 247 0 2032 483 63811 0 0 -33326
2026-09-02 02:11:45.692199 GNSS_GPS_MEAS_REPORT Measurement report 16 AGC 178 scnt 1682972720640 runi 0
2026-09-02 02:11:45.692352 GNSS_GPS_MLOG_T 1682972720640 1300 0 1 9 185598139 474 267120 3708 239 31076 0 0 -177137
2026-09-02 02:11:45.692352 GNSS_GPS_MLOG_T 1682972720640 1300 1 1 4 185598139 398 267120 3715 990 49272 0 0 -96938
2026-09-02 02:11:45.692382 GNSS_GPS_MLOG_T 1682972720640 1300 2 1 2 185598139 411 267120 3715 537 54675 0 0 202704
2026-09-02 02:11:45.692382 GNSS_GPS_MLOG_T 1682972720640 1300 3 1 1 185598139 475 267120 3718 765 3490 0 0 62142
2026-09-02 02:11:45.692413 GNSS_GPS_MLOG_T 1682972720640 1300 4 1 3 8388736 283 0 4 734 11698 0 0 -74309
2026-09-02 02:11:45.692443 GNSS_GPS_MLOG_T 1682972720640 1300 6 1 7 16777344 240 0 3032 484 21898 0 0 -37297
2026-09-02 02:11:46.692443 GNSS_GPS_MEAS_REPORT Measurement report 17 AGC 178 scnt 1682976560640 runi 0
2026-09-02 02:11:46.692596 GNSS_GPS_MLOG_T 1682976560640 1300 0 1 9 185598139 474 267120 4708 241 7792 0 0 -177051
2026-09-02 02:11:46.692627 GNSS_GPS_MLOG_T 1682976560640 1300 1 1 4 185598139 400 267120 4715 991 43096 0 0 -96850
2026-09-02 02:11:46.692627 GNSS_GPS_MLOG_T 1682976560640 1300 2 1 2 185598139 410 267120 4715 535 62880 0 0 202781
2026-09-02 02:11:46.692657 GNSS_GPS_MLOG_T 1682976560640 1300 3 1 1 185598139 474 267120 4718 764 31129 0 0 62244
2026-09-02 02:11:46.692688 GNSS_GPS_MLOG_T 1682976560640 1300 4 1 3 128 263 0 1004 734 56592 0 0 -77116
2026-09-02 02:11:46.692688 GNSS_GPS_MLOG_T 1682976560640 1300 5 1 18 8388736 285 0 330 740 62109 0 0 -76601
2026-09-02 02:11:46.692718 GNSS_GPS_MLOG_T 1682976560640 1300 7 1 8 8388736 285 0 30 38 51823 0 0 53124
2026-09-02 02:11:47.692596 GNSS_GPS_MEAS_REPORT Measurement report 18 AGC 178 scnt 1682980400640 runi 0
2026-09-02 02:11:47.692779 GNSS_GPS_MLOG_T 1682980400640 1300 0 1 9 185598139 472 267120 5708 242 50057 0 0 -177138
2026-09-02 02:11:47.692810 GNSS_GPS_MLOG_T 1682980400640 1300 1 1 4 185598139 400 267120 5715 992 36241 0 0 -96924
2026-09-02 02:11:47.692810 GNSS_GPS_MLOG_T 1682980400640 1300 2 1 2 185598139 407 267120 5715 534 4699 0 0 202733
2026-09-02 02:11:47.692840 GNSS_GPS_MLOG_T 1682980400640 1300 3 1 1 185598139 473 267120 5718 763 59127 0 0 62186
2026-09-02 02:11:47.692871 GNSS_GPS_MLOG_T 1682980400640 1300 4 1 3 128 248 0 2004 735 35494 0 0 -72469
2026-09-02 02:11:47.692871 GNSS_GPS_MLOG_T 1682980400640 1300 5 1 18 128 257 0 1330 741 44490 0 0 -78118
2026-09-02 02:11:47.692901 GNSS_GPS_MLOG_T 1682980400640 1300 6 1 32 128 266 0 505 909 6245 0 0 -87117
2026-09-02 02:11:47.692932 GNSS_GPS_MLOG_T 1682980400640 1300 7 1 8 128 264 0 1030 38 37679 0 0 50621
2026-09-02 02:11:47.692932 GNSS_GPS_MLOG_T 1682980400640 1300 8 1 6 8388736 267 0 385 510 45130 0 0 59255
2026-09-02 02:11:48.692718 GNSS_GPS_MEAS_REPORT Measurement report 19 AGC 178 scnt 1682984240640 runi 0
2026-09-02 02:11:48.692932 GNSS_GPS_MLOG_T 1682984240640 1300 0 1 9 185598139 471 267126 708 244 26948 0 0 -177224
2026-09-02 02:11:48.692932 GNSS_GPS_MLOG_T 1682984240640 1300 1 1 4 185598139 402 267126 715 993 29181 0 0 -97008
2026-09-02 02:11:48.692932 GNSS_GPS_MLOG_T 1682984240640 1300 2 1 2 185598139 409 267126 715 532 12303 0 0 202647
2026-09-02 02:11:48.692962 GNSS_GPS_MLOG_T 1682984240640 1300 3 1 1 185598139 475 267126 718 763 21113 0 0 62123
2026-09-02 02:11:48.692962 GNSS_GPS_MLOG_T 1682984240640 1300 4 1 3 16777344 245 0 3004 736 15490 0 0 -70734
2026-09-02 02:11:48.692962 GNSS_GPS_MLOG_T 1682984240640 1300 5 1 18 128 250 0 2330 742 24571 0 0 -79580
2026-09-02 02:11:48.692993 GNSS_GPS_MLOG_T 1682984240640 1300 6 1 32 128 250 0 1505 909 30380 0 0 -86104
2026-09-02 02:11:48.692993 GNSS_GPS_MLOG_T 1682984240640 1300 7 1 8 128 246 0 2030 38 33224 0 0 50442
2026-09-02 02:11:48.693023 GNSS_GPS_MLOG_T 1682984240640 1300 8 1 6 128 257 0 1385 510 29646 0 0 58253
2026-09-02 02:11:48.693023 GNSS_GPS_MLOG_T 1682984240640 1300 9 1 10 128 278 0 766 609 21638 0 0 62134
2026-09-02 02:11:48.693023 GNSS_GPS_MLOG_T 1682984240640 1300 10 1 7 128 266 0 517 343 21723 0 0 -98459
2026-09-02 02:11:49.692627 GNSS_GPS_MEAS_REPORT Measurement report 20 AGC 178 scnt 1682988080640 runi 0
2026-09-02 02:11:49.692840 GNSS_GPS_MLOG_T 1682988080640 1300 0 1 9 185598139 470 267126 1708 246 3481 0 0 -176555
2026-09-02 02:11:49.692871 GNSS_GPS_MLOG_T 1682988080640 1300 1 1 4 185598139 400 267126 1715 994 22638 0 0 -96295
2026-09-02 02:11:49.692871 GNSS_GPS_MLOG_T 1682988080640 1300 2 1 2 185598139 409 267126 1715 530 19508 0 0 203337
2026-09-02 02:11:49.692901 GNSS_GPS_MLOG_T 1682988080640 1300 3 1 1 185598139 470 267126 1718 762 48692 0 0 62826
2026-09-02 02:11:49.692901 GNSS_GPS_MLOG_T 1682988080640 1300 4 1 3 16777344 246 0 4004 736 60488 0 0 -68591
2026-09-02 02:11:49.692932 GNSS_GPS_MLOG_T 1682988080640 1300 5 1 18 16777344 252 0 3330 743 5272 0 0 -75463
2026-09-02 02:11:49.692962 GNSS_GPS_MLOG_T 1682988080640 1300 6 1 32 16777344 242 0 2505 910 5491 0 0 -85316
2026-09-02 02:11:49.692962 GNSS_GPS_MLOG_T 1682988080640 1300 7 1 8 16777344 244 0 3030 38 33414 0 0 47573
2026-09-02 02:11:49.692993 GNSS_GPS_MLOG_T 1682988080640 1300 8 1 6 128 251 0 2385 510 2691 0 0 56658
2026-09-02 02:11:49.693023 GNSS_GPS_MLOG_T 1682988080640 1300 9 1 10 160 265 0 1766 608 48261 0 0 61945
2026-09-02 02:11:49.693023 GNSS_GPS_MLOG_T 1682988080640 1300 10 1 7 128 251 0 1517 344 12457 0 0 -99508
2026-09-02 02:11:49.693054 GNSS_GPS_MLOG_T 1682988080640 1300 11 1 21 128 264 0 894 801 35232 0 0 -103855
2026-09-02 02:11:50.692718 GNSS_GPS_MEAS_REPORT Measurement report 21 AGC 178 scnt 1682991920640 runi 0
2026-09-02 02:11:50.692901 GNSS_GPS_MLOG_T 1682991920640 1300 0 1 9 185598139 463 267126 2708 247 46004 0 0 -177225
2026-09-02 02:11:50.692932 GNSS_GPS_MLOG_T 1682991920640 1300 1 1 4 185598139 399 267126 2715 995 16050 0 0 -96982
2026-09-02 02:11:50.692932 GNSS_GPS_MLOG_T 1682991920640 1300 2 1 2 185598139 406 267126 2715 528 27012 0 0 202659
2026-09-02 02:11:50.692962 GNSS_GPS_MLOG_T 1682991920640 1300 3 1 1 185598139 464 267126 2718 762 10664 0 0 62180
2026-09-02 02:11:50.692962 GNSS_GPS_MLOG_T 1682991920640 1300 4 1 3 8388736 299 0 328 532 57580 0 0 -23672
2026-09-02 02:11:50.692962 GNSS_GPS_MLOG_T 1682991920640 1300 5 1 5 8388736 296 0 78 158 20319 0 0 -6661
2026-09-02 02:11:50.692993 GNSS_GPS_MLOG_T 1682991920640 1300 6 1 32 16777344 249 0 3505 910 51593 0 0 -85272
2026-09-02 02:11:50.692993 GNSS_GPS_MLOG_T 1682991920640 1300 8 1 6 16777344 247 0 3385 509 36103 0 0 53255
2026-09-02 02:11:50.692993 GNSS_GPS_MLOG_T 1682991920640 1300 10 1 7 16777344 248 0 2517 345 9253 0 0 -99834
2026-09-02 02:11:50.693023 GNSS_GPS_MLOG_T 1682991920640 1300 11 1 21 128 251 0 1894 802 33081 0 0 -101295
2026-09-02 02:11:51.692718 GNSS_GPS_MEAS_REPORT Measurement report 22 AGC 178 scnt 1682995760640 runi 0
2026-09-02 02:11:51.692932 GNSS_GPS_MLOG_T 1682995760640 1300 0 1 9 185598139 467 267126 3708 249 22808 0 0 -177001
2026-09-02 02:11:51.692932 GNSS_GPS_MLOG_T 1682995760640 1300 1 1 4 185598139 401 267126 3715 996 8955 0 0 -96725
2026-09-02 02:11:51.692962 GNSS_GPS_MLOG_T 1682995760640 1300 2 1 2 185598139 409 267126 3715 526 34599 0 0 202931
2026-09-02 02:11:51.692993 GNSS_GPS_MLOG_T 1682995760640 1300 3 1 1 185598139 466 267126 3718 761 38022 0 0 62436
2026-09-02 02:11:51.692993 GNSS_GPS_MLOG_T 1682995760640 1300 4 1 3 128 257 0 1328 533 11508 0 0 -30756
2026-09-02 02:11:51.693023 GNSS_GPS_MLOG_T 1682995760640 1300 5 1 5 128 272 0 1078 158 14162 0 0 -6737
2026-09-02 02:11:51.693054 GNSS_GPS_MLOG_T 1682995760640 1300 6 1 7 8388736 268 0 442 926 37303 0 0 -23079
2026-09-02 02:11:51.693054 GNSS_GPS_MLOG_T 1682995760640 1300 7 1 13 128 264 0 989 992 35442 0 0 -19097
2026-09-02 02:11:51.693084 GNSS_GPS_MLOG_T 1682995760640 1300 8 1 17 8388736 283 0 121 788 39041 0 0 -6136
2026-09-02 02:11:51.693115 GNSS_GPS_MLOG_T 1682995760640 1300 9 1 18 128 261 0 704 973 58905 0 0 -14835
2026-09-02 02:11:52.692657 GNSS_GPS_MEAS_REPORT Measurement report 23 AGC 178 scnt 1682999600640 runi 0
2026-09-02 02:11:52.692810 GNSS_GPS_MLOG_T 1682999600640 1300 0 1 9 185598139 468 267126 4708 250 65021 0 0 -177028
2026-09-02 02:11:52.692840 GNSS_GPS_MLOG_T 1682999600640 1300 1 1 4 185598139 404 267126 4715 997 2310 0 0 -96760
2026-09-02 02:11:52.692871 GNSS_GPS_MLOG_T 1682999600640 1300 2 1 2 185598139 412 267126 4715 524 41698 0 0 202902
2026-09-02 02:11:52.692871 GNSS_GPS_MLOG_T 1682999600640 1300 3 1 1 185598139 472 267126 4718 760 65297 0 0 62428
2026-09-02 02:11:52.692901 GNSS_GPS_MLOG_T 1682999600640 1300 4 1 3 128 245 0 2328 533 30046 0 0 -31828
2026-09-02 02:11:52.692932 GNSS_GPS_MLOG_T 1682999600640 1300 5 1 16 8388736 287 0 297 529 39203 0 0 -33715
2026-09-02 02:11:52.692932 GNSS_GPS_MLOG_T 1682999600640 1300 9 1 18 128 253 0 1704 973 64492 0 0 -9997
2026-09-02 02:11:53.692688 GNSS_GPS_MEAS_REPORT Measurement report 24 AGC 177 scnt 1683003440640 runi 0
2026-09-02 02:11:53.692871 GNSS_GPS_MLOG_T 1683003440640 1300 0 1 9 185598139 467 267126 5708 252 41414 0 0 -176764
2026-09-02 02:11:53.692871 GNSS_GPS_MLOG_T 1683003440640 1300 1 1 4 185598139 407 267126 5715 997 61112 0 0 -96485
2026-09-02 02:11:53.692901 GNSS_GPS_MLOG_T 1683003440640 1300 2 1 2 185598139 412 267126 5715 522 48798 0 0 203179
2026-09-02 02:11:53.692901 GNSS_GPS_MLOG_T 1683003440640 1300 3 1 1 185598139 472 267126 5718 760 27148 0 0 62724
2026-09-02 02:11:53.692901 GNSS_GPS_MLOG_T 1683003440640 1300 4 1 3 16777344 243 0 3328 533 43239 0 0 -27397
2026-09-02 02:11:53.692932 GNSS_GPS_MLOG_T 1683003440640 1300 5 1 16 128 248 0 1297 529 58443 0 0 -37252
2026-09-02 02:11:53.692932 GNSS_GPS_MLOG_T 1683003440640 1300 6 1 23 128 251 0 766 90 48957 0 0 -43839
2026-09-02 02:11:53.692962 GNSS_GPS_MLOG_T 1683003440640 1300 9 1 18 16777344 243 0 2704 974 2837 0 0 -9182
2026-09-02 02:11:54.692901 GNSS_GPS_MEAS_REPORT Measurement report 25 AGC 178 scnt 1683007280640 runi 0
2026-09-02 02:11:54.693023 GNSS_GPS_MLOG_T 1683007280640 1300 0 1 9 185598139 466 267132 708 254 18201 0 0 -176651
2026-09-02 02:11:54.693054 GNSS_GPS_MLOG_T 1683007280640 1300 1 1 4 185598139 409 267132 715 998 54413 0 0 -96377
2026-09-02 02:11:54.693084 GNSS_GPS_MLOG_T 1683007280640 1300 2 1 2 185598139 414 267132 715 520 56747 0 0 203317
2026-09-02 02:11:54.693084 GNSS_GPS_MLOG_T 1683007280640 1300 3 1 1 185598139 475 267132 718 759 54484 0 0 62862
2026-09-02 02:11:54.693115 GNSS_GPS_MLOG_T 1683007280640 1300 9 1 18 16777344 239 0 3704 974 5776 0 0 -9694
2026-09-02 02:11:55.692565 GNSS_GPS_MEAS_REPORT Measurement report 26 AGC 179 scnt 1683011120640 runi 0
2026-09-02 02:11:55.692688 GNSS_GPS_MLOG_T 1683011120640 1300 0 1 9 185598139 465 267132 1708 255 60315 0 0 -176579
2026-09-02 02:11:55.692718 GNSS_GPS_MLOG_T 1683011120640 1300 1 1 4 185598139 405 267132 1715 999 47825 0 0 -96273
2026-09-02 02:11:55.692718 GNSS_GPS_MLOG_T 1683011120640 1300 2 1 2 185598139 417 267132 1715 518 63688 0 0 203395
2026-09-02 02:11:55.692749 GNSS_GPS_MLOG_T 1683011120640 1300 3 1 1 185598139 479 267132 1718 759 16236 0 0 62956
2026-09-02 02:11:56.692810 GNSS_GPS_MEAS_REPORT Measurement report 27 AGC 178 scnt 1683014960640 runi 0
2026-09-02 02:11:56.692993 GNSS_GPS_MLOG_T 1683014960640 1300 0 1 9 185598139 466 267132 2708 257 36807 0 0 -176765
2026-09-02 02:11:56.693023 GNSS_GPS_MLOG_T 1683014960640 1300 1 1 4 185598139 403 267132 2715 1000 41515 0 0 -96469
2026-09-02 02:11:56.693054 GNSS_GPS_MLOG_T 1683014960640 1300 2 1 2 185598139 418 267132 2715 517 5674 0 0 203221
2026-09-02 02:11:56.693084 GNSS_GPS_MLOG_T 1683014960640 1300 3 1 1 185598139 483 267132 2718 758 43478 0 0 62800
2026-09-02 02:11:56.693084 GNSS_GPS_MLOG_T 1683014960640 1300 4 1 10 128 259 0 996 552 29246 0 0 34723
2026-09-02 02:11:56.693115 GNSS_GPS_MLOG_T 1683014960640 1300 5 1 3 8388736 283 0 165 1003 33776 0 0 -74312
2026-09-02 02:11:57.693145 GNSS_GPS_MEAS_REPORT Measurement report 28 AGC 178 scnt 1683018800640 runi 0
2026-09-02 02:11:57.693695 GNSS_GPS_MLOG_T 1683018800640 1300 0 1 9 185598139 466 267132 3708 259 13450 0 0 -176875
2026-09-02 02:11:57.693695 GNSS_GPS_MLOG_T 1683018800640 1300 1 1 4 185598139 404 267132 3715 1001 34562 0 0 -96578
2026-09-02 02:11:57.693695 GNSS_GPS_MLOG_T 1683018800640 1300 2 1 2 185598139 419 267132 3715 515 13155 0 0 203109
2026-09-02 02:11:57.693725 GNSS_GPS_MLOG_T 1683018800640 1300 3 1 1 185598139 482 267132 3718 758 5353 0 0 62711
2026-09-02 02:11:57.693725 GNSS_GPS_MLOG_T 1683018800640 1300 4 1 10 128 245 0 1996 552 6407 0 0 33830
2026-09-02 02:11:57.693756 GNSS_GPS_MLOG_T 1683018800640 1300 5 1 3 128 252 0 1165 1003 61717 0 0 -76180
2026-09-02 02:11:57.693756 GNSS_GPS_MLOG_T 1683018800640 1300 6 1 13 8388736 277 0 490 951 40680 0 0 -79287
2026-09-02 02:11:57.693756 GNSS_GPS_MLOG_T 1683018800640 1300 7 1 6 8388736 291 0 233 297 32546 0 0 51354
2026-09-02 02:11:58.692962 GNSS_GPS_MEAS_REPORT Measurement report 29 AGC 178 scnt 1683022640640 runi 0
2026-09-02 02:11:58.693176 GNSS_GPS_MLOG_T 1683022640640 1300 0 1 9 185598139 466 267132 4708 260 55632 0 0 -176899
2026-09-02 02:11:58.693176 GNSS_GPS_MLOG_T 1683022640640 1300 1 1 4 185598139 404 267132 4715 1002 28111 0 0 -96577
2026-09-02 02:11:58.693206 GNSS_GPS_MLOG_T 1683022640640 1300 2 1 2 185598139 418 267132 4715 513 20693 0 0 203138
2026-09-02 02:11:58.693237 GNSS_GPS_MLOG_T 1683022640640 1300 3 1 1 185598139 482 267132 4718 757 32641 0 0 62714
2026-09-02 02:11:58.693237 GNSS_GPS_MLOG_T 1683022640640 1300 4 1 10 16777344 249 0 2996 551 52854 0 0 34456
2026-09-02 02:11:58.693267 GNSS_GPS_MLOG_T 1683022640640 1300 5 1 28 128 265 0 531 846 18108 0 0 58739
2026-09-02 02:11:58.693298 GNSS_GPS_MLOG_T 1683022640640 1300 6 1 16 8388736 269 0 379 591 64501 0 0 -92032
2026-09-02 02:11:58.693298 GNSS_GPS_MLOG_T 1683022640640 1300 7 1 6 128 271 0 1233 297 26877 0 0 51201
2026-09-02 02:11:58.693328 GNSS_GPS_MLOG_T 1683022640640 1300 8 1 8 128 278 0 910 918 57793 0 0 -87983
2026-09-02 02:11:58.693328 GNSS_GPS_MLOG_T 1683022640640 1300 9 1 17 8388736 294 0 162 321 61742 0 0 63855
2026-09-02 02:11:59.693023 GNSS_GPS_MEAS_REPORT Measurement report 30 AGC 178 scnt 1683026480640 runi 0
2026-09-02 02:11:59.693206 GNSS_GPS_MLOG_T 1683026480640 1300 0 1 9 185598139 461 267132 5708 262 32179 0 0 -176763
2026-09-02 02:11:59.693237 GNSS_GPS_MLOG_T 1683026480640 1300 1 1 4 185598139 403 267132 5715 1003 21974 0 0 -96431
2026-09-02 02:11:59.693237 GNSS_GPS_MLOG_T 1683026480640 1300 2 1 2 185598139 418 267132 5715 511 28835 0 0 203267
2026-09-02 02:11:59.693267 GNSS_GPS_MLOG_T 1683026480640 1300 3 1 1 185598139 484 267132 5718 756 59949 0 0 62889
2026-09-02 02:11:59.693298 GNSS_GPS_MLOG_T 1683026480640 1300 4 1 10 16777344 249 0 3996 551 33797 0 0 29647
2026-09-02 02:11:59.693298 GNSS_GPS_MLOG_T 1683026480640 1300 5 1 19 8388736 299 0 47 466 33421 0 0 -107807
2026-09-02 02:11:59.693328 GNSS_GPS_MLOG_T 1683026480640 1300 6 1 16 128 247 0 1379 592 42545 0 0 -95817
2026-09-02 02:11:59.693359 GNSS_GPS_MLOG_T 1683026480640 1300 8 1 8 128 264 0 1910 919 17094 0 0 -85984
2026-09-02 02:11:59.693359 GNSS_GPS_MLOG_T 1683026480640 1300 10 1 3 8388768 301 0 479 7 60886 0 0 -104422
2026-09-02 02:11:59.999816 GNSS_GPS_MEAS_REPORT Measurement report 31 AGC 178 scnt 1683027659520 runi 0
2026-09-02 02:12:00.000000 GNSS_GPS_MLOG_T 1683027659520 1300 0 1 9 185598395 461 267138 15 262 65105 0 0 -176569
2026-09-02 02:12:00.000030 GNSS_GPS_MLOG_T 1683027659520 1300 1 1 4 185598395 403 267138 22 1003 40020 0 0 -96254
2026-09-02 02:12:00.000030 GNSS_GPS_MLOG_T 1683027659520 1300 2 1 2 185598395 418 267138 22 510 55876 0 0 203464
2026-09-02 02:12:00.000061 GNSS_GPS_MLOG_T 1683027659520 1300 3 1 1 185598395 484 267138 25 756 48198 0 0 63089
2026-09-02 02:12:00.000091 GNSS_GPS_MLOG_T 1683027659520 1300 5 1 19 8388736 280 0 354 466 54921 0 0 -105330
2026-09-02 02:12:00.000091 GNSS_GPS_MLOG_T 1683027659520 1300 6 1 16 128 248 0 1686 592 59841 0 0 -96591
2026-09-02 02:12:00.000122 GNSS_GPS_MLOG_T 1683027659520 1300 8 1 8 128 261 0 2217 919 24295 0 0 -87251
2026-09-02 02:12:00.000152 GNSS_GPS_MLOG_T 1683027659520 1300 10 1 3 1049761 295 0 83 8 15827 0 0 -104820
2026-09-02 02:12:00.654998 UUID eae22c84-2506-423a-883e-91bd9b2ad229
2026-09-02 02:12:00.655029 HWVERSION nRF9151 A1A
2026-09-02 02:12:00.669677 TRACE_SYSTEM_WARNING Traces dropped kernel: 18 user: 0 (buffer: 0 peer buffer: 0 message: 0) - Throughput: kernel: 4546 user: 4610 bytes / s
2026-09-02 02:12:00.999908 GNSS_GPS_MEAS_REPORT Measurement report 32 AGC 177 scnt 1683031499520 runi 0
2026-09-02 02:12:01.000061 GNSS_GPS_MLOG_T 1683031499520 1300 0 1 9 185598395 462 267138 1015 264 41611 0 0 -176404
2026-09-02 02:12:01.000091 GNSS_GPS_MLOG_T 1683031499520 1300 1 1 4 185598395 405 267138 1022 1004 32690 0 0 -96060
2026-09-02 02:12:01.000091 GNSS_GPS_MLOG_T 1683031499520 1300 2 1 2 185598395 417 267138 1022 508 63745 0 0 203641
2026-09-02 02:12:01.000122 GNSS_GPS_MLOG_T 1683031499520 1300 3 1 1 185598395 482 267138 1025 756 9704 0 0 63279
2026-09-02 02:12:01.000122 GNSS_GPS_MLOG_T 1683031499520 1300 4 1 26 8388736 356 0 73 400 2707 0 0 -125959
2026-09-02 02:12:01.000152 GNSS_GPS_MLOG_T 1683031499520 1300 6 1 16 16777344 243 0 2686 593 47052 0 0 -92508
2026-09-02 02:12:01.000183 GNSS_GPS_MLOG_T 1683031499520 1300 8 1 8 16777344 248 0 3217 920 2914 0 0 -87074
2026-09-02 02:12:01.999939 GNSS_GPS_MEAS_REPORT Measurement report 33 AGC 178 scnt 1683035339520 runi 0
2026-09-02 02:12:02.000091 GNSS_GPS_MLOG_T 1683035339520 1300 0 1 9 185598395 461 267138 2015 266 18072 0 0 -176514
2026-09-02 02:12:02.000091 GNSS_GPS_MLOG_T 1683035339520 1300 1 1 4 185598395 403 267138 2022 1005 26134 0 0 -96188
2026-09-02 02:12:02.000122 GNSS_GPS_MLOG_T 1683035339520 1300 2 1 2 185598395 418 267138 2022 507 5467 0 0 203531
2026-09-02 02:12:02.000152 GNSS_GPS_MLOG_T 1683035339520 1300 3 1 1 185598395 480 267138 2025 755 36699 0 0 63192
2026-09-02 02:12:02.000152 GNSS_GPS_MLOG_T 1683035339520 1300 4 1 26 1049761 323 0 531 401 12186 0 0 -126096
2026-09-02 02:12:02.000183 GNSS_GPS_MLOG_T 1683035339520 1300 5 1 22 8388736 290 0 38 877 64732 0 0 103619
2026-09-02 02:12:02.000213 GNSS_GPS_MLOG_T 1683035339520 1300 6 1 16 16777344 239 0 3686 594 37822 0 0 -89448
2026-09-02 02:12:03.000061 GNSS_GPS_MEAS_REPORT Measurement report 34 AGC 178 scnt 1683039179520 runi 0
2026-09-02 02:12:03.000244 GNSS_GPS_MLOG_T 1683039179520 1300 0 1 9 185598395 462 267138 3015 267 60148 0 0 -176590
2026-09-02 02:12:03.000274 GNSS_GPS_MLOG_T 1683039179520 1300 1 1 4 185598395 407 267138 3022 1006 18724 0 0 -96238
2026-09-02 02:12:03.000274 GNSS_GPS_MLOG_T 1683039179520 1300 2 1 2 185598395 413 267138 3022 505 12660 0 0 203504
2026-09-02 02:12:03.000305 GNSS_GPS_MLOG_T 1683039179520 1300 3 1 1 185598395 482 267138 3025 754 63647 0 0 63135
2026-09-02 02:12:03.000335 GNSS_GPS_MLOG_T 1683039179520 1300 4 1 26 1048737 298 0 1531 402 23979 0 0 -126158
2026-09-02 02:12:03.000335 GNSS_GPS_MLOG_T 1683039179520 1300 5 1 22 128 259 0 1038 876 63339 0 0 103060
2026-09-02 02:12:03.000366 GNSS_GPS_MLOG_T 1683039179520 1300 6 1 13 8388736 273 0 430 812 41818 0 0 -145922
2026-09-02 02:12:03.000396 GNSS_GPS_MLOG_T 1683039179520 1300 7 1 11 1049729 275 0 325 953 43614 0 0 -145750
2026-09-02 02:12:03.000396 GNSS_GPS_MLOG_T 1683039179520 1300 8 1 30 8388736 288 0 85 506 18152 0 0 115053
2026-09-02 02:12:04.000030 GNSS_GPS_MEAS_REPORT Measurement report 35 AGC 178 scnt 1683043019520 runi 0
2026-09-02 02:12:04.000244 GNSS_GPS_MLOG_T 1683043019520 1300 0 1 9 185598395 462 267138 4015 269 36896 0 0 -176667
2026-09-02 02:12:04.000244 GNSS_GPS_MLOG_T 1683043019520 1300 1 1 4 185598395 408 267138 4022 1007 12083 0 0 -96290
2026-09-02 02:12:04.000274 GNSS_GPS_MLOG_T 1683043019520 1300 2 1 2 185598395 415 267138 4022 503 19719 0 0 203423
2026-09-02 02:12:04.000305 GNSS_GPS_MLOG_T 1683043019520 1300 3 1 1 185598395 484 267138 4025 754 25257 0 0 63100
2026-09-02 02:12:04.000305 GNSS_GPS_MLOG_T 1683043019520 1300 4 1 26 17825953 270 0 2531 403 37530 0 0 -126453
2026-09-02 02:12:04.000335 GNSS_GPS_MLOG_T 1683043019520 1300 5 1 22 128 249 0 2038 875 62454 0 0 101532
2026-09-02 02:12:04.000335 GNSS_GPS_MLOG_T 1683043019520 1300 6 1 13 128 270 0 547 942 1647 0 0 -162406
2026-09-02 02:12:04.000366 GNSS_GPS_MLOG_T 1683043019520 1300 7 1 8 8388736 282 0 314 210 15406 0 0 126328
2026-09-02 02:12:04.000396 GNSS_GPS_MLOG_T 1683043019520 1300 8 1 30 128 256 0 1085 505 19819 0 0 117024
2026-09-02 02:12:04.000396 GNSS_GPS_MLOG_T 1683043019520 1300 9 1 20 1153 280 0 543 191 22139 0 0 -156724
2026-09-02 02:12:04.000427 GNSS_GPS_MLOG_T 1683043019520 1300 10 1 7 128 258 0 759 701 30108 0 0 124016
2026-09-02 02:12:05.000183 GNSS_GPS_MEAS_REPORT Measurement report 36 AGC 178 scnt 1683046859520 runi 0
2026-09-02 02:12:05.000396 GNSS_GPS_MLOG_T 1683046859520 1300 0 1 9 185598395 462 267138 5015 271 13342 0 0 -176435
2026-09-02 02:12:05.000427 GNSS_GPS_MLOG_T 1683046859520 1300 1 1 4 185598395 406 267138 5022 1008 5571 0 0 -96064
2026-09-02 02:12:05.000457 GNSS_GPS_MLOG_T 1683046859520 1300 2 1 2 185598395 414 267138 5022 501 26565 0 0 203676
2026-09-02 02:12:05.000457 GNSS_GPS_MLOG_T 1683046859520 1300 3 1 1 185598395 484 267138 5025 753 52406 0 0 63359
2026-09-02 02:12:05.000488 GNSS_GPS_MLOG_T 1683046859520 1300 4 1 26 17825953 230 0 3531 404 56893 0 0 -126563
2026-09-02 02:12:05.000488 GNSS_GPS_MLOG_T 1683046859520 1300 5 1 22 16778369 214 0 954 875 840 0 0 105841
2026-09-02 02:12:05.000518 GNSS_GPS_MLOG_T 1683046859520 1300 6 1 13 128 248 0 1547 943 30345 0 0 -157822
2026-09-02 02:12:05.000549 GNSS_GPS_MLOG_T 1683046859520 1300 7 1 8 128 254 0 1314 209 19617 0 0 124957
2026-09-02 02:12:05.000549 GNSS_GPS_MLOG_T 1683046859520 1300 8 1 30 128 247 0 2085 504 20740 0 0 115339
2026-09-02 02:12:05.000579 GNSS_GPS_MLOG_T 1683046859520 1300 9 1 20 1153 210 0 1543 192 54809 0 0 -152424
2026-09-02 02:12:05.000610 GNSS_GPS_MLOG_T 1683046859520 1300 10 1 7 128 252 0 1759 700 24052 0 0 121564
2026-09-02 02:12:05.000610 GNSS_GPS_MLOG_T 1683046859520 1300 11 1 6 128 286 0 873 887 30654 0 0 134662
2026-09-02 02:12:06.000122 GNSS_GPS_MEAS_REPORT Measurement report 37 AGC 178 scnt 1683050699520 runi 0
2026-09-02 02:12:06.000335 GNSS_GPS_MLOG_T 1683050699520 1300 0 1 9 185598395 462 267144 15 272 55472 0 0 -176385
2026-09-02 02:12:06.000335 GNSS_GPS_MLOG_T 1683050699520 1300 1 1 4 185598395 405 267144 22 1008 64412 0 0 -96015
2026-09-02 02:12:06.000366 GNSS_GPS_MLOG_T 1683050699520 1300 2 1 2 185598395 417 267144 22 499 33707 0 0 203750
2026-09-02 02:12:06.000396 GNSS_GPS_MLOG_T 1683050699520 1300 3 1 1 185598395 482 267144 25 753 13847 0 0 63435
2026-09-02 02:12:06.000396 GNSS_GPS_MLOG_T 1683050699520 1300 4 1 26 17825953 171 0 4531 405 64345 0 0 -125516
2026-09-02 02:12:06.000427 GNSS_GPS_MLOG_T 1683050699520 1300 6 1 13 16777344 249 0 2547 944 61266 0 0 -162872
2026-09-02 02:12:06.000457 GNSS_GPS_MLOG_T 1683050699520 1300 7 1 8 128 244 0 2314 208 7199 0 0 128434
2026-09-02 02:12:06.000457 GNSS_GPS_MLOG_T 1683050699520 1300 8 1 30 16777344 247 0 3085 503 21674 0 0 114772
2026-09-02 02:12:06.000488 GNSS_GPS_MLOG_T 1683050699520 1300 9 1 20 16778369 183 0 2543 194 7940 0 0 -146017
2026-09-02 02:12:06.000518 GNSS_GPS_MLOG_T 1683050699520 1300 10 1 7 16777344 246 0 2759 699 12235 0 0 122077
2026-09-02 02:12:06.000518 GNSS_GPS_MLOG_T 1683050699520 1300 11 1 17 8388736 283 0 283 163 18149 0 0 -223143
2026-09-02 02:12:07.000183 GNSS_GPS_MEAS_REPORT Measurement report 38 AGC 178 scnt 1683054539520 runi 0
2026-09-02 02:12:07.000366 GNSS_GPS_MLOG_T 1683054539520 1300 0 1 9 185598395 460 267144 1015 274 31581 0 0 -176257
2026-09-02 02:12:07.000396 GNSS_GPS_MLOG_T 1683054539520 1300 1 1 4 185598395 403 267144 1022 1009 57269 0 0 -95872
2026-09-02 02:12:07.000396 GNSS_GPS_MLOG_T 1683054539520 1300 2 1 2 185598395 418 267144 1022 497 40053 0 0 203857
2026-09-02 02:12:07.000427 GNSS_GPS_MLOG_T 1683054539520 1300 3 1 1 185598395 481 267144 1025 752 41009 0 0 63582
2026-09-02 02:12:07.000457 GNSS_GPS_MLOG_T 1683054539520 1300 4 1 26 17825921 181 0 5531 407 740 0 0 -125591
2026-09-02 02:12:07.000457 GNSS_GPS_MLOG_T 1683054539520 1300 5 1 31 128 261 0 797 992 25852 0 0 192738
2026-09-02 02:12:07.000488 GNSS_GPS_MLOG_T 1683054539520 1300 6 1 13 16777344 245 0 3547 946 28561 0 0 -159897
2026-09-02 02:12:07.000518 GNSS_GPS_MLOG_T 1683054539520 1300 9 1 20 128 288 0 663 530 3652 0 0 200697
2026-09-02 02:12:07.000518 GNSS_GPS_MLOG_T 1683054539520 1300 11 1 17 128 252 0 1283 165 21615 0 0 -223312
2026-09-02 02:12:08.000183 GNSS_GPS_MEAS_REPORT Measurement report 39 AGC 178 scnt 1683058379520 runi 0
2026-09-02 02:12:08.000335 GNSS_GPS_MLOG_T 1683058379520 1300 0 1 9 185598395 459 267144 2015 276 7672 0 0 -176275
2026-09-02 02:12:08.000366 GNSS_GPS_MLOG_T 1683058379520 1300 1 1 4 185598395 401 267144 2022 1010 49857 0 0 -95883
2026-09-02 02:12:08.000366 GNSS_GPS_MLOG_T 1683058379520 1300 2 1 2 185598395 421 267144 2022 495 46707 0 0 203867
2026-09-02 02:12:08.000396 GNSS_GPS_MLOG_T 1683058379520 1300 3 1 1 185598395 480 267144 2025 752 2080 0 0 63603
2026-09-02 02:12:08.000427 GNSS_GPS_MLOG_T 1683058379520 1300 4 1 26 17825953 210 0 531 408 11402 0 0 -125686
2026-09-02 02:12:08.000427 GNSS_GPS_MLOG_T 1683058379520 1300 5 1 31 128 247 0 1797 990 40260 0 0 194309
2026-09-02 02:12:08.000457 GNSS_GPS_MLOG_T 1683058379520 1300 9 1 20 128 254 0 1663 528 20030 0 0 202669
2026-09-02 02:12:08.000488 GNSS_GPS_MLOG_T 1683058379520 1300 11 1 17 128 240 0 2283 167 24938 0 0 -228951
2026-09-02 02:12:09.000305 GNSS_GPS_MEAS_REPORT Measurement report 40 AGC 178 scnt 1683062219520 runi 0
2026-09-02 02:12:09.000518 GNSS_GPS_MLOG_T 1683062219520 1300 0 1 9 185598395 464 267144 3015 277 49685 0 0 -176380
2026-09-02 02:12:09.000518 GNSS_GPS_MLOG_T 1683062219520 1300 1 1 4 185598395 406 267144 3022 1011 42258 0 0 -95979
2026-09-02 02:12:09.000549 GNSS_GPS_MLOG_T 1683062219520 1300 2 1 2 185598395 426 267144 3022 493 53713 0 0 203779
2026-09-02 02:12:09.000549 GNSS_GPS_MLOG_T 1683062219520 1300 3 1 1 185598395 483 267144 3025 751 29034 0 0 63519
2026-09-02 02:12:09.000549 GNSS_GPS_MLOG_T 1683062219520 1300 4 1 26 17825953 235 0 1531 409 23223 0 0 -125762
2026-09-02 02:12:09.000579 GNSS_GPS_MLOG_T 1683062219520 1300 5 1 31 16777344 246 0 2797 988 54502 0 0 195258
2026-09-02 02:12:09.000579 GNSS_GPS_MLOG_T 1683062219520 1300 6 1 8 8388736 275 0 449 972 54677 0 0 241410
2026-09-02 02:12:09.000579 GNSS_GPS_MLOG_T 1683062219520 1300 7 1 13 8388736 291 0 44 95 5029 0 0 246512
2026-09-02 02:12:09.000610 GNSS_GPS_MLOG_T 1683062219520 1300 9 1 20 16777344 246 0 2663 526 26738 0 0 204937
2026-09-02 02:12:09.000610 GNSS_GPS_MLOG_T 1683062219520 1300 11 1 17 16777344 244 0 3283 169 32330 0 0 -232277
2026-09-02 02:12:10.000274 GNSS_GPS_MEAS_REPORT Measurement report 41 AGC 178 scnt 1683066059520 runi 0
2026-09-02 02:12:10.000488 GNSS_GPS_MLOG_T 1683066059520 1300 0 1 9 185598395 463 267144 4015 279 26053 0 0 -176449
2026-09-02 02:12:10.000488 GNSS_GPS_MLOG_T 1683066059520 1300 1 1 4 185598395 406 267144 4022 1012 35034 0 0 -96017
2026-09-02 02:12:10.000518 GNSS_GPS_MLOG_T 1683066059520 1300 2 1 2 185598395 428 267144 4022 491 60540 0 0 203735
2026-09-02 02:12:10.000518 GNSS_GPS_MLOG_T 1683066059520 1300 3 1 1 185598395 486 267144 4025 750 56158 0 0 63477
2026-09-02 02:12:10.000549 GNSS_GPS_MLOG_T 1683066059520 1300 4 1 26 17825953 260 0 2531 410 34718 0 0 -126047
2026-09-02 02:12:10.000549 GNSS_GPS_MLOG_T 1683066059520 1300 5 1 31 16777344 246 0 3797 986 63075 0 0 195978
2026-09-02 02:12:10.000549 GNSS_GPS_MLOG_T 1683066059520 1300 6 1 8 128 247 0 1449 970 48067 0 0 238686
2026-09-02 02:12:10.000579 GNSS_GPS_MLOG_T 1683066059520 1300 7 1 13 128 255 0 1044 92 53778 0 0 246809
2026-09-02 02:12:10.000579 GNSS_GPS_MLOG_T 1683066059520 1300 8 1 14 128 268 0 844 1002 44522 0 0 -287189
2026-09-02 02:12:10.000610 GNSS_GPS_MLOG_T 1683066059520 1300 9 1 20 16778369 248 0 305 524 26122 0 0 204453
2026-09-02 02:12:10.000610 GNSS_GPS_MLOG_T 1683066059520 1300 10 1 23 8388736 272 0 374 480 21820 0 0 -289718
2026-09-02 02:12:10.000610 GNSS_GPS_MLOG_T 1683066059520 1300 11 1 10 8388736 282 0 188 919 35155 0 0 -17925
2026-09-02 02:12:11.000457 GNSS_GPS_MEAS_REPORT Measurement report 42 AGC 178 scnt 1683069899520 runi 0
2026-09-02 02:12:11.000640 GNSS_GPS_MLOG_T 1683069899520 1300 0 1 9 185598395 461 267144 5015 281 2511 0 0 -176392
2026-09-02 02:12:11.000671 GNSS_GPS_MLOG_T 1683069899520 1300 1 1 4 185598395 404 267144 5022 1013 27825 0 0 -95970
2026-09-02 02:12:11.000671 GNSS_GPS_MLOG_T 1683069899520 1300 2 1 2 185598395 427 267144 5022 490 2096 0 0 203776
2026-09-02 02:12:11.000671 GNSS_GPS_MLOG_T 1683069899520 1300 3 1 1 185598395 487 267144 5025 750 17481 0 0 63556
2026-09-02 02:12:11.000701 GNSS_GPS_MLOG_T 1683069899520 1300 4 1 26 17825953 280 0 3531 411 45775 0 0 -126004
2026-09-02 02:12:11.000701 GNSS_GPS_MLOG_T 1683069899520 1300 5 1 16 128 273 0 673 929 61571 0 0 -10188
2026-09-02 02:12:11.000701 GNSS_GPS_MLOG_T 1683069899520 1300 6 1 8 128 242 0 2449 968 33710 0 0 234512
2026-09-02 02:12:11.000732 GNSS_GPS_MLOG_T 1683069899520 1300 7 1 13 128 249 0 2044 90 32358 0 0 240377
2026-09-02 02:12:11.000732 GNSS_GPS_MLOG_T 1683069899520 1300 9 1 18 8388768 285 0 225 485 27718 0 0 -6836
2026-09-02 02:12:11.000762 GNSS_GPS_MLOG_T 1683069899520 1300 11 1 10 160 275 0 1188 919 42889 0 0 -19111
2026-09-02 02:12:12.000335 GNSS_GPS_MEAS_REPORT Measurement report 43 AGC 178 scnt 1683073739520 runi 0
2026-09-02 02:12:12.000549 GNSS_GPS_MLOG_T 1683073739520 1300 0 1 9 185598395 457 267150 15 282 44085 0 0 -175760
2026-09-02 02:12:12.000579 GNSS_GPS_MLOG_T 1683073739520 1300 1 1 4 185598395 406 267150 22 1014 20649 0 0 -95318
2026-09-02 02:12:12.000579 GNSS_GPS_MLOG_T 1683073739520 1300 2 1 2 185598395 424 267150 22 488 8985 0 0 204439
2026-09-02 02:12:12.000579 GNSS_GPS_MLOG_T 1683073739520 1300 3 1 1 185598395 481 267150 25 749 44162 0 0 64222
2026-09-02 02:12:12.000610 GNSS_GPS_MLOG_T 1683073739520 1300 4 1 26 17825953 295 0 4531 412 57064 0 0 -125458
2026-09-02 02:12:12.000610 GNSS_GPS_MLOG_T 1683073739520 1300 5 1 16 128 250 0 1673 930 4658 0 0 -11378
2026-09-02 02:12:12.000640 GNSS_GPS_MLOG_T 1683073739520 1300 6 1 8 16777344 242 0 3449 966 25068 0 0 230027
2026-09-02 02:12:12.000640 GNSS_GPS_MLOG_T 1683073739520 1300 7 1 13 16777344 246 0 3044 88 10885 0 0 236289
2026-09-02 02:12:12.000640 GNSS_GPS_MLOG_T 1683073739520 1300 8 1 11 128 260 0 987 559 6988 0 0 -40515
2026-09-02 02:12:12.000671 GNSS_GPS_MLOG_T 1683073739520 1300 9 1 18 1153 249 0 625 485 23757 0 0 -7105
2026-09-02 02:12:12.000671 GNSS_GPS_MLOG_T 1683073739520 1300 10 1 30 128 258 0 702 349 62923 0 0 -3091
2026-09-02 02:12:12.000671 GNSS_GPS_MLOG_T 1683073739520 1300 11 1 10 160 256 0 2188 919 51363 0 0 -15536
2026-09-02 02:12:13.000335 GNSS_GPS_MEAS_REPORT Measurement report 44 AGC 178 scnt 1683077579520 runi 0
2026-09-02 02:12:13.000549 GNSS_GPS_MLOG_T 1683077579520 1300 0 1 9 185598395 459 267150 1015 284 20166 0 0 -176837
2026-09-02 02:12:13.000549 GNSS_GPS_MLOG_T 1683077579520 1300 1 1 4 185598395 407 267150 1022 1015 13130 0 0 -96367
2026-09-02 02:12:13.000549 GNSS_GPS_MLOG_T 1683077579520 1300 2 1 2 185598395 424 267150 1022 486 16000 0 0 203383
2026-09-02 02:12:13.000579 GNSS_GPS_MLOG_T 1683077579520 1300 3 1 1 185598395 480 267150 1025 749 5611 0 0 63158
2026-09-02 02:12:13.000579 GNSS_GPS_MLOG_T 1683077579520 1300 4 1 26 17825955 301 0 411 414 3363 0 0 -126218
2026-09-02 02:12:13.000610 GNSS_GPS_MLOG_T 1683077579520 1300 5 1 16 16777344 245 0 2673 930 15439 0 0 -12173
2026-09-02 02:12:13.000610 GNSS_GPS_MLOG_T 1683077579520 1300 6 1 17 8388768 288 0 350 314 11706 0 0 -17319
2026-09-02 02:12:13.000610 GNSS_GPS_MLOG_T 1683077579520 1300 8 1 11 1153 200 0 716 559 21325 0 0 -41276
2026-09-02 02:12:13.000640 GNSS_GPS_MLOG_T 1683077579520 1300 9 1 3 8388736 283 0 104 434 62318 0 0 -12250
2026-09-02 02:12:13.000640 GNSS_GPS_MLOG_T 1683077579520 1300 10 1 30 128 257 0 1702 350 3406 0 0 -1560
2026-09-02 02:12:13.000640 GNSS_GPS_MLOG_T 1683077579520 1300 11 1 10 16777376 266 0 3188 919 64385 0 0 -18215
2026-09-02 02:12:14.000427 GNSS_GPS_MEAS_REPORT Measurement report 45 AGC 178 scnt 1683081419520 runi 0
2026-09-02 02:12:14.000640 GNSS_GPS_MLOG_T 1683081419520 1300 0 1 9 185598395 455 267150 2015 285 62227 0 0 -176136
2026-09-02 02:12:14.000671 GNSS_GPS_MLOG_T 1683081419520 1300 1 1 4 185598395 407 267150 2022 1016 5716 0 0 -95644
2026-09-02 02:12:14.000701 GNSS_GPS_MLOG_T 1683081419520 1300 2 1 2 185598395 423 267150 2022 484 22267 0 0 204112
2026-09-02 02:12:14.000701 GNSS_GPS_MLOG_T 1683081419520 1300 3 1 1 185598395 474 267150 2025 748 32214 0 0 63903
2026-09-02 02:12:14.000732 GNSS_GPS_MLOG_T 1683081419520 1300 4 1 26 17825959 307 267150 2011 415 14374 0 0 -125814
2026-09-02 02:12:14.000762 GNSS_GPS_MLOG_T 1683081419520 1300 5 1 16 16777344 248 0 3673 930 20290 0 0 -10917
2026-09-02 02:12:14.000762 GNSS_GPS_MLOG_T 1683081419520 1300 6 1 17 160 257 0 1350 314 17457 0 0 -16298
2026-09-02 02:12:14.000793 GNSS_GPS_MLOG_T 1683081419520 1300 7 1 7 128 255 0 890 702 60744 0 0 -23955
2026-09-02 02:12:14.000793 GNSS_GPS_MLOG_T 1683081419520 1300 8 1 11 16778369 134 0 1716 559 48376 0 0 -40094
2026-09-02 02:12:14.000824 GNSS_GPS_MLOG_T 1683081419520 1300 9 1 3 128 244 0 1104 434 65179 0 0 -14825
2026-09-02 02:12:14.000854 GNSS_GPS_MLOG_T 1683081419520 1300 10 1 30 16777344 242 0 2702 350 11074 0 0 -2534
2026-09-02 02:12:14.000854 GNSS_GPS_MLOG_T 1683081419520 1300 11 1 10 16777376 254 0 4188 920 8311 0 0 -17992
2026-09-02 02:12:15.000671 GNSS_GPS_MEAS_REPORT Measurement report 46 AGC 178 scnt 1683085259520 runi 0
2026-09-02 02:12:15.001403 GNSS_GPS_MLOG_T 1683085259520 1300 0 1 9 185598395 459 267150 3015 287 38360 0 0 -176424
2026-09-02 02:12:15.001434 GNSS_GPS_MLOG_T 1683085259520 1300 1 1 4 185598395 411 267150 3022 1016 64456 0 0 -95968
2026-09-02 02:12:15.001434 GNSS_GPS_MLOG_T 1683085259520 1300 2 1 2 185598395 426 267150 3022 482 29488 0 0 203824
2026-09-02 02:12:15.001464 GNSS_GPS_MLOG_T 1683085259520 1300 3 1 1 185598395 481 267150 3025 747 58948 0 0 63629
2026-09-02 02:12:15.001495 GNSS_GPS_MLOG_T 1683085259520 1300 4 1 26 17825959 312 267150 3011 416 25745 0 0 -125980
2026-09-02 02:12:15.001495 GNSS_GPS_MLOG_T 1683085259520 1300 5 1 20 8388736 299 0 249 98 13888 0 0 34696
2026-09-02 02:12:15.001525 GNSS_GPS_MLOG_T 1683085259520 1300 6 1 18 128 264 0 677 555 37748 0 0 32730
2026-09-02 02:12:15.001556 GNSS_GPS_MLOG_T 1683085259520 1300 7 1 7 128 252 0 1890 702 65216 0 0 -23469
2026-09-02 02:12:15.001556 GNSS_GPS_MLOG_T 1683085259520 1300 8 1 11 16778369 30 0 2716 560 1596 0 0 -43746
2026-09-02 02:12:15.001586 GNSS_GPS_MLOG_T 1683085259520 1300 9 1 8 8388736 288 0 96 915 2083 0 0 -73756
2026-09-02 02:12:15.001617 GNSS_GPS_MLOG_T 1683085259520 1300 10 1 30 16777344 242 0 3702 350 19265 0 0 1657
2026-09-02 02:12:16.000854 GNSS_GPS_MEAS_REPORT Measurement report 47 AGC 178 scnt 1683089099520 runi 0
2026-09-02 02:12:16.001098 GNSS_GPS_MLOG_T 1683089099520 1300 0 1 9 185598395 458 267150 4015 289 14556 0 0 -176327
2026-09-02 02:12:16.001098 GNSS_GPS_MLOG_T 1683089099520 1300 1 1 4 185598395 410 267150 4022 1017 57716 0 0 -95847
2026-09-02 02:12:16.001770 GNSS_GPS_MLOG_T 1683089099520 1300 2 1 2 185598395 427 267150 4022 480 36482 0 0 203929
2026-09-02 02:12:16.001800 GNSS_GPS_MLOG_T 1683089099520 1300 3 1 1 185598395 482 267150 4025 747 20241 0 0 63752
2026-09-02 02:12:16.001800 GNSS_GPS_MLOG_T 1683089099520 1300 4 1 26 17825959 311 267150 4011 417 37472 0 0 -125973
2026-09-02 02:12:16.001831 GNSS_GPS_MLOG_T 1683089099520 1300 5 1 20 128 247 0 1249 98 665 0 0 25344
2026-09-02 02:12:16.001861 GNSS_GPS_MLOG_T 1683089099520 1300 6 1 18 128 253 0 1677 555 20190 0 0 33054
2026-09-02 02:12:16.001861 GNSS_GPS_MLOG_T 1683089099520 1300 7 1 7 16777344 249 0 2890 703 16363 0 0 -26088
2026-09-02 02:12:16.001892 GNSS_GPS_MLOG_T 1683089099520 1300 8 1 16 128 276 0 657 202 10397 0 0 -83530
2026-09-02 02:12:16.001922 GNSS_GPS_MLOG_T 1683089099520 1300 9 1 8 128 252 0 1096 915 38144 0 0 -72191
2026-09-02 02:12:16.002441 GNSS_GPS_MLOG_T 1683089099520 1300 10 1 10 8388736 274 0 420 510 8855 0 0 48319
2026-09-02 02:12:16.002471 GNSS_GPS_MLOG_T 1683089099520 1300 11 1 17 8388736 296 0 206 750 29185 0 0 -88275
2026-09-02 02:12:17.000671 GNSS_GPS_MEAS_REPORT Measurement report 48 AGC 178 scnt 1683092939520 runi 0
2026-09-02 02:12:17.000915 GNSS_GPS_MLOG_T 1683092939520 1300 0 1 9 185598395 456 267150 5015 290 56139 0 0 -176463
2026-09-02 02:12:17.000915 GNSS_GPS_MLOG_T 1683092939520 1300 1 1 4 185598395 406 267150 5022 1018 49831 0 0 -95937
2026-09-02 02:12:17.000946 GNSS_GPS_MLOG_T 1683092939520 1300 2 1 2 185598395 422 267150 5022 478 42821 0 0 203839
2026-09-02 02:12:17.000976 GNSS_GPS_MLOG_T 1683092939520 1300 3 1 1 185598395 479 267150 5025 746 46632 0 0 63649
2026-09-02 02:12:17.000976 GNSS_GPS_MLOG_T 1683092939520 1300 4 1 26 17825959 302 267150 5011 418 49085 0 0 -125918
2026-09-02 02:12:17.001007 GNSS_GPS_MLOG_T 1683092939520 1300 5 1 20 128 244 0 2249 97 58161 0 0 20002
2026-09-02 02:12:17.001037 GNSS_GPS_MLOG_T 1683092939520 1300 6 1 18 16777344 253 0 2677 555 3847 0 0 32178
2026-09-02 02:12:17.001037 GNSS_GPS_MLOG_T 1683092939520 1300 7 1 7 16777344 242 0 3890 703 30110 0 0 -27586
2026-09-02 02:12:17.001068 GNSS_GPS_MLOG_T 1683092939520 1300 8 1 16 8388768 299 0 300 712 47748 0 0 -18382
2026-09-02 02:12:17.001068 GNSS_GPS_MLOG_T 1683092939520 1300 9 1 8 128 249 0 2096 916 3334 0 0 -69817
2026-09-02 02:12:17.001098 GNSS_GPS_MLOG_T 1683092939520 1300 10 1 10 128 276 0 1420 509 50589 0 0 52824
2026-09-02 02:12:17.001129 GNSS_GPS_MLOG_T 1683092939520 1300 11 1 13 8388736 285 0 56 905 29476 0 0 -22639
2026-09-02 02:12:18.000549 GNSS_GPS_MEAS_REPORT Measurement report 49 AGC 177 scnt 1683096779520 runi 0
2026-09-02 02:12:18.000762 GNSS_GPS_MLOG_T 1683096779520 1300 0 1 9 185598395 449 267156 15 292 32386 0 0 -175515
2026-09-02 02:12:18.000762 GNSS_GPS_MLOG_T 1683096779520 1300 1 1 4 185598395 407 267156 22 1019 42213 0 0 -95014
2026-09-02 02:12:18.000793 GNSS_GPS_MLOG_T 1683096779520 1300 2 1 2 185598395 420 267156 22 476 49869 0 0 204768
2026-09-02 02:12:18.000793 GNSS_GPS_MLOG_T 1683096779520 1300 3 1 1 185598395 469 267156 25 746 7604 0 0 64634
2026-09-02 02:12:18.000793 GNSS_GPS_MLOG_T 1683096779520 1300 4 1 26 17825959 291 267156 11 419 61070 0 0 -125330
2026-09-02 02:12:18.000824 GNSS_GPS_MLOG_T 1683096779520 1300 5 1 20 16777344 240 0 3249 97 48127 0 0 24873
2026-09-02 02:12:18.000824 GNSS_GPS_MLOG_T 1683096779520 1300 6 1 18 16777344 248 0 3677 554 51665 0 0 33055
2026-09-02 02:12:18.000854 GNSS_GPS_MLOG_T 1683096779520 1300 7 1 17 128 276 0 799 570 29400 0 0 -16596
2026-09-02 02:12:18.000854 GNSS_GPS_MLOG_T 1683096779520 1300 8 1 16 128 273 0 1300 712 61809 0 0 -15496
2026-09-02 02:12:18.000854 GNSS_GPS_MLOG_T 1683096779520 1300 9 1 8 16777344 244 0 3096 916 43337 0 0 -72287
2026-09-02 02:12:18.000885 GNSS_GPS_MLOG_T 1683096779520 1300 10 1 10 128 269 0 2420 509 36543 0 0 52195
2026-09-02 02:12:18.000885 GNSS_GPS_MLOG_T 1683096779520 1300 11 1 13 128 254 0 1056 905 46713 0 0 -26530
2026-09-02 02:12:19.000671 GNSS_GPS_MEAS_REPORT Measurement report 50 AGC 178 scnt 1683100619520 runi 0
2026-09-02 02:12:19.000915 GNSS_GPS_MLOG_T 1683100619520 1300 0 1 9 185598395 443 267156 1015 294 8701 0 0 -176465
2026-09-02 02:12:19.000946 GNSS_GPS_MLOG_T 1683100619520 1300 1 1 4 185598395 405 267156 1022 1020 35624 0 0 -95995
2026-09-02 02:12:19.000946 GNSS_GPS_MLOG_T 1683100619520 1300 2 1 2 185598395 417 267156 1022 474 56786 0 0 203827
2026-09-02 02:12:19.000946 GNSS_GPS_MLOG_T 1683100619520 1300 3 1 1 185598395 462 267156 1025 745 34104 0 0 63696
2026-09-02 02:12:19.000976 GNSS_GPS_MLOG_T 1683100619520 1300 4 1 26 17825959 272 267156 1011 421 5437 0 0 -125902
2026-09-02 02:12:19.000976 GNSS_GPS_MLOG_T 1683100619520 1300 5 1 19 8388736 297 0 99 675 51295 0 0 -6312
2026-09-02 02:12:19.001007 GNSS_GPS_MLOG_T 1683100619520 1300 6 1 17 128 259 0 770 685 20235 0 0 -16494
2026-09-02 02:12:19.001007 GNSS_GPS_MLOG_T 1683100619520 1300 7 1 11 128 271 0 528 282 44773 0 0 -13050
2026-09-02 02:12:19.001495 GNSS_GPS_MLOG_T 1683100619520 1300 8 1 18 8388736 283 0 316 369 62456 0 0 -22456
2026-09-02 02:12:19.001525 GNSS_GPS_MLOG_T 1683100619520 1300 10 1 10 16777344 254 0 3420 509 12098 0 0 51934
2026-09-02 02:12:19.001525 GNSS_GPS_MLOG_T 1683100619520 1300 11 1 13 128 248 0 2056 905 58421 0 0 -24297
2026-09-02 02:12:20.000793 GNSS_GPS_MEAS_REPORT Measurement report 51 AGC 178 scnt 1683104459520 runi 0
2026-09-02 02:12:20.001007 GNSS_GPS_MLOG_T 1683104459520 1300 0 1 9 185598395 443 267156 2015 295 50486 0 0 -176213
2026-09-02 02:12:20.001037 GNSS_GPS_MLOG_T 1683104459520 1300 1 1 4 185598395 412 267156 2022 1021 28846 0 0 -95677
2026-09-02 02:12:20.001068 GNSS_GPS_MLOG_T 1683104459520 1300 2 1 2 185598395 418 267156 2022 472 64239 0 0 204133
2026-09-02 02:12:20.001068 GNSS_GPS_MLOG_T 1683104459520 1300 3 1 1 185598395 470 267156 2025 744 60475 0 0 63985
2026-09-02 02:12:20.001098 GNSS_GPS_MLOG_T 1683104459520 1300 4 1 26 17825953 242 267156 2011 422 15492 0 0 -125297
2026-09-02 02:12:20.001129 GNSS_GPS_MLOG_T 1683104459520 1300 5 1 19 128 263 0 1099 675 60972 0 0 -9608
2026-09-02 02:12:20.001129 GNSS_GPS_MLOG_T 1683104459520 1300 6 1 17 128 252 0 1770 685 37463 0 0 -21159
2026-09-02 02:12:20.001159 GNSS_GPS_MLOG_T 1683104459520 1300 7 1 11 128 252 0 1528 282 48905 0 0 -17405
2026-09-02 02:12:20.001190 GNSS_GPS_MLOG_T 1683104459520 1300 8 1 5 8388736 288 0 290 71 58485 0 0 -16038
2026-09-02 02:12:20.001190 GNSS_GPS_MLOG_T 1683104459520 1300 9 1 6 128 260 0 863 601 64245 0 0 -30172
2026-09-02 02:12:20.001220 GNSS_GPS_MLOG_T 1683104459520 1300 10 1 10 16777376 247 0 4420 508 42043 0 0 55929
2026-09-02 02:12:20.001251 GNSS_GPS_MLOG_T 1683104459520 1300 11 1 28 8388736 283 0 1 211 7613 0 0 -12233
2026-09-02 02:12:21.000640 GNSS_GPS_MEAS_REPORT Measurement report 52 AGC 178 scnt 1683108299520 runi 0
2026-09-02 02:12:21.000824 GNSS_GPS_MLOG_T 1683108299520 1300 0 1 9 185598395 448 267156 3015 297 26685 0 0 -176412
2026-09-02 02:12:21.000824 GNSS_GPS_MLOG_T 1683108299520 1300 1 1 4 185598395 414 267156 3022 1022 20216 0 0 -95827
2026-09-02 02:12:21.000854 GNSS_GPS_MLOG_T 1683108299520 1300 2 1 2 185598395 421 267156 3022 471 4984 0 0 203934
2026-09-02 02:12:21.000854 GNSS_GPS_MLOG_T 1683108299520 1300 3 1 1 185598395 474 267156 3025 744 21708 0 0 63809
2026-09-02 02:12:21.000885 GNSS_GPS_MLOG_T 1683108299520 1300 4 1 26 17825953 170 267156 3011 423 25871 0 0 -126320
2026-09-02 02:12:21.000915 GNSS_GPS_MLOG_T 1683108299520 1300 5 1 19 128 258 0 2099 676 7866 0 0 -9040
2026-09-02 02:12:21.000915 GNSS_GPS_MLOG_T 1683108299520 1300 6 1 11 8388736 296 0 274 429 2384 0 0 -16283
2026-09-02 02:12:21.000946 GNSS_GPS_MLOG_T 1683108299520 1300 9 1 6 128 248 0 1863 602 14851 0 0 -30672
2026-09-02 02:12:21.000976 GNSS_GPS_MLOG_T 1683108299520 1300 10 1 10 16777376 255 0 5420 508 11362 0 0 51555
2026-09-02 02:12:22.000793 GNSS_GPS_MEAS_REPORT Measurement report 53 AGC 178 scnt 1683112139520 runi 0
2026-09-02 02:12:22.001037 GNSS_GPS_MLOG_T 1683112139520 1300 0 1 9 185598395 444 267156 4015 299 2858 0 0 -176271
2026-09-02 02:12:22.001037 GNSS_GPS_MLOG_T 1683112139520 1300 1 1 4 185598395 415 267156 4023 0 13531 0 0 -95737
2026-09-02 02:12:22.001068 GNSS_GPS_MLOG_T 1683112139520 1300 2 1 2 185598395 419 267156 4022 469 12318 0 0 204079
2026-09-02 02:12:22.001068 GNSS_GPS_MLOG_T 1683112139520 1300 3 1 1 185598395 469 267156 4025 743 48351 0 0 63971
2026-09-02 02:12:22.001098 GNSS_GPS_MLOG_T 1683112139520 1300 4 1 26 17825953 61 267156 4011 424 35303 0 0 -126386
2026-09-02 02:12:22.001129 GNSS_GPS_MLOG_T 1683112139520 1300 5 1 19 16777344 252 0 3099 676 18516 0 0 -6362
2026-09-02 02:12:22.001129 GNSS_GPS_MLOG_T 1683112139520 1300 6 1 11 128 261 0 1274 429 14985 0 0 -16848
2026-09-02 02:12:22.001159 GNSS_GPS_MLOG_T 1683112139520 1300 7 1 32 128 265 0 904 323 4746 0 0 -11330
2026-09-02 02:12:22.001190 GNSS_GPS_MLOG_T 1683112139520 1300 8 1 16 8388768 284 0 372 612 52168 0 0 -5983
2026-09-02 02:12:22.001190 GNSS_GPS_MLOG_T 1683112139520 1300 9 1 6 16777344 241 0 2863 602 33190 0 0 -36486
2026-09-02 02:12:22.001220 GNSS_GPS_MLOG_T 1683112139520 1300 10 1 10 16777376 249 0 420 507 52428 0 0 52477
2026-09-02 02:12:22.001251 GNSS_GPS_MLOG_T 1683112139520 1300 11 1 18 8388736 287 0 145 134 55299 0 0 -34692
2026-09-02 02:12:23.000762 GNSS_GPS_MEAS_REPORT Measurement report 54 AGC 178 scnt 1683115979520 runi 0
2026-09-02 02:12:23.000976 GNSS_GPS_MLOG_T 1683115979520 1300 0 1 9 185598395 448 267156 5015 300 44346 0 0 -176062
2026-09-02 02:12:23.000976 GNSS_GPS_MLOG_T 1683115979520 1300 1 1 4 185598395 417 267156 5023 1 5899 0 0 -95509
2026-09-02 02:12:23.001007 GNSS_GPS_MLOG_T 1683115979520 1300 2 1 2 185598395 421 267156 5022 467 18970 0 0 204290
2026-09-02 02:12:23.001037 GNSS_GPS_MLOG_T 1683115979520 1300 3 1 1 185598395 475 267156 5025 743 9331 0 0 64208
2026-09-02 02:12:23.001037 GNSS_GPS_MLOG_T 1683115979520 1300 4 1 26 17825953 79 267156 5011 425 46115 0 0 -126260
2026-09-02 02:12:23.001068 GNSS_GPS_MLOG_T 1683115979520 1300 6 1 11 128 266 0 2274 429 21105 0 0 -16859
2026-09-02 02:12:23.001098 GNSS_GPS_MLOG_T 1683115979520 1300 7 1 32 128 250 0 1904 322 63116 0 0 -9591
2026-09-02 02:12:23.001098 GNSS_GPS_MLOG_T 1683115979520 1300 10 1 10 16777376 247 0 1420 507 19863 0 0 50576
2026-09-02 02:12:24.000793 GNSS_GPS_MEAS_REPORT Measurement report 55 AGC 178 scnt 1683119819520 runi 0
2026-09-02 02:12:24.001007 GNSS_GPS_MLOG_T 1683119819520 1300 0 1 9 185598395 454 267162 15 302 20648 0 0 -176000
2026-09-02 02:12:24.001007 GNSS_GPS_MLOG_T 1683119819520 1300 1 1 4 185598395 423 267162 23 1 64275 0 0 -95456
2026-09-02 02:12:24.001037 GNSS_GPS_MLOG_T 1683119819520 1300 2 1 2 185598395 425 267162 22 465 25454 0 0 204376
2026-09-02 02:12:24.001037 GNSS_GPS_MLOG_T 1683119819520 1300 3 1 1 185598395 483 267162 25 742 35588 0 0 64298
2026-09-02 02:12:24.001068 GNSS_GPS_MLOG_T 1683119819520 1300 4 1 26 18350209 150 267156 11 426 57661 0 0 -126046
2026-09-02 02:12:24.001098 GNSS_GPS_MLOG_T 1683119819520 1300 5 1 8 8388736 283 0 209 502 54869 0 0 33078
2026-09-02 02:12:24.001098 GNSS_GPS_MLOG_T 1683119819520 1300 6 1 11 16777344 255 0 3274 429 37162 0 0 -16361
2026-09-02 02:12:24.001129 GNSS_GPS_MLOG_T 1683119819520 1300 7 1 32 16777344 246 0 2904 323 2941 0 0 -8979
2026-09-02 02:12:25.000640 GNSS_GPS_MEAS_REPORT Measurement report 56 AGC 178 scnt 1683123659520 runi 0
2026-09-02 02:12:25.000824 GNSS_GPS_MLOG_T 1683123659520 1300 0 1 9 185598395 458 267162 1015 303 62165 0 0 -176107
2026-09-02 02:12:25.000854 GNSS_GPS_MLOG_T 1683123659520 1300 1 1 4 185598395 426 267162 1023 2 56581 0 0 -95533
2026-09-02 02:12:25.000854 GNSS_GPS_MLOG_T 1683123659520 1300 2 1 2 185598395 428 267162 1022 463 32141 0 0 204293
2026-09-02 02:12:25.000854 GNSS_GPS_MLOG_T 1683123659520 1300 3 1 1 185598395 487 267162 1025 741 61992 0 0 64219
2026-09-02 02:12:25.000885 GNSS_GPS_MLOG_T 1683123659520 1300 4 1 26 17825955 163 267156 411 428 1403 0 0 -125956
2026-09-02 02:12:25.000885 GNSS_GPS_MLOG_T 1683123659520 1300 5 1 8 128 256 0 1209 502 32293 0 0 34194
2026-09-02 02:12:25.000915 GNSS_GPS_MLOG_T 1683123659520 1300 6 1 20 8388736 285 0 253 75 46405 0 0 47308
2026-09-02 02:12:25.000915 GNSS_GPS_MLOG_T 1683123659520 1300 7 1 32 16777344 241 0 3904 323 8967 0 0 -9443
2026-09-02 02:12:25.000915 GNSS_GPS_MLOG_T 1683123659520 1300 8 1 16 128 273 0 544 788 63041 0 0 -76020
2026-09-02 02:12:25.000946 GNSS_GPS_MLOG_T 1683123659520 1300 9 1 22 8388736 284 0 17 428 32024 0 0 -80388
2026-09-02 02:12:26.000824 GNSS_GPS_MEAS_REPORT Measurement report 57 AGC 178 scnt 1683127499520 runi 0
2026-09-02 02:12:26.001037 GNSS_GPS_MLOG_T 1683127499520 1300 0 1 9 185598395 459 267162 2015 305 38259 0 0 -176157
2026-09-02 02:12:26.001037 GNSS_GPS_MLOG_T 1683127499520 1300 1 1 4 185598395 426 267162 2023 3 49332 0 0 -95572
2026-09-02 02:12:26.001068 GNSS_GPS_MLOG_T 1683127499520 1300 2 1 2 185598395 428 267162 2022 461 38350 0 0 204246
2026-09-02 02:12:26.001068 GNSS_GPS_MLOG_T 1683127499520 1300 3 1 1 185598395 490 267162 2025 741 22674 0 0 64203
2026-09-02 02:12:26.001068 GNSS_GPS_MLOG_T 1683127499520 1300 4 1 26 17825979 196 267162 2011 429 9293 0 0 -125882
2026-09-02 02:12:26.001098 GNSS_GPS_MLOG_T 1683127499520 1300 5 1 8 128 253 0 2209 502 5879 0 0 32081
2026-09-02 02:12:26.001098 GNSS_GPS_MLOG_T 1683127499520 1300 6 1 20 128 249 0 1253 75 21236 0 0 43133
2026-09-02 02:12:26.001129 GNSS_GPS_MLOG_T 1683127499520 1300 7 1 6 128 271 0 648 373 27385 0 0 -87647
2026-09-02 02:12:26.001129 GNSS_GPS_MLOG_T 1683127499520 1300 8 1 16 128 248 0 1544 789 36770 0 0 -77347
2026-09-02 02:12:26.001129 GNSS_GPS_MLOG_T 1683127499520 1300 9 1 22 128 250 0 1017 429 12734 0 0 -82226
2026-09-02 02:12:26.001159 GNSS_GPS_MLOG_T 1683127499520 1300 10 1 32 8388736 297 0 300 914 60184 0 0 56316
2026-09-02 02:12:26.001159 GNSS_GPS_MLOG_T 1683127499520 1300 11 1 10 8388736 289 0 182 594 29265 0 0 -91621
2026-09-02 02:12:27.000976 GNSS_GPS_MEAS_REPORT Measurement report 58 AGC 178 scnt 1683131339520 runi 0
2026-09-02 02:12:27.001159 GNSS_GPS_MLOG_T 1683131339520 1300 0 1 9 185598395 454 267162 3015 307 14165 0 0 -175789
2026-09-02 02:12:27.001190 GNSS_GPS_MLOG_T 1683131339520 1300 1 1 4 185598395 425 267162 3023 4 42003 0 0 -95218
2026-09-02 02:12:27.001220 GNSS_GPS_MLOG_T 1683131339520 1300 2 1 2 185598395 427 267162 3022 459 44934 0 0 204619
2026-09-02 02:12:27.001220 GNSS_GPS_MLOG_T 1683131339520 1300 3 1 1 185598395 484 267162 3025 740 48953 0 0 64583
2026-09-02 02:12:27.001251 GNSS_GPS_MLOG_T 1683131339520 1300 4 1 26 17825979 224 267162 3011 430 21995 0 0 -125785
2026-09-02 02:12:27.001281 GNSS_GPS_MLOG_T 1683131339520 1300 5 1 8 16777344 250 0 3209 501 55164 0 0 31009
2026-09-02 02:12:27.001281 GNSS_GPS_MLOG_T 1683131339520 1300 6 1 20 128 245 0 2253 75 7004 0 0 40498
2026-09-02 02:12:27.001312 GNSS_GPS_MLOG_T 1683131339520 1300 8 1 16 128 276 0 531 933 31799 0 0 -17710
2026-09-02 02:12:27.001342 GNSS_GPS_MLOG_T 1683131339520 1300 9 1 22 128 246 0 2017 429 55731 0 0 -83462
2026-09-02 02:12:27.001342 GNSS_GPS_MLOG_T 1683131339520 1300 10 1 32 128 259 0 1300 914 64085 0 0 55253
2026-09-02 02:12:28.000701 GNSS_GPS_MEAS_REPORT Measurement report 59 AGC 178 scnt 1683135179520 runi 0
2026-09-02 02:12:28.000885 GNSS_GPS_MLOG_T 1683135179520 1300 0 1 9 185598395 455 267162 4015 308 55671 0 0 -176039
2026-09-02 02:12:28.000885 GNSS_GPS_MLOG_T 1683135179520 1300 1 1 4 185598395 425 267162 4023 5 34251 0 0 -95461
2026-09-02 02:12:28.000915 GNSS_GPS_MLOG_T 1683135179520 1300 2 1 2 185598395 424 267162 4022 457 51348 0 0 204420
2026-09-02 02:12:28.000946 GNSS_GPS_MLOG_T 1683135179520 1300 3 1 1 185598395 484 267162 4025 740 9792 0 0 64370
2026-09-02 02:12:28.000946 GNSS_GPS_MLOG_T 1683135179520 1300 4 1 26 17825979 246 267162 4011 431 33265 0 0 -125705
2026-09-02 02:12:28.000976 GNSS_GPS_MLOG_T 1683135179520 1300 6 1 20 16777344 242 0 3253 74 62591 0 0 45658
2026-09-02 02:12:28.001007 GNSS_GPS_MLOG_T 1683135179520 1300 9 1 22 16777344 248 0 3017 430 43032 0 0 -88437
2026-09-02 02:12:28.001007 GNSS_GPS_MLOG_T 1683135179520 1300 10 1 32 128 255 0 2300 915 5483 0 0 56481
2026-09-02 02:12:28.001037 GNSS_GPS_MLOG_T 1683135179520 1300 11 1 13 8388736 304 0 296 344 40450 0 0 -7410
2026-09-02 02:12:29.000732 GNSS_GPS_MEAS_REPORT Measurement report 60 AGC 178 scnt 1683139019520 runi 0
2026-09-02 02:12:29.000915 GNSS_GPS_MLOG_T 1683139019520 1300 0 1 9 185598395 458 267162 5015 310 31797 0 0 -175847
2026-09-02 02:12:29.000915 GNSS_GPS_MLOG_T 1683139019520 1300 1 1 4 185598395 419 267162 5023 6 26889 0 0 -95253
2026-09-02 02:12:29.000946 GNSS_GPS_MLOG_T 1683139019520 1300 2 1 2 185598395 425 267162 5022 455 58093 0 0 204621
2026-09-02 02:12:29.000976 GNSS_GPS_MLOG_T 1683139019520 1300 3 1 1 185598395 483 267162 5025 739 36291 0 0 64606
2026-09-02 02:12:29.000976 GNSS_GPS_MLOG_T 1683139019520 1300 4 1 26 17825979 267 267162 5011 432 44875 0 0 -125519
2026-09-02 02:12:29.001007 GNSS_GPS_MLOG_T 1683139019520 1300 5 1 10 128 263 0 847 535 15503 0 0 -1771
2026-09-02 02:12:29.001037 GNSS_GPS_MLOG_T 1683139019520 1300 7 1 7 128 276 0 614 982 42292 0 0 -39146
2026-09-02 02:12:29.001037 GNSS_GPS_MLOG_T 1683139019520 1300 9 1 22 16777344 242 0 4017 431 31033 0 0 -86576
2026-09-02 02:12:29.001068 GNSS_GPS_MLOG_T 1683139019520 1300 10 1 32 16777344 250 0 3300 915 2723 0 0 51485
2026-09-02 02:12:30.000824 GNSS_GPS_MEAS_REPORT Measurement report 61 AGC 178 scnt 1683142859520 runi 0
2026-09-02 02:12:30.007080 GNSS_GPS_MLOG_T 1683142859520 1300 0 1 9 185598395 454 267168 15 312 7686 0 0 -175793
2026-09-02 02:12:30.007080 GNSS_GPS_MLOG_T 1683142859520 1300 1 1 4 185598395 423 267168 23 7 19193 0 0 -95193
2026-09-02 02:12:30.007110 GNSS_GPS_MLOG_T 1683142859520 1300 2 1 2 185598395 425 267168 22 453 65037 0 0 204660
2026-09-02 02:12:30.007141 GNSS_GPS_MLOG_T 1683142859520 1300 3 1 1 185598395 483 267168 25 738 62646 0 0 64669
2026-09-02 02:12:30.007141 GNSS_GPS_MLOG_T 1683142859520 1300 4 1 26 17825979 280 267168 11 433 58757 0 0 -125446
2026-09-02 02:12:30.007171 GNSS_GPS_MLOG_T 1683142859520 1300 5 1 10 128 248 0 1847 535 29503 0 0 3495
2026-09-02 02:12:30.007202 GNSS_GPS_MLOG_T 1683142859520 1300 7 1 7 128 252 0 1614 982 57232 0 0 -37790
2026-09-02 02:12:30.656829 UUID eae22c84-2506-423a-883e-91bd9b2ad229
2026-09-02 02:12:30.656860 HWVERSION nRF9151 A1A
2026-09-02 02:12:30.685455 TRACE_SYSTEM_WARNING Traces dropped kernel: 35 user: 0 (buffer: 0 peer buffer: 0 message: 0) - Throughput: kernel: 3060 user: 2513 bytes / s
2026-09-02 02:12:31.000976 GNSS_GPS_MEAS_REPORT Measurement report 62 AGC 177 scnt 1683146699520 runi 0
2026-09-02 02:12:31.001129 GNSS_GPS_MLOG_T 1683146699520 1300 0 1 9 185598395 457 267168 1015 313 48968 0 0 -175946
2026-09-02 02:12:31.001159 GNSS_GPS_MLOG_T 1683146699520 1300 1 1 4 185598395 429 267168 1023 8 11829 0 0 -95325
2026-09-02 02:12:31.001190 GNSS_GPS_MLOG_T 1683146699520 1300 2 1 2 185598395 424 267168 1022 452 6273 0 0 204530
2026-09-02 02:12:31.001190 GNSS_GPS_MLOG_T 1683146699520 1300 3 1 1 185598395 487 267168 1025 738 23458 0 0 64545
2026-09-02 02:12:31.001220 GNSS_GPS_MLOG_T 1683146699520 1300 4 1 26 17825979 284 267168 1011 435 3454 0 0 -125560
2026-09-02 02:12:31.001220 GNSS_GPS_MLOG_T 1683146699520 1300 5 1 10 16777344 242 0 2847 535 45657 0 0 -194
2026-09-02 02:12:31.001251 GNSS_GPS_MLOG_T 1683146699520 1300 6 1 17 8388736 284 0 263 413 8750 0 0 -62587
2026-09-02 02:12:31.001281 GNSS_GPS_MLOG_T 1683146699520 1300 7 1 7 16777344 249 0 2614 983 4208 0 0 -41258
2026-09-02 02:12:32.001098 GNSS_GPS_MEAS_REPORT Measurement report 63 AGC 178 scnt 1683150539520 runi 0
2026-09-02 02:12:32.001312 GNSS_GPS_MLOG_T 1683150539520 1300 0 1 9 185598395 460 267168 2015 315 25035 0 0 -175993
2026-09-02 02:12:32.001312 GNSS_GPS_MLOG_T 1683150539520 1300 1 1 4 185598395 432 267168 2023 9 4404 0 0 -95373
2026-09-02 02:12:32.001342 GNSS_GPS_MLOG_T 1683150539520 1300 2 1 2 185598395 423 267168 2022 450 13039 0 0 204500
2026-09-02 02:12:32.001373 GNSS_GPS_MLOG_T 1683150539520 1300 3 1 1 185598395 486 267168 2025 737 49913 0 0 64513
2026-09-02 02:12:32.001373 GNSS_GPS_MLOG_T 1683150539520 1300 4 1 26 17825979 286 267168 2011 436 15589 0 0 -125672
2026-09-02 02:12:32.001403 GNSS_GPS_MLOG_T 1683150539520 1300 5 1 10 16777344 245 0 3847 535 52791 0 0 329
2026-09-02 02:12:32.001434 GNSS_GPS_MLOG_T 1683150539520 1300 6 1 17 128 250 0 1263 413 46096 0 0 -55763
2026-09-02 02:12:32.001434 GNSS_GPS_MLOG_T 1683150539520 1300 7 1 7 16777344 249 0 3614 983 16783 0 0 -38818
2026-09-02 02:12:32.001464 GNSS_GPS_MLOG_T 1683150539520 1300 8 1 31 128 267 0 972 722 27959 0 0 34608
2026-09-02 02:12:32.001495 GNSS_GPS_MLOG_T 1683150539520 1300 9 1 14 8388768 274 0 434 57 17299 0 0 -75106
2026-09-02 02:12:32.001495 GNSS_GPS_MLOG_T 1683150539520 1300 10 1 6 8388736 283 0 217 373 60641 0 0 46607
2026-09-02 02:12:33.001098 GNSS_GPS_MEAS_REPORT Measurement report 64 AGC 178 scnt 1683154379520 runi 0
2026-09-02 02:12:33.001312 GNSS_GPS_MLOG_T 1683154379520 1300 0 1 9 185598395 457 267168 3015 317 1179 0 0 -175833
2026-09-02 02:12:33.001342 GNSS_GPS_MLOG_T 1683154379520 1300 1 1 4 185598395 432 267168 3023 9 62552 0 0 -95183
2026-09-02 02:12:33.001342 GNSS_GPS_MLOG_T 1683154379520 1300 2 1 2 185598395 421 267168 3022 448 19886 0 0 204693
2026-09-02 02:12:33.001373 GNSS_GPS_MLOG_T 1683154379520 1300 3 1 1 185598395 479 267168 3025 737 10674 0 0 64713
2026-09-02 02:12:33.001403 GNSS_GPS_MLOG_T 1683154379520 1300 4 1 26 17825979 281 267168 3011 437 28345 0 0 -125533
2026-09-02 02:12:33.001403 GNSS_GPS_MLOG_T 1683154379520 1300 5 1 28 128 332 0 535 630 10831 0 0 64427
2026-09-02 02:12:33.001434 GNSS_GPS_MLOG_T 1683154379520 1300 6 1 17 128 242 0 2263 414 17662 0 0 -58120
2026-09-02 02:12:33.001434 GNSS_GPS_MLOG_T 1683154379520 1300 7 1 13 8388736 283 0 284 544 27105 0 0 -17151
2026-09-02 02:12:33.001983 GNSS_GPS_MLOG_T 1683154379520 1300 8 1 31 128 248 0 1972 722 10399 0 0 33339
2026-09-02 02:12:33.002014 GNSS_GPS_MLOG_T 1683154379520 1300 9 1 14 160 244 0 1434 57 60090 0 0 -66574
2026-09-02 02:12:33.002044 GNSS_GPS_MLOG_T 1683154379520 1300 10 1 6 128 261 0 1217 373 46060 0 0 53201
2026-09-02 02:12:33.002044 GNSS_GPS_MLOG_T 1683154379520 1300 11 1 27 128 252 0 936 242 14339 0 0 -78127
2026-09-02 02:12:34.001007 GNSS_GPS_MEAS_REPORT Measurement report 65 AGC 178 scnt 1683158219520 runi 0
2026-09-02 02:12:34.001251 GNSS_GPS_MLOG_T 1683158219520 1300 0 1 9 185598395 454 267168 4015 318 42474 0 0 -175648
2026-09-02 02:12:34.001251 GNSS_GPS_MLOG_T 1683158219520 1300 1 1 4 185598395 432 267168 4023 10 54323 0 0 -94992
2026-09-02 02:12:34.001281 GNSS_GPS_MLOG_T 1683158219520 1300 2 1 2 185598395 417 267168 4022 446 26216 0 0 204872
2026-09-02 02:12:34.001312 GNSS_GPS_MLOG_T 1683158219520 1300 3 1 1 185598395 472 267168 4025 736 36467 0 0 64926
2026-09-02 02:12:34.001312 GNSS_GPS_MLOG_T 1683158219520 1300 4 1 26 17825979 274 267168 4011 438 37404 0 0 -125226
2026-09-02 02:12:34.001342 GNSS_GPS_MLOG_T 1683158219520 1300 5 1 28 128 266 0 1535 629 35870 0 0 64431
2026-09-02 02:12:34.001373 GNSS_GPS_MLOG_T 1683158219520 1300 6 1 17 16777344 240 0 3263 414 54682 0 0 -59039
2026-09-02 02:12:34.001373 GNSS_GPS_MLOG_T 1683158219520 1300 7 1 13 128 254 0 1284 544 35629 0 0 -20302
2026-09-02 02:12:34.001403 GNSS_GPS_MLOG_T 1683158219520 1300 8 1 31 16777344 248 0 2972 721 54033 0 0 33512
2026-09-02 02:12:34.001434 GNSS_GPS_MLOG_T 1683158219520 1300 9 1 14 160 239 0 2434 58 40034 0 0 -73258
2026-09-02 02:12:34.001434 GNSS_GPS_MLOG_T 1683158219520 1300 10 1 6 128 250 0 2217 373 14537 0 0 53824
2026-09-02 02:12:34.001464 GNSS_GPS_MLOG_T 1683158219520 1300 11 1 27 128 246 0 1936 242 54761 0 0 -79073
2026-09-02 02:12:35.001403 GNSS_GPS_MEAS_REPORT Measurement report 66 AGC 178 scnt 1683162059520 runi 0
2026-09-02 02:12:35.001617 GNSS_GPS_MLOG_T 1683162059520 1300 0 1 9 185598395 452 267168 5015 320 18366 0 0 -175930
2026-09-02 02:12:35.001617 GNSS_GPS_MLOG_T 1683162059520 1300 1 1 4 185598395 434 267168 5023 11 46752 0 0 -95283
2026-09-02 02:12:35.001648 GNSS_GPS_MLOG_T 1683162059520 1300 2 1 2 185598395 413 267168 5022 444 32864 0 0 204613
2026-09-02 02:12:35.001678 GNSS_GPS_MLOG_T 1683162059520 1300 3 1 1 185598395 473 267168 5025 735 62771 0 0 64681
2026-09-02 02:12:35.001678 GNSS_GPS_MLOG_T 1683162059520 1300 4 1 26 17825979 268 267168 5011 439 48516 0 0 -125630
2026-09-02 02:12:35.001709 GNSS_GPS_MLOG_T 1683162059520 1300 5 1 28 16778369 264 0 465 629 4848 0 0 56814
2026-09-02 02:12:35.001739 GNSS_GPS_MLOG_T 1683162059520 1300 7 1 13 128 256 0 2284 544 42003 0 0 -19554
2026-09-02 02:12:35.001739 GNSS_GPS_MLOG_T 1683162059520 1300 8 1 30 128 268 0 717 656 56262 0 0 -18166
2026-09-02 02:12:35.001770 GNSS_GPS_MLOG_T 1683162059520 1300 9 1 14 16777376 249 0 3434 59 18142 0 0 -73423
2026-09-02 02:12:35.001800 GNSS_GPS_MLOG_T 1683162059520 1300 10 1 6 16777344 245 0 3217 372 47532 0 0 56146
2026-09-02 02:12:35.001800 GNSS_GPS_MLOG_T 1683162059520 1300 11 1 27 16777344 249 0 2936 243 46163 0 0 -79773
2026-09-02 02:12:36.001403 GNSS_GPS_MEAS_REPORT Measurement report 67 AGC 178 scnt 1683165899520 runi 0
2026-09-02 02:12:36.001648 GNSS_GPS_MLOG_T 1683165899520 1300 0 1 9 185598395 448 267174 15 321 59704 0 0 -175918
2026-09-02 02:12:36.001678 GNSS_GPS_MLOG_T 1683165899520 1300 1 1 4 185598395 434 267174 23 12 39226 0 0 -95221
2026-09-02 02:12:36.001678 GNSS_GPS_MLOG_T 1683165899520 1300 2 1 2 185598395 410 267174 22 442 39386 0 0 204648
2026-09-02 02:12:36.002349 GNSS_GPS_MLOG_T 1683165899520 1300 3 1 1 185598395 468 267174 25 735 23257 0 0 64712
2026-09-02 02:12:36.002380 GNSS_GPS_MLOG_T 1683165899520 1300 4 1 26 17825979 268 267174 11 440 57882 0 0 -125533
2026-09-02 02:12:36.002410 GNSS_GPS_MLOG_T 1683165899520 1300 5 1 28 16778369 264 0 1465 628 39623 0 0 58803
2026-09-02 02:12:36.002410 GNSS_GPS_MLOG_T 1683165899520 1300 6 1 8 128 255 0 904 982 34586 0 0 -24748
2026-09-02 02:12:36.002441 GNSS_GPS_MLOG_T 1683165899520 1300 7 1 19 8388736 283 0 211 875 42051 0 0 -16641
2026-09-02 02:12:36.002471 GNSS_GPS_MLOG_T 1683165899520 1300 8 1 5 8388736 287 0 35 937 59269 0 0 -11186
2026-09-02 02:12:36.002471 GNSS_GPS_MLOG_T 1683165899520 1300 9 1 14 16777376 247 0 4434 59 62614 0 0 -73879
2026-09-02 02:12:36.002502 GNSS_GPS_MLOG_T 1683165899520 1300 11 1 27 16777344 249 0 3936 244 26469 0 0 -80767
2026-09-02 02:12:37.001129 GNSS_GPS_MEAS_REPORT Measurement report 68 AGC 178 scnt 1683169739520 runi 0
2026-09-02 02:12:37.001342 GNSS_GPS_MLOG_T 1683169739520 1300 0 1 9 185598395 449 267174 1015 323 35912 0 0 -175792
2026-09-02 02:12:37.001373 GNSS_GPS_MLOG_T 1683169739520 1300 1 1 4 185598395 436 267174 1023 13 31436 0 0 -95110
2026-09-02 02:12:37.001373 GNSS_GPS_MLOG_T 1683169739520 1300 2 1 2 185598395 414 267174 1022 440 46002 0 0 204774
2026-09-02 02:12:37.001403 GNSS_GPS_MLOG_T 1683169739520 1300 3 1 1 185598395 468 267174 1025 734 49322 0 0 64869
2026-09-02 02:12:37.001403 GNSS_GPS_MLOG_T 1683169739520 1300 4 1 26 17825979 268 267174 1011 442 2801 0 0 -125524
2026-09-02 02:12:37.001434 GNSS_GPS_MLOG_T 1683169739520 1300 5 1 11 8388736 273 0 373 671 58504 0 0 -30838
2026-09-02 02:12:37.001464 GNSS_GPS_MLOG_T 1683169739520 1300 6 1 8 128 252 0 1904 982 43468 0 0 -21723
2026-09-02 02:12:37.001464 GNSS_GPS_MLOG_T 1683169739520 1300 7 1 19 128 259 0 1211 875 57769 0 0 -18015
2026-09-02 02:12:37.001495 GNSS_GPS_MLOG_T 1683169739520 1300 8 1 5 128 258 0 1035 937 51110 0 0 -8377
2026-09-02 02:12:37.001525 GNSS_GPS_MLOG_T 1683169739520 1300 9 1 14 16777376 247 0 5434 60 47447 0 0 -84597
2026-09-02 02:12:37.001525 GNSS_GPS_MLOG_T 1683169739520 1300 10 1 13 128 264 0 822 544 64970 0 0 -25061
2026-09-02 02:12:37.001556 GNSS_GPS_MLOG_T 1683169739520 1300 11 1 18 128 284 0 609 470 24735 0 0 -5364
2026-09-02 02:12:38.001586 GNSS_GPS_MEAS_REPORT Measurement report 69 AGC 178 scnt 1683173579520 runi 0
2026-09-02 02:12:38.002349 GNSS_GPS_MLOG_T 1683173579520 1300 0 1 9 185598395 455 267174 2015 325 11670 0 0 -175621
2026-09-02 02:12:38.002349 GNSS_GPS_MLOG_T 1683173579520 1300 1 1 4 185598395 438 267174 2023 14 23639 0 0 -94960
2026-09-02 02:12:38.002380 GNSS_GPS_MLOG_T 1683173579520 1300 2 1 2 185598395 415 267174 2022 438 51607 0 0 204946
2026-09-02 02:12:38.002410 GNSS_GPS_MLOG_T 1683173579520 1300 3 1 1 185598395 473 267174 2025 734 9789 0 0 65047
2026-09-02 02:12:38.002410 GNSS_GPS_MLOG_T 1683173579520 1300 4 1 26 17825979 265 267174 2011 443 12739 0 0 -125374
2026-09-02 02:12:38.002441 GNSS_GPS_MLOG_T 1683173579520 1300 5 1 11 128 250 0 1373 672 15035 0 0 -34073
2026-09-02 02:12:38.002441 GNSS_GPS_MLOG_T 1683173579520 1300 6 1 17 128 257 0 799 999 56278 0 0 -17190
2026-09-02 02:12:38.002471 GNSS_GPS_MLOG_T 1683173579520 1300 7 1 19 128 258 0 2211 876 7105 0 0 -16246
2026-09-02 02:12:38.002502 GNSS_GPS_MLOG_T 1683173579520 1300 8 1 5 128 250 0 2035 937 58483 0 0 -10926
2026-09-02 02:12:38.002502 GNSS_GPS_MLOG_T 1683173579520 1300 9 1 14 16777376 245 0 434 61 32412 0 0 -82124
2026-09-02 02:12:38.002533 GNSS_GPS_MLOG_T 1683173579520 1300 10 1 8 128 264 0 569 410 7856 0 0 -8980
2026-09-02 02:12:38.002563 GNSS_GPS_MLOG_T 1683173579520 1300 11 1 7 8388736 414 0 140 614 60530 0 0 -38678
2026-09-02 02:12:39.001617 GNSS_GPS_MEAS_REPORT Measurement report 70 AGC 178 scnt 1683177419520 runi 0
2026-09-02 02:12:39.002380 GNSS_GPS_MLOG_T 1683177419520 1300 0 1 9 185598395 452 267174 3015 326 53063 0 0 -175836
2026-09-02 02:12:39.002410 GNSS_GPS_MLOG_T 1683177419520 1300 1 1 4 185598395 439 267174 3023 15 15825 0 0 -95151
2026-09-02 02:12:39.002410 GNSS_GPS_MLOG_T 1683177419520 1300 2 1 2 185598395 415 267174 3022 436 58775 0 0 204747
2026-09-02 02:12:39.002441 GNSS_GPS_MLOG_T 1683177419520 1300 3 1 1 185598395 472 267174 3025 733 35804 0 0 64876
2026-09-02 02:12:39.002471 GNSS_GPS_MLOG_T 1683177419520 1300 4 1 26 17825979 264 267174 3011 444 21734 0 0 -125190
2026-09-02 02:12:39.002471 GNSS_GPS_MLOG_T 1683177419520 1300 5 1 11 128 243 0 2373 672 25929 0 0 -34110
2026-09-02 02:12:39.002502 GNSS_GPS_MLOG_T 1683177419520 1300 6 1 22 128 269 0 725 111 52827 0 0 -17307
2026-09-02 02:12:39.002533 GNSS_GPS_MLOG_T 1683177419520 1300 7 1 18 8388736 416 0 71 655 19870 0 0 130979
2026-09-02 02:12:39.002533 GNSS_GPS_MLOG_T 1683177419520 1300 8 1 5 16777344 262 0 3035 938 4220 0 0 -17935
2026-09-02 02:12:39.002563 GNSS_GPS_MLOG_T 1683177419520 1300 9 1 14 16777376 248 0 1434 62 15636 0 0 -83563
2026-09-02 02:12:39.002563 GNSS_GPS_MLOG_T 1683177419520 1300 10 1 8 128 251 0 1569 410 25963 0 0 -8987
2026-09-02 02:12:39.002594 GNSS_GPS_MLOG_T 1683177419520 1300 11 1 7 128 262 0 1140 615 21257 0 0 -52750
2026-09-02 02:12:40.001251 GNSS_GPS_MEAS_REPORT Measurement report 71 AGC 178 scnt 1683181259520 runi 0
2026-09-02 02:12:40.001464 GNSS_GPS_MLOG_T 1683181259520 1300 0 1 9 185598395 448 267174 4015 328 28843 0 0 -175987
2026-09-02 02:12:40.001495 GNSS_GPS_MLOG_T 1683181259520 1300 1 1 4 185598395 438 267174 4023 16 8302 0 0 -95282
2026-09-02 02:12:40.001495 GNSS_GPS_MLOG_T 1683181259520 1300 2 1 2 185598395 412 267174 4022 434 64565 0 0 204638
2026-09-02 02:12:40.001525 GNSS_GPS_MLOG_T 1683181259520 1300 3 1 1 185598395 465 267174 4025 732 61852 0 0 64739
2026-09-02 02:12:40.001556 GNSS_GPS_MLOG_T 1683181259520 1300 4 1 26 17825979 248 267174 4011 445 28518 0 0 -125561
2026-09-02 02:12:40.001556 GNSS_GPS_MLOG_T 1683181259520 1300 5 1 11 16777344 247 0 3373 672 37309 0 0 -35358
2026-09-02 02:12:40.001586 GNSS_GPS_MLOG_T 1683181259520 1300 6 1 17 128 275 0 540 325 47252 0 0 -19645
2026-09-02 02:12:40.001617 GNSS_GPS_MLOG_T 1683181259520 1300 7 1 18 128 269 0 1071 654 16356 0 0 127368
2026-09-02 02:12:40.001617 GNSS_GPS_MLOG_T 1683181259520 1300 8 1 28 8388736 292 0 236 374 34077 0 0 -21250
2026-09-02 02:12:40.001648 GNSS_GPS_MLOG_T 1683181259520 1300 9 1 16 8388736 284 0 84 934 61803 0 0 -11177
2026-09-02 02:12:40.001678 GNSS_GPS_MLOG_T 1683181259520 1300 10 1 8 16777344 252 0 2569 410 31101 0 0 -11444
2026-09-02 02:12:40.001678 GNSS_GPS_MLOG_T 1683181259520 1300 11 1 7 128 245 0 2140 615 41877 0 0 -49220
2026-09-02 02:12:41.001220 GNSS_GPS_MEAS_REPORT Measurement report 72 AGC 178 scnt 1683185099520 runi 0
2026-09-02 02:12:41.001373 GNSS_GPS_MLOG_T 1683185099520 1300 0 1 9 185598395 451 267174 5015 330 4157 0 0 -175759
2026-09-02 02:12:41.001403 GNSS_GPS_MLOG_T 1683185099520 1300 1 1 4 185598395 439 267174 5023 17 342 0 0 -95036
2026-09-02 02:12:41.001403 GNSS_GPS_MLOG_T 1683185099520 1300 2 1 2 185598395 413 267174 5022 433 5489 0 0 204854
2026-09-02 02:12:41.001434 GNSS_GPS_MLOG_T 1683185099520 1300 3 1 1 185598395 469 267174 5025 732 22510 0 0 64985
2026-09-02 02:12:41.001434 GNSS_GPS_MLOG_T 1683185099520 1300 4 1 26 17825979 242 267174 5011 446 37011 0 0 -125284
2026-09-02 02:12:41.001434 GNSS_GPS_MLOG_T 1683185099520 1300 5 1 14 8388736 306 0 263 660 54087 0 0 -18619
2026-09-02 02:12:41.001464 GNSS_GPS_MLOG_T 1683185099520 1300 7 1 18 128 251 0 2071 653 7087 0 0 136190
2026-09-02 02:12:41.001464 GNSS_GPS_MLOG_T 1683185099520 1300 11 1 7 16777344 243 0 3140 615 61174 0 0 -50346
2026-09-02 02:12:42.001373 GNSS_GPS_MEAS_REPORT Measurement report 73 AGC 178 scnt 1683188939520 runi 0
2026-09-02 02:12:42.001586 GNSS_GPS_MLOG_T 1683188939520 1300 0 1 9 185598395 449 267180 15 331 45530 0 0 -175744
2026-09-02 02:12:42.001586 GNSS_GPS_MLOG_T 1683188939520 1300 1 1 4 185598395 436 267180 23 17 58003 0 0 -95010
2026-09-02 02:12:42.001617 GNSS_GPS_MLOG_T 1683188939520 1300 2 1 2 185598395 412 267180 22 431 11446 0 0 204880
2026-09-02 02:12:42.001648 GNSS_GPS_MLOG_T 1683188939520 1300 3 1 1 185598395 463 267180 25 731 48411 0 0 65049
2026-09-02 02:12:42.001648 GNSS_GPS_MLOG_T 1683188939520 1300 4 1 26 17825979 226 267180 11 447 45801 0 0 -125274
2026-09-02 02:12:42.001678 GNSS_GPS_MLOG_T 1683188939520 1300 5 1 14 128 260 0 1263 661 1365 0 0 -17803
2026-09-02 02:12:42.001709 GNSS_GPS_MLOG_T 1683188939520 1300 6 1 3 128 256 0 732 274 51494 0 0 -10137
2026-09-02 02:12:42.001709 GNSS_GPS_MLOG_T 1683188939520 1300 7 1 18 16777344 245 0 3071 651 50520 0 0 137711
2026-09-02 02:12:42.001739 GNSS_GPS_MLOG_T 1683188939520 1300 8 1 28 8388736 288 0 219 243 46534 0 0 -22120
2026-09-02 02:12:42.001770 GNSS_GPS_MLOG_T 1683188939520 1300 9 1 5 8388736 290 0 71 468 60079 0 0 -6242
2026-09-02 02:12:43.001434 GNSS_GPS_MEAS_REPORT Measurement report 74 AGC 178 scnt 1683192779520 runi 0
2026-09-02 02:12:43.001648 GNSS_GPS_MLOG_T 1683192779520 1300 0 1 9 185598395 454 267180 1015 333 21344 0 0 -175905
2026-09-02 02:12:43.001648 GNSS_GPS_MLOG_T 1683192779520 1300 1 1 4 185598395 439 267180 1023 18 50133 0 0 -95157
2026-09-02 02:12:43.001648 GNSS_GPS_MLOG_T 1683192779520 1300 2 1 2 185598395 414 267180 1022 429 19349 0 0 204762
2026-09-02 02:12:43.001678 GNSS_GPS_MLOG_T 1683192779520 1300 3 1 1 185598395 467 267180 1025 731 8528 0 0 64905
2026-09-02 02:12:43.001678 GNSS_GPS_MLOG_T 1683192779520 1300 4 1 26 17825979 209 267180 1011 448 62636 0 0 -125284
2026-09-02 02:12:43.001709 GNSS_GPS_MLOG_T 1683192779520 1300 5 1 14 128 263 0 2263 661 6828 0 0 -18715
2026-09-02 02:12:43.001709 GNSS_GPS_MLOG_T 1683192779520 1300 6 1 3 128 247 0 1732 275 426 0 0 -11486
2026-09-02 02:12:43.001709 GNSS_GPS_MLOG_T 1683192779520 1300 8 1 28 128 263 0 1219 243 59885 0 0 -21555
2026-09-02 02:12:43.001739 GNSS_GPS_MLOG_T 1683192779520 1300 9 1 5 128 264 0 1071 468 52693 0 0 -4321
2026-09-02 02:12:43.001739 GNSS_GPS_MLOG_T 1683192779520 1300 10 1 29 8388736 300 0 210 43 19138 0 0 -4853
2026-09-02 02:12:43.001770 GNSS_GPS_MLOG_T 1683192779520 1300 11 1 10 8388736 283 0 51 638 18980 0 0 -35225
2026-09-02 02:12:44.001251 GNSS_GPS_MEAS_REPORT Measurement report 75 AGC 178 scnt 1683196619520 runi 0
2026-09-02 02:12:44.001403 GNSS_GPS_MLOG_T 1683196619520 1300 0 1 9 185598395 457 267180 2015 334 62761 0 0 -175436
2026-09-02 02:12:44.001434 GNSS_GPS_MLOG_T 1683196619520 1300 1 1 4 185598395 445 267180 2023 19 42079 0 0 -94692
2026-09-02 02:12:44.001434 GNSS_GPS_MLOG_T 1683196619520 1300 2 1 2 185598395 411 267180 2022 427 25517 0 0 205218
2026-09-02 02:12:44.001464 GNSS_GPS_MLOG_T 1683196619520 1300 3 1 1 185598395 469 267180 2025 730 34383 0 0 65386
2026-09-02 02:12:44.001495 GNSS_GPS_MLOG_T 1683196619520 1300 4 1 26 17825979 192 267180 2011 450 16654 0 0 -125332
2026-09-02 02:12:44.001495 GNSS_GPS_MLOG_T 1683196619520 1300 6 1 3 16777344 245 0 2732 275 8425 0 0 -5344
2026-09-02 02:12:44.001525 GNSS_GPS_MLOG_T 1683196619520 1300 11 1 10 128 254 0 1051 638 34838 0 0 -33776
2026-09-02 02:12:45.001251 GNSS_GPS_MEAS_REPORT Measurement report 76 AGC 178 scnt 1683200459520 runi 0
2026-09-02 02:12:45.001403 GNSS_GPS_MLOG_T 1683200459520 1300 0 1 9 185598395 459 267180 3015 336 38641 0 0 -175561
2026-09-02 02:12:45.001403 GNSS_GPS_MLOG_T 1683200459520 1300 1 1 4 185598395 450 267180 3023 20 34091 0 0 -94801
2026-09-02 02:12:45.001434 GNSS_GPS_MLOG_T 1683200459520 1300 2 1 2 185598395 407 267180 3022 425 31561 0 0 205112
2026-09-02 02:12:45.001434 GNSS_GPS_MLOG_T 1683200459520 1300 3 1 1 185598395 471 267180 3025 729 60165 0 0 65304
2026-09-02 02:12:45.001464 GNSS_GPS_MLOG_T 1683200459520 1300 4 1 26 17825979 204 267180 3011 451 28391 0 0 -125284
2026-09-02 02:12:45.001464 GNSS_GPS_MLOG_T 1683200459520 1300 6 1 3 16777344 244 0 3732 275 18960 0 0 -9943
2026-09-02 02:12:45.001464 GNSS_GPS_MLOG_T 1683200459520 1300 11 1 10 128 258 0 2051 638 54034 0 0 -35459
2026-09-02 02:12:46.001373 GNSS_GPS_MEAS_REPORT Measurement report 77 AGC 178 scnt 1683204299520 runi 0
2026-09-02 02:12:46.001556 GNSS_GPS_MLOG_T 1683204299520 1300 0 1 9 185598395 460 267180 4015 338 14571 0 0 -175493
2026-09-02 02:12:46.001556 GNSS_GPS_MLOG_T 1683204299520 1300 1 1 4 185598395 454 267180 4023 21 26437 0 0 -94737
2026-09-02 02:12:46.001586 GNSS_GPS_MLOG_T 1683204299520 1300 2 1 2 185598395 407 267180 4022 423 37667 0 0 205219
2026-09-02 02:12:46.001617 GNSS_GPS_MLOG_T 1683204299520 1300 3 1 1 185598395 475 267180 4025 729 20495 0 0 65404
2026-09-02 02:12:46.001617 GNSS_GPS_MLOG_T 1683204299520 1300 4 1 26 17825979 227 267180 4011 452 39973 0 0 -125295
2026-09-02 02:12:46.001648 GNSS_GPS_MLOG_T 1683204299520 1300 11 1 10 16777344 247 0 3051 639 9902 0 0 -29882
2026-09-02 02:12:47.001403 GNSS_GPS_MEAS_REPORT Measurement report 78 AGC 178 scnt 1683208139520 runi 0
2026-09-02 02:12:47.001586 GNSS_GPS_MLOG_T 1683208139520 1300 0 1 9 185598395 460 267180 5015 339 56157 0 0 -175749
2026-09-02 02:12:47.001586 GNSS_GPS_MLOG_T 1683208139520 1300 1 1 4 185598395 453 267180 5023 22 18602 0 0 -94991
2026-09-02 02:12:47.001617 GNSS_GPS_MLOG_T 1683208139520 1300 2 1 2 185598395 410 267180 5022 421 43704 0 0 204930
2026-09-02 02:12:47.001648 GNSS_GPS_MLOG_T 1683208139520 1300 3 1 1 185598395 478 267180 5025 728 46262 0 0 65165
2026-09-02 02:12:47.001648 GNSS_GPS_MLOG_T 1683208139520 1300 4 1 26 17825979 247 267180 5011 453 45720 0 0 -125436
2026-09-02 02:12:47.001678 GNSS_GPS_MLOG_T 1683208139520 1300 5 1 18 8388736 271 0 449 1008 12454 0 0 31180
2026-09-02 02:12:47.001678 GNSS_GPS_MLOG_T 1683208139520 1300 6 1 14 8388736 286 0 280 810 52095 0 0 -72221
2026-09-02 02:12:48.001525 GNSS_GPS_MEAS_REPORT Measurement report 79 AGC 178 scnt 1683211979520 runi 0
2026-09-02 02:12:48.001739 GNSS_GPS_MLOG_T 1683211979520 1300 0 1 9 185598395 460 267186 15 341 31896 0 0 -175712
2026-09-02 02:12:48.001739 GNSS_GPS_MLOG_T 1683211979520 1300 1 1 4 185598395 454 267186 23 23 10977 0 0 -94936
2026-09-02 02:12:48.001770 GNSS_GPS_MLOG_T 1683211979520 1300 2 1 2 185598395 411 267186 22 419 50317 0 0 205003
2026-09-02 02:12:48.001800 GNSS_GPS_MLOG_T 1683211979520 1300 3 1 1 185598395 482 267186 25 728 6441 0 0 65224
2026-09-02 02:12:48.001800 GNSS_GPS_MLOG_T 1683211979520 1300 4 1 26 17825979 260 267186 11 454 56216 0 0 -125439
2026-09-02 02:12:48.001831 GNSS_GPS_MLOG_T 1683211979520 1300 5 1 18 128 250 0 1449 1007 52664 0 0 32829
2026-09-02 02:12:48.001861 GNSS_GPS_MLOG_T 1683211979520 1300 6 1 14 128 254 0 1280 811 19032 0 0 -69044
2026-09-02 02:12:48.001861 GNSS_GPS_MLOG_T 1683211979520 1300 7 1 13 128 271 0 837 871 61876 0 0 -75206
2026-09-02 02:12:48.001892 GNSS_GPS_MLOG_T 1683211979520 1300 8 1 3 128 270 0 615 804 33999 0 0 42210
2026-09-02 02:12:48.001922 GNSS_GPS_MLOG_T 1683211979520 1300 9 1 16 8388736 286 0 170 257 33981 0 0 49059
2026-09-02 02:12:49.001495 GNSS_GPS_MEAS_REPORT Measurement report 80 AGC 178 scnt 1683215819520 runi 0
2026-09-02 02:12:49.001709 GNSS_GPS_MLOG_T 1683215819520 1300 0 1 9 185598395 462 267186 1015 343 7729 0 0 -174964
2026-09-02 02:12:49.001739 GNSS_GPS_MLOG_T 1683215819520 1300 1 1 4 185598395 452 267186 1023 24 3176 0 0 -94202
2026-09-02 02:12:49.001770 GNSS_GPS_MLOG_T 1683215819520 1300 2 1 2 185598395 411 267186 1022 417 56854 0 0 205747
2026-09-02 02:12:49.001770 GNSS_GPS_MLOG_T 1683215819520 1300 3 1 1 185598395 480 267186 1025 727 32335 0 0 65997
2026-09-02 02:12:49.001800 GNSS_GPS_MLOG_T 1683215819520 1300 4 1 26 17825979 275 267186 1011 455 65370 0 0 -124866
2026-09-02 02:12:49.001800 GNSS_GPS_MLOG_T 1683215819520 1300 5 1 18 128 244 0 2449 1007 37192 0 0 32035
2026-09-02 02:12:49.001831 GNSS_GPS_MLOG_T 1683215819520 1300 6 1 14 128 248 0 2280 811 64536 0 0 -72262
2026-09-02 02:12:49.001861 GNSS_GPS_MLOG_T 1683215819520 1300 7 1 13 128 254 0 1837 872 32357 0 0 -71345
2026-09-02 02:12:49.001861 GNSS_GPS_MLOG_T 1683215819520 1300 8 1 3 128 250 0 1615 804 12543 0 0 34934
2026-09-02 02:12:49.001892 GNSS_GPS_MLOG_T 1683215819520 1300 9 1 16 128 255 0 1170 257 12269 0 0 45511
2026-09-02 02:12:49.001922 GNSS_GPS_MLOG_T 1683215819520 1300 10 1 6 128 260 0 937 61 8545 0 0 -88725
2026-09-02 02:12:49.001922 GNSS_GPS_MLOG_T 1683215819520 1300 11 1 20 128 257 0 708 617 31071 0 0 58787
2026-09-02 02:12:50.001709 GNSS_GPS_MEAS_REPORT Measurement report 81 AGC 178 scnt 1683219659520 runi 0
2026-09-02 02:12:50.001922 GNSS_GPS_MLOG_T 1683219659520 1300 0 1 9 185598395 452 267186 2015 344 49257 0 0 -175823
2026-09-02 02:12:50.001922 GNSS_GPS_MLOG_T 1683219659520 1300 1 1 4 185598395 444 267186 2023 24 61066 0 0 -95054
2026-09-02 02:12:50.001953 GNSS_GPS_MLOG_T 1683219659520 1300 2 1 2 185598395 409 267186 2022 415 62338 0 0 204887
2026-09-02 02:12:50.001953 GNSS_GPS_MLOG_T 1683219659520 1300 3 1 1 185598395 467 267186 2025 726 58365 0 0 65161
2026-09-02 02:12:50.001983 GNSS_GPS_MLOG_T 1683219659520 1300 4 1 26 17825979 289 267186 2011 457 10049 0 0 -125471
2026-09-02 02:12:50.001983 GNSS_GPS_MLOG_T 1683219659520 1300 5 1 14 128 271 0 534 995 42769 0 0 -22194
2026-09-02 02:12:50.001983 GNSS_GPS_MLOG_T 1683219659520 1300 6 1 28 128 267 0 711 293 47820 0 0 -12226
2026-09-02 02:12:50.002014 GNSS_GPS_MLOG_T 1683219659520 1300 7 1 8 8388736 283 0 316 970 63233 0 0 -12230
2026-09-02 02:12:50.002014 GNSS_GPS_MLOG_T 1683219659520 1300 8 1 10 8388736 283 0 98 581 57233 0 0 -28783
2026-09-02 02:12:50.002014 GNSS_GPS_MLOG_T 1683219659520 1300 9 1 16 128 253 0 2170 256 54400 0 0 42767
2026-09-02 02:12:50.002044 GNSS_GPS_MLOG_T 1683219659520 1300 10 1 6 128 256 0 1937 61 22781 0 0 -85637
2026-09-02 02:12:50.002044 GNSS_GPS_MLOG_T 1683219659520 1300 11 1 20 128 250 0 1708 617 10335 0 0 58917
2026-09-02 02:12:51.001586 GNSS_GPS_MEAS_REPORT Measurement report 82 AGC 178 scnt 1683223499520 runi 0
2026-09-02 02:12:51.001800 GNSS_GPS_MLOG_T 1683223499520 1300 0 1 9 185598395 451 267186 3015 346 24783 0 0 -175010
2026-09-02 02:12:51.001831 GNSS_GPS_MLOG_T 1683223499520 1300 1 1 4 185598395 446 267186 3023 25 53313 0 0 -94195
2026-09-02 02:12:51.001831 GNSS_GPS_MLOG_T 1683223499520 1300 2 1 2 185598395 411 267186 3022 414 3299 0 0 205740
2026-09-02 02:12:51.001861 GNSS_GPS_MLOG_T 1683223499520 1300 3 1 1 185598395 466 267186 3025 726 18262 0 0 66004
2026-09-02 02:12:51.001892 GNSS_GPS_MLOG_T 1683223499520 1300 4 1 26 17825979 293 267186 3011 458 20790 0 0 -124809
2026-09-02 02:12:51.001892 GNSS_GPS_MLOG_T 1683223499520 1300 5 1 14 128 254 0 1534 996 8170 0 0 -18079
2026-09-02 02:12:51.001922 GNSS_GPS_MLOG_T 1683223499520 1300 6 1 28 128 255 0 1711 293 52732 0 0 -8818
2026-09-02 02:12:51.001953 GNSS_GPS_MLOG_T 1683223499520 1300 7 1 8 128 264 0 1316 971 5725 0 0 -16912
2026-09-02 02:12:51.001953 GNSS_GPS_MLOG_T 1683223499520 1300 8 1 10 128 249 0 1098 582 15444 0 0 -28629
2026-09-02 02:12:51.001983 GNSS_GPS_MLOG_T 1683223499520 1300 9 1 16 16777344 247 0 3170 256 31480 0 0 47264
2026-09-02 02:12:51.001983 GNSS_GPS_MLOG_T 1683223499520 1300 10 1 6 16777344 258 0 2937 61 46020 0 0 -87527
2026-09-02 02:12:51.002014 GNSS_GPS_MLOG_T 1683223499520 1300 11 1 20 16777344 246 0 2708 616 60448 0 0 58383
2026-09-02 02:12:52.001648 GNSS_GPS_MEAS_REPORT Measurement report 83 AGC 177 scnt 1683227339520 runi 0
2026-09-02 02:12:52.001861 GNSS_GPS_MLOG_T 1683227339520 1300 0 1 9 185598395 455 267186 4015 348 390 0 0 -175517
2026-09-02 02:12:52.001861 GNSS_GPS_MLOG_T 1683227339520 1300 1 1 4 185598395 448 267186 4023 26 45036 0 0 -94685
2026-09-02 02:12:52.001892 GNSS_GPS_MLOG_T 1683227339520 1300 2 1 2 185598395 412 267186 4022 412 8577 0 0 205266
2026-09-02 02:12:52.001892 GNSS_GPS_MLOG_T 1683227339520 1300 3 1 1 185598395 469 267186 4025 725 43975 0 0 65530
2026-09-02 02:12:52.001922 GNSS_GPS_MLOG_T 1683227339520 1300 4 1 26 17825979 298 267186 4011 459 31408 0 0 -125120
2026-09-02 02:12:52.001953 GNSS_GPS_MLOG_T 1683227339520 1300 5 1 18 8388736 284 0 71 151 14423 0 0 -16584
2026-09-02 02:12:52.001953 GNSS_GPS_MLOG_T 1683227339520 1300 6 1 28 16777344 250 0 2711 293 65200 0 0 -8958
2026-09-02 02:12:52.001983 GNSS_GPS_MLOG_T 1683227339520 1300 8 1 10 128 249 0 2098 582 39065 0 0 -28617
2026-09-02 02:12:52.002014 GNSS_GPS_MLOG_T 1683227339520 1300 10 1 6 16777344 249 0 3937 62 13892 0 0 -86355
2026-09-02 02:12:52.002014 GNSS_GPS_MLOG_T 1683227339520 1300 11 1 20 16777344 245 0 3708 616 31720 0 0 55537
2026-09-02 02:12:53.001617 GNSS_GPS_MEAS_REPORT Measurement report 84 AGC 178 scnt 1683231179520 runi 0
2026-09-02 02:12:53.001831 GNSS_GPS_MLOG_T 1683231179520 1300 0 1 9 185598395 452 267186 5015 349 41657 0 0 -175771
2026-09-02 02:12:53.001831 GNSS_GPS_MLOG_T 1683231179520 1300 1 1 4 185598395 447 267186 5023 27 37536 0 0 -94940
2026-09-02 02:12:53.001861 GNSS_GPS_MLOG_T 1683231179520 1300 2 1 2 185598395 414 267186 5022 410 15586 0 0 205062
2026-09-02 02:12:53.001892 GNSS_GPS_MLOG_T 1683231179520 1300 3 1 1 185598395 469 267186 5025 725 4245 0 0 65316
2026-09-02 02:12:53.001892 GNSS_GPS_MLOG_T 1683231179520 1300 4 1 26 17825979 300 267186 5011 460 42112 0 0 -125511
2026-09-02 02:12:53.001922 GNSS_GPS_MLOG_T 1683231179520 1300 5 1 18 128 258 0 1071 151 22841 0 0 -15979
2026-09-02 02:12:53.001953 GNSS_GPS_MLOG_T 1683231179520 1300 6 1 28 16777344 247 0 3711 294 7959 0 0 -7964
2026-09-02 02:12:53.001953 GNSS_GPS_MLOG_T 1683231179520 1300 7 1 3 128 257 0 826 943 46696 0 0 -20351
2026-09-02 02:12:53.001983 GNSS_GPS_MLOG_T 1683231179520 1300 8 1 10 16777344 242 0 3098 582 63947 0 0 -33880
2026-09-02 02:12:53.002014 GNSS_GPS_MLOG_T 1683231179520 1300 9 1 16 128 269 0 616 488 29425 0 0 -7789
2026-09-02 02:12:53.002014 GNSS_GPS_MLOG_T 1683231179520 1300 10 1 14 8388736 273 0 401 91 36038 0 0 -27793
2026-09-02 02:12:53.002044 GNSS_GPS_MLOG_T 1683231179520 1300 11 1 7 8388736 310 0 165 905 31489 0 0 -4946
2026-09-02 02:12:54.001770 GNSS_GPS_MEAS_REPORT Measurement report 85 AGC 178 scnt 1683235019520 runi 0
2026-09-02 02:12:54.001983 GNSS_GPS_MLOG_T 1683235019520 1300 0 1 9 185598395 456 267192 15 351 17041 0 0 -174869
2026-09-02 02:12:54.002014 GNSS_GPS_MLOG_T 1683235019520 1300 1 1 4 185598395 450 267192 23 28 29662 0 0 -94033
2026-09-02 02:12:54.002014 GNSS_GPS_MLOG_T 1683235019520 1300 2 1 2 185598395 416 267192 22 408 21511 0 0 205945
2026-09-02 02:12:54.002044 GNSS_GPS_MLOG_T 1683235019520 1300 3 1 1 185598395 474 267192 25 724 29566 0 0 66250
2026-09-02 02:12:54.002044 GNSS_GPS_MLOG_T 1683235019520 1300 4 1 26 17825979 292 267192 11 461 52151 0 0 -124738
2026-09-02 02:12:54.002075 GNSS_GPS_MLOG_T 1683235019520 1300 5 1 18 128 273 0 2071 151 31000 0 0 -16830
2026-09-02 02:12:54.002105 GNSS_GPS_MLOG_T 1683235019520 1300 6 1 19 160 291 0 623 954 7386 0 0 -15283
2026-09-02 02:12:54.002105 GNSS_GPS_MLOG_T 1683235019520 1300 7 1 3 128 269 0 1826 943 59184 0 0 -18508
2026-09-02 02:12:54.002136 GNSS_GPS_MLOG_T 1683235019520 1300 9 1 16 128 251 0 1616 488 39740 0 0 -10124
2026-09-02 02:12:54.002166 GNSS_GPS_MLOG_T 1683235019520 1300 10 1 14 128 249 0 1401 91 60859 0 0 -28839
2026-09-02 02:12:54.002166 GNSS_GPS_MLOG_T 1683235019520 1300 11 1 7 128 267 0 1165 905 17963 0 0 -4317
2026-09-02 02:12:55.001861 GNSS_GPS_MEAS_REPORT Measurement report 86 AGC 178 scnt 1683238859520 runi 0
2026-09-02 02:12:55.002075 GNSS_GPS_MLOG_T 1683238859520 1300 0 1 9 185598395 448 267192 1015 352 58701 0 0 -175665
2026-09-02 02:12:55.002105 GNSS_GPS_MLOG_T 1683238859520 1300 1 1 4 185598395 442 267192 1023 29 22166 0 0 -94836
2026-09-02 02:12:55.002105 GNSS_GPS_MLOG_T 1683238859520 1300 2 1 2 185598395 411 267192 1022 406 27989 0 0 205141
2026-09-02 02:12:55.002136 GNSS_GPS_MLOG_T 1683238859520 1300 3 1 1 185598395 463 267192 1025 723 55211 0 0 65463
2026-09-02 02:12:55.002166 GNSS_GPS_MLOG_T 1683238859520 1300 4 1 26 17825979 286 267192 1011 462 62696 0 0 -125323
2026-09-02 02:12:55.002166 GNSS_GPS_MLOG_T 1683238859520 1300 5 1 27 128 265 0 686 876 39621 0 0 -10046
2026-09-02 02:12:55.002197 GNSS_GPS_MLOG_T 1683238859520 1300 6 1 10 128 279 0 532 846 2952 0 0 -22375
2026-09-02 02:12:55.002227 GNSS_GPS_MLOG_T 1683238859520 1300 7 1 8 8388736 287 0 318 899 61833 0 0 -2335
2026-09-02 02:12:55.002227 GNSS_GPS_MLOG_T 1683238859520 1300 8 1 18 8388736 299 0 88 762 14009 0 0 -29354
2026-09-02 02:12:55.002258 GNSS_GPS_MLOG_T 1683238859520 1300 9 1 16 16777344 241 0 2616 488 47499 0 0 -8210
2026-09-02 02:12:55.002288 GNSS_GPS_MLOG_T 1683238859520 1300 10 1 14 128 245 0 2401 92 7438 0 0 -26037
2026-09-02 02:12:55.002288 GNSS_GPS_MLOG_T 1683238859520 1300 11 1 7 128 252 0 2165 905 11376 0 0 -5027
2026-09-02 02:12:56.001648 GNSS_GPS_MEAS_REPORT Measurement report 87 AGC 178 scnt 1683242699520 runi 0
2026-09-02 02:12:56.001861 GNSS_GPS_MLOG_T 1683242699520 1300 0 1 9 185598395 455 267192 2015 354 34175 0 0 -175437
2026-09-02 02:12:56.001892 GNSS_GPS_MLOG_T 1683242699520 1300 1 1 4 185598395 448 267192 2023 30 14348 0 0 -94586
2026-09-02 02:12:56.001892 GNSS_GPS_MLOG_T 1683242699520 1300 2 1 2 185598395 412 267192 2022 404 33872 0 0 205400
2026-09-02 02:12:56.001922 GNSS_GPS_MLOG_T 1683242699520 1300 3 1 1 185598395 471 267192 2025 723 15175 0 0 65706
2026-09-02 02:12:56.001953 GNSS_GPS_MLOG_T 1683242699520 1300 4 1 26 17825979 273 267192 2011 464 5873 0 0 -125373
2026-09-02 02:12:56.001953 GNSS_GPS_MLOG_T 1683242699520 1300 5 1 22 128 280 0 504 567 64020 0 0 -19355
2026-09-02 02:12:56.001983 GNSS_GPS_MLOG_T 1683242699520 1300 6 1 14 128 261 0 796 697 51845 0 0 -17583
2026-09-02 02:12:56.002014 GNSS_GPS_MLOG_T 1683242699520 1300 7 1 8 128 252 0 1318 899 61808 0 0 6184
2026-09-02 02:12:56.002014 GNSS_GPS_MLOG_T 1683242699520 1300 8 1 18 128 255 0 1088 762 25618 0 0 -29040
2026-09-02 02:12:56.002044 GNSS_GPS_MLOG_T 1683242699520 1300 9 1 20 8388736 282 0 287 882 3049 0 0 -11752
2026-09-02 02:12:56.002075 GNSS_GPS_MLOG_T 1683242699520 1300 10 1 27 8388736 293 0 67 794 6055 0 0 -29258
2026-09-02 02:12:57.001800 GNSS_GPS_MEAS_REPORT Measurement report 88 AGC 178 scnt 1683246539520 runi 0
2026-09-02 02:12:57.002014 GNSS_GPS_MLOG_T 1683246539520 1300 0 1 9 185598395 457 267192 3015 356 9994 0 0 -175353
2026-09-02 02:12:57.002014 GNSS_GPS_MLOG_T 1683246539520 1300 1 1 4 185598395 450 267192 3023 31 6402 0 0 -94486
2026-09-02 02:12:57.002044 GNSS_GPS_MLOG_T 1683246539520 1300 2 1 2 185598395 411 267192 3022 402 39855 0 0 205501
2026-09-02 02:12:57.002075 GNSS_GPS_MLOG_T 1683246539520 1300 3 1 1 185598395 473 267192 3025 722 40585 0 0 65830
2026-09-02 02:12:57.002075 GNSS_GPS_MLOG_T 1683246539520 1300 4 1 26 17825979 239 267192 3011 465 16928 0 0 -124610
2026-09-02 02:12:57.002105 GNSS_GPS_MLOG_T 1683246539520 1300 5 1 14 8388736 291 0 293 92 26539 0 0 -16092
2026-09-02 02:12:57.002136 GNSS_GPS_MLOG_T 1683246539520 1300 6 1 17 8388736 283 0 52 834 37768 0 0 -12522
2026-09-02 02:12:57.002136 GNSS_GPS_MLOG_T 1683246539520 1300 7 1 8 128 244 0 2318 899 63208 0 0 12714
2026-09-02 02:12:57.002166 GNSS_GPS_MLOG_T 1683246539520 1300 9 1 20 128 248 0 1287 882 2688 0 0 -6966
2026-09-02 02:12:57.002197 GNSS_GPS_MLOG_T 1683246539520 1300 11 1 13 128 280 0 901 631 63227 0 0 -2731
2026-09-02 02:12:58.001831 GNSS_GPS_MEAS_REPORT Measurement report 89 AGC 178 scnt 1683250379520 runi 0
2026-09-02 02:12:58.002044 GNSS_GPS_MLOG_T 1683250379520 1300 0 1 9 185598395 455 267192 4015 357 51238 0 0 -175346
2026-09-02 02:12:58.002075 GNSS_GPS_MLOG_T 1683250379520 1300 1 1 4 185598395 447 267192 4023 31 64094 0 0 -94492
2026-09-02 02:12:58.002075 GNSS_GPS_MLOG_T 1683250379520 1300 2 1 2 185598395 410 267192 4022 400 46099 0 0 205507
2026-09-02 02:12:58.002105 GNSS_GPS_MLOG_T 1683250379520 1300 3 1 1 185598395 469 267192 4025 722 266 0 0 65865
2026-09-02 02:12:58.002136 GNSS_GPS_MLOG_T 1683250379520 1300 4 1 26 17825979 223 267192 4011 466 28201 0 0 -124665
2026-09-02 02:12:58.002136 GNSS_GPS_MLOG_T 1683250379520 1300 5 1 14 1153 227 0 723 92 42523 0 0 -15969
2026-09-02 02:12:58.002166 GNSS_GPS_MLOG_T 1683250379520 1300 6 1 17 128 252 0 1052 834 46652 0 0 -13088
2026-09-02 02:12:58.002166 GNSS_GPS_MLOG_T 1683250379520 1300 7 1 8 16777344 242 0 3318 899 56187 0 0 8101
2026-09-02 02:12:58.002197 GNSS_GPS_MLOG_T 1683250379520 1300 8 1 21 128 260 0 706 173 16204 0 0 -25408
2026-09-02 02:12:58.002227 GNSS_GPS_MLOG_T 1683250379520 1300 10 1 3 8388736 280 0 490 565 19034 0 0 -4841
2026-09-02 02:12:59.002044 GNSS_GPS_MEAS_REPORT Measurement report 90 AGC 178 scnt 1683254219520 runi 0
2026-09-02 02:12:59.002288 GNSS_GPS_MLOG_T 1683254219520 1300 0 1 9 185598395 454 267192 5015 359 26714 0 0 -175179
2026-09-02 02:12:59.002319 GNSS_GPS_MLOG_T 1683254219520 1300 1 1 4 185598395 447 267192 5023 32 56186 0 0 -94310
2026-09-02 02:12:59.002349 GNSS_GPS_MLOG_T 1683254219520 1300 2 1 2 185598395 412 267192 5022 398 52394 0 0 205683
2026-09-02 02:12:59.002349 GNSS_GPS_MLOG_T 1683254219520 1300 3 1 1 185598395 473 267192 5025 721 25686 0 0 66060
2026-09-02 02:12:59.002380 GNSS_GPS_MLOG_T 1683254219520 1300 4 1 26 17825979 215 267192 5011 467 36328 0 0 -125040
2026-09-02 02:12:59.002410 GNSS_GPS_MLOG_T 1683254219520 1300 5 1 14 1153 188 0 1723 92 50201 0 0 -16097
2026-09-02 02:12:59.002410 GNSS_GPS_MLOG_T 1683254219520 1300 6 1 17 128 248 0 2052 834 50249 0 0 -7678
2026-09-02 02:12:59.002929 GNSS_GPS_MLOG_T 1683254219520 1300 7 1 8 8388736 293 0 124 836 37449 0 0 -1299
2026-09-02 02:12:59.002929 GNSS_GPS_MLOG_T 1683254219520 1300 8 1 21 128 253 0 1706 173 29564 0 0 -25267
2026-09-02 02:12:59.002960 GNSS_GPS_MLOG_T 1683254219520 1300 9 1 5 128 275 0 795 541 46040 0 0 -1377
2026-09-02 02:12:59.002990 GNSS_GPS_MLOG_T 1683254219520 1300 10 1 3 128 258 0 1490 565 20943 0 0 -1831
2026-09-02 02:13:00.001831 GNSS_GPS_MEAS_REPORT Measurement report 91 AGC 178 scnt 1683258059520 runi 0
2026-09-02 02:13:00.008392 GNSS_GPS_MLOG_T 1683258059520 1300 0 1 9 185598395 455 267198 15 361 2188 0 0 -175114
2026-09-02 02:13:00.008422 GNSS_GPS_MLOG_T 1683258059520 1300 1 1 4 185598395 447 267198 23 33 48267 0 0 -94223
2026-09-02 02:13:00.008850 GNSS_GPS_MLOG_T 1683258059520 1300 2 1 2 185598395 412 267198 22 396 57824 0 0 205799
2026-09-02 02:13:00.008880 GNSS_GPS_MLOG_T 1683258059520 1300 3 1 1 185598395 470 267198 25 720 50988 0 0 66159
2026-09-02 02:13:00.008880 GNSS_GPS_MLOG_T 1683258059520 1300 4 1 26 17825979 214 267198 11 468 48211 0 0 -124906
2026-09-02 02:13:00.008911 GNSS_GPS_MLOG_T 1683258059520 1300 5 1 14 16778369 204 0 2723 92 59524 0 0 -18333
2026-09-02 02:13:00.008941 GNSS_GPS_MLOG_T 1683258059520 1300 6 1 17 16777344 245 0 3052 834 53345 0 0 -7605
2026-09-02 02:13:00.008941 GNSS_GPS_MLOG_T 1683258059520 1300 7 1 8 128 260 0 1124 836 24008 0 0 -2648
2026-09-02 02:13:00.658721 UUID eae22c84-2506-423a-883e-91bd9b2ad229
2026-09-02 02:13:00.658721 HWVERSION nRF9151 A1A
2026-09-02 02:13:00.700683 TRACE_SYSTEM_WARNING Traces dropped kernel: 35 user: 0 (buffer: 0 peer buffer: 0 message: 0) - Throughput: kernel: 3132 user: 2563 bytes / s
2026-09-02 02:13:01.001586 GNSS_GPS_MEAS_REPORT Measurement report 92 AGC 178 scnt 1683261899520 runi 0
2026-09-02 02:13:01.001739 GNSS_GPS_MLOG_T 1683261899520 1300 0 1 9 185598395 456 267198 1015 362 43575 0 0 -175108
2026-09-02 02:13:01.001739 GNSS_GPS_MLOG_T 1683261899520 1300 1 1 4 185598395 447 267198 1023 34 40263 0 0 -94203
2026-09-02 02:13:01.001770 GNSS_GPS_MLOG_T 1683261899520 1300 2 1 2 185598395 414 267198 1022 394 63817 0 0 205807
2026-09-02 02:13:01.001800 GNSS_GPS_MLOG_T 1683261899520 1300 3 1 1 185598395 473 267198 1025 720 10914 0 0 66186
2026-09-02 02:13:01.001800 GNSS_GPS_MLOG_T 1683261899520 1300 4 1 26 17825979 222 267198 1011 469 58476 0 0 -124863
2026-09-02 02:13:01.001831 GNSS_GPS_MLOG_T 1683261899520 1300 7 1 8 128 246 0 2124 836 17981 0 0 -8797
2026-09-02 02:13:02.001770 GNSS_GPS_MEAS_REPORT Measurement report 93 AGC 178 scnt 1683265739520 runi 0
2026-09-02 02:13:02.001892 GNSS_GPS_MLOG_T 1683265739520 1300 0 1 9 185598395 455 267198 2015 364 19295 0 0 -175304
2026-09-02 02:13:02.001922 GNSS_GPS_MLOG_T 1683265739520 1300 1 1 4 185598395 447 267198 2023 35 32512 0 0 -94413
2026-09-02 02:13:02.001922 GNSS_GPS_MLOG_T 1683265739520 1300 2 1 2 185598395 414 267198 2022 393 3595 0 0 205624
2026-09-02 02:13:02.001953 GNSS_GPS_MLOG_T 1683265739520 1300 3 1 1 185598395 472 267198 2025 719 36253 0 0 66017
2026-09-02 02:13:02.001953 GNSS_GPS_MLOG_T 1683265739520 1300 4 1 26 17825979 241 267198 2011 471 4632 0 0 -125077
2026-09-02 02:13:02.001953 GNSS_GPS_MLOG_T 1683265739520 1300 7 1 8 16777344 246 0 3124 836 10261 0 0 -16413
2026-09-02 02:13:03.002075 GNSS_GPS_MEAS_REPORT Measurement report 94 AGC 178 scnt 1683269579520 runi 0
2026-09-02 02:13:03.002258 GNSS_GPS_MLOG_T 1683269579520 1300 0 1 9 185598395 458 267198 3015 365 60456 0 0 -175368
2026-09-02 02:13:03.002288 GNSS_GPS_MLOG_T 1683269579520 1300 1 1 4 185598395 448 267198 3023 36 24670 0 0 -94451
2026-09-02 02:13:03.002319 GNSS_GPS_MLOG_T 1683269579520 1300 2 1 2 185598395 416 267198 3022 391 8873 0 0 205571
2026-09-02 02:13:03.002349 GNSS_GPS_MLOG_T 1683269579520 1300 3 1 1 185598395 477 267198 3025 718 61889 0 0 65971
2026-09-02 02:13:03.002349 GNSS_GPS_MLOG_T 1683269579520 1300 4 1 26 17825979 256 267198 3011 472 18065 0 0 -125119
2026-09-02 02:13:03.002380 GNSS_GPS_MLOG_T 1683269579520 1300 5 1 25 128 261 0 843 940 10328 0 0 32744
2026-09-02 02:13:03.002410 GNSS_GPS_MLOG_T 1683269579520 1300 6 1 7 128 257 0 731 65 47363 0 0 -64605
2026-09-02 02:13:03.002441 GNSS_GPS_MLOG_T 1683269579520 1300 8 1 14 128 269 0 517 580 36180 0 0 -69505
2026-09-02 02:13:04.002075 GNSS_GPS_MEAS_REPORT Measurement report 95 AGC 178 scnt 1683273419520 runi 0
2026-09-02 02:13:04.002288 GNSS_GPS_MLOG_T 1683273419520 1300 0 1 9 185598395 459 267198 4015 367 36014 0 0 -175474
2026-09-02 02:13:04.002288 GNSS_GPS_MLOG_T 1683273419520 1300 1 1 4 185598395 450 267198 4023 37 16426 0 0 -94547
2026-09-02 02:13:04.002319 GNSS_GPS_MLOG_T 1683273419520 1300 2 1 2 185598395 419 267198 4022 389 15249 0 0 205472
2026-09-02 02:13:04.002349 GNSS_GPS_MLOG_T 1683273419520 1300 3 1 1 185598395 480 267198 4025 718 21508 0 0 65899
2026-09-02 02:13:04.002349 GNSS_GPS_MLOG_T 1683273419520 1300 4 1 26 17825979 272 267198 4011 473 29792 0 0 -125175
2026-09-02 02:13:04.002380 GNSS_GPS_MLOG_T 1683273419520 1300 5 1 25 128 247 0 1843 939 59135 0 0 32234
2026-09-02 02:13:04.002410 GNSS_GPS_MLOG_T 1683273419520 1300 6 1 7 128 248 0 1731 66 27529 0 0 -67070
2026-09-02 02:13:04.002410 GNSS_GPS_MLOG_T 1683273419520 1300 7 1 13 128 284 0 623 1004 43041 0 0 -87212
2026-09-02 02:13:04.002502 GNSS_GPS_MLOG_T 1683273419520 1300 8 1 14 128 250 0 1517 581 23215 0 0 -66319
2026-09-02 02:13:04.002502 GNSS_GPS_MLOG_T 1683273419520 1300 9 1 8 8388768 277 0 403 158 6476 0 0 52559
2026-09-02 02:13:04.002533 GNSS_GPS_MLOG_T 1683273419520 1300 10 1 6 8388736 312 0 168 63 29914 0 0 -89471
2026-09-02 02:13:05.002105 GNSS_GPS_MEAS_REPORT Measurement report 96 AGC 178 scnt 1683277259520 runi 0
2026-09-02 02:13:05.002319 GNSS_GPS_MLOG_T 1683277259520 1300 0 1 9 185598395 455 267198 5015 369 11849 0 0 -175202
2026-09-02 02:13:05.002319 GNSS_GPS_MLOG_T 1683277259520 1300 1 1 4 185598395 450 267198 5023 38 7959 0 0 -94252
2026-09-02 02:13:05.002349 GNSS_GPS_MLOG_T 1683277259520 1300 2 1 2 185598395 419 267198 5022 387 20580 0 0 205774
2026-09-02 02:13:05.002380 GNSS_GPS_MLOG_T 1683277259520 1300 3 1 1 185598395 478 267198 5025 717 46898 0 0 66198
2026-09-02 02:13:05.002380 GNSS_GPS_MLOG_T 1683277259520 1300 4 1 26 17825979 286 267198 5011 474 40667 0 0 -124952
2026-09-02 02:13:05.002410 GNSS_GPS_MLOG_T 1683277259520 1300 5 1 25 16777344 247 0 2843 939 39898 0 0 35045
2026-09-02 02:13:05.002410 GNSS_GPS_MLOG_T 1683277259520 1300 6 1 7 16777344 242 0 2731 66 54549 0 0 -65974
2026-09-02 02:13:05.002441 GNSS_GPS_MLOG_T 1683277259520 1300 7 1 17 8388736 293 0 293 431 31706 0 0 -18333
2026-09-02 02:13:05.002471 GNSS_GPS_MLOG_T 1683277259520 1300 8 1 14 16777344 244 0 2517 581 55818 0 0 -69512
2026-09-02 02:13:05.002471 GNSS_GPS_MLOG_T 1683277259520 1300 9 1 8 128 250 0 1403 157 46251 0 0 58630
2026-09-02 02:13:05.002502 GNSS_GPS_MLOG_T 1683277259520 1300 11 1 27 128 268 0 658 457 59286 0 0 -95093
2026-09-02 02:13:06.002044 GNSS_GPS_MEAS_REPORT Measurement report 97 AGC 178 scnt 1683281099520 runi 0
2026-09-02 02:13:06.002258 GNSS_GPS_MLOG_T 1683281099520 1300 0 1 9 185598395 451 267204 15 370 52934 0 0 -174660
2026-09-02 02:13:06.002288 GNSS_GPS_MLOG_T 1683281099520 1300 1 1 4 185598395 446 267204 23 39 25 0 0 -93697
2026-09-02 02:13:06.002288 GNSS_GPS_MLOG_T 1683281099520 1300 2 1 2 185598395 418 267204 22 385 25972 0 0 206344
2026-09-02 02:13:06.002319 GNSS_GPS_MLOG_T 1683281099520 1300 3 1 1 185598395 472 267204 25 717 6320 0 0 66771
2026-09-02 02:13:06.002349 GNSS_GPS_MLOG_T 1683281099520 1300 4 1 26 17825979 294 267204 11 475 51357 0 0 -124517
2026-09-02 02:13:06.002349 GNSS_GPS_MLOG_T 1683281099520 1300 5 1 25 16777344 249 0 3843 939 17239 0 0 34400
2026-09-02 02:13:06.002380 GNSS_GPS_MLOG_T 1683281099520 1300 6 1 7 16777344 244 0 3731 67 22898 0 0 -66985
2026-09-02 02:13:06.002410 GNSS_GPS_MLOG_T 1683281099520 1300 7 1 17 128 266 0 1293 431 48388 0 0 -17200
2026-09-02 02:13:06.002410 GNSS_GPS_MLOG_T 1683281099520 1300 8 1 14 16777344 247 0 3517 582 41545 0 0 -72294
2026-09-02 02:13:06.002441 GNSS_GPS_MLOG_T 1683281099520 1300 9 1 8 128 246 0 2403 157 24263 0 0 52464
2026-09-02 02:13:06.002471 GNSS_GPS_MLOG_T 1683281099520 1300 10 1 29 128 254 0 990 650 47092 0 0 -8279
2026-09-02 02:13:06.002471 GNSS_GPS_MLOG_T 1683281099520 1300 11 1 27 128 255 0 1658 458 42750 0 0 -92855
2026-09-02 02:13:07.002044 GNSS_GPS_MEAS_REPORT Measurement report 98 AGC 178 scnt 1683284939520 runi 0
2026-09-02 02:13:07.002258 GNSS_GPS_MLOG_T 1683284939520 1300 0 1 9 185598395 451 267204 1015 372 28494 0 0 -175592
2026-09-02 02:13:07.002288 GNSS_GPS_MLOG_T 1683284939520 1300 1 1 4 185598395 446 267204 1023 39 57219 0 0 -94645
2026-09-02 02:13:07.002319 GNSS_GPS_MLOG_T 1683284939520 1300 2 1 2 185598395 418 267204 1022 383 31524 0 0 205376
2026-09-02 02:13:07.002319 GNSS_GPS_MLOG_T 1683284939520 1300 3 1 1 185598395 468 267204 1025 716 31653 0 0 65870
2026-09-02 02:13:07.002349 GNSS_GPS_MLOG_T 1683284939520 1300 4 1 26 17825979 297 267204 1011 476 61853 0 0 -125247
2026-09-02 02:13:07.002380 GNSS_GPS_MLOG_T 1683284939520 1300 5 1 31 8388736 266 0 493 31 53594 0 0 -17618
2026-09-02 02:13:07.002380 GNSS_GPS_MLOG_T 1683284939520 1300 6 1 5 8388736 279 0 380 370 46960 0 0 -25926
2026-09-02 02:13:07.002410 GNSS_GPS_MLOG_T 1683284939520 1300 7 1 17 128 252 0 2293 431 54581 0 0 -13263
2026-09-02 02:13:07.002441 GNSS_GPS_MLOG_T 1683284939520 1300 8 1 7 8388736 283 0 168 525 57406 0 0 -9219
2026-09-02 02:13:07.002441 GNSS_GPS_MLOG_T 1683284939520 1300 9 1 8 16777344 247 0 3403 156 54133 0 0 57073
2026-09-02 02:13:07.002471 GNSS_GPS_MLOG_T 1683284939520 1300 10 1 29 128 246 0 1990 650 55436 0 0 -2244
2026-09-02 02:13:07.002502 GNSS_GPS_MLOG_T 1683284939520 1300 11 1 27 16777344 253 0 2658 459 41153 0 0 -94627
2026-09-02 02:13:08.002075 GNSS_GPS_MEAS_REPORT Measurement report 99 AGC 178 scnt 1683288779520 runi 0
2026-09-02 02:13:08.002319 GNSS_GPS_MLOG_T 1683288779520 1300 0 1 9 185598395 452 267204 2015 374 4173 0 0 -174602
2026-09-02 02:13:08.002319 GNSS_GPS_MLOG_T 1683288779520 1300 1 1 4 185598395 446 267204 2023 40 48817 0 0 -93638
2026-09-02 02:13:08.002319 GNSS_GPS_MLOG_T 1683288779520 1300 2 1 2 185598395 420 267204 2022 381 37248 0 0 206415
2026-09-02 02:13:08.002349 GNSS_GPS_MLOG_T 1683288779520 1300 3 1 1 185598395 466 267204 2025 715 56378 0 0 66879
2026-09-02 02:13:08.002349 GNSS_GPS_MLOG_T 1683288779520 1300 4 1 26 17825979 297 267204 2011 478 8372 0 0 -124549
2026-09-02 02:13:08.002380 GNSS_GPS_MLOG_T 1683288779520 1300 5 1 31 128 253 0 1493 31 62603 0 0 -23559
2026-09-02 02:13:08.002380 GNSS_GPS_MLOG_T 1683288779520 1300 6 1 5 128 255 0 1380 370 64886 0 0 -24265
2026-09-02 02:13:08.002380 GNSS_GPS_MLOG_T 1683288779520 1300 7 1 17 16777344 245 0 3293 431 62732 0 0 -11509
2026-09-02 02:13:08.002410 GNSS_GPS_MLOG_T 1683288779520 1300 8 1 7 128 248 0 1168 525 53125 0 0 -6944
2026-09-02 02:13:08.002410 GNSS_GPS_MLOG_T 1683288779520 1300 9 1 8 16777376 245 0 4403 156 16251 0 0 57010
2026-09-02 02:13:08.002410 GNSS_GPS_MLOG_T 1683288779520 1300 10 1 29 16777344 245 0 2990 650 61769 0 0 -2679
2026-09-02 02:13:08.002441 GNSS_GPS_MLOG_T 1683288779520 1300 11 1 3 128 258 0 796 742 22422 0 0 -16091
2026-09-02 02:13:09.002258 GNSS_GPS_MEAS_REPORT Measurement report 100 AGC 178 scnt 1683292619520 runi 0
2026-09-02 02:13:09.002441 GNSS_GPS_MLOG_T 1683292619520 1300 0 1 9 185598395 451 267204 3015 375 45309 0 0 -175053
2026-09-02 02:13:09.002471 GNSS_GPS_MLOG_T 1683292619520 1300 1 1 4 185598395 442 267204 3023 41 40470 0 0 -94084
2026-09-02 02:13:09.002502 GNSS_GPS_MLOG_T 1683292619520 1300 2 1 2 185598395 418 267204 3022 379 43296 0 0 205969
2026-09-02 02:13:09.002502 GNSS_GPS_MLOG_T 1683292619520 1300 3 1 1 185598395 463 267204 3025 715 16327 0 0 66468
2026-09-02 02:13:09.002533 GNSS_GPS_MLOG_T 1683292619520 1300 4 1 26 17825979 289 267204 3011 479 16826 0 0 -124802
2026-09-02 02:13:09.002563 GNSS_GPS_MLOG_T 1683292619520 1300 5 1 16 8388736 287 0 37 760 44176 0 0 -17491
2026-09-02 02:13:09.002563 GNSS_GPS_MLOG_T 1683292619520 1300 6 1 5 128 253 0 2380 371 10336 0 0 -24184
2026-09-02 02:13:09.002594 GNSS_GPS_MLOG_T 1683292619520 1300 7 1 17 128 334 0 567 601 10270 0 0 62872
2026-09-02 02:13:09.002624 GNSS_GPS_MLOG_T 1683292619520 1300 8 1 7 128 248 0 2168 525 57191 0 0 -5216
2026-09-02 02:13:09.002624 GNSS_GPS_MLOG_T 1683292619520 1300 9 1 8 16777376 242 0 5403 155 44189 0 0 56077
2026-09-02 02:13:09.002655 GNSS_GPS_MLOG_T 1683292619520 1300 10 1 29 16777344 248 0 3990 651 9370 0 0 -2960
2026-09-02 02:13:10.002502 GNSS_GPS_MEAS_REPORT Measurement report 101 AGC 178 scnt 1683296459520 runi 0
2026-09-02 02:13:10.002746 GNSS_GPS_MLOG_T 1683296459520 1300 0 1 9 185598395 450 267204 4015 377 21210 0 0 -175125
2026-09-02 02:13:10.002777 GNSS_GPS_MLOG_T 1683296459520 1300 1 1 4 185598395 441 267204 4023 42 32178 0 0 -94142
2026-09-02 02:13:10.002777 GNSS_GPS_MLOG_T 1683296459520 1300 2 1 2 185598395 417 267204 4022 377 49215 0 0 205887
2026-09-02 02:13:10.003326 GNSS_GPS_MLOG_T 1683296459520 1300 3 1 1 185598395 462 267204 4025 714 41871 0 0 66406
2026-09-02 02:13:10.003356 GNSS_GPS_MLOG_T 1683296459520 1300 4 1 26 17825979 276 267204 4011 480 25018 0 0 -124935
2026-09-02 02:13:10.003356 GNSS_GPS_MLOG_T 1683296459520 1300 5 1 16 128 267 0 1037 760 54752 0 0 -19166
2026-09-02 02:13:10.003387 GNSS_GPS_MLOG_T 1683296459520 1300 6 1 14 8388736 295 0 51 528 58588 0 0 -17652
2026-09-02 02:13:10.003418 GNSS_GPS_MLOG_T 1683296459520 1300 7 1 17 128 274 0 1567 600 35520 0 0 69625
2026-09-02 02:13:10.003418 GNSS_GPS_MLOG_T 1683296459520 1300 8 1 7 16777344 247 0 3168 525 59974 0 0 -8738
2026-09-02 02:13:10.003448 GNSS_GPS_MLOG_T 1683296459520 1300 9 1 8 16777376 246 0 403 155 8617 0 0 54287
2026-09-02 02:13:10.003479 GNSS_GPS_MLOG_T 1683296459520 1300 10 1 18 128 260 0 797 115 21052 0 0 -17587
2026-09-02 02:13:10.003479 GNSS_GPS_MLOG_T 1683296459520 1300 11 1 20 128 264 0 580 724 17580 0 0 -10027
2026-09-02 02:13:11.002136 GNSS_GPS_MEAS_REPORT Measurement report 102 AGC 178 scnt 1683300299520 runi 0
2026-09-02 02:13:11.002349 GNSS_GPS_MLOG_T 1683300299520 1300 0 1 9 185598395 451 267204 5015 378 62640 0 0 -175207
2026-09-02 02:13:11.002349 GNSS_GPS_MLOG_T 1683300299520 1300 1 1 4 185598395 443 267204 5023 43 24243 0 0 -94204
2026-09-02 02:13:11.002380 GNSS_GPS_MLOG_T 1683300299520 1300 2 1 2 185598395 416 267204 5022 375 55580 0 0 205852
2026-09-02 02:13:11.002380 GNSS_GPS_MLOG_T 1683300299520 1300 3 1 1 185598395 465 267204 5025 714 1684 0 0 66356
2026-09-02 02:13:11.002380 GNSS_GPS_MLOG_T 1683300299520 1300 4 1 26 17825979 267 267204 5011 481 32692 0 0 -125005
2026-09-02 02:13:11.002410 GNSS_GPS_MLOG_T 1683300299520 1300 5 1 28 128 271 0 719 573 64754 0 0 -16775
2026-09-02 02:13:11.002410 GNSS_GPS_MLOG_T 1683300299520 1300 6 1 14 128 269 0 1051 529 5344 0 0 -17993
2026-09-02 02:13:11.002441 GNSS_GPS_MLOG_T 1683300299520 1300 7 1 17 16777344 251 0 2567 599 53148 0 0 90430
2026-09-02 02:13:11.002441 GNSS_GPS_MLOG_T 1683300299520 1300 8 1 13 8388736 299 0 301 810 38979 0 0 -19954
2026-09-02 02:13:11.002441 GNSS_GPS_MLOG_T 1683300299520 1300 9 1 8 16777376 246 0 1403 154 40420 0 0 53136
2026-09-02 02:13:11.002471 GNSS_GPS_MLOG_T 1683300299520 1300 10 1 19 8388736 262 0 473 461 24190 0 0 -9074
2026-09-02 02:13:12.002655 GNSS_GPS_MEAS_REPORT Measurement report 103 AGC 177 scnt 1683304139520 runi 0
2026-09-02 02:13:12.003418 GNSS_GPS_MLOG_T 1683304139520 1300 0 1 9 185598395 455 267210 15 380 38275 0 0 -175307
2026-09-02 02:13:12.003418 GNSS_GPS_MLOG_T 1683304139520 1300 1 1 4 185598395 446 267210 23 44 15767 0 0 -94301
2026-09-02 02:13:12.003448 GNSS_GPS_MLOG_T 1683304139520 1300 2 1 2 185598395 416 267210 22 373 61502 0 0 205752
2026-09-02 02:13:12.003479 GNSS_GPS_MLOG_T 1683304139520 1300 3 1 1 185598395 468 267210 25 713 27114 0 0 66274
2026-09-02 02:13:12.003479 GNSS_GPS_MLOG_T 1683304139520 1300 4 1 26 17825979 259 267210 11 482 45741 0 0 -125027
2026-09-02 02:13:12.003509 GNSS_GPS_MLOG_T 1683304139520 1300 5 1 23 128 247 0 786 766 40930 0 0 -25595
2026-09-02 02:13:12.003540 GNSS_GPS_MLOG_T 1683304139520 1300 6 1 28 128 304 0 712 770 2672 0 0 -87125
2026-09-02 02:13:12.003540 GNSS_GPS_MLOG_T 1683304139520 1300 7 1 17 16777344 241 0 3567 598 63160 0 0 89627
2026-09-02 02:13:12.003570 GNSS_GPS_MLOG_T 1683304139520 1300 8 1 13 160 274 0 1301 810 45850 0 0 -18410
2026-09-02 02:13:12.003570 GNSS_GPS_MLOG_T 1683304139520 1300 9 1 16 8388736 276 0 387 3 53043 0 0 -3249
2026-09-02 02:13:12.003601 GNSS_GPS_MLOG_T 1683304139520 1300 10 1 19 128 242 0 1473 461 24026 0 0 -9213
2026-09-02 02:13:12.003631 GNSS_GPS_MLOG_T 1683304139520 1300 11 1 3 8389761 414 0 63 77 62892 0 0 -103574
2026-09-02 02:13:13.002227 GNSS_GPS_MEAS_REPORT Measurement report 104 AGC 178 scnt 1683307979520 runi 0
2026-09-02 02:13:13.002471 GNSS_GPS_MLOG_T 1683307979520 1300 0 1 9 185598395 452 267210 1015 382 13511 0 0 -174938
2026-09-02 02:13:13.002471 GNSS_GPS_MLOG_T 1683307979520 1300 1 1 4 185598395 443 267210 1023 45 7132 0 0 -93905
2026-09-02 02:13:13.002502 GNSS_GPS_MLOG_T 1683307979520 1300 2 1 2 185598395 411 267210 1022 372 1598 0 0 206121
2026-09-02 02:13:13.002533 GNSS_GPS_MLOG_T 1683307979520 1300 3 1 1 185598395 462 267210 1025 712 52071 0 0 66666
2026-09-02 02:13:13.002533 GNSS_GPS_MLOG_T 1683307979520 1300 4 1 26 17825979 253 267210 1011 483 57698 0 0 -124700
2026-09-02 02:13:13.002563 GNSS_GPS_MLOG_T 1683307979520 1300 5 1 23 128 246 0 1786 766 55209 0 0 -26715
2026-09-02 02:13:13.002594 GNSS_GPS_MLOG_T 1683307979520 1300 6 1 28 128 263 0 1712 770 49752 0 0 -93701
2026-09-02 02:13:13.002594 GNSS_GPS_MLOG_T 1683307979520 1300 7 1 8 8388768 292 0 476 218 18673 0 0 -16907
2026-09-02 02:13:13.002624 GNSS_GPS_MLOG_T 1683307979520 1300 8 1 13 160 259 0 2301 810 52525 0 0 -19516
2026-09-02 02:13:13.002624 GNSS_GPS_MLOG_T 1683307979520 1300 9 1 16 128 254 0 1387 3 49202 0 0 1340
2026-09-02 02:13:13.002655 GNSS_GPS_MLOG_T 1683307979520 1300 10 1 19 128 241 0 2473 461 33407 0 0 -8529
2026-09-02 02:13:13.002685 GNSS_GPS_MLOG_T 1683307979520 1300 11 1 3 1048739 414 0 423 78 56533 0 0 -103445
2026-09-02 02:13:14.002258 GNSS_GPS_MEAS_REPORT Measurement report 105 AGC 178 scnt 1683311819520 runi 0
2026-09-02 02:13:14.002502 GNSS_GPS_MLOG_T 1683311819520 1300 0 1 9 185598395 452 267210 2015 383 54646 0 0 -174851
2026-09-02 02:13:14.002502 GNSS_GPS_MLOG_T 1683311819520 1300 1 1 4 185598395 445 267210 2023 45 64410 0 0 -93814
2026-09-02 02:13:14.002533 GNSS_GPS_MLOG_T 1683311819520 1300 2 1 2 185598395 414 267210 2022 370 7374 0 0 206242
2026-09-02 02:13:14.002563 GNSS_GPS_MLOG_T 1683311819520 1300 3 1 1 185598395 464 267210 2025 712 11272 0 0 66799
2026-09-02 02:13:14.002563 GNSS_GPS_MLOG_T 1683311819520 1300 4 1 26 17825979 261 267210 2011 485 1258 0 0 -124607
2026-09-02 02:13:14.002594 GNSS_GPS_MLOG_T 1683311819520 1300 5 1 23 16777344 243 0 2786 767 3347 0 0 -29887
2026-09-02 02:13:14.002624 GNSS_GPS_MLOG_T 1683311819520 1300 6 1 28 16777344 249 0 2712 771 34252 0 0 -86725
2026-09-02 02:13:14.002624 GNSS_GPS_MLOG_T 1683311819520 1300 7 1 8 160 259 0 1476 218 26142 0 0 -14860
2026-09-02 02:13:14.002655 GNSS_GPS_MLOG_T 1683311819520 1300 8 1 13 16777376 251 0 3301 810 62614 0 0 -26098
2026-09-02 02:13:14.002685 GNSS_GPS_MLOG_T 1683311819520 1300 9 1 16 128 247 0 2387 3 55628 0 0 2647
2026-09-02 02:13:14.002685 GNSS_GPS_MLOG_T 1683311819520 1300 10 1 19 16777344 248 0 3473 461 42449 0 0 -9832
2026-09-02 02:13:14.002716 GNSS_GPS_MLOG_T 1683311819520 1300 11 1 3 1048743 381 267210 2023 79 53767 0 0 -103137
2026-09-02 02:13:15.002349 GNSS_GPS_MEAS_REPORT Measurement report 106 AGC 178 scnt 1683315659520 runi 0
2026-09-02 02:13:15.002563 GNSS_GPS_MLOG_T 1683315659520 1300 0 1 9 185598395 453 267210 3015 385 30088 0 0 -175396
2026-09-02 02:13:15.002563 GNSS_GPS_MLOG_T 1683315659520 1300 1 1 4 185598395 451 267210 3023 46 56162 0 0 -94368
2026-09-02 02:13:15.002594 GNSS_GPS_MLOG_T 1683315659520 1300 2 1 2 185598395 414 267210 3022 368 12951 0 0 205691
2026-09-02 02:13:15.002594 GNSS_GPS_MLOG_T 1683315659520 1300 3 1 1 185598395 468 267210 3025 711 36387 0 0 66266
2026-09-02 02:13:15.002624 GNSS_GPS_MLOG_T 1683315659520 1300 4 1 26 17825979 269 267210 3011 486 13348 0 0 -125065
2026-09-02 02:13:15.002624 GNSS_GPS_MLOG_T 1683315659520 1300 5 1 23 16777344 242 0 3786 767 12713 0 0 -31875
2026-09-02 02:13:15.002624 GNSS_GPS_MLOG_T 1683315659520 1300 6 1 28 16777344 246 0 3712 772 21764 0 0 -85016
2026-09-02 02:13:15.002655 GNSS_GPS_MLOG_T 1683315659520 1300 7 1 8 160 248 0 2476 218 28738 0 0 -6962
2026-09-02 02:13:15.002655 GNSS_GPS_MLOG_T 1683315659520 1300 8 1 13 16777376 254 0 4301 811 8160 0 0 -15385
2026-09-02 02:13:15.002685 GNSS_GPS_MLOG_T 1683315659520 1300 9 1 16 16777344 243 0 3387 3 62631 0 0 4730
2026-09-02 02:13:15.002685 GNSS_GPS_MLOG_T 1683315659520 1300 10 1 17 8388736 268 0 372 332 37978 0 0 -18175
2026-09-02 02:13:15.002685 GNSS_GPS_MLOG_T 1683315659520 1300 11 1 3 17825959 363 267210 3023 80 51373 0 0 -104012
2026-09-02 02:13:16.002441 GNSS_GPS_MEAS_REPORT Measurement report 107 AGC 178 scnt 1683319499520 runi 0
2026-09-02 02:13:16.002624 GNSS_GPS_MLOG_T 1683319499520 1300 0 1 9 185598395 446 267210 4015 387 5812 0 0 -175316
2026-09-02 02:13:16.002655 GNSS_GPS_MLOG_T 1683319499520 1300 1 1 4 185598395 445 267210 4023 47 47629 0 0 -94286
2026-09-02 02:13:16.002685 GNSS_GPS_MLOG_T 1683319499520 1300 2 1 2 185598395 411 267210 4022 366 18650 0 0 205754
2026-09-02 02:13:16.002685 GNSS_GPS_MLOG_T 1683319499520 1300 3 1 1 185598395 458 267210 4025 710 61565 0 0 66379
2026-09-02 02:13:16.002716 GNSS_GPS_MLOG_T 1683319499520 1300 4 1 26 17825979 279 267210 4011 487 24640 0 0 -125077
2026-09-02 02:13:16.002746 GNSS_GPS_MLOG_T 1683319499520 1300 5 1 18 128 276 0 672 830 11642 0 0 -17907
2026-09-02 02:13:16.002746 GNSS_GPS_MLOG_T 1683319499520 1300 6 1 19 8388736 276 0 432 454 34357 0 0 -24440
2026-09-02 02:13:16.002777 GNSS_GPS_MLOG_T 1683319499520 1300 7 1 8 16777376 246 0 3476 218 31282 0 0 1062
2026-09-02 02:13:16.002807 GNSS_GPS_MLOG_T 1683319499520 1300 9 1 27 8388736 303 0 148 851 7197 0 0 -12201
2026-09-02 02:13:16.002807 GNSS_GPS_MLOG_T 1683319499520 1300 11 1 3 17825959 356 267210 4023 81 49030 0 0 -103953
2026-09-02 02:13:17.002777 GNSS_GPS_MEAS_REPORT Measurement report 108 AGC 178 scnt 1683323339520 runi 0
2026-09-02 02:13:17.002990 GNSS_GPS_MLOG_T 1683323339520 1300 0 1 9 185598395 449 267210 5015 388 46905 0 0 -175011
2026-09-02 02:13:17.003021 GNSS_GPS_MLOG_T 1683323339520 1300 1 1 4 185598395 449 267210 5023 48 39682 0 0 -93964
2026-09-02 02:13:17.003662 GNSS_GPS_MLOG_T 1683323339520 1300 2 1 2 185598395 413 267210 5022 364 24007 0 0 206117
2026-09-02 02:13:17.003692 GNSS_GPS_MLOG_T 1683323339520 1300 3 1 1 185598395 462 267210 5025 710 21005 0 0 66707
2026-09-02 02:13:17.003723 GNSS_GPS_MLOG_T 1683323339520 1300 4 1 26 17825979 288 267210 5011 488 34903 0 0 -124828
2026-09-02 02:13:17.003723 GNSS_GPS_MLOG_T 1683323339520 1300 5 1 18 128 257 0 1672 830 26225 0 0 -18663
2026-09-02 02:13:17.003753 GNSS_GPS_MLOG_T 1683323339520 1300 6 1 19 128 253 0 1432 454 59717 0 0 -23280
2026-09-02 02:13:17.003784 GNSS_GPS_MLOG_T 1683323339520 1300 7 1 8 16777376 252 0 4476 218 33364 0 0 -5046
2026-09-02 02:13:17.003784 GNSS_GPS_MLOG_T 1683323339520 1300 8 1 14 128 277 0 543 296 41664 0 0 -1299
2026-09-02 02:13:17.003814 GNSS_GPS_MLOG_T 1683323339520 1300 9 1 27 128 260 0 1148 851 18535 0 0 -8948
2026-09-02 02:13:17.003845 GNSS_GPS_MLOG_T 1683323339520 1300 10 1 13 8388736 284 0 321 398 16846 0 0 -35628
2026-09-02 02:13:17.004333 GNSS_GPS_MLOG_T 1683323339520 1300 11 1 3 17825959 352 267210 5023 82 46097 0 0 -103631
2026-09-02 02:13:18.002410 GNSS_GPS_MEAS_REPORT Measurement report 109 AGC 178 scnt 1683327179520 runi 0
2026-09-02 02:13:18.002624 GNSS_GPS_MLOG_T 1683327179520 1300 0 1 9 185598395 445 267216 15 390 22073 0 0 -174721
2026-09-02 02:13:18.002655 GNSS_GPS_MLOG_T 1683327179520 1300 1 1 4 185598395 450 267216 23 49 31236 0 0 -93644
2026-09-02 02:13:18.002655 GNSS_GPS_MLOG_T 1683327179520 1300 2 1 2 185598395 412 267216 22 362 29685 0 0 206431
2026-09-02 02:13:18.002685 GNSS_GPS_MLOG_T 1683327179520 1300 3 1 1 185598395 464 267216 25 709 45837 0 0 67034
2026-09-02 02:13:18.002716 GNSS_GPS_MLOG_T 1683327179520 1300 4 1 26 17826235 296 267216 11 489 43814 0 0 -124486
2026-09-02 02:13:18.002716 GNSS_GPS_MLOG_T 1683327179520 1300 5 1 18 16777344 256 0 2672 830 32562 0 0 -20464
2026-09-02 02:13:18.002746 GNSS_GPS_MLOG_T 1683327179520 1300 6 1 19 128 250 0 2432 455 9173 0 0 -19849
2026-09-02 02:13:18.002777 GNSS_GPS_MLOG_T 1683327179520 1300 7 1 8 16777376 251 0 5476 218 30753 0 0 -2513
2026-09-02 02:13:18.002777 GNSS_GPS_MLOG_T 1683327179520 1300 8 1 14 128 249 0 1543 296 40167 0 0 686
2026-09-02 02:13:18.002807 GNSS_GPS_MLOG_T 1683327179520 1300 9 1 27 128 248 0 2148 851 32281 0 0 -10511
2026-09-02 02:13:18.002838 GNSS_GPS_MLOG_T 1683327179520 1300 10 1 13 128 251 0 1321 398 40330 0 0 -33135
2026-09-02 02:13:18.002838 GNSS_GPS_MLOG_T 1683327179520 1300 11 1 3 17825959 350 267216 23 83 44312 0 0 -103278
2026-09-02 02:13:18.710662 TRACE_SYSTEM_WARNING Traces dropped kernel: 1 user: 0 (buffer: 0 peer buffer: 0 message: 0) - Throughput: kernel: 2304 user: 3047 bytes / s
2026-09-02 02:13:19.002563 GNSS_GPS_MEAS_REPORT Measurement report 110 AGC 178 scnt 1683331019520 runi 0
2026-09-02 02:13:19.002777 GNSS_GPS_MLOG_T 1683331019520 1300 0 1 9 185598395 448 267216 1015 391 63447 0 0 -175257
2026-09-02 02:13:19.002777 GNSS_GPS_MLOG_T 1683331019520 1300 1 1 4 185598395 445 267216 1023 50 23060 0 0 -94200
2026-09-02 02:13:19.002807 GNSS_GPS_MLOG_T 1683331019520 1300 2 1 2 185598395 413 267216 1022 360 35219 0 0 205890
2026-09-02 02:13:19.002838 GNSS_GPS_MLOG_T 1683331019520 1300 3 1 1 185598395 463 267216 1025 709 5685 0 0 66533
2026-09-02 02:13:19.002838 GNSS_GPS_MLOG_T 1683331019520 1300 4 1 26 17826235 297 267216 1011 490 54406 0 0 -125023
2026-09-02 02:13:19.002868 GNSS_GPS_MLOG_T 1683331019520 1300 5 1 14 128 285 0 789 506 6335 0 0 -17414
2026-09-02 02:13:19.002868 GNSS_GPS_MLOG_T 1683331019520 1300 6 1 8 8388736 289 0 332 533 58078 0 0 -27503
2026-09-02 02:13:19.002899 GNSS_GPS_MLOG_T 1683331019520 1300 7 1 7 8388736 284 0 117 802 2796 0 0 -4374
2026-09-02 02:13:19.002929 GNSS_GPS_MLOG_T 1683331019520 1300 9 1 27 16777344 242 0 3148 851 41831 0 0 -7683
2026-09-02 02:13:19.002929 GNSS_GPS_MLOG_T 1683331019520 1300 10 1 13 128 244 0 2321 398 58098 0 0 -34749
2026-09-02 02:13:19.002960 GNSS_GPS_MLOG_T 1683331019520 1300 11 1 3 17825959 348 267216 1023 84 41567 0 0 -103919
2026-09-02 02:13:19.044952 GNSS_POS_REP_PV Lat -30.028279 Lon -51.213248 Height 134.35 Speed 0.03 Heading 0.00 Accuracy 9.39
2026-09-02 02:13:19.057739 RFHAL_KERNEL_BIN_TRACE_RX_OFF RX OFF -- AntPwr: -89, prev W/NBPM: -80, -81, TF|AltADC|DCI/Q(Q5): 0x001d0c, s: 166947, e: 3859518234
2026-09-02 02:13:19.063598 L23_AT_STRING => AT+CFUN=30
2026-09-02 02:13:19.064086 L23_AT_STRING <= OK\r\n
2026-09-02 02:16:12.654449 L23_AT_STRING => AT+CFUN?
2026-09-02 02:16:12.654541 L23_AT_STRING <= +CFUN: 45\r\nOK\r\n
2026-09-02 02:16:12.655395 L23_AT_STRING => AT%CSUS=0
2026-09-02 02:16:12.655426 L23_AT_STRING <= OK\r\n
2026-09-02 02:16:12.655639 UUID eae22c84-2506-423a-883e-91bd9b2ad229
2026-09-02 02:16:12.655639 HWVERSION nRF9151 A1A
2026-09-02 02:16:12.656402 L23_AT_STRING => AT%XSYSTEMMODE=0,0,0,0,1
2026-09-02 02:16:12.657379 L23_AT_STRING <= OK\r\n
2026-09-02 02:16:12.665466 L23_AT_STRING => AT%LOCATION=2,"-30.028279","-51.213248","134.3",0,0
2026-09-02 02:16:12.665679 L23_AT_STRING <= OK\r\n
2026-09-02 02:16:12.666687 L23_AT_STRING => AT%LOCATION=0
2026-09-02 02:16:12.666717 L23_AT_STRING <= OK\r\n
2026-09-02 02:16:12.667419 L23_AT_STRING => AT%XBANDLOCK=1,,"256"
2026-09-02 02:16:12.667511 L23_AT_STRING <= OK\r\n
2026-09-02 02:16:12.674530 L23_AT_STRING => AT%CHSELECT=2,14,229232
2026-09-02 02:16:12.674530 L23_AT_STRING <= ERROR\r\n
2026-09-02 02:16:12.675384 L23_AT_STRING => AT%FREQRANGES=0
2026-09-02 02:16:12.675476 L23_AT_STRING <= OK\r\n
2026-09-02 02:16:12.676574 L23_AT_STRING => AT%FREQRANGES=1,6,,1,"229232",""
2026-09-02 02:16:12.676910 L23_AT_STRING <= OK\r\n
2026-09-02 02:16:12.678100 L23_AT_STRING => AT%PERIODICSEARCHCONF=0,1,0,0,"1,2"
2026-09-02 02:16:12.678222 L23_AT_STRING <= OK\r\n
2026-09-02 02:16:12.678955 L23_AT_STRING => AT+CGEREP=1
2026-09-02 02:16:12.678985 L23_AT_STRING <= OK\r\n
2026-09-02 02:16:12.679657 L23_AT_STRING => AT+CEREG=5
2026-09-02 02:16:12.679687 L23_AT_STRING <= OK\r\n
2026-09-02 02:16:12.680389 L23_AT_STRING => AT+CSCON=1
2026-09-02 02:16:12.680419 L23_AT_STRING <= OK\r\n
2026-09-02 02:16:12.687500 L23_AT_STRING => AT+CFUN=21
2026-09-02 02:16:12.710388 L23_DEFAULT_INFO_RRCSTATECHANGEEVENT RRC State: 1
2026-09-02 02:16:12.711120 L23_DEFAULT_INFO_EMM_STATE_VALUE emm_state: 1, emm_substate: 0
2026-09-02 02:16:12.712097 UICC_SERVICE_STATE UICC service state is: 1
2026-09-02 02:16:12.713073 L23_AT_STRING <= OK\r\n
2026-09-02 02:16:12.713867 L23_AT_STRING => AT+CNEC=16
2026-09-02 02:16:12.713897 L23_AT_STRING <= OK\r\n
2026-09-02 02:16:12.714599 L23_AT_STRING => AT+CGEREP=1
2026-09-02 02:16:12.714630 L23_AT_STRING <= OK\r\n
2026-09-02 02:16:12.715454 L23_AT_STRING => AT%XTIME=1
2026-09-02 02:16:12.715454 L23_AT_STRING <= OK\r\n
2026-09-02 02:16:12.836273 APDU_RECEIVED_ATR [3b9f96803f87008031e073fe211b57454d75303020518c]
2026-09-02 02:16:13.001709 APDU_TRANSPORT_DONE_INFO [80f20000000168]
2026-09-02 02:16:13.001709 APDU_RECEIVED_R_APDU_DATA [62298202782183023f00a50c800171830400044a688701018a01058b032f060ec60990014083010183010a9000]
2026-09-02 02:16:13.014190 APDU_TRANSPORT_DONE_INFO [00a408040000022fe20168]
2026-09-02 02:16:13.014190 APDU_RECEIVED_R_APDU_DATA [62178202412183022fe28a01058b032f060b8002000a8801109000]
2026-09-02 02:16:13.020965 APDU_TRANSPORT_DONE_INFO [00b000000a]
2026-09-02 02:16:13.020965 APDU_RECEIVED_R_APDU_DATA [988803030010708929919000]
2026-09-02 02:16:13.032714 APDU_TRANSPORT_DONE_INFO [00a408040000022f000168]
2026-09-02 02:16:13.032714 APDU_RECEIVED_R_APDU_DATA [621a8205422100200183022f008a01058b032f060a800200208801f09000]
2026-09-02 02:16:13.042419 APDU_TRANSPORT_DONE_INFO [00b2010420]
2026-09-02 02:16:13.042419 APDU_RECEIVED_R_APDU_DATA [61184f10a0000000871002ffffffff890709000050045553494dffffffffffff9000]
2026-09-02 02:16:13.054626 APDU_TRANSPORT_DONE_INFO [00a408040000022f050168]
2026-09-02 02:16:13.054626 APDU_RECEIVED_R_APDU_DATA [621c8202412183022f05a503d001108a01058b032f0601800200088801289000]
2026-09-02 02:16:13.061615 APDU_TRANSPORT_DONE_INFO [00b0000008]
2026-09-02 02:16:13.061615 APDU_RECEIVED_R_APDU_DATA [6465656effffffff9000]
2026-09-02 02:16:13.072509 APDU_TRANSPORT_DONE_INFO [00a408040000022f080168]
2026-09-02 02:16:13.072509 APDU_RECEIVED_R_APDU_DATA [62168202412183022f088a01058b032f060a8002000588009000]
2026-09-02 02:16:13.078460 APDU_TRANSPORT_DONE_INFO [00b0000005]
2026-09-02 02:16:13.078460 APDU_RECEIVED_R_APDU_DATA [0a140200009000]
2026-09-02 02:16:13.108764 APDU_TRANSPORT_DONE_INFO [80aa00000ca90a8003040a148100820100]
2026-09-02 02:16:13.279724 APDU_TRANSPORT_DONE_INFO [9000]
2026-09-02 02:16:13.279724 APDU_TRANSPORT_DONE_INFO [80100000233301e842119c00078000001f2060000043c0000000004000400000000008008017700c]
2026-09-02 02:16:13.295043 APDU_TRANSPORT_DONE_INFO [910f]
2026-09-02 02:16:13.295043 APDU_TRANSPORT_DONE_INFO [00a408040000047f666fd20168]
2026-09-02 02:16:13.328002 APDU_TRANSPORT_DONE_INFO [6a82]
2026-09-02 02:16:13.328002 APDU_TRANSPORT_DONE_INFO [00a40404000010a0000000871002ffffffff89070900000168]
2026-09-02 02:16:13.328033 APDU_RECEIVED_R_APDU_DATA [623e8202782183027ff08410a0000000871002ffffffff8907090000a50c800171830400044a688701018a01058b032f060ec60c90016083010183018183010a910f]
2026-09-02 02:16:13.341949 APDU_TRANSPORT_DONE_INFO [00a408040000087fff7f665f404f440168]
2026-09-02 02:16:13.359527 APDU_TRANSPORT_DONE_INFO [6a82]
2026-09-02 02:16:13.359527 APDU_TRANSPORT_DONE_INFO [00a408040000047fff6f070168]
2026-09-02 02:16:13.359558 APDU_RECEIVED_R_APDU_DATA [62178202412183026f078a01058b036f060680020009880138910f]
2026-09-02 02:16:13.372924 APDU_TRANSPORT_DONE_INFO [00b0000009]
2026-09-02 02:16:13.372924 APDU_RECEIVED_R_APDU_DATA [089910340050081530910f]
2026-09-02 02:16:13.389007 APDU_TRANSPORT_DONE_INFO [00a408040000047fff6fad0168]
2026-09-02 02:16:13.389038 APDU_RECEIVED_R_APDU_DATA [62178202412183026fad8a01058b036f060a80020004880118910f]
2026-09-02 02:16:13.401886 APDU_TRANSPORT_DONE_INFO [00b0000004]
2026-09-02 02:16:13.401886 APDU_RECEIVED_R_APDU_DATA [01ff0802910f]
2026-09-02 02:16:13.419220 APDU_TRANSPORT_DONE_INFO [00a408040000047fff6f380168]
2026-09-02 02:16:13.419220 APDU_RECEIVED_R_APDU_DATA [62178202412183026f388a01058b036f060280020011880120910f]
2026-09-02 02:16:13.433197 APDU_TRANSPORT_DONE_INFO [00b0000011]
2026-09-02 02:16:13.433197 APDU_RECEIVED_R_APDU_DATA [0ace171c23f00000000010000000000000910f]
2026-09-02 02:16:13.450012 APDU_TRANSPORT_DONE_INFO [00a408040000047fff6f560168]
2026-09-02 02:16:13.450042 APDU_RECEIVED_R_APDU_DATA [62178202412183026f568a01058b036f060880020001880128910f]
2026-09-02 02:16:13.462005 APDU_TRANSPORT_DONE_INFO [00b0000001]
2026-09-02 02:16:13.462005 APDU_RECEIVED_R_APDU_DATA [00910f]
2026-09-02 02:16:13.477996 APDU_TRANSPORT_DONE_INFO [00a408040000047fff6fe30168]
2026-09-02 02:16:13.477996 APDU_RECEIVED_R_APDU_DATA [62178202412183026fe38a01058b036f0605800200128801f0910f]
2026-09-02 02:16:13.492096 APDU_TRANSPORT_DONE_INFO [00b0000012]
2026-09-02 02:16:13.492096 APDU_RECEIVED_R_APDU_DATA [0bf609f179000101fffffffffffffffffe02910f]
2026-09-02 02:16:13.507995 APDU_TRANSPORT_DONE_INFO [00a408040000047fff6fe40168]
2026-09-02 02:16:13.508026 APDU_RECEIVED_R_APDU_DATA [621a8205422100360183026fe48a01058b036f0605800200368801c0910f]
2026-09-02 02:16:13.525878 APDU_TRANSPORT_DONE_INFO [00b2010436]
2026-09-02 02:16:13.525909 APDU_RECEIVED_R_APDU_DATA [a034800107812046c76eab42632603451de8f27110c65ae9adf5774ea4f99e40dafb4aeb3eeeeb820400000004830400000002840102910f]
2026-09-02 02:16:13.542450 APDU_TRANSPORT_DONE_INFO [00a408040000047fff6f730168]
2026-09-02 02:16:13.542450 APDU_RECEIVED_R_APDU_DATA [62178202412183026f738a01058b036f06098002000e880160910f]
2026-09-02 02:16:13.556121 APDU_TRANSPORT_DONE_INFO [00b000000e]
2026-09-02 02:16:13.556152 APDU_RECEIVED_R_APDU_DATA [ffffffffffffffffffff0000ff01910f]
2026-09-02 02:16:13.572235 APDU_TRANSPORT_DONE_INFO [00a408040000047fff6f7e0168]
2026-09-02 02:16:13.572235 APDU_RECEIVED_R_APDU_DATA [62178202412183026f7e8a01058b036f06098002000b880158910f]
2026-09-02 02:16:13.585510 APDU_TRANSPORT_DONE_INFO [00b000000b]
2026-09-02 02:16:13.585510 APDU_RECEIVED_R_APDU_DATA [ffffffffffffff0000ff01910f]
2026-09-02 02:16:13.600799 APDU_TRANSPORT_DONE_INFO [00a408040000047fff6f3e0168]
2026-09-02 02:16:13.600830 APDU_RECEIVED_R_APDU_DATA [62168202412183026f3e8a01058b036f0602800200058800910f]
2026-09-02 02:16:13.613769 APDU_TRANSPORT_DONE_INFO [00b0000005]
2026-09-02 02:16:13.613769 APDU_RECEIVED_R_APDU_DATA [ffffffffff910f]
2026-09-02 02:16:13.628906 APDU_TRANSPORT_DONE_INFO [00a408040000047fff6f3f0168]
2026-09-02 02:16:13.628906 APDU_RECEIVED_R_APDU_DATA [62168202412183026f3f8a01058b036f0602800200058800910f]
2026-09-02 02:16:13.641540 APDU_TRANSPORT_DONE_INFO [00b0000005]
2026-09-02 02:16:13.641540 APDU_RECEIVED_R_APDU_DATA [ffffffffff910f]
2026-09-02 02:16:13.659118 APDU_TRANSPORT_DONE_INFO [00a408040000047fff6f090168]
2026-09-02 02:16:13.659118 APDU_RECEIVED_R_APDU_DATA [62178202412183026f098a01058b036f060980020021880148910f]
2026-09-02 02:16:13.674621 APDU_TRANSPORT_DONE_INFO [00b0000021]
2026-09-02 02:16:13.674621 APDU_RECEIVED_R_APDU_DATA [007623b218fed2aad0de904fb65d2b9d0b5f949bb99193d7fcd43560d3270ce993910f]
2026-09-02 02:16:13.692077 APDU_TRANSPORT_DONE_INFO [00a408040000047fff6f310168]
2026-09-02 02:16:13.692077 APDU_RECEIVED_R_APDU_DATA [62178202412183026f318a01058b036f060280020001880190910f]
2026-09-02 02:16:13.704345 APDU_TRANSPORT_DONE_INFO [00b0000001]
2026-09-02 02:16:13.704345 APDU_RECEIVED_R_APDU_DATA [00910f]
2026-09-02 02:16:13.720642 APDU_TRANSPORT_DONE_INFO [00a408040000047fff6f780168]
2026-09-02 02:16:13.720672 APDU_RECEIVED_R_APDU_DATA [62178202412183026f788a01058b036f060680020002880130910f]
2026-09-02 02:16:13.733154 APDU_TRANSPORT_DONE_INFO [00b0000002]
2026-09-02 02:16:13.733154 APDU_RECEIVED_R_APDU_DATA [0008910f]
2026-09-02 02:16:13.749298 APDU_TRANSPORT_DONE_INFO [00a408040000047fff6f7b0168]
2026-09-02 02:16:13.749328 APDU_RECEIVED_R_APDU_DATA [62178202412183026f7b8a01058b036f06058002000c880168910f]
2026-09-02 02:16:13.762695 APDU_TRANSPORT_DONE_INFO [00b000000c]
2026-09-02 02:16:13.762695 APDU_RECEIVED_R_APDU_DATA [ffffffffffffffffffffffff910f]
2026-09-02 02:16:13.779998 APDU_TRANSPORT_DONE_INFO [00a408040000047fff6f420168]
2026-09-02 02:16:13.780029 APDU_RECEIVED_R_APDU_DATA [62198205422100280283026f428a01058b036f0605800200508800910f]
2026-09-02 02:16:13.786529 APDU_TRANSPORT_DONE_INFO [801200000f]
2026-09-02 02:16:13.786560 APDU_RECEIVED_R_APDU_DATA [d00d8103010500820281829902090a9000]
2026-09-02 02:16:13.802887 APDU_TRANSPORT_DONE_INFO [00b2010428]
2026-09-02 02:16:13.802887 APDU_RECEIVED_R_APDU_DATA [fffffffffffffffffffffffffdffffffffffffffffffffffff099188130700000010f0ffffffffff9000]
2026-09-02 02:16:13.832580 APDU_TRANSPORT_DONE_INFO [801400000c810301050082028281830100]
2026-09-02 02:16:13.832580 APDU_TRANSPORT_DONE_INFO [9000]
2026-09-02 02:16:13.849670 APDU_TRANSPORT_DONE_INFO [00b2020428]
2026-09-02 02:16:13.849670 APDU_RECEIVED_R_APDU_DATA [ffffffffffffffffffffffffffffffffffffffffffffffffffffffffffffffffffffffffffffffff9000]
2026-09-02 02:16:13.866821 APDU_TRANSPORT_DONE_INFO [00a408040000047fff6f430168]
2026-09-02 02:16:13.866851 APDU_RECEIVED_R_APDU_DATA [62168202412183026f438a01058b036f06058002000288009000]
2026-09-02 02:16:13.879547 APDU_TRANSPORT_DONE_INFO [00b0000002]
2026-09-02 02:16:13.879577 APDU_RECEIVED_R_APDU_DATA [ffff9000]
2026-09-02 02:16:13.893035 APDU_TRANSPORT_DONE_INFO [00a408040000087fff7f665f404f400168]
2026-09-02 02:16:13.906433 APDU_TRANSPORT_DONE_INFO [6a82]
2026-09-02 02:16:13.906433 APDU_TRANSPORT_DONE_INFO [00a408040000087fff7f665f404f410168]
2026-09-02 02:16:13.919830 APDU_TRANSPORT_DONE_INFO [6a82]
2026-09-02 02:16:13.919830 APDU_TRANSPORT_DONE_INFO [00a408040000087fff7f665f404f420168]
2026-09-02 02:16:13.933227 APDU_TRANSPORT_DONE_INFO [6a82]
2026-09-02 02:16:13.933227 APDU_TRANSPORT_DONE_INFO [00a408040000087fff7f665f404f430168]
2026-09-02 02:16:13.946624 APDU_TRANSPORT_DONE_INFO [6a82]
2026-09-02 02:16:13.946624 APDU_TRANSPORT_DONE_INFO [00a408040000087fff7f665f304f340168]
2026-09-02 02:16:13.962371 APDU_TRANSPORT_DONE_INFO [6a82]
2026-09-02 02:16:13.962371 APDU_TRANSPORT_DONE_INFO [00a408040000047fff6f400168]
2026-09-02 02:16:13.962402 APDU_RECEIVED_R_APDU_DATA [621982054221001c0283026f408a01058b036f06058002003888009000]
2026-09-02 02:16:13.977813 APDU_TRANSPORT_DONE_INFO [00b201041c]
2026-09-02 02:16:13.977813 APDU_RECEIVED_R_APDU_DATA [ffffffffffffffffffffffffffffffffffffffffffffffffffffffff9000]
2026-09-02 02:16:13.978424 UICC_SERVICE_STATE UICC service state is: 2
2026-09-02 02:16:13.979095 L23_DEFAULT_INFO_EMM_STATE_VALUE emm_state: 2, emm_substate: 4
2026-09-02 02:16:13.980194 L23_DEFAULT_INFO_EMM_STATE_VALUE emm_state: 2, emm_substate: 2
2026-09-02 02:16:13.984649 L23_AT_STRING <= +CGEV: EXCE STATUS 0\r\n
2026-09-02 02:16:13.990478 RFHAL_KERNEL_BIN_TRACE_RX_ON RX ON -- AntPwr: -104, FreqCtrl: 0x380d5700, OF|AnaGi|AdcAttn|BQ|BWs: 0x07000700, dsp_corr: 6141
2026-09-02 02:16:14.001464 RFHAL_KERNEL_BIN_TRACE_RX_OFF RX OFF -- AntPwr: -116, prev W/NBPM: -92, -116, TF|AltADC|DCI/Q(Q5): 0x001a0b, s: 550391, e: 1395191
2026-09-02 02:16:14.008361 RFHAL_KERNEL_BIN_TRACE_RX_ON RX ON -- AntPwr: -104, FreqCtrl: 0x380d5700, OF|AnaGi|AdcAttn|BQ|BWs: 0x07000700, dsp_corr: -6141
2026-09-02 02:16:14.012786 APDU_TRANSPORT_DONE_INFO [80f2010c]
2026-09-02 02:16:14.012847 APDU_TRANSPORT_DONE_INFO [9000]
2026-09-02 02:16:14.012847 UICC_SERVICE_STATE UICC service state is: 3
2026-09-02 02:16:14.019378 RFHAL_KERNEL_BIN_TRACE_RX_OFF RX OFF -- AntPwr: -115, prev W/NBPM: -93, -115, TF|AltADC|DCI/Q(Q5): 0x001a0b, s: 496087, e: 1340887
2026-09-02 02:16:14.026275 RFHAL_KERNEL_BIN_TRACE_RX_ON RX ON -- AntPwr: -104, FreqCtrl: 0x380d5700, OF|AnaGi|AdcAttn|BQ|BWs: 0x07000700, dsp_corr: 18423
2026-09-02 02:16:14.037262 RFHAL_KERNEL_BIN_TRACE_RX_OFF RX OFF -- AntPwr: -115, prev W/NBPM: -92, -115, TF|AltADC|DCI/Q(Q5): 0x001a0b, s: 496078, e: 1340878
2026-09-02 02:16:14.044158 RFHAL_KERNEL_BIN_TRACE_RX_ON RX ON -- AntPwr: -103, FreqCtrl: 0x380d5700, OF|AnaGi|AdcAttn|BQ|BWs: 0x07000700, dsp_corr: -18423
2026-09-02 02:16:14.055145 RFHAL_KERNEL_BIN_TRACE_RX_OFF RX OFF -- AntPwr: -115, prev W/NBPM: -93, -115, TF|AltADC|DCI/Q(Q5): 0x001a0b, s: 496051, e: 1340851
2026-09-02 02:16:14.055755 L23_DEFAULT_INFO_RRCSTATECHANGEEVENT RRC State: 1
2026-09-02 02:16:14.056243 L23_DEFAULT_INFO_EMM_STATE_VALUE emm_state: 2, emm_substate: 4
2026-09-02 02:16:14.056640 L23_DEFAULT_INFO_RRCSTATECHANGEEVENT RRC State: 0
2026-09-02 02:16:14.056640 L23_ERRC_3GPP_TIMER_STOP 0 STOP
2026-09-02 02:16:14.056640 L23_ERRC_3GPP_TIMER_STOP 1 STOP
2026-09-02 02:16:14.056640 L23_ERRC_3GPP_TIMER_STOP 4 STOP
2026-09-02 02:16:14.056640 L23_ERRC_3GPP_TIMER_STOP 6 STOP
2026-09-02 02:16:14.056640 L23_ERRC_3GPP_TIMER_STOP 7 STOP
2026-09-02 02:16:14.056671 L23_ERRC_3GPP_TIMER_STOP 9 STOP
2026-09-02 02:16:14.056671 L23_ERRC_3GPP_TIMER_STOP 10 STOP
2026-09-02 02:16:14.056671 L23_ERRC_3GPP_TIMER_STOP 13 STOP
2026-09-02 02:16:14.056671 L23_ERRC_3GPP_TIMER_STOP 11 STOP
2026-09-02 02:16:14.056701 L23_ERRC_3GPP_TIMER_STOP 12 STOP
2026-09-02 02:16:14.058471 L23_AT_STRING <= +CEREG: 91,,,14\r\n
2026-09-02 02:16:14.058685 L23_AT_STRING <= +CEREG: 4\r\n
2026-09-02 02:16:16.056701 L23_DEFAULT_INFO_RRCSTATECHANGEEVENT RRC State: 0
2026-09-02 02:16:16.078064 L23_DEFAULT_INFO_RRCSTATECHANGEEVENT RRC State: 1
2026-09-02 02:16:16.079650 L23_DEFAULT_INFO_EMM_STATE_VALUE emm_state: 2, emm_substate: 2
2026-09-02 02:16:16.089965 RFHAL_KERNEL_BIN_TRACE_RX_ON RX ON -- AntPwr: -103, FreqCtrl: 0x380d5700, OF|AnaGi|AdcAttn|BQ|BWs: 0x07000700, dsp_corr: 6141
2026-09-02 02:16:16.100952 RFHAL_KERNEL_BIN_TRACE_RX_OFF RX OFF -- AntPwr: -114, prev W/NBPM: -93, -114, TF|AltADC|DCI/Q(Q5): 0x001b0b, s: 550598, e: 1395398
2026-09-02 02:16:16.107849 RFHAL_KERNEL_BIN_TRACE_RX_ON RX ON -- AntPwr: -103, FreqCtrl: 0x380d5700, OF|AnaGi|AdcAttn|BQ|BWs: 0x07000700, dsp_corr: -6141
2026-09-02 02:16:16.118866 RFHAL_KERNEL_BIN_TRACE_RX_OFF RX OFF -- AntPwr: -114, prev W/NBPM: -93, -114, TF|AltADC|DCI/Q(Q5): 0x001a0b, s: 496055, e: 1340855
2026-09-02 02:16:16.125762 RFHAL_KERNEL_BIN_TRACE_RX_ON RX ON -- AntPwr: -104, FreqCtrl: 0x380d5700, OF|AnaGi|AdcAttn|BQ|BWs: 0x07000700, dsp_corr: 18423
2026-09-02 02:16:16.136749 RFHAL_KERNEL_BIN_TRACE_RX_OFF RX OFF -- AntPwr: -114, prev W/NBPM: -92, -114, TF|AltADC|DCI/Q(Q5): 0x001a0b, s: 496054, e: 1340854
2026-09-02 02:16:16.143646 RFHAL_KERNEL_BIN_TRACE_RX_ON RX ON -- AntPwr: -105, FreqCtrl: 0x380d5700, OF|AnaGi|AdcAttn|BQ|BWs: 0x07000700, dsp_corr: -18423
2026-09-02 02:16:16.154632 RFHAL_KERNEL_BIN_TRACE_RX_OFF RX OFF -- AntPwr: -114, prev W/NBPM: -92, -114, TF|AltADC|DCI/Q(Q5): 0x001a0b, s: 496052, e: 1340852
2026-09-02 02:16:16.155242 L23_DEFAULT_INFO_RRCSTATECHANGEEVENT RRC State: 1
2026-09-02 02:16:16.155700 L23_DEFAULT_INFO_EMM_STATE_VALUE emm_state: 2, emm_substate: 4
2026-09-02 02:16:16.156066 L23_DEFAULT_INFO_RRCSTATECHANGEEVENT RRC State: 0
2026-09-02 02:16:16.156066 L23_ERRC_3GPP_TIMER_STOP 0 STOP
2026-09-02 02:16:16.156097 L23_ERRC_3GPP_TIMER_STOP 1 STOP
2026-09-02 02:16:16.156097 L23_ERRC_3GPP_TIMER_STOP 4 STOP
2026-09-02 02:16:16.156097 L23_ERRC_3GPP_TIMER_STOP 6 STOP
2026-09-02 02:16:16.156097 L23_ERRC_3GPP_TIMER_STOP 7 STOP
2026-09-02 02:16:16.156097 L23_ERRC_3GPP_TIMER_STOP 9 STOP
2026-09-02 02:16:16.156127 L23_ERRC_3GPP_TIMER_STOP 10 STOP
2026-09-02 02:16:16.156127 L23_ERRC_3GPP_TIMER_STOP 13 STOP
2026-09-02 02:16:16.156127 L23_ERRC_3GPP_TIMER_STOP 11 STOP
2026-09-02 02:16:16.156127 L23_ERRC_3GPP_TIMER_STOP 12 STOP
2026-09-02 02:16:18.156158 L23_DEFAULT_INFO_RRCSTATECHANGEEVENT RRC State: 0
2026-09-02 02:16:18.177520 L23_DEFAULT_INFO_RRCSTATECHANGEEVENT RRC State: 1
2026-09-02 02:16:18.179077 L23_DEFAULT_INFO_EMM_STATE_VALUE emm_state: 2, emm_substate: 2
2026-09-02 02:16:18.189361 RFHAL_KERNEL_BIN_TRACE_RX_ON RX ON -- AntPwr: -103, FreqCtrl: 0x380d5700, OF|AnaGi|AdcAttn|BQ|BWs: 0x07000700, dsp_corr: 6141
2026-09-02 02:16:18.200347 RFHAL_KERNEL_BIN_TRACE_RX_OFF RX OFF -- AntPwr: -115, prev W/NBPM: -92, -115, TF|AltADC|DCI/Q(Q5): 0x001b0b, s: 550595, e: 1395395
2026-09-02 02:16:18.207244 RFHAL_KERNEL_BIN_TRACE_RX_ON RX ON -- AntPwr: -103, FreqCtrl: 0x380d5700, OF|AnaGi|AdcAttn|BQ|BWs: 0x07000700, dsp_corr: -6141
2026-09-02 02:16:18.218261 RFHAL_KERNEL_BIN_TRACE_RX_OFF RX OFF -- AntPwr: -114, prev W/NBPM: -93, -114, TF|AltADC|DCI/Q(Q5): 0x001a0b, s: 496062, e: 1340862
2026-09-02 02:16:18.225128 RFHAL_KERNEL_BIN_TRACE_RX_ON RX ON -- AntPwr: -104, FreqCtrl: 0x380d5700, OF|AnaGi|AdcAttn|BQ|BWs: 0x07000700, dsp_corr: 18423
2026-09-02 02:16:18.236145 RFHAL_KERNEL_BIN_TRACE_RX_OFF RX OFF -- AntPwr: -115, prev W/NBPM: -93, -115, TF|AltADC|DCI/Q(Q5): 0x001a0b, s: 496052, e: 1340852
2026-09-02 02:16:18.243042 RFHAL_KERNEL_BIN_TRACE_RX_ON RX ON -- AntPwr: -103, FreqCtrl: 0x380d5700, OF|AnaGi|AdcAttn|BQ|BWs: 0x07000700, dsp_corr: -18423
2026-09-02 02:16:18.254028 RFHAL_KERNEL_BIN_TRACE_RX_OFF RX OFF -- AntPwr: -114, prev W/NBPM: -93, -114, TF|AltADC|DCI/Q(Q5): 0x001a0b, s: 496049, e: 1340849
2026-09-02 02:16:18.254638 L23_DEFAULT_INFO_RRCSTATECHANGEEVENT RRC State: 1
2026-09-02 02:16:18.255127 L23_DEFAULT_INFO_EMM_STATE_VALUE emm_state: 2, emm_substate: 4
2026-09-02 02:16:18.255493 L23_DEFAULT_INFO_RRCSTATECHANGEEVENT RRC State: 0
2026-09-02 02:16:18.255493 L23_ERRC_3GPP_TIMER_STOP 0 STOP
2026-09-02 02:16:18.255493 L23_ERRC_3GPP_TIMER_STOP 1 STOP
2026-09-02 02:16:18.255493 L23_ERRC_3GPP_TIMER_STOP 4 STOP
2026-09-02 02:16:18.255493 L23_ERRC_3GPP_TIMER_STOP 6 STOP
2026-09-02 02:16:18.255493 L23_ERRC_3GPP_TIMER_STOP 7 STOP
2026-09-02 02:16:18.255523 L23_ERRC_3GPP_TIMER_STOP 9 STOP
2026-09-02 02:16:18.255523 L23_ERRC_3GPP_TIMER_STOP 10 STOP
2026-09-02 02:16:18.255523 L23_ERRC_3GPP_TIMER_STOP 13 STOP
2026-09-02 02:16:18.255523 L23_ERRC_3GPP_TIMER_STOP 11 STOP
2026-09-02 02:16:18.255554 L23_ERRC_3GPP_TIMER_STOP 12 STOP
2026-09-02 02:16:20.255584 L23_DEFAULT_INFO_RRCSTATECHANGEEVENT RRC State: 0
2026-09-02 02:16:20.276947 L23_DEFAULT_INFO_RRCSTATECHANGEEVENT RRC State: 1
2026-09-02 02:16:20.278533 L23_DEFAULT_INFO_EMM_STATE_VALUE emm_state: 2, emm_substate: 2
2026-09-02 02:16:20.288818 RFHAL_KERNEL_BIN_TRACE_RX_ON RX ON -- AntPwr: -104, FreqCtrl: 0x380d5700, OF|AnaGi|AdcAttn|BQ|BWs: 0x07000700, dsp_corr: 6141
2026-09-02 02:16:20.299835 RFHAL_KERNEL_BIN_TRACE_RX_OFF RX OFF -- AntPwr: -114, prev W/NBPM: -92, -114, TF|AltADC|DCI/Q(Q5): 0x001b0b, s: 550596, e: 1395396
2026-09-02 02:16:20.306732 RFHAL_KERNEL_BIN_TRACE_RX_ON RX ON -- AntPwr: -104, FreqCtrl: 0x380d5700, OF|AnaGi|AdcAttn|BQ|BWs: 0x07000700, dsp_corr: -6141
2026-09-02 02:16:20.317718 RFHAL_KERNEL_BIN_TRACE_RX_OFF RX OFF -- AntPwr: -114, prev W/NBPM: -93, -114, TF|AltADC|DCI/Q(Q5): 0x001a0b, s: 496058, e: 1340858
2026-09-02 02:16:20.324615 RFHAL_KERNEL_BIN_TRACE_RX_ON RX ON -- AntPwr: -103, FreqCtrl: 0x380d5700, OF|AnaGi|AdcAttn|BQ|BWs: 0x07000700, dsp_corr: 18423
2026-09-02 02:16:20.335601 RFHAL_KERNEL_BIN_TRACE_RX_OFF RX OFF -- AntPwr: -115, prev W/NBPM: -93, -115, TF|AltADC|DCI/Q(Q5): 0x001a0b, s: 496050, e: 1340850
2026-09-02 02:16:20.342498 RFHAL_KERNEL_BIN_TRACE_RX_ON RX ON -- AntPwr: -102, FreqCtrl: 0x380d5700, OF|AnaGi|AdcAttn|BQ|BWs: 0x07000700, dsp_corr: -18423
2026-09-02 02:16:20.353515 RFHAL_KERNEL_BIN_TRACE_RX_OFF RX OFF -- AntPwr: -114, prev W/NBPM: -92, -114, TF|AltADC|DCI/Q(Q5): 0x001a0b, s: 496051, e: 1340851
2026-09-02 02:16:20.354095 L23_DEFAULT_INFO_RRCSTATECHANGEEVENT RRC State: 1
2026-09-02 02:16:20.354553 L23_DEFAULT_INFO_EMM_STATE_VALUE emm_state: 2, emm_substate: 4
2026-09-02 02:16:20.354919 L23_DEFAULT_INFO_RRCSTATECHANGEEVENT RRC State: 0
2026-09-02 02:16:20.354950 L23_ERRC_3GPP_TIMER_STOP 0 STOP
2026-09-02 02:16:20.354950 L23_ERRC_3GPP_TIMER_STOP 1 STOP
2026-09-02 02:16:20.354950 L23_ERRC_3GPP_TIMER_STOP 4 STOP
2026-09-02 02:16:20.354950 L23_ERRC_3GPP_TIMER_STOP 6 STOP
2026-09-02 02:16:20.354950 L23_ERRC_3GPP_TIMER_STOP 7 STOP
2026-09-02 02:16:20.354980 L23_ERRC_3GPP_TIMER_STOP 9 STOP
2026-09-02 02:16:20.354980 L23_ERRC_3GPP_TIMER_STOP 10 STOP
2026-09-02 02:16:20.354980 L23_ERRC_3GPP_TIMER_STOP 13 STOP
2026-09-02 02:16:20.354980 L23_ERRC_3GPP_TIMER_STOP 11 STOP
2026-09-02 02:16:20.354980 L23_ERRC_3GPP_TIMER_STOP 12 STOP
2026-09-02 02:16:22.355011 L23_DEFAULT_INFO_RRCSTATECHANGEEVENT RRC State: 0
2026-09-02 02:16:22.376373 L23_DEFAULT_INFO_RRCSTATECHANGEEVENT RRC State: 1
2026-09-02 02:16:22.377929 L23_DEFAULT_INFO_EMM_STATE_VALUE emm_state: 2, emm_substate: 2
2026-09-02 02:16:22.388214 RFHAL_KERNEL_BIN_TRACE_RX_ON RX ON -- AntPwr: -105, FreqCtrl: 0x380d5700, OF|AnaGi|AdcAttn|BQ|BWs: 0x07000700, dsp_corr: 6141
2026-09-02 02:16:22.399200 RFHAL_KERNEL_BIN_TRACE_RX_OFF RX OFF -- AntPwr: -114, prev W/NBPM: -93, -114, TF|AltADC|DCI/Q(Q5): 0x001a0b, s: 550596, e: 1395396
2026-09-02 02:16:22.406127 RFHAL_KERNEL_BIN_TRACE_RX_ON RX ON -- AntPwr: -104, FreqCtrl: 0x380d5700, OF|AnaGi|AdcAttn|BQ|BWs: 0x07000700, dsp_corr: -6141
2026-09-02 02:16:22.417114 RFHAL_KERNEL_BIN_TRACE_RX_OFF RX OFF -- AntPwr: -115, prev W/NBPM: -93, -115, TF|AltADC|DCI/Q(Q5): 0x001a0b, s: 496056, e: 1340856
2026-09-02 02:16:22.424011 RFHAL_KERNEL_BIN_TRACE_RX_ON RX ON -- AntPwr: -104, FreqCtrl: 0x380d5700, OF|AnaGi|AdcAttn|BQ|BWs: 0x07000700, dsp_corr: 18423
2026-09-02 02:16:22.434997 RFHAL_KERNEL_BIN_TRACE_RX_OFF RX OFF -- AntPwr: -115, prev W/NBPM: -93, -115, TF|AltADC|DCI/Q(Q5): 0x001a0b, s: 496050, e: 1340850
2026-09-02 02:16:22.441894 RFHAL_KERNEL_BIN_TRACE_RX_ON RX ON -- AntPwr: -103, FreqCtrl: 0x380d5700, OF|AnaGi|AdcAttn|BQ|BWs: 0x07000700, dsp_corr: -18423
2026-09-02 02:16:22.452911 RFHAL_KERNEL_BIN_TRACE_RX_OFF RX OFF -- AntPwr: -116, prev W/NBPM: -93, -116, TF|AltADC|DCI/Q(Q5): 0x001a0b, s: 496052, e: 1340852
2026-09-02 02:16:22.453521 L23_DEFAULT_INFO_RRCSTATECHANGEEVENT RRC State: 1
2026-09-02 02:16:22.453979 L23_DEFAULT_INFO_EMM_STATE_VALUE emm_state: 2, emm_substate: 4
2026-09-02 02:16:22.454345 L23_DEFAULT_INFO_RRCSTATECHANGEEVENT RRC State: 0
2026-09-02 02:16:22.454345 L23_ERRC_3GPP_TIMER_STOP 0 STOP
2026-09-02 02:16:22.454345 L23_ERRC_3GPP_TIMER_STOP 1 STOP
2026-09-02 02:16:22.454376 L23_ERRC_3GPP_TIMER_STOP 4 STOP
2026-09-02 02:16:22.454376 L23_ERRC_3GPP_TIMER_STOP 6 STOP
2026-09-02 02:16:22.454376 L23_ERRC_3GPP_TIMER_STOP 7 STOP
2026-09-02 02:16:22.454376 L23_ERRC_3GPP_TIMER_STOP 9 STOP
2026-09-02 02:16:22.454376 L23_ERRC_3GPP_TIMER_STOP 10 STOP
2026-09-02 02:16:22.454406 L23_ERRC_3GPP_TIMER_STOP 13 STOP
2026-09-02 02:16:22.454406 L23_ERRC_3GPP_TIMER_STOP 11 STOP
2026-09-02 02:16:22.454406 L23_ERRC_3GPP_TIMER_STOP 12 STOP
2026-09-02 02:16:24.453857 TRACE_SYSTEM_WARNING Traces dropped kernel: 0 user: 4 (buffer: 0 peer buffer: 0 message: 4) - Throughput: kernel: 2748 user: 6705 bytes / s
2026-09-02 02:16:24.454437 L23_DEFAULT_INFO_RRCSTATECHANGEEVENT RRC State: 0
2026-09-02 02:16:24.475799 L23_DEFAULT_INFO_RRCSTATECHANGEEVENT RRC State: 1
2026-09-02 02:16:24.477386 L23_DEFAULT_INFO_EMM_STATE_VALUE emm_state: 2, emm_substate: 2
2026-09-02 02:16:24.487701 RFHAL_KERNEL_BIN_TRACE_RX_ON RX ON -- AntPwr: -103, FreqCtrl: 0x380d5700, OF|AnaGi|AdcAttn|BQ|BWs: 0x07000700, dsp_corr: 6141
2026-09-02 02:16:24.498687 RFHAL_KERNEL_BIN_TRACE_RX_OFF RX OFF -- AntPwr: -114, prev W/NBPM: -92, -114, TF|AltADC|DCI/Q(Q5): 0x001b0b, s: 550596, e: 1395396
2026-09-02 02:16:24.505584 RFHAL_KERNEL_BIN_TRACE_RX_ON RX ON -- AntPwr: -106, FreqCtrl: 0x380d5700, OF|AnaGi|AdcAttn|BQ|BWs: 0x07000700, dsp_corr: -6141
2026-09-02 02:16:24.516601 RFHAL_KERNEL_BIN_TRACE_RX_OFF RX OFF -- AntPwr: -114, prev W/NBPM: -93, -114, TF|AltADC|DCI/Q(Q5): 0x001a0b, s: 496057, e: 1340857
2026-09-02 02:16:24.524047 RFHAL_KERNEL_BIN_TRACE_RX_ON RX ON -- AntPwr: -114, FreqCtrl: 0x380d5700, OF|AnaGi|AdcAttn|BQ|BWs: 0x07000700, dsp_corr: -6141
2026-09-02 02:16:24.524871 RFHAL_KERNEL_BIN_TRACE_RX_OFF RX OFF -- AntPwr: -114, prev W/NBPM: -93, -116, TF|AltADC|DCI/Q(Q5): 0x001a0b, s: 54040, e: 115640
2026-09-02 02:16:24.528045 RFHAL_KERNEL_BIN_TRACE_RX_ON RX ON -- AntPwr: -116, FreqCtrl: 0x380d5700, OF|AnaGi|AdcAttn|BQ|BWs: 0x07000700, dsp_corr: -6141
2026-09-02 02:16:24.528869 RFHAL_KERNEL_BIN_TRACE_RX_OFF RX OFF -- AntPwr: -116, prev W/NBPM: -93, -113, TF|AltADC|DCI/Q(Q5): 0x001a0b, s: 54228, e: 115828
2026-09-02 02:16:24.534057 RFHAL_KERNEL_BIN_TRACE_RX_ON RX ON -- AntPwr: -113, FreqCtrl: 0x380d5700, OF|AnaGi|AdcAttn|BQ|BWs: 0x07000700, dsp_corr: -6141
2026-09-02 02:16:24.534881 RFHAL_KERNEL_BIN_TRACE_RX_OFF RX OFF -- AntPwr: -113, prev W/NBPM: -93, -117, TF|AltADC|DCI/Q(Q5): 0x001a0b, s: 54228, e: 115828
2026-09-02 02:16:24.538055 RFHAL_KERNEL_BIN_TRACE_RX_ON RX ON -- AntPwr: -117, FreqCtrl: 0x380d5700, OF|AnaGi|AdcAttn|BQ|BWs: 0x07000700, dsp_corr: -6141
2026-09-02 02:16:24.538879 RFHAL_KERNEL_BIN_TRACE_RX_OFF RX OFF -- AntPwr: -117, prev W/NBPM: -93, -115, TF|AltADC|DCI/Q(Q5): 0x001a0b, s: 54233, e: 115833
2026-09-02 02:16:24.546783 RFHAL_KERNEL_BIN_TRACE_RX_ON RX ON -- AntPwr: -104, FreqCtrl: 0x380d5700, OF|AnaGi|AdcAttn|BQ|BWs: 0x07000700, dsp_corr: 18423
2026-09-02 02:16:24.557769 RFHAL_KERNEL_BIN_TRACE_RX_OFF RX OFF -- AntPwr: -116, prev W/NBPM: -93, -116, TF|AltADC|DCI/Q(Q5): 0x001a0b, s: 496095, e: 1340895
2026-09-02 02:16:24.564666 RFHAL_KERNEL_BIN_TRACE_RX_ON RX ON -- AntPwr: -104, FreqCtrl: 0x380d5700, OF|AnaGi|AdcAttn|BQ|BWs: 0x07000700, dsp_corr: -18423
2026-09-02 02:16:24.575653 RFHAL_KERNEL_BIN_TRACE_RX_OFF RX OFF -- AntPwr: -116, prev W/NBPM: -93, -116, TF|AltADC|DCI/Q(Q5): 0x001a0b, s: 496054, e: 1340854
2026-09-02 02:16:24.576263 L23_DEFAULT_INFO_RRCSTATECHANGEEVENT RRC State: 1
2026-09-02 02:16:24.576721 L23_DEFAULT_INFO_EMM_STATE_VALUE emm_state: 2, emm_substate: 4
2026-09-02 02:16:24.577087 L23_DEFAULT_INFO_RRCSTATECHANGEEVENT RRC State: 0
2026-09-02 02:16:24.577117 L23_ERRC_3GPP_TIMER_STOP 0 STOP
2026-09-02 02:16:24.577117 L23_ERRC_3GPP_TIMER_STOP 1 STOP
2026-09-02 02:16:24.577117 L23_ERRC_3GPP_TIMER_STOP 4 STOP
2026-09-02 02:16:24.577117 L23_ERRC_3GPP_TIMER_STOP 6 STOP
2026-09-02 02:16:24.577117 L23_ERRC_3GPP_TIMER_STOP 7 STOP
2026-09-02 02:16:24.577148 L23_ERRC_3GPP_TIMER_STOP 9 STOP
2026-09-02 02:16:24.577148 L23_ERRC_3GPP_TIMER_STOP 10 STOP
2026-09-02 02:16:24.577148 L23_ERRC_3GPP_TIMER_STOP 13 STOP
2026-09-02 02:16:24.577148 L23_ERRC_3GPP_TIMER_STOP 11 STOP
2026-09-02 02:16:24.577148 L23_ERRC_3GPP_TIMER_STOP 12 STOP
2026-09-02 02:16:26.577179 L23_DEFAULT_INFO_RRCSTATECHANGEEVENT RRC State: 0
2026-09-02 02:16:26.598541 L23_DEFAULT_INFO_RRCSTATECHANGEEVENT RRC State: 1
2026-09-02 02:16:26.600097 L23_DEFAULT_INFO_EMM_STATE_VALUE emm_state: 2, emm_substate: 2
2026-09-02 02:16:26.610382 RFHAL_KERNEL_BIN_TRACE_RX_ON RX ON -- AntPwr: -103, FreqCtrl: 0x380d5700, OF|AnaGi|AdcAttn|BQ|BWs: 0x07000700, dsp_corr: 6141
2026-09-02 02:16:26.621368 RFHAL_KERNEL_BIN_TRACE_RX_OFF RX OFF -- AntPwr: -115, prev W/NBPM: -92, -115, TF|AltADC|DCI/Q(Q5): 0x001a0b, s: 550591, e: 1395391
2026-09-02 02:16:26.628295 RFHAL_KERNEL_BIN_TRACE_RX_ON RX ON -- AntPwr: -104, FreqCtrl: 0x380d5700, OF|AnaGi|AdcAttn|BQ|BWs: 0x07000700, dsp_corr: -6141
2026-09-02 02:16:26.639282 RFHAL_KERNEL_BIN_TRACE_RX_OFF RX OFF -- AntPwr: -113, prev W/NBPM: -93, -113, TF|AltADC|DCI/Q(Q5): 0x001a0b, s: 496056, e: 1340856
2026-09-02 02:16:26.646179 RFHAL_KERNEL_BIN_TRACE_RX_ON RX ON -- AntPwr: -104, FreqCtrl: 0x380d5700, OF|AnaGi|AdcAttn|BQ|BWs: 0x07000700, dsp_corr: 18423
2026-09-02 02:16:26.657165 RFHAL_KERNEL_BIN_TRACE_RX_OFF RX OFF -- AntPwr: -114, prev W/NBPM: -92, -114, TF|AltADC|DCI/Q(Q5): 0x001a0b, s: 496055, e: 1340855
2026-09-02 02:16:26.664062 RFHAL_KERNEL_BIN_TRACE_RX_ON RX ON -- AntPwr: -103, FreqCtrl: 0x380d5700, OF|AnaGi|AdcAttn|BQ|BWs: 0x07000700, dsp_corr: -18423
2026-09-02 02:16:26.675048 RFHAL_KERNEL_BIN_TRACE_RX_OFF RX OFF -- AntPwr: -114, prev W/NBPM: -92, -114, TF|AltADC|DCI/Q(Q5): 0x001a0b, s: 496053, e: 1340853
2026-09-02 02:16:26.675689 L23_DEFAULT_INFO_RRCSTATECHANGEEVENT RRC State: 1
2026-09-02 02:16:26.676147 L23_DEFAULT_INFO_EMM_STATE_VALUE emm_state: 2, emm_substate: 4
2026-09-02 02:16:26.676513 L23_DEFAULT_INFO_RRCSTATECHANGEEVENT RRC State: 0
2026-09-02 02:16:26.676513 L23_ERRC_3GPP_TIMER_STOP 0 STOP
2026-09-02 02:16:26.676513 L23_ERRC_3GPP_TIMER_STOP 1 STOP
2026-09-02 02:16:26.676544 L23_ERRC_3GPP_TIMER_STOP 4 STOP
2026-09-02 02:16:26.676544 L23_ERRC_3GPP_TIMER_STOP 6 STOP
2026-09-02 02:16:26.676544 L23_ERRC_3GPP_TIMER_STOP 7 STOP
2026-09-02 02:16:26.676544 L23_ERRC_3GPP_TIMER_STOP 9 STOP
2026-09-02 02:16:26.676544 L23_ERRC_3GPP_TIMER_STOP 10 STOP
2026-09-02 02:16:26.676574 L23_ERRC_3GPP_TIMER_STOP 13 STOP
2026-09-02 02:16:26.676574 L23_ERRC_3GPP_TIMER_STOP 11 STOP
2026-09-02 02:16:26.676574 L23_ERRC_3GPP_TIMER_STOP 12 STOP
2026-09-02 02:16:28.675994 TRACE_SYSTEM_WARNING Traces dropped kernel: 0 user: 4 (buffer: 0 peer buffer: 0 message: 4) - Throughput: kernel: 2726 user: 6705 bytes / s
2026-09-02 02:16:28.676605 L23_DEFAULT_INFO_RRCSTATECHANGEEVENT RRC State: 0
2026-09-02 02:16:28.697967 L23_DEFAULT_INFO_RRCSTATECHANGEEVENT RRC State: 1
2026-09-02 02:16:28.699554 L23_DEFAULT_INFO_EMM_STATE_VALUE emm_state: 2, emm_substate: 2
2026-09-02 02:16:28.709869 RFHAL_KERNEL_BIN_TRACE_RX_ON RX ON -- AntPwr: -103, FreqCtrl: 0x380d5700, OF|AnaGi|AdcAttn|BQ|BWs: 0x07000700, dsp_corr: 6141
2026-09-02 02:16:28.720855 RFHAL_KERNEL_BIN_TRACE_RX_OFF RX OFF -- AntPwr: -114, prev W/NBPM: -93, -114, TF|AltADC|DCI/Q(Q5): 0x001b0b, s: 550598, e: 1395398
2026-09-02 02:16:28.727752 RFHAL_KERNEL_BIN_TRACE_RX_ON RX ON -- AntPwr: -105, FreqCtrl: 0x380d5700, OF|AnaGi|AdcAttn|BQ|BWs: 0x07000700, dsp_corr: -6141
2026-09-02 02:16:28.738769 RFHAL_KERNEL_BIN_TRACE_RX_OFF RX OFF -- AntPwr: -114, prev W/NBPM: -93, -114, TF|AltADC|DCI/Q(Q5): 0x001a0b, s: 496056, e: 1340856
2026-09-02 02:16:28.745666 RFHAL_KERNEL_BIN_TRACE_RX_ON RX ON -- AntPwr: -104, FreqCtrl: 0x380d5700, OF|AnaGi|AdcAttn|BQ|BWs: 0x07000700, dsp_corr: 18423
2026-09-02 02:16:28.756652 RFHAL_KERNEL_BIN_TRACE_RX_OFF RX OFF -- AntPwr: -114, prev W/NBPM: -92, -114, TF|AltADC|DCI/Q(Q5): 0x001a0b, s: 496052, e: 1340852
2026-09-02 02:16:28.763549 RFHAL_KERNEL_BIN_TRACE_RX_ON RX ON -- AntPwr: -104, FreqCtrl: 0x380d5700, OF|AnaGi|AdcAttn|BQ|BWs: 0x07000700, dsp_corr: -18423
2026-09-02 02:16:28.774536 RFHAL_KERNEL_BIN_TRACE_RX_OFF RX OFF -- AntPwr: -115, prev W/NBPM: -93, -115, TF|AltADC|DCI/Q(Q5): 0x001a0b, s: 496051, e: 1340851
2026-09-02 02:16:28.775146 L23_DEFAULT_INFO_RRCSTATECHANGEEVENT RRC State: 1
2026-09-02 02:16:28.775604 L23_DEFAULT_INFO_EMM_STATE_VALUE emm_state: 2, emm_substate: 4
2026-09-02 02:16:28.775970 L23_DEFAULT_INFO_RRCSTATECHANGEEVENT RRC State: 0
2026-09-02 02:16:28.775970 L23_ERRC_3GPP_TIMER_STOP 0 STOP
2026-09-02 02:16:28.776001 L23_ERRC_3GPP_TIMER_STOP 1 STOP
2026-09-02 02:16:28.776001 L23_ERRC_3GPP_TIMER_STOP 4 STOP
2026-09-02 02:16:28.776001 L23_ERRC_3GPP_TIMER_STOP 6 STOP
2026-09-02 02:16:28.776001 L23_ERRC_3GPP_TIMER_STOP 7 STOP
2026-09-02 02:16:28.776001 L23_ERRC_3GPP_TIMER_STOP 9 STOP
2026-09-02 02:16:28.776031 L23_ERRC_3GPP_TIMER_STOP 10 STOP
2026-09-02 02:16:28.776031 L23_ERRC_3GPP_TIMER_STOP 13 STOP
2026-09-02 02:16:28.776031 L23_ERRC_3GPP_TIMER_STOP 11 STOP
2026-09-02 02:16:28.776031 L23_ERRC_3GPP_TIMER_STOP 12 STOP
2026-09-02 02:16:30.776062 L23_DEFAULT_INFO_RRCSTATECHANGEEVENT RRC State: 0
2026-09-02 02:16:30.797424 L23_DEFAULT_INFO_RRCSTATECHANGEEVENT RRC State: 1
2026-09-02 02:16:30.798980 L23_DEFAULT_INFO_EMM_STATE_VALUE emm_state: 2, emm_substate: 2
2026-09-02 02:16:30.809265 RFHAL_KERNEL_BIN_TRACE_RX_ON RX ON -- AntPwr: -102, FreqCtrl: 0x380d5700, OF|AnaGi|AdcAttn|BQ|BWs: 0x07000700, dsp_corr: 6141
2026-09-02 02:16:30.820251 RFHAL_KERNEL_BIN_TRACE_RX_OFF RX OFF -- AntPwr: -114, prev W/NBPM: -93, -114, TF|AltADC|DCI/Q(Q5): 0x001b0b, s: 550593, e: 1395393
2026-09-02 02:16:30.827148 RFHAL_KERNEL_BIN_TRACE_RX_ON RX ON -- AntPwr: -104, FreqCtrl: 0x380d5700, OF|AnaGi|AdcAttn|BQ|BWs: 0x07000700, dsp_corr: -6141
2026-09-02 02:16:30.838134 RFHAL_KERNEL_BIN_TRACE_RX_OFF RX OFF -- AntPwr: -114, prev W/NBPM: -93, -114, TF|AltADC|DCI/Q(Q5): 0x001b0b, s: 496054, e: 1340854
2026-09-02 02:16:30.845031 RFHAL_KERNEL_BIN_TRACE_RX_ON RX ON -- AntPwr: -103, FreqCtrl: 0x380d5700, OF|AnaGi|AdcAttn|BQ|BWs: 0x07000700, dsp_corr: 18423
2026-09-02 02:16:30.856048 RFHAL_KERNEL_BIN_TRACE_RX_OFF RX OFF -- AntPwr: -114, prev W/NBPM: -92, -114, TF|AltADC|DCI/Q(Q5): 0x001b0b, s: 496052, e: 1340852
2026-09-02 02:16:30.862945 RFHAL_KERNEL_BIN_TRACE_RX_ON RX ON -- AntPwr: -103, FreqCtrl: 0x380d5700, OF|AnaGi|AdcAttn|BQ|BWs: 0x07000700, dsp_corr: -18423
2026-09-02 02:16:30.873931 RFHAL_KERNEL_BIN_TRACE_RX_OFF RX OFF -- AntPwr: -115, prev W/NBPM: -93, -115, TF|AltADC|DCI/Q(Q5): 0x001b0b, s: 496051, e: 1340851
2026-09-02 02:16:30.874542 L23_DEFAULT_INFO_RRCSTATECHANGEEVENT RRC State: 1
2026-09-02 02:16:30.875030 L23_DEFAULT_INFO_EMM_STATE_VALUE emm_state: 2, emm_substate: 4
2026-09-02 02:16:30.875396 L23_DEFAULT_INFO_RRCSTATECHANGEEVENT RRC State: 0
2026-09-02 02:16:30.875396 L23_ERRC_3GPP_TIMER_STOP 0 STOP
2026-09-02 02:16:30.875396 L23_ERRC_3GPP_TIMER_STOP 1 STOP
2026-09-02 02:16:30.875396 L23_ERRC_3GPP_TIMER_STOP 4 STOP
2026-09-02 02:16:30.875396 L23_ERRC_3GPP_TIMER_STOP 6 STOP
2026-09-02 02:16:30.875396 L23_ERRC_3GPP_TIMER_STOP 7 STOP
2026-09-02 02:16:30.875427 L23_ERRC_3GPP_TIMER_STOP 9 STOP
2026-09-02 02:16:30.875427 L23_ERRC_3GPP_TIMER_STOP 10 STOP
2026-09-02 02:16:30.875427 L23_ERRC_3GPP_TIMER_STOP 13 STOP
2026-09-02 02:16:30.875427 L23_ERRC_3GPP_TIMER_STOP 11 STOP
2026-09-02 02:16:30.875457 L23_ERRC_3GPP_TIMER_STOP 12 STOP
2026-09-02 02:16:32.875457 L23_DEFAULT_INFO_RRCSTATECHANGEEVENT RRC State: 0
2026-09-02 02:16:32.896850 L23_DEFAULT_INFO_RRCSTATECHANGEEVENT RRC State: 1
2026-09-02 02:16:32.898437 L23_DEFAULT_INFO_EMM_STATE_VALUE emm_state: 2, emm_substate: 2
2026-09-02 02:16:32.908721 RFHAL_KERNEL_BIN_TRACE_RX_ON RX ON -- AntPwr: -104, FreqCtrl: 0x380d5700, OF|AnaGi|AdcAttn|BQ|BWs: 0x07000700, dsp_corr: 6141
2026-09-02 02:16:32.919738 RFHAL_KERNEL_BIN_TRACE_RX_OFF RX OFF -- AntPwr: -114, prev W/NBPM: -93, -114, TF|AltADC|DCI/Q(Q5): 0x001b0b, s: 550600, e: 1395400
2026-09-02 02:16:32.926635 RFHAL_KERNEL_BIN_TRACE_RX_ON RX ON -- AntPwr: -103, FreqCtrl: 0x380d5700, OF|AnaGi|AdcAttn|BQ|BWs: 0x07000700, dsp_corr: -6141
2026-09-02 02:16:32.937622 RFHAL_KERNEL_BIN_TRACE_RX_OFF RX OFF -- AntPwr: -115, prev W/NBPM: -93, -115, TF|AltADC|DCI/Q(Q5): 0x001a0b, s: 496054, e: 1340854
2026-09-02 02:16:32.944519 RFHAL_KERNEL_BIN_TRACE_RX_ON RX ON -- AntPwr: -104, FreqCtrl: 0x380d5700, OF|AnaGi|AdcAttn|BQ|BWs: 0x07000700, dsp_corr: 18423
2026-09-02 02:16:32.955505 RFHAL_KERNEL_BIN_TRACE_RX_OFF RX OFF -- AntPwr: -114, prev W/NBPM: -92, -114, TF|AltADC|DCI/Q(Q5): 0x001a0b, s: 496054, e: 1340854
2026-09-02 02:16:32.962402 RFHAL_KERNEL_BIN_TRACE_RX_ON RX ON -- AntPwr: -105, FreqCtrl: 0x380d5700, OF|AnaGi|AdcAttn|BQ|BWs: 0x07000700, dsp_corr: -18423
2026-09-02 02:16:32.973419 RFHAL_KERNEL_BIN_TRACE_RX_OFF RX OFF -- AntPwr: -115, prev W/NBPM: -92, -115, TF|AltADC|DCI/Q(Q5): 0x001a0b, s: 496052, e: 1340852
2026-09-02 02:16:32.973999 L23_DEFAULT_INFO_RRCSTATECHANGEEVENT RRC State: 1
2026-09-02 02:16:32.974487 L23_DEFAULT_INFO_EMM_STATE_VALUE emm_state: 2, emm_substate: 4
2026-09-02 02:16:32.974853 L23_DEFAULT_INFO_RRCSTATECHANGEEVENT RRC State: 0
2026-09-02 02:16:32.974853 L23_ERRC_3GPP_TIMER_STOP 0 STOP
2026-09-02 02:16:32.974853 L23_ERRC_3GPP_TIMER_STOP 1 STOP
2026-09-02 02:16:32.974853 L23_ERRC_3GPP_TIMER_STOP 4 STOP
2026-09-02 02:16:32.974853 L23_ERRC_3GPP_TIMER_STOP 6 STOP
2026-09-02 02:16:32.974884 L23_ERRC_3GPP_TIMER_STOP 7 STOP
2026-09-02 02:16:32.974884 L23_ERRC_3GPP_TIMER_STOP 9 STOP
2026-09-02 02:16:32.974884 L23_ERRC_3GPP_TIMER_STOP 10 STOP
2026-09-02 02:16:32.974884 L23_ERRC_3GPP_TIMER_STOP 13 STOP
2026-09-02 02:16:32.974884 L23_ERRC_3GPP_TIMER_STOP 11 STOP
2026-09-02 02:16:32.974914 L23_ERRC_3GPP_TIMER_STOP 12 STOP
2026-09-02 02:16:34.974914 L23_DEFAULT_INFO_RRCSTATECHANGEEVENT RRC State: 0
2026-09-02 02:16:34.996276 L23_DEFAULT_INFO_RRCSTATECHANGEEVENT RRC State: 1
2026-09-02 02:16:34.997833 L23_DEFAULT_INFO_EMM_STATE_VALUE emm_state: 2, emm_substate: 2
2026-09-02 02:16:35.008117 RFHAL_KERNEL_BIN_TRACE_RX_ON RX ON -- AntPwr: -103, FreqCtrl: 0x380d5700, OF|AnaGi|AdcAttn|BQ|BWs: 0x07000700, dsp_corr: 6141
2026-09-02 02:16:35.019104 RFHAL_KERNEL_BIN_TRACE_RX_OFF RX OFF -- AntPwr: -115, prev W/NBPM: -92, -115, TF|AltADC|DCI/Q(Q5): 0x001b0b, s: 550592, e: 1395392
2026-09-02 02:16:35.026031 RFHAL_KERNEL_BIN_TRACE_RX_ON RX ON -- AntPwr: -103, FreqCtrl: 0x380d5700, OF|AnaGi|AdcAttn|BQ|BWs: 0x07000700, dsp_corr: -6141
2026-09-02 02:16:35.037017 RFHAL_KERNEL_BIN_TRACE_RX_OFF RX OFF -- AntPwr: -115, prev W/NBPM: -92, -115, TF|AltADC|DCI/Q(Q5): 0x001a0b, s: 496054, e: 1340854
2026-09-02 02:16:35.043914 RFHAL_KERNEL_BIN_TRACE_RX_ON RX ON -- AntPwr: -104, FreqCtrl: 0x380d5700, OF|AnaGi|AdcAttn|BQ|BWs: 0x07000700, dsp_corr: 18423
2026-09-02 02:16:35.054901 RFHAL_KERNEL_BIN_TRACE_RX_OFF RX OFF -- AntPwr: -114, prev W/NBPM: -93, -114, TF|AltADC|DCI/Q(Q5): 0x001a0b, s: 496053, e: 1340853
2026-09-02 02:16:35.061798 RFHAL_KERNEL_BIN_TRACE_RX_ON RX ON -- AntPwr: -102, FreqCtrl: 0x380d5700, OF|AnaGi|AdcAttn|BQ|BWs: 0x07000700, dsp_corr: -18423
2026-09-02 02:16:35.072784 RFHAL_KERNEL_BIN_TRACE_RX_OFF RX OFF -- AntPwr: -115, prev W/NBPM: -92, -115, TF|AltADC|DCI/Q(Q5): 0x001a0b, s: 496051, e: 1340851
2026-09-02 02:16:35.073425 L23_DEFAULT_INFO_RRCSTATECHANGEEVENT RRC State: 1
2026-09-02 02:16:35.073883 L23_DEFAULT_INFO_EMM_STATE_VALUE emm_state: 2, emm_substate: 4
2026-09-02 02:16:35.074249 L23_DEFAULT_INFO_RRCSTATECHANGEEVENT RRC State: 0
2026-09-02 02:16:35.074249 L23_ERRC_3GPP_TIMER_STOP 0 STOP
2026-09-02 02:16:35.074249 L23_ERRC_3GPP_TIMER_STOP 1 STOP
2026-09-02 02:16:35.074249 L23_ERRC_3GPP_TIMER_STOP 4 STOP
2026-09-02 02:16:35.074279 L23_ERRC_3GPP_TIMER_STOP 6 STOP
2026-09-02 02:16:35.074279 L23_ERRC_3GPP_TIMER_STOP 7 STOP
2026-09-02 02:16:35.074279 L23_ERRC_3GPP_TIMER_STOP 9 STOP
2026-09-02 02:16:35.074279 L23_ERRC_3GPP_TIMER_STOP 10 STOP
2026-09-02 02:16:35.074279 L23_ERRC_3GPP_TIMER_STOP 13 STOP
2026-09-02 02:16:35.074310 L23_ERRC_3GPP_TIMER_STOP 11 STOP
2026-09-02 02:16:35.074310 L23_ERRC_3GPP_TIMER_STOP 12 STOP
2026-09-02 02:16:37.073730 TRACE_SYSTEM_WARNING Traces dropped kernel: 0 user: 4 (buffer: 0 peer buffer: 0 message: 4) - Throughput: kernel: 2726 user: 6687 bytes / s
2026-09-02 02:16:37.074340 L23_DEFAULT_INFO_RRCSTATECHANGEEVENT RRC State: 0
2026-09-02 02:16:37.095703 L23_DEFAULT_INFO_RRCSTATECHANGEEVENT RRC State: 1
2026-09-02 02:16:37.097290 L23_DEFAULT_INFO_EMM_STATE_VALUE emm_state: 2, emm_substate: 2
2026-09-02 02:16:37.107605 RFHAL_KERNEL_BIN_TRACE_RX_ON RX ON -- AntPwr: -105, FreqCtrl: 0x380d5700, OF|AnaGi|AdcAttn|BQ|BWs: 0x07000700, dsp_corr: 6141
2026-09-02 02:16:37.118591 RFHAL_KERNEL_BIN_TRACE_RX_OFF RX OFF -- AntPwr: -115, prev W/NBPM: -92, -115, TF|AltADC|DCI/Q(Q5): 0x001b0b, s: 550593, e: 1395393
2026-09-02 02:16:37.125488 RFHAL_KERNEL_BIN_TRACE_RX_ON RX ON -- AntPwr: -103, FreqCtrl: 0x380d5700, OF|AnaGi|AdcAttn|BQ|BWs: 0x07000700, dsp_corr: -6141
2026-09-02 02:16:37.136505 RFHAL_KERNEL_BIN_TRACE_RX_OFF RX OFF -- AntPwr: -114, prev W/NBPM: -92, -114, TF|AltADC|DCI/Q(Q5): 0x001b0b, s: 496056, e: 1340856
2026-09-02 02:16:37.142425 RFHAL_KERNEL_BIN_TRACE_RX_ON RX ON -- AntPwr: -114, FreqCtrl: 0x380d5700, OF|AnaGi|AdcAttn|BQ|BWs: 0x07000700, dsp_corr: -6141
2026-09-02 02:16:37.143219 RFHAL_KERNEL_BIN_TRACE_RX_OFF RX OFF -- AntPwr: -114, prev W/NBPM: -93, -114, TF|AltADC|DCI/Q(Q5): 0x001a0b, s: 54040, e: 115640
2026-09-02 02:16:37.146423 RFHAL_KERNEL_BIN_TRACE_RX_ON RX ON -- AntPwr: -114, FreqCtrl: 0x380d5700, OF|AnaGi|AdcAttn|BQ|BWs: 0x07000700, dsp_corr: -6141
2026-09-02 02:16:37.147216 RFHAL_KERNEL_BIN_TRACE_RX_OFF RX OFF -- AntPwr: -114, prev W/NBPM: -93, -114, TF|AltADC|DCI/Q(Q5): 0x001a0b, s: 54231, e: 115831
2026-09-02 02:16:37.152404 RFHAL_KERNEL_BIN_TRACE_RX_ON RX ON -- AntPwr: -114, FreqCtrl: 0x380d5700, OF|AnaGi|AdcAttn|BQ|BWs: 0x07000700, dsp_corr: -6141
2026-09-02 02:16:37.153228 RFHAL_KERNEL_BIN_TRACE_RX_OFF RX OFF -- AntPwr: -114, prev W/NBPM: -93, -115, TF|AltADC|DCI/Q(Q5): 0x001a0b, s: 54232, e: 115832
2026-09-02 02:16:37.156402 RFHAL_KERNEL_BIN_TRACE_RX_ON RX ON -- AntPwr: -115, FreqCtrl: 0x380d5700, OF|AnaGi|AdcAttn|BQ|BWs: 0x07000700, dsp_corr: -6141
2026-09-02 02:16:37.157226 RFHAL_KERNEL_BIN_TRACE_RX_OFF RX OFF -- AntPwr: -115, prev W/NBPM: -93, -115, TF|AltADC|DCI/Q(Q5): 0x001a0b, s: 54229, e: 115829
2026-09-02 02:16:37.166015 RFHAL_KERNEL_BIN_TRACE_RX_ON RX ON -- AntPwr: -103, FreqCtrl: 0x380d5700, OF|AnaGi|AdcAttn|BQ|BWs: 0x07000700, dsp_corr: -1513
2026-09-02 02:16:37.187011 RFHAL_KERNEL_BIN_TRACE_RX_OFF RX OFF -- AntPwr: -113, prev W/NBPM: -93, -115, TF|AltADC|DCI/Q(Q5): 0x001a0b, s: 562925, e: 2175725
2026-09-02 02:16:37.187774 L1_DEFAULT_INFO_NEIGHBOR_CELL_MEASUREMENTS earfcn: 229232, pci: 22, rsrp: -138, rsrq: -22
2026-09-02 02:16:37.197204 RFHAL_KERNEL_BIN_TRACE_RX_ON RX ON -- AntPwr: -114, FreqCtrl: 0x380d5700, OF|AnaGi|AdcAttn|BQ|BWs: 0x07000700, dsp_corr: -1513
2026-09-02 02:16:37.198211 RFHAL_KERNEL_BIN_TRACE_RX_OFF RX OFF -- AntPwr: -114, prev W/NBPM: -93, -114, TF|AltADC|DCI/Q(Q5): 0x001a0b, s: 39259, e: 116062
2026-09-02 02:16:37.202209 RFHAL_KERNEL_BIN_TRACE_RX_ON RX ON -- AntPwr: -114, FreqCtrl: 0x380d5700, OF|AnaGi|AdcAttn|BQ|BWs: 0x07000700, dsp_corr: -1513
2026-09-02 02:16:37.203216 RFHAL_KERNEL_BIN_TRACE_RX_OFF RX OFF -- AntPwr: -114, prev W/NBPM: -93, -114, TF|AltADC|DCI/Q(Q5): 0x001a0b, s: 39391, e: 116194
2026-09-02 02:16:37.206207 RFHAL_KERNEL_BIN_TRACE_RX_ON RX ON -- AntPwr: -114, FreqCtrl: 0x380d5700, OF|AnaGi|AdcAttn|BQ|BWs: 0x07000700, dsp_corr: -1503
2026-09-02 02:16:37.208221 RFHAL_KERNEL_BIN_TRACE_RX_OFF RX OFF -- AntPwr: -117, prev W/NBPM: -93, -117, TF|AltADC|DCI/Q(Q5): 0x001a0b, s: 40182, e: 193785
2026-09-02 02:16:37.212219 RFHAL_KERNEL_BIN_TRACE_RX_ON RX ON -- AntPwr: -115, FreqCtrl: 0x380d5700, OF|AnaGi|AdcAttn|BQ|BWs: 0x07000700, dsp_corr: -1503
2026-09-02 02:16:37.213226 RFHAL_KERNEL_BIN_TRACE_RX_OFF RX OFF -- AntPwr: -115, prev W/NBPM: -93, -114, TF|AltADC|DCI/Q(Q5): 0x001a0b, s: 39394, e: 116197
2026-09-02 02:16:37.217193 RFHAL_KERNEL_BIN_TRACE_RX_ON RX ON -- AntPwr: -115, FreqCtrl: 0x380d5700, OF|AnaGi|AdcAttn|BQ|BWs: 0x07000700, dsp_corr: -1493
2026-09-02 02:16:37.218200 RFHAL_KERNEL_BIN_TRACE_RX_OFF RX OFF -- AntPwr: -115, prev W/NBPM: -93, -115, TF|AltADC|DCI/Q(Q5): 0x001a0b, s: 39381, e: 116184
2026-09-02 02:16:37.222198 RFHAL_KERNEL_BIN_TRACE_RX_ON RX ON -- AntPwr: -116, FreqCtrl: 0x380d5700, OF|AnaGi|AdcAttn|BQ|BWs: 0x07000700, dsp_corr: -1493
2026-09-02 02:16:37.223236 RFHAL_KERNEL_BIN_TRACE_RX_OFF RX OFF -- AntPwr: -116, prev W/NBPM: -92, -113, TF|AltADC|DCI/Q(Q5): 0x001a0b, s: 39388, e: 116191
2026-09-02 02:16:37.226196 RFHAL_KERNEL_BIN_TRACE_RX_ON RX ON -- AntPwr: -116, FreqCtrl: 0x380d5700, OF|AnaGi|AdcAttn|BQ|BWs: 0x07000700, dsp_corr: -1503
2026-09-02 02:16:37.228210 RFHAL_KERNEL_BIN_TRACE_RX_OFF RX OFF -- AntPwr: -114, prev W/NBPM: -93, -114, TF|AltADC|DCI/Q(Q5): 0x001a0b, s: 40182, e: 193785
2026-09-02 02:16:37.228424 L1_DCI_DEC_NBIOT_MIB_EARFCN_PRESENT current earfcn:229232, lsb of earfcn:0
2026-09-02 02:16:37.228424 L1_DCI_DEC_NBIOT_MIB_DECODE modem: sib1br_tbs:3, value_tag:0, ab_enabled:0, operation_mode:3, channel_raster_offset:0*2.5kHz, num_crs_port:0
2026-09-02 02:16:37.228485 L1_PEER_MSG_MIB_NB MasterInformationBlock-NB [ccc0c04000]
2026-09-02 02:16:37.277221 RFHAL_KERNEL_BIN_TRACE_RX_ON RX ON -- AntPwr: -116, FreqCtrl: 0x380d5700, OF|AnaGi|AdcAttn|BQ|BWs: 0x07000700, dsp_corr: -1503
2026-09-02 02:16:37.278198 RFHAL_KERNEL_BIN_TRACE_RX_OFF RX OFF -- AntPwr: -116, prev W/NBPM: -93, -115, TF|AltADC|DCI/Q(Q5): 0x001a0b, s: 39221, e: 116024
2026-09-02 02:16:37.281219 RFHAL_KERNEL_BIN_TRACE_RX_ON RX ON -- AntPwr: -116, FreqCtrl: 0x380d5700, OF|AnaGi|AdcAttn|BQ|BWs: 0x07000700, dsp_corr: -1503
2026-09-02 02:16:37.283203 RFHAL_KERNEL_BIN_TRACE_RX_OFF RX OFF -- AntPwr: -115, prev W/NBPM: -93, -115, TF|AltADC|DCI/Q(Q5): 0x001a0b, s: 40122, e: 193725
2026-09-02 02:16:37.286193 RFHAL_KERNEL_BIN_TRACE_RX_ON RX ON -- AntPwr: -116, FreqCtrl: 0x380d5700, OF|AnaGi|AdcAttn|BQ|BWs: 0x07000700, dsp_corr: -1493
2026-09-02 02:16:37.288208 RFHAL_KERNEL_BIN_TRACE_RX_OFF RX OFF -- AntPwr: -114, prev W/NBPM: -93, -114, TF|AltADC|DCI/Q(Q5): 0x001a0b, s: 40160, e: 193763
2026-09-02 02:16:37.291198 RFHAL_KERNEL_BIN_TRACE_RX_ON RX ON -- AntPwr: -116, FreqCtrl: 0x380d5700, OF|AnaGi|AdcAttn|BQ|BWs: 0x07000700, dsp_corr: -1493
2026-09-02 02:16:37.293243 RFHAL_KERNEL_BIN_TRACE_RX_OFF RX OFF -- AntPwr: -115, prev W/NBPM: -93, -115, TF|AltADC|DCI/Q(Q5): 0x001a0b, s: 40157, e: 193760
2026-09-02 02:16:37.296203 RFHAL_KERNEL_BIN_TRACE_RX_ON RX ON -- AntPwr: -116, FreqCtrl: 0x380d5700, OF|AnaGi|AdcAttn|BQ|BWs: 0x07000700, dsp_corr: -1493
2026-09-02 02:16:37.298217 RFHAL_KERNEL_BIN_TRACE_RX_OFF RX OFF -- AntPwr: -115, prev W/NBPM: -93, -115, TF|AltADC|DCI/Q(Q5): 0x001a0b, s: 40180, e: 193783
2026-09-02 02:16:37.301208 RFHAL_KERNEL_BIN_TRACE_RX_ON RX ON -- AntPwr: -116, FreqCtrl: 0x380d5700, OF|AnaGi|AdcAttn|BQ|BWs: 0x07000700, dsp_corr: -1493
2026-09-02 02:16:37.303222 RFHAL_KERNEL_BIN_TRACE_RX_OFF RX OFF -- AntPwr: -114, prev W/NBPM: -93, -114, TF|AltADC|DCI/Q(Q5): 0x001a0b, s: 40130, e: 193733
2026-09-02 02:16:37.306213 RFHAL_KERNEL_BIN_TRACE_RX_ON RX ON -- AntPwr: -116, FreqCtrl: 0x380d5700, OF|AnaGi|AdcAttn|BQ|BWs: 0x07000700, dsp_corr: -1493
2026-09-02 02:16:37.308227 RFHAL_KERNEL_BIN_TRACE_RX_OFF RX OFF -- AntPwr: -113, prev W/NBPM: -93, -113, TF|AltADC|DCI/Q(Q5): 0x001a0b, s: 40175, e: 193778
2026-09-02 02:16:37.311218 RFHAL_KERNEL_BIN_TRACE_RX_ON RX ON -- AntPwr: -116, FreqCtrl: 0x380d5700, OF|AnaGi|AdcAttn|BQ|BWs: 0x07000700, dsp_corr: -1493
2026-09-02 02:16:37.313232 RFHAL_KERNEL_BIN_TRACE_RX_OFF RX OFF -- AntPwr: -113, prev W/NBPM: -93, -113, TF|AltADC|DCI/Q(Q5): 0x001a0b, s: 40165, e: 193768
2026-09-02 02:16:37.316223 RFHAL_KERNEL_BIN_TRACE_RX_ON RX ON -- AntPwr: -116, FreqCtrl: 0x380d5700, OF|AnaGi|AdcAttn|BQ|BWs: 0x07000700, dsp_corr: -1503
2026-09-02 02:16:37.318206 RFHAL_KERNEL_BIN_TRACE_RX_OFF RX OFF -- AntPwr: -114, prev W/NBPM: -93, -114, TF|AltADC|DCI/Q(Q5): 0x001a0b, s: 40174, e: 193777
2026-09-02 02:16:37.321197 RFHAL_KERNEL_BIN_TRACE_RX_ON RX ON -- AntPwr: -116, FreqCtrl: 0x380d5700, OF|AnaGi|AdcAttn|BQ|BWs: 0x07000700, dsp_corr: -1503
2026-09-02 02:16:37.323211 RFHAL_KERNEL_BIN_TRACE_RX_OFF RX OFF -- AntPwr: -115, prev W/NBPM: -93, -115, TF|AltADC|DCI/Q(Q5): 0x001a0b, s: 40125, e: 193728
2026-09-02 02:16:37.326202 RFHAL_KERNEL_BIN_TRACE_RX_ON RX ON -- AntPwr: -116, FreqCtrl: 0x380d5700, OF|AnaGi|AdcAttn|BQ|BWs: 0x07000700, dsp_corr: -1493
2026-09-02 02:16:37.328216 RFHAL_KERNEL_BIN_TRACE_RX_OFF RX OFF -- AntPwr: -114, prev W/NBPM: -93, -114, TF|AltADC|DCI/Q(Q5): 0x001a0b, s: 40175, e: 193778
2026-09-02 02:16:37.331207 RFHAL_KERNEL_BIN_TRACE_RX_ON RX ON -- AntPwr: -115, FreqCtrl: 0x380d5700, OF|AnaGi|AdcAttn|BQ|BWs: 0x07000700, dsp_corr: -1493
2026-09-02 02:16:37.333221 RFHAL_KERNEL_BIN_TRACE_RX_OFF RX OFF -- AntPwr: -115, prev W/NBPM: -93, -115, TF|AltADC|DCI/Q(Q5): 0x001a0b, s: 40162, e: 193765
2026-09-02 02:16:37.336212 RFHAL_KERNEL_BIN_TRACE_RX_ON RX ON -- AntPwr: -115, FreqCtrl: 0x380d5700, OF|AnaGi|AdcAttn|BQ|BWs: 0x07000700, dsp_corr: -1493
2026-09-02 02:16:37.338226 RFHAL_KERNEL_BIN_TRACE_RX_OFF RX OFF -- AntPwr: -113, prev W/NBPM: -93, -113, TF|AltADC|DCI/Q(Q5): 0x001a0b, s: 40177, e: 193780
2026-09-02 02:16:37.341217 RFHAL_KERNEL_BIN_TRACE_RX_ON RX ON -- AntPwr: -115, FreqCtrl: 0x380d5700, OF|AnaGi|AdcAttn|BQ|BWs: 0x07000700, dsp_corr: -1493
2026-09-02 02:16:37.343200 RFHAL_KERNEL_BIN_TRACE_RX_OFF RX OFF -- AntPwr: -114, prev W/NBPM: -93, -114, TF|AltADC|DCI/Q(Q5): 0x001a0b, s: 40127, e: 193730
2026-09-02 02:16:37.346221 RFHAL_KERNEL_BIN_TRACE_RX_ON RX ON -- AntPwr: -115, FreqCtrl: 0x380d5700, OF|AnaGi|AdcAttn|BQ|BWs: 0x07000700, dsp_corr: -1503
2026-09-02 02:16:37.348205 RFHAL_KERNEL_BIN_TRACE_RX_OFF RX OFF -- AntPwr: -114, prev W/NBPM: -93, -114, TF|AltADC|DCI/Q(Q5): 0x001a0b, s: 40173, e: 193776
2026-09-02 02:16:37.351196 RFHAL_KERNEL_BIN_TRACE_RX_ON RX ON -- AntPwr: -115, FreqCtrl: 0x380d5700, OF|AnaGi|AdcAttn|BQ|BWs: 0x07000700, dsp_corr: -1503
2026-09-02 02:16:37.353241 RFHAL_KERNEL_BIN_TRACE_RX_OFF RX OFF -- AntPwr: -115, prev W/NBPM: -92, -115, TF|AltADC|DCI/Q(Q5): 0x001a0b, s: 40160, e: 193763
2026-09-02 02:16:37.356201 RFHAL_KERNEL_BIN_TRACE_RX_ON RX ON -- AntPwr: -115, FreqCtrl: 0x380d5700, OF|AnaGi|AdcAttn|BQ|BWs: 0x07000700, dsp_corr: -1513
2026-09-02 02:16:37.358215 RFHAL_KERNEL_BIN_TRACE_RX_OFF RX OFF -- AntPwr: -114, prev W/NBPM: -93, -114, TF|AltADC|DCI/Q(Q5): 0x001a0b, s: 40177, e: 193780
2026-09-02 02:16:37.361206 RFHAL_KERNEL_BIN_TRACE_RX_ON RX ON -- AntPwr: -116, FreqCtrl: 0x380d5700, OF|AnaGi|AdcAttn|BQ|BWs: 0x07000700, dsp_corr: -1513
2026-09-02 02:16:37.363220 RFHAL_KERNEL_BIN_TRACE_RX_OFF RX OFF -- AntPwr: -116, prev W/NBPM: -93, -116, TF|AltADC|DCI/Q(Q5): 0x001a0b, s: 40125, e: 193728
2026-09-02 02:16:37.366210 RFHAL_KERNEL_BIN_TRACE_RX_ON RX ON -- AntPwr: -116, FreqCtrl: 0x380d5700, OF|AnaGi|AdcAttn|BQ|BWs: 0x07000700, dsp_corr: -1503
2026-09-02 02:16:37.368225 RFHAL_KERNEL_BIN_TRACE_RX_OFF RX OFF -- AntPwr: -114, prev W/NBPM: -93, -114, TF|AltADC|DCI/Q(Q5): 0x001a0b, s: 40173, e: 193776
2026-09-02 02:16:37.371215 RFHAL_KERNEL_BIN_TRACE_RX_ON RX ON -- AntPwr: -116, FreqCtrl: 0x380d5700, OF|AnaGi|AdcAttn|BQ|BWs: 0x07000700, dsp_corr: -1503
2026-09-02 02:16:37.373230 RFHAL_KERNEL_BIN_TRACE_RX_OFF RX OFF -- AntPwr: -115, prev W/NBPM: -93, -115, TF|AltADC|DCI/Q(Q5): 0x001a0b, s: 40162, e: 193765
2026-09-02 02:16:37.376220 RFHAL_KERNEL_BIN_TRACE_RX_ON RX ON -- AntPwr: -116, FreqCtrl: 0x380d5700, OF|AnaGi|AdcAttn|BQ|BWs: 0x07000700, dsp_corr: -1493
2026-09-02 02:16:37.378204 RFHAL_KERNEL_BIN_TRACE_RX_OFF RX OFF -- AntPwr: -115, prev W/NBPM: -93, -115, TF|AltADC|DCI/Q(Q5): 0x001a0b, s: 40176, e: 193779
2026-09-02 02:16:37.381225 RFHAL_KERNEL_BIN_TRACE_RX_ON RX ON -- AntPwr: -116, FreqCtrl: 0x380d5700, OF|AnaGi|AdcAttn|BQ|BWs: 0x07000700, dsp_corr: -1493
2026-09-02 02:16:37.383209 RFHAL_KERNEL_BIN_TRACE_RX_OFF RX OFF -- AntPwr: -114, prev W/NBPM: -93, -114, TF|AltADC|DCI/Q(Q5): 0x001a0b, s: 40130, e: 193733
2026-09-02 02:16:37.386200 RFHAL_KERNEL_BIN_TRACE_RX_ON RX ON -- AntPwr: -116, FreqCtrl: 0x380d5700, OF|AnaGi|AdcAttn|BQ|BWs: 0x07000700, dsp_corr: -1503
2026-09-02 02:16:37.388214 RFHAL_KERNEL_BIN_TRACE_RX_OFF RX OFF -- AntPwr: -114, prev W/NBPM: -93, -114, TF|AltADC|DCI/Q(Q5): 0x001a0b, s: 40175, e: 193778
2026-09-02 02:16:37.391204 RFHAL_KERNEL_BIN_TRACE_RX_ON RX ON -- AntPwr: -116, FreqCtrl: 0x380d5700, OF|AnaGi|AdcAttn|BQ|BWs: 0x07000700, dsp_corr: -1503
2026-09-02 02:16:37.393219 RFHAL_KERNEL_BIN_TRACE_RX_OFF RX OFF -- AntPwr: -114, prev W/NBPM: -93, -114, TF|AltADC|DCI/Q(Q5): 0x001a0b, s: 40159, e: 193762
2026-09-02 02:16:37.396209 RFHAL_KERNEL_BIN_TRACE_RX_ON RX ON -- AntPwr: -116, FreqCtrl: 0x380d5700, OF|AnaGi|AdcAttn|BQ|BWs: 0x07000700, dsp_corr: -1513
2026-09-02 02:16:37.398223 RFHAL_KERNEL_BIN_TRACE_RX_OFF RX OFF -- AntPwr: -114, prev W/NBPM: -93, -114, TF|AltADC|DCI/Q(Q5): 0x001a0b, s: 40180, e: 193783
2026-09-02 02:16:37.401214 RFHAL_KERNEL_BIN_TRACE_RX_ON RX ON -- AntPwr: -116, FreqCtrl: 0x380d5700, OF|AnaGi|AdcAttn|BQ|BWs: 0x07000700, dsp_corr: -1513
2026-09-02 02:16:37.403228 RFHAL_KERNEL_BIN_TRACE_RX_OFF RX OFF -- AntPwr: -116, prev W/NBPM: -93, -116, TF|AltADC|DCI/Q(Q5): 0x001a0b, s: 40113, e: 193716
2026-09-02 02:16:37.406219 RFHAL_KERNEL_BIN_TRACE_RX_ON RX ON -- AntPwr: -116, FreqCtrl: 0x380d5700, OF|AnaGi|AdcAttn|BQ|BWs: 0x07000700, dsp_corr: -1503
2026-09-02 02:16:37.408203 RFHAL_KERNEL_BIN_TRACE_RX_OFF RX OFF -- AntPwr: -114, prev W/NBPM: -93, -114, TF|AltADC|DCI/Q(Q5): 0x001a0b, s: 40180, e: 193783
2026-09-02 02:16:37.411224 RFHAL_KERNEL_BIN_TRACE_RX_ON RX ON -- AntPwr: -116, FreqCtrl: 0x380d5700, OF|AnaGi|AdcAttn|BQ|BWs: 0x07000700, dsp_corr: -1503
2026-09-02 02:16:37.413238 RFHAL_KERNEL_BIN_TRACE_RX_OFF RX OFF -- AntPwr: -114, prev W/NBPM: -93, -114, TF|AltADC|DCI/Q(Q5): 0x001a0b, s: 40158, e: 193761
2026-09-02 02:16:37.416198 RFHAL_KERNEL_BIN_TRACE_RX_ON RX ON -- AntPwr: -116, FreqCtrl: 0x380d5700, OF|AnaGi|AdcAttn|BQ|BWs: 0x07000700, dsp_corr: -1493
2026-09-02 02:16:37.418212 RFHAL_KERNEL_BIN_TRACE_RX_OFF RX OFF -- AntPwr: -114, prev W/NBPM: -93, -114, TF|AltADC|DCI/Q(Q5): 0x001a0b, s: 40180, e: 193783
2026-09-02 02:16:37.421203 RFHAL_KERNEL_BIN_TRACE_RX_ON RX ON -- AntPwr: -116, FreqCtrl: 0x380d5700, OF|AnaGi|AdcAttn|BQ|BWs: 0x07000700, dsp_corr: -1493
2026-09-02 02:16:37.423217 RFHAL_KERNEL_BIN_TRACE_RX_OFF RX OFF -- AntPwr: -114, prev W/NBPM: -93, -114, TF|AltADC|DCI/Q(Q5): 0x001a0b, s: 39689, e: 193292
2026-09-02 02:16:37.822448 RFHAL_KERNEL_BIN_TRACE_RX_ON RX ON -- AntPwr: -116, FreqCtrl: 0x380d5700, OF|AnaGi|AdcAttn|BQ|BWs: 0x07000700, dsp_corr: -1503
2026-09-02 02:16:37.823242 RFHAL_KERNEL_BIN_TRACE_RX_OFF RX OFF -- AntPwr: -116, prev W/NBPM: -93, -114, TF|AltADC|DCI/Q(Q5): 0x001a0b, s: 95550, e: 157150
2026-09-02 02:16:37.826416 RFHAL_KERNEL_BIN_TRACE_RX_ON RX ON -- AntPwr: -114, FreqCtrl: 0x380d5700, OF|AnaGi|AdcAttn|BQ|BWs: 0x07000700, dsp_corr: -1503
2026-09-02 02:16:37.827270 RFHAL_KERNEL_BIN_TRACE_RX_OFF RX OFF -- AntPwr: -114, prev W/NBPM: -93, -113, TF|AltADC|DCI/Q(Q5): 0x001a0b, s: 54903, e: 119063
2026-09-02 02:16:37.832428 RFHAL_KERNEL_BIN_TRACE_RX_ON RX ON -- AntPwr: -113, FreqCtrl: 0x380d5700, OF|AnaGi|AdcAttn|BQ|BWs: 0x07000700, dsp_corr: -1503
2026-09-02 02:16:37.833252 RFHAL_KERNEL_BIN_TRACE_RX_OFF RX OFF -- AntPwr: -113, prev W/NBPM: -92, -115, TF|AltADC|DCI/Q(Q5): 0x001a0b, s: 55036, e: 119196
2026-09-02 02:16:37.842407 RFHAL_KERNEL_BIN_TRACE_RX_ON RX ON -- AntPwr: -115, FreqCtrl: 0x380d5700, OF|AnaGi|AdcAttn|BQ|BWs: 0x07000700, dsp_corr: -1503
2026-09-02 02:16:37.843261 RFHAL_KERNEL_BIN_TRACE_RX_OFF RX OFF -- AntPwr: -115, prev W/NBPM: -93, -114, TF|AltADC|DCI/Q(Q5): 0x001a0b, s: 55032, e: 119192
2026-09-02 02:16:37.846405 RFHAL_KERNEL_BIN_TRACE_RX_ON RX ON -- AntPwr: -114, FreqCtrl: 0x380d5700, OF|AnaGi|AdcAttn|BQ|BWs: 0x07000700, dsp_corr: -1503
2026-09-02 02:16:37.847259 RFHAL_KERNEL_BIN_TRACE_RX_OFF RX OFF -- AntPwr: -114, prev W/NBPM: -93, -114, TF|AltADC|DCI/Q(Q5): 0x001a0b, s: 55821, e: 119981
2026-09-02 02:16:37.852417 RFHAL_KERNEL_BIN_TRACE_RX_ON RX ON -- AntPwr: -114, FreqCtrl: 0x380d5700, OF|AnaGi|AdcAttn|BQ|BWs: 0x07000700, dsp_corr: -1503
2026-09-02 02:16:37.853271 RFHAL_KERNEL_BIN_TRACE_RX_OFF RX OFF -- AntPwr: -114, prev W/NBPM: -92, -115, TF|AltADC|DCI/Q(Q5): 0x001a0b, s: 55038, e: 119198
2026-09-02 02:16:37.862426 RFHAL_KERNEL_BIN_TRACE_RX_ON RX ON -- AntPwr: -115, FreqCtrl: 0x380d5700, OF|AnaGi|AdcAttn|BQ|BWs: 0x07000700, dsp_corr: -1503
2026-09-02 02:16:37.863250 RFHAL_KERNEL_BIN_TRACE_RX_OFF RX OFF -- AntPwr: -115, prev W/NBPM: -92, -115, TF|AltADC|DCI/Q(Q5): 0x001a0b, s: 55029, e: 119189
2026-09-02 02:16:37.917236 RFHAL_KERNEL_BIN_TRACE_RX_ON RX ON -- AntPwr: -115, FreqCtrl: 0x380d5700, OF|AnaGi|AdcAttn|BQ|BWs: 0x07000700, dsp_corr: -1657
2026-09-02 02:16:37.918243 RFHAL_KERNEL_BIN_TRACE_RX_OFF RX OFF -- AntPwr: -115, prev W/NBPM: -93, -113, TF|AltADC|DCI/Q(Q5): 0x001a0b, s: 39392, e: 116195
2026-09-02 02:16:37.921234 RFHAL_KERNEL_BIN_TRACE_RX_ON RX ON -- AntPwr: -116, FreqCtrl: 0x380d5700, OF|AnaGi|AdcAttn|BQ|BWs: 0x07000700, dsp_corr: -1657
2026-09-02 02:16:37.923248 RFHAL_KERNEL_BIN_TRACE_RX_OFF RX OFF -- AntPwr: -115, prev W/NBPM: -93, -115, TF|AltADC|DCI/Q(Q5): 0x001a0b, s: 40112, e: 193715
2026-09-02 02:16:37.926239 RFHAL_KERNEL_BIN_TRACE_RX_ON RX ON -- AntPwr: -116, FreqCtrl: 0x380d5700, OF|AnaGi|AdcAttn|BQ|BWs: 0x07000700, dsp_corr: -1667
2026-09-02 02:16:37.928222 RFHAL_KERNEL_BIN_TRACE_RX_OFF RX OFF -- AntPwr: -115, prev W/NBPM: -93, -115, TF|AltADC|DCI/Q(Q5): 0x001a0b, s: 40164, e: 193767
2026-09-02 02:16:37.931243 RFHAL_KERNEL_BIN_TRACE_RX_ON RX ON -- AntPwr: -117, FreqCtrl: 0x380d5700, OF|AnaGi|AdcAttn|BQ|BWs: 0x07000700, dsp_corr: -1667
2026-09-02 02:16:37.933258 RFHAL_KERNEL_BIN_TRACE_RX_OFF RX OFF -- AntPwr: -115, prev W/NBPM: -93, -115, TF|AltADC|DCI/Q(Q5): 0x001a0b, s: 40154, e: 193757
2026-09-02 02:16:37.936218 RFHAL_KERNEL_BIN_TRACE_RX_ON RX ON -- AntPwr: -117, FreqCtrl: 0x380d5700, OF|AnaGi|AdcAttn|BQ|BWs: 0x07000700, dsp_corr: -1676
2026-09-02 02:16:37.938232 RFHAL_KERNEL_BIN_TRACE_RX_OFF RX OFF -- AntPwr: -114, prev W/NBPM: -93, -114, TF|AltADC|DCI/Q(Q5): 0x001a0b, s: 40175, e: 193778
2026-09-02 02:16:37.941223 RFHAL_KERNEL_BIN_TRACE_RX_ON RX ON -- AntPwr: -117, FreqCtrl: 0x380d5700, OF|AnaGi|AdcAttn|BQ|BWs: 0x07000700, dsp_corr: -1676
2026-09-02 02:16:37.943237 RFHAL_KERNEL_BIN_TRACE_RX_OFF RX OFF -- AntPwr: -115, prev W/NBPM: -93, -115, TF|AltADC|DCI/Q(Q5): 0x001a0b, s: 40124, e: 193727
2026-09-02 02:16:37.946228 RFHAL_KERNEL_BIN_TRACE_RX_ON RX ON -- AntPwr: -117, FreqCtrl: 0x380d5700, OF|AnaGi|AdcAttn|BQ|BWs: 0x07000700, dsp_corr: -1686
2026-09-02 02:16:37.948242 RFHAL_KERNEL_BIN_TRACE_RX_OFF RX OFF -- AntPwr: -115, prev W/NBPM: -93, -115, TF|AltADC|DCI/Q(Q5): 0x001a0b, s: 40170, e: 193773
2026-09-02 02:16:37.951232 RFHAL_KERNEL_BIN_TRACE_RX_ON RX ON -- AntPwr: -117, FreqCtrl: 0x380d5700, OF|AnaGi|AdcAttn|BQ|BWs: 0x07000700, dsp_corr: -1686
2026-09-02 02:16:37.953247 RFHAL_KERNEL_BIN_TRACE_RX_OFF RX OFF -- AntPwr: -114, prev W/NBPM: -93, -114, TF|AltADC|DCI/Q(Q5): 0x001a0b, s: 40158, e: 193761
2026-09-02 02:16:37.956237 RFHAL_KERNEL_BIN_TRACE_RX_ON RX ON -- AntPwr: -117, FreqCtrl: 0x380d5700, OF|AnaGi|AdcAttn|BQ|BWs: 0x07000700, dsp_corr: -1696
2026-09-02 02:16:37.958221 RFHAL_KERNEL_BIN_TRACE_RX_OFF RX OFF -- AntPwr: -114, prev W/NBPM: -93, -114, TF|AltADC|DCI/Q(Q5): 0x001a0b, s: 40172, e: 193775
2026-09-02 02:16:37.961242 RFHAL_KERNEL_BIN_TRACE_RX_ON RX ON -- AntPwr: -117, FreqCtrl: 0x380d5700, OF|AnaGi|AdcAttn|BQ|BWs: 0x07000700, dsp_corr: -1696
2026-09-02 02:16:37.963226 RFHAL_KERNEL_BIN_TRACE_RX_OFF RX OFF -- AntPwr: -114, prev W/NBPM: -93, -114, TF|AltADC|DCI/Q(Q5): 0x001a0b, s: 40127, e: 193730
2026-09-02 02:16:37.966217 RFHAL_KERNEL_BIN_TRACE_RX_ON RX ON -- AntPwr: -117, FreqCtrl: 0x380d5700, OF|AnaGi|AdcAttn|BQ|BWs: 0x07000700, dsp_corr: -1686
2026-09-02 02:16:37.968231 RFHAL_KERNEL_BIN_TRACE_RX_OFF RX OFF -- AntPwr: -115, prev W/NBPM: -93, -115, TF|AltADC|DCI/Q(Q5): 0x001a0b, s: 40173, e: 193776
2026-09-02 02:16:37.971221 RFHAL_KERNEL_BIN_TRACE_RX_ON RX ON -- AntPwr: -116, FreqCtrl: 0x380d5700, OF|AnaGi|AdcAttn|BQ|BWs: 0x07000700, dsp_corr: -1686
2026-09-02 02:16:37.973266 RFHAL_KERNEL_BIN_TRACE_RX_OFF RX OFF -- AntPwr: -115, prev W/NBPM: -94, -115, TF|AltADC|DCI/Q(Q5): 0x001a0b, s: 40160, e: 193763
2026-09-02 02:16:37.976226 RFHAL_KERNEL_BIN_TRACE_RX_ON RX ON -- AntPwr: -116, FreqCtrl: 0x380d5700, OF|AnaGi|AdcAttn|BQ|BWs: 0x07000700, dsp_corr: -1696
2026-09-02 02:16:37.978241 RFHAL_KERNEL_BIN_TRACE_RX_OFF RX OFF -- AntPwr: -114, prev W/NBPM: -93, -114, TF|AltADC|DCI/Q(Q5): 0x001a0b, s: 40175, e: 193778
2026-09-02 02:16:37.981231 RFHAL_KERNEL_BIN_TRACE_RX_ON RX ON -- AntPwr: -116, FreqCtrl: 0x380d5700, OF|AnaGi|AdcAttn|BQ|BWs: 0x07000700, dsp_corr: -1696
2026-09-02 02:16:37.983245 RFHAL_KERNEL_BIN_TRACE_RX_OFF RX OFF -- AntPwr: -114, prev W/NBPM: -93, -114, TF|AltADC|DCI/Q(Q5): 0x001a0b, s: 40124, e: 193727
2026-09-02 02:16:37.986236 RFHAL_KERNEL_BIN_TRACE_RX_ON RX ON -- AntPwr: -116, FreqCtrl: 0x380d5700, OF|AnaGi|AdcAttn|BQ|BWs: 0x07000700, dsp_corr: -1706
2026-09-02 02:16:37.988250 RFHAL_KERNEL_BIN_TRACE_RX_OFF RX OFF -- AntPwr: -115, prev W/NBPM: -93, -115, TF|AltADC|DCI/Q(Q5): 0x001a0b, s: 40174, e: 193777
2026-09-02 02:16:37.991241 RFHAL_KERNEL_BIN_TRACE_RX_ON RX ON -- AntPwr: -116, FreqCtrl: 0x380d5700, OF|AnaGi|AdcAttn|BQ|BWs: 0x07000700, dsp_corr: -1706
2026-09-02 02:16:37.993255 RFHAL_KERNEL_BIN_TRACE_RX_OFF RX OFF -- AntPwr: -113, prev W/NBPM: -93, -113, TF|AltADC|DCI/Q(Q5): 0x001a0b, s: 40157, e: 193760
2026-09-02 02:16:37.996246 RFHAL_KERNEL_BIN_TRACE_RX_ON RX ON -- AntPwr: -116, FreqCtrl: 0x380d5700, OF|AnaGi|AdcAttn|BQ|BWs: 0x07000700, dsp_corr: -1696
2026-09-02 02:16:37.998230 RFHAL_KERNEL_BIN_TRACE_RX_OFF RX OFF -- AntPwr: -113, prev W/NBPM: -93, -113, TF|AltADC|DCI/Q(Q5): 0x001a0b, s: 40171, e: 193774
2026-09-02 02:16:38.001220 RFHAL_KERNEL_BIN_TRACE_RX_ON RX ON -- AntPwr: -116, FreqCtrl: 0x380d5700, OF|AnaGi|AdcAttn|BQ|BWs: 0x07000700, dsp_corr: -1696
2026-09-02 02:16:38.003234 RFHAL_KERNEL_BIN_TRACE_RX_OFF RX OFF -- AntPwr: -114, prev W/NBPM: -93, -114, TF|AltADC|DCI/Q(Q5): 0x001a0b, s: 40123, e: 193726
2026-09-02 02:16:38.006225 RFHAL_KERNEL_BIN_TRACE_RX_ON RX ON -- AntPwr: -116, FreqCtrl: 0x380d5700, OF|AnaGi|AdcAttn|BQ|BWs: 0x07000700, dsp_corr: -1706
2026-09-02 02:16:38.008239 RFHAL_KERNEL_BIN_TRACE_RX_OFF RX OFF -- AntPwr: -114, prev W/NBPM: -93, -114, TF|AltADC|DCI/Q(Q5): 0x001a0b, s: 40174, e: 193777
2026-09-02 02:16:38.011230 RFHAL_KERNEL_BIN_TRACE_RX_ON RX ON -- AntPwr: -116, FreqCtrl: 0x380d5700, OF|AnaGi|AdcAttn|BQ|BWs: 0x07000700, dsp_corr: -1706
2026-09-02 02:16:38.013244 RFHAL_KERNEL_BIN_TRACE_RX_OFF RX OFF -- AntPwr: -114, prev W/NBPM: -93, -114, TF|AltADC|DCI/Q(Q5): 0x001a0b, s: 40159, e: 193762
2026-09-02 02:16:38.016235 RFHAL_KERNEL_BIN_TRACE_RX_ON RX ON -- AntPwr: -116, FreqCtrl: 0x380d5700, OF|AnaGi|AdcAttn|BQ|BWs: 0x07000700, dsp_corr: -1716
2026-09-02 02:16:38.018249 RFHAL_KERNEL_BIN_TRACE_RX_OFF RX OFF -- AntPwr: -113, prev W/NBPM: -93, -113, TF|AltADC|DCI/Q(Q5): 0x001a0b, s: 40175, e: 193778
2026-09-02 02:16:38.021240 RFHAL_KERNEL_BIN_TRACE_RX_ON RX ON -- AntPwr: -116, FreqCtrl: 0x380d5700, OF|AnaGi|AdcAttn|BQ|BWs: 0x07000700, dsp_corr: -1716
2026-09-02 02:16:38.023223 RFHAL_KERNEL_BIN_TRACE_RX_OFF RX OFF -- AntPwr: -114, prev W/NBPM: -93, -114, TF|AltADC|DCI/Q(Q5): 0x001a0b, s: 40128, e: 193731
2026-09-02 02:16:38.026245 RFHAL_KERNEL_BIN_TRACE_RX_ON RX ON -- AntPwr: -116, FreqCtrl: 0x380d5700, OF|AnaGi|AdcAttn|BQ|BWs: 0x07000700, dsp_corr: -1706
2026-09-02 02:16:38.028228 RFHAL_KERNEL_BIN_TRACE_RX_OFF RX OFF -- AntPwr: -117, prev W/NBPM: -93, -117, TF|AltADC|DCI/Q(Q5): 0x001a0b, s: 40174, e: 193777
2026-09-02 02:16:38.031219 RFHAL_KERNEL_BIN_TRACE_RX_ON RX ON -- AntPwr: -116, FreqCtrl: 0x380d5700, OF|AnaGi|AdcAttn|BQ|BWs: 0x07000700, dsp_corr: -1706
2026-09-02 02:16:38.033264 RFHAL_KERNEL_BIN_TRACE_RX_OFF RX OFF -- AntPwr: -114, prev W/NBPM: -93, -114, TF|AltADC|DCI/Q(Q5): 0x001a0b, s: 40161, e: 193764
2026-09-02 02:16:38.036224 RFHAL_KERNEL_BIN_TRACE_RX_ON RX ON -- AntPwr: -116, FreqCtrl: 0x380d5700, OF|AnaGi|AdcAttn|BQ|BWs: 0x07000700, dsp_corr: -1696
2026-09-02 02:16:38.038238 RFHAL_KERNEL_BIN_TRACE_RX_OFF RX OFF -- AntPwr: -114, prev W/NBPM: -93, -114, TF|AltADC|DCI/Q(Q5): 0x001a0b, s: 40176, e: 193779
2026-09-02 02:16:38.041229 RFHAL_KERNEL_BIN_TRACE_RX_ON RX ON -- AntPwr: -116, FreqCtrl: 0x380d5700, OF|AnaGi|AdcAttn|BQ|BWs: 0x07000700, dsp_corr: -1696
2026-09-02 02:16:38.043243 RFHAL_KERNEL_BIN_TRACE_RX_OFF RX OFF -- AntPwr: -115, prev W/NBPM: -93, -115, TF|AltADC|DCI/Q(Q5): 0x001a0b, s: 40125, e: 193728
2026-09-02 02:16:38.046234 RFHAL_KERNEL_BIN_TRACE_RX_ON RX ON -- AntPwr: -116, FreqCtrl: 0x380d5700, OF|AnaGi|AdcAttn|BQ|BWs: 0x07000700, dsp_corr: -1706
2026-09-02 02:16:38.048248 RFHAL_KERNEL_BIN_TRACE_RX_OFF RX OFF -- AntPwr: -115, prev W/NBPM: -92, -115, TF|AltADC|DCI/Q(Q5): 0x001a0b, s: 40171, e: 193774
2026-09-02 02:16:38.051239 RFHAL_KERNEL_BIN_TRACE_RX_ON RX ON -- AntPwr: -116, FreqCtrl: 0x380d5700, OF|AnaGi|AdcAttn|BQ|BWs: 0x07000700, dsp_corr: -1706
2026-09-02 02:16:38.053253 RFHAL_KERNEL_BIN_TRACE_RX_OFF RX OFF -- AntPwr: -114, prev W/NBPM: -93, -114, TF|AltADC|DCI/Q(Q5): 0x001a0b, s: 40159, e: 193762
2026-09-02 02:16:38.056243 RFHAL_KERNEL_BIN_TRACE_RX_ON RX ON -- AntPwr: -116, FreqCtrl: 0x380d5700, OF|AnaGi|AdcAttn|BQ|BWs: 0x07000700, dsp_corr: -1716
2026-09-02 02:16:38.058227 RFHAL_KERNEL_BIN_TRACE_RX_OFF RX OFF -- AntPwr: -114, prev W/NBPM: -93, -114, TF|AltADC|DCI/Q(Q5): 0x001a0b, s: 40179, e: 193782
2026-09-02 02:16:38.061248 RFHAL_KERNEL_BIN_TRACE_RX_ON RX ON -- AntPwr: -116, FreqCtrl: 0x380d5700, OF|AnaGi|AdcAttn|BQ|BWs: 0x07000700, dsp_corr: -1716
2026-09-02 02:16:38.063232 RFHAL_KERNEL_BIN_TRACE_RX_OFF RX OFF -- AntPwr: -115, prev W/NBPM: -93, -115, TF|AltADC|DCI/Q(Q5): 0x001a0b, s: 39690, e: 193293
2026-09-02 02:16:38.462463 RFHAL_KERNEL_BIN_TRACE_RX_ON RX ON -- AntPwr: -116, FreqCtrl: 0x380d5700, OF|AnaGi|AdcAttn|BQ|BWs: 0x07000700, dsp_corr: -1726
2026-09-02 02:16:38.463256 RFHAL_KERNEL_BIN_TRACE_RX_OFF RX OFF -- AntPwr: -116, prev W/NBPM: -93, -114, TF|AltADC|DCI/Q(Q5): 0x001a0b, s: 96047, e: 157647
2026-09-02 02:16:38.466430 RFHAL_KERNEL_BIN_TRACE_RX_ON RX ON -- AntPwr: -114, FreqCtrl: 0x380d5700, OF|AnaGi|AdcAttn|BQ|BWs: 0x07000700, dsp_corr: -1726
2026-09-02 02:16:38.467285 RFHAL_KERNEL_BIN_TRACE_RX_OFF RX OFF -- AntPwr: -114, prev W/NBPM: -93, -114, TF|AltADC|DCI/Q(Q5): 0x001a0b, s: 54902, e: 119062
2026-09-02 02:16:38.472442 RFHAL_KERNEL_BIN_TRACE_RX_ON RX ON -- AntPwr: -114, FreqCtrl: 0x380d5700, OF|AnaGi|AdcAttn|BQ|BWs: 0x07000700, dsp_corr: -1726
2026-09-02 02:16:38.473266 RFHAL_KERNEL_BIN_TRACE_RX_OFF RX OFF -- AntPwr: -114, prev W/NBPM: -93, -115, TF|AltADC|DCI/Q(Q5): 0x001a0b, s: 55033, e: 119193
2026-09-02 02:16:38.482452 RFHAL_KERNEL_BIN_TRACE_RX_ON RX ON -- AntPwr: -115, FreqCtrl: 0x380d5700, OF|AnaGi|AdcAttn|BQ|BWs: 0x07000700, dsp_corr: -1726
2026-09-02 02:16:38.483276 RFHAL_KERNEL_BIN_TRACE_RX_OFF RX OFF -- AntPwr: -115, prev W/NBPM: -93, -117, TF|AltADC|DCI/Q(Q5): 0x001a0b, s: 55031, e: 119191
2026-09-02 02:16:38.486450 RFHAL_KERNEL_BIN_TRACE_RX_ON RX ON -- AntPwr: -117, FreqCtrl: 0x380d5700, OF|AnaGi|AdcAttn|BQ|BWs: 0x07000700, dsp_corr: -1726
2026-09-02 02:16:38.487304 RFHAL_KERNEL_BIN_TRACE_RX_OFF RX OFF -- AntPwr: -117, prev W/NBPM: -93, -115, TF|AltADC|DCI/Q(Q5): 0x001a0b, s: 55816, e: 119976
2026-09-02 02:16:38.492431 RFHAL_KERNEL_BIN_TRACE_RX_ON RX ON -- AntPwr: -115, FreqCtrl: 0x380d5700, OF|AnaGi|AdcAttn|BQ|BWs: 0x07000700, dsp_corr: -1726
2026-09-02 02:16:38.493286 RFHAL_KERNEL_BIN_TRACE_RX_OFF RX OFF -- AntPwr: -115, prev W/NBPM: -93, -114, TF|AltADC|DCI/Q(Q5): 0x001a0b, s: 55035, e: 119195
2026-09-02 02:16:38.502441 RFHAL_KERNEL_BIN_TRACE_RX_ON RX ON -- AntPwr: -114, FreqCtrl: 0x380d5700, OF|AnaGi|AdcAttn|BQ|BWs: 0x07000700, dsp_corr: -1726
2026-09-02 02:16:38.503265 RFHAL_KERNEL_BIN_TRACE_RX_OFF RX OFF -- AntPwr: -114, prev W/NBPM: -93, -115, TF|AltADC|DCI/Q(Q5): 0x001a0b, s: 55030, e: 119190
2026-09-02 02:16:38.506439 RFHAL_KERNEL_BIN_TRACE_RX_ON RX ON -- AntPwr: -115, FreqCtrl: 0x380d5700, OF|AnaGi|AdcAttn|BQ|BWs: 0x07000700, dsp_corr: -1726
2026-09-02 02:16:38.507293 RFHAL_KERNEL_BIN_TRACE_RX_OFF RX OFF -- AntPwr: -115, prev W/NBPM: -93, -115, TF|AltADC|DCI/Q(Q5): 0x001a0b, s: 55818, e: 119978
2026-09-02 02:16:38.512451 RFHAL_KERNEL_BIN_TRACE_RX_ON RX ON -- AntPwr: -115, FreqCtrl: 0x380d5700, OF|AnaGi|AdcAttn|BQ|BWs: 0x07000700, dsp_corr: -1726
2026-09-02 02:16:38.513275 RFHAL_KERNEL_BIN_TRACE_RX_OFF RX OFF -- AntPwr: -115, prev W/NBPM: -93, -115, TF|AltADC|DCI/Q(Q5): 0x001a0b, s: 55038, e: 119198
2026-09-02 02:16:38.522430 RFHAL_KERNEL_BIN_TRACE_RX_ON RX ON -- AntPwr: -115, FreqCtrl: 0x380d5700, OF|AnaGi|AdcAttn|BQ|BWs: 0x07000700, dsp_corr: -1726
2026-09-02 02:16:38.523284 RFHAL_KERNEL_BIN_TRACE_RX_OFF RX OFF -- AntPwr: -115, prev W/NBPM: -93, -115, TF|AltADC|DCI/Q(Q5): 0x001a0b, s: 55034, e: 119194
2026-09-02 02:16:38.526428 RFHAL_KERNEL_BIN_TRACE_RX_ON RX ON -- AntPwr: -115, FreqCtrl: 0x380d5700, OF|AnaGi|AdcAttn|BQ|BWs: 0x07000700, dsp_corr: -1726
2026-09-02 02:16:38.527282 RFHAL_KERNEL_BIN_TRACE_RX_OFF RX OFF -- AntPwr: -115, prev W/NBPM: -93, -115, TF|AltADC|DCI/Q(Q5): 0x001a0b, s: 55816, e: 119976
2026-09-02 02:16:38.532440 RFHAL_KERNEL_BIN_TRACE_RX_ON RX ON -- AntPwr: -115, FreqCtrl: 0x380d5700, OF|AnaGi|AdcAttn|BQ|BWs: 0x07000700, dsp_corr: -1726
2026-09-02 02:16:38.533294 RFHAL_KERNEL_BIN_TRACE_RX_OFF RX OFF -- AntPwr: -115, prev W/NBPM: -93, -115, TF|AltADC|DCI/Q(Q5): 0x001a0b, s: 55304, e: 119464
2026-09-02 02:16:38.542450 RFHAL_KERNEL_BIN_TRACE_RX_ON RX ON -- AntPwr: -115, FreqCtrl: 0x380d5700, OF|AnaGi|AdcAttn|BQ|BWs: 0x07000700, dsp_corr: -1726
2026-09-02 02:16:38.543273 RFHAL_KERNEL_BIN_TRACE_RX_OFF RX OFF -- AntPwr: -115, prev W/NBPM: -93, -117, TF|AltADC|DCI/Q(Q5): 0x001a0b, s: 54550, e: 118710
2026-09-02 02:16:38.557251 RFHAL_KERNEL_BIN_TRACE_RX_ON RX ON -- AntPwr: -117, FreqCtrl: 0x380d5700, OF|AnaGi|AdcAttn|BQ|BWs: 0x07000700, dsp_corr: -1826
2026-09-02 02:16:38.558258 RFHAL_KERNEL_BIN_TRACE_RX_OFF RX OFF -- AntPwr: -117, prev W/NBPM: -93, -115, TF|AltADC|DCI/Q(Q5): 0x001a0b, s: 39396, e: 116199
2026-09-02 02:16:38.561248 RFHAL_KERNEL_BIN_TRACE_RX_ON RX ON -- AntPwr: -117, FreqCtrl: 0x380d5700, OF|AnaGi|AdcAttn|BQ|BWs: 0x07000700, dsp_corr: -1826
2026-09-02 02:16:38.563262 RFHAL_KERNEL_BIN_TRACE_RX_OFF RX OFF -- AntPwr: -115, prev W/NBPM: -93, -115, TF|AltADC|DCI/Q(Q5): 0x001a0b, s: 40114, e: 193717
2026-09-02 02:16:38.566253 RFHAL_KERNEL_BIN_TRACE_RX_ON RX ON -- AntPwr: -117, FreqCtrl: 0x380d5700, OF|AnaGi|AdcAttn|BQ|BWs: 0x07000700, dsp_corr: -1817
2026-09-02 02:16:38.568267 RFHAL_KERNEL_BIN_TRACE_RX_OFF RX OFF -- AntPwr: -114, prev W/NBPM: -93, -114, TF|AltADC|DCI/Q(Q5): 0x001a0b, s: 40167, e: 193770
2026-09-02 02:16:38.571258 RFHAL_KERNEL_BIN_TRACE_RX_ON RX ON -- AntPwr: -117, FreqCtrl: 0x380d5700, OF|AnaGi|AdcAttn|BQ|BWs: 0x07000700, dsp_corr: -1817
2026-09-02 02:16:38.573272 RFHAL_KERNEL_BIN_TRACE_RX_OFF RX OFF -- AntPwr: -116, prev W/NBPM: -93, -116, TF|AltADC|DCI/Q(Q5): 0x001a0b, s: 40161, e: 193764
2026-09-02 02:16:38.576263 RFHAL_KERNEL_BIN_TRACE_RX_ON RX ON -- AntPwr: -117, FreqCtrl: 0x380d5700, OF|AnaGi|AdcAttn|BQ|BWs: 0x07000700, dsp_corr: -1826
2026-09-02 02:16:38.578247 RFHAL_KERNEL_BIN_TRACE_RX_OFF RX OFF -- AntPwr: -114, prev W/NBPM: -93, -114, TF|AltADC|DCI/Q(Q5): 0x001a0b, s: 40177, e: 193780
2026-09-02 02:16:38.581237 RFHAL_KERNEL_BIN_TRACE_RX_ON RX ON -- AntPwr: -116, FreqCtrl: 0x380d5700, OF|AnaGi|AdcAttn|BQ|BWs: 0x07000700, dsp_corr: -1826
2026-09-02 02:16:38.583252 RFHAL_KERNEL_BIN_TRACE_RX_OFF RX OFF -- AntPwr: -114, prev W/NBPM: -93, -114, TF|AltADC|DCI/Q(Q5): 0x001a0b, s: 40124, e: 193727
2026-09-02 02:16:38.586242 RFHAL_KERNEL_BIN_TRACE_RX_ON RX ON -- AntPwr: -116, FreqCtrl: 0x380d5700, OF|AnaGi|AdcAttn|BQ|BWs: 0x07000700, dsp_corr: -1836
2026-09-02 02:16:38.588256 RFHAL_KERNEL_BIN_TRACE_RX_OFF RX OFF -- AntPwr: -113, prev W/NBPM: -93, -113, TF|AltADC|DCI/Q(Q5): 0x001a0b, s: 40173, e: 193776
2026-09-02 02:16:38.591247 RFHAL_KERNEL_BIN_TRACE_RX_ON RX ON -- AntPwr: -116, FreqCtrl: 0x380d5700, OF|AnaGi|AdcAttn|BQ|BWs: 0x07000700, dsp_corr: -1836
2026-09-02 02:16:38.593261 RFHAL_KERNEL_BIN_TRACE_RX_OFF RX OFF -- AntPwr: -116, prev W/NBPM: -93, -116, TF|AltADC|DCI/Q(Q5): 0x001a0b, s: 40159, e: 193762
2026-09-02 02:16:38.596252 RFHAL_KERNEL_BIN_TRACE_RX_ON RX ON -- AntPwr: -116, FreqCtrl: 0x380d5700, OF|AnaGi|AdcAttn|BQ|BWs: 0x07000700, dsp_corr: -1826
2026-09-02 02:16:38.598266 RFHAL_KERNEL_BIN_TRACE_RX_OFF RX OFF -- AntPwr: -114, prev W/NBPM: -93, -114, TF|AltADC|DCI/Q(Q5): 0x001a0b, s: 40176, e: 193779
2026-09-02 02:16:38.601257 RFHAL_KERNEL_BIN_TRACE_RX_ON RX ON -- AntPwr: -116, FreqCtrl: 0x380d5700, OF|AnaGi|AdcAttn|BQ|BWs: 0x07000700, dsp_corr: -1826
2026-09-02 02:16:38.603271 RFHAL_KERNEL_BIN_TRACE_RX_OFF RX OFF -- AntPwr: -115, prev W/NBPM: -93, -115, TF|AltADC|DCI/Q(Q5): 0x001a0b, s: 40121, e: 193724
2026-09-02 02:16:38.606262 RFHAL_KERNEL_BIN_TRACE_RX_ON RX ON -- AntPwr: -116, FreqCtrl: 0x380d5700, OF|AnaGi|AdcAttn|BQ|BWs: 0x07000700, dsp_corr: -1836
2026-09-02 02:16:38.608245 RFHAL_KERNEL_BIN_TRACE_RX_OFF RX OFF -- AntPwr: -114, prev W/NBPM: -93, -114, TF|AltADC|DCI/Q(Q5): 0x001a0b, s: 40173, e: 193776
2026-09-02 02:16:38.611267 RFHAL_KERNEL_BIN_TRACE_RX_ON RX ON -- AntPwr: -117, FreqCtrl: 0x380d5700, OF|AnaGi|AdcAttn|BQ|BWs: 0x07000700, dsp_corr: -1836
2026-09-02 02:16:38.613281 RFHAL_KERNEL_BIN_TRACE_RX_OFF RX OFF -- AntPwr: -115, prev W/NBPM: -93, -115, TF|AltADC|DCI/Q(Q5): 0x001a0b, s: 40161, e: 193764
2026-09-02 02:16:38.616241 RFHAL_KERNEL_BIN_TRACE_RX_ON RX ON -- AntPwr: -117, FreqCtrl: 0x380d5700, OF|AnaGi|AdcAttn|BQ|BWs: 0x07000700, dsp_corr: -1826
2026-09-02 02:16:38.618255 RFHAL_KERNEL_BIN_TRACE_RX_OFF RX OFF -- AntPwr: -115, prev W/NBPM: -93, -115, TF|AltADC|DCI/Q(Q5): 0x001a0b, s: 40174, e: 193777
2026-09-02 02:16:38.621246 RFHAL_KERNEL_BIN_TRACE_RX_ON RX ON -- AntPwr: -117, FreqCtrl: 0x380d5700, OF|AnaGi|AdcAttn|BQ|BWs: 0x07000700, dsp_corr: -1826
2026-09-02 02:16:38.623260 RFHAL_KERNEL_BIN_TRACE_RX_OFF RX OFF -- AntPwr: -116, prev W/NBPM: -93, -116, TF|AltADC|DCI/Q(Q5): 0x001a0b, s: 40126, e: 193729
2026-09-02 02:16:38.626251 RFHAL_KERNEL_BIN_TRACE_RX_ON RX ON -- AntPwr: -117, FreqCtrl: 0x380d5700, OF|AnaGi|AdcAttn|BQ|BWs: 0x07000700, dsp_corr: -1836
2026-09-02 02:16:38.628265 RFHAL_KERNEL_BIN_TRACE_RX_OFF RX OFF -- AntPwr: -114, prev W/NBPM: -93, -114, TF|AltADC|DCI/Q(Q5): 0x001a0b, s: 40173, e: 193776
2026-09-02 02:16:38.631256 RFHAL_KERNEL_BIN_TRACE_RX_ON RX ON -- AntPwr: -117, FreqCtrl: 0x380d5700, OF|AnaGi|AdcAttn|BQ|BWs: 0x07000700, dsp_corr: -1836
2026-09-02 02:16:38.633270 RFHAL_KERNEL_BIN_TRACE_RX_OFF RX OFF -- AntPwr: -115, prev W/NBPM: -93, -115, TF|AltADC|DCI/Q(Q5): 0x001a0b, s: 40158, e: 193761
2026-09-02 02:16:38.636261 RFHAL_KERNEL_BIN_TRACE_RX_ON RX ON -- AntPwr: -117, FreqCtrl: 0x380d5700, OF|AnaGi|AdcAttn|BQ|BWs: 0x07000700, dsp_corr: -1846
2026-09-02 02:16:38.638244 RFHAL_KERNEL_BIN_TRACE_RX_OFF RX OFF -- AntPwr: -116, prev W/NBPM: -93, -116, TF|AltADC|DCI/Q(Q5): 0x001a0b, s: 40174, e: 193777
2026-09-02 02:16:38.641265 RFHAL_KERNEL_BIN_TRACE_RX_ON RX ON -- AntPwr: -117, FreqCtrl: 0x380d5700, OF|AnaGi|AdcAttn|BQ|BWs: 0x07000700, dsp_corr: -1846
2026-09-02 02:16:38.643249 RFHAL_KERNEL_BIN_TRACE_RX_OFF RX OFF -- AntPwr: -113, prev W/NBPM: -93, -113, TF|AltADC|DCI/Q(Q5): 0x001a0b, s: 40124, e: 193727
2026-09-02 02:16:38.646240 RFHAL_KERNEL_BIN_TRACE_RX_ON RX ON -- AntPwr: -117, FreqCtrl: 0x380d5700, OF|AnaGi|AdcAttn|BQ|BWs: 0x07000700, dsp_corr: -1856
2026-09-02 02:16:38.648254 RFHAL_KERNEL_BIN_TRACE_RX_OFF RX OFF -- AntPwr: -114, prev W/NBPM: -93, -114, TF|AltADC|DCI/Q(Q5): 0x001a0b, s: 40169, e: 193772
2026-09-02 02:16:38.651245 RFHAL_KERNEL_BIN_TRACE_RX_ON RX ON -- AntPwr: -117, FreqCtrl: 0x380d5700, OF|AnaGi|AdcAttn|BQ|BWs: 0x07000700, dsp_corr: -1856
2026-09-02 02:16:38.653289 RFHAL_KERNEL_BIN_TRACE_RX_OFF RX OFF -- AntPwr: -114, prev W/NBPM: -93, -114, TF|AltADC|DCI/Q(Q5): 0x001a0b, s: 40161, e: 193764
2026-09-02 02:16:38.656250 RFHAL_KERNEL_BIN_TRACE_RX_ON RX ON -- AntPwr: -117, FreqCtrl: 0x380d5700, OF|AnaGi|AdcAttn|BQ|BWs: 0x07000700, dsp_corr: -1866
2026-09-02 02:16:38.658264 RFHAL_KERNEL_BIN_TRACE_RX_OFF RX OFF -- AntPwr: -114, prev W/NBPM: -93, -114, TF|AltADC|DCI/Q(Q5): 0x001a0b, s: 40173, e: 193776
2026-09-02 02:16:38.661254 RFHAL_KERNEL_BIN_TRACE_RX_ON RX ON -- AntPwr: -117, FreqCtrl: 0x380d5700, OF|AnaGi|AdcAttn|BQ|BWs: 0x07000700, dsp_corr: -1866
2026-09-02 02:16:38.663269 RFHAL_KERNEL_BIN_TRACE_RX_OFF RX OFF -- AntPwr: -114, prev W/NBPM: -93, -114, TF|AltADC|DCI/Q(Q5): 0x001a0b, s: 40129, e: 193732
2026-09-02 02:16:38.666259 RFHAL_KERNEL_BIN_TRACE_RX_ON RX ON -- AntPwr: -117, FreqCtrl: 0x380d5700, OF|AnaGi|AdcAttn|BQ|BWs: 0x07000700, dsp_corr: -1856
2026-09-02 02:16:38.668273 RFHAL_KERNEL_BIN_TRACE_RX_OFF RX OFF -- AntPwr: -115, prev W/NBPM: -92, -115, TF|AltADC|DCI/Q(Q5): 0x001a0b, s: 40174, e: 193777
2026-09-02 02:16:38.671264 RFHAL_KERNEL_BIN_TRACE_RX_ON RX ON -- AntPwr: -117, FreqCtrl: 0x380d5700, OF|AnaGi|AdcAttn|BQ|BWs: 0x07000700, dsp_corr: -1856
2026-09-02 02:16:38.673278 RFHAL_KERNEL_BIN_TRACE_RX_OFF RX OFF -- AntPwr: -114, prev W/NBPM: -93, -114, TF|AltADC|DCI/Q(Q5): 0x001a0b, s: 40158, e: 193761
2026-09-02 02:16:38.676269 RFHAL_KERNEL_BIN_TRACE_RX_ON RX ON -- AntPwr: -117, FreqCtrl: 0x380d5700, OF|AnaGi|AdcAttn|BQ|BWs: 0x07000700, dsp_corr: -1846
2026-09-02 02:16:38.678253 RFHAL_KERNEL_BIN_TRACE_RX_OFF RX OFF -- AntPwr: -115, prev W/NBPM: -93, -115, TF|AltADC|DCI/Q(Q5): 0x001a0b, s: 40179, e: 193782
2026-09-02 02:16:38.681243 RFHAL_KERNEL_BIN_TRACE_RX_ON RX ON -- AntPwr: -117, FreqCtrl: 0x380d5700, OF|AnaGi|AdcAttn|BQ|BWs: 0x07000700, dsp_corr: -1846
2026-09-02 02:16:38.683258 RFHAL_KERNEL_BIN_TRACE_RX_OFF RX OFF -- AntPwr: -114, prev W/NBPM: -93, -114, TF|AltADC|DCI/Q(Q5): 0x001a0b, s: 40123, e: 193726
2026-09-02 02:16:38.686248 RFHAL_KERNEL_BIN_TRACE_RX_ON RX ON -- AntPwr: -117, FreqCtrl: 0x380d5700, OF|AnaGi|AdcAttn|BQ|BWs: 0x07000700, dsp_corr: -1856
2026-09-02 02:16:38.688262 RFHAL_KERNEL_BIN_TRACE_RX_OFF RX OFF -- AntPwr: -114, prev W/NBPM: -93, -114, TF|AltADC|DCI/Q(Q5): 0x001a0b, s: 40173, e: 193776
2026-09-02 02:16:38.691253 RFHAL_KERNEL_BIN_TRACE_RX_ON RX ON -- AntPwr: -117, FreqCtrl: 0x380d5700, OF|AnaGi|AdcAttn|BQ|BWs: 0x07000700, dsp_corr: -1856
2026-09-02 02:16:38.693267 RFHAL_KERNEL_BIN_TRACE_RX_OFF RX OFF -- AntPwr: -114, prev W/NBPM: -93, -114, TF|AltADC|DCI/Q(Q5): 0x001a0b, s: 40157, e: 193760
2026-09-02 02:16:38.696258 RFHAL_KERNEL_BIN_TRACE_RX_ON RX ON -- AntPwr: -117, FreqCtrl: 0x380d5700, OF|AnaGi|AdcAttn|BQ|BWs: 0x07000700, dsp_corr: -1866
2026-09-02 02:16:38.698272 RFHAL_KERNEL_BIN_TRACE_RX_OFF RX OFF -- AntPwr: -113, prev W/NBPM: -93, -113, TF|AltADC|DCI/Q(Q5): 0x001a0b, s: 40173, e: 193776
2026-09-02 02:16:38.701263 RFHAL_KERNEL_BIN_TRACE_RX_ON RX ON -- AntPwr: -117, FreqCtrl: 0x380d5700, OF|AnaGi|AdcAttn|BQ|BWs: 0x07000700, dsp_corr: -1866
2026-09-02 02:16:38.703247 RFHAL_KERNEL_BIN_TRACE_RX_OFF RX OFF -- AntPwr: -115, prev W/NBPM: -92, -115, TF|AltADC|DCI/Q(Q5): 0x001a0b, s: 39688, e: 193291
2026-09-02 02:16:39.102478 RFHAL_KERNEL_BIN_TRACE_RX_ON RX ON -- AntPwr: -117, FreqCtrl: 0x380d5700, OF|AnaGi|AdcAttn|BQ|BWs: 0x07000700, dsp_corr: -1875
2026-09-02 02:16:39.103271 RFHAL_KERNEL_BIN_TRACE_RX_OFF RX OFF -- AntPwr: -117, prev W/NBPM: -93, -115, TF|AltADC|DCI/Q(Q5): 0x001a0b, s: 96673, e: 158273
2026-09-02 02:16:39.106475 RFHAL_KERNEL_BIN_TRACE_RX_ON RX ON -- AntPwr: -115, FreqCtrl: 0x380d5700, OF|AnaGi|AdcAttn|BQ|BWs: 0x07000700, dsp_corr: -1875
2026-09-02 02:16:39.107330 RFHAL_KERNEL_BIN_TRACE_RX_OFF RX OFF -- AntPwr: -115, prev W/NBPM: -93, -114, TF|AltADC|DCI/Q(Q5): 0x001a0b, s: 54906, e: 119066
2026-09-02 02:16:39.112457 RFHAL_KERNEL_BIN_TRACE_RX_ON RX ON -- AntPwr: -114, FreqCtrl: 0x380d5700, OF|AnaGi|AdcAttn|BQ|BWs: 0x07000700, dsp_corr: -1875
2026-09-02 02:16:39.113311 RFHAL_KERNEL_BIN_TRACE_RX_OFF RX OFF -- AntPwr: -114, prev W/NBPM: -93, -114, TF|AltADC|DCI/Q(Q5): 0x001a0b, s: 55035, e: 119195
2026-09-02 02:16:39.122467 RFHAL_KERNEL_BIN_TRACE_RX_ON RX ON -- AntPwr: -114, FreqCtrl: 0x380d5700, OF|AnaGi|AdcAttn|BQ|BWs: 0x07000700, dsp_corr: -1875
2026-09-02 02:16:39.123291 RFHAL_KERNEL_BIN_TRACE_RX_OFF RX OFF -- AntPwr: -114, prev W/NBPM: -92, -114, TF|AltADC|DCI/Q(Q5): 0x001a0b, s: 55028, e: 119188
2026-09-02 02:16:39.126464 RFHAL_KERNEL_BIN_TRACE_RX_ON RX ON -- AntPwr: -114, FreqCtrl: 0x380d5700, OF|AnaGi|AdcAttn|BQ|BWs: 0x07000700, dsp_corr: -1875
2026-09-02 02:16:39.127319 RFHAL_KERNEL_BIN_TRACE_RX_OFF RX OFF -- AntPwr: -114, prev W/NBPM: -93, -113, TF|AltADC|DCI/Q(Q5): 0x001a0b, s: 55817, e: 119977
2026-09-02 02:16:39.132476 RFHAL_KERNEL_BIN_TRACE_RX_ON RX ON -- AntPwr: -113, FreqCtrl: 0x380d5700, OF|AnaGi|AdcAttn|BQ|BWs: 0x07000700, dsp_corr: -1875
2026-09-02 02:16:39.133300 RFHAL_KERNEL_BIN_TRACE_RX_OFF RX OFF -- AntPwr: -113, prev W/NBPM: -93, -116, TF|AltADC|DCI/Q(Q5): 0x001a0b, s: 55038, e: 119198
2026-09-02 02:16:39.142456 RFHAL_KERNEL_BIN_TRACE_RX_ON RX ON -- AntPwr: -116, FreqCtrl: 0x380d5700, OF|AnaGi|AdcAttn|BQ|BWs: 0x07000700, dsp_corr: -1875
2026-09-02 02:16:39.143310 RFHAL_KERNEL_BIN_TRACE_RX_OFF RX OFF -- AntPwr: -116, prev W/NBPM: -92, -115, TF|AltADC|DCI/Q(Q5): 0x001a0b, s: 55032, e: 119192
2026-09-02 02:16:39.146453 RFHAL_KERNEL_BIN_TRACE_RX_ON RX ON -- AntPwr: -115, FreqCtrl: 0x380d5700, OF|AnaGi|AdcAttn|BQ|BWs: 0x07000700, dsp_corr: -1875
2026-09-02 02:16:39.147308 RFHAL_KERNEL_BIN_TRACE_RX_OFF RX OFF -- AntPwr: -115, prev W/NBPM: -93, -117, TF|AltADC|DCI/Q(Q5): 0x001a0b, s: 55818, e: 119978
2026-09-02 02:16:39.152465 RFHAL_KERNEL_BIN_TRACE_RX_ON RX ON -- AntPwr: -117, FreqCtrl: 0x380d5700, OF|AnaGi|AdcAttn|BQ|BWs: 0x07000700, dsp_corr: -1875
2026-09-02 02:16:39.153289 RFHAL_KERNEL_BIN_TRACE_RX_OFF RX OFF -- AntPwr: -117, prev W/NBPM: -93, -114, TF|AltADC|DCI/Q(Q5): 0x001a0b, s: 55041, e: 119201
2026-09-02 02:16:39.162475 RFHAL_KERNEL_BIN_TRACE_RX_ON RX ON -- AntPwr: -114, FreqCtrl: 0x380d5700, OF|AnaGi|AdcAttn|BQ|BWs: 0x07000700, dsp_corr: -1875
2026-09-02 02:16:39.163299 RFHAL_KERNEL_BIN_TRACE_RX_OFF RX OFF -- AntPwr: -114, prev W/NBPM: -93, -114, TF|AltADC|DCI/Q(Q5): 0x001a0b, s: 55029, e: 119189
2026-09-02 02:16:39.166473 RFHAL_KERNEL_BIN_TRACE_RX_ON RX ON -- AntPwr: -114, FreqCtrl: 0x380d5700, OF|AnaGi|AdcAttn|BQ|BWs: 0x07000700, dsp_corr: -1875
2026-09-02 02:16:39.167327 RFHAL_KERNEL_BIN_TRACE_RX_OFF RX OFF -- AntPwr: -114, prev W/NBPM: -93, -115, TF|AltADC|DCI/Q(Q5): 0x001a0b, s: 55818, e: 119978
2026-09-02 02:16:39.172454 RFHAL_KERNEL_BIN_TRACE_RX_ON RX ON -- AntPwr: -115, FreqCtrl: 0x380d5700, OF|AnaGi|AdcAttn|BQ|BWs: 0x07000700, dsp_corr: -1875
2026-09-02 02:16:39.173309 RFHAL_KERNEL_BIN_TRACE_RX_OFF RX OFF -- AntPwr: -115, prev W/NBPM: -93, -116, TF|AltADC|DCI/Q(Q5): 0x001a0b, s: 55304, e: 119464
2026-09-02 02:16:39.182464 RFHAL_KERNEL_BIN_TRACE_RX_ON RX ON -- AntPwr: -116, FreqCtrl: 0x380d5700, OF|AnaGi|AdcAttn|BQ|BWs: 0x07000700, dsp_corr: -1875
2026-09-02 02:16:39.183288 RFHAL_KERNEL_BIN_TRACE_RX_OFF RX OFF -- AntPwr: -116, prev W/NBPM: -93, -115, TF|AltADC|DCI/Q(Q5): 0x001a0b, s: 54553, e: 118713
2026-09-02 02:16:39.197265 RFHAL_KERNEL_BIN_TRACE_RX_ON RX ON -- AntPwr: -115, FreqCtrl: 0x380d5700, OF|AnaGi|AdcAttn|BQ|BWs: 0x07000700, dsp_corr: -2105
2026-09-02 02:16:39.198272 RFHAL_KERNEL_BIN_TRACE_RX_OFF RX OFF -- AntPwr: -115, prev W/NBPM: -93, -115, TF|AltADC|DCI/Q(Q5): 0x001a0b, s: 39393, e: 116196
2026-09-02 02:16:39.201263 RFHAL_KERNEL_BIN_TRACE_RX_ON RX ON -- AntPwr: -116, FreqCtrl: 0x380d5700, OF|AnaGi|AdcAttn|BQ|BWs: 0x07000700, dsp_corr: -2105
2026-09-02 02:16:39.203277 RFHAL_KERNEL_BIN_TRACE_RX_OFF RX OFF -- AntPwr: -116, prev W/NBPM: -92, -116, TF|AltADC|DCI/Q(Q5): 0x001a0b, s: 40113, e: 193716
2026-09-02 02:16:39.206268 RFHAL_KERNEL_BIN_TRACE_RX_ON RX ON -- AntPwr: -116, FreqCtrl: 0x380d5700, OF|AnaGi|AdcAttn|BQ|BWs: 0x07000700, dsp_corr: -2095
2026-09-02 02:16:39.208282 RFHAL_KERNEL_BIN_TRACE_RX_OFF RX OFF -- AntPwr: -115, prev W/NBPM: -93, -115, TF|AltADC|DCI/Q(Q5): 0x001a0b, s: 40167, e: 193770
2026-09-02 02:16:39.211273 RFHAL_KERNEL_BIN_TRACE_RX_ON RX ON -- AntPwr: -116, FreqCtrl: 0x380d5700, OF|AnaGi|AdcAttn|BQ|BWs: 0x07000700, dsp_corr: -2095
2026-09-02 02:16:39.213287 RFHAL_KERNEL_BIN_TRACE_RX_OFF RX OFF -- AntPwr: -115, prev W/NBPM: -93, -115, TF|AltADC|DCI/Q(Q5): 0x001a0b, s: 40159, e: 193762
2026-09-02 02:16:39.216278 RFHAL_KERNEL_BIN_TRACE_RX_ON RX ON -- AntPwr: -116, FreqCtrl: 0x380d5700, OF|AnaGi|AdcAttn|BQ|BWs: 0x07000700, dsp_corr: -2085
2026-09-02 02:16:39.218261 RFHAL_KERNEL_BIN_TRACE_RX_OFF RX OFF -- AntPwr: -114, prev W/NBPM: -93, -114, TF|AltADC|DCI/Q(Q5): 0x001a0b, s: 40173, e: 193776
2026-09-02 02:16:39.221283 RFHAL_KERNEL_BIN_TRACE_RX_ON RX ON -- AntPwr: -117, FreqCtrl: 0x380d5700, OF|AnaGi|AdcAttn|BQ|BWs: 0x07000700, dsp_corr: -2085
2026-09-02 02:16:39.223266 RFHAL_KERNEL_BIN_TRACE_RX_OFF RX OFF -- AntPwr: -115, prev W/NBPM: -93, -115, TF|AltADC|DCI/Q(Q5): 0x001a0b, s: 40122, e: 193725
2026-09-02 02:16:39.226287 RFHAL_KERNEL_BIN_TRACE_RX_ON RX ON -- AntPwr: -117, FreqCtrl: 0x380d5700, OF|AnaGi|AdcAttn|BQ|BWs: 0x07000700, dsp_corr: -2095
2026-09-02 02:16:39.228271 RFHAL_KERNEL_BIN_TRACE_RX_OFF RX OFF -- AntPwr: -114, prev W/NBPM: -93, -114, TF|AltADC|DCI/Q(Q5): 0x001a0b, s: 40174, e: 193777
2026-09-02 02:16:39.231262 RFHAL_KERNEL_BIN_TRACE_RX_ON RX ON -- AntPwr: -117, FreqCtrl: 0x380d5700, OF|AnaGi|AdcAttn|BQ|BWs: 0x07000700, dsp_corr: -2095
2026-09-02 02:16:39.233306 RFHAL_KERNEL_BIN_TRACE_RX_OFF RX OFF -- AntPwr: -115, prev W/NBPM: -93, -115, TF|AltADC|DCI/Q(Q5): 0x001a0b, s: 40160, e: 193763
2026-09-02 02:16:39.236267 RFHAL_KERNEL_BIN_TRACE_RX_ON RX ON -- AntPwr: -117, FreqCtrl: 0x380d5700, OF|AnaGi|AdcAttn|BQ|BWs: 0x07000700, dsp_corr: -2085
2026-09-02 02:16:39.238281 RFHAL_KERNEL_BIN_TRACE_RX_OFF RX OFF -- AntPwr: -115, prev W/NBPM: -93, -115, TF|AltADC|DCI/Q(Q5): 0x001a0b, s: 40174, e: 193777
2026-09-02 02:16:39.241272 RFHAL_KERNEL_BIN_TRACE_RX_ON RX ON -- AntPwr: -117, FreqCtrl: 0x380d5700, OF|AnaGi|AdcAttn|BQ|BWs: 0x07000700, dsp_corr: -2085
2026-09-02 02:16:39.243286 RFHAL_KERNEL_BIN_TRACE_RX_OFF RX OFF -- AntPwr: -114, prev W/NBPM: -93, -114, TF|AltADC|DCI/Q(Q5): 0x001a0b, s: 40126, e: 193729
2026-09-02 02:16:39.246276 RFHAL_KERNEL_BIN_TRACE_RX_ON RX ON -- AntPwr: -117, FreqCtrl: 0x380d5700, OF|AnaGi|AdcAttn|BQ|BWs: 0x07000700, dsp_corr: -2095
2026-09-02 02:16:39.248291 RFHAL_KERNEL_BIN_TRACE_RX_OFF RX OFF -- AntPwr: -115, prev W/NBPM: -93, -115, TF|AltADC|DCI/Q(Q5): 0x001a0b, s: 40174, e: 193777
2026-09-02 02:16:39.251281 RFHAL_KERNEL_BIN_TRACE_RX_ON RX ON -- AntPwr: -116, FreqCtrl: 0x380d5700, OF|AnaGi|AdcAttn|BQ|BWs: 0x07000700, dsp_corr: -2095
2026-09-02 02:16:39.253295 RFHAL_KERNEL_BIN_TRACE_RX_OFF RX OFF -- AntPwr: -113, prev W/NBPM: -93, -113, TF|AltADC|DCI/Q(Q5): 0x001a0b, s: 40160, e: 193763
2026-09-02 02:16:39.256286 RFHAL_KERNEL_BIN_TRACE_RX_ON RX ON -- AntPwr: -116, FreqCtrl: 0x380d5700, OF|AnaGi|AdcAttn|BQ|BWs: 0x07000700, dsp_corr: -2085
2026-09-02 02:16:39.258270 RFHAL_KERNEL_BIN_TRACE_RX_OFF RX OFF -- AntPwr: -114, prev W/NBPM: -93, -114, TF|AltADC|DCI/Q(Q5): 0x001a0b, s: 40172, e: 193775
2026-09-02 02:16:39.261261 RFHAL_KERNEL_BIN_TRACE_RX_ON RX ON -- AntPwr: -116, FreqCtrl: 0x380d5700, OF|AnaGi|AdcAttn|BQ|BWs: 0x07000700, dsp_corr: -2085
2026-09-02 02:16:39.263275 RFHAL_KERNEL_BIN_TRACE_RX_OFF RX OFF -- AntPwr: -114, prev W/NBPM: -92, -114, TF|AltADC|DCI/Q(Q5): 0x001a0b, s: 40124, e: 193727
2026-09-02 02:16:39.266265 RFHAL_KERNEL_BIN_TRACE_RX_ON RX ON -- AntPwr: -116, FreqCtrl: 0x380d5700, OF|AnaGi|AdcAttn|BQ|BWs: 0x07000700, dsp_corr: -2095
2026-09-02 02:16:39.268280 RFHAL_KERNEL_BIN_TRACE_RX_OFF RX OFF -- AntPwr: -115, prev W/NBPM: -92, -115, TF|AltADC|DCI/Q(Q5): 0x001a0b, s: 40173, e: 193776
2026-09-02 02:16:39.271270 RFHAL_KERNEL_BIN_TRACE_RX_ON RX ON -- AntPwr: -116, FreqCtrl: 0x380d5700, OF|AnaGi|AdcAttn|BQ|BWs: 0x07000700, dsp_corr: -2095
2026-09-02 02:16:39.273284 RFHAL_KERNEL_BIN_TRACE_RX_OFF RX OFF -- AntPwr: -115, prev W/NBPM: -93, -115, TF|AltADC|DCI/Q(Q5): 0x001a0b, s: 40158, e: 193761
2026-09-02 02:16:39.276275 RFHAL_KERNEL_BIN_TRACE_RX_ON RX ON -- AntPwr: -116, FreqCtrl: 0x380d5700, OF|AnaGi|AdcAttn|BQ|BWs: 0x07000700, dsp_corr: -2105
2026-09-02 02:16:39.278289 RFHAL_KERNEL_BIN_TRACE_RX_OFF RX OFF -- AntPwr: -114, prev W/NBPM: -93, -114, TF|AltADC|DCI/Q(Q5): 0x001a0b, s: 40174, e: 193777
2026-09-02 02:16:39.281280 RFHAL_KERNEL_BIN_TRACE_RX_ON RX ON -- AntPwr: -116, FreqCtrl: 0x380d5700, OF|AnaGi|AdcAttn|BQ|BWs: 0x07000700, dsp_corr: -2105
2026-09-02 02:16:39.283264 RFHAL_KERNEL_BIN_TRACE_RX_OFF RX OFF -- AntPwr: -115, prev W/NBPM: -92, -115, TF|AltADC|DCI/Q(Q5): 0x001a0b, s: 40122, e: 193725
2026-09-02 02:16:39.286285 RFHAL_KERNEL_BIN_TRACE_RX_ON RX ON -- AntPwr: -116, FreqCtrl: 0x380d5700, OF|AnaGi|AdcAttn|BQ|BWs: 0x07000700, dsp_corr: -2095
2026-09-02 02:16:39.288269 RFHAL_KERNEL_BIN_TRACE_RX_OFF RX OFF -- AntPwr: -115, prev W/NBPM: -93, -115, TF|AltADC|DCI/Q(Q5): 0x001a0b, s: 40169, e: 193772
2026-09-02 02:16:39.291290 RFHAL_KERNEL_BIN_TRACE_RX_ON RX ON -- AntPwr: -116, FreqCtrl: 0x380d5700, OF|AnaGi|AdcAttn|BQ|BWs: 0x07000700, dsp_corr: -2095
2026-09-02 02:16:39.293304 RFHAL_KERNEL_BIN_TRACE_RX_OFF RX OFF -- AntPwr: -114, prev W/NBPM: -93, -114, TF|AltADC|DCI/Q(Q5): 0x001a0b, s: 40158, e: 193761
2026-09-02 02:16:39.296264 RFHAL_KERNEL_BIN_TRACE_RX_ON RX ON -- AntPwr: -116, FreqCtrl: 0x380d5700, OF|AnaGi|AdcAttn|BQ|BWs: 0x07000700, dsp_corr: -2105
2026-09-02 02:16:39.298278 RFHAL_KERNEL_BIN_TRACE_RX_OFF RX OFF -- AntPwr: -114, prev W/NBPM: -93, -114, TF|AltADC|DCI/Q(Q5): 0x001a0b, s: 40174, e: 193777
2026-09-02 02:16:39.301269 RFHAL_KERNEL_BIN_TRACE_RX_ON RX ON -- AntPwr: -116, FreqCtrl: 0x380d5700, OF|AnaGi|AdcAttn|BQ|BWs: 0x07000700, dsp_corr: -2105
2026-09-02 02:16:39.303283 RFHAL_KERNEL_BIN_TRACE_RX_OFF RX OFF -- AntPwr: -115, prev W/NBPM: -92, -115, TF|AltADC|DCI/Q(Q5): 0x001a0b, s: 40124, e: 193727
2026-09-02 02:16:39.306274 RFHAL_KERNEL_BIN_TRACE_RX_ON RX ON -- AntPwr: -116, FreqCtrl: 0x380d5700, OF|AnaGi|AdcAttn|BQ|BWs: 0x07000700, dsp_corr: -2115
2026-09-02 02:16:39.308288 RFHAL_KERNEL_BIN_TRACE_RX_OFF RX OFF -- AntPwr: -116, prev W/NBPM: -93, -116, TF|AltADC|DCI/Q(Q5): 0x001a0b, s: 40171, e: 193774
2026-09-02 02:16:39.311279 RFHAL_KERNEL_BIN_TRACE_RX_ON RX ON -- AntPwr: -117, FreqCtrl: 0x380d5700, OF|AnaGi|AdcAttn|BQ|BWs: 0x07000700, dsp_corr: -2115
2026-09-02 02:16:39.313293 RFHAL_KERNEL_BIN_TRACE_RX_OFF RX OFF -- AntPwr: -114, prev W/NBPM: -92, -114, TF|AltADC|DCI/Q(Q5): 0x001a0b, s: 40160, e: 193763
2026-09-02 02:16:39.316284 RFHAL_KERNEL_BIN_TRACE_RX_ON RX ON -- AntPwr: -117, FreqCtrl: 0x380d5700, OF|AnaGi|AdcAttn|BQ|BWs: 0x07000700, dsp_corr: -2105
2026-09-02 02:16:39.318267 RFHAL_KERNEL_BIN_TRACE_RX_OFF RX OFF -- AntPwr: -113, prev W/NBPM: -93, -113, TF|AltADC|DCI/Q(Q5): 0x001a0b, s: 40171, e: 193774
2026-09-02 02:16:39.321289 RFHAL_KERNEL_BIN_TRACE_RX_ON RX ON -- AntPwr: -117, FreqCtrl: 0x380d5700, OF|AnaGi|AdcAttn|BQ|BWs: 0x07000700, dsp_corr: -2105
2026-09-02 02:16:39.323272 RFHAL_KERNEL_BIN_TRACE_RX_OFF RX OFF -- AntPwr: -115, prev W/NBPM: -93, -115, TF|AltADC|DCI/Q(Q5): 0x001a0b, s: 40127, e: 193730
2026-09-02 02:16:39.326263 RFHAL_KERNEL_BIN_TRACE_RX_ON RX ON -- AntPwr: -117, FreqCtrl: 0x380d5700, OF|AnaGi|AdcAttn|BQ|BWs: 0x07000700, dsp_corr: -2115
2026-09-02 02:16:39.328277 RFHAL_KERNEL_BIN_TRACE_RX_OFF RX OFF -- AntPwr: -114, prev W/NBPM: -92, -114, TF|AltADC|DCI/Q(Q5): 0x001a0b, s: 40171, e: 193774
2026-09-02 02:16:39.331268 RFHAL_KERNEL_BIN_TRACE_RX_ON RX ON -- AntPwr: -117, FreqCtrl: 0x380d5700, OF|AnaGi|AdcAttn|BQ|BWs: 0x07000700, dsp_corr: -2115
2026-09-02 02:16:39.333313 RFHAL_KERNEL_BIN_TRACE_RX_OFF RX OFF -- AntPwr: -115, prev W/NBPM: -93, -115, TF|AltADC|DCI/Q(Q5): 0x001a0b, s: 40159, e: 193762
2026-09-02 02:16:39.336273 RFHAL_KERNEL_BIN_TRACE_RX_ON RX ON -- AntPwr: -117, FreqCtrl: 0x380d5700, OF|AnaGi|AdcAttn|BQ|BWs: 0x07000700, dsp_corr: -2125
2026-09-02 02:16:39.338287 RFHAL_KERNEL_BIN_TRACE_RX_OFF RX OFF -- AntPwr: -114, prev W/NBPM: -93, -114, TF|AltADC|DCI/Q(Q5): 0x001a0b, s: 40167, e: 193770
2026-09-02 02:16:39.341278 RFHAL_KERNEL_BIN_TRACE_RX_ON RX ON -- AntPwr: -117, FreqCtrl: 0x380d5700, OF|AnaGi|AdcAttn|BQ|BWs: 0x07000700, dsp_corr: -2125
2026-09-02 02:16:39.343292 RFHAL_KERNEL_BIN_TRACE_RX_OFF RX OFF -- AntPwr: -117, prev W/NBPM: -93, -117, TF|AltADC|DCI/Q(Q5): 0x001a0b, s: 39691, e: 193294
2026-09-02 02:16:39.742492 RFHAL_KERNEL_BIN_TRACE_RX_ON RX ON -- AntPwr: -117, FreqCtrl: 0x380d5700, OF|AnaGi|AdcAttn|BQ|BWs: 0x07000700, dsp_corr: -2135
2026-09-02 02:16:39.743316 RFHAL_KERNEL_BIN_TRACE_RX_OFF RX OFF -- AntPwr: -117, prev W/NBPM: -93, -113, TF|AltADC|DCI/Q(Q5): 0x001a0b, s: 97080, e: 158680
2026-09-02 02:16:39.746490 RFHAL_KERNEL_BIN_TRACE_RX_ON RX ON -- AntPwr: -113, FreqCtrl: 0x380d5700, OF|AnaGi|AdcAttn|BQ|BWs: 0x07000700, dsp_corr: -2135
2026-09-02 02:16:39.747345 RFHAL_KERNEL_BIN_TRACE_RX_OFF RX OFF -- AntPwr: -113, prev W/NBPM: -93, -113, TF|AltADC|DCI/Q(Q5): 0x001a0b, s: 54908, e: 119068
2026-09-02 02:16:39.752471 RFHAL_KERNEL_BIN_TRACE_RX_ON RX ON -- AntPwr: -113, FreqCtrl: 0x380d5700, OF|AnaGi|AdcAttn|BQ|BWs: 0x07000700, dsp_corr: -2135
2026-09-02 02:16:39.753326 RFHAL_KERNEL_BIN_TRACE_RX_OFF RX OFF -- AntPwr: -113, prev W/NBPM: -93, -113, TF|AltADC|DCI/Q(Q5): 0x001a0b, s: 55036, e: 119196
2026-09-02 02:16:39.762481 RFHAL_KERNEL_BIN_TRACE_RX_ON RX ON -- AntPwr: -113, FreqCtrl: 0x380d5700, OF|AnaGi|AdcAttn|BQ|BWs: 0x07000700, dsp_corr: -2135
2026-09-02 02:16:39.763336 RFHAL_KERNEL_BIN_TRACE_RX_OFF RX OFF -- AntPwr: -113, prev W/NBPM: -93, -114, TF|AltADC|DCI/Q(Q5): 0x001a0b, s: 55034, e: 119194
2026-09-02 02:16:39.766479 RFHAL_KERNEL_BIN_TRACE_RX_ON RX ON -- AntPwr: -114, FreqCtrl: 0x380d5700, OF|AnaGi|AdcAttn|BQ|BWs: 0x07000700, dsp_corr: -2135
2026-09-02 02:16:39.767334 RFHAL_KERNEL_BIN_TRACE_RX_OFF RX OFF -- AntPwr: -114, prev W/NBPM: -93, -111, TF|AltADC|DCI/Q(Q5): 0x001a0b, s: 55819, e: 119979
2026-09-02 02:16:39.772491 RFHAL_KERNEL_BIN_TRACE_RX_ON RX ON -- AntPwr: -111, FreqCtrl: 0x380d5700, OF|AnaGi|AdcAttn|BQ|BWs: 0x07000700, dsp_corr: -2135
2026-09-02 02:16:39.773315 RFHAL_KERNEL_BIN_TRACE_RX_OFF RX OFF -- AntPwr: -111, prev W/NBPM: -93, -112, TF|AltADC|DCI/Q(Q5): 0x001a0b, s: 55040, e: 119200
2026-09-02 02:16:39.782470 RFHAL_KERNEL_BIN_TRACE_RX_ON RX ON -- AntPwr: -112, FreqCtrl: 0x380d5700, OF|AnaGi|AdcAttn|BQ|BWs: 0x07000700, dsp_corr: -2135
2026-09-02 02:16:39.783325 RFHAL_KERNEL_BIN_TRACE_RX_OFF RX OFF -- AntPwr: -112, prev W/NBPM: -92, -113, TF|AltADC|DCI/Q(Q5): 0x001a0b, s: 55032, e: 119192
2026-09-02 02:16:39.837280 RFHAL_KERNEL_BIN_TRACE_RX_ON RX ON -- AntPwr: -113, FreqCtrl: 0x380d5700, OF|AnaGi|AdcAttn|BQ|BWs: 0x07000700, dsp_corr: -2267
2026-09-02 02:16:39.838287 RFHAL_KERNEL_BIN_TRACE_RX_OFF RX OFF -- AntPwr: -113, prev W/NBPM: -93, -115, TF|AltADC|DCI/Q(Q5): 0x001a0b, s: 39388, e: 116191
2026-09-02 02:16:39.841308 RFHAL_KERNEL_BIN_TRACE_RX_ON RX ON -- AntPwr: -114, FreqCtrl: 0x380d5700, OF|AnaGi|AdcAttn|BQ|BWs: 0x07000700, dsp_corr: -2267
2026-09-02 02:16:39.843292 RFHAL_KERNEL_BIN_TRACE_RX_OFF RX OFF -- AntPwr: -113, prev W/NBPM: -93, -113, TF|AltADC|DCI/Q(Q5): 0x001a0b, s: 40114, e: 193717
2026-09-02 02:16:39.846283 RFHAL_KERNEL_BIN_TRACE_RX_ON RX ON -- AntPwr: -114, FreqCtrl: 0x380d5700, OF|AnaGi|AdcAttn|BQ|BWs: 0x07000700, dsp_corr: -2277
2026-09-02 02:16:39.848297 RFHAL_KERNEL_BIN_TRACE_RX_OFF RX OFF -- AntPwr: -116, prev W/NBPM: -93, -116, TF|AltADC|DCI/Q(Q5): 0x001a0b, s: 40168, e: 193771
2026-09-02 02:16:39.851287 RFHAL_KERNEL_BIN_TRACE_RX_ON RX ON -- AntPwr: -114, FreqCtrl: 0x380d5700, OF|AnaGi|AdcAttn|BQ|BWs: 0x07000700, dsp_corr: -2277
2026-09-02 02:16:39.853302 RFHAL_KERNEL_BIN_TRACE_RX_OFF RX OFF -- AntPwr: -113, prev W/NBPM: -93, -113, TF|AltADC|DCI/Q(Q5): 0x001a0b, s: 40156, e: 193759
2026-09-02 02:16:39.856292 RFHAL_KERNEL_BIN_TRACE_RX_ON RX ON -- AntPwr: -114, FreqCtrl: 0x380d5700, OF|AnaGi|AdcAttn|BQ|BWs: 0x07000700, dsp_corr: -2287
2026-09-02 02:16:39.858306 RFHAL_KERNEL_BIN_TRACE_RX_OFF RX OFF -- AntPwr: -113, prev W/NBPM: -93, -113, TF|AltADC|DCI/Q(Q5): 0x001a0b, s: 40170, e: 193773
2026-09-02 02:16:39.861297 RFHAL_KERNEL_BIN_TRACE_RX_ON RX ON -- AntPwr: -115, FreqCtrl: 0x380d5700, OF|AnaGi|AdcAttn|BQ|BWs: 0x07000700, dsp_corr: -2287
2026-09-02 02:16:39.863311 RFHAL_KERNEL_BIN_TRACE_RX_OFF RX OFF -- AntPwr: -113, prev W/NBPM: -92, -113, TF|AltADC|DCI/Q(Q5): 0x001a0b, s: 40126, e: 193729
2026-09-02 02:16:39.866302 RFHAL_KERNEL_BIN_TRACE_RX_ON RX ON -- AntPwr: -115, FreqCtrl: 0x380d5700, OF|AnaGi|AdcAttn|BQ|BWs: 0x07000700, dsp_corr: -2297
2026-09-02 02:16:39.868286 RFHAL_KERNEL_BIN_TRACE_RX_OFF RX OFF -- AntPwr: -113, prev W/NBPM: -93, -113, TF|AltADC|DCI/Q(Q5): 0x001a0b, s: 40173, e: 193776
2026-09-02 02:16:39.871307 RFHAL_KERNEL_BIN_TRACE_RX_ON RX ON -- AntPwr: -115, FreqCtrl: 0x380d5700, OF|AnaGi|AdcAttn|BQ|BWs: 0x07000700, dsp_corr: -2297
2026-09-02 02:16:39.873321 RFHAL_KERNEL_BIN_TRACE_RX_OFF RX OFF -- AntPwr: -113, prev W/NBPM: -93, -113, TF|AltADC|DCI/Q(Q5): 0x001a0b, s: 40163, e: 193766
2026-09-02 02:16:39.876281 RFHAL_KERNEL_BIN_TRACE_RX_ON RX ON -- AntPwr: -115, FreqCtrl: 0x380d5700, OF|AnaGi|AdcAttn|BQ|BWs: 0x07000700, dsp_corr: -2307
2026-09-02 02:16:39.878295 RFHAL_KERNEL_BIN_TRACE_RX_OFF RX OFF -- AntPwr: -113, prev W/NBPM: -93, -113, TF|AltADC|DCI/Q(Q5): 0x001a0b, s: 40172, e: 193775
2026-09-02 02:16:39.881286 RFHAL_KERNEL_BIN_TRACE_RX_ON RX ON -- AntPwr: -115, FreqCtrl: 0x380d5700, OF|AnaGi|AdcAttn|BQ|BWs: 0x07000700, dsp_corr: -2307
2026-09-02 02:16:39.883300 RFHAL_KERNEL_BIN_TRACE_RX_OFF RX OFF -- AntPwr: -113, prev W/NBPM: -93, -113, TF|AltADC|DCI/Q(Q5): 0x001a0b, s: 40124, e: 193727
2026-09-02 02:16:39.886291 RFHAL_KERNEL_BIN_TRACE_RX_ON RX ON -- AntPwr: -115, FreqCtrl: 0x380d5700, OF|AnaGi|AdcAttn|BQ|BWs: 0x07000700, dsp_corr: -2316
2026-09-02 02:16:39.888305 RFHAL_KERNEL_BIN_TRACE_RX_OFF RX OFF -- AntPwr: -113, prev W/NBPM: -93, -113, TF|AltADC|DCI/Q(Q5): 0x001a0b, s: 40175, e: 193778
2026-09-02 02:16:39.891296 RFHAL_KERNEL_BIN_TRACE_RX_ON RX ON -- AntPwr: -115, FreqCtrl: 0x380d5700, OF|AnaGi|AdcAttn|BQ|BWs: 0x07000700, dsp_corr: -2316
2026-09-02 02:16:39.893310 RFHAL_KERNEL_BIN_TRACE_RX_OFF RX OFF -- AntPwr: -113, prev W/NBPM: -93, -113, TF|AltADC|DCI/Q(Q5): 0x001a0b, s: 40160, e: 193763
2026-09-02 02:16:39.896301 RFHAL_KERNEL_BIN_TRACE_RX_ON RX ON -- AntPwr: -115, FreqCtrl: 0x380d5700, OF|AnaGi|AdcAttn|BQ|BWs: 0x07000700, dsp_corr: -2307
2026-09-02 02:16:39.898315 RFHAL_KERNEL_BIN_TRACE_RX_OFF RX OFF -- AntPwr: -113, prev W/NBPM: -93, -113, TF|AltADC|DCI/Q(Q5): 0x001a0b, s: 40175, e: 193778
2026-09-02 02:16:39.901306 RFHAL_KERNEL_BIN_TRACE_RX_ON RX ON -- AntPwr: -114, FreqCtrl: 0x380d5700, OF|AnaGi|AdcAttn|BQ|BWs: 0x07000700, dsp_corr: -2307
2026-09-02 02:16:39.903289 RFHAL_KERNEL_BIN_TRACE_RX_OFF RX OFF -- AntPwr: -113, prev W/NBPM: -93, -113, TF|AltADC|DCI/Q(Q5): 0x001a0b, s: 40127, e: 193730
2026-09-02 02:16:39.906311 RFHAL_KERNEL_BIN_TRACE_RX_ON RX ON -- AntPwr: -114, FreqCtrl: 0x380d5700, OF|AnaGi|AdcAttn|BQ|BWs: 0x07000700, dsp_corr: -2316
2026-09-02 02:16:39.908294 RFHAL_KERNEL_BIN_TRACE_RX_OFF RX OFF -- AntPwr: -113, prev W/NBPM: -93, -113, TF|AltADC|DCI/Q(Q5): 0x001a0b, s: 40172, e: 193775
2026-09-02 02:16:39.911285 RFHAL_KERNEL_BIN_TRACE_RX_ON RX ON -- AntPwr: -114, FreqCtrl: 0x380d5700, OF|AnaGi|AdcAttn|BQ|BWs: 0x07000700, dsp_corr: -2316
2026-09-02 02:16:39.913330 RFHAL_KERNEL_BIN_TRACE_RX_OFF RX OFF -- AntPwr: -115, prev W/NBPM: -93, -115, TF|AltADC|DCI/Q(Q5): 0x001a0b, s: 40161, e: 193764
2026-09-02 02:16:39.916290 RFHAL_KERNEL_BIN_TRACE_RX_ON RX ON -- AntPwr: -114, FreqCtrl: 0x380d5700, OF|AnaGi|AdcAttn|BQ|BWs: 0x07000700, dsp_corr: -2326
2026-09-02 02:16:39.918304 RFHAL_KERNEL_BIN_TRACE_RX_OFF RX OFF -- AntPwr: -113, prev W/NBPM: -92, -113, TF|AltADC|DCI/Q(Q5): 0x001a0b, s: 40174, e: 193777
2026-09-02 02:16:39.921295 RFHAL_KERNEL_BIN_TRACE_RX_ON RX ON -- AntPwr: -114, FreqCtrl: 0x380d5700, OF|AnaGi|AdcAttn|BQ|BWs: 0x07000700, dsp_corr: -2326
2026-09-02 02:16:39.923309 RFHAL_KERNEL_BIN_TRACE_RX_OFF RX OFF -- AntPwr: -113, prev W/NBPM: -93, -113, TF|AltADC|DCI/Q(Q5): 0x001a0b, s: 40124, e: 193727
2026-09-02 02:16:39.926300 RFHAL_KERNEL_BIN_TRACE_RX_ON RX ON -- AntPwr: -114, FreqCtrl: 0x380d5700, OF|AnaGi|AdcAttn|BQ|BWs: 0x07000700, dsp_corr: -2326
2026-09-02 02:16:39.928314 RFHAL_KERNEL_BIN_TRACE_RX_OFF RX OFF -- AntPwr: -115, prev W/NBPM: -93, -115, TF|AltADC|DCI/Q(Q5): 0x001a0b, s: 40175, e: 193778
2026-09-02 02:16:39.931304 RFHAL_KERNEL_BIN_TRACE_RX_ON RX ON -- AntPwr: -114, FreqCtrl: 0x380d5700, OF|AnaGi|AdcAttn|BQ|BWs: 0x07000700, dsp_corr: -2326
2026-09-02 02:16:39.933319 RFHAL_KERNEL_BIN_TRACE_RX_OFF RX OFF -- AntPwr: -113, prev W/NBPM: -93, -113, TF|AltADC|DCI/Q(Q5): 0x001a0b, s: 40158, e: 193761
2026-09-02 02:16:39.936309 RFHAL_KERNEL_BIN_TRACE_RX_ON RX ON -- AntPwr: -114, FreqCtrl: 0x380d5700, OF|AnaGi|AdcAttn|BQ|BWs: 0x07000700, dsp_corr: -2316
2026-09-02 02:16:39.938293 RFHAL_KERNEL_BIN_TRACE_RX_OFF RX OFF -- AntPwr: -113, prev W/NBPM: -93, -113, TF|AltADC|DCI/Q(Q5): 0x001a0b, s: 40174, e: 193777
2026-09-02 02:16:39.941284 RFHAL_KERNEL_BIN_TRACE_RX_ON RX ON -- AntPwr: -114, FreqCtrl: 0x380d5700, OF|AnaGi|AdcAttn|BQ|BWs: 0x07000700, dsp_corr: -2316
2026-09-02 02:16:39.943298 RFHAL_KERNEL_BIN_TRACE_RX_OFF RX OFF -- AntPwr: -115, prev W/NBPM: -93, -115, TF|AltADC|DCI/Q(Q5): 0x001a0b, s: 40124, e: 193727
2026-09-02 02:16:39.946289 RFHAL_KERNEL_BIN_TRACE_RX_ON RX ON -- AntPwr: -114, FreqCtrl: 0x380d5700, OF|AnaGi|AdcAttn|BQ|BWs: 0x07000700, dsp_corr: -2326
2026-09-02 02:16:39.948303 RFHAL_KERNEL_BIN_TRACE_RX_OFF RX OFF -- AntPwr: -113, prev W/NBPM: -93, -113, TF|AltADC|DCI/Q(Q5): 0x001a0b, s: 40174, e: 193777
2026-09-02 02:16:39.951293 RFHAL_KERNEL_BIN_TRACE_RX_ON RX ON -- AntPwr: -114, FreqCtrl: 0x380d5700, OF|AnaGi|AdcAttn|BQ|BWs: 0x07000700, dsp_corr: -2326
2026-09-02 02:16:39.953308 RFHAL_KERNEL_BIN_TRACE_RX_OFF RX OFF -- AntPwr: -114, prev W/NBPM: -93, -114, TF|AltADC|DCI/Q(Q5): 0x001a0b, s: 40159, e: 193762
2026-09-02 02:16:39.956298 RFHAL_KERNEL_BIN_TRACE_RX_ON RX ON -- AntPwr: -114, FreqCtrl: 0x380d5700, OF|AnaGi|AdcAttn|BQ|BWs: 0x07000700, dsp_corr: -2316
2026-09-02 02:16:39.958313 RFHAL_KERNEL_BIN_TRACE_RX_OFF RX OFF -- AntPwr: -113, prev W/NBPM: -93, -113, TF|AltADC|DCI/Q(Q5): 0x001a0b, s: 40177, e: 193780
2026-09-02 02:16:39.961303 RFHAL_KERNEL_BIN_TRACE_RX_ON RX ON -- AntPwr: -114, FreqCtrl: 0x380d5700, OF|AnaGi|AdcAttn|BQ|BWs: 0x07000700, dsp_corr: -2316
2026-09-02 02:16:39.963317 RFHAL_KERNEL_BIN_TRACE_RX_OFF RX OFF -- AntPwr: -112, prev W/NBPM: -93, -112, TF|AltADC|DCI/Q(Q5): 0x001a0b, s: 40128, e: 193731
2026-09-02 02:16:39.966308 RFHAL_KERNEL_BIN_TRACE_RX_ON RX ON -- AntPwr: -114, FreqCtrl: 0x380d5700, OF|AnaGi|AdcAttn|BQ|BWs: 0x07000700, dsp_corr: -2326
2026-09-02 02:16:39.968292 RFHAL_KERNEL_BIN_TRACE_RX_OFF RX OFF -- AntPwr: -113, prev W/NBPM: -93, -113, TF|AltADC|DCI/Q(Q5): 0x001a0b, s: 40173, e: 193776
2026-09-02 02:16:39.971313 RFHAL_KERNEL_BIN_TRACE_RX_ON RX ON -- AntPwr: -114, FreqCtrl: 0x380d5700, OF|AnaGi|AdcAttn|BQ|BWs: 0x07000700, dsp_corr: -2326
2026-09-02 02:16:39.973327 RFHAL_KERNEL_BIN_TRACE_RX_OFF RX OFF -- AntPwr: -113, prev W/NBPM: -93, -113, TF|AltADC|DCI/Q(Q5): 0x001a0b, s: 40158, e: 193761
2026-09-02 02:16:39.976287 RFHAL_KERNEL_BIN_TRACE_RX_ON RX ON -- AntPwr: -114, FreqCtrl: 0x380d5700, OF|AnaGi|AdcAttn|BQ|BWs: 0x07000700, dsp_corr: -2336
2026-09-02 02:16:39.978302 RFHAL_KERNEL_BIN_TRACE_RX_OFF RX OFF -- AntPwr: -114, prev W/NBPM: -93, -114, TF|AltADC|DCI/Q(Q5): 0x001a0b, s: 40177, e: 193780
2026-09-02 02:16:39.981292 RFHAL_KERNEL_BIN_TRACE_RX_ON RX ON -- AntPwr: -114, FreqCtrl: 0x380d5700, OF|AnaGi|AdcAttn|BQ|BWs: 0x07000700, dsp_corr: -2336
2026-09-02 02:16:39.983306 RFHAL_KERNEL_BIN_TRACE_RX_OFF RX OFF -- AntPwr: -113, prev W/NBPM: -93, -113, TF|AltADC|DCI/Q(Q5): 0x001a0b, s: 39686, e: 193289
2026-09-02 02:16:40.382507 RFHAL_KERNEL_BIN_TRACE_RX_ON RX ON -- AntPwr: -114, FreqCtrl: 0x380d5700, OF|AnaGi|AdcAttn|BQ|BWs: 0x07000700, dsp_corr: -2346
2026-09-02 02:16:40.383331 RFHAL_KERNEL_BIN_TRACE_RX_OFF RX OFF -- AntPwr: -114, prev W/NBPM: -93, -112, TF|AltADC|DCI/Q(Q5): 0x001a0b, s: 95404, e: 157004
2026-09-02 02:16:40.386505 RFHAL_KERNEL_BIN_TRACE_RX_ON RX ON -- AntPwr: -112, FreqCtrl: 0x380d5700, OF|AnaGi|AdcAttn|BQ|BWs: 0x07000700, dsp_corr: -2346
2026-09-02 02:16:40.387359 RFHAL_KERNEL_BIN_TRACE_RX_OFF RX OFF -- AntPwr: -112, prev W/NBPM: -93, -113, TF|AltADC|DCI/Q(Q5): 0x001a0b, s: 54907, e: 119067
2026-09-02 02:16:40.392517 RFHAL_KERNEL_BIN_TRACE_RX_ON RX ON -- AntPwr: -113, FreqCtrl: 0x380d5700, OF|AnaGi|AdcAttn|BQ|BWs: 0x07000700, dsp_corr: -2346
2026-09-02 02:16:40.393341 RFHAL_KERNEL_BIN_TRACE_RX_OFF RX OFF -- AntPwr: -113, prev W/NBPM: -92, -112, TF|AltADC|DCI/Q(Q5): 0x001a0b, s: 55039, e: 119199
2026-09-02 02:16:40.402496 RFHAL_KERNEL_BIN_TRACE_RX_ON RX ON -- AntPwr: -112, FreqCtrl: 0x380d5700, OF|AnaGi|AdcAttn|BQ|BWs: 0x07000700, dsp_corr: -2346
2026-09-02 02:16:40.403350 RFHAL_KERNEL_BIN_TRACE_RX_OFF RX OFF -- AntPwr: -112, prev W/NBPM: -93, -113, TF|AltADC|DCI/Q(Q5): 0x001a0b, s: 55035, e: 119195
2026-09-02 02:16:40.477325 RFHAL_KERNEL_BIN_TRACE_RX_ON RX ON -- AntPwr: -113, FreqCtrl: 0x380d5700, OF|AnaGi|AdcAttn|BQ|BWs: 0x07000700, dsp_corr: -2441
2026-09-02 02:16:40.478332 RFHAL_KERNEL_BIN_TRACE_RX_OFF RX OFF -- AntPwr: -113, prev W/NBPM: -93, -113, TF|AltADC|DCI/Q(Q5): 0x001a0b, s: 39398, e: 116201
2026-09-02 02:16:40.481323 RFHAL_KERNEL_BIN_TRACE_RX_ON RX ON -- AntPwr: -114, FreqCtrl: 0x380d5700, OF|AnaGi|AdcAttn|BQ|BWs: 0x07000700, dsp_corr: -2440
2026-09-02 02:16:40.483306 RFHAL_KERNEL_BIN_TRACE_RX_OFF RX OFF -- AntPwr: -112, prev W/NBPM: -93, -112, TF|AltADC|DCI/Q(Q5): 0x001a0b, s: 40110, e: 193713
2026-09-02 02:16:40.486328 RFHAL_KERNEL_BIN_TRACE_RX_ON RX ON -- AntPwr: -114, FreqCtrl: 0x380d5700, OF|AnaGi|AdcAttn|BQ|BWs: 0x07000700, dsp_corr: -2450
2026-09-02 02:16:40.488311 RFHAL_KERNEL_BIN_TRACE_RX_OFF RX OFF -- AntPwr: -111, prev W/NBPM: -93, -111, TF|AltADC|DCI/Q(Q5): 0x001a0b, s: 40169, e: 193772
2026-09-02 02:16:40.491302 RFHAL_KERNEL_BIN_TRACE_RX_ON RX ON -- AntPwr: -114, FreqCtrl: 0x380d5700, OF|AnaGi|AdcAttn|BQ|BWs: 0x07000700, dsp_corr: -2450
2026-09-02 02:16:40.493347 RFHAL_KERNEL_BIN_TRACE_RX_OFF RX OFF -- AntPwr: -112, prev W/NBPM: -93, -112, TF|AltADC|DCI/Q(Q5): 0x001a0b, s: 40159, e: 193762
2026-09-02 02:16:40.496307 RFHAL_KERNEL_BIN_TRACE_RX_ON RX ON -- AntPwr: -114, FreqCtrl: 0x380d5700, OF|AnaGi|AdcAttn|BQ|BWs: 0x07000700, dsp_corr: -2460
2026-09-02 02:16:40.498321 RFHAL_KERNEL_BIN_TRACE_RX_OFF RX OFF -- AntPwr: -112, prev W/NBPM: -93, -112, TF|AltADC|DCI/Q(Q5): 0x001a0b, s: 40177, e: 193780
2026-09-02 02:16:40.501312 RFHAL_KERNEL_BIN_TRACE_RX_ON RX ON -- AntPwr: -114, FreqCtrl: 0x380d5700, OF|AnaGi|AdcAttn|BQ|BWs: 0x07000700, dsp_corr: -2460
2026-09-02 02:16:40.503326 RFHAL_KERNEL_BIN_TRACE_RX_OFF RX OFF -- AntPwr: -113, prev W/NBPM: -92, -113, TF|AltADC|DCI/Q(Q5): 0x001a0b, s: 40127, e: 193730
2026-09-02 02:16:40.506317 RFHAL_KERNEL_BIN_TRACE_RX_ON RX ON -- AntPwr: -114, FreqCtrl: 0x380d5700, OF|AnaGi|AdcAttn|BQ|BWs: 0x07000700, dsp_corr: -2470
2026-09-02 02:16:40.508331 RFHAL_KERNEL_BIN_TRACE_RX_OFF RX OFF -- AntPwr: -112, prev W/NBPM: -93, -112, TF|AltADC|DCI/Q(Q5): 0x001a0b, s: 40173, e: 193776
2026-09-02 02:16:40.511322 RFHAL_KERNEL_BIN_TRACE_RX_ON RX ON -- AntPwr: -114, FreqCtrl: 0x380d5700, OF|AnaGi|AdcAttn|BQ|BWs: 0x07000700, dsp_corr: -2470
2026-09-02 02:16:40.513336 RFHAL_KERNEL_BIN_TRACE_RX_OFF RX OFF -- AntPwr: -113, prev W/NBPM: -93, -113, TF|AltADC|DCI/Q(Q5): 0x001a0b, s: 40158, e: 193761
2026-09-02 02:16:40.516326 RFHAL_KERNEL_BIN_TRACE_RX_ON RX ON -- AntPwr: -114, FreqCtrl: 0x380d5700, OF|AnaGi|AdcAttn|BQ|BWs: 0x07000700, dsp_corr: -2480
2026-09-02 02:16:40.518310 RFHAL_KERNEL_BIN_TRACE_RX_OFF RX OFF -- AntPwr: -114, prev W/NBPM: -93, -114, TF|AltADC|DCI/Q(Q5): 0x001a0b, s: 40175, e: 193778
2026-09-02 02:16:40.521331 RFHAL_KERNEL_BIN_TRACE_RX_ON RX ON -- AntPwr: -115, FreqCtrl: 0x380d5700, OF|AnaGi|AdcAttn|BQ|BWs: 0x07000700, dsp_corr: -2480
2026-09-02 02:16:40.523315 RFHAL_KERNEL_BIN_TRACE_RX_OFF RX OFF -- AntPwr: -113, prev W/NBPM: -93, -113, TF|AltADC|DCI/Q(Q5): 0x001a0b, s: 40124, e: 193727
2026-09-02 02:16:40.526306 RFHAL_KERNEL_BIN_TRACE_RX_ON RX ON -- AntPwr: -115, FreqCtrl: 0x380d5700, OF|AnaGi|AdcAttn|BQ|BWs: 0x07000700, dsp_corr: -2490
2026-09-02 02:16:40.528320 RFHAL_KERNEL_BIN_TRACE_RX_OFF RX OFF -- AntPwr: -113, prev W/NBPM: -93, -113, TF|AltADC|DCI/Q(Q5): 0x001a0b, s: 40174, e: 193777
2026-09-02 02:16:40.531311 RFHAL_KERNEL_BIN_TRACE_RX_ON RX ON -- AntPwr: -115, FreqCtrl: 0x380d5700, OF|AnaGi|AdcAttn|BQ|BWs: 0x07000700, dsp_corr: -2490
2026-09-02 02:16:40.533325 RFHAL_KERNEL_BIN_TRACE_RX_OFF RX OFF -- AntPwr: -114, prev W/NBPM: -92, -114, TF|AltADC|DCI/Q(Q5): 0x001a0b, s: 40159, e: 193762
2026-09-02 02:16:40.536315 RFHAL_KERNEL_BIN_TRACE_RX_ON RX ON -- AntPwr: -115, FreqCtrl: 0x380d5700, OF|AnaGi|AdcAttn|BQ|BWs: 0x07000700, dsp_corr: -2499
2026-09-02 02:16:40.538330 RFHAL_KERNEL_BIN_TRACE_RX_OFF RX OFF -- AntPwr: -114, prev W/NBPM: -93, -114, TF|AltADC|DCI/Q(Q5): 0x001a0b, s: 40175, e: 193778
2026-09-02 02:16:40.541320 RFHAL_KERNEL_BIN_TRACE_RX_ON RX ON -- AntPwr: -115, FreqCtrl: 0x380d5700, OF|AnaGi|AdcAttn|BQ|BWs: 0x07000700, dsp_corr: -2499
2026-09-02 02:16:40.543335 RFHAL_KERNEL_BIN_TRACE_RX_OFF RX OFF -- AntPwr: -113, prev W/NBPM: -93, -113, TF|AltADC|DCI/Q(Q5): 0x001a0b, s: 40127, e: 193730
2026-09-02 02:16:40.546325 RFHAL_KERNEL_BIN_TRACE_RX_ON RX ON -- AntPwr: -115, FreqCtrl: 0x380d5700, OF|AnaGi|AdcAttn|BQ|BWs: 0x07000700, dsp_corr: -2499
2026-09-02 02:16:40.548309 RFHAL_KERNEL_BIN_TRACE_RX_OFF RX OFF -- AntPwr: -114, prev W/NBPM: -93, -114, TF|AltADC|DCI/Q(Q5): 0x001a0b, s: 40176, e: 193779
2026-09-02 02:16:40.551330 RFHAL_KERNEL_BIN_TRACE_RX_ON RX ON -- AntPwr: -115, FreqCtrl: 0x380d5700, OF|AnaGi|AdcAttn|BQ|BWs: 0x07000700, dsp_corr: -2499
2026-09-02 02:16:40.553344 RFHAL_KERNEL_BIN_TRACE_RX_OFF RX OFF -- AntPwr: -113, prev W/NBPM: -92, -113, TF|AltADC|DCI/Q(Q5): 0x001a0b, s: 40159, e: 193762
2026-09-02 02:16:40.556304 RFHAL_KERNEL_BIN_TRACE_RX_ON RX ON -- AntPwr: -115, FreqCtrl: 0x380d5700, OF|AnaGi|AdcAttn|BQ|BWs: 0x07000700, dsp_corr: -2509
2026-09-02 02:16:40.558319 RFHAL_KERNEL_BIN_TRACE_RX_OFF RX OFF -- AntPwr: -113, prev W/NBPM: -93, -113, TF|AltADC|DCI/Q(Q5): 0x001a0b, s: 40174, e: 193777
2026-09-02 02:16:40.561309 RFHAL_KERNEL_BIN_TRACE_RX_ON RX ON -- AntPwr: -115, FreqCtrl: 0x380d5700, OF|AnaGi|AdcAttn|BQ|BWs: 0x07000700, dsp_corr: -2509
2026-09-02 02:16:40.563324 RFHAL_KERNEL_BIN_TRACE_RX_OFF RX OFF -- AntPwr: -112, prev W/NBPM: -93, -112, TF|AltADC|DCI/Q(Q5): 0x001a0b, s: 40126, e: 193729
2026-09-02 02:16:40.566314 RFHAL_KERNEL_BIN_TRACE_RX_ON RX ON -- AntPwr: -115, FreqCtrl: 0x380d5700, OF|AnaGi|AdcAttn|BQ|BWs: 0x07000700, dsp_corr: -2519
2026-09-02 02:16:40.568328 RFHAL_KERNEL_BIN_TRACE_RX_OFF RX OFF -- AntPwr: -112, prev W/NBPM: -93, -112, TF|AltADC|DCI/Q(Q5): 0x001a0b, s: 40174, e: 193777
2026-09-02 02:16:40.571319 RFHAL_KERNEL_BIN_TRACE_RX_ON RX ON -- AntPwr: -115, FreqCtrl: 0x380d5700, OF|AnaGi|AdcAttn|BQ|BWs: 0x07000700, dsp_corr: -2519
2026-09-02 02:16:40.573333 RFHAL_KERNEL_BIN_TRACE_RX_OFF RX OFF -- AntPwr: -112, prev W/NBPM: -93, -112, TF|AltADC|DCI/Q(Q5): 0x001a0b, s: 40159, e: 193762
2026-09-02 02:16:40.576324 RFHAL_KERNEL_BIN_TRACE_RX_ON RX ON -- AntPwr: -115, FreqCtrl: 0x380d5700, OF|AnaGi|AdcAttn|BQ|BWs: 0x07000700, dsp_corr: -2519
2026-09-02 02:16:40.578338 RFHAL_KERNEL_BIN_TRACE_RX_OFF RX OFF -- AntPwr: -114, prev W/NBPM: -93, -114, TF|AltADC|DCI/Q(Q5): 0x001a0b, s: 40176, e: 193779
2026-09-02 02:16:40.581329 RFHAL_KERNEL_BIN_TRACE_RX_ON RX ON -- AntPwr: -115, FreqCtrl: 0x380d5700, OF|AnaGi|AdcAttn|BQ|BWs: 0x07000700, dsp_corr: -2519
2026-09-02 02:16:40.583313 RFHAL_KERNEL_BIN_TRACE_RX_OFF RX OFF -- AntPwr: -112, prev W/NBPM: -93, -112, TF|AltADC|DCI/Q(Q5): 0x001a0b, s: 40125, e: 193728
2026-09-02 02:16:40.586334 RFHAL_KERNEL_BIN_TRACE_RX_ON RX ON -- AntPwr: -115, FreqCtrl: 0x380d5700, OF|AnaGi|AdcAttn|BQ|BWs: 0x07000700, dsp_corr: -2519
2026-09-02 02:16:40.588317 RFHAL_KERNEL_BIN_TRACE_RX_OFF RX OFF -- AntPwr: -113, prev W/NBPM: -93, -113, TF|AltADC|DCI/Q(Q5): 0x001a0b, s: 40173, e: 193776
2026-09-02 02:16:40.591308 RFHAL_KERNEL_BIN_TRACE_RX_ON RX ON -- AntPwr: -114, FreqCtrl: 0x380d5700, OF|AnaGi|AdcAttn|BQ|BWs: 0x07000700, dsp_corr: -2519
2026-09-02 02:16:40.593353 RFHAL_KERNEL_BIN_TRACE_RX_OFF RX OFF -- AntPwr: -113, prev W/NBPM: -93, -113, TF|AltADC|DCI/Q(Q5): 0x001a0b, s: 40158, e: 193761
2026-09-02 02:16:40.596313 RFHAL_KERNEL_BIN_TRACE_RX_ON RX ON -- AntPwr: -114, FreqCtrl: 0x380d5700, OF|AnaGi|AdcAttn|BQ|BWs: 0x07000700, dsp_corr: -2509
2026-09-02 02:16:40.598327 RFHAL_KERNEL_BIN_TRACE_RX_OFF RX OFF -- AntPwr: -113, prev W/NBPM: -93, -113, TF|AltADC|DCI/Q(Q5): 0x001a0b, s: 40177, e: 193780
2026-09-02 02:16:40.601318 RFHAL_KERNEL_BIN_TRACE_RX_ON RX ON -- AntPwr: -114, FreqCtrl: 0x380d5700, OF|AnaGi|AdcAttn|BQ|BWs: 0x07000700, dsp_corr: -2509
2026-09-02 02:16:40.603332 RFHAL_KERNEL_BIN_TRACE_RX_OFF RX OFF -- AntPwr: -114, prev W/NBPM: -93, -114, TF|AltADC|DCI/Q(Q5): 0x001a0b, s: 40124, e: 193727
2026-09-02 02:16:40.606323 RFHAL_KERNEL_BIN_TRACE_RX_ON RX ON -- AntPwr: -114, FreqCtrl: 0x380d5700, OF|AnaGi|AdcAttn|BQ|BWs: 0x07000700, dsp_corr: -2519
2026-09-02 02:16:40.608337 RFHAL_KERNEL_BIN_TRACE_RX_OFF RX OFF -- AntPwr: -113, prev W/NBPM: -93, -113, TF|AltADC|DCI/Q(Q5): 0x001a0b, s: 40173, e: 193776
2026-09-02 02:16:40.611328 RFHAL_KERNEL_BIN_TRACE_RX_ON RX ON -- AntPwr: -114, FreqCtrl: 0x380d5700, OF|AnaGi|AdcAttn|BQ|BWs: 0x07000700, dsp_corr: -2519
2026-09-02 02:16:40.613342 RFHAL_KERNEL_BIN_TRACE_RX_OFF RX OFF -- AntPwr: -112, prev W/NBPM: -92, -112, TF|AltADC|DCI/Q(Q5): 0x001a0b, s: 40163, e: 193766
2026-09-02 02:16:40.616333 RFHAL_KERNEL_BIN_TRACE_RX_ON RX ON -- AntPwr: -114, FreqCtrl: 0x380d5700, OF|AnaGi|AdcAttn|BQ|BWs: 0x07000700, dsp_corr: -2529
2026-09-02 02:16:40.618316 RFHAL_KERNEL_BIN_TRACE_RX_OFF RX OFF -- AntPwr: -112, prev W/NBPM: -93, -112, TF|AltADC|DCI/Q(Q5): 0x001a0b, s: 40176, e: 193779
2026-09-02 02:16:40.621307 RFHAL_KERNEL_BIN_TRACE_RX_ON RX ON -- AntPwr: -114, FreqCtrl: 0x380d5700, OF|AnaGi|AdcAttn|BQ|BWs: 0x07000700, dsp_corr: -2529
2026-09-02 02:16:40.623321 RFHAL_KERNEL_BIN_TRACE_RX_OFF RX OFF -- AntPwr: -112, prev W/NBPM: -93, -112, TF|AltADC|DCI/Q(Q5): 0x001a0b, s: 39688, e: 193291
2026-09-02 02:16:40.624115 ERRC_PDU_TYPE_BCCH_SIB1_NB ERRC PDU: SystemInformationBlockType1-NB
2026-09-02 02:16:40.624115 ERRC_PEER_MSG_NB_SIB1 System Information Block 1 (SIB1-NB) [4054c0c80a5e00020000002000ff4008a0040030482ad2143640000000000000000000000000000000]
2026-09-02 02:16:40.624939 ERRC_PDU_TYPE_BCCH_SI_NB ERRC PDU: SystemInformation-NB
2026-09-02 02:16:40.624939 ERRC_PEER_MSG_NB_SI System Information (SI-NB) [004240217fffe0074a0da00201929020a23302a2934b14c0000dc85040710001803c22005006000000018200e400000000000000000000]
2026-09-02 02:16:40.862548 RFHAL_KERNEL_BIN_TRACE_RX_ON RX ON -- AntPwr: -114, FreqCtrl: 0x380d5700, OF|AnaGi|AdcAttn|BQ|BWs: 0x07000700, dsp_corr: -2539
2026-09-02 02:16:40.863342 RFHAL_KERNEL_BIN_TRACE_RX_OFF RX OFF -- AntPwr: -114, prev W/NBPM: -93, -113, TF|AltADC|DCI/Q(Q5): 0x001a0b, s: 94013, e: 155613
2026-09-02 02:16:40.866516 RFHAL_KERNEL_BIN_TRACE_RX_ON RX ON -- AntPwr: -113, FreqCtrl: 0x380d5700, OF|AnaGi|AdcAttn|BQ|BWs: 0x07000700, dsp_corr: -2539
2026-09-02 02:16:40.867370 RFHAL_KERNEL_BIN_TRACE_RX_OFF RX OFF -- AntPwr: -113, prev W/NBPM: -93, -113, TF|AltADC|DCI/Q(Q5): 0x001a0b, s: 54517, e: 118677
2026-09-02 02:16:40.872528 RFHAL_KERNEL_BIN_TRACE_RX_ON RX ON -- AntPwr: -113, FreqCtrl: 0x380d5700, OF|AnaGi|AdcAttn|BQ|BWs: 0x07000700, dsp_corr: -2539
2026-09-02 02:16:40.873352 RFHAL_KERNEL_BIN_TRACE_RX_OFF RX OFF -- AntPwr: -113, prev W/NBPM: -93, -113, TF|AltADC|DCI/Q(Q5): 0x001a0b, s: 54647, e: 118807
2026-09-02 02:16:40.882507 RFHAL_KERNEL_BIN_TRACE_RX_ON RX ON -- AntPwr: -113, FreqCtrl: 0x380d5700, OF|AnaGi|AdcAttn|BQ|BWs: 0x07000700, dsp_corr: -2539
2026-09-02 02:16:40.883361 RFHAL_KERNEL_BIN_TRACE_RX_OFF RX OFF -- AntPwr: -113, prev W/NBPM: -93, -114, TF|AltADC|DCI/Q(Q5): 0x001a0b, s: 54645, e: 118805
2026-09-02 02:16:40.886535 RFHAL_KERNEL_BIN_TRACE_RX_ON RX ON -- AntPwr: -114, FreqCtrl: 0x380d5700, OF|AnaGi|AdcAttn|BQ|BWs: 0x07000700, dsp_corr: -2539
2026-09-02 02:16:40.887359 RFHAL_KERNEL_BIN_TRACE_RX_OFF RX OFF -- AntPwr: -114, prev W/NBPM: -93, -113, TF|AltADC|DCI/Q(Q5): 0x001a0b, s: 55426, e: 119586
2026-09-02 02:16:40.892517 RFHAL_KERNEL_BIN_TRACE_RX_ON RX ON -- AntPwr: -113, FreqCtrl: 0x380d5700, OF|AnaGi|AdcAttn|BQ|BWs: 0x07000700, dsp_corr: -2539
2026-09-02 02:16:40.893371 RFHAL_KERNEL_BIN_TRACE_RX_OFF RX OFF -- AntPwr: -113, prev W/NBPM: -93, -113, TF|AltADC|DCI/Q(Q5): 0x001a0b, s: 54652, e: 118812
2026-09-02 02:16:40.902526 RFHAL_KERNEL_BIN_TRACE_RX_ON RX ON -- AntPwr: -113, FreqCtrl: 0x380d5700, OF|AnaGi|AdcAttn|BQ|BWs: 0x07000700, dsp_corr: -2539
2026-09-02 02:16:40.903350 RFHAL_KERNEL_BIN_TRACE_RX_OFF RX OFF -- AntPwr: -113, prev W/NBPM: -93, -113, TF|AltADC|DCI/Q(Q5): 0x001a0b, s: 54647, e: 118807
2026-09-02 02:16:40.953338 RFHAL_KERNEL_BIN_TRACE_RX_ON RX ON -- AntPwr: -113, FreqCtrl: 0x380d5700, OF|AnaGi|AdcAttn|BQ|BWs: 0x07000700, dsp_corr: -2603
2026-09-02 02:16:40.970336 RFHAL_KERNEL_BIN_TRACE_RX_OFF RX OFF -- AntPwr: -116, prev W/NBPM: -93, -113, TF|AltADC|DCI/Q(Q5): 0x001a0b, s: 38740, e: 1344343
2026-09-02 02:16:40.988342 RFHAL_KERNEL_BIN_TRACE_RX_ON RX ON -- AntPwr: -116, FreqCtrl: 0x380d5700, OF|AnaGi|AdcAttn|BQ|BWs: 0x07000700, dsp_corr: -2622
2026-09-02 02:16:41.010345 RFHAL_KERNEL_BIN_TRACE_RX_OFF RX OFF -- AntPwr: -117, prev W/NBPM: -93, -113, TF|AltADC|DCI/Q(Q5): 0x001a0b, s: 38672, e: 1728275
2026-09-02 02:16:41.010833 ERRC_PDU_TYPE_BCCH_SI_NB ERRC PDU: SystemInformation-NB
2026-09-02 02:16:41.010833 ERRC_PEER_MSG_NB_SI System Information (SI-NB) [002145c08b1d971c8597c75fe2d64345413b3a83d800000140a0000000000000000000000000000000]
2026-09-02 02:16:41.013214 L1_DEFAULT_INFO_PAGING_DRX earfcn 229232 pci: 22 ue_id: 47 paging_cycle: 128 drx_sys_frame_num_offset: 47 drx_sub_frame_num_offset: 0 drx_nb: 0
2026-09-02 02:16:41.013275 L1_DEFAULT_INFO_SERVING_CELL_MEASUREMENTS earfcn: 229232, pci: 22, rsrp: -134, rsrq: -18, SNR: -5
2026-09-02 02:16:41.014068 L23_ERRC_3GPP_TIMER_START 11 START, timeout 1000 ms
2026-09-02 02:16:41.014099 L23_DEFAULT_INFO_SCELL_ID plmn_id: 90197, band_indicator: 256, tracking_area_code: 1, cell_id: 1
2026-09-02 02:16:41.014099 L23_ERRC_3GPP_TIMER_START 12 START, timeout 86400000 ms
2026-09-02 02:16:41.014221 L23_DEFAULT_INFO_RRCSTATECHANGEEVENT RRC State: 2
2026-09-02 02:16:41.015869 L23_DEFAULT_INFO_EMM_STATE_VALUE emm_state: 3, emm_substate: 0
2026-09-02 02:16:41.016571 NAS_PDU_ATTACH_REQUEST_W_PDN_CONNECTIVITY_REQUEST ATTACH REQUEST(PDN CONNECTIVITY REQUEST) [07417108991034005008153009f0f000000084080008002d020ed0317b002680802110010b0010810600000000830600000000000d00000300000a00001000001600001900f5c1]
2026-09-02 02:16:41.017273 L23_AT_STRING <= +CEREG: 2,"0001","00000001",14\r\n
2026-09-02 02:16:41.021942 RFHAL_KERNEL_BIN_TRACE_RX_ON RX ON -- AntPwr: -103, FreqCtrl: 0x380d5700, OF|AnaGi|AdcAttn|BQ|BWs: 0x07000700, dsp_corr: -2632
2026-09-02 02:16:41.033569 APDU_TRANSPORT_DONE_INFO [00a408040000047fff6fe40168]
2026-09-02 02:16:41.033569 APDU_RECEIVED_R_APDU_DATA [621a8205422100360183026fe48a01058b036f0605800200368801c09000]
2026-09-02 02:16:41.035003 L1_DEFAULT_INFO_SERVING_CELL_MEASUREMENTS earfcn: 229232, pci: 22, rsrp: -134, rsrq: -18, SNR: -5
2026-09-02 02:16:41.042938 RFHAL_KERNEL_BIN_TRACE_RX_OFF RX OFF -- AntPwr: -112, prev W/NBPM: -92, -113, TF|AltADC|DCI/Q(Q5): 0x001a0b, s: 562989, e: 2175789
2026-09-02 02:16:41.045227 L23_DEFAULT_INFO_RRCSTATECHANGEEVENT RRC State: 3
2026-09-02 02:16:41.045257 L23_ERRC_3GPP_TIMER_START 0 START, timeout 2500 ms
2026-09-02 02:16:41.046325 RFHAL_KERNEL_BIN_TRACE_RX_ON RX ON -- AntPwr: -117, FreqCtrl: 0x380d5700, OF|AnaGi|AdcAttn|BQ|BWs: 0x07000700, dsp_corr: -2644
2026-09-02 02:16:41.054107 APDU_TRANSPORT_DONE_INFO [00dc010436a034800107812046c76eab42632603451de8f27110c65ae9adf5774ea4f99e40dafb4aeb3eeeeb820400000004830400000002840102]
2026-09-02 02:16:41.085449 APDU_TRANSPORT_DONE_INFO [9000]
2026-09-02 02:16:41.085449 L1_DEFAULT_INFO_SERVING_CELL_MEASUREMENTS earfcn: 229232, pci: 22, rsrp: -134, rsrq: -17, SNR: -5
2026-09-02 02:16:41.086334 RFHAL_KERNEL_BIN_TRACE_RX_OFF RX OFF -- AntPwr: -116, prev W/NBPM: -93, -114, TF|AltADC|DCI/Q(Q5): 0x001a0b, s: 39862, e: 3111865
2026-09-02 02:16:42.040954 L1_DEFAULT_INFO_SERVING_CELL_MEASUREMENTS earfcn: 229232, pci: 22, rsrp: -133, rsrq: -17, SNR: -5
2026-09-02 02:16:42.042572 RFHAL_KERNEL_BIN_TRACE_RX_ON RX ON -- AntPwr: -116, FreqCtrl: 0x380d5700, OF|AnaGi|AdcAttn|BQ|BWs: 0x07000700, dsp_corr: -2991
2026-09-02 02:16:42.043396 RFHAL_KERNEL_BIN_TRACE_RX_OFF RX OFF -- AntPwr: -116, prev W/NBPM: -93, -114, TF|AltADC|DCI/Q(Q5): 0x001a0b, s: 87264, e: 148864
2026-09-02 02:16:42.046569 RFHAL_KERNEL_BIN_TRACE_RX_ON RX ON -- AntPwr: -114, FreqCtrl: 0x380d5700, OF|AnaGi|AdcAttn|BQ|BWs: 0x07000700, dsp_corr: -2992
2026-09-02 02:16:42.047424 RFHAL_KERNEL_BIN_TRACE_RX_OFF RX OFF -- AntPwr: -114, prev W/NBPM: -93, -114, TF|AltADC|DCI/Q(Q5): 0x001a0b, s: 54930, e: 119090
2026-09-02 02:16:42.052551 RFHAL_KERNEL_BIN_TRACE_RX_ON RX ON -- AntPwr: -114, FreqCtrl: 0x380d5700, OF|AnaGi|AdcAttn|BQ|BWs: 0x07000700, dsp_corr: -2994
2026-09-02 02:16:42.053405 RFHAL_KERNEL_BIN_TRACE_RX_OFF RX OFF -- AntPwr: -114, prev W/NBPM: -92, -113, TF|AltADC|DCI/Q(Q5): 0x001a0b, s: 54828, e: 118988
2026-09-02 02:16:42.062561 RFHAL_KERNEL_BIN_TRACE_RX_ON RX ON -- AntPwr: -113, FreqCtrl: 0x380d5700, OF|AnaGi|AdcAttn|BQ|BWs: 0x07000700, dsp_corr: -2998
2026-09-02 02:16:42.063415 RFHAL_KERNEL_BIN_TRACE_RX_OFF RX OFF -- AntPwr: -113, prev W/NBPM: -93, -115, TF|AltADC|DCI/Q(Q5): 0x001a0b, s: 54820, e: 118980
2026-09-02 02:16:42.066558 RFHAL_KERNEL_BIN_TRACE_RX_ON RX ON -- AntPwr: -115, FreqCtrl: 0x380d5700, OF|AnaGi|AdcAttn|BQ|BWs: 0x07000700, dsp_corr: -2999
2026-09-02 02:16:42.067413 RFHAL_KERNEL_BIN_TRACE_RX_OFF RX OFF -- AntPwr: -115, prev W/NBPM: -93, -115, TF|AltADC|DCI/Q(Q5): 0x001a0b, s: 55851, e: 120011
2026-09-02 02:16:42.072570 RFHAL_KERNEL_BIN_TRACE_RX_ON RX ON -- AntPwr: -115, FreqCtrl: 0x380d5700, OF|AnaGi|AdcAttn|BQ|BWs: 0x07000700, dsp_corr: -3001
2026-09-02 02:16:42.073394 RFHAL_KERNEL_BIN_TRACE_RX_OFF RX OFF -- AntPwr: -115, prev W/NBPM: -92, -114, TF|AltADC|DCI/Q(Q5): 0x001a0b, s: 54829, e: 118989
2026-09-02 02:16:42.082550 RFHAL_KERNEL_BIN_TRACE_RX_ON RX ON -- AntPwr: -114, FreqCtrl: 0x380d5700, OF|AnaGi|AdcAttn|BQ|BWs: 0x07000700, dsp_corr: -3004
2026-09-02 02:16:42.083404 RFHAL_KERNEL_BIN_TRACE_RX_OFF RX OFF -- AntPwr: -114, prev W/NBPM: -93, -115, TF|AltADC|DCI/Q(Q5): 0x001a0b, s: 54824, e: 118984
2026-09-02 02:16:42.086578 RFHAL_KERNEL_BIN_TRACE_RX_ON RX ON -- AntPwr: -115, FreqCtrl: 0x380d5700, OF|AnaGi|AdcAttn|BQ|BWs: 0x07000700, dsp_corr: -3005
2026-09-02 02:16:42.087432 RFHAL_KERNEL_BIN_TRACE_RX_OFF RX OFF -- AntPwr: -115, prev W/NBPM: -93, -115, TF|AltADC|DCI/Q(Q5): 0x001a0b, s: 55852, e: 120012
2026-09-02 02:16:42.092559 RFHAL_KERNEL_BIN_TRACE_RX_ON RX ON -- AntPwr: -115, FreqCtrl: 0x380d5700, OF|AnaGi|AdcAttn|BQ|BWs: 0x07000700, dsp_corr: -3007
2026-09-02 02:16:42.093414 RFHAL_KERNEL_BIN_TRACE_RX_OFF RX OFF -- AntPwr: -115, prev W/NBPM: -93, -114, TF|AltADC|DCI/Q(Q5): 0x001a0b, s: 54827, e: 118987
2026-09-02 02:16:42.102569 RFHAL_KERNEL_BIN_TRACE_RX_ON RX ON -- AntPwr: -114, FreqCtrl: 0x380d5700, OF|AnaGi|AdcAttn|BQ|BWs: 0x07000700, dsp_corr: -3010
2026-09-02 02:16:42.103393 RFHAL_KERNEL_BIN_TRACE_RX_OFF RX OFF -- AntPwr: -114, prev W/NBPM: -93, -114, TF|AltADC|DCI/Q(Q5): 0x001a0b, s: 54823, e: 118983
2026-09-02 02:16:42.106567 RFHAL_KERNEL_BIN_TRACE_RX_ON RX ON -- AntPwr: -114, FreqCtrl: 0x380d5700, OF|AnaGi|AdcAttn|BQ|BWs: 0x07000700, dsp_corr: -3011
2026-09-02 02:16:42.107421 RFHAL_KERNEL_BIN_TRACE_RX_OFF RX OFF -- AntPwr: -114, prev W/NBPM: -93, -115, TF|AltADC|DCI/Q(Q5): 0x001a0b, s: 55847, e: 120007
2026-09-02 02:16:42.112579 RFHAL_KERNEL_BIN_TRACE_RX_ON RX ON -- AntPwr: -115, FreqCtrl: 0x380d5700, OF|AnaGi|AdcAttn|BQ|BWs: 0x07000700, dsp_corr: -3013
2026-09-02 02:16:42.113403 RFHAL_KERNEL_BIN_TRACE_RX_OFF RX OFF -- AntPwr: -115, prev W/NBPM: -93, -114, TF|AltADC|DCI/Q(Q5): 0x001a0b, s: 55099, e: 119259
2026-09-02 02:16:42.122558 RFHAL_KERNEL_BIN_TRACE_RX_ON RX ON -- AntPwr: -114, FreqCtrl: 0x380d5700, OF|AnaGi|AdcAttn|BQ|BWs: 0x07000700, dsp_corr: -3017
2026-09-02 02:16:42.123413 RFHAL_KERNEL_BIN_TRACE_RX_OFF RX OFF -- AntPwr: -114, prev W/NBPM: -93, -114, TF|AltADC|DCI/Q(Q5): 0x001a0b, s: 54345, e: 118505
2026-09-02 02:16:42.137573 RFHAL_KERNEL_BIN_TRACE_TX_ON TX ON: gen: 0xf4bf0ae7, cmn: 0x144df4, norm: 0x24064, 0xb84e00, 0x4027, mrx: 0xa8825d, dsp_corr: 3193
2026-09-02 02:16:42.226898 RFHAL_KERNEL_BIN_TRACE_TX_OFF TX OFF: gen: 0x42, s: 46365, e: 6927645
2026-09-02 02:16:42.229370 RFHAL_KERNEL_BIN_TRACE_RX_ON RX ON -- AntPwr: -114, FreqCtrl: 0x380d5700, OF|AnaGi|AdcAttn|BQ|BWs: 0x07000700, dsp_corr: -3083
2026-09-02 02:16:42.394378 RFHAL_KERNEL_BIN_TRACE_RX_OFF RX OFF -- AntPwr: -117, prev W/NBPM: -93, -115, TF|AltADC|DCI/Q(Q5): 0x001b0b, s: 40381, e: 12712384
2026-09-02 02:16:42.400390 RFHAL_KERNEL_BIN_TRACE_RX_ON RX ON -- AntPwr: -117, FreqCtrl: 0x380d5700, OF|AnaGi|AdcAttn|BQ|BWs: 0x07000700, dsp_corr: -3127
2026-09-02 02:16:42.458374 RFHAL_KERNEL_BIN_TRACE_RX_OFF RX OFF -- AntPwr: -116, prev W/NBPM: -93, -114, TF|AltADC|DCI/Q(Q5): 0x001a0c, s: 39726, e: 4494129
2026-09-02 02:16:42.460388 RFHAL_KERNEL_BIN_TRACE_RX_ON RX ON -- AntPwr: -116, FreqCtrl: 0x380d5700, OF|AnaGi|AdcAttn|BQ|BWs: 0x07000700, dsp_corr: -3156
2026-09-02 02:16:42.560516 L1_DEFAULT_INFO_SERVING_CELL_MEASUREMENTS earfcn: 229232, pci: 22, rsrp: -133, rsrq: -18, SNR: -5
2026-09-02 02:16:42.595489 L1_DCI_DEC_N1_CONTENT_PHY_ALLOC modem: k0:0, n_sf:2, tbs:15, n_rep:8, ndi:0, ack_nack_sc:0, ack_nack_k0:13, dci_sf_rep_nbr:32, harq_id:0
2026-09-02 02:16:42.600494 L1_DCI_DEC_N1_CONTENT_PHY_ALLOC modem: k0:0, n_sf:2, tbs:15, n_rep:8, ndi:0, ack_nack_sc:0, ack_nack_k0:13, dci_sf_rep_nbr:32, harq_id:0
2026-09-02 02:16:42.605499 L1_DCI_DEC_N1_CONTENT_PHY_ALLOC modem: k0:0, n_sf:2, tbs:15, n_rep:8, ndi:0, ack_nack_sc:0, ack_nack_k0:13, dci_sf_rep_nbr:32, harq_id:0
2026-09-02 02:16:42.611511 L1_DCI_DEC_N1_CONTENT_PHY_ALLOC modem: k0:0, n_sf:2, tbs:15, n_rep:8, ndi:0, ack_nack_sc:0, ack_nack_k0:13, dci_sf_rep_nbr:32, harq_id:0
2026-09-02 02:16:42.616485 L1_DCI_DEC_N1_CONTENT_PHY_ALLOC modem: k0:0, n_sf:2, tbs:15, n_rep:8, ndi:0, ack_nack_sc:0, ack_nack_k0:13, dci_sf_rep_nbr:32, harq_id:0
2026-09-02 02:16:42.621490 L1_DCI_DEC_N1_CONTENT_PHY_ALLOC modem: k0:0, n_sf:2, tbs:15, n_rep:8, ndi:0, ack_nack_sc:0, ack_nack_k0:13, dci_sf_rep_nbr:32, harq_id:0
2026-09-02 02:16:42.626495 L1_DCI_DEC_N1_CONTENT_PHY_ALLOC modem: k0:0, n_sf:2, tbs:15, n_rep:8, ndi:0, ack_nack_sc:0, ack_nack_k0:13, dci_sf_rep_nbr:32, harq_id:0
2026-09-02 02:16:42.632385 RFHAL_KERNEL_BIN_TRACE_RX_OFF RX OFF -- AntPwr: -116, prev W/NBPM: -93, -113, TF|AltADC|DCI/Q(Q5): 0x001a0b, s: 40466, e: 13250069
2026-09-02 02:16:42.632537 L1_DCI_DEC_N1_CONTENT_PHY_ALLOC modem: k0:0, n_sf:2, tbs:15, n_rep:8, ndi:0, ack_nack_sc:0, ack_nack_k0:13, dci_sf_rep_nbr:32, harq_id:0
2026-09-02 02:16:42.634399 RFHAL_KERNEL_BIN_TRACE_RX_ON RX ON -- AntPwr: -116, FreqCtrl: 0x380d5700, OF|AnaGi|AdcAttn|BQ|BWs: 0x07000700, dsp_corr: -3193
2026-09-02 02:16:42.656585 UUID eae22c84-2506-423a-883e-91bd9b2ad229
2026-09-02 02:16:42.656616 HWVERSION nRF9151 A1A
2026-09-02 02:16:42.657684 L1_DCI_DEC_NBIOT_RAR_UL_GRANT_CONTENT_NPUSCH modem: Subcarrier spacing:1, i_sc:6, scheduling_delay:12, msg3_repetition_level:4, q_m:1, tbs:11, n_ru:4, redundancy_version:0
2026-09-02 02:16:42.658325 L1_DEFAULT_INFO_PRACH_REPORT ce_level: 2, ce_mode: 0
2026-09-02 02:16:42.658599 ERRC_PDU_TYPE_UL_CCCH_NB_1 ERRC PDU: RRCConnectionRequest-NB
2026-09-02 02:16:42.658599 ERRC_PEER_MSG_NB_CON_REQ RRC Connection Request [2a1c522b61d6660000]
2026-09-02 02:16:42.659393 RFHAL_KERNEL_BIN_TRACE_RX_OFF RX OFF -- AntPwr: -116, prev W/NBPM: -93, -113, TF|AltADC|DCI/Q(Q5): 0x001a0b, s: 40983, e: 1960986
2026-09-02 02:16:42.674591 RFHAL_KERNEL_BIN_TRACE_TX_ON TX ON: gen: 0xf4bf0ae7, cmn: 0x4df4, norm: 0x34c64, 0xb84e00, 0x82c026, mrx: 0x3009045e, dsp_corr: 3383
2026-09-02 02:16:42.674621 L1_TX_POWER_PUSCH sys_frame_number: 316, sub_frame_number: 1, pusch_tx_power_value: 23, dl_path_loss: 178
2026-09-02 02:16:42.802307 RFHAL_KERNEL_BIN_TRACE_TX_OFF TX OFF: gen: 0x83, s: 46591, e: 9876991
2026-09-02 02:16:42.804382 RFHAL_KERNEL_BIN_TRACE_RX_ON RX ON -- AntPwr: -116, FreqCtrl: 0x380d5700, OF|AnaGi|AdcAttn|BQ|BWs: 0x07000700, dsp_corr: -3246
2026-09-02 02:16:43.034423 RFHAL_KERNEL_BIN_TRACE_RX_OFF RX OFF -- AntPwr: -117, prev W/NBPM: -93, -114, TF|AltADC|DCI/Q(Q5): 0x001b0b, s: 40467, e: 17704470
2026-09-02 02:16:43.040405 RFHAL_KERNEL_BIN_TRACE_RX_ON RX ON -- AntPwr: -117, FreqCtrl: 0x380d5700, OF|AnaGi|AdcAttn|BQ|BWs: 0x07000700, dsp_corr: -3311
2026-09-02 02:16:43.098419 RFHAL_KERNEL_BIN_TRACE_RX_OFF RX OFF -- AntPwr: -118, prev W/NBPM: -93, -115, TF|AltADC|DCI/Q(Q5): 0x001a0b, s: 39720, e: 4494123
2026-09-02 02:16:43.100402 RFHAL_KERNEL_BIN_TRACE_RX_ON RX ON -- AntPwr: -118, FreqCtrl: 0x380d5700, OF|AnaGi|AdcAttn|BQ|BWs: 0x07000700, dsp_corr: -3331
2026-09-02 02:16:43.235504 L1_DCI_DEC_N1_CONTENT_PHY_ALLOC modem: k0:0, n_sf:3, tbs:26, n_rep:4, ndi:0, ack_nack_sc:0, ack_nack_k0:17, dci_sf_rep_nbr:16, harq_id:0
2026-09-02 02:16:43.240539 L1_DCI_DEC_N1_CONTENT_PHY_ALLOC modem: k0:0, n_sf:3, tbs:26, n_rep:4, ndi:0, ack_nack_sc:0, ack_nack_k0:17, dci_sf_rep_nbr:16, harq_id:0
2026-09-02 02:16:43.245513 L1_DCI_DEC_N1_CONTENT_PHY_ALLOC modem: k0:0, n_sf:3, tbs:26, n_rep:4, ndi:0, ack_nack_sc:0, ack_nack_k0:17, dci_sf_rep_nbr:16, harq_id:0
2026-09-02 02:16:43.251525 L1_DCI_DEC_N1_CONTENT_PHY_ALLOC modem: k0:0, n_sf:3, tbs:26, n_rep:4, ndi:0, ack_nack_sc:0, ack_nack_k0:17, dci_sf_rep_nbr:16, harq_id:0
2026-09-02 02:16:43.271423 RFHAL_KERNEL_BIN_TRACE_RX_OFF RX OFF -- AntPwr: -117, prev W/NBPM: -93, -115, TF|AltADC|DCI/Q(Q5): 0x001a0b, s: 40471, e: 13173274
2026-09-02 02:16:43.275085 ERRC_PDU_TYPE_DL_CCCH_NB_4 ERRC PDU: RRCConnectionSetup-NB
2026-09-02 02:16:43.275085 ERRC_PEER_MSG_NB_CON_SETUP RRC Connection Setup [3013319cc256f44330]
2026-09-02 02:16:43.275207 L23_ERRC_3GPP_TIMER_STOP 0 STOP
2026-09-02 02:16:43.275238 L23_ERRC_3GPP_TIMER_STOP 12 STOP
2026-09-02 02:16:43.276275 L23_DEFAULT_INFO_RRCSTATECHANGEEVENT RRC State: 4
2026-09-02 02:16:43.277465 ERRC_PDU_TYPE_UL_DCCH_NB_3 ERRC PDU: RRCConnectionSetupComplete-NB
2026-09-02 02:16:43.277465 ERRC_PEER_MSG_NB_CON_SETUP_COMPLETE RRC Connection Setup Complete [10042383a0b8844c881a0028040a9804f87800000042040004001681076818bd80134040108800858008408300000000418300000000000680000180000500000800000b00000c807ae09400de]
2026-09-02 02:16:43.278411 L23_AT_STRING <= +CSCON: 1\r\n
2026-09-02 02:16:43.280304 L23_AT_STRING => AT%SIBREQ=32
2026-09-02 02:16:43.280517 L23_AT_STRING <= OK\r\n
2026-09-02 02:16:43.292602 RFHAL_KERNEL_BIN_TRACE_TX_ON TX ON: gen: 0xf4bf0ae7, cmn: 0x4df4, norm: 0x34064, 0xb84e00, 0xc027, mrx: 0x98805c, dsp_corr: 3579
2026-09-02 02:16:43.292633 L1_DEFAULT_INFO_PUCCH_POWER_CONTROL pucch_tx_power_value: 23, dl_path_loss: 178
2026-09-02 02:16:43.308319 RFHAL_KERNEL_BIN_TRACE_TX_OFF TX OFF: gen: 0x8c, s: 46135, e: 1274935
2026-09-02 02:16:43.310424 RFHAL_KERNEL_BIN_TRACE_RX_ON RX ON -- AntPwr: -117, FreqCtrl: 0x380d5700, OF|AnaGi|AdcAttn|BQ|BWs: 0x07000700, dsp_corr: -3406
2026-09-02 02:16:43.314483 L1_DEFAULT_INFO_SERVING_CELL_MEASUREMENTS earfcn: 229232, pci: 22, rsrp: -133, rsrq: -17, SNR: -5
2026-09-02 02:16:43.351532 L1_DCI_DEC_N0_CONTENT_PHY_ALLOC modem: i_sc:10, n_ru:10, k0:8, q_m:2, tbs:85, redundancy_version:0, n_rep:4, ndi:0, dci_sf_rep_nbr:4, harq_id:0
2026-09-02 02:16:43.352539 L1_DCI_DEC_N0_CONTENT_PHY_ALLOC modem: i_sc:10, n_ru:10, k0:8, q_m:2, tbs:85, redundancy_version:0, n_rep:4, ndi:0, dci_sf_rep_nbr:4, harq_id:0
2026-09-02 02:16:43.353363 L23_DEFAULT_INFO_AS_RAI_STATUS 1
2026-09-02 02:16:43.353424 RFHAL_KERNEL_BIN_TRACE_RX_OFF RX OFF -- AntPwr: -116, prev W/NBPM: -93, -113, TF|AltADC|DCI/Q(Q5): 0x001a0b, s: 39993, e: 3342396
2026-09-02 02:16:43.365600 RFHAL_KERNEL_BIN_TRACE_TX_ON TX ON: gen: 0xf4bf0ae7, cmn: 0x4df4, norm: 0x25464, 0xb84e00, 0xc027, mrx: 0xa8805c, dsp_corr: 3593
2026-09-02 02:16:43.365631 L1_TX_POWER_PUSCH sys_frame_number: 385, sub_frame_number: 2, pusch_tx_power_value: 23, dl_path_loss: 178
2026-09-02 02:16:43.621337 RFHAL_KERNEL_BIN_TRACE_TX_OFF TX OFF: gen: 0x10d, s: 43742, e: 19704542
2026-09-02 02:16:43.624420 RFHAL_KERNEL_BIN_TRACE_RX_ON RX ON -- AntPwr: -116, FreqCtrl: 0x380d5700, OF|AnaGi|AdcAttn|BQ|BWs: 0x07000700, dsp_corr: -3516
2026-09-02 02:16:43.659515 L1_DEFAULT_INFO_SERVING_CELL_MEASUREMENTS earfcn: 229232, pci: 22, rsrp: -133, rsrq: -17, SNR: -6
2026-09-02 02:16:43.660430 RFHAL_KERNEL_BIN_TRACE_RX_OFF RX OFF -- AntPwr: -117, prev W/NBPM: -93, -113, TF|AltADC|DCI/Q(Q5): 0x001a0b, s: 39901, e: 2804704
2026-09-02 02:16:43.661621 RFHAL_KERNEL_BIN_TRACE_TX_ON TX ON: gen: 0xf4bf0ae7, cmn: 0x4df4, norm: 0x25464, 0xb84e00, 0xc027, mrx: 0x98805c, dsp_corr: 3695
2026-09-02 02:16:43.661651 L1_TX_POWER_PUSCH sys_frame_number: 414, sub_frame_number: 8, pusch_tx_power_value: 23, dl_path_loss: 179
2026-09-02 02:16:43.725341 RFHAL_KERNEL_BIN_TRACE_TX_OFF TX OFF: gen: 0x12e, s: 2884369, e: 7799569
2026-09-02 02:16:43.727417 RFHAL_KERNEL_BIN_TRACE_RX_ON RX ON -- AntPwr: -117, FreqCtrl: 0x380d5700, OF|AnaGi|AdcAttn|BQ|BWs: 0x07000700, dsp_corr: -3538
2026-09-02 02:16:43.758422 RFHAL_KERNEL_BIN_TRACE_RX_OFF RX OFF -- AntPwr: -117, prev W/NBPM: -93, -114, TF|AltADC|DCI/Q(Q5): 0x001a0b, s: 39995, e: 2420798
2026-09-02 02:16:43.760437 RFHAL_KERNEL_BIN_TRACE_RX_ON RX ON -- AntPwr: -117, FreqCtrl: 0x380d5700, OF|AnaGi|AdcAttn|BQ|BWs: 0x07000700, dsp_corr: -3550
2026-09-02 02:16:43.774444 RFHAL_KERNEL_BIN_TRACE_RX_OFF RX OFF -- AntPwr: -117, prev W/NBPM: -93, -115, TF|AltADC|DCI/Q(Q5): 0x001a0b, s: 39986, e: 1115189
2026-09-02 02:16:43.783447 RFHAL_KERNEL_BIN_TRACE_RX_ON RX ON -- AntPwr: -117, FreqCtrl: 0x380d5700, OF|AnaGi|AdcAttn|BQ|BWs: 0x07000700, dsp_corr: -3566
2026-09-02 02:16:43.860534 L1_DEFAULT_INFO_SERVING_CELL_MEASUREMENTS earfcn: 229232, pci: 22, rsrp: -134, rsrq: -18, SNR: -6
2026-09-02 02:16:43.911560 L1_DCI_DEC_N1_CONTENT_PHY_ALLOC modem: k0:0, n_sf:2, tbs:15, n_rep:4, ndi:1, ack_nack_sc:0, ack_nack_k0:17, dci_sf_rep_nbr:4, harq_id:0
2026-09-02 02:16:43.912567 L1_DCI_DEC_N1_CONTENT_PHY_ALLOC modem: k0:0, n_sf:2, tbs:15, n_rep:4, ndi:1, ack_nack_sc:0, ack_nack_k0:17, dci_sf_rep_nbr:4, harq_id:0
2026-09-02 02:16:43.926452 RFHAL_KERNEL_BIN_TRACE_RX_OFF RX OFF -- AntPwr: -117, prev W/NBPM: -93, -114, TF|AltADC|DCI/Q(Q5): 0x001a0b, s: 39218, e: 11021621
2026-09-02 02:16:43.947631 RFHAL_KERNEL_BIN_TRACE_TX_ON TX ON: gen: 0xf4bf0ae7, cmn: 0x4df4, norm: 0x34064, 0xb84e00, 0xc027, mrx: 0x98805c, dsp_corr: 3786
2026-09-02 02:16:43.947662 L1_DEFAULT_INFO_PUCCH_POWER_CONTROL pucch_tx_power_value: 23, dl_path_loss: 181
2026-09-02 02:16:43.963348 RFHAL_KERNEL_BIN_TRACE_TX_OFF TX OFF: gen: 0x137, s: 43527, e: 1272327
2026-09-02 02:16:43.965454 RFHAL_KERNEL_BIN_TRACE_RX_ON RX ON -- AntPwr: -117, FreqCtrl: 0x380d5700, OF|AnaGi|AdcAttn|BQ|BWs: 0x07000700, dsp_corr: -3614
2026-09-02 02:16:43.997436 RFHAL_KERNEL_BIN_TRACE_RX_OFF RX OFF -- AntPwr: -118, prev W/NBPM: -93, -115, TF|AltADC|DCI/Q(Q5): 0x001a0b, s: 39994, e: 2497597
2026-09-02 02:16:43.999450 RFHAL_KERNEL_BIN_TRACE_RX_ON RX ON -- AntPwr: -118, FreqCtrl: 0x380d5700, OF|AnaGi|AdcAttn|BQ|BWs: 0x07000700, dsp_corr: -3615
2026-09-02 02:16:44.014434 RFHAL_KERNEL_BIN_TRACE_RX_OFF RX OFF -- AntPwr: -118, prev W/NBPM: -93, -114, TF|AltADC|DCI/Q(Q5): 0x001a0b, s: 39956, e: 1191959
2026-09-02 02:16:44.023437 RFHAL_KERNEL_BIN_TRACE_RX_ON RX ON -- AntPwr: -118, FreqCtrl: 0x380d5700, OF|AnaGi|AdcAttn|BQ|BWs: 0x07000700, dsp_corr: -3612
2026-09-02 02:16:44.036560 L1_DCI_DEC_N1_CONTENT_PHY_ALLOC modem: k0:0, n_sf:6, tbs:51, n_rep:4, ndi:0, ack_nack_sc:0, ack_nack_k0:17, dci_sf_rep_nbr:4, harq_id:0
2026-09-02 02:16:44.038604 L1_DCI_DEC_N1_CONTENT_PHY_ALLOC modem: k0:0, n_sf:6, tbs:51, n_rep:4, ndi:0, ack_nack_sc:0, ack_nack_k0:17, dci_sf_rep_nbr:4, harq_id:0
2026-09-02 02:16:44.039459 RFHAL_KERNEL_BIN_TRACE_RX_OFF RX OFF -- AntPwr: -116, prev W/NBPM: -93, -114, TF|AltADC|DCI/Q(Q5): 0x001a0b, s: 39218, e: 1268021
2026-09-02 02:16:44.041442 RFHAL_KERNEL_BIN_TRACE_RX_ON RX ON -- AntPwr: -116, FreqCtrl: 0x380d5700, OF|AnaGi|AdcAttn|BQ|BWs: 0x07000700, dsp_corr: -3618
2026-09-02 02:16:44.060516 L1_DEFAULT_INFO_SERVING_CELL_MEASUREMENTS earfcn: 229232, pci: 22, rsrp: -135, rsrq: -19, SNR: -6
2026-09-02 02:16:44.113433 RFHAL_KERNEL_BIN_TRACE_RX_OFF RX OFF -- AntPwr: -116, prev W/NBPM: -93, -114, TF|AltADC|DCI/Q(Q5): 0x001a0b, s: 39945, e: 5569548
2026-09-02 02:16:44.115051 ERRC_PDU_TYPE_DL_DCCH_NB_1 ERRC PDU: DLInformationTransfer-NB
2026-09-02 02:16:44.115051 ERRC_PEER_MSG_NB_DL_INFO DL Information Transfer [000901d480389ca008f9454e2327d3a6498e1064b0840983e62ebc02e0000049e5b1e6d4004200]
2026-09-02 02:16:44.115112 NAS_PDU_AUTHENTICATION_REQUEST AUTHENTICATION REQUEST [075200e2728023e515388c9f4e9926384192c210260f98baf00b8000012796c79b500108]
2026-09-02 02:16:44.134613 RFHAL_KERNEL_BIN_TRACE_TX_ON TX ON: gen: 0xf4bf0ae7, cmn: 0x4df4, norm: 0x34064, 0xb84e00, 0xc027, mrx: 0x98805c, dsp_corr: 3845
2026-09-02 02:16:44.134643 L1_DEFAULT_INFO_PUCCH_POWER_CONTROL pucch_tx_power_value: 23, dl_path_loss: 181
2026-09-02 02:16:44.150329 RFHAL_KERNEL_BIN_TRACE_TX_OFF TX OFF: gen: 0x140, s: 43723, e: 1272523
2026-09-02 02:16:44.152435 RFHAL_KERNEL_BIN_TRACE_RX_ON RX ON -- AntPwr: -116, FreqCtrl: 0x380d5700, OF|AnaGi|AdcAttn|BQ|BWs: 0x07000700, dsp_corr: -3673
2026-09-02 02:16:44.158447 RFHAL_KERNEL_BIN_TRACE_RX_OFF RX OFF -- AntPwr: -117, prev W/NBPM: -93, -116, TF|AltADC|DCI/Q(Q5): 0x001a0b, s: 40026, e: 500829
2026-09-02 02:16:44.159454 RFHAL_KERNEL_BIN_TRACE_RX_ON RX ON -- AntPwr: -117, FreqCtrl: 0x380d5700, OF|AnaGi|AdcAttn|BQ|BWs: 0x07000700, dsp_corr: -3676
2026-09-02 02:16:44.174438 RFHAL_KERNEL_BIN_TRACE_RX_OFF RX OFF -- AntPwr: -116, prev W/NBPM: -93, -114, TF|AltADC|DCI/Q(Q5): 0x001a0b, s: 43088, e: 1195091
2026-09-02 02:16:44.183441 RFHAL_KERNEL_BIN_TRACE_RX_ON RX ON -- AntPwr: -116, FreqCtrl: 0x380d5700, OF|AnaGi|AdcAttn|BQ|BWs: 0x07000700, dsp_corr: -3683
2026-09-02 02:16:44.191314 APDU_TRANSPORT_DONE_INFO [0088008100002210e2728023e515388c9f4e9926384192c210260f98baf00b8000012796c79b5001080100]
2026-09-02 02:16:44.191314 APDU_RECEIVED_R_APDU_DATA [db0885b854d89d15a3cd10081da394adf973bbc4e2faecccfb03c210fc0b4d13db7715f09e63f9f2ad8938af08ae97ed9917fc5d269000]
2026-09-02 02:16:44.192810 NAS_PDU_AUTHENTICATION_RESPONSE AUTHENTICATION RESPONSE [07530885b854d89d15a3cd]
2026-09-02 02:16:44.192901 ERRC_PDU_TYPE_UL_DCCH_NB_7 ERRC PDU: ULInformationTransfer-NB
2026-09-02 02:16:44.192932 ERRC_PEER_MSG_NB_UL_INFO UL Information Transfer [300b07530885b854d89d15a3cd]
2026-09-02 02:16:44.196563 L1_DCI_DEC_N0_CONTENT_PHY_ALLOC modem: i_sc:10, n_ru:8, k0:8, q_m:2, tbs:69, redundancy_version:0, n_rep:4, ndi:1, dci_sf_rep_nbr:4, harq_id:0
2026-09-02 02:16:44.198608 L1_DCI_DEC_N0_CONTENT_PHY_ALLOC modem: i_sc:10, n_ru:8, k0:8, q_m:2, tbs:69, redundancy_version:0, n_rep:4, ndi:1, dci_sf_rep_nbr:4, harq_id:0
2026-09-02 02:16:44.199462 RFHAL_KERNEL_BIN_TRACE_RX_OFF RX OFF -- AntPwr: -117, prev W/NBPM: -93, -114, TF|AltADC|DCI/Q(Q5): 0x001a0b, s: 39458, e: 1268261
2026-09-02 02:16:44.200775 L23_DEFAULT_INFO_AS_RAI_STATUS 1
2026-09-02 02:16:44.211639 RFHAL_KERNEL_BIN_TRACE_TX_ON TX ON: gen: 0xf4bf0ae7, cmn: 0x4df4, norm: 0x25464, 0xb84e00, 0xc027, mrx: 0xa8805c, dsp_corr: 3860
2026-09-02 02:16:44.211669 L1_TX_POWER_PUSCH sys_frame_number: 469, sub_frame_number: 8, pusch_tx_power_value: 23, dl_path_loss: 181
2026-09-02 02:16:44.467346 RFHAL_KERNEL_BIN_TRACE_TX_OFF TX OFF: gen: 0x1c1, s: 43755, e: 19704555
2026-09-02 02:16:44.469451 RFHAL_KERNEL_BIN_TRACE_RX_ON RX ON -- AntPwr: -117, FreqCtrl: 0x380d5700, OF|AnaGi|AdcAttn|BQ|BWs: 0x07000700, dsp_corr: -3782
2026-09-02 02:16:44.471557 L1_DEFAULT_INFO_SERVING_CELL_MEASUREMENTS earfcn: 229232, pci: 22, rsrp: -136, rsrq: -19, SNR: -6
2026-09-02 02:16:44.500579 L1_DCI_DEC_N1_CONTENT_PHY_ALLOC modem: k0:0, n_sf:2, tbs:15, n_rep:4, ndi:1, ack_nack_sc:0, ack_nack_k0:17, dci_sf_rep_nbr:4, harq_id:0
2026-09-02 02:16:44.501586 L1_DCI_DEC_N1_CONTENT_PHY_ALLOC modem: k0:0, n_sf:2, tbs:15, n_rep:4, ndi:1, ack_nack_sc:0, ack_nack_k0:17, dci_sf_rep_nbr:4, harq_id:0
2026-09-02 02:16:44.502563 L1_DCI_DEC_N1_CONTENT_PHY_ALLOC modem: k0:0, n_sf:2, tbs:15, n_rep:4, ndi:1, ack_nack_sc:0, ack_nack_k0:17, dci_sf_rep_nbr:4, harq_id:0
2026-09-02 02:16:44.503540 L1_DCI_DEC_N1_CONTENT_PHY_ALLOC modem: k0:0, n_sf:2, tbs:15, n_rep:4, ndi:1, ack_nack_sc:0, ack_nack_k0:17, dci_sf_rep_nbr:4, harq_id:0
2026-09-02 02:16:44.518463 RFHAL_KERNEL_BIN_TRACE_RX_OFF RX OFF -- AntPwr: -116, prev W/NBPM: -93, -114, TF|AltADC|DCI/Q(Q5): 0x001a0b, s: 39955, e: 3803158
2026-09-02 02:16:44.518615 L1_DL_BLER Initial DL blocks: 3, of which CRC passed: 3 during 1221 ms period. BLER: 0 percent
2026-09-02 02:16:44.518615 L1_DL_THRPUT DL throughput in bytes/s: 66 during 1221 ms period
2026-09-02 02:16:44.518646 L1_UL_BLER Initial UL blocks: 2, of which CRC passed: 2 during 1221 ms period. BLER: 0 percent
2026-09-02 02:16:44.518646 L1_UL_THRPUT UL throughput in bytes/s: 126 during 1221 ms period
2026-09-02 02:16:44.539642 RFHAL_KERNEL_BIN_TRACE_TX_ON TX ON: gen: 0xf4bf0ae7, cmn: 0x4df4, norm: 0x54064, 0xb84e00, 0xc027, mrx: 0x98805c, dsp_corr: 3972
2026-09-02 02:16:44.539672 L1_DEFAULT_INFO_PUCCH_POWER_CONTROL pucch_tx_power_value: 23, dl_path_loss: 180
2026-09-02 02:16:44.555358 RFHAL_KERNEL_BIN_TRACE_TX_OFF TX OFF: gen: 0x1ca, s: 43628, e: 1272428
2026-09-02 02:16:44.557464 RFHAL_KERNEL_BIN_TRACE_RX_ON RX ON -- AntPwr: -116, FreqCtrl: 0x380d5700, OF|AnaGi|AdcAttn|BQ|BWs: 0x07000700, dsp_corr: -3800
2026-09-02 02:16:44.595581 L1_DCI_DEC_N1_CONTENT_PHY_ALLOC modem: k0:0, n_sf:3, tbs:26, n_rep:4, ndi:0, ack_nack_sc:0, ack_nack_k0:17, dci_sf_rep_nbr:4, harq_id:0
2026-09-02 02:16:44.596588 L1_DCI_DEC_N1_CONTENT_PHY_ALLOC modem: k0:0, n_sf:3, tbs:26, n_rep:4, ndi:0, ack_nack_sc:0, ack_nack_k0:17, dci_sf_rep_nbr:4, harq_id:0
2026-09-02 02:16:44.597564 L1_DCI_DEC_N1_CONTENT_PHY_ALLOC modem: k0:0, n_sf:3, tbs:26, n_rep:4, ndi:0, ack_nack_sc:0, ack_nack_k0:17, dci_sf_rep_nbr:4, harq_id:0
2026-09-02 02:16:44.598632 L1_DCI_DEC_N1_CONTENT_PHY_ALLOC modem: k0:0, n_sf:3, tbs:26, n_rep:4, ndi:0, ack_nack_sc:0, ack_nack_k0:17, dci_sf_rep_nbr:4, harq_id:0
2026-09-02 02:16:44.618469 RFHAL_KERNEL_BIN_TRACE_RX_OFF RX OFF -- AntPwr: -116, prev W/NBPM: -93, -113, TF|AltADC|DCI/Q(Q5): 0x001a0b, s: 40031, e: 4724834
2026-09-02 02:16:44.620086 ERRC_PDU_TYPE_DL_DCCH_NB_1 ERRC PDU: DLInformationTransfer-NB
2026-09-02 02:16:44.620086 ERRC_PEER_MSG_NB_DL_INFO DL Information Transfer [00038de18d0ef58001d7408000bc3c3040]
2026-09-02 02:16:44.620147 NAS_PDU_SECURITY_MODE_COMMAND SECURITY MODE COMMAND [3786343bd600075d020002f0f0c1]
2026-09-02 02:16:44.621460 NAS_PDU_SECURITY_MODE_COMPLETE SECURITY MODE COMPLETE [075e23093395042453649853f1]
2026-09-02 02:16:44.621551 ERRC_PDU_TYPE_UL_DCCH_NB_7 ERRC PDU: ULInformationTransfer-NB
2026-09-02 02:16:44.621582 ERRC_PEER_MSG_NB_UL_INFO UL Information Transfer [301347bef9bde000075e23093395042453649853f1]
2026-09-02 02:16:44.639648 RFHAL_KERNEL_BIN_TRACE_TX_ON TX ON: gen: 0xf4bf0ae7, cmn: 0x4df4, norm: 0x54064, 0xb84e00, 0xc027, mrx: 0xa8825d, dsp_corr: 4004
2026-09-02 02:16:44.639679 L1_DEFAULT_INFO_PUCCH_POWER_CONTROL pucch_tx_power_value: 23, dl_path_loss: 179
2026-09-02 02:16:44.641357 RFHAL_KERNEL_BIN_TRACE_TX_OFF TX OFF: gen: 0x1cc, s: 43369, e: 196969
2026-09-02 02:16:44.647644 RFHAL_KERNEL_BIN_TRACE_TX_ON TX ON: gen: 0xf4bf0ae7, cmn: 0x4df4, norm: 0x34064, 0xb84e00, 0x2c027, mrx: 0x98805c, dsp_corr: 4006
2026-09-02 02:16:44.647674 L1_DEFAULT_INFO_PUCCH_POWER_CONTROL pucch_tx_power_value: 23, dl_path_loss: 179
2026-09-02 02:16:44.649353 RFHAL_KERNEL_BIN_TRACE_TX_OFF TX OFF: gen: 0x1ce, s: 43941, e: 197541
2026-09-02 02:16:44.661651 RFHAL_KERNEL_BIN_TRACE_TX_ON TX ON: gen: 0xf4bf0ae7, cmn: 0x4df4, norm: 0x34064, 0xb84e00, 0xc027, mrx: 0x98805c, dsp_corr: 4011
2026-09-02 02:16:44.661682 L1_DEFAULT_INFO_PUCCH_POWER_CONTROL pucch_tx_power_value: 23, dl_path_loss: 179
2026-09-02 02:16:44.673370 RFHAL_KERNEL_BIN_TRACE_TX_OFF TX OFF: gen: 0x1d5, s: 43955, e: 965555
2026-09-02 02:16:44.675476 RFHAL_KERNEL_BIN_TRACE_RX_ON RX ON -- AntPwr: -116, FreqCtrl: 0x380d5700, OF|AnaGi|AdcAttn|BQ|BWs: 0x07000700, dsp_corr: -3837
2026-09-02 02:16:44.677520 L1_DEFAULT_INFO_SERVING_CELL_MEASUREMENTS earfcn: 229232, pci: 22, rsrp: -135, rsrq: -19, SNR: -6
2026-09-02 02:16:44.718475 RFHAL_KERNEL_BIN_TRACE_RX_OFF RX OFF -- AntPwr: -116, prev W/NBPM: -93, -115, TF|AltADC|DCI/Q(Q5): 0x001b0b, s: 39953, e: 3342356
2026-09-02 02:16:44.720459 RFHAL_KERNEL_BIN_TRACE_RX_ON RX ON -- AntPwr: -116, FreqCtrl: 0x380d5700, OF|AnaGi|AdcAttn|BQ|BWs: 0x07000700, dsp_corr: -3852
2026-09-02 02:16:44.734466 RFHAL_KERNEL_BIN_TRACE_RX_OFF RX OFF -- AntPwr: -116, prev W/NBPM: -93, -114, TF|AltADC|DCI/Q(Q5): 0x001a0b, s: 39971, e: 1115174
2026-09-02 02:16:44.743469 RFHAL_KERNEL_BIN_TRACE_RX_ON RX ON -- AntPwr: -116, FreqCtrl: 0x380d5700, OF|AnaGi|AdcAttn|BQ|BWs: 0x07000700, dsp_corr: -3868
2026-09-02 02:16:44.755584 L1_DCI_DEC_N0_CONTENT_PHY_ALLOC modem: i_sc:10, n_ru:8, k0:8, q_m:2, tbs:69, redundancy_version:0, n_rep:4, ndi:0, dci_sf_rep_nbr:4, harq_id:0
2026-09-02 02:16:44.756591 L1_DCI_DEC_N0_CONTENT_PHY_ALLOC modem: i_sc:10, n_ru:8, k0:8, q_m:2, tbs:69, redundancy_version:0, n_rep:4, ndi:0, dci_sf_rep_nbr:4, harq_id:0
2026-09-02 02:16:44.758636 L1_DCI_DEC_N0_CONTENT_PHY_ALLOC modem: i_sc:10, n_ru:8, k0:8, q_m:2, tbs:69, redundancy_version:0, n_rep:4, ndi:0, dci_sf_rep_nbr:4, harq_id:0
2026-09-02 02:16:44.759460 RFHAL_KERNEL_BIN_TRACE_RX_OFF RX OFF -- AntPwr: -117, prev W/NBPM: -93, -112, TF|AltADC|DCI/Q(Q5): 0x001a0b, s: 39219, e: 1268022
2026-09-02 02:16:44.760742 L23_DEFAULT_INFO_AS_RAI_STATUS 1
2026-09-02 02:16:44.771637 RFHAL_KERNEL_BIN_TRACE_TX_ON TX ON: gen: 0xf4bf0ae7, cmn: 0x4df4, norm: 0x25464, 0xb84e00, 0xc027, mrx: 0xa8805c, dsp_corr: 4036
2026-09-02 02:16:44.771667 L1_TX_POWER_PUSCH sys_frame_number: 525, sub_frame_number: 8, pusch_tx_power_value: 23, dl_path_loss: 178
2026-09-02 02:16:45.027374 RFHAL_KERNEL_BIN_TRACE_TX_OFF TX OFF: gen: 0x256, s: 43642, e: 19704442
2026-09-02 02:16:45.029480 RFHAL_KERNEL_BIN_TRACE_RX_ON RX ON -- AntPwr: -117, FreqCtrl: 0x380d5700, OF|AnaGi|AdcAttn|BQ|BWs: 0x07000700, dsp_corr: -3958
2026-09-02 02:16:45.031585 L1_DEFAULT_INFO_SERVING_CELL_MEASUREMENTS earfcn: 229232, pci: 22, rsrp: -134, rsrq: -18, SNR: -6
2026-09-02 02:16:45.038482 RFHAL_KERNEL_BIN_TRACE_RX_OFF RX OFF -- AntPwr: -117, prev W/NBPM: -93, -112, TF|AltADC|DCI/Q(Q5): 0x001a0b, s: 39953, e: 731156
2026-09-02 02:16:45.040466 RFHAL_KERNEL_BIN_TRACE_RX_ON RX ON -- AntPwr: -116, FreqCtrl: 0x380d5700, OF|AnaGi|AdcAttn|BQ|BWs: 0x07000700, dsp_corr: -3962
2026-09-02 02:16:45.054473 RFHAL_KERNEL_BIN_TRACE_RX_OFF RX OFF -- AntPwr: -115, prev W/NBPM: -93, -112, TF|AltADC|DCI/Q(Q5): 0x001a0b, s: 38790, e: 1113993
2026-09-02 02:16:45.063476 RFHAL_KERNEL_BIN_TRACE_RX_ON RX ON -- AntPwr: -115, FreqCtrl: 0x380d5700, OF|AnaGi|AdcAttn|BQ|BWs: 0x07000700, dsp_corr: -3979
2026-09-02 02:16:45.075592 L1_DCI_DEC_N1_CONTENT_PHY_ALLOC modem: k0:0, n_sf:2, tbs:15, n_rep:4, ndi:1, ack_nack_sc:0, ack_nack_k0:17, dci_sf_rep_nbr:4, harq_id:0
2026-09-02 02:16:45.076599 L1_DCI_DEC_N1_CONTENT_PHY_ALLOC modem: k0:0, n_sf:2, tbs:15, n_rep:4, ndi:1, ack_nack_sc:0, ack_nack_k0:17, dci_sf_rep_nbr:4, harq_id:0
2026-09-02 02:16:45.077575 L1_DCI_DEC_N1_CONTENT_PHY_ALLOC modem: k0:0, n_sf:2, tbs:15, n_rep:4, ndi:1, ack_nack_sc:0, ack_nack_k0:17, dci_sf_rep_nbr:4, harq_id:0
2026-09-02 02:16:45.078643 L1_DCI_DEC_N1_CONTENT_PHY_ALLOC modem: k0:0, n_sf:2, tbs:15, n_rep:4, ndi:1, ack_nack_sc:0, ack_nack_k0:17, dci_sf_rep_nbr:4, harq_id:0
2026-09-02 02:16:45.079467 RFHAL_KERNEL_BIN_TRACE_RX_OFF RX OFF -- AntPwr: -116, prev W/NBPM: -92, -113, TF|AltADC|DCI/Q(Q5): 0x001a0b, s: 39213, e: 1268016
2026-09-02 02:16:45.081481 RFHAL_KERNEL_BIN_TRACE_RX_ON RX ON -- AntPwr: -116, FreqCtrl: 0x380d5700, OF|AnaGi|AdcAttn|BQ|BWs: 0x07000700, dsp_corr: -3975
2026-09-02 02:16:45.113494 RFHAL_KERNEL_BIN_TRACE_RX_OFF RX OFF -- AntPwr: -115, prev W/NBPM: -93, -114, TF|AltADC|DCI/Q(Q5): 0x001a0b, s: 40017, e: 2497620
2026-09-02 02:16:45.134643 RFHAL_KERNEL_BIN_TRACE_TX_ON TX ON: gen: 0xf4bf0ae7, cmn: 0x4df4, norm: 0x54064, 0xb84e00, 0xc027, mrx: 0x98805c, dsp_corr: 4150
2026-09-02 02:16:45.134674 L1_DEFAULT_INFO_PUCCH_POWER_CONTROL pucch_tx_power_value: 23, dl_path_loss: 177
2026-09-02 02:16:45.150360 RFHAL_KERNEL_BIN_TRACE_TX_OFF TX OFF: gen: 0x25f, s: 43102, e: 1271902
2026-09-02 02:16:45.152496 RFHAL_KERNEL_BIN_TRACE_RX_ON RX ON -- AntPwr: -115, FreqCtrl: 0x380d5700, OF|AnaGi|AdcAttn|BQ|BWs: 0x07000700, dsp_corr: -3996
2026-09-02 02:16:45.187561 L1_DCI_DEC_N1_CONTENT_PHY_ALLOC modem: k0:0, n_sf:10, tbs:85, n_rep:4, ndi:0, ack_nack_sc:0, ack_nack_k0:17, dci_sf_rep_nbr:4, harq_id:0
2026-09-02 02:16:45.190612 L1_DCI_DEC_N1_CONTENT_PHY_ALLOC modem: k0:0, n_sf:10, tbs:85, n_rep:4, ndi:0, ack_nack_sc:0, ack_nack_k0:17, dci_sf_rep_nbr:4, harq_id:0
2026-09-02 02:16:45.191589 L1_DCI_DEC_N1_CONTENT_PHY_ALLOC modem: k0:0, n_sf:10, tbs:85, n_rep:4, ndi:0, ack_nack_sc:0, ack_nack_k0:17, dci_sf_rep_nbr:4, harq_id:0
2026-09-02 02:16:45.192596 L1_DCI_DEC_N1_CONTENT_PHY_ALLOC modem: k0:0, n_sf:10, tbs:85, n_rep:4, ndi:0, ack_nack_sc:0, ack_nack_k0:17, dci_sf_rep_nbr:4, harq_id:0
2026-09-02 02:16:45.231567 L1_DEFAULT_INFO_SERVING_CELL_MEASUREMENTS earfcn: 229232, pci: 22, rsrp: -133, rsrq: -17, SNR: -5
2026-09-02 02:16:45.250488 RFHAL_KERNEL_BIN_TRACE_RX_OFF RX OFF -- AntPwr: -116, prev W/NBPM: -93, -113, TF|AltADC|DCI/Q(Q5): 0x001a0b, s: 40032, e: 7566435
2026-09-02 02:16:45.252136 ERRC_PDU_TYPE_DL_DCCH_NB_1 ERRC PDU: DLInformationTransfer-NB
2026-09-02 02:16:45.252166 ERRC_PEER_MSG_NB_DL_INFO DL Information Transfer [001209f0c943710041d080780188027c5e40004008d483b0404180c0995b414059140000d781911100000000160ca45ec001a000040081539402fd827c5e4000407e1708249900a0003c00]
2026-09-02 02:16:45.252258 NAS_PDU_ATTACH_ACCEPT_W_ACTIVATE_DEFAULT_EPS_BEARER_CONTEXT_REQUEST ATTACH ACCEPT(ACTIVATE DEFAULT EPS BEARER CONTEXT REQUEST) [27c3250dc401074201e0062009f17900010023520ec101060302656d0501645000035e064444000000005832917b000680001002054e500bf609f179000101f85c209264028000f0]
2026-09-02 02:16:45.252807 NAS_PDU_ATTACH_COMPLETE_W_ACTIVATE_DEFAULT_EPS_BEARER_CONTEXT_ACCEPT ATTACH COMPLETE(ACTIVATE DEFAULT EPS BEARER CONTEXT ACCEPT) [074300035200c2]
2026-09-02 02:16:45.252929 ERRC_PDU_TYPE_UL_DCCH_NB_7 ERRC PDU: ULInformationTransfer-NB
2026-09-02 02:16:45.252929 ERRC_PEER_MSG_NB_UL_INFO UL Information Transfer [300d27c83b9f1201074300035200c2]
2026-09-02 02:16:45.269470 APDU_TRANSPORT_DONE_INFO [00a408040000047fff6fe30168]
2026-09-02 02:16:45.269470 APDU_RECEIVED_R_APDU_DATA [62178202412183026fe38a01058b036f0605800200128801f09000]
2026-09-02 02:16:45.271667 RFHAL_KERNEL_BIN_TRACE_TX_ON TX ON: gen: 0xf4bf0ae7, cmn: 0x4df4, norm: 0x54064, 0xb84e00, 0xc027, mrx: 0xa8805c, dsp_corr: 4193
2026-09-02 02:16:45.271698 L1_DEFAULT_INFO_PUCCH_POWER_CONTROL pucch_tx_power_value: 23, dl_path_loss: 177
2026-09-02 02:16:45.281372 RFHAL_KERNEL_BIN_TRACE_TX_OFF TX OFF: gen: 0x265, s: 43340, e: 811340
2026-09-02 02:16:45.287048 APDU_TRANSPORT_DONE_INFO [00d60000120bf609f179000101f85c209209f179000100]
2026-09-02 02:16:45.287658 APDU_TRANSPORT_DONE_INFO [9000]
2026-09-02 02:16:45.287658 RFHAL_KERNEL_BIN_TRACE_TX_ON TX ON: gen: 0xf4bf0ae7, cmn: 0x4df4, norm: 0x34064, 0xb84e00, 0xc027, mrx: 0x98805c, dsp_corr: 4198
2026-09-02 02:16:45.287689 L1_DEFAULT_INFO_PUCCH_POWER_CONTROL pucch_tx_power_value: 23, dl_path_loss: 177
2026-09-02 02:16:45.289367 RFHAL_KERNEL_BIN_TRACE_TX_OFF TX OFF: gen: 0x267, s: 44107, e: 197707
2026-09-02 02:16:45.301666 RFHAL_KERNEL_BIN_TRACE_TX_ON TX ON: gen: 0xf4bf0ae7, cmn: 0x4df4, norm: 0x34064, 0xb84e00, 0xc027, mrx: 0x98805c, dsp_corr: 4203
2026-09-02 02:16:45.301696 L1_DEFAULT_INFO_PUCCH_POWER_CONTROL pucch_tx_power_value: 23, dl_path_loss: 177
2026-09-02 02:16:45.305389 RFHAL_KERNEL_BIN_TRACE_TX_OFF TX OFF: gen: 0x26a, s: 43881, e: 351081
2026-09-02 02:16:45.306488 RFHAL_KERNEL_BIN_TRACE_RX_ON RX ON -- AntPwr: -116, FreqCtrl: 0x380d5700, OF|AnaGi|AdcAttn|BQ|BWs: 0x07000700, dsp_corr: -4045
2026-09-02 02:16:45.358490 RFHAL_KERNEL_BIN_TRACE_RX_OFF RX OFF -- AntPwr: -117, prev W/NBPM: -93, -116, TF|AltADC|DCI/Q(Q5): 0x001a0b, s: 51005, e: 4044608
2026-09-02 02:16:45.360504 RFHAL_KERNEL_BIN_TRACE_RX_ON RX ON -- AntPwr: -117, FreqCtrl: 0x380d5700, OF|AnaGi|AdcAttn|BQ|BWs: 0x07000700, dsp_corr: -4053
2026-09-02 02:16:45.374481 RFHAL_KERNEL_BIN_TRACE_RX_OFF RX OFF -- AntPwr: -116, prev W/NBPM: -93, -114, TF|AltADC|DCI/Q(Q5): 0x001a0b, s: 39937, e: 1115140
2026-09-02 02:16:45.383483 RFHAL_KERNEL_BIN_TRACE_RX_ON RX ON -- AntPwr: -116, FreqCtrl: 0x380d5700, OF|AnaGi|AdcAttn|BQ|BWs: 0x07000700, dsp_corr: -4069
2026-09-02 02:16:45.396606 L1_DCI_DEC_N0_CONTENT_PHY_ALLOC modem: i_sc:10, n_ru:8, k0:8, q_m:2, tbs:69, redundancy_version:0, n_rep:4, ndi:1, dci_sf_rep_nbr:4, harq_id:0
2026-09-02 02:16:45.397583 L1_DCI_DEC_N0_CONTENT_PHY_ALLOC modem: i_sc:10, n_ru:8, k0:8, q_m:2, tbs:69, redundancy_version:0, n_rep:4, ndi:1, dci_sf_rep_nbr:4, harq_id:0
2026-09-02 02:16:45.398651 L1_DCI_DEC_N0_CONTENT_PHY_ALLOC modem: i_sc:10, n_ru:8, k0:8, q_m:2, tbs:69, redundancy_version:0, n_rep:4, ndi:1, dci_sf_rep_nbr:4, harq_id:0
2026-09-02 02:16:45.399505 RFHAL_KERNEL_BIN_TRACE_RX_OFF RX OFF -- AntPwr: -116, prev W/NBPM: -93, -113, TF|AltADC|DCI/Q(Q5): 0x001a0c, s: 39217, e: 1268020
2026-09-02 02:16:45.400756 L23_DEFAULT_INFO_AS_RAI_STATUS 1
2026-09-02 02:16:45.411651 RFHAL_KERNEL_BIN_TRACE_TX_ON TX ON: gen: 0xf4bf0ae7, cmn: 0x4df4, norm: 0x25464, 0xb84e00, 0xc027, mrx: 0xa8805c, dsp_corr: 4227
2026-09-02 02:16:45.411682 L1_TX_POWER_PUSCH sys_frame_number: 589, sub_frame_number: 8, pusch_tx_power_value: 23, dl_path_loss: 177
2026-09-02 02:16:45.667388 RFHAL_KERNEL_BIN_TRACE_TX_OFF TX OFF: gen: 0x2eb, s: 43649, e: 19704449
2026-09-02 02:16:45.669494 RFHAL_KERNEL_BIN_TRACE_RX_ON RX ON -- AntPwr: -116, FreqCtrl: 0x380d5700, OF|AnaGi|AdcAttn|BQ|BWs: 0x07000700, dsp_corr: -4168
2026-09-02 02:16:45.671600 L1_DEFAULT_INFO_SERVING_CELL_MEASUREMENTS earfcn: 229232, pci: 22, rsrp: -132, rsrq: -17, SNR: -8
2026-09-02 02:16:45.678497 RFHAL_KERNEL_BIN_TRACE_RX_OFF RX OFF -- AntPwr: -117, prev W/NBPM: -93, -114, TF|AltADC|DCI/Q(Q5): 0x001a0b, s: 39955, e: 731158
2026-09-02 02:16:45.681488 RFHAL_KERNEL_BIN_TRACE_RX_ON RX ON -- AntPwr: -117, FreqCtrl: 0x380d5700, OF|AnaGi|AdcAttn|BQ|BWs: 0x07000700, dsp_corr: -4172
2026-09-02 02:16:45.694519 RFHAL_KERNEL_BIN_TRACE_RX_OFF RX OFF -- AntPwr: -117, prev W/NBPM: -93, -115, TF|AltADC|DCI/Q(Q5): 0x001a0b, s: 40027, e: 1038430
2026-09-02 02:16:45.703491 RFHAL_KERNEL_BIN_TRACE_RX_ON RX ON -- AntPwr: -117, FreqCtrl: 0x380d5700, OF|AnaGi|AdcAttn|BQ|BWs: 0x07000700, dsp_corr: -4179
2026-09-02 02:16:45.716613 L1_DCI_DEC_N1_CONTENT_PHY_ALLOC modem: k0:0, n_sf:2, tbs:15, n_rep:4, ndi:1, ack_nack_sc:0, ack_nack_k0:17, dci_sf_rep_nbr:4, harq_id:0
2026-09-02 02:16:45.718689 L1_DCI_DEC_N1_CONTENT_PHY_ALLOC modem: k0:0, n_sf:2, tbs:15, n_rep:4, ndi:1, ack_nack_sc:0, ack_nack_k0:17, dci_sf_rep_nbr:4, harq_id:0
2026-09-02 02:16:45.719512 RFHAL_KERNEL_BIN_TRACE_RX_OFF RX OFF -- AntPwr: -117, prev W/NBPM: -93, -114, TF|AltADC|DCI/Q(Q5): 0x001a0b, s: 39214, e: 1268017
2026-09-02 02:16:45.721496 RFHAL_KERNEL_BIN_TRACE_RX_ON RX ON -- AntPwr: -117, FreqCtrl: 0x380d5700, OF|AnaGi|AdcAttn|BQ|BWs: 0x07000700, dsp_corr: -4185
2026-09-02 02:16:45.753509 RFHAL_KERNEL_BIN_TRACE_RX_OFF RX OFF -- AntPwr: -117, prev W/NBPM: -93, -115, TF|AltADC|DCI/Q(Q5): 0x001a0b, s: 40018, e: 2497621
2026-09-02 02:16:45.774688 L1_DEFAULT_INFO_PUCCH_POWER_CONTROL pucch_tx_power_value: 23, dl_path_loss: 178
2026-09-02 02:16:45.774688 RFHAL_KERNEL_BIN_TRACE_TX_ON TX ON: gen: 0xf4bf0ae7, cmn: 0x4df4, norm: 0x54064, 0xb84e00, 0xc027, mrx: 0x98805c, dsp_corr: 4341
2026-09-02 02:16:45.790374 RFHAL_KERNEL_BIN_TRACE_TX_OFF TX OFF: gen: 0x2f4, s: 43557, e: 1272357
2026-09-02 02:16:45.792511 RFHAL_KERNEL_BIN_TRACE_RX_ON RX ON -- AntPwr: -117, FreqCtrl: 0x380d5700, OF|AnaGi|AdcAttn|BQ|BWs: 0x07000700, dsp_corr: -4207
2026-09-02 02:16:45.830627 L1_DCI_DEC_N1_CONTENT_PHY_ALLOC modem: k0:0, n_sf:2, tbs:15, n_rep:4, ndi:1, ack_nack_sc:0, ack_nack_k0:17, dci_sf_rep_nbr:4, harq_id:0
2026-09-02 02:16:45.832641 L1_DCI_DEC_N1_CONTENT_PHY_ALLOC modem: k0:0, n_sf:2, tbs:15, n_rep:4, ndi:1, ack_nack_sc:0, ack_nack_k0:17, dci_sf_rep_nbr:4, harq_id:0
2026-09-02 02:16:45.846496 RFHAL_KERNEL_BIN_TRACE_RX_OFF RX OFF -- AntPwr: -118, prev W/NBPM: -93, -114, TF|AltADC|DCI/Q(Q5): 0x001a0c, s: 40028, e: 4187231
2026-09-02 02:16:45.846649 L1_DL_BLER Initial DL blocks: 4, of which CRC passed: 3 during 1328 ms period. BLER: 25 percent
2026-09-02 02:16:45.846649 L1_DL_THRPUT DL throughput in bytes/s: 106 during 1328 ms period
2026-09-02 02:16:45.846649 L1_UL_BLER Initial UL blocks: 2, of which CRC passed: 2 during 1328 ms period. BLER: 0 percent
2026-09-02 02:16:45.846649 L1_UL_THRPUT UL throughput in bytes/s: 103 during 1328 ms period
2026-09-02 02:16:45.848693 L23_DEFAULT_INFO_EMM_STATE_VALUE emm_state: 4, emm_substate: 1
2026-09-02 02:16:45.849823 L23_AT_STRING <= +CGEV: ME PDN ACT 10,0\r\n
2026-09-02 02:16:45.850036 L23_AT_STRING <= +CNEC_ESM: 50,10\r\n
2026-09-02 02:16:45.850280 L23_AT_STRING <= +CEREG: 5,"0001","00000001",14,,,"11100000","11100000"\r\n
2026-09-02 02:16:45.853668 L23_AT_STRING => AT%XMONITOR
2026-09-02 02:16:45.853912 L23_AT_STRING <= %XMONITOR: 5,"","","90197","0001",14,256,"00000001",22,229232,9,17,"","11100000","11100000","11100000",6,3,8,4\r\nOK\r\n
2026-09-02 02:16:45.855529 L23_AT_STRING => AT+CGSN
2026-09-02 02:16:45.855682 L23_AT_STRING <= 359404235468932\r\nOK\r\n
2026-09-02 02:16:45.856475 L23_AT_STRING => AT+CESQ
2026-09-02 02:16:45.856506 L23_AT_STRING <= +CESQ: 99,99,255,255,6,9\r\nOK\r\n
2026-09-02 02:16:45.857482 L23_AT_STRING => AT%XCBAND
2026-09-02 02:16:45.857574 L23_AT_STRING <= %XCBAND: 256\r\nOK\r\n
2026-09-02 02:16:45.858276 L23_AT_STRING => AT+CEMODE?
2026-09-02 02:16:45.858337 L23_AT_STRING <= +CEMODE: 0\r\nOK\r\n
2026-09-02 02:16:45.859008 L23_AT_STRING => AT+COPS?
2026-09-02 02:16:45.859100 L23_AT_STRING <= +COPS: 1,2,"90197",14\r\nOK\r\n
2026-09-02 02:16:45.859954 L23_AT_STRING => AT%XTEMP?
2026-09-02 02:16:45.859985 L23_AT_STRING <= %XTEMP: 28\r\nOK\r\n
2026-09-02 02:16:45.861206 EPDCP_UP_PACKET_UL_MULTI [4500006500030000ff116e666450000340b5a816e854138d00513d2d3335393430343233353436383933322c2c343833342c392c3235362c302c39303139372c2d33302e30332c2d35312e32312c392c39392e39392c32382c3939392e39392c39392e3939]
2026-09-02 02:16:45.861877 L23_DEFAULT_INFO_CP_RAI ESM DATA TRANSPORT(tr_id=16): 0
2026-09-02 02:16:45.861908 NAS_PDU_ESM_DATA_TRANSPORT ESM DATA TRANSPORT [2700000000005200eb00654500006500030000ff116e666450000340b5a816e854138d00513d2d3335393430343233353436383933322c2c343833342c392c3235362c302c39303139372c2d33302e30332c2d35312e32312c392c39392e39392c32382c3939392e39392c39392e3939]
2026-09-02 02:16:45.862030 ERRC_PDU_TYPE_UL_DCCH_NB_7 ERRC PDU: ULInformationTransfer-NB
2026-09-02 02:16:45.862060 ERRC_PEER_MSG_NB_UL_INFO UL Information Transfer [307027141c10cb025200eb00654500006500030000ff116e666450000340b5a816e854138d00513d2d3335393430343233353436383933322c2c343833342c392c3235362c302c39303139372c2d33302e30332c2d35312e32312c392c39392e39392c32382c3939392e39392c39392e3939]
2026-09-02 02:16:45.867675 RFHAL_KERNEL_BIN_TRACE_TX_ON TX ON: gen: 0xf4bf0ae7, cmn: 0x4df4, norm: 0x54064, 0xb84e00, 0xc027, mrx: 0x98805c, dsp_corr: 4380
2026-09-02 02:16:45.867706 L1_DEFAULT_INFO_PUCCH_POWER_CONTROL pucch_tx_power_value: 23, dl_path_loss: 179
2026-09-02 02:16:45.883392 RFHAL_KERNEL_BIN_TRACE_TX_OFF TX OFF: gen: 0x2fd, s: 43170, e: 1271970
2026-09-02 02:16:45.885498 RFHAL_KERNEL_BIN_TRACE_RX_ON RX ON -- AntPwr: -118, FreqCtrl: 0x380d5700, OF|AnaGi|AdcAttn|BQ|BWs: 0x07000700, dsp_corr: -4226
2026-09-02 02:16:45.890564 L1_DEFAULT_INFO_SERVING_CELL_MEASUREMENTS earfcn: 229232, pci: 22, rsrp: -133, rsrq: -17, SNR: -8
2026-09-02 02:16:45.917511 RFHAL_KERNEL_BIN_TRACE_RX_OFF RX OFF -- AntPwr: -117, prev W/NBPM: -93, -114, TF|AltADC|DCI/Q(Q5): 0x001a0c, s: 39993, e: 2497596
2026-09-02 02:16:45.919494 RFHAL_KERNEL_BIN_TRACE_RX_ON RX ON -- AntPwr: -117, FreqCtrl: 0x380d5700, OF|AnaGi|AdcAttn|BQ|BWs: 0x07000700, dsp_corr: -4237
2026-09-02 02:16:45.934509 RFHAL_KERNEL_BIN_TRACE_RX_OFF RX OFF -- AntPwr: -117, prev W/NBPM: -92, -114, TF|AltADC|DCI/Q(Q5): 0x001a0b, s: 39948, e: 1191951
2026-09-02 02:16:45.943512 RFHAL_KERNEL_BIN_TRACE_RX_ON RX ON -- AntPwr: -117, FreqCtrl: 0x380d5700, OF|AnaGi|AdcAttn|BQ|BWs: 0x07000700, dsp_corr: -4235
2026-09-02 02:16:45.958679 L1_DCI_DEC_N1_CONTENT_PHY_ALLOC modem: k0:0, n_sf:5, tbs:41, n_rep:4, ndi:0, ack_nack_sc:0, ack_nack_k0:17, dci_sf_rep_nbr:4, harq_id:0
2026-09-02 02:16:45.959503 RFHAL_KERNEL_BIN_TRACE_RX_OFF RX OFF -- AntPwr: -117, prev W/NBPM: -93, -114, TF|AltADC|DCI/Q(Q5): 0x001a0b, s: 39221, e: 1268024
2026-09-02 02:16:45.961517 RFHAL_KERNEL_BIN_TRACE_RX_ON RX ON -- AntPwr: -117, FreqCtrl: 0x380d5700, OF|AnaGi|AdcAttn|BQ|BWs: 0x07000700, dsp_corr: -4241
2026-09-02 02:16:46.017517 RFHAL_KERNEL_BIN_TRACE_RX_OFF RX OFF -- AntPwr: -117, prev W/NBPM: -92, -114, TF|AltADC|DCI/Q(Q5): 0x001a0b, s: 39952, e: 4340755
2026-09-02 02:16:46.067688 RFHAL_KERNEL_BIN_TRACE_TX_ON TX ON: gen: 0xf4bf0ae7, cmn: 0x4df4, norm: 0x54064, 0xb84e00, 0xc027, mrx: 0x98805c, dsp_corr: 4442
2026-09-02 02:16:46.067718 L1_DEFAULT_INFO_PUCCH_POWER_CONTROL pucch_tx_power_value: 23, dl_path_loss: 180
2026-09-02 02:16:46.083404 RFHAL_KERNEL_BIN_TRACE_TX_OFF TX OFF: gen: 0x306, s: 44003, e: 1272803
2026-09-02 02:16:46.085510 RFHAL_KERNEL_BIN_TRACE_RX_ON RX ON -- AntPwr: -117, FreqCtrl: 0x380d5700, OF|AnaGi|AdcAttn|BQ|BWs: 0x07000700, dsp_corr: -4288
2026-09-02 02:16:46.090576 L1_DEFAULT_INFO_SERVING_CELL_MEASUREMENTS earfcn: 229232, pci: 22, rsrp: -134, rsrq: -18, SNR: -8
2026-09-02 02:16:46.094512 RFHAL_KERNEL_BIN_TRACE_RX_OFF RX OFF -- AntPwr: -117, prev W/NBPM: -93, -114, TF|AltADC|DCI/Q(Q5): 0x001a0b, s: 39955, e: 731158
2026-09-02 02:16:46.103515 RFHAL_KERNEL_BIN_TRACE_RX_ON RX ON -- AntPwr: -117, FreqCtrl: 0x380d5700, OF|AnaGi|AdcAttn|BQ|BWs: 0x07000700, dsp_corr: -4294
2026-09-02 02:16:46.158508 RFHAL_KERNEL_BIN_TRACE_RX_OFF RX OFF -- AntPwr: -117, prev W/NBPM: -93, -115, TF|AltADC|DCI/Q(Q5): 0x001a0b, s: 38182, e: 4262185
2026-09-02 02:16:46.160522 RFHAL_KERNEL_BIN_TRACE_RX_ON RX ON -- AntPwr: -117, FreqCtrl: 0x380d5700, OF|AnaGi|AdcAttn|BQ|BWs: 0x07000700, dsp_corr: -4322
2026-09-02 02:16:46.174530 RFHAL_KERNEL_BIN_TRACE_RX_OFF RX OFF -- AntPwr: -117, prev W/NBPM: -93, -114, TF|AltADC|DCI/Q(Q5): 0x001a0b, s: 39949, e: 1115152
2026-09-02 02:16:46.183532 RFHAL_KERNEL_BIN_TRACE_RX_ON RX ON -- AntPwr: -117, FreqCtrl: 0x380d5700, OF|AnaGi|AdcAttn|BQ|BWs: 0x07000700, dsp_corr: -4329
2026-09-02 02:16:46.238525 RFHAL_KERNEL_BIN_TRACE_RX_OFF RX OFF -- AntPwr: -117, prev W/NBPM: -93, -114, TF|AltADC|DCI/Q(Q5): 0x001a0b, s: 39218, e: 4263221
2026-09-02 02:16:46.240509 RFHAL_KERNEL_BIN_TRACE_RX_ON RX ON -- AntPwr: -117, FreqCtrl: 0x380d5700, OF|AnaGi|AdcAttn|BQ|BWs: 0x07000700, dsp_corr: -4347
2026-09-02 02:16:46.254516 RFHAL_KERNEL_BIN_TRACE_RX_OFF RX OFF -- AntPwr: -117, prev W/NBPM: -93, -115, TF|AltADC|DCI/Q(Q5): 0x001a0b, s: 39951, e: 1115154
2026-09-02 02:16:46.263519 RFHAL_KERNEL_BIN_TRACE_RX_ON RX ON -- AntPwr: -117, FreqCtrl: 0x380d5700, OF|AnaGi|AdcAttn|BQ|BWs: 0x07000700, dsp_corr: -4344
2026-09-02 02:16:46.278686 L1_DCI_DEC_N1_CONTENT_PHY_ALLOC modem: k0:64, n_sf:2, tbs:18, n_rep:512, ndi:1, ack_nack_sc:2, ack_nack_k0:15, dci_sf_rep_nbr:8, harq_id:0
2026-09-02 02:16:46.291595 L1_DEFAULT_INFO_SERVING_CELL_MEASUREMENTS earfcn: 229232, pci: 22, rsrp: -135, rsrq: -19, SNR: -9
2026-09-02 02:16:46.318542 RFHAL_KERNEL_BIN_TRACE_RX_OFF RX OFF -- AntPwr: -117, prev W/NBPM: -92, -115, TF|AltADC|DCI/Q(Q5): 0x001a0b, s: 39215, e: 4263218
2026-09-02 02:16:46.320526 RFHAL_KERNEL_BIN_TRACE_RX_ON RX ON -- AntPwr: -117, FreqCtrl: 0x380d5700, OF|AnaGi|AdcAttn|BQ|BWs: 0x07000700, dsp_corr: -4372
2026-09-02 02:16:46.334533 RFHAL_KERNEL_BIN_TRACE_RX_OFF RX OFF -- AntPwr: -118, prev W/NBPM: -93, -115, TF|AltADC|DCI/Q(Q5): 0x001a0b, s: 39974, e: 1115177
2026-09-02 02:16:46.343536 RFHAL_KERNEL_BIN_TRACE_RX_ON RX ON -- AntPwr: -118, FreqCtrl: 0x380d5700, OF|AnaGi|AdcAttn|BQ|BWs: 0x07000700, dsp_corr: -4389
2026-09-02 02:16:46.492645 L1_DEFAULT_INFO_SERVING_CELL_MEASUREMENTS earfcn: 229232, pci: 22, rsrp: -136, rsrq: -20, SNR: -9
2026-09-02 02:16:46.518829 L23_ERRC_3GPP_TIMER_START 6 START, timeout 0 ms
2026-09-02 02:16:46.519043 L23_ERRC_3GPP_TIMER_STOP 6 STOP
2026-09-02 02:16:46.519043 L23_ERRC_3GPP_TIMER_STOP 9 STOP
2026-09-02 02:16:46.520629 L1_DEFAULT_INFO_SERVING_CELL_MEASUREMENTS earfcn: 229232, pci: 22, rsrp: -140, rsrq: -23, SNR: -9
2026-09-02 02:16:46.521545 RFHAL_KERNEL_BIN_TRACE_RX_OFF RX OFF -- AntPwr: -117, prev W/NBPM: -93, -115, TF|AltADC|DCI/Q(Q5): 0x001a0b, s: 39215, e: 13709618
2026-09-02 02:16:46.523559 L23_DEFAULT_INFO_CP_RAI ESM DATA TRANSPORT(tr_id=17): 0
2026-09-02 02:16:46.524749 L23_AT_STRING <= +CSCON: 0\r\n
2026-09-02 02:16:46.529724 RFHAL_KERNEL_BIN_TRACE_RX_ON RX ON -- AntPwr: -104, FreqCtrl: 0x380d5700, OF|AnaGi|AdcAttn|BQ|BWs: 0x07000700, dsp_corr: 6141
2026-09-02 02:16:46.540710 RFHAL_KERNEL_BIN_TRACE_RX_OFF RX OFF -- AntPwr: -115, prev W/NBPM: -93, -115, TF|AltADC|DCI/Q(Q5): 0x001a0b, s: 496060, e: 1340860
2026-09-02 02:16:46.547607 RFHAL_KERNEL_BIN_TRACE_RX_ON RX ON -- AntPwr: -104, FreqCtrl: 0x380d5700, OF|AnaGi|AdcAttn|BQ|BWs: 0x07000700, dsp_corr: -6141
2026-09-02 02:16:46.558624 RFHAL_KERNEL_BIN_TRACE_RX_OFF RX OFF -- AntPwr: -114, prev W/NBPM: -93, -114, TF|AltADC|DCI/Q(Q5): 0x001a0b, s: 496104, e: 1340904
2026-09-02 02:16:46.565521 RFHAL_KERNEL_BIN_TRACE_RX_ON RX ON -- AntPwr: -104, FreqCtrl: 0x380d5700, OF|AnaGi|AdcAttn|BQ|BWs: 0x07000700, dsp_corr: 18423
2026-09-02 02:16:46.576507 RFHAL_KERNEL_BIN_TRACE_RX_OFF RX OFF -- AntPwr: -115, prev W/NBPM: -93, -115, TF|AltADC|DCI/Q(Q5): 0x001a0b, s: 496058, e: 1340858
2026-09-02 02:16:46.583404 RFHAL_KERNEL_BIN_TRACE_RX_ON RX ON -- AntPwr: -102, FreqCtrl: 0x380d5700, OF|AnaGi|AdcAttn|BQ|BWs: 0x07000700, dsp_corr: -18423
2026-09-02 02:16:46.594390 RFHAL_KERNEL_BIN_TRACE_RX_OFF RX OFF -- AntPwr: -115, prev W/NBPM: -93, -115, TF|AltADC|DCI/Q(Q5): 0x001a0b, s: 496059, e: 1340859
2026-09-02 02:16:46.601654 RFHAL_KERNEL_BIN_TRACE_RX_ON RX ON -- AntPwr: -102, FreqCtrl: 0x380d5700, OF|AnaGi|AdcAttn|BQ|BWs: 0x07000700, dsp_corr: 6141
2026-09-02 02:16:46.612640 RFHAL_KERNEL_BIN_TRACE_RX_OFF RX OFF -- AntPwr: -115, prev W/NBPM: -92, -115, TF|AltADC|DCI/Q(Q5): 0x001a0b, s: 495957, e: 1340757
2026-09-02 02:16:46.619537 RFHAL_KERNEL_BIN_TRACE_RX_ON RX ON -- AntPwr: -105, FreqCtrl: 0x380d5700, OF|AnaGi|AdcAttn|BQ|BWs: 0x07000700, dsp_corr: -6141
2026-09-02 02:16:46.630554 RFHAL_KERNEL_BIN_TRACE_RX_OFF RX OFF -- AntPwr: -114, prev W/NBPM: -93, -114, TF|AltADC|DCI/Q(Q5): 0x001a0b, s: 496069, e: 1340869
2026-09-02 02:16:46.637451 RFHAL_KERNEL_BIN_TRACE_RX_ON RX ON -- AntPwr: -105, FreqCtrl: 0x380d5700, OF|AnaGi|AdcAttn|BQ|BWs: 0x07000700, dsp_corr: 18423
2026-09-02 02:16:46.648437 RFHAL_KERNEL_BIN_TRACE_RX_OFF RX OFF -- AntPwr: -115, prev W/NBPM: -92, -115, TF|AltADC|DCI/Q(Q5): 0x001a0b, s: 496057, e: 1340857
2026-09-02 02:16:46.655334 RFHAL_KERNEL_BIN_TRACE_RX_ON RX ON -- AntPwr: -103, FreqCtrl: 0x380d5700, OF|AnaGi|AdcAttn|BQ|BWs: 0x07000700, dsp_corr: -18423
2026-09-02 02:16:46.666320 RFHAL_KERNEL_BIN_TRACE_RX_OFF RX OFF -- AntPwr: -115, prev W/NBPM: -92, -115, TF|AltADC|DCI/Q(Q5): 0x001a0b, s: 496059, e: 1340859
2026-09-02 02:16:46.666900 L23_DEFAULT_INFO_RRCSTATECHANGEEVENT RRC State: 1
2026-09-02 02:16:46.667724 L23_DEFAULT_INFO_EMM_STATE_VALUE emm_state: 4, emm_substate: 5
2026-09-02 02:16:46.669281 L23_AT_STRING <= %SIBREQ: 0,1\r\n
2026-09-02 02:16:46.669494 L23_AT_STRING <= +CEREG: 4\r\n
2026-09-02 02:16:46.675323 RFHAL_KERNEL_BIN_TRACE_RX_ON RX ON -- AntPwr: -104, FreqCtrl: 0x380d5700, OF|AnaGi|AdcAttn|BQ|BWs: 0x07000700, dsp_corr: 6141
2026-09-02 02:16:46.686309 RFHAL_KERNEL_BIN_TRACE_RX_OFF RX OFF -- AntPwr: -115, prev W/NBPM: -93, -115, TF|AltADC|DCI/Q(Q5): 0x001a0b, s: 496131, e: 1340931
2026-09-02 02:16:46.693237 RFHAL_KERNEL_BIN_TRACE_RX_ON RX ON -- AntPwr: -104, FreqCtrl: 0x380d5700, OF|AnaGi|AdcAttn|BQ|BWs: 0x07000700, dsp_corr: -6141
2026-09-02 02:16:46.704223 RFHAL_KERNEL_BIN_TRACE_RX_OFF RX OFF -- AntPwr: -115, prev W/NBPM: -92, -115, TF|AltADC|DCI/Q(Q5): 0x001a0b, s: 496101, e: 1340901
2026-09-02 02:16:46.711120 RFHAL_KERNEL_BIN_TRACE_RX_ON RX ON -- AntPwr: -102, FreqCtrl: 0x380d5700, OF|AnaGi|AdcAttn|BQ|BWs: 0x07000700, dsp_corr: 18423
2026-09-02 02:16:46.722106 RFHAL_KERNEL_BIN_TRACE_RX_OFF RX OFF -- AntPwr: -114, prev W/NBPM: -92, -114, TF|AltADC|DCI/Q(Q5): 0x001a0b, s: 496054, e: 1340854
2026-09-02 02:16:46.729003 RFHAL_KERNEL_BIN_TRACE_RX_ON RX ON -- AntPwr: -103, FreqCtrl: 0x380d5700, OF|AnaGi|AdcAttn|BQ|BWs: 0x07000700, dsp_corr: -18423
2026-09-02 02:16:46.740020 RFHAL_KERNEL_BIN_TRACE_RX_OFF RX OFF -- AntPwr: -115, prev W/NBPM: -92, -115, TF|AltADC|DCI/Q(Q5): 0x001a0b, s: 496056, e: 1340856
2026-09-02 02:16:46.740631 L23_DEFAULT_INFO_RRCSTATECHANGEEVENT RRC State: 1
2026-09-02 02:16:46.741088 L23_DEFAULT_INFO_EMM_STATE_VALUE emm_state: 4, emm_substate: 4
2026-09-02 02:16:46.741272 L23_DEFAULT_INFO_RRCSTATECHANGEEVENT RRC State: 0
2026-09-02 02:16:46.741272 L23_ERRC_3GPP_TIMER_STOP 0 STOP
2026-09-02 02:16:46.741302 L23_ERRC_3GPP_TIMER_STOP 1 STOP
2026-09-02 02:16:46.741302 L23_ERRC_3GPP_TIMER_STOP 4 STOP
2026-09-02 02:16:46.741302 L23_ERRC_3GPP_TIMER_STOP 6 STOP
2026-09-02 02:16:46.741302 L23_ERRC_3GPP_TIMER_STOP 7 STOP
2026-09-02 02:16:46.741302 L23_ERRC_3GPP_TIMER_STOP 9 STOP
2026-09-02 02:16:46.741333 L23_ERRC_3GPP_TIMER_STOP 10 STOP
2026-09-02 02:16:46.741333 L23_ERRC_3GPP_TIMER_STOP 13 STOP
2026-09-02 02:16:46.741333 L23_ERRC_3GPP_TIMER_STOP 11 STOP
2026-09-02 02:16:46.741333 L23_ERRC_3GPP_TIMER_STOP 12 STOP
2026-09-02 02:16:46.742828 L23_AT_STRING <= +CEREG: 91,,,14\r\n
2026-09-02 02:16:48.741424 L23_DEFAULT_INFO_RRCSTATECHANGEEVENT RRC State: 0
2026-09-02 02:16:48.762817 L23_DEFAULT_INFO_RRCSTATECHANGEEVENT RRC State: 1
2026-09-02 02:16:48.763793 L23_DEFAULT_INFO_EMM_STATE_VALUE emm_state: 4, emm_substate: 5
2026-09-02 02:16:48.773956 RFHAL_KERNEL_BIN_TRACE_RX_ON RX ON -- AntPwr: -103, FreqCtrl: 0x380d5700, OF|AnaGi|AdcAttn|BQ|BWs: 0x07000700, dsp_corr: 6141
2026-09-02 02:16:48.784942 RFHAL_KERNEL_BIN_TRACE_RX_OFF RX OFF -- AntPwr: -114, prev W/NBPM: -92, -114, TF|AltADC|DCI/Q(Q5): 0x001a0b, s: 550589, e: 1395389
2026-09-02 02:16:48.792816 RFHAL_KERNEL_BIN_TRACE_RX_ON RX ON -- AntPwr: -113, FreqCtrl: 0x380d5700, OF|AnaGi|AdcAttn|BQ|BWs: 0x07000700, dsp_corr: 6141
2026-09-02 02:16:48.793640 RFHAL_KERNEL_BIN_TRACE_RX_OFF RX OFF -- AntPwr: -113, prev W/NBPM: -93, -114, TF|AltADC|DCI/Q(Q5): 0x001a0b, s: 54031, e: 115631
2026-09-02 02:16:48.796814 RFHAL_KERNEL_BIN_TRACE_RX_ON RX ON -- AntPwr: -114, FreqCtrl: 0x380d5700, OF|AnaGi|AdcAttn|BQ|BWs: 0x07000700, dsp_corr: 6141
2026-09-02 02:16:48.797637 RFHAL_KERNEL_BIN_TRACE_RX_OFF RX OFF -- AntPwr: -114, prev W/NBPM: -93, -113, TF|AltADC|DCI/Q(Q5): 0x001a0b, s: 54232, e: 115832
2026-09-02 02:16:48.802825 RFHAL_KERNEL_BIN_TRACE_RX_ON RX ON -- AntPwr: -113, FreqCtrl: 0x380d5700, OF|AnaGi|AdcAttn|BQ|BWs: 0x07000700, dsp_corr: 6141
2026-09-02 02:16:48.803619 RFHAL_KERNEL_BIN_TRACE_RX_OFF RX OFF -- AntPwr: -113, prev W/NBPM: -93, -115, TF|AltADC|DCI/Q(Q5): 0x001a0b, s: 54233, e: 115833
2026-09-02 02:16:48.806823 RFHAL_KERNEL_BIN_TRACE_RX_ON RX ON -- AntPwr: -115, FreqCtrl: 0x380d5700, OF|AnaGi|AdcAttn|BQ|BWs: 0x07000700, dsp_corr: 6141
2026-09-02 02:16:48.807617 RFHAL_KERNEL_BIN_TRACE_RX_OFF RX OFF -- AntPwr: -115, prev W/NBPM: -93, -115, TF|AltADC|DCI/Q(Q5): 0x001a0b, s: 54234, e: 115834
2026-09-02 02:16:48.815521 RFHAL_KERNEL_BIN_TRACE_RX_ON RX ON -- AntPwr: -103, FreqCtrl: 0x380d5700, OF|AnaGi|AdcAttn|BQ|BWs: 0x07000700, dsp_corr: -6141
2026-09-02 02:16:48.826538 RFHAL_KERNEL_BIN_TRACE_RX_OFF RX OFF -- AntPwr: -114, prev W/NBPM: -92, -114, TF|AltADC|DCI/Q(Q5): 0x001a0b, s: 496094, e: 1340894
2026-09-02 02:16:48.832824 RFHAL_KERNEL_BIN_TRACE_RX_ON RX ON -- AntPwr: -113, FreqCtrl: 0x380d5700, OF|AnaGi|AdcAttn|BQ|BWs: 0x07000700, dsp_corr: -6141
2026-09-02 02:16:48.833648 RFHAL_KERNEL_BIN_TRACE_RX_OFF RX OFF -- AntPwr: -113, prev W/NBPM: -93, -115, TF|AltADC|DCI/Q(Q5): 0x001a0b, s: 54135, e: 115735
2026-09-02 02:16:48.836822 RFHAL_KERNEL_BIN_TRACE_RX_ON RX ON -- AntPwr: -115, FreqCtrl: 0x380d5700, OF|AnaGi|AdcAttn|BQ|BWs: 0x07000700, dsp_corr: -6141
2026-09-02 02:16:48.837646 RFHAL_KERNEL_BIN_TRACE_RX_OFF RX OFF -- AntPwr: -115, prev W/NBPM: -92, -114, TF|AltADC|DCI/Q(Q5): 0x001a0b, s: 54231, e: 115831
2026-09-02 02:16:48.842834 RFHAL_KERNEL_BIN_TRACE_RX_ON RX ON -- AntPwr: -114, FreqCtrl: 0x380d5700, OF|AnaGi|AdcAttn|BQ|BWs: 0x07000700, dsp_corr: -6141
2026-09-02 02:16:48.843627 RFHAL_KERNEL_BIN_TRACE_RX_OFF RX OFF -- AntPwr: -114, prev W/NBPM: -93, -114, TF|AltADC|DCI/Q(Q5): 0x001a0b, s: 54231, e: 115831
2026-09-02 02:16:48.846832 RFHAL_KERNEL_BIN_TRACE_RX_ON RX ON -- AntPwr: -114, FreqCtrl: 0x380d5700, OF|AnaGi|AdcAttn|BQ|BWs: 0x07000700, dsp_corr: -6141
2026-09-02 02:16:48.847625 RFHAL_KERNEL_BIN_TRACE_RX_OFF RX OFF -- AntPwr: -114, prev W/NBPM: -93, -113, TF|AltADC|DCI/Q(Q5): 0x001a0b, s: 54231, e: 115831
2026-09-02 02:16:48.856414 RFHAL_KERNEL_BIN_TRACE_RX_ON RX ON -- AntPwr: -102, FreqCtrl: 0x380d5700, OF|AnaGi|AdcAttn|BQ|BWs: 0x07000700, dsp_corr: -5155
2026-09-02 02:16:48.877410 RFHAL_KERNEL_BIN_TRACE_RX_OFF RX OFF -- AntPwr: -112, prev W/NBPM: -93, -114, TF|AltADC|DCI/Q(Q5): 0x001a0b, s: 562925, e: 2175725
2026-09-02 02:16:48.878906 L1_DEFAULT_INFO_NEIGHBOR_CELL_MEASUREMENTS earfcn: 229232, pci: 22, rsrp: -135, rsrq: -20
2026-09-02 02:16:48.887603 RFHAL_KERNEL_BIN_TRACE_RX_ON RX ON -- AntPwr: -112, FreqCtrl: 0x380d5700, OF|AnaGi|AdcAttn|BQ|BWs: 0x07000700, dsp_corr: -5155
2026-09-02 02:16:48.888610 RFHAL_KERNEL_BIN_TRACE_RX_OFF RX OFF -- AntPwr: -112, prev W/NBPM: -93, -114, TF|AltADC|DCI/Q(Q5): 0x001a0b, s: 39269, e: 116072
2026-09-02 02:16:48.892608 RFHAL_KERNEL_BIN_TRACE_RX_ON RX ON -- AntPwr: -113, FreqCtrl: 0x380d5700, OF|AnaGi|AdcAttn|BQ|BWs: 0x07000700, dsp_corr: -5155
2026-09-02 02:16:48.893646 RFHAL_KERNEL_BIN_TRACE_RX_OFF RX OFF -- AntPwr: -113, prev W/NBPM: -93, -113, TF|AltADC|DCI/Q(Q5): 0x001a0b, s: 39405, e: 116208
2026-09-02 02:16:48.897613 RFHAL_KERNEL_BIN_TRACE_RX_ON RX ON -- AntPwr: -113, FreqCtrl: 0x380d5700, OF|AnaGi|AdcAttn|BQ|BWs: 0x07000700, dsp_corr: -5155
2026-09-02 02:16:48.898620 RFHAL_KERNEL_BIN_TRACE_RX_OFF RX OFF -- AntPwr: -113, prev W/NBPM: -93, -115, TF|AltADC|DCI/Q(Q5): 0x001a0b, s: 39377, e: 116180
2026-09-02 02:16:48.902618 RFHAL_KERNEL_BIN_TRACE_RX_ON RX ON -- AntPwr: -114, FreqCtrl: 0x380d5700, OF|AnaGi|AdcAttn|BQ|BWs: 0x07000700, dsp_corr: -5155
2026-09-02 02:16:48.903625 RFHAL_KERNEL_BIN_TRACE_RX_OFF RX OFF -- AntPwr: -114, prev W/NBPM: -93, -114, TF|AltADC|DCI/Q(Q5): 0x001a0b, s: 39386, e: 116189
2026-09-02 02:16:48.906616 RFHAL_KERNEL_BIN_TRACE_RX_ON RX ON -- AntPwr: -114, FreqCtrl: 0x380d5700, OF|AnaGi|AdcAttn|BQ|BWs: 0x07000700, dsp_corr: -5145
2026-09-02 02:16:48.908630 RFHAL_KERNEL_BIN_TRACE_RX_OFF RX OFF -- AntPwr: -114, prev W/NBPM: -93, -114, TF|AltADC|DCI/Q(Q5): 0x001a0b, s: 40180, e: 193783
2026-09-02 02:16:48.908844 L1_DCI_DEC_NBIOT_MIB_EARFCN_PRESENT current earfcn:229232, lsb of earfcn:0
2026-09-02 02:16:48.908844 L1_DCI_DEC_NBIOT_MIB_DECODE modem: sib1br_tbs:3, value_tag:0, ab_enabled:0, operation_mode:3, channel_raster_offset:0*2.5kHz, num_crs_port:0
2026-09-02 02:16:48.908874 L1_PEER_MSG_MIB_NB MasterInformationBlock-NB [e0c0c04000]
2026-09-02 02:16:49.342834 RFHAL_KERNEL_BIN_TRACE_RX_ON RX ON -- AntPwr: -114, FreqCtrl: 0x380d5700, OF|AnaGi|AdcAttn|BQ|BWs: 0x07000700, dsp_corr: -5145
2026-09-02 02:16:49.343658 RFHAL_KERNEL_BIN_TRACE_RX_OFF RX OFF -- AntPwr: -114, prev W/NBPM: -93, -111, TF|AltADC|DCI/Q(Q5): 0x001a0b, s: 94773, e: 156373
2026-09-02 02:16:49.346832 RFHAL_KERNEL_BIN_TRACE_RX_ON RX ON -- AntPwr: -111, FreqCtrl: 0x380d5700, OF|AnaGi|AdcAttn|BQ|BWs: 0x07000700, dsp_corr: -5145
2026-09-02 02:16:49.347686 RFHAL_KERNEL_BIN_TRACE_RX_OFF RX OFF -- AntPwr: -111, prev W/NBPM: -93, -115, TF|AltADC|DCI/Q(Q5): 0x001a0b, s: 54907, e: 119067
2026-09-02 02:16:49.352813 RFHAL_KERNEL_BIN_TRACE_RX_ON RX ON -- AntPwr: -115, FreqCtrl: 0x380d5700, OF|AnaGi|AdcAttn|BQ|BWs: 0x07000700, dsp_corr: -5145
2026-09-02 02:16:49.353668 RFHAL_KERNEL_BIN_TRACE_RX_OFF RX OFF -- AntPwr: -115, prev W/NBPM: -93, -112, TF|AltADC|DCI/Q(Q5): 0x001a0b, s: 55040, e: 119200
2026-09-02 02:16:49.362823 RFHAL_KERNEL_BIN_TRACE_RX_ON RX ON -- AntPwr: -112, FreqCtrl: 0x380d5700, OF|AnaGi|AdcAttn|BQ|BWs: 0x07000700, dsp_corr: -5145
2026-09-02 02:16:49.363647 RFHAL_KERNEL_BIN_TRACE_RX_OFF RX OFF -- AntPwr: -112, prev W/NBPM: -93, -111, TF|AltADC|DCI/Q(Q5): 0x001a0b, s: 55035, e: 119195
2026-09-02 02:16:49.366821 RFHAL_KERNEL_BIN_TRACE_RX_ON RX ON -- AntPwr: -111, FreqCtrl: 0x380d5700, OF|AnaGi|AdcAttn|BQ|BWs: 0x07000700, dsp_corr: -5145
2026-09-02 02:16:49.367675 RFHAL_KERNEL_BIN_TRACE_RX_OFF RX OFF -- AntPwr: -111, prev W/NBPM: -93, -113, TF|AltADC|DCI/Q(Q5): 0x001a0b, s: 55818, e: 119978
2026-09-02 02:16:49.372833 RFHAL_KERNEL_BIN_TRACE_RX_ON RX ON -- AntPwr: -113, FreqCtrl: 0x380d5700, OF|AnaGi|AdcAttn|BQ|BWs: 0x07000700, dsp_corr: -5145
2026-09-02 02:16:49.373657 RFHAL_KERNEL_BIN_TRACE_RX_OFF RX OFF -- AntPwr: -113, prev W/NBPM: -93, -113, TF|AltADC|DCI/Q(Q5): 0x001a0b, s: 55042, e: 119202
2026-09-02 02:16:49.382812 RFHAL_KERNEL_BIN_TRACE_RX_ON RX ON -- AntPwr: -113, FreqCtrl: 0x380d5700, OF|AnaGi|AdcAttn|BQ|BWs: 0x07000700, dsp_corr: -5145
2026-09-02 02:16:49.383667 RFHAL_KERNEL_BIN_TRACE_RX_OFF RX OFF -- AntPwr: -113, prev W/NBPM: -93, -113, TF|AltADC|DCI/Q(Q5): 0x001a0b, s: 55037, e: 119197
2026-09-02 02:16:49.437622 RFHAL_KERNEL_BIN_TRACE_RX_ON RX ON -- AntPwr: -113, FreqCtrl: 0x380d5700, OF|AnaGi|AdcAttn|BQ|BWs: 0x07000700, dsp_corr: -5319
2026-09-02 02:16:49.438629 RFHAL_KERNEL_BIN_TRACE_RX_OFF RX OFF -- AntPwr: -113, prev W/NBPM: -93, -114, TF|AltADC|DCI/Q(Q5): 0x001a0b, s: 39392, e: 116195
2026-09-02 02:16:49.441619 RFHAL_KERNEL_BIN_TRACE_RX_ON RX ON -- AntPwr: -114, FreqCtrl: 0x380d5700, OF|AnaGi|AdcAttn|BQ|BWs: 0x07000700, dsp_corr: -5319
2026-09-02 02:16:49.443634 RFHAL_KERNEL_BIN_TRACE_RX_OFF RX OFF -- AntPwr: -114, prev W/NBPM: -93, -114, TF|AltADC|DCI/Q(Q5): 0x001a0b, s: 40114, e: 193717
2026-09-02 02:16:49.446624 RFHAL_KERNEL_BIN_TRACE_RX_ON RX ON -- AntPwr: -114, FreqCtrl: 0x380d5700, OF|AnaGi|AdcAttn|BQ|BWs: 0x07000700, dsp_corr: -5310
2026-09-02 02:16:49.448638 RFHAL_KERNEL_BIN_TRACE_RX_OFF RX OFF -- AntPwr: -115, prev W/NBPM: -93, -115, TF|AltADC|DCI/Q(Q5): 0x001a0b, s: 40161, e: 193764
2026-09-02 02:16:49.451629 RFHAL_KERNEL_BIN_TRACE_RX_ON RX ON -- AntPwr: -115, FreqCtrl: 0x380d5700, OF|AnaGi|AdcAttn|BQ|BWs: 0x07000700, dsp_corr: -5310
2026-09-02 02:16:49.453643 RFHAL_KERNEL_BIN_TRACE_RX_OFF RX OFF -- AntPwr: -114, prev W/NBPM: -92, -114, TF|AltADC|DCI/Q(Q5): 0x001a0b, s: 40159, e: 193762
2026-09-02 02:16:49.456634 RFHAL_KERNEL_BIN_TRACE_RX_ON RX ON -- AntPwr: -115, FreqCtrl: 0x380d5700, OF|AnaGi|AdcAttn|BQ|BWs: 0x07000700, dsp_corr: -5300
2026-09-02 02:16:49.458648 RFHAL_KERNEL_BIN_TRACE_RX_OFF RX OFF -- AntPwr: -114, prev W/NBPM: -93, -114, TF|AltADC|DCI/Q(Q5): 0x001a0b, s: 40173, e: 193776
2026-09-02 02:16:49.461639 RFHAL_KERNEL_BIN_TRACE_RX_ON RX ON -- AntPwr: -115, FreqCtrl: 0x380d5700, OF|AnaGi|AdcAttn|BQ|BWs: 0x07000700, dsp_corr: -5300
2026-09-02 02:16:49.463653 RFHAL_KERNEL_BIN_TRACE_RX_OFF RX OFF -- AntPwr: -114, prev W/NBPM: -93, -114, TF|AltADC|DCI/Q(Q5): 0x001a0b, s: 40125, e: 193728
2026-09-02 02:16:49.466644 RFHAL_KERNEL_BIN_TRACE_RX_ON RX ON -- AntPwr: -115, FreqCtrl: 0x380d5700, OF|AnaGi|AdcAttn|BQ|BWs: 0x07000700, dsp_corr: -5310
2026-09-02 02:16:49.468627 RFHAL_KERNEL_BIN_TRACE_RX_OFF RX OFF -- AntPwr: -114, prev W/NBPM: -93, -114, TF|AltADC|DCI/Q(Q5): 0x001a0b, s: 40176, e: 193779
2026-09-02 02:16:49.471649 RFHAL_KERNEL_BIN_TRACE_RX_ON RX ON -- AntPwr: -115, FreqCtrl: 0x380d5700, OF|AnaGi|AdcAttn|BQ|BWs: 0x07000700, dsp_corr: -5310
2026-09-02 02:16:49.473663 RFHAL_KERNEL_BIN_TRACE_RX_OFF RX OFF -- AntPwr: -115, prev W/NBPM: -93, -115, TF|AltADC|DCI/Q(Q5): 0x001a0b, s: 40164, e: 193767
2026-09-02 02:16:49.476623 RFHAL_KERNEL_BIN_TRACE_RX_ON RX ON -- AntPwr: -115, FreqCtrl: 0x380d5700, OF|AnaGi|AdcAttn|BQ|BWs: 0x07000700, dsp_corr: -5319
2026-09-02 02:16:49.478637 RFHAL_KERNEL_BIN_TRACE_RX_OFF RX OFF -- AntPwr: -114, prev W/NBPM: -93, -114, TF|AltADC|DCI/Q(Q5): 0x001a0b, s: 40177, e: 193780
2026-09-02 02:16:49.481628 RFHAL_KERNEL_BIN_TRACE_RX_ON RX ON -- AntPwr: -116, FreqCtrl: 0x380d5700, OF|AnaGi|AdcAttn|BQ|BWs: 0x07000700, dsp_corr: -5319
2026-09-02 02:16:49.483642 RFHAL_KERNEL_BIN_TRACE_RX_OFF RX OFF -- AntPwr: -114, prev W/NBPM: -93, -114, TF|AltADC|DCI/Q(Q5): 0x001a0b, s: 40127, e: 193730
2026-09-02 02:16:49.486633 RFHAL_KERNEL_BIN_TRACE_RX_ON RX ON -- AntPwr: -116, FreqCtrl: 0x380d5700, OF|AnaGi|AdcAttn|BQ|BWs: 0x07000700, dsp_corr: -5310
2026-09-02 02:16:49.488647 RFHAL_KERNEL_BIN_TRACE_RX_OFF RX OFF -- AntPwr: -112, prev W/NBPM: -93, -112, TF|AltADC|DCI/Q(Q5): 0x001a0b, s: 40174, e: 193777
2026-09-02 02:16:49.491638 RFHAL_KERNEL_BIN_TRACE_RX_ON RX ON -- AntPwr: -116, FreqCtrl: 0x380d5700, OF|AnaGi|AdcAttn|BQ|BWs: 0x07000700, dsp_corr: -5310
2026-09-02 02:16:49.493652 RFHAL_KERNEL_BIN_TRACE_RX_OFF RX OFF -- AntPwr: -113, prev W/NBPM: -93, -113, TF|AltADC|DCI/Q(Q5): 0x001a0b, s: 40161, e: 193764
2026-09-02 02:16:49.496643 RFHAL_KERNEL_BIN_TRACE_RX_ON RX ON -- AntPwr: -116, FreqCtrl: 0x380d5700, OF|AnaGi|AdcAttn|BQ|BWs: 0x07000700, dsp_corr: -5319
2026-09-02 02:16:49.498626 RFHAL_KERNEL_BIN_TRACE_RX_OFF RX OFF -- AntPwr: -113, prev W/NBPM: -93, -113, TF|AltADC|DCI/Q(Q5): 0x001a0b, s: 40178, e: 193781
2026-09-02 02:16:49.501648 RFHAL_KERNEL_BIN_TRACE_RX_ON RX ON -- AntPwr: -115, FreqCtrl: 0x380d5700, OF|AnaGi|AdcAttn|BQ|BWs: 0x07000700, dsp_corr: -5319
2026-09-02 02:16:49.503631 RFHAL_KERNEL_BIN_TRACE_RX_OFF RX OFF -- AntPwr: -113, prev W/NBPM: -92, -113, TF|AltADC|DCI/Q(Q5): 0x001a0b, s: 40130, e: 193733
2026-09-02 02:16:49.506622 RFHAL_KERNEL_BIN_TRACE_RX_ON RX ON -- AntPwr: -115, FreqCtrl: 0x380d5700, OF|AnaGi|AdcAttn|BQ|BWs: 0x07000700, dsp_corr: -5329
2026-09-02 02:16:49.508636 RFHAL_KERNEL_BIN_TRACE_RX_OFF RX OFF -- AntPwr: -114, prev W/NBPM: -92, -114, TF|AltADC|DCI/Q(Q5): 0x001a0b, s: 40177, e: 193780
2026-09-02 02:16:49.511627 RFHAL_KERNEL_BIN_TRACE_RX_ON RX ON -- AntPwr: -115, FreqCtrl: 0x380d5700, OF|AnaGi|AdcAttn|BQ|BWs: 0x07000700, dsp_corr: -5329
2026-09-02 02:16:49.513671 RFHAL_KERNEL_BIN_TRACE_RX_OFF RX OFF -- AntPwr: -113, prev W/NBPM: -93, -113, TF|AltADC|DCI/Q(Q5): 0x001a0b, s: 40163, e: 193766
2026-09-02 02:16:49.516632 RFHAL_KERNEL_BIN_TRACE_RX_ON RX ON -- AntPwr: -115, FreqCtrl: 0x380d5700, OF|AnaGi|AdcAttn|BQ|BWs: 0x07000700, dsp_corr: -5329
2026-09-02 02:16:49.518646 RFHAL_KERNEL_BIN_TRACE_RX_OFF RX OFF -- AntPwr: -115, prev W/NBPM: -93, -115, TF|AltADC|DCI/Q(Q5): 0x001a0b, s: 40176, e: 193779
2026-09-02 02:16:49.521637 RFHAL_KERNEL_BIN_TRACE_RX_ON RX ON -- AntPwr: -115, FreqCtrl: 0x380d5700, OF|AnaGi|AdcAttn|BQ|BWs: 0x07000700, dsp_corr: -5329
2026-09-02 02:16:49.523651 RFHAL_KERNEL_BIN_TRACE_RX_OFF RX OFF -- AntPwr: -115, prev W/NBPM: -93, -115, TF|AltADC|DCI/Q(Q5): 0x001a0b, s: 40127, e: 193730
2026-09-02 02:16:49.526641 RFHAL_KERNEL_BIN_TRACE_RX_ON RX ON -- AntPwr: -115, FreqCtrl: 0x380d5700, OF|AnaGi|AdcAttn|BQ|BWs: 0x07000700, dsp_corr: -5339
2026-09-02 02:16:49.528656 RFHAL_KERNEL_BIN_TRACE_RX_OFF RX OFF -- AntPwr: -112, prev W/NBPM: -93, -112, TF|AltADC|DCI/Q(Q5): 0x001a0b, s: 40175, e: 193778
2026-09-02 02:16:49.531646 RFHAL_KERNEL_BIN_TRACE_RX_ON RX ON -- AntPwr: -115, FreqCtrl: 0x380d5700, OF|AnaGi|AdcAttn|BQ|BWs: 0x07000700, dsp_corr: -5339
2026-09-02 02:16:49.533660 RFHAL_KERNEL_BIN_TRACE_RX_OFF RX OFF -- AntPwr: -114, prev W/NBPM: -93, -114, TF|AltADC|DCI/Q(Q5): 0x001a0b, s: 40163, e: 193766
2026-09-02 02:16:49.536651 RFHAL_KERNEL_BIN_TRACE_RX_ON RX ON -- AntPwr: -115, FreqCtrl: 0x380d5700, OF|AnaGi|AdcAttn|BQ|BWs: 0x07000700, dsp_corr: -5329
2026-09-02 02:16:49.538635 RFHAL_KERNEL_BIN_TRACE_RX_OFF RX OFF -- AntPwr: -115, prev W/NBPM: -93, -115, TF|AltADC|DCI/Q(Q5): 0x001a0b, s: 40174, e: 193777
2026-09-02 02:16:49.541626 RFHAL_KERNEL_BIN_TRACE_RX_ON RX ON -- AntPwr: -115, FreqCtrl: 0x380d5700, OF|AnaGi|AdcAttn|BQ|BWs: 0x07000700, dsp_corr: -5329
2026-09-02 02:16:49.543640 RFHAL_KERNEL_BIN_TRACE_RX_OFF RX OFF -- AntPwr: -113, prev W/NBPM: -93, -113, TF|AltADC|DCI/Q(Q5): 0x001a0b, s: 40125, e: 193728
2026-09-02 02:16:49.546630 RFHAL_KERNEL_BIN_TRACE_RX_ON RX ON -- AntPwr: -115, FreqCtrl: 0x380d5700, OF|AnaGi|AdcAttn|BQ|BWs: 0x07000700, dsp_corr: -5339
2026-09-02 02:16:49.548645 RFHAL_KERNEL_BIN_TRACE_RX_OFF RX OFF -- AntPwr: -113, prev W/NBPM: -93, -113, TF|AltADC|DCI/Q(Q5): 0x001a0b, s: 40175, e: 193778
2026-09-02 02:16:49.551635 RFHAL_KERNEL_BIN_TRACE_RX_ON RX ON -- AntPwr: -116, FreqCtrl: 0x380d5700, OF|AnaGi|AdcAttn|BQ|BWs: 0x07000700, dsp_corr: -5339
2026-09-02 02:16:49.553649 RFHAL_KERNEL_BIN_TRACE_RX_OFF RX OFF -- AntPwr: -113, prev W/NBPM: -92, -113, TF|AltADC|DCI/Q(Q5): 0x001a0b, s: 40160, e: 193763
2026-09-02 02:16:49.556640 RFHAL_KERNEL_BIN_TRACE_RX_ON RX ON -- AntPwr: -116, FreqCtrl: 0x380d5700, OF|AnaGi|AdcAttn|BQ|BWs: 0x07000700, dsp_corr: -5349
2026-09-02 02:16:49.558654 RFHAL_KERNEL_BIN_TRACE_RX_OFF RX OFF -- AntPwr: -113, prev W/NBPM: -92, -113, TF|AltADC|DCI/Q(Q5): 0x001a0b, s: 40177, e: 193780
2026-09-02 02:16:49.561645 RFHAL_KERNEL_BIN_TRACE_RX_ON RX ON -- AntPwr: -116, FreqCtrl: 0x380d5700, OF|AnaGi|AdcAttn|BQ|BWs: 0x07000700, dsp_corr: -5349
2026-09-02 02:16:49.563629 RFHAL_KERNEL_BIN_TRACE_RX_OFF RX OFF -- AntPwr: -114, prev W/NBPM: -93, -114, TF|AltADC|DCI/Q(Q5): 0x001a0b, s: 40125, e: 193728
2026-09-02 02:16:49.566650 RFHAL_KERNEL_BIN_TRACE_RX_ON RX ON -- AntPwr: -116, FreqCtrl: 0x380d5700, OF|AnaGi|AdcAttn|BQ|BWs: 0x07000700, dsp_corr: -5349
2026-09-02 02:16:49.568634 RFHAL_KERNEL_BIN_TRACE_RX_OFF RX OFF -- AntPwr: -113, prev W/NBPM: -93, -113, TF|AltADC|DCI/Q(Q5): 0x001a0b, s: 40172, e: 193775
2026-09-02 02:16:49.571624 RFHAL_KERNEL_BIN_TRACE_RX_ON RX ON -- AntPwr: -116, FreqCtrl: 0x380d5700, OF|AnaGi|AdcAttn|BQ|BWs: 0x07000700, dsp_corr: -5349
2026-09-02 02:16:49.573669 RFHAL_KERNEL_BIN_TRACE_RX_OFF RX OFF -- AntPwr: -113, prev W/NBPM: -93, -113, TF|AltADC|DCI/Q(Q5): 0x001a0b, s: 40162, e: 193765
2026-09-02 02:16:49.576629 RFHAL_KERNEL_BIN_TRACE_RX_ON RX ON -- AntPwr: -116, FreqCtrl: 0x380d5700, OF|AnaGi|AdcAttn|BQ|BWs: 0x07000700, dsp_corr: -5359
2026-09-02 02:16:49.578643 RFHAL_KERNEL_BIN_TRACE_RX_OFF RX OFF -- AntPwr: -114, prev W/NBPM: -93, -114, TF|AltADC|DCI/Q(Q5): 0x001a0b, s: 40177, e: 193780
2026-09-02 02:16:49.581634 RFHAL_KERNEL_BIN_TRACE_RX_ON RX ON -- AntPwr: -116, FreqCtrl: 0x380d5700, OF|AnaGi|AdcAttn|BQ|BWs: 0x07000700, dsp_corr: -5359
2026-09-02 02:16:49.583648 RFHAL_KERNEL_BIN_TRACE_RX_OFF RX OFF -- AntPwr: -114, prev W/NBPM: -93, -114, TF|AltADC|DCI/Q(Q5): 0x001a0b, s: 39692, e: 193295
2026-09-02 02:16:49.982879 RFHAL_KERNEL_BIN_TRACE_RX_ON RX ON -- AntPwr: -116, FreqCtrl: 0x380d5700, OF|AnaGi|AdcAttn|BQ|BWs: 0x07000700, dsp_corr: -5368
2026-09-02 02:16:49.983673 RFHAL_KERNEL_BIN_TRACE_RX_OFF RX OFF -- AntPwr: -116, prev W/NBPM: -93, -114, TF|AltADC|DCI/Q(Q5): 0x001a0b, s: 95430, e: 157030
2026-09-02 02:16:49.986846 RFHAL_KERNEL_BIN_TRACE_RX_ON RX ON -- AntPwr: -114, FreqCtrl: 0x380d5700, OF|AnaGi|AdcAttn|BQ|BWs: 0x07000700, dsp_corr: -5368
2026-09-02 02:16:49.987701 RFHAL_KERNEL_BIN_TRACE_RX_OFF RX OFF -- AntPwr: -114, prev W/NBPM: -93, -115, TF|AltADC|DCI/Q(Q5): 0x001a0b, s: 54912, e: 119072
2026-09-02 02:16:49.992858 RFHAL_KERNEL_BIN_TRACE_RX_ON RX ON -- AntPwr: -115, FreqCtrl: 0x380d5700, OF|AnaGi|AdcAttn|BQ|BWs: 0x07000700, dsp_corr: -5368
2026-09-02 02:16:49.993682 RFHAL_KERNEL_BIN_TRACE_RX_OFF RX OFF -- AntPwr: -115, prev W/NBPM: -93, -114, TF|AltADC|DCI/Q(Q5): 0x001a0b, s: 55044, e: 119204
2026-09-02 02:16:50.002838 RFHAL_KERNEL_BIN_TRACE_RX_ON RX ON -- AntPwr: -114, FreqCtrl: 0x380d5700, OF|AnaGi|AdcAttn|BQ|BWs: 0x07000700, dsp_corr: -5368
2026-09-02 02:16:50.003692 RFHAL_KERNEL_BIN_TRACE_RX_OFF RX OFF -- AntPwr: -114, prev W/NBPM: -93, -116, TF|AltADC|DCI/Q(Q5): 0x001a0b, s: 55036, e: 119196
2026-09-02 02:16:50.006835 RFHAL_KERNEL_BIN_TRACE_RX_ON RX ON -- AntPwr: -116, FreqCtrl: 0x380d5700, OF|AnaGi|AdcAttn|BQ|BWs: 0x07000700, dsp_corr: -5368
2026-09-02 02:16:50.007690 RFHAL_KERNEL_BIN_TRACE_RX_OFF RX OFF -- AntPwr: -116, prev W/NBPM: -93, -114, TF|AltADC|DCI/Q(Q5): 0x001a0b, s: 55821, e: 119981
2026-09-02 02:16:50.012847 RFHAL_KERNEL_BIN_TRACE_RX_ON RX ON -- AntPwr: -114, FreqCtrl: 0x380d5700, OF|AnaGi|AdcAttn|BQ|BWs: 0x07000700, dsp_corr: -5368
2026-09-02 02:16:50.013671 RFHAL_KERNEL_BIN_TRACE_RX_OFF RX OFF -- AntPwr: -114, prev W/NBPM: -93, -114, TF|AltADC|DCI/Q(Q5): 0x001a0b, s: 55049, e: 119209
2026-09-02 02:16:50.022857 RFHAL_KERNEL_BIN_TRACE_RX_ON RX ON -- AntPwr: -114, FreqCtrl: 0x380d5700, OF|AnaGi|AdcAttn|BQ|BWs: 0x07000700, dsp_corr: -5368
2026-09-02 02:16:50.023681 RFHAL_KERNEL_BIN_TRACE_RX_OFF RX OFF -- AntPwr: -114, prev W/NBPM: -93, -114, TF|AltADC|DCI/Q(Q5): 0x001a0b, s: 55039, e: 119199
2026-09-02 02:16:50.026855 RFHAL_KERNEL_BIN_TRACE_RX_ON RX ON -- AntPwr: -114, FreqCtrl: 0x380d5700, OF|AnaGi|AdcAttn|BQ|BWs: 0x07000700, dsp_corr: -5368
2026-09-02 02:16:50.027710 RFHAL_KERNEL_BIN_TRACE_RX_OFF RX OFF -- AntPwr: -114, prev W/NBPM: -93, -114, TF|AltADC|DCI/Q(Q5): 0x001a0b, s: 55822, e: 119982
2026-09-02 02:16:50.032836 RFHAL_KERNEL_BIN_TRACE_RX_ON RX ON -- AntPwr: -114, FreqCtrl: 0x380d5700, OF|AnaGi|AdcAttn|BQ|BWs: 0x07000700, dsp_corr: -5368
2026-09-02 02:16:50.033691 RFHAL_KERNEL_BIN_TRACE_RX_OFF RX OFF -- AntPwr: -114, prev W/NBPM: -93, -115, TF|AltADC|DCI/Q(Q5): 0x001a0b, s: 55048, e: 119208
2026-09-02 02:16:50.042846 RFHAL_KERNEL_BIN_TRACE_RX_ON RX ON -- AntPwr: -115, FreqCtrl: 0x380d5700, OF|AnaGi|AdcAttn|BQ|BWs: 0x07000700, dsp_corr: -5368
2026-09-02 02:16:50.043701 RFHAL_KERNEL_BIN_TRACE_RX_OFF RX OFF -- AntPwr: -115, prev W/NBPM: -93, -115, TF|AltADC|DCI/Q(Q5): 0x001a0b, s: 55039, e: 119199
2026-09-02 02:16:50.046844 RFHAL_KERNEL_BIN_TRACE_RX_ON RX ON -- AntPwr: -115, FreqCtrl: 0x380d5700, OF|AnaGi|AdcAttn|BQ|BWs: 0x07000700, dsp_corr: -5368
2026-09-02 02:16:50.047699 RFHAL_KERNEL_BIN_TRACE_RX_OFF RX OFF -- AntPwr: -115, prev W/NBPM: -93, -115, TF|AltADC|DCI/Q(Q5): 0x001a0b, s: 55823, e: 119983
2026-09-02 02:16:50.052856 RFHAL_KERNEL_BIN_TRACE_RX_ON RX ON -- AntPwr: -115, FreqCtrl: 0x380d5700, OF|AnaGi|AdcAttn|BQ|BWs: 0x07000700, dsp_corr: -5368
2026-09-02 02:16:50.053680 RFHAL_KERNEL_BIN_TRACE_RX_OFF RX OFF -- AntPwr: -115, prev W/NBPM: -93, -115, TF|AltADC|DCI/Q(Q5): 0x001a0b, s: 55310, e: 119470
2026-09-02 02:16:50.062835 RFHAL_KERNEL_BIN_TRACE_RX_ON RX ON -- AntPwr: -115, FreqCtrl: 0x380d5700, OF|AnaGi|AdcAttn|BQ|BWs: 0x07000700, dsp_corr: -5368
2026-09-02 02:16:50.063690 RFHAL_KERNEL_BIN_TRACE_RX_OFF RX OFF -- AntPwr: -115, prev W/NBPM: -93, -117, TF|AltADC|DCI/Q(Q5): 0x001a0b, s: 54559, e: 118719
2026-09-02 02:16:50.077667 RFHAL_KERNEL_BIN_TRACE_RX_ON RX ON -- AntPwr: -117, FreqCtrl: 0x380d5700, OF|AnaGi|AdcAttn|BQ|BWs: 0x07000700, dsp_corr: -5481
2026-09-02 02:16:50.078674 RFHAL_KERNEL_BIN_TRACE_RX_OFF RX OFF -- AntPwr: -117, prev W/NBPM: -93, -114, TF|AltADC|DCI/Q(Q5): 0x001a0b, s: 39394, e: 116197
2026-09-02 02:16:50.081665 RFHAL_KERNEL_BIN_TRACE_RX_ON RX ON -- AntPwr: -117, FreqCtrl: 0x380d5700, OF|AnaGi|AdcAttn|BQ|BWs: 0x07000700, dsp_corr: -5481
2026-09-02 02:16:50.083648 RFHAL_KERNEL_BIN_TRACE_RX_OFF RX OFF -- AntPwr: -114, prev W/NBPM: -93, -114, TF|AltADC|DCI/Q(Q5): 0x001a0b, s: 40117, e: 193720
2026-09-02 02:16:50.086669 RFHAL_KERNEL_BIN_TRACE_RX_ON RX ON -- AntPwr: -117, FreqCtrl: 0x380d5700, OF|AnaGi|AdcAttn|BQ|BWs: 0x07000700, dsp_corr: -5491
2026-09-02 02:16:50.088653 RFHAL_KERNEL_BIN_TRACE_RX_OFF RX OFF -- AntPwr: -116, prev W/NBPM: -93, -116, TF|AltADC|DCI/Q(Q5): 0x001a0b, s: 40176, e: 193779
2026-09-02 02:16:50.091644 RFHAL_KERNEL_BIN_TRACE_RX_ON RX ON -- AntPwr: -117, FreqCtrl: 0x380d5700, OF|AnaGi|AdcAttn|BQ|BWs: 0x07000700, dsp_corr: -5491
2026-09-02 02:16:50.093689 RFHAL_KERNEL_BIN_TRACE_RX_OFF RX OFF -- AntPwr: -114, prev W/NBPM: -93, -114, TF|AltADC|DCI/Q(Q5): 0x001a0b, s: 40162, e: 193765
2026-09-02 02:16:50.096649 RFHAL_KERNEL_BIN_TRACE_RX_ON RX ON -- AntPwr: -117, FreqCtrl: 0x380d5700, OF|AnaGi|AdcAttn|BQ|BWs: 0x07000700, dsp_corr: -5481
2026-09-02 02:16:50.098663 RFHAL_KERNEL_BIN_TRACE_RX_OFF RX OFF -- AntPwr: -115, prev W/NBPM: -93, -115, TF|AltADC|DCI/Q(Q5): 0x001a0b, s: 40176, e: 193779
2026-09-02 02:16:50.101654 RFHAL_KERNEL_BIN_TRACE_RX_ON RX ON -- AntPwr: -116, FreqCtrl: 0x380d5700, OF|AnaGi|AdcAttn|BQ|BWs: 0x07000700, dsp_corr: -5481
2026-09-02 02:16:50.103668 RFHAL_KERNEL_BIN_TRACE_RX_OFF RX OFF -- AntPwr: -115, prev W/NBPM: -93, -115, TF|AltADC|DCI/Q(Q5): 0x001a0b, s: 40129, e: 193732
2026-09-02 02:16:50.106658 RFHAL_KERNEL_BIN_TRACE_RX_ON RX ON -- AntPwr: -116, FreqCtrl: 0x380d5700, OF|AnaGi|AdcAttn|BQ|BWs: 0x07000700, dsp_corr: -5472
2026-09-02 02:16:50.108673 RFHAL_KERNEL_BIN_TRACE_RX_OFF RX OFF -- AntPwr: -115, prev W/NBPM: -92, -115, TF|AltADC|DCI/Q(Q5): 0x001a0b, s: 40180, e: 193783
2026-09-02 02:16:50.111663 RFHAL_KERNEL_BIN_TRACE_RX_ON RX ON -- AntPwr: -116, FreqCtrl: 0x380d5700, OF|AnaGi|AdcAttn|BQ|BWs: 0x07000700, dsp_corr: -5472
2026-09-02 02:16:50.113678 RFHAL_KERNEL_BIN_TRACE_RX_OFF RX OFF -- AntPwr: -115, prev W/NBPM: -93, -115, TF|AltADC|DCI/Q(Q5): 0x001a0b, s: 40161, e: 193764
2026-09-02 02:16:50.116668 RFHAL_KERNEL_BIN_TRACE_RX_ON RX ON -- AntPwr: -116, FreqCtrl: 0x380d5700, OF|AnaGi|AdcAttn|BQ|BWs: 0x07000700, dsp_corr: -5462
2026-09-02 02:16:50.118652 RFHAL_KERNEL_BIN_TRACE_RX_OFF RX OFF -- AntPwr: -115, prev W/NBPM: -93, -115, TF|AltADC|DCI/Q(Q5): 0x001a0b, s: 40181, e: 193784
2026-09-02 02:16:50.121673 RFHAL_KERNEL_BIN_TRACE_RX_ON RX ON -- AntPwr: -117, FreqCtrl: 0x380d5700, OF|AnaGi|AdcAttn|BQ|BWs: 0x07000700, dsp_corr: -5462
2026-09-02 02:16:50.123657 RFHAL_KERNEL_BIN_TRACE_RX_OFF RX OFF -- AntPwr: -116, prev W/NBPM: -93, -116, TF|AltADC|DCI/Q(Q5): 0x001a0b, s: 40126, e: 193729
2026-09-02 02:16:50.126648 RFHAL_KERNEL_BIN_TRACE_RX_ON RX ON -- AntPwr: -117, FreqCtrl: 0x380d5700, OF|AnaGi|AdcAttn|BQ|BWs: 0x07000700, dsp_corr: -5472
2026-09-02 02:16:50.128662 RFHAL_KERNEL_BIN_TRACE_RX_OFF RX OFF -- AntPwr: -115, prev W/NBPM: -93, -115, TF|AltADC|DCI/Q(Q5): 0x001a0b, s: 40178, e: 193781
2026-09-02 02:16:50.131652 RFHAL_KERNEL_BIN_TRACE_RX_ON RX ON -- AntPwr: -117, FreqCtrl: 0x380d5700, OF|AnaGi|AdcAttn|BQ|BWs: 0x07000700, dsp_corr: -5472
2026-09-02 02:16:50.133667 RFHAL_KERNEL_BIN_TRACE_RX_OFF RX OFF -- AntPwr: -115, prev W/NBPM: -93, -115, TF|AltADC|DCI/Q(Q5): 0x001a0b, s: 40160, e: 193763
2026-09-02 02:16:50.136657 RFHAL_KERNEL_BIN_TRACE_RX_ON RX ON -- AntPwr: -117, FreqCtrl: 0x380d5700, OF|AnaGi|AdcAttn|BQ|BWs: 0x07000700, dsp_corr: -5462
2026-09-02 02:16:50.138671 RFHAL_KERNEL_BIN_TRACE_RX_OFF RX OFF -- AntPwr: -114, prev W/NBPM: -93, -114, TF|AltADC|DCI/Q(Q5): 0x001a0b, s: 40181, e: 193784
2026-09-02 02:16:50.141662 RFHAL_KERNEL_BIN_TRACE_RX_ON RX ON -- AntPwr: -117, FreqCtrl: 0x380d5700, OF|AnaGi|AdcAttn|BQ|BWs: 0x07000700, dsp_corr: -5462
2026-09-02 02:16:50.143676 RFHAL_KERNEL_BIN_TRACE_RX_OFF RX OFF -- AntPwr: -115, prev W/NBPM: -93, -115, TF|AltADC|DCI/Q(Q5): 0x001a0b, s: 40129, e: 193732
2026-09-02 02:16:50.146667 RFHAL_KERNEL_BIN_TRACE_RX_ON RX ON -- AntPwr: -117, FreqCtrl: 0x380d5700, OF|AnaGi|AdcAttn|BQ|BWs: 0x07000700, dsp_corr: -5452
2026-09-02 02:16:50.148651 RFHAL_KERNEL_BIN_TRACE_RX_OFF RX OFF -- AntPwr: -115, prev W/NBPM: -93, -115, TF|AltADC|DCI/Q(Q5): 0x001a0b, s: 40178, e: 193781
2026-09-02 02:16:50.151672 RFHAL_KERNEL_BIN_TRACE_RX_ON RX ON -- AntPwr: -117, FreqCtrl: 0x380d5700, OF|AnaGi|AdcAttn|BQ|BWs: 0x07000700, dsp_corr: -5452
2026-09-02 02:16:50.153686 RFHAL_KERNEL_BIN_TRACE_RX_OFF RX OFF -- AntPwr: -115, prev W/NBPM: -93, -115, TF|AltADC|DCI/Q(Q5): 0x001a0b, s: 40164, e: 193767
2026-09-02 02:16:50.156646 RFHAL_KERNEL_BIN_TRACE_RX_ON RX ON -- AntPwr: -117, FreqCtrl: 0x380d5700, OF|AnaGi|AdcAttn|BQ|BWs: 0x07000700, dsp_corr: -5442
2026-09-02 02:16:50.158660 RFHAL_KERNEL_BIN_TRACE_RX_OFF RX OFF -- AntPwr: -115, prev W/NBPM: -92, -115, TF|AltADC|DCI/Q(Q5): 0x001a0c, s: 40181, e: 193784
2026-09-02 02:16:50.161651 RFHAL_KERNEL_BIN_TRACE_RX_ON RX ON -- AntPwr: -117, FreqCtrl: 0x380d5700, OF|AnaGi|AdcAttn|BQ|BWs: 0x07000700, dsp_corr: -5442
2026-09-02 02:16:50.163665 RFHAL_KERNEL_BIN_TRACE_RX_OFF RX OFF -- AntPwr: -114, prev W/NBPM: -93, -114, TF|AltADC|DCI/Q(Q5): 0x001a0c, s: 40132, e: 193735
2026-09-02 02:16:50.166656 RFHAL_KERNEL_BIN_TRACE_RX_ON RX ON -- AntPwr: -117, FreqCtrl: 0x380d5700, OF|AnaGi|AdcAttn|BQ|BWs: 0x07000700, dsp_corr: -5432
2026-09-02 02:16:50.168670 RFHAL_KERNEL_BIN_TRACE_RX_OFF RX OFF -- AntPwr: -114, prev W/NBPM: -93, -114, TF|AltADC|DCI/Q(Q5): 0x001a0c, s: 40179, e: 193782
2026-09-02 02:16:50.171661 RFHAL_KERNEL_BIN_TRACE_RX_ON RX ON -- AntPwr: -117, FreqCtrl: 0x380d5700, OF|AnaGi|AdcAttn|BQ|BWs: 0x07000700, dsp_corr: -5432
2026-09-02 02:16:50.173675 RFHAL_KERNEL_BIN_TRACE_RX_OFF RX OFF -- AntPwr: -115, prev W/NBPM: -93, -115, TF|AltADC|DCI/Q(Q5): 0x001a0c, s: 40159, e: 193762
2026-09-02 02:16:50.176666 RFHAL_KERNEL_BIN_TRACE_RX_ON RX ON -- AntPwr: -117, FreqCtrl: 0x380d5700, OF|AnaGi|AdcAttn|BQ|BWs: 0x07000700, dsp_corr: -5423
2026-09-02 02:16:50.178649 RFHAL_KERNEL_BIN_TRACE_RX_OFF RX OFF -- AntPwr: -116, prev W/NBPM: -92, -116, TF|AltADC|DCI/Q(Q5): 0x001a0c, s: 40178, e: 193781
2026-09-02 02:16:50.181671 RFHAL_KERNEL_BIN_TRACE_RX_ON RX ON -- AntPwr: -117, FreqCtrl: 0x380d5700, OF|AnaGi|AdcAttn|BQ|BWs: 0x07000700, dsp_corr: -5423
2026-09-02 02:16:50.183654 RFHAL_KERNEL_BIN_TRACE_RX_OFF RX OFF -- AntPwr: -115, prev W/NBPM: -93, -115, TF|AltADC|DCI/Q(Q5): 0x001a0b, s: 40133, e: 193736
2026-09-02 02:16:50.186676 RFHAL_KERNEL_BIN_TRACE_RX_ON RX ON -- AntPwr: -117, FreqCtrl: 0x380d5700, OF|AnaGi|AdcAttn|BQ|BWs: 0x07000700, dsp_corr: -5432
2026-09-02 02:16:50.188659 RFHAL_KERNEL_BIN_TRACE_RX_OFF RX OFF -- AntPwr: -115, prev W/NBPM: -93, -115, TF|AltADC|DCI/Q(Q5): 0x001a0b, s: 40175, e: 193778
2026-09-02 02:16:50.191650 RFHAL_KERNEL_BIN_TRACE_RX_ON RX ON -- AntPwr: -117, FreqCtrl: 0x380d5700, OF|AnaGi|AdcAttn|BQ|BWs: 0x07000700, dsp_corr: -5432
2026-09-02 02:16:50.193695 RFHAL_KERNEL_BIN_TRACE_RX_OFF RX OFF -- AntPwr: -114, prev W/NBPM: -93, -114, TF|AltADC|DCI/Q(Q5): 0x001a0b, s: 40165, e: 193768
2026-09-02 02:16:50.196655 RFHAL_KERNEL_BIN_TRACE_RX_ON RX ON -- AntPwr: -117, FreqCtrl: 0x380d5700, OF|AnaGi|AdcAttn|BQ|BWs: 0x07000700, dsp_corr: -5423
2026-09-02 02:16:50.198669 RFHAL_KERNEL_BIN_TRACE_RX_OFF RX OFF -- AntPwr: -116, prev W/NBPM: -93, -116, TF|AltADC|DCI/Q(Q5): 0x001a0b, s: 40180, e: 193783
2026-09-02 02:16:50.201660 RFHAL_KERNEL_BIN_TRACE_RX_ON RX ON -- AntPwr: -117, FreqCtrl: 0x380d5700, OF|AnaGi|AdcAttn|BQ|BWs: 0x07000700, dsp_corr: -5423
2026-09-02 02:16:50.203674 RFHAL_KERNEL_BIN_TRACE_RX_OFF RX OFF -- AntPwr: -117, prev W/NBPM: -93, -117, TF|AltADC|DCI/Q(Q5): 0x001a0b, s: 40131, e: 193734
2026-09-02 02:16:50.206665 RFHAL_KERNEL_BIN_TRACE_RX_ON RX ON -- AntPwr: -117, FreqCtrl: 0x380d5700, OF|AnaGi|AdcAttn|BQ|BWs: 0x07000700, dsp_corr: -5413
2026-09-02 02:16:50.208679 RFHAL_KERNEL_BIN_TRACE_RX_OFF RX OFF -- AntPwr: -116, prev W/NBPM: -93, -116, TF|AltADC|DCI/Q(Q5): 0x001a0b, s: 40178, e: 193781
2026-09-02 02:16:50.211669 RFHAL_KERNEL_BIN_TRACE_RX_ON RX ON -- AntPwr: -117, FreqCtrl: 0x380d5700, OF|AnaGi|AdcAttn|BQ|BWs: 0x07000700, dsp_corr: -5413
2026-09-02 02:16:50.213684 RFHAL_KERNEL_BIN_TRACE_RX_OFF RX OFF -- AntPwr: -115, prev W/NBPM: -93, -115, TF|AltADC|DCI/Q(Q5): 0x001a0b, s: 40164, e: 193767
2026-09-02 02:16:50.216674 RFHAL_KERNEL_BIN_TRACE_RX_ON RX ON -- AntPwr: -117, FreqCtrl: 0x380d5700, OF|AnaGi|AdcAttn|BQ|BWs: 0x07000700, dsp_corr: -5423
2026-09-02 02:16:50.218658 RFHAL_KERNEL_BIN_TRACE_RX_OFF RX OFF -- AntPwr: -116, prev W/NBPM: -93, -116, TF|AltADC|DCI/Q(Q5): 0x001a0b, s: 40177, e: 193780
2026-09-02 02:16:50.221649 RFHAL_KERNEL_BIN_TRACE_RX_ON RX ON -- AntPwr: -117, FreqCtrl: 0x380d5700, OF|AnaGi|AdcAttn|BQ|BWs: 0x07000700, dsp_corr: -5423
2026-09-02 02:16:50.223663 RFHAL_KERNEL_BIN_TRACE_RX_OFF RX OFF -- AntPwr: -115, prev W/NBPM: -93, -115, TF|AltADC|DCI/Q(Q5): 0x001a0b, s: 39691, e: 193294
2026-09-02 02:16:50.622894 RFHAL_KERNEL_BIN_TRACE_RX_ON RX ON -- AntPwr: -117, FreqCtrl: 0x380d5700, OF|AnaGi|AdcAttn|BQ|BWs: 0x07000700, dsp_corr: -5432
2026-09-02 02:16:50.623687 RFHAL_KERNEL_BIN_TRACE_RX_OFF RX OFF -- AntPwr: -117, prev W/NBPM: -93, -112, TF|AltADC|DCI/Q(Q5): 0x001a0b, s: 93799, e: 155399
2026-09-02 02:16:50.626861 RFHAL_KERNEL_BIN_TRACE_RX_ON RX ON -- AntPwr: -112, FreqCtrl: 0x380d5700, OF|AnaGi|AdcAttn|BQ|BWs: 0x07000700, dsp_corr: -5432
2026-09-02 02:16:50.627716 RFHAL_KERNEL_BIN_TRACE_RX_OFF RX OFF -- AntPwr: -112, prev W/NBPM: -93, -114, TF|AltADC|DCI/Q(Q5): 0x001a0b, s: 54910, e: 119070
2026-09-02 02:16:50.632873 RFHAL_KERNEL_BIN_TRACE_RX_ON RX ON -- AntPwr: -114, FreqCtrl: 0x380d5700, OF|AnaGi|AdcAttn|BQ|BWs: 0x07000700, dsp_corr: -5432
2026-09-02 02:16:50.633697 RFHAL_KERNEL_BIN_TRACE_RX_OFF RX OFF -- AntPwr: -114, prev W/NBPM: -93, -112, TF|AltADC|DCI/Q(Q5): 0x001a0b, s: 55041, e: 119201
2026-09-02 02:16:50.642883 RFHAL_KERNEL_BIN_TRACE_RX_ON RX ON -- AntPwr: -112, FreqCtrl: 0x380d5700, OF|AnaGi|AdcAttn|BQ|BWs: 0x07000700, dsp_corr: -5432
2026-09-02 02:16:50.643707 RFHAL_KERNEL_BIN_TRACE_RX_OFF RX OFF -- AntPwr: -112, prev W/NBPM: -93, -113, TF|AltADC|DCI/Q(Q5): 0x001a0b, s: 55036, e: 119196
2026-09-02 02:16:50.646881 RFHAL_KERNEL_BIN_TRACE_RX_ON RX ON -- AntPwr: -113, FreqCtrl: 0x380d5700, OF|AnaGi|AdcAttn|BQ|BWs: 0x07000700, dsp_corr: -5432
2026-09-02 02:16:50.647705 RFHAL_KERNEL_BIN_TRACE_RX_OFF RX OFF -- AntPwr: -113, prev W/NBPM: -93, -114, TF|AltADC|DCI/Q(Q5): 0x001a0b, s: 55822, e: 119982
2026-09-02 02:16:50.652862 RFHAL_KERNEL_BIN_TRACE_RX_ON RX ON -- AntPwr: -114, FreqCtrl: 0x380d5700, OF|AnaGi|AdcAttn|BQ|BWs: 0x07000700, dsp_corr: -5432
2026-09-02 02:16:50.653717 RFHAL_KERNEL_BIN_TRACE_RX_OFF RX OFF -- AntPwr: -114, prev W/NBPM: -93, -112, TF|AltADC|DCI/Q(Q5): 0x001a0b, s: 55047, e: 119207
2026-09-02 02:16:50.662872 RFHAL_KERNEL_BIN_TRACE_RX_ON RX ON -- AntPwr: -112, FreqCtrl: 0x380d5700, OF|AnaGi|AdcAttn|BQ|BWs: 0x07000700, dsp_corr: -5432
2026-09-02 02:16:50.663696 RFHAL_KERNEL_BIN_TRACE_RX_OFF RX OFF -- AntPwr: -112, prev W/NBPM: -92, -113, TF|AltADC|DCI/Q(Q5): 0x001a0b, s: 55038, e: 119198
2026-09-02 02:16:50.717681 RFHAL_KERNEL_BIN_TRACE_RX_ON RX ON -- AntPwr: -113, FreqCtrl: 0x380d5700, OF|AnaGi|AdcAttn|BQ|BWs: 0x07000700, dsp_corr: -5676
2026-09-02 02:16:50.718689 RFHAL_KERNEL_BIN_TRACE_RX_OFF RX OFF -- AntPwr: -113, prev W/NBPM: -93, -114, TF|AltADC|DCI/Q(Q5): 0x001a0b, s: 39397, e: 116200
2026-09-02 02:16:50.721679 RFHAL_KERNEL_BIN_TRACE_RX_ON RX ON -- AntPwr: -113, FreqCtrl: 0x380d5700, OF|AnaGi|AdcAttn|BQ|BWs: 0x07000700, dsp_corr: -5676
2026-09-02 02:16:50.723693 RFHAL_KERNEL_BIN_TRACE_RX_OFF RX OFF -- AntPwr: -113, prev W/NBPM: -93, -113, TF|AltADC|DCI/Q(Q5): 0x001a0b, s: 40115, e: 193718
2026-09-02 02:16:50.726684 RFHAL_KERNEL_BIN_TRACE_RX_ON RX ON -- AntPwr: -113, FreqCtrl: 0x380d5700, OF|AnaGi|AdcAttn|BQ|BWs: 0x07000700, dsp_corr: -5685
2026-09-02 02:16:50.728698 RFHAL_KERNEL_BIN_TRACE_RX_OFF RX OFF -- AntPwr: -113, prev W/NBPM: -93, -113, TF|AltADC|DCI/Q(Q5): 0x001a0b, s: 40174, e: 193777
2026-09-02 02:16:50.731689 RFHAL_KERNEL_BIN_TRACE_RX_ON RX ON -- AntPwr: -113, FreqCtrl: 0x380d5700, OF|AnaGi|AdcAttn|BQ|BWs: 0x07000700, dsp_corr: -5685
2026-09-02 02:16:50.733703 RFHAL_KERNEL_BIN_TRACE_RX_OFF RX OFF -- AntPwr: -114, prev W/NBPM: -93, -114, TF|AltADC|DCI/Q(Q5): 0x001a0b, s: 40160, e: 193763
2026-09-02 02:16:50.736694 RFHAL_KERNEL_BIN_TRACE_RX_ON RX ON -- AntPwr: -113, FreqCtrl: 0x380d5700, OF|AnaGi|AdcAttn|BQ|BWs: 0x07000700, dsp_corr: -5695
2026-09-02 02:16:50.738678 RFHAL_KERNEL_BIN_TRACE_RX_OFF RX OFF -- AntPwr: -113, prev W/NBPM: -93, -113, TF|AltADC|DCI/Q(Q5): 0x001a0b, s: 40178, e: 193781
2026-09-02 02:16:50.741668 RFHAL_KERNEL_BIN_TRACE_RX_ON RX ON -- AntPwr: -113, FreqCtrl: 0x380d5700, OF|AnaGi|AdcAttn|BQ|BWs: 0x07000700, dsp_corr: -5695
2026-09-02 02:16:50.743682 RFHAL_KERNEL_BIN_TRACE_RX_OFF RX OFF -- AntPwr: -113, prev W/NBPM: -93, -113, TF|AltADC|DCI/Q(Q5): 0x001a0b, s: 40132, e: 193735
2026-09-02 02:16:50.746673 RFHAL_KERNEL_BIN_TRACE_RX_ON RX ON -- AntPwr: -113, FreqCtrl: 0x380d5700, OF|AnaGi|AdcAttn|BQ|BWs: 0x07000700, dsp_corr: -5705
2026-09-02 02:16:50.748687 RFHAL_KERNEL_BIN_TRACE_RX_OFF RX OFF -- AntPwr: -113, prev W/NBPM: -92, -113, TF|AltADC|DCI/Q(Q5): 0x001a0b, s: 40177, e: 193780
2026-09-02 02:16:50.751678 RFHAL_KERNEL_BIN_TRACE_RX_ON RX ON -- AntPwr: -113, FreqCtrl: 0x380d5700, OF|AnaGi|AdcAttn|BQ|BWs: 0x07000700, dsp_corr: -5705
2026-09-02 02:16:50.753692 RFHAL_KERNEL_BIN_TRACE_RX_OFF RX OFF -- AntPwr: -113, prev W/NBPM: -93, -113, TF|AltADC|DCI/Q(Q5): 0x001a0b, s: 40161, e: 193764
2026-09-02 02:16:50.756683 RFHAL_KERNEL_BIN_TRACE_RX_ON RX ON -- AntPwr: -113, FreqCtrl: 0x380d5700, OF|AnaGi|AdcAttn|BQ|BWs: 0x07000700, dsp_corr: -5715
2026-09-02 02:16:50.758697 RFHAL_KERNEL_BIN_TRACE_RX_OFF RX OFF -- AntPwr: -111, prev W/NBPM: -93, -111, TF|AltADC|DCI/Q(Q5): 0x001a0b, s: 40178, e: 193781
2026-09-02 02:16:50.761688 RFHAL_KERNEL_BIN_TRACE_RX_ON RX ON -- AntPwr: -113, FreqCtrl: 0x380d5700, OF|AnaGi|AdcAttn|BQ|BWs: 0x07000700, dsp_corr: -5715
2026-09-02 02:16:50.763702 RFHAL_KERNEL_BIN_TRACE_RX_OFF RX OFF -- AntPwr: -112, prev W/NBPM: -93, -112, TF|AltADC|DCI/Q(Q5): 0x001a0b, s: 40130, e: 193733
2026-09-02 02:16:50.766693 RFHAL_KERNEL_BIN_TRACE_RX_ON RX ON -- AntPwr: -113, FreqCtrl: 0x380d5700, OF|AnaGi|AdcAttn|BQ|BWs: 0x07000700, dsp_corr: -5705
2026-09-02 02:16:50.768676 RFHAL_KERNEL_BIN_TRACE_RX_OFF RX OFF -- AntPwr: -111, prev W/NBPM: -93, -111, TF|AltADC|DCI/Q(Q5): 0x001a0b, s: 40175, e: 193778
2026-09-02 02:16:50.771698 RFHAL_KERNEL_BIN_TRACE_RX_ON RX ON -- AntPwr: -113, FreqCtrl: 0x380d5700, OF|AnaGi|AdcAttn|BQ|BWs: 0x07000700, dsp_corr: -5705
2026-09-02 02:16:50.773712 RFHAL_KERNEL_BIN_TRACE_RX_OFF RX OFF -- AntPwr: -112, prev W/NBPM: -93, -112, TF|AltADC|DCI/Q(Q5): 0x001a0b, s: 40160, e: 193763
2026-09-02 02:16:50.776672 RFHAL_KERNEL_BIN_TRACE_RX_ON RX ON -- AntPwr: -113, FreqCtrl: 0x380d5700, OF|AnaGi|AdcAttn|BQ|BWs: 0x07000700, dsp_corr: -5715
2026-09-02 02:16:50.778686 RFHAL_KERNEL_BIN_TRACE_RX_OFF RX OFF -- AntPwr: -112, prev W/NBPM: -93, -112, TF|AltADC|DCI/Q(Q5): 0x001a0b, s: 40179, e: 193782
2026-09-02 02:16:50.781677 RFHAL_KERNEL_BIN_TRACE_RX_ON RX ON -- AntPwr: -113, FreqCtrl: 0x380d5700, OF|AnaGi|AdcAttn|BQ|BWs: 0x07000700, dsp_corr: -5715
2026-09-02 02:16:50.783691 RFHAL_KERNEL_BIN_TRACE_RX_OFF RX OFF -- AntPwr: -111, prev W/NBPM: -92, -111, TF|AltADC|DCI/Q(Q5): 0x001a0b, s: 40130, e: 193733
2026-09-02 02:16:50.786682 RFHAL_KERNEL_BIN_TRACE_RX_ON RX ON -- AntPwr: -113, FreqCtrl: 0x380d5700, OF|AnaGi|AdcAttn|BQ|BWs: 0x07000700, dsp_corr: -5725
2026-09-02 02:16:50.788696 RFHAL_KERNEL_BIN_TRACE_RX_OFF RX OFF -- AntPwr: -112, prev W/NBPM: -93, -112, TF|AltADC|DCI/Q(Q5): 0x001a0b, s: 40178, e: 193781
2026-09-02 02:16:50.791687 RFHAL_KERNEL_BIN_TRACE_RX_ON RX ON -- AntPwr: -113, FreqCtrl: 0x380d5700, OF|AnaGi|AdcAttn|BQ|BWs: 0x07000700, dsp_corr: -5725
2026-09-02 02:16:50.793701 RFHAL_KERNEL_BIN_TRACE_RX_OFF RX OFF -- AntPwr: -112, prev W/NBPM: -93, -112, TF|AltADC|DCI/Q(Q5): 0x001a0b, s: 40163, e: 193766
2026-09-02 02:16:50.796691 RFHAL_KERNEL_BIN_TRACE_RX_ON RX ON -- AntPwr: -113, FreqCtrl: 0x380d5700, OF|AnaGi|AdcAttn|BQ|BWs: 0x07000700, dsp_corr: -5725
2026-09-02 02:16:50.798675 RFHAL_KERNEL_BIN_TRACE_RX_OFF RX OFF -- AntPwr: -112, prev W/NBPM: -93, -112, TF|AltADC|DCI/Q(Q5): 0x001a0b, s: 40181, e: 193784
2026-09-02 02:16:50.801696 RFHAL_KERNEL_BIN_TRACE_RX_ON RX ON -- AntPwr: -112, FreqCtrl: 0x380d5700, OF|AnaGi|AdcAttn|BQ|BWs: 0x07000700, dsp_corr: -5725
2026-09-02 02:16:50.803680 RFHAL_KERNEL_BIN_TRACE_RX_OFF RX OFF -- AntPwr: -111, prev W/NBPM: -93, -111, TF|AltADC|DCI/Q(Q5): 0x001a0b, s: 40129, e: 193732
2026-09-02 02:16:50.806671 RFHAL_KERNEL_BIN_TRACE_RX_ON RX ON -- AntPwr: -112, FreqCtrl: 0x380d5700, OF|AnaGi|AdcAttn|BQ|BWs: 0x07000700, dsp_corr: -5734
2026-09-02 02:16:50.808685 RFHAL_KERNEL_BIN_TRACE_RX_OFF RX OFF -- AntPwr: -111, prev W/NBPM: -93, -111, TF|AltADC|DCI/Q(Q5): 0x001a0b, s: 40176, e: 193779
2026-09-02 02:16:50.811676 RFHAL_KERNEL_BIN_TRACE_RX_ON RX ON -- AntPwr: -112, FreqCtrl: 0x380d5700, OF|AnaGi|AdcAttn|BQ|BWs: 0x07000700, dsp_corr: -5734
2026-09-02 02:16:50.813720 RFHAL_KERNEL_BIN_TRACE_RX_OFF RX OFF -- AntPwr: -111, prev W/NBPM: -93, -111, TF|AltADC|DCI/Q(Q5): 0x001a0b, s: 40165, e: 193768
2026-09-02 02:16:50.816680 RFHAL_KERNEL_BIN_TRACE_RX_ON RX ON -- AntPwr: -112, FreqCtrl: 0x380d5700, OF|AnaGi|AdcAttn|BQ|BWs: 0x07000700, dsp_corr: -5734
2026-09-02 02:16:50.818695 RFHAL_KERNEL_BIN_TRACE_RX_OFF RX OFF -- AntPwr: -112, prev W/NBPM: -92, -112, TF|AltADC|DCI/Q(Q5): 0x001a0b, s: 40180, e: 193783
2026-09-02 02:16:50.821685 RFHAL_KERNEL_BIN_TRACE_RX_ON RX ON -- AntPwr: -112, FreqCtrl: 0x380d5700, OF|AnaGi|AdcAttn|BQ|BWs: 0x07000700, dsp_corr: -5734
2026-09-02 02:16:50.823700 RFHAL_KERNEL_BIN_TRACE_RX_OFF RX OFF -- AntPwr: -111, prev W/NBPM: -93, -111, TF|AltADC|DCI/Q(Q5): 0x001a0b, s: 40128, e: 193731
2026-09-02 02:16:50.826690 RFHAL_KERNEL_BIN_TRACE_RX_ON RX ON -- AntPwr: -112, FreqCtrl: 0x380d5700, OF|AnaGi|AdcAttn|BQ|BWs: 0x07000700, dsp_corr: -5725
2026-09-02 02:16:50.828674 RFHAL_KERNEL_BIN_TRACE_RX_OFF RX OFF -- AntPwr: -112, prev W/NBPM: -93, -112, TF|AltADC|DCI/Q(Q5): 0x001a0b, s: 40177, e: 193780
2026-09-02 02:16:50.831695 RFHAL_KERNEL_BIN_TRACE_RX_ON RX ON -- AntPwr: -112, FreqCtrl: 0x380d5700, OF|AnaGi|AdcAttn|BQ|BWs: 0x07000700, dsp_corr: -5725
2026-09-02 02:16:50.833709 RFHAL_KERNEL_BIN_TRACE_RX_OFF RX OFF -- AntPwr: -111, prev W/NBPM: -93, -111, TF|AltADC|DCI/Q(Q5): 0x001a0b, s: 40162, e: 193765
2026-09-02 02:16:50.836700 RFHAL_KERNEL_BIN_TRACE_RX_ON RX ON -- AntPwr: -112, FreqCtrl: 0x380d5700, OF|AnaGi|AdcAttn|BQ|BWs: 0x07000700, dsp_corr: -5725
2026-09-02 02:16:50.838684 RFHAL_KERNEL_BIN_TRACE_RX_OFF RX OFF -- AntPwr: -110, prev W/NBPM: -93, -110, TF|AltADC|DCI/Q(Q5): 0x001a0b, s: 40180, e: 193783
2026-09-02 02:16:50.841674 RFHAL_KERNEL_BIN_TRACE_RX_ON RX ON -- AntPwr: -112, FreqCtrl: 0x380d5700, OF|AnaGi|AdcAttn|BQ|BWs: 0x07000700, dsp_corr: -5725
2026-09-02 02:16:50.843689 RFHAL_KERNEL_BIN_TRACE_RX_OFF RX OFF -- AntPwr: -111, prev W/NBPM: -93, -111, TF|AltADC|DCI/Q(Q5): 0x001a0b, s: 40132, e: 193735
2026-09-02 02:16:50.846679 RFHAL_KERNEL_BIN_TRACE_RX_ON RX ON -- AntPwr: -112, FreqCtrl: 0x380d5700, OF|AnaGi|AdcAttn|BQ|BWs: 0x07000700, dsp_corr: -5734
2026-09-02 02:16:50.848693 RFHAL_KERNEL_BIN_TRACE_RX_OFF RX OFF -- AntPwr: -111, prev W/NBPM: -93, -111, TF|AltADC|DCI/Q(Q5): 0x001a0b, s: 40175, e: 193778
2026-09-02 02:16:50.851684 RFHAL_KERNEL_BIN_TRACE_RX_ON RX ON -- AntPwr: -112, FreqCtrl: 0x380d5700, OF|AnaGi|AdcAttn|BQ|BWs: 0x07000700, dsp_corr: -5734
2026-09-02 02:16:50.853698 RFHAL_KERNEL_BIN_TRACE_RX_OFF RX OFF -- AntPwr: -112, prev W/NBPM: -93, -112, TF|AltADC|DCI/Q(Q5): 0x001a0b, s: 40163, e: 193766
2026-09-02 02:16:50.856689 RFHAL_KERNEL_BIN_TRACE_RX_ON RX ON -- AntPwr: -112, FreqCtrl: 0x380d5700, OF|AnaGi|AdcAttn|BQ|BWs: 0x07000700, dsp_corr: -5744
2026-09-02 02:16:50.858703 RFHAL_KERNEL_BIN_TRACE_RX_OFF RX OFF -- AntPwr: -111, prev W/NBPM: -93, -111, TF|AltADC|DCI/Q(Q5): 0x001a0b, s: 40177, e: 193780
2026-09-02 02:16:50.861694 RFHAL_KERNEL_BIN_TRACE_RX_ON RX ON -- AntPwr: -112, FreqCtrl: 0x380d5700, OF|AnaGi|AdcAttn|BQ|BWs: 0x07000700, dsp_corr: -5744
2026-09-02 02:16:50.863678 RFHAL_KERNEL_BIN_TRACE_RX_OFF RX OFF -- AntPwr: -111, prev W/NBPM: -93, -111, TF|AltADC|DCI/Q(Q5): 0x001a0b, s: 39692, e: 193295
2026-09-02 02:16:50.864471 ERRC_PDU_TYPE_BCCH_SIB1_NB ERRC PDU: SystemInformationBlockType1-NB
2026-09-02 02:16:50.864471 ERRC_PEER_MSG_NB_SIB1 System Information Block 1 (SIB1-NB) [4054c0c80a5e00020000002000ff4008a0040030482ad2143640000000000000000000000000000000]
2026-09-02 02:16:50.865295 ERRC_PDU_TYPE_BCCH_SI_NB ERRC PDU: SystemInformation-NB
2026-09-02 02:16:50.865295 ERRC_PEER_MSG_NB_SI System Information (SI-NB) [004240217fffe0074a0da00201929020a23302a2934b14c0000dc85040710001803c22005006000000018200e400000000000000000000]
2026-09-02 02:16:51.102905 RFHAL_KERNEL_BIN_TRACE_RX_ON RX ON -- AntPwr: -112, FreqCtrl: 0x380d5700, OF|AnaGi|AdcAttn|BQ|BWs: 0x07000700, dsp_corr: -5754
2026-09-02 02:16:51.103698 RFHAL_KERNEL_BIN_TRACE_RX_OFF RX OFF -- AntPwr: -112, prev W/NBPM: -93, -112, TF|AltADC|DCI/Q(Q5): 0x001a0b, s: 94812, e: 156412
2026-09-02 02:16:51.106872 RFHAL_KERNEL_BIN_TRACE_RX_ON RX ON -- AntPwr: -112, FreqCtrl: 0x380d5700, OF|AnaGi|AdcAttn|BQ|BWs: 0x07000700, dsp_corr: -5754
2026-09-02 02:16:51.107727 RFHAL_KERNEL_BIN_TRACE_RX_OFF RX OFF -- AntPwr: -112, prev W/NBPM: -92, -112, TF|AltADC|DCI/Q(Q5): 0x001a0b, s: 54513, e: 118673
2026-09-02 02:16:51.112884 RFHAL_KERNEL_BIN_TRACE_RX_ON RX ON -- AntPwr: -112, FreqCtrl: 0x380d5700, OF|AnaGi|AdcAttn|BQ|BWs: 0x07000700, dsp_corr: -5754
2026-09-02 02:16:51.113739 RFHAL_KERNEL_BIN_TRACE_RX_OFF RX OFF -- AntPwr: -112, prev W/NBPM: -93, -111, TF|AltADC|DCI/Q(Q5): 0x001a0b, s: 54645, e: 118805
2026-09-02 02:16:51.122894 RFHAL_KERNEL_BIN_TRACE_RX_ON RX ON -- AntPwr: -111, FreqCtrl: 0x380d5700, OF|AnaGi|AdcAttn|BQ|BWs: 0x07000700, dsp_corr: -5754
2026-09-02 02:16:51.123718 RFHAL_KERNEL_BIN_TRACE_RX_OFF RX OFF -- AntPwr: -111, prev W/NBPM: -93, -112, TF|AltADC|DCI/Q(Q5): 0x001a0b, s: 54643, e: 118803
2026-09-02 02:16:51.193695 RFHAL_KERNEL_BIN_TRACE_RX_ON RX ON -- AntPwr: -112, FreqCtrl: 0x380d5700, OF|AnaGi|AdcAttn|BQ|BWs: 0x07000700, dsp_corr: -5809
2026-09-02 02:16:51.210693 RFHAL_KERNEL_BIN_TRACE_RX_OFF RX OFF -- AntPwr: -114, prev W/NBPM: -93, -112, TF|AltADC|DCI/Q(Q5): 0x001a0b, s: 38697, e: 1344300
2026-09-02 02:16:51.211212 ERRC_PDU_TYPE_BCCH_SI_NB ERRC PDU: SystemInformation-NB
2026-09-02 02:16:51.211212 ERRC_PEER_MSG_NB_SI System Information (SI-NB) [002145c08b25575c7e3ae76307623fed4223faae8800000140a0000000000000000000000000000000]
2026-09-02 02:16:51.213592 L1_DEFAULT_INFO_PAGING_DRX earfcn 229232 pci: 22 ue_id: 47 paging_cycle: 128 drx_sys_frame_num_offset: 47 drx_sub_frame_num_offset: 0 drx_nb: 0
2026-09-02 02:16:51.213653 L1_DEFAULT_INFO_SERVING_CELL_MEASUREMENTS earfcn: 229232, pci: 22, rsrp: -129, rsrq: -15, SNR: 0
2026-09-02 02:16:51.214447 L23_ERRC_3GPP_TIMER_START 11 START, timeout 1000 ms
2026-09-02 02:16:51.214508 L23_DEFAULT_INFO_SCELL_ID plmn_id: 90197, band_indicator: 256, tracking_area_code: 1, cell_id: 1
2026-09-02 02:16:51.214508 L23_ERRC_3GPP_TIMER_START 12 START, timeout 86400000 ms
2026-09-02 02:16:51.214630 L23_DEFAULT_INFO_RRCSTATECHANGEEVENT RRC State: 2
2026-09-02 02:16:51.215850 L23_DEFAULT_INFO_EMM_STATE_VALUE emm_state: 4, emm_substate: 1
2026-09-02 02:16:51.216308 NAS_PDU_CONTROL_SERVICE_REQUEST_W_NAS_PDU_ESM_DATA_TRANSPORT CONTROL PLANE SERVICE REQUEST(ESM DATA TRANSPORT) [570000000000074d0078006a5200eb00654500006500030000ff116e666450000340b5a816e854138d00513d2d3335393430343233353436383933322c2c343833342c392c3235362c302c39303139372c2d33302e30332c2d35312e32312c392c39392e39392c32382c3939392e39392c39392e393957022000]
2026-09-02 02:16:51.216400 L23_DEFAULT_INFO_EMM_STATE_VALUE emm_state: 6, emm_substate: 0
2026-09-02 02:16:51.217285 L1_DEFAULT_INFO_SERVING_CELL_MEASUREMENTS earfcn: 229232, pci: 22, rsrp: -129, rsrq: -15, SNR: 0
2026-09-02 02:16:51.217559 L23_AT_STRING <= +CEREG: 5,"0001","00000001",14,,,"11100000","11100000"\r\n
2026-09-02 02:16:51.219879 L23_AT_STRING => AT%XMONITOR
2026-09-02 02:16:51.220092 L23_AT_STRING <= %XMONITOR: 5,"","","90197","0001",14,256,"00000001",22,229232,12,25,"","11100000","11100000","11100000",10,1,32,16\r\nOK\r\n
2026-09-02 02:16:51.222351 RFHAL_KERNEL_BIN_TRACE_RX_ON RX ON -- AntPwr: -103, FreqCtrl: 0x380d5700, OF|AnaGi|AdcAttn|BQ|BWs: 0x07000700, dsp_corr: -5819
2026-09-02 02:16:51.243347 RFHAL_KERNEL_BIN_TRACE_RX_OFF RX OFF -- AntPwr: -110, prev W/NBPM: -92, -111, TF|AltADC|DCI/Q(Q5): 0x001a0b, s: 562989, e: 2175789
2026-09-02 02:16:51.247009 L23_DEFAULT_INFO_RRCSTATECHANGEEVENT RRC State: 3
2026-09-02 02:16:51.247070 L23_ERRC_3GPP_TIMER_START 0 START, timeout 2500 ms
2026-09-02 02:16:51.248687 RFHAL_KERNEL_BIN_TRACE_RX_ON RX ON -- AntPwr: -114, FreqCtrl: 0x380d5700, OF|AnaGi|AdcAttn|BQ|BWs: 0x07000700, dsp_corr: -5831
2026-09-02 02:16:51.287780 L1_DEFAULT_INFO_SERVING_CELL_MEASUREMENTS earfcn: 229232, pci: 22, rsrp: -129, rsrq: -15, SNR: 0
2026-09-02 02:16:51.288696 RFHAL_KERNEL_BIN_TRACE_RX_OFF RX OFF -- AntPwr: -114, prev W/NBPM: -93, -112, TF|AltADC|DCI/Q(Q5): 0x001a0b, s: 39544, e: 3111547
2026-09-02 02:16:52.281341 L1_DEFAULT_INFO_SERVING_CELL_MEASUREMENTS earfcn: 229232, pci: 22, rsrp: -128, rsrq: -15, SNR: 0
2026-09-02 02:16:52.282959 RFHAL_KERNEL_BIN_TRACE_RX_ON RX ON -- AntPwr: -114, FreqCtrl: 0x380d5700, OF|AnaGi|AdcAttn|BQ|BWs: 0x07000700, dsp_corr: -6170
2026-09-02 02:16:52.283752 RFHAL_KERNEL_BIN_TRACE_RX_OFF RX OFF -- AntPwr: -114, prev W/NBPM: -93, -114, TF|AltADC|DCI/Q(Q5): 0x001a0b, s: 86085, e: 147685
2026-09-02 02:16:52.286926 RFHAL_KERNEL_BIN_TRACE_RX_ON RX ON -- AntPwr: -114, FreqCtrl: 0x380d5700, OF|AnaGi|AdcAttn|BQ|BWs: 0x07000700, dsp_corr: -6171
2026-09-02 02:16:52.287780 RFHAL_KERNEL_BIN_TRACE_RX_OFF RX OFF -- AntPwr: -114, prev W/NBPM: -93, -116, TF|AltADC|DCI/Q(Q5): 0x001a0b, s: 54930, e: 119090
2026-09-02 02:16:52.292938 RFHAL_KERNEL_BIN_TRACE_RX_ON RX ON -- AntPwr: -116, FreqCtrl: 0x380d5700, OF|AnaGi|AdcAttn|BQ|BWs: 0x07000700, dsp_corr: -6172
2026-09-02 02:16:52.293762 RFHAL_KERNEL_BIN_TRACE_RX_OFF RX OFF -- AntPwr: -116, prev W/NBPM: -93, -116, TF|AltADC|DCI/Q(Q5): 0x001a0b, s: 54831, e: 118991
2026-09-02 02:16:52.302917 RFHAL_KERNEL_BIN_TRACE_RX_ON RX ON -- AntPwr: -116, FreqCtrl: 0x380d5700, OF|AnaGi|AdcAttn|BQ|BWs: 0x07000700, dsp_corr: -6175
2026-09-02 02:16:52.303772 RFHAL_KERNEL_BIN_TRACE_RX_OFF RX OFF -- AntPwr: -116, prev W/NBPM: -93, -114, TF|AltADC|DCI/Q(Q5): 0x001a0b, s: 54820, e: 118980
2026-09-02 02:16:52.306945 RFHAL_KERNEL_BIN_TRACE_RX_ON RX ON -- AntPwr: -114, FreqCtrl: 0x380d5700, OF|AnaGi|AdcAttn|BQ|BWs: 0x07000700, dsp_corr: -6176
2026-09-02 02:16:52.307800 RFHAL_KERNEL_BIN_TRACE_RX_OFF RX OFF -- AntPwr: -114, prev W/NBPM: -93, -116, TF|AltADC|DCI/Q(Q5): 0x001a0b, s: 55852, e: 120012
2026-09-02 02:16:52.312927 RFHAL_KERNEL_BIN_TRACE_RX_ON RX ON -- AntPwr: -116, FreqCtrl: 0x380d5700, OF|AnaGi|AdcAttn|BQ|BWs: 0x07000700, dsp_corr: -6178
2026-09-02 02:16:52.313781 RFHAL_KERNEL_BIN_TRACE_RX_OFF RX OFF -- AntPwr: -116, prev W/NBPM: -93, -115, TF|AltADC|DCI/Q(Q5): 0x001a0b, s: 54832, e: 118992
2026-09-02 02:16:52.322937 RFHAL_KERNEL_BIN_TRACE_RX_ON RX ON -- AntPwr: -115, FreqCtrl: 0x380d5700, OF|AnaGi|AdcAttn|BQ|BWs: 0x07000700, dsp_corr: -6181
2026-09-02 02:16:52.323761 RFHAL_KERNEL_BIN_TRACE_RX_OFF RX OFF -- AntPwr: -115, prev W/NBPM: -93, -116, TF|AltADC|DCI/Q(Q5): 0x001a0b, s: 54820, e: 118980
2026-09-02 02:16:52.326934 RFHAL_KERNEL_BIN_TRACE_RX_ON RX ON -- AntPwr: -116, FreqCtrl: 0x380d5700, OF|AnaGi|AdcAttn|BQ|BWs: 0x07000700, dsp_corr: -6182
2026-09-02 02:16:52.327789 RFHAL_KERNEL_BIN_TRACE_RX_OFF RX OFF -- AntPwr: -116, prev W/NBPM: -93, -115, TF|AltADC|DCI/Q(Q5): 0x001a0b, s: 55853, e: 120013
2026-09-02 02:16:52.332946 RFHAL_KERNEL_BIN_TRACE_RX_ON RX ON -- AntPwr: -115, FreqCtrl: 0x380d5700, OF|AnaGi|AdcAttn|BQ|BWs: 0x07000700, dsp_corr: -6184
2026-09-02 02:16:52.333770 RFHAL_KERNEL_BIN_TRACE_RX_OFF RX OFF -- AntPwr: -115, prev W/NBPM: -93, -115, TF|AltADC|DCI/Q(Q5): 0x001a0b, s: 54829, e: 118989
2026-09-02 02:16:52.342926 RFHAL_KERNEL_BIN_TRACE_RX_ON RX ON -- AntPwr: -115, FreqCtrl: 0x380d5700, OF|AnaGi|AdcAttn|BQ|BWs: 0x07000700, dsp_corr: -6187
2026-09-02 02:16:52.343780 RFHAL_KERNEL_BIN_TRACE_RX_OFF RX OFF -- AntPwr: -115, prev W/NBPM: -93, -114, TF|AltADC|DCI/Q(Q5): 0x001a0b, s: 54823, e: 118983
2026-09-02 02:16:52.346923 RFHAL_KERNEL_BIN_TRACE_RX_ON RX ON -- AntPwr: -114, FreqCtrl: 0x380d5700, OF|AnaGi|AdcAttn|BQ|BWs: 0x07000700, dsp_corr: -6188
2026-09-02 02:16:52.347778 RFHAL_KERNEL_BIN_TRACE_RX_OFF RX OFF -- AntPwr: -114, prev W/NBPM: -93, -116, TF|AltADC|DCI/Q(Q5): 0x001a0b, s: 55849, e: 120009
2026-09-02 02:16:52.352935 RFHAL_KERNEL_BIN_TRACE_RX_ON RX ON -- AntPwr: -116, FreqCtrl: 0x380d5700, OF|AnaGi|AdcAttn|BQ|BWs: 0x07000700, dsp_corr: -6190
2026-09-02 02:16:52.353759 RFHAL_KERNEL_BIN_TRACE_RX_OFF RX OFF -- AntPwr: -116, prev W/NBPM: -93, -115, TF|AltADC|DCI/Q(Q5): 0x001a0b, s: 55097, e: 119257
2026-09-02 02:16:52.362945 RFHAL_KERNEL_BIN_TRACE_RX_ON RX ON -- AntPwr: -115, FreqCtrl: 0x380d5700, OF|AnaGi|AdcAttn|BQ|BWs: 0x07000700, dsp_corr: -6193
2026-09-02 02:16:52.363769 RFHAL_KERNEL_BIN_TRACE_RX_OFF RX OFF -- AntPwr: -115, prev W/NBPM: -93, -114, TF|AltADC|DCI/Q(Q5): 0x001a0b, s: 54343, e: 118503
2026-09-02 02:16:52.377838 RFHAL_KERNEL_BIN_TRACE_TX_ON TX ON: gen: 0xf4bf0ae7, cmn: 0x144df4, norm: 0x24064, 0xb84e00, 0x4027, mrx: 0x78825d, dsp_corr: 6379
2026-09-02 02:16:52.467163 RFHAL_KERNEL_BIN_TRACE_TX_OFF TX OFF: gen: 0x42, s: 47076, e: 6928356
2026-09-02 02:16:52.468750 RFHAL_KERNEL_BIN_TRACE_RX_ON RX ON -- AntPwr: -114, FreqCtrl: 0x380d5700, OF|AnaGi|AdcAttn|BQ|BWs: 0x07000700, dsp_corr: -6224
2026-09-02 02:16:52.634765 RFHAL_KERNEL_BIN_TRACE_RX_OFF RX OFF -- AntPwr: -116, prev W/NBPM: -93, -115, TF|AltADC|DCI/Q(Q5): 0x001a0b, s: 38745, e: 12787548
2026-09-02 02:16:52.640747 RFHAL_KERNEL_BIN_TRACE_RX_ON RX ON -- AntPwr: -116, FreqCtrl: 0x380d5700, OF|AnaGi|AdcAttn|BQ|BWs: 0x07000700, dsp_corr: -6276
2026-09-02 02:16:52.698761 RFHAL_KERNEL_BIN_TRACE_RX_OFF RX OFF -- AntPwr: -116, prev W/NBPM: -93, -115, TF|AltADC|DCI/Q(Q5): 0x001a0b, s: 39689, e: 4494092
2026-09-02 02:16:52.700744 RFHAL_KERNEL_BIN_TRACE_RX_ON RX ON -- AntPwr: -116, FreqCtrl: 0x380d5700, OF|AnaGi|AdcAttn|BQ|BWs: 0x07000700, dsp_corr: -6294
2026-09-02 02:16:52.800903 L1_DEFAULT_INFO_SERVING_CELL_MEASUREMENTS_SYNC_LOST earfcn: 229232, pci: 22, rsrp: N/A, rsrq: N/A, SNR: 0
2026-09-02 02:16:52.835876 L1_DCI_DEC_N1_CONTENT_PHY_ALLOC modem: k0:0, n_sf:2, tbs:15, n_rep:8, ndi:0, ack_nack_sc:0, ack_nack_k0:13, dci_sf_rep_nbr:32, harq_id:0
2026-09-02 02:16:52.840881 L1_DCI_DEC_N1_CONTENT_PHY_ALLOC modem: k0:0, n_sf:2, tbs:15, n_rep:8, ndi:0, ack_nack_sc:0, ack_nack_k0:13, dci_sf_rep_nbr:32, harq_id:0
2026-09-02 02:16:52.845855 L1_DCI_DEC_N1_CONTENT_PHY_ALLOC modem: k0:0, n_sf:2, tbs:15, n_rep:8, ndi:0, ack_nack_sc:0, ack_nack_k0:13, dci_sf_rep_nbr:32, harq_id:0
2026-09-02 02:16:52.851898 L1_DCI_DEC_N1_CONTENT_PHY_ALLOC modem: k0:0, n_sf:2, tbs:15, n_rep:8, ndi:0, ack_nack_sc:0, ack_nack_k0:13, dci_sf_rep_nbr:32, harq_id:0
2026-09-02 02:16:52.856872 L1_DCI_DEC_N1_CONTENT_PHY_ALLOC modem: k0:0, n_sf:2, tbs:15, n_rep:8, ndi:0, ack_nack_sc:0, ack_nack_k0:13, dci_sf_rep_nbr:32, harq_id:0
2026-09-02 02:16:52.861877 L1_DCI_DEC_N1_CONTENT_PHY_ALLOC modem: k0:0, n_sf:2, tbs:15, n_rep:8, ndi:0, ack_nack_sc:0, ack_nack_k0:13, dci_sf_rep_nbr:32, harq_id:0
2026-09-02 02:16:52.866882 L1_DCI_DEC_N1_CONTENT_PHY_ALLOC modem: k0:0, n_sf:2, tbs:15, n_rep:8, ndi:0, ack_nack_sc:0, ack_nack_k0:13, dci_sf_rep_nbr:32, harq_id:0
2026-09-02 02:16:52.872772 RFHAL_KERNEL_BIN_TRACE_RX_OFF RX OFF -- AntPwr: -115, prev W/NBPM: -93, -114, TF|AltADC|DCI/Q(Q5): 0x001a0b, s: 40466, e: 13250069
2026-09-02 02:16:52.872894 L1_DCI_DEC_N1_CONTENT_PHY_ALLOC modem: k0:0, n_sf:2, tbs:15, n_rep:8, ndi:0, ack_nack_sc:0, ack_nack_k0:13, dci_sf_rep_nbr:32, harq_id:0
2026-09-02 02:16:52.874755 RFHAL_KERNEL_BIN_TRACE_RX_ON RX ON -- AntPwr: -115, FreqCtrl: 0x380d5700, OF|AnaGi|AdcAttn|BQ|BWs: 0x07000700, dsp_corr: -6356
2026-09-02 02:16:52.898040 L1_DCI_DEC_NBIOT_RAR_UL_GRANT_CONTENT_NPUSCH modem: Subcarrier spacing:1, i_sc:6, scheduling_delay:12, msg3_repetition_level:4, q_m:1, tbs:11, n_ru:4, redundancy_version:0
2026-09-02 02:16:52.898651 L1_DEFAULT_INFO_PRACH_REPORT ce_level: 2, ce_mode: 0
2026-09-02 02:16:52.898925 ERRC_PDU_TYPE_UL_CCCH_NB_1 ERRC PDU: RRCConnectionRequest-NB
2026-09-02 02:16:52.898956 ERRC_PEER_MSG_NB_CON_REQ RRC Connection Request [2803f0b84124a40000]
2026-09-02 02:16:52.899780 RFHAL_KERNEL_BIN_TRACE_RX_OFF RX OFF -- AntPwr: -115, prev W/NBPM: -93, -113, TF|AltADC|DCI/Q(Q5): 0x001a0b, s: 40994, e: 1960997
2026-09-02 02:16:52.914856 RFHAL_KERNEL_BIN_TRACE_TX_ON TX ON: gen: 0xf4bf0ae7, cmn: 0x4df4, norm: 0x34c64, 0xb84e00, 0xc027, mrx: 0x3008825d, dsp_corr: 6528
2026-09-02 02:16:52.914886 L1_TX_POWER_PUSCH sys_frame_number: 316, sub_frame_number: 1, pusch_tx_power_value: 23, dl_path_loss: 176
2026-09-02 02:16:53.042572 RFHAL_KERNEL_BIN_TRACE_TX_OFF TX OFF: gen: 0x83, s: 46506, e: 9876906
2026-09-02 02:16:53.044769 RFHAL_KERNEL_BIN_TRACE_RX_ON RX ON -- AntPwr: -115, FreqCtrl: 0x380d5700, OF|AnaGi|AdcAttn|BQ|BWs: 0x07000700, dsp_corr: -6406
2026-09-02 02:16:53.274780 RFHAL_KERNEL_BIN_TRACE_RX_OFF RX OFF -- AntPwr: -114, prev W/NBPM: -93, -111, TF|AltADC|DCI/Q(Q5): 0x001a0b, s: 40471, e: 17704474
2026-09-02 02:16:53.280792 RFHAL_KERNEL_BIN_TRACE_RX_ON RX ON -- AntPwr: -114, FreqCtrl: 0x380d5700, OF|AnaGi|AdcAttn|BQ|BWs: 0x07000700, dsp_corr: -6475
2026-09-02 02:16:53.338775 RFHAL_KERNEL_BIN_TRACE_RX_OFF RX OFF -- AntPwr: -113, prev W/NBPM: -93, -112, TF|AltADC|DCI/Q(Q5): 0x001a0b, s: 39719, e: 4494122
2026-09-02 02:16:53.340789 RFHAL_KERNEL_BIN_TRACE_RX_ON RX ON -- AntPwr: -113, FreqCtrl: 0x380d5700, OF|AnaGi|AdcAttn|BQ|BWs: 0x07000700, dsp_corr: -6493
2026-09-02 02:16:53.402801 RFHAL_KERNEL_BIN_TRACE_RX_OFF RX OFF -- AntPwr: -113, prev W/NBPM: -92, -112, TF|AltADC|DCI/Q(Q5): 0x001a0b, s: 40472, e: 4802075
2026-09-02 02:16:53.405792 RFHAL_KERNEL_BIN_TRACE_RX_ON RX ON -- AntPwr: -113, FreqCtrl: 0x380d5700, OF|AnaGi|AdcAttn|BQ|BWs: 0x07000700, dsp_corr: -6512
2026-09-02 02:16:53.475891 L1_DCI_DEC_N1_CONTENT_PHY_ALLOC modem: k0:0, n_sf:3, tbs:26, n_rep:4, ndi:0, ack_nack_sc:0, ack_nack_k0:17, dci_sf_rep_nbr:16, harq_id:0
2026-09-02 02:16:53.480896 L1_DCI_DEC_N1_CONTENT_PHY_ALLOC modem: k0:0, n_sf:3, tbs:26, n_rep:4, ndi:0, ack_nack_sc:0, ack_nack_k0:17, dci_sf_rep_nbr:16, harq_id:0
2026-09-02 02:16:53.485900 L1_DCI_DEC_N1_CONTENT_PHY_ALLOC modem: k0:0, n_sf:3, tbs:26, n_rep:4, ndi:0, ack_nack_sc:0, ack_nack_k0:17, dci_sf_rep_nbr:16, harq_id:0
2026-09-02 02:16:53.491912 L1_DCI_DEC_N1_CONTENT_PHY_ALLOC modem: k0:0, n_sf:3, tbs:26, n_rep:4, ndi:0, ack_nack_sc:0, ack_nack_k0:17, dci_sf_rep_nbr:16, harq_id:0
2026-09-02 02:16:53.511779 RFHAL_KERNEL_BIN_TRACE_RX_OFF RX OFF -- AntPwr: -113, prev W/NBPM: -92, -112, TF|AltADC|DCI/Q(Q5): 0x001a0b, s: 40248, e: 8181051
2026-09-02 02:16:53.514465 ERRC_PDU_TYPE_DL_CCCH_NB_4 ERRC PDU: RRCConnectionSetup-NB
2026-09-02 02:16:53.514495 ERRC_PEER_MSG_NB_CON_SETUP RRC Connection Setup [3013319cc256f44330]
2026-09-02 02:16:53.514617 L23_ERRC_3GPP_TIMER_STOP 0 STOP
2026-09-02 02:16:53.514617 L23_ERRC_3GPP_TIMER_STOP 12 STOP
2026-09-02 02:16:53.515716 L23_DEFAULT_INFO_RRCSTATECHANGEEVENT RRC State: 4
2026-09-02 02:16:53.516845 ERRC_PDU_TYPE_UL_DCCH_NB_3 ERRC PDU: RRCConnectionSetupComplete-NB
2026-09-02 02:16:53.516845 ERRC_PEER_MSG_NB_CON_SETUP_COMPLETE RRC Connection Setup Complete [10043d2b99d3c4f78183a6803c00352900758032a2800032800180007f88b73332280001a05ad40b742a09c680289e96999a9c9a181a19199a9a1b1c1c999916161a1c199a161c96191a9b1618161c98189c9b9616999817181996169a98971918961c961c9c971c9c96191c161c9c9c971c9c961c9c971c9cab8110001400de]
2026-09-02 02:16:53.517822 L23_AT_STRING <= +CSCON: 1\r\n
2026-09-02 02:16:53.532867 RFHAL_KERNEL_BIN_TRACE_TX_ON TX ON: gen: 0xf4bf0ae7, cmn: 0x4df4, norm: 0x34064, 0xb84e00, 0xc027, mrx: 0x98805c, dsp_corr: 6711
2026-09-02 02:16:53.532898 L1_DEFAULT_INFO_PUCCH_POWER_CONTROL pucch_tx_power_value: 23, dl_path_loss: 172
2026-09-02 02:16:53.548584 RFHAL_KERNEL_BIN_TRACE_TX_OFF TX OFF: gen: 0x8c, s: 46190, e: 1274990
2026-09-02 02:16:53.550781 RFHAL_KERNEL_BIN_TRACE_RX_ON RX ON -- AntPwr: -113, FreqCtrl: 0x380d5700, OF|AnaGi|AdcAttn|BQ|BWs: 0x07000700, dsp_corr: -6555
2026-09-02 02:16:53.554840 L1_DEFAULT_INFO_SERVING_CELL_MEASUREMENTS earfcn: 229232, pci: 22, rsrp: -127, rsrq: -14, SNR: 0
2026-09-02 02:16:53.587860 L1_DCI_DEC_N0_CONTENT_PHY_ALLOC modem: i_sc:10, n_ru:10, k0:8, q_m:2, tbs:85, redundancy_version:0, n_rep:4, ndi:0, dci_sf_rep_nbr:4, harq_id:0
2026-09-02 02:16:53.590911 L1_DCI_DEC_N0_CONTENT_PHY_ALLOC modem: i_sc:10, n_ru:10, k0:8, q_m:2, tbs:85, redundancy_version:0, n_rep:4, ndi:0, dci_sf_rep_nbr:4, harq_id:0
2026-09-02 02:16:53.591888 L1_DCI_DEC_N0_CONTENT_PHY_ALLOC modem: i_sc:10, n_ru:10, k0:8, q_m:2, tbs:85, redundancy_version:0, n_rep:4, ndi:0, dci_sf_rep_nbr:4, harq_id:0
2026-09-02 02:16:53.592926 L1_DCI_DEC_N0_CONTENT_PHY_ALLOC modem: i_sc:10, n_ru:10, k0:8, q_m:2, tbs:85, redundancy_version:0, n_rep:4, ndi:0, dci_sf_rep_nbr:4, harq_id:0
2026-09-02 02:16:53.593780 RFHAL_KERNEL_BIN_TRACE_RX_OFF RX OFF -- AntPwr: -114, prev W/NBPM: -93, -111, TF|AltADC|DCI/Q(Q5): 0x001a0b, s: 39995, e: 3342398
2026-09-02 02:16:53.605896 RFHAL_KERNEL_BIN_TRACE_TX_ON TX ON: gen: 0xf4bf0ae7, cmn: 0x4df4, norm: 0x25464, 0xb84e00, 0xc027, mrx: 0xa8805c, dsp_corr: 6733
2026-09-02 02:16:53.605926 L1_TX_POWER_PUSCH sys_frame_number: 385, sub_frame_number: 2, pusch_tx_power_value: 23, dl_path_loss: 172
2026-09-02 02:16:53.861602 RFHAL_KERNEL_BIN_TRACE_TX_OFF TX OFF: gen: 0x10d, s: 43883, e: 19704683
2026-09-02 02:16:53.863800 RFHAL_KERNEL_BIN_TRACE_RX_ON RX ON -- AntPwr: -114, FreqCtrl: 0x380d5700, OF|AnaGi|AdcAttn|BQ|BWs: 0x07000700, dsp_corr: -6647
2026-09-02 02:16:53.898925 L1_DEFAULT_INFO_SERVING_CELL_MEASUREMENTS earfcn: 229232, pci: 22, rsrp: -127, rsrq: -13, SNR: 0
2026-09-02 02:16:53.899810 RFHAL_KERNEL_BIN_TRACE_RX_OFF RX OFF -- AntPwr: -115, prev W/NBPM: -93, -115, TF|AltADC|DCI/Q(Q5): 0x001a0b, s: 39976, e: 2804779
2026-09-02 02:16:53.901886 RFHAL_KERNEL_BIN_TRACE_TX_ON TX ON: gen: 0xf4bf0ae7, cmn: 0x4df4, norm: 0x45464, 0xb84e00, 0xc027, mrx: 0xa8805c, dsp_corr: 6820
2026-09-02 02:16:53.901916 L1_TX_POWER_PUSCH sys_frame_number: 414, sub_frame_number: 8, pusch_tx_power_value: 23, dl_path_loss: 172
2026-09-02 02:16:53.965606 RFHAL_KERNEL_BIN_TRACE_TX_OFF TX OFF: gen: 0x12e, s: 41274, e: 4956474
2026-09-02 02:16:53.967804 RFHAL_KERNEL_BIN_TRACE_RX_ON RX ON -- AntPwr: -115, FreqCtrl: 0x380d5700, OF|AnaGi|AdcAttn|BQ|BWs: 0x07000700, dsp_corr: -6678
2026-09-02 02:16:53.982818 RFHAL_KERNEL_BIN_TRACE_RX_OFF RX OFF -- AntPwr: -117, prev W/NBPM: -93, -114, TF|AltADC|DCI/Q(Q5): 0x001a0c, s: 40015, e: 1192018
2026-09-02 02:16:53.985809 RFHAL_KERNEL_BIN_TRACE_RX_ON RX ON -- AntPwr: -117, FreqCtrl: 0x380d5700, OF|AnaGi|AdcAttn|BQ|BWs: 0x07000700, dsp_corr: -6683
2026-09-02 02:16:53.998809 RFHAL_KERNEL_BIN_TRACE_RX_OFF RX OFF -- AntPwr: -117, prev W/NBPM: -93, -114, TF|AltADC|DCI/Q(Q5): 0x001a0b, s: 40008, e: 1038411
2026-09-02 02:16:54.005798 RFHAL_KERNEL_BIN_TRACE_RX_ON RX ON -- AntPwr: -117, FreqCtrl: 0x380d5700, OF|AnaGi|AdcAttn|BQ|BWs: 0x07000700, dsp_corr: -6679
2026-09-02 02:16:54.014801 RFHAL_KERNEL_BIN_TRACE_RX_OFF RX OFF -- AntPwr: -116, prev W/NBPM: -93, -115, TF|AltADC|DCI/Q(Q5): 0x001a0c, s: 39214, e: 730417
2026-09-02 02:16:54.028808 RFHAL_KERNEL_BIN_TRACE_RX_ON RX ON -- AntPwr: -116, FreqCtrl: 0x380d5700, OF|AnaGi|AdcAttn|BQ|BWs: 0x07000700, dsp_corr: -6686
2026-09-02 02:16:54.035919 L1_DCI_DEC_N0_CONTENT_PHY_ALLOC modem: i_sc:10, n_ru:8, k0:8, q_m:2, tbs:69, redundancy_version:0, n_rep:4, ndi:1, dci_sf_rep_nbr:4, harq_id:0
2026-09-02 02:16:54.036926 L1_DCI_DEC_N0_CONTENT_PHY_ALLOC modem: i_sc:10, n_ru:8, k0:8, q_m:2, tbs:69, redundancy_version:0, n_rep:4, ndi:1, dci_sf_rep_nbr:4, harq_id:0
2026-09-02 02:16:54.038971 L1_DCI_DEC_N0_CONTENT_PHY_ALLOC modem: i_sc:10, n_ru:8, k0:8, q_m:2, tbs:69, redundancy_version:0, n_rep:4, ndi:1, dci_sf_rep_nbr:4, harq_id:0
2026-09-02 02:16:54.039825 RFHAL_KERNEL_BIN_TRACE_RX_OFF RX OFF -- AntPwr: -116, prev W/NBPM: -93, -114, TF|AltADC|DCI/Q(Q5): 0x001a0b, s: 38247, e: 883050
2026-09-02 02:16:54.051879 RFHAL_KERNEL_BIN_TRACE_TX_ON TX ON: gen: 0xf4bf0ae7, cmn: 0x4df4, norm: 0x45464, 0xb84e00, 0xc027, mrx: 0xa8805c, dsp_corr: 6883
2026-09-02 02:16:54.051910 L1_TX_POWER_PUSCH sys_frame_number: 429, sub_frame_number: 8, pusch_tx_power_value: 23, dl_path_loss: 172
2026-09-02 02:16:54.307617 RFHAL_KERNEL_BIN_TRACE_TX_OFF TX OFF: gen: 0x1af, s: 43837, e: 19704637
2026-09-02 02:16:54.309814 RFHAL_KERNEL_BIN_TRACE_RX_ON RX ON -- AntPwr: -116, FreqCtrl: 0x380d5700, OF|AnaGi|AdcAttn|BQ|BWs: 0x07000700, dsp_corr: -6759
2026-09-02 02:16:54.311981 L1_DEFAULT_INFO_SERVING_CELL_MEASUREMENTS earfcn: 229232, pci: 22, rsrp: -128, rsrq: -14, SNR: -3
2026-09-02 02:16:54.318817 RFHAL_KERNEL_BIN_TRACE_RX_OFF RX OFF -- AntPwr: -116, prev W/NBPM: -93, -115, TF|AltADC|DCI/Q(Q5): 0x001a0b, s: 38970, e: 730173
2026-09-02 02:16:54.320831 RFHAL_KERNEL_BIN_TRACE_RX_ON RX ON -- AntPwr: -116, FreqCtrl: 0x380d5700, OF|AnaGi|AdcAttn|BQ|BWs: 0x07000700, dsp_corr: -6771
2026-09-02 02:16:54.334808 RFHAL_KERNEL_BIN_TRACE_RX_OFF RX OFF -- AntPwr: -117, prev W/NBPM: -93, -114, TF|AltADC|DCI/Q(Q5): 0x001a0b, s: 39943, e: 1115146
2026-09-02 02:16:54.343811 RFHAL_KERNEL_BIN_TRACE_RX_ON RX ON -- AntPwr: -117, FreqCtrl: 0x380d5700, OF|AnaGi|AdcAttn|BQ|BWs: 0x07000700, dsp_corr: -6769
2026-09-02 02:16:54.398834 RFHAL_KERNEL_BIN_TRACE_RX_OFF RX OFF -- AntPwr: -118, prev W/NBPM: -93, -115, TF|AltADC|DCI/Q(Q5): 0x001a0b, s: 39213, e: 4263216
2026-09-02 02:16:54.400817 RFHAL_KERNEL_BIN_TRACE_RX_ON RX ON -- AntPwr: -118, FreqCtrl: 0x380d5700, OF|AnaGi|AdcAttn|BQ|BWs: 0x07000700, dsp_corr: -6786
2026-09-02 02:16:54.414825 RFHAL_KERNEL_BIN_TRACE_RX_OFF RX OFF -- AntPwr: -118, prev W/NBPM: -93, -114, TF|AltADC|DCI/Q(Q5): 0x001a0b, s: 39951, e: 1115154
2026-09-02 02:16:54.423828 RFHAL_KERNEL_BIN_TRACE_RX_ON RX ON -- AntPwr: -118, FreqCtrl: 0x380d5700, OF|AnaGi|AdcAttn|BQ|BWs: 0x07000700, dsp_corr: -6792
2026-09-02 02:16:54.469055 L23_ERRC_3GPP_TIMER_START 6 START, timeout 0 ms
2026-09-02 02:16:54.469268 L23_ERRC_3GPP_TIMER_STOP 6 STOP
2026-09-02 02:16:54.469268 L23_ERRC_3GPP_TIMER_STOP 9 STOP
2026-09-02 02:16:54.470245 NAS_PDU_CONTROL_SERVICE_REQUEST_W_NAS_PDU_ESM_DATA_TRANSPORT CONTROL PLANE SERVICE REQUEST(ESM DATA TRANSPORT) [570000000000074d0078006a5200eb00654500006500030000ff116e666450000340b5a816e854138d00513d2d3335393430343233353436383933322c2c343833342c392c3235362c302c39303139372c2d33302e30332c2d35312e32312c392c39392e39392c32382c3939392e39392c39392e393957022000]
2026-09-02 02:16:54.470886 L1_DEFAULT_INFO_SERVING_CELL_MEASUREMENTS earfcn: 229232, pci: 22, rsrp: -136, rsrq: -20, SNR: -3
2026-09-02 02:16:54.471832 RFHAL_KERNEL_BIN_TRACE_RX_OFF RX OFF -- AntPwr: -119, prev W/NBPM: -93, -114, TF|AltADC|DCI/Q(Q5): 0x001a0b, s: 39018, e: 3725421
2026-09-02 02:16:54.473877 L23_DEFAULT_INFO_CP_RAI ESM DATA TRANSPORT(tr_id=18): 0
2026-09-02 02:16:54.474029 L23_DEFAULT_INFO_EMM_STATE_VALUE emm_state: 4, emm_substate: 1
2026-09-02 02:16:54.475158 L23_AT_STRING <= +CSCON: 0\r\n
2026-09-02 02:16:54.479950 RFHAL_KERNEL_BIN_TRACE_RX_ON RX ON -- AntPwr: -104, FreqCtrl: 0x380d5700, OF|AnaGi|AdcAttn|BQ|BWs: 0x07000700, dsp_corr: 6141
2026-09-02 02:16:54.490966 RFHAL_KERNEL_BIN_TRACE_RX_OFF RX OFF -- AntPwr: -114, prev W/NBPM: -92, -114, TF|AltADC|DCI/Q(Q5): 0x001a0b, s: 496057, e: 1340857
2026-09-02 02:16:54.497863 RFHAL_KERNEL_BIN_TRACE_RX_ON RX ON -- AntPwr: -104, FreqCtrl: 0x380d5700, OF|AnaGi|AdcAttn|BQ|BWs: 0x07000700, dsp_corr: -6141
2026-09-02 02:16:54.508850 RFHAL_KERNEL_BIN_TRACE_RX_OFF RX OFF -- AntPwr: -114, prev W/NBPM: -92, -114, TF|AltADC|DCI/Q(Q5): 0x001a0b, s: 496105, e: 1340905
2026-09-02 02:16:54.515747 RFHAL_KERNEL_BIN_TRACE_RX_ON RX ON -- AntPwr: -103, FreqCtrl: 0x380d5700, OF|AnaGi|AdcAttn|BQ|BWs: 0x07000700, dsp_corr: 18423
2026-09-02 02:16:54.526763 RFHAL_KERNEL_BIN_TRACE_RX_OFF RX OFF -- AntPwr: -115, prev W/NBPM: -92, -115, TF|AltADC|DCI/Q(Q5): 0x001a0b, s: 496055, e: 1340855
2026-09-02 02:16:54.533660 RFHAL_KERNEL_BIN_TRACE_RX_ON RX ON -- AntPwr: -104, FreqCtrl: 0x380d5700, OF|AnaGi|AdcAttn|BQ|BWs: 0x07000700, dsp_corr: -18423
2026-09-02 02:16:54.544647 RFHAL_KERNEL_BIN_TRACE_RX_OFF RX OFF -- AntPwr: -114, prev W/NBPM: -93, -114, TF|AltADC|DCI/Q(Q5): 0x001a0b, s: 496057, e: 1340857
2026-09-02 02:16:54.551910 RFHAL_KERNEL_BIN_TRACE_RX_ON RX ON -- AntPwr: -104, FreqCtrl: 0x380d5700, OF|AnaGi|AdcAttn|BQ|BWs: 0x07000700, dsp_corr: 6141
2026-09-02 02:16:54.562927 RFHAL_KERNEL_BIN_TRACE_RX_OFF RX OFF -- AntPwr: -114, prev W/NBPM: -93, -114, TF|AltADC|DCI/Q(Q5): 0x001a0b, s: 495955, e: 1340755
2026-09-02 02:16:54.569824 RFHAL_KERNEL_BIN_TRACE_RX_ON RX ON -- AntPwr: -104, FreqCtrl: 0x380d5700, OF|AnaGi|AdcAttn|BQ|BWs: 0x07000700, dsp_corr: -6141
2026-09-02 02:16:54.580810 RFHAL_KERNEL_BIN_TRACE_RX_OFF RX OFF -- AntPwr: -114, prev W/NBPM: -93, -114, TF|AltADC|DCI/Q(Q5): 0x001a0b, s: 496071, e: 1340871
2026-09-02 02:16:54.593048 RFHAL_KERNEL_BIN_TRACE_RX_ON RX ON -- AntPwr: -113, FreqCtrl: 0x380d5700, OF|AnaGi|AdcAttn|BQ|BWs: 0x07000700, dsp_corr: -6141
2026-09-02 02:16:54.593841 RFHAL_KERNEL_BIN_TRACE_RX_OFF RX OFF -- AntPwr: -113, prev W/NBPM: -93, -114, TF|AltADC|DCI/Q(Q5): 0x001a0b, s: 54046, e: 115646
2026-09-02 02:16:54.597045 RFHAL_KERNEL_BIN_TRACE_RX_ON RX ON -- AntPwr: -114, FreqCtrl: 0x380d5700, OF|AnaGi|AdcAttn|BQ|BWs: 0x07000700, dsp_corr: -6141
2026-09-02 02:16:54.597839 RFHAL_KERNEL_BIN_TRACE_RX_OFF RX OFF -- AntPwr: -114, prev W/NBPM: -93, -115, TF|AltADC|DCI/Q(Q5): 0x001a0b, s: 54224, e: 115824
2026-09-02 02:16:54.603027 RFHAL_KERNEL_BIN_TRACE_RX_ON RX ON -- AntPwr: -115, FreqCtrl: 0x380d5700, OF|AnaGi|AdcAttn|BQ|BWs: 0x07000700, dsp_corr: -6141
2026-09-02 02:16:54.603851 RFHAL_KERNEL_BIN_TRACE_RX_OFF RX OFF -- AntPwr: -115, prev W/NBPM: -93, -114, TF|AltADC|DCI/Q(Q5): 0x001a0b, s: 54229, e: 115829
2026-09-02 02:16:54.607025 RFHAL_KERNEL_BIN_TRACE_RX_ON RX ON -- AntPwr: -114, FreqCtrl: 0x380d5700, OF|AnaGi|AdcAttn|BQ|BWs: 0x07000700, dsp_corr: -6141
2026-09-02 02:16:54.607849 RFHAL_KERNEL_BIN_TRACE_RX_OFF RX OFF -- AntPwr: -114, prev W/NBPM: -92, -114, TF|AltADC|DCI/Q(Q5): 0x001a0b, s: 54233, e: 115833
2026-09-02 02:16:54.617157 RFHAL_KERNEL_BIN_TRACE_RX_ON RX ON -- AntPwr: -104, FreqCtrl: 0x380d5700, OF|AnaGi|AdcAttn|BQ|BWs: 0x07000700, dsp_corr: -6887
2026-09-02 02:16:54.638153 RFHAL_KERNEL_BIN_TRACE_RX_OFF RX OFF -- AntPwr: -113, prev W/NBPM: -92, -115, TF|AltADC|DCI/Q(Q5): 0x001a0b, s: 563006, e: 2175806
2026-09-02 02:16:54.639648 L1_DEFAULT_INFO_NEIGHBOR_CELL_MEASUREMENTS earfcn: 229232, pci: 22, rsrp: -128, rsrq: -14
2026-09-02 02:16:54.647827 RFHAL_KERNEL_BIN_TRACE_RX_ON RX ON -- AntPwr: -113, FreqCtrl: 0x380d5700, OF|AnaGi|AdcAttn|BQ|BWs: 0x07000700, dsp_corr: -6899
2026-09-02 02:16:54.648834 RFHAL_KERNEL_BIN_TRACE_RX_OFF RX OFF -- AntPwr: -113, prev W/NBPM: -93, -113, TF|AltADC|DCI/Q(Q5): 0x001a0b, s: 38143, e: 114946
2026-09-02 02:16:54.652832 RFHAL_KERNEL_BIN_TRACE_RX_ON RX ON -- AntPwr: -114, FreqCtrl: 0x380d5700, OF|AnaGi|AdcAttn|BQ|BWs: 0x07000700, dsp_corr: -6900
2026-09-02 02:16:54.653839 RFHAL_KERNEL_BIN_TRACE_RX_OFF RX OFF -- AntPwr: -114, prev W/NBPM: -93, -114, TF|AltADC|DCI/Q(Q5): 0x001a0b, s: 39304, e: 116107
2026-09-02 02:16:54.657836 RFHAL_KERNEL_BIN_TRACE_RX_ON RX ON -- AntPwr: -114, FreqCtrl: 0x380d5700, OF|AnaGi|AdcAttn|BQ|BWs: 0x07000700, dsp_corr: -6891
2026-09-02 02:16:54.658844 RFHAL_KERNEL_BIN_TRACE_RX_OFF RX OFF -- AntPwr: -114, prev W/NBPM: -93, -117, TF|AltADC|DCI/Q(Q5): 0x001a0b, s: 39267, e: 116070
2026-09-02 02:16:54.662841 RFHAL_KERNEL_BIN_TRACE_RX_ON RX ON -- AntPwr: -114, FreqCtrl: 0x380d5700, OF|AnaGi|AdcAttn|BQ|BWs: 0x07000700, dsp_corr: -6893
2026-09-02 02:16:54.663848 RFHAL_KERNEL_BIN_TRACE_RX_OFF RX OFF -- AntPwr: -114, prev W/NBPM: -93, -113, TF|AltADC|DCI/Q(Q5): 0x001a0b, s: 38242, e: 115045
2026-09-02 02:16:54.666839 RFHAL_KERNEL_BIN_TRACE_RX_ON RX ON -- AntPwr: -114, FreqCtrl: 0x380d5700, OF|AnaGi|AdcAttn|BQ|BWs: 0x07000700, dsp_corr: -6885
2026-09-02 02:16:54.668823 RFHAL_KERNEL_BIN_TRACE_RX_OFF RX OFF -- AntPwr: -116, prev W/NBPM: -93, -116, TF|AltADC|DCI/Q(Q5): 0x001a0b, s: 40060, e: 193663
2026-09-02 02:16:54.669036 L1_DCI_DEC_NBIOT_MIB_EARFCN_PRESENT current earfcn:229232, lsb of earfcn:0
2026-09-02 02:16:54.669067 L1_DCI_DEC_NBIOT_MIB_DECODE modem: sib1br_tbs:3, value_tag:0, ab_enabled:0, operation_mode:3, channel_raster_offset:0*2.5kHz, num_crs_port:0
2026-09-02 02:16:54.669097 L1_PEER_MSG_MIB_NB MasterInformationBlock-NB [74c0c04000]
2026-09-02 02:16:55.023040 RFHAL_KERNEL_BIN_TRACE_RX_ON RX ON -- AntPwr: -114, FreqCtrl: 0x380d5700, OF|AnaGi|AdcAttn|BQ|BWs: 0x07000700, dsp_corr: -6989
2026-09-02 02:16:55.023864 RFHAL_KERNEL_BIN_TRACE_RX_OFF RX OFF -- AntPwr: -114, prev W/NBPM: -93, -112, TF|AltADC|DCI/Q(Q5): 0x001a0b, s: 94474, e: 156074
2026-09-02 02:16:55.027038 RFHAL_KERNEL_BIN_TRACE_RX_ON RX ON -- AntPwr: -112, FreqCtrl: 0x380d5700, OF|AnaGi|AdcAttn|BQ|BWs: 0x07000700, dsp_corr: -6990
2026-09-02 02:16:55.027893 RFHAL_KERNEL_BIN_TRACE_RX_OFF RX OFF -- AntPwr: -112, prev W/NBPM: -93, -113, TF|AltADC|DCI/Q(Q5): 0x001a0b, s: 54848, e: 119008
2026-09-02 02:16:55.033050 RFHAL_KERNEL_BIN_TRACE_RX_ON RX ON -- AntPwr: -113, FreqCtrl: 0x380d5700, OF|AnaGi|AdcAttn|BQ|BWs: 0x07000700, dsp_corr: -6992
2026-09-02 02:16:55.033874 RFHAL_KERNEL_BIN_TRACE_RX_OFF RX OFF -- AntPwr: -113, prev W/NBPM: -93, -112, TF|AltADC|DCI/Q(Q5): 0x001a0b, s: 54717, e: 118877
2026-09-02 02:16:55.043029 RFHAL_KERNEL_BIN_TRACE_RX_ON RX ON -- AntPwr: -112, FreqCtrl: 0x380d5700, OF|AnaGi|AdcAttn|BQ|BWs: 0x07000700, dsp_corr: -6995
2026-09-02 02:16:55.043884 RFHAL_KERNEL_BIN_TRACE_RX_OFF RX OFF -- AntPwr: -112, prev W/NBPM: -93, -113, TF|AltADC|DCI/Q(Q5): 0x001a0b, s: 54709, e: 118869
2026-09-02 02:16:55.047027 RFHAL_KERNEL_BIN_TRACE_RX_ON RX ON -- AntPwr: -113, FreqCtrl: 0x380d5700, OF|AnaGi|AdcAttn|BQ|BWs: 0x07000700, dsp_corr: -6996
2026-09-02 02:16:55.047882 RFHAL_KERNEL_BIN_TRACE_RX_OFF RX OFF -- AntPwr: -113, prev W/NBPM: -93, -112, TF|AltADC|DCI/Q(Q5): 0x001a0b, s: 55730, e: 119890
2026-09-02 02:16:55.053039 RFHAL_KERNEL_BIN_TRACE_RX_ON RX ON -- AntPwr: -112, FreqCtrl: 0x380d5700, OF|AnaGi|AdcAttn|BQ|BWs: 0x07000700, dsp_corr: -6998
2026-09-02 02:16:55.053863 RFHAL_KERNEL_BIN_TRACE_RX_OFF RX OFF -- AntPwr: -112, prev W/NBPM: -93, -112, TF|AltADC|DCI/Q(Q5): 0x001a0b, s: 54717, e: 118877
2026-09-02 02:16:55.063049 RFHAL_KERNEL_BIN_TRACE_RX_ON RX ON -- AntPwr: -112, FreqCtrl: 0x380d5700, OF|AnaGi|AdcAttn|BQ|BWs: 0x07000700, dsp_corr: -7000
2026-09-02 02:16:55.063873 RFHAL_KERNEL_BIN_TRACE_RX_OFF RX OFF -- AntPwr: -112, prev W/NBPM: -93, -113, TF|AltADC|DCI/Q(Q5): 0x001a0b, s: 54708, e: 118868
2026-09-02 02:16:55.067047 RFHAL_KERNEL_BIN_TRACE_RX_ON RX ON -- AntPwr: -113, FreqCtrl: 0x380d5700, OF|AnaGi|AdcAttn|BQ|BWs: 0x07000700, dsp_corr: -7001
2026-09-02 02:16:55.067901 RFHAL_KERNEL_BIN_TRACE_RX_OFF RX OFF -- AntPwr: -113, prev W/NBPM: -93, -112, TF|AltADC|DCI/Q(Q5): 0x001a0b, s: 55733, e: 119893
2026-09-02 02:16:55.073028 RFHAL_KERNEL_BIN_TRACE_RX_ON RX ON -- AntPwr: -112, FreqCtrl: 0x380d5700, OF|AnaGi|AdcAttn|BQ|BWs: 0x07000700, dsp_corr: -7003
2026-09-02 02:16:55.073883 RFHAL_KERNEL_BIN_TRACE_RX_OFF RX OFF -- AntPwr: -112, prev W/NBPM: -93, -112, TF|AltADC|DCI/Q(Q5): 0x001a0b, s: 54718, e: 118878
2026-09-02 02:16:55.083038 RFHAL_KERNEL_BIN_TRACE_RX_ON RX ON -- AntPwr: -112, FreqCtrl: 0x380d5700, OF|AnaGi|AdcAttn|BQ|BWs: 0x07000700, dsp_corr: -7006
2026-09-02 02:16:55.083862 RFHAL_KERNEL_BIN_TRACE_RX_OFF RX OFF -- AntPwr: -112, prev W/NBPM: -93, -113, TF|AltADC|DCI/Q(Q5): 0x001a0b, s: 54708, e: 118868
2026-09-02 02:16:55.087036 RFHAL_KERNEL_BIN_TRACE_RX_ON RX ON -- AntPwr: -113, FreqCtrl: 0x380d5700, OF|AnaGi|AdcAttn|BQ|BWs: 0x07000700, dsp_corr: -7007
2026-09-02 02:16:55.087890 RFHAL_KERNEL_BIN_TRACE_RX_OFF RX OFF -- AntPwr: -113, prev W/NBPM: -93, -113, TF|AltADC|DCI/Q(Q5): 0x001a0b, s: 55732, e: 119892
2026-09-02 02:16:55.093048 RFHAL_KERNEL_BIN_TRACE_RX_ON RX ON -- AntPwr: -113, FreqCtrl: 0x380d5700, OF|AnaGi|AdcAttn|BQ|BWs: 0x07000700, dsp_corr: -7009
2026-09-02 02:16:55.093872 RFHAL_KERNEL_BIN_TRACE_RX_OFF RX OFF -- AntPwr: -113, prev W/NBPM: -92, -113, TF|AltADC|DCI/Q(Q5): 0x001a0b, s: 54715, e: 118875
2026-09-02 02:16:55.103027 RFHAL_KERNEL_BIN_TRACE_RX_ON RX ON -- AntPwr: -113, FreqCtrl: 0x380d5700, OF|AnaGi|AdcAttn|BQ|BWs: 0x07000700, dsp_corr: -7012
2026-09-02 02:16:55.103881 RFHAL_KERNEL_BIN_TRACE_RX_OFF RX OFF -- AntPwr: -113, prev W/NBPM: -93, -113, TF|AltADC|DCI/Q(Q5): 0x001a0b, s: 54708, e: 118868
2026-09-02 02:16:55.197845 RFHAL_KERNEL_BIN_TRACE_RX_ON RX ON -- AntPwr: -113, FreqCtrl: 0x380d5700, OF|AnaGi|AdcAttn|BQ|BWs: 0x07000700, dsp_corr: -7049
2026-09-02 02:16:55.198852 RFHAL_KERNEL_BIN_TRACE_RX_OFF RX OFF -- AntPwr: -113, prev W/NBPM: -93, -113, TF|AltADC|DCI/Q(Q5): 0x001a0b, s: 38175, e: 114978
2026-09-02 02:16:55.201843 RFHAL_KERNEL_BIN_TRACE_RX_ON RX ON -- AntPwr: -113, FreqCtrl: 0x380d5700, OF|AnaGi|AdcAttn|BQ|BWs: 0x07000700, dsp_corr: -7050
2026-09-02 02:16:55.203857 RFHAL_KERNEL_BIN_TRACE_RX_OFF RX OFF -- AntPwr: -113, prev W/NBPM: -93, -113, TF|AltADC|DCI/Q(Q5): 0x001a0b, s: 39975, e: 193578
2026-09-02 02:16:55.206848 RFHAL_KERNEL_BIN_TRACE_RX_ON RX ON -- AntPwr: -113, FreqCtrl: 0x380d5700, OF|AnaGi|AdcAttn|BQ|BWs: 0x07000700, dsp_corr: -7042
2026-09-02 02:16:55.208862 RFHAL_KERNEL_BIN_TRACE_RX_OFF RX OFF -- AntPwr: -113, prev W/NBPM: -93, -113, TF|AltADC|DCI/Q(Q5): 0x001a0b, s: 40053, e: 193656
2026-09-02 02:16:55.211853 RFHAL_KERNEL_BIN_TRACE_RX_ON RX ON -- AntPwr: -114, FreqCtrl: 0x380d5700, OF|AnaGi|AdcAttn|BQ|BWs: 0x07000700, dsp_corr: -7044
2026-09-02 02:16:55.213867 RFHAL_KERNEL_BIN_TRACE_RX_OFF RX OFF -- AntPwr: -112, prev W/NBPM: -93, -112, TF|AltADC|DCI/Q(Q5): 0x001a0b, s: 38857, e: 192460
2026-09-02 02:16:55.216857 RFHAL_KERNEL_BIN_TRACE_RX_ON RX ON -- AntPwr: -114, FreqCtrl: 0x380d5700, OF|AnaGi|AdcAttn|BQ|BWs: 0x07000700, dsp_corr: -7035
2026-09-02 02:16:55.218841 RFHAL_KERNEL_BIN_TRACE_RX_OFF RX OFF -- AntPwr: -114, prev W/NBPM: -93, -114, TF|AltADC|DCI/Q(Q5): 0x001a0b, s: 40053, e: 193656
2026-09-02 02:16:55.221862 RFHAL_KERNEL_BIN_TRACE_RX_ON RX ON -- AntPwr: -114, FreqCtrl: 0x380d5700, OF|AnaGi|AdcAttn|BQ|BWs: 0x07000700, dsp_corr: -7037
2026-09-02 02:16:55.223846 RFHAL_KERNEL_BIN_TRACE_RX_OFF RX OFF -- AntPwr: -114, prev W/NBPM: -93, -114, TF|AltADC|DCI/Q(Q5): 0x001a0b, s: 39989, e: 193592
2026-09-02 02:16:55.226837 RFHAL_KERNEL_BIN_TRACE_RX_ON RX ON -- AntPwr: -114, FreqCtrl: 0x380d5700, OF|AnaGi|AdcAttn|BQ|BWs: 0x07000700, dsp_corr: -7048
2026-09-02 02:16:55.228851 RFHAL_KERNEL_BIN_TRACE_RX_OFF RX OFF -- AntPwr: -113, prev W/NBPM: -93, -113, TF|AltADC|DCI/Q(Q5): 0x001a0b, s: 39995, e: 193598
2026-09-02 02:16:55.231842 RFHAL_KERNEL_BIN_TRACE_RX_ON RX ON -- AntPwr: -114, FreqCtrl: 0x380d5700, OF|AnaGi|AdcAttn|BQ|BWs: 0x07000700, dsp_corr: -7049
2026-09-02 02:16:55.233886 RFHAL_KERNEL_BIN_TRACE_RX_OFF RX OFF -- AntPwr: -113, prev W/NBPM: -93, -113, TF|AltADC|DCI/Q(Q5): 0x001a0b, s: 40055, e: 193658
2026-09-02 02:16:55.236846 RFHAL_KERNEL_BIN_TRACE_RX_ON RX ON -- AntPwr: -114, FreqCtrl: 0x380d5700, OF|AnaGi|AdcAttn|BQ|BWs: 0x07000700, dsp_corr: -7060
2026-09-02 02:16:55.238861 RFHAL_KERNEL_BIN_TRACE_RX_OFF RX OFF -- AntPwr: -112, prev W/NBPM: -93, -112, TF|AltADC|DCI/Q(Q5): 0x001a0b, s: 38856, e: 192459
2026-09-02 02:16:55.241851 RFHAL_KERNEL_BIN_TRACE_RX_ON RX ON -- AntPwr: -114, FreqCtrl: 0x380d5700, OF|AnaGi|AdcAttn|BQ|BWs: 0x07000700, dsp_corr: -7061
2026-09-02 02:16:55.243866 RFHAL_KERNEL_BIN_TRACE_RX_OFF RX OFF -- AntPwr: -112, prev W/NBPM: -93, -112, TF|AltADC|DCI/Q(Q5): 0x001a0b, s: 39992, e: 193595
2026-09-02 02:16:55.246856 RFHAL_KERNEL_BIN_TRACE_RX_ON RX ON -- AntPwr: -114, FreqCtrl: 0x380d5700, OF|AnaGi|AdcAttn|BQ|BWs: 0x07000700, dsp_corr: -7073
2026-09-02 02:16:55.248870 RFHAL_KERNEL_BIN_TRACE_RX_OFF RX OFF -- AntPwr: -112, prev W/NBPM: -92, -112, TF|AltADC|DCI/Q(Q5): 0x001a0b, s: 40058, e: 193661
2026-09-02 02:16:55.251861 RFHAL_KERNEL_BIN_TRACE_RX_ON RX ON -- AntPwr: -114, FreqCtrl: 0x380d5700, OF|AnaGi|AdcAttn|BQ|BWs: 0x07000700, dsp_corr: -7074
2026-09-02 02:16:55.253875 RFHAL_KERNEL_BIN_TRACE_RX_OFF RX OFF -- AntPwr: -112, prev W/NBPM: -93, -112, TF|AltADC|DCI/Q(Q5): 0x001a0b, s: 39995, e: 193598
2026-09-02 02:16:55.256866 RFHAL_KERNEL_BIN_TRACE_RX_ON RX ON -- AntPwr: -114, FreqCtrl: 0x380d5700, OF|AnaGi|AdcAttn|BQ|BWs: 0x07000700, dsp_corr: -7065
2026-09-02 02:16:55.258850 RFHAL_KERNEL_BIN_TRACE_RX_OFF RX OFF -- AntPwr: -112, prev W/NBPM: -93, -112, TF|AltADC|DCI/Q(Q5): 0x001a0b, s: 40056, e: 193659
2026-09-02 02:16:55.261840 RFHAL_KERNEL_BIN_TRACE_RX_ON RX ON -- AntPwr: -113, FreqCtrl: 0x380d5700, OF|AnaGi|AdcAttn|BQ|BWs: 0x07000700, dsp_corr: -7067
2026-09-02 02:16:55.263855 RFHAL_KERNEL_BIN_TRACE_RX_OFF RX OFF -- AntPwr: -113, prev W/NBPM: -93, -113, TF|AltADC|DCI/Q(Q5): 0x001a0b, s: 38800, e: 192403
2026-09-02 02:16:55.266845 RFHAL_KERNEL_BIN_TRACE_RX_ON RX ON -- AntPwr: -113, FreqCtrl: 0x380d5700, OF|AnaGi|AdcAttn|BQ|BWs: 0x07000700, dsp_corr: -7068
2026-09-02 02:16:55.268859 RFHAL_KERNEL_BIN_TRACE_RX_OFF RX OFF -- AntPwr: -113, prev W/NBPM: -93, -113, TF|AltADC|DCI/Q(Q5): 0x001a0b, s: 40060, e: 193663
2026-09-02 02:16:55.271850 RFHAL_KERNEL_BIN_TRACE_RX_ON RX ON -- AntPwr: -114, FreqCtrl: 0x380d5700, OF|AnaGi|AdcAttn|BQ|BWs: 0x07000700, dsp_corr: -7070
2026-09-02 02:16:55.273864 RFHAL_KERNEL_BIN_TRACE_RX_OFF RX OFF -- AntPwr: -112, prev W/NBPM: -93, -112, TF|AltADC|DCI/Q(Q5): 0x001a0b, s: 40051, e: 193654
2026-09-02 02:16:55.276855 RFHAL_KERNEL_BIN_TRACE_RX_ON RX ON -- AntPwr: -114, FreqCtrl: 0x380d5700, OF|AnaGi|AdcAttn|BQ|BWs: 0x07000700, dsp_corr: -7062
2026-09-02 02:16:55.278869 RFHAL_KERNEL_BIN_TRACE_RX_OFF RX OFF -- AntPwr: -113, prev W/NBPM: -93, -113, TF|AltADC|DCI/Q(Q5): 0x001a0b, s: 39989, e: 193592
2026-09-02 02:16:55.281860 RFHAL_KERNEL_BIN_TRACE_RX_ON RX ON -- AntPwr: -114, FreqCtrl: 0x380d5700, OF|AnaGi|AdcAttn|BQ|BWs: 0x07000700, dsp_corr: -7063
2026-09-02 02:16:55.283844 RFHAL_KERNEL_BIN_TRACE_RX_OFF RX OFF -- AntPwr: -113, prev W/NBPM: -93, -113, TF|AltADC|DCI/Q(Q5): 0x001a0b, s: 39991, e: 193594
2026-09-02 02:16:55.286865 RFHAL_KERNEL_BIN_TRACE_RX_ON RX ON -- AntPwr: -114, FreqCtrl: 0x380d5700, OF|AnaGi|AdcAttn|BQ|BWs: 0x07000700, dsp_corr: -7074
2026-09-02 02:16:55.288848 RFHAL_KERNEL_BIN_TRACE_RX_OFF RX OFF -- AntPwr: -112, prev W/NBPM: -93, -112, TF|AltADC|DCI/Q(Q5): 0x001a0b, s: 38856, e: 192459
2026-09-02 02:16:55.291870 RFHAL_KERNEL_BIN_TRACE_RX_ON RX ON -- AntPwr: -114, FreqCtrl: 0x380d5700, OF|AnaGi|AdcAttn|BQ|BWs: 0x07000700, dsp_corr: -7075
2026-09-02 02:16:55.293884 RFHAL_KERNEL_BIN_TRACE_RX_OFF RX OFF -- AntPwr: -112, prev W/NBPM: -93, -112, TF|AltADC|DCI/Q(Q5): 0x001a0b, s: 40051, e: 193654
2026-09-02 02:16:55.296844 RFHAL_KERNEL_BIN_TRACE_RX_ON RX ON -- AntPwr: -114, FreqCtrl: 0x380d5700, OF|AnaGi|AdcAttn|BQ|BWs: 0x07000700, dsp_corr: -7077
2026-09-02 02:16:55.298858 RFHAL_KERNEL_BIN_TRACE_RX_OFF RX OFF -- AntPwr: -112, prev W/NBPM: -93, -112, TF|AltADC|DCI/Q(Q5): 0x001a0b, s: 40055, e: 193658
2026-09-02 02:16:55.301849 RFHAL_KERNEL_BIN_TRACE_RX_ON RX ON -- AntPwr: -114, FreqCtrl: 0x380d5700, OF|AnaGi|AdcAttn|BQ|BWs: 0x07000700, dsp_corr: -7079
2026-09-02 02:16:55.303863 RFHAL_KERNEL_BIN_TRACE_RX_OFF RX OFF -- AntPwr: -113, prev W/NBPM: -93, -113, TF|AltADC|DCI/Q(Q5): 0x001a0b, s: 39942, e: 193545
2026-09-02 02:16:55.306854 RFHAL_KERNEL_BIN_TRACE_RX_ON RX ON -- AntPwr: -114, FreqCtrl: 0x380d5700, OF|AnaGi|AdcAttn|BQ|BWs: 0x07000700, dsp_corr: -7090
2026-09-02 02:16:55.308868 RFHAL_KERNEL_BIN_TRACE_RX_OFF RX OFF -- AntPwr: -113, prev W/NBPM: -93, -113, TF|AltADC|DCI/Q(Q5): 0x001a0b, s: 40057, e: 193660
2026-09-02 02:16:55.311859 RFHAL_KERNEL_BIN_TRACE_RX_ON RX ON -- AntPwr: -114, FreqCtrl: 0x380d5700, OF|AnaGi|AdcAttn|BQ|BWs: 0x07000700, dsp_corr: -7092
2026-09-02 02:16:55.313873 RFHAL_KERNEL_BIN_TRACE_RX_OFF RX OFF -- AntPwr: -113, prev W/NBPM: -93, -113, TF|AltADC|DCI/Q(Q5): 0x001a0b, s: 38857, e: 192460
2026-09-02 02:16:55.316864 RFHAL_KERNEL_BIN_TRACE_RX_ON RX ON -- AntPwr: -114, FreqCtrl: 0x380d5700, OF|AnaGi|AdcAttn|BQ|BWs: 0x07000700, dsp_corr: -7093
2026-09-02 02:16:55.318847 RFHAL_KERNEL_BIN_TRACE_RX_OFF RX OFF -- AntPwr: -114, prev W/NBPM: -93, -114, TF|AltADC|DCI/Q(Q5): 0x001a0b, s: 40057, e: 193660
2026-09-02 02:16:55.321868 RFHAL_KERNEL_BIN_TRACE_RX_ON RX ON -- AntPwr: -114, FreqCtrl: 0x380d5700, OF|AnaGi|AdcAttn|BQ|BWs: 0x07000700, dsp_corr: -7095
2026-09-02 02:16:55.323852 RFHAL_KERNEL_BIN_TRACE_RX_OFF RX OFF -- AntPwr: -113, prev W/NBPM: -93, -113, TF|AltADC|DCI/Q(Q5): 0x001a0b, s: 39996, e: 193599
2026-09-02 02:16:55.326843 RFHAL_KERNEL_BIN_TRACE_RX_ON RX ON -- AntPwr: -114, FreqCtrl: 0x380d5700, OF|AnaGi|AdcAttn|BQ|BWs: 0x07000700, dsp_corr: -7086
2026-09-02 02:16:55.328857 RFHAL_KERNEL_BIN_TRACE_RX_OFF RX OFF -- AntPwr: -113, prev W/NBPM: -93, -113, TF|AltADC|DCI/Q(Q5): 0x001a0b, s: 39994, e: 193597
2026-09-02 02:16:55.331848 RFHAL_KERNEL_BIN_TRACE_RX_ON RX ON -- AntPwr: -114, FreqCtrl: 0x380d5700, OF|AnaGi|AdcAttn|BQ|BWs: 0x07000700, dsp_corr: -7087
2026-09-02 02:16:55.333862 RFHAL_KERNEL_BIN_TRACE_RX_OFF RX OFF -- AntPwr: -115, prev W/NBPM: -93, -115, TF|AltADC|DCI/Q(Q5): 0x001a0b, s: 40049, e: 193652
2026-09-02 02:16:55.336853 RFHAL_KERNEL_BIN_TRACE_RX_ON RX ON -- AntPwr: -114, FreqCtrl: 0x380d5700, OF|AnaGi|AdcAttn|BQ|BWs: 0x07000700, dsp_corr: -7089
2026-09-02 02:16:55.338867 RFHAL_KERNEL_BIN_TRACE_RX_OFF RX OFF -- AntPwr: -113, prev W/NBPM: -93, -113, TF|AltADC|DCI/Q(Q5): 0x001a0b, s: 38856, e: 192459
2026-09-02 02:16:55.341857 RFHAL_KERNEL_BIN_TRACE_RX_ON RX ON -- AntPwr: -114, FreqCtrl: 0x380d5700, OF|AnaGi|AdcAttn|BQ|BWs: 0x07000700, dsp_corr: -7090
2026-09-02 02:16:55.343872 RFHAL_KERNEL_BIN_TRACE_RX_OFF RX OFF -- AntPwr: -113, prev W/NBPM: -92, -113, TF|AltADC|DCI/Q(Q5): 0x001a0b, s: 39582, e: 193185
2026-09-02 02:16:55.345581 ERRC_PDU_TYPE_BCCH_SIB1_NB ERRC PDU: SystemInformationBlockType1-NB
2026-09-02 02:16:55.345581 ERRC_PEER_MSG_NB_SIB1 System Information Block 1 (SIB1-NB) [4054c0c80a5e00020000002000ff4008a0040030482ad2143640000000000000000000000000000000]
2026-09-02 02:16:55.346344 ERRC_PDU_TYPE_BCCH_SI_NB ERRC PDU: SystemInformation-NB
2026-09-02 02:16:55.346344 ERRC_PEER_MSG_NB_SI System Information (SI-NB) [004240217fffe0074a0da00201929020a23302a2934b14c0000dc85040710001803c22005006000000018200e400000000000000000000]
2026-09-02 02:16:55.503082 RFHAL_KERNEL_BIN_TRACE_RX_ON RX ON -- AntPwr: -114, FreqCtrl: 0x380d5700, OF|AnaGi|AdcAttn|BQ|BWs: 0x07000700, dsp_corr: -7128
2026-09-02 02:16:55.503875 RFHAL_KERNEL_BIN_TRACE_RX_OFF RX OFF -- AntPwr: -114, prev W/NBPM: -93, -114, TF|AltADC|DCI/Q(Q5): 0x001a0b, s: 95000, e: 156600
2026-09-02 02:16:55.507049 RFHAL_KERNEL_BIN_TRACE_RX_ON RX ON -- AntPwr: -114, FreqCtrl: 0x380d5700, OF|AnaGi|AdcAttn|BQ|BWs: 0x07000700, dsp_corr: -7129
2026-09-02 02:16:55.507904 RFHAL_KERNEL_BIN_TRACE_RX_OFF RX OFF -- AntPwr: -114, prev W/NBPM: -93, -114, TF|AltADC|DCI/Q(Q5): 0x001a0b, s: 54466, e: 118626
2026-09-02 02:16:55.513061 RFHAL_KERNEL_BIN_TRACE_RX_ON RX ON -- AntPwr: -114, FreqCtrl: 0x380d5700, OF|AnaGi|AdcAttn|BQ|BWs: 0x07000700, dsp_corr: -7131
2026-09-02 02:16:55.513885 RFHAL_KERNEL_BIN_TRACE_RX_OFF RX OFF -- AntPwr: -114, prev W/NBPM: -92, -114, TF|AltADC|DCI/Q(Q5): 0x001a0b, s: 54339, e: 118499
2026-09-02 02:16:55.523040 RFHAL_KERNEL_BIN_TRACE_RX_ON RX ON -- AntPwr: -114, FreqCtrl: 0x380d5700, OF|AnaGi|AdcAttn|BQ|BWs: 0x07000700, dsp_corr: -7134
2026-09-02 02:16:55.523895 RFHAL_KERNEL_BIN_TRACE_RX_OFF RX OFF -- AntPwr: -114, prev W/NBPM: -94, -114, TF|AltADC|DCI/Q(Q5): 0x001a0b, s: 54329, e: 118489
2026-09-02 02:16:55.527069 RFHAL_KERNEL_BIN_TRACE_RX_ON RX ON -- AntPwr: -114, FreqCtrl: 0x380d5700, OF|AnaGi|AdcAttn|BQ|BWs: 0x07000700, dsp_corr: -7135
2026-09-02 02:16:55.527923 RFHAL_KERNEL_BIN_TRACE_RX_OFF RX OFF -- AntPwr: -114, prev W/NBPM: -93, -114, TF|AltADC|DCI/Q(Q5): 0x001a0b, s: 55352, e: 119512
2026-09-02 02:16:55.533050 RFHAL_KERNEL_BIN_TRACE_RX_ON RX ON -- AntPwr: -114, FreqCtrl: 0x380d5700, OF|AnaGi|AdcAttn|BQ|BWs: 0x07000700, dsp_corr: -7137
2026-09-02 02:16:55.533905 RFHAL_KERNEL_BIN_TRACE_RX_OFF RX OFF -- AntPwr: -114, prev W/NBPM: -92, -114, TF|AltADC|DCI/Q(Q5): 0x001a0b, s: 54337, e: 118497
2026-09-02 02:16:55.543060 RFHAL_KERNEL_BIN_TRACE_RX_ON RX ON -- AntPwr: -114, FreqCtrl: 0x380d5700, OF|AnaGi|AdcAttn|BQ|BWs: 0x07000700, dsp_corr: -7140
2026-09-02 02:16:55.543884 RFHAL_KERNEL_BIN_TRACE_RX_OFF RX OFF -- AntPwr: -114, prev W/NBPM: -93, -113, TF|AltADC|DCI/Q(Q5): 0x001a0b, s: 54324, e: 118484
2026-09-02 02:16:55.547058 RFHAL_KERNEL_BIN_TRACE_RX_ON RX ON -- AntPwr: -113, FreqCtrl: 0x380d5700, OF|AnaGi|AdcAttn|BQ|BWs: 0x07000700, dsp_corr: -7141
2026-09-02 02:16:55.547912 RFHAL_KERNEL_BIN_TRACE_RX_OFF RX OFF -- AntPwr: -113, prev W/NBPM: -93, -112, TF|AltADC|DCI/Q(Q5): 0x001a0b, s: 55350, e: 119510
2026-09-02 02:16:55.553070 RFHAL_KERNEL_BIN_TRACE_RX_ON RX ON -- AntPwr: -112, FreqCtrl: 0x380d5700, OF|AnaGi|AdcAttn|BQ|BWs: 0x07000700, dsp_corr: -7142
2026-09-02 02:16:55.553894 RFHAL_KERNEL_BIN_TRACE_RX_OFF RX OFF -- AntPwr: -112, prev W/NBPM: -93, -113, TF|AltADC|DCI/Q(Q5): 0x001a0b, s: 54335, e: 118495
2026-09-02 02:16:55.563049 RFHAL_KERNEL_BIN_TRACE_RX_ON RX ON -- AntPwr: -113, FreqCtrl: 0x380d5700, OF|AnaGi|AdcAttn|BQ|BWs: 0x07000700, dsp_corr: -7145
2026-09-02 02:16:55.563903 RFHAL_KERNEL_BIN_TRACE_RX_OFF RX OFF -- AntPwr: -113, prev W/NBPM: -93, -112, TF|AltADC|DCI/Q(Q5): 0x001a0b, s: 54325, e: 118485
2026-09-02 02:16:55.567047 RFHAL_KERNEL_BIN_TRACE_RX_ON RX ON -- AntPwr: -112, FreqCtrl: 0x380d5700, OF|AnaGi|AdcAttn|BQ|BWs: 0x07000700, dsp_corr: -7146
2026-09-02 02:16:55.567901 RFHAL_KERNEL_BIN_TRACE_RX_OFF RX OFF -- AntPwr: -112, prev W/NBPM: -93, -113, TF|AltADC|DCI/Q(Q5): 0x001a0b, s: 55347, e: 119507
2026-09-02 02:16:55.573059 RFHAL_KERNEL_BIN_TRACE_RX_ON RX ON -- AntPwr: -113, FreqCtrl: 0x380d5700, OF|AnaGi|AdcAttn|BQ|BWs: 0x07000700, dsp_corr: -7148
2026-09-02 02:16:55.573883 RFHAL_KERNEL_BIN_TRACE_RX_OFF RX OFF -- AntPwr: -113, prev W/NBPM: -92, -114, TF|AltADC|DCI/Q(Q5): 0x001a0b, s: 54334, e: 118494
2026-09-02 02:16:55.583068 RFHAL_KERNEL_BIN_TRACE_RX_ON RX ON -- AntPwr: -114, FreqCtrl: 0x380d5700, OF|AnaGi|AdcAttn|BQ|BWs: 0x07000700, dsp_corr: -7151
2026-09-02 02:16:55.583892 RFHAL_KERNEL_BIN_TRACE_RX_OFF RX OFF -- AntPwr: -114, prev W/NBPM: -93, -113, TF|AltADC|DCI/Q(Q5): 0x001a0b, s: 54321, e: 118481
2026-09-02 02:16:55.668853 RFHAL_KERNEL_BIN_TRACE_RX_ON RX ON -- AntPwr: -113, FreqCtrl: 0x380d5700, OF|AnaGi|AdcAttn|BQ|BWs: 0x07000700, dsp_corr: -7165
2026-09-02 02:16:55.690887 RFHAL_KERNEL_BIN_TRACE_RX_OFF RX OFF -- AntPwr: -116, prev W/NBPM: -93, -113, TF|AltADC|DCI/Q(Q5): 0x001a0b, s: 37527, e: 1727130
2026-09-02 02:16:55.692413 ERRC_PDU_TYPE_BCCH_SI_NB ERRC PDU: SystemInformation-NB
2026-09-02 02:16:55.692413 ERRC_PEER_MSG_NB_SI System Information (SI-NB) [002145c08b289b9c7b0ae76468f23e76428a7ac0f800000140a0000000000000000000000000000000]
2026-09-02 02:16:55.694732 L1_DEFAULT_INFO_PAGING_DRX earfcn 229232 pci: 22 ue_id: 47 paging_cycle: 128 drx_sys_frame_num_offset: 47 drx_sub_frame_num_offset: 0 drx_nb: 0
2026-09-02 02:16:55.694824 L1_DEFAULT_INFO_SERVING_CELL_MEASUREMENTS earfcn: 229232, pci: 22, rsrp: -131, rsrq: -15, SNR: -4
2026-09-02 02:16:55.695617 L23_ERRC_3GPP_TIMER_START 11 START, timeout 1000 ms
2026-09-02 02:16:55.695648 L23_DEFAULT_INFO_SCELL_ID plmn_id: 90197, band_indicator: 256, tracking_area_code: 1, cell_id: 1
2026-09-02 02:16:55.695648 L23_ERRC_3GPP_TIMER_START 12 START, timeout 86400000 ms
2026-09-02 02:16:55.695861 L23_DEFAULT_INFO_RRCSTATECHANGEEVENT RRC State: 2
2026-09-02 02:16:55.697418 NAS_PDU_CONTROL_SERVICE_REQUEST_W_NAS_PDU_ESM_DATA_TRANSPORT CONTROL PLANE SERVICE REQUEST(ESM DATA TRANSPORT) [570000000000074d0078006a5200eb00654500006500030000ff116e666450000340b5a816e854138d00513d2d3335393430343233353436383933322c2c343833342c392c3235362c302c39303139372c2d33302e30332c2d35312e32312c392c39392e39392c32382c3939392e39392c39392e393957022000]
2026-09-02 02:16:55.697509 L23_DEFAULT_INFO_EMM_STATE_VALUE emm_state: 6, emm_substate: 0
2026-09-02 02:16:55.698272 L1_DEFAULT_INFO_SERVING_CELL_MEASUREMENTS earfcn: 229232, pci: 22, rsrp: -131, rsrq: -15, SNR: -4
2026-09-02 02:16:55.703613 RFHAL_KERNEL_BIN_TRACE_RX_ON RX ON -- AntPwr: -104, FreqCtrl: 0x380d5700, OF|AnaGi|AdcAttn|BQ|BWs: 0x07000700, dsp_corr: -7180
2026-09-02 02:16:55.724609 RFHAL_KERNEL_BIN_TRACE_RX_OFF RX OFF -- AntPwr: -112, prev W/NBPM: -93, -113, TF|AltADC|DCI/Q(Q5): 0x001a0b, s: 562995, e: 2175795
2026-09-02 02:16:55.727569 L23_DEFAULT_INFO_RRCSTATECHANGEEVENT RRC State: 3
2026-09-02 02:16:55.727630 L23_ERRC_3GPP_TIMER_START 0 START, timeout 2500 ms
2026-09-02 02:16:55.728881 RFHAL_KERNEL_BIN_TRACE_RX_ON RX ON -- AntPwr: -116, FreqCtrl: 0x380d5700, OF|AnaGi|AdcAttn|BQ|BWs: 0x07000700, dsp_corr: -7191
2026-09-02 02:16:55.767974 L1_DEFAULT_INFO_SERVING_CELL_MEASUREMENTS earfcn: 229232, pci: 22, rsrp: -131, rsrq: -15, SNR: -4
2026-09-02 02:16:55.768890 RFHAL_KERNEL_BIN_TRACE_RX_OFF RX OFF -- AntPwr: -115, prev W/NBPM: -93, -114, TF|AltADC|DCI/Q(Q5): 0x001a0b, s: 39771, e: 3111774
2026-09-02 02:16:56.043090 RFHAL_KERNEL_BIN_TRACE_RX_ON RX ON -- AntPwr: -115, FreqCtrl: 0x380d5700, OF|AnaGi|AdcAttn|BQ|BWs: 0x07000700, dsp_corr: -7292
2026-09-02 02:16:56.043884 RFHAL_KERNEL_BIN_TRACE_RX_OFF RX OFF -- AntPwr: -115, prev W/NBPM: -93, -115, TF|AltADC|DCI/Q(Q5): 0x001a0b, s: 96557, e: 158157
2026-09-02 02:16:56.047088 RFHAL_KERNEL_BIN_TRACE_RX_ON RX ON -- AntPwr: -115, FreqCtrl: 0x380d5700, OF|AnaGi|AdcAttn|BQ|BWs: 0x07000700, dsp_corr: -7293
2026-09-02 02:16:56.047943 RFHAL_KERNEL_BIN_TRACE_RX_OFF RX OFF -- AntPwr: -115, prev W/NBPM: -93, -115, TF|AltADC|DCI/Q(Q5): 0x001a0b, s: 54970, e: 119130
2026-09-02 02:16:56.053070 RFHAL_KERNEL_BIN_TRACE_RX_ON RX ON -- AntPwr: -115, FreqCtrl: 0x380d5700, OF|AnaGi|AdcAttn|BQ|BWs: 0x07000700, dsp_corr: -7295
2026-09-02 02:16:56.053924 RFHAL_KERNEL_BIN_TRACE_RX_OFF RX OFF -- AntPwr: -115, prev W/NBPM: -93, -114, TF|AltADC|DCI/Q(Q5): 0x001a0b, s: 54830, e: 118990
2026-09-02 02:16:56.063079 RFHAL_KERNEL_BIN_TRACE_RX_ON RX ON -- AntPwr: -114, FreqCtrl: 0x380d5700, OF|AnaGi|AdcAttn|BQ|BWs: 0x07000700, dsp_corr: -7297
2026-09-02 02:16:56.063903 RFHAL_KERNEL_BIN_TRACE_RX_OFF RX OFF -- AntPwr: -114, prev W/NBPM: -93, -115, TF|AltADC|DCI/Q(Q5): 0x001a0b, s: 54819, e: 118979
2026-09-02 02:16:56.067077 RFHAL_KERNEL_BIN_TRACE_RX_ON RX ON -- AntPwr: -115, FreqCtrl: 0x380d5700, OF|AnaGi|AdcAttn|BQ|BWs: 0x07000700, dsp_corr: -7298
2026-09-02 02:16:56.067932 RFHAL_KERNEL_BIN_TRACE_RX_OFF RX OFF -- AntPwr: -115, prev W/NBPM: -93, -115, TF|AltADC|DCI/Q(Q5): 0x001a0b, s: 55851, e: 120011
2026-09-02 02:16:56.073089 RFHAL_KERNEL_BIN_TRACE_RX_ON RX ON -- AntPwr: -115, FreqCtrl: 0x380d5700, OF|AnaGi|AdcAttn|BQ|BWs: 0x07000700, dsp_corr: -7300
2026-09-02 02:16:56.073913 RFHAL_KERNEL_BIN_TRACE_RX_OFF RX OFF -- AntPwr: -115, prev W/NBPM: -93, -114, TF|AltADC|DCI/Q(Q5): 0x001a0b, s: 54834, e: 118994
2026-09-02 02:16:56.083068 RFHAL_KERNEL_BIN_TRACE_RX_ON RX ON -- AntPwr: -114, FreqCtrl: 0x380d5700, OF|AnaGi|AdcAttn|BQ|BWs: 0x07000700, dsp_corr: -7303
2026-09-02 02:16:56.083923 RFHAL_KERNEL_BIN_TRACE_RX_OFF RX OFF -- AntPwr: -114, prev W/NBPM: -93, -115, TF|AltADC|DCI/Q(Q5): 0x001a0b, s: 54822, e: 118982
2026-09-02 02:16:56.087066 RFHAL_KERNEL_BIN_TRACE_RX_ON RX ON -- AntPwr: -115, FreqCtrl: 0x380d5700, OF|AnaGi|AdcAttn|BQ|BWs: 0x07000700, dsp_corr: -7304
2026-09-02 02:16:56.087921 RFHAL_KERNEL_BIN_TRACE_RX_OFF RX OFF -- AntPwr: -115, prev W/NBPM: -93, -114, TF|AltADC|DCI/Q(Q5): 0x001a0b, s: 55849, e: 120009
2026-09-02 02:16:56.093078 RFHAL_KERNEL_BIN_TRACE_RX_ON RX ON -- AntPwr: -114, FreqCtrl: 0x380d5700, OF|AnaGi|AdcAttn|BQ|BWs: 0x07000700, dsp_corr: -7306
2026-09-02 02:16:56.093902 RFHAL_KERNEL_BIN_TRACE_RX_OFF RX OFF -- AntPwr: -114, prev W/NBPM: -93, -115, TF|AltADC|DCI/Q(Q5): 0x001a0b, s: 54831, e: 118991
2026-09-02 02:16:56.103088 RFHAL_KERNEL_BIN_TRACE_RX_ON RX ON -- AntPwr: -115, FreqCtrl: 0x380d5700, OF|AnaGi|AdcAttn|BQ|BWs: 0x07000700, dsp_corr: -7309
2026-09-02 02:16:56.103912 RFHAL_KERNEL_BIN_TRACE_RX_OFF RX OFF -- AntPwr: -115, prev W/NBPM: -93, -115, TF|AltADC|DCI/Q(Q5): 0x001a0b, s: 54817, e: 118977
2026-09-02 02:16:56.107086 RFHAL_KERNEL_BIN_TRACE_RX_ON RX ON -- AntPwr: -115, FreqCtrl: 0x380d5700, OF|AnaGi|AdcAttn|BQ|BWs: 0x07000700, dsp_corr: -7310
2026-09-02 02:16:56.107940 RFHAL_KERNEL_BIN_TRACE_RX_OFF RX OFF -- AntPwr: -115, prev W/NBPM: -93, -116, TF|AltADC|DCI/Q(Q5): 0x001a0b, s: 55849, e: 120009
2026-09-02 02:16:56.113067 RFHAL_KERNEL_BIN_TRACE_RX_ON RX ON -- AntPwr: -116, FreqCtrl: 0x380d5700, OF|AnaGi|AdcAttn|BQ|BWs: 0x07000700, dsp_corr: -7312
2026-09-02 02:16:56.113922 RFHAL_KERNEL_BIN_TRACE_RX_OFF RX OFF -- AntPwr: -116, prev W/NBPM: -93, -114, TF|AltADC|DCI/Q(Q5): 0x001a0b, s: 54831, e: 118991
2026-09-02 02:16:56.123077 RFHAL_KERNEL_BIN_TRACE_RX_ON RX ON -- AntPwr: -114, FreqCtrl: 0x380d5700, OF|AnaGi|AdcAttn|BQ|BWs: 0x07000700, dsp_corr: -7315
2026-09-02 02:16:56.123901 RFHAL_KERNEL_BIN_TRACE_RX_OFF RX OFF -- AntPwr: -114, prev W/NBPM: -93, -114, TF|AltADC|DCI/Q(Q5): 0x001a0b, s: 54821, e: 118981
2026-09-02 02:16:56.217956 RFHAL_KERNEL_BIN_TRACE_TX_ON TX ON: gen: 0xf4bf0ae7, cmn: 0x144df4, norm: 0x24064, 0xb84e00, 0xc027, mrx: 0x88805c, dsp_corr: 7515
2026-09-02 02:16:56.307251 RFHAL_KERNEL_BIN_TRACE_TX_OFF TX OFF: gen: 0x1f0, s: 46372, e: 6927652
2026-09-02 02:16:56.308898 RFHAL_KERNEL_BIN_TRACE_RX_ON RX ON -- AntPwr: -114, FreqCtrl: 0x380d5700, OF|AnaGi|AdcAttn|BQ|BWs: 0x07000700, dsp_corr: -7333
2026-09-02 02:16:56.474914 RFHAL_KERNEL_BIN_TRACE_RX_OFF RX OFF -- AntPwr: -117, prev W/NBPM: -93, -117, TF|AltADC|DCI/Q(Q5): 0x001a0b, s: 42052, e: 12790855
2026-09-02 02:16:56.480896 RFHAL_KERNEL_BIN_TRACE_RX_ON RX ON -- AntPwr: -117, FreqCtrl: 0x380d5700, OF|AnaGi|AdcAttn|BQ|BWs: 0x07000700, dsp_corr: -7412
2026-09-02 02:16:56.538909 RFHAL_KERNEL_BIN_TRACE_RX_OFF RX OFF -- AntPwr: -118, prev W/NBPM: -93, -115, TF|AltADC|DCI/Q(Q5): 0x001a0b, s: 39688, e: 4494091
2026-09-02 02:16:56.540893 RFHAL_KERNEL_BIN_TRACE_RX_ON RX ON -- AntPwr: -118, FreqCtrl: 0x380d5700, OF|AnaGi|AdcAttn|BQ|BWs: 0x07000700, dsp_corr: -7411
2026-09-02 02:16:56.641052 L1_DEFAULT_INFO_SERVING_CELL_MEASUREMENTS earfcn: 229232, pci: 22, rsrp: -136, rsrq: -24, SNR: -6
2026-09-02 02:16:56.702026 L1_DCI_DEC_N1_CONTENT_PHY_ALLOC modem: k0:0, n_sf:2, tbs:15, n_rep:8, ndi:0, ack_nack_sc:0, ack_nack_k0:13, dci_sf_rep_nbr:32, harq_id:0
2026-09-02 02:16:56.712921 RFHAL_KERNEL_BIN_TRACE_RX_OFF RX OFF -- AntPwr: -118, prev W/NBPM: -93, -116, TF|AltADC|DCI/Q(Q5): 0x001a0b, s: 40465, e: 13250068
2026-09-02 02:16:56.713043 L1_DCI_DEC_N1_CONTENT_PHY_ALLOC modem: k0:0, n_sf:2, tbs:15, n_rep:8, ndi:0, ack_nack_sc:0, ack_nack_k0:13, dci_sf_rep_nbr:32, harq_id:0
2026-09-02 02:16:56.714904 RFHAL_KERNEL_BIN_TRACE_RX_ON RX ON -- AntPwr: -118, FreqCtrl: 0x380d5700, OF|AnaGi|AdcAttn|BQ|BWs: 0x07000700, dsp_corr: -7499
2026-09-02 02:16:56.776916 RFHAL_KERNEL_BIN_TRACE_RX_OFF RX OFF -- AntPwr: -117, prev W/NBPM: -92, -114, TF|AltADC|DCI/Q(Q5): 0x001a0b, s: 41007, e: 4802610
2026-09-02 02:16:56.799926 RFHAL_KERNEL_BIN_TRACE_RX_ON RX ON -- AntPwr: -117, FreqCtrl: 0x380d5700, OF|AnaGi|AdcAttn|BQ|BWs: 0x07000700, dsp_corr: -7514
2026-09-02 02:16:56.858917 RFHAL_KERNEL_BIN_TRACE_RX_OFF RX OFF -- AntPwr: -118, prev W/NBPM: -93, -116, TF|AltADC|DCI/Q(Q5): 0x001a0c, s: 38606, e: 4569809
2026-09-02 02:16:56.860900 RFHAL_KERNEL_BIN_TRACE_RX_ON RX ON -- AntPwr: -118, FreqCtrl: 0x380d5700, OF|AnaGi|AdcAttn|BQ|BWs: 0x07000700, dsp_corr: -7521
2026-09-02 02:16:56.957061 L1_DEFAULT_INFO_PRACH_REPORT ce_level: 2, ce_mode: 0
2026-09-02 02:16:56.957916 RFHAL_KERNEL_BIN_TRACE_RX_OFF RX OFF -- AntPwr: -118, prev W/NBPM: -93, -113, TF|AltADC|DCI/Q(Q5): 0x001a0b, s: 40475, e: 7490078
2026-09-02 02:16:57.403137 RFHAL_KERNEL_BIN_TRACE_RX_ON RX ON -- AntPwr: -117, FreqCtrl: 0x380d5700, OF|AnaGi|AdcAttn|BQ|BWs: 0x07000700, dsp_corr: -7695
2026-09-02 02:16:57.403961 RFHAL_KERNEL_BIN_TRACE_RX_OFF RX OFF -- AntPwr: -117, prev W/NBPM: -93, -113, TF|AltADC|DCI/Q(Q5): 0x001a0b, s: 92603, e: 154203
2026-09-02 02:16:57.407135 RFHAL_KERNEL_BIN_TRACE_RX_ON RX ON -- AntPwr: -113, FreqCtrl: 0x380d5700, OF|AnaGi|AdcAttn|BQ|BWs: 0x07000700, dsp_corr: -7696
2026-09-02 02:16:57.407989 RFHAL_KERNEL_BIN_TRACE_RX_OFF RX OFF -- AntPwr: -113, prev W/NBPM: -92, -112, TF|AltADC|DCI/Q(Q5): 0x001a0b, s: 54970, e: 119130
2026-09-02 02:16:57.413116 RFHAL_KERNEL_BIN_TRACE_RX_ON RX ON -- AntPwr: -112, FreqCtrl: 0x380d5700, OF|AnaGi|AdcAttn|BQ|BWs: 0x07000700, dsp_corr: -7698
2026-09-02 02:16:57.413971 RFHAL_KERNEL_BIN_TRACE_RX_OFF RX OFF -- AntPwr: -112, prev W/NBPM: -93, -112, TF|AltADC|DCI/Q(Q5): 0x001a0b, s: 54829, e: 118989
2026-09-02 02:16:57.423126 RFHAL_KERNEL_BIN_TRACE_RX_ON RX ON -- AntPwr: -112, FreqCtrl: 0x380d5700, OF|AnaGi|AdcAttn|BQ|BWs: 0x07000700, dsp_corr: -7701
2026-09-02 02:16:57.423980 RFHAL_KERNEL_BIN_TRACE_RX_OFF RX OFF -- AntPwr: -112, prev W/NBPM: -93, -113, TF|AltADC|DCI/Q(Q5): 0x001a0b, s: 54824, e: 118984
2026-09-02 02:16:57.427124 RFHAL_KERNEL_BIN_TRACE_RX_ON RX ON -- AntPwr: -113, FreqCtrl: 0x380d5700, OF|AnaGi|AdcAttn|BQ|BWs: 0x07000700, dsp_corr: -7702
2026-09-02 02:16:57.427978 RFHAL_KERNEL_BIN_TRACE_RX_OFF RX OFF -- AntPwr: -113, prev W/NBPM: -93, -114, TF|AltADC|DCI/Q(Q5): 0x001a0b, s: 55848, e: 120008
2026-09-02 02:16:57.433136 RFHAL_KERNEL_BIN_TRACE_RX_ON RX ON -- AntPwr: -114, FreqCtrl: 0x380d5700, OF|AnaGi|AdcAttn|BQ|BWs: 0x07000700, dsp_corr: -7704
2026-09-02 02:16:57.433960 RFHAL_KERNEL_BIN_TRACE_RX_OFF RX OFF -- AntPwr: -114, prev W/NBPM: -93, -113, TF|AltADC|DCI/Q(Q5): 0x001a0b, s: 54831, e: 118991
2026-09-02 02:16:57.443115 RFHAL_KERNEL_BIN_TRACE_RX_ON RX ON -- AntPwr: -113, FreqCtrl: 0x380d5700, OF|AnaGi|AdcAttn|BQ|BWs: 0x07000700, dsp_corr: -7706
2026-09-02 02:16:57.443969 RFHAL_KERNEL_BIN_TRACE_RX_OFF RX OFF -- AntPwr: -113, prev W/NBPM: -93, -114, TF|AltADC|DCI/Q(Q5): 0x001a0b, s: 54816, e: 118976
2026-09-02 02:16:57.497985 RFHAL_KERNEL_BIN_TRACE_TX_ON TX ON: gen: 0xf4bf0ae7, cmn: 0x144df4, norm: 0x24064, 0xb84e00, 0x830026, mrx: 0x88845e, dsp_corr: 7838
2026-09-02 02:16:57.587280 RFHAL_KERNEL_BIN_TRACE_TX_OFF TX OFF: gen: 0x231, s: 46238, e: 6927518
2026-09-02 02:16:57.588928 RFHAL_KERNEL_BIN_TRACE_RX_ON RX ON -- AntPwr: -114, FreqCtrl: 0x380d5700, OF|AnaGi|AdcAttn|BQ|BWs: 0x07000700, dsp_corr: -7740
2026-09-02 02:16:57.754943 RFHAL_KERNEL_BIN_TRACE_RX_OFF RX OFF -- AntPwr: -116, prev W/NBPM: -93, -114, TF|AltADC|DCI/Q(Q5): 0x001a0b, s: 42999, e: 12791802
2026-09-02 02:16:57.760955 RFHAL_KERNEL_BIN_TRACE_RX_ON RX ON -- AntPwr: -116, FreqCtrl: 0x380d5700, OF|AnaGi|AdcAttn|BQ|BWs: 0x07000700, dsp_corr: -7769
2026-09-02 02:16:57.818969 RFHAL_KERNEL_BIN_TRACE_RX_OFF RX OFF -- AntPwr: -117, prev W/NBPM: -93, -113, TF|AltADC|DCI/Q(Q5): 0x001a0b, s: 39689, e: 4494092
2026-09-02 02:16:57.820953 RFHAL_KERNEL_BIN_TRACE_RX_ON RX ON -- AntPwr: -117, FreqCtrl: 0x380d5700, OF|AnaGi|AdcAttn|BQ|BWs: 0x07000700, dsp_corr: -7787
2026-09-02 02:16:57.921081 L1_DEFAULT_INFO_SERVING_CELL_MEASUREMENTS earfcn: 229232, pci: 22, rsrp: -136, rsrq: -16, SNR: -8
2026-09-02 02:16:57.961059 L1_DCI_DEC_N1_CONTENT_PHY_ALLOC modem: k0:0, n_sf:2, tbs:15, n_rep:8, ndi:0, ack_nack_sc:0, ack_nack_k0:13, dci_sf_rep_nbr:32, harq_id:0
2026-09-02 02:16:57.972076 L1_DCI_DEC_N1_CONTENT_PHY_ALLOC modem: k0:0, n_sf:2, tbs:15, n_rep:8, ndi:0, ack_nack_sc:0, ack_nack_k0:13, dci_sf_rep_nbr:32, harq_id:0
2026-09-02 02:16:57.982086 L1_DCI_DEC_N1_CONTENT_PHY_ALLOC modem: k0:0, n_sf:2, tbs:15, n_rep:8, ndi:0, ack_nack_sc:0, ack_nack_k0:13, dci_sf_rep_nbr:32, harq_id:0
2026-09-02 02:16:57.992950 RFHAL_KERNEL_BIN_TRACE_RX_OFF RX OFF -- AntPwr: -118, prev W/NBPM: -93, -114, TF|AltADC|DCI/Q(Q5): 0x001a0b, s: 40465, e: 13250068
2026-09-02 02:16:57.993103 L1_DCI_DEC_N1_CONTENT_PHY_ALLOC modem: k0:0, n_sf:2, tbs:15, n_rep:8, ndi:0, ack_nack_sc:0, ack_nack_k0:13, dci_sf_rep_nbr:32, harq_id:0
2026-09-02 02:16:57.994964 RFHAL_KERNEL_BIN_TRACE_RX_ON RX ON -- AntPwr: -118, FreqCtrl: 0x380d5700, OF|AnaGi|AdcAttn|BQ|BWs: 0x07000700, dsp_corr: -7836
2026-09-02 02:16:58.056976 RFHAL_KERNEL_BIN_TRACE_RX_OFF RX OFF -- AntPwr: -118, prev W/NBPM: -93, -115, TF|AltADC|DCI/Q(Q5): 0x001a0b, s: 40984, e: 4802587
2026-09-02 02:16:58.079956 RFHAL_KERNEL_BIN_TRACE_RX_ON RX ON -- AntPwr: -118, FreqCtrl: 0x380d5700, OF|AnaGi|AdcAttn|BQ|BWs: 0x07000700, dsp_corr: -7869
2026-09-02 02:16:58.138977 RFHAL_KERNEL_BIN_TRACE_RX_OFF RX OFF -- AntPwr: -118, prev W/NBPM: -93, -116, TF|AltADC|DCI/Q(Q5): 0x001a0b, s: 38742, e: 4569945
2026-09-02 02:16:58.140960 RFHAL_KERNEL_BIN_TRACE_RX_ON RX ON -- AntPwr: -118, FreqCtrl: 0x380d5700, OF|AnaGi|AdcAttn|BQ|BWs: 0x07000700, dsp_corr: -7897
2026-09-02 02:16:58.229980 RFHAL_KERNEL_BIN_TRACE_RX_OFF RX OFF -- AntPwr: -115, prev W/NBPM: -93, -115, TF|AltADC|DCI/Q(Q5): 0x001a0b, s: 40471, e: 6875674
2026-09-02 02:16:58.230041 L1_DEFAULT_INFO_PAGING_DRX earfcn 229232 pci: 22 ue_id: 47 paging_cycle: 128 drx_sys_frame_num_offset: 47 drx_sub_frame_num_offset: 0 drx_nb: 0
2026-09-02 02:16:58.232421 L23_DEFAULT_INFO_RRCSTATECHANGEEVENT RRC State: 2
2026-09-02 02:16:58.232727 L23_DEFAULT_INFO_CP_RAI ESM DATA TRANSPORT(tr_id=19): 0
2026-09-02 02:16:58.232849 L23_DEFAULT_INFO_EMM_STATE_VALUE emm_state: 4, emm_substate: 1
2026-09-02 02:16:58.233215 NAS_PDU_CONTROL_SERVICE_REQUEST_W_NAS_PDU_ESM_DATA_TRANSPORT CONTROL PLANE SERVICE REQUEST(ESM DATA TRANSPORT) [570000000000074d0078006a5200eb00654500006500030000ff116e666450000340b5a816e854138d00513d2d3335393430343233353436383933322c2c343833342c392c3235362c302c39303139372c2d33302e30332c2d35312e32312c392c39392e39392c32382c3939392e39392c39392e393957022000]
2026-09-02 02:16:58.233306 L23_DEFAULT_INFO_EMM_STATE_VALUE emm_state: 6, emm_substate: 0
2026-09-02 02:16:58.234069 L1_DEFAULT_INFO_SERVING_CELL_MEASUREMENTS earfcn: 229232, pci: 22, rsrp: -133, rsrq: -19, SNR: -8
2026-09-02 02:16:58.242401 RFHAL_KERNEL_BIN_TRACE_RX_ON RX ON -- AntPwr: -104, FreqCtrl: 0x380d5700, OF|AnaGi|AdcAttn|BQ|BWs: 0x07000700, dsp_corr: -7940
2026-09-02 02:16:58.263397 RFHAL_KERNEL_BIN_TRACE_RX_OFF RX OFF -- AntPwr: -113, prev W/NBPM: -92, -114, TF|AltADC|DCI/Q(Q5): 0x001a0b, s: 591849, e: 2204649
2026-09-02 02:16:58.268981 RFHAL_KERNEL_BIN_TRACE_RX_ON RX ON -- AntPwr: -118, FreqCtrl: 0x380d5700, OF|AnaGi|AdcAttn|BQ|BWs: 0x07000700, dsp_corr: -7952
2026-09-02 02:16:58.290985 RFHAL_KERNEL_BIN_TRACE_RX_OFF RX OFF -- AntPwr: -117, prev W/NBPM: -92, -114, TF|AltADC|DCI/Q(Q5): 0x001a0b, s: 38516, e: 1728119
2026-09-02 02:16:58.308960 RFHAL_KERNEL_BIN_TRACE_RX_ON RX ON -- AntPwr: -117, FreqCtrl: 0x380d5700, OF|AnaGi|AdcAttn|BQ|BWs: 0x07000700, dsp_corr: -7973
2026-09-02 02:16:58.330963 RFHAL_KERNEL_BIN_TRACE_RX_OFF RX OFF -- AntPwr: -117, prev W/NBPM: -93, -115, TF|AltADC|DCI/Q(Q5): 0x001a0b, s: 38685, e: 1728288
2026-09-02 02:16:58.348968 RFHAL_KERNEL_BIN_TRACE_RX_ON RX ON -- AntPwr: -117, FreqCtrl: 0x380d5700, OF|AnaGi|AdcAttn|BQ|BWs: 0x07000700, dsp_corr: -7984
2026-09-02 02:16:58.370971 RFHAL_KERNEL_BIN_TRACE_RX_OFF RX OFF -- AntPwr: -117, prev W/NBPM: -93, -113, TF|AltADC|DCI/Q(Q5): 0x001a0b, s: 38683, e: 1728286
2026-09-02 02:16:58.783203 RFHAL_KERNEL_BIN_TRACE_RX_ON RX ON -- AntPwr: -117, FreqCtrl: 0x380d5700, OF|AnaGi|AdcAttn|BQ|BWs: 0x07000700, dsp_corr: -8106
2026-09-02 02:16:58.783996 RFHAL_KERNEL_BIN_TRACE_RX_OFF RX OFF -- AntPwr: -117, prev W/NBPM: -93, -115, TF|AltADC|DCI/Q(Q5): 0x001a0b, s: 93966, e: 155566
2026-09-02 02:16:58.787170 RFHAL_KERNEL_BIN_TRACE_RX_ON RX ON -- AntPwr: -115, FreqCtrl: 0x380d5700, OF|AnaGi|AdcAttn|BQ|BWs: 0x07000700, dsp_corr: -8107
2026-09-02 02:16:58.788024 RFHAL_KERNEL_BIN_TRACE_RX_OFF RX OFF -- AntPwr: -115, prev W/NBPM: -92, -116, TF|AltADC|DCI/Q(Q5): 0x001a0b, s: 55527, e: 119687
2026-09-02 02:16:58.793182 RFHAL_KERNEL_BIN_TRACE_RX_ON RX ON -- AntPwr: -116, FreqCtrl: 0x380d5700, OF|AnaGi|AdcAttn|BQ|BWs: 0x07000700, dsp_corr: -8108
2026-09-02 02:16:58.794006 RFHAL_KERNEL_BIN_TRACE_RX_OFF RX OFF -- AntPwr: -116, prev W/NBPM: -92, -115, TF|AltADC|DCI/Q(Q5): 0x001a0b, s: 55391, e: 119551
2026-09-02 02:16:58.803192 RFHAL_KERNEL_BIN_TRACE_RX_ON RX ON -- AntPwr: -115, FreqCtrl: 0x380d5700, OF|AnaGi|AdcAttn|BQ|BWs: 0x07000700, dsp_corr: -8111
2026-09-02 02:16:58.804016 RFHAL_KERNEL_BIN_TRACE_RX_OFF RX OFF -- AntPwr: -115, prev W/NBPM: -93, -115, TF|AltADC|DCI/Q(Q5): 0x001a0b, s: 55384, e: 119544
2026-09-02 02:16:58.807189 RFHAL_KERNEL_BIN_TRACE_RX_ON RX ON -- AntPwr: -115, FreqCtrl: 0x380d5700, OF|AnaGi|AdcAttn|BQ|BWs: 0x07000700, dsp_corr: -8112
2026-09-02 02:16:58.808044 RFHAL_KERNEL_BIN_TRACE_RX_OFF RX OFF -- AntPwr: -115, prev W/NBPM: -93, -115, TF|AltADC|DCI/Q(Q5): 0x001a0b, s: 56410, e: 120570
2026-09-02 02:16:58.813171 RFHAL_KERNEL_BIN_TRACE_RX_ON RX ON -- AntPwr: -115, FreqCtrl: 0x380d5700, OF|AnaGi|AdcAttn|BQ|BWs: 0x07000700, dsp_corr: -8114
2026-09-02 02:16:58.814025 RFHAL_KERNEL_BIN_TRACE_RX_OFF RX OFF -- AntPwr: -115, prev W/NBPM: -92, -114, TF|AltADC|DCI/Q(Q5): 0x001a0b, s: 55396, e: 119556
2026-09-02 02:16:58.823181 RFHAL_KERNEL_BIN_TRACE_RX_ON RX ON -- AntPwr: -114, FreqCtrl: 0x380d5700, OF|AnaGi|AdcAttn|BQ|BWs: 0x07000700, dsp_corr: -8117
2026-09-02 02:16:58.824005 RFHAL_KERNEL_BIN_TRACE_RX_OFF RX OFF -- AntPwr: -114, prev W/NBPM: -93, -114, TF|AltADC|DCI/Q(Q5): 0x001a0b, s: 55382, e: 119542
2026-09-02 02:16:58.827179 RFHAL_KERNEL_BIN_TRACE_RX_ON RX ON -- AntPwr: -114, FreqCtrl: 0x380d5700, OF|AnaGi|AdcAttn|BQ|BWs: 0x07000700, dsp_corr: -8118
2026-09-02 02:16:58.828033 RFHAL_KERNEL_BIN_TRACE_RX_OFF RX OFF -- AntPwr: -114, prev W/NBPM: -93, -114, TF|AltADC|DCI/Q(Q5): 0x001a0b, s: 56409, e: 120569
2026-09-02 02:16:58.833190 RFHAL_KERNEL_BIN_TRACE_RX_ON RX ON -- AntPwr: -114, FreqCtrl: 0x380d5700, OF|AnaGi|AdcAttn|BQ|BWs: 0x07000700, dsp_corr: -8120
2026-09-02 02:16:58.834014 RFHAL_KERNEL_BIN_TRACE_RX_OFF RX OFF -- AntPwr: -114, prev W/NBPM: -93, -114, TF|AltADC|DCI/Q(Q5): 0x001a0b, s: 55393, e: 119553
2026-09-02 02:16:58.843170 RFHAL_KERNEL_BIN_TRACE_RX_ON RX ON -- AntPwr: -114, FreqCtrl: 0x380d5700, OF|AnaGi|AdcAttn|BQ|BWs: 0x07000700, dsp_corr: -8122
2026-09-02 02:16:58.844024 RFHAL_KERNEL_BIN_TRACE_RX_OFF RX OFF -- AntPwr: -114, prev W/NBPM: -92, -115, TF|AltADC|DCI/Q(Q5): 0x001a0b, s: 55381, e: 119541
2026-09-02 02:16:58.847168 RFHAL_KERNEL_BIN_TRACE_RX_ON RX ON -- AntPwr: -115, FreqCtrl: 0x380d5700, OF|AnaGi|AdcAttn|BQ|BWs: 0x07000700, dsp_corr: -8123
2026-09-02 02:16:58.848022 RFHAL_KERNEL_BIN_TRACE_RX_OFF RX OFF -- AntPwr: -115, prev W/NBPM: -93, -115, TF|AltADC|DCI/Q(Q5): 0x001a0b, s: 56407, e: 120567
2026-09-02 02:16:58.853179 RFHAL_KERNEL_BIN_TRACE_RX_ON RX ON -- AntPwr: -115, FreqCtrl: 0x380d5700, OF|AnaGi|AdcAttn|BQ|BWs: 0x07000700, dsp_corr: -8125
2026-09-02 02:16:58.854034 RFHAL_KERNEL_BIN_TRACE_RX_OFF RX OFF -- AntPwr: -115, prev W/NBPM: -93, -115, TF|AltADC|DCI/Q(Q5): 0x001a0b, s: 55656, e: 119816
2026-09-02 02:16:58.863189 RFHAL_KERNEL_BIN_TRACE_RX_ON RX ON -- AntPwr: -115, FreqCtrl: 0x380d5700, OF|AnaGi|AdcAttn|BQ|BWs: 0x07000700, dsp_corr: -8128
2026-09-02 02:16:58.864013 RFHAL_KERNEL_BIN_TRACE_RX_OFF RX OFF -- AntPwr: -115, prev W/NBPM: -93, -115, TF|AltADC|DCI/Q(Q5): 0x001a0b, s: 54904, e: 119064
2026-09-02 02:16:58.868988 RFHAL_KERNEL_BIN_TRACE_RX_ON RX ON -- AntPwr: -115, FreqCtrl: 0x380d5700, OF|AnaGi|AdcAttn|BQ|BWs: 0x07000700, dsp_corr: -8072
2026-09-02 02:16:58.890991 RFHAL_KERNEL_BIN_TRACE_RX_OFF RX OFF -- AntPwr: -117, prev W/NBPM: -93, -114, TF|AltADC|DCI/Q(Q5): 0x001a0b, s: 39722, e: 1729325
2026-09-02 02:16:58.893005 RFHAL_KERNEL_BIN_TRACE_RX_ON RX ON -- AntPwr: -117, FreqCtrl: 0x380d5700, OF|AnaGi|AdcAttn|BQ|BWs: 0x07000700, dsp_corr: -8089
2026-09-02 02:16:58.930999 RFHAL_KERNEL_BIN_TRACE_RX_OFF RX OFF -- AntPwr: -118, prev W/NBPM: -93, -114, TF|AltADC|DCI/Q(Q5): 0x001a0b, s: 40481, e: 2958884
2026-09-02 02:16:58.932983 RFHAL_KERNEL_BIN_TRACE_RX_ON RX ON -- AntPwr: -118, FreqCtrl: 0x380d5700, OF|AnaGi|AdcAttn|BQ|BWs: 0x07000700, dsp_corr: -8101
2026-09-02 02:16:58.971008 RFHAL_KERNEL_BIN_TRACE_RX_OFF RX OFF -- AntPwr: -118, prev W/NBPM: -93, -114, TF|AltADC|DCI/Q(Q5): 0x001a0b, s: 40494, e: 2958897
2026-09-02 02:16:58.972503 ERRC_PDU_TYPE_BCCH_SI_NB ERRC PDU: SystemInformation-NB
2026-09-02 02:16:58.972503 ERRC_PEER_MSG_NB_SI System Information (SI-NB) [002145c08b2ae51c78c7576566123d6a42d3facdf800000140a0000000000000000000000000000000]
2026-09-02 02:16:58.975555 L1_DEFAULT_INFO_SERVING_CELL_MEASUREMENTS earfcn: 229232, pci: 22, rsrp: -137, rsrq: -22, SNR: -9
2026-09-02 02:16:58.983093 RFHAL_KERNEL_BIN_TRACE_RX_ON RX ON -- AntPwr: -104, FreqCtrl: 0x380d5700, OF|AnaGi|AdcAttn|BQ|BWs: 0x07000700, dsp_corr: -8111
2026-09-02 02:16:59.024078 RFHAL_KERNEL_BIN_TRACE_RX_OFF RX OFF -- AntPwr: -114, prev W/NBPM: -92, -114, TF|AltADC|DCI/Q(Q5): 0x001a0b, s: 563122, e: 3711922
2026-09-02 02:16:59.027038 L23_DEFAULT_INFO_RRCSTATECHANGEEVENT RRC State: 3
2026-09-02 02:16:59.027069 L23_ERRC_3GPP_TIMER_START 0 START, timeout 2500 ms
2026-09-02 02:16:59.027984 RFHAL_KERNEL_BIN_TRACE_RX_ON RX ON -- AntPwr: -117, FreqCtrl: 0x380d5700, OF|AnaGi|AdcAttn|BQ|BWs: 0x07000700, dsp_corr: -8127
2026-09-02 02:16:59.067108 L1_DEFAULT_INFO_SERVING_CELL_MEASUREMENTS earfcn: 229232, pci: 22, rsrp: -138, rsrq: -20, SNR: -9
2026-09-02 02:16:59.068023 RFHAL_KERNEL_BIN_TRACE_RX_OFF RX OFF -- AntPwr: -117, prev W/NBPM: -93, -114, TF|AltADC|DCI/Q(Q5): 0x001a0b, s: 40180, e: 3112183
2026-09-02 02:16:59.961608 L1_DEFAULT_INFO_SERVING_CELL_MEASUREMENTS earfcn: 229232, pci: 22, rsrp: -137, rsrq: -20, SNR: -8
2026-09-02 02:16:59.963256 RFHAL_KERNEL_BIN_TRACE_RX_ON RX ON -- AntPwr: -117, FreqCtrl: 0x380d5700, OF|AnaGi|AdcAttn|BQ|BWs: 0x07000700, dsp_corr: -8386
2026-09-02 02:16:59.964050 RFHAL_KERNEL_BIN_TRACE_RX_OFF RX OFF -- AntPwr: -117, prev W/NBPM: -93, -114, TF|AltADC|DCI/Q(Q5): 0x001a0b, s: 87786, e: 149386
2026-09-02 02:16:59.967224 RFHAL_KERNEL_BIN_TRACE_RX_ON RX ON -- AntPwr: -114, FreqCtrl: 0x380d5700, OF|AnaGi|AdcAttn|BQ|BWs: 0x07000700, dsp_corr: -8387
2026-09-02 02:16:59.968078 RFHAL_KERNEL_BIN_TRACE_RX_OFF RX OFF -- AntPwr: -114, prev W/NBPM: -93, -115, TF|AltADC|DCI/Q(Q5): 0x001a0b, s: 54932, e: 119092
2026-09-02 02:16:59.973236 RFHAL_KERNEL_BIN_TRACE_RX_ON RX ON -- AntPwr: -115, FreqCtrl: 0x380d5700, OF|AnaGi|AdcAttn|BQ|BWs: 0x07000700, dsp_corr: -8389
2026-09-02 02:16:59.974060 RFHAL_KERNEL_BIN_TRACE_RX_OFF RX OFF -- AntPwr: -115, prev W/NBPM: -93, -115, TF|AltADC|DCI/Q(Q5): 0x001a0b, s: 54813, e: 118973
2026-09-02 02:16:59.983215 RFHAL_KERNEL_BIN_TRACE_RX_ON RX ON -- AntPwr: -115, FreqCtrl: 0x380d5700, OF|AnaGi|AdcAttn|BQ|BWs: 0x07000700, dsp_corr: -8392
2026-09-02 02:16:59.984069 RFHAL_KERNEL_BIN_TRACE_RX_OFF RX OFF -- AntPwr: -115, prev W/NBPM: -93, -115, TF|AltADC|DCI/Q(Q5): 0x001a0b, s: 54819, e: 118979
2026-09-02 02:16:59.987213 RFHAL_KERNEL_BIN_TRACE_RX_ON RX ON -- AntPwr: -115, FreqCtrl: 0x380d5700, OF|AnaGi|AdcAttn|BQ|BWs: 0x07000700, dsp_corr: -8393
2026-09-02 02:16:59.988067 RFHAL_KERNEL_BIN_TRACE_RX_OFF RX OFF -- AntPwr: -115, prev W/NBPM: -93, -114, TF|AltADC|DCI/Q(Q5): 0x001a0b, s: 55853, e: 120013
2026-09-02 02:16:59.993225 RFHAL_KERNEL_BIN_TRACE_RX_ON RX ON -- AntPwr: -114, FreqCtrl: 0x380d5700, OF|AnaGi|AdcAttn|BQ|BWs: 0x07000700, dsp_corr: -8394
2026-09-02 02:16:59.994079 RFHAL_KERNEL_BIN_TRACE_RX_OFF RX OFF -- AntPwr: -114, prev W/NBPM: -93, -113, TF|AltADC|DCI/Q(Q5): 0x001a0b, s: 54830, e: 118990
2026-09-02 02:17:00.003234 RFHAL_KERNEL_BIN_TRACE_RX_ON RX ON -- AntPwr: -113, FreqCtrl: 0x380d5700, OF|AnaGi|AdcAttn|BQ|BWs: 0x07000700, dsp_corr: -8397
2026-09-02 02:17:00.004058 RFHAL_KERNEL_BIN_TRACE_RX_OFF RX OFF -- AntPwr: -113, prev W/NBPM: -93, -116, TF|AltADC|DCI/Q(Q5): 0x001a0b, s: 54834, e: 118994
2026-09-02 02:17:00.007232 RFHAL_KERNEL_BIN_TRACE_RX_ON RX ON -- AntPwr: -116, FreqCtrl: 0x380d5700, OF|AnaGi|AdcAttn|BQ|BWs: 0x07000700, dsp_corr: -8398
2026-09-02 02:17:00.008087 RFHAL_KERNEL_BIN_TRACE_RX_OFF RX OFF -- AntPwr: -116, prev W/NBPM: -93, -114, TF|AltADC|DCI/Q(Q5): 0x001a0b, s: 55864, e: 120024
2026-09-02 02:17:00.013214 RFHAL_KERNEL_BIN_TRACE_RX_ON RX ON -- AntPwr: -114, FreqCtrl: 0x380d5700, OF|AnaGi|AdcAttn|BQ|BWs: 0x07000700, dsp_corr: -8400
2026-09-02 02:17:00.014068 RFHAL_KERNEL_BIN_TRACE_RX_OFF RX OFF -- AntPwr: -114, prev W/NBPM: -93, -115, TF|AltADC|DCI/Q(Q5): 0x001a0b, s: 54833, e: 118993
2026-09-02 02:17:00.023223 RFHAL_KERNEL_BIN_TRACE_RX_ON RX ON -- AntPwr: -115, FreqCtrl: 0x380d5700, OF|AnaGi|AdcAttn|BQ|BWs: 0x07000700, dsp_corr: -8403
2026-09-02 02:17:00.024078 RFHAL_KERNEL_BIN_TRACE_RX_OFF RX OFF -- AntPwr: -115, prev W/NBPM: -93, -115, TF|AltADC|DCI/Q(Q5): 0x001a0b, s: 54822, e: 118982
2026-09-02 02:17:00.027221 RFHAL_KERNEL_BIN_TRACE_RX_ON RX ON -- AntPwr: -115, FreqCtrl: 0x380d5700, OF|AnaGi|AdcAttn|BQ|BWs: 0x07000700, dsp_corr: -8404
2026-09-02 02:17:00.028076 RFHAL_KERNEL_BIN_TRACE_RX_OFF RX OFF -- AntPwr: -115, prev W/NBPM: -93, -115, TF|AltADC|DCI/Q(Q5): 0x001a0b, s: 55852, e: 120012
2026-09-02 02:17:00.033233 RFHAL_KERNEL_BIN_TRACE_RX_ON RX ON -- AntPwr: -115, FreqCtrl: 0x380d5700, OF|AnaGi|AdcAttn|BQ|BWs: 0x07000700, dsp_corr: -8405
2026-09-02 02:17:00.034057 RFHAL_KERNEL_BIN_TRACE_RX_OFF RX OFF -- AntPwr: -115, prev W/NBPM: -93, -113, TF|AltADC|DCI/Q(Q5): 0x001a0b, s: 55098, e: 119258
2026-09-02 02:17:00.043243 RFHAL_KERNEL_BIN_TRACE_RX_ON RX ON -- AntPwr: -113, FreqCtrl: 0x380d5700, OF|AnaGi|AdcAttn|BQ|BWs: 0x07000700, dsp_corr: -8408
2026-09-02 02:17:00.044067 RFHAL_KERNEL_BIN_TRACE_RX_OFF RX OFF -- AntPwr: -113, prev W/NBPM: -93, -116, TF|AltADC|DCI/Q(Q5): 0x001a0b, s: 54345, e: 118505
2026-09-02 02:17:00.058044 RFHAL_KERNEL_BIN_TRACE_TX_ON TX ON: gen: 0xf4bf0ae7, cmn: 0x144df4, norm: 0x24064, 0xb84e00, 0x1ff0024, mrx: 0x69065f, dsp_corr: 8535
2026-09-02 02:17:00.147338 RFHAL_KERNEL_BIN_TRACE_TX_OFF TX OFF: gen: 0x272, s: 46367, e: 6927647
2026-09-02 02:17:00.149047 RFHAL_KERNEL_BIN_TRACE_RX_ON RX ON -- AntPwr: -116, FreqCtrl: 0x380d5700, OF|AnaGi|AdcAttn|BQ|BWs: 0x07000700, dsp_corr: -8473
2026-09-02 02:17:00.315063 RFHAL_KERNEL_BIN_TRACE_RX_OFF RX OFF -- AntPwr: -117, prev W/NBPM: -93, -113, TF|AltADC|DCI/Q(Q5): 0x001b0b, s: 47215, e: 12796018
2026-09-02 02:17:00.321044 RFHAL_KERNEL_BIN_TRACE_RX_ON RX ON -- AntPwr: -117, FreqCtrl: 0x380d5700, OF|AnaGi|AdcAttn|BQ|BWs: 0x07000700, dsp_corr: -8482
2026-09-02 02:17:00.379058 RFHAL_KERNEL_BIN_TRACE_RX_OFF RX OFF -- AntPwr: -117, prev W/NBPM: -93, -116, TF|AltADC|DCI/Q(Q5): 0x001a0b, s: 39688, e: 4494091
2026-09-02 02:17:00.381042 RFHAL_KERNEL_BIN_TRACE_RX_ON RX ON -- AntPwr: -117, FreqCtrl: 0x380d5700, OF|AnaGi|AdcAttn|BQ|BWs: 0x07000700, dsp_corr: -8508
2026-09-02 02:17:00.481201 L1_DEFAULT_INFO_SERVING_CELL_MEASUREMENTS earfcn: 229232, pci: 22, rsrp: -137, rsrq: -20, SNR: -8
2026-09-02 02:17:00.521179 L1_DCI_DEC_N1_CONTENT_PHY_ALLOC modem: k0:0, n_sf:2, tbs:15, n_rep:8, ndi:0, ack_nack_sc:0, ack_nack_k0:13, dci_sf_rep_nbr:32, harq_id:0
2026-09-02 02:17:00.532165 L1_DCI_DEC_N1_CONTENT_PHY_ALLOC modem: k0:0, n_sf:2, tbs:15, n_rep:8, ndi:0, ack_nack_sc:0, ack_nack_k0:13, dci_sf_rep_nbr:32, harq_id:0
2026-09-02 02:17:00.542175 L1_DCI_DEC_N1_CONTENT_PHY_ALLOC modem: k0:0, n_sf:2, tbs:15, n_rep:8, ndi:0, ack_nack_sc:0, ack_nack_k0:13, dci_sf_rep_nbr:32, harq_id:0
2026-09-02 02:17:00.547149 L1_DCI_DEC_N1_CONTENT_PHY_ALLOC modem: k0:0, n_sf:2, tbs:15, n_rep:8, ndi:0, ack_nack_sc:0, ack_nack_k0:13, dci_sf_rep_nbr:32, harq_id:0
2026-09-02 02:17:00.553070 RFHAL_KERNEL_BIN_TRACE_RX_OFF RX OFF -- AntPwr: -117, prev W/NBPM: -93, -113, TF|AltADC|DCI/Q(Q5): 0x001a0b, s: 40465, e: 13250068
2026-09-02 02:17:00.553192 L1_DCI_DEC_N1_CONTENT_PHY_ALLOC modem: k0:0, n_sf:2, tbs:15, n_rep:8, ndi:0, ack_nack_sc:0, ack_nack_k0:13, dci_sf_rep_nbr:32, harq_id:0
2026-09-02 02:17:00.555053 RFHAL_KERNEL_BIN_TRACE_RX_ON RX ON -- AntPwr: -117, FreqCtrl: 0x380d5700, OF|AnaGi|AdcAttn|BQ|BWs: 0x07000700, dsp_corr: -8556
2026-09-02 02:17:00.578338 L1_DCI_DEC_NBIOT_RAR_UL_GRANT_CONTENT_NPUSCH modem: Subcarrier spacing:1, i_sc:6, scheduling_delay:12, msg3_repetition_level:4, q_m:1, tbs:11, n_ru:4, redundancy_version:0
2026-09-02 02:17:00.578979 L1_DEFAULT_INFO_PRACH_REPORT ce_level: 2, ce_mode: 0
2026-09-02 02:17:00.579284 ERRC_PDU_TYPE_UL_CCCH_NB_1 ERRC PDU: RRCConnectionRequest-NB
2026-09-02 02:17:00.579284 ERRC_PEER_MSG_NB_CON_REQ RRC Connection Request [2803f0b84124aa0000]
2026-09-02 02:17:00.580078 RFHAL_KERNEL_BIN_TRACE_RX_OFF RX OFF -- AntPwr: -116, prev W/NBPM: -93, -115, TF|AltADC|DCI/Q(Q5): 0x001a0b, s: 40984, e: 1960987
2026-09-02 02:17:00.595062 RFHAL_KERNEL_BIN_TRACE_TX_ON TX ON: gen: 0xf4bf0ae7, cmn: 0x4df4, norm: 0x34c64, 0xb84e00, 0x82c026, mrx: 0x3008825d, dsp_corr: 8712
2026-09-02 02:17:00.595092 L1_TX_POWER_PUSCH sys_frame_number: 60, sub_frame_number: 1, pusch_tx_power_value: 23, dl_path_loss: 182
2026-09-02 02:17:00.722778 RFHAL_KERNEL_BIN_TRACE_TX_OFF TX OFF: gen: 0x2b3, s: 46631, e: 9877031
2026-09-02 02:17:00.725067 RFHAL_KERNEL_BIN_TRACE_RX_ON RX ON -- AntPwr: -117, FreqCtrl: 0x380d5700, OF|AnaGi|AdcAttn|BQ|BWs: 0x07000700, dsp_corr: -8602
2026-09-02 02:17:00.955078 RFHAL_KERNEL_BIN_TRACE_RX_OFF RX OFF -- AntPwr: -118, prev W/NBPM: -93, -114, TF|AltADC|DCI/Q(Q5): 0x001a0b, s: 40470, e: 17704473
2026-09-02 02:17:00.961090 RFHAL_KERNEL_BIN_TRACE_RX_ON RX ON -- AntPwr: -118, FreqCtrl: 0x380d5700, OF|AnaGi|AdcAttn|BQ|BWs: 0x07000700, dsp_corr: -8627
2026-09-02 02:17:01.019073 RFHAL_KERNEL_BIN_TRACE_RX_OFF RX OFF -- AntPwr: -117, prev W/NBPM: -93, -115, TF|AltADC|DCI/Q(Q5): 0x001a0b, s: 39718, e: 4494121
2026-09-02 02:17:01.021087 RFHAL_KERNEL_BIN_TRACE_RX_ON RX ON -- AntPwr: -117, FreqCtrl: 0x380d5700, OF|AnaGi|AdcAttn|BQ|BWs: 0x07000700, dsp_corr: -8653
2026-09-02 02:17:01.161193 L1_DCI_DEC_N1_CONTENT_PHY_ALLOC modem: k0:0, n_sf:3, tbs:26, n_rep:32, ndi:0, ack_nack_sc:0, ack_nack_k0:17, dci_sf_rep_nbr:16, harq_id:0
2026-09-02 02:17:01.172210 L1_DCI_DEC_N1_CONTENT_PHY_ALLOC modem: k0:0, n_sf:3, tbs:26, n_rep:32, ndi:0, ack_nack_sc:0, ack_nack_k0:17, dci_sf_rep_nbr:16, harq_id:0
2026-09-02 02:17:01.336090 RFHAL_KERNEL_BIN_TRACE_RX_OFF RX OFF -- AntPwr: -114, prev W/NBPM: -93, -114, TF|AltADC|DCI/Q(Q5): 0x001a0b, s: 40470, e: 24232473
2026-09-02 02:17:01.339172 ERRC_PDU_TYPE_DL_CCCH_NB_4 ERRC PDU: RRCConnectionSetup-NB
2026-09-02 02:17:01.339172 ERRC_PEER_MSG_NB_CON_SETUP RRC Connection Setup [3013319cc256f44330]
2026-09-02 02:17:01.339325 L23_ERRC_3GPP_TIMER_STOP 0 STOP
2026-09-02 02:17:01.339355 L23_ERRC_3GPP_TIMER_STOP 12 STOP
2026-09-02 02:17:01.346801 RFHAL_KERNEL_BIN_TRACE_RX_ON RX ON -- AntPwr: -103, FreqCtrl: 0x380d5700, OF|AnaGi|AdcAttn|BQ|BWs: 0x07000700, dsp_corr: -8768
2026-09-02 02:17:01.387786 RFHAL_KERNEL_BIN_TRACE_RX_OFF RX OFF -- AntPwr: -114, prev W/NBPM: -92, -115, TF|AltADC|DCI/Q(Q5): 0x001a0b, s: 591993, e: 3740793
2026-09-02 02:17:01.391906 L23_DEFAULT_INFO_RRCSTATECHANGEEVENT RRC State: 4
2026-09-02 02:17:01.393066 ERRC_PDU_TYPE_UL_DCCH_NB_3 ERRC PDU: RRCConnectionSetupComplete-NB
2026-09-02 02:17:01.393066 ERRC_PEER_MSG_NB_CON_SETUP_COMPLETE RRC Connection Setup Complete [10043d2bab4f91c18283a6803c00352900758032a2800032800180007f88b73332280001a05ad40b742a09c680289e96999a9c9a181a19199a9a1b1c1c999916161a1c199a161c96191a9b1618161c98189c9b9616999817181996169a98971918961c961c9c971c9c96191c161c9c9c971c9c961c9c971c9cab8110001400de]
2026-09-02 02:17:01.394043 L23_AT_STRING <= +CSCON: 1\r\n
2026-09-02 02:17:01.428070 RFHAL_KERNEL_BIN_TRACE_TX_ON TX ON: gen: 0xf4bf0ae7, cmn: 0x4df4, norm: 0x34064, 0xb84e00, 0xc027, mrx: 0x98805c, dsp_corr: 8939
2026-09-02 02:17:01.428100 L1_DEFAULT_INFO_PUCCH_POWER_CONTROL pucch_tx_power_value: 23, dl_path_loss: 185
2026-09-02 02:17:01.443786 RFHAL_KERNEL_BIN_TRACE_TX_OFF TX OFF: gen: 0x2bc, s: 46068, e: 1274868
2026-09-02 02:17:01.446106 RFHAL_KERNEL_BIN_TRACE_RX_ON RX ON -- AntPwr: -117, FreqCtrl: 0x380d5700, OF|AnaGi|AdcAttn|BQ|BWs: 0x07000700, dsp_corr: -8799
2026-09-02 02:17:01.451141 L1_DEFAULT_INFO_SERVING_CELL_MEASUREMENTS earfcn: 229232, pci: 22, rsrp: -140, rsrq: -23, SNR: -8
2026-09-02 02:17:01.455108 RFHAL_KERNEL_BIN_TRACE_RX_OFF RX OFF -- AntPwr: -117, prev W/NBPM: -93, -116, TF|AltADC|DCI/Q(Q5): 0x001a0b, s: 39955, e: 731158
2026-09-02 02:17:01.464080 RFHAL_KERNEL_BIN_TRACE_RX_ON RX ON -- AntPwr: -117, FreqCtrl: 0x380d5700, OF|AnaGi|AdcAttn|BQ|BWs: 0x07000700, dsp_corr: -8803
2026-09-02 02:17:01.519104 RFHAL_KERNEL_BIN_TRACE_RX_OFF RX OFF -- AntPwr: -118, prev W/NBPM: -93, -115, TF|AltADC|DCI/Q(Q5): 0x001a0c, s: 39197, e: 4263200
2026-09-02 02:17:01.521087 RFHAL_KERNEL_BIN_TRACE_RX_ON RX ON -- AntPwr: -118, FreqCtrl: 0x380d5700, OF|AnaGi|AdcAttn|BQ|BWs: 0x07000700, dsp_corr: -8828
2026-09-02 02:17:01.535095 RFHAL_KERNEL_BIN_TRACE_RX_OFF RX OFF -- AntPwr: -117, prev W/NBPM: -93, -114, TF|AltADC|DCI/Q(Q5): 0x001a0c, s: 39951, e: 1115154
2026-09-02 02:17:01.544097 RFHAL_KERNEL_BIN_TRACE_RX_ON RX ON -- AntPwr: -117, FreqCtrl: 0x380d5700, OF|AnaGi|AdcAttn|BQ|BWs: 0x07000700, dsp_corr: -8843
2026-09-02 02:17:01.599090 RFHAL_KERNEL_BIN_TRACE_RX_OFF RX OFF -- AntPwr: -118, prev W/NBPM: -93, -115, TF|AltADC|DCI/Q(Q5): 0x001a0c, s: 39216, e: 4263219
2026-09-02 02:17:01.601104 RFHAL_KERNEL_BIN_TRACE_RX_ON RX ON -- AntPwr: -118, FreqCtrl: 0x380d5700, OF|AnaGi|AdcAttn|BQ|BWs: 0x07000700, dsp_corr: -8841
2026-09-02 02:17:01.615112 RFHAL_KERNEL_BIN_TRACE_RX_OFF RX OFF -- AntPwr: -118, prev W/NBPM: -92, -115, TF|AltADC|DCI/Q(Q5): 0x001a0c, s: 39951, e: 1115154
2026-09-02 02:17:01.624115 RFHAL_KERNEL_BIN_TRACE_RX_ON RX ON -- AntPwr: -118, FreqCtrl: 0x380d5700, OF|AnaGi|AdcAttn|BQ|BWs: 0x07000700, dsp_corr: -8836
2026-09-02 02:17:01.652160 L1_DEFAULT_INFO_SERVING_CELL_MEASUREMENTS earfcn: 229232, pci: 22, rsrp: -139, rsrq: -23, SNR: -9
2026-09-02 02:17:01.679107 RFHAL_KERNEL_BIN_TRACE_RX_OFF RX OFF -- AntPwr: -118, prev W/NBPM: -92, -116, TF|AltADC|DCI/Q(Q5): 0x001a0c, s: 39217, e: 4263220
2026-09-02 02:17:01.681091 RFHAL_KERNEL_BIN_TRACE_RX_ON RX ON -- AntPwr: -118, FreqCtrl: 0x380d5700, OF|AnaGi|AdcAttn|BQ|BWs: 0x07000700, dsp_corr: -8881
2026-09-02 02:17:01.695098 RFHAL_KERNEL_BIN_TRACE_RX_OFF RX OFF -- AntPwr: -117, prev W/NBPM: -93, -115, TF|AltADC|DCI/Q(Q5): 0x001a0c, s: 39974, e: 1115177
2026-09-02 02:17:01.704101 RFHAL_KERNEL_BIN_TRACE_RX_ON RX ON -- AntPwr: -117, FreqCtrl: 0x380d5700, OF|AnaGi|AdcAttn|BQ|BWs: 0x07000700, dsp_corr: -8877
2026-09-02 02:17:01.774200 L1_DCI_DEC_N0_CONTENT_PHY_ALLOC modem: i_sc:10, n_ru:10, k0:8, q_m:2, tbs:85, redundancy_version:0, n_rep:32, ndi:0, dci_sf_rep_nbr:8, harq_id:0
2026-09-02 02:17:01.775116 RFHAL_KERNEL_BIN_TRACE_RX_OFF RX OFF -- AntPwr: -117, prev W/NBPM: -93, -114, TF|AltADC|DCI/Q(Q5): 0x001a0c, s: 39218, e: 5492021
2026-09-02 02:17:01.787078 RFHAL_KERNEL_BIN_TRACE_TX_ON TX ON: gen: 0xf4bf0ae7, cmn: 0x4df4, norm: 0x25464, 0xb84e00, 0xc027, mrx: 0x98825d, dsp_corr: 9036
2026-09-02 02:17:01.787109 L1_TX_POWER_PUSCH sys_frame_number: 179, sub_frame_number: 3, pusch_tx_power_value: 23, dl_path_loss: 184
2026-09-02 02:17:02.042785 RFHAL_KERNEL_BIN_TRACE_TX_OFF TX OFF: gen: 0x33d, s: 43754, e: 19704554
2026-09-02 02:17:02.045105 RFHAL_KERNEL_BIN_TRACE_RX_ON RX ON -- AntPwr: -117, FreqCtrl: 0x380d5700, OF|AnaGi|AdcAttn|BQ|BWs: 0x07000700, dsp_corr: -8960
2026-09-02 02:17:02.080230 L1_DEFAULT_INFO_SERVING_CELL_MEASUREMENTS earfcn: 229232, pci: 22, rsrp: -139, rsrq: -22, SNR: -9
2026-09-02 02:17:02.081115 RFHAL_KERNEL_BIN_TRACE_RX_OFF RX OFF -- AntPwr: -116, prev W/NBPM: -93, -114, TF|AltADC|DCI/Q(Q5): 0x001a0b, s: 39970, e: 2804773
2026-09-02 02:17:02.083099 L1_TX_POWER_PUSCH sys_frame_number: 208, sub_frame_number: 9, pusch_tx_power_value: 23, dl_path_loss: 183
2026-09-02 02:17:02.083099 RFHAL_KERNEL_BIN_TRACE_TX_ON TX ON: gen: 0xf4bf0ae7, cmn: 0x4df4, norm: 0x45464, 0xb84e00, 0xc027, mrx: 0xa8805c, dsp_corr: 9116
2026-09-02 02:17:02.338806 RFHAL_KERNEL_BIN_TRACE_TX_OFF TX OFF: gen: 0x3be, s: 45729, e: 19706529
2026-09-02 02:17:02.341125 RFHAL_KERNEL_BIN_TRACE_RX_ON RX ON -- AntPwr: -116, FreqCtrl: 0x380d5700, OF|AnaGi|AdcAttn|BQ|BWs: 0x07000700, dsp_corr: -9040
2026-09-02 02:17:02.376220 L1_DEFAULT_INFO_SERVING_CELL_MEASUREMENTS earfcn: 229232, pci: 22, rsrp: -138, rsrq: -22, SNR: -7
2026-09-02 02:17:02.377136 RFHAL_KERNEL_BIN_TRACE_RX_OFF RX OFF -- AntPwr: -116, prev W/NBPM: -92, -115, TF|AltADC|DCI/Q(Q5): 0x001a0b, s: 39971, e: 2804774
2026-09-02 02:17:02.379089 RFHAL_KERNEL_BIN_TRACE_TX_ON TX ON: gen: 0xf4bf0ae7, cmn: 0x4df4, norm: 0x45464, 0xb84e00, 0xc027, mrx: 0xa8805c, dsp_corr: 9195
2026-09-02 02:17:02.379119 L1_TX_POWER_PUSCH sys_frame_number: 238, sub_frame_number: 5, pusch_tx_power_value: 23, dl_path_loss: 182
2026-09-02 02:17:02.634826 RFHAL_KERNEL_BIN_TRACE_TX_OFF TX OFF: gen: 0x43f, s: 45733, e: 19706533
2026-09-02 02:17:02.637146 RFHAL_KERNEL_BIN_TRACE_RX_ON RX ON -- AntPwr: -116, FreqCtrl: 0x380d5700, OF|AnaGi|AdcAttn|BQ|BWs: 0x07000700, dsp_corr: -9119
2026-09-02 02:17:02.672241 L1_DEFAULT_INFO_SERVING_CELL_MEASUREMENTS earfcn: 229232, pci: 22, rsrp: -136, rsrq: -19, SNR: -7
2026-09-02 02:17:02.673156 RFHAL_KERNEL_BIN_TRACE_RX_OFF RX OFF -- AntPwr: -117, prev W/NBPM: -93, -115, TF|AltADC|DCI/Q(Q5): 0x001a0b, s: 39977, e: 2804780
2026-09-02 02:17:02.675109 RFHAL_KERNEL_BIN_TRACE_TX_ON TX ON: gen: 0xf4bf0ae7, cmn: 0x4df4, norm: 0x45464, 0xb84e00, 0xc027, mrx: 0xa8805c, dsp_corr: 9274
2026-09-02 02:17:02.675140 L1_TX_POWER_PUSCH sys_frame_number: 268, sub_frame_number: 1, pusch_tx_power_value: 23, dl_path_loss: 179
2026-09-02 02:17:02.930816 RFHAL_KERNEL_BIN_TRACE_TX_OFF TX OFF: gen: 0x4c0, s: 45734, e: 19706534
2026-09-02 02:17:02.933166 RFHAL_KERNEL_BIN_TRACE_RX_ON RX ON -- AntPwr: -117, FreqCtrl: 0x380d5700, OF|AnaGi|AdcAttn|BQ|BWs: 0x07000700, dsp_corr: -9198
2026-09-02 02:17:02.968231 L1_DEFAULT_INFO_SERVING_CELL_MEASUREMENTS earfcn: 229232, pci: 22, rsrp: -135, rsrq: -19, SNR: -8
2026-09-02 02:17:02.969146 RFHAL_KERNEL_BIN_TRACE_RX_OFF RX OFF -- AntPwr: -118, prev W/NBPM: -93, -115, TF|AltADC|DCI/Q(Q5): 0x001a0c, s: 40062, e: 2804865
2026-09-02 02:17:02.971099 RFHAL_KERNEL_BIN_TRACE_TX_ON TX ON: gen: 0xf4bf0ae7, cmn: 0x4df4, norm: 0x45464, 0xb84e00, 0xc027, mrx: 0xa8805c, dsp_corr: 9353
2026-09-02 02:17:02.971130 L1_TX_POWER_PUSCH sys_frame_number: 297, sub_frame_number: 7, pusch_tx_power_value: 23, dl_path_loss: 181
2026-09-02 02:17:03.226837 RFHAL_KERNEL_BIN_TRACE_TX_OFF TX OFF: gen: 0x541, s: 45732, e: 19706532
2026-09-02 02:17:03.229156 RFHAL_KERNEL_BIN_TRACE_RX_ON RX ON -- AntPwr: -118, FreqCtrl: 0x380d5700, OF|AnaGi|AdcAttn|BQ|BWs: 0x07000700, dsp_corr: -9277
2026-09-02 02:17:03.264251 L1_DEFAULT_INFO_SERVING_CELL_MEASUREMENTS earfcn: 229232, pci: 22, rsrp: -136, rsrq: -20, SNR: -8
2026-09-02 02:17:03.265167 RFHAL_KERNEL_BIN_TRACE_RX_OFF RX OFF -- AntPwr: -117, prev W/NBPM: -93, -114, TF|AltADC|DCI/Q(Q5): 0x001a0b, s: 39975, e: 2804778
2026-09-02 02:17:03.267120 RFHAL_KERNEL_BIN_TRACE_TX_ON TX ON: gen: 0xf4bf0ae7, cmn: 0x4df4, norm: 0x45464, 0xb84e00, 0xc027, mrx: 0xa8805c, dsp_corr: 9432
2026-09-02 02:17:03.267150 L1_TX_POWER_PUSCH sys_frame_number: 327, sub_frame_number: 3, pusch_tx_power_value: 23, dl_path_loss: 182
2026-09-02 02:17:03.522827 RFHAL_KERNEL_BIN_TRACE_TX_OFF TX OFF: gen: 0x5c2, s: 45732, e: 19706532
2026-09-02 02:17:03.525177 RFHAL_KERNEL_BIN_TRACE_RX_ON RX ON -- AntPwr: -117, FreqCtrl: 0x380d5700, OF|AnaGi|AdcAttn|BQ|BWs: 0x07000700, dsp_corr: -9355
2026-09-02 02:17:03.560272 L1_DEFAULT_INFO_SERVING_CELL_MEASUREMENTS earfcn: 229232, pci: 22, rsrp: -136, rsrq: -20, SNR: -8
2026-09-02 02:17:03.561187 RFHAL_KERNEL_BIN_TRACE_RX_OFF RX OFF -- AntPwr: -116, prev W/NBPM: -93, -112, TF|AltADC|DCI/Q(Q5): 0x001a0b, s: 39967, e: 2804770
2026-09-02 02:17:03.563110 RFHAL_KERNEL_BIN_TRACE_TX_ON TX ON: gen: 0xf4bf0ae7, cmn: 0x4df4, norm: 0x45464, 0xb84e00, 0xc027, mrx: 0x98805c, dsp_corr: 9520
2026-09-02 02:17:03.563140 L1_TX_POWER_PUSCH sys_frame_number: 356, sub_frame_number: 9, pusch_tx_power_value: 23, dl_path_loss: 180
2026-09-02 02:17:03.818847 RFHAL_KERNEL_BIN_TRACE_TX_OFF TX OFF: gen: 0x643, s: 45733, e: 19706533
2026-09-02 02:17:03.821197 RFHAL_KERNEL_BIN_TRACE_RX_ON RX ON -- AntPwr: -116, FreqCtrl: 0x380d5700, OF|AnaGi|AdcAttn|BQ|BWs: 0x07000700, dsp_corr: -9423
2026-09-02 02:17:03.856292 L1_DEFAULT_INFO_SERVING_CELL_MEASUREMENTS earfcn: 229232, pci: 22, rsrp: -134, rsrq: -18, SNR: -7
2026-09-02 02:17:03.857208 RFHAL_KERNEL_BIN_TRACE_RX_OFF RX OFF -- AntPwr: -117, prev W/NBPM: -93, -114, TF|AltADC|DCI/Q(Q5): 0x001a0b, s: 40013, e: 2804816
2026-09-02 02:17:03.859130 RFHAL_KERNEL_BIN_TRACE_TX_ON TX ON: gen: 0xf4bf0ae7, cmn: 0x4df4, norm: 0x45464, 0xb84e00, 0xc027, mrx: 0xa8805c, dsp_corr: 9608
2026-09-02 02:17:03.859161 L1_TX_POWER_PUSCH sys_frame_number: 386, sub_frame_number: 5, pusch_tx_power_value: 23, dl_path_loss: 178
2026-09-02 02:17:04.114837 RFHAL_KERNEL_BIN_TRACE_TX_OFF TX OFF: gen: 0x6c4, s: 45732, e: 19706532
2026-09-02 02:17:04.117187 RFHAL_KERNEL_BIN_TRACE_RX_ON RX ON -- AntPwr: -117, FreqCtrl: 0x380d5700, OF|AnaGi|AdcAttn|BQ|BWs: 0x07000700, dsp_corr: -9491
2026-09-02 02:17:04.152313 L1_DEFAULT_INFO_SERVING_CELL_MEASUREMENTS earfcn: 229232, pci: 22, rsrp: -134, rsrq: -18, SNR: -9
2026-09-02 02:17:04.153198 RFHAL_KERNEL_BIN_TRACE_RX_OFF RX OFF -- AntPwr: -117, prev W/NBPM: -92, -116, TF|AltADC|DCI/Q(Q5): 0x001a0b, s: 39971, e: 2804774
2026-09-02 02:17:04.155120 RFHAL_KERNEL_BIN_TRACE_TX_ON TX ON: gen: 0xf4bf0ae7, cmn: 0x4df4, norm: 0x45464, 0xb84e00, 0xc027, mrx: 0xa8805c, dsp_corr: 9676
2026-09-02 02:17:04.155151 L1_TX_POWER_PUSCH sys_frame_number: 416, sub_frame_number: 1, pusch_tx_power_value: 23, dl_path_loss: 180
2026-09-02 02:17:04.410858 RFHAL_KERNEL_BIN_TRACE_TX_OFF TX OFF: gen: 0x745, s: 45732, e: 19706532
2026-09-02 02:17:04.413208 RFHAL_KERNEL_BIN_TRACE_RX_ON RX ON -- AntPwr: -117, FreqCtrl: 0x380d5700, OF|AnaGi|AdcAttn|BQ|BWs: 0x07000700, dsp_corr: -9578
2026-09-02 02:17:04.419433 L23_ERRC_3GPP_TIMER_START 6 START, timeout 0 ms
2026-09-02 02:17:04.419677 L23_ERRC_3GPP_TIMER_STOP 6 STOP
2026-09-02 02:17:04.419677 L23_ERRC_3GPP_TIMER_STOP 9 STOP
2026-09-02 02:17:04.420623 NAS_PDU_CONTROL_SERVICE_REQUEST_W_NAS_PDU_ESM_DATA_TRANSPORT CONTROL PLANE SERVICE REQUEST(ESM DATA TRANSPORT) [570000000000074d0078006a5200eb00654500006500030000ff116e666450000340b5a816e854138d00513d2d3335393430343233353436383933322c2c343833342c392c3235362c302c39303139372c2d33302e30332c2d35312e32312c392c39392e39392c32382c3939392e39392c39392e393957022000]
2026-09-02 02:17:04.422210 RFHAL_KERNEL_BIN_TRACE_RX_OFF RX OFF -- AntPwr: -117, prev W/NBPM: -92, -115, TF|AltADC|DCI/Q(Q5): 0x001a0b, s: 40056, e: 731259
2026-09-02 02:17:04.424255 L23_DEFAULT_INFO_CP_RAI ESM DATA TRANSPORT(tr_id=20): 0
2026-09-02 02:17:04.424408 L23_DEFAULT_INFO_EMM_STATE_VALUE emm_state: 4, emm_substate: 1
2026-09-02 02:17:04.425506 L23_AT_STRING <= +CSCON: 0\r\n
2026-09-02 02:17:04.430328 RFHAL_KERNEL_BIN_TRACE_RX_ON RX ON -- AntPwr: -103, FreqCtrl: 0x380d5700, OF|AnaGi|AdcAttn|BQ|BWs: 0x07000700, dsp_corr: 6141
2026-09-02 02:17:04.441314 RFHAL_KERNEL_BIN_TRACE_RX_OFF RX OFF -- AntPwr: -114, prev W/NBPM: -92, -114, TF|AltADC|DCI/Q(Q5): 0x001a0b, s: 496064, e: 1340864
2026-09-02 02:17:04.448242 RFHAL_KERNEL_BIN_TRACE_RX_ON RX ON -- AntPwr: -103, FreqCtrl: 0x380d5700, OF|AnaGi|AdcAttn|BQ|BWs: 0x07000700, dsp_corr: -6141
2026-09-02 02:17:04.459228 RFHAL_KERNEL_BIN_TRACE_RX_OFF RX OFF -- AntPwr: -114, prev W/NBPM: -93, -114, TF|AltADC|DCI/Q(Q5): 0x001a0b, s: 496106, e: 1340906
2026-09-02 02:17:04.466125 RFHAL_KERNEL_BIN_TRACE_RX_ON RX ON -- AntPwr: -104, FreqCtrl: 0x380d5700, OF|AnaGi|AdcAttn|BQ|BWs: 0x07000700, dsp_corr: 18423
2026-09-02 02:17:04.477111 RFHAL_KERNEL_BIN_TRACE_RX_OFF RX OFF -- AntPwr: -115, prev W/NBPM: -93, -115, TF|AltADC|DCI/Q(Q5): 0x001a0b, s: 496055, e: 1340855
2026-09-02 02:17:04.484008 RFHAL_KERNEL_BIN_TRACE_RX_ON RX ON -- AntPwr: -104, FreqCtrl: 0x380d5700, OF|AnaGi|AdcAttn|BQ|BWs: 0x07000700, dsp_corr: -18423
2026-09-02 02:17:04.495025 RFHAL_KERNEL_BIN_TRACE_RX_OFF RX OFF -- AntPwr: -115, prev W/NBPM: -93, -115, TF|AltADC|DCI/Q(Q5): 0x001a0b, s: 496054, e: 1340854
2026-09-02 02:17:04.502288 RFHAL_KERNEL_BIN_TRACE_RX_ON RX ON -- AntPwr: -103, FreqCtrl: 0x380d5700, OF|AnaGi|AdcAttn|BQ|BWs: 0x07000700, dsp_corr: 6141
2026-09-02 02:17:04.513275 RFHAL_KERNEL_BIN_TRACE_RX_OFF RX OFF -- AntPwr: -114, prev W/NBPM: -93, -114, TF|AltADC|DCI/Q(Q5): 0x001a0b, s: 495956, e: 1340756
2026-09-02 02:17:04.520172 RFHAL_KERNEL_BIN_TRACE_RX_ON RX ON -- AntPwr: -106, FreqCtrl: 0x380d5700, OF|AnaGi|AdcAttn|BQ|BWs: 0x07000700, dsp_corr: -6141
2026-09-02 02:17:04.531158 RFHAL_KERNEL_BIN_TRACE_RX_OFF RX OFF -- AntPwr: -114, prev W/NBPM: -92, -114, TF|AltADC|DCI/Q(Q5): 0x001a0b, s: 496073, e: 1340873
2026-09-02 02:17:04.538055 RFHAL_KERNEL_BIN_TRACE_RX_ON RX ON -- AntPwr: -102, FreqCtrl: 0x380d5700, OF|AnaGi|AdcAttn|BQ|BWs: 0x07000700, dsp_corr: 18423
2026-09-02 02:17:04.549072 RFHAL_KERNEL_BIN_TRACE_RX_OFF RX OFF -- AntPwr: -114, prev W/NBPM: -92, -114, TF|AltADC|DCI/Q(Q5): 0x001a0b, s: 496059, e: 1340859
2026-09-02 02:17:04.555969 RFHAL_KERNEL_BIN_TRACE_RX_ON RX ON -- AntPwr: -104, FreqCtrl: 0x380d5700, OF|AnaGi|AdcAttn|BQ|BWs: 0x07000700, dsp_corr: -18423
2026-09-02 02:17:04.566955 RFHAL_KERNEL_BIN_TRACE_RX_OFF RX OFF -- AntPwr: -114, prev W/NBPM: -93, -114, TF|AltADC|DCI/Q(Q5): 0x001a0b, s: 496055, e: 1340855
2026-09-02 02:17:04.567565 L23_DEFAULT_INFO_RRCSTATECHANGEEVENT RRC State: 1
2026-09-02 02:17:04.568359 L23_DEFAULT_INFO_EMM_STATE_VALUE emm_state: 4, emm_substate: 5
2026-09-02 02:17:04.569854 L23_AT_STRING <= +CEREG: 4\r\n
2026-09-02 02:17:04.575927 RFHAL_KERNEL_BIN_TRACE_RX_ON RX ON -- AntPwr: -102, FreqCtrl: 0x380d5700, OF|AnaGi|AdcAttn|BQ|BWs: 0x07000700, dsp_corr: 6141
2026-09-02 02:17:04.586914 RFHAL_KERNEL_BIN_TRACE_RX_OFF RX OFF -- AntPwr: -114, prev W/NBPM: -93, -114, TF|AltADC|DCI/Q(Q5): 0x001a0b, s: 496120, e: 1340920
2026-09-02 02:17:04.593811 RFHAL_KERNEL_BIN_TRACE_RX_ON RX ON -- AntPwr: -103, FreqCtrl: 0x380d5700, OF|AnaGi|AdcAttn|BQ|BWs: 0x07000700, dsp_corr: -6141
2026-09-02 02:17:04.604827 RFHAL_KERNEL_BIN_TRACE_RX_OFF RX OFF -- AntPwr: -114, prev W/NBPM: -93, -114, TF|AltADC|DCI/Q(Q5): 0x001a0b, s: 496099, e: 1340899
2026-09-02 02:17:04.611724 RFHAL_KERNEL_BIN_TRACE_RX_ON RX ON -- AntPwr: -104, FreqCtrl: 0x380d5700, OF|AnaGi|AdcAttn|BQ|BWs: 0x07000700, dsp_corr: 18423
2026-09-02 02:17:04.622711 RFHAL_KERNEL_BIN_TRACE_RX_OFF RX OFF -- AntPwr: -115, prev W/NBPM: -93, -115, TF|AltADC|DCI/Q(Q5): 0x001a0b, s: 496053, e: 1340853
2026-09-02 02:17:04.629608 RFHAL_KERNEL_BIN_TRACE_RX_ON RX ON -- AntPwr: -103, FreqCtrl: 0x380d5700, OF|AnaGi|AdcAttn|BQ|BWs: 0x07000700, dsp_corr: -18423
2026-09-02 02:17:04.640594 RFHAL_KERNEL_BIN_TRACE_RX_OFF RX OFF -- AntPwr: -114, prev W/NBPM: -92, -114, TF|AltADC|DCI/Q(Q5): 0x001a0b, s: 496055, e: 1340855
2026-09-02 02:17:04.641204 L23_DEFAULT_INFO_RRCSTATECHANGEEVENT RRC State: 1
2026-09-02 02:17:04.641693 L23_DEFAULT_INFO_EMM_STATE_VALUE emm_state: 4, emm_substate: 4
2026-09-02 02:17:04.641876 L23_DEFAULT_INFO_RRCSTATECHANGEEVENT RRC State: 0
2026-09-02 02:17:04.641876 L23_ERRC_3GPP_TIMER_STOP 0 STOP
2026-09-02 02:17:04.641876 L23_ERRC_3GPP_TIMER_STOP 1 STOP
2026-09-02 02:17:04.641876 L23_ERRC_3GPP_TIMER_STOP 4 STOP
2026-09-02 02:17:04.641906 L23_ERRC_3GPP_TIMER_STOP 6 STOP
2026-09-02 02:17:04.641906 L23_ERRC_3GPP_TIMER_STOP 7 STOP
2026-09-02 02:17:04.641906 L23_ERRC_3GPP_TIMER_STOP 9 STOP
2026-09-02 02:17:04.641906 L23_ERRC_3GPP_TIMER_STOP 10 STOP
2026-09-02 02:17:04.641906 L23_ERRC_3GPP_TIMER_STOP 13 STOP
2026-09-02 02:17:04.641937 L23_ERRC_3GPP_TIMER_STOP 11 STOP
2026-09-02 02:17:04.641937 L23_ERRC_3GPP_TIMER_STOP 12 STOP
2026-09-02 02:17:04.643402 L23_AT_STRING <= +CEREG: 91,,,14\r\n
2026-09-02 02:17:06.642028 L23_DEFAULT_INFO_RRCSTATECHANGEEVENT RRC State: 0
2026-09-02 02:17:06.663391 L23_DEFAULT_INFO_RRCSTATECHANGEEVENT RRC State: 1
2026-09-02 02:17:06.664367 L23_DEFAULT_INFO_EMM_STATE_VALUE emm_state: 4, emm_substate: 5
2026-09-02 02:17:06.674530 RFHAL_KERNEL_BIN_TRACE_RX_ON RX ON -- AntPwr: -104, FreqCtrl: 0x380d5700, OF|AnaGi|AdcAttn|BQ|BWs: 0x07000700, dsp_corr: 6141
2026-09-02 02:17:06.685546 RFHAL_KERNEL_BIN_TRACE_RX_OFF RX OFF -- AntPwr: -113, prev W/NBPM: -93, -113, TF|AltADC|DCI/Q(Q5): 0x001a0b, s: 550586, e: 1395386
2026-09-02 02:17:06.692443 RFHAL_KERNEL_BIN_TRACE_RX_ON RX ON -- AntPwr: -101, FreqCtrl: 0x380d5700, OF|AnaGi|AdcAttn|BQ|BWs: 0x07000700, dsp_corr: -6141
2026-09-02 02:17:06.703430 RFHAL_KERNEL_BIN_TRACE_RX_OFF RX OFF -- AntPwr: -114, prev W/NBPM: -93, -114, TF|AltADC|DCI/Q(Q5): 0x001a0b, s: 496055, e: 1340855
2026-09-02 02:17:06.710327 RFHAL_KERNEL_BIN_TRACE_RX_ON RX ON -- AntPwr: -103, FreqCtrl: 0x380d5700, OF|AnaGi|AdcAttn|BQ|BWs: 0x07000700, dsp_corr: 18423
2026-09-02 02:17:06.721313 RFHAL_KERNEL_BIN_TRACE_RX_OFF RX OFF -- AntPwr: -114, prev W/NBPM: -92, -114, TF|AltADC|DCI/Q(Q5): 0x001a0b, s: 496051, e: 1340851
2026-09-02 02:17:06.728210 RFHAL_KERNEL_BIN_TRACE_RX_ON RX ON -- AntPwr: -104, FreqCtrl: 0x380d5700, OF|AnaGi|AdcAttn|BQ|BWs: 0x07000700, dsp_corr: -18423
2026-09-02 02:17:06.739227 RFHAL_KERNEL_BIN_TRACE_RX_OFF RX OFF -- AntPwr: -114, prev W/NBPM: -92, -114, TF|AltADC|DCI/Q(Q5): 0x001a0b, s: 496054, e: 1340854
2026-09-02 02:17:06.739807 L23_DEFAULT_INFO_RRCSTATECHANGEEVENT RRC State: 1
2026-09-02 02:17:06.740264 L23_DEFAULT_INFO_EMM_STATE_VALUE emm_state: 4, emm_substate: 4
2026-09-02 02:17:06.740448 L23_DEFAULT_INFO_RRCSTATECHANGEEVENT RRC State: 0
2026-09-02 02:17:06.740448 L23_ERRC_3GPP_TIMER_STOP 0 STOP
2026-09-02 02:17:06.740478 L23_ERRC_3GPP_TIMER_STOP 1 STOP
2026-09-02 02:17:06.740478 L23_ERRC_3GPP_TIMER_STOP 4 STOP
2026-09-02 02:17:06.740478 L23_ERRC_3GPP_TIMER_STOP 6 STOP
2026-09-02 02:17:06.740478 L23_ERRC_3GPP_TIMER_STOP 7 STOP
2026-09-02 02:17:06.740478 L23_ERRC_3GPP_TIMER_STOP 9 STOP
2026-09-02 02:17:06.740509 L23_ERRC_3GPP_TIMER_STOP 10 STOP
2026-09-02 02:17:06.740509 L23_ERRC_3GPP_TIMER_STOP 13 STOP
2026-09-02 02:17:06.740509 L23_ERRC_3GPP_TIMER_STOP 11 STOP
2026-09-02 02:17:06.740509 L23_ERRC_3GPP_TIMER_STOP 12 STOP
2026-09-02 02:17:08.740600 L23_DEFAULT_INFO_RRCSTATECHANGEEVENT RRC State: 0
2026-09-02 02:17:08.761993 L23_DEFAULT_INFO_RRCSTATECHANGEEVENT RRC State: 1
2026-09-02 02:17:08.762939 L23_DEFAULT_INFO_EMM_STATE_VALUE emm_state: 4, emm_substate: 5
2026-09-02 02:17:08.773101 RFHAL_KERNEL_BIN_TRACE_RX_ON RX ON -- AntPwr: -103, FreqCtrl: 0x380d5700, OF|AnaGi|AdcAttn|BQ|BWs: 0x07000700, dsp_corr: 6141
2026-09-02 02:17:08.784088 RFHAL_KERNEL_BIN_TRACE_RX_OFF RX OFF -- AntPwr: -113, prev W/NBPM: -92, -113, TF|AltADC|DCI/Q(Q5): 0x001a0b, s: 550585, e: 1395385
2026-09-02 02:17:08.793579 RFHAL_KERNEL_BIN_TRACE_RX_ON RX ON -- AntPwr: -113, FreqCtrl: 0x380d5700, OF|AnaGi|AdcAttn|BQ|BWs: 0x07000700, dsp_corr: 6141
2026-09-02 02:17:08.794403 RFHAL_KERNEL_BIN_TRACE_RX_OFF RX OFF -- AntPwr: -113, prev W/NBPM: -93, -115, TF|AltADC|DCI/Q(Q5): 0x001a0b, s: 54030, e: 115630
2026-09-02 02:17:08.797576 RFHAL_KERNEL_BIN_TRACE_RX_ON RX ON -- AntPwr: -115, FreqCtrl: 0x380d5700, OF|AnaGi|AdcAttn|BQ|BWs: 0x07000700, dsp_corr: 6141
2026-09-02 02:17:08.798400 RFHAL_KERNEL_BIN_TRACE_RX_OFF RX OFF -- AntPwr: -115, prev W/NBPM: -93, -114, TF|AltADC|DCI/Q(Q5): 0x001a0b, s: 54228, e: 115828
2026-09-02 02:17:08.803588 RFHAL_KERNEL_BIN_TRACE_RX_ON RX ON -- AntPwr: -114, FreqCtrl: 0x380d5700, OF|AnaGi|AdcAttn|BQ|BWs: 0x07000700, dsp_corr: 6141
2026-09-02 02:17:08.804412 RFHAL_KERNEL_BIN_TRACE_RX_OFF RX OFF -- AntPwr: -114, prev W/NBPM: -92, -114, TF|AltADC|DCI/Q(Q5): 0x001a0b, s: 54231, e: 115831
2026-09-02 02:17:08.807586 RFHAL_KERNEL_BIN_TRACE_RX_ON RX ON -- AntPwr: -114, FreqCtrl: 0x380d5700, OF|AnaGi|AdcAttn|BQ|BWs: 0x07000700, dsp_corr: 6141
2026-09-02 02:17:08.808380 RFHAL_KERNEL_BIN_TRACE_RX_OFF RX OFF -- AntPwr: -114, prev W/NBPM: -93, -113, TF|AltADC|DCI/Q(Q5): 0x001a0b, s: 54233, e: 115833
2026-09-02 02:17:08.816314 RFHAL_KERNEL_BIN_TRACE_RX_ON RX ON -- AntPwr: -104, FreqCtrl: 0x380d5700, OF|AnaGi|AdcAttn|BQ|BWs: 0x07000700, dsp_corr: -6141
2026-09-02 02:17:08.827301 RFHAL_KERNEL_BIN_TRACE_RX_OFF RX OFF -- AntPwr: -114, prev W/NBPM: -93, -114, TF|AltADC|DCI/Q(Q5): 0x001a0b, s: 496090, e: 1340890
2026-09-02 02:17:08.833587 RFHAL_KERNEL_BIN_TRACE_RX_ON RX ON -- AntPwr: -113, FreqCtrl: 0x380d5700, OF|AnaGi|AdcAttn|BQ|BWs: 0x07000700, dsp_corr: -6141
2026-09-02 02:17:08.834411 RFHAL_KERNEL_BIN_TRACE_RX_OFF RX OFF -- AntPwr: -113, prev W/NBPM: -93, -115, TF|AltADC|DCI/Q(Q5): 0x001a0b, s: 54137, e: 115737
2026-09-02 02:17:08.837585 RFHAL_KERNEL_BIN_TRACE_RX_ON RX ON -- AntPwr: -115, FreqCtrl: 0x380d5700, OF|AnaGi|AdcAttn|BQ|BWs: 0x07000700, dsp_corr: -6141
2026-09-02 02:17:08.838409 RFHAL_KERNEL_BIN_TRACE_RX_OFF RX OFF -- AntPwr: -115, prev W/NBPM: -93, -114, TF|AltADC|DCI/Q(Q5): 0x001a0b, s: 54230, e: 115830
2026-09-02 02:17:08.843597 RFHAL_KERNEL_BIN_TRACE_RX_ON RX ON -- AntPwr: -114, FreqCtrl: 0x380d5700, OF|AnaGi|AdcAttn|BQ|BWs: 0x07000700, dsp_corr: -6141
2026-09-02 02:17:08.844421 RFHAL_KERNEL_BIN_TRACE_RX_OFF RX OFF -- AntPwr: -114, prev W/NBPM: -93, -114, TF|AltADC|DCI/Q(Q5): 0x001a0b, s: 54233, e: 115833
2026-09-02 02:17:08.847595 RFHAL_KERNEL_BIN_TRACE_RX_ON RX ON -- AntPwr: -114, FreqCtrl: 0x380d5700, OF|AnaGi|AdcAttn|BQ|BWs: 0x07000700, dsp_corr: -6141
2026-09-02 02:17:08.848419 RFHAL_KERNEL_BIN_TRACE_RX_OFF RX OFF -- AntPwr: -114, prev W/NBPM: -92, -113, TF|AltADC|DCI/Q(Q5): 0x001a0b, s: 54232, e: 115832
2026-09-02 02:17:08.857208 RFHAL_KERNEL_BIN_TRACE_RX_ON RX ON -- AntPwr: -104, FreqCtrl: 0x380d5700, OF|AnaGi|AdcAttn|BQ|BWs: 0x07000700, dsp_corr: -10649
2026-09-02 02:17:08.878204 RFHAL_KERNEL_BIN_TRACE_RX_OFF RX OFF -- AntPwr: -113, prev W/NBPM: -93, -114, TF|AltADC|DCI/Q(Q5): 0x001a0b, s: 562932, e: 2175732
2026-09-02 02:17:08.880401 L1_DEFAULT_INFO_NEIGHBOR_CELL_MEASUREMENTS earfcn: 229232, pci: 22, rsrp: -128, rsrq: -12
2026-09-02 02:17:08.888397 RFHAL_KERNEL_BIN_TRACE_RX_ON RX ON -- AntPwr: -113, FreqCtrl: 0x380d5700, OF|AnaGi|AdcAttn|BQ|BWs: 0x07000700, dsp_corr: -10649
2026-09-02 02:17:08.889404 RFHAL_KERNEL_BIN_TRACE_RX_OFF RX OFF -- AntPwr: -113, prev W/NBPM: -93, -114, TF|AltADC|DCI/Q(Q5): 0x001a0b, s: 39268, e: 116071
2026-09-02 02:17:08.893402 RFHAL_KERNEL_BIN_TRACE_RX_ON RX ON -- AntPwr: -114, FreqCtrl: 0x380d5700, OF|AnaGi|AdcAttn|BQ|BWs: 0x07000700, dsp_corr: -10648
2026-09-02 02:17:08.894409 RFHAL_KERNEL_BIN_TRACE_RX_OFF RX OFF -- AntPwr: -114, prev W/NBPM: -93, -114, TF|AltADC|DCI/Q(Q5): 0x001a0b, s: 39407, e: 116210
2026-09-02 02:17:08.898407 RFHAL_KERNEL_BIN_TRACE_RX_ON RX ON -- AntPwr: -114, FreqCtrl: 0x380d5700, OF|AnaGi|AdcAttn|BQ|BWs: 0x07000700, dsp_corr: -10658
2026-09-02 02:17:08.899383 RFHAL_KERNEL_BIN_TRACE_RX_OFF RX OFF -- AntPwr: -114, prev W/NBPM: -93, -114, TF|AltADC|DCI/Q(Q5): 0x001a0b, s: 39380, e: 116183
2026-09-02 02:17:08.903381 RFHAL_KERNEL_BIN_TRACE_RX_ON RX ON -- AntPwr: -115, FreqCtrl: 0x380d5700, OF|AnaGi|AdcAttn|BQ|BWs: 0x07000700, dsp_corr: -10658
2026-09-02 02:17:08.904418 RFHAL_KERNEL_BIN_TRACE_RX_OFF RX OFF -- AntPwr: -115, prev W/NBPM: -92, -114, TF|AltADC|DCI/Q(Q5): 0x001a0b, s: 39388, e: 116191
2026-09-02 02:17:08.907379 RFHAL_KERNEL_BIN_TRACE_RX_ON RX ON -- AntPwr: -115, FreqCtrl: 0x380d5700, OF|AnaGi|AdcAttn|BQ|BWs: 0x07000700, dsp_corr: -10668
2026-09-02 02:17:08.909393 RFHAL_KERNEL_BIN_TRACE_RX_OFF RX OFF -- AntPwr: -114, prev W/NBPM: -93, -114, TF|AltADC|DCI/Q(Q5): 0x001a0b, s: 40178, e: 193781
2026-09-02 02:17:08.909606 L1_DCI_DEC_NBIOT_MIB_EARFCN_PRESENT current earfcn:229232, lsb of earfcn:0
2026-09-02 02:17:08.909637 L1_DCI_DEC_NBIOT_MIB_DECODE modem: sib1br_tbs:3, value_tag:0, ab_enabled:0, operation_mode:3, channel_raster_offset:0*2.5kHz, num_crs_port:0
2026-09-02 02:17:08.909668 L1_PEER_MSG_MIB_NB MasterInformationBlock-NB [d8c0c04000]
2026-09-02 02:17:09.183624 RFHAL_KERNEL_BIN_TRACE_RX_ON RX ON -- AntPwr: -115, FreqCtrl: 0x380d5700, OF|AnaGi|AdcAttn|BQ|BWs: 0x07000700, dsp_corr: -10668
2026-09-02 02:17:09.184417 RFHAL_KERNEL_BIN_TRACE_RX_OFF RX OFF -- AntPwr: -115, prev W/NBPM: -93, -114, TF|AltADC|DCI/Q(Q5): 0x001a0b, s: 95874, e: 157474
2026-09-02 02:17:09.187591 RFHAL_KERNEL_BIN_TRACE_RX_ON RX ON -- AntPwr: -114, FreqCtrl: 0x380d5700, OF|AnaGi|AdcAttn|BQ|BWs: 0x07000700, dsp_corr: -10668
2026-09-02 02:17:09.188446 RFHAL_KERNEL_BIN_TRACE_RX_OFF RX OFF -- AntPwr: -114, prev W/NBPM: -93, -115, TF|AltADC|DCI/Q(Q5): 0x001a0b, s: 54905, e: 119065
2026-09-02 02:17:09.193603 RFHAL_KERNEL_BIN_TRACE_RX_ON RX ON -- AntPwr: -115, FreqCtrl: 0x380d5700, OF|AnaGi|AdcAttn|BQ|BWs: 0x07000700, dsp_corr: -10668
2026-09-02 02:17:09.194427 RFHAL_KERNEL_BIN_TRACE_RX_OFF RX OFF -- AntPwr: -115, prev W/NBPM: -92, -112, TF|AltADC|DCI/Q(Q5): 0x001a0b, s: 55040, e: 119200
2026-09-02 02:17:09.203613 RFHAL_KERNEL_BIN_TRACE_RX_ON RX ON -- AntPwr: -112, FreqCtrl: 0x380d5700, OF|AnaGi|AdcAttn|BQ|BWs: 0x07000700, dsp_corr: -10668
2026-09-02 02:17:09.204437 RFHAL_KERNEL_BIN_TRACE_RX_OFF RX OFF -- AntPwr: -112, prev W/NBPM: -93, -113, TF|AltADC|DCI/Q(Q5): 0x001a0b, s: 55037, e: 119197
2026-09-02 02:17:09.207611 RFHAL_KERNEL_BIN_TRACE_RX_ON RX ON -- AntPwr: -113, FreqCtrl: 0x380d5700, OF|AnaGi|AdcAttn|BQ|BWs: 0x07000700, dsp_corr: -10668
2026-09-02 02:17:09.208435 RFHAL_KERNEL_BIN_TRACE_RX_OFF RX OFF -- AntPwr: -113, prev W/NBPM: -93, -113, TF|AltADC|DCI/Q(Q5): 0x001a0b, s: 55823, e: 119983
2026-09-02 02:17:09.213592 RFHAL_KERNEL_BIN_TRACE_RX_ON RX ON -- AntPwr: -113, FreqCtrl: 0x380d5700, OF|AnaGi|AdcAttn|BQ|BWs: 0x07000700, dsp_corr: -10668
2026-09-02 02:17:09.214447 RFHAL_KERNEL_BIN_TRACE_RX_OFF RX OFF -- AntPwr: -113, prev W/NBPM: -93, -113, TF|AltADC|DCI/Q(Q5): 0x001a0b, s: 55041, e: 119201
2026-09-02 02:17:09.223602 RFHAL_KERNEL_BIN_TRACE_RX_ON RX ON -- AntPwr: -113, FreqCtrl: 0x380d5700, OF|AnaGi|AdcAttn|BQ|BWs: 0x07000700, dsp_corr: -10668
2026-09-02 02:17:09.224426 RFHAL_KERNEL_BIN_TRACE_RX_OFF RX OFF -- AntPwr: -113, prev W/NBPM: -92, -114, TF|AltADC|DCI/Q(Q5): 0x001a0b, s: 55034, e: 119194
2026-09-02 02:17:09.278411 RFHAL_KERNEL_BIN_TRACE_RX_ON RX ON -- AntPwr: -114, FreqCtrl: 0x380d5700, OF|AnaGi|AdcAttn|BQ|BWs: 0x07000700, dsp_corr: -10794
2026-09-02 02:17:09.279418 RFHAL_KERNEL_BIN_TRACE_RX_OFF RX OFF -- AntPwr: -114, prev W/NBPM: -92, -115, TF|AltADC|DCI/Q(Q5): 0x001a0b, s: 39391, e: 116194
2026-09-02 02:17:09.282409 RFHAL_KERNEL_BIN_TRACE_RX_ON RX ON -- AntPwr: -115, FreqCtrl: 0x380d5700, OF|AnaGi|AdcAttn|BQ|BWs: 0x07000700, dsp_corr: -10793
2026-09-02 02:17:09.284423 RFHAL_KERNEL_BIN_TRACE_RX_OFF RX OFF -- AntPwr: -115, prev W/NBPM: -93, -115, TF|AltADC|DCI/Q(Q5): 0x001a0b, s: 40114, e: 193717
2026-09-02 02:17:09.287414 RFHAL_KERNEL_BIN_TRACE_RX_ON RX ON -- AntPwr: -115, FreqCtrl: 0x380d5700, OF|AnaGi|AdcAttn|BQ|BWs: 0x07000700, dsp_corr: -10793
2026-09-02 02:17:09.289398 RFHAL_KERNEL_BIN_TRACE_RX_OFF RX OFF -- AntPwr: -113, prev W/NBPM: -93, -113, TF|AltADC|DCI/Q(Q5): 0x001a0b, s: 40161, e: 193764
2026-09-02 02:17:09.292419 RFHAL_KERNEL_BIN_TRACE_RX_ON RX ON -- AntPwr: -115, FreqCtrl: 0x380d5700, OF|AnaGi|AdcAttn|BQ|BWs: 0x07000700, dsp_corr: -10793
2026-09-02 02:17:09.294433 RFHAL_KERNEL_BIN_TRACE_RX_OFF RX OFF -- AntPwr: -115, prev W/NBPM: -93, -115, TF|AltADC|DCI/Q(Q5): 0x001a0b, s: 40159, e: 193762
2026-09-02 02:17:09.297424 RFHAL_KERNEL_BIN_TRACE_RX_ON RX ON -- AntPwr: -115, FreqCtrl: 0x380d5700, OF|AnaGi|AdcAttn|BQ|BWs: 0x07000700, dsp_corr: -10803
2026-09-02 02:17:09.299408 RFHAL_KERNEL_BIN_TRACE_RX_OFF RX OFF -- AntPwr: -115, prev W/NBPM: -93, -115, TF|AltADC|DCI/Q(Q5): 0x001a0b, s: 40173, e: 193776
2026-09-02 02:17:09.302398 RFHAL_KERNEL_BIN_TRACE_RX_ON RX ON -- AntPwr: -115, FreqCtrl: 0x380d5700, OF|AnaGi|AdcAttn|BQ|BWs: 0x07000700, dsp_corr: -10803
2026-09-02 02:17:09.304412 RFHAL_KERNEL_BIN_TRACE_RX_OFF RX OFF -- AntPwr: -116, prev W/NBPM: -93, -116, TF|AltADC|DCI/Q(Q5): 0x001a0b, s: 40128, e: 193731
2026-09-02 02:17:09.307403 RFHAL_KERNEL_BIN_TRACE_RX_ON RX ON -- AntPwr: -115, FreqCtrl: 0x380d5700, OF|AnaGi|AdcAttn|BQ|BWs: 0x07000700, dsp_corr: -10813
2026-09-02 02:17:09.309417 RFHAL_KERNEL_BIN_TRACE_RX_OFF RX OFF -- AntPwr: -116, prev W/NBPM: -93, -116, TF|AltADC|DCI/Q(Q5): 0x001a0b, s: 40173, e: 193776
2026-09-02 02:17:09.312408 RFHAL_KERNEL_BIN_TRACE_RX_ON RX ON -- AntPwr: -116, FreqCtrl: 0x380d5700, OF|AnaGi|AdcAttn|BQ|BWs: 0x07000700, dsp_corr: -10813
2026-09-02 02:17:09.314422 RFHAL_KERNEL_BIN_TRACE_RX_OFF RX OFF -- AntPwr: -116, prev W/NBPM: -93, -116, TF|AltADC|DCI/Q(Q5): 0x001a0b, s: 40160, e: 193763
2026-09-02 02:17:09.317413 RFHAL_KERNEL_BIN_TRACE_RX_ON RX ON -- AntPwr: -116, FreqCtrl: 0x380d5700, OF|AnaGi|AdcAttn|BQ|BWs: 0x07000700, dsp_corr: -10823
2026-09-02 02:17:09.319427 RFHAL_KERNEL_BIN_TRACE_RX_OFF RX OFF -- AntPwr: -114, prev W/NBPM: -93, -114, TF|AltADC|DCI/Q(Q5): 0x001a0b, s: 40177, e: 193780
2026-09-02 02:17:09.322418 RFHAL_KERNEL_BIN_TRACE_RX_ON RX ON -- AntPwr: -116, FreqCtrl: 0x380d5700, OF|AnaGi|AdcAttn|BQ|BWs: 0x07000700, dsp_corr: -10823
2026-09-02 02:17:09.324401 RFHAL_KERNEL_BIN_TRACE_RX_OFF RX OFF -- AntPwr: -114, prev W/NBPM: -93, -114, TF|AltADC|DCI/Q(Q5): 0x001a0b, s: 40127, e: 193730
2026-09-02 02:17:09.327423 RFHAL_KERNEL_BIN_TRACE_RX_ON RX ON -- AntPwr: -116, FreqCtrl: 0x380d5700, OF|AnaGi|AdcAttn|BQ|BWs: 0x07000700, dsp_corr: -10813
2026-09-02 02:17:09.329406 RFHAL_KERNEL_BIN_TRACE_RX_OFF RX OFF -- AntPwr: -115, prev W/NBPM: -93, -115, TF|AltADC|DCI/Q(Q5): 0x001a0b, s: 40177, e: 193780
2026-09-02 02:17:09.332397 RFHAL_KERNEL_BIN_TRACE_RX_ON RX ON -- AntPwr: -117, FreqCtrl: 0x380d5700, OF|AnaGi|AdcAttn|BQ|BWs: 0x07000700, dsp_corr: -10813
2026-09-02 02:17:09.334442 RFHAL_KERNEL_BIN_TRACE_RX_OFF RX OFF -- AntPwr: -114, prev W/NBPM: -93, -114, TF|AltADC|DCI/Q(Q5): 0x001a0b, s: 40160, e: 193763
2026-09-02 02:17:09.337402 RFHAL_KERNEL_BIN_TRACE_RX_ON RX ON -- AntPwr: -117, FreqCtrl: 0x380d5700, OF|AnaGi|AdcAttn|BQ|BWs: 0x07000700, dsp_corr: -10823
2026-09-02 02:17:09.339416 RFHAL_KERNEL_BIN_TRACE_RX_OFF RX OFF -- AntPwr: -115, prev W/NBPM: -93, -115, TF|AltADC|DCI/Q(Q5): 0x001a0b, s: 40175, e: 193778
2026-09-02 02:17:09.342407 RFHAL_KERNEL_BIN_TRACE_RX_ON RX ON -- AntPwr: -117, FreqCtrl: 0x380d5700, OF|AnaGi|AdcAttn|BQ|BWs: 0x07000700, dsp_corr: -10823
2026-09-02 02:17:09.344421 RFHAL_KERNEL_BIN_TRACE_RX_OFF RX OFF -- AntPwr: -113, prev W/NBPM: -93, -113, TF|AltADC|DCI/Q(Q5): 0x001a0b, s: 40129, e: 193732
2026-09-02 02:17:09.347412 RFHAL_KERNEL_BIN_TRACE_RX_ON RX ON -- AntPwr: -117, FreqCtrl: 0x380d5700, OF|AnaGi|AdcAttn|BQ|BWs: 0x07000700, dsp_corr: -10833
2026-09-02 02:17:09.349426 RFHAL_KERNEL_BIN_TRACE_RX_OFF RX OFF -- AntPwr: -114, prev W/NBPM: -93, -114, TF|AltADC|DCI/Q(Q5): 0x001a0b, s: 40175, e: 193778
2026-09-02 02:17:09.352417 RFHAL_KERNEL_BIN_TRACE_RX_ON RX ON -- AntPwr: -117, FreqCtrl: 0x380d5700, OF|AnaGi|AdcAttn|BQ|BWs: 0x07000700, dsp_corr: -10833
2026-09-02 02:17:09.354431 RFHAL_KERNEL_BIN_TRACE_RX_OFF RX OFF -- AntPwr: -114, prev W/NBPM: -93, -114, TF|AltADC|DCI/Q(Q5): 0x001a0b, s: 40160, e: 193763
2026-09-02 02:17:09.357421 RFHAL_KERNEL_BIN_TRACE_RX_ON RX ON -- AntPwr: -117, FreqCtrl: 0x380d5700, OF|AnaGi|AdcAttn|BQ|BWs: 0x07000700, dsp_corr: -10843
2026-09-02 02:17:09.359405 RFHAL_KERNEL_BIN_TRACE_RX_OFF RX OFF -- AntPwr: -115, prev W/NBPM: -93, -115, TF|AltADC|DCI/Q(Q5): 0x001a0b, s: 40178, e: 193781
2026-09-02 02:17:09.362426 RFHAL_KERNEL_BIN_TRACE_RX_ON RX ON -- AntPwr: -117, FreqCtrl: 0x380d5700, OF|AnaGi|AdcAttn|BQ|BWs: 0x07000700, dsp_corr: -10843
2026-09-02 02:17:09.364410 RFHAL_KERNEL_BIN_TRACE_RX_OFF RX OFF -- AntPwr: -114, prev W/NBPM: -93, -114, TF|AltADC|DCI/Q(Q5): 0x001a0b, s: 40128, e: 193731
2026-09-02 02:17:09.367401 RFHAL_KERNEL_BIN_TRACE_RX_ON RX ON -- AntPwr: -117, FreqCtrl: 0x380d5700, OF|AnaGi|AdcAttn|BQ|BWs: 0x07000700, dsp_corr: -10833
2026-09-02 02:17:09.369415 RFHAL_KERNEL_BIN_TRACE_RX_OFF RX OFF -- AntPwr: -116, prev W/NBPM: -93, -116, TF|AltADC|DCI/Q(Q5): 0x001a0b, s: 40174, e: 193777
2026-09-02 02:17:09.372406 RFHAL_KERNEL_BIN_TRACE_RX_ON RX ON -- AntPwr: -117, FreqCtrl: 0x380d5700, OF|AnaGi|AdcAttn|BQ|BWs: 0x07000700, dsp_corr: -10833
2026-09-02 02:17:09.374420 RFHAL_KERNEL_BIN_TRACE_RX_OFF RX OFF -- AntPwr: -115, prev W/NBPM: -93, -115, TF|AltADC|DCI/Q(Q5): 0x001a0b, s: 40164, e: 193767
2026-09-02 02:17:09.377410 RFHAL_KERNEL_BIN_TRACE_RX_ON RX ON -- AntPwr: -117, FreqCtrl: 0x380d5700, OF|AnaGi|AdcAttn|BQ|BWs: 0x07000700, dsp_corr: -10843
2026-09-02 02:17:09.379425 RFHAL_KERNEL_BIN_TRACE_RX_OFF RX OFF -- AntPwr: -114, prev W/NBPM: -93, -114, TF|AltADC|DCI/Q(Q5): 0x001a0b, s: 40175, e: 193778
2026-09-02 02:17:09.382415 RFHAL_KERNEL_BIN_TRACE_RX_ON RX ON -- AntPwr: -117, FreqCtrl: 0x380d5700, OF|AnaGi|AdcAttn|BQ|BWs: 0x07000700, dsp_corr: -10843
2026-09-02 02:17:09.384429 RFHAL_KERNEL_BIN_TRACE_RX_OFF RX OFF -- AntPwr: -115, prev W/NBPM: -93, -115, TF|AltADC|DCI/Q(Q5): 0x001a0b, s: 40127, e: 193730
2026-09-02 02:17:09.387420 RFHAL_KERNEL_BIN_TRACE_RX_ON RX ON -- AntPwr: -117, FreqCtrl: 0x380d5700, OF|AnaGi|AdcAttn|BQ|BWs: 0x07000700, dsp_corr: -10833
2026-09-02 02:17:09.389404 RFHAL_KERNEL_BIN_TRACE_RX_OFF RX OFF -- AntPwr: -115, prev W/NBPM: -93, -115, TF|AltADC|DCI/Q(Q5): 0x001a0b, s: 40173, e: 193776
2026-09-02 02:17:09.392425 RFHAL_KERNEL_BIN_TRACE_RX_ON RX ON -- AntPwr: -117, FreqCtrl: 0x380d5700, OF|AnaGi|AdcAttn|BQ|BWs: 0x07000700, dsp_corr: -10833
2026-09-02 02:17:09.394439 RFHAL_KERNEL_BIN_TRACE_RX_OFF RX OFF -- AntPwr: -116, prev W/NBPM: -93, -116, TF|AltADC|DCI/Q(Q5): 0x001a0b, s: 40160, e: 193763
2026-09-02 02:17:09.397399 RFHAL_KERNEL_BIN_TRACE_RX_ON RX ON -- AntPwr: -117, FreqCtrl: 0x380d5700, OF|AnaGi|AdcAttn|BQ|BWs: 0x07000700, dsp_corr: -10843
2026-09-02 02:17:09.399414 RFHAL_KERNEL_BIN_TRACE_RX_OFF RX OFF -- AntPwr: -115, prev W/NBPM: -93, -115, TF|AltADC|DCI/Q(Q5): 0x001a0b, s: 40175, e: 193778
2026-09-02 02:17:09.402404 RFHAL_KERNEL_BIN_TRACE_RX_ON RX ON -- AntPwr: -117, FreqCtrl: 0x380d5700, OF|AnaGi|AdcAttn|BQ|BWs: 0x07000700, dsp_corr: -10843
2026-09-02 02:17:09.404418 RFHAL_KERNEL_BIN_TRACE_RX_OFF RX OFF -- AntPwr: -116, prev W/NBPM: -92, -116, TF|AltADC|DCI/Q(Q5): 0x001a0b, s: 40130, e: 193733
2026-09-02 02:17:09.407409 RFHAL_KERNEL_BIN_TRACE_RX_ON RX ON -- AntPwr: -117, FreqCtrl: 0x380d5700, OF|AnaGi|AdcAttn|BQ|BWs: 0x07000700, dsp_corr: -10833
2026-09-02 02:17:09.409423 RFHAL_KERNEL_BIN_TRACE_RX_OFF RX OFF -- AntPwr: -115, prev W/NBPM: -92, -115, TF|AltADC|DCI/Q(Q5): 0x001a0b, s: 40174, e: 193777
2026-09-02 02:17:09.412414 RFHAL_KERNEL_BIN_TRACE_RX_ON RX ON -- AntPwr: -117, FreqCtrl: 0x380d5700, OF|AnaGi|AdcAttn|BQ|BWs: 0x07000700, dsp_corr: -10833
2026-09-02 02:17:09.414428 RFHAL_KERNEL_BIN_TRACE_RX_OFF RX OFF -- AntPwr: -115, prev W/NBPM: -93, -115, TF|AltADC|DCI/Q(Q5): 0x001a0b, s: 40164, e: 193767
2026-09-02 02:17:09.417419 RFHAL_KERNEL_BIN_TRACE_RX_ON RX ON -- AntPwr: -117, FreqCtrl: 0x380d5700, OF|AnaGi|AdcAttn|BQ|BWs: 0x07000700, dsp_corr: -10823
2026-09-02 02:17:09.419433 RFHAL_KERNEL_BIN_TRACE_RX_OFF RX OFF -- AntPwr: -115, prev W/NBPM: -93, -115, TF|AltADC|DCI/Q(Q5): 0x001a0b, s: 40177, e: 193780
2026-09-02 02:17:09.422424 RFHAL_KERNEL_BIN_TRACE_RX_ON RX ON -- AntPwr: -117, FreqCtrl: 0x380d5700, OF|AnaGi|AdcAttn|BQ|BWs: 0x07000700, dsp_corr: -10823
2026-09-02 02:17:09.424408 RFHAL_KERNEL_BIN_TRACE_RX_OFF RX OFF -- AntPwr: -115, prev W/NBPM: -93, -115, TF|AltADC|DCI/Q(Q5): 0x001a0b, s: 39691, e: 193294
2026-09-02 02:17:09.823638 RFHAL_KERNEL_BIN_TRACE_RX_ON RX ON -- AntPwr: -117, FreqCtrl: 0x380d5700, OF|AnaGi|AdcAttn|BQ|BWs: 0x07000700, dsp_corr: -10813
2026-09-02 02:17:09.824432 RFHAL_KERNEL_BIN_TRACE_RX_OFF RX OFF -- AntPwr: -117, prev W/NBPM: -93, -114, TF|AltADC|DCI/Q(Q5): 0x001a0b, s: 96747, e: 158347
2026-09-02 02:17:09.827636 RFHAL_KERNEL_BIN_TRACE_RX_ON RX ON -- AntPwr: -114, FreqCtrl: 0x380d5700, OF|AnaGi|AdcAttn|BQ|BWs: 0x07000700, dsp_corr: -10813
2026-09-02 02:17:09.828491 RFHAL_KERNEL_BIN_TRACE_RX_OFF RX OFF -- AntPwr: -114, prev W/NBPM: -93, -114, TF|AltADC|DCI/Q(Q5): 0x001a0b, s: 54908, e: 119068
2026-09-02 02:17:09.833618 RFHAL_KERNEL_BIN_TRACE_RX_ON RX ON -- AntPwr: -114, FreqCtrl: 0x380d5700, OF|AnaGi|AdcAttn|BQ|BWs: 0x07000700, dsp_corr: -10813
2026-09-02 02:17:09.834472 RFHAL_KERNEL_BIN_TRACE_RX_OFF RX OFF -- AntPwr: -114, prev W/NBPM: -93, -112, TF|AltADC|DCI/Q(Q5): 0x001a0b, s: 55040, e: 119200
2026-09-02 02:17:09.843627 RFHAL_KERNEL_BIN_TRACE_RX_ON RX ON -- AntPwr: -112, FreqCtrl: 0x380d5700, OF|AnaGi|AdcAttn|BQ|BWs: 0x07000700, dsp_corr: -10813
2026-09-02 02:17:09.844451 RFHAL_KERNEL_BIN_TRACE_RX_OFF RX OFF -- AntPwr: -112, prev W/NBPM: -93, -114, TF|AltADC|DCI/Q(Q5): 0x001a0b, s: 55030, e: 119190
2026-09-02 02:17:09.847625 RFHAL_KERNEL_BIN_TRACE_RX_ON RX ON -- AntPwr: -114, FreqCtrl: 0x380d5700, OF|AnaGi|AdcAttn|BQ|BWs: 0x07000700, dsp_corr: -10813
2026-09-02 02:17:09.848449 RFHAL_KERNEL_BIN_TRACE_RX_OFF RX OFF -- AntPwr: -114, prev W/NBPM: -93, -114, TF|AltADC|DCI/Q(Q5): 0x001a0b, s: 55823, e: 119983
2026-09-02 02:17:09.853637 RFHAL_KERNEL_BIN_TRACE_RX_ON RX ON -- AntPwr: -114, FreqCtrl: 0x380d5700, OF|AnaGi|AdcAttn|BQ|BWs: 0x07000700, dsp_corr: -10813
2026-09-02 02:17:09.854461 RFHAL_KERNEL_BIN_TRACE_RX_OFF RX OFF -- AntPwr: -114, prev W/NBPM: -93, -115, TF|AltADC|DCI/Q(Q5): 0x001a0b, s: 55042, e: 119202
2026-09-02 02:17:09.863616 RFHAL_KERNEL_BIN_TRACE_RX_ON RX ON -- AntPwr: -115, FreqCtrl: 0x380d5700, OF|AnaGi|AdcAttn|BQ|BWs: 0x07000700, dsp_corr: -10813
2026-09-02 02:17:09.864471 RFHAL_KERNEL_BIN_TRACE_RX_OFF RX OFF -- AntPwr: -115, prev W/NBPM: -93, -114, TF|AltADC|DCI/Q(Q5): 0x001a0b, s: 55036, e: 119196
2026-09-02 02:17:09.918426 RFHAL_KERNEL_BIN_TRACE_RX_ON RX ON -- AntPwr: -114, FreqCtrl: 0x380d5700, OF|AnaGi|AdcAttn|BQ|BWs: 0x07000700, dsp_corr: -10946
2026-09-02 02:17:09.919433 RFHAL_KERNEL_BIN_TRACE_RX_OFF RX OFF -- AntPwr: -114, prev W/NBPM: -93, -116, TF|AltADC|DCI/Q(Q5): 0x001a0b, s: 39400, e: 116203
2026-09-02 02:17:09.922424 RFHAL_KERNEL_BIN_TRACE_RX_ON RX ON -- AntPwr: -115, FreqCtrl: 0x380d5700, OF|AnaGi|AdcAttn|BQ|BWs: 0x07000700, dsp_corr: -10946
2026-09-02 02:17:09.924438 RFHAL_KERNEL_BIN_TRACE_RX_OFF RX OFF -- AntPwr: -114, prev W/NBPM: -93, -114, TF|AltADC|DCI/Q(Q5): 0x001a0b, s: 40113, e: 193716
2026-09-02 02:17:09.927429 RFHAL_KERNEL_BIN_TRACE_RX_ON RX ON -- AntPwr: -115, FreqCtrl: 0x380d5700, OF|AnaGi|AdcAttn|BQ|BWs: 0x07000700, dsp_corr: -10956
2026-09-02 02:17:09.929443 RFHAL_KERNEL_BIN_TRACE_RX_OFF RX OFF -- AntPwr: -114, prev W/NBPM: -93, -114, TF|AltADC|DCI/Q(Q5): 0x001a0b, s: 40173, e: 193776
2026-09-02 02:17:09.932434 RFHAL_KERNEL_BIN_TRACE_RX_ON RX ON -- AntPwr: -115, FreqCtrl: 0x380d5700, OF|AnaGi|AdcAttn|BQ|BWs: 0x07000700, dsp_corr: -10956
2026-09-02 02:17:09.934448 RFHAL_KERNEL_BIN_TRACE_RX_OFF RX OFF -- AntPwr: -113, prev W/NBPM: -93, -113, TF|AltADC|DCI/Q(Q5): 0x001a0b, s: 40160, e: 193763
2026-09-02 02:17:09.937439 RFHAL_KERNEL_BIN_TRACE_RX_ON RX ON -- AntPwr: -115, FreqCtrl: 0x380d5700, OF|AnaGi|AdcAttn|BQ|BWs: 0x07000700, dsp_corr: -10965
2026-09-02 02:17:09.939453 RFHAL_KERNEL_BIN_TRACE_RX_OFF RX OFF -- AntPwr: -113, prev W/NBPM: -92, -113, TF|AltADC|DCI/Q(Q5): 0x001a0b, s: 40177, e: 193780
2026-09-02 02:17:09.942443 RFHAL_KERNEL_BIN_TRACE_RX_ON RX ON -- AntPwr: -116, FreqCtrl: 0x380d5700, OF|AnaGi|AdcAttn|BQ|BWs: 0x07000700, dsp_corr: -10965
2026-09-02 02:17:09.944427 RFHAL_KERNEL_BIN_TRACE_RX_OFF RX OFF -- AntPwr: -113, prev W/NBPM: -93, -113, TF|AltADC|DCI/Q(Q5): 0x001a0b, s: 40129, e: 193732
2026-09-02 02:17:09.947448 RFHAL_KERNEL_BIN_TRACE_RX_ON RX ON -- AntPwr: -116, FreqCtrl: 0x380d5700, OF|AnaGi|AdcAttn|BQ|BWs: 0x07000700, dsp_corr: -10956
2026-09-02 02:17:09.949432 RFHAL_KERNEL_BIN_TRACE_RX_OFF RX OFF -- AntPwr: -115, prev W/NBPM: -93, -115, TF|AltADC|DCI/Q(Q5): 0x001a0b, s: 40171, e: 193774
2026-09-02 02:17:09.952423 RFHAL_KERNEL_BIN_TRACE_RX_ON RX ON -- AntPwr: -116, FreqCtrl: 0x380d5700, OF|AnaGi|AdcAttn|BQ|BWs: 0x07000700, dsp_corr: -10956
2026-09-02 02:17:09.954467 RFHAL_KERNEL_BIN_TRACE_RX_OFF RX OFF -- AntPwr: -113, prev W/NBPM: -93, -113, TF|AltADC|DCI/Q(Q5): 0x001a0b, s: 40163, e: 193766
2026-09-02 02:17:09.957428 RFHAL_KERNEL_BIN_TRACE_RX_ON RX ON -- AntPwr: -116, FreqCtrl: 0x380d5700, OF|AnaGi|AdcAttn|BQ|BWs: 0x07000700, dsp_corr: -10965
2026-09-02 02:17:09.959442 RFHAL_KERNEL_BIN_TRACE_RX_OFF RX OFF -- AntPwr: -115, prev W/NBPM: -93, -115, TF|AltADC|DCI/Q(Q5): 0x001a0b, s: 40178, e: 193781
2026-09-02 02:17:09.962432 RFHAL_KERNEL_BIN_TRACE_RX_ON RX ON -- AntPwr: -116, FreqCtrl: 0x380d5700, OF|AnaGi|AdcAttn|BQ|BWs: 0x07000700, dsp_corr: -10965
2026-09-02 02:17:09.964447 RFHAL_KERNEL_BIN_TRACE_RX_OFF RX OFF -- AntPwr: -115, prev W/NBPM: -93, -115, TF|AltADC|DCI/Q(Q5): 0x001a0b, s: 40131, e: 193734
2026-09-02 02:17:09.967437 RFHAL_KERNEL_BIN_TRACE_RX_ON RX ON -- AntPwr: -116, FreqCtrl: 0x380d5700, OF|AnaGi|AdcAttn|BQ|BWs: 0x07000700, dsp_corr: -10956
2026-09-02 02:17:09.969451 RFHAL_KERNEL_BIN_TRACE_RX_OFF RX OFF -- AntPwr: -115, prev W/NBPM: -93, -115, TF|AltADC|DCI/Q(Q5): 0x001a0b, s: 40180, e: 193783
2026-09-02 02:17:09.972442 RFHAL_KERNEL_BIN_TRACE_RX_ON RX ON -- AntPwr: -116, FreqCtrl: 0x380d5700, OF|AnaGi|AdcAttn|BQ|BWs: 0x07000700, dsp_corr: -10956
2026-09-02 02:17:09.974456 RFHAL_KERNEL_BIN_TRACE_RX_OFF RX OFF -- AntPwr: -114, prev W/NBPM: -93, -114, TF|AltADC|DCI/Q(Q5): 0x001a0b, s: 40161, e: 193764
2026-09-02 02:17:09.977447 RFHAL_KERNEL_BIN_TRACE_RX_ON RX ON -- AntPwr: -116, FreqCtrl: 0x380d5700, OF|AnaGi|AdcAttn|BQ|BWs: 0x07000700, dsp_corr: -10965
2026-09-02 02:17:09.979431 RFHAL_KERNEL_BIN_TRACE_RX_OFF RX OFF -- AntPwr: -116, prev W/NBPM: -93, -116, TF|AltADC|DCI/Q(Q5): 0x001a0b, s: 40175, e: 193778
2026-09-02 02:17:09.982452 RFHAL_KERNEL_BIN_TRACE_RX_ON RX ON -- AntPwr: -116, FreqCtrl: 0x380d5700, OF|AnaGi|AdcAttn|BQ|BWs: 0x07000700, dsp_corr: -10965
2026-09-02 02:17:09.984436 RFHAL_KERNEL_BIN_TRACE_RX_OFF RX OFF -- AntPwr: -115, prev W/NBPM: -93, -115, TF|AltADC|DCI/Q(Q5): 0x001a0b, s: 40127, e: 193730
2026-09-02 02:17:09.987426 RFHAL_KERNEL_BIN_TRACE_RX_ON RX ON -- AntPwr: -116, FreqCtrl: 0x380d5700, OF|AnaGi|AdcAttn|BQ|BWs: 0x07000700, dsp_corr: -10975
2026-09-02 02:17:09.989440 RFHAL_KERNEL_BIN_TRACE_RX_OFF RX OFF -- AntPwr: -115, prev W/NBPM: -92, -115, TF|AltADC|DCI/Q(Q5): 0x001a0b, s: 40176, e: 193779
2026-09-02 02:17:09.992431 RFHAL_KERNEL_BIN_TRACE_RX_ON RX ON -- AntPwr: -116, FreqCtrl: 0x380d5700, OF|AnaGi|AdcAttn|BQ|BWs: 0x07000700, dsp_corr: -10975
2026-09-02 02:17:09.994445 RFHAL_KERNEL_BIN_TRACE_RX_OFF RX OFF -- AntPwr: -114, prev W/NBPM: -92, -114, TF|AltADC|DCI/Q(Q5): 0x001a0b, s: 40162, e: 193765
2026-09-02 02:17:09.997436 RFHAL_KERNEL_BIN_TRACE_RX_ON RX ON -- AntPwr: -116, FreqCtrl: 0x380d5700, OF|AnaGi|AdcAttn|BQ|BWs: 0x07000700, dsp_corr: -10965
2026-09-02 02:17:09.999450 RFHAL_KERNEL_BIN_TRACE_RX_OFF RX OFF -- AntPwr: -114, prev W/NBPM: -93, -114, TF|AltADC|DCI/Q(Q5): 0x001a0b, s: 40180, e: 193783
2026-09-02 02:17:10.002441 RFHAL_KERNEL_BIN_TRACE_RX_ON RX ON -- AntPwr: -116, FreqCtrl: 0x380d5700, OF|AnaGi|AdcAttn|BQ|BWs: 0x07000700, dsp_corr: -10965
2026-09-02 02:17:10.004455 RFHAL_KERNEL_BIN_TRACE_RX_OFF RX OFF -- AntPwr: -115, prev W/NBPM: -93, -115, TF|AltADC|DCI/Q(Q5): 0x001a0b, s: 40130, e: 193733
2026-09-02 02:17:10.007446 RFHAL_KERNEL_BIN_TRACE_RX_ON RX ON -- AntPwr: -116, FreqCtrl: 0x380d5700, OF|AnaGi|AdcAttn|BQ|BWs: 0x07000700, dsp_corr: -10975
2026-09-02 02:17:10.009429 RFHAL_KERNEL_BIN_TRACE_RX_OFF RX OFF -- AntPwr: -116, prev W/NBPM: -93, -116, TF|AltADC|DCI/Q(Q5): 0x001a0b, s: 40175, e: 193778
2026-09-02 02:17:10.012451 RFHAL_KERNEL_BIN_TRACE_RX_ON RX ON -- AntPwr: -116, FreqCtrl: 0x380d5700, OF|AnaGi|AdcAttn|BQ|BWs: 0x07000700, dsp_corr: -10975
2026-09-02 02:17:10.014465 RFHAL_KERNEL_BIN_TRACE_RX_OFF RX OFF -- AntPwr: -115, prev W/NBPM: -93, -115, TF|AltADC|DCI/Q(Q5): 0x001a0b, s: 40159, e: 193762
2026-09-02 02:17:10.017425 RFHAL_KERNEL_BIN_TRACE_RX_ON RX ON -- AntPwr: -116, FreqCtrl: 0x380d5700, OF|AnaGi|AdcAttn|BQ|BWs: 0x07000700, dsp_corr: -10985
2026-09-02 02:17:10.019439 RFHAL_KERNEL_BIN_TRACE_RX_OFF RX OFF -- AntPwr: -114, prev W/NBPM: -93, -114, TF|AltADC|DCI/Q(Q5): 0x001a0b, s: 40174, e: 193777
2026-09-02 02:17:10.022430 RFHAL_KERNEL_BIN_TRACE_RX_ON RX ON -- AntPwr: -117, FreqCtrl: 0x380d5700, OF|AnaGi|AdcAttn|BQ|BWs: 0x07000700, dsp_corr: -10985
2026-09-02 02:17:10.024444 RFHAL_KERNEL_BIN_TRACE_RX_OFF RX OFF -- AntPwr: -114, prev W/NBPM: -93, -114, TF|AltADC|DCI/Q(Q5): 0x001a0b, s: 40128, e: 193731
2026-09-02 02:17:10.027435 RFHAL_KERNEL_BIN_TRACE_RX_ON RX ON -- AntPwr: -117, FreqCtrl: 0x380d5700, OF|AnaGi|AdcAttn|BQ|BWs: 0x07000700, dsp_corr: -10985
2026-09-02 02:17:10.029449 RFHAL_KERNEL_BIN_TRACE_RX_OFF RX OFF -- AntPwr: -115, prev W/NBPM: -93, -115, TF|AltADC|DCI/Q(Q5): 0x001a0b, s: 40175, e: 193778
2026-09-02 02:17:10.032440 RFHAL_KERNEL_BIN_TRACE_RX_ON RX ON -- AntPwr: -117, FreqCtrl: 0x380d5700, OF|AnaGi|AdcAttn|BQ|BWs: 0x07000700, dsp_corr: -10985
2026-09-02 02:17:10.034454 RFHAL_KERNEL_BIN_TRACE_RX_OFF RX OFF -- AntPwr: -115, prev W/NBPM: -93, -115, TF|AltADC|DCI/Q(Q5): 0x001a0b, s: 40163, e: 193766
2026-09-02 02:17:10.037445 RFHAL_KERNEL_BIN_TRACE_RX_ON RX ON -- AntPwr: -117, FreqCtrl: 0x380d5700, OF|AnaGi|AdcAttn|BQ|BWs: 0x07000700, dsp_corr: -10995
2026-09-02 02:17:10.039459 RFHAL_KERNEL_BIN_TRACE_RX_OFF RX OFF -- AntPwr: -114, prev W/NBPM: -93, -114, TF|AltADC|DCI/Q(Q5): 0x001a0b, s: 40174, e: 193777
2026-09-02 02:17:10.042450 RFHAL_KERNEL_BIN_TRACE_RX_ON RX ON -- AntPwr: -117, FreqCtrl: 0x380d5700, OF|AnaGi|AdcAttn|BQ|BWs: 0x07000700, dsp_corr: -10995
2026-09-02 02:17:10.044433 RFHAL_KERNEL_BIN_TRACE_RX_OFF RX OFF -- AntPwr: -115, prev W/NBPM: -93, -115, TF|AltADC|DCI/Q(Q5): 0x001a0b, s: 40129, e: 193732
2026-09-02 02:17:10.047454 RFHAL_KERNEL_BIN_TRACE_RX_ON RX ON -- AntPwr: -117, FreqCtrl: 0x380d5700, OF|AnaGi|AdcAttn|BQ|BWs: 0x07000700, dsp_corr: -10985
2026-09-02 02:17:10.049438 RFHAL_KERNEL_BIN_TRACE_RX_OFF RX OFF -- AntPwr: -114, prev W/NBPM: -93, -114, TF|AltADC|DCI/Q(Q5): 0x001a0b, s: 40174, e: 193777
2026-09-02 02:17:10.052429 RFHAL_KERNEL_BIN_TRACE_RX_ON RX ON -- AntPwr: -116, FreqCtrl: 0x380d5700, OF|AnaGi|AdcAttn|BQ|BWs: 0x07000700, dsp_corr: -10985
2026-09-02 02:17:10.054473 RFHAL_KERNEL_BIN_TRACE_RX_OFF RX OFF -- AntPwr: -116, prev W/NBPM: -93, -116, TF|AltADC|DCI/Q(Q5): 0x001a0b, s: 40161, e: 193764
2026-09-02 02:17:10.057434 RFHAL_KERNEL_BIN_TRACE_RX_ON RX ON -- AntPwr: -116, FreqCtrl: 0x380d5700, OF|AnaGi|AdcAttn|BQ|BWs: 0x07000700, dsp_corr: -10995
2026-09-02 02:17:10.059448 RFHAL_KERNEL_BIN_TRACE_RX_OFF RX OFF -- AntPwr: -114, prev W/NBPM: -93, -114, TF|AltADC|DCI/Q(Q5): 0x001a0b, s: 40178, e: 193781
2026-09-02 02:17:10.062439 RFHAL_KERNEL_BIN_TRACE_RX_ON RX ON -- AntPwr: -116, FreqCtrl: 0x380d5700, OF|AnaGi|AdcAttn|BQ|BWs: 0x07000700, dsp_corr: -10995
2026-09-02 02:17:10.064453 RFHAL_KERNEL_BIN_TRACE_RX_OFF RX OFF -- AntPwr: -116, prev W/NBPM: -92, -116, TF|AltADC|DCI/Q(Q5): 0x001a0b, s: 39692, e: 193295
2026-09-02 02:17:10.463653 RFHAL_KERNEL_BIN_TRACE_RX_ON RX ON -- AntPwr: -116, FreqCtrl: 0x380d5700, OF|AnaGi|AdcAttn|BQ|BWs: 0x07000700, dsp_corr: -11005
2026-09-02 02:17:10.464477 RFHAL_KERNEL_BIN_TRACE_RX_OFF RX OFF -- AntPwr: -116, prev W/NBPM: -93, -113, TF|AltADC|DCI/Q(Q5): 0x001a0b, s: 93199, e: 154799
2026-09-02 02:17:10.467651 RFHAL_KERNEL_BIN_TRACE_RX_ON RX ON -- AntPwr: -113, FreqCtrl: 0x380d5700, OF|AnaGi|AdcAttn|BQ|BWs: 0x07000700, dsp_corr: -11005
2026-09-02 02:17:10.468505 RFHAL_KERNEL_BIN_TRACE_RX_OFF RX OFF -- AntPwr: -113, prev W/NBPM: -93, -116, TF|AltADC|DCI/Q(Q5): 0x001a0b, s: 54913, e: 119073
2026-09-02 02:17:10.473663 RFHAL_KERNEL_BIN_TRACE_RX_ON RX ON -- AntPwr: -116, FreqCtrl: 0x380d5700, OF|AnaGi|AdcAttn|BQ|BWs: 0x07000700, dsp_corr: -11005
2026-09-02 02:17:10.474487 RFHAL_KERNEL_BIN_TRACE_RX_OFF RX OFF -- AntPwr: -116, prev W/NBPM: -93, -116, TF|AltADC|DCI/Q(Q5): 0x001a0b, s: 55042, e: 119202
2026-09-02 02:17:10.483642 RFHAL_KERNEL_BIN_TRACE_RX_ON RX ON -- AntPwr: -116, FreqCtrl: 0x380d5700, OF|AnaGi|AdcAttn|BQ|BWs: 0x07000700, dsp_corr: -11005
2026-09-02 02:17:10.484497 RFHAL_KERNEL_BIN_TRACE_RX_OFF RX OFF -- AntPwr: -116, prev W/NBPM: -93, -113, TF|AltADC|DCI/Q(Q5): 0x001a0b, s: 55033, e: 119193
2026-09-02 02:17:10.487640 RFHAL_KERNEL_BIN_TRACE_RX_ON RX ON -- AntPwr: -113, FreqCtrl: 0x380d5700, OF|AnaGi|AdcAttn|BQ|BWs: 0x07000700, dsp_corr: -11005
2026-09-02 02:17:10.488494 RFHAL_KERNEL_BIN_TRACE_RX_OFF RX OFF -- AntPwr: -113, prev W/NBPM: -93, -115, TF|AltADC|DCI/Q(Q5): 0x001a0b, s: 55826, e: 119986
2026-09-02 02:17:10.493652 RFHAL_KERNEL_BIN_TRACE_RX_ON RX ON -- AntPwr: -115, FreqCtrl: 0x380d5700, OF|AnaGi|AdcAttn|BQ|BWs: 0x07000700, dsp_corr: -11005
2026-09-02 02:17:10.494476 RFHAL_KERNEL_BIN_TRACE_RX_OFF RX OFF -- AntPwr: -115, prev W/NBPM: -93, -113, TF|AltADC|DCI/Q(Q5): 0x001a0b, s: 55047, e: 119207
2026-09-02 02:17:10.503662 RFHAL_KERNEL_BIN_TRACE_RX_ON RX ON -- AntPwr: -113, FreqCtrl: 0x380d5700, OF|AnaGi|AdcAttn|BQ|BWs: 0x07000700, dsp_corr: -11005
2026-09-02 02:17:10.504486 RFHAL_KERNEL_BIN_TRACE_RX_OFF RX OFF -- AntPwr: -113, prev W/NBPM: -92, -114, TF|AltADC|DCI/Q(Q5): 0x001a0b, s: 55041, e: 119201
2026-09-02 02:17:10.558471 RFHAL_KERNEL_BIN_TRACE_RX_ON RX ON -- AntPwr: -114, FreqCtrl: 0x380d5700, OF|AnaGi|AdcAttn|BQ|BWs: 0x07000700, dsp_corr: -11064
2026-09-02 02:17:10.559478 RFHAL_KERNEL_BIN_TRACE_RX_OFF RX OFF -- AntPwr: -114, prev W/NBPM: -93, -115, TF|AltADC|DCI/Q(Q5): 0x001a0b, s: 39390, e: 116193
2026-09-02 02:17:10.562469 RFHAL_KERNEL_BIN_TRACE_RX_ON RX ON -- AntPwr: -115, FreqCtrl: 0x380d5700, OF|AnaGi|AdcAttn|BQ|BWs: 0x07000700, dsp_corr: -11064
2026-09-02 02:17:10.564453 RFHAL_KERNEL_BIN_TRACE_RX_OFF RX OFF -- AntPwr: -114, prev W/NBPM: -93, -114, TF|AltADC|DCI/Q(Q5): 0x001a0b, s: 40113, e: 193716
2026-09-02 02:17:10.567474 RFHAL_KERNEL_BIN_TRACE_RX_ON RX ON -- AntPwr: -115, FreqCtrl: 0x380d5700, OF|AnaGi|AdcAttn|BQ|BWs: 0x07000700, dsp_corr: -11073
2026-09-02 02:17:10.569458 RFHAL_KERNEL_BIN_TRACE_RX_OFF RX OFF -- AntPwr: -114, prev W/NBPM: -93, -114, TF|AltADC|DCI/Q(Q5): 0x001a0b, s: 40172, e: 193775
2026-09-02 02:17:10.572448 RFHAL_KERNEL_BIN_TRACE_RX_ON RX ON -- AntPwr: -115, FreqCtrl: 0x380d5700, OF|AnaGi|AdcAttn|BQ|BWs: 0x07000700, dsp_corr: -11073
2026-09-02 02:17:10.574493 RFHAL_KERNEL_BIN_TRACE_RX_OFF RX OFF -- AntPwr: -114, prev W/NBPM: -93, -114, TF|AltADC|DCI/Q(Q5): 0x001a0b, s: 40159, e: 193762
2026-09-02 02:17:10.577453 RFHAL_KERNEL_BIN_TRACE_RX_ON RX ON -- AntPwr: -115, FreqCtrl: 0x380d5700, OF|AnaGi|AdcAttn|BQ|BWs: 0x07000700, dsp_corr: -11083
2026-09-02 02:17:10.579467 RFHAL_KERNEL_BIN_TRACE_RX_OFF RX OFF -- AntPwr: -114, prev W/NBPM: -92, -114, TF|AltADC|DCI/Q(Q5): 0x001a0b, s: 40178, e: 193781
2026-09-02 02:17:10.582458 RFHAL_KERNEL_BIN_TRACE_RX_ON RX ON -- AntPwr: -115, FreqCtrl: 0x380d5700, OF|AnaGi|AdcAttn|BQ|BWs: 0x07000700, dsp_corr: -11083
2026-09-02 02:17:10.584472 RFHAL_KERNEL_BIN_TRACE_RX_OFF RX OFF -- AntPwr: -114, prev W/NBPM: -93, -114, TF|AltADC|DCI/Q(Q5): 0x001a0b, s: 40131, e: 193734
2026-09-02 02:17:10.587463 RFHAL_KERNEL_BIN_TRACE_RX_ON RX ON -- AntPwr: -115, FreqCtrl: 0x380d5700, OF|AnaGi|AdcAttn|BQ|BWs: 0x07000700, dsp_corr: -11093
2026-09-02 02:17:10.589477 RFHAL_KERNEL_BIN_TRACE_RX_OFF RX OFF -- AntPwr: -114, prev W/NBPM: -93, -114, TF|AltADC|DCI/Q(Q5): 0x001a0b, s: 40175, e: 193778
2026-09-02 02:17:10.592468 RFHAL_KERNEL_BIN_TRACE_RX_ON RX ON -- AntPwr: -115, FreqCtrl: 0x380d5700, OF|AnaGi|AdcAttn|BQ|BWs: 0x07000700, dsp_corr: -11093
2026-09-02 02:17:10.594482 RFHAL_KERNEL_BIN_TRACE_RX_OFF RX OFF -- AntPwr: -114, prev W/NBPM: -93, -114, TF|AltADC|DCI/Q(Q5): 0x001a0b, s: 40164, e: 193767
2026-09-02 02:17:10.597473 RFHAL_KERNEL_BIN_TRACE_RX_ON RX ON -- AntPwr: -115, FreqCtrl: 0x380d5700, OF|AnaGi|AdcAttn|BQ|BWs: 0x07000700, dsp_corr: -11103
2026-09-02 02:17:10.599456 RFHAL_KERNEL_BIN_TRACE_RX_OFF RX OFF -- AntPwr: -115, prev W/NBPM: -92, -115, TF|AltADC|DCI/Q(Q5): 0x001a0b, s: 40180, e: 193783
2026-09-02 02:17:10.602478 RFHAL_KERNEL_BIN_TRACE_RX_ON RX ON -- AntPwr: -116, FreqCtrl: 0x380d5700, OF|AnaGi|AdcAttn|BQ|BWs: 0x07000700, dsp_corr: -11103
2026-09-02 02:17:10.604461 RFHAL_KERNEL_BIN_TRACE_RX_OFF RX OFF -- AntPwr: -114, prev W/NBPM: -93, -114, TF|AltADC|DCI/Q(Q5): 0x001a0b, s: 40128, e: 193731
2026-09-02 02:17:10.607452 RFHAL_KERNEL_BIN_TRACE_RX_ON RX ON -- AntPwr: -116, FreqCtrl: 0x380d5700, OF|AnaGi|AdcAttn|BQ|BWs: 0x07000700, dsp_corr: -11113
2026-09-02 02:17:10.609466 RFHAL_KERNEL_BIN_TRACE_RX_OFF RX OFF -- AntPwr: -114, prev W/NBPM: -93, -114, TF|AltADC|DCI/Q(Q5): 0x001a0b, s: 40173, e: 193776
2026-09-02 02:17:10.612457 RFHAL_KERNEL_BIN_TRACE_RX_ON RX ON -- AntPwr: -116, FreqCtrl: 0x380d5700, OF|AnaGi|AdcAttn|BQ|BWs: 0x07000700, dsp_corr: -11113
2026-09-02 02:17:10.614471 RFHAL_KERNEL_BIN_TRACE_RX_OFF RX OFF -- AntPwr: -115, prev W/NBPM: -93, -115, TF|AltADC|DCI/Q(Q5): 0x001a0b, s: 40162, e: 193765
2026-09-02 02:17:10.617462 RFHAL_KERNEL_BIN_TRACE_RX_ON RX ON -- AntPwr: -116, FreqCtrl: 0x380d5700, OF|AnaGi|AdcAttn|BQ|BWs: 0x07000700, dsp_corr: -11123
2026-09-02 02:17:10.619476 RFHAL_KERNEL_BIN_TRACE_RX_OFF RX OFF -- AntPwr: -114, prev W/NBPM: -92, -114, TF|AltADC|DCI/Q(Q5): 0x001a0b, s: 40180, e: 193783
2026-09-02 02:17:10.622467 RFHAL_KERNEL_BIN_TRACE_RX_ON RX ON -- AntPwr: -116, FreqCtrl: 0x380d5700, OF|AnaGi|AdcAttn|BQ|BWs: 0x07000700, dsp_corr: -11123
2026-09-02 02:17:10.624481 RFHAL_KERNEL_BIN_TRACE_RX_OFF RX OFF -- AntPwr: -114, prev W/NBPM: -93, -114, TF|AltADC|DCI/Q(Q5): 0x001a0b, s: 40131, e: 193734
2026-09-02 02:17:10.627471 RFHAL_KERNEL_BIN_TRACE_RX_ON RX ON -- AntPwr: -116, FreqCtrl: 0x380d5700, OF|AnaGi|AdcAttn|BQ|BWs: 0x07000700, dsp_corr: -11113
2026-09-02 02:17:10.629455 RFHAL_KERNEL_BIN_TRACE_RX_OFF RX OFF -- AntPwr: -113, prev W/NBPM: -93, -113, TF|AltADC|DCI/Q(Q5): 0x001a0b, s: 40178, e: 193781
2026-09-02 02:17:10.632476 RFHAL_KERNEL_BIN_TRACE_RX_ON RX ON -- AntPwr: -116, FreqCtrl: 0x380d5700, OF|AnaGi|AdcAttn|BQ|BWs: 0x07000700, dsp_corr: -11113
2026-09-02 02:17:10.634491 RFHAL_KERNEL_BIN_TRACE_RX_OFF RX OFF -- AntPwr: -113, prev W/NBPM: -93, -113, TF|AltADC|DCI/Q(Q5): 0x001a0b, s: 40164, e: 193767
2026-09-02 02:17:10.637451 RFHAL_KERNEL_BIN_TRACE_RX_ON RX ON -- AntPwr: -116, FreqCtrl: 0x380d5700, OF|AnaGi|AdcAttn|BQ|BWs: 0x07000700, dsp_corr: -11123
2026-09-02 02:17:10.639465 RFHAL_KERNEL_BIN_TRACE_RX_OFF RX OFF -- AntPwr: -115, prev W/NBPM: -93, -115, TF|AltADC|DCI/Q(Q5): 0x001a0b, s: 40177, e: 193780
2026-09-02 02:17:10.642456 RFHAL_KERNEL_BIN_TRACE_RX_ON RX ON -- AntPwr: -115, FreqCtrl: 0x380d5700, OF|AnaGi|AdcAttn|BQ|BWs: 0x07000700, dsp_corr: -11123
2026-09-02 02:17:10.644470 RFHAL_KERNEL_BIN_TRACE_RX_OFF RX OFF -- AntPwr: -115, prev W/NBPM: -93, -115, TF|AltADC|DCI/Q(Q5): 0x001a0b, s: 40131, e: 193734
2026-09-02 02:17:10.647460 RFHAL_KERNEL_BIN_TRACE_RX_ON RX ON -- AntPwr: -115, FreqCtrl: 0x380d5700, OF|AnaGi|AdcAttn|BQ|BWs: 0x07000700, dsp_corr: -11132
2026-09-02 02:17:10.649475 RFHAL_KERNEL_BIN_TRACE_RX_OFF RX OFF -- AntPwr: -117, prev W/NBPM: -93, -117, TF|AltADC|DCI/Q(Q5): 0x001a0b, s: 40176, e: 193779
2026-09-02 02:17:10.652465 RFHAL_KERNEL_BIN_TRACE_RX_ON RX ON -- AntPwr: -115, FreqCtrl: 0x380d5700, OF|AnaGi|AdcAttn|BQ|BWs: 0x07000700, dsp_corr: -11132
2026-09-02 02:17:10.654480 RFHAL_KERNEL_BIN_TRACE_RX_OFF RX OFF -- AntPwr: -116, prev W/NBPM: -93, -116, TF|AltADC|DCI/Q(Q5): 0x001a0b, s: 40161, e: 193764
2026-09-02 02:17:10.657470 RFHAL_KERNEL_BIN_TRACE_RX_ON RX ON -- AntPwr: -115, FreqCtrl: 0x380d5700, OF|AnaGi|AdcAttn|BQ|BWs: 0x07000700, dsp_corr: -11132
2026-09-02 02:17:10.659484 RFHAL_KERNEL_BIN_TRACE_RX_OFF RX OFF -- AntPwr: -114, prev W/NBPM: -92, -114, TF|AltADC|DCI/Q(Q5): 0x001a0b, s: 40177, e: 193780
2026-09-02 02:17:10.662475 RFHAL_KERNEL_BIN_TRACE_RX_ON RX ON -- AntPwr: -115, FreqCtrl: 0x380d5700, OF|AnaGi|AdcAttn|BQ|BWs: 0x07000700, dsp_corr: -11132
2026-09-02 02:17:10.664459 RFHAL_KERNEL_BIN_TRACE_RX_OFF RX OFF -- AntPwr: -114, prev W/NBPM: -93, -114, TF|AltADC|DCI/Q(Q5): 0x001a0b, s: 40129, e: 193732
2026-09-02 02:17:10.667480 RFHAL_KERNEL_BIN_TRACE_RX_ON RX ON -- AntPwr: -115, FreqCtrl: 0x380d5700, OF|AnaGi|AdcAttn|BQ|BWs: 0x07000700, dsp_corr: -11142
2026-09-02 02:17:10.669464 RFHAL_KERNEL_BIN_TRACE_RX_OFF RX OFF -- AntPwr: -114, prev W/NBPM: -93, -114, TF|AltADC|DCI/Q(Q5): 0x001a0b, s: 40173, e: 193776
2026-09-02 02:17:10.672454 RFHAL_KERNEL_BIN_TRACE_RX_ON RX ON -- AntPwr: -115, FreqCtrl: 0x380d5700, OF|AnaGi|AdcAttn|BQ|BWs: 0x07000700, dsp_corr: -11142
2026-09-02 02:17:10.674499 RFHAL_KERNEL_BIN_TRACE_RX_OFF RX OFF -- AntPwr: -114, prev W/NBPM: -93, -114, TF|AltADC|DCI/Q(Q5): 0x001a0b, s: 40161, e: 193764
2026-09-02 02:17:10.677459 RFHAL_KERNEL_BIN_TRACE_RX_ON RX ON -- AntPwr: -115, FreqCtrl: 0x380d5700, OF|AnaGi|AdcAttn|BQ|BWs: 0x07000700, dsp_corr: -11152
2026-09-02 02:17:10.679473 RFHAL_KERNEL_BIN_TRACE_RX_OFF RX OFF -- AntPwr: -114, prev W/NBPM: -93, -114, TF|AltADC|DCI/Q(Q5): 0x001a0b, s: 40181, e: 193784
2026-09-02 02:17:10.682464 RFHAL_KERNEL_BIN_TRACE_RX_ON RX ON -- AntPwr: -115, FreqCtrl: 0x380d5700, OF|AnaGi|AdcAttn|BQ|BWs: 0x07000700, dsp_corr: -11152
2026-09-02 02:17:10.684478 RFHAL_KERNEL_BIN_TRACE_RX_OFF RX OFF -- AntPwr: -114, prev W/NBPM: -93, -114, TF|AltADC|DCI/Q(Q5): 0x001a0b, s: 40130, e: 193733
2026-09-02 02:17:10.687469 RFHAL_KERNEL_BIN_TRACE_RX_ON RX ON -- AntPwr: -115, FreqCtrl: 0x380d5700, OF|AnaGi|AdcAttn|BQ|BWs: 0x07000700, dsp_corr: -11162
2026-09-02 02:17:10.689483 RFHAL_KERNEL_BIN_TRACE_RX_OFF RX OFF -- AntPwr: -116, prev W/NBPM: -93, -116, TF|AltADC|DCI/Q(Q5): 0x001a0b, s: 40176, e: 193779
2026-09-02 02:17:10.692474 RFHAL_KERNEL_BIN_TRACE_RX_ON RX ON -- AntPwr: -116, FreqCtrl: 0x380d5700, OF|AnaGi|AdcAttn|BQ|BWs: 0x07000700, dsp_corr: -11162
2026-09-02 02:17:10.694488 RFHAL_KERNEL_BIN_TRACE_RX_OFF RX OFF -- AntPwr: -114, prev W/NBPM: -93, -114, TF|AltADC|DCI/Q(Q5): 0x001a0b, s: 40162, e: 193765
2026-09-02 02:17:10.697479 RFHAL_KERNEL_BIN_TRACE_RX_ON RX ON -- AntPwr: -116, FreqCtrl: 0x380d5700, OF|AnaGi|AdcAttn|BQ|BWs: 0x07000700, dsp_corr: -11172
2026-09-02 02:17:10.699462 RFHAL_KERNEL_BIN_TRACE_RX_OFF RX OFF -- AntPwr: -113, prev W/NBPM: -93, -113, TF|AltADC|DCI/Q(Q5): 0x001a0b, s: 40177, e: 193780
2026-09-02 02:17:10.702453 RFHAL_KERNEL_BIN_TRACE_RX_ON RX ON -- AntPwr: -116, FreqCtrl: 0x380d5700, OF|AnaGi|AdcAttn|BQ|BWs: 0x07000700, dsp_corr: -11172
2026-09-02 02:17:10.704467 RFHAL_KERNEL_BIN_TRACE_RX_OFF RX OFF -- AntPwr: -114, prev W/NBPM: -93, -114, TF|AltADC|DCI/Q(Q5): 0x001a0b, s: 39697, e: 193300
2026-09-02 02:17:11.103698 RFHAL_KERNEL_BIN_TRACE_RX_ON RX ON -- AntPwr: -116, FreqCtrl: 0x380d5700, OF|AnaGi|AdcAttn|BQ|BWs: 0x07000700, dsp_corr: -11162
2026-09-02 02:17:11.104492 RFHAL_KERNEL_BIN_TRACE_RX_OFF RX OFF -- AntPwr: -116, prev W/NBPM: -93, -114, TF|AltADC|DCI/Q(Q5): 0x001a0b, s: 96254, e: 157854
2026-09-02 02:17:11.107666 RFHAL_KERNEL_BIN_TRACE_RX_ON RX ON -- AntPwr: -114, FreqCtrl: 0x380d5700, OF|AnaGi|AdcAttn|BQ|BWs: 0x07000700, dsp_corr: -11162
2026-09-02 02:17:11.108520 RFHAL_KERNEL_BIN_TRACE_RX_OFF RX OFF -- AntPwr: -114, prev W/NBPM: -93, -114, TF|AltADC|DCI/Q(Q5): 0x001a0b, s: 54911, e: 119071
2026-09-02 02:17:11.113678 RFHAL_KERNEL_BIN_TRACE_RX_ON RX ON -- AntPwr: -114, FreqCtrl: 0x380d5700, OF|AnaGi|AdcAttn|BQ|BWs: 0x07000700, dsp_corr: -11162
2026-09-02 02:17:11.114502 RFHAL_KERNEL_BIN_TRACE_RX_OFF RX OFF -- AntPwr: -114, prev W/NBPM: -93, -116, TF|AltADC|DCI/Q(Q5): 0x001a0b, s: 55040, e: 119200
2026-09-02 02:17:11.123687 RFHAL_KERNEL_BIN_TRACE_RX_ON RX ON -- AntPwr: -116, FreqCtrl: 0x380d5700, OF|AnaGi|AdcAttn|BQ|BWs: 0x07000700, dsp_corr: -11162
2026-09-02 02:17:11.124511 RFHAL_KERNEL_BIN_TRACE_RX_OFF RX OFF -- AntPwr: -116, prev W/NBPM: -93, -115, TF|AltADC|DCI/Q(Q5): 0x001a0b, s: 55036, e: 119196
2026-09-02 02:17:11.127685 RFHAL_KERNEL_BIN_TRACE_RX_ON RX ON -- AntPwr: -115, FreqCtrl: 0x380d5700, OF|AnaGi|AdcAttn|BQ|BWs: 0x07000700, dsp_corr: -11162
2026-09-02 02:17:11.128540 RFHAL_KERNEL_BIN_TRACE_RX_OFF RX OFF -- AntPwr: -115, prev W/NBPM: -92, -115, TF|AltADC|DCI/Q(Q5): 0x001a0b, s: 55825, e: 119985
2026-09-02 02:17:11.133667 RFHAL_KERNEL_BIN_TRACE_RX_ON RX ON -- AntPwr: -115, FreqCtrl: 0x380d5700, OF|AnaGi|AdcAttn|BQ|BWs: 0x07000700, dsp_corr: -11162
2026-09-02 02:17:11.134521 RFHAL_KERNEL_BIN_TRACE_RX_OFF RX OFF -- AntPwr: -115, prev W/NBPM: -93, -116, TF|AltADC|DCI/Q(Q5): 0x001a0b, s: 55049, e: 119209
2026-09-02 02:17:11.143676 RFHAL_KERNEL_BIN_TRACE_RX_ON RX ON -- AntPwr: -116, FreqCtrl: 0x380d5700, OF|AnaGi|AdcAttn|BQ|BWs: 0x07000700, dsp_corr: -11162
2026-09-02 02:17:11.144531 RFHAL_KERNEL_BIN_TRACE_RX_OFF RX OFF -- AntPwr: -116, prev W/NBPM: -93, -115, TF|AltADC|DCI/Q(Q5): 0x001a0b, s: 55034, e: 119194
2026-09-02 02:17:11.147674 RFHAL_KERNEL_BIN_TRACE_RX_ON RX ON -- AntPwr: -115, FreqCtrl: 0x380d5700, OF|AnaGi|AdcAttn|BQ|BWs: 0x07000700, dsp_corr: -11162
2026-09-02 02:17:11.148529 RFHAL_KERNEL_BIN_TRACE_RX_OFF RX OFF -- AntPwr: -115, prev W/NBPM: -93, -115, TF|AltADC|DCI/Q(Q5): 0x001a0b, s: 55826, e: 119986
2026-09-02 02:17:11.153686 RFHAL_KERNEL_BIN_TRACE_RX_ON RX ON -- AntPwr: -115, FreqCtrl: 0x380d5700, OF|AnaGi|AdcAttn|BQ|BWs: 0x07000700, dsp_corr: -11162
2026-09-02 02:17:11.154510 RFHAL_KERNEL_BIN_TRACE_RX_OFF RX OFF -- AntPwr: -115, prev W/NBPM: -94, -115, TF|AltADC|DCI/Q(Q5): 0x001a0b, s: 55045, e: 119205
2026-09-02 02:17:11.163665 RFHAL_KERNEL_BIN_TRACE_RX_ON RX ON -- AntPwr: -115, FreqCtrl: 0x380d5700, OF|AnaGi|AdcAttn|BQ|BWs: 0x07000700, dsp_corr: -11162
2026-09-02 02:17:11.164520 RFHAL_KERNEL_BIN_TRACE_RX_OFF RX OFF -- AntPwr: -115, prev W/NBPM: -93, -114, TF|AltADC|DCI/Q(Q5): 0x001a0b, s: 55035, e: 119195
2026-09-02 02:17:11.167694 RFHAL_KERNEL_BIN_TRACE_RX_ON RX ON -- AntPwr: -114, FreqCtrl: 0x380d5700, OF|AnaGi|AdcAttn|BQ|BWs: 0x07000700, dsp_corr: -11162
2026-09-02 02:17:11.168518 RFHAL_KERNEL_BIN_TRACE_RX_OFF RX OFF -- AntPwr: -114, prev W/NBPM: -93, -117, TF|AltADC|DCI/Q(Q5): 0x001a0b, s: 55826, e: 119986
2026-09-02 02:17:11.173675 RFHAL_KERNEL_BIN_TRACE_RX_ON RX ON -- AntPwr: -117, FreqCtrl: 0x380d5700, OF|AnaGi|AdcAttn|BQ|BWs: 0x07000700, dsp_corr: -11162
2026-09-02 02:17:11.174530 RFHAL_KERNEL_BIN_TRACE_RX_OFF RX OFF -- AntPwr: -117, prev W/NBPM: -93, -114, TF|AltADC|DCI/Q(Q5): 0x001a0b, s: 55312, e: 119472
2026-09-02 02:17:11.183685 RFHAL_KERNEL_BIN_TRACE_RX_ON RX ON -- AntPwr: -114, FreqCtrl: 0x380d5700, OF|AnaGi|AdcAttn|BQ|BWs: 0x07000700, dsp_corr: -11162
2026-09-02 02:17:11.184509 RFHAL_KERNEL_BIN_TRACE_RX_OFF RX OFF -- AntPwr: -114, prev W/NBPM: -93, -115, TF|AltADC|DCI/Q(Q5): 0x001a0b, s: 54556, e: 118716
2026-09-02 02:17:11.198486 RFHAL_KERNEL_BIN_TRACE_RX_ON RX ON -- AntPwr: -115, FreqCtrl: 0x380d5700, OF|AnaGi|AdcAttn|BQ|BWs: 0x07000700, dsp_corr: -11162
2026-09-02 02:17:11.199493 RFHAL_KERNEL_BIN_TRACE_RX_OFF RX OFF -- AntPwr: -115, prev W/NBPM: -92, -114, TF|AltADC|DCI/Q(Q5): 0x001a0b, s: 40139, e: 116942
2026-09-02 02:17:11.202484 RFHAL_KERNEL_BIN_TRACE_RX_ON RX ON -- AntPwr: -116, FreqCtrl: 0x380d5700, OF|AnaGi|AdcAttn|BQ|BWs: 0x07000700, dsp_corr: -11162
2026-09-02 02:17:11.204498 RFHAL_KERNEL_BIN_TRACE_RX_OFF RX OFF -- AntPwr: -115, prev W/NBPM: -93, -115, TF|AltADC|DCI/Q(Q5): 0x001a0b, s: 40117, e: 193720
2026-09-02 02:17:11.207489 RFHAL_KERNEL_BIN_TRACE_RX_ON RX ON -- AntPwr: -116, FreqCtrl: 0x380d5700, OF|AnaGi|AdcAttn|BQ|BWs: 0x07000700, dsp_corr: -11172
2026-09-02 02:17:11.209503 RFHAL_KERNEL_BIN_TRACE_RX_OFF RX OFF -- AntPwr: -115, prev W/NBPM: -93, -115, TF|AltADC|DCI/Q(Q5): 0x001a0b, s: 40171, e: 193774
2026-09-02 02:17:11.212493 RFHAL_KERNEL_BIN_TRACE_RX_ON RX ON -- AntPwr: -116, FreqCtrl: 0x380d5700, OF|AnaGi|AdcAttn|BQ|BWs: 0x07000700, dsp_corr: -11172
2026-09-02 02:17:11.214508 RFHAL_KERNEL_BIN_TRACE_RX_OFF RX OFF -- AntPwr: -116, prev W/NBPM: -93, -116, TF|AltADC|DCI/Q(Q5): 0x001a0b, s: 40161, e: 193764
2026-09-02 02:17:11.217498 RFHAL_KERNEL_BIN_TRACE_RX_ON RX ON -- AntPwr: -116, FreqCtrl: 0x380d5700, OF|AnaGi|AdcAttn|BQ|BWs: 0x07000700, dsp_corr: -11182
2026-09-02 02:17:11.219482 RFHAL_KERNEL_BIN_TRACE_RX_OFF RX OFF -- AntPwr: -114, prev W/NBPM: -93, -114, TF|AltADC|DCI/Q(Q5): 0x001a0b, s: 40176, e: 193779
2026-09-02 02:17:11.222503 RFHAL_KERNEL_BIN_TRACE_RX_ON RX ON -- AntPwr: -116, FreqCtrl: 0x380d5700, OF|AnaGi|AdcAttn|BQ|BWs: 0x07000700, dsp_corr: -11182
2026-09-02 02:17:11.224487 RFHAL_KERNEL_BIN_TRACE_RX_OFF RX OFF -- AntPwr: -116, prev W/NBPM: -92, -116, TF|AltADC|DCI/Q(Q5): 0x001a0b, s: 40130, e: 193733
2026-09-02 02:17:11.227478 RFHAL_KERNEL_BIN_TRACE_RX_ON RX ON -- AntPwr: -116, FreqCtrl: 0x380d5700, OF|AnaGi|AdcAttn|BQ|BWs: 0x07000700, dsp_corr: -11191
2026-09-02 02:17:11.229492 RFHAL_KERNEL_BIN_TRACE_RX_OFF RX OFF -- AntPwr: -115, prev W/NBPM: -93, -115, TF|AltADC|DCI/Q(Q5): 0x001a0b, s: 40177, e: 193780
2026-09-02 02:17:11.232482 RFHAL_KERNEL_BIN_TRACE_RX_ON RX ON -- AntPwr: -117, FreqCtrl: 0x380d5700, OF|AnaGi|AdcAttn|BQ|BWs: 0x07000700, dsp_corr: -11191
2026-09-02 02:17:11.234497 RFHAL_KERNEL_BIN_TRACE_RX_OFF RX OFF -- AntPwr: -115, prev W/NBPM: -93, -115, TF|AltADC|DCI/Q(Q5): 0x001a0b, s: 40160, e: 193763
2026-09-02 02:17:11.237487 RFHAL_KERNEL_BIN_TRACE_RX_ON RX ON -- AntPwr: -117, FreqCtrl: 0x380d5700, OF|AnaGi|AdcAttn|BQ|BWs: 0x07000700, dsp_corr: -11201
2026-09-02 02:17:11.239502 RFHAL_KERNEL_BIN_TRACE_RX_OFF RX OFF -- AntPwr: -114, prev W/NBPM: -93, -114, TF|AltADC|DCI/Q(Q5): 0x001a0b, s: 40181, e: 193784
2026-09-02 02:17:11.242492 RFHAL_KERNEL_BIN_TRACE_RX_ON RX ON -- AntPwr: -117, FreqCtrl: 0x380d5700, OF|AnaGi|AdcAttn|BQ|BWs: 0x07000700, dsp_corr: -11201
2026-09-02 02:17:11.244506 RFHAL_KERNEL_BIN_TRACE_RX_OFF RX OFF -- AntPwr: -115, prev W/NBPM: -93, -115, TF|AltADC|DCI/Q(Q5): 0x001a0b, s: 40127, e: 193730
2026-09-02 02:17:11.247497 RFHAL_KERNEL_BIN_TRACE_RX_ON RX ON -- AntPwr: -117, FreqCtrl: 0x380d5700, OF|AnaGi|AdcAttn|BQ|BWs: 0x07000700, dsp_corr: -11211
2026-09-02 02:17:11.249481 RFHAL_KERNEL_BIN_TRACE_RX_OFF RX OFF -- AntPwr: -114, prev W/NBPM: -93, -114, TF|AltADC|DCI/Q(Q5): 0x001a0b, s: 40178, e: 193781
2026-09-02 02:17:11.252502 RFHAL_KERNEL_BIN_TRACE_RX_ON RX ON -- AntPwr: -117, FreqCtrl: 0x380d5700, OF|AnaGi|AdcAttn|BQ|BWs: 0x07000700, dsp_corr: -11211
2026-09-02 02:17:11.254516 RFHAL_KERNEL_BIN_TRACE_RX_OFF RX OFF -- AntPwr: -115, prev W/NBPM: -93, -115, TF|AltADC|DCI/Q(Q5): 0x001a0b, s: 40163, e: 193766
2026-09-02 02:17:11.257476 RFHAL_KERNEL_BIN_TRACE_RX_ON RX ON -- AntPwr: -117, FreqCtrl: 0x380d5700, OF|AnaGi|AdcAttn|BQ|BWs: 0x07000700, dsp_corr: -11201
2026-09-02 02:17:11.259491 RFHAL_KERNEL_BIN_TRACE_RX_OFF RX OFF -- AntPwr: -115, prev W/NBPM: -93, -115, TF|AltADC|DCI/Q(Q5): 0x001a0b, s: 40178, e: 193781
2026-09-02 02:17:11.262481 RFHAL_KERNEL_BIN_TRACE_RX_ON RX ON -- AntPwr: -116, FreqCtrl: 0x380d5700, OF|AnaGi|AdcAttn|BQ|BWs: 0x07000700, dsp_corr: -11201
2026-09-02 02:17:11.264495 RFHAL_KERNEL_BIN_TRACE_RX_OFF RX OFF -- AntPwr: -115, prev W/NBPM: -93, -115, TF|AltADC|DCI/Q(Q5): 0x001a0b, s: 40132, e: 193735
2026-09-02 02:17:11.267486 RFHAL_KERNEL_BIN_TRACE_RX_ON RX ON -- AntPwr: -116, FreqCtrl: 0x380d5700, OF|AnaGi|AdcAttn|BQ|BWs: 0x07000700, dsp_corr: -11211
2026-09-02 02:17:11.269500 RFHAL_KERNEL_BIN_TRACE_RX_OFF RX OFF -- AntPwr: -114, prev W/NBPM: -93, -114, TF|AltADC|DCI/Q(Q5): 0x001a0b, s: 40174, e: 193777
2026-09-02 02:17:11.272491 RFHAL_KERNEL_BIN_TRACE_RX_ON RX ON -- AntPwr: -117, FreqCtrl: 0x380d5700, OF|AnaGi|AdcAttn|BQ|BWs: 0x07000700, dsp_corr: -11211
2026-09-02 02:17:11.274505 RFHAL_KERNEL_BIN_TRACE_RX_OFF RX OFF -- AntPwr: -114, prev W/NBPM: -92, -114, TF|AltADC|DCI/Q(Q5): 0x001a0b, s: 40165, e: 193768
2026-09-02 02:17:11.277496 RFHAL_KERNEL_BIN_TRACE_RX_ON RX ON -- AntPwr: -117, FreqCtrl: 0x380d5700, OF|AnaGi|AdcAttn|BQ|BWs: 0x07000700, dsp_corr: -11221
2026-09-02 02:17:11.279510 RFHAL_KERNEL_BIN_TRACE_RX_OFF RX OFF -- AntPwr: -115, prev W/NBPM: -93, -115, TF|AltADC|DCI/Q(Q5): 0x001a0b, s: 40177, e: 193780
2026-09-02 02:17:11.282501 RFHAL_KERNEL_BIN_TRACE_RX_ON RX ON -- AntPwr: -116, FreqCtrl: 0x380d5700, OF|AnaGi|AdcAttn|BQ|BWs: 0x07000700, dsp_corr: -11221
2026-09-02 02:17:11.284484 RFHAL_KERNEL_BIN_TRACE_RX_OFF RX OFF -- AntPwr: -115, prev W/NBPM: -93, -115, TF|AltADC|DCI/Q(Q5): 0x001a0b, s: 40129, e: 193732
2026-09-02 02:17:11.287506 RFHAL_KERNEL_BIN_TRACE_RX_ON RX ON -- AntPwr: -116, FreqCtrl: 0x380d5700, OF|AnaGi|AdcAttn|BQ|BWs: 0x07000700, dsp_corr: -11231
2026-09-02 02:17:11.289489 RFHAL_KERNEL_BIN_TRACE_RX_OFF RX OFF -- AntPwr: -113, prev W/NBPM: -93, -113, TF|AltADC|DCI/Q(Q5): 0x001a0b, s: 40174, e: 193777
2026-09-02 02:17:11.292480 RFHAL_KERNEL_BIN_TRACE_RX_ON RX ON -- AntPwr: -116, FreqCtrl: 0x380d5700, OF|AnaGi|AdcAttn|BQ|BWs: 0x07000700, dsp_corr: -11231
2026-09-02 02:17:11.294525 RFHAL_KERNEL_BIN_TRACE_RX_OFF RX OFF -- AntPwr: -116, prev W/NBPM: -93, -116, TF|AltADC|DCI/Q(Q5): 0x001a0b, s: 40165, e: 193768
2026-09-02 02:17:11.297485 RFHAL_KERNEL_BIN_TRACE_RX_ON RX ON -- AntPwr: -116, FreqCtrl: 0x380d5700, OF|AnaGi|AdcAttn|BQ|BWs: 0x07000700, dsp_corr: -11240
2026-09-02 02:17:11.299499 RFHAL_KERNEL_BIN_TRACE_RX_OFF RX OFF -- AntPwr: -114, prev W/NBPM: -93, -114, TF|AltADC|DCI/Q(Q5): 0x001a0b, s: 40181, e: 193784
2026-09-02 02:17:11.302490 RFHAL_KERNEL_BIN_TRACE_RX_ON RX ON -- AntPwr: -116, FreqCtrl: 0x380d5700, OF|AnaGi|AdcAttn|BQ|BWs: 0x07000700, dsp_corr: -11240
2026-09-02 02:17:11.304504 RFHAL_KERNEL_BIN_TRACE_RX_OFF RX OFF -- AntPwr: -114, prev W/NBPM: -93, -114, TF|AltADC|DCI/Q(Q5): 0x001a0b, s: 40130, e: 193733
2026-09-02 02:17:11.307495 RFHAL_KERNEL_BIN_TRACE_RX_ON RX ON -- AntPwr: -116, FreqCtrl: 0x380d5700, OF|AnaGi|AdcAttn|BQ|BWs: 0x07000700, dsp_corr: -11231
2026-09-02 02:17:11.309509 RFHAL_KERNEL_BIN_TRACE_RX_OFF RX OFF -- AntPwr: -115, prev W/NBPM: -93, -115, TF|AltADC|DCI/Q(Q5): 0x001a0b, s: 40176, e: 193779
2026-09-02 02:17:11.312500 RFHAL_KERNEL_BIN_TRACE_RX_ON RX ON -- AntPwr: -116, FreqCtrl: 0x380d5700, OF|AnaGi|AdcAttn|BQ|BWs: 0x07000700, dsp_corr: -11231
2026-09-02 02:17:11.314514 RFHAL_KERNEL_BIN_TRACE_RX_OFF RX OFF -- AntPwr: -114, prev W/NBPM: -92, -114, TF|AltADC|DCI/Q(Q5): 0x001a0b, s: 40161, e: 193764
2026-09-02 02:17:11.317504 RFHAL_KERNEL_BIN_TRACE_RX_ON RX ON -- AntPwr: -116, FreqCtrl: 0x380d5700, OF|AnaGi|AdcAttn|BQ|BWs: 0x07000700, dsp_corr: -11240
2026-09-02 02:17:11.319488 RFHAL_KERNEL_BIN_TRACE_RX_OFF RX OFF -- AntPwr: -117, prev W/NBPM: -93, -117, TF|AltADC|DCI/Q(Q5): 0x001a0b, s: 40179, e: 193782
2026-09-02 02:17:11.322479 RFHAL_KERNEL_BIN_TRACE_RX_ON RX ON -- AntPwr: -116, FreqCtrl: 0x380d5700, OF|AnaGi|AdcAttn|BQ|BWs: 0x07000700, dsp_corr: -11240
2026-09-02 02:17:11.324493 RFHAL_KERNEL_BIN_TRACE_RX_OFF RX OFF -- AntPwr: -118, prev W/NBPM: -93, -118, TF|AltADC|DCI/Q(Q5): 0x001a0b, s: 40128, e: 193731
2026-09-02 02:17:11.327484 RFHAL_KERNEL_BIN_TRACE_RX_ON RX ON -- AntPwr: -116, FreqCtrl: 0x380d5700, OF|AnaGi|AdcAttn|BQ|BWs: 0x07000700, dsp_corr: -11250
2026-09-02 02:17:11.329498 RFHAL_KERNEL_BIN_TRACE_RX_OFF RX OFF -- AntPwr: -114, prev W/NBPM: -93, -114, TF|AltADC|DCI/Q(Q5): 0x001a0b, s: 40179, e: 193782
2026-09-02 02:17:11.332489 RFHAL_KERNEL_BIN_TRACE_RX_ON RX ON -- AntPwr: -116, FreqCtrl: 0x380d5700, OF|AnaGi|AdcAttn|BQ|BWs: 0x07000700, dsp_corr: -11250
2026-09-02 02:17:11.334503 RFHAL_KERNEL_BIN_TRACE_RX_OFF RX OFF -- AntPwr: -115, prev W/NBPM: -93, -115, TF|AltADC|DCI/Q(Q5): 0x001a0b, s: 40163, e: 193766
2026-09-02 02:17:11.337493 RFHAL_KERNEL_BIN_TRACE_RX_ON RX ON -- AntPwr: -116, FreqCtrl: 0x380d5700, OF|AnaGi|AdcAttn|BQ|BWs: 0x07000700, dsp_corr: -11260
2026-09-02 02:17:11.339508 RFHAL_KERNEL_BIN_TRACE_RX_OFF RX OFF -- AntPwr: -114, prev W/NBPM: -93, -114, TF|AltADC|DCI/Q(Q5): 0x001a0b, s: 40180, e: 193783
2026-09-02 02:17:11.342498 RFHAL_KERNEL_BIN_TRACE_RX_ON RX ON -- AntPwr: -117, FreqCtrl: 0x380d5700, OF|AnaGi|AdcAttn|BQ|BWs: 0x07000700, dsp_corr: -11260
2026-09-02 02:17:11.344512 RFHAL_KERNEL_BIN_TRACE_RX_OFF RX OFF -- AntPwr: -116, prev W/NBPM: -93, -116, TF|AltADC|DCI/Q(Q5): 0x001a0b, s: 39694, e: 193297
2026-09-02 02:17:11.345275 ERRC_PDU_TYPE_BCCH_SIB1_NB ERRC PDU: SystemInformationBlockType1-NB
2026-09-02 02:17:11.345275 ERRC_PEER_MSG_NB_SIB1 System Information Block 1 (SIB1-NB) [4054c0c80a5e00020000002000ff4008a0040030482ad2143640000000000000000000000000000000]
2026-09-02 02:17:11.346099 ERRC_PDU_TYPE_BCCH_SI_NB ERRC PDU: SystemInformation-NB
2026-09-02 02:17:11.346099 ERRC_PEER_MSG_NB_SI System Information (SI-NB) [004240217fffe0074a0da00201929020a23302a2934b14c0000dc85040710001803c22005006000000018200e400000000000000000000]
2026-09-02 02:17:11.503723 RFHAL_KERNEL_BIN_TRACE_RX_ON RX ON -- AntPwr: -117, FreqCtrl: 0x380d5700, OF|AnaGi|AdcAttn|BQ|BWs: 0x07000700, dsp_corr: -11270
2026-09-02 02:17:11.504516 RFHAL_KERNEL_BIN_TRACE_RX_OFF RX OFF -- AntPwr: -117, prev W/NBPM: -93, -114, TF|AltADC|DCI/Q(Q5): 0x001a0b, s: 93814, e: 155414
2026-09-02 02:17:11.507690 RFHAL_KERNEL_BIN_TRACE_RX_ON RX ON -- AntPwr: -114, FreqCtrl: 0x380d5700, OF|AnaGi|AdcAttn|BQ|BWs: 0x07000700, dsp_corr: -11270
2026-09-02 02:17:11.508544 RFHAL_KERNEL_BIN_TRACE_RX_OFF RX OFF -- AntPwr: -114, prev W/NBPM: -93, -115, TF|AltADC|DCI/Q(Q5): 0x001a0b, s: 54519, e: 118679
2026-09-02 02:17:11.513702 RFHAL_KERNEL_BIN_TRACE_RX_ON RX ON -- AntPwr: -115, FreqCtrl: 0x380d5700, OF|AnaGi|AdcAttn|BQ|BWs: 0x07000700, dsp_corr: -11270
2026-09-02 02:17:11.514526 RFHAL_KERNEL_BIN_TRACE_RX_OFF RX OFF -- AntPwr: -115, prev W/NBPM: -93, -114, TF|AltADC|DCI/Q(Q5): 0x001a0b, s: 54648, e: 118808
2026-09-02 02:17:11.523681 RFHAL_KERNEL_BIN_TRACE_RX_ON RX ON -- AntPwr: -114, FreqCtrl: 0x380d5700, OF|AnaGi|AdcAttn|BQ|BWs: 0x07000700, dsp_corr: -11270
2026-09-02 02:17:11.524536 RFHAL_KERNEL_BIN_TRACE_RX_OFF RX OFF -- AntPwr: -114, prev W/NBPM: -93, -115, TF|AltADC|DCI/Q(Q5): 0x001a0b, s: 54648, e: 118808
2026-09-02 02:17:11.527679 RFHAL_KERNEL_BIN_TRACE_RX_ON RX ON -- AntPwr: -115, FreqCtrl: 0x380d5700, OF|AnaGi|AdcAttn|BQ|BWs: 0x07000700, dsp_corr: -11270
2026-09-02 02:17:11.528533 RFHAL_KERNEL_BIN_TRACE_RX_OFF RX OFF -- AntPwr: -115, prev W/NBPM: -93, -116, TF|AltADC|DCI/Q(Q5): 0x001a0b, s: 55437, e: 119597
2026-09-02 02:17:11.533691 RFHAL_KERNEL_BIN_TRACE_RX_ON RX ON -- AntPwr: -116, FreqCtrl: 0x380d5700, OF|AnaGi|AdcAttn|BQ|BWs: 0x07000700, dsp_corr: -11270
2026-09-02 02:17:11.534545 RFHAL_KERNEL_BIN_TRACE_RX_OFF RX OFF -- AntPwr: -116, prev W/NBPM: -94, -115, TF|AltADC|DCI/Q(Q5): 0x001a0b, s: 54655, e: 118815
2026-09-02 02:17:11.543701 RFHAL_KERNEL_BIN_TRACE_RX_ON RX ON -- AntPwr: -115, FreqCtrl: 0x380d5700, OF|AnaGi|AdcAttn|BQ|BWs: 0x07000700, dsp_corr: -11270
2026-09-02 02:17:11.544525 RFHAL_KERNEL_BIN_TRACE_RX_OFF RX OFF -- AntPwr: -115, prev W/NBPM: -93, -116, TF|AltADC|DCI/Q(Q5): 0x001a0b, s: 54645, e: 118805
2026-09-02 02:17:11.547699 RFHAL_KERNEL_BIN_TRACE_RX_ON RX ON -- AntPwr: -116, FreqCtrl: 0x380d5700, OF|AnaGi|AdcAttn|BQ|BWs: 0x07000700, dsp_corr: -11270
2026-09-02 02:17:11.548553 RFHAL_KERNEL_BIN_TRACE_RX_OFF RX OFF -- AntPwr: -116, prev W/NBPM: -93, -116, TF|AltADC|DCI/Q(Q5): 0x001a0b, s: 55429, e: 119589
2026-09-02 02:17:11.553680 RFHAL_KERNEL_BIN_TRACE_RX_ON RX ON -- AntPwr: -116, FreqCtrl: 0x380d5700, OF|AnaGi|AdcAttn|BQ|BWs: 0x07000700, dsp_corr: -11270
2026-09-02 02:17:11.554534 RFHAL_KERNEL_BIN_TRACE_RX_OFF RX OFF -- AntPwr: -116, prev W/NBPM: -93, -114, TF|AltADC|DCI/Q(Q5): 0x001a0b, s: 54652, e: 118812
2026-09-02 02:17:11.563690 RFHAL_KERNEL_BIN_TRACE_RX_ON RX ON -- AntPwr: -114, FreqCtrl: 0x380d5700, OF|AnaGi|AdcAttn|BQ|BWs: 0x07000700, dsp_corr: -11270
2026-09-02 02:17:11.564544 RFHAL_KERNEL_BIN_TRACE_RX_OFF RX OFF -- AntPwr: -114, prev W/NBPM: -93, -115, TF|AltADC|DCI/Q(Q5): 0x001a0b, s: 54642, e: 118802
2026-09-02 02:17:11.567688 RFHAL_KERNEL_BIN_TRACE_RX_ON RX ON -- AntPwr: -115, FreqCtrl: 0x380d5700, OF|AnaGi|AdcAttn|BQ|BWs: 0x07000700, dsp_corr: -11270
2026-09-02 02:17:11.568542 RFHAL_KERNEL_BIN_TRACE_RX_OFF RX OFF -- AntPwr: -115, prev W/NBPM: -93, -115, TF|AltADC|DCI/Q(Q5): 0x001a0b, s: 55428, e: 119588
2026-09-02 02:17:11.573700 RFHAL_KERNEL_BIN_TRACE_RX_ON RX ON -- AntPwr: -115, FreqCtrl: 0x380d5700, OF|AnaGi|AdcAttn|BQ|BWs: 0x07000700, dsp_corr: -11270
2026-09-02 02:17:11.574523 RFHAL_KERNEL_BIN_TRACE_RX_OFF RX OFF -- AntPwr: -115, prev W/NBPM: -93, -116, TF|AltADC|DCI/Q(Q5): 0x001a0b, s: 54647, e: 118807
2026-09-02 02:17:11.583709 RFHAL_KERNEL_BIN_TRACE_RX_ON RX ON -- AntPwr: -116, FreqCtrl: 0x380d5700, OF|AnaGi|AdcAttn|BQ|BWs: 0x07000700, dsp_corr: -11270
2026-09-02 02:17:11.584533 RFHAL_KERNEL_BIN_TRACE_RX_OFF RX OFF -- AntPwr: -116, prev W/NBPM: -93, -116, TF|AltADC|DCI/Q(Q5): 0x001a0b, s: 54641, e: 118801
2026-09-02 02:17:11.587707 RFHAL_KERNEL_BIN_TRACE_RX_ON RX ON -- AntPwr: -116, FreqCtrl: 0x380d5700, OF|AnaGi|AdcAttn|BQ|BWs: 0x07000700, dsp_corr: -11270
2026-09-02 02:17:11.588562 RFHAL_KERNEL_BIN_TRACE_RX_OFF RX OFF -- AntPwr: -116, prev W/NBPM: -93, -115, TF|AltADC|DCI/Q(Q5): 0x001a0b, s: 55426, e: 119586
2026-09-02 02:17:11.593689 RFHAL_KERNEL_BIN_TRACE_RX_ON RX ON -- AntPwr: -115, FreqCtrl: 0x380d5700, OF|AnaGi|AdcAttn|BQ|BWs: 0x07000700, dsp_corr: -11270
2026-09-02 02:17:11.594543 RFHAL_KERNEL_BIN_TRACE_RX_OFF RX OFF -- AntPwr: -115, prev W/NBPM: -93, -114, TF|AltADC|DCI/Q(Q5): 0x001a0b, s: 54650, e: 118810
2026-09-02 02:17:11.603698 RFHAL_KERNEL_BIN_TRACE_RX_ON RX ON -- AntPwr: -114, FreqCtrl: 0x380d5700, OF|AnaGi|AdcAttn|BQ|BWs: 0x07000700, dsp_corr: -11270
2026-09-02 02:17:11.604522 RFHAL_KERNEL_BIN_TRACE_RX_OFF RX OFF -- AntPwr: -114, prev W/NBPM: -93, -115, TF|AltADC|DCI/Q(Q5): 0x001a0b, s: 54646, e: 118806
2026-09-02 02:17:11.607696 RFHAL_KERNEL_BIN_TRACE_RX_ON RX ON -- AntPwr: -115, FreqCtrl: 0x380d5700, OF|AnaGi|AdcAttn|BQ|BWs: 0x07000700, dsp_corr: -11270
2026-09-02 02:17:11.608551 RFHAL_KERNEL_BIN_TRACE_RX_OFF RX OFF -- AntPwr: -115, prev W/NBPM: -93, -114, TF|AltADC|DCI/Q(Q5): 0x001a0b, s: 55426, e: 119586
2026-09-02 02:17:11.613708 RFHAL_KERNEL_BIN_TRACE_RX_ON RX ON -- AntPwr: -114, FreqCtrl: 0x380d5700, OF|AnaGi|AdcAttn|BQ|BWs: 0x07000700, dsp_corr: -11270
2026-09-02 02:17:11.614532 RFHAL_KERNEL_BIN_TRACE_RX_OFF RX OFF -- AntPwr: -114, prev W/NBPM: -93, -113, TF|AltADC|DCI/Q(Q5): 0x001a0b, s: 54648, e: 118808
2026-09-02 02:17:11.623687 RFHAL_KERNEL_BIN_TRACE_RX_ON RX ON -- AntPwr: -113, FreqCtrl: 0x380d5700, OF|AnaGi|AdcAttn|BQ|BWs: 0x07000700, dsp_corr: -11270
2026-09-02 02:17:11.624542 RFHAL_KERNEL_BIN_TRACE_RX_OFF RX OFF -- AntPwr: -113, prev W/NBPM: -93, -113, TF|AltADC|DCI/Q(Q5): 0x001a0b, s: 54643, e: 118803
2026-09-02 02:17:11.627685 RFHAL_KERNEL_BIN_TRACE_RX_ON RX ON -- AntPwr: -113, FreqCtrl: 0x380d5700, OF|AnaGi|AdcAttn|BQ|BWs: 0x07000700, dsp_corr: -11270
2026-09-02 02:17:11.628540 RFHAL_KERNEL_BIN_TRACE_RX_OFF RX OFF -- AntPwr: -113, prev W/NBPM: -93, -114, TF|AltADC|DCI/Q(Q5): 0x001a0b, s: 55426, e: 119586
2026-09-02 02:17:11.633697 RFHAL_KERNEL_BIN_TRACE_RX_ON RX ON -- AntPwr: -114, FreqCtrl: 0x380d5700, OF|AnaGi|AdcAttn|BQ|BWs: 0x07000700, dsp_corr: -11270
2026-09-02 02:17:11.634552 RFHAL_KERNEL_BIN_TRACE_RX_OFF RX OFF -- AntPwr: -114, prev W/NBPM: -93, -114, TF|AltADC|DCI/Q(Q5): 0x001a0b, s: 54651, e: 118811
2026-09-02 02:17:11.643707 RFHAL_KERNEL_BIN_TRACE_RX_ON RX ON -- AntPwr: -114, FreqCtrl: 0x380d5700, OF|AnaGi|AdcAttn|BQ|BWs: 0x07000700, dsp_corr: -11270
2026-09-02 02:17:11.644531 RFHAL_KERNEL_BIN_TRACE_RX_OFF RX OFF -- AntPwr: -114, prev W/NBPM: -93, -114, TF|AltADC|DCI/Q(Q5): 0x001a0b, s: 54642, e: 118802
2026-09-02 02:17:11.647705 RFHAL_KERNEL_BIN_TRACE_RX_ON RX ON -- AntPwr: -114, FreqCtrl: 0x380d5700, OF|AnaGi|AdcAttn|BQ|BWs: 0x07000700, dsp_corr: -11270
2026-09-02 02:17:11.648559 RFHAL_KERNEL_BIN_TRACE_RX_OFF RX OFF -- AntPwr: -114, prev W/NBPM: -93, -115, TF|AltADC|DCI/Q(Q5): 0x001a0b, s: 55426, e: 119586
2026-09-02 02:17:11.653686 RFHAL_KERNEL_BIN_TRACE_RX_ON RX ON -- AntPwr: -115, FreqCtrl: 0x380d5700, OF|AnaGi|AdcAttn|BQ|BWs: 0x07000700, dsp_corr: -11270
2026-09-02 02:17:11.654541 RFHAL_KERNEL_BIN_TRACE_RX_OFF RX OFF -- AntPwr: -115, prev W/NBPM: -93, -112, TF|AltADC|DCI/Q(Q5): 0x001a0b, s: 54916, e: 119076
2026-09-02 02:17:11.663696 RFHAL_KERNEL_BIN_TRACE_RX_ON RX ON -- AntPwr: -112, FreqCtrl: 0x380d5700, OF|AnaGi|AdcAttn|BQ|BWs: 0x07000700, dsp_corr: -11270
2026-09-02 02:17:11.664550 RFHAL_KERNEL_BIN_TRACE_RX_OFF RX OFF -- AntPwr: -112, prev W/NBPM: -93, -115, TF|AltADC|DCI/Q(Q5): 0x001a0b, s: 54169, e: 118329
2026-09-02 02:17:11.669494 RFHAL_KERNEL_BIN_TRACE_RX_ON RX ON -- AntPwr: -115, FreqCtrl: 0x380d5700, OF|AnaGi|AdcAttn|BQ|BWs: 0x07000700, dsp_corr: -11332
2026-09-02 02:17:11.691528 RFHAL_KERNEL_BIN_TRACE_RX_OFF RX OFF -- AntPwr: -117, prev W/NBPM: -93, -115, TF|AltADC|DCI/Q(Q5): 0x001a0b, s: 38728, e: 1728331
2026-09-02 02:17:11.692504 RFHAL_KERNEL_BIN_TRACE_RX_ON RX ON -- AntPwr: -117, FreqCtrl: 0x380d5700, OF|AnaGi|AdcAttn|BQ|BWs: 0x07000700, dsp_corr: -11352
2026-09-02 02:17:11.731506 RFHAL_KERNEL_BIN_TRACE_RX_OFF RX OFF -- AntPwr: -118, prev W/NBPM: -93, -114, TF|AltADC|DCI/Q(Q5): 0x001b0b, s: 39238, e: 3034441
2026-09-02 02:17:11.732513 RFHAL_KERNEL_BIN_TRACE_RX_ON RX ON -- AntPwr: -118, FreqCtrl: 0x380d5700, OF|AnaGi|AdcAttn|BQ|BWs: 0x07000700, dsp_corr: -11352
2026-09-02 02:17:11.771514 RFHAL_KERNEL_BIN_TRACE_RX_OFF RX OFF -- AntPwr: -117, prev W/NBPM: -93, -115, TF|AltADC|DCI/Q(Q5): 0x001b0b, s: 41002, e: 3036205
2026-09-02 02:17:11.772522 RFHAL_KERNEL_BIN_TRACE_RX_ON RX ON -- AntPwr: -117, FreqCtrl: 0x380d5700, OF|AnaGi|AdcAttn|BQ|BWs: 0x07000700, dsp_corr: -11362
2026-09-02 02:17:11.811523 RFHAL_KERNEL_BIN_TRACE_RX_OFF RX OFF -- AntPwr: -117, prev W/NBPM: -93, -115, TF|AltADC|DCI/Q(Q5): 0x001b0b, s: 40069, e: 3035272
2026-09-02 02:17:12.103729 RFHAL_KERNEL_BIN_TRACE_RX_ON RX ON -- AntPwr: -117, FreqCtrl: 0x380d5700, OF|AnaGi|AdcAttn|BQ|BWs: 0x07000700, dsp_corr: -11372
2026-09-02 02:17:12.104553 RFHAL_KERNEL_BIN_TRACE_RX_OFF RX OFF -- AntPwr: -117, prev W/NBPM: -93, -115, TF|AltADC|DCI/Q(Q5): 0x001b0b, s: 95115, e: 156715
2026-09-02 02:17:12.107727 RFHAL_KERNEL_BIN_TRACE_RX_ON RX ON -- AntPwr: -115, FreqCtrl: 0x380d5700, OF|AnaGi|AdcAttn|BQ|BWs: 0x07000700, dsp_corr: -11372
2026-09-02 02:17:12.108581 RFHAL_KERNEL_BIN_TRACE_RX_OFF RX OFF -- AntPwr: -115, prev W/NBPM: -93, -114, TF|AltADC|DCI/Q(Q5): 0x001b0b, s: 54516, e: 118676
2026-09-02 02:17:12.113708 RFHAL_KERNEL_BIN_TRACE_RX_ON RX ON -- AntPwr: -114, FreqCtrl: 0x380d5700, OF|AnaGi|AdcAttn|BQ|BWs: 0x07000700, dsp_corr: -11372
2026-09-02 02:17:12.114563 RFHAL_KERNEL_BIN_TRACE_RX_OFF RX OFF -- AntPwr: -114, prev W/NBPM: -93, -113, TF|AltADC|DCI/Q(Q5): 0x001b0b, s: 54646, e: 118806
2026-09-02 02:17:12.123718 RFHAL_KERNEL_BIN_TRACE_RX_ON RX ON -- AntPwr: -113, FreqCtrl: 0x380d5700, OF|AnaGi|AdcAttn|BQ|BWs: 0x07000700, dsp_corr: -11372
2026-09-02 02:17:12.124572 RFHAL_KERNEL_BIN_TRACE_RX_OFF RX OFF -- AntPwr: -113, prev W/NBPM: -93, -113, TF|AltADC|DCI/Q(Q5): 0x001a0b, s: 54645, e: 118805
2026-09-02 02:17:12.127716 RFHAL_KERNEL_BIN_TRACE_RX_ON RX ON -- AntPwr: -113, FreqCtrl: 0x380d5700, OF|AnaGi|AdcAttn|BQ|BWs: 0x07000700, dsp_corr: -11372
2026-09-02 02:17:12.128570 RFHAL_KERNEL_BIN_TRACE_RX_OFF RX OFF -- AntPwr: -113, prev W/NBPM: -93, -116, TF|AltADC|DCI/Q(Q5): 0x001a0b, s: 55428, e: 119588
2026-09-02 02:17:12.133728 RFHAL_KERNEL_BIN_TRACE_RX_ON RX ON -- AntPwr: -116, FreqCtrl: 0x380d5700, OF|AnaGi|AdcAttn|BQ|BWs: 0x07000700, dsp_corr: -11372
2026-09-02 02:17:12.134552 RFHAL_KERNEL_BIN_TRACE_RX_OFF RX OFF -- AntPwr: -116, prev W/NBPM: -93, -113, TF|AltADC|DCI/Q(Q5): 0x001a0b, s: 54650, e: 118810
2026-09-02 02:17:12.143707 RFHAL_KERNEL_BIN_TRACE_RX_ON RX ON -- AntPwr: -113, FreqCtrl: 0x380d5700, OF|AnaGi|AdcAttn|BQ|BWs: 0x07000700, dsp_corr: -11372
2026-09-02 02:17:12.144561 RFHAL_KERNEL_BIN_TRACE_RX_OFF RX OFF -- AntPwr: -113, prev W/NBPM: -93, -115, TF|AltADC|DCI/Q(Q5): 0x001a0b, s: 54644, e: 118804
2026-09-02 02:17:12.147705 RFHAL_KERNEL_BIN_TRACE_RX_ON RX ON -- AntPwr: -115, FreqCtrl: 0x380d5700, OF|AnaGi|AdcAttn|BQ|BWs: 0x07000700, dsp_corr: -11372
2026-09-02 02:17:12.148559 RFHAL_KERNEL_BIN_TRACE_RX_OFF RX OFF -- AntPwr: -115, prev W/NBPM: -93, -114, TF|AltADC|DCI/Q(Q5): 0x001a0b, s: 55426, e: 119586
2026-09-02 02:17:12.153717 RFHAL_KERNEL_BIN_TRACE_RX_ON RX ON -- AntPwr: -114, FreqCtrl: 0x380d5700, OF|AnaGi|AdcAttn|BQ|BWs: 0x07000700, dsp_corr: -11372
2026-09-02 02:17:12.154571 RFHAL_KERNEL_BIN_TRACE_RX_OFF RX OFF -- AntPwr: -114, prev W/NBPM: -93, -114, TF|AltADC|DCI/Q(Q5): 0x001a0b, s: 54650, e: 118810
2026-09-02 02:17:12.163726 RFHAL_KERNEL_BIN_TRACE_RX_ON RX ON -- AntPwr: -114, FreqCtrl: 0x380d5700, OF|AnaGi|AdcAttn|BQ|BWs: 0x07000700, dsp_corr: -11372
2026-09-02 02:17:12.164550 RFHAL_KERNEL_BIN_TRACE_RX_OFF RX OFF -- AntPwr: -114, prev W/NBPM: -92, -114, TF|AltADC|DCI/Q(Q5): 0x001a0b, s: 54642, e: 118802
2026-09-02 02:17:12.167724 RFHAL_KERNEL_BIN_TRACE_RX_ON RX ON -- AntPwr: -114, FreqCtrl: 0x380d5700, OF|AnaGi|AdcAttn|BQ|BWs: 0x07000700, dsp_corr: -11372
2026-09-02 02:17:12.168579 RFHAL_KERNEL_BIN_TRACE_RX_OFF RX OFF -- AntPwr: -114, prev W/NBPM: -93, -114, TF|AltADC|DCI/Q(Q5): 0x001a0b, s: 55426, e: 119586
2026-09-02 02:17:12.173706 RFHAL_KERNEL_BIN_TRACE_RX_ON RX ON -- AntPwr: -114, FreqCtrl: 0x380d5700, OF|AnaGi|AdcAttn|BQ|BWs: 0x07000700, dsp_corr: -11372
2026-09-02 02:17:12.174560 RFHAL_KERNEL_BIN_TRACE_RX_OFF RX OFF -- AntPwr: -114, prev W/NBPM: -93, -114, TF|AltADC|DCI/Q(Q5): 0x001a0b, s: 54652, e: 118812
2026-09-02 02:17:12.183715 RFHAL_KERNEL_BIN_TRACE_RX_ON RX ON -- AntPwr: -114, FreqCtrl: 0x380d5700, OF|AnaGi|AdcAttn|BQ|BWs: 0x07000700, dsp_corr: -11372
2026-09-02 02:17:12.184570 RFHAL_KERNEL_BIN_TRACE_RX_OFF RX OFF -- AntPwr: -114, prev W/NBPM: -93, -113, TF|AltADC|DCI/Q(Q5): 0x001a0b, s: 54644, e: 118804
2026-09-02 02:17:12.274536 RFHAL_KERNEL_BIN_TRACE_RX_ON RX ON -- AntPwr: -113, FreqCtrl: 0x380d5700, OF|AnaGi|AdcAttn|BQ|BWs: 0x07000700, dsp_corr: -11482
2026-09-02 02:17:12.331543 RFHAL_KERNEL_BIN_TRACE_RX_OFF RX OFF -- AntPwr: -117, prev W/NBPM: -93, -114, TF|AltADC|DCI/Q(Q5): 0x001b0b, s: 38728, e: 4416331
2026-09-02 02:17:12.332550 RFHAL_KERNEL_BIN_TRACE_RX_ON RX ON -- AntPwr: -117, FreqCtrl: 0x380d5700, OF|AnaGi|AdcAttn|BQ|BWs: 0x07000700, dsp_corr: -11512
2026-09-02 02:17:12.371551 RFHAL_KERNEL_BIN_TRACE_RX_OFF RX OFF -- AntPwr: -117, prev W/NBPM: -93, -114, TF|AltADC|DCI/Q(Q5): 0x001b0b, s: 40606, e: 3035809
2026-09-02 02:17:12.372283 ERRC_PDU_TYPE_BCCH_SI_NB ERRC PDU: SystemInformation-NB
2026-09-02 02:17:12.372283 ERRC_PEER_MSG_NB_SI System Information (SI-NB) [002145c08b336b1c7014176942a2395843f3baffe800000140a0000000000000000000000000000000]
2026-09-02 02:17:12.372528 RFHAL_KERNEL_BIN_TRACE_RX_ON RX ON -- AntPwr: -117, FreqCtrl: 0x380d5700, OF|AnaGi|AdcAttn|BQ|BWs: 0x07000700, dsp_corr: -11532
2026-09-02 02:17:12.373687 L1_DEFAULT_INFO_PAGING_DRX earfcn 229232 pci: 22 ue_id: 47 paging_cycle: 128 drx_sys_frame_num_offset: 47 drx_sub_frame_num_offset: 0 drx_nb: 0
2026-09-02 02:17:12.373748 L1_DEFAULT_INFO_SERVING_CELL_MEASUREMENTS earfcn: 229232, pci: 22, rsrp: -141, rsrq: -24, SNR: -9
2026-09-02 02:17:12.373809 L23_ERRC_3GPP_TIMER_START 11 START, timeout 1000 ms
2026-09-02 02:17:12.373870 L23_DEFAULT_INFO_SCELL_ID plmn_id: 90197, band_indicator: 256, tracking_area_code: 1, cell_id: 1
2026-09-02 02:17:12.373870 L23_ERRC_3GPP_TIMER_START 12 START, timeout 86400000 ms
2026-09-02 02:17:12.373992 L23_DEFAULT_INFO_RRCSTATECHANGEEVENT RRC State: 2
2026-09-02 02:17:12.374542 RFHAL_KERNEL_BIN_TRACE_RX_OFF RX OFF -- AntPwr: -114, prev W/NBPM: -93, -114, TF|AltADC|DCI/Q(Q5): 0x001b0b, s: 37605, e: 191208
