:020000040000FA
:10000000F8040020013500003D5B00000F5C00009B
:10001000315C0000535C0000975C0000755C0000E0
:100020000000000000000000000000009D2800000B
:10003000435B000000000000495B00004F5B0000D4
:100040000000000000000000000000000532000079
:1000500000000000555B00000000000000000000F0
:100060005B5B0000615B0000675B00006D5B000094
:1000700000000000735B0000795B00007F5B000004
:10008000855B00008B5B00000000000000000000AA
:10009000915B0000975B0000000000000000000082
:1000A0009D5B00000000000000000000A35B00005A
:1000B000A95B0000AF5B0000B55B0000BB5B00000C
:1000C000C15B0000C75B0000CD5B0000D35B00009C
:1000D000D95B000000000000DF5B000000000000B2
:1000E000E55B000000000000EB5B0000000000008A
:1000F000F15B0000000000000000000000000000B4
:1001000000000000F75B000000000000000000009D
:1001100000000000000000000000000000000000DF
:1001200000000000FD5B0000000000000000000077
:1001300000000000000000000000000000000000BF
:10014000035C000001015F5F030100001F0100006C
:10015000C5040000000000000000000001000000D5
:10016000010000000000000000000000000000008E
:1001700000000000011F000000000000000000005F
:10018000700000001462000080000000000F0000FA
:10019000010000006102000001015F5F0401000036
:1001A0001F01000025060000000000000000000004
:1001B000000000000100000000000000000000003E
:1001C0000000000000000000011F0000000000000F
:1001D000000000001F620000400000000507000052
:1001E000010000002D05000000015F5F020000001B
:1001F000FE0B000095290000000500000000000033
:1002000000000000000000000000000000000000EE
:100210000100FFC3000000C400FE000060090020D0
:0402200000000000DA
:1002400038B50025054C29462046D4F80022C4F8CC
:10025000045205F08CFDC4F8005238BD2005002082
:100260002DE9F04F04680546A3B0002C40F005814D
:100270002146202202A805F07AFD214620220AA864
:1002800005F075FD2146042412AF4022384605F0E2
:100290006EFD05F1200353F8041D2246013C09B10F
:1002A000144601E0002CF6D1042605F1300353F882
:1002B000041D3246013E09B1164601E0002EF6D17A
:1002C0002CB96FF08304204623B0BDE8F08F4023A3
:1002D0003A460021686805F085FD4028F1D1CDE956
:1002E00002700127DFF898910DF1080805F1100A56
:1002F000BC422DD10AAF3C460021614A05F11C00E9
:10030000D2F8003200EB860840453ED109B1C2F870
:1003100000320023CDE90033039BA968402BC2F8CB
:100320000412029A40F09D80138D180A032858D0B9
:1003300001287FD01268831ECDE90021092B00F22D
:100340008A80DFE803F03F4E53595F656B717C8212
:100350005AF8043F1A1D20D8D9F80022D81C20F0E2
:100360000300C2F50071884217D8104402EB090B54
:100370003946C9F800025A46686805F033FD01376E
:10038000C8F80C0048F808BFB2E750F804EF1EF1B7
:10039000040F07D909B1C2F80032FFF751FF6FF01F
:1003A0008C0490E70EF1030C2CF0030CC3F50079DC
:1003B000CC4504F10804EDD8D11844E9021E634489
:1003C0000121A1E76A460AA902A800F09EF80446A6
:1003D0004FF00008464507F1080745D1FFF730FF09
:1003E00071E70AA902A800F07EF8F0E76A460AA9B8
:1003F00002A800F07BF8EAE76A460AA902A800F022
:100400006FF8E4E76A460AA902A800F072F8DEE78E
:100410006A460AA902A800F06FF8D8E76A460AA956
:1004200002A800F06CF8D2E76A460AA902A800F018
:1004300069F8CCE70AA902A800F06AF8C7E76A469B
:100440000AA902A800F06CF8C1E76A460AA902A846
:1004500000F069F8BBE70B4800F0D0FA6FF08504B4
:10046000B6E76FF08004B3E7414657E902236868B6
:1004700005F0C4FC08F10108ACE76FF0850422E741
:10048000200500202806000008B528220021024887
:1004900005F06DFC002008BD2807002008B51422D7
:1004A0000249034805F03EFC014808BD480600002B
:1004B0005007002008B5024803F08AFB002008BD61
:1004C0001905000008B5FFF7DFFF40B9FFF7E6FFA9
:1004D000FFF7F0FF18B9BDE8084003F0C9BB08BD3D
:1004E0006FF0850070476FF0850070476FF08500F2
:1004F00070476FF0850070476FF0850070476FF0B0
:10050000850070476FF0850070476FF08500704779
:10051000D1E9000103F070BB0FB4002004B07047B4
:100520006FF0850070476FF0850070472DE9F0414E
:1005300003680546B3F57D7FA6B008D040F2F532DA
:10054000934208D06FF0850026B0BDE8F08101F03D
:100550001FF90020F8E7002404260DF118084022B6
:100560002146404616AFCDE90244CDE9044405F0EA
:10057000FEFB40222146384605F0F9FB019405F1C7
:10058000200353F8041D3246013E59B13346164646
:10059000042405F1300252F8040D2146013C30B12B
:1005A0000C4606E0002EECD14FF0FF33F0E7002CB4
:1005B000F1D12343012B02D96FF08000C4E704235B
:1005C000002168680DEB030205F00CFC0428F3D150
:1005D000022E22D16E69402E21D833464246012197
:1005E000686805F0FFFB8642E6D1CDE9028602A9E4
:1005F0002CB12B6A402BDFD8CDE9047304AC224622
:10060000019801F024FD06462CB1DDE90423002108
:10061000686805F0F3FB304696E70021E8E76FF0E5
:10062000890091E7002070470A5B43727970746F0C
:100630005D20556E737570706F727465642072659D
:100640007175657374210A0054462D5053412D4332
:10065000727970746F20312E312E3000000000004E
:10066000407C00008007002054000000407C000017
:100670002005002000000000407C00000005002054
:1006800000000000D0080020CE030000200500205C
:1006900098000000000500200800000008B5EFF3F6
:1006A0001081012903D001F0F9F800B172B6074BAF
:1006B0001A6ABFF34F8F531C5A425A41012903D083
:1006C00001F0ECF800B162B6104608BD0080FF00F2
:1006D00008B5EFF31081012903D001F0DFF800B174
:1006E00072B6074BDA69BFF34F8F012902F001029E
:1006F00003D001F0D3F800B162B6104608BD00BFC8
:100700000080FF00714A10B5D2F8D03043F00203E8
:10071000C2F8D03001F0C2F830B14FF050230022BF
:10072000C3F81421C3F8182101F0CBF828B1012235
:10073000674BC3F8382AC3F878254FF47F02D2F804
:100740003031BFF34F8FD2F83421BFF34F8FBFF357
:100750004F8FC3F30B03092B05D1012A1EBF0122C2
:100760005B4BC3F8782501F0ACF818B10E22594B59
:10077000C3F8E42E01F092F830B10022544BC3F8D4
:100780000C270122C3F810270022D30003F57F03B2
:10079000D3F80013BFF34F8F013108D0D3F8001303
:1007A0000132D3F80433B2F5807F0B60EDD1EFF363
:1007B0001084FFF78DFF00284DD0BFF34F8F464BBD
:1007C000D3F80024012AFBD1C3F80425D3F8002470
:1007D000012AFBD1012C03D001F060F800B172B600
:1007E000FFF776FF58B13D4AD36923F00103D36187
:1007F000BFF34F8F384AD2F80034012BFBD1FFF7FB
:100800004DFF68B1354A136A23F0FF0343F020031C
:100810001362BFF34F8F304AD2F80034012BFBD163
:10082000012C03D001F03AF800B162B600222A4B45
:10083000C3F80425D3F80024012AFBD1BFF34F8F5E
:100840002249274BCA6802F4E0621343CB60BFF32E
:100850004F8F00BFFDE7FFF721FF0028ADD11B4AF6
:10086000D2F88C3043F44063C2F88C304FF47F03ED
:10087000D3F83021BFF34F8FD3F83431BFF34F8F0C
:10088000BFF34F8FC2F30B02092A13D1013B012B97
:1008900010D91248134903680F4A8B420CBF5A23E0
:1008A0000023C2F8103EC36A8B420CBF5A230023B8
:1008B000C2F8003E054AD2F8883043F47003C2F80B
:1008C0008830BFF34F8FBFF36F8F10BD00ED00E096
:1008D0000040005000A00350009003500080FF0033
:1008E0000400FA05FA50FA507C22014905F01ABAC0
:1008F000D40F002038B51D46344B354C5B68C3F32C
:1009000008032360EFF3038363655306C4E9012002
:10091000E16038D502F00C020C2A08BF08460146F7
:10092000206120222B4805F0FDF925B1202229461F
:10093000294805F0F7F9254B9A6AA265D96AE1655D
:10094000986B206602F400406066586BA06602F067
:100950008000E0669A62D962D3F8E4201F482267DB
:10096000D3F8E810616702F04001A167C3F8E42002
:1009700000F044F82168CB1E042B1DD8DFE803F0FB
:100980000F1416181A00EFF39483990704D5130770
:1009900002D5EFF38980C2E7EFF38880BFE7104804
:1009A000BDE8384000F02AB80E48F9E70E48F7E7EE
:1009B0000E48F5E70E48F3E70F2992BF0D480E48A1
:1009C0001039BDE8384000F019B800BF00ED00E074
:1009D000D40F0020E80F002008100020483200004B
:1009E0005732000063320000753200008032000090
:1009F0008D3200009B320000B73200000FB41FB5EB
:100A0000012106AB53F8042B054800910021039304
:100A100002F0FEFF05B05DF804EB04B0704700BFC4
:100A2000ED1800000A4B37B51B786BB1094C6369B0
:100A3000984748B9E56AA847C307FCD4236A0193DD
:100A400003B0BDE830401847002003B030BD00BF00
:100A500004180020F433000010B50B4C0020A368EC
:100A6000984780B902202369984760B94FF4E13173
:100A70000120A46AA04730B901211520A04710B970
:100A80000122024B1A7010BDF4330000041800203C
:100A9000044B82B0186883B26FF30F00184302B0A2
:100AA000704700BF3C340000014BD86D704700BF59
:100AB00084070020014B186E704700BF8407002098
:100AC00008B5024800F0E2FB002008BD84070020C2
:100AD000C3B2012B10B509D0A3F11502012A00F20F
:100AE000B080002900F09880002010BD4DF6C02392
:100AF000994270D028D8B1F5615F6FD011D8B1F5A7
:100B0000965F6DD008D8B1F5966F6BD0B1F5166FC2
:100B10006BD06FF00700E8E7B1F5165FF9D1524BE3
:100B200033E047F61223994262D007D8B1F5964FC9
:100B300061D0B1F5E14FECD14C4B26E0B1F5164F49
:100B4000E7D14FF41D0320E0494B994255D011D80D
:100B5000B1F5E13F54D007D8B1F5614F53D0B1F5AD
:100B6000963FD6D1434B10E0B1F5613FD1D14FF064
:100B70006C730AE0B1F5612F48D03F4B994248D0E1
:100B8000B1F5E12FC5D14FF0E86310F4E06F5BD110
:100B900010F4404103D0B1F5804F58D1102110F42A
:100BA000405403D0B4F5805F54D10E2410F4403289
:100BB00003D0B2F5403F50D10122304880F8921066
:100BC00000F16401C0F88C3080F8902080F89140EA
:100BD00000F0F2FF88E74FF46503D6E7284BD4E72F
:100BE000284BD2E74FF49E23CFE74FF41D23CCE7E9
:100BF0004FF40003C9E7244BC7E74FF08063C4E715
:100C00004FF0EB73C1E74FF46B03BEE74FF0706337
:100C1000BBE74FF08053B8E7162B4FF0FF330BBF05
:100C2000164A1649104615480ABF02F1640141F8F8
:100C3000643F936600F0C0FF10F1100F10D0C01792
:100C400053E76FF0030050E76FF008004DE76FF0D7
:100C50000A004AE76FF0090047E76FF00B0044E72E
:100C60006FF0010041E700BF0050270000C0750091
:100C700090D0030000903A0140420F00840700200A
:100C800000F03A0000B0130000A04E0073B5064615
:100C90001B480C4600F0CCFF194D18B94FF0FF303F
:100CA00002B070BD22463146284601F08DF810F1A1
:100CB000100F02D16FF00100F2E70028EEDB0321F4
:100CC000284600F03FFB10F1100FF3D00028E5DBC1
:100CD00000230193284601A901F01FF910F1100F1C
:100CE000F8D07830DAD0019B9C42D7D80122044852
:100CF000114601F010F90028D0DB00202C66CFE768
:100D000084070020F0B51B4E054691B030460C46D6
:100D100000F08EFF18B94FF0FF3011B0F0BD05F0B4
:100D20006043B3F1005F20D10023224629463046BC
:100D300000F084FF10F1100F19D00028EBDBF465F0
:100D400011E0A71B402F28BF4027A9193A46684643
:100D500004F0E8FF39466846FFF7D4FF0028DCD1ED
:100D60004036B442EDD80020D7E70026F9E76FF00F
:100D70000100D2E78407002010B50A4C04F164009A
:100D8000D4E9151200F0CAFD01460022204600F009
:100D9000EBF90028AABF00206FF00100C4E917009A
:100DA00010BD00BF840700207FB500250C46C0F8A9
:100DB00008511646D0F80821D0F8002222F020026F
:100DC000C0F800220F4AC0F8082300F0F8FDA56023
:100DD000256104F14C03D3E8EF1F6FF31731C3E82B
:100DE000E21F002AF7D110222946684604F0BFFF0F
:100DF000042368468DF800300196D4E90013984723
:100E000004B070BD10020A00044B054A1B68B3FB16
:100E1000F2F35843034B43F00103184780070020C7
:100E200040420F004034000000F01F03400909D188
:100E3000074A02EB8303D3F80012064A0A40C3F8BC
:100E4000002270470022803352F82330FFDE00BFBB
:100E500000258450F0F8FCFF00F01F0340090BD17F
:100E6000084A02EB8302D2F80012074B0B4043F012
:100E70000303C2F8003270470022803352F8233057
:100E8000FFDE00BF00258450F0F8FCFF00F01F03D8
:100E900040090BD1084A02EB8302D2F80012074B3B
:100EA0000B4043F00203C2F8003270470022803347
:100EB00052F82330FFDE00BF00258450F0F8FCFF1D
:100EC000F8B505462B6D046803F48223B3F5805F03
:100ED000D4F8000205D009B100232B626FF0760030
:100EE000F8BDD4F80463C4F8086309B9830645D48F
:100EF000D4F8003223F02003C4F800324FF4A113D9
:100F000005F15007D7E8EF1F1943C7E8E01F002895
:100F1000F8D112B9AB68002B57D12D4BC4F8083368
:100F200001236360D4F84431002BFBD00023C4F8C4
:100F30004C31D4F84C21C4F81031D4F81021C4F845
:100F40004431D4F844212A6D12F4004219D12A62A6
:100F5000204600F034FD0023EB606B61D7E8EF3FE3
:100F60006FF31733C7E8E23F002AF7D126F42026B3
:100F700026F404760020C4F80463B1E74FF480330C
:100F8000BEE7C4F84C31D4F84C21EA69C4F83425E2
:100F90000522C4F83825C4F81031D4F810310123E3
:100FA000E362D4F81031002BFBD00022C4F81021EA
:100FB000D4F81031D4F84C310BB1D4F83C352B6255
:100FC000C4F84C21D4F84C31C2E701236360D1E767
:100FD00010020A002DE9F84391F8306005460C46EE
:100FE000A6B9036D43F0007303650868471C08D079
:100FF000430940F0AE800123584A83409360FFF7D5
:101000002BFF6068411C01D0FFF70EFF94F82C8085
:10101000E768B8F1010F15D1A6B92B6D7A1C43F022
:1010200000632B6502D03846FFF7FEFEA068431C24
:1010300008D0430940F08F800123484A83409360E1
:10104000FFF70AFF94F82F601EB92B6D43F08073F1
:101050002B6594F82D1094F82EC0A26A2B6848EAEC
:101060000101A068D4E9009EC3F824254CEA0102DE
:10107000C3F86C2556B9B8F1010FC3F80C95C3F845
:1010800014E504BFC3F80805C3F810754FF47F02D8
:10109000D2F83031BFF34F8FD2F83421BFF34F8FE6
:1010A000BFF34F8FC3F30B03092B1BD12B68D3F86E
:1010B000682503F26457012A08BFDA60D3F8642573
:1010C000012A0FD1082149F64046C3F800155A609D
:1010D0003B689BBB2B68D3F88024C3F88024002294
:1010E000C3F8002500212B6894F83220C3F81011B2
:1010F000D3F81001C3F82011D3F82001C3F824114C
:10110000D3F82401C3F84411D3F84401C3F85811AB
:10111000D3F8581143F307335201002BD2B213DB3B
:101120000F49C81880F800230122580903F01F0353
:1011300002FA03F341F82030BDE8F8830120FFF7FD
:1011400063FE013EC4D1C5E7064903F00F03CA544C
:10115000F2E7B660FFDE00239B60FBE700258450CA
:1011600000E100E014ED00E02DE9F74304460E46EF
:1011700094F84C1091460430002970D1502204F0AC
:10118000F6FD336963607369E363B36903B1013BDF
:101190002364336A042B81BFF369E3610023236274
:1011A00096F83130B9F1000F2FD083F001084FEAE3
:1011B00008281BB1236D43F0010323650123256833
:1011C00084F84C30D5F84C21C4F80890FAB931466F
:1011D0002046FFF7FFFE0822002325688DF8073020
:1011E000C5F800250DF10702C5F84425C5F84835B6
:1011F00001230A26AB60EB60D5F8583193BB012080
:10120000FFF702FE013EF7D122E0C846D1E70822EF
:101210006427C5F800256B60D5F84431EBB9D5F8E3
:101220002431D3B90A20FFF7EFFD013FF4D10023A9
:10123000C5F84C31D5F84C21C5F81031D5F810213E
:10124000C5F84431D5F84421C5F80035002FBED18A
:101250006FF08B0003B0BDE8F0830127E7E76FF084
:101260007700F7E70020C5F820018145D5F8203147
:10127000054B08BF0346226848EA0303C5F800058A
:10128000C2F80433E6E700BF10020A0003682B4AE5
:101290002DE9F041C3F8082343F30733002B04463C
:1012A0000DDB01215A0903F01F03994002F12003CD
:1012B000234A42F82310BFF34F8FBFF36F8F0122F1
:1012C00020461146FFF7FCFD0121204600F038FDC5
:1012D000256D2368E901D3F80C05D3F81485D3F8FC
:1012E0000865D3F8107509D54FF0FF32C3F80C2507
:1012F000C3F81425C3F80825C3F81025AA0115D58D
:10130000431C01D0FFF7C2FDB8F1FF3F02D04046B9
:10131000FFF7BCFD290109D57A1C02D03846FFF73A
:10132000B5FD731C02D03046FFF7B0FD002384F8F2
:101330004C302365A360BDE8F08100BF10034A0074
:1013400000E100E0F8B50646044656F8505B071D7C
:10135000D6E8EF3F43F48052C6E8E02F0028F7D1EB
:10136000DA0466D44B0702D5E369002B64D0344B12
:10137000C5F808330823C5F800350023C5F8103137
:10138000D5F81021C5F84C31D5F84C21C5F84431B9
:101390000A03D5F844318B0303F4804302F400526E
:1013A0004903134301F400410B43D6E8EF2F1A43DE
:1013B000C6E8E12F0029F8D1E368B3B9A3686BB997
:1013C000236DD80433D5D6E8EF3F6FF31733C6E863
:1013D000E23F002AF7D16FF00B00F8BD0321384639
:1013E00000F0C8FAE368002BEAD0D5F804335907B7
:1013F00010D5A36873B1236D1A030BD5D6E8EF3F60
:1014000023F40023C6E8E23F002AF7D1062138463C
:1014100000F0B0FA236DDB0409D5D5F84C310BB9D7
:1014200001232B60A36813B1054BC5F804330020DA
:10143000D3E76FF00F00D0E74FF0FF30CDE700BFEC
:1014400010020A0072B6024A136801331360704733
:1014500050100020034A1368013B136003B962B6C1
:10146000704700BF50100020003A18BF0122003919
:1014700018BF012103688900074841EA4201186347
:1014800059605A6842F001025A60BFF34F8FBFF3B0
:101490006F8F0020704700BF04AAFF000722024B95
:1014A000C3F80423704700BF00300050084BD3F846
:1014B0000801D3F80021003818BF012080000AB1CC
:1014C00040F00100D3F804310BB140F00200704746
:1014D000003000500022074BC3F80021D3F8001160
:1014E000C3F80421D3F80411C3F80821D3F8083154
:1014F000704700BF0030005000231720094A03F551
:10150000C0710133202B42F82100F8D100231720AD
:10151000044A03F5E0710133202B42F82100F8D191
:10152000704700BF0030005010B59DF80840C00B58
:1015300043EA0423064CC90B43EA0213884200D94C
:1015400010BDC2B202F5C07244F822300130F5E796
:101550000030005010B59DF8084000F1604043EAAB
:10156000042301F16041074C400B490B43EA02138D
:10157000884200D910BDC2B202F5E07244F82230B0
:101580000130F5E700300050C0F30E03C3F500430F
:10159000B3FA83F3C3F11B03064AC0F3C730DBB2CF
:1015A00040F4807043F48073C2F80005C2F804353B
:1015B000704700BF00300050014B03EB40307047D4
:1015C000FF1FF81F054BC0F30730090241F030013F
:1015D00000F5007043F82010704700BF0030005045
:1015E000044BC0F30730090200F5007043F82010E7
:1015F000704700BF0030005008B5FFF757FF034B9E
:1016000018600348BDE80840FFF7F8B988160020C5
:10161000AD3300000C22014904F084BB8816002081
:1016200010B501F0D4FD044688B902F085FB0446EC
:1016300078B9094A0948D36823F008031B041B0C36
:1016400043F0BF6343F40033D360FFF7D7F920467C
:1016500010BD45F22354FAE700ED00E0C33300006B
:10166000024B1860024B002019607047981600204A
:10167000941600201FB5374C426923685A6282696C
:101680009A62C269DA62026A1A63426A5A63826AB9
:101690009A63C26ADA63026B1A64426B5A60826BA5
:1016A0009A60C26BDA60026C1A61426C5A61826C99
:1016B0009A61C26CDA61026D1A62826D5A65C26DFE
:1016C0009A65026FDA65026E1A66826E5A66426F1A
:1016D0009A66EFF388825A64EFF389829A644268CB
:1016E000DA64EFF394821A65026801A81A67FFF7BB
:1016F00091FF2368019ADA6601221A70164B1C6862
:10170000640864002046214622462346B7EE000ABC
:10171000F7EE000AB7EE001AF7EE001AB7EE002A4D
:10172000F7EE002AB7EE003AF7EE003AB7EE004ABD
:10173000F7EE004AB7EE005AF7EE005AB7EE006A2D
:10174000F7EE006AB7EE007AF7EE007A04F063FC79
:1017500004B010BD981600209416002000B5A1B06A
:1017600001A8FFF7C1F8029B63B15B060AD4019B95
:1017700023F00203052B05D1044B1B6813B101A80C
:10178000FFF778FF21B05DF804FB00BF941600203E
:10179000BFF34F8F0549064BCA6802F4E06213435A
:1017A000CB60BFF34F8F00BFFDE700BF00ED00E04F
:1017B0000400FA05F8B543680C2B01D00220F8BDEF
:1017C0004B68042BFAD14FF0FF3304680D68216891
:1017D0002B600029F2D0A268002AEFD00623012056
:1017E00001F040FC0028E9D16168264B994206D9F6
:1017F000A2682D338818984204D8234B11E0234B5C
:101800009942DBD9A26822488B1883421CD900F583
:10181000FF404F308142D1D900F2F9208342CDD828
:101820001C4B03F17F4303F50043B3F5805F206851
:1018300023D241EA02039B0722D10746091ACE1997
:1018400022B900202860BAE7134BEAE7EFF31082D1
:1018500000F03BFC10B1012A00D072B6366800F0EF
:1018600034FC20B1BFF34F8F012A00D062B6A268CA
:1018700047F8046B043AA260E1E704F053FAE0E7AA
:1018800003209CE7FF01FF000002FF002F01FF0083
:101890003801FF000881FF003001FF004FF47F0393
:1018A000D3F83001BFF34F8FD3F83431BFF34F8FEC
:1018B000BFF34F8FC0F30B00A0F10903584258410A
:1018C00070474FF47F02D2F83031BFF34F8FD2F818
:1018D0003401BFF34F8FBFF34F8FC3F30B03092BBB
:1018E00008BF01280CBF01200020704708461146A0
:1018F000FFF798B8012070476FF003007047002091
:1019000070476FF00300704700207047022814BF33
:101910006FF0030000207047FFF7F4B970B540F294
:10192000FF1501EB8202914200D170BD51F8044BCA
:10193000C4F30803240EAB4208BF4FF0FF33032C5F
:10194000F1D8DFE804F0020406080360EBE7436027
:10195000E9E78360E7E7C360E5E70346D0F85801AD
:1019600030B931B9D3F82001003818BF01207047D1
:101970000120704730B504460D4685B01022002185
:10198000684604F0F4F9D4E9001368468DF8005075
:10199000984705B030BD7FB504460E461546002178
:1019A0001022684604F0E3F9012368468DF8003000
:1019B000CDE90165D4E90013984704B070BD10B5B6
:1019C0000446FFF73FFDD4F8583133B1D4F804335F
:1019D00013F4800308BFC4F80035BDE81040FFF7DA
:1019E00039BDD0F8583133B1CB6CC3F30032DB04CE
:1019F00058BFC0F8002570472DE9F74F86680446A8
:101A00000D463EB113F0020604D0C36B002B00F06C
:101A100082800126276D17F010077CD14FF0010955
:101A2000BA46AB180093009B9D4276D005F0604B00
:101A3000E26BD4F8008082B9BBF1005F7AD10192E9
:101A4000FFF700FD216D404601F00101FFF785FF22
:101A5000019A20B9FFF7FEFCEAE70122EFE7A16C4B
:101A6000AB460029BCBFD8F84C15A1643AB1D4E903
:101A70000F1228788854D4E90F1201EB020BBBF146
:101A8000000F03D0C8F844B5C8F84895C8F820A19D
:101A9000D8F82021C8F858A1D8F85821C8F850A182
:101AA000D8F850210822C8F800251EB14FF4800252
:101AB000C8F80423C8F80890FFF7CCFCEEB9216DF4
:101AC00001F001014046FFF748FF0346D8F84C05F6
:101AD000D8F844252BBB9345F4D009B9C8F80C902D
:101AE0004FF0000BFFF7AEFC4046211DFFF779FFDA
:101AF000FFF7B0FCBBF1000F0DD1A368C3B9236D94
:101B00001B0715D55034D4E8EF3F23F00803C4E891
:101B1000E23F002AF7D14FF0FF37384603B0BDE867
:101B2000F08F9345D9D10028D7D14FF0FF3BD9E7AB
:101B3000013578E76FF01507EFE770B5CE6C0D460D
:101B400006F001010446FFF708FF38B94FF480039F
:101B500046F00406EE64C4F8043370BDD5E90A36D5
:101B60005AB1296CEA6B761A964228BF1646194478
:101B70003246A86B04F0D6F8AB6B4FF0FF326A64C4
:101B80001BB1C4F84435C4F848650023C4F82031BB
:101B9000D4F82021C4F85831D4F85821C4F8503171
:101BA000D4F850310823C4F800354FF48003C4F84A
:101BB00004330123A360D0E737B590F84C300446D6
:101BC0003BB3036B4BBB0268C2F8003583680BB1B3
:101BD0000B6943602046FFF7FDF9082200232468C3
:101BE0008DF80730C4F800250DF10702C4F844252C
:101BF000C4F8483501230A25A360E360D4F85831BE
:101C000073B90120FFF700F9013DF7D16FF08B00A8
:101C100001E06FF0760003B030BD6FF00F00FAE71F
:101C20000020C4F82001D4F82031C4F80005F2E700
:101C300090F84C00003818BF012070472DE9F0479C
:101C400004460F461E469046002A64D085685DB95A
:101C500053B9066B002E61D10263FFF7CDFE054636
:101C600026632846BDE8F087B10707D033464246D1
:101C700039462046BDE8F047FFF7BEBE07F0604397
:101C8000B3F1005F19D0E36B002B4AD0720748D440
:101C90000125D4F80090FFF7D5FB236BBBB9C4E94D
:101CA0000B781DB1236D43F0020323652A46484695
:101CB000211DFFF742FF002524E0256D15F00105E9
:101CC000E7D016F00405E4D04FF0FF35C9E7A36B69
:101CD000DBB9730719D5E36A03F06043B3F1005F22
:101CE00016D1236DC4E90D7843F0100323650A244F
:101CF000D9F85031C3B90120FFF786F8013CF7D17C
:101D00006FF08B05FFF7A6FBABE76FF00F05F9E768
:101D10004FF0FF35F6E76FF00605A2E76FF00F050D
:101D20009FE76FF00C059CE70023C9F85031D9F804
:101D30005031002FBFD0C9F84475C9F84885BAE7BB
:101D4000F8B50468036BD4F804730546C4F8087347
:101D500023B96FF07600C4F80473F8BD00F15003A6
:101D6000D3E8EF0F40F00800C3E8E20F002AF7D1F4
:101D70000123E360F9B12E6D1E4031462046FFF786
:101D8000ECFD0028F9D0FFF75DFBC6B9D4F820318F
:101D90004BB10123E360D4F85831002BFBD020462F
:101DA000291DFFF71EFEFFF755FB0023C4F8203165
:101DB000D4F820212B630020C4F80473CDE7D4F8B5
:101DC0005831002BEBD1EEE72DE9F0470568036DA4
:101DD000D5F8049313F4802804460F461646C5F838
:101DE000089340F08F8001F06042B2F1005F40F054
:101DF0008C80C26852B18268002A72D1D5F8102155
:101E0000002A6ED0C5F81081D5F81031226AC4E9D5
:101E10000376002A44D09642E16930D80023324646
:101E2000C4E90333384603F07DFF226AE069921B60
:101E30002262811903F03DFFA368DBB1236D13F427
:101E4000005A09D004F15003D3E8EF1F41F4802178
:101E5000C3E8E21F002AF7D104343246394620464F
:101E6000FFF799FDBAF1000F04D000222146284661
:101E7000FEF79AFF4046C5F80493BDE8F087384660
:101E800003F050FF236AA3620023236204F150038E
:101E9000D3E8EF1F41F40021C3E8E21F002AF7D185
:101EA000A16A2369E2685B1A0A44C5F83425C5F8BB
:101EB0003835236DDA04DDD55034D4E8EF3F23F410
:101EC0008023C4E8E23F002AF7D101232B60D5F834
:101ED0004431002BCED00023C5F84431D5F844312D
:101EE000C8E76269A2B95B04C4E90576C5F8347530
:101EF000C5F83865BED5D5F8003243F02003C5F8E3
:101F00000032B7E76FF07608B4E76FF00C08B1E77E
:101F10006FF00F08AEE7FEF7D3BF8368A3B903687D
:101F2000D3F80025082A06D011B1D3F83C350B6050
:101F30006FF077007047D3F8102142B111B1D3F898
:101F40003C350B60002070474FF0FF3070476FF05A
:101F50000F0070474B6830B513F01F052DD1026894
:101F60000C681068C0F30720844226D25068556080
:101F700094600C7C23F01F0304F001041C438B7C51
:101F8000DB0003F018031C434B7C5B0003F00603EB
:101F90002343D3608B68013B23F01F04CB685B00B5
:101FA00003F00E03234343F0010313615060BFF3BA
:101FB0004F8FBFF36F8F284630BD0120FCE70368C9
:101FC00000205A68C9B258609960D86018615A6098
:101FD000704770B50546002403681E68C6F30726DF
:101FE000B44201D1002070BD21462846FFF7E7FF2B
:101FF0000134F5E7C003704747F6FF7303EBC030C9
:102000007047002070471F2070474FF40040704712
:1020100000F57F40C03040037047402070475F208C
:1020200070474FF4005070470020704708B5FFF725
:1020300095FB72B620BFFDE7034610B10020187073
:1020400070474AF2C530704700207047704703461A
:10205000012B084670B5114607D0062B09D0002B7E
:1020600031D1BDE87040FFF7A5BBBDE8704000F07E
:102070003FB84368082B01D0022070BD5468042C7F
:10208000FAD14FF0FF3305681668296833600029DC
:10209000F2D06B68002BEFD026237422012000F0D1
:1020A000E1FF0028E8D1224623230120696800F0DF
:1020B000D9FF04460028DFD1D5E90001FFF7D0FAA7
:1020C00030602046D9E70320D7E74FF47F03D3F8E9
:1020D0003001BFF34F8FD3F83431BFF34F8FBFF3CD
:1020E0004F8FC0F30B00A0F10903584258417047CD
:1020F00043680C2B01D0022070474B68042BFAD1A7
:102100000B6801210268196011680131F3D10221C5
:10211000906819600028EED11860704707B51C4B15
:1021200083F30A881B4801F03DF808B100F05CFE1B
:10213000FFF776FA0028F9D11748FEF75FFC174839
:10214000FEF75CFCFFF770FF0028EFD10DF10700F0
:10215000FFF772FF0028E9D19DF807301BB1FFF7A8
:1021600073FF0028E2D1FFF771FF00F0E3FB0C489A
:10217000FEF744FC0B48FEF741FC00F0D7FD00F0F1
:10218000C5FB00F0B3F8002003B05DF804FB00BF0E
:102190000000002054100020E4320000073300004B
:1021A000373300005833000030B5094C02466168EF
:1021B0000023084640B105686D68954205D11BB102
:1021C000826860609A60816030BD03468068F1E794
:1021D000D810002010B542B10B689B6813F4807FC3
:1021E0000CBF6FF0FC00002010BD0B4B1B680BB93F
:1021F00000F0FAFD1B68996938338A4203D053F81E
:10220000044FA04205D191420CBF6FF0FC000020AA
:10221000EAE70132F1E700BFE010002070B50446A4
:102220000E461546002130220C3003F0A0FD064B6F
:1022300020461B68A6606360656100F0B2FE002363
:102240002061236070BD00BFE0100020034B1868C0
:1022500010B1006800B14068704700BFE010002076
:1022600008B5064B1B680BB900F0BEFD1B689868EB
:1022700000F44060003818BF012008BDE0100020C5
:102280002DE9F041074690460C4639B34B0025D561
:10229000154B01F01F0253F82250FDB12B685E6808
:1022A000FFF7DEFF294602463046FFF793FF90B95D
:1022B000C4F30721284600F09AFD044670B900F0E7
:1022C0007DFE064668B142462946FFF7A7FF3E60FD
:1022D0002046BDE8F0816FF08104F9E76FF08004DB
:1022E000F6E76FF08204F3E75810002038B500F0ED
:1022F00064FE0023114A5360114A536000F0C2FA91
:102300000E4800F021F80446A0B10D4980230D4A83
:1023100000F09AF80546204600F09DFD2068211D3A
:1023200000F068FB08B100F05FFD2946204600F090
:1023300055FAE5E7BDE8384000F066BAE410002041
:10234000D8100020581000200146F8B508B900F058
:102350004BFDDFF8F0C0DCF8003013F1350F66D824
:10236000344A156803F13402AA4260D2DA699869E6
:1023700002EB82020F300244186A00EB4000024474
:10238000586A02EBC00292009A18E0D29542DED35E
:102390001868294D060C3604AE42D8D180B2B0F58B
:1023A000817FD4D258680028D1DBD3E90A56B542E0
:1023B000CDDC986810F4406F03D03542C7D548682B
:1023C00090B91E4E306800F1200535601C4E36680D
:1023D000B542BCD8A842BAD84C680360CCF80020FB
:1023E0007CB9C4614860F8BD0768BC6814F4406FEC
:1023F00005D0BC6AA64202DBFF6ABD42A7DDC06908
:10240000DEE71E8E002223461D682D8EB54207D9B9
:10241000002AE6D0D369C361D061E4E72B46F3E735
:10242000DD691A46002DF9D1C561D861DBE70020CE
:10243000D9E700BF5034000000005F5F2008002093
:102440004C340000240800202DE9F84F9B4600B1D1
:1024500009B900F0C9FC0468204EA569E76904F1D8
:102460003C0C0CEB850C3568A7B10C2404FB07541D
:1024700034601B4E3668B442EBD8A542E9D800263A
:102480002C464FF01408B146B74200D025B90020C1
:10249000BDE8F88F3D46F2E708FB06CEC4E900E050
:1024A000DEF808E0C4F808901EF4007F0FD0002A80
:1024B000CFD0BBF1800FCCD11EF0E00F5FFA8EFAC7
:1024C000C7D152F82A30002BC3D142F82A404B68BA
:1024D0000136A3604C600C34D6E700BF1C08002016
:1024E000483400002DE9F04F93B000935F4B07464E
:1024F000D3F800B00BB2002B0D461646C1F30268AC
:10250000C1F3024A04DA6FF0800013B0BDE8F08F27
:102510008B42C36001D10020F7E708EB0A03042BCC
:10252000F1D8CC0F64014FEAC80931464A46DBF8BE
:10253000040044F0020300F095FD01460028E2D1BA
:10254000202202A803F013FC4A46314602A84FEAB3
:10255000CA0603F0E7FB32460099DBF8040044F0BA
:10256000060300F07FFD81460028CCD101462022E1
:102570000AA803F0FCFB324600990AA802AE03F059
:10258000D1FB334609F10109C8452AD815F0006F7F
:1025900018BF20241022002107F11C0003F0E7FBE4
:1025A00007F118091022002107F12C0003F0DFFBCE
:1025B00009EB880844F00203C1452AD1202C3FD101
:1025C000002D02DBC5F3C0456C0107F128050AAEFA
:1025D00005EB8A0A44F00604554533D1009BFB679E
:1025E00099E7D3E900E21EEB020201928BD21A4670
:1025F0004846404501D10833C4E7D2E902C16144ED
:102600008E4503D201998C45FFF47DAF013008322D
:10261000EFE77268DBF8040056F8081B019300F03E
:1026200021FD00287FF46FAF56F8042C019B49F878
:10263000042F56F8082CC9F83000C9F82020BBE751
:102640000024C2E77268234656F8081BDBF8040032
:1026500000F008FD00287FF456AF56F8043C45F81A
:10266000043F56F8083C28642B63B5E7E0100020CF
:102670002DE9F0411F46174B0C461646D3F8008053
:1026800000F0C7FB08B900F0AFFBC368002BFADB12
:10269000032CF8D800EB8404E569E36CED1AF2D35F
:1026A000ADB106233A463146D8F8040000F0DAFC12
:1026B0000028E8D1BD4228BF3D46E36CE16B2A46C5
:1026C0001944304603F02EFBE36C2B44E3642846A8
:1026D000BDE8F081E0100020F8B51D46154B0C4612
:1026E00017461E6800F095FB08B900F07DFBC36833
:1026F000002BFADB032CF8D800EB8404E26EE36ACB
:102700009A42F2D89B1AAB42EFD3706802232A4652
:10271000394600F0A7FC06460028E6D1E36EE06DDE
:102720002A463946184403F0FDFAE36E30462B443E
:10273000E366F8BDE01000202DE9F04105464FF0BA
:1027400001080E4E0E4B37685C681CB9284637608E
:10275000BDE8F0812268936813F400700CD16369BE
:10276000012B09D0D368346023B19847002801DADF
:1027700000F03AFBC4F81480E469E6E7E0100020BA
:10278000E410002070B50446D0B18368C3B11A6864
:10279000B2B15D68A5B10C4BA86168691D6020B934
:1027A0002B68DB684BB901236B61A36804F10C0053
:1027B0001B68BDE870401B69184798470028F2DA8B
:1027C0006FF0800070BD00BFE01000204268024B37
:1027D00008461A60704700BFE0100020002203681E
:1027E00010B5C0E905229A68044612F4406F07D07C
:1027F000120503D5D3E90A0100F034F8014B1C603F
:1028000010BD00BFE010002038B5124B1B681C68DB
:10281000A36813F4406F01D100F0E6FA00F0AAF9C2
:10282000626B23690C49134423F00703A3F10805E5
:1028300043E9021185F30988073222F0070282F387
:102840000B88BFF36F8F054BE268054900F0F0FC81
:10285000002038BDE0100020A5EDF5FEF8040020B2
:1028600039270000014BC3E900017047EC1000203C
:10287000034BD3E900308342C8BF0020704700BF3C
:10288000EC10002008B500F069F9034B986000F0E7
:102890006BF980F3888808BD00ED02E0EFF3088053
:1028A0007146EFF30982EFF30B830CB406B400F02A
:1028B0005DFA8646009900F0080001F00801401A10
:1028C00002DC14DB04B070472DED108A1EF02003EB
:1028D0001CBF2DE9F00FBDF1080D0B4C2546264617
:1028E0002746A046A146A246A34630B4704704B08E
:1028F00030BC1EF020031CBF1DF1080DBDE8F00F19
:10290000BDEC108A04B07047A5EDF5FE084BDA68FF
:1029100082F07F4282F47F0242F48042DA60002239
:102920001A765A76DA76DA77602283F822207047B0
:1029300000ED00E0154B1649D3F8882042F47002F0
:10294000C3F88820D1F8882042F47002C1F88820AA
:10295000BFF34F8FBFF36F8FD3F88C2042F44062E8
:10296000C3F88C20D3F8342242F08042C3F83422DA
:10297000D3F8342242F03C42C3F834224FF0E02234
:10298000D36843F42003D360704700BF00ED00E03C
:1029900000ED02E0009A164B9A4227D101229043A3
:1029A000014641EC100B41EC110B41EC120B41ECD8
:1029B000130B41EC140B41EC150B41EC160B41ECE5
:1029C000170BEFF3148222F0040282F31488BFF392
:1029D0006F8F024603460446054606460746804674
:1029E000814682468346844686460447FEE70000C9
:1029F000A5EDF5FE2DE9F041044618B943F6DA30AD
:102A0000BDE8F0810029F9D08368002503F4406314
:102A1000003B18BF0123134F43F00203DFF8488047
:102A20000B6000F13C06236AAB4201D80020E7E7C7
:102A30001421A369E26906EB830301FB02330C2234
:102A40006A4399188968090709D59B58BB4201D088
:102A50004345D3D1186810B10121FEF7B3FD01350C
:102A6000E1E700BF340800202C08002070B5324C8C
:102A700086B03248FFF7ADFA236801255A1C01934E
:102A80002F4B2260DA681B694FF4407603930023D2
:102A90002A4801A902920495ADF814608DF8163009
:102AA000FFF758FA18B143F6DA3006B070BD236864
:102AB0008DF816005A1C0193224B20480293224B9A
:102AC00001A9CDE903352260ADF81460FFF742FAA1
:102AD0000028E8D123688DF816005A1C01931B4B7F
:102AE000164802931A4B01A9CDE903352260ADF8CF
:102AF0001460FFF72FFA0028D5D123688DF816004F
:102B00005A1C0193134B0D480293134B01A90393D5
:102B10000223049340F201132260ADF81430FFF752
:102B200019FA04460028BED12A4629460348FEF772
:102B30009BFC2046B9E700BFF410002028080020C5
:102B400054340000003500006062000060060000A0
:102B5000600600000005002020050020014B1868D9
:102B6000704700BF54340000014B1B681868704761
:102B700054340000014B1B685868704754340000FF
:102B800008B5FEF739FDFEF7A5FC094B5A68103A67
:102B9000D3B2120609D401215A0903F01F03994048
:102BA00002F16003034A42F8231000F01DF900BF50
:102BB00000ED00E000E100E00020034BD8765A6A07
:102BC00042F470225A62704700ED00E00349044B62
:102BD000CA68002092B21343CB60704700ED00E05A
:102BE0000800FA05064BD3F8D02022F00102C3F802
:102BF000D020D3F8D02042F00202C3F8D020704792
:102C000000ED00E037B50124FEF776FC164D2246B4
:102C1000052347F6FF7100200094FEF785FC22464D
:102C200007234FF0005011490094FEF793FCD5E9BB
:102C30000101072300220094FEF776FC07230022FF
:102C40000B490C480094FEF785FC2969E8680139B6
:102C5000FEF79AFCD5E90501062300220094FEF751
:102C600063FC002003B030BD54340000FF7F00201F
:102C7000FFFF03200080002038B50024124D002102
:102C800055F8040B0134FEF7ABFC1D2CF7D10020E6
:102C900001220E4BC3F88004C3F88424C3F8C00497
:102CA000C3F8C4244FF47F03D3F83021BFF34F8F10
:102CB000D3F83431BFF34F8FBFF34F8F40F201127F
:102CC000034BC3F8402538BD70340000003000507D
:102CD0000090035000224FF0FF300D4B02F1A00195
:102CE0000132102A43F82100F8D1D3F880220020C5
:102CF00022F00802C3F88022D3F88022D3F8802281
:102D000022F40072C3F88022D3F88032704700BFEB
:102D100000E100E008B5FEF7C1FB0822024BC3F852
:102D200080211A60002008BD00E100E00122014B73
:102D30001A607047F810002010B50446094B22892C
:102D4000186861680623406800F08CF928B9064BC2
:102D50001B68012B01D1FFF779FA6FF0860323601E
:102D600010BD00BFE0100020F810002038B501F0C1
:102D70000C030C2B14BF054615464A060C460ED50F
:102D80008B0658BF2835AB6913F8021CC4F3C00387
:102D900083F00103C1F38012DBB29A4201D000F04C
:102DA00023F811F0A00F16D141B103290FD00B4821
:102DB000FDF724FE6FF083032B6006E0FFF796FA21
:102DC00004460146064800F02DFA204638BD284644
:102DD000FFF7B2FFF9E70348EAE700BF62330000FC
:102DE000F80400208633000008B5FFF71FF90368D8
:102DF0009A68DB6812F4806F05D18B4234BF6FF0A4
:102E0000FA00002070478B4214BF6FF0FA000020D8
:102E1000704710B500F0C8F8044600F0D6F850B975
:102E2000FFF714FAA3685B681B685B68834218BFEE
:102E30000024204610BD0024FBE710B5044630B145
:102E4000FFF716FDB4EBD07F04D0FFF7CDFFFFF7FF
:102E5000FDF9F7E710BD70478230012808B504D8A6
:102E6000FFF7FEF908B9FFF7BFFF08BDF8B5054643
:102E70000E46FFF7CEFF044608B9FFF7B5FF80689E
:102E80000028FAD0E368991C46D05A1C23D1002EA2
:102E90003FD016F1820F4FF0020318D101252360B5
:102EA000EFF3108772B631462046FFF78FFC0646D7
:102EB00087F310882368022B1CBF0023236025B1F1
:102EC00000232046236000F082F83046F8BD16F15A
:102ED000830FE3D0D1E7002BCFDB002304F12802DE
:102EE00052F8041F19B1E16F156C19444D60083395
:102EF000202BF5D103689D6815F4007502D00223DC
:102F00000125236016F1810FCAD16369002BC7DB4D
:102F1000B3E72E460025F5E701250026C0E708B5F2
:102F2000FFF784F8F7B50D46164604461F46FFF72F
:102F300097F9FFF782FF2146024601A8FFF7A0F9A3
:102F400068B93B46324629460198FFF7CBFA40B1B3
:102F5000630002D5019800F03AF86FF0800003B0EA
:102F6000F0BD0198FFF70EFC0122019B1A60F6E705
:102F700040F20110704770B50546FFF771F906463B
:102F80002846FFF711F9044608B9002070BD014634
:102F900032462846FFF71EF90028F6D12368D86884
:102FA000F4E74FF480507047B0F5805F03D1EFF342
:102FB0000B8080387047002070477047EFF30B801C
:102FC00000F1800383F30B88704700207047EFF314
:102FD0000B83803B83F30B88704780EA0000E1EEAF
:102FE000100A00EE100A00EE900A01EE100A01EE3F
:102FF000900A02EE100A02EE900A03EE100A03EEA7
:10300000900A04EE100A04EE900A05EE100A05EE8E
:10301000900A06EE100A06EE900A07EE100A07EE76
:10302000900A08EE100A08EE900A09EE100A09EE5E
:10303000900A0AEE100A0AEE900A0BEE100A0BEE46
:10304000900A0CEE100A0CEE900A0DEE100A0DEE2E
:10305000900A0EEE100A0EEE900A0FEE100A0FEE16
:10306000900A70472DE9F0410F46154612B900202D
:10307000BDE8F081002900F0928003F00602062AE4
:1030800031D09C0740F18B800824990648BF44F05A
:103090001204820758BF44F00404C30709D5EFF3B4
:1030A0009483DE074CBF44F0040424F0040444F08D
:1030B000120422462946384602F0A0FC0028D6D148
:1030C00047E800F205EB0708150208F1FF364FEA62
:1030D000126146E800F3C3F307404FEA136304D4D8
:1030E0006FF07F00C4E70124CFE70206F8D58B42DA
:1030F000F6D047E800F546E800F6FEF782FF2D0E11
:1031000085424FEA166626D3FEF77DFF864222D817
:103110002846FEF771FF2246C7F1010101443846F7
:1031200002F06CFC0028DBD00135AE420AD83046F4
:10313000FEF760FF2246A8EB000102F05FFC0028CA
:1031400095D1CDE72846FEF755FF0746FEF75DFF10
:1031500022460146E3E7FEF760FF8542C0D3FEF753
:103160005EFF8642BCD82846FEF726FA2246C7F103
:1031700001010144384602F041FC0028B0D001357D
:10318000B54203D33046FEF743FFD3E72846FEF7A8
:103190003FFF0746FEF745FF22460146EAE74CF2AD
:1031A000DA2065E710B50446FFF71CFDFFF72AFD9E
:1031B00010B143F6DA3010BDFFF75EFD0028F8D1FC
:1031C000FFF754FC0028F4D102232360F3E708B58D
:1031D000FFF7F2FC10B143F6DA3008BDFFF7F6FC5A
:1031E0000028F8D100F01CF80028F4D162B6FDF7F1
:1031F00033FCFFF76FFD0028EDD1FFF78BFD0028B2
:10320000EBD0E8E7EFF30880EFF309812DE9F00F49
:103210006B467246FDF76EFB08B0FFF7B1FCFEE7A8
:103220000020704704460D46FFF7D7FEA546284705
:1032300083F3088896460222EFF31483134383F343
:103240001488BFF36F8F08473C464154414C2045DA
:1032500052524F523A20003C486172644661756C8C
:10326000740A003C4D656D4D616E61676520666155
:10327000756C740A003C4275734661756C740A0083
:103280003C55736167654661756C740A003C536513
:10329000637572654661756C740A003C52657365AE
:1032A0007276656420457863657074696F6E20304E
:1032B00078253038780A003C506C6174666F726D06
:1032C0002065787465726E616C20696E74657272C7
:1032D00075707420284952516E293A203078253073
:1032E00038780A0014426F6F74696E672054462D57
:1032F0004D201B5B313B33346D76322E332E302A1A
:103300002A1B5B306D0A00144275696C74201B5BCC
:10331000313B33346D54687520313720536570204C
:10332000323032362030303A31343A323920555446
:10333000431B5B306D0A0028466C6F61742041426C
:10334000493A20486172642C204C617A7920737468
:1033500061636B696E6720003C656E61626C6564D9
:103360000A003C556E6B6E6F776E2053504D2053A4
:103370005643207265717565737465643A203078C0
:10338000253038780A003C556E6B6E6F776E20538F
:103390005643206E756D6265722072657175657336
:1033A0007465643A203078253038780A003C506CD7
:1033B0006174666F726D20457863657074696F6EB5
:1033C0003A0A0028416C6C2070696E73206861763F
:1033D00065206265656E20636F6E666967757265EC
:1033E00064206173206E6F6E2D7365637572650D59
:1033F0000A000000910A0000F5180000790D000095
:10340000C10A00000D190000191900008D0C000000
:10341000F9180000A90A0000B50A0000D10A00004E
:10342000FF18000003190000091900001D0000002A
:10343000100000021C00000111000003040202023F
:103440000338FDD8704700004809002030090020EB
:10345000240200000080000000800000FF7F0F00B9
:10346000007C00000080000000800F00FFFF0F00C4
:1034700000400050005000500080005000A000505C
:1034800000B0005000E0005000F00050000001507B
:1034900000100150004001500050015000700150D8
:1034A0000080015000B0015000C0015000D0015018
:1034B00000E0015000F001500000025000100250E6
:1034C00000200250003002500040025000600250C4
:1034D0000080025000A0025000900350002584504C
:0434E00000A00350F5
:1035000008B572B60C4A0D4B9A600D4B83F30988CF
:103510000C4B83F30A8883F30B880B4B04A1D1E98E
:103520000001C3E90001FDF7EDF800F021FA00BF4A
:10353000A5EDF5FEA5EDF5FE0000000000ED00E0B4
:10354000F804002000000020F80400200000000023
:103550002DE9F04F8FB0C24C00AF23788A46B86097
:103560002BB9204602F09EF8204602F025FA4FF0D3
:10357000000BBC4BC7F804A0A3FB0A231B093B614B
:10358000B74802F035F98146002856D1B64D2B7C5C
:10359000002B40F0B9804FF47F03D3F80C2CEA469F
:1035A000013200F08481D3F80C2CAE4B172AA3FB18
:1035B00002134FEA131640F2A580FE604FF0000898
:1035C0005646C7F814B0C7F800900622A44807F181
:1035D000200102F04FF9002840F06C81A34BA9684C
:1035E000EC68986807F1200C07F1380EDCF8003021
:1035F0001F22994603E0A0420ED0531C22D04B4616
:10360000D34013F0010313BF002101311C460134E4
:10361000884202F1FF32EED19548C5E90214D7F88D
:1036200014B04FF00E0901F045FAB54602F018F952
:103630008B4802F0C5F90028A2D148463C37BD4668
:10364000BDE8F08F0CF1040CE645CFD1874B4FF06D
:10365000180CD3E900921346C5E9021462464FF0F4
:10366000000B41469C46286807F1200EC0F5806893
:103670004FEA58184FEA8808904528BF90465FEAFD
:10368000980A034627D0C7E9063EAEF104006C68ED
:1036900000EB8A0A50F804EF4FEA5E0303F055335B
:1036A000AEEB03034FEA930E0EF0333E03F03333D9
:1036B000734403EB131303F00F3303EB032303EB08
:1036C00003431B0EC3F1200382451C44E2D1D7E91A
:1036D000063E18466C6000EBC803B3F5806F1846D1
:1036E000A2EB080247D0C644002ABFD1FB6801F113
:1036F000010898452860FFF468AFD7F814B0D7F8F0
:103700000090B54601232B747B68172B40F29C80F8
:103710000024BB68C7F8149003EB8B0806224146CF
:103720004F4802F0A7F8C646002840F0C880D5E907
:1037300002164E4BA8F1040C98685CF8043F1F2257
:10374000994603E0B0420ED0531C20D04B46D340E4
:1037500013F0010313BF002101311E4601368142DF
:1037600002F1FF32EED142484FF00E09C5E90216D0
:1037700001F0A0F95AE76B684B4580F08C806345F7
:1037800040F289800023C5F804B01846ABE708F181
:1037900014036345C5E90216CFD1344B4FF0180C22
:1037A000D3E9009213469FED2C7B624620469C464F
:1037B0002968C1F580635B099B00934228BF1346CB
:1037C0005FEA930AFB6126D0AEF104046E6804EB55
:1037D0008A0AC7F818E054F804EF4FEA5E0303F0D2
:1037E0005533AEEB03034FEA930E0EF0333E03F076
:1037F0003333734403EB131303F00F3303EB03234F
:1038000003EB03431B0EC3F120031E4454456E60BB
:10381000E1D1D7F818E0FB6901EBC301B1F5806F86
:103820002960A2EB030225D0FB699E44002AC0D187
:1038300004463B6901349C420BF1060B08F1180861
:10384000FFF46CAFD7F8149002F00AF848463C3702
:10385000BD46BDE8F08F00BF000000000000000082
:1038600044170020ABAAAAAAC00F0020C408002059
:10387000E06100006B684B4505D2634503D985EDD7
:10388000007B0021D0E7104801F014F94FF00D093A
:1038900001F0E6FFCCE64FF480630B48D7F814B094
:1038A0002B604FF00D0901F005F9B546BEE64FF467
:1038B000047682E6D7F814B08146B546B6E60646E9
:1038C00001F0CEFFB146B3E6E0610000009A074B7D
:1038D0009A4208D110B502F06DFA02F0EFF806BC7A
:1038E00096460C46744702F095FA0000A5EDF5FEE9
:1038F000009A074B9A4208D110B502F067FA02F01D
:10390000DDF806BC96460C46744702F083FA0000C8
:10391000A5EDF5FE0CB4029A084B9A420CD14FF07B
:10392000004319430CBC10B500F052F802F0C6F881
:1039300006BC96460C46744702F06CFAA5EDF5FEFF
:10394000009A044B9A4202D103490868744702F076
:1039500061FA0000A5EDF5FE74600000009A034BCB
:103960009A4200D1744702F055FA0000A5EDF5FE29
:1039700010B5134B13498B4215D30020124B13493A
:103980008B421BD300210846FEF7C8FBFEE71868F0
:1039900050F82240586840F822400132986890421E
:1039A000F5D80C33E7E70022F8E71C6844F822005A
:1039B00001325C689442F8D80833E1E70022F8E766
:1039C0006006000084060000840600009C060000DB
:1039D00070B5EFF30584C4F308040CB1FFF704FAE3
:1039E0000A4D2E68FFF79EFA2B6804469E4208D0C7
:1039F0009B69002BF2D0BDE8704001461869FFF7C3
:103A000035BAFFF729FA204670BD00BFE01000204C
:103A10002DE9F04F89B01C469DF8483006460F4608
:103A20009246F3B112783C2A19D00A3AD2B2282A27
:103A300098BF624B4FF0010098BF53F822204FF01F
:103A4000000388BF0022CDE90230CDE900333046C3
:103A500002F0F6F920223946304602F0E5F90AF183
:103A6000010A4FF00009CB46C846002511E0BDB958
:103A7000252B00F09B800A2B06D10D2239463046BB
:103A8000079302F0D1F9079B1A463946304602F0F7
:103A9000CBF91AF8013B002BE9D109B0BDE8F08F52
:103AA0007A2B08D8682B0ED8302B74D036D8252B1B
:103AB00076D02D2B7FD000230122CDE90033CDE934
:103AC00002323F4A62E0693B112BF4D801A252F85E
:103AD00023F000BF3F3B0000B73A0000B73A0000B8
:103AE000933A0000B73A0000B73A0000B73A000036
:103AF000B73A0000B73A0000B73A00007B3B00003D
:103B0000B73A0000493B0000B73A0000B73A00005E
:103B1000693B0000B73A0000933A0000582B28D0C8
:103B20000BD8A3F13102082AC5D808EB8808303B2E
:103B300003EB48031FFA83F8ABE7642BBBD10123E7
:103B40000025CDE9033502E00025CDE903550A2320
:103B5000CDE90193CDF800B043463946304654F8DC
:103B6000042B02F0AEF994E7002504951023039589
:103B7000EEE7012300250493F8E720230121CDE996
:103B800002310023CDE9008954F8042B3946304630
:103B900002F056F969E7B8F1000FC6D1AB4678E7F5
:103BA0001A463946304602F03FF95EE7A946AB4671
:103BB000A84601256DE7A9466BE700BF78600000C5
:103BC00034620000014B1B68184700BF400800200A
:103BD000014B1860002070473C080020054B5A78C4
:103BE000022A04D11878C31F584258417047002058
:103BF000704700BFFC10002010B50446FFF7EEFF31
:103C000030B10A4604482146BDE8104002F0E6B94A
:103C10006FF0880010BD00BF0011002010B5124CDD
:103C20002378590744BF03F0FB0323709A0705D597
:103C300000F05CF8237823F002032370637813B15B
:103C40000A4802F0DCF9002304210848637000F000
:103C500067F82378DB0705D502F0BDF9237823F058
:103C60000103237010BD00BFFC10002000110020D4
:103C700038B5FFF7B3FFD0B9164D2B78980707D4A6
:103C800000F02CF82B78044643F002032B70C8B9DF
:103C9000D90707D402F09DF92B78044643F00103BD
:103CA0002B7078B96B782BB12B785A070DD500247F
:103CB000204638BD084802F08FF9022304466B7095
:103CC0000028F1D0FFF7AAFFF2E743F004032B70BE
:103CD000EDE700BFFC100020001100200122024B84
:103CE000002083F880257047041100202DE9F04161
:103CF0000A4C002526464FF0010803272046C4F849
:103D000020802777013502F047F9202D04F12C049B
:103D1000F4D1002386F88035BDE8F081041100203D
:103D200010B50A46044619B1024B00211B6898479A
:103D300010BD00BF1C61000010B50C4C236813B10E
:103D40000B4B1B682BB900F07DFD30B90122084BED
:103D50001A6001232360002010BD0138062801D914
:103D6000044810BD044B53F8200010BDA0160020DD
:103D70009C160020FE8FFFFF206100000B4670B5EF
:103D80008AB006461446182103AA04A81D4600F06E
:103D9000ABFE002835D1039B182B32D14FF0FF31F9
:103DA000194800F003FE40BB002000F02FFE00BBCE
:103DB00000942B46182206F1100004A900F074FCB0
:103DC0000446012000F022FE78B90F4800F0F6FD0D
:103DD00038B9B4B9182104A800F0C6FD20460AB0CD
:103DE00070BD0A4800F066FEF3E7094800F062FE85
:103DF000EBE7074800F05EFEDAE7044800F05AFE01
:103E0000D2E7044CEAE700BF5C0800203C610000F8
:103E100054610000FE8FFFFF2DE9F04104460E467D
:103E200015468CB000285CD0484B02689A4277D087
:103E30000DB100297DD04FF4A071204606AF00F0EF
:103E400093FD1821384605AA00F04EFE002873D1D4
:103E5000059B182B70D1A0464FF0FF313C4800F075
:103E6000A5FD80BB002000F0D1FD40BB00230295E2
:103E700018223946019608F11000009300F07AF9F3
:103E80000546012000F0C2FDA8B9314800F096FDBA
:103E900068B9002D52D11821384600F065FD2B4B32
:103EA000C8F80030A4B128460CB0BDE8F08129481C
:103EB00000F000FEEDE7284800F0FCFDE5E72648AD
:103EC00000F0F8FDD2E7234800F0F4FDCAE7002532
:103ED000224800F073FD0028E5D01E4800F0EAFDFE
:103EE000E1E74FF0FF311D4800F060FDE8B91C4BE1
:103EF000164A1B689342EAD005B11EB34FF4A07175
:103F0000174806AF00F030FD1821384605AA00F02A
:103F1000EBFDA8B9059B182B12D1DFF844809BE775
:103F2000002528460CB0BDE8F0810A4800F0C2FD2B
:103F3000DDE76FF4E045B6E70A4DB4E7094DB1E7B8
:103F4000084DC5E76FF4E045C2E700BFA5BCC95AFC
:103F50005C0800203C61000054610000440800201F
:103F6000600E0020FE8FFFFF2DE9F04F88461646B9
:103F70001F46054683B0002800F0A6806F4B0268FC
:103F80009A4240F0D1800D9B1BB10C9B002B00F09E
:103F9000B980002E3AD1002F00F0B480A94600234A
:103FA0003B60D9F8383123B1D9F83021934240F23F
:103FB00081804FF0FF31624800F0F8FC002875D195
:103FC000002000F023FD00286CD10D9B09F1100AA0
:103FD0004FEAC60B00934246594650460C9B00F0F0
:103FE00081F90446012000F011FD002856D1544803
:103FF00000F0E4FC10BB1F2C25D0002C40F0968074
:104000003E6095B1204603B0BDE8F08FB8F1000FD7
:1040100078D0A946002F00F08D800023B6F5803FB0
:104020003B60BED9474C002DECD1474800F0C6FCA0
:104030000028E7D0454800F03DFDE3E7434800F0A5
:1040400039FD1F2CD9D1002248461146FFF796FEB4
:1040500004460028D5D14FF0FF31394800F0A6FCC6
:1040600000285DD1002000F0D1FC002854D10D9B28
:1040700042460093594650460C9B00F033F90446E3
:10408000012000F0C3FC002842D12D4800F096FC2E
:104090000028B2D02D4800F00DFDAEE72C4800F00E
:1040A00009FDA4E72A4800F005FD8EE7274800F047
:1040B00001FD85E74846DDE90C12FFF75FFE044687
:1040C00000283FF476AF9CE74FF0FF311E4800F028
:1040D0006DFC98B91F4B1A68184B9A4228D10D9B5A
:1040E0000BB10C9B8BB11EB97FB1DFF8689056E71E
:1040F000B8F1000F09D0DFF85C908BE7134800F0AF
:10410000D9FCE7E76FF4E0447CE76FF4E0448CE728
:104110000F4800F0CFFCB8E70D4800F0CBFCA6E755
:104120000A4800F0C7FC9DE70B4C6BE70B4C68E7B7
:10413000094C7AE76FF4E04463E700BFA5BCC95AB5
:104140005C080020DE8FFFFF440800203C61000077
:1041500054610000600E0020E88FFFFFFE8FFFFF1C
:1041600010B5002482B0CDE90044FFF7FDFE02B097
:1041700010BD00BF2DE9F04F8A460121154600F120
:10418000E00889B000F580772022044640461E46AC
:10419000894601F0ECFD20220021384601F0E7FDC0
:1041A000139B2022CDE904350025129B3946069346
:1041B000149B204607930223CDE902A68DF80790B1
:1041C0008DF8065000F0DEFD28B10123C4F820313F
:1041D00009B0BDE8F08F20224146204600F03AFEAB
:1041E0000028F2D14A4620460DF1060100F032FEC9
:1041F0000028EAD10DF114090DF1080AD3464D4605
:1042000008AE08E020465BF8041B00F023FE0028FF
:10421000DBD1AE4203D055F8042B002AF2D10023A3
:1042200020223946204600F02FFE0028CDD102235F
:1042300020223946204600F0A5FD0028C5D12022C5
:104240004146204600F006FE0028BED1034620224B
:104250004146204600F018FE0028B6D10223202255
:104260003946204600F08EFD0028AED1202241467E
:10427000204600F0EFFD0028A7D1012220460DF1D5
:10428000070100F0E7FD48B19FE720465AF8041BFC
:1042900000F0E0FD002898D14E4503D059F8042BDA
:1042A000002AF2D1002320223946204600F0ECFDFE
:1042B00000288AD1022320223946204600F062FDE0
:1042C000002882D120224146204600F0C3FD00286C
:1042D0007FF47BAF034620224146204600F0D4FD08
:1042E00073E700BF2DE9F04F8FB00E4600931946DB
:1042F000D0F82031013300F055819046189A0546D8
:1043000000F58079002A44D1002E00F04F81CDE9DC
:10431000012206F1070B48EADB0A4FEADB0300241F
:104320000AF0030A039305F1E00711E0BAF1000F68
:1043300041D02022404406A901F0F4FC2022384656
:1043400004F5807406A901F0EDFCA64240F2E68077
:10435000022320224946284600F014FD40BB2022BB
:104360003946284600F076FD10BB03462022284639
:1043700006A900F089FDD8B9331BE01DFF2B4FEAD9
:10438000D000D3D8ABEB0403BAF1000F2FD0DA087A
:10439000D0E700293CD0002301248DF817302022DB
:1043A000022349468DF8184000F0ECFC002835D077
:1043B0000FB0BDE8F08F069B48F80030079B4044E3
:1043C0004360089B83600823099A042BC260B5D020
:1043D0000A9A052B0261B1D00B9A062B4261ADD02F
:1043E0000C9A082B8261A9D10D9BC361A6E75B09DA
:1043F000A4D0069A012B48F800209FD0079A404489
:10440000022B42609AD0089A032B8260DCD195E798
:10441000002E00F0CB80CDE901117AE705F1E0072D
:1044200020223946284600F015FD0028C0D122463A
:1044300028460DF1170100F00DFD0028B8D1009CB1
:1044400028462146189A00F005FD0028B0D1034601
:1044500020224946284600F017FD0028A8D1022353
:1044600020224946284600F08DFC0028A0D12022B9
:104470003946284600F0EEFC002899D1002320227E
:104480003946284600F000FD002891D10223202261
:104490004946284600F076FC002889D1202239467A
:1044A000284600F0D7FC002882D10122284606A920
:1044B00000F0D0FC00287FF47BAF21462846189AF4
:1044C00000F0C8FC00287FF473AF03462022494661
:1044D000284600F0D9FC00287FF46AAF022320228E
:1044E0004946284600F04EFC00287FF461AF2022A8
:1044F0003946284600F0AEFC00287FF459AF034649
:1045000039462022284600F0BFFC00287FF450AF37
:1045100036B3189B0193009B0293FAE616F007034B
:104520001AD016F0060F00F0B580022B40F2B680CC
:10453000710740F1B180042B40F2B480052B00F0EC
:10454000AF80072B14BFFC22FE22039B013B18F80F
:1045500003100A4008F80320009B4BB3189B3BB3A1
:104560000126189B0193009B0293002301278DF8DD
:10457000173020220223494628468DF8187000F093
:1045800001FC38B905F1E00420222146284600F05C
:1045900061FC78B1D5F820310133C5F820310FB076
:1045A000BDE8F08F1F200FB0BDE8F08FCDE90166A8
:1045B0000026DAE73A4628460DF1170100F04AFCDA
:1045C0000028E7D146B1019B33B11A46284602992B
:1045D00000F040FC0028DDD1002320224946284677
:1045E00000F052FC0028D5D102232022494628465B
:1045F00000F0C8FB0028CDD120222146284600F03B
:1046000029FC0028C6D1034620222146284600F076
:104610003BFC0028BED1002EBCD0022320224946FC
:10462000284600F0AFFB0028B4D1202221462846BE
:1046300000F010FC0028ADD10122284606A900F0A8
:1046400009FC0028A6D1019B33B11A4628460299DD
:1046500000F000FC00289DD1002320224946284676
:1046600000F012FC002895D102232022494628465A
:1046700000F088FB00288DD120222146284600F03A
:10468000E9FB002886D1034620222146284600F077
:10469000FBFB7FE7802258E7E02256E7C02254E781
:1046A000F82252E7F02250E72DE9F04700244FF0BE
:1046B000010800F5807982B00E4615461F4620227B
:1046C000022349468DF806408DF80780044600F025
:1046D00059FB10B102B0BDE8F08704F1E00A2022D6
:1046E0005146204600F0B6FB0028F3D14246204652
:1046F0000DF1060100F0AEFB0028EBD17DB12A469A
:104700003146204600F0A6FB0028E3D10A9B33B1D6
:104710001A463946204600F09DFB0028DAD10023D6
:1047200020224946204600F0AFFB0028D2D10223C8
:1047300020224946204600F025FB0028CAD120222D
:104740005146204600F086FB0028C3D103462022B4
:104750005146204600F098FB0028BBD102232022BE
:104760004946204600F00EFB0028B3D120225146D6
:10477000204600F06FFB0028ACD1012220460DF14D
:10478000070100F067FB0028A4D17DB12A4631461D
:10479000204600F05FFB00289CD10A9B33B11A46EB
:1047A0003946204600F056FB002893D100232022F2
:1047B0004946204600F068FB00288BD102232022C6
:1047C0004946204600F0DEFA002883D120225146D7
:1047D000204600F03FFB00287FF47CAF03462022F8
:1047E0005146204600F050FB00287FF473AF0123B0
:1047F000C4F8203102B0BDE8F08700BF890000F0A6
:1048000039BA00BF3AB101EB820251F8043B914240
:1048100040F8043BF9D1704708B500F037F830B9DB
:1048200000F03EF828B9064AC2F80C0A08BD032079
:1048300008BD00F02DF800F06DF8042008BD00BFA1
:104840000010845030B583B0FFF7E6FF044610B97E
:104850000B4D2B6813B1204603B030BD0246014614
:10486000FFF7DAFA50B96822064901ABFFF778FC86
:1048700020B92046044B2B6003B030BD0524EAE785
:10488000A4160020A81600205AEA5A5A00207047A1
:1048900000207047014BC3F8040A70470010845091
:1048A00010B5154800F06EF800B110BD134800F0C7
:1048B00069F80028F9D1124C204600F063F800286E
:1048C000F3D1104B10481C6000F05CF80028ECD1CC
:1048D0000E4800F057F80028E7D10D4800F052F8D4
:1048E00001460028E1D100F039F8044608B900F08B
:1048F0006FF8204610BD00BF5C080020580800205B
:10490000540800204C0800205008002048080020CF
:104910004408002008B50B4800F03EF80A4800F0B3
:104920003BF80A4800F038F8094800F035F8094823
:1049300000F032F8084800F02FF8BDE8084000F019
:104940000FB800BF5C080020580800205408002061
:10495000500800204808002044080020002070472C
:10496000704700BF01F0A5B982B0019041B10023AA
:104970009C461A4601980133994200F802C0F8D1CA
:1049800002B0704708B5034B02681B68106898476F
:10499000002008BD7C08002008B5034B02685B6856
:1049A00010689847002008BD7C080020024B026870
:1049B0009B681068184700BF7C08002008B5034BAF
:1049C0000268DB6810689847002008BD7C0800205A
:1049D00070B5094C094D2069AB68984718B1084B70
:1049E00008485B6898470021074AEB681160206916
:1049F000BDE87040184700BF680800207C08002010
:104A0000600800207461000010170020F8B51A4DEE
:104A10001A4E0446B26828699047E8B9184F3B68B7
:104A20004CB1A3B1012B19D0013B3B602869F3685D
:104A300098470020F8BD43B90121124AC2F8001579
:104A40001149D1F81029002AFBD101333B60F368EA
:104A5000286998470020F8BD0C48F8BD0A4AD2F8EA
:104A60001039002BFBD1074A6FF07E40C2F80035A9
:104A7000FFF710FF3B68D7E7680800207C0800209C
:104A8000101700200000845000108450E98FFFFFB1
:104A9000BFF34F8F0549064BCA6802F4E062134327
:104AA000CB60BFF34F8F00BFFDE700BF00ED00E01C
:104AB0000400FA0530B44FF0FE320025074B084CD5
:104AC00008494968C3F80024C3F80424C3F808243B
:104AD000C3F80C24C4F8005530BC084700108450BB
:104AE00000008450600800202DE9F047DFF8ACA0FA
:104AF00080460D46DAF800004FF0FF319146FFF78F
:104B000055FFA8BB0020FFF781FF68BBC5B1002699
:104B10001E4F0AE0182D2C4628BF1824394622467D
:104B2000FFF720FF2D1B26440BD018213846FEF737
:104B30000FFD034608EB0600002BEBD0144C03E0FE
:104B40002E460024C9F8006010481821FFF70CFF1A
:104B50000120FFF75BFFA8B9DAF80000FFF72EFF8E
:104B600050B92046BDE8F0870A48FFF7A3FFCDE71C
:104B70000948FFF79FFFC5E70748FFF79BFF20465F
:104B8000BDE8F0870348FFF795FFE5E7141700201D
:104B9000FE8FFFFF546100003C6100004C080020C4
:104BA00010B5044650B1636813F0685F05D0064A3B
:104BB000934202D000236260236010BD034B04487F
:104BC0005B689847EFE700BF2C5F5CA96008002096
:104BD00094610000C8B143680D4A934213D013F0AA
:104BE000685F0ED0012350E8002F194640E8001CF2
:104BF0009CF0000FF7D1012AF5D0BFF35F8F0020A2
:104C0000704704487047044870476FF4E0407047AD
:104C10002C5F5CA9E98FFFFFEA8FFFFF034680B19D
:104C2000426809498A420AD012F0685F05D0BFF392
:104C30005F8F002210461A6070470448704704488E
:104C400070476FF4E04070472C5F5CA9E98FFFFF6D
:104C5000EA8FFFFF10B5044620B10023034A23600A
:104C6000626010BD0248FFF725FFF6E73A00003A00
:104C7000BC6100002DE9F0410E4682B0002879D0D9
:104C800000296FD0054601273D4C55E0D4F80CC0F3
:104C90002068D4E901E14FEACE524B0980EAC058BE
:104CA00042EA502243EACC638EEA02004B404FEACC
:104CB000984E4EEA803E83EA08038CEA5C1283EA4F
:104CC0000E03424011EB030E82EA90424CEB0200CD
:104CD000082EB046C4E9023228BF4FF0080815F08C
:104CE0000303C4E9001CCDE900E032D1072E3DD812
:104CF000032E2CD9B8F10402C5F800E018D0042323
:104D000003F10801694411F8081C012AE9540FD085
:104D100003F10900684410F8080C591C032A685470
:104D200006D103F10A026A4412F8082C0233EA544D
:104D3000B6EB0806454415D0237E002BA6D11821DA
:104D40002046FEF705FC0028F9D127769EE742466B
:104D5000D6E728464246694600F0E4FFB6EB08066F
:104D60004544E9D1002002B0BDE8F081C5F800E07B
:104D70006860DDE70029F5D0142002B0BDE8F081BD
:104D8000A00F00202DE9F04117468846402200215F
:104D900006461D4600F0EBFF402F36D84FBB284695
:104DA00000F0F0F8044620B100F096F92046BDE886
:104DB000F0814FF0363000F077F94021304600F0B6
:104DC000B1F9044600F07CF9002CEDD106F1400069
:104DD00000F0ACF9012D86F8D85035D00A2D35D029
:104DE000A5F10205B5FA85F56D096D0186F8D95072
:104DF000DAE741463046BA08FFF704FD284600F0DE
:104E0000C1F804460028CFD1D3E7284600F0BAF80D
:104E100004460028CAD13946404600F083F90446CA
:104E20000028C1D16B1EDBB2092B96BF084A014690
:104E300052F82310304600F019FA284600F0A2F884
:104E400004460028B0D1B4E71425CFE71C25CDE7F0
:104E5000EC61000070B50C46164600F1400528468E
:104E600000F0A2F92046314600F05CF9044618B182
:104E700000F032F9204670BD284600F057F900F0E6
:104E80002BF9204670BD00BF2DE9F84F90F8D8509F
:104E90000646012D8946984600AF36D00A2D32D0FD
:104EA000A5F10205B5FA85F56D096D01EA1D22F03F
:104EB0000702ADEB020DEA4606F1400B584600F042
:104EC00073F92946504600F0D1F996F8D80000F061
:104ED00059F8044688B94FF05C3000F0E5F84021FD
:104EE000304600F01FF9044638B900F0E9F82946C9
:104EF000504600F017F9044648B100F0EDF820469E
:104F0000BD46BDE8F88F1C25D0E71425CEE729461D
:104F1000504600F0ABF9B8F1000F03D096F8D93045
:104F2000C8F8003096F8D920514692084846FFF755
:104F300069FC96F8D91011F0030219D1584600F017
:104F4000F5F896F8D830012B10D00A2B18D0A3F121
:104F50000203B3FA83F35B09D9005046FFF74EFC16
:104F600000F0BAF82046BD46BDE8F88F0521F4E709
:104F700001F0FC0109EB0100514400F0D3FEDDE734
:104F80000721EAE7F8B50025012706463D4C00F069
:104F90006DFBC4F860562846C4F85C56C4F85856F1
:104FA000C4F85456C4F85056C4F84C56C4F8485681
:104FB000C4F84456C4F84056C4F8C857C4F88456D8
:104FC000C4F8885600F05AFB0720C4F81858C4F8F3
:104FD000187800F053FB06F00F03C4F8A4564020E5
:104FE000C4F8C477C4F88456C4F8C03700F038FB5E
:104FF000022EC4F8CC57C4F8D0571ED12249234BF7
:10500000C4F85C16224AC4F85836224BC4F8542619
:105010002149C4F85036214B02F10152C4F84C1614
:1050200002F50912C4F848361D4B02F2F952C4F8D1
:105030004426C4F840362846F8BD00F017FBC4F8F3
:1050400060562846C4F85C56C4F85856C4F85456FE
:10505000C4F85056C4F84C56C4F84856C4F84456E0
:10506000C4F84056C4F8C857C4F88456C4F88856E3
:1050700000F004FB0B48C4F81858FFF71BFD06208E
:10508000F8BD00BF0010845019CDE05BABD9831F81
:105090008C68059B7F520E513AF54FA572F36E3C1A
:1050A00067E6096AE061000010B50446002000F0E0
:1050B000BBFA024BC3F8884610BD00BF00108450F5
:1050C00008B5002000F0B0FA0022024BC3F8882691
:1050D00008BD00BF0010845038B50024104D00F00A
:1050E000C5FAC5F860462046C5F85C46C5F858467E
:1050F000C5F85446C5F85046C5F84C46C5F848466C
:10510000C5F84446C5F84046C5F8C847C5F88446C2
:10511000C5F8884600F0B2FAC5F8184838BD00BF97
:105120000010845000231A4600F0FAB970B400262B
:1051300003461B4C6022D4F8CC571A49C0E90256EA
:10514000D4F8D007D860D4F8C00700F00F0018706A
:10515000D4F888061863D4F8400600BA1861D4F869
:10516000440600BA5861D4F8480600BA9861D4F8E9
:105170004C0600BAD861D4F8500600BA1862D4F8C8
:10518000540600BA5862D4F8580600BA9862D4F8A7
:105190005C4603F1340024BADC6270BC00F0C2BD8E
:1051A00000108450A4170020F8B5044601272D4DA7
:1051B00026780720C5F8187800F060FA002306F07A
:1051C0000F06C5F8A4364020C5F8C477C5F8843664
:1051D000C5F8C06700F044FA2278A368BA420CBF51
:1051E00004210721C5F8CC37E36804F11002C5F8A3
:1051F000D037236B0429C5F8883652F821004FEACE
:1052000081031A4403F1A14303F5822300BAC3F8D2
:10521000400652F8040C00BAC3F83C0652F8080CD9
:1052200000BAC3F8380652F80C0C00BAC3F83406BA
:1052300052F8102C12BAC3F830260BD0A26912BA59
:10524000C3F82C26626912BAC3F82826226912BA5A
:10525000C3F8242604F134016022BDE8F840024876
:1052600000F060BD00108450A417002038B5384A03
:10527000384B126CD3F8C04705460C46002A60D163
:105280000422C3F8C827334AD2F81C39002BFBD1BB
:10529000A30834D0D2F84016012B09BA29602ED0C9
:1052A000D2F84416022B09BA696028D0D2F8481601
:1052B000032B09BAA96022D0D2F84C16042B09BAE4
:1052C000E9601CD0D2F85016052B09BA296116D016
:1052D000D2F85416062B09BA696110D0D2F85816C4
:1052E000072B09BAA9610AD0D2F85C26082B12BA9A
:1052F000EA6104D0174BD3F860361BBA2B62002446
:10530000144D00F0B3F9C5F860462046C5F85C4678
:10531000C5F85846C5F85446C5F85046C5F84C4639
:10532000C5F84846C5F84446C5F84046C5F8C847DC
:10533000C5F88446C5F8884600F0A0F9C5F81848B5
:1053400038BD01220020C3F8842600F06DF99AE7E9
:10535000A417002000108450F0B501246D4A6E4B54
:1053600092F85C5092F84870A5428646C3F82048EF
:105370003CD04FF4FE64C3F8044AD3F8084A44F41E
:105380007F64C3F8084A002F3BD1002D61D1634BE5
:105390001C7C14B11C68844261D993F824401CB170
:1053A0005C69844240F2818093F838401CB19C6A69
:1053B000844240F2918093F84C401CB1DC6B8442F3
:1053C00040F29180544BC3F828ECC3F82C1C002FFA
:1053D00043D08021504AD2F8003A31EA0303FAD18F
:1053E0000023C2F8081AC2F82038F0BD4FF47664E2
:1053F000C3F8044AD3F8084A44F47F64C3F8084A5F
:105400003FB3464BD46C1F7C17B11F68BC4237D2E8
:1054100093F8247017B15F69BC424DD293F838708D
:1054200017B19F6ABC424FD293F84C7017B1DF6B33
:10543000BC4260D227460C44D464946D0C449465FD
:10544000354CC4F8287DC4F82C1D002D5CD10127F3
:105450009EE7C3F8300CC3F8341C4021BAE75D68FE
:105460002544854299D9002505EB850503EB850385
:10547000556D9A68DE68121B104405FB060EA1E705
:105480005E6807EB060C6445C2D24FF0000C0CEBD3
:105490008C0C03EB8C0CDCF80860DCF80CC0F71B00
:1054A000566D274406FB0C77C5E79D692544854268
:1054B0007FF67AAF0125D7E79E6907EB060C6445B6
:1054C000ACD24FF0010CE2E7DE6A07EB060C644554
:1054D000AAD24FF0020CDAE7DD6A254485427FF656
:1054E0006AAF0225C0E71D6C2544854288BF0325AD
:1054F0007FF668AFB8E71E6C07EB060C644538BF53
:105500004FF0030C96D2C2E7C4F8300CC4F8341C38
:105510005FE700BFA417002000108450541700203C
:10552000B0F1005F56D32DE9F84314464218B2F1AA
:10553000804F05460F466AD8DFF8E490D9E910128B
:1055400074B3002B4FD0D9F85030BB4262D3DB1B71
:10555000C9F85030002948D1FFB1D9F8401089F876
:105560004840C9BBD9F844307E1EB6FBF3F603FBB6
:1055700006F646B1B6F5803F1DD228463146FFF704
:10558000EBFEBF1B35443A462946254800F0CAFBCE
:10559000D9F840303B44C9F840300020BDE8F883DA
:1055A0000029D9D099F84830FBB14846FFF7D4FE1E
:1055B000C9F84040D0E7D9F844402846C4F58038BF
:1055C0004146FFF7C9FEA4F58033F6181F44454451
:1055D000D0D1D8E70A2070471148FFF7BDFE00235D
:1055E000C9F84030BEE70029B6D0521ABA42164672
:1055F00028BF3E4609EB0100294600F093FBD9F88D
:10560000403035443344C9F84030BF1BA4E70A207A
:10561000BDE8F8830348FFF74DFA1320BEE700BF4B
:10562000A4170020E061000010B50C4C216C29B1DA
:1056300028B90A48FFF790FE0023236410BDC1F18A
:1056400040026018002100F092FB616C0348216465
:10565000FFF782FE00232364F0E700BFA4170020B9
:10566000014B5864704700BFA4170020602200213E
:10567000014800F07CBB00BFA4170020074AD2F805
:105680001039002BFBD1064B0449C2F800091870F1
:10569000D1F81039002BFBD1704700BF00108450A7
:1056A000051800204FF47F0310B44D4AD3F8101CA6
:1056B00091423FD0D3F8102C01323BD0D3F8102CBC
:1056C000002A37D1D3F8141C464A914250D0D3F85F
:1056D000142C01324CD0D3F8142C002A48D1D3F822
:1056E000182C12F5947F59D0D3F8182C013255D0CC
:1056F000D3F8182C002A51D1D3F81C2C3A4B9A42DB
:1057000009D04FF47F03D3F81C2C013203D0D3F817
:105710001C3C002B5FD04FF47F03334AD3F81C1C92
:10572000914251D0D3F81C2C0321013250D0D3F830
:105730001C4C0DE04FF47F03294AD3F8101C914212
:105740000FD0D3F8102C002101320ED0D3F8104C1A
:105750000122002384600173027043605DF8044BF2
:105760007047002140F6FC04F2E740F6FC04EFE746
:105770004FF47F031B4AD3F8141C914207D0D3F88F
:10578000142C0121013206D0D3F8144CE0E701219A
:1057900042F2D004DCE742F2D004D9E74FF47F03B1
:1057A000D3F8182C12F5947F07D0D3F8182C0221C7
:1057B000013206D0D3F8184CCAE7022140F6D8646B
:1057C000C6E740F6D864C3E7032142F60414BFE7F6
:1057D00042F60414BCE705485DF8044BFFF76AB9CC
:1057E000FCF8FFFFD020FFFF0429FFFFE06100006D
:1057F00070B5037853B3D0E901520124164B90F8E9
:105800000CC0C3F8C441C3F84041C3F8C441C3F855
:105810003021D3F830118A42F7D100203F261E21D3
:105820000422C3F82C01C3F8086AC3F80011C3F8B6
:10583000040AC3F80C21D3F80C214CEA0202C3F885
:105840000C21C3F83851C3F82C4170BD0348FFF751
:1058500031F90C2070BD00BF00108450E0610000E1
:105860000020034BC3F82C01C3F8C401704700BFEC
:10587000001084504FF0000C2DE9F84F86460124AB
:105880004FF0FF354FF03F094FF01E0804270E463A
:105890006046474BD3F8042112F00E0F55D0D3F8D1
:1058A0000C21D3F8301102F00302032AC3F82C01B3
:1058B000C3F8BC41C3F808516BD0013242F0040A6E
:1058C000D2B2C3F80CA1C3F830118EF80C20CEF878
:1058D0000810D3F80C11D3F8302101F0030BD3F8E2
:1058E00038A1C3F8C441C3F84041C3F8C441C3F868
:1058F0003021D3F830118A42F7D1C3F82C01C3F814
:10590000089AC3F80081C3F8040AC3F80C71D3F8ED
:105910000C210CF1010C4BEA0202C3F80C21C3F874
:1059200038A1C3F82C41D3F80421D10711D4BCF11C
:10593000640FAFD100221E4B1E48C3F82C21C3F8C0
:10594000C421FFF7B7F8102021E0D3F80421D207D3
:10595000A0D5BCF1640FEDD04FF0FF320121002043
:10596000134BC3F8BC11C3F80821D3F814213260DB
:10597000D3F818217260D3F81C21B260D3F820212B
:10598000F260D3F824213261D3F828317361BDE885
:10599000F88F4A1C9DD0491840EB00028D4270EBF5
:1059A000020238BF4FF0FF3100224FF0040A88E7AF
:1059B00000108450E06100000A234360704700BF7C
:1059C000C368032B05D0022B14D80133C360012018
:1059D000704783685A1C0FD000224FF0FF3CDB1841
:1059E00042EB020191420CBF19466146C0E9021226
:1059F000012070478368EFE700207047431810B517
:105A000001D21F2A01D9002010BD013902F0140370
:105A10000144102B81EA000438D027DC7BBB1F2C0B
:105A200040E800F303D941E800F19942EBD122F0BC
:105A30001402013A0A2AE6D801A151F822F000BF67
:105A4000AF5A0000A95A00009B5A0000075A0000F4
:105A5000075A0000075A0000075A0000B55A000014
:105A6000AF5A0000A35A00009B5A0000142BCAD161
:105A70001F2C40E8C0F3DAD941E8C0F1D5E71F2C6C
:105A800040E840F3D3D941E840F1CEE71F2C40E88D
:105A900080F3CCD941E880F1C7E713F4001FB3D1FC
:105AA000B1E713F4801FFAE75B02ADD5ABE713F45F
:105AB000002FF4E713F4802FF1E700BFB7EE000AE0
:105AC000F7EE000AB7EE001AF7EE001AB7EE002A5A
:105AD000F7EE002AB7EE003AF7EE003AB7EE004ACA
:105AE000F7EE004AB7EE005AF7EE005AB7EE006A3A
:105AF000F7EE006AB7EE007AF7EE007AF1EE10CA20
:105B000040F29F01CFF200013CEA010CE1EE10CA25
:105B100000239C4683F30088704708B5FDF764F9BD
:105B2000EFF30880EFF309812DE9F00F6B46724621
:105B3000FAF7E0FE08B0FFF7F0FFFEE708B5FFF761
:105B4000EFFF08B5FFF7ECFF08B5FFF7E9FF08B571
:105B5000FFF7E6FF08B5FFF7E3FF08B5FFF7E0FF43
:105B600008B5FFF7DDFF08B5FFF7DAFF08B5FFF767
:105B7000D7FF08B5FFF7D4FF08B5FFF7D1FF08B589
:105B8000FFF7CEFF08B5FFF7CBFF08B5FFF7C8FF5B
:105B900008B5FFF7C5FF08B5FFF7C2FF08B5FFF767
:105BA000BFFF08B5FFF7BCFF08B5FFF7B9FF08B5A1
:105BB000FFF7B6FF08B5FFF7B3FF08B5FFF7B0FF73
:105BC00008B5FFF7ADFF08B5FFF7AAFF08B5FFF767
:105BD000A7FF08B5FFF7A4FF08B5FFF7A1FF08B5B9
:105BE000FFF79EFF08B5FFF79BFF08B5FFF798FF8B
:105BF00008B5FFF795FF08B5FFF792FF08B5FFF767
:105C00008FFF08B5FFF78CFF08B5FDF7EDF8EFF350
:105C10000880EFF309812DE9F00F6B467246FAF721
:105C200069FE08B0FFF7F0FFFEE708B5FDF7DCF806
:105C3000EFF30880EFF309812DE9F00F6B46724610
:105C4000FAF758FE08B0FFF7F0FFFEE708B5FDF7DA
:105C5000CBF8EFF30880EFF309812DE9F00F6B46E5
:105C60007246FAF747FE08B0FFF7F0FFFEE708B507
:105C7000FDF7BAF8EFF30880EFF309812DE9F00F93
:105C80006B467246FAF736FE08B0FFF7F0FFFEE704
:105C900008B5FDF7A9F8EFF30880EFF309812DE9C6
:105CA000F00F6B467246FAF725FE08B0FFF7F0FFDB
:105CB000FEE7814270B41346054602D370BC00F083
:105CC00031B88218194483B900241819032816D84A
:105CD0006FF003009C084443234422440C440021F9
:105CE0008B4214D1284670BC704742EA01008007FD
:105CF000EAD011F8010D013B02F8010DE3E760184D
:105D000050F8046CA01840F8046C043CDDE7601AFD
:105D100010F8016C501A00F8016C0131E0E708B589
:105D200000F078F8034670B56AB900241519032D00
:105D300013D822F0030421441C44002302F0030280
:105D40009A4210D170BD41EA0304A407EDD011F8C6
:105D5000014B013A03F8014BE6E70D1B2E681D1BB2
:105D60002E60043CE2E7CD5CE5540133E8E7F0B592
:105D700005460C0444EA01640C4344EA012462B978
:105D800013465619032A0ED823F003022A4403F0BF
:105D9000030313449A420AD1F0BDAB07F0D005F8D3
:105DA000011B013AEBE7B71A3C60043AEAE702F854
:105DB000011BEFE708B5EFF30583C3F308030BB14D
:105DC000FDF712F8BDE80840FDF7D2B808B5EFF3CB
:105DD0000583C3F308030BB1FDF706F8BDE80840DF
:105DE000FDF7C9B810B5EFF30584C4F308040CB18E
:105DF000FCF7FAFFBDE81040FCF73ABC10B5EFF332
:105E00000584C4F308040CB1FCF7EEFFBDE81040B4
:105E1000FCF762BC08B5EFF30583C3F308030BB1CD
:105E2000FCF7E2FFFDF77BF807B503468DF8072086
:105E3000084601220DF10701984703B05DF804FB05
:105E40002DE9F84F1D46074688461646BDF82840FE
:105E50009DF82CA09DF830909DF834307AB333B182
:105E600013461D4613F8012B002AFAD1AD1BAC4294
:105E70008ABF641B0024A4B2BAF1000F14D02A46D2
:105E800031464046B847BAF1000F18D0002513E05C
:105E90004A4641463846FFF7C7FF0BF1010B1FFA90
:105EA0008BF39C42F4D8EAE7D346F8E74A464146EA
:105EB0003846FFF7B9FF0135ABB29C42F6D8BDE8D2
:105EC000F88F2DE9F04F002489B09DF848C00646B0
:105ED0009DF85800A4450F469DF854100CBF4FF094
:105EE000200A4FF0300AA0429846CDE905440CBF85
:105EF000612041209DF85030CDF81B4019B1A242DD
:105F0000ACBF214652420DF11E04A1460A38B2FB35
:105F1000F3FB03FB1B2B5FFA8BF5BBF1090F94BF5F
:105F200030352D18A646EDB2934204F1FF3465706A
:105F3000B2FBF3F518D931B1BCF1000F16D12D2306
:105F40002370AEF102040023CDE902A39DF84C308A
:105F50003946CDE900833046A9EB0403621CFFF704
:105F60006FFF09B0BDE8F08F2A46D0E72D223946F1
:105F70003046FFF759FFE6E70FB4002004B0704742
:105F8000704710B50446406A10B1A16A00F039F8B4
:105F90000020C4E9090010BD38B50446FFF7F1FF41
:105FA000237F012B0FD0023B012B0FD8236A012B3B
:105FB00014BF6FF0960500252C2200212046FFF724
:105FC000D6FE284638BD236A002BF1E76FF0960510
:105FD000F2E70020704770470020704713B500209B
:105FE00001AB1446FEF7BCF830B9019BA34218BFC1
:105FF0006FF0930002B010BD6FF09200FAE700203E
:10600000704710B5044608B1FDF78AFE2046BDE88A
:106010001040FDF7D7BD2DE9E04F2746A046A14629
:10602000A246A346A4462DED108B4FF0000545EC8B
:10603000185B45EC195A45EC1A5A45EC1B5A45ECCD
:106040001C5A45EC1D5A45EC1E5A45EC1F5AF1EE00
:10605000105A4FF66076C0F6FF763540E1EE105AE2
:1060600084F3008825462646A447BDEC108BBDE886
:10607000E08F00007AFFFFFF426200000000000096
:106080000000000000000000000000000000000010
:106090000000000000000000000000000000000000
:1060A0004862000000000000000000000000000046
:1060B00000000000000000000000000000000000E0
:1060C00000000000000000004E6200000000000020
:1060D00000000000000000000000000000000000C0
:1060E00000000000000000000000000000000000B0
:1060F00054620000000000000000000000000000EA
:10610000000000000000000000000000000000008F
:1061100000000000000000005A6200006F5D0000F7
:10612000FF8FFFFFFF8FFFFFFE8FFFFFFE8FFFFF41
:10613000FD8FFFFFFC8FFFFFFC8FFFFF4661696C47
:1061400020746F2061637175697265206D75746567
:10615000780A00004661696C20746F20696E637272
:106160006561736520504D20636F756E7465720AAA
:1061700000000000436F756C64206E6F74206C6FBC
:10618000636B20706F7765722073617665206D7523
:10619000746578006D757465785F667265652063F7
:1061A000616C6C65642077697468204E554C4C2096
:1061B000706172616D6574657200000043616E27E5
:1061C0007420696E697469616C697A65206D757493
:1061D00065782C20776173204E554C4C0D0A0000D9
:1061E000466174616C206572726F72001400000069
:1061F000200000000000000000000000000000007F
:10620000000000000000000000000000000000008E
:106210001C00000054464D5F43525950544F0054E7
:10622000464D5F504C4154464F524D5F5345525678
:10623000494345005B556E737570706F7274656489
:106240005D005B4552525D005B4E4F545D005B57F5
:10625000524E5D005B494E465D005B5645525D0007
:107C00007FE97FE9FBF762BE7FE97FE9FBF770BEA2
:107C10007FE97FE9FBF7A2BE7FE97FE9FBF790BE32
:107C20007FE97FE9FBF776BE00000000000000005E
:107C30000000000000000000000000000000000044
:107C40000090D003009000500000000000000000F1
:107C50000000000000000000000000000000000024
:107C60000000000000000000000000000000000014
:107C70000000000000000000000000000000000004
:107C800000000000000000000000000000000000F4
:107C900000000000000000002C3400000400000080
:107CA0000000000000000000FFFFFFFFFFFFFFFFDC
:107CB000FFFFFFFFFFFFFFFF0000000000000000CC
:107CC00000000000000000000000000000000000B4
:107CD0000000D6010000000000000700300900206D
:107CE000D00800204401000090ED00E000A0035007
:107CF0007FA60350009000506F950050795F000000
:107D0000815F00008C0800209008002054080020AB
:107D100078080020700800206C0800206808002007
:107D200000000000914A0000BC080020B4080020B8
:107D3000AC08002000000000A4080020554C000002
:107D4000A14B0000D54B00001D4C00009408002002
:107D50009C0800202C1700203A00003A3017002021
:107D60003A00003A341700203A00003A3817002051
:107D70003A00003A3C1700203A00003A4017002031
:107D80003A00003A35030000CB000000510000002B
:10800000F83701209DA900007561010089A90000D1
:1080100089A9000089A9000089A9000089A9000098
:108020000000000000000000000000006DAA000039
:1080300089A9000000000000BDAC000089A9000073
:1080400071AD000071AD000071AD000071AD0000B8
:1080500071AD000071AD000071AD000071AD0000A8
:1080600071AD000071AD000071AD000071AD000098
:1080700071AD000071AD000071AD000071AD000088
:1080800071AD000071AD000071AD000071AD000078
:1080900071AD000071AD000071AD000071AD000068
:1080A00071AD000071AD000071AD000071AD000058
:1080B00071AD000071AD000071AD000071AD000048
:1080C00071AD000071AD000071AD000071AD000038
:1080D00071AD000071AD000071AD000071AD000028
:1080E00071AD000071AD000071AD000071AD000018
:1080F00071AD000071AD000071AD000071AD000008
:1081000071AD000071AD000071AD000071AD0000F7
:1081100071AD000071AD000071AD000071AD0000E7
:1081200071AD000071AD000071AD000071AD0000D7
:1081300071AD000071AD000071AD000071AD0000C7
:1081400071AD000081F0004102E000BF83F0004308
:1081500030B54FEA41044FEA430594EA050F08BFE2
:1081600090EA020F1FBF54EA000C55EA020C7FEAA6
:10817000645C7FEA655C00F0E2804FEA5454D4EB23
:108180005555B8BF6D420CDD2C4480EA020281EAED
:10819000030382EA000083EA010180EA020281EA25
:1081A0000303362D88BF30BD11F0004F4FEA013177
:1081B0004FF4801C4CEA113102D0404261EB410186
:1081C00013F0004F4FEA03334CEA133302D052420C
:1081D00063EB430394EA050F00F0A780A4F10104C8
:1081E000D5F1200E0DDB02FA0EFC22FA05F2801802
:1081F00041F1000103FA0EF2801843FA05F35941E8
:108200000EE0A5F120050EF1200E012A03FA0EFC66
:1082100028BF4CF0020C43FA05F3C01851EBE37190
:1082200001F0004507D54FF0000EDCF1000C7EEBAD
:1082300000006EEB0101B1F5801F1BD3B1F5001FEB
:108240000CD349085FEA30004FEA3C0C04F101040A
:108250004FEA445212F5800F80F09A80BCF1004F33
:1082600008BF5FEA500C50F1000041EB045141EAB5
:10827000050130BD5FEA4C0C404141EB0101013C7E
:1082800028BFB1F5801FE9D291F0000F04BF01466D
:108290000020B1FA81F308BF2033A3F10B03B3F13F
:1082A00020020CDA0C3208DD02F1140CC2F10C02CF
:1082B00001FA0CF021FA02F10CE002F11402D8BF2D
:1082C000C2F1200C01FA02F120FA0CFCDCBF41EAF9
:1082D0000C019040E41AA2BF01EB0451294330BDC8
:1082E0006FEA04041F3C1CDA0C340EDC04F11404A5
:1082F000C4F1200220FA04F001FA02F340EA03007C
:1083000021FA04F345EA030130BDC4F10C04C4F1C1
:10831000200220FA02F001FA04F340EA03002946A1
:1083200030BD21FA04F0294630BD94F0000F83F4EB
:10833000801306BF81F480110134013D4EE77FEACE
:10834000645C18BF7FEA655C29D094EA050F08BF1A
:1083500090EA020F05D054EA000C04BF19461046FB
:1083600030BD91EA030F1EBF0021002030BD5FEA3F
:10837000545C05D14000494128BF41F0004130BD67
:1083800014F580043CBF01F5801130BD01F00045BB
:1083900045F0FE4141F470014FF0000030BD7FEA2E
:1083A000645C1ABF194610467FEA655C1CBF0B4629
:1083B000024650EA013406BF52EA033591EA030F40
:1083C00041F4002130BD00BF90F0000F04BF002138
:1083D000704730B54FF4806404F132044FF000056B
:1083E0004FF0000150E700BF90F0000F04BF0021E4
:1083F000704730B54FF4806404F1320410F000454A
:1084000048BF40424FF000013EE700BF42004FEA44
:10841000E2014FEA31014FEA02701FBF12F07F43C1
:1084200093F07F4F81F06051704732F07F4208BF78
:10843000704793F07F4F04BF41F40021704730B57F
:108440004FF4607401F0004521F000411CE700BFCB
:1084500050EA010208BF704730B54FF000050AE04E
:1084600050EA010208BF704730B511F0004502D54F
:10847000404261EB41014FF4806404F132045FEA51
:10848000915C3FF4D8AE4FF003025FEADC0C18BFFA
:1084900003325FEADC0C18BF033202EBDC02C2F1EC
:1084A000200300FA03FC20FA02F001FA03FE40EA7E
:1084B0000E0021FA02F11444BDE600BF53B94AB9D7
:1084C000002908BF00281CBF4FF0FF314FF0FF30DC
:1084D00000F00CB8ADF1080C6DE904CE00F018F80E
:1084E000DDF804E0DDE9022304B07047704700BF07
:1084F000034611F8012B03F8012B002AF9D170472C
:10850000034613F8012B002AFBD1181A01387047D3
:108510002DE9F0478C468E46089E154604461946BE
:10852000002B40F0D080724547D9B2FA82F74FB1A4
:10853000C7F120030EFA07FCBD40BC4020FA03F34C
:1085400043EA0C0C4FEA154EA8B2230CBCFBFEF814
:108550000EFB18CC08FB00F943EA0C43994528D9D7
:10856000EB1808F1FF3204D2994502D9A8F10202B2
:108570002B44A3EB0903A4B2B3FBFEFC0EFB1C339C
:108580000CFB00F044EA0344A04214D92C190CF16E
:10859000FF3304D2A04202D9ACF102032C44241AC6
:1085A00043EA02401EB1FC40002334607360BDE822
:1085B000F0874246DDE76346F1E7002A79D0B2FA58
:1085C00082F3002B3FD01946C1F1200302FA01F5D6
:1085D00000FA01F42EFA03F20EFA01FE20FA03F378
:1085E000AFB243EA0E034FEA154EB2FBFEFC0EFBA0
:1085F0001C201A0C0CFB07F842EA004290455AD99D
:10860000AA180CF1FF3004D2904502D9ACF1020057
:108610002A44A2EB08029BB2B2FBFEFC0EFB1C221A
:108620000CFB07F743EA02439F4246D9EB180CF1D3
:10863000FF3204D29F4202D9ACF102022B44DB1B71
:1086400042EA004202E0AEEB020301224FEA154E7D
:10865000AFB2200CB3FBFEFC0EFB1C330CFB07F887
:1086600040EA034398452AD9EB180CF1FF3004D2B5
:10867000984502D9ACF102002B44A3EB0803A4B245
:10868000B3FBFEFC0EFB1C330CFB07F744EA034470
:10869000A74216D92C190CF1FF3304D2A74202D9F4
:1086A000ACF102032C44E41B43EA00400F461146A0
:1086B00078E71F2188E76046ABE76246BFE7604680
:1086C000DBE76346EFE7734506D916B90021084694
:1086D0006DE7C6E9000EF9E7B3FA83F787B973458A
:1086E00001D3824207D8841A6EEB030301209C4613
:1086F0001EB900215BE73846FAE7C6E9004CF8E707
:10870000C7F1200CBB4000FA07F422FA0CF520FA5E
:108710000CF1BA401D432EFA0CF30EFA07FE4FEA95
:10872000154941EA0E011FFA85FEB3FBF9F809FB72
:1087300018300B0C08FB0EFA43EA00439A4540D967
:10874000EB1808F1FF3004D29A4502D9A8F10200D3
:108750002B44A3EB0A0389B2B3FBF9F809FB1833E6
:1087600008FB0EFE41EA03418E452CD9691808F139
:10877000FF3304D28E4502D9A8F10203294443EA0B
:108780000040A1EB0E01A0FB02984145CE464346B6
:1087900002D306D14C4504D20138B9EB020E68EB86
:1087A0000503002EA5D0B4EB0E0261EB030101FA24
:1087B0000CFC22FA07F3F9404CEA0303C6E9003146
:1087C00097E74046C5E74346D9E7000001287FB553
:1087D000024604D003280FD007B05DF804FB4FF425
:1087E000B071164808F01EFE0028F5D1144807B0F5
:1087F0005DF804EB09F094BE53200AF021FE034615
:10880000059040B90F4A1049CDE9010200900122BC
:108810000CF05DF9E0E70222532108F003FE18B1E5
:10882000059810F0ADFED7E700220023074805A900
:1088300010F0C1FA0028F3D1CEE700BFF8C800203D
:1088400030C800207EA60100649E0100D0C7002031
:10885000F0B50025444B87B00322284643490293D4
:10886000CDE900552B460CF032F903F057FF0446D2
:1088700068B13F4B0390CDE9015301222B462846B6
:108880003A4900950CF023F9204607B0F0BD1F20AF
:108890000EF0C3FC064628B1364BCDE901430094E7
:1088A000234609E0344809F085F80546B0B1334B5A
:1088B0000096CDE901633346184601222B490CF09E
:1088C00006F92F4B01220293002328491846CDE9CF
:1088D00000330CF0FCF84FF0FF34D5E71F2008F010
:1088E000B9FF044628B1274BCDE9015300952B462B
:1088F000E2E7012009F008F848B1234B0222CDE954
:10890000014320462346194900940CF0E0F8012069
:1089100008F018FF48B11D4B0222029300231349AF
:108920001846CDE900330CF0D2F8002008F0C0FF63
:10893000044628B1164B02930023CDE90033BBE770
:1089400008F05AFF054608B1124BA6E7012008F0CF
:1089500025FF044608B1104BC6E708F085FE064621
:10896000F0B10E4B99E700BFA1A60100649E010083
:10897000B6A60100E5A60100CD8700000DA7010005
:1089800005A801002EA701004BA7010072A7010056
:108990008EA70100B3A70100D0A70100F0A7010036
:1089A00010F069FC4FF47A74A0FB043204FB01213F
:1089B000A14FDB0B43EA4143C90BC7E900319F4D8F
:1089C0004FF0FF334FF0FF3202219C480AF09EFC2B
:1089D000EB6803F4FE13B3F5004F40F0EA8028691A
:1089E0000022002309F0D6FD0446002840F0E18073
:1089F00093480AF053FD93480AF050FDDFF8B8C2DF
:108A00002346224621464FF0160E6446BCF852001B
:108A100068B19CF85C00013110F0020F1CBF0132FC
:108A2000D2B2000748BF0133C9B248BFDBB2BEF1C2
:108A3000010E0CF10C0CE9D183480AF02FFD94F8DB
:108A400050301B0702D581480AF03AFD94F85030A7
:108A5000D80602D57E480AF033FD94F85030590705
:108A600002D57C480AF02CFD94F850305A0602D505
:108A700079480AF025FD79480AF022FD94F8503033
:108A8000DB0740F1B38010F0F6FB4FF47A72A0FBE5
:108A9000020302FB0131D4E90023C00B40EA41404C
:108AA000C90BC7E900016E480AF0F8FCD4E90223BB
:108AB0006C480AF0F3FC6069FFF7A8FC02460B461D
:108AC00069480AF0EBFC2069FFF7A0FC02460B4660
:108AD00066480AF0E3FCA069FFF798FC02460B46E3
:108AE00063480AF0DBFCE069FFF790FC02460B46A6
:108AF00060480AF0D3FC206AFFF788FC02460B4668
:108B00005D480AF0CBFC606AFFF780FC02460B462A
:108B10005A480AF0C3FCA06AFFF778FC02460B46ED
:108B200057480AF0BBFCE06AFFF770FC02460B46B0
:108B300054480AF0B3FC206BFFF768FC02460B4672
:108B400051480AF0ABFC94F8373094F83620A18EE7
:108B50004E480AF0A3FCA38F4D48009394F83A3096
:108B600094F8392094F838100AF098FC206CFFF73C
:108B70004DFC02460B4647480AF090FC606CFFF73C
:108B800045FC02460B4644480AF088FCA06CFFF7FF
:108B90003DFC02460B4641480AF080FCE06CFFF7C2
:108BA00035FC02460B463E480AF078FC3D480AF088
:108BB00087FC2B6A03F4FE13B3F5802F0DD1686A8E
:108BC0000022002305A909F055FB30B90599364864
:108BD0000AF064FC059810F0D3FCEB6823F4FE1354
:108BE000EB602B6A23F4FE132B62E9E610F043FBE3
:108BF0004FF47A72A0FB020302FB0131D7E9002493
:108C0000C30B43EA4143981A4FEAD1314FF47A72C9
:108C10004FF0000361EB0401FFF750FC01462348CD
:108C20000AF03CFC224A731CDEB203F00303D15C61
:108C300020480AF033FCB9E7F0C8002080C50020C6
:108C400029A8010030A8010035A801005DA8010095
:108C50007BA801009AA80100C4A80100E7A80100B0
:108C60000BA9010025A901003FA901005BA9010092
:108C700077A9010093A90100B1A90100CFA90100C2
:108C8000EDA901000BAA010029AA010047AA0100D1
:108C90006AAA010092AA0100ACAA0100C6AA0100BA
:108CA000E0AA010026AB01002CB70100FAAA0100DE
:108CB0006CC0010016AB0100F8C800202DE9F0439C
:108CC000884685B000296DD004680F1F3F1BFD0842
:108CD00027F0070704EB0709B9F8026016F0010650
:108CE00011D1324B0391CDE9016301223346304665
:108CF0002F4900960BF088FF86F31188BFF36F8F22
:108D00000423184602DF294620460BF0EFFE2844D4
:108D100034F83030C01A854213D00026254B01228A
:108D2000029330463346CDE900662149CDF80C80E8
:108D30000BF06AFF86F31188BFF36F8F0423184688
:108D400002DFB9F80230294623F00103A9F8023006
:108D500020460BF0CBFE2E1804EBC6035B88DA0727
:108D600008D4314620460BF00AFF324629462046F9
:108D70000BF05AFFE65BAE1B04EBC6035B88DB0718
:108D800009D4314620460BF0FAFE2A4631462046E9
:108D90000BF04AFF35462946204605B0BDE8F043B2
:108DA0000BF0A9BE05B0BDE8F08300BF8FAB01009A
:108DB000049F010066AB01002DE9F04F91B00093D4
:108DC00002F004030293C2F3C20301338407054691
:108DD0000E46DDF868A00392059340F09C81041DC7
:108DE000002849D101F00706341DC6F10806009B92
:108DF00000274FF004085A1E4FF0FF33B946019385
:108E0000BB46434604970DB10098206005980028A2
:108E100000F3D6808F480099814203D38E48814267
:108E2000C0F0CE800399601B11F0020C40F0D68098
:108E3000B9F10F0F00F2CF80002D00F0D68009F1BC
:108E400040010DEB010E0199C0F387000EF8200CD4
:108E50000EF8101CBCF1000F00F0C38060F07F0022
:108E60000EF8200C013709F10109C5F108014FF690
:108E7000DA7E043406918CE00729B8D86FF01B0025
:108E800011B0BDE8F08F7A285BD84B280FD847285F
:108E900057D829282ED8252850D052D8202818BF96
:108EA00023280CBF4FF0010B4FF0000B71E04C3842
:108EB0002E2846D8DFE800F06D4545454545454537
:108EC000454545454845454545454545455645483B
:108ED000485656566D486A456D4518481845457FB1
:108EE0007C48454548457C0000204FF0000B4FF082
:108EF000040835E001212A38C0B201FA00F010EA76
:108F00000E0F46D110F0625C2CD110EA010B40D05C
:108F10006046013C4444B4FBF8F408FB04F425B17A
:108F2000A3EB050CA444B445A8D8002870D005983C
:108F3000013805905AF8040B009064E70199013953
:108F400001914FF0000B24E012F8010C6C2834D191
:108F5000002012F8023C83466C2BC8D14FF0080861
:108F60004346D6E70AF1070A2AF0070A0734BAECA3
:108F7000027B24F0070435B106982044B0423FF646
:108F80007DAF84ED007B4FF0000B08344FF00808F4
:108F9000434612F8010F002853D0BBF1000F7FF4B5
:108FA00072AF2528F5D14FF0010B019B01330193DE
:108FB0004FF00408ECE7584697E700208346A8E7FF
:108FC000039988077FF551AF4FF0010C601BB0F596
:108FD000007FFFF42DAF6FF0150051E74FF0000C4C
:108FE000F5E70498013004903DE7BCF1000F01D093
:108FF000013638E70299023600297FF434AF009831
:10900000CDE90632FFF77CFADDE9063206442AE7AD
:10901000042B08D10AF1040015B1DAF80010216020
:1090200082460434B5E70AF1070323F0070303F18E
:10903000080A1DB193ED007B84ED007B0823083402
:10904000A7E7631BB3F5806FC5D23DB9A6F108044D
:10905000E01815E71C9A0100E4C00100029A9B0881
:1090600028602B709DF81030AAB1EB70AF702FB153
:10907000002208A8C5F1010C91450ED14FF0000A5D
:10908000C5F101030DF1200801930DF1300BD1451D
:1090900012D1601BF4E66B70E8E710F8013B19068B
:1090A00008D50CEB040EB64503F07F033FF6E6AEA1
:1090B00004F8013B0132DFE71FB198F90020002AD4
:1090C00017DB029BD3B11AF80B2004F8012B002206
:1090D000019B18191044B0423FF6D0AE98F800003A
:1090E000009904F8010B2046039210F051FA039AFC
:1090F00014440AF1010A08F10108C8E798F80020B1
:1091000055F822300093029B009845F82230FFF773
:10911000F7F9421CDCE76FF00D00B1E6014B186077
:10912000704700BFA8C5002080B505460E4617460B
:10913000984609F057FE034601F02CFE0446DFF87E
:109140001890424649F8003039463046A84754F84E
:10915000090001F09DFD00BF080000002DE9F04767
:10916000058B0446280717460CD501290CBF45F08E
:10917000100545F02005258387F31188BFF36F8F15
:10918000BDE8F087022905F0070540F094802046ED
:109190000BF02EFE052864D801A353F820F000BF81
:1091A00079910000B79200006392000025920000C0
:1091B0003F9200005192000001F007035A1F012A5C
:1091C0001FD8002221F00701062BD4F8008089B2B5
:1091D000C4E9002209D1434603E0628B0132628375
:1091E0001B68002BF9D141F00201204621830BF0CE
:1091F000FFFD4FF0000900286DD041F020012183D0
:1092000069E0042B0AD121F0070189B220462183AD
:109210000BF0EEFD10B141F0200121834FF000086A
:10922000C14658E02369D3F80090238B23F007034D
:1092300043F006034FF00008238346464BE02369C2
:10924000D3F80490238B23F0070343F00403F1E7E2
:109250002369D3F80890238B23F0070343F0050319
:10926000E8E74FF00008C146E7E7012243F00803B2
:10927000238387F31188BFF36F8F002A3BD1B8F1A6
:10928000000F4AD1B9F1000F02D020462C49C8473F
:10929000EFF31187202383F31288BFF36F8F238BA3
:1092A00023F008039BB22383D9063FD523F0100295
:1092B000228303F007056669218B002EBFF67CAF81
:1092C00000239946D4F8008021F00701C4E9003357
:1092D00041F001012183238B03F0070AAA4502D044
:1092E000A268002AC1D1B8F1000F02D1B9F1000F74
:1092F000DAD00022BAE7A1680029C0D00D680029A1
:10930000BDD03346524620464F68B8471DB12B6842
:1093100029461D46F3E72B46FAE7414633465246B7
:109320002046D8F800800BF08FFDA8E79A067FF55D
:1093300023AF23F02002228303F0070527E700BFB5
:10934000754E01002DE9F84F814632480F460BF06B
:109350002FFE064600284FD0BDE8F88F237B8BB147
:109360002368DB680BB120469847636883F806A042
:1093700023681B69002B37D16368042220461968D3
:109380000BF037FE013610345C45E7D3B9F1000F1E
:10939000E2D04FF0010A002DDED0A94695FAA5F4DF
:1093A000B4FA84F40AFA04F3260108EB04146FEA11
:1093B000030B25EA0305237B63B158F806301B69CC
:1093C00013BB4644736804222046196809EA0B0956
:1093D0000BF00FFE002DE1D127B14FF4A470002156
:1093E0000FF09EFE4D46D6E7204698470028C3D092
:1093F0000AFA06F31D43C5E7074C0546A0464FF0A1
:10940000010ADFF818B0BFE7204698470028E1D1ED
:10941000D7E700BFA8D00020249F0100349F01009F
:10942000014B53F82000704718A2010008B503460D
:1094300008462BB1044A136000F044FA002008BD2E
:109440006FF01500FBE700BFACC5002000230C4AFD
:1094500010B513700B4A4FF4004113600A4A0B48D1
:109460001360FFF7E3FF0A4B0A4918468B4200D30B
:1094700010BD1A1A5C681211013222711033F5E71F
:109480004EE70020A0D00020A4D00020AD4F010066
:10949000249F0100349F010070B50B4D297841B91C
:1094A0000120FFF74FFF094C094EB44202D30123BC
:1094B0002B7070BD63685B791BB1236820469B6885
:1094C00098471034F1E700BF4EE70020249F0100C9
:1094D000349F010010B5044606480BF069FD3CB10D
:1094E000054BD3E8EF1F0139C3E8E21F002AF8D18A
:1094F00010BD00BFA0D00020A4D0002070B50A4B42
:1095000005461B689847094C094EA860B44200D331
:1095100070BD63685B7923B12368294620461B68C8
:1095200098471034F2E700BFACC50020249F01002B
:10953000349F0100044A054B9B1AB1EBD30F34BF93
:1095400052F8310000207047349E0100249F010032
:109550002DE9F04F87B004AF0546D7E90EBA88462B
:10956000144699463E6BBBF1000F1ED0C7F804A00D
:10957000CDF800A010215B4600207A6BFFF71CFCA1
:10958000B0F5006F014612D340F2FF7303931A4BFC
:1095900002220293002319491846CDE900330BF04B
:1095A0004AFD0C37BD46BDE8F08F5946584604F0D9
:1095B000070205F00704E40044EA821444EA402468
:1095C00044EA065417360E4426F00706ADEB060DA6
:1095D00004ADBBF1000F07D0CDF800A05B467A6B5D
:1095E00005F11000FFF7E8FB4B46224641462846AE
:1095F0000BF008FDD5E700BFE5AB01006C9E010054
:10960000406820B1034BC01A40F3CF0070474FF0C1
:10961000FF307047349E01000EB403B503AB53F81E
:10962000042B01460448019301F0F6FD02B05DF8F9
:1096300004EB03B0704700BF73500100CA0605D4A5
:109640008B064CBF02490349FFF7E6BF704700BFD6
:10965000ABB40100AAB401002DE9F04F87B09DF82A
:10966000489004460D469846DDF850A0169F049297
:10967000B9F1000F00F0AE8007F4807305930BF092
:10968000B6FC07F0020B0246002872D0204679494A
:10969000FFF7C2FF0646BBF1000F08D017F0440FDA
:1096A00069D12A4620467449FFF7B6FF064407F001
:1096B000010353B1714B204653F82920704B714977
:1096C000002A08BF1A46FFF7A7FF07F48073002B94
:1096D00007F0080318BF4FF00008002B77D06A4B43
:1096E000204653F829206949FFF796FF0546049B59
:1096F0002BB11A4620466649FFF78EFF0544B8F1A4
:10970000000F05D0424620466249FFF785FF054419
:1097100061483544139B1BB1224660490BF028FB7E
:10972000159B002B00F08B80159B3946102B28BF12
:109730001023204698460026FFF780FFB5424FDCF5
:109740000026334620461AF803205549FFF764FFE8
:109750000136102E4AD0710703D120465149FFF738
:109760005BFFB0453346EDD820464F49FFF754FF25
:10977000EEE706468FE74D4B1868002896D04C4B15
:109780004FF47A7B1B684FF03C0CB5FBF3F5B5FB4F
:10979000F0F14FF4616300FB11550BFB05F5B1FBD4
:1097A000F3F2B5FBF0FE03FB121100FB1E55B1FBFB
:1097B000FCF30BFB05F5B5FBF0F50CFB1311204694
:1097C0000091CDE901E53B49FFF726FF6EE707F081
:1097D00008058CE7012B4D460CBF2F48364899E70A
:1097E00020463049FFF718FF0136A7E7002620463C
:1097F0003249FFF711FF33461AF803202046A2F141
:1098000020035F2B28BF2E222D49FFF705FF0136CD
:10981000102E0DD0720703D120462249FFF7FCFE1F
:10982000B0453346E8D820461E49FFF7F5FEEEE77F
:10983000159BC244B3EB080315937FF475AFB9F1E0
:10984000000F0AD0FB0704D520460D4A0D49FFF74B
:10985000E3FE39462046FFF7F1FE6268A168D2E9CF
:10986000002320680BF0F7FB002263681A6007B042
:10987000BDE8F08F22AC010026AC010028A2010057
:109880001DAC01002CB701003CA201004BAC010053
:1098900051AC010055AC01007350010019B2000039
:1098A0005AAC010062AC010060AC0100B0D00020F5
:1098B000ACD000202FAC01008F50010064AC01003F
:1098C000A1B9010000210123064A904206D8064AA8
:1098D00001B901231360054B18607047012140084E
:1098E0005B00F2E740420F00ACD00020B0D0002077
:1098F000F8B50D460446064F4618B44201D1284635
:10990000F8BD14F8011BBB6801485B689847F4E791
:10991000449B0100014B03600020704784A20100BA
:1099200008B5082102480CF015FD014808BD00BF2C
:1099300050E7002018B3006808B34078A5281DD868
:10994000872805D85F281AD013D807280AD8704767
:1099500000F178020A4BD2B2D34013F0010F08BFD6
:1099600000207047A0F14103DBB2052B28BF002087
:109970007047A0F18003DBB2072BF7E700207047A8
:10998000B340203FF8B50F4604461546002140225B
:109990001E460FF023FE38460CF050F82A462346A8
:1099A000A08405F1180152F8040B8A4243F8040B15
:1099B000F9D104F13005DEB196E8070085E807002B
:1099C0003B68A362BB88A3850FF055FC4FF47A7205
:1099D000A0FB020302FB0131C00B40EA4140C90B6E
:1099E000C4E9060194F83830002084F82E30F8BD20
:1099F000014B93E80700E1E7B8C5002007B5042153
:109A00000DEB01000CF0A6FC019A024B1A8003B08A
:109A10005DF804FB48DB0020024B1888421C1A80CA
:109A2000704700BF48DB002013B51C46049B63B998
:109A3000CDE9003301F06EFE002804DA01F0AAF946
:109A4000044B1858404202B010BDCDE9004300233A
:109A5000F0E700BF0C0000002DE9F04FB1B04FF06F
:109A6000FF324FF0FF33554808F094FD10220021DB
:109A700012A80FF0B3FD524B00261D460893059621
:109A8000504B1B689E420FDB4FF4FA72059912A8E7
:109A90000CF043FC002831DA01F07CF94A4B1B58EA
:109AA000002BDCDC002490E328680CF094F92F688C
:109AB000044607F589600CF0CFFA40B907F6182084
:109AC0000CF0CAFA18B9BCB901360435D8E744F02D
:109AD000040424B22B6830A91A68059B01EBC30368
:109AE00043F8782C4FF0000223F8744C23F8722CC2
:109AF000059B01330593E7E70124EBE7D2D012ABD6
:109B0000039300230793059B079A9342CAD0039BB4
:109B1000089A1D682B4B196800238B4226DB002412
:109B2000182500212A461AA80FF058FD0E95002C82
:109B300000F01181039BDB885D0775D5271D4FF071
:109B4000FF324FF0FF3338460CF05EF904F58966BA
:109B500004F6E87830460CF07FFA00285DD096F8DD
:109B6000893053B986F82B30B36656E052F8044B6F
:109B700020688542D4D00133CFE720AD06F1480CF0
:109B8000BCE80F000FC5BCE80F000FC5BCE80F0014
:109B90000FC59CE80F0085E80F0096F82B3006F102
:109BA00048059BB96FF0730130460CF077FA4FF01F
:109BB000000386F82B300023D6E700BF00C8002042
:109BC000E4D00020E0D000200C000000B36E002B99
:109BD000E8D028460CF08EF80028E3D0B369B6F838
:109BE00080210093D6F87C1133462068FFF71CFFD4
:109BF000011E12DC11F10B0F40F0B4800DF1800C4E
:109C0000BCE80F000FC5BCE80F000FC5BCE80F0093
:109C10000FC59CE80F0085E80F0006F5BA66B04551
:109C200098D138460CF0FEF9039BDB88D8077CD529
:109C300004F118064FF48662002130460FF0CEFC86
:109C40000E9B2068002B40F09180019300934FF40D
:109C500086624023314601F093FD0028054608DA6C
:109C600001F098F8994B1B58002BC3F1000500F345
:109C700082809DB1B5F5866F2F464FF0000328BF57
:109C80004FF4866731460093BAB216A80BF0ACFDCC
:109C900000286FDBBD42D4BF00250125231D4FF0F6
:109CA000FF320493201D4FF0FF330CF0ADF816A8DF
:109CB000DDF838A00BF0A7FE049016A8FFF73AFED7
:109CC000069016A80BF0BAFE0DF13601814616A8D3
:109CD0000BF0FFFE049B0990032B56D194F87334CC
:109CE0001BB1B4F870344B454DD094F8433ACBB126
:109CF000B4F8403A4B4515D10125684200F4BA60EA
:109D000000F589606FF0670120440CF0C7F94FF44B
:109D1000BA6303FB05454FF0000385F87334002355
:109D2000C5F8B034201D0CF07DF9039BDB881907C2
:109D300004D56FF0040120460CF0DCF9039BDB88AE
:109D4000DA0604D56FF0040120460CF0D3F9039B2A
:109D5000DB889B0611D4079B01330793039B0833D1
:109D60000393D0E600297FF41FAF56E70EAB0193B3
:109D70001AAB6BE705460B35EDD06FF004012046BA
:109D80000CF0B8F9E7E70025B7E7BDF83630B3BB0C
:109D9000049B022B33D1069B8BBB94F873341BB10D
:109DA000B4F870344B4528D094F8433A002BB9D01E
:109DB000B4F8403A4B45B5D101254FF4BA6303FBE3
:109DC000054595F8D134002BACD00FF054FA4FF480
:109DD0007A72A0FB020302FB013141F27073C5F8F5
:109DE000B0340023C00B40EA4140C90BC5F8A804B9
:109DF000C5F8AC1485F8BE3494E7069DDDE720A9CC
:109E000016A80BF007FE94F87334074623B904F53F
:109E100089600BF0B5FF68B994F8723453B19F4272
:109E200008D13A4620A904F264400FF0DFFB064651
:109E3000002848D094F8433A6BB194F8423A8BB971
:109E4000049B022B3FF46EAF5246206816AB1AA952
:109E50000CF0EAF866E704F618200BF091FF0028F2
:109E6000EED1EAE79F42EBD13A4620A904F634202E
:109E70000FF0BCFB0028E3D101264FF4BA6707F5C9
:109E800089680123FC2104F6E87216A8A0440BF0AF
:109E900076FDE8B9049B002B65D04FF4BA6303FB51
:109EA0000643D3F8102A91453FF43CAFC3F8109A0B
:109EB00093F87394B9F1000F71D193F80C3A002B19
:109EC0003FF430AFC0E70746D9E700BF0C00000001
:109ED000069B812B42D107F59A60414620440BF046
:109EE00095FF031E56DB07F2C4552544B4F8EA3F3C
:109EF000FC21284604F6EC720BF088FB031E49DBBC
:109F000028460BF080FDB0B94FF4BA6202FB06425E
:109F100007F5926720AB02F59862274407CA83E8E9
:109F20000700424629463846FFF72CFD031E31DB69
:109F300038460BF0DFFE4FF4BA6101FB0641D1F861
:109F40006034B1F8C82500934346D1F8C4152068A1
:109F5000FFF76AFD031EBFF6E5AE1BE0012204F524
:109F600080531A7596E7049BD4F800B00FAA0093AB
:109F700016A90C2320A80BF068FD031E0ADB1AAB00
:109F80005846BDF884202099CDF800A0FFF74CFD7D
:109F9000031E82DA194640460CF080F8F6E0D3F84A
:109FA000B03423B107F5926020440BF0D9FE17219D
:109FB00016A80BF0F6FD00280BDC002D40F0C88041
:109FC0004FF4BA6303FB0643CA46C3F86C542B46EE
:109FD00026E0002D40F0B980C0F3C00A8AF0010AE3
:109FE0005FFA8AFA00090DD107F58F600022062179
:109FF00020440BF090FD4FF4BA63002203FB0643AC
:10A00000C3F86C2407F58F652544294616A80BF084
:10A01000E1FD29464D460A9016A80BF05DFE0A9B0D
:10A020004FF4BA6B0BFB064BDBF884240B92002A2F
:10A0300000F09480DBF888541B21CBF86C5416A8F0
:10A040000A930BF0AEFDDDE90A32002805DD9BF82E
:10A050008C1400F0070088427DDBAA4240F0848027
:10A060004D46CA464FF4BA6101FB0641D1F860255E
:10A07000002A00F08680012207F27449A144D9E841
:10A08000EFBFC9E8E02F0028F9D1BBF1000F1CD1C8
:10A090000A93069B16AAADF880302192D1F86C2461
:10A0A000099B2292BDF83620239324928DF894A028
:10A0B000D1F8602520A8D1F8C0159047D9E8EF2F36
:10A0C000C9E8E1BF0029F9D10A9B4FF4BA6202FB4B
:10A0D000064292F87314002955D0002D53D0D2F8BF
:10A0E0006C14BDF836000144C2F86C14BAF1000FCC
:10A0F00049D107F59A60414620440BF087FE031EC4
:10A10000FFF648AF4FF4BA6505FB064520AB05F5F1
:10A11000986207F5926907CAA14483E8070007F22D
:10A12000C451424648462144FFF72CFC031EFFF66B
:10A1300031AF48460BF0DEFDD5F86034B5F8C825E0
:10A140000093D5F8C415434601E74FF0000A49E7EC
:10A150004FF0000A48E78BF88C047EE7002D81D091
:10A16000BAF1000F7FF47CAFBDF836204D46B2F552
:10A17000806F28BF4FF480624FF0000AADF83620A0
:10A1800070E7002DB2D1002BFFF604AF4FF4BA6395
:10A1900003FB064696F80C3A002B7FF4C3AD049AF5
:10A1A000022A03D140460BF0DFFDBBE586F873348D
:10A1B000C6F8B034B6E5089B53F8040B08930BF0CF
:10A1C0000AFE00287FF452AC0134024B1B689C420B
:10A1D000F1DB44E4E0D0002008B504480AF0FBFDC0
:10A1E00003480AF0F8FD002008BD00BFB8AC01002C
:10A1F000EDAC010008B50348034A0021121A0BF028
:10A20000A1FF08BDF0C80020B8FC0020074808B531
:10A21000074A0849121A0BF097FFBDE808400648A4
:10A22000064A0749121A0BF08FBF00BF80C50020F5
:10A23000ECC80020FCC0010068C5002080C50020DB
:10A24000E4C001002DE9F04380460D468DB00029A1
:10A2500064D000248B68012205934B682046049348
:10A260000B683A4903933A4BCDE9004402932346E5
:10A270000BF06CFF6B69012205932B692046049358
:10A28000EB6832490393334B0094CDE901432346F5
:10A290000BF05CFFEB69012203932F4B2046CDE9C5
:10A2A00001432A49234600940BF050FF2F462646CF
:10A2B000DFF8B490FB6A01220A93E31C0993BB6A9E
:10A2C00022490893A31C07937B6A10370693631CEB
:10A2D00005933B69CDE90169CDE90343002300966D
:10A2E000184604340BF032FF102CE3D12B6E012200
:10A2F00003931A4B1549CDE90163002300961846D4
:10A300000BF024FFAB6901220393154B0F49CDE9F4
:10A3100001630023009618460BF018FFB8F1010FF7
:10A320000DD1EFF30583103B03930E4B424602938E
:10A33000002306491846CDE900330BF007FF2946F4
:10A3400040460DB0BDE8F04307F07CBDFC9E010027
:10A350001AAD010049AD010078AD0100CAAD0100A0
:10A36000D9AD010007AE010087AD010030BFFFF796
:10A37000FDBF00BF2DE9F04105460B4EDFF83080F0
:10A38000324606EB0807CC1B204608490FF000F9BF
:10A39000A01942460021083C0FF020F96C6707F134
:10A3A0000800BDE8F08100BF00000000349F0100FC
:10A3B000080000001FB500243E4B3F4902930122D4
:10A3C00023462046CDE900440BF0DBFE3B4B9B6A65
:10A3D00099016DD53A4B2046CDE901430122234630
:10A3E000354900940BF0CDFE1E20344B9B6ADA01F8
:10A3F0000AD5344B0122029300232F491846CDE998
:10A4000000330BF0BEFE1F202C4B9B6ADB020AD5EB
:10A410002D4B01220293002327491846CDE9003332
:10A420000BF0AFFE0220254B9B6A1C030AD5274B7D
:10A4300001220293002320491846CDE900330BF096
:10A44000A0FE21201D4B9B6A59030AD5204B0122F7
:10A450000293002318491846CDE900330BF091FE12
:10A460002220164B9B6A9A030AD51A4B01220293AB
:10A47000002311491846CDE900330BF082FE23205A
:10A480000E4B9B6ADB030AD5134B01220293002378
:10A4900009491846CDE900330BF073FE2420074A22
:10A4A000936A6FEA03436FEA1343936204B010BDEB
:10A4B0001D209AE71AAE0100FC9E010000ED00E0AD
:10A4C00032AE010045AE01005FAE010089AE010071
:10A4D000A7AE0100CCAE0100E6AE0100F0B500244D
:10A4E000434B85B00293074623460E460122204681
:10A4F000CDE900443F490BF044FE3F4B9B6ADB042F
:10A5000065D53E4B2046CDE901430122234639491A
:10A5100000940BF036FE1720374B9B6A1D050AD5B9
:10A52000374B01220293002332491846CDE900330C
:10A530000BF027FE1820304DAB6A9C051FD5002478
:10A54000304B012220460293CDE90044234629499D
:10A550000BF017FEAB6BAA6A10040FD503932A4BBE
:10A560000122CDE9014320462346224900940BF005
:10A5700008FE1FB1AB6A23F40043AB6219201E4BE7
:10A580009B6A59050AD5214B0122029300231949E0
:10A590001846CDE900330BF0F4FD1A20164A936AF1
:10A5A00013F4807315D01A4B012202930023114932
:10A5B0001846CDE900330BF0E4FD1B200E4A936AE8
:10A5C00043F47F4393620023337005B0F0BD16203F
:10A5D000A2E7926A9204F1D50E4A1846CDE90132FB
:10A5E0000449012200930BF0CCFD1C20E6E700BFDC
:10A5F00011AF0100FC9E010000ED00E027AF01005B
:10A6000038AF01004BAF010064AF010079AF01002A
:10A6100094AF0100ACAF0100F0B50024414B85B010
:10A620000293074623460E4601222046CDE9004408
:10A630003D490BF0A6FD3D4B9B6ADD066FD53C4BBB
:10A640002046CDE9014301222346374900940BF00F
:10A6500098FD1120354B9B6A1C070AD5354B01220A
:10A660000293002330491846CDE900330BF089FDF1
:10A6700012202E4DAB6A99071FD500242E4B0122C4
:10A68000029320462346CDE9004427490BF079FD8B
:10A690006B6BAA6A12060FD50393284B0122CDE9F2
:10A6A000014320462346204900940BF06AFD1FB168
:10A6B000AB6A23F08003AB6213201C4B9B6ADD075F
:10A6C0000AD51F4B01220293002317491846CDE9F2
:10A6D00000330BF056FD1420144B9B6A9C060AD5E0
:10A6E000184B0122029300230F491846CDE900338D
:10A6F0000BF047FD15200D4B9A6AD10658BF9A6A98
:10A700009A6A920642BF5A6A22F400525A629A6AC0
:10A7100042F0FF029A620023337005B0F0BD1020B2
:10A7200098E700BFDBAF0100FC9E010000ED00E0F8
:10A73000F1AF010038AF010024B001003CB00100CE
:10A7400052B00100ACAF01002DE9F0437A4B054651
:10A75000D3F804900F4614460026A3B0C9F30808A6
:10A7600086F31188BFF36F8F02F07F43B3F17F4F01
:10A7700025D112F0010322D1510603D422070DD4B2
:10A7800001260DE06D4A1846CDE901326C490122DF
:10A7900000930BF0F6FC14F0040400D03D460026B4
:10A7A0000027A8F103038DF81F70092B00F2AB807E
:10A7B000DFE803F0079FA39BA9A9A9A9A9A735468C
:10A7C000EEE7604B0122CDE9017300235C49184696
:10A7D000DFF8648100970BF0D4FC8DF81F70D8F877
:10A7E0002C4014F0020404D0574BCDE901730097BC
:10A7F00007E0D8F82C30002B0BDA544B0094CDE94D
:10A8000001430023012218464D490BF0BAFC0024F5
:10A8100039E0D8F82C305B00F9D54D4B0122CDE959
:10A82000014320462346464900940BF0AAFCD8F881
:10A830001430AA6943F48073C8F81430BFF34F8F03
:10A84000BFF36F8F32F8023CD8F8142022F48072E4
:10A85000C8F81420BFF34F8FBFF36F8F03F47F420C
:10A86000B2F55F4F29D1DBB2022B26D12B682046EF
:10A870000393384B0094CDE901430122234630492C
:10A880000BF07FFC2C689DF81F309BB9682229468D
:10A8900008A80EF07DFE0F9B002E49D0C3F30802DE
:10A8A00022B96FEA53236FEA43230F93204608A986
:10A8B000FFF7C8FC23B0BDE8F0831F4B9A6AD2B201
:10A8C0002AB101200DF11F01FFF7A6FE0FE09A6AE1
:10A8D00012F47F4F05D001200DF11F01FFF7FEFD9F
:10A8E00005E09B6AB3F5803F91D3FFF763FD044613
:10A8F000C9E700200DF11F01E6E700200DF11F015F
:10A90000ECE7154B71E7154B19F4F87F144A18BFA3
:10A910001A46A8F11003CDE90323124B012202933A
:10A92000002307491846CDE900330BF02AFC6EE7F7
:10A930006FF30803B9E700BF00ED00E09FB001002E
:10A94000FC9E0100C2B00100D9B00100FAB00100C4
:10A9500008B1010027B1010043B1010086B0010038
:10A9600071B0010067B10100064B5A6942F0100254
:10A970005A615A6942F480625A615A6922F00802A7
:10A980005A61704700ED00E0EFF30880EFF30981B2
:10A9900001B57246FFF7D8FE01BD00BF002080F36D
:10A9A0001488BFF36F8F002080F30A8880F30B8830
:10A9B0000F4880F3088804F0DFF900200D49086093
:10A9C000BFF34F8F00F02CF8202080F311880A4845
:10A9D0004FF40061401880F30988EFF314800221DE
:10A9E000084380F31488BFF36F8F00F0A5F80000D0
:10A9F000F837012094ED00E0B81E0120002318462E
:10AA00000649D1F89020C2F30722934200DB704739
:10AA1000C1F89830C1F8A0000133F6E700ED00E07E
:10AA200010B572B6002484F31388FFF7E7FF2346BE
:10AA30004FF0FF300C4A03F120010133102B42F894
:10AA40002100F8D100234FF0FF30074A03F16001E5
:10AA50000133102B42F82100F8D162B6BFF34F8FBB
:10AA6000BFF36F8F10BD00BF00E100E01EF0040FC8
:10AA70000CBFEFF30880EFF30980816911F8021C25
:10AA80000229FFD001B572460BF070FB01BD00BF7B
:10AA900040B2002807DB01234109034A00F01F00F0
:10AAA000834042F82130704700E100E040B20028C6
:10AAB0000CDB01220649430900F01F0082402033CD
:10AAC00041F82320BFF34F8FBFF36F8F704700BF54
:10AAD00000E100E0054B420953F82220012300F079
:10AAE0001F0003FA00F01040704700BF00E100E0D3
:10AAF00040B2002801F10101ACBF00F16040064BFB
:10AB00004FEA4111C9B2ABBF00F5614000F00F0040
:10AB100080F800131954704714ED00E0044B054A07
:10AB200023F07F039360BFF34F8FBFF36F8F7047A6
:10AB30000080000000ED00E008B5FFF7EFFF104BCC
:10AB4000D3F8882022F47002C3F88820D3F8882034
:10AB500042F4A002C3F888204FF04042C3F83422E8
:10AB6000BFF34F8FBFF36F8F0023E1EE103AFFF773
:10AB700041FBFFF74BFB00F0EFF807F075FA00BF61
:10AB800000ED00E04FF43C41C0F8C01042F8203C1A
:10AB9000009B0B4942F81C3C019B21F0010142F84B
:10ABA000183C029B42F8081C42F8143C4FF080739A
:10ABB00042F8043C0023203A02658367704700BFD7
:10ABC00029910000104B9B6883421AD1EFF3058056
:10ABD000B8B9EFF31181202282F31288BFF36F8F8F
:10ABE0009A8922F002029A81EFF3148323F004037E
:10ABF00083F31488BFF36F8F81F31188BFF36F8FD6
:10AC000070476FF01500704710DB00200E461546A8
:10AC1000002300B5E1EE103AEFF3148323F00403B0
:10AC200083F31488BFF36F8FBFF36F8F0B4B426FAB
:10AC300098600B4B1A60436E83F30B882C4686F3A7
:10AC400009880020034B984720460021002200235A
:10AC5000014C2047136201002991000010DB002005
:10AC6000ECD000201022014B1A61704700ED00E08B
:10AC7000054B9A699B689A421FBF044A536843F088
:10AC800080535360704700BF10DB002000ED00E0F0
:10AC9000084B9B6883420BD1EFF3058343B1064B0E
:10ACA0005A6842F080525A605A6A22F400425A624C
:10ACB00008F09EB810DB002000ED00E023498A6810
:10ACC00082F8C1E04FF030001044EFF3098C80E8C7
:10ACD000F01F1EF0100F03D102F1800080EC108AEB
:10ACE000202080F31288BFF36F8F194F4FF000665A
:10ACF0008A698A603E60506F164C206092F9C1E00C
:10AD0000906F0023936780F311881EF0100F03D01B
:10AD10000023E1EE103A03E002F1800090EC108A8B
:10AD2000EFF3148323F0040383F31488BFF36F8FCE
:10AD300002F1300090E8F01F8CF3098802F1000066
:10AD400004B50BF060FABDE80440704710DB00204A
:10AD500004ED00E0ECD00020002320210348C218BD
:10AD60000133412B82F80013F9D1704700E100E074
:10AD700008B5EFF30583064A103B02EBC30152F816
:10AD8000330049688847BDE80840FFF771BF00BF3E
:10AD9000609B01000148006870470000ECD0002073
:10ADA0001FB50121094B0A4A0A4800F01DF900238A
:10ADB000064A0393084B0121019301A8D31A029379
:10ADC00000F01CF905B05DF804FB00BF0000042092
:10ADD00080C5002084A20100F0C800200A7A0B6818
:10ADE00010B562F304031C46CB68520923F01F031D
:10ADF00043EA4203044A43F00103C2F89800C2F850
:10AE00009C40C2F8A03010BD00ED00E01FB50E4B15
:10AE10000446D3F89030C3F30723013B98420FD97F
:10AE20000A4B03900293002301221846CDE9003318
:10AE300007490BF01AFA6FF01504204604B010BD54
:10AE4000FFF7CCFFF9E700BF00ED00E07EB10100A5
:10AE5000949E01002DE9F04F8946144606464FF0B6
:10AE60000008524D89B0C8452DDAD6F804A0BAF1D1
:10AE7000000F4AD0BAF11F0F17D91AF01F0F14D1C3
:10AE8000D6F800B01BF01F0F0FD158460BF0E4F9B5
:10AE900007460AEB0B0001380BF0DEF9874216D0AB
:10AEA0006FF01507424B039702E0424BCDF80C8040
:10AEB0000293002301221846CDE900333E490BF0EE
:10AEC000D4F96FF01504204609B0BDE8F08F17F1F2
:10AED000160FE7D0BC42E5DDC5F89870D5F89C1098
:10AEE000C5F89870D5F8A03021F01F0143F01F0B72
:10AEF000D6E900321A44994202F1FF3A1AD1D345F9
:10AF000007D13146F8B20BF0C0F908F101080C3650
:10AF1000A9E73146C5F89870D5F89C30E0B263F3E4
:10AF20000402C5F89C200BF0B0F910F1160FC8D040
:10AF3000441CEAE7C5F89870D5F8A020013B23F03F
:10AF40001F0302F01F021343D3453146E0B2C5F898
:10AF5000A030E8D00BF099F910F1160FB1D0C5F878
:10AF60009870D5F89C209DF818300BF1FF3B62F3E8
:10AF700004038DF81830D5F8A0309DF818205B0830
:10AF800063F347128DF81820D6E900321344049376
:10AF900023F01F035B44A3EB0A03013023F01F03DC
:10AFA00004A9C0B20793FFF731FFBEE700ED00E050
:10AFB000CAB10100A4B10100949E01000522044B16
:10AFC000C3F89420BFF34F8FBFF36F8F704700BF5C
:10AFD00000ED00E0BFF35F8F0022024BC3F8942026
:10AFE000704700BF00ED00E010B5034C2278FFF77A
:10AFF00031FF207010BD00BF58E700202DE9F74F4A
:10B00000294D8A4606464FF00008AB46274FD045EB
:10B010001BDAD6F80490B9F1000F3FD0316808462A
:10B0200001910BF019F90199044609EB010001386F
:10B030000BF012F984424FF014021D4B08D002FBB2
:10B0400008F36FF015024BF8032003B0BDE8F08F52
:10B0500014F1160F2C60F8D01978A142F5DD02FB2F
:10B0600008B0C7F89840C7F89840D7F89C4000F15E
:10B070000801007B64F304000871D7F8A0000C7984
:10B08000400860F347140C71D7F89C1021F01F01A1
:10B090006960D7F8A01021F01F01296108F10108AB
:10B0A00014350C36B3E700BFF0D0002000ED00E00F
:10B0B00058E70020F0B55349534DD1F890302C6833
:10B0C000C3F307239C4287B000F299800020FFF76A
:10B0D00081FF4E4BC1F8C030844216D14C4D01A8BF
:10B0E0002C70FEF717FC002607464A4CB74213D1D6
:10B0F00000202B784349D1F89020C2F307229342D5
:10B1000077DBFFF75BFF002046E0696801EB001189
:10B11000FFF764FE0130DFE70199300101EB061310
:10B12000DA682240B2F1807F52D00AD8B2F5001F0F
:10B1300034D0B2F5800F3ED0B2F5801F12D0013668
:10B14000D4E7B2F1006F43D0B2F1805FF7D15A6813
:10B150009B680958013B22F01F00034423F01F03A2
:10B16000012032E05A689B680958013B22F01F0019
:10B1700003440120844623F01F0340EA4C10CDE92C
:10B1800002218DF8100002A928780593FFF73EFEF2
:10B1900000282ADA6FF0150007B0F0BD5A689B68E6
:10B1A0000958013B22F01F0003444FF0020C01201C
:10B1B00023F01F03E1E75A689B680958013B22F01E
:10B1C0001F000344062023F01F034FF0000CD4E7B8
:10B1D0005A689B680958013B22F01F0003444FF056
:10B1E000030C012023F01F03C7E72B7801332B70DA
:10B1F000A5E7C1F89830C1F8A00001337BE74FF014
:10B20000FF30C9E700ED00E090A20100AAFF440072
:10B2100058E700200000F0FFF0B587B007460E4663
:10B2200014460021102268461D460EF0D7F902236D
:10B230008DF80230054B2A4621466846CDE9047652
:10B24000019308F00BFC07B0F0BD00BFBD62010028
:10B2500008B5024B1B689847002008BD04D10020A8
:10B26000034B044A1860937843F0020393707047CD
:10B2700004D10020C4C5002008B50649064821F0C5
:10B280000701C1F1005202F5802209F030FD0020D3
:10B2900008BD00BF8346012008D10020082800B562
:10B2A00008D9FFF777FD0922074B1A504FF0FF30FE
:10B2B0005DF804FB3022054B02FB0033D3E8AF3FBF
:10B2C000002BEED00020F3E70C0000001CD1002082
:10B2D0003023434330B50D4908330B44D3E8AF2F37
:10B2E00092B1541ED3E8EF5F954204D1C3E8EC4F0E
:10B2F000BCF1000FF6D1F1D1012A05D1302358431A
:10B3000000230A180B50536030BD00BF14D1002039
:10B3100038B504461546FFF7C1FF01300DD0302384
:10B320006343074AD0184068086015B10C331344D2
:10B330002B6030235C43105938BD0020FCE700BF70
:10B3400014D1002070B500254FF0FF334FF0FF32CD
:10B3500018480AF0CDFF184BD3E8AF2F82B1013562
:10B36000092D03F13003F7D1FFF714FD17224FF039
:10B37000FF35124B1A500F480AF0BCFF284670BD2B
:10B3800030246C43D3E8EF0F0130C3E8E10F00290C
:10B39000F8D10B4E331932515A609A6204F10C0005
:10B3A00030440DF017FD04F1200030440DF0FCFD99
:10B3B000E1E700BF6CC700201CD100200C0000009A
:10B3C00014D100202DE9F0413024164644430F4AA1
:10B3D000101911514660C362B6B1F368A3B1FFF70B
:10B3E000D9FC0B4F0C3450F807801319054640F276
:10B3F000051230460AF06DFFB8F15F0F04D0EB592B
:10B400005F2B08BF45F80780BDE8F08114D100200C
:10B410000C0000002DE9F04F0E460027B346BA4657
:10B420009DB0069008A814461D460DF026FFDDE9E4
:10B430000823DDF81880CDE904230DAB0A930397A8
:10B44000BBF1000F22D1BAF1000F66D0B5F1FF3F7A
:10B4500008BFB4F1FF3F17BF4FF47A724FF0FF34CB
:10B46000A4FB024302FB05331CBFE40B44EA434444
:10B4700039464FF48272CDE90064069B03980AF0C6
:10B480003DFF074638461DB0BDE8F08FD8F80000F4
:10B4900000283DDB0CAA0BA9FFF73AFF81460028E4
:10B4A00036D00C984FF0FF324FF0FF3306F044FFD8
:10B4B0001CAB01930AAB00934FF48172434649469B
:10B4C0000B980AF01BFF10F1780F034614D10023EC
:10B4D000002208A80DF0D1FEDDE90834CDE90434DE
:10B4E0000024254623460C98079306F097FF079BF8
:10B4F000002B0DDA5B422FE010F1120FF3D1039B0A
:10B5000013B94F460B9B039300234FF0010AEAE760
:10B5100008F108080BF1FF3B92E7DDE9042308A8D6
:10B520000DF0D0FEDDE9084522462B460DF134082A
:10B530000A993348A1EB080189104143404607F0BE
:10B54000E5FE00F10B020B2A05D840F68103D3403B
:10B5500013F0010B07D14342FFF71CFC294A4FF0BF
:10B56000FF3713508EE70025B1462F46AA46069CAA
:10B57000CDF82880B9F1000F0FD1002D82D0002F17
:10B5800080DCDDE9042308A80DF09CFEDDE9084518
:10B590002B4625432246CBD174E72068A4F806A0A9
:10B5A000002827DB0CAA0BA9FFF7B2FE18B920234D
:10B5B000E38001371EE003900C984FF0FF324FF00C
:10B5C000FF3306F0B9FE0AAB009340F203122346A4
:10B5D00003990B980AF092FE03900C9806F01EFF58
:10B5E000039B13F10B0F09D0002B83D1B4F9063064
:10B5F000002BDED1083409F1FF39BBE75D46F9E7DE
:10B60000CDCCCCCC0C0000000122024B0020C3F8B2
:10B61000402570470090034048B1054B054A1B6820
:10B62000B3FBF2F35843044B43F001031847704750
:10B63000A0C6002040420F00809F010008B54FF6D1
:10B64000FF73044A13603F231046536003F0A2FBCC
:10B65000002008BDC4D20020F7B506460D461446AA
:10B66000124F38460DF0E3FAE0B1BB683146384678
:10B670001B68AAB29847002802DB002003B0F0BD87
:10B68000002CFBD1AC42F8D22F1B042F28BF04277B
:10B690000BF0C1F93A46019001A930190DF078FF7D
:10B6A0003C44EFE76FF01200E8E700BF289B010081
:10B6B0002DE9F04105460E461746134CDFF8508041
:10B6C000444508D3FFF766FB6A22104B1A504FF02F
:10B6D000FF30BDE8F0812368AB4200D08BB93A4619
:10B6E00031462846A368984758B1FFF753FB00221C
:10B6F000064B3146C2503A462846E368BDE8F04161
:10B7000018471034DCE700BF249E01000C00000045
:10B71000349E01002DE9FF410D46164602A903AAF9
:10B720001F46FFF7F5FD0446E8B1029B5B6A13B3C1
:10B730004FF0FF324FF0FF3303980AF00EFE0B9BE1
:10B74000204601930A9B32460093029B2946D3F878
:10B7500024803B46C047044603980AF000FE20467A
:10B7600004B0BDE8F0810923FFF714FB034A4FF052
:10B77000FF341350F3E75F23F6E700BF0C0000002F
:10B780002DE9FF410D46164602A903AA1F46FFF701
:10B79000BFFD0446E8B1029B9B6A13B34FF0FF3232
:10B7A0004FF0FF3303980AF0D8FD0B9B204601931E
:10B7B0000A9B32460093029B2946D3F828803B46D9
:10B7C000C047044603980AF0CAFD204604B0BDE80D
:10B7D000F0810923FFF7DEFA034A4FF0FF341350DC
:10B7E000F3E75F23F6E700BF0C0000000122024BE5
:10B7F0001860024B1A707047CCD2002059E7002025
:10B800002DE9F0410D460646F8B1F1B10846FCF7C6
:10B8100077FE08281CD8114FDFF84480441C4745A8
:10B8200008D32246294606F10C000DF0B1FE002097
:10B83000BDE8F081B74206D02246294607F10C0048
:10B840000DF0D4FE38B14437E9E76FF01500EFE7AB
:10B850006FF05A00ECE76FF07700E9E760C800206E
:10B86000A4C80020F0B54FF0FF324FF0FF3322485C
:10B8700085B00AF0C8FD214C214F224EBC4205D3B1
:10B880001D4805B0BDE8F0400AF0D2BD00222046B8
:10B89000C4E9032222750AF080FD856895B12B6802
:10B8A00083B104F118000DF095FA04F12C000DF0AD
:10B8B00091FA2B682046984794F8403023F0030310
:10B8C00084F84030237B83B920460AF041FE70B1F2
:10B8D0000D4A1368591C11600C4A092101A807F090
:10B8E0000FFE204601A9FFF78BFF4434C6E73368FB
:10B8F0005A1C3260064AF0E794C7002060C8002056
:10B90000A4C80020D0D20020D4D2002017B2010059
:10B910001EB2010038B5074C074DAC4200D338BD0C
:10B92000032120460AF046FD10B920460AF0DEFD4C
:10B930004434F2E760C80020A4C80020084B70B56A
:10B94000C31A0D4607499B10044659434022064836
:10B950000AF017FE2B4601462046BDE87040184706
:10B96000ECD20020B76DDBB6F09A0100402373B52E
:10B970000B4C0093041B0B460D460A49A41061436F
:10B980000646094A09480AF028FE014628B1304611
:10B990002B4602B0BDE87040184702B070BD00BF32
:10B9A000ECD20020B76DDBB647660100F09A0100CB
:10B9B000F8B50022012105460520FFF799F8104847
:10B9C00003F010FA0446B8B903F02CFA2F690D49B8
:10B9D000384609F05DFA031E09DB01263E642D6935
:10B9E000084905F11C0009F053FA031E02DA1C464F
:10B9F0002046F8BDEE64FBE76FF00404F8E700BFF3
:10BA000041BB0000BCA2010010B50022012386B09A
:10BA10006C46CDE9022304ABCDE90433074A6B46FB
:10BA2000CDE900440AF008FE28B94FF48042002313
:10BA3000684606F0AFFD06B010BD00BF5B660100B2
:10BA400010B5EFF31184202383F31288BFF36F8FB7
:10BA5000074A136823F00201DB07116002D40120BA
:10BA60000BF020FD84F31188BFF36F8F10BD00BF72
:10BA70003CD300200C22104B014602FB0033002077
:10BA800030B4D3E90E529863EFF31180202484F38D
:10BA90001288BFF36F8F1C6C04F0C00444F00204E2
:10BAA0001C6480F31188BFF36F8F1DB12B4630BC2F
:10BAB0000248184730BC7047ECD20020F09A0100D1
:10BAC00010B4EFF31180202282F31288BFF36F8F3E
:10BAD00018490B6843F0020413F001030C6019D0FD
:10BAE000154BD3F80C14D3F80C3413F0010311D018
:10BAF000EFF3118182F31288BFF36F8F0F4A136C3B
:10BB000003F0C00343F00203136481F31188BFF311
:10BB10006F8F012380F31188BFF36F8F23B1002053
:10BB20005DF8044BFFF7A6BF01205DF8044B0BF056
:10BB3000B1BC00BF3CD3002000500040ECD200203C
:10BB400010B1012804D07047034B1B6C5B0701D177
:10BB5000FFF790BF704700BFECD200202DE9F04105
:10BB6000012280463549D1E8EF3FC1E8E02F0028A7
:10BB7000F9D133B9324933484B60CB608A6009F060
:10BB80009AF908F1FF33012B4CD8B8F1010F06D117
:10BB90002D4BD3F81C3403F00303022B42D00DF0DD
:10BBA00007FA054650B1EFF31186202383F312887C
:10BBB000BFF36F8F0125244C244F21E0244B1B78C9
:10BBC000002BF0D00222204B0646C3F80823F2E7F0
:10BBD00055B330460AF031FBD4F81835DBB2012BEF
:10BBE0000ED1D4F804215AB10022C4F80421D4F8AB
:10BBF00004210222C4F818252022C7F88021A3605E
:10BC0000D4F81824D4F81834D203E1D503F0030390
:10BC1000022B02D0B8F1010FDAD155B186F31188A9
:10BC2000BFF36F8FBDE8F081002121200DF078FA7D
:10BC3000D2E70222044BC3F80423F3E7E8D2002042
:10BC4000D8D2002008D300200050004000E100E0DE
:10BC5000B5FC002008B507480CF0E9FF38B10648EC
:10BC6000FFF7FEFA0448FDF759FA002008BD6FF00F
:10BC70001200FBE7449B01007DBC00000A2838B598
:10BC80000446074D04D1AB680D2128465B689847F0
:10BC9000AB6803485B68E1B29847204638BD00BFF7
:10BCA000449B010038B5430906D10A4B596819B1C4
:10BCB00001250C68854001B938BD8A682A4002D048
:10BCC0004B68054898471CB1236821461C46F2E79B
:10BCD0002346FAE740D300200C9B01002DE9F043F6
:10BCE00040F206354768D00648BF4FF0030C3B7C56
:10BCF00002EA050558BFC2F3401C87B001F01F06D9
:10BD0000B5F5837F144646EA43168DF803C041D04B
:10BD10000DD8062D16D005D8A5B1022D3CD06FF058
:10BD2000150034E0B5F5807FF9D101250AE040F235
:10BD30000222954232D0B5F5407F31D0B5F5007F73
:10BD4000EDD1022522032DD501237A688B40936023
:10BD5000B86870BB06F01F03760973D13B4AC4F381
:10BD6000004102EB8302D2F8003281F00101C4F3FA
:10BD7000404423F4E16344EA410423F007031C43F5
:10BD800044EA8C0444EA0524C2F80042002007B0CB
:10BD9000BDE8F0830725D5E70425D3E70525D1E7DE
:10BDA0000325CFE7630341BF01237A688B40D3604B
:10BDB000CEE731460DF102020BF023FD14F4403FB3
:10BDC00080460CD13146B8680BF02DFDB8F1000F5C
:10BDD000DCD19DF80210B86803F0FAF9D6E74FF00D
:10BDE000000901ABCDE90199CDE90439CDF80C90FA
:10BDF0003146B86803AA0BF0FFFB4845C6DB14F4D4
:10BE0000003314D09DF80330C4F3004484F00104DF
:10BE10008DF80E308DF80C508DF80D404B463146A4
:10BE2000B86803AA0BF083FC0028CFDAAEE7CDE9AF
:10BE300004330DF1030303933146B86803AA0BF0F2
:10BE4000DBFBF1E7803350F82330FFDE0025844030
:10BE500038B54568A86890B10BF0DFFC014670B9B1
:10BE6000A86803F083F9044658B902460649A86851
:10BE70000BF0C4FC224605213120FEF739FE0020DC
:10BE800038BD6FF00400FBE7A5BC0000F0B54468C6
:10BE90001646A068227C01F01F0587B045EA4215CE
:10BEA000002864D0B6F5001F04D129460BF003FD2D
:10BEB00000204DE00020B6F5800F01AA01905060EF
:10BEC00035D1B3F1007F14BF052304238DF804306E
:10BED0000023CDE904230393E3680DF1030723FA5C
:10BEE00001F111F0010135D1B6F1A07F32D105F099
:10BEF0001F036A0903F180033CD1204A52F8233022
:10BF0000DB0727D43A462946A0680BF07AFC1630A6
:10BF100018D002972946A06803AA0BF06DFB0028F1
:10BF200016DB01222946A0680BF07FFCC0E7B3F1C5
:10BF3000C06F05D0B3F1007F14BF01230223C5E712
:10BF40000323C3E73946A06803F04CF90028E0DA80
:10BF500007B0F0BD3A462946A0680BF052FC002815
:10BF6000D8D19DF80310A06803F032F9D2E76FF042
:10BF70008500EDE751F82330FFDE00BF0025844047
:10BF800040F2FF1C2DE9F04FDFF860E1DFF860813F
:10BF9000554D00EB8101814202D10020BDE8F08FB8
:10BFA0000468C4F3C72616F00806C4F3C327C4F315
:10BFB000080340F08680240E634508BF4FF0FF332E
:10BFC0001EF80770192C7FD8DFE804F00D1C223012
:10BFD000252C307E7E7E7E33397E7E7E7E7E7E7E0A
:10BFE0007E7E3C46494CC2F80C355C1C32D05C0964
:10BFF00070D10124DFF8F89004FA03FAC9F808A018
:10C00000A14640E0C2F814355C1C23D00024F7E7B9
:10C01000C2F80835E9E70024C2F80835B3F1FF3F5C
:10C0200018D025E00124C2F80C35F7E7C2F8103526
:10C03000EAE7C2F80835002FE6D10627E4E7C2F8A0
:10C040000C35F8E7C2F860354488B3F1FF3F04F0DF
:10C0500001040AD104309EE7C2F86435F4E7C2F85F
:10C060006835F1E7C2F86C35EEE7002CBFD101244A
:10C070005FEA53192BD14FF00109DFF874A009FAD8
:10C0800003FBCAF80CB0D0F800A00AF4004BBBF1D7
:10C09000000F0CBF4E46012403F01F095B091CD1A1
:10C0A00008EB8909D9F80032CAF3412A2B4043EA48
:10C0B0008A0343EA0723334343EA4403C9F80032BF
:10C0C000C8E76FF0150069E76FF0850066E70023A9
:10C0D000DB60FFDE00239B60FBE7002309F18009A2
:10C0E00053F82930F5E700BFF0F8FCFF70C00100FD
:10C0F000002584407FB50BAB05930393054B0122CC
:10C10000029300231846CDE90033FDF721FA07B06A
:10C110005DF804FB5DB201002DE9F04104460D46D7
:10C1200047680CF045FF88B14FF02008EFF3118607
:10C13000314688F31288BFF36F8F60680AF0B5FB51
:10C1400050BB86F31188BFF36F8FEFE71F4B1B784F
:10C15000002BE9D04FF02008642660680AF0A5FBA8
:10C1600070B901200BF042F9013EF6D100212120E7
:10C170000CF0D6FFF0E786F31188BFF36F8FF5E779
:10C18000EFF31186314688F31288BFF36F8F606832
:10C190000AF08BFB0028EED0BB6900201D7063689D
:10C1A000BA691B68C3F844250122C3F84825C3F8BF
:10C1B0002001D3F82041C3F85801D3F858019A6000
:10C1C00081F31188BFF36F8FBDE8F081B5FC0020CB
:10C1D0002DE9F04305460022012185B00820FEF735
:10C1E00087FC0820FEF754FC6C680121E0680AF027
:10C1F000B2FB6B6800271A682369C2F82435617D99
:10C20000237D0B43A17D0B43C2F86C35D5F8048028
:10C21000D8E9004313F001025BD0D5F8109004F187
:10C220000C01C4F8A07109F10C02C4F88C7004F57B
:10C2300090700BF010F9061E0DDA274B0122CDE9A4
:10C24000017338463B4625490097FFF753FF3046B8
:10C2500005B0BDE8F08399F80C0002F0AFFD0123B2
:10C260000822C4F80025D8F818200121C4F8442574
:10C270000022C4F84825A1606BB9D4F82031002B06
:10C28000FBD0C4F82021D4F820310123E3604FF41F
:10C290008073C4F80433D4F85831002BFBD000214C
:10C2A000C4F800156D68E8682C680AF054FB082390
:10C2B000C4F800352A7A52B9EB69C4F83435012341
:10C2C000C4F83835C4F81021D4F8102123600026B2
:10C2D000BDE71346C4E700BF5DB201001C9F01002B
:10C2E0000123834070B5DC430C4AD2E8EF1F01EA1A
:10C2F0000405C2E8E65F002EF7D14FF48032824099
:10C300000748C0F80823BFF35F8FBFF36F8F03EABE
:10C310000100003818BF012070BD00BF50D30020BD
:10C320000050014070B4124922F07F46D1E9003438
:10C33000D01AC31844F10004C1E90034A6F5001373
:10C34000B3F5400F09D20B4B1B681A0A1B069C1948
:10C35000094B42F10005C3E90045EFF311812023A9
:10C3600083F31288BFF36F8F70BC06F02FBF00BF3E
:10C3700030CB002054D3002038CB0020D9B101238A
:10C380000D4A8340D2E8EFCF4CEA030CC2E8E1CF7C
:10C390000029F7D14FF48033084A8340C2F80433B0
:10C3A000074BD3E8AF3FC340DB0742BF4FF4001257
:10C3B000044BC3F80021704750D3002000500140C7
:10C3C0004CD3002000E100E00D4B1868010A000684
:10C3D000BFF35F8F0B4BD3F80435181841F1000100
:10C3E000B3F5801F0AD2084BD3E90023904271EBCA
:10C3F000030303D210F1807041F10001704700BFC8
:10C4000054D300200050014038CB00202DE9F04FDC
:10C4100085B016461F4604469DF840A0FFF760FF12
:10C420000190FFF7D1FFB04271EB07035CD23B4BA9
:10C43000301A67EB0101984271F1000109D36FF0E6
:10C44000150520460199FFF799FF284605B0BDE87C
:10C45000F08F334B03EB0413D3E902239F4208BF51
:10C4600096424ED04FF480382E4908FA04F8204600
:10C4700026F07F4BC1F848830AF0C1FA4FF0030958
:10C48000584604F15005AD00ADB205F1804504F504
:10C49000A87305F5A8350293029A20F07F4341F86E
:10C4A0002230C1F84483D1F804351F4AC01A03383A
:10C4B00020F07F40904224D9286868B1D1F8043533
:10C4C000A3EB0B0020F07F40B0F5000F039318D9C9
:10C4D00020460AF094FA039BBAF1000FAFD109EBA2
:10C4E000030009F10109D7E7BAF1000FA7D1012331
:10C4F0000E4AA340D2E8EF0F1843C2E8E10F00292B
:10C50000F8D107490E982301C8500F9B01EB041284
:10C510000025C2E90267536093E700BF0100800075
:10C5200020CB002000500140FDFF7F004CD30020B5
:10C530007FB500254FF0FF304FF0FF31194C1A4BFB
:10C540000226C4F80833C4F84833184BC4F8085519
:10C55000C3E902014FF480334FF40012C4F80433EE
:10C56000134B0121C4F804631520C3F880212A4627
:10C57000FEF7BEFA1520FEF78BFA01230D4AA360E1
:10C58000236013600C4B0D4A009328460023CDE92D
:10C590000155FFF73BFF3046FFF7E0FA284604B0AD
:10C5A00070BD00BF0050014003000F0020CB0020F1
:10C5B00000E100E050D3002025C30000FFFF7F0012
:10C5C0002DE9F34D2C4BD3F8042391070BD5D3F869
:10C5D000042142B10022C3F80421284AD3F80431CF
:10C5E000136801331360244CD4F80433DA033DD5C7
:10C5F000234BD3E8EF2F22F00101C3E8E01F00280E
:10C60000F7D1D30702D4D4F840317BB30025C4F866
:10C610004051D4F84031FFF7D7FEEFF311822023C9
:10C6200083F31288BFF36F8F164BD3E90267B042D2
:10C63000B9411ED3D3E900184FF0FF3A4FF0FF3B4A
:10C640001D60C3E902AB4FF48033C4F84833C4F82B
:10C650004051D4F8403182F31188BFF36F8F29B174
:10C6600032463B460020CDF80080884702B0BDE846
:10C67000F08D2946EFE700BF0050014054D3002061
:10C680004CD3002020CB002030B5431C124C85B089
:10C6900005D08442A8BF0446012CB8BF0124FFF78F
:10C6A00093FE0E4B0C4DD3E90013401AB0F5000F6A
:10C6B0000FD22218AA4228BF2A4600205218084941
:10C6C000CDE90100009143F10003FFF79FFE05B0A3
:10C6D00030BD2A46F1E700BFFFFF7F0030CB0020CE
:10C6E00025C3000008B5FFF76FFE024B1B68C01A98
:10C6F00008BD00BF30CB002070B50546054C064E86
:10C70000B44200D370BDD4E90031284698470834BC
:10C71000F6E700BFCCC00100CCC001007FB500220D
:10C7200001212A20FEF7E4F90E4802F0FDFE04463E
:10C7300050B10D4B03900293002301221846CDE91E
:10C7400000330A490AF06BF9094D0A4EB54202D38B
:10C75000204604B070BDD5E9003120469847083521
:10C76000F4E700BF38A3010096B20100F49E010077
:10C77000CCC00100E4C00100F0B5104B04461968BC
:10C780000F4B0B25002618461F46B84201D3013D2A
:10C7900004D1184601391C605960F0BD0268A242FC
:10C7A000FBD042B142688A1A9642ACBF3246034679
:10C7B00016460830E9E70346EBE700BF44D4002003
:10C7C00050D400200020054BC3E90000044BD3E8FF
:10C7D000EF2FC3E8E10F0029F9D1704748D40020BA
:10C7E00044D400202DE9F04F89B080460C460BF070
:10C7F00078F8824620B96FF06D0009B0BDE8F08F7F
:10C800000CF039FD23680546002B0F4604D106F0D5
:10C810006BFA6FF00A00F0E7BCBF4FF0FF33236004
:10C820000122002101A80CF071FB6E46CDF81C809E
:10C83000EFF3118B202383F31288BFF36F8FFEF782
:10C84000A9FADFF83891DFF8388159F80000FFF7CE
:10C8500093FFD8F80020436893424FF0000307D1BC
:10C860000093454B5A68002A73D1C3E9006601E082
:10C870009A4642608BF31188BFF36F8FBAF1000FB5
:10C8800065D023685A1C69D04FF4004E40F2E7305F
:10C89000002123EAE37C4FF47A720023ECFB0E01C3
:10C8A000FBF70CFE02460B4601A805F073FEEFF302
:10C8B000118A202383F31288BFF36F8F00212E4A41
:10C8C00013685BB1B34253D1009800294AD1516833
:10C8D0001060994200D1506000230093FEF75AFA8D
:10C8E00059F80000FFF748FFD8F8003043608AF39A
:10C8F0001188BFF36F8F0AF0F4FF00283FF47BAF7D
:10C900002668731C23D00CF0B6FC4FF47A7EA0FB93
:10C910000E320EFB0121A5FB0E200EFB0700DB0BE8
:10C92000D20B43EA414342EA40429B1A4FEAD131DB
:10C9300061EBD0314FEAE67CF31A6CEB010CBCF1F1
:10C94000000FB8BF00232360002B3FF462AF00202C
:10C9500053E7C2F800D0C3F804D08BE74FF0FF32A2
:10C960001346A1E708605068984208BF5160B3E7DA
:10C9700019461B68A5E700BF48D400200800000046
:10C9800044D40020024600B5FEF704FA014B1A50C9
:10C990005DF804FB0C00000030B40446006828B1C8
:10C9A0000B4B984202D3D83398420AD3094B1878DC
:10C9B000082809D8451C1D701825054B05FB0030BB
:10C9C000206030BC0CF0A2BA6FF00B0030BC704796
:10C9D0006CD300207DE700200346006828B1094A97
:10C9E000904202D31432904206D3074A117829B9F3
:10C9F00001210448117018600CF0ECB96FF00B00C5
:10CA0000704700BF58D300207CE7002038B50546AA
:10CA10000A4BD3E8EF1F0131C3E8E21F002AF8D127
:10CA2000074B1C6804B938BDE369AB4201D005B1BE
:10CA300013B9201D05F074FD2468F3E744D40020E9
:10CA400048D40020014600220023014805F086BB9F
:10CA5000A0D40020014601480CF057B9A0D4002012
:10CA6000014600220023014805F078BBB4D4002021
:10CA7000014601480CF049B9B4D4002008B54FF480
:10CA80008062064906480CF037F9BDE808404FF4CB
:10CA90000252044904480CF02FB900BF7EE7002081
:10CAA000A0D40020E8840020B4D4002010B5044BAA
:10CAB0001C6804B910BD201D05F032FD2468F8E79C
:10CAC00048D4002070B50546054C064EB44200D34C
:10CAD00070BDD4E90031284698470834F6E700BF16
:10CAE000C4C00100CCC001007FB50BAB059303931C
:10CAF000054B0122029300231846CDE90033FCF7D1
:10CB000027FD07B05DF804FBCCB201001FB568B18A
:10CB1000094B03900293002301221846CDE900330C
:10CB20000649FFF7E1FF05B05DF804FB044805B0D6
:10CB30005DF804EB03F016B9CCB20100F49E0100DD
:10CB4000C5CA000030B5024600232825054905FB6B
:10CB500003F460180C59944203D00133082BF6D12A
:10CB6000002030BDCCD40020292800F0A5800ADCAC
:10CB7000012867D0062800F0AB80002800F09580DF
:10CB80004FF0FF307047B0F58D7F08D0B0F5007FD3
:10CB9000F6D140F206439942F2D11E2335E00F2927
:10CBA00026DC0029ECDD01390E29E9D801A353F870
:10CBB00021F000BF09CC000011CC000015CC000012
:10CBC0005DCC000019CC00001DCC000081CB000022
:10CBD00081CB000081CB000081CB000081CB000025
:10CBE00021CC000025CC00002DCC000031CC000071
:10CBF000A1F2FA33042BC3D8A1F2FB31032913D8D5
:10CC0000DFE801F0181A1C1E012313600020704792
:10CC10000223FAE70323F8E70523F6E70623F4E700
:10CC20000C23F2E70D23F0E70E23EEE70F23ECE7EA
:10CC30001023EAE71123E8E71223E6E71323E4E7EA
:10CC40001423E2E740F20A43994226D010DC14296B
:10CC5000F6D005DC022924D0042991D10423D4E79D
:10CC600015291ED040F20943994289D12123CCE7EE
:10CC700040F22743994216D0B1F5856F09DAB1F534
:10CC8000826F0CD040F2254399427FF479AF3D2367
:10CC9000BBE77FF475AF3C23B7E72223B5E7282332
:10CCA000B3E71160B2E73F23AFE740F20743994291
:10CCB0007FF466AF1F23A8E7B1F5816F06D040F27D
:10CCC000264399427FF45CAF3E239EE720239CE7F6
:10CCD00040F21F4399427FF453AF372395E700BFDB
:10CCE0004FF0FF32074B00201A609A621A659A676C
:10CCF000C3F8A020C3F8C820C3F8F020C3F8182157
:10CD0000704700BFCCD400202DE9F0431C4600231F
:10CD100087B0012905460F461646CDE90433DDF8F4
:10CD20003880D0F800900BD1192A09D1FEF732F8DB
:10CD30005F222F4B1A504FF0FF3007B0BDE8F08351
:10CD40003146384603AAFFF70FFF013004D1FEF742
:10CD500021F86D22264BEDE7012F14D1A6F1140323
:10CD6000012B18D81CB34FF0080823680493A3685C
:10CD700004AC0593234639464846039ACDF8008013
:10CD800003F03EFED9E7B7F58D7FF3D10C2E08BF37
:10CD90004FF00408EEE740F227439E4209D12CB140
:10CDA00023684FF00408134C6B62E3E76C620024C5
:10CDB000E0E7B6F5856FDDD1B4B1B8F1080F01D168
:10CDC000236823B9FDF7E6FF1622094BB2E71C35AD
:10CDD00094E8030085E80300074BB4F904209A8027
:10CDE000A2791C469A71C5E7EC612C62DFE700BFAF
:10CDF0000C00000070C6002068C600202DE9F0433A
:10CE00001E4600238BB00F461546CDE90433082398
:10CE1000D0F800900DEB0302294638460393DDF865
:10CE20004880FFF7A1FE431C044608D1FDF7B2FF7E
:10CE30006D221F4B1A5020460BB0BDE8F083012F26
:10CE400003D1A5F11403012B19D9424633460092B0
:10CE500039464846029A03F0BDFE04460028EAD14E
:10CE6000012FE8D1042D0DD130680028E3D0FFF761
:10CE700089FDFDF78FFF0E4B1B583360DBE703AADC
:10CE800004ABE4E7143D012DD5D8D8F80050049B3D
:10CE9000102D28BF1025CDE90630059B2A463046C7
:10CEA00006A908930CF074FBC8F80050C3E700BF54
:10CEB0000C000000034610B51C680B880846012BC7
:10CEC00086B00DD14A88ADF80030ADF802200822B6
:10CED0004B680193694620460BF09AF806B010BDE6
:10CEE000022B04D1694609F03CFE1622F2E7FDF759
:10CEF00051FF6A22024B1A504FF0FF30EEE700BF9D
:10CF00000C0000000B490346087880B90A490978EB
:10CF100039B1A2F5807102290AD9A2F58872012AD5
:10CF200006D9013B022B8CBF002001207047002056
:10CF3000704700BFFFEB0020FEEB00202DE9F0471B
:10CF40000546D0F80090806888B00E46174698468F
:10CF5000109C08B109F0E0FEA4B9CDE900444346B5
:10CF60003A46314648460BF064F90446A86828B1B1
:10CF70004FF0FF324FF0FF3309F0BEFE204608B0FD
:10CF8000BDE8F0872388012B0BD1ADF8083063682A
:10CF900062880393082301936B44ADF80A20009341
:10CFA000DDE7022B09D10DF1080A5146204609F0B0
:10CFB000D8FD1623CDE900A3D1E7FDF7EBFE6A22E9
:10CFC000024B4FF0FF341A50D0E700BF0C000000B6
:10CFD0002DE9F347804691460C46F9B100231A46E5
:10CFE000C868834225D1802A6ED800254FF0FF32D1
:10CFF0004FF0FF33374809F07FFE2F46364EE36887
:10D00000AB421DD800263546DFF8CCA0B74201DD83
:10D01000002D26DA2F4809F07FFE06E0FDF7BAFE64
:10D0200016224FF0FF352D4B1A50284602B0BDE8AE
:10D03000F087A16801EBC301496801330A44D0E7D6
:10D04000A368F01903EBC50253F8351052680CF0D1
:10D050009FFAA3684FEAC50A53445B6801351F4431
:10D06000CDE76368BA1B019323680AEB06010093BE
:10D0700040464B46FFF762FF051EC8BF7619C5E75D
:10D08000A3684FEAC60A03EBC6035B6833B1002707
:10D09000A36803EB0A025268974204D30136E3689F
:10D0A000B342EDD8C1E753F80A10636839440193DD
:10D0B000236840460093D21B4B46FFF73FFF011EFB
:10D0C00005DB0F440D44E3E700263546E7E70D4650
:10D0D000ABE700BFA8C700207EEB00200C000000DB
:10D0E00010B54FF0FF3204464FF0FF33084809F007
:10D0F00003FE00234FF0FF32C4E901232260E36105
:10D10000236263620248BDE8104009F005BE00BF1B
:10D1100058C70020F8B54FF0FF324FF0FF330546F7
:10D120000C480E4609F0E8FD002328200A4A00FBBF
:10D1300003F157588C18013706D1555066600548E1
:10D1400009F0EAFD2046F8BD0133082BEFD1002499
:10D15000F5E700BF58C70020CCD400202DE9F043EC
:10D1600089B007460C461546FEF7ECF80646002E39
:10D1700038684BDB64B375B32B68082B26D1019359
:10D1800001AA0DF1080841460AF0B4FFB0F1000908
:10D1900039DB3146FFF7BEFF074640B364B15DB1EE
:10D1A000B8F80030012B19D108222A60BDF80A20F6
:10D1B0002380039B62806360002339463046164A11
:10D1C000FEF700F9304609B0BDE8F0831623D6E734
:10D1D0002246A046D7E72A46A846D4E7022B18D114
:10D1E000182320462B6002A909F0A2FCE4E70C23D7
:10D1F000FDF7D0FD094A1350484603F0CDFB17B1A7
:10D200003846FFF76DFF304609F076F84FF0FF36ED
:10D21000D8E78623ECE700BF6CA301000C000000F8
:10D2200010B50446094B0A4A186003680948DA61D8
:10D23000FEF7DCFA236843B10C33D3E8EF1F41F06B
:10D240000801C3E8E21F002AF7D110BDC8D40020AE
:10D250007DD3000064A301002DE9F041A1F58173A5
:10D260000446066886B0032B5ED8DFE803F002466A
:10D27000805A4FF00108D2E9015113683D4AB3F9D1
:10D2800004300492ADF814308DF816802B68994262
:10D2900005D1FDF77FFD0C22374B1A5017E004F142
:10D2A0000C0738460CF04AF93B46002241462868F4
:10D2B0000CF016F90023E361236208233C2200935B
:10D2C0004146304604AB03F09BFB044610B14FF0DF
:10D2D000FF340EE02B6814332B60CDE90200384692
:10D2E00002AA03A90CF02FF9039B002B18BF6FF0C3
:10D2F0007704204606B0BDE8F081D2E900521368F9
:10D30000143313600023CDE9033303AA04A904F105
:10D310000C000CF018F9049B0BB1039BEB8000246C
:10D32000E7E71368A360FAE7032913D0042919D1AA
:10D33000126832F4804304D0FDF72CFD16210E4B09
:10D34000195004213046C2F3803206B0BDE8F041E6
:10D350000BF0D1B9002230460BF0CDF9840304F470
:10D360008044C6E7FDF716FD1622034B95E76FF0E4
:10D370005E04BEE7FD6C01000C0000002DE9F041E9
:10D380000D1E0746904612DA05F068FC1E4E01237A
:10D3900033704246384625F04041FEF789F90023B4
:10D3A0003370044605F06EFC2046BDE8F08115F0B0
:10D3B000804603D005F052FC144EE8E7FDF7C2FFAB
:10D3C000041E09DB29464246384603F085FA051E4D
:10D3D00005DA204608F090FF4FF0FF34E4E72146DD
:10D3E000FFF798FE014640B9FDF7D4FC0C22084B2C
:10D3F0001A50284603F0D0FAEBE733462046054A98
:10D40000FDF7E0FFD0E700BFFFEB0020FEEB0020C0
:10D410000C0000006CA301007FB50BAB05930393D8
:10D42000054B0122029300231846CDE90033FCF797
:10D430008FF807B05DF804FBFEB201007FB54368CA
:10D4400001220493036806490393064B02930023C9
:10D450001846CDE90033FFF7DFFF07B05DF804FBA6
:10D46000F49E0100FEB201001FB5094802F074FCF1
:10D4700050B1084B03900293002301221846CDE9D6
:10D480000033054909F0BEFC002005B05DF804FB3F
:10D490009DD4000027B301003C9E01002DE9FF410F
:10D4A000054600261E4CDFF89080444518D3A6B1EF
:10D4B0002846FBF725F80022411D0023194804F0F7
:10D4C0004DFE0446F0B9184B0222CDE9010317497D
:10D4D00003460395009009F095FC04B0BDE8F08187
:10D4E000277AFA070AD4216819B128460CF0DAF82D
:10D4F00020B1BB0704D52846636898470C34D4E7AD
:10D500000126FBE729460430FAF7F2FF21460848D6
:10D510000BF0F1FC074804B0BDE8F04105F062B93A
:10D52000FCC6002044C7002054B301003C9E01000B
:10D5300048C8002080C6002020C70020F8B5114F41
:10D5400000220023104804F0B9FF0546B0B9F8BD29
:10D55000237ADA070AD49B0708D4216819B1304628
:10D560000CF0A0F810B13046636898470C34BC4208
:10D57000EED3294605480BF0C8FBE1E7044C2E1D0D
:10D58000F5E700BF20C7002048C8002044C700209E
:10D59000FCC60020024883681B6A03B11847704725
:10D5A000449B01001FB5074B039002930023012108
:10D5B0001A461846CDE9003309F033FC05B05DF892
:10D5C00004FB00BF2CB701001FB50F4B4FF4805177
:10D5D00018460E4A02F030FC00280ADA0C4B039081
:10D5E0000293002301221846CDE90033094909F0CE
:10D5F00018FC0548FFF7D6FF0022074B1A7005B04C
:10D600005DF804EBFFF7C6BF01EC00202CB701006A
:10D610008BB30100349E010001FC0020F0B50446EC
:10D6200087B08368DB6B03B19847A368DB6A0BBBE9
:10D63000454E464D33780BBBA3681B692BB10122C5
:10D6400020460DF117019847C0B19DF81730082BFF
:10D6500001D07F2B14D12B68002BEBD03C4A013B2F
:10D660002B60D35C222BE5D13A4A137883F0010377
:10D670001370DFE7204698470028D9D107B0F0BDE6
:10D6800034490A78B2B90A2B25D00D2B0ED08BB9AC
:10D69000314A1278002A39D0304A1846CDE9013291
:10D6A0002F490222009309F0BCFBC3E72A48007807
:10D6B00001282BD02F68781CB0F5805F1BD3039313
:10D6C000284B01220293002325491846CDE9003357
:10D6D00009F0A7FBAEE720480078022816D00328FF
:10D6E000E8D11A480768002FE4D01948384410F8E8
:10D6F000010C0D28DDE7DFF858C0222B0CF80730AD
:10D70000286097D182F001020A7093E70022104B43
:10D710000A7019460D4807680260DA5513F8012BA4
:10D72000202A02D8002AF9D184E70B78002B81D077
:10D730000D4883685B6A03B1984701230B490C4885
:10D7400033700BF021FC75E701FC00200CD60020A3
:10D7500001EC002000EC002002FC0020B1B301002D
:10D76000349E0100DDB30100449B010010D600206F
:10D7700040CB00202DE9F0430124454B87B01C70BD
:10D7800044480BF054FA0346D0B9434A4349CDE923
:10D7900001020090224609F044FB6FF0120303934C
:10D7A0003F4B0122029300233C491846CDE9003348
:10D7B00009F037FB6FF00D09484607B0BDE8F0836C
:10D7C0000BF059FD4FF47A72A0FB020302FB013308
:10D7D000304EC00BB768DFF8E48040EA4345BB68D1
:10D7E0001BB330469847814600283AD00BF043FDE2
:10D7F0004FF47A74A0FB040204FB0122C40B44EA38
:10D800004244641BB4F5FA7F4FF00003CDF80C904E
:10D810000ED9244A1846CDE90132009301221F494E
:10D8200009F0FFFA6FF00403B9E76FF05709DDE77D
:10D8300003221846CDE901381849009309F0F1FA9E
:10D84000B4682369002BFCD0012230460DF117018A
:10D8500098470028F5D100214FF4A4700BF060FC2C
:10D86000BDE73B6C1BB102460F490A4898470F4978
:10D870000F480BF06DFB00234FF4806200930D49BD
:10D880000A230D4804F0B4FFFFF784FE94E700BFBD
:10D8900002FC0020449B0100FDB30100349E010006
:10D8A0007EB4010013B401001DD60000C9D50000EC
:10D8B00010D60020B815012040CB002049B401004B
:10D8C00050B103685BB143684BB10069054BC01AA6
:10D8D00018BF4FF0FF3070476FF0150070474FF0E2
:10D8E000FF307047EEFFC00000232DE9F04F0C46DB
:10D8F000017B89B005464268079339B1C4E900232A
:10D9000008222281426807922B737AE0D0F80880BF
:10D91000B8F1000F05D1104609F094FA08B10232AF
:10D920006A606F683E78002E79D00D2E01D00A2EE5
:10D9300009D17B78002B72D00D2E04D10A2B02D195
:10D94000BB78002B6BD03A46137892460D2B02F130
:10D950000102F9D00A2BF7D04FF00009DFF8CCB064
:10D960005BF8041B08460191FAF7CAFD01990246CB
:10D9700050460BF072FE002851D009F10109B9F1AF
:10D98000040FEDD10D2E01D00A2E02D17B78002B91
:10D9900048D1384609F056FA002843D102AE39463C
:10D9A000304607AAB8F1000F17D109F0E5FA96E85A
:10D9B000070084E80700237A93B93046696807AA0C
:10D9C00000F0CAF896E8070084E80700237A3BB91C
:10D9D0006FF04C0009B0BDE8F08F09F060FBE6E79E
:10D9E000053B032B0DD8079803788BB10D2B0FD077
:10D9F0000A2B0DD009F026FA637A012B0AD10028F0
:10DA000082D1AB6800200133AB60079B6B60E1E71C
:10DA10000120F1E7002BF4D10028F2D1D8E76FF014
:10DA20000400D7E76FF00A00D4E700BFB0A30100FD
:10DA30002DE9FF411F460023054688461646CDE9DD
:10DA400001330393002A72D0FFF73AFF0446C8B9A6
:10DA50000022AB68013B99429CBF2B68C5E90130AD
:10DA6000134601A9284601938DF80C20FFF73CFFCF
:10DA7000A968044601398845019B9DF80C2005D909
:10DA80000028EED0204604B0BDE8F0810028F9D18E
:10DA9000052A06D0082A0CBF6FF03C046FF05E0424
:10DAA000F0E7FDF777F9DFF88C80052F054640F8A1
:10DAB000084011D11A782D2A02D16FF02104E1E734
:10DAC00018460A22214605F0AFFE55F80830222BF1
:10DAD000F3D030607160D5E70A222146184605F080
:10DAE000ADFD013F0546032F03D8DFE807F00D1019
:10DAF000141810F5004341F10001B3F5803F71F1B6
:10DB00000001DAD23580BDE7B0F5803FF7E710F1CC
:10DB1000004341F100010029CFD13560B2E7FDF7A4
:10DB200039F958F80030222BC7D03560D2E76FF0B2
:10DB30001504A7E70C00000048B141B10023054AD5
:10DB4000C0E900118360C3600261184670476FF03E
:10DB500015007047EEFFC0000B7870B5392B08D860
:10DB60002F2B0AD8202B17D00023C0E90033836065
:10DB700070BD5A2B0CD8402BF6D90B465C785D1C37
:10DB8000392C31D81F2C14D80D2C36D02B461BE045
:10DB9000613B192BF1D9E7E74B785A2B06D8402B7C
:10DBA00002D8303B092BDFD80131E6E7613B192B66
:10DBB000F9E70126A4F12003DBB29E40124B33406B
:10DBC000CBB92C2C2B461CD013F8014C02B113609E
:10DBD0000923A4F12C0203725342A5EB0105534122
:10DBE000016045604372C3E75F2C04D094BF413CA1
:10DBF000613C192CCAD82B46C0E76C780A2CC5D1D9
:10DC000002330133E0E700BF0168FF031FB504469C
:10DC100060B1264B03900293002301221846CDE900
:10DC20000033234909F0FFFA04B010BD00F084F876
:10DC3000204B1978204B187809F0EDFA50B11F4BA2
:10DC40000390CDE901430122234620461849009460
:10DC500009F0E9FA1A491B4809F0D7FA50B11A4BF2
:10DC600003900293002301221846CDE900331049A6
:10DC700009F0D9FA012009F0CAFA50B1134B039008
:10DC80000293002301221846CDE90033084909F028
:10DC9000CAFA002009F0BDFA01210D4802F068F827
:10DCA00004B0BDE8104000F05DBD00BFD4B4010079
:10DCB000849E010006FC0020E8C6002009B5010092
:10DCC0003FB5010048B5010051B5010072B5010032
:10DCD00092B50100014804F0A1BB00BF80C700203D
:10DCE00038B50F4C05462368C3B14FF0FF334FF0F2
:10DCF000FF320C4804F020FB23680BB11C681BB9F1
:10DD0000BDE83840FFF7E6BF28465B6898471CB17E
:10DD1000226823461446F2E72246FAE738BD00BFE0
:10DD200020D6002080C70020024B1868B0FA80F08F
:10DD30004009704720D6002000B595B04021164A12
:10DD400004A802F079F868B1144B03900293002301
:10DD500001221846CDE90033114909F074FA15B0D3
:10DD60005DF804FB0F4904A80BF09CFC18B10122DC
:10DD70000D4B1A70F3E70D4904A80BF093FC10B19A
:10DD80000222094BF5E70A4904A80BF08BFC002896
:10DD9000E5D00322044BECE7A5B50100ADB50100C9
:10DDA000849E0100DAB5010003FC0020E3B5010008
:10DDB000ECB501007FB50023CDE90433064B4FF4E9
:10DDC000A062039303AB009304490E23044804F0BC
:10DDD0000FFD07B05DF804FBF9B50100B81901208B
:10DDE00028CC00200048704728CC00202DE9F047BF
:10DDF000B8B080463822002100272AA80BF0EEFB9D
:10DE00000A234FF0FF34302239461EA8CDE90937E6
:10DE10000BF0E4FB414619A8CDE90E44FFF78CFE58
:10DE2000012108AA19A809F09DF80546C8B1984B28
:10DE3000039001223846CDE9017396493B4600978D
:10DE400009F011FA944B012202930023CDE9035803
:10DE50001846CDE900338F4909F005FA38B0BDE81E
:10DE6000F0870AA919A89DF8206009F05BF805461B
:10DE700010B18A4B0390DCE75A2E7FD00A9B032B0C
:10DE80007CD9022109AB16AA19A809F06EF801463F
:10DE900020B9102216A805F061FC04460A230321CC
:10DEA000099316AA09AB19A809F05FF801460028E2
:10DEB00064D1102216A805F051FC0746042108AAD7
:10DEC00019A809F04FF800285BD19DF820800521A2
:10DED0000BAA19A809F046F80CAA0546062119A8AC
:10DEE00009F040F80B9A45EA000313430DD10C9A50
:10DEF000184603926A4ACDE90548CDE901326549E1
:10DF000002220497009309F0AEF906F0FB09B9F17B
:10DF1000010F39D100234FF0090A0721CDE9103351
:10DF2000CDE913338DF848308DF8543010AA0DAB7D
:10DF300019A8CDF834A009F018F8082105460DAB52
:10DF400013AA19A8CDF834A009F00FF8054311D190
:10DF50002A460EAB13A910A800F0A2FA50B1514BFB
:10DF60000390CDE901534A462B462846494900957E
:10DF700009F079F97B1C61D104260AE04FF0FF37E4
:10DF80009CE74FF00008A2E7372E47D8B31F2B2B92
:10DF900048D9FFF7C9FE00287FF460AF424B1A78DA
:10DFA000B24207D08DF8A8002AA81E708DF8B06084
:10DFB000FFF796FE3D4B9A68BA4202D1DB68A34256
:10DFC0001BD00423CDE92074384D1EAC8DF8A83049
:10DFD0000FCC0FC50FCC0FC594E80F001EAF85E81E
:10DFE0000F000FCF2CAD0FC50FCF0FC594E80F005A
:10DFF00085E80F002AA8FFF773FE2D4A13784345E2
:10E000002AD0B8F10E0F05D844F2812323FA08F381
:10E01000D90717D4274BCDF80C8005E0A6F15A0399
:10E02000012BB6D9244B03960293002301221846F4
:10E03000CDE90033174909F016F90FE71F4804F03E
:10E040006FFAA6E705232AA882F800808DF8A83089
:10E050008DF8B080FFF744FE06F0FB03012B0AD0D9
:10E06000002E7FF4FBAE4FF0FF33CDE90E330EA848
:10E0700000F072F9F2E60E9B0133F8D1FFF7B2FE21
:10E08000044600F06BFB014620460AF07DFFE5E602
:10E0900007B60100849E010003B7010034B60100F9
:10E0A00083B60100D6B6010004FC002010CD00208C
:10E0B00005FC002057B701002FB7010018C8002049
:10E0C0001FB50A4801F054FE60B1094B039002935A
:10E0D000002301221846CDE90033064909F0C3F8B0
:10E0E0006FF00D0005B05DF804FB00BF6CB70100D8
:10E0F00077B70100849E010004287FB5044619D932
:10E10000A0F11406F6B21A2E06D80125284BB54008
:10E110001D403BD1012E1DD0264B0122029300232E
:10E1200025491846CDE90033039409F0B4F86FF09F
:10E1300015001FE00428EFD801A353F820F000BF1A
:10E140008DE1000079E1000079E1000019E10000B3
:10E150008DE1000009F096F8C0B1184B0390CDE9AD
:10E1600001532B46009501221846134909F093F8F4
:10E170006FF00D0004B070BD09F084F830B10F4BA2
:10E18000039002930023CDE90033ECE721460C48CD
:10E1900001F0EEFD0028EDD00A4B0122029300238E
:10E1A00005491846CDE9003309F075F8E0E700BFEE
:10E1B000010C3007DEB70100849E0100B4B70100F6
:10E1C000FAB7010005B8010010B5044698B038222E
:10E1D00000210AA80BF002FA214605A8FFF7ACFCC3
:10E1E000012104AA05A808F0BDFE0446B8B1194BE8
:10E1F00003900293002301221846CDE9003316490B
:10E2000009F059F8154B01220293002312491846D0
:10E21000CDE90033039409F04EF818B010BD049B0B
:10E2200073B1012B0CD003930D4B0122CDE90103F7
:10E2300009490346009009F03EF86FF01504E1E744
:10E240008DF8303003230AA88DF82830FFF748FDF9
:10E25000E3E700BF3EB80100849E010083B80100DF
:10E2600067B801001FB50A4801F082FD60B1094B93
:10E2700003900293002302221846CDE90033064999
:10E2800009F019F86FF00D0005B05DF804FB00BF50
:10E2900078C00100AAB80100849E010030B5431E79
:10E2A000072B05460C4685B00ED9204B03900293F0
:10E2B000002301221846CDE900331D4909F00AF870
:10E2C0006FF0150005B030BD042902D9194B039138
:10E2D000EDE708281CD151B1174B0122029300230E
:10E2E00013491846CDE9003308F0F4FFE8E7134876
:10E2F00001F03EFDA8B1124B0122029300230C490C
:10E300001846CDE9003308F0E5FF6FF00D00D9E7BE
:10E310000C4B5A5C0C4B53F820100C4801F028FDB4
:10E32000E8E70B4B1D700B4B1C70CBE7E7B8010007
:10E33000849E010009B901002EB9010074B90100E1
:10E34000A4B9010083C00100C0A301008EB901007F
:10E35000E8C6002006FC002010B504468EB0382226
:10E36000002168460BF03AF90C4B21681A6891427B
:10E3700003D162685B689A420DD00123206861680E
:10E380008DF80030054B03C32068616802AB03C3FE
:10E390006846FFF7A5FC0EB010BD00BF28D60020D0
:10E3A00038B50C460546E0B1FAF7AAF8082805D0BA
:10E3B0006FF0150014E00F4B1D700CE034B12046D7
:10E3C000FAF79EF80828F3D1002DF4D02946094821
:10E3D000FAF78EF84CB121460748FAF789F8002081
:10E3E00038BD0029EBD1034B1C700022024B1A7080
:10E3F000F5E700BFE9C60020F2C600201FB568B3EC
:10E400001748FAF77DF804461648FAF779F8082C09
:10E410001BD1082814D1134A1149134801F0A8FC54
:10E4200060B1124B03900293002301221846CDE9FC
:10E4300000330F4908F05EFF6FF00D0004B010BD0F
:10E4400007490C4801F094FCEAE7082802D1054985
:10E450000948F7E7094801F08BFCE1E70848FAE7CB
:10E46000E9C60020F2C60020E2B9010029BA010085
:10E47000849E0100F9B901000BBA01001EBA010027
:10E4800088C00100002208B511460346034801F088
:10E490006FFC002818BF6FF00D0008BD58BA0100CE
:10E4A0002DE9F0431E46002387B080460D461446F2
:10E4B0000593FAF725F808283CD12846FAF720F802
:10E4C000082837D124B12046FAF71AF8082831D1A4
:10E4D0002A88AB7805AFADF8142000210222384617
:10E4E000BB7005F03BF92B4B022253F82090002122
:10E4F000E81C05F033F9B9F1000F20D14FF0FF33DC
:10E5000033600CB32288A378ADF8142000210222D6
:10E510003846BB7005F022F91F4B53F820506DBBF5
:10E520001E4B0122CDE9015328462B461C4900957C
:10E5300008F0E0FE6FF0150007B0BDE8F08300FBC7
:10E5400009F030600130DCD0B8F8002098F80230D3
:10E55000ADF81420002102223846BB7005F0FEF809
:10E56000104B022253F82040002108F1030005F06F
:10E57000F5F85CB1444300207460DDE7022200211D
:10E58000E01C05F0EBF845433560DDE74FF0FF3464
:10E59000F1E700BF20A4010000A401006DBA010052
:10E5A000849E0100E0A301002DE9F047002496B00D
:10E5B0000E460746CDE90844CDE90B44CDE90E44AB
:10E5C0008DF828408DF834408DF84040059400289F
:10E5D00000F08C80002900F08980464BA02118466D
:10E5E000454A1C7001F028FC054678B1434B039066
:10E5F000CDE901432046234601224149009408F019
:10E6000079FE6FF00D0016B0BDE8F087394911A80A
:10E61000FFF792FA012105AA11A808F0A3FC04460D
:10E6200048B1384B0122CDE901532B4603900095A8
:10E63000184633490DE0059B23F00408B8F1010F9B
:10E640000CD00393304B0222CDE9010303462C4941
:10E65000009008F04FFE6FF04C00D4E74FF0090A2D
:10E660000E2104AB08AA11A8CDF810A008F07DFC7B
:10E67000814638B1234B0390CDE9014323460094F2
:10E680004246D5E70F2104AB0BAA11A8CDF810A084
:10E6900008F06BFC054638B11A4B0390CDE90193A5
:10E6A000CDF800904B46EBE7102104AB0EAA11A861
:10E6B000CDF810A008F059FC044630B1114B03907E
:10E6C000CDE9015300952B46DAE706AB0EAA0BA95C
:10E6D00008A8FFF7E5FE20B16FF0150303930B4B7D
:10E6E000CAE7069B3B60079B33608CE76FF0150021
:10E6F00089E700BF07FC00208DBA01009ABA01002B
:10E70000849E0100B7BA0100DCBA0100D6B6010050
:10E7100010B50F4B86B004AC93E8030084E8030007
:10E72000204605A9FFF740FF68B14D3009D0094BDD
:10E7300001220293002308491846CDE9003308F06E
:10E74000D9FD06B010BD2046FFF706FEF9E700BF71
:10E75000409F010018BB0100849E010000487047E3
:10E7600090C60020042310B58EB0ADF82E301023D3
:10E770001B4C0120214605AAADF8363002F020FCE2
:10E7800010BB2146022006AA02F01AFC0346F8B18B
:10E790000123022006A90EAA02EBC30333F80A2CB8
:10E7A00009F048FB70B1FCF7F5FA0E4B01221B583B
:10E7B0000D4903930D4B029300231846CDE9003316
:10E7C00008F0A7FD0EB010BD0023012005A9E2E767
:10E7D000074A0549CDE90102039401220090EFE7C1
:10E7E00036BB01000C000000849E01003EBB01000E
:10E7F00069BB01001FB50378014673B1084801F0F9
:10E80000B7FA50B1074B0390029300230122184638
:10E81000CDE90033044908F08CFD05B05DF804FB38
:10E820002CB701008EBB01008C9E01001FB568B1A2
:10E83000124B03900293002301221846CDE90033C6
:10E840000F4908F076FD05B05DF804FB0D48FFF7B1
:10E85000D1FF0D48FFF7CEFF0A48FFF7CBFF09486D
:10E86000FFF7C8FF0748FFF7C5FF0648FFF7C2FFDD
:10E87000044805B05DF804EBFFF7BCBFCCB2010063
:10E880008C9E0100ACB40100B4BB01001FB50A4965
:10E890000A4808F07DFD044650B1094B03900293ED
:10E8A000002301221846CDE90033064908F060FD37
:10E8B000204604B010BD00BFFDEB000030D60020A4
:10E8C000B6BD0100FC9E01002DE9F041DFF8288370
:10E8D0000E46D8F8704086B0072C00F0080700F00C
:10E8E0008780132C00F00581052C40F0388100242E
:10E8F000A74BD8F854500122029320462346CDE975
:10E900000044A44908F034FDEB0462D5A24B204634
:10E91000CDE901430094234601229E4908F028FDD9
:10E92000172428050AD59D4B0122029300239949FB
:10E930001846CDE9003308F01BFD1824A9051AD5A7
:10E940000024974B0122029320462346CDE9004440
:10E95000904908F00DFD934B2A049B6B0AD5039355
:10E96000914B0122CDE90143204623468949009479
:10E9700008F0FEFC19246B050AD58C4B012202938A
:10E98000002384491846CDE9003308F0F1FC1A242D
:10E9900015F480731FD0864B0122029300237D491A
:10E9A0001846CDE9003308F0E3FC1B24F369002F7F
:10E9B00040F0EB80C3F3080222B96FEA53236FEAF9
:10E9C0004323F3613146204606B0BDE8F041FBF732
:10E9D00039BC1624A5E7A804E8D5764A1846CDE93F
:10E9E00001326C490122009308F0C2FC1C24DDE7CF
:10E9F0000025714BD8F85C406649029301222B46F2
:10EA00002846CDE9005508F0B3FC61060CD5D8F8CE
:10EA1000683001220393694B2846CDE901535D49D3
:10EA20002B46009508F0A4FC14F001020BD0644BB7
:10EA300001220293002357491846CDE9003308F01C
:10EA400097FC2624B2E714F002030BD05D4B009232
:10EA5000CDE9012313464F490122184608F088FCEE
:10EA60002724A3E714F004020AD0574A1846CDE938
:10EA7000013248490122009308F07AFC282495E7E6
:10EA800014F008030BD0514B0092CDE9012313463B
:10EA900040490122184608F06BFC292486E714F04F
:10EAA00010020AD04A4A1846CDE9013239490122FA
:10EAB000009308F05DFC2A2478E714F020030BD0C3
:10EAC000444B0092CDE901231346324901221846F6
:10EAD00008F04EFC2B2469E7220654D53E4A18461E
:10EAE000CDE901322B490122009308F041FC2C248E
:10EAF0005CE70025394BD8F86C8001220293284648
:10EB00002B46CDE90055234908F032FC18F0020FDE
:10EB100009D0334B0122CDE9015328462B461D492C
:10EB2000009508F025FC18F0010F09D02D4B0122AB
:10EB30000293002317491846CDE9003308F018FC6A
:10EB400018F0040F3FF432AF274B01220293002349
:10EB500010491846CDE9003308F00AFC26E7234A9D
:10EB6000234B0C490F2CD8BF1346103CCDE903347E
:10EB70000024204B0122029320462346CDE9004485
:10EB800008F0F6FB12E7252410E76FF3080318E7F7
:10EB900011AF0100FC9E010027AF010038AF01005A
:10EBA0004BAF010000ED00E064AF010079AF010060
:10EBB00094AF0100ACAF0100F0BD010009BE01003F
:10EBC00019BE01002FBE01004DBE010068BE01004C
:10EBD00085BE01009ABE0100B4BE0100C7BE01009F
:10EBE000E1BE010011BF01003FBF010071B0010093
:10EBF00086B0010067B1010030D6002000B5104B8F
:10EC00009BB05A6AD86C00929A6A20F00500019273
:10EC1000DA6A694602921A6B03925A6B04929A6BF3
:10EC20000592DA6B06921A6C1B6D07929B0748BF20
:10EC300040F00400FFF748FE1BB05DF804FB00BF86
:10EC400030D600202DE9F041A2B005460E46174609
:10EC500098460AF0ADF90446A0B10124684607F0D1
:10EC6000A0FA424639463046289BA84705466846E2
:10EC700007F0AFFA14B90B4803F0D0FB284622B0D6
:10EC8000BDE8F081084B1B78002BE6D04FF0FF3237
:10EC90004FF0FF33034803F04FFB0028DED06FF046
:10ECA0008305EBE7BCC70020B5FC0020002300B5BE
:10ECB00089B0CDE9063303AB049304230390059395
:10ECC000A9B10B6806934B6807930223111E18BF66
:10ECD00001210848CDE9002140F2F53104AA00F0F5
:10ECE0002FF80028B8BF012009B05DF804FB01230C
:10ECF000ECE700BF0501004070B5402696B006ABBA
:10ED000005460C463246002118460AF067FC4FF4CF
:10ED10008072CDE90206CDE90454ADF8402054B12B
:10ED2000012304AA009200210448019302AA00F0E2
:10ED300007F816B070BD2046FBE700BF0001004099
:10ED400010B4B1F5004F029C0FD2042B0DD8042C47
:10ED50000BD8240444EA0364134644EA0102014642
:10ED60005DF8044B0348FFF76DBF6FF080005DF85E
:10ED7000044B7047217C0000054AD2F8883043F4E8
:10ED80007003C2F88830BFF34F8FBFF36F8F7047A7
:10ED900000ED00E0014B1860704700BFA4D60020D2
:10EDA00010B5054B1446186808F022FB0028A4BFD4
:10EDB0002070002010BD00BFA4D600200123024A0D
:10EDC0008340C2F80435704700700140014B0020B9
:10EDD0001B681847A8D60020014B1B68184700BFC6
:10EDE000A8D6002010B50C4C237993B901232371C8
:10EDF0000A4B0028206018BF184600F041F850B9AF
:10EE000023680748002B08BF1846BDE8104000F0F3
:10EE100093B86FF0770010BDA8D60020CDED0000AC
:10EE2000D9ED000008B5064B1B6843B10520FBF780
:10EE300051FE20B9BDE808400520FBF729BE08BDFA
:10EE4000A8D6002038B501230C4C42F21075C4F846
:10EE5000083363600023C4F80031D4F80031D4F8DB
:10EE60000C24D4F80C34D20306D5DB0704D50120DA
:10EE700008F0BCFA013DF2D138BD00BF005000409F
:10EE8000054B0246187918B91A6001221A717047A9
:10EE90006FF07700704700BFB0D6002000220B4B08
:10EEA0000B49C3F80021D3F8002101221A60096838
:10EEB00011B1C3F804237047D3F80021002AFBD016
:10EEC0000022C3F80021D3F8003170470050004001
:10EED000B0D60020094BD3F80423D2070DD5D3F8C0
:10EEE000002152B10022C3F80021D3F800210122F1
:10EEF000C3F80823024B1B681847704700500040B6
:10EF0000B0D6002038B502230A4C42F21075C4F87E
:10EF100008330123E3600023C4F80431D4F804313A
:10EF2000D4F81834DB0304D5012008F05FFA013D62
:10EF3000F6D138BD00500040064B0246187930B972
:10EF40001A6001221A71044BC3F8182570476FF03C
:10EF500077007047B8D600200050004010B51F4B16
:10EF60001F4CD3F81814D3F8182411F4803F1AD08A
:10EF700002F00302022A02D0012A11D10122174B0A
:10EF8000C3F818250022C3F80421D3F80421012274
:10EF90009A602268A2B9D3F80421002AFBD017E0B6
:10EFA000FFF7B0FFEAE7D3F81424D207E6D5D3F889
:10EFB0001C2402F00302013A012AF1D822681AB196
:10EFC0000222C3F8042310BDD3F80421002AFBD089
:10EFD0000022C3F80421D3F80431F4E700500040C4
:10EFE000B8D60020104BD3F8042392071BD5D3F8D2
:10EFF0000421C2B100220221C3F80421D3F8042164
:10F00000C3F80813D3F81824D3F8182402F0030225
:10F01000012A03D0054B01201B681847C3F81815B7
:10F02000C3F804139A60704700500040B8D600201F
:10F03000036803F01F025B090260024818BF00204A
:10F04000704700BF00258440F7B51646DDE9084744
:10F05000019001A81D46FFF7EBFFB6F1000C18BFA9
:10F060004FF0010C0A1E18BF0122002D42EA4C028B
:10F070000CBF4FF0000C4FF00C0C002C42EA0C02BD
:10F080000CBF4FF0000C4FF4E06C002F42EA0C0272
:10F090000CBF4FF0000C4FF4403C019B42EA0C02C5
:10F0A000803350F8230020EA020201B109780EB142
:10F0B0003678760011430DB12D78AD00314364B13F
:10F0C0002078000229430FB13F783F04044A0843E7
:10F0D000384342F8230003B0F0BD2046F2E700BFFA
:10F0E00000258440034611F0010006D0034A106A4F
:10F0F00018601062003818BF012070470025844056
:10F1000073B5CEB200EB4606B38A0446DB070D4664
:10F1100025D508F054FAB38A9A0608D55A0B236805
:10F1200003EB82030022C3F81025C3F81025204604
:10F130000024294608F0F5F9B48201A80195FFF7EB
:10F1400077FF019A074B803250F8221020460B407F
:10F15000054943F0020341F8223002B070BD6FF060
:10F160001500FAE7F0F8FCFF0025844070B590F830
:10F170006C40054690F86D6024BB21464022143057
:10F180000AF02CFA2146114B286853F836608E425B
:10F190000ED10024C0F87C41D0F87C3140F3073018
:10F1A000FBF776FC0123204685F86C30AB6570BD1B
:10F1B000CBB29B0003F580727C2B04BF8450835834
:10F1C0000131E4E76FF07700F1E700BF40A40100F0
:10F1D00090F86D00024B03EB800008F023B900BFEC
:10F1E000A4C6002010B5064B90F86D000C4603EB4A
:10F1F000800008F0FDF80028A4BF2070002010BD9A
:10F20000A4C600202DE9F04F804658F8049B90F8E2
:10F210006D40D9F80413594EC9B2074656F8342048
:10F22000484687B041F0004108F0A2F9051E26DAF1
:10F2300000234FEAC40B06EBC404049363680DF18A
:10F24000100A194650460BF1040B0193FFF74AFFD1
:10F250000BEB06030393039B1B78DA0701D5049C91
:10F260009CB94FF000410022484608F081F9504611
:10F270000199FFF737FF0028EDD125F00045012463
:10F28000002D64D107B0BDE8F08F94FAA4F4B4FA6D
:10F2900084F407EB4403998A0123E6081AF8062050
:10F2A00004F0070003FA00F022EA00020AF8062040
:10F2B000C1F3820B05A8CDF808B00594FFF7B8FE9E
:10F2C000059ACB0602F1800250F82260C6F301468F
:10F2D00023D54046029A214608F006F905A8059470
:10F2E000FFF7A6FE059BF6B2803350F82330C3F338
:10F2F00001439E4207D10021204608F0E6F831463E
:10F30000204608F0E2F805A80594FFF791FE0122D7
:10F31000059B02FA03F30362A1E7022E14BF022148
:10F320000321204608F0D1F8BBF1030F04D0022ED0
:10F3300008D1BBF1010FE6D121464046029A08F000
:10F34000D3F8E0E7032EDED1BBF1020FF3E795FA25
:10F35000A5F3B3FA83F304FA03F225EA020503F5F1
:10F36000A27259F8222007EB43034046B3F85C1021
:10F37000C2F3014208F0B8F882E700BF40A40100E0
:10F38000F8B5084D0F462C79164644B92A20FBF7EC
:10F390007FFB012320462B712F60AE60F8BD6FF01C
:10F3A0007700FBE7C0D60020002330B50D4A50F8A7
:10F3B000234003F5A2710133082B42F82140F6D116
:10F3C0000023084A00F11C0103F5B27451F8045FF0
:10F3D0000133082B42F82450F6D1036CC2F80433F1
:10F3E00030BD00BF00A0024038B50024154D2A20D2
:10F3F000C5F81045C5F81445C5F81845C5F81C45AD
:10F40000C5F82045C5F82445C5F82845C5F82C455C
:10F41000C5F89045C5F89445C5F89845C5F89C458C
:10F42000C5F8A045C5F8A445C5F8A845C5F8AC453C
:10F43000FBF73CFB4FF0FF33C5F80833024B1C7160
:10F4400038BD00BF00A00240C0D600200123024A00
:10F450008340C2F80433704700A002400123024AEF
:10F460008340C2F80833704700A00240F8B5012677
:10F4700000270B4B0B4DD3F80C4304B9F8BD94FA9D
:10F48000A4F0B0FA80F006FA00F324EA0304064B75
:10F4900082009F502B68002BEFD0A9689847ECE7BB
:10F4A00000A00240C0D6002000A1024037B50125CF
:10F4B000074C4FF4FA70656107F0C0FA00236361EE
:10F4C0000193256123690193019B03B030BD00BF07
:10F4D0000056004030B50E4D89B0036A02AC009072
:10F4E0008DF804300FCD0FC495E8030084E80300C5
:10F4F000684608F004FA40B9044602AD55F8043BEA
:10F50000984710B90134062CF8D109B030BD00BFBE
:10F51000489F0100034BD3E8EF2FC3E8E10F002918
:10F52000F9D17047CCD6002038B50546002850D018
:10F53000436A002B50D0836A002B4DD00124294B05
:10F54000D3E8EF2F002A03D1C3E8E14F0029F7D118
:10F5500045D1686A00F04EF8FDF790FA224BC820BA
:10F560009C6607F06BFA2846FFF7B4FF044640B9E3
:10F5700001221D4B0220DA66FFF7CCFF0024204653
:10F5800038BDFFF793FF002C11DBAB6A204698478C
:10F59000164B9C421AD013DCA4F18864033C012C66
:10F5A00011D82846FFF796FF04460028E0D0012234
:10F5B0000D4BDA66FDF77AFA0020FFF7ABFFDEE7C6
:10F5C0000B4B9C42EDD06FF00404F0E76FF00A049F
:10F5D000EDE76FF00D04D2E76FF01504CFE74FF0C1
:10F5E000FF34CCE7CCD6002000500040050040049A
:10F5F00001005005014B1860704700BFD0D60020B5
:10F6000007B5044BCDE900011B686846984703B075
:10F610005DF804FBD0D60020014B1870704700BF86
:10F62000A7FC0020024B1878431E584258417047EF
:10F63000A7FC002070B503680446033BDBB20A2B2D
:10F6400003D8094A52F823502DB9A06858B1BDE833
:10F65000704000F01DB808F096F921682B46BDE80F
:10F660007040090C184770BD50A40100014B5B6944
:10F67000184700BFACC60020014B1B68184700BFED
:10F68000ACC60020014B5B68184700BFACC6002029
:10F69000014B1B69184700BFACC60020014B9B689B
:10F6A000184700BFACC60020014B1B6A184700BFBB
:10F6B000ACC60020014B5B6A184700BFACC60020F7
:10F6C000014B1868704700BFD4D60020002230B527
:10F6D0000B4B19680C6894420FD001EBC2039D6874
:10F6E000A8420BD14FF003020433D3E8CF1F002907
:10F6F00003D1C3E8C02F0028F7D130BD0132EAE7BB
:10F70000F4D600202DE9F041002406460F4620469D
:10F71000DFF854803368A34201D8BDE8F08106EBDE
:10F72000C4056B68DBB2012B16D16A68B8F80030EB
:10F73000B3EB124F10D1022FA8680FD1FFF77AFF59
:10F7400001206B6823F0FF0343F003036B60B8F8FC
:10F7500000300133A8F800300134DBE70168090C00
:10F7600008F0C1F8ECE700BF4ADB002010B5074CF9
:10F7700002216068FFF7C6FF0028F9D10121206847
:10F78000FFF7C0FF0028F3D110BD00BFFCD600205A
:10F7900070B5072860D8DFE800F00B5F475F435F74
:10F7A0003C0402F0DFFA0320BDE87040FDF72EB9FB
:10F7B00003202A4BD3F81446D3F81866284B1D783B
:10F7C0001870EDB2FFF728FF012D10D1254B264A06
:10F7D0009C4212D0230C1B04B3F1886F0DD0A4F50A
:10F7E0008033203B022B0FD96FF0040313603146A6
:10F7F000C4F30B00FFF704FF00E014601B4B186814
:10F8000007F020F90020CFE7194931F913301360D0
:10F81000F4E70024124B20461C70FFF7FDFEEDE7D5
:10F82000FFF7A4FF0220BFE70D4B1A78012AD0B2E0
:10F830000ED1104A1168104A8C68546049681160F2
:10F8400002221A70FFF7E8FE084B186807F0FAF872
:10F85000FFF78CFF0120A7E770BD00BF00A00240AA
:10F86000A9FC002001005005F8D60020E4D60020B5
:10F8700078A60100E0D60020FCD600200A23F7B5C8
:10F880004FF47A750C4E0D4F01933168386808F0CB
:10F8900055F8044640B907F0D3F840B9012001A952
:10F8A000FCF7A0FF6E30F0D1204603B0F0BD019808
:10F8B000684307F0C3F8E8E7E8D60020F0D6002058
:10F8C000054B1B782BB9054B1968054B186808F0D8
:10F8D00035B80020704700BFA8FC0020ECD60020FF
:10F8E000F4D6002070B5164B42681B6822F0FF0268
:10F8F00042F00202C31A42601248134A0168C3F37D
:10F900008913D2E8DF4F651CC2E8D65F002EF8D11C
:10F9100001EBC3014A6892B242EA04424A600268BB
:10F92000032002EBC302536823F0FF0343F00103FB
:10F93000536007F083F80122044BDA6070BD00BF0A
:10F94000ECD60020F4D600204CDB002000A00240C2
:10F950002DE9F04F95B038220021064603A809F0A2
:10F960003DFE0223049308230693202308930423D7
:10F970000D93102340250F9380230122CDE91153CD
:10F98000D523002159480B921393FDF705F805463E
:10F99000002840F0A880024655493079FFF7F0FC76
:10F9A00003A8FFF701FD34686268B2F59D6F40F06F
:10F9B00097806169E3680B44E16903F59D630B443B
:10F9C000B3F5003F00F28C802068294609F006FE5E
:10F9D00033681C68D3F81C9004F53A72019204F164
:10F9E0006007444A04F1A40804F1200BB9F1000FA8
:10F9F00060D1C2F800B000254FF0010A2570657093
:10FA000084F802A0E570336840461B696360336880
:10FA10005B69C4F814B0A360374BC4F81890C3F8FE
:10FA20000080364BE7601F600823C4F8108084F81C
:10FA3000A43088F8015088F8025088F8035084F800
:10FA400060307D70BD70FD7007F05BFF384607F0D9
:10FA500058FF2B4B04F53A7231681A60294B04F1B8
:10FA6000E802C8681A60284B284E1860086949697E
:10FA700058609960264B2749C3F81046C3F81456BE
:10FA8000254B264C1D80264B86F800A01D80254B5B
:10FA9000029525601D611B690293029B134B186838
:10FAA00006F0D2FF98B103236FF073043370FFF7B1
:10FAB0009BFC11E09B6904F140096364336848468C
:10FAC000DB69C2F800B0236402F024F993E72468EC
:10FAD000002CECD1144B1C70204615B0BDE8F08F03
:10FAE0006FF01504E3E76FF02D04F5E7E4D600208E
:10FAF00091F70000E0D60020F4D60020F0D60020D8
:10FB0000ECD60020E8D60020D4D60020A9FC0020A6
:10FB100000A00240F04902004CDB0020F8D6002093
:10FB20004ADB002000560040A8FC002070B5164BB0
:10FB300042681B6822F0FF0242F00102C31A4260D1
:10FB40001248134A0168C3F38913D2E8DF4F651CDA
:10FB5000C2E8D65F002EF8D101EBC3014A6892B229
:10FB600042EA04424A600268032002EBC30253687F
:10FB700023F0FF0343F00103536006F05FFF01220F
:10FB8000044B5A6070BD00BFE8D60020F0D60020BC
:10FB90004CDB002000A0024010B5FFF76FFE0124EF
:10FBA00000220321047081704270C270FFF7BEFF13
:10FBB000054B1C7007F0B8FEBDE81040034B47F240
:10FBC0003051186806F040BFA8FC0020E4D60020A1
:10FBD00038B50A4B04461B78022BDDB20DD1FFF776
:10FBE0004DFE50B100220121846001704270857089
:10FBF000C270BDE83840FFF799BF38BDA9FC0020AE
:10FC0000034A126812B1002800DB1047704700BF9A
:10FC100010D700202DE9F34180460E461048002100
:10FC200017461D46019304F0BDFB041E11DB013491
:10FC3000204607F0D3FEC8F8000068B12B463A46CC
:10FC40002146019504F0AEFB0020346002B0BDE80F
:10FC5000F0816FF01500F9E76FF00B00F6E700BFD9
:10FC6000789F010010B50E4B04461B68A3B1F8F74E
:10FC700047FC082810D9237A3F2B0DD009490822C8
:10FC8000204609F0D0FC014630B904F108000A22F0
:10FC9000BDE8104003F062BD4FF0FF3010BD00BF63
:10FCA00010D7002073BF0100F7B504460F460420AB
:10FCB000002116461D4607F068FE024638B914B109
:10FCC000204607F08DFE6FF00B0003B0F0BD002062
:10FCD0006FF0580314600D4C137350739073D0730E
:10FCE000207031460320576007F06DFE4FF0FF3360
:10FCF00001932378AB4201D10020E6E7022001A95D
:10FD0000FCF770FD0028F4D0DFE700BFAAFC00205C
:10FD1000F8B5054600240F4F57F8046B28463146C6
:10FD200009F0C0FC28B90134042CF5D14FF480301F
:10FD30000DE06CB1A31E012BF8D83046F8F7E0FBBC
:10FD40000A220021284403F005FC40EA0440F8BDE3
:10FD50002046FCE77CA40100014B1860002070479E
:10FD600014D70020014B1860704700BF10D7002047
:10FD70000FB42DE9FF410A9CFFF754FC00284AD03C
:10FD8000002C4BD0284E294F3168386806F07EFE93
:10FD9000002846D1264D3168286806F055FE002817
:10FDA00036D122460BAB03A902A80193FFF732FF1D
:10FDB000044658B1286806F045FE386806F064FE2F
:10FDC000204604B0BDE8F04104B07047029C2046D4
:10FDD000FFF748FF02230646012220460399FFF75A
:10FDE00063FF04460028E5D1DFF84880D8F800001A
:10FDF000FFF78EFF0446D8F8000007F0EBFD2868F7
:10FE000006F020FE002CD8D13046FFF7F9FED4E7EB
:10FE10006FF00A04D1E74FF0FF34D1E76FF00D0423
:10FE2000CEE76FF00A04CBE728D7002020D70020C8
:10FE300024D7002018D700200CB42DE9F04F8BB048
:10FE400006460D46149CFFF7EDFB002800F0BE802F
:10FE5000002E00F0BE80002C00F0BB80002D00F0D2
:10FE6000BB80DFF890815F4BD8F80010186806F06F
:10FE70000DFE002840F0B3805B4FD8F800103868C2
:10FE800006F0E2FD002840F09E80224615AB09A94D
:10FE900008A80793FFF7BEFE044618B1386806F0BD
:10FEA000D1FD3CE0DDE908830393504B1C68002C36
:10FEB0005AD0C246DDF80C90CDF804809AF8003094
:10FEC000202B36D0093B042B33D90C224FF0000BEA
:10FED000474BCDF808B01B6802FB03430493049B17
:10FEE0009C422ED1029B002B3ED0386806F0AAFD22
:10FEF000019A114611F8013B202B0191F8D0093BE2
:10FF0000042BF5D929463046029B9847044618B978
:10FF10003046FFF7FDFE0446404607F061FD314BD9
:10FF2000186806F0B1FD20460BB0BDE8F04F02B0F6
:10FF30007047B9F1000FC8D00AF1010A09F1FF3981
:10FF4000BCE7A3685B450DD94B451A46504628BF10
:10FF50004A462168059309F066FB18B96368029365
:10FF6000059B9B460C34BAE74046FFF77BFE022315
:10FF70008146012240460399FFF796FE0446002879
:10FF80008CD1DFF874803046D8E9004AAA45524641
:10FF9000214628BF2A4609F0FBFAAA4510D8204678
:10FFA000FFF7B6FE0446D8F8000007F013FD3868E6
:10FFB00006F048FD002CB2D14846FFF721FEAEE71F
:10FFC0006FF00604EFE76FF00A04A8E74FF0FF3484
:10FFD000A9E76FF00D04A6E76FF01504A3E76FF033
:10FFE0000A04A0E720D7002024D7002008D700204B
:10FFF00004D7002028D7002018D7002038B5C368C0
:020000040001F9
:100000000446A72B01D0206810E0032907D004295B
:1000100026D0022902D10122154B1A7038BD144B8B
:1000200000681A78022A05D10028F7D0BDE83840C8
:1000300007F0D0BC0F4D2A6862B12B6898470023A7
:1000400020682B6007F0C6FC0B4B1868BDE83840F1
:1000500006F0F8BC094A1060616851600222DCE7D2
:10006000074B1B68002BCED000689847CBE700BF3A
:10007000AAFC00200CD7002024D7002018D700208D
:1000800014D70020012210B511460B48FCF784FC60
:1000900070B90A48FCF7A0FC014648B94FF0FF329E
:1000A000074B1A60BDE8104001230522FFF7FCBD95
:1000B0006FF02D0010BD00BF24D7002020D70020F6
:1000C00028D7002010B400F11C03D3E8EF2F511EF5
:1000D000C3E8E41F002CF8D1012A0DDC084BD0E85E
:1000E000EF2FC0E8E13F0029F9D1682200215DF837
:1000F000044B043009F072BA5DF8044B704700BF3E
:100100001EF10100002108B50B4B4FF458720B484B
:10011000197009F063FA0A4B084A1360D366C2F8F3
:10012000D830C2F84431C2F8B031C2F81C32C2F83B
:100130008832C2F8F43208BDABFC00202CD7002076
:100140001EF10100164830B5002203464FF0FF347F
:10015000144DD0E8EF1FA94204D1C0E8EC4FBCF128
:10016000000FF6D10CBF0121002112D16C2101FB3F
:10017000023301220C49DA61097893F8202061F3F7
:10018000451283F820200222A3F84C2083F84E2049
:1001900030BD0132082A00F16C00DAD10846F7E7D9
:1001A0002CD700201EF10100ABFC002030B5024628
:1001B00000236C25054905FB03F460180C59944293
:1001C00003D00133082BF6D1002030BD2CD70020FE
:1001D00010B50446043007F00BFEA06C08B1FCF724
:1001E00039FC064BD4E8EF2FC4E8E13F0029F9D1F0
:1001F0002046BDE81040FFF765BF00BF1EF1ADDE31
:1002000070B50825064C074E2368B34202D020463D
:10021000FFF7DEFF013D04F16C04F5D170BD00BFB6
:100220002CD700201EF101002DE9F8430F4C0646A3
:100230000025A0464FF06C090D4B0E4F1870236837
:10024000BB420CD009FB058393F8202066F34512CE
:1002500083F82020A36B13B1204607F023FC01355F
:10026000082D04F16C04EAD1BDE8F8832CD70020F6
:10027000ABFC00201EF10100112807DC002801DA88
:1002800000207047064B23FA00F005E0A0F1FF03C1
:10029000122BF5D80348D84000F00100704700BF8A
:1002A000410002000900040010B5436904462BB95F
:1002B00008F0D7FA23684360A3698360044B186889
:1002C00006F0C0FB2046BDE8104008F0CCBA00BFE5
:1002D0008CDA0020032208B511460448FCF75CFBC9
:1002E000002818BF6FF02D0008BD00BF8CDA002079
:1002F0002DE9F04F8BB00493002382460D4614463F
:10030000CDE907330993FFF78DF940B90120FCF7D8
:1003100039FB6FF00A0420460BB0BDE8F08FBAF14C
:10032000000F02D1002D00F0BE8000F031FD08B9B1
:100330000D20ECE7002C37D0236823F4A05323F0E2
:100340000203002B40F02E81606838B9A06860B1CC
:1003500007F0ECFC48B96FF00604DCE707F0E0FCBE
:100360000028F3D16FF00504D5E7E068A8B960680C
:1003700000F0D2FEA668E768002E08BF0126002F15
:1003800008BF0627D4F800905FFA80FBF6B2BFB230
:100390008DB9A8464FF0FF3440E0A16807F0DCFCBF
:1003A0000028E4D16B20B2E76DB9A94606270126E3
:1003B000AB46A846EEE709F4A053B3F5805F06D13B
:1003C0004FF0000816E0A14606270126A3460A22A0
:1003D0000021284603F0C2F94FF6FE73421E9A42EE
:1003E00000F2E3804FEA002848EA10281FFA88F854
:1003F000002CCFD02368DB04CCD53A21284609F065
:1004000005F900B1451C2846694909F04BF90A2253
:10041000F8B10021033003F09DF80446654B4FF41A
:100420007A61186806F010FB00283FD1BAF1000F7E
:1004300012D05046F8F764F80146182007F0A5FAE4
:10044000054658B95B4B6FF00904186806F0FAFAD4
:1004500061E701462846DEE75146EEE70461BAF15E
:10046000000F07D05046F8F74BF85146024628686F
:1004700009F08EF8294647F20D00C5F818B0EE6174
:100480002F62C5F8149007AA00F066FE16280446ED
:1004900009D004DC68B10B2808D0204637E7722861
:1004A000FBD1732033E76FF0010434E76FF00204EF
:1004B00031E78246DDE908B3CDE902030190DDE9C9
:1004C0000232934209D1049BC3F800A00898002887
:1004D0003FF421AF07F07EFA1DE72020FCF7B2FAC7
:1004E000054650B3DBF8080008F01EF901286860E3
:1004F0000DD0022824D02846FCF7ACFA6FF0050492
:10050000BAF1000FE2D0504607F082FCDEE7082285
:100510000023C5E90267EB610BF118032A61C5F8F6
:100520000090059342461846BBF8141007F060FA95
:10053000686138B92846FCF78DFA6FF00904DFE7E7
:100540001622E5E72A6812F0020229D0BBF816004D
:100550000130FCF777FAA86118B96869FCF77AFAF4
:10056000E8E7BBF814100BF118030B441946BBF86D
:10057000162009F00DF84FF00003BBF81620A9690A
:100580008B54019BBAF1000F08BFAA4603B1DD618D
:10059000029BDBF800200133CDE9015393448EE741
:1005A000AA61EEE74FF0FF34B5E66FF00704B2E65C
:1005B0007CBF01008CDA0020F8B548F20F039942A5
:1005C00005460E4626D009D848F20D03994219D0A7
:1005D00048F20E03994219D0286907E049F2040352
:1005E00099421BD0B1F5104FF6D9C068FFF7DEFD78
:1005F0000446C8BB2868002800F06A81BDE8F840BE
:1006000007F0E8B9BDE8F840FFF74EBEBDE8F84096
:1006100007F052BCBDE8F84007F0F8BB0369082BAF
:1006200000F25681DFE813F01000160009000E00FA
:1006300016005401540118001E000020BDE8F840C7
:10064000FFF7F2BD0120F9E70021E868BDE8F840B6
:1006500007F02ABB0121F8E70021E868BDE8F8406F
:1006600007F02EBB0121F8E748F20C039E4235D873
:10067000B6F5004FBED9A6F50046013E0B2EB9D8FF
:1006800001A353F826F000BF11070100A1070100E4
:10069000210701002107010021070100470801008F
:1006A000470801002107010029070100F5050100A5
:1006B000F5050100E7070100A6F51046013E042EEE
:1006C00098D801A353F826F05D0801003B0801000B
:1006D00065070100F50501008507010049F20503E2
:1006E0009E420BD8B6F5104FE6D848F281039E42E1
:1006F00080D10146284600F069FB38E049F28203C8
:100700009E427FF477AF0146284600F077FB2EE04B
:100710006B692BB9284608F0A4F8AA6943681A60E7
:10072000284608F0A0F822E090F8203043F00103BA
:1007300080F8203007F022FA18B1664B186806F0EE
:1007400081F994F82030204623F00A0384F8203001
:1007500007F03DFA10B1204607F0A4F92046FFF754
:1007600037FDDDE72869692823D16823A361204686
:1007700007F02DFA002800F0AB802046BDE8F840D5
:1007800007F090B9204607F027FA0028EFD0286933
:1007900008F011F86A690146204607F09BF9E6E780
:1007A00090F82030EE6823F0020380F8203068696A
:1007B00018B108F000F8A061D9E7204607F0C9F9A0
:1007C00028B994F8203043F0040384F82030204600
:1007D00007F0BFF90028CAD0002EC8D0002120465B
:1007E00000F02AFBC3E76B69F3B9284608F039F833
:1007F000AA6943681A60426892F8203043F0040303
:1008000082F82030436822691A61436862695A613C
:1008100083684BB105F10C0205F1300152F8040B6D
:100820008A4243F8040BF9D194F82230002B3FF4AC
:1008300077AF013B84F8223072E794F8223001331D
:1008400084F8223093E7284608F00BF86B6913B957
:10085000AB69436064E74FF0FF33FAE7204607F0E7
:10086000A6F90746C0B91020FCF7ECF8064698B187
:100870003946102208F0B2FE2B6873606B68338132
:10088000698A01B32A8A05F1140007F0B1F8F06013
:10089000C8B93046FCF7DEF8286807F09BF8204618
:1008A00007F048F958B1204607F081F938B994F8B3
:1008B000203043F0800384F820300C23A3612046CD
:1008C00007F03DF953E73146204607F013F94EE7AC
:1008D000F8BD00BF90DA00202DE9FF412D4B804686
:1008E0001B780F4616463BB90D20FCF74BF84FF02E
:1008F000FF3004B0BDE8F08107F012FA08B96A20B1
:10090000F3E73046FFF7B8FC08B97B20EDE738463F
:1009100007F00CFA08B96B20E7E73946304607F0D4
:100920001BFA0028F7D0FFF70DFC054608B9172081
:10093000DBE70021142007F028F8044620B92846F8
:10094000FFF746FC6920D0E74FF0FF330374437490
:100950008374C374404600F0DFFB6061384607F0E3
:10096000EBFE0146A061304607F0E7FE2146E0615C
:1009700001AA47F20100029500F0EEFB044620B107
:100980002846FFF725FC2046AFE7C5E9038728681E
:100990006E61AEE7ACFC002030B585B00546FFF7D0
:1009A00005FC044628B90920FBF7ECFF4FF0FF30A7
:1009B0000EE0FEF737FE68B9204607F0DFF818B101
:1009C0000E4B186806F03EF82046FFF701FC0020A9
:1009D00005B030BD0021082006F0D7FF014608B958
:1009E0006920E1E7056101AA47F2090000F0B4FBC4
:1009F0000028ECD01628EAD0D6E700BF90DA002015
:100A00002DE9F04385B08146884614461D460C9E6C
:100A1000FFF7CCFB40B90920FBF7B4FF4FF0FF33E1
:100A2000184605B0BDE8F08315B90EB11620F3E7FE
:100A3000B8F1290F00F0AD800CDCB8F1010F11D036
:100A4000B8F1060F00F0A180B8F1000F00F09F8010
:100A50006D20E1E7B8F58D7F45D0B8F5007FF7D17F
:100A60001E2C1EE03C2C30D01DDC152C26D00ADCC0
:100A7000022C0CD0142CEBD13246294605B0BDE82F
:100A8000F04307F0F4BE222C0ADC202CE0DD3146D6
:100A9000102006F07AFF074600287FD16920BBE7C7
:100AA000282CF4D0D4E73D2C16D03F2CD0D13246A0
:100AB000294605B0BDE8F04307F038BF3246294665
:100AC00005B0BDE8F04307F0E0BE3246294605B068
:100AD000BDE8F04307F0E7BE3246294605B0BDE861
:100AE000F04307F000BF631E132BB1D801A252F8E8
:100AF00023F000BF530B01007D0B01008F0A0100A2
:100B0000510A01006F0B0100450B0100510A010061
:100B1000510A0100510A0100510A0100510A010065
:100B2000610B01008F0A01008F0A01008F0A01008A
:100B3000510A01008F0A01008F0A0100510A0100C9
:100B40008F0A01003246294605B0BDE8F04307F0A0
:100B5000FFBE3246294605B0BDE8F04307F00CBFA2
:100B60003246294605B0BDE8F04307F01ABF3246C9
:100B7000294605B0BDE8F04307F025BF32462946B7
:100B800005B0BDE8F04307F02DBF372C89E71F2CD7
:100B900087E7202C3FF47BAF3E2C82E7C0F8109013
:100BA000404607F0E9FD7861204600F0BDFAB861E3
:100BB00025B132462946386808F0EAFC394647F242
:100BC00003007E6001AA00F0C7FA034600283FF444
:100BD00027AF21E72DE9F04385B0814688461446CA
:100BE0001D460C9EFFF7E2FA40B90920FBF7CAFE4A
:100BF0004FF0FF34204605B0BDE8F08305B10EB9D3
:100C00000E20F3E7B8F1290F00F096800CDCB8F164
:100C1000010F11D0B8F1060F00F08980B8F1000F74
:100C200000F088806D20E1E7B8F58D7F2DD0B8F514
:100C3000007FF7D11E2C7BE0152C1FD00ADC042C82
:100C400015D0142CEED13246294605B0BDE8F0434C
:100C500007F0FDBEA4F12103012BE3D81020316879
:100C600006F093FE074600286AD16920BEE73246A7
:100C7000294605B0BDE8F04307F0D9BE3246294603
:100C800005B0BDE8F04307F0F1BE621E132AC9D8D3
:100C900001A151F822F000BF130D0100210D010048
:100CA0005D0C01005D0C0100050D0100E90C010067
:100CB000250C0100250C0100250C0100250C01006C
:100CC000250C0100F70C0100250C01005D0C010052
:100CD0005D0C01005D0C0100250C0100250C0100DC
:100CE0005D0C01005D0C01003246294605B0BDE8EF
:100CF000F04307F0CABE3246294605B0BDE8F043CE
:100D000007F0D8BE3246294605B0BDE8F04307F0EB
:100D1000E3BE3246294605B0BDE8F04307F0EEBE1B
:100D20003246294605B0BDE8F04307F0F9BE372C3E
:100D300094D077E71F2CFBE7202C8FD03E2CF7E7D1
:100D4000C0F81090404607F017FD7861204600F08B
:100D5000EBF93946B86101AA47F20400D7F80080E0
:100D600000F0FAF9044620B1404606F039FE20466C
:100D70003CE77A68336841469A4228BF1A462846BB
:100D8000326008F005FC404606F02AFE32E700BF5C
:100D9000014B1878704700BFACFC002008B5FFF786
:100DA000B1F9FFF797FA40B9012206481146FBF75F
:100DB000F3FD18B90122044B1A7008BD6FF02D0025
:100DC000FBE700BF90DA0020ACFC002010B54369BF
:100DD0000C467BB191F8203023F0080381F82030D5
:100DE000406907F0E8FC044BA061BDE810401868BA
:100DF00005F028BE10BD00BF90DA002010B591F8B4
:100E000020300C4623F0080381F82030006960B9D7
:100E1000DBB223F0140343F0140381F82030054BB8
:100E2000BDE81040186805F00DBE07F0C4FCA061D5
:100E3000F5E700BF90DA00202DE9F743DFF8FC90DA
:100E40000446D9F80000019105F0FEFD074650B1B7
:100E5000019B002B70D11023A3614FF0FF37384660
:100E600003B0BDE8F083A06CD8B1F7F749FB461C8E
:100E700094F84F8031464FEA880808F10C0006F0DC
:100E800084FD054678B9204606F07DFE08B1692349
:100E9000A361D9F8000005F0D5FD6920FBF772FDCC
:100EA000DBE73E46E4E723684246036194F84C30B2
:100EB00004F15001037594F84E30183000F8023CEC
:100EC00094F84D3000F8033C94F84F3000F8013CA2
:100ED00008F05EFBF6B13246A16C286808F0CFFB43
:100EE0006E6094F82030042043F008032A4647F24D
:100EF000810184F8203006F066FD204606F043FEAE
:100F00000028ACD1204606F039FE40B9A06900287F
:100F1000A5D0C3E72E706E70AE70EE70E0E70220D1
:100F200001A9FBF75FFC10F10B0F05D00028E9D0F9
:100F30000028B8BF4042B1E77420AFE790DA002044
:100F40002DE9F74F0025074688462C464FF00A0A40
:100F5000DFF868908DF8045001AE17F801BBBBF1C3
:100F6000000F09D1032D27DD0124019BC8F80030B3
:100F7000204603B0BDE8F08F5946104808F046FB04
:100F800068B13278A0EB090312FB0A33FF2B11D8AA
:100F900014B90135042DEBDC01243370DDE7BBF11E
:100FA0002E0F07D1002CE3D0042D03D0707004461F
:100FB0000136D2E70024DBE75C46D9E7B4C0010084
:100FC0002DE9F04F16460D4687B001B12AB90E2023
:100FD000FBF7D8FC4FF0FF3097E0012803D0022840
:100FE00008D06A20F4E71146284607B0BDE8F04F64
:100FF000FFF7A6BF1022002102A808F0EFFA2B7815
:101000003A2B03D16B783A2B7ED101350024A846C8
:10101000A346A24627460DF1080915F8011B59B948
:10102000BAF1000F64D009F1020506AB9D426BD8FE
:1010300064BAA9F8004043E03548019108F0E6FAA7
:10104000019998B9334808F0E1FA019980B1314B20
:10105000BBF1030F58DCC01A40EA0414B4F5803F1A
:1010600052D24FF0010A0BF1010BD6E7284BEFE704
:101070003A2918D1BAF1000F04D1002F44D1A84663
:101080004F46CAE72B78002B3ED009F1020306AA8F
:10109000934239D864BAA9F80040A8469946044654
:1010A00083468246B9E72E292ED109F1040506AB05
:1010B0009D4229D849464046FFF742FF012823D1E7
:1010C000FFB106AB9D42A5EB07071DD01A460021D4
:1010D00001239F420EDA02AB1A4603CA716006A9C9
:1010E0008A423060134606F10806F5D101200CE073
:1010F0004D46E5E715F8010D013302F8010D2970A1
:10110000E7E706AB9D42E6D0002007B0BDE8F08FD0
:10111000A3C0010092C0010003289CBF014B1856D8
:10112000704700BFBFC0010002383C289ABF034B84
:1011300053F820004FF0FF30704700BFA0A401001B
:10114000013804289ABF034B53F820004FF0FF30BA
:10115000704700BF8CA401004FF0FF3337B50D4D31
:10116000CA60144615600A4601460420019306F041
:101170002AFC2068A84202D007F01DFB08E00220EC
:1011800001A9FBF72FFB0028F3D00028B8BF40428D
:1011900003B030BDEEC100BC431C07D0064B9842E3
:1011A00007D83C23B0FBF3F080B270474FF6FF70D6
:1011B00070474FF6FE70704787FF3B002DE9F34103
:1011C00005460E461446FEF72DFA002800F025814C
:1011D0000023934F3246294607207B6006F0F3FB3D
:1011E0004FF0FF330193022001A9FBF7FBFAD7F878
:1011F00004800646B8F1000F06D110F16E0FF2D14F
:10120000304602B0BDE8F08110F16E0FF8D0D8F88A
:101210000450022D00F0F88047F6FF739D4200F065
:10122000F680002D40F0F68074B142F209223B882E
:10123000934200F0A3800DD842F2090293421AD0E3
:1012400042F20912934254D078680028D8D006F0B0
:10125000C1FBD5E742F202329342F5D108F1080210
:1012600008F1180352F8041B9A4244F8041BF9D100
:1012700013782370E8E74FF443722946204608F0BC
:10128000ADF9B8F8083001222360D8F80A01FFF759
:1012900083FFA080D8F80E01FFF77EFFE080D8F82A
:1012A0001201FFF779FF2081D8F81601FFF774FFCC
:1012B0006081D8F81A01FFF76FFF4FF6FF73E381E3
:1012C00020231546A0812374511EA274E57408EBF7
:1012D0008101D1F80A00FFF75FFFA082D1F88A00F0
:1012E000FFF75AFF0132212AE08204F10604EBD114
:1012F000AAE74FF443722046002108F06FF9B8F8CE
:10130000083006202360B8F80A3008F11502A380DF
:10131000B8F80C30123424F80C3CB8F80E3024F82D
:101320000A3CB8F8103024F8083CB8F8123024F819
:10133000063C4FF6FF7324F8043C98F8143004F888
:10134000023C002398F8141006328B4204F1060484
:10135000BFF67AAF12F8061C04F8061C12F8051C3A
:1013600004F8051C00FB0381B1F81750013324F881
:10137000045CB1F8191024F8021CE3E72946204662
:101380004FF4437208F02AF90621B8F808301234F5
:1013900044F8123CB8F80A3024F80E3CB8F80C3087
:1013A00024F80C3CB8F80E3024F80A3CB8F8103099
:1013B00024F8083CB8F8123024F8063CB8F8143089
:1013C00024F8043C98F8163004F8023C08F117039E
:1013D00098F816200633954204F10604BFF634AFA0
:1013E00013F8062C04F8062C13F8052C04F8052C29
:1013F00001FB0582B2F81900013524F8040CB2F89B
:101400001B2024F8022CE3E76FF00C061CE76FF0BA
:101410005E0619E76FF0150616E74FF0FF36EFE6A8
:10142000A4DA002070B50446002800F00981022AE1
:1014300000F0BB80032A00F0C680012A40F0008142
:10144000B1F5B07FC0F0FF80824D2B68002B00F01B
:10145000FD80FEF729F94FF4B0720021204608F014
:10146000BDF82B687C4A586899681278C4E9000175
:10147000D8681969032AC4E902015A6922619A6984
:101480006261DA69A2611A6AE2615A6A22629A6A40
:101490006262DA6AA2621A6BE2625A6B226393F8A2
:1014A000512084F85020D3F841202264D3F84520FD
:1014B0006264D3F84920A264D3F84D20E2641A8F05
:1014C000A28693F83A2084F8362093F83B2084F8DB
:1014D000372093F83C2084F8382093F83D2084F896
:1014E000392093F83E2084F83A20B3F83F20A287B1
:1014F00032D1D3F852200A25C4F85C21002252349C
:1015000003F1590193F85600824205DA162A04F1D4
:101510000C0401F10A0103D1FEF7CCF8002070BDE4
:1015200005FB0230B0F85760013224F80C6C11F85A
:101530000A6C04F80A6CB0F85A6024F8086CB0F928
:101540005C6024F8066CB0F95E0024F8040C11F815
:10155000030C04F8020CD5E7D3F8CA201946C4F8E6
:101560005C210A26002206FB0230B0F852500132FC
:10157000A4F8525091F854500C2A84F85450B0F802
:10158000555004F10C04A4F84A50B0F9575001F139
:101590000A01A4F84C50B0F95900A4F84E0091F893
:1015A000510084F85000DED1B6E752294BD92B4DBB
:1015B0002B68002B4AD0FEF777F853222046296883
:1015C00007F0E6FFA8E767293DD9254D2B68002BDA
:1015D0003CD0FEF769F8234B2D681B78012B22D1F4
:1015E00068220021204607F0F9FF00222B880834EA
:1015F00044F8083CAB78E91C04F8043CAB78183498
:101600009A4289DA02EB0213C85C2B4404F8180CE6
:101610005E6853F8080F013244E9046058689B681B
:1016200044E90203EAE72B89236001232371237233
:1016300000232A68C4E904236A68C4E906236BE727
:101640006FF015006BE76FF0790068E76FF022002C
:1016500065E700BFA0DA0020AEFC00209CDA002085
:1016600098DA0020ADFC00202DE9F041FDF7DAFF0B
:1016700000285ED0304D4FF0FF31286805F0E4F9C6
:10168000044600283CD12D4E33782BBB03274FF066
:101690000508FDF7C7FF0446A8BB7B1E012B4FF0D2
:1016A0000207F6D10024FDF7BDFFA8B1152007F011
:1016B00053FA014680B1036800226FF07F000127D2
:1016C00018715A7141F203209A71DA719F74FFF711
:1016D00075FD0CB100B93770152007F03DFA0146D1
:1016E00020B301260368002241F204001E71FFF7B7
:1016F00065FD044608B9124B1E70286805F0A2F972
:101700002046BDE8F081152007F026FA01460028A2
:10171000C3D00368002241F2040083F80480C3F8B8
:101720000570FFF74BFD0028B7D1BCE76FF00B0445
:10173000E3E74FF0FF34E3E7ACDA0020B0FC002031
:10174000B1FC002070B50546FDF76CFF08B3124EE2
:101750004FF0FF31306805F077F90446A0B9152045
:1017600007F0FAF9014688B10222036841F203202A
:101770001A715C7122469C71DC715D72FFF71EFD6F
:101780000446306805F05EF9204670BD6FF00B042A
:10179000F7E74FF0FF34F7E7ACDA002070B5054605
:1017A000FDF740FF10B3134E4FF0FF31306805F0E6
:1017B0004BF90446A8B9152007F0CEF9014690B1BF
:1017C0000822036841F203201A715C7122469C7161
:1017D000DC71A3F80B50FFF7F1FC0446306805F00C
:1017E00031F9204670BD6FF00B04F7E74FF0FF347E
:1017F000F7E700BFACDA002070B50546FDF712FF31
:1018000010B3134E4FF0FF31306805F01DF9044658
:10181000A8B9152007F0A0F9014690B1102203687D
:1018200041F203201A715C7122469C71DC71A3F8AD
:101830000D50FFF7C3FC0446306805F003F920465D
:1018400070BD6FF00B04F7E74FF0FF34F7E700BF10
:10185000ACDA002070B50546FDF7E4FE10B3134E78
:101860004FF0FF31306805F0EFF80446A8B91520B5
:1018700007F072F9014690B12022036841F203207B
:101880001A715C7122469C71DC71A3F80F50FFF74E
:1018900095FC0446306805F0D5F8204670BD6FF021
:1018A0000B04F7E74FF0FF34F7E700BFACDA002096
:1018B00070B50546FDF7B6FE08B3124E4FF0FF3186
:1018C000306805F0C1F80446A0B9152007F044F9C6
:1018D000014688B14022036841F203201A715C710D
:1018E00022469C71DC715D74FFF768FC0446306829
:1018F00005F0A8F8204670BD6FF00B04F7E74FF035
:10190000FF34F7E7ACDA002070B586B00646FDF785
:1019100089FE002848D0264D4FF0FF31286805F099
:1019200093F80446B8B9152007F016F9014668B1D6
:1019300041F2023001AAFFF741FC10F15F0F0446AB
:101940000CD1152007F008F9014628BB6FF00B04F5
:10195000286805F077F8204606B070BD0028F7D15A
:10196000152007F0F9F801460028EFD0022203689D
:10197000012E5A719DF8142041F2033014BF02F079
:10198000F70242F008021A7500221C719C71DC718A
:10199000FFF714FC0446DBE70122036841F208006C
:1019A0001A715E710022F3E74FF0FF34D3E700BFF6
:1019B000ACDA0020014B18600020704794DA002058
:1019C0002DE9F041056807460C463DB101F470432E
:1019D000B3F5005F04D13D4BC3E90015BDE8F081CC
:1019E0003B4E336863B144F2040291425DD00CD89F
:1019F00044F2020399423ED044F203039C4243D096
:101A00003868BDE8F04105F0E5BF44F2012221F459
:101A10008073934202D044F20313EFE72D4F3868EE
:101A200008B105F0D7FF44F201339C420CBF0322FA
:101A30000222294B1A703D6095F85140274D14F051
:101A4000080733682A7810D01AB90520984701236F
:101A50002B70E20704D5630602D40220336898474E
:101A600001203368BDE8F0411847002AF1D0062074
:101A700098472F70EDE71A4C206808B105F0AAFFCF
:101A8000032033682560EDE7164F386808B105F08C
:101A9000A1FF44F203139C420CBF01220022124B0F
:101AA00004201A703D603368DCE72A78032AA7D83F
:101AB000DFE802F00205070907209847A0E70820A1
:101AC000FBE70920F9E70A20F7E700BFA4DA0020C6
:101AD00094DA0020A0DA0020AEFC0020AFFC002049
:101AE0009CDA002098DA0020ADFC002008B5002325
:101AF000094A0A4813700A4A13700A4A13700A4ABC
:101B000013700A4A136001221146FAF745FF0028B4
:101B100018BF6FF02D0008BDAFFC0020ACDA00202C
:101B2000B1FC0020B0FC0020AEFC002094DA0020C4
:101B300010B50B4C206818B105F04CFF0023236052
:101B4000084C206818B105F045FF00232360064CBF
:101B5000206818B105F03EFF00232360002010BD6F
:101B6000A0DA00209CDA002098DA002030B4074B7D
:101B70001C6844B143688589A4460268C1899BB248
:101B8000E8B230BC604730BC704700BFB0DA00201C
:101B9000F8B501F47063B3F5007F04460D461ED11D
:101BA0004E4A00F10C0300F11407164618685968F4
:101BB000083303C6BB423246F7D1012218683060B1
:101BC00099889B79B180B371454B1D60DA742068A8
:101BD000002800F08180BDE8F84005F0FBBE414FD1
:101BE0003E68002EF3D0404B24221846002107F017
:101BF000F5FCE268B5F5916F0346426056D040F2BD
:101C00008B42954209D040F287429542DFD10322B0
:101C10000270B04700233B60D9E7227C0272627CED
:101C20004272A27C8272D4F81320C260217EE27DCF
:101C300042EA01220282A17E627E42EA01224282BF
:101C4000E27E0275227F4275A17F627F42EA012215
:101C5000C282B4F81F20028394F8220091B294F853
:101C6000212042EA00225A8394F823201A7794F81C
:101C700024205A7701221A702268A2B16268B2EB5E
:101C8000410FA4D1B1F5C06F88BF4FF4C0621748AF
:101C900088BF1A83186288BF4FF44062216898BFDA
:101CA00092B207F075FC1048B04790E7227C0272B0
:101CB000627C4272A27C8272D4F81320C260217EC0
:101CC000E27D42EA01220282627EA17E42EA012294
:101CD000428202220270E7E7F8BD00BFC0DA0020AE
:101CE000BCDA0020B4DA0020D0DA00204EDB00207D
:101CF000002208B5054B06481A6001221146FAF782
:101D00004BFE002818BF6FF02D0008BDB4DA00208C
:101D1000B8DA002000210122074B1970074B1A7016
:101D2000074B1970074B1960074B1960074B186078
:101D30000748FAF731BE00BFB2FC0020B4FC002017
:101D4000B3FC0020F8DA0020FCDA00200CDB0020D5
:101D5000F4DA0020024B186808B104F073BE704733
:101D6000F4DA002070B4284B1B68196958691A7C92
:101D700000221A745C7C5A749C7C9A74DC7CDA7441
:101D80001C7D1A755C7D5A759C7D03299A75DC7DD6
:101D9000DA7529D0042929D001290FD185681B4E75
:101DA000954210D11A7A012100221972597A5A7279
:101DB000997A9A72DA7A6FF05F02DA72144B70BC19
:101DC000186804F03FBE911C00EB81014C6821783B
:101DD000622907D0633918BF0121490046F8214024
:101DE0000132DDE70121F9E7187ADEE7187A197286
:101DF000597A5A72997A9A72DA7A6FF05F02DA72C5
:101E00000122044B1A70D9E70CDB002000DB002014
:101E1000F4DA0020B3FC00201FB50446F7F73CFBC2
:101E2000064B01220293002305491846CDE90033F1
:101E300006F008FF204606F015FF00BF80BF010036
:101E4000FC9E01002DE9F041054686B00E46EFF3F9
:101E50001188202383F31288BFF36F8F0024042896
:101E600098BF234B234A98BF53F82030976888BF08
:101E7000214B127C2149CDE90432214B039002937E
:101E8000012223462046CDE9004406F0DBFE6EB178
:101E9000F369C3F308034BB11A4B0122CDE90143A7
:101EA000204623461549009406F0CCFE2FB1384653
:101EB00007F087F808B1037803B91348134B0122E0
:101EC00002930023CDE90370CDE9003318460B4996
:101ED00006F0B8FE31462846FFF79EFF88F31188CA
:101EE000BFF36F8F384606B0BDE8F041F8F7D0BEBB
:101EF00094A5010010DB00208FBF0100FC9E0100B3
:101F0000A5BF0100CDBF01009DBF0100EEBF0100D4
:101F100038B50A4B53F82040013053F82050A54201
:101F200000D838BD606830B1037EDB0701D406F00D
:101F300066FE0834F3E723689847FAE7A8A501008E
:101F4000012270B5294B86B003201A70FFF7E0FF1D
:101F500007F01DFB0420FFF7DBFF254C254D26462F
:101F6000AE4204F130040FD300F078FE204CAC42B6
:101F700026D300F087FEF6F76BFC1F4A938923F007
:101F80000103938106B070BD54F80C3C059354F8DE
:101F9000103C049354F8143C039354F8183C0293F7
:101FA00054F81C3C019354F8203C009354E90A2354
:101FB00054E90C0100F05CFC54F8303C5E65CEE75F
:101FC000D4E90A23B3F1FF3F08BFB2F1FF3F05D0C8
:101FD00052EA0301206803D107F0BBF83034C6E7AA
:101FE0000649183001F062F8F8E700BFB5FC0020A0
:101FF000689D0100989D010008CE00209F9001007F
:10200000C82370B5134E012203FB0066002386B07F
:10201000CDE904230F220193CDE9023218234FF4B6
:10202000A0720D4D0D4903FB0055044602FB001143
:102030000B4B3046009500F01BFC337C2C7423F0D6
:1020400004033374074B013403EBC423EE606B606D
:1020500006B070BD40CD002010DB0020B826012066
:10206000878D0100B81E01207FB50020FFF750FFCB
:10207000294B03F5006282F3088883F30A88002461
:10208000E023264D85F82230EC772C766C76AC7602
:1020900085F820406B6A43F4E0236B6285F82340A7
:1020A000F8F762FCF8F7DEFD4FF0FF33AB62EB624E
:1020B000F9F700F8F8F774FEF7F7C8F9184800F0D8
:1020C00041FC0120FFF724FF0220164DFFF720FFFF
:1020D00000F002FE144B4FF480529D61134B1449E3
:1020E000059301232846CDE90343CDE90144114B73
:1020F000009400F0BDFB06462B7C284623F0040329
:102100002B7406F098FF2046FFF77AFF31462846E9
:10211000084AF8F77BFD00BFB81E012000ED00E083
:10212000D0CE002008CE002010DB002050C00100DF
:10213000F8270120411F010038B5064C064DAC427E
:1021400001D3002038BD2046D4E9011206F0D4FDA9
:102150001434F4E730C7002058C700201FB5054CE1
:10216000CDE9002302940A46002106F083FD04B065
:1021700010BD00BFE94C010038B5074C074DAC421B
:1021800001D3002038BD204606F0DBFD08B91C3421
:10219000F5E76FF01500F5E730C7002030C70020E5
:1021A000F7B50E4604469DF82010EFF31187202066
:1021B00080F31288BFF36F8F256AE068854244D2AE
:1021C0002568AC4218D0BDB1284606F0E7FD05F100
:1021D000180007F017F83146A268686907F0D8F9C7
:1021E00000232846EB6706F026FF04F10800394675
:1021F00006F06DFF002036E0A268D9B13146E069F3
:1022000007F0C6F9E369A26813446269E361934287
:1022100001D12369E361236A10210133236204F1B0
:10222000240007F06CF90028DFD187F31188BFF391
:102230006F8F18E0A06923693146984208BF606932
:10224000801AA06107F0A4F9E5E752EA03010CD077
:10225000074904F1080089684E61CDE90023394639
:10226000224600F059FC03B0F0BD6FF02200DCE71D
:1022700010DB0020F7B504460846EFF31186202155
:1022800081F31288BFF36F8F216A00293AD0A268C8
:10229000A16907F07DF9A369A26825681344626902
:1022A000A361934204BF2369A361236AAC4203F193
:1022B000FF33236235D02846002D33D0002706F0A7
:1022C0006DFD05F1180006F09DFF6969A268E069DF
:1022D00007F05EF9E369A268284613446269E36186
:1022E000934204BF2369E361236A01332362EF67EA
:1022F00006F0A1FE04F10800314606F0E8FE38467B
:1023000003B0F0BD52EA030111D00A49896848615F
:10231000CDE900233146224604F1080000F0FCFB21
:10232000EEE7002086F31188BFF36F8FE8E76FF0C8
:102330002200F7E710DB00202DE9F34104461746A1
:102340001E46EFF31188202383F31288BFF36F8FAB
:10235000304BC2689B6872B18068984217D057EAC8
:10236000060216D188F31188BFF36F8F6FF00F004C
:1023700002B0BDE8F08193F90E1001322161C4E989
:10238000023288F31188BFF36F8F0020F0E72169D4
:10239000F3E793F90E1090F90E30994230DA994232
:1023A000A8BF194606F00EFD054622464146CDE976
:1023B0000076194800F0B0FB0028E6D0EFF3118654
:1023C000202383F31288BFF36F8FA068D0B12368F6
:1023D00021699C420AD04BB193F90E309942A8BFB3
:1023E00019466FF07F039942B8BF194606F0EAFC20
:1023F00040B13146084806F06AFE6FF00A00B7E7C0
:102400000025D2E7002DF4D186F31188BFF36F8F3A
:10241000F3E700BF10DB0020B6FC0020F8B58368AE
:102420000546002B3FD0234A926893423ED1C368B1
:10243000012B03D9013BC3600020F8BDEFF31187E6
:10244000202383F31288BFF36F8F0169806806F041
:10245000B9FC2C68A54207D10023C5E9023387F3F4
:102460001188BFF36F8FE7E7002CF5D0D4E9003275
:10247000002613605A60237CC4E9006623F002033F
:102480002374A66004F1180006F0BCFEAC6094F959
:102490000E3020462B61E66706F0CDFD3946064832
:1024A00006F015FEC8E76FF01500C6E74FF0FF30E5
:1024B000C3E700BF10DB0020B6FC002037B5114693
:1024C000EFF31185202282F31288BFF36F8F046827
:1024D0009CB12368426823F003039442036008BF61
:1024E00043600121204606F0FAFC044685F311887A
:1024F000BFF36F8F204603B030BD51EA0302F5D021
:1025000000F10802CDE900131046294600F004FB53
:102510000028EFD1014B9B685C69EBE710DB0020E2
:1025200070B5EFF31186202383F31288BFF36F8F0A
:102530000468A0421AD0CCB1D4E90032002513605F
:102540005A60237CC4E9005523F002032374A5607C
:1025500004F1180006F056FE2046E56706F06BFD14
:102560003146BDE870400A4806F0B1BDD0E90232FC
:102570009A4218BF013302218360103006F0BFFF7A
:102580000028EDD186F31188BFF36F8F70BD00BFB7
:10259000B6FC002013B5EFF31181202484F31288D8
:1025A000BFF36F8F846844B1013C846081F311886C
:1025B000BFF36F8F002002B010BD52EA030406D1B2
:1025C00081F31188BFF36F8F6FF00F00F3E7CDE950
:1025D00000230246014800F09FFAECE7B6FC002019
:1025E0002DE9FF4104462027534EEFF3118887F36E
:1025F0001288BFF36F8FD4F8CC50F5B9022104F1E3
:10260000E40006F093FC002870D004F1DC05002201
:102610000121284606F0BDFD0028F8D100234FF027
:10262000FF3202934FF0FF334146CDE90023434888
:1026300004F1D40200F07AFCD7E7D4F8D0202B685C
:102640009542C4F8CC3008BFC4F8D030D4F8E43098
:1026500043F00203C4F8E430EB6823F0040343F0D2
:102660000103EB606B6888F31188BFF36F8F284616
:102670009847EFF3118887F31288BFF36F8FEB68E9
:10268000D80623F001023ED4EA60EB689A0717D51A
:10269000306823F00203EB6090B10021036878B149
:1026A000426895423DD10368002934D17268336095
:1026B000904200D17360002340F8083BFFF730FFE1
:1026C000D4F8E43023F00203C4F8E430DB0530D45E
:1026D000D4F8CC30003B18BF012388F31188BFF336
:1026E0006F8F002B81D000F0FFFA7EE7D4F8E43042
:1026F000D90693D5C4F8E40088F31188BFF36F8F2F
:1027000004B0BDE8F08123F01103EB6005F1100087
:10271000FFF706FFB9E70B607368984208BF716066
:10272000C9E701461BB11A6818461346B7E71A46AF
:10273000FAE70023D1E700BF34DB0020B6FC00201D
:10274000F8B5C36804469A070E46C3F3400542D461
:102750005F0742D40B680BB983680B60E368D80746
:1027600042BFA36802253360376858BF012557B3BD
:102770001B4B9A68D7F8C8309A421ED106F018FC55
:1027800080F00100C0B2D7F8E430D907C3F380026B
:102790001CD5F2B1F8B100232360D7F8D03073B95B
:1027A000C7E93344384606F0CCFBE36843F0040342
:1027B000E3603368A3602846F8BD0020E3E71C60AF
:1027C000C7F8D040EEE76FF0150506E06FF0120590
:1027D00003E01B07DFD56FF00F0500233360EAE746
:1027E00010DB00200146014806F0CEBBB8CF002028
:1027F000F0B50446002089B00E9DC4E9330004F111
:10280000D400C4E9350004F1DC00C4E9370055B355
:102810002879002840F2011008BF0120C4F8E40024
:1028200000204FF0FF364FF0FF37CDE90330CDE900
:102830000100CDE9066720460C4B009400F056F8E5
:1028400055B1296811B1204606F0B8FB6B791BB170
:10285000A38943F00103A381204606F07AFCC4F863
:10286000C84009B0F0BD0120D8E700BFE125010054
:102870002DE9F043984685B000F15803C0E91633BE
:10288000109B002683810423073222F0070503747E
:102890000F9B01EB05090F4683734946C0E90666A5
:1028A0008660C6730446F7F765FD0E9B073020F07F
:1028B0000700E066C4E9197502930D9BA9EB0009B6
:1028C00001930C9B4A460093394643462046F8F74D
:1028D00059F9054B66659B6803B11B6F4846236732
:1028E00005B0BDE8F08300BF10DB0020F0B5002587
:1028F00087B00595109DDDE9127604950F9D04467D
:1029000003950E9D02950D9D01950C9D0095FFF779
:10291000AFFFB6F1FF3F08BFB7F1FF3F05D056EA62
:10292000070305D1204606F014FC204607B0F0BD91
:102930003A46334604F11800014900F0B7FBF4E7CA
:102940009F900100012310B5037483810023044686
:10295000C0E9193300F07EFD014B9C6010BD00BF43
:1029600010DB00206FF00A01084A9368D967084914
:1029700098674B6843F080534B60002383F31188C2
:10298000BFF36F8F9368D86F704700BF10DB0020D4
:1029900000ED00E070B590F91020037C002A2FDBD9
:1029A000D9062DD11A4C63F07F032246037452F8E6
:1029B0001C3F216A934207D1C0E9002108602062D0
:1029C0000FE09942F8D01B68002BF5D093F90E6008
:1029D00090F90E50AE42F4DD5968C0E9003108604C
:1029E0005860E569954200D005B9E568A3681A7C8E
:1029F000D20606D1DA897F2A03D9AA690AB9A36166
:102A000070BDAB4202D0284600F0D2FAA561F7E7CC
:102A100010DB002038B590F910200146002A037C15
:102A200004DA03F07F03037406F0CDFA0D4D2A4655
:102A300052F81C4FAB68944200D004B9EC688B424A
:102A400007D01A7CD20604D1DA897F2A01D9A2697B
:102A50002AB1A34202D0204600F0AAFA2346AB6175
:102A600038BD00BF10DB0020B3F1FF3F08BFB2F15B
:102A7000FF3F03D00249183000F018BB704700BF79
:102A80009F900100034648B9EFF3058232B9064A28
:102A900091699268914201D0FFF764BF83F3118876
:102AA000BFF36F8F704700BF10DB002038B5184CA4
:102AB000A168206A0B68814214BF1A460022496847
:102AC0000B605960A368216A2AB9124AC3E9002140
:102AD0000B6023620AE092F90E5093F90E008542D2
:102AE00012DD5168C3E900210B605360E569094BB1
:102AF0009D4200D005B9E568A3689D4202D02846F2
:102B000000F056FAA56138BD8A42DED01268DBE7D4
:102B100010DB00202CDB0020F8B5DDE906670D4B4B
:102B20000C46986811460C4A1060EFF3118220227F
:102B300082F31288BFF36F8F9D68284606F055FA1E
:102B4000284632463B46FFF78FFF2046BDE8F84057
:102B5000FFF708BF10DB00203CDB0020F8B504467F
:102B6000EFF31187202383F31288BFF36F8F037C69
:102B700049B203F01F02002A0CBF0126002635D1FE
:102B800003F07F032A4D037406F01DFA2A46037CE6
:102B9000817363F07F03037452F81C3F286A9342E9
:102BA00007D1C4E9002004602C620DE09842F8D0FF
:102BB0001B68002BF5D093F90EC08C45F6DD5968E3
:102BC000C4E900310C605C60EC69944200D004B947
:102BD000EC68AB689C4202D0204600F0E9F9AC6199
:102BE00087F31188BFF36F8F3046F8BD9B071CD564
:102BF000856806F0E8F981732B689D4209D16B68FE
:102C0000C4E900531C606C60EAE76A689A42F6D037
:102C10001B68002BF3D093F90E208A42F5DD5A6829
:102C2000C4E9003214605C60DAE78173D8E700BF62
:102C300010DB0020034648B9EFF3058232B9064A9B
:102C400091699268914201D0FFF78CBE83F311889D
:102C5000BFF36F8F704700BF10DB0020EFF31181CF
:102C6000202383F31288BFF36F8F054B9A68D37BC1
:102C7000013BD37381F31188BFF36F8F704700BF9F
:102C800010DB002070B5EFF31186202383F3128848
:102C9000BFF36F8F0F4DAB68DA7B0132DA732A46D0
:102CA00052F81C4F944200D004B9EC681A7CD2064A
:102CB00004D1DA897F2A01D9A2692AB19C4202D0C3
:102CC000204600F075F92346AB613046BDE8704000
:102CD000FFF7D8BE10DB0020024B03F11C02C3E952
:102CE0000722704710DB002070B5EFF31186202318
:102CF00083F31288BFF36F8F1A4CA168206A0B68A8
:102D0000814214BF1A46002249680B605960A368CB
:102D1000216A2AB9144AC3E900210B6023620AE040
:102D200092F90E5093F90E00854216DD5168C3E901
:102D300000210B605360E5690B4B9D4200D005B943
:102D4000E568A3689D4202D0284600F031F9A561EC
:102D50003046BDE87040FFF705BE8A42DAD01268FF
:102D6000D7E700BF10DB00202CDB0020F8B550EACD
:102D7000010306460C4603D1FFF7B6FF0020F8BD5D
:102D8000EFF31187202383F31288BFF36F8F124D67
:102D9000124BA8681860FFF73DFEA868234632462C
:102DA0000F49183000F082F9AA680446137C3846AF
:102DB00043F004031374FFF7D5FDAB68D3E90A238E
:102DC000B3F1004F08BF002AD8D106F050FA201AFC
:102DD00020EAE070D3E700BF10DB00203CDB0020DE
:102DE0009F900100014B9868704700BF10DB0020E6
:102DF0002DE9F84304468789EFF31186202383F3F6
:102E00001288BFF36F8F037C190705D586F31188ED
:102E1000BFF36F8FBDE8F883D90943F008026FD183
:102E20000274A36813B1204606F0D5F804F1180027
:102E300006F0E8F9A56D04F15808A84511D04FF047
:102E4000000975B1284606F0C6F805F1180006F02D
:102E5000D9F92846C5F87C90FFF79CFDA56DA845DB
:102E6000EFD1DFF8C480D8F808309C4250D1EFF39E
:102E70000589B9F1000918BF4FF00109D8F81C50B5
:102E8000274A954200D00DB9D8F80C50AB4202D079
:102E9000284600F08DF82046C8F8185003F0B7F91E
:102EA000B9F1000F02D01F48FFF74CFDD8F80830E9
:102EB0009C4230D1EFF305836BBBA289D20711D5B9
:102EC00086F31188BFF36F8F83F31188BFF36F8F81
:102ED0000423184602DFEFF31186202383F31288C0
:102EE000BFF36F8F3046FFF73DFDFB0792D5002300
:102EF00083F31188BFF36F8F0423184602DF89E73D
:102F000003F07F0343F00803037406F05CF888E7DE
:102F10004FF00009B2E786F31188BFF36F8FE4E743
:102F20002CDB0020D0CE002010DB0020D3B5DDE963
:102F30000667089CCDE90067FFF7EEFD1CB1034B67
:102F40009B685B69236002B0D0BD00BF10DB00202E
:102F5000027C034612F01F0210D10A4988420DD0AC
:102F60000949086868B1D9897F2909D893F90E20E1
:102F7000064B1B689A42B8BF00207047002070477C
:102F80001046704740CD0020D4C6002040DB002012
:102F90000122044BC01A044BC0105843034B1A546F
:102FA000704700BF98CF0020ABAAAAAAB6FC0020A9
:102FB00070B50C4B0C4D1E7CFFF7CAFF182303FBAA
:102FC00006550446284606F01DF90022074B9A557F
:102FD0003CB1621E2846BDE870400549D31700F099
:102FE00065B870BD10DB002098CF0020B6FC002033
:102FF000912F010038B5EFF31185202383F3128858
:10300000BFF36F8F0F4B104A9C681068A04206D127
:10301000FFF7CEFF85F31188BFF36F8F38BD002116
:103020001B7C1160094AD35C002BF3D02046FFF7CC
:103030008FFF0028EED0237CDB0601D1FFF736FDA1
:103040002046E5E710DB00203CDB0020B6FC00203A
:10305000024B1868984208BF00207047D8C600206D
:10306000034B1B680BB9F9F73DBB0020704700BF4D
:1030700044DB002030B570B10B4B5B6898420AD03E
:10308000036843B1D3E90421D0E90445121941EBA7
:103090000501C3E90421D0E9003213605A6000231E
:1030A000C0E9003330BD00BFD8C60020B3F1FF3FF8
:1030B00008BFB2F1FF3F2DE9F84F04469946154687
:1030C0001F467AD08160EFF31188202383F31288A2
:1030D000BFF36F8FB9F1000FDFF8E8A020DBFFF737
:1030E000BFFFDAE90027013549F100092D1849EB46
:1030F000E07306464FF00109C4E90453AD1843EBF1
:103100000707FFF7A5FF0346DFF8BCE0DEF804A0E1
:10311000EBB9C4E900EACAF80040CEF8044028E060
:103120006FF00103DAE900125B1A4FF0FF3161EB37
:1031300002025B1B62EB0902012B72F10001BCBFB2
:10314000012300224FF00009C0E90432D9E7D3E996
:10315000041CD4E904208A4270EB0C0B24DA891A8F
:103160005A686CEB0000C3E90410C4E90032146033
:103170005C60FFF76DFF84420ED1114B1B685BB999
:10318000B9F1000F02D1FFF76BFF0646304606F09B
:1031900022F80021F9F778FA88F31188BFF36F8FCE
:1031A00028463946BDE8F88F521A60EB0C005345AB
:1031B000C4E90420ADD01B68AAE700252F46EFE73D
:1031C00044DB0020B0CF0020D8C600202DE9F04716
:1031D000284F024638600D46FFF73AFF4FF00008CF
:1031E0004FF00009244E4FEAE27ED6E9001350B1B9
:1031F000D0E9044CA2427EEB0C0A19DAA41A6CEB5B
:103200000E0CC0E9044C0024521843EB0E03204678
:10321000C6E900233C6005F0DEFF2146F9F734FAE9
:1032200085F31188BFF36F8FBDE8F047FFF7E2BE6B
:10323000611843EBE473C0E90489C6E90013FFF7A2
:1032400019FF01224FF00043C0E9042385F31188E0
:10325000BFF36F8F83689847EFF31185202383F3C3
:103260001288BFF36F8F3A68121B3A60FFF7F0FEC7
:10327000B9E700BF44DB0020B0CF002010B5EFF36A
:103280001184202383F31288BFF36F8FFFF7E8FECA
:103290000346054AD2E90001181841EBE37184F3B3
:1032A0001188BFF36F8F10BDB0CF00201423F0B58D
:1032B0000024202703FB0100134E01B9F0BD10F8D4
:1032C000073CA0F1140C03F03F03102B40F80C4C0A
:1032D0000CD826FA03F3DB0708D550F8143C2BB1C1
:1032E00050F8105C2B605D6040E9054482F3118862
:1032F000BFF36F8FEFF3118287F31288BFF36F8FE5
:1033000060460139D9E700BF160101002DE9F74FEA
:103310001D46274B16469F68012387F8603087F8C3
:10332000613052EA05030CBF0123002307F160025C
:10333000804606F00FF88146EFF3118B4FF0200A1C
:103340008AF31288BFF36F8F97F860404CB901463B
:103350005A464046FFF7AAFF8BF31188BFF36F8FE1
:103360000BE0002387F8603056EA050309D18BF3A0
:103370001188BFF36F8F6FF00A04204603B0BDE8D9
:10338000F08F5946CDE900650A4A0B48FFF7C4FBA8
:103390000446EFF311858AF31288BFF36F8F2A4634
:1033A00049464046FFF782FF85F31188D6E700BF04
:1033B00010DB0020E0C60020B7FC0020034610B55B
:1033C000EFF31184202282F31288BFF36F8FC16064
:1033D000012181600068834205D184F31188BFF325
:1033E0006F8F002010BDD0E9003213605A600023B7
:1033F000C0E9003306F031F82146024805F067FEC7
:10340000EFE700BFB7FC00202DE9F04105460E466E
:10341000174605F0CDFD28B9074B9B681C6F14B902
:10342000BDE8F081054C3B46324629462046BDE8C2
:10343000F04106F08DB800BF10DB002030C700203F
:1034400002460021014B024806F082B8E94C010017
:1034500030C70020014B0367704700BF30C7002012
:103460000146024A0020FFF7CFBF00BFE94C010030
:1034700007B5074B4FF4C062009306494FF0FF3386
:103480000548FFF7B5F9002003B05DF804FB00BF65
:10349000C0A5010040400120B8CF00200FB407B5FF
:1034A00004AA064B52F8041B1868019200F0D6FAE1
:1034B00003B05DF804EB04B0704700BFB8A2010090
:1034C000F8B50E4B06461D68AB789B0712D56F68A2
:1034D00016F8014B29462CB90A20B847002805DB0D
:1034E000204609E02046B8470028F1DAAB7843F0DF
:1034F0000403AB704FF0FF30F8BD00BFB8A201006D
:103500000CB430B58BB004460D462022002102A831
:1035100006F064F80223002D06948DF80A300C4B57
:10352000039312DB01D06B1E1C440FAA0E9902A854
:103530000794019200F092FA15B1069B00221A70CE
:103540000BB0BDE8304002B070470024EDE700BF8B
:10355000059A0100242A2DE9F041054601D8012AE7
:103560000AD1354B1622F7F715FC1A5001B10D6040
:103570000020BDE8F0813046064616F8014B202CAD
:10358000F9D0A4F109072346042FF4D92B2C32D00B
:103590002D2C33D14FF0010C3378861C302B34D1D5
:1035A000307840F0200078282BD132F0100028D15C
:1035B00073783546102202360CF100470020013F97
:1035C000B7FBF2FE02FB1E78392B82BF03F1FF33FB
:1035D00043F02003263B303B9A421DD9704502D868
:1035E00017D1984515D24CF0020C3446354614F8E4
:1035F000013B2646E8E74FF0000CCDE74FF0000C0A
:10360000CCE7002A08BF0822D6E7002A08BF0A2212
:10361000D2E700FB0230E8E701B10D601CF0010FBA
:1036200018BF40421CF0020FA3D0034B2222F7F731
:10363000B1FB1A5038469CE70C000000242A2DE903
:10364000F84F8046894601D8012A59D1424B1622AB
:10365000F7F7A0FB1A50B9F1000F01D0C9F80080AC
:1036600000200146BDE8F88F31460E4616F8013BB2
:10367000202BF9D0A3F109001C460428F4D92B2BE8
:1036800040D02D2B40D1012734788E1C302C42D1D4
:10369000337843F02003782B38D132F0100335D142
:1036A0007478B0461025023617F1FF3B6FF00043E7
:1036B0002A4643F1000A584600235146F4F7FEFE1D
:1036C000034600208C460146392C82BF04F1FF34AA
:1036D00044F02004263C303CA54229D983427CEBAF
:1036E000010E05D3614508BF984219D1A24217D2F5
:1036F00047F00207B646B0461EF8014B7646E3E7B0
:103700000146B2E70027BFE70027BFE7002A14BF42
:1037100015460825C8E7002A14BF15460A25C3E741
:10372000A5FB000E05FB01E1201841F10001E1E7D6
:10373000B9F1000F01D0C9F80080FA0702D5404264
:1037400061EB4101BB078DD5034B2222F7F722FB2A
:1037500051461A50584685E70C000000242AF0B55F
:10376000044601D8012A40D12E4B1622F7F712FB4E
:103770001A5001B10C600020F0BD2F463D4615F8EF
:10378000010B2028F9D0A0F109060346042EF4D934
:103790002B282CD02D282CD101262B78BD1C302B8A
:1037A0002DD1287840F02000782824D132F0100064
:1037B00021D16B782C46102202350020392B82BF94
:1037C00003F1FF3343F02003263B303B9A421AD9E2
:1037D000A0FB02040CB9C01801D346F002062F4624
:1037E0002C4617F8013B3D46E8E70746C6E70026AA
:1037F000D3E70026D3E7002A08BF0822DDE7002A26
:1038000008BF0A22D9E701B10C60F20748BF404265
:10381000B307B1D5034B2222F7F7BCFA1A504FF089
:10382000FF30A9E70C000000242AF0B507460D463A
:1038300001D8012A0AD1414B1622F7F7ABFA1A50E8
:1038400005B12F6000200146F0BD3046064616F84F
:10385000011B2029F9D0A1F109040B46042CF4D94D
:103860002B293DD02D293ED14FF0010C3378861CF9
:10387000302B3FD1317841F02001782936D132F018
:10388000100133D1737837461022023600200146EA
:10389000392B82BF03F1FF3343F02003263BA3F112
:1038A0003004A24236D94FF0000E39BBA0FB0273A0
:1038B00038461946BEF1000F0AD13F1953F10003F3
:1038C000384628BF4FF0010E1946BEF1000F01D057
:1038D0004CF0020C3446374614F8013B2646D7E735
:1038E0004FF0000CC2E74FF0000CC1E7002A08BF00
:1038F0000822CBE7002A08BF0A22C7E7A2FB013152
:10390000A0FB02701B1841F100010029D0D04FF03C
:10391000010ECDE705B12F601CF0010F02D040422F
:1039200061EB41011CF0020F8ED0044B2222F7F70D
:1039300031FA1A504FF0FF3085E700BF0C0000004D
:103940002DE9F0410126B24201DCBDE8F0810746D5
:103950003B461F4613F8014B002CF6D0252CF8D11E
:103960001D780237252DF3D00023DFF8EC809C462C
:103970001C461F2C27D8A5F1200EBEF1100F06D82B
:1039800028FA0EFE1EF0010F53D12E2D3CD02E2D05
:1039900027D8242D33D02A2D36D0BCF1000FD4D017
:1039A000B445D5D145F020070B68A7F1650CBCF1F3
:1039B000020F01D9612F42D1073323F007030833E7
:1039C00001360B60BFE77F2CDFD96C2D23D01DD8CB
:1039D000682D27D06A2D01D04C2DDED144F42074FF
:1039E00008E0A5F1300EBEF1090FEED80A2404FB61
:1039F00003E3202417F8015B002DBAD1CDE7BCF119
:103A0000000F18D0B34218D00023F3E7742DF1D083
:103A10007A2DEFD0C1E7250648BF44F4007444F086
:103A20008004E7E7E50548BF44F4007444F480747B
:103A3000E0E70024DEE79C46E6E76325B2E7692D70
:103A400002D007D8632D03D0250601D5A405B3D431
:103A50000433B5E7732DF6E7892801002DE9F04F0F
:103A6000837893B08046D0F804909C07CDE9081283
:103A700014D50B4600250B92187888B1252813D051
:103A80000133069341460135C847002880F2F4838C
:103A900098F8023043F0040388F802304FF0FF3505
:103AA000284613B0BDE8F08F93F801A09A1CBAF134
:103AB000250F0692E6D04FF0000B5E465F465C464F
:103AC0001F2C23D8AAF12003102B22D8DFE803F003
:103AD0001521211B2121210B212121132118212115
:103AE000090044F00104069B13F801AB0693BAF1F8
:103AF000000FE5D11BE044F0020444F00404F2E7B7
:103B000044F00804EFE744F01004ECE77F2C00F2E7
:103B1000F880BAF12E0F00F0D58000F2AE80BAF135
:103B2000240F00F0D580BAF12A0F00F0B680BBF167
:103B3000000F06D0099B5A460BA908980B93FFF774
:103B4000FFFE002E4AF02003B8BF24F04004049387
:103B5000A3F16503BCBF0026A4B2022B04D94AF02E
:103B60002003612B40F088826FEA0A0A0AF02003E2
:103B700007930B9B073323F0070303F108020B9213
:103B8000049A612AD3E900AB04F0400340F0E680D8
:103B9000002B079B50460CAA08BF4FF0FF3600933E
:103BA000594644F4C054334605F0A5FE01304FF0A9
:103BB000010CDDF830A0C3B2B3420393A8BF03F1F8
:103BC000FF367023CDE9043C0AF10903122B0DD90D
:103BD0000AF16303C62B40F2F4800AF2E73340F2A5
:103BE000CE7293428CBF0423032305939DF8343097
:103BF000D80700F1E880A20700F1E880C4F3800B49
:103C00004FEA4B1B5FFA8BFB13F00C0F00F0EA80BE
:103C1000BBF1000F0CBF03230423BB420EDA2007C5
:103C2000A7EB03070BD42F4441462020C8470028A8
:103C300005F10105FFF62CAFBD42F5D10027BBF120
:103C4000000F07D041465846C847002805F1010536
:103C5000FFF61EAF9DF83430AD4C13F0080FAD4B9E
:103C600008BF1C462646324616F8010B002840F0D5
:103C7000B0802C1B02EB040B7AE1AAF13003092B74
:103C80003FD814F0400F4FF00A020ABF44F020045E
:103C900002FB063602FB073725E7BBF1000F7FF476
:103CA00022AF0B9A600652F8043B0B9201D51E46D8
:103CB00019E7002BA7BF44F020041F465F4244F0E1
:103CC000280410E763063FF5EBAE44F040040AE732
:103CD000BBF1000F3DD014F0400A099B0BA90898D6
:103CE0000CBF3A4632460B93FFF72AFE0B9B53F864
:103CF000042B0B93BAF1000F01D01646F3E61746DA
:103D0000F1E6BAF16C0F16D00CD8BAF1680F19D0E1
:103D1000BAF16A0F03D0BAF14C0F7FF408AF44F444
:103D20002074E0E6BAF1740F3FF4DDAEBAF17A0F19
:103D30003FF4D9AEFBE6200648BF44F4007444F0DB
:103D40008004D0E6E30548BF44F4007444F4807472
:103D5000C9E65E46BB4634463746C4E6002B049BA4
:103D600008BF0626652B0ED1721C44F48054D2B2D3
:103D70001346112A4FF065014FF0000228BF1123AE
:103D80009446049107E0049B662B12D144F400543E
:103D9000B4460122112350465946CDE9002C0CAA05
:103DA00000F03AFBDDF830A0C3B203930223059381
:103DB0000AE716F0FF02DBD1652394460493012342
:103DC000E9E7022311E74FF02D0B1DE74FF02B0B16
:103DD0001AE7079B4146C01AC0B2C8470028BFF681
:103DE00042AF55E614F4405F40F09680039B002EEE
:103DF00003F1480308BF01266B44133B039A1AB131
:103E000013F8012D302A75D014F0100F039B18BF42
:103E100033461AF1040F72DBB24570DA534544F4AD
:103E200000547CDD0AF101069E1B2AEAEA73013385
:103E3000BBF1000F00D00133002E72D0721C13446E
:103E40009F42CCBFFF1A002714F0090F03D12F4463
:103E5000BD426AD10027BBF1000F07D0414658464A
:103E6000C847002805F10105FFF612AE230510D55D
:103E700041463020C8470028FFF60AAE079B41465E
:103E80000235C3F1780000F0F800C8470028FFF6BB
:103E9000FFAD200704D4AB467D195D454DD1002709
:103EA000A10468D52AEAEA737642AAEB030A039AC8
:103EB000013B05F1010B524589BF0CAA3020524449
:103EC00050799E4241DC41460493C84700280AF1DC
:103ED000010A049BFFF6DCAD5A1C09D141462E2095
:103EE0000493C8470028FFF6D3AD05F1020B049BED
:103EF0005D46DCE7039A013AD2B203927EE75E1E8A
:103F000014F4006F059A14BF0523032313448FE7AD
:103F100061C001007EAC0100A10486D4F0E7002658
:103F200083E7E20648BF01338AE741462020C847BD
:103F3000002805F101058BDAAAE541463020C84783
:103F400000280BF1010BA8DAA2E541460393C8470C
:103F50000028FFF69DADE6060AD5039B013307D185
:103F600005F1020B41462E20C8470028FFF690AD10
:103F70005D465F4412E241469DF83500C84700287F
:103F8000FFF686AD002E5DDD41462E20C847002895
:103F9000FFF67EAD01240CAB039A4146A346A24234
:103FA000CABFE21830205079C8470028FFF670AD2C
:103FB00001340CABA642EFDAAC1C5C44049B4146D6
:103FC000079A981AC0B2C8470028FFF661ADBAF147
:103FD000000F4146B6BF2D202B20CAF1000AC8476A
:103FE0000028FFF655AD059B042B37D14FF47A76A8
:103FF00041460334BAFBF6F505F13000C0B2C847BC
:104000000028FFF645AD06FB15AA6426414601349B
:10401000BAFBF6F505F13000C0B2C8470028FFF63C
:1040200037AD06FB15AA0A2641460134BAFBF6F560
:1040300005F13000C0B2C8470028FFF629AD06FBE5
:1040400015AA12E0E40601D46C1CB7E741462E2005
:10405000C847002805F10204B0DA19E5059B0234CF
:10406000032BD2D0059B012BDDD10AF1300004F1E6
:10407000010B4146C0B277E7AAF16303122B00F2AD
:10408000E580DFE813F013005400E300E300E300F1
:10409000E3005400E300E300E300E300E300FC007E
:1040A000DD00E300E3002900E300AB000B9B0126E9
:1040B0000DF1300A1A1D1B680B928DF83030200765
:1040C0002CD50AEB060B54465C4529D1A5EB0A0A10
:1040D000BF1B04EB0A0B4BE70B9B1A1D0B92D3F88B
:1040E00000A0A94BBAF1000F08BF9A4614F0400F88
:1040F000504614BF31464FF0FF3103F0DEFB064659
:10410000DDE741462020C8470028FFF6C1AC013C4E
:10411000A642F6D32F443D1B2746D2E73C46F7E79D
:10412000414614F8010BC8470028CDDAB0E4210657
:104130000B9B32D5A2052BD5073323F0070303F1E0
:104140000802D3E900010B9224F0100B00291FFA9A
:104150008BFB32DA40424BF4806B61EB41010CACDB
:104160000A23224605F0B4FA1BF0400FA0EB04022C
:1041700000F09C802BF0010396429BB240F39F809D
:10418000BAF1000F40F09D802BF011039BB21FE0AD
:104190001A1D18680B92C117D6E71A1DE005196899
:1041A0000B9201D40846F6E7A20547BF48B241F397
:1041B000C01108B241F3C031C6E750EA0103CED1C5
:1041C0006306CCD5002ECAD124F011043246A3B226
:1041D000344640F206410B426FD126E024F0100431
:1041E0000A23A4B214F0800C0B9A4CD014F4007182
:1041F00015BF0732101D22F007020B900FBF106889
:1042000002F108010B91D2E9000150EA010247D105
:1042100024F0160B62061FFA8BFB45D5002E43D106
:1042200024F017043246A3B2344619075FD4D907E5
:1042300004D5A74272DD3C1BA6183C46A34650E0BD
:1042400044F0100410234FF0780ACBE74AF0200323
:10425000782B04D1CAF1780343F01003C2E741463A
:104260002520C8470028FFF613AC41465046C847F2
:104270000028FFF60DAC0235069BFFF7FDBB0823B7
:104280004FF0000AAEE7111D10680B9114F4807115
:10429000BBD014F400711ABFC0B2614680B2B4E75B
:1042A00024F006041FFA84FB0CAC5AE714465B4664
:1042B000D9068ED5BAF1000F05D10134B5E7144601
:1042C000F6E73446F4E70234AFE741462020CDE973
:1042D0000332C8470028FFF6DBAB0BF1010BDDE929
:1042E00003325F45F1DC2C1B04EB0B055C46D90661
:1042F00016D5414630200392C8470028FFF6C8ABC8
:10430000039ABAF1000F32D0023541465046C847F1
:104310000028039AFFF6BCAB2E441DE016468DE73D
:1043200040F206410B42F7D013F0020F05F10105F0
:104330004146039214BF2B20202013F4806F18BF36
:104340002D20E4E7414630200392C847002805F1BC
:104350000105039AFFF69CAB731B9A42F2DB1646EB
:104360000DF1300A2EB902EB050B3F1B00E60135BB
:10437000D2E7013E414603921AF80600C8470028DA
:10438000039AEFDAFFF784BB65C0010041462020A5
:10439000C847002805F10105FFF67AAB7B1B002B0F
:1043A000F4DC69E7F0B589B004460D4616460021F5
:1043B000202268461F4605F011F90223002D0494BF
:1043C0008DF80230094B01930EDB01D06B1E1C44AB
:1043D0003A46314668460594FFF740FB15B1049B09
:1043E00000221A7009B0F0BD0024F1E7059A01001F
:1043F0001FB502AB074A00934FF0CC3305F045FAE6
:10440000DDE90201C00840EA4170C90805B05DF865
:1044100004FB00BFCDCCCCCC2DE9F04F9BB00F0DF1
:1044200004460A939DF890300592C1F30A520C930A
:10443000C1F31303C90F07917AB950EA03017ED182
:104440000599302301274B71079B0A6043F0020353
:104450000B7138461BB0BDE8F08F40F2FF718A4205
:104460000BD10343079B059A4FF0000714BF43F09D
:10447000080343F004031371EBE7A2F2354A43F457
:104480008015234304F001024FEA85080CBF27F092
:104490000107012748EA9478089208BF7F054FEA90
:1044A000840602BF7F0DB7FA87F77F09BAF1000FC4
:1044B000C0F2B680504600F0EFF9BAF1030FC8BF62
:1044C0000138049000F0F4F9049B7C3016A9A3EBAA
:1044D0000A0A8244184600F07DFA12AB20462946AB
:1044E000019310AB16AA02970093534605F016F9F4
:1044F000049B04460D46152B00F28E8014ABA94A8E
:104500003046414600934FF0CC33DDE9109A05F078
:10451000BCF9149B159A9B0843EA827303EB83034F
:10452000B34210D14146304600F0CAF9049B8342A1
:104530008CBF4FF000084FF00108002715E01D4622
:10454000DFF864A29DE7089B002B55D1013E48F19E
:10455000FF31F01B61F1000100F0B2F9049BDDF8BE
:10456000208083428CBF002701270C9B002B40F04A
:10457000C880DDF8289000264FF00A0B06960996B1
:10458000DDE91001FFF734FFDDE912A3CDE90D01EC
:10459000194650460F93FFF72BFF0A4603460D9925
:1045A0000B908B420E9B72EB03010F9B80F0C4803B
:1045B000204629460F92FFF71BFF0B9B002E14BFCE
:1045C0004FF0000808F001080F9A0BFB10460BFB98
:1045D00003F50D9BF6B204461093554514BF002712
:1045E00007F001070E9B0D46139211930B9B12933C
:1045F000069B01330693C3E7B01C48F1000100F0AD
:104600005FF9049B83428CBF00200120B9EB0000BE
:104610006AF10002CDE910024FF000084746A4E716
:10462000CAF1000B584600F03DF9BAF1FF3F0CBF4C
:104630008146A0F10109ABEB090B0AEB09035846CF
:10464000049300F035F916A9A0F17D0A584600F050
:104650004FF912ABA9EB0A0A2046019310AB294689
:1046600016AA00935346029705F058F8B9F1010FC6
:1046700004460D460ED8089B13B94FF0010874E7A5
:10468000109B4FF00108119A013B42F1FF32CDE936
:10469000103252E7B9F13E0FBED84FF0FF33A9F107
:1046A0002000C9F1200103FA09F203FA00F023FA0D
:1046B00001F103FA09F3024326EA03060A4328EA52
:1046C000020856EA08060CBF4FF001084FF0000838
:1046D00033E700FB02F60133A1FB001232448C42A7
:1046E00075EB0206F5D2049A1344259A1344D20FAF
:1046F0009342B8BF13460A9A9A42A8BF1A469146F7
:1047000039E70A21002201230846E8E70BFB01FEF6
:104710000CF1010CA0FB0B017144844275EB010EFE
:10472000F4D2CC450DDDB9F1000F02D154EA0501F8
:1047300007D0012309933BE70A2000214FF0010C29
:10474000EBE7002F32D04FF00A0B50461946FFF727
:104750004FFE0BFB00F20B9152450E9026D1002E1E
:1047600014BF4FF0000808F00108DDE91001FFF761
:104770003FFE8A460D9029462046FFF739FE0D9AE6
:104780000E9B0BFB10460D4604461293F6B2CDE984
:10479000102A0B9A9A460B9B1392069A01320692A4
:1047A000D3E700BFCDCCCCCCCCFBFFFFB8F1000FE2
:1047B00005D0052E03D104F001060436F6B2049BA1
:1047C000069A13449846099B53B9DDE912239D428A
:1047D00008BF944204D1089B002B49D1002F47D039
:1047E000042E94BF0026012630194FF00A024FF024
:1047F00000034FF0010745F100011446904271EBB0
:10480000030537D2F6B1B9451CDA0C9B6BB1259A7A
:1048100008EB070313440A9A012BB8BF01239A42FD
:10482000A8BF1A46974291460CDD053008F10108F1
:1048300007F1FF374FF00A024FF0000341F100018A
:10484000F3F73CFE4F450FFA88F8059BA8BF4F468B
:104850004FF000093FB2B84408F1FF3607F10508F0
:104860009844B9450DDB059B079A1E601A71F0E567
:104870000126B9E704FB03F50137A2FB04232B440F
:10488000BCE70A220023F3F719FE303209F10109CF
:1048900008F8012DE5E700BF014B5843800C704735
:1048A00041340100014B5843000D7047FB2E0B00B3
:1048B000024B5843C00C0130704700BF4F931200A9
:1048C00070B50346094A00204FF0CC364FF033351F
:1048D00006FB03F402FB0144A3FB023121449D4289
:1048E00075EB010401D30130F2E770BDCDCCCCCC27
:1048F0001A232DE9F04FB0FBF3FA334E03FB1A03F2
:1049000089B004460D4606EB0A1653B9D6E90023D2
:10491000C1E90023D6E90201C5E9020109B0BDE8F9
:10492000F08F2A4A02EBC303D3E9008904AB404667
:1049300049460093D6E9022304F0A7FF06AB83465D
:104940000F46404649460093D6E9002304F09DFFF8
:1049500000238146DDE9066216EB0B0652EB0708E1
:1049600028BF012333B1049B059A013342F10002B1
:10497000CDE9043220460391FFF79AFF07461A203B
:1049800000FB0AF0FFF794FF3F1A324643464846C1
:104990000399009704F090FF0D4A4FEA141C64003D
:1049A00004F01E0352F82C40DC4004F003042418E9
:1049B000304641F10001DDE90423C5E900414146EB
:1049C000009704F079FFA7E758A00100889F010035
:1049D000CCA501002DE9F04F1A2700F11905DFF8E9
:1049E000E8A089B004460E46B5FBF7F56F434FEAE1
:1049F000051B0AEB05153A1A0AD1D5E90023C1E9CE
:104A00000023D5E90201C6E9020109B0BDE8F08F33
:104A10002B4B03EBC203D3E9008904AB4046494664
:104A20000093D5E9022304F030FF5AF80B206B689D
:104A3000013ACDE9020106A963F100034046009165
:104A4000494604F022FF8A46029900238146DDE9A7
:104A500006526D18039952EB010828BF012333B1A8
:104A6000049B059A013342F10002CDE90432384635
:104A7000FFF71EFF07462046FFF71AFF3F1A2A4698
:104A8000434648465146009704F016FF0D4A4FEA48
:104A9000141C640004F01E0352F82C40DC4004F0A7
:104AA000030401342418284641F10001DDE9042300
:104AB000C6E900414146009704F0FEFEA3E700BFAF
:104AC000889F010020A6010028A1010070477FB542
:104AD0000BAB059303930A9B029300231846CDE981
:104AE0000033F4F735FD07B05DF804FB00EBC100BF
:104AF000408840087047F8B50346FFF7F7FFB0FA63
:104B000080F0C0F11F0003EB800CDCF81060CA00DD
:104B1000171D0C4606328DB256B9012101FA00F07C
:104B2000D9680143D960CCF81040DD539D52F8BDDF
:104B3000F1000431585AD85303EBC0009E52C5808F
:104B40005D52F4E710B500EBC104E388994202F12D
:104B500004010AD1012303FA02F2C36823EA020323
:104B6000C360002340F8213010BDA28840F82130F6
:104B700000EBC20100EBC300CB808280F4E708B5F4
:104B80000346FFF7B3FFB0FA80F21846BDE80840CD
:104B9000C2F11F02FFF7D6BF2DE9F843B1FA81F346
:104BA000C3F11F0200EB8209D9F8107006460D46CA
:104BB00087B94FF0FF34C3F120039C40F3681C40D9
:104BC00014D094FAA4F2B2FA82F2131D56F82340DC
:104BD000214608E03C464FF0030821463046FFF7E7
:104BE00085FFA84205D33046FFF7ACFF2046BDE85D
:104BF000F88306EBC404E488B8F10108C9F8104052
:104C0000D7D0A742E9D1D4E77FB50BAB0593039387
:104C10000A9B0122029300231846CDE90033F4F7E2
:104C200097FC07B05DF804FB38B50446FFF75EFF5C
:104C30000D46034611462046FFF758FF03449BB23A
:104C400004EBC5055A0020466A80FFF74FFF014478
:104C500024F8313038BD70B50B460446FFF746FFE7
:104C600004EBC305511A9B1A89B203444E009BB250
:104C70006E8004EBC2005D00458024F832102046AF
:104C80001146FFF733FF014424F8313070BD70B591
:104C900009B9002070BD056801F007030B33CC088B
:104CA00004EBD304AB6828469C4228BF1C4621462F
:104CB000FFF772FF06460028EBD001462846FFF7B3
:104CC00015FFA04207D928463219FFF7C4FF114645
:104CD0002846FFF710FF05EBC60210465388043044
:104CE00043F001035380D5E71146FFF7D0BF043AE4
:104CF0002DE9F843CC1D114424F0070421F00706E8
:104D0000A6EB04084FEAD807B7FA87F24FF000097C
:104D1000C2F12405AD000735C2F12002ED080460A0
:104D20004946A760C4F80C90920004F1100004F00A
:104D300055FCAAB2530043F0010363807B1B9BB276
:104D400004EBC5015800A4F80090488024F83520F1
:104D5000A6F8029024F8083004EBC7035A882946C5
:104D600042F001025A802046BDE8F843FFF7C3BE77
:104D70002DE9F04706460D46174698462BB34FF0EF
:104D8000000A98F8004093F80190DB78A40004EB47
:104D9000430498F802301C444444CA4509D33946B8
:104DA0003046AC46D8F8042008F10803BDE8F047C7
:104DB000604714F8013B0AF1010A204648F82340F5
:104DC000F3F79EFB01300444E7E76FF01500BDE800
:104DD000F087002070470FB407B504A951F8040B01
:104DE000019100F0F5F803B05DF804EB04B07047F2
:104DF000038B13F0070306D10368002B18BF0320B1
:104E000008BF00207047022B05D1408BB0FA80F01C
:104E1000400980007047012B04D10368002B18BFA4
:104E20000520EDE70020704710B50C4600B111B920
:104E30006FF0150010BD081D00F088F80028F9D1AA
:104E4000A368032BF6D9F3E72DE9F0410D46074699
:104E50001946281D90461E4600F08CF8044638B1CD
:104E60003346424629463846A446BDE8F0416047ED
:104E7000BDE8F08110B4EFF31182202484F312888E
:104E8000BFF36F8F41615DF8044B0121F4F766B900
:104E900038B50C46054658B151B10B6843B14B6863
:104EA00033B11C22002104F099FB00202C6138BD95
:104EB0006FF01500FBE7F8B504460E46FFF7B4FFA8
:104EC000051E3BDBEFF31182202383F31288BFF32F
:104ED0006F8F4FF6FF71638B278B8B4207F00707AD
:104EE0002ED0062F2FD8DFE807F0182E082E180432
:104EF00018006FF08505002303E00133638302256A
:104F0000012382F31188BFF36F8FBBB100233A46B0
:104F100031462046FFF798FF10E0002333606368B6
:104F200023B9C4E9006627B13D46E4E71E60666028
:104F3000F9E702212046F4F711F93D462846F8BD6D
:104F40006FF00A05D7E76FF00405D4E7034640B1D8
:104F5000426802F00302022A06D0032A04D0012A82
:104F600005D06FF0150070471A68002AF9D00020AC
:104F70009860704710B54268034602F00302022AA7
:104F800081600AD0032A0BD10468002000225A60F5
:104F900008B1FEF713FA204610BD00240068F5E7BB
:104FA00000242046F2E770470020704701F033BD2F
:104FB0000346D3E8EF0F421CC3E8E12F0029F8D1E4
:104FC0007047002108B50846F4F7BCF9002008BD79
:104FD0001FB50023CDE902011A4619461846CDE94E
:104FE0000033F4F7B5FA05B05DF804FB7047002014
:104FF00070474368DA7101224368196043685A7147
:10500000FFF7F4BF70B50E4615461946044618B9A9
:10501000BDE87040F4F75EBA33B1C2F34A231030F2
:10502000120D184404F0B4FAC4E900562046BDE855
:105030007040F4F763BA7FB50BAB059303930A9BFB
:105040000222029300231846CDE90033F4F780FAD8
:1050500007B05DF804FBF8B506460D4614461F463A
:1050600004B9F8BD214628463A46B047241A0544FB
:10507000F6E707B5D1E900328DF807000121526843
:105080000DF107009847002003B05DF804FB0A28E3
:1050900038B504460D4602D10D20FFF7EAFF294638
:1050A0002046FFF7E6FF002038BD2DE9F043054616
:1050B00089B008460E8891F800900C46D1F8088017
:1050C0001746F4F79DFA011EC6F38216C9F3C2090A
:1050D0001FDB4846F4F72EFA0346214651F8102B01
:1050E0006088C2F34A22002A01EB020408BF0021B3
:1050F0000022C0F30B10CDE90507CDE903142846C3
:105100004146CDE900220296F4F7A6FA09B0BDE8BF
:10511000F0830023E1E7436800201B685B68996126
:10512000704743681B681A685268536070470121D2
:105130002DE9F04143681B685A6811771D682F6894
:10514000D5E90136D3E900481CB96B681C60BDE89D
:10515000F081214630464246B847241A0644F3E718
:1051600070B543680C461D686B689869F4F758F988
:10517000214603460F222868BDE87040184730B129
:10518000C38882889B1A8B42B4BF002001207047DD
:1051900030B5BDF80C50059C0D2D11D101258B4269
:1051A000258002DC6FF0150030BD4C1CA4B2415CC0
:1051B000181B1480F6D401F10D03049A1380F3E751
:1051C0000E2D02D000232380ECE7022525805C1AF7
:1051D000012CE7DD4C19455C013189B2415CA4B278
:1051E000181B41EA05211480DCD401F20D139BB297
:1051F000E3E730B501F007040B11251D023103FA76
:1052000005F315D01AB1016809B1914212D1416874
:1052100011B1017A8C420DDC016809B1994209D3C0
:1052200002B102604360037AA342A8BF234603721F
:10523000002030BD6FF01500FBE7F8B50F460121E7
:1052400004461546FFF79BFF064660B12368A28817
:10525000681818445919521B04F0A7F923685F55C0
:10526000A3880133A3803046F8BD38B50D4601212F
:105270000446FFF784FF28B1A3882268D554A38889
:105280000B44A38038BDF8B5054614460F4681B1DE
:105290001146FFF774FF064648B1AB8828682246DE
:1052A0001844394604F074F9AB881C44AC8030468D
:1052B000F8BD0E46FBE7F8B50F4602210546144639
:1052C000FFF75DFF064688B12B68AA886018121B9D
:1052D0001919184404F069F92B68A4B23A0A1A554E
:1052E0002B6823445F70AB880233AB803046F8BD37
:1052F0002DE9F74F0C2905461C460C9F019217D843
:105300004FF0000BD846C9B20C2C24D84FF000093E
:10531000CA46E3B243EA01112846BAB2C9B2FFF75E
:105320008CFF7E1C60BB6FF0150003B0BDE8F08FF2
:10533000B1F5867F06D80D391FFA81FB4FF00108C1
:105340000D21E1E76FF4867211441FFA81FB4FF0E3
:1053500002080E21D8E7B4F5867F07D8A4F10D091D
:105360000D234FF0010A1FFA89F9D3E76FF4867312
:1053700004EB03094FF0020A0E231FFA89F9C9E76B
:10538000B8F1010F34D1B2B228465FFA8BF1FFF7C2
:1053900054FFBE1C0028C6D0BAF1010F32D1B2B200
:1053A00028465FFA89F1FFF748FF01360028BAD096
:1053B000CCB1019BBBB121462846FFF7E0FE002897
:1053C000B1D02868AA8837198119921B384404F093
:1053D000ECF828682246019910FA86F004F0D8F813
:1053E000AB882344AB8008F10100504420449CE783
:1053F000B8F1020FD0D1324659462846FFF75BFF7D
:10540000FE1CC7E7BAF1020FD2D132464946284600
:10541000FFF751FF0236C9E72DE9F04F8B4289B003
:105420008246DDE912B816461F46DDF850900ADDC7
:105430004C1CA4B2455C14801C1B06D4FF2D08D163
:10544000002C40F093806FF01504204609B0BDE8B1
:10545000F08FB8F800100131A8F80010290905F004
:105460000F05ADF81C10ADF81E50002C44D10C29CE
:10547000E9D80C2D18D90DF11A0302930DF11E0372
:10548000CDE9005332463B4650463188FFF780FE57
:10549000041ED8DBB8F80030BDF81A2013449AB2C5
:1054A0009342A8F80030CED1BBF80050BDF81C30B4
:1054B0001D44ABB2ABF80050ED1A18BF0125002D0A
:1054C000C1D1B8F80030BDF81E20134499B28B4208
:1054D00018BF0125A8F80030EB07B4D43CBB002A64
:1054E000B1D1B9F1000F27D1338813449CB2A34244
:1054F0003480A8D13C1BA8E70C29BAD90DF11A04B5
:10550000029407ACCDE900141188FFF741FE041E98
:1055100099DB01D10C2D96D8B8F80030BDF81A20CF
:1055200013449AB29342A8F80030A2D08BE7B9F1A5
:10553000000FD9D0282A86D8BBF80030A9F802205D
:10554000A9F80030348809F104003B1B9342FFF6B0
:105550007AAF0AEB0401059204F01AF8059A144494
:10556000A4B234803C1B7FF570AF6CE700246CE77D
:10557000F8B5089E04469DF81C50BDF8287010B977
:105580006FF01500F8BD0029FAD0002AF8D04FF0CE
:10559000000C01609DF81810C0F804C0090101F06A
:1055A000300141EA831105F00F031943C0F808C028
:1055B000C0F80CC0C280C9B2FFF757FE0028DFD088
:1055C00020469DF82410FFF750FE0028D8D0022175
:1055D0002046FFF7D4FD0028D2D0A2882368390ADC
:1055E0009954236813445F70A3880233A3801EB9C3
:1055F000043500202572C5E7002DF9D02A46314632
:105600002046FFF740FE0028F2D1B9E72DE9F04F20
:105610000E4690469946044695B020B96FF01500A5
:1056200015B0BDE8F08F0BB1002AF7D0A3896289CD
:10563000257AB34205EB020A64D900272C223946A9
:1056400009A8ADF81E50ADF82070ADF8227003F037
:10565000C5FF1FFA8AF35545D4F800B016DA09AA37
:1056600002920DF12202019208AA009229465846A0
:105670000DF11E020593FFF7CFFE00283FDBBDF8BA
:105680002020BDF81E109642059B35D2BDF81EA005
:10569000A2880BEB0A01A2EB0A020BEB050003F058
:1056A00084FF6389A5EB0A0A13FA8AF36381A3884E
:1056B000F11B13FA8AFAA4F804A04B46424620468E
:1056C000009589B2FFF714FE0028A7DB6389BDF8B7
:1056D000241003440544891B63812046BDF826300D
:1056E00000950AAA89B2FFF703FE002896DB6389BA
:1056F00018446081002093E70D461746ABE76FF032
:1057000089008DE70AB1F31A9EB24B4642463146F4
:105710002046CDF800A0FFF7EBFD0028FFF67EAF96
:1057200063891844A38960811E44A681E2E773B5AA
:105730003AB913468DF8042001AAFFF767FF02B0BB
:1057400070BDFE2AD3B203D88DF804300123F3E7ED
:105750004FF6FE74A242C2F3072504D852BA0223C0
:10576000ADF80420E8E76FF07F46B242C2F3074489
:105770002BBF12BA8DF80630042303233ABF8DF8ED
:1057800005508DF804400192D6E74388013B032B76
:1057900015D8DFE803F0020408110079704780880B
:1057A00040BA80B27047037942791B0443EA02236E
:1057B000827943EA02007047406800BA70470020CF
:1057C0007047FF2108B5FFF750FD00280CBF6FF0B0
:1057D0001500002008BD08B5FFF755FD00280CBFD7
:1057E0006FF01500002008BD2DE9F04387B0894611
:1057F00090461E4604469DF8387000284ED0002979
:105800004CD0032A4AD92BB12C22002118467A43C6
:1058100003F0E4FE0025C4F80090A4F80480A4F886
:10582000068065812572A58199F8001001F00F01AD
:10583000082904D96FF04C0007B0BDE8F0830431AB
:1058400041452172F6D827D04FF02C08ADF814103E
:10585000ADF81250ADF81650BD422CBF002308FB26
:10586000056302930DF1120301930DF1160338BF86
:105870006A1C009338BFD5B2E388BDF814102068C5
:1058800005AAFFF7C9FD00280BDBE5D1BDF81230F2
:105890006381BDF81630A3810020CDE76FF01500BD
:1058A000CAE76FF08900C7E72DE9F0478046084650
:1058B00000250E46F2F724FE2C4607462B46BD4235
:1058C0000EDB0021BC4258DA01331B1B32199BB29C
:1058D000002950D00F214046BDE8F047FFF796BEA3
:1058E000735D2F2B13D1AC4206DB6C1CBC42A8BFEE
:1058F0003C462B460135E2E72B1B0B2140469BB271
:105900003219FFF783FE0028EFD0BDE8F0873F2B68
:10591000EFD1AC4209DB6C1CBC42A8BF3C462B4615
:10592000A146B9450BDB0121CCE72B1B0B214046DF
:105930009BB23219FFF76AFE0028ECD0E5E716F8B3
:105940000930262B01D03F2B06D14C4508DB09F14D
:105950000104BC42A8BF3C464B4609F10109E0E7FF
:10596000A9EB04030F2140469BB23219FFF74EFE0C
:105970000028ECD0C9E70B21ADE70020C5E72DE9F1
:10598000F04F17469846C288037A05469A420E465B
:105990004FF0000487B029D04FF02C0AADF8143036
:1059A000ADF81240ADF816400DF1120BBDF81630EF
:1059B000B3421BD8444519D20AFB04F907EB09038B
:1059C000CDE901B30DF116030093EB88BDF8141077
:1059D000286805AAFFF720FD00280BDB37F80930FF
:1059E000B34204BF0134E4B20028DFD1204607B03F
:1059F000BDE8F08F6FF01504F8E718B1006808B142
:105A000000788009704720B1006810B10078C0F3B9
:105A10000110704710B5044608465CB1216859B1C1
:105A20000C7804F00F04621E072A05D822460431C0
:105A300003F0AEFD204610BD0024FBE720B1006856
:105A400010B1408840BA80B270472DE9F04F05464A
:105A500089B00846FFF7D1FF80460846FFF7EEFF02
:105A60009DF848900C4616461F4682460DF1180BCD
:105A7000B9F1000F12D059462046FFF7CBFF0223A1
:105A8000CDE9010B00933A46434631462846CDE91D
:105A9000039AFFF76DFD09B0BDE8F08F4846EEE7C9
:105AA00030B50C4687B005462046FFF7A6FF1146E5
:105AB0001A4603462046FFF7C1FF04900020CDE9B7
:105AC00002000190032000902846FFF751FD07B027
:105AD00030BD08B9002070470029FBD0027A8388C6
:105AE0009B1A42899B1A012B08DD013B0B80037A2C
:105AF00042890068134401331844704700230B8027
:105B0000E8E708B5F3F716FF0138C0B206288CBFE6
:105B10000020012008BD0346017202600020586089
:105B20007047F8B501250C7A0646FFF7EAFF221DFB
:105B300095404B68ADB2B3FBF5F704F0070242EABB
:105B4000071238B109682B448B422CBF0023012374
:105B500042EAC3023046BDE8F8401B21FFF7E7BD2B
:105B600070B501250E7A0446FFF7CBFF321D954034
:105B70004B68ADB2B3FBF5F206F00706120130B187
:105B800032432046BDE870401721FFF7D0BD0968B9
:105B90002B448B422CBF00230123324342EAC30231
:105BA000EFE730B504460D468DB02C22002101A848
:105BB00003F014FD01232946204601AAFFF7DFFE6A
:105BC000002804DD01A8FFF7E0FD0DB030BD6FF047
:105BD0000100FAE72DE9F0410C461B218046FFF752
:105BE000E0FF172105464046FFF7DBFF3C21064654
:105BF0004046FFF7D6FF1C2107464046FFF7D1FF7E
:105C000001464046FFF77DFFF0B1B01C12D0002ED8
:105C100033DB06F0070330111A1D310700FA02F2D8
:105C20002BD4217A08B18B4227D18B42A8BF0B46D7
:105C300062602372BE1C14BF3A46002229462046E9
:105C4000BDE8F041FFF7D5BAA81C10D0002D14DB39
:105C500005F007031A1D2D119540626895420CD17D
:105C6000227A934209DC002F2372A8BF27608B1C85
:105C700014BF0A4600223146E1E76FF01500BDE887
:105C8000F081002373B51B2A0D4606461146ADF878
:105C9000063001D0172A19D13046FFF782FF041EC3
:105CA00011DB0DF106013046FFF713FFBDF806309A
:105CB00069682A680B440AB19A420AD314F00804AE
:105CC00018BF1C466B60204602B070BD6FF0150413
:105CD000F9E76FF07904F6E710B50446FFF711FF16
:105CE00000280CBF17221B222046FFF7CAFF20EA1C
:105CF000E07010BD73B5026A0446E2B9838E642277
:105D0000002B08BF9623066B7343B3FBF2F5AE423C
:105D10000DD204210DEB010000F01CFB019BC6F12C
:105D200001022A44B3FBF2F102FB11331E44266246
:105D3000012002B070BD90F82E000028F9D0D4E9FF
:105D400006319B1841F10001C4E90631E38E0138A8
:105D500053436422B3FBF2F384F82E002362E7E797
:105D6000002303628362704710B54FF4BA620021CA
:105D7000044603F033FC4FF0FF33C4F8C83510BDC0
:105D800038B5044600F5BE70FFF73DFE01281FD070
:105D9000D4E9183213431CD003F06DFA4FF47A752E
:105DA000A0FB053205FB0121D4E91820DB0B43EAF7
:105DB00041439B1AA26F4FEAD13102EB420261EBE1
:105DC00000019A424FF000038B41B4BF0120002034
:105DD00038BD0120FCE710B590F8733404460BB1D0
:105DE000012010BD00F58960FFF7CAFF0028F7D039
:105DF00094F8433A002BF3D104F61820FFF7C0FFC4
:105E000080F00100C0B2ECE7FCF796BA2DE9F0474C
:105E100001F5CA778AB00D464FF486620021064626
:105E2000384603F0DBFBF3F77BFD0446F3F7F4FDA4
:105E30000822288585F82A20236805F11C01EB61DA
:105E4000636805F5BE782B62049033780192CDE942
:105E5000021373784FF4866283F00103009339468E
:105E600001234046FFF784FB041EC0F2A580404694
:105E7000B11CFFF719FD041EC0F29E80D6F88430D5
:105E800013B9D6F88C3043B10C21404696F88320E4
:105E9000FFF74DFC041EC0F28F806F6B47B1404688
:105EA00005F13001FFF75CFE041EC0F2858001277A
:105EB0004FF0000A06F1980996F8EC309A4558DB45
:105EC000D6F88420D6F88CA012B9BAF1000F73D09E
:105ED0000023D5F83C900893BAF1000F70D0B9F1C7
:105EE000000F58D14FF4806748460997D6F8F03034
:105EF00009AA009308A90DF11F03D047041E5BDB1C
:105F0000099ABA4256D803D29DF81F30002B51D0BF
:105F1000089B002B4ED09DF81F3097B2B9F1000FAF
:105F200042D0002B41D02B6C1344EB632C4654F829
:105F30003C3F6BB90621D6F888202046FFF7EBFDE1
:105F4000F3F7EEFC0368C5F88C314368C5F890316F
:105F500021464046FFF7E5FD041E2DDB08234FF4E4
:105F60009271404605F5C672FFF750FB041E41DAF8
:105F700022E039F8041C172900D13FB94A464046AF
:105F800039F8023CFFF742FB041E15DB0AF1010A57
:105F900009F12C0990E7012795F84430286C043367
:105FA0009F40BFB20997A1E723BB4FF0FF33C6F86C
:105FB0008830BBE76FF0150420460AB0BDE8F087D3
:105FC0000892B9F1000F0FD0012795F84430296CE1
:105FD00004339F40A9EB0103BFB29BB29F420A4426
:105FE00028BF1F460892A1E7D6F88870B7F5806FE2
:105FF00015D8BFB24046FFF7E4FB041EDCDB3A468F
:1060000040460899FFF7E7FB041ED5DBEB6B002B3E
:10601000D2D0404605F13C01FFF75EFECCE74FF4DD
:10602000806783E7FCF7FAB970B50D4619460C2373
:106030008AB00446164606A80DEB0302FFF730FDB2
:10604000002807DB2B462046BDF81C200699009649
:10605000F3F7EAFC0AB070BD70B5846E0546DCB19A
:1060600090F82B00B8B103F006F94FF47A76A0FB54
:10607000063206FB0121D5E91820DB0B43EA414338
:106080009B1A4FEAD13161EB0001A34271F100018B
:10609000ACBF0120002070BD2046FCE72DE9F04197
:1060A000D0F8183104460F4686B003B34FF001080C
:1060B00000F12C05D5E8EF6FC5E8E38F002BF9D18F
:1060C000AEB9314616220DF1020003F087FA684698
:1060D000D4F81831D4F87811ADF800708DF8148028
:1060E0009847D5E8EF3FC5E8E26F002AF9D106B03E
:1060F000BDE8F081F8B50446061D4FF0FF334FF0C0
:10610000FF3230460D46FFF77FFE94F8733404F5F6
:1061100089671BB129463846FFF7C0FF3846FFF7AD
:1061200023FE94F8433A04F618241BB1294620466E
:10613000FFF7B4FF2046FFF717FE3046BDE8F840F2
:10614000FFF770BF03F04ABA03F022BA7FB50BAB7A
:10615000059303930A9B0122029300231846CDE97D
:106160000033F3F7F5F907B05DF804FB014600686A
:10617000F4F768B808B5F4F7F9F8BDE80840F4F7A3
:1061800077BD7FB50BAB059303930A9B0122029366
:1061900000231846CDE90033F3F7DAF907B05DF8CC
:1061A00004FBEFF314835A0712D500F1400280EC90
:1061B000100A82EC108AF1EE102AC0F88020012229
:1061C00023F0040380F8842083F31488BFF36F8FD7
:1061D000704790F884308BB1EFF3148343F00403DD
:1061E00083F31488BFF36F8FD0F88030E1EE103A5C
:1061F00000F1400390EC100A93EC108A70470021E4
:106200000120F4F71FB8436E83F30B887047F4F74F
:10621000D9BC61B662B680F31188BFF36F8F704747
:1062200072B6002383F31188BFF36F8FBFF34F8FD4
:1062300030BF62B6BFF36F8F704772B6002383F32F
:106240001188BFF36F8FBFF34F8F20BF80F311888A
:10625000BFF36F8F62B6704740E800F313F4803FDE
:10626000D8B208BF6FF0150070477FB50BAB059330
:1062700003930A9B0122029300231846CDE90033C1
:10628000F3F766F907B05DF804FB30B50C684B68AE
:1062900085B00A894D890094013B24F01F042344F2
:1062A00002F01F0242EA451223F01F0369468DF8EF
:1062B00008200393F4F7AAFD05B030BD08B5D1E975
:1062C00004319847002008BD08B5F4F7C1FF00204D
:1062D00008BD0CB4034607B504AA084652F8041BCF
:1062E000DB680192984703B05DF804EB02B0704799
:1062F000FCF722B8FCF792B8F4F7EABF0CB40346F7
:1063000007B504AA084652F8041BDB6801929847B7
:1063100003B05DF804EB02B0704770B5141E05467B
:106320000E4613DB4FF4004C40F2E73000214FF4EF
:106330007A720023E4FB0C01F2F7C0F802460B4628
:1063400031462846BDE87040F5F764B84FF0FF329B
:106350001346F5E70022F5F77FB9FBF7EDBFFCF731
:106360005DB838B103682BB11B689B682BB15B68C3
:106370001BB1184700239B68FFDE0020704708B55B
:10638000F5F770FAF5F7C6FAF3F738FB002008BD09
:1063900010B1006800B14068704710B1006800B1EA
:1063A0000068704728B1006818B1C069003818BF8C
:1063B0000120704738B1006828B10C30D0E8AF0F29
:1063C000084100F00100704760B1036853B1012239
:1063D0000C3302FA01F1D3E8EF0F0843C3E8E20FF0
:1063E000002AF8D1704768B103685BB1012202FA54
:1063F00001F1C9430C33D3E8EF0F0840C3E8E20FC3
:10640000002AF8D17047FBF797BF4FF0FF324FF0EB
:10641000FF331830FFF7F7BF10B50346FFF7B8FF9B
:1064200028B1C2681AB1BDE810401846104710BD27
:10643000FBF7F4BF2DE9F04103680021044693F80F
:106440002060FFF7B7FF90BB02252368002B4BD0DD
:106450002746204683F82050FFF7D7FF57F8188BC0
:1064600002F009FF4FF47A72A0FB020302FB013134
:10647000C00B40EA4140C90BC8E90A013846FFF7A2
:10648000D7FF236893F82030AB422DD1062D24D1BD
:10649000062E29D008212046FFF796FF2046FFF759
:1064A00081FF08BB2046BDE8F041FFF7B5BF20469D
:1064B000FFF773FF02F0BBFB68B109212046FFF72D
:1064C00079FF0028C0D00A212046FFF773FFC0F1F2
:1064D0000605EDB2B9E70325B7E7062E04D108217A
:1064E0002046FFF780FFD9E7BDE8F08138B50546C3
:1064F000FFF78BFF00212846FFF75CFF10BB284603
:10650000FFF746FF044680B1846874B12846FFF760
:1065100044FF02F08CFBC0B12846FFF739FF012190
:10652000836828469847041E06DB28460021FFF7AB
:106530004BFF2846FFF77EFF05F11800FFF778FFB5
:10654000204638BD6FF07704F6E76FF00504F3E7F7
:1065500008B50346FFF726FF48B11846FFF71DFFB1
:106560008368986818B18047C31E5842584108BDD7
:106570000C220369C9B202FB0133186C00F007005A
:10658000704770B50346C9B20069EFF31186202445
:1065900084F31288BFF36F8F0C2505FB0104246C74
:1065A00014F0C00401D0A24211D1012205FB010068
:1065B0000264002086F31188BFF36F8F30B90C227C
:1065C0005B6802FB01335B689847002070BD4FF0A9
:1065D000FF30EFE78022FFF7D4BFF8B5069F0546EE
:1065E0000469C9B2EFF3118C202080F31288BFF345
:1065F0006F8F0C2606FB0146306C00F0070EBEF1D3
:10660000010F10D1376400268CF31188BFF36F8F10
:106610003EB90C2041430C44C4E90E236B685B581F
:1066200098473046F8BD00F0C00087420CBF6FF0BD
:1066300077064FF0FF36E7E713B580240094FFF7A5
:10664000CCFF02B010BD10B41C240069CBB204FB17
:10665000030000215DF8044B10471046FBF760BFB4
:1066600000F031BFF8F77ABC084608B51146F8F7D4
:1066700043FB002818BF6FF0040008BD08B500F008
:10668000B0FE002818BF6FF0040008BD436800206A
:106690005B681B690B607047436802EA01005B6836
:1066A00021EA020198600020D96070474368002009
:1066B0005B6899607047436800205B68D9607047E9
:1066C00043685B685A6821EA020011409860002024
:1066D000D960704730B50369586800B30024884218
:1066E00019D108688CB99C685860A14200D19860A3
:1066F000002008602AB15A680A609A68596002B995
:10670000996000200FE02846E9E720609868814200
:1067100008BF9C60ECE705680446002DF3D1002A11
:10672000E9D16FF0150030BDF8F76CBD30B54368A6
:106730001360057A446804EBC504A34202D36FF0EA
:10674000010030BD5C7908338C42F1D10020F8E7BC
:1067500043681B68D3F88004C3F88004704742681C
:106760001368D3F8100150B10020D26912780A7072
:10677000C3F81001D3F8102101221A6070474FF0BE
:10678000FF307047002A0FDD42681368D3F810010C
:1067900058B10020C3F81001D3F810010120D269CC
:1067A00012780A70186070470020704710B543686F
:1067B0001C680369EFF31180202282F31288BFF373
:1067C0006F8F1A68D17B39B9917301221B68DA7314
:1067D0004FF48003C4F8043380F31188BFF36F8F44
:1067E00010BD03691A68D17B21B101219173002288
:1067F0001B68DA737047026903461168C87B40B1B1
:106800005B681B68D3F8580118B100230B6113684B
:106810009889704743681B68D3F81001003818BF87
:106820000120704743681B68D3F80423D2065CBF7D
:106830001022C3F80423704743681B68D3F804236D
:10684000D20644BF1022C3F8082370474FF40072E9
:1068500043681B68C3F8042370474FF40072436811
:106860001B68C3F80823704738B5436804461D68A1
:10687000D5F804335B0205D4D5F8040310F01000FA
:1068800006D138BDFFF7B7FF0028F5D00120F8E7A3
:106890002046BDE83840FFF7BDBF012070470369BF
:1068A000186801601B685A60704702680346D2F896
:1068B000580140B95B68DB0706D4D2F820010038E4
:1068C00018BF012070470120704710B44368026967
:1068D0001B68D3F80413C90517D5D3F82011A1B14B
:1068E000EFF31181202484F31288BFF36F8FD3F864
:1068F000204134B10024C3F82041D3F820410124C1
:10690000DC6081F31188BFF36F8F1168D3F85841B1
:1069100071B184B100240C611168C97B19B94FF4BD
:106920008001C3F8081311688C7B24B100238B739A
:106930005DF8044B7047D3F8241121B10021C3F84E
:106940002411D3F8243112681368002BF0D0516859
:106950005DF8044B184713B501AA0446FFF7E6FE9D
:10696000002805DB019B226819791868F5F708FBF8
:1069700002B010BD2DE9F0410669054633680127D4
:106980009C8910339442A8BF1446D3E8EF2F002A05
:1069900003D1C3E8E07F0028F7D10CBF3B460023BA
:1069A0002BD133682246986802F0F2FDEFF311888C
:1069B000202383F31288BFF36F8F69680846FFF7BF
:1069C00074FF326840B90446106188F31188BFF340
:1069D0006F8F2046BDE8F0810B689268C3F84425AC
:1069E0000022C3F84845C3F82021D3F82011C3F88A
:1069F0005821D3F858219F60E7E71C46E9E70022B9
:106A000000F150039B009BB203F1804303F5A833D0
:106A10001A601B68704708B5F5F7D6FC08BD7FB54E
:106A20000BAB059303930A9B029300231846CDE911
:106A30000033F2F78DFD07B05DF804FB02F0DBB820
:106A400002F0B6BAFBF76CBD38B54B1C054617D043
:106A50004FF4004C21EAE17440F2E73000214FF49A
:106A60007A720023E4FB0C01F1F728FD02460B4685
:106A70002846FBF78FFD002818BF6FF00A0038BDCD
:106A80004FF0FF321346F3E7FBF7C8BC38B54B1C99
:106A9000054617D04FF4004C21EAE17440F2E7308C
:106AA00000214FF47A720023E4FB0C01F1F706FD9C
:106AB00002460B462846FBF73FFC002818BF6FF044
:106AC0000A0038BD4FF0FF321346F3E71FB5044606
:106AD0000068F6F737F860B1426A52B1436801A81E
:106AE0000193A36803936368002B18BF0B230293E1
:106AF000904704B010BD0020704737B505460068C8
:106B0000F6F720F8044688B1C3697BB14268009269
:106B1000028C6846ADF80420EA88ADF80620984754
:106B200094F8223013B10023E361236203B030BD37
:106B300038B50C4605461822002102F04FFD638847
:106B400002226B802B4604F1140123F8042B221D32
:106B500052F8040B8A4243F8040BF9D1237D2B75BC
:106B600038BD38B50B46044616220021184602F0FF
:106B700035FD6288022142800246034622F8041B4A
:106B800004F11400211D51F8045B814242F8045BBA
:106B9000F9D1227D1A7538BD006801F082BA03462A
:106BA00010B51C680B880846012B86B00DD14A88A9
:106BB000ADF80030ADF8022008224B680193694619
:106BC000204601F086F906B010BD022B04D16946BB
:106BD000FFF7C7FF1622F2E7204606B0BDE81040D7
:106BE00001F077B938B5044604B938BDE0692568C5
:106BF00002F0C6FC204602F0C3FC2C46F4E72DE967
:106C0000F04F14460E4600218BB00546202202A804
:106C10001F46019102F0E2FC5CB163680293E368F5
:106C20000493A368039323690593236A03B108932C
:106C300002AC31462246284601ABF9F759FB06461D
:106C400048B9804681464FF0180A019D386035B931
:106C5000019801F0DDF830460BB0BDE8F08F54200C
:106C6000FCF7EEFB0446002836D0C0F80090C0F8D0
:106C700020902B684360AB68C3606B688360EB68EF
:106C80000361D5F804B0BBF1010F14D10820FCF763
:106C9000D7FBE061E8B10823A3616B695A88A0F8CB
:106CA00000B042805B684360B8F1000F21D13C60C6
:106CB000A046ED69CBE7BBF1020F15D11820FCF718
:106CC000BFFBE06128B1C4F818A06969FFF730FF85
:106CD000EAE7204602F054FC6FF009063868FFF737
:106CE00081FF00233B60B3E702F04AFC6FF005062A
:106CF000F4E7C8F80040DBE7FBF71EBB10B504461D
:106D00000068F5F71FFF30B1B4F906100C30BDE88C
:106D10001040FCF753BB10BDFBF780BB002307B549
:106D2000CDE90033F6F70AF903B05DF804FB2DE96D
:106D3000F04F054680688BB00C46DDE9146791463C
:106D40009A4608B1FFF7E8FFD5F800B006B1AFB931
:106D500000232146CDE900334A465346584601F008
:106D6000AEFB0446A86828B14FF0FF324FF0FF3366
:106D7000FFF7C2FF20460BB0BDE8F08F0DF1100801
:106D800016220021404602F029FC162203AB2146C0
:106D9000CDE90083039253464A46584601F08FFBE3
:106DA000041EDFDBBDF81030012B0AD1039A082A3C
:106DB000D8D13380BDF81210059B718073603A60A2
:106DC000D0E7022BCED1039B162BCBD141463046C8
:106DD000FFF7AEFE18233B60C4E7002307B5CDE9FB
:106DE0000033FFF7A4FF03B05DF804FB38B5054698
:106DF0000068F9F7D1FD044610B92846F6F770F996
:106E0000204638BD7FB50BAB059303930A9B0293D5
:106E100000231846CDE90033F2F79AFB07B05DF87E
:106E200004FB7FB50BAB059303930A9B02930023EE
:106E30001846CDE90033F2F78BFB07B05DF804FB91
:106E4000F6F7B0BB03780D2B07D143780A2B04D19A
:106E50008078003818BF01207047002070472DE966
:106E6000F04F9946002385B006468B469046CDE903
:106E700001339DF838A00393002A4AD0B9F1000FDE
:106E800047D0F6F71DFD0446E0B90025B3682F464C
:106E9000013B994229469CBF3368C6E90130CDE9E0
:106EA0000117304601A98DF80C50F6F71DFDDDE9FC
:106EB0000117B3680446013B9B459DF80C5005D96A
:106EC0000028ECD0204605B0BDE8F08F0028F9D1AD
:106ED000013D082D20D8DFE805F0080808081F0844
:106EE000080508006FF03C04ECE7BAF1000F04D08D
:106EF000C8F80010C9F80070E4E7D9F800207B1C3E
:106F00009A420CD33A46404602F042FB08F807A0EA
:106F1000F0E76FF01504D5E76FF05E04D2E76FF08D
:106F20000B04CFE77FB5002306460D46CDE90133BC
:106F30000393A1B1F6F7C4FC044668B9304601A931
:106F4000F6F7D2FC0028F9D0B3682B60431D03D0BC
:106F50000B3018BF6FF04C04204604B070BD6FF0CA
:106F60001504F9E70223F6F763BD13B50024009476
:106F7000FFF775FF02B010BD0B7830B5412B22D062
:106F800017D8252B03D003F0F703232B13D14B780D
:106F90005A2B15D8402B02D8303B092B0BD84B1C51
:106FA0005C785D1C3A2C2FD025D8303C092C02D8B7
:106FB00025E0612B07D00023C0E90033836030BD9A
:106FC000613B192BEAE74B7803F0DF03542BF2D136
:106FD0008B788D1C233BDBB2082B05D840F20514BF
:106FE00024FA03F3DB0717D402B115606D1A0160B0
:106FF00045600323E2E75A2C03D8402CDBD92B460B
:10700000CEE7613C192CD2E70233E2B95B1A013BAF
:10701000436001600423D1E7CB785A2B10D8402B72
:1070200002D8303B092BDFD8CB1C5C785D1C3F2C91
:1070300021D017D8392C08D82F2CD5D92B46F4E7D6
:10704000613B192BEFE71360E0E73D2CCCD16C7866
:107050003F2C18D1033302BB5B1A023B4360016033
:107060000123ABE75A2C02D8402CE7D1BCE7613CA6
:10707000192CE3D9B8E702336AB95B1A013B4360C4
:10708000016002239AE7023302B113605B1A013BED
:1070900001604360ADE71360EFE71360DCE730B5F4
:1070A0000B78203B192B47D8DFE803F00D4620462C
:1070B000464646464146464B6D4B46467889898949
:1070C0008989898989894C784B1C223C172C33D8B3
:1070D000DFE804F04532323232324A3232535A5308
:1070E0003232657777777777777777774B781BB317
:1070F0000131222B67D00C4614F8013FE3B1222B5B
:10710000FAD10B4621464C782C2C14BF4D1C8D1CFB
:1071100015F8014C02B11560C91A036006234160DD
:1071200003722C2C14BF00230123437208E04B7818
:1071300013B1283B012B48D80023C0E900338360FA
:1071400030BD4B78313B082BF6D80B46013111F896
:10715000014F2C2C4FD0303C092CF8D923E08B78F0
:10716000002BE9D00231C4E78D78292DE4D0282DF9
:10717000E2D08C1C19464DBBDEE78C78313C082CE4
:10718000DAD80231E3E70B460AB1591C11600360FB
:10719000002343604FF484730381D1E70B465C788E
:1071A000591C2C2C27D00C4611F8015C02B111603F
:1071B000E41A03600523446003722C2DB2E70B46EA
:1071C000C5E71946C3E70B469DE74C1C6578282D9B
:1071D000B2D0292D01D00134CDE7A578A31C2C2DE8
:1071E0000CD01C4614F8015C02B114605B1A4360B9
:1071F00001600723E0E70C460131D5E70334F1E7EE
:1072000008B5F6F7D7FD002008BDF7F7C9B8F7F7BE
:10721000F5B8F7F737B9F7F741B8F6F76DBF08B922
:10722000F7F7A0BA70477FB50BAB059303930A9BA2
:107230000122029300231846CDE90033F2F788F9C2
:1072400007B05DF804FB7FB50BAB059303930A9B76
:107250000122029300231846CDE90033F2F778F9B2
:1072600007B05DF804FB7FB50BAB059303930A9B56
:10727000029300231846CDE90033F2F769F907B00D
:107280005DF804FB08B5F6F71BFF18B9BDE8084028
:10729000F6F7E8BF08BD7FB50BAB059303930A9BD8
:1072A0000122029300231846CDE90033F2F750F98A
:1072B00007B05DF804FB7FB50BAB059303930A9B06
:1072C000029300231846CDE90033F2F741F907B0E5
:1072D0005DF804FB7FB50BAB059303930A9B01227A
:1072E000029300231846CDE90033F2F731F907B0D5
:1072F0005DF804FB7FB50BAB059303930A9B0293E8
:1073000000231846CDE90033F2F722F907B05DF803
:1073100004FB7FB50BAB059303930A9B01220293F9
:1073200000231846CDE90033F2F712F907B05DF8F3
:1073300004FB7FB50BAB059303930A9B01220293D9
:1073400000231846CDE90033F2F702F907B05DF8E3
:1073500004FB08B500F045F848B1002383F3118819
:10736000BFF36F8F0423184602DF6FF0040008BDDF
:107370007FB50BAB059303930A9B01220293002375
:107380001846CDE90033F2F7E3F807B05DF804FBE7
:1073900000B589B006AB02930823039301AB0493B5
:1073A00004230791CDE9053004AA062002A9F7F7C6
:1073B0007DFC02280AD003280BD068B90198003858
:1073C00018BF0120404209B05DF804FB6FF01500C2
:1073D000F9E76FF08500F6E74FF0FF30F3E70020A4
:1073E00070470020704703460020184701F003BC97
:1073F000024610B5116891B1B1FA81F3C3F11F00D3
:107400000123834021EA0303D2E8EF4F8C4204D1E9
:10741000C2E8EC3FBCF1000FF6D1EBD110BD6FF02C
:107420000B00FBE710B50368CB40DB0710D401234A
:107430008B40026843EA0201D0E8EF4F944204D146
:10744000C0E8EC1FBCF1000FF6D1F2D1002010BD56
:107450006FF01500FBE770B5D0F880300646002BC2
:107460000C46154613DBD1F88030002B0FDB0021D2
:107470000846F7F795FC48B92B7843F00043C6F867
:1074800080302B7843F00043C4F8803070BD6FF03B
:107490001500FBE710B1012802D07047F7F75EBD79
:1074A000F7F7FCBC18B1012803D100F00AB800F0CE
:1074B0000AB8704708B5F7F70DFDBDE80840F7F7C3
:1074C00091BDF7F7BFBCF7F71DBD1FB50DF10F0359
:1074D000019300238DF80F101A4619460093F7F711
:1074E000B3FD05B05DF804FB70B5CBB2083330F8DE
:1074F00013301646DA0504460D4609D5C3F3432377
:1075000000EBC302314650F83330526828469847A2
:10751000A3682BB131462846E268BDE870401847A1
:1075200070BD10B4CBB200EB43039A8AD1051CD5D1
:10753000C2F3432122F4F8529A8200F1520400F17E
:10754000120232F8023F13F4807F03D0C3F34323C7
:1075500099420AD0A242F4D1002200EBC1035A6042
:107560005DF8044B5830FFF75DBF5DF8044B704782
:10757000F0B50446002001270546844695420AD10D
:10758000D4F87C3133B10023C4F87C31D4F87C3199
:1075900040F00040F0BDEBB29B0003F580769B0805
:1075A00007FA03F3194208D054F806E0BEF1000FC1
:1075B00003D044F806C0A65918430135DEE7024659
:1075C000CBB202EB43039B8A0846990611D5990773
:1075D0000FD4012110685B0B9940C0F808131268A2
:1075E00002EB8303D3F8102522F00302C3F8102521
:1075F00070470021FFF769BFF0B5136805460C46D8
:10760000164685B0DBB1CFB200EB4707BA8A02F06D
:107610002202222A1ED000222046CDE900228DF827
:107620000E208DF80F200DF10E010DF10F02F7F76E
:107630000BFDBB8A23F0020343F00103BB82736896
:107640002BB31A785868E3B205EB4303998A8F0786
:1076500003D5B0B16FF015001CE021F4604121F0BA
:107660002001998268B1032AF4D8716849680F78BB
:1076700029684FEA870C614472B9C1F81025C1F836
:107680001025998A21F01C0141EA82029A82B3688E
:1076900043BB002005B0F0BDD1F8100520F0030079
:1076A000C1F8100528686044D0F8101521F447315E
:1076B00021F44071C0F810152102D0F810C501F472
:1076C000F85141EA024141EA0C01C0F8101505EBFE
:1076D0004701A1F85C40998A41EA473141F0200115
:1076E0009982CEE72146D3E900672846FFF719FFC4
:1076F000002ECED06B689E4206D005F15800FFF7F1
:1077000077FE002804DAC5E7AB689F42F5D1002078
:1077100005EBC003C3E90167E4B205EB4404A38AA7
:10772000C0B243EA402343F48073A382B1E7F0B5CB
:1077300006460C461F4685B0F2B1CDB200EB4505BA
:10774000AB8A980701D499061ED413F01C0F02D0FF
:107750005378012B18D001238DF80F3000232046D9
:10776000CDE900230DF10F01931C0132F7F76CFCFA
:10777000AB8A43F00303AB82002F3DD0E2B206EBAD
:107780004202938A9B0703D46FF0150005B0F0BD49
:107790000021387833684FEA800C03EB8003C3F88C
:1077A0001015C3F81015938A23F4604323F02003C7
:1077B00093827D7805B33168BF786144D1F8103584
:1077C0002D0423F4981323F4F853C1F81035230241
:1077D00003F4F85305F440353F05D1F810652B4309
:1077E00007F480173B433343C1F81035938A43EACB
:1077F000403343F0200393820020C7E7C0E903121F
:107800007047C9B200EB4100838A990643BF5B0B06
:10781000002013706FF01500704790F86C0000386E
:1078200018BF01207047F7F76BBC73B50C46C9B29F
:1078300000EB41018B8A05689E0619D513F00206FC
:1078400016D15B0B9C0004F580716E50695801687D
:107850002144D1F8104544F00104C1F810452AB183
:107860000122016802FA03F3C1F8043302B070BDCB
:10787000D5F80433002BA4BF4FF00043C5F8043300
:107880008B8AC3F38203042B11D0052B11D001A8DE
:107890000194F7F7CDFB019A0369D34003F001038C
:1078A000991C204602B0BDE87040FFF70EBE0321D0
:1078B000F7E70221F5E7FFF782BE03460020884282
:1078C00000D170471A5C002AFBD00130F7E7002096
:1078D000704700207047002070470020704700204C
:1078E0007047F7F79FBE022904D0042906D001296A
:1078F00000D17047806808B1F5F7BAB87047F7F75C
:10790000B5BE002210B50468944200D110BD00EB52
:10791000C2014B68013223F0FF0343F003034B60C5
:10792000F2E70420F7F792BD0420F7F797BD08B5FA
:10793000F7F75AFDBDE80840FAF70CBA38B5044627
:107940000025031D2268AA4201D8002319E04FF048
:107950000002D3E8CF0F032804D1C3E8CC2FBCF139
:10796000000FF6D102D008330135EBE701EB8513A8
:1079700018464022002101F031FE034604EBC50405
:10798000A060184638BD0830704770B506460D46F1
:1079900031B10846F5F764F8044610B9002070BD0F
:1079A0000C463046F7F768FE40B9002CF6D020466A
:1079B000F5F75EF80120F5F729F8EFE70661C560F5
:1079C00040F8084FEBE740EA0141104640F8081D37
:1079D000F7F764BEF7F75CBEF7F754BEF5F740B8AB
:1079E00008B5F5F745F8BDE808400120F5F70EB8F1
:1079F0000429F8B50546174604D0102910D00024F4
:107A00002046F8BD0820F5F71DF804460028F7D0F9
:107A1000002343600123478003802B684360EFE726
:107A20001620F5F70FF804460028E9D0061D1222AB
:107A30000021304601F0D2FD022323802B466780CF
:107A400005F1100253F8041B934246F8041BF9D1C8
:107A5000D6E7134609B9116070470A88012A02D097
:107A6000022A07D070471A68082A28BF08221A601D
:107A700001F08EBD1A68162A28BF1622F7E708B54E
:107A8000F8F794FB40B100F11C03D3E8EF1F01317C
:107A9000C3E8E21F002AF8D108BD006808B1F8F772
:107AA00011BB704737B50025036804460093838FE8
:107AB0006846ADF80650ADF8043000F0D3FD38B19B
:107AC000A36B6846984794F83E300BB1A563E56315
:107AD00003B030BD1FB503680392CDE90131036CDB
:107AE00001A8984705B05DF804FB4068003818BF4E
:107AF0000120704700230B60836813B9C0E90111AE
:107B0000704719608160704738B505460C46F7F735
:107B1000CBFDAA68236894426B6008BFAB6000236A
:107B20002046236000F056F9BDE83840F7F7C2BDA3
:107B3000406870470069431E5842584170470069C9
:107B4000831E5842584170470069C31E584258412D
:107B5000704740F211134069B0F5817F18BF984219
:107B60000CBF01200020704790F82000C0F34000B7
:107B7000704790F82000C0F38000704790F8200014
:107B8000C0F3C0007047406C00F00100704790F8EF
:107B9000200000F0010070470369012B05D18069C6
:107BA000A0F180035842584170470020704790F878
:107BB0002000C0097047806920F08000003818BF9D
:107BC0000120704790F82000C0F340107047806B90
:107BD000003818BF01207047006C003818BF012022
:107BE000704790F83400431E58425841704708B51A
:107BF00090F82030024613F001030BD1FFF7DBFFB2
:107C000028B91046FFF7C8FF80F00100C3B203F0A7
:107C1000010008BD0023FAE770B504460D4616467C
:107C20002046FFF7E4FF70B155B1284600F0C1F8D7
:107C300048B931460220F4F7D5FD0028F0D070BDD8
:107C40006368002BF5D00020F9E74068003818BFC2
:107C50000120704790F82200003818BF01207047BB
:107C6000014610B5FFF7A7FF91F82040C4F3401379
:107C700040EA03020B6982F00102012B14BF0123C9
:107C8000C4F38003D2B208461A40FFF762FF48B13E
:107C9000C4F300140846FFF77FFF224080F0010084
:107CA000104010BD0124F5E710B50C46F8F77EFA38
:107CB00028B190F8203064F3861380F8203010BD8E
:107CC00010B50C46F8F772FA28B190F8213064F339
:107CD000000380F8213010BDD0E9092353EA0201E6
:107CE00009D04FF47A71B3FBF1F001FB02000128D7
:107CF000B8BF012070474FF0FF307047D0E90B2329
:107D000053EA020109D04FF47A71B3FBF1F001FBA1
:107D100002000128B8BF012070474FF0FF307047C4
:107D2000013802288CBF002001207047013802284A
:107D30008CBF0020012070470088012807D002383E
:107D400018BF0120162908BF40F001007047A1F1BB
:107D50000803584258417047FF2818D007DC06280E
:107D60000ED0112811D0B0FA80F040097047B0F55C
:107D7000817F05D040F21113984206D00020704751
:107D8000012914BF0020012070470229F9E70329C7
:107D9000F7E7C368012B03D0022B07D001207047FF
:107DA0000888012814BF0020012070470888022895
:107DB000F8E700B10068003818BF0120704700B133
:107DC00000687047438940681844704702894089B9
:107DD000101A704710B504464068FFF7FBFDE068D5
:107DE00008B1F4F737FE2046BDE81040F4F732BE84
:107DF00010B50446206800B910BD6268036890425F
:107E0000236008BF6360FFF7E5FFF3E700F02BBDD9
:107E100038B5044604B938BD6069E56908B1F4F7BE
:107E200019FEA06908B1F4F715FE2046F4F712FE1A
:107E30002C46EFE77FB506460D461446F7F7F2FBF2
:107E400038B90120F4F79EFD4FF0FF33184604B017
:107E500070BD731E012B01D96A20F3E715B15CB91F
:107E60001620EFE7002CFBD100211C20FFF78DFD31
:107E7000044640B96920E5E7012E02D1042CF3D075
:107E8000EEE7102CFBE795B1012E14BF102204225F
:107E900029464261183001F07BFB214647F20F0072
:107EA00001AAF9F759F903460028CFD0CAE70575AA
:107EB00045758575C575F0E710B5044600F0D1FC31
:107EC00023684360A36983602046BDE8104000F04A
:107ED000CABC73B506460C461546FFF7D0FD0190A7
:107EE00050B90920F4F74EFD4FF0FF3401A8FFF719
:107EF000D4FD204602B070BDFFF75DFE019B08B1C6
:107F00009869EFE71846FFF734FE08B17F20E9E7EC
:107F10000198FFF729FE08B17820E3E70CB90E209D
:107F2000E0E721460198FFF734FF08B96A20D9E756
:107F300029462046FFF700FF08B91620D2E701982E
:107F4000FFF721FE054620B1019B5D69113D18BF79
:107F5000012500211C20FFF718FD024608B9692001
:107F6000C0E706612388012B11D0022B18D001999C
:107F7000042091F8203043F0020381F8203047F2CA
:107F80000201D560FFF71FFDDDB17720AAE7638806
:107F90008382042383750023C37563688361E6E7E6
:107FA000638800F118018382102383750023C37551
:107FB000231D143453F8040BA34241F8040BF9D1E8
:107FC000D5E70198FFF79AFE00900198FFF7CCFDE6
:107FD00020B90198846984B1204683E7694602206C
:107FE000F4F700FC10F10B0F05D00028EDD00028AD
:107FF000B8BF404276E7742074E7FFF7AAFD002877
:108000003FF474AFDDE90010F8F716FF04466DE7A2
:1080100030B585B005460C46F8F7C8F838B90920E0
:10802000F4F7B0FC4FF0FF33184605B030BD0CB983
:108030000E20F5E72146FFF7ACFE08B96A20EFE70E
:1080400000211C20FFF7A1FC014608B96920E7E7E1
:1080500005612388012B0AD0022B11D047F20500BD
:1080600001AAF9F779F803460028DDD0D8E763883C
:108070008382042383750023C37563688361EDE7FE
:10808000638800F118028382102383750023C3756F
:10809000231D143453F8040BA34242F8040BF9D106
:1080A000DCE730B585B005460C46F8F77FF838B9FF
:1080B0000920F4F767FC4FF0FF33184605B030BDD8
:1080C000FFF738FD08B95F20F3E700210C20FFF728
:1080D0005CFC014608B96920EBE724EAE474056119
:1080E000446101AA47F20800F9F736F80346002870
:1080F000E3D0DEE7F0B595B007460D461446FFF72E
:10810000BEFC019050B90920F4F73CFC4FF0FF345D
:1081100001A8FFF7C2FC204615B0F0BD15B11CB98F
:108120000E20F1E7002CFBD1FFF704FD08B95F201A
:10813000EAE70198FFF727FD28B10198FFF78AFDCC
:1081400008B90B20E0E70198FFF7C6FD0090019801
:10815000FFF71DFD019B50B10198FFF77BFD002843
:10816000D1D0F7F7EFFF064680B91720CCE71846C5
:10817000FFF770FD0028EFD169460220F4F732FBCB
:108180000028E4D00028B8BF4042BDE70021082005
:10819000FFF7FBFB014620B93046F8F719F86920D4
:1081A000B2E70761039675B17CB9234647F20C002C
:1081B00002AA0493F8F7D0FF074640B13046F8F71B
:1081C00007F83846A0E72B46F0E70BABEEE73DB1EA
:1081D00034B1BDF83E30042B04D0102B15D02760ED
:1081E000346895E701232768ADF81430082F28BFBD
:1081F0000827BDF83C30ADF81630109B06933A4680
:10820000284605A901F0C4F9E9E70223ADF81430C6
:10821000BDF83C3006AFADF8163014ABADF8280011
:1082200013E90F0087E80F002768162F28BF1627CD
:10823000E5E72DE9F04F89B016469846129F039066
:10824000019103F0400503F40079F7F7AFFF04460E
:1082500038B90920F4F796FB4FF0FF3009B0BDE8BC
:10826000F08FFFF7B9FC38F41073009003D125B1FB
:10827000B9F1000F07D05F20ECE7B9F1000F02D091
:10828000009B002BF7D12046FFF738FD0490B9F191
:10829000000F0FD12046FFF776FC70B9C5F38018A8
:1082A0002046FFF79EFC58B12046FFF784FC80B1C2
:1082B000A069CFE74FF00008F2E74FF00108EFE7C1
:1082C0002046FFF778FC0028F2D12046FFF764FC37
:1082D000EDE72046FFF733FC30B12046FFF749FCBD
:1082E00010B90FB97920B5E72046FFF728FC002820
:1082F0003CD0002F40D147F2060B2046FFF71AFC76
:1083000040B12046FFF725FC20B1B6F5006F28BF2D
:108310004FF40066FFF760FBB04207D22046FFF73C
:1083200009FC00283FD0FFF757FB064647F206033B
:108330009B450CBF0E232223002502932046FFF706
:1083400041FC18B12046FFF752FC70BB3146029841
:10835000FFF71BFB8246002836D1012004A9F4F761
:1083600041FA68BBB8F1000FF0D021E02046FFF7DA
:10837000EBFB0028BDD1BEE739462046FFF709FDDB
:1083800008B96A2066E738461399FFF7D5FC08B9A3
:1083900016205FE72046FFF7DCFB08B17F2059E796
:1083A00047F2070BA9E77A2054E7B8F1000F01D094
:1083B0000B204FE7022004A9F4F714FA0028BDD0DF
:1083C0000028B8BF404245E7039B0361019B23B1EE
:1083D00032461946006801F0DBF894F8340020B109
:1083E000F8F7AEFE002284F83420B9F1000F01D076
:1083F00040F04000BDF9002040EAC210B9F1000F82
:1084000001D1009B73B1049A531C21D04FF47A75AB
:1084100092FBF5F5ADB2B5F5167F19D8B2F57A7FB6
:10842000B8BF012547F207029345CAF8140034D1BA
:10843000AAF82C503A88012A0DD0022A18D05146A9
:10844000584605AAF8F788FE034648BB069805E794
:108450004FF41675E6E77A88AAF8182004228AF8FD
:108460001A2000228AF81B207A68CAF81C20E6E746
:108470007A880AF11C01AAF8182010228AF81A201A
:10848000002207F114008AF81B203A1D52F804CB91
:10849000824241F804CBF9D1D1E7AAF81850CEE7CF
:1084A0000C2803DC0A2805DC1846D3E68C283FF4A8
:1084B000D1AEF9E7B8F1000F3FF440AF78E72DE90E
:1084C000F74F8946DDE90C6790461D4603F4807A34
:1084D000FFF7D5FA019058B90920F4F753FA4FF095
:1084E000FF3701A8FFF7D9FA384603B0BDE8F08F8F
:1084F00035F4A17301D05F20EFE716B11FB90E204C
:10850000EBE7002FFBD1FFF715FB28B10198FFF730
:1085100030FB08B98020E0E7BAF1000F17D10198CD
:10852000FFF731FB08B96B0611D50198FFF7DDFAAB
:1085300068B90198FFF73FFB48B90198FFF72CFB9A
:1085400028B90198FFF723FB08B90B20C5E701986C
:10855000FFF7C2FB6A46009000210198FFF75CFB21
:1085600018B10028B8BF4042B7E70198FFF7BDFA3D
:1085700088B90198FFF710FB00286CD10198FFF72C
:1085800006FB0028A8D10198FFF715FB0028A6D00C
:10859000019B9869A1E70198FFF7CAFA044626B142
:1085A000C1683A463046FFF754FA002705F0020545
:1085B0002046FFF70BFC40451CD82046FFF706FC81
:1085C0000646002E8DD02046FFF7FCFB09EB070B7B
:1085D00001463246584600F0DBFF01983744FFF76A
:1085E000AEFA48B1002D7FF47CAF21460198FFF729
:1085F0008BFA76E74646E4E70198FFF7A5FA0028EC
:10860000F0D155B96389204633446381FFF7DEFB1F
:1086100018B921460198FFF777FAB0453FF461AFEA
:10862000A8EB0608BAF1000F07D0002D6A4614BF68
:10863000214600210198FFF7EFFA45B12046FFF7E8
:10864000BEFB04460028B3D1002F92D049E7019821
:10865000FFF76EFAF5E7002743E708B5F7F7D0FD17
:10866000002008BD38B504460068F7F79FFD0546B1
:1086700028B90120E38843F02003E38038BDFFF7E9
:1086800086FA0028F5D12846FFF795FAF8B1E38875
:1086900043F00803E380A388DA0707D52846FFF7ED
:1086A000D4FAE8B1E38843F00103E380A3885B07D1
:1086B00007D52846FFF7D4FA18B1E38843F004033E
:1086C000E380B4F90600003818BF0120D6E7284639
:1086D000FFF762FA0028DED0E38843F01003D9E701
:1086E0002846FFF7B7FA0028DCD12846FFF754FAEE
:1086F0000028D7D1DAE738B50D461446F7F756FD0E
:1087000028B90920F4F73EF94FF0FF3006E0032DB9
:1087100003D0042D03D01620F4E7406C38BD012CA3
:10872000F9D844640020F9E7431F002B03D8DFE8A1
:1087300003F00100032070477047FF2816D005DCC6
:10874000062817D0112813D048B17047B0F5817FA3
:1087500010D040F21113984208BF0220704701293F
:1087600008D08B1E5942594148007047002070477D
:108770000220704701207047292813D009DC012806
:1087800012D0062812D0002814BF4FF0FF3004206A
:108790007047B0F58D7F0BD0B0F5007F18BF4FF05C
:1087A000FF3070470620704708207047012070474F
:1087B0004FF4807070471B2812D9A0F164030C2B72
:1087C00004D940F03A4040F42D0070476B3805283A
:1087D00043D8DFE800F01C34031C1C4047207047DE
:1087E00001381A280FD8DFE800F03A1012141618D2
:1087F0001A1C1E1620221824262620282A2C12286D
:108800002E123032340000207047692070470B2050
:108810007047722070478020704716207047702084
:108820007047782070477F2070477120704768201C
:10883000704774207047732070478C2070477A20EF
:1088400070470D2070477620704709207047102030
:108850007047462070475F2070476F2070470C209C
:108860007047C06870474269C3681A60704708B5AE
:10887000034624301AB95A624260002008BD082A13
:1088800028BF082200F084FEF7E708B503462C3025
:108890001AB9DA624260002008BD082A28BF0822FF
:1088A00000F076FEF7E738B504460D4639B1082AE0
:1088B0000BD01620F4F766F84FF0FF3038BD002AD1
:1088C000F7D18263C2630020F8E7F6F7EDFE95E882
:1088D000030004F1380383E803002046FFF7E2F8C1
:1088E000F6F7E8FEEFE773B5044608680D4616464E
:1088F000F8F726FC002801DB042E06D01620F4F73A
:1089000041F84FF0FF3002B070BD2B68204684F86C
:108910003430FFF766F900230028F4D0CDE90033A6
:108920001A4619462068FFF784FCECE708B539B110
:10893000042A0AD01620F4F725F84FF0FF3008BDBE
:10894000002AF7D102640020F9E70B680364FAE714
:1089500008B509B1042A05D01620F4F713F84FF032
:10896000FF3006E00B782BB1012BF5D180F84C30AD
:10897000002008BD0223F9E710B5541E1B2C02D8B5
:1089800012F0030405D01620F3F7FCFF4FF0FF3080
:1089900010BD930880F84F30503000F0F9FD2046AC
:1089A000F6E708B509B1042A05D01620F3F7EAFF67
:1089B0004FF0FF3008BD0B78003B18BF012380F853
:1089C0004D300020F6E708B509B1042A05D016207D
:1089D000F3F7D8FF4FF0FF3008BD0B6880F84E303A
:1089E0000020F9E770B5054614460E4631B93AB194
:1089F0001620F3F7C7FF4FF0FF3070BD002AF7D005
:108A0000A86C18B1F4F726F80023AB646CB1601CB5
:108A1000F4F718F8A86408B96920EAE72246314655
:108A200000F0B6FD0022AB6C1A550020E5E710B54A
:108A3000134612680446042A28BF042208461A6016
:108A400004F1180100F0A4FD0020A06110BD10B5D4
:108A5000134612680446082A28BF082208461A60EE
:108A600004F1240100F094FD002010BD10B5134660
:108A700012680446082A28BF082208461A6004F132
:108A80002C0100F085FD002010BD13B504461346EF
:108A900094F84C200846012A18BF002201921A6857
:108AA00001A9042A28BF04221A6000F071FD0020E9
:108AB00002B010BD13B50446134694F84D20084685
:108AC00001921A6801A9042A28BF04221A6000F042
:108AD0005FFD002002B010BD13B50446134694F8A4
:108AE0004E20084601921A6801A9042A28BF0422D0
:108AF0001A6000F04DFD002002B010BD10B5044614
:108B00000846114694F84F309A000B689A4228BFE5
:108B10001A460A6004F1500100F03AFD002010BD31
:108B2000F8B5856C0E461446176875B12846EFF700
:108B3000E7FC0130B842024628BF3A462946304693
:108B4000226000F025FD0020F8BD3A462946304657
:108B500000F044FD2560F6E738B5014605460420DF
:108B6000FEF713FF044690B142680021006800F050
:108B700035FD002323726372A372E37243232373D0
:108B8000542363737623A37349236560E3732046FC
:108B900038BD70B504460E4600F025F8054620683D
:108BA00008B1FEF717FF48F202039E4218D048F2C0
:108BB00009039E4214D048F201039E420BD16B6818
:108BC0004BB104F1140204F1380152F8040B8A424B
:108BD00043F8040BF9D12046BDE8704000F005B819
:108BE00063696B60F7E7C06870470269C3681A6021
:108BF00070470020704708B1F2F70EBD704710B5FE
:108C0000436904463BB90020E2684042537843F090
:108C10000103537010BD98470028F4D00028B8BF56
:108C20004042FF28A8BFFF20E3681870ECE740B17E
:108C3000C368587810F001001EBF1878B0FA80F0B1
:108C4000400970477FB50BAB059303930A9B012244
:108C5000029300231846CDE90033F0F779FC07B002
:108C60005DF804FBEFF31183202383F31288BFF335
:108C70006F8FFEE72DE9F04F89B0DDE912680592AC
:108C800043460546324606A80F4600F0F6FADDE9EF
:108C90000634CDE90234EFF311844FF0200989F353
:108CA0001288BFF36F8F05F10C0A05F1140B3946DA
:108CB0002846059A149B984730B184F31188BFF376
:108CC0006F8F09B0BDE8F08F56EA0806F5D0DDE9F0
:108CD000022306A800F0F6FADDE9066852462146AE
:108CE0005846CDE90068F9F717FFEFF3118489F3CF
:108CF0001288BFF36F8FDAE710B400F10C04C0E9FB
:108D000003445DF8044BFBF7F2BF38B50446EFF3BC
:108D10001185202383F31288BFF36F8FEFF7CEFF07
:108D200004F10C0000F0EDF930B1294604F1140013
:108D3000BDE8384000F0CBB985F31188BFF36F8FE1
:108D400038BD10B542696AB1836842EA03018907F8
:108D500008D10169A2FB011424B95B182CBF0121C1
:108D6000002102D36FF0150005E0C1609B1A026973
:108D70008A4201D8002010BDC26801311A604269E0
:108D8000C3609B1AF3E7202408B5EFF3118384F343
:108D90001288BFF36F8FFDF743FAF6E7D0E9003290
:108DA00013605A600023027CC0E9003322F0020203
:108DB00002748360704713B501240094F9F7F0F949
:108DC00002B010BD90F90E308B4201D0F9F7C6BE4B
:108DD0000020704703460020C3E90033C3E90200C6
:108DE0007047D0E9003213605A600023027CC0E96A
:108DF000003322F002020274836070472DE9F843C9
:108E0000914604460D469DF82020EFF3118620215F
:108E100081F31288BFF36F8F02B14568D4F80880E0
:108E200004F10807474518D0B8F1000F15D04046A7
:108E3000FFF7D7FF08F1180000F0E4F900234046DF
:108E4000C8F87C30C8F8149000F0F5F83846314680
:108E500000F03DF90020BDE8F883A3B10820FAF73F
:108E6000FFFA002838D00122C0F80490026001689F
:108E700001F003015DB922680A4302606268206064
:108E80006AB960600BE04846C9F80030EFE72A682D
:108E9000032A16D80160616869B9C4E90000042199
:108EA00004F1100000F02BFB0028CFD186F31188CD
:108EB000BFF36F8FCFE70A6802F0030202430A6034
:108EC000DFE722F003020A4302602A6802F003028D
:108ED00040EA02032B60E2E76FF00B00E6E710B513
:108EE000044630B10268930703D0446809B100F02A
:108EF00047FB204610BD012307B5009300230A4617
:108F00001946FFF77BFF03B05DF804FB5AB18A42B4
:108F100009D300F11003C0E90212C0E90000C0E962
:108F20000433002070476FF015007047012302687A
:108F30008B4022EA0303036022FA01F000F00100F3
:108F4000704720B10022D430114600F022B970479A
:108F500038B504460D461022002100F03FFB656045
:108F600038BD13B501900846EFF31184202383F335
:108F70001288BFF36F8F01A9F9F7E2FB84F3118820
:108F8000BFF36F8F02B010BD10B5FFF7EAFF041EEC
:108F900008DDEFF31180202383F31288BFF36F8F76
:108FA000F9F748FE204610BDC0E9000000207047D8
:108FB000EFF30580003818BF012070476FF05700AD
:108FC000704700207047D0E9003213605A600023D8
:108FD000C0E90033704708B5FFF7F5FF037C23F0C5
:108FE000020303740023836008BD38B504460D46B0
:108FF000F9F710FD237C43F002032374D5B1A5607B
:109000002B689D4209D16B68C4E900531C606C60F9
:1090100010E06A689A42F6D01B68002BF3D093F9EF
:109020000E1094F90E209142F3DD5A68C4E9003223
:1090300014605C6038BD10B5EFF31184202383F316
:109040001288BFF36F8FF9F7A5FC84F31188BFF383
:109050006F8F10BD08B5EFF31181202282F31288C3
:10906000BFF36F8F83680BB1FFF7B5FF81F31188F2
:10907000BFF36F8F08BD08B5037C014613F0280FBE
:109080000CD183680BB1FFF7A6FF0B7C084623F0D9
:1090900004030B74BDE80840F9F77CBC08BD10B5AB
:1090A000EFF31184202383F31288BFF36F8F1838F6
:1090B000FFF7E1FF84F31188BFF36F8F10BD10B588
:1090C000FFF7C8FFBDE81040183000F09BB8084615
:1090D000F9F7D8BC38B5054604680020AC4200D189
:1090E00038BD002CFCD02046FFF775FF04F11800B6
:1090F00000F088F82046F9F74DFC2C680120A542C5
:10910000EDE710B5EFF31184202383F31288BFF34A
:109110006F8FFFF7DFFF84F31188BFF36F8F10BDF0
:1091200038B50C460546F9F721FEB4F1FF3F08BFFC
:10913000B5F1FF3F1FBF47F6FF7300224FF47A716E
:10914000E0FB013216BFD80B4FF0FF3040EA42403F
:1091500038BD38B50446EFF31185202383F3128818
:10916000BFF36F8F037C5B070ED5183000F04AF811
:10917000237C204623F004032374F9F70BFC2846D4
:10918000BDE83840F9F77EBC85F31188BFF36F8FD7
:1091900038BD38B5EFF31185202383F31288BFF370
:1091A0006F8F0468A04212D09CB1E16762612046D3
:1091B000FFF711FF04F1180000F024F82046F9F73A
:1091C000E9FB012085F31188BFF36F8F38BD0020C4
:1091D000F8E72046F6E708B50246F9F739FF70B11F
:1091E000D0E904319B1A61EBE272B3F1004F72F1E6
:1091F000000104DA002AACBF1846002008BD6FF059
:109200000040FBE7024638B5EFF31185202383F3D6
:109210001288BFF36F8F0368D3B1F9F719FF0446C3
:109220001046F9F727FF00224FF000438442C0E9BF
:10923000042305D0002085F31188BFF36F8F38BD5C
:10924000F9F70EFFFFF7C7FF0021F3F71DFAF1E76B
:10925000D0E90413B3F1004F08BF012902BF002079
:109260004FF00041C2E904016FF01500E3E708B5D3
:10927000FAF704F808BDFAF701B8B3F1FF3F08BFE9
:10928000B2F1FF3F70B506461D46144614D01A438E
:1092900016D0002B08DBF9F7F1FF041941EB0501AB
:1092A000C6E90041304670BD6FF001031C1B4FF052
:1092B000FF3363EB0501F3E74FF0FF342146EFE79F
:1092C0000024FBE7B3F1FF3F08BFB2F1FF3FF8B561
:1092D000074616461C4610D054EA020311D0F9F78F
:1092E000CDFFB0420A46A14103460AD2F31A64EB0D
:1092F0000204C7E900343846F8BD4FF0FF331C467E
:10930000F7E70023FBE730B5D0E90034984208D0F6
:109310003CB1A568DDB112F9522C15F9525CAA4294
:1093200007DDC1E90004216041600FE0A342F8D0ED
:109330001B68002BF5D09D684DB115F9525C954224
:10934000F4DD5A68C1E900321160596030BD002374
:109350009B7BFFDE2DE9F84F00250F46144698460B
:1093600001462E464FF0200AA946BD4202DB304698
:10937000BDE8F88FEFF3118B8AF31288BFF36F8F7C
:109380004B7B03F03F03082B09D853B1013B072B5C
:1093900007D8DFE803F0281C06220606062E102B4D
:1093A0002DD0B8F1000F3BD12378002B38D04B7B68
:1093B00003F03F03082B3AD8002B3AD0013B072B90
:1093C00037D8DFE803F03F393639363636420B6995
:1093D0009B68002BE5D0022317E00B691B68002B6C
:1093E000DFD0042311E00B699B68002BD9D0012347
:1093F0000BE00B691B6A002BD3D0102305E00B692F
:10940000DA895B899A42CCD02023CA68C1F80890D7
:10941000C2F38630034363F39432CA6084F8009049
:109420008BF31188BFF36F8F013514319DE7102B3B
:109430000FD08C600136F3E7224608691030FFF741
:1094400062FFF6E722460869F9E7086922462430F8
:10945000F5E7086922462C30F1E72DE9F0418468F0
:1094600005460E46D4B16378012B22D114F8503C46
:109470009A0711D5A4F160073846FFF720FE082EA1
:1094800014BF00236FF00303E36114F8503CDB06C4
:1094900002D13846FFF7CFFD002323700023AB60D5
:1094A000EB68C3F38632164366F39433EB60BDE892
:1094B000F081022BF0D12378002BEDD054F8048CEE
:1094C000B8F1000FE8D004F11400FFF79BFE002371
:1094D000A4F1140739464046E362FFF742FDDBE79B
:1094E00010B500245205090201F47C5102F4001267
:1094F0000A43017B84600A43C0E9032310BD38B5E9
:10950000EFF31185202383F31288BFF36F8F046874
:10951000A04211D0D4E9003213605A6000232046E3
:10952000C4E90033FFF799FF85F31188BFF36F8F0C
:10953000201E18BF012038BD0024F5E70023C0E934
:1095400000008360704783680B60C36813607047D6
:10955000043270B504460ED2EFF31185202686F34F
:109560001288BFF36F8F41F00401984785F311888B
:10957000BFF36F8F08B9002070BD40F8044BFBE7C4
:1095800020B1011F50F8040CFFF7BFBB70477047B4
:109590000A44431E914200D1704710B511F8014BA7
:1095A000914203F8014FF9D110BD884210B501EB8B
:1095B000020402D98442234607D8431EA14207D0A1
:1095C00011F8012B03F8012FF8E70244824200D181
:1095D00010BD13F8011D02F8011DF7E70244034610
:1095E000934200D1704703F8011BF9E701390244A7
:1095F00010B5904201D1002005E0037811F8014F29
:10960000A34201D0181B10BD0130F2E7C9B20346D6
:10961000184613F8012B12B18A42F9D1704700297C
:1096200018BF0020704730B50A440546914201D169
:10963000002011E015F8013B11F8014BA3F14100A6
:109640001928A4F1410098BF2033192898BF20346D
:10965000181B01D1002CE9D130BD10B56AB1013918
:10966000841810F8012B11F8013F9A4203D1A0424F
:1096700001D0002AF5D1D01A10BD1046FCE70139FF
:10968000034610B532B111F8014F013A03F8014B0E
:10969000002CF7D11A440021934200D110BD03F8E9
:1096A000011BF9E70A7870B56AB970BD9A4209D111
:1096B0000C46054614F8013F002BF6D015F8016F53
:1096C0009E42F7D001300378002BEFD11846ECE72B
:1096D0002DE9F843C3F137090746884603F01F0513
:1096E0005FFA89F91646384641462A460023EEF7C6
:1096F000E5FE4346D4B23A4688460746092C84BF65
:109700004C44E4B2AA424FF0000204F13004934109
:1097100006F8014BE7D23046BDE8F8832DE9F04F5B
:10972000051889B0904641EB0104029304AB28462A
:1097300021460093D2E9002300F0A7F806AB0746C4
:1097400089462846214600930025D8E9022300F0E7
:109750009CF8DDE90423841851EB0306069B28BF1F
:109760000125D8E90012ED18079B43F10003791891
:1097700049EB0202B94272EB0902D8E9022134BF77
:1097800001200020A21846EB01018018029A41F145
:109790000001A042A2F1410A71EB0602CDF800A03F
:1097A00034BF012200225219CDE9065343F10003D0
:1097B00000F082F8129BC3E90001D8E90221DDE93B
:1097C0000653039114990129D8E900E027D1A21A80
:1097D0000399CDF800A066EB0101774579EB000015
:1097E00034BF01200020101A61F10001844276EBA1
:1097F000010234BF01220022AA1A63F1000300F023
:109800005BF8139BC3E90001DDE9062320463146DE
:10981000CDF800A000F050F809B0BDE8F08F17EBCC
:10982000070B49EB090C14EB040846EB0601BB459A
:109830007CEB090934BF0127002718EB070741F12A
:109840000008F3457CEB000C34BF01200020381ADF
:1098500068F10001801A039A61EB02016D195B4106
:10986000A74278EB060234BF01220022AD1843F173
:109870000003874278EB010834BF01220022AA1AB4
:10988000029DA5F140050095B7E7F0B500240D460F
:1098900006469446A0FB02012246059FE5FB0C12FA
:1098A000A446E5FB0324E3FB061C12EB0C0244F187
:1098B0000004C7E90024F0BDF0B5059CC4F14007E1
:1098C000C4F12006A4F12005E04002FA06F6BB40F0
:1098D00022FA05F5BA403343C4F120062B4301FABE
:1098E00006F6A4F12005304321FA05F5E1402843AE
:1098F00019431043F0BD2DE9F0410446CE0FC1F3EA
:109900000A55C1F3130140F2FF70167154EA0107C2
:109910006BD1002D71D12C462946002B156060DBE0
:109920000C2B60DCC3F10D050120AD0005F1FF3CFF
:10993000A5F12107C5F1210600FA07F720FA06F67E
:1099400000FA0CF03743061847EB0708D6F1000E73
:1099500068EB480C013E48F1FF38264008EA010850
:10996000B04277EB080810DBC5F12008B5F12006FE
:1099700024FA05F501FA08F858BF41FA06F645EA57
:10998000080558BF3543ED0703D52018044641EBC1
:10999000070104EA0E0401EA0C019DF8186018465C
:1099A0000D250532C6F1270604F00F03240944EA09
:1099B0000174091163B9A8420DDA013DF4D21AE02D
:1099C0001DB90125A5F2FF35A7E741F48011F9E79C
:1099D000092BC8BF9B193033A8425355B8BF28463E
:1099E000EBE70023D9E70D23D7E78542E8D146F01E
:1099F000080600201671BDE8F0818542E5D146F0E9
:109A00000406F6E7D1E9043293421EBF5A1C0A61EC
:109A100018707047FCEAFE7F010000003DB60000B0
:109A20000000000009B60000000000008DE8000002
:109A30000000000000000000F09A01003921010040
:109A4000000000007921010000000000000000007B
:109A50000C9B010000000000289B0100000000009A
:109A6000449B010055BC00000000000031C500000F
:109A700000000000C34F010000000000C5C7000047
:109A80000000000000000000D49A010079B200003C
:109A900000000000DF7301000000000071340100CD
:109AA0000000000053730100000000007F6301000C
:109AB00000000000D9A100000000000069D40000EF
:109AC00000000000017201000000000075D70000D6
:109AD00000000000F1B201000000000074C6002088
:109AE00028C70020C8D40020E1CC000000000000FE
:109AF00024B20100C8A20100C49D010020C70020BB
:109B0000ECD20020B1B900000000000051B2010009
:109B1000E0A20100A09D010024C7002040D3002046
:109B200051BE00000000000049B20100000000002A
:109B3000989D010022C70020000000007D66010002
:109B4000000000007CB20100F4A20100E09D0100D1
:109B500026C7002044C60020D1C10000000000003C
:109B600000000000FF61010000000000FF61010033
:109B700000000000FF61010000000000FF61010023
:109B800000000000FF610100B5740100E7730100EF
:109B900000000000FF61010000000000FF61010003
:109BA000449B0100CB68010000000000FF61010040
:109BB00000000000FF61010000000000FF610100E3
:109BC00000000000FF61010000000000FF610100D3
:109BD00000000000FF61010000000000FF610100C3
:109BE00000000000FF61010000000000FF610100B3
:109BF00000000000FF61010000000000FF610100A3
:109C000000000000FF61010000000000C1C500006D
:109C100000000000FF61010000000000FF61010082
:109C200000000000FF61010000000000FF61010072
:109C300000000000FF61010000000000FF61010062
:109C400000000000FF61010000000000FF61010052
:109C500000000000FF61010000000000FF61010042
:109C600000000000FF61010000000000FF61010032
:109C700000000000FF61010000000000FF61010022
:109C800000000000FF61010000000000FF61010012
:109C900000000000FF61010000000000FF61010002
:109CA00000000000FF61010000000000FF610100F2
:109CB0006DF40000E773010000000000FF61010087
:109CC00000000000FF61010000000000FF610100D2
:109CD00000000000FF61010000000000FF610100C2
:109CE00000000000FF610100D4C5002029670100C9
:109CF00000000000FF61010000000000FF610100A2
:109D000000000000FF61010000000000FF61010091
:109D100000000000FF61010000000000FF61010081
:109D200000000000FF61010000000000FF61010071
:109D300000000000FF61010000000000FF61010061
:109D400000000000FF61010000000000FF61010051
:109D500000000000FF61010000000000FF61010041
:109D600000000000FF61010058CA0020B8FC00207C
:109D700000180000599A00000000000000000000D8
:109D8000000000000000000000000000A0AC010086
:109D900000000000000000006966010000000000F3
:109DA000DDBC00008D66010099660100AD66010012
:109DB000B7660100C16601008DBE0000D5660100D6
:109DC0000000000009BA0000D565010039660100F5
:109DD00000000000716501000000000000000000AC
:109DE0005F67010019C1000051670100756901003A
:109DF00085670100AD670100E3670100F7670100B7
:109E00002568010039680100F76701001568010045
:109E10004D6801005B680100696801009B680100F2
:109E20009F680100000000000100000005CF000055
:109E30007DD30000A0B401000300000080B3010046
:109E400003000000BCAB0100030000003BB20100B6
:109E50000300000098BD010003000000A3BD010045
:109E60000300000036AB010003000000D8AB010086
:109E700003000000DCAB01000300000097AC010010
:109E800003000000CDB4010003000000BEBB0100D0
:109E9000030000007AB1010003000000FCB10100E2
:109EA0000300000004B20100030000003BBD0100FC
:109EB0000300000070BD0100030000007FBD010031
:109EC000030000001DBD01000300000004BD0100EF
:109ED00003000000A8BD01000300000061BD0100F7
:109EE000030000002DBD0100030000004FBD010074
:109EF00003000000C2B201000300000055C00100D1
:109F000003000000B4AB01000300000013B2010025
:109F100003000000CDAB01000300000086B2010089
:109F20000300000068A20100B0C5002086AC01005B
:049F3000010000002C
:109F4000FFFFFFFFFFFFFFFF850001009D0D0100E8
:109F5000ED1A0100D3780100DB780100F11C01004B
:109F6000CF7801005B860100311B0100D77801002A
:109F7000DF780100F38B010000000000000000000A
:109F80000338FDD870470000010000000000000009
:109F900005000000000000001900000000000000A3
:109FA0007D000000000000007102000000000000C1
:109FB000350C000000000000093D0000000000001A
:109FC0002D31010000000000E1F505000000000057
:109FD00065CD1D0000000000F902950000000000A2
:109FE000DD0EE90200000000514A8D0E0000000065
:109FF0009573C24800000000E941CC6B01000000ED
:10A000008D49FD1A07000000C16FF2862300000091
:10A01000C52EBCA2B1000000D9E9AC2D7803000028
:10A020003D9160E45811000031D6E275BC56000045
:10A03000F52E6E4DAEB10100C9EA2683677808009F
:10A04000ED95C28F055A2A00A1EDCCCE1BC2D300DC
:10A0500025A4000A8BCA22040000000000000000B2
:10A0600000000000000000100000000000000000E0
:10A07000B9340332B7F4AD1410DB1AB30892540E9E
:10A080000D307D951447BA1A66088F4D26ADC66D02
:10A09000F598BF85E2B74511CA96853D92BD1DEB87
:10A0A000FCA11860DCEF52163C92AE220BB8C1B492
:10A0B000839D2D5B0562DA1C304C7E8F4E8BB25B2C
:10A0C00016F4529F8B56A512FBD4827643ED8AF08C
:10A0D0008FE7F9311565191850F19BD94A13EEB481
:10A0E000284CF0A686C1251F035FC270CB9E49167F
:10A0F000E642889C44EB2014B0650836AD6EA58519
:10A1000085F0CA14E2FD031A0B899979D5B13D098E
:10A11000D8DA973A35EBCF10AC363F5E73BB38CF09
:10A120003E6752FA44AFBA1501000000000000007B
:10A130000000000000000020345065C05FC9A65236
:10A14000BB13CBAEC440C21806C8DF7100D5A87CD3
:10A15000F56F0FDA58FC27136E4756357D242065BE
:10A1600002C7E768E48CA41DE9E60268D7CD39612F
:10A170007977FCC2405BEF16798CDE43FFA751F97B
:10A1800091F3B278F5BDBE11E857E9D6E8BEE87B99
:10A19000B054AC8F848D751BEA23A499E9F9D38B55
:10A1A000B7A3714061DA3E15CEE33ECB73F94808A0
:10A1B0008C97B427D51B7010A2BFEFB9EB85321571
:10A1C0004DB44DB49BBB6F1996B6076CF8E7EEAD76
:10A1D00036D9B4F59135AE13222218AF4E6A684DC8
:10A1E00091DAAA3D4F40741E9FBD9EE006A1C09823
:10A1F00057C2A7FDA40E90170E7D497173E3208FFF
:10A20000B220D87605143B12853D7434811343B0D7
:10A21000AD297A5F27F4351CAB5001000000000027
:10A2200000000000000000000000000066AC01001B
:10A230006EAC010000000000000000000000000003
:10A2400076AC01007AAC01007EAC010082AC01006A
:10A2500058A20100B4D00020F1980000D4D0002012
:10A260004FE70020010000006151010000000000E4
:10A270002F5101002351010000000000175101007F
:10A280000000000080C50020000000000600010062
:10A290000200000098A2010000000000EDB10100E2
:10A2A00006000000E0FF0F0068C50020F5B10100C6
:10A2B00021000000E0FF0320C4C500206DB90000AC
:10A2C0003DB9000000000000C1BA000041BA000022
:10A2D0002FB20100656601006166010035B2010020
:10A2E000FFFFFFFF00258440D4C5002000000000D0
:10A2F000000000000080004001000000000000009D
:10A3000014A301000000D601000000005BE700205C
:10A310005AE700200080004020A301000100000057
:10A3200028A30100040000001B0000000E00000232
:10A330001A0600010F06000300800020E804000058
:10A34000E88400200020000068A500200020000014
:10A350000000000000000000000000003DD40000EC
:10A36000F9C60000FF6B0100E56B0100DB6D010029
:10A370001D6D0100ED6D010059D2000000000000CC
:10A38000B5CE00009F6B0100996B01005DD100000C
:10A390003DCF00002F6D0100FDCD000009CD000074
:10A3A000D1CF00000000000000000000000000000D
:10A3B000A8B40100ADB40100B5B40100C1B40100FE
:10A3C00000000000BEB90100C4B9010088B9010055
:10A3D000CAB90100D0B90100D6B90100DCB9010049
:10A3E000020000003C000000680100003C0000008A
:10A3F0003C0000003C0000003C00000000000000A9
:10A40000020000003C000000680100003C00000069
:10A410003C0000003C0000003C0000000000000088
:10A4200058020000100E0000A08C00000200000086
:10A430001E0000003C00000000941100000000001D
:10A4400008000000010000000800000001000000FA
:10A45000FDFF0000B905010000000000938B010022
:10A46000C11901006D1B0100000000000000000088
:10A470000000000000000000911B0100A8B40100D2
:10A48000ADB40100B5B40100C1B401000000000288
:10A49000000000010000000400000008000000109F
:10A4A000041000000170000004700000FFFFFFFFB7
:10A4B000FFFFFFFFFFFFFFFFFFFFFFFFFFFFFFFFAC
:10A4C000FFFFFFFFFFFFFFFFFFFFFFFF0370000025
:10A4D00002700000057000000670000008700000A7
:10A4E000097000000A70000007700000FFFFFFFF06
:10A4F000FFFFFFFFFFFFFFFFFFFFFFFFFFFFFFFF6C
:10A50000FFFFFFFFFFFFFFFFFFFFFFFFFFFFFFFF5B
:10A5100001800000104000001060000011300000B9
:10A5200012300000FFFFFFFFFFFFFFFFFFFFFFFFF5
:10A53000FFFFFFFFFFFFFFFF10300000FFFFFFFFE7
:10A54000FFFFFFFFFFFFFFFFFFFFFFFFFFFFFFFF1B
:10A55000FFFFFFFFFFFFFFFFFFFFFFFFFFFFFFFF0B
:10A56000FFFFFFFFFFFFFFFFFFFFFFFFFFFFFFFFFB
:10A57000FFFFFFFF06500000FFFFFFFFFFFFFFFF91
:10A58000FFFFFFFFFFFFFFFFFFFFFFFFFFFFFFFFDB
:10A590002060000006C0010014C0010028C00100B6
:10A5A00037C0010043C001001C9A0100249A010039
:10A5B0006C9A0100749A0100B49A0100D49A0100C7
:10A5C00058C0010000010000000000000000000071
:10A5D000000000000000000000000000000000403B
:10A5E00095596959555554551555555604051541F4
:10A5F00010545540455155444045504450555545DB
:10A600000040004040044496655556554540455429
:10A610005141154055915555555540510501000082
:10A6200054455454455505040010041014044000CA
:10A63000000001405555154154040000440001003C
:10A64000000000404100004450444550540055551E
:10A650005455655100400040010000010005010013
:10A6600011545151545555050015415000000440F6
:10A670001001040500000000EAFF7AFFF4FF4661C4
:10A68000696C656420746F20616C6C6F63617465C4
:10A69000206D656D6F727920666F72204E4D454159
:10A6A000005374617274696E6720474E5353207370
:10A6B000616D706C65004D6F64656D206C696272D0
:10A6C00061727920696E697469616C697A61746913
:10A6D0006F6E206661696C65642C206572726F72A2
:10A6E0003A202564004661696C656420746F2061BE
:10A6F0006374697661746520474E53532066756EA6
:10A700006374696F6E616C206D6F6465004661698A
:10A710006C656420746F2073657420474E5353201A
:10A720006576656E742068616E646C657200466162
:10A73000696C656420746F2073657420474E5353B1
:10A74000204E4D4541206D61736B004661696C651B
:10A750006420746F20656E61626C6520637573742C
:10A760006F6D20515A5353204E4D4541206D6F64FB
:10A7700065004661696C656420746F2073657420A0
:10A78000474E5353207573652063617365004661BE
:10A79000696C656420746F2073657420474E535351
:10A7A00020706F77657220736176696E67206D6FB8
:10A7B0006465004661696C656420746F207365741C
:10A7C00020474E5353206669782072657472790071
:10A7D0004661696C656420746F2073657420474E10
:10A7E00053532066697820696E74657276616C00D7
:10A7F0004661696C656420746F20737461727420A3
:10A80000474E5353004661696C656420746F20693C
:10A810006E697469616C697A6520616E6420737415
:10A8200061727420474E5353001B5B313B3148002B
:10A830001B5B324A00547261636B696E673A202574
:10A840003264205573696E673A2025326420556E54
:10A850006865616C7468793A2025640A00474E5334
:10A8600053206F7065726174696F6E20626C6F63E4
:10A870006B6564206279204C544500496E7375669F
:10A8800066696369656E7420474E53532074696D21
:10A89000652077696E646F777300536C656570200F
:10A8A000706572696F6428732920626574776565C5
:10A8B0006E20505654206E6F7469666963617469C6
:10A8C0006F6E73005363686564756C6564206E61B8
:10A8D0007669676174696F6E206461746120646F6A
:10A8E000776E6C6F6164002D2D2D2D2D2D2D2D2D4E
:10A8F0002D2D2D2D2D2D2D2D2D2D2D2D2D2D2D2D88
:10A900002D2D2D2D2D2D2D2D2D2D004C6174697487
:10A910007564653A20202020202020202020252E2C
:10A920003036660A004C6F6E6769747564653A204C
:10A930002020202020202020252E3036660A0041AD
:10A94000636375726163793A2020202020202020E3
:10A950002020252E303166206D0A00416C74697408
:10A960007564653A20202020202020202020252EDC
:10A97000303166206D0A00416C746974756465201D
:10A9800061636375726163793A20252E30316620E8
:10A990006D0A0053706565643A2020202020202035
:10A9A000202020202020252E303166206D2F730A94
:10A9B0000053706565642061636375726163793A01
:10A9C00020202020252E303166206D2F730A00565E
:10A9D0002E2073706565643A2020202020202020DE
:10A9E0002020252E303166206D2F730A00562E2030
:10A9F00073706565642061636375726163793A2081
:10AA0000252E303166206D2F730A00486561646918
:10AA10006E673A2020202020202020202020252E74
:10AA2000303166206465670A0048656164696E6755
:10AA30002061636375726163793A2020252E30317D
:10AA400066206465670A00446174653A202020200E
:10AA500020202020202020202020253034752D2566
:10AA60003032752D253032750A0054696D65202805
:10AA7000555443293A202020202020202025303200
:10AA8000753A253032753A253032752E25303375BA
:10AA90000A0050444F503A2020202020202020201F
:10AAA0002020202020252E3031660A0048444F50B7
:10AAB0003A20202020202020202020202020202577
:10AAC0002E3031660A0056444F503A202020202074
:10AAD000202020202020202020252E3031660A0032
:10AAE00054444F503A202020202020202020202095
:10AAF000202020252E3031660A005365636F6E6476
:10AB0000732073696E6365206C6173742066697865
:10AB10003A2025640A00536561726368696E672094
:10AB20005B25635D0A000A4E4D45412073747269CE
:10AB30006E67733A0A00676E73735F73616D706C52
:10AB400065006865617020636F7272757074696FFB
:10AB50006E20286E6F7420696E207573653F292002
:10AB60006174202570006865617020636F72727572
:10AB70007074696F6E2028627566666572206F76E4
:10AB80006572666C6F773F292061742025700068BC
:10AB900065617020636F7272757074696F6E2028C2
:10ABA000646F75626C6520667265653F292061740B
:10ABB000202570006F735F6865617000636270725A
:10ABC000696E74665F7061636B616765007379734A
:10ABD0005F6765746F7074006C6F67006C6F675FA0
:10ABE0006D676D74004D6573736167652064726F86
:10ABF0007070656420626563617573652069742097
:10AC0000657863656564732073697A65206C696D26
:10AC100069746174696F6E2028257529001B5B308B
:10AC20006D00257320005B2530386C755D20005B5E
:10AC3000253032753A253032753A253032752E2559
:10AC40003033752C253033755D20003C25733E2054
:10AC50000025732F0025733A20002530327820001C
:10AC6000202020007C001B5B313B33316D001B5BDF
:10AC7000313B33336D006572720077726E00696E1E
:10AC80006600646267006C6F675F6261636B656E2C
:10AC9000645F75617274006C6F675F7561727400D8
:10ACA000636F61705F636C69656E745F7265637614
:10ACB0005F746872656164002A2A2A20426F6F748B
:10ACC000696E67206E524620436F6E6E6563742016
:10ACD00053444B2076332E342E302D3939353533CD
:10ACE00030353536303762202A2A2A0A002A2A2AA5
:10ACF000205573696E67205A6570687972204F53CA
:10AD00002076342E342E302D62663830316534652D
:10AD100033643139202A2A2A0A0072302F61313AED
:10AD20002020307825303878202072312F61323A57
:10AD30002020307825303878202072322F61333A45
:10AD400020203078253038780072332F61343A2053
:10AD500020307825303878207231322F69703A20CF
:10AD600020307825303878207231342F6C723A20B8
:10AD7000203078253038780020787073723A20209F
:10AD800030782530387800735B2532645D3A2020B6
:10AD90003078253038782020735B2532645D3A2086
:10ADA000203078253038782020735B2532645D3A76
:10ADB00020203078253038782020735B2532645D80
:10ADC0003A20203078253038780066707363723A04
:10ADD0002020307825303878004661756C74696EB3
:10ADE0006720696E737472756374696F6E20616435
:10ADF000647265737320287231352F7063293A208D
:10AE000030782530387800556E68616E646C656402
:10AE1000204952516E3A202564002A2A2A2A2A20E3
:10AE20005553414745204641554C54202A2A2A2A49
:10AE30002A0020204469766973696F6E2062792048
:10AE40007A65726F002020556E616C69676E65646B
:10AE5000206D656D6F727920616363657373002087
:10AE600020537461636B206F766572666C6F772018
:10AE700028636F6E746578742061726561206E6FEF
:10AE8000742076616C6964290020204E6F20636F06
:10AE900070726F636573736F7220696E737472750D
:10AEA0006374696F6E73002020496C6C6567616C18
:10AEB000206C6F6164206F66204558435F52455493
:10AEC00055524E20696E746F205043002020496C0B
:10AED0006C6567616C20757365206F6620746865AA
:10AEE0002045505352002020417474656D707420C9
:10AEF000746F206578656375746520756E6465662A
:10AF0000696E656420696E737472756374696F6EBF
:10AF1000002A2A2A2A2A20425553204641554C54B9
:10AF2000202A2A2A2A2A002020537461636B696E22
:10AF300067206572726F72002020556E73746163B2
:10AF40006B696E67206572726F72002020507265A7
:10AF50006369736520646174612062757320657232
:10AF6000726F720020204246415220416464726533
:10AF700073733A2030782578002020496D7072650F
:10AF80006369736520646174612062757320657202
:10AF9000726F72002020496E737472756374696FEA
:10AFA0006E20627573206572726F72002020466C8D
:10AFB0006F6174696E672D706F696E74206C617A51
:10AFC000792073746174652070726573657276613F
:10AFD00074696F6E206572726F72002A2A2A2A2A9B
:10AFE000204D5055204641554C54202A2A2A2A2AC1
:10AFF000002020537461636B696E67206572726F05
:10B00000722028636F6E74657874206172656120A8
:10B010006D69676874206265206E6F742076616C5C
:10B020006964290020204461746120416363657371
:10B03000732056696F6C6174696F6E0020204D4DEE
:10B0400046415220416464726573733A203078251A
:10B0500078002020496E737472756374696F6E2076
:10B060004163636573732056696F6C6174696F6EB9
:10B070000052657365727665642045786365707407
:10B08000696F6E20280053707572696F757320693F
:10B090006E74657272757074202849525120004593
:10B0A0007863657074696F6E206F63637572726523
:10B0B0006420696E205365637572652053746174F2
:10B0C00065002A2A2A2A2A2048415244204641550E
:10B0D0004C54202A2A2A2A2A0020204275732066EE
:10B0E00061756C74206F6E20766563746F72207466
:10B0F00061626C6520726561640020204465627540
:10B1000067206576656E740020204661756C74203A
:10B11000657363616C6174696F6E20287365652067
:10B1200062656C6F772900415243485F455843453B
:10B130005054207769746820726561736F6E2025A2
:10B14000780A002A2A2A2A2A204465627567206D17
:10B150006F6E69746F7220657863657074696F6E65
:10B16000202A2A2A2A2A002A2A2A2A2A2025732043
:10B17000256429202A2A2A2A2A006D707500466132
:10B18000696C656420746F20616C6C6F63617465B9
:10B19000206E6577204D505520726567696F6E206F
:10B1A00025750A00506172746974696F6E20257587
:10B1B0003A20636F686572656E63652063686563D6
:10B1C0006B206661696C65642E00496E76616C69FE
:10B1D0006420756E6465726C79696E67207265674C
:10B1E000696F6E20696E64657820257500464C4154
:10B1F00053485F30005352414D5F30006E65745FBD
:10B20000627566006E65745F6275665F73696D7006
:10B210006C6500736F6300776C616E2564006E650A
:10B2200074256400636C6F636B40353030300068A8
:10B2300066636C6B006C66636C6B00636C6F636B56
:10B240005F636F6E74726F6C007073612D726E67E6
:10B25000006770696F4038343235303000466169BC
:10B260006C656420746F20616C6C6F636174652021
:10B27000505049204368616E6E656C007561727450
:10B28000403830303000756172745F6E7266785F7E
:10B290007561727465004D6F64656D206C696272D2
:10B2A00061727920696E697469616C697A61746927
:10B2B0006F6E206661696C65642C20657272202552
:10B2C00064006E72665F6D6F64656D004D6F6465DE
:10B2D0006D206C69627261727920646964206E6F9E
:10B2E0007420696E697469616C697A653A202564B5
:10B2F000006E726639785F736F636B6574004D6FB3
:10B3000064656D2068617320637261736865642C85
:10B3100020726561736F6E20307825782C20504341
:10B320003A2030782578004661696C656420746F36
:10B3300020686F6F6B207468652064697370617436
:10B3400063682066756E6374696F6E2C2065727217
:10B35000202564004E6F2068656170207370616302
:10B360006520666F7220696E636F6D696E67206E0F
:10B370006F74696669636174696F6E3A2025730042
:10B3800061745F6D6F6E69746F72004572726F7277
:10B39000207768696C652070726F63657373696E7E
:10B3A0006720415420636F6D6D616E643A2025649F
:10B3B0000049676E6F726564206E756C6C3B207718
:10B3C0006F756C64207465726D696E61746520734D
:10B3D0007472696E67206561726C792E00427566C1
:10B3E000666572206F766572666C6F772C2064726A
:10B3F0006F7070696E6720272563270A00554152D8
:10B400005420646576696365206E6F74207265618F
:10B410006479005541525420636865636B2066610E
:10B42000696C65643A2025642E2055415254206988
:10B430006E697469616C697A6174696F6E20746990
:10B440006D6564206F75742E0055415254206368F9
:10B4500065636B206661696C65643A2025642E2003
:10B4600044726F7070696E672062756666657220DF
:10B47000616E64207265747279696E672E00554141
:10B48000525420636F756C64206E6F742062652067
:10B49000696E697469616C697A65643A2025640033
:10B4A00061745F686F7374004F4B0D0A0045525210
:10B4B0004F520D0A002B434D45204552524F523AF0
:10B4C000002B434D53204552524F523A006C746545
:10B4D0005F6C63004D6F64656D206C6962726172B0
:10B4E0007920696E6974206572726F723A202564E2
:10B4F0002C206C74655F6C63206E6F7420696E69BC
:10B500007469616C697A6564004661696C65642080
:10B51000746F207365742073797374656D206D6F1B
:10B52000646520616E64206D6F646520707265666D
:10B530006572656E63652C2065727220256400302B
:10B540003030303030313100303031303130303027
:10B55000004661696C656420746F207365742050C7
:10B56000534D20706172616D732C206572722025BD
:10B5700064004661696C656420746F20636F6E6659
:10B5800069677572652050534D2C206572722025B5
:10B59000640041542525464541434F4E463D302CDD
:10B5A000332C25640041542B43474D5200466169BA
:10B5B0006C656420746F20676574206D6F64656DC1
:10B5C000206669726D7761726520747970652C20D0
:10B5D0006572726F723A202564006E726639313678
:10B5E000305F006E7266393178315F006E72663995
:10B5F0003135312D6E746E5F006C74655F6C635F06
:10B60000776F726B5F7100436F756C64206E6F743F
:10B610002067657420726567697374726174696FFD
:10B620006E207374617475732C206572726F723A38
:10B6300020256400436F756C64206E6F742067650D
:10B640007420434552454720706172616D20636FDD
:10B65000756E742C20706F74656E7469616C6C7992
:10B66000206D616C666F726D6564206E6F746966C3
:10B6700069636174696F6E2C206572726F723A2013
:10B68000256400526567697374726174696F6E2016
:10B6900072656A65637465642C20454D4D20636155
:10B6A0007573653A2025642C2043656C6C204944F1
:10B6B0003A2025642C20547261636B696E672061A7
:10B6C0007265613A2025642C204C5445206D6F64CE
:10B6D000653A202564004661696C656420746F20BA
:10B6E00070617273652050534D20636F6E66696799
:10B6F00075726174696F6E2C206572726F723A2078
:10B700002564004661696C656420746F2070617205
:10B710007365206E6F74696669636174696F6E200A
:10B72000286572726F72202564293A2025730055AE
:10B730006E6B6E6F776E206E6574776F726B2072B2
:10B740006567697374726174696F6E207374617474
:10B7500075733A20256400556E6B6E6F776E204CC2
:10B760005445206D6F64653A2025640041542B4395
:10B77000455245473D35004661696C656420746FEC
:10B780002073756273637269626520746F2043452C
:10B79000524547206E6F74696669636174696F6EA4
:10B7A000732C206572726F723A202564002B43451A
:10B7B000524547004661696C656420746F20656E70
:10B7C00061626C65206E6F74696669636174696F2C
:10B7D0006E732C206572726F723A20256400496E78
:10B7E00076616C69642066756E6374696F6E616CF6
:10B7F000206D6F64653A2025640041542B43465503
:10B800004E3D2564004661696C656420746F207349
:10B8100065742066756E6374696F6E616C206D6F00
:10B8200064652E20506C6561736520636865636B89
:10B83000205853595354454D4D4F44452E00436FA6
:10B84000756C64206E6F7420676574207369676E11
:10B85000616C6C696E67206D6F64652C2065727217
:10B860006F723A20256400496E76616C69642073BA
:10B8700069676E616C6C696E67206D6F64653A20F4
:10B8800025640043616E27742070617273652073B4
:10B8900069676E616C6C696E67206D6F64652C20E2
:10B8A0006572726F723A202564004661696C656446
:10B8B00020746F20656E61626C6520525243206E69
:10B8C0006F74696669636174696F6E7320282B43B6
:10B8D00053434F4E292C206572726F7220256400ED
:10B8E0002B4353434F4E00496E76616C696420735D
:10B8F000797374656D206D6F64652072657175650F
:10B90000737465643A20256400496E76616C6964DD
:10B91000204C544520707265666572656E636520C3
:10B920007265717565737465643A202564004C54C2
:10B930004520707265666572656E6365206D75730E
:10B9400074206265204C54455F4C435F53595354F7
:10B95000454D5F4D4F44455F5052454645525F410E
:10B9600055544F2077697468204E544E204E422D16
:10B97000496F5400415425255853595354454D4D52
:10B980004F44453D302C302C302C302C310041546C
:10B9900025255853595354454D4D4F44453D257326
:10B9A0002C2563004661696C656420746F207365A3
:10B9B000742073797374656D206D6F646500312C2C
:10B9C000302C3000302C312C3000312C302C310018
:10B9D000302C312C3100312C312C3000312C312CD9
:10B9E000310041542B4350534D533D312C2C2C22CC
:10B9F0002573222C222573220041542B4350534D92
:10BA0000533D312C2C2C222573220041542B4350C2
:10BA1000534D533D312C2C2C2C22257322004154A4
:10BA20002B4350534D533D31006E72665F6D6F6412
:10BA3000656D5F61745F7072696E746620666169BE
:10BA40006C65642C207265706F7274656420657219
:10BA5000726F723A202564004154252546454143C2
:10BA60004F4E463D25642C25642C25750045787085
:10BA700065637465642076616C6964205433343185
:10BA8000322074696D657220756E697400415425A9
:10BA900025584D4F4E49544F5200415420636F6D0D
:10BAA0006D616E64206661696C65642C20657272DC
:10BAB0006F723A20256400415420636F6D6D616E92
:10BAC000642070617273696E67206661696C656479
:10BAD0002C206572726F723A202564004E6F2050E0
:10BAE000534D20706172616D65746572732062657B
:10BAF000636175736520646576696365206E6F7434
:10BB000020726567697374657265642C2073746153
:10BB10007475733A202564004661696C656420740D
:10BB20006F206765742050534D20696E666F726D8B
:10BB30006174696F6E00312E312E312E31004661F5
:10BB4000696C656420746F207365742066616C6C29
:10BB50006261636B20444E53206164647265737349
:10BB60002C20657272202564002573206973206E75
:10BB70006F7420612076616C696420444E53207399
:10BB800065727665722061646472657373004661E4
:10BB9000696C656420746F2073657420636F6E66D2
:10BBA000696775726174696F6E20286572723A20D8
:10BBB0002564290041542558434F455830006D6F86
:10BBC00064656D5F616E74656E6E61004661696C7F
:10BBD000656420746F20737461727420646F776E73
:10BBE0006C6F6164004572726F7220647572696E69
:10BBF0006720646F776E6C6F616400464F5441201C
:10BC0000757064617465206E6F742076616C696410
:10BC100061746564004572726F72206170706C7936
:10BC2000696E6720757064617465004657206669A7
:10BC30006C6520646F6573206E6F74206D61746332
:10BC4000682073706563696669656420464F544176
:10BC50002074797065004A6F6220696E666F206992
:10BC60007320696E76616C696400464F544120749C
:10BC7000797065206E6F7420737570706F72746563
:10BC8000640051554555454400494E5F50524F4759
:10BC900052455353004641494C4544005355434394
:10BCA00045454445440054494D45445F4F55540073
:10BCB00043414E43454C4C45440052454A4543544C
:10BCC000454400444F574E4C4F4144494E4700466F
:10BCD0004C495000425554544F4E0054454D50006D
:10BCE00048554D4944004149525F50524553530015
:10BCF0004149525F5155414C0052535250004C49FA
:10BD0000474854006E72665F636C6F75645F636F63
:10BD10006465635F696E7465726E616C006E7266F5
:10BD20005F636C6F75645F636F646563006E7266FA
:10BD30005F636C6F75645F6D656D006E72665F63E7
:10BD40006C6F75645F636C69656E745F6964006EC7
:10BD500072665F636C6F75645F7365635F74616760
:10BD6000006E72665F636C6F75645F696E666F000C
:10BD70006E72665F636C6F75645F636F6170006E97
:10BD800072665F636C6F75645F636F61705F74721E
:10BD9000616E73706F727400636F61705F636F6464
:10BDA00065630064746C73006E72665F636C6F75BC
:10BDB000645F646E730054462D4D206E6F6E2D735C
:10BDC00065637572652063616C6C6261636B206989
:10BDD0006E697469616C697A6174696F6E206661FD
:10BDE000696C65642C206572726F723A202564005C
:10BDF0002A2A2A2A2A20534543555245204641558E
:10BE00004C54202A2A2A2A2A002020416464726580
:10BE100073733A2030782578002020496E76616C63
:10BE2000696420656E74727920706F696E74002089
:10BE300020496E76616C696420696E746567726909
:10BE40007479207369676E6174757265002020498A
:10BE50006E76616C696420657863657074696F6E75
:10BE60002072657475726E0020204174747269626C
:10BE70007574696F6E20756E69742076696F6C6178
:10BE800074696F6E002020496E76616C696420745D
:10BE900072616E736974696F6E0020204C617A79EB
:10BEA0002073746174652070726573657276617455
:10BEB000696F6E0020204C617A792073746174651B
:10BEC000206572726F72002A2A2A2A2A205350553E
:10BED00020494E54455252555054202A2A2A2A2A83
:10BEE00000202053656375726974792076696F6CE0
:10BEF0006174696F6E20666F722074686520666C6D
:10BF0000617368206D656D6F727920737061636510
:10BF100000202053656375726974792076696F6CAF
:10BF20006174696F6E20666F72207468652052417B
:10BF30004D206D656D6F72792073706163650020AF
:10BF40002053656375726974792076696F6C6174CA
:10BF5000696F6E206F6E206F6E65206F7220736543
:10BF6000766572616C207065726970686572616C6B
:10BF7000732E0041542B4346554E3D0070646E00B5
:10BF800048616C74696E672073797374656D0055D0
:10BF90006E6B6E6F776E206572726F7200756E6B6E
:10BFA0006E6F776E003E3E3E205A455048595220F3
:10BFB000464154414C204552524F522025643A206C
:10BFC0002573206F6E20435055202564004661750F
:10BFD0006C7420647572696E6720696E7465727224
:10BFE0007570742068616E646C696E670A004375D1
:10BFF0007272656E74207468726561643A2025708F
:10C000002028257329004350552065786365707496
:10C01000696F6E00556E68616E646C656420696E50
:10C020007465727275707400537461636B206F76FF
:10C030006572666C6F77004B65726E656C206F6F12
:10C040007073004B65726E656C2070616E69630081
:10C050006D61696E006F7300737973776F726B71C6
:10C06000006E616E00286E756C6C29005C7C2F2D53
:10C07000000102030405060741542B4353434F4E6E
:10C080003D3100303132333441542B4350534D5302
:10C090003D0030313233343536373839414243444C
:10C0A00045460030313233343536373839616263D2
:10C0B0006465660030313233343536373839000044
:10C0C000010205001F720100000000000DCB0000FE
:10C0D000000000002DE80000000000000DDC000062
:04C0E000000000005C
:10C0FC000000000000000000000000000002000032
:10C10C0030C800200000000000000000000000000B
:10C11C0000080000D0C70020D34D0100A94F01003A
:10C12C0050A2010000000000D00700009600C800DB
:10C13C000400000000000000C962010000000000C3
:10C14C000000000000100340000000000000000090
:10C15C0000000000000000000000000000000000D3
:10C16C0000000000000000000000000000000000C3
:10C17C0000000000000000000000000000000000B3
:10C18C0000000000000000000000000000000000A3
:10C19C000000000000000000000000000000000093
:10C1AC000000000000000000000000000000000083
:10C1BC000001000054C60020000000000000000038
:10C1CC000000000000000000000000005CE7002000
:10C1DC002000000000000000FB6A010000000000CD
:10C1EC00CD6A010021D20000F76A010000000000B6
:10C1FC00000000003DD50000000000000000000021
:10C20C000000000011E7000000000000000000002A
:10C21C000090D003FF000000FF000000C1F80000F8
:10C22C00C1F60000E5F80000CDF60000D1FB0000DF
:10C23C0051F9000099FB00002F79010029790100C8
:10C24C002379010090020000D8C60020D8C6002037
:10C25C00E0C60020E0C600200430303130313030F0
:10C26C003000303030303030313100000000000010
:10C27C00416E010000000000ADB70100EDDD0000D3
:10C28C0000000000E0B80100C9E10000000000005F
:10C29C000000000000000000000000000000000092
:10C2AC0000000000F83701204408000000000000E6
:10C2BC000000000000000000B81401200001000084
:10C2CC00000000000000000058C7002058C70020E4
:10C2DC0000000000000000000E0000006CC70020F1
:10C2EC006CC7002000000000000000000E000000E1
:10C2FC0080C7002080C70020000000000000000064
:10C30C000E00000094C7002094C70020000000001D
:10C31C00000000000E000000A8C70020A8C70020E5
:10C32C0000000000000000000E000000BCC7002050
:10C33C00BCC7002000000000000000000E00000040
:10C34C00D0C70020D0C70020040000000F00000060
:10C35C00404601207C4601204046012040460120F9
:10C36C0000000000F4C70020F4C70020000000000B
:10C37C0000C8002000C800200000000001000000E0
:10C38C0010C8002010C8002018C8002018C80020B1
:10C39C00000000000100000028C8002028C8002070
:10C3AC0030C8002030C80020000000000100000050
:10C3BC0040C8002040C80020000000000000000021
:10C3CC0050C8002050C8002058C8002058C8002071
:10C3DC00A8C80020000000000000000000000000C1
:10C3EC000000000000000000000000000000000041
:10C3FC000000000000000000000000000000000031
:10C40C000000000000000000000000000000000020
:04C41C00000000001C
:10C42400D49A0100D8C800200000000000020000D7
:10C4340000000000000000000005000000000000F3
:10C4440000000000000000000000000000000000E8
:10C454000000000000000000636301000000000011
:08C464000000000015E015E0E6
:00000001FF
