:020000040000FA
:10000000F8040020013500003D5B00000F5C00009B
:10001000315C0000535C0000975C0000755C0000E0
:100020000000000000000000000000009D2800000B
:10003000435B000000000000495B00004F5B0000D4
:100040000000000000000000000000000532000079
:1000500000000000555B00000000000000000000F0
:100060005B5B0000615B0000675B00006D5B000094
:1000700000000000735B0000795B00007F5B000004
:10008000855B00008B5B00000000000000000000AA
:10009000915B0000975B0000000000000000000082
:1000A0009D5B00000000000000000000A35B00005A
:1000B000A95B0000AF5B0000B55B0000BB5B00000C
:1000C000C15B0000C75B0000CD5B0000D35B00009C
:1000D000D95B000000000000DF5B000000000000B2
:1000E000E55B000000000000EB5B0000000000008A
:1000F000F15B0000000000000000000000000000B4
:1001000000000000F75B000000000000000000009D
:1001100000000000000000000000000000000000DF
:1001200000000000FD5B0000000000000000000077
:1001300000000000000000000000000000000000BF
:10014000035C000001015F5F030100001F0100006C
:10015000C5040000000000000000000001000000D5
:10016000010000000000000000000000000000008E
:1001700000000000011F000000000000000000005F
:10018000700000001462000080000000000F0000FA
:10019000010000006102000001015F5F0401000036
:1001A0001F01000025060000000000000000000004
:1001B000000000000100000000000000000000003E
:1001C0000000000000000000011F0000000000000F
:1001D000000000001F620000400000000507000052
:1001E000010000002D05000000015F5F020000001B
:1001F000FE0B000095290000000500000000000033
:1002000000000000000000000000000000000000EE
:100210000100FFC3000000C400FE000060090020D0
:0402200000000000DA
:1002400038B50025054C29462046D4F80022C4F8CC
:10025000045205F08CFDC4F8005238BD2005002082
:100260002DE9F04F04680546A3B0002C40F005814D
:100270002146202202A805F07AFD214620220AA864
:1002800005F075FD2146042412AF4022384605F0E2
:100290006EFD05F1200353F8041D2246013C09B10F
:1002A000144601E0002CF6D1042605F1300353F882
:1002B000041D3246013E09B1164601E0002EF6D17A
:1002C0002CB96FF08304204623B0BDE8F08F4023A3
:1002D0003A460021686805F085FD4028F1D1CDE956
:1002E00002700127DFF898910DF1080805F1100A56
:1002F000BC422DD10AAF3C460021614A05F11C00E9
:10030000D2F8003200EB860840453ED109B1C2F870
:1003100000320023CDE90033039BA968402BC2F8CB
:100320000412029A40F09D80138D180A032858D0B9
:1003300001287FD01268831ECDE90021092B00F22D
:100340008A80DFE803F03F4E53595F656B717C8212
:100350005AF8043F1A1D20D8D9F80022D81C20F0E2
:100360000300C2F50071884217D8104402EB090B54
:100370003946C9F800025A46686805F033FD01376E
:10038000C8F80C0048F808BFB2E750F804EF1EF1B7
:10039000040F07D909B1C2F80032FFF751FF6FF01F
:1003A0008C0490E70EF1030C2CF0030CC3F50079DC
:1003B000CC4504F10804EDD8D11844E9021E634489
:1003C0000121A1E76A460AA902A800F09EF80446A6
:1003D0004FF00008464507F1080745D1FFF730FF09
:1003E00071E70AA902A800F07EF8F0E76A460AA9B8
:1003F00002A800F07BF8EAE76A460AA902A800F022
:100400006FF8E4E76A460AA902A800F072F8DEE78E
:100410006A460AA902A800F06FF8D8E76A460AA956
:1004200002A800F06CF8D2E76A460AA902A800F018
:1004300069F8CCE70AA902A800F06AF8C7E76A469B
:100440000AA902A800F06CF8C1E76A460AA902A846
:1004500000F069F8BBE70B4800F0D0FA6FF08504B4
:10046000B6E76FF08004B3E7414657E902236868B6
:1004700005F0C4FC08F10108ACE76FF0850422E741
:10048000200500202806000008B528220021024887
:1004900005F06DFC002008BD2807002008B51422D7
:1004A0000249034805F03EFC014808BD480600002B
:1004B0005007002008B5024803F08AFB002008BD61
:1004C0001905000008B5FFF7DFFF40B9FFF7E6FFA9
:1004D000FFF7F0FF18B9BDE8084003F0C9BB08BD3D
:1004E0006FF0850070476FF0850070476FF08500F2
:1004F00070476FF0850070476FF0850070476FF0B0
:10050000850070476FF0850070476FF08500704779
:10051000D1E9000103F070BB0FB4002004B07047B4
:100520006FF0850070476FF0850070472DE9F0414E
:1005300003680546B3F57D7FA6B008D040F2F532DA
:10054000934208D06FF0850026B0BDE8F08101F03D
:100550001FF90020F8E7002404260DF118084022B6
:100560002146404616AFCDE90244CDE9044405F0EA
:10057000FEFB40222146384605F0F9FB019405F1C7
:10058000200353F8041D3246013E59B13346164646
:10059000042405F1300252F8040D2146013C30B12B
:1005A0000C4606E0002EECD14FF0FF33F0E7002CB4
:1005B000F1D12343012B02D96FF08000C4E704235B
:1005C000002168680DEB030205F00CFC0428F3D150
:1005D000022E22D16E69402E21D833464246012197
:1005E000686805F0FFFB8642E6D1CDE9028602A9E4
:1005F0002CB12B6A402BDFD8CDE9047304AC224622
:10060000019801F024FD06462CB1DDE90423002108
:10061000686805F0F3FB304696E70021E8E76FF0E5
:10062000890091E7002070470A5B43727970746F0C
:100630005D20556E737570706F727465642072659D
:100640007175657374210A0054462D5053412D4332
:10065000727970746F20312E312E3000000000004E
:10066000407C00008007002054000000407C000017
:100670002005002000000000407C00000005002054
:1006800000000000D0080020CE030000200500205C
:1006900098000000000500200800000008B5EFF3F6
:1006A0001081012903D001F0F9F800B172B6074BAF
:1006B0001A6ABFF34F8F531C5A425A41012903D083
:1006C00001F0ECF800B162B6104608BD0080FF00F2
:1006D00008B5EFF31081012903D001F0DFF800B174
:1006E00072B6074BDA69BFF34F8F012902F001029E
:1006F00003D001F0D3F800B162B6104608BD00BFC8
:100700000080FF00714A10B5D2F8D03043F00203E8
:10071000C2F8D03001F0C2F830B14FF050230022BF
:10072000C3F81421C3F8182101F0CBF828B1012235
:10073000674BC3F8382AC3F878254FF47F02D2F804
:100740003031BFF34F8FD2F83421BFF34F8FBFF357
:100750004F8FC3F30B03092B05D1012A1EBF0122C2
:100760005B4BC3F8782501F0ACF818B10E22594B59
:10077000C3F8E42E01F092F830B10022544BC3F8D4
:100780000C270122C3F810270022D30003F57F03B2
:10079000D3F80013BFF34F8F013108D0D3F8001303
:1007A0000132D3F80433B2F5807F0B60EDD1EFF363
:1007B0001084FFF78DFF00284DD0BFF34F8F464BBD
:1007C000D3F80024012AFBD1C3F80425D3F8002470
:1007D000012AFBD1012C03D001F060F800B172B600
:1007E000FFF776FF58B13D4AD36923F00103D36187
:1007F000BFF34F8F384AD2F80034012BFBD1FFF7FB
:100800004DFF68B1354A136A23F0FF0343F020031C
:100810001362BFF34F8F304AD2F80034012BFBD163
:10082000012C03D001F03AF800B162B600222A4B45
:10083000C3F80425D3F80024012AFBD1BFF34F8F5E
:100840002249274BCA6802F4E0621343CB60BFF32E
:100850004F8F00BFFDE7FFF721FF0028ADD11B4AF6
:10086000D2F88C3043F44063C2F88C304FF47F03ED
:10087000D3F83021BFF34F8FD3F83431BFF34F8F0C
:10088000BFF34F8FC2F30B02092A13D1013B012B97
:1008900010D91248134903680F4A8B420CBF5A23E0
:1008A0000023C2F8103EC36A8B420CBF5A230023B8
:1008B000C2F8003E054AD2F8883043F47003C2F80B
:1008C0008830BFF34F8FBFF36F8F10BD00ED00E096
:1008D0000040005000A00350009003500080FF0033
:1008E0000400FA05FA50FA507C22014905F01ABAC0
:1008F000D40F002038B51D46344B354C5B68C3F32C
:1009000008032360EFF3038363655306C4E9012002
:10091000E16038D502F00C020C2A08BF08460146F7
:10092000206120222B4805F0FDF925B1202229461F
:10093000294805F0F7F9254B9A6AA265D96AE1655D
:10094000986B206602F400406066586BA06602F067
:100950008000E0669A62D962D3F8E4201F482267DB
:10096000D3F8E810616702F04001A167C3F8E42002
:1009700000F044F82168CB1E042B1DD8DFE803F0FB
:100980000F1416181A00EFF39483990704D5130770
:1009900002D5EFF38980C2E7EFF38880BFE7104804
:1009A000BDE8384000F02AB80E48F9E70E48F7E7EE
:1009B0000E48F5E70E48F3E70F2992BF0D480E48A1
:1009C0001039BDE8384000F019B800BF00ED00E074
:1009D000D40F0020E80F002008100020483200004B
:1009E0005732000063320000753200008032000090
:1009F0008D3200009B320000B73200000FB41FB5EB
:100A0000012106AB53F8042B054800910021039304
:100A100002F0FEFF05B05DF804EB04B0704700BFC4
:100A2000ED1800000A4B37B51B786BB1094C6369B0
:100A3000984748B9E56AA847C307FCD4236A0193DD
:100A400003B0BDE830401847002003B030BD00BF00
:100A500004180020F433000010B50B4C0020A368EC
:100A6000984780B902202369984760B94FF4E13173
:100A70000120A46AA04730B901211520A04710B970
:100A80000122024B1A7010BDF4330000041800203C
:100A9000044B82B0186883B26FF30F00184302B0A2
:100AA000704700BF3C340000014BD86D704700BF59
:100AB00084070020014B186E704700BF8407002098
:100AC00008B5024800F0E2FB002008BD84070020C2
:100AD000C3B2012B10B509D0A3F11502012A00F20F
:100AE000B080002900F09880002010BD4DF6C02392
:100AF000994270D028D8B1F5615F6FD011D8B1F5A7
:100B0000965F6DD008D8B1F5966F6BD0B1F5166FC2
:100B10006BD06FF00700E8E7B1F5165FF9D1524BE3
:100B200033E047F61223994262D007D8B1F5964FC9
:100B300061D0B1F5E14FECD14C4B26E0B1F5164F49
:100B4000E7D14FF41D0320E0494B994255D011D80D
:100B5000B1F5E13F54D007D8B1F5614F53D0B1F5AD
:100B6000963FD6D1434B10E0B1F5613FD1D14FF064
:100B70006C730AE0B1F5612F48D03F4B994248D0E1
:100B8000B1F5E12FC5D14FF0E86310F4E06F5BD110
:100B900010F4404103D0B1F5804F58D1102110F42A
:100BA000405403D0B4F5805F54D10E2410F4403289
:100BB00003D0B2F5403F50D10122304880F8921066
:100BC00000F16401C0F88C3080F8902080F89140EA
:100BD00000F0F2FF88E74FF46503D6E7284BD4E72F
:100BE000284BD2E74FF49E23CFE74FF41D23CCE7E9
:100BF0004FF40003C9E7244BC7E74FF08063C4E715
:100C00004FF0EB73C1E74FF46B03BEE74FF0706337
:100C1000BBE74FF08053B8E7162B4FF0FF330BBF05
:100C2000164A1649104615480ABF02F1640141F8F8
:100C3000643F936600F0C0FF10F1100F10D0C01792
:100C400053E76FF0030050E76FF008004DE76FF0D7
:100C50000A004AE76FF0090047E76FF00B0044E72E
:100C60006FF0010041E700BF0050270000C0750091
:100C700090D0030000903A0140420F00840700200A
:100C800000F03A0000B0130000A04E0073B5064615
:100C90001B480C4600F0CCFF194D18B94FF0FF303F
:100CA00002B070BD22463146284601F08DF810F1A1
:100CB000100F02D16FF00100F2E70028EEDB0321F4
:100CC000284600F03FFB10F1100FF3D00028E5DBC1
:100CD00000230193284601A901F01FF910F1100F1C
:100CE000F8D07830DAD0019B9C42D7D80122044852
:100CF000114601F010F90028D0DB00202C66CFE768
:100D000084070020F0B51B4E054691B030460C46D6
:100D100000F08EFF18B94FF0FF3011B0F0BD05F0B4
:100D20006043B3F1005F20D10023224629463046BC
:100D300000F084FF10F1100F19D00028EBDBF465F0
:100D400011E0A71B402F28BF4027A9193A46684643
:100D500004F0E8FF39466846FFF7D4FF0028DCD1ED
:100D60004036B442EDD80020D7E70026F9E76FF00F
:100D70000100D2E78407002010B50A4C04F164009A
:100D8000D4E9151200F0CAFD01460022204600F009
:100D9000EBF90028AABF00206FF00100C4E917009A
:100DA00010BD00BF840700207FB500250C46C0F8A9
:100DB00008511646D0F80821D0F8002222F020026F
:100DC000C0F800220F4AC0F8082300F0F8FDA56023
:100DD000256104F14C03D3E8EF1F6FF31731C3E82B
:100DE000E21F002AF7D110222946684604F0BFFF0F
:100DF000042368468DF800300196D4E90013984723
:100E000004B070BD10020A00044B054A1B68B3FB16
:100E1000F2F35843034B43F00103184780070020C7
:100E200040420F004034000000F01F03400909D188
:100E3000074A02EB8303D3F80012064A0A40C3F8BC
:100E4000002270470022803352F82330FFDE00BFBB
:100E500000258450F0F8FCFF00F01F0340090BD17F
:100E6000084A02EB8302D2F80012074B0B4043F012
:100E70000303C2F8003270470022803352F8233057
:100E8000FFDE00BF00258450F0F8FCFF00F01F03D8
:100E900040090BD1084A02EB8302D2F80012074B3B
:100EA0000B4043F00203C2F8003270470022803347
:100EB00052F82330FFDE00BF00258450F0F8FCFF1D
:100EC000F8B505462B6D046803F48223B3F5805F03
:100ED000D4F8000205D009B100232B626FF0760030
:100EE000F8BDD4F80463C4F8086309B9830645D48F
:100EF000D4F8003223F02003C4F800324FF4A113D9
:100F000005F15007D7E8EF1F1943C7E8E01F002895
:100F1000F8D112B9AB68002B57D12D4BC4F8083368
:100F200001236360D4F84431002BFBD00023C4F8C4
:100F30004C31D4F84C21C4F81031D4F81021C4F845
:100F40004431D4F844212A6D12F4004219D12A62A6
:100F5000204600F034FD0023EB606B61D7E8EF3FE3
:100F60006FF31733C7E8E23F002AF7D126F42026B3
:100F700026F404760020C4F80463B1E74FF480330C
:100F8000BEE7C4F84C31D4F84C21EA69C4F83425E2
:100F90000522C4F83825C4F81031D4F810310123E3
:100FA000E362D4F81031002BFBD00022C4F81021EA
:100FB000D4F81031D4F84C310BB1D4F83C352B6255
:100FC000C4F84C21D4F84C31C2E701236360D1E767
:100FD00010020A002DE9F84391F8306005460C46EE
:100FE000A6B9036D43F0007303650868471C08D079
:100FF000430940F0AE800123584A83409360FFF7D5
:101000002BFF6068411C01D0FFF70EFF94F82C8085
:10101000E768B8F1010F15D1A6B92B6D7A1C43F022
:1010200000632B6502D03846FFF7FEFEA068431C24
:1010300008D0430940F08F800123484A83409360E1
:10104000FFF70AFF94F82F601EB92B6D43F08073F1
:101050002B6594F82D1094F82EC0A26A2B6848EAEC
:101060000101A068D4E9009EC3F824254CEA0102DE
:10107000C3F86C2556B9B8F1010FC3F80C95C3F845
:1010800014E504BFC3F80805C3F810754FF47F02D8
:10109000D2F83031BFF34F8FD2F83421BFF34F8FE6
:1010A000BFF34F8FC3F30B03092B1BD12B68D3F86E
:1010B000682503F26457012A08BFDA60D3F8642573
:1010C000012A0FD1082149F64046C3F800155A609D
:1010D0003B689BBB2B68D3F88024C3F88024002294
:1010E000C3F8002500212B6894F83220C3F81011B2
:1010F000D3F81001C3F82011D3F82001C3F824114C
:10110000D3F82401C3F84411D3F84401C3F85811AB
:10111000D3F8581143F307335201002BD2B213DB3B
:101120000F49C81880F800230122580903F01F0353
:1011300002FA03F341F82030BDE8F8830120FFF7FD
:1011400063FE013EC4D1C5E7064903F00F03CA544C
:10115000F2E7B660FFDE00239B60FBE700258450CA
:1011600000E100E014ED00E02DE9F74304460E46EF
:1011700094F84C1091460430002970D1502204F0AC
:10118000F6FD336963607369E363B36903B1013BDF
:101190002364336A042B81BFF369E3610023236274
:1011A00096F83130B9F1000F2FD083F001084FEAE3
:1011B00008281BB1236D43F0010323650123256833
:1011C00084F84C30D5F84C21C4F80890FAB931466F
:1011D0002046FFF7FFFE0822002325688DF8073020
:1011E000C5F800250DF10702C5F84425C5F84835B6
:1011F00001230A26AB60EB60D5F8583193BB012080
:10120000FFF702FE013EF7D122E0C846D1E70822EF
:101210006427C5F800256B60D5F84431EBB9D5F8E3
:101220002431D3B90A20FFF7EFFD013FF4D10023A9
:10123000C5F84C31D5F84C21C5F81031D5F810213E
:10124000C5F84431D5F84421C5F80035002FBED18A
:101250006FF08B0003B0BDE8F0830127E7E76FF084
:101260007700F7E70020C5F820018145D5F8203147
:10127000054B08BF0346226848EA0303C5F800058A
:10128000C2F80433E6E700BF10020A0003682B4AE5
:101290002DE9F041C3F8082343F30733002B04463C
:1012A0000DDB01215A0903F01F03994002F12003CD
:1012B000234A42F82310BFF34F8FBFF36F8F0122F1
:1012C00020461146FFF7FCFD0121204600F038FDC5
:1012D000256D2368E901D3F80C05D3F81485D3F8FC
:1012E0000865D3F8107509D54FF0FF32C3F80C2507
:1012F000C3F81425C3F80825C3F81025AA0115D58D
:10130000431C01D0FFF7C2FDB8F1FF3F02D04046B9
:10131000FFF7BCFD290109D57A1C02D03846FFF73A
:10132000B5FD731C02D03046FFF7B0FD002384F8F2
:101330004C302365A360BDE8F08100BF10034A0074
:1013400000E100E0F8B50646044656F8505B071D7C
:10135000D6E8EF3F43F48052C6E8E02F0028F7D1EB
:10136000DA0466D44B0702D5E369002B64D0344B12
:10137000C5F808330823C5F800350023C5F8103137
:10138000D5F81021C5F84C31D5F84C21C5F84431B9
:101390000A03D5F844318B0303F4804302F400526E
:1013A0004903134301F400410B43D6E8EF2F1A43DE
:1013B000C6E8E12F0029F8D1E368B3B9A3686BB997
:1013C000236DD80433D5D6E8EF3F6FF31733C6E863
:1013D000E23F002AF7D16FF00B00F8BD0321384639
:1013E00000F0C8FAE368002BEAD0D5F804335907B7
:1013F00010D5A36873B1236D1A030BD5D6E8EF3F60
:1014000023F40023C6E8E23F002AF7D1062138463C
:1014100000F0B0FA236DDB0409D5D5F84C310BB9D7
:1014200001232B60A36813B1054BC5F804330020DA
:10143000D3E76FF00F00D0E74FF0FF30CDE700BFEC
:1014400010020A0072B6024A136801331360704733
:1014500050100020034A1368013B136003B962B6C1
:10146000704700BF50100020003A18BF0122003919
:1014700018BF012103688900074841EA4201186347
:1014800059605A6842F001025A60BFF34F8FBFF3B0
:101490006F8F0020704700BF04AAFF000722024B95
:1014A000C3F80423704700BF00300050084BD3F846
:1014B0000801D3F80021003818BF012080000AB1CC
:1014C00040F00100D3F804310BB140F00200704746
:1014D000003000500022074BC3F80021D3F8001160
:1014E000C3F80421D3F80411C3F80821D3F8083154
:1014F000704700BF0030005000231720094A03F551
:10150000C0710133202B42F82100F8D100231720AD
:10151000044A03F5E0710133202B42F82100F8D191
:10152000704700BF0030005010B59DF80840C00B58
:1015300043EA0423064CC90B43EA0213884200D94C
:1015400010BDC2B202F5C07244F822300130F5E796
:101550000030005010B59DF8084000F1604043EAAB
:10156000042301F16041074C400B490B43EA02138D
:10157000884200D910BDC2B202F5E07244F82230B0
:101580000130F5E700300050C0F30E03C3F500430F
:10159000B3FA83F3C3F11B03064AC0F3C730DBB2CF
:1015A00040F4807043F48073C2F80005C2F804353B
:1015B000704700BF00300050014B03EB40307047D4
:1015C000FF1FF81F054BC0F30730090241F030013F
:1015D00000F5007043F82010704700BF0030005045
:1015E000044BC0F30730090200F5007043F82010E7
:1015F000704700BF0030005008B5FFF757FF034B9E
:1016000018600348BDE80840FFF7F8B988160020C5
:10161000AD3300000C22014904F084BB8816002081
:1016200010B501F0D4FD044688B902F085FB0446EC
:1016300078B9094A0948D36823F008031B041B0C36
:1016400043F0BF6343F40033D360FFF7D7F920467C
:1016500010BD45F22354FAE700ED00E0C33300006B
:10166000024B1860024B002019607047981600204A
:10167000941600201FB5374C426923685A6282696C
:101680009A62C269DA62026A1A63426A5A63826AB9
:101690009A63C26ADA63026B1A64426B5A60826BA5
:1016A0009A60C26BDA60026C1A61426C5A61826C99
:1016B0009A61C26CDA61026D1A62826D5A65C26DFE
:1016C0009A65026FDA65026E1A66826E5A66426F1A
:1016D0009A66EFF388825A64EFF389829A644268CB
:1016E000DA64EFF394821A65026801A81A67FFF7BB
:1016F00091FF2368019ADA6601221A70164B1C6862
:10170000640864002046214622462346B7EE000ABC
:10171000F7EE000AB7EE001AF7EE001AB7EE002A4D
:10172000F7EE002AB7EE003AF7EE003AB7EE004ABD
:10173000F7EE004AB7EE005AF7EE005AB7EE006A2D
:10174000F7EE006AB7EE007AF7EE007A04F063FC79
:1017500004B010BD981600209416002000B5A1B06A
:1017600001A8FFF7C1F8029B63B15B060AD4019B95
:1017700023F00203052B05D1044B1B6813B101A80C
:10178000FFF778FF21B05DF804FB00BF941600203E
:10179000BFF34F8F0549064BCA6802F4E06213435A
:1017A000CB60BFF34F8F00BFFDE700BF00ED00E04F
:1017B0000400FA05F8B543680C2B01D00220F8BDEF
:1017C0004B68042BFAD14FF0FF3304680D68216891
:1017D0002B600029F2D0A268002AEFD00623012056
:1017E00001F040FC0028E9D16168264B994206D9F6
:1017F000A2682D338818984204D8234B11E0234B5C
:101800009942DBD9A26822488B1883421CD900F583
:10181000FF404F308142D1D900F2F9208342CDD828
:101820001C4B03F17F4303F50043B3F5805F206851
:1018300023D241EA02039B0722D10746091ACE1997
:1018400022B900202860BAE7134BEAE7EFF31082D1
:1018500000F03BFC10B1012A00D072B6366800F0EF
:1018600034FC20B1BFF34F8F012A00D062B6A268CA
:1018700047F8046B043AA260E1E704F053FAE0E7AA
:1018800003209CE7FF01FF000002FF002F01FF0083
:101890003801FF000881FF003001FF004FF47F0393
:1018A000D3F83001BFF34F8FD3F83431BFF34F8FEC
:1018B000BFF34F8FC0F30B00A0F10903584258410A
:1018C00070474FF47F02D2F83031BFF34F8FD2F818
:1018D0003401BFF34F8FBFF34F8FC3F30B03092BBB
:1018E00008BF01280CBF01200020704708461146A0
:1018F000FFF798B8012070476FF003007047002091
:1019000070476FF00300704700207047022814BF33
:101910006FF0030000207047FFF7F4B970B540F294
:10192000FF1501EB8202914200D170BD51F8044BCA
:10193000C4F30803240EAB4208BF4FF0FF33032C5F
:10194000F1D8DFE804F0020406080360EBE7436027
:10195000E9E78360E7E7C360E5E70346D0F85801AD
:1019600030B931B9D3F82001003818BF01207047D1
:101970000120704730B504460D4685B01022002185
:10198000684604F0F4F9D4E9001368468DF8005075
:10199000984705B030BD7FB504460E461546002178
:1019A0001022684604F0E3F9012368468DF8003000
:1019B000CDE90165D4E90013984704B070BD10B5B6
:1019C0000446FFF73FFDD4F8583133B1D4F804335F
:1019D00013F4800308BFC4F80035BDE81040FFF7DA
:1019E00039BDD0F8583133B1CB6CC3F30032DB04CE
:1019F00058BFC0F8002570472DE9F74F86680446A8
:101A00000D463EB113F0020604D0C36B002B00F06C
:101A100082800126276D17F010077CD14FF0010955
:101A2000BA46AB180093009B9D4276D005F0604B00
:101A3000E26BD4F8008082B9BBF1005F7AD10192E9
:101A4000FFF700FD216D404601F00101FFF785FF22
:101A5000019A20B9FFF7FEFCEAE70122EFE7A16C4B
:101A6000AB460029BCBFD8F84C15A1643AB1D4E903
:101A70000F1228788854D4E90F1201EB020BBBF146
:101A8000000F03D0C8F844B5C8F84895C8F820A19D
:101A9000D8F82021C8F858A1D8F85821C8F850A182
:101AA000D8F850210822C8F800251EB14FF4800252
:101AB000C8F80423C8F80890FFF7CCFCEEB9216DF4
:101AC00001F001014046FFF748FF0346D8F84C05F6
:101AD000D8F844252BBB9345F4D009B9C8F80C902D
:101AE0004FF0000BFFF7AEFC4046211DFFF779FFDA
:101AF000FFF7B0FCBBF1000F0DD1A368C3B9236D94
:101B00001B0715D55034D4E8EF3F23F00803C4E891
:101B1000E23F002AF7D14FF0FF37384603B0BDE867
:101B2000F08F9345D9D10028D7D14FF0FF3BD9E7AB
:101B3000013578E76FF01507EFE770B5CE6C0D460D
:101B400006F001010446FFF708FF38B94FF480039F
:101B500046F00406EE64C4F8043370BDD5E90A36D5
:101B60005AB1296CEA6B761A964228BF1646194478
:101B70003246A86B04F0D6F8AB6B4FF0FF326A64C4
:101B80001BB1C4F84435C4F848650023C4F82031BB
:101B9000D4F82021C4F85831D4F85821C4F8503171
:101BA000D4F850310823C4F800354FF48003C4F84A
:101BB00004330123A360D0E737B590F84C300446D6
:101BC0003BB3036B4BBB0268C2F8003583680BB1B3
:101BD0000B6943602046FFF7FDF9082200232468C3
:101BE0008DF80730C4F800250DF10702C4F844252C
:101BF000C4F8483501230A25A360E360D4F85831BE
:101C000073B90120FFF700F9013DF7D16FF08B00A8
:101C100001E06FF0760003B030BD6FF00F00FAE71F
:101C20000020C4F82001D4F82031C4F80005F2E700
:101C300090F84C00003818BF012070472DE9F0479C
:101C400004460F461E469046002A64D085685DB95A
:101C500053B9066B002E61D10263FFF7CDFE054636
:101C600026632846BDE8F087B10707D033464246D1
:101C700039462046BDE8F047FFF7BEBE07F0604397
:101C8000B3F1005F19D0E36B002B4AD0720748D440
:101C90000125D4F80090FFF7D5FB236BBBB9C4E94D
:101CA0000B781DB1236D43F0020323652A46484695
:101CB000211DFFF742FF002524E0256D15F00105E9
:101CC000E7D016F00405E4D04FF0FF35C9E7A36B69
:101CD000DBB9730719D5E36A03F06043B3F1005F22
:101CE00016D1236DC4E90D7843F0100323650A244F
:101CF000D9F85031C3B90120FFF786F8013CF7D17C
:101D00006FF08B05FFF7A6FBABE76FF00F05F9E768
:101D10004FF0FF35F6E76FF00605A2E76FF00F050D
:101D20009FE76FF00C059CE70023C9F85031D9F804
:101D30005031002FBFD0C9F84475C9F84885BAE7BB
:101D4000F8B50468036BD4F804730546C4F8087347
:101D500023B96FF07600C4F80473F8BD00F15003A6
:101D6000D3E8EF0F40F00800C3E8E20F002AF7D1F4
:101D70000123E360F9B12E6D1E4031462046FFF786
:101D8000ECFD0028F9D0FFF75DFBC6B9D4F820318F
:101D90004BB10123E360D4F85831002BFBD020462F
:101DA000291DFFF71EFEFFF755FB0023C4F8203165
:101DB000D4F820212B630020C4F80473CDE7D4F8B5
:101DC0005831002BEBD1EEE72DE9F0470568036DA4
:101DD000D5F8049313F4802804460F461646C5F838
:101DE000089340F08F8001F06042B2F1005F40F054
:101DF0008C80C26852B18268002A72D1D5F8102155
:101E0000002A6ED0C5F81081D5F81031226AC4E9D5
:101E10000376002A44D09642E16930D80023324646
:101E2000C4E90333384603F07DFF226AE069921B60
:101E30002262811903F03DFFA368DBB1236D13F427
:101E4000005A09D004F15003D3E8EF1F41F4802178
:101E5000C3E8E21F002AF7D104343246394620464F
:101E6000FFF799FDBAF1000F04D000222146284661
:101E7000FEF79AFF4046C5F80493BDE8F087384660
:101E800003F050FF236AA3620023236204F150038E
:101E9000D3E8EF1F41F40021C3E8E21F002AF7D185
:101EA000A16A2369E2685B1A0A44C5F83425C5F8BB
:101EB0003835236DDA04DDD55034D4E8EF3F23F410
:101EC0008023C4E8E23F002AF7D101232B60D5F834
:101ED0004431002BCED00023C5F84431D5F844312D
:101EE000C8E76269A2B95B04C4E90576C5F8347530
:101EF000C5F83865BED5D5F8003243F02003C5F8E3
:101F00000032B7E76FF07608B4E76FF00C08B1E77E
:101F10006FF00F08AEE7FEF7D3BF8368A3B903687D
:101F2000D3F80025082A06D011B1D3F83C350B6050
:101F30006FF077007047D3F8102142B111B1D3F898
:101F40003C350B60002070474FF0FF3070476FF05A
:101F50000F0070474B6830B513F01F052DD1026894
:101F60000C681068C0F30720844226D25068556080
:101F700094600C7C23F01F0304F001041C438B7C51
:101F8000DB0003F018031C434B7C5B0003F00603EB
:101F90002343D3608B68013B23F01F04CB685B00B5
:101FA00003F00E03234343F0010313615060BFF3BA
:101FB0004F8FBFF36F8F284630BD0120FCE70368C9
:101FC00000205A68C9B258609960D86018615A6098
:101FD000704770B50546002403681E68C6F30726DF
:101FE000B44201D1002070BD21462846FFF7E7FF2B
:101FF0000134F5E7C003704747F6FF7303EBC030C9
:102000007047002070471F2070474FF40040704712
:1020100000F57F40C03040037047402070475F208C
:1020200070474FF4005070470020704708B5FFF725
:1020300095FB72B620BFFDE7034610B10020187073
:1020400070474AF2C530704700207047704703461A
:10205000012B084670B5114607D0062B09D0002B7E
:1020600031D1BDE87040FFF7A5BBBDE8704000F07E
:102070003FB84368082B01D0022070BD5468042C7F
:10208000FAD14FF0FF3305681668296833600029DC
:10209000F2D06B68002BEFD026237422012000F0D1
:1020A000E1FF0028E8D1224623230120696800F0DF
:1020B000D9FF04460028DFD1D5E90001FFF7D0FAA7
:1020C00030602046D9E70320D7E74FF47F03D3F8E9
:1020D0003001BFF34F8FD3F83431BFF34F8FBFF3CD
:1020E0004F8FC0F30B00A0F10903584258417047CD
:1020F00043680C2B01D0022070474B68042BFAD1A7
:102100000B6801210268196011680131F3D10221C5
:10211000906819600028EED11860704707B51C4B15
:1021200083F30A881B4801F03DF808B100F05CFE1B
:10213000FFF776FA0028F9D11748FEF75FFC174839
:10214000FEF75CFCFFF770FF0028EFD10DF10700F0
:10215000FFF772FF0028E9D19DF807301BB1FFF7A8
:1021600073FF0028E2D1FFF771FF00F0E3FB0C489A
:10217000FEF744FC0B48FEF741FC00F0D7FD00F0F1
:10218000C5FB00F0B3F8002003B05DF804FB00BF0E
:102190000000002054100020E4320000073300004B
:1021A000373300005833000030B5094C02466168EF
:1021B0000023084640B105686D68954205D11BB102
:1021C000826860609A60816030BD03468068F1E794
:1021D000D810002010B542B10B689B6813F4807FC3
:1021E0000CBF6FF0FC00002010BD0B4B1B680BB93F
:1021F00000F0FAFD1B68996938338A4203D053F81E
:10220000044FA04205D191420CBF6FF0FC000020AA
:10221000EAE70132F1E700BFE010002070B50446A4
:102220000E461546002130220C3003F0A0FD064B6F
:1022300020461B68A6606360656100F0B2FE002363
:102240002061236070BD00BFE0100020034B1868C0
:1022500010B1006800B14068704700BFE010002076
:1022600008B5064B1B680BB900F0BEFD1B689868EB
:1022700000F44060003818BF012008BDE0100020C5
:102280002DE9F041074690460C4639B34B0025D561
:10229000154B01F01F0253F82250FDB12B685E6808
:1022A000FFF7DEFF294602463046FFF793FF90B95D
:1022B000C4F30721284600F09AFD044670B900F0E7
:1022C0007DFE064668B142462946FFF7A7FF3E60FD
:1022D0002046BDE8F0816FF08104F9E76FF08004DB
:1022E000F6E76FF08204F3E75810002038B500F0ED
:1022F00064FE0023114A5360114A536000F0C2FA91
:102300000E4800F021F80446A0B10D4980230D4A83
:1023100000F09AF80546204600F09DFD2068211D3A
:1023200000F068FB08B100F05FFD2946204600F090
:1023300055FAE5E7BDE8384000F066BAE410002041
:10234000D8100020581000200146F8B508B900F058
:102350004BFDDFF8F0C0DCF8003013F1350F66D824
:10236000344A156803F13402AA4260D2DA699869E6
:1023700002EB82020F300244186A00EB4000024474
:10238000586A02EBC00292009A18E0D29542DED35E
:102390001868294D060C3604AE42D8D180B2B0F58B
:1023A000817FD4D258680028D1DBD3E90A56B542E0
:1023B000CDDC986810F4406F03D03542C7D548682B
:1023C00090B91E4E306800F1200535601C4E36680D
:1023D000B542BCD8A842BAD84C680360CCF80020FB
:1023E0007CB9C4614860F8BD0768BC6814F4406FEC
:1023F00005D0BC6AA64202DBFF6ABD42A7DDC06908
:10240000DEE71E8E002223461D682D8EB54207D9B9
:10241000002AE6D0D369C361D061E4E72B46F3E735
:10242000DD691A46002DF9D1C561D861DBE70020CE
:10243000D9E700BF5034000000005F5F2008002093
:102440004C340000240800202DE9F84F9B4600B1D1
:1024500009B900F0C9FC0468204EA569E76904F1D8
:102460003C0C0CEB850C3568A7B10C2404FB07541D
:1024700034601B4E3668B442EBD8A542E9D800263A
:102480002C464FF01408B146B74200D025B90020C1
:10249000BDE8F88F3D46F2E708FB06CEC4E900E050
:1024A000DEF808E0C4F808901EF4007F0FD0002A80
:1024B000CFD0BBF1800FCCD11EF0E00F5FFA8EFAC7
:1024C000C7D152F82A30002BC3D142F82A404B68BA
:1024D0000136A3604C600C34D6E700BF1C08002016
:1024E000483400002DE9F04F93B000935F4B07464E
:1024F000D3F800B00BB2002B0D461646C1F30268AC
:10250000C1F3024A04DA6FF0800013B0BDE8F08F27
:102510008B42C36001D10020F7E708EB0A03042BCC
:10252000F1D8CC0F64014FEAC80931464A46DBF8BE
:10253000040044F0020300F095FD01460028E2D1BA
:10254000202202A803F013FC4A46314602A84FEAB3
:10255000CA0603F0E7FB32460099DBF8040044F0BA
:10256000060300F07FFD81460028CCD101462022E1
:102570000AA803F0FCFB324600990AA802AE03F059
:10258000D1FB334609F10109C8452AD815F0006F7F
:1025900018BF20241022002107F11C0003F0E7FBE4
:1025A00007F118091022002107F12C0003F0DFFBCE
:1025B00009EB880844F00203C1452AD1202C3FD101
:1025C000002D02DBC5F3C0456C0107F128050AAEFA
:1025D00005EB8A0A44F00604554533D1009BFB679E
:1025E00099E7D3E900E21EEB020201928BD21A4670
:1025F0004846404501D10833C4E7D2E902C16144ED
:102600008E4503D201998C45FFF47DAF013008322D
:10261000EFE77268DBF8040056F8081B019300F03E
:1026200021FD00287FF46FAF56F8042C019B49F878
:10263000042F56F8082CC9F83000C9F82020BBE751
:102640000024C2E77268234656F8081BDBF8040032
:1026500000F008FD00287FF456AF56F8043C45F81A
:10266000043F56F8083C28642B63B5E7E0100020CF
:102670002DE9F0411F46174B0C461646D3F8008053
:1026800000F0C7FB08B900F0AFFBC368002BFADB12
:10269000032CF8D800EB8404E569E36CED1AF2D35F
:1026A000ADB106233A463146D8F8040000F0DAFC12
:1026B0000028E8D1BD4228BF3D46E36CE16B2A46C5
:1026C0001944304603F02EFBE36C2B44E3642846A8
:1026D000BDE8F081E0100020F8B51D46154B0C4612
:1026E00017461E6800F095FB08B900F07DFBC36833
:1026F000002BFADB032CF8D800EB8404E26EE36ACB
:102700009A42F2D89B1AAB42EFD3706802232A4652
:10271000394600F0A7FC06460028E6D1E36EE06DDE
:102720002A463946184403F0FDFAE36E30462B443E
:10273000E366F8BDE01000202DE9F04105464FF0BA
:1027400001080E4E0E4B37685C681CB9284637608E
:10275000BDE8F0812268936813F400700CD16369BE
:10276000012B09D0D368346023B19847002801DADF
:1027700000F03AFBC4F81480E469E6E7E0100020BA
:10278000E410002070B50446D0B18368C3B11A6864
:10279000B2B15D68A5B10C4BA86168691D6020B934
:1027A0002B68DB684BB901236B61A36804F10C0053
:1027B0001B68BDE870401B69184798470028F2DA8B
:1027C0006FF0800070BD00BFE01000204268024B37
:1027D00008461A60704700BFE0100020002203681E
:1027E00010B5C0E905229A68044612F4406F07D07C
:1027F000120503D5D3E90A0100F034F8014B1C603F
:1028000010BD00BFE010002038B5124B1B681C68DB
:10281000A36813F4406F01D100F0E6FA00F0AAF9C2
:10282000626B23690C49134423F00703A3F10805E5
:1028300043E9021185F30988073222F0070282F387
:102840000B88BFF36F8F054BE268054900F0F0FC81
:10285000002038BDE0100020A5EDF5FEF8040020B2
:1028600039270000014BC3E900017047EC1000203C
:10287000034BD3E900308342C8BF0020704700BF3C
:10288000EC10002008B500F069F9034B986000F0E7
:102890006BF980F3888808BD00ED02E0EFF3088053
:1028A0007146EFF30982EFF30B830CB406B400F02A
:1028B0005DFA8646009900F0080001F00801401A10
:1028C00002DC14DB04B070472DED108A1EF02003EB
:1028D0001CBF2DE9F00FBDF1080D0B4C2546264617
:1028E0002746A046A146A246A34630B4704704B08E
:1028F00030BC1EF020031CBF1DF1080DBDE8F00F19
:10290000BDEC108A04B07047A5EDF5FE084BDA68FF
:1029100082F07F4282F47F0242F48042DA60002239
:102920001A765A76DA76DA77602283F822207047B0
:1029300000ED00E0154B1649D3F8882042F47002F0
:10294000C3F88820D1F8882042F47002C1F88820AA
:10295000BFF34F8FBFF36F8FD3F88C2042F44062E8
:10296000C3F88C20D3F8342242F08042C3F83422DA
:10297000D3F8342242F03C42C3F834224FF0E02234
:10298000D36843F42003D360704700BF00ED00E03C
:1029900000ED02E0009A164B9A4227D101229043A3
:1029A000014641EC100B41EC110B41EC120B41ECD8
:1029B000130B41EC140B41EC150B41EC160B41ECE5
:1029C000170BEFF3148222F0040282F31488BFF392
:1029D0006F8F024603460446054606460746804674
:1029E000814682468346844686460447FEE70000C9
:1029F000A5EDF5FE2DE9F041044618B943F6DA30AD
:102A0000BDE8F0810029F9D08368002503F4406314
:102A1000003B18BF0123134F43F00203DFF8488047
:102A20000B6000F13C06236AAB4201D80020E7E7C7
:102A30001421A369E26906EB830301FB02330C2234
:102A40006A4399188968090709D59B58BB4201D088
:102A50004345D3D1186810B10121FEF7B3FD01350C
:102A6000E1E700BF340800202C08002070B5324C8C
:102A700086B03248FFF7ADFA236801255A1C01934E
:102A80002F4B2260DA681B694FF4407603930023D2
:102A90002A4801A902920495ADF814608DF8163009
:102AA000FFF758FA18B143F6DA3006B070BD236864
:102AB0008DF816005A1C0193224B20480293224B9A
:102AC00001A9CDE903352260ADF81460FFF742FAA1
:102AD0000028E8D123688DF816005A1C01931B4B7F
:102AE000164802931A4B01A9CDE903352260ADF8CF
:102AF0001460FFF72FFA0028D5D123688DF816004F
:102B00005A1C0193134B0D480293134B01A90393D5
:102B10000223049340F201132260ADF81430FFF752
:102B200019FA04460028BED12A4629460348FEF772
:102B30009BFC2046B9E700BFF410002028080020C5
:102B400054340000003500006062000060060000A0
:102B5000600600000005002020050020014B1868D9
:102B6000704700BF54340000014B1B681868704761
:102B700054340000014B1B685868704754340000FF
:102B800008B5FEF739FDFEF7A5FC094B5A68103A67
:102B9000D3B2120609D401215A0903F01F03994048
:102BA00002F16003034A42F8231000F01DF900BF50
:102BB00000ED00E000E100E00020034BD8765A6A07
:102BC00042F470225A62704700ED00E00349044B62
:102BD000CA68002092B21343CB60704700ED00E05A
:102BE0000800FA05064BD3F8D02022F00102C3F802
:102BF000D020D3F8D02042F00202C3F8D020704792
:102C000000ED00E037B50124FEF776FC164D2246B4
:102C1000052347F6FF7100200094FEF785FC22464D
:102C200007234FF0005011490094FEF793FCD5E9BB
:102C30000101072300220094FEF776FC07230022FF
:102C40000B490C480094FEF785FC2969E8680139B6
:102C5000FEF79AFCD5E90501062300220094FEF751
:102C600063FC002003B030BD54340000FF7F00201F
:102C7000FFFF03200080002038B50024124D002102
:102C800055F8040B0134FEF7ABFC1D2CF7D10020E6
:102C900001220E4BC3F88004C3F88424C3F8C00497
:102CA000C3F8C4244FF47F03D3F83021BFF34F8F10
:102CB000D3F83431BFF34F8FBFF34F8F40F201127F
:102CC000034BC3F8402538BD70340000003000507D
:102CD0000090035000224FF0FF300D4B02F1A00195
:102CE0000132102A43F82100F8D1D3F880220020C5
:102CF00022F00802C3F88022D3F88022D3F8802281
:102D000022F40072C3F88022D3F88032704700BFEB
:102D100000E100E008B5FEF7C1FB0822024BC3F852
:102D200080211A60002008BD00E100E00122014B73
:102D30001A607047F810002010B50446094B22892C
:102D4000186861680623406800F08CF928B9064BC2
:102D50001B68012B01D1FFF779FA6FF0860323601E
:102D600010BD00BFE0100020F810002038B501F0C1
:102D70000C030C2B14BF054615464A060C460ED50F
:102D80008B0658BF2835AB6913F8021CC4F3C00387
:102D900083F00103C1F38012DBB29A4201D000F04C
:102DA00023F811F0A00F16D141B103290FD00B4821
:102DB000FDF724FE6FF083032B6006E0FFF796FA21
:102DC00004460146064800F02DFA204638BD284644
:102DD000FFF7B2FFF9E70348EAE700BF62330000FC
:102DE000F80400208633000008B5FFF71FF90368D8
:102DF0009A68DB6812F4806F05D18B4234BF6FF0A4
:102E0000FA00002070478B4214BF6FF0FA000020D8
:102E1000704710B500F0C8F8044600F0D6F850B975
:102E2000FFF714FAA3685B681B685B68834218BFEE
:102E30000024204610BD0024FBE710B5044630B145
:102E4000FFF716FDB4EBD07F04D0FFF7CDFFFFF7FF
:102E5000FDF9F7E710BD70478230012808B504D8A6
:102E6000FFF7FEF908B9FFF7BFFF08BDF8B5054643
:102E70000E46FFF7CEFF044608B9FFF7B5FF80689E
:102E80000028FAD0E368991C46D05A1C23D1002EA2
:102E90003FD016F1820F4FF0020318D101252360B5
:102EA000EFF3108772B631462046FFF78FFC0646D7
:102EB00087F310882368022B1CBF0023236025B1F1
:102EC00000232046236000F082F83046F8BD16F15A
:102ED000830FE3D0D1E7002BCFDB002304F12802DE
:102EE00052F8041F19B1E16F156C19444D60083395
:102EF000202BF5D103689D6815F4007502D00223DC
:102F00000125236016F1810FCAD16369002BC7DB4D
:102F1000B3E72E460025F5E701250026C0E708B5F2
:102F2000FFF784F8F7B50D46164604461F46FFF72F
:102F300097F9FFF782FF2146024601A8FFF7A0F9A3
:102F400068B93B46324629460198FFF7CBFA40B1B3
:102F5000630002D5019800F03AF86FF0800003B0EA
:102F6000F0BD0198FFF70EFC0122019B1A60F6E705
:102F700040F20110704770B50546FFF771F906463B
:102F80002846FFF711F9044608B9002070BD014634
:102F900032462846FFF71EF90028F6D12368D86884
:102FA000F4E74FF480507047B0F5805F03D1EFF342
:102FB0000B8080387047002070477047EFF30B801C
:102FC00000F1800383F30B88704700207047EFF314
:102FD0000B83803B83F30B88704780EA0000E1EEAF
:102FE000100A00EE100A00EE900A01EE100A01EE3F
:102FF000900A02EE100A02EE900A03EE100A03EEA7
:10300000900A04EE100A04EE900A05EE100A05EE8E
:10301000900A06EE100A06EE900A07EE100A07EE76
:10302000900A08EE100A08EE900A09EE100A09EE5E
:10303000900A0AEE100A0AEE900A0BEE100A0BEE46
:10304000900A0CEE100A0CEE900A0DEE100A0DEE2E
:10305000900A0EEE100A0EEE900A0FEE100A0FEE16
:10306000900A70472DE9F0410F46154612B900202D
:10307000BDE8F081002900F0928003F00602062AE4
:1030800031D09C0740F18B800824990648BF44F05A
:103090001204820758BF44F00404C30709D5EFF3B4
:1030A0009483DE074CBF44F0040424F0040444F08D
:1030B000120422462946384602F0A0FC0028D6D148
:1030C00047E800F205EB0708150208F1FF364FEA62
:1030D000126146E800F3C3F307404FEA136304D4D8
:1030E0006FF07F00C4E70124CFE70206F8D58B42DA
:1030F000F6D047E800F546E800F6FEF782FF2D0E11
:1031000085424FEA166626D3FEF77DFF864222D817
:103110002846FEF771FF2246C7F1010101443846F7
:1031200002F06CFC0028DBD00135AE420AD83046F4
:10313000FEF760FF2246A8EB000102F05FFC0028CA
:1031400095D1CDE72846FEF755FF0746FEF75DFF10
:1031500022460146E3E7FEF760FF8542C0D3FEF753
:103160005EFF8642BCD82846FEF726FA2246C7F103
:1031700001010144384602F041FC0028B0D001357D
:10318000B54203D33046FEF743FFD3E72846FEF7A8
:103190003FFF0746FEF745FF22460146EAE74CF2AD
:1031A000DA2065E710B50446FFF71CFDFFF72AFD9E
:1031B00010B143F6DA3010BDFFF75EFD0028F8D1FC
:1031C000FFF754FC0028F4D102232360F3E708B58D
:1031D000FFF7F2FC10B143F6DA3008BDFFF7F6FC5A
:1031E0000028F8D100F01CF80028F4D162B6FDF7F1
:1031F00033FCFFF76FFD0028EDD1FFF78BFD0028B2
:10320000EBD0E8E7EFF30880EFF309812DE9F00F49
:103210006B467246FDF76EFB08B0FFF7B1FCFEE7A8
:103220000020704704460D46FFF7D7FEA546284705
:1032300083F3088896460222EFF31483134383F343
:103240001488BFF36F8F08473C464154414C2045DA
:1032500052524F523A20003C486172644661756C8C
:10326000740A003C4D656D4D616E61676520666155
:10327000756C740A003C4275734661756C740A0083
:103280003C55736167654661756C740A003C536513
:10329000637572654661756C740A003C52657365AE
:1032A0007276656420457863657074696F6E20304E
:1032B00078253038780A003C506C6174666F726D06
:1032C0002065787465726E616C20696E74657272C7
:1032D00075707420284952516E293A203078253073
:1032E00038780A0014426F6F74696E672054462D57
:1032F0004D201B5B313B33346D76322E332E302A1A
:103300002A1B5B306D0A00144275696C74201B5BCC
:10331000313B33346D546875203130205365702053
:10332000323032362031373A30393A31372055543D
:10333000431B5B306D0A0028466C6F61742041426C
:10334000493A20486172642C204C617A7920737468
:1033500061636B696E6720003C656E61626C6564D9
:103360000A003C556E6B6E6F776E2053504D2053A4
:103370005643207265717565737465643A203078C0
:10338000253038780A003C556E6B6E6F776E20538F
:103390005643206E756D6265722072657175657336
:1033A0007465643A203078253038780A003C506CD7
:1033B0006174666F726D20457863657074696F6EB5
:1033C0003A0A0028416C6C2070696E73206861763F
:1033D00065206265656E20636F6E666967757265EC
:1033E00064206173206E6F6E2D7365637572650D59
:1033F0000A000000910A0000F5180000790D000095
:10340000C10A00000D190000191900008D0C000000
:10341000F9180000A90A0000B50A0000D10A00004E
:10342000FF18000003190000091900001D0000002A
:10343000100000021C00000111000003040202023F
:103440000338FDD8704700004809002030090020EB
:10345000240200000080000000800000FF7F0F00B9
:10346000007C00000080000000800F00FFFF0F00C4
:1034700000400050005000500080005000A000505C
:1034800000B0005000E0005000F00050000001507B
:1034900000100150004001500050015000700150D8
:1034A0000080015000B0015000C0015000D0015018
:1034B00000E0015000F001500000025000100250E6
:1034C00000200250003002500040025000600250C4
:1034D0000080025000A0025000900350002584504C
:0434E00000A00350F5
:1035000008B572B60C4A0D4B9A600D4B83F30988CF
:103510000C4B83F30A8883F30B880B4B04A1D1E98E
:103520000001C3E90001FDF7EDF800F021FA00BF4A
:10353000A5EDF5FEA5EDF5FE0000000000ED00E0B4
:10354000F804002000000020F80400200000000023
:103550002DE9F04F8FB0C24C00AF23788A46B86097
:103560002BB9204602F09EF8204602F025FA4FF0D3
:10357000000BBC4BC7F804A0A3FB0A231B093B614B
:10358000B74802F035F98146002856D1B64D2B7C5C
:10359000002B40F0B9804FF47F03D3F80C2CEA469F
:1035A000013200F08481D3F80C2CAE4B172AA3FB18
:1035B00002134FEA131640F2A580FE604FF0000898
:1035C0005646C7F814B0C7F800900622A44807F181
:1035D000200102F04FF9002840F06C81A34BA9684C
:1035E000EC68986807F1200C07F1380EDCF8003021
:1035F0001F22994603E0A0420ED0531C22D04B4616
:10360000D34013F0010313BF002101311C460134E4
:10361000884202F1FF32EED19548C5E90214D7F88D
:1036200014B04FF00E0901F045FAB54602F018F952
:103630008B4802F0C5F90028A2D148463C37BD4668
:10364000BDE8F08F0CF1040CE645CFD1874B4FF06D
:10365000180CD3E900921346C5E9021462464FF0F4
:10366000000B41469C46286807F1200EC0F5806893
:103670004FEA58184FEA8808904528BF90465FEAFD
:10368000980A034627D0C7E9063EAEF104006C68ED
:1036900000EB8A0A50F804EF4FEA5E0303F055335B
:1036A000AEEB03034FEA930E0EF0333E03F03333D9
:1036B000734403EB131303F00F3303EB032303EB08
:1036C00003431B0EC3F1200382451C44E2D1D7E91A
:1036D000063E18466C6000EBC803B3F5806F1846D1
:1036E000A2EB080247D0C644002ABFD1FB6801F113
:1036F000010898452860FFF468AFD7F814B0D7F8F0
:103700000090B54601232B747B68172B40F29C80F8
:103710000024BB68C7F8149003EB8B0806224146CF
:103720004F4802F0A7F8C646002840F0C880D5E907
:1037300002164E4BA8F1040C98685CF8043F1F2257
:10374000994603E0B0420ED0531C20D04B46D340E4
:1037500013F0010313BF002101311E4601368142DF
:1037600002F1FF32EED142484FF00E09C5E90216D0
:1037700001F0A0F95AE76B684B4580F08C806345F7
:1037800040F289800023C5F804B01846ABE708F181
:1037900014036345C5E90216CFD1344B4FF0180C22
:1037A000D3E9009213469FED2C7B624620469C464F
:1037B0002968C1F580635B099B00934228BF1346CB
:1037C0005FEA930AFB6126D0AEF104046E6804EB55
:1037D0008A0AC7F818E054F804EF4FEA5E0303F0D2
:1037E0005533AEEB03034FEA930E0EF0333E03F076
:1037F0003333734403EB131303F00F3303EB03234F
:1038000003EB03431B0EC3F120031E4454456E60BB
:10381000E1D1D7F818E0FB6901EBC301B1F5806F86
:103820002960A2EB030225D0FB699E44002AC0D187
:1038300004463B6901349C420BF1060B08F1180861
:10384000FFF46CAFD7F8149002F00AF848463C3702
:10385000BD46BDE8F08F00BF000000000000000082
:1038600044170020ABAAAAAAC00F0020C408002059
:10387000E06100006B684B4505D2634503D985EDD7
:10388000007B0021D0E7104801F014F94FF00D093A
:1038900001F0E6FFCCE64FF480630B48D7F814B094
:1038A0002B604FF00D0901F005F9B546BEE64FF467
:1038B000047682E6D7F814B08146B546B6E60646E9
:1038C00001F0CEFFB146B3E6E0610000009A074B7D
:1038D0009A4208D110B502F06DFA02F0EFF806BC7A
:1038E00096460C46744702F095FA0000A5EDF5FEE9
:1038F000009A074B9A4208D110B502F067FA02F01D
:10390000DDF806BC96460C46744702F083FA0000C8
:10391000A5EDF5FE0CB4029A084B9A420CD14FF07B
:10392000004319430CBC10B500F052F802F0C6F881
:1039300006BC96460C46744702F06CFAA5EDF5FEFF
:10394000009A044B9A4202D103490868744702F076
:1039500061FA0000A5EDF5FE74600000009A034BCB
:103960009A4200D1744702F055FA0000A5EDF5FE29
:1039700010B5134B13498B4215D30020124B13493A
:103980008B421BD300210846FEF7C8FBFEE71868F0
:1039900050F82240586840F822400132986890421E
:1039A000F5D80C33E7E70022F8E71C6844F822005A
:1039B00001325C689442F8D80833E1E70022F8E766
:1039C0006006000084060000840600009C060000DB
:1039D00070B5EFF30584C4F308040CB1FFF704FAE3
:1039E0000A4D2E68FFF79EFA2B6804469E4208D0C7
:1039F0009B69002BF2D0BDE8704001461869FFF7C3
:103A000035BAFFF729FA204670BD00BFE01000204C
:103A10002DE9F04F89B01C469DF8483006460F4608
:103A20009246F3B112783C2A19D00A3AD2B2282A27
:103A300098BF624B4FF0010098BF53F822204FF01F
:103A4000000388BF0022CDE90230CDE900333046C3
:103A500002F0F6F920223946304602F0E5F90AF183
:103A6000010A4FF00009CB46C846002511E0BDB958
:103A7000252B00F09B800A2B06D10D2239463046BB
:103A8000079302F0D1F9079B1A463946304602F0F7
:103A9000CBF91AF8013B002BE9D109B0BDE8F08F52
:103AA0007A2B08D8682B0ED8302B74D036D8252B1B
:103AB00076D02D2B7FD000230122CDE90033CDE934
:103AC00002323F4A62E0693B112BF4D801A252F85E
:103AD00023F000BF3F3B0000B73A0000B73A0000B8
:103AE000933A0000B73A0000B73A0000B73A000036
:103AF000B73A0000B73A0000B73A00007B3B00003D
:103B0000B73A0000493B0000B73A0000B73A00005E
:103B1000693B0000B73A0000933A0000582B28D0C8
:103B20000BD8A3F13102082AC5D808EB8808303B2E
:103B300003EB48031FFA83F8ABE7642BBBD10123E7
:103B40000025CDE9033502E00025CDE903550A2320
:103B5000CDE90193CDF800B043463946304654F8DC
:103B6000042B02F0AEF994E7002504951023039589
:103B7000EEE7012300250493F8E720230121CDE996
:103B800002310023CDE9008954F8042B3946304630
:103B900002F056F969E7B8F1000FC6D1AB4678E7F5
:103BA0001A463946304602F03FF95EE7A946AB4671
:103BB000A84601256DE7A9466BE700BF78600000C5
:103BC00034620000014B1B68184700BF400800200A
:103BD000014B1860002070473C080020054B5A78C4
:103BE000022A04D11878C31F584258417047002058
:103BF000704700BFFC10002010B50446FFF7EEFF31
:103C000030B10A4604482146BDE8104002F0E6B94A
:103C10006FF0880010BD00BF0011002010B5124CDD
:103C20002378590744BF03F0FB0323709A0705D597
:103C300000F05CF8237823F002032370637813B15B
:103C40000A4802F0DCF9002304210848637000F000
:103C500067F82378DB0705D502F0BDF9237823F058
:103C60000103237010BD00BFFC10002000110020D4
:103C700038B5FFF7B3FFD0B9164D2B78980707D4A6
:103C800000F02CF82B78044643F002032B70C8B9DF
:103C9000D90707D402F09DF92B78044643F00103BD
:103CA0002B7078B96B782BB12B785A070DD500247F
:103CB000204638BD084802F08FF9022304466B7095
:103CC0000028F1D0FFF7AAFFF2E743F004032B70BE
:103CD000EDE700BFFC100020001100200122024B84
:103CE000002083F880257047041100202DE9F04161
:103CF0000A4C002526464FF0010803272046C4F849
:103D000020802777013502F047F9202D04F12C049B
:103D1000F4D1002386F88035BDE8F081041100203D
:103D200010B50A46044619B1024B00211B6898479A
:103D300010BD00BF1C61000010B50C4C236813B10E
:103D40000B4B1B682BB900F07DFD30B90122084BED
:103D50001A6001232360002010BD0138062801D914
:103D6000044810BD044B53F8200010BDA0160020DD
:103D70009C160020FE8FFFFF206100000B4670B5EF
:103D80008AB006461446182103AA04A81D4600F06E
:103D9000ABFE002835D1039B182B32D14FF0FF31F9
:103DA000194800F003FE40BB002000F02FFE00BBCE
:103DB00000942B46182206F1100004A900F074FCB0
:103DC0000446012000F022FE78B90F4800F0F6FD0D
:103DD00038B9B4B9182104A800F0C6FD20460AB0CD
:103DE00070BD0A4800F066FEF3E7094800F062FE85
:103DF000EBE7074800F05EFEDAE7044800F05AFE01
:103E0000D2E7044CEAE700BF5C0800203C610000F8
:103E100054610000FE8FFFFF2DE9F04104460E467D
:103E200015468CB000285CD0484B02689A4277D087
:103E30000DB100297DD04FF4A071204606AF00F0EF
:103E400093FD1821384605AA00F04EFE002873D1D4
:103E5000059B182B70D1A0464FF0FF313C4800F075
:103E6000A5FD80BB002000F0D1FD40BB00230295E2
:103E700018223946019608F11000009300F07AF9F3
:103E80000546012000F0C2FDA8B9314800F096FDBA
:103E900068B9002D52D11821384600F065FD2B4B32
:103EA000C8F80030A4B128460CB0BDE8F08129481C
:103EB00000F000FEEDE7284800F0FCFDE5E72648AD
:103EC00000F0F8FDD2E7234800F0F4FDCAE7002532
:103ED000224800F073FD0028E5D01E4800F0EAFDFE
:103EE000E1E74FF0FF311D4800F060FDE8B91C4BE1
:103EF000164A1B689342EAD005B11EB34FF4A07175
:103F0000174806AF00F030FD1821384605AA00F02A
:103F1000EBFDA8B9059B182B12D1DFF844809BE775
:103F2000002528460CB0BDE8F0810A4800F0C2FD2B
:103F3000DDE76FF4E045B6E70A4DB4E7094DB1E7B8
:103F4000084DC5E76FF4E045C2E700BFA5BCC95AFC
:103F50005C0800203C61000054610000440800201F
:103F6000600E0020FE8FFFFF2DE9F04F88461646B9
:103F70001F46054683B0002800F0A6806F4B0268FC
:103F80009A4240F0D1800D9B1BB10C9B002B00F09E
:103F9000B980002E3AD1002F00F0B480A94600234A
:103FA0003B60D9F8383123B1D9F83021934240F23F
:103FB00081804FF0FF31624800F0F8FC002875D195
:103FC000002000F023FD00286CD10D9B09F1100AA0
:103FD0004FEAC60B00934246594650460C9B00F0F0
:103FE00081F90446012000F011FD002856D1544803
:103FF00000F0E4FC10BB1F2C25D0002C40F0968074
:104000003E6095B1204603B0BDE8F08FB8F1000FD7
:1040100078D0A946002F00F08D800023B6F5803FB0
:104020003B60BED9474C002DECD1474800F0C6FCA0
:104030000028E7D0454800F03DFDE3E7434800F0A5
:1040400039FD1F2CD9D1002248461146FFF796FEB4
:1040500004460028D5D14FF0FF31394800F0A6FCC6
:1040600000285DD1002000F0D1FC002854D10D9B28
:1040700042460093594650460C9B00F033F90446E3
:10408000012000F0C3FC002842D12D4800F096FC2E
:104090000028B2D02D4800F00DFDAEE72C4800F00E
:1040A00009FDA4E72A4800F005FD8EE7274800F047
:1040B00001FD85E74846DDE90C12FFF75FFE044687
:1040C00000283FF476AF9CE74FF0FF311E4800F028
:1040D0006DFC98B91F4B1A68184B9A4228D10D9B5A
:1040E0000BB10C9B8BB11EB97FB1DFF8689056E71E
:1040F000B8F1000F09D0DFF85C908BE7134800F0AF
:10410000D9FCE7E76FF4E0447CE76FF4E0448CE728
:104110000F4800F0CFFCB8E70D4800F0CBFCA6E755
:104120000A4800F0C7FC9DE70B4C6BE70B4C68E7B7
:10413000094C7AE76FF4E04463E700BFA5BCC95AB5
:104140005C080020DE8FFFFF440800203C61000077
:1041500054610000600E0020E88FFFFFFE8FFFFF1C
:1041600010B5002482B0CDE90044FFF7FDFE02B097
:1041700010BD00BF2DE9F04F8A460121154600F120
:10418000E00889B000F580772022044640461E46AC
:10419000894601F0ECFD20220021384601F0E7FDC0
:1041A000139B2022CDE904350025129B3946069346
:1041B000149B204607930223CDE902A68DF80790B1
:1041C0008DF8065000F0DEFD28B10123C4F820313F
:1041D00009B0BDE8F08F20224146204600F03AFEAB
:1041E0000028F2D14A4620460DF1060100F032FEC9
:1041F0000028EAD10DF114090DF1080AD3464D4605
:1042000008AE08E020465BF8041B00F023FE0028FF
:10421000DBD1AE4203D055F8042B002AF2D10023A3
:1042200020223946204600F02FFE0028CDD102235F
:1042300020223946204600F0A5FD0028C5D12022C5
:104240004146204600F006FE0028BED1034620224B
:104250004146204600F018FE0028B6D10223202255
:104260003946204600F08EFD0028AED1202241467E
:10427000204600F0EFFD0028A7D1012220460DF1D5
:10428000070100F0E7FD48B19FE720465AF8041BFC
:1042900000F0E0FD002898D14E4503D059F8042BDA
:1042A000002AF2D1002320223946204600F0ECFDFE
:1042B00000288AD1022320223946204600F062FDE0
:1042C000002882D120224146204600F0C3FD00286C
:1042D0007FF47BAF034620224146204600F0D4FD08
:1042E00073E700BF2DE9F04F8FB00E4600931946DB
:1042F000D0F82031013300F055819046189A0546D8
:1043000000F58079002A44D1002E00F04F81CDE9DC
:10431000012206F1070B48EADB0A4FEADB0300241F
:104320000AF0030A039305F1E00711E0BAF1000F68
:1043300041D02022404406A901F0F4FC2022384656
:1043400004F5807406A901F0EDFCA64240F2E68077
:10435000022320224946284600F014FD40BB2022BB
:104360003946284600F076FD10BB03462022284639
:1043700006A900F089FDD8B9331BE01DFF2B4FEAD9
:10438000D000D3D8ABEB0403BAF1000F2FD0DA087A
:10439000D0E700293CD0002301248DF817302022DB
:1043A000022349468DF8184000F0ECFC002835D077
:1043B0000FB0BDE8F08F069B48F80030079B4044E3
:1043C0004360089B83600823099A042BC260B5D020
:1043D0000A9A052B0261B1D00B9A062B4261ADD02F
:1043E0000C9A082B8261A9D10D9BC361A6E75B09DA
:1043F000A4D0069A012B48F800209FD0079A404489
:10440000022B42609AD0089A032B8260DCD195E798
:10441000002E00F0CB80CDE901117AE705F1E0072D
:1044200020223946284600F015FD0028C0D122463A
:1044300028460DF1170100F00DFD0028B8D1009CB1
:1044400028462146189A00F005FD0028B0D1034601
:1044500020224946284600F017FD0028A8D1022353
:1044600020224946284600F08DFC0028A0D12022B9
:104470003946284600F0EEFC002899D1002320227E
:104480003946284600F000FD002891D10223202261
:104490004946284600F076FC002889D1202239467A
:1044A000284600F0D7FC002882D10122284606A920
:1044B00000F0D0FC00287FF47BAF21462846189AF4
:1044C00000F0C8FC00287FF473AF03462022494661
:1044D000284600F0D9FC00287FF46AAF022320228E
:1044E0004946284600F04EFC00287FF461AF2022A8
:1044F0003946284600F0AEFC00287FF459AF034649
:1045000039462022284600F0BFFC00287FF450AF37
:1045100036B3189B0193009B0293FAE616F007034B
:104520001AD016F0060F00F0B580022B40F2B680CC
:10453000710740F1B180042B40F2B480052B00F0EC
:10454000AF80072B14BFFC22FE22039B013B18F80F
:1045500003100A4008F80320009B4BB3189B3BB3A1
:104560000126189B0193009B0293002301278DF8DD
:10457000173020220223494628468DF8187000F093
:1045800001FC38B905F1E00420222146284600F05C
:1045900061FC78B1D5F820310133C5F820310FB076
:1045A000BDE8F08F1F200FB0BDE8F08FCDE90166A8
:1045B0000026DAE73A4628460DF1170100F04AFCDA
:1045C0000028E7D146B1019B33B11A46284602992B
:1045D00000F040FC0028DDD1002320224946284677
:1045E00000F052FC0028D5D102232022494628465B
:1045F00000F0C8FB0028CDD120222146284600F03B
:1046000029FC0028C6D1034620222146284600F076
:104610003BFC0028BED1002EBCD0022320224946FC
:10462000284600F0AFFB0028B4D1202221462846BE
:1046300000F010FC0028ADD10122284606A900F0A8
:1046400009FC0028A6D1019B33B11A4628460299DD
:1046500000F000FC00289DD1002320224946284676
:1046600000F012FC002895D102232022494628465A
:1046700000F088FB00288DD120222146284600F03A
:10468000E9FB002886D1034620222146284600F077
:10469000FBFB7FE7802258E7E02256E7C02254E781
:1046A000F82252E7F02250E72DE9F04700244FF0BE
:1046B000010800F5807982B00E4615461F4620227B
:1046C000022349468DF806408DF80780044600F025
:1046D00059FB10B102B0BDE8F08704F1E00A2022D6
:1046E0005146204600F0B6FB0028F3D14246204652
:1046F0000DF1060100F0AEFB0028EBD17DB12A469A
:104700003146204600F0A6FB0028E3D10A9B33B1D6
:104710001A463946204600F09DFB0028DAD10023D6
:1047200020224946204600F0AFFB0028D2D10223C8
:1047300020224946204600F025FB0028CAD120222D
:104740005146204600F086FB0028C3D103462022B4
:104750005146204600F098FB0028BBD102232022BE
:104760004946204600F00EFB0028B3D120225146D6
:10477000204600F06FFB0028ACD1012220460DF14D
:10478000070100F067FB0028A4D17DB12A4631461D
:10479000204600F05FFB00289CD10A9B33B11A46EB
:1047A0003946204600F056FB002893D100232022F2
:1047B0004946204600F068FB00288BD102232022C6
:1047C0004946204600F0DEFA002883D120225146D7
:1047D000204600F03FFB00287FF47CAF03462022F8
:1047E0005146204600F050FB00287FF473AF0123B0
:1047F000C4F8203102B0BDE8F08700BF890000F0A6
:1048000039BA00BF3AB101EB820251F8043B914240
:1048100040F8043BF9D1704708B500F037F830B9DB
:1048200000F03EF828B9064AC2F80C0A08BD032079
:1048300008BD00F02DF800F06DF8042008BD00BFA1
:104840000010845030B583B0FFF7E6FF044610B97E
:104850000B4D2B6813B1204603B030BD0246014614
:10486000FFF7DAFA50B96822064901ABFFF778FC86
:1048700020B92046044B2B6003B030BD0524EAE785
:10488000A4160020A81600205AEA5A5A00207047A1
:1048900000207047014BC3F8040A70470010845091
:1048A00010B5154800F06EF800B110BD134800F0C7
:1048B00069F80028F9D1124C204600F063F800286E
:1048C000F3D1104B10481C6000F05CF80028ECD1CC
:1048D0000E4800F057F80028E7D10D4800F052F8D4
:1048E00001460028E1D100F039F8044608B900F08B
:1048F0006FF8204610BD00BF5C080020580800205B
:10490000540800204C0800205008002048080020CF
:104910004408002008B50B4800F03EF80A4800F0B3
:104920003BF80A4800F038F8094800F035F8094823
:1049300000F032F8084800F02FF8BDE8084000F019
:104940000FB800BF5C080020580800205408002061
:10495000500800204808002044080020002070472C
:10496000704700BF01F0A5B982B0019041B10023AA
:104970009C461A4601980133994200F802C0F8D1CA
:1049800002B0704708B5034B02681B68106898476F
:10499000002008BD7C08002008B5034B02685B6856
:1049A00010689847002008BD7C080020024B026870
:1049B0009B681068184700BF7C08002008B5034BAF
:1049C0000268DB6810689847002008BD7C0800205A
:1049D00070B5094C094D2069AB68984718B1084B70
:1049E00008485B6898470021074AEB681160206916
:1049F000BDE87040184700BF680800207C08002010
:104A0000600800207461000010170020F8B51A4DEE
:104A10001A4E0446B26828699047E8B9184F3B68B7
:104A20004CB1A3B1012B19D0013B3B602869F3685D
:104A300098470020F8BD43B90121124AC2F8001579
:104A40001149D1F81029002AFBD101333B60F368EA
:104A5000286998470020F8BD0C48F8BD0A4AD2F8EA
:104A60001039002BFBD1074A6FF07E40C2F80035A9
:104A7000FFF710FF3B68D7E7680800207C0800209C
:104A8000101700200000845000108450E98FFFFFB1
:104A9000BFF34F8F0549064BCA6802F4E062134327
:104AA000CB60BFF34F8F00BFFDE700BF00ED00E01C
:104AB0000400FA0530B44FF0FE320025074B084CD5
:104AC00008494968C3F80024C3F80424C3F808243B
:104AD000C3F80C24C4F8005530BC084700108450BB
:104AE00000008450600800202DE9F047DFF8ACA0FA
:104AF00080460D46DAF800004FF0FF319146FFF78F
:104B000055FFA8BB0020FFF781FF68BBC5B1002699
:104B10001E4F0AE0182D2C4628BF1824394622467D
:104B2000FFF720FF2D1B26440BD018213846FEF737
:104B30000FFD034608EB0600002BEBD0144C03E0FE
:104B40002E460024C9F8006010481821FFF70CFF1A
:104B50000120FFF75BFFA8B9DAF80000FFF72EFF8E
:104B600050B92046BDE8F0870A48FFF7A3FFCDE71C
:104B70000948FFF79FFFC5E70748FFF79BFF20465F
:104B8000BDE8F0870348FFF795FFE5E7141700201D
:104B9000FE8FFFFF546100003C6100004C080020C4
:104BA00010B5044650B1636813F0685F05D0064A3B
:104BB000934202D000236260236010BD034B04487F
:104BC0005B689847EFE700BF2C5F5CA96008002096
:104BD00094610000C8B143680D4A934213D013F0AA
:104BE000685F0ED0012350E8002F194640E8001CF2
:104BF0009CF0000FF7D1012AF5D0BFF35F8F0020A2
:104C0000704704487047044870476FF4E0407047AD
:104C10002C5F5CA9E98FFFFFEA8FFFFF034680B19D
:104C2000426809498A420AD012F0685F05D0BFF392
:104C30005F8F002210461A6070470448704704488E
:104C400070476FF4E04070472C5F5CA9E98FFFFF6D
:104C5000EA8FFFFF10B5044620B10023034A23600A
:104C6000626010BD0248FFF725FFF6E73A00003A00
:104C7000BC6100002DE9F0410E4682B0002879D0D9
:104C800000296FD0054601273D4C55E0D4F80CC0F3
:104C90002068D4E901E14FEACE524B0980EAC058BE
:104CA00042EA502243EACC638EEA02004B404FEACC
:104CB000984E4EEA803E83EA08038CEA5C1283EA4F
:104CC0000E03424011EB030E82EA90424CEB0200CD
:104CD000082EB046C4E9023228BF4FF0080815F08C
:104CE0000303C4E9001CCDE900E032D1072E3DD812
:104CF000032E2CD9B8F10402C5F800E018D0042323
:104D000003F10801694411F8081C012AE9540FD085
:104D100003F10900684410F8080C591C032A685470
:104D200006D103F10A026A4412F8082C0233EA544D
:104D3000B6EB0806454415D0237E002BA6D11821DA
:104D40002046FEF705FC0028F9D127769EE742466B
:104D5000D6E728464246694600F0E4FFB6EB08066F
:104D60004544E9D1002002B0BDE8F081C5F800E07B
:104D70006860DDE70029F5D0142002B0BDE8F081BD
:104D8000A00F00202DE9F04117468846402200215F
:104D900006461D4600F0EBFF402F36D84FBB284695
:104DA00000F0F0F8044620B100F096F92046BDE886
:104DB000F0814FF0363000F077F94021304600F0B6
:104DC000B1F9044600F07CF9002CEDD106F1400069
:104DD00000F0ACF9012D86F8D85035D00A2D35D029
:104DE000A5F10205B5FA85F56D096D0186F8D95072
:104DF000DAE741463046BA08FFF704FD284600F0DE
:104E0000C1F804460028CFD1D3E7284600F0BAF80D
:104E100004460028CAD13946404600F083F90446CA
:104E20000028C1D16B1EDBB2092B96BF084A014690
:104E300052F82310304600F019FA284600F0A2F884
:104E400004460028B0D1B4E71425CFE71C25CDE7F0
:104E5000EC61000070B50C46164600F1400528468E
:104E600000F0A2F92046314600F05CF9044618B182
:104E700000F032F9204670BD284600F057F900F0E6
:104E80002BF9204670BD00BF2DE9F84F90F8D8509F
:104E90000646012D8946984600AF36D00A2D32D0FD
:104EA000A5F10205B5FA85F56D096D01EA1D22F03F
:104EB0000702ADEB020DEA4606F1400B584600F042
:104EC00073F92946504600F0D1F996F8D80000F061
:104ED00059F8044688B94FF05C3000F0E5F84021FD
:104EE000304600F01FF9044638B900F0E9F82946C9
:104EF000504600F017F9044648B100F0EDF820469E
:104F0000BD46BDE8F88F1C25D0E71425CEE729461D
:104F1000504600F0ABF9B8F1000F03D096F8D93045
:104F2000C8F8003096F8D920514692084846FFF755
:104F300069FC96F8D91011F0030219D1584600F017
:104F4000F5F896F8D830012B10D00A2B18D0A3F121
:104F50000203B3FA83F35B09D9005046FFF74EFC16
:104F600000F0BAF82046BD46BDE8F88F0521F4E709
:104F700001F0FC0109EB0100514400F0D3FEDDE734
:104F80000721EAE7F8B50025012706463D4C00F069
:104F90006DFBC4F860562846C4F85C56C4F85856F1
:104FA000C4F85456C4F85056C4F84C56C4F8485681
:104FB000C4F84456C4F84056C4F8C857C4F88456D8
:104FC000C4F8885600F05AFB0720C4F81858C4F8F3
:104FD000187800F053FB06F00F03C4F8A4564020E5
:104FE000C4F8C477C4F88456C4F8C03700F038FB5E
:104FF000022EC4F8CC57C4F8D0571ED12249234BF7
:10500000C4F85C16224AC4F85836224BC4F8542619
:105010002149C4F85036214B02F10152C4F84C1614
:1050200002F50912C4F848361D4B02F2F952C4F8D1
:105030004426C4F840362846F8BD00F017FBC4F8F3
:1050400060562846C4F85C56C4F85856C4F85456FE
:10505000C4F85056C4F84C56C4F84856C4F84456E0
:10506000C4F84056C4F8C857C4F88456C4F88856E3
:1050700000F004FB0B48C4F81858FFF71BFD06208E
:10508000F8BD00BF0010845019CDE05BABD9831F81
:105090008C68059B7F520E513AF54FA572F36E3C1A
:1050A00067E6096AE061000010B50446002000F0E0
:1050B000BBFA024BC3F8884610BD00BF00108450F5
:1050C00008B5002000F0B0FA0022024BC3F8882691
:1050D00008BD00BF0010845038B50024104D00F00A
:1050E000C5FAC5F860462046C5F85C46C5F858467E
:1050F000C5F85446C5F85046C5F84C46C5F848466C
:10510000C5F84446C5F84046C5F8C847C5F88446C2
:10511000C5F8884600F0B2FAC5F8184838BD00BF97
:105120000010845000231A4600F0FAB970B400262B
:1051300003461B4C6022D4F8CC571A49C0E90256EA
:10514000D4F8D007D860D4F8C00700F00F0018706A
:10515000D4F888061863D4F8400600BA1861D4F869
:10516000440600BA5861D4F8480600BA9861D4F8E9
:105170004C0600BAD861D4F8500600BA1862D4F8C8
:10518000540600BA5862D4F8580600BA9862D4F8A7
:105190005C4603F1340024BADC6270BC00F0C2BD8E
:1051A00000108450A4170020F8B5044601272D4DA7
:1051B00026780720C5F8187800F060FA002306F07A
:1051C0000F06C5F8A4364020C5F8C477C5F8843664
:1051D000C5F8C06700F044FA2278A368BA420CBF51
:1051E00004210721C5F8CC37E36804F11002C5F8A3
:1051F000D037236B0429C5F8883652F821004FEACE
:1052000081031A4403F1A14303F5822300BAC3F8D2
:10521000400652F8040C00BAC3F83C0652F8080CD9
:1052200000BAC3F8380652F80C0C00BAC3F83406BA
:1052300052F8102C12BAC3F830260BD0A26912BA59
:10524000C3F82C26626912BAC3F82826226912BA5A
:10525000C3F8242604F134016022BDE8F840024876
:1052600000F060BD00108450A417002038B5384A03
:10527000384B126CD3F8C04705460C46002A60D163
:105280000422C3F8C827334AD2F81C39002BFBD1BB
:10529000A30834D0D2F84016012B09BA29602ED0C9
:1052A000D2F84416022B09BA696028D0D2F8481601
:1052B000032B09BAA96022D0D2F84C16042B09BAE4
:1052C000E9601CD0D2F85016052B09BA296116D016
:1052D000D2F85416062B09BA696110D0D2F85816C4
:1052E000072B09BAA9610AD0D2F85C26082B12BA9A
:1052F000EA6104D0174BD3F860361BBA2B62002446
:10530000144D00F0B3F9C5F860462046C5F85C4678
:10531000C5F85846C5F85446C5F85046C5F84C4639
:10532000C5F84846C5F84446C5F84046C5F8C847DC
:10533000C5F88446C5F8884600F0A0F9C5F81848B5
:1053400038BD01220020C3F8842600F06DF99AE7E9
:10535000A417002000108450F0B501246D4A6E4B54
:1053600092F85C5092F84870A5428646C3F82048EF
:105370003CD04FF4FE64C3F8044AD3F8084A44F41E
:105380007F64C3F8084A002F3BD1002D61D1634BE5
:105390001C7C14B11C68844261D993F824401CB170
:1053A0005C69844240F2818093F838401CB19C6A69
:1053B000844240F2918093F84C401CB1DC6B8442F3
:1053C00040F29180544BC3F828ECC3F82C1C002FFA
:1053D00043D08021504AD2F8003A31EA0303FAD18F
:1053E0000023C2F8081AC2F82038F0BD4FF47664E2
:1053F000C3F8044AD3F8084A44F47F64C3F8084A5F
:105400003FB3464BD46C1F7C17B11F68BC4237D2E8
:1054100093F8247017B15F69BC424DD293F838708D
:1054200017B19F6ABC424FD293F84C7017B1DF6B33
:10543000BC4260D227460C44D464946D0C449465FD
:10544000354CC4F8287DC4F82C1D002D5CD10127F3
:105450009EE7C3F8300CC3F8341C4021BAE75D68FE
:105460002544854299D9002505EB850503EB850385
:10547000556D9A68DE68121B104405FB060EA1E705
:105480005E6807EB060C6445C2D24FF0000C0CEBD3
:105490008C0C03EB8C0CDCF80860DCF80CC0F71B00
:1054A000566D274406FB0C77C5E79D692544854268
:1054B0007FF67AAF0125D7E79E6907EB060C6445B6
:1054C000ACD24FF0010CE2E7DE6A07EB060C644554
:1054D000AAD24FF0020CDAE7DD6A254485427FF656
:1054E0006AAF0225C0E71D6C2544854288BF0325AD
:1054F0007FF668AFB8E71E6C07EB060C644538BF53
:105500004FF0030C96D2C2E7C4F8300CC4F8341C38
:105510005FE700BFA417002000108450541700203C
:10552000B0F1005F56D32DE9F84314464218B2F1AA
:10553000804F05460F466AD8DFF8E490D9E910128B
:1055400074B3002B4FD0D9F85030BB4262D3DB1B71
:10555000C9F85030002948D1FFB1D9F8401089F876
:105560004840C9BBD9F844307E1EB6FBF3F603FBB6
:1055700006F646B1B6F5803F1DD228463146FFF704
:10558000EBFEBF1B35443A462946254800F0CAFBCE
:10559000D9F840303B44C9F840300020BDE8F883DA
:1055A0000029D9D099F84830FBB14846FFF7D4FE1E
:1055B000C9F84040D0E7D9F844402846C4F58038BF
:1055C0004146FFF7C9FEA4F58033F6181F44454451
:1055D000D0D1D8E70A2070471148FFF7BDFE00235D
:1055E000C9F84030BEE70029B6D0521ABA42164672
:1055F00028BF3E4609EB0100294600F093FBD9F88D
:10560000403035443344C9F84030BF1BA4E70A207A
:10561000BDE8F8830348FFF74DFA1320BEE700BF4B
:10562000A4170020E061000010B50C4C216C29B1DA
:1056300028B90A48FFF790FE0023236410BDC1F18A
:1056400040026018002100F092FB616C0348216465
:10565000FFF782FE00232364F0E700BFA4170020B9
:10566000014B5864704700BFA4170020602200213E
:10567000014800F07CBB00BFA4170020074AD2F805
:105680001039002BFBD1064B0449C2F800091870F1
:10569000D1F81039002BFBD1704700BF00108450A7
:1056A000051800204FF47F0310B44D4AD3F8101CA6
:1056B00091423FD0D3F8102C01323BD0D3F8102CBC
:1056C000002A37D1D3F8141C464A914250D0D3F85F
:1056D000142C01324CD0D3F8142C002A48D1D3F822
:1056E000182C12F5947F59D0D3F8182C013255D0CC
:1056F000D3F8182C002A51D1D3F81C2C3A4B9A42DB
:1057000009D04FF47F03D3F81C2C013203D0D3F817
:105710001C3C002B5FD04FF47F03334AD3F81C1C92
:10572000914251D0D3F81C2C0321013250D0D3F830
:105730001C4C0DE04FF47F03294AD3F8101C914212
:105740000FD0D3F8102C002101320ED0D3F8104C1A
:105750000122002384600173027043605DF8044BF2
:105760007047002140F6FC04F2E740F6FC04EFE746
:105770004FF47F031B4AD3F8141C914207D0D3F88F
:10578000142C0121013206D0D3F8144CE0E701219A
:1057900042F2D004DCE742F2D004D9E74FF47F03B1
:1057A000D3F8182C12F5947F07D0D3F8182C0221C7
:1057B000013206D0D3F8184CCAE7022140F6D8646B
:1057C000C6E740F6D864C3E7032142F60414BFE7F6
:1057D00042F60414BCE705485DF8044BFFF76AB9CC
:1057E000FCF8FFFFD020FFFF0429FFFFE06100006D
:1057F00070B5037853B3D0E901520124164B90F8E9
:105800000CC0C3F8C441C3F84041C3F8C441C3F855
:105810003021D3F830118A42F7D100203F261E21D3
:105820000422C3F82C01C3F8086AC3F80011C3F8B6
:10583000040AC3F80C21D3F80C214CEA0202C3F885
:105840000C21C3F83851C3F82C4170BD0348FFF751
:1058500031F90C2070BD00BF00108450E0610000E1
:105860000020034BC3F82C01C3F8C401704700BFEC
:10587000001084504FF0000C2DE9F84F86460124AB
:105880004FF0FF354FF03F094FF01E0804270E463A
:105890006046474BD3F8042112F00E0F55D0D3F8D1
:1058A0000C21D3F8301102F00302032AC3F82C01B3
:1058B000C3F8BC41C3F808516BD0013242F0040A6E
:1058C000D2B2C3F80CA1C3F830118EF80C20CEF878
:1058D0000810D3F80C11D3F8302101F0030BD3F8E2
:1058E00038A1C3F8C441C3F84041C3F8C441C3F868
:1058F0003021D3F830118A42F7D1C3F82C01C3F814
:10590000089AC3F80081C3F8040AC3F80C71D3F8ED
:105910000C210CF1010C4BEA0202C3F80C21C3F874
:1059200038A1C3F82C41D3F80421D10711D4BCF11C
:10593000640FAFD100221E4B1E48C3F82C21C3F8C0
:10594000C421FFF7B7F8102021E0D3F80421D207D3
:10595000A0D5BCF1640FEDD04FF0FF320121002043
:10596000134BC3F8BC11C3F80821D3F814213260DB
:10597000D3F818217260D3F81C21B260D3F820212B
:10598000F260D3F824213261D3F828317361BDE885
:10599000F88F4A1C9DD0491840EB00028D4270EBF5
:1059A000020238BF4FF0FF3100224FF0040A88E7AF
:1059B00000108450E06100000A234360704700BF7C
:1059C000C368032B05D0022B14D80133C360012018
:1059D000704783685A1C0FD000224FF0FF3CDB1841
:1059E00042EB020191420CBF19466146C0E9021226
:1059F000012070478368EFE700207047431810B517
:105A000001D21F2A01D9002010BD013902F0140370
:105A10000144102B81EA000438D027DC7BBB1F2C0B
:105A200040E800F303D941E800F19942EBD122F0BC
:105A30001402013A0A2AE6D801A151F822F000BF67
:105A4000AF5A0000A95A00009B5A0000075A0000F4
:105A5000075A0000075A0000075A0000B55A000014
:105A6000AF5A0000A35A00009B5A0000142BCAD161
:105A70001F2C40E8C0F3DAD941E8C0F1D5E71F2C6C
:105A800040E840F3D3D941E840F1CEE71F2C40E88D
:105A900080F3CCD941E880F1C7E713F4001FB3D1FC
:105AA000B1E713F4801FFAE75B02ADD5ABE713F45F
:105AB000002FF4E713F4802FF1E700BFB7EE000AE0
:105AC000F7EE000AB7EE001AF7EE001AB7EE002A5A
:105AD000F7EE002AB7EE003AF7EE003AB7EE004ACA
:105AE000F7EE004AB7EE005AF7EE005AB7EE006A3A
:105AF000F7EE006AB7EE007AF7EE007AF1EE10CA20
:105B000040F29F01CFF200013CEA010CE1EE10CA25
:105B100000239C4683F30088704708B5FDF764F9BD
:105B2000EFF30880EFF309812DE9F00F6B46724621
:105B3000FAF7E0FE08B0FFF7F0FFFEE708B5FFF761
:105B4000EFFF08B5FFF7ECFF08B5FFF7E9FF08B571
:105B5000FFF7E6FF08B5FFF7E3FF08B5FFF7E0FF43
:105B600008B5FFF7DDFF08B5FFF7DAFF08B5FFF767
:105B7000D7FF08B5FFF7D4FF08B5FFF7D1FF08B589
:105B8000FFF7CEFF08B5FFF7CBFF08B5FFF7C8FF5B
:105B900008B5FFF7C5FF08B5FFF7C2FF08B5FFF767
:105BA000BFFF08B5FFF7BCFF08B5FFF7B9FF08B5A1
:105BB000FFF7B6FF08B5FFF7B3FF08B5FFF7B0FF73
:105BC00008B5FFF7ADFF08B5FFF7AAFF08B5FFF767
:105BD000A7FF08B5FFF7A4FF08B5FFF7A1FF08B5B9
:105BE000FFF79EFF08B5FFF79BFF08B5FFF798FF8B
:105BF00008B5FFF795FF08B5FFF792FF08B5FFF767
:105C00008FFF08B5FFF78CFF08B5FDF7EDF8EFF350
:105C10000880EFF309812DE9F00F6B467246FAF721
:105C200069FE08B0FFF7F0FFFEE708B5FDF7DCF806
:105C3000EFF30880EFF309812DE9F00F6B46724610
:105C4000FAF758FE08B0FFF7F0FFFEE708B5FDF7DA
:105C5000CBF8EFF30880EFF309812DE9F00F6B46E5
:105C60007246FAF747FE08B0FFF7F0FFFEE708B507
:105C7000FDF7BAF8EFF30880EFF309812DE9F00F93
:105C80006B467246FAF736FE08B0FFF7F0FFFEE704
:105C900008B5FDF7A9F8EFF30880EFF309812DE9C6
:105CA000F00F6B467246FAF725FE08B0FFF7F0FFDB
:105CB000FEE7814270B41346054602D370BC00F083
:105CC00031B88218194483B900241819032816D84A
:105CD0006FF003009C084443234422440C440021F9
:105CE0008B4214D1284670BC704742EA01008007FD
:105CF000EAD011F8010D013B02F8010DE3E760184D
:105D000050F8046CA01840F8046C043CDDE7601AFD
:105D100010F8016C501A00F8016C0131E0E708B589
:105D200000F078F8034670B56AB900241519032D00
:105D300013D822F0030421441C44002302F0030280
:105D40009A4210D170BD41EA0304A407EDD011F8C6
:105D5000014B013A03F8014BE6E70D1B2E681D1BB2
:105D60002E60043CE2E7CD5CE5540133E8E7F0B592
:105D700005460C0444EA01640C4344EA012462B978
:105D800013465619032A0ED823F003022A4403F0BF
:105D9000030313449A420AD1F0BDAB07F0D005F8D3
:105DA000011B013AEBE7B71A3C60043AEAE702F854
:105DB000011BEFE708B5EFF30583C3F308030BB14D
:105DC000FDF712F8BDE80840FDF7D2B808B5EFF3CB
:105DD0000583C3F308030BB1FDF706F8BDE80840DF
:105DE000FDF7C9B810B5EFF30584C4F308040CB18E
:105DF000FCF7FAFFBDE81040FCF73ABC10B5EFF332
:105E00000584C4F308040CB1FCF7EEFFBDE81040B4
:105E1000FCF762BC08B5EFF30583C3F308030BB1CD
:105E2000FCF7E2FFFDF77BF807B503468DF8072086
:105E3000084601220DF10701984703B05DF804FB05
:105E40002DE9F84F1D46074688461646BDF82840FE
:105E50009DF82CA09DF830909DF834307AB333B182
:105E600013461D4613F8012B002AFAD1AD1BAC4294
:105E70008ABF641B0024A4B2BAF1000F14D02A46D2
:105E800031464046B847BAF1000F18D0002513E05C
:105E90004A4641463846FFF7C7FF0BF1010B1FFA90
:105EA0008BF39C42F4D8EAE7D346F8E74A464146EA
:105EB0003846FFF7B9FF0135ABB29C42F6D8BDE8D2
:105EC000F88F2DE9F04F002489B09DF848C00646B0
:105ED0009DF85800A4450F469DF854100CBF4FF094
:105EE000200A4FF0300AA0429846CDE905440CBF85
:105EF000612041209DF85030CDF81B4019B1A242DD
:105F0000ACBF214652420DF11E04A1460A38B2FB35
:105F1000F3FB03FB1B2B5FFA8BF5BBF1090F94BF5F
:105F200030352D18A646EDB2934204F1FF3465706A
:105F3000B2FBF3F518D931B1BCF1000F16D12D2306
:105F40002370AEF102040023CDE902A39DF84C308A
:105F50003946CDE900833046A9EB0403621CFFF704
:105F60006FFF09B0BDE8F08F2A46D0E72D223946F1
:105F70003046FFF759FFE6E70FB4002004B0704742
:105F8000704710B50446406A10B1A16A00F039F8B4
:105F90000020C4E9090010BD38B50446FFF7F1FF41
:105FA000237F012B0FD0023B012B0FD8236A012B3B
:105FB00014BF6FF0960500252C2200212046FFF724
:105FC000D6FE284638BD236A002BF1E76FF0960510
:105FD000F2E70020704770470020704713B500209B
:105FE00001AB1446FEF7BCF830B9019BA34218BFC1
:105FF0006FF0930002B010BD6FF09200FAE700203E
:10600000704710B5044608B1FDF78AFE2046BDE88A
:106010001040FDF7D7BD2DE9E04F2746A046A14629
:10602000A246A346A4462DED108B4FF0000545EC8B
:10603000185B45EC195A45EC1A5A45EC1B5A45ECCD
:106040001C5A45EC1D5A45EC1E5A45EC1F5AF1EE00
:10605000105A4FF66076C0F6FF763540E1EE105AE2
:1060600084F3008825462646A447BDEC108BBDE886
:10607000E08F00007AFFFFFF426200000000000096
:106080000000000000000000000000000000000010
:106090000000000000000000000000000000000000
:1060A0004862000000000000000000000000000046
:1060B00000000000000000000000000000000000E0
:1060C00000000000000000004E6200000000000020
:1060D00000000000000000000000000000000000C0
:1060E00000000000000000000000000000000000B0
:1060F00054620000000000000000000000000000EA
:10610000000000000000000000000000000000008F
:1061100000000000000000005A6200006F5D0000F7
:10612000FF8FFFFFFF8FFFFFFE8FFFFFFE8FFFFF41
:10613000FD8FFFFFFC8FFFFFFC8FFFFF4661696C47
:1061400020746F2061637175697265206D75746567
:10615000780A00004661696C20746F20696E637272
:106160006561736520504D20636F756E7465720AAA
:1061700000000000436F756C64206E6F74206C6FBC
:10618000636B20706F7765722073617665206D7523
:10619000746578006D757465785F667265652063F7
:1061A000616C6C65642077697468204E554C4C2096
:1061B000706172616D6574657200000043616E27E5
:1061C0007420696E697469616C697A65206D757493
:1061D00065782C20776173204E554C4C0D0A0000D9
:1061E000466174616C206572726F72001400000069
:1061F000200000000000000000000000000000007F
:10620000000000000000000000000000000000008E
:106210001C00000054464D5F43525950544F0054E7
:10622000464D5F504C4154464F524D5F5345525678
:10623000494345005B556E737570706F7274656489
:106240005D005B4552525D005B4E4F545D005B57F5
:10625000524E5D005B494E465D005B5645525D0007
:107C00007FE97FE9FBF762BE7FE97FE9FBF770BEA2
:107C10007FE97FE9FBF7A2BE7FE97FE9FBF790BE32
:107C20007FE97FE9FBF776BE00000000000000005E
:107C30000000000000000000000000000000000044
:107C40000090D003009000500000000000000000F1
:107C50000000000000000000000000000000000024
:107C60000000000000000000000000000000000014
:107C70000000000000000000000000000000000004
:107C800000000000000000000000000000000000F4
:107C900000000000000000002C3400000400000080
:107CA0000000000000000000FFFFFFFFFFFFFFFFDC
:107CB000FFFFFFFFFFFFFFFF0000000000000000CC
:107CC00000000000000000000000000000000000B4
:107CD0000000D6010000000000000700300900206D
:107CE000D00800204401000090ED00E000A0035007
:107CF0007FA60350009000506F950050795F000000
:107D0000815F00008C0800209008002054080020AB
:107D100078080020700800206C0800206808002007
:107D200000000000914A0000BC080020B4080020B8
:107D3000AC08002000000000A4080020554C000002
:107D4000A14B0000D54B00001D4C00009408002002
:107D50009C0800202C1700203A00003A3017002021
:107D60003A00003A341700203A00003A3817002051
:107D70003A00003A3C1700203A00003A4017002031
:107D80003A00003A35030000CB000000510000002B
:108000004044012001C100007D910100EDC000004D
:10801000EDC00000EDC00000EDC00000EDC00000AC
:10802000000000000000000000000000D1C10000BE
:10803000EDC000000000000021C40000EDC0000001
:10804000D5C40000D5C40000D5C40000D5C40000CC
:10805000D5C40000D5C40000D5C40000D5C40000BC
:10806000D5C40000D5C40000D5C40000D5C40000AC
:10807000D5C40000D5C40000D5C40000D5C400009C
:10808000D5C40000D5C40000D5C40000D5C400008C
:10809000D5C40000D5C40000D5C40000D5C400007C
:1080A000D5C40000D5C40000D5C40000D5C400006C
:1080B000D5C40000D5C40000D5C40000D5C400005C
:1080C000D5C40000D5C40000D5C40000D5C400004C
:1080D000D5C40000D5C40000D5C40000D5C400003C
:1080E000D5C40000D5C40000D5C40000D5C400002C
:1080F000D5C40000D5C40000D5C40000D5C400001C
:10810000D5C40000D5C40000D5C40000D5C400000B
:10811000D5C40000D5C40000D5C40000D5C40000FB
:10812000D5C40000D5C40000D5C40000D5C40000EB
:10813000D5C40000D5C40000D5C40000D5C40000DB
:04814000D5C40000A2
:1081480081F0004102E000BF83F0004330B54FEA00
:1081580041044FEA430594EA050F08BF90EA020F6D
:108168001FBF54EA000C55EA020C7FEA645C7FEA00
:10817800655C00F0E2804FEA5454D4EB5555B8BF23
:108188006D420CDD2C4480EA020281EA030382EA94
:10819800000083EA010180EA020281EA0303362D26
:1081A80088BF30BD11F0004F4FEA01314FF4801CF9
:1081B8004CEA113102D0404261EB410113F0004F0B
:1081C8004FEA03334CEA133302D0524263EB4303C2
:1081D80094EA050F00F0A780A4F10104D5F1200E60
:1081E8000DDB02FA0EFC22FA05F2801841F10001BB
:1081F80003FA0EF2801843FA05F359410EE0A5F18F
:1082080020050EF1200E012A03FA0EFC28BF4CF0BF
:10821800020C43FA05F3C01851EBE37101F0004575
:1082280007D54FF0000EDCF1000C7EEB00006EEB82
:108238000101B1F5801F1BD3B1F5001F0CD349080C
:108248005FEA30004FEA3C0C04F101044FEA445263
:1082580012F5800F80F09A80BCF1004F08BF5FEAEA
:10826800500C50F1000041EB045141EA050130BDCA
:108278005FEA4C0C404141EB0101013C28BFB1F5DC
:10828800801FE9D291F0000F04BF01460020B1FA27
:1082980081F308BF2033A3F10B03B3F120020CDAFA
:1082A8000C3208DD02F1140CC2F10C0201FA0CF0D8
:1082B80021FA02F10CE002F11402D8BFC2F1200C3D
:1082C80001FA02F120FA0CFCDCBF41EA0C019040F3
:1082D800E41AA2BF01EB0451294330BD6FEA04043C
:1082E8001F3C1CDA0C340EDC04F11404C4F1200227
:1082F80020FA04F001FA02F340EA030021FA04F339
:1083080045EA030130BDC4F10C04C4F1200220FA8F
:1083180002F001FA04F340EA0300294630BD21FACD
:1083280004F0294630BD94F0000F83F4801306BF93
:1083380081F480110134013D4EE77FEA645C18BF87
:108348007FEA655C29D094EA050F08BF90EA020F1E
:1083580005D054EA000C04BF1946104630BD91EA16
:10836800030F1EBF0021002030BD5FEA545C05D119
:108378004000494128BF41F0004130BD14F5800458
:108388003CBF01F5801130BD01F0004545F0FE41CC
:1083980041F470014FF0000030BD7FEA645C1ABF01
:1083A800194610467FEA655C1CBF0B46024650EA38
:1083B800013406BF52EA033591EA030F41F4002164
:1083C80030BD00BF90F0000F04BF0021704730B5EA
:1083D8004FF4806404F132044FF000054FF00001BF
:1083E80050E700BF90F0000F04BF0021704730B580
:1083F8004FF4806404F1320410F0004548BF404255
:108408004FF000013EE700BF42004FEAE2014FEAA9
:1084180031014FEA02701FBF12F07F4393F07F4F84
:1084280081F06051704732F07F4208BF704793F087
:108438007F4F04BF41F40021704730B54FF460749A
:1084480001F0004521F000411CE700BF50EA01029D
:1084580008BF704730B54FF000050AE050EA010246
:1084680008BF704730B511F0004502D5404261EBB6
:1084780041014FF4806404F132045FEA915C3FF4F7
:10848800D8AE4FF003025FEADC0C18BF03325FEA94
:10849800DC0C18BF033202EBDC02C2F1200300FA45
:1084A80003FC20FA02F001FA03FE40EA0E0021FA6A
:1084B80002F11444BDE600BF70B54FF0FF0C4CF458
:1084C800E06C1CEA11541DBF1CEA135594EA0C0F0A
:1084D80095EA0C0F00F0DEF82C4481EA030621EA45
:1084E8004C5123EA4C5350EA013518BF52EA033580
:1084F80041F4801143F4801338D0A0FB02CE4FF032
:108508000005E1FB02E506F00042E0FB03E54FF061
:108518000006E1FB03569CF0000F18BF4EF0010E59
:10852800A4F1FF04B6F5007F64F5407404D25FEA55
:108538004E0E6D4146EB060642EAC62141EA555108
:108548004FEAC52040EA5E504FEACE2EB4F1FD0C4A
:1085580088BFBCF5E06F1ED8BEF1004F08BF5FEAC8
:10856800500E50F1000041EB045170BD06F000467A
:1085780046EA010140EA020081EA0301B4EB5C0427
:10858800C2BFD4EB0C0541EA045170BD41F480111F
:108598004FF0000E013C00F3AB8014F1360FDEBF44
:1085A800002001F0004170BDC4F10004203C35DA20
:1085B8000C341BDC04F11404C4F1200500FA05F3A3
:1085C80020FA04F001FA05F240EA020001F0004244
:1085D80021F0004110EBD37021FA04F642EB0601BA
:1085E8005EEA430E08BF20EAD37070BDC4F10C04E4
:1085F800C4F1200500FA04F320FA05F001FA04F2A8
:1086080040EA020001F0004110EBD37041F1000193
:108618005EEA430E08BF20EAD37070BDC4F120059E
:1086280000FA05F24EEA020E20FA04F301FA05F206
:1086380043EA020321FA04F001F0004121FA04F2AE
:1086480020EA020000EBD3705EEA430E08BF20EA7E
:10865800D37070BD94F0000F0FD101F000464000B8
:1086680041EB010111F4801F08BF013CF7D041EA3A
:10867800060195F0000F18BF704703F0004652003E
:1086880043EB030313F4801F08BF013DF7D043EA0F
:108698000603704794EA0C0F0CEA135518BF95EAC5
:1086A8000C0F0CD050EA410618BF52EA4306D1D14C
:1086B80081EA030101F000414FF0000070BD50EA6B
:1086C800410606BF1046194652EA430619D094EAF5
:1086D8000C0F02D150EA013613D195EA0C0F05D1DF
:1086E80052EA03361CBF104619460AD181EA030133
:1086F80001F0004141F0FE4141F470014FF00000EB
:1087080070BD41F0FE4141F4780170BD70B54FF085
:10871800FF0C4CF4E06C1CEA11541DBF1CEA135505
:1087280094EA0C0F95EA0C0F00F0A7F8A4EB0504E7
:1087380081EA030E52EA03354FEA013100F08880DE
:108748004FEA03334FF0805545EA131343EA1263A7
:108758004FEA022245EA111545EA10654FEA00265C
:108768000EF000419D4208BF964244F1FD0404F515
:10877800407402D25B084FEA3202B61A65EB030571
:108788005B084FEA32024FF480104FF4002CB6EB2E
:10879800020E75EB030E22BFB61A754640EA0C00AE
:1087A8005B084FEA3202B6EB020E75EB030E22BFEE
:1087B800B61A754640EA5C005B084FEA3202B6EB2F
:1087C800020E75EB030E22BFB61A754640EA9C00EE
:1087D8005B084FEA3202B6EB020E75EB030E22BFBE
:1087E800B61A754640EADC0055EA060E18D04FEA7C
:1087F800051545EA16754FEA06164FEAC30343EA1C
:1088080052734FEAC2025FEA1C1CC0D111F4801FE8
:108818000BD141EA00014FF000004FF0004CB6E7E1
:1088280011F4801F04BF01430020B4F1FD0C88BF80
:10883800BCF5E06F3FF6AFAEB5EB030C04BFB6EB8B
:10884800020C5FEA500C50F1000041EB045170BD7E
:108858000EF0004E4EEA113114EB5C04C2BFD4EBAB
:108868000C0541EA045170BD41F480114FF0000E2F
:10887800013C90E645EA060E8DE60CEA135594EAAB
:108888000C0F08BF95EA0C0F3FF43BAF94EA0C0FAE
:108898000AD150EA01347FF434AF95EA0C0F7FF423
:1088A80025AF104619462CE795EA0C0F06D152EA77
:1088B80003353FF4FDAE1046194622E750EA41065B
:1088C80018BF52EA43067FF4C5AE50EA41047FF46C
:1088D8000DAF52EA43057FF4EBAE12E74FEA4102CF
:1088E800B2F1E04324BFB3F5001CDCF1FE5C0DD906
:1088F80001F0004C4FEAC0024CEA5070B2F1004F50
:1089080040EB830008BF20F00100704711F0804F52
:1089180021D113F13872BCBF01F00040704741F417
:1089280080114FEA5252C2F11802C2F1200C10FA1B
:108938000CF320FA02F018BF40F001004FEAC123FF
:108948004FEAD32303FA0CFC40EA0C0023FA02F3A3
:108958004FEA4303CCE77FEA625307D150EA013379
:108968001EBF4FF0FE4040F44000704701F0004049
:1089780040F0FE4040F40000704700BF7BB972B978
:108988000029BEBF00204FF0004106E008BF0028C4
:108998001CBF6FF000414FF0FF3000F057B8ADF149
:1089A800080C6DE904CE002909DB002B1ADB00F066
:1089B80069F8DDF804E0DDE9022304B070474042BD
:1089C80061EB4101002B1BDB00F05CF8DDF804E0F3
:1089D800DDE9022304B0404261EB4101524263EBFE
:1089E80043037047524263EB430300F04BF8DDF852
:1089F80004E0DDE9022304B0404261EB4101704725
:108A0800524263EB430300F03DF8DDF804E0DDE992
:108A1800022304B0524263EB4303704753B94AB987
:108A2800002908BF00281CBF4FF0FF314FF0FF306E
:108A380000F00CB8ADF1080C6DE904CE00F022F896
:108A4800DDF804E0DDE9022304B07047704700BF99
:108A580010F8012B11F8013B012A28BF9A42F7D0E0
:108A6800D01A7047034611F8012B03F8012B002A8E
:108A7800F9D17047034613F8012B002AFBD1181AC5
:108A8800013870472DE9F0478C468E46089E1546FA
:108A980004461946002B40F0D080724547D9B2FAF7
:108AA80082F74FB1C7F120030EFA07FCBD40BC4066
:108AB80020FA03F343EA0C0C4FEA154EA8B2230C34
:108AC800BCFBFEF80EFB18CC08FB00F943EA0C438C
:108AD800994528D9EB1808F1FF3204D2994502D9F3
:108AE800A8F102022B44A3EB0903A4B2B3FBFEFCDA
:108AF8000EFB1C330CFB00F044EA0344A04214D9DB
:108B08002C190CF1FF3304D2A04202D9ACF10203B4
:108B18002C44241A43EA02401EB1FC40002334606E
:108B28007360BDE8F0874246DDE76346F1E7002A57
:108B380079D0B2FA82F3002B3FD01946C1F1200355
:108B480002FA01F500FA01F42EFA03F20EFA01FE18
:108B580020FA03F3AFB243EA0E034FEA154EB2FB15
:108B6800FEFC0EFB1C201A0C0CFB07F842EA004224
:108B780090455AD9AA180CF1FF3004D2904502D971
:108B8800ACF102002A44A2EB08029BB2B2FBFEFC45
:108B98000EFB1C220CFB07F743EA02439F4246D90F
:108BA800EB180CF1FF3204D29F4202D9ACF1020259
:108BB8002B44DB1B42EA004202E0AEEB0203012237
:108BC8004FEA154EAFB2200CB3FBFEFC0EFB1C3374
:108BD8000CFB07F840EA034398452AD9EB180CF137
:108BE800FF3004D2984502D9ACF102002B44A3EB24
:108BF8000803A4B2B3FBFEFC0EFB1C330CFB07F707
:108C080044EA0344A74216D92C190CF1FF3304D2C5
:108C1800A74202D9ACF102032C44E41B43EA00400A
:108C28000F46114678E71F2188E76046ABE76246A2
:108C3800BFE76046DBE76346EFE7734506D916B939
:108C4800002108466DE7C6E9000EF9E7B3FA83F795
:108C580087B9734501D3824207D8841A6EEB0303A0
:108C680001209C461EB900215BE73846FAE7C6E9B1
:108C7800004CF8E7C7F1200CBB4000FA07F422FAD1
:108C88000CF520FA0CF1BA401D432EFA0CF30EFA3B
:108C980007FE4FEA154941EA0E011FFA85FEB3FBAC
:108CA800F9F809FB18300B0C08FB0EFA43EA0043ED
:108CB8009A4540D9EB1808F1FF3004D29A4502D9F9
:108CC800A8F102002B44A3EB0A0389B2B3FBF9F81D
:108CD80009FB183308FB0EFE41EA03418E452CD9E7
:108CE800691808F1FF3304D28E4502D9A8F10203AE
:108CF800294443EA0040A1EB0E01A0FB029841453C
:108D0800CE46434602D306D14C4504D20138B9EBCE
:108D1800020E68EB0503002EA5D0B4EB0E0261EB42
:108D2800030101FA0CFC22FA07F3F9404CEA0303A9
:108D3800C6E9003197E74046C5E74346D9E7000052
:108D48002DE9FF47804616460F46002900F0A3800C
:108D5800B1FA81F4341B002E04F10A04C0F2A38096
:108D680030460EF049F8044430460EF04BF8A4EBB8
:108D780006090546694630460EF06CF8A9EB05036E
:108D88006A4640467D33394613F0D7FFA6428246ED
:108D98000D4600F38480B9F13F0F00F382804FF055
:108DA800FF33A9F12000C9F1200103FA00F003FA0A
:108DB80009F223FA01F103FA09F3024328EA03034B
:108DC8000A4327EA020213430CBF01200020002DAA
:108DD80000F08B80B5FA85F3E31A40F2FE7203F2D5
:108DE8003E43934200F38780002B23EAE371D4BF0C
:108DF80001220A46121BA2F23344A2F2344EA2F216
:108E08005343C4F120072AFA04F625FA03F3CEF1F6
:108E1800200C05FA07F725FA04F405FA0CFCCEF144
:108E280020083E43A2F25447A2F254421E432AFAB3
:108E38000EF325FA07F743EA0C033B4313F001034B
:108E480018D04FF0FF3707FA02F307FA0EFC4CEA86
:108E5800030C27FA08F307FA0EF74CEA030C2AEA80
:108E6800070A25EA0C055AEA050A42D1002840D02B
:108E780006F001039A1944F100041646C4F31304DA
:108E880052EA040008BFC91844EA015747EC106BBE
:108E980004B0BDE8F087B0FA80F420345AE7012026
:108EA80095E7002093E7C6F1000948460DF0AAFFB0
:108EB800241A48460DF0A6FFA61B054669464846F3
:108EC8002E440EF039F86A46404606F17C033946CE
:108ED80013F033FF82460D46404639460DF0A2FF97
:108EE80081458CBF0020012071E7BAFA8AF320334C
:108EF80072E70123BEE79FED020BC9E7AFF30080DD
:108F0800000000000000F07F7FB50024154B03220D
:108F1800204615490293CDE9004423460EF089F80E
:108F28000AF0CAF9054658B1104B0122CDE90143B0
:108F3800204623460C4900940EF07BF804B070BD1F
:108F480013F05DFC4FF47A74A0FB043204FB01219A
:108F5800074EDB0B43EA4143C90BC6E90031054B19
:108F68001D60EBE706E001006CD7010014E001008A
:108F780088C90020F0D2002010B50024154B86B017
:108F8800D3E90023CDE90423134B0322029320469F
:108F98002346CDE9004411490EF04BF8104B1B68ED
:108FA80053B103930F4B0322CDE9014320462346D7
:108FB8000A4900940EF03DF8782303930A4B0322E4
:108FC8000293002305491846CDE900330EF031F825
:108FD80006B010BDF0CA002029E001006CD70100DE
:108FE800F0D200203EE0010061E001001FB500243E
:108FF8000AF0D0F9194B2046029303222346CDE903
:10900800004417490EF015F840F27D100AF0EEF909
:10901800B8B93F22134B4FF0FF3000211A600122EC
:10902800C3E90401C3E906010F4910481A711A720D
:1090380013F062FA0E490D4804B0BDE8104013F071
:109048005BBA0C4B0122CDE9014320462346044973
:1090580000940DF0EEFF04B010BD00BF73E00100F6
:109068006CD7010058CB002004D30020C0CB0020CF
:10907800F4D2002086E001001FB503789BB9027A7C
:1090880002F0FB02012A0ED1084A1846CDE9013246
:109098000749032200930DF0CCFF064805B05DF8A0
:1090A80004EB0BF097B805B05DF804FBA1E00100F4
:1090B8006CD70100B0C8002002287FB5024610D046
:1090C80003283AD0012846D14FF4B0712C4809F052
:1090D80053FF00283FD12B4807B05DF804EB0BF095
:1090E80079B813F08CFB4FF47A72A0FB020302FBF1
:1090F8000131C00B244A40EA4140D2E90032C90B91
:10910800C01A61EB0201FFF7A1F900221F4BFFF71C
:10911800FDFA1F4B40F6CD42C3E9000100231D496B
:109128001D480BF0FFF94FF4701200231B491A4831
:1091380007B05DF804EB0BF0F5B953200CF004F818
:109148000346059050B9164A1649CDE90102009028
:1091580001220DF06EFF07B05DF804FB02225321D7
:1091680009F00AFF18B1059813F0CEFCF3E70022C6
:1091780000230D4805A913F0AFF80028F3D1EAE75A
:1091880090C90020C8C8002088C9002000408F402E
:10919800F0CA002028CB0020C0CB0020F8CA00204D
:1091A800BAE001006CD7010050C800201FB50024A8
:1091B800144B2046029303222346CDE9004412496A
:1091C8000DF037FF152011F0A7F860B10F4B039091
:1091D800CDE901430122234620460B4900940DF0B6
:1091E80028FF04B010BD4FF0FF324FF0FF3308489E
:1091F8000BF02AF84FF40040002104B0BDE81040FD
:1092080013F052BADDE001006CD70100F7E001006D
:10921800B0C800201FB5142011F07EF8034668B1CD
:109228000B4B03900293002301221846CDE900332B
:1092380008490DF0FEFE05B05DF804FB064A054935
:10924800CDE90102009003220DF0F3FEF3E700BF21
:1092580019E101006CD701003DE101002DE9F0475B
:10926800DFF8CC8088B0D8F8002012F018030BD1B2
:109278002A4A1846CDE901322949032200930DF004
:10928800D8FE08B0BDE8F08701230024254E20460B
:109298003370254B0392029303222346CDE9004401
:1092A8001F490DF0C6FE4546204FDFF88C90DFF8C9
:1092B8008CA098F80430A34214DCFFF777FF1C4811
:1092C80000F034FA48B11B4B0122029300231449E1
:1092D8001846CDE900330DF0ACFEFFF79BFF0023E5
:1092E8003370CEE72B7AD5E90601032B88BF3B46BE
:1092F800CDE9060198BF59F82330D5E90401CDE935
:1093080002A30023CDE9040103221846CDE9003366
:1093180003490DF08EFE01341835CAE756E1010005
:109328006CD701004EEA00209FE101004EE10100E8
:1093380058CB0020FFE1010028DB0100CAE1010051
:10934800F0B500257B4B89B0032228467A49029361
:10935800CDE900552B460DF06CFE04F091FE044655
:1093680068B1764B0390CDE9015301222B4628467C
:10937800714900950DF05DFE204609B0F0BD7048BA
:1093880006F0F6F86F4B05AD4FF410626E496F4862
:10939800059300950523CDE906440BF083F86C4945
:1093A8006C4813F08DF8694800F032F906466A49AE
:1093B8006A4813F0B1F86A496A4813F0ADF86A4987
:1093C8006A4813F07DF866B1694B0094CDE9014312
:1093D80023460122184658490DF02BFE4FF0FF3462
:1093E800CAE71F2010F098FF044678B1614BCDE919
:1093F800016333460096184601224F490DF019FEC5
:109408005D4B02930023CDE90033E2E75B480AF0A5
:109418002BF9064628B15A4BCDE90143009423465F
:10942800E9E71F200AF09CF8044608B1554BDEE72F
:1094380001200AF0C3F848B1534B0222CDE9014399
:10944800204623463C4900940DF0F3FD012009F025
:10945800FFFF48B14D4B02220293002336491846BC
:10946800CDE900330DF0E5FD00200AF04BF8044685
:1094780028B1474B02930023CDE90033BBE70AF03C
:1094880013F808B1434BC7E70022002335492F489A
:109498000BF048F813F0B3F94FF47A72A0FB02030B
:1094A80002FB01313C4CC00B40EA4140C90BC4E906
:1094B80000013A4F3A4C3B4E4FF0FF334FF0FF322A
:1094C800022137480BF0A6FDE36803F4FE13B3F559
:1094D800004F0CD12069002200230AF0B5FE30B9F4
:1094E80097F850301B0742BF336801333360236A53
:1094F80003F4FE13B3F5802F13D1606A0022002312
:1095080029460AF011FD60B9274B1B7833B90DF0D5
:10951800AEFD059910B925480BF044FE059813F0E7
:10952800F3FAE36823F4FE13E360236A23F4FE13DB
:109538002362C1E721E201006CD7010036E2010095
:109548008190000065E2010000000120C0CB0020EE
:109558006592000004D30020818F000028CB0020F2
:10956800F58F0000F8CA0020118F0000F4D2002007
:1095780071E201008DE2010073E30100C190000077
:10958800B5E20100D6E20100F3E201001AE30100AE
:1095980036E3010053E3010088C9002090C9002088
:1095A80080C50020F0D200204EEA002062070200A9
:1095B80070B515461E46044686B020B96FF0010402
:1095C800204606B070BD05A90FF0EFFC0C49024615
:1095D800204613F014FB04460028EFD14022304601
:1095E8000849A8473F28EBD8074B0122CDE901439A
:1095F80020462346054900940DF02AFDE0E700BF08
:1096080010F801004FEA0020ACE301006CD701001C
:1096180070B58CB001F08AFE044658B1314B039006
:1096280002930023CDE90033012218462E490DF09C
:109638000FFD2AE02D480FF0CAFC044610B12C4B50
:109648000390EDE70FF08AFC044610B1294B039014
:10965800E6E72021284A04A808F01CF920B9274980
:1096680004A813F0F1FA98B9254E264D4022314648
:10967800254813F0C4FA034668B9244A1A49CDE9C3
:109688000102032200900DF0E3FC20460CB070BDEF
:109698001F4E204DEAE7294632461F4808F096F843
:1096A800054640B11D4B0122029300230E4918467E
:1096B800CDE90033E7E71A4B0322CDE901030A4954
:1096C800034600900DF0C4FC40223146154801F0D5
:1096D8007FFC0028D9D0144B0390CDE901530095A5
:1096E8002B46A1E7E6F601006CD70100A8C50020CB
:1096F80019F7010047F7010069F7010071F7010048
:10970800DAE301001BE401004FEA002079F70100C9
:109718009AEE0100DBEE0100B4F70100CFF701007B
:10972800EFF7010005F8010021F80100F0B5036822
:1097380004461A07B5B01FD59022002110A813F0CF
:109748001FFA08AB029309AB019307AE0AAB00936B
:109758005B495C4803960BAB0CAA08F07DF9062818
:10976800054628D0584B0222029300235749184631
:10977800CDE900330DF06CFC2368DB0618D5102208
:10978800002110A813F0FCF95149524807AA08F023
:1097980063F9012806464FF0000741D04E4B0222DC
:1097A800CDE9017338463B46484900970DF050FC17
:1097B800002035B0F0BD0C9B304664330C930B9BF6
:1097C800013B0B9300F012FB444B454AC01861F172
:1097D80000010023FFF7D2F89021ADF84000119264
:1097E80010A82A4609F0EAFC034658B13D4B0390FD
:1097F8000293002301221846CDE9003333490DF0C6
:1098080027FCB9E7119A31490492BDF8402000902D
:109818000392354ACDE9010203220DF019FCABE7AA
:109828000A2239460DF11D008DF820700BF0F6FC68
:10983800054680B200F060F8ADB2044650B92B4B33
:109848000222CDE901030346039500901F490DF05C
:10985800FFFBADE7436800EE103A00F05FF81090A8
:10986800A36800EE103A00F065F81190A37807227B
:109878008DF84A30637810218DF84B30E37810A8C2
:109888008DF84C3023788DF84E30FF238DF84D300D
:1098980009F094FC60B1164BCDE90350CDE9017392
:1098A80032463B463846094900970DF0D1FB7FE721
:1098B800104B0322CDE90103039503460090C5E749
:1098C80058F8010072F801007BF801006CD701001C
:1098D8000DF9010032F901003EF9010092C22AEDAA
:1098E80080510100BEF80100DEF801007DF9010099
:1098F8009AF90100C9F9010030B5024600230E2487
:10990800054904FB03108589954203D00133ED2BEB
:10991800F7D1002030BD00BFAE100200DFED047AA1
:1099280020EE270AFDEEC07A17EE900A704700BFB6
:10993800610BB647DFED047A20EE270AFDEEC07A08
:1099480017EE900A704700BF610B36472DE9F043C8
:10995800884685B000296DD004680F1F3F1BFD089D
:1099680027F0070704EB0709B9F8026016F00106AB
:1099780011D1324B0391CDE90163012233463046C0
:109988002F4900960DF003FC86F31188BFF36F8F03
:109998000423184602DF294620460DF06AFB2844B6
:1099A80034F83030C01A854213D00026254B0122E6
:1099B800029330463346CDE900662149CDF80C8044
:1099C8000DF0E5FB86F31188BFF36F8F042318466B
:1099D80002DFB9F80230294623F00103A9F8023062
:1099E80020460DF046FB2E1804EBC6035B88DA0709
:1099F80008D4314620460DF085FB324629462046DC
:109A08000DF0D5FBE65BAE1B04EBC6035B88DB07FA
:109A180009D4314620460DF075FB2A4631462046CA
:109A28000DF0C5FB35462946204605B0BDE8F04394
:109A38000DF024BB05B0BDE8F08300BF3EFA01007D
:109A48000CD8010015FA01002DE9F04F91B00093F0
:109A580002F004030293C2F3C203013384070546EC
:109A68000E46DDF868A00392059340F09C81041D22
:109A7800002849D101F00706341DC6F10806009BED
:109A880000274FF004085A1E4FF0FF33B9460193E0
:109A9800BB46434604970DB10098206005980028FE
:109AA80000F3D6808F480099814203D38E488142C3
:109AB800C0F0CE800399601B11F0020C40F0D680F4
:109AC800B9F10F0F00F2CF80002D00F0D68009F118
:109AD80040010DEB010E0199C0F387000EF8200C30
:109AE8000EF8101CBCF1000F00F0C38060F07F007E
:109AF8000EF8200C013709F10109C5F108014FF6EC
:109B0800DA7E043406918CE00729B8D86FF01B0080
:109B180011B0BDE8F08F7A285BD84B280FD84728BA
:109B280057D829282ED8252850D052D8202818BFF1
:109B380023280CBF4FF0010B4FF0000B71E04C389D
:109B48002E2846D8DFE800F06D4545454545454592
:109B58004545454548454545454545454556454896
:109B6800485656566D486A456D4518481845457F0C
:109B78007C48454548457C0000204FF0000B4FF0DD
:109B8800040835E001212A38C0B201FA00F010EAD1
:109B98000E0F46D110F0625C2CD110EA010B40D0B8
:109BA8006046013C4444B4FBF8F408FB04F425B1D6
:109BB800A3EB050CA444B445A8D8002870D0059898
:109BC800013805905AF8040B009064E701990139AF
:109BD80001914FF0000B24E012F8010C6C2834D1ED
:109BE800002012F8023C83466C2BC8D14FF00808BD
:109BF8004346D6E70AF1070A2AF0070A0734BAECFF
:109C0800027B24F0070435B106982044B0423FF6A1
:109C18007DAF84ED007B4FF0000B08344FF008084F
:109C2800434612F8010F002853D0BBF1000F7FF410
:109C380072AF2528F5D14FF0010B019B0133019339
:109C48004FF00408ECE7584697E700208346A8E75A
:109C5800039988077FF551AF4FF0010C601BB0F5F1
:109C6800007FFFF42DAF6FF0150051E74FF0000CA7
:109C7800F5E70498013004903DE7BCF1000F01D0EE
:109C8800013638E70299023600297FF434AF00988C
:109C9800CDE90632FEF7EEFEDDE9063206442AE794
:109CA800042B08D10AF1040015B1DAF8001021607C
:109CB80082460434B5E70AF1070323F0070303F1EA
:109CC800080A1DB193ED007B84ED007B082308345E
:109CD800A7E7631BB3F5806FC5D23DB9A6F10804A9
:109CE800E01815E7D4D20100341E0200029A9B083E
:109CF80028602B709DF81030AAB1EB70AF702FB1AF
:109D0800002208A8C5F1010C91450ED14FF0000AB8
:109D1800C5F101030DF1200801930DF1300BD14578
:109D280012D1601BF4E66B70E8E710F8013B1906E6
:109D380008D50CEB040EB64503F07F033FF6E6AEFC
:109D480004F8013B0132DFE71FB198F90020002A2F
:109D580017DB029BD3B11AF80B2004F8012B002261
:109D6800019B18191044B0423FF6D0AE98F8000095
:109D7800009904F8010B2046039212F0DBFE039AC7
:109D880014440AF1010A08F10108C8E798F800200C
:109D980055F822300093029B009845F82230FEF7D0
:109DA80069FE421CDCE76FF00D00B1E6014B18605C
:109DB800704700BFC4C5002080B505460E4617464B
:109DC80098460AF093FE034602F092FB0446DFF839
:109DD8001890424649F8003039463046A84754F8AA
:109DE800090002F003FB00BF080000002DE9F8435A
:109DF80040F26C7344690569E1170135E41841F1D3
:109E08000001022D8CBF00230123E41AC76861F109
:109E180000010029064607F1FF374EDA6FF4C770D4
:109E28004FF4C8720023201861F10001FEF7A6FD67
:109E3800244B4FF03C0E03FB0044D6E900834FEA65
:109E4800E37C99466346032D024634BF09206FF030
:109E58000200B6680544C6FB0E93A9FB0EC60EFBAE
:109E6800036640F26D1E9920A3080EFB04333B44A1
:109E7800642745430520B4FBF7F40235B5FBF0F53C
:109E88001B1B114C1CEB080CA2FB042004FB01015A
:109E98002B4446EBE87698180C4A41F100038018E9
:109EA8000B4A63F10003A0FB020102FB031110EB54
:109EB8000C0041EB0601BDE8F8834FF4C87200239B
:109EC8002046B3E770FEFFFFB13A02009405F5FFA4
:109ED800805101002DE9F047058B044628071746F5
:109EE8000CD501290CBF45F0100545F02005258348
:109EF80087F31188BFF36F8FBDE8F087022905F05B
:109F0800070540F0948020460DF035FA052864D8FE
:109F180001A353F820F000BFF99E000037A000000D
:109F2800E39F0000A59F0000BF9F0000D19F000095
:109F380001F007035A1F012A1FD8002221F0070148
:109F4800062BD4F8008089B2C4E9002209D143461F
:109F580003E0628B013262831B68002BF9D141F068
:109F68000201204621830DF006FA4FF0000900286F
:109F78006DD041F02001218369E0042B0AD121F042
:109F8800070189B2204621830DF0F5F910B141F09F
:109F9800200121834FF00008C14658E02369D3F817
:109FA8000090238B23F0070343F006034FF00008CB
:109FB800238346464BE02369D3F80490238B23F090
:109FC800070343F00403F1E72369D3F80890238BD0
:109FD80023F0070343F00503E8E74FF00008C14604
:109FE800E7E7012243F00803238387F31188BFF3CF
:109FF8006F8F002A3BD1B8F1000F4AD1B9F1000F99
:10A0080002D020462C49C847EFF31187202383F359
:10A018001288BFF36F8F238B23F008039BB223832F
:10A02800D9063FD523F01002228303F0070566699D
:10A03800218B002EBFF67CAF00239946D4F8008010
:10A0480021F00701C4E9003341F001012183238B8A
:10A0580003F0070AAA4502D0A268002AC1D1B8F1C4
:10A06800000F02D1B9F1000FDAD00022BAE7A168D7
:10A078000029C0D00D680029BDD03346524620467D
:10A088004F68B8471DB12B6829461D46F3E72B4694
:10A09800FAE74146334652462046D8F800800DF08C
:10A0A80096F9A8E79A067FF523AF23F020022283CA
:10A0B80003F0070527E700BF037401002DE9F84FF7
:10A0C800814632480F460DF0F5FD064600284FD070
:10A0D800BDE8F88F237B8BB12368DB680BB1204682
:10A0E8009847636883F806A023681B69002B37D15B
:10A0F80063680422204619680DF0FDFD013610340E
:10A108005C45E7D3B9F1000FE2D04FF0010A002D0A
:10A11800DED0A94695FAA5F4B4FA84F40AFA04F351
:10A12800260108EB04146FEA030B25EA0305237BD9
:10A1380063B158F806301B6913BB464473680422A0
:10A148002046196809EA0B090DF0D5FD002DE1D16B
:10A1580027B14FF4A470002112F0A6FA4D46D6E7B5
:10A16800204698470028C3D00AFA06F31D43C5E7DE
:10A17800074C0546A0464FF0010ADFF818B0BFE7C4
:10A18800204698470028E1D1D7E700BF1CD300201C
:10A1980034D8010044D80100014B53F8200070471F
:10A1A80038DB010008B5034608462BB1044A1360A2
:10A1B80000F044FA002008BD6FF01500FBE700BF6F
:10A1C800C8C5002000230C4A10B513700B4A4FF481
:10A1D800004113600A4A0B481360FFF7E3FF0A4B7C
:10A1E8000A4918468B4200D310BD1A1A5C6812112E
:10A1F800013222711033F5E78FEA002014D30020D2
:10A2080018D30020B97C010034D8010044D80100DB
:10A2180070B50B4D297841B90120FFF74FFF094C64
:10A22800094EB44202D301232B7070BD63685B7979
:10A238001BB1236820469B6898471034F1E700BF9C
:10A248008FEA002034D8010044D8010010B5044634
:10A2580006480DF02FFD3CB1054BD3E8EF1F01393F
:10A26800C3E8E21F002AF8D110BD00BF14D30020B4
:10A2780018D3002070B50A4B05461B689847094C4F
:10A28800094EA860B44200D370BD63685B7923B1FE
:10A298002368294620461B6898471034F2E700BF18
:10A2A800C8C5002034D8010044D80100044A054B31
:10A2B8009B1AB1EBD30F34BF52F83100002070471E
:10A2C8002CD7010034D801002DE9F04F87B004AF36
:10A2D8000546D7E90EBA8846144699463E6BBBF147
:10A2E800000F1ED0C7F804A0CDF800A010215B46CF
:10A2F80000207A6BFFF7A8FBB0F5006F014612D378
:10A3080040F2FF7303931A4B022202930023194968
:10A318001846CDE900330DF010FD0C37BD46BDE8F9
:10A32800F08F5946584604F0070205F00704E40088
:10A3380044EA821444EA402444EA065417360E4498
:10A3480026F00706ADEB060D04ADBBF1000F07D0F4
:10A35800CDF800A05B467A6B05F11000FFF774FB9F
:10A368004B462246414628460DF0CEFCD5E700BFB5
:10A3780094FA010074D70100406820B1034BC01A59
:10A3880040F3CF0070474FF0FF3070472CD70100E3
:10A398000EB403B503AB53F8042B014604480193EC
:10A3A80002F0E8FA02B05DF804EB03B0704700BFB2
:10A3B8007F7D0100CA0605D48B064CBF02490349BC
:10A3C800FFF7E6BF704700BF6F0402006E0402008B
:10A3D8002DE9F04F87B09DF8489004460D46984601
:10A3E800DDF850A0169F0492B9F1000F00F0AE807E
:10A3F80007F4807305930DF07CFC07F0020B02460E
:10A40800002872D020467949FFF7C2FF0646BBF103
:10A41800000F08D017F0440F69D12A462046744926
:10A42800FFF7B6FF064407F0010353B1714B20460E
:10A4380053F82920704B7149002A08BF1A46FFF7C4
:10A44800A7FF07F48073002B07F0080318BF4FF02D
:10A458000008002B77D06A4B204653F82920694919
:10A46800FFF796FF0546049B2BB11A46204666491E
:10A47800FFF78EFF0544B8F1000F05D0424620468D
:10A488006249FFF785FF054461483544139B1BB1BA
:10A49800224660490CF02FFF159B002B00F08B80A3
:10A4A800159B3946102B28BF1023204698460026B6
:10A4B800FFF780FFB5424FDC0026334620461AF8E6
:10A4C80003205549FFF764FF0136102E4AD0710763
:10A4D80003D120465149FFF75BFFB0453346EDD81D
:10A4E80020464F49FFF754FFEEE706468FE74D4BEE
:10A4F8001868002896D04C4B4FF47A7B1B684FF0B5
:10A508003C0CB5FBF3F5B5FBF0F14FF4616300FBD0
:10A5180011550BFB05F5B1FBF3F2B5FBF0FE03FBA0
:10A52800121100FB1E55B1FBFCF30BFB05F5B5FB47
:10A53800F0F50CFB131120460091CDE901E53B49EC
:10A54800FFF726FF6EE707F008058CE7012B4D465D
:10A558000CBF2F48364899E720463049FFF718FFC7
:10A568000136A7E7002620463249FFF711FF334698
:10A578001AF803202046A2F120035F2B28BF2E22C1
:10A588002D49FFF705FF0136102E0DD0720703D1B4
:10A5980020462249FFF7FCFEB0453346E8D820465E
:10A5A8001E49FFF7F5FEEEE7159BC244B3EB08031F
:10A5B80015937FF475AFB9F1000F0AD0FB0704D5E6
:10A5C80020460D4A0D49FFF7E3FE39462046FFF7BE
:10A5D800F1FE6268A168D2E9002320680DF0BDFB96
:10A5E800002263681A6007B0BDE8F08FD1FA010055
:10A5F800D5FA010048DB0100CCFA0100620702002D
:10A608005CDB0100FAFA010000FB010004FB010019
:10A618007F7D01007DC9000009FB010011FB0100DD
:10A628000FFB010024D3002020D30020DEFA010014
:10A638009B7D010013FB0100D709020000210123C3
:10A64800064A904206D8064A01B901231360054B11
:10A6580018607047012140085B00F2E740420F0094
:10A6680020D3002024D30020F8B50D460446064F19
:10A678004618B44201D12846F8BD14F8011BBB683E
:10A6880001485B689847F4E704D40100014B036074
:10A6980000207047A4DB010070B5104B0D461C6804
:10A6A800B4B10F4B196800238B4202DB6FF0010035
:10A6B80070BD224612F8106B864202D01446013350
:10A6C800F2E7E06811F044FD28B100202C60EFE7C4
:10A6D8006FF00C00ECE76FF01200E9E7D4C500203A
:10A6E800A4DB010010B5436888B0029383680C4668
:10A6F800CDE9033200230A68C068CDE9062305497D
:10A7080001AA05930EF0DCFF079808B9059B2360A2
:10A7180008B010BD297F010008B5082102480EF0D5
:10A7280033FE014808BD00BF91EA002018B3006855
:10A7380008B34078A5281DD8872805D85F281AD0DF
:10A7480013D807280AD8704700F178020A4BD2B20A
:10A75800D34013F0010F08BF00207047A0F1410358
:10A76800DBB2052B28BF00207047A0F18003DBB2C5
:10A77800072BF7E700207047B340203FF8B50F4696
:10A7880004461546002140221E4612F0F9F93846C3
:10A798000EF060F82A462346A08405F1180152F805
:10A7A800040B8A4243F8040BF9D104F13005DEB1F9
:10A7B80096E8070085E807003B68A362BB88A38585
:10A7C80012F01DF84FF47A72A0FB020302FB01316C
:10A7D800C00B40EA4140C90BC4E9060194F838307F
:10A7E800002084F82E30F8BD014B93E80700E1E71C
:10A7F800D8C5002007B504210DEB01000EF0C4FDFB
:10A80800019A024B1A8003B05DF804FB48DE002071
:10A81800024B1888421C1A80704700BF48DE00208F
:10A8280013B51C46049B63B9CDE9003302F036FB2F
:10A83800002804DA01F05CFE044B1858404202B0CC
:10A8480010BDCDE900430023F0E700BF0C00000075
:10A858002DE9F04FB1B04FF0FF324FF0FF335548BC
:10A8680009F0F2FC1022002112A812F089F9524BCB
:10A8780000261D4608930596504B1B689E420FDB29
:10A888004FF4FA72059912A80EF047FD002831DA44
:10A8980001F02EFE4A4B1B58002BDCDC002490E311
:10A8A80028680EF0A4F92F68044607F589600EF0B1
:10A8B800DFFA40B907F618200EF0DAFA18B9BCB971
:10A8C80001360435D8E744F0040424B22B6830A9D3
:10A8D8001A68059B01EBC30343F8782C4FF000027C
:10A8E80023F8744C23F8722C059B01330593E7E792
:10A8F8000124EBE7D2D012AB039300230793059B07
:10A90800079A9342CAD0039B089A1D682B4B196873
:10A9180000238B4226DB0024182500212A461AA88A
:10A9280012F02EF90E95002C00F01181039BDB88A4
:10A938005D0775D5271D4FF0FF324FF0FF333846BE
:10A948000EF06EF904F5896604F6E87830460EF0E4
:10A958008FFA00285DD096F8893053B986F82B30E5
:10A96800B36656E052F8044B20688542D4D00133D0
:10A97800CFE720AD06F1480CBCE80F000FC5BCE8D6
:10A988000F000FC5BCE80F000FC59CE80F0085E855
:10A998000F0096F82B3006F148059BB96FF073014C
:10A9A80030460EF087FA4FF0000386F82B3000236C
:10A9B800D6E700BF80C8002058D3002054D3002019
:10A9C8000C000000B36E002BE8D028460EF09EF86D
:10A9D8000028E3D0B369B6F880210093D6F87C113B
:10A9E80033462068FFF71CFF011E12DC11F10B0F24
:10A9F80040F0B4800DF1800CBCE80F000FC5BCE836
:10AA08000F000FC5BCE80F000FC59CE80F0085E8D4
:10AA18000F0006F5BA66B04598D138460EF00EFA22
:10AA2800039BDB88D8077CD504F118064FF48662AF
:10AA38000021304612F0A4F80E9B2068002B40F04D
:10AA48009180019300934FF486624023314602F0CF
:10AA58005BFA0028054608DA01F04AFD994B1B58B5
:10AA6800002BC3F1000500F382809DB1B5F5866F18
:10AA78002F464FF0000328BF4FF4866731460093F6
:10AA8800BAB216A80DF0BCFD00286FDBBD42D4BFDA
:10AA980000250125231D4FF0FF320493201D4FF0A0
:10AAA800FF330EF0BDF816A8DDF838A00DF0B7FE9C
:10AAB800049016A8FFF73AFE069016A80DF0CAFEF5
:10AAC8000DF13601814616A80DF00FFF049B099081
:10AAD800032B56D194F873341BB1B4F870344B453A
:10AAE8004DD094F8433ACBB1B4F8403A4B4515D120
:10AAF8000125684200F4BA6000F589606FF06701CB
:10AB080020440EF0D7F94FF4BA6303FB05454FF024
:10AB1800000385F873340023C5F8B034201D0EF007
:10AB28008DF9039BDB88190704D56FF004012046D3
:10AB38000EF0ECF9039BDB88DA0604D56FF004010C
:10AB480020460EF0E3F9039BDB889B0611D4079B94
:10AB580001330793039B08330393D0E600297FF45E
:10AB68001FAF56E70EAB01931AAB6BE705460B35E3
:10AB7800EDD06FF0040120460EF0C8F9E7E7002594
:10AB8800B7E7BDF83630B3BB049B022B33D1069B25
:10AB98008BBB94F873341BB1B4F870344B4528D090
:10ABA80094F8433A002BB9D0B4F8403A4B45B5D1A4
:10ABB80001254FF4BA6303FB054595F8D134002B02
:10ABC800ACD011F01CFE4FF47A72A0FB020302FB1A
:10ABD800013141F27073C5F8B0340023C00B40EA6C
:10ABE8004140C90BC5F8A804C5F8AC1485F8BE34B3
:10ABF80094E7069DDDE720A916A80DF017FE94F846
:10AC08007334074623B904F589600DF0C5FF68B9A8
:10AC180094F8723453B19F4208D13A4620A904F2FD
:10AC2800644011F0B5FF0646002848D094F8433A2E
:10AC38006BB194F8423A8BB9049B022B3FF46EAF88
:10AC48005246206816AB1AA90EF0FAF866E704F621
:10AC580018200DF0A1FF0028EED1EAE79F42EBD1C2
:10AC68003A4620A904F6342011F092FF0028E3D1D7
:10AC780001264FF4BA6707F589680123FC2104F619
:10AC8800E87216A8A0440DF086FDE8B9049B002BD5
:10AC980065D04FF4BA6303FB0643D3F8102A9145F5
:10ACA8003FF43CAFC3F8109A93F87394B9F1000FCE
:10ACB80071D193F80C3A002B3FF430AFC0E7074648
:10ACC800D9E700BF0C000000069B812B42D107F595
:10ACD8009A60414620440DF0A5FF031E56DB07F29B
:10ACE800C4552544B4F8EA3FFC21284604F6EC7222
:10ACF8000DF098FB031E49DB28460DF090FDB0B916
:10AD08004FF4BA6202FB064207F5926720AB02F5E0
:10AD18009862274407CA83E807004246294638460E
:10AD2800FFF72CFD031E31DB38460DF0EFFE4FF424
:10AD3800BA6101FB0641D1F86034B1F8C825009327
:10AD48004346D1F8C4152068FFF76AFD031EBFF615
:10AD5800E5AE1BE0012204F580531A7596E7049BC3
:10AD6800D4F800B00FAA009316A90C2320A80DF060
:10AD780078FD031E0ADB1AAB5846BDF884202099DB
:10AD8800CDF800A0FFF74CFD031E82DA19464046B5
:10AD98000EF090F8F6E0D3F8B03423B107F59260DE
:10ADA80020440DF0E9FE172116A80DF006FE002834
:10ADB8000BDC002D40F0C8804FF4BA6303FB064358
:10ADC800CA46C3F86C542B4626E0002D40F0B980E3
:10ADD800C0F3C00A8AF0010A5FFA8AFA00090DD1A5
:10ADE80007F58F600022062120440DF0A0FD4FF4E6
:10ADF800BA63002203FB0643C3F86C2407F58F658A
:10AE08002544294616A80DF0F1FD29464D460A901D
:10AE180016A80DF06DFE0A9B4FF4BA6B0BFB064BA0
:10AE2800DBF884240B92002A00F09480DBF8885425
:10AE38001B21CBF86C5416A80A930DF0BEFDDDE972
:10AE48000A32002805DD9BF88C1400F007008842C0
:10AE58007DDBAA4240F084804D46CA464FF4BA6171
:10AE680001FB0641D1F86025002A00F08680012206
:10AE780007F27449A144D9E8EFBFC9E8E02F0028D8
:10AE8800F9D1BBF1000F1CD10A93069B16AAADF8A5
:10AE980080302192D1F86C24099B2292BDF836208B
:10AEA800239324928DF894A0D1F8602520A8D1F896
:10AEB800C0159047D9E8EF2FC9E8E1BF0029F9D1BB
:10AEC8000A9B4FF4BA6202FB064292F873140029F7
:10AED80055D0002D53D0D2F86C14BDF8360001447B
:10AEE800C2F86C14BAF1000F49D107F59A604146CF
:10AEF80020440DF097FE031EFFF648AF4FF4BA65E5
:10AF080005FB064520AB05F5986207F5926907CA67
:10AF1800A14483E8070007F2C45142464846214449
:10AF2800FFF72CFC031EFFF631AF48460DF0EEFD8F
:10AF3800D5F86034B5F8C8250093D5F8C41543464C
:10AF480001E74FF0000A49E74FF0000A48E78BF89D
:10AF58008C047EE7002D81D0BAF1000F7FF47CAF1E
:10AF6800BDF836204D46B2F5806F28BF4FF4806299
:10AF78004FF0000AADF8362070E7002DB2D1002B53
:10AF8800FFF604AF4FF4BA6303FB064696F80C3A93
:10AF9800002B7FF4C3AD049A022A03D140460DF07A
:10AFA800EFFDBBE586F87334C6F8B034B6E5089B08
:10AFB80053F8040B08930DF01AFE00287FF452ACE6
:10AFC8000134024B1B689C42F1DB44E454D300205B
:10AFD8002DE9F0410C4B05461C680E4617467CB11E
:10AFE80000F05AF963682046D3F8108032463B4691
:10AFF8002946C047044600F059F92046BDE8F081CB
:10B008006FF00104F9E700BF60D30020002303605C
:10B01800044B5A6812B9C3E90000704710605860C1
:10B02800704700BF64D30020014B1860704700BF11
:10B0380060D30020002330B585B0CDE90233054642
:10B04800019000F029F9094B1C6844B9284600F022
:10B05800C5F8044600F02AF9204605B030BD6368FB
:10B0680020461B6801A998472468EEE764D30020AE
:10B078000022024BC3E90022704700BF64D30020BE
:10B088007FB50BAB05930393054B01220293002375
:10B098001846CDE90033FFF717F907B05DF804FB50
:10B0A80067FB01000022024BC3E90022FFF7E0BF63
:10B0B8006CD300202DE9F74307460C4609B100235D
:10B0C8000B6000261E4DDFF880904D450FD31D4BB9
:10B0D8001D6885B355F8188C3846414601AA183DB5
:10B0E8000DF03FFF10B3D6B914BB2E461EE0D5F8BD
:10B0F80000803846414601AA0DF033FF50B116B919
:10B1080054B92E4606E00022404631680DF029FF6A
:10B118000028F5D11835D8E7019B2360F1E7002214
:10B12800404631680DF01DFF0028DDD1AD69D0E73C
:10B13800019B2360D9E7304603B0BDE8F08300BF28
:10B1480044D801006CD3002044D801002DE9F04117
:10B1580088B0DDF8388004460D4616461F4607902D
:10B16800B8F1000F07D0D8F80010F1B9D8F804E00A
:10B17800BEF1000F22D1204607A9FFF79BFFC8B1F7
:10B18800D0F80C803B46324629460798C04788B11C
:10B19800104BCDE903400293002301221846CDE964
:10B1A80000330D49FFF76CFF04E007AA0DF0D9FE44
:10B1B8000028DBD1002008B0BDE8F081D8F80830BD
:10B1C80032460E9329463B46F446079808B0BDE838
:10B1D800F041604767FB010014D801002DE9F047F2
:10B1E80080464FF000470026DFF8A490DFF8A4A0BF
:10B1F8003D46264C4C450DD3DAF80040002C40D093
:10B20800183CB8F1000F24D1226952BBA469F5E7B4
:10B218002F46EDE7B8F1000F03D122694AB9183477
:10B22800E8E70022414620680DF09BFE0028F4D193
:10B23800F5E76368BB4206DDAF4202D0AB42A8BF68
:10B248002B461D46EBE7EAD19047002E08BF06467D
:10B25800E5E70022414620680DF083FE0028D3D19F
:10B26800D4E76368BB4206DDAF4202D0AB42A8BF59
:10B278002B461D46CAE7C9D19047002E08BF06468F
:10B28800C4E7AF42C4D13046BDE8F08744D80100D6
:10B2980044D801006CD300204FF0FF324FF0FF3349
:10B2A800014808F0A3BE00BF28C80020014808F0E4
:10B2B8000FBF00BF28C80020F8B505460F46184C38
:10B2C800184EB4420DD3184EFFF7E6FF34687CB130
:10B2D800286854F8181C183CFDF7BAFBC8B1A469D3
:10B2E800F5E721682868FDF7B3FBA8B11834E8E74B
:10B2F80000226F60AA61726805F1180332B9C6E9C5
:10B3080000330024FFF7D2FF2046F8BD13607360B6
:10B31800F7E76FF01004F5E76FF01004F4E700BFEB
:10B3280044D8010044D801006CD3002038B5094D39
:10B33800FFF7B2FF2B785BB9FFF7B4FE00F0B6FA5F
:10B34800044608B901232B70FFF7B0FF204638BD2B
:10B358000024F9E799EA00202DE9F04FDFF8B0A0C2
:10B368008FB002939AF80C3007468B4690460193AB
:10B37800002A47D0914620230593019B06AD97FBF1
:10B38800F3F103FB01F4DAF800602A462146199824
:10B3980005ABB0470646002837D1059B391B5C1A18
:10B3A8000093189B4C4528BF4C460D4433B32246A6
:10B3B8002846197811F0B0FB10B30123441B22462C
:10B3C80029465846039311F0B5FB009BA9EB0402EC
:10B3D8001F2B039B03D913B9A344274462B9029ACC
:10B3E8004444A4EB09041460189A0AB183F00106D6
:10B3F80030460FB0BDE8F08F9146BCE7189BDEE7FA
:10B408003346DCE76FF01506F2E76FF00406EFE766
:10B4180074D300202DE9F04F8BB0984682468B46B6
:10B428001646FDF727FBDFF8B090524699F80C70E6
:10B438004146B0FBF7F37B43D9F80450C41A14987B
:10B448000193A847019B08EB030201920DF108083C
:10B458002CB1224640460AEB030111F06BFB3D225A
:10B4680004F128036B4403F8202C04F1010ABAF113
:10B478001F0F0DD900245346424601991498D9F854
:10B488000450A84718BB24BB019B5344A246019310
:10B4980076B1CAF12004B44228BF3446594608EBB5
:10B4A8000A00224611F046FBA344361BA244DEE7FD
:10B4B800BAFBF7F407FB14A43CB13C1B08EB0A00E9
:10B4C8002246314611F05CFBA2440124D3E76FF019
:10B4D80004000BB0BDE8F08F74D3002010B5034B07
:10B4E80004469B6808469847001B10BD74D300208B
:10B4F8002DE9F04780468A4691461D466FF01500B3
:10B5080086B00E9E134F16B906B0BDE8F087102E10
:10B51800334628BF10232946019348463C6801ABAF
:10B5280002AAA0470028EFD1019B397BB3FBF1F2B7
:10B5380001FB12320AB10B449B1A514640467C6803
:10B5480002AAA0470028DFD1019B1D449A44F61A9D
:10B55800D9E700BF74D3002010B5034CC4E900013B
:10B56800A260237310BD00BF74D3002030B5044619
:10B5780085B010461D46CDE90212FFF7AFFF044A19
:10B5880001460095204602ABFFF7E0FD05B030BD4F
:10B59800FD8F01002DE9F04F0646B7B00F469046E3
:10B5A8000021102206A8994611F0EAFA736CDFF818
:10B5B800C4B00A9306F1080A504606A90CF01BFB12
:10B5C800044610B137B0BDE8F08F4A2106AB04AA93
:10B5D80010A80DF01EFD58B1244B0390CDE901438E
:10B5E800012223462046224900940DF085FDE1E71B
:10B5F800049B03F1D8026A4402F8980CB9F1000FD1
:10B6080010D0BDF8242001339A42D3DD0BAC06AD2F
:10B618000FCD0FC42B68236050460BA90CF0EBFA32
:10B62800044630B1049A4346013206A910A8B84727
:10B63800C0E74A210BAB05AA23A80DF0EAFC48B1E4
:10B64800234601222046CDE9014B094900940DF01B
:10B6580053FDE1E7059B23A9D8336B4403F84C0C51
:10B6680010A8FDF7F5F90028D6D1A3E78CFB010057
:10B6780014D80100A9FB01002DE9F04F05460F463B
:10B6880091469846C1B003B17AB1002428462346B2
:10B69800614907AACDE90779CDE90984FFF77AFF5F
:10B6A8000A9B012B00F0B48017B96FF01504AFE0C6
:10B6B800414638460DF08EFC8346EB899C42F4DA0D
:10B6C80005F108060DF12C0A524630461FFA8BF197
:10B6D8000BF05BFF10F11C0F034640F08380EB89F1
:10B6E800013BA3421FDD30460BF02DFF8246D0B947
:10B6F800686C0CF00EFC6B6CCDE910AA1493304604
:10B7080010A90CF078FA80B130460CF08EFA50B1DE
:10B71800424B03900293002301221846CDE90033DF
:10B728003F490DF0E9FC0134C7E7EB6A109A9A42E9
:10B73800EAD1492110AB05AA1AA80DF06AFC002825
:10B74800DDD1059BBDF84C2001339342D7D00DF1D4
:10B75800540C0DF1400EBEE80F00ACE80F00DEF807
:10B768000030CCF80030304615A90CF044FA30B35C
:10B778003046BDF84C1015AA0BF007FF0346002809
:10B78800BDD1BDF84C200146009215A810AAFFF7BC
:10B79800AFFE82460028B2D1304615A90BF098FFBB
:10B7A8000028ACD01F4B0390CDE901A301225346DA
:10B7B80050461B49CDF800A00DF09EFC9FE749219B
:10B7C80015AB06AA2DA80DF024FC0028CBD1DDE985
:10B7D80005239A42C7D12DA91AA811F0D9F9002832
:10B7E800C1D18CE700287FF460AF6A6C49460F929C
:10B7F80038464246CDF800A0FFF70CFE431D04462C
:10B8080006D0514630460BF063FF002C08BF0446B3
:10B81800204641B0BDE8F08F3B900100DEFB0100FF
:10B8280014D80100BDFB010008B50A4601230249EE
:10B83800FFF7B0FE002008BD75B50000012370B504
:10B8480004460373037400F108060DF065FC3146E5
:10B858000CF05DF80546B0B930460BF0ACFF002897
:10B868000ADC236B606CD3E900120CF042FB002861
:10B87800EBD06FF0040504E0044B20466360FFF74B
:10B88800C5FB284670BD6FF01505FAE7E8DB010037
:10B8980090F84230024A03490348FFF75DBE00BFF3
:10B8A800B5900100BD900100D1900100092313B5A6
:10B8B80000930DF031FC69461B4A0CF053FB04461B
:10B8C80010B110F10C0F10D1184A009B1046D3810B
:10B8D800FFF7B4FF60B9154A154B10465360FFF7E0
:10B8E800A3FB1248FFF7D4FF0024204602B010BD86
:10B8F8000DF012FC01A9C0B2FEF7CEFE04460028E6
:10B90800F3D10198214682680CF0F3FA04460198B5
:10B918000CF0C4FA002CE8D10448FFF78FFF044666
:10B928000028D8D0E1E700BF84D30020E4C5002078
:10B93800E8DB010008B504480BF010FD03480BF0E4
:10B948000DFD002008BD00BFFEFB010033FC010017
:10B9580008B50348034A0021121A0DF0F3FB08BD8D
:10B9680088C90020FCFF0020074808B5074A084995
:10B97800121A0DF0E9FBBDE808400648064A0749D7
:10B98800121A0DF0E1BB00BF80C5002084C9002059
:10B998004C1E020068C5002080C50020341E02002D
:10B9A8002DE9F04380460D468DB0002964D000246F
:10B9B8008B68012205934B68204604930B683A492B
:10B9C80003933A4BCDE90044029323460DF0BEFBA6
:10B9D8006B69012205932B6920460493EB68324971
:10B9E8000393334B0094CDE9014323460DF0AEFB9E
:10B9F800EB69012203932F4B2046CDE901432A49E5
:10BA0800234600940DF0A2FB2F462646DFF8B4909B
:10BA1800FB6A01220A93E31C0993BB6A2249089333
:10BA2800A31C07937B6A10370693631C05933B6935
:10BA3800CDE90169CDE90343002300961846043493
:10BA48000DF084FB102CE3D12B6E012203931A4BCB
:10BA58001549CDE901630023009618460DF076FBE1
:10BA6800AB6901220393154B0F49CDE9016300230C
:10BA7800009618460DF06AFBB8F1010F0DD1EFF3EF
:10BA88000583103B03930E4B42460293002306495D
:10BA98001846CDE900330DF059FB294640460DB054
:10BAA800BDE8F04308F028B804D8010060FC0100A4
:10BAB8008FFC0100BEFC010010FD01001FFD01000C
:10BAC8004DFD0100CDFC010030BFFFF7FDBF00BFF9
:10BAD8002DE9F04105460B4EDFF83080324606EB83
:10BAE8000807CC1B2046084911F024F8A019424643
:10BAF8000021083C11F044F86C6707F10800BDE824
:10BB0800F08100BF0000000044D8010008000000D8
:10BB18001FB500243E4B3F4902930122234620468D
:10BB2800CDE900440DF02DFB3B4B9B6A99016DD587
:10BB38003A4B2046CDE9014301222346354900947A
:10BB48000DF01FFB1E20344B9B6ADA010AD5344BDB
:10BB58000122029300232F491846CDE900330DF046
:10BB680010FB1F202C4B9B6ADB020AD52D4B0122B0
:10BB78000293002327491846CDE900330DF001FB55
:10BB88000220254B9B6A1C030AD5274B01220293EE
:10BB9800002320491846CDE900330DF0F2FA2120A0
:10BBA8001D4B9B6A59030AD5204B0122029300239F
:10BBB80018491846CDE900330DF0E3FA2220164B58
:10BBC8009B6A9A030AD51A4B012202930023114952
:10BBD8001846CDE900330DF0D4FA23200E4B9B6AAA
:10BBE800DB030AD5134B01220293002309491846A7
:10BBF800CDE900330DF0C5FA2420074A936A6FEAAD
:10BC080003436FEA1343936204B010BD1D209AE703
:10BC180060FD010004D8010000ED00E078FD01009E
:10BC28008BFD0100A5FD0100CFFD0100EDFD010028
:10BC380012FE01002CFE0100F0B50024434B85B034
:10BC48000293074623460E4601222046CDE90044CA
:10BC58003F490DF096FA3F4B9B6ADB0465D53E4B96
:10BC68002046CDE9014301222346394900940DF0CD
:10BC780088FA1720374B9B6A1D050AD5374B0122D6
:10BC88000293002332491846CDE900330DF079FAC2
:10BC98001820304DAB6A9C051FD50024304B01227B
:10BCA80020460293CDE90044234629490DF069FA5C
:10BCB800AB6BAA6A10040FD503932A4B0122CDE976
:10BCC800014320462346224900940DF05AFA1FB139
:10BCD800AB6A23F40043AB6219201E4B9B6A5905DB
:10BCE8000AD5214B01220293002319491846CDE9B0
:10BCF80000330DF046FA1A20164A936A13F480733B
:10BD080015D01A4B01220293002311491846CDE998
:10BD180000330DF036FA1B200E4A936A43F47F4332
:10BD280093620023337005B0F0BD1620A2E7926A33
:10BD38009204F1D50E4A1846CDE901320449012290
:10BD480000930DF01EFA1C20E6E700BF57FE010025
:10BD580004D8010000ED00E06DFE01007EFE010048
:10BD680091FE0100AAFE0100BFFE0100DAFE0100FB
:10BD7800F2FE0100F0B50024414B85B0029307465E
:10BD880023460E4601222046CDE900443D490DF0E8
:10BD9800F8F93D4B9B6ADD066FD53C4B2046CDE953
:10BDA800014301222346374900940DF0EAF9112096
:10BDB800354B9B6A1C070AD5354B01220293002399
:10BDC80030491846CDE900330DF0DBF912202E4D2D
:10BDD800AB6A99071FD500242E4B012202932046F7
:10BDE8002346CDE9004427490DF0CBF96B6BAA6ACD
:10BDF80012060FD50393284B0122CDE901432046B3
:10BE08002346204900940DF0BCF91FB1AB6A23F01A
:10BE18008003AB6213201C4B9B6ADD070AD51F4BBE
:10BE280001220293002317491846CDE900330DF08B
:10BE3800A8F91420144B9B6A9C060AD5184B0122BA
:10BE4800029300230F491846CDE900330DF099F904
:10BE580015200D4B9A6AD10658BF9A6A9A6A9206BB
:10BE680042BF5A6A22F400525A629A6A42F0FF02AA
:10BE78009A620023337005B0F0BD102098E700BF28
:10BE880021FF010004D8010000ED00E037FF0100A8
:10BE98007EFE01006AFF010082FF010098FF010099
:10BEA800F2FE01002DE9F0437A4B0546D3F80490E1
:10BEB8000F4614460026A3B0C9F3080886F3118874
:10BEC800BFF36F8F02F07F43B3F17F4F25D112F09C
:10BED800010322D1510603D422070DD401260DE017
:10BEE8006D4A1846CDE901326C49012200930DF0E4
:10BEF80048F914F0040400D03D4600260027A8F1B4
:10BF080003038DF81F70092B00F2AB80DFE803F004
:10BF1800079FA39BA9A9A9A9A9A73546EEE7604B46
:10BF28000122CDE9017300235C491846DFF86481DA
:10BF380000970DF026F98DF81F70D8F82C4014F0F2
:10BF4800020404D0574BCDE90173009707E0D8F8F5
:10BF58002C30002B0BDA544B0094CDE9014300231D
:10BF6800012218464D490DF00CF9002439E0D8F8A3
:10BF78002C305B00F9D54D4B0122CDE90143204619
:10BF88002346464900940DF0FCF8D8F81430AA6905
:10BF980043F48073C8F81430BFF34F8FBFF36F8F2B
:10BFA80032F8023CD8F8142022F48072C8F8142021
:10BFB800BFF34F8FBFF36F8F03F47F42B2F55F4F2C
:10BFC80029D1DBB2022B26D12B6820460393384BAC
:10BFD8000094CDE901430122234630490DF0D1F800
:10BFE8002C689DF81F309BB96822294608A810F0D4
:10BFF800A1FD0F9B002E49D0C3F3080222B96FEAB6
:10C0080053236FEA43230F93204608A9FFF7C8FC80
:10C0180023B0BDE8F0831F4B9A6AD2B22AB101203F
:10C028000DF11F01FFF7A6FE0FE09A6A12F47F4F89
:10C0380005D001200DF11F01FFF7FEFD05E09B6A09
:10C04800B3F5803F91D3FFF763FD0446C9E70020AD
:10C058000DF11F01E6E700200DF11F01ECE7154B7C
:10C0680071E7154B19F4F87F144A18BF1A46A8F15E
:10C078001003CDE90323124B012202930023074941
:10C088001846CDE900330DF07CF86EE76FF308032E
:10C09800B9E700BF00ED00E0E5FF010004D80100AA
:10C0A800080002001F000200400002004E000200CB
:10C0B8006D00020089000200CCFF0100B7FF0100FB
:10C0C800AD000200064B5A6942F010025A615A69E3
:10C0D80042F480625A615A6922F008025A61704734
:10C0E80000ED00E0EFF30880EFF3098101B5724637
:10C0F800FFF7D8FE01BD00BF002080F31488BFF30E
:10C108006F8F002080F30A8880F30B880F4880F334
:10C11800088804F027FB00200D490860BFF34F8F03
:10C1280000F02CF8202080F311880A484FF40061B1
:10C13800401880F30988EFF314800221084380F344
:10C148001488BFF36F8F00F0A5F800004044012069
:10C1580094ED00E0002B0120002318460649D1F891
:10C168009020C2F30722934200DB7047C1F8983051
:10C17800C1F8A0000133F6E700ED00E010B572B693
:10C18800002484F31388FFF7E7FF23464FF0FF30BE
:10C198000C4A03F120010133102B42F82100F8D199
:10C1A80000234FF0FF30074A03F160010133102BE1
:10C1B80042F82100F8D162B6BFF34F8FBFF36F8FFB
:10C1C80010BD00BF00E100E01EF0040F0CBFEFF34C
:10C1D8000880EFF30980816911F8021C0229FFD059
:10C1E80001B572460CF0C2FF01BD00BF40B2002885
:10C1F80007DB01234109034A00F01F00834042F88E
:10C208002130704700E100E040B200280CDB012239
:10C218000649430900F01F008240203341F82320DB
:10C22800BFF34F8FBFF36F8F704700BF00E100E08F
:10C23800054B420953F82220012300F01F0003FA9E
:10C2480000F01040704700BF00E100E040B2002855
:10C2580001F10101ACBF00F16040064B4FEA41110A
:10C26800C9B2ABBF00F5614000F00F0080F80013C1
:10C278001954704714ED00E0044B054A23F07F037E
:10C288009360BFF34F8FBFF36F8F7047008000003C
:10C2980000ED00E008B5FFF7EFFF104BD3F888205A
:10C2A80022F47002C3F88820D3F8882042F4A00250
:10C2B800C3F888204FF04042C3F83422BFF34F8FB1
:10C2C800BFF36F8F0023E1EE103AFFF741FBFFF752
:10C2D8004BFB00F0EFF807F021FD00BF00ED00E098
:10C2E8004FF43C41C0F8C01042F8203C009B0B4979
:10C2F80042F81C3C019B21F0010142F8183C029BCA
:10C3080042F8081C42F8143C4FF0807342F8043C91
:10C318000023203A02658367704700BFC19D000073
:10C32800104B9B6883421AD1EFF30580B8B9EFF33D
:10C338001181202282F31288BFF36F8F9A8922F02D
:10C3480002029A81EFF3148323F0040383F3148821
:10C35800BFF36F8F81F31188BFF36F8F70476FF052
:10C368001500704710DE00200E461546002300B564
:10C37800E1EE103AEFF3148323F0040383F31488F7
:10C38800BFF36F8FBFF36F8F0B4B426F98600B4BF0
:10C398001A60436E83F30B882C4686F309880020C5
:10C3A800034B98472046002100220023014C2047D8
:10C3B8001B920100C19D000010DE0020CCD300209C
:10C3C8001022014B1A61704700ED00E0054B9A6995
:10C3D8009B689A421FBF044A536843F080535360D6
:10C3E800704700BF10DE002000ED00E0084B9B689E
:10C3F80083420BD1EFF3058343B1064B5A6842F0F1
:10C4080080525A605A6A22F400425A6208F074BB99
:10C4180010DE002000ED00E023498A6882F8C1E0C0
:10C428004FF030001044EFF3098C80E8F01F1EF045
:10C43800100F03D102F1800080EC108A202080F3D5
:10C448001288BFF36F8F194F4FF000668A698A60B0
:10C458003E60506F164C206092F9C1E0906F002347
:10C46800936780F311881EF0100F03D00023E1EECC
:10C47800103A03E002F1800090EC108AEFF3148385
:10C4880023F0040383F31488BFF36F8F02F13000A5
:10C4980090E8F01F8CF3098802F1000004B50CF055
:10C4A800B2FEBDE80440704710DE002004ED00E055
:10C4B800CCD30020002320210348C2180133412B8C
:10C4C80082F80013F9D1704700E100E008B5EFF3F6
:10C4D8000583064A103B02EBC30152F83300496852
:10C4E8008847BDE80840FFF771BF00BF3CD4010092
:10C4F8000148006870470000CCD300201FB5012117
:10C50800094B0A4A0A4800F01DF90023064A03931A
:10C51800084B0121019301A8D31A029300F01CF9DA
:10C5280005B05DF804FB00BF0000042080C50020B2
:10C5380004DC010088C900200A7A0B6810B562F390
:10C5480004031C46CB68520923F01F0343EA420345
:10C55800044A43F00103C2F89800C2F89C40C2F8AC
:10C56800A03010BD00ED00E01FB50E4B0446D3F817
:10C578009030C3F30723013B98420FD90A4B03902D
:10C588000293002301221846CDE9003307490CF035
:10C598006CFE6FF01504204604B010BDFFF7CCFF09
:10C5A800F9E700BF00ED00E0C40002009CD70100DD
:10C5B8002DE9F04F8946144606464FF00008524DC3
:10C5C80089B0C8452DDAD6F804A0BAF1000F4AD0D0
:10C5D800BAF11F0F17D91AF01F0F14D1D6F800B0EF
:10C5E8001BF01F0F0FD158460CF036FE07460AEB1A
:10C5F8000B0001380CF030FE874216D06FF015079B
:10C60800424B039702E0424BCDF80C800293002383
:10C6180001221846CDE900333E490CF026FE6FF0A2
:10C628001504204609B0BDE8F08F17F1160FE7D0C2
:10C63800BC42E5DDC5F89870D5F89C10C5F898702F
:10C64800D5F8A03021F01F0143F01F0BD6E90032C6
:10C658001A44994202F1FF3A1AD1D34507D131461B
:10C66800F8B20CF012FE08F101080C36A9E73146C1
:10C67800C5F89870D5F89C30E0B263F30402C5F8A9
:10C688009C200CF002FE10F1160FC8D0441CEAE7FB
:10C69800C5F89870D5F8A020013B23F01F0302F0DD
:10C6A8001F021343D3453146E0B2C5F8A030E8D0A5
:10C6B8000CF0EBFD10F1160FB1D0C5F89870D5F855
:10C6C8009C209DF818300BF1FF3B62F304038DF8B2
:10C6D8001830D5F8A0309DF818205B0863F347128E
:10C6E8008DF81820D6E900321344049323F01F0371
:10C6F8005B44A3EB0A03013023F01F0304A9C0B273
:10C708000793FFF731FFBEE700ED00E010010200DC
:10C71800EA0002009CD701000522044BC3F89420CC
:10C72800BFF34F8FBFF36F8F704700BF00ED00E07E
:10C73800BFF35F8F0022024BC3F89420704700BFFD
:10C7480000ED00E010B5034C2278FFF731FF2070B0
:10C7580010BD00BF9AEA00202DE9F74F294D8A46FF
:10C7680006464FF00008AB46274FD0451BDAD6F8EF
:10C778000490B9F1000F3FD03168084601910CF0E0
:10C788006BFD0199044609EB010001380CF064FDCA
:10C7980084424FF014021D4B08D002FB08F36FF0DF
:10C7A80015024BF8032003B0BDE8F08F14F1160F03
:10C7B8002C60F8D01978A142F5DD02FB08B0C7F863
:10C7C8009840C7F89840D7F89C4000F10801007BD2
:10C7D80064F304000871D7F8A0000C79400860F3EE
:10C7E80047140C71D7F89C1021F01F016960D7F825
:10C7F800A01021F01F01296108F1010814350C3639
:10C80800B3E700BFD0D3002000ED00E09AEA002093
:10C81800F0B55349534DD1F890302C68C3F3072332
:10C828009C4287B000F299800020FFF781FF4E4BB1
:10C83800C1F8C030844216D14C4D01A82C70FDF7C8
:10C8480025FF002607464A4CB74213D100202B7813
:10C858004349D1F89020C2F30722934277DBFFF7D0
:10C868005BFF002046E0696801EB0011FFF764FEFA
:10C878000130DFE70199300101EB0613DA68224045
:10C88800B2F1807F52D00AD8B2F5001F34D0B2F589
:10C89800800F3ED0B2F5801F12D00136D4E7B2F136
:10C8A800006F43D0B2F1805FF7D15A689B6809588E
:10C8B800013B22F01F00034423F01F03012032E054
:10C8C8005A689B680958013B22F01F000344012065
:10C8D800844623F01F0340EA4C10CDE902218DF86D
:10C8E800100002A928780593FFF73EFE00282ADAEF
:10C8F8006FF0150007B0F0BD5A689B680958013BF6
:10C9080022F01F0003444FF0020C012023F01F0304
:10C91800E1E75A689B680958013B22F01F0003446D
:10C92800022023F01F034FF0000CD4E75A689B68DD
:10C938000958013B22F01F0003444FF0030C01206B
:10C9480023F01F03C7E72B7801332B70A5E7C1F845
:10C958009830C1F8A00001337BE74FF0FF30C9E7FA
:10C9680000ED00E010DC0100AAFF44009AEA002074
:10C978000000F0FFF0B587B007460E4614460021C8
:10C98800102268461D4610F0FBF802238DF802308D
:10C99800054B2A4621466846CDE90476019308F0FE
:10C9A800C1FE07B0F0BD00BFC592010008B5024B3B
:10C9B8001B689847002008BDE4D30020034B044AB5
:10C9C8001860937843F0020393707047E4D3002013
:10C9D80030C6002008B50649064821F00701C1F114
:10C9E800005202F580220AF045FC002008BD00BF75
:10C9F800CB520120E8D30020082800B508D9FFF75A
:10CA080077FD0922074B1A504FF0FF305DF804FB01
:10CA18003022054B02FB0033D3E8AF3F002BEED0AA
:10CA28000020F3E70C000000FCD300203023434330
:10CA380030B50D4908330B44D3E8AF2F92B1541EDB
:10CA4800D3E8EF5F954204D1C3E8EC4FBCF1000F87
:10CA5800F6D1F1D1012A05D13023584300230A1811
:10CA68000B50536030BD00BFF4D3002038B50446E6
:10CA78001546FFF7C1FF01300DD030236343074A45
:10CA8800D0184068086015B10C3313442B6030236C
:10CA98005C43105938BD0020FCE700BFF4D30020E8
:10CAA80070B500254FF0FF334FF0FF3218480CF0F7
:10CAB8001FFC184BD3E8AF2F82B10135092D03F1C4
:10CAC8003003F7D1FFF714FD17224FF0FF35124B53
:10CAD8001A500F480CF00EFC284670BD30246C43E9
:10CAE800D3E8EF0F0130C3E8E10F0029F8D10B4E6E
:10CAF800331932515A609A6204F10C0030440FF035
:10CB0800FAFB04F1200030440FF012FDE1E700BF0A
:10CB1800D8C70020FCD300200C000000F4D300206C
:10CB28002DE9F0413024164644430F4A101911519B
:10CB38004660C362B6B1F368A3B1FFF7D9FC0B4FE7
:10CB48000C3450F807801319054640F20512304698
:10CB58000CF0BFFBB8F15F0F04D0EB595F2B08BF97
:10CB680045F80780BDE8F081F4D300200C000000F0
:10CB78002DE9F04F0E460027B346BA469DB0069001
:10CB880008A814461D460FF03CFEDDE90823DDF831
:10CB98001880CDE904230DAB0A930397BBF1000F6E
:10CBA80022D1BAF1000F66D0B5F1FF3F08BFB4F14A
:10CBB800FF3F17BF4FF47A724FF0FF34A4FB0243D4
:10CBC80002FB05331CBFE40B44EA434439464FF4E7
:10CBD8008272CDE90064069B03980CF08FFB074630
:10CBE80038461DB0BDE8F08FD8F8000000283DDBBE
:10CBF8000CAA0BA9FFF73AFF8146002836D00C98FB
:10CC08004FF0FF324FF0FF3307F0F0F91CAB019300
:10CC18000AAB00934FF48172434649460B980CF0D7
:10CC28006DFB10F1780F034614D10023002208A8E9
:10CC38000FF0E7FDDDE90834CDE90434002425468A
:10CC480023460C98079307F043FA079B002B0DDA4D
:10CC58005B422FE010F1120FF3D1039B13B94F463B
:10CC68000B9B039300234FF0010AEAE708F1080839
:10CC78000BF1FF3B92E7DDE9042308A80FF0E6FD7E
:10CC8800DDE9084522462B460DF134080A99334858
:10CC9800A1EB080189104143404608F0BBF900F1B7
:10CCA8000B020B2A05D840F68103D34013F0010B81
:10CCB80007D14342FFF71CFC294A4FF0FF371350B6
:10CCC8008EE70025B1462F46AA46069CCDF8288057
:10CCD800B9F1000F0FD1002D82D0002F80DCDDE9E3
:10CCE800042308A80FF0B2FDDDE908452B462543CB
:10CCF8002246CBD174E72068A4F806A0002827DBD9
:10CD08000CAA0BA9FFF7B2FE18B92023E38001375C
:10CD18001EE003900C984FF0FF324FF0FF3307F0FE
:10CD280065F90AAB009340F20312234603990B9866
:10CD38000CF0E4FA03900C9807F0CAF9039B13F17E
:10CD48000B0F09D0002B83D1B4F90630002BDED1AC
:10CD5800083409F1FF39BBE75D46F9E7CDCCCCCC07
:10CD68000C0000000122024B0020C3F84025704748
:10CD78000090034048B1054B054A1B68B3FBF2F32A
:10CD88005843044B43F00103184770470CC7002071
:10CD980040420F0090D8010008B54FF6FF73044ACF
:10CDA80013603F231046536003F0EAFC002008BDDF
:10CDB800A4D50020F7B506460D461446124F38464E
:10CDC8000FF0C6F9E0B1BB68314638461B68AAB215
:10CDD8009847002802DB002003B0F0BD002CFBD1EF
:10CDE800AC42F8D22F1B042F28BF04270CF083FE77
:10CDF8003A46019001A930190FF09CFE3C44EFE738
:10CE08006FF01200E8E700BFE8D3010010B5094C45
:10CE18000A44914200D110BD11F8013B5840030962
:10CE2800E35C0001C0B243401809205C1B01DBB27F
:10CE38005840EEE7A41D02002DE9F04105460E46D4
:10CE48001746134CDFF85080444508D3FFF750FBD2
:10CE58006A22104B1A504FF0FF30BDE8F08123686A
:10CE6800AB4200D08BB93A4631462846A36898476A
:10CE780058B1FFF73DFB0022064B3146C2503A46F7
:10CE88002846E368BDE8F04118471034DCE700BFE6
:10CE98001CD701000C0000002CD701002DE9FF4130
:10CEA8000D46164602A903AA1F46FFF7DFFD0446F2
:10CEB800E8B1029B5B6A13B34FF0FF324FF0FF33C8
:10CEC80003980CF064FA0B9B204601930A9B3246A8
:10CED8000093029B2946D3F824803B46C04704466A
:10CEE80003980CF056FA204604B0BDE8F0810923F7
:10CEF800FFF7FEFA034A4FF0FF341350F3E75F23BE
:10CF0800F6E700BF0C0000002DE9FF410D4616466C
:10CF180002A903AA1F46FFF7A9FD0446E8B1029B30
:10CF28009B6A13B34FF0FF324FF0FF3303980CF0B6
:10CF38002EFA0B9B204601930A9B32460093029BD4
:10CF48002946D3F828803B46C047044603980CF08E
:10CF580020FA204604B0BDE8F0810923FFF7C8FA9B
:10CF6800034A4FF0FF341350F3E75F23F6E700BF9F
:10CF78000C0000000122024B1860024B1A70704727
:10CF8800ACD500209BEA00202DE9F0410D4606466D
:10CF9800F8B1F1B10846FBF76DFD08281CD8114F10
:10CFA800DFF84480441C474508D32246294606F149
:10CFB8000C000FF0BFFD0020BDE8F081B74206D09D
:10CFC8002246294607F10C000FF0E2FD38B144373C
:10CFD800E9E76FF01500EFE76FF05A00ECE76FF044
:10CFE8007700E9E7F8C800203CC90020F0B54FF009
:10CFF800FF324FF0FF33224885B00CF01EFA214C67
:10D00800214F224EBC4205D31D4805B0BDE8F04073
:10D018000CF028BA00222046C4E9032222750CF03D
:10D02800D6F9856895B12B6883B104F118000FF023
:10D0380062F904F12C000FF05EF92B68204698473E
:10D0480094F8403023F0030384F84030237B83B9FD
:10D0580020460CF097FA70B10D4A1368591C1160FC
:10D068000C4A092101A808F0AFF8204601A9FFF7EA
:10D078008BFF4434C6E733685A1C3260064AF0E72F
:10D0880000C80020F8C800203CC90020B0D5002006
:10D09800B4D500205D0102006401020038B5074CD8
:10D0A800074DAC4200D338BD032120460CF09CF953
:10D0B80010B920460CF034FA4434F2E7F8C80020DE
:10D0C8003CC90020084B70B5C31A0D4607499B1090
:10D0D80004465943402206480CF06DFA2B46014697
:10D0E8002046BDE870401847CCD50020B76DDBB6A8
:10D0F800B0D30100402373B50B4C0093041B0B46BF
:10D108000D460A49A41061430646094A09480CF02D
:10D118007EFA014628B130462B4602B0BDE8704081
:10D12800184702B070BD00BFCCD50020B76DDBB684
:10D1380083960100B0D30100F8B50022012105460D
:10D148000520FFF783F8104803F042FB0446B8B9FE
:10D1580003F05EFB2F690D4938460AF05CF9031E9F
:10D1680009DB01263E642D69084905F11C000AF017
:10D1780052F9031E02DA1C462046F8BDEE64FBE7AE
:10D188006FF00404F8E700BFD1D200003CDC0100D6
:10D1980010B50022012386B06C46CDE9022304AB0A
:10D1A800CDE90433074A6B46CDE900440CF05EFA3A
:10D1B80028B94FF480420023684607F045F806B0C6
:10D1C80010BD00BF9796010010B5EFF3118420231E
:10D1D80083F31288BFF36F8F074A136823F00201A5
:10D1E800DB07116002D401200DF0F3F984F31188F4
:10D1F800BFF36F8F10BD00BF1CD600200C22104B50
:10D20800014602FB0033002030B4D3E90E52986384
:10D21800EFF31180202484F31288BFF36F8F1C6C06
:10D2280004F0C00444F002041C6480F31188BFF3C6
:10D238006F8F1DB12B4630BC0248184730BC704771
:10D24800CCD50020B0D3010010B4EFF31180202218
:10D2580082F31288BFF36F8F18490B6843F00204FA
:10D2680013F001030C6019D0154BD3F80C14D3F844
:10D278000C3413F0010311D0EFF3118182F31288FB
:10D28800BFF36F8F0F4A136C03F0C00343F0020320
:10D29800136481F31188BFF36F8F012380F3118822
:10D2A800BFF36F8F23B100205DF8044BFFF7A6BFD3
:10D2B80001205DF8044B0DF084B900BF1CD6002096
:10D2C80000500040CCD5002010B1012804D0704790
:10D2D800034B1B6C5B0701D1FFF790BF704700BF82
:10D2E800CCD500202DE9F041012280463549D1E80E
:10D2F800EF3FC1E8E02F0028F9D133B9324933486C
:10D308004B60CB608A600AF099F808F1FF33012B73
:10D318004CD8B8F1010F06D12D4BD3F81C3403F0CB
:10D328000303022B42D00FF007F9054650B1EFF383
:10D338001186202383F31288BFF36F8F0125244CB5
:10D34800244F21E0244B1B78002BF0D00222204BE5
:10D358000646C3F80823F2E755B330460BF06DFFD5
:10D36800D4F81835DBB2012B0ED1D4F804215AB108
:10D378000022C4F80421D4F804210222C4F8182594
:10D388002022C7F88021A360D4F81824D4F81834D0
:10D39800D203E1D503F00303022B02D0B8F1010F49
:10D3A800DAD155B186F31188BFF36F8FBDE8F081EC
:10D3B800002121200FF078F9D2E70222044BC3F8AC
:10D3C8000423F3E7C8D50020B8D50020E8D500200D
:10D3D8000050004000E100E0F7FF002008B50748D2
:10D3E8000EF0B6FE38B10648FFF7E8FA0448FCF735
:10D3F800DDFC002008BD6FF01200FBE704D401003B
:10D408000DD400000A2838B50446074D04D1AB688E
:10D418000D2128465B689847AB6803485B68E1B212
:10D428009847204638BD00BF04D40100024B0B606A
:10D4380001231360704700BF20D6002000487047C2
:10D4480060DC010070B50C4686B0194620461D46C2
:10D4580016460CF06AF9034668B90F4A0090CDE900
:10D468000102CDE9034501220C490CF06FF96FF078
:10D47800150006B070BD65B1B4F5004F2A462146C7
:10D48800304604D206B0BDE870400BF063BF0FF021
:10D4980051FB0020EDE700BF9701020064D70100AF
:10D4A80010B50122064811460EF0C1FF0DF0A2FA90
:10D4B800044C20600DF09BFA6060002010BD00BF96
:10D4C80028D6002020D60020F0B587B00E46144696
:10D4D8000DF08DFA2146054630460CF026F9374600
:10D4E800034680B3B6FBF5F305FB136323B9B4FB1E
:10D4F800F5F305FB134373B1174B01220293002385
:10D508001846CDE90364CDE9003314490CF01EF93F
:10D518006FF0150015E0A54212D84FF0FF324FF01A
:10D52800FF330F4806F090FE0DF061FA05463846C5
:10D5380003F0BEFC641B2F44F9D1094806F04AFEEB
:10D54800002007B0F0BD074ACDE90364CDE9010228
:10D55800024901220090D9E7B401020064D7010012
:10D5680028D6002097010200F0B50E4687B019466C
:10D5780030461D4617460CF0D8F8034668B91D4AD0
:10D58800CDE90365CDE9010201221B4900900CF0A9
:10D59800DDF86FF0150007B0F0BD46EA050414F099
:10D5A80003040AD0154B012202930023CDE9036539
:10D5B8001846CDE900331049E9E79DB14FF0FF3235
:10D5C8004FF0FF330E4806F03FFE2B19032BA6EB56
:10D5D800040009D80B4AD2F80034DB07FBD5084809
:10D5E80006F0F8FD0020D6E73B1B196803F078FC2D
:10D5F800043CEAE79701020064D70100D301020066
:10D6080028D600200090034038B5430906D10A4BBC
:10D61800596819B101250C68854001B938BD8A6877
:10D628002A4002D04B68054898471CB12368214618
:10D638001C46F2E72346FAE740D60020CCD3010087
:10D648002DE9F04340F206354768D00648BF4FF051
:10D65800030C3B7C02EA050558BFC2F3401C87B0A7
:10D6680001F01F06B5F5837F144646EA43168DF888
:10D6780003C041D00DD8062D16D005D8A5B1022D6E
:10D688003CD06FF0150034E0B5F5807FF9D1012565
:10D698000AE040F20222954232D0B5F5407F31D0FF
:10D6A800B5F5007FEDD1022522032DD501237A6837
:10D6B8008B409360B86870BB06F01F03760973D17E
:10D6C8003B4AC4F3004102EB8302D2F8003281F0F6
:10D6D8000101C4F3404423F4E16344EA410423F024
:10D6E80007031C4344EA8C0444EA0524C2F80042B8
:10D6F800002007B0BDE8F0830725D5E70425D3E768
:10D708000525D1E70325CFE7630341BF01237A68E5
:10D718008B40D360CEE731460DF102020DF008F9D7
:10D7280014F4403F80460CD13146B8680DF012F928
:10D73800B8F1000FDCD19DF80210B86803F03EFA8A
:10D74800D6E74FF0000901ABCDE90199CDE90439DD
:10D75800CDF80C903146B86803AA0CF0E4FF4845B0
:10D76800C6DB14F4003314D09DF80330C4F300442E
:10D7780084F001048DF80E308DF80C508DF80D40B2
:10D788004B463146B86803AA0DF068F80028CFDA8E
:10D79800AEE7CDE904330DF1030303933146B868CE
:10D7A80003AA0CF0C0FFF1E7803350F82330FFDE06
:10D7B8000025844038B54568A86890B10DF0C4F8D4
:10D7C800014670B9A86803F0C7F9044658B902467B
:10D7D8000649A8680DF0A9F8224605213120FEF770
:10D7E80035FD002038BD6FF00400FBE711D60000BE
:10D7F800F0B544681646A068227C01F01F0587B082
:10D8080045EA4215002864D0B6F5001F04D1294620
:10D818000DF0E8F800204DE00020B6F5800F01AAD1
:10D828000190506035D1B3F1007F14BF0523042364
:10D838008DF804300023CDE904230393E3680DF148
:10D84800030723FA01F111F0010135D1B6F1A07FE8
:10D8580032D105F01F036A0903F180033CD1204A45
:10D8680052F82330DB0727D43A462946A0680DF042
:10D878005FF8163018D002972946A06803AA0CF062
:10D8880052FF002816DB01222946A0680DF064F833
:10D89800C0E7B3F1C06F05D0B3F1007F14BF012317
:10D8A8000223C5E70323C3E73946A06803F090F9CC
:10D8B8000028E0DA07B0F0BD3A462946A0680DF026
:10D8C80037F80028D8D19DF80310A06803F076F93E
:10D8D800D2E76FF08500EDE751F82330FFDE00BF97
:10D8E8000025844040F2FF1C2DE9F04FDFF860E18D
:10D8F800DFF86081554D00EB8101814202D10020A3
:10D90800BDE8F08F0468C4F3C72616F00806C4F310
:10D91800C327C4F3080340F08680240E634508BF7C
:10D928004FF0FF331EF80770192C7FD8DFE804F09A
:10D938000D1C2230252C307E7E7E7E33397E7E7E05
:10D948007E7E7E7E7E7E3C46494CC2F80C355C1C51
:10D9580032D05C0970D10124DFF8F89004FA03FA98
:10D96800C9F808A0A14640E0C2F814355C1C23D0D1
:10D978000024F7E7C2F80835E9E70024C2F80835BB
:10D98800B3F1FF3F18D025E00124C2F80C35F7E7C2
:10D99800C2F81035EAE7C2F80835002FE6D10627A5
:10D9A800E4E7C2F80C35F8E7C2F860354488B3F10B
:10D9B800FF3F04F001040AD104309EE7C2F8643541
:10D9C800F4E7C2F86835F1E7C2F86C35EEE7002CE9
:10D9D800BFD101245FEA53192BD14FF00109DFF8B9
:10D9E80074A009FA03FBCAF80CB0D0F800A00AF436
:10D9F800004BBBF1000F0CBF4E46012403F01F097A
:10DA08005B091CD108EB8909D9F80032CAF3412A0D
:10DA18002B4043EA8A0343EA0723334343EA440398
:10DA2800C9F80032C8E76FF0150069E76FF08500A4
:10DA380066E70023DB60FFDE00239B60FBE7002333
:10DA480009F1800953F82930F5E700BFF0F8FCFF29
:10DA5800B41D0200002584407FB50BAB05930393EA
:10DA6800054B0122029300231846CDE90033FCF749
:10DA78002BFC07B05DF804FB210202002DE9F04100
:10DA880004460D4647680EF057FD88B14FF0200850
:10DA9800EFF31186314688F31288BFF36F8F606801
:10DAA8000BF073FF50BB86F31188BFF36F8FEFE75E
:10DAB8001F4B1B78002BE9D04FF0200864266068C4
:10DAC8000BF063FF70B901200CF027FD013EF6D181
:10DAD800002121200EF0E8FDF0E786F31188BFF35E
:10DAE8006F8FF5E7EFF31186314688F31288BFF39D
:10DAF8006F8F60680BF049FF0028EED0BB690020EB
:10DB08001D706368BA691B68C3F844250122C3F80D
:10DB18004825C3F82001D3F82041C3F85801D3F8A9
:10DB280058019A6081F31188BFF36F8FBDE8F081C7
:10DB3800F7FF00202DE9F04305460022012185B0BA
:10DB48000820FEF783FB0820FEF750FB6C680121D4
:10DB5800E0680BF070FF6B6800271A682369C2F849
:10DB68002435617D237D0B43A17D0B43C2F86C35C1
:10DB7800D5F80480D8E9004313F001025BD0D5F84A
:10DB8800109004F10C01C4F8A07109F10C02C4F85A
:10DB98008C7004F590700CF0F5FC061E0DDA274B1E
:10DBA8000122CDE9017338463B4625490097FFF726
:10DBB80053FF304605B0BDE8F08399F80C0002F039
:10DBC800F3FD01230822C4F80025D8F81820012104
:10DBD800C4F844250022C4F84825A1606BB9D4F8DC
:10DBE8002031002BFBD0C4F82021D4F820310123A8
:10DBF800E3604FF48073C4F80433D4F85831002B31
:10DC0800FBD00021C4F800156D68E8682C680BF09B
:10DC180012FF0823C4F800352A7A52B9EB69C4F810
:10DC280034350123C4F83835C4F81021D4F810214C
:10DC380023600026BDE71346C4E700BF21020200A7
:10DC48002CD801000123834070B5DC430C4AD2E88C
:10DC5800EF1F01EA0405C2E8E65F002EF7D14FF492
:10DC6800803282400748C0F80823BFF35F8FBFF3B4
:10DC78006F8F03EA0100003818BF012070BD00BF94
:10DC880050D600200050014070B4124922F07F465F
:10DC9800D1E90034D01AC31844F10004C1E90034B2
:10DCA800A6F50013B3F5400F09D20B4B1B681A0AEF
:10DCB8001B069C19094B42F10005C3E90045EFF327
:10DCC8001181202383F31288BFF36F8F70BC07F094
:10DCD80001B900BF80CD002054D6002088CD002097
:10DCE800D9B101230D4A8340D2E8EFCF4CEA030CA7
:10DCF800C2E8E1CF0029F7D14FF48033084A8340C6
:10DD0800C2F80433074BD3E8AF3FC340DB0742BF39
:10DD18004FF40012044BC3F80021704750D600207E
:10DD2800005001404CD6002000E100E00D4B18687F
:10DD3800010A0006BFF35F8F0B4BD3F804351818A0
:10DD480041F10001B3F5801F0AD2084BD3E9002343
:10DD5800904271EB030303D210F1807041F100018E
:10DD6800704700BF54D600200050014088CD0020E5
:10DD78002DE9F04F85B016461F4604469DF840A091
:10DD8800FFF760FF0190FFF7D1FFB04271EB070387
:10DD98005CD23B4B301A67EB0101984271F10001EC
:10DDA80009D36FF0150520460199FFF799FF28461A
:10DDB80005B0BDE8F08F334B03EB0413D3E902231E
:10DDC8009F4208BF96424ED04FF480382E4908FA39
:10DDD80004F8204626F07F4BC1F848830BF07FFEFD
:10DDE8004FF00309584604F15005AD00ADB205F1F6
:10DDF800804504F5A87305F5A8350293029A20F02A
:10DE08007F4341F82230C1F84483D1F804351F4AD2
:10DE1800C01A033820F07F40904224D9286868B19E
:10DE2800D1F80435A3EB0B0020F07F40B0F5000FCC
:10DE3800039318D920460BF052FE039BBAF1000F4A
:10DE4800AFD109EB030009F10109D7E7BAF1000FD7
:10DE5800A7D101230E4AA340D2E8EF0F1843C2E826
:10DE6800E10F0029F8D107490E982301C8500F9BEC
:10DE780001EB04120025C2E90267536093E700BF73
:10DE88000100800070CD002000500140FDFF7F00A0
:10DE98004CD600207FB500254FF0FF304FF0FF3102
:10DEA800194C1A4B0226C4F80833C4F84833184BE7
:10DEB800C4F80855C3E902014FF480334FF4001247
:10DEC800C4F80433134B0121C4F804631520C3F8C4
:10DED80080212A46FEF7BAF91520FEF787F90123B3
:10DEE8000D4AA360236013600C4B0D4A009328462B
:10DEF8000023CDE90155FFF73BFF3046FFF7F2F964
:10DF0800284604B070BD00BF0050014003000F0058
:10DF180070CD002000E100E050D6002091DC000028
:10DF2800FFFF7F002DE9F34D2C4BD3F80423910715
:10DF38000BD5D3F8042142B10022C3F80421284AA2
:10DF4800D3F80431136801331360244CD4F8043334
:10DF5800DA033DD5234BD3E8EF2F22F00101C3E8C4
:10DF6800E01F0028F7D1D30702D4D4F840317BB39F
:10DF78000025C4F84051D4F84031FFF7D7FEEFF33D
:10DF88001182202383F31288BFF36F8F164BD3E9D6
:10DF98000267B042B9411ED3D3E900184FF0FF3AE7
:10DFA8004FF0FF3B1D60C3E902AB4FF48033C4F868
:10DFB8004833C4F84051D4F8403182F31188BFF394
:10DFC8006F8F29B132463B460020CDF80080884744
:10DFD80002B0BDE8F08D2946EFE700BF00500140D0
:10DFE80054D600204CD6002070CD002030B5431CFC
:10DFF800124C85B005D08442A8BF0446012CB8BF96
:10E008000124FFF793FE0E4B0C4DD3E90013401A81
:10E01800B0F5000F0FD22218AA4228BF2A460020C6
:10E0280052180849CDE90100009143F10003FFF7B8
:10E038009FFE05B030BD2A46F1E700BFFFFF7F0015
:10E0480080CD002091DC000008B5FFF76FFE024B81
:10E058001B68C01A08BD00BF80CD002070B50546FA
:10E06800054C064EB44200D370BDD4E900312846B1
:10E0780098470834F6E700BF1C1E02001C1E020069
:10E088007FB5002201212A20FEF7E0F80E4802F0B1
:10E0980073FF044650B10D4B0390029300230122F5
:10E0A8001846CDE900330A490BF029FD094D0A4EFF
:10E0B800B54202D3204604B070BDD5E900312046F0
:10E0C80098470835F4E700BFC0DC01005A02020097
:10E0D800FCD701001C1E0200341E0200F0B5104BD4
:10E0E800044619680F4B0B25002618461F46B842F0
:10E0F80001D3013D04D1184601391C605960F0BDB7
:10E108000268A242FBD042B142688A1A9642ACBF6A
:10E118003246034616460830E9E70346EBE700BFF8
:10E1280044D7002050D700200020054BC3E9000049
:10E13800044BD3E8EF2FC3E8E10F0029F9D170476A
:10E1480048D7002044D700202DE9F04F89B08046F9
:10E158000C460CF066FC824620B96FF06D0009B0E1
:10E16800BDE8F08F0EF04BFB23680546002B0F46E9
:10E1780004D106F03DFC6FF00A00F0E7BCBF4FF099
:10E18800FF3323600122002101A80EF050F96E46EA
:10E19800CDF81C80EFF3118B202383F31288BFF393
:10E1A8006F8FFEF7A5F9DFF83891DFF8388159F855
:10E1B8000000FFF793FFD8F80020436893424FF020
:10E1C800000307D10093454B5A68002A73D1C3E96D
:10E1D800006601E09A4642608BF31188BFF36F8FA7
:10E1E800BAF1000F65D023685A1C69D04FF4004E6D
:10E1F80040F2E730002123EAE37C4FF47A720023EF
:10E20800ECFB0E01FAF70AFC02460B4601A806F0E1
:10E218001BF8EFF3118A202383F31288BFF36F8F63
:10E2280000212E4A13685BB1B34253D100980029EC
:10E238004AD151681060994200D150600023009380
:10E24800FEF756F959F80000FFF748FFD8F80030F4
:10E2580043608AF31188BFF36F8F0CF0E2FB00284C
:10E268003FF47BAF2668731C23D00EF0C8FA4FF436
:10E278007A7EA0FB0E320EFB0121A5FB0E200EFBC1
:10E288000700DB0BD20B43EA414342EA40429B1AA8
:10E298004FEAD13161EBD0314FEAE67CF31A6CEBEF
:10E2A800010CBCF1000FB8BF00232360002B3FF422
:10E2B80062AF002053E7C2F800D0C3F804D08BE760
:10E2C8004FF0FF321346A1E708605068984208BF34
:10E2D8005160B3E719461B68A5E700BF48D700207F
:10E2E8000800000044D70020024600B5FEF700F9F8
:10E2F800014B1A505DF804FB0C00000030B40446D2
:10E30800006828B10B4B984202D3D83398420AD3FD
:10E31800094B1878082809D8451C1D701825054B85
:10E3280005FB0030206030BC0EF081B86FF00B00A8
:10E3380030BC70476CD60020BFEA00200346006856
:10E3480028B1094A904202D31432904206D3074AB0
:10E35800117829B901210448117018600DF0CBBF5C
:10E368006FF00B00704700BF58D60020BEEA0020AF
:10E3780038B505460A4BD3E8EF1F0131C3E8E21F61
:10E38800002AF8D1074B1C6804B938BDE369AB42D1
:10E3980001D005B113B9201D05F01CFF2468F3E76F
:10E3A80044D7002048D70020014600220023014816
:10E3B80005F02EBDA0D70020014601480DF036BF5C
:10E3C800A0D70020014600220023014805F020BD07
:10E3D800B4D70020014601480DF028BFB4D700206B
:10E3E80008B54FF48062064906480DF016FFBDE8EF
:10E3F80008404FF40252044904480DF00EBF00BF14
:10E40800C0EA0020A0D70020E8840020B4D700206C
:10E4180010B5044B1C6804B910BD201D05F0DAFEC8
:10E428002468F8E748D7002070B50546054C064E25
:10E43800B44200D370BDD4E9003128469847083467
:10E44800F6E700BF141E02001C1E02007FB50BABCE
:10E4580005930393054B0122029300231846CDE947
:10E468000033FBF731FF07B05DF804FB90020200B0
:10E478001FB568B1094B0390029300230122184687
:10E48800CDE900330649FFF7E1FF05B05DF804FB6D
:10E49800044805B05DF804EB03F092B9900202005D
:10E4A800FCD7010031E4000030B5024600232825DE
:10E4B800054905FB03F460180C59944203D0013355
:10E4C800082BF6D1002030BDCCD70020292800F039
:10E4D800A5800ADC012867D0062800F0AB80002858
:10E4E80000F095804FF0FF307047B0F58D7F08D071
:10E4F800B0F5007FF6D140F206439942F2D11E23CF
:10E5080035E00F2926DC0029ECDD01390E29E9D890
:10E5180001A353F821F000BF75E500007DE5000078
:10E5280081E50000C9E5000085E5000089E50000F7
:10E53800EDE40000EDE40000EDE40000EDE400008F
:10E54800EDE400008DE5000091E5000099E500008C
:10E558009DE50000A1F2FA33042BC3D8A1F2FB31E8
:10E56800032913D8DFE801F0181A1C1E01231360D1
:10E57800002070470223FAE70323F8E70523F6E7AC
:10E588000623F4E70C23F2E70D23F0E70E23EEE76A
:10E598000F23ECE71023EAE71123E8E71223E6E765
:10E5A8001323E4E71423E2E740F20A43994226D012
:10E5B80010DC1429F6D005DC022924D0042991D1D5
:10E5C8000423D4E715291ED040F20943994289D182
:10E5D8002123CCE740F22743994216D0B1F5856F45
:10E5E80009DAB1F5826F0CD040F2254399427FF4E5
:10E5F80079AF3D23BBE77FF475AF3C23B7E7222310
:10E60800B5E72823B3E71160B2E73F23AFE740F24D
:10E61800074399427FF466AF1F23A8E7B1F5816FDE
:10E6280006D040F2264399427FF45CAF3E239EE732
:10E6380020239CE740F21F4399427FF453AF3723CE
:10E6480095E700BF4FF0FF32074B00201A609A622F
:10E658001A659A67C3F8A020C3F8C820C3F8F02049
:10E66800C3F81821704700BFCCD700202DE9F0432C
:10E678001C46002387B0012905460F461646CDE9FA
:10E688000433DDF83880D0F800900BD1192A09D16D
:10E69800FDF72EFF5F222F4B1A504FF0FF3007B0C7
:10E6A800BDE8F0833146384603AAFFF70FFF013073
:10E6B80004D1FDF71DFF6D22264BEDE7012F14D184
:10E6C800A6F11403012B18D81CB34FF008082368CF
:10E6D8000493A36804AC0593234639464846039A35
:10E6E800CDF8008003F036FFD9E7B7F58D7FF3D179
:10E6F8000C2E08BF4FF00408EEE740F227439E4275
:10E7080009D12CB123684FF00408134C6B62E3E77E
:10E718006C620024E0E7B6F5856FDDD1B4B1B8F1DD
:10E72800080F01D1236823B9FDF7E2FE1622094B31
:10E73800B2E71C3594E8030085E80300074BB4F9F9
:10E7480004209A80A2791C469A71C5E7EC612C6274
:10E75800DFE700BF0C000000DCC60020D4C60020A4
:10E768002DE9F0431E4600238BB00F461546CDE930
:10E7780004330823D0F800900DEB030229463846ED
:10E788000393DDF84880FFF7A1FE431C044608D137
:10E79800FDF7AEFE6D221F4B1A5020460BB0BDE8A8
:10E7A800F083012F03D1A5F11403012B19D9424697
:10E7B8003346009239464846029A03F0B5FF0446AC
:10E7C8000028EAD1012FE8D1042D0DD130680028A6
:10E7D800E3D0FFF789FDFDF78BFE0E4B1B58336026
:10E7E800DBE703AA04ABE4E7143D012DD5D8D8F83C
:10E7F8000050049B102D28BF1025CDE90630059B3D
:10E808002A46304606A908930EF094F9C8F8005035
:10E81800C3E700BF0C000000034610B51C680B8856
:10E828000846012B86B00DD14A88ADF80030ADF806
:10E83800022008224B680193694620460CF08BFCA5
:10E8480006B010BD022B04D169460BF0FAF9162266
:10E85800F2E7FDF74DFE6A22024B1A504FF0FF30E7
:10E86800EEE700BF0C0000000B490346087880B9AA
:10E878000A49097839B1A2F5807102290AD9A2F5A5
:10E888008872012A06D9013B022B8CBF0020012087
:10E8980070470020704700BF41EF002040EF002084
:10E8A8002DE9F0470546D0F80090806888B00E46FC
:10E8B80017469846109C08B10BF09EFAA4B9CDE90A
:10E8C800004443463A46314648460CF055FD044656
:10E8D800A86828B14FF0FF324FF0FF330BF07CFAF5
:10E8E800204608B0BDE8F0872388012B0BD1ADF88E
:10E8F8000830636862880393082301936B44ADF87A
:10E908000A200093DDE7022B09D10DF1080A5146D0
:10E9180020460BF096F91623CDE900A3D1E7FDF7C1
:10E92800E7FD6A22024B4FF0FF341A50D0E700BFD0
:10E938000C0000002DE9F347804691460C46F9B1DA
:10E9480000231A46C868834225D1802A6ED800253C
:10E958004FF0FF324FF0FF3337480BF03DFA2F46A8
:10E96800364EE368AB421DD800263546DFF8CCA00A
:10E97800B74201DD002D26DA2F480BF03DFA06E0FC
:10E98800FDF7B6FD16224FF0FF352D4B1A502846DD
:10E9980002B0BDE8F087A16801EBC3014968013303
:10E9A8000A44D0E7A368F01903EBC50253F8351001
:10E9B80052680EF0BFF8A3684FEAC50A53445B6873
:10E9C80001351F44CDE76368BA1B019323680AEB3E
:10E9D8000601009340464B46FFF762FF051EC8BF7D
:10E9E8007619C5E7A3684FEAC60A03EBC6035B6856
:10E9F80033B10027A36803EB0A025268974204D395
:10EA08000136E368B342EDD8C1E753F80A106368EA
:10EA180039440193236840460093D21B4B46FFF7C5
:10EA28003FFF011E05DB0F440D44E3E70026354692
:10EA3800E7E70D46ABE700BF14C80020C0EE002092
:10EA48000C00000010B54FF0FF3204464FF0FF33C2
:10EA580008480BF0C1F900234FF0FF32C4E9012345
:10EA68002260E361236263620248BDE810400BF054
:10EA7800C3B900BFC4C70020F8B54FF0FF324FF04C
:10EA8800FF3305460C480E460BF0A6F90023282054
:10EA98000A4A00FB03F157588C18013706D1555024
:10EAA800666005480BF0A8F92046F8BD0133082B2D
:10EAB800EFD10024F5E700BFC4C70020CCD7002061
:10EAC8002DE9F04389B007460C461546FDF7E8FFE7
:10EAD8000646002E38684BDB64B375B32B68082BE9
:10EAE80026D1019301AA0DF1080841460CF0A5FBB7
:10EAF800B0F1000939DB3146FFF7BEFF074640B3E6
:10EB080064B15DB1B8F80030012B19D108222A6030
:10EB1800BDF80A202380039B628063600023394686
:10EB28003046164AFDF7FCFF304609B0BDE8F083D1
:10EB38001623D6E72246A046D7E72A46A846D4E7B2
:10EB4800022B18D1182320462B6002A90BF060F87D
:10EB5800E4E70C23FDF7CCFC094A1350484603F0C0
:10EB6800C5FC17B13846FFF76DFF30460AF0C4FB05
:10EB78004FF0FF36D8E78623ECE700BFF4DC01004E
:10EB88000C00000010B50446094B0A4A18600368D7
:10EB98000948DA61FEF7EEF9236843B10C33D3E88C
:10EBA800EF1F41F00801C3E8E21F002AF7D110BDAA
:10EBB800C8D70020E9EC0000ECDC01002DE9F041A9
:10EBC800A1F581730446066886B0032B5ED8DFE89A
:10EBD80003F00246805A4FF00108D2E90151136848
:10EBE8003D4AB3F904300492ADF814308DF816801C
:10EBF8002B68994205D1FDF77BFC0C22374B1A5044
:10EC080017E004F10C0738460DF05CFF3B46002284
:10EC1800414628680DF028FF0023E361236208239A
:10EC28003C2200934146304604AB03F093FC044673
:10EC380010B14FF0FF340EE02B6814332B60CDE990
:10EC48000200384602AA03A90DF041FF039B002BDE
:10EC580018BF6FF07704204606B0BDE8F081D2E90E
:10EC680000521368143313600023CDE9033303AA59
:10EC780004A904F10C000DF02AFF049B0BB1039BBF
:10EC8800EB800024E7E71368A360FAE7032913D0B1
:10EC9800042919D1126832F4804304D0FDF728FC06
:10ECA80016210E4B195004213046C2F3803206B0AB
:10ECB800BDE8F0410CF0C2BD002230460CF0BEFDAC
:10ECC800840304F48044C6E7FDF712FC1622034BC4
:10ECD80095E76FF05E04BEE7E59D01000C000000BB
:10ECE8002DE9F0410D1E0746904612DA05F03AFE6E
:10ECF8001E4E012333704246384625F04041FEF748
:10ED08009BF800233370044605F040FE2046BDE81A
:10ED1800F08115F0804603D005F024FE144EE8E794
:10ED2800FDF7BEFE041E09DB29464246384603F0BD
:10ED38007DFB051E05DA20460AF0DEFA4FF0FF34A7
:10ED4800E4E72146FFF798FE014640B9FDF7D0FBFE
:10ED58000C22084B1A50284603F0C8FBEBE7334651
:10ED68002046054AFDF7DCFED0E700BF41EF002052
:10ED780040EF00200C000000F4DC01007FB50BAB75
:10ED880005930393054B0122029300231846CDE90E
:10ED98000033FBF799FA07B05DF804FBC2020200E2
:10EDA8007FB5436801220493036806490393064B21
:10EDB800029300231846CDE90033FFF7DFFF07B0C1
:10EDC8005DF804FBFCD70100C20202001FB5094828
:10EDD80002F0F0FC50B1084B03900293002301228B
:10EDE8001846CDE9003305490BF07CF8002005B042
:10EDF8005DF804FB09EE0000EB02020034D70100C5
:10EE08002DE9FF41054600261E4CDFF89080444559
:10EE180018D3A6B12846F9F72DFE0022411D00237C
:10EE2800194804F0F5FF0446F0B9184B0222CDE961
:10EE3800010317490346039500900BF053F804B0FB
:10EE4800BDE8F081277AFA070AD4216819B1284663
:10EE58000DF0FAFE20B1BB0704D528466368984731
:10EE68000C34D4E70126FBE729460430F9F7FAFD0C
:10EE7800214608480DF0D0FA074804B0BDE8F04133
:10EE880005F00ABB68C70020B0C7002018030200BD
:10EE980034D70100E0C80020ECC600208CC7002051
:10EEA800F8B5114F00220023104805F061F9054616
:10EEB800B0B9F8BD237ADA070AD49B0708D42168C9
:10EEC80019B130460DF0C0FE10B13046636898475E
:10EED8000C34BC42EED3294605480DF0A7F9E1E70A
:10EEE800044C2E1DF5E700BF8CC70020E0C80020A9
:10EEF800B0C7002068C70020024883681B6A03B1B6
:10EF08001847704704D401001FB5074B03900293BC
:10EF1800002301211A461846CDE900330AF0F1FF13
:10EF280005B05DF804FB00BF620702001FB50F4B78
:10EF38004FF4805118460E4A02F0ACFC00280ADA59
:10EF48000C4B03900293002301221846CDE90033AD
:10EF580009490AF0D6FF0548FFF7D6FF0022074BFC
:10EF68001A7005B05DF804EBFFF7C6BF43EF002049
:10EF7800620702004F0302002CD7010043FF002064
:10EF8800F0B5044687B08368DB6B03B19847A36884
:10EF9800DB6A0BBB454E464D33780BBBA3681B6938
:10EFA8002BB1012220460DF117019847C0B19DF8F9
:10EFB8001730082B01D07F2B14D12B68002BEBD0F6
:10EFC8003C4A013B2B60D35C222BE5D13A4A1378AB
:10EFD80083F001031370DFE7204698470028D9D152
:10EFE80007B0F0BD34490A78B2B90A2B25D00D2BE9
:10EFF8000ED08BB9314A1278002A39D0304A1846D7
:10F00800CDE901322F49022200930AF07AFFC3E7C3
:10F018002A48007801282BD02F68781CB0F5805F2B
:10F028001BD30393284B012202930023254918463A
:10F03800CDE900330AF065FFAEE7204800780228E2
:10F0480016D00328E8D11A480768002FE4D01948D9
:10F05800384410F8010C0D28DDE7DFF858C0222BE2
:10F068000CF80730286097D182F001020A7093E704
:10F078000022104B0A7019460D4807680260DA55DD
:10F0880013F8012B202A02D8002AF9D184E70B783B
:10F09800002B81D00D4883685B6A03B19847012330
:10F0A8000B490C4833700DF027FA75E743FF002031
:10F0B8000CD9002043EF002042EF002044FF00203D
:10F0C800750302002CD70100A103020004D401003B
:10F0D80010D9002090CD00202DE9F0430124454BA4
:10F0E80087B01C7044480DF033F80346D0B9434A42
:10F0F8004349CDE90102009022460AF002FF6FF071
:10F10800120303933F4B0122029300233C49184604
:10F11800CDE900330AF0F5FE6FF00D09484607B057
:10F12800BDE8F0830DF06BFB4FF47A72A0FB02038D
:10F1380002FB0133304EC00BB768DFF8E48040EAC9
:10F148004345BB681BB330469847814600283AD0F0
:10F158000DF055FB4FF47A74A0FB040204FB012266
:10F16800C40B44EA4244641BB4F5FA7F4FF0000331
:10F17800CDF80C900ED9244A1846CDE901320093F7
:10F1880001221F490AF0BDFE6FF00403B9E76FF0D2
:10F198005709DDE703221846CDE9013818490093DD
:10F1A8000AF0AFFEB4682369002BFCD00122304678
:10F1B8000DF1170198470028F5D100214FF4A470EC
:10F1C8000DF072FABDE73B6C1BB102460F490A48C5
:10F1D80098470F490F480DF073F900234FF48062E8
:10F1E80000930D490A230D4805F05CF9FFF784FEEA
:10F1F80094E700BF44FF002004D40100C1030200CB
:10F208002CD7010042040200D703020089EF000056
:10F2180035EF000010D900200022012090CD0020F9
:10F228000D04020050B103685BB143684BB100693B
:10F23800054BC01A18BF4FF0FF3070476FF015002C
:10F2480070474FF0FF307047EEFFC00000232DE9F4
:10F25800F04F0C46017B89B005464268079339B1E7
:10F26800C4E9002308222281426807922B737AE0BE
:10F27800D0F80880B8F1000F05D110460AF052FE08
:10F2880008B102326A606F683E78002E79D00D2E80
:10F2980001D00A2E09D17B78002B72D00D2E04D113
:10F2A8000A2B02D1BB78002B6BD03A4613789246D2
:10F2B8000D2B02F10102F9D00A2BF7D04FF000090B
:10F2C800DFF8CCB05BF8041B08460191F9F7D2FBD4
:10F2D8000199024650460DF092FC002851D009F1E0
:10F2E8000109B9F1040FEDD10D2E01D00A2E02D17A
:10F2F8007B78002B48D138460AF014FE002843D109
:10F3080002AE3946304607AAB8F1000F17D10AF005
:10F31800A3FE96E8070084E80700237A93B93046ED
:10F32800696807AA00F0CAF896E8070084E80700A9
:10F33800237A3BB96FF04C0009B0BDE8F08F0AF0B2
:10F348001EFFE6E7053B032B0DD8079803788BB122
:10F358000D2B0FD00A2B0DD00AF0E4FD637A012B98
:10F368000AD1002882D1AB6800200133AB60079B2B
:10F378006B60E1E70120F1E7002BF4D10028F2D11E
:10F38800D8E76FF00400D7E76FF00A00D4E700BFB2
:10F3980038DD01002DE9FF411F4600230546884658
:10F3A8001646CDE901330393002A72D0FFF73AFFDE
:10F3B8000446C8B90022AB68013B99429CBF2B6840
:10F3C800C5E90130134601A9284601938DF80C20A0
:10F3D800FFF73CFFA968044601398845019B9DF861
:10F3E8000C2005D90028EED0204604B0BDE8F081F5
:10F3F8000028F9D1052A06D0082A0CBF6FF03C0472
:10F408006FF05E04F0E7FDF773F8DFF88C80052FE6
:10F41800054640F8084011D11A782D2A02D16FF01C
:10F428002104E1E718460A22214606F061F855F85A
:10F438000830222BF3D030607160D5E70A222146CC
:10F44800184605F05FFF013F0546032F03D8DFE8A4
:10F4580007F00D10141810F5004341F10001B3F541
:10F46800803F71F10001DAD23580BDE7B0F5803F09
:10F47800F7E710F1004341F100010029CFD13560D1
:10F48800B2E7FDF735F858F80030222BC7D03560C1
:10F49800D2E76FF01504A7E70C00000048B141B1AE
:10F4A8000023054AC0E900118360C3600261184661
:10F4B80070476FF015007047EEFFC0000B7870B50D
:10F4C800392B08D82F2B0AD8202B17D00023C0E9B6
:10F4D8000033836070BD5A2B0CD8402BF6D90B46ED
:10F4E8005C785D1C392C31D81F2C14D80D2C36D0E3
:10F4F8002B461BE0613B192BF1D9E7E74B785A2BD8
:10F5080006D8402B02D8303B092BDFD80131E6E77B
:10F51800613B192BF9E70126A4F12003DBB29E40D9
:10F52800124B3340CBB92C2C2B461CD013F8014C72
:10F5380002B113600923A4F12C0203725342A5EB14
:10F5480001055341016045604372C3E75F2C04D055
:10F5580094BF413C613C192CCAD82B46C0E76C7853
:10F568000A2CC5D102330133E0E700BF0168FF036D
:10F578001FB5034650B9084A0849CDE90102009071
:10F5880003220AF0B2FE05B05DF804FB05B05DF891
:10F5980004EB00F06FB800BF910402008CD70100A3
:10F5A8001FB5044660B1264B039002930023012245
:10F5B8001846CDE9003323490AF0B4FE04B010BD63
:10F5C80000F0B0F8204B1978204B18780AF0A2FE0A
:10F5D80050B11F4B0390CDE9014301222346204639
:10F5E800184900940AF09EFE1A491B480AF08CFE3E
:10F5F80050B11A4B03900293002301221846CDE91B
:10F60800003310490AF08EFE01200AF07FFE50B147
:10F61800134B03900293002301221846CDE90033CF
:10F6280008490AF07FFE00200AF072FE01210D4809
:10F6380002F0CCF804B0BDE8104000F089BD00BF6E
:10F648000A0502008CD7010048FF002054C700209B
:10F658003F050200750502007E05020087050200CD
:10F66800A8050200C8050200014804F031BD00BF2A
:10F67800ECC7002070B50646124C4FF0FF324FF031
:10F68800FF33114804F0B2FC256845B9082005F09D
:10F698005BFD48B9FFF7E8FF6FF068000DE06B68A5
:10F6A8009E4207D02D68F0E70560466063682BB975
:10F6B800C4E90000FFF7D8FF002070BD1860606043
:10F6C800F8E700BF20D90020ECC7002038B50F4C60
:10F6D80005462368C3B14FF0FF334FF0FF320C48A3
:10F6E80004F084FC23680BB11C681BB9BDE83840E2
:10F6F800FFF7BABF28465B6898471CB122682346C3
:10F708001446F2E72246FAE738BD00BF20D90020A8
:10F71800ECC70020024B1868B0FA80F04009704727
:10F7280020D9002000B595B04021164A04A802F05F
:10F73800B1F868B1144B03900293002301221846D4
:10F74800CDE9003311490AF0FDFD15B05DF804FB61
:10F758000F4904A80DF078FA18B101220D4B1A7060
:10F76800F3E70D4904A80DF06FFA10B10222094B16
:10F77800F5E70A4904A80DF067FA0028E5D0032246
:10F78800044BECE7DB050200E30502008CD701001F
:10F798001006020045FF002019060200220602009A
:10F7A8007FB50023CDE90433064B4FF4A0620393E1
:10F7B80003AB009304490E23044804F073FE07B01A
:10F7C8005DF804FB2F0602000026012078CE0020F9
:10F7D8000048704778CE00202DE9F047B8B0804641
:10F7E8003822002100272AA80DF0CAF90A234FF071
:10F7F800FF34302239461EA8CDE909370DF0C0F98B
:10F80800414619A8CDE90E44FFF748FE012108AA90
:10F8180019A80AF017FC0546C8B1984B03900122B5
:10F828003846CDE9017396493B4600970AF09AFDA0
:10F83800944B012202930023CDE903581846CDE9E1
:10F8480000338F490AF08EFD38B0BDE8F0870AA969
:10F8580019A89DF820600AF0D5FB054610B18A4B1F
:10F868000390DCE75A2E7FD00A9B032B7CD9022118
:10F8780009AB16AA19A80AF0E8FB014620B910221C
:10F8880016A805F0CFFD04460A230321099316AAFA
:10F8980009AB19A80AF0D9FB0146002864D1102247
:10F8A80016A805F0BFFD0746042108AA19A80AF002
:10F8B800C9FB00285BD19DF8208005210BAA19A857
:10F8C8000AF0C0FB0CAA0546062119A80AF0BAFBE3
:10F8D8000B9A45EA000313430DD10C9A184603927C
:10F8E8006A4ACDE90548CDE9013265490222049703
:10F8F80000930AF037FD06F0FB09B9F1010F39D181
:10F9080000234FF0090A0721CDE91033CDE913335D
:10F918008DF848308DF8543010AA0DAB19A8CDF8E1
:10F9280034A00AF092FB082105460DAB13AA19A8CA
:10F93800CDF834A00AF089FB054311D12A460EAB55
:10F9480013A910A800F0A2FA50B1514B0390CDE9C9
:10F9580001534A462B462846494900950AF002FDBC
:10F968007B1C61D104260AE04FF0FF379CE74FF07B
:10F978000008A2E7372E47D8B31F2B2B48D9FFF72B
:10F98800C9FE00287FF460AF424B1A78B24207D014
:10F998008DF8A8002AA81E708DF8B060FFF796FEB3
:10F9A8003D4B9A68BA4202D1DB68A3421BD00423BC
:10F9B800CDE92074384D1EAC8DF8A8300FCC0FC59A
:10F9C8000FCC0FC594E80F001EAF85E80F000FCFCE
:10F9D8002CAD0FC50FCF0FC594E80F0085E80F00B9
:10F9E8002AA8FFF773FE2D4A137843452AD0B8F1A9
:10F9F8000E0F05D844F2812323FA08F3D90717D448
:10FA0800274BCDF80C8005E0A6F15A03012BB6D997
:10FA1800244B03960293002301221846CDE90033B4
:10FA280017490AF09FFC0FE71F4804F0D3FBA6E72D
:10FA380005232AA882F800808DF8A8308DF8B080B8
:10FA4800FFF744FE06F0FB03012B0AD0002E7FF4DB
:10FA5800FBAE4FF0FF33CDE90E330EA800F072F97C
:10FA6800F2E60E9B0133F8D1FFF7B2FE044600F030
:10FA78006BFB014620460CF03FFDE5E63D06020023
:10FA88008CD70100390702006A060200B906020095
:10FA98000C07020046FF002060CF002047FF00202F
:10FAA8008D0702006507020098C800201FB50A48A4
:10FAB80001F08CFE60B1094B0390029300230122F0
:10FAC8001846CDE9003306490AF04CFC6FF00D00EA
:10FAD80005B05DF804FB00BFA2070200AD070200F5
:10FAE8008CD7010004287FB5044619D9A0F1140663
:10FAF800F6B21A2E06D80125284BB5401D403BD139
:10FB0800012E1DD0264B01220293002325491846B9
:10FB1800CDE9003303940AF03DFC6FF015001FE0B7
:10FB28000428EFD801A353F820F000BF81FB0000A0
:10FB38006DFB00006DFB00000DFB000081FB000069
:10FB48000AF01FFCC0B1184B0390CDE901532B46B6
:10FB580000950122184613490AF01CFC6FF00D00AD
:10FB680004B070BD0AF00DFC30B10F4B0390029346
:10FB78000023CDE90033ECE721460C4801F026FECE
:10FB88000028EDD00A4B01220293002305491846AC
:10FB9800CDE900330AF0FEFBE0E700BF010C3007B7
:10FBA800140802008CD70100EA070200300802009E
:10FBB8003B08020010B5044698B0382200210AA874
:10FBC8000CF0DEFF214605A8FFF768FC012104AA16
:10FBD80005A80AF037FA0446B8B1194B0390029306
:10FBE800002301221846CDE9003316490AF0E2FB4A
:10FBF800154B01220293002312491846CDE9003320
:10FC080003940AF0D7FB18B010BD049B73B1012B05
:10FC18000CD003930D4B0122CDE90103094903469A
:10FC280000900AF0C7FB6FF01504E1E78DF830305B
:10FC380003230AA88DF82830FFF748FDE3E700BF43
:10FC4800740802008CD70100B90802009D08020060
:10FC58001FB50A4801F0BAFD60B1094B0390029341
:10FC6800002302221846CDE9003306490AF0A2FB18
:10FC78006FF00D0005B05DF804FB00BFBC1D02006D
:10FC8800E00802008CD7010030B5431E072B05465B
:10FC98000C4685B00ED9204B039002930023012215
:10FCA8001846CDE900331D490AF093FB6FF01500A3
:10FCB80005B030BD042902D9194B0391EDE7082896
:10FCC8001CD151B1174B0122029300231349184646
:10FCD800CDE900330AF07DFBE8E7134801F076FD33
:10FCE800A8B1124B0122029300230C491846CDE912
:10FCF80000330AF06EFB6FF00D00D9E70C4B5A5C2D
:10FD08000C4B53F820100C4801F060FDE8E70B4B52
:10FD18001D700B4B1C70CBE71D0902008CD701002E
:10FD28003F09020064090200AA090200DA09020078
:10FD3800C71D020048DD0100C409020054C70020A5
:10FD480048FF002010B504468EB0382200216846CE
:10FD58000CF016FF0C4B21681A68914203D16268B7
:10FD68005B689A420DD00123206861688DF80030E5
:10FD7800054B03C32068616802AB03C36846FFF7FD
:10FD8800A5FC0EB010BD00BF28D9002038B50C4620
:10FD98000546E0B1F8F76EFE082805D06FF01500AB
:10FDA80014E00F4B1D700CE034B12046F8F762FEEA
:10FDB8000828F3D1002DF4D029460948F8F752FE57
:10FDC8004CB121460748F8F74DFE002038BD002900
:10FDD800EBD1034B1C700022024B1A70F5E700BFF1
:10FDE80055C700205EC700201FB568B31748F8F74D
:10FDF80041FE04461648F8F73DFE082C1BD108289A
:10FE080014D1134A1149134801F0E0FC60B1124BB8
:10FE180003900293002301221846CDE900330F49CD
:10FE28000AF0E7FA6FF00D0004B010BD07490C485E
:10FE380001F0CCFCEAE7082802D105490948F7E7B0
:10FE4800094801F0C3FCE1E70848FAE755C7002074
:10FE58005EC70020180A02005F0A02008CD7010062
:10FE68002F0A0200410A0200540A0200CC1D0200B7
:10FE7800002208B511460346034801F0A7FC0028F4
:10FE880018BF6FF00D0008BD8E0A02002DE9F0437F
:10FE98001E46002387B080460D4614460593F8F7A2
:10FEA800E9FD08283CD12846F8F7E4FD082837D1B1
:10FEB80024B12046F8F7DEFD082831D12A88AB782E
:10FEC80005AFADF81420002102223846BB7005F0BA
:10FED800A9FA2B4B022253F820900021E81C05F0C8
:10FEE800A1FAB9F1000F20D14FF0FF3333600CB302
:10FEF8002288A378ADF81420002102223846BB706E
:10FF080005F090FA1F4B53F820506DBB1E4B012291
:10FF1800CDE9015328462B461C4900950AF069FA99
:10FF28006FF0150007B0BDE8F08300FB09F0306002
:10FF38000130DCD0B8F8002098F80230ADF8142071
:10FF4800002102223846BB7005F06CFA104B0222E1
:10FF580053F82040002108F1030005F063FA5CB172
:10FF6800444300207460DDE702220021E01C05F014
:10FF780059FA45433560DDE74FF0FF34F1E700BF3C
:10FF8800A8DD010088DD0100A30A02008CD701006A
:10FF980068DD01002DE9F047002496B00E460746BB
:10FFA800CDE90844CDE90B44CDE90E448DF828404D
:10FFB8008DF834408DF840400594002800F08C807E
:10FFC800002900F08980464BA0211846454A1C703C
:10FFD80001F060FC054678B1434B0390CDE901433D
:10FFE800204623460122414900940AF002FA6FF0A4
:08FFF8000D0016B0BDE8F08712
:020000040001F9
:10000000394911A8FFF74EFA012105AA11A80AF0F3
:100010001DF8044648B1384B0122CDE901532B4667
:1000200003900095184633490DE0059B23F0040822
:10003000B8F1010F0CD00393304B0222CDE901033C
:1000400003462C4900900AF0D8F96FF04C00D4E731
:100050004FF0090A0E2104AB08AA11A8CDF810A090
:1000600009F0F7FF814638B1234B0390CDE90143F6
:10007000234600944246D5E70F2104AB0BAA11A8F2
:10008000CDF810A009F0E5FF054638B11A4B0390F2
:10009000CDE90193CDF800904B46EBE7102104AB7E
:1000A0000EAA11A8CDF810A009F0D3FF044630B174
:1000B000114B0390CDE9015300952B46DAE706ABCF
:1000C0000EAA0BA908A8FFF7E5FE20B16FF01503F3
:1000D00003930B4BCAE7069B3B60079B33608CE79F
:1000E0006FF0150089E700BF49FF0020C30A020036
:1000F000D00A02008CD70100ED0A0200120B0200A8
:100100000C07020010B50F4B86B004AC93E8030057
:1001100084E80300204605A9FFF740FF68B14D3091
:1001200009D0094B01220293002308491846CDE962
:1001300000330AF062F906B010BD2046FFF706FE54
:10014000F9E700BF50D801004E0B02008CD7010028
:1001500000487047FCC60020042310B58EB0ADF8EF
:100160002E3010231B4C0120214605AAADF8363055
:1001700002F0D4FC10BB2146022006AA02F0CEFCFD
:100180000346F8B10123022006A90EAA02EBC3031D
:1001900033F80A2C0AF0F5FE70B1FCF7ADF90E4BFE
:1001A00001221B580D4903930D4B0293002318465F
:1001B000CDE900330AF030F90EB010BD0023012064
:1001C00005A9E2E7074A0549CDE9010203940122A6
:1001D0000090EFE76C0B02000C0000008CD70100D0
:1001E000740B02009F0B02001FB50378014673B128
:1001F000084801F0EFFA50B1074B03900293002337
:1002000001221846CDE9003304490AF015F905B07A
:100210005DF804FB62070200C40B020094D70100E2
:100220001FB568B1124B03900293002301221846B8
:10023000CDE900330F490AF0FFF805B05DF804FB83
:100240000D48FFF7D1FF0D48FFF7CEFF0A48FFF733
:10025000CBFF0948FFF7C8FF0748FFF7C5FF06486F
:10026000FFF7C2FF044805B05DF804EBFFF7BCBF21
:100270009002020094D7010070040200EA0B020011
:100280001FB50A490A480AF006F9044650B1094B5D
:1002900003900293002301221846CDE9003306495A
:1002A0000AF0E9F8204604B010BD00BFF1050100D6
:1002B00030D90020EC0D020004D801002DE9F041F6
:1002C000DFF828830E46D8F8704086B0072C00F07F
:1002D000080700F08780132C00F00581052C40F002
:1002E00038810024A74BD8F85450012202932046AD
:1002F0002346CDE90044A4490AF0BDF8EB0462D5D9
:10030000A24B2046CDE901430094234601229E4999
:100310000AF0B1F8172428050AD59D4B0122029353
:10032000002399491846CDE900330AF0A4F81824AF
:10033000A9051AD50024974B012202932046234693
:10034000CDE9004490490AF096F8934B2A049B6B40
:100350000AD50393914B0122CDE901432046234660
:10036000894900940AF087F819246B050AD58C4B4B
:1003700001220293002384491846CDE900330AF094
:100380007AF81A2415F480731FD0864B0122029349
:1003900000237D491846CDE900330AF06CF81B2490
:1003A000F369002F40F0EB80C3F3080222B96FEA33
:1003B00053236FEA4323F3613146204606B0BDE87C
:1003C000F041FBF7F1BA1624A5E7A804E8D5764A70
:1003D0001846CDE901326C49012200930AF04BF82E
:1003E0001C24DDE70025714BD8F85C406649029378
:1003F00001222B462846CDE900550AF03CF861065B
:100400000CD5D8F8683001220393694B2846CDE912
:1004100001535D492B4600950AF02DF814F00102B6
:100420000BD0644B01220293002357491846CDE9B3
:1004300000330AF020F82624B2E714F002030BD0B0
:100440005D4B0092CDE9012313464F490122184626
:100450000AF011F82724A3E714F004020AD0574A3F
:100460001846CDE901324849012200930AF003F809
:10047000282495E714F008030BD0514B0092CDE9E6
:100480000123134640490122184609F0F4FF2924AC
:1004900086E714F010020AD04A4A1846CDE9013224
:1004A00039490122009309F0E6FF2A2478E714F085
:1004B00020030BD0444B0092CDE90123134632496F
:1004C0000122184609F0D7FF2B2469E7220654D5EC
:1004D0003E4A1846CDE901322B490122009309F02A
:1004E000CAFF2C245CE70025394BD8F86C80012228
:1004F000029328462B46CDE90055234909F0BBFF5E
:1005000018F0020F09D0334B0122CDE901532846E0
:100510002B461D49009509F0AEFF18F0010F09D0D8
:100520002D4B01220293002317491846CDE90033D1
:1005300009F0A1FF18F0040F3FF432AF274B01225E
:100540000293002310491846CDE9003309F093FFC8
:1005500026E7234A234B0C490F2CD8BF1346103CE7
:10056000CDE903340024204B012202932046234688
:10057000CDE9004409F07FFF12E7252410E76FF36F
:10058000080318E757FE010004D801006DFE0100C2
:100590007EFE010091FE010000ED00E0AAFE0100D8
:1005A000BFFE0100DAFE0100F2FE0100260E02008D
:1005B0003F0E02004F0E0200650E0200830E020085
:1005C0009E0E0200BB0E0200D00E0200EA0E0200D8
:1005D000FD0E0200170F0200470F0200750F020008
:1005E000B7FF0100CCFF0100AD00020030D90020B0
:1005F00000B5104B9BB05A6AD86C00929A6A20F0F2
:1006000005000192DA6A694602921A6B03925A6BEC
:1006100004929A6B0592DA6B06921A6C1B6D079224
:100620009B0748BF40F00400FFF748FE1BB05DF891
:1006300004FB00BF30D900202DE9F041A2B00546EF
:100640000E46174698460BF07BFF0446A0B10124E6
:10065000684608F0AAFD424639463046289BA8471E
:100660000546684608F0B9FD14B90B4803F034FD9F
:10067000284622B0BDE8F081084B1B78002BE6D05D
:100680004FF0FF324FF0FF33034803F0B3FC002874
:10069000DED06FF08305EBE73CC80020F7FF0020B9
:1006A000002300B589B0CDE9063303AB04930423DE
:1006B00003900593A9B10B6806934B680793022337
:1006C000111E18BF01210848CDE9002140F2F53183
:1006D00004AA00F02FF80028B8BF012009B05DF887
:1006E00004FB0123ECE700BF0501004070B5402684
:1006F00096B006AB05460C463246002118460CF073
:1007000043FA4FF48072CDE90206CDE90454ADF806
:10071000402054B1012304AA00920021044801930F
:1007200002AA00F007F816B070BD2046FBE700BF34
:100730000001004010B4B1F5004F029C0FD2042B11
:100740000DD8042C0BD8240444EA0364134644EA6D
:10075000010201465DF8044B0348FFF76DBF6FF0DF
:1007600080005DF8044B7047217C0000054AD2F8F8
:10077000883043F47003C2F88830BFF34F8FBFF363
:100780006F8F704700ED00E0014B1860704700BFAD
:10079000A4D9002010B5054B1446186809F0C3FE13
:1007A0000028A4BF2070002010BD00BFA4D90020E5
:1007B0000123024A8340C2F80435704700700140AB
:1007C000014B00201B681847A8D90020014B1B686B
:1007D000184700BFA8D9002010B50C4C237993B955
:1007E000012323710A4B0028206018BF184600F02F
:1007F00041F850B923680748002B08BF1846BDE8E8
:10080000104000F093B86FF0770010BDA8D9002019
:10081000C1070100CD07010008B5064B1B6843B1B5
:100820000520FBF709FD20B9BDE808400520FBF7CE
:10083000E1BC08BDA8D9002038B501230C4C42F218
:100840001075C4F8083363600023C4F80031D4F88D
:100850000031D4F80C24D4F80C34D20306D5DB07CD
:1008600004D5012009F05DFE013DF2D138BD00BF85
:1008700000500040054B0246187918B91A60012251
:100880001A7170476FF07700704700BFB0D9002031
:1008900000220B4B0B49C3F80021D3F800210122A1
:1008A0001A60096811B1C3F804237047D3F8002116
:1008B000002AFBD00022C3F80021D3F80031704792
:1008C00000500040B0D90020094BD3F80423D207D0
:1008D0000DD5D3F8002152B10022C3F80021D3F87E
:1008E00000210122C3F80823024B1B6818477047F8
:1008F00000500040B0D9002038B502230A4C42F223
:100900001075C4F808330123E3600023C4F80431F0
:10091000D4F80431D4F81834DB0304D5012009F0ED
:1009200000FE013DF6D138BD00500040064B0246A6
:10093000187930B91A6001221A71044BC3F81825CE
:1009400070476FF077007047B8D900200050004022
:1009500010B51F4B1F4CD3F81814D3F8182411F4FA
:10096000803F1AD002F00302022A02D0012A11D1DC
:100970000122174BC3F818250022C3F80421D3F82D
:10098000042101229A602268A2B9D3F80421002A26
:10099000FBD017E0FFF7B0FFEAE7D3F81424D20743
:1009A000E6D5D3F81C2402F00302013A012AF1D85B
:1009B00022681AB10222C3F8042310BDD3F804211F
:1009C000002AFBD00022C3F80421D3F80431F4E755
:1009D00000500040B8D90020104BD3F804239207F0
:1009E0001BD5D3F80421C2B100220221C3F804218F
:1009F000D3F80421C3F80813D3F81824D3F8182423
:100A000002F00302012A03D0054B01201B6818479E
:100A1000C3F81815C3F804139A60704700500040DB
:100A2000B8D90020036803F01F025B090260024886
:100A300018BF0020704700BF00258440F7B5164658
:100A4000DDE90847019001A81D46FFF7EBFFB6F16D
:100A5000000C18BF4FF0010C0A1E18BF0122002D18
:100A600042EA4C020CBF4FF0000C4FF00C0C002C73
:100A700042EA0C020CBF4FF0000C4FF4E06C002F68
:100A800042EA0C020CBF4FF0000C4FF4403C019BBB
:100A900042EA0C02803350F8230020EA020201B13E
:100AA00009780EB13678760011430DB12D78AD007E
:100AB000314364B12078000229430FB13F783F04ED
:100AC000044A0843384342F8230003B0F0BD2046EF
:100AD000F2E700BF00258440034611F0010006D074
:100AE000034A106A18601062003818BF012070476E
:100AF0000025844073B5CEB200EB4606B38A0446A7
:100B0000DB070D4625D509F0F5FDB38A9A0608D511
:100B10005A0B236803EB82030022C3F81025C3F8A5
:100B2000102520460024294609F096FDB48201A82C
:100B30000195FFF777FF019A074B803250F822109A
:100B400020460B40054943F0020341F8223002B031
:100B500070BD6FF01500FAE7F0F8FCFF0025844047
:100B600070B590F86C40054690F86D6024BB214646
:100B7000402214300CF008F82146114B286853F835
:100B800036608E420ED10024C0F87C41D0F87C3112
:100B900040F30730FBF72EFB0123204685F86C302D
:100BA000AB6570BDCBB29B0003F580727C2B04BF9C
:100BB000845083580131E4E76FF07700F1E700BF1C
:100BC000C8DD010090F86D00024B03EB800009F0D6
:100BD000C4BC00BF10C7002010B5064B90F86D00D4
:100BE0000C4603EB800009F09EFC0028A4BF207097
:100BF000002010BD10C700202DE9F04F804658F8A6
:100C0000049B90F86D40D9F80413594EC9B20746B9
:100C100056F83420484687B041F0004109F043FDC2
:100C2000051E26DA00234FEAC40B06EBC404049326
:100C300063680DF1100A194650460BF1040B01933D
:100C4000FFF74AFF0BEB06030393039B1B78DA07BE
:100C500001D5049C9CB94FF000410022484609F0A0
:100C600022FD50460199FFF737FF0028EDD125F00E
:100C700000450124002D64D107B0BDE8F08F94FA3F
:100C8000A4F4B4FA84F407EB4403998A0123E60838
:100C90001AF8062004F0070003FA00F022EA000226
:100CA0000AF80620C1F3820B05A8CDF808B0059418
:100CB000FFF7B8FE059ACB0602F1800250F82260D9
:100CC000C6F3014623D54046029A214609F0A7FC07
:100CD00005A80594FFF7A6FE059BF6B2803350F8F1
:100CE0002330C3F301439E4207D10021204609F07F
:100CF00087FC3146204609F083FC05A80594FFF7E0
:100D000091FE0122059B02FA03F30362A1E7022E82
:100D100014BF02210321204609F072FCBBF1030F2E
:100D200004D0022E08D1BBF1010FE6D12146404686
:100D3000029A09F074FCE0E7032EDED1BBF1020F4A
:100D4000F3E795FAA5F3B3FA83F304FA03F225EA7D
:100D5000020503F5A27259F8222007EB430340462F
:100D6000B3F85C10C2F3014209F059FC82E700BFFE
:100D7000C8DD0100F8B5084D0F462C79164644B978
:100D80002A20FBF737FA012320462B712F60AE6033
:100D9000F8BD6FF07700FBE7C0D90020002330B525
:100DA0000D4A50F8234003F5A2710133082B42F895
:100DB0002140F6D10023084A00F11C0103F5B2746A
:100DC00051F8045F0133082B42F82450F6D1036C2C
:100DD000C2F8043330BD00BF00A0024038B5002483
:100DE000154D2A20C5F81045C5F81445C5F8184515
:100DF000C5F81C45C5F82045C5F82445C5F8284563
:100E0000C5F82C45C5F89045C5F89445C5F89845F2
:100E1000C5F89C45C5F8A045C5F8A445C5F8A84542
:100E2000C5F8AC45FBF7F4F94FF0FF33C5F80833CC
:100E3000024B1C7138BD00BF00A00240C0D9002089
:100E40000123024A8340C2F80433704700A00240E5
:100E50000123024A8340C2F80833704700A00240D1
:100E6000F8B5012600270B4B0B4DD3F80C4304B902
:100E7000F8BD94FAA4F0B0FA80F006FA00F324EA80
:100E80000304064B82009F502B68002BEFD0A9680B
:100E90009847ECE700A00240C0D9002000A1024022
:100EA000044AD2F80834DB07FBD50160BFF35F8F3B
:100EB000704700BF00900340C0F30B0373B90222D8
:100EC000084BC3F884254FF0FF320260D3F80024AA
:100ED000D207FBD50020C3F8840570476FF00C00E3
:100EE000704700BF00900340012310B5044CC4F8C4
:100EF0008435FFF7D5FF0023C4F8843510BD00BF4B
:100F00000090034037B50125074C4FF4FA70656136
:100F100008F008FE002363610193256123690193B2
:100F2000019B03B030BD00BF0056004030B50E4DF0
:100F300089B0036A02AC00908DF804300FCD0FC465
:100F400095E8030084E80300684609F07CFD40B999
:100F5000044602AD55F8043B984710B90134062CFD
:100F6000F8D109B030BD00BF58D80100034BD3E819
:100F7000EF2FC3E8E10F0029F9D17047CCD9002049
:100F800038B50546002850D0436A002B50D0836AFC
:100F9000002B4DD00124294BD3E8EF2F002A03D199
:100FA000C3E8E14F0029F7D145D1686A00F04EF857
:100FB000FDF71AFA224BC8209C6608F0B3FD2846BC
:100FC000FFF7B4FF044640B901221D4B0220DA6648
:100FD000FFF7CCFF0024204638BDFFF793FF002C1D
:100FE00011DBAB6A20469847164B9C421AD013DCA3
:100FF000A4F18864033C012C11D82846FFF796FF22
:1010000004460028E0D001220D4BDA66FDF704FA11
:101010000020FFF7ABFFDEE70B4B9C42EDD06FF0FB
:101020000404F0E76FF00A04EDE76FF00D04D2E777
:101030006FF01504CFE74FF0FF34CCE7CCD9002098
:10104000005000400500400401005005014B1860AD
:10105000704700BFD0D9002007B5044BCDE900018F
:101060001B686846984703B05DF804FBD0D90020A0
:10107000014B1870704700BFE9FF0020024B187841
:10108000431E584258417047E9FF002070B503687D
:101090000446033BDBB20A2B03D8094A52F823501B
:1010A0002DB9A06858B1BDE8704000F023B809F030
:1010B0000EFD21682B46BDE87040090C184770BD35
:1010C000D8DD0100014B5B69184700BF18C700203D
:1010D000014B1B68184700BF18C70020014B5B6815
:1010E000184700BF18C70020014BDB68184700BF36
:1010F00018C70020014B1B69184700BF18C7002004
:10110000014B9B68184700BF18C70020014B1B6AA2
:10111000184700BF18C70020014B5B6A184700BF83
:1011200018C70020014B1868704700BFD4D90020B1
:10113000002230B50B4B19680C6894420FD001EBBC
:10114000C2039D68A8420BD14FF003020433D3E8D9
:10115000CF1F002903D1C3E8C02F0028F7D130BD2D
:101160000132EAE7F4D900202DE9F04100240646D7
:101170000F462046DFF854803368A34201D8BDE80B
:10118000F08106EBC4056B68DBB2012B16D16A68EF
:10119000B8F80030B3EB124F10D1022FA8680FD16E
:1011A000FFF774FF01206B6823F0FF0343F0030394
:1011B0006B60B8F800300133A8F800300134DBE789
:1011C0000168090C09F033FCECE700BF4ADE00209F
:1011D00010B5074C02216068FFF7C6FF0028F9D15F
:1011E00001212068FFF7C0FF0028F3D110BD00BF28
:1011F000FCD9002070B5072860D8DFE800F00B5F4D
:10120000475F435F3C0402F00BFC0320BDE87040E5
:10121000FDF7B2B803202A4BD3F81446D3F818666A
:10122000284B1D781870EDB2FFF722FF012D10D169
:10123000254B264A9C4212D0230C1B04B3F1886F25
:101240000DD0A4F58033203B022B0FD96FF004039F
:1012500013603146C4F30B00FFF7FEFE00E014609C
:101260001B4B186808F062FC0020CFE7194931F9E0
:1012700013301360F4E70024124B20461C70FFF774
:10128000F7FEEDE7FFF7A4FF0220BFE70D4B1A784A
:10129000012AD0B20ED1104A1168104A8C685460ED
:1012A0004968116002221A70FFF7E2FE084B1868C5
:1012B00008F03CFCFFF78CFF0120A7E770BD00BFE2
:1012C00000A00240EBFF002001005005F8D90020EB
:1012D000E4D9002000E00100E0D90020FCD9002082
:1012E0000A23F7B54FF47A750C4E0D4F0193316810
:1012F000386809F0C7FB044640B908F015FC40B94E
:10130000012001A9FCF724FF6E30F0D1204603B084
:10131000F0BD0198684308F005FCE8E7E8D9002033
:10132000F0D90020054B1B782BB9054B1968054BEC
:10133000186809F0A7BB0020704700BFEAFF002033
:10134000ECD90020F4D9002070B5164B42681B6818
:1013500022F0FF0242F00202C31A42601248134A0E
:101360000168C3F38913D2E8DF4F651CC2E8D65F7A
:10137000002EF8D101EBC3014A6892B242EA04425E
:101380004A600268032002EBC302536823F0FF03A4
:1013900043F00103536008F0C5FB0122044BDA60FF
:1013A00070BD00BFECD90020F4D900204CDE002035
:1013B00000A002402DE9F04F95B0382200210646EA
:1013C00003A80BF0E1FB02230493082306932023D8
:1013D000089304230D93102340250F9380230122AB
:1013E000CDE91153D523002159480B921393FCF7F3
:1013F00089FF0546002840F0A8800246554930790B
:10140000FFF7B8FC03A8FFF7C9FC34686268B2F5BF
:101410009D6F40F097806169E3680B44E16903F5D3
:101420009D630B44B3F5003F00F28C802068294691
:101430000BF0AAFB33681C68D3F81C9004F53A72D1
:10144000019204F16007444A04F1A40804F1200B5E
:10145000B9F1000F60D1C2F800B000254FF0010AC9
:101460002570657084F802A0E570336840461B69FA
:10147000636033685B69C4F814B0A360374BC4F889
:101480001890C3F80080364BE7601F600823C4F84B
:10149000108084F8A43088F8015088F8025088F849
:1014A000035084F860307D70BD70FD7009F0CDFA96
:1014B000384609F0CAFA2B4B04F53A7231681A60C3
:1014C000294B04F1E802C8681A60284B284E1860BE
:1014D0000869496958609960264B2749C3F8104646
:1014E000C3F81456254B264C1D80264B86F800A0C9
:1014F0001D80254B029525601D611B690293029B8F
:10150000134B186808F014FB98B103236FF07304B1
:101510003370FFF763FC11E09B6904F140096364D9
:1015200033684846DB69C2F800B0236402F050FA21
:1015300093E72468002CECD1144B1C70204615B0A6
:10154000BDE8F08F6FF01504E3E76FF02D04F5E7C9
:10155000E4D90020F5110100E0D90020F4D90020E1
:10156000F0D90020ECD90020E8D90020D4D90020FF
:10157000EBFF002000A00240F04902004CDE0020FA
:10158000F8D900204ADE002000560040EAFF002083
:1015900070B5164B42681B6822F0FF0242F0010250
:1015A000C31A42601248134A0168C3F38913D2E890
:1015B000DF4F651CC2E8D65F002EF8D101EBC301F6
:1015C0004A6892B242EA04424A600268032002EB8F
:1015D000C302536823F0FF0343F00103536008F094
:1015E000A1FA0122044B5A6070BD00BFE8D9002067
:1015F000F0D900204CDE002000A0024010B5FFF71B
:101600006FFE012400220321047081704270C270B9
:10161000FFF7BEFF054B1C7009F02AFABDE8104029
:10162000034B47F23051186808F082BAEAFF0020F5
:10163000E4D9002038B50A4B04461B78022BDDB2F2
:101640000DD1FFF74DFE50B10022012184600170E1
:1016500042708570C270BDE83840FFF799BF38BD51
:10166000EBFF0020034A126812B1002800DB10478C
:10167000704700BF10DA00202DE9F34180460E4686
:101680001048002117461D46019305F019F9041E64
:1016900011DB0134204609F048FAC8F8000068B1AF
:1016A0002B463A462146019505F00AF900203460A0
:1016B00002B0BDE8F0816FF01500F9E76FF00B00A4
:1016C000F6E700BF88D8010010B50E4B04461B6832
:1016D000A3B1F7F7D3F9082810D9237A3F2B0DD0FF
:1016E0000949082220460BF074FA014630B904F18A
:1016F00008000A22BDE8104003F098BE4FF0FF300A
:1017000010BD00BF10DA0020A90F0200F7B5044693
:101710000F460420002116461D4609F0DAF902465C
:1017200038B914B1204609F002FA6FF00B0003B08B
:10173000F0BD00206FF0580314600D4C137350730C
:101740009073D073207031460320576009F0DFF9A1
:101750004FF0FF3301932378AB4201D10020E6E73D
:10176000022001A9FCF7F4FC0028F4D0DFE700BF59
:10177000ECFF0020F8B5054600240F4F57F8046B26
:10178000284631460BF064FA28B90134042CF5D10F
:101790004FF480300DE06CB1A31E012BF8D8304619
:1017A000F7F76CF90A220021284403F03BFD40EAD8
:1017B0000440F8BD2046FCE704DE0100014B186040
:1017C0000020704714DA0020014B1860704700BFFA
:1017D00010DA00200FB42DE9FF410A9CFFF74EFC00
:1017E00000284AD0002C4BD0284E294F3168386849
:1017F00008F0C0F9002846D1264D3168286808F065
:1018000097F9002836D122460BAB03A902A8019311
:10181000FFF732FF044658B1286808F087F93868A6
:1018200008F0A6F9204604B0BDE8F04104B07047C6
:10183000029C2046FFF748FF02230646012220466D
:101840000399FFF763FF04460028E5D1DFF84880DD
:10185000D8F80000FFF78EFF0446D8F8000009F022
:1018600060F9286808F062F9002CD8D13046FFF7FB
:10187000F9FED4E76FF00A04D1E74FF0FF34D1E767
:101880006FF00D04CEE76FF00A04CBE728DA0020F2
:1018900020DA002024DA002018DA00200CB42DE928
:1018A000F04F8BB006460D46149CFFF7E7FB00286F
:1018B00000F0BE80002E00F0BE80002C00F0BB8047
:1018C000002D00F0BB80DFF890815F4BD8F800104E
:1018D000186808F04FF9002840F0B3805B4FD8F843
:1018E0000010386808F024F9002840F09E80224655
:1018F00015AB09A908A80793FFF7BEFE044618B167
:10190000386808F013F93CE0DDE908830393504B95
:101910001C68002C5AD0C246DDF80C90CDF804802B
:101920009AF80030202B36D0093B042B33D90C22F7
:101930004FF0000B474BCDF808B01B6802FB034388
:101940000493049B9C422ED1029B002B3ED038680E
:1019500008F0ECF8019A114611F8013B202B019197
:10196000F8D0093B042BF5D929463046029B98470D
:10197000044618B93046FFF7FDFE0446404609F01C
:10198000D6F8314B186808F0F3F820460BB0BDE8E4
:10199000F04F02B07047B9F1000FC8D00AF1010A48
:1019A00009F1FF39BCE7A3685B450DD94B451A46E1
:1019B000504628BF4A46216805930BF00AF918B92A
:1019C00063680293059B9B460C34BAE74046FFF7D9
:1019D0007BFE02238146012240460399FFF796FED3
:1019E000044600288CD1DFF874803046D8E9004ADC
:1019F000AA455246214628BF2A460BF09FF8AA4521
:101A000010D82046FFF7B6FE0446D8F8000009F0CB
:101A100088F8386808F08AF8002CB2D14846FFF7F9
:101A200021FEAEE76FF00604EFE76FF00A04A8E7C7
:101A30004FF0FF34A9E76FF00D04A6E76FF015042F
:101A4000A3E76FF00A04A0E720DA002024DA0020E0
:101A500008DA002004DA002028DA002018DA002052
:101A60000EB42DE9F343DDF824800646FFF706FBAC
:101A7000002860D0002E61D0B8F1000F5ED0324C4B
:101A8000324F2168386808F075F8002859D1DFF81E
:101A9000C4902168D9F8000008F04AF8002847D11E
:101AA0003046F6F7EBFF451C284609F03EF80446A1
:101AB00070B9D9F8000008F039F86FF00B043868F5
:101AC00008F056F8204602B0BDE8F04303B0704776
:101AD00031462A460BF0A9F82046FFF7F5FD022310
:101AE0000646012220462946FFF710FE0446D9F893
:101AF000000014B108F01AF8E1E7154B1D6808F072
:101B000015F8002E06DB2846FFF734FE10B93046E4
:101B1000FFF7A8FD0AAA41462846019204F0F6FE06
:101B2000041E284608BF6FF04C0408F0FAFFC6E711
:101B30006FF00A04C3E74FF0FF34C3E76FF00D0402
:101B4000C0E76FF00A04BDE728DA002020DA0020A1
:101B500018DA002024DA002038B5C3680446A72B21
:101B600001D0206810E0032907D0042926D00229DB
:101B700002D10122154B1A7038BD144B00681A7837
:101B8000022A05D10028F7D0BDE8384008F0C9BFC7
:101B90000F4D2A6862B12B689847002320682B609C
:101BA00008F0BFFF0B4B1868BDE8384007F0BEBF18
:101BB000094A1060616851600222DCE7074B1B682C
:101BC000002BCED000689847CBE700BFECFF002089
:101BD0000CDA002024DA002018DA002014DA0020C1
:101BE000012210B511460B48FCF78CFB70B90A486E
:101BF000FCF7A8FB014648B94FF0FF32074B1A60CB
:101C0000BDE8104001230522FFF780BD6FF02D00D5
:101C100010BD00BF24DA002020DA002028DA0020DE
:101C200010B400F11C03D3E8EF2F511EC3E8E41FEA
:101C3000002CF8D1012A0DDC084BD0E8EF2FC0E8CA
:101C4000E13F0029F9D1682200215DF8044B0430FE
:101C50000AF09ABF5DF8044B704700BF1EF1010007
:101C6000002108B50B4B4FF458720B4819700AF05D
:101C70008BFF0A4B084A1360D366C2F8D830C2F80B
:101C80004431C2F8B031C2F81C32C2F88832C2F80E
:101C9000F43208BDEDFF00202CDA00201EF1010017
:101CA000164830B5002203464FF0FF34144DD0E8FB
:101CB000EF1FA94204D1C0E8EC4FBCF1000FF6D1F0
:101CC0000CBF0121002112D16C2101FB0233012242
:101CD0000C49DA61097893F8202061F3451283F802
:101CE00020200222A3F84C2083F84E2030BD013280
:101CF000082A00F16C00DAD10846F7E72CDA002058
:101D00001EF10100EDFF002030B5024600236C25D6
:101D1000054905FB03F460180C59944203D00133C4
:101D2000082BF6D1002030BD2CDA002010B5044677
:101D3000043009F004F9A06C08B1FCF741FB064B34
:101D4000D4E8EF2FC4E8E13F0029F9D12046BDE8EF
:101D50001040FFF765BF00BF1EF1ADDE70B508256E
:101D6000064C074E2368B34202D02046FFF7DEFF41
:101D7000013D04F16C04F5D170BD00BF2CDA0020E8
:101D80001EF101002DE9F8430F4C06460025A04640
:101D90004FF06C090D4B0E4F18702368BB420CD0EE
:101DA00009FB058393F8202066F3451283F8202071
:101DB000A36B13B1204608F01CFF0135082D04F178
:101DC0006C04EAD1BDE8F8832CDA0020EDFF002096
:101DD0001EF10100112807DC002801DA00207047FD
:101DE000064B23FA00F005E0A0F1FF03122BF5D813
:101DF0000348D84000F00100704700BF41000200D6
:101E00000900040010B5436904462BB909F0D0FD60
:101E100023684360A3698360044B186807F086FE5B
:101E20002046BDE8104009F0C5BD00BF8CDD002094
:101E3000032208B511460448FCF764FA002818BFCD
:101E40006FF02D0008BD00BF8CDD00202DE9F04FA4
:101E50008BB00493002382460D461446CDE9073328
:101E60000993FFF70BF940B90120FCF741FA6FF035
:101E70000A0420460BB0BDE8F08FBAF1000F02D182
:101E8000002D00F0BE8000F031FD08B90D20ECE718
:101E9000002C37D0236823F4A05323F00203002B37
:101EA00040F02E81606838B9A06860B108F0E5FFA5
:101EB00048B96FF00604DCE708F0D9FF0028F3D139
:101EC0006FF00504D5E7E068A8B9606800F0D2FEBD
:101ED000A668E768002E08BF0126002F08BF062766
:101EE000D4F800905FFA80FBF6B2BFB28DB9A84675
:101EF0004FF0FF3440E0A16808F0D5FF0028E4D19E
:101F00006B20B2E76DB9A94606270126AB46A84665
:101F1000EEE709F4A053B3F5805F06D14FF0000857
:101F200016E0A14606270126A3460A2200212846DC
:101F300003F07CFA4FF6FE73421E9A4200F2E380F1
:101F40004FEA002848EA10281FFA88F8002CCFD062
:101F50002368DB04CCD53A2128460AF02DFE00B1D7
:101F6000451C284669490AF073FE0A22F8B100218F
:101F7000033003F057F90446654B4FF47A61186853
:101F800007F0D6FD00283FD1BAF1000F12D050461D
:101F9000F6F774FD0146182008F09BFD054658B978
:101FA0005B4B6FF00904186807F0C0FD61E701465C
:101FB0002846DEE75146EEE70461BAF1000F07D08C
:101FC0005046F6F75BFD5146024628680AF0B6FD1A
:101FD000294647F20D00C5F818B0EE612F62C5F82A
:101FE000149007AA00F066FE1628044609D004DC07
:101FF00068B10B2808D0204637E77228FBD1732040
:1020000033E76FF0010434E76FF0020431E78246F2
:10201000DDE908B3CDE902030190DDE90232934224
:1020200009D1049BC3F800A0089800283FF421AF11
:1020300008F077FD1DE72020FCF7BAF9054650B3FC
:10204000DBF8080009F017FC012868600DD00228B1
:1020500024D02846FCF7B4F96FF00504BAF1000F5C
:10206000E2D0504608F07BFFDEE708220023C5E9F6
:102070000267EB610BF118032A61C5F80090059324
:1020800042461846BBF8141008F059FD686138B98B
:102090002846FCF795F96FF00904DFE71622E5E71B
:1020A0002A6812F0020229D0BBF816000130FCF7B2
:1020B0007FF9A86118B96869FCF782F9E8E7BBF80D
:1020C00014100BF118030B441946BBF816200AF044
:1020D00035FD4FF00003BBF81620A9698B54019B16
:1020E000BAF1000F08BFAA4603B1DD61029BDBF81D
:1020F00000200133CDE9015393448EE7AA61EEE756
:102100004FF0FF34B5E66FF00704B2E6B20F0200FD
:102110008CDD0020F8B548F20F03994205460E46C3
:1021200026D009D848F20D03994219D048F20E037F
:10213000994219D0286907E049F2040399421BD05B
:10214000B1F5104FF6D9C068FFF7DEFD0446C8BBF5
:102150002868002800F06A81BDE8F84008F0E1BC7A
:10216000BDE8F840FFF74EBEBDE8F84008F04BBFB1
:10217000BDE8F84008F0F1BE0369082B00F2568173
:10218000DFE813F01000160009000E0016005401DD
:10219000540118001E000020BDE8F840FFF7F2BD12
:1021A0000120F9E70021E868BDE8F84008F023BE07
:1021B0000121F8E70021E868BDE8F84008F027BEF3
:1021C0000121F8E748F20C039E4235D8B6F5004FDE
:1021D000BED9A6F50046013E0B2EB9D801A353F88F
:1021E00026F000BF6D220100FD2201007D220100CA
:1021F0007D2201007D220100A3230100A323010011
:102200007D220100852201005121010051210100A0
:1022100043230100A6F51046013E042E98D801A3E1
:1022200053F826F0B923010097230100C1220100D1
:1022300051210100E122010049F205039E420BD821
:10224000B6F5104FE6D848F281039E4280D1014690
:10225000284600F069FB38E049F282039E427FF491
:1022600077AF0146284600F077FB2EE06B692BB96B
:10227000284609F09DFBAA6943681A60284609F0C0
:1022800099FB22E090F8203043F0010380F82030E1
:1022900008F01BFD18B1664B186807F047FC94F86E
:1022A0002030204623F00A0384F8203008F036FD61
:1022B00010B1204608F09DFC2046FFF737FDDDE712
:1022C0002869692823D16823A361204608F026FDE8
:1022D000002800F0AB802046BDE8F84008F089BC3B
:1022E000204608F020FD0028EFD0286909F00AFBFD
:1022F0006A690146204608F094FCE6E790F8203031
:10230000EE6823F0020380F82030686918B109F004
:10231000F9FAA061D9E7204608F0C2FC28B994F880
:10232000203043F0040384F82030204608F0B8FC45
:102330000028CAD0002EC8D00021204600F02AFB79
:10234000C3E76B69F3B9284609F032FBAA69436811
:102350001A60426892F8203043F0040382F820307B
:10236000436822691A61436862695A6183684BB1A4
:1023700005F10C0205F1300152F8040B8A4243F8D2
:10238000040BF9D194F82230002B3FF477AF013BD6
:1023900084F8223072E794F82230013384F8223036
:1023A00093E7284609F004FB6B6913B9AB694360F6
:1023B00064E74FF0FF33FAE7204608F09FFC07463A
:1023C000C0B91020FBF7F4FF064698B13946102239
:1023D0000AF0DAFB2B6873606B683381698A01B39A
:1023E0002A8A05F1140008F0AAFBF060C8B930464B
:1023F000FBF7E6FF286808F094FB204608F041FC54
:1024000058B1204608F07AFC38B994F8203043F0EF
:10241000800384F820300C23A361204608F036FCAA
:1024200053E73146204608F00CFC4EE7F8BD00BFEC
:1024300090DD00202DE9FF412D4B80461B780F4693
:1024400016463BB90D20FBF753FF4FF0FF3004B0A9
:10245000BDE8F08108F00BFD08B96A20F3E73046CB
:10246000FFF7B8FC08B97B20EDE7384608F005FD1A
:1024700008B96B20E7E73946304608F014FD00281C
:10248000F7D0FFF70DFC054608B91720DBE7002160
:10249000142008F01EFB044620B92846FFF746FC2E
:1024A0006920D0E74FF0FF33037443748374C3741F
:1024B000404600F0DFFB6061384609F0E4F9014670
:1024C000A061304609F0E0F92146E06101AA47F237
:1024D0000100029500F0EEFB044620B12846FFF70C
:1024E00025FC2046AFE7C5E9038728686E61AEE7A3
:1024F000EEFF002030B585B00546FFF705FC044629
:1025000028B90920FBF7F4FE4FF0FF300EE0FEF78C
:10251000B5FD68B9204608F0D8FB18B10E4B186815
:1025200007F004FB2046FFF701FC002005B030BD9A
:102530000021082008F0CDFA014608B96920E1E73A
:10254000056101AA47F2090000F0B4FB0028ECD0B5
:102550001628EAD0D6E700BF90DD00202DE9F04331
:1025600085B08146884614461D460C9EFFF7CCFB7D
:1025700040B90920FBF7BCFE4FF0FF33184605B009
:10258000BDE8F08315B90EB11620F3E7B8F1290FB5
:1025900000F0AD800CDCB8F1010F11D0B8F1060FDE
:1025A00000F0A180B8F1000F00F09F806D20E1E7FE
:1025B000B8F58D7F45D0B8F5007FF7D11E2C1EE011
:1025C0003C2C30D01DDC152C26D00ADC022C0CD083
:1025D000142CEBD13246294605B0BDE8F04309F092
:1025E000EDB9222C0ADC202CE0DD3146102008F069
:1025F00070FA074600287FD16920BBE7282CF4D069
:10260000D4E73D2C16D03F2CD0D13246294605B018
:10261000BDE8F04309F031BA3246294605B0BDE8BD
:10262000F04309F0D9B93246294605B0BDE8F04378
:1026300009F0E0B93246294605B0BDE8F04309F09B
:10264000F9B9631E132BB1D801A252F823F000BFD1
:10265000AF260100D9260100EB250100AD250100C0
:10266000CB260100A1260100AD250100AD2501000A
:10267000AD250100AD250100AD250100BD260100FD
:10268000EB250100EB250100EB250100AD25010044
:10269000EB250100EB250100AD250100EB25010034
:1026A0003246294605B0BDE8F04309F0F8B9324694
:1026B000294605B0BDE8F04309F005BA324629467F
:1026C00005B0BDE8F04309F013BA3246294605B01B
:1026D000BDE8F04309F01EBA3246294605B0BDE810
:1026E000F04309F026BA372C89E71F2C87E7202C06
:1026F0003FF47BAF3E2C82E7C0F81090404609F0D3
:10270000E2F87861204600F0BDFAB86125B13246A2
:10271000294638680AF012FA394647F203007E600B
:1027200001AA00F0C7FA034600283FF427AF21E7CB
:102730002DE9F04385B08146884614461D460C9E1F
:10274000FFF7E2FA40B90920FBF7D2FD4FF0FF3462
:10275000204605B0BDE8F08305B10EB90E20F3E7C1
:10276000B8F1290F00F096800CDCB8F1010F11D000
:10277000B8F1060F00F08980B8F1000F00F08880F2
:102780006D20E1E7B8F58D7F2DD0B8F5007FF7D14A
:102790001E2C7BE0152C1FD00ADC042C15D0142C29
:1027A000EED13246294605B0BDE8F04309F0F6B94E
:1027B000A4F12103012BE3D81020316808F089F936
:1027C000074600286AD16920BEE73246294605B08F
:1027D000BDE8F04309F0D2B93246294605B0BDE85C
:1027E000F04309F0EAB9621E132AC9D801A151F8D1
:1027F00022F000BF6F2801007D280100B9270100E9
:10280000B927010061280100452801008127010046
:102810008127010081270100812701008127010014
:102820005328010081270100B9270100B9270100C1
:10283000B92701008127010081270100B927010084
:10284000B92701003246294605B0BDE8F04309F03A
:10285000C3B93246294605B0BDE8F04309F0D1B905
:102860003246294605B0BDE8F04309F0DCB93246EE
:10287000294605B0BDE8F04309F0E7B932462946DC
:1028800005B0BDE8F04309F0F2B9372C94D077E7F2
:102890001F2CFBE7202C8FD03E2CF7E7C0F81090C0
:1028A000404609F010F87861204600F0EBF939460F
:1028B000B86101AA47F20400D7F8008000F0FAF9E5
:1028C000044620B1404608F032F920463CE77A68D9
:1028D000336841469A4228BF1A46284632600AF0B9
:1028E0002DF9404608F023F932E700BF014B187874
:1028F000704700BFEEFF002008B5FFF7B1F9FFF702
:1029000097FA40B9012206481146FBF7FBFC18B9BB
:102910000122044B1A7008BD6FF02D00FBE700BFC9
:1029200090DD0020EEFF002010B543690C467BB11E
:1029300091F8203023F0080381F82030406908F036
:10294000E1FF044BA061BDE81040186807F0EEB845
:1029500010BD00BF90DD002010B591F820300C466E
:1029600023F0080381F82030006960B9DBB223F05E
:10297000140343F0140381F82030054BBDE81040E8
:10298000186807F0D3B808F0BDFFA061F5E700BFF5
:1029900090DD00202DE9F743DFF8FC900446D9F8DC
:1029A0000000019107F0C4F8074650B1019B002BCD
:1029B00070D11023A3614FF0FF37384603B0BDE854
:1029C000F083A06CD8B1F6F759F8461C94F84F8004
:1029D00031464FEA880808F10C0008F07AF80546FD
:1029E00078B9204608F076F908B16923A361D9F8CF
:1029F000000007F09BF86920FBF77AFCDBE73E4616
:102A0000E4E723684246036194F84C3004F1500136
:102A1000037594F84E30183000F8023C94F84D30AD
:102A200000F8033C94F84F3000F8013C0AF086F8B7
:102A3000F6B13246A16C28680AF0F7F86E6094F897
:102A40002030042043F008032A4647F2810184F82D
:102A5000203008F05CF8204608F03CF90028ACD1A2
:102A6000204608F032F940B9A0690028A5D0C3E794
:102A70002E706E70AE70EE70E0E7022001A9FBF7D9
:102A800067FB10F10B0F05D00028E9D00028B8BF74
:102A90004042B1E77420AFE790DD00202DE9F74F09
:102AA0000025074688462C464FF00A0ADFF8689052
:102AB0008DF8045001AE17F801BBBBF1000F09D12E
:102AC000032D27DD0124019BC8F80030204603B008
:102AD000BDE8F08F594610480AF06EF868B13278B8
:102AE000A0EB090312FB0A33FF2B11D814B90135EF
:102AF000042DEBDC01243370DDE7BBF12E0F07D191
:102B0000002CE3D0042D03D0707004460136D2E7C8
:102B10000024DBE75C46D9E7F81D02002DE9F04F01
:102B200016460D4687B001B12AB90E20FBF7E0FB2F
:102B30004FF0FF3097E0012803D0022808D06A2028
:102B4000F4E71146284607B0BDE8F04FFFF7A6BFEF
:102B50001022002102A80AF017F82B783A2B03D193
:102B60006B783A2B7ED101350024A846A346A246B5
:102B700027460DF1080915F8011B59B9BAF1000FE4
:102B800064D009F1020506AB9D426BD864BAA9F87E
:102B9000004043E0354801910AF00EF8019998B9D8
:102BA00033480AF009F8019980B1314BBBF1030FAA
:102BB00058DCC01A40EA0414B4F5803F52D24FF0FA
:102BC000010A0BF1010BD6E7284BEFE73A2918D1A0
:102BD000BAF1000F04D1002F44D1A8464F46CAE7EE
:102BE0002B78002B3ED009F1020306AA934239D874
:102BF00064BAA9F80040A84699460446834682462E
:102C0000B9E72E292ED109F1040506AB9D4229D83A
:102C100049464046FFF742FF012823D1FFB106ABEA
:102C20009D42A5EB07071DD01A46002101239F42B4
:102C30000EDA02AB1A4603CA716006A98A423060F6
:102C4000134606F10806F5D101200CE04D46E5E7F4
:102C500015F8010D013302F8010D2970E7E706AB05
:102C60009D42E6D0002007B0BDE8F08FE71D0200CE
:102C7000D61D020003289CBF014B1856704700BFA9
:102C8000031E020002383C289ABF034B53F8200071
:102C90004FF0FF30704700BF28DE010001380428E4
:102CA0009ABF034B53F820004FF0FF30704700BF2E
:102CB00014DE01004FF0FF3337B50D4DCA601446E6
:102CC00015600A4601460420019307F020FF2068A2
:102CD000A84202D008F016FE08E0022001A9FBF786
:102CE00037FA0028F3D00028B8BF404203B030BD07
:102CF000EEC100BC431C07D0064B984207D83C23CA
:102D0000B0FBF3F080B270474FF6FF7070474FF69C
:102D1000FE70704787FF3B002DE9F34105460E46E4
:102D20001446FEF7ABF9002800F025810023934FED
:102D30003246294607207B6007F0E9FE4FF0FF335B
:102D40000193022001A9FBF703FAD7F80480064695
:102D5000B8F1000F06D110F16E0FF2D1304602B07B
:102D6000BDE8F08110F16E0FF8D0D8F80450022DB4
:102D700000F0F88047F6FF739D4200F0F680002DCA
:102D800040F0F68074B142F209223B88934200F091
:102D9000A3800DD842F2090293421AD042F20912DE
:102DA000934254D078680028D8D007F0BAFED5E70F
:102DB00042F202329342F5D108F1080208F11803F9
:102DC00052F8041B9A4244F8041BF9D1137823707B
:102DD000E8E74FF443722946204609F0D5FEB8F8DB
:102DE000083001222360D8F80A01FFF783FFA08092
:102DF000D8F80E01FFF77EFFE080D8F81201FFF748
:102E000079FF2081D8F81601FFF774FF6081D8F8A8
:102E10001A01FFF76FFF4FF6FF73E381202315467A
:102E2000A0812374511EA274E57408EB8101D1F8CE
:102E30000A00FFF75FFFA082D1F88A00FFF75AFF70
:102E40000132212AE08204F10604EBD1AAE74FF413
:102E500043722046002109F097FEB8F8083006209A
:102E60002360B8F80A3008F11502A380B8F80C30D6
:102E7000123424F80C3CB8F80E3024F80A3CB8F8A8
:102E8000103024F8083CB8F8123024F8063C4FF60D
:102E9000FF7324F8043C98F8143004F8023C002333
:102EA00098F8141006328B4204F10604BFF67AAF8C
:102EB00012F8061C04F8061C12F8051C04F8051C80
:102EC00000FB0381B1F81750013324F8045CB1F81A
:102ED000191024F8021CE3E7294620464FF44372F8
:102EE00009F052FE0621B8F80830123444F8123CBA
:102EF000B8F80A3024F80E3CB8F80C3024F80C3C32
:102F0000B8F80E3024F80A3CB8F8103024F8083C21
:102F1000B8F8123024F8063CB8F8143024F8043C11
:102F200098F8163004F8023C08F1170398F81620B8
:102F30000633954204F10604BFF634AF13F8062CAD
:102F400004F8062C13F8052C04F8052C01FB058267
:102F5000B2F81900013524F8040CB2F81B2024F84B
:102F6000022CE3E76FF00C061CE76FF05E0619E732
:102F70006FF0150616E74FF0FF36EFE6A4DD0020F0
:102F800070B50446002800F00981022A00F0BB80D9
:102F9000032A00F0C680012A40F00081B1F5B07F1D
:102FA000C0F0FF80824D2B68002B00F0FD80FEF703
:102FB000ADF84FF4B0720021204609F0E5FD2B6812
:102FC0007C4A586899681278C4E90001D868196980
:102FD000032AC4E902015A6922619A696261DA69C5
:102FE000A2611A6AE2615A6A22629A6A6262DA6AC3
:102FF000A2621A6BE2625A6B226393F8512084F842
:103000005020D3F841202264D3F845206264D3F8DD
:103010004920A264D3F84D20E2641A8FA28693F867
:103020003A2084F8362093F83B2084F8372093F830
:103030003C2084F8382093F83D2084F8392093F818
:103040003E2084F83A20B3F83F20A28732D1D3F84B
:1030500052200A25C4F85C210022523403F15901A0
:1030600093F85600824205DA162A04F10C0401F1A5
:103070000A0103D1FEF750F8002070BD05FB0230B5
:10308000B0F85760013224F80C6C11F80A6C04F89F
:103090000A6CB0F85A6024F8086CB0F95C6024F847
:1030A000066CB0F95E0024F8040C11F8030C04F867
:1030B000020CD5E7D3F8CA201946C4F85C210A26C9
:1030C000002206FB0230B0F852500132A4F85250F0
:1030D00091F854500C2A84F85450B0F8555004F12B
:1030E0000C04A4F84A50B0F9575001F10A01A4F8B1
:1030F0004C50B0F95900A4F84E0091F8510084F8F2
:103100005000DED1B6E752294BD92B4D2B68002B4E
:103110004AD0FDF7FBFF53222046296809F00EFD37
:10312000A8E767293DD9254D2B68002B3CD0FDF73A
:10313000EDFF234B2D681B78012B22D16822002143
:10314000204609F021FD00222B88083444F8083C71
:10315000AB78E91C04F8043CAB7818349A4289DA5D
:1031600002EB0213C85C2B4404F8180C5E6853F899
:10317000080F013244E9046058689B6844E902037F
:10318000EAE72B89236001232371237200232A6835
:10319000C4E904236A68C4E906236BE76FF01500ED
:1031A0006BE76FF0790068E76FF0220065E700BF1A
:1031B000A0DD0020F0FF00209CDD002098DD002035
:1031C000EFFF0020F8B51746044600286FD000290D
:1031D0006DD0FDF753FF00286CD0384E4FF0FF3113
:1031E000306806F0A5FC054600285BD1722008F087
:1031F0005AFD0546002857D07A1E01680B2A4AD886
:10320000DFE802F00612171C21262B30353A3F4426
:103210002046043108F064FD2946002241F20500F1
:10322000FFF77AFD05463AE02046043108F078FDC4
:10323000F2E72046043108F0C4FDEDE720460431F2
:1032400008F0F0FDE8E72046043108F00EFEE3E761
:103250002046043108F021FEDEE72046043108F064
:103260003FFED9E72046043108F058FED4E7204657
:10327000043108F061FECFE72046043108F07FFEFC
:10328000CAE72046043108F0D2FEC5E720460431E3
:1032900008F0FFFEC0E707F041FC6FF0150530684D
:1032A00006F044FC2846F8BD6FF00B05F7E76FF019
:1032B0001505F7E74FF0FF35F4E700BFACDD002060
:1032C0002DE9F041FDF7DAFE00285ED0304D4FF0D9
:1032D000FF31286806F02CFC044600283CD12D4E16
:1032E00033782BBB03274FF00508FDF7C7FE0446D4
:1032F000A8BB7B1E012B4FF00207F6D10024FDF77F
:10330000BDFEA8B1152008F0CEFC014680B10368CF
:1033100000226FF07F00012718715A7141F20320DB
:103320009A71DA719F74FFF7F7FC0CB100B937702E
:10333000152008F0B8FC014620B3012603680022DE
:1033400041F204001E71FFF7E7FC044608B9124B76
:103350001E70286806F0EAFB2046BDE8F0811520C3
:1033600008F0A1FC01460028C3D00368002241F206
:10337000040083F80480C3F80570FFF7CDFC002833
:10338000B7D1BCE76FF00B04E3E74FF0FF34E3E79E
:10339000ACDD0020F2FF0020F3FF002038B5FDF780
:1033A0006DFEF8B1114D4FF0FF31286806F0C0FBFB
:1033B000044690B9152008F076FC014678B1036800
:1033C00022461C7141F20400FFF7A6FC044608B92E
:1033D000074B1870286806F0A9FB204638BD6FF02F
:1033E0000B04F7E74FF0FF34F7E700BFACDD002038
:1033F000F3FF002070B50546FDF740FE08B3144BFF
:103400001B780BBB134E4FF0FF31306806F090FB7A
:10341000044688B9152008F046FC014670B10368DF
:1034200022461C7141F20400C3F80550FFF774FCFA
:103430000446306806F07AFB204670BD6FF00B043E
:10344000F7E74FF0FF34F7E76FF01504F4E700BF3C
:10345000F3FF0020ACDD002070B50546FDF70EFE41
:1034600008B3124E4FF0FF31306806F061FB04469E
:10347000A0B9152008F017FC014688B102220368A4
:1034800041F203201A715C7122469C71DC715D72FD
:10349000FFF742FC0446306806F048FB204670BD4A
:1034A0006FF00B04F7E74FF0FF34F7E7ACDD0020D7
:1034B00070B50546FDF7E2FD10B3134E4FF0FF3136
:1034C000306806F035FB0446A8B9152008F0EBFB80
:1034D000014690B10822036841F203201A715C7121
:1034E00022469C71DC71A3F80B50FFF715FC0446D3
:1034F000306806F01BFB204670BD6FF00B04F7E749
:103500004FF0FF34F7E700BFACDD002070B5054693
:10351000FDF7B4FD10B3134E4FF0FF31306806F0E5
:1035200007FB0446A8B9152008F0BDFB014690B181
:103530001022036841F203201A715C7122469C71CB
:10354000DC71A3F80D50FFF7E7FB0446306806F086
:10355000EDFA204670BD6FF00B04F7E74FF0FF3433
:10356000F7E700BFACDD002070B50546FDF786FD2E
:1035700010B3134E4FF0FF31306806F0D9FA04460D
:10358000A8B9152008F08FFB014690B120220368EE
:1035900041F203201A715C7122469C71DC71A3F820
:1035A0000F50FFF7B9FB0446306806F0BFFA20461B
:1035B00070BD6FF00B04F7E74FF0FF34F7E700BF83
:1035C000ACDD002070B586B00646FDF757FD00283B
:1035D00048D0264D4FF0FF31286806F0A9FA04467E
:1035E000B8B9152008F05FFB014668B141F202301E
:1035F00001AAFFF791FB10F15F0F04460CD11520D3
:1036000008F051FB014628BB6FF00B04286806F058
:103610008DFA204606B070BD0028F7D1152008F0BD
:1036200042FB01460028EFD002220368012E5A71A6
:103630009DF8142041F2033014BF02F0F70242F06B
:1036400008021A7500221C719C71DC71FFF764FB83
:103650000446DBE70122036841F208001A715E713B
:103660000022F3E74FF0FF34D3E700BFACDD0020CA
:10367000014B18600020704794DD00202DE9F041D7
:10368000056807460C463DB101F47043B3F5005F91
:1036900004D13D4BC3E90015BDE8F0813B4E3368D2
:1036A00063B144F2040291425DD00CD844F20203AB
:1036B00099423ED044F203039C4243D03868BDE8AF
:1036C000F04107F02EBA44F2012221F480739342B4
:1036D00002D044F20313EFE72D4F386808B107F02A
:1036E00020FA44F201339C420CBF03220222294BF0
:1036F0001A703D6095F85140274D14F00807336863
:103700002A7810D01AB90520984701232B70E207B8
:1037100004D5630602D40220336898470120336839
:10372000BDE8F0411847002AF1D0062098472F70D5
:10373000EDE71A4C206808B107F0F3F9032033686D
:103740002560EDE7164F386808B107F0EAF944F252
:1037500003139C420CBF01220022124B04201A705A
:103760003D603368DCE72A78032AA7D8DFE802F057
:103770000205070907209847A0E70820FBE7092072
:10378000F9E70A20F7E700BFA4DD002094DD002060
:10379000A0DD0020F0FF0020F1FF00209CDD0020D4
:1037A00098DD0020EFFF002008B50023094A0A48F1
:1037B00013700A4A13700A4A13700A4A13700A4AAD
:1037C000136001221146FAF79DFD002818BF6FF023
:1037D0002D0008BDF1FF0020ACDD0020F3FF00202C
:1037E000F2FF0020F0FF002094DD002010B50B4C0C
:1037F000206818B107F095F900232360084C206871
:1038000018B107F08EF900232360064C206818B128
:1038100007F087F900232360002010BDA0DD002001
:103820009CDD002098DD002030B4074B1C6844B1BB
:1038300043688589A4460268C1899BB2E8B230BC5E
:10384000604730BC704700BFB0DD0020F8B501F420
:103850007063B3F5007F04460D461ED14E4A00F159
:103860000C0300F11407164618685968083303C69C
:10387000BB423246F7D101221868306099889B79A3
:10388000B180B371454B1D60DA742068002800F0E8
:103890008180BDE8F84007F044B9414F3E68002EF2
:1038A000F3D0404B24221846002109F06DF9E2685C
:1038B000B5F5916F0346426056D040F28B42954277
:1038C00009D040F287429542DFD103220270B0470F
:1038D00000233B60D9E7227C0272627C4272A27CA8
:1038E0008272D4F81320C260217EE27D42EA012276
:1038F0000282A17E627E42EA01224282E27E02755B
:10390000227F4275A17F627F42EA0122C282B4F81F
:103910001F20028394F8220091B294F8212042EAF9
:1039200000225A8394F823201A7794F824205A7797
:1039300001221A702268A2B16268B2EB410FA4D1D1
:10394000B1F5C06F88BF4FF4C062174888BF1A83B3
:10395000186288BF4FF44062216898BF92B209F0A4
:10396000EDF81048B04790E7227C0272627C427208
:10397000A27C8272D4F81320C260217EE27D42EAEA
:1039800001220282627EA17E42EA0122428202225A
:103990000270E7E7F8BD00BFC0DD0020BCDD0020FD
:1039A000B4DD0020D0DD00204EDE0020002208B56E
:1039B000054B06481A6001221146FAF7A3FC0028BD
:1039C00018BF6FF02D0008BDB4DD0020B8DD002069
:1039D00000210122074B1970074B1A70074B197011
:1039E000074B1960074B1960074B18600748FAF737
:1039F00089BC00BFF4FF0020F6FF0020F5FF002087
:103A0000F8DD0020FCDD00200CDE0020F4DD0020CD
:103A1000024B186808B106F089B87047F4DD002041
:103A200070B4284B1B68196958691A7C00221A74F3
:103A30005C7C5A749C7C9A74DC7CDA741C7D1A75EC
:103A40005C7D5A759C7D03299A75DC7DDA7529D0D9
:103A5000042929D001290FD185681B4E954210D128
:103A60001A7A012100221972597A5A72997A9A7235
:103A7000DA7A6FF05F02DA72144B70BC186806F0E5
:103A800055B8911C00EB81014C682178622907D060
:103A9000633918BF0121490046F821400132DDE7B2
:103AA0000121F9E7187ADEE7187A1972597A5A7201
:103AB000997A9A72DA7A6FF05F02DA720122044B15
:103AC0001A70D9E70CDE002000DE0020F4DD0020B3
:103AD000F5FF00201FB50446F6F79EFB064B0122BA
:103AE0000293002305491846CDE9003308F03FFB57
:103AF000204608F04CFB00BFB60F020004D80100BE
:103B00002DE9F041054686B00E46EFF311882023DB
:103B100083F31288BFF36F8F0024042898BF234BD0
:103B2000234A98BF53F82030976888BF214B127CF6
:103B30002149CDE90432214B03900293012223460F
:103B40002046CDE9004408F012FB6EB1F369C3F3DF
:103B500008034BB11A4B0122CDE90143204623460D
:103B60001549009408F003FB2FB1384608F0F1FC2A
:103B700008B1037803B91348134B012202930023C1
:103B8000CDE90370CDE9003318460B4908F0EFFA90
:103B900031462846FFF79EFF88F31188BFF36F8FE9
:103BA000384606B0BDE8F041F8F724BC1CDF010040
:103BB00010DE0020C50F020004D80100D30F020060
:103BC000FB0F02004EE101001C10020038B50A4B49
:103BD00053F82040013053F82050A54200D838BD9A
:103BE000606830B1037EDB0701D408F09DFA083429
:103BF000F3E723689847FAE730DF0100012270B548
:103C0000294B86B003201A70FFF7E0FF08F087FF0A
:103C10000420FFF7DBFF254C254D2646AE4204F17C
:103C200030040FD300F0A2FE204CAC4226D300F0AB
:103C3000B1FEF5F789FB1F4A938923F001039381B5
:103C400006B070BD54F80C3C059354F8103C049336
:103C500054F8143C039354F8183C029354F81C3C59
:103C6000019354F8203C009354E90A2354E90C01D1
:103C700000F086FC54F8303C5E65CEE7D4E90A23B8
:103C8000B3F1FF3F08BFB2F1FF3F05D052EA030195
:103C9000206803D108F025FD3034C6E70649183006
:103CA00001F08CF8F8E700BFF7FF002048D60100CC
:103CB00078D6010058D000202FC60100C82370B567
:103CC000134E012203FB0066002386B0CDE90423D6
:103CD0000F220193CDE9023218234FF4A0720D4D4B
:103CE0000D4903FB0055044602FB00110B4B304607
:103CF000009500F045FC337C2C7423F004033374EE
:103D0000074B013403EBC423EE606B6006B070BD5B
:103D100090CF002010DE002000330120B1C201004E
:103D2000002B01207FB50020FFF750FF294B03F542
:103D3000006282F3088883F30A880024E023264D7A
:103D400085F82230EC772C766C76AC7685F82040BE
:103D50006B6A43F4E0236B6285F82340F8F7B6F909
:103D6000F8F732FB4FF0FF33AB62EB62F8F754FD2C
:103D7000F8F7C8FBF6F72AFA184800F06BFC0120A8
:103D8000FFF724FF0220164DFFF720FF00F02CFE66
:103D9000144B4FF480529D61134B1449059301233A
:103DA0002846CDE90343CDE90144114B009400F0CE
:103DB000E7FB06462B7C284623F004032B7408F00F
:103DC00002FC2046FFF77AFF31462846084AF8F7FA
:103DD000CFFA00BF002B012000ED00E020D1002031
:103DE00058D0002010DE00207E1002004034012058
:103DF000FD3B010038B5064C064DAC4201D3002016
:103E000038BD2046D4E9011208F00BFA1434F4E767
:103E10009CC70020C4C700201FB5054CCDE9002376
:103E200002940A46002108F0BAF904B010BD00BFA0
:103E30007772010038B5074C074DAC4201D3002022
:103E400038BD204608F012FA08B91C34F5E76FF0C7
:103E50001500F5E79CC700209CC70020F7B50E466B
:103E600004469DF82010EFF31187202080F312887C
:103E7000BFF36F8F256AE068854244D22568AC4263
:103E800018D0BDB1284608F01EFA05F1180008F058
:103E900081FC3146A268686908F050FE002328467C
:103EA000EB6708F090FB04F10800394608F0D7FBF7
:103EB000002036E0A268D9B13146E06908F03EFE44
:103EC000E369A26813446269E361934201D1236903
:103ED000E361236A10210133236204F1240008F016
:103EE000D6FD0028DFD187F31188BFF36F8F18E06C
:103EF000A06923693146984208BF6069801AA061B1
:103F000008F01CFEE5E752EA03010CD0074904F172
:103F1000080089684E61CDE900233946224600F049
:103F200083FC03B0F0BD6FF02200DCE710DE002060
:103F3000F7B504460846EFF31186202181F3128875
:103F4000BFF36F8F216A00293AD0A268A16908F0F7
:103F5000F5FDA369A268256813446269A3619342D1
:103F600004BF2369A361236AAC4203F1FF332362D8
:103F700035D02846002D33D0002708F0A4F905F1EC
:103F8000180008F007FC6969A268E06908F0D6FD2E
:103F9000E369A268284613446269E361934204BF5F
:103FA0002369E361236A01332362EF6708F00BFBA7
:103FB00004F10800314608F052FB384603B0F0BD6A
:103FC00052EA030111D00A4989684861CDE900230A
:103FD0003146224604F1080000F026FCEEE70020FE
:103FE00086F31188BFF36F8FE8E76FF02200F7E7E1
:103FF00010DE00202DE9F341044617461E46EFF37C
:104000001188202383F31288BFF36F8F304BC2686F
:104010009B6872B18068984217D057EA060216D1A1
:1040200088F31188BFF36F8F6FF00F0002B0BDE807
:10403000F08193F90E1001322161C4E9023288F354
:104040001188BFF36F8F0020F0E72169F3E793F940
:104050000E1090F90E30994230DA9942A8BF1946F5
:1040600008F045F9054622464146CDE90076194853
:1040700000F0DAFB0028E6D0EFF31186202383F36B
:104080001288BFF36F8FA068D0B1236821699C426A
:104090000AD04BB193F90E309942A8BF19466FF080
:1040A0007F039942B8BF194608F021F940B1314663
:1040B000084808F0D4FA6FF00A00B7E70025D2E705
:1040C000002DF4D186F31188BFF36F8FF3E700BFA3
:1040D00010DE0020F8FF0020F8B583680546002BAD
:1040E0003FD0234A926893423ED1C368012B03D943
:1040F000013BC3600020F8BDEFF31187202383F359
:104100001288BFF36F8F0169806808F0F0F82C689F
:10411000A54207D10023C5E9023387F31188BFF315
:104120006F8FE7E7002CF5D0D4E90032002613604A
:104130005A60237CC4E9006623F002032374A6605E
:1041400004F1180008F026FBAC6094F90E3020460C
:104150002B61E66708F037FA3946064808F07FFA1F
:10416000C8E76FF01500C6E74FF0FF30C3E700BFA8
:1041700010DE0020F8FF002037B51146EFF311855F
:10418000202282F31288BFF36F8F04689CB12368EA
:10419000426823F003039442036008BF4360012197
:1041A000204608F031F9044685F31188BFF36F8F7C
:1041B000204603B030BD51EA0302F5D000F10802F9
:1041C000CDE900131046294600F02EFB0028EFD160
:1041D000014B9B685C69EBE710DE002070B5EFF3E4
:1041E0001186202383F31288BFF36F8F0468A042E7
:1041F0001AD0CCB1D4E90032002513605A60237C78
:10420000C4E9005523F002032374A56004F11800EB
:1042100008F0C0FA2046E56708F0D5F93146BDE858
:1042200070400A4808F01BBAD0E902329A4218BF1F
:10423000013302218360103008F029FC0028EDD101
:1042400086F31188BFF36F8F70BD00BFF8FF0020A9
:1042500013B5EFF31181202484F31288BFF36F8F1D
:10426000846844B1013C846081F31188BFF36F8F8F
:10427000002002B010BD52EA030406D181F3118878
:10428000BFF36F8F6FF00F00F3E7CDE90023024615
:10429000014800F0C9FAECE7F8FF00202DE9FF41E2
:1042A00004462027534EEFF3118887F31288BFF39B
:1042B0006F8FD4F8CC50F5B9022104F1E40008F076
:1042C000CAF8002870D004F1DC050022012128463C
:1042D00008F027FA0028F8D100234FF0FF320293AC
:1042E0004FF0FF334146CDE90023434804F1D402A7
:1042F00000F0A4FCD7E7D4F8D0202B689542C4F88E
:10430000CC3008BFC4F8D030D4F8E43043F0020316
:10431000C4F8E430EB6823F0040343F00103EB60DE
:104320006B6888F31188BFF36F8F28469847EFF3C7
:10433000118887F31288BFF36F8FEB68D80623F0DC
:1043400001023ED4EA60EB689A0717D5306823F083
:104350000203EB6090B10021036878B14268954296
:104360003DD10368002934D172683360904200D196
:104370007360002340F8083BFFF730FFD4F8E430C7
:1043800023F00203C4F8E430DB0530D4D4F8CC3099
:10439000003B18BF012388F31188BFF36F8F002BF8
:1043A00081D000F029FB7EE7D4F8E430D90693D51C
:1043B000C4F8E40088F31188BFF36F8F04B0BDE840
:1043C000F08123F01103EB6005F11000FFF706FF09
:1043D000B9E70B607368984208BF7160C9E701468E
:1043E0001BB11A6818461346B7E71A46FAE70023C6
:1043F000D1E700BF34DE0020F8FF0020F8B5C36825
:1044000004469A070E46C3F3400542D45F0742D4E0
:104410000B680BB983680B60E368D80742BFA368D9
:1044200002253360376858BF012557B31B4B9A6884
:10443000D7F8C8309A421ED108F082F880F0010007
:10444000C0B2D7F8E430D907C3F380021CD5F2B16B
:10445000F8B100232360D7F8D03073B9C7E93344EB
:10446000384608F003F8E36843F00403E360336878
:10447000A3602846F8BD0020E3E71C60C7F8D040E1
:10448000EEE76FF0150506E06FF0120503E01B077D
:10449000DFD56FF00F0500233360EAE710DE002060
:1044A0000146014808F02CB808D20020F0B50446B7
:1044B000002089B00E9DC4E9330004F1D400C4E9A2
:1044C000350004F1DC00C4E9370055B32879002831
:1044D00040F2011008BF0120C4F8E40000204FF0B2
:1044E000FF364FF0FF37CDE90330CDE90100CDE9CC
:1044F000066720460C4B009400F080F855B12968FF
:1045000011B1204608F022F86B791BB1A38943F062
:104510000103A381204608F0E4F8C4F8C84009B0BC
:10452000F0BD0120D8E700BF9D42010037B50190E2
:104530000846EFF31184202181F31288BFF36F8FB7
:10454000C16811F01E0F16D153EA020508D101A966
:10455000FFF754FF84F31188BFF36F8F03B030BDB2
:1045600041F00801C160019910308161034900F0F8
:1045700025FC0120EEE70020ECE700BF7BC4010032
:104580002DE9F043984685B000F15803C0E9163391
:10459000109B002683810423073222F00705037451
:1045A0000F9B01EB05090F4683734946C0E9066678
:1045B0008660C6730446F7F78FFA0E9B073020F02B
:1045C0000700E066C4E9197502930D9BA9EB000989
:1045D00001930C9B4A460093394643462046F7F721
:1045E00083FE054B66659B6803B11B6F48462367D6
:1045F00005B0BDE8F08300BF10DE0020F0B5002557
:1046000087B00595109DDDE9127604950F9D04464F
:1046100003950E9D02950D9D01950C9D0095FFF74C
:10462000AFFFB6F1FF3F08BFB7F1FF3F05D056EA35
:10463000070305D1204608F054F8204607B0F0BD26
:104640003A46334604F11800014900F0B7FBF4E79D
:104650002FC60100012310B5037483810023044693
:10466000C0E9193300F07EFD014B9C6010BD00BF16
:1046700010DE00206FF00A01084A9368D9670849E4
:1046800098674B6843F080534B60002383F3118895
:10469000BFF36F8F9368D86F704700BF10DE0020A4
:1046A00000ED00E070B590F91020037C002A2FDBAC
:1046B000D9062DD11A4C63F07F032246037452F8B9
:1046C0001C3F216A934207D1C0E9002108602062A3
:1046D0000FE09942F8D01B68002BF5D093F90E60DB
:1046E00090F90E50AE42F4DD5968C0E9003108601F
:1046F0005860E569954200D005B9E568A3681A7C61
:10470000D20606D1DA897F2A03D9AA690AB9A36138
:1047100070BDAB4202D0284600F0D2FAA561F7E79F
:1047200010DE002038B590F910200146002A037CE5
:1047300004DA03F07F03037407F00DFF0D4D2A46E2
:1047400052F81C4FAB68944200D004B9EC688B421D
:1047500007D01A7CD20604D1DA897F2A01D9A2694E
:104760002AB1A34202D0204600F0AAFA2346AB6148
:1047700038BD00BF10DE0020B3F1FF3F08BFB2F12B
:10478000FF3F03D00249183000F018BB704700BF4C
:104790002FC60100034648B9EFF3058232B9064A35
:1047A00091699268914201D0FFF764BF83F3118849
:1047B000BFF36F8F704700BF10DE002038B5184C74
:1047C000A168206A0B68814214BF1A46002249681A
:1047D0000B605960A368216A2AB9124AC3E9002113
:1047E0000B6023620AE092F90E5093F90E008542A5
:1047F00012DD5168C3E900210B605360E569094B84
:104800009D4200D005B9E568A3689D4202D02846C4
:1048100000F056FAA56138BD8A42DED01268DBE7A7
:1048200010DE00202CDE0020F8B5DDE906670D4B18
:104830000C46986811460C4A1060EFF31182202252
:1048400082F31288BFF36F8F9D68284607F095FEAC
:10485000284632463B46FFF78FFF2046BDE8F8402A
:10486000FFF708BF10DE00203CDE0020F8B504464C
:10487000EFF31187202383F31288BFF36F8F037C3C
:1048800049B203F01F02002A0CBF0126002635D1D1
:1048900003F07F032A4D037407F05DFE2A46037C74
:1048A000817363F07F03037452F81C3F286A9342BC
:1048B00007D1C4E9002004602C620DE09842F8D0D2
:1048C0001B68002BF5D093F90EC08C45F6DD5968B6
:1048D000C4E900310C605C60EC69944200D004B91A
:1048E000EC68AB689C4202D0204600F0E9F9AC616C
:1048F00087F31188BFF36F8F3046F8BD9B071CD537
:10490000856807F028FE81732B689D4209D16B688A
:10491000C4E900531C606C60EAE76A689A42F6D00A
:104920001B68002BF3D093F90E208A42F5DD5A68FC
:10493000C4E9003214605C60DAE78173D8E700BF35
:1049400010DE0020034648B9EFF3058232B9064A6B
:1049500091699268914201D0FFF78CBE83F3118870
:10496000BFF36F8F704700BF10DE0020EFF311819F
:10497000202383F31288BFF36F8F054B9A68D37B94
:10498000013BD37381F31188BFF36F8F704700BF72
:1049900010DE002070B5EFF31186202383F3128818
:1049A000BFF36F8F0F4DAB68DA7B0132DA732A46A3
:1049B00052F81C4F944200D004B9EC681A7CD2061D
:1049C00004D1DA897F2A01D9A2692AB19C4202D096
:1049D000204600F075F92346AB613046BDE87040D3
:1049E000FFF7D8BE10DE0020024B03F11C02C3E922
:1049F0000722704710DE002070B5EFF311862023E8
:104A000083F31288BFF36F8F1A4CA168206A0B687A
:104A1000814214BF1A46002249680B605960A3689E
:104A2000216A2AB9144AC3E900210B6023620AE013
:104A300092F90E5093F90E00854216DD5168C3E9D4
:104A400000210B605360E5690B4B9D4200D005B916
:104A5000E568A3689D4202D0284600F031F9A561BF
:104A60003046BDE87040FFF705BE8A42DAD01268D2
:104A7000D7E700BF10DE00202CDE0020F8B550EA9A
:104A8000010306460C4603D1FFF7B6FF0020F8BD30
:104A9000EFF31187202383F31288BFF36F8F124D3A
:104AA000124BA8681860FFF73DFEA86823463246FF
:104AB0000F49183000F082F9AA680446137C384682
:104AC00043F004031374FFF7D5FDAB68D3E90A2361
:104AD000B3F1004F08BF002AD8D107F090FE201A8A
:104AE00020EAE070D3E700BF10DE00203CDE0020AB
:104AF0002FC60100014B9868704700BF10DE0020F0
:104B00002DE9F84304468789EFF31186202383F3C8
:104B10001288BFF36F8F037C190705D586F31188C0
:104B2000BFF36F8FBDE8F883D90943F008026FD156
:104B30000274A36813B1204607F015FD04F11800B4
:104B400007F028FEA56D04F15808A84511D04FF0D4
:104B5000000975B1284607F006FD05F1180007F0B9
:104B600019FE2846C5F87C90FFF79CFDA56DA84569
:104B7000EFD1DFF8C480D8F808309C4250D1EFF371
:104B80000589B9F1000918BF4FF00109D8F81C5088
:104B9000274A954200D00DB9D8F80C50AB4202D04C
:104BA000284600F08DF82046C8F8185004F033FB72
:104BB000B9F1000F02D01F48FFF74CFDD8F80830BC
:104BC0009C4230D1EFF305836BBBA289D20711D58C
:104BD00086F31188BFF36F8F83F31188BFF36F8F54
:104BE0000423184602DFEFF31186202383F3128893
:104BF000BFF36F8F3046FFF73DFDFB0792D50023D3
:104C000083F31188BFF36F8F0423184602DF89E70F
:104C100003F07F0343F00803037407F09CFC88E76C
:104C20004FF00009B2E786F31188BFF36F8FE4E716
:104C30002CDE002020D1002010DE0020D3B5DDE9DD
:104C40000667089CCDE90067FFF7EEFD1CB1034B3A
:104C50009B685B69236002B0D0BD00BF10DE0020FE
:104C6000027C034612F01F0210D10A4988420DD07F
:104C70000949086868B1D9897F2909D893F90E20B4
:104C8000064B1B689A42B8BF00207047002070474F
:104C90001046704790CF002040C7002040DE002023
:104CA0000122044BC01A044BC0105843034B1A5442
:104CB000704700BFE8D10020ABAAAAAAF8FF0020E5
:104CC00070B50C4B0C4D1E7CFFF7CAFF182303FB7D
:104CD00006550446284607F05DFD0022074B9A550D
:104CE0003CB1621E2846BDE870400549D31700F06C
:104CF00065B870BD10DE0020E8D10020F8FF00206C
:104D0000A14C010038B5EFF31185202383F31288FD
:104D1000BFF36F8F0F4B104A9C681068A04206D1FA
:104D2000FFF7CEFF85F31188BFF36F8F38BD0021E9
:104D30001B7C1160094AD35C002BF3D02046FFF79F
:104D40008FFF0028EED0237CDB0601D1FFF736FD74
:104D50002046E5E710DE00203CDE0020F8FF0020C2
:104D6000024B1868984208BF0020704744C70020D3
:104D7000034B1B680BB9F9F76BB90020704700BFF4
:104D800044DE002030B570B10B4B5B6898420AD00E
:104D9000036843B1D3E90421D0E90445121941EB7A
:104DA0000501C3E90421D0E9003213605A600023F1
:104DB000C0E9003330BD00BF44C70020B3F1FF3F5E
:104DC00008BFB2F1FF3F2DE9F84F0446994615465A
:104DD0001F467AD08160EFF31188202383F3128875
:104DE000BFF36F8FB9F1000FDFF8E8A020DBFFF70A
:104DF000BFFFDAE90027013549F100092D1849EB19
:104E0000E07306464FF00109C4E90453AD1843EBC3
:104E10000707FFF7A5FF0346DFF8BCE0DEF804A0B4
:104E2000EBB9C4E900EACAF80040CEF8044028E033
:104E30006FF00103DAE900125B1A4FF0FF3161EB0A
:104E400002025B1B62EB0902012B72F10001BCBF85
:104E5000012300224FF00009C0E90432D9E7D3E969
:104E6000041CD4E904208A4270EB0C0B24DA891A62
:104E70005A686CEB0000C3E90410C4E90032146006
:104E80005C60FFF76DFF84420ED1114B1B685BB96C
:104E9000B9F1000F02D1FFF76BFF0646304607F06D
:104EA00062FC0021F9F7A6F888F31188BFF36F8F31
:104EB00028463946BDE8F88F521A60EB0C0053457E
:104EC000C4E90420ADD01B68AAE700252F46EFE710
:104ED00044DE002000D2002044C700202DE9F04726
:104EE000284F024638600D46FFF73AFF4FF00008A2
:104EF0004FF00009244E4FEAE27ED6E9001350B18C
:104F0000D0E9044CA2427EEB0C0A19DAA41A6CEB2D
:104F10000E0CC0E9044C0024521843EB0E0320464B
:104F2000C6E900233C6007F01EFC2146F9F762F851
:104F300085F31188BFF36F8FBDE8F047FFF7E2BE3E
:104F4000611843EBE473C0E90489C6E90013FFF775
:104F500019FF01224FF00043C0E9042385F31188B3
:104F6000BFF36F8F83689847EFF31185202383F396
:104F70001288BFF36F8F3A68121B3A60FFF7F0FE9A
:104F8000B9E700BF44DE002000D2002010B5EFF3E7
:104F90001184202383F31288BFF36F8FFFF7E8FE9D
:104FA0000346054AD2E90001181841EBE37184F386
:104FB0001188BFF36F8F10BD00D200201423F0B50D
:104FC0000024202703FB0100134E01B9F0BD10F8A7
:104FD000073CA0F1140C03F03F03102B40F80C4CDD
:104FE0000CD826FA03F3DB0708D550F8143C2BB194
:104FF00050F8105C2B605D6040E9054482F3118835
:10500000BFF36F8FEFF3118287F31288BFF36F8FB7
:1050100060460139D9E700BF160101002DE9F74FBD
:105020001D46274B16469F68012387F8603087F896
:10503000613052EA05030CBF0123002307F160022F
:10504000804607F04FFC8146EFF3118B4FF0200AAA
:105050008AF31288BFF36F8F97F860404CB901460E
:105060005A464046FFF7AAFF8BF31188BFF36F8FB4
:105070000BE0002387F8603056EA050309D18BF373
:105080001188BFF36F8F6FF00A04204603B0BDE8AC
:10509000F08F5946CDE900650A4A0B48FFF7C4FB7B
:1050A0000446EFF311858AF31288BFF36F8F2A4607
:1050B00049464046FFF782FF85F31188D6E700BFD7
:1050C00010DE00204CC70020F9FF0020034610B579
:1050D000EFF31184202282F31288BFF36F8FC16037
:1050E000012181600068834205D184F31188BFF3F8
:1050F0006F8F002010BDD0E9003213605A6000238A
:10510000C0E9003307F071FC2146024807F0A7FA16
:10511000EFE700BFF9FF00202DE9F04105460E46FC
:10512000174607F00DFA28B9074B9B681C6F14B996
:10513000BDE8F081054C3B46324629462046BDE895
:10514000F04107F0CDBC00BF10DE00209CC700205E
:1051500002460021014B024807F0C2BC77720100F1
:105160009CC70020014B0367704700BF9CC700200D
:105170000146024A0020FFF7CFBF00BF777201004F
:1051800007B5074B4FF4C062009306494FF0FF3359
:105190000548FFF78BF9002003B05DF804FB00BF62
:1051A00048DF0100884C012008D200200FB407B569
:1051B00004AA064B52F8041B1868019200F0B6FAD4
:1051C00003B05DF804EB04B0704700BF38DC0100A9
:1051D0000CB430B58BB004460D462022002102A845
:1051E00007F0D2FC0223002D06948DF80A300C4BF8
:1051F000039312DB01D06B1E1C440FAA0E9902A868
:105200000794019200F092FA15B1069B00221A70E1
:105210000BB0BDE8304002B070470024EDE700BF9E
:105220008BD20100242A2DE9F041054601D8012A3C
:105230000AD1354B1622F7F75FF91A5001B10D600C
:105240000020BDE8F0813046064616F8014B202CC0
:10525000F9D0A4F109072346042FF4D92B2C32D01E
:105260002D2C33D14FF0010C3378861C302B34D1E8
:10527000307840F0200078282BD132F0100028D16F
:1052800073783546102202360CF100470020013FAA
:10529000B7FBF2FE02FB1E78392B82BF03F1FF330E
:1052A00043F02003263B303B9A421DD9704502D87B
:1052B00017D1984515D24CF0020C3446354614F8F7
:1052C000013B2646E8E74FF0000CCDE74FF0000C1D
:1052D000CCE7002A08BF0822D6E7002A08BF0A2226
:1052E000D2E700FB0230E8E701B10D601CF0010FCE
:1052F00018BF40421CF0020FA3D0034B2222F7F745
:10530000FBF81A5038469CE70C000000242A2DE9CF
:10531000F84F8046894601D8012A59D1424B1622BE
:10532000F7F7EAF81A50B9F1000F01D0C9F8008078
:1053300000200146BDE8F88F31460E4616F8013BC5
:10534000202BF9D0A3F109001C460428F4D92B2BFB
:1053500040D02D2B40D1012734788E1C302C42D1E7
:10536000337843F02003782B38D132F0100335D155
:105370007478B0461025023617F1FF3B6FF00043FA
:105380002A4643F1000A584600235146F3F74AFBE8
:10539000034600208C460146392C82BF04F1FF34BD
:1053A00044F02004263C303CA54229D983427CEBC2
:1053B000010E05D3614508BF984219D1A24217D208
:1053C00047F00207B646B0461EF8014B7646E3E7C3
:1053D0000146B2E70027BFE70027BFE7002A14BF56
:1053E00015460825C8E7002A14BF15460A25C3E755
:1053F000A5FB000E05FB01E1201841F10001E1E7EA
:10540000B9F1000F01D0C9F80080FA0702D5404277
:1054100061EB4101BB078DD5034B2222F7F76CF8F6
:1054200051461A50584685E70C000000242AF0B572
:10543000044601D8012A40D12E4B1622F7F75CF81A
:105440001A5001B10C600020F0BD2F463D4615F802
:10545000010B2028F9D0A0F109060346042EF4D947
:105460002B282CD02D282CD101262B78BD1C302B9D
:105470002DD1287840F02000782824D132F0100077
:1054800021D16B782C46102202350020392B82BFA7
:1054900003F1FF3343F02003263B303B9A421AD9F5
:1054A000A0FB02040CB9C01801D346F002062F4637
:1054B0002C4617F8013B3D46E8E70746C6E70026BD
:1054C000D3E70026D3E7002A08BF0822DDE7002A39
:1054D00008BF0A22D9E701B10C60F20748BF404279
:1054E000B307B1D5034B2222F7F706F81A504FF055
:1054F000FF30A9E70C000000242AF0B507460D464E
:1055000001D8012A0AD1414B1622F6F7F5FF1A50AD
:1055100005B12F6000200146F0BD3046064616F862
:10552000011B2029F9D0A1F109040B46042CF4D960
:105530002B293DD02D293ED14FF0010C3378861C0C
:10554000302B3FD1317841F02001782936D132F02B
:10555000100133D1737837461022023600200146FD
:10556000392B82BF03F1FF3343F02003263BA3F125
:105570003004A24236D94FF0000E39BBA0FB0273B3
:1055800038461946BEF1000F0AD13F1953F1000306
:10559000384628BF4FF0010E1946BEF1000F01D06A
:1055A0004CF0020C3446374614F8013B2646D7E748
:1055B0004FF0000CC2E74FF0000CC1E7002A08BF13
:1055C0000822CBE7002A08BF0A22C7E7A2FB013165
:1055D000A0FB02701B1841F100010029D0D04FF050
:1055E000010ECDE705B12F601CF0010F02D0404243
:1055F00061EB41011CF0020F8ED0044B2222F6F722
:105600007BFF1A504FF0FF3085E700BF0C00000011
:105610002DE9F0410126B24201DCBDE8F0810746E8
:105620003B461F4613F8014B002CF6D0252CF8D131
:105630001D780237252DF3D00023DFF8EC809C463F
:105640001C461F2C27D8A5F1200EBEF1100F06D83E
:1056500028FA0EFE1EF0010F53D12E2D3CD02E2D18
:1056600027D8242D33D02A2D36D0BCF1000FD4D02A
:10567000B445D5D145F020070B68A7F1650CBCF106
:10568000020F01D9612F42D1073323F007030833FA
:1056900001360B60BFE77F2CDFD96C2D23D01DD8DE
:1056A000682D27D06A2D01D04C2DDED144F4207412
:1056B00008E0A5F1300EBEF1090FEED80A2404FB74
:1056C00003E3202417F8015B002DBAD1CDE7BCF12C
:1056D000000F18D0B34218D00023F3E7742DF1D097
:1056E0007A2DEFD0C1E7250648BF44F4007444F09A
:1056F0008004E7E7E50548BF44F4007444F480748F
:10570000E0E70024DEE79C46E6E76325B2E7692D83
:1057100002D007D8632D03D0250601D5A405B3D444
:105720000433B5E7732DF6E7892801002DE9F04F22
:10573000837893B08046D0F804909C07CDE9081296
:1057400014D50B4600250B92187888B1252813D064
:105750000133069341460135C847002880F2F4839F
:1057600098F8023043F0040388F802304FF0FF3518
:10577000284613B0BDE8F08F93F801A09A1CBAF147
:10578000250F0692E6D04FF0000B5E465F465C4662
:105790001F2C23D8AAF12003102B22D8DFE803F016
:1057A0001521211B2121210B212121132118212128
:1057B000090044F00104069B13F801AB0693BAF10B
:1057C000000FE5D11BE044F0020444F00404F2E7CA
:1057D00044F00804EFE744F01004ECE77F2C00F2FB
:1057E000F880BAF12E0F00F0D58000F2AE80BAF149
:1057F000240F00F0D580BAF12A0F00F0B680BBF17B
:10580000000F06D0099B5A460BA908980B93FFF787
:10581000FFFE002E4AF02003B8BF24F0400404939A
:10582000A3F16503BCBF0026A4B2022B04D94AF041
:105830002003612B40F088826FEA0A0A0AF02003F5
:1058400007930B9B073323F0070303F108020B9226
:10585000049A612AD3E900AB04F0400340F0E680EB
:10586000002B079B50460CAA08BF4FF0FF36009351
:10587000594644F4C054334607F053FC01304FF00E
:10588000010CDDF830A0C3B2B3420393A8BF03F10B
:10589000FF367023CDE9043C0AF10903122B0DD920
:1058A0000AF16303C62B40F2F4800AF2E73340F2B8
:1058B000CE7293428CBF0423032305939DF83430AA
:1058C000D80700F1E880A20700F1E880C4F3800B5C
:1058D0004FEA4B1B5FFA8BFB13F00C0F00F0EA80D2
:1058E000BBF1000F0CBF03230423BB420EDA2007D9
:1058F000A7EB03070BD42F4441462020C8470028BC
:1059000005F10105FFF62CAFBD42F5D10027BBF133
:10591000000F07D041465846C847002805F1010549
:10592000FFF61EAF9DF83430AD4C13F0080FAD4BB1
:1059300008BF1C462646324616F8010B002840F0E8
:10594000B0802C1B02EB040B7AE1AAF13003092B87
:105950003FD814F0400F4FF00A020ABF44F0200471
:1059600002FB063602FB073725E7BBF1000F7FF489
:1059700022AF0B9A600652F8043B0B9201D51E46EB
:1059800019E7002BA7BF44F020041F465F4244F0F4
:10599000280410E763063FF5EBAE44F040040AE745
:1059A000BBF1000F3DD014F0400A099B0BA90898E9
:1059B0000CBF3A4632460B93FFF72AFE0B9B53F877
:1059C000042B0B93BAF1000F01D01646F3E61746ED
:1059D000F1E6BAF16C0F16D00CD8BAF1680F19D0F5
:1059E000BAF16A0F03D0BAF14C0F7FF408AF44F458
:1059F0002074E0E6BAF1740F3FF4DDAEBAF17A0F2D
:105A00003FF4D9AEFBE6200648BF44F4007444F0EE
:105A10008004D0E6E30548BF44F4007444F4807485
:105A2000C9E65E46BB4634463746C4E6002B049BB7
:105A300008BF0626652B0ED1721C44F48054D2B2E6
:105A40001346112A4FF065014FF0000228BF1123C1
:105A50009446049107E0049B662B12D144F4005451
:105A6000B4460122112350465946CDE9002C0CAA18
:105A700000F07AFFDDF830A0C3B203930223059350
:105A80000AE716F0FF02DBD1652394460493012355
:105A9000E9E7022311E74FF02D0B1DE74FF02B0B29
:105AA0001AE7079B4146C01AC0B2C8470028BFF694
:105AB00042AF55E614F4405F40F09680039B002E01
:105AC00003F1480308BF01266B44133B039A1AB144
:105AD00013F8012D302A75D014F0100F039B18BF56
:105AE00033461AF1040F72DBB24570DA534544F4C1
:105AF00000547CDD0AF101069E1B2AEAEA73013399
:105B0000BBF1000F00D00133002E72D0721C134481
:105B10009F42CCBFFF1A002714F0090F03D12F4476
:105B2000BD426AD10027BBF1000F07D0414658465D
:105B3000C847002805F10105FFF612AE230510D570
:105B400041463020C8470028FFF60AAE079B414671
:105B50000235C3F1780000F0F800C8470028FFF6CE
:105B6000FFAD200704D4AB467D195D454DD100271C
:105B7000A10468D52AEAEA737642AAEB030A039ADB
:105B8000013B05F1010B524589BF0CAA302052445C
:105B900050799E4241DC41460493C84700280AF1EF
:105BA000010A049BFFF6DCAD5A1C09D141462E20A8
:105BB0000493C8470028FFF6D3AD05F1020B049B00
:105BC0005D46DCE7039A013AD2B203927EE75E1E9D
:105BD00014F4006F059A14BF0523032313448FE7C1
:105BE0008F1002002DFB0100A10486D4F0E70026EF
:105BF00083E7E20648BF01338AE741462020C847D1
:105C0000002805F101058BDAAAE541463020C84796
:105C100000280BF1010BA8DAA2E541460393C8471F
:105C20000028FFF69DADE6060AD5039B013307D198
:105C300005F1020B41462E20C8470028FFF690AD23
:105C40005D465F4412E241469DF83500C847002892
:105C5000FFF686AD002E5DDD41462E20C8470028A8
:105C6000FFF67EAD01240CAB039A4146A346A24247
:105C7000CABFE21830205079C8470028FFF670AD3F
:105C800001340CABA642EFDAAC1C5C44049B4146E9
:105C9000079A981AC0B2C8470028FFF661ADBAF15A
:105CA000000F4146B6BF2D202B20CAF1000AC8477D
:105CB0000028FFF655AD059B042B37D14FF47A76BB
:105CC00041460334BAFBF6F505F13000C0B2C847CF
:105CD0000028FFF645AD06FB15AA642641460134AF
:105CE000BAFBF6F505F13000C0B2C8470028FFF650
:105CF00037AD06FB15AA0A2641460134BAFBF6F574
:105D000005F13000C0B2C8470028FFF629AD06FBF8
:105D100015AA12E0E40601D46C1CB7E741462E2018
:105D2000C847002805F10204B0DA19E5059B0234E2
:105D3000032BD2D0059B012BDDD10AF1300004F1F9
:105D4000010B4146C0B277E7AAF16303122B00F2C0
:105D5000E580DFE813F013005400E300E300E30004
:105D6000E3005400E300E300E300E300E300FC0091
:105D7000DD00E300E3002900E300AB000B9B0126FC
:105D80000DF1300A1A1D1B680B928DF83030200778
:105D90002CD50AEB060B54465C4529D1A5EB0A0A23
:105DA000BF1B04EB0A0B4BE70B9B1A1D0B92D3F89E
:105DB00000A0A94BBAF1000F08BF9A4614F0400F9B
:105DC000504614BF31464FF0FF3104F01AFE06462C
:105DD000DDE741462020C8470028FFF6C1AC013C62
:105DE000A642F6D32F443D1B2746D2E73C46F7E7B1
:105DF000414614F8010BC8470028CDDAB0E421066B
:105E00000B9B32D5A2052BD5073323F0070303F1F3
:105E10000802D3E900010B9224F0100B00291FFAAD
:105E20008BFB32DA40424BF4806B61EB41010CACEE
:105E30000A23224606F022FF1BF0400FA0EB0402CB
:105E400000F09C802BF0010396429BB240F39F80B0
:105E5000BAF1000F40F09D802BF011039BB21FE0C0
:105E60001A1D18680B92C117D6E71A1DE0051968AC
:105E70000B9201D40846F6E7A20547BF48B241F3AA
:105E8000C01108B241F3C031C6E750EA0103CED1D8
:105E90006306CCD5002ECAD124F011043246A3B239
:105EA000344640F206410B426FD126E024F0100444
:105EB0000A23A4B214F0800C0B9A4CD014F4007195
:105EC00015BF0732101D22F007020B900FBF10689C
:105ED00002F108010B91D2E9000150EA010247D119
:105EE00024F0160B62061FFA8BFB45D5002E43D11A
:105EF00024F017043246A3B2344619075FD4D907F9
:105F000004D5A74272DD3C1BA6183C46A34650E0D0
:105F100044F0100410234FF0780ACBE74AF0200336
:105F2000782B04D1CAF1780343F01003C2E741464D
:105F30002520C8470028FFF613AC41465046C84705
:105F40000028FFF60DAC0235069BFFF7FDBB0823CA
:105F50004FF0000AAEE7111D10680B9114F4807128
:105F6000BBD014F400711ABFC0B2614680B2B4E76E
:105F700024F006041FFA84FB0CAC5AE714465B4677
:105F8000D9068ED5BAF1000F05D10134B5E7144614
:105F9000F6E73446F4E70234AFE741462020CDE986
:105FA0000332C8470028FFF6DBAB0BF1010BDDE93C
:105FB00003325F45F1DC2C1B04EB0B055C46D90674
:105FC00016D5414630200392C8470028FFF6C8ABDB
:105FD000039ABAF1000F32D0023541465046C84705
:105FE0000028039AFFF6BCAB2E441DE016468DE751
:105FF00040F206410B42F7D013F0020F05F1010504
:106000004146039214BF2B20202013F4806F18BF49
:106010002D20E4E7414630200392C847002805F1CF
:106020000105039AFFF69CAB731B9A42F2DB1646FE
:106030000DF1300A2EB902EB050B3F1B00E60135CE
:10604000D2E7013E414603921AF80600C8470028ED
:10605000039AEFDAFFF784BB931002004146202039
:10606000C847002805F10105FFF67AAB7B1B002B22
:10607000F4DC69E72DE9F04F002391B082460792E6
:106080000E920F9305930D4615F8014BACB1202CE1
:1060900017D0A4F10903042B13D9252C17D00FA96D
:1060A000504606F011FE031EC0F2EE80DBB2A342A2
:1060B0000BD00FAA514606F011FE059811B0BDE8AD
:1060C000F08F0FA9504606F011FE2946DBE74F7806
:1060D0008D1C252FE3D02A2F03BFCD1C8F780124E0
:1060E00000240026A7F13003DBB2092B19D9A2073F
:1060F00022D5242F22D1079B24F0020400220E93E4
:10610000A4B201239E4214DC42B1731E002E0E9AEB
:106110004FEA8303D8BF00231A440E9215F8017B7F
:10612000DFE70A2244F0020415F8017B02FB063681
:10613000D8E701330122E5E74FF0FF366C2F33D06B
:1061400007D8682F24D06A2F3CD04C2F35D027B9E0
:10615000B3E7742F33D07A2F31D03946964806F002
:106160002BFD0028A9D014F001030C9311BF4FF0B0
:10617000000B0E9B1A1D0E9208BFD3F800B06E2FB5
:1061800023D10F9A00235846009406F0C4FD9CE7E3
:106190002F78682F03D044F020040135D7E744F06E
:1061A00030046F780235D2E72F786C2F02D044F09C
:1061B0000404F2E744F00C04F3E744F00C0415F88F
:1061C000017BC4E744F00804F9E7632F1FD114F002
:1061D000020F04F0040408BF01260FA9504606F080
:1061E00073FD002850DBBBF1000F02D064B14BF807
:1061F000040B013EF1D10C9B002B7FF466AF059B95
:106200000133DBB2059360E70BF8010BF1E75B2F7D
:106210005BD12B7800275E2B06BF01354FF00109BB
:106220004FF000090FA9504606F04EFD0023A84686
:1062300005F1010E9C46194618F8012BF2B1F04504
:1062400007D05D2A11D02D2A03D12BB90A4601238C
:1062500009E0002B08BF1146884203DB9042D8BFFB
:106260004CF0010C00231146E6E7002805DBCC4585
:1062700011D10FAA514606F031FDCFB99AF802307C
:1062800013F00C0F3FF419AF059B002B14BF1846F9
:106290004FF0FF3012E7BBF1000F05D063074CBF92
:1062A0004BF8040B0BF8010B013E4FF00107B9D17D
:1062B000BBF1000F07D014F0040416BF00238BF8C5
:1062C0000040CBF80030454695E70FA9504606F050
:1062D0000DFD0028D8DB582F6AD0643FFBB2142B89
:1062E00000F2B080142F00F2AD80DFE807F063AB5E
:1062F000ABABAB0BABABABABAB5F61ABAB42AB63D5
:10630000ABAB610000270FA9504606F0DDFC2B283F
:1063100003D02D2809D144F04004013EAED00FA98E
:10632000504606F0D1FC0028A8DB302872D1B6F127
:10633000010905D00FA9504606F0C6FC00283DDA39
:106340000026B046620602D5764268EB480832461F
:1063500043465846009406F0DEFC4CE7BBF1000FC4
:1063600005D067074CBF4BF8040B0BF8010B013E3F
:106370000FD00FA9504606F0A7FC002809DB202803
:1063800003D0A0F10903042BE8D80FAA514606F068
:10639000A5FCBBF1000F3FF42EAF14F0040416BFB0
:1063A00000238BF80040CBF8003024E70827AAE749
:1063B0001027A8E70A27A6E79A10020040F020035A
:1063C00044F08004782B0DD137F010030DD1B6F1D5
:1063D0000209B5D00FA9504606F076FC0028AFDBC5
:1063E000102702E0002F08BF08270026B0463928F2
:1063F000034682BF00F1FF3343F02003263B303BCE
:106400009F420CD851460FAA06F068FC21067FF582
:1064100035AF97E7B146002FE7D10A27E5E7A7FB9D
:10642000066244F080049E1907FB082242F100082E
:10643000B9F1010986D00FA9504606F045FC0028A5
:10644000D5DA7FE70FA9504606F03EFC2B280290D4
:1064500003D02D280CD144F04004013E3FF40EAF90
:106460000FA9504606F030FC031E0293FFF606AF5C
:10647000029B43F02003692B3FD06E2B6DD04FF071
:1064800000080A234746C1460393CDF81880CDF88B
:106490001080230540F19080029B43F02003DBB283
:1064A000A3F16102052A00F28780573B039ADBB211
:1064B000934280F0E580E10544F0800200F1A28083
:1064C00003990A2904F00C0140F0848000290CBFD4
:1064D000082110210698884240F38180039A44F4F1
:1064E000C0740A2A40F08F80042B40F28C80052B68
:1064F00000D100230222049285E0794F4FF000087A
:10650000DFF8E89117F8012BAAB1013E02920ED0F4
:106510000FA9504606F0D8FB031E08DB43F020030A
:10652000029A9342EED00FAA514606F0D7FB6D4B6C
:106530009F427FF4A3AE49EC108B06F0E3FD38B325
:10654000013E25D00FA9504606F0BEFB282816D0E4
:106550000FAA514606F0C2FB1AE0634F4FF0000845
:10656000DFF88C91CEE720F02003413B192B06D9B0
:10657000A0F13003092B02D95F287FF47FAE013EE2
:106580003FF47CAE0FA9504606F09EFB2928EAD1C5
:10659000630606D509F10043CDF828800B93DDE9A9
:1065A0000A89BBF1000F3FF426AE14F00C0F00F087
:1065B0007481CBE900891EE6029B039A303BDBB273
:1065C0009342FFF478AFFE2B5AD1A30558D444F47C
:1065D000007422E000290CBF07210F217AE7A105F2
:1065E0004BD403990398A1FB0771DF1900FB091134
:1065F00041F1000957EA090302D0069B01330693D3
:1066000014460AE01446049A002B18BF42F0010217
:106610000492A20501D408F10108013E07D00FA998
:10662000504606F051FB031E0293BFF632AF21061F
:106630007FF524AE2205029A4CBF7023652342F0F9
:10664000200248BF4FEA88089A4271D1731E039313
:1066500070D00FA9504606F037FB2B28034603D015
:106660002D283AD144F48064B21E039219D10FAAA6
:106670005146184606F032FB5CE008F1FF38B0E7FF
:10668000029A04F0800342F02002782ACFD1002B36
:10669000CDD057EA0903CAD1102344F40064039310
:1066A000BBE70FA950460D9306F00EFB0D9B1E464F
:1066B0000346A3F13002092A1CD918460FAA5146F5
:1066C00006F00CFB731C04D00FAA5146304606F0AE
:1066D00005FB0FAA51460298CCE74FF0FF36E8E7DA
:1066E0000A1E02000D1E0200071E02000000F07FBD
:1066F0000000F87F00260A2240F2D3418E42DCBF20
:10670000A3F1300102FB0616039A013A039209D065
:106710000FA9504606F0D8FAA0F1300103460A222C
:106720000929E9D96005029348BF7642B044039E27
:10673000002ECED157EA090300F0AA80210504F00B
:106740000C027ED5002A5AD05B4835235A1C192AE0
:10675000904407BF4FF00071002200214FF48002E7
:106760008F4279EB02064ED3182B07BF4FF08062A1
:10677000002100224FF40001974279EB010648D234
:10678000804546DB049A3A4317464A4607F0030120
:10679000032903D007F0060106290AD1043749F17D
:1067A0000002B2F5000F22BF08F1010801274FF4E3
:1067B0008002BF08C3F13501C3F11506153B47EA56
:1067C0008277920807FA06F627FA03F38A4007FA57
:1067D00001F132431A43384B984229D1B8F5806F02
:1067E00065DAB2F5801F29D308F2FF3822F480124F
:1067F00042EA085308910993DDE90889C8E66FF079
:106800007D001823A2E7FF1908F1FF3849EB0909B9
:10681000A6E77E0807F0010708F1010846EAC976F5
:106820004FEA59093743A7E7491808F1FF385241A1
:10683000B2F5801F38D218F57F7FF5DA4FF00008E7
:10684000D6E7049B07F001001843069B0130434440
:106850008008381849F100015AB113F5A27F17DDFD
:10686000B3F59B7F23DA4246F2F76EFA59EC108BB0
:106870008EE613F12D0F0BDB272B18DC414606F0BB
:1068800090FA10EE100AF1F7C3FD804689467FE6C4
:106890004FF000084FF000097AE640464946F2F70B
:1068A00021F8CBF80000A6E4B8F5806F9CDB4FF030
:1068B0000008DFF808906BE602FCFFFF0000F07FA5
:1068C000F0B589B004460D461646002120226846E0
:1068D0001F4606F059F90223002D04948DF802306A
:1068E000094B01930EDB01D06B1E1C443A46314626
:1068F00068460594FEF71AFF15B1049B00221A7032
:1069000009B0F0BD0024F1E78BD2010070B588B06A
:1069100006460C46154600212022684606F034F94A
:1069200001232A4621468DF802306846034B04961F
:106930000293FFF79FFB08B070BD00BF77D2010044
:106940001FB502AB074A00934FF0CC3306F0A4FB0F
:10695000DDE90201C00840EA4170C90805B05DF8F0
:1069600004FB00BFCDCCCCCC2DE9F04F9BB00F0D7C
:1069700004460A939DF890300592C1F30A520C9395
:10698000C1F31303C90F07917AB950EA03017ED10D
:106990000599302301274B71079B0A6043F00203DE
:1069A0000B7138461BB0BDE8F08F40F2FF718A4290
:1069B0000BD10343079B059A4FF0000714BF43F028
:1069C000080343F004031371EBE7A2F2354A43F4E2
:1069D0008015234304F001024FEA85080CBF27F01D
:1069E0000107012748EA9478089208BF7F054FEA1B
:1069F000840602BF7F0DB7FA87F77F09BAF1000F4F
:106A0000C0F2B680504600F0EFF9BAF1030FC8BFEC
:106A10000138049000F002FA049B7C3016A9A3EB25
:106A20000A0A8244184600F08BFA12AB2046294627
:106A3000019310AB16AA02970093534606F03BFA57
:106A4000049B04460D46152B00F28E8014ABA94A18
:106A50003046414600934FF0CC33DDE9109A06F002
:106A60001BFB149B159A9B0843EA827303EB830379
:106A7000B34210D14146304600F0D8F9049B83421E
:106A80008CBF4FF000084FF00108002715E01D46AD
:106A9000DFF864A29DE7089B002B55D1013E48F129
:106AA000FF31F01B61F1000100F0C0F9049BDDF83B
:106AB000208083428CBF002701270C9B002B40F0D5
:106AC000C880DDF8289000264FF00A0B069609963C
:106AD000DDE91001FFF734FFDDE912A3CDE90D0177
:106AE000194650460F93FFF72BFF0A4603460D99B0
:106AF0000B908B420E9B72EB03010F9B80F0C480C6
:106B0000204629460F92FFF71BFF0B9B002E14BF58
:106B10004FF0000808F001080F9A0BFB10460BFB22
:106B200003F50D9BF6B204461093554514BF00279C
:106B300007F001070E9B0D46139211930B9B1293C6
:106B4000069B01330693C3E7B01C48F1000100F037
:106B50006DF9049B83428CBF00200120B9EB00003B
:106B60006AF10002CDE910024FF000084746A4E7A1
:106B7000CAF1000B584600F03DF9BAF1FF3F0CBFD7
:106B80008146A0F10109ABEB090B0AEB090358465A
:106B9000049300F043F916A9A0F17D0A584600F0CD
:106BA0005DF912ABA9EB0A0A2046019310AB294606
:106BB00016AA00935346029706F07DF9B9F1010F2A
:106BC00004460D460ED8089B13B94FF0010874E730
:106BD000109B4FF00108119A013B42F1FF32CDE9C1
:106BE000103252E7B9F13E0FBED84FF0FF33A9F192
:106BF0002000C9F1200103FA09F203FA00F023FA98
:106C000001F103FA09F3024326EA03060A4328EADC
:106C1000020856EA08060CBF4FF001084FF00008C2
:106C200033E700FB02F60133A1FB001232448C4231
:106C300075EB0206F5D2049A1344259A1344D20F39
:106C40009342B8BF13460A9A9A42A8BF1A46914681
:106C500039E70A21002201230846E8E70BFB01FE81
:106C60000CF1010CA0FB0B017144844275EB010E89
:106C7000F4D2CC450DDDB9F1000F02D154EA050183
:106C800007D0012309933BE70A2000214FF0010CB4
:106C9000EBE7002F32D04FF00A0B50461946FFF7B2
:106CA0004FFE0BFB00F20B9152450E9026D1002EA9
:106CB00014BF4FF0000808F00108DDE91001FFF7EC
:106CC0003FFE8A460D9029462046FFF739FE0D9A71
:106CD0000E9B0BFB10460D4604461293F6B2CDE90F
:106CE000102A0B9A9A460B9B1392069A013206922F
:106CF000D3E700BFCDCCCCCCCCFBFFFFB8F1000F6D
:106D000005D0052E03D104F001060436F6B2049B2B
:106D1000069A13449846099B53B9DDE912239D4214
:106D200008BF944204D1089B002B49D1002F47D0C3
:106D3000042E94BF0026012630194FF00A024FF0AE
:106D400000034FF0010745F100011446904271EB3A
:106D5000030537D2F6B1B9451CDA0C9B6BB1259A05
:106D600008EB070313440A9A012BB8BF01239A4288
:106D7000A8BF1A46974291460CDD053008F101087C
:106D800007F1FF374FF00A024FF0000341F1000115
:106D9000F1F748FE4F450FFA88F8059BA8BF4F460C
:106DA0004FF000093FB2B84408F1FF3607F105087B
:106DB0009844B9450DDB059B079A1E601A71F0E5F2
:106DC0000126B9E704FB03F50137A2FB04232B449A
:106DD000BCE70A220023F1F725FE303209F1010950
:106DE00008F8012DE5E700BF014B5843800C7047C0
:106DF00041340100014B5843000D7047FB2E0B003E
:106E0000014B5843C00C70474F931200024B58433C
:106E1000C00C0130704700BF4F931200024B584323
:106E2000C00C0130704700BF4F93120070B503468D
:106E3000094A00204FF0CC364FF0333506FB03F4FF
:106E400002FB0144A3FB023121449D4275EB010486
:106E500001D30130F2E770BDCDCCCCCC1A232DE9A3
:106E6000F04FB0FBF3FA334E03FB1A0389B004462C
:106E70000D4606EB0A1653B9D6E90023C1E90023F3
:106E8000D6E90201C5E9020109B0BDE8F08F2A4A3E
:106E900002EBC303D3E9008904AB404649460093A3
:106EA000D6E9022306F0F8F806AB83460F464046C3
:106EB00049460093D6E9002306F0EEF80023814608
:106EC000DDE9066216EB0B0652EB070828BF01232B
:106ED00033B1049B059A013342F10002CDE904323B
:106EE00020460391FFF79AFF07461A2000FB0AF09D
:106EF000FFF794FF3F1A32464346484603990097EE
:106F000006F0E1F80D4A4FEA141C640004F01E0379
:106F100052F82C40DC4004F003042418304641F1C0
:106F20000001DDE90423C5E900414146009706F070
:106F3000CAF8A7E768D9010098D8010054DF01001A
:106F40002DE9F04F1A2700F11905DFF8E8A089B004
:106F500004460E46B5FBF7F56F434FEA051B0AEBF7
:106F600005153A1A0AD1D5E90023C1E90023D5E96C
:106F70000201C6E9020109B0BDE8F08F2B4B03EB1B
:106F8000C203D3E9008904AB404649460093D5E9E2
:106F9000022306F081F85AF80B206B68013ACDE91C
:106FA000020106A963F1000340460091494606F03C
:106FB00073F88A46029900238146DDE906526D186E
:106FC000039952EB010828BF012333B1049B059AB2
:106FD000013342F10002CDE904323846FFF71EFFCB
:106FE00007462046FFF71AFF3F1A2A4643464846FF
:106FF0005146009706F067F80D4A4FEA141C6400EA
:1070000004F01E0352F82C40DC4004F00304013469
:107010002418284641F10001DDE90423C6E90041B6
:107020004146009706F04FF8A3E700BF98D801004B
:10703000A8DF010038DA010070477FB50BAB05937C
:1070400003930A9B029300231846CDE90033F3F71C
:107050003FF907B05DF804FB7FB50BAB05930393D5
:107060000A9B029300231846CDE90033F3F730F969
:1070700007B05DF804FB0020704700EBC1004088BA
:1070800040087047F8B50346FFF7F7FFB0FA80F005
:10709000C0F11F0003EB800CDCF81060CA00171D64
:1070A0000C4606328DB256B9012101FA00F0D968BA
:1070B0000143D960CCF81040DD539D52F8BDF1007A
:1070C0000431585AD85303EBC0009E52C5805D521C
:1070D000F4E710B500EBC104E388994202F1040122
:1070E0000AD1012303FA02F2C36823EA0203C36050
:1070F000002340F8213010BDA28840F8213000EB79
:10710000C20100EBC300CB808280F4E708B50346E0
:10711000FFF7B3FFB0FA80F21846BDE80840C2F1AD
:107120001F02FFF7D6BF2DE9F843B1FA81F3C3F18F
:107130001F0200EB8209D9F8107006460D4687B988
:107140004FF0FF34C3F120039C40F3681C4014D07F
:1071500094FAA4F2B2FA82F2131D56F823402146A3
:1071600008E03C464FF0030821463046FFF785FF14
:10717000A84205D33046FFF7ACFF2046BDE8F883B0
:1071800006EBC404E488B8F10108C9F81040D7D070
:10719000A742E9D1D4E77FB50BAB059303930A9BD4
:1071A0000122029300231846CDE90033F3F790F84B
:1071B00007B05DF804FB38B50446FFF75EFF0D46E7
:1071C000034611462046FFF758FF03449BB204EBE9
:1071D000C5055A0020466A80FFF74FFF014424F896
:1071E000313038BD70B50B460446FFF746FF04EB5F
:1071F000C305511A9B1A89B203444E009BB26E809C
:1072000004EBC2005D00458024F832102046114690
:10721000FFF733FF014424F8313070BD70B509B970
:10722000002070BD056801F007030B33CC0804EBA8
:10723000D304AB6828469C4228BF1C462146FFF772
:1072400072FF06460028EBD001462846FFF715FFDF
:10725000A04207D928463219FFF7C4FF1146284635
:10726000FFF710FF05EBC60210465388043043F0C9
:1072700001035380D5E71146FFF7D0BF043A2DE94B
:10728000F843CC1D114424F0070421F00706A6EBB7
:1072900004084FEAD807B7FA87F24FF00009C2F1A5
:1072A0002405AD000735C2F12002ED08046049460F
:1072B000A760C4F80C90920004F1100005F064FC83
:1072C000AAB2530043F0010363807B1B9BB204EB23
:1072D000C5015800A4F80090488024F83520A6F88D
:1072E000029024F8083004EBC7035A88294642F07C
:1072F00001025A802046BDE8F843FFF7C3BE2DE9DE
:10730000F04706460D46174698462BB34FF0000A45
:1073100098F8004093F80190DB78A40004EB430454
:1073200098F802301C444444CA4509D339463046D3
:10733000AC46D8F8042008F10803BDE8F0476047E0
:1073400014F8013B0AF1010A204648F82340F1F7FE
:1073500095FB01300444E7E76FF01500BDE8F087C6
:10736000002070470FB407B504A951F8040B019130
:1073700000F0B4FC03B05DF804EB04B07047038B7D
:1073800013F0070306D10368002B18BF032008BFC2
:1073900000207047022B05D1408BB0FA80F04009E5
:1073A00080007047012B04D10368002B18BF052013
:1073B000EDE70020704710B50C4600B111B96FF031
:1073C000150010BD081D00F088F80028F9D1A36849
:1073D000032BF6D9F3E72DE9F0410D460746194690
:1073E000281D90461E4600F08CF8044638B13346FE
:1073F000424629463846A446BDE8F0416047BDE80C
:10740000F08110B4EFF31182202484F31288BFF3CB
:107410006F8F41615DF8044B0121F2F75FBD38B514
:107420000C46054658B151B10B6843B14B6833B1B6
:107430001C22002105F0A8FB00202C6138BD6FF054
:107440001500FBE7F8B504460E46FFF7B4FF051E2E
:107450003BDBEFF31182202383F31288BFF36F8F9E
:107460004FF6FF71638B278B8B4207F007072ED0F7
:10747000062F2FD8DFE807F0182E082E1804180062
:107480006FF08505002303E00133638302250123A8
:1074900082F31188BFF36F8FBBB100233A463146A8
:1074A0002046FFF798FF10E000233360636823B99C
:1074B000C4E9006627B13D46E4E71E606660F9E76F
:1074C00002212046F2F70AFD3D462846F8BD6FF03E
:1074D0000A05D7E76FF00405D4E7034640B14268D8
:1074E00002F00302022A06D0032A04D0012A05D0A2
:1074F0006FF0150070471A68002AF9D000209860D4
:10750000704710B54268034602F00302022A816008
:107510000AD0032A0BD10468002000225A6008B167
:10752000FDF7D4FD204610BD00240068F5E70024D7
:107530002046F2E770470346012B82BF03F1FF327A
:1075400052185B42084688BF02EA0300704770B5D4
:107550000446816A00F019FB636A0646984215D01A
:10756000A0B1228F01460132204692B200F077F995
:10757000054648B9082194F83A00A662FFF7DBFFF8
:10758000238FE06201332387284670BD6FF01B050F
:10759000FAE72DE9F04F85B0914690F83A2004467D
:1075A000082A38BF08220E46D31D03F4FC7302AF2D
:1075B000ADEB030D0DF1080B90F84010584605F0A7
:1075C000E3FA32465946204600F00BF9051E73DBFC
:1075D00094F83AA0A9B25046FFF7ADFF3146804675
:1075E0005046FFF7A8FF012106465046FFF7A3FFCC
:1075F00004F110030644B6B27B604FF0FF324FF047
:10760000FF3304F11000FCF7F5FC0546002860D1BB
:10761000D4E90A124B6802EB08003044984235D98D
:10762000AA46227A20463A6000F0AFFA0146BAF143
:10763000000F08BF8246606A814244D03A68681CE5
:10764000AA423EDCBAF1000F3DD0082194F83A007E
:10765000FFF771FFDAF8045030444044854232D3DA
:10766000228F51460132204692B200F0F8F80546CA
:10767000F8B9082194F83A00C4F828A0FFF75BFF96
:10768000218F0246013121875146E0625B46204648
:10769000CDF8008000F06FF80546B8B9A36AC9F8C4
:1076A0000030E36AC9F8043043441E44C9F8083086
:1076B000E6627868FCF710FD28460C37BD46BDE849
:1076C000F08F0546AEE76FF01B05F2E76FF004059B
:1076D000EFE76FF01505EFE72DE9F04383B00446BF
:1076E0000D4690F83A2002AFD31D03F4FC73ADEBC6
:1076F000030D02AEFF21304605F046FA3246294618
:10770000204600F0E8F9A0B994F83A80A9894046EB
:10771000FFF711FFD5F80890CDF8008000EB0902C3
:1077200033462046296800F026F8002818BF6FF07D
:1077300004000437BD46BDE8F08308B5C06B10B146
:1077400000F0EBFBC0B208BD70B514461A46049BAE
:107750004D68E618AE420BD8C06B10B96FF004004C
:1077600070BD0968214400F09EFB0028F8D0F5E7C1
:107770006FF01500F4E770B514461A46049B4D6887
:10778000E618AE420BD8C06B10B96FF0040070BDA4
:107790000968214400F09CFB0028F8D0F5E76FF061
:1077A0001500F4E708B5C06B10B96FF0040008BD10
:1077B000D1E9001200F0A1FB0028F8D0F5E738B5B8
:1077C00004460025816AE388AB4201DC284638BDC7
:1077D000204600F0DAF9636A01468342F6D00135AB
:1077E000F1E77F2A10B506D890F8403001205340C9
:1077F000DB430B7010BDB2F5804F0ED290F84030D5
:1078000062F07F046340DB430B7090F8403002204D
:1078100083EAD213DB434B70ECE76FF01500E9E726
:1078200030B590F840300D7883EA0504E443E0B2C7
:1078300024060ED5AB42497801D18B420CD04B4087
:10784000DB0183F4FF4300F07F0018431080022027
:1078500030BD10800120FBE76FF08500F8E72DE9CF
:10786000F04383B090F83A4002AF082C38BF0824A8
:10787000033424F00304E31D03F47E7390F8409076
:10788000ADEB030D02AB05460E4690464946224637
:10789000184605F079F903464FF0013000FB09F076
:1078A0002A6883F805905040C0432A7918601A71FD
:1078B000A3F806800022314628460094FFF75BFFBC
:1078C000002818BF6FF004000437BD46BDE8F08300
:1078D00030B50546144685B002B902AC0823002233
:1078E000009328462346FFF72FFF88B94FF0013158
:1078F00095F8403022684B439A4207D029684B40A4
:10790000DB439A4214BF6FF02200012005B030BD66
:107910006FF00400FAE72DE9F04FCB680C4685B014
:107920002BB96FF01505284605B0BDE8F08FCA8861
:107930000B7A9A42F5DD3C31C0B2F2F7B1FE064651
:107940000028EED1E36BD8688368DB6898474379F9
:10795000204684F84030FFF7F0FE83460028E0D050
:107960004FF0FF37B246B046B946E388B3422CDC4D
:10797000B9F1000F84F83AB00ADAD4F80C8000228A
:1079800041462046FFF76BFF0746002844D1C24618
:1079900094F83A30C4E9098A012B91BF0823DA1D13
:1079A0005B421340E362278704F1280631462046F4
:1079B00000F0CAF810F1860F05462BD00028F5D04C
:1079C00004F1100004F09BFCADE7E168204601EBF8
:1079D000C60102AA0191FFF77BFF051EA3DB09D0B8
:1079E000B9F1000FBDF80E30019905DA99468A46C3
:1079F00088461F460136B8E71AB238B2824202DD25
:107A00001F468A46F6E70FFA89F09042C4BF9946AE
:107A10008846EFE70025D3E76FF0040583E72DE9FB
:107A2000F0470C461746D1E900124B68951C9D4261
:107A300006468CB04CD80223009304ABFFF784FEBB
:107A400020B16FF004000CB0BDE8F08730460DF1B6
:107A50000E0204A9FFF7E4FE0028F4DB96F83A20B2
:107A600083B2012A84BF02F1FF355B19616884BFCC
:107A7000524213400B44A360BDF80E300246A3816E
:107A8000FF2004A9F5F7C6F90546D4F80880BDF82B
:107A90000EA0C244D04502D300203D70D3E7AAEB2C
:107AA0000809B9F1200F28BF4FF02009CDF8009048
:107AB00042463046216804ABFFF746FE0028C0D19D
:107AC00028464A4604A9F5F7A5F9C8440546E1E762
:107AD0006FF08500B7E7FFF7A2BF30B585B00DF1B5
:107AE0000E0205460C46FFF79AFFE0B995F83A30CA
:107AF000A289012B81BF02F1FF32D2185B421A40EA
:107B00000123A16800930A44284621680DF10F0360
:107B1000FFF71AFE48B99DF80F209DF80E309A42E3
:107B200018BF6FF04C0005B030BD6FF00400FAE7ED
:107B30000346012B82BF03F1FF3252185B42084615
:107B400088BF02EA030070472DE9F04106460D4662
:107B5000FFF7C3FF10B110F14D0F14D196F83A7032
:107B6000A9893846FFF7E4FF012104463846FFF7AC
:107B7000DFFFD5F8088004444444294630466C6051
:107B8000FFF7ABFFE7E7BDE8F0810346DA68DB8883
:107B900001F1080002EBC303984228BF104670476A
:107BA00038B50B6805460C460BB9436A0B60636831
:107BB000D3B995F83A000821FFF7BAFF2146606073
:107BC0002846FFF78AFF10F14D0F03D121462846C2
:107BD000FFF7BAFF70B12168AB6A99420CD0284612
:107BE000FFF7D3FF2060E4E721462846FFF7ACFF0C
:107BF0008630F0D0002038BD6FF08500FBE770B50F
:107C000004460D4600F110064FF0FF324FF0FF33EF
:107C10003046FCF7EFF948B929462046FFF7C0FF88
:107C200004463046FCF758FA204670BD6FF0150444
:107C3000FAE7F8B5044600F110064FF0FF324FF0B6
:107C4000FF333046FCF7D6F9002830D12046616A70
:107C5000FFF7A8FD40BBD4E90913994219D120468A
:107C6000FFF793FF228F01460132074692B220466A
:107C7000FFF7F5FD054690B994F83A30A762012B5D
:107C800091BF0823DA1D5B421340E362238F013367
:107C900023872046616AFFF778FF0025606230463F
:107CA000FCF71AFA2846F8BD6FF00405F7E76FF005
:107CB0001505F7E70020704701F021BF0346D3E820
:107CC000EF0F421CC3E8E12F0029F8D170470021D3
:107CD00008B50846F2F7F6F9002008BD1FB50023E5
:107CE000CDE902011A4619461846CDE90033F2F7EC
:107CF000EFFA05B05DF804FB704700207047436859
:107D0000DA7101224368196043685A71FFF7F4BFC2
:107D100070B50E4615461946044618B9BDE87040C0
:107D2000F2F798BA33B1C2F34A231030120D184457
:107D300004F004FFC4E900562046BDE87040F2F7A5
:107D40009DBA7FB50BAB059303930A9B0222029366
:107D500000231846CDE90033F2F7BAFA07B05DF810
:107D600004FBF8B506460D4614461F4604B9F8BD97
:107D7000214628463A46B047241A0544F6E707B597
:107D8000D1E900328DF80700012152680DF107009A
:107D90009847002003B05DF804FB0A2838B5044674
:107DA0000D4602D10D20FFF7EAFF29462046FFF7D6
:107DB000E6FF002038BD2DE9F043054689B00846AE
:107DC0000E8891F800900C46D1F808801746F2F71B
:107DD000D7FA011EC6F38216C9F3C2091FDB484653
:107DE000F2F768FA0346214651F8102B6088C2F377
:107DF0004A22002A01EB020408BF00210022C0F33E
:107E00000B10CDE90507CDE9031428464146CDE91D
:107E100000220296F2F7E0FA09B0BDE8F0830023F1
:107E2000E1E7436800201B685B689961704743681D
:107E30001B681A6852685360704701212DE9F041B0
:107E400043681B685A6811771D682F68D5E90136A9
:107E5000D3E900481CB96B681C60BDE8F08121467D
:107E600030464246B847241A0644F3E770B54368E3
:107E70000C461D686B689869F2F792F92146034633
:107E80000F222868BDE870401847002908DB806889
:107E9000884205D9401A904234BF00200120704723
:107EA00000207047704770B516461A4605460C46C6
:107EB000FFF7EBFF48B16968E868214482681468FD
:107EC0003246A446BDE8704060476FF0150070BDB3
:107ED00070B516461A4605460C46FFF7D6FF48B160
:107EE0006968E8682144826854683246A446BDE85F
:107EF000704060476FF0150070BD10B50B4604462A
:107F0000FFF7C3FF30B16168E0681944BDE8104075
:107F100001F008B96FF0150010BD08B5C06883689E
:107F2000DB689847006808BD30B54C680368A34219
:107F300001D2012030BD8A682244934201D300203F
:107F4000F8E7D1E90452954203D36FF00B038B613C
:107F5000F5E7CA681B1B42F835304368086902EB35
:107F6000C00253600B6901330B61E2E737B50C4681
:107F7000C0B201A91546F2F793FB00280CDB01986B
:107F800050B121462A46F2F7B1FB04460198FFF7AB
:107F900089FF204603B030BD6FF01504F9E730B11A
:107FA000C38882889B1A8B42B4BF0020012070478F
:107FB00030B5BDF80C50059C0D2D11D101258B421B
:107FC000258002DC6FF0150030BD4C1CA4B2415C72
:107FD000181B1480F6D401F10D03049A1380F3E703
:107FE0000E2D02D000232380ECE7022525805C1AA9
:107FF000012CE7DD4C19455C013189B2415CA4B22A
:10800000181B41EA05211480DCD401F20D139BB248
:10801000E3E730B501F007040B11251D023103FA27
:1080200005F315D01AB1016809B1914212D1416826
:1080300011B1017A8C420DDC016809B1994209D372
:1080400002B102604360037AA342A8BF23460372D1
:10805000002030BD6FF01500FBE7F8B50F46012199
:1080600004461546FFF79BFF064660B12368A288C9
:10807000681818445919521B04F06DFD23685F55A8
:10808000A3880133A3803046F8BD38B50D460121E1
:108090000446FFF784FF28B1A3882268D554A3883B
:1080A0000B44A38038BDF8B5054614460F4681B190
:1080B0001146FFF774FF064648B1AB882868224690
:1080C0001844394604F03AFDAB881C44AC80304675
:1080D000F8BD0E46FBE7F8B50F46022105461446EB
:1080E000FFF75DFF064688B12B68AA886018121B4F
:1080F0001919184404F02FFD2B68A4B23A0A1A5536
:108100002B6823445F70AB880233AB803046F8BDE8
:108110002DE9F74F0C2905461C460C9F019217D8F4
:108120004FF0000BD846C9B20C2C24D84FF00009F0
:10813000CA46E3B243EA01112846BAB2C9B2FFF710
:108140008CFF7E1C60BB6FF0150003B0BDE8F08FA4
:10815000B1F5867F06D80D391FFA81FB4FF0010873
:108160000D21E1E76FF4867211441FFA81FB4FF095
:1081700002080E21D8E7B4F5867F07D8A4F10D09CF
:108180000D234FF0010A1FFA89F9D3E76FF48673C4
:1081900004EB03094FF0020A0E231FFA89F9C9E71D
:1081A000B8F1010F34D1B2B228465FFA8BF1FFF774
:1081B00054FFBE1C0028C6D0BAF1010F32D1B2B2B2
:1081C00028465FFA89F1FFF748FF01360028BAD048
:1081D000CCB1019BBBB121462846FFF7E0FE002849
:1081E000B1D02868AA8837198119921B384404F045
:1081F000B2FC28682246019910FA86F004F09EFC31
:10820000AB882344AB8008F10100504420449CE734
:10821000B8F1020FD0D1324659462846FFF75BFF2E
:10822000FE1CC7E7BAF1020FD2D1324649462846B2
:10823000FFF751FF0236C9E72DE9F04F8B4289B0B5
:108240008246DDE912B816461F46DDF850900ADD79
:108250004C1CA4B2455C14801C1B06D4FF2D08D115
:10826000002C40F093806FF01504204609B0BDE863
:10827000F08FB8F800100131A8F80010290905F0B6
:108280000F05ADF81C10ADF81E50002C44D10C2980
:10829000E9D80C2D18D90DF11A0302930DF11E0324
:1082A000CDE9005332463B4650463188FFF780FE09
:1082B000041ED8DBB8F80030BDF81A2013449AB277
:1082C0009342A8F80030CED1BBF80050BDF81C3066
:1082D0001D44ABB2ABF80050ED1A18BF0125002DBC
:1082E000C1D1B8F80030BDF81E20134499B28B42BA
:1082F00018BF0125A8F80030EB07B4D43CBB002A16
:10830000B1D1B9F1000F27D1338813449CB2A342F5
:108310003480A8D13C1BA8E70C29BAD90DF11A0466
:10832000029407ACCDE900141188FFF741FE041E4A
:1083300099DB01D10C2D96D8B8F80030BDF81A2081
:1083400013449AB29342A8F80030A2D08BE7B9F157
:10835000000FD9D0282A86D8BBF80030A9F802200F
:10836000A9F80030348809F104003B1B9342FFF662
:108370007AAF0AEB0401059204F0E0FB059A14447D
:10838000A4B234803C1B7FF570AF6CE700246CE72F
:10839000F8B5089E04469DF81C50BDF8287010B929
:1083A0006FF01500F8BD0029FAD0002AF8D04FF080
:1083B000000C01609DF81810C0F804C0090101F01C
:1083C000300141EA831105F00F031943C0F808C0DA
:1083D000C0F80CC0C280C9B2FFF757FE0028DFD03A
:1083E00020469DF82410FFF750FE0028D8D0022127
:1083F0002046FFF7D4FD0028D2D0A2882368390A8E
:108400009954236813445F70A3880233A3801EB974
:10841000043500202572C5E7002DF9D02A463146E3
:108420002046FFF740FE0028F2D1B9E72DE9F04FD2
:108430000E4690469946044695B020B96FF0150057
:1084400015B0BDE8F08F0BB1002AF7D0A38962897F
:10845000257AB34205EB020A64D900272C2239465B
:1084600009A8ADF81E50ADF82070ADF8227004F0E8
:108470008BFB1FFA8AF35545D4F800B016DA09AA27
:1084800002920DF12202019208AA00922946584652
:108490000DF11E020593FFF7CFFE00283FDBBDF86C
:1084A0002020BDF81E109642059B35D2BDF81EA0B7
:1084B000A2880BEB0A01A2EB0A020BEB050004F009
:1084C0004AFB6389A5EB0A0A13FA8AF36381A3883E
:1084D000F11B13FA8AFAA4F804A04B464246204640
:1084E000009589B2FFF714FE0028A7DB6389BDF869
:1084F000241003440544891B63812046BDF82630BF
:1085000000950AAA89B2FFF703FE002896DB63896B
:1085100018446081002093E70D461746ABE76FF0E3
:1085200089008DE70AB1F31A9EB24B4642463146A6
:108530002046CDF800A0FFF7EBFD0028FFF67EAF48
:1085400063891844A38960811E44A681E2E773B55C
:108550003AB913468DF8042001AAFFF767FF02B06D
:1085600070BDFE2AD3B203D88DF804300123F3E79F
:108570004FF6FE74A242C2F3072504D852BA022372
:10858000ADF80420E8E76FF07F46B242C2F307443B
:108590002BBF12BA8DF80630042303233ABF8DF89F
:1085A00005508DF804400192D6E74388013B032B28
:1085B00015D8DFE803F002040811007970478088BD
:1085C00040BA80B27047037942791B0443EA022320
:1085D000827943EA02007047406800BA7047002081
:1085E0007047FF2108B5FFF750FD00280CBF6FF062
:1085F0001500002008BD08B5FFF755FD00280CBF89
:108600006FF01500002008BD2DE9F04387B08946C2
:1086100090461E4604469DF8387000284ED000292A
:108620004CD0032A4AD92BB12C22002118467A4378
:1086300004F0AAFA0025C4F80090A4F80480A4F875
:10864000068065812572A58199F8001001F00F015F
:10865000082904D96FF04C0007B0BDE8F08304315D
:1086600041452172F6D827D04FF02C08ADF81410F0
:10867000ADF81250ADF81650BD422CBF002308FBD8
:10868000056302930DF1120301930DF1160338BF38
:108690006A1C009338BFD5B2E388BDF81410206877
:1086A00005AAFFF7C9FD00280BDBE5D1BDF81230A4
:1086B0006381BDF81630A3810020CDE76FF015006F
:1086C000CAE76FF08900C7E72DE9F0478046084602
:1086D00000250E46F0F7D2F92C4607462B46BD4240
:1086E0000EDB0021BC4258DA01331B1B32199BB24E
:1086F000002950D00F214046BDE8F047FFF796BE55
:10870000735D2F2B13D1AC4206DB6C1CBC42A8BF9F
:108710003C462B460135E2E72B1B0B2140469BB222
:108720003219FFF783FE0028EFD0BDE8F0873F2B1A
:10873000EFD1AC4209DB6C1CBC42A8BF3C462B46C7
:10874000A146B9450BDB0121CCE72B1B0B21404691
:108750009BB23219FFF76AFE0028ECD0E5E716F865
:108760000930262B01D03F2B06D14C4508DB09F1FF
:108770000104BC42A8BF3C464B4609F10109E0E7B1
:10878000A9EB04030F2140469BB23219FFF74EFEBE
:108790000028ECD0C9E70B21ADE70020C5E72DE9A3
:1087A000F04F17469846C288037A05469A420E460D
:1087B0004FF0000487B029D04FF02C0AADF81430E8
:1087C000ADF81240ADF816400DF1120BBDF81630A1
:1087D000B3421BD8444519D20AFB04F907EB09033D
:1087E000CDE901B30DF116030093EB88BDF8141029
:1087F000286805AAFFF720FD00280BDB37F80930B1
:10880000B34204BF0134E4B20028DFD1204607B0F0
:10881000BDE8F08F6FF01504F8E718B1006808B1F3
:1088200000788009704720B1006810B10078C0F36B
:108830000110704710B5044608465CB1216859B173
:108840000C7804F00F04621E072A05D82246043172
:1088500004F074F9204610BD0024FBE720B1006845
:1088600010B1408840BA80B270472DE9F04F0546FC
:1088700089B00846FFF7D1FF80460846FFF7EEFFB4
:108880009DF848900C4616461F4682460DF1180B7F
:10889000B9F1000F12D059462046FFF7CBFF022353
:1088A000CDE9010B00933A46434631462846CDE9CF
:1088B000039AFFF76DFD09B0BDE8F08F4846EEE77B
:1088C00030B50C4687B005462046FFF7A6FF114697
:1088D0001A4603462046FFF7C1FF04900020CDE969
:1088E00002000190032000902846FFF751FD07B0D9
:1088F00030BD08B9002070470029FBD0027A838878
:108900009B1A42899B1A012B08DD013B0B80037ADD
:1089100042890068134401331844704700230B80D8
:10892000E8E708B5F1F706FF0138C0B206288CBFAA
:108930000020012008BD034601720260002058603B
:108940007047F8B501250C7A0646FFF7EAFF221DAD
:1089500095404B68ADB2B3FBF5F704F0070242EA6D
:10896000071238B109682B448B422CBF0023012326
:1089700042EAC3023046BDE8F8401B21FFF7E7BDDD
:1089800070B501250E7A0446FFF7CBFF321D9540E6
:108990004B68ADB2B3FBF5F206F00706120130B139
:1089A00032432046BDE870401721FFF7D0BD09686B
:1089B0002B448B422CBF00230123324342EAC302E3
:1089C000EFE730B504460D468DB02C22002101A8FA
:1089D00004F0DAF801232946204601AAFFF7DFFE5A
:1089E000002804DD01A8FFF7E0FD0DB030BD6FF0F9
:1089F0000100FAE72DE9F0410C461B218046FFF704
:108A0000E0FF172105464046FFF7DBFF3C21064605
:108A10004046FFF7D6FF1C2107464046FFF7D1FF2F
:108A200001464046FFF77DFFF0B1B01C12D0002E8A
:108A300033DB06F0070330111A1D310700FA02F28A
:108A40002BD4217A08B18B4227D18B42A8BF0B4689
:108A500062602372BE1C14BF3A460022294620469B
:108A6000BDE8F041FFF7D5BAA81C10D0002D14DBEB
:108A700005F007031A1D2D119540626895420CD12F
:108A8000227A934209DC002F2372A8BF27608B1C37
:108A900014BF0A4600223146E1E76FF01500BDE839
:108AA000F081002373B51B2A0D4606461146ADF82A
:108AB000063001D0172A19D13046FFF782FF041E75
:108AC00011DB0DF106013046FFF713FFBDF806304C
:108AD00069682A680B440AB19A420AD314F0080460
:108AE00018BF1C466B60204602B070BD6FF01504C5
:108AF000F9E76FF07904F6E710B50446FFF711FFC8
:108B000000280CBF17221B222046FFF7CAFF20EACD
:108B1000E07010BD73B5026A0446E2B9838E642228
:108B2000002B08BF9623066B7343B3FBF2F5AE42EE
:108B30000DD204210DEB010000F02AFC019BC6F1CF
:108B400001022A44B3FBF2F102FB11331E442662F8
:108B5000012002B070BD90F82E000028F9D0D4E9B1
:108B600006319B1841F10001C4E90631E38E01385A
:108B700053436422B3FBF2F384F82E002362E7E749
:108B8000002303628362704710B54FF4BA6200217C
:108B9000044603F0F9FF4FF0FF33C4F8C83510BDA9
:108BA00038B5044600F5BE70FFF73DFE01281FD022
:108BB000D4E9183213431CD003F025FE4FF47A7524
:108BC000A0FB053205FB0121D4E91820DB0B43EAA9
:108BD00041439B1AA26F4FEAD13102EB420261EB93
:108BE00000019A424FF000038B41B4BF01200020E6
:108BF00038BD0120FCE710B590F8733404460BB182
:108C0000012010BD00F58960FFF7CAFF0028F7D0EA
:108C100094F8433A002BF3D104F61820FFF7C0FF75
:108C200080F00100C0B2ECE7FBF7E4B92DE9F047B2
:108C300001F5CA778AB00D464FF4866200210646D8
:108C4000384603F0A1FFF1F76BFD0446F1F7E4FDB0
:108C50000822288585F82A20236805F11C01EB618C
:108C6000636805F5BE782B62049033780192CDE9F4
:108C7000021373784FF4866283F001030093394640
:108C800001234046FFF784FB041EC0F2A580404646
:108C9000B11CFFF719FD041EC0F29E80D6F8843087
:108CA00013B9D6F88C3043B10C21404696F8832096
:108CB000FFF74DFC041EC0F28F806F6B47B140463A
:108CC00005F13001FFF75CFE041EC0F2858001272C
:108CD0004FF0000A06F1980996F8EC309A4558DBF7
:108CE000D6F88420D6F88CA012B9BAF1000F73D050
:108CF0000023D5F83C900893BAF1000F70D0B9F179
:108D0000000F58D14FF4806748460997D6F8F030E5
:108D100009AA009308A90DF11F03D047041E5BDBCD
:108D2000099ABA4256D803D29DF81F30002B51D071
:108D3000089B002B4ED09DF81F3097B2B9F1000F61
:108D400042D0002B41D02B6C1344EB632C4654F8DB
:108D50003C3F6BB90621D6F888202046FFF7EBFD93
:108D6000F1F7DEFC0368C5F88C314368C5F8903133
:108D700021464046FFF7E5FD041E2DDB08234FF496
:108D80009271404605F5C672FFF750FB041E41DAAA
:108D900022E039F8041C172900D13FB94A46404661
:108DA00039F8023CFFF742FB041E15DB0AF1010A09
:108DB00009F12C0990E7012795F84430286C043319
:108DC0009F40BFB20997A1E723BB4FF0FF33C6F81E
:108DD0008830BBE76FF0150420460AB0BDE8F08785
:108DE0000892B9F1000F0FD0012795F84430296C93
:108DF00004339F40A9EB0103BFB29BB29F420A44D8
:108E000028BF1F460892A1E7D6F88870B7F5806F93
:108E100015D8BFB24046FFF7E4FB041EDCDB3A4640
:108E200040460899FFF7E7FB041ED5DBEB6B002BF0
:108E3000D2D0404605F13C01FFF75EFECCE74FF48F
:108E4000806783E7FBF748B970B50D4619460C23D8
:108E50008AB00446164606A80DEB0302FFF730FD64
:108E6000002807DB2B462046BDF81C2006990096FB
:108E7000F1F7DAFC0AB070BD70B5846E0546DCB15E
:108E800090F82B00B8B103F0BEFC4FF47A76A0FB4B
:108E9000063206FB0121D5E91820DB0B43EA4143EA
:108EA0009B1A4FEAD13161EB0001A34271F100013D
:108EB000ACBF0120002070BD2046FCE72DE9F04149
:108EC000D0F8183104460F4686B003B34FF00108BE
:108ED00000F12C05D5E8EF6FC5E8E38F002BF9D141
:108EE000AEB9314616220DF1020003F04DFE684680
:108EF000D4F81831D4F87811ADF800708DF81480DA
:108F00009847D5E8EF3FC5E8E26F002AF9D106B0EF
:108F1000BDE8F081F8B50446061D4FF0FF334FF071
:108F2000FF3230460D46FFF77FFE94F8733404F5A8
:108F300089671BB129463846FFF7C0FF3846FFF75F
:108F400023FE94F8433A04F618241BB12946204620
:108F5000FFF7B4FF2046FFF717FE3046BDE8F840A4
:108F6000FFF770BF0020F2F769B8034610B5084656
:108F70000AB10021116053B1D0B1411E11F8010FA7
:108F800080B113F8014BA04201D13D28F6D1002059
:108F90000EE0013313600AE03D2808D0B0FA80F0FB
:108FA000400905E018782F28F6D1002AF1D10120D8
:108FB00010BD10B509B100230B6058B103461A78F3
:108FC0001C4601332AB13D2A03D02F2AF7D101B123
:108FD0000B60201A10BD0021F2F772B910B50C46D3
:108FE000EFF74CFD0134204410BD13B5049C0194EF
:108FF00000240094F2F7B4F902B010BD1FB5036865
:109000000093406803ABFFF7F0FF18B9039805B071
:109010005DF804FB4FF0FF30F9E71FB53D240193E5
:109020000DF10F03009313460A46014600208DF808
:109030000F40F2F795F904B010BD2DE9F0478846CE
:1090400088B0196891461E46EFF706FD074648B9F5
:1090500041464846F2F746FAB3680546834205D0D2
:109060000023F360002008B0BDE8F08708B90123B1
:10907000F7E7D6F804A0102D2C4628BF1024CDF811
:109080000080224603AB04A909EB07000394FFF715
:10909000ACFF0028E4D1039B9C42E1D1224650461C
:1090A00004A903F079FD0028DAD12D1BA24427443E
:1090B000E1D1DCE7808970470830704730B404683C
:1090C0008568246829442144006930BCFEF700BF4C
:1090D00070B485891C468D420EDD1B685E18AE4259
:1090E00084BF6B1A2360046885682468294421447E
:1090F000006970BCFEF7D7BE0020186070BC7047D6
:109100007FB50BAB059303930A9B012202930023C7
:109110001846CDE90033F1F7DBF807B05DF804FB42
:10912000002070472DE9F04187680446FB680D4632
:1091300016469847BB682BB1324629462046BDE803
:10914000F04118476FF05700BDE8F08103F01CBDF7
:1091500003F0F4BC7FB50BAB059303930A9B01228C
:10916000029300231846CDE90033F1F7B1F807B0B8
:109170005DF804FB01460068F2F716BC08B5F2F78B
:10918000A7FCBDE80840F3F725B97FB50BAB059305
:1091900003930A9B0122029300231846CDE9003372
:1091A000F1F796F807B05DF804FBEFF314835A0764
:1091B00012D500F1400280EC100A82EC108AF1EE28
:1091C000102AC0F88020012223F0040380F88420B4
:1091D00083F31488BFF36F8F704790F884308BB19E
:1091E000EFF3148343F0040383F31488BFF36F8F0A
:1091F000D0F88030E1EE103A00F1400390EC100A14
:1092000093EC108A704700210120F2F7CDBB436E2A
:1092100083F30B887047F3F787B861B662B680F3C3
:109220001188BFF36F8F704772B6002383F31188E4
:10923000BFF36F8FBFF34F8F30BF62B6BFF36F8F37
:10924000704772B6002383F31188BFF36F8FBFF3AB
:109250004F8F20BF80F31188BFF36F8F62B67047C6
:1092600040E800F313F4803FD8B208BF6FF0150058
:1092700070477FB50BAB059303930A9B01220293C2
:1092800000231846CDE90033F1F722F807B05DF866
:1092900004FB30B50C684B6885B00A894D89009491
:1092A000013B24F01F04234402F01F0242EA45124E
:1092B00023F01F0369468DF808200393F3F758F94C
:1092C00005B030BD08B5D1E904319847002008BD8C
:1092D00008B5F3F76FFB002008BD0CB4034607B5D3
:1092E00004AA084652F8041BDB680192984703B0B1
:1092F0005DF804EB02B07047FAF77CBEFAF7ECBEFB
:10930000F3F798BB0CB4034607B504AA084652F815
:10931000041BDB680192984703B05DF804EB02B0D0
:10932000704770B5141E05460E4613DB4FF4004C13
:1093300040F2E73000214FF47A720023E4FB0C0185
:10934000EFF770FB02460B4631462846BDE87040F9
:10935000F3F712BC4FF0FF321346F5E707B501AB48
:1093600001F0C4F802280AD003280BD068B901988C
:10937000003818BF0120404203B05DF804FB6FF0D5
:109380001500F9E76FF08500F6E74FF0FF30F3E7DF
:109390000022F3F713BDFAF72DBEFAF79DBE38B1E0
:1093A00003682BB11B689B682BB15B681BB1184726
:1093B00000239B68FFDE0020704708B5F3F71AFE14
:1093C000F3F770FEF1F71AFA002008BD10B100683B
:1093D00000B14068704710B1006800B10068704784
:1093E00028B1006818B1C069003818BF0120704763
:1093F00038B1006828B10C30D0E8AF0F084100F058
:109400000100704760B1036853B101220C3302FAC6
:1094100001F1D3E8EF0F0843C3E8E20F002AF8D1C7
:10942000704768B103685BB1012202FA01F1C943D8
:109430000C33D3E8EF0F0840C3E8E20F002AF8D15D
:109440007047FAF7D7BD4FF0FF324FF0FF331830B7
:10945000FFF7F7BF10B50346FFF7B8FF28B1C268A2
:109460001AB1BDE810401846104710BDFAF734BED7
:109470002DE9F04103680021044693F82060FFF7CE
:10948000B7FF90BB02252368002B4BD02746204610
:1094900083F82050FFF7D7FF57F8188B03F0B3F984
:1094A0004FF47A72A0FB020302FB0131C00B40EAC9
:1094B0004140C90BC8E90A013846FFF7D7FF2368C6
:1094C00093F82030AB422DD1062D24D1062E29D081
:1094D00008212046FFF796FF2046FFF781FF08BBD3
:1094E0002046BDE8F041FFF7B5BF2046FFF773FF08
:1094F00002F032FE68B109212046FFF779FF00280B
:10950000C0D00A212046FFF773FFC0F10605EDB277
:10951000B9E70325B7E7062E04D108212046FFF757
:1095200080FFD9E7BDE8F08138B50546FFF78BFF2E
:1095300000212846FFF75CFF10BB2846FFF746FFD7
:10954000044680B1846874B12846FFF744FF02F0F6
:1095500003FEC0B12846FFF739FF01218368284682
:109560009847041E06DB28460021FFF74BFF2846DC
:10957000FFF77EFF05F11800FFF778FF204638BDA2
:109580006FF07704F6E76FF00504F3E708B50346DC
:10959000FFF726FF48B11846FFF71DFF836898685C
:1095A00018B18047C31E5842584108BD0C220369B8
:1095B000C9B202FB0133186C00F00700704770B5A8
:1095C0000346C9B20069EFF31186202484F31288A0
:1095D000BFF36F8F0C2505FB0104246C14F0C0044D
:1095E00001D0A24211D1012205FB0100026400203A
:1095F00086F31188BFF36F8F30B90C225B6802FBD2
:1096000001335B689847002070BD4FF0FF30EFE7F3
:109610008022FFF7D4BFF8B5069F05460469C9B29A
:10962000EFF3118C202080F31288BFF36F8F0C268C
:1096300006FB0146306C00F0070EBEF1010F10D1A1
:10964000376400268CF31188BFF36F8F3EB90C206E
:1096500041430C44C4E90E236B685B58984730467D
:10966000F8BD00F0C00087420CBF6FF077064FF0E6
:10967000FF36E7E713B580240094FFF7CCFF02B074
:1096800010BD10B41C240069CBB204FB0300002100
:109690005DF8044B10471046FAF7A0BD00F0AEBFCE
:1096A000F7F756B9084608B51146F7F71FF800282E
:1096B00018BF6FF0040008BD08B500F015FF0028C2
:1096C00018BF6FF0040008BD2DE9F047002483683F
:1096D00086B0884691465B6902AA01A99847A246CE
:1096E0002546029BAB4202D806B0BDE8F0870026B3
:1096F000019F07EBC5077B6804933A680AEB0603F2
:10970000B24202D89A460135EBE7494603940593E5
:1097100003A8C0470028E7D0049B01361C44ECE7AF
:1097200010B50C4601F064F90023C4E900031846A3
:1097300010BD38B505460C4601F05AF9002D07DB7F
:10974000A84205D9401B84428CBF0020012038BDAF
:109750000020FCE77FB50BAB059303930A9B012226
:10976000029300231846CDE90033F0F7B1FD07B0AE
:109770005DF804FB436800205B681B690B60704761
:10978000436802EA01005B6821EA02019860002058
:10979000D9607047436800205B68996070474368F0
:1097A00000205B68D960704743685B685A6821EAAB
:1097B0000200114098600020D960704730B50369FD
:1097C000586800B30024884219D108688CB99C6895
:1097D0005860A14200D19860002008602AB15A6800
:1097E0000A609A68596002B9996000200FE0284623
:1097F000E9E720609868814208BF9C60ECE7056853
:109800000446002DF3D1002AE9D16FF0150030BDD8
:10981000F7F7F2B930B543681360057A446804EB92
:10982000C504A34202D36FF0010030BD5C79083358
:109830008C42F1D10020F8E743681B68D3F880041C
:10984000C3F88004704742681368D3F8100150B120
:109850000020D26912780A70C3F81001D3F81021E1
:1098600001221A6070474FF0FF307047002A0FDD69
:1098700042681368D3F8100158B10020C3F81001F2
:10988000D3F810010120D26912780A70186070476D
:109890000020704710B543681C680369EFF311801E
:1098A000202282F31288BFF36F8F1A68D17B39B9F7
:1098B000917301221B68DA734FF48003C4F80433F8
:1098C00080F31188BFF36F8F10BD03691A68D17BD5
:1098D00021B10121917300221B68DA73704702697C
:1098E00003461168C87B40B15B681B68D3F8580118
:1098F00018B100230B6113689889704743681B688F
:10990000D3F81001003818BF0120704743681B6866
:10991000D3F80423D2065CBF1022C3F80423704797
:1099200043681B68D3F80423D20644BF1022C3F84F
:10993000082370474FF4007243681B68C3F8042380
:1099400070474FF4007243681B68C3F808237047E0
:1099500038B5436804461D68D5F804335B0205D466
:10996000D5F8040310F0100006D138BDFFF7B7FF9B
:109970000028F5D00120F8E72046BDE83840FFF781
:10998000BDBF012070470369186801601B685A60F9
:10999000704702680346D2F8580140B95B68DB079C
:1099A00006D4D2F82001003818BF012070470120EA
:1099B000704710B4436802691B68D3F80413C905E3
:1099C00017D5D3F82011A1B1EFF31181202484F32E
:1099D0001288BFF36F8FD3F8204134B10024C3F84D
:1099E0002041D3F820410124DC6081F31188BFF3CA
:1099F0006F8F1168D3F8584171B184B100240C61A4
:109A00001168C97B19B94FF48001C3F808131168B4
:109A10008C7B24B100238B735DF8044B7047D3F823
:109A2000241121B10021C3F82411D3F82431126884
:109A30001368002BF0D051685DF8044B184713B53C
:109A400001AA0446FFF7E6FE002805DB019B226819
:109A500019791868F3F74AFF02B010BD2DE9F041FB
:109A600006690546336801279C8910339442A8BFD4
:109A70001446D3E8EF2F002A03D1C3E8E07F002883
:109A8000F7D10CBF3B4600232BD1336822469868A0
:109A900003F054F8EFF31188202383F31288BFF307
:109AA0006F8F69680846FFF774FF326840B9044653
:109AB000106188F31188BFF36F8F2046BDE8F081F5
:109AC0000B689268C3F844250022C3F84845C3F8E0
:109AD0002021D3F82011C3F85821D3F858219F60D2
:109AE000E7E71C46E9E7002200F150039B009BB228
:109AF00003F1804303F5A8331A601B68704708B56B
:109B0000F4F718F908BD7FB50BAB059303930A9BD7
:109B1000029300231846CDE90033F0F7D9FB07B0D4
:109B20005DF804FB02F0FCBA02F00ABDFAF756BB7E
:109B300038B54B1C054617D04FF4004C21EAE174B0
:109B400040F2E73000214FF47A720023E4FB0C016D
:109B5000EEF768FF02460B462846FAF779FB002825
:109B600018BF6FF00A0038BD4FF0FF321346F3E71D
:109B7000FAF7B2BA38B54B1C054617D04FF4004C73
:109B800021EAE17440F2E73000214FF47A720023B9
:109B9000E4FB0C01EEF746FF02460B462846FAF7B7
:109BA00029FA002818BF6FF00A0038BD4FF0FF32C5
:109BB0001346F3E71FB504460068F4F779FC60B17B
:109BC000426A52B1436801A80193A3680393636892
:109BD000002B18BF0B230293904704B010BD002048
:109BE000704737B505460068F4F762FC044688B153
:109BF000C3697BB142680092028C6846ADF80420CC
:109C0000EA88ADF80620984794F8223013B1002373
:109C1000E361236203B030BD38B50C460546182217
:109C2000002102F0B1FF638802226B802B4604F111
:109C3000140123F8042B221D52F8040B8A4243F826
:109C4000040BF9D1237D2B7538BD38B50B4604467E
:109C500016220021184602F097FF628802214280F6
:109C60000246034622F8041B04F11400211D51F89A
:109C7000045B814242F8045BF9D1227D1A7538BD3C
:109C8000006801F0B5BA034610B51C680B88084699
:109C9000012B86B00DD14A88ADF80030ADF8022016
:109CA00008224B6801936946204601F0B9F906B0D5
:109CB00010BD022B04D16946FFF7C7FF1622F2E759
:109CC000204606B0BDE8104001F0AAB938B50446F8
:109CD00004B938BDE069256802F01AFF204602F099
:109CE00017FF2C46F4E72DE9F04F14460E460021ED
:109CF0008BB00546202202A81F46019102F044FFC6
:109D00005CB163680293E3680493A36803932369D7
:109D10000593236A03B1089302AC314622462846D4
:109D200001ABF8F793F8064648B9804681464FF0F4
:109D3000180A019D386035B9019801F010F93046D4
:109D40000BB0BDE8F08F5420FBF702FA0446002860
:109D500036D0C0F80090C0F820902B684360AB6804
:109D6000C3606B688360EB680361D5F804B0BBF136
:109D7000010F14D10820FBF7EBF9E061E8B10823EB
:109D8000A3616B695A88A0F800B042805B684360A9
:109D9000B8F1000F21D13C60A046ED69CBE7BBF1E3
:109DA000020F15D11820FBF7D3F9E06128B1C4F8F0
:109DB00018A06969FFF730FFEAE7204602F0A8FE25
:109DC0006FF009063868FFF781FF00233B60B3E7B7
:109DD00002F09EFE6FF00506F4E7C8F80040DBE7EE
:109DE000FAF708B910B504460068F4F761FB30B122
:109DF000B4F906100C30BDE81040FBF767B910BD90
:109E0000FAF76AB9002307B5CDE90033F4F74CFD42
:109E100003B05DF804FB2DE9F04F054680688BB078
:109E20000C46DDE9146791469A4608B1FFF7E8FF52
:109E3000D5F800B006B1AFB900232146CDE9003313
:109E40004A465346584601F0E1FB0446A86828B14B
:109E50004FF0FF324FF0FF33FFF7C2FF20460BB049
:109E6000BDE8F08F0DF1100816220021404602F0E7
:109E70008BFE162203AB2146CDE9008303925346A5
:109E80004A46584601F0C2FB041EDFDBBDF8103025
:109E9000012B0AD1039A082AD8D13380BDF81210B9
:109EA000059B718073603A60D0E7022BCED1039B93
:109EB000162BCBD141463046FFF7AEFE18233B6050
:109EC000C4E7002307B5CDE90033FFF7A4FF03B0D3
:109ED0005DF804FB38B505460068F8F70BFB04464F
:109EE00010B92846F4F7B2FD204638BD7FB50BAB5C
:109EF000059303930A9B029300231846CDE9003390
:109F0000F0F7E6F907B05DF804FB7FB50BAB0593FE
:109F100003930A9B029300231846CDE90033F0F720
:109F2000D7F907B05DF804FBF4F7F2BF03780D2B07
:109F300007D143780A2B04D18078003818BF01205C
:109F40007047002070472DE9F04F9946002385B0F7
:109F500006468B469046CDE901339DF838A0039321
:109F6000002A4AD0B9F1000F47D0F5F75FF904464F
:109F7000E0B90025B3682F46013B994229469CBFB2
:109F80003368C6E90130CDE90117304601A98DF8E3
:109F90000C50F5F75FF9DDE90117B3680446013BA2
:109FA0009B459DF80C5005D90028ECD0204605B003
:109FB000BDE8F08F0028F9D1013D082D20D8DFE859
:109FC00005F0080808081F08080508006FF03C04A1
:109FD000ECE7BAF1000F04D0C8F80010C9F800701F
:109FE000E4E7D9F800207B1C9A420CD33A4640465D
:109FF00002F0A4FD08F807A0F0E76FF01504D5E71C
:10A000006FF05E04D2E76FF00B04CFE77FB500235B
:10A0100006460D46CDE901330393A1B1F5F706F9E4
:10A02000044668B9304601A9F5F714F90028F9D0BB
:10A03000B3682B60431D03D00B3018BF6FF04C0486
:10A04000204604B070BD6FF01504F9E70223F5F760
:10A05000A5B913B500240094FFF775FF02B010BD39
:10A060000B7830B5412B22D017D8252B03D003F025
:10A07000F703232B13D14B785A2B15D8402B02D83A
:10A08000303B092B0BD84B1C5C785D1C3A2C2FD035
:10A0900025D8303C092C02D825E0612B07D00023BD
:10A0A000C0E90033836030BD613B192BEAE74B7890
:10A0B00003F0DF03542BF2D18B788D1C233BDBB2F2
:10A0C000082B05D840F2051424FA03F3DB0717D454
:10A0D00002B115606D1A016045600323E2E75A2C56
:10A0E00003D8402CDBD92B46CEE7613C192CD2E7B4
:10A0F0000233E2B95B1A013B436001600423D1E7FC
:10A10000CB785A2B10D8402B02D8303B092BDFD804
:10A11000CB1C5C785D1C3F2C21D017D8392C08D87B
:10A120002F2CD5D92B46F4E7613B192BEFE71360B1
:10A13000E0E73D2CCCD16C783F2C18D1033302BB27
:10A140005B1A023B436001600123ABE75A2C02D843
:10A15000402CE7D1BCE7613C192CE3D9B8E70233C6
:10A160006AB95B1A013B4360016002239AE702333C
:10A1700002B113605B1A013B01604360ADE71360FD
:10A18000EFE71360DCE730B50B78203B192B47D89D
:10A19000DFE803F00D462046464646464146464B1C
:10A1A0006D4B4646788989898989898989894C785E
:10A1B0004B1C223C172C33D8DFE804F045323232F6
:10A1C00032324A3232535A53323265777777777761
:10A1D000777777774B781BB30131222B67D00C460A
:10A1E00014F8013FE3B1222BFAD10B4621464C78FB
:10A1F0002C2C14BF4D1C8D1C15F8014C02B11560A0
:10A20000C91A03600623416003722C2C14BF00237B
:10A210000123437208E04B7813B1283B012B48D847
:10A220000023C0E90033836030BD4B78313B082BFD
:10A23000F6D80B46013111F8014F2C2C4FD0303C91
:10A24000092CF8D923E08B78002BE9D00231C4E740
:10A250008D78292DE4D0282DE2D08C1C19464DBBD9
:10A26000DEE78C78313C082CDAD80231E3E70B4684
:10A270000AB1591C11600360002343604FF48473DA
:10A280000381D1E70B465C78591C2C2C27D00C4657
:10A2900011F8015C02B11160E41A03600523446007
:10A2A00003722C2DB2E70B46C5E71946C3E70B46F0
:10A2B0009DE74C1C6578282DB2D0292D01D00134A2
:10A2C000CDE7A578A31C2C2D0CD01C4614F8015CFE
:10A2D00002B114605B1A436001600723E0E70C469B
:10A2E0000131D5E70334F1E708B5F5F75DFA002051
:10A2F00008BD7FB50BAB059303930A9B0293002324
:10A300001846CDE90033EFF7E3FF07B05DF804FB33
:10A31000F5F740BDF5F76CBDF5F7AEBDF5F7B8BC88
:10A32000F5F7E4BB08B9F5F717BF70477FB50BAB7E
:10A33000059303930A9B0122029300231846CDE95B
:10A340000033EFF7C5FF07B05DF804FB7FB50BAB3B
:10A35000059303930A9B0122029300231846CDE93B
:10A360000033EFF7B5FF07B05DF804FB7FB50BAB2B
:10A37000059303930A9B029300231846CDE900330B
:10A38000EFF7A6FF07B05DF804FB08B5F5F792FB01
:10A3900018B9BDE80840F5F75FBC08BD7FB50BAB49
:10A3A000059303930A9B0122029300231846CDE9EB
:10A3B0000033EFF78DFF07B05DF804FB7FB50BAB03
:10A3C000059303930A9B029300231846CDE90033BB
:10A3D000EFF77EFF07B05DF804FB7FB50BAB05938D
:10A3E00003930A9B0122029300231846CDE9003310
:10A3F000EFF76EFF07B05DF804FB7FB50BAB05937D
:10A4000003930A9B029300231846CDE90033EFF72C
:10A410005FFF07B05DF804FB7FB50BAB05930393BB
:10A420000A9B0122029300231846CDE90033EFF77F
:10A430004FFF07B05DF804FB7FB50BAB05930393AB
:10A440000A9B0122029300231846CDE90033EFF75F
:10A450003FFF07B05DF804FB08B500F045F848B1D0
:10A46000002383F31188BFF36F8F0423184602DFA4
:10A470006FF0040008BD7FB50BAB059303930A9BF7
:10A480000122029300231846CDE90033EFF720FFA5
:10A4900007B05DF804FB00B589B006AB0293082352
:10A4A000039301AB049304230791CDE9053004AA7B
:10A4B000062002A9F6F7F4F802280AD003280BD0E8
:10A4C00068B90198003818BF0120404209B05DF812
:10A4D00004FB6FF01500F9E76FF08500F6E74FF029
:10A4E000FF30F3E7002070470020704710B588B0B8
:10A4F0001C4605AB01930C2302930423CDE90612FD
:10A50000CDE904300DEB030103AA0020CDF80CD0F7
:10A51000F6F7C6F8009B236008B010BD0346002084
:10A52000184701F0FDBD024610B5116891B1B1FAAE
:10A5300081F3C3F11F000123834021EA0303D2E822
:10A54000EF4F8C4204D1C2E8EC3FBCF1000FF6D1D2
:10A55000EBD110BD6FF00B00FBE710B50368CB40EB
:10A56000DB0710D401238B40026843EA0201D0E8E4
:10A57000EF4F944204D1C0E8EC1FBCF1000FF6D1BC
:10A58000F2D1002010BD6FF01500FBE770B5D0F8D8
:10A5900080300646002B0C46154613DBD1F8803080
:10A5A000002B0FDB00210846F6F7F4F848B92B78AA
:10A5B00043F00043C6F880302B7843F00043C4F8E2
:10A5C000803070BD6FF01500FBE710B1012802D09C
:10A5D0007047F6F7BDB9F6F75BB918B1012803D19A
:10A5E00000F00AB800F00AB8704708B5F6F76CF941
:10A5F000BDE80840F6F7F0B9F6F71EB9F6F77CB9F2
:10A600001FB50DF10F03019300238DF80F101A46AB
:10A6100019460093F6F712FA05B05DF804FB70B521
:10A62000CBB2083330F813301646DA0504460D462F
:10A6300009D5C3F3432300EBC302314650F833304E
:10A64000526828469847A3682BB131462846E268ED
:10A65000BDE87040184770BD10B4CBB200EB4303A7
:10A660009A8AD1051CD5C2F3432122F4F8529A826A
:10A6700000F1520400F1120232F8023F13F4807F1D
:10A6800003D0C3F3432399420AD0A242F4D100225B
:10A6900000EBC1035A605DF8044B5830FFF75DBF13
:10A6A0005DF8044B7047F0B50446002001270546CD
:10A6B000844695420AD1D4F87C3133B10023C4F8E2
:10A6C0007C31D4F87C3140F00040F0BDEBB29B000F
:10A6D00003F580769B0807FA03F3194208D054F873
:10A6E00006E0BEF1000F03D044F806C0A659184397
:10A6F0000135DEE70246CBB202EB43039B8A0846F4
:10A70000990611D599070FD4012110685B0B994068
:10A71000C0F80813126802EB8303D3F8102522F067
:10A720000302C3F8102570470021FFF769BFF0B599
:10A73000136805460C46164685B0DBB1CFB200EB78
:10A740004707BA8A02F02202222A1ED0002220469F
:10A75000CDE900228DF80E208DF80F200DF10E01AD
:10A760000DF10F02F6F76AF9BB8A23F0020343F0FA
:10A770000103BB8273682BB31A785868E3B205EB08
:10A780004303998A8F0703D5B0B16FF015001CE021
:10A7900021F4604121F02001998268B1032AF4D8A4
:10A7A000716849680F7829684FEA870C614472B96B
:10A7B000C1F81025C1F81025998A21F01C0141EA41
:10A7C00082029A82B36843BB002005B0F0BDD1F885
:10A7D000100520F00300C1F8100528686044D0F887
:10A7E000101521F4473121F44071C0F810152102F1
:10A7F000D0F810C501F4F85141EA024141EA0C01D8
:10A80000C0F8101505EB4701A1F85C40998A41EAB0
:10A81000473141F020019982CEE72146D3E9006714
:10A820002846FFF719FF002ECED06B689E4206D057
:10A8300005F15800FFF777FE002804DAC5E7AB689A
:10A840009F42F5D1002005EBC003C3E90167E4B2E4
:10A8500005EB4404A38AC0B243EA402343F4807367
:10A86000A382B1E7F0B506460C461F4685B0F2B1AB
:10A87000CDB200EB4505AB8A980701D499061ED4EA
:10A8800013F01C0F02D05378012B18D001238DF840
:10A890000F3000232046CDE900230DF10F01931C5A
:10A8A0000132F6F7CBF8AB8A43F00303AB82002FFB
:10A8B0003DD0E2B206EB4202938A9B0703D46FF0CD
:10A8C000150005B0F0BD0021387833684FEA800CE0
:10A8D00003EB8003C3F81015C3F81015938A23F413
:10A8E000604323F0200393827D7805B33168BF78FD
:10A8F0006144D1F810352D0423F4981323F4F85350
:10A90000C1F81035230203F4F85305F440353F0530
:10A91000D1F810652B4307F480173B433343C1F84C
:10A920001035938A43EA403343F02003938200209A
:10A93000C7E7C0E903127047C9B200EB4100838A40
:10A94000990643BF5B0B002013706FF01500704732
:10A9500090F86C00003818BF01207047F6F7CAB8AD
:10A9600073B50C46C9B200EB41018B8A05689E069F
:10A9700019D513F0020616D15B0B9C0004F580710B
:10A980006E50695801682144D1F8104544F0010423
:10A99000C1F810452AB10122016802FA03F3C1F897
:10A9A000043302B070BDD5F80433002BA4BF4FF0C0
:10A9B0000043C5F804338B8AC3F38203042B11D000
:10A9C000052B11D001A80194F6F72CF8019A036920
:10A9D000D34003F00103991C204602B0BDE870404B
:10A9E000FFF70EBE0321F7E70221F5E7FFF782BE6E
:10A9F0004FF4801070474FF4805070474FF48070D0
:10AA0000704703460020884200D170471A5C002A34
:10AA1000FBD00130F7E7002070470020704700208E
:10AA200070470020704700207047F6F727BB0229C7
:10AA300004D0042906D0012900D17047806808B1EC
:10AA4000F3F7CCBC7047F6F73DBB002210B50468A5
:10AA5000944200D110BD00EBC2014B68013223F0DB
:10AA6000FF0343F003034B60F2E70420F6F7E8B975
:10AA70000420F6F7EDB908B5F6F7B0F9BDE80840DF
:10AA8000F8F7C6BF38B504460025031D2268AA4260
:10AA900001D8002319E04FF00002D3E8CF0F0328BC
:10AAA00004D1C3E8CC2FBCF1000FF6D102D008339B
:10AAB0000135EBE701EB851318464022002102F037
:10AAC00063F8034604EBC504A060184638BD08309F
:10AAD000704770B506460D4631B10846F3F776FC6F
:10AAE000044610B9002070BD0C463046F6F7F0FA67
:10AAF00040B9002CF6D02046F3F770FC0120F3F7A4
:10AB00003BFCEFE70661C56040F8084FEBE740EA21
:10AB10000141104640F8081DF6F7F2BA0838F6F77A
:10AB2000E3BAF6F7E7BAF6F7D9BAF3F74FBC08B5C8
:10AB3000F3F754FCBDE808400120F3F71DBC0429DD
:10AB4000F8B50546174604D0102910D00024204639
:10AB5000F8BD0820F3F72CFC04460028F7D00023AA
:10AB600043600123478003802B684360EFE7162092
:10AB7000F3F71EFC04460028E9D0061D122200212E
:10AB8000304602F001F8022323802B46678005F14E
:10AB9000100253F8041B934246F8041BF9D1D6E780
:10ABA000134609B9116070470A88012A02D0022AA7
:10ABB00007D070471A68082A28BF08221A6001F0D7
:10ABC000BDBF1A68162A28BF1622F7E708B5F7F79F
:10ABD0009BF840B100F11C03D3E8EF1F0131C3E83B
:10ABE000E21F002AF8D108BD006808B1F7F718B8CD
:10ABF000704737B50025036804460093838F684685
:10AC0000ADF80650ADF8043000F0D3FD38B1A36BB9
:10AC10006846984794F83E300BB1A563E56303B0EE
:10AC200030BD1FB503680392CDE90131036C01A863
:10AC3000984705B05DF804FB4068003818BF012054
:10AC4000704700230B60836813B9C0E90111704796
:10AC500019608160704738B505460C46F6F756FA1C
:10AC6000AA68236894426B6008BFAB60002320464B
:10AC7000236000F056F9BDE83840F6F74DBA406859
:10AC800070470069431E5842584170470069831E4F
:10AC90005842584170470069C31E58425841704796
:10ACA00040F211134069B0F5817F18BF98420CBF84
:10ACB00001200020704790F82000C0F3400070474A
:10ACC00090F82000C0F38000704790F82000C0F397
:10ACD000C0007047406C00F00100704790F8200001
:10ACE00000F0010070470369012B05D18069A0F1D4
:10ACF00080035842584170470020704790F8200068
:10AD0000C0097047806920F08000003818BF01201A
:10AD1000704790F82000C0F340107047806B0038F7
:10AD200018BF01207047006C003818BF0120704721
:10AD300090F83400431E58425841704708B590F8C7
:10AD40002030024613F001030BD1FFF7DBFF28B9D7
:10AD50001046FFF7C8FF80F00100C3B203F0010006
:10AD600008BD0023FAE770B504460D461646204696
:10AD7000FFF7E4FF70B155B1284600F0C1F848B9BB
:10AD800031460220F3F7E4F90028F0D070BD636883
:10AD9000002BF5D00020F9E74068003818BF0120EB
:10ADA000704790F82200003818BF01207047014614
:10ADB00010B5FFF7A7FF91F82040C4F3401340EA15
:10ADC00003020B6982F00102012B14BF0123C4F3BB
:10ADD0008003D2B208461A40FFF762FF48B1C4F3BD
:10ADE00000140846FFF77FFF224080F0010010406A
:10ADF00010BD0124F5E710B50C46F6F785FF28B124
:10AE000090F8203064F3861380F8203010BD10B520
:10AE10000C46F6F779FF28B190F8213064F300036F
:10AE200080F8213010BDD0E9092353EA020109D08E
:10AE30004FF47A71B3FBF1F001FB02000128B8BFB7
:10AE4000012070474FF0FF307047D0E90B2353EAE1
:10AE5000020109D04FF47A71B3FBF1F001FB02005B
:10AE60000128B8BF012070474FF0FF30704701380C
:10AE700002288CBF002001207047013802288CBFB7
:10AE80000020012070470088012807D0023818BF31
:10AE90000120162908BF40F001007047A1F1080306
:10AEA000584258417047FF2818D007DC06280ED0BA
:10AEB000112811D0B0FA80F040097047B0F5817FB9
:10AEC00005D040F21113984206D0002070470129A6
:10AED00014BF0020012070470229F9E70329F7E792
:10AEE000C368012B03D0022B07D0012070470888CC
:10AEF000012814BF00200120704708880228F8E7C5
:10AF000000B10068003818BF0120704700B1006828
:10AF10007047438940681844704702894089101A75
:10AF2000704710B504464068FFF7FBFDE06808B1C4
:10AF3000F3F746FA2046BDE81040F3F741BA10B5E2
:10AF40000446206800B910BD62680368904223601F
:10AF500008BF6360FFF7E5FFF3E700F02BBD38B5EE
:10AF6000044604B938BD6069E56908B1F3F728FA09
:10AF7000A06908B1F3F724FA2046F3F721FA2C462A
:10AF8000EFE77FB506460D461446F6F777F838B971
:10AF90000120F3F7ADF94FF0FF33184604B070BD50
:10AFA000731E012B01D96A20F3E715B15CB9162095
:10AFB000EFE7002CFBD100211C20FFF78AFD04469F
:10AFC00040B96920E5E7012E02D1042CF3D0EEE769
:10AFD000102CFBE795B1012E14BF10220422294644
:10AFE0004261183001F0AAFD214647F20F0001AA84
:10AFF000F7F760FE03460028CFD0CAE70575457510
:10B000008575C575F0E710B5044600F0D1FC2368DE
:10B010004360A36983602046BDE8104000F0CABCCD
:10B0200073B506460C461546FFF7D0FD019050B9A2
:10B030000920F3F75DF94FF0FF3401A8FFF7D4FDC5
:10B04000204602B070BDFFF75DFE019B08B1986914
:10B05000EFE71846FFF734FE08B17F20E9E70198D3
:10B06000FFF729FE08B17820E3E70CB90E20E0E7EE
:10B0700021460198FFF734FF08B96A20D9E729462D
:10B080002046FFF700FF08B91620D2E70198FFF726
:10B0900021FE054620B1019B5D69113D18BF0125C8
:10B0A00000211C20FFF715FD024608B96920C0E702
:10B0B00006612388012B11D0022B18D0019904209E
:10B0C00091F8203043F0020381F8203047F202016A
:10B0D000D560FFF71CFDDDB17720AAE76388838286
:10B0E000042383750023C37563688361E6E763887F
:10B0F00000F118018382102383750023C375231D7B
:10B10000143453F8040BA34241F8040BF9D1D5E7EA
:10B110000198FFF79AFE00900198FFF7CCFD20B947
:10B120000198846984B1204683E769460220F3F7D9
:10B130000FF810F10B0F05D00028EDD00028B8BF94
:10B14000404276E7742074E7FFF7AAFD00283FF439
:10B1500074AFDDE90010F7F71DFC04466DE730B56C
:10B1600085B005460C46F6F7CFFD38B90920F3F750
:10B17000BFF84FF0FF33184605B030BD0CB90E20B4
:10B18000F5E72146FFF7ACFE08B96A20EFE700219A
:10B190001C20FFF79EFC014608B96920E7E705611E
:10B1A0002388012B0AD0022B11D047F2050001AAF7
:10B1B000F7F780FD03460028DDD0D8E76388838257
:10B1C000042383750023C37563688361EDE7638897
:10B1D00000F118028382102383750023C375231D99
:10B1E000143453F8040BA34242F8040BF9D1DCE702
:10B1F00030B585B005460C46F6F786FD38B909200E
:10B20000F3F776F84FF0FF33184605B030BDFFF77F
:10B2100038FD08B95F20F3E700210C20FFF759FC47
:10B22000014608B96920EBE724EAE474056144614A
:10B2300001AA47F20800F7F73DFD03460028E3D0D6
:10B24000DEE7F0B595B007460D461446FFF7BEFCA5
:10B25000019050B90920F3F74BF84FF0FF3401A8E3
:10B26000FFF7C2FC204615B0F0BD15B11CB90E2089
:10B27000F1E7002CFBD1FFF704FD08B95F20EAE7F6
:10B280000198FFF727FD28B10198FFF78AFD08B95B
:10B290000B20E0E70198FFF7C6FD00900198FFF74B
:10B2A0001DFD019B50B10198FFF77BFD0028D1D017
:10B2B000F6F7F6FC064680B91720CCE71846FFF7EC
:10B2C00070FD0028EFD169460220F2F741FF002807
:10B2D000E4D00028B8BF4042BDE700210820FFF7B6
:10B2E000F8FB014620B93046F6F720FD6920B2E7A9
:10B2F0000761039675B17CB9234647F20C0002AA98
:10B300000493F7F7D7FC074640B13046F6F70EFD39
:10B310003846A0E72B46F0E70BABEEE73DB134B182
:10B32000BDF83E30042B04D0102B15D027603468B4
:10B3300095E701232768ADF81430082F28BF0827A8
:10B34000BDF83C30ADF81630109B06933A462846BF
:10B3500005A901F0F3FBE9E70223ADF81430BDF8CD
:10B360003C3006AFADF8163014ABADF8280013E949
:10B370000F0087E80F002768162F28BF1627E5E77C
:10B380002DE9F04F89B016469846129F039001911F
:10B3900003F0400503F40079F6F7B6FC044638B92B
:10B3A0000920F2F7A5FF4FF0FF3009B0BDE8F08F9C
:10B3B000FFF7B9FC38F41073009003D125B1B9F14F
:10B3C000000F07D05F20ECE7B9F1000F02D0009B1F
:10B3D000002BF7D12046FFF738FD0490B9F1000F9C
:10B3E0000FD12046FFF776FC70B9C5F380182046D0
:10B3F000FFF79EFC58B12046FFF784FC80B1A0699E
:10B40000CFE74FF00008F2E74FF00108EFE72046E2
:10B41000FFF778FC0028F2D12046FFF764FCEDE747
:10B420002046FFF733FC30B12046FFF749FC10B946
:10B430000FB97920B5E72046FFF728FC00283CD05B
:10B44000002F40D147F2060B2046FFF71AFC40B10F
:10B450002046FFF725FC20B1B6F5006F28BF4FF45A
:10B460000066FFF760FBB04207D22046FFF709FCF9
:10B4700000283FD0FFF757FB064647F206039B45DF
:10B480000CBF0E232223002502932046FFF741FC28
:10B4900018B12046FFF752FC70BB31460298FFF707
:10B4A00018FB8246002836D1012004A9F2F750FE8D
:10B4B00068BBB8F1000FF0D021E02046FFF7EBFBAE
:10B4C0000028BDD1BEE739462046FFF709FD08B97F
:10B4D0006A2066E738461399FFF7D5FC08B91620AD
:10B4E0005FE72046FFF7DCFB08B17F2059E747F212
:10B4F000070BA9E77A2054E7B8F1000F01D00B2021
:10B500004FE7022004A9F2F723FE0028BDD000284F
:10B51000B8BF404245E7039B0361019B23B132461C
:10B520001946006801F00AFB94F8340020B1F7F7DF
:10B53000B5FB002284F83420B9F1000F01D040F0AF
:10B540004000BDF9002040EAC210B9F1000F01D15E
:10B55000009B73B1049A531C21D04FF47A7592FB6F
:10B56000F5F5ADB2B5F5167F19D8B2F57A7FB8BF4B
:10B57000012547F207029345CAF8140034D1AAF80E
:10B580002C503A88012A0DD0022A18D0514658462C
:10B5900005AAF7F78FFB034648BB069805E74FF46B
:10B5A0001675E6E77A88AAF8182004228AF81A2085
:10B5B00000228AF81B207A68CAF81C20E6E77A88FD
:10B5C0000AF11C01AAF8182010228AF81A20002279
:10B5D00007F114008AF81B203A1D52F804CB82426E
:10B5E00041F804CBF9D1D1E7AAF81850CEE70C28DE
:10B5F00003DC0A2805DC1846D3E68C283FF4D1AEDC
:10B60000F9E7B8F1000F3FF440AF78E72DE9F74FC5
:10B610008946DDE90C6790461D4603F4807AFFF702
:10B62000D5FA019058B90920F2F762FE4FF0FF37C2
:10B6300001A8FFF7D9FA384603B0BDE8F08F35F41A
:10B64000A17301D05F20EFE716B11FB90E20EBE721
:10B65000002FFBD1FFF715FB28B10198FFF730FB56
:10B6600008B98020E0E7BAF1000F17D10198FFF781
:10B6700031FB08B96B0611D50198FFF7DDFA68B9FF
:10B680000198FFF73FFB48B90198FFF72CFB28B959
:10B690000198FFF723FB08B90B20C5E70198FFF7D6
:10B6A000C2FB6A46009000210198FFF75CFB18B1CD
:10B6B0000028B8BF4042B7E70198FFF7BDFA88B944
:10B6C0000198FFF710FB00286CD10198FFF706FBEB
:10B6D0000028A8D10198FFF715FB0028A6D0019BF0
:10B6E0009869A1E70198FFF7CAFA044626B1C16834
:10B6F0003A463046FFF754FA002705F00205204687
:10B70000FFF70BFC40451CD82046FFF706FC064619
:10B71000002E8DD02046FFF7FCFB09EB070B0146FE
:10B720003246584601F00AFA01983744FFF7AEFA5C
:10B7300048B1002D7FF47CAF21460198FFF78BFACA
:10B7400076E74646E4E70198FFF7A5FA0028F0D12E
:10B7500055B96389204633446381FFF7DEFB18B98E
:10B7600021460198FFF777FAB0453FF461AFA8EBA7
:10B770000608BAF1000F07D0002D6A4614BF214613
:10B7800000210198FFF7EFFA45B12046FFF7BEFB15
:10B7900004460028B3D1002F92D049E70198FFF763
:10B7A0006EFAF5E7002743E708B5F6F7D7FA002069
:10B7B00008BD38B504460068F6F7A6FA054628B96C
:10B7C0000120E38843F02003E38038BDFFF786FAC9
:10B7D0000028F5D12846FFF795FAF8B1E38843F041
:10B7E0000803E380A388DA0707D52846FFF7D4FAD1
:10B7F000E8B1E38843F00103E380A3885B0707D542
:10B800002846FFF7D4FA18B1E38843F00403E38035
:10B81000B4F90600003818BF0120D6E72846FFF724
:10B8200062FA0028DED0E38843F01003D9E7284607
:10B83000FFF7B7FA0028DCD12846FFF754FA0028B2
:10B84000D7D1DAE738B50D461446F6F75DFA28B9D0
:10B850000920F2F74DFD4FF0FF3006E0032D03D035
:10B86000042D03D01620F4E7406C38BD012CF9D824
:10B8700044640020F9E7431F002B03D8DFE803F0FE
:10B880000100032070477047FF2816D005DC06280A
:10B8900017D0112813D048B17047B0F5817F10D070
:10B8A00040F21113984208BF02207047012908D0C6
:10B8B0008B1E5942594148007047002070470220B2
:10B8C000704701207047292813D009DC012812D0C5
:10B8D000062812D0002814BF4FF0FF300420704714
:10B8E000B0F58D7F0BD0B0F5007F18BF4FF0FF3063
:10B8F00070470620704708207047012070474FF4BA
:10B90000807070471B2812D9A0F164030C2B04D956
:10B9100040F03A4040F42D0070476B38052843D87A
:10B92000DFE800F01C34031C1C404720704701383E
:10B930001A280FD8DFE800F03A10121416181A1C53
:10B940001E1620221824262620282A2C12282E12E1
:10B950003032340000207047692070470B20704758
:10B960007220704780207047162070477020704703
:10B97000782070477F20704771207047682070479B
:10B9800074207047732070478C2070477A2070476E
:10B990000D207047762070470920704710207047AF
:10B9A000462070475F2070476F2070470C2070471B
:10B9B000C06870474269C3681A60704708B503469B
:10B9C00024301AB95A624260002008BD082A28BFF4
:10B9D000082201F0B3F8F7E708B503462C301AB98E
:10B9E000DA624260002008BD082A28BF082201F060
:10B9F000A5F8F7E738B504460D4639B1082A0BD04B
:10BA00001620F2F775FC4FF0FF3038BD002AF7D151
:10BA10008263C2630020F8E7F5F778FB95E803003E
:10BA200004F1380383E803002046FFF7E2F8F5F756
:10BA300073FBEFE773B5044608680D461646F7F743
:10BA40002DF9002801DB042E06D01620F2F750FC59
:10BA50004FF0FF3002B070BD2B68204684F83430C0
:10BA6000FFF766F900230028F4D0CDE900331A4629
:10BA700019462068FFF784FCECE708B539B1042AC1
:10BA80000AD01620F2F734FC4FF0FF3008BD002A30
:10BA9000F7D102640020F9E70B680364FAE708B500
:10BAA00009B1042A05D01620F2F722FC4FF0FF302E
:10BAB00006E00B782BB1012BF5D180F84C3000203B
:10BAC00008BD0223F9E710B5541E1B2C02D812F052
:10BAD000030405D01620F2F70BFC4FF0FF3010BD29
:10BAE000930880F84F30503001F028F82046F6E7F0
:10BAF00008B509B1042A05D01620F2F7F9FB4FF07A
:10BB0000FF3008BD0B78003B18BF012380F84D3093
:10BB10000020F6E708B509B1042A05D01620F2F78F
:10BB2000E7FB4FF0FF3008BD0B6880F84E30002077
:10BB3000F9E770B5054614460E4631B93AB11620FC
:10BB4000F2F7D6FB4FF0FF3070BD002AF7D0A86C9B
:10BB500018B1F2F735FC0023AB646CB1601CF2F74E
:10BB600027FCA86408B96920EAE72246314600F0BC
:10BB7000E5FF0022AB6C1A550020E5E710B513462F
:10BB800012680446042A28BF042208461A6004F1F9
:10BB9000180100F0D3FF0020A06110BD10B51346BE
:10BBA00012680446082A28BF082208461A6004F1D1
:10BBB000240100F0C3FF002010BD10B51346126829
:10BBC0000446082A28BF082208461A6004F12C01FE
:10BBD00000F0B4FF002010BD13B50446134694F8DE
:10BBE0004C200846012A18BF002201921A6801A9B8
:10BBF000042A28BF04221A6000F0A0FF002002B02F
:10BC000010BD13B50446134694F84D200846019222
:10BC10001A6801A9042A28BF04221A6000F08EFFC6
:10BC2000002002B010BD13B50446134694F84E2010
:10BC3000084601921A6801A9042A28BF04221A6042
:10BC400000F07CFF002002B010BD10B5044608468D
:10BC5000114694F84F309A000B689A4228BF1A4652
:10BC60000A6004F1500100F069FF002010BDF8B532
:10BC7000856C0E461446176875B12846ECF7FEFE33
:10BC80000130B842024628BF3A4629463046226073
:10BC900000F054FF0020F8BD3A462946304600F037
:10BCA00073FF2560F6E738B5014605460420FEF728
:10BCB00010FF044690B142680021006800F064FF64
:10BCC000002323726372A372E3724323237354230A
:10BCD00063737623A37349236560E373204638BDFD
:10BCE000D8B1D1B101230B7000234B704368C1F868
:10BCF00006300368C1F8023090F90A300B7390F9EE
:10BD00000D30CB7390F90C308B73037A8B72C37A3E
:10BD10004B73437A1020CB7270474FF0FF3070475F
:10BD200000284BD0002949D002230B7000234B7010
:10BD3000C368C1F80B30B0F90830A1F8093090F9A8
:10BD400006300B72B0F944308B87B0F93E30CB86A9
:10BD5000B0F942304B87B0F93C308B86B0F94630B1
:10BD6000CB87B0F940300B87B0F91C300B83836A66
:10BD7000C1F82230837C4B744378CB70436BCB6229
:10BD8000B0F92C30CB8443888B80036AC1F81A3019
:10BD9000836B0B63436AC1F81E30036B8B620378BD
:10BDA0008B7090F91030CB738388CB80838A4B8261
:10BDB000437C0B74836940204B6170474FF0FF3028
:10BDC000704760B359B303230B7000234B70B0F975
:10BDD0001C30A1F81D30B0F91E30A1F81F30B0F9A9
:10BDE00006300B818388CB80C3784B718369C1F89F
:10BDF00019300369C1F81130B0F908304B81C368BC
:10BE0000C1F80D30837A0B7303788B7083780B71D4
:10BE10004369C1F8153043782120CB7070474FF04B
:10BE2000FF307047F0B1E9B104230B7000234B7071
:10BE300090F900308B7090F90130CB7090F902309E
:10BE40000B7190F903304B7190F904308B7190F9BC
:10BE50000530CB7190F906300B7290F907300A204B
:10BE60004B7270474FF0FF30704798B191B1052386
:10BE70000B7000234B70B0F900304B80B0F90230EA
:10BE80008B80B0F90430CB8083790B72C3790A20A0
:10BE90004B7270474FF0FF30704770B5E8B1E1B1B9
:10BEA000062200230A704B70028801F110044A80B8
:10BEB000C268C1F80A2002890A8142684A60068A7B
:10BEC00003EB43028D18EE81857C0133202BA554B2
:10BED00000F10400F3D16E2070BD4FF0FF30FBE79E
:10BEE000C8B1C1B107230B7000234B70B0F9083003
:10BEF0004B81837B0B740368C1F802304368C1F83F
:10BF00000630037B8B73437BCB73837A0B73C37ACB
:10BF100011204B7370474FF0FF30704748B141B16B
:10BF200008230B7000234B7003680620C1F8023011
:10BF300070474FF0FF307047F0B5E8B1E1B1002332
:10BF400009224B700A7010F8084BCD1C042C28BF36
:10BF500004248C709C4200F1100001DC2720F0BD0D
:10BF600010F8106C03EBC302AE540A4450E90267A8
:10BF7000013356609760EDE74FF0FF30EFE70028A0
:10BF800052D0002950D00A230B7000234B70037845
:10BF90008B704388A1F8033090F904304B718368AB
:10BFA000C1F80630C368C1F80A30B0F91030CB814F
:10BFB000837C0B74838AA1F811308369C1F8133034
:10BFC000B0F91C30A1F81730036AC1F81930436A80
:10BFD000C1F81D30836AC1F82130B0F92C30A1F8C6
:10BFE0002530036BC1F82730436BC1F82B30836BCE
:10BFF000C1F82F30B0F93C30A1F83330B0F93E3001
:10C00000A1F83530B0F94030A1F83730B0F94230FE
:10C01000A1F83930B0F94430A1F83B30B0F94630DE
:10C020003F20A1F83D3070474FF0FF30704768B3B4
:10C0300061B30B230B7000234B7003788B70437834
:10C04000CB7043888B8003798B71C388A1F807304C
:10C05000B0F90830A1F80930B0F90A30A1F80B3076
:10C06000037B4B73B0F90E30CB81B0F910300B82EB
:10C07000B0F912304B82B0F914308B82B0F916301F
:10C08000CB82B0F918301A200B8370474FF0FF3085
:10C09000704780B179B10C230B7000234B70B0F95D
:10C0A00000304B80B0F902308B808388CB80C3880E
:10C0B0000A200B8170474FF0FF30704770B504467F
:10C0C0000E4600F025F80546206808B1FEF729FD68
:10C0D00048F202039E4218D048F209039E4214D04F
:10C0E00048F201039E420BD16B684BB104F114027C
:10C0F00004F1380152F8040B8A4243F8040BF9D1D9
:10C100002046BDE8704000F005B863696B60F7E752
:10C11000C06870470269C3681A60704700207047A2
:10C1200008B1F0F72BBE704710B5436904463BB920
:10C130000020E2684042537843F00103537010BD81
:10C1400098470028F4D00028B8BF4042FF28A8BF75
:10C15000FF20E3681870ECE740B1C368587810F02E
:10C1600001001EBF1878B0FA80F0400970477FB513
:10C170000BAB059303930A9B0122029300231846FD
:10C18000CDE90033EEF7A4F807B05DF804FBEFF358
:10C190001183202383F31288BFF36F8FFEE72DE90D
:10C1A000F04F89B0DDE912680592434605463246F4
:10C1B00006A80F4600F029FBDDE90634CDE902347C
:10C1C000EFF311844FF0200989F31288BFF36F8FCA
:10C1D00005F10C0A05F1140B39462846059A149B03
:10C1E000984730B184F31188BFF36F8F09B0BDE871
:10C1F000F08F56EA0806F5D0DDE9022306A800F024
:10C2000029FBDDE90668524621465846CDE900681B
:10C21000F8F70AFBEFF3118489F31288BFF36F8FED
:10C22000DAE710B400F10C04C0E903445DF8044BF4
:10C23000FBF724B838B50446EFF31185202383F3C8
:10C240001288BFF36F8FEDF785FB04F10C0000F04F
:10C2500020FA30B1294604F11400BDE8384000F05E
:10C26000FEB985F31188BFF36F8F38BD10B54269F1
:10C270006AB1836842EA0301890708D10169A2FB18
:10C28000011424B95B182CBF0121002102D36FF0E7
:10C29000150005E0C1609B1A02698A4201D800209E
:10C2A00010BDC26801311A604269C3609B1AF3E78E
:10C2B000202408B5EFF3118384F31288BFF36F8F46
:10C2C000FCF7B2FFF6E7D0E9003213605A600023B2
:10C2D000027CC0E9003322F00202027483607047DE
:10C2E00013B501240094F7F7B9FD02B010BD90F921
:10C2F0000E308B4201D0F8F7B9BA002070470346E0
:10C300000020C3E90033C3E902007047D0E90032DE
:10C3100013605A600023027CC0E9003322F002025D
:10C320000274836070472DE9F843914604460D4638
:10C330009DF82020EFF31186202181F31288BFF3AE
:10C340006F8F02B14568D4F8088004F108074745AB
:10C3500018D0B8F1000F15D04046FFF7D7FF08F10D
:10C36000180000F017FA00234046C8F87C30C8F8DF
:10C37000149000F028F93846314600F070F900209A
:10C38000BDE8F883A3B10820F8F7F2FE002838D002
:10C390000122C0F804900260016801F003015DB958
:10C3A00022680A430260626820606AB960600BE03C
:10C3B0004846C9F80030EFE72A68032A16D801601A
:10C3C000616869B9C4E90000042104F1100000F0BB
:10C3D0005EFB0028CFD186F31188BFF36F8FCFE7C4
:10C3E0000A6802F0030202430A60DFE722F0030258
:10C3F0000A4302602A6802F0030240EA02032B604B
:10C40000E2E76FF00B00E6E710B5044630B10268D2
:10C41000930703D0446809B100F07AFB204610BDB1
:10C42000012307B5009300230A461946FFF77BFF57
:10C4300003B05DF804FB5AB18A4209D300F110033E
:10C44000C0E90212C0E90000C0E9043300207047CF
:10C450006FF015007047012302688B4022EA030346
:10C46000036022FA01F000F00100704720B10022C1
:10C47000D430114600F055B9704773B50446EFF358
:10C480001185202383F31288BFF36F8F002301935C
:10C49000D0E90423B3F1004F08BF012A05D085F38A
:10C4A0001188BFF36F8F02B070BDA0F11006032199
:10C4B0000438FFF7D0FF0028F1D0A369304601A966
:10C4C0000193F7F79BFFEAE738B504460D461022C3
:10C4D000002100F059FB656038BD13B50190084696
:10C4E000EFF31184202383F31288BFF36F8F01A928
:10C4F000F7F784FF84F31188BFF36F8F02B010BD8C
:10C5000010B5FFF7EAFF041E08DDEFF311802023CA
:10C5100083F31288BFF36F8FF8F714FA204610BD2B
:10C5200038B530220D460021044600F02DFB4FF4B3
:10C5300080736560E36038BDC0E90000002070478B
:10C54000EFF30580003818BF012070476FF05700E7
:10C55000704700207047D0E9003213605A60002312
:10C56000C0E90033704708B5FFF7F5FF037C23F0FF
:10C57000020303740023836008BD38B504460D46EA
:10C58000F8F7D0F8237C43F002032374D5B1A560FB
:10C590002B689D4209D16B68C4E900531C606C6034
:10C5A00010E06A689A42F6D01B68002BF3D093F92A
:10C5B0000E1094F90E209142F3DD5A68C4E900325E
:10C5C00014605C6038BD10B5EFF31184202383F351
:10C5D0001288BFF36F8FF8F765F884F31188BFF303
:10C5E0006F8F10BD08B5EFF31181202282F31288FE
:10C5F000BFF36F8F83680BB1FFF7B5FF81F311882D
:10C60000BFF36F8F08BD08B5037C014613F0280FF8
:10C610000CD183680BB1FFF7A6FF0B7C084623F013
:10C6200004030B74BDE80840F8F73CB808BD10B52A
:10C63000EFF31184202383F31288BFF36F8F183830
:10C64000FFF7E1FF84F31188BFF36F8F10BD10B5C2
:10C65000FFF7C8FFBDE81040183000F09BB808464F
:10C66000F8F798B838B5054604680020AC4200D108
:10C6700038BD002CFCD02046FFF775FF04F11800F0
:10C6800000F088F82046F8F70DF82C680120A54244
:10C69000EDE710B5EFF31184202383F31288BFF385
:10C6A0006F8FFFF7DFFF84F31188BFF36F8F10BD2B
:10C6B00038B50C460546F8F7E1F9B4F1FF3F08BF7D
:10C6C000B5F1FF3F1FBF47F6FF7300224FF47A71A9
:10C6D000E0FB013216BFD80B4FF0FF3040EA42407A
:10C6E00038BD38B50446EFF31185202383F3128853
:10C6F000BFF36F8F037C5B070ED5183000F04AF84C
:10C70000237C204623F004032374F7F7CBFF28464D
:10C71000BDE83840F8F73EB885F31188BFF36F8F56
:10C7200038BD38B5EFF31185202383F31288BFF3AA
:10C730006F8F0468A04212D09CB1E167626120460D
:10C74000FFF711FF04F1180000F024F82046F7F776
:10C75000A9FF012085F31188BFF36F8F38BD00203A
:10C76000F8E72046F6E708B50246F8F7F9FA70B19F
:10C77000D0E904319B1A61EBE272B3F1004F72F120
:10C78000000104DA002AACBF1846002008BD6FF093
:10C790000040FBE7024638B5EFF31185202383F311
:10C7A0001288BFF36F8F0368D3B1F8F7D9FA044644
:10C7B0001046F8F7E7FA00224FF000438442C0E940
:10C7C000042305D0002085F31188BFF36F8F38BD97
:10C7D000F8F7CEFAFFF7C7FF0021F1F70BFCF1E7FE
:10C7E000D0E90413B3F1004F08BF012902BF0020B4
:10C7F0004FF00041C2E904016FF01500E3E708B50E
:10C80000F8F7C4FB08BDF8F7C1BBB3F1FF3F08BFA1
:10C81000B2F1FF3F70B506461D46144614D01A43C8
:10C8200016D0002B08DBF8F7B1FB041941EB05012A
:10C83000C6E90041304670BD6FF001031C1B4FF08C
:10C84000FF3363EB0501F3E74FF0FF342146EFE7D9
:10C850000024FBE7B3F1FF3F08BFB2F1FF3FF8B59B
:10C86000074616461C4610D054EA020311D0F8F7CA
:10C870008DFBB0420A46A14103460AD2F31A64EB8B
:10C880000204C7E900343846F8BD4FF0FF331C46B8
:10C89000F7E70023FBE730B5D0E90034984208D031
:10C8A0003CB1A568DDB112F9522C15F9525CAA42CF
:10C8B00007DDC1E90004216041600FE0A342F8D028
:10C8C0001B68002BF5D09D684DB115F9525C95425F
:10C8D000F4DD5A68C1E900321160596030BD0023AF
:10C8E0009B7BFFDE2DE9F84F00250F461446984646
:10C8F00001462E464FF0200AA946BD4202DB3046D3
:10C90000BDE8F88FEFF3118B8AF31288BFF36F8FB6
:10C910004B7B03F03F03082B09D853B1013B072B96
:10C9200007D8DFE803F0281C06220606062E102B87
:10C930002DD0B8F1000F3BD12378002B38D04B7BA2
:10C9400003F03F03082B3AD8002B3AD0013B072BCA
:10C9500037D8DFE803F03F393639363636420B69CF
:10C960009B68002BE5D0022317E00B691B68002BA6
:10C97000DFD0042311E00B699B68002BD9D0012381
:10C980000BE00B691B6A002BD3D0102305E00B6969
:10C99000DA895B899A42CCD02023CA68C1F8089012
:10C9A000C2F38630034363F39432CA6084F8009084
:10C9B0008BF31188BFF36F8F013514319DE7102B76
:10C9C0000FD08C600136F3E7224608691030FFF77C
:10C9D00062FFF6E722460869F9E708692246243033
:10C9E000F5E7086922462C30F1E72DE9F04184682B
:10C9F00005460E46D4B16378012B22D114F8503C81
:10CA00009A0711D5A4F160073846FFF720FE082EDB
:10CA100014BF00236FF00303E36114F8503CDB06FE
:10CA200002D13846FFF7CFFD002323700023AB600F
:10CA3000EB68C3F38632164366F39433EB60BDE8CC
:10CA4000F081022BF0D12378002BEDD054F8048C28
:10CA5000B8F1000FE8D004F11400FFF79BFE0023AB
:10CA6000A4F1140739464046E362FFF736FDDBE7E1
:10CA700010B500245205090201F47C5102F40012A1
:10CA80000A43017B84600A43C0E9032310BD38B523
:10CA9000EFF31185202383F31288BFF36F8F0468AF
:10CAA000A04211D0D4E9003213605A60002320461E
:10CAB000C4E90033FFF799FF85F31188BFF36F8F47
:10CAC000201E18BF012038BD0024F5E70023C0E96F
:10CAD00000008360704783680B60C3681360704711
:10CAE000043270B504460ED2EFF31185202686F38A
:10CAF0001288BFF36F8F41F00401984785F31188C6
:10CB0000BFF36F8F08B9002070BD40F8044BFBE7FE
:10CB100020B1011F50F8040CFFF78CBB7047704721
:10CB2000C9B20346024410B59342184601D1002011
:10CB300003E0047801338C42F6D110BD0A44431E51
:10CB4000914200D1704710B511F8014B914203F8A2
:10CB5000014FF9D110BD884210B501EB020402D992
:10CB60008442234607D8431EA14207D011F8012B67
:10CB700003F8012FF8E70244824200D110BD13F8F8
:10CB8000011D02F8011DF7E702440346934200D15C
:10CB9000704703F8011BF9E70139024410B59042D0
:10CBA00001D1002005E0037811F8014FA34201D024
:10CBB000181B10BD0130F2E7C9B20346184613F83E
:10CBC000012B12B18A42F9D17047002918BF002009
:10CBD000704730B50A440546914201D1002011E06A
:10CBE00015F8013B11F8014BA3F141001928A4F1FC
:10CBF000410098BF2033192898BF2034181B01D159
:10CC0000002CE9D130BD10B56AB10139841810F893
:10CC1000012B11F8013F9A4203D1A04201D0002A12
:10CC2000F5D1D01A10BD1046FCE70139034610B506
:10CC300032B111F8014F013A03F8014B002CF7D142
:10CC40001A440021934200D110BD03F8011BF9E7FB
:10CC50000A7870B56AB970BD9A4209D10C4605468A
:10CC600014F8013F002BF6D015F8016F9E42F7D063
:10CC700001300378002BEFD11846ECE72DE9F8439B
:10CC8000C3F137090746884603F01F055FFA89F9A3
:10CC90001646384641462A460023EBF7C3FE434674
:10CCA000D4B23A4688460746092C84BF4C44E4B2C5
:10CCB000AA424FF0000204F13004934106F8014B00
:10CCC000E7D23046BDE8F88310B50C4600F0B0FA64
:10CCD0000028A2BF23680133236010BD0028A2BF33
:10CCE000136803F1FF33136000F0D7BA70B505463F
:10CCF0000E4631462846FFF7E7FF041E09DB202CCD
:10CD0000F7D0A4F10903042BF3D932462946FFF7E3
:10CD1000E5FF204670BDBDF8001068B111F0100F9E
:10CD200001D00270704711F0080F02D0C0E9002353
:10CD300070474B0701D5026070478B06FBD5028018
:10CD400070472DE9F04387B01C461746814602AB79
:10CD500088460093D2E9022300F09EF904AB064610
:10CD60000D46009348464146D7E9002300F094F968
:10CD70000027DDE90423901953EB050128BF0127A3
:10CD800037B1029B039A013342F10002CDE902322E
:10CD9000403CDDE90223009400F095F907B0BDE8BE
:10CDA000F0832DE9F041B0FA80F6002907460C46E1
:10CDB000A1EB060606F1070648DB0846FAF720F85D
:10CDC00006442046351BFAF721F821462A1A384630
:10CDD0003D3200F051F9B44236DC1F2D64DC4FF0D7
:10CDE000FF33AB4027EA0303B3FA83F35B091D4625
:10CDF000B0FA80F3F31A9E33FE2B59DC002B23EAA2
:10CE0000E371D4BF01230B469B1BA3F19704963B10
:10CE100020FA04F220FA03F312F0010209D04FF0D5
:10CE2000FF32A24030EA020240D1002D3ED003F092
:10CE300001021344C3F3160303B9114443EAC15377
:10CE400000EE103ABDE8F0810123D0E74D422846BC
:10CE5000F9F7DCFF361A2846A6EB0408F9F7D6FFE7
:10CE6000294608EB000238463C3200F0F2F8B442A2
:10CE700013DCB8F11F0F17DC4FF0FF3303FA08F390
:10CE800037EA030310D10521B7FBF1F202EB82046C
:10CE9000A74204D101331746F6E70023F3E79D428A
:10CEA0008CBF00230123A2E70023A0E70122C0E7F3
:10CEB0004FF0FF43C4E72DE9F04F051889B09046C5
:10CEC00041EB0104029304AB284621460093D2E9CA
:10CED000002300F0E1F806AB0746894628462146C4
:10CEE00000930025D8E9022300F0D6F8DDE90423F9
:10CEF000841851EB0306069B28BF0125D8E90012D0
:10CF0000ED18079B43F10003791849EB0202B9427F
:10CF100072EB0902D8E9022134BF01200020A218D7
:10CF200046EB01018018029A41F10001A042A2F1F2
:10CF3000410A71EB0602CDF800A034BF01220022A5
:10CF40005219CDE9065343F1000300F0BCF8129BDF
:10CF5000C3E90001D8E90221DDE9065303911499E0
:10CF60000129D8E900E027D1A21A0399CDF800A041
:10CF700066EB0101774579EB000034BF012000200A
:10CF8000101A61F10001844276EB010234BF0122E4
:10CF90000022AA1A63F1000300F095F8139BC3E97D
:10CFA0000001DDE9062320463146CDF800A000F05F
:10CFB0008AF809B0BDE8F08F17EB070B49EB090CB5
:10CFC00014EB040846EB0601BB457CEB090934BFB2
:10CFD0000127002718EB070741F10008F3457CEB18
:10CFE000000C34BF01200020381A68F10001801ABB
:10CFF000039A61EB02016D195B41A74278EB0602CF
:10D0000034BF01220022AD1843F10003874278EBC0
:10D01000010834BF01220022AA1A029DA5F1400591
:10D020000095B7E710B5A3FB00430299A2FB0020CF
:10D03000001943F100033F29DBBFA1F12002C1F138
:10D04000400140398B40D6BFD04023FA01F018434D
:10D0500010BD30B587B004460846154602A9F9F759
:10D060006FFF049B204600955A1C059B43F100036B
:10D07000FFF7D8FF07B030BD30B587B0154604467E
:10D08000084602A9F9F7EAFE20460095DDE90423E7
:10D09000FFF7C8FF07B030BDF0B500240D460646C7
:10D0A0009446A0FB02012246059FE5FB0C12A44614
:10D0B000E5FB0324E3FB061C12EB0C0244F1000425
:10D0C000C7E90024F0BDF0B5059CC4F14007C4F1E8
:10D0D0002006A4F12005E04002FA06F6BB4022FA41
:10D0E00005F5BA403343C4F120062B4301FA06F696
:10D0F000A4F12005304321FA05F5E1402843194306
:10D100001043F0BD51EC100B024621F00040534299
:10D11000134340EAD370C0F1FF4000F5E000C00FB8
:10D1200070472DE9F0410446CE0FC1F30A55C1F313
:10D13000130140F2FF70167154EA01076BD1002D04
:10D1400071D12C462946002B156060DB0C2B60DC6E
:10D15000C3F10D050120AD0005F1FF3CA5F121074C
:10D16000C5F1210600FA07F720FA06F600FA0CF0DE
:10D170003743061847EB0708D6F1000E68EB480C5A
:10D18000013E48F1FF38264008EA0108B04277EB3B
:10D19000080810DBC5F12008B5F1200624FA05F5D2
:10D1A00001FA08F858BF41FA06F645EA080558BFE3
:10D1B0003543ED0703D52018044641EB070104EA87
:10D1C0000E0401EA0C019DF8186018460D25053281
:10D1D000C6F1270604F00F03240944EA017409117B
:10D1E00063B9A8420DDA013DF4D21AE01DB9012558
:10D1F000A5F2FF35A7E741F48011F9E7092BC8BF75
:10D200009B193033A8425355B8BF2846EBE700239B
:10D21000D9E70D23D7E78542E8D146F0080600207C
:10D220001671BDE8F0818542E5D146F00406F6E7C7
:10D2300010B583780446DA0705D443F004034FF0B1
:10D24000FF30A37010BD4FF00002D4E85F3FC4E888
:10D25000512F0029F9D19BB213B1581EC0B2F1E78A
:10D26000A36898470028F9DA0130A37814BF082290
:10D2700004221343E3E702690346107810B1013238
:10D280001A6170476FF001007047D1E90432934290
:10D290001EBF5A1C0A61187070478B78DA0702D4D7
:10D2A0004FF0FF307047431CFAD0C0B2431CD1E8A6
:10D2B000DF2F002A04D1C1E8DC3FBCF1000FF6D11A
:10D2C000EED18B7823F008038B707047C0B7FE7FD8
:10D2D00001000000A1CD0000000000006DCD0000A5
:10D2E00000000000810201000000000000000000BA
:10D2F000B0D30100F53D010000000000353E010003
:10D300000000000000000000CCD30100000000007D
:10D31000E8D301000000000004D40100E5D30000C0
:10D32000000000009DDE000000000000CF7C010036
:10D330000000000031E100000000000000000000DB
:10D3400094D30100DDC9000000000000E5A4010045
:10D3500000000000815101000000000000000000FA
:10D3600020D4010059A4010000000000BB9301007B
:10D37000000000003DB9000000000000D5ED0000F5
:10D3800000000000E9A2010000000000E1F0000040
:10D3900000000000B502020000000000E0C600200E
:10D3A00096C70020C8D700204DE60000000000000E
:10D3B0006A01020048DC0100BCD601008CC70020D5
:10D3C000CCD5002041D10000000000001502020071
:10D3D00068DC010098D6010092C7002040D60020EA
:10D3E000BDD70000000000008F0102000000000017
:10D3F00078D601008EC7002000000000B996010019
:10D4000000000000400202007CDC0100D8D60100D0
:10D4100094C70020B0C600203DDB000000000000E3
:10D42000F10102000000000080D6010090C700203A
:10D4300000000000A9D4000000000000000000006F
:10D4400007920100000000000792010000000000A8
:10D450000792010000000000079201000000000098
:10D4600007920100EBA501001DA5010000000000CE
:10D4700007920100000000000792010004D401009F
:10D48000B3990100000000000792010000000000B5
:10D490000792010000000000079201000000000058
:10D4A0000792010000000000079201000000000048
:10D4B0000792010000000000079201000000000038
:10D4C0000792010000000000079201000000000028
:10D4D0000792010000000000079201000000000018
:10D4E00007920100000000002DDF00000000000096
:10D4F00007920100000000000792010000000000F8
:10D5000007920100000000000792010000000000E7
:10D5100007920100000000000792010000000000D7
:10D5200007920100000000000792010000000000C7
:10D5300007920100000000000792010000000000B7
:10D5400007920100000000000792010000000000A7
:10D550000792010000000000079201000000000097
:10D560000792010000000000079201000000000087
:10D570000792010000000000079201000000000077
:10D58000079201000000000007920100610E0100F7
:10D590001DA501000000000007920100000000002E
:10D5A0000792010000000000079201000000000047
:10D5B0000792010000000000079201000000000037
:10D5C0000792010040C600201198010000000000F1
:10D5D0000792010000000000079201000000000017
:10D5E0000792010000000000079201000000000007
:10D5F00007920100000000000792010000000000F7
:10D6000007920100000000000792010000000000E6
:10D6100007920100000000000792010000000000D6
:10D6200007920100000000000792010000000000C6
:10D6300007920100000000000792010000000000B6
:04D64000079201004C
:10D64800A8CC0020000901200018000059A80000FB
:10D6580000000000000000000000000000000000C2
:10D66800000000004FFB0100000000000000000067
:10D67800A5960100000000004DD4000071D50000FF
:10D68800D1D4000045D400002197010035D4000012
:10D6980049D6000075970100819701009597010010
:10D6A8009F970100A9970100F9D70000BD970100D5
:10D6B8000000000099D10000119601007596010044
:10D6C80000000000AD95010000000000000000000F
:10D6D8004798010085DA0000399801005D9A010039
:10D6E8006D98010095980100CB980100DF98010022
:10D6F8000D99010021990100DF980100FD980100B2
:10D70800359901004399010051990100839901005D
:10D7180087990100000000000100000071E8000086
:10D72800E9EC000064040200030000004403020066
:10D73800030000006BFA01000300000081010200F1
:10D7480003000000CE0D020003000000D90D020006
:10D7580003000000F8FB0100030000000B020200B8
:10D7680003000000A0E301000300000087FA0100A5
:10D77800030000008BFA01000300000046FB0100D3
:10D78800030000000305020003000000F40B020080
:10D7980003000000C0000200030000004201020074
:10D7A800030000004A01020003000000710D02009E
:10D7B80003000000A60D020003000000B50D0200E2
:10D7C80003000000530D0200030000003A0D0200A0
:10D7D80003000000DE0D020003000000970D0200A8
:10D7E80003000000630D020003000000850D020025
:10D7F80003000000860202000300000083100200FC
:10D808000300000063FA010003000000D1E30100F7
:10D818000300000059010200030000007CFA010027
:10D82800030000004A0202000300000088DB010038
:0CD83800CCC5002035FB01000100000001
:10D85000FFFFFFFFFFFFFFFFE11B0100F9280100B1
:10D86000A93701001BAA010023AA0100AD3901005C
:10D8700017AA0100A9B70100ED3701001FAA010096
:10D8800027AA01001DC101000000000000000000E7
:10D890000338FDD8704700000100000000000000C0
:10D8A000050000000000000019000000000000005A
:10D8B0007D00000000000000710200000000000078
:10D8C000350C000000000000093D000000000000D1
:10D8D0002D31010000000000E1F50500000000000E
:10D8E00065CD1D0000000000F90295000000000059
:10D8F000DD0EE90200000000514A8D0E000000001C
:10D900009573C24800000000E941CC6B01000000A3
:10D910008D49FD1A07000000C16FF2862300000048
:10D92000C52EBCA2B1000000D9E9AC2D78030000DF
:10D930003D9160E45811000031D6E275BC560000FC
:10D94000F52E6E4DAEB10100C9EA26836778080056
:10D95000ED95C28F055A2A00A1EDCCCE1BC2D30093
:10D9600025A4000A8BCA2204000000000000000069
:10D970000000000000000010000000000000000097
:10D98000B9340332B7F4AD1410DB1AB30892540E55
:10D990000D307D951447BA1A66088F4D26ADC66DB9
:10D9A000F598BF85E2B74511CA96853D92BD1DEB3E
:10D9B000FCA11860DCEF52163C92AE220BB8C1B449
:10D9C000839D2D5B0562DA1C304C7E8F4E8BB25BE3
:10D9D00016F4529F8B56A512FBD4827643ED8AF043
:10D9E0008FE7F9311565191850F19BD94A13EEB438
:10D9F000284CF0A686C1251F035FC270CB9E491636
:10DA0000E642889C44EB2014B0650836AD6EA585CF
:10DA100085F0CA14E2FD031A0B899979D5B13D0945
:10DA2000D8DA973A35EBCF10AC363F5E73BB38CFC0
:10DA30003E6752FA44AFBA15010000000000000032
:10DA40000000000000000020345065C05FC9A652ED
:10DA5000BB13CBAEC440C21806C8DF7100D5A87C8A
:10DA6000F56F0FDA58FC27136E4756357D24206575
:10DA700002C7E768E48CA41DE9E60268D7CD3961E6
:10DA80007977FCC2405BEF16798CDE43FFA751F932
:10DA900091F3B278F5BDBE11E857E9D6E8BEE87B50
:10DAA000B054AC8F848D751BEA23A499E9F9D38B0C
:10DAB000B7A3714061DA3E15CEE33ECB73F9480857
:10DAC0008C97B427D51B7010A2BFEFB9EB85321528
:10DAD0004DB44DB49BBB6F1996B6076CF8E7EEAD2D
:10DAE00036D9B4F59135AE13222218AF4E6A684D7F
:10DAF00091DAAA3D4F40741E9FBD9EE006A1C098DA
:10DB000057C2A7FDA40E90170E7D497173E3208FB5
:10DB1000B220D87605143B12853D7434811343B08E
:10DB2000AD297A5F27F4351C980C020097E30100B9
:10DB30004EE101009BE30100B77D01000000000001
:10DB400000000000000000000000000015FB0100C4
:10DB50001DFB0100000000000000000000000000AC
:10DB600025FB010029FB01002DFB010031FB010019
:10DB700078DB010028D3002071A6000048D30020E4
:10DB800090EA0020010000006D7E0100000000000E
:10DB90003B7E01002F7E010000000000237E01007B
:10DBA0000000000004000000010000000000000070
:10DBB00000800F0020D401000200000000000000DF
:10DBC0000080000020D4010003000000008000005D
:10DBD00000000F0020D401000000000000800F00B2
:10DBE0000080000020D4010031B8000000000000D7
:10DBF000000000000000000081B6000000000000EE
:10DC0000B990010080C5002000000000060001005E
:10DC10000200000018DC01000000000033010200D7
:10DC200002000000E0FF0F0068C500203B01020079
:10DC300021000000E0FF032030C60020FDD00000DE
:10DC4000CDD000000000000051D20000D1D1000072
:10DC500075010200A19601009D9601007B01020062
:10DC60000400000000FF0000FFFFFFFF00258440CC
:10DC700040C60020000000000000000000800040BE
:10DC800001000000000000009CDC01000000D60143
:10DC9000000000009DEA00209CEA00200080004077
:10DCA000A8DC010001000000B0DC0100040000005D
:10DCB0001B0000000E0000021A0600010F06000300
:10DCC00000800020E8040000E8840020002000001C
:10DCD00068A50020002000000000000000000000F7
:10DCE00000000000A9ED000065E00000E79C0100D5
:10DCF000CD9C0100C39E0100059E0100D59E010040
:10DD0000C5EB00000000000021E80000879C010036
:10DD1000819C0100C9EA0000A9E80000179E0100EB
:10DD200069E7000075E600003DE900000000000022
:10DD300000000000000000006C04020071040200FA
:10DD4000790402008504020000000000F4090200CA
:10DD5000FA090200BE090200000A0200060A0200D7
:10DD60000C0A0200120A0200020000003C0000003F
:10DD7000680100003C0000003C0000003C00000086
:10DD80003C00000000000000020000003C00000019
:10DD9000680100003C0000003C0000003C00000066
:10DDA0003C0000000000000058020000100E0000BF
:10DDB000A08C0000020000001E0000003C000000DB
:10DDC00000941100000000000800000001000000A5
:10DDD0000800000001000000591B0100152101008E
:10DDE00000000000BDC001007D360100293801009F
:10DDF0000000000000000000000000000000000023
:10DE00004D3801006C040200710402007904020024
:10DE10008504020000000002000000010000000470
:10DE20000000000800000010041000000170000055
:10DE300004700000FFFFFFFFFFFFFFFFFFFFFFFF7A
:10DE4000FFFFFFFFFFFFFFFFFFFFFFFFFFFFFFFFE2
:10DE5000FFFFFFFF0370000002700000057000006C
:10DE60000670000008700000097000000A700000D1
:10DE700007700000FFFFFFFFFFFFFFFFFFFFFFFF37
:10DE8000FFFFFFFFFFFFFFFFFFFFFFFFFFFFFFFFA2
:10DE9000FFFFFFFFFFFFFFFF0180000010400000B9
:10DEA000106000001130000012300000FFFFFFFF83
:10DEB000FFFFFFFFFFFFFFFFFFFFFFFFFFFFFFFF72
:10DEC00010300000FFFFFFFFFFFFFFFFFFFFFFFF1E
:10DED000FFFFFFFFFFFFFFFFFFFFFFFFFFFFFFFF52
:10DEE000FFFFFFFFFFFFFFFFFFFFFFFFFFFFFFFF42
:10DEF000FFFFFFFFFFFFFFFFFFFFFFFF06500000D8
:10DF0000FFFFFFFFFFFFFFFFFFFFFFFFFFFFFFFF21
:10DF1000FFFFFFFFFFFFFFFF206000003410020043
:10DF2000421002005610020065100200711002003B
:10DF3000D4D20100DCD2010024D301002CD3010093
:10DF400074D3010094D30100861002000001000088
:10DF500000000000000000000000000000000000C1
:10DF6000000000000000004095596959555554556E
:10DF70001555555604051541105455404551554405
:10DF8000404550445055554500400040400444969B
:10DF90006555565545404554514115405591555587
:10DFA000555540510501000054455454455505044C
:10DFB00000100410140440000000014055551541A4
:10DFC00054040000440001000000004041000044EF
:10DFD000504445505400555554556551004000403B
:10DFE000010000010005010011545151545555051F
:10DFF000001541500000044010010405000000001D
:10E00000EAFF7AFFF4FF5374617274696E67204708
:10E010004E5353004661696C656420746F207374BD
:10E0200061727420474E53530054696D6520746FBC
:10E03000206669783A20252E3031662073005469B5
:10E040006D6520474E53532077617320626C6F6378
:10E050006B6564206279204C54453A202575207305
:10E0600000536C656570696E6720666F7220257558
:10E0700020730044656C6574696E6720474E535386
:10E080002064617461004661696C656420746F206E
:10E0900064656C65746520474E53532064617461F8
:10E0A00000436F6E6E656374656420746F204C541A
:10E0B00045206E6574776F726B004661696C6564AC
:10E0C00020746F20616C6C6F63617465206D656D89
:10E0D0006F727920666F72204E4D454100436F6E1E
:10E0E0006E656374696E6720746F204C5445206EB2
:10E0F0006574776F726B004661696C656420746F3C
:10E10000206163746976617465204C54452C2065E8
:10E1100072726F723A202564004661696C656420F2
:10E12000746F2064656163746976617465204C5412
:10E13000452C206572726F723A202564004C54455C
:10E1400020646973636F6E6E656374656400756ED9
:10E150006B6E6F776E0049676E6F72696E672061D4
:10E160007373697374616E6365207265717565732D
:10E17000742062656361757365206E6F204750532C
:10E180002074696D65206F7220706F736974696F98
:10E190006E206973207265717565737465640041E2
:10E1A0007373697374616E63652064617461206E5A
:10E1B00065656465643A20646174615F666C61677B
:10E1C000733A203078253032780041737369737464
:10E1D000616E63652064617461206E656564656469
:10E1E0003A20257320657068653A203078256C6C7C
:10E1F000782C20616C6D3A203078256C6C78004664
:10E2000061696C656420746F2072657175657374E3
:10E2100020617373697374616E63652064617461F6
:10E22000005374617274696E6720474E53532073B4
:10E23000616D706C65004D6F64656D206C69627214
:10E2400061727920696E697469616C697A61746957
:10E250006F6E206661696C65642C206572726F72E6
:10E260003A20256400676E73735F776F726B5F711E
:10E27000004661696C656420746F20696E69746919
:10E28000616C697A652073616D706C6500466169C7
:10E290006C656420746F20616374697661746520B5
:10E2A000474E53532066756E6374696F6E616C20C0
:10E2B0006D6F6465004661696C656420746F2073DE
:10E2C000657420474E5353206576656E74206861EF
:10E2D0006E646C6572004661696C656420746F20C1
:10E2E00073657420474E5353204E4D4541206D6158
:10E2F000736B004661696C656420746F20656E61A4
:10E30000626C6520637573746F6D20515A5353208E
:10E310004E4D4541206D6F6465004661696C6564D2
:10E3200020746F2073657420474E535320757365B6
:10E330002063617365004661696C656420746F20B9
:10E3400073657420474E5353206669782072657454
:10E350007279004661696C656420746F207365741E
:10E3600020474E53532066697820696E7465727633
:10E37000616C004661696C656420746F20696E6928
:10E380007469616C697A6520616E6420737461726E
:10E390007420474E53530047505300515A53530073
:10E3A000676E73735F73616D706C65004661696C55
:10E3B000656420746F207265616420616C6D616EAC
:10E3C000616320636865636B73756D2066726F6D42
:10E3D0002073657474696E6773006463333233311C
:10E3E0006133656333393734336637616138663892
:10E3F000613837613931616361643761373562375C
:10E4000031383234643230396236353932636666D7
:10E4100037656631363330366166006630656130A7
:10E4200033303033313735303930303030303030D0
:10E430003033313738306536333735303938663038
:10E44000393433666430303763306361313030667D
:10E45000353534336430303130356630383030392A
:10E4600038346539396666306430316664666633DF
:10E470003165653839363337353039653230633593
:10E480003166643030396230646131303032346248
:10E49000393336303039373161653166663231397A
:10E4A0006464356666373630303032303033313977
:10E4B0006533383633373530396564323135356652
:10E4C0006430303437306361313030326562343635
:10E4D00035303038303535333230303666316434AB
:10E4E00036303063383031666266663331643331DA
:10E4F000653633373530393335313336336664304A
:10E500003033613064613130306563336339316693
:10E5100066636138373861666665313636626566CE
:10E5200066336530303030303033316638326436FF
:10E530003337353039313131393438666430306110
:10E540003430646131303032343338363330303344
:10E550003966383361303037653536643766663052
:10E5600062666630303030333135353165363337B9
:10E5700035303935343163356666643030333630A2
:10E5800064613130303234366333623030323637A2
:10E5900062656166663631313037613030393066F8
:10E5A00064303130303331323161623633373530B7
:10E5B000393537303535356664303035393063615B
:10E5C000313030353034636261666631656663616F
:10E5D00066666634333233353930303336666666D4
:10E5E00066666633313263356636333735303932F5
:10E5F00037303034646664303036373064613130FF
:10E60000303639396630643030393531363136306C
:10E61000303035306163616666633230316665661D
:10E6200066333138633163363337353039376230EA
:10E630006635626664303037343064613130303989
:10E640003439383865666634303065353330306596
:10E650006664386532666630613033666666663396
:10E66000313231356136333735303939633231350E
:10E670003466643030646130636131303030393950
:10E68000613635303039376437613366663362302E
:10E690006231653030613066643031303033313171
:10E6A000333133363337353039343430643462669D
:10E6B0006430303963306361313030393231613345
:10E6C000633030393866303966666666623062615A
:10E6D000636666623366653033303033316361348C
:10E6E00037363337353039613330613466666430FC
:10E6F00030353030646131303062346530653766D2
:10E7000066323437653430303064663738336130E0
:10E71000303833666430303030333166633132360E
:10E720003337353039653430613465666433663784
:10E730006530636131303037653734653366663252
:10E740003830643462303036343537333230303636
:10E75000393031303630303331306333623633372D
:10E760003530396265666634306664303063303027
:10E77000636131303036323937653566666236303E
:10E7800030393266663837393033353030313030F1
:10E790003330303030333164373839363337353011
:10E7A0003932663031343666643030383430646142
:10E7B00031303035636133383866663165666233CF
:10E7C0006430303930323061316666623630313033
:10E7D00031303033316437376136333735303930A3
:10E7E0006530613466666430303065306461313084
:10E7F00030316639306538666636623137323630E8
:10E800003033343438663566663231303130323048
:10E8100030333132303637363337353039353430BE
:10E820006135646664303063643063613130306216
:10E830006466313131303039356563643266663152
:10E840003139646339666636346666666566663392
:10E850003161343331363337353039383831323548
:10E86000326664303061363063613130306232326A
:10E8700039336230303262656238616666633434DF
:10E8800030373930306130666530333030333130D5
:10E89000343566363337353039633530393563666C
:10E8A000643030393530646131303038666261311E
:10E8B000333030663864653739303035656137302C
:10E8C0006530306466303230303030333139333196
:10E8D0003036333735303937373063353766643063
:10E8E000303765306361313030306163653865667B
:10E8F00066303264316235666663303638333530BF
:10E900003063303030303430303331366530363685
:10E9100033373530396664306433396664303031CA
:10E9200061306361313030313064383635303064D5
:10E9300036613766626666666164623237303061BE
:10E94000663031666666663331386636313633375F
:10E95000353039623430393465666430303464308F
:10E9600064613130303532623365386666636237F0
:10E9700066643766666431343465336666306230A7
:10E98000303032303033313366333336333735302D
:10E990003934653165353066643030363430646121
:10E9A00031303039663436363430303935333039F9
:10E9B0003066663431383434383030616630323065
:10E9C00031303033316239393436333735303966A6
:10E9D000666661343766643030613430636131308B
:10E9E0003061336365623566663364653032653045
:10E9F00030373064633830666632663030303530F8
:10EA00003033313464363936333735303930353098
:10EA100033343366643030666130636131303033B3
:10EA200063303365346666656634633266303066FB
:10EA3000393061333730306236303166666666337E
:10EA400031643835613633373530393666663633BA
:10EA50003166643030393430646131303039356595
:10EA6000376530666630613262316430303636394F
:10EA70003831343030376166656666666633313505
:10EA80003837353633373530393135303635356608
:10EA90006430306661306361313030613666353004
:10EAA000653030333961303234303062323238637D
:10EAB0006666663030303030303030333166393071
:10EAC0003336333735303937363063363066643075
:10EAD00030356330636131303064363461623966B9
:10EAE000663231346465656666353663653738305D
:10EAF00030653966643033303033316132316436F9
:10EB00003337353039313230633630666430303443
:10EB100064306461313030643661323132303036E5
:10EB20006562383732303031633735633566666257
:10EB3000646665303230303331393434333633370C
:10EB400035303963306662343866643030333330A0
:10EB5000646131303066626466623966666136616E
:10EB6000306133666630646635346430303033305B
:10EB7000313034303033313937353836333735305A
:10EB80003963333037353866643030373630636157
:10EB9000313030343834646262666637373036324A
:10EBA0003730306262326332643030363866663015
:10EBB000313030333165633463363337353039368D
:10EBC00064313135646664303064333064613130CF
:10EBD0003031663464386666663737363961666662
:10EBE00066636633346534666636303030303630CE
:10EBF0003030303030303030303030303030303015
:10EC00003030303030303030303030303030303004
:10EC100030303030303030303030303030303030F4
:10EC200030303030303030303030303030303030E4
:10EC3000303030303030303331656338303535374F
:10EC4000353039326663313162666630316662650D
:10EC50003763613030323436366663666638653520
:10EC60006462666666386566336232666630303086
:10EC70003030303030333161623738353537353008
:10EC80003933616338326666663031306565656395
:10EC9000613030376262343433303036653131635D
:10ECA0003166666566636136373030666266663047
:10ECB00030303033313934376135353735303933E9
:10ECC0006361613463666631303164656463613009
:10ECD00030336630643838666633313133633166D9
:10ECE00066376432313231303030313030303030AC
:10ECF0003030303030303030303030303030303014
:10ED00003030303030303030303030303030303003
:10ED100030303030303030303030303030303030F3
:10ED200030303030303030303030303030303030E3
:10ED300030303030303030303030303030303030D3
:10ED400030303030303030303030303030303030C3
:10ED500030303030303030303030303030303030B3
:10ED60003030303030303030303030303033313699
:10ED7000383032353537353039383030303631305B
:10ED800030303134396562636130306462386265D5
:10ED9000666666366431373961666630363162647C
:10EDA000626666303030303030303033313264308B
:10EDB000323535373530393630303036373030311E
:10EDC00030663565626361303033663439353230F0
:10EDD0003036653639333330303262303963356638
:10EDE00066303030303030303030303030303030ED
:10EDF0003030303030303030303030303030303013
:10EE00003030303030303030303030303030303002
:10EE100030303030303030303030303030303030F2
:10EE200030303030303030303030303030303030E2
:10EE300030303030303030303030303030303030D2
:10EE400030303030303030303030303030303030C2
:10EE500030303030303030303030303030303030B2
:10EE600030303030303030303030303030303030A2
:10EE70003030303030303030303030303030303092
:10EE80003030303030303030303030303030303082
:10EE9000303030303030303030003835643032345B
:10EEA0003462343634383334393665376133623955
:10EEB00032616663313166623162346432343231D8
:10EEC0003037303230366361323238363765333975
:10EED0003835353033666332613400663065613011
:10EEE0003230303331373530393030303030303007
:10EEF000303331373830653633373530393866306E
:10EF000039343366643030376330636131303066B2
:10EF1000353534336430303130356630383030395F
:10EF20003834653939666630643031666466663314
:10EF300031656538393633373530396532306335C8
:10EF4000316664303039623064613130303234627D
:10EF500039333630303937316165316666323139AF
:10EF600064643566663736303030323030333139AC
:10EF70006533383633373530396564323135356687
:10EF8000643030343730636131303032656234366A
:10EF900035303038303535333230303666316434E0
:10EFA000363030633830316662666633316433310F
:10EFB000653633373530393335313336336664307F
:10EFC00030336130646131303065633363393166C9
:10EFD0006663613837386166666531363662656604
:10EFE0006633653030303030303331663832643635
:10EFF0003337353039313131393438666430306146
:10F000003430646131303032343338363330303379
:10F010003966383361303037653536643766663087
:10F0200062666630303030333135353165363337EE
:10F0300035303935343163356666643030333630D7
:10F0400064613130303234366333623030323637D7
:10F05000626561666636313130376130303930662D
:10F0600064303130303331323161623633373530EC
:10F070003935373035353566643030353930636190
:10F0800031303035303463626166663165666361A4
:10F090006666663433323335393030333666666609
:10F0A000666666333132633566363337353039322A
:10F0B0003730303464666430303637306461313034
:10F0C00030363939663064303039353136313630A2
:10F0D0003030353061636166666332303166656653
:10F0E0006633313863316336333735303937623020
:10F0F00066356266643030373430646131303039BF
:10F1000034393838656666343030653533303065CB
:10F1100066643865326666306130336666666633CB
:10F120003132313561363337353039396332313543
:10F130003466643030646130636131303030393985
:10F140006136353030393764376133666633623063
:10F1500062316530306130666430313030333131A6
:10F1600033313336333735303934343064346266D2
:10F17000643030396330636131303039323161337A
:10F18000633030393866303966666666623062618F
:10F1900063666662336665303330303331636134C1
:10F1A0003736333735303961333061346666643031
:10F1B0003035303064613130306234653065376607
:10F1C0006632343765343030306466373833613016
:10F1D0003038336664303030303331666331323644
:10F1E00033373530396534306134656664336637BA
:10F1F0006530636131303037653734653366663288
:10F20000383064346230303634353733323030366B
:10F210003930313036303033313063336236333762
:10F22000353039626566663430666430306330305C
:10F230006361313030363239376535666662363073
:10F240003039326666383739303335303031303026
:10F250003330303030333164373839363337353046
:10F260003932663031343666643030383430646177
:10F270003130303563613338386666316566623304
:10F280006430303930323061316666623630313068
:10F2900031303033316437376136333735303930D8
:10F2A00065306134666664303030653064613130B9
:10F2B000303166393065386666366231373236301D
:10F2C000303334343866356666323130313032307E
:10F2D00030333132303637363337353039353430F4
:10F2E000613564666430306364306361313030624C
:10F2F0006466313131303039356563643266663188
:10F3000031396463396666363466666665666633C7
:10F31000316134333136333735303938383132357D
:10F32000326664303061363063613130306232329F
:10F330003933623030326265623861666663343414
:10F34000303739303061306665303330303331300A
:10F3500034356636333735303963353039356366A1
:10F360006430303935306461313030386662613153
:10F370003330306638646537393030356561373061
:10F3800065303064663032303030303331393331CB
:10F390003036333735303937373063353766643098
:10F3A00030376530636131303030616365386566B0
:10F3B00066303264316235666663303638333530F4
:10F3C00030633030303034303033313665303636BB
:10F3D0003337353039666430643339666430303100
:10F3E000613063613130303130643836353030640B
:10F3F00036613766626666666164623237303061F4
:10F400006630316666666633313866363136333794
:10F4100035303962343039346566643030346430C4
:10F420006461313030353262336538666663623725
:10F4300066643766666431343465336666306230DC
:10F440003030323030333133663333363337353062
:10F450003934653165353066643030363430646156
:10F46000313030396634363634303039353330392E
:10F47000306666343138343438303061663032309A
:10F4800031303033316239393436333735303966DB
:10F4900066666134376664303061343063613130C0
:10F4A000306133636562356666336465303265307A
:10F4B000303730646338306666326630303035302D
:10F4C00030333134643639363337353039303530CE
:10F4D00033343366643030666130636131303033E9
:10F4E0006330336534666665663463326630306631
:10F4F00039306133373030623630316666666633B4
:10F5000031643835613633373530393666663633EF
:10F5100031666430303934306461313030393565CA
:10F520003765306666306132623164303036363984
:10F53000383134303037616665666666663331353A
:10F54000383735363337353039313530363535663D
:10F550006430306661306361313030613666353039
:10F5600065303033396130323430306232323863B2
:10F5700066666630303030303030303331663930A6
:10F5800033363337353039373630633630666430AA
:10F5900030356330636131303064363461623966EE
:10F5A0006632313464656566663536636537383092
:10F5B000306539666430333030333161323164362E
:10F5C0003337353039313230633630666430303479
:10F5D000643064613130306436613231323030361B
:10F5E000656238373230303163373563356666628D
:10F5F0006466653032303033313934343336333742
:10F6000035303963306662343866643030333330D5
:10F6100064613130306662646662396666613661A3
:10F620003061336666306466353464303030333090
:10F63000313034303033313937353836333735308F
:10F64000396333303735386664303037363063618C
:10F65000313030343834646262666637373036327F
:10F66000373030626232633264303036386666304A
:10F6700031303033316563346336333735303936C2
:10F680006431313564666430306433306461313004
:10F690003031663464386666663737363961666697
:10F6A0006663663334653466663630303030363003
:10F6B000303030303030303030303030303030304A
:10F6C000303030303030303030303030303030303A
:10F6D000303030303030303030303030303030302A
:10F6E00030303030300053657474696E6773207346
:10F6F000756273797374656D20696E697469616C84
:10F70000697A6174696F6E206661696C65642C202A
:10F710006572726F72202564005265676973746543
:10F7200072696E672073657474696E6773206861AF
:10F730006E646C6572206661696C65642C2065720C
:10F74000726F72202564004C6F6164696E6720736C
:10F75000657474696E6773206661696C65642C20DA
:10F760006572726F722025640041542B43474D4DE2
:10F77000006E52463931363000466163746F7279DB
:10F7800020616C6D616E61632068617320616C72D1
:10F7900065616479206265656E207772697474654D
:10F7A0006E2C20736B697070696E67207772697454
:10F7B000696E6700415425255846494C45575249C2
:10F7C00054453D312C222573222C222573220046DC
:10F7D00061696C656420746F207772697465206656
:10F7E0006163746F727920616C6D616E6163005743
:10F7F000726F746520666163746F727920616C6DDD
:10F80000616E616300617373697374616E63652F08
:10F81000616C6D616E61635F636865636B73756D69
:10F82000004661696C656420746F20777269746545
:10F8300020616C6D616E616320636865636B7375D5
:10F840006D20746F2073657474696E67732C206506
:10F8500072726F72202564002B43434C4B3A202276
:10F8600025752F25752F25752C25753A25753A2573
:10F87000750041542B43434C4B3F00436F756C6400
:10F880006E277420726561642063757272656E7490
:10F890002074696D652066726F6D206D6F64656D93
:10F8A0002C2074696D6520617373697374616E6374
:10F8B0006520756E617661696C61626C6500466198
:10F8C000696C656420746F20696E6A656374207466
:10F8D000696D652C206572726F7220256400496E17
:10F8E0006A65637465642074696D652028475053A8
:10F8F000206461792025752C204750532074696D50
:10F9000065206F66206461792025752900252558BA
:10F910004D4F4E49544F523A20252A642C252A5BDC
:10F920005E2C5D2C252A5B5E2C5D2C25385B5E2CC5
:10F930005D00415425584D4F4E49544F5200436F7E
:10F94000756C646E2774207265616420504C4D4E56
:10F950002066726F6D206D6F64656D2C206C6F6317
:10F960006174696F6E20617373697374616E63652E
:10F9700020756E617661696C61626C65004E6F2006
:10F980006C6F636174696F6E20666F756E6420665C
:10F990006F72204D4343202575004661696C656494
:10F9A00020746F20696E6A656374206C6F63617484
:10F9B000696F6E20666F72204D43432025752C20A1
:10F9C0006572726F7220256400496E6A65637465A2
:10F9D00064206C6F636174696F6E20666F72204D76
:10F9E000434320257500617373697374616E6365A9
:10F9F000006865617020636F7272757074696F6EF4
:10FA000020286E6F7420696E207573653F29206110
:10FA100074202570006865617020636F7272757064
:10FA200074696F6E2028627566666572206F7665F0
:10FA300072666C6F773F29206174202570006865BD
:10FA4000617020636F7272757074696F6E202864C4
:10FA50006F75626C6520667265653F292061742050
:10FA60002570006F735F6865617000636270726912
:10FA70006E74665F7061636B616765007379735F55
:10FA80006765746F7074006C6F67006C6F675F6D93
:10FA9000676D74004D6573736167652064726F7084
:10FAA00070656420626563617573652069742065A3
:10FAB0007863656564732073697A65206C696D6924
:10FAC000746174696F6E2028257529001B5B306D89
:10FAD00000257320005B2530386C755D20005B25A8
:10FAE0003032753A253032753A253032752E253050
:10FAF00033752C253033755D20003C25733E200086
:10FB000025732F0025733A200025303278200020FD
:10FB10002020007C001B5B313B33316D001B5B31CF
:10FB20003B33336D006572720077726E00696E66EA
:10FB300000646267006C6F675F6261636B656E642F
:10FB40005F75617274006C6F675F756172740063DA
:10FB50006F61705F636C69656E745F726563765F19
:10FB6000746872656164007365742D76616C756587
:10FB7000206661696C7572652E206B65793A202567
:10FB800073206572726F7228256429004661696C62
:10FB9000656420746F206C6F6164206C696E6520F1
:10FBA0006E616D653A202564006661696C6564204C
:10FBB000746F206C6F6164206C696E6500466169CA
:10FBC0006C656420746F2066696E69736820666373
:10FBD000625F617070656E6420282564290046614B
:10FBE000696C656420746F2066636220726F746153
:10FBF0007465202825642900666C617368002A2AD0
:10FC00002A20426F6F74696E67206E524620436FE0
:10FC10006E6E6563742053444B2076332E342E3041
:10FC20002D393935353330353536303762202A2A8B
:10FC30002A0A002A2A2A205573696E67205A65709D
:10FC4000687972204F532076342E342E302D626620
:10FC500038303165346533643139202A2A2A0A0064
:10FC600072302F61313A20203078253038782020CA
:10FC700072312F61323A20203078253038782020B8
:10FC800072322F61333A2020307825303878007274
:10FC9000332F61343A202030782530387820723183
:10FCA000322F69703A202030782530387820723130
:10FCB000342F6C723A202030782530387800207844
:10FCC0007073723A202030782530387800735B25C5
:10FCD00032645D3A20203078253038782020735BFC
:10FCE0002532645D3A202030782530387820207322
:10FCF0005B2532645D3A202030782530387820202A
:10FD0000735B2532645D3A202030782530387800E6
:10FD100066707363723A2020307825303878004658
:10FD200061756C74696E6720696E73747275637443
:10FD3000696F6E2061646472657373202872313557
:10FD40002F7063293A2030782530387800556E6856
:10FD5000616E646C6564204952516E3A20256400DE
:10FD60002A2A2A2A2A205553414745204641554CE4
:10FD700054202A2A2A2A2A00202044697669736995
:10FD80006F6E206279207A65726F002020556E6157
:10FD90006C69676E6564206D656D6F727920616353
:10FDA00063657373002020537461636B206F766505
:10FDB00072666C6F772028636F6E7465787420614B
:10FDC000726561206E6F742076616C696429002011
:10FDD000204E6F20636F70726F636573736F722054
:10FDE000696E737472756374696F6E730020204955
:10FDF0006C6C6567616C206C6F6164206F66204578
:10FE000058435F52455455524E20696E746F2050CE
:10FE100043002020496C6C6567616C207573652018
:10FE20006F6620746865204550535200202041744D
:10FE300074656D707420746F206578656375746582
:10FE400020756E646566696E656420696E73747290
:10FE5000756374696F6E002A2A2A2A2A2042555334
:10FE6000204641554C54202A2A2A2A2A0020205371
:10FE70007461636B696E67206572726F7200202017
:10FE8000556E737461636B696E67206572726F7211
:10FE9000002020507265636973652064617461207D
:10FEA000627573206572726F720020204246415263
:10FEB00020416464726573733A203078257800209D
:10FEC00020496D7072656369736520646174612097
:10FED000627573206572726F72002020496E7374B0
:10FEE00072756374696F6E20627573206572726FCC
:10FEF00072002020466C6F6174696E672D706F69A7
:10FF00006E74206C617A79207374617465207072EC
:10FF100065736572766174696F6E206572726F7257
:10FF2000002A2A2A2A2A204D5055204641554C5451
:10FF3000202A2A2A2A2A002020537461636B696EC2
:10FF400067206572726F722028636F6E74657874B3
:10FF50002061726561206D69676874206265206E3A
:10FF60006F742076616C696429002020446174619B
:10FF7000204163636573732056696F6C6174696FA8
:10FF80006E0020204D4D46415220416464726573DD
:10FF9000733A2030782578002020496E737472758A
:10FFA0006374696F6E204163636573732056696F74
:10FFB0006C6174696F6E005265736572766564205A
:10FFC000457863657074696F6E2028005370757290
:10FFD000696F757320696E7465727275707420280C
:10FFE0004952512000457863657074696F6E206FC7
:10FFF0006363757272656420696E20536563757200
:020000040002F8
:1000000065205374617465002A2A2A2A2A204841EF
:100010005244204641554C54202A2A2A2A2A00209C
:1000200020427573206661756C74206F6E20766552
:1000300063746F72207461626C6520726561640024
:1000400020204465627567206576656E7400202007
:100050004661756C7420657363616C6174696F6E61
:1000600020287365652062656C6F772900415243D3
:10007000485F45584345505420776974682072653D
:1000800061736F6E2025780A002A2A2A2A2A2044C2
:1000900065627567206D6F6E69746F722065786335
:1000A000657074696F6E202A2A2A2A2A002A2A2A51
:1000B0002A2A20257320256429202A2A2A2A2A0070
:1000C0006D7075004661696C656420746F20616CA9
:1000D0006C6F63617465206E6577204D505520729A
:1000E0006567696F6E2025750A00506172746974C6
:1000F000696F6E2025753A20636F686572656E635F
:100100006520636865636B206661696C65642E00B9
:10011000496E76616C696420756E6465726C79698C
:100120006E6720726567696F6E20696E64657820FE
:10013000257500464C4153485F30005352414D5F96
:1001400030006E65745F627566006E65745F62751F
:10015000665F73696D706C6500736F6300776C61C7
:100160006E2564006E6574256400636C6F636B407C
:1001700035303030006866636C6B006C66636C6BA6
:1001800000636C6F636B5F636F6E74726F6C007093
:1001900073612D726E6700696E76616C69642061AF
:1001A0006464726573733A2030782530386C783A1D
:1001B000257A7500756E616C69676E65642061648F
:1001C00064726573733A2030782530386C783A253C
:1001D0007A75006E6F7420776F72642D616C696739
:1001E0006E65643A2030782530386C783A257A7517
:1001F00000666C6173682D636F6E74726F6C6C65F2
:100200007240343030333930303000666C6173689E
:100210005F6E7266006770696F4038343235303017
:10022000004661696C656420746F20616C6C6F635B
:1002300061746520505049204368616E6E656C00A2
:1002400075617274403830303000756172745F6E61
:100250007266785F7561727465004D6F64656D20BC
:100260006C69627261727920696E697469616C6926
:100270007A6174696F6E206661696C65642C2065B3
:100280007272202564006E72665F6D6F64656D002A
:100290004D6F64656D206C6962726172792064696A
:1002A00064206E6F7420696E697469616C697A6527
:1002B0003A202564006E726639785F736F636B65F0
:1002C00074004D6F64656D206861732063726173A3
:1002D0006865642C20726561736F6E2030782578B4
:1002E0002C2050433A2030782578004661696C65AF
:1002F0006420746F20686F6F6B2074686520646978
:100300007370617463682066756E6374696F6E2CB8
:1003100020657272202564004E6F20686561702030
:10032000737061636520666F7220696E636F6D69BB
:100330006E67206E6F74696669636174696F6E3A87
:100340002025730061745F6D6F6E69746F72004574
:1003500072726F72207768696C652070726F636566
:100360007373696E6720415420636F6D6D616E64B5
:100370003A2025640049676E6F726564206E756C63
:100380006C3B20776F756C64207465726D696E616B
:10039000746520737472696E67206561726C792E62
:1003A00000427566666572206F766572666C6F775F
:1003B0002C2064726F7070696E6720272563270A8E
:1003C000005541525420646576696365206E6F74F0
:1003D00020726561647900554152542063686563F9
:1003E0006B206661696C65643A2025642E20554156
:1003F000525420696E697469616C697A6174696FBD
:100400006E2074696D6564206F75742E00554152BD
:100410005420636865636B206661696C65643A208B
:1004200025642E2044726F7070696E672062756655
:1004300066657220616E64207265747279696E6798
:100440002E005541525420636F756C64206E6F749A
:1004500020626520696E697469616C697A65643AC5
:100460002025640061745F686F7374004F4B0D0A40
:10047000004552524F520D0A002B434D4520455224
:10048000524F523A002B434D53204552524F523A4D
:10049000004E554C4C20617320612068616E646C85
:1004A00065722072656365697665643A204E6F7483
:1004B00068696E6720746F20626520646F6E652EB8
:1004C0000A5468652068616E646C65722063616EB1
:1004D000206265206465726567697374657265641E
:1004E000207573696E67206C74655F6C635F64650B
:1004F00072656769737465725F68616E646C65725A
:100500002829006C74655F6C63004D6F64656D2015
:100510006C69627261727920696E697420657272A9
:100520006F723A2025642C206C74655F6C63206EBA
:100530006F7420696E697469616C697A65640046DC
:1005400061696C656420746F2073657420737973BE
:1005500074656D206D6F646520616E64206D6F64DD
:100560006520707265666572656E63652C206572C4
:10057000722025640030303030303031310030307E
:10058000313031303030004661696C656420746F01
:10059000207365742050534D20706172616D732C0F
:1005A00020657272202564004661696C6564207460
:1005B0006F20636F6E6669677572652050534D2CAE
:1005C000206572722025640041542525464541432B
:1005D0004F4E463D302C332C25640041542B43476D
:1005E0004D52004661696C656420746F20676574C4
:1005F000206D6F64656D206669726D77617265202C
:10060000747970652C206572726F723A20256400CF
:100610006E7266393136305F006E7266393178310C
:100620005F006E7266393135312D6E746E5F006C0D
:1006300074655F6C635F776F726B5F7100436F759A
:100640006C64206E6F7420676574207265676973CF
:1006500074726174696F6E207374617475732C2089
:100660006572726F723A20256400436F756C642066
:100670006E6F742067657420434552454720706152
:1006800072616D20636F756E742C20706F74656E6F
:100690007469616C6C79206D616C666F726D6564F4
:1006A000206E6F74696669636174696F6E2C206572
:1006B00072726F723A2025640052656769737472B2
:1006C0006174696F6E2072656A65637465642C205D
:1006D000454D4D2063617573653A2025642C204398
:1006E000656C6C2049443A2025642C205472616367
:1006F0006B696E6720617265613A2025642C204C1D
:100700005445206D6F64653A202564004661696C2C
:10071000656420746F2070617273652050534D20A2
:10072000636F6E66696775726174696F6E2C2065A0
:1007300072726F723A202564004661696C656420AC
:10074000746F207061727365206E6F74696669637F
:100750006174696F6E20286572726F72202564293A
:100760003A20257300556E6B6E6F776E206E657440
:10077000776F726B20726567697374726174696FE9
:100780006E207374617475733A20256400556E6B26
:100790006E6F776E204C5445206D6F64653A20254E
:1007A000640041542B43455245473D35004661693D
:1007B0006C656420746F207375627363726962651F
:1007C00020746F204345524547206E6F74696669F7
:1007D000636174696F6E732C206572726F723A2058
:1007E0002564002B4345524547004661696C6564AA
:1007F00020746F20656E61626C65206E6F7469662F
:1008000069636174696F6E732C206572726F723ADE
:1008100020256400496E76616C69642066756E639C
:1008200074696F6E616C206D6F64653A2025640099
:1008300041542B4346554E3D2564004661696C6525
:100840006420746F207365742066756E6374696FBD
:100850006E616C206D6F64652E20506C65617365F0
:1008600020636865636B205853595354454D4D4F71
:1008700044452E00436F756C64206E6F742067656D
:1008800074207369676E616C6C696E67206D6F644C
:10089000652C206572726F723A20256400496E766D
:1008A000616C6964207369676E616C6C696E672046
:1008B0006D6F64653A2025640043616E2774207073
:1008C00061727365207369676E616C6C696E672015
:1008D0006D6F64652C206572726F723A202564001A
:1008E0004661696C656420746F20656E61626C6539
:1008F00020525243206E6F74696669636174696F38
:100900006E7320282B4353434F4E292C206572725F
:100910006F72202564002B4353434F4E00496E767F
:10092000616C69642073797374656D206D6F6465A3
:10093000207265717565737465643A202564004999
:100940006E76616C6964204C5445207072656665F2
:1009500072656E6365207265717565737465643A5E
:10096000202564004C544520707265666572656E82
:100970006365206D757374206265204C54455F4C2F
:10098000435F53595354454D5F4D4F44455F50525B
:10099000454645525F4155544F2077697468204E53
:1009A000544E204E422D496F540041542525585332
:1009B000595354454D4D4F44453D302C302C302C2F
:1009C000302C3100415425255853595354454D4D31
:1009D0004F44453D25732C2563004661696C656471
:1009E00020746F207365742073797374656D206D46
:1009F0006F646500312C302C3000302C312C3000ED
:100A0000312C302C3100302C312C3100312C312C58
:100A10003000312C312C310041542B4350534D5375
:100A20003D312C2C2C222573222C222573220041AF
:100A3000542B4350534D533D312C2C2C22257322E3
:100A40000041542B4350534D533D312C2C2C2C2220
:100A50002573220041542B4350534D533D31006EBA
:100A600072665F6D6F64656D5F61745F7072696EF1
:100A70007466206661696C65642C207265706F72A3
:100A8000746564206572726F723A20256400415467
:100A90002525464541434F4E463D25642C25642C73
:100AA00025750045787065637465642076616C69AE
:100AB000642054333431322074696D657220756E50
:100AC00069740041542525584D4F4E49544F5200EA
:100AD000415420636F6D6D616E64206661696C6561
:100AE000642C206572726F723A2025640041542094
:100AF000636F6D6D616E642070617273696E6720E3
:100B00006661696C65642C206572726F723A20258B
:100B100064004E6F2050534D20706172616D65749A
:100B200065727320626563617573652064657669BB
:100B30006365206E6F742072656769737465726592
:100B4000642C207374617475733A202564004661C7
:100B5000696C656420746F206765742050534D2064
:100B6000696E666F726D6174696F6E00312E312E21
:100B7000312E31004661696C656420746F207365A5
:100B8000742066616C6C6261636B20444E5320611B
:100B90006464726573732C2065727220256400256D
:100BA00073206973206E6F7420612076616C6964B4
:100BB00020444E53207365727665722061646472BE
:100BC000657373004661696C656420746F2073659A
:100BD0007420636F6E66696775726174696F6E20E9
:100BE000286572723A202564290041542558434FE4
:100BF000455830006D6F64656D5F616E74656E6E33
:100C000061004661696C656420746F207374617261
:100C10007420646F776E6C6F6164004572726F72DE
:100C200020647572696E6720646F776E6C6F6164A3
:100C300000464F544120757064617465206E6F7476
:100C40002076616C696461746564004572726F72CC
:100C5000206170706C79696E67207570646174656D
:100C60000046572066696C6520646F6573206E6F5F
:100C700074206D617463682073706563696669656B
:100C80006420464F54412074797065004A6F622099
:100C9000696E666F20697320696E76616C696400A5
:100CA000464F54412074797065206E6F74207375BF
:100CB00070706F7274656400515545554544004924
:100CC0004E5F50524F4752455353004641494C45A1
:100CD00044005355434345454445440054494D451C
:100CE000445F4F55540043414E43454C4C454400EE
:100CF00052454A454354454400444F574E4C4F419A
:100D000044494E4700464C495000425554544F4EBA
:100D10000054454D500048554D4944004149525FEB
:100D20005052455353004149525F5155414C005276
:100D3000535250004C49474854006E72665F636CD2
:100D40006F75645F636F6465635F696E7465726E0F
:100D5000616C006E72665F636C6F75645F636F6475
:100D60006563006E72665F636C6F75645F6D656D61
:100D7000006E72665F636C6F75645F636C69656E4D
:100D8000745F6964006E72665F636C6F75645F7335
:100D900065635F746167006E72665F636C6F756434
:100DA0005F696E666F006E72665F636C6F75645F1D
:100DB000636F6170006E72665F636C6F75645F6312
:100DC0006F61705F7472616E73706F727400636FC5
:100DD00061705F636F6465630064746C73006E724E
:100DE000665F636C6F75645F646E730054462D4D6F
:100DF000206E6F6E2D7365637572652063616C6C18
:100E00006261636B20696E697469616C697A61748F
:100E1000696F6E206661696C65642C206572726F03
:100E2000723A202564002A2A2A2A2A20534543554B
:100E30005245204641554C54202A2A2A2A2A00206D
:100E400020416464726573733A20307825780020FD
:100E500020496E76616C696420656E7472792070C9
:100E60006F696E74002020496E76616C6964206938
:100E70006E74656772697479207369676E617475E1
:100E80007265002020496E76616C69642065786324
:100E9000657074696F6E2072657475726E002020C3
:100EA0004174747269627574696F6E20756E6974CD
:100EB0002076696F6C6174696F6E002020496E76D0
:100EC000616C6964207472616E736974696F6E001D
:100ED00020204C617A79207374617465207072658A
:100EE000736572766174696F6E0020204C617A7947
:100EF000207374617465206572726F72002A2A2AE9
:100F00002A2A2053505520494E5445525255505488
:100F1000202A2A2A2A2A00202053656375726974C0
:100F2000792076696F6C6174696F6E20666F7220CC
:100F300074686520666C617368206D656D6F727989
:100F40002073706163650020205365637572697456
:100F5000792076696F6C6174696F6E20666F72209C
:100F60007468652052414D206D656D6F72792073F4
:100F70007061636500202053656375726974792020
:100F800076696F6C6174696F6E206F6E206F6E652D
:100F9000206F72207365766572616C20706572696E
:100FA00070686572616C732E0041542B4346554E38
:100FB0003D0070646E0048616C74696E67207379DF
:100FC0007374656D00556E6B6E6F776E206572720F
:100FD0006F72003E3E3E205A4550485952204641CD
:100FE00054414C204552524F522025643A202573DB
:100FF000206F6E20435055202564004661756C7447
:1010000020647572696E6720696E7465727275709E
:10101000742068616E646C696E670A004375727251
:10102000656E74207468726561643A2025702028AA
:101030002573290043505520657863657074696F86
:101040006E00556E68616E646C656420696E7465CF
:10105000727275707400537461636B206F76657281
:10106000666C6F77004B65726E656C206F6F707386
:10107000004B65726E656C2070616E6963006D6116
:10108000696E006F7300737973776F726B71006EA6
:10109000616E00286E756C6C29006364696E6F70F8
:1010A000737578585B6165666741454647006468BB
:1010B000680000002C423D0A244221016477770039
:1010C000295C0742000084429C01646868005C8FD0
:1010D00024426666A0411401647D7D00AE47E14173
:1010E00014AE27405B02646B6B00C3F564C133B37D
:1010F0002AC3200264505000F6282A4214AEC73F8B
:10110000D50064797900295C33C13D0A8F417702AB
:10111000645656008FC29141713D7CC26D01645886
:101120005800713D8A41F62877C2580150767F00F9
:101130001F850DC2295C82C2D20264686800F6284D
:10114000214252B833421B01644E4E00EC514841DB
:1011500085EB8BC26B01507F7F000AD7CDC1717DBB
:101160000643F901646D6D00295C3E427B146241C7
:10117000E800646D6D00F628214233333E42900151
:10118000646E7100EC51C2418F4299C26C0164548B
:101190005400EC51D041F6284A42AA016470700014
:1011A000C3F5BE41E17AB442D6016451510048E131
:1011B0005241713D6EC2560164707000B81E5642B5
:1011C000713DE0410101646767005C8F4A42E17A4A
:1011D0009440CE00646666009A998941856BB1C2DD
:1011E000BE02646F6F00713D1A41B81E154068025F
:1011F000644D4D00713D0142008081C25E01646812
:101200006800AE47DB41CDCCB442920164797900ED
:1012100014AE85C1486181C2E0026469690014AE00
:101220003042F6288E41DA0064767600A470B1C1AF
:101230006666BE418C02427F7F00D7A32CC16666E2
:1012400054C2D402646565005C8FEAC00AD790423C
:10125000E30364565600295C9341142E81C25C015D
:1012600064616100D7A39040A470E5421002646DF0
:101270006D007B142B428FC2C9411C016473730043
:10128000EC5144410000E0BF6502646666003D0A1F
:1012900057C03D0AEF418202646F6F001F854B41CA
:1012A000ECD1D142C801647777007B14B6400AD7ED
:1012B0004B417002217F7F00A4707542B89EC4C26A
:1012C0002E0164666600295C7F4114AEBFC17102C5
:1012D00064606000A4709B41ECD1A1C25A016478A3
:1012E0007800713DD2408FC2A3416F02647A7A00C8
:1012F000AE477541B81E95416E024B7F7F0085EB6E
:1013000016C28FC28EC2DA02217F7F00713D124267
:10131000D7A3CF42CC01217F7F00713D1242D7A3DA
:10132000CF42CD01647C7C00713D7A40F62892C2A8
:10133000DC02646060007B143EC152B82E428E0213
:10134000647575003D0A57BF1F8573417502647847
:1013500078008FC2A9C13DCA1FC324026470700007
:1013600014AE1F414861A8C2C802646E6E00EC5101
:10137000344233338341DB0064747400C3F5AC4101
:101380003D0A9EC270016457570033334341A4F0B5
:1013900089C26A016460600014AE0B423D0A0442D7
:1013A0001801646C6C0085EB4642C3F57441E6009D
:1013B000647D7D00EC5138C0B81EBD417602646C7E
:1013C0006C0085EB5F42E17A2041EE0064646400CA
:1013D00000003C41713D2A427E02645454003D0AA3
:1013E0007741A47075C26E01646A6A00B81E9741A5
:1013F0001F058DC2720164686800D7A30CC1AE4797
:10140000FC420202647979008FC2B5BF00809DC2A0
:10141000E402647777000000D44148E1EE415A02CB
:10142000646565000AD75B4171BDB1C2C2026470D8
:101430007000295CCF3FB81E2541730264727200B0
:101440008FC2754166661B4291026469690014AEE1
:101450006A42EC51CC41F800647A7A0085EB09418C
:1014600066661E427C0264656500C3F54EC2666610
:101470006DC2EE02645D5D0033337842F628DCC055
:10148000200164757500A4708BC1337325431E025F
:101490006474740000008142F628D241F4005A7549
:1014A000750014AE2842D7A330C0D000646868002D
:1014B0001F857B40295C54C2E602327F7F003D0AD3
:1014C000A9C1B81E5E428702647D7D001F858DC163
:1014D000B85E15C32302647171003D0A17BFD7A31C
:1014E0003C4174026467670033335741666676C1D6
:1014F0005F02646D6D0014AE28423D0A2E421A014F
:1015000064737300A4704C42713D264106016471FE
:1015100071006666FE40F6289CBF6C02643B3B008F
:101520005C8F10423333ABC00A0164737300AE4763
:101530001C4214AEB741CA00647E7E00856B9542A2
:10154000295C25C222016456560085EB414152B800
:1015500076C26001645A5A00295C8141D7A375C2E2
:101560005401646D6D003D0A7B4152B8B4C2C002A3
:10157000647272003D0A27413D0A2FC1630264680C
:101580006800CDCC404133336FC178026472720081
:10159000AE47994085EB6BC2E202646868001F8524
:1015A0009741486191C2740164707000AE476D410B
:1015B000713DADC2C402645757003333B341523852
:1015C000E442C601646D6D00D7A33C4233339B41B6
:1015D000D800646D6D00000082425C8F94C11201DE
:1015E000647D7D00B81EB74152389F429401647DEE
:1015F0007D00B81EB74152389F429501647D7D0041
:10160000B81EB74152389F42960142797F007B1441
:101610000EC0E17AEA42FE01647B7B00EC5102429B
:101620007B145942B00164757500F6280442C3F575
:101630002E42A201646B6B0052B85442713D02C14C
:101640001001646A6A0014AEFB4100000C42A9015B
:101650006477770033332B42B81E4141DE00647259
:1016600072009A99F1409A99B1C064026463630070
:10167000AE479141B89E9AC252015A7F7F00295CC1
:101680001642AE070A43B8015A7F7F00295C164212
:10169000AE070A43B901646D6D000000FA417B1486
:1016A0001342A001647F7F00D7A340427B9486420F
:1016B0009101647676009A99193F333317427F027D
:1016C0005F7F7F00295CEF3F295C1DC321026470AE
:1016D00070009A9920424861FE42D3016471710002
:1016E0005C8F114214AEFF42C20164626200AE47D9
:1016F0002A42C3F5A641DD0064646400D7A3EA4131
:10170000295C3E42A301647272000AD725427B1411
:101710009542B5016474740014AE9141AEC7CF42D6
:10172000C901646B6B0066666342AE47C741F70050
:101730006463630014AE07421F850F429F01646615
:101740006600D7A3ECC10AD7E1418B02646E6E003C
:101750006666CE40B81E15C16A02647A7A00713D91
:10176000D8417B1490415E02644C4C005C8F3C423B
:10177000D7A318412701646A6A00EC515D42B81E84
:10178000BF41F600645A5A007B144742713DC24083
:101790000E01644646008FC2B1411F05E342C701F6
:1017A0006464640066662642A470AD4126016478D4
:1017B0007800C3F59AC1CDCC3A42860264717100BB
:1017C0001F8553C1F62809428A02647B7B005C8F27
:1017D00072406666DB42F6016471710052B86E4079
:1017E00085EB9242D801647B7B00CDCC8A415C8F33
:1017F00062C062026452520014AE0F425C8F6641B6
:101800001601647575000000E0400A572A4327025C
:10181000647979007B14A2419A9925C161026475AB
:101820007500713DA2C1AE47664269025F7F7F00CD
:101830009A99BF413D0ACDC24E01287F7F0066665E
:10184000EE40713D19432602646969008FC23C4233
:1018500014AEE34103016441410000002F42B81E71
:10186000ED40D400647C7C00EC513B429A19CE429E
:10187000AC0164636300F6282B4285EB9941290192
:101880006449490085EB85418FC278C26201647B5F
:101890007B0052B8EE41295C07C15C02647A7A0091
:1018A000F6288AC1B81E0E428302647B7B001F8526
:1018B000A941E1FAC0429E0164434300B81E05BF3E
:1018C00014EE26431802647171000000E2410AD749
:1018D000A742AD015A67670066665042C3F5A8404B
:1018E000CC00647171006666AAC114AE2543220261
:1018F00046787F00713D27C2E17A2B431202646F64
:101900006F009A994D415C0FAAC2C602647A7A00B0
:10191000295C8B41713D1641660264787800A470A1
:101920001941A47001416D02644D4D00666698C175
:10193000B8DE29C32B02557F7500008089429A9931
:101940007541F2006475750048E1A441295C60426C
:10195000A601647A7A009A99EF4114AE8A429A01FC
:10196000646E6E00AE47E940F66806432802646E76
:101970006E00EC510841713DA0C2CA026479790041
:1019800052B8CEC0C33511431902647474000AD72B
:10199000B9C19A9969C2E802647C7C00666612C18A
:1019A0008FC294C2CC02647A7A00E17A3C418FC241
:1019B000F5420302647171001F855042B81E9B41BD
:1019C0000401647C7C0066661E42000008C10C01B4
:1019D000646565000AD79141A4F084C24A0164613C
:1019E0006100E17ACA4152B84C42AB0164717100A6
:1019F000666637428FC2C741E200147F7F5A85EB8B
:101A000077424861C142FA006465650052B8FEBF82
:101A1000295CEF417B0264484800666646C1CDCC34
:101A200018C19202645353007B148A418FC27AC258
:101A3000640164535300713D5E4148E173C2660125
:101A40006452520014AE3B42333361C234016459D4
:101A500059001F855341CDCC74C26801645F5F009B
:101A600000005CC1F6282CC32502644646008FC2E4
:101A70002F42295C4741240164626200AE47E13E87
:101A80003D0AD7407202647D7D00C3F5C041F6284F
:101A90003242A4016470700085EB65411F8567C107
:101AA0006002646B6B0048E13042EC51A641DC00FF
:101AB00064757500B81E95C085EB5D427902646A55
:101AC0006A00C3F50841D7A33CC16B0264525200BF
:101AD0007B14AE3FD7A3CF420D02646A6A000AD7D7
:101AE00042420AD79B41E70064656500E17A3842CB
:101AF000CDCC6C4125016477770052B80EC148A166
:101B00001F431C0264797900000098400AD73642CE
:101B10007D02647F7F000000E8C1D7A3C8418F0227
:101B20006477770085EBE9400000F2419302647D21
:101B30007D00C3F520429A9969C0D600646B6B00A2
:101B40001F85F3406666A1429D01647B7B000AD736
:101B50007F411F85EF417A02646E6E00F628844053
:101B6000D7A35FC2EA0264606000E17AD4C10AD7F9
:101B7000FB418D0264777700B81E7B4200008641EE
:101B8000F0006469690033333B42295C0341E4009F
:101B900064707000B81E0C423D0A1A42A101646BC9
:101BA0006B000000BE4166E6F142D2016470700035
:101BB000B81E1A421F058E42B40164767600C3F542
:101BC000C8C0713D0B4280026479790085EB714198
:101BD0000000CA420802646D6D00E17A08418FC2BC
:101BE000753F67026460600052B812C1ECD12BC32C
:101BF0002A0264707000A470A3C15CCF2EC31B02C4
:101C000064626200295C27417B1475C276016471AD
:101C10007100E17A0842CDCC18415D026478780009
:101C2000713D1C4214AE0C421E0164767600E17ACE
:101C30001C42E17A6D42B601645F5F00D7A3AE41FA
:101C4000A4F08FC27801646C6C00295CEFC014AE04
:101C500032432902647171005C8FA23FE17A014234
:101C6000810264777700000044423D0AFB41FF0097
:101C7000646D6D00CDCCC2418FC25742A80164553E
:101C800055008FC2C341E17A5942AE0164565600F5
:101C90005C8FC84114AE5C42AF0164777700E17A93
:101CA000584214AE37C0EA0064777700E17A5842B0
:101CB00014AE37C0EB00237F7F0052B8364285EB6D
:101CC000E0C23601237F7F0052B8364285EBE0C286
:101CD0003701237F7F0052B8364285EBE0C23801DE
:101CE000237F7F0052B8364285EBE0C23901237F63
:101CF0007F0052B8364285EBE0C23A01237F7F0075
:101D000052B8364285EBE0C23B01237F7F0052B8D8
:101D1000364285EBE0C23C016459590014AE8F4154
:101D20009A9981C24C01646F6F00333303C27B14F4
:101D300060C2EC02647878003D0A27425C8F7C42E6
:101D4000B201647171000AD781C1A4B027431D029A
:101D5000647A7A000AD7E340295C84C2DE026478A0
:101D60007800333385419A99D442C4016464640095
:101D7000713D5EC19A5931C31F02647676005C8F53
:101D80007E41295C3E42A50164777700295C57C1FA
:101D9000F628DE41850264737300000098C1CDCC43
:101DA000EE41880200070E091C1B1215383F363120
:101DB00024232A2D000102030405060741542B4366
:101DC00053434F4E3D3100303132333441542B4375
:101DD00050534D533D003031323334353637383976
:101DE000414243444546003031323334353637388A
:101DF00039616263646566003031323334353637B9
:101E000038390000010205616E006E66696E697402
:101E10007900000025A301000000000079E4000023
:101E2000000000002102010000000000A9F50000F0
:041E300000000000AE
:101E4C000000000000000000000000000002000084
:101E5C00C8C80020000000000000000000000000C6
:101E6C000008000050C80020E6F901000000000046
:101E7C0000000000B9950000000000000000000008
:101E8C000000000061730100B57C010070DB0100F3
:101E9C0000000000A8DB0100D00700009600C8007D
:101EAC00040000000000000000000000EEEEFFC087
:101EBC00000000000000000084D30020000000009F
:101ECC000000000000000000000000000000000006
:101EDC0000000000000000000000000000000000F6
:101EEC0000000000000000000000000000000000E6
:101EFC0000000000D1920100000000000000000072
:101F0C000010034000000000000000000000000072
:101F1C0000000000000000000000000000000000B5
:101F2C0000000000000000000000000000000000A5
:101F3C000000000000000000000000000000000095
:101F4C000000000000000000000000000000000085
:101F5C000000000000000000000000000000000075
:101F6C000000000000000000000000000001000064
:101F7C00C0C60020000000000000000000000000AF
:101F8C0000000000000000009EEA0020200000007D
:101F9C0000000000E39B010000000000B59B010065
:101FAC008DEB0000DF9B0100000000000000000032
:101FBC00A9EE00000000000000000000000000007E
:101FCC000501010000000000000000000090D0039B
:101FDC00FF000000FF000000251301002511010087
:101FEC00491301003111010035160100B513010030
:101FFC00FD15010077AA010071AA01006BAA01006E
:10200C009002000044C7002044C700204CC70020A9
:10201C004CC700200430303130313030300030309B
:10202C00303030303131000000000000299F0100B9
:10203C0000000000E3070200E1F7000000000000D0
:10204C0016090200BDFB00000000000000000000AB
:10205C000000000000000000000000000000000074
:10206C004044012044080000000000000000000073
:10207C000000000000210120000100000000000011
:10208C0000000000C4C70020C4C7002000000000EE
:10209C00000000000E000000D8C70020D8C70020A8
:1020AC0000000000000000000E000000ECC7002043
:1020BC00ECC7002000000000000000000E00000033
:1020CC0000C8002000C80020000000000000000034
:1020DC000E00000014C8002014C8002000000000EE
:1020EC00000000000E00000028C8002028C80020B6
:1020FC0000000000000000000E0000003CC80020A2
:10210C003CC8002000000000000000000E00000091
:10211C0050C8002050C80020040000000F00000030
:10212C0088520120C452012088520120885201207B
:10213C000000000074C8002074C8002000000000DB
:10214C0080C8002080C800200000000001000000B2
:10215C0090C8002090C8002098C8002098C8002083
:10216C000000000001000000A8C80020A8C8002042
:10217C00B0C80020B0C80020000000000100000022
:10218C00C0C80020C0C80020C8C80020C8C8002093
:10219C000000000001000000D8C80020D8C80020B2
:1021AC000000000000000000E8C80020E8C8002083
:1021BC00F0C80020F0C8002040C90020000000003A
:1021CC000000000000000000000000000000000003
:1021DC0000000000000000000000000000000000F3
:1021EC0000000000000000000000000000000000E3
:0C21FC00000000000000000000000000D7
:10220C0094D3010070C900200000000000020000FF
:10221C0000000000000000000005000000000000AD
:10222C0000000000000000000000000000000000A2
:10223C0000000000000000009F930100000000005F
:08224C000000000015E015E0A0
:00000001FF
