:020000040000FA
:10000000F8040020013500003D5B00000F5C00009B
:10001000315C0000535C0000975C0000755C0000E0
:100020000000000000000000000000009D2800000B
:10003000435B000000000000495B00004F5B0000D4
:100040000000000000000000000000000532000079
:1000500000000000555B00000000000000000000F0
:100060005B5B0000615B0000675B00006D5B000094
:1000700000000000735B0000795B00007F5B000004
:10008000855B00008B5B00000000000000000000AA
:10009000915B0000975B0000000000000000000082
:1000A0009D5B00000000000000000000A35B00005A
:1000B000A95B0000AF5B0000B55B0000BB5B00000C
:1000C000C15B0000C75B0000CD5B0000D35B00009C
:1000D000D95B000000000000DF5B000000000000B2
:1000E000E55B000000000000EB5B0000000000008A
:1000F000F15B0000000000000000000000000000B4
:1001000000000000F75B000000000000000000009D
:1001100000000000000000000000000000000000DF
:1001200000000000FD5B0000000000000000000077
:1001300000000000000000000000000000000000BF
:10014000035C000001015F5F030100001F0100006C
:10015000C5040000000000000000000001000000D5
:10016000010000000000000000000000000000008E
:1001700000000000011F000000000000000000005F
:10018000700000001462000080000000000F0000FA
:10019000010000006102000001015F5F0401000036
:1001A0001F01000025060000000000000000000004
:1001B000000000000100000000000000000000003E
:1001C0000000000000000000011F0000000000000F
:1001D000000000001F620000400000000507000052
:1001E000010000002D05000000015F5F020000001B
:1001F000FE0B000095290000000500000000000033
:1002000000000000000000000000000000000000EE
:100210000100FFC3000000C400FE000060090020D0
:0402200000000000DA
:1002400038B50025054C29462046D4F80022C4F8CC
:10025000045205F08CFDC4F8005238BD2005002082
:100260002DE9F04F04680546A3B0002C40F005814D
:100270002146202202A805F07AFD214620220AA864
:1002800005F075FD2146042412AF4022384605F0E2
:100290006EFD05F1200353F8041D2246013C09B10F
:1002A000144601E0002CF6D1042605F1300353F882
:1002B000041D3246013E09B1164601E0002EF6D17A
:1002C0002CB96FF08304204623B0BDE8F08F4023A3
:1002D0003A460021686805F085FD4028F1D1CDE956
:1002E00002700127DFF898910DF1080805F1100A56
:1002F000BC422DD10AAF3C460021614A05F11C00E9
:10030000D2F8003200EB860840453ED109B1C2F870
:1003100000320023CDE90033039BA968402BC2F8CB
:100320000412029A40F09D80138D180A032858D0B9
:1003300001287FD01268831ECDE90021092B00F22D
:100340008A80DFE803F03F4E53595F656B717C8212
:100350005AF8043F1A1D20D8D9F80022D81C20F0E2
:100360000300C2F50071884217D8104402EB090B54
:100370003946C9F800025A46686805F033FD01376E
:10038000C8F80C0048F808BFB2E750F804EF1EF1B7
:10039000040F07D909B1C2F80032FFF751FF6FF01F
:1003A0008C0490E70EF1030C2CF0030CC3F50079DC
:1003B000CC4504F10804EDD8D11844E9021E634489
:1003C0000121A1E76A460AA902A800F09EF80446A6
:1003D0004FF00008464507F1080745D1FFF730FF09
:1003E00071E70AA902A800F07EF8F0E76A460AA9B8
:1003F00002A800F07BF8EAE76A460AA902A800F022
:100400006FF8E4E76A460AA902A800F072F8DEE78E
:100410006A460AA902A800F06FF8D8E76A460AA956
:1004200002A800F06CF8D2E76A460AA902A800F018
:1004300069F8CCE70AA902A800F06AF8C7E76A469B
:100440000AA902A800F06CF8C1E76A460AA902A846
:1004500000F069F8BBE70B4800F0D0FA6FF08504B4
:10046000B6E76FF08004B3E7414657E902236868B6
:1004700005F0C4FC08F10108ACE76FF0850422E741
:10048000200500202806000008B528220021024887
:1004900005F06DFC002008BD2807002008B51422D7
:1004A0000249034805F03EFC014808BD480600002B
:1004B0005007002008B5024803F08AFB002008BD61
:1004C0001905000008B5FFF7DFFF40B9FFF7E6FFA9
:1004D000FFF7F0FF18B9BDE8084003F0C9BB08BD3D
:1004E0006FF0850070476FF0850070476FF08500F2
:1004F00070476FF0850070476FF0850070476FF0B0
:10050000850070476FF0850070476FF08500704779
:10051000D1E9000103F070BB0FB4002004B07047B4
:100520006FF0850070476FF0850070472DE9F0414E
:1005300003680546B3F57D7FA6B008D040F2F532DA
:10054000934208D06FF0850026B0BDE8F08101F03D
:100550001FF90020F8E7002404260DF118084022B6
:100560002146404616AFCDE90244CDE9044405F0EA
:10057000FEFB40222146384605F0F9FB019405F1C7
:10058000200353F8041D3246013E59B13346164646
:10059000042405F1300252F8040D2146013C30B12B
:1005A0000C4606E0002EECD14FF0FF33F0E7002CB4
:1005B000F1D12343012B02D96FF08000C4E704235B
:1005C000002168680DEB030205F00CFC0428F3D150
:1005D000022E22D16E69402E21D833464246012197
:1005E000686805F0FFFB8642E6D1CDE9028602A9E4
:1005F0002CB12B6A402BDFD8CDE9047304AC224622
:10060000019801F024FD06462CB1DDE90423002108
:10061000686805F0F3FB304696E70021E8E76FF0E5
:10062000890091E7002070470A5B43727970746F0C
:100630005D20556E737570706F727465642072659D
:100640007175657374210A0054462D5053412D4332
:10065000727970746F20312E312E3000000000004E
:10066000407C00008007002054000000407C000017
:100670002005002000000000407C00000005002054
:1006800000000000D0080020CE030000200500205C
:1006900098000000000500200800000008B5EFF3F6
:1006A0001081012903D001F0F9F800B172B6074BAF
:1006B0001A6ABFF34F8F531C5A425A41012903D083
:1006C00001F0ECF800B162B6104608BD0080FF00F2
:1006D00008B5EFF31081012903D001F0DFF800B174
:1006E00072B6074BDA69BFF34F8F012902F001029E
:1006F00003D001F0D3F800B162B6104608BD00BFC8
:100700000080FF00714A10B5D2F8D03043F00203E8
:10071000C2F8D03001F0C2F830B14FF050230022BF
:10072000C3F81421C3F8182101F0CBF828B1012235
:10073000674BC3F8382AC3F878254FF47F02D2F804
:100740003031BFF34F8FD2F83421BFF34F8FBFF357
:100750004F8FC3F30B03092B05D1012A1EBF0122C2
:100760005B4BC3F8782501F0ACF818B10E22594B59
:10077000C3F8E42E01F092F830B10022544BC3F8D4
:100780000C270122C3F810270022D30003F57F03B2
:10079000D3F80013BFF34F8F013108D0D3F8001303
:1007A0000132D3F80433B2F5807F0B60EDD1EFF363
:1007B0001084FFF78DFF00284DD0BFF34F8F464BBD
:1007C000D3F80024012AFBD1C3F80425D3F8002470
:1007D000012AFBD1012C03D001F060F800B172B600
:1007E000FFF776FF58B13D4AD36923F00103D36187
:1007F000BFF34F8F384AD2F80034012BFBD1FFF7FB
:100800004DFF68B1354A136A23F0FF0343F020031C
:100810001362BFF34F8F304AD2F80034012BFBD163
:10082000012C03D001F03AF800B162B600222A4B45
:10083000C3F80425D3F80024012AFBD1BFF34F8F5E
:100840002249274BCA6802F4E0621343CB60BFF32E
:100850004F8F00BFFDE7FFF721FF0028ADD11B4AF6
:10086000D2F88C3043F44063C2F88C304FF47F03ED
:10087000D3F83021BFF34F8FD3F83431BFF34F8F0C
:10088000BFF34F8FC2F30B02092A13D1013B012B97
:1008900010D91248134903680F4A8B420CBF5A23E0
:1008A0000023C2F8103EC36A8B420CBF5A230023B8
:1008B000C2F8003E054AD2F8883043F47003C2F80B
:1008C0008830BFF34F8FBFF36F8F10BD00ED00E096
:1008D0000040005000A00350009003500080FF0033
:1008E0000400FA05FA50FA507C22014905F01ABAC0
:1008F000D40F002038B51D46344B354C5B68C3F32C
:1009000008032360EFF3038363655306C4E9012002
:10091000E16038D502F00C020C2A08BF08460146F7
:10092000206120222B4805F0FDF925B1202229461F
:10093000294805F0F7F9254B9A6AA265D96AE1655D
:10094000986B206602F400406066586BA06602F067
:100950008000E0669A62D962D3F8E4201F482267DB
:10096000D3F8E810616702F04001A167C3F8E42002
:1009700000F044F82168CB1E042B1DD8DFE803F0FB
:100980000F1416181A00EFF39483990704D5130770
:1009900002D5EFF38980C2E7EFF38880BFE7104804
:1009A000BDE8384000F02AB80E48F9E70E48F7E7EE
:1009B0000E48F5E70E48F3E70F2992BF0D480E48A1
:1009C0001039BDE8384000F019B800BF00ED00E074
:1009D000D40F0020E80F002008100020483200004B
:1009E0005732000063320000753200008032000090
:1009F0008D3200009B320000B73200000FB41FB5EB
:100A0000012106AB53F8042B054800910021039304
:100A100002F0FEFF05B05DF804EB04B0704700BFC4
:100A2000ED1800000A4B37B51B786BB1094C6369B0
:100A3000984748B9E56AA847C307FCD4236A0193DD
:100A400003B0BDE830401847002003B030BD00BF00
:100A500004180020F433000010B50B4C0020A368EC
:100A6000984780B902202369984760B94FF4E13173
:100A70000120A46AA04730B901211520A04710B970
:100A80000122024B1A7010BDF4330000041800203C
:100A9000044B82B0186883B26FF30F00184302B0A2
:100AA000704700BF3C340000014BD86D704700BF59
:100AB00084070020014B186E704700BF8407002098
:100AC00008B5024800F0E2FB002008BD84070020C2
:100AD000C3B2012B10B509D0A3F11502012A00F20F
:100AE000B080002900F09880002010BD4DF6C02392
:100AF000994270D028D8B1F5615F6FD011D8B1F5A7
:100B0000965F6DD008D8B1F5966F6BD0B1F5166FC2
:100B10006BD06FF00700E8E7B1F5165FF9D1524BE3
:100B200033E047F61223994262D007D8B1F5964FC9
:100B300061D0B1F5E14FECD14C4B26E0B1F5164F49
:100B4000E7D14FF41D0320E0494B994255D011D80D
:100B5000B1F5E13F54D007D8B1F5614F53D0B1F5AD
:100B6000963FD6D1434B10E0B1F5613FD1D14FF064
:100B70006C730AE0B1F5612F48D03F4B994248D0E1
:100B8000B1F5E12FC5D14FF0E86310F4E06F5BD110
:100B900010F4404103D0B1F5804F58D1102110F42A
:100BA000405403D0B4F5805F54D10E2410F4403289
:100BB00003D0B2F5403F50D10122304880F8921066
:100BC00000F16401C0F88C3080F8902080F89140EA
:100BD00000F0F2FF88E74FF46503D6E7284BD4E72F
:100BE000284BD2E74FF49E23CFE74FF41D23CCE7E9
:100BF0004FF40003C9E7244BC7E74FF08063C4E715
:100C00004FF0EB73C1E74FF46B03BEE74FF0706337
:100C1000BBE74FF08053B8E7162B4FF0FF330BBF05
:100C2000164A1649104615480ABF02F1640141F8F8
:100C3000643F936600F0C0FF10F1100F10D0C01792
:100C400053E76FF0030050E76FF008004DE76FF0D7
:100C50000A004AE76FF0090047E76FF00B0044E72E
:100C60006FF0010041E700BF0050270000C0750091
:100C700090D0030000903A0140420F00840700200A
:100C800000F03A0000B0130000A04E0073B5064615
:100C90001B480C4600F0CCFF194D18B94FF0FF303F
:100CA00002B070BD22463146284601F08DF810F1A1
:100CB000100F02D16FF00100F2E70028EEDB0321F4
:100CC000284600F03FFB10F1100FF3D00028E5DBC1
:100CD00000230193284601A901F01FF910F1100F1C
:100CE000F8D07830DAD0019B9C42D7D80122044852
:100CF000114601F010F90028D0DB00202C66CFE768
:100D000084070020F0B51B4E054691B030460C46D6
:100D100000F08EFF18B94FF0FF3011B0F0BD05F0B4
:100D20006043B3F1005F20D10023224629463046BC
:100D300000F084FF10F1100F19D00028EBDBF465F0
:100D400011E0A71B402F28BF4027A9193A46684643
:100D500004F0E8FF39466846FFF7D4FF0028DCD1ED
:100D60004036B442EDD80020D7E70026F9E76FF00F
:100D70000100D2E78407002010B50A4C04F164009A
:100D8000D4E9151200F0CAFD01460022204600F009
:100D9000EBF90028AABF00206FF00100C4E917009A
:100DA00010BD00BF840700207FB500250C46C0F8A9
:100DB00008511646D0F80821D0F8002222F020026F
:100DC000C0F800220F4AC0F8082300F0F8FDA56023
:100DD000256104F14C03D3E8EF1F6FF31731C3E82B
:100DE000E21F002AF7D110222946684604F0BFFF0F
:100DF000042368468DF800300196D4E90013984723
:100E000004B070BD10020A00044B054A1B68B3FB16
:100E1000F2F35843034B43F00103184780070020C7
:100E200040420F004034000000F01F03400909D188
:100E3000074A02EB8303D3F80012064A0A40C3F8BC
:100E4000002270470022803352F82330FFDE00BFBB
:100E500000258450F0F8FCFF00F01F0340090BD17F
:100E6000084A02EB8302D2F80012074B0B4043F012
:100E70000303C2F8003270470022803352F8233057
:100E8000FFDE00BF00258450F0F8FCFF00F01F03D8
:100E900040090BD1084A02EB8302D2F80012074B3B
:100EA0000B4043F00203C2F8003270470022803347
:100EB00052F82330FFDE00BF00258450F0F8FCFF1D
:100EC000F8B505462B6D046803F48223B3F5805F03
:100ED000D4F8000205D009B100232B626FF0760030
:100EE000F8BDD4F80463C4F8086309B9830645D48F
:100EF000D4F8003223F02003C4F800324FF4A113D9
:100F000005F15007D7E8EF1F1943C7E8E01F002895
:100F1000F8D112B9AB68002B57D12D4BC4F8083368
:100F200001236360D4F84431002BFBD00023C4F8C4
:100F30004C31D4F84C21C4F81031D4F81021C4F845
:100F40004431D4F844212A6D12F4004219D12A62A6
:100F5000204600F034FD0023EB606B61D7E8EF3FE3
:100F60006FF31733C7E8E23F002AF7D126F42026B3
:100F700026F404760020C4F80463B1E74FF480330C
:100F8000BEE7C4F84C31D4F84C21EA69C4F83425E2
:100F90000522C4F83825C4F81031D4F810310123E3
:100FA000E362D4F81031002BFBD00022C4F81021EA
:100FB000D4F81031D4F84C310BB1D4F83C352B6255
:100FC000C4F84C21D4F84C31C2E701236360D1E767
:100FD00010020A002DE9F84391F8306005460C46EE
:100FE000A6B9036D43F0007303650868471C08D079
:100FF000430940F0AE800123584A83409360FFF7D5
:101000002BFF6068411C01D0FFF70EFF94F82C8085
:10101000E768B8F1010F15D1A6B92B6D7A1C43F022
:1010200000632B6502D03846FFF7FEFEA068431C24
:1010300008D0430940F08F800123484A83409360E1
:10104000FFF70AFF94F82F601EB92B6D43F08073F1
:101050002B6594F82D1094F82EC0A26A2B6848EAEC
:101060000101A068D4E9009EC3F824254CEA0102DE
:10107000C3F86C2556B9B8F1010FC3F80C95C3F845
:1010800014E504BFC3F80805C3F810754FF47F02D8
:10109000D2F83031BFF34F8FD2F83421BFF34F8FE6
:1010A000BFF34F8FC3F30B03092B1BD12B68D3F86E
:1010B000682503F26457012A08BFDA60D3F8642573
:1010C000012A0FD1082149F64046C3F800155A609D
:1010D0003B689BBB2B68D3F88024C3F88024002294
:1010E000C3F8002500212B6894F83220C3F81011B2
:1010F000D3F81001C3F82011D3F82001C3F824114C
:10110000D3F82401C3F84411D3F84401C3F85811AB
:10111000D3F8581143F307335201002BD2B213DB3B
:101120000F49C81880F800230122580903F01F0353
:1011300002FA03F341F82030BDE8F8830120FFF7FD
:1011400063FE013EC4D1C5E7064903F00F03CA544C
:10115000F2E7B660FFDE00239B60FBE700258450CA
:1011600000E100E014ED00E02DE9F74304460E46EF
:1011700094F84C1091460430002970D1502204F0AC
:10118000F6FD336963607369E363B36903B1013BDF
:101190002364336A042B81BFF369E3610023236274
:1011A00096F83130B9F1000F2FD083F001084FEAE3
:1011B00008281BB1236D43F0010323650123256833
:1011C00084F84C30D5F84C21C4F80890FAB931466F
:1011D0002046FFF7FFFE0822002325688DF8073020
:1011E000C5F800250DF10702C5F84425C5F84835B6
:1011F00001230A26AB60EB60D5F8583193BB012080
:10120000FFF702FE013EF7D122E0C846D1E70822EF
:101210006427C5F800256B60D5F84431EBB9D5F8E3
:101220002431D3B90A20FFF7EFFD013FF4D10023A9
:10123000C5F84C31D5F84C21C5F81031D5F810213E
:10124000C5F84431D5F84421C5F80035002FBED18A
:101250006FF08B0003B0BDE8F0830127E7E76FF084
:101260007700F7E70020C5F820018145D5F8203147
:10127000054B08BF0346226848EA0303C5F800058A
:10128000C2F80433E6E700BF10020A0003682B4AE5
:101290002DE9F041C3F8082343F30733002B04463C
:1012A0000DDB01215A0903F01F03994002F12003CD
:1012B000234A42F82310BFF34F8FBFF36F8F0122F1
:1012C00020461146FFF7FCFD0121204600F038FDC5
:1012D000256D2368E901D3F80C05D3F81485D3F8FC
:1012E0000865D3F8107509D54FF0FF32C3F80C2507
:1012F000C3F81425C3F80825C3F81025AA0115D58D
:10130000431C01D0FFF7C2FDB8F1FF3F02D04046B9
:10131000FFF7BCFD290109D57A1C02D03846FFF73A
:10132000B5FD731C02D03046FFF7B0FD002384F8F2
:101330004C302365A360BDE8F08100BF10034A0074
:1013400000E100E0F8B50646044656F8505B071D7C
:10135000D6E8EF3F43F48052C6E8E02F0028F7D1EB
:10136000DA0466D44B0702D5E369002B64D0344B12
:10137000C5F808330823C5F800350023C5F8103137
:10138000D5F81021C5F84C31D5F84C21C5F84431B9
:101390000A03D5F844318B0303F4804302F400526E
:1013A0004903134301F400410B43D6E8EF2F1A43DE
:1013B000C6E8E12F0029F8D1E368B3B9A3686BB997
:1013C000236DD80433D5D6E8EF3F6FF31733C6E863
:1013D000E23F002AF7D16FF00B00F8BD0321384639
:1013E00000F0C8FAE368002BEAD0D5F804335907B7
:1013F00010D5A36873B1236D1A030BD5D6E8EF3F60
:1014000023F40023C6E8E23F002AF7D1062138463C
:1014100000F0B0FA236DDB0409D5D5F84C310BB9D7
:1014200001232B60A36813B1054BC5F804330020DA
:10143000D3E76FF00F00D0E74FF0FF30CDE700BFEC
:1014400010020A0072B6024A136801331360704733
:1014500050100020034A1368013B136003B962B6C1
:10146000704700BF50100020003A18BF0122003919
:1014700018BF012103688900074841EA4201186347
:1014800059605A6842F001025A60BFF34F8FBFF3B0
:101490006F8F0020704700BF04AAFF000722024B95
:1014A000C3F80423704700BF00300050084BD3F846
:1014B0000801D3F80021003818BF012080000AB1CC
:1014C00040F00100D3F804310BB140F00200704746
:1014D000003000500022074BC3F80021D3F8001160
:1014E000C3F80421D3F80411C3F80821D3F8083154
:1014F000704700BF0030005000231720094A03F551
:10150000C0710133202B42F82100F8D100231720AD
:10151000044A03F5E0710133202B42F82100F8D191
:10152000704700BF0030005010B59DF80840C00B58
:1015300043EA0423064CC90B43EA0213884200D94C
:1015400010BDC2B202F5C07244F822300130F5E796
:101550000030005010B59DF8084000F1604043EAAB
:10156000042301F16041074C400B490B43EA02138D
:10157000884200D910BDC2B202F5E07244F82230B0
:101580000130F5E700300050C0F30E03C3F500430F
:10159000B3FA83F3C3F11B03064AC0F3C730DBB2CF
:1015A00040F4807043F48073C2F80005C2F804353B
:1015B000704700BF00300050014B03EB40307047D4
:1015C000FF1FF81F054BC0F30730090241F030013F
:1015D00000F5007043F82010704700BF0030005045
:1015E000044BC0F30730090200F5007043F82010E7
:1015F000704700BF0030005008B5FFF757FF034B9E
:1016000018600348BDE80840FFF7F8B988160020C5
:10161000AD3300000C22014904F084BB8816002081
:1016200010B501F0D4FD044688B902F085FB0446EC
:1016300078B9094A0948D36823F008031B041B0C36
:1016400043F0BF6343F40033D360FFF7D7F920467C
:1016500010BD45F22354FAE700ED00E0C33300006B
:10166000024B1860024B002019607047981600204A
:10167000941600201FB5374C426923685A6282696C
:101680009A62C269DA62026A1A63426A5A63826AB9
:101690009A63C26ADA63026B1A64426B5A60826BA5
:1016A0009A60C26BDA60026C1A61426C5A61826C99
:1016B0009A61C26CDA61026D1A62826D5A65C26DFE
:1016C0009A65026FDA65026E1A66826E5A66426F1A
:1016D0009A66EFF388825A64EFF389829A644268CB
:1016E000DA64EFF394821A65026801A81A67FFF7BB
:1016F00091FF2368019ADA6601221A70164B1C6862
:10170000640864002046214622462346B7EE000ABC
:10171000F7EE000AB7EE001AF7EE001AB7EE002A4D
:10172000F7EE002AB7EE003AF7EE003AB7EE004ABD
:10173000F7EE004AB7EE005AF7EE005AB7EE006A2D
:10174000F7EE006AB7EE007AF7EE007A04F063FC79
:1017500004B010BD981600209416002000B5A1B06A
:1017600001A8FFF7C1F8029B63B15B060AD4019B95
:1017700023F00203052B05D1044B1B6813B101A80C
:10178000FFF778FF21B05DF804FB00BF941600203E
:10179000BFF34F8F0549064BCA6802F4E06213435A
:1017A000CB60BFF34F8F00BFFDE700BF00ED00E04F
:1017B0000400FA05F8B543680C2B01D00220F8BDEF
:1017C0004B68042BFAD14FF0FF3304680D68216891
:1017D0002B600029F2D0A268002AEFD00623012056
:1017E00001F040FC0028E9D16168264B994206D9F6
:1017F000A2682D338818984204D8234B11E0234B5C
:101800009942DBD9A26822488B1883421CD900F583
:10181000FF404F308142D1D900F2F9208342CDD828
:101820001C4B03F17F4303F50043B3F5805F206851
:1018300023D241EA02039B0722D10746091ACE1997
:1018400022B900202860BAE7134BEAE7EFF31082D1
:1018500000F03BFC10B1012A00D072B6366800F0EF
:1018600034FC20B1BFF34F8F012A00D062B6A268CA
:1018700047F8046B043AA260E1E704F053FAE0E7AA
:1018800003209CE7FF01FF000002FF002F01FF0083
:101890003801FF000881FF003001FF004FF47F0393
:1018A000D3F83001BFF34F8FD3F83431BFF34F8FEC
:1018B000BFF34F8FC0F30B00A0F10903584258410A
:1018C00070474FF47F02D2F83031BFF34F8FD2F818
:1018D0003401BFF34F8FBFF34F8FC3F30B03092BBB
:1018E00008BF01280CBF01200020704708461146A0
:1018F000FFF798B8012070476FF003007047002091
:1019000070476FF00300704700207047022814BF33
:101910006FF0030000207047FFF7F4B970B540F294
:10192000FF1501EB8202914200D170BD51F8044BCA
:10193000C4F30803240EAB4208BF4FF0FF33032C5F
:10194000F1D8DFE804F0020406080360EBE7436027
:10195000E9E78360E7E7C360E5E70346D0F85801AD
:1019600030B931B9D3F82001003818BF01207047D1
:101970000120704730B504460D4685B01022002185
:10198000684604F0F4F9D4E9001368468DF8005075
:10199000984705B030BD7FB504460E461546002178
:1019A0001022684604F0E3F9012368468DF8003000
:1019B000CDE90165D4E90013984704B070BD10B5B6
:1019C0000446FFF73FFDD4F8583133B1D4F804335F
:1019D00013F4800308BFC4F80035BDE81040FFF7DA
:1019E00039BDD0F8583133B1CB6CC3F30032DB04CE
:1019F00058BFC0F8002570472DE9F74F86680446A8
:101A00000D463EB113F0020604D0C36B002B00F06C
:101A100082800126276D17F010077CD14FF0010955
:101A2000BA46AB180093009B9D4276D005F0604B00
:101A3000E26BD4F8008082B9BBF1005F7AD10192E9
:101A4000FFF700FD216D404601F00101FFF785FF22
:101A5000019A20B9FFF7FEFCEAE70122EFE7A16C4B
:101A6000AB460029BCBFD8F84C15A1643AB1D4E903
:101A70000F1228788854D4E90F1201EB020BBBF146
:101A8000000F03D0C8F844B5C8F84895C8F820A19D
:101A9000D8F82021C8F858A1D8F85821C8F850A182
:101AA000D8F850210822C8F800251EB14FF4800252
:101AB000C8F80423C8F80890FFF7CCFCEEB9216DF4
:101AC00001F001014046FFF748FF0346D8F84C05F6
:101AD000D8F844252BBB9345F4D009B9C8F80C902D
:101AE0004FF0000BFFF7AEFC4046211DFFF779FFDA
:101AF000FFF7B0FCBBF1000F0DD1A368C3B9236D94
:101B00001B0715D55034D4E8EF3F23F00803C4E891
:101B1000E23F002AF7D14FF0FF37384603B0BDE867
:101B2000F08F9345D9D10028D7D14FF0FF3BD9E7AB
:101B3000013578E76FF01507EFE770B5CE6C0D460D
:101B400006F001010446FFF708FF38B94FF480039F
:101B500046F00406EE64C4F8043370BDD5E90A36D5
:101B60005AB1296CEA6B761A964228BF1646194478
:101B70003246A86B04F0D6F8AB6B4FF0FF326A64C4
:101B80001BB1C4F84435C4F848650023C4F82031BB
:101B9000D4F82021C4F85831D4F85821C4F8503171
:101BA000D4F850310823C4F800354FF48003C4F84A
:101BB00004330123A360D0E737B590F84C300446D6
:101BC0003BB3036B4BBB0268C2F8003583680BB1B3
:101BD0000B6943602046FFF7FDF9082200232468C3
:101BE0008DF80730C4F800250DF10702C4F844252C
:101BF000C4F8483501230A25A360E360D4F85831BE
:101C000073B90120FFF700F9013DF7D16FF08B00A8
:101C100001E06FF0760003B030BD6FF00F00FAE71F
:101C20000020C4F82001D4F82031C4F80005F2E700
:101C300090F84C00003818BF012070472DE9F0479C
:101C400004460F461E469046002A64D085685DB95A
:101C500053B9066B002E61D10263FFF7CDFE054636
:101C600026632846BDE8F087B10707D033464246D1
:101C700039462046BDE8F047FFF7BEBE07F0604397
:101C8000B3F1005F19D0E36B002B4AD0720748D440
:101C90000125D4F80090FFF7D5FB236BBBB9C4E94D
:101CA0000B781DB1236D43F0020323652A46484695
:101CB000211DFFF742FF002524E0256D15F00105E9
:101CC000E7D016F00405E4D04FF0FF35C9E7A36B69
:101CD000DBB9730719D5E36A03F06043B3F1005F22
:101CE00016D1236DC4E90D7843F0100323650A244F
:101CF000D9F85031C3B90120FFF786F8013CF7D17C
:101D00006FF08B05FFF7A6FBABE76FF00F05F9E768
:101D10004FF0FF35F6E76FF00605A2E76FF00F050D
:101D20009FE76FF00C059CE70023C9F85031D9F804
:101D30005031002FBFD0C9F84475C9F84885BAE7BB
:101D4000F8B50468036BD4F804730546C4F8087347
:101D500023B96FF07600C4F80473F8BD00F15003A6
:101D6000D3E8EF0F40F00800C3E8E20F002AF7D1F4
:101D70000123E360F9B12E6D1E4031462046FFF786
:101D8000ECFD0028F9D0FFF75DFBC6B9D4F820318F
:101D90004BB10123E360D4F85831002BFBD020462F
:101DA000291DFFF71EFEFFF755FB0023C4F8203165
:101DB000D4F820212B630020C4F80473CDE7D4F8B5
:101DC0005831002BEBD1EEE72DE9F0470568036DA4
:101DD000D5F8049313F4802804460F461646C5F838
:101DE000089340F08F8001F06042B2F1005F40F054
:101DF0008C80C26852B18268002A72D1D5F8102155
:101E0000002A6ED0C5F81081D5F81031226AC4E9D5
:101E10000376002A44D09642E16930D80023324646
:101E2000C4E90333384603F07DFF226AE069921B60
:101E30002262811903F03DFFA368DBB1236D13F427
:101E4000005A09D004F15003D3E8EF1F41F4802178
:101E5000C3E8E21F002AF7D104343246394620464F
:101E6000FFF799FDBAF1000F04D000222146284661
:101E7000FEF79AFF4046C5F80493BDE8F087384660
:101E800003F050FF236AA3620023236204F150038E
:101E9000D3E8EF1F41F40021C3E8E21F002AF7D185
:101EA000A16A2369E2685B1A0A44C5F83425C5F8BB
:101EB0003835236DDA04DDD55034D4E8EF3F23F410
:101EC0008023C4E8E23F002AF7D101232B60D5F834
:101ED0004431002BCED00023C5F84431D5F844312D
:101EE000C8E76269A2B95B04C4E90576C5F8347530
:101EF000C5F83865BED5D5F8003243F02003C5F8E3
:101F00000032B7E76FF07608B4E76FF00C08B1E77E
:101F10006FF00F08AEE7FEF7D3BF8368A3B903687D
:101F2000D3F80025082A06D011B1D3F83C350B6050
:101F30006FF077007047D3F8102142B111B1D3F898
:101F40003C350B60002070474FF0FF3070476FF05A
:101F50000F0070474B6830B513F01F052DD1026894
:101F60000C681068C0F30720844226D25068556080
:101F700094600C7C23F01F0304F001041C438B7C51
:101F8000DB0003F018031C434B7C5B0003F00603EB
:101F90002343D3608B68013B23F01F04CB685B00B5
:101FA00003F00E03234343F0010313615060BFF3BA
:101FB0004F8FBFF36F8F284630BD0120FCE70368C9
:101FC00000205A68C9B258609960D86018615A6098
:101FD000704770B50546002403681E68C6F30726DF
:101FE000B44201D1002070BD21462846FFF7E7FF2B
:101FF0000134F5E7C003704747F6FF7303EBC030C9
:102000007047002070471F2070474FF40040704712
:1020100000F57F40C03040037047402070475F208C
:1020200070474FF4005070470020704708B5FFF725
:1020300095FB72B620BFFDE7034610B10020187073
:1020400070474AF2C530704700207047704703461A
:10205000012B084670B5114607D0062B09D0002B7E
:1020600031D1BDE87040FFF7A5BBBDE8704000F07E
:102070003FB84368082B01D0022070BD5468042C7F
:10208000FAD14FF0FF3305681668296833600029DC
:10209000F2D06B68002BEFD026237422012000F0D1
:1020A000E1FF0028E8D1224623230120696800F0DF
:1020B000D9FF04460028DFD1D5E90001FFF7D0FAA7
:1020C00030602046D9E70320D7E74FF47F03D3F8E9
:1020D0003001BFF34F8FD3F83431BFF34F8FBFF3CD
:1020E0004F8FC0F30B00A0F10903584258417047CD
:1020F00043680C2B01D0022070474B68042BFAD1A7
:102100000B6801210268196011680131F3D10221C5
:10211000906819600028EED11860704707B51C4B15
:1021200083F30A881B4801F03DF808B100F05CFE1B
:10213000FFF776FA0028F9D11748FEF75FFC174839
:10214000FEF75CFCFFF770FF0028EFD10DF10700F0
:10215000FFF772FF0028E9D19DF807301BB1FFF7A8
:1021600073FF0028E2D1FFF771FF00F0E3FB0C489A
:10217000FEF744FC0B48FEF741FC00F0D7FD00F0F1
:10218000C5FB00F0B3F8002003B05DF804FB00BF0E
:102190000000002054100020E4320000073300004B
:1021A000373300005833000030B5094C02466168EF
:1021B0000023084640B105686D68954205D11BB102
:1021C000826860609A60816030BD03468068F1E794
:1021D000D810002010B542B10B689B6813F4807FC3
:1021E0000CBF6FF0FC00002010BD0B4B1B680BB93F
:1021F00000F0FAFD1B68996938338A4203D053F81E
:10220000044FA04205D191420CBF6FF0FC000020AA
:10221000EAE70132F1E700BFE010002070B50446A4
:102220000E461546002130220C3003F0A0FD064B6F
:1022300020461B68A6606360656100F0B2FE002363
:102240002061236070BD00BFE0100020034B1868C0
:1022500010B1006800B14068704700BFE010002076
:1022600008B5064B1B680BB900F0BEFD1B689868EB
:1022700000F44060003818BF012008BDE0100020C5
:102280002DE9F041074690460C4639B34B0025D561
:10229000154B01F01F0253F82250FDB12B685E6808
:1022A000FFF7DEFF294602463046FFF793FF90B95D
:1022B000C4F30721284600F09AFD044670B900F0E7
:1022C0007DFE064668B142462946FFF7A7FF3E60FD
:1022D0002046BDE8F0816FF08104F9E76FF08004DB
:1022E000F6E76FF08204F3E75810002038B500F0ED
:1022F00064FE0023114A5360114A536000F0C2FA91
:102300000E4800F021F80446A0B10D4980230D4A83
:1023100000F09AF80546204600F09DFD2068211D3A
:1023200000F068FB08B100F05FFD2946204600F090
:1023300055FAE5E7BDE8384000F066BAE410002041
:10234000D8100020581000200146F8B508B900F058
:102350004BFDDFF8F0C0DCF8003013F1350F66D824
:10236000344A156803F13402AA4260D2DA699869E6
:1023700002EB82020F300244186A00EB4000024474
:10238000586A02EBC00292009A18E0D29542DED35E
:102390001868294D060C3604AE42D8D180B2B0F58B
:1023A000817FD4D258680028D1DBD3E90A56B542E0
:1023B000CDDC986810F4406F03D03542C7D548682B
:1023C00090B91E4E306800F1200535601C4E36680D
:1023D000B542BCD8A842BAD84C680360CCF80020FB
:1023E0007CB9C4614860F8BD0768BC6814F4406FEC
:1023F00005D0BC6AA64202DBFF6ABD42A7DDC06908
:10240000DEE71E8E002223461D682D8EB54207D9B9
:10241000002AE6D0D369C361D061E4E72B46F3E735
:10242000DD691A46002DF9D1C561D861DBE70020CE
:10243000D9E700BF5034000000005F5F2008002093
:102440004C340000240800202DE9F84F9B4600B1D1
:1024500009B900F0C9FC0468204EA569E76904F1D8
:102460003C0C0CEB850C3568A7B10C2404FB07541D
:1024700034601B4E3668B442EBD8A542E9D800263A
:102480002C464FF01408B146B74200D025B90020C1
:10249000BDE8F88F3D46F2E708FB06CEC4E900E050
:1024A000DEF808E0C4F808901EF4007F0FD0002A80
:1024B000CFD0BBF1800FCCD11EF0E00F5FFA8EFAC7
:1024C000C7D152F82A30002BC3D142F82A404B68BA
:1024D0000136A3604C600C34D6E700BF1C08002016
:1024E000483400002DE9F04F93B000935F4B07464E
:1024F000D3F800B00BB2002B0D461646C1F30268AC
:10250000C1F3024A04DA6FF0800013B0BDE8F08F27
:102510008B42C36001D10020F7E708EB0A03042BCC
:10252000F1D8CC0F64014FEAC80931464A46DBF8BE
:10253000040044F0020300F095FD01460028E2D1BA
:10254000202202A803F013FC4A46314602A84FEAB3
:10255000CA0603F0E7FB32460099DBF8040044F0BA
:10256000060300F07FFD81460028CCD101462022E1
:102570000AA803F0FCFB324600990AA802AE03F059
:10258000D1FB334609F10109C8452AD815F0006F7F
:1025900018BF20241022002107F11C0003F0E7FBE4
:1025A00007F118091022002107F12C0003F0DFFBCE
:1025B00009EB880844F00203C1452AD1202C3FD101
:1025C000002D02DBC5F3C0456C0107F128050AAEFA
:1025D00005EB8A0A44F00604554533D1009BFB679E
:1025E00099E7D3E900E21EEB020201928BD21A4670
:1025F0004846404501D10833C4E7D2E902C16144ED
:102600008E4503D201998C45FFF47DAF013008322D
:10261000EFE77268DBF8040056F8081B019300F03E
:1026200021FD00287FF46FAF56F8042C019B49F878
:10263000042F56F8082CC9F83000C9F82020BBE751
:102640000024C2E77268234656F8081BDBF8040032
:1026500000F008FD00287FF456AF56F8043C45F81A
:10266000043F56F8083C28642B63B5E7E0100020CF
:102670002DE9F0411F46174B0C461646D3F8008053
:1026800000F0C7FB08B900F0AFFBC368002BFADB12
:10269000032CF8D800EB8404E569E36CED1AF2D35F
:1026A000ADB106233A463146D8F8040000F0DAFC12
:1026B0000028E8D1BD4228BF3D46E36CE16B2A46C5
:1026C0001944304603F02EFBE36C2B44E3642846A8
:1026D000BDE8F081E0100020F8B51D46154B0C4612
:1026E00017461E6800F095FB08B900F07DFBC36833
:1026F000002BFADB032CF8D800EB8404E26EE36ACB
:102700009A42F2D89B1AAB42EFD3706802232A4652
:10271000394600F0A7FC06460028E6D1E36EE06DDE
:102720002A463946184403F0FDFAE36E30462B443E
:10273000E366F8BDE01000202DE9F04105464FF0BA
:1027400001080E4E0E4B37685C681CB9284637608E
:10275000BDE8F0812268936813F400700CD16369BE
:10276000012B09D0D368346023B19847002801DADF
:1027700000F03AFBC4F81480E469E6E7E0100020BA
:10278000E410002070B50446D0B18368C3B11A6864
:10279000B2B15D68A5B10C4BA86168691D6020B934
:1027A0002B68DB684BB901236B61A36804F10C0053
:1027B0001B68BDE870401B69184798470028F2DA8B
:1027C0006FF0800070BD00BFE01000204268024B37
:1027D00008461A60704700BFE0100020002203681E
:1027E00010B5C0E905229A68044612F4406F07D07C
:1027F000120503D5D3E90A0100F034F8014B1C603F
:1028000010BD00BFE010002038B5124B1B681C68DB
:10281000A36813F4406F01D100F0E6FA00F0AAF9C2
:10282000626B23690C49134423F00703A3F10805E5
:1028300043E9021185F30988073222F0070282F387
:102840000B88BFF36F8F054BE268054900F0F0FC81
:10285000002038BDE0100020A5EDF5FEF8040020B2
:1028600039270000014BC3E900017047EC1000203C
:10287000034BD3E900308342C8BF0020704700BF3C
:10288000EC10002008B500F069F9034B986000F0E7
:102890006BF980F3888808BD00ED02E0EFF3088053
:1028A0007146EFF30982EFF30B830CB406B400F02A
:1028B0005DFA8646009900F0080001F00801401A10
:1028C00002DC14DB04B070472DED108A1EF02003EB
:1028D0001CBF2DE9F00FBDF1080D0B4C2546264617
:1028E0002746A046A146A246A34630B4704704B08E
:1028F00030BC1EF020031CBF1DF1080DBDE8F00F19
:10290000BDEC108A04B07047A5EDF5FE084BDA68FF
:1029100082F07F4282F47F0242F48042DA60002239
:102920001A765A76DA76DA77602283F822207047B0
:1029300000ED00E0154B1649D3F8882042F47002F0
:10294000C3F88820D1F8882042F47002C1F88820AA
:10295000BFF34F8FBFF36F8FD3F88C2042F44062E8
:10296000C3F88C20D3F8342242F08042C3F83422DA
:10297000D3F8342242F03C42C3F834224FF0E02234
:10298000D36843F42003D360704700BF00ED00E03C
:1029900000ED02E0009A164B9A4227D101229043A3
:1029A000014641EC100B41EC110B41EC120B41ECD8
:1029B000130B41EC140B41EC150B41EC160B41ECE5
:1029C000170BEFF3148222F0040282F31488BFF392
:1029D0006F8F024603460446054606460746804674
:1029E000814682468346844686460447FEE70000C9
:1029F000A5EDF5FE2DE9F041044618B943F6DA30AD
:102A0000BDE8F0810029F9D08368002503F4406314
:102A1000003B18BF0123134F43F00203DFF8488047
:102A20000B6000F13C06236AAB4201D80020E7E7C7
:102A30001421A369E26906EB830301FB02330C2234
:102A40006A4399188968090709D59B58BB4201D088
:102A50004345D3D1186810B10121FEF7B3FD01350C
:102A6000E1E700BF340800202C08002070B5324C8C
:102A700086B03248FFF7ADFA236801255A1C01934E
:102A80002F4B2260DA681B694FF4407603930023D2
:102A90002A4801A902920495ADF814608DF8163009
:102AA000FFF758FA18B143F6DA3006B070BD236864
:102AB0008DF816005A1C0193224B20480293224B9A
:102AC00001A9CDE903352260ADF81460FFF742FAA1
:102AD0000028E8D123688DF816005A1C01931B4B7F
:102AE000164802931A4B01A9CDE903352260ADF8CF
:102AF0001460FFF72FFA0028D5D123688DF816004F
:102B00005A1C0193134B0D480293134B01A90393D5
:102B10000223049340F201132260ADF81430FFF752
:102B200019FA04460028BED12A4629460348FEF772
:102B30009BFC2046B9E700BFF410002028080020C5
:102B400054340000003500006062000060060000A0
:102B5000600600000005002020050020014B1868D9
:102B6000704700BF54340000014B1B681868704761
:102B700054340000014B1B685868704754340000FF
:102B800008B5FEF739FDFEF7A5FC094B5A68103A67
:102B9000D3B2120609D401215A0903F01F03994048
:102BA00002F16003034A42F8231000F01DF900BF50
:102BB00000ED00E000E100E00020034BD8765A6A07
:102BC00042F470225A62704700ED00E00349044B62
:102BD000CA68002092B21343CB60704700ED00E05A
:102BE0000800FA05064BD3F8D02022F00102C3F802
:102BF000D020D3F8D02042F00202C3F8D020704792
:102C000000ED00E037B50124FEF776FC164D2246B4
:102C1000052347F6FF7100200094FEF785FC22464D
:102C200007234FF0005011490094FEF793FCD5E9BB
:102C30000101072300220094FEF776FC07230022FF
:102C40000B490C480094FEF785FC2969E8680139B6
:102C5000FEF79AFCD5E90501062300220094FEF751
:102C600063FC002003B030BD54340000FF7F00201F
:102C7000FFFF03200080002038B50024124D002102
:102C800055F8040B0134FEF7ABFC1D2CF7D10020E6
:102C900001220E4BC3F88004C3F88424C3F8C00497
:102CA000C3F8C4244FF47F03D3F83021BFF34F8F10
:102CB000D3F83431BFF34F8FBFF34F8F40F201127F
:102CC000034BC3F8402538BD70340000003000507D
:102CD0000090035000224FF0FF300D4B02F1A00195
:102CE0000132102A43F82100F8D1D3F880220020C5
:102CF00022F00802C3F88022D3F88022D3F8802281
:102D000022F40072C3F88022D3F88032704700BFEB
:102D100000E100E008B5FEF7C1FB0822024BC3F852
:102D200080211A60002008BD00E100E00122014B73
:102D30001A607047F810002010B50446094B22892C
:102D4000186861680623406800F08CF928B9064BC2
:102D50001B68012B01D1FFF779FA6FF0860323601E
:102D600010BD00BFE0100020F810002038B501F0C1
:102D70000C030C2B14BF054615464A060C460ED50F
:102D80008B0658BF2835AB6913F8021CC4F3C00387
:102D900083F00103C1F38012DBB29A4201D000F04C
:102DA00023F811F0A00F16D141B103290FD00B4821
:102DB000FDF724FE6FF083032B6006E0FFF796FA21
:102DC00004460146064800F02DFA204638BD284644
:102DD000FFF7B2FFF9E70348EAE700BF62330000FC
:102DE000F80400208633000008B5FFF71FF90368D8
:102DF0009A68DB6812F4806F05D18B4234BF6FF0A4
:102E0000FA00002070478B4214BF6FF0FA000020D8
:102E1000704710B500F0C8F8044600F0D6F850B975
:102E2000FFF714FAA3685B681B685B68834218BFEE
:102E30000024204610BD0024FBE710B5044630B145
:102E4000FFF716FDB4EBD07F04D0FFF7CDFFFFF7FF
:102E5000FDF9F7E710BD70478230012808B504D8A6
:102E6000FFF7FEF908B9FFF7BFFF08BDF8B5054643
:102E70000E46FFF7CEFF044608B9FFF7B5FF80689E
:102E80000028FAD0E368991C46D05A1C23D1002EA2
:102E90003FD016F1820F4FF0020318D101252360B5
:102EA000EFF3108772B631462046FFF78FFC0646D7
:102EB00087F310882368022B1CBF0023236025B1F1
:102EC00000232046236000F082F83046F8BD16F15A
:102ED000830FE3D0D1E7002BCFDB002304F12802DE
:102EE00052F8041F19B1E16F156C19444D60083395
:102EF000202BF5D103689D6815F4007502D00223DC
:102F00000125236016F1810FCAD16369002BC7DB4D
:102F1000B3E72E460025F5E701250026C0E708B5F2
:102F2000FFF784F8F7B50D46164604461F46FFF72F
:102F300097F9FFF782FF2146024601A8FFF7A0F9A3
:102F400068B93B46324629460198FFF7CBFA40B1B3
:102F5000630002D5019800F03AF86FF0800003B0EA
:102F6000F0BD0198FFF70EFC0122019B1A60F6E705
:102F700040F20110704770B50546FFF771F906463B
:102F80002846FFF711F9044608B9002070BD014634
:102F900032462846FFF71EF90028F6D12368D86884
:102FA000F4E74FF480507047B0F5805F03D1EFF342
:102FB0000B8080387047002070477047EFF30B801C
:102FC00000F1800383F30B88704700207047EFF314
:102FD0000B83803B83F30B88704780EA0000E1EEAF
:102FE000100A00EE100A00EE900A01EE100A01EE3F
:102FF000900A02EE100A02EE900A03EE100A03EEA7
:10300000900A04EE100A04EE900A05EE100A05EE8E
:10301000900A06EE100A06EE900A07EE100A07EE76
:10302000900A08EE100A08EE900A09EE100A09EE5E
:10303000900A0AEE100A0AEE900A0BEE100A0BEE46
:10304000900A0CEE100A0CEE900A0DEE100A0DEE2E
:10305000900A0EEE100A0EEE900A0FEE100A0FEE16
:10306000900A70472DE9F0410F46154612B900202D
:10307000BDE8F081002900F0928003F00602062AE4
:1030800031D09C0740F18B800824990648BF44F05A
:103090001204820758BF44F00404C30709D5EFF3B4
:1030A0009483DE074CBF44F0040424F0040444F08D
:1030B000120422462946384602F0A0FC0028D6D148
:1030C00047E800F205EB0708150208F1FF364FEA62
:1030D000126146E800F3C3F307404FEA136304D4D8
:1030E0006FF07F00C4E70124CFE70206F8D58B42DA
:1030F000F6D047E800F546E800F6FEF782FF2D0E11
:1031000085424FEA166626D3FEF77DFF864222D817
:103110002846FEF771FF2246C7F1010101443846F7
:1031200002F06CFC0028DBD00135AE420AD83046F4
:10313000FEF760FF2246A8EB000102F05FFC0028CA
:1031400095D1CDE72846FEF755FF0746FEF75DFF10
:1031500022460146E3E7FEF760FF8542C0D3FEF753
:103160005EFF8642BCD82846FEF726FA2246C7F103
:1031700001010144384602F041FC0028B0D001357D
:10318000B54203D33046FEF743FFD3E72846FEF7A8
:103190003FFF0746FEF745FF22460146EAE74CF2AD
:1031A000DA2065E710B50446FFF71CFDFFF72AFD9E
:1031B00010B143F6DA3010BDFFF75EFD0028F8D1FC
:1031C000FFF754FC0028F4D102232360F3E708B58D
:1031D000FFF7F2FC10B143F6DA3008BDFFF7F6FC5A
:1031E0000028F8D100F01CF80028F4D162B6FDF7F1
:1031F00033FCFFF76FFD0028EDD1FFF78BFD0028B2
:10320000EBD0E8E7EFF30880EFF309812DE9F00F49
:103210006B467246FDF76EFB08B0FFF7B1FCFEE7A8
:103220000020704704460D46FFF7D7FEA546284705
:1032300083F3088896460222EFF31483134383F343
:103240001488BFF36F8F08473C464154414C2045DA
:1032500052524F523A20003C486172644661756C8C
:10326000740A003C4D656D4D616E61676520666155
:10327000756C740A003C4275734661756C740A0083
:103280003C55736167654661756C740A003C536513
:10329000637572654661756C740A003C52657365AE
:1032A0007276656420457863657074696F6E20304E
:1032B00078253038780A003C506C6174666F726D06
:1032C0002065787465726E616C20696E74657272C7
:1032D00075707420284952516E293A203078253073
:1032E00038780A0014426F6F74696E672054462D57
:1032F0004D201B5B313B33346D76322E332E302A1A
:103300002A1B5B306D0A00144275696C74201B5BCC
:10331000313B33346D546875203130205365702053
:10332000323032362031373A31373A33342055543F
:10333000431B5B306D0A0028466C6F61742041426C
:10334000493A20486172642C204C617A7920737468
:1033500061636B696E6720003C656E61626C6564D9
:103360000A003C556E6B6E6F776E2053504D2053A4
:103370005643207265717565737465643A203078C0
:10338000253038780A003C556E6B6E6F776E20538F
:103390005643206E756D6265722072657175657336
:1033A0007465643A203078253038780A003C506CD7
:1033B0006174666F726D20457863657074696F6EB5
:1033C0003A0A0028416C6C2070696E73206861763F
:1033D00065206265656E20636F6E666967757265EC
:1033E00064206173206E6F6E2D7365637572650D59
:1033F0000A000000910A0000F5180000790D000095
:10340000C10A00000D190000191900008D0C000000
:10341000F9180000A90A0000B50A0000D10A00004E
:10342000FF18000003190000091900001D0000002A
:10343000100000021C00000111000003040202023F
:103440000338FDD8704700004809002030090020EB
:10345000240200000080000000800000FF7F0F00B9
:10346000007C00000080000000800F00FFFF0F00C4
:1034700000400050005000500080005000A000505C
:1034800000B0005000E0005000F00050000001507B
:1034900000100150004001500050015000700150D8
:1034A0000080015000B0015000C0015000D0015018
:1034B00000E0015000F001500000025000100250E6
:1034C00000200250003002500040025000600250C4
:1034D0000080025000A0025000900350002584504C
:0434E00000A00350F5
:1035000008B572B60C4A0D4B9A600D4B83F30988CF
:103510000C4B83F30A8883F30B880B4B04A1D1E98E
:103520000001C3E90001FDF7EDF800F021FA00BF4A
:10353000A5EDF5FEA5EDF5FE0000000000ED00E0B4
:10354000F804002000000020F80400200000000023
:103550002DE9F04F8FB0C24C00AF23788A46B86097
:103560002BB9204602F09EF8204602F025FA4FF0D3
:10357000000BBC4BC7F804A0A3FB0A231B093B614B
:10358000B74802F035F98146002856D1B64D2B7C5C
:10359000002B40F0B9804FF47F03D3F80C2CEA469F
:1035A000013200F08481D3F80C2CAE4B172AA3FB18
:1035B00002134FEA131640F2A580FE604FF0000898
:1035C0005646C7F814B0C7F800900622A44807F181
:1035D000200102F04FF9002840F06C81A34BA9684C
:1035E000EC68986807F1200C07F1380EDCF8003021
:1035F0001F22994603E0A0420ED0531C22D04B4616
:10360000D34013F0010313BF002101311C460134E4
:10361000884202F1FF32EED19548C5E90214D7F88D
:1036200014B04FF00E0901F045FAB54602F018F952
:103630008B4802F0C5F90028A2D148463C37BD4668
:10364000BDE8F08F0CF1040CE645CFD1874B4FF06D
:10365000180CD3E900921346C5E9021462464FF0F4
:10366000000B41469C46286807F1200EC0F5806893
:103670004FEA58184FEA8808904528BF90465FEAFD
:10368000980A034627D0C7E9063EAEF104006C68ED
:1036900000EB8A0A50F804EF4FEA5E0303F055335B
:1036A000AEEB03034FEA930E0EF0333E03F03333D9
:1036B000734403EB131303F00F3303EB032303EB08
:1036C00003431B0EC3F1200382451C44E2D1D7E91A
:1036D000063E18466C6000EBC803B3F5806F1846D1
:1036E000A2EB080247D0C644002ABFD1FB6801F113
:1036F000010898452860FFF468AFD7F814B0D7F8F0
:103700000090B54601232B747B68172B40F29C80F8
:103710000024BB68C7F8149003EB8B0806224146CF
:103720004F4802F0A7F8C646002840F0C880D5E907
:1037300002164E4BA8F1040C98685CF8043F1F2257
:10374000994603E0B0420ED0531C20D04B46D340E4
:1037500013F0010313BF002101311E4601368142DF
:1037600002F1FF32EED142484FF00E09C5E90216D0
:1037700001F0A0F95AE76B684B4580F08C806345F7
:1037800040F289800023C5F804B01846ABE708F181
:1037900014036345C5E90216CFD1344B4FF0180C22
:1037A000D3E9009213469FED2C7B624620469C464F
:1037B0002968C1F580635B099B00934228BF1346CB
:1037C0005FEA930AFB6126D0AEF104046E6804EB55
:1037D0008A0AC7F818E054F804EF4FEA5E0303F0D2
:1037E0005533AEEB03034FEA930E0EF0333E03F076
:1037F0003333734403EB131303F00F3303EB03234F
:1038000003EB03431B0EC3F120031E4454456E60BB
:10381000E1D1D7F818E0FB6901EBC301B1F5806F86
:103820002960A2EB030225D0FB699E44002AC0D187
:1038300004463B6901349C420BF1060B08F1180861
:10384000FFF46CAFD7F8149002F00AF848463C3702
:10385000BD46BDE8F08F00BF000000000000000082
:1038600044170020ABAAAAAAC00F0020C408002059
:10387000E06100006B684B4505D2634503D985EDD7
:10388000007B0021D0E7104801F014F94FF00D093A
:1038900001F0E6FFCCE64FF480630B48D7F814B094
:1038A0002B604FF00D0901F005F9B546BEE64FF467
:1038B000047682E6D7F814B08146B546B6E60646E9
:1038C00001F0CEFFB146B3E6E0610000009A074B7D
:1038D0009A4208D110B502F06DFA02F0EFF806BC7A
:1038E00096460C46744702F095FA0000A5EDF5FEE9
:1038F000009A074B9A4208D110B502F067FA02F01D
:10390000DDF806BC96460C46744702F083FA0000C8
:10391000A5EDF5FE0CB4029A084B9A420CD14FF07B
:10392000004319430CBC10B500F052F802F0C6F881
:1039300006BC96460C46744702F06CFAA5EDF5FEFF
:10394000009A044B9A4202D103490868744702F076
:1039500061FA0000A5EDF5FE74600000009A034BCB
:103960009A4200D1744702F055FA0000A5EDF5FE29
:1039700010B5134B13498B4215D30020124B13493A
:103980008B421BD300210846FEF7C8FBFEE71868F0
:1039900050F82240586840F822400132986890421E
:1039A000F5D80C33E7E70022F8E71C6844F822005A
:1039B00001325C689442F8D80833E1E70022F8E766
:1039C0006006000084060000840600009C060000DB
:1039D00070B5EFF30584C4F308040CB1FFF704FAE3
:1039E0000A4D2E68FFF79EFA2B6804469E4208D0C7
:1039F0009B69002BF2D0BDE8704001461869FFF7C3
:103A000035BAFFF729FA204670BD00BFE01000204C
:103A10002DE9F04F89B01C469DF8483006460F4608
:103A20009246F3B112783C2A19D00A3AD2B2282A27
:103A300098BF624B4FF0010098BF53F822204FF01F
:103A4000000388BF0022CDE90230CDE900333046C3
:103A500002F0F6F920223946304602F0E5F90AF183
:103A6000010A4FF00009CB46C846002511E0BDB958
:103A7000252B00F09B800A2B06D10D2239463046BB
:103A8000079302F0D1F9079B1A463946304602F0F7
:103A9000CBF91AF8013B002BE9D109B0BDE8F08F52
:103AA0007A2B08D8682B0ED8302B74D036D8252B1B
:103AB00076D02D2B7FD000230122CDE90033CDE934
:103AC00002323F4A62E0693B112BF4D801A252F85E
:103AD00023F000BF3F3B0000B73A0000B73A0000B8
:103AE000933A0000B73A0000B73A0000B73A000036
:103AF000B73A0000B73A0000B73A00007B3B00003D
:103B0000B73A0000493B0000B73A0000B73A00005E
:103B1000693B0000B73A0000933A0000582B28D0C8
:103B20000BD8A3F13102082AC5D808EB8808303B2E
:103B300003EB48031FFA83F8ABE7642BBBD10123E7
:103B40000025CDE9033502E00025CDE903550A2320
:103B5000CDE90193CDF800B043463946304654F8DC
:103B6000042B02F0AEF994E7002504951023039589
:103B7000EEE7012300250493F8E720230121CDE996
:103B800002310023CDE9008954F8042B3946304630
:103B900002F056F969E7B8F1000FC6D1AB4678E7F5
:103BA0001A463946304602F03FF95EE7A946AB4671
:103BB000A84601256DE7A9466BE700BF78600000C5
:103BC00034620000014B1B68184700BF400800200A
:103BD000014B1860002070473C080020054B5A78C4
:103BE000022A04D11878C31F584258417047002058
:103BF000704700BFFC10002010B50446FFF7EEFF31
:103C000030B10A4604482146BDE8104002F0E6B94A
:103C10006FF0880010BD00BF0011002010B5124CDD
:103C20002378590744BF03F0FB0323709A0705D597
:103C300000F05CF8237823F002032370637813B15B
:103C40000A4802F0DCF9002304210848637000F000
:103C500067F82378DB0705D502F0BDF9237823F058
:103C60000103237010BD00BFFC10002000110020D4
:103C700038B5FFF7B3FFD0B9164D2B78980707D4A6
:103C800000F02CF82B78044643F002032B70C8B9DF
:103C9000D90707D402F09DF92B78044643F00103BD
:103CA0002B7078B96B782BB12B785A070DD500247F
:103CB000204638BD084802F08FF9022304466B7095
:103CC0000028F1D0FFF7AAFFF2E743F004032B70BE
:103CD000EDE700BFFC100020001100200122024B84
:103CE000002083F880257047041100202DE9F04161
:103CF0000A4C002526464FF0010803272046C4F849
:103D000020802777013502F047F9202D04F12C049B
:103D1000F4D1002386F88035BDE8F081041100203D
:103D200010B50A46044619B1024B00211B6898479A
:103D300010BD00BF1C61000010B50C4C236813B10E
:103D40000B4B1B682BB900F07DFD30B90122084BED
:103D50001A6001232360002010BD0138062801D914
:103D6000044810BD044B53F8200010BDA0160020DD
:103D70009C160020FE8FFFFF206100000B4670B5EF
:103D80008AB006461446182103AA04A81D4600F06E
:103D9000ABFE002835D1039B182B32D14FF0FF31F9
:103DA000194800F003FE40BB002000F02FFE00BBCE
:103DB00000942B46182206F1100004A900F074FCB0
:103DC0000446012000F022FE78B90F4800F0F6FD0D
:103DD00038B9B4B9182104A800F0C6FD20460AB0CD
:103DE00070BD0A4800F066FEF3E7094800F062FE85
:103DF000EBE7074800F05EFEDAE7044800F05AFE01
:103E0000D2E7044CEAE700BF5C0800203C610000F8
:103E100054610000FE8FFFFF2DE9F04104460E467D
:103E200015468CB000285CD0484B02689A4277D087
:103E30000DB100297DD04FF4A071204606AF00F0EF
:103E400093FD1821384605AA00F04EFE002873D1D4
:103E5000059B182B70D1A0464FF0FF313C4800F075
:103E6000A5FD80BB002000F0D1FD40BB00230295E2
:103E700018223946019608F11000009300F07AF9F3
:103E80000546012000F0C2FDA8B9314800F096FDBA
:103E900068B9002D52D11821384600F065FD2B4B32
:103EA000C8F80030A4B128460CB0BDE8F08129481C
:103EB00000F000FEEDE7284800F0FCFDE5E72648AD
:103EC00000F0F8FDD2E7234800F0F4FDCAE7002532
:103ED000224800F073FD0028E5D01E4800F0EAFDFE
:103EE000E1E74FF0FF311D4800F060FDE8B91C4BE1
:103EF000164A1B689342EAD005B11EB34FF4A07175
:103F0000174806AF00F030FD1821384605AA00F02A
:103F1000EBFDA8B9059B182B12D1DFF844809BE775
:103F2000002528460CB0BDE8F0810A4800F0C2FD2B
:103F3000DDE76FF4E045B6E70A4DB4E7094DB1E7B8
:103F4000084DC5E76FF4E045C2E700BFA5BCC95AFC
:103F50005C0800203C61000054610000440800201F
:103F6000600E0020FE8FFFFF2DE9F04F88461646B9
:103F70001F46054683B0002800F0A6806F4B0268FC
:103F80009A4240F0D1800D9B1BB10C9B002B00F09E
:103F9000B980002E3AD1002F00F0B480A94600234A
:103FA0003B60D9F8383123B1D9F83021934240F23F
:103FB00081804FF0FF31624800F0F8FC002875D195
:103FC000002000F023FD00286CD10D9B09F1100AA0
:103FD0004FEAC60B00934246594650460C9B00F0F0
:103FE00081F90446012000F011FD002856D1544803
:103FF00000F0E4FC10BB1F2C25D0002C40F0968074
:104000003E6095B1204603B0BDE8F08FB8F1000FD7
:1040100078D0A946002F00F08D800023B6F5803FB0
:104020003B60BED9474C002DECD1474800F0C6FCA0
:104030000028E7D0454800F03DFDE3E7434800F0A5
:1040400039FD1F2CD9D1002248461146FFF796FEB4
:1040500004460028D5D14FF0FF31394800F0A6FCC6
:1040600000285DD1002000F0D1FC002854D10D9B28
:1040700042460093594650460C9B00F033F90446E3
:10408000012000F0C3FC002842D12D4800F096FC2E
:104090000028B2D02D4800F00DFDAEE72C4800F00E
:1040A00009FDA4E72A4800F005FD8EE7274800F047
:1040B00001FD85E74846DDE90C12FFF75FFE044687
:1040C00000283FF476AF9CE74FF0FF311E4800F028
:1040D0006DFC98B91F4B1A68184B9A4228D10D9B5A
:1040E0000BB10C9B8BB11EB97FB1DFF8689056E71E
:1040F000B8F1000F09D0DFF85C908BE7134800F0AF
:10410000D9FCE7E76FF4E0447CE76FF4E0448CE728
:104110000F4800F0CFFCB8E70D4800F0CBFCA6E755
:104120000A4800F0C7FC9DE70B4C6BE70B4C68E7B7
:10413000094C7AE76FF4E04463E700BFA5BCC95AB5
:104140005C080020DE8FFFFF440800203C61000077
:1041500054610000600E0020E88FFFFFFE8FFFFF1C
:1041600010B5002482B0CDE90044FFF7FDFE02B097
:1041700010BD00BF2DE9F04F8A460121154600F120
:10418000E00889B000F580772022044640461E46AC
:10419000894601F0ECFD20220021384601F0E7FDC0
:1041A000139B2022CDE904350025129B3946069346
:1041B000149B204607930223CDE902A68DF80790B1
:1041C0008DF8065000F0DEFD28B10123C4F820313F
:1041D00009B0BDE8F08F20224146204600F03AFEAB
:1041E0000028F2D14A4620460DF1060100F032FEC9
:1041F0000028EAD10DF114090DF1080AD3464D4605
:1042000008AE08E020465BF8041B00F023FE0028FF
:10421000DBD1AE4203D055F8042B002AF2D10023A3
:1042200020223946204600F02FFE0028CDD102235F
:1042300020223946204600F0A5FD0028C5D12022C5
:104240004146204600F006FE0028BED1034620224B
:104250004146204600F018FE0028B6D10223202255
:104260003946204600F08EFD0028AED1202241467E
:10427000204600F0EFFD0028A7D1012220460DF1D5
:10428000070100F0E7FD48B19FE720465AF8041BFC
:1042900000F0E0FD002898D14E4503D059F8042BDA
:1042A000002AF2D1002320223946204600F0ECFDFE
:1042B00000288AD1022320223946204600F062FDE0
:1042C000002882D120224146204600F0C3FD00286C
:1042D0007FF47BAF034620224146204600F0D4FD08
:1042E00073E700BF2DE9F04F8FB00E4600931946DB
:1042F000D0F82031013300F055819046189A0546D8
:1043000000F58079002A44D1002E00F04F81CDE9DC
:10431000012206F1070B48EADB0A4FEADB0300241F
:104320000AF0030A039305F1E00711E0BAF1000F68
:1043300041D02022404406A901F0F4FC2022384656
:1043400004F5807406A901F0EDFCA64240F2E68077
:10435000022320224946284600F014FD40BB2022BB
:104360003946284600F076FD10BB03462022284639
:1043700006A900F089FDD8B9331BE01DFF2B4FEAD9
:10438000D000D3D8ABEB0403BAF1000F2FD0DA087A
:10439000D0E700293CD0002301248DF817302022DB
:1043A000022349468DF8184000F0ECFC002835D077
:1043B0000FB0BDE8F08F069B48F80030079B4044E3
:1043C0004360089B83600823099A042BC260B5D020
:1043D0000A9A052B0261B1D00B9A062B4261ADD02F
:1043E0000C9A082B8261A9D10D9BC361A6E75B09DA
:1043F000A4D0069A012B48F800209FD0079A404489
:10440000022B42609AD0089A032B8260DCD195E798
:10441000002E00F0CB80CDE901117AE705F1E0072D
:1044200020223946284600F015FD0028C0D122463A
:1044300028460DF1170100F00DFD0028B8D1009CB1
:1044400028462146189A00F005FD0028B0D1034601
:1044500020224946284600F017FD0028A8D1022353
:1044600020224946284600F08DFC0028A0D12022B9
:104470003946284600F0EEFC002899D1002320227E
:104480003946284600F000FD002891D10223202261
:104490004946284600F076FC002889D1202239467A
:1044A000284600F0D7FC002882D10122284606A920
:1044B00000F0D0FC00287FF47BAF21462846189AF4
:1044C00000F0C8FC00287FF473AF03462022494661
:1044D000284600F0D9FC00287FF46AAF022320228E
:1044E0004946284600F04EFC00287FF461AF2022A8
:1044F0003946284600F0AEFC00287FF459AF034649
:1045000039462022284600F0BFFC00287FF450AF37
:1045100036B3189B0193009B0293FAE616F007034B
:104520001AD016F0060F00F0B580022B40F2B680CC
:10453000710740F1B180042B40F2B480052B00F0EC
:10454000AF80072B14BFFC22FE22039B013B18F80F
:1045500003100A4008F80320009B4BB3189B3BB3A1
:104560000126189B0193009B0293002301278DF8DD
:10457000173020220223494628468DF8187000F093
:1045800001FC38B905F1E00420222146284600F05C
:1045900061FC78B1D5F820310133C5F820310FB076
:1045A000BDE8F08F1F200FB0BDE8F08FCDE90166A8
:1045B0000026DAE73A4628460DF1170100F04AFCDA
:1045C0000028E7D146B1019B33B11A46284602992B
:1045D00000F040FC0028DDD1002320224946284677
:1045E00000F052FC0028D5D102232022494628465B
:1045F00000F0C8FB0028CDD120222146284600F03B
:1046000029FC0028C6D1034620222146284600F076
:104610003BFC0028BED1002EBCD0022320224946FC
:10462000284600F0AFFB0028B4D1202221462846BE
:1046300000F010FC0028ADD10122284606A900F0A8
:1046400009FC0028A6D1019B33B11A4628460299DD
:1046500000F000FC00289DD1002320224946284676
:1046600000F012FC002895D102232022494628465A
:1046700000F088FB00288DD120222146284600F03A
:10468000E9FB002886D1034620222146284600F077
:10469000FBFB7FE7802258E7E02256E7C02254E781
:1046A000F82252E7F02250E72DE9F04700244FF0BE
:1046B000010800F5807982B00E4615461F4620227B
:1046C000022349468DF806408DF80780044600F025
:1046D00059FB10B102B0BDE8F08704F1E00A2022D6
:1046E0005146204600F0B6FB0028F3D14246204652
:1046F0000DF1060100F0AEFB0028EBD17DB12A469A
:104700003146204600F0A6FB0028E3D10A9B33B1D6
:104710001A463946204600F09DFB0028DAD10023D6
:1047200020224946204600F0AFFB0028D2D10223C8
:1047300020224946204600F025FB0028CAD120222D
:104740005146204600F086FB0028C3D103462022B4
:104750005146204600F098FB0028BBD102232022BE
:104760004946204600F00EFB0028B3D120225146D6
:10477000204600F06FFB0028ACD1012220460DF14D
:10478000070100F067FB0028A4D17DB12A4631461D
:10479000204600F05FFB00289CD10A9B33B11A46EB
:1047A0003946204600F056FB002893D100232022F2
:1047B0004946204600F068FB00288BD102232022C6
:1047C0004946204600F0DEFA002883D120225146D7
:1047D000204600F03FFB00287FF47CAF03462022F8
:1047E0005146204600F050FB00287FF473AF0123B0
:1047F000C4F8203102B0BDE8F08700BF890000F0A6
:1048000039BA00BF3AB101EB820251F8043B914240
:1048100040F8043BF9D1704708B500F037F830B9DB
:1048200000F03EF828B9064AC2F80C0A08BD032079
:1048300008BD00F02DF800F06DF8042008BD00BFA1
:104840000010845030B583B0FFF7E6FF044610B97E
:104850000B4D2B6813B1204603B030BD0246014614
:10486000FFF7DAFA50B96822064901ABFFF778FC86
:1048700020B92046044B2B6003B030BD0524EAE785
:10488000A4160020A81600205AEA5A5A00207047A1
:1048900000207047014BC3F8040A70470010845091
:1048A00010B5154800F06EF800B110BD134800F0C7
:1048B00069F80028F9D1124C204600F063F800286E
:1048C000F3D1104B10481C6000F05CF80028ECD1CC
:1048D0000E4800F057F80028E7D10D4800F052F8D4
:1048E00001460028E1D100F039F8044608B900F08B
:1048F0006FF8204610BD00BF5C080020580800205B
:10490000540800204C0800205008002048080020CF
:104910004408002008B50B4800F03EF80A4800F0B3
:104920003BF80A4800F038F8094800F035F8094823
:1049300000F032F8084800F02FF8BDE8084000F019
:104940000FB800BF5C080020580800205408002061
:10495000500800204808002044080020002070472C
:10496000704700BF01F0A5B982B0019041B10023AA
:104970009C461A4601980133994200F802C0F8D1CA
:1049800002B0704708B5034B02681B68106898476F
:10499000002008BD7C08002008B5034B02685B6856
:1049A00010689847002008BD7C080020024B026870
:1049B0009B681068184700BF7C08002008B5034BAF
:1049C0000268DB6810689847002008BD7C0800205A
:1049D00070B5094C094D2069AB68984718B1084B70
:1049E00008485B6898470021074AEB681160206916
:1049F000BDE87040184700BF680800207C08002010
:104A0000600800207461000010170020F8B51A4DEE
:104A10001A4E0446B26828699047E8B9184F3B68B7
:104A20004CB1A3B1012B19D0013B3B602869F3685D
:104A300098470020F8BD43B90121124AC2F8001579
:104A40001149D1F81029002AFBD101333B60F368EA
:104A5000286998470020F8BD0C48F8BD0A4AD2F8EA
:104A60001039002BFBD1074A6FF07E40C2F80035A9
:104A7000FFF710FF3B68D7E7680800207C0800209C
:104A8000101700200000845000108450E98FFFFFB1
:104A9000BFF34F8F0549064BCA6802F4E062134327
:104AA000CB60BFF34F8F00BFFDE700BF00ED00E01C
:104AB0000400FA0530B44FF0FE320025074B084CD5
:104AC00008494968C3F80024C3F80424C3F808243B
:104AD000C3F80C24C4F8005530BC084700108450BB
:104AE00000008450600800202DE9F047DFF8ACA0FA
:104AF00080460D46DAF800004FF0FF319146FFF78F
:104B000055FFA8BB0020FFF781FF68BBC5B1002699
:104B10001E4F0AE0182D2C4628BF1824394622467D
:104B2000FFF720FF2D1B26440BD018213846FEF737
:104B30000FFD034608EB0600002BEBD0144C03E0FE
:104B40002E460024C9F8006010481821FFF70CFF1A
:104B50000120FFF75BFFA8B9DAF80000FFF72EFF8E
:104B600050B92046BDE8F0870A48FFF7A3FFCDE71C
:104B70000948FFF79FFFC5E70748FFF79BFF20465F
:104B8000BDE8F0870348FFF795FFE5E7141700201D
:104B9000FE8FFFFF546100003C6100004C080020C4
:104BA00010B5044650B1636813F0685F05D0064A3B
:104BB000934202D000236260236010BD034B04487F
:104BC0005B689847EFE700BF2C5F5CA96008002096
:104BD00094610000C8B143680D4A934213D013F0AA
:104BE000685F0ED0012350E8002F194640E8001CF2
:104BF0009CF0000FF7D1012AF5D0BFF35F8F0020A2
:104C0000704704487047044870476FF4E0407047AD
:104C10002C5F5CA9E98FFFFFEA8FFFFF034680B19D
:104C2000426809498A420AD012F0685F05D0BFF392
:104C30005F8F002210461A6070470448704704488E
:104C400070476FF4E04070472C5F5CA9E98FFFFF6D
:104C5000EA8FFFFF10B5044620B10023034A23600A
:104C6000626010BD0248FFF725FFF6E73A00003A00
:104C7000BC6100002DE9F0410E4682B0002879D0D9
:104C800000296FD0054601273D4C55E0D4F80CC0F3
:104C90002068D4E901E14FEACE524B0980EAC058BE
:104CA00042EA502243EACC638EEA02004B404FEACC
:104CB000984E4EEA803E83EA08038CEA5C1283EA4F
:104CC0000E03424011EB030E82EA90424CEB0200CD
:104CD000082EB046C4E9023228BF4FF0080815F08C
:104CE0000303C4E9001CCDE900E032D1072E3DD812
:104CF000032E2CD9B8F10402C5F800E018D0042323
:104D000003F10801694411F8081C012AE9540FD085
:104D100003F10900684410F8080C591C032A685470
:104D200006D103F10A026A4412F8082C0233EA544D
:104D3000B6EB0806454415D0237E002BA6D11821DA
:104D40002046FEF705FC0028F9D127769EE742466B
:104D5000D6E728464246694600F0E4FFB6EB08066F
:104D60004544E9D1002002B0BDE8F081C5F800E07B
:104D70006860DDE70029F5D0142002B0BDE8F081BD
:104D8000A00F00202DE9F04117468846402200215F
:104D900006461D4600F0EBFF402F36D84FBB284695
:104DA00000F0F0F8044620B100F096F92046BDE886
:104DB000F0814FF0363000F077F94021304600F0B6
:104DC000B1F9044600F07CF9002CEDD106F1400069
:104DD00000F0ACF9012D86F8D85035D00A2D35D029
:104DE000A5F10205B5FA85F56D096D0186F8D95072
:104DF000DAE741463046BA08FFF704FD284600F0DE
:104E0000C1F804460028CFD1D3E7284600F0BAF80D
:104E100004460028CAD13946404600F083F90446CA
:104E20000028C1D16B1EDBB2092B96BF084A014690
:104E300052F82310304600F019FA284600F0A2F884
:104E400004460028B0D1B4E71425CFE71C25CDE7F0
:104E5000EC61000070B50C46164600F1400528468E
:104E600000F0A2F92046314600F05CF9044618B182
:104E700000F032F9204670BD284600F057F900F0E6
:104E80002BF9204670BD00BF2DE9F84F90F8D8509F
:104E90000646012D8946984600AF36D00A2D32D0FD
:104EA000A5F10205B5FA85F56D096D01EA1D22F03F
:104EB0000702ADEB020DEA4606F1400B584600F042
:104EC00073F92946504600F0D1F996F8D80000F061
:104ED00059F8044688B94FF05C3000F0E5F84021FD
:104EE000304600F01FF9044638B900F0E9F82946C9
:104EF000504600F017F9044648B100F0EDF820469E
:104F0000BD46BDE8F88F1C25D0E71425CEE729461D
:104F1000504600F0ABF9B8F1000F03D096F8D93045
:104F2000C8F8003096F8D920514692084846FFF755
:104F300069FC96F8D91011F0030219D1584600F017
:104F4000F5F896F8D830012B10D00A2B18D0A3F121
:104F50000203B3FA83F35B09D9005046FFF74EFC16
:104F600000F0BAF82046BD46BDE8F88F0521F4E709
:104F700001F0FC0109EB0100514400F0D3FEDDE734
:104F80000721EAE7F8B50025012706463D4C00F069
:104F90006DFBC4F860562846C4F85C56C4F85856F1
:104FA000C4F85456C4F85056C4F84C56C4F8485681
:104FB000C4F84456C4F84056C4F8C857C4F88456D8
:104FC000C4F8885600F05AFB0720C4F81858C4F8F3
:104FD000187800F053FB06F00F03C4F8A4564020E5
:104FE000C4F8C477C4F88456C4F8C03700F038FB5E
:104FF000022EC4F8CC57C4F8D0571ED12249234BF7
:10500000C4F85C16224AC4F85836224BC4F8542619
:105010002149C4F85036214B02F10152C4F84C1614
:1050200002F50912C4F848361D4B02F2F952C4F8D1
:105030004426C4F840362846F8BD00F017FBC4F8F3
:1050400060562846C4F85C56C4F85856C4F85456FE
:10505000C4F85056C4F84C56C4F84856C4F84456E0
:10506000C4F84056C4F8C857C4F88456C4F88856E3
:1050700000F004FB0B48C4F81858FFF71BFD06208E
:10508000F8BD00BF0010845019CDE05BABD9831F81
:105090008C68059B7F520E513AF54FA572F36E3C1A
:1050A00067E6096AE061000010B50446002000F0E0
:1050B000BBFA024BC3F8884610BD00BF00108450F5
:1050C00008B5002000F0B0FA0022024BC3F8882691
:1050D00008BD00BF0010845038B50024104D00F00A
:1050E000C5FAC5F860462046C5F85C46C5F858467E
:1050F000C5F85446C5F85046C5F84C46C5F848466C
:10510000C5F84446C5F84046C5F8C847C5F88446C2
:10511000C5F8884600F0B2FAC5F8184838BD00BF97
:105120000010845000231A4600F0FAB970B400262B
:1051300003461B4C6022D4F8CC571A49C0E90256EA
:10514000D4F8D007D860D4F8C00700F00F0018706A
:10515000D4F888061863D4F8400600BA1861D4F869
:10516000440600BA5861D4F8480600BA9861D4F8E9
:105170004C0600BAD861D4F8500600BA1862D4F8C8
:10518000540600BA5862D4F8580600BA9862D4F8A7
:105190005C4603F1340024BADC6270BC00F0C2BD8E
:1051A00000108450A4170020F8B5044601272D4DA7
:1051B00026780720C5F8187800F060FA002306F07A
:1051C0000F06C5F8A4364020C5F8C477C5F8843664
:1051D000C5F8C06700F044FA2278A368BA420CBF51
:1051E00004210721C5F8CC37E36804F11002C5F8A3
:1051F000D037236B0429C5F8883652F821004FEACE
:1052000081031A4403F1A14303F5822300BAC3F8D2
:10521000400652F8040C00BAC3F83C0652F8080CD9
:1052200000BAC3F8380652F80C0C00BAC3F83406BA
:1052300052F8102C12BAC3F830260BD0A26912BA59
:10524000C3F82C26626912BAC3F82826226912BA5A
:10525000C3F8242604F134016022BDE8F840024876
:1052600000F060BD00108450A417002038B5384A03
:10527000384B126CD3F8C04705460C46002A60D163
:105280000422C3F8C827334AD2F81C39002BFBD1BB
:10529000A30834D0D2F84016012B09BA29602ED0C9
:1052A000D2F84416022B09BA696028D0D2F8481601
:1052B000032B09BAA96022D0D2F84C16042B09BAE4
:1052C000E9601CD0D2F85016052B09BA296116D016
:1052D000D2F85416062B09BA696110D0D2F85816C4
:1052E000072B09BAA9610AD0D2F85C26082B12BA9A
:1052F000EA6104D0174BD3F860361BBA2B62002446
:10530000144D00F0B3F9C5F860462046C5F85C4678
:10531000C5F85846C5F85446C5F85046C5F84C4639
:10532000C5F84846C5F84446C5F84046C5F8C847DC
:10533000C5F88446C5F8884600F0A0F9C5F81848B5
:1053400038BD01220020C3F8842600F06DF99AE7E9
:10535000A417002000108450F0B501246D4A6E4B54
:1053600092F85C5092F84870A5428646C3F82048EF
:105370003CD04FF4FE64C3F8044AD3F8084A44F41E
:105380007F64C3F8084A002F3BD1002D61D1634BE5
:105390001C7C14B11C68844261D993F824401CB170
:1053A0005C69844240F2818093F838401CB19C6A69
:1053B000844240F2918093F84C401CB1DC6B8442F3
:1053C00040F29180544BC3F828ECC3F82C1C002FFA
:1053D00043D08021504AD2F8003A31EA0303FAD18F
:1053E0000023C2F8081AC2F82038F0BD4FF47664E2
:1053F000C3F8044AD3F8084A44F47F64C3F8084A5F
:105400003FB3464BD46C1F7C17B11F68BC4237D2E8
:1054100093F8247017B15F69BC424DD293F838708D
:1054200017B19F6ABC424FD293F84C7017B1DF6B33
:10543000BC4260D227460C44D464946D0C449465FD
:10544000354CC4F8287DC4F82C1D002D5CD10127F3
:105450009EE7C3F8300CC3F8341C4021BAE75D68FE
:105460002544854299D9002505EB850503EB850385
:10547000556D9A68DE68121B104405FB060EA1E705
:105480005E6807EB060C6445C2D24FF0000C0CEBD3
:105490008C0C03EB8C0CDCF80860DCF80CC0F71B00
:1054A000566D274406FB0C77C5E79D692544854268
:1054B0007FF67AAF0125D7E79E6907EB060C6445B6
:1054C000ACD24FF0010CE2E7DE6A07EB060C644554
:1054D000AAD24FF0020CDAE7DD6A254485427FF656
:1054E0006AAF0225C0E71D6C2544854288BF0325AD
:1054F0007FF668AFB8E71E6C07EB060C644538BF53
:105500004FF0030C96D2C2E7C4F8300CC4F8341C38
:105510005FE700BFA417002000108450541700203C
:10552000B0F1005F56D32DE9F84314464218B2F1AA
:10553000804F05460F466AD8DFF8E490D9E910128B
:1055400074B3002B4FD0D9F85030BB4262D3DB1B71
:10555000C9F85030002948D1FFB1D9F8401089F876
:105560004840C9BBD9F844307E1EB6FBF3F603FBB6
:1055700006F646B1B6F5803F1DD228463146FFF704
:10558000EBFEBF1B35443A462946254800F0CAFBCE
:10559000D9F840303B44C9F840300020BDE8F883DA
:1055A0000029D9D099F84830FBB14846FFF7D4FE1E
:1055B000C9F84040D0E7D9F844402846C4F58038BF
:1055C0004146FFF7C9FEA4F58033F6181F44454451
:1055D000D0D1D8E70A2070471148FFF7BDFE00235D
:1055E000C9F84030BEE70029B6D0521ABA42164672
:1055F00028BF3E4609EB0100294600F093FBD9F88D
:10560000403035443344C9F84030BF1BA4E70A207A
:10561000BDE8F8830348FFF74DFA1320BEE700BF4B
:10562000A4170020E061000010B50C4C216C29B1DA
:1056300028B90A48FFF790FE0023236410BDC1F18A
:1056400040026018002100F092FB616C0348216465
:10565000FFF782FE00232364F0E700BFA4170020B9
:10566000014B5864704700BFA4170020602200213E
:10567000014800F07CBB00BFA4170020074AD2F805
:105680001039002BFBD1064B0449C2F800091870F1
:10569000D1F81039002BFBD1704700BF00108450A7
:1056A000051800204FF47F0310B44D4AD3F8101CA6
:1056B00091423FD0D3F8102C01323BD0D3F8102CBC
:1056C000002A37D1D3F8141C464A914250D0D3F85F
:1056D000142C01324CD0D3F8142C002A48D1D3F822
:1056E000182C12F5947F59D0D3F8182C013255D0CC
:1056F000D3F8182C002A51D1D3F81C2C3A4B9A42DB
:1057000009D04FF47F03D3F81C2C013203D0D3F817
:105710001C3C002B5FD04FF47F03334AD3F81C1C92
:10572000914251D0D3F81C2C0321013250D0D3F830
:105730001C4C0DE04FF47F03294AD3F8101C914212
:105740000FD0D3F8102C002101320ED0D3F8104C1A
:105750000122002384600173027043605DF8044BF2
:105760007047002140F6FC04F2E740F6FC04EFE746
:105770004FF47F031B4AD3F8141C914207D0D3F88F
:10578000142C0121013206D0D3F8144CE0E701219A
:1057900042F2D004DCE742F2D004D9E74FF47F03B1
:1057A000D3F8182C12F5947F07D0D3F8182C0221C7
:1057B000013206D0D3F8184CCAE7022140F6D8646B
:1057C000C6E740F6D864C3E7032142F60414BFE7F6
:1057D00042F60414BCE705485DF8044BFFF76AB9CC
:1057E000FCF8FFFFD020FFFF0429FFFFE06100006D
:1057F00070B5037853B3D0E901520124164B90F8E9
:105800000CC0C3F8C441C3F84041C3F8C441C3F855
:105810003021D3F830118A42F7D100203F261E21D3
:105820000422C3F82C01C3F8086AC3F80011C3F8B6
:10583000040AC3F80C21D3F80C214CEA0202C3F885
:105840000C21C3F83851C3F82C4170BD0348FFF751
:1058500031F90C2070BD00BF00108450E0610000E1
:105860000020034BC3F82C01C3F8C401704700BFEC
:10587000001084504FF0000C2DE9F84F86460124AB
:105880004FF0FF354FF03F094FF01E0804270E463A
:105890006046474BD3F8042112F00E0F55D0D3F8D1
:1058A0000C21D3F8301102F00302032AC3F82C01B3
:1058B000C3F8BC41C3F808516BD0013242F0040A6E
:1058C000D2B2C3F80CA1C3F830118EF80C20CEF878
:1058D0000810D3F80C11D3F8302101F0030BD3F8E2
:1058E00038A1C3F8C441C3F84041C3F8C441C3F868
:1058F0003021D3F830118A42F7D1C3F82C01C3F814
:10590000089AC3F80081C3F8040AC3F80C71D3F8ED
:105910000C210CF1010C4BEA0202C3F80C21C3F874
:1059200038A1C3F82C41D3F80421D10711D4BCF11C
:10593000640FAFD100221E4B1E48C3F82C21C3F8C0
:10594000C421FFF7B7F8102021E0D3F80421D207D3
:10595000A0D5BCF1640FEDD04FF0FF320121002043
:10596000134BC3F8BC11C3F80821D3F814213260DB
:10597000D3F818217260D3F81C21B260D3F820212B
:10598000F260D3F824213261D3F828317361BDE885
:10599000F88F4A1C9DD0491840EB00028D4270EBF5
:1059A000020238BF4FF0FF3100224FF0040A88E7AF
:1059B00000108450E06100000A234360704700BF7C
:1059C000C368032B05D0022B14D80133C360012018
:1059D000704783685A1C0FD000224FF0FF3CDB1841
:1059E00042EB020191420CBF19466146C0E9021226
:1059F000012070478368EFE700207047431810B517
:105A000001D21F2A01D9002010BD013902F0140370
:105A10000144102B81EA000438D027DC7BBB1F2C0B
:105A200040E800F303D941E800F19942EBD122F0BC
:105A30001402013A0A2AE6D801A151F822F000BF67
:105A4000AF5A0000A95A00009B5A0000075A0000F4
:105A5000075A0000075A0000075A0000B55A000014
:105A6000AF5A0000A35A00009B5A0000142BCAD161
:105A70001F2C40E8C0F3DAD941E8C0F1D5E71F2C6C
:105A800040E840F3D3D941E840F1CEE71F2C40E88D
:105A900080F3CCD941E880F1C7E713F4001FB3D1FC
:105AA000B1E713F4801FFAE75B02ADD5ABE713F45F
:105AB000002FF4E713F4802FF1E700BFB7EE000AE0
:105AC000F7EE000AB7EE001AF7EE001AB7EE002A5A
:105AD000F7EE002AB7EE003AF7EE003AB7EE004ACA
:105AE000F7EE004AB7EE005AF7EE005AB7EE006A3A
:105AF000F7EE006AB7EE007AF7EE007AF1EE10CA20
:105B000040F29F01CFF200013CEA010CE1EE10CA25
:105B100000239C4683F30088704708B5FDF764F9BD
:105B2000EFF30880EFF309812DE9F00F6B46724621
:105B3000FAF7E0FE08B0FFF7F0FFFEE708B5FFF761
:105B4000EFFF08B5FFF7ECFF08B5FFF7E9FF08B571
:105B5000FFF7E6FF08B5FFF7E3FF08B5FFF7E0FF43
:105B600008B5FFF7DDFF08B5FFF7DAFF08B5FFF767
:105B7000D7FF08B5FFF7D4FF08B5FFF7D1FF08B589
:105B8000FFF7CEFF08B5FFF7CBFF08B5FFF7C8FF5B
:105B900008B5FFF7C5FF08B5FFF7C2FF08B5FFF767
:105BA000BFFF08B5FFF7BCFF08B5FFF7B9FF08B5A1
:105BB000FFF7B6FF08B5FFF7B3FF08B5FFF7B0FF73
:105BC00008B5FFF7ADFF08B5FFF7AAFF08B5FFF767
:105BD000A7FF08B5FFF7A4FF08B5FFF7A1FF08B5B9
:105BE000FFF79EFF08B5FFF79BFF08B5FFF798FF8B
:105BF00008B5FFF795FF08B5FFF792FF08B5FFF767
:105C00008FFF08B5FFF78CFF08B5FDF7EDF8EFF350
:105C10000880EFF309812DE9F00F6B467246FAF721
:105C200069FE08B0FFF7F0FFFEE708B5FDF7DCF806
:105C3000EFF30880EFF309812DE9F00F6B46724610
:105C4000FAF758FE08B0FFF7F0FFFEE708B5FDF7DA
:105C5000CBF8EFF30880EFF309812DE9F00F6B46E5
:105C60007246FAF747FE08B0FFF7F0FFFEE708B507
:105C7000FDF7BAF8EFF30880EFF309812DE9F00F93
:105C80006B467246FAF736FE08B0FFF7F0FFFEE704
:105C900008B5FDF7A9F8EFF30880EFF309812DE9C6
:105CA000F00F6B467246FAF725FE08B0FFF7F0FFDB
:105CB000FEE7814270B41346054602D370BC00F083
:105CC00031B88218194483B900241819032816D84A
:105CD0006FF003009C084443234422440C440021F9
:105CE0008B4214D1284670BC704742EA01008007FD
:105CF000EAD011F8010D013B02F8010DE3E760184D
:105D000050F8046CA01840F8046C043CDDE7601AFD
:105D100010F8016C501A00F8016C0131E0E708B589
:105D200000F078F8034670B56AB900241519032D00
:105D300013D822F0030421441C44002302F0030280
:105D40009A4210D170BD41EA0304A407EDD011F8C6
:105D5000014B013A03F8014BE6E70D1B2E681D1BB2
:105D60002E60043CE2E7CD5CE5540133E8E7F0B592
:105D700005460C0444EA01640C4344EA012462B978
:105D800013465619032A0ED823F003022A4403F0BF
:105D9000030313449A420AD1F0BDAB07F0D005F8D3
:105DA000011B013AEBE7B71A3C60043AEAE702F854
:105DB000011BEFE708B5EFF30583C3F308030BB14D
:105DC000FDF712F8BDE80840FDF7D2B808B5EFF3CB
:105DD0000583C3F308030BB1FDF706F8BDE80840DF
:105DE000FDF7C9B810B5EFF30584C4F308040CB18E
:105DF000FCF7FAFFBDE81040FCF73ABC10B5EFF332
:105E00000584C4F308040CB1FCF7EEFFBDE81040B4
:105E1000FCF762BC08B5EFF30583C3F308030BB1CD
:105E2000FCF7E2FFFDF77BF807B503468DF8072086
:105E3000084601220DF10701984703B05DF804FB05
:105E40002DE9F84F1D46074688461646BDF82840FE
:105E50009DF82CA09DF830909DF834307AB333B182
:105E600013461D4613F8012B002AFAD1AD1BAC4294
:105E70008ABF641B0024A4B2BAF1000F14D02A46D2
:105E800031464046B847BAF1000F18D0002513E05C
:105E90004A4641463846FFF7C7FF0BF1010B1FFA90
:105EA0008BF39C42F4D8EAE7D346F8E74A464146EA
:105EB0003846FFF7B9FF0135ABB29C42F6D8BDE8D2
:105EC000F88F2DE9F04F002489B09DF848C00646B0
:105ED0009DF85800A4450F469DF854100CBF4FF094
:105EE000200A4FF0300AA0429846CDE905440CBF85
:105EF000612041209DF85030CDF81B4019B1A242DD
:105F0000ACBF214652420DF11E04A1460A38B2FB35
:105F1000F3FB03FB1B2B5FFA8BF5BBF1090F94BF5F
:105F200030352D18A646EDB2934204F1FF3465706A
:105F3000B2FBF3F518D931B1BCF1000F16D12D2306
:105F40002370AEF102040023CDE902A39DF84C308A
:105F50003946CDE900833046A9EB0403621CFFF704
:105F60006FFF09B0BDE8F08F2A46D0E72D223946F1
:105F70003046FFF759FFE6E70FB4002004B0704742
:105F8000704710B50446406A10B1A16A00F039F8B4
:105F90000020C4E9090010BD38B50446FFF7F1FF41
:105FA000237F012B0FD0023B012B0FD8236A012B3B
:105FB00014BF6FF0960500252C2200212046FFF724
:105FC000D6FE284638BD236A002BF1E76FF0960510
:105FD000F2E70020704770470020704713B500209B
:105FE00001AB1446FEF7BCF830B9019BA34218BFC1
:105FF0006FF0930002B010BD6FF09200FAE700203E
:10600000704710B5044608B1FDF78AFE2046BDE88A
:106010001040FDF7D7BD2DE9E04F2746A046A14629
:10602000A246A346A4462DED108B4FF0000545EC8B
:10603000185B45EC195A45EC1A5A45EC1B5A45ECCD
:106040001C5A45EC1D5A45EC1E5A45EC1F5AF1EE00
:10605000105A4FF66076C0F6FF763540E1EE105AE2
:1060600084F3008825462646A447BDEC108BBDE886
:10607000E08F00007AFFFFFF426200000000000096
:106080000000000000000000000000000000000010
:106090000000000000000000000000000000000000
:1060A0004862000000000000000000000000000046
:1060B00000000000000000000000000000000000E0
:1060C00000000000000000004E6200000000000020
:1060D00000000000000000000000000000000000C0
:1060E00000000000000000000000000000000000B0
:1060F00054620000000000000000000000000000EA
:10610000000000000000000000000000000000008F
:1061100000000000000000005A6200006F5D0000F7
:10612000FF8FFFFFFF8FFFFFFE8FFFFFFE8FFFFF41
:10613000FD8FFFFFFC8FFFFFFC8FFFFF4661696C47
:1061400020746F2061637175697265206D75746567
:10615000780A00004661696C20746F20696E637272
:106160006561736520504D20636F756E7465720AAA
:1061700000000000436F756C64206E6F74206C6FBC
:10618000636B20706F7765722073617665206D7523
:10619000746578006D757465785F667265652063F7
:1061A000616C6C65642077697468204E554C4C2096
:1061B000706172616D6574657200000043616E27E5
:1061C0007420696E697469616C697A65206D757493
:1061D00065782C20776173204E554C4C0D0A0000D9
:1061E000466174616C206572726F72001400000069
:1061F000200000000000000000000000000000007F
:10620000000000000000000000000000000000008E
:106210001C00000054464D5F43525950544F0054E7
:10622000464D5F504C4154464F524D5F5345525678
:10623000494345005B556E737570706F7274656489
:106240005D005B4552525D005B4E4F545D005B57F5
:10625000524E5D005B494E465D005B5645525D0007
:107C00007FE97FE9FBF762BE7FE97FE9FBF770BEA2
:107C10007FE97FE9FBF7A2BE7FE97FE9FBF790BE32
:107C20007FE97FE9FBF776BE00000000000000005E
:107C30000000000000000000000000000000000044
:107C40000090D003009000500000000000000000F1
:107C50000000000000000000000000000000000024
:107C60000000000000000000000000000000000014
:107C70000000000000000000000000000000000004
:107C800000000000000000000000000000000000F4
:107C900000000000000000002C3400000400000080
:107CA0000000000000000000FFFFFFFFFFFFFFFFDC
:107CB000FFFFFFFFFFFFFFFF0000000000000000CC
:107CC00000000000000000000000000000000000B4
:107CD0000000D6010000000000000700300900206D
:107CE000D00800204401000090ED00E000A0035007
:107CF0007FA60350009000506F950050795F000000
:107D0000815F00008C0800209008002054080020AB
:107D100078080020700800206C0800206808002007
:107D200000000000914A0000BC080020B4080020B8
:107D3000AC08002000000000A4080020554C000002
:107D4000A14B0000D54B00001D4C00009408002002
:107D50009C0800202C1700203A00003A3017002021
:107D60003A00003A341700203A00003A3817002051
:107D70003A00003A3C1700203A00003A4017002031
:107D80003A00003A35030000CB000000510000002B
:108000009021012005960000B73D0100F195000088
:10801000F1950000F1950000F1950000F195000048
:10802000000000000000000000000000D5960000E5
:10803000F19500000000000025990000F195000076
:10804000D9990000D9990000D9990000D999000068
:10805000D9990000D9990000D9990000D999000058
:10806000D9990000D9990000D9990000D999000048
:10807000D9990000D9990000D9990000D999000038
:10808000D9990000D9990000D9990000D999000028
:10809000D9990000D9990000D9990000D999000018
:1080A000D9990000D9990000D9990000D999000008
:1080B000D9990000D9990000D9990000D9990000F8
:1080C000D9990000D9990000D9990000D9990000E8
:1080D000D9990000D9990000D9990000D9990000D8
:1080E000D9990000D9990000D9990000D9990000C8
:1080F000D9990000D9990000D9990000D9990000B8
:10810000D9990000D9990000D9990000D9990000A7
:10811000D9990000D9990000D9990000D999000097
:10812000D9990000D9990000D9990000D999000087
:10813000D9990000D9990000D9990000D999000077
:10814000D999000053B94AB9002908BF00281CBFBB
:108150004FF0FF314FF0FF3000F00CB8ADF1080CDC
:108160006DE904CE00F018F8DDF804E0DDE9022343
:1081700004B07047704700BF034611F8012B03F8A5
:10818000012B002AF9D17047034613F8012B002A6E
:10819000FBD1181A013870472DE9F0478C468E46FE
:1081A000089E154604461946002B40F0D0807245C3
:1081B00047D9B2FA82F74FB1C7F120030EFA07FC94
:1081C000BD40BC4020FA03F343EA0C0C4FEA154EC5
:1081D000A8B2230CBCFBFEF80EFB18CC08FB00F980
:1081E00043EA0C43994528D9EB1808F1FF3204D231
:1081F000994502D9A8F102022B44A3EB0903A4B2CA
:10820000B3FBFEFC0EFB1C330CFB00F044EA034402
:10821000A04214D92C190CF1FF3304D2A04202D988
:10822000ACF102032C44241A43EA02401EB1FC4084
:10823000002334607360BDE8F0874246DDE76346A3
:10824000F1E7002A79D0B2FA82F3002B3FD0194629
:10825000C1F1200302FA01F500FA01F42EFA03F24B
:108260000EFA01FE20FA03F3AFB243EA0E034FEA1F
:10827000154EB2FBFEFC0EFB1C201A0C0CFB07F883
:1082800042EA004290455AD9AA180CF1FF3004D2B4
:10829000904502D9ACF102002A44A2EB08029BB23D
:1082A000B2FBFEFC0EFB1C220CFB07F743EA024369
:1082B0009F4246D9EB180CF1FF3204D29F4202D9FB
:1082C000ACF102022B44DB1B42EA004202E0AEEBBF
:1082D000020301224FEA154EAFB2200CB3FBFEFCA5
:1082E0000EFB1C330CFB07F840EA034398452AD9E0
:1082F000EB180CF1FF3004D2984502D9ACF1020022
:108300002B44A3EB0803A4B2B3FBFEFC0EFB1C330F
:108310000CFB07F744EA0344A74216D92C190CF1C9
:10832000FF3304D2A74202D9ACF102032C44E41B70
:1083300043EA00400F46114678E71F2188E7604670
:10834000ABE76246BFE76046DBE76346EFE77345AE
:1083500006D916B9002108466DE7C6E9000EF9E70F
:10836000B3FA83F787B9734501D3824207D8841AD9
:108370006EEB030301209C461EB900215BE73846E3
:10838000FAE7C6E9004CF8E7C7F1200CBB4000FA59
:1083900007F422FA0CF520FA0CF1BA401D432EFA2C
:1083A0000CF30EFA07FE4FEA154941EA0E011FFAD7
:1083B00085FEB3FBF9F809FB18300B0C08FB0EFA2D
:1083C00043EA00439A4540D9EB1808F1FF3004D244
:1083D0009A4502D9A8F102002B44A3EB0A0389B203
:1083E000B3FBF9F809FB183308FB0EFE41EA034121
:1083F0008E452CD9691808F1FF3304D28E4502D975
:10840000A8F10203294443EA0040A1EB0E01A0FBBE
:1084100002984145CE46434602D306D14C4504D28C
:108420000138B9EB020E68EB0503002EA5D0B4EBC2
:108430000E0261EB030101FA0CFC22FA07F3F9408A
:108440004CEA0303C6E9003197E74046C5E74346D7
:10845000D9E70000012807B5024604D003280FD051
:1084600003B05DF804FB4FF4B071114806F076FFDD
:108470000028F5D10F4803B05DF804EB07F086BF84
:10848000532008F013FF01900028E9D00222532165
:1084900006F064FF18B101980EF017FEE0E7002225
:1084A0000023054801A90EF036FA0028F3D1D7E7DA
:1084B000D0C8002014C80020B4C7002013B502F0B3
:1084C00085FE28B91F200CF0E2FC18B14FF0FF30F8
:1084D00002B010BD2A4807F009FA0028F6D11F2083
:1084E00007F054F904460028F0D1012007F0A8F95C
:1084F000012007F0C3F8204607F076F90028E5D1FF
:1085000007F016F90028E1D1012007F0E3F8002870
:10851000DCD107F045F80028D8D10EF051FC194CF9
:108520004FF0FF334FF0FF320221164808F024FECF
:10853000E36803F4FE13B3F5004F04D12069002271
:10854000002307F05DFF236A03F4FE13B3F5802FC9
:108550000DD1606A0022002301A907F0C1FD30B9E6
:108560000199094808F0D0FE01980EF0AEFDE368CD
:1085700023F4FE13E360236A23F4FE132362CFE7A0
:108580005584000080C5002036800100014B1B6827
:10859000184700BFA8C50020014B1860704700BFF6
:1085A000A8C5002030B5044685B00D461022002134
:1085B00068460EF0B8FD02238DF80230044B2A46BF
:1085C00021466846019309F05FF905B030BD00BF50
:1085D0008D85000080B505460E461746984608F082
:1085E00037FB034601F00AFA0446DFF818904246CA
:1085F00049F8003039463046A84754F8090001F0E0
:108600007BF900BF080000002DE9F047058B044608
:10861000280717460CD501290CBF45F0100545F079
:108620002005258387F31188BFF36F8FBDE8F0879E
:10863000022905F0070540F0948020460AF0F4FA7C
:10864000052864D801A353F820F000BF2586000058
:10865000638700000F870000D1860000EB860000D2
:10866000FD86000001F007035A1F012A1FD80022CF
:1086700021F00701062BD4F8008089B2C4E900225A
:1086800009D1434603E0628B013262831B68002BF1
:10869000F9D141F00201204621830AF0C5FA4FF0DA
:1086A000000900286DD041F02001218369E0042BEE
:1086B0000AD121F0070189B2204621830AF0B4FAD9
:1086C00010B141F0200121834FF00008C14658E06D
:1086D0002369D3F80090238B23F0070343F00603AC
:1086E0004FF00008238346464BE02369D3F80490FB
:1086F000238B23F0070343F00403F1E72369D3F846
:108700000890238B23F0070343F00503E8E74FF0BD
:108710000008C146E7E7012243F00803238387F3FB
:108720001188BFF36F8F002A3BD1B8F1000F4AD1F7
:10873000B9F1000F02D020462C49C847EFF311874A
:10874000202383F31288BFF36F8F238B23F008035A
:108750009BB22383D9063FD523F01002228303F076
:1087600007056669218B002EBFF67CAF0023994672
:10877000D4F8008021F00701C4E9003341F0010181
:108780002183238B03F0070AAA4502D0A268002A9E
:10879000C1D1B8F1000F02D1B9F1000FDAD0002237
:1087A000BAE7A1680029C0D00D680029BDD03346C2
:1087B000524620464F68B8471DB12B6829461D46D2
:1087C000F3E72B46FAE74146334652462046D8F8AF
:1087D00000800AF055FAA8E79A067FF523AF23F048
:1087E0002002228303F0070527E700BFAD2C01001C
:1087F000014B036000207047587C010008B5082138
:1088000002480BF0A2FB014808BD00BFEAE50020CA
:1088100018B3006808B34078A5281DD8872805D864
:108820005F281AD013D807280AD8704700F17802B9
:108830000A4BD2B2D34013F0010F08BF002070479B
:10884000A0F14103DBB2052B28BF00207047A0F147
:108850008003DBB2072BF7E700207047B340203FCF
:10886000F8B50F4604461546002140221E460EF07C
:108870005AFC38460AF013FF2A462346A08405F125
:10888000180152F8040B8A4243F8040BF9D104F1A1
:108890003005DEB196E8070085E807003B68A36273
:1088A000BB88A3850EF08CFA4FF47A72A0FB02030A
:1088B00002FB0131C00B40EA4140C90BC4E906018B
:1088C00094F83830002084F82E30F8BD014B93E83E
:1088D0000700E1E7ACC5002007B504210DEB01005E
:1088E0000BF033FB019A024B1A8003B05DF804FBD6
:1088F000E4D90020024B1888421C1A80704700BF40
:10890000E4D9002013B51C46049B63B9CDE90033BC
:1089100001F0F2FC002804DA01F070F8044B18585A
:10892000404202B010BDCDE900430023F0E700BF94
:108930000C0000002DE9F04FB1B04FF0FF324FF0C6
:10894000FF33554807F05CFD1022002112A80EF0FD
:10895000EAFB524B00261D4608930596504B1B68B8
:108960009E420FDB4FF4FA72059912A80BF0D0FA71
:10897000002831DA01F042F84A4B1B58002BDCDCAE
:10898000002490E328680BF057F82F68044607F599
:1089900089600BF092F940B907F618200BF08DF9B9
:1089A00018B9BCB901360435D8E744F0040424B240
:1089B0002B6830A91A68059B01EBC30343F8782C98
:1089C0004FF0000223F8744C23F8722C059B0133FE
:1089D0000593E7E70124EBE7D2D012AB0393002322
:1089E0000793059B079A9342CAD0039B089A1D6878
:1089F0002B4B196800238B4226DB0024182500210D
:108A00002A461AA80EF08FFB0E95002C00F011815B
:108A1000039BDB885D0775D5271D4FF0FF324FF0B4
:108A2000FF3338460BF021F804F5896604F6E87840
:108A300030460BF042F900285DD096F8893053B9E2
:108A400086F82B30B36656E052F8044B2068854216
:108A5000D4D00133CFE720AD06F1480CBCE80F00BD
:108A60000FC5BCE80F000FC5BCE80F000FC59CE8A0
:108A70000F0085E80F0096F82B3006F148059BB9EA
:108A80006FF0730130460BF03AF94FF0000386F8AF
:108A90002B300023D6E700BFE4C7002094CF00208E
:108AA00090CF00200C000000B36E002BE8D02846C9
:108AB0000AF051FF0028E3D0B369B6F88021009393
:108AC000D6F87C1133462068FFF71CFF011E12DC2C
:108AD00011F10B0F40F0B4800DF1800CBCE80F00D9
:108AE0000FC5BCE80F000FC5BCE80F000FC59CE820
:108AF0000F0085E80F0006F5BA66B04598D13846F4
:108B00000BF0C1F8039BDB88D8077CD504F118066D
:108B10004FF48662002130460EF005FB0E9B206864
:108B2000002B40F09180019300934FF48662402324
:108B3000314601F017FC0028054608DA00F05EFF18
:108B4000994B1B58002BC3F1000500F382809DB1A7
:108B5000B5F5866F2F464FF0000328BF4FF48667A8
:108B600031460093BAB216A80AF06FFC00286FDBFA
:108B7000BD42D4BF00250125231D4FF0FF320493D1
:108B8000201D4FF0FF330AF070FF16A8DDF838A063
:108B90000AF06AFD049016A8FFF73AFE069016A8A0
:108BA0000AF07DFD0DF13601814616A80AF0C2FDDE
:108BB000049B0990032B56D194F873341BB1B4F87D
:108BC00070344B454DD094F8433ACBB1B4F8403AA9
:108BD0004B4515D10125684200F4BA6000F5896063
:108BE0006FF0670120440BF08AF84FF4BA6303FB7F
:108BF00005454FF0000385F873340023C5F8B03401
:108C0000201D0BF040F8039BDB88190704D56FF09B
:108C1000040120460BF09FF8039BDB88DA0604D59D
:108C20006FF0040120460BF096F8039BDB889B064F
:108C300011D4079B01330793039B08330393D0E6BA
:108C400000297FF41FAF56E70EAB01931AAB6BE719
:108C500005460B35EDD06FF0040120460BF07BF894
:108C6000E7E70025B7E7BDF83630B3BB049B022B1E
:108C700033D1069B8BBB94F873341BB1B4F87034BA
:108C80004B4528D094F8433A002BB9D0B4F8403A79
:108C90004B45B5D101254FF4BA6303FB054595F863
:108CA000D134002BACD00EF08BF84FF47A72A0FBCD
:108CB000020302FB013141F27073C5F8B0340023A6
:108CC000C00B40EA4140C90BC5F8A804C5F8AC1474
:108CD00085F8BE3494E7069DDDE720A916A80AF0C2
:108CE000CAFC94F87334074623B904F589600AF086
:108CF00078FE68B994F8723453B19F4208D13A466D
:108D000020A904F264400EF016FA0646002848D066
:108D100094F8433A6BB194F8423A8BB9049B022B16
:108D20003FF46EAF5246206816AB1AA90AF0ADFFA9
:108D300066E704F618200AF054FE0028EED1EAE7B0
:108D40009F42EBD13A4620A904F634200EF0F3F905
:108D50000028E3D101264FF4BA6707F5896801239B
:108D6000FC2104F6E87216A8A0440AF039FCE8B920
:108D7000049B002B65D04FF4BA6303FB0643D3F882
:108D8000102A91453FF43CAFC3F8109A93F87394BE
:108D9000B9F1000F71D193F80C3A002B3FF430AFCA
:108DA000C0E70746D9E700BF0C000000069B812BF7
:108DB00042D107F59A60414620440AF058FE031E4E
:108DC00056DB07F2C4552544B4F8EA3FFC21284697
:108DD00004F6EC720AF04BFA031E49DB28460AF04F
:108DE00043FCB0B94FF4BA6202FB064207F5926742
:108DF00020AB02F59862274407CA83E80700424681
:108E000029463846FFF72CFD031E31DB38460AF0B1
:108E1000A2FD4FF4BA6101FB0641D1F86034B1F80C
:108E2000C82500934346D1F8C4152068FFF76AFDB2
:108E3000031EBFF6E5AE1BE0012204F580531A7550
:108E400096E7049BD4F800B00FAA009316A90C2350
:108E500020A80AF02BFC031E0ADB1AAB5846BDF80B
:108E600084202099CDF800A0FFF74CFD031E82DA84
:108E7000194640460AF043FFF6E0D3F8B03423B178
:108E800007F5926020440AF09CFD172116A80AF00D
:108E9000B9FC00280BDC002D40F0C8804FF4BA6309
:108EA00003FB0643CA46C3F86C542B4626E0002D4C
:108EB00040F0B980C0F3C00A8AF0010A5FFA8AFA6A
:108EC00000090DD107F58F600022062120440AF029
:108ED00053FC4FF4BA63002203FB0643C3F86C242F
:108EE00007F58F652544294616A80AF0A4FC2946F3
:108EF0004D460A9016A80AF020FD0A9B4FF4BA6B63
:108F00000BFB064BDBF884240B92002A00F09480C4
:108F1000DBF888541B21CBF86C5416A80A930AF08E
:108F200071FCDDE90A32002805DD9BF88C1400F0A5
:108F3000070088427DDBAA4240F084804D46CA4645
:108F40004FF4BA6101FB0641D1F86025002A00F018
:108F50008680012207F27449A144D9E8EFBFC9E82D
:108F6000E02F0028F9D1BBF1000F1CD10A93069B1A
:108F700016AAADF880302192D1F86C24099B229278
:108F8000BDF83620239324928DF894A0D1F8602563
:108F900020A8D1F8C0159047D9E8EF2FC9E8E1BF64
:108FA0000029F9D10A9B4FF4BA6202FB064292F8FB
:108FB0007314002955D0002D53D0D2F86C14BDF88D
:108FC00036000144C2F86C14BAF1000F49D107F51C
:108FD0009A60414620440AF04AFD031EFFF648AF5E
:108FE0004FF4BA6505FB064520AB05F5986207F519
:108FF000926907CAA14483E8070007F2C4514246B8
:1090000048462144FFF72CFC031EFFF631AF4846CB
:109010000AF0A1FCD5F86034B5F8C8250093D5F85E
:10902000C415434601E74FF0000A49E74FF0000A34
:1090300048E78BF88C047EE7002D81D0BAF1000F51
:109040007FF47CAFBDF836204D46B2F5806F28BF67
:109050004FF480624FF0000AADF8362070E7002D23
:10906000B2D1002BFFF604AF4FF4BA6303FB064600
:1090700096F80C3A002B7FF4C3AD049A022A03D170
:1090800040460AF0A2FCBBE586F87334C6F8B0345B
:10909000B6E5089B53F8040B08930AF0CDFC0028B2
:1090A0007FF452AC0134024B1B689C42F1DB44E478
:1090B00090CF002008B5044809F0A9FD034809F045
:1090C000A6FD002008BD00BF518001008680010080
:1090D00008B50348034A0021121A0AF064FE08BDCD
:1090E000D0C8002050EB0020074808B5074A0849BF
:1090F000121A0AF05AFEBDE808400648064A074917
:10910000121A0AF052BE00BF80C50020CCC8002051
:10911000B087010068C5002080C500209887010045
:10912000F0B507460C4687B000292DD0D1E90123C0
:109130001D48096809F06BFDD4E90423E1681B4868
:1091400009F065FDE1691A4809F061FD2646002530
:10915000F36A29460493EB1C0393B36A1548029300
:10916000AB1C0193736A1036009332696B1C043593
:1091700009F04DFD102DEBD1216E0F4809F047FD90
:10918000A1690E4809F043FD012F05D1EFF30581D8
:109190000B48103909F03BFD2146384607B0BDE8C1
:1091A000F04006F0D5BD00BFB3800100E3800100B0
:1091B0001381010023810100678101007781010093
:1091C000A681010030BFFFF7FDBF00BF2DE9F041D0
:1091D00005460B4EDFF83080324606EB0807CC1B05
:1091E000204608490DF079FFA01942460021083CAD
:1091F0000DF099FF6C6707F10800BDE8F08100BF32
:1092000000000000747901000800000010B5204C37
:10921000204809F0FCFCA36A990137D51E4809F0E3
:10922000F6FC1E20A36ADA0103D51C4809F0EFFC06
:109230001F20174CA36ADB0203D5194809F0E7FC8D
:109240000220A36A1C0303D5164809F0E0FC212084
:109250000F4CA36A590303D5134809F0D8FC222008
:10926000A36A9A0303D5114809F0D1FC2320084CC6
:10927000A36ADB0303D50E4809F0C9FC2420A36AC6
:109280006FEA03436FEA1343A36210BD1D20C9E7D1
:1092900000ED00E0BA810100D3810100E781010007
:1092A000028201002D8201004C82010072820100C5
:1092B0008D82010070B5244C064624480D4609F005
:1092C000A6FCA36AD90435D5214809F0A0FC1720D3
:1092D000A36A1A0503D51F4809F099FC18201A4CF7
:1092E000A36A9B050FD51C4809F091FCA16BA36AEA
:1092F000180407D5194809F08AFC1EB1A36A23F4A3
:109300000043A3621920104CA36A590503D51448E1
:1093100009F07DFC1A20A36ADA050DD5114809F081
:1093200076FC1B20084A936A43F47F439362002330
:109330002B7070BD1620CBE7A36A9B04F2D50A48B8
:1093400009F065FC1C20EDE700ED00E0B9820100AA
:10935000D0820100E2820100F68201001083010048
:1093600026830100428301005B83010070B5264C17
:10937000064626480D4609F04AFCA36AD80640D5A1
:10938000234809F044FC1120A36A190703D521489A
:1093900009F03DFC12201C4CA36A9A070FD51E4809
:1093A00009F035FC616BA36A1B0607D51B4809F061
:1093B0002EFC1EB1A36A23F08003A3621320124C7B
:1093C000A36ADE0703D5164809F021FC1420A36A1E
:1093D0009C0603D5134809F01AFC15200A4B9A6A1B
:1093E000D10658BF9A6A9A6A920642BF5A6A22F414
:1093F00000525A629A6A42F0FF029A6200232B706E
:1094000070BD1020C0E700BF00ED00E08B830100BD
:10941000A2830100E2820100D6830100EF830100F4
:10942000068401005B8301002DE9F0435D4B054696
:10943000D3F804900F46144600269DB0C9F30808DF
:1094400086F31188BFF36F8F02F07F43B3F17F4F34
:109450001ED1D3071CD4500603D4110707D401260C
:1094600007E0514809F0D3FB14F0040400D03D4656
:1094700000260024A8F103038DF80740092B00F211
:109480008280DFE803F007767A7280808080807EB9
:109490003546EEE7454809F0BAFB8DF80740414CE8
:1094A000E36A9A0704D5424809F0B1FB00242AE098
:1094B000E36A002B01DA3F48F6E7E36A5B00F5D583
:1094C0003D4809F0A4FB6369AA6943F480736361B2
:1094D000BFF34F8FBFF36F8F32F8023C626922F403
:1094E00080726261BFF34F8FBFF36F8F03F47F42CF
:1094F000B2F55F4F21D1DBB2022B1ED129682F4874
:1095000009F085FB2C689DF807309BB96822294635
:1095100002A80DF0E2FD099B002E40D0C3F3080223
:1095200022B96FEA53236FEA43230993204602A925
:10953000FFF7F6FD1DB0BDE8F0831A4B9A6AD2B270
:109540002AB101200DF10701FFF710FF0FE09A6A21
:1095500012F47F4F05D001200DF10701FFF7AAFE9D
:1095600005E09B6AB3F5803FA0D3FFF74FFE0446AA
:10957000C9E700200DF10701E6E700200DF1070122
:10958000ECE70F4890E70F4B19F4F87F0E490F48AE
:1095900008BF1946A8F1100209F039FB86E76FF3FE
:1095A0000803C2E700ED00E0548401007884010064
:1095B00090840100B2840100C1840100E1840100B3
:1095C000FE840100268401003B8401002385010004
:1095D000064B5A6942F010025A615A6942F480629D
:1095E0005A615A6922F008025A61704700ED00E0A2
:1095F000EFF30880EFF3098101B57246FFF714FF1E
:1096000001BD00BF002080F31488BFF36F8F0020DE
:1096100080F30A8880F30B880F4880F3088803F0F2
:1096200047FB00200D490860BFF34F8F00F02CF876
:10963000202080F311880A484FF40061401880F31D
:109640000988EFF314800221084380F31488BFF3E4
:109650006F8F00F0A5F800009021012094ED00E04C
:1096600050080120002318460649D1F89020C2F383
:109670000722934200DB7047C1F89830C1F8A00080
:109680000133F6E700ED00E010B572B6002484F374
:109690001388FFF7E7FF23464FF0FF300C4A03F132
:1096A00020010133102B42F82100F8D100234FF0A4
:1096B000FF30074A03F160010133102B42F821000B
:1096C000F8D162B6BFF34F8FBFF36F8F10BD00BFED
:1096D00000E100E01EF0040F0CBFEFF30880EFF391
:1096E0000980816911F8021C0229FFD001B5724678
:1096F0000AF05DFB01BD00BF40B2002807DB01237B
:109700004109034A00F01F00834042F821307047AE
:1097100000E100E040B200280CDB012206494309C9
:1097200000F01F008240203341F82320BFF34F8F09
:10973000BFF36F8F704700BF00E100E0054B4209A7
:1097400053F82220012300F01F0003FA00F010401C
:10975000704700BF00E100E040B2002801F10101C4
:10976000ACBF00F16040064B4FEA4111C9B2ABBF3C
:1097700000F5614000F00F0080F8001319547047A5
:1097800014ED00E0044B054A23F07F039360BFF320
:109790004F8FBFF36F8F70470080000000ED00E037
:1097A00008B5FFF7EFFF104BD3F8882022F47002C2
:1097B000C3F88820D3F8882042F4A002C3F8882098
:1097C0004FF04042C3F83422BFF34F8FBFF36F8F87
:1097D0000023E1EE103AFFF77BFCFFF785FC00F079
:1097E000EFF806F079FB00BF00ED00E04FF43C41DC
:1097F000C0F8C01042F8203C009B0B4942F81C3CCA
:10980000019B21F0010142F8183C029B42F8081C20
:1098100042F8143C4FF0807342F8043C0023203A95
:1098200002658367704700BFD5850000104B9B68B9
:1098300083421AD1EFF30580B8B9EFF311812022EA
:1098400082F31288BFF36F8F9A8922F002029A8105
:10985000EFF3148323F0040383F31488BFF36F8FB3
:1098600081F31188BFF36F8F70476FF01500704759
:10987000ACD900200E461546002300B5E1EE103AA3
:10988000EFF3148323F0040383F31488BFF36F8F83
:10989000BFF36F8F0B4B426F98600B4B1A60436E98
:1098A00083F30B882C4686F309880020034B9847E6
:1098B0002046002100220023014C2047353E0100B4
:1098C000D5850000ACD900209CCF00201022014B90
:1098D0001A61704700ED00E0054B9A699B689A4257
:1098E0001FBF044A536843F080535360704700BF62
:1098F000ACD9002000ED00E0084B9B6883420BD1FF
:10990000EFF3058343B1064B5A6842F080525A6028
:109910005A6A22F400425A6207F0A0B9ACD900207A
:1099200000ED00E023498A6882F8C1E04FF0300082
:109930001044EFF3098C80E8F01F1EF0100F03D1E4
:1099400002F1800080EC108A202080F31288BFF39F
:109950006F8F194F4FF000668A698A603E60506FC2
:10996000164C206092F9C1E0906F0023936780F35A
:1099700011881EF0100F03D00023E1EE103A03E02F
:1099800002F1800090EC108AEFF3148323F00403BB
:1099900083F31488BFF36F8F02F1300090E8F01F5B
:1099A0008CF3098802F1000004B50AF03DFABDE825
:1099B00004407047ACD9002004ED00E09CCF0020AB
:1099C000002320210348C2180133412B82F80013E1
:1099D000F9D1704700E100E008B5EFF30583064ACE
:1099E000103B02EBC30152F8330049688847BDE8D9
:1099F0000840FFF771BF00BF9C7601000148006876
:109A0000704700009CCF00201FB50121094B0A4A76
:109A10000A4800F0F7F80023064A0393084B012197
:109A2000019301A8D31A029300F0F6F805B05DF88F
:109A300004FB00BF0000042080C50020587C01000A
:109A4000D0C800200A7A0B6810B562F304031C46E4
:109A5000CB68520923F01F0343EA4203044A43F050
:109A60000103C2F89800C2F89C40C2F8A03010BDB3
:109A700000ED00E010B5074BD3F89030C3F3072397
:109A8000013B984202D8FFF7DDFF10BD6FF01500D3
:109A9000FBE700BF00ED00E02DE9F04F0F46144654
:109AA00006464FF000084B4D85B0B84580F28E80D9
:109AB000D6F80490B9F1000F35D0B9F11F0F40F27C
:109AC000838019F01F0F7FD1D6F800A01AF01F0F66
:109AD0007AD150460AF0D1F9834609EB0A000138E1
:109AE0000AF0CBF983456FD11BF1160F6CD05C45A2
:109AF0006ADDC5F898B0D5F89C10C5F898B0D5F8CF
:109B0000A03021F01F0143F01F0AD6E900321A44A9
:109B1000994202F1FF391BD1CA4508D131465FFA9B
:109B20008BF00AF0B3F908F101080C36BDE73146B5
:109B3000C5F898B0D5F89C30E0B263F30402C5F8DC
:109B40009C200AF0A3F910F1160F3DD0441CEAE75F
:109B5000C5F898B0D5F8A020013B23F01F0302F010
:109B60001F021343CA453146E0B2C5F8A030E8D021
:109B70000AF08CF910F1160F26D0C5F898B0D5F878
:109B80009C209DF808300AF1FF3A62F304038DF837
:109B90000830D5F8A0309DF808205B0863F3471221
:109BA0008DF80820D6E900321344009323F01F03F8
:109BB0005344A3EB0903013023F01F036946C0B2ED
:109BC0000393FFF757FFBEE76FF01504204605B07B
:109BD000BDE8F08F00ED00E00522044BC3F89420AF
:109BE000BFF34F8FBFF36F8F704700BF00ED00E0F2
:109BF000BFF35F8F0022024BC3F89420704700BF71
:109C000000ED00E010B5034C2278FFF745FF20700F
:109C100010BD00BFF2E500202DE9F74F294D8A461F
:109C200006464FF00008AB46274FD0451BDAD6F862
:109C30000490B9F1000F3FD03168084601910AF055
:109C40001CF90199044609EB010001380AF015F9E5
:109C500084424FF014021D4B08D002FB08F36FF052
:109C600015024BF8032003B0BDE8F08F14F1160F76
:109C70002C60F8D01978A142F5DD02FB08B0C7F8D6
:109C80009840C7F89840D7F89C4000F10801007B45
:109C900064F304000871D7F8A0000C79400860F361
:109CA00047140C71D7F89C1021F01F016960D7F898
:109CB000A01021F01F01296108F1010814350C36AC
:109CC000B3E700BFA0CF002000ED00E0F2E50020E8
:109CD000F0B55349534DD1F890302C68C3F30723A6
:109CE0009C4287B000F299800020FFF781FF4E4B25
:109CF000C1F8C030844216D14C4D01A82C70FEF73B
:109D000077FD002607464A4CB74213D100202B7836
:109D10004349D1F89020C2F30722934277DBFFF743
:109D20005BFF002046E0696801EB0011FFF78AFE47
:109D30000130DFE70199300101EB0613DA682240B8
:109D4000B2F1807F52D00AD8B2F5001F34D0B2F5FC
:109D5000800F3ED0B2F5801F12D00136D4E7B2F1A9
:109D6000006F43D0B2F1805FF7D15A689B68095801
:109D7000013B22F01F00034423F01F03012032E0C7
:109D80005A689B680958013B22F01F0003440120D8
:109D9000844623F01F0340EA4C10CDE902218DF8E0
:109DA000100002A928780593FFF764FE00282ADA3C
:109DB0006FF0150007B0F0BD5A689B680958013B69
:109DC00022F01F0003444FF0020C012023F01F0378
:109DD000E1E75A689B680958013B22F01F000344E1
:109DE000062023F01F034FF0000CD4E75A689B684D
:109DF0000958013B22F01F0003444FF0030C0120DF
:109E000023F01F03C7E72B7801332B70A5E7C1F8B8
:109E10009830C1F8A00001337BE74FF0FF30C9E76D
:109E200000ED00E0647C0100AAFF4400F2E50020A0
:109E30000000F0FF08B5024B1B689847002008BDE2
:109E4000B4CF0020034B044A1860937843F0020318
:109E500093707047B4CF0020B8C5002008B50649FC
:109E6000064821F00701C1F1005202F5802208F0F6
:109E70008BFE002008BD00BF1B300120B8CF0020A2
:109E8000082800B508D9FFF7B9FD0922074B1A5079
:109E90004FF0FF305DF804FB3022054B02FB00332E
:109EA000D3E8AF3F002BEED00020F3E70C0000001A
:109EB000CCCF00203023434330B50D4908330B4449
:109EC000D3E8AF2F92B1541ED3E8EF5F954204D18F
:109ED000C3E8EC4FBCF1000FF6D1F1D1012A05D156
:109EE0003023584300230A180B50536030BD00BF85
:109EF000C4CF002038B504461546FFF7C1FF013036
:109F00000DD030236343074AD0184068086015B16C
:109F10000C3313442B6030235C43105938BD0020B0
:109F2000FCE700BFC4CF002070B500254FF0FF3321
:109F30004FF0FF32184809F0D6FF184BD3E8AF2F87
:109F400082B10135092D03F13003F7D1FFF756FD3A
:109F500017224FF0FF35124B1A500F4809F0C5FF7A
:109F6000284670BD30246C43D3E8EF0F0130C3E8BE
:109F7000E10F0029F8D10B4E331932515A609A6221
:109F800004F10C0030440CF0D5FC04F12000304406
:109F90000CF0B1FDE1E700BF50C70020CCCF00209E
:109FA0000C000000C4CF00202DE9F04130241646FB
:109FB00044430F4A101911514660C362B6B1F368A9
:109FC000A3B1FFF71BFD0B4F0C3450F8078013199A
:109FD000054640F20512304609F076FFB8F15F0FF2
:109FE00004D0EB595F2B08BF45F80780BDE8F0812E
:109FF000C4CF00200C0000002DE9F04F0E460027D2
:10A00000B346BA469DB0069008A814461D460CF00B
:10A01000D9FEDDE90823DDF81880CDE904230DAB76
:10A020000A930397BBF1000F22D1BAF1000F66D05B
:10A03000B5F1FF3F08BFB4F1FF3F17BF4FF47A728D
:10A040004FF0FF34A4FB024302FB05331CBFE40BBB
:10A0500044EA434439464FF48272CDE90064069BDA
:10A06000039809F046FF074638461DB0BDE8F08F5B
:10A07000D8F8000000283DDB0CAA0BA9FFF73AFF37
:10A080008146002836D00C984FF0FF324FF0FF3356
:10A0900006F088F81CAB01930AAB00934FF4817271
:10A0A000434649460B9809F024FF10F1780F034608
:10A0B00014D10023002208A80CF084FEDDE9083446
:10A0C000CDE904340024254623460C98079306F076
:10A0D000DBF8079B002B0DDA5B422FE010F1120F2B
:10A0E000F3D1039B13B94F460B9B039300234FF00F
:10A0F000010AEAE708F108080BF1FF3B92E7DDE906
:10A10000042308A80CF083FEDDE9084522462B460F
:10A110000DF134080A993348A1EB08018910414335
:10A12000404607F029F800F10B020B2A05D840F64B
:10A130008103D34013F0010B07D14342FFF75EFCCC
:10A14000294A4FF0FF3713508EE70025B1462F46BE
:10A15000AA46069CCDF82880B9F1000F0FD1002D3A
:10A1600082D0002F80DCDDE9042308A80CF04FFE2C
:10A17000DDE908452B4625432246CBD174E720680C
:10A18000A4F806A0002827DB0CAA0BA9FFF7B2FE53
:10A1900018B92023E38001371EE003900C984FF09C
:10A1A000FF324FF0FF3305F0FDFF0AAB009340F2A2
:10A1B0000312234603990B9809F09BFE03900C9819
:10A1C00006F062F8039B13F10B0F09D0002B83D12B
:10A1D000B4F90630002BDED1083409F1FF39BBE7B2
:10A1E0005D46F9E7CDCCCCCC0C0000000122024B3F
:10A1F0000020C3F8402570470090034048B1054B4C
:10A20000054A1B68B3FBF2F35843044B43F00103C8
:10A210001847704794C6002040420F00C0790100E3
:10A2200008B54FF6FF73044A13603F23104653608E
:10A2300002F04CFD002008BD74D10020F7B50646A1
:10A240000D461446124F38460CF0AEFAE0B1BB682A
:10A25000314638461B68AAB29847002802DB002026
:10A2600003B0F0BD002CFBD1AC42F8D22F1B042F61
:10A2700028BF04270AF037FA3A46019001A930199D
:10A280000CF02BFF3C44EFE76FF01200E8E700BF53
:10A29000647601002DE9F04105460E461746134C41
:10A2A000DFF85080444508D3FFF7A8FB6A22104B23
:10A2B0001A504FF0FF30BDE8F0812368AB4200D068
:10A2C0008BB93A4631462846A368984758B1FFF7FC
:10A2D00095FB0022064B3146C2503A462846E368B9
:10A2E000BDE8F04118471034DCE700BF6479010095
:10A2F0000C000000747901002DE9FF410D4616465F
:10A3000002A903AA1F46FFF7F5FD0446E8B1029B28
:10A310005B6A13B34FF0FF324FF0FF33039809F03D
:10A3200017FE0B9B204601930A9B32460093029B2B
:10A330002946D3F824803B46C0470446039809F0D9
:10A3400009FE204604B0BDE8F0810923FFF756FB63
:10A35000034A4FF0FF341350F3E75F23F6E700BFE3
:10A360000C0000002DE9FF410D46164602A903AA84
:10A370001F46FFF7BFFD0446E8B1029B9B6A13B37B
:10A380004FF0FF324FF0FF33039809F0E1FD0B9BD4
:10A39000204601930A9B32460093029B2946D3F83C
:10A3A00028803B46C0470446039809F0D3FD204669
:10A3B00004B0BDE8F0810923FFF720FB034A4FF00A
:10A3C000FF341350F3E75F23F6E700BF0C000000F3
:10A3D0000122024B1860024B1A7070477CD100209A
:10A3E000F3E500202DE9F0410D460646F8B1F1B144
:10A3F0000846FDF7C9FE08281CD8114FDFF8448035
:10A40000441C474508D32246294606F10C000CF0AF
:10A4100064FE0020BDE8F081B74206D022462946FE
:10A4200007F10C000CF087FE38B14437E9E76FF014
:10A430001500EFE76FF05A00ECE76FF07700E9E7FF
:10A4400044C8002088C80020F0B54FF0FF324FF01C
:10A45000FF33224885B009F0D1FD214C214F224E17
:10A46000BC4205D31D4805B0BDE8F04009F0DBBD96
:10A4700000222046C4E90322227509F089FD85687F
:10A4800095B12B6883B104F118000CF053FA04F174
:10A490002C000CF04FFA2B682046984794F8403077
:10A4A00023F0030384F84030237B83B9204609F06E
:10A4B0004AFE70B10D4A1368591C11600C4A0921FB
:10A4C00001A806F033FF204601A9FFF78BFF4434B3
:10A4D000C6E733685A1C3260064AF0E778C70020A6
:10A4E00044C8002088C8002080D1002084D10020EA
:10A4F000468501004D85010038B5074C074DAC423B
:10A5000000D338BD0321204609F04FFD10B9204685
:10A5100009F0E7FD4434F2E744C8002088C8002071
:10A52000084B70B5C31A0D4607499B1004465943A2
:10A530004022064809F020FE2B4601462046BDE891
:10A54000704018479CD10020B76DDBB62C76010017
:10A55000402373B50B4C0093041B0B460D460A4970
:10A56000A41061430646094A094809F030FE014635
:10A5700028B130462B4602B0BDE87040184702B003
:10A5800070BD00BF9CD10020B76DDBB63D4201001D
:10A590002C760100F8B50022012105460520FFF7C1
:10A5A000DBF8104802F0BAFB0446B8B902F0D6FB5B
:10A5B0002F690D49384608F087FB031E09DB012689
:10A5C0003E642D69084905F11C0008F07DFB031E5F
:10A5D00002DA1C462046F8BDEE64FBE76FF0040487
:10A5E000F8E700BF25A70000907C010010B500220D
:10A5F000012386B06C46CDE9022304ABCDE90433D8
:10A60000074A6B46CDE9004409F011FE28B94FF422
:10A6100080420023684605F0F3FE06B010BD00BF7F
:10A620005142010010B5EFF31184202383F3128807
:10A63000BFF36F8F074A136823F00201DB07116035
:10A6400002D401200AF0EBFC84F31188BFF36F8F72
:10A6500010BD00BFECD100200C22104B014602FBC4
:10A660000033002030B4D3E90E529863EFF3118029
:10A67000202484F31288BFF36F8F1C6C04F0C00495
:10A6800044F002041C6480F31188BFF36F8F1DB186
:10A690002B4630BC0248184730BC70479CD1002084
:10A6A0002C76010010B4EFF31180202282F312887F
:10A6B000BFF36F8F18490B6843F0020413F00103D6
:10A6C0000C6019D0154BD3F80C14D3F80C3413F0DC
:10A6D000010311D0EFF3118182F31288BFF36F8F62
:10A6E0000F4A136C03F0C00343F00203136481F3B9
:10A6F0001188BFF36F8F012380F31188BFF36F8F31
:10A7000023B100205DF8044BFFF7A6BF01205DF8E0
:10A71000044B0AF07CBC00BFECD10020005000408C
:10A720009CD1002010B1012804D07047034B1B6C52
:10A730005B0701D1FFF790BF704700BF9CD100209D
:10A740002DE9F041012280463549D1E8EF3FC1E8CB
:10A75000E02F0028F9D133B9324933484B60CB6040
:10A760008A6008F0C4FA08F1FF33012B4CD8B8F125
:10A77000010F06D12D4BD3F81C3403F00303022B39
:10A7800042D00CF0BCF9054650B1EFF311862023FE
:10A7900083F31288BFF36F8F0125244C244F21E0EF
:10A7A000244B1B78002BF0D00222204B0646C3F826
:10A7B0000823F2E755B3304609F050FBD4F81835BA
:10A7C000DBB2012B0ED1D4F804215AB10022C4F817
:10A7D0000421D4F804210222C4F818252022C7F845
:10A7E0008021A360D4F81824D4F81834D203E1D51A
:10A7F00003F00303022B02D0B8F1010FDAD155B1F7
:10A8000086F31188BFF36F8FBDE8F081002121200E
:10A810000CF02BFAD2E70222044BC3F80423F3E72F
:10A8200098D1002088D10020B8D1002000500040ED
:10A8300000E100E04CEB002008B507480BF0B4FF46
:10A8400038B10648FFF7FEFA0448FDF7A5FE0020E0
:10A8500008BD6FF01200FBE78076010061A80000E0
:10A860000A2838B50446074D04D1AB680D212846A7
:10A870005B689847AB6803485B68E1B2984720463D
:10A8800038BD00BF8076010038B5430906D10A4BB8
:10A89000596819B101250C68854001B938BD8A682D
:10A8A0002A4002D04B68054898471CB123682146CE
:10A8B0001C46F2E72346FAE7F0D100204876010073
:10A8C0002DE9F04340F206354768D00648BF4FF007
:10A8D000030C3B7C02EA050558BFC2F3401C87B05D
:10A8E00001F01F06B5F5837F144646EA43168DF83E
:10A8F00003C041D00DD8062D16D005D8A5B1022D24
:10A900003CD06FF0150034E0B5F5807FF9D101251A
:10A910000AE040F20222954232D0B5F5407F31D0B4
:10A92000B5F5007FEDD1022522032DD501237A68EC
:10A930008B409360B86870BB06F01F03760973D133
:10A940003B4AC4F3004102EB8302D2F8003281F0AB
:10A950000101C4F3404423F4E16344EA410423F0D9
:10A9600007031C4344EA8C0444EA0524C2F800426D
:10A97000002007B0BDE8F0830725D5E70425D3E71D
:10A980000525D1E70325CFE7630341BF01237A689B
:10A990008B40D360CEE731460DF102020AF0EEFCA7
:10A9A00014F4403F80460CD13146B8680AF0F8FCF8
:10A9B000B8F1000FDCD19DF80210B86802F0A4FBDA
:10A9C000D6E74FF0000901ABCDE90199CDE9043993
:10A9D000CDF80C903146B86803AA0AF0CAFB484586
:10A9E000C6DB14F4003314D09DF80330C4F30044E4
:10A9F00084F001048DF80E308DF80C508DF80D4068
:10AA00004B463146B86803AA0AF04EFC0028CFDA5C
:10AA1000AEE7CDE904330DF1030303933146B86883
:10AA200003AA0AF0A6FBF1E7803350F82330FFDEDB
:10AA30000025844038B54568A86890B10AF0AAFCA2
:10AA4000014670B9A86802F02DFB044658B90246C9
:10AA50000649A8680AF08FFC224605213120FEF73E
:10AA60007BFE002038BD6FF00400FBE789A80000E2
:10AA7000F0B544681646A068227C01F01F0587B037
:10AA800045EA4215002864D0B6F5001F04D12946D6
:10AA90000AF0CEFC00204DE00020B6F5800F01AAA0
:10AAA0000190506035D1B3F1007F14BF052304231A
:10AAB0008DF804300023CDE904230393E3680DF1FE
:10AAC000030723FA01F111F0010135D1B6F1A07F9E
:10AAD00032D105F01F036A0903F180033CD1204AFB
:10AAE00052F82330DB0727D43A462946A0680AF0FB
:10AAF00045FC163018D002972946A06803AA0AF030
:10AB000038FB002816DB01222946A0680AF04AFC1F
:10AB1000C0E7B3F1C06F05D0B3F1007F14BF0123CC
:10AB20000223C5E70323C3E73946A06802F0F6FA1B
:10AB30000028E0DA07B0F0BD3A462946A0680AF0DE
:10AB40001DFC0028D8D19DF80310A06802F0DCFAA3
:10AB5000D2E76FF08500EDE751F82330FFDE00BF4C
:10AB60000025844040F2FF1C2DE9F04FDFF860E142
:10AB7000DFF86081554D00EB8101814202D1002058
:10AB8000BDE8F08F0468C4F3C72616F00806C4F3C6
:10AB9000C327C4F3080340F08680240E634508BF32
:10ABA0004FF0FF331EF80770192C7FD8DFE804F050
:10ABB0000D1C2230252C307E7E7E7E33397E7E7EBB
:10ABC0007E7E7E7E7E7E3C46494CC2F80C355C1C07
:10ABD00032D05C0970D10124DFF8F89004FA03FA4E
:10ABE000C9F808A0A14640E0C2F814355C1C23D087
:10ABF0000024F7E7C2F80835E9E70024C2F8083571
:10AC0000B3F1FF3F18D025E00124C2F80C35F7E777
:10AC1000C2F81035EAE7C2F80835002FE6D106275A
:10AC2000E4E7C2F80C35F8E7C2F860354488B3F1C0
:10AC3000FF3F04F001040AD104309EE7C2F86435F6
:10AC4000F4E7C2F86835F1E7C2F86C35EEE7002C9E
:10AC5000BFD101245FEA53192BD14FF00109DFF86E
:10AC600074A009FA03FBCAF80CB0D0F800A00AF4EB
:10AC7000004BBBF1000F0CBF4E46012403F01F092F
:10AC80005B091CD108EB8909D9F80032CAF3412AC3
:10AC90002B4043EA8A0343EA0723334343EA44034E
:10ACA000C9F80032C8E76FF0150069E76FF085005A
:10ACB00066E70023DB60FFDE00239B60FBE70023E9
:10ACC00009F1800953F82930F5E700BFF0F8FCFFDF
:10ACD00025870100002584402DE9F04104460D46FA
:10ACE00047680BF00CFF88B14FF02008EFF3118696
:10ACF000314688F31288BFF36F8F606809F0D0FB8C
:10AD000050BB86F31188BFF36F8FEFE71F4B1B78A3
:10AD1000002BE9D04FF020086426606809F0C0FBE2
:10AD200070B901200AF01FF9013EF6D1002121205F
:10AD30000BF09BFFF0E786F31188BFF36F8FF5E709
:10AD4000EFF31186314688F31288BFF36F8F606886
:10AD500009F0A6FB0028EED0BB6900201D706368D7
:10AD6000BA691B68C3F844250122C3F84825C3F813
:10AD70002001D3F82041C3F85801D3F858019A6054
:10AD800081F31188BFF36F8FBDE8F0814CEB002099
:10AD90000123834070B5DC430C4AD2E8EF1F01EA7F
:10ADA0000405C2E8E65F002EF7D14FF480328240FE
:10ADB0000748C0F80823BFF35F8FBFF36F8F03EA24
:10ADC0000100003818BF012070BD00BF00D2002074
:10ADD0000050014070B4124922F07F46D1E900349E
:10ADE000D01AC31844F10004C1E90034A6F50013D9
:10ADF000B3F5400F09D20B4B1B681A0A1B069C19AE
:10AE0000094B42F10005C3E90045EFF3118120230E
:10AE100083F31288BFF36F8F70BC06F00DB900BFCB
:10AE200008CB002004D2002010CB0020D9B1012390
:10AE30000D4A8340D2E8EFCF4CEA030CC2E8E1CFE1
:10AE40000029F7D14FF48033084A8340C2F8043315
:10AE5000074BD3E8AF3FC340DB0742BF4FF40012BC
:10AE6000044BC3F80021704700D20020005001407D
:10AE7000FCD1002000E100E00D4B1868010A00063B
:10AE8000BFF35F8F0B4BD3F80435181841F1000165
:10AE9000B3F5801F0AD2084BD3E90023904271EB2F
:10AEA000030303D210F1807041F10001704700BF2D
:10AEB00004D200200050014010CB00202DE9F04FBB
:10AEC00085B016461F4604469DF840A0FFF760FF78
:10AED0000190FFF7D1FFB04271EB07035CD23B4B0F
:10AEE000301A67EB0101984271F1000109D36FF04C
:10AEF000150520460199FFF799FF284605B0BDE8E2
:10AF0000F08F334B03EB0413D3E902239F4208BFB6
:10AF100096424ED04FF480382E4908FA04F8204665
:10AF200026F07F4BC1F8488309F0D1FB4FF00309AD
:10AF3000584604F15005AD00ADB205F1804504F569
:10AF4000A87305F5A8350293029A20F07F4341F8D3
:10AF50002230C1F84483D1F804351F4AC01A03389F
:10AF600020F07F40904224D9286868B1D1F8043598
:10AF7000A3EB0B0020F07F40B0F5000F039318D92E
:10AF8000204609F0A4FB039BBAF1000FAFD109EBF7
:10AF9000030009F10109D7E7BAF1000FA7D1012396
:10AFA0000E4AA340D2E8EF0F1843C2E8E10F002990
:10AFB000F8D107490E982301C8500F9B01EB0412EA
:10AFC0000025C2E90267536093E700BF01008000DB
:10AFD000F8CA002000500140FDFF7F00FCD1002096
:10AFE0007FB500254FF0FF304FF0FF31194C1A4B61
:10AFF0000226C4F80833C4F84833184BC4F808557F
:10B00000C3E902014FF480334FF40012C4F8043353
:10B01000134B0121C4F804631520C3F880212A468C
:10B02000FEF79AFB1520FEF767FB01230D4AA3608C
:10B03000236013600C4B0D4A009328460023CDE992
:10B040000155FFF73BFF3046FFF77AFB284604B077
:10B0500070BD00BF0050014003000F00F8CA00207F
:10B0600000E100E000D20020D5AD0000FFFF7F002E
:10B070002DE9F34D2C4BD3F8042391070BD5D3F8CE
:10B08000042142B10022C3F80421284AD3F8043134
:10B09000136801331360244CD4F80433DA033DD52C
:10B0A000234BD3E8EF2F22F00101C3E8E01F002873
:10B0B000F7D1D30702D4D4F840317BB30025C4F8CC
:10B0C0004051D4F84031FFF7D7FEEFF3118220232F
:10B0D00083F31288BFF36F8F164BD3E90267B04238
:10B0E000B9411ED3D3E900184FF0FF3A4FF0FF3BB0
:10B0F0001D60C3E902AB4FF48033C4F84833C4F891
:10B100004051D4F8403182F31188BFF36F8F29B1D9
:10B1100032463B460020CDF80080884702B0BDE8AB
:10B12000F08D2946EFE700BF0050014004D2002017
:10B13000FCD10020F8CA002030B5431C124C85B069
:10B1400005D08442A8BF0446012CB8BF0124FFF7F4
:10B1500093FE0E4B0C4DD3E90013401AB0F5000FCF
:10B160000FD22218AA4228BF2A46002052180849A6
:10B17000CDE90100009143F10003FFF79FFE05B008
:10B1800030BD2A46F1E700BFFFFF7F0008CB00205B
:10B19000D5AD000008B5FFF76FFE024B1B68C01A63
:10B1A00008BD00BF08CB002070B50546054C064E13
:10B1B000B44200D370BDD4E9003128469847083422
:10B1C000F6E700BF808701008087010070B500228C
:10B1D00001212A20FEF7C0FA074802F041F905468E
:10B1E000064C074EB44201D3284670BDD4E9003165
:10B1F000284698470834F5E7047D01008087010060
:10B2000098870100F0B5104B044619680F4B0B25C9
:10B21000002618461F46B84201D3013D04D1184606
:10B2200001391C605960F0BD0268A242FBD042B1F6
:10B2300042688A1A9642ACBF324603461646083028
:10B24000E9E70346EBE700BFF4D2002000D300207B
:10B250000020054BC3E90000044BD3E8EF2FC3E8FF
:10B26000E10F0029F9D17047F8D20020F4D2002074
:10B270002DE9F04F89B080460C460AF0EFF882467F
:10B2800020B96FF06D0009B0BDE8F08F0BF098FDAC
:10B2900023680546002B0F4604D105F05BFC6FF0D8
:10B2A0000A00F0E7BCBF4FF0FF332360012200210A
:10B2B00001A80BF0DBFB6E46CDF81C80EFF3118B81
:10B2C000202383F31288BFF36F8FFEF797FBDFF81D
:10B2D0003891DFF8388159F80000FFF793FFD8F86C
:10B2E0000020436893424FF0000307D10093454B81
:10B2F0005A68002A73D1C3E9006601E09A464260A9
:10B300008BF31188BFF36F8FBAF1000F65D02368FC
:10B310005A1C69D04FF4004E40F2E730002123EA76
:10B32000E37C4FF47A720023ECFB0E01FCF70AFF7A
:10B3300002460B4601A805F063F8EFF3118A2023BB
:10B3400083F31288BFF36F8F00212E4A13685BB11D
:10B35000B34253D1009800294AD1516810609942F4
:10B3600000D1506000230093FEF748FB59F800001D
:10B37000FFF748FFD8F8003043608AF31188BFF325
:10B380006F8F0AF06BF800283FF47BAF2668731CC0
:10B3900023D00BF015FD4FF47A7EA0FB0E320EFB8E
:10B3A0000121A5FB0E200EFB0700DB0BD20B43EAAD
:10B3B000414342EA40429B1A4FEAD13161EBD0311E
:10B3C0004FEAE67CF31A6CEB010CBCF1000FB8BF3E
:10B3D00000232360002B3FF462AF002053E7C2F844
:10B3E00000D0C3F804D08BE74FF0FF321346A1E73B
:10B3F00008605068984208BF5160B3E719461B685F
:10B40000A5E700BFF8D2002008000000F4D2002019
:10B41000024600B5FEF7F2FA014B1A505DF804FB44
:10B420000C00000030B40446006828B10B4B984271
:10B4300002D3D83398420AD3094B1878082809D880
:10B44000451C1D701825054B05FB0030206030BCE5
:10B450000BF00CBB6FF00B0030BC70471CD200200F
:10B4600017E600200346006828B1094A904202D33B
:10B470001432904206D3074A117829B901210448B1
:10B48000117018600BF056BA6FF00B00704700BFD8
:10B4900008D2002016E6002038B505460A4BD3E84E
:10B4A000EF1F0131C3E8E21F002AF8D1074B1C68E7
:10B4B00004B938BDE369AB4201D005B113B9201D11
:10B4C00004F064FF2468F3E7F4D20020F8D20020EF
:10B4D000014600220023014804F076BD50D300202D
:10B4E000014601480BF0C1B950D3002001460022AB
:10B4F0000023014804F068BD64D3002001460148E0
:10B500000BF0B3B964D3002008B54FF4806206494C
:10B5100006480BF0A1F9BDE808404FF40252044977
:10B5200004480BF099B900BF18E6002050D3002062
:10B53000E884002064D3002010B5044B1C6804B9D3
:10B5400010BD201D04F022FF2468F8E7F8D2002087
:10B5500070B50546054C064EB44200D370BDD4E923
:10B560000031284698470834F6E700BF7887010085
:10B570008087010010B9024802F090BB704700BFFD
:10B5800051B5000030B5024600232825054905FBCA
:10B5900003F460180C59944203D00133082BF6D100
:10B5A000002030BD7CD30020292800F0A5800ADCD3
:10B5B000012867D0062800F0AB80002800F09580B5
:10B5C0004FF0FF307047B0F58D7F08D0B0F5007FA9
:10B5D000F6D140F206439942F2D11E2335E00F29FD
:10B5E00026DC0029ECDD01390E29E9D801A353F846
:10B5F00021F000BF49B6000051B6000055B600006A
:10B600009DB6000059B600005DB60000C1B500004F
:10B61000C1B50000C1B50000C1B50000C1B5000052
:10B6200061B6000065B600006DB6000071B600009E
:10B63000A1F2FA33042BC3D8A1F2FB31032913D8AA
:10B64000DFE801F0181A1C1E012313600020704768
:10B650000223FAE70323F8E70523F6E70623F4E7D6
:10B660000C23F2E70D23F0E70E23EEE70F23ECE7C0
:10B670001023EAE71123E8E71223E6E71323E4E7C0
:10B680001423E2E740F20A43994226D010DC142941
:10B69000F6D005DC022924D0042991D10423D4E773
:10B6A00015291ED040F20943994289D12123CCE7C4
:10B6B00040F22743994216D0B1F5856F09DAB1F50A
:10B6C000826F0CD040F2254399427FF479AF3D233D
:10B6D000BBE77FF475AF3C23B7E72223B5E7282308
:10B6E000B3E71160B2E73F23AFE740F20743994267
:10B6F0007FF466AF1F23A8E7B1F5816F06D040F253
:10B70000264399427FF45CAF3E239EE720239CE7CB
:10B7100040F21F4399427FF453AF372395E700BFB0
:10B720004FF0FF32074B00201A609A621A659A6741
:10B73000C3F8A020C3F8C820C3F8F020C3F818212C
:10B74000704700BF7CD300202DE9F0431C46002346
:10B7500087B0012905460F461646CDE90433DDF8CA
:10B760003880D0F800900BD1192A09D1FEF746F99C
:10B770005F222F4B1A504FF0FF3007B0BDE8F08327
:10B780003146384603AAFFF70FFF013004D1FEF718
:10B7900035F96D22264BEDE7012F14D1A6F11403E4
:10B7A000012B18D81CB34FF0080823680493A36832
:10B7B00004AC0593234639464846039ACDF80080E9
:10B7C00003F0BAF8D9E7B7F58D7FF3D10C2E08BF97
:10B7D0004FF00408EEE740F227439E4209D12CB116
:10B7E00023684FF00408134C6B62E3E76C6200249B
:10B7F000E0E7B6F5856FDDD1B4B1B8F1080F01D13E
:10B80000236823B9FEF7FAF81622094BB2E71C3574
:10B8100094E8030085E80300074BB4F904209A80FC
:10B82000A2791C469A71C5E7EC612C62DFE700BF84
:10B830000C00000064C600205CC600202DE9F04327
:10B840001E4600238BB00F461546CDE9043308236E
:10B85000D0F800900DEB0302294638460393DDF83B
:10B860004880FFF7A1FE431C044608D1FEF7C6F846
:10B870006D221F4B1A5020460BB0BDE8F083012FFC
:10B8800003D1A5F11403012B19D942463346009286
:10B8900039464846029A03F039F904460028EAD1AD
:10B8A000012FE8D1042D0DD130680028E3D0FFF737
:10B8B000AFFDFEF7A3F80E4B1B583360DBE703AA7E
:10B8C00004ABE4E7143D012DD5D8D8F80050049B13
:10B8D000102D28BF1025CDE90630059B2A4630469D
:10B8E00006A908930BF0F9FBC8F80050C3E700BFA6
:10B8F0000C000000034610B51C680B880846012B9D
:10B9000086B00DD14A88ADF80030ADF8022008228B
:10B910004B680193694620460AF037F906B010BD1E
:10B92000022B04D1694608F075FF1622F2E7FEF7F4
:10B9300065F86A22024B1A504FF0FF30EEE700BF65
:10B940000C0000000B490346087880B90A490978C1
:10B9500039B1A2F5807102290AD9A2F58872012AAB
:10B9600006D9013B022B8CBF00200120704700202C
:10B97000704700BF99EA002098EA00202DE9F047BF
:10B980000546D0F80090806888B00E461746984665
:10B99000109C08B109F019F8A4B9CDE90044434658
:10B9A0003A46314648460AF001FA0446A86828B1EA
:10B9B0004FF0FF324FF0FF3308F0F7FF204608B09A
:10B9C000BDE8F0872388012B0BD1ADF80830636800
:10B9D00062880393082301936B44ADF80A20009317
:10B9E000DDE7022B09D10DF1080A5146204608F087
:10B9F00011FF1623CDE900A3D1E7FDF7FFFF6A226F
:10BA0000024B4FF0FF341A50D0E700BF0C0000008B
:10BA10002DE9F347804691460C46F9B100231A46BA
:10BA2000C868834225D1802A6ED800254FF0FF32A6
:10BA30004FF0FF33374808F0B8FF2F46364EE36823
:10BA4000AB421DD800263546DFF8CCA0B74201DD59
:10BA5000002D26DA2F4808F0B8FF06E0FDF7CEFFEC
:10BA600016224FF0FF352D4B1A50284602B0BDE884
:10BA7000F087A16801EBC301496801330A44D0E7AC
:10BA8000A368F01903EBC50253F8351052680BF0A8
:10BA900024FBA3684FEAC50A53445B6801351F4481
:10BAA000CDE76368BA1B019323680AEB0601009394
:10BAB00040464B46FFF762FF051EC8BF7619C5E733
:10BAC000A3684FEAC60A03EBC6035B6833B10027DD
:10BAD000A36803EB0A025268974204D30136E36875
:10BAE000B342EDD8C1E753F80A10636839440193B3
:10BAF000236840460093D21B4B46FFF73FFF011ED1
:10BB000005DB0F440D44E3E700263546E7E70D4625
:10BB1000ABE700BF8CC7002018EA00200C00000033
:10BB200010B54FF0FF3204464FF0FF33084808F0DD
:10BB30003CFF00234FF0FF32C4E901232260E361A0
:10BB4000236263620248BDE8104008F03EBF00BFB8
:10BB50003CC70020F8B54FF0FF324FF0FF330546E9
:10BB60000C480E4608F021FF002328200A4A00FB5B
:10BB700003F157588C18013706D1555066600548B7
:10BB800008F023FF2046F8BD0133082BEFD1002435
:10BB9000F5E700BF3CC700207CD300202DE9F0432F
:10BBA00089B007460C461546FEF7BEF90646002E3C
:10BBB00038684BDB64B375B32B68082B26D101932F
:10BBC00001AA0DF1080841460AF051F8B0F1000948
:10BBD00039DB3146FFF7BEFF074640B364B15DB1C4
:10BBE000B8F80030012B19D108222A60BDF80A20CC
:10BBF0002380039B62806360002339463046164AE7
:10BC0000FEF7D2F9304609B0BDE8F0831623D6E737
:10BC10002246A046D7E72A46A846D4E7022B18D1E9
:10BC2000182320462B6002A908F0DBFDE4E70C2373
:10BC3000FDF7E4FE094A1350484602F049FE17B1E9
:10BC40003846FFF76DFF304608F051F94FF0FF36E8
:10BC5000D8E78623ECE700BF387D01000C00000028
:10BC600010B50446094B0A4A186003680948DA61AE
:10BC7000FEF7AEFB236843B10C33D3E8EF1F41F06E
:10BC80000801C3E8E21F002AF7D110BD78D30020D5
:10BC9000BDBD0000307D01002DE9F041A1F58173AB
:10BCA0000446066886B0032B5ED8DFE803F0024640
:10BCB000805A4FF00108D2E9015113683D4AB3F9A7
:10BCC00004300492ADF814308DF816802B68994238
:10BCD00005D1FDF793FE0C22374B1A5017E004F103
:10BCE0000C0738460BF0CFF93B4600224146286846
:10BCF0000BF09BF90023E361236208233C220093AD
:10BD00004146304604AB02F017FE044610B14FF036
:10BD1000FF340EE02B6814332B60CDE90200384667
:10BD200002AA03A90BF0B4F9039B002B18BF6FF014
:10BD30007704204606B0BDE8F081D2E900521368CE
:10BD4000143313600023CDE9033303AA04A904F1DB
:10BD50000C000BF09DF9049B0BB1039BEB800024BE
:10BD6000E7E71368A360FAE7032913D0042919D180
:10BD7000126832F4804304D0FDF740FE16210E4BCA
:10BD8000195004213046C2F3803206B0BDE8F041BC
:10BD90000AF06EBA002230460AF06AFA840304F40C
:10BDA0008044C6E7FDF72AFE1622034B95E76FF0A5
:10BDB0005E04BEE7AF4901000C0000002DE9F04130
:10BDC0000D1E0746904612DA04F07EFE1E4E012339
:10BDD00033704246384625F04041FEF75BFA0023B7
:10BDE0003370044604F084FE2046BDE8F08115F06F
:10BDF000804603D004F068FE144EE8E7FEF794F89E
:10BE0000041E09DB29464246384602F001FD051EA4
:10BE100005DA204608F06BF84FF0FF34E4E72146DE
:10BE2000FFF798FE014640B9FDF7E8FD0C22084BEC
:10BE30001A50284602F04CFDEBE733462046054AEF
:10BE4000FEF7B2F8D0E700BF99EA002098EA002098
:10BE50000C000000387D010008B5024801F018FF11
:10BE6000002008BDC1BE0000F8B5114F002200231C
:10BE7000104804F059FA0546B0B9F8BD237ADA073C
:10BE80000AD49B0708D4216819B130460BF0AFF9EA
:10BE900010B13046636898470C34BC42EED3294653
:10BEA00005480AF0E2FCE1E7044C2E1DF5E700BF6F
:10BEB00008C700202CC8002028C70020F0C600209A
:10BEC0002DE9F04104460026184DDFF87080454505
:10BED00018D34EB32046FCF757F90022411D00232A
:10BEE000134804F071F80546F0B121460430FCF720
:10BEF00043F929460F480AF0AEFDBDE8F0410E486F
:10BF000004F0A6BB2F7AFA070AD4296819B1204693
:10BF10000BF06DF920B1BB0704D520466B6898473C
:10BF20000C35D4E70126FBE7BDE8F081F0C6002020
:10BF300028C700202CC8002074C6002008C7002095
:10BF400050B103685BB143684BB10069054BC01A3F
:10BF500018BF4FF0FF3070476FF0150070474FF07B
:10BF6000FF307047EEFFC00000232DE9F04F0C4674
:10BF7000017B89B005464268079339B1C4E90023C3
:10BF800008222281426807922B737AE0D0F8088059
:10BF9000B8F1000F05D1104608F08EFD08B102324D
:10BFA0006A606F683E78002E79D00D2E01D00A2E7F
:10BFB00009D17B78002B72D00D2E04D10A2B02D12F
:10BFC000BB78002B6BD03A46137892460D2B02F1CA
:10BFD0000102F9D00A2BF7D04FF00009DFF8CCB0FE
:10BFE0005BF8041B08460191FCF7CEF80199024664
:10BFF00050460BF0D7F8002851D009F10109B9F1EA
:10C00000040FEDD10D2E01D00A2E02D17B78002B2A
:10C0100048D1384608F050FD002843D102AE3946D9
:10C02000304607AAB8F1000F17D108F0DFFD96E8F7
:10C03000070084E80700237A93B93046696807AAA5
:10C0400000F0CAF896E8070084E80700237A3BB9B5
:10C050006FF04C0009B0BDE8F08F08F05AFEE6E73B
:10C06000053B032B0DD8079803788BB10D2B0FD010
:10C070000A2B0DD008F020FD637A012B0AD100288D
:10C0800082D1AB6800200133AB60079B6B60E1E7B6
:10C090000120F1E7002BF4D10028F2D1D8E76FF0AE
:10C0A0000400D7E76FF00A00D4E700BF7C7D0100F1
:10C0B0002DE9FF411F460023054688461646CDE977
:10C0C00001330393002A72D0FFF73AFF0446C8B940
:10C0D0000022AB68013B99429CBF2B68C5E9013047
:10C0E000134601A9284601938DF80C20FFF73CFF69
:10C0F000A968044601398845019B9DF80C2005D9A3
:10C100000028EED0204604B0BDE8F0810028F9D127
:10C11000052A06D0082A0CBF6FF03C046FF05E04BD
:10C12000F0E7FDF76BFCDFF88C80052F054640F843
:10C13000084011D11A782D2A02D16FF02104E1E7CD
:10C1400018460A22214605F085FA55F80830222BB8
:10C15000F3D030607160D5E70A222146184605F019
:10C1600083F9013F0546032F03D8DFE807F00D10E0
:10C17000141810F5004341F10001B3F5803F71F14F
:10C180000001DAD23580BDE7B0F5803FF7E710F166
:10C19000004341F100010029CFD13560B2E7FDF73E
:10C1A0002DFC58F80030222BC7D03560D2E76FF055
:10C1B0001504A7E70C00000048B141B10023054A6F
:10C1C000C0E900118360C3600261184670476FF0D8
:10C1D00015007047EEFFC0000B7870B5392B08D8FA
:10C1E0002F2B0AD8202B17D00023C0E900338360FF
:10C1F00070BD5A2B0CD8402BF6D90B465C785D1CD1
:10C20000392C31D81F2C14D80D2C36D02B461BE0DE
:10C21000613B192BF1D9E7E74B785A2B06D8402B15
:10C2200002D8303B092BDFD80131E6E7613B192BFF
:10C23000F9E70126A4F12003DBB29E40124B334004
:10C24000CBB92C2C2B461CD013F8014C02B1136037
:10C250000923A4F12C0203725342A5EB01055341BB
:10C26000016045604372C3E75F2C04D094BF413C3A
:10C27000613C192CCAD82B46C0E76C780A2CC5D172
:10C2800002330133E0E700BF0168FF0310B5044645
:10C29000C8B900F055F80C4B19780C4B187808F019
:10C2A000F4FD0B490B4808F0EAFD012008F0E9FD18
:10C2B000204608F0E8FD0121074801F0F5FCBDE843
:10C2C000104000F083BB10BD9DEA0020DCC60020BA
:10C2D000AE850100B7850100C0850100014803F06B
:10C2E000D3BF00BF64C7002038B50F4C0546236894
:10C2F000C3B14FF0FF334FF0FF320C4803F052FF51
:10C3000023680BB11C681BB9BDE83840FFF7E6BFD6
:10C3100028465B6898471CB1226823461446F2E71A
:10C320002246FAE738BD00BFBCD4002064C7002015
:10C33000024B1868B0FA80F040097047BCD4002066
:10C3400000B591B0402168460F4A01F011FD38B99F
:10C3500068460E490AF04BFF28B101220C4B1A70B7
:10C3600011B05DF804FB68460A490AF040FF10B1BD
:10C370000222074BF3E7684607490AF038FF002816
:10C38000EED00322024BEAE7D3850100DB850100F2
:10C390009AEA0020E4850100ED8501007FB50023C5
:10C3A000CDE90433064B4FF48062039303AB009353
:10C3B00004490E23044804F051F907B05DF804FB6A
:10C3C000FA8501005004012018CB00200048704776
:10C3D00018CB00202DE9F043AFB0054638220021EC
:10C3E00020A80AF0A0FE0A2300214FF0FF343022DB
:10C3F00014A8CDE901310AF096FE29460FA8CDE92F
:10C400000444FFF7D9FE6A4601210FA808F0E4FBB7
:10C41000002840F0C58002A90FA8009E08F0BCFBD0
:10C42000002840F0BD80F6B25A2E53D0029B032B59
:10C4300050D9022101AB0CAA0FA808F0D0FB01468D
:10C4400020B910220CA805F09FF804460A23032106
:10C4500001930CAA01AB0FA808F0C1FB014600280C
:10C4600038D110220CA805F08FF805466A46042141
:10C470000FA808F0B1FB80BB9DF8008006F0FB031D
:10C48000012B2DD100234FF009090721CDE90633F7
:10C49000CDE909338DF820308DF82C3006AA03AB96
:10C4A0000FA8CDF80C9008F09AFB09AA07460821BE
:10C4B00003AB0FA8CDF80C9008F091FB57EA0002EF
:10C4C00004D104AB09A906A800F08EF96B1C6AD14F
:10C4D00004260AE04FF0FF35C8E74FF00008CDE72B
:10C4E000372E59D8B31F2B2B5AD9FFF721FF00281D
:10C4F00056D1354B1A78B24207D08DF8800020A86B
:10C500001E708DF88860FFF7EFFE304B9A68AA42E4
:10C5100002D1DB68A3421BD00423CDE916542B4D76
:10C5200014AC8DF880300FCC0FC50FCC0FC594E83C
:10C530000F0014AF85E80F000FCF22AD0FC50FCF4E
:10C540000FC594E80F0085E80F0020A8FFF7CCFE88
:10C550001F4A1378434512D0B8F10E0F20D844F289
:10C56000812323FA08F3D9071AD5052320A882F8D6
:10C5700000808DF880308DF88880FFF7B5FE06F0DA
:10C58000FB03012B13D05EB94FF0FF33CDE9043329
:10C5900004A800F093F803E0A6F15A03012BA4D9F4
:10C5A0002FB0BDE8F0830B4803F0F0FE9DE7049B3D
:10C5B0000133EDD1FFF70AFF044600F003FA01460C
:10C5C00020460AF088FAEBE79BEA002000CC002026
:10C5D0009CEA0020FCC7002008B5044801F064FB79
:10C5E000002818BF6FF00D0008BD00BF08860100CD
:10C5F0002E2810B5044614D8132808D8022813D8BA
:10C60000A8B921460D4801F04FFBB0B113E001235A
:10C61000A0F11402D2B29340094A1342F1D1152875
:10C6200005D06FF0150008E00428FAD1E9E708F01A
:10C6300034FC0028E5D06FF00D0010BD1A86010013
:10C64000010C300708B5044801F02EFB002818BF84
:10C650006FF00D0008BD00BF2D87010038B5431EE7
:10C66000072B05460C4616D8042914D8082809D1EA
:10C6700089B90C4801F018FB80B90B4B1D700B4BAE
:10C680001C7038BD0A4B5A5C0A4B53F820100A48FC
:10C6900001F00AFBF0E76FF01500F2E76FF00D0014
:10C6A000EFE700BF2C860100DCC600209DEA0020D9
:10C6B000388701008C7D01004686010010B50446D4
:10C6C0008EB03822002168460AF02DFD0C4B2168FF
:10C6D0001A68914203D162685B689A420DD00123C7
:10C6E000206861688DF80030054B03C320686168DD
:10C6F00002AB03C36846FFF7F7FD0EB010BD00BFE5
:10C70000C4D4002038B50C460546E0B1FBF73CFD2B
:10C71000082805D06FF0150014E00F4B1D700CE0D9
:10C7200034B12046FBF730FD0828F3D1002DF4D0BA
:10C7300029460948FBF720FD4CB121460748FBF785
:10C740001BFD002038BD0029EBD1034B1C700022DB
:10C75000024B1A70F5E700BFDDC60020E6C60020D8
:10C7600010B510B31248FBF70FFD04461148FBF754
:10C770000BFD082C10D1082809D10E4A0C490E488F
:10C7800001F092FA002818BF6FF00D0010BD0849A3
:10C790000A4801F089FAF5E7082802D10549084856
:10C7A000F7E7084801F080FAECE70748FAE700BF2E
:10C7B000DDC60020E6C600208086010097860100C5
:10C7C000A9860100BC8601003D870100002208B552
:10C7D00011460346034801F067FA002818BF6FF0BE
:10C7E0000D0008BDC78601002DE9F7431D46002353
:10C7F00080460F4614460193FBF7C6FC082804D078
:10C800006FF0150003B0BDE8F0833846FBF7BCFCC1
:10C810000828F5D124B12046FBF7B6FC0828EFD153
:10C820003A88BB7801AEADF80420002102223046E0
:10C83000B37004F0A9FE244B022253F8209000218B
:10C84000F81C04F0A1FEB9F1000F1AD14FF0FF332C
:10C850002B60DCB12288A378ADF8042000210222ED
:10C860003046B37004F090FE184B53F82070002F40
:10C87000C6D002220021E01C04F086FE47432F6050
:10C8800004E000FB09F028600130E2D0B8F8002095
:10C8900098F80230ADF80420002102223046B3702F
:10C8A00004F072FE0A4B022253F82040002108F1E6
:10C8B000030004F069FE1CB1444300206C60A1E752
:10C8C0004FF0FF34F9E700BFEC7D0100CC7D0100A3
:10C8D000AC7D0100002370B592B00C460546CDE951
:10C8E0000433CDE90733CDE90A338DF818308DF8DC
:10C8F00024308DF830300193002846D0002944D0F0
:10C90000254AA02113702448244A01F031FA002856
:10C910003ED121490DA8FFF74FFC012101AA0DA826
:10C9200008F05AF918B16FF04C0012B070BD019BBD
:10C9300023F00403012BF6D109266B460E2104AA2D
:10C940000DA8009608F04BF90028ECD16B460F219A
:10C9500007AA0DA8009608F042F90028E3D16B461B
:10C9600010210AAA0DA8009608F039F90028DAD19A
:10C9700002AB0AAA07A904A8FFF736FF0028D2D104
:10C98000029B2B60039B2360CFE76FF01500CCE781
:10C990006FF00D00C9E700BF9EEA0020DC860100B1
:10C9A00013B5074B93E80300CDE90001684601A9E0
:10C9B000FFF790FF10B96846FFF780FE02B010BD88
:10C9C000807901000048704784C60020042300B528
:10C9D0008BB0ADF81E30102301200F4901AAADF82D
:10C9E000263002F089FA90B902200B4902AA02F01F
:10C9F00083FA48B10123022002A90AAA02EBC30369
:10CA000033F80A2C08F0D3FF0BB05DF804FB0023C9
:10CA1000012001A9F1E700BFE98601000378014682
:10CA200013B1024801F040B9704700BF36800100E1
:10CA300008B5B0B90B48FFF7F1FF0B48FFF7EEFF61
:10CA40000848FFF7EBFF0748FFF7E8FF0548FFF747
:10CA5000E5FF0448FFF7E2FFBDE808400148FFF7A3
:10CA6000DDBF08BDFD840100F186010001490248D7
:10CA700008F04BBA35CB0000CCD400202B4A00F094
:10CA80000800136F072B2BD0132B1CD0052B3AD18A
:10CA9000526D12F4805F14BF1723162312F4006F37
:10CAA00018BF182312F4007F1EBF214B9B6B192364
:10CAB00012F4806F18BF1A2312F4807F25D112F46C
:10CAC000005F18BF1C23CA6968BBC2F3080020B905
:10CAD0006FEA52226FEA4222CA611846FCF720BB75
:10CAE000D36DDA0713D49A0713D45A0713D41A074D
:10CAF00013D4DA0613D49A0613D413F0800F14BF9C
:10CB00002C232523DFE70023DDE71B23DBE7262398
:10CB1000D9E72723D7E72823D5E72923D3E72A23F3
:10CB2000D1E72B23CFE76FF30802D5E7CCD4002061
:10CB300000ED00E000B5104B9BB05A6AD86C009233
:10CB40009A6A20F005000192DA6A694602921A6B2D
:10CB500003925A6B04929A6B0592DA6B06921A6CE6
:10CB60001B6D07929B0748BF40F00400FFF786FF4C
:10CB70001BB05DF804FB00BFCCD400202DE9F041D0
:10CB8000A2B005460E461746984609F0B8FF04467F
:10CB9000A0B10124684607F015F9424639463046EF
:10CBA000289BA8470546684607F024F914B90B48A6
:10CBB00003F06AFB284622B0BDE8F081084B1B78E1
:10CBC000002BE6D04FF0FF324FF0FF33034803F065
:10CBD000E9FA0028DED06FF08305EBE7A0C700205C
:10CBE0004CEB0020002300B589B0CDE9063303AB40
:10CBF0000493042303900593A9B10B6806934B6833
:10CC000007930223111E18BF01210848CDE9002116
:10CC100040F2F53104AA00F02FF80028B8BF012037
:10CC200009B05DF804FB0123ECE700BF05010040FB
:10CC300070B5402696B006AB05460C46324600213C
:10CC400018460AF070FA4FF48072CDE90206CDE979
:10CC50000454ADF8402054B1012304AA00920021ED
:10CC60000448019302AA00F007F816B070BD2046F0
:10CC7000FBE700BF0001004010B4B1F5004F029C7B
:10CC80000FD2042B0DD8042C0BD8240444EA0364DF
:10CC9000134644EA010201465DF8044B0348FFF7DE
:10CCA0006DBF6FF080005DF8044B7047217C000081
:10CCB000054AD2F8883043F47003C2F88830BFF3D5
:10CCC0004F8FBFF36F8F704700ED00E0014B18608E
:10CCD000704700BF40D5002010B5054B14461868BA
:10CCE00008F043F90028A4BF2070002010BD00BF49
:10CCF00040D500200123024A8340C2F80435704722
:10CD000000700140014B00201B68184744D50020EB
:10CD1000014B1B68184700BF44D5002010B50C4CD0
:10CD2000237993B9012323710A4B0028206018BF8F
:10CD3000184600F041F850B923680748002B08BF97
:10CD40001846BDE8104000F093B86FF0770010BDB2
:10CD500044D5002005CD000011CD000008B5064BDC
:10CD60001B6843B10520FCF7E9FC20B9BDE8084089
:10CD70000520FCF7C1BC08BD44D5002038B501230F
:10CD80000C4C42F21075C4F8083363600023C4F8F9
:10CD90000031D4F80031D4F80C24D4F80C34D20388
:10CDA00006D5DB0704D5012008F0DDF8013DF2D1FE
:10CDB00038BD00BF00500040054B0246187918B935
:10CDC0001A6001221A7170476FF07700704700BF38
:10CDD0004CD5002000220B4B0B49C3F80021D3F89F
:10CDE000002101221A60096811B1C3F804237047B9
:10CDF000D3F80021002AFBD00022C3F80021D3F889
:10CE000000317047005000404CD50020094BD3F84A
:10CE10000423D2070DD5D3F8002152B10022C3F864
:10CE20000021D3F800210122C3F80823024B1B681C
:10CE300018477047005000404CD5002038B50223F9
:10CE40000A4C42F21075C4F808330123E360002352
:10CE5000C4F80431D4F80431D4F81834DB0304D511
:10CE6000012008F080F8013DF6D138BD00500040A7
:10CE7000064B0246187930B91A6001221A71044B28
:10CE8000C3F8182570476FF07700704754D500201D
:10CE90000050004010B51F4B1F4CD3F81814D3F8A6
:10CEA000182411F4803F1AD002F00302022A02D0A3
:10CEB000012A11D10122174BC3F818250022C3F80B
:10CEC0000421D3F8042101229A602268A2B9D3F880
:10CED0000421002AFBD017E0FFF7B0FFEAE7D3F800
:10CEE0001424D207E6D5D3F81C2402F00302013A39
:10CEF000012AF1D822681AB10222C3F8042310BD16
:10CF0000D3F80421002AFBD00022C3F80421D3F86F
:10CF10000431F4E70050004054D50020104BD3F802
:10CF2000042392071BD5D3F80421C2B100220221A9
:10CF3000C3F80421D3F80421C3F80813D3F8182444
:10CF4000D3F8182402F00302012A03D0054B012074
:10CF50001B681847C3F81815C3F804139A60704784
:10CF60000050004054D50020036803F01F025B0905
:10CF70000260024818BF0020704700BF00258440AF
:10CF8000F7B51646DDE90847019001A81D46FFF7F1
:10CF9000EBFFB6F1000C18BF4FF0010C0A1E18BFD2
:10CFA0000122002D42EA4C020CBF4FF0000C4FF062
:10CFB0000C0C002C42EA0C020CBF4FF0000C4FF49A
:10CFC000E06C002F42EA0C020CBF4FF0000C4FF453
:10CFD000403C019B42EA0C02803350F8230020EAD7
:10CFE000020201B109780EB13678760011430DB115
:10CFF0002D78AD00314364B12078000229430FB190
:10D000003F783F04044A0843384342F8230003B002
:10D01000F0BD2046F2E700BF00258440034611F032
:10D02000010006D0034A106A18601062003818BF69
:10D03000012070470025844073B5CEB200EB460650
:10D04000B38A0446DB070D4625D508F075F8B38A88
:10D050009A0608D55A0B236803EB82030022C3F813
:10D060001025C3F8102520460024294608F016F89C
:10D07000B48201A80195FFF777FF019A074B803230
:10D0800050F8221020460B40054943F0020341F8B6
:10D09000223002B070BD6FF01500FAE7F0F8FCFF27
:10D0A0000025844070B590F86C40054690F86D609E
:10D0B00024BB2146402214300AF035F82146114B9A
:10D0C000286853F836608E420ED10024C0F87C41A7
:10D0D000D0F87C3140F30730FCF70EFB01232046EB
:10D0E00085F86C30AB6570BDCBB29B0003F58072E8
:10D0F0007C2B04BF845083580131E4E76FF0770044
:10D10000F1E700BF0C7E010090F86D00024B03EBCD
:10D11000800007F044BF00BF98C6002010B5064B42
:10D1200090F86D000C4603EB800007F01EFF00280E
:10D13000A4BF2070002010BD98C600202DE9F04F3C
:10D14000804658F8049B90F86D40D9F80413594E66
:10D15000C9B2074656F83420484687B041F000412E
:10D1600007F0C3FF051E26DA00234FEAC40B06EBC7
:10D17000C404049363680DF1100A194650460BF17C
:10D18000040B0193FFF74AFF0BEB06030393039B8A
:10D190001B78DA0701D5049C9CB94FF000410022AE
:10D1A000484607F0A2FF50460199FFF737FF0028D5
:10D1B000EDD125F000450124002D64D107B0BDE874
:10D1C000F08F94FAA4F4B4FA84F407EB4403998A38
:10D1D0000123E6081AF8062004F0070003FA00F01D
:10D1E00022EA00020AF80620C1F3820B05A8CDF856
:10D1F00008B00594FFF7B8FE059ACB0602F180024D
:10D2000050F82260C6F3014623D54046029A2146D3
:10D2100007F027FF05A80594FFF7A6FE059BF6B2C9
:10D22000803350F82330C3F301439E4207D10021DD
:10D23000204607F007FF3146204607F003FF05A808
:10D240000594FFF791FE0122059B02FA03F30362A6
:10D25000A1E7022E14BF02210321204607F0F2FEAF
:10D26000BBF1030F04D0022E08D1BBF1010FE6D1B0
:10D2700021464046029A07F0F4FEE0E7032EDED195
:10D28000BBF1020FF3E795FAA5F3B3FA83F304FABF
:10D2900003F225EA020503F5A27259F8222007EBF2
:10D2A00043034046B3F85C10C2F3014207F0D9FED5
:10D2B00082E700BF0C7E0100F8B5084D0F462C79BF
:10D2C000164644B92A20FCF717FA012320462B7191
:10D2D0002F60AE60F8BD6FF07700FBE75CD50020F3
:10D2E000002330B50D4A50F8234003F5A2710133F5
:10D2F000082B42F82140F6D10023084A00F11C0116
:10D3000003F5B27451F8045F0133082B42F824503E
:10D31000F6D1036CC2F8043330BD00BF00A0024058
:10D3200038B50024154D2A20C5F81045C5F8144518
:10D33000C5F81845C5F81C45C5F82045C5F824456D
:10D34000C5F82845C5F82C45C5F89045C5F894455D
:10D35000C5F89845C5F89C45C5F8A045C5F8A4454D
:10D36000C5F8A845C5F8AC45FCF7D4F94FF0FF3334
:10D37000C5F80833024B1C7138BD00BF00A0024045
:10D380005CD500200123024A8340C2F80433704771
:10D3900000A002400123024A8340C2F808337047CC
:10D3A00000A00240F8B5012600270B4B0B4DD3F827
:10D3B0000C4304B9F8BD94FAA4F0B0FA80F006FA70
:10D3C00000F324EA0304064B82009F502B68002BD5
:10D3D000EFD0A9689847ECE700A002405CD5002098
:10D3E00000A1024037B50125074C4FF4FA70656182
:10D3F00007F07DF90023636101932561236901939F
:10D40000019B03B030BD00BF0056004030B50E4D4B
:10D4100089B0036A02AC00908DF804300FCD0FC4C0
:10D4200095E8030084E80300684608F025F840B951
:10D43000044602AD55F8043B984710B90134062C58
:10D44000F8D109B030BD00BF88790100034BD3E8A3
:10D45000EF2FC3E8E10F0029F9D1704768D500200C
:10D4600038B50546002850D0436A002B50D0836A57
:10D47000002B4DD00124294BD3E8EF2F002A03D1F4
:10D48000C3E8E14F0029F7D145D1686A00F04EF8B2
:10D49000FEF73AF8224BC8209C6607F028F9284688
:10D4A000FFF7B4FF044640B901221D4B0220DA66A3
:10D4B000FFF7CCFF0024204638BDFFF793FF002C78
:10D4C00011DBAB6A20469847164B9C421AD013DCFE
:10D4D000A4F18864033C012C11D82846FFF796FF7D
:10D4E00004460028E0D001220D4BDA66FEF724F84E
:10D4F0000020FFF7ABFFDEE70B4B9C42EDD06FF057
:10D500000404F0E76FF00A04EDE76FF00D04D2E7D2
:10D510006FF01504CFE74FF0FF34CCE768D500205B
:10D52000005000400500400401005005014B186008
:10D53000704700BF6CD5002007B5044BCDE9000152
:10D540001B686846984703B05DF804FB6CD5002063
:10D55000014B1870704700BF3EEB0020024B18785B
:10D56000431E5842584170473EEB002070B5036897
:10D570000446033BDBB20A2B03D8094A52F8235076
:10D580002DB9A06858B1BDE8704000F01DB807F093
:10D59000B7FF21682B46BDE87040090C184770BDE5
:10D5A0001C7E0100014B5B69184700BFA0C600202C
:10D5B000014B1B68184700BFA0C60020014B5B68E9
:10D5C000184700BFA0C60020014B1B69184700BFC9
:10D5D000A0C60020014B9B68184700BFA0C60020D2
:10D5E000014B1B6A184700BFA0C60020014B5B6AB5
:10D5F000184700BFA0C60020014B1868704700BF45
:10D6000070D50020002230B50B4B19680C6894428D
:10D610000FD001EBC2039D68A8420BD14FF003026B
:10D620000433D3E8CF1F002903D1C3E8C02F00285B
:10D63000F7D130BD0132EAE790D500202DE9F04165
:10D64000002406460F462046DFF854803368A34284
:10D6500001D8BDE8F08106EBC4056B68DBB2012B95
:10D6600016D16A68B8F80030B3EB124F10D1022F10
:10D67000A8680FD1FFF77AFF01206B6823F0FF0342
:10D6800043F003036B60B8F800300133A8F80030B2
:10D690000134DBE70168090C07F0E2FEECE700BFAC
:10D6A000E6D9002010B5074C02216068FFF7C6FFDD
:10D6B0000028F9D101212068FFF7C0FF0028F3D12D
:10D6C00010BD00BF98D5002070B5072860D8DFE8EE
:10D6D00000F00B5F475F435F3C0402F0DFFA03207A
:10D6E000BDE87040FDF7D8BE03202A4BD3F814469E
:10D6F000D3F81866284B1D781870EDB2FFF728FF95
:10D70000012D10D1254B264A9C4212D0230C1B041C
:10D71000B3F1886F0DD0A4F58033203B022B0FD9D5
:10D720006FF0040313603146C4F30B00FFF704FFEE
:10D7300000E014601B4B186806F0DDFF0020CFE707
:10D74000194931F913301360F4E70024124B2046D5
:10D750001C70FFF7FDFEEDE7FFF7A4FF0220BFE717
:10D760000D4B1A78012AD0B20ED1104A1168104A16
:10D770008C6854604968116002221A70FFF7E8FE55
:10D78000084B186806F0B7FFFFF78CFF0120A7E7EA
:10D7900070BD00BF00A0024040EB0020010050051A
:10D7A00094D5002080D50020308001007CD5002059
:10D7B00098D500200A23F7B54FF47A750C4E0D4F1B
:10D7C00001933168386807F076FE044640B906F0E8
:10D7D00090FF40B9012001A9FDF74AFD6E30F0D15C
:10D7E000204603B0F0BD0198684306F080FFE8E7EB
:10D7F00084D500208CD50020054B1B782BB9054B18
:10D800001968054B186807F056BE0020704700BF26
:10D810003FEB002088D5002090D5002070B5164B36
:10D8200042681B6822F0FF0242F00202C31A426003
:10D830001248134A0168C3F38913D2E8DF4F651C0D
:10D84000C2E8D65F002EF8D101EBC3014A6892B25C
:10D8500042EA04424A600268032002EBC3025368B2
:10D8600023F0FF0343F00103536006F040FF012261
:10D87000044BDA6070BD00BF88D5002090D5002031
:10D88000E8D9002000A002402DE9F04F95B03822E1
:10D890000021064603A809F046FC0223049308234E
:10D8A00006932023089304230D93102340250F9300
:10D8B00080230122CDE91153D523002159480B9231
:10D8C0001393FDF7AFFD0546002840F0A8800246FF
:10D8D00055493079FFF7F0FC03A8FFF701FD3468E4
:10D8E0006268B2F59D6F40F097806169E3680B4410
:10D8F000E16903F59D630B44B3F5003F00F28C80B2
:10D900002068294609F00FFC33681C68D3F81C9086
:10D9100004F53A72019204F16007444A04F1A40844
:10D9200004F1200BB9F1000F60D1C2F800B000255E
:10D930004FF0010A2570657084F802A0E570336825
:10D9400040461B69636033685B69C4F814B0A36028
:10D95000374BC4F81890C3F80080364BE7601F605F
:10D960000823C4F8108084F8A43088F8015088F89F
:10D97000025088F8035084F860307D70BD70FD70EF
:10D9800007F07CFD384607F079FD2B4B04F53A7221
:10D9900031681A60294B04F1E802C8681A60284B04
:10D9A000284E18600869496958609960264B2749D4
:10D9B000C3F81046C3F81456254B264C1D80264B41
:10D9C00086F800A01D80254B029525601D611B690E
:10D9D0000293029B134B186806F08FFE98B1032345
:10D9E0006FF073043370FFF79BFC11E09B6904F147
:10D9F0004009636433684846DB69C2F800B02364B9
:10DA000002F024F993E72468002CECD1144B1C702D
:10DA1000204615B0BDE8F08F6FF01504E3E76FF016
:10DA20002D04F5E780D50020C9D600007CD5002064
:10DA300090D500208CD5002088D5002084D50020EA
:10DA400070D5002040EB002000A00240F049020009
:10DA5000E8D9002094D50020E6D9002000560040E7
:10DA60003FEB002070B5164B42681B6822F0FF02A6
:10DA700042F00102C31A42601248134A0168C3F31C
:10DA80008913D2E8DF4F651CC2E8D65F002EF8D1BB
:10DA900001EBC3014A6892B242EA04424A6002685A
:10DAA000032002EBC302536823F0FF0343F001039A
:10DAB000536006F01CFE0122044B5A6070BD00BF8B
:10DAC00084D500208CD50020E8D9002000A0024099
:10DAD00010B5FFF76FFE012400220321047081704E
:10DAE0004270C270FFF7BEFF054B1C7007F0D9FCF7
:10DAF000BDE81040034B47F23051186806F0FDBDF9
:10DB00003FEB002080D5002038B50A4B04461B7837
:10DB1000022BDDB20DD1FFF74DFE50B100220121E5
:10DB20008460017042708570C270BDE83840FFF7B4
:10DB300099BF38BD40EB0020034A126812B100289B
:10DB400000DB1047704700BFACD500202DE9F34142
:10DB500080460E461048002117461D46019304F0EA
:10DB600037FB041E11DB0134204607F0F4FCC8F833
:10DB7000000068B12B463A462146019504F028FB87
:10DB80000020346002B0BDE8F0816FF01500F9E7C5
:10DB90006FF00B00F6E700BFB879010010B50E4B2F
:10DBA00004461B68A3B1FAF7EFFA082810D9237AC4
:10DBB0003F2B0DD009490822204609F0D9FA014629
:10DBC00030B904F108000A22BDE8104003F0DCBCC3
:10DBD0004FF0FF3010BD00BFACD50020FB86010028
:10DBE000F7B504460F460420002116461D4607F0EF
:10DBF00089FC024638B914B1204607F0AEFC6FF03C
:10DC00000B0003B0F0BD00206FF0580314600D4C02
:10DC1000137350739073D073207031460320576094
:10DC200007F08EFC4FF0FF3301932378AB4201D114
:10DC30000020E6E7022001A9FDF71AFB0028F4D036
:10DC4000DFE700BF41EB0020F8B5054600240F4F89
:10DC500057F8046B2846314609F0C9FA28B901344F
:10DC6000042CF5D14FF480300DE06CB1A31E012BD4
:10DC7000F8D83046FAF788FA0A220021284403F03F
:10DC80007FFB40EA0440F8BD2046FCE7487E0100E7
:10DC9000014B186000207047B0D50020014B186080
:10DCA000704700BFACD500200FB42DE9FF410A9C9E
:10DCB000FFF754FC00284AD0002C4BD0284E294FA7
:10DCC0003168386806F03BFD002846D1264D3168A2
:10DCD000286806F012FD002836D122460BAB03A9B6
:10DCE00002A80193FFF732FF044658B1286806F0F6
:10DCF00002FD386806F021FD204604B0BDE8F04181
:10DD000004B07047029C2046FFF748FF02230646F6
:10DD1000012220460399FFF763FF04460028E5D15E
:10DD2000DFF84880D8F80000FFF78EFF0446D8F8E7
:10DD3000000007F00CFC286806F0DDFC002CD8D1B0
:10DD40003046FFF7F9FED4E76FF00A04D1E74FF051
:10DD5000FF34D1E76FF00D04CEE76FF00A04CBE794
:10DD6000C4D50020BCD50020C0D50020B4D50020EB
:10DD70000CB42DE9F04F8BB006460D46149CFFF70E
:10DD8000EDFB002800F0BE80002E00F0BE80002CCD
:10DD900000F0BB80002D00F0BB80DFF890815F4B6E
:10DDA000D8F80010186806F0CAFC002840F0B380CC
:10DDB0005B4FD8F80010386806F09FFC002840F050
:10DDC0009E80224615AB09A908A80793FFF7BEFE5F
:10DDD000044618B1386806F08EFC3CE0DDE90883A3
:10DDE0000393504B1C68002C5AD0C246DDF80C90AF
:10DDF000CDF804809AF80030202B36D0093B042B54
:10DE000033D90C224FF0000B474BCDF808B01B68FC
:10DE100002FB03430493049B9C422ED1029B002BE4
:10DE20003ED0386806F067FC019A114611F8013BB4
:10DE3000202B0191F8D0093B042BF5D92946304617
:10DE4000029B9847044618B93046FFF7FDFE04468A
:10DE5000404607F082FB314B186806F06EFC204606
:10DE60000BB0BDE8F04F02B07047B9F1000FC8D059
:10DE70000AF1010A09F1FF39BCE7A3685B450DD936
:10DE80004B451A46504628BF4A462168059309F07B
:10DE90006FF918B963680293059B9B460C34BAE787
:10DEA0004046FFF77BFE022381460122404603994C
:10DEB000FFF796FE044600288CD1DFF874803046C8
:10DEC000D8E9004AAA455246214628BF2A4609F009
:10DED00004F9AA4510D82046FFF7B6FE0446D8F844
:10DEE000000007F034FB386806F005FC002CB2D1C6
:10DEF0004846FFF721FEAEE76FF00604EFE76FF04C
:10DF00000A04A8E74FF0FF34A9E76FF00D04A6E775
:10DF10006FF01504A3E76FF00A04A0E7BCD500205A
:10DF2000C0D50020A4D50020A0D50020C4D5002055
:10DF3000B4D5002038B5C3680446A72B01D02068AB
:10DF400010E0032907D0042926D0022902D101229A
:10DF5000154B1A7038BD144B00681A78022A05D187
:10DF60000028F7D0BDE8384007F0F1BA0F4D2A6815
:10DF700062B12B689847002320682B6007F0E7FA0E
:10DF80000B4B1868BDE8384006F0B5BB094A106075
:10DF9000616851600222DCE7074B1B68002BCED082
:10DFA00000689847CBE700BF41EB0020A8D50020D0
:10DFB000C0D50020B4D50020B0D50020012210B576
:10DFC00011460B48FDF72EFA70B90A48FDF74AFAD8
:10DFD000014648B94FF0FF32074B1A60BDE81040C8
:10DFE00001230522FFF7FCBD6FF02D0010BD00BF1F
:10DFF000C0D50020BCD50020C4D5002010B400F14D
:10E000001C03D3E8EF2F511EC3E8E41F002CF8D106
:10E01000012A0DDC084BD0E8EF2FC0E8E13F0029D2
:10E02000F9D1682200215DF8044B043009F07BB877
:10E030005DF8044B704700BF1EF10100002108B5D8
:10E040000B4B4FF458720B48197009F06CF80A4BDF
:10E05000084A1360D366C2F8D830C2F84431C2F817
:10E06000B031C2F81C32C2F88832C2F8F43208BDAE
:10E0700042EB0020C8D500201EF10100164830B543
:10E08000002203464FF0FF34144DD0E8EF1FA942A1
:10E0900004D1C0E8EC4FBCF1000FF6D10CBF012158
:10E0A000002112D16C2101FB023301220C49DA61FB
:10E0B000097893F8202061F3451283F8202002228A
:10E0C000A3F84C2083F84E2030BD0132082A00F11D
:10E0D0006C00DAD10846F7E7C8D500201EF1010030
:10E0E00042EB002030B5024600236C25054905FBB4
:10E0F00003F460180C59944203D00133082BF6D175
:10E10000002030BDC8D5002010B50446043007F00B
:10E110002CFCA06C08B1FDF7E3F9064BD4E8EF2F17
:10E12000C4E8E13F0029F9D12046BDE81040FFF7DF
:10E1300065BF00BF1EF1ADDE70B50825064C074E69
:10E140002368B34202D02046FFF7DEFF013D04F111
:10E150006C04F5D170BD00BFC8D500201EF10100D0
:10E160002DE9F8430F4C06460025A0464FF06C09F8
:10E170000D4B0E4F18702368BB420CD009FB058372
:10E1800093F8202066F3451283F82020A36B13B187
:10E19000204607F044FA0135082D04F16C04EAD159
:10E1A000BDE8F883C8D5002042EB00201EF1010035
:10E1B000112807DC002801DA00207047064B23FAFB
:10E1C00000F005E0A0F1FF03122BF5D80348D8407A
:10E1D00000F00100704700BF410002000900040088
:10E1E00010B5436904462BB908F0F8F8236843607A
:10E1F000A3698360044B186806F07DFA2046BDE8E9
:10E20000104008F0EDB800BF28D90020032208B55F
:10E2100011460448FDF706F9002818BF6FF02D00DD
:10E2200008BD00BF28D900202DE9F04F8BB0049322
:10E23000002382460D461446CDE907330993FFF7C4
:10E240008DF940B90120FDF7E3F86FF00A0420468C
:10E250000BB0BDE8F08FBAF1000F02D1002D00F035
:10E26000BE8000F031FD08B90D20ECE7002C37D05E
:10E27000236823F4A05323F00203002B40F02E81E7
:10E28000606838B9A06860B107F00DFB48B96FF05D
:10E290000604DCE707F001FB0028F3D16FF005046A
:10E2A000D5E7E068A8B9606800F0D2FEA668E76824
:10E2B000002E08BF0126002F08BF0627D4F80090C3
:10E2C0005FFA80FBF6B2BFB28DB9A8464FF0FF34BB
:10E2D00040E0A16807F0FDFA0028E4D16B20B2E726
:10E2E0006DB9A94606270126AB46A846EEE709F414
:10E2F000A053B3F5805F06D14FF0000816E0A146A9
:10E3000006270126A3460A220021284603F03CF9ED
:10E310004FF6FE73421E9A4200F2E3804FEA002855
:10E3200048EA10281FFA88F8002CCFD02368DB04B5
:10E33000CCD53A21284608F00EFF00B1451C2846EE
:10E34000694908F054FF0A22F8B10021033003F0B4
:10E3500017F80446654B4FF47A61186806F0CDF95A
:10E3600000283FD1BAF1000F12D05046F9F70CFF48
:10E370000146182007F0C6F8054658B95B4B6FF008
:10E380000904186806F0B7F961E701462846DEE798
:10E390005146EEE70461BAF1000F07D05046F9F795
:10E3A000F3FE51460246286808F097FE294647F2D8
:10E3B0000D00C5F818B0EE612F62C5F8149007AAD9
:10E3C00000F066FE1628044609D004DC68B10B286C
:10E3D00008D0204637E77228FBD1732033E76FF06F
:10E3E000010434E76FF0020431E78246DDE908B347
:10E3F000CDE902030190DDE90232934209D1049B89
:10E40000C3F800A0089800283FF421AF07F09FF858
:10E410001DE72020FDF75CF8054650B3DBF8080047
:10E4200007F03FFF012868600DD0022824D028465D
:10E43000FDF756F86FF00504BAF1000FE2D0504630
:10E4400007F0A3FADEE708220023C5E90267EB61C3
:10E450000BF118032A61C5F800900593424618464F
:10E46000BBF8141007F081F8686138B92846FDF749
:10E4700037F86FF00904DFE71622E5E72A6812F0A3
:10E48000020229D0BBF816000130FDF721F8A8617F
:10E4900018B96869FDF724F8E8E7BBF814100BF128
:10E4A00018030B441946BBF8162008F016FE4FF06F
:10E4B0000003BBF81620A9698B54019BBAF1000F29
:10E4C00008BFAA4603B1DD61029BDBF800200133DF
:10E4D000CDE9015393448EE7AA61EEE74FF0FF3494
:10E4E000B5E66FF00704B2E60487010028D90020E2
:10E4F000F8B548F20F03994205460E4626D009D8D2
:10E5000048F20D03994219D048F20E03994219D0EE
:10E51000286907E049F2040399421BD0B1F5104F76
:10E52000F6D9C068FFF7DEFD0446C8BB286800289E
:10E5300000F06A81BDE8F84007F009B8BDE8F8408E
:10E54000FFF74EBEBDE8F84007F073BABDE8F840EB
:10E5500007F019BA0369082B00F25681DFE813F0BF
:10E560001000160009000E00160054015401180096
:10E570001E000020BDE8F840FFF7F2BD0120F9E7DA
:10E580000021E868BDE8F84007F04BB90121F8E741
:10E590000021E868BDE8F84007F04FB90121F8E72D
:10E5A00048F20C039E4235D8B6F5004FBED9A6F509
:10E5B0000046013E0B2EB9D801A353F826F000BF48
:10E5C00049E60000D9E6000059E6000059E60000DF
:10E5D00059E600007FE700007FE7000059E60000F1
:10E5E00061E600002DE500002DE500001FE70000BA
:10E5F000A6F51046013E042E98D801A353F826F044
:10E6000095E7000073E700009DE600002DE500009F
:10E61000BDE6000049F205039E420BD8B6F5104F47
:10E62000E6D848F281039E4280D10146284600F098
:10E6300069FB38E049F282039E427FF477AF0146DE
:10E64000284600F077FB2EE06B692BB9284607F0CF
:10E65000C5FEAA6943681A60284607F0C1FE22E099
:10E6600090F8203043F0010380F8203007F043F8A1
:10E6700018B1664B186806F03EF894F82030204632
:10E6800023F00A0384F8203007F05EF810B120462A
:10E6900006F0C5FF2046FFF737FDDDE7286969284A
:10E6A00023D16823A361204607F04EF8002800F02C
:10E6B000AB802046BDE8F84006F0B1BF204607F029
:10E6C00048F80028EFD0286907F032FE6A69014651
:10E6D000204606F0BCFFE6E790F82030EE6823F015
:10E6E000020380F82030686918B107F021FEA061AC
:10E6F000D9E7204606F0EAFF28B994F8203043F025
:10E70000040384F82030204606F0E0FF0028CAD039
:10E71000002EC8D00021204600F02AFBC3E76B6919
:10E72000F3B9284607F05AFEAA6943681A6042689E
:10E7300092F8203043F0040382F8203043682269C5
:10E740001A61436862695A6183684BB105F10C0232
:10E7500005F1300152F8040B8A4243F8040BF9D159
:10E7600094F82230002B3FF477AF013B84F822303D
:10E7700072E794F82230013384F8223093E7284678
:10E7800007F02CFE6B6913B9AB69436064E74FF087
:10E79000FF33FAE7204606F0C7FF0746C0B910204E
:10E7A000FCF796FE064698B13946102208F0BBFCED
:10E7B0002B6873606B683381698A01B32A8A05F11B
:10E7C000140006F0D2FEF060C8B93046FCF788FEAF
:10E7D000286806F0BCFE204606F069FF58B12046C6
:10E7E00006F0A2FF38B994F8203043F0800384F893
:10E7F00020300C23A361204606F05EFF53E731462C
:10E80000204606F034FF4EE7F8BD00BF2CD90020AB
:10E810002DE9FF412D4B80461B780F4616463BB92C
:10E820000D20FCF7F5FD4FF0FF3004B0BDE8F0819E
:10E8300007F033F808B96A20F3E73046FFF7B8FC71
:10E8400008B97B20EDE7384607F02DF808B96B20B2
:10E85000E7E73946304607F03CF80028F7D0FFF7E5
:10E860000DFC054608B91720DBE70021142006F04F
:10E8700049FE044620B92846FFF746FC6920D0E748
:10E880004FF0FF33037443748374C374404600F045
:10E89000DFFB6061384607F00CFD0146A0613046A1
:10E8A00007F008FD2146E06101AA47F20100029548
:10E8B00000F0EEFB044620B12846FFF725FC204679
:10E8C000AFE7C5E9038728686E61AEE743EB002038
:10E8D00030B585B00546FFF705FC044628B9092088
:10E8E000FCF796FD4FF0FF300EE0FEF737FE68B9FB
:10E8F000204606F000FF18B10E4B186805F0FBFE2D
:10E900002046FFF701FC002005B030BD00210820A3
:10E9100006F0F8FD014608B96920E1E7056101AAA2
:10E9200047F2090000F0B4FB0028ECD01628EAD02A
:10E93000D6E700BF2CD900202DE9F04385B08146F1
:10E94000884614461D460C9EFFF7CCFB40B90920B3
:10E95000FCF75EFD4FF0FF33184605B0BDE8F083CD
:10E9600015B90EB11620F3E7B8F1290F00F0AD800C
:10E970000CDCB8F1010F11D0B8F1060F00F0A18046
:10E98000B8F1000F00F09F806D20E1E7B8F58D7FB2
:10E9900045D0B8F5007FF7D11E2C1EE03C2C30D0BE
:10E9A0001DDC152C26D00ADC022C0CD0142CEBD14B
:10E9B0003246294605B0BDE8F04307F015BD222CCC
:10E9C0000ADC202CE0DD3146102006F09BFD0746D6
:10E9D00000287FD16920BBE7282CF4D0D4E73D2C58
:10E9E00016D03F2CD0D13246294605B0BDE8F043C1
:10E9F00007F059BD3246294605B0BDE8F04307F09F
:10EA000001BD3246294605B0BDE8F04307F008BD18
:10EA10003246294605B0BDE8F04307F021BD631E2C
:10EA2000132BB1D801A252F823F000BF8BEA0000EB
:10EA3000B5EA0000C7E9000089E90000A7EA000084
:10EA40007DEA000089E9000089E9000089E9000009
:10EA500089E9000089E9000099EA0000C7E900009F
:10EA6000C7E90000C7E9000089E90000C7E9000024
:10EA7000C7E9000089E90000C7E9000032462946DD
:10EA800005B0BDE8F04307F020BD3246294605B089
:10EA9000BDE8F04307F02DBD3246294605B0BDE87C
:10EAA000F04307F03BBD3246294605B0BDE8F043D0
:10EAB00007F046BD3246294605B0BDE8F04307F0F1
:10EAC0004EBD372C89E71F2C87E7202C3FF47BAF06
:10EAD0003E2C82E7C0F81090404607F00AFC7861AF
:10EAE000204600F0BDFAB86125B1324629463868A3
:10EAF00008F0F3FA394647F203007E6001AA00F0FD
:10EB0000C7FA034600283FF427AF21E72DE9F04379
:10EB100085B08146884614461D460C9EFFF7E2FAF2
:10EB200040B90920FCF774FC4FF0FF34204605B0D3
:10EB3000BDE8F08305B10EB90E20F3E7B8F1290F57
:10EB400000F096800CDCB8F1010F11D0B8F1060F7F
:10EB500000F08980B8F1000F00F088806D20E1E7B7
:10EB6000B8F58D7F2DD0B8F5007FF7D11E2C7BE056
:10EB7000152C1FD00ADC042C15D0142CEED13246F3
:10EB8000294605B0BDE8F04307F01EBDA4F12103FE
:10EB9000012BE3D81020316806F0B4FC07460028AA
:10EBA0006AD16920BEE73246294605B0BDE8F04388
:10EBB00007F0FABC3246294605B0BDE8F04307F03D
:10EBC00012BD621E132AC9D801A151F822F000BF5C
:10EBD0004BEC000059EC000095EB000095EB0000B9
:10EBE0003DEC000021EC00005DEB00005DEB00005F
:10EBF0005DEB00005DEB00005DEB00002FEC000022
:10EC00005DEB000095EB000095EB000095EB00003C
:10EC10005DEB00005DEB000095EB000095EB000064
:10EC20003246294605B0BDE8F04307F0EBBC32465A
:10EC3000294605B0BDE8F04307F0F9BC3246294645
:10EC400005B0BDE8F04307F004BD3246294605B0E3
:10EC5000BDE8F04307F00FBD3246294605B0BDE8D8
:10EC6000F04307F01ABD372C94D077E71F2CFBE751
:10EC7000202C8FD03E2CF7E7C0F81090404607F0CC
:10EC800038FB7861204600F0EBF93946B86101AAFB
:10EC900047F20400D7F8008000F0FAF9044620B1EA
:10ECA000404606F05AFC20463CE77A683368414605
:10ECB0009A4228BF1A462846326008F00EFA4046AB
:10ECC00006F04BFC32E700BF014B1878704700BFDD
:10ECD00043EB002008B5FFF7B1F9FFF797FA40B909
:10ECE000012206481146FCF79DFB18B90122044B8E
:10ECF0001A7008BD6FF02D00FBE700BF2CD9002073
:10ED000043EB002010B543690C467BB191F82030ED
:10ED100023F0080381F82030406907F009FB044B19
:10ED2000A061BDE81040186805F0E5BC10BD00BF4B
:10ED30002CD9002010B591F820300C4623F00803A0
:10ED400081F82030006960B9DBB223F0140343F08E
:10ED5000140381F82030054BBDE81040186805F019
:10ED6000CABC07F0E5FAA061F5E700BF2CD9002086
:10ED70002DE9F743DFF8FC900446D9F80000019133
:10ED800005F0BBFC074650B1019B002B70D110234E
:10ED9000A3614FF0FF37384603B0BDE8F083A06CA5
:10EDA000D8B1F9F7F1F9461C94F84F8031464FEA93
:10EDB000880808F10C0006F0A5FB054678B9204646
:10EDC00006F09EFC08B16923A361D9F8000005F0A4
:10EDD00092FC6920FCF71CFBDBE73E46E4E7236876
:10EDE0004246036194F84C3004F15001037594F8E5
:10EDF0004E30183000F8023C94F84D3000F8033CD7
:10EE000094F84F3000F8013C08F067F9F6B132464B
:10EE1000A16C286808F0D8F96E6094F820300420BE
:10EE200043F008032A4647F2810184F8203006F0B7
:10EE300087FB204606F064FC0028ACD1204606F093
:10EE40005AFC40B9A0690028A5D0C3E72E706E70A7
:10EE5000AE70EE70E0E7022001A9FCF709FA10F1AC
:10EE60000B0F05D00028E9D00028B8BF4042B1E719
:10EE70007420AFE72CD900202DE9F74F0025074675
:10EE800088462C464FF00A0ADFF868908DF8045047
:10EE900001AE17F801BBBBF1000F09D1032D27DD2F
:10EEA0000124019BC8F80030204603B0BDE8F08F74
:10EEB0005946104808F04FF968B13278A0EB0903C1
:10EEC00012FB0A33FF2B11D814B90135042DEBDCEA
:10EED00001243370DDE7BBF12E0F07D1002CE3D006
:10EEE000042D03D0707004460136D2E70024DBE71E
:10EEF0005C46D9E7698701002DE9F04F16460D46BB
:10EF000087B001B12AB90E20FCF782FA4FF0FF302A
:10EF100097E0012803D0022808D06A20F4E71146C0
:10EF2000284607B0BDE8F04FFFF7A6BF102200212A
:10EF300002A808F0F8F82B783A2B03D16B783A2B1B
:10EF40007ED101350024A846A346A24627460DF1EE
:10EF5000080915F8011B59B9BAF1000F64D009F17D
:10EF6000020506AB9D426BD864BAA9F8004043E0A5
:10EF70003548019108F0EFF8019998B9334808F045
:10EF8000EAF8019980B1314BBBF1030F58DCC01A8C
:10EF900040EA0414B4F5803F52D24FF0010A0BF15D
:10EFA000010BD6E7284BEFE73A2918D1BAF1000F49
:10EFB00004D1002F44D1A8464F46CAE72B78002B36
:10EFC0003ED009F1020306AA934239D864BAA9F8DF
:10EFD0000040A8469946044683468246B9E72E2952
:10EFE0002ED109F1040506AB9D4229D84946404679
:10EFF000FFF742FF012823D1FFB106AB9D42A5EBED
:10F0000007071DD01A46002101239F420EDA02ABEA
:10F010001A4603CA716006A98A423060134606F197
:10F020000806F5D101200CE04D46E5E715F8010D85
:10F03000013302F8010D2970E7E706AB9D42E6D0E7
:10F04000002007B0BDE8F08F588701004787010016
:10F0500003289CBF014B1856704700BF74870100FE
:10F0600002383C289ABF034B53F820004FF0FF3082
:10F07000704700BF6C7E0100013804289ABF034B23
:10F0800053F820004FF0FF30704700BF587E01005A
:10F090004FF0FF3337B50D4DCA60144615600A4670
:10F0A00001460420019306F04BFA2068A84202D0E2
:10F0B00007F03EF908E0022001A9FCF7D9F8002882
:10F0C000F3D00028B8BF404203B030BDEEC100BC51
:10F0D000431C07D0064B984207D83C23B0FBF3F003
:10F0E00080B270474FF6FF7070474FF6FE70704762
:10F0F00087FF3B002DE9F34105460E461446FEF717
:10F100002DFA002800F025810023934F324629462E
:10F1100007207B6006F014FA4FF0FF3301930220C2
:10F1200001A9FCF7A5F8D7F804800646B8F1000F4E
:10F1300006D110F16E0FF2D1304602B0BDE8F08179
:10F1400010F16E0FF8D0D8F80450022D00F0F880BE
:10F1500047F6FF739D4200F0F680002D40F0F680E8
:10F1600074B142F209223B88934200F0A3800DD88B
:10F1700042F2090293421AD042F20912934254D049
:10F1800078680028D8D006F0E2F9D5E742F20232DA
:10F190009342F5D108F1080208F1180352F8041B54
:10F1A0009A4244F8041BF9D113782370E8E74FF42E
:10F1B00043722946204607F0B6FFB8F8083001220E
:10F1C0002360D8F80A01FFF783FFA080D8F80E016A
:10F1D000FFF77EFFE080D8F81201FFF779FF20816A
:10F1E000D8F81601FFF774FF6081D8F81A01FFF70D
:10F1F0006FFF4FF6FF73E38120231546A081237430
:10F20000511EA274E57408EB8101D1F80A00FFF7E2
:10F210005FFFA082D1F88A00FFF75AFF0132212A4E
:10F22000E08204F10604EBD1AAE74FF443722046D2
:10F23000002107F078FFB8F8083006202360B8F8FE
:10F240000A3008F11502A380B8F80C30123424F803
:10F250000C3CB8F80E3024F80A3CB8F8103024F80A
:10F26000083CB8F8123024F8063C4FF6FF7324F837
:10F27000043C98F8143004F8023C002398F8141069
:10F2800006328B4204F10604BFF67AAF12F8061C70
:10F2900004F8061C12F8051C04F8051C00FB038189
:10F2A000B1F81750013324F8045CB1F8191024F8B0
:10F2B000021CE3E7294620464FF4437207F033FF70
:10F2C0000621B8F80830123444F8123CB8F80A3075
:10F2D00024F80E3CB8F80C3024F80C3CB8F80E308A
:10F2E00024F80A3CB8F8103024F8083CB8F812307A
:10F2F00024F8063CB8F8143024F8043C98F816308A
:10F3000004F8023C08F1170398F8162006339542DA
:10F3100004F10604BFF634AF13F8062C04F8062CEB
:10F3200013F8052C04F8052C01FB0582B2F819002E
:10F33000013524F8040CB2F81B2024F8022CE3E772
:10F340006FF00C061CE76FF05E0619E76FF015060C
:10F3500016E74FF0FF36EFE640D9002070B50446BF
:10F36000002800F00981022A00F0BB80032A00F087
:10F37000C680012A40F00081B1F5B07FC0F0FF8067
:10F38000824D2B68002B00F0FD80FEF729F94FF429
:10F39000B0720021204607F0C6FE2B687C4A5868F0
:10F3A00099681278C4E90001D8681969032AC4E988
:10F3B00002015A6922619A696261DA69A2611A6A74
:10F3C000E2615A6A22629A6A6262DA6AA2621A6B1D
:10F3D000E2625A6B226393F8512084F85020D3F8EC
:10F3E00041202264D3F845206264D3F84920A26406
:10F3F000D3F84D20E2641A8FA28693F83A2084F85D
:10F40000362093F83B2084F8372093F83C2084F88A
:10F41000382093F83D2084F8392093F83E2084F872
:10F420003A20B3F83F20A28732D1D3F852200A25E0
:10F43000C4F85C210022523403F1590193F85600BC
:10F44000824205DA162A04F10C0401F10A0103D103
:10F45000FEF7CCF8002070BD05FB0230B0F8576015
:10F46000013224F80C6C11F80A6C04F80A6CB0F83C
:10F470005A6024F8086CB0F95C6024F8066CB0F9A6
:10F480005E0024F8040C11F8030C04F8020CD5E714
:10F49000D3F8CA201946C4F85C210A26002206FBCC
:10F4A0000230B0F852500132A4F8525091F8545042
:10F4B0000C2A84F85450B0F8555004F10C04A4F808
:10F4C0004A50B0F9575001F10A01A4F84C50B0F974
:10F4D0005900A4F84E0091F8510084F85000DED194
:10F4E000B6E752294BD92B4D2B68002B4AD0FEF79B
:10F4F00077F853222046296807F0EFFDA8E767292F
:10F500003DD9254D2B68002B3CD0FEF769F8234BE5
:10F510002D681B78012B22D168220021204607F09C
:10F5200002FE00222B88083444F8083CAB78E91C22
:10F5300004F8043CAB7818349A4289DA02EB0213DF
:10F54000C85C2B4404F8180C5E6853F8080F0132AD
:10F5500044E9046058689B6844E90203EAE72B89A0
:10F56000236001232371237200232A68C4E9042342
:10F570006A68C4E906236BE76FF015006BE76FF06C
:10F58000790068E76FF0220065E700BF3CD90020F2
:10F5900045EB002038D9002034D9002044EB00206E
:10F5A0002DE9F041FDF7DAFF00285ED0304D4FF035
:10F5B000FF31286805F0A1F8044600283CD12D4E03
:10F5C00033782BBB03274FF00508FDF7C7FF044630
:10F5D000A8BB7B1E012B4FF00207F6D10024FDF7DC
:10F5E000BDFFA8B1152007F074F8014680B103688B
:10F5F00000226FF07F00012718715A7141F2032039
:10F600009A71DA719F74FFF775FD0CB100B937700C
:10F61000152007F05EF8014620B30126036800229A
:10F6200041F204001E71FFF765FD044608B9124B54
:10F630001E70286805F05FF82046BDE8F0811520AF
:10F6400007F047F801460028C3D00368002241F2C2
:10F65000040083F80480C3F80570FFF74BFD002811
:10F66000B7D1BCE76FF00B04E3E74FF0FF34E3E7FB
:10F6700048D9002047EB002048EB002070B5054634
:10F68000FDF76CFF08B3124E4FF0FF31306805F004
:10F6900034F80446A0B9152007F01BF8014688B1DC
:10F6A0000222036841F203201A715C7122469C71A8
:10F6B000DC715D72FFF71EFD0446306805F01BF833
:10F6C000204670BD6FF00B04F7E74FF0FF34F7E70B
:10F6D00048D9002070B50546FDF740FF10B3134E22
:10F6E0004FF0FF31306805F008F80446A8B915203E
:10F6F00006F0EFFF014690B10822036841F20320B3
:10F700001A715C7122469C71DC71A3F80B50FFF7F3
:10F71000F1FC0446306804F0EEFF204670BD6FF047
:10F720000B04F7E74FF0FF34F7E700BF48D900209C
:10F7300070B50546FDF712FF10B3134E4FF0FF31C1
:10F74000306804F0DAFF0446A8B9152006F0C1FFBE
:10F75000014690B11022036841F203201A715C71D6
:10F7600022469C71DC71A3F80D50FFF7C3FC0446E0
:10F77000306804F0C0FF204670BD6FF00B04F7E75F
:10F780004FF0FF34F7E700BF48D9002070B50546B9
:10F79000FDF7E4FE10B3134E4FF0FF31306804F074
:10F7A000ACFF0446A8B9152006F093FF014690B1BE
:10F7B0002022036841F203201A715C7122469C7179
:10F7C000DC71A3F80F50FFF795FC0446306804F095
:10F7D00092FF204670BD6FF00B04F7E74FF0FF3447
:10F7E000F7E700BF48D9002070B50546FDF7B6FE23
:10F7F00008B3124E4FF0FF31306804F07EFF04462C
:10F80000A0B9152006F065FF014688B140220368C3
:10F8100041F203201A715C7122469C71DC715D74A7
:10F82000FFF768FC0446306804F065FF204670BDB1
:10F830006FF00B04F7E74FF0FF34F7E748D90020EB
:10F8400070B586B00646FDF789FE002848D0264DE3
:10F850004FF0FF31286804F050FF0446B8B9152076
:10F8600006F037FF014668B141F2023001AAFFF706
:10F8700041FC10F15F0F04460CD1152006F029FF62
:10F88000014628BB6FF00B04286804F034FF2046C3
:10F8900006B070BD0028F7D1152006F01AFF01460A
:10F8A0000028EFD002220368012E5A719DF814201F
:10F8B00041F2033014BF02F0F70242F008021A7559
:10F8C00000221C719C71DC71FFF714FC0446DBE71D
:10F8D0000122036841F208001A715E710022F3E709
:10F8E0004FF0FF34D3E700BF48D90020014B186028
:10F8F0000020704730D900202DE9F0410568074607
:10F900000C463DB101F47043B3F5005F04D13D4BAB
:10F91000C3E90015BDE8F0813B4E336863B144F2A2
:10F92000040291425DD00CD844F2020399423ED0C9
:10F9300044F203039C4243D03868BDE8F04105F02F
:10F9400006BE44F2012221F48073934202D044F2B5
:10F950000313EFE72D4F386808B105F0F8FD44F2C6
:10F9600001339C420CBF03220222294B1A703D60D6
:10F9700095F85140274D14F0080733682A7810D0C5
:10F980001AB90520984701232B70E20704D56306B6
:10F9900002D402203368984701203368BDE8F04163
:10F9A0001847002AF1D0062098472F70EDE71A4C2F
:10F9B000206808B105F0CBFD032033682560EDE732
:10F9C000164F386808B105F0C2FD44F203139C429B
:10F9D0000CBF01220022124B04201A703D603368D4
:10F9E000DCE72A78032AA7D8DFE802F00205070936
:10F9F00007209847A0E70820FBE70920F9E70A203D
:10FA0000F7E700BF40D9002030D900203CD90020C2
:10FA100045EB002046EB002038D9002034D90020E7
:10FA200044EB002008B50023094A0A4813700A4A2B
:10FA300013700A4A13700A4A13700A4A13600122AB
:10FA40001146FBF7EFFC002818BF6FF02D0008BD32
:10FA500046EB002048D9002048EB002047EB00206F
:10FA600045EB002030D9002010B50B4C206818B1B0
:10FA700005F06DFD00232360084C206818B105F0E7
:10FA800066FD00232360064C206818B105F05FFD79
:10FA900000232360002010BD3CD9002038D900206D
:10FAA00034D9002030B4074B1C6844B143688589C1
:10FAB000A4460268C1899BB2E8B230BC604730BC42
:10FAC000704700BF4CD90020F8B501F47063B3F55E
:10FAD000007F04460D461ED14E4A00F10C0300F192
:10FAE0001407164618685968083303C6BB423246E5
:10FAF000F7D101221868306099889B79B180B37181
:10FB0000454B1D60DA742068002800F08180BDE854
:10FB1000F84005F01CBD414F3E68002EF3D0404B2D
:10FB200024221846002107F0FEFAE268B5F5916F2D
:10FB30000346426056D040F28B42954209D040F2D3
:10FB400087429542DFD103220270B04700233B6019
:10FB5000D9E7227C0272627C4272A27C8272D4F863
:10FB60001320C260217EE27D42EA01220282A17E50
:10FB7000627E42EA01224282E27E0275227F427563
:10FB8000A17F627F42EA0122C282B4F81F20028371
:10FB900094F8220091B294F8212042EA00225A837C
:10FBA00094F823201A7794F824205A7701221A70A7
:10FBB0002268A2B16268B2EB410FA4D1B1F5C06F67
:10FBC00088BF4FF4C062174888BF1A83186288BF85
:10FBD0004FF44062216898BF92B207F07EFA104855
:10FBE000B04790E7227C0272627C4272A27C8272F1
:10FBF000D4F81320C260217EE27D42EA0122028213
:10FC0000627EA17E42EA0122428202220270E7E77E
:10FC1000F8BD00BF5CD9002058D9002050D9002081
:10FC20006CD90020EAD90020002208B5054B06480F
:10FC30001A6001221146FBF7F5FB002818BF6FF090
:10FC40002D0008BD50D9002054D9002000210122E8
:10FC5000074B1970074B1A70074B1970074B196047
:10FC6000074B1960074B18600748FBF7DBBB00BF69
:10FC700049EB00204BEB00204AEB002094D90020F8
:10FC800098D90020A8D9002090D90020024B1868EC
:10FC900008B104F030BD704790D9002070B4284BF3
:10FCA0001B68196958691A7C00221A745C7C5A74A2
:10FCB0009C7C9A74DC7CDA741C7D1A755C7D5A75A8
:10FCC0009C7D03299A75DC7DDA7529D0042929D019
:10FCD00001290FD185681B4E954210D11A7A012156
:10FCE00000221972597A5A72997A9A72DA7A6FF0F6
:10FCF0005F02DA72144B70BC186804F0FCBC911CF3
:10FD000000EB81014C682178622907D0633918BF64
:10FD10000121490046F821400132DDE70121F9E7E0
:10FD2000187ADEE7187A1972597A5A72997A9A72A1
:10FD3000DA7A6FF05F02DA720122044B1A70D9E7A7
:10FD4000A8D900209CD9002090D900204AEB00209F
:10FD500038B5EFF31185202383F31288BFF36F8F3B
:10FD6000064B9C6806F033FD85F31188BFF36F8F57
:10FD70002046BDE83840F9F7BFBD00BFACD9002030
:10FD800038B50A4B53F82040013053F82050A542B3
:10FD900000D838BD606830B1037EDB0701D406F0BF
:10FDA000EBFC0834F3E723689847FAE7607F01002B
:10FDB000012270B5294B86B003201A70FFF7E0FFCF
:10FDC00007F08AF90420FFF7DBFF254C254D264676
:10FDD000AE4204F130040FD300F076FE204CAC426A
:10FDE00026D300F085FEF8F769FB1F4A938923F0BC
:10FDF0000103938106B070BD54F80C3C059354F890
:10FE0000103C049354F8143C039354F8183C0293A8
:10FE100054F81C3C019354F8203C009354E90A2305
:10FE200054E90C0100F05AFC54F8303C5E65CEE712
:10FE3000D4E90A23B3F1FF3F08BFB2F1FF3F05D079
:10FE400052EA0301206803D106F028FF3034C6E7E8
:10FE50000649183001F060F8F8E700BF4CEB0020CD
:10FE6000A8780100D8780100F8CC0020E96B0100E7
:10FE7000C82370B5134E012203FB0066002386B031
:10FE8000CDE904230F220193CDE9023218234FF468
:10FE9000A0720D4D0D4903FB0055044602FB0011F5
:10FEA0000B4B3046009500F019FC337C2C7423F08A
:10FEB00004033374074B013403EBC423EE606B601F
:10FEC00006B070BD30CC0020ACD90020501001200D
:10FED000E7680100500801207FB50020FFF750FFC0
:10FEE000284B03F5006282F3088883F30A88002414
:10FEF000E023254D85F82230EC772C766C76AC76B5
:10FF000085F820406B6A43F4E0236B6285F8234058
:10FF1000F9F75EFBF9F7DAFC4FF0FF33AB62EB6207
:10FF2000F9F7D6FEF9F770FD184800F041FC012002
:10FF3000FFF726FF0220164DFFF722FF00F002FE1A
:10FF4000144B4FF480529D61134B144905930123C8
:10FF50002846CDE90343CDE90144114B009400F05C
:10FF6000BDFB06462B7C284623F004032B7406F0C9
:10FF700007FE2046FFF77CFF31462846084AF9F77E
:10FF800079FC00BF5008012000ED00E0C0CD00204A
:10FF9000F8CC0020ACD90020088701009011012086
:10FFA000B1FD000038B5064C064DAC4201D300202F
:10FFB00038BD2046D4E9011206F04EFC1434F4E7B3
:10FFC00014C700203CC700201FB5054CCDE9002315
:10FFD00002940A46002106F0FDFB04B010BD00BFEC
:10FFE000832B010038B5074C074DAC4201D30020EC
:10FFF00038BD204606F055FC08B91C34F5E76FF013
:020000040001F9
:100000001500F5E714C7002014C70020F7B50E4609
:1000100004469DF82010EFF31187202080F312880A
:10002000BFF36F8F256AE068854244D22568AC42F1
:1000300018D0BDB1284606F061FC05F1180006F0A5
:1000400086FE3146A268686907F047F80023284613
:10005000EB6706F095FD04F10800394606F0DCFD7B
:10006000002036E0A268D9B13146E06907F035F8E2
:10007000E369A26813446269E361934201D1236991
:10008000E361236A10210133236204F1240006F0A6
:10009000DBFF0028DFD187F31188BFF36F8F18E0F3
:1000A000A06923693146984208BF6069801AA0613F
:1000B00007F013F8E5E752EA03010CD0074904F111
:1000C000080089684E61CDE900233946224600F0D8
:1000D00059FC03B0F0BD6FF02200DCE7ACD9002082
:1000E000F7B504460846EFF31186202181F3128804
:1000F000BFF36F8F216A00293AD0A268A16906F088
:10010000ECFFA369A268256813446269A361934266
:1001100004BF2369A361236AAC4203F1FF33236266
:1001200035D02846002D33D0002706F0E7FB05F137
:10013000180006F00CFE6969A268E06906F0CDFFC0
:10014000E369A268284613446269E361934204BFED
:100150002369E361236A01332362EF6706F010FD30
:1001600004F10800314606F057FD384603B0F0BDF3
:1001700052EA030111D00A4989684861CDE9002398
:100180003146224604F1080000F0FCFBEEE70020B7
:1001900086F31188BFF36F8FE8E76FF02200F7E76F
:1001A000ACD900202DE9F341044617461E46EFF373
:1001B0001188202383F31288BFF36F8F304BC268FE
:1001C0009B6872B18068984217D057EA060216D130
:1001D00088F31188BFF36F8F6FF00F0002B0BDE896
:1001E000F08193F90E1001322161C4E9023288F3E3
:1001F0001188BFF36F8F0020F0E72169F3E793F9CF
:100200000E1090F90E30994230DA9942A8BF194683
:1002100006F088FB054622464146CDE9007619489E
:1002200000F0B0FB0028E6D0EFF31186202383F323
:100230001288BFF36F8FA068D0B1236821699C42F8
:100240000AD04BB193F90E309942A8BF19466FF00E
:100250007F039942B8BF194606F064FB40B13146AE
:10026000084806F0D9FC6FF00A00B7E70025D2E78E
:10027000002DF4D186F31188BFF36F8FF3E700BF31
:10028000ACD900204DEB0020F8B583680546002B63
:100290003FD0234A926893423ED1C368012B03D9D1
:1002A000013BC3600020F8BDEFF31187202383F3E7
:1002B0001288BFF36F8F0169806806F033FB2C68EA
:1002C000A54207D10023C5E9023387F31188BFF3A4
:1002D0006F8FE7E7002CF5D0D4E9003200261360D9
:1002E0005A60237CC4E9006623F002032374A660ED
:1002F00004F1180006F02BFDAC6094F90E30204696
:100300002B61E66706F03CFC3946064806F084FCA3
:10031000C8E76FF01500C6E74FF0FF30C3E700BF36
:10032000ACD900204DEB002037B51146EFF3118515
:10033000202282F31288BFF36F8F04689CB1236878
:10034000426823F003039442036008BF4360012125
:10035000204606F074FB044685F31188BFF36F8FC7
:10036000204603B030BD51EA0302F5D000F1080287
:10037000CDE900131046294600F004FB0028EFD118
:10038000014B9B685C69EBE7ACD9002070B5EFF3DB
:100390001186202383F31288BFF36F8F0468A04275
:1003A0001AD0CCB1D4E90032002513605A60237C06
:1003B000C4E9005523F002032374A56004F118007A
:1003C00006F0C5FC2046E56706F0DAFB3146BDE8DD
:1003D00070400A4806F020BCD0E902329A4218BFA9
:1003E000013302218360103006F02EFE0028EDD18B
:1003F00086F31188BFF36F8F70BD00BF4DEB0020F7
:1004000013B5EFF31181202484F31288BFF36F8FAB
:10041000846844B1013C846081F31188BFF36F8F1D
:10042000002002B010BD52EA030406D181F3118806
:10043000BFF36F8F6FF00F00F3E7CDE900230246A3
:10044000014800F09FFAECE74DEB00202DE9FF4159
:1004500004462027534EEFF3118887F31288BFF329
:100460006F8FD4F8CC50F5B9022104F1E40006F006
:100470000DFB002870D004F1DC0500220121284684
:1004800006F02CFC0028F8D100234FF0FF32029335
:100490004FF0FF334146CDE90023434804F1D40235
:1004A00000F07AFCD7E7D4F8D0202B689542C4F846
:1004B000CC3008BFC4F8D030D4F8E43043F00203A5
:1004C000C4F8E430EB6823F0040343F00103EB606D
:1004D0006B6888F31188BFF36F8F28469847EFF356
:1004E000118887F31288BFF36F8FEB68D80623F06B
:1004F00001023ED4EA60EB689A0717D5306823F012
:100500000203EB6090B10021036878B14268954224
:100510003DD10368002934D172683360904200D124
:100520007360002340F8083BFFF730FFD4F8E43055
:1005300023F00203C4F8E430DB0530D4D4F8CC3027
:10054000003B18BF012388F31188BFF36F8F002B86
:1005500081D000F0FFFA7EE7D4F8E430D90693D5D5
:10056000C4F8E40088F31188BFF36F8F04B0BDE8CE
:10057000F08123F01103EB6005F11000FFF706FF97
:10058000B9E70B607368984208BF7160C9E701461C
:100590001BB11A6818461346B7E71A46FAE7002354
:1005A000D1E700BFD0D900204DEB0020F8B5C368DB
:1005B00004469A070E46C3F3400542D45F0742D46F
:1005C0000B680BB983680B60E368D80742BFA36868
:1005D00002253360376858BF012557B31B4B9A6813
:1005E000D7F8C8309A421ED106F089FA80F001008F
:1005F000C0B2D7F8E430D907C3F380021CD5F2B1FA
:10060000F8B100232360D7F8D03073B9C7E9334479
:10061000384606F046FAE36843F00403E3603368C3
:10062000A3602846F8BD0020E3E71C60C7F8D0406F
:10063000EEE76FF0150506E06FF0120503E01B070B
:10064000DFD56FF00F0500233360EAE7ACD9002057
:100650000146014806F03FBAA8CE0020F0B5044696
:10066000002089B00E9DC4E9330004F1D400C4E930
:10067000350004F1DC00C4E9370055B328790028BF
:1006800040F2011008BF0120C4F8E40000204FF040
:10069000FF364FF0FF37CDE90330CDE90100CDE95A
:1006A000066720460C4B009400F056F855B12968B7
:1006B00011B1204606F029FA6B791BB1A38943F0EA
:1006C0000103A381204606F0E9FAC4F8C84009B046
:1006D000F0BD0120D8E700BF4D0401002DE9F04333
:1006E000984685B000F15803C0E91633109B0026E8
:1006F00083810423073222F0070503740F9B01EB6B
:1007000005090F4683734946C0E906668660C673CD
:100710000446F8F75BFD0E9B073020F00700E0660B
:10072000C4E9197502930D9BA9EB000901930C9B79
:100730004A460093394643462046F9F757F8054B99
:1007400066659B6803B11B6F4846236705B0BDE82B
:10075000F08300BFACD90020F0B5002587B0059527
:10076000109DDDE9127604950F9D044603950E9DBC
:1007700002950D9D01950C9D0095FFF7AFFFB6F119
:10078000FF3F08BFB7F1FF3F05D056EA070305D189
:10079000204606F083FA204607B0F0BD3A463346BD
:1007A00004F11800014900F0B7FBF4E7E96B010020
:1007B000012310B50374838100230446C0E9193373
:1007C00000F07EFD014B9C6010BD00BFACD9002045
:1007D0006FF00A01084A9368D967084998674B681F
:1007E00043F080534B60002383F31188BFF36F8F76
:1007F0009368D86F704700BFACD9002000ED00E0CF
:1008000070B590F91020037C002A2FDBD9062DD17A
:100810001A4C63F07F032246037452F81C3F216A8E
:10082000934207D1C0E90021086020620FE099429D
:10083000F8D01B68002BF5D093F90E6090F90E509C
:10084000AE42F4DD5968C0E9003108605860E569DE
:10085000954200D005B9E568A3681A7CD20606D196
:10086000DA897F2A03D9AA690AB9A36170BDAB42AC
:1008700002D0284600F0D2FAA561F7E7ACD90020F3
:1008800038B590F910200146002A037C04DA03F001
:100890007F03037406F03CF90D4D2A4652F81C4FB5
:1008A000AB68944200D004B9EC688B4207D01A7C44
:1008B000D20604D1DA897F2A01D9A2692AB1A342DA
:1008C00002D0204600F0AAFA2346AB6138BD00BF33
:1008D000ACD90020B3F1FF3F08BFB2F1FF3F03D016
:1008E0000249183000F018BB704700BFE96B0100E7
:1008F000034648B9EFF3058232B9064A9169926816
:10090000914201D0FFF764BF83F31188BFF36F8F6B
:10091000704700BFACD9002038B5184CA168206AD8
:100920000B68814214BF1A46002249680B60596067
:10093000A368216A2AB9124AC3E900210B60236225
:100940000AE092F90E5093F90E00854212DD5168CB
:10095000C3E900210B605360E569094B9D4200D05B
:1009600005B9E568A3689D4202D0284600F056FA12
:10097000A56138BD8A42DED01268DBE7ACD9002021
:10098000C8D90020F8B5DDE906670D4B0C4698681C
:1009900011460C4A1060EFF31182202282F3128874
:1009A000BFF36F8F9D68284606F0C4F8284632468C
:1009B0003B46FFF78FFF2046BDE8F840FFF708BF32
:1009C000ACD90020D8D90020F8B50446EFF3118740
:1009D000202383F31288BFF36F8F037C49B203F0A7
:1009E0001F02002A0CBF0126002635D103F07F0329
:1009F0002A4D037406F08CF82A46037C817363F059
:100A00007F03037452F81C3F286A934207D1C4E95C
:100A1000002004602C620DE09842F8D01B68002B87
:100A2000F5D093F90EC08C45F6DD5968C4E9003164
:100A30000C605C60EC69944200D004B9EC68AB686F
:100A40009C4202D0204600F0E9F9AC6187F311889E
:100A5000BFF36F8F3046F8BD9B071CD5856806F045
:100A600057F881732B689D4209D16B68C4E9005324
:100A70001C606C60EAE76A689A42F6D01B68002B3B
:100A8000F3D093F90E208A42F5DD5A68C4E90032AA
:100A900014605C60DAE78173D8E700BFACD900204E
:100AA000034648B9EFF3058232B9064A9169926864
:100AB000914201D0FFF78CBE83F31188BFF36F8F93
:100AC000704700BFACD90020EFF31181202383F3DE
:100AD0001288BFF36F8F054B9A68D37B013BD373AA
:100AE00081F31188BFF36F8F704700BFACD900202E
:100AF00070B5EFF31186202383F31288BFF36F8F55
:100B00000F4DAB68DA7B0132DA732A4652F81C4F7C
:100B1000944200D004B9EC681A7CD20604D1DA8978
:100B20007F2A01D9A2692AB19C4202D0204600F056
:100B300075F92346AB613046BDE87040FFF7D8BE7B
:100B4000ACD90020024B03F11C02C3E90722704715
:100B5000ACD9002070B5EFF31186202383F31288FF
:100B6000BFF36F8F1A4CA168206A0B68814214BFD3
:100B70001A46002249680B605960A368216A2AB9A5
:100B8000144AC3E900210B6023620AE092F90E5077
:100B900093F90E00854216DD5168C3E900210B6010
:100BA0005360E5690B4B9D4200D005B9E568A36829
:100BB0009D4202D0284600F031F9A5613046BDE8DB
:100BC0007040FFF705BE8A42DAD01268D7E700BF4F
:100BD000ACD90020C8D90020F8B550EA0103064678
:100BE0000C4603D1FFF7B6FF0020F8BDEFF31187E5
:100BF000202383F31288BFF36F8F124D124BA86826
:100C00001860FFF73DFEA868234632460F491830AA
:100C100000F082F9AA680446137C384643F00403C6
:100C20001374FFF7D5FDAB68D3E90A23B3F1004F86
:100C300008BF002AD8D106F0BFF8201A20EAE070D9
:100C4000D3E700BFACD90020D8D90020E96B010060
:100C5000014B9868704700BFACD900202DE9F843DC
:100C600004468789EFF31186202383F31288BFF3AC
:100C70006F8F037C190705D586F31188BFF36F8F3B
:100C8000BDE8F883D90943F008026FD10274A36864
:100C900013B1204605F044FF04F1180006F057F8A0
:100CA000A56D04F15808A84511D04FF0000975B1A1
:100CB000284605F035FF05F1180006F048F82846EB
:100CC000C5F87C90FFF79CFDA56DA845EFD1DFF836
:100CD000C480D8F808309C4250D1EFF30589B9F1AF
:100CE000000918BF4FF00109D8F81C50274A954257
:100CF00000D00DB9D8F80C50AB4202D0284600F015
:100D00008DF82046C8F8185003F092F8B9F1000F9A
:100D100002D01F48FFF74CFDD8F808309C4230D174
:100D2000EFF305836BBBA289D20711D586F3118837
:100D3000BFF36F8F83F31188BFF36F8F04231846BF
:100D400002DFEFF31186202383F31288BFF36F8F46
:100D50003046FFF73DFDFB0792D5002383F3118852
:100D6000BFF36F8F0423184602DF89E703F07F0388
:100D700043F00803037405F0CBFE88E74FF0000949
:100D8000B2E786F31188BFF36F8FE4E7C8D900207C
:100D9000C0CD0020ACD90020D3B5DDE90667089CA2
:100DA000CDE90067FFF7EEFD1CB1034B9B685B6963
:100DB000236002B0D0BD00BFACD90020027C034646
:100DC00012F01F0210D10A4988420DD00949086863
:100DD00068B1D9897F2909D893F90E20064B1B6881
:100DE0009A42B8BF002070470020704710467047F5
:100DF00030CC0020C8C60020DCD900200122044BE2
:100E0000C01A044BC0105843034B1A54704700BF1C
:100E100088CE0020ABAAAAAA4DEB002070B50C4BDF
:100E20000C4D1E7CFFF7CAFF182303FB0655044632
:100E3000284605F08CFF0022074B9A553CB1621EF4
:100E40002846BDE870400549D31700F065B870BD6D
:100E5000ACD9002088CE00204DEB0020FD0D010014
:100E600038B5EFF31185202383F31288BFF36F8F1A
:100E70000F4B104A9C681068A04206D1FFF7CEFFC6
:100E800085F31188BFF36F8F38BD00211B7C116083
:100E9000094AD35C002BF3D02046FFF78FFF0028D0
:100EA000EED0237CDB0601D1FFF736FD2046E5E7D7
:100EB000ACD90020D8D900204DEB0020024B186897
:100EC000984208BF00207047CCC60020034B1B6827
:100ED0000BB9FAF75FB90020704700BFE0D90020D6
:100EE00030B570B10B4B5B6898420AD0036843B1D0
:100EF000D3E90421D0E90445121941EB0501C3E906
:100F00000421D0E9003213605A600023C0E90033A5
:100F100030BD00BFCCC60020B3F1FF3F08BFB2F127
:100F2000FF3F2DE9F84F0446994615461F467AD0F3
:100F30008160EFF31188202383F31288BFF36F8F52
:100F4000B9F1000FDFF8E8A020DBFFF7BFFFDAE917
:100F50000027013549F100092D1849EBE0730646D9
:100F60004FF00109C4E90453AD1843EB0707FFF73D
:100F7000A5FF0346DFF8BCE0DEF804A0EBB9C4E946
:100F800000EACAF80040CEF8044028E06FF0010300
:100F9000DAE900125B1A4FF0FF3161EB02025B1BD2
:100FA00062EB0902012B72F10001BCBF0123002298
:100FB0004FF00009C0E90432D9E7D3E9041CD4E9B1
:100FC00004208A4270EB0C0B24DA891A5A686CEB05
:100FD0000000C3E90410C4E9003214605C60FFF74C
:100FE0006DFF84420ED1114B1B685BB9B9F1000F44
:100FF00002D1FFF76BFF0646304605F091FE002157
:10100000FAF79AF888F31188BFF36F8F28463946AC
:10101000BDE8F88F521A60EB0C005345C4E9042078
:10102000ADD01B68AAE700252F46EFE7E0D90020E6
:10103000A0CE0020CCC600202DE9F047284F024664
:1010400038600D46FFF73AFF4FF000084FF00009F7
:10105000244E4FEAE27ED6E9001350B1D0E9044CA9
:10106000A2427EEB0C0A19DAA41A6CEB0E0CC0E952
:10107000044C0024521843EB0E032046C6E900231B
:101080003C6005F04DFE2146FAF756F885F31188CD
:10109000BFF36F8FBDE8F047FFF7E2BE611843EB87
:1010A000E473C0E90489C6E90013FFF719FF0122C0
:1010B0004FF00043C0E9042385F31188BFF36F8F1D
:1010C00083689847EFF31185202383F31288BFF3D9
:1010D0006F8F3A68121B3A60FFF7F0FEB9E700BF66
:1010E000E0D90020A0CE002010B5EFF3118420231A
:1010F00083F31288BFF36F8FFFF7E8FE0346054ABC
:10110000D2E90001181841EBE37184F31188BFF3B1
:101110006F8F10BDA0CE00201423F0B5002420272F
:1011200003FB0100134E01B9F0BD10F8073CA0F11C
:10113000140C03F03F03102B40F80C4C0CD826FA8B
:1011400003F3DB0708D550F8143C2BB150F8105CC2
:101150002B605D6040E9054482F31188BFF36F8F17
:10116000EFF3118287F31288BFF36F8F6046013966
:10117000D9E700BF160101002DE9F74F1D46274BA7
:1011800016469F68012387F8603087F8613052EA7D
:1011900005030CBF0123002307F16002804605F020
:1011A0007EFE8146EFF3118B4FF0200A8AF31288FE
:1011B000BFF36F8F97F860404CB901465A464046DE
:1011C000FFF7AAFF8BF31188BFF36F8F0BE00023AB
:1011D00087F8603056EA050309D18BF31188BFF315
:1011E0006F8F6FF00A04204603B0BDE8F08F5946B8
:1011F000CDE900650A4A0B48FFF7C4FB0446EFF34C
:1012000011858AF31288BFF36F8F2A4649464046FC
:10121000FFF782FF85F31188D6E700BFACD9002025
:10122000D4C600204EEB0020034610B5EFF3118426
:10123000202282F31288BFF36F8FC1600121816089
:101240000068834205D184F31188BFF36F8F0020BB
:1012500010BDD0E9003213605A600023C0E90033AA
:1012600005F0A0FE2146024805F0D6FCEFE700BFDE
:101270004EEB00202DE9F04105460E46174605F0DD
:101280003EFC28B9074B9B681C6F14B9BDE8F08180
:10129000054C3B46324629462046BDE8F04105F064
:1012A000FCBE00BFACD9002014C7002002460021BC
:1012B000014B024805F0F1BE832B010014C700204A
:1012C000014B0367704700BF14C700200146024A64
:1012D0000020FFF7CFBF00BF832B010007B5074BEE
:1012E0004FF4C062009306494FF0FF330548FFF703
:1012F000B5F9002003B05DF804FB00BF787F010062
:10130000D8290120A8CE00200FB407B504AA064BA7
:1013100052F8041B1868019200F0B6FA03B05DF8A9
:1013200004EB04B0704700BF8C7C01000CB430B5F6
:101330008BB004460D462022002102A805F0F3FEE2
:101340000223002D06948DF80A300C4B039312DB18
:1013500001D06B1E1C440FAA0E9902A8079401929B
:1013600000F092FA15B1069B00221A700BB0BDE88E
:10137000304002B070470024EDE700BF4F75010018
:10138000242A2DE9F041054601D8012A0AD1354B1E
:101390001622F8F733FB1A5001B10D600020BDE8AA
:1013A000F0813046064616F8014B202CF9D0A4F106
:1013B00009072346042FF4D92B2C32D02D2C33D1FE
:1013C0004FF0010C3378861C302B34D1307840F04C
:1013D000200078282BD132F0100028D173783546C0
:1013E000102202360CF100470020013FB7FBF2FE4D
:1013F00002FB1E78392B82BF03F1FF3343F0200339
:10140000263B303B9A421DD9704502D817D19845EA
:1014100015D24CF0020C3446354614F8013B2646F2
:10142000E8E74FF0000CCDE74FF0000CCCE7002AC6
:1014300008BF0822D6E7002A08BF0A22D2E700FB2D
:101440000230E8E701B10D601CF0010F18BF404207
:101450001CF0020FA3D0034B2222F8F7CFFA1A5048
:1014600038469CE70C000000242A2DE9F84F8046FE
:10147000894601D8012A59D1424B1622F8F7BEFA03
:101480001A50B9F1000F01D0C9F8008000200146C0
:10149000BDE8F88F31460E4616F8013B202BF9D0F7
:1014A000A3F109001C460428F4D92B2B40D02D2B86
:1014B00040D1012734788E1C302C42D1337843F050
:1014C0002003782B38D132F0100335D17478B04630
:1014D0001025023617F1FF3B6FF000432A4643F117
:1014E000000A584600235146F6F72CFE034600201A
:1014F0008C460146392C82BF04F1FF3444F02004AD
:10150000263C303CA54229D983427CEB010E05D311
:10151000614508BF984219D1A24217D247F002078D
:10152000B646B0461EF8014B7646E3E70146B2E701
:101530000027BFE70027BFE7002A14BF154608258C
:10154000C8E7002A14BF15460A25C3E7A5FB000E0D
:1015500005FB01E1201841F10001E1E7B9F1000FBD
:1015600001D0C9F80080FA0702D5404261EB410181
:10157000BB078DD5034B2222F8F740FA51461A508B
:10158000584685E70C000000242AF0B5044601D82F
:10159000012A40D12E4B1622F8F730FA1A5001B129
:1015A0000C600020F0BD2F463D4615F8010B2028A9
:1015B000F9D0A0F109060346042EF4D92B282CD02B
:1015C0002D282CD101262B78BD1C302B2DD128782D
:1015D00040F02000782824D132F0100021D16B781F
:1015E0002C46102202350020392B82BF03F1FF3335
:1015F00043F02003263B303B9A421AD9A0FB020459
:101600000CB9C01801D346F002062F462C4617F835
:10161000013B3D46E8E70746C6E70026D3E700263C
:10162000D3E7002A08BF0822DDE7002A08BF0A2204
:10163000D9E701B10C60F20748BF4042B307B1D50A
:10164000034B2222F8F7DAF91A504FF0FF30A9E7DE
:101650000C000000242AF0B507460D4601D8012AE7
:101660000AD1414B1622F8F7C9F91A5005B12F607B
:1016700000200146F0BD3046064616F8011B202921
:10168000F9D0A1F109040B46042CF4D92B293DD043
:101690002D293ED14FF0010C3378861C302B3FD1E1
:1016A000317841F02001782936D132F0100133D160
:1016B000737837461022023600200146392B82BF4C
:1016C00003F1FF3343F02003263BA3F13004A24291
:1016D00036D94FF0000E39BBA0FB027338461946CD
:1016E000BEF1000F0AD13F1953F10003384628BF5D
:1016F0004FF0010E1946BEF1000F01D04CF0020C64
:101700003446374614F8013B2646D7E74FF0000C25
:10171000C2E74FF0000CC1E7002A08BF0822CBE760
:10172000002A08BF0A22C7E7A2FB0131A0FB027012
:101730001B1841F100010029D0D04FF0010ECDE778
:1017400005B12F601CF0010F02D0404261EB410156
:101750001CF0020F8ED0044B2222F8F74FF91A50DA
:101760004FF0FF3085E700BF0C0000002DE9F0418D
:101770000126B24201DCBDE8F08107463B461F4628
:1017800013F8014B002CF6D0252CF8D11D78023728
:10179000252DF3D00023DFF8EC809C461C461F2C3F
:1017A00027D8A5F1200EBEF1100F06D828FA0EFE9C
:1017B0001EF0010F53D12E2D3CD02E2D27D8242DD5
:1017C00033D02A2D36D0BCF1000FD4D0B445D5D1BA
:1017D00045F020070B68A7F1650CBCF1020F01D999
:1017E000612F42D1073323F00703083301360B6022
:1017F000BFE77F2CDFD96C2D23D01DD8682D27D0D3
:101800006A2D01D04C2DDED144F4207408E0A5F1FE
:10181000300EBEF1090FEED80A2404FB03E32024A6
:1018200017F8015B002DBAD1CDE7BCF1000F18D03D
:10183000B34218D00023F3E7742DF1D07A2DEFD006
:10184000C1E7250648BF44F4007444F08004E7E78C
:10185000E50548BF44F4007444F48074E0E70024D4
:10186000DEE79C46E6E76325B2E7692D02D007D89C
:10187000632D03D0250601D5A405B3D40433B5E701
:10188000732DF6E7892801002DE9F04F837893B096
:101890008046D0F804909C07CDE9081214D50B4679
:1018A00000250B92187888B1252813D001330693B0
:1018B00041460135C847002880F2F48398F8023089
:1018C00043F0040388F802304FF0FF35284613B088
:1018D000BDE8F08F93F801A09A1CBAF1250F06928B
:1018E000E6D04FF0000B5E465F465C461F2C23D8C7
:1018F000AAF12003102B22D8DFE803F01521211BC9
:101900002121210B2121211321182121090044F03B
:101910000104069B13F801AB0693BAF1000FE5D161
:101920001BE044F0020444F00404F2E744F008042D
:10193000EFE744F01004ECE77F2C00F2F880BAF1F6
:101940002E0F00F0D58000F2AE80BAF1240F00F027
:10195000D580BAF12A0F00F0B680BBF1000F06D097
:10196000099B5A460BA908980B93FFF7FFFE002E20
:101970004AF02003B8BF24F040040493A3F16503A8
:10198000BCBF0026A4B2022B04D94AF02003612B6D
:1019900040F088826FEA0A0A0AF0200307930B9B43
:1019A000073323F0070303F108020B92049A612A1C
:1019B000D3E900AB04F0400340F0E680002B079B26
:1019C00050460CAA08BF4FF0FF360093594644F426
:1019D000C054334605F034FD01304FF0010CDDF802
:1019E00030A0C3B2B3420393A8BF03F1FF36702304
:1019F000CDE9043C0AF10903122B0DD90AF1630366
:101A0000C62B40F2F4800AF2E73340F2CE729342E2
:101A10008CBF0423032305939DF83430D80700F1CD
:101A2000E880A20700F1E880C4F3800B4FEA4B1B6B
:101A30005FFA8BFB13F00C0F00F0EA80BBF1000F94
:101A40000CBF03230423BB420EDA2007A7EB0307D6
:101A50000BD42F4441462020C847002805F101053A
:101A6000FFF62CAFBD42F5D10027BBF1000F07D028
:101A700041465846C847002805F10105FFF61EAF4C
:101A80009DF83430AD4C13F0080FAD4B08BF1C4629
:101A90002646324616F8010B002840F0B0802C1B79
:101AA00002EB040B7AE1AAF13003092B3FD814F0C2
:101AB000400F4FF00A020ABF44F0200402FB063632
:101AC00002FB073725E7BBF1000F7FF422AF0B9A2B
:101AD000600652F8043B0B9201D51E4619E7002B15
:101AE000A7BF44F020041F465F4244F0280410E7DB
:101AF00063063FF5EBAE44F040040AE7BBF1000F8C
:101B00003DD014F0400A099B0BA908980CBF3A4637
:101B100032460B93FFF72AFE0B9B53F8042B0B93D3
:101B2000BAF1000F01D01646F3E61746F1E6BAF116
:101B30006C0F16D00CD8BAF1680F19D0BAF16A0F31
:101B400003D0BAF14C0F7FF408AF44F42074E0E600
:101B5000BAF1740F3FF4DDAEBAF17A0F3FF4D9AEAB
:101B6000FBE6200648BF44F4007444F08004D0E64D
:101B7000E30548BF44F4007444F48074C9E65E464B
:101B8000BB4634463746C4E6002B049B08BF0626F6
:101B9000652B0ED1721C44F48054D2B21346112A24
:101BA0004FF065014FF0000228BF112394460491C5
:101BB00007E0049B662B12D144F40054B446012282
:101BC000112350465946CDE9002C0CAA00F03AFBEF
:101BD000DDF830A0C3B20393022305930AE716F0A1
:101BE000FF02DBD16523944604930123E9E7022336
:101BF00011E74FF02D0B1DE74FF02B0B1AE7079B5A
:101C00004146C01AC0B2C8470028BFF642AF55E6E9
:101C100014F4405F40F09680039B002E03F14803CC
:101C200008BF01266B44133B039A1AB113F8012D28
:101C3000302A75D014F0100F039B18BF33461AF1E9
:101C4000040F72DBB24570DA534544F400547CDD76
:101C50000AF101069E1B2AEAEA730133BBF1000F69
:101C600000D00133002E72D0721C13449F42CCBFAF
:101C7000FF1A002714F0090F03D12F44BD426AD187
:101C80000027BBF1000F07D041465846C84700283F
:101C900005F10105FFF612AE230510D541463020AF
:101CA000C8470028FFF60AAE079B41460235C3F13C
:101CB000780000F0F800C8470028FFF6FFAD2007C5
:101CC00004D4AB467D195D454DD10027A10468D5EC
:101CD0002AEAEA737642AAEB030A039A013B05F16A
:101CE000010B524589BF0CAA3020524450799E42C4
:101CF00041DC41460493C84700280AF1010A049BCD
:101D0000FFF6DCAD5A1C09D141462E200493C8478A
:101D10000028FFF6D3AD05F1020B049B5D46DCE71E
:101D2000039A013AD2B203927EE75E1E14F4006F6A
:101D3000059A14BF0523032313448FE71A87010074
:101D400016870100A10486D4F0E7002683E7E206A7
:101D500048BF01338AE741462020C847002805F1E3
:101D600001058BDAAAE541463020C84700280BF16F
:101D7000010BA8DAA2E541460393C8470028FFF605
:101D80009DADE6060AD5039B013307D105F1020B91
:101D900041462E20C8470028FFF690AD5D465F44BF
:101DA00012E241469DF83500C8470028FFF686AD8F
:101DB000002E5DDD41462E20C8470028FFF67EAD8F
:101DC00001240CAB039A4146A346A242CABFE218C3
:101DD00030205079C8470028FFF670AD01340CABB5
:101DE000A642EFDAAC1C5C44049B4146079A981A61
:101DF000C0B2C8470028FFF661ADBAF1000F4146F6
:101E0000B6BF2D202B20CAF1000AC8470028FFF6D4
:101E100055AD059B042B37D14FF47A7641460334F8
:101E2000BAFBF6F505F13000C0B2C8470028FFF64E
:101E300045AD06FB15AA642641460134BAFBF6F50A
:101E400005F13000C0B2C8470028FFF637AD06FBE9
:101E500015AA0A2641460134BAFBF6F505F1300011
:101E6000C0B2C8470028FFF629AD06FB15AA12E04C
:101E7000E40601D46C1CB7E741462E20C847002871
:101E800005F10204B0DA19E5059B0234032BD2D028
:101E9000059B012BDDD10AF1300004F1010B414615
:101EA000C0B277E7AAF16303122B00F2E580DFE806
:101EB00013F013005400E300E300E300E3005400D8
:101EC000E300E300E300E300E300FC00DD00E300E7
:101ED000E3002900E300AB000B9B01260DF1300A63
:101EE0001A1D1B680B928DF8303020072CD50AEB99
:101EF000060B54465C4529D1A5EB0A0ABF1B04EB2F
:101F00000A0B4BE70B9B1A1D0B92D3F800A0A94BB1
:101F1000BAF1000F08BF9A4614F0400F504614BFA4
:101F200031464FF0FF3103F085FA0646DDE74146C2
:101F30002020C8470028FFF6C1AC013CA642F6D3DA
:101F40002F443D1B2746D2E73C46F7E7414614F8AD
:101F5000010BC8470028CDDAB0E421060B9B32D52F
:101F6000A2052BD5073323F0070303F10802D3E9B9
:101F700000010B9224F0100B00291FFA8BFB32DAC0
:101F800040424BF4806B61EB41010CAC0A232246CA
:101F900005F043F91BF0400FA0EB040200F09C8019
:101FA0002BF0010396429BB240F39F80BAF1000FE1
:101FB00040F09D802BF011039BB21FE01A1D1868A2
:101FC0000B92C117D6E71A1DE00519680B9201D4D0
:101FD0000846F6E7A20547BF48B241F3C01108B270
:101FE00041F3C031C6E750EA0103CED16306CCD538
:101FF000002ECAD124F011043246A3B2344640F276
:1020000006410B426FD126E024F010040A23A4B24B
:1020100014F0800C0B9A4CD014F4007115BF0732E9
:10202000101D22F007020B900FBF106802F108018B
:102030000B91D2E9000150EA010247D124F0160BBE
:1020400062061FFA8BFB45D5002E43D124F01704FE
:102050003246A3B2344619075FD4D90704D5A74244
:1020600072DD3C1BA6183C46A34650E044F0100429
:1020700010234FF0780ACBE74AF02003782B04D1E5
:10208000CAF1780343F01003C2E741462520C84750
:102090000028FFF613AC41465046C8470028FFF61B
:1020A0000DAC0235069BFFF7FDBB08234FF0000A7D
:1020B000AEE7111D10680B9114F48071BBD014F4BD
:1020C00000711ABFC0B2614680B2B4E724F00604C2
:1020D0001FFA84FB0CAC5AE714465B46D9068ED532
:1020E000BAF1000F05D10134B5E71446F6E73446DE
:1020F000F4E70234AFE741462020CDE90332C84778
:102100000028FFF6DBAB0BF1010BDDE903325F4585
:10211000F1DC2C1B04EB0B055C46D90616D54146B9
:1021200030200392C8470028FFF6C8AB039ABAF1E3
:10213000000F32D0023541465046C8470028039A66
:10214000FFF6BCAB2E441DE016468DE740F206417B
:102150000B42F7D013F0020F05F10105414603923F
:1021600014BF2B20202013F4806F18BF2D20E4E72C
:10217000414630200392C847002805F10105039A23
:10218000FFF69CAB731B9A42F2DB16460DF1300A48
:102190002EB902EB050B3F1B00E60135D2E7013EED
:1021A000414603921AF80600C8470028039AEFDA5E
:1021B000FFF784BB1E87010041462020C847002846
:1021C00005F10105FFF67AAB7B1B002BF4DC69E718
:1021D000F0B589B004460D46164600212022684617
:1021E0001F4604F0A0FF0223002D04948DF8023056
:1021F000094B01930EDB01D06B1E1C443A4631465D
:1022000068460594FFF740FB15B1049B00221A7045
:1022100009B0F0BD0024F1E74F7501001FB502AB16
:10222000074A00934FF0CC3305F0D4F8DDE9020102
:10223000C00840EA4170C90805B05DF804FB00BF62
:10224000CDCCCCCC2DE9F04F9BB00F0D04460A93BA
:102250009DF890300592C1F30A520C93C1F3130319
:10226000C90F07917AB950EA03017ED1059930234D
:1022700001274B71079B0A6043F002030B7138463C
:102280001BB0BDE8F08F40F2FF718A420BD10343CF
:10229000079B059A4FF0000714BF43F0080343F073
:1022A00004031371EBE7A2F2354A43F4801523438C
:1022B00004F001024FEA85080CBF27F0010701274F
:1022C00048EA9478089208BF7F054FEA840602BF67
:1022D0007F0DB7FA87F77F09BAF1000FC0F2B68019
:1022E000504600F0EFF9BAF1030FC8BF013804906F
:1022F00000F0F4F9049B7C3016A9A3EB0A0A82448F
:10230000184600F07DFA12AB20462946019310AB27
:1023100016AA02970093534604F0A5FF049B0446B7
:102320000D46152B00F28E8014ABA94A304641466B
:1023300000934FF0CC33DDE9109A05F04BF8149B75
:10234000159A9B0843EA827303EB8303B34210D1CF
:102350004146304600F0CAF9049B83428CBF4FF0DF
:1023600000084FF00108002715E01D46DFF864A2C1
:102370009DE7089B002B55D1013E48F1FF31F01B32
:1023800061F1000100F0B2F9049BDDF82080834286
:102390008CBF002701270C9B002B40F0C880DDF884
:1023A000289000264FF00A0B06960996DDE91001E9
:1023B000FFF734FFDDE912A3CDE90D0119465046C0
:1023C0000F93FFF72BFF0A4603460D990B908B42A4
:1023D0000E9B72EB03010F9B80F0C48020462946C0
:1023E0000F92FFF71BFF0B9B002E14BF4FF000084E
:1023F00008F001080F9A0BFB10460BFB03F50D9B31
:10240000F6B204461093554514BF002707F00107A4
:102410000E9B0D46139211930B9B1293069B013357
:102420000693C3E7B01C48F1000100F05FF9049B7C
:1024300083428CBF00200120B9EB00006AF100024A
:10244000CDE910024FF000084746A4E7CAF1000B9F
:10245000584600F03DF9BAF1FF3F0CBF8146A0F1AC
:102460000109ABEB090B0AEB09035846049300F092
:1024700035F916A9A0F17D0A584600F04FF912ABC4
:10248000A9EB0A0A2046019310AB294616AA00932D
:102490005346029704F0E7FEB9F1010F04460D46DA
:1024A0000ED8089B13B94FF0010874E7109B4FF04A
:1024B0000108119A013B42F1FF32CDE9103252E797
:1024C000B9F13E0FBED84FF0FF33A9F12000C9F19A
:1024D000200103FA09F203FA00F023FA01F103FAEA
:1024E00009F3024326EA03060A4328EA020856EAE9
:1024F00008060CBF4FF001084FF0000833E700FB5F
:1025000002F60133A1FB001232448C4275EB020645
:10251000F5D2049A1344259A1344D20F9342B8BFBC
:1025200013460A9A9A42A8BF1A46914639E70A21E9
:10253000002201230846E8E70BFB01FE0CF1010C29
:10254000A0FB0B017144844275EB010EF4D2CC4523
:102550000DDDB9F1000F02D154EA050107D00123C6
:1025600009933BE70A2000214FF0010CEBE7002F15
:1025700032D04FF00A0B50461946FFF74FFE0BFBC7
:1025800000F20B9152450E9026D1002E14BF4FF051
:10259000000808F00108DDE91001FFF73FFE8A4658
:1025A0000D9029462046FFF739FE0D9A0E9B0BFB36
:1025B00010460D4604461293F6B2CDE9102A0B9A46
:1025C0009A460B9B1392069A01320692D3E700BFFC
:1025D000CDCCCCCCCCFBFFFFB8F1000F05D0052E45
:1025E00003D104F001060436F6B2049B069A1344A4
:1025F0009846099B53B9DDE912239D4208BF9442D6
:1026000004D1089B002B49D1002F47D0042E94BF42
:102610000026012630194FF00A024FF000034FF058
:10262000010745F100011446904271EB030537D2D2
:10263000F6B1B9451CDA0C9B6BB1259A08EB070380
:1026400013440A9A012BB8BF01239A42A8BF1A4625
:10265000974291460CDD053008F1010807F1FF377C
:102660004FF00A024FF0000341F10001F5F76AFD57
:102670004F450FFA88F8059BA8BF4F464FF0000959
:102680003FB2B84408F1FF3607F105089844B94550
:102690000DDB059B079A1E601A71F0E50126B9E76C
:1026A00004FB03F50137A2FB04232B44BCE70A22F9
:1026B0000023F5F747FD303209F1010908F8012D33
:1026C000E5E700BF014B5843800C704741340100DF
:1026D000014B5843000D7047FB2E0B00024B584333
:1026E000C00C0130704700BF4F93120070B5034615
:1026F000094A00204FF0CC364FF0333506FB03F487
:1027000002FB0144A3FB023121449D4275EB01040D
:1027100001D30130F2E770BDCDCCCCCC1A232DE92A
:10272000F04FB0FBF3FA334E03FB1A0389B00446B3
:102730000D4606EB0A1653B9D6E90023C1E900237A
:10274000D6E90201C5E9020109B0BDE8F08F2A4AC5
:1027500002EBC303D3E9008904AB4046494600932A
:10276000D6E9022304F036FE06AB83460F46404608
:1027700049460093D6E9002304F02CFE002381464D
:10278000DDE9066216EB0B0652EB070828BF0123B2
:1027900033B1049B059A013342F10002CDE90432C2
:1027A00020460391FFF79AFF07461A2000FB0AF024
:1027B000FFF794FF3F1A3246434648460399009775
:1027C00004F01FFE0D4A4FEA141C640004F01E03BF
:1027D00052F82C40DC4004F003042418304641F148
:1027E0000001DDE90423C5E900414146009704F0FA
:1027F00008FEA7E7987A0100C8790100847F0100EC
:102800002DE9F04F1A2700F11905DFF8E8A089B08B
:1028100004460E46B5FBF7F56F434FEA051B0AEB7E
:1028200005153A1A0AD1D5E90023C1E90023D5E9F3
:102830000201C6E9020109B0BDE8F08F2B4B03EBA2
:10284000C203D3E9008904AB404649460093D5E969
:10285000022304F0BFFD5AF80B206B68013ACDE962
:10286000020106A963F1000340460091494604F0C5
:10287000B1FD8A46029900238146DDE906526D18B2
:10288000039952EB010828BF012333B1049B059A39
:10289000013342F10002CDE904323846FFF71EFF52
:1028A00007462046FFF71AFF3F1A2A464346484686
:1028B0005146009704F0A5FD0D4A4FEA141C640030
:1028C00004F01E0352F82C40DC4004F003040134F1
:1028D0002418284641F10001DDE90423C6E900413E
:1028E0004146009704F08DFDA3E700BFC8790100C1
:1028F000D87F0100687B0100704700EBC100408871
:1029000040087047F8B50346FFF7F7FFB0FA80F0CC
:10291000C0F11F0003EB800CDCF81060CA00171D2B
:102920000C4606328DB256B9012101FA00F0D96881
:102930000143D960CCF81040DD539D52F8BDF10041
:102940000431585AD85303EBC0009E52C5805D52E3
:10295000F4E710B500EBC104E388994202F10401E9
:102960000AD1012303FA02F2C36823EA0203C36017
:10297000002340F8213010BDA28840F8213000EB40
:10298000C20100EBC300CB808280F4E708B50346A8
:10299000FFF7B3FFB0FA80F21846BDE80840C2F175
:1029A0001F02FFF7D6BF2DE9F843B1FA81F3C3F157
:1029B0001F0200EB8209D9F8107006460D4687B950
:1029C0004FF0FF34C3F120039C40F3681C4014D047
:1029D00094FAA4F2B2FA82F2131D56F8234021466B
:1029E00008E03C464FF0030821463046FFF785FFDC
:1029F000A84205D33046FFF7ACFF2046BDE8F88378
:102A000006EBC404E488B8F10108C9F81040D7D037
:102A1000A742E9D1D4E738B50446FFF76EFF0D466B
:102A2000034611462046FFF768FF03449BB204EBC0
:102A3000C5055A0020466A80FFF75FFF014424F86D
:102A4000313038BD70B50B460446FFF756FF04EB36
:102A5000C305511A9B1A89B203444E009BB26E8083
:102A600004EBC2005D00458024F832102046114678
:102A7000FFF743FF014424F8313070BDF8B5002959
:102A800051D004680D1F2D1BEE0825F007056219B3
:102A9000538813F0010306D183F31188BFF36F8FBE
:102AA0000423184602DF31462046FFF726FF304454
:102AB00034F83030C01A864207D0002383F31188DF
:102AC000BFF36F8F0423184602DF5388314623F08B
:102AD000010353802046FFF710FF371804EBC703AC
:102AE0005B88DA0708D439462046FFF74FFF3A469D
:102AF00031462046FFF78FFF655B751B04EBC5036E
:102B00005B88DB0709D429462046FFF73FFF3246A2
:102B100029462046FFF77FFF2E4631462046BDE876
:102B2000F840FFF7EFBEF8BD70B509B9002070BDE1
:102B3000056801F007030B33CC0804EBD304AB6842
:102B400028469C4228BF1C462146FFF72CFF06461C
:102B50000028EBD001462846FFF7CFFEA04207D958
:102B600028463219FFF76EFF11462846FFF7CAFEC6
:102B700005EBC60210465388043043F0010353802E
:102B8000D5E71146FFF7D0BF043A2DE9F843CC1D35
:102B9000114424F0070421F00706A6EB04084FEACD
:102BA000D807B7FA87F24FF00009C2F12405AD004B
:102BB0000735C2F12002ED0804604946A760C4F859
:102BC0000C90920004F1100004F0ADFAAAB2530088
:102BD00043F0010363807B1B9BB204EBC5015800EB
:102BE000A4F80090488024F83520A6F8029024F834
:102BF000083004EBC7035A88294642F001025A8084
:102C00002046BDE8F843FFF77DBE002070470FB4B3
:102C100007B504A951F8040B0191F5F7C3FC03B003
:102C20005DF804EB04B07047038B13F0070306D183
:102C30000368002B18BF032008BF00207047022B39
:102C400005D1408BB0FA80F0400980007047012B1D
:102C500004D10368002B18BF0520EDE70020704762
:102C600010B50C4600B111B96FF0150010BD081D6C
:102C700000F088F80028F9D1A368032BF6D9F3E710
:102C80002DE9F0410D4607461946281D90461E467F
:102C900000F08CF8044638B133464246294638469F
:102CA000A446BDE8F0416047BDE8F08110B4EFF301
:102CB0001182202484F31288BFF36F8F41615DF885
:102CC000044B0121F5F7A0BC38B50C46054658B1B8
:102CD00051B10B6843B14B6833B11C22002104F0A1
:102CE00022FA00202C6138BD6FF01500FBE7F8B523
:102CF00004460E46FFF7B4FF051E3BDBEFF31182DF
:102D0000202383F31288BFF36F8F4FF6FF71638B1D
:102D1000278B8B4207F007072ED0062F2FD8DFE82E
:102D200007F0182E082E180418006FF085050023F0
:102D300003E0013363830225012382F31188BFF38B
:102D40006F8FBBB100233A4631462046FFF798FF0C
:102D500010E000233360636823B9C4E9006627B13B
:102D60003D46E4E71E606660F9E702212046F5F77C
:102D70004BFC3D462846F8BD6FF00A05D7E76FF0DB
:102D80000405D4E7034640B1426802F00302022A78
:102D900006D0032A04D0012A05D06FF01500704731
:102DA0001A68002AF9D000209860704710B5426870
:102DB000034602F00302022A81600AD0032A0BD1E3
:102DC0000468002000225A6008B1FEF72DFA204660
:102DD00010BD00240068F5E700242046F2E77047A4
:102DE00030B1C38882889B1A8B42B4BF0020012077
:102DF000704730B5BDF80C50059C0D2D11D1012543
:102E00008B42258002DC6FF0150030BD4C1CA4B253
:102E1000415C181B1480F6D401F10D03049A138051
:102E2000F3E70E2D02D000232380ECE70225258056
:102E30005C1A012CE7DD4C19455C013189B2415C1B
:102E4000A4B2181B41EA05211480DCD401F20D1351
:102E50009BB2E3E730B501F007040B11251D0231E9
:102E600003FA05F315D01AB1016809B1914212D1E4
:102E7000416811B1017A8C420DDC016809B19942B7
:102E800009D302B102604360037AA342A8BF23467C
:102E90000372002030BD6FF01500FBE7F8B50F4658
:102EA000012104461546FFF79BFF064660B12368E3
:102EB000A288681818445919521B04F01BF923689A
:102EC0005F55A3880133A3803046F8BD38B50D4661
:102ED00001210446FFF784FF28B1A3882268D55456
:102EE000A3880B44A38038BDF8B5054614460F46A9
:102EF00081B11146FFF774FF064648B1AB882868D8
:102F000022461844394604F0E8F8AB881C44AC80EB
:102F10003046F8BD0E46FBE7F8B50F4602210546E0
:102F20001446FFF75DFF064688B12B68AA88601833
:102F3000121B1919184404F0DDF82B68A4B23A0AE0
:102F40001A552B6823445F70AB880233AB80304640
:102F5000F8BD2DE9F74F0C2905461C460C9F019240
:102F600017D84FF0000BD846C9B20C2C24D84FF01C
:102F70000009CA46E3B243EA01112846BAB2C9B20F
:102F8000FFF78CFF7E1C60BB6FF0150003B0BDE83F
:102F9000F08FB1F5867F06D80D391FFA81FB4FF00F
:102FA00001080D21E1E76FF4867211441FFA81FBDD
:102FB0004FF002080E21D8E7B4F5867F07D8A4F1B8
:102FC0000D090D234FF0010A1FFA89F9D3E76FF4B9
:102FD000867304EB03094FF0020A0E231FFA89F9E6
:102FE000C9E7B8F1010F34D1B2B228465FFA8BF1CC
:102FF000FFF754FFBE1C0028C6D0BAF1010F32D132
:10300000B2B228465FFA89F1FFF748FF013600287F
:10301000BAD0CCB1019BBBB121462846FFF7E0FEF8
:103020000028B1D02868AA8837198119921B384422
:1030300004F060F828682246019910FA86F004F03E
:103040004CF8AB882344AB8008F101005044204485
:103050009CE7B8F1020FD0D1324659462846FFF717
:103060005BFFFE1CC7E7BAF1020FD2D132464946D8
:103070002846FFF751FF0236C9E72DE9F04F8B4292
:1030800089B08246DDE912B816461F46DDF8509039
:103090000ADD4C1CA4B2455C14801C1B06D4FF2D19
:1030A00008D1002C40F093806FF01504204609B041
:1030B000BDE8F08FB8F800100131A8F80010290918
:1030C00005F00F05ADF81C10ADF81E50002C44D1D2
:1030D0000C29E9D80C2D18D90DF11A0302930DF122
:1030E0001E03CDE9005332463B4650463188FFF778
:1030F00080FE041ED8DBB8F80030BDF81A20134457
:103100009AB29342A8F80030CED1BBF80050BDF877
:103110001C301D44ABB2ABF80050ED1A18BF0125AE
:10312000002DC1D1B8F80030BDF81E20134499B26B
:103130008B4218BF0125A8F80030EB07B4D43CBB84
:10314000002AB1D1B9F1000F27D1338813449CB2C2
:10315000A3423480A8D13C1BA8E70C29BAD90DF1B1
:103160001A04029407ACCDE900141188FFF741FE60
:10317000041E99DB01D10C2D96D8B8F80030BDF8AB
:103180001A2013449AB29342A8F80030A2D08BE7D9
:10319000B9F1000FD9D0282A86D8BBF80030A9F899
:1031A0000220A9F80030348809F104003B1B934247
:1031B000FFF67AAF0AEB0401059203F08EFF059A41
:1031C0001444A4B234803C1B7FF570AF6CE700243C
:1031D0006CE7F8B5089E04469DF81C50BDF82870B1
:1031E00010B96FF01500F8BD0029FAD0002AF8D008
:1031F0004FF0000C01609DF81810C0F804C00901E0
:1032000001F0300141EA831105F00F031943C0F8C2
:1032100008C0C0F80CC0C280C9B2FFF757FE002832
:10322000DFD020469DF82410FFF750FE0028D8D0AC
:1032300002212046FFF7D4FD0028D2D0A2882368BF
:10324000390A9954236813445F70A3880233A3801A
:103250001EB9043500202572C5E7002DF9D02A4695
:1032600031462046FFF740FE0028F2D1B9E72DE9AC
:10327000F04F0E4690469946044695B020B96FF03F
:10328000150015B0BDE8F08F0BB1002AF7D0A38967
:103290006289257AB34205EB020A64D900272C2201
:1032A000394609A8ADF81E50ADF82070ADF822706F
:1032B00003F039FF1FFA8AF35545D4F800B016DA47
:1032C00009AA02920DF12202019208AA009229464F
:1032D00058460DF11E020593FFF7CFFE00283FDB95
:1032E000BDF82020BDF81E109642059B35D2BDF8D2
:1032F0001EA0A2880BEB0A01A2EB0A020BEB050051
:1033000003F0F8FE6389A5EB0A0A13FA8AF36381D6
:10331000A388F11B13FA8AFAA4F804A04B4642468C
:103320002046009589B2FFF714FE0028A7DB6389C9
:10333000BDF8241003440544891B63812046BDF871
:10334000263000950AAA89B2FFF703FE002896DB13
:10335000638918446081002093E70D461746ABE768
:103360006FF089008DE70AB1F31A9EB24B464246D0
:1033700031462046CDF800A0FFF7EBFD0028FFF610
:103380007EAF63891844A38960811E44A681E2E769
:1033900073B53AB913468DF8042001AAFFF767FF09
:1033A00002B070BDFE2AD3B203D88DF804300123D9
:1033B000F3E74FF6FE74A242C2F3072504D852BACF
:1033C0000223ADF80420E8E76FF07F46B242C2F373
:1033D00007442BBF12BA8DF80630042303233ABFEB
:1033E0008DF805508DF804400192D6E74388013BE3
:1033F000032B15D8DFE803F00204081100797047A9
:10340000808840BA80B27047037942791B0443EA4E
:103410000223827943EA02007047406800BA70478D
:1034200000207047FF2108B5FFF750FD00280CBFB2
:103430006FF01500002008BD08B5FFF755FD002806
:103440000CBF6FF01500002008BD2DE9F04387B0D8
:10345000894690461E4604469DF8387000284ED096
:1034600000294CD0032A4AD92BB12C22002118461E
:103470007A4303F058FE0025C4F80090A4F80480B5
:10348000A4F8068065812572A58199F8001001F0E5
:103490000F01082904D96FF04C0007B0BDE8F08394
:1034A000043141452172F6D827D04FF02C08ADF8F1
:1034B0001410ADF81250ADF81650BD422CBF0023C9
:1034C00008FB056302930DF1120301930DF116033E
:1034D00038BF6A1C009338BFD5B2E388BDF814101A
:1034E000206805AAFFF7C9FD00280BDBE5D1BDF870
:1034F00012306381BDF81630A3810020CDE76FF054
:103500001500CAE76FF08900C7E72DE9F04780464C
:10351000084600250E46F4F737FE2C4607462B4694
:10352000BD420EDB0021BC4258DA01331B1B3219AD
:103530009BB2002950D00F214046BDE8F047FFF76D
:1035400096BE735D2F2B13D1AC4206DB6C1CBC42C4
:10355000A8BF3C462B460135E2E72B1B0B2140461A
:103560009BB23219FFF783FE0028EFD0BDE8F08749
:103570003F2BEFD1AC4209DB6C1CBC42A8BF3C46E0
:103580002B46A146B9450BDB0121CCE72B1B0B21B8
:1035900040469BB23219FFF76AFE0028ECD0E5E7FF
:1035A00016F80930262B01D03F2B06D14C4508DBFD
:1035B00009F10104BC42A8BF3C464B4609F1010990
:1035C000E0E7A9EB04030F2140469BB23219FFF755
:1035D0004EFE0028ECD0C9E70B21ADE70020C5E77F
:1035E0002DE9F04F17469846C288037A05469A425D
:1035F0000E464FF0000487B029D04FF02C0AADF8EA
:103600001430ADF81240ADF816400DF1120BBDF8B4
:103610001630B3421BD8444519D20AFB04F907EB14
:103620000903CDE901B30DF116030093EB88BDF852
:103630001410286805AAFFF720FD00280BDB37F8D7
:103640000930B34204BF0134E4B20028DFD1204680
:1036500007B0BDE8F08F6FF01504F8E718B1006807
:1036600008B100788009704720B1006810B1007877
:10367000C0F30110704710B5044608465CB12168DC
:1036800059B10C7804F00F04621E072A05D82246AF
:10369000043103F022FD204610BD0024FBE720B1D9
:1036A000006810B1408840BA80B270472DE9F04FF1
:1036B000054689B00846FFF7D1FF80460846FFF768
:1036C000EEFF9DF848900C4616461F4682460DF1C7
:1036D000180BB9F1000F12D059462046FFF7CBFF67
:1036E0000223CDE9010B00933A4643463146284672
:1036F000CDE9039AFFF76DFD09B0BDE8F08F4846AC
:10370000EEE730B50C4687B005462046FFF7A6FF2A
:1037100011461A4603462046FFF7C1FF04900020D9
:10372000CDE902000190032000902846FFF751FDEB
:1037300007B030BD08B9002070470029FBD0027ADD
:1037400083889B1A42899B1A012B08DD013B0B8061
:10375000037A4289006813440133184470470023F8
:103760000B80E8E708B5F5F753F80138C0B2062832
:103770008CBF0020012008BD0346017202600020BA
:1037800058607047F8B501250C7A0646FFF7EAFF46
:10379000221D95404B68ADB2B3FBF5F704F007026C
:1037A00042EA071238B109682B448B422CBF002330
:1037B000012342EAC3023046BDE8F8401B21FFF76F
:1037C000E7BD70B501250E7A0446FFF7CBFF321D29
:1037D00095404B68ADB2B3FBF5F206F00706120157
:1037E00030B132432046BDE870401721FFF7D0BD0D
:1037F00009682B448B422CBF00230123324342EA49
:10380000C302EFE730B504460D468DB02C220021EF
:1038100001A803F088FC01232946204601AAFFF7EE
:10382000DFFE002804DD01A8FFF7E0FD0DB030BD8C
:103830006FF00100FAE72DE9F0410C461B218046AC
:10384000FFF7E0FF172105464046FFF7DBFF3C216D
:1038500006464046FFF7D6FF1C2107464046FFF7C5
:10386000D1FF01464046FFF77DFFF0B1B01C12D0FA
:10387000002E33DB06F0070330111A1D310700FA62
:1038800002F22BD4217A08B18B4227D18B42A8BFF8
:103890000B4662602372BE1C14BF3A4600222946C2
:1038A0002046BDE8F041FFF7D5BAA81C10D0002D86
:1038B00014DB05F007031A1D2D119540626895422F
:1038C0000CD1227A934209DC002F2372A8BF276013
:1038D0008B1C14BF0A4600223146E1E76FF0150049
:1038E000BDE8F081002373B51B2A0D46064611463C
:1038F000ADF8063001D0172A19D13046FFF782FF04
:10390000041E11DB0DF106013046FFF713FFBDF871
:10391000063069682A680B440AB19A420AD314F047
:10392000080418BF1C466B60204602B070BD6FF0E3
:103930001504F9E76FF07904F6E710B50446FFF7D0
:1039400011FF00280CBF17221B222046FFF7CAFFD9
:1039500020EAE07010BD73B5026A0446E2B9838EB6
:103960006422002B08BF9623066B7343B3FBF2F56A
:10397000AE420DD204210DEB010000F0E6FA019BEE
:10398000C6F101022A44B3FBF2F102FB11331E44DB
:103990002662012002B070BD90F82E000028F9D0F8
:1039A000D4E906319B1841F10001C4E90631E38EE8
:1039B000013853436422B3FBF2F384F82E002362F0
:1039C000E7E7002303628362704710B54FF4BA62E1
:1039D0000021044603F0A7FB4FF0FF33C4F8C835BD
:1039E00010BD38B5044600F5BE70FFF73DFE012856
:1039F0001FD0D4E9183213431CD003F0E1F94FF47F
:103A00007A75A0FB053205FB0121D4E91820DB0BF8
:103A100043EA41439B1AA26F4FEAD13102EB4202C3
:103A200061EB00019A424FF000038B41B4BF0120CB
:103A3000002038BD0120FCE710B590F8733404462F
:103A40000BB1012010BD00F58960FFF7CAFF002807
:103A5000F7D094F8433A002BF3D104F61820FFF77F
:103A6000C0FF80F00100C0B2ECE7FCF79BBB2DE982
:103A7000F04701F5CA778AB00D464FF486620021FF
:103A80000646384603F04FFBF4F7B8FE0446F4F759
:103A900031FF0822288585F82A20236805F11C01BA
:103AA000EB61636805F5BE782B6204903378019270
:103AB000CDE9021373784FF4866283F0010300931B
:103AC000394601234046FFF784FB041EC0F2A5805F
:103AD0004046B11CFFF719FD041EC0F29E80D6F8C7
:103AE000843013B9D6F88C3043B10C21404696F897
:103AF0008320FFF74DFC041EC0F28F806F6B47B12F
:103B0000404605F13001FFF75CFE041EC0F28580DF
:103B100001274FF0000A06F1980996F8EC309A4513
:103B200058DBD6F88420D6F88CA012B9BAF1000F71
:103B300073D00023D5F83C900893BAF1000F70D0F1
:103B4000B9F1000F58D14FF4806748460997D6F86D
:103B5000F03009AA009308A90DF11F03D047041EF5
:103B60005BDB099ABA4256D803D29DF81F30002B6E
:103B700051D0089B002B4ED09DF81F3097B2B9F161
:103B8000000F42D0002B41D02B6C1344EB632C462A
:103B900054F83C3F6BB90621D6F888202046FFF741
:103BA000EBFDF4F72BFE0368C5F88C314368C5F8CC
:103BB000903121464046FFF7E5FD041E2DDB08232A
:103BC0004FF49271404605F5C672FFF750FB041E94
:103BD00041DA22E039F8041C172900D13FB94A46DE
:103BE000404639F8023CFFF742FB041E15DB0AF1A0
:103BF000010A09F12C0990E7012795F84430286C57
:103C000004339F40BFB20997A1E723BB4FF0FF33B6
:103C1000C6F88830BBE76FF0150420460AB0BDE84F
:103C2000F0870892B9F1000F0FD0012795F84430C2
:103C3000296C04339F40A9EB0103BFB29BB29F42A2
:103C40000A4428BF1F460892A1E7D6F88870B7F546
:103C5000806F15D8BFB24046FFF7E4FB041EDCDBE3
:103C60003A4640460899FFF7E7FB041ED5DBEB6BAD
:103C7000002BD2D0404605F13C01FFF75EFECCE7B9
:103C80004FF4806783E7FCF7FFBA70B50D4619461D
:103C90000C238AB00446164606A80DEB0302FFF774
:103CA00030FD002807DB2B462046BDF81C20069976
:103CB0000096F4F727FE0AB070BD70B5846E054615
:103CC000DCB190F82B00B8B103F07AF84FF47A76B3
:103CD000A0FB063206FB0121D5E91820DB0B43EAE5
:103CE00041439B1A4FEAD13161EB0001A34271F1CC
:103CF0000001ACBF0120002070BD2046FCE72DE98B
:103D0000F041D0F8183104460F4686B003B34FF0A7
:103D1000010800F12C05D5E8EF6FC5E8E38F002B13
:103D2000F9D1AEB9314616220DF1020003F0FBF9CC
:103D30006846D4F81831D4F87811ADF800708DF8D1
:103D400014809847D5E8EF3FC5E8E26F002AF9D123
:103D500006B0BDE8F081F8B50446061D4FF0FF330C
:103D60004FF0FF3230460D46FFF77FFE94F8733474
:103D700004F589671BB129463846FFF7C0FF38466E
:103D8000FFF723FE94F8433A04F618241BB12946A2
:103D90002046FFF7B4FF2046FFF717FE3046BDE888
:103DA000F840FFF770BF03F0BEB903F096B90146C3
:103DB0000068F5F7B5B908B5F5F704FABDE80840AD
:103DC000F5F78ABDEFF314835A0712D500F14002CC
:103DD00080EC100A82EC108AF1EE102AC0F88020E4
:103DE000012223F0040380F8842083F31488BFF3B6
:103DF0006F8F704790F884308BB1EFF3148343F0EA
:103E0000040383F31488BFF36F8FD0F88030E1EEA2
:103E1000103A00F1400390EC100A93EC108A7047BE
:103E200000210120F5F77CB9436E83F30B887047BE
:103E3000F5F7FCBC61B662B680F31188BFF36F8FF3
:103E4000704772B6002383F31188BFF36F8FBFF3FF
:103E50004F8F30BF62B6BFF36F8F704772B60023CB
:103E600083F31188BFF36F8FBFF34F8F20BF80F3B1
:103E70001188BFF36F8F62B6704740E800F313F408
:103E8000803FD8B208BF6FF01500704730B50C689E
:103E90004B6885B00A894D890094013B24F01F04CA
:103EA000234402F01F0242EA451223F01F03694631
:103EB0008DF808200393F5F7DDFD05B030BD08B59A
:103EC000F5F7B8FF002008BD0CB4034607B504AAF7
:103ED000084652F8041BDB680192984703B05DF86E
:103EE00004EB02B07047FCF75DB9FCF7CDB9F5F70C
:103EF000E1BF0CB4034607B504AA084652F8041BF8
:103F0000DB680192984703B05DF804EB02B070479C
:103F100070B5141E05460E4613DB4FF4004C40F2FC
:103F2000E73000214FF47A720023E4FB0C01F4F730
:103F300009F902460B4631462846BDE87040F6F7BF
:103F40005BB84FF0FF321346F5E70022F6F776B97B
:103F5000FCF728B9FCF798B938B103682BB11B6896
:103F60009B682BB15B681BB1184700239B68FFDE81
:103F70000020704708B5F6F767FAF6F7BDFAF4F7D0
:103F8000ABFC002008BD10B1006800B1406870476C
:103F900010B1006800B10068704728B1006818B11E
:103FA000C069003818BF0120704738B1006828B1D7
:103FB0000C30D0E8AF0F084100F00100704760B14D
:103FC000036853B101220C3302FA01F1D3E8EF0F79
:103FD0000843C3E8E20F002AF8D1704768B10368CC
:103FE0005BB1012202FA01F1C9430C33D3E8EF0FB0
:103FF0000840C3E8E20F002AF8D17047FCF7D2B8B6
:104000004FF0FF324FF0FF331830FFF7F7BF10B516
:104010000346FFF7B8FF28B1C2681AB1BDE81040E7
:104020001846104710BDFCF72FB92DE9F041036881
:104030000021044693F82060FFF7B7FF90BB0225EC
:104040002368002B4BD02746204683F82050FFF7EB
:10405000D7FF57F8188B02F0B3FE4FF47A72A0FB2B
:10406000020302FB0131C00B40EA4140C90BC8E921
:104070000A013846FFF7D7FF236893F82030AB4298
:104080002DD1062D24D1062E29D008212046FFF758
:1040900096FF2046FFF781FF08BB2046BDE8F041B0
:1040A000FFF7B5BF2046FFF773FF02F07DFB68B155
:1040B00009212046FFF779FF0028C0D00A212046B9
:1040C000FFF773FFC0F10605EDB2B9E70325B7E7C7
:1040D000062E04D108212046FFF780FFD9E7BDE86E
:1040E000F08138B50546FFF78BFF00212846FFF722
:1040F0005CFF10BB2846FFF746FF044680B184688A
:1041000074B12846FFF744FF02F04EFBC0B12846C9
:10411000FFF739FF0121836828469847041E06DB14
:1041200028460021FFF74BFF2846FFF77EFF05F1E9
:104130001800FFF778FF204638BD6FF07704F6E7E8
:104140006FF00504F3E708B50346FFF726FF48B113
:104150001846FFF71DFF8368986818B18047C31E93
:104160005842584108BD0C220369C9B202FB013311
:10417000186C00F00700704770B50346C9B20069BB
:10418000EFF31186202484F31288BFF36F8F0C2580
:1041900005FB0104246C14F0C00401D0A24210D12C
:1041A000012205FB01000264002086F31188BFF3A1
:1041B0006F8F28B95B6803EBC1035B6898470020E9
:1041C00070BD4FF0FF30F0E78022FFF7D5BFF8B5A4
:1041D000069F05460469C9B2EFF3118C202080F3D5
:1041E0001288BFF36F8F0C2606FB0146306C00F07F
:1041F000070EBEF1010F11D1376400268CF3118830
:10420000BFF36F8F46B90C2000FB0144C4E90E23B5
:104210006B6853F8313098473046F8BD00F0C00065
:1042200087420CBF6FF077064FF0FF36E6E713B515
:1042300080240094FFF7CBFF02B010BD10B41C2403
:104240000069CBB204FB030000215DF8044B10476A
:104250001046FCF79BB800F0F3BEF8F71BBE08460B
:1042600008B51146F8F7E4FC002818BF6FF0040009
:1042700008BD08B500F072FE002818BF6FF00400FA
:1042800008BD436800205B681B690B60704743688A
:1042900002EA01005B6821EA020198600020D9600F
:1042A0007047436800205B6899607047436800204E
:1042B0005B68D960704743685B685A6821EA02000E
:1042C000114098600020D960704730B50369586884
:1042D00000B30024884219D108688CB99C685860E2
:1042E000A14200D19860002008602AB15A680A6093
:1042F0009A68596002B9996000200FE02846E9E702
:1043000020609868814208BF9C60ECE7056804461D
:10431000002DF3D1002AE9D16FF0150030BDF8F778
:104320000DBF30B543681360057A446804EBC504DB
:10433000A34202D36FF0010030BD5C7908338C4298
:10434000F1D10020F8E743681B68D3F88004C3F874
:104350008004704742681368D3F8100150B1002000
:10436000D26912780A70C3F81001D3F81021012223
:104370001A6070474FF0FF307047002A0FDD426827
:104380001368D3F8100158B10020C3F81001D3F816
:1043900010010120D26912780A701860704700205D
:1043A000704710B543681C680369EFF31180202241
:1043B00082F31288BFF36F8F1A68D17B39B991737A
:1043C00001221B68DA734FF48003C4F8043380F3CE
:1043D0001188BFF36F8F10BD03691A68D17B21B1BB
:1043E0000121917300221B68DA737047026903464A
:1043F0001168C87B40B15B681B68D3F8580118B1DD
:1044000000230B6113689889704743681B68D3F8D1
:104410001001003818BF0120704743681B68D3F8AB
:104420000423D2065CBF1022C3F8042370474368FC
:104430001B68D3F80423D20644BF1022C3F8082314
:1044400070474FF4007243681B68C3F80423704739
:104450004FF4007243681B68C3F80823704738B5EF
:10446000436804461D68D5F804335B0205D4D5F8CB
:10447000040310F0100006D138BDFFF7B7FF002885
:10448000F5D00120F8E72046BDE83840FFF7BDBF72
:10449000012070470369186801601B685A60704703
:1044A00002680346D2F8580140B95B68DB0706D4BE
:1044B000D2F82001003818BF012070470120704752
:1044C00010B4436802691B68D3F80413C90517D5F3
:1044D000D3F82011A1B1EFF31181202484F31288C5
:1044E000BFF36F8FD3F8204134B10024C3F82041CB
:1044F000D3F820410124DC6081F31188BFF36F8F72
:104500001168D3F8584171B184B100240C6111686D
:10451000C97B19B94FF48001C3F8081311688C7B6B
:1045200024B100238B735DF8044B7047D3F824113A
:1045300021B10021C3F82411D3F824311268136883
:10454000002BF0D051685DF8044B184713B501AA51
:104550000446FFF7E6FE002805DB019B2268197977
:104560001868F6F7FFFA02B010BDF8B5054600224C
:1045700001210820F5F7F0F80820F5F7BDF86C6880
:104580000121E068FFF7E2FF6B681A682369C2F84F
:104590002435617D237D0B43A17D0B43C2F86C352F
:1045A0006E680022D6E9004313F0010312D02F6990
:1045B00004F10C01C4F8A02104F59070C4F88C201B
:1045C00007F10C0200F004FD00283ADB387BF8F715
:1045D00091FB01230822C4F80025B2690121C4F827
:1045E00044250022C4F84825A1606BB9D4F82031D5
:1045F000002BFBD0C4F82021D4F820310123E36044
:104600004FF48073C4F80433D4F85831002BFBD036
:104610000021C4F800156D68E8682C68FFF796FF64
:104620000823C4F800352A7A52B9EB69C4F8343546
:104630000123C4F83835C4F81021D4F810212360C0
:104640000020F8BD2DE9F0410669054633680127D1
:104650009C8910339442A8BF1446D3E8EF2F002A58
:1046600003D1C3E8E07F0028F7D10CBF3B4600230D
:104670002BD133682246986802F02FFDEFF31188A2
:10468000202383F31288BFF36F8F69680846FFF712
:1046900007FF326840B90446106188F31188BFF300
:1046A0006F8F2046BDE8F0810B689268C3F84425FF
:1046B0000022C3F84845C3F82021D3F82011C3F8DD
:1046C0005821D3F858219F60E7E71C46E9E700220C
:1046D00000F150039B009BB203F1804303F5A83324
:1046E0001A601B68704708B5F6F7C6FB08BD02F0F4
:1046F0003FB802F004BAFBF749BE38B54B1C05467B
:1047000017D04FF4004C21EAE17440F2E730002169
:104710004FF47A720023E4FB0C01F3F713FD024619
:104720000B462846FBF76CFE002818BF6FF00A0006
:1047300038BD4FF0FF321346F3E7FBF7A5BD38B5A0
:104740004B1C054617D04FF4004C21EAE17440F2AF
:10475000E73000214FF47A720023E4FB0C01F3F7F9
:10476000F1FC02460B462846FBF71CFD002818BF4B
:104770006FF00A0038BD4FF0FF321346F3E71FB564
:1047800004460068F6F7FEFE60B1426A52B1436823
:1047900001A80193A36803936368002B18BF0B2340
:1047A0000293904704B010BD0020704737B505460E
:1047B0000068F6F7E7FE044688B1C3697BB142683A
:1047C0000092028C6846ADF80420EA88ADF8062015
:1047D000984794F8223013B10023E361236203B0B9
:1047E00030BD38B50C4605461822002102F09BFC6E
:1047F000638802226B802B4604F1140123F8042BFA
:10480000221D52F8040B8A4243F8040BF9D1237D90
:104810002B7538BD38B50B460446162200211846C4
:1048200002F081FC6288022142800246034622F89F
:10483000041B04F11400211D51F8045B814242F86D
:10484000045BF9D1227D1A7538BD006801F0E6B924
:10485000034610B51C680B880846012B86B00DD1A5
:104860004A88ADF80030ADF8022008224B68019369
:104870006946204601F0EAF806B010BD022B04D1CB
:104880006946FFF7C7FF1622F2E7204606B0BDE8EB
:10489000104001F0DBB838B5044604B938BDE06912
:1048A000256802F012FC204602F00FFC2C46F4E7CB
:1048B0002DE9F04F14460E4600218BB0054620220C
:1048C00002A81F46019102F02EFC5CB163680293BE
:1048D000E3680493A368039323690593236A03B1F0
:1048E000089302AC31462246284601ABF9F79CFCFE
:1048F000064648B9804681464FF0180A019D386047
:1049000035B9019801F041F830460BB0BDE8F08FA1
:104910005420FCF7CBFC0446002836D0C0F80090A9
:10492000C0F820902B684360AB68C3606B688360FD
:10493000EB680361D5F804B0BBF1010F14D1082076
:10494000FCF7B4FCE061E8B10823A3616B695A8805
:10495000A0F800B042805B684360B8F1000F21D13D
:104960003C60A046ED69CBE7BBF1020F15D11820E2
:10497000FCF79CFCE06128B1C4F818A06969FFF756
:1049800030FFEAE7204602F0A0FB6FF00906386826
:10499000FFF781FF00233B60B3E702F096FB6FF067
:1049A0000506F4E7C8F80040DBE7FBF7FBBB10B5F2
:1049B00004460068F6F7E6FD30B1B4F906100C3095
:1049C000BDE81040FCF730BC10BDFBF75DBC002318
:1049D00007B5CDE90033F6F7D1FF03B05DF804FB6E
:1049E0002DE9F04F054680688BB00C46DDE9146771
:1049F00091469A4608B1FFF7E8FFD5F800B006B136
:104A0000AFB900232146CDE900334A465346584604
:104A100001F012FB0446A86828B14FF0FF324FF0B6
:104A2000FF33FFF7C2FF20460BB0BDE8F08F0DF15A
:104A3000100816220021404602F075FB162203AB37
:104A40002146CDE90083039253464A46584601F079
:104A5000F3FA041EDFDBBDF81030012B0AD1039AF4
:104A6000082AD8D13380BDF81210059B718073607D
:104A70003A60D0E7022BCED1039B162BCBD1414617
:104A80003046FFF7AEFE18233B60C4E7002307B5AE
:104A9000CDE90033FFF7A4FF03B05DF804FB38B5A0
:104AA00005460068F9F714FF044610B92846F7F7E1
:104AB00037F8204638BD704703780D2B07D143786F
:104AC0000A2B04D18078003818BF012070470020DD
:104AD00070472DE9F04F9946002385B006468B4676
:104AE0009046CDE901339DF838A00393002A4AD0BF
:104AF000B9F1000F47D0F7F723FA0446E0B90025D3
:104B0000B3682F46013B994229469CBF3368C6E9EA
:104B10000130CDE90117304601A98DF80C50F7F7A7
:104B200023FADDE90117B3680446013B9B459DF874
:104B30000C5005D90028ECD0204605B0BDE8F08F18
:104B40000028F9D1013D082D20D8DFE805F008083C
:104B500008081F08080508006FF03C04ECE7BAF1EC
:104B6000000F04D0C8F80010C9F80070E4E7D9F8C5
:104B700000207B1C9A420CD33A46404602F0ADFA24
:104B800008F807A0F0E76FF01504D5E76FF05E04B2
:104B9000D2E76FF00B04CFE77FB5002306460D4642
:104BA000CDE901330393A1B1F7F7CAF9044668B917
:104BB000304601A9F7F7D8F90028F9D0B3682B607F
:104BC000431D03D00B3018BF6FF04C04204604B0D7
:104BD00070BD6FF01504F9E70223F7F769BA13B552
:104BE00000240094FFF775FF02B010BD0B7830B5BC
:104BF000412B22D017D8252B03D003F0F703232B0A
:104C000013D14B785A2B15D8402B02D8303B092BA7
:104C10000BD84B1C5C785D1C3A2C2FD025D8303C2F
:104C2000092C02D825E0612B07D00023C0E900330E
:104C3000836030BD613B192BEAE74B7803F0DF035B
:104C4000542BF2D18B788D1C233BDBB2082B05D87B
:104C500040F2051424FA03F3DB0717D402B1156000
:104C60006D1A016045600323E2E75A2C03D8402CFB
:104C7000DBD92B46CEE7613C192CD2E70233E2B9EF
:104C80005B1A013B436001600423D1E7CB785A2BC8
:104C900010D8402B02D8303B092BDFD8CB1C5C78D6
:104CA0005D1C3F2C21D017D8392C08D82F2CD5D9F2
:104CB0002B46F4E7613B192BEFE71360E0E73D2C4F
:104CC000CCD16C783F2C18D1033302BB5B1A023B6A
:104CD000436001600123ABE75A2C02D8402CE7D196
:104CE000BCE7613C192CE3D9B8E702336AB95B1A17
:104CF000013B4360016002239AE7023302B1136073
:104D00005B1A013B01604360ADE71360EFE713609E
:104D1000DCE730B50B78203B192B47D8DFE803F0F0
:104D20000D462046464646464146464B6D4B464656
:104D3000788989898989898989894C784B1C223CA1
:104D4000172C33D8DFE804F04532323232324A329F
:104D500032535A5332326577777777777777777729
:104D60004B781BB30131222B67D00C4614F8013F5E
:104D7000E3B1222BFAD10B4621464C782C2C14BFE0
:104D80004D1C8D1C15F8014C02B11560C91A036049
:104D90000623416003722C2C14BF002301234372AD
:104DA00008E04B7813B1283B012B48D80023C0E919
:104DB0000033836030BD4B78313B082BF6D80B466F
:104DC000013111F8014F2C2C4FD0303C092CF8D96F
:104DD00023E08B78002BE9D00231C4E78D78292DB0
:104DE000E4D0282DE2D08C1C19464DBBDEE78C7830
:104DF000313C082CDAD80231E3E70B460AB1591CE2
:104E000011600360002343604FF484730381D1E792
:104E10000B465C78591C2C2C27D00C4611F8015CF1
:104E200002B11160E41A03600523446003722C2D63
:104E3000B2E70B46C5E71946C3E70B469DE74C1C96
:104E40006578282DB2D0292D01D00134CDE7A57881
:104E5000A31C2C2D0CD01C4614F8015C02B114606C
:104E60005B1A436001600723E0E70C460131D5E798
:104E70000334F1E708B5F7F791FA002008BDF7F71A
:104E800041BCF7F76DBCF7F7A1BCF7F7E7BBF7F745
:104E9000AFBB08B9F7F79ABD704708B5F7F79CFBA9
:104EA00018B9BDE80840F7F7CDBB08BD10B50446FA
:104EB00094B03822002106A802F035F9214601A855
:104EC000F7F77AF96A46012101A8FFF785FE58B97C
:104ED000009B0BB1012B07D18DF82030032306A8CE
:104EE0008DF81830F7F700FA14B010BD08B500F0CF
:104EF00035F848B1002383F31188BFF36F8F042383
:104F0000184602DF6FF0040008BD00B589B006AB9B
:104F100002930823039301AB049304230791CDE983
:104F2000053004AA062002A9F7F75CFE02280AD081
:104F300003280BD068B90198003818BF01204042FF
:104F400009B05DF804FB6FF01500F9E76FF085001C
:104F5000F6E74FF0FF30F3E700207047002070477E
:104F600003460020184701F003BC024610B5116843
:104F700091B1B1FA81F3C3F11F000123834021EA0B
:104F80000303D2E8EF4F8C4204D1C2E8EC3FBCF1FE
:104F9000000FF6D1EBD110BD6FF00B00FBE710B5A1
:104FA0000368CB40DB0710D401238B40026843EA3F
:104FB0000201D0E8EF4F944204D1C0E8EC1FBCF1ED
:104FC000000FF6D1F2D1002010BD6FF01500FBE705
:104FD00070B5D0F880300646002B0C46154613DB22
:104FE000D1F88030002B0FDB00210846F7F774FE64
:104FF00048B92B7843F00043C6F880302B7843F053
:105000000043C4F8803070BD6FF01500FBE710B1AD
:10501000012802D07047F7F73DBFF7F7DBBE18B1A4
:10502000012803D100F00AB800F00AB8704708B5AB
:10503000F7F7ECFEBDE80840F7F770BFF7F79EBE44
:10504000F7F7FCBE1FB50DF10F03019300238DF898
:105050000F101A4619460093F7F792FF05B05DF856
:1050600004FB70B5CBB2083330F813301646DA05BE
:1050700004460D4609D5C3F3432300EBC302314672
:1050800050F83330526828469847A3682BB1314610
:105090002846E268BDE87040184770BD10B4CBB236
:1050A00000EB43039A8AD1051CD5C2F3432122F4B5
:1050B000F8529A8200F1520400F1120232F8023FD3
:1050C00013F4807F03D0C3F3432399420AD0A24252
:1050D000F4D1002200EBC1035A605DF8044B583054
:1050E000FFF75DBF5DF8044B7047F0B50446002044
:1050F00001270546844695420AD1D4F87C3133B164
:105100000023C4F87C31D4F87C3140F00040F0BD7D
:10511000EBB29B0003F580769B0807FA03F3194274
:1051200008D054F806E0BEF1000F03D044F806C0E2
:10513000A65918430135DEE70246CBB202EB430322
:105140009B8A0846990611D599070FD4012110684A
:105150005B0B9940C0F80813126802EB8303D3F885
:10516000102522F00302C3F8102570470021FFF735
:1051700069BFF0B5136805460C46164685B0DBB12D
:10518000CFB200EB4707BA8A02F02202222A1ED0D1
:1051900000222046CDE900228DF80E208DF80F2048
:1051A0000DF10E010DF10F02F7F7EAFEBB8A23F0B5
:1051B000020343F00103BB8273682BB31A7858686B
:1051C000E3B205EB4303998A8F0703D5B0B16FF0C3
:1051D00015001CE021F4604121F02001998268B1A2
:1051E000032AF4D8716849680F7829684FEA870C58
:1051F000614472B9C1F81025C1F81025998A21F0CF
:105200001C0141EA82029A82B36843BB002005B0C8
:10521000F0BDD1F8100520F00300C1F81005286892
:105220006044D0F8101521F4473121F44071C0F8E2
:1052300010152102D0F810C501F4F85141EA0241DD
:1052400041EA0C01C0F8101505EB4701A1F85C40DC
:10525000998A41EA473141F020019982CEE72146FF
:10526000D3E900672846FFF719FF002ECED06B6800
:105270009E4206D005F15800FFF777FE002804DAB9
:10528000C5E7AB689F42F5D1002005EBC003C3E939
:105290000167E4B205EB4404A38AC0B243EA4023A9
:1052A00043F48073A382B1E7F0B506460C461F466F
:1052B00085B0F2B1CDB200EB4505AB8A980701D4B9
:1052C00099061ED413F01C0F02D05378012B18D06E
:1052D00001238DF80F3000232046CDE900230DF186
:1052E0000F01931C0132F7F74BFEAB8A43F0030327
:1052F000AB82002F3DD0E2B206EB4202938A9B07BD
:1053000003D46FF0150005B0F0BD00213878336884
:105310004FEA800C03EB8003C3F81015C3F8101597
:10532000938A23F4604323F0200393827D7805B3AE
:105330003168BF786144D1F810352D0423F49813F7
:1053400023F4F853C1F81035230203F4F85305F49D
:1053500040353F05D1F810652B4307F480173B43D8
:105360003343C1F81035938A43EA403343F02003B6
:1053700093820020C7E7C0E903127047C9B200EB6F
:105380004100838A990643BF5B0B002013706FF0C6
:105390001500704790F86C00003818BF0120704766
:1053A000F7F74ABE73B50C46C9B200EB41018B8AD0
:1053B00005689E0619D513F0020616D15B0B9C00FA
:1053C00004F580716E50695801682144D1F8104588
:1053D00044F00104C1F810452AB10122016802FA23
:1053E00003F3C1F8043302B070BDD5F80433002BC9
:1053F000A4BF4FF00043C5F804338B8AC3F3820384
:10540000042B11D0052B11D001A80194F7F7ACFDA6
:10541000019A0369D34003F00103991C204602B0AE
:10542000BDE87040FFF70EBE0321F7E70221F5E764
:10543000FFF782BE03460020884200D170471A5C05
:10544000002AFBD00130F7E70020704700207047AA
:10545000002070470020704700207047F8F77EB8A2
:10546000022904D0042906D0012900D170478068A0
:1054700008B1F6F743B87047F8F794B8002210B5B2
:105480000468944200D110BD00EBC2014B680132A8
:1054900023F0FF0343F003034B60F2E70420F7F728
:1054A00071BF0420F7F776BF08B5F7F739FFBDE8FD
:1054B0000840FAF7EBBB38B504460025031D226807
:1054C000AA4201D8002319E04FF00002D3E8CF0F21
:1054D000032804D1C3E8CC2FBCF1000FF6D102D0D1
:1054E00008330135EBE701EB851318464022002114
:1054F00001F019FE034604EBC504A060184638BD50
:105500000830704770B506460D4631B10846F5F7CC
:10551000EDFF044610B9002070BD0C463046F8F788
:1055200047F840B9002CF6D02046F5F7E7FF0120F8
:10553000F5F7B2FFEFE70661C56040F8084FEBE70B
:1055400040EA0141104640F8081DF8F743B8F8F763
:105550003BB8F8F733B8F5F7C9BF08B5F5F7CEFF94
:10556000BDE808400120F5F797BF0429F8B50546C6
:10557000174604D0102910D000242046F8BD08207A
:10558000F5F7A6FF04460028F7D000234360012367
:10559000478003802B684360EFE71620F5F798FFFC
:1055A00004460028E9D0061D12220021304601F0F1
:1055B000BAFD022323802B46678005F1100253F8C1
:1055C000041B934246F8041BF9D1D6E7134609B9E8
:1055D000116070470A88012A02D0022A07D070475A
:1055E0001A68082A28BF08221A6001F076BD1A68D6
:1055F000162A28BF1622F7E708B5F8F773FD40B161
:1056000000F11C03D3E8EF1F0131C3E8E21F002AB9
:10561000F8D108BD006808B1F8F7F0BC704737B59D
:105620000025036804460093838F6846ADF8065052
:10563000ADF8043000F0D3FD38B1A36B684698474D
:1056400094F83E300BB1A563E56303B030BD1FB5E0
:1056500003680392CDE90131036C01A8984705B0B6
:105660005DF804FB4068003818BF01207047002334
:105670000B60836813B9C0E901117047196081603C
:10568000704738B505460C46F7F7AAFFAA682368A5
:1056900094426B6008BFAB6000232046236000F09B
:1056A00056F9BDE83840F7F7A1BF40687047006978
:1056B000431E5842584170470069831E5842584162
:1056C00070470069C31E58425841704740F2111399
:1056D0004069B0F5817F18BF98420CBF01200020BF
:1056E000704790F82000C0F34000704790F8200009
:1056F000C0F38000704790F82000C0F3C0007047EE
:10570000406C00F00100704790F8200000F00100AC
:1057100070470369012B05D18069A0F180035842CD
:10572000584170470020704790F82000C00970472A
:10573000806920F08000003818BF0120704790F881
:105740002000C0F340107047806B003818BF012064
:105750007047006C003818BF0120704790F8340083
:10576000431E58425841704708B590F82030024611
:1057700013F001030BD1FFF7DBFF28B91046FFF749
:10578000C8FF80F00100C3B203F0010008BD002390
:10579000FAE770B504460D4616462046FFF7E4FFCB
:1057A00070B155B1284600F0C1F848B93146022021
:1057B000F5F75EFD0028F0D070BD6368002BF5D0D2
:1057C0000020F9E74068003818BF0120704790F8C2
:1057D0002200003818BF01207047014610B5FFF7BE
:1057E000A7FF91F82040C4F3401340EA03020B697D
:1057F00082F00102012B14BF0123C4F38003D2B253
:1058000008461A40FFF762FF48B1C4F30014084687
:10581000FFF77FFF224080F00100104010BD0124FF
:10582000F5E710B50C46F8F75DFC28B190F820308C
:1058300064F3861380F8203010BD10B50C46F8F7DD
:1058400051FC28B190F8213064F3000380F8213036
:1058500010BDD0E9092353EA020109D04FF47A714F
:10586000B3FBF1F001FB02000128B8BF0120704733
:105870004FF0FF307047D0E90B2353EA020109D003
:105880004FF47A71B3FBF1F001FB02000128B8BFBD
:10589000012070474FF0FF307047013802288CBF5D
:1058A000002001207047013802288CBF0020012011
:1058B00070470088012807D0023818BF0120162938
:1058C00008BF40F001007047A1F108035842584159
:1058D0007047FF2818D007DC06280ED0112811D0F9
:1058E000B0FA80F040097047B0F5817F05D040F2F2
:1058F0001113984206D000207047012914BF0020E0
:10590000012070470229F9E70329F7E7C368012B53
:1059100003D0022B07D0012070470888012814BF4C
:1059200000200120704708880228F8E700B10068CD
:10593000003818BF0120704700B1006870474389E4
:1059400040681844704702894089101A704710B5A2
:1059500004464068FFF7FBFDE06808B1F5F7C0FDBD
:105960002046BDE81040F5F7BBBD10B504462068E1
:1059700000B910BD626803689042236008BF63608D
:10598000FFF7E5FFF3E700F02BBD38B5044604B997
:1059900038BD6069E56908B1F5F7A2FDA06908B1F5
:1059A000F5F79EFD2046F5F79BFD2C46EFE77FB50A
:1059B00006460D461446F7F7D1FD38B90120F5F734
:1059C00027FD4FF0FF33184604B070BD731E012B46
:1059D00001D96A20F3E715B15CB91620EFE7002C76
:1059E000FBD100211C20FFF78DFD044640B9692042
:1059F000E5E7012E02D1042CF3D0EEE7102CFBE7F3
:105A000095B1012E14BF102204222946426118309C
:105A100001F063FB214647F20F0001AAF9F738FBBA
:105A200003460028CFD0CAE7057545758575C5754D
:105A3000F0E710B5044600F0D1FC23684360A36989
:105A400083602046BDE8104000F0CABC73B506462E
:105A50000C461546FFF7D0FD019050B90920F5F727
:105A6000D7FC4FF0FF3401A8FFF7D4FD204602B069
:105A700070BDFFF75DFE019B08B19869EFE718461E
:105A8000FFF734FE08B17F20E9E70198FFF729FE10
:105A900008B17820E3E70CB90E20E0E72146019831
:105AA000FFF734FF08B96A20D9E729462046FFF7F7
:105AB00000FF08B91620D2E70198FFF721FE05463E
:105AC00020B1019B5D69113D18BF012500211C20FB
:105AD000FFF718FD024608B96920C0E70661238870
:105AE000012B11D0022B18D00199042091F82030FD
:105AF00043F0020381F8203047F20201D560FFF73E
:105B00001FFDDDB17720AAE76388838204238375B4
:105B10000023C37563688361E6E7638800F11801B9
:105B20008382102383750023C375231D143453F817
:105B3000040BA34241F8040BF9D1D5E70198FFF714
:105B40009AFE00900198FFF7CCFD20B90198846976
:105B500084B1204683E769460220F5F789FB10F1FE
:105B60000B0F05D00028EDD00028B8BF404276E7E3
:105B7000742074E7FFF7AAFD00283FF474AFDDE955
:105B80000010F9F7F5F804466DE730B585B0054625
:105B90000C46F8F7A7FA38B90920F5F739FC4FF0A9
:105BA000FF33184605B030BD0CB90E20F5E721468D
:105BB000FFF7ACFE08B96A20EFE700211C20FFF7D1
:105BC000A1FC014608B96920E7E705612388012B9C
:105BD0000AD0022B11D047F2050001AAF9F758FAB2
:105BE00003460028DDD0D8E76388838204238375C9
:105BF0000023C37563688361EDE7638800F11802D1
:105C00008382102383750023C375231D143453F836
:105C1000040BA34242F8040BF9D1DCE730B585B0A0
:105C200005460C46F8F75EFA38B90920F5F7F0FB9F
:105C30004FF0FF33184605B030BDFFF738FD08B907
:105C40005F20F3E700210C20FFF75CFC014608B958
:105C50006920EBE724EAE4740561446101AA47F294
:105C60000800F9F715FA03460028E3D0DEE7F0B59F
:105C700095B007460D461446FFF7BEFC019050B99B
:105C80000920F5F7C5FB4FF0FF3401A8FFF7C2FC70
:105C9000204615B0F0BD15B11CB90E20F1E7002C5F
:105CA000FBD1FFF704FD08B95F20EAE70198FFF791
:105CB00027FD28B10198FFF78AFD08B90B20E0E71E
:105CC0000198FFF7C6FD00900198FFF71DFD019BAD
:105CD00050B10198FFF77BFD0028D1D0F8F7CEF93D
:105CE000064680B91720CCE71846FFF770FD00285C
:105CF000EFD169460220F5F7BBFA0028E4D000286E
:105D0000B8BF4042BDE700210820FFF7FBFB01467A
:105D100020B93046F8F7F8F96920B2E70761039631
:105D200075B17CB9234647F20C0002AA0493F9F737
:105D3000AFF9074640B13046F8F7E6F93846A0E734
:105D40002B46F0E70BABEEE73DB134B1BDF83E308A
:105D5000042B04D0102B15D02760346895E701235D
:105D60002768ADF81430082F28BF0827BDF83C304D
:105D7000ADF81630109B06933A46284605A901F067
:105D8000ACF9E9E70223ADF81430BDF83C3006AFBA
:105D9000ADF8163014ABADF8280013E90F0087E812
:105DA0000F002768162F28BF1627E5E72DE9F04FCB
:105DB00089B016469846129F0390019103F0400562
:105DC00003F40079F8F78EF9044638B90920F5F79D
:105DD0001FFB4FF0FF3009B0BDE8F08FFFF7B9FCB3
:105DE00038F41073009003D125B1B9F1000F07D03A
:105DF0005F20ECE7B9F1000F02D0009B002BF7D138
:105E00002046FFF738FD0490B9F1000F0FD120466E
:105E1000FFF776FC70B9C5F380182046FFF79EFCAB
:105E200058B12046FFF784FC80B1A069CFE74FF05E
:105E30000008F2E74FF00108EFE72046FFF778FC93
:105E40000028F2D12046FFF764FCEDE72046FFF77B
:105E500033FC30B12046FFF749FC10B90FB9792067
:105E6000B5E72046FFF728FC00283CD0002F40D1A2
:105E700047F2060B2046FFF71AFC40B12046FFF719
:105E800025FC20B1B6F5006F28BF4FF40066FFF780
:105E900060FBB04207D22046FFF709FC00283FD044
:105EA000FFF757FB064647F206039B450CBF0E2340
:105EB0002223002502932046FFF741FC18B120461B
:105EC000FFF752FC70BB31460298FFF71BFB82467E
:105ED000002836D1012004A9F5F7CAF968BBB8F14A
:105EE000000FF0D021E02046FFF7EBFB0028BDD1EA
:105EF000BEE739462046FFF709FD08B96A2066E784
:105F000038461399FFF7D5FC08B916205FE72046FD
:105F1000FFF7DCFB08B17F2059E747F2070BA9E741
:105F20007A2054E7B8F1000F01D00B204FE7022090
:105F300004A9F5F79DF90028BDD00028B8BF40425C
:105F400045E7039B0361019B23B132461946006874
:105F500001F0C3F894F8340020B1F9F78DF800226D
:105F600084F83420B9F1000F01D040F04000BDF9B1
:105F7000002040EAC210B9F1000F01D1009B73B1BB
:105F8000049A531C21D04FF47A7592FBF5F5ADB20B
:105F9000B5F5167F19D8B2F57A7FB8BF012547F25B
:105FA00007029345CAF8140034D1AAF82C503A8855
:105FB000012A0DD0022A18D05146584605AAF9F7F1
:105FC00067F8034648BB069805E74FF41675E6E701
:105FD0007A88AAF8182004228AF81A2000228AF85F
:105FE0001B207A68CAF81C20E6E77A880AF11C01AF
:105FF000AAF8182010228AF81A20002207F11400AB
:106000008AF81B203A1D52F804CB824241F804CB97
:10601000F9D1D1E7AAF81850CEE70C2803DC0A28FA
:1060200005DC1846D3E68C283FF4D1AEF9E7B8F189
:10603000000F3FF440AF78E72DE9F74F8946DDE9DF
:106040000C6790461D4603F4807AFFF7D5FA01905D
:1060500058B90920F5F7DCF94FF0FF3701A8FFF731
:10606000D9FA384603B0BDE8F08F35F4A17301D0FA
:106070005F20EFE716B11FB90E20EBE7002FFBD131
:10608000FFF715FB28B10198FFF730FB08B9802016
:10609000E0E7BAF1000F17D10198FFF731FB08B91B
:1060A0006B0611D50198FFF7DDFA68B90198FFF783
:1060B0003FFB48B90198FFF72CFB28B90198FFF77F
:1060C00023FB08B90B20C5E70198FFF7C2FB6A461E
:1060D000009000210198FFF75CFB18B10028B8BFC1
:1060E0004042B7E70198FFF7BDFA88B90198FFF77A
:1060F00010FB00286CD10198FFF706FB0028A8D1FF
:106100000198FFF715FB0028A6D0019B9869A1E72D
:106110000198FFF7CAFA044626B1C1683A463046EC
:10612000FFF754FA002705F002052046FFF70BFCA5
:1061300040451CD82046FFF706FC0646002E8DD0B1
:106140002046FFF7FCFB09EB070B01463246584699
:1061500000F0C3FF01983744FFF7AEFA48B1002DB5
:106160007FF47CAF21460198FFF78BFA76E746462D
:10617000E4E70198FFF7A5FA0028F0D155B9638943
:10618000204633446381FFF7DEFB18B921460198AE
:10619000FFF777FAB0453FF461AFA8EB0608BAF114
:1061A000000F07D0002D6A4614BF21460021019838
:1061B000FFF7EFFA45B12046FFF7BEFB0446002883
:1061C000B3D1002F92D049E70198FFF76EFAF5E7B7
:1061D000002743E708B5F7F7AFFF002008BD38B543
:1061E00004460068F7F77EFF054628B90120E388DA
:1061F00043F02003E38038BDFFF786FA0028F5D18D
:106200002846FFF795FAF8B1E38843F00803E380E6
:10621000A388DA0707D52846FFF7D4FAE8B1E38860
:1062200043F00103E380A3885B0707D52846FFF707
:10623000D4FA18B1E38843F00403E380B4F906000C
:10624000003818BF0120D6E72846FFF762FA002879
:10625000DED0E38843F01003D9E72846FFF7B7FA0A
:106260000028DCD12846FFF754FA0028D7D1DAE716
:1062700038B50D461446F7F735FF28B90920F5F76C
:10628000C7F84FF0FF3006E0032D03D0042D03D0F4
:106290001620F4E7406C38BD012CF9D84464002086
:1062A000F9E7431F002B03D8DFE803F001000320C8
:1062B00070477047FF2816D005DC062817D0112834
:1062C00013D048B17047B0F5817F10D040F2111360
:1062D000984208BF02207047012908D08B1E5942FE
:1062E0005941480070470020704702207047012044
:1062F0007047292813D009DC012812D0062812D0B3
:10630000002814BF4FF0FF3004207047B0F58D7F98
:106310000BD0B0F5007F18BF4FF0FF30704706205C
:10632000704708207047012070474FF48070704715
:106330001B2812D9A0F164030C2B04D940F03A4079
:1063400040F42D0070476B38052843D8DFE800F093
:106350001C34031C1C404720704701381A280FD8F2
:10636000DFE800F03A10121416181A1C1E1620222C
:106370001824262620282A2C12282E1230323400E7
:1063800000207047692070470B20704772207047CB
:106390008020704716207047702070477820704723
:1063A0007F207047712070476820704774207047C5
:1063B000732070478C2070477A2070470D207047FB
:1063C000762070470920704710207047462070479C
:1063D0005F2070476F2070470C207047C06870477F
:1063E0004269C3681A60704708B5034624301AB979
:1063F0005A624260002008BD082A28BF082200F027
:106400006CFEF7E708B503462C301AB9DA62426031
:10641000002008BD082A28BF082200F05EFEF7E72A
:1064200038B504460D4639B1082A0BD01620F4F7CA
:10643000EFFF4FF0FF3038BD002AF7D18263C2630F
:106440000020F8E7F7F7CCF895E8030004F13803EB
:1064500083E803002046FFF7E2F8F7F7C7F8EFE715
:1064600073B5044608680D461646F8F705FE002881
:1064700001DB042E06D01620F4F7CAFF4FF0FF30E0
:1064800002B070BD2B68204684F83430FFF766F9FF
:1064900000230028F4D0CDE900331A4619462068BD
:1064A000FFF784FCECE708B539B1042A0AD01620BE
:1064B000F4F7AEFF4FF0FF3008BD002AF7D10264B9
:1064C0000020F9E70B680364FAE708B509B1042A6C
:1064D00005D01620F4F79CFF4FF0FF3006E00B7854
:1064E0002BB1012BF5D180F84C30002008BD0223E0
:1064F000F9E710B5541E1B2C02D812F0030405D086
:106500001620F4F785FF4FF0FF3010BD930880F898
:106510004F30503000F0E1FD2046F6E708B509B1F4
:10652000042A05D01620F4F773FF4FF0FF3008BDA2
:106530000B78003B18BF012380F84D300020F6E7B0
:1065400008B509B1042A05D01620F4F761FF4FF011
:10655000FF3008BD0B6880F84E300020F9E770B5B9
:10656000054614460E4631B93AB11620F4F750FFED
:106570004FF0FF3070BD002AF7D0A86C18B1F4F7C7
:10658000AFFF0023AB646CB1601CF4F7A1FFA864FB
:1065900008B96920EAE72246314600F09EFD002254
:1065A000AB6C1A550020E5E710B513461268044697
:1065B000042A28BF042208461A6004F1180100F0DA
:1065C0008CFD0020A06110BD10B513461268044672
:1065D000082A28BF082208461A6004F1240100F0A6
:1065E0007CFD002010BD10B5134612680446082A31
:1065F00028BF082208461A6004F12C0100F06DFD46
:10660000002010BD13B50446134694F84C200846EC
:10661000012A18BF002201921A6801A9042A28BF82
:1066200004221A6000F059FD002002B010BD13B51D
:106630000446134694F84D20084601921A6801A9B1
:10664000042A28BF04221A6000F047FD002002B08F
:1066500010BD13B50446134694F84E200846019227
:106660001A6801A9042A28BF04221A6000F035FD27
:10667000002002B010BD10B504460846114694F83B
:106680004F309A000B689A4228BF1A460A6004F1FC
:10669000500100F022FD002010BDF8B5856C0E46BB
:1066A0001446176875B12846F1F76EFD0130B842FF
:1066B000024628BF3A4629463046226000F00DFDCA
:1066C0000020F8BD3A462946304600F02CFD2560F2
:1066D000F6E738B5014605460420FEF713FF0446E9
:1066E00090B142680021006800F01DFD0023237274
:1066F0006372A372E3724323237354236373762379
:10670000A37349236560E373204638BD70B5044622
:106710000E4600F025F80546206808B1FEF717FF81
:1067200048F202039E4218D048F209039E4214D058
:1067300048F201039E420BD16B684BB104F1140285
:1067400004F1380152F8040B8A4243F8040BF9D1E2
:106750002046BDE8704000F005B863696B60F7E75C
:10676000C06870470269C3681A60704700207047AC
:1067700008B1F3F743BD704710B5436904463BB910
:106780000020E2684042537843F00103537010BD8B
:1067900098470028F4D00028B8BF4042FF28A8BF7F
:1067A000FF20E3681870ECE740B1C368587810F038
:1067B00001001EBF1878B0FA80F040097047EFF36F
:1067C0001183202383F31288BFF36F8FFEE708B590
:1067D000FFF7F5FF2DE9F04F89B0DDE9126805926A
:1067E00043460546324606A80F4600F0EBFADDE9BF
:1067F0000634CDE90234EFF311844FF0200989F318
:106800001288BFF36F8F05F10C0A05F1140B39469E
:106810002846059A149B984730B184F31188BFF33A
:106820006F8F09B0BDE8F08F56EA0806F5D0DDE9B4
:10683000022306A800F0EBFADDE90668524621467D
:106840005846CDE90068FAF79DF8EFF3118489F313
:106850001288BFF36F8FDAE710B400F10C04C0E9BF
:1068600003445DF8044BFCF78FB938B50446EFF3E9
:106870001185202383F31288BFF36F8FFCF7FEF896
:1068800004F10C0000F0E2F930B1294604F11400E3
:10689000BDE8384000F0C0B985F31188BFF36F8FB1
:1068A00038BD10B542696AB1836842EA03018907BD
:1068B00008D10169A2FB011424B95B182CBF012186
:1068C000002102D36FF0150005E0C1609B1A026938
:1068D0008A4201D8002010BDC26801311A604269A5
:1068E000C3609B1AF3E7202408B5EFF3118384F308
:1068F0001288BFF36F8FFDF7A4FAF6E7D0E90032F4
:1069000013605A600023027CC0E9003322F00202C7
:1069100002748360704713B501240094F9F776FB85
:1069200002B010BD90F90E308B4201D0FAF74CB88E
:106930000020704703460020C3E90033C3E902008A
:106940007047D0E9003213605A600023027CC0E92E
:10695000003322F002020274836070472DE9F8438D
:10696000914604460D469DF82020EFF31186202124
:1069700081F31288BFF36F8F02B14568D4F80880A5
:1069800004F10807474518D0B8F1000F15D040466C
:10699000FFF7D7FF08F1180000F0D9F900234046AF
:1069A000C8F87C30C8F8149000F0EAF83846314650
:1069B00000F032F90020BDE8F883A3B10820FAF70F
:1069C00085FC002838D00122C0F8049002600168DC
:1069D00001F003015DB922680A4302606268206029
:1069E0006AB960600BE04846C9F80030EFE72A68F2
:1069F000032A16D80160616869B9C4E9000004215E
:106A000004F1100000F020FB0028CFD186F311889C
:106A1000BFF36F8FCFE70A6802F0030202430A60F8
:106A2000DFE722F003020A4302602A6802F0030251
:106A300040EA02032B60E2E76FF00B00E6E710B5D7
:106A4000044630B10268930703D0446809B100F0EE
:106A50003CFB204610BD012307B5009300230A46E6
:106A60001946FFF77BFF03B05DF804FB5AB18A4279
:106A700009D300F11003C0E90212C0E90000C0E927
:106A80000433002070476FF015007047012302683F
:106A90008B4022EA0303036022FA01F000F00100B8
:106AA000704720B10022D430114600F017B970476A
:106AB00013B501900846EFF31184202383F3128865
:106AC000BFF36F8F01A9F9F771FD84F31188BFF34C
:106AD0006F8F02B010BD10B5FFF7EAFF041E08DD8E
:106AE000EFF31180202383F31288BFF36F8FF9F740
:106AF000D7FF204610BDC0E9000000207047EFF32B
:106B00000580003818BF012070476FF057007047AC
:106B1000D0E9003213605A600023C0E900337047A7
:106B200008B5FFF7F5FF037C23F00203037400238D
:106B3000836008BD38B504460D46F9F7A1FE237CF5
:106B400043F002032374D5B1A5602B689D4209D19F
:106B50006B68C4E900531C606C6010E06A689A427C
:106B6000F6D01B68002BF3D093F90E1094F90E2089
:106B70009142F3DD5A68C4E9003214605C6038BDAC
:106B800010B5EFF31184202383F31288BFF36F8FC6
:106B9000F9F736FE84F31188BFF36F8F10BD08B587
:106BA000EFF31181202282F31288BFF36F8F836885
:106BB0000BB1FFF7B5FF81F31188BFF36F8F08BDED
:106BC00008B5037C014613F0280F0CD183680BB184
:106BD000FFF7A6FF0B7C084623F004030B74BDE807
:106BE0000840F9F70DBE08BD10B5EFF3118420235E
:106BF00083F31288BFF36F8F1838FFF7E1FF84F338
:106C00001188BFF36F8F10BD10B5FFF7C8FFBDE847
:106C10001040183000F09BB80846F9F769BE38B547
:106C2000054604680020AC4200D138BD002CFCD0E1
:106C30002046FFF775FF04F1180000F088F82046A1
:106C4000F9F7DEFD2C680120A542EDE710B5EFF362
:106C50001184202383F31288BFF36F8FFFF7DFFFC8
:106C600084F31188BFF36F8F10BD38B50C4605460D
:106C7000F9F7B2FFB4F1FF3F08BFB5F1FF3F1FBF07
:106C800047F6FF7300224FF47A71E0FB013216BF22
:106C9000D80B4FF0FF3040EA424038BD38B50446CB
:106CA000EFF31185202383F31288BFF36F8F037CEA
:106CB0005B070ED5183000F04AF8237C204623F0FD
:106CC00004032374F9F79CFD2846BDE83840F9F722
:106CD0000FBE85F31188BFF36F8F38BD38B5EFF362
:106CE0001185202383F31288BFF36F8F0468A042BD
:106CF00012D09CB1E16762612046FFF711FF04F1F9
:106D0000180000F024F82046F9F77AFD012085F3F9
:106D10001188BFF36F8F38BD0020F8E72046F6E7F3
:106D200008B50246FAF7CAF870B1D0E904319B1AE7
:106D300061EBE272B3F1004F72F1000104DA002A54
:106D4000ACBF1846002008BD6FF00040FBE70246CC
:106D500038B5EFF31185202383F31288BFF36F8FCB
:106D60000368D3B1FAF7AAF804461046FAF7B8F860
:106D700000224FF000438442C0E9042305D00020E4
:106D800085F31188BFF36F8F38BDFAF79FF8FFF7CF
:106D9000C7FF0021F4F7D0F9F1E7D0E90413B3F10C
:106DA000004F08BF012902BF00204FF00041C2E997
:106DB00004016FF01500E3E708B5FAF795F908BD8F
:106DC000FAF792B9B3F1FF3F08BFB2F1FF3F70B5D8
:106DD00006461D46144614D01A4316D0002B08DB75
:106DE000FAF782F9041941EB0501C6E90041304682
:106DF00070BD6FF001031C1B4FF0FF3363EB050107
:106E0000F3E74FF0FF342146EFE70024FBE7B3F14F
:106E1000FF3F08BFB2F1FF3FF8B5074616461C46D4
:106E200010D054EA020311D0FAF75EF9B0420A46D4
:106E3000A14103460AD2F31A64EB0204C7E9003405
:106E40003846F8BD4FF0FF331C46F7E70023FBE759
:106E500030B5D0E90034984208D03CB1A568DDB126
:106E600012F9522C15F9525CAA4207DDC1E900045F
:106E7000216041600FE0A342F8D01B68002BF5D0E1
:106E80009D684DB115F9525C9542F4DD5A68C1E92F
:106E900000321160596030BD00239B7BFFDE2DE97D
:106EA000F84F00250F461446984601462E464FF0EF
:106EB000200AA946BD4202DB3046BDE8F88FEFF359
:106EC000118B8AF31288BFF36F8F4B7B03F03F0364
:106ED000082B09D853B1013B072B07D8DFE803F093
:106EE000281C06220606062E102B2DD0B8F1000F06
:106EF0003BD12378002B38D04B7B03F03F03082B8A
:106F00003AD8002B3AD0013B072B37D8DFE803F003
:106F10003F393639363636420B699B68002BE5D04F
:106F2000022317E00B691B68002BDFD0042311E05C
:106F30000B699B68002BD9D001230BE00B691B6AFE
:106F4000002BD3D0102305E00B69DA895B899A42C4
:106F5000CCD02023CA68C1F80890C2F3863003431E
:106F600063F39432CA6084F800908BF31188BFF306
:106F70006F8F013514319DE7102B0FD08C600136D7
:106F8000F3E7224608691030FFF762FFF6E7224672
:106F90000869F9E7086922462430F5E708692246BE
:106FA0002C30F1E72DE9F041846805460E46D4B156
:106FB0006378012B22D114F8503C9A0711D5A4F123
:106FC00060073846FFF720FE082E14BF00236FF03D
:106FD0000303E36114F8503CDB0602D13846FFF7A7
:106FE000CFFD002323700023AB60EB68C3F3863230
:106FF000164366F39433EB60BDE8F081022BF0D1C9
:107000002378002BEDD054F8048CB8F1000FE8D0B1
:1070100004F11400FFF79BFE0023A4F11407394686
:107020004046E362FFF744FDDBE710B5002452055C
:10703000090201F47C5102F400120A43017B8460CE
:107040000A43C0E9032310BD38B5EFF311852023AF
:1070500083F31288BFF36F8F0468A04211D0D4E984
:10706000003213605A6000232046C4E90033FFF762
:1070700099FF85F31188BFF36F8F201E18BF012081
:1070800038BD0024F5E70023C0E9000083607047A5
:1070900083680B60C36813607047043270B50446A0
:1070A0000ED2EFF31185202686F31288BFF36F8F7F
:1070B00041F00401984785F31188BFF36F8F08B939
:1070C000002070BD40F8044BFBE720B1011F50F8D1
:1070D000040CFFF7CABB704770470A44431E914235
:1070E00000D1704710B511F8014B914203F8014FE0
:1070F000F9D110BD884210B501EB020402D98442D7
:10710000234607D8431EA14207D011F8012B03F8EC
:10711000012FF8E70244824200D110BD13F8011D8F
:1071200002F8011DF7E702440346934200D170477D
:1071300003F8011BF9E70139024410B5904201D16F
:10714000002005E0037811F8014FA34201D0181B7D
:1071500010BD0130F2E7C9B20346184613F8012BFF
:1071600012B18A42F9D17047002918BF0020704738
:1071700030B50A440546914201D1002011E015F8CE
:10718000013B11F8014BA3F141001928A4F1410082
:1071900098BF2033192898BF2034181B01D1002C28
:1071A000E9D130BD10B56AB10139841810F8012B4E
:1071B00011F8013F9A4203D1A04201D0002AF5D133
:1071C000D01A10BD1046FCE70139034610B532B1A4
:1071D00011F8014F013A03F8014B002CF7D11A4482
:1071E0000021934200D110BD03F8011BF9E70A7892
:1071F00070B56AB970BD9A4209D10C46054614F8BB
:10720000013F002BF6D015F8016F9E42F7D00130F8
:107210000378002BEFD11846ECE72DE9F843C3F1D2
:1072200037090746884603F01F055FFA89F91646B5
:10723000384641462A460023F0F784FF4346D4B23D
:107240003A4688460746092C84BF4C44E4B2AA4219
:107250004FF0000204F13004934106F8014BE7D2ED
:107260003046BDE8F8832DE9F04F051889B0904607
:1072700041EB0104029304AB284621460093D2E976
:10728000002300F0A7F806AB0746894628462146AA
:1072900000930025D8E9022300F09CF8DDE90423DF
:1072A000841851EB0306069B28BF0125D8E900127C
:1072B000ED18079B43F10003791849EB0202B9422C
:1072C00072EB0902D8E9022134BF01200020A21884
:1072D00046EB01018018029A41F10001A042A2F19F
:1072E000410A71EB0602CDF800A034BF0122002252
:1072F0005219CDE9065343F1000300F082F8129BC6
:10730000C3E90001D8E90221DDE90653039114998C
:107310000129D8E900E027D1A21A0399CDF800A0ED
:1073200066EB0101774579EB000034BF01200020B6
:10733000101A61F10001844276EB010234BF012290
:107340000022AA1A63F1000300F05BF8139BC3E963
:107350000001DDE9062320463146CDF800A000F00B
:1073600050F809B0BDE8F08F17EB070B49EB090C9B
:1073700014EB040846EB0601BB457CEB090934BF5E
:107380000127002718EB070741F10008F3457CEBC4
:10739000000C34BF01200020381A68F10001801A67
:1073A000039A61EB02016D195B41A74278EB06027B
:1073B00034BF01220022AD1843F10003874278EB6D
:1073C000010834BF01220022AA1A029DA5F140053E
:1073D0000095B7E7F0B500240D4606469446A0FB9D
:1073E00002012246059FE5FB0C12A446E5FB03249F
:1073F000E3FB061C12EB0C0244F10004C7E9002475
:10740000F0BDF0B5059CC4F14007C4F12006A4F11D
:107410002005E04002FA06F6BB4022FA05F5BA4024
:107420003343C4F120062B4301FA06F6A4F12005EC
:10743000304321FA05F5E140284319431043F0BDDC
:107440002DE9F0410446CE0FC1F30A55C1F31301F3
:1074500040F2FF70167154EA01076BD1002D71D113
:107460002C462946002B156060DB0C2B60DCC3F139
:107470000D050120AD0005F1FF3CA5F12107C5F187
:10748000210600FA07F720FA06F600FA0CF0374357
:10749000061847EB0708D6F1000E68EB480C013ED2
:1074A00048F1FF38264008EA0108B04277EB0808A7
:1074B00010DBC5F12008B5F1200624FA05F501FA24
:1074C00008F858BF41FA06F645EA080558BF3543A3
:1074D000ED0703D52018044641EB070104EA0E042A
:1074E00001EA0C019DF8186018460D250532C6F119
:1074F000270604F00F03240944EA0174091163B953
:10750000A8420DDA013DF4D21AE01DB90125A5F219
:10751000FF35A7E741F48011F9E7092BC8BF9B1994
:107520003033A8425355B8BF2846EBE70023D9E7CC
:107530000D23D7E78542E8D146F0080600201671F2
:10754000BDE8F0818542E5D146F00406F6E7D1E9D1
:10755000043293421EBF5A1C0A6118707047000023
:10756000380CFF7F0100000021A200000000000095
:10757000EDA10000000000006DCA00000000000046
:10758000000000002C760100A5FF000000000000B4
:10759000E5FF000000000000000000004876010048
:1075A0000000000064760100000000008076010009
:1075B00039A8000000000000E1AF0000000000005A
:1075C00051B2000000000000000000001076010031
:1075D0005D9E000000000000594F01000000000007
:1075E000DD12010000000000ED4E0100000000006F
:1075F000753F010000000000B59000000000000091
:1076000059BE000000000000754E0100000000009F
:107610007C8501000000000068C6002010C7002023
:1076200078D3002021B7000000000000538501003E
:107630009C7C01000479010008C700209CD1002037
:1076400095A500000000000066850100AC7C0100EB
:10765000E07801000CC70020F0D1002035AA00001E
:10766000000000005E85010000000000D8780100E5
:107670000AC7002000000000734201000000000063
:1076800072850100C07C0100207901000EC7002036
:1076900038C600206B45010000000000000000001B
:1076A000213E010000000000213E0100000000001A
:1076B000213E010000000000213E0100000000000A
:1076C000213E01002F500100614F01000000000029
:1076D000213E010000000000213E010080760100F3
:1076E000C144010000000000213E01000000000034
:1076F000213E010000000000213E010000000000CA
:10770000213E010000000000213E010000000000B9
:10771000213E010000000000213E010000000000A9
:10772000213E010000000000213E01000000000099
:10773000213E010000000000213E01000000000089
:10774000213E01000000000071B0000000000000B8
:10775000213E010000000000213E01000000000069
:10776000213E010000000000213E01000000000059
:10777000213E010000000000213E01000000000049
:10778000213E010000000000213E01000000000039
:10779000213E010000000000213E01000000000029
:1077A000213E010000000000213E01000000000019
:1077B000213E010000000000213E01000000000009
:1077C000213E010000000000213E010000000000F9
:1077D000213E010000000000213E010000000000E9
:1077E000213E010000000000213E0100A5D3000061
:1077F000614F010000000000213E01000000000078
:10780000213E010000000000213E010000000000B8
:10781000213E010000000000213E010000000000A8
:10782000213E0100C8C500201F43010000000000E8
:10783000213E010000000000213E01000000000088
:10784000213E010000000000213E01000000000078
:10785000213E010000000000213E01000000000068
:10786000213E010000000000213E01000000000058
:10787000213E010000000000213E01000000000048
:10788000213E010000000000213E01000000000038
:10789000213E010000000000213E01000000000028
:0478A000213E010084
:1078A80030CA002050EB0020001800003589000085
:1078B80000000000000000000000000000000000C0
:1078C80000000000398001000000000000000000F6
:1078D8005F42010000000000C1A8000083420100CF
:1078E8008F420100A3420100AD420100B7420100EE
:1078F80071AA0000CB42010000000000EDA50000C5
:10790800C94101002F420100000000006741010049
:10791800000000000000000055430100D9AC000041
:1079280047430100454601007B430100A343010092
:10793800D9430100ED4301001B4401002F4401001D
:10794800ED4301000B440100434401005144010090
:107958005F440100914401009544010000000000CB
:0C7968000100000045B90000BDBD00009A
:10798000FFFFFFFFFFFFFFFFBDDF0000D5EC0000A2
:1079900025FA00004D5401005554010029FC000057
:1079A00049540100D561010069FA000051540100F9
:1079B000595401006D670100000000000000000044
:1079C0000338FDD8704700000100000000000000EF
:1079D0000500000000000000190000000000000089
:1079E0007D000000000000007102000000000000A7
:1079F000350C000000000000093D00000000000000
:107A00002D31010000000000E1F50500000000003C
:107A100065CD1D0000000000F90295000000000087
:107A2000DD0EE90200000000514A8D0E000000004A
:107A30009573C24800000000E941CC6B01000000D2
:107A40008D49FD1A07000000C16FF2862300000077
:107A5000C52EBCA2B1000000D9E9AC2D780300000E
:107A60003D9160E45811000031D6E275BC5600002B
:107A7000F52E6E4DAEB10100C9EA26836778080085
:107A8000ED95C28F055A2A00A1EDCCCE1BC2D300C2
:107A900025A4000A8BCA2204000000000000000098
:107AA00000000000000000100000000000000000C6
:107AB000B9340332B7F4AD1410DB1AB30892540E84
:107AC0000D307D951447BA1A66088F4D26ADC66DE8
:107AD000F598BF85E2B74511CA96853D92BD1DEB6D
:107AE000FCA11860DCEF52163C92AE220BB8C1B478
:107AF000839D2D5B0562DA1C304C7E8F4E8BB25B12
:107B000016F4529F8B56A512FBD4827643ED8AF071
:107B10008FE7F9311565191850F19BD94A13EEB466
:107B2000284CF0A686C1251F035FC270CB9E491664
:107B3000E642889C44EB2014B0650836AD6EA585FE
:107B400085F0CA14E2FD031A0B899979D5B13D0974
:107B5000D8DA973A35EBCF10AC363F5E73BB38CFEF
:107B60003E6752FA44AFBA15010000000000000061
:107B70000000000000000020345065C05FC9A6521C
:107B8000BB13CBAEC440C21806C8DF7100D5A87CB9
:107B9000F56F0FDA58FC27136E4756357D242065A4
:107BA00002C7E768E48CA41DE9E60268D7CD396115
:107BB0007977FCC2405BEF16798CDE43FFA751F961
:107BC00091F3B278F5BDBE11E857E9D6E8BEE87B7F
:107BD000B054AC8F848D751BEA23A499E9F9D38B3B
:107BE000B7A3714061DA3E15CEE33ECB73F9480886
:107BF0008C97B427D51B7010A2BFEFB9EB85321557
:107C00004DB44DB49BBB6F1996B6076CF8E7EEAD5B
:107C100036D9B4F59135AE13222218AF4E6A684DAD
:107C200091DAAA3D4F40741E9FBD9EE006A1C09808
:107C300057C2A7FDA40E90170E7D497173E3208FE4
:107C4000B220D87605143B12853D7434811343B0BD
:107C5000AD297A5F27F4351C80C5002000000000A4
:107C600006000100020000006C7C01000000000022
:107C70003785010006000000E0FF0F0068C5002006
:107C80003F85010021000000E0FF0320B8C500206F
:107C900051A5000021A5000000000000A5A60000DD
:107CA00025A600005B42010057420100FFFFFFFFD5
:107CB00000258440C8C5002000000000000000002E
:107CC000008000400100000000000000E07C010096
:107CD0000000D60100000000F5E50020F4E50020DA
:107CE00000800040EC7C010001000000F47C0100F9
:107CF000040000001B0000000E0000021A06000134
:107D00000F06000300800020E8040000E884002043
:107D10000020000068A500200020000000000000F6
:107D20000000000000000000B74A0100A9B10000F7
:107D3000B1480100974801008D4A0100CF49010078
:107D40009F4A010099BC000000000000F5B8000047
:107D5000514801004B4801009DBB00007DB9000067
:107D6000E14901003DB8000049B7000011BA000028
:107D700000000000000000000000000089850100F4
:107D80008E85010096850100A2850100000000009B
:107D90005C86010062860100408601006886010061
:107DA0006E860100748601007A86010002000000E0
:107DB0003C000000680100003C0000003C000000A6
:107DC0003C0000003C000000000000000200000039
:107DD0003C000000680100003C0000003C00000086
:107DE0003C0000003C0000000000000058020000C1
:107DF000100E0000A08C0000020000001E00000019
:107E00003C00000000941100000000000800000089
:107E100001000000080000000100000035DF000044
:107E2000F1E40000000000000D670100F9F8000017
:107E3000A5FA0000000000000000000000000000A3
:107E400000000000C9FA0000898501008E8501004C
:107E500096850100A28501000000000200000001DB
:107E600000000004000000080000001004100000E2
:107E70000170000004700000FFFFFFFFFFFFFFFF25
:107E8000FFFFFFFFFFFFFFFFFFFFFFFFFFFFFFFF02
:107E9000FFFFFFFFFFFFFFFF037000000270000005
:107EA00005700000067000000870000009700000F6
:107EB0000A70000007700000FFFFFFFFFFFFFFFFD9
:107EC000FFFFFFFFFFFFFFFFFFFFFFFFFFFFFFFFC2
:107ED000FFFFFFFFFFFFFFFFFFFFFFFF018000002D
:107EE000104000001060000011300000123000004F
:107EF000FFFFFFFFFFFFFFFFFFFFFFFFFFFFFFFF92
:107F0000FFFFFFFF10300000FFFFFFFFFFFFFFFF3D
:107F1000FFFFFFFFFFFFFFFFFFFFFFFFFFFFFFFF71
:107F2000FFFFFFFFFFFFFFFFFFFFFFFFFFFFFFFF61
:107F3000FFFFFFFFFFFFFFFFFFFFFFFFFFFFFFFF51
:107F400006500000FFFFFFFFFFFFFFFFFFFFFFFFE7
:107F5000FFFFFFFFFFFFFFFFFFFFFFFF20600000AD
:107F60006875010070750100B8750100C0750100E9
:107F7000F8750100107601000D8701000001000076
:107F800000000000000000000000000000000000F1
:107F9000000000000000004095596959555554559E
:107FA0001555555604051541105455404551554435
:107FB00040455044505555450040004040044496CB
:107FC00065555655454045545141154055915555B7
:107FD000555540510501000054455454455505047C
:107FE00000100410140440000000014055551541D4
:107FF000540400004400010000000040410000441F
:10800000504445505400555554556551004000406A
:10801000010000010005010011545151545555054E
:10802000001541500000044010010405000000004C
:10803000EAFF7AFFF4FF257300636F61705F636C82
:1080400069656E745F726563765F7468726561649A
:10805000002A2A2A20426F6F74696E67206E52468A
:1080600020436F6E6E6563742053444B2076332E2D
:10807000342E302D39393535333035353630376299
:10808000202A2A2A0A002A2A2A205573696E672084
:108090005A6570687972204F532076342E342E3012
:1080A0002D626638303165346533643139202A2ACF
:1080B0002A0A0072302F61313A202030782530387A
:1080C00078202072312F61323A20203078253038E4
:1080D00078202072322F61333A20203078253038D2
:1080E000780A0072332F61343A20203078253038F6
:1080F00078207231322F69703A202030782530385C
:1081000078207231342F6C723A2020307825303844
:10811000780A0020787073723A2020307825303841
:10812000780A00735B2532645D3A20203078253070
:1081300038782020735B2532645D3A202030782522
:108140003038782020735B2532645D3A2020307807
:10815000253038782020735B2532645D3A2020304A
:1081600078253038780A0066707363723A202030C0
:1081700078253038780A004661756C74696E67201E
:10818000696E737472756374696F6E206164647272
:1081900065737320287231352F7063293A20307847
:1081A000253038780A00556E68616E646C6564200D
:1081B0004952516E3A2025640A002A2A2A2A2A2086
:1081C0005553414745204641554C54202A2A2A2AD6
:1081D0002A0A0020204469766973696F6E206279EB
:1081E000207A65726F0A002020556E616C69676E97
:1081F0006564206D656D6F7279206163636573736B
:108200000A002020537461636B206F766572666C80
:108210006F772028636F6E74657874206172656172
:10822000206E6F742076616C6964290A0020204EEC
:108230006F20636F70726F636573736F7220696E06
:10824000737472756374696F6E730A002020496CD1
:108250006C6567616C206C6F6164206F66204558A7
:10826000435F52455455524E20696E746F205043FF
:108270000A002020496C6C6567616C20757365206D
:108280006F662074686520455053520A00202041D3
:108290007474656D707420746F206578656375748F
:1082A0006520756E646566696E656420696E7374B9
:1082B00072756374696F6E0A002A2A2A2A2A20427C
:1082C0005553204641554C54202A2A2A2A2A0A006E
:1082D0002020537461636B696E67206572726F72E0
:1082E0000A002020556E737461636B696E672065A8
:1082F00072726F720A002020507265636973652084
:108300006461746120627573206572726F720A0015
:1083100020204246415220416464726573733A20C2
:10832000307825780A002020496D70726563697382
:1083300065206461746120627573206572726F726A
:108340000A002020496E737472756374696F6E2021
:10835000627573206572726F720A002020466C6F1E
:108360006174696E672D706F696E74206C617A79C3
:1083700020737461746520707265736572766174C0
:10838000696F6E206572726F720A002A2A2A2A2A81
:10839000204D5055204641554C54202A2A2A2A2A3D
:1083A0000A002020537461636B696E6720657272E6
:1083B0006F722028636F6E746578742061726561D6
:1083C000206D69676874206265206E6F7420766125
:1083D0006C6964290A002020446174612041636350
:1083E0006573732056696F6C6174696F6E0A002043
:1083F000204D4D46415220416464726573733A20AA
:10840000307825780A002020496E73747275637481
:10841000696F6E204163636573732056696F6C6189
:1084200074696F6E0A0052657365727665642045E3
:108430007863657074696F6E202800537075726977
:108440006F757320696E7465727275707420284937
:1084500052512000457863657074696F6E206F63B8
:1084600063757272656420696E2053656375726509
:108470002053746174650A002A2A2A2A2A20484156
:108480005244204641554C54202A2A2A2A2A0A00BE
:108490002020427573206661756C74206F6E2076A3
:1084A0006563746F72207461626C652072656164CB
:1084B0000A0020204465627567206576656E740A3F
:1084C0000020204661756C7420657363616C617473
:1084D000696F6E20287365652062656C6F77290A65
:1084E00000415243485F45584345505420776974D2
:1084F0006820726561736F6E2025780A0A002A2A47
:108500002A2A2A204465627567206D6F6E69746F30
:108510007220657863657074696F6E202A2A2A2A32
:108520002A0A002A2A2A2A2A20257320256429209B
:108530002A2A2A2A2A0A00464C4153485F3000530F
:1085400052414D5F3000776C616E2564006E65743A
:10855000256400636C6F636B40353030300070739E
:10856000612D726E67006770696F40383432353044
:108570003000756172744038303030006E72663988
:10858000785F736F636B6574004F4B0D0A00455243
:10859000524F520D0A002B434D45204552524F5227
:1085A0003A002B434D53204552524F523A0030303F
:1085B0003030303031310030303130313030300017
:1085C00041542525464541434F4E463D302C332CE2
:1085D00025640041542B43474D52006E7266393179
:1085E00036305F006E7266393178315F006E7266C8
:1085F000393135312D6E746E5F006C74655F6C635C
:108600005F776F726B5F710041542B434552454752
:108610003D35002B43455245470041542B434655B9
:108620004E3D2564002B4353434F4E0041542525B6
:108630005853595354454D4D4F44453D302C302CE3
:10864000302C302C31004154252558535953544572
:108650004D4D4F44453D25732C256300312C302C66
:108660003000302C312C3000312C302C3100302CAB
:10867000312C3100312C312C3000312C312C310097
:1086800041542B4350534D533D312C2C2C222573F8
:10869000222C222573220041542B4350534D533D2D
:1086A000312C2C2C222573220041542B4350534D46
:1086B000533D312C2C2C2C222573220041542B436A
:1086C00050534D533D310041542525464541434FBC
:1086D0004E463D25642C25642C25750041542525E6
:1086E000584D4F4E49544F5200312E312E312E31BC
:1086F0000041542558434F4558300041542B4346C0
:10870000554E3D0070646E006D61696E0073797343
:10871000776F726B7100696E66006E616E00286E15
:10872000756C6C2900000102030405060741542BF7
:108730004353434F4E3D3100303132333441542B9B
:108740004350534D533D0030313233343536373892
:1087500039414243444546003031323334353637AF
:1087600038396162636465660030313233343536DE
:108770003738390000010205934E01000000000067
:1087800075B500000000000031CA000000000000C4
:088790008DC200000000000092
:1087B00000000000000000000000000000020000B7
:1087C00014C80020000000000000000000000000AD
:1087D00000080000B4C700200B2C0100D0070000E7
:1087E0009600C8000400000000000000BF3E010029
:1087F0000000000000000000001003400000000026
:108800000000000000000000000000000000000068
:108810000000000000000000000000000000000058
:108820000000000000000000000000000000000048
:108830000000000000000000000000000000000038
:108840000000000000000000000000000000000028
:108850000000000000000000000000000000000018
:10886000000000000001000048C6002000000000D9
:1088700000000000000000000000000000000000F8
:10888000F6E500202000000000000000AD470100D8
:10889000000000007F47010061BC0000A947010003
:1088A000000000000000000069BE000000000000A1
:1088B0000000000000000000A1C90000000000004E
:1088C000000000000090D003FF000000FF00000047
:1088D000F9D70000F9D500001DD8000005D600002A
:1088E00009DB000089D80000D1DA0000A95401009A
:1088F000A35401009D54010090020000CCC600204A
:10890000CCC60020D4C60020D4C6002004303031AC
:1089100030313030300030303030303031310000E4
:1089200013860100D5C30000000000002586010069
:10893000AD4E01000000000000000000000000003B
:108940000000000000000000902101204408000009
:1089500000000000000000000000000050030120A3
:108960000001000000000000000000003CC70020E3
:108970003CC7002000000000000000000E000000C6
:1089800050C7002050C70020000000000000000079
:108990000E00000064C7002064C700200000000033
:1089A000000000000E00000078C7002078C70020FB
:1089B00000000000000000000E0000008CC7002036
:1089C0008CC7002000000000000000000E00000026
:1089D000A0C70020A0C70020000000000000000089
:1089E0000E000000B4C70020B4C70020040000003F
:1089F0000F000000D82F012014300120D82F0120B3
:108A0000D82F012000000000D8C70020D8C70020C0
:108A100000000000E4C70020E4C7002000000000C0
:108A200001000000F4C70020F4C70020FCC70020AC
:108A3000FCC7002000000000010000000CC800205E
:108A40000CC8002014C8002014C80020000000003A
:108A50000100000024C8002024C8002000000000FD
:108A60000000000034C8002034C800203CC80020AA
:108A70003CC8002088C80020000000000000000062
:108A800000000000000000000000000000000000E6
:108A900000000000000000000000000000000000D6
:108AA00000000000000000000000000000000000C6
:108AB000000000000000000010760100B8C800208F
:108AC00000000000000200000000000000000000A4
:108AD0000005000000000000000000000000000091
:108AE0000000000000000000000000000000000086
:108AF000593F0100000000000000000015E015E0F3
:00000001FF
